timestamp,service,cpu_millicores,memory_working_set_bytes,replica_count
2026-09-05T14:03:05Z,frontend,0,43716608,1
2026-09-05T14:03:05Z,cartservice,3,79106048,1
2026-09-05T14:03:05Z,checkoutservice,3,19984384,1
2026-09-05T14:03:05Z,productcatalogservice,3,32165888,1
2026-09-05T14:03:05Z,paymentservice,3,41336832,1
2026-09-05T14:03:05Z,recommendationservice,7,105410560,1
2026-09-05T14:03:05Z,shippingservice,4,32567296,1
2026-09-05T14:03:05Z,currencyservice,3,88727552,1
2026-09-05T14:03:05Z,emailservice,7,92336128,1
2026-09-05T14:03:05Z,adservice,27,276340736,1
2026-09-05T14:03:05Z,redis-cart,4,34689024,1
2026-09-05T14:03:10Z,frontend,0,43716608,1
2026-09-05T14:03:10Z,cartservice,4,79106048,1
2026-09-05T14:03:10Z,checkoutservice,3,19984384,1
2026-09-05T14:03:10Z,productcatalogservice,3,32165888,1
2026-09-05T14:03:10Z,paymentservice,3,41336832,1
2026-09-05T14:03:10Z,recommendationservice,7,105410560,1
2026-09-05T14:03:10Z,shippingservice,4,32579584,1
2026-09-05T14:03:10Z,currencyservice,3,88727552,1
2026-09-05T14:03:10Z,emailservice,7,92340224,1
2026-09-05T14:03:10Z,adservice,28,276340736,1
2026-09-05T14:03:10Z,redis-cart,4,34689024,1
2026-09-05T14:03:15Z,frontend,0,43716608,1
2026-09-05T14:03:15Z,cartservice,4,79106048,1
2026-09-05T14:03:15Z,checkoutservice,3,19984384,1
2026-09-05T14:03:15Z,productcatalogservice,3,32165888,1
2026-09-05T14:03:15Z,paymentservice,3,41373696,1
2026-09-05T14:03:15Z,recommendationservice,7,105410560,1
2026-09-05T14:03:15Z,shippingservice,5,32595968,1
2026-09-05T14:03:15Z,currencyservice,3,88727552,1
2026-09-05T14:03:15Z,emailservice,7,92340224,1
2026-09-05T14:03:15Z,adservice,25,276340736,1
2026-09-05T14:03:15Z,redis-cart,4,34689024,1
2026-09-05T14:03:21Z,frontend,0,43716608,1
2026-09-05T14:03:21Z,cartservice,4,79106048,1
2026-09-05T14:03:21Z,checkoutservice,3,20025344,1
2026-09-05T14:03:21Z,productcatalogservice,3,32165888,1
2026-09-05T14:03:21Z,paymentservice,3,41373696,1
2026-09-05T14:03:21Z,recommendationservice,7,105410560,1
2026-09-05T14:03:21Z,shippingservice,5,32595968,1
2026-09-05T14:03:21Z,currencyservice,3,88727552,1
2026-09-05T14:03:21Z,emailservice,7,92340224,1
2026-09-05T14:03:21Z,adservice,25,276340736,1
2026-09-05T14:03:21Z,redis-cart,4,34689024,1
2026-09-05T14:03:26Z,frontend,0,43716608,1
2026-09-05T14:03:26Z,cartservice,4,79081472,1
2026-09-05T14:03:26Z,checkoutservice,3,20025344,1
2026-09-05T14:03:26Z,productcatalogservice,3,32165888,1
2026-09-05T14:03:26Z,paymentservice,3,41402368,1
2026-09-05T14:03:26Z,recommendationservice,7,105410560,1
2026-09-05T14:03:26Z,shippingservice,4,32792576,1
2026-09-05T14:03:26Z,currencyservice,3,88748032,1
2026-09-05T14:03:26Z,emailservice,8,92340224,1
2026-09-05T14:03:26Z,adservice,29,276340736,1
2026-09-05T14:03:26Z,redis-cart,4,34689024,1
2026-09-05T14:03:31Z,frontend,0,43716608,1
2026-09-05T14:03:31Z,cartservice,4,79081472,1
2026-09-05T14:03:31Z,checkoutservice,3,20049920,1
2026-09-05T14:03:31Z,productcatalogservice,3,32165888,1
2026-09-05T14:03:31Z,paymentservice,3,41402368,1
2026-09-05T14:03:31Z,recommendationservice,7,105410560,1
2026-09-05T14:03:31Z,shippingservice,4,32681984,1
2026-09-05T14:03:31Z,currencyservice,3,88748032,1
2026-09-05T14:03:31Z,emailservice,8,92340224,1
2026-09-05T14:03:31Z,adservice,29,276340736,1
2026-09-05T14:03:31Z,redis-cart,4,34689024,1
2026-09-05T14:03:36Z,frontend,0,43716608,1
2026-09-05T14:03:36Z,cartservice,4,79081472,1
2026-09-05T14:03:36Z,checkoutservice,3,20049920,1
2026-09-05T14:03:36Z,productcatalogservice,3,32165888,1
2026-09-05T14:03:36Z,paymentservice,3,41435136,1
2026-09-05T14:03:36Z,recommendationservice,7,105410560,1
2026-09-05T14:03:36Z,shippingservice,4,32681984,1
2026-09-05T14:03:36Z,currencyservice,3,88768512,1
2026-09-05T14:03:36Z,emailservice,7,92340224,1
2026-09-05T14:03:36Z,adservice,29,276340736,1
2026-09-05T14:03:36Z,redis-cart,9,34693120,1
2026-09-05T14:03:42Z,frontend,0,43716608,1
2026-09-05T14:03:42Z,cartservice,4,79081472,1
2026-09-05T14:03:42Z,checkoutservice,3,20180992,1
2026-09-05T14:03:42Z,productcatalogservice,3,32174080,1
2026-09-05T14:03:42Z,paymentservice,3,41435136,1
2026-09-05T14:03:42Z,recommendationservice,7,105410560,1
2026-09-05T14:03:42Z,shippingservice,4,32681984,1
2026-09-05T14:03:42Z,currencyservice,3,88768512,1
2026-09-05T14:03:42Z,emailservice,7,92340224,1
2026-09-05T14:03:42Z,adservice,29,276340736,1
2026-09-05T14:03:42Z,redis-cart,9,34693120,1
2026-09-05T14:03:47Z,frontend,0,43716608,1
2026-09-05T14:03:47Z,cartservice,4,79073280,1
2026-09-05T14:03:47Z,checkoutservice,3,20180992,1
2026-09-05T14:03:47Z,productcatalogservice,3,32174080,1
2026-09-05T14:03:47Z,paymentservice,3,41209856,1
2026-09-05T14:03:47Z,recommendationservice,7,105410560,1
2026-09-05T14:03:47Z,shippingservice,4,32681984,1
2026-09-05T14:03:47Z,currencyservice,3,88788992,1
2026-09-05T14:03:47Z,emailservice,7,92340224,1
2026-09-05T14:03:47Z,adservice,25,276340736,1
2026-09-05T14:03:47Z,redis-cart,4,34693120,1
2026-09-05T14:03:52Z,frontend,0,61267968,1
2026-09-05T14:03:52Z,cartservice,4,79118336,1
2026-09-05T14:03:52Z,checkoutservice,3,22507520,1
2026-09-05T14:03:52Z,productcatalogservice,3,33435648,1
2026-09-05T14:03:52Z,paymentservice,3,41238528,1
2026-09-05T14:03:52Z,recommendationservice,7,105410560,1
2026-09-05T14:03:52Z,shippingservice,4,32722944,1
2026-09-05T14:03:52Z,currencyservice,3,88567808,1
2026-09-05T14:03:52Z,emailservice,7,92344320,1
2026-09-05T14:03:52Z,adservice,25,276635648,1
2026-09-05T14:03:52Z,redis-cart,4,34717696,1
2026-09-05T14:03:57Z,frontend,353,65200128,1
2026-09-05T14:03:57Z,cartservice,58,80138240,1
2026-09-05T14:03:57Z,checkoutservice,55,23220224,1
2026-09-05T14:03:57Z,productcatalogservice,140,32051200,1
2026-09-05T14:03:57Z,paymentservice,6,41304064,1
2026-09-05T14:03:57Z,recommendationservice,264,105410560,1
2026-09-05T14:03:57Z,shippingservice,27,32247808,1
2026-09-05T14:03:57Z,currencyservice,119,88580096,1
2026-09-05T14:03:57Z,emailservice,15,92364800,1
2026-09-05T14:03:57Z,adservice,49,276684800,1
2026-09-05T14:03:57Z,redis-cart,10,34754560,1
2026-09-05T14:04:03Z,frontend,353,68747264,1
2026-09-05T14:04:03Z,cartservice,58,80273408,1
2026-09-05T14:04:03Z,checkoutservice,55,26619904,1
2026-09-05T14:04:03Z,productcatalogservice,140,33427456,1
2026-09-05T14:04:03Z,paymentservice,6,41385984,1
2026-09-05T14:04:03Z,recommendationservice,264,105410560,1
2026-09-05T14:04:03Z,shippingservice,27,32608256,1
2026-09-05T14:04:03Z,currencyservice,119,89223168,1
2026-09-05T14:04:03Z,emailservice,15,92491776,1
2026-09-05T14:04:03Z,adservice,49,276807680,1
2026-09-05T14:04:03Z,redis-cart,10,34779136,1
2026-09-05T14:04:08Z,frontend,661,68055040,1
2026-09-05T14:04:08Z,cartservice,107,80617472,1
2026-09-05T14:04:08Z,checkoutservice,91,28237824,1
2026-09-05T14:04:08Z,productcatalogservice,253,32186368,1
2026-09-05T14:04:08Z,paymentservice,10,41463808,1
2026-09-05T14:04:08Z,recommendationservice,476,105410560,1
2026-09-05T14:04:08Z,shippingservice,49,32382976,1
2026-09-05T14:04:08Z,currencyservice,244,88461312,1
2026-09-05T14:04:08Z,emailservice,19,92467200,1
2026-09-05T14:04:08Z,adservice,65,276832256,1
2026-09-05T14:04:08Z,redis-cart,17,34791424,1
2026-09-05T14:04:13Z,frontend,661,72626176,1
2026-09-05T14:04:13Z,cartservice,107,81301504,1
2026-09-05T14:04:13Z,checkoutservice,91,25608192,1
2026-09-05T14:04:13Z,productcatalogservice,253,32841728,1
2026-09-05T14:04:13Z,paymentservice,10,41541632,1
2026-09-05T14:04:13Z,recommendationservice,476,105410560,1
2026-09-05T14:04:13Z,shippingservice,49,31657984,1
2026-09-05T14:04:13Z,currencyservice,244,89174016,1
2026-09-05T14:04:13Z,emailservice,19,92471296,1
2026-09-05T14:04:13Z,adservice,65,276856832,1
2026-09-05T14:04:13Z,redis-cart,17,34803712,1
2026-09-05T14:04:18Z,frontend,697,75517952,1
2026-09-05T14:04:18Z,cartservice,123,81719296,1
2026-09-05T14:04:18Z,checkoutservice,94,24297472,1
2026-09-05T14:04:18Z,productcatalogservice,255,32301056,1
2026-09-05T14:04:18Z,paymentservice,12,41615360,1
2026-09-05T14:04:18Z,recommendationservice,539,105410560,1
2026-09-05T14:04:18Z,shippingservice,54,32645120,1
2026-09-05T14:04:18Z,currencyservice,269,88985600,1
2026-09-05T14:04:18Z,emailservice,22,92471296,1
2026-09-05T14:04:18Z,adservice,62,276856832,1
2026-09-05T14:04:18Z,redis-cart,18,34807808,1
2026-09-05T14:04:24Z,frontend,697,74608640,1
2026-09-05T14:04:24Z,cartservice,123,81776640,1
2026-09-05T14:04:24Z,checkoutservice,94,24350720,1
2026-09-05T14:04:24Z,productcatalogservice,255,33304576,1
2026-09-05T14:04:24Z,paymentservice,12,41689088,1
2026-09-05T14:04:24Z,recommendationservice,539,105410560,1
2026-09-05T14:04:24Z,shippingservice,54,32296960,1
2026-09-05T14:04:24Z,currencyservice,269,88915968,1
2026-09-05T14:04:24Z,emailservice,22,92471296,1
2026-09-05T14:04:24Z,adservice,62,276856832,1
2026-09-05T14:04:24Z,redis-cart,18,34816000,1
2026-09-05T14:04:29Z,frontend,734,73871360,1
2026-09-05T14:04:29Z,cartservice,179,81747968,1
2026-09-05T14:04:29Z,checkoutservice,93,26316800,1
2026-09-05T14:04:29Z,productcatalogservice,239,32337920,1
2026-09-05T14:04:29Z,paymentservice,11,41754624,1
2026-09-05T14:04:29Z,recommendationservice,559,105410560,1
2026-09-05T14:04:29Z,shippingservice,50,32137216,1
2026-09-05T14:04:29Z,currencyservice,288,88948736,1
2026-09-05T14:04:29Z,emailservice,21,92475392,1
2026-09-05T14:04:29Z,adservice,67,276881408,1
2026-09-05T14:04:29Z,redis-cart,23,34824192,1
2026-09-05T14:04:34Z,frontend,734,76562432,1
2026-09-05T14:04:34Z,cartservice,179,81698816,1
2026-09-05T14:04:34Z,checkoutservice,93,27041792,1
2026-09-05T14:04:34Z,productcatalogservice,239,32980992,1
2026-09-05T14:04:34Z,paymentservice,11,41857024,1
2026-09-05T14:04:34Z,recommendationservice,559,105410560,1
2026-09-05T14:04:34Z,shippingservice,50,32428032,1
2026-09-05T14:04:34Z,currencyservice,288,88150016,1
2026-09-05T14:04:34Z,emailservice,21,92475392,1
2026-09-05T14:04:34Z,adservice,67,276881408,1
2026-09-05T14:04:34Z,redis-cart,23,34832384,1
2026-09-05T14:04:40Z,frontend,730,77242368,1
2026-09-05T14:04:40Z,cartservice,195,81698816,1
2026-09-05T14:04:40Z,checkoutservice,95,24678400,1
2026-09-05T14:04:40Z,productcatalogservice,238,32612352,1
2026-09-05T14:04:40Z,paymentservice,11,41934848,1
2026-09-05T14:04:40Z,recommendationservice,538,105410560,1
2026-09-05T14:04:40Z,shippingservice,48,32055296,1
2026-09-05T14:04:40Z,currencyservice,287,89272320,1
2026-09-05T14:04:40Z,emailservice,19,92508160,1
2026-09-05T14:04:40Z,adservice,62,276881408,1
2026-09-05T14:04:40Z,redis-cart,26,34844672,1
2026-09-05T14:04:45Z,frontend,730,76165120,1
2026-09-05T14:04:45Z,cartservice,195,81698816,1
2026-09-05T14:04:45Z,checkoutservice,95,26857472,1
2026-09-05T14:04:45Z,productcatalogservice,238,32960512,1
2026-09-05T14:04:45Z,paymentservice,11,42020864,1
2026-09-05T14:04:45Z,recommendationservice,538,105410560,1
2026-09-05T14:04:45Z,shippingservice,48,31522816,1
2026-09-05T14:04:45Z,currencyservice,287,88801280,1
2026-09-05T14:04:45Z,emailservice,19,92540928,1
2026-09-05T14:04:45Z,adservice,62,276881408,1
2026-09-05T14:04:45Z,redis-cart,26,34844672,1
2026-09-05T14:04:50Z,frontend,665,75157504,1
2026-09-05T14:04:50Z,cartservice,160,81698816,1
2026-09-05T14:04:50Z,checkoutservice,95,0,1
2026-09-05T14:04:50Z,productcatalogservice,224,33091584,1
2026-09-05T14:04:50Z,paymentservice,10,42082304,1
2026-09-05T14:04:50Z,recommendationservice,490,105410560,1
2026-09-05T14:04:50Z,shippingservice,44,31715328,1
2026-09-05T14:04:50Z,currencyservice,272,89350144,1
2026-09-05T14:04:50Z,emailservice,20,92573696,1
2026-09-05T14:04:50Z,adservice,52,277020672,1
2026-09-05T14:04:50Z,redis-cart,25,34844672,1
2026-09-05T14:04:56Z,frontend,665,76193792,1
2026-09-05T14:04:56Z,cartservice,160,81698816,1
2026-09-05T14:04:56Z,checkoutservice,0,13606912,1
2026-09-05T14:04:56Z,productcatalogservice,224,32567296,1
2026-09-05T14:04:56Z,paymentservice,10,42176512,1
2026-09-05T14:04:56Z,recommendationservice,490,105410560,1
2026-09-05T14:04:56Z,shippingservice,44,31948800,1
2026-09-05T14:04:56Z,currencyservice,272,89288704,1
2026-09-05T14:04:56Z,emailservice,20,92573696,1
2026-09-05T14:04:56Z,adservice,52,276881408,1
2026-09-05T14:04:56Z,redis-cart,25,34848768,1
2026-09-05T14:05:01Z,frontend,735,75042816,1
2026-09-05T14:05:01Z,cartservice,192,81698816,1
2026-09-05T14:05:01Z,checkoutservice,0,16289792,1
2026-09-05T14:05:01Z,productcatalogservice,225,32051200,1
2026-09-05T14:05:01Z,paymentservice,9,42225664,1
2026-09-05T14:05:01Z,recommendationservice,556,105410560,1
2026-09-05T14:05:01Z,shippingservice,50,32661504,1
2026-09-05T14:05:01Z,currencyservice,299,88506368,1
2026-09-05T14:05:01Z,emailservice,15,92573696,1
2026-09-05T14:05:01Z,adservice,65,276881408,1
2026-09-05T14:05:01Z,redis-cart,24,34848768,1
2026-09-05T14:05:06Z,frontend,731,76324864,1
2026-09-05T14:05:06Z,cartservice,211,81735680,1
2026-09-05T14:05:06Z,checkoutservice,88,22302720,1
2026-09-05T14:05:06Z,productcatalogservice,244,32813056,1
2026-09-05T14:05:06Z,paymentservice,9,42319872,1
2026-09-05T14:05:06Z,recommendationservice,534,105410560,1
2026-09-05T14:05:06Z,shippingservice,48,31731712,1
2026-09-05T14:05:06Z,currencyservice,287,89161728,1
2026-09-05T14:05:06Z,emailservice,18,92573696,1
2026-09-05T14:05:06Z,adservice,62,276881408,1
2026-09-05T14:05:06Z,redis-cart,23,34848768,1
2026-09-05T14:05:12Z,frontend,731,74350592,1
2026-09-05T14:05:12Z,cartservice,211,81735680,1
2026-09-05T14:05:12Z,checkoutservice,88,22224896,1
2026-09-05T14:05:12Z,productcatalogservice,244,32821248,1
2026-09-05T14:05:12Z,paymentservice,9,42446848,1
2026-09-05T14:05:12Z,recommendationservice,534,109813760,1
2026-09-05T14:05:12Z,shippingservice,48,32575488,1
2026-09-05T14:05:12Z,currencyservice,287,88875008,1
2026-09-05T14:05:12Z,emailservice,18,92573696,1
2026-09-05T14:05:12Z,adservice,62,276881408,1
2026-09-05T14:05:12Z,redis-cart,23,34844672,1
2026-09-05T14:05:17Z,frontend,732,74878976,1
2026-09-05T14:05:17Z,cartservice,216,81735680,1
2026-09-05T14:05:17Z,checkoutservice,93,19533824,1
2026-09-05T14:05:17Z,productcatalogservice,235,32780288,1
2026-09-05T14:05:17Z,paymentservice,12,42528768,1
2026-09-05T14:05:17Z,recommendationservice,532,109907968,1
2026-09-05T14:05:17Z,shippingservice,47,32546816,1
2026-09-05T14:05:17Z,currencyservice,291,89026560,1
2026-09-05T14:05:17Z,emailservice,20,92573696,1
2026-09-05T14:05:17Z,adservice,62,277028864,1
2026-09-05T14:05:17Z,redis-cart,25,34844672,1
2026-09-05T14:05:22Z,frontend,732,75325440,1
2026-09-05T14:05:22Z,cartservice,216,81735680,1
2026-09-05T14:05:22Z,checkoutservice,93,21671936,1
2026-09-05T14:05:22Z,productcatalogservice,235,31711232,1
2026-09-05T14:05:22Z,paymentservice,12,42606592,1
2026-09-05T14:05:22Z,recommendationservice,532,105410560,1
2026-09-05T14:05:22Z,shippingservice,47,32550912,1
2026-09-05T14:05:22Z,currencyservice,291,89133056,1
2026-09-05T14:05:22Z,emailservice,20,92577792,1
2026-09-05T14:05:22Z,adservice,62,277028864,1
2026-09-05T14:05:22Z,redis-cart,25,34844672,1
2026-09-05T14:05:27Z,frontend,752,75890688,1
2026-09-05T14:05:27Z,cartservice,183,81702912,1
2026-09-05T14:05:27Z,checkoutservice,93,22364160,1
2026-09-05T14:05:27Z,productcatalogservice,237,33005568,1
2026-09-05T14:05:27Z,paymentservice,10,42676224,1
2026-09-05T14:05:27Z,recommendationservice,536,105410560,1
2026-09-05T14:05:27Z,shippingservice,48,32636928,1
2026-09-05T14:05:27Z,currencyservice,298,89018368,1
2026-09-05T14:05:27Z,emailservice,19,92577792,1
2026-09-05T14:05:27Z,adservice,63,277028864,1
2026-09-05T14:05:27Z,redis-cart,23,34844672,1
2026-09-05T14:05:33Z,frontend,752,74059776,1
2026-09-05T14:05:33Z,cartservice,183,81702912,1
2026-09-05T14:05:33Z,checkoutservice,93,22302720,1
2026-09-05T14:05:33Z,productcatalogservice,237,32620544,1
2026-09-05T14:05:33Z,paymentservice,10,42745856,1
2026-09-05T14:05:33Z,recommendationservice,536,105410560,1
2026-09-05T14:05:33Z,shippingservice,48,32043008,1
2026-09-05T14:05:33Z,currencyservice,298,88793088,1
2026-09-05T14:05:33Z,emailservice,19,92585984,1
2026-09-05T14:05:33Z,adservice,63,277037056,1
2026-09-05T14:05:33Z,redis-cart,23,34848768,1
2026-09-05T14:05:38Z,frontend,740,77094912,1
2026-09-05T14:05:38Z,cartservice,197,81702912,1
2026-09-05T14:05:38Z,checkoutservice,94,21090304,1
2026-09-05T14:05:38Z,productcatalogservice,237,32710656,1
2026-09-05T14:05:38Z,paymentservice,11,42827776,1
2026-09-05T14:05:38Z,recommendationservice,552,105410560,1
2026-09-05T14:05:38Z,shippingservice,48,32436224,1
2026-09-05T14:05:38Z,currencyservice,294,89059328,1
2026-09-05T14:05:38Z,emailservice,20,92585984,1
2026-09-05T14:05:38Z,adservice,63,277037056,1
2026-09-05T14:05:38Z,redis-cart,25,34848768,1
2026-09-05T14:05:43Z,frontend,740,76070912,1
2026-09-05T14:05:43Z,cartservice,197,81702912,1
2026-09-05T14:05:43Z,checkoutservice,94,20836352,1
2026-09-05T14:05:43Z,productcatalogservice,237,32739328,1
2026-09-05T14:05:43Z,paymentservice,11,42893312,1
2026-09-05T14:05:43Z,recommendationservice,552,105410560,1
2026-09-05T14:05:43Z,shippingservice,48,31416320,1
2026-09-05T14:05:43Z,currencyservice,294,89206784,1
2026-09-05T14:05:43Z,emailservice,20,92590080,1
2026-09-05T14:05:43Z,adservice,63,277037056,1
2026-09-05T14:05:43Z,redis-cart,25,34848768,1
2026-09-05T14:05:49Z,frontend,724,74911744,1
2026-09-05T14:05:49Z,cartservice,191,81702912,1
2026-09-05T14:05:49Z,checkoutservice,94,21692416,1
2026-09-05T14:05:49Z,productcatalogservice,236,33193984,1
2026-09-05T14:05:49Z,paymentservice,11,42991616,1
2026-09-05T14:05:49Z,recommendationservice,544,105410560,1
2026-09-05T14:05:49Z,shippingservice,47,32788480,1
2026-09-05T14:05:49Z,currencyservice,287,90058752,1
2026-09-05T14:05:49Z,emailservice,19,92594176,1
2026-09-05T14:05:49Z,adservice,62,277037056,1
2026-09-05T14:05:49Z,redis-cart,31,34848768,1
2026-09-05T14:05:54Z,frontend,724,75714560,1
2026-09-05T14:05:54Z,cartservice,191,81526784,1
2026-09-05T14:05:54Z,checkoutservice,94,20938752,1
2026-09-05T14:05:54Z,productcatalogservice,236,32747520,1
2026-09-05T14:05:54Z,paymentservice,11,43061248,1
2026-09-05T14:05:54Z,recommendationservice,544,105410560,1
2026-09-05T14:05:54Z,shippingservice,47,32342016,1
2026-09-05T14:05:54Z,currencyservice,287,88924160,1
2026-09-05T14:05:54Z,emailservice,19,92594176,1
2026-09-05T14:05:54Z,adservice,62,277037056,1
2026-09-05T14:05:54Z,redis-cart,31,34844672,1
2026-09-05T14:05:59Z,frontend,740,75333632,1
2026-09-05T14:05:59Z,cartservice,208,81272832,1
2026-09-05T14:05:59Z,checkoutservice,93,23781376,1
2026-09-05T14:05:59Z,productcatalogservice,233,33062912,1
2026-09-05T14:05:59Z,paymentservice,11,43147264,1
2026-09-05T14:05:59Z,recommendationservice,553,105410560,1
2026-09-05T14:05:59Z,shippingservice,51,32727040,1
2026-09-05T14:05:59Z,currencyservice,298,89346048,1
2026-09-05T14:05:59Z,emailservice,20,92594176,1
2026-09-05T14:05:59Z,adservice,65,277037056,1
2026-09-05T14:05:59Z,redis-cart,26,34844672,1
2026-09-05T14:06:04Z,frontend,740,76820480,1
2026-09-05T14:06:04Z,cartservice,208,81174528,1
2026-09-05T14:06:04Z,checkoutservice,93,20189184,1
2026-09-05T14:06:04Z,productcatalogservice,233,32935936,1
2026-09-05T14:06:04Z,paymentservice,11,43220992,1
2026-09-05T14:06:04Z,recommendationservice,553,105410560,1
2026-09-05T14:06:04Z,shippingservice,51,32530432,1
2026-09-05T14:06:04Z,currencyservice,298,88952832,1
2026-09-05T14:06:04Z,emailservice,20,92594176,1
2026-09-05T14:06:04Z,adservice,65,278048768,1
2026-09-05T14:06:04Z,redis-cart,26,34844672,1
2026-09-05T14:06:10Z,frontend,743,75296768,1
2026-09-05T14:06:10Z,cartservice,207,81145856,1
2026-09-05T14:06:10Z,checkoutservice,94,18223104,1
2026-09-05T14:06:10Z,productcatalogservice,232,32960512,1
2026-09-05T14:06:10Z,paymentservice,10,43302912,1
2026-09-05T14:06:10Z,recommendationservice,543,105410560,1
2026-09-05T14:06:10Z,shippingservice,49,31666176,1
2026-09-05T14:06:10Z,currencyservice,297,89722880,1
2026-09-05T14:06:10Z,emailservice,19,92598272,1
2026-09-05T14:06:10Z,adservice,65,278048768,1
2026-09-05T14:06:10Z,redis-cart,25,34844672,1
2026-09-05T14:06:15Z,frontend,743,74457088,1
2026-09-05T14:06:15Z,cartservice,207,81080320,1
2026-09-05T14:06:15Z,checkoutservice,94,19922944,1
2026-09-05T14:06:15Z,productcatalogservice,232,32788480,1
2026-09-05T14:06:15Z,paymentservice,10,43528192,1
2026-09-05T14:06:15Z,recommendationservice,543,105410560,1
2026-09-05T14:06:15Z,shippingservice,49,32301056,1
2026-09-05T14:06:15Z,currencyservice,297,88895488,1
2026-09-05T14:06:15Z,emailservice,19,92598272,1
2026-09-05T14:06:15Z,adservice,65,278048768,1
2026-09-05T14:06:15Z,redis-cart,25,34844672,1
2026-09-05T14:06:20Z,frontend,741,76894208,1
2026-09-05T14:06:20Z,cartservice,198,81080320,1
2026-09-05T14:06:20Z,checkoutservice,95,22343680,1
2026-09-05T14:06:20Z,productcatalogservice,228,33165312,1
2026-09-05T14:06:20Z,paymentservice,11,43483136,1
2026-09-05T14:06:20Z,recommendationservice,539,105410560,1
2026-09-05T14:06:20Z,shippingservice,51,32673792,1
2026-09-05T14:06:20Z,currencyservice,302,89137152,1
2026-09-05T14:06:20Z,emailservice,20,92598272,1
2026-09-05T14:06:20Z,adservice,65,278048768,1
2026-09-05T14:06:20Z,redis-cart,27,34844672,1
2026-09-05T14:06:26Z,frontend,741,76238848,1
2026-09-05T14:06:26Z,cartservice,198,81080320,1
2026-09-05T14:06:26Z,checkoutservice,95,21848064,1
2026-09-05T14:06:26Z,productcatalogservice,228,32817152,1
2026-09-05T14:06:26Z,paymentservice,11,43552768,1
2026-09-05T14:06:26Z,recommendationservice,539,105410560,1
2026-09-05T14:06:26Z,shippingservice,51,32415744,1
2026-09-05T14:06:26Z,currencyservice,302,88875008,1
2026-09-05T14:06:26Z,emailservice,20,92598272,1
2026-09-05T14:06:26Z,adservice,65,278048768,1
2026-09-05T14:06:26Z,redis-cart,27,34844672,1
2026-09-05T14:06:31Z,frontend,723,75214848,1
2026-09-05T14:06:31Z,cartservice,206,81080320,1
2026-09-05T14:06:31Z,checkoutservice,94,25067520,1
2026-09-05T14:06:31Z,productcatalogservice,237,32989184,1
2026-09-05T14:06:31Z,paymentservice,11,43630592,1
2026-09-05T14:06:31Z,recommendationservice,552,105410560,1
2026-09-05T14:06:31Z,shippingservice,50,31432704,1
2026-09-05T14:06:31Z,currencyservice,291,89612288,1
2026-09-05T14:06:31Z,emailservice,19,92598272,1
2026-09-05T14:06:31Z,adservice,61,278081536,1
2026-09-05T14:06:31Z,redis-cart,25,34840576,1
2026-09-05T14:06:36Z,frontend,723,76087296,1
2026-09-05T14:06:36Z,cartservice,206,80928768,1
2026-09-05T14:06:36Z,checkoutservice,94,19628032,1
2026-09-05T14:06:36Z,productcatalogservice,237,33730560,1
2026-09-05T14:06:36Z,paymentservice,11,43716608,1
2026-09-05T14:06:36Z,recommendationservice,552,105410560,1
2026-09-05T14:06:36Z,shippingservice,50,32325632,1
2026-09-05T14:06:36Z,currencyservice,291,89493504,1
2026-09-05T14:06:36Z,emailservice,19,92598272,1
2026-09-05T14:06:36Z,adservice,61,278081536,1
2026-09-05T14:06:36Z,redis-cart,25,34844672,1
2026-09-05T14:06:41Z,frontend,742,76365824,1
2026-09-05T14:06:41Z,cartservice,214,80809984,1
2026-09-05T14:06:41Z,checkoutservice,93,19136512,1
2026-09-05T14:06:41Z,productcatalogservice,230,33124352,1
2026-09-05T14:06:41Z,paymentservice,11,43802624,1
2026-09-05T14:06:41Z,recommendationservice,542,105410560,1
2026-09-05T14:06:41Z,shippingservice,51,32657408,1
2026-09-05T14:06:41Z,currencyservice,294,89919488,1
2026-09-05T14:06:41Z,emailservice,19,92598272,1
2026-09-05T14:06:41Z,adservice,67,278081536,1
2026-09-05T14:06:41Z,redis-cart,26,34742272,1
2026-09-05T14:06:47Z,frontend,742,75841536,1
2026-09-05T14:06:47Z,cartservice,207,80797696,1
2026-09-05T14:06:47Z,checkoutservice,93,17403904,1
2026-09-05T14:06:47Z,productcatalogservice,230,32432128,1
2026-09-05T14:06:47Z,paymentservice,10,43868160,1
2026-09-05T14:06:47Z,recommendationservice,542,109486080,1
2026-09-05T14:06:47Z,shippingservice,48,32174080,1
2026-09-05T14:06:47Z,currencyservice,294,89460736,1
2026-09-05T14:06:47Z,emailservice,19,92598272,1
2026-09-05T14:06:47Z,adservice,65,278081536,1
2026-09-05T14:06:47Z,redis-cart,32,34742272,1
2026-09-05T14:06:52Z,frontend,746,75571200,1
2026-09-05T14:06:52Z,cartservice,207,80797696,1
2026-09-05T14:06:52Z,checkoutservice,95,20447232,1
2026-09-05T14:06:52Z,productcatalogservice,234,33480704,1
2026-09-05T14:06:52Z,paymentservice,10,43958272,1
2026-09-05T14:06:52Z,recommendationservice,545,109371392,1
2026-09-05T14:06:52Z,shippingservice,48,32346112,1
2026-09-05T14:06:52Z,currencyservice,297,89649152,1
2026-09-05T14:06:52Z,emailservice,19,92598272,1
2026-09-05T14:06:52Z,adservice,65,278081536,1
2026-09-05T14:06:52Z,redis-cart,32,34742272,1
2026-09-05T14:06:57Z,frontend,742,75214848,1
2026-09-05T14:06:57Z,cartservice,208,80797696,1
2026-09-05T14:06:57Z,checkoutservice,91,20762624,1
2026-09-05T14:06:57Z,productcatalogservice,239,33632256,1
2026-09-05T14:06:57Z,paymentservice,10,44163072,1
2026-09-05T14:06:57Z,recommendationservice,542,105414656,1
2026-09-05T14:06:57Z,shippingservice,52,32555008,1
2026-09-05T14:06:57Z,currencyservice,298,89141248,1
2026-09-05T14:06:57Z,emailservice,19,92598272,1
2026-09-05T14:06:57Z,adservice,61,278081536,1
2026-09-05T14:06:57Z,redis-cart,26,34746368,1
2026-09-05T14:07:03Z,frontend,742,76300288,1
2026-09-05T14:07:03Z,cartservice,208,80797696,1
2026-09-05T14:07:03Z,checkoutservice,91,20893696,1
2026-09-05T14:07:03Z,productcatalogservice,239,32591872,1
2026-09-05T14:07:03Z,paymentservice,10,44113920,1
2026-09-05T14:07:03Z,recommendationservice,542,105414656,1
2026-09-05T14:07:03Z,shippingservice,52,32714752,1
2026-09-05T14:07:03Z,currencyservice,298,89194496,1
2026-09-05T14:07:03Z,emailservice,19,92610560,1
2026-09-05T14:07:03Z,adservice,61,278081536,1
2026-09-05T14:07:03Z,redis-cart,26,34746368,1
2026-09-05T14:07:08Z,frontend,738,76804096,1
2026-09-05T14:07:08Z,cartservice,193,80797696,1
2026-09-05T14:07:08Z,checkoutservice,91,23519232,1
2026-09-05T14:07:08Z,productcatalogservice,235,32698368,1
2026-09-05T14:07:08Z,paymentservice,10,44216320,1
2026-09-05T14:07:08Z,recommendationservice,545,105414656,1
2026-09-05T14:07:08Z,shippingservice,51,32714752,1
2026-09-05T14:07:08Z,currencyservice,296,89354240,1
2026-09-05T14:07:08Z,emailservice,18,92598272,1
2026-09-05T14:07:08Z,adservice,64,278081536,1
2026-09-05T14:07:08Z,redis-cart,26,34746368,1
2026-09-05T14:07:13Z,frontend,738,75550720,1
2026-09-05T14:07:13Z,cartservice,193,80797696,1
2026-09-05T14:07:13Z,checkoutservice,91,22900736,1
2026-09-05T14:07:13Z,productcatalogservice,235,32976896,1
2026-09-05T14:07:13Z,paymentservice,10,44302336,1
2026-09-05T14:07:13Z,recommendationservice,545,105414656,1
2026-09-05T14:07:13Z,shippingservice,51,32432128,1
2026-09-05T14:07:13Z,currencyservice,296,89178112,1
2026-09-05T14:07:13Z,emailservice,18,92598272,1
2026-09-05T14:07:13Z,adservice,64,278081536,1
2026-09-05T14:07:13Z,redis-cart,26,34746368,1
2026-09-05T14:07:19Z,frontend,754,75370496,1
2026-09-05T14:07:19Z,cartservice,212,80797696,1
2026-09-05T14:07:19Z,checkoutservice,92,20639744,1
2026-09-05T14:07:19Z,productcatalogservice,234,32653312,1
2026-09-05T14:07:19Z,paymentservice,10,44363776,1
2026-09-05T14:07:19Z,recommendationservice,535,105414656,1
2026-09-05T14:07:19Z,shippingservice,51,31559680,1
2026-09-05T14:07:19Z,currencyservice,301,89075712,1
2026-09-05T14:07:19Z,emailservice,18,92598272,1
2026-09-05T14:07:19Z,adservice,66,278081536,1
2026-09-05T14:07:19Z,redis-cart,26,34746368,1
2026-09-05T14:07:24Z,frontend,754,74903552,1
2026-09-05T14:07:24Z,cartservice,212,80789504,1
2026-09-05T14:07:24Z,checkoutservice,92,21544960,1
2026-09-05T14:07:24Z,productcatalogservice,234,32681984,1
2026-09-05T14:07:24Z,paymentservice,10,44466176,1
2026-09-05T14:07:24Z,recommendationservice,535,105414656,1
2026-09-05T14:07:24Z,shippingservice,51,32583680,1
2026-09-05T14:07:24Z,currencyservice,301,89276416,1
2026-09-05T14:07:24Z,emailservice,18,92598272,1
2026-09-05T14:07:24Z,adservice,66,278081536,1
2026-09-05T14:07:24Z,redis-cart,26,34742272,1
2026-09-05T14:07:29Z,frontend,739,74678272,1
2026-09-05T14:07:29Z,cartservice,194,80789504,1
2026-09-05T14:07:29Z,checkoutservice,93,29085696,1
2026-09-05T14:07:29Z,productcatalogservice,236,32710656,1
2026-09-05T14:07:29Z,paymentservice,10,44527616,1
2026-09-05T14:07:29Z,recommendationservice,547,105418752,1
2026-09-05T14:07:29Z,shippingservice,50,32526336,1
2026-09-05T14:07:29Z,currencyservice,293,88760320,1
2026-09-05T14:07:29Z,emailservice,20,92602368,1
2026-09-05T14:07:29Z,adservice,61,278081536,1
2026-09-05T14:07:29Z,redis-cart,26,34742272,1
2026-09-05T14:07:34Z,frontend,739,76197888,1
2026-09-05T14:07:34Z,cartservice,194,80789504,1
2026-09-05T14:07:34Z,checkoutservice,93,22147072,1
2026-09-05T14:07:34Z,productcatalogservice,236,32952320,1
2026-09-05T14:07:34Z,paymentservice,10,44621824,1
2026-09-05T14:07:34Z,recommendationservice,547,105455616,1
2026-09-05T14:07:34Z,shippingservice,50,32522240,1
2026-09-05T14:07:34Z,currencyservice,293,88846336,1
2026-09-05T14:07:34Z,emailservice,20,92602368,1
2026-09-05T14:07:34Z,adservice,61,278081536,1
2026-09-05T14:07:34Z,redis-cart,26,34738176,1
2026-09-05T14:07:40Z,frontend,737,76263424,1
2026-09-05T14:07:40Z,cartservice,206,80789504,1
2026-09-05T14:07:40Z,checkoutservice,93,24600576,1
2026-09-05T14:07:40Z,productcatalogservice,233,32677888,1
2026-09-05T14:07:40Z,paymentservice,10,44699648,1
2026-09-05T14:07:40Z,recommendationservice,551,105562112,1
2026-09-05T14:07:40Z,shippingservice,51,31416320,1
2026-09-05T14:07:40Z,currencyservice,302,89337856,1
2026-09-05T14:07:40Z,emailservice,19,92602368,1
2026-09-05T14:07:40Z,adservice,65,278081536,1
2026-09-05T14:07:40Z,redis-cart,26,34742272,1
2026-09-05T14:07:45Z,frontend,737,75616256,1
2026-09-05T14:07:45Z,cartservice,206,79642624,1
2026-09-05T14:07:45Z,checkoutservice,93,25935872,1
2026-09-05T14:07:45Z,productcatalogservice,233,32546816,1
2026-09-05T14:07:45Z,paymentservice,10,40038400,1
2026-09-05T14:07:45Z,recommendationservice,551,105566208,1
2026-09-05T14:07:45Z,shippingservice,51,32595968,1
2026-09-05T14:07:45Z,currencyservice,302,89001984,1
2026-09-05T14:07:45Z,emailservice,19,92602368,1
2026-09-05T14:07:45Z,adservice,65,278081536,1
2026-09-05T14:07:45Z,redis-cart,26,34742272,1
2026-09-05T14:07:50Z,frontend,747,75628544,1
2026-09-05T14:07:50Z,cartservice,204,79441920,1
2026-09-05T14:07:50Z,checkoutservice,90,25174016,1
2026-09-05T14:07:50Z,productcatalogservice,233,33075200,1
2026-09-05T14:07:50Z,paymentservice,14,40050688,1
2026-09-05T14:07:50Z,recommendationservice,543,105566208,1
2026-09-05T14:07:50Z,shippingservice,51,32481280,1
2026-09-05T14:07:50Z,currencyservice,303,89473024,1
2026-09-05T14:07:50Z,emailservice,17,92602368,1
2026-09-05T14:07:50Z,adservice,64,278007808,1
2026-09-05T14:07:50Z,redis-cart,33,34742272,1
2026-09-05T14:07:56Z,frontend,747,76632064,1
2026-09-05T14:07:56Z,cartservice,204,79441920,1
2026-09-05T14:07:56Z,checkoutservice,90,25059328,1
2026-09-05T14:07:56Z,productcatalogservice,233,32796672,1
2026-09-05T14:07:56Z,paymentservice,14,40071168,1
2026-09-05T14:07:56Z,recommendationservice,543,105566208,1
2026-09-05T14:07:56Z,shippingservice,51,32055296,1
2026-09-05T14:07:56Z,currencyservice,303,89120768,1
2026-09-05T14:07:56Z,emailservice,17,92602368,1
2026-09-05T14:07:56Z,adservice,64,278007808,1
2026-09-05T14:07:56Z,redis-cart,33,34742272,1
2026-09-05T14:08:01Z,frontend,736,75091968,1
2026-09-05T14:08:01Z,cartservice,205,79441920,1
2026-09-05T14:08:01Z,checkoutservice,90,24227840,1
2026-09-05T14:08:01Z,productcatalogservice,232,33718272,1
2026-09-05T14:08:01Z,paymentservice,9,40013824,1
2026-09-05T14:08:01Z,recommendationservice,539,105566208,1
2026-09-05T14:08:01Z,shippingservice,47,32346112,1
2026-09-05T14:08:01Z,currencyservice,299,89677824,1
2026-09-05T14:08:01Z,emailservice,18,92520448,1
2026-09-05T14:08:01Z,adservice,59,278007808,1
2026-09-05T14:08:01Z,redis-cart,26,34738176,1
2026-09-05T14:08:06Z,frontend,736,75763712,1
2026-09-05T14:08:06Z,cartservice,205,79441920,1
2026-09-05T14:08:06Z,checkoutservice,90,24133632,1
2026-09-05T14:08:06Z,productcatalogservice,232,32378880,1
2026-09-05T14:08:06Z,paymentservice,9,40022016,1
2026-09-05T14:08:06Z,recommendationservice,539,105566208,1
2026-09-05T14:08:06Z,shippingservice,47,32321536,1
2026-09-05T14:08:06Z,currencyservice,299,89423872,1
2026-09-05T14:08:06Z,emailservice,18,92520448,1
2026-09-05T14:08:06Z,adservice,59,278032384,1
2026-09-05T14:08:06Z,redis-cart,26,34738176,1
2026-09-05T14:08:11Z,frontend,738,75870208,1
2026-09-05T14:08:11Z,cartservice,209,79441920,1
2026-09-05T14:08:11Z,checkoutservice,89,22179840,1
2026-09-05T14:08:11Z,productcatalogservice,235,33345536,1
2026-09-05T14:08:11Z,paymentservice,11,40030208,1
2026-09-05T14:08:11Z,recommendationservice,538,105566208,1
2026-09-05T14:08:11Z,shippingservice,51,31875072,1
2026-09-05T14:08:11Z,currencyservice,306,88674304,1
2026-09-05T14:08:11Z,emailservice,22,92520448,1
2026-09-05T14:08:11Z,adservice,63,278032384,1
2026-09-05T14:08:11Z,redis-cart,26,34738176,1
2026-09-05T14:08:17Z,frontend,738,75849728,1
2026-09-05T14:08:17Z,cartservice,209,79441920,1
2026-09-05T14:08:17Z,checkoutservice,89,20336640,1
2026-09-05T14:08:17Z,productcatalogservice,235,32559104,1
2026-09-05T14:08:17Z,paymentservice,11,39972864,1
2026-09-05T14:08:17Z,recommendationservice,538,109666304,1
2026-09-05T14:08:17Z,shippingservice,51,32378880,1
2026-09-05T14:08:17Z,currencyservice,306,88899584,1
2026-09-05T14:08:17Z,emailservice,22,92520448,1
2026-09-05T14:08:17Z,adservice,63,278032384,1
2026-09-05T14:08:17Z,redis-cart,26,34738176,1
2026-09-05T14:08:22Z,frontend,741,74878976,1
2026-09-05T14:08:22Z,cartservice,206,79380480,1
2026-09-05T14:08:22Z,checkoutservice,91,21458944,1
2026-09-05T14:08:22Z,productcatalogservice,230,33222656,1
2026-09-05T14:08:22Z,paymentservice,10,39981056,1
2026-09-05T14:08:22Z,recommendationservice,550,105574400,1
2026-09-05T14:08:22Z,shippingservice,51,32444416,1
2026-09-05T14:08:22Z,currencyservice,302,88539136,1
2026-09-05T14:08:22Z,emailservice,20,92528640,1
2026-09-05T14:08:22Z,adservice,63,278032384,1
2026-09-05T14:08:22Z,redis-cart,26,34738176,1
2026-09-05T14:08:27Z,frontend,741,76197888,1
2026-09-05T14:08:27Z,cartservice,206,79126528,1
2026-09-05T14:08:27Z,checkoutservice,91,23126016,1
2026-09-05T14:08:27Z,productcatalogservice,230,33263616,1
2026-09-05T14:08:27Z,paymentservice,10,40120320,1
2026-09-05T14:08:27Z,recommendationservice,550,105574400,1
2026-09-05T14:08:27Z,shippingservice,51,32542720,1
2026-09-05T14:08:27Z,currencyservice,302,88989696,1
2026-09-05T14:08:27Z,emailservice,20,92569600,1
2026-09-05T14:08:27Z,adservice,63,278032384,1
2026-09-05T14:08:27Z,redis-cart,26,34738176,1
2026-09-05T14:08:33Z,frontend,739,75087872,1
2026-09-05T14:08:33Z,cartservice,205,79126528,1
2026-09-05T14:08:33Z,checkoutservice,94,24686592,1
2026-09-05T14:08:33Z,productcatalogservice,238,32800768,1
2026-09-05T14:08:33Z,paymentservice,10,40005632,1
2026-09-05T14:08:33Z,recommendationservice,549,105574400,1
2026-09-05T14:08:33Z,shippingservice,50,31363072,1
2026-09-05T14:08:33Z,currencyservice,294,88465408,1
2026-09-05T14:08:33Z,emailservice,20,92569600,1
2026-09-05T14:08:33Z,adservice,62,278032384,1
2026-09-05T14:08:33Z,redis-cart,26,34738176,1
2026-09-05T14:08:38Z,frontend,755,76812288,1
2026-09-05T14:08:38Z,cartservice,205,79126528,1
2026-09-05T14:08:38Z,checkoutservice,94,19623936,1
2026-09-05T14:08:38Z,productcatalogservice,233,34222080,1
2026-09-05T14:08:38Z,paymentservice,10,40009728,1
2026-09-05T14:08:38Z,recommendationservice,532,105574400,1
2026-09-05T14:08:38Z,shippingservice,51,31789056,1
2026-09-05T14:08:38Z,currencyservice,295,88596480,1
2026-09-05T14:08:38Z,emailservice,19,92569600,1
2026-09-05T14:08:38Z,adservice,64,278032384,1
2026-09-05T14:08:38Z,redis-cart,26,34742272,1
2026-09-05T14:08:43Z,frontend,755,73756672,1
2026-09-05T14:08:43Z,cartservice,205,79126528,1
2026-09-05T14:08:43Z,checkoutservice,94,24543232,1
2026-09-05T14:08:43Z,productcatalogservice,233,32542720,1
2026-09-05T14:08:43Z,paymentservice,10,40144896,1
2026-09-05T14:08:43Z,recommendationservice,532,105574400,1
2026-09-05T14:08:43Z,shippingservice,51,32485376,1
2026-09-05T14:08:43Z,currencyservice,295,88932352,1
2026-09-05T14:08:43Z,emailservice,19,92569600,1
2026-09-05T14:08:43Z,adservice,64,278032384,1
2026-09-05T14:08:43Z,redis-cart,26,34648064,1
2026-09-05T14:08:48Z,frontend,750,75083776,1
2026-09-05T14:08:48Z,cartservice,198,79126528,1
2026-09-05T14:08:48Z,checkoutservice,91,21917696,1
2026-09-05T14:08:48Z,productcatalogservice,242,33234944,1
2026-09-05T14:08:48Z,paymentservice,10,40026112,1
2026-09-05T14:08:48Z,recommendationservice,545,105574400,1
2026-09-05T14:08:48Z,shippingservice,49,31928320,1
2026-09-05T14:08:48Z,currencyservice,301,88653824,1
2026-09-05T14:08:48Z,emailservice,19,92569600,1
2026-09-05T14:08:48Z,adservice,64,278032384,1
2026-09-05T14:08:48Z,redis-cart,32,34652160,1
2026-09-05T14:08:54Z,frontend,750,76144640,1
2026-09-05T14:08:54Z,cartservice,198,79126528,1
2026-09-05T14:08:54Z,checkoutservice,0,17162240,1
2026-09-05T14:08:54Z,productcatalogservice,242,31936512,1
2026-09-05T14:08:54Z,paymentservice,10,40034304,1
2026-09-05T14:08:54Z,recommendationservice,545,105574400,1
2026-09-05T14:08:54Z,shippingservice,49,31674368,1
2026-09-05T14:08:54Z,currencyservice,301,89047040,1
2026-09-05T14:08:54Z,emailservice,19,92569600,1
2026-09-05T14:08:54Z,adservice,64,278052864,1
2026-09-05T14:08:54Z,redis-cart,32,34652160,1
2026-09-05T14:08:59Z,frontend,725,75534336,1
2026-09-05T14:08:59Z,cartservice,227,79192064,1
2026-09-05T14:08:59Z,checkoutservice,0,21057536,1
2026-09-05T14:08:59Z,productcatalogservice,228,32669696,1
2026-09-05T14:08:59Z,paymentservice,9,40038400,1
2026-09-05T14:08:59Z,recommendationservice,536,105574400,1
2026-09-05T14:08:59Z,shippingservice,50,31965184,1
2026-09-05T14:08:59Z,currencyservice,295,89104384,1
2026-09-05T14:08:59Z,emailservice,16,92569600,1
2026-09-05T14:08:59Z,adservice,59,278052864,1
2026-09-05T14:08:59Z,redis-cart,25,34652160,1
2026-09-05T14:09:04Z,frontend,725,75534336,1
2026-09-05T14:09:04Z,cartservice,227,79171584,1
2026-09-05T14:09:04Z,checkoutservice,0,21057536,1
2026-09-05T14:09:04Z,productcatalogservice,228,32911360,1
2026-09-05T14:09:04Z,paymentservice,9,40038400,1
2026-09-05T14:09:04Z,recommendationservice,536,105574400,1
2026-09-05T14:09:04Z,shippingservice,50,31977472,1
2026-09-05T14:09:04Z,currencyservice,295,89116672,1
2026-09-05T14:09:04Z,emailservice,16,92569600,1
2026-09-05T14:09:04Z,adservice,59,278020096,1
2026-09-05T14:09:04Z,redis-cart,25,34652160,1
2026-09-05T14:09:10Z,frontend,56,75534336,1
2026-09-05T14:09:10Z,cartservice,18,79171584,1
2026-09-05T14:09:10Z,checkoutservice,10,21422080,1
2026-09-05T14:09:10Z,productcatalogservice,19,32911360,1
2026-09-05T14:09:10Z,paymentservice,4,40038400,1
2026-09-05T14:09:10Z,recommendationservice,45,105574400,1
2026-09-05T14:09:10Z,shippingservice,8,32043008,1
2026-09-05T14:09:10Z,currencyservice,24,89116672,1
2026-09-05T14:09:10Z,emailservice,7,92569600,1
2026-09-05T14:09:10Z,adservice,30,278020096,1
2026-09-05T14:09:10Z,redis-cart,5,34652160,1
2026-09-05T14:09:15Z,frontend,56,51507200,1
2026-09-05T14:09:15Z,cartservice,18,79126528,1
2026-09-05T14:09:15Z,checkoutservice,10,15482880,1
2026-09-05T14:09:15Z,productcatalogservice,19,31830016,1
2026-09-05T14:09:15Z,paymentservice,4,40058880,1
2026-09-05T14:09:15Z,recommendationservice,45,105574400,1
2026-09-05T14:09:15Z,shippingservice,8,32391168,1
2026-09-05T14:09:15Z,currencyservice,24,89268224,1
2026-09-05T14:09:15Z,emailservice,7,92569600,1
2026-09-05T14:09:15Z,adservice,30,278020096,1
2026-09-05T14:09:15Z,redis-cart,5,34660352,1
2026-09-05T14:09:20Z,frontend,142,50298880,1
2026-09-05T14:09:20Z,cartservice,25,79077376,1
2026-09-05T14:09:20Z,checkoutservice,44,16257024,1
2026-09-05T14:09:20Z,productcatalogservice,59,32616448,1
2026-09-05T14:09:20Z,paymentservice,5,40067072,1
2026-09-05T14:09:20Z,recommendationservice,92,105574400,1
2026-09-05T14:09:20Z,shippingservice,16,31895552,1
2026-09-05T14:09:20Z,currencyservice,42,89104384,1
2026-09-05T14:09:20Z,emailservice,12,92536832,1
2026-09-05T14:09:20Z,adservice,34,278020096,1
2026-09-05T14:09:20Z,redis-cart,7,34672640,1
2026-09-05T14:09:25Z,frontend,142,50028544,1
2026-09-05T14:09:25Z,cartservice,25,79077376,1
2026-09-05T14:09:25Z,checkoutservice,44,16904192,1
2026-09-05T14:09:25Z,productcatalogservice,59,32710656,1
2026-09-05T14:09:25Z,paymentservice,5,40071168,1
2026-09-05T14:09:25Z,recommendationservice,92,105574400,1
2026-09-05T14:09:25Z,shippingservice,16,31502336,1
2026-09-05T14:09:25Z,currencyservice,42,89337856,1
2026-09-05T14:09:25Z,emailservice,12,92536832,1
2026-09-05T14:09:25Z,adservice,34,278020096,1
2026-09-05T14:09:25Z,redis-cart,7,34676736,1
2026-09-05T14:09:31Z,frontend,206,50315264,1
2026-09-05T14:09:31Z,cartservice,37,79077376,1
2026-09-05T14:09:31Z,checkoutservice,68,16953344,1
2026-09-05T14:09:31Z,productcatalogservice,84,32628736,1
2026-09-05T14:09:31Z,paymentservice,7,40075264,1
2026-09-05T14:09:31Z,recommendationservice,130,105541632,1
2026-09-05T14:09:31Z,shippingservice,22,32047104,1
2026-09-05T14:09:31Z,currencyservice,67,89755648,1
2026-09-05T14:09:31Z,emailservice,16,92536832,1
2026-09-05T14:09:31Z,adservice,33,278020096,1
2026-09-05T14:09:31Z,redis-cart,8,34676736,1
2026-09-05T14:09:36Z,frontend,206,50573312,1
2026-09-05T14:09:36Z,cartservice,37,79163392,1
2026-09-05T14:09:36Z,checkoutservice,68,17248256,1
2026-09-05T14:09:36Z,productcatalogservice,84,32038912,1
2026-09-05T14:09:36Z,paymentservice,7,40083456,1
2026-09-05T14:09:36Z,recommendationservice,130,105541632,1
2026-09-05T14:09:36Z,shippingservice,22,32432128,1
2026-09-05T14:09:36Z,currencyservice,67,89116672,1
2026-09-05T14:09:36Z,emailservice,16,92536832,1
2026-09-05T14:09:36Z,adservice,33,278040576,1
2026-09-05T14:09:36Z,redis-cart,8,34676736,1
2026-09-05T14:09:41Z,frontend,215,50077696,1
2026-09-05T14:09:41Z,cartservice,41,79163392,1
2026-09-05T14:09:41Z,checkoutservice,69,16646144,1
2026-09-05T14:09:41Z,productcatalogservice,87,32567296,1
2026-09-05T14:09:41Z,paymentservice,7,40099840,1
2026-09-05T14:09:41Z,recommendationservice,133,105541632,1
2026-09-05T14:09:41Z,shippingservice,22,31657984,1
2026-09-05T14:09:41Z,currencyservice,67,89595904,1
2026-09-05T14:09:41Z,emailservice,15,92536832,1
2026-09-05T14:09:41Z,adservice,40,278040576,1
2026-09-05T14:09:41Z,redis-cart,8,34689024,1
2026-09-05T14:09:46Z,frontend,215,50626560,1
2026-09-05T14:09:46Z,cartservice,41,79466496,1
2026-09-05T14:09:46Z,checkoutservice,69,17620992,1
2026-09-05T14:09:46Z,productcatalogservice,87,32444416,1
2026-09-05T14:09:46Z,paymentservice,7,40103936,1
2026-09-05T14:09:46Z,recommendationservice,133,105541632,1
2026-09-05T14:09:46Z,shippingservice,22,31481856,1
2026-09-05T14:09:46Z,currencyservice,67,89034752,1
2026-09-05T14:09:46Z,emailservice,15,92536832,1
2026-09-05T14:09:46Z,adservice,40,278040576,1
2026-09-05T14:09:46Z,redis-cart,8,34689024,1
2026-09-05T14:09:52Z,frontend,203,49393664,1
2026-09-05T14:09:52Z,cartservice,39,79495168,1
2026-09-05T14:09:52Z,checkoutservice,66,17235968,1
2026-09-05T14:09:52Z,productcatalogservice,81,32800768,1
2026-09-05T14:09:52Z,paymentservice,7,40112128,1
2026-09-05T14:09:52Z,recommendationservice,126,105541632,1
2026-09-05T14:09:52Z,shippingservice,20,32493568,1
2026-09-05T14:09:52Z,currencyservice,59,89395200,1
2026-09-05T14:09:52Z,emailservice,16,92536832,1
2026-09-05T14:09:52Z,adservice,38,278040576,1
2026-09-05T14:09:52Z,redis-cart,13,34689024,1
2026-09-05T14:09:57Z,frontend,203,49889280,1
2026-09-05T14:09:57Z,cartservice,39,79585280,1
2026-09-05T14:09:57Z,checkoutservice,66,17383424,1
2026-09-05T14:09:57Z,productcatalogservice,81,32546816,1
2026-09-05T14:09:57Z,paymentservice,7,40124416,1
2026-09-05T14:09:57Z,recommendationservice,126,105476096,1
2026-09-05T14:09:57Z,shippingservice,20,32403456,1
2026-09-05T14:09:57Z,currencyservice,59,89022464,1
2026-09-05T14:09:57Z,emailservice,16,92536832,1
2026-09-05T14:09:57Z,adservice,38,277467136,1
2026-09-05T14:09:57Z,redis-cart,13,34689024,1
2026-09-05T14:10:02Z,frontend,210,50065408,1
2026-09-05T14:10:02Z,cartservice,39,79585280,1
2026-09-05T14:10:02Z,checkoutservice,68,18022400,1
2026-09-05T14:10:02Z,productcatalogservice,88,32440320,1
2026-09-05T14:10:02Z,paymentservice,7,40124416,1
2026-09-05T14:10:02Z,recommendationservice,134,105476096,1
2026-09-05T14:10:02Z,shippingservice,22,32247808,1
2026-09-05T14:10:02Z,currencyservice,66,89329664,1
2026-09-05T14:10:02Z,emailservice,17,92536832,1
2026-09-05T14:10:02Z,adservice,37,277467136,1
2026-09-05T14:10:02Z,redis-cart,8,34684928,1
2026-09-05T14:10:07Z,frontend,210,49557504,1
2026-09-05T14:10:07Z,cartservice,39,79585280,1
2026-09-05T14:10:07Z,checkoutservice,68,17924096,1
2026-09-05T14:10:07Z,productcatalogservice,88,31698944,1
2026-09-05T14:10:07Z,paymentservice,7,40095744,1
2026-09-05T14:10:07Z,recommendationservice,134,105476096,1
2026-09-05T14:10:07Z,shippingservice,22,32600064,1
2026-09-05T14:10:07Z,currencyservice,66,88383488,1
2026-09-05T14:10:07Z,emailservice,17,92504064,1
2026-09-05T14:10:07Z,adservice,37,277467136,1
2026-09-05T14:10:07Z,redis-cart,8,34684928,1
2026-09-05T14:10:13Z,frontend,218,49684480,1
2026-09-05T14:10:13Z,cartservice,40,79585280,1
2026-09-05T14:10:13Z,checkoutservice,76,18145280,1
2026-09-05T14:10:13Z,productcatalogservice,90,32751616,1
2026-09-05T14:10:13Z,paymentservice,7,40108032,1
2026-09-05T14:10:13Z,recommendationservice,142,105476096,1
2026-09-05T14:10:13Z,shippingservice,22,32354304,1
2026-09-05T14:10:13Z,currencyservice,65,88637440,1
2026-09-05T14:10:13Z,emailservice,17,92504064,1
2026-09-05T14:10:13Z,adservice,44,277467136,1
2026-09-05T14:10:13Z,redis-cart,9,34684928,1
2026-09-05T14:10:18Z,frontend,218,48828416,1
2026-09-05T14:10:18Z,cartservice,40,79634432,1
2026-09-05T14:10:18Z,checkoutservice,76,15941632,1
2026-09-05T14:10:18Z,productcatalogservice,90,32452608,1
2026-09-05T14:10:18Z,paymentservice,7,40120320,1
2026-09-05T14:10:18Z,recommendationservice,142,105476096,1
2026-09-05T14:10:18Z,shippingservice,22,32198656,1
2026-09-05T14:10:18Z,currencyservice,65,88248320,1
2026-09-05T14:10:18Z,emailservice,17,92504064,1
2026-09-05T14:10:18Z,adservice,44,277381120,1
2026-09-05T14:10:18Z,redis-cart,9,34684928,1
2026-09-05T14:10:23Z,frontend,226,49311744,1
2026-09-05T14:10:23Z,cartservice,40,79634432,1
2026-09-05T14:10:23Z,checkoutservice,76,19165184,1
2026-09-05T14:10:23Z,productcatalogservice,87,32190464,1
2026-09-05T14:10:23Z,paymentservice,7,40128512,1
2026-09-05T14:10:23Z,recommendationservice,140,105476096,1
2026-09-05T14:10:23Z,shippingservice,24,32075776,1
2026-09-05T14:10:23Z,currencyservice,68,88563712,1
2026-09-05T14:10:23Z,emailservice,15,92504064,1
2026-09-05T14:10:23Z,adservice,42,277381120,1
2026-09-05T14:10:23Z,redis-cart,8,34684928,1
2026-09-05T14:10:29Z,frontend,224,49283072,1
2026-09-05T14:10:29Z,cartservice,47,79806464,1
2026-09-05T14:10:29Z,checkoutservice,76,17272832,1
2026-09-05T14:10:29Z,productcatalogservice,90,31977472,1
2026-09-05T14:10:29Z,paymentservice,8,40132608,1
2026-09-05T14:10:29Z,recommendationservice,142,105476096,1
2026-09-05T14:10:29Z,shippingservice,23,32366592,1
2026-09-05T14:10:29Z,currencyservice,69,89161728,1
2026-09-05T14:10:29Z,emailservice,17,92504064,1
2026-09-05T14:10:29Z,adservice,40,277381120,1
2026-09-05T14:10:29Z,redis-cart,9,34684928,1
2026-09-05T14:10:34Z,frontend,224,49270784,1
2026-09-05T14:10:34Z,cartservice,47,79806464,1
2026-09-05T14:10:34Z,checkoutservice,76,17018880,1
2026-09-05T14:10:34Z,productcatalogservice,90,32251904,1
2026-09-05T14:10:34Z,paymentservice,8,40136704,1
2026-09-05T14:10:34Z,recommendationservice,142,105476096,1
2026-09-05T14:10:34Z,shippingservice,23,32759808,1
2026-09-05T14:10:34Z,currencyservice,69,88915968,1
2026-09-05T14:10:34Z,emailservice,17,92504064,1
2026-09-05T14:10:34Z,adservice,40,277381120,1
2026-09-05T14:10:34Z,redis-cart,9,34684928,1
2026-09-05T14:10:39Z,frontend,219,48091136,1
2026-09-05T14:10:39Z,cartservice,38,80011264,1
2026-09-05T14:10:39Z,checkoutservice,68,18567168,1
2026-09-05T14:10:39Z,productcatalogservice,88,32694272,1
2026-09-05T14:10:39Z,paymentservice,7,40144896,1
2026-09-05T14:10:39Z,recommendationservice,135,105476096,1
2026-09-05T14:10:39Z,shippingservice,22,32407552,1
2026-09-05T14:10:39Z,currencyservice,70,89546752,1
2026-09-05T14:10:39Z,emailservice,16,92512256,1
2026-09-05T14:10:39Z,adservice,41,277295104,1
2026-09-05T14:10:39Z,redis-cart,8,34684928,1
2026-09-05T14:10:44Z,frontend,219,47984640,1
2026-09-05T14:10:44Z,cartservice,38,80011264,1
2026-09-05T14:10:44Z,checkoutservice,68,17440768,1
2026-09-05T14:10:44Z,productcatalogservice,88,32862208,1
2026-09-05T14:10:44Z,paymentservice,7,40157184,1
2026-09-05T14:10:44Z,recommendationservice,135,105476096,1
2026-09-05T14:10:44Z,shippingservice,22,32276480,1
2026-09-05T14:10:44Z,currencyservice,70,89018368,1
2026-09-05T14:10:44Z,emailservice,16,92512256,1
2026-09-05T14:10:44Z,adservice,41,277295104,1
2026-09-05T14:10:44Z,redis-cart,8,34684928,1
2026-09-05T14:10:50Z,frontend,218,48939008,1
2026-09-05T14:10:50Z,cartservice,39,79974400,1
2026-09-05T14:10:50Z,checkoutservice,70,18534400,1
2026-09-05T14:10:50Z,productcatalogservice,88,33026048,1
2026-09-05T14:10:50Z,paymentservice,7,40173568,1
2026-09-05T14:10:50Z,recommendationservice,136,105480192,1
2026-09-05T14:10:50Z,shippingservice,21,32071680,1
2026-09-05T14:10:50Z,currencyservice,67,89321472,1
2026-09-05T14:10:50Z,emailservice,16,92512256,1
2026-09-05T14:10:50Z,adservice,41,277295104,1
2026-09-05T14:10:50Z,redis-cart,9,34684928,1
2026-09-05T14:10:55Z,frontend,218,49180672,1
2026-09-05T14:10:55Z,cartservice,39,79982592,1
2026-09-05T14:10:55Z,checkoutservice,70,16838656,1
2026-09-05T14:10:55Z,productcatalogservice,88,32673792,1
2026-09-05T14:10:55Z,paymentservice,7,40181760,1
2026-09-05T14:10:55Z,recommendationservice,136,105480192,1
2026-09-05T14:10:55Z,shippingservice,21,32448512,1
2026-09-05T14:10:55Z,currencyservice,67,88674304,1
2026-09-05T14:10:55Z,emailservice,16,92512256,1
2026-09-05T14:10:55Z,adservice,41,277295104,1
2026-09-05T14:10:55Z,redis-cart,9,34684928,1
2026-09-05T14:11:00Z,frontend,209,48652288,1
2026-09-05T14:11:00Z,cartservice,44,79699968,1
2026-09-05T14:11:00Z,checkoutservice,75,17076224,1
2026-09-05T14:11:00Z,productcatalogservice,89,32751616,1
2026-09-05T14:11:00Z,paymentservice,7,40194048,1
2026-09-05T14:11:00Z,recommendationservice,135,105480192,1
2026-09-05T14:11:00Z,shippingservice,22,32079872,1
2026-09-05T14:11:00Z,currencyservice,65,88989696,1
2026-09-05T14:11:00Z,emailservice,16,92512256,1
2026-09-05T14:11:00Z,adservice,37,277295104,1
2026-09-05T14:11:00Z,redis-cart,8,38694912,1
2026-09-05T14:11:05Z,frontend,209,49467392,1
2026-09-05T14:11:05Z,cartservice,44,79699968,1
2026-09-05T14:11:05Z,checkoutservice,75,18616320,1
2026-09-05T14:11:05Z,productcatalogservice,89,32813056,1
2026-09-05T14:11:05Z,paymentservice,7,40214528,1
2026-09-05T14:11:05Z,recommendationservice,135,105480192,1
2026-09-05T14:11:05Z,shippingservice,22,32243712,1
2026-09-05T14:11:05Z,currencyservice,65,88952832,1
2026-09-05T14:11:05Z,emailservice,16,92446720,1
2026-09-05T14:11:05Z,adservice,37,277295104,1
2026-09-05T14:11:05Z,redis-cart,8,34754560,1
2026-09-05T14:11:11Z,frontend,223,49737728,1
2026-09-05T14:11:11Z,cartservice,41,79585280,1
2026-09-05T14:11:11Z,checkoutservice,71,16564224,1
2026-09-05T14:11:11Z,productcatalogservice,90,32440320,1
2026-09-05T14:11:11Z,paymentservice,7,40222720,1
2026-09-05T14:11:11Z,recommendationservice,138,105480192,1
2026-09-05T14:11:11Z,shippingservice,22,32415744,1
2026-09-05T14:11:11Z,currencyservice,70,89210880,1
2026-09-05T14:11:11Z,emailservice,16,92446720,1
2026-09-05T14:11:11Z,adservice,42,277295104,1
2026-09-05T14:11:11Z,redis-cart,14,34754560,1
2026-09-05T14:11:16Z,frontend,223,49233920,1
2026-09-05T14:11:16Z,cartservice,41,79601664,1
2026-09-05T14:11:16Z,checkoutservice,71,17846272,1
2026-09-05T14:11:16Z,productcatalogservice,90,32665600,1
2026-09-05T14:11:16Z,paymentservice,7,40230912,1
2026-09-05T14:11:16Z,recommendationservice,138,105480192,1
2026-09-05T14:11:16Z,shippingservice,22,32411648,1
2026-09-05T14:11:16Z,currencyservice,70,88576000,1
2026-09-05T14:11:16Z,emailservice,16,92446720,1
2026-09-05T14:11:16Z,adservice,42,277319680,1
2026-09-05T14:11:16Z,redis-cart,14,34754560,1
2026-09-05T14:11:21Z,frontend,217,49844224,1
2026-09-05T14:11:21Z,cartservice,40,79556608,1
2026-09-05T14:11:21Z,checkoutservice,70,17285120,1
2026-09-05T14:11:21Z,productcatalogservice,87,32575488,1
2026-09-05T14:11:21Z,paymentservice,6,40235008,1
2026-09-05T14:11:21Z,recommendationservice,138,105480192,1
2026-09-05T14:11:21Z,shippingservice,21,32067584,1
2026-09-05T14:11:21Z,currencyservice,70,88834048,1
2026-09-05T14:11:21Z,emailservice,16,92446720,1
2026-09-05T14:11:21Z,adservice,40,277319680,1
2026-09-05T14:11:21Z,redis-cart,9,34754560,1
2026-09-05T14:11:26Z,frontend,217,48934912,1
2026-09-05T14:11:26Z,cartservice,40,79556608,1
2026-09-05T14:11:26Z,checkoutservice,70,17534976,1
2026-09-05T14:11:26Z,productcatalogservice,87,32514048,1
2026-09-05T14:11:26Z,paymentservice,6,40243200,1
2026-09-05T14:11:26Z,recommendationservice,138,105512960,1
2026-09-05T14:11:26Z,shippingservice,21,32370688,1
2026-09-05T14:11:26Z,currencyservice,70,89219072,1
2026-09-05T14:11:26Z,emailservice,16,92446720,1
2026-09-05T14:11:26Z,adservice,40,277319680,1
2026-09-05T14:11:26Z,redis-cart,9,34754560,1
2026-09-05T14:11:32Z,frontend,214,48173056,1
2026-09-05T14:11:32Z,cartservice,41,79486976,1
2026-09-05T14:11:32Z,checkoutservice,66,18128896,1
2026-09-05T14:11:32Z,productcatalogservice,88,31875072,1
2026-09-05T14:11:32Z,paymentservice,7,40251392,1
2026-09-05T14:11:32Z,recommendationservice,136,105512960,1
2026-09-05T14:11:32Z,shippingservice,21,32071680,1
2026-09-05T14:11:32Z,currencyservice,65,88739840,1
2026-09-05T14:11:32Z,emailservice,16,92446720,1
2026-09-05T14:11:32Z,adservice,37,277319680,1
2026-09-05T14:11:32Z,redis-cart,8,34754560,1
2026-09-05T14:11:37Z,frontend,214,48390144,1
2026-09-05T14:11:37Z,cartservice,41,79486976,1
2026-09-05T14:11:37Z,checkoutservice,66,17862656,1
2026-09-05T14:11:37Z,productcatalogservice,88,31793152,1
2026-09-05T14:11:37Z,paymentservice,7,40259584,1
2026-09-05T14:11:37Z,recommendationservice,136,105512960,1
2026-09-05T14:11:37Z,shippingservice,21,31805440,1
2026-09-05T14:11:37Z,currencyservice,65,89288704,1
2026-09-05T14:11:37Z,emailservice,16,92446720,1
2026-09-05T14:11:37Z,adservice,37,277319680,1
2026-09-05T14:11:37Z,redis-cart,8,34754560,1
2026-09-05T14:11:42Z,frontend,220,48926720,1
2026-09-05T14:11:42Z,cartservice,37,79486976,1
2026-09-05T14:11:42Z,checkoutservice,70,18644992,1
2026-09-05T14:11:42Z,productcatalogservice,92,32849920,1
2026-09-05T14:11:42Z,paymentservice,7,40275968,1
2026-09-05T14:11:42Z,recommendationservice,139,105512960,1
2026-09-05T14:11:42Z,shippingservice,22,31682560,1
2026-09-05T14:11:42Z,currencyservice,71,88842240,1
2026-09-05T14:11:42Z,emailservice,16,92479488,1
2026-09-05T14:11:42Z,adservice,40,277319680,1
2026-09-05T14:11:42Z,redis-cart,9,34754560,1
2026-09-05T14:11:47Z,frontend,220,48480256,1
2026-09-05T14:11:47Z,cartservice,37,79540224,1
2026-09-05T14:11:47Z,checkoutservice,70,18034688,1
2026-09-05T14:11:47Z,productcatalogservice,92,32149504,1
2026-09-05T14:11:47Z,paymentservice,7,40280064,1
2026-09-05T14:11:47Z,recommendationservice,139,105512960,1
2026-09-05T14:11:47Z,shippingservice,22,31326208,1
2026-09-05T14:11:47Z,currencyservice,71,89223168,1
2026-09-05T14:11:47Z,emailservice,16,92479488,1
2026-09-05T14:11:47Z,adservice,40,277319680,1
2026-09-05T14:11:47Z,redis-cart,9,34754560,1
2026-09-05T14:11:53Z,frontend,202,49328128,1
2026-09-05T14:11:53Z,cartservice,44,79552512,1
2026-09-05T14:11:53Z,checkoutservice,67,17702912,1
2026-09-05T14:11:53Z,productcatalogservice,81,31989760,1
2026-09-05T14:11:53Z,paymentservice,7,40280064,1
2026-09-05T14:11:53Z,recommendationservice,126,105512960,1
2026-09-05T14:11:53Z,shippingservice,21,32043008,1
2026-09-05T14:11:53Z,currencyservice,64,88817664,1
2026-09-05T14:11:53Z,emailservice,15,92512256,1
2026-09-05T14:11:53Z,adservice,37,277319680,1
2026-09-05T14:11:53Z,redis-cart,8,34754560,1
2026-09-05T14:11:58Z,frontend,202,50069504,1
2026-09-05T14:11:58Z,cartservice,44,79560704,1
2026-09-05T14:11:58Z,checkoutservice,67,18096128,1
2026-09-05T14:11:58Z,productcatalogservice,81,32776192,1
2026-09-05T14:11:58Z,paymentservice,7,40284160,1
2026-09-05T14:11:58Z,recommendationservice,126,105512960,1
2026-09-05T14:11:58Z,shippingservice,21,31989760,1
2026-09-05T14:11:58Z,currencyservice,64,89120768,1
2026-09-05T14:11:58Z,emailservice,15,92512256,1
2026-09-05T14:11:58Z,adservice,37,277319680,1
2026-09-05T14:11:58Z,redis-cart,8,34754560,1
2026-09-05T14:12:03Z,frontend,206,48128000,1
2026-09-05T14:12:03Z,cartservice,47,79564800,1
2026-09-05T14:12:03Z,checkoutservice,69,17506304,1
2026-09-05T14:12:03Z,productcatalogservice,84,32968704,1
2026-09-05T14:12:03Z,paymentservice,6,40300544,1
2026-09-05T14:12:03Z,recommendationservice,126,105512960,1
2026-09-05T14:12:03Z,shippingservice,20,32378880,1
2026-09-05T14:12:03Z,currencyservice,61,88743936,1
2026-09-05T14:12:03Z,emailservice,16,92536832,1
2026-09-05T14:12:03Z,adservice,36,277319680,1
2026-09-05T14:12:03Z,redis-cart,8,34754560,1
2026-09-05T14:12:08Z,frontend,206,48607232,1
2026-09-05T14:12:08Z,cartservice,47,79564800,1
2026-09-05T14:12:08Z,checkoutservice,69,18812928,1
2026-09-05T14:12:08Z,productcatalogservice,84,32874496,1
2026-09-05T14:12:08Z,paymentservice,6,40308736,1
2026-09-05T14:12:08Z,recommendationservice,126,105512960,1
2026-09-05T14:12:08Z,shippingservice,20,32161792,1
2026-09-05T14:12:08Z,currencyservice,61,89079808,1
2026-09-05T14:12:08Z,emailservice,16,92536832,1
2026-09-05T14:12:08Z,adservice,36,277393408,1
2026-09-05T14:12:08Z,redis-cart,8,34754560,1
2026-09-05T14:12:14Z,frontend,212,48148480,1
2026-09-05T14:12:14Z,cartservice,39,79568896,1
2026-09-05T14:12:14Z,checkoutservice,63,17543168,1
2026-09-05T14:12:14Z,productcatalogservice,86,32837632,1
2026-09-05T14:12:14Z,paymentservice,7,40316928,1
2026-09-05T14:12:14Z,recommendationservice,132,105512960,1
2026-09-05T14:12:14Z,shippingservice,22,32206848,1
2026-09-05T14:12:14Z,currencyservice,66,88674304,1
2026-09-05T14:12:14Z,emailservice,15,92536832,1
2026-09-05T14:12:14Z,adservice,38,277393408,1
2026-09-05T14:12:14Z,redis-cart,8,34754560,1
2026-09-05T14:12:19Z,frontend,212,49025024,1
2026-09-05T14:12:19Z,cartservice,39,79527936,1
2026-09-05T14:12:19Z,checkoutservice,63,17395712,1
2026-09-05T14:12:19Z,productcatalogservice,86,32944128,1
2026-09-05T14:12:19Z,paymentservice,7,40325120,1
2026-09-05T14:12:19Z,recommendationservice,132,105512960,1
2026-09-05T14:12:19Z,shippingservice,22,32763904,1
2026-09-05T14:12:19Z,currencyservice,66,89169920,1
2026-09-05T14:12:19Z,emailservice,15,92536832,1
2026-09-05T14:12:19Z,adservice,38,277393408,1
2026-09-05T14:12:19Z,redis-cart,8,36859904,1
2026-09-05T14:12:24Z,frontend,204,47767552,1
2026-09-05T14:12:24Z,cartservice,37,79486976,1
2026-09-05T14:12:24Z,checkoutservice,67,18616320,1
2026-09-05T14:12:24Z,productcatalogservice,84,32747520,1
2026-09-05T14:12:24Z,paymentservice,7,40333312,1
2026-09-05T14:12:24Z,recommendationservice,127,105512960,1
2026-09-05T14:12:24Z,shippingservice,20,32133120,1
2026-09-05T14:12:24Z,currencyservice,68,88707072,1
2026-09-05T14:12:24Z,emailservice,16,92536832,1
2026-09-05T14:12:24Z,adservice,38,277393408,1
2026-09-05T14:12:24Z,redis-cart,12,34832384,1
2026-09-05T14:12:30Z,frontend,199,47980544,1
2026-09-05T14:12:30Z,cartservice,37,79486976,1
2026-09-05T14:12:30Z,checkoutservice,64,17866752,1
2026-09-05T14:12:30Z,productcatalogservice,82,32858112,1
2026-09-05T14:12:30Z,paymentservice,7,40349696,1
2026-09-05T14:12:30Z,recommendationservice,123,105512960,1
2026-09-05T14:12:30Z,shippingservice,20,32845824,1
2026-09-05T14:12:30Z,currencyservice,61,89198592,1
2026-09-05T14:12:30Z,emailservice,15,92536832,1
2026-09-05T14:12:30Z,adservice,33,277393408,1
2026-09-05T14:12:30Z,redis-cart,9,34832384,1
2026-09-05T14:12:35Z,frontend,199,48689152,1
2026-09-05T14:12:35Z,cartservice,37,79691776,1
2026-09-05T14:12:35Z,checkoutservice,64,17768448,1
2026-09-05T14:12:35Z,productcatalogservice,82,31879168,1
2026-09-05T14:12:35Z,paymentservice,7,40357888,1
2026-09-05T14:12:35Z,recommendationservice,123,105512960,1
2026-09-05T14:12:35Z,shippingservice,20,31567872,1
2026-09-05T14:12:35Z,currencyservice,61,87990272,1
2026-09-05T14:12:35Z,emailservice,15,92536832,1
2026-09-05T14:12:35Z,adservice,33,277393408,1
2026-09-05T14:12:35Z,redis-cart,9,34832384,1
2026-09-05T14:12:40Z,frontend,206,49410048,1
2026-09-05T14:12:40Z,cartservice,37,79691776,1
2026-09-05T14:12:40Z,checkoutservice,67,18968576,1
2026-09-05T14:12:40Z,productcatalogservice,84,32276480,1
2026-09-05T14:12:40Z,paymentservice,6,40370176,1
2026-09-05T14:12:40Z,recommendationservice,129,105512960,1
2026-09-05T14:12:40Z,shippingservice,21,32100352,1
2026-09-05T14:12:40Z,currencyservice,65,88285184,1
2026-09-05T14:12:40Z,emailservice,16,92536832,1
2026-09-05T14:12:40Z,adservice,38,277393408,1
2026-09-05T14:12:40Z,redis-cart,8,34832384,1
2026-09-05T14:12:45Z,frontend,206,49631232,1
2026-09-05T14:12:45Z,cartservice,37,79806464,1
2026-09-05T14:12:45Z,checkoutservice,67,17915904,1
2026-09-05T14:12:45Z,productcatalogservice,84,32686080,1
2026-09-05T14:12:45Z,paymentservice,6,40378368,1
2026-09-05T14:12:45Z,recommendationservice,129,105512960,1
2026-09-05T14:12:45Z,shippingservice,21,31858688,1
2026-09-05T14:12:45Z,currencyservice,65,88379392,1
2026-09-05T14:12:45Z,emailservice,16,92536832,1
2026-09-05T14:12:45Z,adservice,38,277393408,1
2026-09-05T14:12:45Z,redis-cart,8,34832384,1
2026-09-05T14:12:51Z,frontend,207,47984640,1
2026-09-05T14:12:51Z,cartservice,40,79806464,1
2026-09-05T14:12:51Z,checkoutservice,63,19042304,1
2026-09-05T14:12:51Z,productcatalogservice,85,32591872,1
2026-09-05T14:12:51Z,paymentservice,6,40382464,1
2026-09-05T14:12:51Z,recommendationservice,129,105512960,1
2026-09-05T14:12:51Z,shippingservice,21,31334400,1
2026-09-05T14:12:51Z,currencyservice,67,88645632,1
2026-09-05T14:12:51Z,emailservice,15,92536832,1
2026-09-05T14:12:51Z,adservice,37,277393408,1
2026-09-05T14:12:51Z,redis-cart,8,34832384,1
2026-09-05T14:12:56Z,frontend,207,48779264,1
2026-09-05T14:12:56Z,cartservice,40,80035840,1
2026-09-05T14:12:56Z,checkoutservice,63,16916480,1
2026-09-05T14:12:56Z,productcatalogservice,85,32489472,1
2026-09-05T14:12:56Z,paymentservice,6,40402944,1
2026-09-05T14:12:56Z,recommendationservice,129,105512960,1
2026-09-05T14:12:56Z,shippingservice,21,32264192,1
2026-09-05T14:12:56Z,currencyservice,67,89391104,1
2026-09-05T14:12:56Z,emailservice,15,92536832,1
2026-09-05T14:12:56Z,adservice,37,277393408,1
2026-09-05T14:12:56Z,redis-cart,8,34832384,1
2026-09-05T14:13:01Z,frontend,196,48095232,1
2026-09-05T14:13:01Z,cartservice,38,80035840,1
2026-09-05T14:13:01Z,checkoutservice,66,18374656,1
2026-09-05T14:13:01Z,productcatalogservice,80,32845824,1
2026-09-05T14:13:01Z,paymentservice,7,40411136,1
2026-09-05T14:13:01Z,recommendationservice,122,105512960,1
2026-09-05T14:13:01Z,shippingservice,20,32227328,1
2026-09-05T14:13:01Z,currencyservice,63,88907776,1
2026-09-05T14:13:01Z,emailservice,15,92504064,1
2026-09-05T14:13:01Z,adservice,34,277393408,1
2026-09-05T14:13:01Z,redis-cart,8,34828288,1
2026-09-05T14:13:06Z,frontend,196,48676864,1
2026-09-05T14:13:06Z,cartservice,38,80134144,1
2026-09-05T14:13:06Z,checkoutservice,66,19013632,1
2026-09-05T14:13:06Z,productcatalogservice,80,32727040,1
2026-09-05T14:13:06Z,paymentservice,7,40435712,1
2026-09-05T14:13:06Z,recommendationservice,122,105512960,1
2026-09-05T14:13:06Z,shippingservice,20,31752192,1
2026-09-05T14:13:06Z,currencyservice,63,89313280,1
2026-09-05T14:13:06Z,emailservice,15,92504064,1
2026-09-05T14:13:06Z,adservice,34,277393408,1
2026-09-05T14:13:06Z,redis-cart,8,34828288,1
2026-09-05T14:13:12Z,frontend,205,48197632,1
2026-09-05T14:13:12Z,cartservice,45,80314368,1
2026-09-05T14:13:12Z,checkoutservice,63,18223104,1
2026-09-05T14:13:12Z,productcatalogservice,81,32858112,1
2026-09-05T14:13:12Z,paymentservice,7,40460288,1
2026-09-05T14:13:12Z,recommendationservice,125,106291200,1
2026-09-05T14:13:12Z,shippingservice,21,31727616,1
2026-09-05T14:13:12Z,currencyservice,65,88776704,1
2026-09-05T14:13:12Z,emailservice,16,92504064,1
2026-09-05T14:13:12Z,adservice,38,277393408,1
2026-09-05T14:13:12Z,redis-cart,8,34828288,1
2026-09-05T14:13:17Z,frontend,205,49532928,1
2026-09-05T14:13:17Z,cartservice,45,80400384,1
2026-09-05T14:13:17Z,checkoutservice,63,18665472,1
2026-09-05T14:13:17Z,productcatalogservice,81,32436224,1
2026-09-05T14:13:17Z,paymentservice,7,40484864,1
2026-09-05T14:13:17Z,recommendationservice,125,105512960,1
2026-09-05T14:13:17Z,shippingservice,21,31793152,1
2026-09-05T14:13:17Z,currencyservice,65,89153536,1
2026-09-05T14:13:17Z,emailservice,16,92438528,1
2026-09-05T14:13:17Z,adservice,38,277393408,1
2026-09-05T14:13:17Z,redis-cart,8,34828288,1
2026-09-05T14:13:22Z,frontend,201,48742400,1
2026-09-05T14:13:22Z,cartservice,54,80535552,1
2026-09-05T14:13:22Z,checkoutservice,64,18423808,1
2026-09-05T14:13:22Z,productcatalogservice,82,32882688,1
2026-09-05T14:13:22Z,paymentservice,7,40513536,1
2026-09-05T14:13:22Z,recommendationservice,126,105512960,1
2026-09-05T14:13:22Z,shippingservice,21,32178176,1
2026-09-05T14:13:22Z,currencyservice,61,88604672,1
2026-09-05T14:13:22Z,emailservice,16,92438528,1
2026-09-05T14:13:22Z,adservice,36,277393408,1
2026-09-05T14:13:22Z,redis-cart,8,34828288,1
2026-09-05T14:13:27Z,frontend,201,48254976,1
2026-09-05T14:13:27Z,cartservice,54,80760832,1
2026-09-05T14:13:27Z,checkoutservice,64,17367040,1
2026-09-05T14:13:27Z,productcatalogservice,82,32645120,1
2026-09-05T14:13:27Z,paymentservice,7,40542208,1
2026-09-05T14:13:27Z,recommendationservice,126,105512960,1
2026-09-05T14:13:27Z,shippingservice,21,31875072,1
2026-09-05T14:13:27Z,currencyservice,61,88956928,1
2026-09-05T14:13:27Z,emailservice,16,92438528,1
2026-09-05T14:13:27Z,adservice,36,277393408,1
2026-09-05T14:13:27Z,redis-cart,8,34832384,1
2026-09-05T14:13:33Z,frontend,203,47857664,1
2026-09-05T14:13:33Z,cartservice,55,80760832,1
2026-09-05T14:13:33Z,checkoutservice,68,18481152,1
2026-09-05T14:13:33Z,productcatalogservice,84,31559680,1
2026-09-05T14:13:33Z,paymentservice,7,40570880,1
2026-09-05T14:13:33Z,recommendationservice,127,105512960,1
2026-09-05T14:13:33Z,shippingservice,21,32714752,1
2026-09-05T14:13:33Z,currencyservice,62,87977984,1
2026-09-05T14:13:33Z,emailservice,15,92438528,1
2026-09-05T14:13:33Z,adservice,35,277360640,1
2026-09-05T14:13:33Z,redis-cart,8,34832384,1
2026-09-05T14:13:38Z,frontend,203,47931392,1
2026-09-05T14:13:38Z,cartservice,55,80773120,1
2026-09-05T14:13:38Z,checkoutservice,68,17252352,1
2026-09-05T14:13:38Z,productcatalogservice,84,32501760,1
2026-09-05T14:13:38Z,paymentservice,7,40599552,1
2026-09-05T14:13:38Z,recommendationservice,127,105517056,1
2026-09-05T14:13:38Z,shippingservice,21,32296960,1
2026-09-05T14:13:38Z,currencyservice,62,88326144,1
2026-09-05T14:13:38Z,emailservice,15,92442624,1
2026-09-05T14:13:38Z,adservice,35,277082112,1
2026-09-05T14:13:38Z,redis-cart,8,34893824,1
2026-09-05T14:13:43Z,frontend,204,48918528,1
2026-09-05T14:13:43Z,cartservice,57,80777216,1
2026-09-05T14:13:43Z,checkoutservice,65,18169856,1
2026-09-05T14:13:43Z,productcatalogservice,82,32612352,1
2026-09-05T14:13:43Z,paymentservice,6,40632320,1
2026-09-05T14:13:43Z,recommendationservice,123,105517056,1
2026-09-05T14:13:43Z,shippingservice,20,31551488,1
2026-09-05T14:13:43Z,currencyservice,68,88035328,1
2026-09-05T14:13:43Z,emailservice,15,92475392,1
2026-09-05T14:13:43Z,adservice,37,277082112,1
2026-09-05T14:13:43Z,redis-cart,14,34893824,1
2026-09-05T14:13:48Z,frontend,204,48291840,1
2026-09-05T14:13:48Z,cartservice,57,80789504,1
2026-09-05T14:13:48Z,checkoutservice,65,18575360,1
2026-09-05T14:13:48Z,productcatalogservice,82,32800768,1
2026-09-05T14:13:48Z,paymentservice,6,40652800,1
2026-09-05T14:13:48Z,recommendationservice,123,105517056,1
2026-09-05T14:13:48Z,shippingservice,20,32550912,1
2026-09-05T14:13:48Z,currencyservice,68,88301568,1
2026-09-05T14:13:48Z,emailservice,15,92475392,1
2026-09-05T14:13:48Z,adservice,37,277049344,1
2026-09-05T14:13:48Z,redis-cart,14,34893824,1
2026-09-05T14:13:54Z,frontend,209,47321088,1
2026-09-05T14:13:54Z,cartservice,57,80801792,1
2026-09-05T14:13:54Z,checkoutservice,68,17059840,1
2026-09-05T14:13:54Z,productcatalogservice,83,32956416,1
2026-09-05T14:13:54Z,paymentservice,6,40689664,1
2026-09-05T14:13:54Z,recommendationservice,127,105517056,1
2026-09-05T14:13:54Z,shippingservice,20,33001472,1
2026-09-05T14:13:54Z,currencyservice,66,88002560,1
2026-09-05T14:13:54Z,emailservice,15,92475392,1
2026-09-05T14:13:54Z,adservice,38,277049344,1
2026-09-05T14:13:54Z,redis-cart,8,34893824,1
2026-09-05T14:13:59Z,frontend,209,47370240,1
2026-09-05T14:13:59Z,cartservice,57,80814080,1
2026-09-05T14:13:59Z,checkoutservice,68,18407424,1
2026-09-05T14:13:59Z,productcatalogservice,83,31698944,1
2026-09-05T14:13:59Z,paymentservice,6,40718336,1
2026-09-05T14:13:59Z,recommendationservice,127,105517056,1
2026-09-05T14:13:59Z,shippingservice,20,31375360,1
2026-09-05T14:13:59Z,currencyservice,66,88322048,1
2026-09-05T14:13:59Z,emailservice,15,92475392,1
2026-09-05T14:13:59Z,adservice,38,277110784,1
2026-09-05T14:13:59Z,redis-cart,8,34893824,1
2026-09-05T14:14:04Z,frontend,213,48058368,1
2026-09-05T14:14:04Z,cartservice,53,80822272,1
2026-09-05T14:14:04Z,checkoutservice,68,18534400,1
2026-09-05T14:14:04Z,productcatalogservice,82,33210368,1
2026-09-05T14:14:04Z,paymentservice,6,40755200,1
2026-09-05T14:14:04Z,recommendationservice,127,105517056,1
2026-09-05T14:14:04Z,shippingservice,21,31350784,1
2026-09-05T14:14:04Z,currencyservice,65,88276992,1
2026-09-05T14:14:04Z,emailservice,15,92475392,1
2026-09-05T14:14:04Z,adservice,34,277127168,1
2026-09-05T14:14:04Z,redis-cart,8,34893824,1
2026-09-05T14:14:09Z,frontend,213,47284224,1
2026-09-05T14:14:09Z,cartservice,53,80535552,1
2026-09-05T14:14:09Z,checkoutservice,68,18247680,1
2026-09-05T14:14:09Z,productcatalogservice,82,32436224,1
2026-09-05T14:14:09Z,paymentservice,6,40779776,1
2026-09-05T14:14:09Z,recommendationservice,127,105517056,1
2026-09-05T14:14:09Z,shippingservice,21,32043008,1
2026-09-05T14:14:09Z,currencyservice,65,88514560,1
2026-09-05T14:14:09Z,emailservice,15,92475392,1
2026-09-05T14:14:09Z,adservice,34,277127168,1
2026-09-05T14:14:09Z,redis-cart,8,34893824,1
2026-09-05T14:14:15Z,frontend,210,48582656,1
2026-09-05T14:14:15Z,cartservice,45,80568320,1
2026-09-05T14:14:15Z,checkoutservice,63,18014208,1
2026-09-05T14:14:15Z,productcatalogservice,83,32927744,1
2026-09-05T14:14:15Z,paymentservice,6,40808448,1
2026-09-05T14:14:15Z,recommendationservice,128,105517056,1
2026-09-05T14:14:15Z,shippingservice,21,32337920,1
2026-09-05T14:14:15Z,currencyservice,67,88985600,1
2026-09-05T14:14:15Z,emailservice,15,92475392,1
2026-09-05T14:14:15Z,adservice,38,277151744,1
2026-09-05T14:14:15Z,redis-cart,8,34893824,1
2026-09-05T14:14:20Z,frontend,205,48664576,1
2026-09-05T14:14:20Z,cartservice,34,80113664,1
2026-09-05T14:14:20Z,checkoutservice,69,19304448,1
2026-09-05T14:14:20Z,productcatalogservice,82,32555008,1
2026-09-05T14:14:20Z,paymentservice,7,40828928,1
2026-09-05T14:14:20Z,recommendationservice,132,105517056,1
2026-09-05T14:14:20Z,shippingservice,20,31789056,1
2026-09-05T14:14:20Z,currencyservice,65,88489984,1
2026-09-05T14:14:20Z,emailservice,15,92475392,1
2026-09-05T14:14:20Z,adservice,37,277213184,1
2026-09-05T14:14:20Z,redis-cart,8,34893824,1
2026-09-05T14:14:25Z,frontend,205,48414720,1
2026-09-05T14:14:25Z,cartservice,34,79732736,1
2026-09-05T14:14:25Z,checkoutservice,69,19329024,1
2026-09-05T14:14:25Z,productcatalogservice,82,31760384,1
2026-09-05T14:14:25Z,paymentservice,7,40861696,1
2026-09-05T14:14:25Z,recommendationservice,132,105517056,1
2026-09-05T14:14:25Z,shippingservice,20,32673792,1
2026-09-05T14:14:25Z,currencyservice,65,88817664,1
2026-09-05T14:14:25Z,emailservice,15,92475392,1
2026-09-05T14:14:25Z,adservice,37,277213184,1
2026-09-05T14:14:25Z,redis-cart,8,34893824,1
2026-09-05T14:14:30Z,frontend,212,47742976,1
2026-09-05T14:14:30Z,cartservice,42,79421440,1
2026-09-05T14:14:30Z,checkoutservice,65,17813504,1
2026-09-05T14:14:30Z,productcatalogservice,85,32055296,1
2026-09-05T14:14:30Z,paymentservice,6,40886272,1
2026-09-05T14:14:30Z,recommendationservice,134,105517056,1
2026-09-05T14:14:30Z,shippingservice,21,32161792,1
2026-09-05T14:14:30Z,currencyservice,68,88449024,1
2026-09-05T14:14:30Z,emailservice,15,92475392,1
2026-09-05T14:14:30Z,adservice,38,277213184,1
2026-09-05T14:14:30Z,redis-cart,8,34893824,1
2026-09-05T14:14:36Z,frontend,212,49090560,1
2026-09-05T14:14:36Z,cartservice,42,79437824,1
2026-09-05T14:14:36Z,checkoutservice,65,17391616,1
2026-09-05T14:14:36Z,productcatalogservice,85,32641024,1
2026-09-05T14:14:36Z,paymentservice,6,40919040,1
2026-09-05T14:14:36Z,recommendationservice,134,105517056,1
2026-09-05T14:14:36Z,shippingservice,21,32202752,1
2026-09-05T14:14:36Z,currencyservice,68,88944640,1
2026-09-05T14:14:36Z,emailservice,15,92475392,1
2026-09-05T14:14:36Z,adservice,38,277213184,1
2026-09-05T14:14:36Z,redis-cart,8,34893824,1
2026-09-05T14:14:41Z,frontend,204,48594944,1
2026-09-05T14:14:41Z,cartservice,37,79233024,1
2026-09-05T14:14:41Z,checkoutservice,68,19505152,1
2026-09-05T14:14:41Z,productcatalogservice,81,32735232,1
2026-09-05T14:14:41Z,paymentservice,7,40947712,1
2026-09-05T14:14:41Z,recommendationservice,135,105517056,1
2026-09-05T14:14:41Z,shippingservice,21,32964608,1
2026-09-05T14:14:41Z,currencyservice,64,88825856,1
2026-09-05T14:14:41Z,emailservice,14,92475392,1
2026-09-05T14:14:41Z,adservice,40,277213184,1
2026-09-05T14:14:41Z,redis-cart,8,34893824,1
2026-09-05T14:14:46Z,frontend,204,48148480,1
2026-09-05T14:14:46Z,cartservice,37,79233024,1
2026-09-05T14:14:46Z,checkoutservice,68,18436096,1
2026-09-05T14:14:46Z,productcatalogservice,81,32645120,1
2026-09-05T14:14:46Z,paymentservice,7,40976384,1
2026-09-05T14:14:46Z,recommendationservice,135,105517056,1
2026-09-05T14:14:46Z,shippingservice,21,32464896,1
2026-09-05T14:14:46Z,currencyservice,64,89141248,1
2026-09-05T14:14:46Z,emailservice,14,92475392,1
2026-09-05T14:14:46Z,adservice,40,277229568,1
2026-09-05T14:14:46Z,redis-cart,8,34893824,1
2026-09-05T14:14:52Z,frontend,220,48484352,1
2026-09-05T14:14:52Z,cartservice,41,79138816,1
2026-09-05T14:14:52Z,checkoutservice,75,18722816,1
2026-09-05T14:14:52Z,productcatalogservice,87,31752192,1
2026-09-05T14:14:52Z,paymentservice,7,41005056,1
2026-09-05T14:14:52Z,recommendationservice,135,105517056,1
2026-09-05T14:14:52Z,shippingservice,22,32108544,1
2026-09-05T14:14:52Z,currencyservice,72,88596480,1
2026-09-05T14:14:52Z,emailservice,17,92475392,1
2026-09-05T14:14:52Z,adservice,42,277229568,1
2026-09-05T14:14:52Z,redis-cart,9,34889728,1
2026-09-05T14:14:57Z,frontend,220,48263168,1
2026-09-05T14:14:57Z,cartservice,41,79138816,1
2026-09-05T14:14:57Z,checkoutservice,75,19062784,1
2026-09-05T14:14:57Z,productcatalogservice,87,31715328,1
2026-09-05T14:14:57Z,paymentservice,7,41041920,1
2026-09-05T14:14:57Z,recommendationservice,135,105549824,1
2026-09-05T14:14:57Z,shippingservice,22,32616448,1
2026-09-05T14:14:57Z,currencyservice,72,88936448,1
2026-09-05T14:14:57Z,emailservice,17,92475392,1
2026-09-05T14:14:57Z,adservice,42,277229568,1
2026-09-05T14:14:57Z,redis-cart,9,34795520,1
2026-09-05T14:15:02Z,frontend,221,47968256,1
2026-09-05T14:15:02Z,cartservice,42,79060992,1
2026-09-05T14:15:02Z,checkoutservice,70,19652608,1
2026-09-05T14:15:02Z,productcatalogservice,87,32866304,1
2026-09-05T14:15:02Z,paymentservice,7,41066496,1
2026-09-05T14:15:02Z,recommendationservice,134,105549824,1
2026-09-05T14:15:02Z,shippingservice,21,32251904,1
2026-09-05T14:15:02Z,currencyservice,67,88842240,1
2026-09-05T14:15:02Z,emailservice,16,92475392,1
2026-09-05T14:15:02Z,adservice,38,277229568,1
2026-09-05T14:15:02Z,redis-cart,15,34795520,1
2026-09-05T14:15:07Z,frontend,221,49025024,1
2026-09-05T14:15:07Z,cartservice,42,79060992,1
2026-09-05T14:15:07Z,checkoutservice,70,19038208,1
2026-09-05T14:15:07Z,productcatalogservice,87,31993856,1
2026-09-05T14:15:07Z,paymentservice,7,41095168,1
2026-09-05T14:15:07Z,recommendationservice,134,105549824,1
2026-09-05T14:15:07Z,shippingservice,21,32268288,1
2026-09-05T14:15:07Z,currencyservice,67,89059328,1
2026-09-05T14:15:07Z,emailservice,16,92475392,1
2026-09-05T14:15:07Z,adservice,38,277229568,1
2026-09-05T14:15:07Z,redis-cart,15,34799616,1
2026-09-05T14:15:13Z,frontend,223,47783936,1
2026-09-05T14:15:13Z,cartservice,39,79060992,1
2026-09-05T14:15:13Z,checkoutservice,67,18227200,1
2026-09-05T14:15:13Z,productcatalogservice,88,32616448,1
2026-09-05T14:15:13Z,paymentservice,8,41127936,1
2026-09-05T14:15:13Z,recommendationservice,143,105549824,1
2026-09-05T14:15:13Z,shippingservice,20,32714752,1
2026-09-05T14:15:13Z,currencyservice,71,88694784,1
2026-09-05T14:15:13Z,emailservice,16,92475392,1
2026-09-05T14:15:13Z,adservice,41,277143552,1
2026-09-05T14:15:13Z,redis-cart,8,34803712,1
2026-09-05T14:15:18Z,frontend,223,49360896,1
2026-09-05T14:15:18Z,cartservice,39,79060992,1
2026-09-05T14:15:18Z,checkoutservice,67,18571264,1
2026-09-05T14:15:18Z,productcatalogservice,88,32894976,1
2026-09-05T14:15:18Z,paymentservice,8,41144320,1
2026-09-05T14:15:18Z,recommendationservice,143,105582592,1
2026-09-05T14:15:18Z,shippingservice,20,32219136,1
2026-09-05T14:15:18Z,currencyservice,71,89116672,1
2026-09-05T14:15:18Z,emailservice,16,92491776,1
2026-09-05T14:15:18Z,adservice,41,277143552,1
2026-09-05T14:15:18Z,redis-cart,8,34807808,1
2026-09-05T14:15:23Z,frontend,217,48656384,1
2026-09-05T14:15:23Z,cartservice,45,79208448,1
2026-09-05T14:15:23Z,checkoutservice,68,18595840,1
2026-09-05T14:15:23Z,productcatalogservice,88,32514048,1
2026-09-05T14:15:23Z,paymentservice,7,41168896,1
2026-09-05T14:15:23Z,recommendationservice,139,105582592,1
2026-09-05T14:15:23Z,shippingservice,22,32210944,1
2026-09-05T14:15:23Z,currencyservice,67,88199168,1
2026-09-05T14:15:23Z,emailservice,15,92491776,1
2026-09-05T14:15:23Z,adservice,41,277204992,1
2026-09-05T14:15:23Z,redis-cart,8,34807808,1
2026-09-05T14:15:28Z,frontend,217,48414720,1
2026-09-05T14:15:28Z,cartservice,45,79282176,1
2026-09-05T14:15:28Z,checkoutservice,68,19087360,1
2026-09-05T14:15:28Z,productcatalogservice,88,32542720,1
2026-09-05T14:15:28Z,paymentservice,7,41197568,1
2026-09-05T14:15:28Z,recommendationservice,139,105582592,1
2026-09-05T14:15:28Z,shippingservice,22,31637504,1
2026-09-05T14:15:28Z,currencyservice,67,88702976,1
2026-09-05T14:15:28Z,emailservice,15,92491776,1
2026-09-05T14:15:28Z,adservice,41,277204992,1
2026-09-05T14:15:28Z,redis-cart,8,34807808,1
2026-09-05T14:15:34Z,frontend,217,49487872,1
2026-09-05T14:15:34Z,cartservice,54,79294464,1
2026-09-05T14:15:34Z,checkoutservice,68,18743296,1
2026-09-05T14:15:34Z,productcatalogservice,86,32464896,1
2026-09-05T14:15:34Z,paymentservice,7,41230336,1
2026-09-05T14:15:34Z,recommendationservice,131,105582592,1
2026-09-05T14:15:34Z,shippingservice,22,31842304,1
2026-09-05T14:15:34Z,currencyservice,66,88444928,1
2026-09-05T14:15:34Z,emailservice,15,92491776,1
2026-09-05T14:15:34Z,adservice,37,277204992,1
2026-09-05T14:15:34Z,redis-cart,8,34807808,1
2026-09-05T14:15:39Z,frontend,217,49385472,1
2026-09-05T14:15:39Z,cartservice,54,79433728,1
2026-09-05T14:15:39Z,checkoutservice,68,21397504,1
2026-09-05T14:15:39Z,productcatalogservice,86,32460800,1
2026-09-05T14:15:39Z,paymentservice,7,41254912,1
2026-09-05T14:15:39Z,recommendationservice,131,105582592,1
2026-09-05T14:15:39Z,shippingservice,22,32325632,1
2026-09-05T14:15:39Z,currencyservice,66,88977408,1
2026-09-05T14:15:39Z,emailservice,15,92508160,1
2026-09-05T14:15:39Z,adservice,37,277291008,1
2026-09-05T14:15:39Z,redis-cart,8,34807808,1
2026-09-05T14:15:44Z,frontend,208,46673920,1
2026-09-05T14:15:44Z,cartservice,54,79441920,1
2026-09-05T14:15:44Z,checkoutservice,66,18862080,1
2026-09-05T14:15:44Z,productcatalogservice,83,32522240,1
2026-09-05T14:15:44Z,paymentservice,7,41291776,1
2026-09-05T14:15:44Z,recommendationservice,127,105582592,1
2026-09-05T14:15:44Z,shippingservice,21,31977472,1
2026-09-05T14:15:44Z,currencyservice,65,88985600,1
2026-09-05T14:15:44Z,emailservice,16,92540928,1
2026-09-05T14:15:44Z,adservice,39,277291008,1
2026-09-05T14:15:44Z,redis-cart,8,34807808,1
2026-09-05T14:15:49Z,frontend,208,48771072,1
2026-09-05T14:15:49Z,cartservice,54,79441920,1
2026-09-05T14:15:49Z,checkoutservice,66,18493440,1
2026-09-05T14:15:49Z,productcatalogservice,83,32608256,1
2026-09-05T14:15:49Z,paymentservice,7,41320448,1
2026-09-05T14:15:49Z,recommendationservice,127,105582592,1
2026-09-05T14:15:49Z,shippingservice,21,31580160,1
2026-09-05T14:15:49Z,currencyservice,65,89251840,1
2026-09-05T14:15:49Z,emailservice,16,92540928,1
2026-09-05T14:15:49Z,adservice,39,277291008,1
2026-09-05T14:15:49Z,redis-cart,8,34807808,1
2026-09-05T14:15:55Z,frontend,205,48693248,1
2026-09-05T14:15:55Z,cartservice,55,79519744,1
2026-09-05T14:15:55Z,checkoutservice,66,18583552,1
2026-09-05T14:15:55Z,productcatalogservice,84,32935936,1
2026-09-05T14:15:55Z,paymentservice,7,41345024,1
2026-09-05T14:15:55Z,recommendationservice,128,105582592,1
2026-09-05T14:15:55Z,shippingservice,21,32239616,1
2026-09-05T14:15:55Z,currencyservice,68,88682496,1
2026-09-05T14:15:55Z,emailservice,15,92540928,1
2026-09-05T14:15:55Z,adservice,37,277291008,1
2026-09-05T14:15:55Z,redis-cart,8,34807808,1
2026-09-05T14:16:00Z,frontend,205,47579136,1
2026-09-05T14:16:00Z,cartservice,55,79523840,1
2026-09-05T14:16:00Z,checkoutservice,66,18776064,1
2026-09-05T14:16:00Z,productcatalogservice,84,32350208,1
2026-09-05T14:16:00Z,paymentservice,7,41365504,1
2026-09-05T14:16:00Z,recommendationservice,128,105582592,1
2026-09-05T14:16:00Z,shippingservice,21,32190464,1
2026-09-05T14:16:00Z,currencyservice,68,88981504,1
2026-09-05T14:16:00Z,emailservice,15,92540928,1
2026-09-05T14:16:00Z,adservice,37,277291008,1
2026-09-05T14:16:00Z,redis-cart,8,34807808,1
2026-09-05T14:16:05Z,frontend,203,48934912,1
2026-09-05T14:16:05Z,cartservice,52,79568896,1
2026-09-05T14:16:05Z,checkoutservice,69,18788352,1
2026-09-05T14:16:05Z,productcatalogservice,82,32550912,1
2026-09-05T14:16:05Z,paymentservice,7,41390080,1
2026-09-05T14:16:05Z,recommendationservice,128,105582592,1
2026-09-05T14:16:05Z,shippingservice,21,32112640,1
2026-09-05T14:16:05Z,currencyservice,64,88674304,1
2026-09-05T14:16:05Z,emailservice,15,92540928,1
2026-09-05T14:16:05Z,adservice,36,277291008,1
2026-09-05T14:16:05Z,redis-cart,8,34803712,1
2026-09-05T14:16:10Z,frontend,203,49090560,1
2026-09-05T14:16:10Z,cartservice,54,79433728,1
2026-09-05T14:16:10Z,checkoutservice,67,18898944,1
2026-09-05T14:16:10Z,productcatalogservice,82,33054720,1
2026-09-05T14:16:10Z,paymentservice,6,41422848,1
2026-09-05T14:16:10Z,recommendationservice,128,105582592,1
2026-09-05T14:16:10Z,shippingservice,20,32391168,1
2026-09-05T14:16:10Z,currencyservice,64,88920064,1
2026-09-05T14:16:10Z,emailservice,16,92540928,1
2026-09-05T14:16:10Z,adservice,36,277291008,1
2026-09-05T14:16:10Z,redis-cart,8,34803712,1
2026-09-05T14:16:16Z,frontend,211,48939008,1
2026-09-05T14:16:16Z,cartservice,54,79470592,1
2026-09-05T14:16:16Z,checkoutservice,67,18972672,1
2026-09-05T14:16:16Z,productcatalogservice,84,32501760,1
2026-09-05T14:16:16Z,paymentservice,6,41451520,1
2026-09-05T14:16:16Z,recommendationservice,136,105582592,1
2026-09-05T14:16:16Z,shippingservice,20,32362496,1
2026-09-05T14:16:16Z,currencyservice,67,89243648,1
2026-09-05T14:16:16Z,emailservice,16,92540928,1
2026-09-05T14:16:16Z,adservice,38,277291008,1
2026-09-05T14:16:16Z,redis-cart,8,34799616,1
2026-09-05T14:16:21Z,frontend,208,47603712,1
2026-09-05T14:16:21Z,cartservice,50,79470592,1
2026-09-05T14:16:21Z,checkoutservice,66,18243584,1
2026-09-05T14:16:21Z,productcatalogservice,84,33017856,1
2026-09-05T14:16:21Z,paymentservice,7,41484288,1
2026-09-05T14:16:21Z,recommendationservice,130,105582592,1
2026-09-05T14:16:21Z,shippingservice,22,31535104,1
2026-09-05T14:16:21Z,currencyservice,65,88875008,1
2026-09-05T14:16:21Z,emailservice,15,92540928,1
2026-09-05T14:16:21Z,adservice,38,277291008,1
2026-09-05T14:16:21Z,redis-cart,14,34828288,1
2026-09-05T14:16:26Z,frontend,208,47788032,1
2026-09-05T14:16:26Z,cartservice,50,79433728,1
2026-09-05T14:16:26Z,checkoutservice,66,18051072,1
2026-09-05T14:16:26Z,productcatalogservice,84,32591872,1
2026-09-05T14:16:26Z,paymentservice,7,41512960,1
2026-09-05T14:16:26Z,recommendationservice,130,105582592,1
2026-09-05T14:16:26Z,shippingservice,22,32260096,1
2026-09-05T14:16:26Z,currencyservice,65,89231360,1
2026-09-05T14:16:26Z,emailservice,15,92540928,1
2026-09-05T14:16:26Z,adservice,38,277291008,1
2026-09-05T14:16:26Z,redis-cart,14,34828288,1
2026-09-05T14:16:31Z,frontend,205,49623040,1
2026-09-05T14:16:31Z,cartservice,45,79286272,1
2026-09-05T14:16:31Z,checkoutservice,65,18284544,1
2026-09-05T14:16:31Z,productcatalogservice,83,32935936,1
2026-09-05T14:16:31Z,paymentservice,6,41533440,1
2026-09-05T14:16:31Z,recommendationservice,128,105582592,1
2026-09-05T14:16:31Z,shippingservice,20,31907840,1
2026-09-05T14:16:31Z,currencyservice,64,88760320,1
2026-09-05T14:16:31Z,emailservice,15,92540928,1
2026-09-05T14:16:31Z,adservice,36,277291008,1
2026-09-05T14:16:31Z,redis-cart,8,34828288,1
2026-09-05T14:16:37Z,frontend,205,48046080,1
2026-09-05T14:16:37Z,cartservice,45,79286272,1
2026-09-05T14:16:37Z,checkoutservice,65,17092608,1
2026-09-05T14:16:37Z,productcatalogservice,83,33001472,1
2026-09-05T14:16:37Z,paymentservice,6,41562112,1
2026-09-05T14:16:37Z,recommendationservice,128,105582592,1
2026-09-05T14:16:37Z,shippingservice,20,31907840,1
2026-09-05T14:16:37Z,currencyservice,64,89141248,1
2026-09-05T14:16:37Z,emailservice,15,92540928,1
2026-09-05T14:16:37Z,adservice,36,277291008,1
2026-09-05T14:16:37Z,redis-cart,8,34828288,1
2026-09-05T14:16:42Z,frontend,206,47751168,1
2026-09-05T14:16:42Z,cartservice,38,79286272,1
2026-09-05T14:16:42Z,checkoutservice,67,19173376,1
2026-09-05T14:16:42Z,productcatalogservice,85,32415744,1
2026-09-05T14:16:42Z,paymentservice,6,41582592,1
2026-09-05T14:16:42Z,recommendationservice,130,105582592,1
2026-09-05T14:16:42Z,shippingservice,22,31641600,1
2026-09-05T14:16:42Z,currencyservice,65,88760320,1
2026-09-05T14:16:42Z,emailservice,14,92540928,1
2026-09-05T14:16:42Z,adservice,37,277291008,1
2026-09-05T14:16:42Z,redis-cart,8,34828288,1
2026-09-05T14:16:47Z,frontend,206,48156672,1
2026-09-05T14:16:47Z,cartservice,38,79253504,1
2026-09-05T14:16:47Z,checkoutservice,67,18993152,1
2026-09-05T14:16:47Z,productcatalogservice,85,32104448,1
2026-09-05T14:16:47Z,paymentservice,6,41623552,1
2026-09-05T14:16:47Z,recommendationservice,130,105582592,1
2026-09-05T14:16:47Z,shippingservice,22,31961088,1
2026-09-05T14:16:47Z,currencyservice,65,89120768,1
2026-09-05T14:16:47Z,emailservice,14,92540928,1
2026-09-05T14:16:47Z,adservice,37,277204992,1
2026-09-05T14:16:47Z,redis-cart,8,34828288,1
2026-09-05T14:16:52Z,frontend,205,48369664,1
2026-09-05T14:16:52Z,cartservice,37,79175680,1
2026-09-05T14:16:52Z,checkoutservice,69,18063360,1
2026-09-05T14:16:52Z,productcatalogservice,82,32694272,1
2026-09-05T14:16:52Z,paymentservice,7,41648128,1
2026-09-05T14:16:52Z,recommendationservice,128,105582592,1
2026-09-05T14:16:52Z,shippingservice,20,31813632,1
2026-09-05T14:16:52Z,currencyservice,67,88715264,1
2026-09-05T14:16:52Z,emailservice,15,92540928,1
2026-09-05T14:16:52Z,adservice,38,277118976,1
2026-09-05T14:16:52Z,redis-cart,8,34828288,1
2026-09-05T14:16:58Z,frontend,205,48996352,1
2026-09-05T14:16:58Z,cartservice,37,79298560,1
2026-09-05T14:16:58Z,checkoutservice,69,17932288,1
2026-09-05T14:16:58Z,productcatalogservice,82,32518144,1
2026-09-05T14:16:58Z,paymentservice,7,41676800,1
2026-09-05T14:16:58Z,recommendationservice,128,105582592,1
2026-09-05T14:16:58Z,shippingservice,20,31989760,1
2026-09-05T14:16:58Z,currencyservice,67,88997888,1
2026-09-05T14:16:58Z,emailservice,15,92540928,1
2026-09-05T14:16:58Z,adservice,38,277143552,1
2026-09-05T14:16:58Z,redis-cart,8,34828288,1
2026-09-05T14:17:03Z,frontend,204,48709632,1
2026-09-05T14:17:03Z,cartservice,50,79368192,1
2026-09-05T14:17:03Z,checkoutservice,66,19390464,1
2026-09-05T14:17:03Z,productcatalogservice,81,32477184,1
2026-09-05T14:17:03Z,paymentservice,6,41701376,1
2026-09-05T14:17:03Z,recommendationservice,131,105582592,1
2026-09-05T14:17:03Z,shippingservice,21,32366592,1
2026-09-05T14:17:03Z,currencyservice,62,88748032,1
2026-09-05T14:17:03Z,emailservice,16,92545024,1
2026-09-05T14:17:03Z,adservice,36,277229568,1
2026-09-05T14:17:03Z,redis-cart,8,34824192,1
2026-09-05T14:17:08Z,frontend,204,47542272,1
2026-09-05T14:17:08Z,cartservice,50,79532032,1
2026-09-05T14:17:08Z,checkoutservice,66,18857984,1
2026-09-05T14:17:08Z,productcatalogservice,81,32460800,1
2026-09-05T14:17:08Z,paymentservice,6,41725952,1
2026-09-05T14:17:08Z,recommendationservice,131,105582592,1
2026-09-05T14:17:08Z,shippingservice,21,32198656,1
2026-09-05T14:17:08Z,currencyservice,62,89014272,1
2026-09-05T14:17:08Z,emailservice,16,92545024,1
2026-09-05T14:17:08Z,adservice,36,277229568,1
2026-09-05T14:17:08Z,redis-cart,8,34824192,1
2026-09-05T14:17:13Z,frontend,195,49135616,1
2026-09-05T14:17:13Z,cartservice,56,79544320,1
2026-09-05T14:17:13Z,checkoutservice,68,18702336,1
2026-09-05T14:17:13Z,productcatalogservice,79,32018432,1
2026-09-05T14:17:13Z,paymentservice,6,41754624,1
2026-09-05T14:17:13Z,recommendationservice,121,105582592,1
2026-09-05T14:17:13Z,shippingservice,23,32612352,1
2026-09-05T14:17:13Z,currencyservice,66,88596480,1
2026-09-05T14:17:13Z,emailservice,15,92545024,1
2026-09-05T14:17:13Z,adservice,36,277229568,1
2026-09-05T14:17:13Z,redis-cart,8,34824192,1
2026-09-05T14:17:19Z,frontend,195,47947776,1
2026-09-05T14:17:19Z,cartservice,56,79548416,1
2026-09-05T14:17:19Z,checkoutservice,68,25239552,1
2026-09-05T14:17:19Z,productcatalogservice,79,32653312,1
2026-09-05T14:17:19Z,paymentservice,6,41783296,1
2026-09-05T14:17:19Z,recommendationservice,121,105582592,1
2026-09-05T14:17:19Z,shippingservice,23,32722944,1
2026-09-05T14:17:19Z,currencyservice,66,88895488,1
2026-09-05T14:17:19Z,emailservice,15,92545024,1
2026-09-05T14:17:19Z,adservice,36,277196800,1
2026-09-05T14:17:19Z,redis-cart,8,34824192,1
2026-09-05T14:17:24Z,frontend,209,49025024,1
2026-09-05T14:17:24Z,cartservice,55,79548416,1
2026-09-05T14:17:24Z,checkoutservice,65,18345984,1
2026-09-05T14:17:24Z,productcatalogservice,85,32395264,1
2026-09-05T14:17:24Z,paymentservice,7,41820160,1
2026-09-05T14:17:24Z,recommendationservice,131,105582592,1
2026-09-05T14:17:24Z,shippingservice,20,32206848,1
2026-09-05T14:17:24Z,currencyservice,65,88764416,1
2026-09-05T14:17:24Z,emailservice,15,92545024,1
2026-09-05T14:17:24Z,adservice,37,277196800,1
2026-09-05T14:17:24Z,redis-cart,8,34824192,1
2026-09-05T14:17:29Z,frontend,209,48455680,1
2026-09-05T14:17:29Z,cartservice,55,79511552,1
2026-09-05T14:17:29Z,checkoutservice,65,18608128,1
2026-09-05T14:17:29Z,productcatalogservice,85,32751616,1
2026-09-05T14:17:29Z,paymentservice,7,41963520,1
2026-09-05T14:17:29Z,recommendationservice,131,105582592,1
2026-09-05T14:17:29Z,shippingservice,20,32067584,1
2026-09-05T14:17:29Z,currencyservice,65,88948736,1
2026-09-05T14:17:29Z,emailservice,15,92545024,1
2026-09-05T14:17:29Z,adservice,37,277196800,1
2026-09-05T14:17:29Z,redis-cart,8,34824192,1
2026-09-05T14:17:35Z,frontend,204,48103424,1
2026-09-05T14:17:35Z,cartservice,55,79519744,1
2026-09-05T14:17:35Z,checkoutservice,67,18804736,1
2026-09-05T14:17:35Z,productcatalogservice,82,32391168,1
2026-09-05T14:17:35Z,paymentservice,6,41865216,1
2026-09-05T14:17:35Z,recommendationservice,127,105582592,1
2026-09-05T14:17:35Z,shippingservice,21,31711232,1
2026-09-05T14:17:35Z,currencyservice,68,88662016,1
2026-09-05T14:17:35Z,emailservice,16,92545024,1
2026-09-05T14:17:35Z,adservice,37,277196800,1
2026-09-05T14:17:35Z,redis-cart,8,34824192,1
2026-09-05T14:17:40Z,frontend,204,47968256,1
2026-09-05T14:17:40Z,cartservice,55,79519744,1
2026-09-05T14:17:40Z,checkoutservice,67,18788352,1
2026-09-05T14:17:40Z,productcatalogservice,82,32428032,1
2026-09-05T14:17:40Z,paymentservice,6,41885696,1
2026-09-05T14:17:40Z,recommendationservice,127,105582592,1
2026-09-05T14:17:40Z,shippingservice,21,32485376,1
2026-09-05T14:17:40Z,currencyservice,68,88932352,1
2026-09-05T14:17:40Z,emailservice,16,92545024,1
2026-09-05T14:17:40Z,adservice,37,277258240,1
2026-09-05T14:17:40Z,redis-cart,8,34840576,1
2026-09-05T14:17:45Z,frontend,206,48574464,1
2026-09-05T14:17:45Z,cartservice,54,79519744,1
2026-09-05T14:17:45Z,checkoutservice,69,19181568,1
2026-09-05T14:17:45Z,productcatalogservice,86,32620544,1
2026-09-05T14:17:45Z,paymentservice,6,41922560,1
2026-09-05T14:17:45Z,recommendationservice,132,105582592,1
2026-09-05T14:17:45Z,shippingservice,22,32387072,1
2026-09-05T14:17:45Z,currencyservice,62,89251840,1
2026-09-05T14:17:45Z,emailservice,15,92545024,1
2026-09-05T14:17:45Z,adservice,32,277258240,1
2026-09-05T14:17:45Z,redis-cart,13,34840576,1
2026-09-05T14:17:50Z,frontend,206,48553984,1
2026-09-05T14:17:50Z,cartservice,54,79519744,1
2026-09-05T14:17:50Z,checkoutservice,69,18472960,1
2026-09-05T14:17:50Z,productcatalogservice,86,32673792,1
2026-09-05T14:17:50Z,paymentservice,6,41955328,1
2026-09-05T14:17:50Z,recommendationservice,132,105582592,1
2026-09-05T14:17:50Z,shippingservice,22,32333824,1
2026-09-05T14:17:50Z,currencyservice,62,88776704,1
2026-09-05T14:17:50Z,emailservice,15,92577792,1
2026-09-05T14:17:50Z,adservice,32,277258240,1
2026-09-05T14:17:50Z,redis-cart,13,34844672,1
2026-09-05T14:17:56Z,frontend,203,48246784,1
2026-09-05T14:17:56Z,cartservice,54,79519744,1
2026-09-05T14:17:56Z,checkoutservice,64,18952192,1
2026-09-05T14:17:56Z,productcatalogservice,84,32661504,1
2026-09-05T14:17:56Z,paymentservice,7,41984000,1
2026-09-05T14:17:56Z,recommendationservice,130,105582592,1
2026-09-05T14:17:56Z,shippingservice,20,32391168,1
2026-09-05T14:17:56Z,currencyservice,63,89124864,1
2026-09-05T14:17:56Z,emailservice,16,92577792,1
2026-09-05T14:17:56Z,adservice,38,277258240,1
2026-09-05T14:17:56Z,redis-cart,8,34844672,1
2026-09-05T14:18:01Z,frontend,203,47304704,1
2026-09-05T14:18:01Z,cartservice,54,79585280,1
2026-09-05T14:18:01Z,checkoutservice,64,18268160,1
2026-09-05T14:18:01Z,productcatalogservice,84,32550912,1
2026-09-05T14:18:01Z,paymentservice,7,42000384,1
2026-09-05T14:18:01Z,recommendationservice,130,105517056,1
2026-09-05T14:18:01Z,shippingservice,20,32681984,1
2026-09-05T14:18:01Z,currencyservice,63,88756224,1
2026-09-05T14:18:01Z,emailservice,16,92610560,1
2026-09-05T14:18:01Z,adservice,38,277258240,1
2026-09-05T14:18:01Z,redis-cart,8,34844672,1
2026-09-05T14:18:06Z,frontend,199,48558080,1
2026-09-05T14:18:06Z,cartservice,52,79589376,1
2026-09-05T14:18:06Z,checkoutservice,64,18513920,1
2026-09-05T14:18:06Z,productcatalogservice,81,32825344,1
2026-09-05T14:18:06Z,paymentservice,7,42029056,1
2026-09-05T14:18:06Z,recommendationservice,118,105517056,1
2026-09-05T14:18:06Z,shippingservice,20,32022528,1
2026-09-05T14:18:06Z,currencyservice,64,89161728,1
2026-09-05T14:18:06Z,emailservice,15,92610560,1
2026-09-05T14:18:06Z,adservice,35,277172224,1
2026-09-05T14:18:06Z,redis-cart,8,34844672,1
2026-09-05T14:18:11Z,frontend,209,48488448,1
2026-09-05T14:18:11Z,cartservice,54,79593472,1
2026-09-05T14:18:11Z,checkoutservice,69,19271680,1
2026-09-05T14:18:11Z,productcatalogservice,84,31674368,1
2026-09-05T14:18:11Z,paymentservice,7,42053632,1
2026-09-05T14:18:11Z,recommendationservice,125,105517056,1
2026-09-05T14:18:11Z,shippingservice,21,31797248,1
2026-09-05T14:18:11Z,currencyservice,69,88719360,1
2026-09-05T14:18:11Z,emailservice,15,92610560,1
2026-09-05T14:18:11Z,adservice,35,277172224,1
2026-09-05T14:18:11Z,redis-cart,8,34844672,1
2026-09-05T14:18:17Z,frontend,209,48803840,1
2026-09-05T14:18:17Z,cartservice,54,79601664,1
2026-09-05T14:18:17Z,checkoutservice,69,18718720,1
2026-09-05T14:18:17Z,productcatalogservice,84,33026048,1
2026-09-05T14:18:17Z,paymentservice,7,42090496,1
2026-09-05T14:18:17Z,recommendationservice,125,105537536,1
2026-09-05T14:18:17Z,shippingservice,21,31432704,1
2026-09-05T14:18:17Z,currencyservice,69,88997888,1
2026-09-05T14:18:17Z,emailservice,15,92610560,1
2026-09-05T14:18:17Z,adservice,35,277172224,1
2026-09-05T14:18:17Z,redis-cart,8,34844672,1
2026-09-05T14:18:22Z,frontend,210,48218112,1
2026-09-05T14:18:22Z,cartservice,55,79572992,1
2026-09-05T14:18:22Z,checkoutservice,63,19156992,1
2026-09-05T14:18:22Z,productcatalogservice,86,32571392,1
2026-09-05T14:18:22Z,paymentservice,7,42135552,1
2026-09-05T14:18:22Z,recommendationservice,127,105517056,1
2026-09-05T14:18:22Z,shippingservice,20,32575488,1
2026-09-05T14:18:22Z,currencyservice,69,88772608,1
2026-09-05T14:18:22Z,emailservice,15,92610560,1
2026-09-05T14:18:22Z,adservice,38,277172224,1
2026-09-05T14:18:22Z,redis-cart,8,34844672,1
2026-09-05T14:18:27Z,frontend,210,48656384,1
2026-09-05T14:18:27Z,cartservice,55,79577088,1
2026-09-05T14:18:27Z,checkoutservice,63,18075648,1
2026-09-05T14:18:27Z,productcatalogservice,86,33009664,1
2026-09-05T14:18:27Z,paymentservice,7,42184704,1
2026-09-05T14:18:27Z,recommendationservice,127,105517056,1
2026-09-05T14:18:27Z,shippingservice,20,32215040,1
2026-09-05T14:18:27Z,currencyservice,69,89112576,1
2026-09-05T14:18:27Z,emailservice,15,92610560,1
2026-09-05T14:18:27Z,adservice,38,277172224,1
2026-09-05T14:18:27Z,redis-cart,8,34844672,1
2026-09-05T14:18:32Z,frontend,209,47988736,1
2026-09-05T14:18:32Z,cartservice,54,79577088,1
2026-09-05T14:18:32Z,checkoutservice,69,18636800,1
2026-09-05T14:18:32Z,productcatalogservice,83,31547392,1
2026-09-05T14:18:32Z,paymentservice,7,42229760,1
2026-09-05T14:18:32Z,recommendationservice,125,105517056,1
2026-09-05T14:18:32Z,shippingservice,21,32854016,1
2026-09-05T14:18:32Z,currencyservice,67,88678400,1
2026-09-05T14:18:32Z,emailservice,16,92610560,1
2026-09-05T14:18:32Z,adservice,37,277172224,1
2026-09-05T14:18:32Z,redis-cart,8,34844672,1
2026-09-05T14:18:38Z,frontend,209,47091712,1
2026-09-05T14:18:38Z,cartservice,54,79392768,1
2026-09-05T14:18:38Z,checkoutservice,69,18350080,1
2026-09-05T14:18:38Z,productcatalogservice,83,32530432,1
2026-09-05T14:18:38Z,paymentservice,7,42258432,1
2026-09-05T14:18:38Z,recommendationservice,125,105517056,1
2026-09-05T14:18:38Z,shippingservice,21,31956992,1
2026-09-05T14:18:38Z,currencyservice,67,89104384,1
2026-09-05T14:18:38Z,emailservice,16,92610560,1
2026-09-05T14:18:38Z,adservice,37,277258240,1
2026-09-05T14:18:38Z,redis-cart,8,34844672,1
2026-09-05T14:18:43Z,frontend,211,47095808,1
2026-09-05T14:18:43Z,cartservice,46,79392768,1
2026-09-05T14:18:43Z,checkoutservice,59,17969152,1
2026-09-05T14:18:43Z,productcatalogservice,85,32583680,1
2026-09-05T14:18:43Z,paymentservice,6,42299392,1
2026-09-05T14:18:43Z,recommendationservice,127,105517056,1
2026-09-05T14:18:43Z,shippingservice,21,31518720,1
2026-09-05T14:18:43Z,currencyservice,68,88793088,1
2026-09-05T14:18:43Z,emailservice,14,92610560,1
2026-09-05T14:18:43Z,adservice,34,277258240,1
2026-09-05T14:18:43Z,redis-cart,8,34844672,1
2026-09-05T14:18:48Z,frontend,211,49197056,1
2026-09-05T14:18:48Z,cartservice,46,79392768,1
2026-09-05T14:18:48Z,checkoutservice,59,19075072,1
2026-09-05T14:18:48Z,productcatalogservice,85,31809536,1
2026-09-05T14:18:48Z,paymentservice,6,42348544,1
2026-09-05T14:18:48Z,recommendationservice,127,105517056,1
2026-09-05T14:18:48Z,shippingservice,21,32174080,1
2026-09-05T14:18:48Z,currencyservice,68,89104384,1
2026-09-05T14:18:48Z,emailservice,14,92610560,1
2026-09-05T14:18:48Z,adservice,34,277258240,1
2026-09-05T14:18:48Z,redis-cart,8,34844672,1
2026-09-05T14:18:53Z,frontend,213,48627712,1
2026-09-05T14:18:53Z,cartservice,37,79290368,1
2026-09-05T14:18:53Z,checkoutservice,70,18800640,1
2026-09-05T14:18:53Z,productcatalogservice,86,32313344,1
2026-09-05T14:18:53Z,paymentservice,6,42401792,1
2026-09-05T14:18:53Z,recommendationservice,131,105517056,1
2026-09-05T14:18:53Z,shippingservice,21,31924224,1
2026-09-05T14:18:53Z,currencyservice,65,88236032,1
2026-09-05T14:18:53Z,emailservice,16,92610560,1
2026-09-05T14:18:53Z,adservice,38,277258240,1
2026-09-05T14:18:53Z,redis-cart,8,34856960,1
2026-09-05T14:18:59Z,frontend,213,48283648,1
2026-09-05T14:18:59Z,cartservice,37,79101952,1
2026-09-05T14:18:59Z,checkoutservice,70,22265856,1
2026-09-05T14:18:59Z,productcatalogservice,86,32141312,1
2026-09-05T14:18:59Z,paymentservice,6,42430464,1
2026-09-05T14:18:59Z,recommendationservice,131,105517056,1
2026-09-05T14:18:59Z,shippingservice,21,31490048,1
2026-09-05T14:18:59Z,currencyservice,65,88547328,1
2026-09-05T14:18:59Z,emailservice,16,92610560,1
2026-09-05T14:18:59Z,adservice,38,277258240,1
2026-09-05T14:18:59Z,redis-cart,8,34856960,1
2026-09-05T14:19:04Z,frontend,208,49491968,1
2026-09-05T14:19:04Z,cartservice,42,79163392,1
2026-09-05T14:19:04Z,checkoutservice,71,18386944,1
2026-09-05T14:19:04Z,productcatalogservice,82,32509952,1
2026-09-05T14:19:04Z,paymentservice,7,42602496,1
2026-09-05T14:19:04Z,recommendationservice,131,105517056,1
2026-09-05T14:19:04Z,shippingservice,21,32137216,1
2026-09-05T14:19:04Z,currencyservice,62,88494080,1
2026-09-05T14:19:04Z,emailservice,15,92610560,1
2026-09-05T14:19:04Z,adservice,39,277291008,1
2026-09-05T14:19:04Z,redis-cart,14,34856960,1
2026-09-05T14:19:09Z,frontend,208,48680960,1
2026-09-05T14:19:09Z,cartservice,42,79171584,1
2026-09-05T14:19:09Z,checkoutservice,71,19533824,1
2026-09-05T14:19:09Z,productcatalogservice,82,33095680,1
2026-09-05T14:19:09Z,paymentservice,7,42520576,1
2026-09-05T14:19:09Z,recommendationservice,131,105517056,1
2026-09-05T14:19:09Z,shippingservice,21,32559104,1
2026-09-05T14:19:09Z,currencyservice,62,88715264,1
2026-09-05T14:19:09Z,emailservice,15,92610560,1
2026-09-05T14:19:09Z,adservice,39,277291008,1
2026-09-05T14:19:09Z,redis-cart,14,34856960,1
2026-09-05T14:19:15Z,frontend,204,48144384,1
2026-09-05T14:19:15Z,cartservice,49,79171584,1
2026-09-05T14:19:15Z,checkoutservice,69,18800640,1
2026-09-05T14:19:15Z,productcatalogservice,83,32649216,1
2026-09-05T14:19:15Z,paymentservice,7,42565632,1
2026-09-05T14:19:15Z,recommendationservice,129,105517056,1
2026-09-05T14:19:15Z,shippingservice,20,32616448,1
2026-09-05T14:19:15Z,currencyservice,65,88150016,1
2026-09-05T14:19:15Z,emailservice,16,92610560,1
2026-09-05T14:19:15Z,adservice,36,277291008,1
2026-09-05T14:19:15Z,redis-cart,8,34856960,1
2026-09-05T14:19:20Z,frontend,204,48754688,1
2026-09-05T14:19:20Z,cartservice,49,79171584,1
2026-09-05T14:19:20Z,checkoutservice,69,18837504,1
2026-09-05T14:19:20Z,productcatalogservice,83,32628736,1
2026-09-05T14:19:20Z,paymentservice,7,42602496,1
2026-09-05T14:19:20Z,recommendationservice,129,105517056,1
2026-09-05T14:19:20Z,shippingservice,20,32382976,1
2026-09-05T14:19:20Z,currencyservice,65,88424448,1
2026-09-05T14:19:20Z,emailservice,16,92610560,1
2026-09-05T14:19:20Z,adservice,36,277291008,1
2026-09-05T14:19:20Z,redis-cart,8,34856960,1
