2026-09-16T21:50:41Z  WAITING  for /home/idozacharia/TopFull/TopFull_master/online_boutique_scripts/src/logs/service_inbound.csv (timeout=60s)
2026-09-16T21:50:41Z  READY  found service_inbound.csv (924 rows)
2026-09-16T21:50:41Z  START  threshold=0.20 sample_interval=1s interval_samples=30 (30s) services=['adservice', 'cartservice', 'checkoutservice', 'currencyservice', 'emailservice', 'paymentservice', 'productcatalogservice', 'recommendationservice', 'shippingservice']
2026-09-16T21:50:42Z  SKIP  adservice  no metric data this sample
2026-09-16T21:50:42Z  SKIP  cartservice  no metric data this sample
2026-09-16T21:50:42Z  SKIP  checkoutservice  no metric data this sample
2026-09-16T21:50:42Z  SKIP  currencyservice  no metric data this sample
2026-09-16T21:50:42Z  SKIP  emailservice  no metric data this sample
2026-09-16T21:50:42Z  SKIP  paymentservice  no metric data this sample
2026-09-16T21:50:42Z  SKIP  productcatalogservice  no metric data this sample
2026-09-16T21:50:42Z  SKIP  recommendationservice  no metric data this sample
2026-09-16T21:50:42Z  SKIP  shippingservice  no metric data this sample
2026-09-16T21:50:43Z  OBSERVE  adservice  rejection=0.0000  low=1 high=0  state=ON
2026-09-16T21:50:43Z  OBSERVE  cartservice  rejection=0.0000  low=1 high=0  state=ON
2026-09-16T21:50:43Z  OBSERVE  checkoutservice  rejection=0.0000  low=1 high=0  state=ON
2026-09-16T21:50:43Z  OBSERVE  currencyservice  rejection=0.0000  low=1 high=0  state=ON
2026-09-16T21:50:43Z  OBSERVE  emailservice  rejection=0.0000  low=1 high=0  state=ON
2026-09-16T21:50:43Z  OBSERVE  paymentservice  rejection=0.0000  low=1 high=0  state=ON
2026-09-16T21:50:43Z  OBSERVE  productcatalogservice  rejection=0.0000  low=1 high=0  state=ON
2026-09-16T21:50:43Z  OBSERVE  recommendationservice  rejection=0.0000  low=1 high=0  state=ON
2026-09-16T21:50:43Z  OBSERVE  shippingservice  rejection=0.0000  low=1 high=0  state=ON
2026-09-16T21:50:44Z  OBSERVE  adservice  rejection=0.0000  low=2 high=0  state=ON
2026-09-16T21:50:44Z  OBSERVE  cartservice  rejection=0.0000  low=2 high=0  state=ON
2026-09-16T21:50:44Z  OBSERVE  checkoutservice  rejection=0.0000  low=2 high=0  state=ON
2026-09-16T21:50:44Z  OBSERVE  currencyservice  rejection=0.0000  low=2 high=0  state=ON
2026-09-16T21:50:44Z  OBSERVE  emailservice  rejection=0.0000  low=2 high=0  state=ON
2026-09-16T21:50:44Z  OBSERVE  paymentservice  rejection=0.0000  low=2 high=0  state=ON
2026-09-16T21:50:44Z  OBSERVE  productcatalogservice  rejection=0.0000  low=2 high=0  state=ON
2026-09-16T21:50:44Z  OBSERVE  recommendationservice  rejection=0.0000  low=2 high=0  state=ON
2026-09-16T21:50:44Z  OBSERVE  shippingservice  rejection=0.0000  low=2 high=0  state=ON
2026-09-16T21:50:45Z  OBSERVE  adservice  rejection=0.0000  low=3 high=0  state=ON
2026-09-16T21:50:45Z  OBSERVE  cartservice  rejection=0.0000  low=3 high=0  state=ON
2026-09-16T21:50:45Z  OBSERVE  checkoutservice  rejection=0.0000  low=3 high=0  state=ON
2026-09-16T21:50:45Z  OBSERVE  currencyservice  rejection=0.0000  low=3 high=0  state=ON
2026-09-16T21:50:45Z  OBSERVE  emailservice  rejection=0.0000  low=3 high=0  state=ON
2026-09-16T21:50:45Z  OBSERVE  paymentservice  rejection=0.0000  low=3 high=0  state=ON
2026-09-16T21:50:45Z  OBSERVE  productcatalogservice  rejection=0.0000  low=3 high=0  state=ON
2026-09-16T21:50:45Z  OBSERVE  recommendationservice  rejection=0.0000  low=3 high=0  state=ON
2026-09-16T21:50:45Z  OBSERVE  shippingservice  rejection=0.0000  low=3 high=0  state=ON
2026-09-16T21:50:46Z  OBSERVE  adservice  rejection=0.0000  low=4 high=0  state=ON
2026-09-16T21:50:46Z  OBSERVE  cartservice  rejection=0.0000  low=4 high=0  state=ON
2026-09-16T21:50:46Z  OBSERVE  checkoutservice  rejection=0.0000  low=4 high=0  state=ON
2026-09-16T21:50:46Z  OBSERVE  currencyservice  rejection=0.0000  low=4 high=0  state=ON
2026-09-16T21:50:46Z  OBSERVE  emailservice  rejection=0.0000  low=4 high=0  state=ON
2026-09-16T21:50:46Z  OBSERVE  paymentservice  rejection=0.0000  low=4 high=0  state=ON
2026-09-16T21:50:46Z  OBSERVE  productcatalogservice  rejection=0.0000  low=4 high=0  state=ON
2026-09-16T21:50:46Z  OBSERVE  recommendationservice  rejection=0.0000  low=4 high=0  state=ON
2026-09-16T21:50:46Z  OBSERVE  shippingservice  rejection=0.0000  low=4 high=0  state=ON
2026-09-16T21:50:47Z  OBSERVE  adservice  rejection=0.0000  low=5 high=0  state=ON
2026-09-16T21:50:47Z  OBSERVE  cartservice  rejection=0.0000  low=5 high=0  state=ON
2026-09-16T21:50:47Z  OBSERVE  checkoutservice  rejection=0.0000  low=5 high=0  state=ON
2026-09-16T21:50:47Z  OBSERVE  currencyservice  rejection=0.0000  low=5 high=0  state=ON
2026-09-16T21:50:47Z  OBSERVE  emailservice  rejection=0.0000  low=5 high=0  state=ON
2026-09-16T21:50:47Z  OBSERVE  paymentservice  rejection=0.0000  low=5 high=0  state=ON
2026-09-16T21:50:47Z  OBSERVE  productcatalogservice  rejection=0.0000  low=5 high=0  state=ON
2026-09-16T21:50:47Z  OBSERVE  recommendationservice  rejection=0.0000  low=5 high=0  state=ON
2026-09-16T21:50:47Z  OBSERVE  shippingservice  rejection=0.0000  low=5 high=0  state=ON
2026-09-16T21:50:48Z  OBSERVE  adservice  rejection=0.0000  low=6 high=0  state=ON
2026-09-16T21:50:48Z  OBSERVE  cartservice  rejection=0.0000  low=6 high=0  state=ON
2026-09-16T21:50:48Z  OBSERVE  checkoutservice  rejection=0.0000  low=6 high=0  state=ON
2026-09-16T21:50:48Z  OBSERVE  currencyservice  rejection=0.0000  low=6 high=0  state=ON
2026-09-16T21:50:48Z  OBSERVE  emailservice  rejection=0.0000  low=6 high=0  state=ON
2026-09-16T21:50:48Z  OBSERVE  paymentservice  rejection=0.0000  low=6 high=0  state=ON
2026-09-16T21:50:48Z  OBSERVE  productcatalogservice  rejection=0.0000  low=6 high=0  state=ON
2026-09-16T21:50:48Z  OBSERVE  recommendationservice  rejection=0.0000  low=6 high=0  state=ON
2026-09-16T21:50:48Z  OBSERVE  shippingservice  rejection=0.0000  low=6 high=0  state=ON
2026-09-16T21:50:49Z  OBSERVE  adservice  rejection=0.0000  low=7 high=0  state=ON
2026-09-16T21:50:49Z  OBSERVE  cartservice  rejection=0.0000  low=7 high=0  state=ON
2026-09-16T21:50:49Z  OBSERVE  checkoutservice  rejection=0.0000  low=7 high=0  state=ON
2026-09-16T21:50:49Z  OBSERVE  currencyservice  rejection=0.0000  low=7 high=0  state=ON
2026-09-16T21:50:49Z  OBSERVE  emailservice  rejection=0.0000  low=7 high=0  state=ON
2026-09-16T21:50:49Z  OBSERVE  paymentservice  rejection=0.0000  low=7 high=0  state=ON
2026-09-16T21:50:49Z  OBSERVE  productcatalogservice  rejection=0.0000  low=7 high=0  state=ON
2026-09-16T21:50:49Z  OBSERVE  recommendationservice  rejection=0.0000  low=7 high=0  state=ON
2026-09-16T21:50:49Z  OBSERVE  shippingservice  rejection=0.0000  low=7 high=0  state=ON
2026-09-16T21:50:50Z  OBSERVE  adservice  rejection=0.0000  low=8 high=0  state=ON
2026-09-16T21:50:50Z  OBSERVE  cartservice  rejection=0.0000  low=8 high=0  state=ON
2026-09-16T21:50:50Z  OBSERVE  checkoutservice  rejection=0.0000  low=8 high=0  state=ON
2026-09-16T21:50:50Z  OBSERVE  currencyservice  rejection=0.0000  low=8 high=0  state=ON
2026-09-16T21:50:50Z  OBSERVE  emailservice  rejection=0.0000  low=8 high=0  state=ON
2026-09-16T21:50:50Z  OBSERVE  paymentservice  rejection=0.0000  low=8 high=0  state=ON
2026-09-16T21:50:50Z  OBSERVE  productcatalogservice  rejection=0.0000  low=8 high=0  state=ON
2026-09-16T21:50:50Z  OBSERVE  recommendationservice  rejection=0.0000  low=8 high=0  state=ON
2026-09-16T21:50:50Z  OBSERVE  shippingservice  rejection=0.0000  low=8 high=0  state=ON
2026-09-16T21:50:51Z  OBSERVE  adservice  rejection=0.0000  low=9 high=0  state=ON
2026-09-16T21:50:51Z  OBSERVE  cartservice  rejection=0.0000  low=9 high=0  state=ON
2026-09-16T21:50:51Z  OBSERVE  checkoutservice  rejection=0.0000  low=9 high=0  state=ON
2026-09-16T21:50:51Z  OBSERVE  currencyservice  rejection=0.0000  low=9 high=0  state=ON
2026-09-16T21:50:51Z  OBSERVE  emailservice  rejection=0.0000  low=9 high=0  state=ON
2026-09-16T21:50:51Z  OBSERVE  paymentservice  rejection=0.0000  low=9 high=0  state=ON
2026-09-16T21:50:51Z  OBSERVE  productcatalogservice  rejection=0.0000  low=9 high=0  state=ON
2026-09-16T21:50:51Z  OBSERVE  recommendationservice  rejection=0.0000  low=9 high=0  state=ON
2026-09-16T21:50:51Z  OBSERVE  shippingservice  rejection=0.0000  low=9 high=0  state=ON
2026-09-16T21:50:52Z  OBSERVE  adservice  rejection=0.0000  low=10 high=0  state=ON
2026-09-16T21:50:52Z  OBSERVE  cartservice  rejection=0.0000  low=10 high=0  state=ON
2026-09-16T21:50:52Z  OBSERVE  checkoutservice  rejection=0.0000  low=10 high=0  state=ON
2026-09-16T21:50:52Z  OBSERVE  currencyservice  rejection=0.0000  low=10 high=0  state=ON
2026-09-16T21:50:52Z  OBSERVE  emailservice  rejection=0.0000  low=10 high=0  state=ON
2026-09-16T21:50:52Z  OBSERVE  paymentservice  rejection=0.0000  low=10 high=0  state=ON
2026-09-16T21:50:52Z  OBSERVE  productcatalogservice  rejection=0.0000  low=10 high=0  state=ON
2026-09-16T21:50:52Z  OBSERVE  recommendationservice  rejection=0.0000  low=10 high=0  state=ON
2026-09-16T21:50:52Z  OBSERVE  shippingservice  rejection=0.0000  low=10 high=0  state=ON
2026-09-16T21:50:53Z  OBSERVE  adservice  rejection=0.0000  low=11 high=0  state=ON
2026-09-16T21:50:53Z  OBSERVE  cartservice  rejection=0.0000  low=11 high=0  state=ON
2026-09-16T21:50:53Z  OBSERVE  checkoutservice  rejection=0.0000  low=11 high=0  state=ON
2026-09-16T21:50:53Z  OBSERVE  currencyservice  rejection=0.0000  low=11 high=0  state=ON
2026-09-16T21:50:53Z  OBSERVE  emailservice  rejection=0.0000  low=11 high=0  state=ON
2026-09-16T21:50:53Z  OBSERVE  paymentservice  rejection=0.0000  low=11 high=0  state=ON
2026-09-16T21:50:53Z  OBSERVE  productcatalogservice  rejection=0.0000  low=11 high=0  state=ON
2026-09-16T21:50:53Z  OBSERVE  recommendationservice  rejection=0.0000  low=11 high=0  state=ON
2026-09-16T21:50:53Z  OBSERVE  shippingservice  rejection=0.0000  low=11 high=0  state=ON
2026-09-16T21:50:54Z  OBSERVE  adservice  rejection=0.0000  low=12 high=0  state=ON
2026-09-16T21:50:54Z  OBSERVE  cartservice  rejection=0.0000  low=12 high=0  state=ON
2026-09-16T21:50:54Z  OBSERVE  checkoutservice  rejection=0.0000  low=12 high=0  state=ON
2026-09-16T21:50:54Z  OBSERVE  currencyservice  rejection=0.0000  low=12 high=0  state=ON
2026-09-16T21:50:54Z  OBSERVE  emailservice  rejection=0.0000  low=12 high=0  state=ON
2026-09-16T21:50:54Z  OBSERVE  paymentservice  rejection=0.0000  low=12 high=0  state=ON
2026-09-16T21:50:54Z  OBSERVE  productcatalogservice  rejection=0.0000  low=12 high=0  state=ON
2026-09-16T21:50:54Z  OBSERVE  recommendationservice  rejection=0.0000  low=12 high=0  state=ON
2026-09-16T21:50:54Z  OBSERVE  shippingservice  rejection=0.0000  low=12 high=0  state=ON
2026-09-16T21:50:55Z  OBSERVE  adservice  rejection=0.0000  low=13 high=0  state=ON
2026-09-16T21:50:55Z  OBSERVE  cartservice  rejection=0.0000  low=13 high=0  state=ON
2026-09-16T21:50:55Z  OBSERVE  checkoutservice  rejection=0.0000  low=13 high=0  state=ON
2026-09-16T21:50:55Z  OBSERVE  currencyservice  rejection=0.0000  low=13 high=0  state=ON
2026-09-16T21:50:55Z  OBSERVE  emailservice  rejection=0.0000  low=13 high=0  state=ON
2026-09-16T21:50:55Z  OBSERVE  paymentservice  rejection=0.0000  low=13 high=0  state=ON
2026-09-16T21:50:55Z  OBSERVE  productcatalogservice  rejection=0.0000  low=13 high=0  state=ON
2026-09-16T21:50:55Z  OBSERVE  recommendationservice  rejection=0.0000  low=13 high=0  state=ON
2026-09-16T21:50:55Z  OBSERVE  shippingservice  rejection=0.0000  low=13 high=0  state=ON
2026-09-16T21:50:56Z  OBSERVE  adservice  rejection=0.0000  low=14 high=0  state=ON
2026-09-16T21:50:56Z  OBSERVE  cartservice  rejection=0.0000  low=14 high=0  state=ON
2026-09-16T21:50:56Z  OBSERVE  checkoutservice  rejection=0.0000  low=14 high=0  state=ON
2026-09-16T21:50:56Z  OBSERVE  currencyservice  rejection=0.0000  low=14 high=0  state=ON
2026-09-16T21:50:56Z  OBSERVE  emailservice  rejection=0.0000  low=14 high=0  state=ON
2026-09-16T21:50:56Z  OBSERVE  paymentservice  rejection=0.0000  low=14 high=0  state=ON
2026-09-16T21:50:56Z  OBSERVE  productcatalogservice  rejection=0.0000  low=14 high=0  state=ON
2026-09-16T21:50:56Z  OBSERVE  recommendationservice  rejection=0.0000  low=14 high=0  state=ON
2026-09-16T21:50:56Z  OBSERVE  shippingservice  rejection=0.0000  low=14 high=0  state=ON
2026-09-16T21:50:57Z  OBSERVE  adservice  rejection=0.0000  low=15 high=0  state=ON
2026-09-16T21:50:57Z  OBSERVE  cartservice  rejection=0.0000  low=15 high=0  state=ON
2026-09-16T21:50:57Z  OBSERVE  checkoutservice  rejection=0.0000  low=15 high=0  state=ON
2026-09-16T21:50:57Z  OBSERVE  currencyservice  rejection=0.0000  low=15 high=0  state=ON
2026-09-16T21:50:57Z  OBSERVE  emailservice  rejection=0.0000  low=15 high=0  state=ON
2026-09-16T21:50:57Z  OBSERVE  paymentservice  rejection=0.0000  low=15 high=0  state=ON
2026-09-16T21:50:57Z  OBSERVE  productcatalogservice  rejection=0.0000  low=15 high=0  state=ON
2026-09-16T21:50:57Z  OBSERVE  recommendationservice  rejection=0.0000  low=15 high=0  state=ON
2026-09-16T21:50:57Z  OBSERVE  shippingservice  rejection=0.0000  low=15 high=0  state=ON
2026-09-16T21:50:58Z  OBSERVE  adservice  rejection=0.0000  low=16 high=0  state=ON
2026-09-16T21:50:58Z  OBSERVE  cartservice  rejection=0.0000  low=16 high=0  state=ON
2026-09-16T21:50:58Z  OBSERVE  checkoutservice  rejection=0.0000  low=16 high=0  state=ON
2026-09-16T21:50:58Z  OBSERVE  currencyservice  rejection=0.0000  low=16 high=0  state=ON
2026-09-16T21:50:58Z  OBSERVE  emailservice  rejection=0.0000  low=16 high=0  state=ON
2026-09-16T21:50:58Z  OBSERVE  paymentservice  rejection=0.0000  low=16 high=0  state=ON
2026-09-16T21:50:58Z  OBSERVE  productcatalogservice  rejection=0.0000  low=16 high=0  state=ON
2026-09-16T21:50:58Z  OBSERVE  recommendationservice  rejection=0.0000  low=16 high=0  state=ON
2026-09-16T21:50:58Z  OBSERVE  shippingservice  rejection=0.0000  low=16 high=0  state=ON
2026-09-16T21:50:59Z  OBSERVE  adservice  rejection=0.0000  low=17 high=0  state=ON
2026-09-16T21:50:59Z  OBSERVE  cartservice  rejection=0.0000  low=17 high=0  state=ON
2026-09-16T21:50:59Z  OBSERVE  checkoutservice  rejection=0.0000  low=17 high=0  state=ON
2026-09-16T21:50:59Z  OBSERVE  currencyservice  rejection=0.0000  low=17 high=0  state=ON
2026-09-16T21:50:59Z  OBSERVE  emailservice  rejection=0.0000  low=17 high=0  state=ON
2026-09-16T21:50:59Z  OBSERVE  paymentservice  rejection=0.0000  low=17 high=0  state=ON
2026-09-16T21:50:59Z  OBSERVE  productcatalogservice  rejection=0.0000  low=17 high=0  state=ON
2026-09-16T21:50:59Z  OBSERVE  recommendationservice  rejection=0.0000  low=17 high=0  state=ON
2026-09-16T21:50:59Z  OBSERVE  shippingservice  rejection=0.0000  low=17 high=0  state=ON
2026-09-16T21:51:00Z  OBSERVE  adservice  rejection=0.0000  low=18 high=0  state=ON
2026-09-16T21:51:00Z  OBSERVE  cartservice  rejection=0.0000  low=18 high=0  state=ON
2026-09-16T21:51:00Z  OBSERVE  checkoutservice  rejection=0.0000  low=18 high=0  state=ON
2026-09-16T21:51:00Z  OBSERVE  currencyservice  rejection=0.0000  low=18 high=0  state=ON
2026-09-16T21:51:00Z  OBSERVE  emailservice  rejection=0.0000  low=18 high=0  state=ON
2026-09-16T21:51:00Z  OBSERVE  paymentservice  rejection=0.0000  low=18 high=0  state=ON
2026-09-16T21:51:00Z  OBSERVE  productcatalogservice  rejection=0.0000  low=18 high=0  state=ON
2026-09-16T21:51:00Z  OBSERVE  recommendationservice  rejection=0.0000  low=18 high=0  state=ON
2026-09-16T21:51:00Z  OBSERVE  shippingservice  rejection=0.0000  low=18 high=0  state=ON
2026-09-16T21:51:01Z  OBSERVE  adservice  rejection=0.0000  low=19 high=0  state=ON
2026-09-16T21:51:01Z  OBSERVE  cartservice  rejection=0.0000  low=19 high=0  state=ON
2026-09-16T21:51:01Z  OBSERVE  checkoutservice  rejection=0.0000  low=19 high=0  state=ON
2026-09-16T21:51:01Z  OBSERVE  currencyservice  rejection=0.0000  low=19 high=0  state=ON
2026-09-16T21:51:01Z  OBSERVE  emailservice  rejection=0.0000  low=19 high=0  state=ON
2026-09-16T21:51:01Z  OBSERVE  paymentservice  rejection=0.0000  low=19 high=0  state=ON
2026-09-16T21:51:01Z  OBSERVE  productcatalogservice  rejection=0.0000  low=19 high=0  state=ON
2026-09-16T21:51:01Z  OBSERVE  recommendationservice  rejection=0.0000  low=19 high=0  state=ON
2026-09-16T21:51:01Z  OBSERVE  shippingservice  rejection=0.0000  low=19 high=0  state=ON
2026-09-16T21:51:02Z  OBSERVE  adservice  rejection=0.0000  low=20 high=0  state=ON
2026-09-16T21:51:02Z  OBSERVE  cartservice  rejection=0.0000  low=20 high=0  state=ON
2026-09-16T21:51:02Z  OBSERVE  checkoutservice  rejection=0.0000  low=20 high=0  state=ON
2026-09-16T21:51:02Z  OBSERVE  currencyservice  rejection=0.0000  low=20 high=0  state=ON
2026-09-16T21:51:02Z  OBSERVE  emailservice  rejection=0.0000  low=20 high=0  state=ON
2026-09-16T21:51:02Z  OBSERVE  paymentservice  rejection=0.0000  low=20 high=0  state=ON
2026-09-16T21:51:02Z  OBSERVE  productcatalogservice  rejection=0.0000  low=20 high=0  state=ON
2026-09-16T21:51:02Z  OBSERVE  recommendationservice  rejection=0.0000  low=20 high=0  state=ON
2026-09-16T21:51:02Z  OBSERVE  shippingservice  rejection=0.0000  low=20 high=0  state=ON
2026-09-16T21:51:03Z  OBSERVE  adservice  rejection=0.0000  low=21 high=0  state=ON
2026-09-16T21:51:03Z  OBSERVE  cartservice  rejection=0.0000  low=21 high=0  state=ON
2026-09-16T21:51:03Z  OBSERVE  checkoutservice  rejection=0.0000  low=21 high=0  state=ON
2026-09-16T21:51:03Z  OBSERVE  currencyservice  rejection=0.0000  low=21 high=0  state=ON
2026-09-16T21:51:03Z  OBSERVE  emailservice  rejection=0.0000  low=21 high=0  state=ON
2026-09-16T21:51:03Z  OBSERVE  paymentservice  rejection=0.0000  low=21 high=0  state=ON
2026-09-16T21:51:03Z  OBSERVE  productcatalogservice  rejection=0.0000  low=21 high=0  state=ON
2026-09-16T21:51:03Z  OBSERVE  recommendationservice  rejection=0.0000  low=21 high=0  state=ON
2026-09-16T21:51:03Z  OBSERVE  shippingservice  rejection=0.0000  low=21 high=0  state=ON
2026-09-16T21:51:04Z  OBSERVE  adservice  rejection=0.0000  low=22 high=0  state=ON
2026-09-16T21:51:04Z  OBSERVE  cartservice  rejection=0.0000  low=22 high=0  state=ON
2026-09-16T21:51:04Z  OBSERVE  checkoutservice  rejection=0.0000  low=22 high=0  state=ON
2026-09-16T21:51:04Z  OBSERVE  currencyservice  rejection=0.0000  low=22 high=0  state=ON
2026-09-16T21:51:04Z  OBSERVE  emailservice  rejection=0.0000  low=22 high=0  state=ON
2026-09-16T21:51:04Z  OBSERVE  paymentservice  rejection=0.0000  low=22 high=0  state=ON
2026-09-16T21:51:04Z  OBSERVE  productcatalogservice  rejection=0.0000  low=22 high=0  state=ON
2026-09-16T21:51:04Z  OBSERVE  recommendationservice  rejection=0.0000  low=22 high=0  state=ON
2026-09-16T21:51:04Z  OBSERVE  shippingservice  rejection=0.0000  low=22 high=0  state=ON
2026-09-16T21:51:05Z  OBSERVE  adservice  rejection=0.0000  low=23 high=0  state=ON
2026-09-16T21:51:05Z  OBSERVE  cartservice  rejection=0.0000  low=23 high=0  state=ON
2026-09-16T21:51:05Z  OBSERVE  checkoutservice  rejection=0.0000  low=23 high=0  state=ON
2026-09-16T21:51:05Z  OBSERVE  currencyservice  rejection=0.0000  low=23 high=0  state=ON
2026-09-16T21:51:05Z  OBSERVE  emailservice  rejection=0.0000  low=23 high=0  state=ON
2026-09-16T21:51:05Z  OBSERVE  paymentservice  rejection=0.0000  low=23 high=0  state=ON
2026-09-16T21:51:05Z  OBSERVE  productcatalogservice  rejection=0.0000  low=23 high=0  state=ON
2026-09-16T21:51:05Z  OBSERVE  recommendationservice  rejection=0.0000  low=23 high=0  state=ON
2026-09-16T21:51:05Z  OBSERVE  shippingservice  rejection=0.0000  low=23 high=0  state=ON
2026-09-16T21:51:06Z  OBSERVE  adservice  rejection=0.0000  low=24 high=0  state=ON
2026-09-16T21:51:06Z  OBSERVE  cartservice  rejection=0.0000  low=24 high=0  state=ON
2026-09-16T21:51:06Z  OBSERVE  checkoutservice  rejection=0.0000  low=24 high=0  state=ON
2026-09-16T21:51:06Z  OBSERVE  currencyservice  rejection=0.0000  low=24 high=0  state=ON
2026-09-16T21:51:06Z  OBSERVE  emailservice  rejection=0.0000  low=24 high=0  state=ON
2026-09-16T21:51:06Z  OBSERVE  paymentservice  rejection=0.0000  low=24 high=0  state=ON
2026-09-16T21:51:06Z  OBSERVE  productcatalogservice  rejection=0.0000  low=24 high=0  state=ON
2026-09-16T21:51:06Z  OBSERVE  recommendationservice  rejection=0.0000  low=24 high=0  state=ON
2026-09-16T21:51:06Z  OBSERVE  shippingservice  rejection=0.0000  low=24 high=0  state=ON
2026-09-16T21:51:07Z  OBSERVE  adservice  rejection=0.0000  low=25 high=0  state=ON
2026-09-16T21:51:07Z  OBSERVE  cartservice  rejection=0.0000  low=25 high=0  state=ON
2026-09-16T21:51:07Z  OBSERVE  checkoutservice  rejection=0.0000  low=25 high=0  state=ON
2026-09-16T21:51:07Z  OBSERVE  currencyservice  rejection=0.0000  low=25 high=0  state=ON
2026-09-16T21:51:07Z  OBSERVE  emailservice  rejection=0.0000  low=25 high=0  state=ON
2026-09-16T21:51:07Z  OBSERVE  paymentservice  rejection=0.0000  low=25 high=0  state=ON
2026-09-16T21:51:07Z  OBSERVE  productcatalogservice  rejection=0.0000  low=25 high=0  state=ON
2026-09-16T21:51:07Z  OBSERVE  recommendationservice  rejection=0.0000  low=25 high=0  state=ON
2026-09-16T21:51:07Z  OBSERVE  shippingservice  rejection=0.0000  low=25 high=0  state=ON
2026-09-16T21:51:08Z  OBSERVE  adservice  rejection=0.0000  low=26 high=0  state=ON
2026-09-16T21:51:08Z  OBSERVE  cartservice  rejection=0.0000  low=26 high=0  state=ON
2026-09-16T21:51:08Z  OBSERVE  checkoutservice  rejection=0.0000  low=26 high=0  state=ON
2026-09-16T21:51:08Z  OBSERVE  currencyservice  rejection=0.0000  low=26 high=0  state=ON
2026-09-16T21:51:08Z  OBSERVE  emailservice  rejection=0.0000  low=26 high=0  state=ON
2026-09-16T21:51:08Z  OBSERVE  paymentservice  rejection=0.0000  low=26 high=0  state=ON
2026-09-16T21:51:08Z  OBSERVE  productcatalogservice  rejection=0.0000  low=26 high=0  state=ON
2026-09-16T21:51:08Z  OBSERVE  recommendationservice  rejection=0.0000  low=26 high=0  state=ON
2026-09-16T21:51:08Z  OBSERVE  shippingservice  rejection=0.0000  low=26 high=0  state=ON
2026-09-16T21:51:09Z  OBSERVE  adservice  rejection=0.0000  low=27 high=0  state=ON
2026-09-16T21:51:09Z  OBSERVE  cartservice  rejection=0.0000  low=27 high=0  state=ON
2026-09-16T21:51:09Z  OBSERVE  checkoutservice  rejection=0.0000  low=27 high=0  state=ON
2026-09-16T21:51:09Z  OBSERVE  currencyservice  rejection=0.0000  low=27 high=0  state=ON
2026-09-16T21:51:09Z  OBSERVE  emailservice  rejection=0.0000  low=27 high=0  state=ON
2026-09-16T21:51:09Z  OBSERVE  paymentservice  rejection=0.0000  low=27 high=0  state=ON
2026-09-16T21:51:09Z  OBSERVE  productcatalogservice  rejection=0.0000  low=27 high=0  state=ON
2026-09-16T21:51:09Z  OBSERVE  recommendationservice  rejection=0.0000  low=27 high=0  state=ON
2026-09-16T21:51:09Z  OBSERVE  shippingservice  rejection=0.0000  low=27 high=0  state=ON
2026-09-16T21:51:10Z  OBSERVE  adservice  rejection=0.0000  low=28 high=0  state=ON
2026-09-16T21:51:10Z  OBSERVE  cartservice  rejection=0.0000  low=28 high=0  state=ON
2026-09-16T21:51:10Z  OBSERVE  checkoutservice  rejection=0.0000  low=28 high=0  state=ON
2026-09-16T21:51:10Z  OBSERVE  currencyservice  rejection=0.0000  low=28 high=0  state=ON
2026-09-16T21:51:10Z  OBSERVE  emailservice  rejection=0.0000  low=28 high=0  state=ON
2026-09-16T21:51:10Z  OBSERVE  paymentservice  rejection=0.0000  low=28 high=0  state=ON
2026-09-16T21:51:10Z  OBSERVE  productcatalogservice  rejection=0.0000  low=28 high=0  state=ON
2026-09-16T21:51:10Z  OBSERVE  recommendationservice  rejection=0.0000  low=28 high=0  state=ON
2026-09-16T21:51:10Z  OBSERVE  shippingservice  rejection=0.0000  low=28 high=0  state=ON
2026-09-16T21:51:11Z  OBSERVE  adservice  rejection=0.0000  low=29 high=0  state=ON
2026-09-16T21:51:11Z  OBSERVE  cartservice  rejection=0.0000  low=29 high=0  state=ON
2026-09-16T21:51:11Z  OBSERVE  checkoutservice  rejection=0.0000  low=29 high=0  state=ON
2026-09-16T21:51:11Z  OBSERVE  currencyservice  rejection=0.0000  low=29 high=0  state=ON
2026-09-16T21:51:11Z  OBSERVE  emailservice  rejection=0.0000  low=29 high=0  state=ON
2026-09-16T21:51:11Z  OBSERVE  paymentservice  rejection=0.0000  low=29 high=0  state=ON
2026-09-16T21:51:11Z  OBSERVE  productcatalogservice  rejection=0.0000  low=29 high=0  state=ON
2026-09-16T21:51:11Z  OBSERVE  recommendationservice  rejection=0.0000  low=29 high=0  state=ON
2026-09-16T21:51:11Z  OBSERVE  shippingservice  rejection=0.0000  low=29 high=0  state=ON
2026-09-16T21:51:12Z  OBSERVE  adservice  rejection=0.0000  low=30 high=0  state=ON
2026-09-16T21:51:12Z  OBSERVE  cartservice  rejection=0.0000  low=30 high=0  state=ON
2026-09-16T21:51:12Z  OBSERVE  checkoutservice  rejection=0.0000  low=30 high=0  state=ON
2026-09-16T21:51:12Z  OBSERVE  currencyservice  rejection=0.0000  low=30 high=0  state=ON
2026-09-16T21:51:12Z  OBSERVE  emailservice  rejection=0.0000  low=30 high=0  state=ON
2026-09-16T21:51:12Z  OBSERVE  paymentservice  rejection=0.0000  low=30 high=0  state=ON
2026-09-16T21:51:12Z  OBSERVE  productcatalogservice  rejection=0.0000  low=30 high=0  state=ON
2026-09-16T21:51:12Z  OBSERVE  recommendationservice  rejection=0.0000  low=30 high=0  state=ON
2026-09-16T21:51:12Z  OBSERVE  shippingservice  rejection=0.0000  low=30 high=0  state=ON
2026-09-16T21:51:13Z  OBSERVE  adservice  rejection=0.0000  low=31 high=0  state=ON
2026-09-16T21:51:13Z  OBSERVE  cartservice  rejection=0.0000  low=31 high=0  state=ON
2026-09-16T21:51:13Z  OBSERVE  checkoutservice  rejection=0.0000  low=31 high=0  state=ON
2026-09-16T21:51:13Z  OBSERVE  currencyservice  rejection=0.0000  low=31 high=0  state=ON
2026-09-16T21:51:13Z  OBSERVE  emailservice  rejection=0.0000  low=31 high=0  state=ON
2026-09-16T21:51:13Z  OBSERVE  paymentservice  rejection=0.0000  low=31 high=0  state=ON
2026-09-16T21:51:13Z  OBSERVE  productcatalogservice  rejection=0.0000  low=31 high=0  state=ON
2026-09-16T21:51:13Z  OBSERVE  recommendationservice  rejection=0.0000  low=31 high=0  state=ON
2026-09-16T21:51:13Z  OBSERVE  shippingservice  rejection=0.0000  low=31 high=0  state=ON
2026-09-16T21:51:14Z  OBSERVE  adservice  rejection=0.0000  low=32 high=0  state=ON
2026-09-16T21:51:14Z  OBSERVE  cartservice  rejection=0.0000  low=32 high=0  state=ON
2026-09-16T21:51:14Z  OBSERVE  checkoutservice  rejection=0.0000  low=32 high=0  state=ON
2026-09-16T21:51:14Z  OBSERVE  currencyservice  rejection=0.0000  low=32 high=0  state=ON
2026-09-16T21:51:14Z  OBSERVE  emailservice  rejection=0.0000  low=32 high=0  state=ON
2026-09-16T21:51:14Z  OBSERVE  paymentservice  rejection=0.0000  low=32 high=0  state=ON
2026-09-16T21:51:14Z  OBSERVE  productcatalogservice  rejection=0.0000  low=32 high=0  state=ON
2026-09-16T21:51:14Z  OBSERVE  recommendationservice  rejection=0.0000  low=32 high=0  state=ON
2026-09-16T21:51:14Z  OBSERVE  shippingservice  rejection=0.0000  low=32 high=0  state=ON
2026-09-16T21:51:15Z  OBSERVE  adservice  rejection=0.0000  low=33 high=0  state=ON
2026-09-16T21:51:15Z  OBSERVE  cartservice  rejection=0.0000  low=33 high=0  state=ON
2026-09-16T21:51:15Z  OBSERVE  checkoutservice  rejection=0.0000  low=33 high=0  state=ON
2026-09-16T21:51:15Z  OBSERVE  currencyservice  rejection=0.0000  low=33 high=0  state=ON
2026-09-16T21:51:15Z  OBSERVE  emailservice  rejection=0.0000  low=33 high=0  state=ON
2026-09-16T21:51:15Z  OBSERVE  paymentservice  rejection=0.0000  low=33 high=0  state=ON
2026-09-16T21:51:15Z  OBSERVE  productcatalogservice  rejection=0.0000  low=33 high=0  state=ON
2026-09-16T21:51:15Z  OBSERVE  recommendationservice  rejection=0.0000  low=33 high=0  state=ON
2026-09-16T21:51:15Z  OBSERVE  shippingservice  rejection=0.0000  low=33 high=0  state=ON
2026-09-16T21:51:16Z  OBSERVE  adservice  rejection=0.0000  low=34 high=0  state=ON
2026-09-16T21:51:16Z  OBSERVE  cartservice  rejection=0.0000  low=34 high=0  state=ON
2026-09-16T21:51:16Z  OBSERVE  checkoutservice  rejection=0.0000  low=34 high=0  state=ON
2026-09-16T21:51:16Z  OBSERVE  currencyservice  rejection=0.0000  low=34 high=0  state=ON
2026-09-16T21:51:16Z  OBSERVE  emailservice  rejection=0.0000  low=34 high=0  state=ON
2026-09-16T21:51:16Z  OBSERVE  paymentservice  rejection=0.0000  low=34 high=0  state=ON
2026-09-16T21:51:16Z  OBSERVE  productcatalogservice  rejection=0.0000  low=34 high=0  state=ON
2026-09-16T21:51:16Z  OBSERVE  recommendationservice  rejection=0.0000  low=34 high=0  state=ON
2026-09-16T21:51:16Z  OBSERVE  shippingservice  rejection=0.0000  low=34 high=0  state=ON
2026-09-16T21:51:17Z  OBSERVE  adservice  rejection=0.0000  low=35 high=0  state=ON
2026-09-16T21:51:17Z  OBSERVE  cartservice  rejection=0.0000  low=35 high=0  state=ON
2026-09-16T21:51:17Z  OBSERVE  checkoutservice  rejection=0.0000  low=35 high=0  state=ON
2026-09-16T21:51:17Z  OBSERVE  currencyservice  rejection=0.0000  low=35 high=0  state=ON
2026-09-16T21:51:17Z  OBSERVE  emailservice  rejection=0.0000  low=35 high=0  state=ON
2026-09-16T21:51:17Z  OBSERVE  paymentservice  rejection=0.0000  low=35 high=0  state=ON
2026-09-16T21:51:17Z  OBSERVE  productcatalogservice  rejection=0.0000  low=35 high=0  state=ON
2026-09-16T21:51:17Z  OBSERVE  recommendationservice  rejection=0.0000  low=35 high=0  state=ON
2026-09-16T21:51:17Z  OBSERVE  shippingservice  rejection=0.0000  low=35 high=0  state=ON
2026-09-16T21:51:18Z  OBSERVE  adservice  rejection=0.0000  low=36 high=0  state=ON
2026-09-16T21:51:18Z  OBSERVE  cartservice  rejection=0.0000  low=36 high=0  state=ON
2026-09-16T21:51:18Z  OBSERVE  checkoutservice  rejection=0.0000  low=36 high=0  state=ON
2026-09-16T21:51:18Z  OBSERVE  currencyservice  rejection=0.0000  low=36 high=0  state=ON
2026-09-16T21:51:18Z  OBSERVE  emailservice  rejection=0.0000  low=36 high=0  state=ON
2026-09-16T21:51:18Z  OBSERVE  paymentservice  rejection=0.0000  low=36 high=0  state=ON
2026-09-16T21:51:18Z  OBSERVE  productcatalogservice  rejection=0.0000  low=36 high=0  state=ON
2026-09-16T21:51:18Z  OBSERVE  recommendationservice  rejection=0.0000  low=36 high=0  state=ON
2026-09-16T21:51:18Z  OBSERVE  shippingservice  rejection=0.0000  low=36 high=0  state=ON
2026-09-16T21:51:19Z  OBSERVE  adservice  rejection=0.0000  low=37 high=0  state=ON
2026-09-16T21:51:19Z  OBSERVE  cartservice  rejection=0.0000  low=37 high=0  state=ON
2026-09-16T21:51:19Z  OBSERVE  checkoutservice  rejection=0.0000  low=37 high=0  state=ON
2026-09-16T21:51:19Z  OBSERVE  currencyservice  rejection=0.0000  low=37 high=0  state=ON
2026-09-16T21:51:19Z  OBSERVE  emailservice  rejection=0.0000  low=37 high=0  state=ON
2026-09-16T21:51:19Z  OBSERVE  paymentservice  rejection=0.0000  low=37 high=0  state=ON
2026-09-16T21:51:19Z  OBSERVE  productcatalogservice  rejection=0.0000  low=37 high=0  state=ON
2026-09-16T21:51:19Z  OBSERVE  recommendationservice  rejection=0.0000  low=37 high=0  state=ON
2026-09-16T21:51:19Z  OBSERVE  shippingservice  rejection=0.0000  low=37 high=0  state=ON
2026-09-16T21:51:20Z  OBSERVE  adservice  rejection=0.0000  low=38 high=0  state=ON
2026-09-16T21:51:20Z  OBSERVE  cartservice  rejection=0.0000  low=38 high=0  state=ON
2026-09-16T21:51:20Z  OBSERVE  checkoutservice  rejection=0.0000  low=38 high=0  state=ON
2026-09-16T21:51:20Z  OBSERVE  currencyservice  rejection=0.0000  low=38 high=0  state=ON
2026-09-16T21:51:20Z  OBSERVE  emailservice  rejection=0.0000  low=38 high=0  state=ON
2026-09-16T21:51:20Z  OBSERVE  paymentservice  rejection=0.0000  low=38 high=0  state=ON
2026-09-16T21:51:20Z  OBSERVE  productcatalogservice  rejection=0.0000  low=38 high=0  state=ON
2026-09-16T21:51:20Z  OBSERVE  recommendationservice  rejection=0.0000  low=38 high=0  state=ON
2026-09-16T21:51:20Z  OBSERVE  shippingservice  rejection=0.0000  low=38 high=0  state=ON
2026-09-16T21:51:21Z  OBSERVE  adservice  rejection=0.0000  low=39 high=0  state=ON
2026-09-16T21:51:21Z  OBSERVE  cartservice  rejection=0.0000  low=39 high=0  state=ON
2026-09-16T21:51:21Z  OBSERVE  checkoutservice  rejection=0.0000  low=39 high=0  state=ON
2026-09-16T21:51:21Z  OBSERVE  currencyservice  rejection=0.0000  low=39 high=0  state=ON
2026-09-16T21:51:21Z  OBSERVE  emailservice  rejection=0.0000  low=39 high=0  state=ON
2026-09-16T21:51:21Z  OBSERVE  paymentservice  rejection=0.0000  low=39 high=0  state=ON
2026-09-16T21:51:21Z  OBSERVE  productcatalogservice  rejection=0.0000  low=39 high=0  state=ON
2026-09-16T21:51:21Z  OBSERVE  recommendationservice  rejection=0.0000  low=39 high=0  state=ON
2026-09-16T21:51:21Z  OBSERVE  shippingservice  rejection=0.0000  low=39 high=0  state=ON
2026-09-16T21:51:22Z  OBSERVE  adservice  rejection=0.0000  low=40 high=0  state=ON
2026-09-16T21:51:22Z  OBSERVE  cartservice  rejection=0.0000  low=40 high=0  state=ON
2026-09-16T21:51:22Z  OBSERVE  checkoutservice  rejection=0.0000  low=40 high=0  state=ON
2026-09-16T21:51:22Z  OBSERVE  currencyservice  rejection=0.0000  low=40 high=0  state=ON
2026-09-16T21:51:22Z  OBSERVE  emailservice  rejection=0.0000  low=40 high=0  state=ON
2026-09-16T21:51:22Z  OBSERVE  paymentservice  rejection=0.0000  low=40 high=0  state=ON
2026-09-16T21:51:22Z  OBSERVE  productcatalogservice  rejection=0.0000  low=40 high=0  state=ON
2026-09-16T21:51:22Z  OBSERVE  recommendationservice  rejection=0.0000  low=40 high=0  state=ON
2026-09-16T21:51:22Z  OBSERVE  shippingservice  rejection=0.0000  low=40 high=0  state=ON
2026-09-16T21:51:23Z  OBSERVE  adservice  rejection=0.0000  low=41 high=0  state=ON
2026-09-16T21:51:23Z  OBSERVE  cartservice  rejection=0.0000  low=41 high=0  state=ON
2026-09-16T21:51:23Z  OBSERVE  checkoutservice  rejection=0.0000  low=41 high=0  state=ON
2026-09-16T21:51:23Z  OBSERVE  currencyservice  rejection=0.0000  low=41 high=0  state=ON
2026-09-16T21:51:23Z  OBSERVE  emailservice  rejection=0.0000  low=41 high=0  state=ON
2026-09-16T21:51:23Z  OBSERVE  paymentservice  rejection=0.0000  low=41 high=0  state=ON
2026-09-16T21:51:23Z  OBSERVE  productcatalogservice  rejection=0.0000  low=41 high=0  state=ON
2026-09-16T21:51:23Z  OBSERVE  recommendationservice  rejection=0.0000  low=41 high=0  state=ON
2026-09-16T21:51:23Z  OBSERVE  shippingservice  rejection=0.0000  low=41 high=0  state=ON
2026-09-16T21:51:24Z  OBSERVE  adservice  rejection=0.0000  low=42 high=0  state=ON
2026-09-16T21:51:24Z  OBSERVE  cartservice  rejection=0.0000  low=42 high=0  state=ON
2026-09-16T21:51:24Z  OBSERVE  checkoutservice  rejection=0.0000  low=42 high=0  state=ON
2026-09-16T21:51:24Z  OBSERVE  currencyservice  rejection=0.0000  low=42 high=0  state=ON
2026-09-16T21:51:24Z  OBSERVE  emailservice  rejection=0.0000  low=42 high=0  state=ON
2026-09-16T21:51:24Z  OBSERVE  paymentservice  rejection=0.0000  low=42 high=0  state=ON
2026-09-16T21:51:24Z  OBSERVE  productcatalogservice  rejection=0.0000  low=42 high=0  state=ON
2026-09-16T21:51:24Z  OBSERVE  recommendationservice  rejection=0.0000  low=42 high=0  state=ON
2026-09-16T21:51:24Z  OBSERVE  shippingservice  rejection=0.0000  low=42 high=0  state=ON
2026-09-16T21:51:25Z  OBSERVE  adservice  rejection=0.0000  low=43 high=0  state=ON
2026-09-16T21:51:25Z  OBSERVE  cartservice  rejection=0.0000  low=43 high=0  state=ON
2026-09-16T21:51:25Z  OBSERVE  checkoutservice  rejection=0.0000  low=43 high=0  state=ON
2026-09-16T21:51:25Z  OBSERVE  currencyservice  rejection=0.0000  low=43 high=0  state=ON
2026-09-16T21:51:25Z  OBSERVE  emailservice  rejection=0.0000  low=43 high=0  state=ON
2026-09-16T21:51:25Z  OBSERVE  paymentservice  rejection=0.0000  low=43 high=0  state=ON
2026-09-16T21:51:25Z  OBSERVE  productcatalogservice  rejection=0.0000  low=43 high=0  state=ON
2026-09-16T21:51:25Z  OBSERVE  recommendationservice  rejection=0.0000  low=43 high=0  state=ON
2026-09-16T21:51:25Z  OBSERVE  shippingservice  rejection=0.0000  low=43 high=0  state=ON
2026-09-16T21:51:26Z  OBSERVE  adservice  rejection=0.0000  low=44 high=0  state=ON
2026-09-16T21:51:26Z  OBSERVE  cartservice  rejection=0.0000  low=44 high=0  state=ON
2026-09-16T21:51:26Z  OBSERVE  checkoutservice  rejection=0.0000  low=44 high=0  state=ON
2026-09-16T21:51:26Z  OBSERVE  currencyservice  rejection=0.0000  low=44 high=0  state=ON
2026-09-16T21:51:26Z  OBSERVE  emailservice  rejection=0.0000  low=44 high=0  state=ON
2026-09-16T21:51:26Z  OBSERVE  paymentservice  rejection=0.0000  low=44 high=0  state=ON
2026-09-16T21:51:26Z  OBSERVE  productcatalogservice  rejection=0.0000  low=44 high=0  state=ON
2026-09-16T21:51:26Z  OBSERVE  recommendationservice  rejection=0.0000  low=44 high=0  state=ON
2026-09-16T21:51:26Z  OBSERVE  shippingservice  rejection=0.0000  low=44 high=0  state=ON
2026-09-16T21:51:27Z  OBSERVE  adservice  rejection=0.0000  low=45 high=0  state=ON
2026-09-16T21:51:27Z  OBSERVE  cartservice  rejection=0.0000  low=45 high=0  state=ON
2026-09-16T21:51:27Z  OBSERVE  checkoutservice  rejection=0.0000  low=45 high=0  state=ON
2026-09-16T21:51:27Z  OBSERVE  currencyservice  rejection=0.0000  low=45 high=0  state=ON
2026-09-16T21:51:27Z  OBSERVE  emailservice  rejection=0.0000  low=45 high=0  state=ON
2026-09-16T21:51:27Z  OBSERVE  paymentservice  rejection=0.0000  low=45 high=0  state=ON
2026-09-16T21:51:27Z  OBSERVE  productcatalogservice  rejection=0.0000  low=45 high=0  state=ON
2026-09-16T21:51:27Z  OBSERVE  recommendationservice  rejection=0.0000  low=45 high=0  state=ON
2026-09-16T21:51:27Z  OBSERVE  shippingservice  rejection=0.0000  low=45 high=0  state=ON
2026-09-16T21:51:28Z  OBSERVE  adservice  rejection=0.0000  low=46 high=0  state=ON
2026-09-16T21:51:28Z  OBSERVE  cartservice  rejection=0.0000  low=46 high=0  state=ON
2026-09-16T21:51:28Z  OBSERVE  checkoutservice  rejection=0.0000  low=46 high=0  state=ON
2026-09-16T21:51:28Z  OBSERVE  currencyservice  rejection=0.0000  low=46 high=0  state=ON
2026-09-16T21:51:28Z  OBSERVE  emailservice  rejection=0.0000  low=46 high=0  state=ON
2026-09-16T21:51:28Z  OBSERVE  paymentservice  rejection=0.0000  low=46 high=0  state=ON
2026-09-16T21:51:28Z  OBSERVE  productcatalogservice  rejection=0.0000  low=46 high=0  state=ON
2026-09-16T21:51:28Z  OBSERVE  recommendationservice  rejection=0.0000  low=46 high=0  state=ON
2026-09-16T21:51:28Z  OBSERVE  shippingservice  rejection=0.0000  low=46 high=0  state=ON
2026-09-16T21:51:29Z  OBSERVE  adservice  rejection=0.0000  low=47 high=0  state=ON
2026-09-16T21:51:29Z  OBSERVE  cartservice  rejection=0.0000  low=47 high=0  state=ON
2026-09-16T21:51:29Z  OBSERVE  checkoutservice  rejection=0.0000  low=47 high=0  state=ON
2026-09-16T21:51:29Z  OBSERVE  currencyservice  rejection=0.0000  low=47 high=0  state=ON
2026-09-16T21:51:29Z  OBSERVE  emailservice  rejection=0.0000  low=47 high=0  state=ON
2026-09-16T21:51:29Z  OBSERVE  paymentservice  rejection=0.0000  low=47 high=0  state=ON
2026-09-16T21:51:29Z  OBSERVE  productcatalogservice  rejection=0.0000  low=47 high=0  state=ON
2026-09-16T21:51:29Z  OBSERVE  recommendationservice  rejection=0.0000  low=47 high=0  state=ON
2026-09-16T21:51:29Z  OBSERVE  shippingservice  rejection=0.0000  low=47 high=0  state=ON
2026-09-16T21:51:30Z  OBSERVE  adservice  rejection=0.0000  low=48 high=0  state=ON
2026-09-16T21:51:30Z  OBSERVE  cartservice  rejection=0.0000  low=48 high=0  state=ON
2026-09-16T21:51:30Z  OBSERVE  checkoutservice  rejection=0.0000  low=48 high=0  state=ON
2026-09-16T21:51:30Z  OBSERVE  currencyservice  rejection=0.0000  low=48 high=0  state=ON
2026-09-16T21:51:30Z  OBSERVE  emailservice  rejection=0.0000  low=48 high=0  state=ON
2026-09-16T21:51:30Z  OBSERVE  paymentservice  rejection=0.0000  low=48 high=0  state=ON
2026-09-16T21:51:30Z  OBSERVE  productcatalogservice  rejection=0.0000  low=48 high=0  state=ON
2026-09-16T21:51:30Z  OBSERVE  recommendationservice  rejection=0.0000  low=48 high=0  state=ON
2026-09-16T21:51:30Z  OBSERVE  shippingservice  rejection=0.0000  low=48 high=0  state=ON
2026-09-16T21:51:31Z  OBSERVE  adservice  rejection=0.0000  low=49 high=0  state=ON
2026-09-16T21:51:31Z  OBSERVE  cartservice  rejection=0.0000  low=49 high=0  state=ON
2026-09-16T21:51:31Z  OBSERVE  checkoutservice  rejection=0.0000  low=49 high=0  state=ON
2026-09-16T21:51:31Z  OBSERVE  currencyservice  rejection=0.0000  low=49 high=0  state=ON
2026-09-16T21:51:31Z  OBSERVE  emailservice  rejection=0.0000  low=49 high=0  state=ON
2026-09-16T21:51:31Z  OBSERVE  paymentservice  rejection=0.0000  low=49 high=0  state=ON
2026-09-16T21:51:31Z  OBSERVE  productcatalogservice  rejection=0.0000  low=49 high=0  state=ON
2026-09-16T21:51:31Z  OBSERVE  recommendationservice  rejection=0.0000  low=49 high=0  state=ON
2026-09-16T21:51:31Z  OBSERVE  shippingservice  rejection=0.0000  low=49 high=0  state=ON
2026-09-16T21:51:32Z  OBSERVE  adservice  rejection=0.0000  low=50 high=0  state=ON
2026-09-16T21:51:32Z  OBSERVE  cartservice  rejection=0.0000  low=50 high=0  state=ON
2026-09-16T21:51:32Z  OBSERVE  checkoutservice  rejection=0.0000  low=50 high=0  state=ON
2026-09-16T21:51:32Z  OBSERVE  currencyservice  rejection=0.0000  low=50 high=0  state=ON
2026-09-16T21:51:32Z  OBSERVE  emailservice  rejection=0.0000  low=50 high=0  state=ON
2026-09-16T21:51:32Z  OBSERVE  paymentservice  rejection=0.0000  low=50 high=0  state=ON
2026-09-16T21:51:32Z  OBSERVE  productcatalogservice  rejection=0.0000  low=50 high=0  state=ON
2026-09-16T21:51:32Z  OBSERVE  recommendationservice  rejection=0.0000  low=50 high=0  state=ON
2026-09-16T21:51:32Z  OBSERVE  shippingservice  rejection=0.0000  low=50 high=0  state=ON
2026-09-16T21:51:33Z  OBSERVE  adservice  rejection=0.0000  low=51 high=0  state=ON
2026-09-16T21:51:33Z  OBSERVE  cartservice  rejection=0.0000  low=51 high=0  state=ON
2026-09-16T21:51:33Z  OBSERVE  checkoutservice  rejection=0.0000  low=51 high=0  state=ON
2026-09-16T21:51:33Z  OBSERVE  currencyservice  rejection=0.0000  low=51 high=0  state=ON
2026-09-16T21:51:33Z  OBSERVE  emailservice  rejection=0.0000  low=51 high=0  state=ON
2026-09-16T21:51:33Z  OBSERVE  paymentservice  rejection=0.0000  low=51 high=0  state=ON
2026-09-16T21:51:33Z  OBSERVE  productcatalogservice  rejection=0.0000  low=51 high=0  state=ON
2026-09-16T21:51:33Z  OBSERVE  recommendationservice  rejection=0.0000  low=51 high=0  state=ON
2026-09-16T21:51:33Z  OBSERVE  shippingservice  rejection=0.0000  low=51 high=0  state=ON
2026-09-16T21:51:34Z  OBSERVE  adservice  rejection=0.0000  low=52 high=0  state=ON
2026-09-16T21:51:34Z  OBSERVE  cartservice  rejection=0.0000  low=52 high=0  state=ON
2026-09-16T21:51:34Z  OBSERVE  checkoutservice  rejection=0.0000  low=52 high=0  state=ON
2026-09-16T21:51:34Z  OBSERVE  currencyservice  rejection=0.0000  low=52 high=0  state=ON
2026-09-16T21:51:34Z  OBSERVE  emailservice  rejection=0.0000  low=52 high=0  state=ON
2026-09-16T21:51:34Z  OBSERVE  paymentservice  rejection=0.0000  low=52 high=0  state=ON
2026-09-16T21:51:34Z  OBSERVE  productcatalogservice  rejection=0.0000  low=52 high=0  state=ON
2026-09-16T21:51:34Z  OBSERVE  recommendationservice  rejection=0.0000  low=52 high=0  state=ON
2026-09-16T21:51:34Z  OBSERVE  shippingservice  rejection=0.0000  low=52 high=0  state=ON
2026-09-16T21:51:35Z  OBSERVE  adservice  rejection=0.0000  low=53 high=0  state=ON
2026-09-16T21:51:35Z  OBSERVE  cartservice  rejection=0.0000  low=53 high=0  state=ON
2026-09-16T21:51:35Z  OBSERVE  checkoutservice  rejection=0.0000  low=53 high=0  state=ON
2026-09-16T21:51:35Z  OBSERVE  currencyservice  rejection=0.0000  low=53 high=0  state=ON
2026-09-16T21:51:35Z  OBSERVE  emailservice  rejection=0.0000  low=53 high=0  state=ON
2026-09-16T21:51:35Z  OBSERVE  paymentservice  rejection=0.0000  low=53 high=0  state=ON
2026-09-16T21:51:35Z  OBSERVE  productcatalogservice  rejection=0.0000  low=53 high=0  state=ON
2026-09-16T21:51:35Z  OBSERVE  recommendationservice  rejection=0.0000  low=53 high=0  state=ON
2026-09-16T21:51:35Z  OBSERVE  shippingservice  rejection=0.0000  low=53 high=0  state=ON
2026-09-16T21:51:36Z  OBSERVE  adservice  rejection=0.0000  low=54 high=0  state=ON
2026-09-16T21:51:36Z  OBSERVE  cartservice  rejection=0.0000  low=54 high=0  state=ON
2026-09-16T21:51:36Z  OBSERVE  checkoutservice  rejection=0.0000  low=54 high=0  state=ON
2026-09-16T21:51:36Z  OBSERVE  currencyservice  rejection=0.0000  low=54 high=0  state=ON
2026-09-16T21:51:36Z  OBSERVE  emailservice  rejection=0.0000  low=54 high=0  state=ON
2026-09-16T21:51:36Z  OBSERVE  paymentservice  rejection=0.0000  low=54 high=0  state=ON
2026-09-16T21:51:36Z  OBSERVE  productcatalogservice  rejection=0.0000  low=54 high=0  state=ON
2026-09-16T21:51:36Z  OBSERVE  recommendationservice  rejection=0.0000  low=54 high=0  state=ON
2026-09-16T21:51:36Z  OBSERVE  shippingservice  rejection=0.0000  low=54 high=0  state=ON
2026-09-16T21:51:37Z  OBSERVE  adservice  rejection=0.0000  low=55 high=0  state=ON
2026-09-16T21:51:37Z  OBSERVE  cartservice  rejection=0.0000  low=55 high=0  state=ON
2026-09-16T21:51:37Z  OBSERVE  checkoutservice  rejection=0.0000  low=55 high=0  state=ON
2026-09-16T21:51:37Z  OBSERVE  currencyservice  rejection=0.0000  low=55 high=0  state=ON
2026-09-16T21:51:37Z  OBSERVE  emailservice  rejection=0.0000  low=55 high=0  state=ON
2026-09-16T21:51:37Z  OBSERVE  paymentservice  rejection=0.0000  low=55 high=0  state=ON
2026-09-16T21:51:37Z  OBSERVE  productcatalogservice  rejection=0.0000  low=55 high=0  state=ON
2026-09-16T21:51:37Z  OBSERVE  recommendationservice  rejection=0.0000  low=55 high=0  state=ON
2026-09-16T21:51:37Z  OBSERVE  shippingservice  rejection=0.0000  low=55 high=0  state=ON
2026-09-16T21:51:38Z  OBSERVE  adservice  rejection=0.0000  low=56 high=0  state=ON
2026-09-16T21:51:38Z  OBSERVE  cartservice  rejection=0.0000  low=56 high=0  state=ON
2026-09-16T21:51:38Z  OBSERVE  checkoutservice  rejection=0.0000  low=56 high=0  state=ON
2026-09-16T21:51:38Z  OBSERVE  currencyservice  rejection=0.0000  low=56 high=0  state=ON
2026-09-16T21:51:38Z  OBSERVE  emailservice  rejection=0.0000  low=56 high=0  state=ON
2026-09-16T21:51:38Z  OBSERVE  paymentservice  rejection=0.0000  low=56 high=0  state=ON
2026-09-16T21:51:38Z  OBSERVE  productcatalogservice  rejection=0.0000  low=56 high=0  state=ON
2026-09-16T21:51:38Z  OBSERVE  recommendationservice  rejection=0.0000  low=56 high=0  state=ON
2026-09-16T21:51:38Z  OBSERVE  shippingservice  rejection=0.0000  low=56 high=0  state=ON
2026-09-16T21:51:39Z  OBSERVE  adservice  rejection=0.0000  low=57 high=0  state=ON
2026-09-16T21:51:39Z  OBSERVE  cartservice  rejection=0.0000  low=57 high=0  state=ON
2026-09-16T21:51:39Z  OBSERVE  checkoutservice  rejection=0.0000  low=57 high=0  state=ON
2026-09-16T21:51:39Z  OBSERVE  currencyservice  rejection=0.0000  low=57 high=0  state=ON
2026-09-16T21:51:39Z  OBSERVE  emailservice  rejection=0.0000  low=57 high=0  state=ON
2026-09-16T21:51:39Z  OBSERVE  paymentservice  rejection=0.0000  low=57 high=0  state=ON
2026-09-16T21:51:39Z  OBSERVE  productcatalogservice  rejection=0.0000  low=57 high=0  state=ON
2026-09-16T21:51:39Z  OBSERVE  recommendationservice  rejection=0.0000  low=57 high=0  state=ON
2026-09-16T21:51:39Z  OBSERVE  shippingservice  rejection=0.0000  low=57 high=0  state=ON
2026-09-16T21:51:40Z  OBSERVE  adservice  rejection=0.0000  low=58 high=0  state=ON
2026-09-16T21:51:40Z  OBSERVE  cartservice  rejection=0.0000  low=58 high=0  state=ON
2026-09-16T21:51:40Z  OBSERVE  checkoutservice  rejection=0.0000  low=58 high=0  state=ON
2026-09-16T21:51:40Z  OBSERVE  currencyservice  rejection=0.0000  low=58 high=0  state=ON
2026-09-16T21:51:40Z  OBSERVE  emailservice  rejection=0.0000  low=58 high=0  state=ON
2026-09-16T21:51:40Z  OBSERVE  paymentservice  rejection=0.0000  low=58 high=0  state=ON
2026-09-16T21:51:40Z  OBSERVE  productcatalogservice  rejection=0.0000  low=58 high=0  state=ON
2026-09-16T21:51:40Z  OBSERVE  recommendationservice  rejection=0.0000  low=58 high=0  state=ON
2026-09-16T21:51:40Z  OBSERVE  shippingservice  rejection=0.0000  low=58 high=0  state=ON
2026-09-16T21:51:41Z  OBSERVE  adservice  rejection=0.0000  low=59 high=0  state=ON
2026-09-16T21:51:41Z  OBSERVE  cartservice  rejection=0.0000  low=59 high=0  state=ON
2026-09-16T21:51:41Z  OBSERVE  checkoutservice  rejection=0.0000  low=59 high=0  state=ON
2026-09-16T21:51:41Z  OBSERVE  currencyservice  rejection=0.0000  low=59 high=0  state=ON
2026-09-16T21:51:41Z  OBSERVE  emailservice  rejection=0.0000  low=59 high=0  state=ON
2026-09-16T21:51:41Z  OBSERVE  paymentservice  rejection=0.0000  low=59 high=0  state=ON
2026-09-16T21:51:41Z  OBSERVE  productcatalogservice  rejection=0.0000  low=59 high=0  state=ON
2026-09-16T21:51:41Z  OBSERVE  recommendationservice  rejection=0.0000  low=59 high=0  state=ON
2026-09-16T21:51:41Z  OBSERVE  shippingservice  rejection=0.0000  low=59 high=0  state=ON
2026-09-16T21:51:42Z  OBSERVE  adservice  rejection=0.0000  low=60 high=0  state=ON
2026-09-16T21:51:42Z  OBSERVE  cartservice  rejection=0.0000  low=60 high=0  state=ON
2026-09-16T21:51:42Z  OBSERVE  checkoutservice  rejection=0.0000  low=60 high=0  state=ON
2026-09-16T21:51:42Z  OBSERVE  currencyservice  rejection=0.0000  low=60 high=0  state=ON
2026-09-16T21:51:42Z  OBSERVE  emailservice  rejection=0.0000  low=60 high=0  state=ON
2026-09-16T21:51:42Z  OBSERVE  paymentservice  rejection=0.0000  low=60 high=0  state=ON
2026-09-16T21:51:42Z  OBSERVE  productcatalogservice  rejection=0.0000  low=60 high=0  state=ON
2026-09-16T21:51:42Z  OBSERVE  recommendationservice  rejection=0.0000  low=60 high=0  state=ON
2026-09-16T21:51:42Z  OBSERVE  shippingservice  rejection=0.0000  low=60 high=0  state=ON
2026-09-16T21:51:43Z  OBSERVE  adservice  rejection=0.0000  low=61 high=0  state=ON
2026-09-16T21:51:43Z  OBSERVE  cartservice  rejection=0.0000  low=61 high=0  state=ON
2026-09-16T21:51:43Z  OBSERVE  checkoutservice  rejection=0.0000  low=61 high=0  state=ON
2026-09-16T21:51:43Z  OBSERVE  currencyservice  rejection=0.0000  low=61 high=0  state=ON
2026-09-16T21:51:43Z  OBSERVE  emailservice  rejection=0.0000  low=61 high=0  state=ON
2026-09-16T21:51:43Z  OBSERVE  paymentservice  rejection=0.0000  low=61 high=0  state=ON
2026-09-16T21:51:43Z  OBSERVE  productcatalogservice  rejection=0.0000  low=61 high=0  state=ON
2026-09-16T21:51:43Z  OBSERVE  recommendationservice  rejection=0.0000  low=61 high=0  state=ON
2026-09-16T21:51:43Z  OBSERVE  shippingservice  rejection=0.0000  low=61 high=0  state=ON
2026-09-16T21:51:44Z  OBSERVE  adservice  rejection=0.0000  low=62 high=0  state=ON
2026-09-16T21:51:44Z  OBSERVE  cartservice  rejection=0.0000  low=62 high=0  state=ON
2026-09-16T21:51:44Z  OBSERVE  checkoutservice  rejection=0.0000  low=62 high=0  state=ON
2026-09-16T21:51:44Z  OBSERVE  currencyservice  rejection=0.0000  low=62 high=0  state=ON
2026-09-16T21:51:44Z  OBSERVE  emailservice  rejection=0.0000  low=62 high=0  state=ON
2026-09-16T21:51:44Z  OBSERVE  paymentservice  rejection=0.0000  low=62 high=0  state=ON
2026-09-16T21:51:44Z  OBSERVE  productcatalogservice  rejection=0.0000  low=62 high=0  state=ON
2026-09-16T21:51:44Z  OBSERVE  recommendationservice  rejection=0.0000  low=62 high=0  state=ON
2026-09-16T21:51:44Z  OBSERVE  shippingservice  rejection=0.0000  low=62 high=0  state=ON
2026-09-16T21:51:45Z  OBSERVE  adservice  rejection=0.0000  low=63 high=0  state=ON
2026-09-16T21:51:45Z  OBSERVE  cartservice  rejection=0.0000  low=63 high=0  state=ON
2026-09-16T21:51:45Z  OBSERVE  checkoutservice  rejection=0.0000  low=63 high=0  state=ON
2026-09-16T21:51:45Z  OBSERVE  currencyservice  rejection=0.0000  low=63 high=0  state=ON
2026-09-16T21:51:45Z  OBSERVE  emailservice  rejection=0.0000  low=63 high=0  state=ON
2026-09-16T21:51:45Z  OBSERVE  paymentservice  rejection=0.0000  low=63 high=0  state=ON
2026-09-16T21:51:45Z  OBSERVE  productcatalogservice  rejection=0.0000  low=63 high=0  state=ON
2026-09-16T21:51:45Z  OBSERVE  recommendationservice  rejection=0.0000  low=63 high=0  state=ON
2026-09-16T21:51:45Z  OBSERVE  shippingservice  rejection=0.0000  low=63 high=0  state=ON
2026-09-16T21:51:46Z  OBSERVE  adservice  rejection=0.0000  low=64 high=0  state=ON
2026-09-16T21:51:46Z  OBSERVE  cartservice  rejection=0.0000  low=64 high=0  state=ON
2026-09-16T21:51:46Z  OBSERVE  checkoutservice  rejection=0.0000  low=64 high=0  state=ON
2026-09-16T21:51:46Z  OBSERVE  currencyservice  rejection=0.0000  low=64 high=0  state=ON
2026-09-16T21:51:46Z  OBSERVE  emailservice  rejection=0.0000  low=64 high=0  state=ON
2026-09-16T21:51:46Z  OBSERVE  paymentservice  rejection=0.0000  low=64 high=0  state=ON
2026-09-16T21:51:46Z  OBSERVE  productcatalogservice  rejection=0.0000  low=64 high=0  state=ON
2026-09-16T21:51:46Z  OBSERVE  recommendationservice  rejection=0.0000  low=64 high=0  state=ON
2026-09-16T21:51:46Z  OBSERVE  shippingservice  rejection=0.0000  low=64 high=0  state=ON
2026-09-16T21:51:47Z  OBSERVE  adservice  rejection=0.0000  low=65 high=0  state=ON
2026-09-16T21:51:47Z  OBSERVE  cartservice  rejection=0.0000  low=65 high=0  state=ON
2026-09-16T21:51:47Z  OBSERVE  checkoutservice  rejection=0.0000  low=65 high=0  state=ON
2026-09-16T21:51:47Z  OBSERVE  currencyservice  rejection=0.0000  low=65 high=0  state=ON
2026-09-16T21:51:47Z  OBSERVE  emailservice  rejection=0.0000  low=65 high=0  state=ON
2026-09-16T21:51:47Z  OBSERVE  paymentservice  rejection=0.0000  low=65 high=0  state=ON
2026-09-16T21:51:47Z  OBSERVE  productcatalogservice  rejection=0.0000  low=65 high=0  state=ON
2026-09-16T21:51:47Z  OBSERVE  recommendationservice  rejection=0.0000  low=65 high=0  state=ON
2026-09-16T21:51:47Z  OBSERVE  shippingservice  rejection=0.0000  low=65 high=0  state=ON
2026-09-16T21:51:48Z  OBSERVE  adservice  rejection=0.0000  low=66 high=0  state=ON
2026-09-16T21:51:48Z  OBSERVE  cartservice  rejection=0.0000  low=66 high=0  state=ON
2026-09-16T21:51:48Z  OBSERVE  checkoutservice  rejection=0.0000  low=66 high=0  state=ON
2026-09-16T21:51:48Z  OBSERVE  currencyservice  rejection=0.0000  low=66 high=0  state=ON
2026-09-16T21:51:48Z  OBSERVE  emailservice  rejection=0.0000  low=66 high=0  state=ON
2026-09-16T21:51:48Z  OBSERVE  paymentservice  rejection=0.0000  low=66 high=0  state=ON
2026-09-16T21:51:48Z  OBSERVE  productcatalogservice  rejection=0.0000  low=66 high=0  state=ON
2026-09-16T21:51:48Z  OBSERVE  recommendationservice  rejection=0.0000  low=66 high=0  state=ON
2026-09-16T21:51:48Z  OBSERVE  shippingservice  rejection=0.0000  low=66 high=0  state=ON
2026-09-16T21:51:49Z  OBSERVE  adservice  rejection=0.0000  low=67 high=0  state=ON
2026-09-16T21:51:49Z  OBSERVE  cartservice  rejection=0.0000  low=67 high=0  state=ON
2026-09-16T21:51:49Z  OBSERVE  checkoutservice  rejection=0.0000  low=67 high=0  state=ON
2026-09-16T21:51:49Z  OBSERVE  currencyservice  rejection=0.0000  low=67 high=0  state=ON
2026-09-16T21:51:49Z  OBSERVE  emailservice  rejection=0.0000  low=67 high=0  state=ON
2026-09-16T21:51:49Z  OBSERVE  paymentservice  rejection=0.0000  low=67 high=0  state=ON
2026-09-16T21:51:49Z  OBSERVE  productcatalogservice  rejection=0.0000  low=67 high=0  state=ON
2026-09-16T21:51:49Z  OBSERVE  recommendationservice  rejection=0.0000  low=67 high=0  state=ON
2026-09-16T21:51:49Z  OBSERVE  shippingservice  rejection=0.0000  low=67 high=0  state=ON
2026-09-16T21:51:50Z  OBSERVE  adservice  rejection=0.0000  low=68 high=0  state=ON
2026-09-16T21:51:50Z  OBSERVE  cartservice  rejection=0.0000  low=68 high=0  state=ON
2026-09-16T21:51:50Z  OBSERVE  checkoutservice  rejection=0.0000  low=68 high=0  state=ON
2026-09-16T21:51:50Z  OBSERVE  currencyservice  rejection=0.0000  low=68 high=0  state=ON
2026-09-16T21:51:50Z  OBSERVE  emailservice  rejection=0.0000  low=68 high=0  state=ON
2026-09-16T21:51:50Z  OBSERVE  paymentservice  rejection=0.0000  low=68 high=0  state=ON
2026-09-16T21:51:50Z  OBSERVE  productcatalogservice  rejection=0.0000  low=68 high=0  state=ON
2026-09-16T21:51:50Z  OBSERVE  recommendationservice  rejection=0.0000  low=68 high=0  state=ON
2026-09-16T21:51:50Z  OBSERVE  shippingservice  rejection=0.0000  low=68 high=0  state=ON
2026-09-16T21:51:51Z  OBSERVE  adservice  rejection=0.0000  low=69 high=0  state=ON
2026-09-16T21:51:51Z  OBSERVE  cartservice  rejection=0.0000  low=69 high=0  state=ON
2026-09-16T21:51:51Z  OBSERVE  checkoutservice  rejection=0.0000  low=69 high=0  state=ON
2026-09-16T21:51:51Z  OBSERVE  currencyservice  rejection=0.0000  low=69 high=0  state=ON
2026-09-16T21:51:51Z  OBSERVE  emailservice  rejection=0.0000  low=69 high=0  state=ON
2026-09-16T21:51:51Z  OBSERVE  paymentservice  rejection=0.0000  low=69 high=0  state=ON
2026-09-16T21:51:51Z  OBSERVE  productcatalogservice  rejection=0.0000  low=69 high=0  state=ON
2026-09-16T21:51:51Z  OBSERVE  recommendationservice  rejection=0.0000  low=69 high=0  state=ON
2026-09-16T21:51:51Z  OBSERVE  shippingservice  rejection=0.0000  low=69 high=0  state=ON
2026-09-16T21:51:52Z  OBSERVE  adservice  rejection=0.0000  low=70 high=0  state=ON
2026-09-16T21:51:52Z  OBSERVE  cartservice  rejection=0.0000  low=70 high=0  state=ON
2026-09-16T21:51:52Z  OBSERVE  checkoutservice  rejection=0.0000  low=70 high=0  state=ON
2026-09-16T21:51:52Z  OBSERVE  currencyservice  rejection=0.0000  low=70 high=0  state=ON
2026-09-16T21:51:52Z  OBSERVE  emailservice  rejection=0.0000  low=70 high=0  state=ON
2026-09-16T21:51:52Z  OBSERVE  paymentservice  rejection=0.0000  low=70 high=0  state=ON
2026-09-16T21:51:52Z  OBSERVE  productcatalogservice  rejection=0.0000  low=70 high=0  state=ON
2026-09-16T21:51:52Z  OBSERVE  recommendationservice  rejection=0.0000  low=70 high=0  state=ON
2026-09-16T21:51:52Z  OBSERVE  shippingservice  rejection=0.0000  low=70 high=0  state=ON
2026-09-16T21:51:53Z  OBSERVE  adservice  rejection=0.0000  low=71 high=0  state=ON
2026-09-16T21:51:53Z  OBSERVE  cartservice  rejection=0.0000  low=71 high=0  state=ON
2026-09-16T21:51:53Z  OBSERVE  checkoutservice  rejection=0.0000  low=71 high=0  state=ON
2026-09-16T21:51:53Z  OBSERVE  currencyservice  rejection=0.0000  low=71 high=0  state=ON
2026-09-16T21:51:53Z  OBSERVE  emailservice  rejection=0.0000  low=71 high=0  state=ON
2026-09-16T21:51:53Z  OBSERVE  paymentservice  rejection=0.0000  low=71 high=0  state=ON
2026-09-16T21:51:53Z  OBSERVE  productcatalogservice  rejection=0.0000  low=71 high=0  state=ON
2026-09-16T21:51:53Z  OBSERVE  recommendationservice  rejection=0.0000  low=71 high=0  state=ON
2026-09-16T21:51:53Z  OBSERVE  shippingservice  rejection=0.0000  low=71 high=0  state=ON
2026-09-16T21:51:54Z  OBSERVE  adservice  rejection=0.0000  low=72 high=0  state=ON
2026-09-16T21:51:54Z  OBSERVE  cartservice  rejection=0.0000  low=72 high=0  state=ON
2026-09-16T21:51:54Z  OBSERVE  checkoutservice  rejection=0.0000  low=72 high=0  state=ON
2026-09-16T21:51:54Z  OBSERVE  currencyservice  rejection=0.0000  low=72 high=0  state=ON
2026-09-16T21:51:54Z  OBSERVE  emailservice  rejection=0.0000  low=72 high=0  state=ON
2026-09-16T21:51:54Z  OBSERVE  paymentservice  rejection=0.0000  low=72 high=0  state=ON
2026-09-16T21:51:54Z  OBSERVE  productcatalogservice  rejection=0.0000  low=72 high=0  state=ON
2026-09-16T21:51:54Z  OBSERVE  recommendationservice  rejection=0.0000  low=72 high=0  state=ON
2026-09-16T21:51:54Z  OBSERVE  shippingservice  rejection=0.0000  low=72 high=0  state=ON
2026-09-16T21:51:55Z  OBSERVE  adservice  rejection=0.0000  low=73 high=0  state=ON
2026-09-16T21:51:55Z  OBSERVE  cartservice  rejection=0.0000  low=73 high=0  state=ON
2026-09-16T21:51:55Z  OBSERVE  checkoutservice  rejection=0.0000  low=73 high=0  state=ON
2026-09-16T21:51:55Z  OBSERVE  currencyservice  rejection=0.0000  low=73 high=0  state=ON
2026-09-16T21:51:55Z  OBSERVE  emailservice  rejection=0.0000  low=73 high=0  state=ON
2026-09-16T21:51:55Z  OBSERVE  paymentservice  rejection=0.0000  low=73 high=0  state=ON
2026-09-16T21:51:55Z  OBSERVE  productcatalogservice  rejection=0.0000  low=73 high=0  state=ON
2026-09-16T21:51:55Z  OBSERVE  recommendationservice  rejection=0.0000  low=73 high=0  state=ON
2026-09-16T21:51:55Z  OBSERVE  shippingservice  rejection=0.0000  low=73 high=0  state=ON
2026-09-16T21:51:56Z  OBSERVE  adservice  rejection=0.0000  low=74 high=0  state=ON
2026-09-16T21:51:56Z  OBSERVE  cartservice  rejection=0.0000  low=74 high=0  state=ON
2026-09-16T21:51:56Z  OBSERVE  checkoutservice  rejection=0.0000  low=74 high=0  state=ON
2026-09-16T21:51:56Z  OBSERVE  currencyservice  rejection=0.0000  low=74 high=0  state=ON
2026-09-16T21:51:56Z  OBSERVE  emailservice  rejection=0.0000  low=74 high=0  state=ON
2026-09-16T21:51:56Z  OBSERVE  paymentservice  rejection=0.0000  low=74 high=0  state=ON
2026-09-16T21:51:56Z  OBSERVE  productcatalogservice  rejection=0.0000  low=74 high=0  state=ON
2026-09-16T21:51:56Z  OBSERVE  recommendationservice  rejection=0.0000  low=74 high=0  state=ON
2026-09-16T21:51:56Z  OBSERVE  shippingservice  rejection=0.0000  low=74 high=0  state=ON
2026-09-16T21:51:57Z  OBSERVE  adservice  rejection=0.0000  low=75 high=0  state=ON
2026-09-16T21:51:57Z  OBSERVE  cartservice  rejection=0.0000  low=75 high=0  state=ON
2026-09-16T21:51:57Z  OBSERVE  checkoutservice  rejection=0.0000  low=75 high=0  state=ON
2026-09-16T21:51:57Z  OBSERVE  currencyservice  rejection=0.0000  low=75 high=0  state=ON
2026-09-16T21:51:57Z  OBSERVE  emailservice  rejection=0.0000  low=75 high=0  state=ON
2026-09-16T21:51:57Z  OBSERVE  paymentservice  rejection=0.0000  low=75 high=0  state=ON
2026-09-16T21:51:57Z  OBSERVE  productcatalogservice  rejection=0.0000  low=75 high=0  state=ON
2026-09-16T21:51:57Z  OBSERVE  recommendationservice  rejection=0.0000  low=75 high=0  state=ON
2026-09-16T21:51:57Z  OBSERVE  shippingservice  rejection=0.0000  low=75 high=0  state=ON
2026-09-16T21:51:58Z  OBSERVE  adservice  rejection=0.0000  low=76 high=0  state=ON
2026-09-16T21:51:58Z  OBSERVE  cartservice  rejection=0.0000  low=76 high=0  state=ON
2026-09-16T21:51:58Z  OBSERVE  checkoutservice  rejection=0.0000  low=76 high=0  state=ON
2026-09-16T21:51:58Z  OBSERVE  currencyservice  rejection=0.0000  low=76 high=0  state=ON
2026-09-16T21:51:58Z  OBSERVE  emailservice  rejection=0.0000  low=76 high=0  state=ON
2026-09-16T21:51:58Z  OBSERVE  paymentservice  rejection=0.0000  low=76 high=0  state=ON
2026-09-16T21:51:58Z  OBSERVE  productcatalogservice  rejection=0.0000  low=76 high=0  state=ON
2026-09-16T21:51:58Z  OBSERVE  recommendationservice  rejection=0.0000  low=76 high=0  state=ON
2026-09-16T21:51:58Z  OBSERVE  shippingservice  rejection=0.0000  low=76 high=0  state=ON
2026-09-16T21:51:59Z  OBSERVE  adservice  rejection=0.0000  low=77 high=0  state=ON
2026-09-16T21:51:59Z  OBSERVE  cartservice  rejection=0.0000  low=77 high=0  state=ON
2026-09-16T21:51:59Z  OBSERVE  checkoutservice  rejection=0.0000  low=77 high=0  state=ON
2026-09-16T21:51:59Z  OBSERVE  currencyservice  rejection=0.0000  low=77 high=0  state=ON
2026-09-16T21:51:59Z  OBSERVE  emailservice  rejection=0.0000  low=77 high=0  state=ON
2026-09-16T21:51:59Z  OBSERVE  paymentservice  rejection=0.0000  low=77 high=0  state=ON
2026-09-16T21:51:59Z  OBSERVE  productcatalogservice  rejection=0.0000  low=77 high=0  state=ON
2026-09-16T21:51:59Z  OBSERVE  recommendationservice  rejection=0.0000  low=77 high=0  state=ON
2026-09-16T21:51:59Z  OBSERVE  shippingservice  rejection=0.0000  low=77 high=0  state=ON
2026-09-16T21:52:00Z  OBSERVE  adservice  rejection=0.0000  low=78 high=0  state=ON
2026-09-16T21:52:00Z  OBSERVE  cartservice  rejection=0.0000  low=78 high=0  state=ON
2026-09-16T21:52:00Z  OBSERVE  checkoutservice  rejection=0.0000  low=78 high=0  state=ON
2026-09-16T21:52:00Z  OBSERVE  currencyservice  rejection=0.0000  low=78 high=0  state=ON
2026-09-16T21:52:00Z  OBSERVE  emailservice  rejection=0.0000  low=78 high=0  state=ON
2026-09-16T21:52:00Z  OBSERVE  paymentservice  rejection=0.0000  low=78 high=0  state=ON
2026-09-16T21:52:00Z  OBSERVE  productcatalogservice  rejection=0.0000  low=78 high=0  state=ON
2026-09-16T21:52:00Z  OBSERVE  recommendationservice  rejection=0.0000  low=78 high=0  state=ON
2026-09-16T21:52:00Z  OBSERVE  shippingservice  rejection=0.0000  low=78 high=0  state=ON
2026-09-16T21:52:01Z  OBSERVE  adservice  rejection=0.0000  low=79 high=0  state=ON
2026-09-16T21:52:01Z  OBSERVE  cartservice  rejection=0.0000  low=79 high=0  state=ON
2026-09-16T21:52:01Z  OBSERVE  checkoutservice  rejection=0.0000  low=79 high=0  state=ON
2026-09-16T21:52:01Z  OBSERVE  currencyservice  rejection=0.0000  low=79 high=0  state=ON
2026-09-16T21:52:01Z  OBSERVE  emailservice  rejection=0.0000  low=79 high=0  state=ON
2026-09-16T21:52:01Z  OBSERVE  paymentservice  rejection=0.0000  low=79 high=0  state=ON
2026-09-16T21:52:01Z  OBSERVE  productcatalogservice  rejection=0.0000  low=79 high=0  state=ON
2026-09-16T21:52:01Z  OBSERVE  recommendationservice  rejection=0.0000  low=79 high=0  state=ON
2026-09-16T21:52:01Z  OBSERVE  shippingservice  rejection=0.0000  low=79 high=0  state=ON
2026-09-16T21:52:02Z  OBSERVE  adservice  rejection=0.0000  low=80 high=0  state=ON
2026-09-16T21:52:02Z  OBSERVE  cartservice  rejection=0.0000  low=80 high=0  state=ON
2026-09-16T21:52:02Z  OBSERVE  checkoutservice  rejection=0.0000  low=80 high=0  state=ON
2026-09-16T21:52:02Z  OBSERVE  currencyservice  rejection=0.0000  low=80 high=0  state=ON
2026-09-16T21:52:02Z  OBSERVE  emailservice  rejection=0.0000  low=80 high=0  state=ON
2026-09-16T21:52:02Z  OBSERVE  paymentservice  rejection=0.0000  low=80 high=0  state=ON
2026-09-16T21:52:02Z  OBSERVE  productcatalogservice  rejection=0.0000  low=80 high=0  state=ON
2026-09-16T21:52:02Z  OBSERVE  recommendationservice  rejection=0.0000  low=80 high=0  state=ON
2026-09-16T21:52:02Z  OBSERVE  shippingservice  rejection=0.0000  low=80 high=0  state=ON
2026-09-16T21:52:03Z  OBSERVE  adservice  rejection=0.0000  low=81 high=0  state=ON
2026-09-16T21:52:03Z  OBSERVE  cartservice  rejection=0.0000  low=81 high=0  state=ON
2026-09-16T21:52:03Z  OBSERVE  checkoutservice  rejection=0.0000  low=81 high=0  state=ON
2026-09-16T21:52:03Z  OBSERVE  currencyservice  rejection=0.0000  low=81 high=0  state=ON
2026-09-16T21:52:03Z  OBSERVE  emailservice  rejection=0.0000  low=81 high=0  state=ON
2026-09-16T21:52:03Z  OBSERVE  paymentservice  rejection=0.0000  low=81 high=0  state=ON
2026-09-16T21:52:03Z  OBSERVE  productcatalogservice  rejection=0.0000  low=81 high=0  state=ON
2026-09-16T21:52:03Z  OBSERVE  recommendationservice  rejection=0.0000  low=81 high=0  state=ON
2026-09-16T21:52:03Z  OBSERVE  shippingservice  rejection=0.0000  low=81 high=0  state=ON
2026-09-16T21:52:04Z  OBSERVE  adservice  rejection=0.0000  low=82 high=0  state=ON
2026-09-16T21:52:04Z  OBSERVE  cartservice  rejection=0.0000  low=82 high=0  state=ON
2026-09-16T21:52:04Z  OBSERVE  checkoutservice  rejection=0.0000  low=82 high=0  state=ON
2026-09-16T21:52:04Z  OBSERVE  currencyservice  rejection=0.0000  low=82 high=0  state=ON
2026-09-16T21:52:04Z  OBSERVE  emailservice  rejection=0.0000  low=82 high=0  state=ON
2026-09-16T21:52:04Z  OBSERVE  paymentservice  rejection=0.0000  low=82 high=0  state=ON
2026-09-16T21:52:04Z  OBSERVE  productcatalogservice  rejection=0.0000  low=82 high=0  state=ON
2026-09-16T21:52:04Z  OBSERVE  recommendationservice  rejection=0.0000  low=82 high=0  state=ON
2026-09-16T21:52:04Z  OBSERVE  shippingservice  rejection=0.0000  low=82 high=0  state=ON
2026-09-16T21:52:05Z  OBSERVE  adservice  rejection=0.0000  low=83 high=0  state=ON
2026-09-16T21:52:05Z  OBSERVE  cartservice  rejection=0.0000  low=83 high=0  state=ON
2026-09-16T21:52:05Z  OBSERVE  checkoutservice  rejection=0.0000  low=83 high=0  state=ON
2026-09-16T21:52:05Z  OBSERVE  currencyservice  rejection=0.0000  low=83 high=0  state=ON
2026-09-16T21:52:05Z  OBSERVE  emailservice  rejection=0.0000  low=83 high=0  state=ON
2026-09-16T21:52:05Z  OBSERVE  paymentservice  rejection=0.0000  low=83 high=0  state=ON
2026-09-16T21:52:05Z  OBSERVE  productcatalogservice  rejection=0.0000  low=83 high=0  state=ON
2026-09-16T21:52:05Z  OBSERVE  recommendationservice  rejection=0.0000  low=83 high=0  state=ON
2026-09-16T21:52:05Z  OBSERVE  shippingservice  rejection=0.0000  low=83 high=0  state=ON
2026-09-16T21:52:06Z  OBSERVE  adservice  rejection=0.0000  low=84 high=0  state=ON
2026-09-16T21:52:06Z  OBSERVE  cartservice  rejection=0.0000  low=84 high=0  state=ON
2026-09-16T21:52:06Z  OBSERVE  checkoutservice  rejection=0.0000  low=84 high=0  state=ON
2026-09-16T21:52:06Z  OBSERVE  currencyservice  rejection=0.0000  low=84 high=0  state=ON
2026-09-16T21:52:06Z  OBSERVE  emailservice  rejection=0.0000  low=84 high=0  state=ON
2026-09-16T21:52:06Z  OBSERVE  paymentservice  rejection=0.0000  low=84 high=0  state=ON
2026-09-16T21:52:06Z  OBSERVE  productcatalogservice  rejection=0.0000  low=84 high=0  state=ON
2026-09-16T21:52:06Z  OBSERVE  recommendationservice  rejection=0.0000  low=84 high=0  state=ON
2026-09-16T21:52:06Z  OBSERVE  shippingservice  rejection=0.0000  low=84 high=0  state=ON
2026-09-16T21:52:07Z  OBSERVE  adservice  rejection=0.0000  low=85 high=0  state=ON
2026-09-16T21:52:07Z  OBSERVE  cartservice  rejection=0.0000  low=85 high=0  state=ON
2026-09-16T21:52:07Z  OBSERVE  checkoutservice  rejection=0.0000  low=85 high=0  state=ON
2026-09-16T21:52:07Z  OBSERVE  currencyservice  rejection=0.0000  low=85 high=0  state=ON
2026-09-16T21:52:07Z  OBSERVE  emailservice  rejection=0.0000  low=85 high=0  state=ON
2026-09-16T21:52:07Z  OBSERVE  paymentservice  rejection=0.0000  low=85 high=0  state=ON
2026-09-16T21:52:07Z  OBSERVE  productcatalogservice  rejection=0.0000  low=85 high=0  state=ON
2026-09-16T21:52:07Z  OBSERVE  recommendationservice  rejection=0.0000  low=85 high=0  state=ON
2026-09-16T21:52:07Z  OBSERVE  shippingservice  rejection=0.0000  low=85 high=0  state=ON
2026-09-16T21:52:08Z  OBSERVE  adservice  rejection=0.0000  low=86 high=0  state=ON
2026-09-16T21:52:08Z  OBSERVE  cartservice  rejection=0.0000  low=86 high=0  state=ON
2026-09-16T21:52:08Z  OBSERVE  checkoutservice  rejection=0.0000  low=86 high=0  state=ON
2026-09-16T21:52:08Z  OBSERVE  currencyservice  rejection=0.0000  low=86 high=0  state=ON
2026-09-16T21:52:08Z  OBSERVE  emailservice  rejection=0.0000  low=86 high=0  state=ON
2026-09-16T21:52:08Z  OBSERVE  paymentservice  rejection=0.0000  low=86 high=0  state=ON
2026-09-16T21:52:08Z  OBSERVE  productcatalogservice  rejection=0.0000  low=86 high=0  state=ON
2026-09-16T21:52:08Z  OBSERVE  recommendationservice  rejection=0.0000  low=86 high=0  state=ON
2026-09-16T21:52:08Z  OBSERVE  shippingservice  rejection=0.0000  low=86 high=0  state=ON
2026-09-16T21:52:09Z  OBSERVE  adservice  rejection=0.0000  low=87 high=0  state=ON
2026-09-16T21:52:09Z  OBSERVE  cartservice  rejection=0.0000  low=87 high=0  state=ON
2026-09-16T21:52:09Z  OBSERVE  checkoutservice  rejection=0.0000  low=87 high=0  state=ON
2026-09-16T21:52:09Z  OBSERVE  currencyservice  rejection=0.0000  low=87 high=0  state=ON
2026-09-16T21:52:09Z  OBSERVE  emailservice  rejection=0.0000  low=87 high=0  state=ON
2026-09-16T21:52:09Z  OBSERVE  paymentservice  rejection=0.0000  low=87 high=0  state=ON
2026-09-16T21:52:09Z  OBSERVE  productcatalogservice  rejection=0.0000  low=87 high=0  state=ON
2026-09-16T21:52:09Z  OBSERVE  recommendationservice  rejection=0.0000  low=87 high=0  state=ON
2026-09-16T21:52:09Z  OBSERVE  shippingservice  rejection=0.0000  low=87 high=0  state=ON
2026-09-16T21:52:10Z  OBSERVE  adservice  rejection=0.0000  low=88 high=0  state=ON
2026-09-16T21:52:10Z  OBSERVE  cartservice  rejection=0.0000  low=88 high=0  state=ON
2026-09-16T21:52:10Z  OBSERVE  checkoutservice  rejection=0.0000  low=88 high=0  state=ON
2026-09-16T21:52:10Z  OBSERVE  currencyservice  rejection=0.0000  low=88 high=0  state=ON
2026-09-16T21:52:10Z  OBSERVE  emailservice  rejection=0.0000  low=88 high=0  state=ON
2026-09-16T21:52:10Z  OBSERVE  paymentservice  rejection=0.0000  low=88 high=0  state=ON
2026-09-16T21:52:10Z  OBSERVE  productcatalogservice  rejection=0.0000  low=88 high=0  state=ON
2026-09-16T21:52:10Z  OBSERVE  recommendationservice  rejection=0.0000  low=88 high=0  state=ON
2026-09-16T21:52:10Z  OBSERVE  shippingservice  rejection=0.0000  low=88 high=0  state=ON
2026-09-16T21:52:11Z  OBSERVE  adservice  rejection=0.0000  low=89 high=0  state=ON
2026-09-16T21:52:11Z  OBSERVE  cartservice  rejection=0.0000  low=89 high=0  state=ON
2026-09-16T21:52:11Z  OBSERVE  checkoutservice  rejection=0.0000  low=89 high=0  state=ON
2026-09-16T21:52:11Z  OBSERVE  currencyservice  rejection=0.0000  low=89 high=0  state=ON
2026-09-16T21:52:11Z  OBSERVE  emailservice  rejection=0.0000  low=89 high=0  state=ON
2026-09-16T21:52:11Z  OBSERVE  paymentservice  rejection=0.0000  low=89 high=0  state=ON
2026-09-16T21:52:11Z  OBSERVE  productcatalogservice  rejection=0.0000  low=89 high=0  state=ON
2026-09-16T21:52:11Z  OBSERVE  recommendationservice  rejection=0.0000  low=89 high=0  state=ON
2026-09-16T21:52:11Z  OBSERVE  shippingservice  rejection=0.0000  low=89 high=0  state=ON
2026-09-16T21:52:12Z  OBSERVE  adservice  rejection=0.0000  low=90 high=0  state=ON
2026-09-16T21:52:12Z  OBSERVE  cartservice  rejection=0.0000  low=90 high=0  state=ON
2026-09-16T21:52:12Z  OBSERVE  checkoutservice  rejection=0.0000  low=90 high=0  state=ON
2026-09-16T21:52:12Z  OBSERVE  currencyservice  rejection=0.0000  low=90 high=0  state=ON
2026-09-16T21:52:12Z  OBSERVE  emailservice  rejection=0.0000  low=90 high=0  state=ON
2026-09-16T21:52:12Z  OBSERVE  paymentservice  rejection=0.0000  low=90 high=0  state=ON
2026-09-16T21:52:12Z  OBSERVE  productcatalogservice  rejection=0.0000  low=90 high=0  state=ON
2026-09-16T21:52:12Z  OBSERVE  recommendationservice  rejection=0.0000  low=90 high=0  state=ON
2026-09-16T21:52:12Z  OBSERVE  shippingservice  rejection=0.0000  low=90 high=0  state=ON
2026-09-16T21:52:13Z  OBSERVE  adservice  rejection=0.0000  low=91 high=0  state=ON
2026-09-16T21:52:13Z  OBSERVE  cartservice  rejection=0.0000  low=91 high=0  state=ON
2026-09-16T21:52:13Z  OBSERVE  checkoutservice  rejection=0.0000  low=91 high=0  state=ON
2026-09-16T21:52:13Z  OBSERVE  currencyservice  rejection=0.0000  low=91 high=0  state=ON
2026-09-16T21:52:13Z  OBSERVE  emailservice  rejection=0.0000  low=91 high=0  state=ON
2026-09-16T21:52:13Z  OBSERVE  paymentservice  rejection=0.0000  low=91 high=0  state=ON
2026-09-16T21:52:13Z  OBSERVE  productcatalogservice  rejection=0.0000  low=91 high=0  state=ON
2026-09-16T21:52:13Z  OBSERVE  recommendationservice  rejection=0.0000  low=91 high=0  state=ON
2026-09-16T21:52:13Z  OBSERVE  shippingservice  rejection=0.0000  low=91 high=0  state=ON
2026-09-16T21:52:14Z  OBSERVE  adservice  rejection=0.0000  low=92 high=0  state=ON
2026-09-16T21:52:14Z  OBSERVE  cartservice  rejection=0.0000  low=92 high=0  state=ON
2026-09-16T21:52:14Z  OBSERVE  checkoutservice  rejection=0.0000  low=92 high=0  state=ON
2026-09-16T21:52:14Z  OBSERVE  currencyservice  rejection=0.0000  low=92 high=0  state=ON
2026-09-16T21:52:14Z  OBSERVE  emailservice  rejection=0.0000  low=92 high=0  state=ON
2026-09-16T21:52:14Z  OBSERVE  paymentservice  rejection=0.0000  low=92 high=0  state=ON
2026-09-16T21:52:14Z  OBSERVE  productcatalogservice  rejection=0.0000  low=92 high=0  state=ON
2026-09-16T21:52:14Z  OBSERVE  recommendationservice  rejection=0.0000  low=92 high=0  state=ON
2026-09-16T21:52:14Z  OBSERVE  shippingservice  rejection=0.0000  low=92 high=0  state=ON
2026-09-16T21:52:15Z  OBSERVE  adservice  rejection=0.0000  low=93 high=0  state=ON
2026-09-16T21:52:15Z  OBSERVE  cartservice  rejection=0.0000  low=93 high=0  state=ON
2026-09-16T21:52:15Z  OBSERVE  checkoutservice  rejection=0.0000  low=93 high=0  state=ON
2026-09-16T21:52:15Z  OBSERVE  currencyservice  rejection=0.0000  low=93 high=0  state=ON
2026-09-16T21:52:15Z  OBSERVE  emailservice  rejection=0.0000  low=93 high=0  state=ON
2026-09-16T21:52:15Z  OBSERVE  paymentservice  rejection=0.0000  low=93 high=0  state=ON
2026-09-16T21:52:15Z  OBSERVE  productcatalogservice  rejection=0.0000  low=93 high=0  state=ON
2026-09-16T21:52:15Z  OBSERVE  recommendationservice  rejection=0.0000  low=93 high=0  state=ON
2026-09-16T21:52:15Z  OBSERVE  shippingservice  rejection=0.0000  low=93 high=0  state=ON
2026-09-16T21:52:16Z  OBSERVE  adservice  rejection=0.0000  low=94 high=0  state=ON
2026-09-16T21:52:16Z  OBSERVE  cartservice  rejection=0.0000  low=94 high=0  state=ON
2026-09-16T21:52:16Z  OBSERVE  checkoutservice  rejection=0.0000  low=94 high=0  state=ON
2026-09-16T21:52:16Z  OBSERVE  currencyservice  rejection=0.0000  low=94 high=0  state=ON
2026-09-16T21:52:16Z  OBSERVE  emailservice  rejection=0.0000  low=94 high=0  state=ON
2026-09-16T21:52:16Z  OBSERVE  paymentservice  rejection=0.0000  low=94 high=0  state=ON
2026-09-16T21:52:16Z  OBSERVE  productcatalogservice  rejection=0.0000  low=94 high=0  state=ON
2026-09-16T21:52:16Z  OBSERVE  recommendationservice  rejection=0.0000  low=94 high=0  state=ON
2026-09-16T21:52:16Z  OBSERVE  shippingservice  rejection=0.0000  low=94 high=0  state=ON
2026-09-16T21:52:17Z  OBSERVE  adservice  rejection=0.0000  low=95 high=0  state=ON
2026-09-16T21:52:17Z  OBSERVE  cartservice  rejection=0.0000  low=95 high=0  state=ON
2026-09-16T21:52:17Z  OBSERVE  checkoutservice  rejection=0.0000  low=95 high=0  state=ON
2026-09-16T21:52:17Z  OBSERVE  currencyservice  rejection=0.0000  low=95 high=0  state=ON
2026-09-16T21:52:17Z  OBSERVE  emailservice  rejection=0.0000  low=95 high=0  state=ON
2026-09-16T21:52:17Z  OBSERVE  paymentservice  rejection=0.0000  low=95 high=0  state=ON
2026-09-16T21:52:17Z  OBSERVE  productcatalogservice  rejection=0.0000  low=95 high=0  state=ON
2026-09-16T21:52:17Z  OBSERVE  recommendationservice  rejection=0.0000  low=95 high=0  state=ON
2026-09-16T21:52:17Z  OBSERVE  shippingservice  rejection=0.0000  low=95 high=0  state=ON
2026-09-16T21:52:18Z  OBSERVE  adservice  rejection=0.0000  low=96 high=0  state=ON
2026-09-16T21:52:18Z  OBSERVE  cartservice  rejection=0.0000  low=96 high=0  state=ON
2026-09-16T21:52:18Z  OBSERVE  checkoutservice  rejection=0.0000  low=96 high=0  state=ON
2026-09-16T21:52:18Z  OBSERVE  currencyservice  rejection=0.0000  low=96 high=0  state=ON
2026-09-16T21:52:18Z  OBSERVE  emailservice  rejection=0.0000  low=96 high=0  state=ON
2026-09-16T21:52:18Z  OBSERVE  paymentservice  rejection=0.0000  low=96 high=0  state=ON
2026-09-16T21:52:18Z  OBSERVE  productcatalogservice  rejection=0.0000  low=96 high=0  state=ON
2026-09-16T21:52:18Z  OBSERVE  recommendationservice  rejection=0.0000  low=96 high=0  state=ON
2026-09-16T21:52:18Z  OBSERVE  shippingservice  rejection=0.0000  low=96 high=0  state=ON
2026-09-16T21:52:19Z  OBSERVE  adservice  rejection=0.0000  low=97 high=0  state=ON
2026-09-16T21:52:19Z  OBSERVE  cartservice  rejection=0.0000  low=97 high=0  state=ON
2026-09-16T21:52:19Z  OBSERVE  checkoutservice  rejection=0.0000  low=97 high=0  state=ON
2026-09-16T21:52:19Z  OBSERVE  currencyservice  rejection=0.0000  low=97 high=0  state=ON
2026-09-16T21:52:19Z  OBSERVE  emailservice  rejection=0.0000  low=97 high=0  state=ON
2026-09-16T21:52:19Z  OBSERVE  paymentservice  rejection=0.0000  low=97 high=0  state=ON
2026-09-16T21:52:19Z  OBSERVE  productcatalogservice  rejection=0.0000  low=97 high=0  state=ON
2026-09-16T21:52:19Z  OBSERVE  recommendationservice  rejection=0.0000  low=97 high=0  state=ON
2026-09-16T21:52:19Z  OBSERVE  shippingservice  rejection=0.0000  low=97 high=0  state=ON
2026-09-16T21:52:20Z  OBSERVE  adservice  rejection=0.0000  low=98 high=0  state=ON
2026-09-16T21:52:20Z  OBSERVE  cartservice  rejection=0.0000  low=98 high=0  state=ON
2026-09-16T21:52:20Z  OBSERVE  checkoutservice  rejection=0.0000  low=98 high=0  state=ON
2026-09-16T21:52:20Z  OBSERVE  currencyservice  rejection=0.0000  low=98 high=0  state=ON
2026-09-16T21:52:20Z  OBSERVE  emailservice  rejection=0.0000  low=98 high=0  state=ON
2026-09-16T21:52:20Z  OBSERVE  paymentservice  rejection=0.0000  low=98 high=0  state=ON
2026-09-16T21:52:20Z  OBSERVE  productcatalogservice  rejection=0.0000  low=98 high=0  state=ON
2026-09-16T21:52:20Z  OBSERVE  recommendationservice  rejection=0.0000  low=98 high=0  state=ON
2026-09-16T21:52:20Z  OBSERVE  shippingservice  rejection=0.0000  low=98 high=0  state=ON
2026-09-16T21:52:21Z  OBSERVE  adservice  rejection=0.0000  low=99 high=0  state=ON
2026-09-16T21:52:21Z  OBSERVE  cartservice  rejection=0.0000  low=99 high=0  state=ON
2026-09-16T21:52:21Z  OBSERVE  checkoutservice  rejection=0.0000  low=99 high=0  state=ON
2026-09-16T21:52:21Z  OBSERVE  currencyservice  rejection=0.0000  low=99 high=0  state=ON
2026-09-16T21:52:21Z  OBSERVE  emailservice  rejection=0.0000  low=99 high=0  state=ON
2026-09-16T21:52:21Z  OBSERVE  paymentservice  rejection=0.0000  low=99 high=0  state=ON
2026-09-16T21:52:21Z  OBSERVE  productcatalogservice  rejection=0.0000  low=99 high=0  state=ON
2026-09-16T21:52:21Z  OBSERVE  recommendationservice  rejection=0.0000  low=99 high=0  state=ON
2026-09-16T21:52:21Z  OBSERVE  shippingservice  rejection=0.0000  low=99 high=0  state=ON
2026-09-16T21:52:22Z  OBSERVE  adservice  rejection=0.0000  low=100 high=0  state=ON
2026-09-16T21:52:22Z  OBSERVE  cartservice  rejection=0.0000  low=100 high=0  state=ON
2026-09-16T21:52:22Z  OBSERVE  checkoutservice  rejection=0.0000  low=100 high=0  state=ON
2026-09-16T21:52:22Z  OBSERVE  currencyservice  rejection=0.0000  low=100 high=0  state=ON
2026-09-16T21:52:22Z  OBSERVE  emailservice  rejection=0.0000  low=100 high=0  state=ON
2026-09-16T21:52:22Z  OBSERVE  paymentservice  rejection=0.0000  low=100 high=0  state=ON
2026-09-16T21:52:22Z  OBSERVE  productcatalogservice  rejection=0.0000  low=100 high=0  state=ON
2026-09-16T21:52:22Z  OBSERVE  recommendationservice  rejection=0.0000  low=100 high=0  state=ON
2026-09-16T21:52:22Z  OBSERVE  shippingservice  rejection=0.0000  low=100 high=0  state=ON
2026-09-16T21:52:23Z  OBSERVE  adservice  rejection=0.0000  low=101 high=0  state=ON
2026-09-16T21:52:23Z  OBSERVE  cartservice  rejection=0.0000  low=101 high=0  state=ON
2026-09-16T21:52:23Z  OBSERVE  checkoutservice  rejection=0.0000  low=101 high=0  state=ON
2026-09-16T21:52:23Z  OBSERVE  currencyservice  rejection=0.0000  low=101 high=0  state=ON
2026-09-16T21:52:23Z  OBSERVE  emailservice  rejection=0.0000  low=101 high=0  state=ON
2026-09-16T21:52:23Z  OBSERVE  paymentservice  rejection=0.0000  low=101 high=0  state=ON
2026-09-16T21:52:23Z  OBSERVE  productcatalogservice  rejection=0.0000  low=101 high=0  state=ON
2026-09-16T21:52:23Z  OBSERVE  recommendationservice  rejection=0.0000  low=101 high=0  state=ON
2026-09-16T21:52:23Z  OBSERVE  shippingservice  rejection=0.0000  low=101 high=0  state=ON
2026-09-16T21:52:24Z  OBSERVE  adservice  rejection=0.0000  low=102 high=0  state=ON
2026-09-16T21:52:24Z  OBSERVE  cartservice  rejection=0.0000  low=102 high=0  state=ON
2026-09-16T21:52:24Z  OBSERVE  checkoutservice  rejection=0.0000  low=102 high=0  state=ON
2026-09-16T21:52:24Z  OBSERVE  currencyservice  rejection=0.0000  low=102 high=0  state=ON
2026-09-16T21:52:24Z  OBSERVE  emailservice  rejection=0.0000  low=102 high=0  state=ON
2026-09-16T21:52:24Z  OBSERVE  paymentservice  rejection=0.0000  low=102 high=0  state=ON
2026-09-16T21:52:24Z  OBSERVE  productcatalogservice  rejection=0.0000  low=102 high=0  state=ON
2026-09-16T21:52:24Z  OBSERVE  recommendationservice  rejection=0.0000  low=102 high=0  state=ON
2026-09-16T21:52:24Z  OBSERVE  shippingservice  rejection=0.0000  low=102 high=0  state=ON
2026-09-16T21:52:25Z  SKIP  adservice  no metric data this sample
2026-09-16T21:52:25Z  SKIP  cartservice  no metric data this sample
2026-09-16T21:52:25Z  SKIP  checkoutservice  no metric data this sample
2026-09-16T21:52:25Z  SKIP  currencyservice  no metric data this sample
2026-09-16T21:52:25Z  SKIP  emailservice  no metric data this sample
2026-09-16T21:52:25Z  SKIP  paymentservice  no metric data this sample
2026-09-16T21:52:25Z  SKIP  productcatalogservice  no metric data this sample
2026-09-16T21:52:25Z  SKIP  recommendationservice  no metric data this sample
2026-09-16T21:52:25Z  OBSERVE  shippingservice  rejection=0.0000  low=103 high=0  state=ON
2026-09-16T21:52:26Z  OBSERVE  adservice  rejection=0.0000  low=103 high=0  state=ON
2026-09-16T21:52:26Z  OBSERVE  cartservice  rejection=0.0000  low=103 high=0  state=ON
2026-09-16T21:52:26Z  OBSERVE  checkoutservice  rejection=0.0000  low=103 high=0  state=ON
2026-09-16T21:52:26Z  OBSERVE  currencyservice  rejection=0.0000  low=103 high=0  state=ON
2026-09-16T21:52:26Z  OBSERVE  emailservice  rejection=0.0000  low=103 high=0  state=ON
2026-09-16T21:52:26Z  OBSERVE  paymentservice  rejection=0.0000  low=103 high=0  state=ON
2026-09-16T21:52:26Z  OBSERVE  productcatalogservice  rejection=0.0000  low=103 high=0  state=ON
2026-09-16T21:52:26Z  OBSERVE  recommendationservice  rejection=0.0000  low=103 high=0  state=ON
2026-09-16T21:52:26Z  OBSERVE  shippingservice  rejection=0.0000  low=104 high=0  state=ON
2026-09-16T21:52:27Z  OBSERVE  adservice  rejection=0.0000  low=104 high=0  state=ON
2026-09-16T21:52:27Z  OBSERVE  cartservice  rejection=0.0000  low=104 high=0  state=ON
2026-09-16T21:52:27Z  OBSERVE  checkoutservice  rejection=0.0000  low=104 high=0  state=ON
2026-09-16T21:52:27Z  OBSERVE  currencyservice  rejection=0.0000  low=104 high=0  state=ON
2026-09-16T21:52:27Z  OBSERVE  emailservice  rejection=0.0000  low=104 high=0  state=ON
2026-09-16T21:52:27Z  OBSERVE  paymentservice  rejection=0.0000  low=104 high=0  state=ON
2026-09-16T21:52:27Z  OBSERVE  productcatalogservice  rejection=0.0000  low=104 high=0  state=ON
2026-09-16T21:52:27Z  OBSERVE  recommendationservice  rejection=0.0000  low=104 high=0  state=ON
2026-09-16T21:52:27Z  OBSERVE  shippingservice  rejection=0.0000  low=105 high=0  state=ON
2026-09-16T21:52:28Z  OBSERVE  adservice  rejection=0.0000  low=105 high=0  state=ON
2026-09-16T21:52:28Z  OBSERVE  cartservice  rejection=0.0000  low=105 high=0  state=ON
2026-09-16T21:52:28Z  OBSERVE  checkoutservice  rejection=0.0000  low=105 high=0  state=ON
2026-09-16T21:52:28Z  OBSERVE  currencyservice  rejection=0.0000  low=105 high=0  state=ON
2026-09-16T21:52:28Z  OBSERVE  emailservice  rejection=0.0000  low=105 high=0  state=ON
2026-09-16T21:52:28Z  OBSERVE  paymentservice  rejection=0.0000  low=105 high=0  state=ON
2026-09-16T21:52:28Z  OBSERVE  productcatalogservice  rejection=0.0000  low=105 high=0  state=ON
2026-09-16T21:52:28Z  OBSERVE  recommendationservice  rejection=0.0000  low=105 high=0  state=ON
2026-09-16T21:52:28Z  OBSERVE  shippingservice  rejection=0.0000  low=106 high=0  state=ON
2026-09-16T21:52:29Z  OBSERVE  adservice  rejection=0.0000  low=106 high=0  state=ON
2026-09-16T21:52:29Z  OBSERVE  cartservice  rejection=0.0000  low=106 high=0  state=ON
2026-09-16T21:52:29Z  OBSERVE  checkoutservice  rejection=0.0000  low=106 high=0  state=ON
2026-09-16T21:52:29Z  OBSERVE  currencyservice  rejection=0.0000  low=106 high=0  state=ON
2026-09-16T21:52:29Z  OBSERVE  emailservice  rejection=0.0000  low=106 high=0  state=ON
2026-09-16T21:52:29Z  OBSERVE  paymentservice  rejection=0.0000  low=106 high=0  state=ON
2026-09-16T21:52:29Z  OBSERVE  productcatalogservice  rejection=0.0000  low=106 high=0  state=ON
2026-09-16T21:52:29Z  OBSERVE  recommendationservice  rejection=0.0000  low=106 high=0  state=ON
2026-09-16T21:52:29Z  OBSERVE  shippingservice  rejection=0.0000  low=107 high=0  state=ON
2026-09-16T21:52:30Z  SKIP  adservice  no metric data this sample
2026-09-16T21:52:30Z  SKIP  cartservice  no metric data this sample
2026-09-16T21:52:30Z  SKIP  checkoutservice  no metric data this sample
2026-09-16T21:52:30Z  SKIP  currencyservice  no metric data this sample
2026-09-16T21:52:30Z  SKIP  emailservice  no metric data this sample
2026-09-16T21:52:30Z  SKIP  paymentservice  no metric data this sample
2026-09-16T21:52:30Z  SKIP  productcatalogservice  no metric data this sample
2026-09-16T21:52:30Z  SKIP  recommendationservice  no metric data this sample
2026-09-16T21:52:30Z  SKIP  shippingservice  no metric data this sample
2026-09-16T21:52:31Z  OBSERVE  adservice  rejection=0.0000  low=107 high=0  state=ON
2026-09-16T21:52:31Z  OBSERVE  cartservice  rejection=0.0000  low=107 high=0  state=ON
2026-09-16T21:52:31Z  OBSERVE  checkoutservice  rejection=0.0000  low=107 high=0  state=ON
2026-09-16T21:52:31Z  OBSERVE  currencyservice  rejection=0.0000  low=107 high=0  state=ON
2026-09-16T21:52:31Z  OBSERVE  emailservice  rejection=0.0000  low=107 high=0  state=ON
2026-09-16T21:52:31Z  OBSERVE  paymentservice  rejection=0.0000  low=107 high=0  state=ON
2026-09-16T21:52:31Z  OBSERVE  productcatalogservice  rejection=0.0000  low=107 high=0  state=ON
2026-09-16T21:52:31Z  OBSERVE  recommendationservice  rejection=0.0000  low=107 high=0  state=ON
2026-09-16T21:52:31Z  OBSERVE  shippingservice  rejection=0.0000  low=108 high=0  state=ON
2026-09-16T21:52:32Z  OBSERVE  adservice  rejection=0.0000  low=108 high=0  state=ON
2026-09-16T21:52:32Z  OBSERVE  cartservice  rejection=0.0000  low=108 high=0  state=ON
2026-09-16T21:52:32Z  OBSERVE  checkoutservice  rejection=0.0000  low=108 high=0  state=ON
2026-09-16T21:52:32Z  OBSERVE  currencyservice  rejection=0.0000  low=108 high=0  state=ON
2026-09-16T21:52:32Z  OBSERVE  emailservice  rejection=0.0000  low=108 high=0  state=ON
2026-09-16T21:52:32Z  OBSERVE  paymentservice  rejection=0.0000  low=108 high=0  state=ON
2026-09-16T21:52:32Z  OBSERVE  productcatalogservice  rejection=0.0000  low=108 high=0  state=ON
2026-09-16T21:52:32Z  OBSERVE  recommendationservice  rejection=0.0000  low=108 high=0  state=ON
2026-09-16T21:52:32Z  OBSERVE  shippingservice  rejection=0.0000  low=109 high=0  state=ON
2026-09-16T21:52:33Z  OBSERVE  adservice  rejection=0.0000  low=109 high=0  state=ON
2026-09-16T21:52:33Z  OBSERVE  cartservice  rejection=0.0000  low=109 high=0  state=ON
2026-09-16T21:52:33Z  OBSERVE  checkoutservice  rejection=0.0000  low=109 high=0  state=ON
2026-09-16T21:52:33Z  OBSERVE  currencyservice  rejection=0.0000  low=109 high=0  state=ON
2026-09-16T21:52:33Z  OBSERVE  emailservice  rejection=0.0000  low=109 high=0  state=ON
2026-09-16T21:52:33Z  OBSERVE  paymentservice  rejection=0.0000  low=109 high=0  state=ON
2026-09-16T21:52:33Z  OBSERVE  productcatalogservice  rejection=0.0000  low=109 high=0  state=ON
2026-09-16T21:52:33Z  OBSERVE  recommendationservice  rejection=0.0000  low=109 high=0  state=ON
2026-09-16T21:52:33Z  OBSERVE  shippingservice  rejection=0.0000  low=110 high=0  state=ON
2026-09-16T21:52:34Z  OBSERVE  adservice  rejection=0.0000  low=110 high=0  state=ON
2026-09-16T21:52:34Z  OBSERVE  cartservice  rejection=0.0000  low=110 high=0  state=ON
2026-09-16T21:52:34Z  OBSERVE  checkoutservice  rejection=0.0000  low=110 high=0  state=ON
2026-09-16T21:52:34Z  OBSERVE  currencyservice  rejection=0.0000  low=110 high=0  state=ON
2026-09-16T21:52:34Z  OBSERVE  emailservice  rejection=0.0000  low=110 high=0  state=ON
2026-09-16T21:52:34Z  OBSERVE  paymentservice  rejection=0.0000  low=110 high=0  state=ON
2026-09-16T21:52:34Z  OBSERVE  productcatalogservice  rejection=0.0000  low=110 high=0  state=ON
2026-09-16T21:52:34Z  OBSERVE  recommendationservice  rejection=0.0000  low=110 high=0  state=ON
2026-09-16T21:52:34Z  OBSERVE  shippingservice  rejection=0.0000  low=111 high=0  state=ON
2026-09-16T21:52:35Z  SKIP  adservice  no metric data this sample
2026-09-16T21:52:35Z  SKIP  cartservice  no metric data this sample
2026-09-16T21:52:35Z  SKIP  checkoutservice  no metric data this sample
2026-09-16T21:52:35Z  SKIP  currencyservice  no metric data this sample
2026-09-16T21:52:35Z  SKIP  emailservice  no metric data this sample
2026-09-16T21:52:35Z  SKIP  paymentservice  no metric data this sample
2026-09-16T21:52:35Z  SKIP  productcatalogservice  no metric data this sample
2026-09-16T21:52:35Z  SKIP  recommendationservice  no metric data this sample
2026-09-16T21:52:35Z  SKIP  shippingservice  no metric data this sample
2026-09-16T21:52:36Z  OBSERVE  adservice  rejection=0.0000  low=111 high=0  state=ON
2026-09-16T21:52:36Z  OBSERVE  cartservice  rejection=0.0000  low=111 high=0  state=ON
2026-09-16T21:52:36Z  OBSERVE  checkoutservice  rejection=0.0000  low=111 high=0  state=ON
2026-09-16T21:52:36Z  OBSERVE  currencyservice  rejection=0.0000  low=111 high=0  state=ON
2026-09-16T21:52:36Z  OBSERVE  emailservice  rejection=0.0000  low=111 high=0  state=ON
2026-09-16T21:52:36Z  OBSERVE  paymentservice  rejection=0.0000  low=111 high=0  state=ON
2026-09-16T21:52:36Z  OBSERVE  productcatalogservice  rejection=0.0000  low=111 high=0  state=ON
2026-09-16T21:52:36Z  OBSERVE  recommendationservice  rejection=0.0000  low=111 high=0  state=ON
2026-09-16T21:52:36Z  OBSERVE  shippingservice  rejection=0.0000  low=112 high=0  state=ON
2026-09-16T21:52:37Z  OBSERVE  adservice  rejection=0.0000  low=112 high=0  state=ON
2026-09-16T21:52:37Z  OBSERVE  cartservice  rejection=0.0000  low=112 high=0  state=ON
2026-09-16T21:52:37Z  OBSERVE  checkoutservice  rejection=0.0000  low=112 high=0  state=ON
2026-09-16T21:52:37Z  OBSERVE  currencyservice  rejection=0.0000  low=112 high=0  state=ON
2026-09-16T21:52:37Z  OBSERVE  emailservice  rejection=0.0000  low=112 high=0  state=ON
2026-09-16T21:52:37Z  OBSERVE  paymentservice  rejection=0.0000  low=112 high=0  state=ON
2026-09-16T21:52:37Z  OBSERVE  productcatalogservice  rejection=0.0000  low=112 high=0  state=ON
2026-09-16T21:52:37Z  OBSERVE  recommendationservice  rejection=0.0000  low=112 high=0  state=ON
2026-09-16T21:52:37Z  OBSERVE  shippingservice  rejection=0.0000  low=113 high=0  state=ON
2026-09-16T21:52:38Z  OBSERVE  adservice  rejection=0.0000  low=113 high=0  state=ON
2026-09-16T21:52:38Z  OBSERVE  cartservice  rejection=0.0000  low=113 high=0  state=ON
2026-09-16T21:52:38Z  OBSERVE  checkoutservice  rejection=0.0000  low=113 high=0  state=ON
2026-09-16T21:52:38Z  OBSERVE  currencyservice  rejection=0.0000  low=113 high=0  state=ON
2026-09-16T21:52:38Z  OBSERVE  emailservice  rejection=0.0000  low=113 high=0  state=ON
2026-09-16T21:52:38Z  OBSERVE  paymentservice  rejection=0.0000  low=113 high=0  state=ON
2026-09-16T21:52:38Z  OBSERVE  productcatalogservice  rejection=0.0000  low=113 high=0  state=ON
2026-09-16T21:52:38Z  OBSERVE  recommendationservice  rejection=0.0000  low=113 high=0  state=ON
2026-09-16T21:52:38Z  OBSERVE  shippingservice  rejection=0.0000  low=114 high=0  state=ON
2026-09-16T21:52:39Z  OBSERVE  adservice  rejection=0.0000  low=114 high=0  state=ON
2026-09-16T21:52:39Z  OBSERVE  cartservice  rejection=0.0000  low=114 high=0  state=ON
2026-09-16T21:52:39Z  OBSERVE  checkoutservice  rejection=0.0000  low=114 high=0  state=ON
2026-09-16T21:52:39Z  OBSERVE  currencyservice  rejection=0.0000  low=114 high=0  state=ON
2026-09-16T21:52:39Z  OBSERVE  emailservice  rejection=0.0000  low=114 high=0  state=ON
2026-09-16T21:52:39Z  OBSERVE  paymentservice  rejection=0.0000  low=114 high=0  state=ON
2026-09-16T21:52:39Z  OBSERVE  productcatalogservice  rejection=0.0000  low=114 high=0  state=ON
2026-09-16T21:52:39Z  OBSERVE  recommendationservice  rejection=0.0000  low=114 high=0  state=ON
2026-09-16T21:52:39Z  OBSERVE  shippingservice  rejection=0.0000  low=115 high=0  state=ON
2026-09-16T21:52:40Z  SKIP  adservice  no metric data this sample
2026-09-16T21:52:40Z  SKIP  cartservice  no metric data this sample
2026-09-16T21:52:40Z  SKIP  checkoutservice  no metric data this sample
2026-09-16T21:52:40Z  SKIP  currencyservice  no metric data this sample
2026-09-16T21:52:40Z  SKIP  emailservice  no metric data this sample
2026-09-16T21:52:40Z  SKIP  paymentservice  no metric data this sample
2026-09-16T21:52:40Z  SKIP  productcatalogservice  no metric data this sample
2026-09-16T21:52:40Z  SKIP  recommendationservice  no metric data this sample
2026-09-16T21:52:40Z  SKIP  shippingservice  no metric data this sample
2026-09-16T21:52:41Z  OBSERVE  adservice  rejection=0.0000  low=115 high=0  state=ON
2026-09-16T21:52:41Z  OBSERVE  cartservice  rejection=0.0000  low=115 high=0  state=ON
2026-09-16T21:52:41Z  OBSERVE  checkoutservice  rejection=0.0000  low=115 high=0  state=ON
2026-09-16T21:52:41Z  OBSERVE  currencyservice  rejection=0.0000  low=115 high=0  state=ON
2026-09-16T21:52:41Z  OBSERVE  emailservice  rejection=0.0000  low=115 high=0  state=ON
2026-09-16T21:52:41Z  OBSERVE  paymentservice  rejection=0.0000  low=115 high=0  state=ON
2026-09-16T21:52:41Z  OBSERVE  productcatalogservice  rejection=0.0000  low=115 high=0  state=ON
2026-09-16T21:52:41Z  OBSERVE  recommendationservice  rejection=0.0000  low=115 high=0  state=ON
2026-09-16T21:52:41Z  OBSERVE  shippingservice  rejection=0.0000  low=116 high=0  state=ON
2026-09-16T21:52:42Z  OBSERVE  adservice  rejection=0.0000  low=116 high=0  state=ON
2026-09-16T21:52:42Z  OBSERVE  cartservice  rejection=0.0000  low=116 high=0  state=ON
2026-09-16T21:52:42Z  OBSERVE  checkoutservice  rejection=0.0000  low=116 high=0  state=ON
2026-09-16T21:52:42Z  OBSERVE  currencyservice  rejection=0.0000  low=116 high=0  state=ON
2026-09-16T21:52:42Z  OBSERVE  emailservice  rejection=0.0000  low=116 high=0  state=ON
2026-09-16T21:52:42Z  OBSERVE  paymentservice  rejection=0.0000  low=116 high=0  state=ON
2026-09-16T21:52:42Z  OBSERVE  productcatalogservice  rejection=0.0000  low=116 high=0  state=ON
2026-09-16T21:52:42Z  OBSERVE  recommendationservice  rejection=0.0000  low=116 high=0  state=ON
2026-09-16T21:52:42Z  OBSERVE  shippingservice  rejection=0.0000  low=117 high=0  state=ON
2026-09-16T21:52:43Z  OBSERVE  adservice  rejection=0.0000  low=117 high=0  state=ON
2026-09-16T21:52:43Z  OBSERVE  cartservice  rejection=0.0000  low=117 high=0  state=ON
2026-09-16T21:52:43Z  OBSERVE  checkoutservice  rejection=0.0000  low=117 high=0  state=ON
2026-09-16T21:52:43Z  OBSERVE  currencyservice  rejection=0.0000  low=117 high=0  state=ON
2026-09-16T21:52:43Z  OBSERVE  emailservice  rejection=0.0000  low=117 high=0  state=ON
2026-09-16T21:52:43Z  OBSERVE  paymentservice  rejection=0.0000  low=117 high=0  state=ON
2026-09-16T21:52:43Z  OBSERVE  productcatalogservice  rejection=0.0000  low=117 high=0  state=ON
2026-09-16T21:52:43Z  OBSERVE  recommendationservice  rejection=0.0000  low=117 high=0  state=ON
2026-09-16T21:52:43Z  OBSERVE  shippingservice  rejection=0.0000  low=118 high=0  state=ON
2026-09-16T21:52:44Z  OBSERVE  adservice  rejection=0.0000  low=118 high=0  state=ON
2026-09-16T21:52:44Z  OBSERVE  cartservice  rejection=0.0000  low=118 high=0  state=ON
2026-09-16T21:52:44Z  OBSERVE  checkoutservice  rejection=0.0000  low=118 high=0  state=ON
2026-09-16T21:52:44Z  OBSERVE  currencyservice  rejection=0.0000  low=118 high=0  state=ON
2026-09-16T21:52:44Z  OBSERVE  emailservice  rejection=0.0000  low=118 high=0  state=ON
2026-09-16T21:52:44Z  OBSERVE  paymentservice  rejection=0.0000  low=118 high=0  state=ON
2026-09-16T21:52:44Z  OBSERVE  productcatalogservice  rejection=0.0000  low=118 high=0  state=ON
2026-09-16T21:52:44Z  OBSERVE  recommendationservice  rejection=0.0000  low=118 high=0  state=ON
2026-09-16T21:52:44Z  OBSERVE  shippingservice  rejection=0.0000  low=119 high=0  state=ON
2026-09-16T21:52:45Z  OBSERVE  adservice  rejection=0.0000  low=119 high=0  state=ON
2026-09-16T21:52:45Z  OBSERVE  cartservice  rejection=0.0000  low=119 high=0  state=ON
2026-09-16T21:52:45Z  OBSERVE  checkoutservice  rejection=0.0000  low=119 high=0  state=ON
2026-09-16T21:52:45Z  OBSERVE  currencyservice  rejection=0.0000  low=119 high=0  state=ON
2026-09-16T21:52:45Z  OBSERVE  emailservice  rejection=0.0000  low=119 high=0  state=ON
2026-09-16T21:52:45Z  OBSERVE  paymentservice  rejection=0.0000  low=119 high=0  state=ON
2026-09-16T21:52:45Z  OBSERVE  productcatalogservice  rejection=0.0000  low=119 high=0  state=ON
2026-09-16T21:52:45Z  OBSERVE  recommendationservice  rejection=0.0000  low=119 high=0  state=ON
2026-09-16T21:52:45Z  OBSERVE  shippingservice  rejection=0.0000  low=120 high=0  state=ON
2026-09-16T21:52:46Z  OBSERVE  adservice  rejection=0.0000  low=120 high=0  state=ON
2026-09-16T21:52:46Z  OBSERVE  cartservice  rejection=0.0000  low=120 high=0  state=ON
2026-09-16T21:52:46Z  OBSERVE  checkoutservice  rejection=0.0000  low=120 high=0  state=ON
2026-09-16T21:52:46Z  OBSERVE  currencyservice  rejection=0.0000  low=120 high=0  state=ON
2026-09-16T21:52:46Z  OBSERVE  emailservice  rejection=0.0000  low=120 high=0  state=ON
2026-09-16T21:52:46Z  OBSERVE  paymentservice  rejection=0.0000  low=120 high=0  state=ON
2026-09-16T21:52:46Z  OBSERVE  productcatalogservice  rejection=0.0000  low=120 high=0  state=ON
2026-09-16T21:52:46Z  OBSERVE  recommendationservice  rejection=0.0000  low=120 high=0  state=ON
2026-09-16T21:52:46Z  OBSERVE  shippingservice  rejection=0.0000  low=121 high=0  state=ON
2026-09-16T21:52:47Z  OBSERVE  adservice  rejection=0.0000  low=121 high=0  state=ON
2026-09-16T21:52:47Z  OBSERVE  cartservice  rejection=0.0000  low=121 high=0  state=ON
2026-09-16T21:52:47Z  OBSERVE  checkoutservice  rejection=0.0000  low=121 high=0  state=ON
2026-09-16T21:52:47Z  OBSERVE  currencyservice  rejection=0.0000  low=121 high=0  state=ON
2026-09-16T21:52:47Z  OBSERVE  emailservice  rejection=0.0000  low=121 high=0  state=ON
2026-09-16T21:52:47Z  OBSERVE  paymentservice  rejection=0.0000  low=121 high=0  state=ON
2026-09-16T21:52:47Z  OBSERVE  productcatalogservice  rejection=0.0000  low=121 high=0  state=ON
2026-09-16T21:52:47Z  OBSERVE  recommendationservice  rejection=0.0000  low=121 high=0  state=ON
2026-09-16T21:52:47Z  OBSERVE  shippingservice  rejection=0.0000  low=122 high=0  state=ON
2026-09-16T21:52:48Z  OBSERVE  adservice  rejection=0.0000  low=122 high=0  state=ON
2026-09-16T21:52:48Z  OBSERVE  cartservice  rejection=0.0000  low=122 high=0  state=ON
2026-09-16T21:52:48Z  OBSERVE  checkoutservice  rejection=0.0000  low=122 high=0  state=ON
2026-09-16T21:52:48Z  OBSERVE  currencyservice  rejection=0.0000  low=122 high=0  state=ON
2026-09-16T21:52:48Z  OBSERVE  emailservice  rejection=0.0000  low=122 high=0  state=ON
2026-09-16T21:52:48Z  OBSERVE  paymentservice  rejection=0.0000  low=122 high=0  state=ON
2026-09-16T21:52:48Z  OBSERVE  productcatalogservice  rejection=0.0000  low=122 high=0  state=ON
2026-09-16T21:52:48Z  OBSERVE  recommendationservice  rejection=0.0000  low=122 high=0  state=ON
2026-09-16T21:52:48Z  OBSERVE  shippingservice  rejection=0.0000  low=123 high=0  state=ON
2026-09-16T21:52:49Z  OBSERVE  adservice  rejection=0.0000  low=123 high=0  state=ON
2026-09-16T21:52:49Z  OBSERVE  cartservice  rejection=0.0000  low=123 high=0  state=ON
2026-09-16T21:52:49Z  OBSERVE  checkoutservice  rejection=0.0000  low=123 high=0  state=ON
2026-09-16T21:52:49Z  OBSERVE  currencyservice  rejection=0.0000  low=123 high=0  state=ON
2026-09-16T21:52:49Z  OBSERVE  emailservice  rejection=0.0000  low=123 high=0  state=ON
2026-09-16T21:52:49Z  OBSERVE  paymentservice  rejection=0.0000  low=123 high=0  state=ON
2026-09-16T21:52:49Z  OBSERVE  productcatalogservice  rejection=0.0000  low=123 high=0  state=ON
2026-09-16T21:52:49Z  OBSERVE  recommendationservice  rejection=0.0000  low=123 high=0  state=ON
2026-09-16T21:52:49Z  OBSERVE  shippingservice  rejection=0.0000  low=124 high=0  state=ON
2026-09-16T21:52:50Z  SKIP  adservice  no metric data this sample
2026-09-16T21:52:50Z  SKIP  cartservice  no metric data this sample
2026-09-16T21:52:50Z  SKIP  checkoutservice  no metric data this sample
2026-09-16T21:52:50Z  SKIP  currencyservice  no metric data this sample
2026-09-16T21:52:50Z  SKIP  emailservice  no metric data this sample
2026-09-16T21:52:50Z  SKIP  paymentservice  no metric data this sample
2026-09-16T21:52:50Z  SKIP  productcatalogservice  no metric data this sample
2026-09-16T21:52:50Z  SKIP  recommendationservice  no metric data this sample
2026-09-16T21:52:50Z  SKIP  shippingservice  no metric data this sample
2026-09-16T21:52:51Z  OBSERVE  adservice  rejection=0.0000  low=124 high=0  state=ON
2026-09-16T21:52:51Z  OBSERVE  cartservice  rejection=0.0000  low=124 high=0  state=ON
2026-09-16T21:52:51Z  OBSERVE  checkoutservice  rejection=0.0000  low=124 high=0  state=ON
2026-09-16T21:52:51Z  OBSERVE  currencyservice  rejection=0.0000  low=124 high=0  state=ON
2026-09-16T21:52:51Z  OBSERVE  emailservice  rejection=0.0000  low=124 high=0  state=ON
2026-09-16T21:52:51Z  OBSERVE  paymentservice  rejection=0.0000  low=124 high=0  state=ON
2026-09-16T21:52:51Z  OBSERVE  productcatalogservice  rejection=0.0000  low=124 high=0  state=ON
2026-09-16T21:52:51Z  OBSERVE  recommendationservice  rejection=0.0000  low=124 high=0  state=ON
2026-09-16T21:52:51Z  OBSERVE  shippingservice  rejection=0.0000  low=125 high=0  state=ON
2026-09-16T21:52:52Z  OBSERVE  adservice  rejection=0.0000  low=125 high=0  state=ON
2026-09-16T21:52:52Z  OBSERVE  cartservice  rejection=0.0000  low=125 high=0  state=ON
2026-09-16T21:52:52Z  OBSERVE  checkoutservice  rejection=0.0000  low=125 high=0  state=ON
2026-09-16T21:52:52Z  OBSERVE  currencyservice  rejection=0.0000  low=125 high=0  state=ON
2026-09-16T21:52:52Z  OBSERVE  emailservice  rejection=0.0000  low=125 high=0  state=ON
2026-09-16T21:52:52Z  OBSERVE  paymentservice  rejection=0.0000  low=125 high=0  state=ON
2026-09-16T21:52:52Z  OBSERVE  productcatalogservice  rejection=0.0000  low=125 high=0  state=ON
2026-09-16T21:52:52Z  OBSERVE  recommendationservice  rejection=0.0000  low=125 high=0  state=ON
2026-09-16T21:52:52Z  OBSERVE  shippingservice  rejection=0.0000  low=126 high=0  state=ON
2026-09-16T21:52:53Z  OBSERVE  adservice  rejection=0.0000  low=126 high=0  state=ON
2026-09-16T21:52:53Z  OBSERVE  cartservice  rejection=0.0000  low=126 high=0  state=ON
2026-09-16T21:52:53Z  OBSERVE  checkoutservice  rejection=0.0000  low=126 high=0  state=ON
2026-09-16T21:52:53Z  OBSERVE  currencyservice  rejection=0.0000  low=126 high=0  state=ON
2026-09-16T21:52:53Z  OBSERVE  emailservice  rejection=0.0000  low=126 high=0  state=ON
2026-09-16T21:52:53Z  OBSERVE  paymentservice  rejection=0.0000  low=126 high=0  state=ON
2026-09-16T21:52:53Z  OBSERVE  productcatalogservice  rejection=0.0000  low=126 high=0  state=ON
2026-09-16T21:52:53Z  OBSERVE  recommendationservice  rejection=0.0000  low=126 high=0  state=ON
2026-09-16T21:52:53Z  OBSERVE  shippingservice  rejection=0.0000  low=127 high=0  state=ON
2026-09-16T21:52:54Z  OBSERVE  adservice  rejection=0.0000  low=127 high=0  state=ON
2026-09-16T21:52:54Z  OBSERVE  cartservice  rejection=0.0000  low=127 high=0  state=ON
2026-09-16T21:52:54Z  OBSERVE  checkoutservice  rejection=0.0000  low=127 high=0  state=ON
2026-09-16T21:52:54Z  OBSERVE  currencyservice  rejection=0.0000  low=127 high=0  state=ON
2026-09-16T21:52:54Z  OBSERVE  emailservice  rejection=0.0000  low=127 high=0  state=ON
2026-09-16T21:52:54Z  OBSERVE  paymentservice  rejection=0.0000  low=127 high=0  state=ON
2026-09-16T21:52:54Z  OBSERVE  productcatalogservice  rejection=0.0000  low=127 high=0  state=ON
2026-09-16T21:52:54Z  OBSERVE  recommendationservice  rejection=0.0000  low=127 high=0  state=ON
2026-09-16T21:52:54Z  OBSERVE  shippingservice  rejection=0.0000  low=128 high=0  state=ON
2026-09-16T21:52:55Z  OBSERVE  adservice  rejection=0.0000  low=128 high=0  state=ON
2026-09-16T21:52:55Z  OBSERVE  cartservice  rejection=0.0000  low=128 high=0  state=ON
2026-09-16T21:52:55Z  OBSERVE  checkoutservice  rejection=0.0000  low=128 high=0  state=ON
2026-09-16T21:52:55Z  OBSERVE  currencyservice  rejection=0.0000  low=128 high=0  state=ON
2026-09-16T21:52:55Z  OBSERVE  emailservice  rejection=0.0000  low=128 high=0  state=ON
2026-09-16T21:52:55Z  SKIP  paymentservice  no metric data this sample
2026-09-16T21:52:55Z  SKIP  productcatalogservice  no metric data this sample
2026-09-16T21:52:55Z  SKIP  recommendationservice  no metric data this sample
2026-09-16T21:52:55Z  SKIP  shippingservice  no metric data this sample
2026-09-16T21:52:56Z  OBSERVE  adservice  rejection=0.0000  low=129 high=0  state=ON
2026-09-16T21:52:56Z  OBSERVE  cartservice  rejection=0.0000  low=129 high=0  state=ON
2026-09-16T21:52:56Z  OBSERVE  checkoutservice  rejection=0.0000  low=129 high=0  state=ON
2026-09-16T21:52:56Z  OBSERVE  currencyservice  rejection=0.0000  low=129 high=0  state=ON
2026-09-16T21:52:56Z  OBSERVE  emailservice  rejection=0.0000  low=129 high=0  state=ON
2026-09-16T21:52:56Z  OBSERVE  paymentservice  rejection=0.0000  low=128 high=0  state=ON
2026-09-16T21:52:56Z  OBSERVE  productcatalogservice  rejection=0.0000  low=128 high=0  state=ON
2026-09-16T21:52:56Z  OBSERVE  recommendationservice  rejection=0.0000  low=128 high=0  state=ON
2026-09-16T21:52:56Z  OBSERVE  shippingservice  rejection=0.0000  low=129 high=0  state=ON
2026-09-16T21:52:57Z  OBSERVE  adservice  rejection=0.0000  low=130 high=0  state=ON
2026-09-16T21:52:57Z  OBSERVE  cartservice  rejection=0.0000  low=130 high=0  state=ON
2026-09-16T21:52:57Z  OBSERVE  checkoutservice  rejection=0.0000  low=130 high=0  state=ON
2026-09-16T21:52:57Z  OBSERVE  currencyservice  rejection=0.0000  low=130 high=0  state=ON
2026-09-16T21:52:57Z  OBSERVE  emailservice  rejection=0.0000  low=130 high=0  state=ON
2026-09-16T21:52:57Z  OBSERVE  paymentservice  rejection=0.0000  low=129 high=0  state=ON
2026-09-16T21:52:57Z  OBSERVE  productcatalogservice  rejection=0.0000  low=129 high=0  state=ON
2026-09-16T21:52:57Z  OBSERVE  recommendationservice  rejection=0.0000  low=129 high=0  state=ON
2026-09-16T21:52:57Z  OBSERVE  shippingservice  rejection=0.0000  low=130 high=0  state=ON
2026-09-16T21:52:58Z  OBSERVE  adservice  rejection=0.0000  low=131 high=0  state=ON
2026-09-16T21:52:58Z  OBSERVE  cartservice  rejection=0.0000  low=131 high=0  state=ON
2026-09-16T21:52:58Z  OBSERVE  checkoutservice  rejection=0.0000  low=131 high=0  state=ON
2026-09-16T21:52:58Z  OBSERVE  currencyservice  rejection=0.0000  low=131 high=0  state=ON
2026-09-16T21:52:58Z  OBSERVE  emailservice  rejection=0.0000  low=131 high=0  state=ON
2026-09-16T21:52:58Z  OBSERVE  paymentservice  rejection=0.0000  low=130 high=0  state=ON
2026-09-16T21:52:58Z  OBSERVE  productcatalogservice  rejection=0.0000  low=130 high=0  state=ON
2026-09-16T21:52:58Z  OBSERVE  recommendationservice  rejection=0.0000  low=130 high=0  state=ON
2026-09-16T21:52:58Z  OBSERVE  shippingservice  rejection=0.0000  low=131 high=0  state=ON
2026-09-16T21:52:59Z  OBSERVE  adservice  rejection=0.0000  low=132 high=0  state=ON
2026-09-16T21:52:59Z  OBSERVE  cartservice  rejection=0.0000  low=132 high=0  state=ON
2026-09-16T21:52:59Z  OBSERVE  checkoutservice  rejection=0.0000  low=132 high=0  state=ON
2026-09-16T21:52:59Z  OBSERVE  currencyservice  rejection=0.0000  low=132 high=0  state=ON
2026-09-16T21:52:59Z  OBSERVE  emailservice  rejection=0.0000  low=132 high=0  state=ON
2026-09-16T21:52:59Z  OBSERVE  paymentservice  rejection=0.0000  low=131 high=0  state=ON
2026-09-16T21:52:59Z  OBSERVE  productcatalogservice  rejection=0.0000  low=131 high=0  state=ON
2026-09-16T21:52:59Z  OBSERVE  recommendationservice  rejection=0.0000  low=131 high=0  state=ON
2026-09-16T21:52:59Z  OBSERVE  shippingservice  rejection=0.0000  low=132 high=0  state=ON
2026-09-16T21:53:00Z  SKIP  adservice  no metric data this sample
2026-09-16T21:53:00Z  SKIP  cartservice  no metric data this sample
2026-09-16T21:53:00Z  SKIP  checkoutservice  no metric data this sample
2026-09-16T21:53:00Z  SKIP  currencyservice  no metric data this sample
2026-09-16T21:53:00Z  SKIP  emailservice  no metric data this sample
2026-09-16T21:53:00Z  SKIP  paymentservice  no metric data this sample
2026-09-16T21:53:00Z  SKIP  productcatalogservice  no metric data this sample
2026-09-16T21:53:00Z  SKIP  recommendationservice  no metric data this sample
2026-09-16T21:53:00Z  SKIP  shippingservice  no metric data this sample
2026-09-16T21:53:01Z  OBSERVE  adservice  rejection=0.0000  low=133 high=0  state=ON
2026-09-16T21:53:01Z  OBSERVE  cartservice  rejection=0.0000  low=133 high=0  state=ON
2026-09-16T21:53:01Z  OBSERVE  checkoutservice  rejection=0.0000  low=133 high=0  state=ON
2026-09-16T21:53:01Z  OBSERVE  currencyservice  rejection=0.0000  low=133 high=0  state=ON
2026-09-16T21:53:01Z  OBSERVE  emailservice  rejection=0.0000  low=133 high=0  state=ON
2026-09-16T21:53:01Z  OBSERVE  paymentservice  rejection=0.0000  low=132 high=0  state=ON
2026-09-16T21:53:01Z  OBSERVE  productcatalogservice  rejection=0.0000  low=132 high=0  state=ON
2026-09-16T21:53:01Z  OBSERVE  recommendationservice  rejection=0.0000  low=132 high=0  state=ON
2026-09-16T21:53:01Z  OBSERVE  shippingservice  rejection=0.0000  low=133 high=0  state=ON
2026-09-16T21:53:02Z  OBSERVE  adservice  rejection=0.0000  low=134 high=0  state=ON
2026-09-16T21:53:02Z  OBSERVE  cartservice  rejection=0.0000  low=134 high=0  state=ON
2026-09-16T21:53:02Z  OBSERVE  checkoutservice  rejection=0.0000  low=134 high=0  state=ON
2026-09-16T21:53:02Z  OBSERVE  currencyservice  rejection=0.0000  low=134 high=0  state=ON
2026-09-16T21:53:02Z  OBSERVE  emailservice  rejection=0.0000  low=134 high=0  state=ON
2026-09-16T21:53:02Z  OBSERVE  paymentservice  rejection=0.0000  low=133 high=0  state=ON
2026-09-16T21:53:02Z  OBSERVE  productcatalogservice  rejection=0.0000  low=133 high=0  state=ON
2026-09-16T21:53:02Z  OBSERVE  recommendationservice  rejection=0.0000  low=133 high=0  state=ON
2026-09-16T21:53:02Z  OBSERVE  shippingservice  rejection=0.0000  low=134 high=0  state=ON
2026-09-16T21:53:03Z  OBSERVE  adservice  rejection=0.0000  low=135 high=0  state=ON
2026-09-16T21:53:03Z  OBSERVE  cartservice  rejection=0.0000  low=135 high=0  state=ON
2026-09-16T21:53:03Z  OBSERVE  checkoutservice  rejection=0.0000  low=135 high=0  state=ON
2026-09-16T21:53:03Z  OBSERVE  currencyservice  rejection=0.0000  low=135 high=0  state=ON
2026-09-16T21:53:03Z  OBSERVE  emailservice  rejection=0.0000  low=135 high=0  state=ON
2026-09-16T21:53:03Z  OBSERVE  paymentservice  rejection=0.0000  low=134 high=0  state=ON
2026-09-16T21:53:03Z  OBSERVE  productcatalogservice  rejection=0.0000  low=134 high=0  state=ON
2026-09-16T21:53:03Z  OBSERVE  recommendationservice  rejection=0.0000  low=134 high=0  state=ON
2026-09-16T21:53:03Z  OBSERVE  shippingservice  rejection=0.0000  low=135 high=0  state=ON
2026-09-16T21:53:04Z  OBSERVE  adservice  rejection=0.0000  low=136 high=0  state=ON
2026-09-16T21:53:04Z  OBSERVE  cartservice  rejection=0.0000  low=136 high=0  state=ON
2026-09-16T21:53:04Z  OBSERVE  checkoutservice  rejection=0.0000  low=136 high=0  state=ON
2026-09-16T21:53:04Z  OBSERVE  currencyservice  rejection=0.0000  low=136 high=0  state=ON
2026-09-16T21:53:04Z  OBSERVE  emailservice  rejection=0.0000  low=136 high=0  state=ON
2026-09-16T21:53:04Z  OBSERVE  paymentservice  rejection=0.0000  low=135 high=0  state=ON
2026-09-16T21:53:04Z  OBSERVE  productcatalogservice  rejection=0.0000  low=135 high=0  state=ON
2026-09-16T21:53:04Z  OBSERVE  recommendationservice  rejection=0.0000  low=135 high=0  state=ON
2026-09-16T21:53:04Z  OBSERVE  shippingservice  rejection=0.0000  low=136 high=0  state=ON
2026-09-16T21:53:05Z  OBSERVE  adservice  rejection=0.0000  low=137 high=0  state=ON
2026-09-16T21:53:05Z  OBSERVE  cartservice  rejection=0.0000  low=137 high=0  state=ON
2026-09-16T21:53:05Z  OBSERVE  checkoutservice  rejection=0.0000  low=137 high=0  state=ON
2026-09-16T21:53:05Z  OBSERVE  currencyservice  rejection=0.0000  low=137 high=0  state=ON
2026-09-16T21:53:05Z  OBSERVE  emailservice  rejection=0.0000  low=137 high=0  state=ON
2026-09-16T21:53:05Z  OBSERVE  paymentservice  rejection=0.0000  low=136 high=0  state=ON
2026-09-16T21:53:05Z  OBSERVE  productcatalogservice  rejection=0.0000  low=136 high=0  state=ON
2026-09-16T21:53:05Z  OBSERVE  recommendationservice  rejection=0.0000  low=136 high=0  state=ON
2026-09-16T21:53:05Z  OBSERVE  shippingservice  rejection=0.0000  low=137 high=0  state=ON
2026-09-16T21:53:06Z  OBSERVE  adservice  rejection=0.0000  low=138 high=0  state=ON
2026-09-16T21:53:06Z  OBSERVE  cartservice  rejection=0.0000  low=138 high=0  state=ON
2026-09-16T21:53:06Z  OBSERVE  checkoutservice  rejection=0.0000  low=138 high=0  state=ON
2026-09-16T21:53:06Z  OBSERVE  currencyservice  rejection=0.0000  low=138 high=0  state=ON
2026-09-16T21:53:06Z  OBSERVE  emailservice  rejection=0.0000  low=138 high=0  state=ON
2026-09-16T21:53:06Z  OBSERVE  paymentservice  rejection=0.0000  low=137 high=0  state=ON
2026-09-16T21:53:06Z  OBSERVE  productcatalogservice  rejection=0.0000  low=137 high=0  state=ON
2026-09-16T21:53:06Z  OBSERVE  recommendationservice  rejection=0.0000  low=137 high=0  state=ON
2026-09-16T21:53:06Z  OBSERVE  shippingservice  rejection=0.0000  low=138 high=0  state=ON
2026-09-16T21:53:07Z  OBSERVE  adservice  rejection=0.0000  low=139 high=0  state=ON
2026-09-16T21:53:07Z  OBSERVE  cartservice  rejection=0.0000  low=139 high=0  state=ON
2026-09-16T21:53:07Z  OBSERVE  checkoutservice  rejection=0.0000  low=139 high=0  state=ON
2026-09-16T21:53:07Z  OBSERVE  currencyservice  rejection=0.0000  low=139 high=0  state=ON
2026-09-16T21:53:07Z  OBSERVE  emailservice  rejection=0.0000  low=139 high=0  state=ON
2026-09-16T21:53:07Z  OBSERVE  paymentservice  rejection=0.0000  low=138 high=0  state=ON
2026-09-16T21:53:07Z  OBSERVE  productcatalogservice  rejection=0.0000  low=138 high=0  state=ON
2026-09-16T21:53:07Z  OBSERVE  recommendationservice  rejection=0.0000  low=138 high=0  state=ON
2026-09-16T21:53:07Z  OBSERVE  shippingservice  rejection=0.0000  low=139 high=0  state=ON
2026-09-16T21:53:08Z  OBSERVE  adservice  rejection=0.0000  low=140 high=0  state=ON
2026-09-16T21:53:08Z  OBSERVE  cartservice  rejection=0.0000  low=140 high=0  state=ON
2026-09-16T21:53:08Z  OBSERVE  checkoutservice  rejection=0.0000  low=140 high=0  state=ON
2026-09-16T21:53:08Z  OBSERVE  currencyservice  rejection=0.0000  low=140 high=0  state=ON
2026-09-16T21:53:08Z  OBSERVE  emailservice  rejection=0.0000  low=140 high=0  state=ON
2026-09-16T21:53:08Z  OBSERVE  paymentservice  rejection=0.0000  low=139 high=0  state=ON
2026-09-16T21:53:08Z  OBSERVE  productcatalogservice  rejection=0.0000  low=139 high=0  state=ON
2026-09-16T21:53:08Z  OBSERVE  recommendationservice  rejection=0.0000  low=139 high=0  state=ON
2026-09-16T21:53:08Z  OBSERVE  shippingservice  rejection=0.0000  low=140 high=0  state=ON
2026-09-16T21:53:09Z  OBSERVE  adservice  rejection=0.0000  low=141 high=0  state=ON
2026-09-16T21:53:09Z  OBSERVE  cartservice  rejection=0.0000  low=141 high=0  state=ON
2026-09-16T21:53:09Z  OBSERVE  checkoutservice  rejection=0.0000  low=141 high=0  state=ON
2026-09-16T21:53:09Z  OBSERVE  currencyservice  rejection=0.0000  low=141 high=0  state=ON
2026-09-16T21:53:09Z  OBSERVE  emailservice  rejection=0.0000  low=141 high=0  state=ON
2026-09-16T21:53:09Z  OBSERVE  paymentservice  rejection=0.0000  low=140 high=0  state=ON
2026-09-16T21:53:09Z  OBSERVE  productcatalogservice  rejection=0.0000  low=140 high=0  state=ON
2026-09-16T21:53:09Z  OBSERVE  recommendationservice  rejection=0.0000  low=140 high=0  state=ON
2026-09-16T21:53:09Z  OBSERVE  shippingservice  rejection=0.0000  low=141 high=0  state=ON
2026-09-16T21:53:10Z  OBSERVE  adservice  rejection=0.0000  low=142 high=0  state=ON
2026-09-16T21:53:10Z  OBSERVE  cartservice  rejection=0.0000  low=142 high=0  state=ON
2026-09-16T21:53:10Z  OBSERVE  checkoutservice  rejection=0.0000  low=142 high=0  state=ON
2026-09-16T21:53:10Z  OBSERVE  currencyservice  rejection=0.0000  low=142 high=0  state=ON
2026-09-16T21:53:10Z  OBSERVE  emailservice  rejection=0.0000  low=142 high=0  state=ON
2026-09-16T21:53:10Z  OBSERVE  paymentservice  rejection=0.0000  low=141 high=0  state=ON
2026-09-16T21:53:10Z  OBSERVE  productcatalogservice  rejection=0.0000  low=141 high=0  state=ON
2026-09-16T21:53:10Z  OBSERVE  recommendationservice  rejection=0.0000  low=141 high=0  state=ON
2026-09-16T21:53:10Z  OBSERVE  shippingservice  rejection=0.0000  low=142 high=0  state=ON
2026-09-16T21:53:11Z  OBSERVE  adservice  rejection=0.0000  low=143 high=0  state=ON
2026-09-16T21:53:11Z  OBSERVE  cartservice  rejection=0.0000  low=143 high=0  state=ON
2026-09-16T21:53:11Z  OBSERVE  checkoutservice  rejection=0.0000  low=143 high=0  state=ON
2026-09-16T21:53:11Z  OBSERVE  currencyservice  rejection=0.0000  low=143 high=0  state=ON
2026-09-16T21:53:11Z  OBSERVE  emailservice  rejection=0.0000  low=143 high=0  state=ON
2026-09-16T21:53:11Z  OBSERVE  paymentservice  rejection=0.0000  low=142 high=0  state=ON
2026-09-16T21:53:11Z  OBSERVE  productcatalogservice  rejection=0.0000  low=142 high=0  state=ON
2026-09-16T21:53:11Z  OBSERVE  recommendationservice  rejection=0.0000  low=142 high=0  state=ON
2026-09-16T21:53:11Z  OBSERVE  shippingservice  rejection=0.0000  low=143 high=0  state=ON
2026-09-16T21:53:12Z  OBSERVE  adservice  rejection=0.0000  low=144 high=0  state=ON
2026-09-16T21:53:12Z  OBSERVE  cartservice  rejection=0.0000  low=144 high=0  state=ON
2026-09-16T21:53:12Z  OBSERVE  checkoutservice  rejection=0.0000  low=144 high=0  state=ON
2026-09-16T21:53:12Z  OBSERVE  currencyservice  rejection=0.0000  low=144 high=0  state=ON
2026-09-16T21:53:12Z  OBSERVE  emailservice  rejection=0.0000  low=144 high=0  state=ON
2026-09-16T21:53:12Z  OBSERVE  paymentservice  rejection=0.0000  low=143 high=0  state=ON
2026-09-16T21:53:12Z  OBSERVE  productcatalogservice  rejection=0.0000  low=143 high=0  state=ON
2026-09-16T21:53:12Z  OBSERVE  recommendationservice  rejection=0.0000  low=143 high=0  state=ON
2026-09-16T21:53:12Z  OBSERVE  shippingservice  rejection=0.0000  low=144 high=0  state=ON
2026-09-16T21:53:13Z  OBSERVE  adservice  rejection=0.0000  low=145 high=0  state=ON
2026-09-16T21:53:13Z  OBSERVE  cartservice  rejection=0.0000  low=145 high=0  state=ON
2026-09-16T21:53:13Z  OBSERVE  checkoutservice  rejection=0.0000  low=145 high=0  state=ON
2026-09-16T21:53:13Z  OBSERVE  currencyservice  rejection=0.0000  low=145 high=0  state=ON
2026-09-16T21:53:13Z  OBSERVE  emailservice  rejection=0.0000  low=145 high=0  state=ON
2026-09-16T21:53:13Z  OBSERVE  paymentservice  rejection=0.0000  low=144 high=0  state=ON
2026-09-16T21:53:13Z  OBSERVE  productcatalogservice  rejection=0.0000  low=144 high=0  state=ON
2026-09-16T21:53:13Z  OBSERVE  recommendationservice  rejection=0.0000  low=144 high=0  state=ON
2026-09-16T21:53:13Z  OBSERVE  shippingservice  rejection=0.0000  low=145 high=0  state=ON
2026-09-16T21:53:14Z  OBSERVE  adservice  rejection=0.0000  low=146 high=0  state=ON
2026-09-16T21:53:14Z  OBSERVE  cartservice  rejection=0.0000  low=146 high=0  state=ON
2026-09-16T21:53:14Z  OBSERVE  checkoutservice  rejection=0.0000  low=146 high=0  state=ON
2026-09-16T21:53:14Z  OBSERVE  currencyservice  rejection=0.0000  low=146 high=0  state=ON
2026-09-16T21:53:14Z  OBSERVE  emailservice  rejection=0.0000  low=146 high=0  state=ON
2026-09-16T21:53:14Z  OBSERVE  paymentservice  rejection=0.0000  low=145 high=0  state=ON
2026-09-16T21:53:14Z  OBSERVE  productcatalogservice  rejection=0.0000  low=145 high=0  state=ON
2026-09-16T21:53:14Z  OBSERVE  recommendationservice  rejection=0.0000  low=145 high=0  state=ON
2026-09-16T21:53:14Z  OBSERVE  shippingservice  rejection=0.0000  low=146 high=0  state=ON
2026-09-16T21:53:15Z  OBSERVE  adservice  rejection=0.0000  low=147 high=0  state=ON
2026-09-16T21:53:15Z  OBSERVE  cartservice  rejection=0.0000  low=147 high=0  state=ON
2026-09-16T21:53:15Z  OBSERVE  checkoutservice  rejection=0.0000  low=147 high=0  state=ON
2026-09-16T21:53:15Z  OBSERVE  currencyservice  rejection=0.0000  low=147 high=0  state=ON
2026-09-16T21:53:15Z  OBSERVE  emailservice  rejection=0.0000  low=147 high=0  state=ON
2026-09-16T21:53:15Z  OBSERVE  paymentservice  rejection=0.0000  low=146 high=0  state=ON
2026-09-16T21:53:15Z  OBSERVE  productcatalogservice  rejection=0.0000  low=146 high=0  state=ON
2026-09-16T21:53:15Z  OBSERVE  recommendationservice  rejection=0.0000  low=146 high=0  state=ON
2026-09-16T21:53:15Z  OBSERVE  shippingservice  rejection=0.0000  low=147 high=0  state=ON
2026-09-16T21:53:16Z  OBSERVE  adservice  rejection=0.0000  low=148 high=0  state=ON
2026-09-16T21:53:16Z  OBSERVE  cartservice  rejection=0.0000  low=148 high=0  state=ON
2026-09-16T21:53:16Z  OBSERVE  checkoutservice  rejection=0.0000  low=148 high=0  state=ON
2026-09-16T21:53:16Z  OBSERVE  currencyservice  rejection=0.0000  low=148 high=0  state=ON
2026-09-16T21:53:16Z  OBSERVE  emailservice  rejection=0.0000  low=148 high=0  state=ON
2026-09-16T21:53:16Z  OBSERVE  paymentservice  rejection=0.0000  low=147 high=0  state=ON
2026-09-16T21:53:16Z  OBSERVE  productcatalogservice  rejection=0.0000  low=147 high=0  state=ON
2026-09-16T21:53:16Z  OBSERVE  recommendationservice  rejection=0.0000  low=147 high=0  state=ON
2026-09-16T21:53:16Z  OBSERVE  shippingservice  rejection=0.0000  low=148 high=0  state=ON
2026-09-16T21:53:17Z  OBSERVE  adservice  rejection=0.0000  low=149 high=0  state=ON
2026-09-16T21:53:17Z  OBSERVE  cartservice  rejection=0.0000  low=149 high=0  state=ON
2026-09-16T21:53:17Z  OBSERVE  checkoutservice  rejection=0.0000  low=149 high=0  state=ON
2026-09-16T21:53:17Z  OBSERVE  currencyservice  rejection=0.0000  low=149 high=0  state=ON
2026-09-16T21:53:17Z  OBSERVE  emailservice  rejection=0.0000  low=149 high=0  state=ON
2026-09-16T21:53:17Z  OBSERVE  paymentservice  rejection=0.0000  low=148 high=0  state=ON
2026-09-16T21:53:17Z  OBSERVE  productcatalogservice  rejection=0.0000  low=148 high=0  state=ON
2026-09-16T21:53:17Z  OBSERVE  recommendationservice  rejection=0.0000  low=148 high=0  state=ON
2026-09-16T21:53:17Z  OBSERVE  shippingservice  rejection=0.0000  low=149 high=0  state=ON
2026-09-16T21:53:18Z  OBSERVE  adservice  rejection=0.0000  low=150 high=0  state=ON
2026-09-16T21:53:18Z  OBSERVE  cartservice  rejection=0.0000  low=150 high=0  state=ON
2026-09-16T21:53:18Z  OBSERVE  checkoutservice  rejection=0.0000  low=150 high=0  state=ON
2026-09-16T21:53:18Z  OBSERVE  currencyservice  rejection=0.0000  low=150 high=0  state=ON
2026-09-16T21:53:18Z  OBSERVE  emailservice  rejection=0.0000  low=150 high=0  state=ON
2026-09-16T21:53:18Z  OBSERVE  paymentservice  rejection=0.0000  low=149 high=0  state=ON
2026-09-16T21:53:18Z  OBSERVE  productcatalogservice  rejection=0.0000  low=149 high=0  state=ON
2026-09-16T21:53:18Z  OBSERVE  recommendationservice  rejection=0.0000  low=149 high=0  state=ON
2026-09-16T21:53:18Z  OBSERVE  shippingservice  rejection=0.0000  low=150 high=0  state=ON
2026-09-16T21:53:19Z  OBSERVE  adservice  rejection=0.0000  low=151 high=0  state=ON
2026-09-16T21:53:19Z  OBSERVE  cartservice  rejection=0.0000  low=151 high=0  state=ON
2026-09-16T21:53:19Z  OBSERVE  checkoutservice  rejection=0.0000  low=151 high=0  state=ON
2026-09-16T21:53:19Z  OBSERVE  currencyservice  rejection=0.0000  low=151 high=0  state=ON
2026-09-16T21:53:19Z  OBSERVE  emailservice  rejection=0.0000  low=151 high=0  state=ON
2026-09-16T21:53:19Z  OBSERVE  paymentservice  rejection=0.0000  low=150 high=0  state=ON
2026-09-16T21:53:19Z  OBSERVE  productcatalogservice  rejection=0.0000  low=150 high=0  state=ON
2026-09-16T21:53:19Z  OBSERVE  recommendationservice  rejection=0.0000  low=150 high=0  state=ON
2026-09-16T21:53:19Z  OBSERVE  shippingservice  rejection=0.0000  low=151 high=0  state=ON
2026-09-16T21:53:20Z  OBSERVE  adservice  rejection=0.0000  low=152 high=0  state=ON
2026-09-16T21:53:20Z  OBSERVE  cartservice  rejection=0.0000  low=152 high=0  state=ON
2026-09-16T21:53:20Z  OBSERVE  checkoutservice  rejection=0.0000  low=152 high=0  state=ON
2026-09-16T21:53:20Z  OBSERVE  currencyservice  rejection=0.0000  low=152 high=0  state=ON
2026-09-16T21:53:20Z  OBSERVE  emailservice  rejection=0.0000  low=152 high=0  state=ON
2026-09-16T21:53:20Z  OBSERVE  paymentservice  rejection=0.0000  low=151 high=0  state=ON
2026-09-16T21:53:20Z  OBSERVE  productcatalogservice  rejection=0.0000  low=151 high=0  state=ON
2026-09-16T21:53:20Z  OBSERVE  recommendationservice  rejection=0.0000  low=151 high=0  state=ON
2026-09-16T21:53:20Z  OBSERVE  shippingservice  rejection=0.0000  low=152 high=0  state=ON
2026-09-16T21:53:21Z  OBSERVE  adservice  rejection=0.0000  low=153 high=0  state=ON
2026-09-16T21:53:21Z  OBSERVE  cartservice  rejection=0.0000  low=153 high=0  state=ON
2026-09-16T21:53:21Z  OBSERVE  checkoutservice  rejection=0.0000  low=153 high=0  state=ON
2026-09-16T21:53:21Z  OBSERVE  currencyservice  rejection=0.0000  low=153 high=0  state=ON
2026-09-16T21:53:21Z  OBSERVE  emailservice  rejection=0.0000  low=153 high=0  state=ON
2026-09-16T21:53:21Z  OBSERVE  paymentservice  rejection=0.0000  low=152 high=0  state=ON
2026-09-16T21:53:21Z  OBSERVE  productcatalogservice  rejection=0.0000  low=152 high=0  state=ON
2026-09-16T21:53:21Z  OBSERVE  recommendationservice  rejection=0.0000  low=152 high=0  state=ON
2026-09-16T21:53:21Z  OBSERVE  shippingservice  rejection=0.0000  low=153 high=0  state=ON
2026-09-16T21:53:22Z  OBSERVE  adservice  rejection=0.0000  low=154 high=0  state=ON
2026-09-16T21:53:22Z  OBSERVE  cartservice  rejection=0.0000  low=154 high=0  state=ON
2026-09-16T21:53:22Z  OBSERVE  checkoutservice  rejection=0.0000  low=154 high=0  state=ON
2026-09-16T21:53:22Z  OBSERVE  currencyservice  rejection=0.0000  low=154 high=0  state=ON
2026-09-16T21:53:22Z  OBSERVE  emailservice  rejection=0.0000  low=154 high=0  state=ON
2026-09-16T21:53:22Z  OBSERVE  paymentservice  rejection=0.0000  low=153 high=0  state=ON
2026-09-16T21:53:22Z  OBSERVE  productcatalogservice  rejection=0.0000  low=153 high=0  state=ON
2026-09-16T21:53:22Z  OBSERVE  recommendationservice  rejection=0.0000  low=153 high=0  state=ON
2026-09-16T21:53:22Z  OBSERVE  shippingservice  rejection=0.0000  low=154 high=0  state=ON
2026-09-16T21:53:23Z  OBSERVE  adservice  rejection=0.0000  low=155 high=0  state=ON
2026-09-16T21:53:23Z  OBSERVE  cartservice  rejection=0.0000  low=155 high=0  state=ON
2026-09-16T21:53:23Z  OBSERVE  checkoutservice  rejection=0.0000  low=155 high=0  state=ON
2026-09-16T21:53:23Z  OBSERVE  currencyservice  rejection=0.0000  low=155 high=0  state=ON
2026-09-16T21:53:23Z  OBSERVE  emailservice  rejection=0.0000  low=155 high=0  state=ON
2026-09-16T21:53:23Z  OBSERVE  paymentservice  rejection=0.0000  low=154 high=0  state=ON
2026-09-16T21:53:23Z  OBSERVE  productcatalogservice  rejection=0.0000  low=154 high=0  state=ON
2026-09-16T21:53:23Z  OBSERVE  recommendationservice  rejection=0.0000  low=154 high=0  state=ON
2026-09-16T21:53:23Z  OBSERVE  shippingservice  rejection=0.0000  low=155 high=0  state=ON
2026-09-16T21:53:24Z  OBSERVE  adservice  rejection=0.0000  low=156 high=0  state=ON
2026-09-16T21:53:24Z  OBSERVE  cartservice  rejection=0.0000  low=156 high=0  state=ON
2026-09-16T21:53:24Z  OBSERVE  checkoutservice  rejection=0.0000  low=156 high=0  state=ON
2026-09-16T21:53:24Z  OBSERVE  currencyservice  rejection=0.0000  low=156 high=0  state=ON
2026-09-16T21:53:24Z  OBSERVE  emailservice  rejection=0.0000  low=156 high=0  state=ON
2026-09-16T21:53:24Z  OBSERVE  paymentservice  rejection=0.0000  low=155 high=0  state=ON
2026-09-16T21:53:24Z  OBSERVE  productcatalogservice  rejection=0.0000  low=155 high=0  state=ON
2026-09-16T21:53:24Z  OBSERVE  recommendationservice  rejection=0.0000  low=155 high=0  state=ON
2026-09-16T21:53:24Z  OBSERVE  shippingservice  rejection=0.0000  low=156 high=0  state=ON
2026-09-16T21:53:25Z  OBSERVE  adservice  rejection=0.0000  low=157 high=0  state=ON
2026-09-16T21:53:25Z  OBSERVE  cartservice  rejection=0.0000  low=157 high=0  state=ON
2026-09-16T21:53:25Z  OBSERVE  checkoutservice  rejection=0.0000  low=157 high=0  state=ON
2026-09-16T21:53:25Z  OBSERVE  currencyservice  rejection=0.0000  low=157 high=0  state=ON
2026-09-16T21:53:25Z  OBSERVE  emailservice  rejection=0.0000  low=157 high=0  state=ON
2026-09-16T21:53:25Z  OBSERVE  paymentservice  rejection=0.0000  low=156 high=0  state=ON
2026-09-16T21:53:25Z  OBSERVE  productcatalogservice  rejection=0.0000  low=156 high=0  state=ON
2026-09-16T21:53:25Z  OBSERVE  recommendationservice  rejection=0.0000  low=156 high=0  state=ON
2026-09-16T21:53:25Z  OBSERVE  shippingservice  rejection=0.0000  low=157 high=0  state=ON
2026-09-16T21:53:26Z  OBSERVE  adservice  rejection=0.0000  low=158 high=0  state=ON
2026-09-16T21:53:26Z  OBSERVE  cartservice  rejection=0.0000  low=158 high=0  state=ON
2026-09-16T21:53:26Z  OBSERVE  checkoutservice  rejection=0.0000  low=158 high=0  state=ON
2026-09-16T21:53:26Z  OBSERVE  currencyservice  rejection=0.0000  low=158 high=0  state=ON
2026-09-16T21:53:26Z  OBSERVE  emailservice  rejection=0.0000  low=158 high=0  state=ON
2026-09-16T21:53:26Z  OBSERVE  paymentservice  rejection=0.0000  low=157 high=0  state=ON
2026-09-16T21:53:26Z  OBSERVE  productcatalogservice  rejection=0.0000  low=157 high=0  state=ON
2026-09-16T21:53:26Z  OBSERVE  recommendationservice  rejection=0.0000  low=157 high=0  state=ON
2026-09-16T21:53:26Z  OBSERVE  shippingservice  rejection=0.0000  low=158 high=0  state=ON
2026-09-16T21:53:27Z  OBSERVE  adservice  rejection=0.0000  low=159 high=0  state=ON
2026-09-16T21:53:27Z  OBSERVE  cartservice  rejection=0.0000  low=159 high=0  state=ON
2026-09-16T21:53:27Z  OBSERVE  checkoutservice  rejection=0.0000  low=159 high=0  state=ON
2026-09-16T21:53:27Z  OBSERVE  currencyservice  rejection=0.0000  low=159 high=0  state=ON
2026-09-16T21:53:27Z  OBSERVE  emailservice  rejection=0.0000  low=159 high=0  state=ON
2026-09-16T21:53:27Z  OBSERVE  paymentservice  rejection=0.0000  low=158 high=0  state=ON
2026-09-16T21:53:27Z  OBSERVE  productcatalogservice  rejection=0.0000  low=158 high=0  state=ON
2026-09-16T21:53:27Z  OBSERVE  recommendationservice  rejection=0.0000  low=158 high=0  state=ON
2026-09-16T21:53:27Z  OBSERVE  shippingservice  rejection=0.0000  low=159 high=0  state=ON
2026-09-16T21:53:28Z  OBSERVE  adservice  rejection=0.0000  low=160 high=0  state=ON
2026-09-16T21:53:28Z  OBSERVE  cartservice  rejection=0.0000  low=160 high=0  state=ON
2026-09-16T21:53:28Z  OBSERVE  checkoutservice  rejection=0.0000  low=160 high=0  state=ON
2026-09-16T21:53:28Z  OBSERVE  currencyservice  rejection=0.0000  low=160 high=0  state=ON
2026-09-16T21:53:28Z  OBSERVE  emailservice  rejection=0.0000  low=160 high=0  state=ON
2026-09-16T21:53:28Z  OBSERVE  paymentservice  rejection=0.0000  low=159 high=0  state=ON
2026-09-16T21:53:28Z  OBSERVE  productcatalogservice  rejection=0.0000  low=159 high=0  state=ON
2026-09-16T21:53:28Z  OBSERVE  recommendationservice  rejection=0.0000  low=159 high=0  state=ON
2026-09-16T21:53:28Z  OBSERVE  shippingservice  rejection=0.0000  low=160 high=0  state=ON
2026-09-16T21:53:29Z  OBSERVE  adservice  rejection=0.0000  low=161 high=0  state=ON
2026-09-16T21:53:29Z  OBSERVE  cartservice  rejection=0.0000  low=161 high=0  state=ON
2026-09-16T21:53:29Z  OBSERVE  checkoutservice  rejection=0.0000  low=161 high=0  state=ON
2026-09-16T21:53:29Z  OBSERVE  currencyservice  rejection=0.0000  low=161 high=0  state=ON
2026-09-16T21:53:29Z  OBSERVE  emailservice  rejection=0.0000  low=161 high=0  state=ON
2026-09-16T21:53:29Z  OBSERVE  paymentservice  rejection=0.0000  low=160 high=0  state=ON
2026-09-16T21:53:29Z  OBSERVE  productcatalogservice  rejection=0.0000  low=160 high=0  state=ON
2026-09-16T21:53:29Z  OBSERVE  recommendationservice  rejection=0.0000  low=160 high=0  state=ON
2026-09-16T21:53:29Z  OBSERVE  shippingservice  rejection=0.0000  low=161 high=0  state=ON
2026-09-16T21:53:30Z  OBSERVE  adservice  rejection=0.0000  low=162 high=0  state=ON
2026-09-16T21:53:30Z  OBSERVE  cartservice  rejection=0.0000  low=162 high=0  state=ON
2026-09-16T21:53:30Z  OBSERVE  checkoutservice  rejection=0.0000  low=162 high=0  state=ON
2026-09-16T21:53:30Z  OBSERVE  currencyservice  rejection=0.0000  low=162 high=0  state=ON
2026-09-16T21:53:30Z  OBSERVE  emailservice  rejection=0.0000  low=162 high=0  state=ON
2026-09-16T21:53:30Z  OBSERVE  paymentservice  rejection=0.0000  low=161 high=0  state=ON
2026-09-16T21:53:30Z  OBSERVE  productcatalogservice  rejection=0.0000  low=161 high=0  state=ON
2026-09-16T21:53:30Z  OBSERVE  recommendationservice  rejection=0.0000  low=161 high=0  state=ON
2026-09-16T21:53:30Z  OBSERVE  shippingservice  rejection=0.0000  low=162 high=0  state=ON
2026-09-16T21:53:31Z  OBSERVE  adservice  rejection=0.0000  low=163 high=0  state=ON
2026-09-16T21:53:31Z  OBSERVE  cartservice  rejection=0.0000  low=163 high=0  state=ON
2026-09-16T21:53:31Z  OBSERVE  checkoutservice  rejection=0.0000  low=163 high=0  state=ON
2026-09-16T21:53:31Z  OBSERVE  currencyservice  rejection=0.0000  low=163 high=0  state=ON
2026-09-16T21:53:31Z  OBSERVE  emailservice  rejection=0.0000  low=163 high=0  state=ON
2026-09-16T21:53:31Z  OBSERVE  paymentservice  rejection=0.0000  low=162 high=0  state=ON
2026-09-16T21:53:31Z  OBSERVE  productcatalogservice  rejection=0.0000  low=162 high=0  state=ON
2026-09-16T21:53:31Z  OBSERVE  recommendationservice  rejection=0.0000  low=162 high=0  state=ON
2026-09-16T21:53:31Z  OBSERVE  shippingservice  rejection=0.0000  low=163 high=0  state=ON
2026-09-16T21:53:32Z  OBSERVE  adservice  rejection=0.0000  low=164 high=0  state=ON
2026-09-16T21:53:32Z  OBSERVE  cartservice  rejection=0.0000  low=164 high=0  state=ON
2026-09-16T21:53:32Z  OBSERVE  checkoutservice  rejection=0.0000  low=164 high=0  state=ON
2026-09-16T21:53:32Z  OBSERVE  currencyservice  rejection=0.0000  low=164 high=0  state=ON
2026-09-16T21:53:32Z  OBSERVE  emailservice  rejection=0.0000  low=164 high=0  state=ON
2026-09-16T21:53:32Z  OBSERVE  paymentservice  rejection=0.0000  low=163 high=0  state=ON
2026-09-16T21:53:32Z  OBSERVE  productcatalogservice  rejection=0.0000  low=163 high=0  state=ON
2026-09-16T21:53:32Z  OBSERVE  recommendationservice  rejection=0.0000  low=163 high=0  state=ON
2026-09-16T21:53:32Z  OBSERVE  shippingservice  rejection=0.0000  low=164 high=0  state=ON
2026-09-16T21:53:33Z  OBSERVE  adservice  rejection=0.0000  low=165 high=0  state=ON
2026-09-16T21:53:33Z  OBSERVE  cartservice  rejection=0.0000  low=165 high=0  state=ON
2026-09-16T21:53:33Z  OBSERVE  checkoutservice  rejection=0.0000  low=165 high=0  state=ON
2026-09-16T21:53:33Z  OBSERVE  currencyservice  rejection=0.0000  low=165 high=0  state=ON
2026-09-16T21:53:33Z  OBSERVE  emailservice  rejection=0.0000  low=165 high=0  state=ON
2026-09-16T21:53:33Z  OBSERVE  paymentservice  rejection=0.0000  low=164 high=0  state=ON
2026-09-16T21:53:33Z  OBSERVE  productcatalogservice  rejection=0.0000  low=164 high=0  state=ON
2026-09-16T21:53:33Z  OBSERVE  recommendationservice  rejection=0.0000  low=164 high=0  state=ON
2026-09-16T21:53:33Z  OBSERVE  shippingservice  rejection=0.0000  low=165 high=0  state=ON
2026-09-16T21:53:34Z  OBSERVE  adservice  rejection=0.0000  low=166 high=0  state=ON
2026-09-16T21:53:34Z  OBSERVE  cartservice  rejection=0.0000  low=166 high=0  state=ON
2026-09-16T21:53:34Z  OBSERVE  checkoutservice  rejection=0.0000  low=166 high=0  state=ON
2026-09-16T21:53:34Z  OBSERVE  currencyservice  rejection=0.0000  low=166 high=0  state=ON
2026-09-16T21:53:34Z  OBSERVE  emailservice  rejection=0.0000  low=166 high=0  state=ON
2026-09-16T21:53:34Z  OBSERVE  paymentservice  rejection=0.0000  low=165 high=0  state=ON
2026-09-16T21:53:34Z  OBSERVE  productcatalogservice  rejection=0.0000  low=165 high=0  state=ON
2026-09-16T21:53:34Z  OBSERVE  recommendationservice  rejection=0.0000  low=165 high=0  state=ON
2026-09-16T21:53:34Z  OBSERVE  shippingservice  rejection=0.0000  low=166 high=0  state=ON
2026-09-16T21:53:35Z  OBSERVE  adservice  rejection=0.0000  low=167 high=0  state=ON
2026-09-16T21:53:35Z  OBSERVE  cartservice  rejection=0.0000  low=167 high=0  state=ON
2026-09-16T21:53:35Z  OBSERVE  checkoutservice  rejection=0.0000  low=167 high=0  state=ON
2026-09-16T21:53:35Z  OBSERVE  currencyservice  rejection=0.0000  low=167 high=0  state=ON
2026-09-16T21:53:35Z  OBSERVE  emailservice  rejection=0.0000  low=167 high=0  state=ON
2026-09-16T21:53:35Z  OBSERVE  paymentservice  rejection=0.0000  low=166 high=0  state=ON
2026-09-16T21:53:35Z  OBSERVE  productcatalogservice  rejection=0.0000  low=166 high=0  state=ON
2026-09-16T21:53:35Z  OBSERVE  recommendationservice  rejection=0.0000  low=166 high=0  state=ON
2026-09-16T21:53:35Z  OBSERVE  shippingservice  rejection=0.0000  low=167 high=0  state=ON
2026-09-16T21:53:36Z  OBSERVE  adservice  rejection=0.0000  low=168 high=0  state=ON
2026-09-16T21:53:36Z  OBSERVE  cartservice  rejection=0.0000  low=168 high=0  state=ON
2026-09-16T21:53:36Z  OBSERVE  checkoutservice  rejection=0.0000  low=168 high=0  state=ON
2026-09-16T21:53:36Z  OBSERVE  currencyservice  rejection=0.0000  low=168 high=0  state=ON
2026-09-16T21:53:36Z  OBSERVE  emailservice  rejection=0.0000  low=168 high=0  state=ON
2026-09-16T21:53:36Z  OBSERVE  paymentservice  rejection=0.0000  low=167 high=0  state=ON
2026-09-16T21:53:36Z  OBSERVE  productcatalogservice  rejection=0.0000  low=167 high=0  state=ON
2026-09-16T21:53:36Z  OBSERVE  recommendationservice  rejection=0.0000  low=167 high=0  state=ON
2026-09-16T21:53:36Z  OBSERVE  shippingservice  rejection=0.0000  low=168 high=0  state=ON
2026-09-16T21:53:37Z  OBSERVE  adservice  rejection=0.0000  low=169 high=0  state=ON
2026-09-16T21:53:37Z  OBSERVE  cartservice  rejection=0.0000  low=169 high=0  state=ON
2026-09-16T21:53:37Z  OBSERVE  checkoutservice  rejection=0.0000  low=169 high=0  state=ON
2026-09-16T21:53:37Z  OBSERVE  currencyservice  rejection=0.0000  low=169 high=0  state=ON
2026-09-16T21:53:37Z  OBSERVE  emailservice  rejection=0.0000  low=169 high=0  state=ON
2026-09-16T21:53:37Z  OBSERVE  paymentservice  rejection=0.0000  low=168 high=0  state=ON
2026-09-16T21:53:37Z  OBSERVE  productcatalogservice  rejection=0.0000  low=168 high=0  state=ON
2026-09-16T21:53:37Z  OBSERVE  recommendationservice  rejection=0.0000  low=168 high=0  state=ON
2026-09-16T21:53:37Z  OBSERVE  shippingservice  rejection=0.0000  low=169 high=0  state=ON
2026-09-16T21:53:38Z  OBSERVE  adservice  rejection=0.0000  low=170 high=0  state=ON
2026-09-16T21:53:38Z  OBSERVE  cartservice  rejection=0.0000  low=170 high=0  state=ON
2026-09-16T21:53:38Z  OBSERVE  checkoutservice  rejection=0.0000  low=170 high=0  state=ON
2026-09-16T21:53:38Z  OBSERVE  currencyservice  rejection=0.0000  low=170 high=0  state=ON
2026-09-16T21:53:38Z  OBSERVE  emailservice  rejection=0.0000  low=170 high=0  state=ON
2026-09-16T21:53:38Z  OBSERVE  paymentservice  rejection=0.0000  low=169 high=0  state=ON
2026-09-16T21:53:38Z  OBSERVE  productcatalogservice  rejection=0.0000  low=169 high=0  state=ON
2026-09-16T21:53:38Z  OBSERVE  recommendationservice  rejection=0.0000  low=169 high=0  state=ON
2026-09-16T21:53:38Z  OBSERVE  shippingservice  rejection=0.0000  low=170 high=0  state=ON
2026-09-16T21:53:39Z  OBSERVE  adservice  rejection=0.0000  low=171 high=0  state=ON
2026-09-16T21:53:39Z  OBSERVE  cartservice  rejection=0.0000  low=171 high=0  state=ON
2026-09-16T21:53:39Z  OBSERVE  checkoutservice  rejection=0.0000  low=171 high=0  state=ON
2026-09-16T21:53:39Z  OBSERVE  currencyservice  rejection=0.0000  low=171 high=0  state=ON
2026-09-16T21:53:39Z  OBSERVE  emailservice  rejection=0.0000  low=171 high=0  state=ON
2026-09-16T21:53:39Z  OBSERVE  paymentservice  rejection=0.0000  low=170 high=0  state=ON
2026-09-16T21:53:39Z  OBSERVE  productcatalogservice  rejection=0.0000  low=170 high=0  state=ON
2026-09-16T21:53:39Z  OBSERVE  recommendationservice  rejection=0.0000  low=170 high=0  state=ON
2026-09-16T21:53:39Z  OBSERVE  shippingservice  rejection=0.0000  low=171 high=0  state=ON
2026-09-16T21:53:40Z  OBSERVE  adservice  rejection=0.0000  low=172 high=0  state=ON
2026-09-16T21:53:40Z  OBSERVE  cartservice  rejection=0.0000  low=172 high=0  state=ON
2026-09-16T21:53:40Z  OBSERVE  checkoutservice  rejection=0.0000  low=172 high=0  state=ON
2026-09-16T21:53:40Z  OBSERVE  currencyservice  rejection=0.0000  low=172 high=0  state=ON
2026-09-16T21:53:40Z  OBSERVE  emailservice  rejection=0.0000  low=172 high=0  state=ON
2026-09-16T21:53:40Z  OBSERVE  paymentservice  rejection=0.0000  low=171 high=0  state=ON
2026-09-16T21:53:40Z  OBSERVE  productcatalogservice  rejection=0.0000  low=171 high=0  state=ON
2026-09-16T21:53:40Z  OBSERVE  recommendationservice  rejection=0.0000  low=171 high=0  state=ON
2026-09-16T21:53:40Z  OBSERVE  shippingservice  rejection=0.0000  low=172 high=0  state=ON
2026-09-16T21:53:41Z  OBSERVE  adservice  rejection=0.0000  low=173 high=0  state=ON
2026-09-16T21:53:41Z  OBSERVE  cartservice  rejection=0.0000  low=173 high=0  state=ON
2026-09-16T21:53:41Z  OBSERVE  checkoutservice  rejection=0.0000  low=173 high=0  state=ON
2026-09-16T21:53:41Z  OBSERVE  currencyservice  rejection=0.0000  low=173 high=0  state=ON
2026-09-16T21:53:41Z  OBSERVE  emailservice  rejection=0.0000  low=173 high=0  state=ON
2026-09-16T21:53:41Z  OBSERVE  paymentservice  rejection=0.0000  low=172 high=0  state=ON
2026-09-16T21:53:41Z  OBSERVE  productcatalogservice  rejection=0.0000  low=172 high=0  state=ON
2026-09-16T21:53:41Z  OBSERVE  recommendationservice  rejection=0.0000  low=172 high=0  state=ON
2026-09-16T21:53:41Z  OBSERVE  shippingservice  rejection=0.0000  low=173 high=0  state=ON
2026-09-16T21:53:42Z  OBSERVE  adservice  rejection=0.0000  low=174 high=0  state=ON
2026-09-16T21:53:42Z  OBSERVE  cartservice  rejection=0.0000  low=174 high=0  state=ON
2026-09-16T21:53:42Z  OBSERVE  checkoutservice  rejection=0.0000  low=174 high=0  state=ON
2026-09-16T21:53:42Z  OBSERVE  currencyservice  rejection=0.0000  low=174 high=0  state=ON
2026-09-16T21:53:42Z  OBSERVE  emailservice  rejection=0.0000  low=174 high=0  state=ON
2026-09-16T21:53:42Z  OBSERVE  paymentservice  rejection=0.0000  low=173 high=0  state=ON
2026-09-16T21:53:42Z  OBSERVE  productcatalogservice  rejection=0.0000  low=173 high=0  state=ON
2026-09-16T21:53:42Z  OBSERVE  recommendationservice  rejection=0.0000  low=173 high=0  state=ON
2026-09-16T21:53:42Z  OBSERVE  shippingservice  rejection=0.0000  low=174 high=0  state=ON
2026-09-16T21:53:43Z  OBSERVE  adservice  rejection=0.0000  low=175 high=0  state=ON
2026-09-16T21:53:43Z  OBSERVE  cartservice  rejection=0.0000  low=175 high=0  state=ON
2026-09-16T21:53:43Z  OBSERVE  checkoutservice  rejection=0.0000  low=175 high=0  state=ON
2026-09-16T21:53:43Z  OBSERVE  currencyservice  rejection=0.0000  low=175 high=0  state=ON
2026-09-16T21:53:43Z  OBSERVE  emailservice  rejection=0.0000  low=175 high=0  state=ON
2026-09-16T21:53:43Z  OBSERVE  paymentservice  rejection=0.0000  low=174 high=0  state=ON
2026-09-16T21:53:43Z  OBSERVE  productcatalogservice  rejection=0.0000  low=174 high=0  state=ON
2026-09-16T21:53:43Z  OBSERVE  recommendationservice  rejection=0.0000  low=174 high=0  state=ON
2026-09-16T21:53:43Z  OBSERVE  shippingservice  rejection=0.0000  low=175 high=0  state=ON
2026-09-16T21:53:44Z  OBSERVE  adservice  rejection=0.0000  low=176 high=0  state=ON
2026-09-16T21:53:44Z  OBSERVE  cartservice  rejection=0.0000  low=176 high=0  state=ON
2026-09-16T21:53:44Z  OBSERVE  checkoutservice  rejection=0.0000  low=176 high=0  state=ON
2026-09-16T21:53:44Z  OBSERVE  currencyservice  rejection=0.0000  low=176 high=0  state=ON
2026-09-16T21:53:44Z  OBSERVE  emailservice  rejection=0.0000  low=176 high=0  state=ON
2026-09-16T21:53:44Z  OBSERVE  paymentservice  rejection=0.0000  low=175 high=0  state=ON
2026-09-16T21:53:44Z  OBSERVE  productcatalogservice  rejection=0.0000  low=175 high=0  state=ON
2026-09-16T21:53:44Z  OBSERVE  recommendationservice  rejection=0.0000  low=175 high=0  state=ON
2026-09-16T21:53:44Z  OBSERVE  shippingservice  rejection=0.0000  low=176 high=0  state=ON
2026-09-16T21:53:45Z  OBSERVE  adservice  rejection=0.0000  low=177 high=0  state=ON
2026-09-16T21:53:45Z  OBSERVE  cartservice  rejection=0.0000  low=177 high=0  state=ON
2026-09-16T21:53:45Z  OBSERVE  checkoutservice  rejection=0.0000  low=177 high=0  state=ON
2026-09-16T21:53:45Z  OBSERVE  currencyservice  rejection=0.0000  low=177 high=0  state=ON
2026-09-16T21:53:45Z  OBSERVE  emailservice  rejection=0.0000  low=177 high=0  state=ON
2026-09-16T21:53:45Z  OBSERVE  paymentservice  rejection=0.0000  low=176 high=0  state=ON
2026-09-16T21:53:45Z  OBSERVE  productcatalogservice  rejection=0.0000  low=176 high=0  state=ON
2026-09-16T21:53:45Z  OBSERVE  recommendationservice  rejection=0.0000  low=176 high=0  state=ON
2026-09-16T21:53:45Z  OBSERVE  shippingservice  rejection=0.0000  low=177 high=0  state=ON
2026-09-16T21:53:46Z  OBSERVE  adservice  rejection=0.0000  low=178 high=0  state=ON
2026-09-16T21:53:46Z  OBSERVE  cartservice  rejection=0.0000  low=178 high=0  state=ON
2026-09-16T21:53:46Z  OBSERVE  checkoutservice  rejection=0.0000  low=178 high=0  state=ON
2026-09-16T21:53:46Z  OBSERVE  currencyservice  rejection=0.0000  low=178 high=0  state=ON
2026-09-16T21:53:46Z  OBSERVE  emailservice  rejection=0.0000  low=178 high=0  state=ON
2026-09-16T21:53:46Z  OBSERVE  paymentservice  rejection=0.0000  low=177 high=0  state=ON
2026-09-16T21:53:46Z  OBSERVE  productcatalogservice  rejection=0.0000  low=177 high=0  state=ON
2026-09-16T21:53:46Z  OBSERVE  recommendationservice  rejection=0.0000  low=177 high=0  state=ON
2026-09-16T21:53:46Z  OBSERVE  shippingservice  rejection=0.0000  low=178 high=0  state=ON
2026-09-16T21:53:47Z  OBSERVE  adservice  rejection=0.0000  low=179 high=0  state=ON
2026-09-16T21:53:47Z  OBSERVE  cartservice  rejection=0.0000  low=179 high=0  state=ON
2026-09-16T21:53:47Z  OBSERVE  checkoutservice  rejection=0.0000  low=179 high=0  state=ON
2026-09-16T21:53:47Z  OBSERVE  currencyservice  rejection=0.0000  low=179 high=0  state=ON
2026-09-16T21:53:47Z  OBSERVE  emailservice  rejection=0.0000  low=179 high=0  state=ON
2026-09-16T21:53:47Z  OBSERVE  paymentservice  rejection=0.0000  low=178 high=0  state=ON
2026-09-16T21:53:47Z  OBSERVE  productcatalogservice  rejection=0.0000  low=178 high=0  state=ON
2026-09-16T21:53:47Z  OBSERVE  recommendationservice  rejection=0.0000  low=178 high=0  state=ON
2026-09-16T21:53:47Z  OBSERVE  shippingservice  rejection=0.0000  low=179 high=0  state=ON
2026-09-16T21:53:48Z  OBSERVE  adservice  rejection=0.0000  low=180 high=0  state=ON
2026-09-16T21:53:48Z  OBSERVE  cartservice  rejection=0.0000  low=180 high=0  state=ON
2026-09-16T21:53:48Z  OBSERVE  checkoutservice  rejection=0.0000  low=180 high=0  state=ON
2026-09-16T21:53:48Z  OBSERVE  currencyservice  rejection=0.0000  low=180 high=0  state=ON
2026-09-16T21:53:48Z  OBSERVE  emailservice  rejection=0.0000  low=180 high=0  state=ON
2026-09-16T21:53:48Z  OBSERVE  paymentservice  rejection=0.0000  low=179 high=0  state=ON
2026-09-16T21:53:48Z  OBSERVE  productcatalogservice  rejection=0.0000  low=179 high=0  state=ON
2026-09-16T21:53:48Z  OBSERVE  recommendationservice  rejection=0.0000  low=179 high=0  state=ON
2026-09-16T21:53:48Z  OBSERVE  shippingservice  rejection=0.0000  low=180 high=0  state=ON
2026-09-16T21:53:49Z  OBSERVE  adservice  rejection=0.0000  low=181 high=0  state=ON
2026-09-16T21:53:49Z  OBSERVE  cartservice  rejection=0.0000  low=181 high=0  state=ON
2026-09-16T21:53:49Z  OBSERVE  checkoutservice  rejection=0.0000  low=181 high=0  state=ON
2026-09-16T21:53:49Z  OBSERVE  currencyservice  rejection=0.0000  low=181 high=0  state=ON
2026-09-16T21:53:49Z  OBSERVE  emailservice  rejection=0.0000  low=181 high=0  state=ON
2026-09-16T21:53:49Z  OBSERVE  paymentservice  rejection=0.0000  low=180 high=0  state=ON
2026-09-16T21:53:49Z  OBSERVE  productcatalogservice  rejection=0.0000  low=180 high=0  state=ON
2026-09-16T21:53:49Z  OBSERVE  recommendationservice  rejection=0.0000  low=180 high=0  state=ON
2026-09-16T21:53:49Z  OBSERVE  shippingservice  rejection=0.0000  low=181 high=0  state=ON
2026-09-16T21:53:50Z  OBSERVE  adservice  rejection=0.0000  low=182 high=0  state=ON
2026-09-16T21:53:50Z  OBSERVE  cartservice  rejection=0.0000  low=182 high=0  state=ON
2026-09-16T21:53:50Z  OBSERVE  checkoutservice  rejection=0.0000  low=182 high=0  state=ON
2026-09-16T21:53:50Z  OBSERVE  currencyservice  rejection=0.0000  low=182 high=0  state=ON
2026-09-16T21:53:50Z  OBSERVE  emailservice  rejection=0.0000  low=182 high=0  state=ON
2026-09-16T21:53:50Z  OBSERVE  paymentservice  rejection=0.0000  low=181 high=0  state=ON
2026-09-16T21:53:50Z  OBSERVE  productcatalogservice  rejection=0.0000  low=181 high=0  state=ON
2026-09-16T21:53:50Z  OBSERVE  recommendationservice  rejection=0.0000  low=181 high=0  state=ON
2026-09-16T21:53:50Z  OBSERVE  shippingservice  rejection=0.0000  low=182 high=0  state=ON
2026-09-16T21:53:51Z  OBSERVE  adservice  rejection=0.0000  low=183 high=0  state=ON
2026-09-16T21:53:51Z  OBSERVE  cartservice  rejection=0.0000  low=183 high=0  state=ON
2026-09-16T21:53:51Z  OBSERVE  checkoutservice  rejection=0.0000  low=183 high=0  state=ON
2026-09-16T21:53:51Z  OBSERVE  currencyservice  rejection=0.0000  low=183 high=0  state=ON
2026-09-16T21:53:51Z  OBSERVE  emailservice  rejection=0.0000  low=183 high=0  state=ON
2026-09-16T21:53:51Z  OBSERVE  paymentservice  rejection=0.0000  low=182 high=0  state=ON
2026-09-16T21:53:51Z  OBSERVE  productcatalogservice  rejection=0.0000  low=182 high=0  state=ON
2026-09-16T21:53:51Z  OBSERVE  recommendationservice  rejection=0.0000  low=182 high=0  state=ON
2026-09-16T21:53:51Z  OBSERVE  shippingservice  rejection=0.0000  low=183 high=0  state=ON
2026-09-16T21:53:52Z  OBSERVE  adservice  rejection=0.0000  low=184 high=0  state=ON
2026-09-16T21:53:52Z  OBSERVE  cartservice  rejection=0.0000  low=184 high=0  state=ON
2026-09-16T21:53:52Z  OBSERVE  checkoutservice  rejection=0.0000  low=184 high=0  state=ON
2026-09-16T21:53:52Z  OBSERVE  currencyservice  rejection=0.0000  low=184 high=0  state=ON
2026-09-16T21:53:52Z  OBSERVE  emailservice  rejection=0.0000  low=184 high=0  state=ON
2026-09-16T21:53:52Z  OBSERVE  paymentservice  rejection=0.0000  low=183 high=0  state=ON
2026-09-16T21:53:52Z  OBSERVE  productcatalogservice  rejection=0.0000  low=183 high=0  state=ON
2026-09-16T21:53:52Z  OBSERVE  recommendationservice  rejection=0.0000  low=183 high=0  state=ON
2026-09-16T21:53:52Z  OBSERVE  shippingservice  rejection=0.0000  low=184 high=0  state=ON
2026-09-16T21:53:53Z  OBSERVE  adservice  rejection=0.0000  low=185 high=0  state=ON
2026-09-16T21:53:53Z  OBSERVE  cartservice  rejection=0.0000  low=185 high=0  state=ON
2026-09-16T21:53:53Z  OBSERVE  checkoutservice  rejection=0.0000  low=185 high=0  state=ON
2026-09-16T21:53:53Z  OBSERVE  currencyservice  rejection=0.0000  low=185 high=0  state=ON
2026-09-16T21:53:53Z  OBSERVE  emailservice  rejection=0.0000  low=185 high=0  state=ON
2026-09-16T21:53:53Z  OBSERVE  paymentservice  rejection=0.0000  low=184 high=0  state=ON
2026-09-16T21:53:53Z  OBSERVE  productcatalogservice  rejection=0.0000  low=184 high=0  state=ON
2026-09-16T21:53:53Z  OBSERVE  recommendationservice  rejection=0.0000  low=184 high=0  state=ON
2026-09-16T21:53:53Z  OBSERVE  shippingservice  rejection=0.0000  low=185 high=0  state=ON
2026-09-16T21:53:54Z  OBSERVE  adservice  rejection=0.0000  low=186 high=0  state=ON
2026-09-16T21:53:54Z  OBSERVE  cartservice  rejection=0.0000  low=186 high=0  state=ON
2026-09-16T21:53:54Z  OBSERVE  checkoutservice  rejection=0.0000  low=186 high=0  state=ON
2026-09-16T21:53:54Z  OBSERVE  currencyservice  rejection=0.0000  low=186 high=0  state=ON
2026-09-16T21:53:54Z  OBSERVE  emailservice  rejection=0.0000  low=186 high=0  state=ON
2026-09-16T21:53:54Z  OBSERVE  paymentservice  rejection=0.0000  low=185 high=0  state=ON
2026-09-16T21:53:54Z  OBSERVE  productcatalogservice  rejection=0.0000  low=185 high=0  state=ON
2026-09-16T21:53:54Z  OBSERVE  recommendationservice  rejection=0.0000  low=185 high=0  state=ON
2026-09-16T21:53:54Z  OBSERVE  shippingservice  rejection=0.0000  low=186 high=0  state=ON
2026-09-16T21:53:55Z  OBSERVE  adservice  rejection=0.0000  low=187 high=0  state=ON
2026-09-16T21:53:55Z  OBSERVE  cartservice  rejection=0.0000  low=187 high=0  state=ON
2026-09-16T21:53:55Z  OBSERVE  checkoutservice  rejection=0.0000  low=187 high=0  state=ON
2026-09-16T21:53:55Z  OBSERVE  currencyservice  rejection=0.0000  low=187 high=0  state=ON
2026-09-16T21:53:55Z  OBSERVE  emailservice  rejection=0.0000  low=187 high=0  state=ON
2026-09-16T21:53:55Z  OBSERVE  paymentservice  rejection=0.0000  low=186 high=0  state=ON
2026-09-16T21:53:55Z  OBSERVE  productcatalogservice  rejection=0.0000  low=186 high=0  state=ON
2026-09-16T21:53:55Z  OBSERVE  recommendationservice  rejection=0.0000  low=186 high=0  state=ON
2026-09-16T21:53:55Z  OBSERVE  shippingservice  rejection=0.0000  low=187 high=0  state=ON
2026-09-16T21:53:56Z  OBSERVE  adservice  rejection=0.0000  low=188 high=0  state=ON
2026-09-16T21:53:56Z  OBSERVE  cartservice  rejection=0.0000  low=188 high=0  state=ON
2026-09-16T21:53:56Z  OBSERVE  checkoutservice  rejection=0.0000  low=188 high=0  state=ON
2026-09-16T21:53:56Z  OBSERVE  currencyservice  rejection=0.0000  low=188 high=0  state=ON
2026-09-16T21:53:56Z  OBSERVE  emailservice  rejection=0.0000  low=188 high=0  state=ON
2026-09-16T21:53:56Z  OBSERVE  paymentservice  rejection=0.0000  low=187 high=0  state=ON
2026-09-16T21:53:56Z  OBSERVE  productcatalogservice  rejection=0.0000  low=187 high=0  state=ON
2026-09-16T21:53:56Z  OBSERVE  recommendationservice  rejection=0.0000  low=187 high=0  state=ON
2026-09-16T21:53:56Z  OBSERVE  shippingservice  rejection=0.0000  low=188 high=0  state=ON
2026-09-16T21:53:57Z  OBSERVE  adservice  rejection=0.0000  low=189 high=0  state=ON
2026-09-16T21:53:57Z  OBSERVE  cartservice  rejection=0.0000  low=189 high=0  state=ON
2026-09-16T21:53:57Z  OBSERVE  checkoutservice  rejection=0.0000  low=189 high=0  state=ON
2026-09-16T21:53:57Z  OBSERVE  currencyservice  rejection=0.0000  low=189 high=0  state=ON
2026-09-16T21:53:57Z  OBSERVE  emailservice  rejection=0.0000  low=189 high=0  state=ON
2026-09-16T21:53:57Z  OBSERVE  paymentservice  rejection=0.0000  low=188 high=0  state=ON
2026-09-16T21:53:57Z  OBSERVE  productcatalogservice  rejection=0.0000  low=188 high=0  state=ON
2026-09-16T21:53:57Z  OBSERVE  recommendationservice  rejection=0.0000  low=188 high=0  state=ON
2026-09-16T21:53:57Z  OBSERVE  shippingservice  rejection=0.0000  low=189 high=0  state=ON
2026-09-16T21:53:58Z  OBSERVE  adservice  rejection=0.0000  low=190 high=0  state=ON
2026-09-16T21:53:58Z  OBSERVE  cartservice  rejection=0.0000  low=190 high=0  state=ON
2026-09-16T21:53:58Z  OBSERVE  checkoutservice  rejection=0.0000  low=190 high=0  state=ON
2026-09-16T21:53:58Z  OBSERVE  currencyservice  rejection=0.0000  low=190 high=0  state=ON
2026-09-16T21:53:58Z  OBSERVE  emailservice  rejection=0.0000  low=190 high=0  state=ON
2026-09-16T21:53:58Z  OBSERVE  paymentservice  rejection=0.0000  low=189 high=0  state=ON
2026-09-16T21:53:58Z  OBSERVE  productcatalogservice  rejection=0.0000  low=189 high=0  state=ON
2026-09-16T21:53:58Z  OBSERVE  recommendationservice  rejection=0.0000  low=189 high=0  state=ON
2026-09-16T21:53:58Z  OBSERVE  shippingservice  rejection=0.0000  low=190 high=0  state=ON
2026-09-16T21:53:59Z  OBSERVE  adservice  rejection=0.0000  low=191 high=0  state=ON
2026-09-16T21:53:59Z  OBSERVE  cartservice  rejection=0.0000  low=191 high=0  state=ON
2026-09-16T21:53:59Z  OBSERVE  checkoutservice  rejection=0.0000  low=191 high=0  state=ON
2026-09-16T21:53:59Z  OBSERVE  currencyservice  rejection=0.0000  low=191 high=0  state=ON
2026-09-16T21:53:59Z  OBSERVE  emailservice  rejection=0.0000  low=191 high=0  state=ON
2026-09-16T21:53:59Z  OBSERVE  paymentservice  rejection=0.0000  low=190 high=0  state=ON
2026-09-16T21:53:59Z  OBSERVE  productcatalogservice  rejection=0.0000  low=190 high=0  state=ON
2026-09-16T21:53:59Z  OBSERVE  recommendationservice  rejection=0.0000  low=190 high=0  state=ON
2026-09-16T21:53:59Z  OBSERVE  shippingservice  rejection=0.0000  low=191 high=0  state=ON
2026-09-16T21:54:00Z  OBSERVE  adservice  rejection=0.0000  low=192 high=0  state=ON
2026-09-16T21:54:00Z  OBSERVE  cartservice  rejection=0.0000  low=192 high=0  state=ON
2026-09-16T21:54:00Z  OBSERVE  checkoutservice  rejection=0.0000  low=192 high=0  state=ON
2026-09-16T21:54:00Z  OBSERVE  currencyservice  rejection=0.0000  low=192 high=0  state=ON
2026-09-16T21:54:00Z  OBSERVE  emailservice  rejection=0.0000  low=192 high=0  state=ON
2026-09-16T21:54:00Z  OBSERVE  paymentservice  rejection=0.0000  low=191 high=0  state=ON
2026-09-16T21:54:00Z  OBSERVE  productcatalogservice  rejection=0.0000  low=191 high=0  state=ON
2026-09-16T21:54:00Z  OBSERVE  recommendationservice  rejection=0.0000  low=191 high=0  state=ON
2026-09-16T21:54:00Z  OBSERVE  shippingservice  rejection=0.0000  low=192 high=0  state=ON
2026-09-16T21:54:01Z  OBSERVE  adservice  rejection=0.0000  low=193 high=0  state=ON
2026-09-16T21:54:01Z  OBSERVE  cartservice  rejection=0.0000  low=193 high=0  state=ON
2026-09-16T21:54:01Z  OBSERVE  checkoutservice  rejection=0.0000  low=193 high=0  state=ON
2026-09-16T21:54:01Z  OBSERVE  currencyservice  rejection=0.0000  low=193 high=0  state=ON
2026-09-16T21:54:01Z  OBSERVE  emailservice  rejection=0.0000  low=193 high=0  state=ON
2026-09-16T21:54:01Z  OBSERVE  paymentservice  rejection=0.0000  low=192 high=0  state=ON
2026-09-16T21:54:01Z  OBSERVE  productcatalogservice  rejection=0.0000  low=192 high=0  state=ON
2026-09-16T21:54:01Z  OBSERVE  recommendationservice  rejection=0.0000  low=192 high=0  state=ON
2026-09-16T21:54:01Z  OBSERVE  shippingservice  rejection=0.0000  low=193 high=0  state=ON
2026-09-16T21:54:02Z  OBSERVE  adservice  rejection=0.0000  low=194 high=0  state=ON
2026-09-16T21:54:02Z  OBSERVE  cartservice  rejection=0.0000  low=194 high=0  state=ON
2026-09-16T21:54:02Z  OBSERVE  checkoutservice  rejection=0.0000  low=194 high=0  state=ON
2026-09-16T21:54:02Z  OBSERVE  currencyservice  rejection=0.0000  low=194 high=0  state=ON
2026-09-16T21:54:02Z  OBSERVE  emailservice  rejection=0.0000  low=194 high=0  state=ON
2026-09-16T21:54:02Z  OBSERVE  paymentservice  rejection=0.0000  low=193 high=0  state=ON
2026-09-16T21:54:02Z  OBSERVE  productcatalogservice  rejection=0.0000  low=193 high=0  state=ON
2026-09-16T21:54:02Z  OBSERVE  recommendationservice  rejection=0.0000  low=193 high=0  state=ON
2026-09-16T21:54:02Z  OBSERVE  shippingservice  rejection=0.0000  low=194 high=0  state=ON
2026-09-16T21:54:03Z  OBSERVE  adservice  rejection=0.0000  low=195 high=0  state=ON
2026-09-16T21:54:03Z  OBSERVE  cartservice  rejection=0.0000  low=195 high=0  state=ON
2026-09-16T21:54:03Z  OBSERVE  checkoutservice  rejection=0.0000  low=195 high=0  state=ON
2026-09-16T21:54:03Z  OBSERVE  currencyservice  rejection=0.0000  low=195 high=0  state=ON
2026-09-16T21:54:03Z  OBSERVE  emailservice  rejection=0.0000  low=195 high=0  state=ON
2026-09-16T21:54:03Z  OBSERVE  paymentservice  rejection=0.0000  low=194 high=0  state=ON
2026-09-16T21:54:03Z  OBSERVE  productcatalogservice  rejection=0.0000  low=194 high=0  state=ON
2026-09-16T21:54:03Z  OBSERVE  recommendationservice  rejection=0.0000  low=194 high=0  state=ON
2026-09-16T21:54:03Z  OBSERVE  shippingservice  rejection=0.0000  low=195 high=0  state=ON
2026-09-16T21:54:04Z  OBSERVE  adservice  rejection=0.0000  low=196 high=0  state=ON
2026-09-16T21:54:04Z  OBSERVE  cartservice  rejection=0.0000  low=196 high=0  state=ON
2026-09-16T21:54:04Z  OBSERVE  checkoutservice  rejection=0.0000  low=196 high=0  state=ON
2026-09-16T21:54:04Z  OBSERVE  currencyservice  rejection=0.0000  low=196 high=0  state=ON
2026-09-16T21:54:04Z  OBSERVE  emailservice  rejection=0.0000  low=196 high=0  state=ON
2026-09-16T21:54:04Z  OBSERVE  paymentservice  rejection=0.0000  low=195 high=0  state=ON
2026-09-16T21:54:04Z  OBSERVE  productcatalogservice  rejection=0.0000  low=195 high=0  state=ON
2026-09-16T21:54:04Z  OBSERVE  recommendationservice  rejection=0.0000  low=195 high=0  state=ON
2026-09-16T21:54:04Z  OBSERVE  shippingservice  rejection=0.0000  low=196 high=0  state=ON
2026-09-16T21:54:05Z  OBSERVE  adservice  rejection=0.0000  low=197 high=0  state=ON
2026-09-16T21:54:05Z  OBSERVE  cartservice  rejection=0.0000  low=197 high=0  state=ON
2026-09-16T21:54:05Z  OBSERVE  checkoutservice  rejection=0.0000  low=197 high=0  state=ON
2026-09-16T21:54:05Z  OBSERVE  currencyservice  rejection=0.0000  low=197 high=0  state=ON
2026-09-16T21:54:05Z  OBSERVE  emailservice  rejection=0.0000  low=197 high=0  state=ON
2026-09-16T21:54:05Z  OBSERVE  paymentservice  rejection=0.0000  low=196 high=0  state=ON
2026-09-16T21:54:05Z  OBSERVE  productcatalogservice  rejection=0.0000  low=196 high=0  state=ON
2026-09-16T21:54:05Z  OBSERVE  recommendationservice  rejection=0.0000  low=196 high=0  state=ON
2026-09-16T21:54:05Z  OBSERVE  shippingservice  rejection=0.0000  low=197 high=0  state=ON
2026-09-16T21:54:06Z  OBSERVE  adservice  rejection=0.0000  low=198 high=0  state=ON
2026-09-16T21:54:06Z  OBSERVE  cartservice  rejection=0.0000  low=198 high=0  state=ON
2026-09-16T21:54:06Z  OBSERVE  checkoutservice  rejection=0.0000  low=198 high=0  state=ON
2026-09-16T21:54:06Z  OBSERVE  currencyservice  rejection=0.0000  low=198 high=0  state=ON
2026-09-16T21:54:06Z  OBSERVE  emailservice  rejection=0.0000  low=198 high=0  state=ON
2026-09-16T21:54:06Z  OBSERVE  paymentservice  rejection=0.0000  low=197 high=0  state=ON
2026-09-16T21:54:06Z  OBSERVE  productcatalogservice  rejection=0.0000  low=197 high=0  state=ON
2026-09-16T21:54:06Z  OBSERVE  recommendationservice  rejection=0.0000  low=197 high=0  state=ON
2026-09-16T21:54:06Z  OBSERVE  shippingservice  rejection=0.0000  low=198 high=0  state=ON
2026-09-16T21:54:07Z  OBSERVE  adservice  rejection=0.0000  low=199 high=0  state=ON
2026-09-16T21:54:07Z  OBSERVE  cartservice  rejection=0.0000  low=199 high=0  state=ON
2026-09-16T21:54:07Z  OBSERVE  checkoutservice  rejection=0.0000  low=199 high=0  state=ON
2026-09-16T21:54:07Z  OBSERVE  currencyservice  rejection=0.0000  low=199 high=0  state=ON
2026-09-16T21:54:07Z  OBSERVE  emailservice  rejection=0.0000  low=199 high=0  state=ON
2026-09-16T21:54:07Z  OBSERVE  paymentservice  rejection=0.0000  low=198 high=0  state=ON
2026-09-16T21:54:07Z  OBSERVE  productcatalogservice  rejection=0.0000  low=198 high=0  state=ON
2026-09-16T21:54:07Z  OBSERVE  recommendationservice  rejection=0.0000  low=198 high=0  state=ON
2026-09-16T21:54:07Z  OBSERVE  shippingservice  rejection=0.0000  low=199 high=0  state=ON
2026-09-16T21:54:08Z  OBSERVE  adservice  rejection=0.0000  low=200 high=0  state=ON
2026-09-16T21:54:08Z  OBSERVE  cartservice  rejection=0.0000  low=200 high=0  state=ON
2026-09-16T21:54:08Z  OBSERVE  checkoutservice  rejection=0.0000  low=200 high=0  state=ON
2026-09-16T21:54:08Z  OBSERVE  currencyservice  rejection=0.0000  low=200 high=0  state=ON
2026-09-16T21:54:08Z  OBSERVE  emailservice  rejection=0.0000  low=200 high=0  state=ON
2026-09-16T21:54:08Z  OBSERVE  paymentservice  rejection=0.0000  low=199 high=0  state=ON
2026-09-16T21:54:08Z  OBSERVE  productcatalogservice  rejection=0.0000  low=199 high=0  state=ON
2026-09-16T21:54:08Z  OBSERVE  recommendationservice  rejection=0.0000  low=199 high=0  state=ON
2026-09-16T21:54:08Z  OBSERVE  shippingservice  rejection=0.0000  low=200 high=0  state=ON
2026-09-16T21:54:09Z  OBSERVE  adservice  rejection=0.0000  low=201 high=0  state=ON
2026-09-16T21:54:09Z  OBSERVE  cartservice  rejection=0.0000  low=201 high=0  state=ON
2026-09-16T21:54:09Z  OBSERVE  checkoutservice  rejection=0.0000  low=201 high=0  state=ON
2026-09-16T21:54:09Z  OBSERVE  currencyservice  rejection=0.0000  low=201 high=0  state=ON
2026-09-16T21:54:09Z  OBSERVE  emailservice  rejection=0.0000  low=201 high=0  state=ON
2026-09-16T21:54:09Z  OBSERVE  paymentservice  rejection=0.0000  low=200 high=0  state=ON
2026-09-16T21:54:09Z  OBSERVE  productcatalogservice  rejection=0.0000  low=200 high=0  state=ON
2026-09-16T21:54:09Z  OBSERVE  recommendationservice  rejection=0.0000  low=200 high=0  state=ON
2026-09-16T21:54:09Z  OBSERVE  shippingservice  rejection=0.0000  low=201 high=0  state=ON
2026-09-16T21:54:10Z  OBSERVE  adservice  rejection=0.0000  low=202 high=0  state=ON
2026-09-16T21:54:10Z  OBSERVE  cartservice  rejection=0.0000  low=202 high=0  state=ON
2026-09-16T21:54:10Z  OBSERVE  checkoutservice  rejection=0.0000  low=202 high=0  state=ON
2026-09-16T21:54:10Z  OBSERVE  currencyservice  rejection=0.0000  low=202 high=0  state=ON
2026-09-16T21:54:10Z  OBSERVE  emailservice  rejection=0.0000  low=202 high=0  state=ON
2026-09-16T21:54:10Z  OBSERVE  paymentservice  rejection=0.0000  low=201 high=0  state=ON
2026-09-16T21:54:10Z  OBSERVE  productcatalogservice  rejection=0.0000  low=201 high=0  state=ON
2026-09-16T21:54:10Z  OBSERVE  recommendationservice  rejection=0.0000  low=201 high=0  state=ON
2026-09-16T21:54:10Z  OBSERVE  shippingservice  rejection=0.0000  low=202 high=0  state=ON
2026-09-16T21:54:11Z  OBSERVE  adservice  rejection=0.0000  low=203 high=0  state=ON
2026-09-16T21:54:11Z  OBSERVE  cartservice  rejection=0.0000  low=203 high=0  state=ON
2026-09-16T21:54:11Z  OBSERVE  checkoutservice  rejection=0.0000  low=203 high=0  state=ON
2026-09-16T21:54:11Z  OBSERVE  currencyservice  rejection=0.0000  low=203 high=0  state=ON
2026-09-16T21:54:11Z  OBSERVE  emailservice  rejection=0.0000  low=203 high=0  state=ON
2026-09-16T21:54:11Z  OBSERVE  paymentservice  rejection=0.0000  low=202 high=0  state=ON
2026-09-16T21:54:11Z  OBSERVE  productcatalogservice  rejection=0.0000  low=202 high=0  state=ON
2026-09-16T21:54:11Z  OBSERVE  recommendationservice  rejection=0.0000  low=202 high=0  state=ON
2026-09-16T21:54:11Z  OBSERVE  shippingservice  rejection=0.0000  low=203 high=0  state=ON
2026-09-16T21:54:12Z  OBSERVE  adservice  rejection=0.0000  low=204 high=0  state=ON
2026-09-16T21:54:12Z  OBSERVE  cartservice  rejection=0.0000  low=204 high=0  state=ON
2026-09-16T21:54:12Z  OBSERVE  checkoutservice  rejection=0.0000  low=204 high=0  state=ON
2026-09-16T21:54:12Z  OBSERVE  currencyservice  rejection=0.0000  low=204 high=0  state=ON
2026-09-16T21:54:12Z  OBSERVE  emailservice  rejection=0.0000  low=204 high=0  state=ON
2026-09-16T21:54:12Z  OBSERVE  paymentservice  rejection=0.0000  low=203 high=0  state=ON
2026-09-16T21:54:12Z  OBSERVE  productcatalogservice  rejection=0.0000  low=203 high=0  state=ON
2026-09-16T21:54:12Z  OBSERVE  recommendationservice  rejection=0.0000  low=203 high=0  state=ON
2026-09-16T21:54:12Z  OBSERVE  shippingservice  rejection=0.0000  low=204 high=0  state=ON
2026-09-16T21:54:13Z  OBSERVE  adservice  rejection=0.0000  low=205 high=0  state=ON
2026-09-16T21:54:13Z  OBSERVE  cartservice  rejection=0.0000  low=205 high=0  state=ON
2026-09-16T21:54:13Z  OBSERVE  checkoutservice  rejection=0.0000  low=205 high=0  state=ON
2026-09-16T21:54:13Z  OBSERVE  currencyservice  rejection=0.0000  low=205 high=0  state=ON
2026-09-16T21:54:13Z  OBSERVE  emailservice  rejection=0.0000  low=205 high=0  state=ON
2026-09-16T21:54:13Z  OBSERVE  paymentservice  rejection=0.0000  low=204 high=0  state=ON
2026-09-16T21:54:13Z  OBSERVE  productcatalogservice  rejection=0.0000  low=204 high=0  state=ON
2026-09-16T21:54:13Z  OBSERVE  recommendationservice  rejection=0.0000  low=204 high=0  state=ON
2026-09-16T21:54:13Z  OBSERVE  shippingservice  rejection=0.0000  low=205 high=0  state=ON
2026-09-16T21:54:14Z  OBSERVE  adservice  rejection=0.0000  low=206 high=0  state=ON
2026-09-16T21:54:14Z  OBSERVE  cartservice  rejection=0.0000  low=206 high=0  state=ON
2026-09-16T21:54:14Z  OBSERVE  checkoutservice  rejection=0.0000  low=206 high=0  state=ON
2026-09-16T21:54:14Z  OBSERVE  currencyservice  rejection=0.0000  low=206 high=0  state=ON
2026-09-16T21:54:14Z  OBSERVE  emailservice  rejection=0.0000  low=206 high=0  state=ON
2026-09-16T21:54:14Z  OBSERVE  paymentservice  rejection=0.0000  low=205 high=0  state=ON
2026-09-16T21:54:14Z  OBSERVE  productcatalogservice  rejection=0.0000  low=205 high=0  state=ON
2026-09-16T21:54:14Z  OBSERVE  recommendationservice  rejection=0.0000  low=205 high=0  state=ON
2026-09-16T21:54:14Z  OBSERVE  shippingservice  rejection=0.0000  low=206 high=0  state=ON
2026-09-16T21:54:15Z  OBSERVE  adservice  rejection=0.0000  low=207 high=0  state=ON
2026-09-16T21:54:15Z  OBSERVE  cartservice  rejection=0.0000  low=207 high=0  state=ON
2026-09-16T21:54:15Z  OBSERVE  checkoutservice  rejection=0.0000  low=207 high=0  state=ON
2026-09-16T21:54:15Z  OBSERVE  currencyservice  rejection=0.0000  low=207 high=0  state=ON
2026-09-16T21:54:15Z  OBSERVE  emailservice  rejection=0.0000  low=207 high=0  state=ON
2026-09-16T21:54:15Z  OBSERVE  paymentservice  rejection=0.0000  low=206 high=0  state=ON
2026-09-16T21:54:15Z  OBSERVE  productcatalogservice  rejection=0.0000  low=206 high=0  state=ON
2026-09-16T21:54:15Z  OBSERVE  recommendationservice  rejection=0.0000  low=206 high=0  state=ON
2026-09-16T21:54:15Z  OBSERVE  shippingservice  rejection=0.0000  low=207 high=0  state=ON
2026-09-16T21:54:16Z  OBSERVE  adservice  rejection=0.0000  low=208 high=0  state=ON
2026-09-16T21:54:16Z  OBSERVE  cartservice  rejection=0.0000  low=208 high=0  state=ON
2026-09-16T21:54:16Z  OBSERVE  checkoutservice  rejection=0.0000  low=208 high=0  state=ON
2026-09-16T21:54:16Z  OBSERVE  currencyservice  rejection=0.0000  low=208 high=0  state=ON
2026-09-16T21:54:16Z  OBSERVE  emailservice  rejection=0.0000  low=208 high=0  state=ON
2026-09-16T21:54:16Z  OBSERVE  paymentservice  rejection=0.0000  low=207 high=0  state=ON
2026-09-16T21:54:16Z  OBSERVE  productcatalogservice  rejection=0.0000  low=207 high=0  state=ON
2026-09-16T21:54:16Z  OBSERVE  recommendationservice  rejection=0.0000  low=207 high=0  state=ON
2026-09-16T21:54:16Z  OBSERVE  shippingservice  rejection=0.0000  low=208 high=0  state=ON
2026-09-16T21:54:17Z  OBSERVE  adservice  rejection=0.0000  low=209 high=0  state=ON
2026-09-16T21:54:17Z  OBSERVE  cartservice  rejection=0.0000  low=209 high=0  state=ON
2026-09-16T21:54:17Z  OBSERVE  checkoutservice  rejection=0.0000  low=209 high=0  state=ON
2026-09-16T21:54:17Z  OBSERVE  currencyservice  rejection=0.0000  low=209 high=0  state=ON
2026-09-16T21:54:17Z  OBSERVE  emailservice  rejection=0.0000  low=209 high=0  state=ON
2026-09-16T21:54:17Z  OBSERVE  paymentservice  rejection=0.0000  low=208 high=0  state=ON
2026-09-16T21:54:17Z  OBSERVE  productcatalogservice  rejection=0.0000  low=208 high=0  state=ON
2026-09-16T21:54:17Z  OBSERVE  recommendationservice  rejection=0.0000  low=208 high=0  state=ON
2026-09-16T21:54:17Z  OBSERVE  shippingservice  rejection=0.0000  low=209 high=0  state=ON
2026-09-16T21:54:18Z  OBSERVE  adservice  rejection=0.0000  low=210 high=0  state=ON
2026-09-16T21:54:18Z  OBSERVE  cartservice  rejection=0.0000  low=210 high=0  state=ON
2026-09-16T21:54:18Z  OBSERVE  checkoutservice  rejection=0.0000  low=210 high=0  state=ON
2026-09-16T21:54:18Z  OBSERVE  currencyservice  rejection=0.0000  low=210 high=0  state=ON
2026-09-16T21:54:18Z  OBSERVE  emailservice  rejection=0.0000  low=210 high=0  state=ON
2026-09-16T21:54:18Z  OBSERVE  paymentservice  rejection=0.0000  low=209 high=0  state=ON
2026-09-16T21:54:18Z  OBSERVE  productcatalogservice  rejection=0.0000  low=209 high=0  state=ON
2026-09-16T21:54:18Z  OBSERVE  recommendationservice  rejection=0.0000  low=209 high=0  state=ON
2026-09-16T21:54:18Z  OBSERVE  shippingservice  rejection=0.0000  low=210 high=0  state=ON
2026-09-16T21:54:19Z  OBSERVE  adservice  rejection=0.0000  low=211 high=0  state=ON
2026-09-16T21:54:19Z  OBSERVE  cartservice  rejection=0.0000  low=211 high=0  state=ON
2026-09-16T21:54:19Z  OBSERVE  checkoutservice  rejection=0.0000  low=211 high=0  state=ON
2026-09-16T21:54:19Z  OBSERVE  currencyservice  rejection=0.0000  low=211 high=0  state=ON
2026-09-16T21:54:19Z  OBSERVE  emailservice  rejection=0.0000  low=211 high=0  state=ON
2026-09-16T21:54:19Z  OBSERVE  paymentservice  rejection=0.0000  low=210 high=0  state=ON
2026-09-16T21:54:19Z  OBSERVE  productcatalogservice  rejection=0.0000  low=210 high=0  state=ON
2026-09-16T21:54:19Z  OBSERVE  recommendationservice  rejection=0.0000  low=210 high=0  state=ON
2026-09-16T21:54:19Z  OBSERVE  shippingservice  rejection=0.0000  low=211 high=0  state=ON
2026-09-16T21:54:20Z  OBSERVE  adservice  rejection=0.0000  low=212 high=0  state=ON
2026-09-16T21:54:20Z  OBSERVE  cartservice  rejection=0.0000  low=212 high=0  state=ON
2026-09-16T21:54:20Z  OBSERVE  checkoutservice  rejection=0.0000  low=212 high=0  state=ON
2026-09-16T21:54:20Z  OBSERVE  currencyservice  rejection=0.0000  low=212 high=0  state=ON
2026-09-16T21:54:20Z  OBSERVE  emailservice  rejection=0.0000  low=212 high=0  state=ON
2026-09-16T21:54:20Z  OBSERVE  paymentservice  rejection=0.0000  low=211 high=0  state=ON
2026-09-16T21:54:20Z  OBSERVE  productcatalogservice  rejection=0.0000  low=211 high=0  state=ON
2026-09-16T21:54:20Z  OBSERVE  recommendationservice  rejection=0.0000  low=211 high=0  state=ON
2026-09-16T21:54:20Z  OBSERVE  shippingservice  rejection=0.0000  low=212 high=0  state=ON
2026-09-16T21:54:21Z  OBSERVE  adservice  rejection=0.0000  low=213 high=0  state=ON
2026-09-16T21:54:21Z  OBSERVE  cartservice  rejection=0.0000  low=213 high=0  state=ON
2026-09-16T21:54:21Z  OBSERVE  checkoutservice  rejection=0.0000  low=213 high=0  state=ON
2026-09-16T21:54:21Z  OBSERVE  currencyservice  rejection=0.0000  low=213 high=0  state=ON
2026-09-16T21:54:21Z  OBSERVE  emailservice  rejection=0.0000  low=213 high=0  state=ON
2026-09-16T21:54:21Z  OBSERVE  paymentservice  rejection=0.0000  low=212 high=0  state=ON
2026-09-16T21:54:21Z  OBSERVE  productcatalogservice  rejection=0.0000  low=212 high=0  state=ON
2026-09-16T21:54:21Z  OBSERVE  recommendationservice  rejection=0.0000  low=212 high=0  state=ON
2026-09-16T21:54:21Z  OBSERVE  shippingservice  rejection=0.0000  low=213 high=0  state=ON
2026-09-16T21:54:22Z  OBSERVE  adservice  rejection=0.0000  low=214 high=0  state=ON
2026-09-16T21:54:22Z  OBSERVE  cartservice  rejection=0.0000  low=214 high=0  state=ON
2026-09-16T21:54:22Z  OBSERVE  checkoutservice  rejection=0.0000  low=214 high=0  state=ON
2026-09-16T21:54:22Z  OBSERVE  currencyservice  rejection=0.0000  low=214 high=0  state=ON
2026-09-16T21:54:22Z  OBSERVE  emailservice  rejection=0.0000  low=214 high=0  state=ON
2026-09-16T21:54:22Z  OBSERVE  paymentservice  rejection=0.0000  low=213 high=0  state=ON
2026-09-16T21:54:22Z  OBSERVE  productcatalogservice  rejection=0.0000  low=213 high=0  state=ON
2026-09-16T21:54:22Z  OBSERVE  recommendationservice  rejection=0.0000  low=213 high=0  state=ON
2026-09-16T21:54:22Z  OBSERVE  shippingservice  rejection=0.0000  low=214 high=0  state=ON
2026-09-16T21:54:23Z  OBSERVE  adservice  rejection=0.0000  low=215 high=0  state=ON
2026-09-16T21:54:23Z  OBSERVE  cartservice  rejection=0.0000  low=215 high=0  state=ON
2026-09-16T21:54:23Z  OBSERVE  checkoutservice  rejection=0.0000  low=215 high=0  state=ON
2026-09-16T21:54:23Z  OBSERVE  currencyservice  rejection=0.0000  low=215 high=0  state=ON
2026-09-16T21:54:23Z  OBSERVE  emailservice  rejection=0.0000  low=215 high=0  state=ON
2026-09-16T21:54:23Z  OBSERVE  paymentservice  rejection=0.0000  low=214 high=0  state=ON
2026-09-16T21:54:23Z  OBSERVE  productcatalogservice  rejection=0.0000  low=214 high=0  state=ON
2026-09-16T21:54:23Z  OBSERVE  recommendationservice  rejection=0.0000  low=214 high=0  state=ON
2026-09-16T21:54:23Z  OBSERVE  shippingservice  rejection=0.0000  low=215 high=0  state=ON
2026-09-16T21:54:24Z  OBSERVE  adservice  rejection=0.0000  low=216 high=0  state=ON
2026-09-16T21:54:24Z  OBSERVE  cartservice  rejection=0.0000  low=216 high=0  state=ON
2026-09-16T21:54:24Z  OBSERVE  checkoutservice  rejection=0.0000  low=216 high=0  state=ON
2026-09-16T21:54:24Z  OBSERVE  currencyservice  rejection=0.0000  low=216 high=0  state=ON
2026-09-16T21:54:24Z  OBSERVE  emailservice  rejection=0.0000  low=216 high=0  state=ON
2026-09-16T21:54:24Z  OBSERVE  paymentservice  rejection=0.0000  low=215 high=0  state=ON
2026-09-16T21:54:24Z  OBSERVE  productcatalogservice  rejection=0.0000  low=215 high=0  state=ON
2026-09-16T21:54:24Z  OBSERVE  recommendationservice  rejection=0.0000  low=215 high=0  state=ON
2026-09-16T21:54:24Z  OBSERVE  shippingservice  rejection=0.0000  low=216 high=0  state=ON
2026-09-16T21:54:25Z  OBSERVE  adservice  rejection=0.0000  low=217 high=0  state=ON
2026-09-16T21:54:25Z  OBSERVE  cartservice  rejection=0.0000  low=217 high=0  state=ON
2026-09-16T21:54:25Z  OBSERVE  checkoutservice  rejection=0.0000  low=217 high=0  state=ON
2026-09-16T21:54:25Z  OBSERVE  currencyservice  rejection=0.0000  low=217 high=0  state=ON
2026-09-16T21:54:25Z  OBSERVE  emailservice  rejection=0.0000  low=217 high=0  state=ON
2026-09-16T21:54:25Z  OBSERVE  paymentservice  rejection=0.0000  low=216 high=0  state=ON
2026-09-16T21:54:25Z  OBSERVE  productcatalogservice  rejection=0.0000  low=216 high=0  state=ON
2026-09-16T21:54:25Z  OBSERVE  recommendationservice  rejection=0.0000  low=216 high=0  state=ON
2026-09-16T21:54:25Z  OBSERVE  shippingservice  rejection=0.0000  low=217 high=0  state=ON
2026-09-16T21:54:26Z  OBSERVE  adservice  rejection=0.0000  low=218 high=0  state=ON
2026-09-16T21:54:26Z  OBSERVE  cartservice  rejection=0.0000  low=218 high=0  state=ON
2026-09-16T21:54:26Z  OBSERVE  checkoutservice  rejection=0.0000  low=218 high=0  state=ON
2026-09-16T21:54:26Z  OBSERVE  currencyservice  rejection=0.0000  low=218 high=0  state=ON
2026-09-16T21:54:26Z  OBSERVE  emailservice  rejection=0.0000  low=218 high=0  state=ON
2026-09-16T21:54:26Z  OBSERVE  paymentservice  rejection=0.0000  low=217 high=0  state=ON
2026-09-16T21:54:26Z  OBSERVE  productcatalogservice  rejection=0.0000  low=217 high=0  state=ON
2026-09-16T21:54:26Z  OBSERVE  recommendationservice  rejection=0.0000  low=217 high=0  state=ON
2026-09-16T21:54:26Z  OBSERVE  shippingservice  rejection=0.0000  low=218 high=0  state=ON
2026-09-16T21:54:27Z  OBSERVE  adservice  rejection=0.0000  low=219 high=0  state=ON
2026-09-16T21:54:27Z  OBSERVE  cartservice  rejection=0.0000  low=219 high=0  state=ON
2026-09-16T21:54:27Z  OBSERVE  checkoutservice  rejection=0.0000  low=219 high=0  state=ON
2026-09-16T21:54:27Z  OBSERVE  currencyservice  rejection=0.0000  low=219 high=0  state=ON
2026-09-16T21:54:27Z  OBSERVE  emailservice  rejection=0.0000  low=219 high=0  state=ON
2026-09-16T21:54:27Z  OBSERVE  paymentservice  rejection=0.0000  low=218 high=0  state=ON
2026-09-16T21:54:27Z  OBSERVE  productcatalogservice  rejection=0.0000  low=218 high=0  state=ON
2026-09-16T21:54:27Z  OBSERVE  recommendationservice  rejection=0.0000  low=218 high=0  state=ON
2026-09-16T21:54:27Z  OBSERVE  shippingservice  rejection=0.0000  low=219 high=0  state=ON
2026-09-16T21:54:28Z  OBSERVE  adservice  rejection=0.0000  low=220 high=0  state=ON
2026-09-16T21:54:28Z  OBSERVE  cartservice  rejection=0.0000  low=220 high=0  state=ON
2026-09-16T21:54:28Z  OBSERVE  checkoutservice  rejection=0.0000  low=220 high=0  state=ON
2026-09-16T21:54:28Z  OBSERVE  currencyservice  rejection=0.0000  low=220 high=0  state=ON
2026-09-16T21:54:28Z  OBSERVE  emailservice  rejection=0.0000  low=220 high=0  state=ON
2026-09-16T21:54:28Z  OBSERVE  paymentservice  rejection=0.0000  low=219 high=0  state=ON
2026-09-16T21:54:28Z  OBSERVE  productcatalogservice  rejection=0.0000  low=219 high=0  state=ON
2026-09-16T21:54:28Z  OBSERVE  recommendationservice  rejection=0.0000  low=219 high=0  state=ON
2026-09-16T21:54:28Z  OBSERVE  shippingservice  rejection=0.0000  low=220 high=0  state=ON
2026-09-16T21:54:29Z  OBSERVE  adservice  rejection=0.0000  low=221 high=0  state=ON
2026-09-16T21:54:29Z  OBSERVE  cartservice  rejection=0.0000  low=221 high=0  state=ON
2026-09-16T21:54:29Z  OBSERVE  checkoutservice  rejection=0.0000  low=221 high=0  state=ON
2026-09-16T21:54:29Z  OBSERVE  currencyservice  rejection=0.0000  low=221 high=0  state=ON
2026-09-16T21:54:29Z  OBSERVE  emailservice  rejection=0.0000  low=221 high=0  state=ON
2026-09-16T21:54:29Z  OBSERVE  paymentservice  rejection=0.0000  low=220 high=0  state=ON
2026-09-16T21:54:29Z  OBSERVE  productcatalogservice  rejection=0.0000  low=220 high=0  state=ON
2026-09-16T21:54:29Z  OBSERVE  recommendationservice  rejection=0.0000  low=220 high=0  state=ON
2026-09-16T21:54:29Z  OBSERVE  shippingservice  rejection=0.0000  low=221 high=0  state=ON
2026-09-16T21:54:30Z  OBSERVE  adservice  rejection=0.0000  low=222 high=0  state=ON
2026-09-16T21:54:30Z  OBSERVE  cartservice  rejection=0.0000  low=222 high=0  state=ON
2026-09-16T21:54:30Z  OBSERVE  checkoutservice  rejection=0.0000  low=222 high=0  state=ON
2026-09-16T21:54:30Z  OBSERVE  currencyservice  rejection=0.0000  low=222 high=0  state=ON
2026-09-16T21:54:30Z  OBSERVE  emailservice  rejection=0.0000  low=222 high=0  state=ON
2026-09-16T21:54:30Z  OBSERVE  paymentservice  rejection=0.0000  low=221 high=0  state=ON
2026-09-16T21:54:30Z  OBSERVE  productcatalogservice  rejection=0.0000  low=221 high=0  state=ON
2026-09-16T21:54:30Z  OBSERVE  recommendationservice  rejection=0.0000  low=221 high=0  state=ON
2026-09-16T21:54:30Z  OBSERVE  shippingservice  rejection=0.0000  low=222 high=0  state=ON
2026-09-16T21:54:31Z  OBSERVE  adservice  rejection=0.0000  low=223 high=0  state=ON
2026-09-16T21:54:31Z  OBSERVE  cartservice  rejection=0.0000  low=223 high=0  state=ON
2026-09-16T21:54:31Z  OBSERVE  checkoutservice  rejection=0.0000  low=223 high=0  state=ON
2026-09-16T21:54:31Z  OBSERVE  currencyservice  rejection=0.0000  low=223 high=0  state=ON
2026-09-16T21:54:31Z  OBSERVE  emailservice  rejection=0.0000  low=223 high=0  state=ON
2026-09-16T21:54:31Z  OBSERVE  paymentservice  rejection=0.0000  low=222 high=0  state=ON
2026-09-16T21:54:31Z  OBSERVE  productcatalogservice  rejection=0.0000  low=222 high=0  state=ON
2026-09-16T21:54:31Z  OBSERVE  recommendationservice  rejection=0.0000  low=222 high=0  state=ON
2026-09-16T21:54:31Z  OBSERVE  shippingservice  rejection=0.0000  low=223 high=0  state=ON
2026-09-16T21:54:32Z  OBSERVE  adservice  rejection=0.0000  low=224 high=0  state=ON
2026-09-16T21:54:32Z  OBSERVE  cartservice  rejection=0.0000  low=224 high=0  state=ON
2026-09-16T21:54:32Z  OBSERVE  checkoutservice  rejection=0.0000  low=224 high=0  state=ON
2026-09-16T21:54:32Z  OBSERVE  currencyservice  rejection=0.0000  low=224 high=0  state=ON
2026-09-16T21:54:32Z  OBSERVE  emailservice  rejection=0.0000  low=224 high=0  state=ON
2026-09-16T21:54:32Z  OBSERVE  paymentservice  rejection=0.0000  low=223 high=0  state=ON
2026-09-16T21:54:32Z  OBSERVE  productcatalogservice  rejection=0.0000  low=223 high=0  state=ON
2026-09-16T21:54:32Z  OBSERVE  recommendationservice  rejection=0.0000  low=223 high=0  state=ON
2026-09-16T21:54:32Z  OBSERVE  shippingservice  rejection=0.0000  low=224 high=0  state=ON
2026-09-16T21:54:33Z  OBSERVE  adservice  rejection=0.0000  low=225 high=0  state=ON
2026-09-16T21:54:33Z  OBSERVE  cartservice  rejection=0.0000  low=225 high=0  state=ON
2026-09-16T21:54:33Z  OBSERVE  checkoutservice  rejection=0.0000  low=225 high=0  state=ON
2026-09-16T21:54:33Z  OBSERVE  currencyservice  rejection=0.0000  low=225 high=0  state=ON
2026-09-16T21:54:33Z  OBSERVE  emailservice  rejection=0.0000  low=225 high=0  state=ON
2026-09-16T21:54:33Z  OBSERVE  paymentservice  rejection=0.0000  low=224 high=0  state=ON
2026-09-16T21:54:33Z  OBSERVE  productcatalogservice  rejection=0.0000  low=224 high=0  state=ON
2026-09-16T21:54:33Z  OBSERVE  recommendationservice  rejection=0.0000  low=224 high=0  state=ON
2026-09-16T21:54:33Z  OBSERVE  shippingservice  rejection=0.0000  low=225 high=0  state=ON
2026-09-16T21:54:34Z  OBSERVE  adservice  rejection=0.0000  low=226 high=0  state=ON
2026-09-16T21:54:34Z  OBSERVE  cartservice  rejection=0.0000  low=226 high=0  state=ON
2026-09-16T21:54:34Z  OBSERVE  checkoutservice  rejection=0.0000  low=226 high=0  state=ON
2026-09-16T21:54:34Z  OBSERVE  currencyservice  rejection=0.0000  low=226 high=0  state=ON
2026-09-16T21:54:34Z  OBSERVE  emailservice  rejection=0.0000  low=226 high=0  state=ON
2026-09-16T21:54:34Z  OBSERVE  paymentservice  rejection=0.0000  low=225 high=0  state=ON
2026-09-16T21:54:34Z  OBSERVE  productcatalogservice  rejection=0.0000  low=225 high=0  state=ON
2026-09-16T21:54:34Z  OBSERVE  recommendationservice  rejection=0.0000  low=225 high=0  state=ON
2026-09-16T21:54:34Z  OBSERVE  shippingservice  rejection=0.0000  low=226 high=0  state=ON
2026-09-16T21:54:35Z  OBSERVE  adservice  rejection=0.0000  low=227 high=0  state=ON
2026-09-16T21:54:35Z  OBSERVE  cartservice  rejection=0.0000  low=227 high=0  state=ON
2026-09-16T21:54:35Z  OBSERVE  checkoutservice  rejection=0.0000  low=227 high=0  state=ON
2026-09-16T21:54:35Z  OBSERVE  currencyservice  rejection=0.0000  low=227 high=0  state=ON
2026-09-16T21:54:35Z  OBSERVE  emailservice  rejection=0.0000  low=227 high=0  state=ON
2026-09-16T21:54:35Z  OBSERVE  paymentservice  rejection=0.0000  low=226 high=0  state=ON
2026-09-16T21:54:35Z  OBSERVE  productcatalogservice  rejection=0.0000  low=226 high=0  state=ON
2026-09-16T21:54:35Z  OBSERVE  recommendationservice  rejection=0.0000  low=226 high=0  state=ON
2026-09-16T21:54:35Z  OBSERVE  shippingservice  rejection=0.0000  low=227 high=0  state=ON
2026-09-16T21:54:36Z  OBSERVE  adservice  rejection=0.0000  low=228 high=0  state=ON
2026-09-16T21:54:36Z  OBSERVE  cartservice  rejection=0.0000  low=228 high=0  state=ON
2026-09-16T21:54:36Z  OBSERVE  checkoutservice  rejection=0.0000  low=228 high=0  state=ON
2026-09-16T21:54:36Z  OBSERVE  currencyservice  rejection=0.0000  low=228 high=0  state=ON
2026-09-16T21:54:36Z  OBSERVE  emailservice  rejection=0.0000  low=228 high=0  state=ON
2026-09-16T21:54:36Z  OBSERVE  paymentservice  rejection=0.0000  low=227 high=0  state=ON
2026-09-16T21:54:36Z  OBSERVE  productcatalogservice  rejection=0.0000  low=227 high=0  state=ON
2026-09-16T21:54:36Z  OBSERVE  recommendationservice  rejection=0.0000  low=227 high=0  state=ON
2026-09-16T21:54:36Z  OBSERVE  shippingservice  rejection=0.0000  low=228 high=0  state=ON
2026-09-16T21:54:37Z  OBSERVE  adservice  rejection=0.0000  low=229 high=0  state=ON
2026-09-16T21:54:37Z  OBSERVE  cartservice  rejection=0.0000  low=229 high=0  state=ON
2026-09-16T21:54:37Z  OBSERVE  checkoutservice  rejection=0.0000  low=229 high=0  state=ON
2026-09-16T21:54:37Z  OBSERVE  currencyservice  rejection=0.0000  low=229 high=0  state=ON
2026-09-16T21:54:37Z  OBSERVE  emailservice  rejection=0.0000  low=229 high=0  state=ON
2026-09-16T21:54:37Z  OBSERVE  paymentservice  rejection=0.0000  low=228 high=0  state=ON
2026-09-16T21:54:37Z  OBSERVE  productcatalogservice  rejection=0.0000  low=228 high=0  state=ON
2026-09-16T21:54:37Z  OBSERVE  recommendationservice  rejection=0.0000  low=228 high=0  state=ON
2026-09-16T21:54:37Z  OBSERVE  shippingservice  rejection=0.0000  low=229 high=0  state=ON
2026-09-16T21:54:38Z  OBSERVE  adservice  rejection=0.0000  low=230 high=0  state=ON
2026-09-16T21:54:38Z  OBSERVE  cartservice  rejection=0.0000  low=230 high=0  state=ON
2026-09-16T21:54:38Z  OBSERVE  checkoutservice  rejection=0.0000  low=230 high=0  state=ON
2026-09-16T21:54:38Z  OBSERVE  currencyservice  rejection=0.0000  low=230 high=0  state=ON
2026-09-16T21:54:38Z  OBSERVE  emailservice  rejection=0.0000  low=230 high=0  state=ON
2026-09-16T21:54:38Z  OBSERVE  paymentservice  rejection=0.0000  low=229 high=0  state=ON
2026-09-16T21:54:38Z  OBSERVE  productcatalogservice  rejection=0.0000  low=229 high=0  state=ON
2026-09-16T21:54:38Z  OBSERVE  recommendationservice  rejection=0.0000  low=229 high=0  state=ON
2026-09-16T21:54:38Z  OBSERVE  shippingservice  rejection=0.0000  low=230 high=0  state=ON
2026-09-16T21:54:39Z  OBSERVE  adservice  rejection=0.0000  low=231 high=0  state=ON
2026-09-16T21:54:39Z  OBSERVE  cartservice  rejection=0.0000  low=231 high=0  state=ON
2026-09-16T21:54:39Z  OBSERVE  checkoutservice  rejection=0.0000  low=231 high=0  state=ON
2026-09-16T21:54:39Z  OBSERVE  currencyservice  rejection=0.0000  low=231 high=0  state=ON
2026-09-16T21:54:39Z  OBSERVE  emailservice  rejection=0.0000  low=231 high=0  state=ON
2026-09-16T21:54:39Z  OBSERVE  paymentservice  rejection=0.0000  low=230 high=0  state=ON
2026-09-16T21:54:39Z  OBSERVE  productcatalogservice  rejection=0.0000  low=230 high=0  state=ON
2026-09-16T21:54:39Z  OBSERVE  recommendationservice  rejection=0.0000  low=230 high=0  state=ON
2026-09-16T21:54:39Z  OBSERVE  shippingservice  rejection=0.0000  low=231 high=0  state=ON
2026-09-16T21:54:40Z  OBSERVE  adservice  rejection=0.0000  low=232 high=0  state=ON
2026-09-16T21:54:40Z  OBSERVE  cartservice  rejection=0.0000  low=232 high=0  state=ON
2026-09-16T21:54:40Z  OBSERVE  checkoutservice  rejection=0.0000  low=232 high=0  state=ON
2026-09-16T21:54:40Z  OBSERVE  currencyservice  rejection=0.0000  low=232 high=0  state=ON
2026-09-16T21:54:40Z  OBSERVE  emailservice  rejection=0.0000  low=232 high=0  state=ON
2026-09-16T21:54:40Z  OBSERVE  paymentservice  rejection=0.0000  low=231 high=0  state=ON
2026-09-16T21:54:40Z  OBSERVE  productcatalogservice  rejection=0.0000  low=231 high=0  state=ON
2026-09-16T21:54:40Z  OBSERVE  recommendationservice  rejection=0.0000  low=231 high=0  state=ON
2026-09-16T21:54:40Z  OBSERVE  shippingservice  rejection=0.0000  low=232 high=0  state=ON
2026-09-16T21:54:41Z  OBSERVE  adservice  rejection=0.0000  low=233 high=0  state=ON
2026-09-16T21:54:41Z  OBSERVE  cartservice  rejection=0.0000  low=233 high=0  state=ON
2026-09-16T21:54:41Z  OBSERVE  checkoutservice  rejection=0.0000  low=233 high=0  state=ON
2026-09-16T21:54:41Z  OBSERVE  currencyservice  rejection=0.0000  low=233 high=0  state=ON
2026-09-16T21:54:41Z  OBSERVE  emailservice  rejection=0.0000  low=233 high=0  state=ON
2026-09-16T21:54:41Z  OBSERVE  paymentservice  rejection=0.0000  low=232 high=0  state=ON
2026-09-16T21:54:41Z  OBSERVE  productcatalogservice  rejection=0.0000  low=232 high=0  state=ON
2026-09-16T21:54:41Z  OBSERVE  recommendationservice  rejection=0.0000  low=232 high=0  state=ON
2026-09-16T21:54:41Z  OBSERVE  shippingservice  rejection=0.0000  low=233 high=0  state=ON
2026-09-16T21:54:42Z  OBSERVE  adservice  rejection=0.0000  low=234 high=0  state=ON
2026-09-16T21:54:42Z  OBSERVE  cartservice  rejection=0.0000  low=234 high=0  state=ON
2026-09-16T21:54:42Z  OBSERVE  checkoutservice  rejection=0.0000  low=234 high=0  state=ON
2026-09-16T21:54:42Z  OBSERVE  currencyservice  rejection=0.0000  low=234 high=0  state=ON
2026-09-16T21:54:42Z  OBSERVE  emailservice  rejection=0.0000  low=234 high=0  state=ON
2026-09-16T21:54:42Z  OBSERVE  paymentservice  rejection=0.0000  low=233 high=0  state=ON
2026-09-16T21:54:42Z  OBSERVE  productcatalogservice  rejection=0.0000  low=233 high=0  state=ON
2026-09-16T21:54:42Z  OBSERVE  recommendationservice  rejection=0.0000  low=233 high=0  state=ON
2026-09-16T21:54:42Z  OBSERVE  shippingservice  rejection=0.0000  low=234 high=0  state=ON
2026-09-16T21:54:43Z  OBSERVE  adservice  rejection=0.0000  low=235 high=0  state=ON
2026-09-16T21:54:43Z  OBSERVE  cartservice  rejection=0.0000  low=235 high=0  state=ON
2026-09-16T21:54:43Z  OBSERVE  checkoutservice  rejection=0.0000  low=235 high=0  state=ON
2026-09-16T21:54:43Z  OBSERVE  currencyservice  rejection=0.0000  low=235 high=0  state=ON
2026-09-16T21:54:43Z  OBSERVE  emailservice  rejection=0.0000  low=235 high=0  state=ON
2026-09-16T21:54:43Z  OBSERVE  paymentservice  rejection=0.0000  low=234 high=0  state=ON
2026-09-16T21:54:43Z  OBSERVE  productcatalogservice  rejection=0.0000  low=234 high=0  state=ON
2026-09-16T21:54:43Z  OBSERVE  recommendationservice  rejection=0.0000  low=234 high=0  state=ON
2026-09-16T21:54:43Z  OBSERVE  shippingservice  rejection=0.0000  low=235 high=0  state=ON
2026-09-16T21:54:44Z  OBSERVE  adservice  rejection=0.0000  low=236 high=0  state=ON
2026-09-16T21:54:44Z  OBSERVE  cartservice  rejection=0.0000  low=236 high=0  state=ON
2026-09-16T21:54:44Z  OBSERVE  checkoutservice  rejection=0.0000  low=236 high=0  state=ON
2026-09-16T21:54:44Z  OBSERVE  currencyservice  rejection=0.0000  low=236 high=0  state=ON
2026-09-16T21:54:44Z  OBSERVE  emailservice  rejection=0.0000  low=236 high=0  state=ON
2026-09-16T21:54:44Z  OBSERVE  paymentservice  rejection=0.0000  low=235 high=0  state=ON
2026-09-16T21:54:44Z  OBSERVE  productcatalogservice  rejection=0.0000  low=235 high=0  state=ON
2026-09-16T21:54:44Z  OBSERVE  recommendationservice  rejection=0.0000  low=235 high=0  state=ON
2026-09-16T21:54:44Z  OBSERVE  shippingservice  rejection=0.0000  low=236 high=0  state=ON
2026-09-16T21:54:45Z  OBSERVE  adservice  rejection=0.0000  low=237 high=0  state=ON
2026-09-16T21:54:45Z  OBSERVE  cartservice  rejection=0.0000  low=237 high=0  state=ON
2026-09-16T21:54:45Z  OBSERVE  checkoutservice  rejection=0.0000  low=237 high=0  state=ON
2026-09-16T21:54:45Z  OBSERVE  currencyservice  rejection=0.0000  low=237 high=0  state=ON
2026-09-16T21:54:45Z  OBSERVE  emailservice  rejection=0.0000  low=237 high=0  state=ON
2026-09-16T21:54:45Z  OBSERVE  paymentservice  rejection=0.0000  low=236 high=0  state=ON
2026-09-16T21:54:45Z  OBSERVE  productcatalogservice  rejection=0.0000  low=236 high=0  state=ON
2026-09-16T21:54:45Z  OBSERVE  recommendationservice  rejection=0.0000  low=236 high=0  state=ON
2026-09-16T21:54:45Z  OBSERVE  shippingservice  rejection=0.0000  low=237 high=0  state=ON
2026-09-16T21:54:46Z  OBSERVE  adservice  rejection=0.0000  low=238 high=0  state=ON
2026-09-16T21:54:46Z  OBSERVE  cartservice  rejection=0.0000  low=238 high=0  state=ON
2026-09-16T21:54:46Z  OBSERVE  checkoutservice  rejection=0.0000  low=238 high=0  state=ON
2026-09-16T21:54:46Z  OBSERVE  currencyservice  rejection=0.0000  low=238 high=0  state=ON
2026-09-16T21:54:46Z  OBSERVE  emailservice  rejection=0.0000  low=238 high=0  state=ON
2026-09-16T21:54:46Z  OBSERVE  paymentservice  rejection=0.0000  low=237 high=0  state=ON
2026-09-16T21:54:46Z  OBSERVE  productcatalogservice  rejection=0.0000  low=237 high=0  state=ON
2026-09-16T21:54:46Z  OBSERVE  recommendationservice  rejection=0.0000  low=237 high=0  state=ON
2026-09-16T21:54:46Z  OBSERVE  shippingservice  rejection=0.0000  low=238 high=0  state=ON
2026-09-16T21:54:47Z  OBSERVE  adservice  rejection=0.0000  low=239 high=0  state=ON
2026-09-16T21:54:47Z  OBSERVE  cartservice  rejection=0.0000  low=239 high=0  state=ON
2026-09-16T21:54:47Z  OBSERVE  checkoutservice  rejection=0.0000  low=239 high=0  state=ON
2026-09-16T21:54:47Z  OBSERVE  currencyservice  rejection=0.0000  low=239 high=0  state=ON
2026-09-16T21:54:47Z  OBSERVE  emailservice  rejection=0.0000  low=239 high=0  state=ON
2026-09-16T21:54:47Z  OBSERVE  paymentservice  rejection=0.0000  low=238 high=0  state=ON
2026-09-16T21:54:47Z  OBSERVE  productcatalogservice  rejection=0.0000  low=238 high=0  state=ON
2026-09-16T21:54:47Z  OBSERVE  recommendationservice  rejection=0.0000  low=238 high=0  state=ON
2026-09-16T21:54:47Z  OBSERVE  shippingservice  rejection=0.0000  low=239 high=0  state=ON
2026-09-16T21:54:48Z  OBSERVE  adservice  rejection=0.0000  low=240 high=0  state=ON
2026-09-16T21:54:48Z  OBSERVE  cartservice  rejection=0.0000  low=240 high=0  state=ON
2026-09-16T21:54:48Z  OBSERVE  checkoutservice  rejection=0.0000  low=240 high=0  state=ON
2026-09-16T21:54:48Z  OBSERVE  currencyservice  rejection=0.0000  low=240 high=0  state=ON
2026-09-16T21:54:48Z  OBSERVE  emailservice  rejection=0.0000  low=240 high=0  state=ON
2026-09-16T21:54:48Z  OBSERVE  paymentservice  rejection=0.0000  low=239 high=0  state=ON
2026-09-16T21:54:48Z  OBSERVE  productcatalogservice  rejection=0.0000  low=239 high=0  state=ON
2026-09-16T21:54:48Z  OBSERVE  recommendationservice  rejection=0.0000  low=239 high=0  state=ON
2026-09-16T21:54:48Z  OBSERVE  shippingservice  rejection=0.0000  low=240 high=0  state=ON
2026-09-16T21:54:49Z  OBSERVE  adservice  rejection=0.0000  low=241 high=0  state=ON
2026-09-16T21:54:49Z  OBSERVE  cartservice  rejection=0.0000  low=241 high=0  state=ON
2026-09-16T21:54:49Z  OBSERVE  checkoutservice  rejection=0.0000  low=241 high=0  state=ON
2026-09-16T21:54:49Z  OBSERVE  currencyservice  rejection=0.0000  low=241 high=0  state=ON
2026-09-16T21:54:49Z  OBSERVE  emailservice  rejection=0.0000  low=241 high=0  state=ON
2026-09-16T21:54:49Z  OBSERVE  paymentservice  rejection=0.0000  low=240 high=0  state=ON
2026-09-16T21:54:49Z  OBSERVE  productcatalogservice  rejection=0.0000  low=240 high=0  state=ON
2026-09-16T21:54:49Z  OBSERVE  recommendationservice  rejection=0.0000  low=240 high=0  state=ON
2026-09-16T21:54:49Z  OBSERVE  shippingservice  rejection=0.0000  low=241 high=0  state=ON
2026-09-16T21:54:50Z  OBSERVE  adservice  rejection=0.0000  low=242 high=0  state=ON
2026-09-16T21:54:50Z  OBSERVE  cartservice  rejection=0.0000  low=242 high=0  state=ON
2026-09-16T21:54:50Z  OBSERVE  checkoutservice  rejection=0.0000  low=242 high=0  state=ON
2026-09-16T21:54:50Z  OBSERVE  currencyservice  rejection=0.0000  low=242 high=0  state=ON
2026-09-16T21:54:50Z  OBSERVE  emailservice  rejection=0.0000  low=242 high=0  state=ON
2026-09-16T21:54:50Z  OBSERVE  paymentservice  rejection=0.0000  low=241 high=0  state=ON
2026-09-16T21:54:50Z  OBSERVE  productcatalogservice  rejection=0.0000  low=241 high=0  state=ON
2026-09-16T21:54:50Z  OBSERVE  recommendationservice  rejection=0.0000  low=241 high=0  state=ON
2026-09-16T21:54:50Z  OBSERVE  shippingservice  rejection=0.0000  low=242 high=0  state=ON
2026-09-16T21:54:51Z  OBSERVE  adservice  rejection=0.0000  low=243 high=0  state=ON
2026-09-16T21:54:51Z  OBSERVE  cartservice  rejection=0.0000  low=243 high=0  state=ON
2026-09-16T21:54:51Z  OBSERVE  checkoutservice  rejection=0.0000  low=243 high=0  state=ON
2026-09-16T21:54:51Z  OBSERVE  currencyservice  rejection=0.0000  low=243 high=0  state=ON
2026-09-16T21:54:51Z  OBSERVE  emailservice  rejection=0.0000  low=243 high=0  state=ON
2026-09-16T21:54:51Z  OBSERVE  paymentservice  rejection=0.0000  low=242 high=0  state=ON
2026-09-16T21:54:51Z  OBSERVE  productcatalogservice  rejection=0.0000  low=242 high=0  state=ON
2026-09-16T21:54:51Z  OBSERVE  recommendationservice  rejection=0.0000  low=242 high=0  state=ON
2026-09-16T21:54:51Z  OBSERVE  shippingservice  rejection=0.0000  low=243 high=0  state=ON
2026-09-16T21:54:52Z  OBSERVE  adservice  rejection=0.0000  low=244 high=0  state=ON
2026-09-16T21:54:52Z  OBSERVE  cartservice  rejection=0.0000  low=244 high=0  state=ON
2026-09-16T21:54:52Z  OBSERVE  checkoutservice  rejection=0.0000  low=244 high=0  state=ON
2026-09-16T21:54:52Z  OBSERVE  currencyservice  rejection=0.0000  low=244 high=0  state=ON
2026-09-16T21:54:52Z  OBSERVE  emailservice  rejection=0.0000  low=244 high=0  state=ON
2026-09-16T21:54:52Z  OBSERVE  paymentservice  rejection=0.0000  low=243 high=0  state=ON
2026-09-16T21:54:52Z  OBSERVE  productcatalogservice  rejection=0.0000  low=243 high=0  state=ON
2026-09-16T21:54:52Z  OBSERVE  recommendationservice  rejection=0.0000  low=243 high=0  state=ON
2026-09-16T21:54:52Z  OBSERVE  shippingservice  rejection=0.0000  low=244 high=0  state=ON
2026-09-16T21:54:53Z  OBSERVE  adservice  rejection=0.0000  low=245 high=0  state=ON
2026-09-16T21:54:53Z  OBSERVE  cartservice  rejection=0.0000  low=245 high=0  state=ON
2026-09-16T21:54:53Z  OBSERVE  checkoutservice  rejection=0.0000  low=245 high=0  state=ON
2026-09-16T21:54:53Z  OBSERVE  currencyservice  rejection=0.0000  low=245 high=0  state=ON
2026-09-16T21:54:53Z  OBSERVE  emailservice  rejection=0.0000  low=245 high=0  state=ON
2026-09-16T21:54:53Z  OBSERVE  paymentservice  rejection=0.0000  low=244 high=0  state=ON
2026-09-16T21:54:53Z  OBSERVE  productcatalogservice  rejection=0.0000  low=244 high=0  state=ON
2026-09-16T21:54:53Z  OBSERVE  recommendationservice  rejection=0.0000  low=244 high=0  state=ON
2026-09-16T21:54:53Z  OBSERVE  shippingservice  rejection=0.0000  low=245 high=0  state=ON
2026-09-16T21:54:54Z  OBSERVE  adservice  rejection=0.0000  low=246 high=0  state=ON
2026-09-16T21:54:54Z  OBSERVE  cartservice  rejection=0.0000  low=246 high=0  state=ON
2026-09-16T21:54:54Z  OBSERVE  checkoutservice  rejection=0.0000  low=246 high=0  state=ON
2026-09-16T21:54:54Z  OBSERVE  currencyservice  rejection=0.0000  low=246 high=0  state=ON
2026-09-16T21:54:54Z  OBSERVE  emailservice  rejection=0.0000  low=246 high=0  state=ON
2026-09-16T21:54:54Z  OBSERVE  paymentservice  rejection=0.0000  low=245 high=0  state=ON
2026-09-16T21:54:54Z  OBSERVE  productcatalogservice  rejection=0.0000  low=245 high=0  state=ON
2026-09-16T21:54:54Z  OBSERVE  recommendationservice  rejection=0.0000  low=245 high=0  state=ON
2026-09-16T21:54:54Z  OBSERVE  shippingservice  rejection=0.0000  low=246 high=0  state=ON
2026-09-16T21:54:55Z  OBSERVE  adservice  rejection=0.0000  low=247 high=0  state=ON
2026-09-16T21:54:55Z  OBSERVE  cartservice  rejection=0.0000  low=247 high=0  state=ON
2026-09-16T21:54:55Z  OBSERVE  checkoutservice  rejection=0.0000  low=247 high=0  state=ON
2026-09-16T21:54:55Z  OBSERVE  currencyservice  rejection=0.0000  low=247 high=0  state=ON
2026-09-16T21:54:55Z  OBSERVE  emailservice  rejection=0.0000  low=247 high=0  state=ON
2026-09-16T21:54:55Z  OBSERVE  paymentservice  rejection=0.0000  low=246 high=0  state=ON
2026-09-16T21:54:55Z  OBSERVE  productcatalogservice  rejection=0.0000  low=246 high=0  state=ON
2026-09-16T21:54:55Z  OBSERVE  recommendationservice  rejection=0.0000  low=246 high=0  state=ON
2026-09-16T21:54:55Z  OBSERVE  shippingservice  rejection=0.0000  low=247 high=0  state=ON
2026-09-16T21:54:56Z  OBSERVE  adservice  rejection=0.0000  low=248 high=0  state=ON
2026-09-16T21:54:56Z  OBSERVE  cartservice  rejection=0.0000  low=248 high=0  state=ON
2026-09-16T21:54:56Z  OBSERVE  checkoutservice  rejection=0.0000  low=248 high=0  state=ON
2026-09-16T21:54:56Z  OBSERVE  currencyservice  rejection=0.0000  low=248 high=0  state=ON
2026-09-16T21:54:56Z  OBSERVE  emailservice  rejection=0.0000  low=248 high=0  state=ON
2026-09-16T21:54:56Z  OBSERVE  paymentservice  rejection=0.0000  low=247 high=0  state=ON
2026-09-16T21:54:56Z  OBSERVE  productcatalogservice  rejection=0.0000  low=247 high=0  state=ON
2026-09-16T21:54:56Z  OBSERVE  recommendationservice  rejection=0.0000  low=247 high=0  state=ON
2026-09-16T21:54:56Z  OBSERVE  shippingservice  rejection=0.0000  low=248 high=0  state=ON
2026-09-16T21:54:57Z  OBSERVE  adservice  rejection=0.0000  low=249 high=0  state=ON
2026-09-16T21:54:57Z  OBSERVE  cartservice  rejection=0.0000  low=249 high=0  state=ON
2026-09-16T21:54:57Z  OBSERVE  checkoutservice  rejection=0.0000  low=249 high=0  state=ON
2026-09-16T21:54:57Z  OBSERVE  currencyservice  rejection=0.0000  low=249 high=0  state=ON
2026-09-16T21:54:57Z  OBSERVE  emailservice  rejection=0.0000  low=249 high=0  state=ON
2026-09-16T21:54:57Z  OBSERVE  paymentservice  rejection=0.0000  low=248 high=0  state=ON
2026-09-16T21:54:57Z  OBSERVE  productcatalogservice  rejection=0.0000  low=248 high=0  state=ON
2026-09-16T21:54:57Z  OBSERVE  recommendationservice  rejection=0.0000  low=248 high=0  state=ON
2026-09-16T21:54:57Z  OBSERVE  shippingservice  rejection=0.0000  low=249 high=0  state=ON
2026-09-16T21:54:58Z  OBSERVE  adservice  rejection=0.0000  low=250 high=0  state=ON
2026-09-16T21:54:58Z  OBSERVE  cartservice  rejection=0.0000  low=250 high=0  state=ON
2026-09-16T21:54:58Z  OBSERVE  checkoutservice  rejection=0.0000  low=250 high=0  state=ON
2026-09-16T21:54:58Z  OBSERVE  currencyservice  rejection=0.0000  low=250 high=0  state=ON
2026-09-16T21:54:58Z  OBSERVE  emailservice  rejection=0.0000  low=250 high=0  state=ON
2026-09-16T21:54:58Z  OBSERVE  paymentservice  rejection=0.0000  low=249 high=0  state=ON
2026-09-16T21:54:58Z  OBSERVE  productcatalogservice  rejection=0.0000  low=249 high=0  state=ON
2026-09-16T21:54:58Z  OBSERVE  recommendationservice  rejection=0.0000  low=249 high=0  state=ON
2026-09-16T21:54:58Z  OBSERVE  shippingservice  rejection=0.0000  low=250 high=0  state=ON
2026-09-16T21:54:59Z  OBSERVE  adservice  rejection=0.0000  low=251 high=0  state=ON
2026-09-16T21:54:59Z  OBSERVE  cartservice  rejection=0.0000  low=251 high=0  state=ON
2026-09-16T21:54:59Z  OBSERVE  checkoutservice  rejection=0.0000  low=251 high=0  state=ON
2026-09-16T21:54:59Z  OBSERVE  currencyservice  rejection=0.0000  low=251 high=0  state=ON
2026-09-16T21:54:59Z  OBSERVE  emailservice  rejection=0.0000  low=251 high=0  state=ON
2026-09-16T21:54:59Z  OBSERVE  paymentservice  rejection=0.0000  low=250 high=0  state=ON
2026-09-16T21:54:59Z  OBSERVE  productcatalogservice  rejection=0.0000  low=250 high=0  state=ON
2026-09-16T21:54:59Z  OBSERVE  recommendationservice  rejection=0.0000  low=250 high=0  state=ON
2026-09-16T21:54:59Z  OBSERVE  shippingservice  rejection=0.0000  low=251 high=0  state=ON
2026-09-16T21:55:00Z  OBSERVE  adservice  rejection=0.0000  low=252 high=0  state=ON
2026-09-16T21:55:00Z  OBSERVE  cartservice  rejection=0.0000  low=252 high=0  state=ON
2026-09-16T21:55:00Z  OBSERVE  checkoutservice  rejection=0.0000  low=252 high=0  state=ON
2026-09-16T21:55:00Z  OBSERVE  currencyservice  rejection=0.0000  low=252 high=0  state=ON
2026-09-16T21:55:00Z  OBSERVE  emailservice  rejection=0.0000  low=252 high=0  state=ON
2026-09-16T21:55:00Z  OBSERVE  paymentservice  rejection=0.0000  low=251 high=0  state=ON
2026-09-16T21:55:00Z  OBSERVE  productcatalogservice  rejection=0.0000  low=251 high=0  state=ON
2026-09-16T21:55:00Z  OBSERVE  recommendationservice  rejection=0.0000  low=251 high=0  state=ON
2026-09-16T21:55:00Z  OBSERVE  shippingservice  rejection=0.0000  low=252 high=0  state=ON
2026-09-16T21:55:01Z  OBSERVE  adservice  rejection=0.0000  low=253 high=0  state=ON
2026-09-16T21:55:01Z  OBSERVE  cartservice  rejection=0.0000  low=253 high=0  state=ON
2026-09-16T21:55:01Z  OBSERVE  checkoutservice  rejection=0.0000  low=253 high=0  state=ON
2026-09-16T21:55:01Z  OBSERVE  currencyservice  rejection=0.0000  low=253 high=0  state=ON
2026-09-16T21:55:01Z  OBSERVE  emailservice  rejection=0.0000  low=253 high=0  state=ON
2026-09-16T21:55:01Z  OBSERVE  paymentservice  rejection=0.0000  low=252 high=0  state=ON
2026-09-16T21:55:01Z  OBSERVE  productcatalogservice  rejection=0.0000  low=252 high=0  state=ON
2026-09-16T21:55:01Z  OBSERVE  recommendationservice  rejection=0.0000  low=252 high=0  state=ON
2026-09-16T21:55:01Z  OBSERVE  shippingservice  rejection=0.0000  low=253 high=0  state=ON
2026-09-16T21:55:02Z  OBSERVE  adservice  rejection=0.0000  low=254 high=0  state=ON
2026-09-16T21:55:02Z  OBSERVE  cartservice  rejection=0.0000  low=254 high=0  state=ON
2026-09-16T21:55:02Z  OBSERVE  checkoutservice  rejection=0.0000  low=254 high=0  state=ON
2026-09-16T21:55:02Z  OBSERVE  currencyservice  rejection=0.0000  low=254 high=0  state=ON
2026-09-16T21:55:02Z  OBSERVE  emailservice  rejection=0.0000  low=254 high=0  state=ON
2026-09-16T21:55:02Z  OBSERVE  paymentservice  rejection=0.0000  low=253 high=0  state=ON
2026-09-16T21:55:02Z  OBSERVE  productcatalogservice  rejection=0.0000  low=253 high=0  state=ON
2026-09-16T21:55:02Z  OBSERVE  recommendationservice  rejection=0.0000  low=253 high=0  state=ON
2026-09-16T21:55:02Z  OBSERVE  shippingservice  rejection=0.0000  low=254 high=0  state=ON
2026-09-16T21:55:03Z  OBSERVE  adservice  rejection=0.0000  low=255 high=0  state=ON
2026-09-16T21:55:03Z  OBSERVE  cartservice  rejection=0.0000  low=255 high=0  state=ON
2026-09-16T21:55:03Z  OBSERVE  checkoutservice  rejection=0.0000  low=255 high=0  state=ON
2026-09-16T21:55:03Z  OBSERVE  currencyservice  rejection=0.0000  low=255 high=0  state=ON
2026-09-16T21:55:03Z  OBSERVE  emailservice  rejection=0.0000  low=255 high=0  state=ON
2026-09-16T21:55:03Z  OBSERVE  paymentservice  rejection=0.0000  low=254 high=0  state=ON
2026-09-16T21:55:03Z  OBSERVE  productcatalogservice  rejection=0.0000  low=254 high=0  state=ON
2026-09-16T21:55:03Z  OBSERVE  recommendationservice  rejection=0.0000  low=254 high=0  state=ON
2026-09-16T21:55:03Z  OBSERVE  shippingservice  rejection=0.0000  low=255 high=0  state=ON
2026-09-16T21:55:04Z  OBSERVE  adservice  rejection=0.0000  low=256 high=0  state=ON
2026-09-16T21:55:04Z  OBSERVE  cartservice  rejection=0.0000  low=256 high=0  state=ON
2026-09-16T21:55:04Z  OBSERVE  checkoutservice  rejection=0.0000  low=256 high=0  state=ON
2026-09-16T21:55:04Z  OBSERVE  currencyservice  rejection=0.0000  low=256 high=0  state=ON
2026-09-16T21:55:04Z  OBSERVE  emailservice  rejection=0.0000  low=256 high=0  state=ON
2026-09-16T21:55:04Z  OBSERVE  paymentservice  rejection=0.0000  low=255 high=0  state=ON
2026-09-16T21:55:04Z  OBSERVE  productcatalogservice  rejection=0.0000  low=255 high=0  state=ON
2026-09-16T21:55:04Z  OBSERVE  recommendationservice  rejection=0.0000  low=255 high=0  state=ON
2026-09-16T21:55:04Z  OBSERVE  shippingservice  rejection=0.0000  low=256 high=0  state=ON
2026-09-16T21:55:05Z  OBSERVE  adservice  rejection=0.0000  low=257 high=0  state=ON
2026-09-16T21:55:05Z  OBSERVE  cartservice  rejection=0.0000  low=257 high=0  state=ON
2026-09-16T21:55:05Z  OBSERVE  checkoutservice  rejection=0.0000  low=257 high=0  state=ON
2026-09-16T21:55:05Z  OBSERVE  currencyservice  rejection=0.0000  low=257 high=0  state=ON
2026-09-16T21:55:05Z  OBSERVE  emailservice  rejection=0.0000  low=257 high=0  state=ON
2026-09-16T21:55:05Z  OBSERVE  paymentservice  rejection=0.0000  low=256 high=0  state=ON
2026-09-16T21:55:05Z  OBSERVE  productcatalogservice  rejection=0.0000  low=256 high=0  state=ON
2026-09-16T21:55:05Z  OBSERVE  recommendationservice  rejection=0.0000  low=256 high=0  state=ON
2026-09-16T21:55:05Z  OBSERVE  shippingservice  rejection=0.0000  low=257 high=0  state=ON
2026-09-16T21:55:06Z  OBSERVE  adservice  rejection=0.0000  low=258 high=0  state=ON
2026-09-16T21:55:06Z  OBSERVE  cartservice  rejection=0.0000  low=258 high=0  state=ON
2026-09-16T21:55:06Z  OBSERVE  checkoutservice  rejection=0.0000  low=258 high=0  state=ON
2026-09-16T21:55:06Z  OBSERVE  currencyservice  rejection=0.0000  low=258 high=0  state=ON
2026-09-16T21:55:06Z  OBSERVE  emailservice  rejection=0.0000  low=258 high=0  state=ON
2026-09-16T21:55:06Z  OBSERVE  paymentservice  rejection=0.0000  low=257 high=0  state=ON
2026-09-16T21:55:06Z  OBSERVE  productcatalogservice  rejection=0.0000  low=257 high=0  state=ON
2026-09-16T21:55:06Z  OBSERVE  recommendationservice  rejection=0.0000  low=257 high=0  state=ON
2026-09-16T21:55:06Z  OBSERVE  shippingservice  rejection=0.0000  low=258 high=0  state=ON
2026-09-16T21:55:07Z  OBSERVE  adservice  rejection=0.0000  low=259 high=0  state=ON
2026-09-16T21:55:07Z  OBSERVE  cartservice  rejection=0.0000  low=259 high=0  state=ON
2026-09-16T21:55:07Z  OBSERVE  checkoutservice  rejection=0.0000  low=259 high=0  state=ON
2026-09-16T21:55:07Z  OBSERVE  currencyservice  rejection=0.0000  low=259 high=0  state=ON
2026-09-16T21:55:07Z  OBSERVE  emailservice  rejection=0.0000  low=259 high=0  state=ON
2026-09-16T21:55:07Z  OBSERVE  paymentservice  rejection=0.0000  low=258 high=0  state=ON
2026-09-16T21:55:07Z  OBSERVE  productcatalogservice  rejection=0.0000  low=258 high=0  state=ON
2026-09-16T21:55:07Z  OBSERVE  recommendationservice  rejection=0.0000  low=258 high=0  state=ON
2026-09-16T21:55:07Z  OBSERVE  shippingservice  rejection=0.0000  low=259 high=0  state=ON
2026-09-16T21:55:08Z  OBSERVE  adservice  rejection=0.0000  low=260 high=0  state=ON
2026-09-16T21:55:08Z  OBSERVE  cartservice  rejection=0.0000  low=260 high=0  state=ON
2026-09-16T21:55:08Z  OBSERVE  checkoutservice  rejection=0.0000  low=260 high=0  state=ON
2026-09-16T21:55:08Z  OBSERVE  currencyservice  rejection=0.0000  low=260 high=0  state=ON
2026-09-16T21:55:08Z  OBSERVE  emailservice  rejection=0.0000  low=260 high=0  state=ON
2026-09-16T21:55:08Z  OBSERVE  paymentservice  rejection=0.0000  low=259 high=0  state=ON
2026-09-16T21:55:08Z  OBSERVE  productcatalogservice  rejection=0.0000  low=259 high=0  state=ON
2026-09-16T21:55:08Z  OBSERVE  recommendationservice  rejection=0.0000  low=259 high=0  state=ON
2026-09-16T21:55:08Z  OBSERVE  shippingservice  rejection=0.0000  low=260 high=0  state=ON
2026-09-16T21:55:09Z  OBSERVE  adservice  rejection=0.0000  low=261 high=0  state=ON
2026-09-16T21:55:09Z  OBSERVE  cartservice  rejection=0.0000  low=261 high=0  state=ON
2026-09-16T21:55:09Z  OBSERVE  checkoutservice  rejection=0.0000  low=261 high=0  state=ON
2026-09-16T21:55:09Z  OBSERVE  currencyservice  rejection=0.0000  low=261 high=0  state=ON
2026-09-16T21:55:09Z  OBSERVE  emailservice  rejection=0.0000  low=261 high=0  state=ON
2026-09-16T21:55:09Z  OBSERVE  paymentservice  rejection=0.0000  low=260 high=0  state=ON
2026-09-16T21:55:09Z  OBSERVE  productcatalogservice  rejection=0.0000  low=260 high=0  state=ON
2026-09-16T21:55:09Z  OBSERVE  recommendationservice  rejection=0.0000  low=260 high=0  state=ON
2026-09-16T21:55:09Z  OBSERVE  shippingservice  rejection=0.0000  low=261 high=0  state=ON
2026-09-16T21:55:10Z  OBSERVE  adservice  rejection=0.0000  low=262 high=0  state=ON
2026-09-16T21:55:10Z  OBSERVE  cartservice  rejection=0.0000  low=262 high=0  state=ON
2026-09-16T21:55:10Z  OBSERVE  checkoutservice  rejection=0.0000  low=262 high=0  state=ON
2026-09-16T21:55:10Z  OBSERVE  currencyservice  rejection=0.0000  low=262 high=0  state=ON
2026-09-16T21:55:10Z  OBSERVE  emailservice  rejection=0.0000  low=262 high=0  state=ON
2026-09-16T21:55:10Z  OBSERVE  paymentservice  rejection=0.0000  low=261 high=0  state=ON
2026-09-16T21:55:10Z  OBSERVE  productcatalogservice  rejection=0.0000  low=261 high=0  state=ON
2026-09-16T21:55:10Z  OBSERVE  recommendationservice  rejection=0.0000  low=261 high=0  state=ON
2026-09-16T21:55:10Z  OBSERVE  shippingservice  rejection=0.0000  low=262 high=0  state=ON
2026-09-16T21:55:11Z  OBSERVE  adservice  rejection=0.0000  low=263 high=0  state=ON
2026-09-16T21:55:11Z  OBSERVE  cartservice  rejection=0.0000  low=263 high=0  state=ON
2026-09-16T21:55:11Z  OBSERVE  checkoutservice  rejection=0.0000  low=263 high=0  state=ON
2026-09-16T21:55:11Z  OBSERVE  currencyservice  rejection=0.0000  low=263 high=0  state=ON
2026-09-16T21:55:11Z  OBSERVE  emailservice  rejection=0.0000  low=263 high=0  state=ON
2026-09-16T21:55:11Z  OBSERVE  paymentservice  rejection=0.0000  low=262 high=0  state=ON
2026-09-16T21:55:11Z  OBSERVE  productcatalogservice  rejection=0.0000  low=262 high=0  state=ON
2026-09-16T21:55:11Z  OBSERVE  recommendationservice  rejection=0.0000  low=262 high=0  state=ON
2026-09-16T21:55:11Z  OBSERVE  shippingservice  rejection=0.0000  low=263 high=0  state=ON
2026-09-16T21:55:12Z  OBSERVE  adservice  rejection=0.0000  low=264 high=0  state=ON
2026-09-16T21:55:12Z  OBSERVE  cartservice  rejection=0.0000  low=264 high=0  state=ON
2026-09-16T21:55:12Z  OBSERVE  checkoutservice  rejection=0.0000  low=264 high=0  state=ON
2026-09-16T21:55:12Z  OBSERVE  currencyservice  rejection=0.0000  low=264 high=0  state=ON
2026-09-16T21:55:12Z  OBSERVE  emailservice  rejection=0.0000  low=264 high=0  state=ON
2026-09-16T21:55:12Z  OBSERVE  paymentservice  rejection=0.0000  low=263 high=0  state=ON
2026-09-16T21:55:12Z  OBSERVE  productcatalogservice  rejection=0.0000  low=263 high=0  state=ON
2026-09-16T21:55:12Z  OBSERVE  recommendationservice  rejection=0.0000  low=263 high=0  state=ON
2026-09-16T21:55:12Z  OBSERVE  shippingservice  rejection=0.0000  low=264 high=0  state=ON
2026-09-16T21:55:13Z  OBSERVE  adservice  rejection=0.0000  low=265 high=0  state=ON
2026-09-16T21:55:13Z  OBSERVE  cartservice  rejection=0.0000  low=265 high=0  state=ON
2026-09-16T21:55:13Z  OBSERVE  checkoutservice  rejection=0.0000  low=265 high=0  state=ON
2026-09-16T21:55:13Z  OBSERVE  currencyservice  rejection=0.0000  low=265 high=0  state=ON
2026-09-16T21:55:13Z  OBSERVE  emailservice  rejection=0.0000  low=265 high=0  state=ON
2026-09-16T21:55:13Z  OBSERVE  paymentservice  rejection=0.0000  low=264 high=0  state=ON
2026-09-16T21:55:13Z  OBSERVE  productcatalogservice  rejection=0.0000  low=264 high=0  state=ON
2026-09-16T21:55:13Z  OBSERVE  recommendationservice  rejection=0.0000  low=264 high=0  state=ON
2026-09-16T21:55:13Z  OBSERVE  shippingservice  rejection=0.0000  low=265 high=0  state=ON
2026-09-16T21:55:14Z  OBSERVE  adservice  rejection=0.0000  low=266 high=0  state=ON
2026-09-16T21:55:14Z  OBSERVE  cartservice  rejection=0.0000  low=266 high=0  state=ON
2026-09-16T21:55:14Z  OBSERVE  checkoutservice  rejection=0.0000  low=266 high=0  state=ON
2026-09-16T21:55:14Z  OBSERVE  currencyservice  rejection=0.0000  low=266 high=0  state=ON
2026-09-16T21:55:14Z  OBSERVE  emailservice  rejection=0.0000  low=266 high=0  state=ON
2026-09-16T21:55:14Z  OBSERVE  paymentservice  rejection=0.0000  low=265 high=0  state=ON
2026-09-16T21:55:14Z  OBSERVE  productcatalogservice  rejection=0.0000  low=265 high=0  state=ON
2026-09-16T21:55:14Z  OBSERVE  recommendationservice  rejection=0.0000  low=265 high=0  state=ON
2026-09-16T21:55:14Z  OBSERVE  shippingservice  rejection=0.0000  low=266 high=0  state=ON
2026-09-16T21:55:15Z  OBSERVE  adservice  rejection=0.0000  low=267 high=0  state=ON
2026-09-16T21:55:15Z  OBSERVE  cartservice  rejection=0.0000  low=267 high=0  state=ON
2026-09-16T21:55:15Z  OBSERVE  checkoutservice  rejection=0.0000  low=267 high=0  state=ON
2026-09-16T21:55:15Z  OBSERVE  currencyservice  rejection=0.0000  low=267 high=0  state=ON
2026-09-16T21:55:15Z  OBSERVE  emailservice  rejection=0.0000  low=267 high=0  state=ON
2026-09-16T21:55:15Z  OBSERVE  paymentservice  rejection=0.0000  low=266 high=0  state=ON
2026-09-16T21:55:15Z  OBSERVE  productcatalogservice  rejection=0.0000  low=266 high=0  state=ON
2026-09-16T21:55:15Z  OBSERVE  recommendationservice  rejection=0.0000  low=266 high=0  state=ON
2026-09-16T21:55:15Z  OBSERVE  shippingservice  rejection=0.0000  low=267 high=0  state=ON
2026-09-16T21:55:16Z  OBSERVE  adservice  rejection=0.0000  low=268 high=0  state=ON
2026-09-16T21:55:16Z  OBSERVE  cartservice  rejection=0.0000  low=268 high=0  state=ON
2026-09-16T21:55:16Z  OBSERVE  checkoutservice  rejection=0.0000  low=268 high=0  state=ON
2026-09-16T21:55:16Z  OBSERVE  currencyservice  rejection=0.0000  low=268 high=0  state=ON
2026-09-16T21:55:16Z  OBSERVE  emailservice  rejection=0.0000  low=268 high=0  state=ON
2026-09-16T21:55:16Z  OBSERVE  paymentservice  rejection=0.0000  low=267 high=0  state=ON
2026-09-16T21:55:16Z  OBSERVE  productcatalogservice  rejection=0.0000  low=267 high=0  state=ON
2026-09-16T21:55:16Z  OBSERVE  recommendationservice  rejection=0.0000  low=267 high=0  state=ON
2026-09-16T21:55:16Z  OBSERVE  shippingservice  rejection=0.0000  low=268 high=0  state=ON
2026-09-16T21:55:17Z  OBSERVE  adservice  rejection=0.0000  low=269 high=0  state=ON
2026-09-16T21:55:17Z  OBSERVE  cartservice  rejection=0.0000  low=269 high=0  state=ON
2026-09-16T21:55:17Z  OBSERVE  checkoutservice  rejection=0.0000  low=269 high=0  state=ON
2026-09-16T21:55:17Z  OBSERVE  currencyservice  rejection=0.0000  low=269 high=0  state=ON
2026-09-16T21:55:17Z  OBSERVE  emailservice  rejection=0.0000  low=269 high=0  state=ON
2026-09-16T21:55:17Z  OBSERVE  paymentservice  rejection=0.0000  low=268 high=0  state=ON
2026-09-16T21:55:17Z  OBSERVE  productcatalogservice  rejection=0.0000  low=268 high=0  state=ON
2026-09-16T21:55:17Z  OBSERVE  recommendationservice  rejection=0.0000  low=268 high=0  state=ON
2026-09-16T21:55:17Z  OBSERVE  shippingservice  rejection=0.0000  low=269 high=0  state=ON
2026-09-16T21:55:18Z  OBSERVE  adservice  rejection=0.0000  low=270 high=0  state=ON
2026-09-16T21:55:18Z  OBSERVE  cartservice  rejection=0.0000  low=270 high=0  state=ON
2026-09-16T21:55:18Z  OBSERVE  checkoutservice  rejection=0.0000  low=270 high=0  state=ON
2026-09-16T21:55:18Z  OBSERVE  currencyservice  rejection=0.0000  low=270 high=0  state=ON
2026-09-16T21:55:18Z  OBSERVE  emailservice  rejection=0.0000  low=270 high=0  state=ON
2026-09-16T21:55:18Z  OBSERVE  paymentservice  rejection=0.0000  low=269 high=0  state=ON
2026-09-16T21:55:18Z  OBSERVE  productcatalogservice  rejection=0.0000  low=269 high=0  state=ON
2026-09-16T21:55:18Z  OBSERVE  recommendationservice  rejection=0.0000  low=269 high=0  state=ON
2026-09-16T21:55:18Z  OBSERVE  shippingservice  rejection=0.0000  low=270 high=0  state=ON
2026-09-16T21:55:19Z  OBSERVE  adservice  rejection=0.0000  low=271 high=0  state=ON
2026-09-16T21:55:19Z  OBSERVE  cartservice  rejection=0.0000  low=271 high=0  state=ON
2026-09-16T21:55:19Z  OBSERVE  checkoutservice  rejection=0.0000  low=271 high=0  state=ON
2026-09-16T21:55:19Z  OBSERVE  currencyservice  rejection=0.0000  low=271 high=0  state=ON
2026-09-16T21:55:19Z  OBSERVE  emailservice  rejection=0.0000  low=271 high=0  state=ON
2026-09-16T21:55:19Z  OBSERVE  paymentservice  rejection=0.0000  low=270 high=0  state=ON
2026-09-16T21:55:19Z  OBSERVE  productcatalogservice  rejection=0.0000  low=270 high=0  state=ON
2026-09-16T21:55:19Z  OBSERVE  recommendationservice  rejection=0.0000  low=270 high=0  state=ON
2026-09-16T21:55:19Z  OBSERVE  shippingservice  rejection=0.0000  low=271 high=0  state=ON
2026-09-16T21:55:20Z  OBSERVE  adservice  rejection=0.0000  low=272 high=0  state=ON
2026-09-16T21:55:20Z  OBSERVE  cartservice  rejection=0.0000  low=272 high=0  state=ON
2026-09-16T21:55:20Z  OBSERVE  checkoutservice  rejection=0.0000  low=272 high=0  state=ON
2026-09-16T21:55:20Z  OBSERVE  currencyservice  rejection=0.0000  low=272 high=0  state=ON
2026-09-16T21:55:20Z  OBSERVE  emailservice  rejection=0.0000  low=272 high=0  state=ON
2026-09-16T21:55:20Z  OBSERVE  paymentservice  rejection=0.0000  low=271 high=0  state=ON
2026-09-16T21:55:20Z  OBSERVE  productcatalogservice  rejection=0.0000  low=271 high=0  state=ON
2026-09-16T21:55:20Z  OBSERVE  recommendationservice  rejection=0.0000  low=271 high=0  state=ON
2026-09-16T21:55:20Z  OBSERVE  shippingservice  rejection=0.0000  low=272 high=0  state=ON
2026-09-16T21:55:21Z  OBSERVE  adservice  rejection=0.0000  low=273 high=0  state=ON
2026-09-16T21:55:21Z  OBSERVE  cartservice  rejection=0.0000  low=273 high=0  state=ON
2026-09-16T21:55:21Z  OBSERVE  checkoutservice  rejection=0.0000  low=273 high=0  state=ON
2026-09-16T21:55:21Z  OBSERVE  currencyservice  rejection=0.0000  low=273 high=0  state=ON
2026-09-16T21:55:21Z  OBSERVE  emailservice  rejection=0.0000  low=273 high=0  state=ON
2026-09-16T21:55:21Z  OBSERVE  paymentservice  rejection=0.0000  low=272 high=0  state=ON
2026-09-16T21:55:21Z  OBSERVE  productcatalogservice  rejection=0.0000  low=272 high=0  state=ON
2026-09-16T21:55:21Z  OBSERVE  recommendationservice  rejection=0.0000  low=272 high=0  state=ON
2026-09-16T21:55:21Z  OBSERVE  shippingservice  rejection=0.0000  low=273 high=0  state=ON
2026-09-16T21:55:22Z  OBSERVE  adservice  rejection=0.0000  low=274 high=0  state=ON
2026-09-16T21:55:22Z  OBSERVE  cartservice  rejection=0.0000  low=274 high=0  state=ON
2026-09-16T21:55:22Z  OBSERVE  checkoutservice  rejection=0.0000  low=274 high=0  state=ON
2026-09-16T21:55:22Z  OBSERVE  currencyservice  rejection=0.0000  low=274 high=0  state=ON
2026-09-16T21:55:22Z  OBSERVE  emailservice  rejection=0.0000  low=274 high=0  state=ON
2026-09-16T21:55:22Z  OBSERVE  paymentservice  rejection=0.0000  low=273 high=0  state=ON
2026-09-16T21:55:22Z  OBSERVE  productcatalogservice  rejection=0.0000  low=273 high=0  state=ON
2026-09-16T21:55:22Z  OBSERVE  recommendationservice  rejection=0.0000  low=273 high=0  state=ON
2026-09-16T21:55:22Z  OBSERVE  shippingservice  rejection=0.0000  low=274 high=0  state=ON
2026-09-16T21:55:23Z  OBSERVE  adservice  rejection=0.0000  low=275 high=0  state=ON
2026-09-16T21:55:23Z  OBSERVE  cartservice  rejection=0.0000  low=275 high=0  state=ON
2026-09-16T21:55:23Z  OBSERVE  checkoutservice  rejection=0.0000  low=275 high=0  state=ON
2026-09-16T21:55:23Z  OBSERVE  currencyservice  rejection=0.0000  low=275 high=0  state=ON
2026-09-16T21:55:23Z  OBSERVE  emailservice  rejection=0.0000  low=275 high=0  state=ON
2026-09-16T21:55:23Z  OBSERVE  paymentservice  rejection=0.0000  low=274 high=0  state=ON
2026-09-16T21:55:23Z  OBSERVE  productcatalogservice  rejection=0.0000  low=274 high=0  state=ON
2026-09-16T21:55:23Z  OBSERVE  recommendationservice  rejection=0.0000  low=274 high=0  state=ON
2026-09-16T21:55:23Z  OBSERVE  shippingservice  rejection=0.0000  low=275 high=0  state=ON
2026-09-16T21:55:24Z  OBSERVE  adservice  rejection=0.0000  low=276 high=0  state=ON
2026-09-16T21:55:24Z  OBSERVE  cartservice  rejection=0.0000  low=276 high=0  state=ON
2026-09-16T21:55:24Z  OBSERVE  checkoutservice  rejection=0.0000  low=276 high=0  state=ON
2026-09-16T21:55:24Z  OBSERVE  currencyservice  rejection=0.0000  low=276 high=0  state=ON
2026-09-16T21:55:24Z  OBSERVE  emailservice  rejection=0.0000  low=276 high=0  state=ON
2026-09-16T21:55:24Z  OBSERVE  paymentservice  rejection=0.0000  low=275 high=0  state=ON
2026-09-16T21:55:24Z  OBSERVE  productcatalogservice  rejection=0.0000  low=275 high=0  state=ON
2026-09-16T21:55:24Z  OBSERVE  recommendationservice  rejection=0.0000  low=275 high=0  state=ON
2026-09-16T21:55:24Z  OBSERVE  shippingservice  rejection=0.0000  low=276 high=0  state=ON
2026-09-16T21:55:25Z  OBSERVE  adservice  rejection=0.0000  low=277 high=0  state=ON
2026-09-16T21:55:25Z  OBSERVE  cartservice  rejection=0.0000  low=277 high=0  state=ON
2026-09-16T21:55:25Z  OBSERVE  checkoutservice  rejection=0.0000  low=277 high=0  state=ON
2026-09-16T21:55:25Z  OBSERVE  currencyservice  rejection=0.0000  low=277 high=0  state=ON
2026-09-16T21:55:25Z  OBSERVE  emailservice  rejection=0.0000  low=277 high=0  state=ON
2026-09-16T21:55:25Z  OBSERVE  paymentservice  rejection=0.0000  low=276 high=0  state=ON
2026-09-16T21:55:25Z  OBSERVE  productcatalogservice  rejection=0.0000  low=276 high=0  state=ON
2026-09-16T21:55:25Z  OBSERVE  recommendationservice  rejection=0.0000  low=276 high=0  state=ON
2026-09-16T21:55:25Z  OBSERVE  shippingservice  rejection=0.0000  low=277 high=0  state=ON
2026-09-16T21:55:26Z  OBSERVE  adservice  rejection=0.0000  low=278 high=0  state=ON
2026-09-16T21:55:26Z  OBSERVE  cartservice  rejection=0.0000  low=278 high=0  state=ON
2026-09-16T21:55:26Z  OBSERVE  checkoutservice  rejection=0.0000  low=278 high=0  state=ON
2026-09-16T21:55:26Z  OBSERVE  currencyservice  rejection=0.0000  low=278 high=0  state=ON
2026-09-16T21:55:26Z  OBSERVE  emailservice  rejection=0.0000  low=278 high=0  state=ON
2026-09-16T21:55:26Z  OBSERVE  paymentservice  rejection=0.0000  low=277 high=0  state=ON
2026-09-16T21:55:26Z  OBSERVE  productcatalogservice  rejection=0.0000  low=277 high=0  state=ON
2026-09-16T21:55:26Z  OBSERVE  recommendationservice  rejection=0.0000  low=277 high=0  state=ON
2026-09-16T21:55:26Z  OBSERVE  shippingservice  rejection=0.0000  low=278 high=0  state=ON
2026-09-16T21:55:27Z  OBSERVE  adservice  rejection=0.0000  low=279 high=0  state=ON
2026-09-16T21:55:27Z  OBSERVE  cartservice  rejection=0.0000  low=279 high=0  state=ON
2026-09-16T21:55:27Z  OBSERVE  checkoutservice  rejection=0.0000  low=279 high=0  state=ON
2026-09-16T21:55:27Z  OBSERVE  currencyservice  rejection=0.0000  low=279 high=0  state=ON
2026-09-16T21:55:27Z  OBSERVE  emailservice  rejection=0.0000  low=279 high=0  state=ON
2026-09-16T21:55:27Z  OBSERVE  paymentservice  rejection=0.0000  low=278 high=0  state=ON
2026-09-16T21:55:27Z  OBSERVE  productcatalogservice  rejection=0.0000  low=278 high=0  state=ON
2026-09-16T21:55:27Z  OBSERVE  recommendationservice  rejection=0.0000  low=278 high=0  state=ON
2026-09-16T21:55:27Z  OBSERVE  shippingservice  rejection=0.0000  low=279 high=0  state=ON
2026-09-16T21:55:28Z  OBSERVE  adservice  rejection=0.0000  low=280 high=0  state=ON
2026-09-16T21:55:28Z  OBSERVE  cartservice  rejection=0.0000  low=280 high=0  state=ON
2026-09-16T21:55:28Z  OBSERVE  checkoutservice  rejection=0.0000  low=280 high=0  state=ON
2026-09-16T21:55:28Z  OBSERVE  currencyservice  rejection=0.0000  low=280 high=0  state=ON
2026-09-16T21:55:28Z  OBSERVE  emailservice  rejection=0.0000  low=280 high=0  state=ON
2026-09-16T21:55:28Z  OBSERVE  paymentservice  rejection=0.0000  low=279 high=0  state=ON
2026-09-16T21:55:28Z  OBSERVE  productcatalogservice  rejection=0.0000  low=279 high=0  state=ON
2026-09-16T21:55:28Z  OBSERVE  recommendationservice  rejection=0.0000  low=279 high=0  state=ON
2026-09-16T21:55:28Z  OBSERVE  shippingservice  rejection=0.0000  low=280 high=0  state=ON
2026-09-16T21:55:29Z  OBSERVE  adservice  rejection=0.0000  low=281 high=0  state=ON
2026-09-16T21:55:29Z  OBSERVE  cartservice  rejection=0.0000  low=281 high=0  state=ON
2026-09-16T21:55:29Z  OBSERVE  checkoutservice  rejection=0.0000  low=281 high=0  state=ON
2026-09-16T21:55:29Z  OBSERVE  currencyservice  rejection=0.0000  low=281 high=0  state=ON
2026-09-16T21:55:29Z  OBSERVE  emailservice  rejection=0.0000  low=281 high=0  state=ON
2026-09-16T21:55:29Z  OBSERVE  paymentservice  rejection=0.0000  low=280 high=0  state=ON
2026-09-16T21:55:29Z  OBSERVE  productcatalogservice  rejection=0.0000  low=280 high=0  state=ON
2026-09-16T21:55:29Z  OBSERVE  recommendationservice  rejection=0.0000  low=280 high=0  state=ON
2026-09-16T21:55:29Z  OBSERVE  shippingservice  rejection=0.0000  low=281 high=0  state=ON
2026-09-16T21:55:30Z  OBSERVE  adservice  rejection=0.0000  low=282 high=0  state=ON
2026-09-16T21:55:30Z  OBSERVE  cartservice  rejection=0.0000  low=282 high=0  state=ON
2026-09-16T21:55:30Z  OBSERVE  checkoutservice  rejection=0.0000  low=282 high=0  state=ON
2026-09-16T21:55:30Z  OBSERVE  currencyservice  rejection=0.0000  low=282 high=0  state=ON
2026-09-16T21:55:30Z  OBSERVE  emailservice  rejection=0.0000  low=282 high=0  state=ON
2026-09-16T21:55:30Z  OBSERVE  paymentservice  rejection=0.0000  low=281 high=0  state=ON
2026-09-16T21:55:30Z  OBSERVE  productcatalogservice  rejection=0.0000  low=281 high=0  state=ON
2026-09-16T21:55:30Z  OBSERVE  recommendationservice  rejection=0.0000  low=281 high=0  state=ON
2026-09-16T21:55:30Z  OBSERVE  shippingservice  rejection=0.0000  low=282 high=0  state=ON
2026-09-16T21:55:31Z  OBSERVE  adservice  rejection=0.0000  low=283 high=0  state=ON
2026-09-16T21:55:31Z  OBSERVE  cartservice  rejection=0.0000  low=283 high=0  state=ON
2026-09-16T21:55:31Z  OBSERVE  checkoutservice  rejection=0.0000  low=283 high=0  state=ON
2026-09-16T21:55:31Z  OBSERVE  currencyservice  rejection=0.0000  low=283 high=0  state=ON
2026-09-16T21:55:31Z  OBSERVE  emailservice  rejection=0.0000  low=283 high=0  state=ON
2026-09-16T21:55:31Z  OBSERVE  paymentservice  rejection=0.0000  low=282 high=0  state=ON
2026-09-16T21:55:31Z  OBSERVE  productcatalogservice  rejection=0.0000  low=282 high=0  state=ON
2026-09-16T21:55:31Z  OBSERVE  recommendationservice  rejection=0.0000  low=282 high=0  state=ON
2026-09-16T21:55:31Z  OBSERVE  shippingservice  rejection=0.0000  low=283 high=0  state=ON
2026-09-16T21:55:32Z  OBSERVE  adservice  rejection=0.0000  low=284 high=0  state=ON
2026-09-16T21:55:32Z  OBSERVE  cartservice  rejection=0.0000  low=284 high=0  state=ON
2026-09-16T21:55:32Z  OBSERVE  checkoutservice  rejection=0.0000  low=284 high=0  state=ON
2026-09-16T21:55:32Z  OBSERVE  currencyservice  rejection=0.0000  low=284 high=0  state=ON
2026-09-16T21:55:32Z  OBSERVE  emailservice  rejection=0.0000  low=284 high=0  state=ON
2026-09-16T21:55:32Z  OBSERVE  paymentservice  rejection=0.0000  low=283 high=0  state=ON
2026-09-16T21:55:32Z  OBSERVE  productcatalogservice  rejection=0.0000  low=283 high=0  state=ON
2026-09-16T21:55:32Z  OBSERVE  recommendationservice  rejection=0.0000  low=283 high=0  state=ON
2026-09-16T21:55:32Z  OBSERVE  shippingservice  rejection=0.0000  low=284 high=0  state=ON
2026-09-16T21:55:33Z  OBSERVE  adservice  rejection=0.0000  low=285 high=0  state=ON
2026-09-16T21:55:33Z  OBSERVE  cartservice  rejection=0.0000  low=285 high=0  state=ON
2026-09-16T21:55:33Z  OBSERVE  checkoutservice  rejection=0.0000  low=285 high=0  state=ON
2026-09-16T21:55:33Z  OBSERVE  currencyservice  rejection=0.0000  low=285 high=0  state=ON
2026-09-16T21:55:33Z  OBSERVE  emailservice  rejection=0.0000  low=285 high=0  state=ON
2026-09-16T21:55:33Z  OBSERVE  paymentservice  rejection=0.0000  low=284 high=0  state=ON
2026-09-16T21:55:33Z  OBSERVE  productcatalogservice  rejection=0.0000  low=284 high=0  state=ON
2026-09-16T21:55:33Z  OBSERVE  recommendationservice  rejection=0.0000  low=284 high=0  state=ON
2026-09-16T21:55:33Z  OBSERVE  shippingservice  rejection=0.0000  low=285 high=0  state=ON
2026-09-16T21:55:34Z  OBSERVE  adservice  rejection=0.0000  low=286 high=0  state=ON
2026-09-16T21:55:34Z  OBSERVE  cartservice  rejection=0.0000  low=286 high=0  state=ON
2026-09-16T21:55:34Z  OBSERVE  checkoutservice  rejection=0.0000  low=286 high=0  state=ON
2026-09-16T21:55:34Z  OBSERVE  currencyservice  rejection=0.0000  low=286 high=0  state=ON
2026-09-16T21:55:34Z  OBSERVE  emailservice  rejection=0.0000  low=286 high=0  state=ON
2026-09-16T21:55:34Z  OBSERVE  paymentservice  rejection=0.0000  low=285 high=0  state=ON
2026-09-16T21:55:34Z  OBSERVE  productcatalogservice  rejection=0.0000  low=285 high=0  state=ON
2026-09-16T21:55:34Z  OBSERVE  recommendationservice  rejection=0.0000  low=285 high=0  state=ON
2026-09-16T21:55:34Z  OBSERVE  shippingservice  rejection=0.0000  low=286 high=0  state=ON
2026-09-16T21:55:35Z  OBSERVE  adservice  rejection=0.0000  low=287 high=0  state=ON
2026-09-16T21:55:35Z  OBSERVE  cartservice  rejection=0.0000  low=287 high=0  state=ON
2026-09-16T21:55:35Z  OBSERVE  checkoutservice  rejection=0.0000  low=287 high=0  state=ON
2026-09-16T21:55:35Z  OBSERVE  currencyservice  rejection=0.0000  low=287 high=0  state=ON
2026-09-16T21:55:35Z  OBSERVE  emailservice  rejection=0.0000  low=287 high=0  state=ON
2026-09-16T21:55:35Z  OBSERVE  paymentservice  rejection=0.0000  low=286 high=0  state=ON
2026-09-16T21:55:35Z  OBSERVE  productcatalogservice  rejection=0.0000  low=286 high=0  state=ON
2026-09-16T21:55:35Z  OBSERVE  recommendationservice  rejection=0.0000  low=286 high=0  state=ON
2026-09-16T21:55:35Z  OBSERVE  shippingservice  rejection=0.0000  low=287 high=0  state=ON
2026-09-16T21:55:36Z  OBSERVE  adservice  rejection=0.0000  low=288 high=0  state=ON
2026-09-16T21:55:36Z  OBSERVE  cartservice  rejection=0.0000  low=288 high=0  state=ON
2026-09-16T21:55:36Z  OBSERVE  checkoutservice  rejection=0.0000  low=288 high=0  state=ON
2026-09-16T21:55:36Z  OBSERVE  currencyservice  rejection=0.0000  low=288 high=0  state=ON
2026-09-16T21:55:36Z  OBSERVE  emailservice  rejection=0.0000  low=288 high=0  state=ON
2026-09-16T21:55:36Z  OBSERVE  paymentservice  rejection=0.0000  low=287 high=0  state=ON
2026-09-16T21:55:36Z  OBSERVE  productcatalogservice  rejection=0.0000  low=287 high=0  state=ON
2026-09-16T21:55:36Z  OBSERVE  recommendationservice  rejection=0.0000  low=287 high=0  state=ON
2026-09-16T21:55:36Z  OBSERVE  shippingservice  rejection=0.0000  low=288 high=0  state=ON
2026-09-16T21:55:37Z  OBSERVE  adservice  rejection=0.0000  low=289 high=0  state=ON
2026-09-16T21:55:37Z  OBSERVE  cartservice  rejection=0.0000  low=289 high=0  state=ON
2026-09-16T21:55:37Z  OBSERVE  checkoutservice  rejection=0.0000  low=289 high=0  state=ON
2026-09-16T21:55:37Z  OBSERVE  currencyservice  rejection=0.0000  low=289 high=0  state=ON
2026-09-16T21:55:37Z  OBSERVE  emailservice  rejection=0.0000  low=289 high=0  state=ON
2026-09-16T21:55:37Z  OBSERVE  paymentservice  rejection=0.0000  low=288 high=0  state=ON
2026-09-16T21:55:37Z  OBSERVE  productcatalogservice  rejection=0.0000  low=288 high=0  state=ON
2026-09-16T21:55:37Z  OBSERVE  recommendationservice  rejection=0.0000  low=288 high=0  state=ON
2026-09-16T21:55:37Z  OBSERVE  shippingservice  rejection=0.0000  low=289 high=0  state=ON
2026-09-16T21:55:38Z  OBSERVE  adservice  rejection=0.0000  low=290 high=0  state=ON
2026-09-16T21:55:38Z  OBSERVE  cartservice  rejection=0.0000  low=290 high=0  state=ON
2026-09-16T21:55:38Z  OBSERVE  checkoutservice  rejection=0.0000  low=290 high=0  state=ON
2026-09-16T21:55:38Z  OBSERVE  currencyservice  rejection=0.0000  low=290 high=0  state=ON
2026-09-16T21:55:38Z  OBSERVE  emailservice  rejection=0.0000  low=290 high=0  state=ON
2026-09-16T21:55:38Z  OBSERVE  paymentservice  rejection=0.0000  low=289 high=0  state=ON
2026-09-16T21:55:38Z  OBSERVE  productcatalogservice  rejection=0.0000  low=289 high=0  state=ON
2026-09-16T21:55:38Z  OBSERVE  recommendationservice  rejection=0.0000  low=289 high=0  state=ON
2026-09-16T21:55:38Z  OBSERVE  shippingservice  rejection=0.0000  low=290 high=0  state=ON
2026-09-16T21:55:39Z  OBSERVE  adservice  rejection=0.0000  low=291 high=0  state=ON
2026-09-16T21:55:39Z  OBSERVE  cartservice  rejection=0.0000  low=291 high=0  state=ON
2026-09-16T21:55:39Z  OBSERVE  checkoutservice  rejection=0.0000  low=291 high=0  state=ON
2026-09-16T21:55:39Z  OBSERVE  currencyservice  rejection=0.0000  low=291 high=0  state=ON
2026-09-16T21:55:39Z  OBSERVE  emailservice  rejection=0.0000  low=291 high=0  state=ON
2026-09-16T21:55:39Z  OBSERVE  paymentservice  rejection=0.0000  low=290 high=0  state=ON
2026-09-16T21:55:39Z  OBSERVE  productcatalogservice  rejection=0.0000  low=290 high=0  state=ON
2026-09-16T21:55:39Z  OBSERVE  recommendationservice  rejection=0.0000  low=290 high=0  state=ON
2026-09-16T21:55:39Z  OBSERVE  shippingservice  rejection=0.0000  low=291 high=0  state=ON
2026-09-16T21:55:40Z  OBSERVE  adservice  rejection=0.0000  low=292 high=0  state=ON
2026-09-16T21:55:40Z  OBSERVE  cartservice  rejection=0.0000  low=292 high=0  state=ON
2026-09-16T21:55:40Z  OBSERVE  checkoutservice  rejection=0.0000  low=292 high=0  state=ON
2026-09-16T21:55:40Z  OBSERVE  currencyservice  rejection=0.0000  low=292 high=0  state=ON
2026-09-16T21:55:40Z  OBSERVE  emailservice  rejection=0.0000  low=292 high=0  state=ON
2026-09-16T21:55:40Z  OBSERVE  paymentservice  rejection=0.0000  low=291 high=0  state=ON
2026-09-16T21:55:40Z  OBSERVE  productcatalogservice  rejection=0.0000  low=291 high=0  state=ON
2026-09-16T21:55:40Z  OBSERVE  recommendationservice  rejection=0.0000  low=291 high=0  state=ON
2026-09-16T21:55:40Z  OBSERVE  shippingservice  rejection=0.0000  low=292 high=0  state=ON
2026-09-16T21:55:41Z  OBSERVE  adservice  rejection=0.0000  low=293 high=0  state=ON
2026-09-16T21:55:41Z  OBSERVE  cartservice  rejection=0.0000  low=293 high=0  state=ON
2026-09-16T21:55:41Z  OBSERVE  checkoutservice  rejection=0.0000  low=293 high=0  state=ON
2026-09-16T21:55:41Z  OBSERVE  currencyservice  rejection=0.0000  low=293 high=0  state=ON
2026-09-16T21:55:41Z  OBSERVE  emailservice  rejection=0.0000  low=293 high=0  state=ON
2026-09-16T21:55:41Z  OBSERVE  paymentservice  rejection=0.0000  low=292 high=0  state=ON
2026-09-16T21:55:41Z  OBSERVE  productcatalogservice  rejection=0.0000  low=292 high=0  state=ON
2026-09-16T21:55:41Z  OBSERVE  recommendationservice  rejection=0.0000  low=292 high=0  state=ON
2026-09-16T21:55:41Z  OBSERVE  shippingservice  rejection=0.0000  low=293 high=0  state=ON
2026-09-16T21:55:42Z  OBSERVE  adservice  rejection=0.0000  low=294 high=0  state=ON
2026-09-16T21:55:42Z  OBSERVE  cartservice  rejection=0.0000  low=294 high=0  state=ON
2026-09-16T21:55:42Z  OBSERVE  checkoutservice  rejection=0.0000  low=294 high=0  state=ON
2026-09-16T21:55:42Z  OBSERVE  currencyservice  rejection=0.0000  low=294 high=0  state=ON
2026-09-16T21:55:42Z  OBSERVE  emailservice  rejection=0.0000  low=294 high=0  state=ON
2026-09-16T21:55:42Z  OBSERVE  paymentservice  rejection=0.0000  low=293 high=0  state=ON
2026-09-16T21:55:42Z  OBSERVE  productcatalogservice  rejection=0.0000  low=293 high=0  state=ON
2026-09-16T21:55:42Z  OBSERVE  recommendationservice  rejection=0.0000  low=293 high=0  state=ON
2026-09-16T21:55:42Z  OBSERVE  shippingservice  rejection=0.0000  low=294 high=0  state=ON
2026-09-16T21:55:43Z  OBSERVE  adservice  rejection=0.0000  low=295 high=0  state=ON
2026-09-16T21:55:43Z  OBSERVE  cartservice  rejection=0.0000  low=295 high=0  state=ON
2026-09-16T21:55:43Z  OBSERVE  checkoutservice  rejection=0.0000  low=295 high=0  state=ON
2026-09-16T21:55:43Z  OBSERVE  currencyservice  rejection=0.0000  low=295 high=0  state=ON
2026-09-16T21:55:43Z  OBSERVE  emailservice  rejection=0.0000  low=295 high=0  state=ON
2026-09-16T21:55:43Z  OBSERVE  paymentservice  rejection=0.0000  low=294 high=0  state=ON
2026-09-16T21:55:43Z  OBSERVE  productcatalogservice  rejection=0.0000  low=294 high=0  state=ON
2026-09-16T21:55:43Z  OBSERVE  recommendationservice  rejection=0.0000  low=294 high=0  state=ON
2026-09-16T21:55:43Z  OBSERVE  shippingservice  rejection=0.0000  low=295 high=0  state=ON
2026-09-16T21:55:44Z  OBSERVE  adservice  rejection=0.0000  low=296 high=0  state=ON
2026-09-16T21:55:44Z  OBSERVE  cartservice  rejection=0.0000  low=296 high=0  state=ON
2026-09-16T21:55:44Z  OBSERVE  checkoutservice  rejection=0.0000  low=296 high=0  state=ON
2026-09-16T21:55:44Z  OBSERVE  currencyservice  rejection=0.0000  low=296 high=0  state=ON
2026-09-16T21:55:44Z  OBSERVE  emailservice  rejection=0.0000  low=296 high=0  state=ON
2026-09-16T21:55:44Z  OBSERVE  paymentservice  rejection=0.0000  low=295 high=0  state=ON
2026-09-16T21:55:44Z  OBSERVE  productcatalogservice  rejection=0.0000  low=295 high=0  state=ON
2026-09-16T21:55:44Z  OBSERVE  recommendationservice  rejection=0.0000  low=295 high=0  state=ON
2026-09-16T21:55:44Z  OBSERVE  shippingservice  rejection=0.0000  low=296 high=0  state=ON
2026-09-16T21:55:45Z  OBSERVE  adservice  rejection=0.0000  low=297 high=0  state=ON
2026-09-16T21:55:45Z  OBSERVE  cartservice  rejection=0.0000  low=297 high=0  state=ON
2026-09-16T21:55:45Z  OBSERVE  checkoutservice  rejection=0.0000  low=297 high=0  state=ON
2026-09-16T21:55:45Z  OBSERVE  currencyservice  rejection=0.0000  low=297 high=0  state=ON
2026-09-16T21:55:45Z  OBSERVE  emailservice  rejection=0.0000  low=297 high=0  state=ON
2026-09-16T21:55:45Z  OBSERVE  paymentservice  rejection=0.0000  low=296 high=0  state=ON
2026-09-16T21:55:45Z  OBSERVE  productcatalogservice  rejection=0.0000  low=296 high=0  state=ON
2026-09-16T21:55:45Z  OBSERVE  recommendationservice  rejection=0.0000  low=296 high=0  state=ON
2026-09-16T21:55:45Z  OBSERVE  shippingservice  rejection=0.0000  low=297 high=0  state=ON
2026-09-16T21:55:46Z  OBSERVE  adservice  rejection=0.0000  low=298 high=0  state=ON
2026-09-16T21:55:46Z  OBSERVE  cartservice  rejection=0.0000  low=298 high=0  state=ON
2026-09-16T21:55:46Z  OBSERVE  checkoutservice  rejection=0.0000  low=298 high=0  state=ON
2026-09-16T21:55:46Z  OBSERVE  currencyservice  rejection=0.0000  low=298 high=0  state=ON
2026-09-16T21:55:46Z  OBSERVE  emailservice  rejection=0.0000  low=298 high=0  state=ON
2026-09-16T21:55:46Z  OBSERVE  paymentservice  rejection=0.0000  low=297 high=0  state=ON
2026-09-16T21:55:46Z  OBSERVE  productcatalogservice  rejection=0.0000  low=297 high=0  state=ON
2026-09-16T21:55:46Z  OBSERVE  recommendationservice  rejection=0.0000  low=297 high=0  state=ON
2026-09-16T21:55:46Z  OBSERVE  shippingservice  rejection=0.0000  low=298 high=0  state=ON
2026-09-16T21:55:47Z  OBSERVE  adservice  rejection=0.0000  low=299 high=0  state=ON
2026-09-16T21:55:47Z  OBSERVE  cartservice  rejection=0.0000  low=299 high=0  state=ON
2026-09-16T21:55:47Z  OBSERVE  checkoutservice  rejection=0.0000  low=299 high=0  state=ON
2026-09-16T21:55:47Z  OBSERVE  currencyservice  rejection=0.0000  low=299 high=0  state=ON
2026-09-16T21:55:47Z  OBSERVE  emailservice  rejection=0.0000  low=299 high=0  state=ON
2026-09-16T21:55:47Z  OBSERVE  paymentservice  rejection=0.0000  low=298 high=0  state=ON
2026-09-16T21:55:47Z  OBSERVE  productcatalogservice  rejection=0.0000  low=298 high=0  state=ON
2026-09-16T21:55:47Z  OBSERVE  recommendationservice  rejection=0.0000  low=298 high=0  state=ON
2026-09-16T21:55:47Z  OBSERVE  shippingservice  rejection=0.0000  low=299 high=0  state=ON
2026-09-16T21:55:48Z  OBSERVE  adservice  rejection=0.0000  low=300 high=0  state=ON
2026-09-16T21:55:48Z  OBSERVE  cartservice  rejection=0.0000  low=300 high=0  state=ON
2026-09-16T21:55:48Z  OBSERVE  checkoutservice  rejection=0.0000  low=300 high=0  state=ON
2026-09-16T21:55:48Z  OBSERVE  currencyservice  rejection=0.0000  low=300 high=0  state=ON
2026-09-16T21:55:48Z  OBSERVE  emailservice  rejection=0.0000  low=300 high=0  state=ON
2026-09-16T21:55:48Z  OBSERVE  paymentservice  rejection=0.0000  low=299 high=0  state=ON
2026-09-16T21:55:48Z  OBSERVE  productcatalogservice  rejection=0.0000  low=299 high=0  state=ON
2026-09-16T21:55:48Z  OBSERVE  recommendationservice  rejection=0.0000  low=299 high=0  state=ON
2026-09-16T21:55:48Z  OBSERVE  shippingservice  rejection=0.0000  low=300 high=0  state=ON
2026-09-16T21:55:49Z  OBSERVE  adservice  rejection=0.0000  low=301 high=0  state=ON
2026-09-16T21:55:49Z  OBSERVE  cartservice  rejection=0.0000  low=301 high=0  state=ON
2026-09-16T21:55:49Z  OBSERVE  checkoutservice  rejection=0.0000  low=301 high=0  state=ON
2026-09-16T21:55:49Z  OBSERVE  currencyservice  rejection=0.0000  low=301 high=0  state=ON
2026-09-16T21:55:49Z  OBSERVE  emailservice  rejection=0.0000  low=301 high=0  state=ON
2026-09-16T21:55:49Z  OBSERVE  paymentservice  rejection=0.0000  low=300 high=0  state=ON
2026-09-16T21:55:49Z  OBSERVE  productcatalogservice  rejection=0.0000  low=300 high=0  state=ON
2026-09-16T21:55:49Z  OBSERVE  recommendationservice  rejection=0.0000  low=300 high=0  state=ON
2026-09-16T21:55:49Z  OBSERVE  shippingservice  rejection=0.0000  low=301 high=0  state=ON
2026-09-16T21:55:50Z  OBSERVE  adservice  rejection=0.0000  low=302 high=0  state=ON
2026-09-16T21:55:50Z  OBSERVE  cartservice  rejection=0.0000  low=302 high=0  state=ON
2026-09-16T21:55:50Z  OBSERVE  checkoutservice  rejection=0.0000  low=302 high=0  state=ON
2026-09-16T21:55:50Z  OBSERVE  currencyservice  rejection=0.0000  low=302 high=0  state=ON
2026-09-16T21:55:50Z  OBSERVE  emailservice  rejection=0.0000  low=302 high=0  state=ON
2026-09-16T21:55:50Z  OBSERVE  paymentservice  rejection=0.0000  low=301 high=0  state=ON
2026-09-16T21:55:50Z  OBSERVE  productcatalogservice  rejection=0.0000  low=301 high=0  state=ON
2026-09-16T21:55:50Z  OBSERVE  recommendationservice  rejection=0.0000  low=301 high=0  state=ON
2026-09-16T21:55:50Z  OBSERVE  shippingservice  rejection=0.0000  low=302 high=0  state=ON
2026-09-16T21:55:51Z  OBSERVE  adservice  rejection=0.0000  low=303 high=0  state=ON
2026-09-16T21:55:51Z  OBSERVE  cartservice  rejection=0.0000  low=303 high=0  state=ON
2026-09-16T21:55:51Z  OBSERVE  checkoutservice  rejection=0.0000  low=303 high=0  state=ON
2026-09-16T21:55:51Z  OBSERVE  currencyservice  rejection=0.0000  low=303 high=0  state=ON
2026-09-16T21:55:51Z  OBSERVE  emailservice  rejection=0.0000  low=303 high=0  state=ON
2026-09-16T21:55:51Z  OBSERVE  paymentservice  rejection=0.0000  low=302 high=0  state=ON
2026-09-16T21:55:51Z  OBSERVE  productcatalogservice  rejection=0.0000  low=302 high=0  state=ON
2026-09-16T21:55:51Z  OBSERVE  recommendationservice  rejection=0.0000  low=302 high=0  state=ON
2026-09-16T21:55:51Z  OBSERVE  shippingservice  rejection=0.0000  low=303 high=0  state=ON
2026-09-16T21:55:52Z  OBSERVE  adservice  rejection=0.0000  low=304 high=0  state=ON
2026-09-16T21:55:52Z  OBSERVE  cartservice  rejection=0.0000  low=304 high=0  state=ON
2026-09-16T21:55:52Z  OBSERVE  checkoutservice  rejection=0.0000  low=304 high=0  state=ON
2026-09-16T21:55:52Z  OBSERVE  currencyservice  rejection=0.0000  low=304 high=0  state=ON
2026-09-16T21:55:52Z  OBSERVE  emailservice  rejection=0.0000  low=304 high=0  state=ON
2026-09-16T21:55:52Z  OBSERVE  paymentservice  rejection=0.0000  low=303 high=0  state=ON
2026-09-16T21:55:52Z  OBSERVE  productcatalogservice  rejection=0.0000  low=303 high=0  state=ON
2026-09-16T21:55:52Z  OBSERVE  recommendationservice  rejection=0.0000  low=303 high=0  state=ON
2026-09-16T21:55:52Z  OBSERVE  shippingservice  rejection=0.0000  low=304 high=0  state=ON
2026-09-16T21:55:53Z  OBSERVE  adservice  rejection=0.0000  low=305 high=0  state=ON
2026-09-16T21:55:53Z  OBSERVE  cartservice  rejection=0.0000  low=305 high=0  state=ON
2026-09-16T21:55:53Z  OBSERVE  checkoutservice  rejection=0.0000  low=305 high=0  state=ON
2026-09-16T21:55:53Z  OBSERVE  currencyservice  rejection=0.0000  low=305 high=0  state=ON
2026-09-16T21:55:53Z  OBSERVE  emailservice  rejection=0.0000  low=305 high=0  state=ON
2026-09-16T21:55:53Z  OBSERVE  paymentservice  rejection=0.0000  low=304 high=0  state=ON
2026-09-16T21:55:53Z  OBSERVE  productcatalogservice  rejection=0.0000  low=304 high=0  state=ON
2026-09-16T21:55:53Z  OBSERVE  recommendationservice  rejection=0.0000  low=304 high=0  state=ON
2026-09-16T21:55:53Z  OBSERVE  shippingservice  rejection=0.0000  low=305 high=0  state=ON
2026-09-16T21:55:54Z  OBSERVE  adservice  rejection=0.0000  low=306 high=0  state=ON
2026-09-16T21:55:54Z  OBSERVE  cartservice  rejection=0.0000  low=306 high=0  state=ON
2026-09-16T21:55:54Z  OBSERVE  checkoutservice  rejection=0.0000  low=306 high=0  state=ON
2026-09-16T21:55:54Z  OBSERVE  currencyservice  rejection=0.0000  low=306 high=0  state=ON
2026-09-16T21:55:54Z  OBSERVE  emailservice  rejection=0.0000  low=306 high=0  state=ON
2026-09-16T21:55:54Z  OBSERVE  paymentservice  rejection=0.0000  low=305 high=0  state=ON
2026-09-16T21:55:54Z  OBSERVE  productcatalogservice  rejection=0.0000  low=305 high=0  state=ON
2026-09-16T21:55:54Z  OBSERVE  recommendationservice  rejection=0.0000  low=305 high=0  state=ON
2026-09-16T21:55:54Z  OBSERVE  shippingservice  rejection=0.0000  low=306 high=0  state=ON
2026-09-16T21:55:55Z  OBSERVE  adservice  rejection=0.0000  low=307 high=0  state=ON
2026-09-16T21:55:55Z  OBSERVE  cartservice  rejection=0.0000  low=307 high=0  state=ON
2026-09-16T21:55:55Z  OBSERVE  checkoutservice  rejection=0.0000  low=307 high=0  state=ON
2026-09-16T21:55:55Z  OBSERVE  currencyservice  rejection=0.0000  low=307 high=0  state=ON
2026-09-16T21:55:55Z  OBSERVE  emailservice  rejection=0.0000  low=307 high=0  state=ON
2026-09-16T21:55:55Z  OBSERVE  paymentservice  rejection=0.0000  low=306 high=0  state=ON
2026-09-16T21:55:55Z  OBSERVE  productcatalogservice  rejection=0.0000  low=306 high=0  state=ON
2026-09-16T21:55:55Z  OBSERVE  recommendationservice  rejection=0.0000  low=306 high=0  state=ON
2026-09-16T21:55:55Z  OBSERVE  shippingservice  rejection=0.0000  low=307 high=0  state=ON
2026-09-16T21:55:56Z  OBSERVE  adservice  rejection=0.0000  low=308 high=0  state=ON
2026-09-16T21:55:56Z  OBSERVE  cartservice  rejection=0.0000  low=308 high=0  state=ON
2026-09-16T21:55:56Z  OBSERVE  checkoutservice  rejection=0.0000  low=308 high=0  state=ON
2026-09-16T21:55:56Z  OBSERVE  currencyservice  rejection=0.0000  low=308 high=0  state=ON
2026-09-16T21:55:56Z  OBSERVE  emailservice  rejection=0.0000  low=308 high=0  state=ON
2026-09-16T21:55:56Z  OBSERVE  paymentservice  rejection=0.0000  low=307 high=0  state=ON
2026-09-16T21:55:56Z  OBSERVE  productcatalogservice  rejection=0.0000  low=307 high=0  state=ON
2026-09-16T21:55:56Z  OBSERVE  recommendationservice  rejection=0.0000  low=307 high=0  state=ON
2026-09-16T21:55:56Z  OBSERVE  shippingservice  rejection=0.0000  low=308 high=0  state=ON
2026-09-16T21:55:57Z  OBSERVE  adservice  rejection=0.0000  low=309 high=0  state=ON
2026-09-16T21:55:57Z  OBSERVE  cartservice  rejection=0.0000  low=309 high=0  state=ON
2026-09-16T21:55:57Z  OBSERVE  checkoutservice  rejection=0.0000  low=309 high=0  state=ON
2026-09-16T21:55:57Z  OBSERVE  currencyservice  rejection=0.0000  low=309 high=0  state=ON
2026-09-16T21:55:57Z  OBSERVE  emailservice  rejection=0.0000  low=309 high=0  state=ON
2026-09-16T21:55:57Z  OBSERVE  paymentservice  rejection=0.0000  low=308 high=0  state=ON
2026-09-16T21:55:57Z  OBSERVE  productcatalogservice  rejection=0.0000  low=308 high=0  state=ON
2026-09-16T21:55:57Z  OBSERVE  recommendationservice  rejection=0.0000  low=308 high=0  state=ON
2026-09-16T21:55:57Z  OBSERVE  shippingservice  rejection=0.0000  low=309 high=0  state=ON
2026-09-16T21:55:58Z  OBSERVE  adservice  rejection=0.0000  low=310 high=0  state=ON
2026-09-16T21:55:58Z  OBSERVE  cartservice  rejection=0.0000  low=310 high=0  state=ON
2026-09-16T21:55:58Z  OBSERVE  checkoutservice  rejection=0.0000  low=310 high=0  state=ON
2026-09-16T21:55:58Z  OBSERVE  currencyservice  rejection=0.0000  low=310 high=0  state=ON
2026-09-16T21:55:58Z  OBSERVE  emailservice  rejection=0.0000  low=310 high=0  state=ON
2026-09-16T21:55:58Z  OBSERVE  paymentservice  rejection=0.0000  low=309 high=0  state=ON
2026-09-16T21:55:58Z  OBSERVE  productcatalogservice  rejection=0.0000  low=309 high=0  state=ON
2026-09-16T21:55:58Z  OBSERVE  recommendationservice  rejection=0.0000  low=309 high=0  state=ON
2026-09-16T21:55:58Z  OBSERVE  shippingservice  rejection=0.0000  low=310 high=0  state=ON
2026-09-16T21:55:59Z  OBSERVE  adservice  rejection=0.0000  low=311 high=0  state=ON
2026-09-16T21:55:59Z  OBSERVE  cartservice  rejection=0.0000  low=311 high=0  state=ON
2026-09-16T21:55:59Z  OBSERVE  checkoutservice  rejection=0.0000  low=311 high=0  state=ON
2026-09-16T21:55:59Z  OBSERVE  currencyservice  rejection=0.0000  low=311 high=0  state=ON
2026-09-16T21:55:59Z  OBSERVE  emailservice  rejection=0.0000  low=311 high=0  state=ON
2026-09-16T21:55:59Z  OBSERVE  paymentservice  rejection=0.0000  low=310 high=0  state=ON
2026-09-16T21:55:59Z  OBSERVE  productcatalogservice  rejection=0.0000  low=310 high=0  state=ON
2026-09-16T21:55:59Z  OBSERVE  recommendationservice  rejection=0.0000  low=310 high=0  state=ON
2026-09-16T21:55:59Z  OBSERVE  shippingservice  rejection=0.0000  low=311 high=0  state=ON
2026-09-16T21:56:00Z  OBSERVE  adservice  rejection=0.0000  low=312 high=0  state=ON
2026-09-16T21:56:00Z  OBSERVE  cartservice  rejection=0.0000  low=312 high=0  state=ON
2026-09-16T21:56:00Z  OBSERVE  checkoutservice  rejection=0.0000  low=312 high=0  state=ON
2026-09-16T21:56:00Z  OBSERVE  currencyservice  rejection=0.0000  low=312 high=0  state=ON
2026-09-16T21:56:00Z  OBSERVE  emailservice  rejection=0.0000  low=312 high=0  state=ON
2026-09-16T21:56:00Z  OBSERVE  paymentservice  rejection=0.0000  low=311 high=0  state=ON
2026-09-16T21:56:00Z  OBSERVE  productcatalogservice  rejection=0.0000  low=311 high=0  state=ON
2026-09-16T21:56:00Z  OBSERVE  recommendationservice  rejection=0.0000  low=311 high=0  state=ON
2026-09-16T21:56:00Z  OBSERVE  shippingservice  rejection=0.0000  low=312 high=0  state=ON
2026-09-16T21:56:01Z  OBSERVE  adservice  rejection=0.0000  low=313 high=0  state=ON
2026-09-16T21:56:01Z  OBSERVE  cartservice  rejection=0.0000  low=313 high=0  state=ON
2026-09-16T21:56:01Z  OBSERVE  checkoutservice  rejection=0.0000  low=313 high=0  state=ON
2026-09-16T21:56:01Z  OBSERVE  currencyservice  rejection=0.0000  low=313 high=0  state=ON
2026-09-16T21:56:01Z  OBSERVE  emailservice  rejection=0.0000  low=313 high=0  state=ON
2026-09-16T21:56:01Z  OBSERVE  paymentservice  rejection=0.0000  low=312 high=0  state=ON
2026-09-16T21:56:01Z  OBSERVE  productcatalogservice  rejection=0.0000  low=312 high=0  state=ON
2026-09-16T21:56:01Z  OBSERVE  recommendationservice  rejection=0.0000  low=312 high=0  state=ON
2026-09-16T21:56:01Z  OBSERVE  shippingservice  rejection=0.0000  low=313 high=0  state=ON
2026-09-16T21:56:02Z  OBSERVE  adservice  rejection=0.0000  low=314 high=0  state=ON
2026-09-16T21:56:02Z  OBSERVE  cartservice  rejection=0.0000  low=314 high=0  state=ON
2026-09-16T21:56:02Z  OBSERVE  checkoutservice  rejection=0.0000  low=314 high=0  state=ON
2026-09-16T21:56:02Z  OBSERVE  currencyservice  rejection=0.0000  low=314 high=0  state=ON
2026-09-16T21:56:02Z  OBSERVE  emailservice  rejection=0.0000  low=314 high=0  state=ON
2026-09-16T21:56:02Z  OBSERVE  paymentservice  rejection=0.0000  low=313 high=0  state=ON
2026-09-16T21:56:02Z  OBSERVE  productcatalogservice  rejection=0.0000  low=313 high=0  state=ON
2026-09-16T21:56:02Z  OBSERVE  recommendationservice  rejection=0.0000  low=313 high=0  state=ON
2026-09-16T21:56:02Z  OBSERVE  shippingservice  rejection=0.0000  low=314 high=0  state=ON
2026-09-16T21:56:03Z  OBSERVE  adservice  rejection=0.0000  low=315 high=0  state=ON
2026-09-16T21:56:03Z  OBSERVE  cartservice  rejection=0.0000  low=315 high=0  state=ON
2026-09-16T21:56:03Z  OBSERVE  checkoutservice  rejection=0.0000  low=315 high=0  state=ON
2026-09-16T21:56:03Z  OBSERVE  currencyservice  rejection=0.0000  low=315 high=0  state=ON
2026-09-16T21:56:03Z  OBSERVE  emailservice  rejection=0.0000  low=315 high=0  state=ON
2026-09-16T21:56:03Z  OBSERVE  paymentservice  rejection=0.0000  low=314 high=0  state=ON
2026-09-16T21:56:03Z  OBSERVE  productcatalogservice  rejection=0.0000  low=314 high=0  state=ON
2026-09-16T21:56:03Z  OBSERVE  recommendationservice  rejection=0.0000  low=314 high=0  state=ON
2026-09-16T21:56:03Z  OBSERVE  shippingservice  rejection=0.0000  low=315 high=0  state=ON
2026-09-16T21:56:04Z  OBSERVE  adservice  rejection=0.0000  low=316 high=0  state=ON
2026-09-16T21:56:04Z  OBSERVE  cartservice  rejection=0.0000  low=316 high=0  state=ON
2026-09-16T21:56:04Z  OBSERVE  checkoutservice  rejection=0.0000  low=316 high=0  state=ON
2026-09-16T21:56:04Z  OBSERVE  currencyservice  rejection=0.0000  low=316 high=0  state=ON
2026-09-16T21:56:04Z  OBSERVE  emailservice  rejection=0.0000  low=316 high=0  state=ON
2026-09-16T21:56:04Z  OBSERVE  paymentservice  rejection=0.0000  low=315 high=0  state=ON
2026-09-16T21:56:04Z  OBSERVE  productcatalogservice  rejection=0.0000  low=315 high=0  state=ON
2026-09-16T21:56:04Z  OBSERVE  recommendationservice  rejection=0.0000  low=315 high=0  state=ON
2026-09-16T21:56:04Z  OBSERVE  shippingservice  rejection=0.0000  low=316 high=0  state=ON
2026-09-16T21:56:05Z  OBSERVE  adservice  rejection=0.0000  low=317 high=0  state=ON
2026-09-16T21:56:05Z  OBSERVE  cartservice  rejection=0.0000  low=317 high=0  state=ON
2026-09-16T21:56:05Z  OBSERVE  checkoutservice  rejection=0.0000  low=317 high=0  state=ON
2026-09-16T21:56:05Z  OBSERVE  currencyservice  rejection=0.0000  low=317 high=0  state=ON
2026-09-16T21:56:05Z  OBSERVE  emailservice  rejection=0.0000  low=317 high=0  state=ON
2026-09-16T21:56:05Z  OBSERVE  paymentservice  rejection=0.0000  low=316 high=0  state=ON
2026-09-16T21:56:05Z  OBSERVE  productcatalogservice  rejection=0.0000  low=316 high=0  state=ON
2026-09-16T21:56:05Z  OBSERVE  recommendationservice  rejection=0.0000  low=316 high=0  state=ON
2026-09-16T21:56:05Z  OBSERVE  shippingservice  rejection=0.0000  low=317 high=0  state=ON
2026-09-16T21:56:06Z  OBSERVE  adservice  rejection=0.0000  low=318 high=0  state=ON
2026-09-16T21:56:06Z  OBSERVE  cartservice  rejection=0.0000  low=318 high=0  state=ON
2026-09-16T21:56:06Z  OBSERVE  checkoutservice  rejection=0.0000  low=318 high=0  state=ON
2026-09-16T21:56:06Z  OBSERVE  currencyservice  rejection=0.0000  low=318 high=0  state=ON
2026-09-16T21:56:06Z  OBSERVE  emailservice  rejection=0.0000  low=318 high=0  state=ON
2026-09-16T21:56:06Z  OBSERVE  paymentservice  rejection=0.0000  low=317 high=0  state=ON
2026-09-16T21:56:06Z  OBSERVE  productcatalogservice  rejection=0.0000  low=317 high=0  state=ON
2026-09-16T21:56:06Z  OBSERVE  recommendationservice  rejection=0.0000  low=317 high=0  state=ON
2026-09-16T21:56:06Z  OBSERVE  shippingservice  rejection=0.0000  low=318 high=0  state=ON
2026-09-16T21:56:07Z  OBSERVE  adservice  rejection=0.0000  low=319 high=0  state=ON
2026-09-16T21:56:07Z  OBSERVE  cartservice  rejection=0.0000  low=319 high=0  state=ON
2026-09-16T21:56:07Z  OBSERVE  checkoutservice  rejection=0.0000  low=319 high=0  state=ON
2026-09-16T21:56:07Z  OBSERVE  currencyservice  rejection=0.0000  low=319 high=0  state=ON
2026-09-16T21:56:07Z  OBSERVE  emailservice  rejection=0.0000  low=319 high=0  state=ON
2026-09-16T21:56:07Z  OBSERVE  paymentservice  rejection=0.0000  low=318 high=0  state=ON
2026-09-16T21:56:07Z  OBSERVE  productcatalogservice  rejection=0.0000  low=318 high=0  state=ON
2026-09-16T21:56:07Z  OBSERVE  recommendationservice  rejection=0.0000  low=318 high=0  state=ON
2026-09-16T21:56:07Z  OBSERVE  shippingservice  rejection=0.0000  low=319 high=0  state=ON
2026-09-16T21:56:08Z  OBSERVE  adservice  rejection=0.0000  low=320 high=0  state=ON
2026-09-16T21:56:08Z  OBSERVE  cartservice  rejection=0.0000  low=320 high=0  state=ON
2026-09-16T21:56:08Z  OBSERVE  checkoutservice  rejection=0.0000  low=320 high=0  state=ON
2026-09-16T21:56:08Z  OBSERVE  currencyservice  rejection=0.0030  low=320 high=0  state=ON
2026-09-16T21:56:08Z  OBSERVE  emailservice  rejection=0.0000  low=320 high=0  state=ON
2026-09-16T21:56:08Z  OBSERVE  paymentservice  rejection=0.0000  low=319 high=0  state=ON
2026-09-16T21:56:08Z  OBSERVE  productcatalogservice  rejection=0.0000  low=319 high=0  state=ON
2026-09-16T21:56:08Z  OBSERVE  recommendationservice  rejection=0.0000  low=319 high=0  state=ON
2026-09-16T21:56:08Z  OBSERVE  shippingservice  rejection=0.0000  low=320 high=0  state=ON
2026-09-16T21:56:09Z  OBSERVE  adservice  rejection=0.0000  low=321 high=0  state=ON
2026-09-16T21:56:09Z  OBSERVE  cartservice  rejection=0.0000  low=321 high=0  state=ON
2026-09-16T21:56:09Z  OBSERVE  checkoutservice  rejection=0.0000  low=321 high=0  state=ON
2026-09-16T21:56:09Z  OBSERVE  currencyservice  rejection=0.0000  low=321 high=0  state=ON
2026-09-16T21:56:09Z  OBSERVE  emailservice  rejection=0.0000  low=321 high=0  state=ON
2026-09-16T21:56:09Z  OBSERVE  paymentservice  rejection=0.0000  low=320 high=0  state=ON
2026-09-16T21:56:09Z  OBSERVE  productcatalogservice  rejection=0.2512  low=0 high=1  state=ON
2026-09-16T21:56:09Z  OBSERVE  recommendationservice  rejection=1.1290  low=0 high=1  state=ON
2026-09-16T21:56:09Z  OBSERVE  shippingservice  rejection=0.0000  low=321 high=0  state=ON
2026-09-16T21:56:10Z  OBSERVE  adservice  rejection=0.0000  low=322 high=0  state=ON
2026-09-16T21:56:10Z  OBSERVE  cartservice  rejection=0.0000  low=322 high=0  state=ON
2026-09-16T21:56:10Z  OBSERVE  checkoutservice  rejection=0.0000  low=322 high=0  state=ON
2026-09-16T21:56:10Z  OBSERVE  currencyservice  rejection=0.0000  low=322 high=0  state=ON
2026-09-16T21:56:10Z  OBSERVE  emailservice  rejection=0.0000  low=322 high=0  state=ON
2026-09-16T21:56:10Z  OBSERVE  paymentservice  rejection=0.0000  low=321 high=0  state=ON
2026-09-16T21:56:10Z  OBSERVE  productcatalogservice  rejection=0.0000  low=1 high=0  state=ON
2026-09-16T21:56:10Z  OBSERVE  recommendationservice  rejection=0.0000  low=1 high=0  state=ON
2026-09-16T21:56:10Z  OBSERVE  shippingservice  rejection=0.0000  low=322 high=0  state=ON
2026-09-16T21:56:10Z  SHUTDOWN  signal=15
2026-09-16T21:56:11Z  EXIT
