timestamp,service,total,2xx,4xx,5xx
2026-09-12T19:22:50Z,adservice,33933,33649,0,0
2026-09-12T19:22:50Z,cartservice,157151,157125,0,0
2026-09-12T19:22:50Z,checkoutservice,6599,6594,0,0
2026-09-12T19:22:50Z,currencyservice,237320,237274,0,0
2026-09-12T19:22:50Z,emailservice,6594,6594,0,0
2026-09-12T19:22:50Z,frontend,150726,149886,0,0
2026-09-12T19:22:50Z,paymentservice,6594,6594,0,0
2026-09-12T19:22:50Z,productcatalogservice,678219,678166,0,0
2026-09-12T19:22:50Z,recommendationservice,95359,95336,0,0
2026-09-12T19:22:50Z,redis-cart,0,0,0,0
2026-09-12T19:22:50Z,shippingservice,67521,67521,0,0
2026-09-12T19:22:51Z,adservice,33933,33649,0,0
2026-09-12T19:22:51Z,cartservice,157151,157125,0,0
2026-09-12T19:22:51Z,checkoutservice,6599,6594,0,0
2026-09-12T19:22:51Z,currencyservice,237320,237274,0,0
2026-09-12T19:22:51Z,emailservice,6594,6594,0,0
2026-09-12T19:22:51Z,frontend,150726,149886,0,0
2026-09-12T19:22:51Z,paymentservice,6594,6594,0,0
2026-09-12T19:22:51Z,productcatalogservice,678219,678166,0,0
2026-09-12T19:22:51Z,recommendationservice,95359,95336,0,0
2026-09-12T19:22:51Z,redis-cart,0,0,0,0
2026-09-12T19:22:51Z,shippingservice,67521,67521,0,0
2026-09-12T19:22:52Z,adservice,33933,33649,0,0
2026-09-12T19:22:52Z,cartservice,157151,157125,0,0
2026-09-12T19:22:52Z,checkoutservice,6599,6594,0,0
2026-09-12T19:22:52Z,currencyservice,237320,237274,0,0
2026-09-12T19:22:52Z,emailservice,6594,6594,0,0
2026-09-12T19:22:52Z,frontend,150726,149886,0,0
2026-09-12T19:22:52Z,paymentservice,6594,6594,0,0
2026-09-12T19:22:52Z,productcatalogservice,678219,678166,0,0
2026-09-12T19:22:52Z,recommendationservice,95359,95336,0,0
2026-09-12T19:22:52Z,redis-cart,0,0,0,0
2026-09-12T19:22:52Z,shippingservice,67521,67521,0,0
2026-09-12T19:22:53Z,adservice,33933,33649,0,0
2026-09-12T19:22:53Z,cartservice,157151,157125,0,0
2026-09-12T19:22:53Z,checkoutservice,6599,6594,0,0
2026-09-12T19:22:53Z,currencyservice,237320,237274,0,0
2026-09-12T19:22:53Z,emailservice,6594,6594,0,0
2026-09-12T19:22:53Z,frontend,150726,149886,0,0
2026-09-12T19:22:53Z,paymentservice,6594,6594,0,0
2026-09-12T19:22:53Z,productcatalogservice,678219,678166,0,0
2026-09-12T19:22:53Z,recommendationservice,95359,95336,0,0
2026-09-12T19:22:53Z,redis-cart,0,0,0,0
2026-09-12T19:22:53Z,shippingservice,67521,67521,0,0
2026-09-12T19:22:54Z,adservice,33933,33649,0,0
2026-09-12T19:22:54Z,cartservice,157151,157125,0,0
2026-09-12T19:22:54Z,checkoutservice,6599,6594,0,0
2026-09-12T19:22:54Z,currencyservice,237320,237274,0,0
2026-09-12T19:22:54Z,emailservice,6594,6594,0,0
2026-09-12T19:22:54Z,frontend,150726,149886,0,0
2026-09-12T19:22:54Z,paymentservice,6594,6594,0,0
2026-09-12T19:22:54Z,productcatalogservice,678219,678166,0,0
2026-09-12T19:22:54Z,recommendationservice,95359,95336,0,0
2026-09-12T19:22:54Z,redis-cart,0,0,0,0
2026-09-12T19:22:54Z,shippingservice,67521,67521,0,0
2026-09-12T19:22:55Z,adservice,33933,33649,0,0
2026-09-12T19:22:55Z,cartservice,157151,157125,0,0
2026-09-12T19:22:55Z,checkoutservice,6599,6594,0,0
2026-09-12T19:22:55Z,currencyservice,237320,237274,0,0
2026-09-12T19:22:55Z,emailservice,6594,6594,0,0
2026-09-12T19:22:55Z,frontend,150726,149886,0,0
2026-09-12T19:22:55Z,paymentservice,6594,6594,0,0
2026-09-12T19:22:55Z,productcatalogservice,678219,678166,0,0
2026-09-12T19:22:55Z,recommendationservice,95359,95336,0,0
2026-09-12T19:22:55Z,redis-cart,0,0,0,0
2026-09-12T19:22:55Z,shippingservice,67521,67521,0,0
2026-09-12T19:22:56Z,adservice,33933,33649,0,0
2026-09-12T19:22:56Z,cartservice,157151,157125,0,0
2026-09-12T19:22:56Z,checkoutservice,6599,6594,0,0
2026-09-12T19:22:56Z,currencyservice,237320,237274,0,0
2026-09-12T19:22:56Z,emailservice,6594,6594,0,0
2026-09-12T19:22:56Z,frontend,150726,149886,0,0
2026-09-12T19:22:56Z,paymentservice,6594,6594,0,0
2026-09-12T19:22:56Z,productcatalogservice,678219,678166,0,0
2026-09-12T19:22:56Z,recommendationservice,95359,95336,0,0
2026-09-12T19:22:56Z,redis-cart,0,0,0,0
2026-09-12T19:22:56Z,shippingservice,67521,67521,0,0
2026-09-12T19:22:57Z,adservice,33933,33649,0,0
2026-09-12T19:22:57Z,cartservice,157151,157125,0,0
2026-09-12T19:22:57Z,checkoutservice,6599,6594,0,0
2026-09-12T19:22:57Z,currencyservice,237320,237274,0,0
2026-09-12T19:22:57Z,emailservice,6594,6594,0,0
2026-09-12T19:22:57Z,frontend,150726,149886,0,0
2026-09-12T19:22:57Z,paymentservice,6594,6594,0,0
2026-09-12T19:22:57Z,productcatalogservice,678219,678166,0,0
2026-09-12T19:22:57Z,recommendationservice,95359,95336,0,0
2026-09-12T19:22:57Z,redis-cart,0,0,0,0
2026-09-12T19:22:57Z,shippingservice,67521,67521,0,0
2026-09-12T19:22:58Z,adservice,33933,33649,0,0
2026-09-12T19:22:58Z,cartservice,157151,157125,0,0
2026-09-12T19:22:58Z,checkoutservice,6599,6594,0,0
2026-09-12T19:22:58Z,currencyservice,237320,237274,0,0
2026-09-12T19:22:58Z,emailservice,6594,6594,0,0
2026-09-12T19:22:58Z,frontend,150726,149886,0,0
2026-09-12T19:22:58Z,paymentservice,6594,6594,0,0
2026-09-12T19:22:58Z,productcatalogservice,678219,678166,0,0
2026-09-12T19:22:58Z,recommendationservice,95359,95336,0,0
2026-09-12T19:22:58Z,redis-cart,0,0,0,0
2026-09-12T19:22:58Z,shippingservice,67521,67521,0,0
2026-09-12T19:22:59Z,adservice,33933,33649,0,0
2026-09-12T19:22:59Z,cartservice,157151,157125,0,0
2026-09-12T19:22:59Z,checkoutservice,6599,6594,0,0
2026-09-12T19:22:59Z,currencyservice,237320,237274,0,0
2026-09-12T19:22:59Z,emailservice,6594,6594,0,0
2026-09-12T19:22:59Z,frontend,150726,149886,0,0
2026-09-12T19:22:59Z,paymentservice,6594,6594,0,0
2026-09-12T19:22:59Z,productcatalogservice,678219,678166,0,0
2026-09-12T19:22:59Z,recommendationservice,95359,95336,0,0
2026-09-12T19:22:59Z,redis-cart,0,0,0,0
2026-09-12T19:22:59Z,shippingservice,67521,67521,0,0
2026-09-12T19:23:00Z,adservice,33933,33649,0,0
2026-09-12T19:23:00Z,cartservice,157151,157125,0,0
2026-09-12T19:23:00Z,checkoutservice,6599,6594,0,0
2026-09-12T19:23:00Z,currencyservice,237320,237274,0,0
2026-09-12T19:23:00Z,emailservice,6594,6594,0,0
2026-09-12T19:23:00Z,frontend,150726,149886,0,0
2026-09-12T19:23:00Z,paymentservice,6594,6594,0,0
2026-09-12T19:23:00Z,productcatalogservice,678219,678166,0,0
2026-09-12T19:23:00Z,recommendationservice,95359,95336,0,0
2026-09-12T19:23:00Z,redis-cart,0,0,0,0
2026-09-12T19:23:00Z,shippingservice,67521,67521,0,0
2026-09-12T19:23:01Z,adservice,33933,33649,0,0
2026-09-12T19:23:01Z,cartservice,157151,157125,0,0
2026-09-12T19:23:01Z,checkoutservice,6599,6594,0,0
2026-09-12T19:23:01Z,currencyservice,237320,237274,0,0
2026-09-12T19:23:01Z,emailservice,6594,6594,0,0
2026-09-12T19:23:01Z,frontend,150726,149886,0,0
2026-09-12T19:23:01Z,paymentservice,6594,6594,0,0
2026-09-12T19:23:01Z,productcatalogservice,678219,678166,0,0
2026-09-12T19:23:01Z,recommendationservice,95359,95336,0,0
2026-09-12T19:23:01Z,redis-cart,0,0,0,0
2026-09-12T19:23:01Z,shippingservice,67521,67521,0,0
2026-09-12T19:23:02Z,adservice,33933,33649,0,0
2026-09-12T19:23:02Z,cartservice,157151,157125,0,0
2026-09-12T19:23:02Z,checkoutservice,6599,6594,0,0
2026-09-12T19:23:02Z,currencyservice,237320,237274,0,0
2026-09-12T19:23:02Z,emailservice,6594,6594,0,0
2026-09-12T19:23:02Z,frontend,150726,149886,0,0
2026-09-12T19:23:02Z,paymentservice,6594,6594,0,0
2026-09-12T19:23:02Z,productcatalogservice,678219,678166,0,0
2026-09-12T19:23:02Z,recommendationservice,95359,95336,0,0
2026-09-12T19:23:02Z,redis-cart,0,0,0,0
2026-09-12T19:23:02Z,shippingservice,67521,67521,0,0
2026-09-12T19:23:03Z,adservice,33933,33649,0,0
2026-09-12T19:23:03Z,cartservice,157151,157125,0,0
2026-09-12T19:23:03Z,checkoutservice,6599,6594,0,0
2026-09-12T19:23:03Z,currencyservice,237320,237274,0,0
2026-09-12T19:23:03Z,emailservice,6594,6594,0,0
2026-09-12T19:23:03Z,frontend,150726,149886,0,0
2026-09-12T19:23:03Z,paymentservice,6594,6594,0,0
2026-09-12T19:23:03Z,productcatalogservice,678219,678166,0,0
2026-09-12T19:23:03Z,recommendationservice,95359,95336,0,0
2026-09-12T19:23:03Z,redis-cart,0,0,0,0
2026-09-12T19:23:03Z,shippingservice,67521,67521,0,0
2026-09-12T19:23:04Z,adservice,33933,33649,0,0
2026-09-12T19:23:04Z,cartservice,157151,157125,0,0
2026-09-12T19:23:04Z,checkoutservice,6599,6594,0,0
2026-09-12T19:23:04Z,currencyservice,237320,237274,0,0
2026-09-12T19:23:04Z,emailservice,6594,6594,0,0
2026-09-12T19:23:04Z,frontend,150726,149886,0,0
2026-09-12T19:23:04Z,paymentservice,6594,6594,0,0
2026-09-12T19:23:04Z,productcatalogservice,678219,678166,0,0
2026-09-12T19:23:04Z,recommendationservice,95359,95336,0,0
2026-09-12T19:23:04Z,redis-cart,0,0,0,0
2026-09-12T19:23:04Z,shippingservice,67521,67521,0,0
2026-09-12T19:23:05Z,adservice,33933,33649,0,0
2026-09-12T19:23:05Z,cartservice,157151,157125,0,0
2026-09-12T19:23:05Z,checkoutservice,6599,6594,0,0
2026-09-12T19:23:05Z,currencyservice,237320,237274,0,0
2026-09-12T19:23:05Z,emailservice,6594,6594,0,0
2026-09-12T19:23:05Z,frontend,150726,149886,0,0
2026-09-12T19:23:05Z,paymentservice,6594,6594,0,0
2026-09-12T19:23:05Z,productcatalogservice,678219,678166,0,0
2026-09-12T19:23:05Z,recommendationservice,95359,95336,0,0
2026-09-12T19:23:05Z,redis-cart,0,0,0,0
2026-09-12T19:23:05Z,shippingservice,67521,67521,0,0
2026-09-12T19:23:06Z,adservice,33933,33649,0,0
2026-09-12T19:23:06Z,cartservice,157151,157125,0,0
2026-09-12T19:23:06Z,checkoutservice,6599,6594,0,0
2026-09-12T19:23:06Z,currencyservice,237320,237274,0,0
2026-09-12T19:23:06Z,emailservice,6594,6594,0,0
2026-09-12T19:23:06Z,frontend,150726,149886,0,0
2026-09-12T19:23:06Z,paymentservice,6594,6594,0,0
2026-09-12T19:23:06Z,productcatalogservice,678219,678166,0,0
2026-09-12T19:23:06Z,recommendationservice,95359,95336,0,0
2026-09-12T19:23:06Z,redis-cart,0,0,0,0
2026-09-12T19:23:06Z,shippingservice,67521,67521,0,0
2026-09-12T19:23:07Z,adservice,33933,33649,0,0
2026-09-12T19:23:07Z,cartservice,157151,157125,0,0
2026-09-12T19:23:07Z,checkoutservice,6599,6594,0,0
2026-09-12T19:23:07Z,currencyservice,237320,237274,0,0
2026-09-12T19:23:07Z,emailservice,6594,6594,0,0
2026-09-12T19:23:07Z,frontend,150726,149886,0,0
2026-09-12T19:23:07Z,paymentservice,6594,6594,0,0
2026-09-12T19:23:07Z,productcatalogservice,678219,678166,0,0
2026-09-12T19:23:07Z,recommendationservice,95359,95336,0,0
2026-09-12T19:23:07Z,redis-cart,0,0,0,0
2026-09-12T19:23:07Z,shippingservice,67521,67521,0,0
2026-09-12T19:23:08Z,adservice,33933,33649,0,0
2026-09-12T19:23:08Z,cartservice,157151,157125,0,0
2026-09-12T19:23:08Z,checkoutservice,6599,6594,0,0
2026-09-12T19:23:08Z,currencyservice,237320,237274,0,0
2026-09-12T19:23:08Z,emailservice,6594,6594,0,0
2026-09-12T19:23:08Z,frontend,150726,149886,0,0
2026-09-12T19:23:08Z,paymentservice,6594,6594,0,0
2026-09-12T19:23:08Z,productcatalogservice,678219,678166,0,0
2026-09-12T19:23:08Z,recommendationservice,95359,95336,0,0
2026-09-12T19:23:08Z,redis-cart,0,0,0,0
2026-09-12T19:23:08Z,shippingservice,67521,67521,0,0
2026-09-12T19:23:09Z,adservice,33933,33649,0,0
2026-09-12T19:23:09Z,cartservice,157151,157125,0,0
2026-09-12T19:23:09Z,checkoutservice,6599,6594,0,0
2026-09-12T19:23:09Z,currencyservice,237320,237274,0,0
2026-09-12T19:23:09Z,emailservice,6594,6594,0,0
2026-09-12T19:23:09Z,frontend,150726,149886,0,0
2026-09-12T19:23:09Z,paymentservice,6594,6594,0,0
2026-09-12T19:23:09Z,productcatalogservice,678219,678166,0,0
2026-09-12T19:23:09Z,recommendationservice,95359,95336,0,0
2026-09-12T19:23:09Z,redis-cart,0,0,0,0
2026-09-12T19:23:09Z,shippingservice,67521,67521,0,0
2026-09-12T19:23:10Z,adservice,33933,33649,0,0
2026-09-12T19:23:10Z,cartservice,157151,157125,0,0
2026-09-12T19:23:10Z,checkoutservice,6599,6594,0,0
2026-09-12T19:23:10Z,currencyservice,237320,237274,0,0
2026-09-12T19:23:10Z,emailservice,6594,6594,0,0
2026-09-12T19:23:10Z,frontend,150726,149886,0,0
2026-09-12T19:23:10Z,paymentservice,6594,6594,0,0
2026-09-12T19:23:10Z,productcatalogservice,678219,678166,0,0
2026-09-12T19:23:10Z,recommendationservice,95359,95336,0,0
2026-09-12T19:23:10Z,redis-cart,0,0,0,0
2026-09-12T19:23:10Z,shippingservice,67521,67521,0,0
2026-09-12T19:23:11Z,adservice,33933,33649,0,0
2026-09-12T19:23:11Z,cartservice,157151,157125,0,0
2026-09-12T19:23:11Z,checkoutservice,6599,6594,0,0
2026-09-12T19:23:11Z,currencyservice,237320,237274,0,0
2026-09-12T19:23:11Z,emailservice,6594,6594,0,0
2026-09-12T19:23:11Z,frontend,150726,149886,0,0
2026-09-12T19:23:11Z,paymentservice,6594,6594,0,0
2026-09-12T19:23:11Z,productcatalogservice,678219,678166,0,0
2026-09-12T19:23:11Z,recommendationservice,95359,95336,0,0
2026-09-12T19:23:11Z,redis-cart,0,0,0,0
2026-09-12T19:23:11Z,shippingservice,67521,67521,0,0
2026-09-12T19:23:12Z,adservice,33933,33649,0,0
2026-09-12T19:23:12Z,cartservice,157151,157125,0,0
2026-09-12T19:23:12Z,checkoutservice,6599,6594,0,0
2026-09-12T19:23:12Z,currencyservice,237320,237274,0,0
2026-09-12T19:23:12Z,emailservice,6594,6594,0,0
2026-09-12T19:23:12Z,frontend,150726,149886,0,0
2026-09-12T19:23:12Z,paymentservice,6594,6594,0,0
2026-09-12T19:23:12Z,productcatalogservice,678219,678166,0,0
2026-09-12T19:23:12Z,recommendationservice,95359,95336,0,0
2026-09-12T19:23:12Z,redis-cart,0,0,0,0
2026-09-12T19:23:12Z,shippingservice,67521,67521,0,0
2026-09-12T19:23:13Z,adservice,33933,33649,0,0
2026-09-12T19:23:13Z,cartservice,157151,157125,0,0
2026-09-12T19:23:13Z,checkoutservice,6599,6594,0,0
2026-09-12T19:23:13Z,currencyservice,237320,237274,0,0
2026-09-12T19:23:13Z,emailservice,6594,6594,0,0
2026-09-12T19:23:13Z,frontend,150726,149886,0,0
2026-09-12T19:23:13Z,paymentservice,6594,6594,0,0
2026-09-12T19:23:13Z,productcatalogservice,678219,678166,0,0
2026-09-12T19:23:13Z,recommendationservice,95359,95336,0,0
2026-09-12T19:23:13Z,redis-cart,0,0,0,0
2026-09-12T19:23:13Z,shippingservice,67521,67521,0,0
2026-09-12T19:23:14Z,adservice,33933,33649,0,0
2026-09-12T19:23:14Z,cartservice,157151,157125,0,0
2026-09-12T19:23:14Z,checkoutservice,6599,6594,0,0
2026-09-12T19:23:14Z,currencyservice,237320,237274,0,0
2026-09-12T19:23:14Z,emailservice,6594,6594,0,0
2026-09-12T19:23:14Z,frontend,150726,149886,0,0
2026-09-12T19:23:14Z,paymentservice,6594,6594,0,0
2026-09-12T19:23:14Z,productcatalogservice,678219,678166,0,0
2026-09-12T19:23:14Z,recommendationservice,95359,95336,0,0
2026-09-12T19:23:14Z,redis-cart,0,0,0,0
2026-09-12T19:23:14Z,shippingservice,67521,67521,0,0
2026-09-12T19:23:15Z,adservice,33933,33649,0,0
2026-09-12T19:23:15Z,cartservice,157151,157125,0,0
2026-09-12T19:23:15Z,checkoutservice,6599,6594,0,0
2026-09-12T19:23:15Z,currencyservice,237320,237274,0,0
2026-09-12T19:23:15Z,emailservice,6594,6594,0,0
2026-09-12T19:23:15Z,frontend,150726,149886,0,0
2026-09-12T19:23:15Z,paymentservice,6594,6594,0,0
2026-09-12T19:23:15Z,productcatalogservice,678219,678166,0,0
2026-09-12T19:23:15Z,recommendationservice,95359,95336,0,0
2026-09-12T19:23:15Z,redis-cart,0,0,0,0
2026-09-12T19:23:15Z,shippingservice,67521,67521,0,0
2026-09-12T19:23:16Z,adservice,33933,33649,0,0
2026-09-12T19:23:16Z,cartservice,157151,157125,0,0
2026-09-12T19:23:16Z,checkoutservice,6599,6594,0,0
2026-09-12T19:23:16Z,currencyservice,237320,237274,0,0
2026-09-12T19:23:16Z,emailservice,6594,6594,0,0
2026-09-12T19:23:16Z,frontend,150726,149886,0,0
2026-09-12T19:23:16Z,paymentservice,6594,6594,0,0
2026-09-12T19:23:16Z,productcatalogservice,678219,678166,0,0
2026-09-12T19:23:16Z,recommendationservice,95359,95336,0,0
2026-09-12T19:23:16Z,redis-cart,0,0,0,0
2026-09-12T19:23:16Z,shippingservice,67521,67521,0,0
2026-09-12T19:23:17Z,adservice,33933,33649,0,0
2026-09-12T19:23:17Z,cartservice,157151,157125,0,0
2026-09-12T19:23:17Z,checkoutservice,6599,6594,0,0
2026-09-12T19:23:17Z,currencyservice,237320,237274,0,0
2026-09-12T19:23:17Z,emailservice,6594,6594,0,0
2026-09-12T19:23:17Z,frontend,150726,149886,0,0
2026-09-12T19:23:17Z,paymentservice,6594,6594,0,0
2026-09-12T19:23:17Z,productcatalogservice,678219,678166,0,0
2026-09-12T19:23:17Z,recommendationservice,95359,95336,0,0
2026-09-12T19:23:17Z,redis-cart,0,0,0,0
2026-09-12T19:23:17Z,shippingservice,67521,67521,0,0
2026-09-12T19:23:18Z,adservice,33933,33649,0,0
2026-09-12T19:23:18Z,cartservice,157151,157125,0,0
2026-09-12T19:23:18Z,checkoutservice,6599,6594,0,0
2026-09-12T19:23:18Z,currencyservice,237320,237274,0,0
2026-09-12T19:23:18Z,emailservice,6594,6594,0,0
2026-09-12T19:23:18Z,frontend,150726,149886,0,0
2026-09-12T19:23:18Z,paymentservice,6594,6594,0,0
2026-09-12T19:23:18Z,productcatalogservice,678219,678166,0,0
2026-09-12T19:23:18Z,recommendationservice,95359,95336,0,0
2026-09-12T19:23:18Z,redis-cart,0,0,0,0
2026-09-12T19:23:18Z,shippingservice,67521,67521,0,0
2026-09-12T19:23:19Z,adservice,33933,33649,0,0
2026-09-12T19:23:19Z,cartservice,157151,157125,0,0
2026-09-12T19:23:19Z,checkoutservice,6599,6594,0,0
2026-09-12T19:23:19Z,currencyservice,237320,237274,0,0
2026-09-12T19:23:19Z,emailservice,6594,6594,0,0
2026-09-12T19:23:19Z,frontend,150726,149886,0,0
2026-09-12T19:23:19Z,paymentservice,6594,6594,0,0
2026-09-12T19:23:19Z,productcatalogservice,678219,678166,0,0
2026-09-12T19:23:19Z,recommendationservice,95359,95336,0,0
2026-09-12T19:23:19Z,redis-cart,0,0,0,0
2026-09-12T19:23:19Z,shippingservice,67521,67521,0,0
2026-09-12T19:23:20Z,adservice,33933,33649,0,0
2026-09-12T19:23:20Z,cartservice,157151,157125,0,0
2026-09-12T19:23:20Z,checkoutservice,6599,6594,0,0
2026-09-12T19:23:20Z,currencyservice,237320,237274,0,0
2026-09-12T19:23:20Z,emailservice,6594,6594,0,0
2026-09-12T19:23:20Z,frontend,150726,149886,0,0
2026-09-12T19:23:20Z,paymentservice,6594,6594,0,0
2026-09-12T19:23:20Z,productcatalogservice,678219,678166,0,0
2026-09-12T19:23:20Z,recommendationservice,95359,95336,0,0
2026-09-12T19:23:20Z,redis-cart,0,0,0,0
2026-09-12T19:23:20Z,shippingservice,67521,67521,0,0
2026-09-12T19:23:21Z,adservice,33933,33649,0,0
2026-09-12T19:23:21Z,cartservice,157151,157125,0,0
2026-09-12T19:23:21Z,checkoutservice,6599,6594,0,0
2026-09-12T19:23:21Z,currencyservice,237320,237274,0,0
2026-09-12T19:23:21Z,emailservice,6594,6594,0,0
2026-09-12T19:23:21Z,frontend,150726,149886,0,0
2026-09-12T19:23:21Z,paymentservice,6594,6594,0,0
2026-09-12T19:23:21Z,productcatalogservice,678219,678166,0,0
2026-09-12T19:23:21Z,recommendationservice,95359,95336,0,0
2026-09-12T19:23:21Z,redis-cart,0,0,0,0
2026-09-12T19:23:21Z,shippingservice,67521,67521,0,0
2026-09-12T19:23:22Z,adservice,33933,33649,0,0
2026-09-12T19:23:22Z,cartservice,157151,157125,0,0
2026-09-12T19:23:22Z,checkoutservice,6599,6594,0,0
2026-09-12T19:23:22Z,currencyservice,237320,237274,0,0
2026-09-12T19:23:22Z,emailservice,6594,6594,0,0
2026-09-12T19:23:22Z,frontend,150726,149886,0,0
2026-09-12T19:23:22Z,paymentservice,6594,6594,0,0
2026-09-12T19:23:22Z,productcatalogservice,678219,678166,0,0
2026-09-12T19:23:22Z,recommendationservice,95359,95336,0,0
2026-09-12T19:23:22Z,redis-cart,0,0,0,0
2026-09-12T19:23:22Z,shippingservice,67521,67521,0,0
2026-09-12T19:23:23Z,adservice,33933,33649,0,0
2026-09-12T19:23:23Z,cartservice,157151,157125,0,0
2026-09-12T19:23:23Z,checkoutservice,6599,6594,0,0
2026-09-12T19:23:23Z,currencyservice,237320,237274,0,0
2026-09-12T19:23:23Z,emailservice,6594,6594,0,0
2026-09-12T19:23:23Z,frontend,150726,149886,0,0
2026-09-12T19:23:23Z,paymentservice,6594,6594,0,0
2026-09-12T19:23:23Z,productcatalogservice,678219,678166,0,0
2026-09-12T19:23:23Z,recommendationservice,95359,95336,0,0
2026-09-12T19:23:23Z,redis-cart,0,0,0,0
2026-09-12T19:23:23Z,shippingservice,67521,67521,0,0
2026-09-12T19:23:24Z,adservice,33933,33649,0,0
2026-09-12T19:23:24Z,cartservice,157151,157125,0,0
2026-09-12T19:23:24Z,checkoutservice,6599,6594,0,0
2026-09-12T19:23:24Z,currencyservice,237320,237274,0,0
2026-09-12T19:23:24Z,emailservice,6594,6594,0,0
2026-09-12T19:23:24Z,frontend,150726,149886,0,0
2026-09-12T19:23:24Z,paymentservice,6594,6594,0,0
2026-09-12T19:23:24Z,productcatalogservice,678219,678166,0,0
2026-09-12T19:23:24Z,recommendationservice,95359,95336,0,0
2026-09-12T19:23:24Z,redis-cart,0,0,0,0
2026-09-12T19:23:24Z,shippingservice,67521,67521,0,0
2026-09-12T19:23:25Z,adservice,33933,33649,0,0
2026-09-12T19:23:25Z,cartservice,157151,157125,0,0
2026-09-12T19:23:25Z,checkoutservice,6599,6594,0,0
2026-09-12T19:23:25Z,currencyservice,237320,237274,0,0
2026-09-12T19:23:25Z,emailservice,6594,6594,0,0
2026-09-12T19:23:25Z,frontend,150726,149886,0,0
2026-09-12T19:23:25Z,paymentservice,6594,6594,0,0
2026-09-12T19:23:25Z,productcatalogservice,678219,678166,0,0
2026-09-12T19:23:25Z,recommendationservice,95359,95336,0,0
2026-09-12T19:23:25Z,redis-cart,0,0,0,0
2026-09-12T19:23:25Z,shippingservice,67521,67521,0,0
2026-09-12T19:23:26Z,adservice,33933,33649,0,0
2026-09-12T19:23:26Z,cartservice,157151,157125,0,0
2026-09-12T19:23:26Z,checkoutservice,6599,6594,0,0
2026-09-12T19:23:26Z,currencyservice,237320,237274,0,0
2026-09-12T19:23:26Z,emailservice,6594,6594,0,0
2026-09-12T19:23:26Z,frontend,150726,149886,0,0
2026-09-12T19:23:26Z,paymentservice,6594,6594,0,0
2026-09-12T19:23:26Z,productcatalogservice,678219,678166,0,0
2026-09-12T19:23:26Z,recommendationservice,95359,95336,0,0
2026-09-12T19:23:26Z,redis-cart,0,0,0,0
2026-09-12T19:23:26Z,shippingservice,67521,67521,0,0
2026-09-12T19:23:27Z,adservice,33933,33649,0,0
2026-09-12T19:23:27Z,cartservice,157151,157125,0,0
2026-09-12T19:23:27Z,checkoutservice,6599,6594,0,0
2026-09-12T19:23:27Z,currencyservice,237320,237274,0,0
2026-09-12T19:23:27Z,emailservice,6594,6594,0,0
2026-09-12T19:23:27Z,frontend,150726,149886,0,0
2026-09-12T19:23:27Z,paymentservice,6594,6594,0,0
2026-09-12T19:23:27Z,productcatalogservice,678219,678166,0,0
2026-09-12T19:23:27Z,recommendationservice,95359,95336,0,0
2026-09-12T19:23:27Z,redis-cart,0,0,0,0
2026-09-12T19:23:27Z,shippingservice,67521,67521,0,0
2026-09-12T19:23:28Z,adservice,33933,33649,0,0
2026-09-12T19:23:28Z,cartservice,157151,157125,0,0
2026-09-12T19:23:28Z,checkoutservice,6599,6594,0,0
2026-09-12T19:23:28Z,currencyservice,237320,237274,0,0
2026-09-12T19:23:28Z,emailservice,6594,6594,0,0
2026-09-12T19:23:28Z,frontend,150726,149886,0,0
2026-09-12T19:23:28Z,paymentservice,6594,6594,0,0
2026-09-12T19:23:28Z,productcatalogservice,678219,678166,0,0
2026-09-12T19:23:28Z,recommendationservice,95359,95336,0,0
2026-09-12T19:23:28Z,redis-cart,0,0,0,0
2026-09-12T19:23:28Z,shippingservice,67521,67521,0,0
2026-09-12T19:23:29Z,adservice,33933,33649,0,0
2026-09-12T19:23:29Z,cartservice,157151,157125,0,0
2026-09-12T19:23:29Z,checkoutservice,6599,6594,0,0
2026-09-12T19:23:29Z,currencyservice,237320,237274,0,0
2026-09-12T19:23:29Z,emailservice,6594,6594,0,0
2026-09-12T19:23:29Z,frontend,150726,149886,0,0
2026-09-12T19:23:29Z,paymentservice,6594,6594,0,0
2026-09-12T19:23:29Z,productcatalogservice,678219,678166,0,0
2026-09-12T19:23:29Z,recommendationservice,95359,95336,0,0
2026-09-12T19:23:29Z,redis-cart,0,0,0,0
2026-09-12T19:23:29Z,shippingservice,67521,67521,0,0
2026-09-12T19:23:30Z,adservice,33933,33649,0,0
2026-09-12T19:23:30Z,cartservice,157151,157125,0,0
2026-09-12T19:23:30Z,checkoutservice,6599,6594,0,0
2026-09-12T19:23:30Z,currencyservice,237320,237274,0,0
2026-09-12T19:23:30Z,emailservice,6594,6594,0,0
2026-09-12T19:23:30Z,frontend,150726,149886,0,0
2026-09-12T19:23:30Z,paymentservice,6594,6594,0,0
2026-09-12T19:23:30Z,productcatalogservice,678219,678166,0,0
2026-09-12T19:23:30Z,recommendationservice,95359,95336,0,0
2026-09-12T19:23:30Z,redis-cart,0,0,0,0
2026-09-12T19:23:30Z,shippingservice,67521,67521,0,0
2026-09-12T19:23:31Z,adservice,33933,33649,0,0
2026-09-12T19:23:31Z,cartservice,157151,157125,0,0
2026-09-12T19:23:31Z,checkoutservice,6599,6594,0,0
2026-09-12T19:23:31Z,currencyservice,237320,237274,0,0
2026-09-12T19:23:31Z,emailservice,6594,6594,0,0
2026-09-12T19:23:31Z,frontend,150726,149886,0,0
2026-09-12T19:23:31Z,paymentservice,6594,6594,0,0
2026-09-12T19:23:31Z,productcatalogservice,678219,678166,0,0
2026-09-12T19:23:31Z,recommendationservice,95359,95336,0,0
2026-09-12T19:23:31Z,redis-cart,0,0,0,0
2026-09-12T19:23:31Z,shippingservice,67521,67521,0,0
2026-09-12T19:23:32Z,adservice,33933,33649,0,0
2026-09-12T19:23:32Z,cartservice,157151,157125,0,0
2026-09-12T19:23:32Z,checkoutservice,6599,6594,0,0
2026-09-12T19:23:32Z,currencyservice,237320,237274,0,0
2026-09-12T19:23:32Z,emailservice,6594,6594,0,0
2026-09-12T19:23:32Z,frontend,150726,149886,0,0
2026-09-12T19:23:32Z,paymentservice,6594,6594,0,0
2026-09-12T19:23:32Z,productcatalogservice,678219,678166,0,0
2026-09-12T19:23:32Z,recommendationservice,95359,95336,0,0
2026-09-12T19:23:32Z,redis-cart,0,0,0,0
2026-09-12T19:23:32Z,shippingservice,67521,67521,0,0
2026-09-12T19:23:33Z,adservice,33933,33649,0,0
2026-09-12T19:23:33Z,cartservice,157151,157125,0,0
2026-09-12T19:23:33Z,checkoutservice,6599,6594,0,0
2026-09-12T19:23:33Z,currencyservice,237320,237274,0,0
2026-09-12T19:23:33Z,emailservice,6594,6594,0,0
2026-09-12T19:23:33Z,frontend,150726,149886,0,0
2026-09-12T19:23:33Z,paymentservice,6594,6594,0,0
2026-09-12T19:23:33Z,productcatalogservice,678219,678166,0,0
2026-09-12T19:23:33Z,recommendationservice,95359,95336,0,0
2026-09-12T19:23:33Z,redis-cart,0,0,0,0
2026-09-12T19:23:33Z,shippingservice,67521,67521,0,0
2026-09-12T19:23:34Z,adservice,33933,33649,0,0
2026-09-12T19:23:34Z,cartservice,157151,157125,0,0
2026-09-12T19:23:34Z,checkoutservice,6599,6594,0,0
2026-09-12T19:23:34Z,currencyservice,237320,237274,0,0
2026-09-12T19:23:34Z,emailservice,6594,6594,0,0
2026-09-12T19:23:34Z,frontend,150726,149886,0,0
2026-09-12T19:23:34Z,paymentservice,6594,6594,0,0
2026-09-12T19:23:34Z,productcatalogservice,678219,678166,0,0
2026-09-12T19:23:34Z,recommendationservice,95359,95336,0,0
2026-09-12T19:23:34Z,redis-cart,0,0,0,0
2026-09-12T19:23:34Z,shippingservice,67521,67521,0,0
2026-09-12T19:23:35Z,adservice,33933,33649,0,0
2026-09-12T19:23:35Z,cartservice,157151,157125,0,0
2026-09-12T19:23:35Z,checkoutservice,6599,6594,0,0
2026-09-12T19:23:35Z,currencyservice,237320,237274,0,0
2026-09-12T19:23:35Z,emailservice,6594,6594,0,0
2026-09-12T19:23:35Z,frontend,150726,149886,0,0
2026-09-12T19:23:35Z,paymentservice,6594,6594,0,0
2026-09-12T19:23:35Z,productcatalogservice,678219,678166,0,0
2026-09-12T19:23:35Z,recommendationservice,95359,95336,0,0
2026-09-12T19:23:35Z,redis-cart,0,0,0,0
2026-09-12T19:23:35Z,shippingservice,67521,67521,0,0
2026-09-12T19:23:36Z,adservice,33933,33649,0,0
2026-09-12T19:23:36Z,cartservice,157151,157125,0,0
2026-09-12T19:23:36Z,checkoutservice,6599,6594,0,0
2026-09-12T19:23:36Z,currencyservice,237320,237274,0,0
2026-09-12T19:23:36Z,emailservice,6594,6594,0,0
2026-09-12T19:23:36Z,frontend,150726,149886,0,0
2026-09-12T19:23:36Z,paymentservice,6594,6594,0,0
2026-09-12T19:23:36Z,productcatalogservice,678219,678166,0,0
2026-09-12T19:23:36Z,recommendationservice,95359,95336,0,0
2026-09-12T19:23:36Z,redis-cart,0,0,0,0
2026-09-12T19:23:36Z,shippingservice,67521,67521,0,0
2026-09-12T19:23:37Z,adservice,33933,33649,0,0
2026-09-12T19:23:37Z,cartservice,157151,157125,0,0
2026-09-12T19:23:37Z,checkoutservice,6599,6594,0,0
2026-09-12T19:23:37Z,currencyservice,237320,237274,0,0
2026-09-12T19:23:37Z,emailservice,6594,6594,0,0
2026-09-12T19:23:37Z,frontend,150726,149886,0,0
2026-09-12T19:23:37Z,paymentservice,6594,6594,0,0
2026-09-12T19:23:37Z,productcatalogservice,678219,678166,0,0
2026-09-12T19:23:37Z,recommendationservice,95359,95336,0,0
2026-09-12T19:23:37Z,redis-cart,0,0,0,0
2026-09-12T19:23:37Z,shippingservice,67521,67521,0,0
2026-09-12T19:23:38Z,adservice,33933,33649,0,0
2026-09-12T19:23:38Z,cartservice,157151,157125,0,0
2026-09-12T19:23:38Z,checkoutservice,6599,6594,0,0
2026-09-12T19:23:38Z,currencyservice,237320,237274,0,0
2026-09-12T19:23:38Z,emailservice,6594,6594,0,0
2026-09-12T19:23:38Z,frontend,150726,149886,0,0
2026-09-12T19:23:38Z,paymentservice,6594,6594,0,0
2026-09-12T19:23:38Z,productcatalogservice,678219,678166,0,0
2026-09-12T19:23:38Z,recommendationservice,95359,95336,0,0
2026-09-12T19:23:38Z,redis-cart,0,0,0,0
2026-09-12T19:23:38Z,shippingservice,67521,67521,0,0
2026-09-12T19:23:39Z,adservice,33933,33649,0,0
2026-09-12T19:23:39Z,cartservice,157151,157125,0,0
2026-09-12T19:23:39Z,checkoutservice,6599,6594,0,0
2026-09-12T19:23:39Z,currencyservice,237320,237274,0,0
2026-09-12T19:23:39Z,emailservice,6594,6594,0,0
2026-09-12T19:23:39Z,frontend,150726,149886,0,0
2026-09-12T19:23:39Z,paymentservice,6594,6594,0,0
2026-09-12T19:23:39Z,productcatalogservice,678219,678166,0,0
2026-09-12T19:23:39Z,recommendationservice,95359,95336,0,0
2026-09-12T19:23:39Z,redis-cart,0,0,0,0
2026-09-12T19:23:39Z,shippingservice,67521,67521,0,0
2026-09-12T19:23:40Z,adservice,33933,33649,0,0
2026-09-12T19:23:40Z,cartservice,157151,157125,0,0
2026-09-12T19:23:40Z,checkoutservice,6599,6594,0,0
2026-09-12T19:23:40Z,currencyservice,237320,237274,0,0
2026-09-12T19:23:40Z,emailservice,6594,6594,0,0
2026-09-12T19:23:40Z,frontend,150726,149886,0,0
2026-09-12T19:23:40Z,paymentservice,6594,6594,0,0
2026-09-12T19:23:40Z,productcatalogservice,678219,678166,0,0
2026-09-12T19:23:40Z,recommendationservice,95359,95336,0,0
2026-09-12T19:23:40Z,redis-cart,0,0,0,0
2026-09-12T19:23:40Z,shippingservice,67521,67521,0,0
2026-09-12T19:23:41Z,adservice,33933,33649,0,0
2026-09-12T19:23:41Z,cartservice,157151,157125,0,0
2026-09-12T19:23:41Z,checkoutservice,6599,6594,0,0
2026-09-12T19:23:41Z,currencyservice,237320,237274,0,0
2026-09-12T19:23:41Z,emailservice,6594,6594,0,0
2026-09-12T19:23:41Z,frontend,150726,149886,0,0
2026-09-12T19:23:41Z,paymentservice,6594,6594,0,0
2026-09-12T19:23:41Z,productcatalogservice,678219,678166,0,0
2026-09-12T19:23:41Z,recommendationservice,95359,95336,0,0
2026-09-12T19:23:41Z,redis-cart,0,0,0,0
2026-09-12T19:23:41Z,shippingservice,67521,67521,0,0
2026-09-12T19:23:42Z,adservice,33933,33649,0,0
2026-09-12T19:23:42Z,cartservice,157151,157125,0,0
2026-09-12T19:23:42Z,checkoutservice,6599,6594,0,0
2026-09-12T19:23:42Z,currencyservice,237320,237274,0,0
2026-09-12T19:23:42Z,emailservice,6594,6594,0,0
2026-09-12T19:23:42Z,frontend,150726,149886,0,0
2026-09-12T19:23:42Z,paymentservice,6594,6594,0,0
2026-09-12T19:23:42Z,productcatalogservice,678219,678166,0,0
2026-09-12T19:23:42Z,recommendationservice,95359,95336,0,0
2026-09-12T19:23:42Z,redis-cart,0,0,0,0
2026-09-12T19:23:42Z,shippingservice,67521,67521,0,0
2026-09-12T19:23:43Z,adservice,33933,33649,0,0
2026-09-12T19:23:43Z,cartservice,157151,157125,0,0
2026-09-12T19:23:43Z,checkoutservice,6599,6594,0,0
2026-09-12T19:23:43Z,currencyservice,237320,237274,0,0
2026-09-12T19:23:43Z,emailservice,6594,6594,0,0
2026-09-12T19:23:43Z,frontend,150726,149886,0,0
2026-09-12T19:23:43Z,paymentservice,6594,6594,0,0
2026-09-12T19:23:43Z,productcatalogservice,678219,678166,0,0
2026-09-12T19:23:43Z,recommendationservice,95359,95336,0,0
2026-09-12T19:23:43Z,redis-cart,0,0,0,0
2026-09-12T19:23:43Z,shippingservice,67521,67521,0,0
2026-09-12T19:23:44Z,adservice,33933,33649,0,0
2026-09-12T19:23:44Z,cartservice,157151,157125,0,0
2026-09-12T19:23:44Z,checkoutservice,6599,6594,0,0
2026-09-12T19:23:44Z,currencyservice,237320,237274,0,0
2026-09-12T19:23:44Z,emailservice,6594,6594,0,0
2026-09-12T19:23:44Z,frontend,150726,149886,0,0
2026-09-12T19:23:44Z,paymentservice,6594,6594,0,0
2026-09-12T19:23:44Z,productcatalogservice,678219,678166,0,0
2026-09-12T19:23:44Z,recommendationservice,95359,95336,0,0
2026-09-12T19:23:44Z,redis-cart,0,0,0,0
2026-09-12T19:23:44Z,shippingservice,67521,67521,0,0
2026-09-12T19:23:45Z,adservice,33933,33649,0,0
2026-09-12T19:23:45Z,cartservice,157151,157125,0,0
2026-09-12T19:23:45Z,checkoutservice,6599,6594,0,0
2026-09-12T19:23:45Z,currencyservice,237320,237274,0,0
2026-09-12T19:23:45Z,emailservice,6594,6594,0,0
2026-09-12T19:23:45Z,frontend,150726,149886,0,0
2026-09-12T19:23:45Z,paymentservice,6594,6594,0,0
2026-09-12T19:23:45Z,productcatalogservice,678219,678166,0,0
2026-09-12T19:23:45Z,recommendationservice,95359,95336,0,0
2026-09-12T19:23:45Z,redis-cart,0,0,0,0
2026-09-12T19:23:45Z,shippingservice,67521,67521,0,0
2026-09-12T19:23:46Z,adservice,33933,33649,0,0
2026-09-12T19:23:46Z,cartservice,157151,157125,0,0
2026-09-12T19:23:46Z,checkoutservice,6599,6594,0,0
2026-09-12T19:23:46Z,currencyservice,237320,237274,0,0
2026-09-12T19:23:46Z,emailservice,6594,6594,0,0
2026-09-12T19:23:46Z,frontend,150726,149886,0,0
2026-09-12T19:23:46Z,paymentservice,6594,6594,0,0
2026-09-12T19:23:46Z,productcatalogservice,678219,678166,0,0
2026-09-12T19:23:46Z,recommendationservice,95359,95336,0,0
2026-09-12T19:23:46Z,redis-cart,0,0,0,0
2026-09-12T19:23:46Z,shippingservice,67521,67521,0,0
2026-09-12T19:23:47Z,adservice,33933,33649,0,0
2026-09-12T19:23:47Z,cartservice,157151,157125,0,0
2026-09-12T19:23:47Z,checkoutservice,6599,6594,0,0
2026-09-12T19:23:47Z,currencyservice,237320,237274,0,0
2026-09-12T19:23:47Z,emailservice,6594,6594,0,0
2026-09-12T19:23:47Z,frontend,150726,149886,0,0
2026-09-12T19:23:47Z,paymentservice,6594,6594,0,0
2026-09-12T19:23:47Z,productcatalogservice,678219,678166,0,0
2026-09-12T19:23:47Z,recommendationservice,95359,95336,0,0
2026-09-12T19:23:47Z,redis-cart,0,0,0,0
2026-09-12T19:23:47Z,shippingservice,67521,67521,0,0
2026-09-12T19:23:48Z,adservice,33933,33649,0,0
2026-09-12T19:23:48Z,cartservice,157151,157125,0,0
2026-09-12T19:23:48Z,checkoutservice,6599,6594,0,0
2026-09-12T19:23:48Z,currencyservice,237320,237274,0,0
2026-09-12T19:23:48Z,emailservice,6594,6594,0,0
2026-09-12T19:23:48Z,frontend,150726,149886,0,0
2026-09-12T19:23:48Z,paymentservice,6594,6594,0,0
2026-09-12T19:23:48Z,productcatalogservice,678219,678166,0,0
2026-09-12T19:23:48Z,recommendationservice,95359,95336,0,0
2026-09-12T19:23:48Z,redis-cart,0,0,0,0
2026-09-12T19:23:48Z,shippingservice,67521,67521,0,0
2026-09-12T19:23:49Z,adservice,33933,33649,0,0
2026-09-12T19:23:49Z,cartservice,157151,157125,0,0
2026-09-12T19:23:49Z,checkoutservice,6599,6594,0,0
2026-09-12T19:23:49Z,currencyservice,237320,237274,0,0
2026-09-12T19:23:49Z,emailservice,6594,6594,0,0
2026-09-12T19:23:49Z,frontend,150726,149886,0,0
2026-09-12T19:23:49Z,paymentservice,6594,6594,0,0
2026-09-12T19:23:49Z,productcatalogservice,678219,678166,0,0
2026-09-12T19:23:49Z,recommendationservice,95359,95336,0,0
2026-09-12T19:23:49Z,redis-cart,0,0,0,0
2026-09-12T19:23:49Z,shippingservice,67521,67521,0,0
2026-09-12T19:23:50Z,adservice,33933,33649,0,0
2026-09-12T19:23:50Z,cartservice,157151,157125,0,0
2026-09-12T19:23:50Z,checkoutservice,6599,6594,0,0
2026-09-12T19:23:50Z,currencyservice,237320,237274,0,0
2026-09-12T19:23:50Z,emailservice,6594,6594,0,0
2026-09-12T19:23:50Z,frontend,150726,149886,0,0
2026-09-12T19:23:50Z,paymentservice,6594,6594,0,0
2026-09-12T19:23:50Z,productcatalogservice,678219,678166,0,0
2026-09-12T19:23:50Z,recommendationservice,95359,95336,0,0
2026-09-12T19:23:50Z,redis-cart,0,0,0,0
2026-09-12T19:23:50Z,shippingservice,67521,67521,0,0
2026-09-12T19:23:51Z,adservice,33933,33649,0,0
2026-09-12T19:23:51Z,cartservice,157151,157125,0,0
2026-09-12T19:23:51Z,checkoutservice,6599,6594,0,0
2026-09-12T19:23:51Z,currencyservice,237320,237274,0,0
2026-09-12T19:23:51Z,emailservice,6594,6594,0,0
2026-09-12T19:23:51Z,frontend,150726,149886,0,0
2026-09-12T19:23:51Z,paymentservice,6594,6594,0,0
2026-09-12T19:23:51Z,productcatalogservice,678219,678166,0,0
2026-09-12T19:23:51Z,recommendationservice,95359,95336,0,0
2026-09-12T19:23:51Z,redis-cart,0,0,0,0
2026-09-12T19:23:51Z,shippingservice,67521,67521,0,0
2026-09-12T19:23:52Z,adservice,33933,33649,0,0
2026-09-12T19:23:52Z,cartservice,157151,157125,0,0
2026-09-12T19:23:52Z,checkoutservice,6599,6594,0,0
2026-09-12T19:23:52Z,currencyservice,237320,237274,0,0
2026-09-12T19:23:52Z,emailservice,6594,6594,0,0
2026-09-12T19:23:52Z,frontend,150726,149886,0,0
2026-09-12T19:23:52Z,paymentservice,6594,6594,0,0
2026-09-12T19:23:52Z,productcatalogservice,678219,678166,0,0
2026-09-12T19:23:52Z,recommendationservice,95359,95336,0,0
2026-09-12T19:23:52Z,redis-cart,0,0,0,0
2026-09-12T19:23:52Z,shippingservice,67521,67521,0,0
2026-09-12T19:23:53Z,adservice,33933,33649,0,0
2026-09-12T19:23:53Z,cartservice,157151,157125,0,0
2026-09-12T19:23:53Z,checkoutservice,6599,6594,0,0
2026-09-12T19:23:53Z,currencyservice,237320,237274,0,0
2026-09-12T19:23:53Z,emailservice,6594,6594,0,0
2026-09-12T19:23:53Z,frontend,150726,149886,0,0
2026-09-12T19:23:53Z,paymentservice,6594,6594,0,0
2026-09-12T19:23:53Z,productcatalogservice,678219,678166,0,0
2026-09-12T19:23:53Z,recommendationservice,95359,95336,0,0
2026-09-12T19:23:53Z,redis-cart,0,0,0,0
2026-09-12T19:23:53Z,shippingservice,67521,67521,0,0
2026-09-12T19:23:54Z,adservice,33933,33649,0,0
2026-09-12T19:23:54Z,cartservice,157151,157125,0,0
2026-09-12T19:23:54Z,checkoutservice,6599,6594,0,0
2026-09-12T19:23:54Z,currencyservice,237320,237274,0,0
2026-09-12T19:23:54Z,emailservice,6594,6594,0,0
2026-09-12T19:23:54Z,frontend,150726,149886,0,0
2026-09-12T19:23:54Z,paymentservice,6594,6594,0,0
2026-09-12T19:23:54Z,productcatalogservice,678219,678166,0,0
2026-09-12T19:23:54Z,recommendationservice,95359,95336,0,0
2026-09-12T19:23:54Z,redis-cart,0,0,0,0
2026-09-12T19:23:54Z,shippingservice,67521,67521,0,0
2026-09-12T19:23:55Z,adservice,33933,33649,0,0
2026-09-12T19:23:55Z,cartservice,157151,157125,0,0
2026-09-12T19:23:55Z,checkoutservice,6599,6594,0,0
2026-09-12T19:23:55Z,currencyservice,237320,237274,0,0
2026-09-12T19:23:55Z,emailservice,6594,6594,0,0
2026-09-12T19:23:55Z,frontend,150726,149886,0,0
2026-09-12T19:23:55Z,paymentservice,6594,6594,0,0
2026-09-12T19:23:55Z,productcatalogservice,678219,678166,0,0
2026-09-12T19:23:55Z,recommendationservice,95359,95336,0,0
2026-09-12T19:23:55Z,redis-cart,0,0,0,0
2026-09-12T19:23:55Z,shippingservice,67521,67521,0,0
2026-09-12T19:23:56Z,adservice,33933,33649,0,0
2026-09-12T19:23:56Z,cartservice,157151,157125,0,0
2026-09-12T19:23:56Z,checkoutservice,6599,6594,0,0
2026-09-12T19:23:56Z,currencyservice,237320,237274,0,0
2026-09-12T19:23:56Z,emailservice,6594,6594,0,0
2026-09-12T19:23:56Z,frontend,150726,149886,0,0
2026-09-12T19:23:56Z,paymentservice,6594,6594,0,0
2026-09-12T19:23:56Z,productcatalogservice,678219,678166,0,0
2026-09-12T19:23:56Z,recommendationservice,95359,95336,0,0
2026-09-12T19:23:56Z,redis-cart,0,0,0,0
2026-09-12T19:23:56Z,shippingservice,67521,67521,0,0
2026-09-12T19:23:57Z,adservice,33933,33649,0,0
2026-09-12T19:23:57Z,cartservice,157151,157125,0,0
2026-09-12T19:23:57Z,checkoutservice,6599,6594,0,0
2026-09-12T19:23:57Z,currencyservice,237320,237274,0,0
2026-09-12T19:23:57Z,emailservice,6594,6594,0,0
2026-09-12T19:23:57Z,frontend,150726,149886,0,0
2026-09-12T19:23:57Z,paymentservice,6594,6594,0,0
2026-09-12T19:23:57Z,productcatalogservice,678219,678166,0,0
2026-09-12T19:23:57Z,recommendationservice,95359,95336,0,0
2026-09-12T19:23:57Z,redis-cart,0,0,0,0
2026-09-12T19:23:57Z,shippingservice,67521,67521,0,0
2026-09-12T19:23:58Z,adservice,33933,33649,0,0
2026-09-12T19:23:58Z,cartservice,157151,157125,0,0
2026-09-12T19:23:58Z,checkoutservice,6599,6594,0,0
2026-09-12T19:23:58Z,currencyservice,237320,237274,0,0
2026-09-12T19:23:58Z,emailservice,6594,6594,0,0
2026-09-12T19:23:58Z,frontend,150726,149886,0,0
2026-09-12T19:23:58Z,paymentservice,6594,6594,0,0
2026-09-12T19:23:58Z,productcatalogservice,678219,678166,0,0
2026-09-12T19:23:58Z,recommendationservice,95359,95336,0,0
2026-09-12T19:23:58Z,redis-cart,0,0,0,0
2026-09-12T19:23:58Z,shippingservice,67521,67521,0,0
2026-09-12T19:23:59Z,adservice,33933,33649,0,0
2026-09-12T19:23:59Z,cartservice,157151,157125,0,0
2026-09-12T19:23:59Z,checkoutservice,6599,6594,0,0
2026-09-12T19:23:59Z,currencyservice,237320,237274,0,0
2026-09-12T19:23:59Z,emailservice,6594,6594,0,0
2026-09-12T19:23:59Z,frontend,150726,149886,0,0
2026-09-12T19:23:59Z,paymentservice,6594,6594,0,0
2026-09-12T19:23:59Z,productcatalogservice,678219,678166,0,0
2026-09-12T19:23:59Z,recommendationservice,95359,95336,0,0
2026-09-12T19:23:59Z,redis-cart,0,0,0,0
2026-09-12T19:23:59Z,shippingservice,67521,67521,0,0
2026-09-12T19:24:00Z,adservice,33933,33649,0,0
2026-09-12T19:24:00Z,cartservice,157151,157125,0,0
2026-09-12T19:24:00Z,checkoutservice,6599,6594,0,0
2026-09-12T19:24:00Z,currencyservice,237320,237274,0,0
2026-09-12T19:24:00Z,emailservice,6594,6594,0,0
2026-09-12T19:24:00Z,frontend,150726,149886,0,0
2026-09-12T19:24:00Z,paymentservice,6594,6594,0,0
2026-09-12T19:24:00Z,productcatalogservice,678219,678166,0,0
2026-09-12T19:24:00Z,recommendationservice,95359,95336,0,0
2026-09-12T19:24:00Z,redis-cart,0,0,0,0
2026-09-12T19:24:00Z,shippingservice,67521,67521,0,0
2026-09-12T19:24:01Z,adservice,33933,33649,0,0
2026-09-12T19:24:01Z,cartservice,157151,157125,0,0
2026-09-12T19:24:01Z,checkoutservice,6599,6594,0,0
2026-09-12T19:24:01Z,currencyservice,237320,237274,0,0
2026-09-12T19:24:01Z,emailservice,6594,6594,0,0
2026-09-12T19:24:01Z,frontend,150726,149886,0,0
2026-09-12T19:24:01Z,paymentservice,6594,6594,0,0
2026-09-12T19:24:01Z,productcatalogservice,678219,678166,0,0
2026-09-12T19:24:01Z,recommendationservice,95359,95336,0,0
2026-09-12T19:24:01Z,redis-cart,0,0,0,0
2026-09-12T19:24:01Z,shippingservice,67521,67521,0,0
2026-09-12T19:24:02Z,adservice,33933,33649,0,0
2026-09-12T19:24:02Z,cartservice,157151,157125,0,0
2026-09-12T19:24:02Z,checkoutservice,6599,6594,0,0
2026-09-12T19:24:02Z,currencyservice,237320,237274,0,0
2026-09-12T19:24:02Z,emailservice,6594,6594,0,0
2026-09-12T19:24:02Z,frontend,150726,149886,0,0
2026-09-12T19:24:02Z,paymentservice,6594,6594,0,0
2026-09-12T19:24:02Z,productcatalogservice,678219,678166,0,0
2026-09-12T19:24:02Z,recommendationservice,95359,95336,0,0
2026-09-12T19:24:02Z,redis-cart,0,0,0,0
2026-09-12T19:24:02Z,shippingservice,67521,67521,0,0
2026-09-12T19:24:03Z,adservice,33933,33649,0,0
2026-09-12T19:24:03Z,cartservice,157151,157125,0,0
2026-09-12T19:24:03Z,checkoutservice,6599,6594,0,0
2026-09-12T19:24:03Z,currencyservice,237320,237274,0,0
2026-09-12T19:24:03Z,emailservice,6594,6594,0,0
2026-09-12T19:24:03Z,frontend,150726,149886,0,0
2026-09-12T19:24:03Z,paymentservice,6594,6594,0,0
2026-09-12T19:24:03Z,productcatalogservice,678219,678166,0,0
2026-09-12T19:24:03Z,recommendationservice,95359,95336,0,0
2026-09-12T19:24:03Z,redis-cart,0,0,0,0
2026-09-12T19:24:03Z,shippingservice,67521,67521,0,0
2026-09-12T19:24:04Z,adservice,33933,33649,0,0
2026-09-12T19:24:04Z,cartservice,157151,157125,0,0
2026-09-12T19:24:04Z,checkoutservice,6599,6594,0,0
2026-09-12T19:24:04Z,currencyservice,237320,237274,0,0
2026-09-12T19:24:04Z,emailservice,6594,6594,0,0
2026-09-12T19:24:04Z,frontend,150726,149886,0,0
2026-09-12T19:24:04Z,paymentservice,6594,6594,0,0
2026-09-12T19:24:04Z,productcatalogservice,678219,678166,0,0
2026-09-12T19:24:04Z,recommendationservice,95359,95336,0,0
2026-09-12T19:24:04Z,redis-cart,0,0,0,0
2026-09-12T19:24:04Z,shippingservice,67521,67521,0,0
2026-09-12T19:24:05Z,adservice,33933,33649,0,0
2026-09-12T19:24:05Z,cartservice,157151,157125,0,0
2026-09-12T19:24:05Z,checkoutservice,6599,6594,0,0
2026-09-12T19:24:05Z,currencyservice,237320,237274,0,0
2026-09-12T19:24:05Z,emailservice,6594,6594,0,0
2026-09-12T19:24:05Z,frontend,150726,149886,0,0
2026-09-12T19:24:05Z,paymentservice,6594,6594,0,0
2026-09-12T19:24:05Z,productcatalogservice,678219,678166,0,0
2026-09-12T19:24:05Z,recommendationservice,95359,95336,0,0
2026-09-12T19:24:05Z,redis-cart,0,0,0,0
2026-09-12T19:24:05Z,shippingservice,67521,67521,0,0
2026-09-12T19:24:06Z,adservice,33933,33649,0,0
2026-09-12T19:24:06Z,cartservice,157151,157125,0,0
2026-09-12T19:24:06Z,checkoutservice,6599,6594,0,0
2026-09-12T19:24:06Z,currencyservice,237320,237274,0,0
2026-09-12T19:24:06Z,emailservice,6594,6594,0,0
2026-09-12T19:24:06Z,frontend,150726,149886,0,0
2026-09-12T19:24:06Z,paymentservice,6594,6594,0,0
2026-09-12T19:24:06Z,productcatalogservice,678219,678166,0,0
2026-09-12T19:24:06Z,recommendationservice,95359,95336,0,0
2026-09-12T19:24:06Z,redis-cart,0,0,0,0
2026-09-12T19:24:06Z,shippingservice,67521,67521,0,0
2026-09-12T19:24:07Z,adservice,33933,33649,0,0
2026-09-12T19:24:07Z,cartservice,157151,157125,0,0
2026-09-12T19:24:07Z,checkoutservice,6599,6594,0,0
2026-09-12T19:24:07Z,currencyservice,237320,237274,0,0
2026-09-12T19:24:07Z,emailservice,6594,6594,0,0
2026-09-12T19:24:07Z,frontend,150726,149886,0,0
2026-09-12T19:24:07Z,paymentservice,6594,6594,0,0
2026-09-12T19:24:07Z,productcatalogservice,678219,678166,0,0
2026-09-12T19:24:07Z,recommendationservice,95359,95336,0,0
2026-09-12T19:24:07Z,redis-cart,0,0,0,0
2026-09-12T19:24:07Z,shippingservice,67521,67521,0,0
2026-09-12T19:24:08Z,adservice,33984,33700,0,0
2026-09-12T19:24:08Z,cartservice,157307,157281,0,0
2026-09-12T19:24:08Z,checkoutservice,6602,6597,0,0
2026-09-12T19:24:08Z,currencyservice,237528,237482,0,0
2026-09-12T19:24:08Z,emailservice,6597,6597,0,0
2026-09-12T19:24:08Z,frontend,150879,150039,0,0
2026-09-12T19:24:08Z,paymentservice,6597,6597,0,0
2026-09-12T19:24:08Z,productcatalogservice,678908,678855,0,0
2026-09-12T19:24:08Z,recommendationservice,95463,95440,0,0
2026-09-12T19:24:08Z,redis-cart,0,0,0,0
2026-09-12T19:24:08Z,shippingservice,67577,67577,0,0
2026-09-12T19:24:09Z,adservice,34036,33752,0,0
2026-09-12T19:24:09Z,cartservice,157523,157497,0,0
2026-09-12T19:24:09Z,checkoutservice,6608,6603,0,0
2026-09-12T19:24:09Z,currencyservice,237810,237764,0,0
2026-09-12T19:24:09Z,emailservice,6603,6603,0,0
2026-09-12T19:24:09Z,frontend,151090,150249,0,0
2026-09-12T19:24:09Z,paymentservice,6603,6603,0,0
2026-09-12T19:24:09Z,productcatalogservice,679819,679766,0,0
2026-09-12T19:24:09Z,recommendationservice,95600,95577,0,0
2026-09-12T19:24:09Z,redis-cart,0,0,0,0
2026-09-12T19:24:09Z,shippingservice,67668,67668,0,0
2026-09-12T19:24:10Z,adservice,34089,33805,0,0
2026-09-12T19:24:10Z,cartservice,157750,157724,0,0
2026-09-12T19:24:10Z,checkoutservice,6617,6612,0,0
2026-09-12T19:24:10Z,currencyservice,238117,238071,0,0
2026-09-12T19:24:10Z,emailservice,6612,6612,0,0
2026-09-12T19:24:10Z,frontend,151307,150467,0,0
2026-09-12T19:24:10Z,paymentservice,6612,6612,0,0
2026-09-12T19:24:10Z,productcatalogservice,680784,680731,0,0
2026-09-12T19:24:10Z,recommendationservice,95742,95719,0,0
2026-09-12T19:24:10Z,redis-cart,0,0,0,0
2026-09-12T19:24:10Z,shippingservice,67766,67766,0,0
2026-09-12T19:24:11Z,adservice,34143,33859,0,0
2026-09-12T19:24:11Z,cartservice,157984,157958,0,0
2026-09-12T19:24:11Z,checkoutservice,6627,6622,0,0
2026-09-12T19:24:11Z,currencyservice,238465,238419,0,0
2026-09-12T19:24:11Z,emailservice,6622,6622,0,0
2026-09-12T19:24:11Z,frontend,151531,150689,0,0
2026-09-12T19:24:11Z,paymentservice,6622,6622,0,0
2026-09-12T19:24:11Z,productcatalogservice,681840,681787,0,0
2026-09-12T19:24:11Z,recommendationservice,95898,95875,0,0
2026-09-12T19:24:11Z,redis-cart,0,0,0,0
2026-09-12T19:24:11Z,shippingservice,67878,67878,0,0
2026-09-12T19:24:12Z,adservice,34198,33914,0,0
2026-09-12T19:24:12Z,cartservice,158217,158191,0,0
2026-09-12T19:24:12Z,checkoutservice,6637,6632,0,0
2026-09-12T19:24:12Z,currencyservice,238814,238768,0,0
2026-09-12T19:24:12Z,emailservice,6632,6632,0,0
2026-09-12T19:24:12Z,frontend,151756,150914,0,0
2026-09-12T19:24:12Z,paymentservice,6632,6632,0,0
2026-09-12T19:24:12Z,productcatalogservice,682862,682809,0,0
2026-09-12T19:24:12Z,recommendationservice,96048,96025,0,0
2026-09-12T19:24:12Z,redis-cart,0,0,0,0
2026-09-12T19:24:12Z,shippingservice,67983,67983,0,0
2026-09-12T19:24:13Z,adservice,34254,33970,0,0
2026-09-12T19:24:13Z,cartservice,158459,158432,0,0
2026-09-12T19:24:13Z,checkoutservice,6647,6642,0,0
2026-09-12T19:24:13Z,currencyservice,239179,239133,0,0
2026-09-12T19:24:13Z,emailservice,6642,6642,0,0
2026-09-12T19:24:13Z,frontend,151986,151144,0,0
2026-09-12T19:24:13Z,paymentservice,6642,6642,0,0
2026-09-12T19:24:13Z,productcatalogservice,683932,683879,0,0
2026-09-12T19:24:13Z,recommendationservice,96199,96176,0,0
2026-09-12T19:24:13Z,redis-cart,0,0,0,0
2026-09-12T19:24:13Z,shippingservice,68088,68088,0,0
2026-09-12T19:24:14Z,adservice,34311,34027,0,0
2026-09-12T19:24:14Z,cartservice,158701,158675,0,0
2026-09-12T19:24:14Z,checkoutservice,6657,6652,0,0
2026-09-12T19:24:14Z,currencyservice,239540,239494,0,0
2026-09-12T19:24:14Z,emailservice,6652,6652,0,0
2026-09-12T19:24:14Z,frontend,152218,151378,0,0
2026-09-12T19:24:14Z,paymentservice,6652,6652,0,0
2026-09-12T19:24:14Z,productcatalogservice,684976,684923,0,0
2026-09-12T19:24:14Z,recommendationservice,96348,96325,0,0
2026-09-12T19:24:14Z,redis-cart,0,0,0,0
2026-09-12T19:24:14Z,shippingservice,68190,68190,0,0
2026-09-12T19:24:15Z,adservice,34369,34085,0,0
2026-09-12T19:24:15Z,cartservice,158949,158923,0,0
2026-09-12T19:24:15Z,checkoutservice,6667,6662,0,0
2026-09-12T19:24:15Z,currencyservice,239904,239858,0,0
2026-09-12T19:24:15Z,emailservice,6662,6662,0,0
2026-09-12T19:24:15Z,frontend,152456,151616,0,0
2026-09-12T19:24:15Z,paymentservice,6662,6662,0,0
2026-09-12T19:24:15Z,productcatalogservice,686032,685979,0,0
2026-09-12T19:24:15Z,recommendationservice,96497,96474,0,0
2026-09-12T19:24:15Z,redis-cart,0,0,0,0
2026-09-12T19:24:15Z,shippingservice,68291,68291,0,0
2026-09-12T19:24:16Z,adservice,34428,34144,0,0
2026-09-12T19:24:16Z,cartservice,159202,159176,0,0
2026-09-12T19:24:16Z,checkoutservice,6677,6672,0,0
2026-09-12T19:24:16Z,currencyservice,240267,240221,0,0
2026-09-12T19:24:16Z,emailservice,6672,6672,0,0
2026-09-12T19:24:16Z,frontend,152699,151858,0,0
2026-09-12T19:24:16Z,paymentservice,6672,6672,0,0
2026-09-12T19:24:16Z,productcatalogservice,687097,687044,0,0
2026-09-12T19:24:16Z,recommendationservice,96647,96624,0,0
2026-09-12T19:24:16Z,redis-cart,0,0,0,0
2026-09-12T19:24:16Z,shippingservice,68392,68392,0,0
2026-09-12T19:24:17Z,adservice,34488,34204,0,0
2026-09-12T19:24:17Z,cartservice,159457,159431,0,0
2026-09-12T19:24:17Z,checkoutservice,6687,6682,0,0
2026-09-12T19:24:17Z,currencyservice,240674,240628,0,0
2026-09-12T19:24:17Z,emailservice,6682,6682,0,0
2026-09-12T19:24:17Z,frontend,152944,152102,0,0
2026-09-12T19:24:17Z,paymentservice,6682,6682,0,0
2026-09-12T19:24:17Z,productcatalogservice,688254,688200,0,0
2026-09-12T19:24:17Z,recommendationservice,96813,96789,0,0
2026-09-12T19:24:17Z,redis-cart,0,0,0,0
2026-09-12T19:24:17Z,shippingservice,68508,68508,0,0
2026-09-12T19:24:18Z,adservice,34549,34265,0,0
2026-09-12T19:24:18Z,cartservice,159718,159692,0,0
2026-09-12T19:24:18Z,checkoutservice,6697,6692,0,0
2026-09-12T19:24:18Z,currencyservice,241076,241030,0,0
2026-09-12T19:24:18Z,emailservice,6692,6692,0,0
2026-09-12T19:24:18Z,frontend,153196,152344,0,0
2026-09-12T19:24:18Z,paymentservice,6692,6692,0,0
2026-09-12T19:24:18Z,productcatalogservice,689406,689353,0,0
2026-09-12T19:24:18Z,recommendationservice,96973,96950,0,0
2026-09-12T19:24:18Z,redis-cart,0,0,0,0
2026-09-12T19:24:18Z,shippingservice,68621,68621,0,0
2026-09-12T19:24:19Z,adservice,34611,34327,0,0
2026-09-12T19:24:19Z,cartservice,159981,159955,0,0
2026-09-12T19:24:19Z,checkoutservice,6707,6702,0,0
2026-09-12T19:24:19Z,currencyservice,241455,241409,0,0
2026-09-12T19:24:19Z,emailservice,6702,6702,0,0
2026-09-12T19:24:19Z,frontend,153448,152602,0,0
2026-09-12T19:24:19Z,paymentservice,6702,6702,0,0
2026-09-12T19:24:19Z,productcatalogservice,690551,690498,0,0
2026-09-12T19:24:19Z,recommendationservice,97129,97104,0,0
2026-09-12T19:24:19Z,redis-cart,0,0,0,0
2026-09-12T19:24:19Z,shippingservice,68731,68731,0,0
2026-09-12T19:24:20Z,adservice,34674,34390,0,0
2026-09-12T19:24:20Z,cartservice,160249,160223,0,0
2026-09-12T19:24:20Z,checkoutservice,6717,6712,0,0
2026-09-12T19:24:20Z,currencyservice,241853,241807,0,0
2026-09-12T19:24:20Z,emailservice,6712,6712,0,0
2026-09-12T19:24:20Z,frontend,153708,152866,0,0
2026-09-12T19:24:20Z,paymentservice,6712,6712,0,0
2026-09-12T19:24:20Z,productcatalogservice,691676,691623,0,0
2026-09-12T19:24:20Z,recommendationservice,97296,97273,0,0
2026-09-12T19:24:20Z,redis-cart,0,0,0,0
2026-09-12T19:24:20Z,shippingservice,68835,68835,0,0
2026-09-12T19:24:21Z,adservice,34738,34454,0,0
2026-09-12T19:24:21Z,cartservice,160522,160496,0,0
2026-09-12T19:24:21Z,checkoutservice,6727,6722,0,0
2026-09-12T19:24:21Z,currencyservice,242280,242234,0,0
2026-09-12T19:24:21Z,emailservice,6722,6722,0,0
2026-09-12T19:24:21Z,frontend,153973,153082,0,0
2026-09-12T19:24:21Z,paymentservice,6722,6722,0,0
2026-09-12T19:24:21Z,productcatalogservice,692867,692806,0,0
2026-09-12T19:24:21Z,recommendationservice,97472,97442,0,0
2026-09-12T19:24:21Z,redis-cart,0,0,0,0
2026-09-12T19:24:21Z,shippingservice,68959,68959,0,0
2026-09-12T19:24:22Z,adservice,34803,34519,0,0
2026-09-12T19:24:22Z,cartservice,160797,160771,0,0
2026-09-12T19:24:22Z,checkoutservice,6737,6732,0,0
2026-09-12T19:24:22Z,currencyservice,242712,242666,0,0
2026-09-12T19:24:22Z,emailservice,6732,6732,0,0
2026-09-12T19:24:22Z,frontend,154235,153385,0,0
2026-09-12T19:24:22Z,paymentservice,6732,6732,0,0
2026-09-12T19:24:22Z,productcatalogservice,694094,694041,0,0
2026-09-12T19:24:22Z,recommendationservice,97634,97611,0,0
2026-09-12T19:24:22Z,redis-cart,0,0,0,0
2026-09-12T19:24:22Z,shippingservice,69066,69066,0,0
2026-09-12T19:24:23Z,adservice,34869,34585,0,0
2026-09-12T19:24:23Z,cartservice,161080,161054,0,0
2026-09-12T19:24:23Z,checkoutservice,6747,6742,0,0
2026-09-12T19:24:23Z,currencyservice,243175,243129,0,0
2026-09-12T19:24:23Z,emailservice,6742,6742,0,0
2026-09-12T19:24:23Z,frontend,154508,153662,0,0
2026-09-12T19:24:23Z,paymentservice,6742,6742,0,0
2026-09-12T19:24:23Z,productcatalogservice,695392,695339,0,0
2026-09-12T19:24:23Z,recommendationservice,97815,97792,0,0
2026-09-12T19:24:23Z,redis-cart,0,0,0,0
2026-09-12T19:24:23Z,shippingservice,69189,69189,0,0
2026-09-12T19:24:24Z,adservice,34936,34652,0,0
2026-09-12T19:24:24Z,cartservice,161362,161336,0,0
2026-09-12T19:24:24Z,checkoutservice,6757,6752,0,0
2026-09-12T19:24:24Z,currencyservice,243607,243560,0,0
2026-09-12T19:24:24Z,emailservice,6752,6752,0,0
2026-09-12T19:24:24Z,frontend,154782,153939,0,0
2026-09-12T19:24:24Z,paymentservice,6752,6752,0,0
2026-09-12T19:24:24Z,productcatalogservice,696623,696570,0,0
2026-09-12T19:24:24Z,recommendationservice,97985,97958,0,0
2026-09-12T19:24:24Z,redis-cart,0,0,0,0
2026-09-12T19:24:24Z,shippingservice,69309,69309,0,0
2026-09-12T19:24:25Z,adservice,35004,34720,0,0
2026-09-12T19:24:25Z,cartservice,161649,161623,0,0
2026-09-12T19:24:25Z,checkoutservice,6767,6762,0,0
2026-09-12T19:24:25Z,currencyservice,244052,244006,0,0
2026-09-12T19:24:25Z,emailservice,6762,6762,0,0
2026-09-12T19:24:25Z,frontend,155060,154172,0,0
2026-09-12T19:24:25Z,paymentservice,6762,6762,0,0
2026-09-12T19:24:25Z,productcatalogservice,697863,697806,0,0
2026-09-12T19:24:25Z,recommendationservice,98170,98147,0,0
2026-09-12T19:24:25Z,redis-cart,0,0,0,0
2026-09-12T19:24:25Z,shippingservice,69429,69429,0,0
2026-09-12T19:24:26Z,adservice,35073,34789,0,0
2026-09-12T19:24:26Z,cartservice,161944,161918,0,0
2026-09-12T19:24:26Z,checkoutservice,6777,6772,0,0
2026-09-12T19:24:26Z,currencyservice,244505,244459,0,0
2026-09-12T19:24:26Z,emailservice,6772,6772,0,0
2026-09-12T19:24:26Z,frontend,155346,154479,0,0
2026-09-12T19:24:26Z,paymentservice,6772,6772,0,0
2026-09-12T19:24:26Z,productcatalogservice,699179,699126,0,0
2026-09-12T19:24:26Z,recommendationservice,98349,98326,0,0
2026-09-12T19:24:26Z,redis-cart,0,0,0,0
2026-09-12T19:24:26Z,shippingservice,69551,69551,0,0
2026-09-12T19:24:27Z,adservice,35143,34859,0,0
2026-09-12T19:24:27Z,cartservice,162240,162214,0,0
2026-09-12T19:24:27Z,checkoutservice,6787,6782,0,0
2026-09-12T19:24:27Z,currencyservice,244958,244912,0,0
2026-09-12T19:24:27Z,emailservice,6782,6782,0,0
2026-09-12T19:24:27Z,frontend,155630,154755,0,0
2026-09-12T19:24:27Z,paymentservice,6782,6782,0,0
2026-09-12T19:24:27Z,productcatalogservice,700472,700419,0,0
2026-09-12T19:24:27Z,recommendationservice,98538,98515,0,0
2026-09-12T19:24:27Z,redis-cart,0,0,0,0
2026-09-12T19:24:27Z,shippingservice,69678,69678,0,0
2026-09-12T19:24:28Z,adservice,35214,34930,0,0
2026-09-12T19:24:28Z,cartservice,162538,162512,0,0
2026-09-12T19:24:28Z,checkoutservice,6797,6792,0,0
2026-09-12T19:24:28Z,currencyservice,245427,245381,0,0
2026-09-12T19:24:28Z,emailservice,6792,6792,0,0
2026-09-12T19:24:28Z,frontend,155919,155046,0,0
2026-09-12T19:24:28Z,paymentservice,6792,6792,0,0
2026-09-12T19:24:28Z,productcatalogservice,701795,701727,0,0
2026-09-12T19:24:28Z,recommendationservice,98723,98699,0,0
2026-09-12T19:24:28Z,redis-cart,0,0,0,0
2026-09-12T19:24:28Z,shippingservice,69803,69803,0,0
2026-09-12T19:24:29Z,adservice,35286,35002,0,0
2026-09-12T19:24:29Z,cartservice,162841,162815,0,0
2026-09-12T19:24:29Z,checkoutservice,6807,6802,0,0
2026-09-12T19:24:29Z,currencyservice,245909,245863,0,0
2026-09-12T19:24:29Z,emailservice,6802,6802,0,0
2026-09-12T19:24:29Z,frontend,156208,155310,0,0
2026-09-12T19:24:29Z,paymentservice,6802,6802,0,0
2026-09-12T19:24:29Z,productcatalogservice,703176,703123,0,0
2026-09-12T19:24:29Z,recommendationservice,98919,98896,0,0
2026-09-12T19:24:29Z,redis-cart,0,0,0,0
2026-09-12T19:24:29Z,shippingservice,69938,69938,0,0
2026-09-12T19:24:30Z,adservice,35359,35075,0,0
2026-09-12T19:24:30Z,cartservice,163157,163131,0,0
2026-09-12T19:24:30Z,checkoutservice,6817,6812,0,0
2026-09-12T19:24:30Z,currencyservice,246374,246328,0,0
2026-09-12T19:24:30Z,emailservice,6812,6812,0,0
2026-09-12T19:24:30Z,frontend,156525,155662,0,0
2026-09-12T19:24:30Z,paymentservice,6812,6812,0,0
2026-09-12T19:24:30Z,productcatalogservice,704542,704483,0,0
2026-09-12T19:24:30Z,recommendationservice,99110,99087,0,0
2026-09-12T19:24:30Z,redis-cart,0,0,0,0
2026-09-12T19:24:30Z,shippingservice,70064,70064,0,0
2026-09-12T19:24:31Z,adservice,35433,35149,0,0
2026-09-12T19:24:31Z,cartservice,163462,163435,0,0
2026-09-12T19:24:31Z,checkoutservice,6827,6822,0,0
2026-09-12T19:24:31Z,currencyservice,246860,246814,0,0
2026-09-12T19:24:31Z,emailservice,6822,6822,0,0
2026-09-12T19:24:31Z,frontend,156813,155908,0,0
2026-09-12T19:24:31Z,paymentservice,6822,6822,0,0
2026-09-12T19:24:31Z,productcatalogservice,705920,705867,0,0
2026-09-12T19:24:31Z,recommendationservice,99307,99284,0,0
2026-09-12T19:24:31Z,redis-cart,0,0,0,0
2026-09-12T19:24:31Z,shippingservice,70197,70197,0,0
2026-09-12T19:24:32Z,adservice,35508,35224,0,0
2026-09-12T19:24:32Z,cartservice,163779,163753,0,0
2026-09-12T19:24:32Z,checkoutservice,6837,6832,0,0
2026-09-12T19:24:32Z,currencyservice,247329,247283,0,0
2026-09-12T19:24:32Z,emailservice,6832,6832,0,0
2026-09-12T19:24:32Z,frontend,157120,156272,0,0
2026-09-12T19:24:32Z,paymentservice,6832,6832,0,0
2026-09-12T19:24:32Z,productcatalogservice,707290,707236,0,0
2026-09-12T19:24:32Z,recommendationservice,99493,99469,0,0
2026-09-12T19:24:32Z,redis-cart,0,0,0,0
2026-09-12T19:24:32Z,shippingservice,70318,70318,0,0
2026-09-12T19:24:33Z,adservice,35584,35300,0,0
2026-09-12T19:24:33Z,cartservice,164098,164072,0,0
2026-09-12T19:24:33Z,checkoutservice,6847,6842,0,0
2026-09-12T19:24:33Z,currencyservice,247815,247769,0,0
2026-09-12T19:24:33Z,emailservice,6842,6842,0,0
2026-09-12T19:24:33Z,frontend,157425,156537,0,0
2026-09-12T19:24:33Z,paymentservice,6842,6842,0,0
2026-09-12T19:24:33Z,productcatalogservice,708645,708592,0,0
2026-09-12T19:24:33Z,recommendationservice,99686,99659,0,0
2026-09-12T19:24:33Z,redis-cart,0,0,0,0
2026-09-12T19:24:33Z,shippingservice,70447,70447,0,0
2026-09-12T19:24:34Z,adservice,35638,35354,0,0
2026-09-12T19:24:34Z,cartservice,164422,164396,0,0
2026-09-12T19:24:34Z,checkoutservice,6857,6852,0,0
2026-09-12T19:24:34Z,currencyservice,248306,248244,0,0
2026-09-12T19:24:34Z,emailservice,6852,6852,0,0
2026-09-12T19:24:34Z,frontend,157744,156827,0,0
2026-09-12T19:24:34Z,paymentservice,6852,6852,0,0
2026-09-12T19:24:34Z,productcatalogservice,710001,709948,0,0
2026-09-12T19:24:34Z,recommendationservice,99865,99842,0,0
2026-09-12T19:24:34Z,redis-cart,0,0,0,0
2026-09-12T19:24:34Z,shippingservice,70581,70581,0,0
2026-09-12T19:24:35Z,adservice,35713,35429,0,0
2026-09-12T19:24:35Z,cartservice,164751,164723,0,0
2026-09-12T19:24:35Z,checkoutservice,6867,6862,0,0
2026-09-12T19:24:35Z,currencyservice,248834,248788,0,0
2026-09-12T19:24:35Z,emailservice,6862,6862,0,0
2026-09-12T19:24:35Z,frontend,158061,157142,0,0
2026-09-12T19:24:35Z,paymentservice,6862,6862,0,0
2026-09-12T19:24:35Z,productcatalogservice,711505,711450,0,0
2026-09-12T19:24:35Z,recommendationservice,100077,100044,0,0
2026-09-12T19:24:35Z,redis-cart,0,0,0,0
2026-09-12T19:24:35Z,shippingservice,70717,70717,0,0
2026-09-12T19:24:36Z,adservice,35805,35521,0,0
2026-09-12T19:24:36Z,cartservice,165082,165056,0,0
2026-09-12T19:24:36Z,checkoutservice,6877,6872,0,0
2026-09-12T19:24:36Z,currencyservice,249350,249304,0,0
2026-09-12T19:24:36Z,emailservice,6872,6872,0,0
2026-09-12T19:24:36Z,frontend,158383,157475,0,0
2026-09-12T19:24:36Z,paymentservice,6872,6872,0,0
2026-09-12T19:24:36Z,productcatalogservice,712954,712901,0,0
2026-09-12T19:24:36Z,recommendationservice,100293,100249,0,0
2026-09-12T19:24:36Z,redis-cart,0,0,0,0
2026-09-12T19:24:36Z,shippingservice,70850,70850,0,0
2026-09-12T19:24:37Z,adservice,35898,35614,0,0
2026-09-12T19:24:37Z,cartservice,165424,165396,0,0
2026-09-12T19:24:37Z,checkoutservice,6887,6882,0,0
2026-09-12T19:24:37Z,currencyservice,249840,249794,0,0
2026-09-12T19:24:37Z,emailservice,6882,6882,0,0
2026-09-12T19:24:37Z,frontend,158714,157858,0,0
2026-09-12T19:24:37Z,paymentservice,6882,6882,0,0
2026-09-12T19:24:37Z,productcatalogservice,714458,714404,0,0
2026-09-12T19:24:37Z,recommendationservice,100496,100473,0,0
2026-09-12T19:24:37Z,redis-cart,0,0,0,0
2026-09-12T19:24:37Z,shippingservice,70981,70981,0,0
2026-09-12T19:24:38Z,adservice,35958,35670,0,0
2026-09-12T19:24:38Z,cartservice,165760,165734,0,0
2026-09-12T19:24:38Z,checkoutservice,6897,6892,0,0
2026-09-12T19:24:38Z,currencyservice,250362,250316,0,0
2026-09-12T19:24:38Z,emailservice,6892,6892,0,0
2026-09-12T19:24:38Z,frontend,159040,158118,0,0
2026-09-12T19:24:38Z,paymentservice,6892,6892,0,0
2026-09-12T19:24:38Z,productcatalogservice,715873,715812,0,0
2026-09-12T19:24:38Z,recommendationservice,100684,100661,0,0
2026-09-12T19:24:38Z,redis-cart,0,0,0,0
2026-09-12T19:24:38Z,shippingservice,71126,71126,0,0
2026-09-12T19:24:39Z,adservice,36033,35749,0,0
2026-09-12T19:24:39Z,cartservice,166101,166075,0,0
2026-09-12T19:24:39Z,checkoutservice,6907,6902,0,0
2026-09-12T19:24:39Z,currencyservice,250799,250753,0,0
2026-09-12T19:24:39Z,emailservice,6902,6902,0,0
2026-09-12T19:24:39Z,frontend,159372,158433,0,0
2026-09-12T19:24:39Z,paymentservice,6902,6902,0,0
2026-09-12T19:24:39Z,productcatalogservice,717278,717225,0,0
2026-09-12T19:24:39Z,recommendationservice,100894,100871,0,0
2026-09-12T19:24:39Z,redis-cart,0,0,0,0
2026-09-12T19:24:39Z,shippingservice,71252,71252,0,0
2026-09-12T19:24:40Z,adservice,36125,35841,0,0
2026-09-12T19:24:40Z,cartservice,166449,166423,0,0
2026-09-12T19:24:40Z,checkoutservice,6917,6912,0,0
2026-09-12T19:24:40Z,currencyservice,251456,251410,0,0
2026-09-12T19:24:40Z,emailservice,6912,6912,0,0
2026-09-12T19:24:40Z,frontend,159735,158796,0,0
2026-09-12T19:24:40Z,paymentservice,6912,6912,0,0
2026-09-12T19:24:40Z,productcatalogservice,718985,718917,0,0
2026-09-12T19:24:40Z,recommendationservice,101114,101086,0,0
2026-09-12T19:24:40Z,redis-cart,0,0,0,0
2026-09-12T19:24:40Z,shippingservice,71405,71405,0,0
2026-09-12T19:24:41Z,adservice,36194,35910,0,0
2026-09-12T19:24:41Z,cartservice,166802,166776,0,0
2026-09-12T19:24:41Z,checkoutservice,6927,6922,0,0
2026-09-12T19:24:41Z,currencyservice,251894,251832,0,0
2026-09-12T19:24:41Z,emailservice,6922,6922,0,0
2026-09-12T19:24:41Z,frontend,160054,159091,0,0
2026-09-12T19:24:41Z,paymentservice,6922,6922,0,0
2026-09-12T19:24:41Z,productcatalogservice,720393,720309,0,0
2026-09-12T19:24:41Z,recommendationservice,101325,101302,0,0
2026-09-12T19:24:41Z,redis-cart,0,0,0,0
2026-09-12T19:24:41Z,shippingservice,71532,71532,0,0
2026-09-12T19:24:42Z,adservice,36278,35994,0,0
2026-09-12T19:24:42Z,cartservice,167158,167132,0,0
2026-09-12T19:24:42Z,checkoutservice,6937,6932,0,0
2026-09-12T19:24:42Z,currencyservice,252448,252402,0,0
2026-09-12T19:24:42Z,emailservice,6932,6932,0,0
2026-09-12T19:24:42Z,frontend,160396,159420,0,0
2026-09-12T19:24:42Z,paymentservice,6932,6932,0,0
2026-09-12T19:24:42Z,productcatalogservice,721987,721825,0,0
2026-09-12T19:24:42Z,recommendationservice,101575,101552,0,0
2026-09-12T19:24:42Z,redis-cart,0,0,0,0
2026-09-12T19:24:42Z,shippingservice,71639,71639,0,0
2026-09-12T19:24:43Z,adservice,36363,36079,0,0
2026-09-12T19:24:43Z,cartservice,167517,167491,0,0
2026-09-12T19:24:43Z,checkoutservice,6947,6942,0,0
2026-09-12T19:24:43Z,currencyservice,253071,253024,0,0
2026-09-12T19:24:43Z,emailservice,6942,6942,0,0
2026-09-12T19:24:43Z,frontend,160753,159787,0,0
2026-09-12T19:24:43Z,paymentservice,6942,6942,0,0
2026-09-12T19:24:43Z,productcatalogservice,723637,723578,0,0
2026-09-12T19:24:43Z,recommendationservice,101797,101765,0,0
2026-09-12T19:24:43Z,redis-cart,0,0,0,0
2026-09-12T19:24:43Z,shippingservice,71795,71795,0,0
2026-09-12T19:24:44Z,adservice,36442,36158,0,0
2026-09-12T19:24:44Z,cartservice,167881,167855,0,0
2026-09-12T19:24:44Z,checkoutservice,6957,6952,0,0
2026-09-12T19:24:44Z,currencyservice,253645,253557,0,0
2026-09-12T19:24:44Z,emailservice,6952,6952,0,0
2026-09-12T19:24:44Z,frontend,161100,160087,0,0
2026-09-12T19:24:44Z,paymentservice,6952,6952,0,0
2026-09-12T19:24:44Z,productcatalogservice,725148,725029,0,0
2026-09-12T19:24:44Z,recommendationservice,102027,102004,0,0
2026-09-12T19:24:44Z,redis-cart,0,0,0,0
2026-09-12T19:24:44Z,shippingservice,71937,71937,0,0
2026-09-12T19:24:45Z,adservice,36536,36252,0,0
2026-09-12T19:24:45Z,cartservice,168249,168223,0,0
2026-09-12T19:24:45Z,checkoutservice,6967,6962,0,0
2026-09-12T19:24:45Z,currencyservice,254329,254272,0,0
2026-09-12T19:24:45Z,emailservice,6962,6962,0,0
2026-09-12T19:24:45Z,frontend,161463,160490,0,0
2026-09-12T19:24:45Z,paymentservice,6962,6962,0,0
2026-09-12T19:24:45Z,productcatalogservice,727059,727006,0,0
2026-09-12T19:24:45Z,recommendationservice,102259,102226,0,0
2026-09-12T19:24:45Z,redis-cart,0,0,0,0
2026-09-12T19:24:45Z,shippingservice,72176,72176,0,0
2026-09-12T19:24:46Z,adservice,36625,36341,0,0
2026-09-12T19:24:46Z,cartservice,168620,168594,0,0
2026-09-12T19:24:46Z,checkoutservice,6977,6972,0,0
2026-09-12T19:24:46Z,currencyservice,254963,254883,0,0
2026-09-12T19:24:46Z,emailservice,6972,6972,0,0
2026-09-12T19:24:46Z,frontend,161820,160886,0,0
2026-09-12T19:24:46Z,paymentservice,6972,6972,0,0
2026-09-12T19:24:46Z,productcatalogservice,728829,728776,0,0
2026-09-12T19:24:46Z,recommendationservice,102478,102455,0,0
2026-09-12T19:24:46Z,redis-cart,0,0,0,0
2026-09-12T19:24:46Z,shippingservice,72326,72326,0,0
2026-09-12T19:24:47Z,adservice,36713,36429,0,0
2026-09-12T19:24:47Z,cartservice,168996,168970,0,0
2026-09-12T19:24:47Z,checkoutservice,6987,6982,0,0
2026-09-12T19:24:47Z,currencyservice,255463,255394,0,0
2026-09-12T19:24:47Z,emailservice,6982,6982,0,0
2026-09-12T19:24:47Z,frontend,162186,161208,0,0
2026-09-12T19:24:47Z,paymentservice,6982,6982,0,0
2026-09-12T19:24:47Z,productcatalogservice,730420,730301,0,0
2026-09-12T19:24:47Z,recommendationservice,102710,102687,0,0
2026-09-12T19:24:47Z,redis-cart,0,0,0,0
2026-09-12T19:24:47Z,shippingservice,72441,72441,0,0
2026-09-12T19:24:48Z,adservice,36803,36519,0,0
2026-09-12T19:24:48Z,cartservice,169377,169351,0,0
2026-09-12T19:24:48Z,checkoutservice,6997,6992,0,0
2026-09-12T19:24:48Z,currencyservice,256069,256023,0,0
2026-09-12T19:24:48Z,emailservice,6992,6992,0,0
2026-09-12T19:24:48Z,frontend,162559,161612,0,0
2026-09-12T19:24:48Z,paymentservice,6992,6992,0,0
2026-09-12T19:24:48Z,productcatalogservice,731956,731817,0,0
2026-09-12T19:24:48Z,recommendationservice,102942,102912,0,0
2026-09-12T19:24:48Z,redis-cart,0,0,0,0
2026-09-12T19:24:48Z,shippingservice,72569,72569,0,0
2026-09-12T19:24:49Z,adservice,36901,36617,0,0
2026-09-12T19:24:49Z,cartservice,169761,169735,0,0
2026-09-12T19:24:49Z,checkoutservice,7007,7002,0,0
2026-09-12T19:24:49Z,currencyservice,256689,256597,0,0
2026-09-12T19:24:49Z,emailservice,7002,7002,0,0
2026-09-12T19:24:49Z,frontend,162932,161962,0,0
2026-09-12T19:24:49Z,paymentservice,7002,7002,0,0
2026-09-12T19:24:49Z,productcatalogservice,733766,733713,0,0
2026-09-12T19:24:49Z,recommendationservice,103183,103160,0,0
2026-09-12T19:24:49Z,redis-cart,0,0,0,0
2026-09-12T19:24:49Z,shippingservice,72761,72761,0,0
2026-09-12T19:24:50Z,adservice,36989,36705,0,0
2026-09-12T19:24:50Z,cartservice,170152,170126,0,0
2026-09-12T19:24:50Z,checkoutservice,7017,7012,0,0
2026-09-12T19:24:50Z,currencyservice,257265,257207,0,0
2026-09-12T19:24:50Z,emailservice,7012,7012,0,0
2026-09-12T19:24:50Z,frontend,163309,162341,0,0
2026-09-12T19:24:50Z,paymentservice,7012,7012,0,0
2026-09-12T19:24:50Z,productcatalogservice,735382,735317,0,0
2026-09-12T19:24:50Z,recommendationservice,103419,103396,0,0
2026-09-12T19:24:50Z,redis-cart,0,0,0,0
2026-09-12T19:24:50Z,shippingservice,72893,72893,0,0
2026-09-12T19:24:51Z,adservice,37079,36795,0,0
2026-09-12T19:24:51Z,cartservice,170540,170513,0,0
2026-09-12T19:24:51Z,checkoutservice,7027,7022,0,0
2026-09-12T19:24:51Z,currencyservice,257820,257755,0,0
2026-09-12T19:24:51Z,emailservice,7022,7022,0,0
2026-09-12T19:24:51Z,frontend,163696,162676,0,0
2026-09-12T19:24:51Z,paymentservice,7022,7022,0,0
2026-09-12T19:24:51Z,productcatalogservice,737070,737017,0,0
2026-09-12T19:24:51Z,recommendationservice,103660,103637,0,0
2026-09-12T19:24:51Z,redis-cart,0,0,0,0
2026-09-12T19:24:51Z,shippingservice,73056,73056,0,0
2026-09-12T19:24:52Z,adservice,37173,36889,0,0
2026-09-12T19:24:52Z,cartservice,170935,170909,0,0
2026-09-12T19:24:52Z,checkoutservice,7037,7032,0,0
2026-09-12T19:24:52Z,currencyservice,258340,258294,0,0
2026-09-12T19:24:52Z,emailservice,7032,7032,0,0
2026-09-12T19:24:52Z,frontend,164075,163074,0,0
2026-09-12T19:24:52Z,paymentservice,7032,7032,0,0
2026-09-12T19:24:52Z,productcatalogservice,738653,738600,0,0
2026-09-12T19:24:52Z,recommendationservice,103896,103873,0,0
2026-09-12T19:24:52Z,redis-cart,0,0,0,0
2026-09-12T19:24:52Z,shippingservice,73172,73172,0,0
2026-09-12T19:24:53Z,adservice,37268,36984,0,0
2026-09-12T19:24:53Z,cartservice,171334,171308,0,0
2026-09-12T19:24:53Z,checkoutservice,7047,7042,0,0
2026-09-12T19:24:53Z,currencyservice,258961,258915,0,0
2026-09-12T19:24:53Z,emailservice,7042,7042,0,0
2026-09-12T19:24:53Z,frontend,164466,163468,0,0
2026-09-12T19:24:53Z,paymentservice,7042,7042,0,0
2026-09-12T19:24:53Z,productcatalogservice,740452,740399,0,0
2026-09-12T19:24:53Z,recommendationservice,104145,104120,0,0
2026-09-12T19:24:53Z,redis-cart,0,0,0,0
2026-09-12T19:24:53Z,shippingservice,73358,73358,0,0
2026-09-12T19:24:54Z,adservice,37364,37080,0,0
2026-09-12T19:24:54Z,cartservice,171736,171710,0,0
2026-09-12T19:24:54Z,checkoutservice,7057,7052,0,0
2026-09-12T19:24:54Z,currencyservice,259608,259562,0,0
2026-09-12T19:24:54Z,emailservice,7052,7052,0,0
2026-09-12T19:24:54Z,frontend,164860,163850,0,0
2026-09-12T19:24:54Z,paymentservice,7052,7052,0,0
2026-09-12T19:24:54Z,productcatalogservice,742299,742239,0,0
2026-09-12T19:24:54Z,recommendationservice,104403,104379,0,0
2026-09-12T19:24:54Z,redis-cart,0,0,0,0
2026-09-12T19:24:54Z,shippingservice,73512,73512,0,0
2026-09-12T19:24:55Z,adservice,37461,37177,0,0
2026-09-12T19:24:55Z,cartservice,172148,172122,0,0
2026-09-12T19:24:55Z,checkoutservice,7067,7062,0,0
2026-09-12T19:24:55Z,currencyservice,260241,260195,0,0
2026-09-12T19:24:55Z,emailservice,7062,7062,0,0
2026-09-12T19:24:55Z,frontend,165259,164254,0,0
2026-09-12T19:24:55Z,paymentservice,7062,7062,0,0
2026-09-12T19:24:55Z,productcatalogservice,744036,743950,0,0
2026-09-12T19:24:55Z,recommendationservice,104650,104627,0,0
2026-09-12T19:24:55Z,redis-cart,0,0,0,0
2026-09-12T19:24:55Z,shippingservice,73671,73670,0,0
2026-09-12T19:24:56Z,adservice,37555,37271,0,0
2026-09-12T19:24:56Z,cartservice,172554,172528,0,0
2026-09-12T19:24:56Z,checkoutservice,7077,7072,0,0
2026-09-12T19:24:56Z,currencyservice,260813,260767,0,0
2026-09-12T19:24:56Z,emailservice,7072,7072,0,0
2026-09-12T19:24:56Z,frontend,165656,164644,0,0
2026-09-12T19:24:56Z,paymentservice,7072,7072,0,0
2026-09-12T19:24:56Z,productcatalogservice,745762,745709,0,0
2026-09-12T19:24:56Z,recommendationservice,104903,104880,0,0
2026-09-12T19:24:56Z,redis-cart,0,0,0,0
2026-09-12T19:24:56Z,shippingservice,73823,73823,0,0
2026-09-12T19:24:57Z,adservice,37658,37374,0,0
2026-09-12T19:24:57Z,cartservice,172975,172949,0,0
2026-09-12T19:24:57Z,checkoutservice,7087,7082,0,0
2026-09-12T19:24:57Z,currencyservice,261525,261479,0,0
2026-09-12T19:24:57Z,emailservice,7082,7082,0,0
2026-09-12T19:24:57Z,frontend,166064,165066,0,0
2026-09-12T19:24:57Z,paymentservice,7082,7082,0,0
2026-09-12T19:24:57Z,productcatalogservice,747791,747597,0,0
2026-09-12T19:24:57Z,recommendationservice,105165,105142,0,0
2026-09-12T19:24:57Z,redis-cart,0,0,0,0
2026-09-12T19:24:57Z,shippingservice,74007,74007,0,0
2026-09-12T19:24:58Z,adservice,37758,37473,0,0
2026-09-12T19:24:58Z,cartservice,173392,173366,0,0
2026-09-12T19:24:58Z,checkoutservice,7097,7092,0,0
2026-09-12T19:24:58Z,currencyservice,262111,262065,0,0
2026-09-12T19:24:58Z,emailservice,7092,7092,0,0
2026-09-12T19:24:58Z,frontend,166473,165460,0,0
2026-09-12T19:24:58Z,paymentservice,7092,7092,0,0
2026-09-12T19:24:58Z,productcatalogservice,749513,749460,0,0
2026-09-12T19:24:58Z,recommendationservice,105417,105394,0,0
2026-09-12T19:24:58Z,redis-cart,0,0,0,0
2026-09-12T19:24:58Z,shippingservice,74159,74159,0,0
2026-09-12T19:24:59Z,adservice,37858,37574,0,0
2026-09-12T19:24:59Z,cartservice,173815,173789,0,0
2026-09-12T19:24:59Z,checkoutservice,7107,7102,0,0
2026-09-12T19:24:59Z,currencyservice,262764,262718,0,0
2026-09-12T19:24:59Z,emailservice,7102,7102,0,0
2026-09-12T19:24:59Z,frontend,166884,165868,0,0
2026-09-12T19:24:59Z,paymentservice,7102,7102,0,0
2026-09-12T19:24:59Z,productcatalogservice,751399,751308,0,0
2026-09-12T19:24:59Z,recommendationservice,105678,105655,0,0
2026-09-12T19:24:59Z,redis-cart,0,0,0,0
2026-09-12T19:24:59Z,shippingservice,74336,74336,0,0
2026-09-12T19:25:00Z,adservice,37958,37674,0,0
2026-09-12T19:25:00Z,cartservice,174234,174208,0,0
2026-09-12T19:25:00Z,checkoutservice,7117,7112,0,0
2026-09-12T19:25:00Z,currencyservice,263382,263336,0,0
2026-09-12T19:25:00Z,emailservice,7112,7112,0,0
2026-09-12T19:25:00Z,frontend,167293,166278,0,0
2026-09-12T19:25:00Z,paymentservice,7112,7112,0,0
2026-09-12T19:25:00Z,productcatalogservice,753109,753025,0,0
2026-09-12T19:25:00Z,recommendationservice,105928,105905,0,0
2026-09-12T19:25:00Z,redis-cart,0,0,0,0
2026-09-12T19:25:00Z,shippingservice,74490,74490,0,0
2026-09-12T19:25:01Z,adservice,38058,37774,0,0
2026-09-12T19:25:01Z,cartservice,174652,174626,0,0
2026-09-12T19:25:01Z,checkoutservice,7127,7122,0,0
2026-09-12T19:25:01Z,currencyservice,264023,263976,0,0
2026-09-12T19:25:01Z,emailservice,7122,7122,0,0
2026-09-12T19:25:01Z,frontend,167703,166676,0,0
2026-09-12T19:25:01Z,paymentservice,7122,7122,0,0
2026-09-12T19:25:01Z,productcatalogservice,755013,754913,0,0
2026-09-12T19:25:01Z,recommendationservice,106188,106165,0,0
2026-09-12T19:25:01Z,redis-cart,0,0,0,0
2026-09-12T19:25:01Z,shippingservice,74682,74682,0,0
2026-09-12T19:25:02Z,adservice,38152,37868,0,0
2026-09-12T19:25:02Z,cartservice,175072,175044,0,0
2026-09-12T19:25:02Z,checkoutservice,7137,7132,0,0
2026-09-12T19:25:02Z,currencyservice,264638,264592,0,0
2026-09-12T19:25:02Z,emailservice,7132,7132,0,0
2026-09-12T19:25:02Z,frontend,168113,167084,0,0
2026-09-12T19:25:02Z,paymentservice,7132,7132,0,0
2026-09-12T19:25:02Z,productcatalogservice,756787,756733,0,0
2026-09-12T19:25:02Z,recommendationservice,106442,106419,0,0
2026-09-12T19:25:02Z,redis-cart,0,0,0,0
2026-09-12T19:25:02Z,shippingservice,74828,74828,0,0
2026-09-12T19:25:03Z,adservice,38258,37972,0,0
2026-09-12T19:25:03Z,cartservice,175494,175468,0,0
2026-09-12T19:25:03Z,checkoutservice,7147,7142,0,0
2026-09-12T19:25:03Z,currencyservice,265306,265260,0,0
2026-09-12T19:25:03Z,emailservice,7142,7142,0,0
2026-09-12T19:25:03Z,frontend,168522,167489,0,0
2026-09-12T19:25:03Z,paymentservice,7142,7142,0,0
2026-09-12T19:25:03Z,productcatalogservice,758619,758566,0,0
2026-09-12T19:25:03Z,recommendationservice,106712,106689,0,0
2026-09-12T19:25:03Z,redis-cart,0,0,0,0
2026-09-12T19:25:03Z,shippingservice,74984,74984,0,0
2026-09-12T19:25:04Z,adservice,38346,38062,0,0
2026-09-12T19:25:04Z,cartservice,175911,175885,0,0
2026-09-12T19:25:04Z,checkoutservice,7157,7152,0,0
2026-09-12T19:25:04Z,currencyservice,265909,265822,0,0
2026-09-12T19:25:04Z,emailservice,7152,7152,0,0
2026-09-12T19:25:04Z,frontend,168933,167899,0,0
2026-09-12T19:25:04Z,paymentservice,7152,7152,0,0
2026-09-12T19:25:04Z,productcatalogservice,760427,760374,0,0
2026-09-12T19:25:04Z,recommendationservice,106964,106939,0,0
2026-09-12T19:25:04Z,redis-cart,0,0,0,0
2026-09-12T19:25:04Z,shippingservice,75170,75170,0,0
2026-09-12T19:25:05Z,adservice,38458,38174,0,0
2026-09-12T19:25:05Z,cartservice,176332,176306,0,0
2026-09-12T19:25:05Z,checkoutservice,7167,7162,0,0
2026-09-12T19:25:05Z,currencyservice,266526,266480,0,0
2026-09-12T19:25:05Z,emailservice,7162,7162,0,0
2026-09-12T19:25:05Z,frontend,169342,168321,0,0
2026-09-12T19:25:05Z,paymentservice,7162,7162,0,0
2026-09-12T19:25:05Z,productcatalogservice,762330,762243,0,0
2026-09-12T19:25:05Z,recommendationservice,107236,107213,0,0
2026-09-12T19:25:05Z,redis-cart,0,0,0,0
2026-09-12T19:25:05Z,shippingservice,75333,75333,0,0
2026-09-12T19:25:06Z,adservice,38558,38274,0,0
2026-09-12T19:25:06Z,cartservice,176748,176722,0,0
2026-09-12T19:25:06Z,checkoutservice,7177,7172,0,0
2026-09-12T19:25:06Z,currencyservice,267173,267127,0,0
2026-09-12T19:25:06Z,emailservice,7172,7172,0,0
2026-09-12T19:25:06Z,frontend,169752,168723,0,0
2026-09-12T19:25:06Z,paymentservice,7172,7172,0,0
2026-09-12T19:25:06Z,productcatalogservice,764316,764263,0,0
2026-09-12T19:25:06Z,recommendationservice,107496,107473,0,0
2026-09-12T19:25:06Z,redis-cart,0,0,0,0
2026-09-12T19:25:06Z,shippingservice,75520,75520,0,0
2026-09-12T19:25:07Z,adservice,38658,38374,0,0
2026-09-12T19:25:07Z,cartservice,177174,177148,0,0
2026-09-12T19:25:07Z,checkoutservice,7187,7182,0,0
2026-09-12T19:25:07Z,currencyservice,267832,267786,0,0
2026-09-12T19:25:07Z,emailservice,7182,7182,0,0
2026-09-12T19:25:07Z,frontend,170163,169178,0,0
2026-09-12T19:25:07Z,paymentservice,7182,7182,0,0
2026-09-12T19:25:07Z,productcatalogservice,766143,765982,0,0
2026-09-12T19:25:07Z,recommendationservice,107756,107733,0,0
2026-09-12T19:25:07Z,redis-cart,0,0,0,0
2026-09-12T19:25:07Z,shippingservice,75685,75685,0,0
2026-09-12T19:25:08Z,adservice,38758,38474,0,0
2026-09-12T19:25:08Z,cartservice,177589,177563,0,0
2026-09-12T19:25:08Z,checkoutservice,7197,7192,0,0
2026-09-12T19:25:08Z,currencyservice,268459,268413,0,0
2026-09-12T19:25:08Z,emailservice,7192,7192,0,0
2026-09-12T19:25:08Z,frontend,170573,169556,0,0
2026-09-12T19:25:08Z,paymentservice,7192,7192,0,0
2026-09-12T19:25:08Z,productcatalogservice,768046,767993,0,0
2026-09-12T19:25:08Z,recommendationservice,108020,107995,0,0
2026-09-12T19:25:08Z,redis-cart,0,0,0,0
2026-09-12T19:25:08Z,shippingservice,75849,75849,0,0
2026-09-12T19:25:09Z,adservice,38856,38572,0,0
2026-09-12T19:25:09Z,cartservice,178015,177989,0,0
2026-09-12T19:25:09Z,checkoutservice,7207,7202,0,0
2026-09-12T19:25:09Z,currencyservice,269120,269074,0,0
2026-09-12T19:25:09Z,emailservice,7202,7202,0,0
2026-09-12T19:25:09Z,frontend,170985,169939,0,0
2026-09-12T19:25:09Z,paymentservice,7202,7202,0,0
2026-09-12T19:25:09Z,productcatalogservice,769828,769732,0,0
2026-09-12T19:25:09Z,recommendationservice,108274,108251,0,0
2026-09-12T19:25:09Z,redis-cart,0,0,0,0
2026-09-12T19:25:09Z,shippingservice,76020,76020,0,0
2026-09-12T19:25:10Z,adservice,38940,38656,0,0
2026-09-12T19:25:10Z,cartservice,178412,178386,0,0
2026-09-12T19:25:10Z,checkoutservice,7217,7212,0,0
2026-09-12T19:25:10Z,currencyservice,269721,269675,0,0
2026-09-12T19:25:10Z,emailservice,7212,7212,0,0
2026-09-12T19:25:10Z,frontend,171387,170347,0,0
2026-09-12T19:25:10Z,paymentservice,7212,7212,0,0
2026-09-12T19:25:10Z,productcatalogservice,771457,771404,0,0
2026-09-12T19:25:10Z,recommendationservice,108525,108499,0,0
2026-09-12T19:25:10Z,redis-cart,0,0,0,0
2026-09-12T19:25:10Z,shippingservice,76191,76191,0,0
2026-09-12T19:25:11Z,adservice,39018,38734,0,0
2026-09-12T19:25:11Z,cartservice,178844,178818,0,0
2026-09-12T19:25:11Z,checkoutservice,7227,7222,0,0
2026-09-12T19:25:11Z,currencyservice,270395,270300,0,0
2026-09-12T19:25:11Z,emailservice,7222,7222,0,0
2026-09-12T19:25:11Z,frontend,171799,170751,0,0
2026-09-12T19:25:11Z,paymentservice,7222,7222,0,0
2026-09-12T19:25:11Z,productcatalogservice,773340,773287,0,0
2026-09-12T19:25:11Z,recommendationservice,108785,108762,0,0
2026-09-12T19:25:11Z,redis-cart,0,0,0,0
2026-09-12T19:25:11Z,shippingservice,76351,76351,0,0
2026-09-12T19:25:12Z,adservice,39135,38851,0,0
2026-09-12T19:25:12Z,cartservice,179256,179230,0,0
2026-09-12T19:25:12Z,checkoutservice,7237,7232,0,0
2026-09-12T19:25:12Z,currencyservice,271001,270955,0,0
2026-09-12T19:25:12Z,emailservice,7232,7232,0,0
2026-09-12T19:25:12Z,frontend,172198,171157,0,0
2026-09-12T19:25:12Z,paymentservice,7232,7232,0,0
2026-09-12T19:25:12Z,productcatalogservice,775233,775111,0,0
2026-09-12T19:25:12Z,recommendationservice,109034,109009,0,0
2026-09-12T19:25:12Z,redis-cart,0,0,0,0
2026-09-12T19:25:12Z,shippingservice,76509,76509,0,0
2026-09-12T19:25:13Z,adservice,39254,38970,0,0
2026-09-12T19:25:13Z,cartservice,179673,179647,0,0
2026-09-12T19:25:13Z,checkoutservice,7247,7242,0,0
2026-09-12T19:25:13Z,currencyservice,271640,271594,0,0
2026-09-12T19:25:13Z,emailservice,7242,7242,0,0
2026-09-12T19:25:13Z,frontend,172602,171576,0,0
2026-09-12T19:25:13Z,paymentservice,7242,7242,0,0
2026-09-12T19:25:13Z,productcatalogservice,777023,776970,0,0
2026-09-12T19:25:13Z,recommendationservice,109286,109261,0,0
2026-09-12T19:25:13Z,redis-cart,0,0,0,0
2026-09-12T19:25:13Z,shippingservice,76678,76678,0,0
2026-09-12T19:25:14Z,adservice,39358,39074,0,0
2026-09-12T19:25:14Z,cartservice,180093,180067,0,0
2026-09-12T19:25:14Z,checkoutservice,7257,7252,0,0
2026-09-12T19:25:14Z,currencyservice,272267,272221,0,0
2026-09-12T19:25:14Z,emailservice,7252,7252,0,0
2026-09-12T19:25:14Z,frontend,173022,171987,0,0
2026-09-12T19:25:14Z,paymentservice,7252,7252,0,0
2026-09-12T19:25:14Z,productcatalogservice,778979,778926,0,0
2026-09-12T19:25:14Z,recommendationservice,109544,109518,0,0
2026-09-12T19:25:14Z,redis-cart,0,0,0,0
2026-09-12T19:25:14Z,shippingservice,76845,76845,0,0
2026-09-12T19:25:15Z,adservice,39453,39169,0,0
2026-09-12T19:25:15Z,cartservice,180502,180476,0,0
2026-09-12T19:25:15Z,checkoutservice,7267,7262,0,0
2026-09-12T19:25:15Z,currencyservice,272916,272870,0,0
2026-09-12T19:25:15Z,emailservice,7262,7262,0,0
2026-09-12T19:25:15Z,frontend,173422,172389,0,0
2026-09-12T19:25:15Z,paymentservice,7262,7262,0,0
2026-09-12T19:25:15Z,productcatalogservice,780789,780731,0,0
2026-09-12T19:25:15Z,recommendationservice,109810,109787,0,0
2026-09-12T19:25:15Z,redis-cart,0,0,0,0
2026-09-12T19:25:15Z,shippingservice,77021,77021,0,0
2026-09-12T19:25:16Z,adservice,39558,39274,0,0
2026-09-12T19:25:16Z,cartservice,180929,180902,0,0
2026-09-12T19:25:16Z,checkoutservice,7277,7272,0,0
2026-09-12T19:25:16Z,currencyservice,273627,273509,0,0
2026-09-12T19:25:16Z,emailservice,7272,7272,0,0
2026-09-12T19:25:16Z,frontend,173834,172845,0,0
2026-09-12T19:25:16Z,paymentservice,7272,7272,0,0
2026-09-12T19:25:16Z,productcatalogservice,782732,782650,0,0
2026-09-12T19:25:16Z,recommendationservice,110077,110053,0,0
2026-09-12T19:25:16Z,redis-cart,0,0,0,0
2026-09-12T19:25:16Z,shippingservice,77223,77210,0,0
2026-09-12T19:25:17Z,adservice,39659,39375,0,0
2026-09-12T19:25:17Z,cartservice,181347,181315,0,0
2026-09-12T19:25:17Z,checkoutservice,7287,7282,0,0
2026-09-12T19:25:17Z,currencyservice,274219,274173,0,0
2026-09-12T19:25:17Z,emailservice,7282,7282,0,0
2026-09-12T19:25:17Z,frontend,174241,173240,0,0
2026-09-12T19:25:17Z,paymentservice,7282,7282,0,0
2026-09-12T19:25:17Z,productcatalogservice,784543,784490,0,0
2026-09-12T19:25:17Z,recommendationservice,110317,110293,0,0
2026-09-12T19:25:17Z,redis-cart,0,0,0,0
2026-09-12T19:25:17Z,shippingservice,77404,77400,0,0
2026-09-12T19:25:18Z,adservice,39758,39474,0,0
2026-09-12T19:25:18Z,cartservice,181765,181739,0,0
2026-09-12T19:25:18Z,checkoutservice,7297,7292,0,0
2026-09-12T19:25:18Z,currencyservice,274833,274780,0,0
2026-09-12T19:25:18Z,emailservice,7292,7292,0,0
2026-09-12T19:25:18Z,frontend,174653,173630,0,0
2026-09-12T19:25:18Z,paymentservice,7292,7292,0,0
2026-09-12T19:25:18Z,productcatalogservice,786416,786363,0,0
2026-09-12T19:25:18Z,recommendationservice,110596,110573,0,0
2026-09-12T19:25:18Z,redis-cart,0,0,0,0
2026-09-12T19:25:18Z,shippingservice,77537,77537,0,0
2026-09-12T19:25:19Z,adservice,39826,39542,0,0
2026-09-12T19:25:19Z,cartservice,182191,182165,0,0
2026-09-12T19:25:19Z,checkoutservice,7307,7302,0,0
2026-09-12T19:25:19Z,currencyservice,275477,275431,0,0
2026-09-12T19:25:19Z,emailservice,7302,7302,0,0
2026-09-12T19:25:19Z,frontend,175062,174010,0,0
2026-09-12T19:25:19Z,paymentservice,7302,7302,0,0
2026-09-12T19:25:19Z,productcatalogservice,788204,787996,0,0
2026-09-12T19:25:19Z,recommendationservice,110852,110829,0,0
2026-09-12T19:25:19Z,redis-cart,0,0,0,0
2026-09-12T19:25:19Z,shippingservice,77688,77688,0,0
2026-09-12T19:25:20Z,adservice,39937,39653,0,0
2026-09-12T19:25:20Z,cartservice,182599,182573,0,0
2026-09-12T19:25:20Z,checkoutservice,7317,7312,0,0
2026-09-12T19:25:20Z,currencyservice,276153,276107,0,0
2026-09-12T19:25:20Z,emailservice,7312,7312,0,0
2026-09-12T19:25:20Z,frontend,175470,174459,0,0
2026-09-12T19:25:20Z,paymentservice,7312,7312,0,0
2026-09-12T19:25:20Z,productcatalogservice,790003,789844,0,0
2026-09-12T19:25:20Z,recommendationservice,111109,111086,0,0
2026-09-12T19:25:20Z,redis-cart,0,0,0,0
2026-09-12T19:25:20Z,shippingservice,77861,77861,0,0
2026-09-12T19:25:21Z,adservice,40058,39774,0,0
2026-09-12T19:25:21Z,cartservice,183026,183000,0,0
2026-09-12T19:25:21Z,checkoutservice,7327,7322,0,0
2026-09-12T19:25:21Z,currencyservice,276805,276740,0,0
2026-09-12T19:25:21Z,emailservice,7322,7322,0,0
2026-09-12T19:25:21Z,frontend,175891,174880,0,0
2026-09-12T19:25:21Z,paymentservice,7322,7322,0,0
2026-09-12T19:25:21Z,productcatalogservice,791994,791937,0,0
2026-09-12T19:25:21Z,recommendationservice,111361,111337,0,0
2026-09-12T19:25:21Z,redis-cart,0,0,0,0
2026-09-12T19:25:21Z,shippingservice,78049,78049,0,0
2026-09-12T19:25:22Z,adservice,40158,39874,0,0
2026-09-12T19:25:22Z,cartservice,183424,183398,0,0
2026-09-12T19:25:22Z,checkoutservice,7337,7332,0,0
2026-09-12T19:25:22Z,currencyservice,277369,277323,0,0
2026-09-12T19:25:22Z,emailservice,7332,7332,0,0
2026-09-12T19:25:22Z,frontend,176281,175243,0,0
2026-09-12T19:25:22Z,paymentservice,7332,7332,0,0
2026-09-12T19:25:22Z,productcatalogservice,793722,793645,0,0
2026-09-12T19:25:22Z,recommendationservice,111606,111583,0,0
2026-09-12T19:25:22Z,redis-cart,0,0,0,0
2026-09-12T19:25:22Z,shippingservice,78186,78186,0,0
2026-09-12T19:25:23Z,adservice,40257,39973,0,0
2026-09-12T19:25:23Z,cartservice,183858,183831,0,0
2026-09-12T19:25:23Z,checkoutservice,7347,7342,0,0
2026-09-12T19:25:23Z,currencyservice,278000,277954,0,0
2026-09-12T19:25:23Z,emailservice,7342,7342,0,0
2026-09-12T19:25:23Z,frontend,176692,175682,0,0
2026-09-12T19:25:23Z,paymentservice,7342,7342,0,0
2026-09-12T19:25:23Z,productcatalogservice,795539,795348,0,0
2026-09-12T19:25:23Z,recommendationservice,111868,111845,0,0
2026-09-12T19:25:23Z,redis-cart,0,0,0,0
2026-09-12T19:25:23Z,shippingservice,78356,78356,0,0
2026-09-12T19:25:24Z,adservice,40358,40074,0,0
2026-09-12T19:25:24Z,cartservice,184282,184253,0,0
2026-09-12T19:25:24Z,checkoutservice,7357,7352,0,0
2026-09-12T19:25:24Z,currencyservice,278705,278625,0,0
2026-09-12T19:25:24Z,emailservice,7352,7352,0,0
2026-09-12T19:25:24Z,frontend,177117,176125,0,0
2026-09-12T19:25:24Z,paymentservice,7352,7352,0,0
2026-09-12T19:25:24Z,productcatalogservice,797457,797404,0,0
2026-09-12T19:25:24Z,recommendationservice,112134,112111,0,0
2026-09-12T19:25:24Z,redis-cart,0,0,0,0
2026-09-12T19:25:24Z,shippingservice,78575,78575,0,0
2026-09-12T19:25:25Z,adservice,40458,40174,0,0
2026-09-12T19:25:25Z,cartservice,184699,184673,0,0
2026-09-12T19:25:25Z,checkoutservice,7367,7362,0,0
2026-09-12T19:25:25Z,currencyservice,279348,279237,0,0
2026-09-12T19:25:25Z,emailservice,7362,7362,0,0
2026-09-12T19:25:25Z,frontend,177543,176530,0,0
2026-09-12T19:25:25Z,paymentservice,7362,7362,0,0
2026-09-12T19:25:25Z,productcatalogservice,799210,799157,0,0
2026-09-12T19:25:25Z,recommendationservice,112395,112372,0,0
2026-09-12T19:25:25Z,redis-cart,0,0,0,0
2026-09-12T19:25:25Z,shippingservice,78700,78700,0,0
2026-09-12T19:25:26Z,adservice,40558,40274,0,0
2026-09-12T19:25:26Z,cartservice,185105,185079,0,0
2026-09-12T19:25:26Z,checkoutservice,7377,7372,0,0
2026-09-12T19:25:26Z,currencyservice,279944,279898,0,0
2026-09-12T19:25:26Z,emailservice,7372,7372,0,0
2026-09-12T19:25:26Z,frontend,177919,176898,0,0
2026-09-12T19:25:26Z,paymentservice,7372,7372,0,0
2026-09-12T19:25:26Z,productcatalogservice,801114,801044,0,0
2026-09-12T19:25:26Z,recommendationservice,112647,112624,0,0
2026-09-12T19:25:26Z,redis-cart,0,0,0,0
2026-09-12T19:25:26Z,shippingservice,78875,78875,0,0
2026-09-12T19:25:27Z,adservice,40652,40368,0,0
2026-09-12T19:25:27Z,cartservice,185534,185492,0,0
2026-09-12T19:25:27Z,checkoutservice,7387,7377,0,0
2026-09-12T19:25:27Z,currencyservice,280578,280532,0,0
2026-09-12T19:25:27Z,emailservice,7382,7382,0,0
2026-09-12T19:25:27Z,frontend,178330,177299,0,0
2026-09-12T19:25:27Z,paymentservice,7382,7382,0,0
2026-09-12T19:25:27Z,productcatalogservice,802988,802823,0,0
2026-09-12T19:25:27Z,recommendationservice,112915,112892,0,0
2026-09-12T19:25:27Z,redis-cart,0,0,0,0
2026-09-12T19:25:27Z,shippingservice,79039,79039,0,0
2026-09-12T19:25:28Z,adservice,40758,40474,0,0
2026-09-12T19:25:28Z,cartservice,185954,185928,0,0
2026-09-12T19:25:28Z,checkoutservice,7397,7392,0,0
2026-09-12T19:25:28Z,currencyservice,281231,281185,0,0
2026-09-12T19:25:28Z,emailservice,7392,7392,0,0
2026-09-12T19:25:28Z,frontend,178739,177727,0,0
2026-09-12T19:25:28Z,paymentservice,7392,7392,0,0
2026-09-12T19:25:28Z,productcatalogservice,804795,804742,0,0
2026-09-12T19:25:28Z,recommendationservice,113180,113157,0,0
2026-09-12T19:25:28Z,redis-cart,0,0,0,0
2026-09-12T19:25:28Z,shippingservice,79206,79206,0,0
2026-09-12T19:25:29Z,adservice,40858,40574,0,0
2026-09-12T19:25:29Z,cartservice,186390,186358,0,0
2026-09-12T19:25:29Z,checkoutservice,7407,7402,0,0
2026-09-12T19:25:29Z,currencyservice,281977,281931,0,0
2026-09-12T19:25:29Z,emailservice,7402,7402,0,0
2026-09-12T19:25:29Z,frontend,179174,178165,0,0
2026-09-12T19:25:29Z,paymentservice,7402,7402,0,0
2026-09-12T19:25:29Z,productcatalogservice,806866,806741,0,0
2026-09-12T19:25:29Z,recommendationservice,113453,113430,0,0
2026-09-12T19:25:29Z,redis-cart,0,0,0,0
2026-09-12T19:25:29Z,shippingservice,79393,79393,0,0
2026-09-12T19:25:30Z,adservice,40957,40673,0,0
2026-09-12T19:25:30Z,cartservice,186803,186777,0,0
2026-09-12T19:25:30Z,checkoutservice,7417,7412,0,0
2026-09-12T19:25:30Z,currencyservice,282547,282501,0,0
2026-09-12T19:25:30Z,emailservice,7412,7412,0,0
2026-09-12T19:25:30Z,frontend,179556,178546,0,0
2026-09-12T19:25:30Z,paymentservice,7412,7412,0,0
2026-09-12T19:25:30Z,productcatalogservice,808641,808504,0,0
2026-09-12T19:25:30Z,recommendationservice,113710,113677,0,0
2026-09-12T19:25:30Z,redis-cart,0,0,0,0
2026-09-12T19:25:30Z,shippingservice,79571,79571,0,0
2026-09-12T19:25:31Z,adservice,41058,40774,0,0
2026-09-12T19:25:31Z,cartservice,187209,187182,0,0
2026-09-12T19:25:31Z,checkoutservice,7427,7422,0,0
2026-09-12T19:25:31Z,currencyservice,283176,283112,0,0
2026-09-12T19:25:31Z,emailservice,7422,7422,0,0
2026-09-12T19:25:31Z,frontend,179971,178958,0,0
2026-09-12T19:25:31Z,paymentservice,7422,7422,0,0
2026-09-12T19:25:31Z,productcatalogservice,810419,810294,0,0
2026-09-12T19:25:31Z,recommendationservice,113960,113937,0,0
2026-09-12T19:25:31Z,redis-cart,0,0,0,0
2026-09-12T19:25:31Z,shippingservice,79732,79732,0,0
2026-09-12T19:25:32Z,adservice,41158,40874,0,0
2026-09-12T19:25:32Z,cartservice,187629,187603,0,0
2026-09-12T19:25:32Z,checkoutservice,7437,7432,0,0
2026-09-12T19:25:32Z,currencyservice,283841,283749,0,0
2026-09-12T19:25:32Z,emailservice,7432,7432,0,0
2026-09-12T19:25:32Z,frontend,180383,179381,0,0
2026-09-12T19:25:32Z,paymentservice,7432,7432,0,0
2026-09-12T19:25:32Z,productcatalogservice,812286,812211,0,0
2026-09-12T19:25:32Z,recommendationservice,114221,114195,0,0
2026-09-12T19:25:32Z,redis-cart,0,0,0,0
2026-09-12T19:25:32Z,shippingservice,79926,79926,0,0
2026-09-12T19:25:33Z,adservice,41258,40974,0,0
2026-09-12T19:25:33Z,cartservice,188047,188021,0,0
2026-09-12T19:25:33Z,checkoutservice,7447,7442,0,0
2026-09-12T19:25:33Z,currencyservice,284441,284395,0,0
2026-09-12T19:25:33Z,emailservice,7442,7442,0,0
2026-09-12T19:25:33Z,frontend,180786,179779,0,0
2026-09-12T19:25:33Z,paymentservice,7442,7442,0,0
2026-09-12T19:25:33Z,productcatalogservice,814116,814048,0,0
2026-09-12T19:25:33Z,recommendationservice,114484,114458,0,0
2026-09-12T19:25:33Z,redis-cart,0,0,0,0
2026-09-12T19:25:33Z,shippingservice,80083,80083,0,0
2026-09-12T19:25:34Z,adservice,41358,41074,0,0
2026-09-12T19:25:34Z,cartservice,188475,188449,0,0
2026-09-12T19:25:34Z,checkoutservice,7457,7452,0,0
2026-09-12T19:25:34Z,currencyservice,285087,285041,0,0
2026-09-12T19:25:34Z,emailservice,7452,7452,0,0
2026-09-12T19:25:34Z,frontend,181199,180190,0,0
2026-09-12T19:25:34Z,paymentservice,7452,7452,0,0
2026-09-12T19:25:34Z,productcatalogservice,815996,815943,0,0
2026-09-12T19:25:34Z,recommendationservice,114742,114719,0,0
2026-09-12T19:25:34Z,redis-cart,0,0,0,0
2026-09-12T19:25:34Z,shippingservice,80232,80232,0,0
2026-09-12T19:25:35Z,adservice,41458,41174,0,0
2026-09-12T19:25:35Z,cartservice,188881,188854,0,0
2026-09-12T19:25:35Z,checkoutservice,7467,7462,0,0
2026-09-12T19:25:35Z,currencyservice,285820,285774,0,0
2026-09-12T19:25:35Z,emailservice,7462,7462,0,0
2026-09-12T19:25:35Z,frontend,181623,180624,0,0
2026-09-12T19:25:35Z,paymentservice,7462,7462,0,0
2026-09-12T19:25:35Z,productcatalogservice,817772,817698,0,0
2026-09-12T19:25:35Z,recommendationservice,115010,114987,0,0
2026-09-12T19:25:35Z,redis-cart,0,0,0,0
2026-09-12T19:25:35Z,shippingservice,80414,80414,0,0
2026-09-12T19:25:36Z,adservice,41552,41268,0,0
2026-09-12T19:25:36Z,cartservice,189295,189266,0,0
2026-09-12T19:25:36Z,checkoutservice,7477,7472,0,0
2026-09-12T19:25:36Z,currencyservice,286378,286332,0,0
2026-09-12T19:25:36Z,emailservice,7472,7472,0,0
2026-09-12T19:25:36Z,frontend,182028,181005,0,0
2026-09-12T19:25:36Z,paymentservice,7472,7472,0,0
2026-09-12T19:25:36Z,productcatalogservice,819740,819609,0,0
2026-09-12T19:25:36Z,recommendationservice,115266,115243,0,0
2026-09-12T19:25:36Z,redis-cart,0,0,0,0
2026-09-12T19:25:36Z,shippingservice,80590,80590,0,0
2026-09-12T19:25:37Z,adservice,41652,41368,0,0
2026-09-12T19:25:37Z,cartservice,189735,189709,0,0
2026-09-12T19:25:37Z,checkoutservice,7487,7482,0,0
2026-09-12T19:25:37Z,currencyservice,287076,287030,0,0
2026-09-12T19:25:37Z,emailservice,7482,7482,0,0
2026-09-12T19:25:37Z,frontend,182429,181390,0,0
2026-09-12T19:25:37Z,paymentservice,7482,7482,0,0
2026-09-12T19:25:37Z,productcatalogservice,821585,821401,0,0
2026-09-12T19:25:37Z,recommendationservice,115543,115520,0,0
2026-09-12T19:25:37Z,redis-cart,0,0,0,0
2026-09-12T19:25:37Z,shippingservice,80753,80753,0,0
2026-09-12T19:25:38Z,adservice,41711,41427,0,0
2026-09-12T19:25:38Z,cartservice,190132,190106,0,0
2026-09-12T19:25:38Z,checkoutservice,7497,7492,0,0
2026-09-12T19:25:38Z,currencyservice,287747,287701,0,0
2026-09-12T19:25:38Z,emailservice,7492,7492,0,0
2026-09-12T19:25:38Z,frontend,182829,181763,0,0
2026-09-12T19:25:38Z,paymentservice,7492,7492,0,0
2026-09-12T19:25:38Z,productcatalogservice,823317,823200,0,0
2026-09-12T19:25:38Z,recommendationservice,115832,115796,0,0
2026-09-12T19:25:38Z,redis-cart,0,0,0,0
2026-09-12T19:25:38Z,shippingservice,80927,80927,0,0
2026-09-12T19:25:39Z,adservice,41835,41551,0,0
2026-09-12T19:25:39Z,cartservice,190538,190512,0,0
2026-09-12T19:25:39Z,checkoutservice,7507,7500,0,0
2026-09-12T19:25:39Z,currencyservice,288387,288341,0,0
2026-09-12T19:25:39Z,emailservice,7502,7502,0,0
2026-09-12T19:25:39Z,frontend,183240,182168,0,0
2026-09-12T19:25:39Z,paymentservice,7502,7502,0,0
2026-09-12T19:25:39Z,productcatalogservice,825278,825225,0,0
2026-09-12T19:25:39Z,recommendationservice,116083,116021,0,0
2026-09-12T19:25:39Z,redis-cart,0,0,0,0
2026-09-12T19:25:39Z,shippingservice,81110,81110,0,0
2026-09-12T19:25:40Z,adservice,41938,41654,0,0
2026-09-12T19:25:40Z,cartservice,190975,190949,0,0
2026-09-12T19:25:40Z,checkoutservice,7517,7512,0,0
2026-09-12T19:25:40Z,currencyservice,289032,288986,0,0
2026-09-12T19:25:40Z,emailservice,7512,7512,0,0
2026-09-12T19:25:40Z,frontend,183674,182609,0,0
2026-09-12T19:25:40Z,paymentservice,7512,7512,0,0
2026-09-12T19:25:40Z,productcatalogservice,827242,827104,0,0
2026-09-12T19:25:40Z,recommendationservice,116317,116290,0,0
2026-09-12T19:25:40Z,redis-cart,0,0,0,0
2026-09-12T19:25:40Z,shippingservice,81297,81297,0,0
2026-09-12T19:25:41Z,adservice,42049,41761,0,0
2026-09-12T19:25:41Z,cartservice,191377,191349,0,0
2026-09-12T19:25:41Z,checkoutservice,7527,7522,0,0
2026-09-12T19:25:41Z,currencyservice,289641,289595,0,0
2026-09-12T19:25:41Z,emailservice,7522,7522,0,0
2026-09-12T19:25:41Z,frontend,184048,183017,0,0
2026-09-12T19:25:41Z,paymentservice,7522,7522,0,0
2026-09-12T19:25:41Z,productcatalogservice,829023,828921,0,0
2026-09-12T19:25:41Z,recommendationservice,116579,116549,0,0
2026-09-12T19:25:41Z,redis-cart,0,0,0,0
2026-09-12T19:25:41Z,shippingservice,81446,81446,0,0
2026-09-12T19:25:42Z,adservice,42135,41851,0,0
2026-09-12T19:25:42Z,cartservice,191803,191775,0,0
2026-09-12T19:25:42Z,checkoutservice,7537,7532,0,0
2026-09-12T19:25:42Z,currencyservice,290277,290231,0,0
2026-09-12T19:25:42Z,emailservice,7532,7532,0,0
2026-09-12T19:25:42Z,frontend,184471,183403,0,0
2026-09-12T19:25:42Z,paymentservice,7532,7532,0,0
2026-09-12T19:25:42Z,productcatalogservice,830641,830536,0,0
2026-09-12T19:25:42Z,recommendationservice,116843,116820,0,0
2026-09-12T19:25:42Z,redis-cart,0,0,0,0
2026-09-12T19:25:42Z,shippingservice,81589,81589,0,0
2026-09-12T19:25:43Z,adservice,42234,41950,0,0
2026-09-12T19:25:43Z,cartservice,192228,192187,0,0
2026-09-12T19:25:43Z,checkoutservice,7547,7542,0,0
2026-09-12T19:25:43Z,currencyservice,290948,290902,0,0
2026-09-12T19:25:43Z,emailservice,7542,7542,0,0
2026-09-12T19:25:43Z,frontend,184871,183800,0,0
2026-09-12T19:25:43Z,paymentservice,7542,7542,0,0
2026-09-12T19:25:43Z,productcatalogservice,832683,832541,0,0
2026-09-12T19:25:43Z,recommendationservice,117103,117077,0,0
2026-09-12T19:25:43Z,redis-cart,0,0,0,0
2026-09-12T19:25:43Z,shippingservice,81780,81780,0,0
2026-09-12T19:25:44Z,adservice,42334,42050,0,0
2026-09-12T19:25:44Z,cartservice,192643,192617,0,0
2026-09-12T19:25:44Z,checkoutservice,7557,7552,0,0
2026-09-12T19:25:44Z,currencyservice,291647,291575,0,0
2026-09-12T19:25:44Z,emailservice,7552,7552,0,0
2026-09-12T19:25:44Z,frontend,185289,184248,0,0
2026-09-12T19:25:44Z,paymentservice,7552,7552,0,0
2026-09-12T19:25:44Z,productcatalogservice,834405,834348,0,0
2026-09-12T19:25:44Z,recommendationservice,117357,117316,0,0
2026-09-12T19:25:44Z,redis-cart,0,0,0,0
2026-09-12T19:25:44Z,shippingservice,81946,81946,0,0
2026-09-12T19:25:45Z,adservice,42425,42141,0,0
2026-09-12T19:25:45Z,cartservice,193055,193029,0,0
2026-09-12T19:25:45Z,checkoutservice,7567,7562,0,0
2026-09-12T19:25:45Z,currencyservice,292254,292167,0,0
2026-09-12T19:25:45Z,emailservice,7562,7562,0,0
2026-09-12T19:25:45Z,frontend,185688,184643,0,0
2026-09-12T19:25:45Z,paymentservice,7562,7562,0,0
2026-09-12T19:25:45Z,productcatalogservice,836274,836221,0,0
2026-09-12T19:25:45Z,recommendationservice,117610,117574,0,0
2026-09-12T19:25:45Z,redis-cart,0,0,0,0
2026-09-12T19:25:45Z,shippingservice,82100,82100,0,0
2026-09-12T19:25:46Z,adservice,42530,42246,0,0
2026-09-12T19:25:46Z,cartservice,193447,193421,0,0
2026-09-12T19:25:46Z,checkoutservice,7577,7572,0,0
2026-09-12T19:25:46Z,currencyservice,292843,292797,0,0
2026-09-12T19:25:46Z,emailservice,7572,7572,0,0
2026-09-12T19:25:46Z,frontend,186079,185011,0,0
2026-09-12T19:25:46Z,paymentservice,7572,7572,0,0
2026-09-12T19:25:46Z,productcatalogservice,838072,838019,0,0
2026-09-12T19:25:46Z,recommendationservice,117858,117809,0,0
2026-09-12T19:25:46Z,redis-cart,0,0,0,0
2026-09-12T19:25:46Z,shippingservice,82270,82270,0,0
2026-09-12T19:25:47Z,adservice,42617,42333,0,0
2026-09-12T19:25:47Z,cartservice,193891,193865,0,0
2026-09-12T19:25:47Z,checkoutservice,7587,7582,0,0
2026-09-12T19:25:47Z,currencyservice,293491,293445,0,0
2026-09-12T19:25:47Z,emailservice,7582,7582,0,0
2026-09-12T19:25:47Z,frontend,186495,185434,0,0
2026-09-12T19:25:47Z,paymentservice,7582,7582,0,0
2026-09-12T19:25:47Z,productcatalogservice,839892,839838,0,0
2026-09-12T19:25:47Z,recommendationservice,118102,118079,0,0
2026-09-12T19:25:47Z,redis-cart,0,0,0,0
2026-09-12T19:25:47Z,shippingservice,82422,82422,0,0
2026-09-12T19:25:48Z,adservice,42737,42453,0,0
2026-09-12T19:25:48Z,cartservice,194299,194273,0,0
2026-09-12T19:25:48Z,checkoutservice,7597,7592,0,0
2026-09-12T19:25:48Z,currencyservice,294147,294101,0,0
2026-09-12T19:25:48Z,emailservice,7592,7592,0,0
2026-09-12T19:25:48Z,frontend,186882,185837,0,0
2026-09-12T19:25:48Z,paymentservice,7592,7592,0,0
2026-09-12T19:25:48Z,productcatalogservice,841729,841674,0,0
2026-09-12T19:25:48Z,recommendationservice,118355,118319,0,0
2026-09-12T19:25:48Z,redis-cart,0,0,0,0
2026-09-12T19:25:48Z,shippingservice,82583,82583,0,0
2026-09-12T19:25:49Z,adservice,42836,42552,0,0
2026-09-12T19:25:49Z,cartservice,194729,194703,0,0
2026-09-12T19:25:49Z,checkoutservice,7607,7599,0,0
2026-09-12T19:25:49Z,currencyservice,294809,294763,0,0
2026-09-12T19:25:49Z,emailservice,7602,7602,0,0
2026-09-12T19:25:49Z,frontend,187283,186170,0,0
2026-09-12T19:25:49Z,paymentservice,7602,7602,0,0
2026-09-12T19:25:49Z,productcatalogservice,843702,843627,0,0
2026-09-12T19:25:49Z,recommendationservice,118620,118570,0,0
2026-09-12T19:25:49Z,redis-cart,0,0,0,0
2026-09-12T19:25:49Z,shippingservice,82754,82754,0,0
2026-09-12T19:25:50Z,adservice,42916,42632,0,0
2026-09-12T19:25:50Z,cartservice,195106,195078,0,0
2026-09-12T19:25:50Z,checkoutservice,7617,7612,0,0
2026-09-12T19:25:50Z,currencyservice,295446,295400,0,0
2026-09-12T19:25:50Z,emailservice,7612,7612,0,0
2026-09-12T19:25:50Z,frontend,187705,186649,0,0
2026-09-12T19:25:50Z,paymentservice,7612,7612,0,0
2026-09-12T19:25:50Z,productcatalogservice,845421,845324,0,0
2026-09-12T19:25:50Z,recommendationservice,118887,118842,0,0
2026-09-12T19:25:50Z,redis-cart,0,0,0,0
2026-09-12T19:25:50Z,shippingservice,82910,82910,0,0
2026-09-12T19:25:51Z,adservice,43018,42734,0,0
2026-09-12T19:25:51Z,cartservice,195527,195501,0,0
2026-09-12T19:25:51Z,checkoutservice,7627,7616,0,0
2026-09-12T19:25:51Z,currencyservice,296110,296064,0,0
2026-09-12T19:25:51Z,emailservice,7622,7622,0,0
2026-09-12T19:25:51Z,frontend,188099,187014,0,0
2026-09-12T19:25:51Z,paymentservice,7622,7622,0,0
2026-09-12T19:25:51Z,productcatalogservice,847157,847047,0,0
2026-09-12T19:25:51Z,recommendationservice,119122,119086,0,0
2026-09-12T19:25:51Z,redis-cart,0,0,0,0
2026-09-12T19:25:51Z,shippingservice,83092,83092,0,0
2026-09-12T19:25:52Z,adservice,43092,42808,0,0
2026-09-12T19:25:52Z,cartservice,195919,195893,0,0
2026-09-12T19:25:52Z,checkoutservice,7637,7632,0,0
2026-09-12T19:25:52Z,currencyservice,296742,296694,0,0
2026-09-12T19:25:52Z,emailservice,7632,7632,0,0
2026-09-12T19:25:52Z,frontend,188480,187387,0,0
2026-09-12T19:25:52Z,paymentservice,7632,7632,0,0
2026-09-12T19:25:52Z,productcatalogservice,849040,848930,0,0
2026-09-12T19:25:52Z,recommendationservice,119373,119340,0,0
2026-09-12T19:25:52Z,redis-cart,0,0,0,0
2026-09-12T19:25:52Z,shippingservice,83262,83262,0,0
2026-09-12T19:25:53Z,adservice,43201,42917,0,0
2026-09-12T19:25:53Z,cartservice,196326,196296,0,0
2026-09-12T19:25:53Z,checkoutservice,7647,7642,0,0
2026-09-12T19:25:53Z,currencyservice,297383,297337,0,0
2026-09-12T19:25:53Z,emailservice,7642,7642,0,0
2026-09-12T19:25:53Z,frontend,188890,187837,0,0
2026-09-12T19:25:53Z,paymentservice,7642,7642,0,0
2026-09-12T19:25:53Z,productcatalogservice,850916,850863,0,0
2026-09-12T19:25:53Z,recommendationservice,119631,119608,0,0
2026-09-12T19:25:53Z,redis-cart,0,0,0,0
2026-09-12T19:25:53Z,shippingservice,83434,83434,0,0
2026-09-12T19:25:54Z,adservice,43303,43019,0,0
2026-09-12T19:25:54Z,cartservice,196731,196705,0,0
2026-09-12T19:25:54Z,checkoutservice,7657,7652,0,0
2026-09-12T19:25:54Z,currencyservice,298064,298018,0,0
2026-09-12T19:25:54Z,emailservice,7652,7652,0,0
2026-09-12T19:25:54Z,frontend,189292,188229,0,0
2026-09-12T19:25:54Z,paymentservice,7652,7652,0,0
2026-09-12T19:25:54Z,productcatalogservice,852718,852583,0,0
2026-09-12T19:25:54Z,recommendationservice,119904,119866,0,0
2026-09-12T19:25:54Z,redis-cart,0,0,0,0
2026-09-12T19:25:54Z,shippingservice,83598,83598,0,0
2026-09-12T19:25:55Z,adservice,43408,43124,0,0
2026-09-12T19:25:55Z,cartservice,197174,197148,0,0
2026-09-12T19:25:55Z,checkoutservice,7667,7662,0,0
2026-09-12T19:25:55Z,currencyservice,298735,298689,0,0
2026-09-12T19:25:55Z,emailservice,7662,7662,0,0
2026-09-12T19:25:55Z,frontend,189698,188624,0,0
2026-09-12T19:25:55Z,paymentservice,7662,7662,0,0
2026-09-12T19:25:55Z,productcatalogservice,854693,854584,0,0
2026-09-12T19:25:55Z,recommendationservice,120187,120139,0,0
2026-09-12T19:25:55Z,redis-cart,0,0,0,0
2026-09-12T19:25:55Z,shippingservice,83787,83787,0,0
2026-09-12T19:25:56Z,adservice,43501,43217,0,0
2026-09-12T19:25:56Z,cartservice,197574,197539,0,0
2026-09-12T19:25:56Z,checkoutservice,7677,7672,0,0
2026-09-12T19:25:56Z,currencyservice,299348,299302,0,0
2026-09-12T19:25:56Z,emailservice,7672,7672,0,0
2026-09-12T19:25:56Z,frontend,190090,188984,0,0
2026-09-12T19:25:56Z,paymentservice,7672,7672,0,0
2026-09-12T19:25:56Z,productcatalogservice,856520,856467,0,0
2026-09-12T19:25:56Z,recommendationservice,120423,120390,0,0
2026-09-12T19:25:56Z,redis-cart,0,0,0,0
2026-09-12T19:25:56Z,shippingservice,83973,83973,0,0
2026-09-12T19:25:57Z,adservice,43600,43316,0,0
2026-09-12T19:25:57Z,cartservice,197978,197942,0,0
2026-09-12T19:25:57Z,checkoutservice,7687,7682,0,0
2026-09-12T19:25:57Z,currencyservice,299984,299938,0,0
2026-09-12T19:25:57Z,emailservice,7682,7682,0,0
2026-09-12T19:25:57Z,frontend,190496,189421,0,0
2026-09-12T19:25:57Z,paymentservice,7682,7682,0,0
2026-09-12T19:25:57Z,productcatalogservice,858271,858218,0,0
2026-09-12T19:25:57Z,recommendationservice,120686,120611,0,0
2026-09-12T19:25:57Z,redis-cart,0,0,0,0
2026-09-12T19:25:57Z,shippingservice,84118,84118,0,0
2026-09-12T19:25:58Z,adservice,43703,43419,0,0
2026-09-12T19:25:58Z,cartservice,198391,198364,0,0
2026-09-12T19:25:58Z,checkoutservice,7697,7692,0,0
2026-09-12T19:25:58Z,currencyservice,300647,300601,0,0
2026-09-12T19:25:58Z,emailservice,7692,7692,0,0
2026-09-12T19:25:58Z,frontend,190915,189826,0,0
2026-09-12T19:25:58Z,paymentservice,7692,7692,0,0
2026-09-12T19:25:58Z,productcatalogservice,860164,860053,0,0
2026-09-12T19:25:58Z,recommendationservice,120930,120878,0,0
2026-09-12T19:25:58Z,redis-cart,0,0,0,0
2026-09-12T19:25:58Z,shippingservice,84290,84290,0,0
2026-09-12T19:25:59Z,adservice,43806,43522,0,0
2026-09-12T19:25:59Z,cartservice,198823,198789,0,0
2026-09-12T19:25:59Z,checkoutservice,7707,7702,0,0
2026-09-12T19:25:59Z,currencyservice,301240,301194,0,0
2026-09-12T19:25:59Z,emailservice,7702,7702,0,0
2026-09-12T19:25:59Z,frontend,191316,190224,0,0
2026-09-12T19:25:59Z,paymentservice,7702,7702,0,0
2026-09-12T19:25:59Z,productcatalogservice,861846,861793,0,0
2026-09-12T19:25:59Z,recommendationservice,121184,121137,0,0
2026-09-12T19:25:59Z,redis-cart,0,0,0,0
2026-09-12T19:25:59Z,shippingservice,84444,84444,0,0
2026-09-12T19:26:00Z,adservice,43901,43617,0,0
2026-09-12T19:26:00Z,cartservice,199214,199188,0,0
2026-09-12T19:26:00Z,checkoutservice,7717,7712,0,0
2026-09-12T19:26:00Z,currencyservice,301890,301844,0,0
2026-09-12T19:26:00Z,emailservice,7712,7712,0,0
2026-09-12T19:26:00Z,frontend,191707,190620,0,0
2026-09-12T19:26:00Z,paymentservice,7712,7712,0,0
2026-09-12T19:26:00Z,productcatalogservice,863661,863607,0,0
2026-09-12T19:26:00Z,recommendationservice,121431,121352,0,0
2026-09-12T19:26:00Z,redis-cart,0,0,0,0
2026-09-12T19:26:00Z,shippingservice,84602,84602,0,0
2026-09-12T19:26:01Z,adservice,43969,43685,0,0
2026-09-12T19:26:01Z,cartservice,199607,199576,0,0
2026-09-12T19:26:01Z,checkoutservice,7717,7712,0,0
2026-09-12T19:26:01Z,currencyservice,302463,302383,0,0
2026-09-12T19:26:01Z,emailservice,7722,7722,0,0
2026-09-12T19:26:01Z,frontend,192096,190987,0,0
2026-09-12T19:26:01Z,paymentservice,7722,7722,0,0
2026-09-12T19:26:01Z,productcatalogservice,865295,865242,0,0
2026-09-12T19:26:01Z,recommendationservice,121665,121631,0,0
2026-09-12T19:26:01Z,redis-cart,0,0,0,0
2026-09-12T19:26:01Z,shippingservice,84750,84750,0,0
2026-09-12T19:26:02Z,adservice,44080,43796,0,0
2026-09-12T19:26:02Z,cartservice,200034,200005,0,0
2026-09-12T19:26:02Z,checkoutservice,7737,7732,0,0
2026-09-12T19:26:02Z,currencyservice,303179,303133,0,0
2026-09-12T19:26:02Z,emailservice,7732,7732,0,0
2026-09-12T19:26:02Z,frontend,192513,191416,0,0
2026-09-12T19:26:02Z,paymentservice,7732,7732,0,0
2026-09-12T19:26:02Z,productcatalogservice,867219,867166,0,0
2026-09-12T19:26:02Z,recommendationservice,121933,121877,0,0
2026-09-12T19:26:02Z,redis-cart,0,0,0,0
2026-09-12T19:26:02Z,shippingservice,84945,84945,0,0
2026-09-12T19:26:03Z,adservice,44169,43885,0,0
2026-09-12T19:26:03Z,cartservice,200409,200383,0,0
2026-09-12T19:26:03Z,checkoutservice,7738,7733,0,0
2026-09-12T19:26:03Z,currencyservice,303681,303627,0,0
2026-09-12T19:26:03Z,emailservice,7742,7742,0,0
2026-09-12T19:26:03Z,frontend,192890,191783,0,0
2026-09-12T19:26:03Z,paymentservice,7742,7742,0,0
2026-09-12T19:26:03Z,productcatalogservice,868871,868818,0,0
2026-09-12T19:26:03Z,recommendationservice,122173,122127,0,0
2026-09-12T19:26:03Z,redis-cart,0,0,0,0
2026-09-12T19:26:03Z,shippingservice,85074,85074,0,0
2026-09-12T19:26:04Z,adservice,44263,43979,0,0
2026-09-12T19:26:04Z,cartservice,200740,200711,0,0
2026-09-12T19:26:04Z,checkoutservice,7747,7742,0,0
2026-09-12T19:26:04Z,currencyservice,304211,304165,0,0
2026-09-12T19:26:04Z,emailservice,7752,7752,0,0
2026-09-12T19:26:04Z,frontend,193243,192128,0,0
2026-09-12T19:26:04Z,paymentservice,7747,7747,0,0
2026-09-12T19:26:04Z,productcatalogservice,870553,870500,0,0
2026-09-12T19:26:04Z,recommendationservice,122377,122329,0,0
2026-09-12T19:26:04Z,redis-cart,0,0,0,0
2026-09-12T19:26:04Z,shippingservice,85248,85248,0,0
2026-09-12T19:26:05Z,adservice,44364,44080,0,0
2026-09-12T19:26:05Z,cartservice,201174,201144,0,0
2026-09-12T19:26:05Z,checkoutservice,7763,7753,0,0
2026-09-12T19:26:05Z,currencyservice,304851,304795,0,0
2026-09-12T19:26:05Z,emailservice,7762,7762,0,0
2026-09-12T19:26:05Z,frontend,193646,192541,0,0
2026-09-12T19:26:05Z,paymentservice,7762,7762,0,0
2026-09-12T19:26:05Z,productcatalogservice,872433,872380,0,0
2026-09-12T19:26:05Z,recommendationservice,122617,122594,0,0
2026-09-12T19:26:05Z,redis-cart,0,0,0,0
2026-09-12T19:26:05Z,shippingservice,85385,85385,0,0
2026-09-12T19:26:06Z,adservice,44430,44146,0,0
2026-09-12T19:26:06Z,cartservice,201613,201587,0,0
2026-09-12T19:26:06Z,checkoutservice,7770,7764,0,0
2026-09-12T19:26:06Z,currencyservice,305464,305405,0,0
2026-09-12T19:26:06Z,emailservice,7768,7768,0,0
2026-09-12T19:26:06Z,frontend,194047,192939,0,0
2026-09-12T19:26:06Z,paymentservice,7768,7768,0,0
2026-09-12T19:26:06Z,productcatalogservice,874021,873968,0,0
2026-09-12T19:26:06Z,recommendationservice,122909,122873,0,0
2026-09-12T19:26:06Z,redis-cart,0,0,0,0
2026-09-12T19:26:06Z,shippingservice,85533,85533,0,0
2026-09-12T19:26:07Z,adservice,44535,44251,0,0
2026-09-12T19:26:07Z,cartservice,201941,201915,0,0
2026-09-12T19:26:07Z,checkoutservice,7779,7774,0,0
2026-09-12T19:26:07Z,currencyservice,306153,306100,0,0
2026-09-12T19:26:07Z,emailservice,7782,7782,0,0
2026-09-12T19:26:07Z,frontend,194394,193274,0,0
2026-09-12T19:26:07Z,paymentservice,7782,7782,0,0
2026-09-12T19:26:07Z,productcatalogservice,875714,875628,0,0
2026-09-12T19:26:07Z,recommendationservice,123126,123080,0,0
2026-09-12T19:26:07Z,redis-cart,0,0,0,0
2026-09-12T19:26:07Z,shippingservice,85752,85748,0,0
2026-09-12T19:26:08Z,adservice,44626,44342,0,0
2026-09-12T19:26:08Z,cartservice,202310,202284,0,0
2026-09-12T19:26:08Z,checkoutservice,7790,7782,0,0
2026-09-12T19:26:08Z,currencyservice,306693,306590,0,0
2026-09-12T19:26:08Z,emailservice,7792,7792,0,0
2026-09-12T19:26:08Z,frontend,194755,193643,0,0
2026-09-12T19:26:08Z,paymentservice,7792,7789,0,0
2026-09-12T19:26:08Z,productcatalogservice,877552,877499,0,0
2026-09-12T19:26:08Z,recommendationservice,123360,123337,0,0
2026-09-12T19:26:08Z,redis-cart,0,0,0,0
2026-09-12T19:26:08Z,shippingservice,85936,85936,0,0
2026-09-12T19:26:09Z,adservice,44726,44442,0,0
2026-09-12T19:26:09Z,cartservice,202743,202717,0,0
2026-09-12T19:26:09Z,checkoutservice,7804,7798,0,0
2026-09-12T19:26:09Z,currencyservice,307327,307241,0,0
2026-09-12T19:26:09Z,emailservice,7802,7802,0,0
2026-09-12T19:26:09Z,frontend,195181,194075,0,0
2026-09-12T19:26:09Z,paymentservice,7802,7802,0,0
2026-09-12T19:26:09Z,productcatalogservice,879378,879322,0,0
2026-09-12T19:26:09Z,recommendationservice,123623,123579,0,0
2026-09-12T19:26:09Z,redis-cart,0,0,0,0
2026-09-12T19:26:09Z,shippingservice,86070,86069,0,0
2026-09-12T19:26:10Z,adservice,44826,44542,0,0
2026-09-12T19:26:10Z,cartservice,203174,203148,0,0
2026-09-12T19:26:10Z,checkoutservice,7817,7812,0,0
2026-09-12T19:26:10Z,currencyservice,307969,307923,0,0
2026-09-12T19:26:10Z,emailservice,7812,7812,0,0
2026-09-12T19:26:10Z,frontend,195574,194477,0,0
2026-09-12T19:26:10Z,paymentservice,7812,7812,0,0
2026-09-12T19:26:10Z,productcatalogservice,881400,881330,0,0
2026-09-12T19:26:10Z,recommendationservice,123901,123866,0,0
2026-09-12T19:26:10Z,redis-cart,0,0,0,0
2026-09-12T19:26:10Z,shippingservice,86284,86283,0,0
2026-09-12T19:26:11Z,adservice,44911,44627,0,0
2026-09-12T19:26:11Z,cartservice,203555,203509,0,0
2026-09-12T19:26:11Z,checkoutservice,7823,7818,0,0
2026-09-12T19:26:11Z,currencyservice,308606,308560,0,0
2026-09-12T19:26:11Z,emailservice,7822,7822,0,0
2026-09-12T19:26:11Z,frontend,195961,194883,0,0
2026-09-12T19:26:11Z,paymentservice,7822,7822,0,0
2026-09-12T19:26:11Z,productcatalogservice,883078,882969,0,0
2026-09-12T19:26:11Z,recommendationservice,124151,124124,0,0
2026-09-12T19:26:11Z,redis-cart,0,0,0,0
2026-09-12T19:26:11Z,shippingservice,86410,86410,0,0
2026-09-12T19:26:12Z,adservice,45024,44740,0,0
2026-09-12T19:26:12Z,cartservice,203984,203958,0,0
2026-09-12T19:26:12Z,checkoutservice,7836,7831,0,0
2026-09-12T19:26:12Z,currencyservice,309299,309253,0,0
2026-09-12T19:26:12Z,emailservice,7832,7832,0,0
2026-09-12T19:26:12Z,frontend,196382,195306,0,0
2026-09-12T19:26:12Z,paymentservice,7832,7832,0,0
2026-09-12T19:26:12Z,productcatalogservice,884985,884886,0,0
2026-09-12T19:26:12Z,recommendationservice,124398,124363,0,0
2026-09-12T19:26:12Z,redis-cart,0,0,0,0
2026-09-12T19:26:12Z,shippingservice,86595,86595,0,0
2026-09-12T19:26:13Z,adservice,45122,44826,0,0
2026-09-12T19:26:13Z,cartservice,204402,204376,0,0
2026-09-12T19:26:13Z,checkoutservice,7847,7842,0,0
2026-09-12T19:26:13Z,currencyservice,309900,309854,0,0
2026-09-12T19:26:13Z,emailservice,7842,7842,0,0
2026-09-12T19:26:13Z,frontend,196789,195706,0,0
2026-09-12T19:26:13Z,paymentservice,7842,7842,0,0
2026-09-12T19:26:13Z,productcatalogservice,886912,886859,0,0
2026-09-12T19:26:13Z,recommendationservice,124628,124605,0,0
2026-09-12T19:26:13Z,redis-cart,0,0,0,0
2026-09-12T19:26:13Z,shippingservice,86756,86756,0,0
2026-09-12T19:26:14Z,adservice,45235,44939,0,0
2026-09-12T19:26:14Z,cartservice,204826,204798,0,0
2026-09-12T19:26:14Z,checkoutservice,7857,7852,0,0
2026-09-12T19:26:14Z,currencyservice,310591,310545,0,0
2026-09-12T19:26:14Z,emailservice,7852,7852,0,0
2026-09-12T19:26:14Z,frontend,197180,196131,0,0
2026-09-12T19:26:14Z,paymentservice,7852,7852,0,0
2026-09-12T19:26:14Z,productcatalogservice,888723,888661,0,0
2026-09-12T19:26:14Z,recommendationservice,124901,124878,0,0
2026-09-12T19:26:14Z,redis-cart,0,0,0,0
2026-09-12T19:26:14Z,shippingservice,86958,86958,0,0
2026-09-12T19:26:15Z,adservice,45336,45040,0,0
2026-09-12T19:26:15Z,cartservice,205256,205217,0,0
2026-09-12T19:26:15Z,checkoutservice,7867,7862,0,0
2026-09-12T19:26:15Z,currencyservice,311272,311226,0,0
2026-09-12T19:26:15Z,emailservice,7862,7862,0,0
2026-09-12T19:26:15Z,frontend,197591,196576,0,0
2026-09-12T19:26:15Z,paymentservice,7862,7862,0,0
2026-09-12T19:26:15Z,productcatalogservice,890649,890551,0,0
2026-09-12T19:26:15Z,recommendationservice,125170,125134,0,0
2026-09-12T19:26:15Z,redis-cart,0,0,0,0
2026-09-12T19:26:15Z,shippingservice,87124,87124,0,0
2026-09-12T19:26:16Z,adservice,45433,45137,0,0
2026-09-12T19:26:16Z,cartservice,205647,205621,0,0
2026-09-12T19:26:16Z,checkoutservice,7877,7872,0,0
2026-09-12T19:26:16Z,currencyservice,311876,311830,0,0
2026-09-12T19:26:16Z,emailservice,7872,7872,0,0
2026-09-12T19:26:16Z,frontend,197966,196929,0,0
2026-09-12T19:26:16Z,paymentservice,7872,7872,0,0
2026-09-12T19:26:16Z,productcatalogservice,892395,892342,0,0
2026-09-12T19:26:16Z,recommendationservice,125410,125381,0,0
2026-09-12T19:26:16Z,redis-cart,0,0,0,0
2026-09-12T19:26:16Z,shippingservice,87281,87281,0,0
2026-09-12T19:26:17Z,adservice,45535,45239,0,0
2026-09-12T19:26:17Z,cartservice,206076,206049,0,0
2026-09-12T19:26:17Z,checkoutservice,7887,7882,0,0
2026-09-12T19:26:17Z,currencyservice,312495,312449,0,0
2026-09-12T19:26:17Z,emailservice,7882,7882,0,0
2026-09-12T19:26:17Z,frontend,198418,197378,0,0
2026-09-12T19:26:17Z,paymentservice,7882,7882,0,0
2026-09-12T19:26:17Z,productcatalogservice,894266,894185,0,0
2026-09-12T19:26:17Z,recommendationservice,125688,125660,0,0
2026-09-12T19:26:17Z,redis-cart,0,0,0,0
2026-09-12T19:26:17Z,shippingservice,87439,87439,0,0
2026-09-12T19:26:18Z,adservice,45609,45313,0,0
2026-09-12T19:26:18Z,cartservice,206486,206458,0,0
2026-09-12T19:26:18Z,checkoutservice,7897,7892,0,0
2026-09-12T19:26:18Z,currencyservice,313212,313156,0,0
2026-09-12T19:26:18Z,emailservice,7892,7892,0,0
2026-09-12T19:26:18Z,frontend,198784,197723,0,0
2026-09-12T19:26:18Z,paymentservice,7892,7892,0,0
2026-09-12T19:26:18Z,productcatalogservice,896100,895960,0,0
2026-09-12T19:26:18Z,recommendationservice,125965,125915,0,0
2026-09-12T19:26:18Z,redis-cart,0,0,0,0
2026-09-12T19:26:18Z,shippingservice,87586,87586,0,0
2026-09-12T19:26:19Z,adservice,45701,45405,0,0
2026-09-12T19:26:19Z,cartservice,206898,206859,0,0
2026-09-12T19:26:19Z,checkoutservice,7899,7894,0,0
2026-09-12T19:26:19Z,currencyservice,313784,313738,0,0
2026-09-12T19:26:19Z,emailservice,7902,7902,0,0
2026-09-12T19:26:19Z,frontend,199190,198118,0,0
2026-09-12T19:26:19Z,paymentservice,7900,7900,0,0
2026-09-12T19:26:19Z,productcatalogservice,897818,897765,0,0
2026-09-12T19:26:19Z,recommendationservice,126205,126154,0,0
2026-09-12T19:26:19Z,redis-cart,0,0,0,0
2026-09-12T19:26:19Z,shippingservice,87751,87751,0,0
2026-09-12T19:26:20Z,adservice,45809,45513,0,0
2026-09-12T19:26:20Z,cartservice,207283,207257,0,0
2026-09-12T19:26:20Z,checkoutservice,7917,7912,0,0
2026-09-12T19:26:20Z,currencyservice,314516,314460,0,0
2026-09-12T19:26:20Z,emailservice,7912,7912,0,0
2026-09-12T19:26:20Z,frontend,199632,198547,0,0
2026-09-12T19:26:20Z,paymentservice,7912,7912,0,0
2026-09-12T19:26:20Z,productcatalogservice,899626,899467,0,0
2026-09-12T19:26:20Z,recommendationservice,126449,126403,0,0
2026-09-12T19:26:20Z,redis-cart,0,0,0,0
2026-09-12T19:26:20Z,shippingservice,87929,87929,0,0
2026-09-12T19:26:21Z,adservice,45892,45596,0,0
2026-09-12T19:26:21Z,cartservice,207708,207677,0,0
2026-09-12T19:26:21Z,checkoutservice,7927,7922,0,0
2026-09-12T19:26:21Z,currencyservice,315069,315000,0,0
2026-09-12T19:26:21Z,emailservice,7922,7922,0,0
2026-09-12T19:26:21Z,frontend,199995,198911,0,0
2026-09-12T19:26:21Z,paymentservice,7922,7922,0,0
2026-09-12T19:26:21Z,productcatalogservice,901386,901333,0,0
2026-09-12T19:26:21Z,recommendationservice,126675,126641,0,0
2026-09-12T19:26:21Z,redis-cart,0,0,0,0
2026-09-12T19:26:21Z,shippingservice,88095,88095,0,0
2026-09-12T19:26:22Z,adservice,45997,45701,0,0
2026-09-12T19:26:22Z,cartservice,208108,208082,0,0
2026-09-12T19:26:22Z,checkoutservice,7937,7932,0,0
2026-09-12T19:26:22Z,currencyservice,315662,315616,0,0
2026-09-12T19:26:22Z,emailservice,7932,7932,0,0
2026-09-12T19:26:22Z,frontend,200389,199325,0,0
2026-09-12T19:26:22Z,paymentservice,7932,7932,0,0
2026-09-12T19:26:22Z,productcatalogservice,903171,903102,0,0
2026-09-12T19:26:22Z,recommendationservice,126951,126910,0,0
2026-09-12T19:26:22Z,redis-cart,0,0,0,0
2026-09-12T19:26:22Z,shippingservice,88253,88253,0,0
2026-09-12T19:26:23Z,adservice,46095,45799,0,0
2026-09-12T19:26:23Z,cartservice,208569,208543,0,0
2026-09-12T19:26:23Z,checkoutservice,7947,7942,0,0
2026-09-12T19:26:23Z,currencyservice,316316,316270,0,0
2026-09-12T19:26:23Z,emailservice,7942,7942,0,0
2026-09-12T19:26:23Z,frontend,200827,199805,0,0
2026-09-12T19:26:23Z,paymentservice,7942,7942,0,0
2026-09-12T19:26:23Z,productcatalogservice,905078,904961,0,0
2026-09-12T19:26:23Z,recommendationservice,127206,127179,0,0
2026-09-12T19:26:23Z,redis-cart,0,0,0,0
2026-09-12T19:26:23Z,shippingservice,88420,88420,0,0
2026-09-12T19:26:24Z,adservice,46202,45905,0,0
2026-09-12T19:26:24Z,cartservice,208961,208934,0,0
2026-09-12T19:26:24Z,checkoutservice,7957,7946,0,0
2026-09-12T19:26:24Z,currencyservice,316915,316869,0,0
2026-09-12T19:26:24Z,emailservice,7952,7952,0,0
2026-09-12T19:26:24Z,frontend,201225,200154,0,0
2026-09-12T19:26:24Z,paymentservice,7952,7952,0,0
2026-09-12T19:26:24Z,productcatalogservice,906817,906736,0,0
2026-09-12T19:26:24Z,recommendationservice,127446,127400,0,0
2026-09-12T19:26:24Z,redis-cart,0,0,0,0
2026-09-12T19:26:24Z,shippingservice,88580,88580,0,0
2026-09-12T19:26:25Z,adservice,46290,45994,0,0
2026-09-12T19:26:25Z,cartservice,209344,209318,0,0
2026-09-12T19:26:25Z,checkoutservice,7967,7962,0,0
2026-09-12T19:26:25Z,currencyservice,317504,317458,0,0
2026-09-12T19:26:25Z,emailservice,7962,7962,0,0
2026-09-12T19:26:25Z,frontend,201612,200538,0,0
2026-09-12T19:26:25Z,paymentservice,7962,7962,0,0
2026-09-12T19:26:25Z,productcatalogservice,908550,908497,0,0
2026-09-12T19:26:25Z,recommendationservice,127681,127652,0,0
2026-09-12T19:26:25Z,redis-cart,0,0,0,0
2026-09-12T19:26:25Z,shippingservice,88752,88752,0,0
2026-09-12T19:26:26Z,adservice,46380,46084,0,0
2026-09-12T19:26:26Z,cartservice,209748,209722,0,0
2026-09-12T19:26:26Z,checkoutservice,7976,7968,0,0
2026-09-12T19:26:26Z,currencyservice,318169,318123,0,0
2026-09-12T19:26:26Z,emailservice,7972,7972,0,0
2026-09-12T19:26:26Z,frontend,201997,200928,0,0
2026-09-12T19:26:26Z,paymentservice,7972,7972,0,0
2026-09-12T19:26:26Z,productcatalogservice,910361,910308,0,0
2026-09-12T19:26:26Z,recommendationservice,127934,127911,0,0
2026-09-12T19:26:26Z,redis-cart,0,0,0,0
2026-09-12T19:26:26Z,shippingservice,88891,88891,0,0
2026-09-12T19:26:27Z,adservice,46507,46211,0,0
2026-09-12T19:26:27Z,cartservice,210176,210150,0,0
2026-09-12T19:26:27Z,checkoutservice,7987,7982,0,0
2026-09-12T19:26:27Z,currencyservice,318895,318849,0,0
2026-09-12T19:26:27Z,emailservice,7982,7982,0,0
2026-09-12T19:26:27Z,frontend,202426,201372,0,0
2026-09-12T19:26:27Z,paymentservice,7982,7982,0,0
2026-09-12T19:26:27Z,productcatalogservice,912377,912296,0,0
2026-09-12T19:26:27Z,recommendationservice,128219,128177,0,0
2026-09-12T19:26:27Z,redis-cart,0,0,0,0
2026-09-12T19:26:27Z,shippingservice,89078,89078,0,0
2026-09-12T19:26:28Z,adservice,46596,46300,0,0
2026-09-12T19:26:28Z,cartservice,210617,210585,0,0
2026-09-12T19:26:28Z,checkoutservice,7997,7990,0,0
2026-09-12T19:26:28Z,currencyservice,319562,319496,0,0
2026-09-12T19:26:28Z,emailservice,7992,7992,0,0
2026-09-12T19:26:28Z,frontend,202798,201742,0,0
2026-09-12T19:26:28Z,paymentservice,7992,7992,0,0
2026-09-12T19:26:28Z,productcatalogservice,914149,914094,0,0
2026-09-12T19:26:28Z,recommendationservice,128458,128411,0,0
2026-09-12T19:26:28Z,redis-cart,0,0,0,0
2026-09-12T19:26:28Z,shippingservice,89254,89254,0,0
2026-09-12T19:26:29Z,adservice,46715,46419,0,0
2026-09-12T19:26:29Z,cartservice,211009,210980,0,0
2026-09-12T19:26:29Z,checkoutservice,8004,7996,0,0
2026-09-12T19:26:29Z,currencyservice,320163,320117,0,0
2026-09-12T19:26:29Z,emailservice,8002,8002,0,0
2026-09-12T19:26:29Z,frontend,203234,202148,0,0
2026-09-12T19:26:29Z,paymentservice,8002,8002,0,0
2026-09-12T19:26:29Z,productcatalogservice,916019,915928,0,0
2026-09-12T19:26:29Z,recommendationservice,128746,128712,0,0
2026-09-12T19:26:29Z,redis-cart,0,0,0,0
2026-09-12T19:26:29Z,shippingservice,89402,89402,0,0
2026-09-12T19:26:30Z,adservice,46789,46493,0,0
2026-09-12T19:26:30Z,cartservice,211385,211359,0,0
2026-09-12T19:26:30Z,checkoutservice,8017,8012,0,0
2026-09-12T19:26:30Z,currencyservice,320818,320743,0,0
2026-09-12T19:26:30Z,emailservice,8012,8012,0,0
2026-09-12T19:26:30Z,frontend,203634,202534,0,0
2026-09-12T19:26:30Z,paymentservice,8012,8012,0,0
2026-09-12T19:26:30Z,productcatalogservice,917852,917792,0,0
2026-09-12T19:26:30Z,recommendationservice,128983,128960,0,0
2026-09-12T19:26:30Z,redis-cart,0,0,0,0
2026-09-12T19:26:30Z,shippingservice,89590,89590,0,0
2026-09-12T19:26:31Z,adservice,46873,46577,0,0
2026-09-12T19:26:31Z,cartservice,211806,211780,0,0
2026-09-12T19:26:31Z,checkoutservice,8019,8014,0,0
2026-09-12T19:26:31Z,currencyservice,321402,321299,0,0
2026-09-12T19:26:31Z,emailservice,8022,8022,0,0
2026-09-12T19:26:31Z,frontend,203997,202898,0,0
2026-09-12T19:26:31Z,paymentservice,8022,8022,0,0
2026-09-12T19:26:31Z,productcatalogservice,919449,919396,0,0
2026-09-12T19:26:31Z,recommendationservice,129242,129182,0,0
2026-09-12T19:26:31Z,redis-cart,0,0,0,0
2026-09-12T19:26:31Z,shippingservice,89736,89736,0,0
2026-09-12T19:26:32Z,adservice,46976,46680,0,0
2026-09-12T19:26:32Z,cartservice,212226,212180,0,0
2026-09-12T19:26:32Z,checkoutservice,8037,8027,0,0
2026-09-12T19:26:32Z,currencyservice,321955,321909,0,0
2026-09-12T19:26:32Z,emailservice,8032,8032,0,0
2026-09-12T19:26:32Z,frontend,204398,203312,0,0
2026-09-12T19:26:32Z,paymentservice,8032,8032,0,0
2026-09-12T19:26:32Z,productcatalogservice,921349,921204,0,0
2026-09-12T19:26:32Z,recommendationservice,129435,129412,0,0
2026-09-12T19:26:32Z,redis-cart,0,0,0,0
2026-09-12T19:26:32Z,shippingservice,89894,89894,0,0
2026-09-12T19:26:33Z,adservice,47072,46776,0,0
2026-09-12T19:26:33Z,cartservice,212633,212607,0,0
2026-09-12T19:26:33Z,checkoutservice,8047,8042,0,0
2026-09-12T19:26:33Z,currencyservice,322636,322590,0,0
2026-09-12T19:26:33Z,emailservice,8042,8042,0,0
2026-09-12T19:26:33Z,frontend,204777,203652,0,0
2026-09-12T19:26:33Z,paymentservice,8042,8042,0,0
2026-09-12T19:26:33Z,productcatalogservice,922901,922732,0,0
2026-09-12T19:26:33Z,recommendationservice,129710,129669,0,0
2026-09-12T19:26:33Z,redis-cart,0,0,0,0
2026-09-12T19:26:33Z,shippingservice,90045,90045,0,0
2026-09-12T19:26:34Z,adservice,47166,46870,0,0
2026-09-12T19:26:34Z,cartservice,212979,212952,0,0
2026-09-12T19:26:34Z,checkoutservice,8047,8042,0,0
2026-09-12T19:26:34Z,currencyservice,323146,323100,0,0
2026-09-12T19:26:34Z,emailservice,8052,8050,0,0
2026-09-12T19:26:34Z,frontend,205162,204029,0,0
2026-09-12T19:26:34Z,paymentservice,8043,8043,0,0
2026-09-12T19:26:34Z,productcatalogservice,924581,924527,0,0
2026-09-12T19:26:34Z,recommendationservice,129956,129901,0,0
2026-09-12T19:26:34Z,redis-cart,0,0,0,0
2026-09-12T19:26:34Z,shippingservice,90174,90174,0,0
2026-09-12T19:26:35Z,adservice,47246,46950,0,0
2026-09-12T19:26:35Z,cartservice,213324,213298,0,0
2026-09-12T19:26:35Z,checkoutservice,8064,8053,0,0
2026-09-12T19:26:35Z,currencyservice,323789,323743,0,0
2026-09-12T19:26:35Z,emailservice,8062,8062,0,0
2026-09-12T19:26:35Z,frontend,205521,204391,0,0
2026-09-12T19:26:35Z,paymentservice,8060,8060,0,0
2026-09-12T19:26:35Z,productcatalogservice,926286,926233,0,0
2026-09-12T19:26:35Z,recommendationservice,130168,130134,0,0
2026-09-12T19:26:35Z,redis-cart,0,0,0,0
2026-09-12T19:26:35Z,shippingservice,90351,90351,0,0
2026-09-12T19:26:36Z,adservice,47322,47026,0,0
2026-09-12T19:26:36Z,cartservice,213749,213722,0,0
2026-09-12T19:26:36Z,checkoutservice,8069,8063,0,0
2026-09-12T19:26:36Z,currencyservice,324379,324324,0,0
2026-09-12T19:26:36Z,emailservice,8069,8069,0,0
2026-09-12T19:26:36Z,frontend,205899,204790,0,0
2026-09-12T19:26:36Z,paymentservice,8064,8064,0,0
2026-09-12T19:26:36Z,productcatalogservice,927921,927868,0,0
2026-09-12T19:26:36Z,recommendationservice,130443,130388,0,0
2026-09-12T19:26:36Z,redis-cart,0,0,0,0
2026-09-12T19:26:36Z,shippingservice,90496,90489,0,0
2026-09-12T19:26:37Z,adservice,47419,47123,0,0
2026-09-12T19:26:37Z,cartservice,214081,214055,0,0
2026-09-12T19:26:37Z,checkoutservice,8078,8073,0,0
2026-09-12T19:26:37Z,currencyservice,324945,324796,0,0
2026-09-12T19:26:37Z,emailservice,8081,8081,0,0
2026-09-12T19:26:37Z,frontend,206251,205117,0,0
2026-09-12T19:26:37Z,paymentservice,8074,8074,0,0
2026-09-12T19:26:37Z,productcatalogservice,929716,929571,0,0
2026-09-12T19:26:37Z,recommendationservice,130656,130633,0,0
2026-09-12T19:26:37Z,redis-cart,0,0,0,0
2026-09-12T19:26:37Z,shippingservice,90678,90678,0,0
2026-09-12T19:26:38Z,adservice,47506,47210,0,0
2026-09-12T19:26:38Z,cartservice,214463,214437,0,0
2026-09-12T19:26:38Z,checkoutservice,8087,8082,0,0
2026-09-12T19:26:38Z,currencyservice,325505,325459,0,0
2026-09-12T19:26:38Z,emailservice,8092,8092,0,0
2026-09-12T19:26:38Z,frontend,206606,205482,0,0
2026-09-12T19:26:38Z,paymentservice,8086,8086,0,0
2026-09-12T19:26:38Z,productcatalogservice,931497,931394,0,0
2026-09-12T19:26:38Z,recommendationservice,130898,130875,0,0
2026-09-12T19:26:38Z,redis-cart,0,0,0,0
2026-09-12T19:26:38Z,shippingservice,90866,90845,0,0
2026-09-12T19:26:39Z,adservice,47588,47292,0,0
2026-09-12T19:26:39Z,cartservice,214889,214856,0,0
2026-09-12T19:26:39Z,checkoutservice,8104,8094,0,0
2026-09-12T19:26:39Z,currencyservice,326175,326129,0,0
2026-09-12T19:26:39Z,emailservice,8102,8102,0,0
2026-09-12T19:26:39Z,frontend,207011,205890,0,0
2026-09-12T19:26:39Z,paymentservice,8101,8101,0,0
2026-09-12T19:26:39Z,productcatalogservice,933185,933132,0,0
2026-09-12T19:26:39Z,recommendationservice,131143,131120,0,0
2026-09-12T19:26:39Z,redis-cart,0,0,0,0
2026-09-12T19:26:39Z,shippingservice,91037,91036,0,0
2026-09-12T19:26:40Z,adservice,47663,47367,0,0
2026-09-12T19:26:40Z,cartservice,215237,215194,0,0
2026-09-12T19:26:40Z,checkoutservice,8112,8103,0,0
2026-09-12T19:26:40Z,currencyservice,326790,326743,0,0
2026-09-12T19:26:40Z,emailservice,8110,8110,0,0
2026-09-12T19:26:40Z,frontend,207350,206249,0,0
2026-09-12T19:26:40Z,paymentservice,8110,8110,0,0
2026-09-12T19:26:40Z,productcatalogservice,934904,934806,0,0
2026-09-12T19:26:40Z,recommendationservice,131407,131343,0,0
2026-09-12T19:26:40Z,redis-cart,0,0,0,0
2026-09-12T19:26:40Z,shippingservice,91176,91176,0,0
2026-09-12T19:26:41Z,adservice,47755,47459,0,0
2026-09-12T19:26:41Z,cartservice,215636,215605,0,0
2026-09-12T19:26:41Z,checkoutservice,8123,8113,0,0
2026-09-12T19:26:41Z,currencyservice,327446,327349,0,0
2026-09-12T19:26:41Z,emailservice,8122,8122,0,0
2026-09-12T19:26:41Z,frontend,207748,206642,0,0
2026-09-12T19:26:41Z,paymentservice,8122,8122,0,0
2026-09-12T19:26:41Z,productcatalogservice,936651,936589,0,0
2026-09-12T19:26:41Z,recommendationservice,131610,131582,0,0
2026-09-12T19:26:41Z,redis-cart,0,0,0,0
2026-09-12T19:26:41Z,shippingservice,91383,91383,0,0
2026-09-12T19:26:42Z,adservice,47853,47557,0,0
2026-09-12T19:26:42Z,cartservice,216050,216024,0,0
2026-09-12T19:26:42Z,checkoutservice,8134,8124,0,0
2026-09-12T19:26:42Z,currencyservice,328085,328015,0,0
2026-09-12T19:26:42Z,emailservice,8132,8132,0,0
2026-09-12T19:26:42Z,frontend,208148,207061,0,0
2026-09-12T19:26:42Z,paymentservice,8132,8132,0,0
2026-09-12T19:26:42Z,productcatalogservice,938514,938431,0,0
2026-09-12T19:26:42Z,recommendationservice,131859,131827,0,0
2026-09-12T19:26:42Z,redis-cart,0,0,0,0
2026-09-12T19:26:42Z,shippingservice,91550,91550,0,0
2026-09-12T19:26:43Z,adservice,47940,47644,0,0
2026-09-12T19:26:43Z,cartservice,216472,216445,0,0
2026-09-12T19:26:43Z,checkoutservice,8144,8139,0,0
2026-09-12T19:26:43Z,currencyservice,328653,328607,0,0
2026-09-12T19:26:43Z,emailservice,8142,8142,0,0
2026-09-12T19:26:43Z,frontend,208565,207481,0,0
2026-09-12T19:26:43Z,paymentservice,8140,8140,0,0
2026-09-12T19:26:43Z,productcatalogservice,940166,940069,0,0
2026-09-12T19:26:43Z,recommendationservice,132127,132096,0,0
2026-09-12T19:26:43Z,redis-cart,0,0,0,0
2026-09-12T19:26:43Z,shippingservice,91658,91658,0,0
2026-09-12T19:26:44Z,adservice,48040,47744,0,0
2026-09-12T19:26:44Z,cartservice,216832,216806,0,0
2026-09-12T19:26:44Z,checkoutservice,8150,8143,0,0
2026-09-12T19:26:44Z,currencyservice,329216,329170,0,0
2026-09-12T19:26:44Z,emailservice,8151,8151,0,0
2026-09-12T19:26:44Z,frontend,208893,207786,0,0
2026-09-12T19:26:44Z,paymentservice,8149,8149,0,0
2026-09-12T19:26:44Z,productcatalogservice,941884,941830,0,0
2026-09-12T19:26:44Z,recommendationservice,132330,132307,0,0
2026-09-12T19:26:44Z,redis-cart,0,0,0,0
2026-09-12T19:26:44Z,shippingservice,91829,91829,0,0
2026-09-12T19:26:45Z,adservice,48136,47840,0,0
2026-09-12T19:26:45Z,cartservice,217254,217228,0,0
2026-09-12T19:26:45Z,checkoutservice,8163,8158,0,0
2026-09-12T19:26:45Z,currencyservice,329931,329885,0,0
2026-09-12T19:26:45Z,emailservice,8161,8161,0,0
2026-09-12T19:26:45Z,frontend,209296,208206,0,0
2026-09-12T19:26:45Z,paymentservice,8160,8159,0,0
2026-09-12T19:26:45Z,productcatalogservice,943813,943751,0,0
2026-09-12T19:26:45Z,recommendationservice,132590,132565,0,0
2026-09-12T19:26:45Z,redis-cart,0,0,0,0
2026-09-12T19:26:45Z,shippingservice,91985,91985,0,0
2026-09-12T19:26:46Z,adservice,48236,47940,0,0
2026-09-12T19:26:46Z,cartservice,217625,217599,0,0
2026-09-12T19:26:46Z,checkoutservice,8167,8162,0,0
2026-09-12T19:26:46Z,currencyservice,330556,330510,0,0
2026-09-12T19:26:46Z,emailservice,8172,8172,0,0
2026-09-12T19:26:46Z,frontend,209701,208613,0,0
2026-09-12T19:26:46Z,paymentservice,8167,8167,0,0
2026-09-12T19:26:46Z,productcatalogservice,945486,945433,0,0
2026-09-12T19:26:46Z,recommendationservice,132834,132791,0,0
2026-09-12T19:26:46Z,redis-cart,0,0,0,0
2026-09-12T19:26:46Z,shippingservice,92175,92175,0,0
2026-09-12T19:26:47Z,adservice,48340,48044,0,0
2026-09-12T19:26:47Z,cartservice,218056,218030,0,0
2026-09-12T19:26:47Z,checkoutservice,8183,8172,0,0
2026-09-12T19:26:47Z,currencyservice,331168,331106,0,0
2026-09-12T19:26:47Z,emailservice,8182,8182,0,0
2026-09-12T19:26:47Z,frontend,210077,209003,0,0
2026-09-12T19:26:47Z,paymentservice,8181,8181,0,0
2026-09-12T19:26:47Z,productcatalogservice,947266,947212,0,0
2026-09-12T19:26:47Z,recommendationservice,133083,133054,0,0
2026-09-12T19:26:47Z,redis-cart,0,0,0,0
2026-09-12T19:26:47Z,shippingservice,92326,92326,0,0
2026-09-12T19:26:48Z,adservice,48425,48129,0,0
2026-09-12T19:26:48Z,cartservice,218429,218403,0,0
2026-09-12T19:26:48Z,checkoutservice,8190,8184,0,0
2026-09-12T19:26:48Z,currencyservice,331876,331830,0,0
2026-09-12T19:26:48Z,emailservice,8192,8192,0,0
2026-09-12T19:26:48Z,frontend,210470,209356,0,0
2026-09-12T19:26:48Z,paymentservice,8191,8191,0,0
2026-09-12T19:26:48Z,productcatalogservice,949146,949029,0,0
2026-09-12T19:26:48Z,recommendationservice,133386,133331,0,0
2026-09-12T19:26:48Z,redis-cart,0,0,0,0
2026-09-12T19:26:48Z,shippingservice,92505,92505,0,0
2026-09-12T19:26:49Z,adservice,48483,48187,0,0
2026-09-12T19:26:49Z,cartservice,218819,218793,0,0
2026-09-12T19:26:49Z,checkoutservice,8198,8193,0,0
2026-09-12T19:26:49Z,currencyservice,332412,332366,0,0
2026-09-12T19:26:49Z,emailservice,8194,8194,0,0
2026-09-12T19:26:49Z,frontend,210833,209735,0,0
2026-09-12T19:26:49Z,paymentservice,8194,8194,0,0
2026-09-12T19:26:49Z,productcatalogservice,950849,950796,0,0
2026-09-12T19:26:49Z,recommendationservice,133587,133546,0,0
2026-09-12T19:26:49Z,redis-cart,0,0,0,0
2026-09-12T19:26:49Z,shippingservice,92625,92625,0,0
2026-09-12T19:26:50Z,adservice,48604,48308,0,0
2026-09-12T19:26:50Z,cartservice,219264,219238,0,0
2026-09-12T19:26:50Z,checkoutservice,8213,8208,0,0
2026-09-12T19:26:50Z,currencyservice,333128,333056,0,0
2026-09-12T19:26:50Z,emailservice,8212,8212,0,0
2026-09-12T19:26:50Z,frontend,211248,210156,0,0
2026-09-12T19:26:50Z,paymentservice,8212,8212,0,0
2026-09-12T19:26:50Z,productcatalogservice,952755,952651,0,0
2026-09-12T19:26:50Z,recommendationservice,133852,133813,0,0
2026-09-12T19:26:50Z,redis-cart,0,0,0,0
2026-09-12T19:26:50Z,shippingservice,92856,92856,0,0
2026-09-12T19:26:51Z,adservice,48655,48359,0,0
2026-09-12T19:26:51Z,cartservice,219593,219567,0,0
2026-09-12T19:26:51Z,checkoutservice,8217,8212,0,0
2026-09-12T19:26:51Z,currencyservice,333673,333621,0,0
2026-09-12T19:26:51Z,emailservice,8219,8219,0,0
2026-09-12T19:26:51Z,frontend,211590,210484,0,0
2026-09-12T19:26:51Z,paymentservice,8218,8218,0,0
2026-09-12T19:26:51Z,productcatalogservice,954266,954213,0,0
2026-09-12T19:26:51Z,recommendationservice,134071,134007,0,0
2026-09-12T19:26:51Z,redis-cart,0,0,0,0
2026-09-12T19:26:51Z,shippingservice,92956,92956,0,0
2026-09-12T19:26:52Z,adservice,48755,48459,0,0
2026-09-12T19:26:52Z,cartservice,219987,219961,0,0
2026-09-12T19:26:52Z,checkoutservice,8227,8222,0,0
2026-09-12T19:26:52Z,currencyservice,334276,334230,0,0
2026-09-12T19:26:52Z,emailservice,8229,8229,0,0
2026-09-12T19:26:52Z,frontend,211962,210879,0,0
2026-09-12T19:26:52Z,paymentservice,8226,8226,0,0
2026-09-12T19:26:52Z,productcatalogservice,955897,955844,0,0
2026-09-12T19:26:52Z,recommendationservice,134299,134264,0,0
2026-09-12T19:26:52Z,redis-cart,0,0,0,0
2026-09-12T19:26:52Z,shippingservice,93127,93127,0,0
2026-09-12T19:26:53Z,adservice,48855,48559,0,0
2026-09-12T19:26:53Z,cartservice,220389,220339,0,0
2026-09-12T19:26:53Z,checkoutservice,8238,8232,0,0
2026-09-12T19:26:53Z,currencyservice,334840,334794,0,0
2026-09-12T19:26:53Z,emailservice,8235,8235,0,0
2026-09-12T19:26:53Z,frontend,212376,211256,0,0
2026-09-12T19:26:53Z,paymentservice,8235,8235,0,0
2026-09-12T19:26:53Z,productcatalogservice,957614,957511,0,0
2026-09-12T19:26:53Z,recommendationservice,134497,134453,0,0
2026-09-12T19:26:53Z,redis-cart,0,0,0,0
2026-09-12T19:26:53Z,shippingservice,93245,93245,0,0
2026-09-12T19:26:54Z,adservice,48947,48651,0,0
2026-09-12T19:26:54Z,cartservice,220750,220721,0,0
2026-09-12T19:26:54Z,checkoutservice,8247,8242,0,0
2026-09-12T19:26:54Z,currencyservice,335372,335326,0,0
2026-09-12T19:26:54Z,emailservice,8243,8243,0,0
2026-09-12T19:26:54Z,frontend,212728,211629,0,0
2026-09-12T19:26:54Z,paymentservice,8243,8243,0,0
2026-09-12T19:26:54Z,productcatalogservice,959283,959230,0,0
2026-09-12T19:26:54Z,recommendationservice,134751,134725,0,0
2026-09-12T19:26:54Z,redis-cart,0,0,0,0
2026-09-12T19:26:54Z,shippingservice,93399,93399,0,0
2026-09-12T19:26:55Z,adservice,49045,48749,0,0
2026-09-12T19:26:55Z,cartservice,221155,221126,0,0
2026-09-12T19:26:55Z,checkoutservice,8257,8252,0,0
2026-09-12T19:26:55Z,currencyservice,336061,335993,0,0
2026-09-12T19:26:55Z,emailservice,8259,8259,0,0
2026-09-12T19:26:55Z,frontend,213116,211994,0,0
2026-09-12T19:26:55Z,paymentservice,8254,8254,0,0
2026-09-12T19:26:55Z,productcatalogservice,961018,960962,0,0
2026-09-12T19:26:55Z,recommendationservice,135011,134982,0,0
2026-09-12T19:26:55Z,redis-cart,0,0,0,0
2026-09-12T19:26:55Z,shippingservice,93567,93567,0,0
2026-09-12T19:26:56Z,adservice,49136,48840,0,0
2026-09-12T19:26:56Z,cartservice,221561,221535,0,0
2026-09-12T19:26:56Z,checkoutservice,8268,8262,0,0
2026-09-12T19:26:56Z,currencyservice,336632,336586,0,0
2026-09-12T19:26:56Z,emailservice,8272,8272,0,0
2026-09-12T19:26:56Z,frontend,213508,212395,0,0
2026-09-12T19:26:56Z,paymentservice,8272,8272,0,0
2026-09-12T19:26:56Z,productcatalogservice,962811,962757,0,0
2026-09-12T19:26:56Z,recommendationservice,135250,135227,0,0
2026-09-12T19:26:56Z,redis-cart,0,0,0,0
2026-09-12T19:26:56Z,shippingservice,93762,93762,0,0
2026-09-12T19:26:57Z,adservice,49218,48922,0,0
2026-09-12T19:26:57Z,cartservice,221947,221921,0,0
2026-09-12T19:26:57Z,checkoutservice,8284,8273,0,0
2026-09-12T19:26:57Z,currencyservice,337296,337250,0,0
2026-09-12T19:26:57Z,emailservice,8282,8282,0,0
2026-09-12T19:26:57Z,frontend,213907,212798,0,0
2026-09-12T19:26:57Z,paymentservice,8281,8281,0,0
2026-09-12T19:26:57Z,productcatalogservice,964602,964527,0,0
2026-09-12T19:26:57Z,recommendationservice,135513,135475,0,0
2026-09-12T19:26:57Z,redis-cart,0,0,0,0
2026-09-12T19:26:57Z,shippingservice,93924,93924,0,0
2026-09-12T19:26:58Z,adservice,49314,49018,0,0
2026-09-12T19:26:58Z,cartservice,222349,222323,0,0
2026-09-12T19:26:58Z,checkoutservice,8288,8283,0,0
2026-09-12T19:26:58Z,currencyservice,337919,337867,0,0
2026-09-12T19:26:58Z,emailservice,8292,8292,0,0
2026-09-12T19:26:58Z,frontend,214325,213217,0,0
2026-09-12T19:26:58Z,paymentservice,8290,8290,0,0
2026-09-12T19:26:58Z,productcatalogservice,966369,966171,0,0
2026-09-12T19:26:58Z,recommendationservice,135791,135724,0,0
2026-09-12T19:26:58Z,redis-cart,0,0,0,0
2026-09-12T19:26:58Z,shippingservice,94090,94090,0,0
2026-09-12T19:26:59Z,adservice,49402,49106,0,0
2026-09-12T19:26:59Z,cartservice,222743,222689,0,0
2026-09-12T19:26:59Z,checkoutservice,8298,8293,0,0
2026-09-12T19:26:59Z,currencyservice,338506,338460,0,0
2026-09-12T19:26:59Z,emailservice,8296,8296,0,0
2026-09-12T19:26:59Z,frontend,214661,213538,0,0
2026-09-12T19:26:59Z,paymentservice,8293,8293,0,0
2026-09-12T19:26:59Z,productcatalogservice,968174,968117,0,0
2026-09-12T19:26:59Z,recommendationservice,136021,135966,0,0
2026-09-12T19:26:59Z,redis-cart,0,0,0,0
2026-09-12T19:26:59Z,shippingservice,94243,94243,0,0
2026-09-12T19:27:00Z,adservice,49506,49210,0,0
2026-09-12T19:27:00Z,cartservice,223093,223067,0,0
2026-09-12T19:27:00Z,checkoutservice,8308,8303,0,0
2026-09-12T19:27:00Z,currencyservice,339158,339092,0,0
2026-09-12T19:27:00Z,emailservice,8312,8312,0,0
2026-09-12T19:27:00Z,frontend,215045,213934,0,0
2026-09-12T19:27:00Z,paymentservice,8303,8303,0,0
2026-09-12T19:27:00Z,productcatalogservice,969863,969810,0,0
2026-09-12T19:27:00Z,recommendationservice,136256,136204,0,0
2026-09-12T19:27:00Z,redis-cart,0,0,0,0
2026-09-12T19:27:00Z,shippingservice,94406,94406,0,0
2026-09-12T19:27:01Z,adservice,49594,49298,0,0
2026-09-12T19:27:01Z,cartservice,223509,223482,0,0
2026-09-12T19:27:01Z,checkoutservice,8317,8312,0,0
2026-09-12T19:27:01Z,currencyservice,339641,339595,0,0
2026-09-12T19:27:01Z,emailservice,8313,8313,0,0
2026-09-12T19:27:01Z,frontend,215439,214326,0,0
2026-09-12T19:27:01Z,paymentservice,8313,8313,0,0
2026-09-12T19:27:01Z,productcatalogservice,971565,971508,0,0
2026-09-12T19:27:01Z,recommendationservice,136469,136433,0,0
2026-09-12T19:27:01Z,redis-cart,0,0,0,0
2026-09-12T19:27:01Z,shippingservice,94541,94541,0,0
2026-09-12T19:27:02Z,adservice,49704,49408,0,0
2026-09-12T19:27:02Z,cartservice,223941,223914,0,0
2026-09-12T19:27:02Z,checkoutservice,8329,8323,0,0
2026-09-12T19:27:02Z,currencyservice,340353,340307,0,0
2026-09-12T19:27:02Z,emailservice,8332,8332,0,0
2026-09-12T19:27:02Z,frontend,215827,214737,0,0
2026-09-12T19:27:02Z,paymentservice,8331,8331,0,0
2026-09-12T19:27:02Z,productcatalogservice,973545,973486,0,0
2026-09-12T19:27:02Z,recommendationservice,136722,136699,0,0
2026-09-12T19:27:02Z,redis-cart,0,0,0,0
2026-09-12T19:27:02Z,shippingservice,94762,94762,0,0
2026-09-12T19:27:03Z,adservice,49804,49508,0,0
2026-09-12T19:27:03Z,cartservice,224356,224330,0,0
2026-09-12T19:27:03Z,checkoutservice,8338,8333,0,0
2026-09-12T19:27:03Z,currencyservice,340945,340899,0,0
2026-09-12T19:27:03Z,emailservice,8342,8342,0,0
2026-09-12T19:27:03Z,frontend,216229,215160,0,0
2026-09-12T19:27:03Z,paymentservice,8333,8333,0,0
2026-09-12T19:27:03Z,productcatalogservice,975372,975229,0,0
2026-09-12T19:27:03Z,recommendationservice,136966,136943,0,0
2026-09-12T19:27:03Z,redis-cart,0,0,0,0
2026-09-12T19:27:03Z,shippingservice,94919,94914,0,0
2026-09-12T19:27:04Z,adservice,49906,49610,0,0
2026-09-12T19:27:04Z,cartservice,224777,224751,0,0
2026-09-12T19:27:04Z,checkoutservice,8355,8343,0,0
2026-09-12T19:27:04Z,currencyservice,341598,341552,0,0
2026-09-12T19:27:04Z,emailservice,8352,8352,0,0
2026-09-12T19:27:04Z,frontend,216633,215594,0,0
2026-09-12T19:27:04Z,paymentservice,8350,8350,0,0
2026-09-12T19:27:04Z,productcatalogservice,977171,977099,0,0
2026-09-12T19:27:04Z,recommendationservice,137228,137203,0,0
2026-09-12T19:27:04Z,redis-cart,0,0,0,0
2026-09-12T19:27:04Z,shippingservice,95073,95073,0,0
2026-09-12T19:27:05Z,adservice,50006,49710,0,0
2026-09-12T19:27:05Z,cartservice,225173,225147,0,0
2026-09-12T19:27:05Z,checkoutservice,8363,8353,0,0
2026-09-12T19:27:05Z,currencyservice,342219,342173,0,0
2026-09-12T19:27:05Z,emailservice,8362,8362,0,0
2026-09-12T19:27:05Z,frontend,217074,215989,0,0
2026-09-12T19:27:05Z,paymentservice,8359,8359,0,0
2026-09-12T19:27:05Z,productcatalogservice,978922,978869,0,0
2026-09-12T19:27:05Z,recommendationservice,137501,137450,0,0
2026-09-12T19:27:05Z,redis-cart,0,0,0,0
2026-09-12T19:27:05Z,shippingservice,95265,95265,0,0
2026-09-12T19:27:06Z,adservice,50090,49784,0,0
2026-09-12T19:27:06Z,cartservice,225585,225559,0,0
2026-09-12T19:27:06Z,checkoutservice,8368,8363,0,0
2026-09-12T19:27:06Z,currencyservice,342799,342753,0,0
2026-09-12T19:27:06Z,emailservice,8363,8363,0,0
2026-09-12T19:27:06Z,frontend,217461,216372,0,0
2026-09-12T19:27:06Z,paymentservice,8363,8363,0,0
2026-09-12T19:27:06Z,productcatalogservice,980672,980543,0,0
2026-09-12T19:27:06Z,recommendationservice,137755,137718,0,0
2026-09-12T19:27:06Z,redis-cart,0,0,0,0
2026-09-12T19:27:06Z,shippingservice,95366,95366,0,0
2026-09-12T19:27:07Z,adservice,50204,49908,0,0
2026-09-12T19:27:07Z,cartservice,226001,225975,0,0
2026-09-12T19:27:07Z,checkoutservice,8384,8374,0,0
2026-09-12T19:27:07Z,currencyservice,343585,343539,0,0
2026-09-12T19:27:07Z,emailservice,8382,8382,0,0
2026-09-12T19:27:07Z,frontend,217862,216787,0,0
2026-09-12T19:27:07Z,paymentservice,8382,8382,0,0
2026-09-12T19:27:07Z,productcatalogservice,982674,982560,0,0
2026-09-12T19:27:07Z,recommendationservice,138023,137974,0,0
2026-09-12T19:27:07Z,redis-cart,0,0,0,0
2026-09-12T19:27:07Z,shippingservice,95603,95602,0,0
2026-09-12T19:27:08Z,adservice,50300,50004,0,0
2026-09-12T19:27:08Z,cartservice,226414,226388,0,0
2026-09-12T19:27:08Z,checkoutservice,8388,8383,0,0
2026-09-12T19:27:08Z,currencyservice,344197,344074,0,0
2026-09-12T19:27:08Z,emailservice,8392,8392,0,0
2026-09-12T19:27:08Z,frontend,218257,217214,0,0
2026-09-12T19:27:08Z,paymentservice,8388,8388,0,0
2026-09-12T19:27:08Z,productcatalogservice,984518,984465,0,0
2026-09-12T19:27:08Z,recommendationservice,138263,138240,0,0
2026-09-12T19:27:08Z,redis-cart,0,0,0,0
2026-09-12T19:27:08Z,shippingservice,95771,95771,0,0
2026-09-12T19:27:09Z,adservice,50404,50108,0,0
2026-09-12T19:27:09Z,cartservice,226835,226809,0,0
2026-09-12T19:27:09Z,checkoutservice,8398,8393,0,0
2026-09-12T19:27:09Z,currencyservice,344797,344751,0,0
2026-09-12T19:27:09Z,emailservice,8402,8402,0,0
2026-09-12T19:27:09Z,frontend,218654,217610,0,0
2026-09-12T19:27:09Z,paymentservice,8402,8402,0,0
2026-09-12T19:27:09Z,productcatalogservice,986270,986192,0,0
2026-09-12T19:27:09Z,recommendationservice,138523,138483,0,0
2026-09-12T19:27:09Z,redis-cart,0,0,0,0
2026-09-12T19:27:09Z,shippingservice,95927,95927,0,0
2026-09-12T19:27:10Z,adservice,50512,50216,0,0
2026-09-12T19:27:10Z,cartservice,227298,227238,0,0
2026-09-12T19:27:10Z,checkoutservice,8414,8408,0,0
2026-09-12T19:27:10Z,currencyservice,345520,345474,0,0
2026-09-12T19:27:10Z,emailservice,8412,8412,0,0
2026-09-12T19:27:10Z,frontend,219108,218067,0,0
2026-09-12T19:27:10Z,paymentservice,8412,8412,0,0
2026-09-12T19:27:10Z,productcatalogservice,988337,988278,0,0
2026-09-12T19:27:10Z,recommendationservice,138762,138734,0,0
2026-09-12T19:27:10Z,redis-cart,0,0,0,0
2026-09-12T19:27:10Z,shippingservice,96103,96103,0,0
2026-09-12T19:27:11Z,adservice,50613,50317,0,0
2026-09-12T19:27:11Z,cartservice,227721,227672,0,0
2026-09-12T19:27:11Z,checkoutservice,8427,8419,0,0
2026-09-12T19:27:11Z,currencyservice,346140,346094,0,0
2026-09-12T19:27:11Z,emailservice,8422,8422,0,0
2026-09-12T19:27:11Z,frontend,219515,218494,0,0
2026-09-12T19:27:11Z,paymentservice,8422,8422,0,0
2026-09-12T19:27:11Z,productcatalogservice,990076,989995,0,0
2026-09-12T19:27:11Z,recommendationservice,139052,139014,0,0
2026-09-12T19:27:11Z,redis-cart,0,0,0,0
2026-09-12T19:27:11Z,shippingservice,96284,96284,0,0
2026-09-12T19:27:12Z,adservice,50705,50409,0,0
2026-09-12T19:27:12Z,cartservice,228098,228072,0,0
2026-09-12T19:27:12Z,checkoutservice,8437,8432,0,0
2026-09-12T19:27:12Z,currencyservice,346760,346690,0,0
2026-09-12T19:27:12Z,emailservice,8432,8432,0,0
2026-09-12T19:27:12Z,frontend,219885,218859,0,0
2026-09-12T19:27:12Z,paymentservice,8432,8432,0,0
2026-09-12T19:27:12Z,productcatalogservice,991881,991828,0,0
2026-09-12T19:27:12Z,recommendationservice,139283,139256,0,0
2026-09-12T19:27:12Z,redis-cart,0,0,0,0
2026-09-12T19:27:12Z,shippingservice,96428,96428,0,0
2026-09-12T19:27:13Z,adservice,50799,50503,0,0
2026-09-12T19:27:13Z,cartservice,228518,228488,0,0
2026-09-12T19:27:13Z,checkoutservice,8438,8433,0,0
2026-09-12T19:27:13Z,currencyservice,347426,347340,0,0
2026-09-12T19:27:13Z,emailservice,8442,8442,0,0
2026-09-12T19:27:13Z,frontend,220285,219230,0,0
2026-09-12T19:27:13Z,paymentservice,8442,8442,0,0
2026-09-12T19:27:13Z,productcatalogservice,993732,993655,0,0
2026-09-12T19:27:13Z,recommendationservice,139546,139514,0,0
2026-09-12T19:27:13Z,redis-cart,0,0,0,0
2026-09-12T19:27:13Z,shippingservice,96588,96588,0,0
2026-09-12T19:27:14Z,adservice,50904,50608,0,0
2026-09-12T19:27:14Z,cartservice,228921,228895,0,0
2026-09-12T19:27:14Z,checkoutservice,8449,8443,0,0
2026-09-12T19:27:14Z,currencyservice,348108,348062,0,0
2026-09-12T19:27:14Z,emailservice,8452,8452,0,0
2026-09-12T19:27:14Z,frontend,220699,219652,0,0
2026-09-12T19:27:14Z,paymentservice,8449,8449,0,0
2026-09-12T19:27:14Z,productcatalogservice,995639,995511,0,0
2026-09-12T19:27:14Z,recommendationservice,139804,139774,0,0
2026-09-12T19:27:14Z,redis-cart,0,0,0,0
2026-09-12T19:27:14Z,shippingservice,96748,96748,0,0
2026-09-12T19:27:15Z,adservice,51004,50708,0,0
2026-09-12T19:27:15Z,cartservice,229354,229328,0,0
2026-09-12T19:27:15Z,checkoutservice,8463,8455,0,0
2026-09-12T19:27:15Z,currencyservice,348843,348797,0,0
2026-09-12T19:27:15Z,emailservice,8462,8462,0,0
2026-09-12T19:27:15Z,frontend,221091,220045,0,0
2026-09-12T19:27:15Z,paymentservice,8460,8460,0,0
2026-09-12T19:27:15Z,productcatalogservice,997520,997467,0,0
2026-09-12T19:27:15Z,recommendationservice,140079,140047,0,0
2026-09-12T19:27:15Z,redis-cart,0,0,0,0
2026-09-12T19:27:15Z,shippingservice,96931,96931,0,0
2026-09-12T19:27:16Z,adservice,51105,50809,0,0
2026-09-12T19:27:16Z,cartservice,229781,229752,0,0
2026-09-12T19:27:16Z,checkoutservice,8476,8464,0,0
2026-09-12T19:27:16Z,currencyservice,349526,349454,0,0
2026-09-12T19:27:16Z,emailservice,8472,8472,0,0
2026-09-12T19:27:16Z,frontend,221511,220475,0,0
2026-09-12T19:27:16Z,paymentservice,8472,8472,0,0
2026-09-12T19:27:16Z,productcatalogservice,999410,999357,0,0
2026-09-12T19:27:16Z,recommendationservice,140320,140283,0,0
2026-09-12T19:27:16Z,redis-cart,0,0,0,0
2026-09-12T19:27:16Z,shippingservice,97116,97116,0,0
2026-09-12T19:27:17Z,adservice,51212,50916,0,0
2026-09-12T19:27:17Z,cartservice,230169,230143,0,0
2026-09-12T19:27:17Z,checkoutservice,8483,8473,0,0
2026-09-12T19:27:17Z,currencyservice,350120,350074,0,0
2026-09-12T19:27:17Z,emailservice,8482,8482,0,0
2026-09-12T19:27:17Z,frontend,221909,220885,0,0
2026-09-12T19:27:17Z,paymentservice,8481,8481,0,0
2026-09-12T19:27:17Z,productcatalogservice,1001289,1001236,0,0
2026-09-12T19:27:17Z,recommendationservice,140570,140547,0,0
2026-09-12T19:27:17Z,redis-cart,0,0,0,0
2026-09-12T19:27:17Z,shippingservice,97286,97286,0,0
2026-09-12T19:27:18Z,adservice,51299,51003,0,0
2026-09-12T19:27:18Z,cartservice,230616,230590,0,0
2026-09-12T19:27:18Z,checkoutservice,8489,8483,0,0
2026-09-12T19:27:18Z,currencyservice,350725,350673,0,0
2026-09-12T19:27:18Z,emailservice,8492,8491,0,0
2026-09-12T19:27:18Z,frontend,222328,221267,0,0
2026-09-12T19:27:18Z,paymentservice,8484,8484,0,0
2026-09-12T19:27:18Z,productcatalogservice,1003029,1002976,0,0
2026-09-12T19:27:18Z,recommendationservice,140872,140823,0,0
2026-09-12T19:27:18Z,redis-cart,0,0,0,0
2026-09-12T19:27:18Z,shippingservice,97418,97418,0,0
2026-09-12T19:27:19Z,adservice,51404,51108,0,0
2026-09-12T19:27:19Z,cartservice,231002,230975,0,0
2026-09-12T19:27:19Z,checkoutservice,8498,8493,0,0
2026-09-12T19:27:19Z,currencyservice,351361,351297,0,0
2026-09-12T19:27:19Z,emailservice,8502,8502,0,0
2026-09-12T19:27:19Z,frontend,222722,221686,0,0
2026-09-12T19:27:19Z,paymentservice,8493,8493,0,0
2026-09-12T19:27:19Z,productcatalogservice,1004946,1004893,0,0
2026-09-12T19:27:19Z,recommendationservice,141091,141065,0,0
2026-09-12T19:27:19Z,redis-cart,0,0,0,0
2026-09-12T19:27:19Z,shippingservice,97585,97584,0,0
2026-09-12T19:27:20Z,adservice,51504,51208,0,0
2026-09-12T19:27:20Z,cartservice,231455,231428,0,0
2026-09-12T19:27:20Z,checkoutservice,8516,8510,0,0
2026-09-12T19:27:20Z,currencyservice,352069,352023,0,0
2026-09-12T19:27:20Z,emailservice,8512,8512,0,0
2026-09-12T19:27:20Z,frontend,223171,222127,0,0
2026-09-12T19:27:20Z,paymentservice,8511,8511,0,0
2026-09-12T19:27:20Z,productcatalogservice,1006796,1006743,0,0
2026-09-12T19:27:20Z,recommendationservice,141384,141345,0,0
2026-09-12T19:27:20Z,redis-cart,0,0,0,0
2026-09-12T19:27:20Z,shippingservice,97763,97763,0,0
2026-09-12T19:27:21Z,adservice,51601,51305,0,0
2026-09-12T19:27:21Z,cartservice,231851,231825,0,0
2026-09-12T19:27:21Z,checkoutservice,8523,8516,0,0
2026-09-12T19:27:21Z,currencyservice,352767,352721,0,0
2026-09-12T19:27:21Z,emailservice,8522,8522,0,0
2026-09-12T19:27:21Z,frontend,223562,222528,0,0
2026-09-12T19:27:21Z,paymentservice,8522,8522,0,0
2026-09-12T19:27:21Z,productcatalogservice,1008781,1008728,0,0
2026-09-12T19:27:21Z,recommendationservice,141645,141618,0,0
2026-09-12T19:27:21Z,redis-cart,0,0,0,0
2026-09-12T19:27:21Z,shippingservice,97955,97955,0,0
2026-09-12T19:27:22Z,adservice,51704,51408,0,0
2026-09-12T19:27:22Z,cartservice,232257,232231,0,0
2026-09-12T19:27:22Z,checkoutservice,8535,8529,0,0
2026-09-12T19:27:22Z,currencyservice,353324,353278,0,0
2026-09-12T19:27:22Z,emailservice,8532,8532,0,0
2026-09-12T19:27:22Z,frontend,223960,222930,0,0
2026-09-12T19:27:22Z,paymentservice,8532,8532,0,0
2026-09-12T19:27:22Z,productcatalogservice,1010481,1010426,0,0
2026-09-12T19:27:22Z,recommendationservice,141876,141839,0,0
2026-09-12T19:27:22Z,redis-cart,0,0,0,0
2026-09-12T19:27:22Z,shippingservice,98122,98122,0,0
2026-09-12T19:27:23Z,adservice,51814,51518,0,0
2026-09-12T19:27:23Z,cartservice,232718,232692,0,0
2026-09-12T19:27:23Z,checkoutservice,8547,8540,0,0
2026-09-12T19:27:23Z,currencyservice,354006,353960,0,0
2026-09-12T19:27:23Z,emailservice,8542,8542,0,0
2026-09-12T19:27:23Z,frontend,224394,223376,0,0
2026-09-12T19:27:23Z,paymentservice,8542,8542,0,0
2026-09-12T19:27:23Z,productcatalogservice,1012494,1012398,0,0
2026-09-12T19:27:23Z,recommendationservice,142149,142112,0,0
2026-09-12T19:27:23Z,redis-cart,0,0,0,0
2026-09-12T19:27:23Z,shippingservice,98302,98302,0,0
2026-09-12T19:27:24Z,adservice,51904,51608,0,0
2026-09-12T19:27:24Z,cartservice,233091,233065,0,0
2026-09-12T19:27:24Z,checkoutservice,8551,8543,0,0
2026-09-12T19:27:24Z,currencyservice,354619,354544,0,0
2026-09-12T19:27:24Z,emailservice,8552,8552,0,0
2026-09-12T19:27:24Z,frontend,224751,223717,0,0
2026-09-12T19:27:24Z,paymentservice,8551,8551,0,0
2026-09-12T19:27:24Z,productcatalogservice,1014178,1014105,0,0
2026-09-12T19:27:24Z,recommendationservice,142392,142363,0,0
2026-09-12T19:27:24Z,redis-cart,0,0,0,0
2026-09-12T19:27:24Z,shippingservice,98443,98443,0,0
2026-09-12T19:27:25Z,adservice,52004,51708,0,0
2026-09-12T19:27:25Z,cartservice,233513,233487,0,0
2026-09-12T19:27:25Z,checkoutservice,8561,8553,0,0
2026-09-12T19:27:25Z,currencyservice,355303,355257,0,0
2026-09-12T19:27:25Z,emailservice,8562,8562,0,0
2026-09-12T19:27:25Z,frontend,225178,224117,0,0
2026-09-12T19:27:25Z,paymentservice,8562,8562,0,0
2026-09-12T19:27:25Z,productcatalogservice,1016117,1016064,0,0
2026-09-12T19:27:25Z,recommendationservice,142654,142617,0,0
2026-09-12T19:27:25Z,redis-cart,0,0,0,0
2026-09-12T19:27:25Z,shippingservice,98636,98636,0,0
2026-09-12T19:27:26Z,adservice,52105,51809,0,0
2026-09-12T19:27:26Z,cartservice,233922,233896,0,0
2026-09-12T19:27:26Z,checkoutservice,8568,8563,0,0
2026-09-12T19:27:26Z,currencyservice,355930,355883,0,0
2026-09-12T19:27:26Z,emailservice,8572,8572,0,0
2026-09-12T19:27:26Z,frontend,225579,224524,0,0
2026-09-12T19:27:26Z,paymentservice,8565,8565,0,0
2026-09-12T19:27:26Z,productcatalogservice,1017949,1017891,0,0
2026-09-12T19:27:26Z,recommendationservice,142927,142895,0,0
2026-09-12T19:27:26Z,redis-cart,0,0,0,0
2026-09-12T19:27:26Z,shippingservice,98779,98779,0,0
2026-09-12T19:27:27Z,adservice,52207,51911,0,0
2026-09-12T19:27:27Z,cartservice,234368,234340,0,0
2026-09-12T19:27:27Z,checkoutservice,8587,8582,0,0
2026-09-12T19:27:27Z,currencyservice,356677,356625,0,0
2026-09-12T19:27:27Z,emailservice,8582,8582,0,0
2026-09-12T19:27:27Z,frontend,225996,224962,0,0
2026-09-12T19:27:27Z,paymentservice,8582,8582,0,0
2026-09-12T19:27:27Z,productcatalogservice,1019872,1019783,0,0
2026-09-12T19:27:27Z,recommendationservice,143166,143143,0,0
2026-09-12T19:27:27Z,redis-cart,0,0,0,0
2026-09-12T19:27:27Z,shippingservice,98979,98979,0,0
2026-09-12T19:27:28Z,adservice,52307,52011,0,0
2026-09-12T19:27:28Z,cartservice,234801,234774,0,0
2026-09-12T19:27:28Z,checkoutservice,8597,8592,0,0
2026-09-12T19:27:28Z,currencyservice,357361,357315,0,0
2026-09-12T19:27:28Z,emailservice,8592,8592,0,0
2026-09-12T19:27:28Z,frontend,226427,225426,0,0
2026-09-12T19:27:28Z,paymentservice,8592,8592,0,0
2026-09-12T19:27:28Z,productcatalogservice,1021757,1021662,0,0
2026-09-12T19:27:28Z,recommendationservice,143457,143415,0,0
2026-09-12T19:27:28Z,redis-cart,0,0,0,0
2026-09-12T19:27:28Z,shippingservice,99139,99139,0,0
2026-09-12T19:27:29Z,adservice,52407,52111,0,0
2026-09-12T19:27:29Z,cartservice,235218,235187,0,0
2026-09-12T19:27:29Z,checkoutservice,8602,8597,0,0
2026-09-12T19:27:29Z,currencyservice,357988,357942,0,0
2026-09-12T19:27:29Z,emailservice,8602,8602,0,0
2026-09-12T19:27:29Z,frontend,226833,225804,0,0
2026-09-12T19:27:29Z,paymentservice,8602,8602,0,0
2026-09-12T19:27:29Z,productcatalogservice,1023584,1023531,0,0
2026-09-12T19:27:29Z,recommendationservice,143695,143672,0,0
2026-09-12T19:27:29Z,redis-cart,0,0,0,0
2026-09-12T19:27:29Z,shippingservice,99299,99299,0,0
2026-09-12T19:27:30Z,adservice,52504,52208,0,0
2026-09-12T19:27:30Z,cartservice,235620,235594,0,0
2026-09-12T19:27:30Z,checkoutservice,8616,8604,0,0
2026-09-12T19:27:30Z,currencyservice,358684,358638,0,0
2026-09-12T19:27:30Z,emailservice,8612,8612,0,0
2026-09-12T19:27:30Z,frontend,227278,226247,0,0
2026-09-12T19:27:30Z,paymentservice,8612,8612,0,0
2026-09-12T19:27:30Z,productcatalogservice,1025493,1025436,0,0
2026-09-12T19:27:30Z,recommendationservice,143972,143926,0,0
2026-09-12T19:27:30Z,redis-cart,0,0,0,0
2026-09-12T19:27:30Z,shippingservice,99485,99485,0,0
2026-09-12T19:27:31Z,adservice,52599,52303,0,0
2026-09-12T19:27:31Z,cartservice,236010,235984,0,0
2026-09-12T19:27:31Z,checkoutservice,8618,8613,0,0
2026-09-12T19:27:31Z,currencyservice,359269,359223,0,0
2026-09-12T19:27:31Z,emailservice,8622,8622,0,0
2026-09-12T19:27:31Z,frontend,227630,226588,0,0
2026-09-12T19:27:31Z,paymentservice,8619,8619,0,0
2026-09-12T19:27:31Z,productcatalogservice,1027309,1027255,0,0
2026-09-12T19:27:31Z,recommendationservice,144244,144205,0,0
2026-09-12T19:27:31Z,redis-cart,0,0,0,0
2026-09-12T19:27:31Z,shippingservice,99612,99612,0,0
2026-09-12T19:27:32Z,adservice,52705,52409,0,0
2026-09-12T19:27:32Z,cartservice,236468,236442,0,0
2026-09-12T19:27:32Z,checkoutservice,8633,8623,0,0
2026-09-12T19:27:32Z,currencyservice,359963,359917,0,0
2026-09-12T19:27:32Z,emailservice,8632,8632,0,0
2026-09-12T19:27:32Z,frontend,228045,227011,0,0
2026-09-12T19:27:32Z,paymentservice,8628,8628,0,0
2026-09-12T19:27:32Z,productcatalogservice,1029200,1029147,0,0
2026-09-12T19:27:32Z,recommendationservice,144508,144467,0,0
2026-09-12T19:27:32Z,redis-cart,0,0,0,0
2026-09-12T19:27:32Z,shippingservice,99813,99813,0,0
2026-09-12T19:27:33Z,adservice,52813,52517,0,0
2026-09-12T19:27:33Z,cartservice,236870,236841,0,0
2026-09-12T19:27:33Z,checkoutservice,8647,8633,0,0
2026-09-12T19:27:33Z,currencyservice,360602,360556,0,0
2026-09-12T19:27:33Z,emailservice,8642,8642,0,0
2026-09-12T19:27:33Z,frontend,228456,227445,0,0
2026-09-12T19:27:33Z,paymentservice,8642,8642,0,0
2026-09-12T19:27:33Z,productcatalogservice,1031014,1030954,0,0
2026-09-12T19:27:33Z,recommendationservice,144731,144708,0,0
2026-09-12T19:27:33Z,redis-cart,0,0,0,0
2026-09-12T19:27:33Z,shippingservice,100008,100008,0,0
2026-09-12T19:27:34Z,adservice,52899,52603,0,0
2026-09-12T19:27:34Z,cartservice,237282,237251,0,0
2026-09-12T19:27:34Z,checkoutservice,8655,8643,0,0
2026-09-12T19:27:34Z,currencyservice,361162,361116,0,0
2026-09-12T19:27:34Z,emailservice,8652,8652,0,0
2026-09-12T19:27:34Z,frontend,228856,227817,0,0
2026-09-12T19:27:34Z,paymentservice,8650,8650,0,0
2026-09-12T19:27:34Z,productcatalogservice,1032824,1032759,0,0
2026-09-12T19:27:34Z,recommendationservice,144979,144956,0,0
2026-09-12T19:27:34Z,redis-cart,0,0,0,0
2026-09-12T19:27:34Z,shippingservice,100148,100148,0,0
2026-09-12T19:27:35Z,adservice,53012,52716,0,0
2026-09-12T19:27:35Z,cartservice,237698,237672,0,0
2026-09-12T19:27:35Z,checkoutservice,8664,8658,0,0
2026-09-12T19:27:35Z,currencyservice,361873,361827,0,0
2026-09-12T19:27:35Z,emailservice,8662,8662,0,0
2026-09-12T19:27:35Z,frontend,229288,228255,0,0
2026-09-12T19:27:35Z,paymentservice,8662,8662,0,0
2026-09-12T19:27:35Z,productcatalogservice,1034678,1034625,0,0
2026-09-12T19:27:35Z,recommendationservice,145263,145224,0,0
2026-09-12T19:27:35Z,redis-cart,0,0,0,0
2026-09-12T19:27:35Z,shippingservice,100319,100319,0,0
2026-09-12T19:27:36Z,adservice,53100,52804,0,0
2026-09-12T19:27:36Z,cartservice,238114,238078,0,0
2026-09-12T19:27:36Z,checkoutservice,8668,8663,0,0
2026-09-12T19:27:36Z,currencyservice,362444,362385,0,0
2026-09-12T19:27:36Z,emailservice,8672,8672,0,0
2026-09-12T19:27:36Z,frontend,229661,228624,0,0
2026-09-12T19:27:36Z,paymentservice,8669,8669,0,0
2026-09-12T19:27:36Z,productcatalogservice,1036344,1036291,0,0
2026-09-12T19:27:36Z,recommendationservice,145468,145429,0,0
2026-09-12T19:27:36Z,redis-cart,0,0,0,0
2026-09-12T19:27:36Z,shippingservice,100460,100460,0,0
2026-09-12T19:27:37Z,adservice,53204,52908,0,0
2026-09-12T19:27:37Z,cartservice,238531,238505,0,0
2026-09-12T19:27:37Z,checkoutservice,8682,8673,0,0
2026-09-12T19:27:37Z,currencyservice,363031,362985,0,0
2026-09-12T19:27:37Z,emailservice,8682,8682,0,0
2026-09-12T19:27:37Z,frontend,230084,229057,0,0
2026-09-12T19:27:37Z,paymentservice,8682,8682,0,0
2026-09-12T19:27:37Z,productcatalogservice,1038244,1038191,0,0
2026-09-12T19:27:37Z,recommendationservice,145725,145702,0,0
2026-09-12T19:27:37Z,redis-cart,0,0,0,0
2026-09-12T19:27:37Z,shippingservice,100625,100625,0,0
2026-09-12T19:27:38Z,adservice,53305,53009,0,0
2026-09-12T19:27:38Z,cartservice,238965,238936,0,0
2026-09-12T19:27:38Z,checkoutservice,8691,8684,0,0
2026-09-12T19:27:38Z,currencyservice,363733,363687,0,0
2026-09-12T19:27:38Z,emailservice,8692,8692,0,0
2026-09-12T19:27:38Z,frontend,230484,229447,0,0
2026-09-12T19:27:38Z,paymentservice,8692,8692,0,0
2026-09-12T19:27:38Z,productcatalogservice,1040020,1039967,0,0
2026-09-12T19:27:38Z,recommendationservice,146010,145968,0,0
2026-09-12T19:27:38Z,redis-cart,0,0,0,0
2026-09-12T19:27:38Z,shippingservice,100785,100785,0,0
2026-09-12T19:27:39Z,adservice,53405,53109,0,0
2026-09-12T19:27:39Z,cartservice,239405,239379,0,0
2026-09-12T19:27:39Z,checkoutservice,8701,8694,0,0
2026-09-12T19:27:39Z,currencyservice,364364,364297,0,0
2026-09-12T19:27:39Z,emailservice,8702,8702,0,0
2026-09-12T19:27:39Z,frontend,230924,229880,0,0
2026-09-12T19:27:39Z,paymentservice,8698,8697,0,0
2026-09-12T19:27:39Z,productcatalogservice,1041956,1041769,0,0
2026-09-12T19:27:39Z,recommendationservice,146264,146241,0,0
2026-09-12T19:27:39Z,redis-cart,0,0,0,0
2026-09-12T19:27:39Z,shippingservice,100946,100946,0,0
2026-09-12T19:27:40Z,adservice,53504,53208,0,0
2026-09-12T19:27:40Z,cartservice,239798,239772,0,0
2026-09-12T19:27:40Z,checkoutservice,8712,8703,0,0
2026-09-12T19:27:40Z,currencyservice,365040,364994,0,0
2026-09-12T19:27:40Z,emailservice,8712,8712,0,0
2026-09-12T19:27:40Z,frontend,231301,230239,0,0
2026-09-12T19:27:40Z,paymentservice,8712,8712,0,0
2026-09-12T19:27:40Z,productcatalogservice,1043814,1043696,0,0
2026-09-12T19:27:40Z,recommendationservice,146518,146478,0,0
2026-09-12T19:27:40Z,redis-cart,0,0,0,0
2026-09-12T19:27:40Z,shippingservice,101131,101131,0,0
2026-09-12T19:27:41Z,adservice,53603,53307,0,0
2026-09-12T19:27:41Z,cartservice,240239,240196,0,0
2026-09-12T19:27:41Z,checkoutservice,8726,8718,0,0
2026-09-12T19:27:41Z,currencyservice,365720,365655,0,0
2026-09-12T19:27:41Z,emailservice,8722,8722,0,0
2026-09-12T19:27:41Z,frontend,231731,230698,0,0
2026-09-12T19:27:41Z,paymentservice,8722,8722,0,0
2026-09-12T19:27:41Z,productcatalogservice,1045657,1045560,0,0
2026-09-12T19:27:41Z,recommendationservice,146791,146737,0,0
2026-09-12T19:27:41Z,redis-cart,0,0,0,0
2026-09-12T19:27:41Z,shippingservice,101283,101283,0,0
2026-09-12T19:27:42Z,adservice,53704,53408,0,0
2026-09-12T19:27:42Z,cartservice,240610,240583,0,0
2026-09-12T19:27:42Z,checkoutservice,8728,8723,0,0
2026-09-12T19:27:42Z,currencyservice,366335,366289,0,0
2026-09-12T19:27:42Z,emailservice,8732,8732,0,0
2026-09-12T19:27:42Z,frontend,232118,231094,0,0
2026-09-12T19:27:42Z,paymentservice,8731,8731,0,0
2026-09-12T19:27:42Z,productcatalogservice,1047540,1047487,0,0
2026-09-12T19:27:42Z,recommendationservice,147023,147000,0,0
2026-09-12T19:27:42Z,redis-cart,0,0,0,0
2026-09-12T19:27:42Z,shippingservice,101470,101470,0,0
2026-09-12T19:27:43Z,adservice,53804,53508,0,0
2026-09-12T19:27:43Z,cartservice,241069,241014,0,0
2026-09-12T19:27:43Z,checkoutservice,8743,8738,0,0
2026-09-12T19:27:43Z,currencyservice,367024,366972,0,0
2026-09-12T19:27:43Z,emailservice,8742,8742,0,0
2026-09-12T19:27:43Z,frontend,232543,231515,0,0
2026-09-12T19:27:43Z,paymentservice,8742,8742,0,0
2026-09-12T19:27:43Z,productcatalogservice,1049357,1049252,0,0
2026-09-12T19:27:43Z,recommendationservice,147279,147256,0,0
2026-09-12T19:27:43Z,redis-cart,0,0,0,0
2026-09-12T19:27:43Z,shippingservice,101635,101635,0,0
2026-09-12T19:27:44Z,adservice,53904,53608,0,0
2026-09-12T19:27:44Z,cartservice,241457,241431,0,0
2026-09-12T19:27:44Z,checkoutservice,8754,8745,0,0
2026-09-12T19:27:44Z,currencyservice,367660,367614,0,0
2026-09-12T19:27:44Z,emailservice,8752,8752,0,0
2026-09-12T19:27:44Z,frontend,232940,231879,0,0
2026-09-12T19:27:44Z,paymentservice,8752,8752,0,0
2026-09-12T19:27:44Z,productcatalogservice,1051305,1051250,0,0
2026-09-12T19:27:44Z,recommendationservice,147550,147513,0,0
2026-09-12T19:27:44Z,redis-cart,0,0,0,0
2026-09-12T19:27:44Z,shippingservice,101800,101800,0,0
2026-09-12T19:27:45Z,adservice,54012,53716,0,0
2026-09-12T19:27:45Z,cartservice,241896,241870,0,0
2026-09-12T19:27:45Z,checkoutservice,8764,8757,0,0
2026-09-12T19:27:45Z,currencyservice,368308,368262,0,0
2026-09-12T19:27:45Z,emailservice,8762,8762,0,0
2026-09-12T19:27:45Z,frontend,233358,232321,0,0
2026-09-12T19:27:45Z,paymentservice,8762,8762,0,0
2026-09-12T19:27:45Z,productcatalogservice,1053188,1053090,0,0
2026-09-12T19:27:45Z,recommendationservice,147796,147773,0,0
2026-09-12T19:27:45Z,redis-cart,0,0,0,0
2026-09-12T19:27:45Z,shippingservice,101976,101976,0,0
2026-09-12T19:27:46Z,adservice,54103,53807,0,0
2026-09-12T19:27:46Z,cartservice,242313,242287,0,0
2026-09-12T19:27:46Z,checkoutservice,8774,8764,0,0
2026-09-12T19:27:46Z,currencyservice,368964,368918,0,0
2026-09-12T19:27:46Z,emailservice,8772,8772,0,0
2026-09-12T19:27:46Z,frontend,233754,232696,0,0
2026-09-12T19:27:46Z,paymentservice,8769,8769,0,0
2026-09-12T19:27:46Z,productcatalogservice,1055032,1054841,0,0
2026-09-12T19:27:46Z,recommendationservice,148088,148036,0,0
2026-09-12T19:27:46Z,redis-cart,0,0,0,0
2026-09-12T19:27:46Z,shippingservice,102112,102112,0,0
2026-09-12T19:27:47Z,adservice,54204,53908,0,0
2026-09-12T19:27:47Z,cartservice,242720,242694,0,0
2026-09-12T19:27:47Z,checkoutservice,8779,8774,0,0
2026-09-12T19:27:47Z,currencyservice,369609,369563,0,0
2026-09-12T19:27:47Z,emailservice,8782,8782,0,0
2026-09-12T19:27:47Z,frontend,234163,233111,0,0
2026-09-12T19:27:47Z,paymentservice,8782,8782,0,0
2026-09-12T19:27:47Z,productcatalogservice,1056826,1056767,0,0
2026-09-12T19:27:47Z,recommendationservice,148323,148299,0,0
2026-09-12T19:27:47Z,redis-cart,0,0,0,0
2026-09-12T19:27:47Z,shippingservice,102304,102303,0,0
2026-09-12T19:27:48Z,adservice,54300,54004,0,0
2026-09-12T19:27:48Z,cartservice,243179,243141,0,0
2026-09-12T19:27:48Z,checkoutservice,8797,8789,0,0
2026-09-12T19:27:48Z,currencyservice,370312,370237,0,0
2026-09-12T19:27:48Z,emailservice,8792,8792,0,0
2026-09-12T19:27:48Z,frontend,234572,233556,0,0
2026-09-12T19:27:48Z,paymentservice,8792,8792,0,0
2026-09-12T19:27:48Z,productcatalogservice,1058702,1058649,0,0
2026-09-12T19:27:48Z,recommendationservice,148583,148545,0,0
2026-09-12T19:27:48Z,redis-cart,0,0,0,0
2026-09-12T19:27:48Z,shippingservice,102478,102478,0,0
2026-09-12T19:27:49Z,adservice,54414,54118,0,0
2026-09-12T19:27:49Z,cartservice,243599,243573,0,0
2026-09-12T19:27:49Z,checkoutservice,8806,8796,0,0
2026-09-12T19:27:49Z,currencyservice,370921,370875,0,0
2026-09-12T19:27:49Z,emailservice,8802,8802,0,0
2026-09-12T19:27:49Z,frontend,234986,233988,0,0
2026-09-12T19:27:49Z,paymentservice,8802,8802,0,0
2026-09-12T19:27:49Z,productcatalogservice,1060572,1060510,0,0
2026-09-12T19:27:49Z,recommendationservice,148847,148824,0,0
2026-09-12T19:27:49Z,redis-cart,0,0,0,0
2026-09-12T19:27:49Z,shippingservice,102648,102648,0,0
2026-09-12T19:27:50Z,adservice,54504,54208,0,0
2026-09-12T19:27:50Z,cartservice,244007,243981,0,0
2026-09-12T19:27:50Z,checkoutservice,8817,8812,0,0
2026-09-12T19:27:50Z,currencyservice,371596,371518,0,0
2026-09-12T19:27:50Z,emailservice,8812,8812,0,0
2026-09-12T19:27:50Z,frontend,235404,234400,0,0
2026-09-12T19:27:50Z,paymentservice,8812,8812,0,0
2026-09-12T19:27:50Z,productcatalogservice,1062379,1062326,0,0
2026-09-12T19:27:50Z,recommendationservice,149102,149070,0,0
2026-09-12T19:27:50Z,redis-cart,0,0,0,0
2026-09-12T19:27:50Z,shippingservice,102817,102817,0,0
2026-09-12T19:27:51Z,adservice,54611,54315,0,0
2026-09-12T19:27:51Z,cartservice,244431,244397,0,0
2026-09-12T19:27:51Z,checkoutservice,8825,8817,0,0
2026-09-12T19:27:51Z,currencyservice,372191,372126,0,0
2026-09-12T19:27:51Z,emailservice,8822,8822,0,0
2026-09-12T19:27:51Z,frontend,235813,234780,0,0
2026-09-12T19:27:51Z,paymentservice,8822,8822,0,0
2026-09-12T19:27:51Z,productcatalogservice,1064218,1064127,0,0
2026-09-12T19:27:51Z,recommendationservice,149363,149332,0,0
2026-09-12T19:27:51Z,redis-cart,0,0,0,0
2026-09-12T19:27:51Z,shippingservice,102988,102988,0,0
2026-09-12T19:27:52Z,adservice,54707,54411,0,0
2026-09-12T19:27:52Z,cartservice,244850,244813,0,0
2026-09-12T19:27:52Z,checkoutservice,8834,8823,0,0
2026-09-12T19:27:52Z,currencyservice,372808,372762,0,0
2026-09-12T19:27:52Z,emailservice,8832,8832,0,0
2026-09-12T19:27:52Z,frontend,236207,235175,0,0
2026-09-12T19:27:52Z,paymentservice,8832,8832,0,0
2026-09-12T19:27:52Z,productcatalogservice,1066070,1065899,0,0
2026-09-12T19:27:52Z,recommendationservice,149621,149593,0,0
2026-09-12T19:27:52Z,redis-cart,0,0,0,0
2026-09-12T19:27:52Z,shippingservice,103158,103151,0,0
2026-09-12T19:27:53Z,adservice,54804,54508,0,0
2026-09-12T19:27:53Z,cartservice,245209,245183,0,0
2026-09-12T19:27:53Z,checkoutservice,8839,8833,0,0
2026-09-12T19:27:53Z,currencyservice,373453,373389,0,0
2026-09-12T19:27:53Z,emailservice,8842,8842,0,0
2026-09-12T19:27:53Z,frontend,236618,235583,0,0
2026-09-12T19:27:53Z,paymentservice,8834,8834,0,0
2026-09-12T19:27:53Z,productcatalogservice,1067804,1067751,0,0
2026-09-12T19:27:53Z,recommendationservice,149874,149829,0,0
2026-09-12T19:27:53Z,redis-cart,0,0,0,0
2026-09-12T19:27:53Z,shippingservice,103269,103269,0,0
2026-09-12T19:27:54Z,adservice,54890,54594,0,0
2026-09-12T19:27:54Z,cartservice,245636,245598,0,0
2026-09-12T19:27:54Z,checkoutservice,8848,8843,0,0
2026-09-12T19:27:54Z,currencyservice,374029,373983,0,0
2026-09-12T19:27:54Z,emailservice,8845,8845,0,0
2026-09-12T19:27:54Z,frontend,237020,235937,0,0
2026-09-12T19:27:54Z,paymentservice,8843,8843,0,0
2026-09-12T19:27:54Z,productcatalogservice,1069579,1069517,0,0
2026-09-12T19:27:54Z,recommendationservice,150144,150083,0,0
2026-09-12T19:27:54Z,redis-cart,0,0,0,0
2026-09-12T19:27:54Z,shippingservice,103436,103436,0,0
2026-09-12T19:27:55Z,adservice,54999,54703,0,0
2026-09-12T19:27:55Z,cartservice,246080,246036,0,0
2026-09-12T19:27:55Z,checkoutservice,8858,8853,0,0
2026-09-12T19:27:55Z,currencyservice,374729,374644,0,0
2026-09-12T19:27:55Z,emailservice,8862,8862,0,0
2026-09-12T19:27:55Z,frontend,237421,236341,0,0
2026-09-12T19:27:55Z,paymentservice,8853,8853,0,0
2026-09-12T19:27:55Z,productcatalogservice,1071510,1071441,0,0
2026-09-12T19:27:55Z,recommendationservice,150415,150354,0,0
2026-09-12T19:27:55Z,redis-cart,0,0,0,0
2026-09-12T19:27:55Z,shippingservice,103622,103619,0,0
2026-09-12T19:27:56Z,adservice,55104,54808,0,0
2026-09-12T19:27:56Z,cartservice,246488,246462,0,0
2026-09-12T19:27:56Z,checkoutservice,8868,8863,0,0
2026-09-12T19:27:56Z,currencyservice,375455,375409,0,0
2026-09-12T19:27:56Z,emailservice,8872,8872,0,0
2026-09-12T19:27:56Z,frontend,237826,236782,0,0
2026-09-12T19:27:56Z,paymentservice,8866,8866,0,0
2026-09-12T19:27:56Z,productcatalogservice,1073462,1073399,0,0
2026-09-12T19:27:56Z,recommendationservice,150657,150606,0,0
2026-09-12T19:27:56Z,redis-cart,0,0,0,0
2026-09-12T19:27:56Z,shippingservice,103815,103814,0,0
2026-09-12T19:27:57Z,adservice,55196,54900,0,0
2026-09-12T19:27:57Z,cartservice,246881,246854,0,0
2026-09-12T19:27:57Z,checkoutservice,8880,8875,0,0
2026-09-12T19:27:57Z,currencyservice,376107,376039,0,0
2026-09-12T19:27:57Z,emailservice,8882,8882,0,0
2026-09-12T19:27:57Z,frontend,238228,237165,0,0
2026-09-12T19:27:57Z,paymentservice,8882,8882,0,0
2026-09-12T19:27:57Z,productcatalogservice,1075390,1075337,0,0
2026-09-12T19:27:57Z,recommendationservice,150935,150887,0,0
2026-09-12T19:27:57Z,redis-cart,0,0,0,0
2026-09-12T19:27:57Z,shippingservice,103981,103981,0,0
2026-09-12T19:27:58Z,adservice,55304,55008,0,0
2026-09-12T19:27:58Z,cartservice,247313,247286,0,0
2026-09-12T19:27:58Z,checkoutservice,8890,8883,0,0
2026-09-12T19:27:58Z,currencyservice,376841,376793,0,0
2026-09-12T19:27:58Z,emailservice,8892,8892,0,0
2026-09-12T19:27:58Z,frontend,238639,237592,0,0
2026-09-12T19:27:58Z,paymentservice,8892,8892,0,0
2026-09-12T19:27:58Z,productcatalogservice,1077390,1077305,0,0
2026-09-12T19:27:58Z,recommendationservice,151165,151142,0,0
2026-09-12T19:27:58Z,redis-cart,0,0,0,0
2026-09-12T19:27:58Z,shippingservice,104177,104177,0,0
2026-09-12T19:27:59Z,adservice,55405,55109,0,0
2026-09-12T19:27:59Z,cartservice,247710,247684,0,0
2026-09-12T19:27:59Z,checkoutservice,8903,8895,0,0
2026-09-12T19:27:59Z,currencyservice,377364,377318,0,0
2026-09-12T19:27:59Z,emailservice,8902,8902,0,0
2026-09-12T19:27:59Z,frontend,239037,237991,0,0
2026-09-12T19:27:59Z,paymentservice,8898,8898,0,0
2026-09-12T19:27:59Z,productcatalogservice,1079118,1079065,0,0
2026-09-12T19:27:59Z,recommendationservice,151416,151374,0,0
2026-09-12T19:27:59Z,redis-cart,0,0,0,0
2026-09-12T19:27:59Z,shippingservice,104327,104327,0,0
2026-09-12T19:28:00Z,adservice,55504,55208,0,0
2026-09-12T19:28:00Z,cartservice,248152,248117,0,0
2026-09-12T19:28:00Z,checkoutservice,8917,8911,0,0
2026-09-12T19:28:00Z,currencyservice,378062,378016,0,0
2026-09-12T19:28:00Z,emailservice,8912,8912,0,0
2026-09-12T19:28:00Z,frontend,239445,238391,0,0
2026-09-12T19:28:00Z,paymentservice,8912,8912,0,0
2026-09-12T19:28:00Z,productcatalogservice,1081029,1080965,0,0
2026-09-12T19:28:00Z,recommendationservice,151693,151634,0,0
2026-09-12T19:28:00Z,redis-cart,0,0,0,0
2026-09-12T19:28:00Z,shippingservice,104505,104505,0,0
2026-09-12T19:28:01Z,adservice,55604,55308,0,0
2026-09-12T19:28:01Z,cartservice,248563,248537,0,0
2026-09-12T19:28:01Z,checkoutservice,8918,8913,0,0
2026-09-12T19:28:01Z,currencyservice,378688,378642,0,0
2026-09-12T19:28:01Z,emailservice,8922,8922,0,0
2026-09-12T19:28:01Z,frontend,239853,238837,0,0
2026-09-12T19:28:01Z,paymentservice,8922,8922,0,0
2026-09-12T19:28:01Z,productcatalogservice,1082740,1082687,0,0
2026-09-12T19:28:01Z,recommendationservice,151933,151906,0,0
2026-09-12T19:28:01Z,redis-cart,0,0,0,0
2026-09-12T19:28:01Z,shippingservice,104641,104641,0,0
2026-09-12T19:28:02Z,adservice,55704,55408,0,0
2026-09-12T19:28:02Z,cartservice,249000,248974,0,0
2026-09-12T19:28:02Z,checkoutservice,8936,8926,0,0
2026-09-12T19:28:02Z,currencyservice,379351,379305,0,0
2026-09-12T19:28:02Z,emailservice,8932,8932,0,0
2026-09-12T19:28:02Z,frontend,240275,239264,0,0
2026-09-12T19:28:02Z,paymentservice,8932,8932,0,0
2026-09-12T19:28:02Z,productcatalogservice,1084645,1084571,0,0
2026-09-12T19:28:02Z,recommendationservice,152186,152162,0,0
2026-09-12T19:28:02Z,redis-cart,0,0,0,0
2026-09-12T19:28:02Z,shippingservice,104826,104826,0,0
2026-09-12T19:28:03Z,adservice,55804,55508,0,0
2026-09-12T19:28:03Z,cartservice,249394,249366,0,0
2026-09-12T19:28:03Z,checkoutservice,8938,8933,0,0
2026-09-12T19:28:03Z,currencyservice,380000,379954,0,0
2026-09-12T19:28:03Z,emailservice,8942,8942,0,0
2026-09-12T19:28:03Z,frontend,240684,239630,0,0
2026-09-12T19:28:03Z,paymentservice,8938,8938,0,0
2026-09-12T19:28:03Z,productcatalogservice,1086409,1086332,0,0
2026-09-12T19:28:03Z,recommendationservice,152454,152431,0,0
2026-09-12T19:28:03Z,redis-cart,0,0,0,0
2026-09-12T19:28:03Z,shippingservice,104988,104988,0,0
2026-09-12T19:28:04Z,adservice,55899,55602,0,0
2026-09-12T19:28:04Z,cartservice,249784,249758,0,0
2026-09-12T19:28:04Z,checkoutservice,8948,8943,0,0
2026-09-12T19:28:04Z,currencyservice,380632,380584,0,0
2026-09-12T19:28:04Z,emailservice,8952,8952,0,0
2026-09-12T19:28:04Z,frontend,241058,240003,0,0
2026-09-12T19:28:04Z,paymentservice,8948,8948,0,0
2026-09-12T19:28:04Z,productcatalogservice,1088341,1088288,0,0
2026-09-12T19:28:04Z,recommendationservice,152695,152672,0,0
2026-09-12T19:28:04Z,redis-cart,0,0,0,0
2026-09-12T19:28:04Z,shippingservice,105154,105154,0,0
2026-09-12T19:28:05Z,adservice,56000,55704,0,0
2026-09-12T19:28:05Z,cartservice,250209,250182,0,0
2026-09-12T19:28:05Z,checkoutservice,8959,8953,0,0
2026-09-12T19:28:05Z,currencyservice,381322,381276,0,0
2026-09-12T19:28:05Z,emailservice,8958,8958,0,0
2026-09-12T19:28:05Z,frontend,241483,240426,0,0
2026-09-12T19:28:05Z,paymentservice,8958,8958,0,0
2026-09-12T19:28:05Z,productcatalogservice,1090220,1090057,0,0
2026-09-12T19:28:05Z,recommendationservice,152958,152931,0,0
2026-09-12T19:28:05Z,redis-cart,0,0,0,0
2026-09-12T19:28:05Z,shippingservice,105315,105315,0,0
2026-09-12T19:28:06Z,adservice,56104,55808,0,0
2026-09-12T19:28:06Z,cartservice,250632,250606,0,0
2026-09-12T19:28:06Z,checkoutservice,8973,8963,0,0
2026-09-12T19:28:06Z,currencyservice,381972,381926,0,0
2026-09-12T19:28:06Z,emailservice,8972,8972,0,0
2026-09-12T19:28:06Z,frontend,241889,240833,0,0
2026-09-12T19:28:06Z,paymentservice,8969,8969,0,0
2026-09-12T19:28:06Z,productcatalogservice,1091981,1091928,0,0
2026-09-12T19:28:06Z,recommendationservice,153236,153198,0,0
2026-09-12T19:28:06Z,redis-cart,0,0,0,0
2026-09-12T19:28:06Z,shippingservice,105492,105492,0,0
2026-09-12T19:28:07Z,adservice,56204,55908,0,0
2026-09-12T19:28:07Z,cartservice,251082,251049,0,0
2026-09-12T19:28:07Z,checkoutservice,8987,8982,0,0
2026-09-12T19:28:07Z,currencyservice,382622,382550,0,0
2026-09-12T19:28:07Z,emailservice,8982,8982,0,0
2026-09-12T19:28:07Z,frontend,242312,241295,0,0
2026-09-12T19:28:07Z,paymentservice,8982,8982,0,0
2026-09-12T19:28:07Z,productcatalogservice,1093957,1093904,0,0
2026-09-12T19:28:07Z,recommendationservice,153486,153446,0,0
2026-09-12T19:28:07Z,redis-cart,0,0,0,0
2026-09-12T19:28:07Z,shippingservice,105663,105663,0,0
2026-09-12T19:28:08Z,adservice,56307,56011,0,0
2026-09-12T19:28:08Z,cartservice,251505,251478,0,0
2026-09-12T19:28:08Z,checkoutservice,8997,8992,0,0
2026-09-12T19:28:08Z,currencyservice,383262,383216,0,0
2026-09-12T19:28:08Z,emailservice,8992,8992,0,0
2026-09-12T19:28:08Z,frontend,242702,241708,0,0
2026-09-12T19:28:08Z,paymentservice,8992,8992,0,0
2026-09-12T19:28:08Z,productcatalogservice,1095785,1095703,0,0
2026-09-12T19:28:08Z,recommendationservice,153725,153694,0,0
2026-09-12T19:28:08Z,redis-cart,0,0,0,0
2026-09-12T19:28:08Z,shippingservice,105843,105843,0,0
2026-09-12T19:28:09Z,adservice,56405,56109,0,0
2026-09-12T19:28:09Z,cartservice,251896,251864,0,0
2026-09-12T19:28:09Z,checkoutservice,9003,8995,0,0
2026-09-12T19:28:09Z,currencyservice,383876,383830,0,0
2026-09-12T19:28:09Z,emailservice,9002,9002,0,0
2026-09-12T19:28:09Z,frontend,243115,242108,0,0
2026-09-12T19:28:09Z,paymentservice,9002,9002,0,0
2026-09-12T19:28:09Z,productcatalogservice,1097473,1097420,0,0
2026-09-12T19:28:09Z,recommendationservice,153978,153946,0,0
2026-09-12T19:28:09Z,redis-cart,0,0,0,0
2026-09-12T19:28:09Z,shippingservice,105982,105982,0,0
2026-09-12T19:28:10Z,adservice,56504,56208,0,0
2026-09-12T19:28:10Z,cartservice,252344,252308,0,0
2026-09-12T19:28:10Z,checkoutservice,9017,9009,0,0
2026-09-12T19:28:10Z,currencyservice,384545,384499,0,0
2026-09-12T19:28:10Z,emailservice,9012,9012,0,0
2026-09-12T19:28:10Z,frontend,243536,242529,0,0
2026-09-12T19:28:10Z,paymentservice,9012,9012,0,0
2026-09-12T19:28:10Z,productcatalogservice,1099396,1099343,0,0
2026-09-12T19:28:10Z,recommendationservice,154227,154187,0,0
2026-09-12T19:28:10Z,redis-cart,0,0,0,0
2026-09-12T19:28:10Z,shippingservice,106144,106144,0,0
2026-09-12T19:28:11Z,adservice,56604,56308,0,0
2026-09-12T19:28:11Z,cartservice,252736,252691,0,0
2026-09-12T19:28:11Z,checkoutservice,9018,9013,0,0
2026-09-12T19:28:11Z,currencyservice,385104,385032,0,0
2026-09-12T19:28:11Z,emailservice,9022,9022,0,0
2026-09-12T19:28:11Z,frontend,243930,242858,0,0
2026-09-12T19:28:11Z,paymentservice,9020,9013,0,0
2026-09-12T19:28:11Z,productcatalogservice,1101108,1101009,0,0
2026-09-12T19:28:11Z,recommendationservice,154489,154459,0,0
2026-09-12T19:28:11Z,redis-cart,0,0,0,0
2026-09-12T19:28:11Z,shippingservice,106295,106295,0,0
2026-09-12T19:28:12Z,adservice,56705,56409,0,0
2026-09-12T19:28:12Z,cartservice,253143,253103,0,0
2026-09-12T19:28:12Z,checkoutservice,9030,9024,0,0
2026-09-12T19:28:12Z,currencyservice,385757,385674,0,0
2026-09-12T19:28:12Z,emailservice,9032,9032,0,0
2026-09-12T19:28:12Z,frontend,244344,243319,0,0
2026-09-12T19:28:12Z,paymentservice,9027,9027,0,0
2026-09-12T19:28:12Z,productcatalogservice,1102971,1102918,0,0
2026-09-12T19:28:12Z,recommendationservice,154745,154722,0,0
2026-09-12T19:28:12Z,redis-cart,0,0,0,0
2026-09-12T19:28:12Z,shippingservice,106470,106470,0,0
2026-09-12T19:28:13Z,adservice,56815,56519,0,0
2026-09-12T19:28:13Z,cartservice,253604,253578,0,0
2026-09-12T19:28:13Z,checkoutservice,9046,9037,0,0
2026-09-12T19:28:13Z,currencyservice,386470,386390,0,0
2026-09-12T19:28:13Z,emailservice,9042,9042,0,0
2026-09-12T19:28:13Z,frontend,244754,243752,0,0
2026-09-12T19:28:13Z,paymentservice,9042,9042,0,0
2026-09-12T19:28:13Z,productcatalogservice,1104914,1104861,0,0
2026-09-12T19:28:13Z,recommendationservice,155005,154967,0,0
2026-09-12T19:28:13Z,redis-cart,0,0,0,0
2026-09-12T19:28:13Z,shippingservice,106657,106657,0,0
2026-09-12T19:28:14Z,adservice,56905,56609,0,0
2026-09-12T19:28:14Z,cartservice,253998,253966,0,0
2026-09-12T19:28:14Z,checkoutservice,9054,9044,0,0
2026-09-12T19:28:14Z,currencyservice,387102,387056,0,0
2026-09-12T19:28:14Z,emailservice,9052,9052,0,0
2026-09-12T19:28:14Z,frontend,245166,244163,0,0
2026-09-12T19:28:14Z,paymentservice,9052,9052,0,0
2026-09-12T19:28:14Z,productcatalogservice,1106718,1106655,0,0
2026-09-12T19:28:14Z,recommendationservice,155272,155229,0,0
2026-09-12T19:28:14Z,redis-cart,0,0,0,0
2026-09-12T19:28:14Z,shippingservice,106824,106824,0,0
2026-09-12T19:28:15Z,adservice,57005,56709,0,0
2026-09-12T19:28:15Z,cartservice,254460,254412,0,0
2026-09-12T19:28:15Z,checkoutservice,9063,9053,0,0
2026-09-12T19:28:15Z,currencyservice,387741,387695,0,0
2026-09-12T19:28:15Z,emailservice,9062,9062,0,0
2026-09-12T19:28:15Z,frontend,245608,244576,0,0
2026-09-12T19:28:15Z,paymentservice,9062,9062,0,0
2026-09-12T19:28:15Z,productcatalogservice,1108541,1108425,0,0
2026-09-12T19:28:15Z,recommendationservice,155524,155480,0,0
2026-09-12T19:28:15Z,redis-cart,0,0,0,0
2026-09-12T19:28:15Z,shippingservice,106973,106973,0,0
2026-09-12T19:28:16Z,adservice,57105,56809,0,0
2026-09-12T19:28:16Z,cartservice,254839,254813,0,0
2026-09-12T19:28:16Z,checkoutservice,9068,9063,0,0
2026-09-12T19:28:16Z,currencyservice,388383,388322,0,0
2026-09-12T19:28:16Z,emailservice,9072,9072,0,0
2026-09-12T19:28:16Z,frontend,245982,244958,0,0
2026-09-12T19:28:16Z,paymentservice,9065,9065,0,0
2026-09-12T19:28:16Z,productcatalogservice,1110339,1110286,0,0
2026-09-12T19:28:16Z,recommendationservice,155765,155742,0,0
2026-09-12T19:28:16Z,redis-cart,0,0,0,0
2026-09-12T19:28:16Z,shippingservice,107123,107117,0,0
2026-09-12T19:28:17Z,adservice,57212,56916,0,0
2026-09-12T19:28:17Z,cartservice,255295,255269,0,0
2026-09-12T19:28:17Z,checkoutservice,9087,9078,0,0
2026-09-12T19:28:17Z,currencyservice,389042,388974,0,0
2026-09-12T19:28:17Z,emailservice,9082,9082,0,0
2026-09-12T19:28:17Z,frontend,246385,245344,0,0
2026-09-12T19:28:17Z,paymentservice,9082,9082,0,0
2026-09-12T19:28:17Z,productcatalogservice,1112182,1112104,0,0
2026-09-12T19:28:17Z,recommendationservice,156002,155979,0,0
2026-09-12T19:28:17Z,redis-cart,0,0,0,0
2026-09-12T19:28:17Z,shippingservice,107317,107317,0,0
2026-09-12T19:28:18Z,adservice,57300,57004,0,0
2026-09-12T19:28:18Z,cartservice,255653,255627,0,0
2026-09-12T19:28:18Z,checkoutservice,9090,9085,0,0
2026-09-12T19:28:18Z,currencyservice,389677,389631,0,0
2026-09-12T19:28:18Z,emailservice,9092,9092,0,0
2026-09-12T19:28:18Z,frontend,246794,245748,0,0
2026-09-12T19:28:18Z,paymentservice,9092,9092,0,0
2026-09-12T19:28:18Z,productcatalogservice,1113955,1113895,0,0
2026-09-12T19:28:18Z,recommendationservice,156287,156246,0,0
2026-09-12T19:28:18Z,redis-cart,0,0,0,0
2026-09-12T19:28:18Z,shippingservice,107469,107469,0,0
2026-09-12T19:28:19Z,adservice,57399,57103,0,0
2026-09-12T19:28:19Z,cartservice,256086,256050,0,0
2026-09-12T19:28:19Z,checkoutservice,9098,9093,0,0
2026-09-12T19:28:19Z,currencyservice,390295,390249,0,0
2026-09-12T19:28:19Z,emailservice,9102,9102,0,0
2026-09-12T19:28:19Z,frontend,247211,246147,0,0
2026-09-12T19:28:19Z,paymentservice,9101,9101,0,0
2026-09-12T19:28:19Z,productcatalogservice,1115880,1115776,0,0
2026-09-12T19:28:19Z,recommendationservice,156545,156522,0,0
2026-09-12T19:28:19Z,redis-cart,0,0,0,0
2026-09-12T19:28:19Z,shippingservice,107616,107616,0,0
2026-09-12T19:28:20Z,adservice,57490,57194,0,0
2026-09-12T19:28:20Z,cartservice,256494,256465,0,0
2026-09-12T19:28:20Z,checkoutservice,9114,9106,0,0
2026-09-12T19:28:20Z,currencyservice,390939,390893,0,0
2026-09-12T19:28:20Z,emailservice,9110,9110,0,0
2026-09-12T19:28:20Z,frontend,247611,246542,0,0
2026-09-12T19:28:20Z,paymentservice,9110,9110,0,0
2026-09-12T19:28:20Z,productcatalogservice,1117698,1117530,0,0
2026-09-12T19:28:20Z,recommendationservice,156816,156767,0,0
2026-09-12T19:28:20Z,redis-cart,0,0,0,0
2026-09-12T19:28:20Z,shippingservice,107773,107773,0,0
2026-09-12T19:28:21Z,adservice,57576,57280,0,0
2026-09-12T19:28:21Z,cartservice,256895,256868,0,0
2026-09-12T19:28:21Z,checkoutservice,9118,9113,0,0
2026-09-12T19:28:21Z,currencyservice,391481,391435,0,0
2026-09-12T19:28:21Z,emailservice,9114,9114,0,0
2026-09-12T19:28:21Z,frontend,247996,246912,0,0
2026-09-12T19:28:21Z,paymentservice,9113,9113,0,0
2026-09-12T19:28:21Z,productcatalogservice,1119413,1119314,0,0
2026-09-12T19:28:21Z,recommendationservice,157028,157005,0,0
2026-09-12T19:28:21Z,redis-cart,0,0,0,0
2026-09-12T19:28:21Z,shippingservice,107923,107923,0,0
2026-09-12T19:28:22Z,adservice,57704,57408,0,0
2026-09-12T19:28:22Z,cartservice,257323,257287,0,0
2026-09-12T19:28:22Z,checkoutservice,9132,9123,0,0
2026-09-12T19:28:22Z,currencyservice,392199,392153,0,0
2026-09-12T19:28:22Z,emailservice,9132,9132,0,0
2026-09-12T19:28:22Z,frontend,248404,247327,0,0
2026-09-12T19:28:22Z,paymentservice,9127,9127,0,0
2026-09-12T19:28:22Z,productcatalogservice,1121378,1121325,0,0
2026-09-12T19:28:22Z,recommendationservice,157299,157256,0,0
2026-09-12T19:28:22Z,redis-cart,0,0,0,0
2026-09-12T19:28:22Z,shippingservice,108110,108110,0,0
2026-09-12T19:28:23Z,adservice,57799,57503,0,0
2026-09-12T19:28:23Z,cartservice,257741,257715,0,0
2026-09-12T19:28:23Z,checkoutservice,9138,9133,0,0
2026-09-12T19:28:23Z,currencyservice,392889,392843,0,0
2026-09-12T19:28:23Z,emailservice,9142,9142,0,0
2026-09-12T19:28:23Z,frontend,248805,247726,0,0
2026-09-12T19:28:23Z,paymentservice,9138,9138,0,0
2026-09-12T19:28:23Z,productcatalogservice,1123220,1123120,0,0
2026-09-12T19:28:23Z,recommendationservice,157580,157543,0,0
2026-09-12T19:28:23Z,redis-cart,0,0,0,0
2026-09-12T19:28:23Z,shippingservice,108275,108275,0,0
2026-09-12T19:28:24Z,adservice,57881,57585,0,0
2026-09-12T19:28:24Z,cartservice,258131,258103,0,0
2026-09-12T19:28:24Z,checkoutservice,9148,9143,0,0
2026-09-12T19:28:24Z,currencyservice,393500,393454,0,0
2026-09-12T19:28:24Z,emailservice,9143,9143,0,0
2026-09-12T19:28:24Z,frontend,249217,248104,0,0
2026-09-12T19:28:24Z,paymentservice,9143,9143,0,0
2026-09-12T19:28:24Z,productcatalogservice,1125040,1124987,0,0
2026-09-12T19:28:24Z,recommendationservice,157804,157781,0,0
2026-09-12T19:28:24Z,redis-cart,0,0,0,0
2026-09-12T19:28:24Z,shippingservice,108440,108440,0,0
2026-09-12T19:28:25Z,adservice,57982,57686,0,0
2026-09-12T19:28:25Z,cartservice,258542,258515,0,0
2026-09-12T19:28:25Z,checkoutservice,9158,9153,0,0
2026-09-12T19:28:25Z,currencyservice,394187,394125,0,0
2026-09-12T19:28:25Z,emailservice,9162,9162,0,0
2026-09-12T19:28:25Z,frontend,249609,248525,0,0
2026-09-12T19:28:25Z,paymentservice,9155,9155,0,0
2026-09-12T19:28:25Z,productcatalogservice,1126903,1126822,0,0
2026-09-12T19:28:25Z,recommendationservice,158083,158038,0,0
2026-09-12T19:28:25Z,redis-cart,0,0,0,0
2026-09-12T19:28:25Z,shippingservice,108614,108614,0,0
2026-09-12T19:28:26Z,adservice,58093,57797,0,0
2026-09-12T19:28:26Z,cartservice,258950,258924,0,0
2026-09-12T19:28:26Z,checkoutservice,9168,9163,0,0
2026-09-12T19:28:26Z,currencyservice,394876,394803,0,0
2026-09-12T19:28:26Z,emailservice,9172,9172,0,0
2026-09-12T19:28:26Z,frontend,250013,248921,0,0
2026-09-12T19:28:26Z,paymentservice,9172,9172,0,0
2026-09-12T19:28:26Z,productcatalogservice,1128806,1128705,0,0
2026-09-12T19:28:26Z,recommendationservice,158337,158314,0,0
2026-09-12T19:28:26Z,redis-cart,0,0,0,0
2026-09-12T19:28:26Z,shippingservice,108802,108800,0,0
2026-09-12T19:28:27Z,adservice,58204,57908,0,0
2026-09-12T19:28:27Z,cartservice,259374,259348,0,0
2026-09-12T19:28:27Z,checkoutservice,9183,9178,0,0
2026-09-12T19:28:27Z,currencyservice,395498,395452,0,0
2026-09-12T19:28:27Z,emailservice,9182,9182,0,0
2026-09-12T19:28:27Z,frontend,250415,249381,0,0
2026-09-12T19:28:27Z,paymentservice,9180,9180,0,0
2026-09-12T19:28:27Z,productcatalogservice,1130755,1130699,0,0
2026-09-12T19:28:27Z,recommendationservice,158586,158563,0,0
2026-09-12T19:28:27Z,redis-cart,0,0,0,0
2026-09-12T19:28:27Z,shippingservice,108991,108990,0,0
2026-09-12T19:28:28Z,adservice,58304,58008,0,0
2026-09-12T19:28:28Z,cartservice,259818,259792,0,0
2026-09-12T19:28:28Z,checkoutservice,9195,9188,0,0
2026-09-12T19:28:28Z,currencyservice,396186,396140,0,0
2026-09-12T19:28:28Z,emailservice,9192,9192,0,0
2026-09-12T19:28:28Z,frontend,250819,249795,0,0
2026-09-12T19:28:28Z,paymentservice,9192,9192,0,0
2026-09-12T19:28:28Z,productcatalogservice,1132659,1132510,0,0
2026-09-12T19:28:28Z,recommendationservice,158874,158827,0,0
2026-09-12T19:28:28Z,redis-cart,0,0,0,0
2026-09-12T19:28:28Z,shippingservice,109150,109150,0,0
2026-09-12T19:28:29Z,adservice,58404,58108,0,0
2026-09-12T19:28:29Z,cartservice,260226,260198,0,0
2026-09-12T19:28:29Z,checkoutservice,9207,9201,0,0
2026-09-12T19:28:29Z,currencyservice,396885,396839,0,0
2026-09-12T19:28:29Z,emailservice,9202,9202,0,0
2026-09-12T19:28:29Z,frontend,251254,250229,0,0
2026-09-12T19:28:29Z,paymentservice,9202,9202,0,0
2026-09-12T19:28:29Z,productcatalogservice,1134561,1134508,0,0
2026-09-12T19:28:29Z,recommendationservice,159142,159111,0,0
2026-09-12T19:28:29Z,redis-cart,0,0,0,0
2026-09-12T19:28:29Z,shippingservice,109356,109356,0,0
2026-09-12T19:28:30Z,adservice,58501,58203,0,0
2026-09-12T19:28:30Z,cartservice,260639,260613,0,0
2026-09-12T19:28:30Z,checkoutservice,9209,9204,0,0
2026-09-12T19:28:30Z,currencyservice,397506,397460,0,0
2026-09-12T19:28:30Z,emailservice,9212,9212,0,0
2026-09-12T19:28:30Z,frontend,251641,250574,0,0
2026-09-12T19:28:30Z,paymentservice,9209,9209,0,0
2026-09-12T19:28:30Z,productcatalogservice,1136438,1136336,0,0
2026-09-12T19:28:30Z,recommendationservice,159394,159364,0,0
2026-09-12T19:28:30Z,redis-cart,0,0,0,0
2026-09-12T19:28:30Z,shippingservice,109502,109501,0,0
2026-09-12T19:28:31Z,adservice,58588,58292,0,0
2026-09-12T19:28:31Z,cartservice,261055,261029,0,0
2026-09-12T19:28:31Z,checkoutservice,9219,9213,0,0
2026-09-12T19:28:31Z,currencyservice,398126,398080,0,0
2026-09-12T19:28:31Z,emailservice,9222,9222,0,0
2026-09-12T19:28:31Z,frontend,252056,250992,0,0
2026-09-12T19:28:31Z,paymentservice,9217,9217,0,0
2026-09-12T19:28:31Z,productcatalogservice,1138183,1138106,0,0
2026-09-12T19:28:31Z,recommendationservice,159647,159624,0,0
2026-09-12T19:28:31Z,redis-cart,0,0,0,0
2026-09-12T19:28:31Z,shippingservice,109663,109663,0,0
2026-09-12T19:28:32Z,adservice,58702,58392,0,0
2026-09-12T19:28:32Z,cartservice,261459,261432,0,0
2026-09-12T19:28:32Z,checkoutservice,9228,9223,0,0
2026-09-12T19:28:32Z,currencyservice,398813,398767,0,0
2026-09-12T19:28:32Z,emailservice,9232,9232,0,0
2026-09-12T19:28:32Z,frontend,252454,251396,0,0
2026-09-12T19:28:32Z,paymentservice,9232,9232,0,0
2026-09-12T19:28:32Z,productcatalogservice,1140113,1140060,0,0
2026-09-12T19:28:32Z,recommendationservice,159892,159869,0,0
2026-09-12T19:28:32Z,redis-cart,0,0,0,0
2026-09-12T19:28:32Z,shippingservice,109833,109833,0,0
2026-09-12T19:28:33Z,adservice,58799,58503,0,0
2026-09-12T19:28:33Z,cartservice,261872,261833,0,0
2026-09-12T19:28:33Z,checkoutservice,9238,9233,0,0
2026-09-12T19:28:33Z,currencyservice,399459,399413,0,0
2026-09-12T19:28:33Z,emailservice,9242,9242,0,0
2026-09-12T19:28:33Z,frontend,252867,251803,0,0
2026-09-12T19:28:33Z,paymentservice,9241,9241,0,0
2026-09-12T19:28:33Z,productcatalogservice,1141978,1141911,0,0
2026-09-12T19:28:33Z,recommendationservice,160165,160133,0,0
2026-09-12T19:28:33Z,redis-cart,0,0,0,0
2026-09-12T19:28:33Z,shippingservice,110012,110012,0,0
2026-09-12T19:28:34Z,adservice,58889,58593,0,0
2026-09-12T19:28:34Z,cartservice,262318,262290,0,0
2026-09-12T19:28:34Z,checkoutservice,9253,9243,0,0
2026-09-12T19:28:34Z,currencyservice,400087,400041,0,0
2026-09-12T19:28:34Z,emailservice,9252,9252,0,0
2026-09-12T19:28:34Z,frontend,253283,252220,0,0
2026-09-12T19:28:34Z,paymentservice,9252,9252,0,0
2026-09-12T19:28:34Z,productcatalogservice,1143799,1143746,0,0
2026-09-12T19:28:34Z,recommendationservice,160428,160405,0,0
2026-09-12T19:28:34Z,redis-cart,0,0,0,0
2026-09-12T19:28:34Z,shippingservice,110181,110181,0,0
2026-09-12T19:28:35Z,adservice,58974,58678,0,0
2026-09-12T19:28:35Z,cartservice,262738,262712,0,0
2026-09-12T19:28:35Z,checkoutservice,9258,9253,0,0
2026-09-12T19:28:35Z,currencyservice,400701,400648,0,0
2026-09-12T19:28:35Z,emailservice,9254,9254,0,0
2026-09-12T19:28:35Z,frontend,253692,252622,0,0
2026-09-12T19:28:35Z,paymentservice,9253,9253,0,0
2026-09-12T19:28:35Z,productcatalogservice,1145433,1145371,0,0
2026-09-12T19:28:35Z,recommendationservice,160689,160665,0,0
2026-09-12T19:28:35Z,redis-cart,0,0,0,0
2026-09-12T19:28:35Z,shippingservice,110307,110307,0,0
2026-09-12T19:28:36Z,adservice,59075,58779,0,0
2026-09-12T19:28:36Z,cartservice,263163,263137,0,0
2026-09-12T19:28:36Z,checkoutservice,9268,9263,0,0
2026-09-12T19:28:36Z,currencyservice,401344,401298,0,0
2026-09-12T19:28:36Z,emailservice,9272,9272,0,0
2026-09-12T19:28:36Z,frontend,254095,253014,0,0
2026-09-12T19:28:36Z,paymentservice,9270,9270,0,0
2026-09-12T19:28:36Z,productcatalogservice,1147379,1147326,0,0
2026-09-12T19:28:36Z,recommendationservice,160943,160904,0,0
2026-09-12T19:28:36Z,redis-cart,0,0,0,0
2026-09-12T19:28:36Z,shippingservice,110493,110493,0,0
2026-09-12T19:28:37Z,adservice,59170,58874,0,0
2026-09-12T19:28:37Z,cartservice,263544,263517,0,0
2026-09-12T19:28:37Z,checkoutservice,9278,9273,0,0
2026-09-12T19:28:37Z,currencyservice,401970,401924,0,0
2026-09-12T19:28:37Z,emailservice,9280,9280,0,0
2026-09-12T19:28:37Z,frontend,254501,253409,0,0
2026-09-12T19:28:37Z,paymentservice,9273,9273,0,0
2026-09-12T19:28:37Z,productcatalogservice,1149249,1149191,0,0
2026-09-12T19:28:37Z,recommendationservice,161181,161158,0,0
2026-09-12T19:28:37Z,redis-cart,0,0,0,0
2026-09-12T19:28:37Z,shippingservice,110655,110655,0,0
2026-09-12T19:28:38Z,adservice,59281,58985,0,0
2026-09-12T19:28:38Z,cartservice,263958,263931,0,0
2026-09-12T19:28:38Z,checkoutservice,9289,9284,0,0
2026-09-12T19:28:38Z,currencyservice,402674,402628,0,0
2026-09-12T19:28:38Z,emailservice,9292,9292,0,0
2026-09-12T19:28:38Z,frontend,254895,253824,0,0
2026-09-12T19:28:38Z,paymentservice,9292,9292,0,0
2026-09-12T19:28:38Z,productcatalogservice,1151089,1151036,0,0
2026-09-12T19:28:38Z,recommendationservice,161461,161411,0,0
2026-09-12T19:28:38Z,redis-cart,0,0,0,0
2026-09-12T19:28:38Z,shippingservice,110841,110841,0,0
2026-09-12T19:28:39Z,adservice,59385,59089,0,0
2026-09-12T19:28:39Z,cartservice,264401,264375,0,0
2026-09-12T19:28:39Z,checkoutservice,9302,9296,0,0
2026-09-12T19:28:39Z,currencyservice,403343,403297,0,0
2026-09-12T19:28:39Z,emailservice,9302,9302,0,0
2026-09-12T19:28:39Z,frontend,255314,254214,0,0
2026-09-12T19:28:39Z,paymentservice,9302,9302,0,0
2026-09-12T19:28:39Z,productcatalogservice,1152944,1152891,0,0
2026-09-12T19:28:39Z,recommendationservice,161739,161690,0,0
2026-09-12T19:28:39Z,redis-cart,0,0,0,0
2026-09-12T19:28:39Z,shippingservice,111021,111021,0,0
2026-09-12T19:28:40Z,adservice,59475,59179,0,0
2026-09-12T19:28:40Z,cartservice,264866,264840,0,0
2026-09-12T19:28:40Z,checkoutservice,9308,9303,0,0
2026-09-12T19:28:40Z,currencyservice,404041,403995,0,0
2026-09-12T19:28:40Z,emailservice,9312,9312,0,0
2026-09-12T19:28:40Z,frontend,255709,254601,0,0
2026-09-12T19:28:40Z,paymentservice,9303,9303,0,0
2026-09-12T19:28:40Z,productcatalogservice,1154916,1154863,0,0
2026-09-12T19:28:40Z,recommendationservice,161996,161957,0,0
2026-09-12T19:28:40Z,redis-cart,0,0,0,0
2026-09-12T19:28:40Z,shippingservice,111184,111184,0,0
2026-09-12T19:28:41Z,adservice,59575,59279,0,0
2026-09-12T19:28:41Z,cartservice,265213,265175,0,0
2026-09-12T19:28:41Z,checkoutservice,9321,9314,0,0
2026-09-12T19:28:41Z,currencyservice,404612,404566,0,0
2026-09-12T19:28:41Z,emailservice,9316,9316,0,0
2026-09-12T19:28:41Z,frontend,256096,255033,0,0
2026-09-12T19:28:41Z,paymentservice,9316,9316,0,0
2026-09-12T19:28:41Z,productcatalogservice,1156633,1156530,0,0
2026-09-12T19:28:41Z,recommendationservice,162264,162189,0,0
2026-09-12T19:28:41Z,redis-cart,0,0,0,0
2026-09-12T19:28:41Z,shippingservice,111335,111335,0,0
2026-09-12T19:28:42Z,adservice,59686,59390,0,0
2026-09-12T19:28:42Z,cartservice,265637,265608,0,0
2026-09-12T19:28:42Z,checkoutservice,9334,9325,0,0
2026-09-12T19:28:42Z,currencyservice,405326,405280,0,0
2026-09-12T19:28:42Z,emailservice,9332,9332,0,0
2026-09-12T19:28:42Z,frontend,256514,255473,0,0
2026-09-12T19:28:42Z,paymentservice,9332,9332,0,0
2026-09-12T19:28:42Z,productcatalogservice,1158692,1158634,0,0
2026-09-12T19:28:42Z,recommendationservice,162492,162469,0,0
2026-09-12T19:28:42Z,redis-cart,0,0,0,0
2026-09-12T19:28:42Z,shippingservice,111551,111551,0,0
2026-09-12T19:28:43Z,adservice,59780,59484,0,0
2026-09-12T19:28:43Z,cartservice,266054,266018,0,0
2026-09-12T19:28:43Z,checkoutservice,9343,9333,0,0
2026-09-12T19:28:43Z,currencyservice,405990,405926,0,0
2026-09-12T19:28:43Z,emailservice,9342,9342,0,0
2026-09-12T19:28:43Z,frontend,256928,255883,0,0
2026-09-12T19:28:43Z,paymentservice,9342,9342,0,0
2026-09-12T19:28:43Z,productcatalogservice,1160489,1160436,0,0
2026-09-12T19:28:43Z,recommendationservice,162779,162756,0,0
2026-09-12T19:28:43Z,redis-cart,0,0,0,0
2026-09-12T19:28:43Z,shippingservice,111709,111709,0,0
2026-09-12T19:28:44Z,adservice,59877,59581,0,0
2026-09-12T19:28:44Z,cartservice,266462,266436,0,0
2026-09-12T19:28:44Z,checkoutservice,9356,9347,0,0
2026-09-12T19:28:44Z,currencyservice,406570,406524,0,0
2026-09-12T19:28:44Z,emailservice,9352,9352,0,0
2026-09-12T19:28:44Z,frontend,257329,256271,0,0
2026-09-12T19:28:44Z,paymentservice,9352,9352,0,0
2026-09-12T19:28:44Z,productcatalogservice,1162393,1162340,0,0
2026-09-12T19:28:44Z,recommendationservice,163008,162985,0,0
2026-09-12T19:28:44Z,redis-cart,0,0,0,0
2026-09-12T19:28:44Z,shippingservice,111883,111883,0,0
2026-09-12T19:28:45Z,adservice,59985,59689,0,0
2026-09-12T19:28:45Z,cartservice,266867,266839,0,0
2026-09-12T19:28:45Z,checkoutservice,9358,9353,0,0
2026-09-12T19:28:45Z,currencyservice,407259,407213,0,0
2026-09-12T19:28:45Z,emailservice,9362,9362,0,0
2026-09-12T19:28:45Z,frontend,257731,256660,0,0
2026-09-12T19:28:45Z,paymentservice,9361,9361,0,0
2026-09-12T19:28:45Z,productcatalogservice,1164250,1164182,0,0
2026-09-12T19:28:45Z,recommendationservice,163268,163245,0,0
2026-09-12T19:28:45Z,redis-cart,0,0,0,0
2026-09-12T19:28:45Z,shippingservice,112054,112054,0,0
2026-09-12T19:28:46Z,adservice,60082,59786,0,0
2026-09-12T19:28:46Z,cartservice,267312,267265,0,0
2026-09-12T19:28:46Z,checkoutservice,9374,9363,0,0
2026-09-12T19:28:46Z,currencyservice,407912,407866,0,0
2026-09-12T19:28:46Z,emailservice,9372,9372,0,0
2026-09-12T19:28:46Z,frontend,258145,257110,0,0
2026-09-12T19:28:46Z,paymentservice,9372,9372,0,0
2026-09-12T19:28:46Z,productcatalogservice,1166060,1165982,0,0
2026-09-12T19:28:46Z,recommendationservice,163541,163518,0,0
2026-09-12T19:28:46Z,redis-cart,0,0,0,0
2026-09-12T19:28:46Z,shippingservice,112210,112210,0,0
2026-09-12T19:28:47Z,adservice,60191,59895,0,0
2026-09-12T19:28:47Z,cartservice,267731,267688,0,0
2026-09-12T19:28:47Z,checkoutservice,9387,9378,0,0
2026-09-12T19:28:47Z,currencyservice,408546,408500,0,0
2026-09-12T19:28:47Z,emailservice,9382,9382,0,0
2026-09-12T19:28:47Z,frontend,258554,257519,0,0
2026-09-12T19:28:47Z,paymentservice,9382,9382,0,0
2026-09-12T19:28:47Z,productcatalogservice,1168028,1167975,0,0
2026-09-12T19:28:47Z,recommendationservice,163795,163749,0,0
2026-09-12T19:28:47Z,redis-cart,0,0,0,0
2026-09-12T19:28:47Z,shippingservice,112382,112382,0,0
2026-09-12T19:28:48Z,adservice,60289,59993,0,0
2026-09-12T19:28:48Z,cartservice,268185,268150,0,0
2026-09-12T19:28:48Z,checkoutservice,9397,9392,0,0
2026-09-12T19:28:48Z,currencyservice,409203,409157,0,0
2026-09-12T19:28:48Z,emailservice,9392,9392,0,0
2026-09-12T19:28:48Z,frontend,258968,257986,0,0
2026-09-12T19:28:48Z,paymentservice,9392,9392,0,0
2026-09-12T19:28:48Z,productcatalogservice,1169913,1169741,0,0
2026-09-12T19:28:48Z,recommendationservice,164083,164056,0,0
2026-09-12T19:28:48Z,redis-cart,0,0,0,0
2026-09-12T19:28:48Z,shippingservice,112540,112540,0,0
2026-09-12T19:28:49Z,adservice,60408,60112,0,0
2026-09-12T19:28:49Z,cartservice,268582,268541,0,0
2026-09-12T19:28:49Z,checkoutservice,9407,9402,0,0
2026-09-12T19:28:49Z,currencyservice,409865,409810,0,0
2026-09-12T19:28:49Z,emailservice,9402,9402,0,0
2026-09-12T19:28:49Z,frontend,259375,258363,0,0
2026-09-12T19:28:49Z,paymentservice,9402,9402,0,0
2026-09-12T19:28:49Z,productcatalogservice,1171716,1171637,0,0
2026-09-12T19:28:49Z,recommendationservice,164317,164279,0,0
2026-09-12T19:28:49Z,redis-cart,0,0,0,0
2026-09-12T19:28:49Z,shippingservice,112732,112732,0,0
2026-09-12T19:28:50Z,adservice,60475,60179,0,0
2026-09-12T19:28:50Z,cartservice,269007,268981,0,0
2026-09-12T19:28:50Z,checkoutservice,9417,9408,0,0
2026-09-12T19:28:50Z,currencyservice,410526,410475,0,0
2026-09-12T19:28:50Z,emailservice,9412,9412,0,0
2026-09-12T19:28:50Z,frontend,259785,258801,0,0
2026-09-12T19:28:50Z,paymentservice,9412,9412,0,0
2026-09-12T19:28:50Z,productcatalogservice,1173498,1173445,0,0
2026-09-12T19:28:50Z,recommendationservice,164598,164564,0,0
2026-09-12T19:28:50Z,redis-cart,0,0,0,0
2026-09-12T19:28:50Z,shippingservice,112901,112901,0,0
2026-09-12T19:28:51Z,adservice,60592,60296,0,0
2026-09-12T19:28:51Z,cartservice,269414,269382,0,0
2026-09-12T19:28:51Z,checkoutservice,9427,9422,0,0
2026-09-12T19:28:51Z,currencyservice,411130,411084,0,0
2026-09-12T19:28:51Z,emailservice,9422,9422,0,0
2026-09-12T19:28:51Z,frontend,260182,259175,0,0
2026-09-12T19:28:51Z,paymentservice,9422,9422,0,0
2026-09-12T19:28:51Z,productcatalogservice,1175346,1175293,0,0
2026-09-12T19:28:51Z,recommendationservice,164832,164788,0,0
2026-09-12T19:28:51Z,redis-cart,0,0,0,0
2026-09-12T19:28:51Z,shippingservice,113072,113072,0,0
2026-09-12T19:28:52Z,adservice,60715,60419,0,0
2026-09-12T19:28:52Z,cartservice,269867,269841,0,0
2026-09-12T19:28:52Z,checkoutservice,9437,9432,0,0
2026-09-12T19:28:52Z,currencyservice,411820,411764,0,0
2026-09-12T19:28:52Z,emailservice,9432,9432,0,0
2026-09-12T19:28:52Z,frontend,260589,259617,0,0
2026-09-12T19:28:52Z,paymentservice,9432,9432,0,0
2026-09-12T19:28:52Z,productcatalogservice,1177469,1177345,0,0
2026-09-12T19:28:52Z,recommendationservice,165107,165084,0,0
2026-09-12T19:28:52Z,redis-cart,0,0,0,0
2026-09-12T19:28:52Z,shippingservice,113253,113253,0,0
2026-09-12T19:28:53Z,adservice,60815,60519,0,0
2026-09-12T19:28:53Z,cartservice,270271,270245,0,0
2026-09-12T19:28:53Z,checkoutservice,9447,9442,0,0
2026-09-12T19:28:53Z,currencyservice,412452,412406,0,0
2026-09-12T19:28:53Z,emailservice,9442,9442,0,0
2026-09-12T19:28:53Z,frontend,261008,260028,0,0
2026-09-12T19:28:53Z,paymentservice,9442,9442,0,0
2026-09-12T19:28:53Z,productcatalogservice,1179275,1179198,0,0
2026-09-12T19:28:53Z,recommendationservice,165368,165337,0,0
2026-09-12T19:28:53Z,redis-cart,0,0,0,0
2026-09-12T19:28:53Z,shippingservice,113432,113432,0,0
2026-09-12T19:28:54Z,adservice,60897,60601,0,0
2026-09-12T19:28:54Z,cartservice,270681,270626,0,0
2026-09-12T19:28:54Z,checkoutservice,9457,9448,0,0
2026-09-12T19:28:54Z,currencyservice,413092,413046,0,0
2026-09-12T19:28:54Z,emailservice,9452,9452,0,0
2026-09-12T19:28:54Z,frontend,261422,260428,0,0
2026-09-12T19:28:54Z,paymentservice,9452,9452,0,0
2026-09-12T19:28:54Z,productcatalogservice,1181012,1180959,0,0
2026-09-12T19:28:54Z,recommendationservice,165616,165583,0,0
2026-09-12T19:28:54Z,redis-cart,0,0,0,0
2026-09-12T19:28:54Z,shippingservice,113588,113583,0,0
2026-09-12T19:28:55Z,adservice,60982,60684,0,0
2026-09-12T19:28:55Z,cartservice,271063,271037,0,0
2026-09-12T19:28:55Z,checkoutservice,9460,9453,0,0
2026-09-12T19:28:55Z,currencyservice,413692,413646,0,0
2026-09-12T19:28:55Z,emailservice,9462,9462,0,0
2026-09-12T19:28:55Z,frontend,261813,260776,0,0
2026-09-12T19:28:55Z,paymentservice,9460,9460,0,0
2026-09-12T19:28:55Z,productcatalogservice,1182808,1182655,0,0
2026-09-12T19:28:55Z,recommendationservice,165881,165840,0,0
2026-09-12T19:28:55Z,redis-cart,0,0,0,0
2026-09-12T19:28:55Z,shippingservice,113725,113725,0,0
2026-09-12T19:28:56Z,adservice,61090,60794,0,0
2026-09-12T19:28:56Z,cartservice,271525,271476,0,0
2026-09-12T19:28:56Z,checkoutservice,9471,9465,0,0
2026-09-12T19:28:56Z,currencyservice,414372,414326,0,0
2026-09-12T19:28:56Z,emailservice,9472,9472,0,0
2026-09-12T19:28:56Z,frontend,262227,261157,0,0
2026-09-12T19:28:56Z,paymentservice,9472,9472,0,0
2026-09-12T19:28:56Z,productcatalogservice,1184802,1184668,0,0
2026-09-12T19:28:56Z,recommendationservice,166138,166090,0,0
2026-09-12T19:28:56Z,redis-cart,0,0,0,0
2026-09-12T19:28:56Z,shippingservice,113927,113927,0,0
2026-09-12T19:28:57Z,adservice,61200,60904,0,0
2026-09-12T19:28:57Z,cartservice,271927,271901,0,0
2026-09-12T19:28:57Z,checkoutservice,9487,9479,0,0
2026-09-12T19:28:57Z,currencyservice,414990,414942,0,0
2026-09-12T19:28:57Z,emailservice,9482,9482,0,0
2026-09-12T19:28:57Z,frontend,262649,261628,0,0
2026-09-12T19:28:57Z,paymentservice,9482,9482,0,0
2026-09-12T19:28:57Z,productcatalogservice,1186530,1186477,0,0
2026-09-12T19:28:57Z,recommendationservice,166414,166361,0,0
2026-09-12T19:28:57Z,redis-cart,0,0,0,0
2026-09-12T19:28:57Z,shippingservice,114091,114091,0,0
2026-09-12T19:28:58Z,adservice,61293,60997,0,0
2026-09-12T19:28:58Z,cartservice,272341,272302,0,0
2026-09-12T19:28:58Z,checkoutservice,9497,9488,0,0
2026-09-12T19:28:58Z,currencyservice,415648,415602,0,0
2026-09-12T19:28:58Z,emailservice,9492,9492,0,0
2026-09-12T19:28:58Z,frontend,263059,262047,0,0
2026-09-12T19:28:58Z,paymentservice,9492,9492,0,0
2026-09-12T19:28:58Z,productcatalogservice,1188400,1188347,0,0
2026-09-12T19:28:58Z,recommendationservice,166678,166647,0,0
2026-09-12T19:28:58Z,redis-cart,0,0,0,0
2026-09-12T19:28:58Z,shippingservice,114262,114262,0,0
2026-09-12T19:28:59Z,adservice,61395,61099,0,0
2026-09-12T19:28:59Z,cartservice,272786,272741,0,0
2026-09-12T19:28:59Z,checkoutservice,9507,9495,0,0
2026-09-12T19:28:59Z,currencyservice,416269,416223,0,0
2026-09-12T19:28:59Z,emailservice,9502,9502,0,0
2026-09-12T19:28:59Z,frontend,263473,262470,0,0
2026-09-12T19:28:59Z,paymentservice,9502,9502,0,0
2026-09-12T19:28:59Z,productcatalogservice,1190232,1190179,0,0
2026-09-12T19:28:59Z,recommendationservice,166923,166892,0,0
2026-09-12T19:28:59Z,redis-cart,0,0,0,0
2026-09-12T19:28:59Z,shippingservice,114420,114420,0,0
2026-09-12T19:29:00Z,adservice,61486,61190,0,0
2026-09-12T19:29:00Z,cartservice,273188,273162,0,0
2026-09-12T19:29:00Z,checkoutservice,9517,9503,0,0
2026-09-12T19:29:00Z,currencyservice,416919,416873,0,0
2026-09-12T19:29:00Z,emailservice,9512,9512,0,0
2026-09-12T19:29:00Z,frontend,263865,262844,0,0
2026-09-12T19:29:00Z,paymentservice,9512,9512,0,0
2026-09-12T19:29:00Z,productcatalogservice,1192100,1191928,0,0
2026-09-12T19:29:00Z,recommendationservice,167203,167180,0,0
2026-09-12T19:29:00Z,redis-cart,0,0,0,0
2026-09-12T19:29:00Z,shippingservice,114593,114577,0,0
2026-09-12T19:29:01Z,adservice,61576,61279,0,0
2026-09-12T19:29:01Z,cartservice,273591,273565,0,0
2026-09-12T19:29:01Z,checkoutservice,9523,9516,0,0
2026-09-12T19:29:01Z,currencyservice,417569,417523,0,0
2026-09-12T19:29:01Z,emailservice,9522,9522,0,0
2026-09-12T19:29:01Z,frontend,264272,263233,0,0
2026-09-12T19:29:01Z,paymentservice,9522,9522,0,0
2026-09-12T19:29:01Z,productcatalogservice,1193950,1193897,0,0
2026-09-12T19:29:01Z,recommendationservice,167452,167410,0,0
2026-09-12T19:29:01Z,redis-cart,0,0,0,0
2026-09-12T19:29:01Z,shippingservice,114764,114764,0,0
2026-09-12T19:29:02Z,adservice,61698,61402,0,0
2026-09-12T19:29:02Z,cartservice,274033,274005,0,0
2026-09-12T19:29:02Z,checkoutservice,9537,9532,0,0
2026-09-12T19:29:02Z,currencyservice,418254,418208,0,0
2026-09-12T19:29:02Z,emailservice,9532,9532,0,0
2026-09-12T19:29:02Z,frontend,264698,263686,0,0
2026-09-12T19:29:02Z,paymentservice,9532,9532,0,0
2026-09-12T19:29:02Z,productcatalogservice,1195894,1195786,0,0
2026-09-12T19:29:02Z,recommendationservice,167692,167660,0,0
2026-09-12T19:29:02Z,redis-cart,0,0,0,0
2026-09-12T19:29:02Z,shippingservice,114942,114942,0,0
2026-09-12T19:29:03Z,adservice,61790,61494,0,0
2026-09-12T19:29:03Z,cartservice,274470,274443,0,0
2026-09-12T19:29:03Z,checkoutservice,9547,9542,0,0
2026-09-12T19:29:03Z,currencyservice,418909,418863,0,0
2026-09-12T19:29:03Z,emailservice,9542,9542,0,0
2026-09-12T19:29:03Z,frontend,265116,264127,0,0
2026-09-12T19:29:03Z,paymentservice,9542,9542,0,0
2026-09-12T19:29:03Z,productcatalogservice,1197800,1197715,0,0
2026-09-12T19:29:03Z,recommendationservice,167961,167927,0,0
2026-09-12T19:29:03Z,redis-cart,0,0,0,0
2026-09-12T19:29:03Z,shippingservice,115100,115100,0,0
2026-09-12T19:29:04Z,adservice,61893,61597,0,0
2026-09-12T19:29:04Z,cartservice,274837,274811,0,0
2026-09-12T19:29:04Z,checkoutservice,9557,9549,0,0
2026-09-12T19:29:04Z,currencyservice,419587,419541,0,0
2026-09-12T19:29:04Z,emailservice,9552,9552,0,0
2026-09-12T19:29:04Z,frontend,265514,264481,0,0
2026-09-12T19:29:04Z,paymentservice,9552,9552,0,0
2026-09-12T19:29:04Z,productcatalogservice,1199568,1199515,0,0
2026-09-12T19:29:04Z,recommendationservice,168217,168172,0,0
2026-09-12T19:29:04Z,redis-cart,0,0,0,0
2026-09-12T19:29:04Z,shippingservice,115283,115283,0,0
2026-09-12T19:29:05Z,adservice,61983,61687,0,0
2026-09-12T19:29:05Z,cartservice,275299,275272,0,0
2026-09-12T19:29:05Z,checkoutservice,9566,9561,0,0
2026-09-12T19:29:05Z,currencyservice,420272,420221,0,0
2026-09-12T19:29:05Z,emailservice,9562,9562,0,0
2026-09-12T19:29:05Z,frontend,265934,264899,0,0
2026-09-12T19:29:05Z,paymentservice,9562,9562,0,0
2026-09-12T19:29:05Z,productcatalogservice,1201528,1201475,0,0
2026-09-12T19:29:05Z,recommendationservice,168480,168457,0,0
2026-09-12T19:29:05Z,redis-cart,0,0,0,0
2026-09-12T19:29:05Z,shippingservice,115461,115461,0,0
2026-09-12T19:29:06Z,adservice,62094,61798,0,0
2026-09-12T19:29:06Z,cartservice,275706,275680,0,0
2026-09-12T19:29:06Z,checkoutservice,9577,9572,0,0
2026-09-12T19:29:06Z,currencyservice,420926,420856,0,0
2026-09-12T19:29:06Z,emailservice,9572,9572,0,0
2026-09-12T19:29:06Z,frontend,266340,265328,0,0
2026-09-12T19:29:06Z,paymentservice,9572,9572,0,0
2026-09-12T19:29:06Z,productcatalogservice,1203230,1203177,0,0
2026-09-12T19:29:06Z,recommendationservice,168738,168698,0,0
2026-09-12T19:29:06Z,redis-cart,0,0,0,0
2026-09-12T19:29:06Z,shippingservice,115618,115618,0,0
2026-09-12T19:29:07Z,adservice,62181,61885,0,0
2026-09-12T19:29:07Z,cartservice,276084,276058,0,0
2026-09-12T19:29:07Z,checkoutservice,9579,9574,0,0
2026-09-12T19:29:07Z,currencyservice,421581,421535,0,0
2026-09-12T19:29:07Z,emailservice,9582,9582,0,0
2026-09-12T19:29:07Z,frontend,266726,265691,0,0
2026-09-12T19:29:07Z,paymentservice,9582,9582,0,0
2026-09-12T19:29:07Z,productcatalogservice,1205138,1205082,0,0
2026-09-12T19:29:07Z,recommendationservice,168951,168928,0,0
2026-09-12T19:29:07Z,redis-cart,0,0,0,0
2026-09-12T19:29:07Z,shippingservice,115771,115771,0,0
2026-09-12T19:29:08Z,adservice,62307,62011,0,0
2026-09-12T19:29:08Z,cartservice,276530,276501,0,0
2026-09-12T19:29:08Z,checkoutservice,9597,9592,0,0
2026-09-12T19:29:08Z,currencyservice,422222,422175,0,0
2026-09-12T19:29:08Z,emailservice,9592,9592,0,0
2026-09-12T19:29:08Z,frontend,267141,266133,0,0
2026-09-12T19:29:08Z,paymentservice,9592,9592,0,0
2026-09-12T19:29:08Z,productcatalogservice,1207033,1206945,0,0
2026-09-12T19:29:08Z,recommendationservice,169242,169212,0,0
2026-09-12T19:29:08Z,redis-cart,0,0,0,0
2026-09-12T19:29:08Z,shippingservice,115950,115950,0,0
2026-09-12T19:29:09Z,adservice,62393,62097,0,0
2026-09-12T19:29:09Z,cartservice,276943,276910,0,0
2026-09-12T19:29:09Z,checkoutservice,9607,9602,0,0
2026-09-12T19:29:09Z,currencyservice,422915,422825,0,0
2026-09-12T19:29:09Z,emailservice,9602,9602,0,0
2026-09-12T19:29:09Z,frontend,267561,266540,0,0
2026-09-12T19:29:09Z,paymentservice,9602,9602,0,0
2026-09-12T19:29:09Z,productcatalogservice,1208878,1208815,0,0
2026-09-12T19:29:09Z,recommendationservice,169499,169476,0,0
2026-09-12T19:29:09Z,redis-cart,0,0,0,0
2026-09-12T19:29:09Z,shippingservice,116117,116117,0,0
2026-09-12T19:29:10Z,adservice,62479,62183,0,0
2026-09-12T19:29:10Z,cartservice,277358,277308,0,0
2026-09-12T19:29:10Z,checkoutservice,9613,9608,0,0
2026-09-12T19:29:10Z,currencyservice,423555,423509,0,0
2026-09-12T19:29:10Z,emailservice,9612,9612,0,0
2026-09-12T19:29:10Z,frontend,267959,266925,0,0
2026-09-12T19:29:10Z,paymentservice,9612,9612,0,0
2026-09-12T19:29:10Z,productcatalogservice,1210781,1210728,0,0
2026-09-12T19:29:10Z,recommendationservice,169769,169746,0,0
2026-09-12T19:29:10Z,redis-cart,0,0,0,0
2026-09-12T19:29:10Z,shippingservice,116271,116271,0,0
2026-09-12T19:29:11Z,adservice,62577,62281,0,0
2026-09-12T19:29:11Z,cartservice,277799,277763,0,0
2026-09-12T19:29:11Z,checkoutservice,9626,9621,0,0
2026-09-12T19:29:11Z,currencyservice,424191,424145,0,0
2026-09-12T19:29:11Z,emailservice,9622,9622,0,0
2026-09-12T19:29:11Z,frontend,268367,267359,0,0
2026-09-12T19:29:11Z,paymentservice,9622,9622,0,0
2026-09-12T19:29:11Z,productcatalogservice,1212586,1212533,0,0
2026-09-12T19:29:11Z,recommendationservice,170014,169991,0,0
2026-09-12T19:29:11Z,redis-cart,0,0,0,0
2026-09-12T19:29:11Z,shippingservice,116450,116450,0,0
2026-09-12T19:29:12Z,adservice,62715,62419,0,0
2026-09-12T19:29:12Z,cartservice,278204,278178,0,0
2026-09-12T19:29:12Z,checkoutservice,9637,9632,0,0
2026-09-12T19:29:12Z,currencyservice,424912,424866,0,0
2026-09-12T19:29:12Z,emailservice,9632,9632,0,0
2026-09-12T19:29:12Z,frontend,268762,267770,0,0
2026-09-12T19:29:12Z,paymentservice,9632,9632,0,0
2026-09-12T19:29:12Z,productcatalogservice,1214526,1214415,0,0
2026-09-12T19:29:12Z,recommendationservice,170273,170238,0,0
2026-09-12T19:29:12Z,redis-cart,0,0,0,0
2026-09-12T19:29:12Z,shippingservice,116621,116621,0,0
2026-09-12T19:29:13Z,adservice,62805,62509,0,0
2026-09-12T19:29:13Z,cartservice,278643,278617,0,0
2026-09-12T19:29:13Z,checkoutservice,9647,9642,0,0
2026-09-12T19:29:13Z,currencyservice,425543,425497,0,0
2026-09-12T19:29:13Z,emailservice,9642,9642,0,0
2026-09-12T19:29:13Z,frontend,269179,268202,0,0
2026-09-12T19:29:13Z,paymentservice,9642,9642,0,0
2026-09-12T19:29:13Z,productcatalogservice,1216430,1216364,0,0
2026-09-12T19:29:13Z,recommendationservice,170529,170506,0,0
2026-09-12T19:29:13Z,redis-cart,0,0,0,0
2026-09-12T19:29:13Z,shippingservice,116789,116789,0,0
2026-09-12T19:29:14Z,adservice,62907,62611,0,0
2026-09-12T19:29:14Z,cartservice,279066,279040,0,0
2026-09-12T19:29:14Z,checkoutservice,9657,9652,0,0
2026-09-12T19:29:14Z,currencyservice,426234,426188,0,0
2026-09-12T19:29:14Z,emailservice,9652,9652,0,0
2026-09-12T19:29:14Z,frontend,269593,268620,0,0
2026-09-12T19:29:14Z,paymentservice,9652,9652,0,0
2026-09-12T19:29:14Z,productcatalogservice,1218360,1218224,0,0
2026-09-12T19:29:14Z,recommendationservice,170804,170777,0,0
2026-09-12T19:29:14Z,redis-cart,0,0,0,0
2026-09-12T19:29:14Z,shippingservice,116956,116956,0,0
2026-09-12T19:29:15Z,adservice,63007,62706,0,0
2026-09-12T19:29:15Z,cartservice,279476,279450,0,0
2026-09-12T19:29:15Z,checkoutservice,9667,9662,0,0
2026-09-12T19:29:15Z,currencyservice,426839,426793,0,0
2026-09-12T19:29:15Z,emailservice,9662,9662,0,0
2026-09-12T19:29:15Z,frontend,270002,269031,0,0
2026-09-12T19:29:15Z,paymentservice,9662,9662,0,0
2026-09-12T19:29:15Z,productcatalogservice,1220106,1220053,0,0
2026-09-12T19:29:15Z,recommendationservice,171044,171021,0,0
2026-09-12T19:29:15Z,redis-cart,0,0,0,0
2026-09-12T19:29:15Z,shippingservice,117120,117120,0,0
2026-09-12T19:29:16Z,adservice,63022,62721,0,0
2026-09-12T19:29:16Z,cartservice,279638,279611,0,0
2026-09-12T19:29:16Z,checkoutservice,9667,9662,0,0
2026-09-12T19:29:16Z,currencyservice,426984,426929,0,0
2026-09-12T19:29:16Z,emailservice,9662,9662,0,0
2026-09-12T19:29:16Z,frontend,270148,269168,0,0
2026-09-12T19:29:16Z,paymentservice,9662,9662,0,0
2026-09-12T19:29:16Z,productcatalogservice,1220777,1220689,0,0
2026-09-12T19:29:16Z,recommendationservice,171118,171078,0,0
2026-09-12T19:29:16Z,redis-cart,0,0,0,0
2026-09-12T19:29:16Z,shippingservice,117157,117157,0,0
2026-09-12T19:29:17Z,adservice,63022,62721,0,0
2026-09-12T19:29:17Z,cartservice,279638,279611,0,0
2026-09-12T19:29:17Z,checkoutservice,9667,9662,0,0
2026-09-12T19:29:17Z,currencyservice,426984,426929,0,0
2026-09-12T19:29:17Z,emailservice,9662,9662,0,0
2026-09-12T19:29:17Z,frontend,270148,269168,0,0
2026-09-12T19:29:17Z,paymentservice,9662,9662,0,0
2026-09-12T19:29:17Z,productcatalogservice,1220777,1220689,0,0
2026-09-12T19:29:17Z,recommendationservice,171118,171078,0,0
2026-09-12T19:29:17Z,redis-cart,0,0,0,0
2026-09-12T19:29:17Z,shippingservice,117157,117157,0,0
2026-09-12T19:29:18Z,adservice,63022,62721,0,0
2026-09-12T19:29:18Z,cartservice,279638,279611,0,0
2026-09-12T19:29:18Z,checkoutservice,9667,9662,0,0
2026-09-12T19:29:18Z,currencyservice,426984,426929,0,0
2026-09-12T19:29:18Z,emailservice,9662,9662,0,0
2026-09-12T19:29:18Z,frontend,270148,269168,0,0
2026-09-12T19:29:18Z,paymentservice,9662,9662,0,0
2026-09-12T19:29:18Z,productcatalogservice,1220777,1220689,0,0
2026-09-12T19:29:18Z,recommendationservice,171118,171078,0,0
2026-09-12T19:29:18Z,redis-cart,0,0,0,0
2026-09-12T19:29:18Z,shippingservice,117157,117157,0,0
2026-09-12T19:29:19Z,adservice,63022,62721,0,0
2026-09-12T19:29:19Z,cartservice,279638,279611,0,0
2026-09-12T19:29:19Z,checkoutservice,9667,9662,0,0
2026-09-12T19:29:19Z,currencyservice,426984,426929,0,0
2026-09-12T19:29:19Z,emailservice,9662,9662,0,0
2026-09-12T19:29:19Z,frontend,270148,269168,0,0
2026-09-12T19:29:19Z,paymentservice,9662,9662,0,0
2026-09-12T19:29:19Z,productcatalogservice,1220777,1220689,0,0
2026-09-12T19:29:19Z,recommendationservice,171118,171078,0,0
2026-09-12T19:29:19Z,redis-cart,0,0,0,0
2026-09-12T19:29:19Z,shippingservice,117157,117157,0,0
2026-09-12T19:29:20Z,adservice,63022,62721,0,0
2026-09-12T19:29:20Z,cartservice,279638,279611,0,0
2026-09-12T19:29:20Z,checkoutservice,9667,9662,0,0
2026-09-12T19:29:20Z,currencyservice,426984,426929,0,0
2026-09-12T19:29:20Z,emailservice,9662,9662,0,0
2026-09-12T19:29:20Z,frontend,270148,269168,0,0
2026-09-12T19:29:20Z,paymentservice,9662,9662,0,0
2026-09-12T19:29:20Z,productcatalogservice,1220777,1220689,0,0
2026-09-12T19:29:20Z,recommendationservice,171118,171078,0,0
2026-09-12T19:29:20Z,redis-cart,0,0,0,0
2026-09-12T19:29:20Z,shippingservice,117157,117157,0,0
2026-09-12T19:29:21Z,adservice,63022,62721,0,0
2026-09-12T19:29:21Z,cartservice,279638,279611,0,0
2026-09-12T19:29:21Z,checkoutservice,9667,9662,0,0
2026-09-12T19:29:21Z,currencyservice,426984,426929,0,0
2026-09-12T19:29:21Z,emailservice,9662,9662,0,0
2026-09-12T19:29:21Z,frontend,270148,269168,0,0
2026-09-12T19:29:21Z,paymentservice,9662,9662,0,0
2026-09-12T19:29:21Z,productcatalogservice,1220777,1220689,0,0
2026-09-12T19:29:21Z,recommendationservice,171118,171078,0,0
2026-09-12T19:29:21Z,redis-cart,0,0,0,0
2026-09-12T19:29:21Z,shippingservice,117157,117157,0,0
