timestamp,service,cadvisor_cpu,quota,alpha,utilization,overloaded
2026-10-06T06:42:53Z,frontend,0.0,1150,0.8,0.0,0
2026-10-06T06:42:53Z,cartservice,0.0,800,0.95,0.0,0
2026-10-06T06:42:53Z,checkoutservice,0.0,800,0.8,0.0,0
2026-10-06T06:42:53Z,productcatalogservice,0.0,800,0.95,0.0,0
2026-10-06T06:42:53Z,paymentservice,0.0,155,0.8,0.0,0
2026-10-06T06:42:53Z,recommendationservice,0.0,1150,0.8,0.0,0
2026-10-06T06:42:53Z,shippingservice,0.0,770,0.8,0.0,0
2026-10-06T06:42:53Z,currencyservice,0.0,770,0.8,0.0,0
2026-10-06T06:42:53Z,emailservice,0.0,120,0.8,0.0,0
2026-10-06T06:42:53Z,adservice,23.0,1150,0.8,0.02,0
2026-10-06T06:42:53Z,redis-cart,3.0,540,0.8,0.005555555555555556,0
2026-10-06T06:42:54Z,frontend,0.0,1150,0.8,0.0,0
2026-10-06T06:42:54Z,cartservice,0.0,800,0.95,0.0,0
2026-10-06T06:42:54Z,checkoutservice,0.0,800,0.8,0.0,0
2026-10-06T06:42:54Z,productcatalogservice,0.0,800,0.95,0.0,0
2026-10-06T06:42:54Z,paymentservice,0.0,155,0.8,0.0,0
2026-10-06T06:42:54Z,recommendationservice,28.0,1150,0.8,0.02434782608695652,0
2026-10-06T06:42:54Z,shippingservice,0.0,770,0.8,0.0,0
2026-10-06T06:42:54Z,currencyservice,0.0,770,0.8,0.0,0
2026-10-06T06:42:54Z,emailservice,0.0,120,0.8,0.0,0
2026-10-06T06:42:54Z,adservice,24.0,1150,0.8,0.020869565217391306,0
2026-10-06T06:42:54Z,redis-cart,4.0,540,0.8,0.007407407407407408,0
2026-10-06T06:42:55Z,frontend,0.0,1150,0.8,0.0,0
2026-10-06T06:42:55Z,cartservice,24.0,800,0.95,0.03,0
2026-10-06T06:42:55Z,checkoutservice,0.0,800,0.8,0.0,0
2026-10-06T06:42:55Z,productcatalogservice,0.0,800,0.95,0.0,0
2026-10-06T06:42:55Z,paymentservice,0.0,155,0.8,0.0,0
2026-10-06T06:42:55Z,recommendationservice,0.0,1150,0.8,0.0,0
2026-10-06T06:42:55Z,shippingservice,0.0,770,0.8,0.0,0
2026-10-06T06:42:55Z,currencyservice,25.0,770,0.8,0.032467532467532464,0
2026-10-06T06:42:55Z,emailservice,27.0,120,0.8,0.225,0
2026-10-06T06:42:55Z,adservice,22.0,1150,0.8,0.019130434782608695,0
2026-10-06T06:42:55Z,redis-cart,4.0,540,0.8,0.007407407407407408,0
2026-10-06T06:42:56Z,frontend,0.0,1150,0.8,0.0,0
2026-10-06T06:42:56Z,cartservice,0.0,800,0.95,0.0,0
2026-10-06T06:42:56Z,checkoutservice,0.0,800,0.8,0.0,0
2026-10-06T06:42:56Z,productcatalogservice,0.0,800,0.95,0.0,0
2026-10-06T06:42:56Z,paymentservice,0.0,155,0.8,0.0,0
2026-10-06T06:42:56Z,recommendationservice,0.0,1150,0.8,0.0,0
2026-10-06T06:42:56Z,shippingservice,0.0,770,0.8,0.0,0
2026-10-06T06:42:56Z,currencyservice,25.0,770,0.8,0.032467532467532464,0
2026-10-06T06:42:56Z,emailservice,0.0,120,0.8,0.0,0
2026-10-06T06:42:56Z,adservice,22.0,1150,0.8,0.019130434782608695,0
2026-10-06T06:42:56Z,redis-cart,4.0,540,0.8,0.007407407407407408,0
2026-10-06T06:42:57Z,frontend,0.0,1150,0.8,0.0,0
2026-10-06T06:42:57Z,cartservice,0.0,800,0.95,0.0,0
2026-10-06T06:42:57Z,checkoutservice,0.0,800,0.8,0.0,0
2026-10-06T06:42:57Z,productcatalogservice,0.0,800,0.95,0.0,0
2026-10-06T06:42:57Z,paymentservice,0.0,155,0.8,0.0,0
2026-10-06T06:42:57Z,recommendationservice,0.0,1150,0.8,0.0,0
2026-10-06T06:42:57Z,shippingservice,18.0,770,0.8,0.023376623376623377,0
2026-10-06T06:42:57Z,currencyservice,0.0,770,0.8,0.0,0
2026-10-06T06:42:57Z,emailservice,0.0,120,0.8,0.0,0
2026-10-06T06:42:57Z,adservice,23.0,1150,0.8,0.02,0
2026-10-06T06:42:57Z,redis-cart,4.0,540,0.8,0.007407407407407408,0
2026-10-06T06:42:58Z,frontend,0.0,1150,0.8,0.0,0
2026-10-06T06:42:58Z,cartservice,0.0,800,0.95,0.0,0
2026-10-06T06:42:58Z,checkoutservice,0.0,800,0.8,0.0,0
2026-10-06T06:42:58Z,productcatalogservice,0.0,800,0.95,0.0,0
2026-10-06T06:42:58Z,paymentservice,0.0,155,0.8,0.0,0
2026-10-06T06:42:58Z,recommendationservice,0.0,1150,0.8,0.0,0
2026-10-06T06:42:58Z,shippingservice,0.0,770,0.8,0.0,0
2026-10-06T06:42:58Z,currencyservice,0.0,770,0.8,0.0,0
2026-10-06T06:42:58Z,emailservice,0.0,120,0.8,0.0,0
2026-10-06T06:42:58Z,adservice,25.0,1150,0.8,0.021739130434782608,0
2026-10-06T06:42:58Z,redis-cart,4.0,540,0.8,0.007407407407407408,0
2026-10-06T06:42:59Z,frontend,0.0,1150,0.8,0.0,0
2026-10-06T06:42:59Z,cartservice,0.0,800,0.95,0.0,0
2026-10-06T06:42:59Z,checkoutservice,0.0,800,0.8,0.0,0
2026-10-06T06:42:59Z,productcatalogservice,0.0,800,0.95,0.0,0
2026-10-06T06:42:59Z,paymentservice,22.0,155,0.8,0.14193548387096774,0
2026-10-06T06:42:59Z,recommendationservice,18.0,1150,0.8,0.01565217391304348,0
2026-10-06T06:42:59Z,shippingservice,0.0,770,0.8,0.0,0
2026-10-06T06:42:59Z,currencyservice,0.0,770,0.8,0.0,0
2026-10-06T06:42:59Z,emailservice,0.0,120,0.8,0.0,0
2026-10-06T06:42:59Z,adservice,21.0,1150,0.8,0.018260869565217393,0
2026-10-06T06:42:59Z,redis-cart,4.0,540,0.8,0.007407407407407408,0
2026-10-06T06:43:00Z,frontend,0.0,1150,0.8,0.0,0
2026-10-06T06:43:00Z,cartservice,0.0,800,0.95,0.0,0
2026-10-06T06:43:00Z,checkoutservice,16.0,800,0.8,0.02,0
2026-10-06T06:43:00Z,productcatalogservice,21.0,800,0.95,0.02625,0
2026-10-06T06:43:00Z,paymentservice,22.0,155,0.8,0.14193548387096774,0
2026-10-06T06:43:00Z,recommendationservice,18.0,1150,0.8,0.01565217391304348,0
2026-10-06T06:43:00Z,shippingservice,0.0,770,0.8,0.0,0
2026-10-06T06:43:00Z,currencyservice,0.0,770,0.8,0.0,0
2026-10-06T06:43:00Z,emailservice,0.0,120,0.8,0.0,0
2026-10-06T06:43:00Z,adservice,21.0,1150,0.8,0.018260869565217393,0
2026-10-06T06:43:00Z,redis-cart,4.0,540,0.8,0.007407407407407408,0
2026-10-06T06:43:01Z,frontend,0.0,1150,0.8,0.0,0
2026-10-06T06:43:01Z,cartservice,0.0,800,0.95,0.0,0
2026-10-06T06:43:01Z,checkoutservice,16.0,800,0.8,0.02,0
2026-10-06T06:43:01Z,productcatalogservice,0.0,800,0.95,0.0,0
2026-10-06T06:43:01Z,paymentservice,0.0,155,0.8,0.0,0
2026-10-06T06:43:01Z,recommendationservice,0.0,1150,0.8,0.0,0
2026-10-06T06:43:01Z,shippingservice,10.0,770,0.8,0.012987012987012988,0
2026-10-06T06:43:01Z,currencyservice,0.0,770,0.8,0.0,0
2026-10-06T06:43:01Z,emailservice,20.0,120,0.8,0.16666666666666666,0
2026-10-06T06:43:01Z,adservice,43.0,1150,0.8,0.03739130434782609,0
2026-10-06T06:43:01Z,redis-cart,3.0,540,0.8,0.005555555555555556,0
2026-10-06T06:43:02Z,frontend,0.0,1150,0.8,0.0,0
2026-10-06T06:43:02Z,cartservice,0.0,800,0.95,0.0,0
2026-10-06T06:43:02Z,checkoutservice,0.0,800,0.8,0.0,0
2026-10-06T06:43:02Z,productcatalogservice,0.0,800,0.95,0.0,0
2026-10-06T06:43:02Z,paymentservice,0.0,155,0.8,0.0,0
2026-10-06T06:43:02Z,recommendationservice,0.0,1150,0.8,0.0,0
2026-10-06T06:43:02Z,shippingservice,10.0,770,0.8,0.012987012987012988,0
2026-10-06T06:43:02Z,currencyservice,0.0,770,0.8,0.0,0
2026-10-06T06:43:02Z,emailservice,20.0,120,0.8,0.16666666666666666,0
2026-10-06T06:43:02Z,adservice,43.0,1150,0.8,0.03739130434782609,0
2026-10-06T06:43:02Z,redis-cart,4.0,540,0.8,0.007407407407407408,0
2026-10-06T06:43:03Z,frontend,0.0,1150,0.8,0.0,0
2026-10-06T06:43:03Z,cartservice,0.0,800,0.95,0.0,0
2026-10-06T06:43:03Z,checkoutservice,0.0,800,0.8,0.0,0
2026-10-06T06:43:03Z,productcatalogservice,0.0,800,0.95,0.0,0
2026-10-06T06:43:03Z,paymentservice,0.0,155,0.8,0.0,0
2026-10-06T06:43:03Z,recommendationservice,0.0,1150,0.8,0.0,0
2026-10-06T06:43:03Z,shippingservice,0.0,770,0.8,0.0,0
2026-10-06T06:43:03Z,currencyservice,0.0,770,0.8,0.0,0
2026-10-06T06:43:03Z,emailservice,0.0,120,0.8,0.0,0
2026-10-06T06:43:03Z,adservice,28.0,1150,0.8,0.02434782608695652,0
2026-10-06T06:43:03Z,redis-cart,4.0,540,0.8,0.007407407407407408,0
2026-10-06T06:43:04Z,frontend,0.0,1150,0.8,0.0,0
2026-10-06T06:43:04Z,cartservice,21.0,800,0.95,0.02625,0
2026-10-06T06:43:04Z,checkoutservice,0.0,800,0.8,0.0,0
2026-10-06T06:43:04Z,productcatalogservice,0.0,800,0.95,0.0,0
2026-10-06T06:43:04Z,paymentservice,0.0,155,0.8,0.0,0
2026-10-06T06:43:04Z,recommendationservice,0.0,1150,0.8,0.0,0
2026-10-06T06:43:04Z,shippingservice,0.0,770,0.8,0.0,0
2026-10-06T06:43:04Z,currencyservice,0.0,770,0.8,0.0,0
2026-10-06T06:43:04Z,emailservice,10.0,120,0.8,0.08333333333333333,0
2026-10-06T06:43:04Z,adservice,23.0,1150,0.8,0.02,0
2026-10-06T06:43:04Z,redis-cart,4.0,540,0.8,0.007407407407407408,0
2026-10-06T06:43:05Z,frontend,0.0,1150,0.8,0.0,0
2026-10-06T06:43:05Z,cartservice,21.0,800,0.95,0.02625,0
2026-10-06T06:43:05Z,checkoutservice,0.0,800,0.8,0.0,0
2026-10-06T06:43:05Z,productcatalogservice,0.0,800,0.95,0.0,0
2026-10-06T06:43:05Z,paymentservice,0.0,155,0.8,0.0,0
2026-10-06T06:43:05Z,recommendationservice,18.0,1150,0.8,0.01565217391304348,0
2026-10-06T06:43:05Z,shippingservice,0.0,770,0.8,0.0,0
2026-10-06T06:43:05Z,currencyservice,0.0,770,0.8,0.0,0
2026-10-06T06:43:05Z,emailservice,16.0,120,0.8,0.13333333333333333,0
2026-10-06T06:43:05Z,adservice,23.0,1150,0.8,0.02,0
2026-10-06T06:43:05Z,redis-cart,4.0,540,0.8,0.007407407407407408,0
2026-10-06T06:43:06Z,frontend,0.0,1150,0.8,0.0,0
2026-10-06T06:43:06Z,cartservice,0.0,800,0.95,0.0,0
2026-10-06T06:43:06Z,checkoutservice,0.0,800,0.8,0.0,0
2026-10-06T06:43:06Z,productcatalogservice,0.0,800,0.95,0.0,0
2026-10-06T06:43:06Z,paymentservice,0.0,155,0.8,0.0,0
2026-10-06T06:43:06Z,recommendationservice,0.0,1150,0.8,0.0,0
2026-10-06T06:43:06Z,shippingservice,13.0,770,0.8,0.016883116883116882,0
2026-10-06T06:43:06Z,currencyservice,0.0,770,0.8,0.0,0
2026-10-06T06:43:06Z,emailservice,16.0,120,0.8,0.13333333333333333,0
2026-10-06T06:43:06Z,adservice,24.0,1150,0.8,0.020869565217391306,0
2026-10-06T06:43:06Z,redis-cart,4.0,540,0.8,0.007407407407407408,0
2026-10-06T06:43:07Z,frontend,0.0,1150,0.8,0.0,0
2026-10-06T06:43:07Z,cartservice,0.0,800,0.95,0.0,0
2026-10-06T06:43:07Z,checkoutservice,0.0,800,0.8,0.0,0
2026-10-06T06:43:07Z,productcatalogservice,0.0,800,0.95,0.0,0
2026-10-06T06:43:07Z,paymentservice,0.0,155,0.8,0.0,0
2026-10-06T06:43:07Z,recommendationservice,0.0,1150,0.8,0.0,0
2026-10-06T06:43:07Z,shippingservice,0.0,770,0.8,0.0,0
2026-10-06T06:43:07Z,currencyservice,16.0,770,0.8,0.02077922077922078,0
2026-10-06T06:43:07Z,emailservice,0.0,120,0.8,0.0,0
2026-10-06T06:43:07Z,adservice,22.0,1150,0.8,0.019130434782608695,0
2026-10-06T06:43:07Z,redis-cart,4.0,540,0.8,0.007407407407407408,0
2026-10-06T06:43:08Z,frontend,0.0,1150,0.8,0.0,0
2026-10-06T06:43:08Z,cartservice,0.0,800,0.95,0.0,0
2026-10-06T06:43:08Z,checkoutservice,0.0,800,0.8,0.0,0
2026-10-06T06:43:08Z,productcatalogservice,0.0,800,0.95,0.0,0
2026-10-06T06:43:08Z,paymentservice,0.0,155,0.8,0.0,0
2026-10-06T06:43:08Z,recommendationservice,0.0,1150,0.8,0.0,0
2026-10-06T06:43:08Z,shippingservice,0.0,770,0.8,0.0,0
2026-10-06T06:43:08Z,currencyservice,0.0,770,0.8,0.0,0
2026-10-06T06:43:08Z,emailservice,0.0,120,0.8,0.0,0
2026-10-06T06:43:08Z,adservice,22.0,1150,0.8,0.019130434782608695,0
2026-10-06T06:43:08Z,redis-cart,4.0,540,0.8,0.007407407407407408,0
2026-10-06T06:43:09Z,frontend,0.0,1150,0.8,0.0,0
2026-10-06T06:43:09Z,cartservice,0.0,800,0.95,0.0,0
2026-10-06T06:43:09Z,checkoutservice,0.0,800,0.8,0.0,0
2026-10-06T06:43:09Z,productcatalogservice,27.0,800,0.95,0.03375,0
2026-10-06T06:43:09Z,paymentservice,0.0,155,0.8,0.0,0
2026-10-06T06:43:09Z,recommendationservice,0.0,1150,0.8,0.0,0
2026-10-06T06:43:09Z,shippingservice,0.0,770,0.8,0.0,0
2026-10-06T06:43:09Z,currencyservice,0.0,770,0.8,0.0,0
2026-10-06T06:43:09Z,emailservice,0.0,120,0.8,0.0,0
2026-10-06T06:43:09Z,adservice,23.0,1150,0.8,0.02,0
2026-10-06T06:43:09Z,redis-cart,4.0,540,0.8,0.007407407407407408,0
2026-10-06T06:43:10Z,frontend,0.0,1150,0.8,0.0,0
2026-10-06T06:43:10Z,cartservice,0.0,800,0.95,0.0,0
2026-10-06T06:43:10Z,checkoutservice,19.0,800,0.8,0.02375,0
2026-10-06T06:43:10Z,productcatalogservice,0.0,800,0.95,0.0,0
2026-10-06T06:43:10Z,paymentservice,15.0,155,0.8,0.0967741935483871,0
2026-10-06T06:43:10Z,recommendationservice,17.0,1150,0.8,0.014782608695652174,0
2026-10-06T06:43:10Z,shippingservice,0.0,770,0.8,0.0,0
2026-10-06T06:43:10Z,currencyservice,0.0,770,0.8,0.0,0
2026-10-06T06:43:10Z,emailservice,21.0,120,0.8,0.175,0
2026-10-06T06:43:10Z,adservice,23.0,1150,0.8,0.02,0
2026-10-06T06:43:10Z,redis-cart,3.0,540,0.8,0.005555555555555556,0
2026-10-06T06:43:11Z,frontend,0.0,1150,0.8,0.0,0
2026-10-06T06:43:11Z,cartservice,0.0,800,0.95,0.0,0
2026-10-06T06:43:11Z,checkoutservice,19.0,800,0.8,0.02375,0
2026-10-06T06:43:11Z,productcatalogservice,0.0,800,0.95,0.0,0
2026-10-06T06:43:11Z,paymentservice,0.0,155,0.8,0.0,0
2026-10-06T06:43:11Z,recommendationservice,17.0,1150,0.8,0.014782608695652174,0
2026-10-06T06:43:11Z,shippingservice,0.0,770,0.8,0.0,0
2026-10-06T06:43:11Z,currencyservice,0.0,770,0.8,0.0,0
2026-10-06T06:43:11Z,emailservice,21.0,120,0.8,0.175,0
2026-10-06T06:43:11Z,adservice,22.0,1150,0.8,0.019130434782608695,0
2026-10-06T06:43:11Z,redis-cart,4.0,540,0.8,0.007407407407407408,0
2026-10-06T06:43:12Z,frontend,0.0,1150,0.8,0.0,0
2026-10-06T06:43:12Z,cartservice,0.0,800,0.95,0.0,0
2026-10-06T06:43:12Z,checkoutservice,0.0,800,0.8,0.0,0
2026-10-06T06:43:12Z,productcatalogservice,0.0,800,0.95,0.0,0
2026-10-06T06:43:12Z,paymentservice,0.0,155,0.8,0.0,0
2026-10-06T06:43:12Z,recommendationservice,0.0,1150,0.8,0.0,0
2026-10-06T06:43:12Z,shippingservice,11.0,770,0.8,0.014285714285714285,0
2026-10-06T06:43:12Z,currencyservice,0.0,770,0.8,0.0,0
2026-10-06T06:43:12Z,emailservice,0.0,120,0.8,0.0,0
2026-10-06T06:43:12Z,adservice,20.0,1150,0.8,0.017391304347826087,0
2026-10-06T06:43:12Z,redis-cart,3.0,540,0.8,0.005555555555555556,0
2026-10-06T06:43:13Z,frontend,0.0,1150,0.8,0.0,0
2026-10-06T06:43:13Z,cartservice,0.0,800,0.95,0.0,0
2026-10-06T06:43:13Z,checkoutservice,0.0,800,0.8,0.0,0
2026-10-06T06:43:13Z,productcatalogservice,0.0,800,0.95,0.0,0
2026-10-06T06:43:13Z,paymentservice,0.0,155,0.8,0.0,0
2026-10-06T06:43:13Z,recommendationservice,0.0,1150,0.8,0.0,0
2026-10-06T06:43:13Z,shippingservice,0.0,770,0.8,0.0,0
2026-10-06T06:43:13Z,currencyservice,0.0,770,0.8,0.0,0
2026-10-06T06:43:13Z,emailservice,0.0,120,0.8,0.0,0
2026-10-06T06:43:13Z,adservice,20.0,1150,0.8,0.017391304347826087,0
2026-10-06T06:43:13Z,redis-cart,3.0,540,0.8,0.005555555555555556,0
2026-10-06T06:43:14Z,frontend,0.0,1150,0.8,0.0,0
2026-10-06T06:43:14Z,cartservice,18.0,800,0.95,0.0225,0
2026-10-06T06:43:14Z,checkoutservice,0.0,800,0.8,0.0,0
2026-10-06T06:43:14Z,productcatalogservice,0.0,800,0.95,0.0,0
2026-10-06T06:43:14Z,paymentservice,0.0,155,0.8,0.0,0
2026-10-06T06:43:14Z,recommendationservice,23.0,1150,0.8,0.02,0
2026-10-06T06:43:14Z,shippingservice,0.0,770,0.8,0.0,0
2026-10-06T06:43:14Z,currencyservice,0.0,770,0.8,0.0,0
2026-10-06T06:43:14Z,emailservice,0.0,120,0.8,0.0,0
2026-10-06T06:43:14Z,adservice,23.0,1150,0.8,0.02,0
2026-10-06T06:43:14Z,redis-cart,4.0,540,0.8,0.007407407407407408,0
2026-10-06T06:43:15Z,frontend,0.0,1150,0.8,0.0,0
2026-10-06T06:43:15Z,cartservice,0.0,800,0.95,0.0,0
2026-10-06T06:43:15Z,checkoutservice,0.0,800,0.8,0.0,0
2026-10-06T06:43:15Z,productcatalogservice,0.0,800,0.95,0.0,0
2026-10-06T06:43:15Z,paymentservice,0.0,155,0.8,0.0,0
2026-10-06T06:43:15Z,recommendationservice,0.0,1150,0.8,0.0,0
2026-10-06T06:43:15Z,shippingservice,0.0,770,0.8,0.0,0
2026-10-06T06:43:15Z,currencyservice,20.0,770,0.8,0.025974025974025976,0
2026-10-06T06:43:15Z,emailservice,0.0,120,0.8,0.0,0
2026-10-06T06:43:15Z,adservice,21.0,1150,0.8,0.018260869565217393,0
2026-10-06T06:43:15Z,redis-cart,4.0,540,0.8,0.007407407407407408,0
2026-10-06T06:43:16Z,frontend,0.0,1150,0.8,0.0,0
2026-10-06T06:43:16Z,cartservice,0.0,800,0.95,0.0,0
2026-10-06T06:43:16Z,checkoutservice,0.0,800,0.8,0.0,0
2026-10-06T06:43:16Z,productcatalogservice,0.0,800,0.95,0.0,0
2026-10-06T06:43:16Z,paymentservice,0.0,155,0.8,0.0,0
2026-10-06T06:43:16Z,recommendationservice,0.0,1150,0.8,0.0,0
2026-10-06T06:43:16Z,shippingservice,26.0,770,0.8,0.033766233766233764,0
2026-10-06T06:43:16Z,currencyservice,20.0,770,0.8,0.025974025974025976,0
2026-10-06T06:43:16Z,emailservice,16.0,120,0.8,0.13333333333333333,0
2026-10-06T06:43:16Z,adservice,21.0,1150,0.8,0.018260869565217393,0
2026-10-06T06:43:16Z,redis-cart,4.0,540,0.8,0.007407407407407408,0
2026-10-06T06:43:17Z,frontend,0.0,1150,0.8,0.0,0
2026-10-06T06:43:17Z,cartservice,0.0,800,0.95,0.0,0
2026-10-06T06:43:17Z,checkoutservice,0.0,800,0.8,0.0,0
2026-10-06T06:43:17Z,productcatalogservice,0.0,800,0.95,0.0,0
2026-10-06T06:43:17Z,paymentservice,0.0,155,0.8,0.0,0
2026-10-06T06:43:17Z,recommendationservice,0.0,1150,0.8,0.0,0
2026-10-06T06:43:17Z,shippingservice,0.0,770,0.8,0.0,0
2026-10-06T06:43:17Z,currencyservice,0.0,770,0.8,0.0,0
2026-10-06T06:43:17Z,emailservice,0.0,120,0.8,0.0,0
2026-10-06T06:43:17Z,adservice,47.0,1150,0.8,0.0408695652173913,0
2026-10-06T06:43:17Z,redis-cart,4.0,540,0.8,0.007407407407407408,0
2026-10-06T06:43:18Z,frontend,0.0,1150,0.8,0.0,0
2026-10-06T06:43:18Z,cartservice,0.0,800,0.95,0.0,0
2026-10-06T06:43:18Z,checkoutservice,0.0,800,0.8,0.0,0
2026-10-06T06:43:18Z,productcatalogservice,0.0,800,0.95,0.0,0
2026-10-06T06:43:18Z,paymentservice,0.0,155,0.8,0.0,0
2026-10-06T06:43:18Z,recommendationservice,0.0,1150,0.8,0.0,0
2026-10-06T06:43:18Z,shippingservice,0.0,770,0.8,0.0,0
2026-10-06T06:43:18Z,currencyservice,0.0,770,0.8,0.0,0
2026-10-06T06:43:18Z,emailservice,0.0,120,0.8,0.0,0
2026-10-06T06:43:18Z,adservice,47.0,1150,0.8,0.0408695652173913,0
2026-10-06T06:43:18Z,redis-cart,4.0,540,0.8,0.007407407407407408,0
2026-10-06T06:43:19Z,frontend,0.0,1150,0.8,0.0,0
2026-10-06T06:43:19Z,cartservice,0.0,800,0.95,0.0,0
2026-10-06T06:43:19Z,checkoutservice,18.0,800,0.8,0.0225,0
2026-10-06T06:43:19Z,productcatalogservice,0.0,800,0.95,0.0,0
2026-10-06T06:43:19Z,paymentservice,14.0,155,0.8,0.09032258064516129,0
2026-10-06T06:43:19Z,recommendationservice,23.0,1150,0.8,0.02,0
2026-10-06T06:43:19Z,shippingservice,0.0,770,0.8,0.0,0
2026-10-06T06:43:19Z,currencyservice,0.0,770,0.8,0.0,0
2026-10-06T06:43:19Z,emailservice,0.0,120,0.8,0.0,0
2026-10-06T06:43:19Z,adservice,24.0,1150,0.8,0.020869565217391306,0
2026-10-06T06:43:19Z,redis-cart,4.0,540,0.8,0.007407407407407408,0
2026-10-06T06:43:20Z,frontend,0.0,1150,0.8,0.0,0
2026-10-06T06:43:20Z,cartservice,0.0,800,0.95,0.0,0
2026-10-06T06:43:20Z,checkoutservice,0.0,800,0.8,0.0,0
2026-10-06T06:43:20Z,productcatalogservice,22.0,800,0.95,0.0275,0
2026-10-06T06:43:20Z,paymentservice,0.0,155,0.8,0.0,0
2026-10-06T06:43:20Z,recommendationservice,0.0,1150,0.8,0.0,0
2026-10-06T06:43:20Z,shippingservice,7.0,770,0.8,0.00909090909090909,0
2026-10-06T06:43:20Z,currencyservice,0.0,770,0.8,0.0,0
2026-10-06T06:43:20Z,emailservice,20.0,120,0.8,0.16666666666666666,0
2026-10-06T06:43:20Z,adservice,23.0,1150,0.8,0.02,0
2026-10-06T06:43:20Z,redis-cart,4.0,540,0.8,0.007407407407407408,0
2026-10-06T06:43:21Z,frontend,0.0,1150,0.8,0.0,0
2026-10-06T06:43:21Z,cartservice,0.0,800,0.95,0.0,0
2026-10-06T06:43:21Z,checkoutservice,0.0,800,0.8,0.0,0
2026-10-06T06:43:21Z,productcatalogservice,0.0,800,0.95,0.0,0
2026-10-06T06:43:21Z,paymentservice,0.0,155,0.8,0.0,0
2026-10-06T06:43:21Z,recommendationservice,0.0,1150,0.8,0.0,0
2026-10-06T06:43:21Z,shippingservice,7.0,770,0.8,0.00909090909090909,0
2026-10-06T06:43:21Z,currencyservice,0.0,770,0.8,0.0,0
2026-10-06T06:43:21Z,emailservice,20.0,120,0.8,0.16666666666666666,0
2026-10-06T06:43:21Z,adservice,23.0,1150,0.8,0.02,0
2026-10-06T06:43:21Z,redis-cart,4.0,540,0.8,0.007407407407407408,0
2026-10-06T06:43:22Z,frontend,0.0,1150,0.8,0.0,0
2026-10-06T06:43:22Z,cartservice,0.0,800,0.95,0.0,0
2026-10-06T06:43:22Z,checkoutservice,0.0,800,0.8,0.0,0
2026-10-06T06:43:22Z,productcatalogservice,0.0,800,0.95,0.0,0
2026-10-06T06:43:22Z,paymentservice,0.0,155,0.8,0.0,0
2026-10-06T06:43:22Z,recommendationservice,0.0,1150,0.8,0.0,0
2026-10-06T06:43:22Z,shippingservice,0.0,770,0.8,0.0,0
2026-10-06T06:43:22Z,currencyservice,0.0,770,0.8,0.0,0
2026-10-06T06:43:22Z,emailservice,0.0,120,0.8,0.0,0
2026-10-06T06:43:22Z,adservice,21.0,1150,0.8,0.018260869565217393,0
2026-10-06T06:43:22Z,redis-cart,4.0,540,0.8,0.007407407407407408,0
2026-10-06T06:43:23Z,frontend,0.0,1150,0.8,0.0,0
2026-10-06T06:43:23Z,cartservice,0.0,800,0.95,0.0,0
2026-10-06T06:43:23Z,checkoutservice,0.0,800,0.8,0.0,0
2026-10-06T06:43:23Z,productcatalogservice,0.0,800,0.95,0.0,0
2026-10-06T06:43:23Z,paymentservice,0.0,155,0.8,0.0,0
2026-10-06T06:43:23Z,recommendationservice,0.0,1150,0.8,0.0,0
2026-10-06T06:43:23Z,shippingservice,0.0,770,0.8,0.0,0
2026-10-06T06:43:23Z,currencyservice,0.0,770,0.8,0.0,0
2026-10-06T06:43:23Z,emailservice,0.0,120,0.8,0.0,0
2026-10-06T06:43:23Z,adservice,26.0,1150,0.8,0.022608695652173914,0
2026-10-06T06:43:23Z,redis-cart,3.0,540,0.8,0.005555555555555556,0
2026-10-06T06:43:24Z,frontend,0.0,1150,0.8,0.0,0
2026-10-06T06:43:24Z,cartservice,19.0,800,0.95,0.02375,0
2026-10-06T06:43:24Z,checkoutservice,0.0,800,0.8,0.0,0
2026-10-06T06:43:24Z,productcatalogservice,0.0,800,0.95,0.0,0
2026-10-06T06:43:24Z,paymentservice,0.0,155,0.8,0.0,0
2026-10-06T06:43:24Z,recommendationservice,0.0,1150,0.8,0.0,0
2026-10-06T06:43:24Z,shippingservice,0.0,770,0.8,0.0,0
2026-10-06T06:43:24Z,currencyservice,0.0,770,0.8,0.0,0
2026-10-06T06:43:24Z,emailservice,0.0,120,0.8,0.0,0
2026-10-06T06:43:24Z,adservice,22.0,1150,0.8,0.019130434782608695,0
2026-10-06T06:43:24Z,redis-cart,3.0,540,0.8,0.005555555555555556,0
2026-10-06T06:43:25Z,frontend,0.0,1150,0.8,0.0,0
2026-10-06T06:43:25Z,cartservice,0.0,800,0.95,0.0,0
2026-10-06T06:43:25Z,checkoutservice,0.0,800,0.8,0.0,0
2026-10-06T06:43:25Z,productcatalogservice,0.0,800,0.95,0.0,0
2026-10-06T06:43:25Z,paymentservice,0.0,155,0.8,0.0,0
2026-10-06T06:43:25Z,recommendationservice,22.0,1150,0.8,0.019130434782608695,0
2026-10-06T06:43:25Z,shippingservice,0.0,770,0.8,0.0,0
2026-10-06T06:43:25Z,currencyservice,20.0,770,0.8,0.025974025974025976,0
2026-10-06T06:43:25Z,emailservice,0.0,120,0.8,0.0,0
2026-10-06T06:43:25Z,adservice,22.0,1150,0.8,0.019130434782608695,0
2026-10-06T06:43:25Z,redis-cart,3.0,540,0.8,0.005555555555555556,0
2026-10-06T06:43:26Z,frontend,0.0,1150,0.8,0.0,0
2026-10-06T06:43:26Z,cartservice,0.0,800,0.95,0.0,0
2026-10-06T06:43:26Z,checkoutservice,0.0,800,0.8,0.0,0
2026-10-06T06:43:26Z,productcatalogservice,0.0,800,0.95,0.0,0
2026-10-06T06:43:26Z,paymentservice,0.0,155,0.8,0.0,0
2026-10-06T06:43:26Z,recommendationservice,0.0,1150,0.8,0.0,0
2026-10-06T06:43:26Z,shippingservice,16.0,770,0.8,0.02077922077922078,0
2026-10-06T06:43:26Z,currencyservice,20.0,770,0.8,0.025974025974025976,0
2026-10-06T06:43:26Z,emailservice,16.0,120,0.8,0.13333333333333333,0
2026-10-06T06:43:26Z,adservice,23.0,1150,0.8,0.02,0
2026-10-06T06:43:26Z,redis-cart,4.0,540,0.8,0.007407407407407408,0
2026-10-06T06:43:27Z,frontend,0.0,1150,0.8,0.0,0
2026-10-06T06:43:27Z,cartservice,0.0,800,0.95,0.0,0
2026-10-06T06:43:27Z,checkoutservice,0.0,800,0.8,0.0,0
2026-10-06T06:43:27Z,productcatalogservice,0.0,800,0.95,0.0,0
2026-10-06T06:43:27Z,paymentservice,0.0,155,0.8,0.0,0
2026-10-06T06:43:27Z,recommendationservice,0.0,1150,0.8,0.0,0
2026-10-06T06:43:27Z,shippingservice,16.0,770,0.8,0.02077922077922078,0
2026-10-06T06:43:27Z,currencyservice,0.0,770,0.8,0.0,0
2026-10-06T06:43:27Z,emailservice,0.0,120,0.8,0.0,0
2026-10-06T06:43:27Z,adservice,23.0,1150,0.8,0.02,0
2026-10-06T06:43:27Z,redis-cart,4.0,540,0.8,0.007407407407407408,0
2026-10-06T06:43:28Z,frontend,0.0,1150,0.8,0.0,0
2026-10-06T06:43:28Z,cartservice,0.0,800,0.95,0.0,0
2026-10-06T06:43:28Z,checkoutservice,0.0,800,0.8,0.0,0
2026-10-06T06:43:28Z,productcatalogservice,0.0,800,0.95,0.0,0
2026-10-06T06:43:28Z,paymentservice,0.0,155,0.8,0.0,0
2026-10-06T06:43:28Z,recommendationservice,0.0,1150,0.8,0.0,0
2026-10-06T06:43:28Z,shippingservice,0.0,770,0.8,0.0,0
2026-10-06T06:43:28Z,currencyservice,0.0,770,0.8,0.0,0
2026-10-06T06:43:28Z,emailservice,0.0,120,0.8,0.0,0
2026-10-06T06:43:28Z,adservice,25.0,1150,0.8,0.021739130434782608,0
2026-10-06T06:43:28Z,redis-cart,4.0,540,0.8,0.007407407407407408,0
2026-10-06T06:43:29Z,frontend,0.0,1150,0.8,0.0,0
2026-10-06T06:43:29Z,cartservice,0.0,800,0.95,0.0,0
2026-10-06T06:43:29Z,checkoutservice,22.0,800,0.8,0.0275,0
2026-10-06T06:43:29Z,productcatalogservice,28.0,800,0.95,0.035,0
2026-10-06T06:43:29Z,paymentservice,17.0,155,0.8,0.10967741935483871,0
2026-10-06T06:43:29Z,recommendationservice,0.0,1150,0.8,0.0,0
2026-10-06T06:43:29Z,shippingservice,0.0,770,0.8,0.0,0
2026-10-06T06:43:29Z,currencyservice,0.0,770,0.8,0.0,0
2026-10-06T06:43:29Z,emailservice,0.0,120,0.8,0.0,0
2026-10-06T06:43:29Z,adservice,24.0,1150,0.8,0.020869565217391306,0
2026-10-06T06:43:29Z,redis-cart,3.0,540,0.8,0.005555555555555556,0
2026-10-06T06:43:30Z,frontend,0.0,1150,0.8,0.0,0
2026-10-06T06:43:30Z,cartservice,0.0,800,0.95,0.0,0
2026-10-06T06:43:30Z,checkoutservice,0.0,800,0.8,0.0,0
2026-10-06T06:43:30Z,productcatalogservice,28.0,800,0.95,0.035,0
2026-10-06T06:43:30Z,paymentservice,0.0,155,0.8,0.0,0
2026-10-06T06:43:30Z,recommendationservice,22.0,1150,0.8,0.019130434782608695,0
2026-10-06T06:43:30Z,shippingservice,0.0,770,0.8,0.0,0
2026-10-06T06:43:30Z,currencyservice,0.0,770,0.8,0.0,0
2026-10-06T06:43:30Z,emailservice,33.0,120,0.8,0.275,0
2026-10-06T06:43:30Z,adservice,24.0,1150,0.8,0.020869565217391306,0
2026-10-06T06:43:30Z,redis-cart,4.0,540,0.8,0.007407407407407408,0
2026-10-06T06:43:31Z,frontend,0.0,1150,0.8,0.0,0
2026-10-06T06:43:31Z,cartservice,0.0,800,0.95,0.0,0
2026-10-06T06:43:31Z,checkoutservice,0.0,800,0.8,0.0,0
2026-10-06T06:43:31Z,productcatalogservice,0.0,800,0.95,0.0,0
2026-10-06T06:43:31Z,paymentservice,0.0,155,0.8,0.0,0
2026-10-06T06:43:31Z,recommendationservice,0.0,1150,0.8,0.0,0
2026-10-06T06:43:31Z,shippingservice,11.0,770,0.8,0.014285714285714285,0
2026-10-06T06:43:31Z,currencyservice,0.0,770,0.8,0.0,0
2026-10-06T06:43:31Z,emailservice,0.0,120,0.8,0.0,0
2026-10-06T06:43:31Z,adservice,24.0,1150,0.8,0.020869565217391306,0
2026-10-06T06:43:31Z,redis-cart,4.0,540,0.8,0.007407407407407408,0
2026-10-06T06:43:32Z,frontend,0.0,1150,0.8,0.0,0
2026-10-06T06:43:32Z,cartservice,0.0,800,0.95,0.0,0
2026-10-06T06:43:32Z,checkoutservice,0.0,800,0.8,0.0,0
2026-10-06T06:43:32Z,productcatalogservice,0.0,800,0.95,0.0,0
2026-10-06T06:43:32Z,paymentservice,0.0,155,0.8,0.0,0
2026-10-06T06:43:32Z,recommendationservice,0.0,1150,0.8,0.0,0
2026-10-06T06:43:32Z,shippingservice,0.0,770,0.8,0.0,0
2026-10-06T06:43:32Z,currencyservice,0.0,770,0.8,0.0,0
2026-10-06T06:43:32Z,emailservice,0.0,120,0.8,0.0,0
2026-10-06T06:43:32Z,adservice,49.0,1150,0.8,0.042608695652173914,0
2026-10-06T06:43:32Z,redis-cart,4.0,540,0.8,0.007407407407407408,0
2026-10-06T06:43:33Z,frontend,0.0,1150,0.8,0.0,0
2026-10-06T06:43:33Z,cartservice,0.0,800,0.95,0.0,0
2026-10-06T06:43:33Z,checkoutservice,0.0,800,0.8,0.0,0
2026-10-06T06:43:33Z,productcatalogservice,0.0,800,0.95,0.0,0
2026-10-06T06:43:33Z,paymentservice,0.0,155,0.8,0.0,0
2026-10-06T06:43:33Z,recommendationservice,0.0,1150,0.8,0.0,0
2026-10-06T06:43:33Z,shippingservice,0.0,770,0.8,0.0,0
2026-10-06T06:43:33Z,currencyservice,0.0,770,0.8,0.0,0
2026-10-06T06:43:33Z,emailservice,0.0,120,0.8,0.0,0
2026-10-06T06:43:33Z,adservice,26.0,1150,0.8,0.022608695652173914,0
2026-10-06T06:43:33Z,redis-cart,4.0,540,0.8,0.007407407407407408,0
2026-10-06T06:43:34Z,frontend,0.0,1150,0.8,0.0,0
2026-10-06T06:43:34Z,cartservice,0.0,800,0.95,0.0,0
2026-10-06T06:43:34Z,checkoutservice,0.0,800,0.8,0.0,0
2026-10-06T06:43:34Z,productcatalogservice,0.0,800,0.95,0.0,0
2026-10-06T06:43:34Z,paymentservice,0.0,155,0.8,0.0,0
2026-10-06T06:43:34Z,recommendationservice,28.0,1150,0.8,0.02434782608695652,0
2026-10-06T06:43:34Z,shippingservice,0.0,770,0.8,0.0,0
2026-10-06T06:43:34Z,currencyservice,0.0,770,0.8,0.0,0
2026-10-06T06:43:34Z,emailservice,0.0,120,0.8,0.0,0
2026-10-06T06:43:34Z,adservice,26.0,1150,0.8,0.022608695652173914,0
2026-10-06T06:43:34Z,redis-cart,3.0,540,0.8,0.005555555555555556,0
2026-10-06T06:43:35Z,frontend,0.0,1150,0.8,0.0,0
2026-10-06T06:43:35Z,cartservice,23.0,800,0.95,0.02875,0
2026-10-06T06:43:35Z,checkoutservice,0.0,800,0.8,0.0,0
2026-10-06T06:43:35Z,productcatalogservice,0.0,800,0.95,0.0,0
2026-10-06T06:43:35Z,paymentservice,0.0,155,0.8,0.0,0
2026-10-06T06:43:35Z,recommendationservice,0.0,1150,0.8,0.0,0
2026-10-06T06:43:35Z,shippingservice,0.0,770,0.8,0.0,0
2026-10-06T06:43:35Z,currencyservice,0.0,770,0.8,0.0,0
2026-10-06T06:43:35Z,emailservice,24.0,120,0.8,0.2,0
2026-10-06T06:43:35Z,adservice,24.0,1150,0.8,0.020869565217391306,0
2026-10-06T06:43:35Z,redis-cart,3.0,540,0.8,0.005555555555555556,0
2026-10-06T06:43:36Z,frontend,0.0,1150,0.8,0.0,0
2026-10-06T06:43:36Z,cartservice,0.0,800,0.95,0.0,0
2026-10-06T06:43:36Z,checkoutservice,0.0,800,0.8,0.0,0
2026-10-06T06:43:36Z,productcatalogservice,0.0,800,0.95,0.0,0
2026-10-06T06:43:36Z,paymentservice,0.0,155,0.8,0.0,0
2026-10-06T06:43:36Z,recommendationservice,0.0,1150,0.8,0.0,0
2026-10-06T06:43:36Z,shippingservice,0.0,770,0.8,0.0,0
2026-10-06T06:43:36Z,currencyservice,25.0,770,0.8,0.032467532467532464,0
2026-10-06T06:43:36Z,emailservice,24.0,120,0.8,0.2,0
2026-10-06T06:43:36Z,adservice,24.0,1150,0.8,0.020869565217391306,0
2026-10-06T06:43:36Z,redis-cart,3.0,540,0.8,0.005555555555555556,0
2026-10-06T06:43:37Z,frontend,0.0,1150,0.8,0.0,0
2026-10-06T06:43:37Z,cartservice,0.0,800,0.95,0.0,0
2026-10-06T06:43:37Z,checkoutservice,0.0,800,0.8,0.0,0
2026-10-06T06:43:37Z,productcatalogservice,0.0,800,0.95,0.0,0
2026-10-06T06:43:37Z,paymentservice,0.0,155,0.8,0.0,0
2026-10-06T06:43:37Z,recommendationservice,0.0,1150,0.8,0.0,0
2026-10-06T06:43:37Z,shippingservice,15.0,770,0.8,0.01948051948051948,0
2026-10-06T06:43:37Z,currencyservice,0.0,770,0.8,0.0,0
2026-10-06T06:43:37Z,emailservice,0.0,120,0.8,0.0,0
2026-10-06T06:43:37Z,adservice,23.0,1150,0.8,0.02,0
2026-10-06T06:43:37Z,redis-cart,3.0,540,0.8,0.005555555555555556,0
2026-10-06T06:43:38Z,frontend,0.0,1150,0.8,0.0,0
2026-10-06T06:43:38Z,cartservice,0.0,800,0.95,0.0,0
2026-10-06T06:43:38Z,checkoutservice,0.0,800,0.8,0.0,0
2026-10-06T06:43:38Z,productcatalogservice,0.0,800,0.95,0.0,0
2026-10-06T06:43:38Z,paymentservice,0.0,155,0.8,0.0,0
2026-10-06T06:43:38Z,recommendationservice,0.0,1150,0.8,0.0,0
2026-10-06T06:43:38Z,shippingservice,15.0,770,0.8,0.01948051948051948,0
2026-10-06T06:43:38Z,currencyservice,0.0,770,0.8,0.0,0
2026-10-06T06:43:38Z,emailservice,0.0,120,0.8,0.0,0
2026-10-06T06:43:38Z,adservice,23.0,1150,0.8,0.02,0
2026-10-06T06:43:38Z,redis-cart,4.0,540,0.8,0.007407407407407408,0
2026-10-06T06:43:39Z,frontend,0.0,1150,0.8,0.0,0
2026-10-06T06:43:39Z,cartservice,0.0,800,0.95,0.0,0
2026-10-06T06:43:39Z,checkoutservice,24.0,800,0.8,0.03,0
2026-10-06T06:43:39Z,productcatalogservice,23.0,800,0.95,0.02875,0
2026-10-06T06:43:39Z,paymentservice,18.0,155,0.8,0.11612903225806452,0
2026-10-06T06:43:39Z,recommendationservice,0.0,1150,0.8,0.0,0
2026-10-06T06:43:39Z,shippingservice,0.0,770,0.8,0.0,0
2026-10-06T06:43:39Z,currencyservice,0.0,770,0.8,0.0,0
2026-10-06T06:43:39Z,emailservice,0.0,120,0.8,0.0,0
2026-10-06T06:43:39Z,adservice,23.0,1150,0.8,0.02,0
2026-10-06T06:43:39Z,redis-cart,3.0,540,0.8,0.005555555555555556,0
2026-10-06T06:43:40Z,frontend,0.0,1150,0.8,0.0,0
2026-10-06T06:43:40Z,cartservice,0.0,800,0.95,0.0,0
2026-10-06T06:43:40Z,checkoutservice,24.0,800,0.8,0.03,0
2026-10-06T06:43:40Z,productcatalogservice,23.0,800,0.95,0.02875,0
2026-10-06T06:43:40Z,paymentservice,18.0,155,0.8,0.11612903225806452,0
2026-10-06T06:43:40Z,recommendationservice,21.0,1150,0.8,0.018260869565217393,0
2026-10-06T06:43:40Z,shippingservice,0.0,770,0.8,0.0,0
2026-10-06T06:43:40Z,currencyservice,0.0,770,0.8,0.0,0
2026-10-06T06:43:40Z,emailservice,18.0,120,0.8,0.15,0
2026-10-06T06:43:40Z,adservice,23.0,1150,0.8,0.02,0
2026-10-06T06:43:40Z,redis-cart,3.0,540,0.8,0.005555555555555556,0
2026-10-06T06:43:41Z,frontend,0.0,1150,0.8,0.0,0
2026-10-06T06:43:41Z,cartservice,0.0,800,0.95,0.0,0
2026-10-06T06:43:41Z,checkoutservice,0.0,800,0.8,0.0,0
2026-10-06T06:43:41Z,productcatalogservice,0.0,800,0.95,0.0,0
2026-10-06T06:43:41Z,paymentservice,0.0,155,0.8,0.0,0
2026-10-06T06:43:41Z,recommendationservice,0.0,1150,0.8,0.0,0
2026-10-06T06:43:41Z,shippingservice,0.0,770,0.8,0.0,0
2026-10-06T06:43:41Z,currencyservice,0.0,770,0.8,0.0,0
2026-10-06T06:43:41Z,emailservice,0.0,120,0.8,0.0,0
2026-10-06T06:43:41Z,adservice,19.0,1150,0.8,0.01652173913043478,0
2026-10-06T06:43:41Z,redis-cart,3.0,540,0.8,0.005555555555555556,0
2026-10-06T06:43:42Z,frontend,5.0,1150,0.8,0.004347826086956522,0
2026-10-06T06:43:42Z,cartservice,8.0,800,0.95,0.01,0
2026-10-06T06:43:42Z,checkoutservice,0.0,800,0.8,0.0,0
2026-10-06T06:43:42Z,productcatalogservice,6.0,800,0.95,0.0075,0
2026-10-06T06:43:42Z,paymentservice,0.0,155,0.8,0.0,0
2026-10-06T06:43:42Z,recommendationservice,0.0,1150,0.8,0.0,0
2026-10-06T06:43:42Z,shippingservice,13.0,770,0.8,0.016883116883116882,0
2026-10-06T06:43:42Z,currencyservice,0.0,770,0.8,0.0,0
2026-10-06T06:43:42Z,emailservice,0.0,120,0.8,0.0,0
2026-10-06T06:43:42Z,adservice,19.0,1150,0.8,0.01652173913043478,0
2026-10-06T06:43:42Z,redis-cart,4.0,540,0.8,0.007407407407407408,0
2026-10-06T06:43:43Z,frontend,25.333333333333332,1150,0.8,0.022028985507246374,0
2026-10-06T06:43:43Z,cartservice,14.0,800,0.95,0.0175,0
2026-10-06T06:43:43Z,checkoutservice,0.0,800,0.8,0.0,0
2026-10-06T06:43:43Z,productcatalogservice,6.0,800,0.95,0.0075,0
2026-10-06T06:43:43Z,paymentservice,0.0,155,0.8,0.0,0
2026-10-06T06:43:43Z,recommendationservice,26.0,1150,0.8,0.022608695652173914,0
2026-10-06T06:43:43Z,shippingservice,8.0,770,0.8,0.01038961038961039,0
2026-10-06T06:43:43Z,currencyservice,13.0,770,0.8,0.016883116883116882,0
2026-10-06T06:43:43Z,emailservice,3.0,120,0.8,0.025,0
2026-10-06T06:43:43Z,adservice,37.0,1150,0.8,0.03217391304347826,0
2026-10-06T06:43:43Z,redis-cart,5.0,540,0.8,0.009259259259259259,0
2026-10-06T06:43:44Z,frontend,32.666666666666664,1150,0.8,0.028405797101449273,0
2026-10-06T06:43:44Z,cartservice,14.0,800,0.95,0.0175,0
2026-10-06T06:43:44Z,checkoutservice,57.0,800,0.8,0.07125,0
2026-10-06T06:43:44Z,productcatalogservice,55.0,800,0.95,0.06875,0
2026-10-06T06:43:44Z,paymentservice,3.0,155,0.8,0.01935483870967742,0
2026-10-06T06:43:44Z,recommendationservice,67.0,1150,0.8,0.058260869565217394,0
2026-10-06T06:43:44Z,shippingservice,8.0,770,0.8,0.01038961038961039,0
2026-10-06T06:43:44Z,currencyservice,13.0,770,0.8,0.016883116883116882,0
2026-10-06T06:43:44Z,emailservice,39.0,120,0.8,0.325,0
2026-10-06T06:43:44Z,adservice,29.0,1150,0.8,0.025217391304347827,0
2026-10-06T06:43:44Z,redis-cart,5.0,540,0.8,0.009259259259259259,0
2026-10-06T06:43:45Z,frontend,74.33333333333333,1150,0.8,0.06463768115942028,0
2026-10-06T06:43:45Z,cartservice,77.0,800,0.95,0.09625,0
2026-10-06T06:43:45Z,checkoutservice,57.0,800,0.8,0.07125,0
2026-10-06T06:43:45Z,productcatalogservice,55.0,800,0.95,0.06875,0
2026-10-06T06:43:45Z,paymentservice,7.0,155,0.8,0.04516129032258064,0
2026-10-06T06:43:45Z,recommendationservice,76.0,1150,0.8,0.06608695652173913,0
2026-10-06T06:43:45Z,shippingservice,17.0,770,0.8,0.02207792207792208,0
2026-10-06T06:43:45Z,currencyservice,51.0,770,0.8,0.06623376623376623,0
2026-10-06T06:43:45Z,emailservice,39.0,120,0.8,0.325,0
2026-10-06T06:43:45Z,adservice,36.0,1150,0.8,0.03130434782608696,0
2026-10-06T06:43:45Z,redis-cart,8.0,540,0.8,0.014814814814814815,0
2026-10-06T06:43:46Z,frontend,70.0,1150,0.8,0.06086956521739131,0
2026-10-06T06:43:46Z,cartservice,77.0,800,0.95,0.09625,0
2026-10-06T06:43:46Z,checkoutservice,153.0,800,0.8,0.19125,0
2026-10-06T06:43:46Z,productcatalogservice,115.0,800,0.95,0.14375,0
2026-10-06T06:43:46Z,paymentservice,7.0,155,0.8,0.04516129032258064,0
2026-10-06T06:43:46Z,recommendationservice,76.0,1150,0.8,0.06608695652173913,0
2026-10-06T06:43:46Z,shippingservice,17.0,770,0.8,0.02207792207792208,0
2026-10-06T06:43:46Z,currencyservice,75.0,770,0.8,0.09740259740259741,0
2026-10-06T06:43:46Z,emailservice,17.0,120,0.8,0.14166666666666666,0
2026-10-06T06:43:46Z,adservice,36.0,1150,0.8,0.03130434782608696,0
2026-10-06T06:43:46Z,redis-cart,8.0,540,0.8,0.014814814814814815,0
2026-10-06T06:43:47Z,frontend,71.5,1150,0.8,0.06217391304347826,0
2026-10-06T06:43:47Z,cartservice,86.0,800,0.95,0.1075,0
2026-10-06T06:43:47Z,checkoutservice,239.0,800,0.8,0.29875,0
2026-10-06T06:43:47Z,productcatalogservice,115.0,800,0.95,0.14375,0
2026-10-06T06:43:47Z,paymentservice,9.0,155,0.8,0.05806451612903226,0
2026-10-06T06:43:47Z,recommendationservice,155.0,1150,0.8,0.13478260869565217,0
2026-10-06T06:43:47Z,shippingservice,45.0,770,0.8,0.05844155844155844,0
2026-10-06T06:43:47Z,currencyservice,75.0,770,0.8,0.09740259740259741,0
2026-10-06T06:43:47Z,emailservice,17.0,120,0.8,0.14166666666666666,0
2026-10-06T06:43:47Z,adservice,59.0,1150,0.8,0.051304347826086956,0
2026-10-06T06:43:47Z,redis-cart,26.0,540,0.8,0.04814814814814815,0
2026-10-06T06:43:48Z,frontend,91.75,1150,0.8,0.07978260869565218,0
2026-10-06T06:43:48Z,cartservice,101.0,800,0.95,0.12625,0
2026-10-06T06:43:48Z,checkoutservice,239.0,800,0.8,0.29875,0
2026-10-06T06:43:48Z,productcatalogservice,154.0,800,0.95,0.1925,0
2026-10-06T06:43:48Z,paymentservice,9.0,155,0.8,0.05806451612903226,0
2026-10-06T06:43:48Z,recommendationservice,152.0,1150,0.8,0.13217391304347825,0
2026-10-06T06:43:48Z,shippingservice,40.0,770,0.8,0.05194805194805195,0
2026-10-06T06:43:48Z,currencyservice,97.0,770,0.8,0.12597402597402596,0
2026-10-06T06:43:48Z,emailservice,25.0,120,0.8,0.20833333333333334,0
2026-10-06T06:43:48Z,adservice,59.0,1150,0.8,0.051304347826086956,0
2026-10-06T06:43:48Z,redis-cart,26.0,540,0.8,0.04814814814814815,0
2026-10-06T06:43:49Z,frontend,96.0,1150,0.8,0.08347826086956522,0
2026-10-06T06:43:49Z,cartservice,100.0,800,0.95,0.125,0
2026-10-06T06:43:49Z,checkoutservice,286.0,800,0.8,0.3575,0
2026-10-06T06:43:49Z,productcatalogservice,183.0,800,0.95,0.22875,0
2026-10-06T06:43:49Z,paymentservice,32.0,155,0.8,0.2064516129032258,0
2026-10-06T06:43:49Z,recommendationservice,152.0,1150,0.8,0.13217391304347825,0
2026-10-06T06:43:49Z,shippingservice,36.0,770,0.8,0.046753246753246755,0
2026-10-06T06:43:49Z,currencyservice,99.0,770,0.8,0.12857142857142856,0
2026-10-06T06:43:49Z,emailservice,30.0,120,0.8,0.25,0
2026-10-06T06:43:49Z,adservice,52.0,1150,0.8,0.04521739130434783,0
2026-10-06T06:43:49Z,redis-cart,11.0,540,0.8,0.020370370370370372,0
2026-10-06T06:43:50Z,frontend,104.5,1150,0.8,0.0908695652173913,0
2026-10-06T06:43:50Z,cartservice,119.0,800,0.95,0.14875,0
2026-10-06T06:43:50Z,checkoutservice,405.0,800,0.8,0.50625,0
2026-10-06T06:43:50Z,productcatalogservice,234.0,800,0.95,0.2925,0
2026-10-06T06:43:50Z,paymentservice,17.0,155,0.8,0.10967741935483871,0
2026-10-06T06:43:50Z,recommendationservice,219.0,1150,0.8,0.19043478260869565,0
2026-10-06T06:43:50Z,shippingservice,36.0,770,0.8,0.046753246753246755,0
2026-10-06T06:43:50Z,currencyservice,99.0,770,0.8,0.12857142857142856,0
2026-10-06T06:43:50Z,emailservice,30.0,120,0.8,0.25,0
2026-10-06T06:43:50Z,adservice,52.0,1150,0.8,0.04521739130434783,0
2026-10-06T06:43:50Z,redis-cart,13.0,540,0.8,0.024074074074074074,0
2026-10-06T06:43:51Z,frontend,139.0,1150,0.8,0.1208695652173913,0
2026-10-06T06:43:51Z,cartservice,119.0,800,0.95,0.14875,0
2026-10-06T06:43:51Z,checkoutservice,405.0,800,0.8,0.50625,0
2026-10-06T06:43:51Z,productcatalogservice,234.0,800,0.95,0.2925,0
2026-10-06T06:43:51Z,paymentservice,17.0,155,0.8,0.10967741935483871,0
2026-10-06T06:43:51Z,recommendationservice,219.0,1150,0.8,0.19043478260869565,0
2026-10-06T06:43:51Z,shippingservice,59.0,770,0.8,0.07662337662337662,0
2026-10-06T06:43:51Z,currencyservice,122.0,770,0.8,0.15844155844155844,0
2026-10-06T06:43:51Z,emailservice,55.0,120,0.8,0.4583333333333333,0
2026-10-06T06:43:51Z,adservice,63.0,1150,0.8,0.05478260869565217,0
2026-10-06T06:43:51Z,redis-cart,13.0,540,0.8,0.024074074074074074,0
2026-10-06T06:43:52Z,frontend,135.75,1150,0.8,0.11804347826086957,0
2026-10-06T06:43:52Z,cartservice,160.0,800,0.95,0.2,0
2026-10-06T06:43:52Z,checkoutservice,439.0,800,0.8,0.54875,0
2026-10-06T06:43:52Z,productcatalogservice,259.0,800,0.95,0.32375,0
2026-10-06T06:43:52Z,paymentservice,20.0,155,0.8,0.12903225806451613,0
2026-10-06T06:43:52Z,recommendationservice,281.0,1150,0.8,0.24434782608695652,0
2026-10-06T06:43:52Z,shippingservice,59.0,770,0.8,0.07662337662337662,0
2026-10-06T06:43:52Z,currencyservice,170.0,770,0.8,0.22077922077922077,0
2026-10-06T06:43:52Z,emailservice,42.0,120,0.8,0.35,0
2026-10-06T06:43:52Z,adservice,65.0,1150,0.8,0.05652173913043478,0
2026-10-06T06:43:52Z,redis-cart,13.0,540,0.8,0.024074074074074074,0
2026-10-06T06:43:53Z,frontend,190.75,1150,0.8,0.1658695652173913,0
2026-10-06T06:43:53Z,cartservice,165.0,800,0.95,0.20625,0
2026-10-06T06:43:53Z,checkoutservice,466.0,800,0.8,0.5825,0
2026-10-06T06:43:53Z,productcatalogservice,282.0,800,0.95,0.3525,0
2026-10-06T06:43:53Z,paymentservice,21.0,155,0.8,0.13548387096774195,0
2026-10-06T06:43:53Z,recommendationservice,281.0,1150,0.8,0.24434782608695652,0
2026-10-06T06:43:53Z,shippingservice,58.0,770,0.8,0.07532467532467532,0
2026-10-06T06:43:53Z,currencyservice,170.0,770,0.8,0.22077922077922077,0
2026-10-06T06:43:53Z,emailservice,42.0,120,0.8,0.35,0
2026-10-06T06:43:53Z,adservice,68.0,1150,0.8,0.059130434782608696,0
2026-10-06T06:43:53Z,redis-cart,16.0,540,0.8,0.02962962962962963,0
2026-10-06T06:43:54Z,frontend,186.75,1150,0.8,0.1623913043478261,0
2026-10-06T06:43:54Z,cartservice,182.0,800,0.95,0.2275,0
2026-10-06T06:43:54Z,checkoutservice,466.0,800,0.8,0.5825,0
2026-10-06T06:43:54Z,productcatalogservice,282.0,800,0.95,0.3525,0
2026-10-06T06:43:54Z,paymentservice,21.0,155,0.8,0.13548387096774195,0
2026-10-06T06:43:54Z,recommendationservice,340.0,1150,0.8,0.2956521739130435,0
2026-10-06T06:43:54Z,shippingservice,65.0,770,0.8,0.08441558441558442,0
2026-10-06T06:43:54Z,currencyservice,171.0,770,0.8,0.22207792207792207,0
2026-10-06T06:43:54Z,emailservice,53.0,120,0.8,0.44166666666666665,0
2026-10-06T06:43:54Z,adservice,87.0,1150,0.8,0.07565217391304348,0
2026-10-06T06:43:54Z,redis-cart,15.0,540,0.8,0.027777777777777776,0
2026-10-06T06:43:55Z,frontend,192.0,1150,0.8,0.16695652173913045,0
2026-10-06T06:43:55Z,cartservice,201.0,800,0.95,0.25125,0
2026-10-06T06:43:55Z,checkoutservice,574.0,800,0.8,0.7175,0
2026-10-06T06:43:55Z,productcatalogservice,322.0,800,0.95,0.4025,0
2026-10-06T06:43:55Z,paymentservice,28.0,155,0.8,0.18064516129032257,0
2026-10-06T06:43:55Z,recommendationservice,336.0,1150,0.8,0.2921739130434783,0
2026-10-06T06:43:55Z,shippingservice,65.0,770,0.8,0.08441558441558442,0
2026-10-06T06:43:55Z,currencyservice,171.0,770,0.8,0.22207792207792207,0
2026-10-06T06:43:55Z,emailservice,53.0,120,0.8,0.44166666666666665,0
2026-10-06T06:43:55Z,adservice,87.0,1150,0.8,0.07565217391304348,0
2026-10-06T06:43:55Z,redis-cart,15.0,540,0.8,0.027777777777777776,0
2026-10-06T06:43:56Z,frontend,183.75,1150,0.8,0.15978260869565217,0
2026-10-06T06:43:56Z,cartservice,201.0,800,0.95,0.25125,0
2026-10-06T06:43:56Z,checkoutservice,595.0,800,0.8,0.74375,0
2026-10-06T06:43:56Z,productcatalogservice,291.0,800,0.95,0.36375,0
2026-10-06T06:43:56Z,paymentservice,37.0,155,0.8,0.23870967741935484,0
2026-10-06T06:43:56Z,recommendationservice,336.0,1150,0.8,0.2921739130434783,0
2026-10-06T06:43:56Z,shippingservice,97.0,770,0.8,0.12597402597402596,0
2026-10-06T06:43:56Z,currencyservice,214.0,770,0.8,0.2779220779220779,0
2026-10-06T06:43:56Z,emailservice,75.0,120,0.8,0.625,0
2026-10-06T06:43:56Z,adservice,75.0,1150,0.8,0.06521739130434782,0
2026-10-06T06:43:56Z,redis-cart,20.0,540,0.8,0.037037037037037035,0
2026-10-06T06:43:57Z,frontend,238.25,1150,0.8,0.20717391304347826,0
2026-10-06T06:43:57Z,cartservice,236.0,800,0.95,0.295,0
2026-10-06T06:43:57Z,checkoutservice,595.0,800,0.8,0.74375,0
2026-10-06T06:43:57Z,productcatalogservice,342.0,800,0.95,0.4275,0
2026-10-06T06:43:57Z,paymentservice,37.0,155,0.8,0.23870967741935484,0
2026-10-06T06:43:57Z,recommendationservice,374.0,1150,0.8,0.32521739130434785,0
2026-10-06T06:43:57Z,shippingservice,80.0,770,0.8,0.1038961038961039,0
2026-10-06T06:43:57Z,currencyservice,247.0,770,0.8,0.3207792207792208,0
2026-10-06T06:43:57Z,emailservice,75.0,120,0.8,0.625,0
2026-10-06T06:43:57Z,adservice,75.0,1150,0.8,0.06521739130434782,0
2026-10-06T06:43:57Z,redis-cart,20.0,540,0.8,0.037037037037037035,0
2026-10-06T06:43:58Z,frontend,229.5,1150,0.8,0.19956521739130434,0
2026-10-06T06:43:58Z,cartservice,250.0,800,0.95,0.3125,0
2026-10-06T06:43:58Z,checkoutservice,677.0,800,0.8,0.84625,1
2026-10-06T06:43:58Z,productcatalogservice,349.0,800,0.95,0.43625,0
2026-10-06T06:43:58Z,paymentservice,33.0,155,0.8,0.2129032258064516,0
2026-10-06T06:43:58Z,recommendationservice,432.0,1150,0.8,0.37565217391304345,0
2026-10-06T06:43:58Z,shippingservice,81.0,770,0.8,0.10519480519480519,0
2026-10-06T06:43:58Z,currencyservice,266.0,770,0.8,0.34545454545454546,0
2026-10-06T06:43:58Z,emailservice,71.0,120,0.8,0.5916666666666667,0
2026-10-06T06:43:58Z,adservice,92.0,1150,0.8,0.08,0
2026-10-06T06:43:58Z,redis-cart,22.0,540,0.8,0.040740740740740744,0
2026-10-06T06:43:59Z,frontend,224.25,1150,0.8,0.195,0
2026-10-06T06:43:59Z,cartservice,250.0,800,0.95,0.3125,0
2026-10-06T06:43:59Z,checkoutservice,716.0,800,0.8,0.895,1
2026-10-06T06:43:59Z,productcatalogservice,426.0,800,0.95,0.5325,0
2026-10-06T06:43:59Z,paymentservice,64.0,155,0.8,0.4129032258064516,0
2026-10-06T06:43:59Z,recommendationservice,548.0,1150,0.8,0.4765217391304348,0
2026-10-06T06:43:59Z,shippingservice,81.0,770,0.8,0.10519480519480519,0
2026-10-06T06:43:59Z,currencyservice,260.0,770,0.8,0.33766233766233766,0
2026-10-06T06:43:59Z,emailservice,73.0,120,0.8,0.6083333333333333,0
2026-10-06T06:43:59Z,adservice,98.0,1150,0.8,0.08521739130434783,0
2026-10-06T06:43:59Z,redis-cart,22.0,540,0.8,0.040740740740740744,0
2026-10-06T06:44:00Z,frontend,254.75,1150,0.8,0.22152173913043477,0
2026-10-06T06:44:00Z,cartservice,254.0,800,0.95,0.3175,0
2026-10-06T06:44:00Z,checkoutservice,777.0,800,0.8,0.97125,1
2026-10-06T06:44:00Z,productcatalogservice,426.0,800,0.95,0.5325,0
2026-10-06T06:44:00Z,paymentservice,64.0,155,0.8,0.4129032258064516,0
2026-10-06T06:44:00Z,recommendationservice,548.0,1150,0.8,0.4765217391304348,0
2026-10-06T06:44:00Z,shippingservice,96.0,770,0.8,0.12467532467532468,0
2026-10-06T06:44:00Z,currencyservice,260.0,770,0.8,0.33766233766233766,0
2026-10-06T06:44:00Z,emailservice,94.0,120,0.8,0.7833333333333333,0
2026-10-06T06:44:00Z,adservice,98.0,1150,0.8,0.08521739130434783,0
2026-10-06T06:44:00Z,redis-cart,22.0,540,0.8,0.040740740740740744,0
2026-10-06T06:44:01Z,frontend,287.0,1150,0.8,0.24956521739130436,0
2026-10-06T06:44:01Z,cartservice,265.0,800,0.95,0.33125,0
2026-10-06T06:44:01Z,checkoutservice,777.0,800,0.8,0.97125,1
2026-10-06T06:44:01Z,productcatalogservice,370.0,800,0.95,0.4625,0
2026-10-06T06:44:01Z,paymentservice,46.0,155,0.8,0.2967741935483871,0
2026-10-06T06:44:01Z,recommendationservice,472.0,1150,0.8,0.41043478260869565,0
2026-10-06T06:44:01Z,shippingservice,104.0,770,0.8,0.13506493506493505,0
2026-10-06T06:44:01Z,currencyservice,260.0,770,0.8,0.33766233766233766,0
2026-10-06T06:44:01Z,emailservice,94.0,120,0.8,0.7833333333333333,0
2026-10-06T06:44:01Z,adservice,111.0,1150,0.8,0.09652173913043478,0
2026-10-06T06:44:01Z,redis-cart,22.0,540,0.8,0.040740740740740744,0
2026-10-06T06:44:02Z,frontend,260.0,1150,0.8,0.22608695652173913,0
2026-10-06T06:44:02Z,cartservice,265.0,800,0.95,0.33125,0
2026-10-06T06:44:02Z,checkoutservice,792.0,800,0.8,0.99,1
2026-10-06T06:44:02Z,productcatalogservice,474.0,800,0.95,0.5925,0
2026-10-06T06:44:02Z,paymentservice,43.0,155,0.8,0.27741935483870966,0
2026-10-06T06:44:02Z,recommendationservice,472.0,1150,0.8,0.41043478260869565,0
2026-10-06T06:44:02Z,shippingservice,101.0,770,0.8,0.13116883116883116,0
2026-10-06T06:44:02Z,currencyservice,267.0,770,0.8,0.34675324675324676,0
2026-10-06T06:44:02Z,emailservice,99.0,120,0.8,0.825,1
2026-10-06T06:44:02Z,adservice,120.0,1150,0.8,0.10434782608695652,0
2026-10-06T06:44:02Z,redis-cart,27.0,540,0.8,0.05,0
2026-10-06T06:44:03Z,frontend,287.5,1150,0.8,0.25,0
2026-10-06T06:44:03Z,cartservice,300.0,800,0.95,0.375,0
2026-10-06T06:44:03Z,checkoutservice,796.0,800,0.8,0.995,1
2026-10-06T06:44:03Z,productcatalogservice,474.0,800,0.95,0.5925,0
2026-10-06T06:44:03Z,paymentservice,47.0,155,0.8,0.3032258064516129,0
2026-10-06T06:44:03Z,recommendationservice,548.0,1150,0.8,0.4765217391304348,0
2026-10-06T06:44:03Z,shippingservice,101.0,770,0.8,0.13116883116883116,0
2026-10-06T06:44:03Z,currencyservice,277.0,770,0.8,0.35974025974025975,0
2026-10-06T06:44:03Z,emailservice,92.0,120,0.8,0.7666666666666667,0
2026-10-06T06:44:03Z,adservice,107.0,1150,0.8,0.09304347826086956,0
2026-10-06T06:44:03Z,redis-cart,27.0,540,0.8,0.05,0
2026-10-06T06:44:04Z,frontend,297.25,1150,0.8,0.2584782608695652,0
2026-10-06T06:44:04Z,cartservice,309.0,800,0.95,0.38625,0
2026-10-06T06:44:04Z,checkoutservice,796.0,800,0.8,0.995,1
2026-10-06T06:44:04Z,productcatalogservice,427.0,800,0.95,0.53375,0
2026-10-06T06:44:04Z,paymentservice,47.0,155,0.8,0.3032258064516129,0
2026-10-06T06:44:04Z,recommendationservice,645.0,1150,0.8,0.5608695652173913,0
2026-10-06T06:44:04Z,shippingservice,107.0,770,0.8,0.13896103896103895,0
2026-10-06T06:44:04Z,currencyservice,328.0,770,0.8,0.42597402597402595,0
2026-10-06T06:44:04Z,emailservice,92.0,120,0.8,0.7666666666666667,0
2026-10-06T06:44:04Z,adservice,107.0,1150,0.8,0.09304347826086956,0
2026-10-06T06:44:04Z,redis-cart,24.0,540,0.8,0.044444444444444446,0
2026-10-06T06:44:05Z,frontend,316.0,1150,0.8,0.2747826086956522,0
2026-10-06T06:44:05Z,cartservice,300.0,800,0.95,0.375,0
2026-10-06T06:44:05Z,checkoutservice,771.0,800,0.8,0.96375,1
2026-10-06T06:44:05Z,productcatalogservice,477.0,800,0.95,0.59625,0
2026-10-06T06:44:05Z,paymentservice,48.0,155,0.8,0.3096774193548387,0
2026-10-06T06:44:05Z,recommendationservice,645.0,1150,0.8,0.5608695652173913,0
2026-10-06T06:44:05Z,shippingservice,103.0,770,0.8,0.13376623376623376,0
2026-10-06T06:44:05Z,currencyservice,328.0,770,0.8,0.42597402597402595,0
2026-10-06T06:44:05Z,emailservice,107.0,120,0.8,0.8916666666666667,1
2026-10-06T06:44:05Z,adservice,129.0,1150,0.8,0.11217391304347826,0
2026-10-06T06:44:05Z,redis-cart,24.0,540,0.8,0.044444444444444446,0
2026-10-06T06:44:06Z,frontend,310.0,1150,0.8,0.26956521739130435,0
2026-10-06T06:44:06Z,cartservice,300.0,800,0.95,0.375,0
2026-10-06T06:44:06Z,checkoutservice,795.0,800,0.8,0.99375,1
2026-10-06T06:44:06Z,productcatalogservice,477.0,800,0.95,0.59625,0
2026-10-06T06:44:06Z,paymentservice,50.0,155,0.8,0.3225806451612903,0
2026-10-06T06:44:06Z,recommendationservice,666.0,1150,0.8,0.5791304347826087,0
2026-10-06T06:44:06Z,shippingservice,126.0,770,0.8,0.16363636363636364,0
2026-10-06T06:44:06Z,currencyservice,354.0,770,0.8,0.4597402597402597,0
2026-10-06T06:44:06Z,emailservice,107.0,120,0.8,0.8916666666666667,1
2026-10-06T06:44:06Z,adservice,114.0,1150,0.8,0.09913043478260869,0
2026-10-06T06:44:06Z,redis-cart,26.0,540,0.8,0.04814814814814815,0
2026-10-06T06:44:07Z,frontend,325.0,1150,0.8,0.2826086956521739,0
2026-10-06T06:44:07Z,cartservice,259.0,800,0.95,0.32375,0
2026-10-06T06:44:07Z,checkoutservice,795.0,800,0.8,0.99375,1
2026-10-06T06:44:07Z,productcatalogservice,477.0,800,0.95,0.59625,0
2026-10-06T06:44:07Z,paymentservice,50.0,155,0.8,0.3225806451612903,0
2026-10-06T06:44:07Z,recommendationservice,633.0,1150,0.8,0.5504347826086956,0
2026-10-06T06:44:07Z,shippingservice,119.0,770,0.8,0.15454545454545454,0
2026-10-06T06:44:07Z,currencyservice,352.0,770,0.8,0.45714285714285713,0
2026-10-06T06:44:07Z,emailservice,102.0,120,0.8,0.85,1
2026-10-06T06:44:07Z,adservice,113.0,1150,0.8,0.09826086956521739,0
2026-10-06T06:44:07Z,redis-cart,26.0,540,0.8,0.04814814814814815,0
2026-10-06T06:44:08Z,frontend,357.5,1150,0.8,0.3108695652173913,0
2026-10-06T06:44:08Z,cartservice,221.0,800,0.95,0.27625,0
2026-10-06T06:44:08Z,checkoutservice,802.0,800,0.8,1.0025,1
2026-10-06T06:44:08Z,productcatalogservice,463.0,800,0.95,0.57875,0
2026-10-06T06:44:08Z,paymentservice,66.0,155,0.8,0.4258064516129032,0
2026-10-06T06:44:08Z,recommendationservice,656.0,1150,0.8,0.5704347826086956,0
2026-10-06T06:44:08Z,shippingservice,119.0,770,0.8,0.15454545454545454,0
2026-10-06T06:44:08Z,currencyservice,352.0,770,0.8,0.45714285714285713,0
2026-10-06T06:44:08Z,emailservice,117.0,120,0.8,0.975,1
2026-10-06T06:44:08Z,adservice,123.0,1150,0.8,0.10695652173913044,0
2026-10-06T06:44:08Z,redis-cart,27.0,540,0.8,0.05,0
2026-10-06T06:44:09Z,frontend,337.25,1150,0.8,0.2932608695652174,0
2026-10-06T06:44:09Z,cartservice,254.0,800,0.95,0.3175,0
2026-10-06T06:44:09Z,checkoutservice,788.0,800,0.8,0.985,1
2026-10-06T06:44:09Z,productcatalogservice,516.0,800,0.95,0.645,0
2026-10-06T06:44:09Z,paymentservice,67.0,155,0.8,0.432258064516129,0
2026-10-06T06:44:09Z,recommendationservice,775.0,1150,0.8,0.6739130434782609,0
2026-10-06T06:44:09Z,shippingservice,109.0,770,0.8,0.14155844155844155,0
2026-10-06T06:44:09Z,currencyservice,352.0,770,0.8,0.45714285714285713,0
2026-10-06T06:44:09Z,emailservice,117.0,120,0.8,0.975,1
2026-10-06T06:44:09Z,adservice,139.0,1150,0.8,0.1208695652173913,0
2026-10-06T06:44:09Z,redis-cart,27.0,540,0.8,0.05,0
2026-10-06T06:44:10Z,frontend,357.25,1150,0.8,0.3106521739130435,0
2026-10-06T06:44:10Z,cartservice,318.0,800,0.95,0.3975,0
2026-10-06T06:44:10Z,checkoutservice,786.0,800,0.8,0.9825,1
2026-10-06T06:44:10Z,productcatalogservice,516.0,800,0.95,0.645,0
2026-10-06T06:44:10Z,paymentservice,59.0,155,0.8,0.38064516129032255,0
2026-10-06T06:44:10Z,recommendationservice,736.0,1150,0.8,0.64,0
2026-10-06T06:44:10Z,shippingservice,119.0,770,0.8,0.15454545454545454,0
2026-10-06T06:44:10Z,currencyservice,417.0,770,0.8,0.5415584415584416,0
2026-10-06T06:44:10Z,emailservice,114.0,120,0.8,0.95,1
2026-10-06T06:44:10Z,adservice,139.0,1150,0.8,0.1208695652173913,0
2026-10-06T06:44:10Z,redis-cart,29.0,540,0.8,0.053703703703703705,0
2026-10-06T06:44:11Z,frontend,349.25,1150,0.8,0.30369565217391303,0
2026-10-06T06:44:11Z,cartservice,318.0,800,0.95,0.3975,0
2026-10-06T06:44:11Z,checkoutservice,821.0,800,0.8,1.02625,1
2026-10-06T06:44:11Z,productcatalogservice,486.0,800,0.95,0.6075,0
2026-10-06T06:44:11Z,paymentservice,59.0,155,0.8,0.38064516129032255,0
2026-10-06T06:44:11Z,recommendationservice,736.0,1150,0.8,0.64,0
2026-10-06T06:44:11Z,shippingservice,119.0,770,0.8,0.15454545454545454,0
2026-10-06T06:44:11Z,currencyservice,417.0,770,0.8,0.5415584415584416,0
2026-10-06T06:44:11Z,emailservice,118.0,120,0.8,0.9833333333333333,1
2026-10-06T06:44:11Z,adservice,128.0,1150,0.8,0.11130434782608696,0
2026-10-06T06:44:11Z,redis-cart,29.0,540,0.8,0.053703703703703705,0
2026-10-06T06:44:12Z,frontend,384.5,1150,0.8,0.3343478260869565,0
2026-10-06T06:44:12Z,cartservice,273.0,800,0.95,0.34125,0
2026-10-06T06:44:12Z,checkoutservice,777.0,800,0.8,0.97125,1
2026-10-06T06:44:12Z,productcatalogservice,486.0,800,0.95,0.6075,0
2026-10-06T06:44:12Z,paymentservice,53.0,155,0.8,0.3419354838709677,0
2026-10-06T06:44:12Z,recommendationservice,724.0,1150,0.8,0.6295652173913043,0
2026-10-06T06:44:12Z,shippingservice,132.0,770,0.8,0.17142857142857143,0
2026-10-06T06:44:12Z,currencyservice,365.0,770,0.8,0.474025974025974,0
2026-10-06T06:44:12Z,emailservice,118.0,120,0.8,0.9833333333333333,1
2026-10-06T06:44:12Z,adservice,128.0,1150,0.8,0.11130434782608696,0
2026-10-06T06:44:12Z,redis-cart,30.0,540,0.8,0.05555555555555555,0
2026-10-06T06:44:13Z,frontend,386.75,1150,0.8,0.336304347826087,0
2026-10-06T06:44:13Z,cartservice,271.0,800,0.95,0.33875,0
2026-10-06T06:44:13Z,checkoutservice,777.0,800,0.8,0.97125,1
2026-10-06T06:44:13Z,productcatalogservice,528.0,800,0.95,0.66,0
2026-10-06T06:44:13Z,paymentservice,57.0,155,0.8,0.36774193548387096,0
2026-10-06T06:44:13Z,recommendationservice,833.0,1150,0.8,0.7243478260869565,0
2026-10-06T06:44:13Z,shippingservice,122.0,770,0.8,0.15844155844155844,0
2026-10-06T06:44:13Z,currencyservice,392.0,770,0.8,0.509090909090909,0
2026-10-06T06:44:13Z,emailservice,110.0,120,0.8,0.9166666666666666,1
2026-10-06T06:44:13Z,adservice,146.0,1150,0.8,0.12695652173913044,0
2026-10-06T06:44:13Z,redis-cart,30.0,540,0.8,0.05555555555555555,0
2026-10-06T06:44:14Z,frontend,386.5,1150,0.8,0.33608695652173914,0
2026-10-06T06:44:14Z,cartservice,271.0,800,0.95,0.33875,0
2026-10-06T06:44:14Z,checkoutservice,786.0,800,0.8,0.9825,1
2026-10-06T06:44:14Z,productcatalogservice,519.0,800,0.95,0.64875,0
2026-10-06T06:44:14Z,paymentservice,57.0,155,0.8,0.36774193548387096,0
2026-10-06T06:44:14Z,recommendationservice,833.0,1150,0.8,0.7243478260869565,0
2026-10-06T06:44:14Z,shippingservice,122.0,770,0.8,0.15844155844155844,0
2026-10-06T06:44:14Z,currencyservice,420.0,770,0.8,0.5454545454545454,0
2026-10-06T06:44:14Z,emailservice,118.0,120,0.8,0.9833333333333333,1
2026-10-06T06:44:14Z,adservice,138.0,1150,0.8,0.12,0
2026-10-06T06:44:14Z,redis-cart,30.0,540,0.8,0.05555555555555555,0
2026-10-06T06:44:15Z,frontend,372.75,1150,0.8,0.3241304347826087,0
2026-10-06T06:44:15Z,cartservice,304.0,800,0.95,0.38,0
2026-10-06T06:44:15Z,checkoutservice,815.0,800,0.8,1.01875,1
2026-10-06T06:44:15Z,productcatalogservice,529.0,800,0.95,0.66125,0
2026-10-06T06:44:15Z,paymentservice,67.0,155,0.8,0.432258064516129,0
2026-10-06T06:44:15Z,recommendationservice,850.0,1150,0.8,0.7391304347826086,0
2026-10-06T06:44:15Z,shippingservice,126.0,770,0.8,0.16363636363636364,0
2026-10-06T06:44:15Z,currencyservice,420.0,770,0.8,0.5454545454545454,0
2026-10-06T06:44:15Z,emailservice,118.0,120,0.8,0.9833333333333333,1
2026-10-06T06:44:15Z,adservice,138.0,1150,0.8,0.12,0
2026-10-06T06:44:15Z,redis-cart,30.0,540,0.8,0.05555555555555555,0
2026-10-06T06:44:16Z,frontend,377.25,1150,0.8,0.32804347826086955,0
2026-10-06T06:44:16Z,cartservice,304.0,800,0.95,0.38,0
2026-10-06T06:44:16Z,checkoutservice,785.0,800,0.8,0.98125,1
2026-10-06T06:44:16Z,productcatalogservice,529.0,800,0.95,0.66125,0
2026-10-06T06:44:16Z,paymentservice,87.0,155,0.8,0.5612903225806452,0
2026-10-06T06:44:16Z,recommendationservice,850.0,1150,0.8,0.7391304347826086,0
2026-10-06T06:44:16Z,shippingservice,152.0,770,0.8,0.1974025974025974,0
2026-10-06T06:44:16Z,currencyservice,414.0,770,0.8,0.5376623376623376,0
2026-10-06T06:44:16Z,emailservice,51.0,120,0.8,0.425,0
2026-10-06T06:44:16Z,adservice,164.0,1150,0.8,0.1426086956521739,0
2026-10-06T06:44:16Z,redis-cart,26.0,540,0.8,0.04814814814814815,0
2026-10-06T06:44:17Z,frontend,387.0,1150,0.8,0.33652173913043476,0
2026-10-06T06:44:17Z,cartservice,257.0,800,0.95,0.32125,0
2026-10-06T06:44:17Z,checkoutservice,785.0,800,0.8,0.98125,1
2026-10-06T06:44:17Z,productcatalogservice,514.0,800,0.95,0.6425,0
2026-10-06T06:44:17Z,paymentservice,87.0,155,0.8,0.5612903225806452,0
2026-10-06T06:44:17Z,recommendationservice,793.0,1150,0.8,0.6895652173913044,0
2026-10-06T06:44:17Z,shippingservice,152.0,770,0.8,0.1974025974025974,0
2026-10-06T06:44:17Z,currencyservice,414.0,770,0.8,0.5376623376623376,0
2026-10-06T06:44:17Z,emailservice,51.0,120,0.8,0.425,0
2026-10-06T06:44:17Z,adservice,171.0,1150,0.8,0.14869565217391303,0
2026-10-06T06:44:17Z,redis-cart,26.0,540,0.8,0.04814814814814815,0
2026-10-06T06:44:18Z,frontend,389.5,1150,0.8,0.33869565217391306,0
2026-10-06T06:44:18Z,cartservice,266.0,800,0.95,0.3325,0
2026-10-06T06:44:18Z,checkoutservice,796.0,800,0.8,0.995,1
2026-10-06T06:44:18Z,productcatalogservice,506.0,800,0.95,0.6325,0
2026-10-06T06:44:18Z,paymentservice,81.0,155,0.8,0.5225806451612903,0
2026-10-06T06:44:18Z,recommendationservice,793.0,1150,0.8,0.6895652173913044,0
2026-10-06T06:44:18Z,shippingservice,137.0,770,0.8,0.17792207792207793,0
2026-10-06T06:44:18Z,currencyservice,439.0,770,0.8,0.5701298701298702,0
2026-10-06T06:44:18Z,emailservice,4.0,120,0.8,0.03333333333333333,0
2026-10-06T06:44:18Z,adservice,163.0,1150,0.8,0.14173913043478262,0
2026-10-06T06:44:18Z,redis-cart,27.0,540,0.8,0.05,0
2026-10-06T06:44:19Z,frontend,385.5,1150,0.8,0.3352173913043478,0
2026-10-06T06:44:19Z,cartservice,266.0,800,0.95,0.3325,0
2026-10-06T06:44:19Z,checkoutservice,796.0,800,0.8,0.995,1
2026-10-06T06:44:19Z,productcatalogservice,544.0,800,0.95,0.68,0
2026-10-06T06:44:19Z,paymentservice,97.0,155,0.8,0.6258064516129033,0
2026-10-06T06:44:19Z,recommendationservice,856.0,1150,0.8,0.7443478260869565,0
2026-10-06T06:44:19Z,shippingservice,137.0,770,0.8,0.17792207792207793,0
2026-10-06T06:44:19Z,currencyservice,423.0,770,0.8,0.5493506493506494,0
2026-10-06T06:44:19Z,emailservice,15.0,120,0.8,0.125,0
2026-10-06T06:44:19Z,adservice,163.0,1150,0.8,0.14173913043478262,0
2026-10-06T06:44:19Z,redis-cart,26.0,540,0.8,0.04814814814814815,0
2026-10-06T06:44:20Z,frontend,388.5,1150,0.8,0.3378260869565217,0
2026-10-06T06:44:20Z,cartservice,242.0,800,0.95,0.3025,0
2026-10-06T06:44:20Z,checkoutservice,789.0,800,0.8,0.98625,1
2026-10-06T06:44:20Z,productcatalogservice,544.0,800,0.95,0.68,0
2026-10-06T06:44:20Z,paymentservice,94.0,155,0.8,0.6064516129032258,0
2026-10-06T06:44:20Z,recommendationservice,819.0,1150,0.8,0.7121739130434782,0
2026-10-06T06:44:20Z,shippingservice,127.0,770,0.8,0.16493506493506493,0
2026-10-06T06:44:20Z,currencyservice,477.0,770,0.8,0.6194805194805195,0
2026-10-06T06:44:20Z,emailservice,13.0,120,0.8,0.10833333333333334,0
2026-10-06T06:44:20Z,adservice,160.0,1150,0.8,0.1391304347826087,0
2026-10-06T06:44:20Z,redis-cart,26.0,540,0.8,0.04814814814814815,0
2026-10-06T06:44:21Z,frontend,392.25,1150,0.8,0.34108695652173915,0
2026-10-06T06:44:21Z,cartservice,242.0,800,0.95,0.3025,0
2026-10-06T06:44:21Z,checkoutservice,798.0,800,0.8,0.9975,1
2026-10-06T06:44:21Z,productcatalogservice,506.0,800,0.95,0.6325,0
2026-10-06T06:44:21Z,paymentservice,78.0,155,0.8,0.5032258064516129,0
2026-10-06T06:44:21Z,recommendationservice,819.0,1150,0.8,0.7121739130434782,0
2026-10-06T06:44:21Z,shippingservice,145.0,770,0.8,0.18831168831168832,0
2026-10-06T06:44:21Z,currencyservice,477.0,770,0.8,0.6194805194805195,0
2026-10-06T06:44:21Z,emailservice,13.0,120,0.8,0.10833333333333334,0
2026-10-06T06:44:21Z,adservice,172.0,1150,0.8,0.14956521739130435,0
2026-10-06T06:44:21Z,redis-cart,27.0,540,0.8,0.05,0
2026-10-06T06:44:22Z,frontend,398.0,1150,0.8,0.34608695652173915,0
2026-10-06T06:44:22Z,cartservice,259.0,800,0.95,0.32375,0
2026-10-06T06:44:22Z,checkoutservice,798.0,800,0.8,0.9975,1
2026-10-06T06:44:22Z,productcatalogservice,534.0,800,0.95,0.6675,0
2026-10-06T06:44:22Z,paymentservice,78.0,155,0.8,0.5032258064516129,0
2026-10-06T06:44:22Z,recommendationservice,826.0,1150,0.8,0.7182608695652174,0
2026-10-06T06:44:22Z,shippingservice,133.0,770,0.8,0.17272727272727273,0
2026-10-06T06:44:22Z,currencyservice,436.0,770,0.8,0.5662337662337662,0
2026-10-06T06:44:22Z,emailservice,54.0,120,0.8,0.45,0
2026-10-06T06:44:22Z,adservice,172.0,1150,0.8,0.14956521739130435,0
2026-10-06T06:44:22Z,redis-cart,29.0,540,0.8,0.053703703703703705,0
2026-10-06T06:44:23Z,frontend,408.25,1150,0.8,0.355,0
2026-10-06T06:44:23Z,cartservice,261.0,800,0.95,0.32625,0
2026-10-06T06:44:23Z,checkoutservice,423.0,800,0.8,0.52875,0
2026-10-06T06:44:23Z,productcatalogservice,534.0,800,0.95,0.6675,0
2026-10-06T06:44:23Z,paymentservice,21.0,155,0.8,0.13548387096774195,0
2026-10-06T06:44:23Z,recommendationservice,826.0,1150,0.8,0.7182608695652174,0
2026-10-06T06:44:23Z,shippingservice,133.0,770,0.8,0.17272727272727273,0
2026-10-06T06:44:23Z,currencyservice,462.0,770,0.8,0.6,0
2026-10-06T06:44:23Z,emailservice,18.0,120,0.8,0.15,0
2026-10-06T06:44:23Z,adservice,177.0,1150,0.8,0.15391304347826087,0
2026-10-06T06:44:23Z,redis-cart,27.0,540,0.8,0.05,0
2026-10-06T06:44:24Z,frontend,423.25,1150,0.8,0.3680434782608696,0
2026-10-06T06:44:24Z,cartservice,261.0,800,0.95,0.32625,0
2026-10-06T06:44:24Z,checkoutservice,423.0,800,0.8,0.52875,0
2026-10-06T06:44:24Z,productcatalogservice,555.0,800,0.95,0.69375,0
2026-10-06T06:44:24Z,paymentservice,11.0,155,0.8,0.07096774193548387,0
2026-10-06T06:44:24Z,recommendationservice,843.0,1150,0.8,0.7330434782608696,0
2026-10-06T06:44:24Z,shippingservice,93.0,770,0.8,0.12077922077922078,0
2026-10-06T06:44:24Z,currencyservice,422.0,770,0.8,0.548051948051948,0
2026-10-06T06:44:24Z,emailservice,18.0,120,0.8,0.15,0
2026-10-06T06:44:24Z,adservice,177.0,1150,0.8,0.15391304347826087,0
2026-10-06T06:44:24Z,redis-cart,28.0,540,0.8,0.05185185185185185,0
2026-10-06T06:44:25Z,frontend,416.0,1150,0.8,0.3617391304347826,0
2026-10-06T06:44:25Z,cartservice,297.0,800,0.95,0.37125,0
2026-10-06T06:44:25Z,checkoutservice,241.0,800,0.8,0.30125,0
2026-10-06T06:44:25Z,productcatalogservice,555.0,800,0.95,0.69375,0
2026-10-06T06:44:25Z,paymentservice,11.0,155,0.8,0.07096774193548387,0
2026-10-06T06:44:25Z,recommendationservice,900.0,1150,0.8,0.782608695652174,0
2026-10-06T06:44:25Z,shippingservice,93.0,770,0.8,0.12077922077922078,0
2026-10-06T06:44:25Z,currencyservice,422.0,770,0.8,0.548051948051948,0
2026-10-06T06:44:25Z,emailservice,41.0,120,0.8,0.3416666666666667,0
2026-10-06T06:44:25Z,adservice,180.0,1150,0.8,0.1565217391304348,0
2026-10-06T06:44:25Z,redis-cart,28.0,540,0.8,0.05185185185185185,0
2026-10-06T06:44:26Z,frontend,411.5,1150,0.8,0.35782608695652174,0
2026-10-06T06:44:26Z,cartservice,292.0,800,0.95,0.365,0
2026-10-06T06:44:26Z,checkoutservice,330.0,800,0.8,0.4125,0
2026-10-06T06:44:26Z,productcatalogservice,535.0,800,0.95,0.66875,0
2026-10-06T06:44:26Z,paymentservice,15.0,155,0.8,0.0967741935483871,0
2026-10-06T06:44:26Z,recommendationservice,900.0,1150,0.8,0.782608695652174,0
2026-10-06T06:44:26Z,shippingservice,106.0,770,0.8,0.13766233766233765,0
2026-10-06T06:44:26Z,currencyservice,460.0,770,0.8,0.5974025974025974,0
2026-10-06T06:44:26Z,emailservice,29.0,120,0.8,0.24166666666666667,0
2026-10-06T06:44:26Z,adservice,180.0,1150,0.8,0.1565217391304348,0
2026-10-06T06:44:26Z,redis-cart,28.0,540,0.8,0.05185185185185185,0
2026-10-06T06:44:27Z,frontend,425.0,1150,0.8,0.3695652173913043,0
2026-10-06T06:44:27Z,cartservice,286.0,800,0.95,0.3575,0
2026-10-06T06:44:27Z,checkoutservice,415.0,800,0.8,0.51875,0
2026-10-06T06:44:27Z,productcatalogservice,568.0,800,0.95,0.71,0
2026-10-06T06:44:27Z,paymentservice,22.0,155,0.8,0.14193548387096774,0
2026-10-06T06:44:27Z,recommendationservice,920.0,1150,0.8,0.8,0
2026-10-06T06:44:27Z,shippingservice,109.0,770,0.8,0.14155844155844155,0
2026-10-06T06:44:27Z,currencyservice,451.0,770,0.8,0.5857142857142857,0
2026-10-06T06:44:27Z,emailservice,29.0,120,0.8,0.24166666666666667,0
2026-10-06T06:44:27Z,adservice,180.0,1150,0.8,0.1565217391304348,0
2026-10-06T06:44:27Z,redis-cart,28.0,540,0.8,0.05185185185185185,0
2026-10-06T06:44:28Z,frontend,425.25,1150,0.8,0.36978260869565216,0
2026-10-06T06:44:28Z,cartservice,286.0,800,0.95,0.3575,0
2026-10-06T06:44:28Z,checkoutservice,415.0,800,0.8,0.51875,0
2026-10-06T06:44:28Z,productcatalogservice,534.0,800,0.95,0.6675,0
2026-10-06T06:44:28Z,paymentservice,22.0,155,0.8,0.14193548387096774,0
2026-10-06T06:44:28Z,recommendationservice,904.0,1150,0.8,0.7860869565217391,0
2026-10-06T06:44:28Z,shippingservice,109.0,770,0.8,0.14155844155844155,0
2026-10-06T06:44:28Z,currencyservice,451.0,770,0.8,0.5857142857142857,0
2026-10-06T06:44:28Z,emailservice,37.0,120,0.8,0.30833333333333335,0
2026-10-06T06:44:28Z,adservice,185.0,1150,0.8,0.1608695652173913,0
2026-10-06T06:44:28Z,redis-cart,29.0,540,0.8,0.053703703703703705,0
2026-10-06T06:44:29Z,frontend,420.25,1150,0.8,0.36543478260869566,0
2026-10-06T06:44:29Z,cartservice,335.0,800,0.95,0.41875,0
2026-10-06T06:44:29Z,checkoutservice,449.0,800,0.8,0.56125,0
2026-10-06T06:44:29Z,productcatalogservice,551.0,800,0.95,0.68875,0
2026-10-06T06:44:29Z,paymentservice,46.0,155,0.8,0.2967741935483871,0
2026-10-06T06:44:29Z,recommendationservice,904.0,1150,0.8,0.7860869565217391,0
2026-10-06T06:44:29Z,shippingservice,100.0,770,0.8,0.12987012987012986,0
2026-10-06T06:44:29Z,currencyservice,465.0,770,0.8,0.6038961038961039,0
2026-10-06T06:44:29Z,emailservice,37.0,120,0.8,0.30833333333333335,0
2026-10-06T06:44:29Z,adservice,185.0,1150,0.8,0.1608695652173913,0
2026-10-06T06:44:29Z,redis-cart,30.0,540,0.8,0.05555555555555555,0
2026-10-06T06:44:30Z,frontend,422.25,1150,0.8,0.36717391304347824,0
2026-10-06T06:44:30Z,cartservice,335.0,800,0.95,0.41875,0
2026-10-06T06:44:30Z,checkoutservice,513.0,800,0.8,0.64125,0
2026-10-06T06:44:30Z,productcatalogservice,551.0,800,0.95,0.68875,0
2026-10-06T06:44:30Z,paymentservice,30.0,155,0.8,0.1935483870967742,0
2026-10-06T06:44:30Z,recommendationservice,886.0,1150,0.8,0.7704347826086957,0
2026-10-06T06:44:30Z,shippingservice,100.0,770,0.8,0.12987012987012986,0
2026-10-06T06:44:30Z,currencyservice,465.0,770,0.8,0.6038961038961039,0
2026-10-06T06:44:30Z,emailservice,66.0,120,0.8,0.55,0
2026-10-06T06:44:30Z,adservice,182.0,1150,0.8,0.1582608695652174,0
2026-10-06T06:44:30Z,redis-cart,30.0,540,0.8,0.05555555555555555,0
2026-10-06T06:44:31Z,frontend,380.25,1150,0.8,0.33065217391304347,0
2026-10-06T06:44:31Z,cartservice,302.0,800,0.95,0.3775,0
2026-10-06T06:44:31Z,checkoutservice,513.0,800,0.8,0.64125,0
2026-10-06T06:44:31Z,productcatalogservice,521.0,800,0.95,0.65125,0
2026-10-06T06:44:31Z,paymentservice,30.0,155,0.8,0.1935483870967742,0
2026-10-06T06:44:31Z,recommendationservice,930.0,1150,0.8,0.808695652173913,1
2026-10-06T06:44:31Z,shippingservice,117.0,770,0.8,0.15194805194805194,0
2026-10-06T06:44:31Z,currencyservice,447.0,770,0.8,0.5805194805194805,0
2026-10-06T06:44:31Z,emailservice,48.0,120,0.8,0.4,0
2026-10-06T06:44:31Z,adservice,182.0,1150,0.8,0.1582608695652174,0
2026-10-06T06:44:31Z,redis-cart,29.0,540,0.8,0.053703703703703705,0
2026-10-06T06:44:32Z,frontend,370.0,1150,0.8,0.3217391304347826,0
2026-10-06T06:44:32Z,cartservice,281.0,800,0.95,0.35125,0
2026-10-06T06:44:32Z,checkoutservice,519.0,800,0.8,0.64875,0
2026-10-06T06:44:32Z,productcatalogservice,521.0,800,0.95,0.65125,0
2026-10-06T06:44:32Z,paymentservice,24.0,155,0.8,0.15483870967741936,0
2026-10-06T06:44:32Z,recommendationservice,1020.0,1150,0.8,0.8869565217391304,1
2026-10-06T06:44:32Z,shippingservice,68.0,770,0.8,0.08831168831168831,0
2026-10-06T06:44:32Z,currencyservice,447.0,770,0.8,0.5805194805194805,0
2026-10-06T06:44:32Z,emailservice,48.0,120,0.8,0.4,0
2026-10-06T06:44:32Z,adservice,142.0,1150,0.8,0.12347826086956522,0
2026-10-06T06:44:32Z,redis-cart,30.0,540,0.8,0.05555555555555555,0
2026-10-06T06:44:33Z,frontend,363.5,1150,0.8,0.3160869565217391,0
2026-10-06T06:44:33Z,cartservice,303.0,800,0.95,0.37875,0
2026-10-06T06:44:33Z,checkoutservice,522.0,800,0.8,0.6525,0
2026-10-06T06:44:33Z,productcatalogservice,468.0,800,0.95,0.585,0
2026-10-06T06:44:33Z,paymentservice,30.0,155,0.8,0.1935483870967742,0
2026-10-06T06:44:33Z,recommendationservice,1020.0,1150,0.8,0.8869565217391304,1
2026-10-06T06:44:33Z,shippingservice,99.0,770,0.8,0.12857142857142856,0
2026-10-06T06:44:33Z,currencyservice,401.0,770,0.8,0.5207792207792208,0
2026-10-06T06:44:33Z,emailservice,48.0,120,0.8,0.4,0
2026-10-06T06:44:33Z,adservice,142.0,1150,0.8,0.12347826086956522,0
2026-10-06T06:44:33Z,redis-cart,29.0,540,0.8,0.053703703703703705,0
2026-10-06T06:44:34Z,frontend,344.75,1150,0.8,0.29978260869565215,0
2026-10-06T06:44:34Z,cartservice,303.0,800,0.95,0.37875,0
2026-10-06T06:44:34Z,checkoutservice,522.0,800,0.8,0.6525,0
2026-10-06T06:44:34Z,productcatalogservice,461.0,800,0.95,0.57625,0
2026-10-06T06:44:34Z,paymentservice,32.0,155,0.8,0.2064516129032258,0
2026-10-06T06:44:34Z,recommendationservice,1012.0,1150,0.8,0.88,1
2026-10-06T06:44:34Z,shippingservice,90.0,770,0.8,0.11688311688311688,0
2026-10-06T06:44:34Z,currencyservice,401.0,770,0.8,0.5207792207792208,0
2026-10-06T06:44:34Z,emailservice,50.0,120,0.8,0.4166666666666667,0
2026-10-06T06:44:34Z,adservice,145.0,1150,0.8,0.12608695652173912,0
2026-10-06T06:44:34Z,redis-cart,29.0,540,0.8,0.053703703703703705,0
2026-10-06T06:44:35Z,frontend,347.25,1150,0.8,0.30195652173913046,0
2026-10-06T06:44:35Z,cartservice,346.0,800,0.95,0.4325,0
2026-10-06T06:44:35Z,checkoutservice,506.0,800,0.8,0.6325,0
2026-10-06T06:44:35Z,productcatalogservice,461.0,800,0.95,0.57625,0
2026-10-06T06:44:35Z,paymentservice,32.0,155,0.8,0.2064516129032258,0
2026-10-06T06:44:35Z,recommendationservice,1012.0,1150,0.8,0.88,1
2026-10-06T06:44:35Z,shippingservice,90.0,770,0.8,0.11688311688311688,0
2026-10-06T06:44:35Z,currencyservice,406.0,770,0.8,0.5272727272727272,0
2026-10-06T06:44:35Z,emailservice,50.0,120,0.8,0.4166666666666667,0
2026-10-06T06:44:35Z,adservice,140.0,1150,0.8,0.12173913043478261,0
2026-10-06T06:44:35Z,redis-cart,32.0,540,0.8,0.05925925925925926,0
2026-10-06T06:44:36Z,frontend,372.5,1150,0.8,0.3239130434782609,0
2026-10-06T06:44:36Z,cartservice,346.0,800,0.95,0.4325,0
2026-10-06T06:44:36Z,checkoutservice,549.0,800,0.8,0.68625,0
2026-10-06T06:44:36Z,productcatalogservice,487.0,800,0.95,0.60875,0
2026-10-06T06:44:36Z,paymentservice,30.0,155,0.8,0.1935483870967742,0
2026-10-06T06:44:36Z,recommendationservice,942.0,1150,0.8,0.8191304347826087,1
2026-10-06T06:44:36Z,shippingservice,109.0,770,0.8,0.14155844155844155,0
2026-10-06T06:44:36Z,currencyservice,456.0,770,0.8,0.5922077922077922,0
2026-10-06T06:44:36Z,emailservice,73.0,120,0.8,0.6083333333333333,0
2026-10-06T06:44:36Z,adservice,140.0,1150,0.8,0.12173913043478261,0
2026-10-06T06:44:36Z,redis-cart,32.0,540,0.8,0.05925925925925926,0
2026-10-06T06:44:37Z,frontend,367.75,1150,0.8,0.31978260869565217,0
2026-10-06T06:44:37Z,cartservice,344.0,800,0.95,0.43,0
2026-10-06T06:44:37Z,checkoutservice,549.0,800,0.8,0.68625,0
2026-10-06T06:44:37Z,productcatalogservice,487.0,800,0.95,0.60875,0
2026-10-06T06:44:37Z,paymentservice,29.0,155,0.8,0.1870967741935484,0
2026-10-06T06:44:37Z,recommendationservice,980.0,1150,0.8,0.8521739130434782,1
2026-10-06T06:44:37Z,shippingservice,97.0,770,0.8,0.12597402597402596,0
2026-10-06T06:44:37Z,currencyservice,456.0,770,0.8,0.5922077922077922,0
2026-10-06T06:44:37Z,emailservice,60.0,120,0.8,0.5,0
2026-10-06T06:44:37Z,adservice,139.0,1150,0.8,0.1208695652173913,0
2026-10-06T06:44:37Z,redis-cart,31.0,540,0.8,0.05740740740740741,0
2026-10-06T06:44:38Z,frontend,370.0,1150,0.8,0.3217391304347826,0
2026-10-06T06:44:38Z,cartservice,344.0,800,0.95,0.43,0
2026-10-06T06:44:38Z,checkoutservice,490.0,800,0.8,0.6125,0
2026-10-06T06:44:38Z,productcatalogservice,475.0,800,0.95,0.59375,0
2026-10-06T06:44:38Z,paymentservice,29.0,155,0.8,0.1870967741935484,0
2026-10-06T06:44:38Z,recommendationservice,961.0,1150,0.8,0.8356521739130435,1
2026-10-06T06:44:38Z,shippingservice,97.0,770,0.8,0.12597402597402596,0
2026-10-06T06:44:38Z,currencyservice,407.0,770,0.8,0.5285714285714286,0
2026-10-06T06:44:38Z,emailservice,51.0,120,0.8,0.425,0
2026-10-06T06:44:38Z,adservice,142.0,1150,0.8,0.12347826086956522,0
2026-10-06T06:44:38Z,redis-cart,31.0,540,0.8,0.05740740740740741,0
2026-10-06T06:44:39Z,frontend,373.5,1150,0.8,0.3247826086956522,0
2026-10-06T06:44:39Z,cartservice,332.0,800,0.95,0.415,0
2026-10-06T06:44:39Z,checkoutservice,490.0,800,0.8,0.6125,0
2026-10-06T06:44:39Z,productcatalogservice,475.0,800,0.95,0.59375,0
2026-10-06T06:44:39Z,paymentservice,45.0,155,0.8,0.2903225806451613,0
2026-10-06T06:44:39Z,recommendationservice,961.0,1150,0.8,0.8356521739130435,1
2026-10-06T06:44:39Z,shippingservice,102.0,770,0.8,0.13246753246753246,0
2026-10-06T06:44:39Z,currencyservice,431.0,770,0.8,0.5597402597402598,0
2026-10-06T06:44:39Z,emailservice,51.0,120,0.8,0.425,0
2026-10-06T06:44:39Z,adservice,144.0,1150,0.8,0.12521739130434784,0
2026-10-06T06:44:39Z,redis-cart,30.0,540,0.8,0.05555555555555555,0
2026-10-06T06:44:40Z,frontend,360.0,1150,0.8,0.3130434782608696,0
2026-10-06T06:44:40Z,cartservice,290.0,800,0.95,0.3625,0
2026-10-06T06:44:40Z,checkoutservice,534.0,800,0.8,0.6675,0
2026-10-06T06:44:40Z,productcatalogservice,516.0,800,0.95,0.645,0
2026-10-06T06:44:40Z,paymentservice,45.0,155,0.8,0.2903225806451613,0
2026-10-06T06:44:40Z,recommendationservice,994.0,1150,0.8,0.8643478260869565,1
2026-10-06T06:44:40Z,shippingservice,88.0,770,0.8,0.11428571428571428,0
2026-10-06T06:44:40Z,currencyservice,431.0,770,0.8,0.5597402597402598,0
2026-10-06T06:44:40Z,emailservice,70.0,120,0.8,0.5833333333333334,0
2026-10-06T06:44:40Z,adservice,144.0,1150,0.8,0.12521739130434784,0
2026-10-06T06:44:40Z,redis-cart,31.0,540,0.8,0.05740740740740741,0
2026-10-06T06:44:41Z,frontend,359.25,1150,0.8,0.3123913043478261,0
2026-10-06T06:44:41Z,cartservice,290.0,800,0.95,0.3625,0
2026-10-06T06:44:41Z,checkoutservice,499.0,800,0.8,0.62375,0
2026-10-06T06:44:41Z,productcatalogservice,473.0,800,0.95,0.59125,0
2026-10-06T06:44:41Z,paymentservice,27.0,155,0.8,0.17419354838709677,0
2026-10-06T06:44:41Z,recommendationservice,969.0,1150,0.8,0.8426086956521739,1
2026-10-06T06:44:41Z,shippingservice,107.0,770,0.8,0.13896103896103895,0
2026-10-06T06:44:41Z,currencyservice,396.0,770,0.8,0.5142857142857142,0
2026-10-06T06:44:41Z,emailservice,70.0,120,0.8,0.5833333333333334,0
2026-10-06T06:44:41Z,adservice,140.0,1150,0.8,0.12173913043478261,0
2026-10-06T06:44:41Z,redis-cart,30.0,540,0.8,0.05555555555555555,0
2026-10-06T06:44:42Z,frontend,387.25,1150,0.8,0.3367391304347826,0
2026-10-06T06:44:42Z,cartservice,314.0,800,0.95,0.3925,0
2026-10-06T06:44:42Z,checkoutservice,499.0,800,0.8,0.62375,0
2026-10-06T06:44:42Z,productcatalogservice,473.0,800,0.95,0.59125,0
2026-10-06T06:44:42Z,paymentservice,32.0,155,0.8,0.2064516129032258,0
2026-10-06T06:44:42Z,recommendationservice,969.0,1150,0.8,0.8426086956521739,1
2026-10-06T06:44:42Z,shippingservice,107.0,770,0.8,0.13896103896103895,0
2026-10-06T06:44:42Z,currencyservice,431.0,770,0.8,0.5597402597402598,0
2026-10-06T06:44:42Z,emailservice,54.0,120,0.8,0.45,0
2026-10-06T06:44:42Z,adservice,159.0,1150,0.8,0.13826086956521738,0
2026-10-06T06:44:42Z,redis-cart,33.0,540,0.8,0.06111111111111111,0
2026-10-06T06:44:43Z,frontend,378.5,1150,0.8,0.32913043478260867,0
2026-10-06T06:44:43Z,cartservice,332.0,800,0.95,0.415,0
2026-10-06T06:44:43Z,checkoutservice,534.0,800,0.8,0.6675,0
2026-10-06T06:44:43Z,productcatalogservice,503.0,800,0.95,0.62875,0
2026-10-06T06:44:43Z,paymentservice,33.0,155,0.8,0.2129032258064516,0
2026-10-06T06:44:43Z,recommendationservice,960.0,1150,0.8,0.8347826086956521,1
2026-10-06T06:44:43Z,shippingservice,99.0,770,0.8,0.12857142857142856,0
2026-10-06T06:44:43Z,currencyservice,430.0,770,0.8,0.5584415584415584,0
2026-10-06T06:44:43Z,emailservice,49.0,120,0.8,0.4083333333333333,0
2026-10-06T06:44:43Z,adservice,159.0,1150,0.8,0.13826086956521738,0
2026-10-06T06:44:43Z,redis-cart,33.0,540,0.8,0.06111111111111111,0
2026-10-06T06:44:44Z,frontend,372.0,1150,0.8,0.3234782608695652,0
2026-10-06T06:44:44Z,cartservice,332.0,800,0.95,0.415,0
2026-10-06T06:44:44Z,checkoutservice,578.0,800,0.8,0.7225,0
2026-10-06T06:44:44Z,productcatalogservice,503.0,800,0.95,0.62875,0
2026-10-06T06:44:44Z,paymentservice,33.0,155,0.8,0.2129032258064516,0
2026-10-06T06:44:44Z,recommendationservice,960.0,1150,0.8,0.8347826086956521,1
2026-10-06T06:44:44Z,shippingservice,99.0,770,0.8,0.12857142857142856,0
2026-10-06T06:44:44Z,currencyservice,426.0,770,0.8,0.5532467532467532,0
2026-10-06T06:44:44Z,emailservice,49.0,120,0.8,0.4083333333333333,0
2026-10-06T06:44:44Z,adservice,144.0,1150,0.8,0.12521739130434784,0
2026-10-06T06:44:44Z,redis-cart,30.0,540,0.8,0.05555555555555555,0
2026-10-06T06:44:45Z,frontend,380.25,1150,0.8,0.33065217391304347,0
2026-10-06T06:44:45Z,cartservice,318.0,800,0.95,0.3975,0
2026-10-06T06:44:45Z,checkoutservice,524.0,800,0.8,0.655,0
2026-10-06T06:44:45Z,productcatalogservice,482.0,800,0.95,0.6025,0
2026-10-06T06:44:45Z,paymentservice,30.0,155,0.8,0.1935483870967742,0
2026-10-06T06:44:45Z,recommendationservice,985.0,1150,0.8,0.8565217391304348,1
2026-10-06T06:44:45Z,shippingservice,112.0,770,0.8,0.14545454545454545,0
2026-10-06T06:44:45Z,currencyservice,426.0,770,0.8,0.5532467532467532,0
2026-10-06T06:44:45Z,emailservice,74.0,120,0.8,0.6166666666666667,0
2026-10-06T06:44:45Z,adservice,154.0,1150,0.8,0.13391304347826086,0
2026-10-06T06:44:45Z,redis-cart,32.0,540,0.8,0.05925925925925926,0
2026-10-06T06:44:46Z,frontend,384.0,1150,0.8,0.3339130434782609,0
2026-10-06T06:44:46Z,cartservice,318.0,800,0.95,0.3975,0
2026-10-06T06:44:46Z,checkoutservice,535.0,800,0.8,0.66875,0
2026-10-06T06:44:46Z,productcatalogservice,481.0,800,0.95,0.60125,0
2026-10-06T06:44:46Z,paymentservice,30.0,155,0.8,0.1935483870967742,0
2026-10-06T06:44:46Z,recommendationservice,985.0,1150,0.8,0.8565217391304348,1
2026-10-06T06:44:46Z,shippingservice,115.0,770,0.8,0.14935064935064934,0
2026-10-06T06:44:46Z,currencyservice,431.0,770,0.8,0.5597402597402598,0
2026-10-06T06:44:46Z,emailservice,56.0,120,0.8,0.4666666666666667,0
2026-10-06T06:44:46Z,adservice,154.0,1150,0.8,0.13391304347826086,0
2026-10-06T06:44:46Z,redis-cart,32.0,540,0.8,0.05925925925925926,0
2026-10-06T06:44:47Z,frontend,368.5,1150,0.8,0.3204347826086957,0
2026-10-06T06:44:47Z,cartservice,282.0,800,0.95,0.3525,0
2026-10-06T06:44:47Z,checkoutservice,494.0,800,0.8,0.6175,0
2026-10-06T06:44:47Z,productcatalogservice,481.0,800,0.95,0.60125,0
2026-10-06T06:44:47Z,paymentservice,32.0,155,0.8,0.2064516129032258,0
2026-10-06T06:44:47Z,recommendationservice,961.0,1150,0.8,0.8356521739130435,1
2026-10-06T06:44:47Z,shippingservice,104.0,770,0.8,0.13506493506493505,0
2026-10-06T06:44:47Z,currencyservice,452.0,770,0.8,0.587012987012987,0
2026-10-06T06:44:47Z,emailservice,56.0,120,0.8,0.4666666666666667,0
2026-10-06T06:44:47Z,adservice,185.0,1150,0.8,0.1608695652173913,0
2026-10-06T06:44:47Z,redis-cart,31.0,540,0.8,0.05740740740740741,0
2026-10-06T06:44:48Z,frontend,377.0,1150,0.8,0.3278260869565217,0
2026-10-06T06:44:48Z,cartservice,312.0,800,0.95,0.39,0
2026-10-06T06:44:48Z,checkoutservice,494.0,800,0.8,0.6175,0
2026-10-06T06:44:48Z,productcatalogservice,506.0,800,0.95,0.6325,0
2026-10-06T06:44:48Z,paymentservice,41.0,155,0.8,0.2645161290322581,0
2026-10-06T06:44:48Z,recommendationservice,983.0,1150,0.8,0.8547826086956521,1
2026-10-06T06:44:48Z,shippingservice,94.0,770,0.8,0.12207792207792208,0
2026-10-06T06:44:48Z,currencyservice,452.0,770,0.8,0.587012987012987,0
2026-10-06T06:44:48Z,emailservice,55.0,120,0.8,0.4583333333333333,0
2026-10-06T06:44:48Z,adservice,133.0,1150,0.8,0.11565217391304349,0
2026-10-06T06:44:48Z,redis-cart,32.0,540,0.8,0.05925925925925926,0
2026-10-06T06:44:49Z,frontend,346.25,1150,0.8,0.3010869565217391,0
2026-10-06T06:44:49Z,cartservice,292.0,800,0.95,0.365,0
2026-10-06T06:44:49Z,checkoutservice,483.0,800,0.8,0.60375,0
2026-10-06T06:44:49Z,productcatalogservice,499.0,800,0.95,0.62375,0
2026-10-06T06:44:49Z,paymentservice,41.0,155,0.8,0.2645161290322581,0
2026-10-06T06:44:49Z,recommendationservice,983.0,1150,0.8,0.8547826086956521,1
2026-10-06T06:44:49Z,shippingservice,94.0,770,0.8,0.12207792207792208,0
2026-10-06T06:44:49Z,currencyservice,373.0,770,0.8,0.4844155844155844,0
2026-10-06T06:44:49Z,emailservice,41.0,120,0.8,0.3416666666666667,0
2026-10-06T06:44:49Z,adservice,133.0,1150,0.8,0.11565217391304349,0
2026-10-06T06:44:49Z,redis-cart,31.0,540,0.8,0.05740740740740741,0
2026-10-06T06:44:50Z,frontend,353.0,1150,0.8,0.30695652173913046,0
2026-10-06T06:44:50Z,cartservice,305.0,800,0.95,0.38125,0
2026-10-06T06:44:50Z,checkoutservice,493.0,800,0.8,0.61625,0
2026-10-06T06:44:50Z,productcatalogservice,499.0,800,0.95,0.62375,0
2026-10-06T06:44:50Z,paymentservice,41.0,155,0.8,0.2645161290322581,0
2026-10-06T06:44:50Z,recommendationservice,1037.0,1150,0.8,0.9017391304347826,1
2026-10-06T06:44:50Z,shippingservice,81.0,770,0.8,0.10519480519480519,0
2026-10-06T06:44:50Z,currencyservice,376.0,770,0.8,0.4883116883116883,0
2026-10-06T06:44:50Z,emailservice,41.0,120,0.8,0.3416666666666667,0
2026-10-06T06:44:50Z,adservice,133.0,1150,0.8,0.11565217391304349,0
2026-10-06T06:44:50Z,redis-cart,31.0,540,0.8,0.05740740740740741,0
2026-10-06T06:44:51Z,frontend,367.5,1150,0.8,0.31956521739130433,0
2026-10-06T06:44:51Z,cartservice,305.0,800,0.95,0.38125,0
2026-10-06T06:44:51Z,checkoutservice,540.0,800,0.8,0.675,0
2026-10-06T06:44:51Z,productcatalogservice,487.0,800,0.95,0.60875,0
2026-10-06T06:44:51Z,paymentservice,33.0,155,0.8,0.2129032258064516,0
2026-10-06T06:44:51Z,recommendationservice,982.0,1150,0.8,0.8539130434782609,1
2026-10-06T06:44:51Z,shippingservice,112.0,770,0.8,0.14545454545454545,0
2026-10-06T06:44:51Z,currencyservice,376.0,770,0.8,0.4883116883116883,0
2026-10-06T06:44:51Z,emailservice,67.0,120,0.8,0.5583333333333333,0
2026-10-06T06:44:51Z,adservice,143.0,1150,0.8,0.12434782608695652,0
2026-10-06T06:44:51Z,redis-cart,32.0,540,0.8,0.05925925925925926,0
2026-10-06T06:44:52Z,frontend,376.75,1150,0.8,0.32760869565217393,0
2026-10-06T06:44:52Z,cartservice,303.0,800,0.95,0.37875,0
2026-10-06T06:44:52Z,checkoutservice,540.0,800,0.8,0.675,0
2026-10-06T06:44:52Z,productcatalogservice,499.0,800,0.95,0.62375,0
2026-10-06T06:44:52Z,paymentservice,28.0,155,0.8,0.18064516129032257,0
2026-10-06T06:44:52Z,recommendationservice,965.0,1150,0.8,0.8391304347826087,1
2026-10-06T06:44:52Z,shippingservice,112.0,770,0.8,0.14545454545454545,0
2026-10-06T06:44:52Z,currencyservice,450.0,770,0.8,0.5844155844155844,0
2026-10-06T06:44:52Z,emailservice,51.0,120,0.8,0.425,0
2026-10-06T06:44:52Z,adservice,150.0,1150,0.8,0.13043478260869565,0
2026-10-06T06:44:52Z,redis-cart,32.0,540,0.8,0.05925925925925926,0
2026-10-06T06:44:53Z,frontend,367.0,1150,0.8,0.3191304347826087,0
2026-10-06T06:44:53Z,cartservice,275.0,800,0.95,0.34375,0
2026-10-06T06:44:53Z,checkoutservice,540.0,800,0.8,0.675,0
2026-10-06T06:44:53Z,productcatalogservice,495.0,800,0.95,0.61875,0
2026-10-06T06:44:53Z,paymentservice,28.0,155,0.8,0.18064516129032257,0
2026-10-06T06:44:53Z,recommendationservice,965.0,1150,0.8,0.8391304347826087,1
2026-10-06T06:44:53Z,shippingservice,95.0,770,0.8,0.12337662337662338,0
2026-10-06T06:44:53Z,currencyservice,379.0,770,0.8,0.4922077922077922,0
2026-10-06T06:44:53Z,emailservice,52.0,120,0.8,0.43333333333333335,0
2026-10-06T06:44:53Z,adservice,141.0,1150,0.8,0.12260869565217392,0
2026-10-06T06:44:53Z,redis-cart,30.0,540,0.8,0.05555555555555555,0
2026-10-06T06:44:54Z,frontend,363.5,1150,0.8,0.3160869565217391,0
2026-10-06T06:44:54Z,cartservice,325.0,800,0.95,0.40625,0
2026-10-06T06:44:54Z,checkoutservice,540.0,800,0.8,0.675,0
2026-10-06T06:44:54Z,productcatalogservice,495.0,800,0.95,0.61875,0
2026-10-06T06:44:54Z,paymentservice,27.0,155,0.8,0.17419354838709677,0
2026-10-06T06:44:54Z,recommendationservice,1005.0,1150,0.8,0.8739130434782608,1
2026-10-06T06:44:54Z,shippingservice,95.0,770,0.8,0.12337662337662338,0
2026-10-06T06:44:54Z,currencyservice,379.0,770,0.8,0.4922077922077922,0
2026-10-06T06:44:54Z,emailservice,52.0,120,0.8,0.43333333333333335,0
2026-10-06T06:44:54Z,adservice,141.0,1150,0.8,0.12260869565217392,0
2026-10-06T06:44:54Z,redis-cart,31.0,540,0.8,0.05740740740740741,0
2026-10-06T06:44:55Z,frontend,329.75,1150,0.8,0.2867391304347826,0
2026-10-06T06:44:55Z,cartservice,316.0,800,0.95,0.395,0
2026-10-06T06:44:55Z,checkoutservice,331.0,800,0.8,0.41375,0
2026-10-06T06:44:55Z,productcatalogservice,472.0,800,0.95,0.59,0
2026-10-06T06:44:55Z,paymentservice,22.0,155,0.8,0.14193548387096774,0
2026-10-06T06:44:55Z,recommendationservice,1042.0,1150,0.8,0.9060869565217391,1
2026-10-06T06:44:55Z,shippingservice,73.0,770,0.8,0.09480519480519481,0
2026-10-06T06:44:55Z,currencyservice,366.0,770,0.8,0.4753246753246753,0
2026-10-06T06:44:55Z,emailservice,52.0,120,0.8,0.43333333333333335,0
2026-10-06T06:44:55Z,adservice,102.0,1150,0.8,0.08869565217391304,0
2026-10-06T06:44:55Z,redis-cart,31.0,540,0.8,0.05740740740740741,0
2026-10-06T06:44:56Z,frontend,358.75,1150,0.8,0.3119565217391304,0
2026-10-06T06:44:56Z,cartservice,316.0,800,0.95,0.395,0
2026-10-06T06:44:56Z,checkoutservice,331.0,800,0.8,0.41375,0
2026-10-06T06:44:56Z,productcatalogservice,472.0,800,0.95,0.59,0
2026-10-06T06:44:56Z,paymentservice,35.0,155,0.8,0.22580645161290322,0
2026-10-06T06:44:56Z,recommendationservice,1042.0,1150,0.8,0.9060869565217391,1
2026-10-06T06:44:56Z,shippingservice,107.0,770,0.8,0.13896103896103895,0
2026-10-06T06:44:56Z,currencyservice,450.0,770,0.8,0.5844155844155844,0
2026-10-06T06:44:56Z,emailservice,52.0,120,0.8,0.43333333333333335,0
2026-10-06T06:44:56Z,adservice,149.0,1150,0.8,0.12956521739130436,0
2026-10-06T06:44:56Z,redis-cart,30.0,540,0.8,0.05555555555555555,0
2026-10-06T06:44:57Z,frontend,389.75,1150,0.8,0.33891304347826084,0
2026-10-06T06:44:57Z,cartservice,326.0,800,0.95,0.4075,0
2026-10-06T06:44:57Z,checkoutservice,598.0,800,0.8,0.7475,0
2026-10-06T06:44:57Z,productcatalogservice,466.0,800,0.95,0.5825,0
2026-10-06T06:44:57Z,paymentservice,38.0,155,0.8,0.24516129032258063,0
2026-10-06T06:44:57Z,recommendationservice,966.0,1150,0.8,0.84,1
2026-10-06T06:44:57Z,shippingservice,107.0,770,0.8,0.13896103896103895,0
2026-10-06T06:44:57Z,currencyservice,450.0,770,0.8,0.5844155844155844,0
2026-10-06T06:44:57Z,emailservice,62.0,120,0.8,0.5166666666666667,0
2026-10-06T06:44:57Z,adservice,159.0,1150,0.8,0.13826086956521738,0
2026-10-06T06:44:57Z,redis-cart,30.0,540,0.8,0.05555555555555555,0
2026-10-06T06:44:58Z,frontend,375.5,1150,0.8,0.3265217391304348,0
2026-10-06T06:44:58Z,cartservice,326.0,800,0.95,0.4075,0
2026-10-06T06:44:58Z,checkoutservice,598.0,800,0.8,0.7475,0
2026-10-06T06:44:58Z,productcatalogservice,492.0,800,0.95,0.615,0
2026-10-06T06:44:58Z,paymentservice,38.0,155,0.8,0.24516129032258063,0
2026-10-06T06:44:58Z,recommendationservice,983.0,1150,0.8,0.8547826086956521,1
2026-10-06T06:44:58Z,shippingservice,112.0,770,0.8,0.14545454545454545,0
2026-10-06T06:44:58Z,currencyservice,423.0,770,0.8,0.5493506493506494,0
2026-10-06T06:44:58Z,emailservice,59.0,120,0.8,0.49166666666666664,0
2026-10-06T06:44:58Z,adservice,159.0,1150,0.8,0.13826086956521738,0
2026-10-06T06:44:58Z,redis-cart,33.0,540,0.8,0.06111111111111111,0
2026-10-06T06:44:59Z,frontend,364.5,1150,0.8,0.3169565217391304,0
2026-10-06T06:44:59Z,cartservice,312.0,800,0.95,0.39,0
2026-10-06T06:44:59Z,checkoutservice,564.0,800,0.8,0.705,0
2026-10-06T06:44:59Z,productcatalogservice,497.0,800,0.95,0.62125,0
2026-10-06T06:44:59Z,paymentservice,62.0,155,0.8,0.4,0
2026-10-06T06:44:59Z,recommendationservice,983.0,1150,0.8,0.8547826086956521,1
2026-10-06T06:44:59Z,shippingservice,112.0,770,0.8,0.14545454545454545,0
2026-10-06T06:44:59Z,currencyservice,423.0,770,0.8,0.5493506493506494,0
2026-10-06T06:44:59Z,emailservice,59.0,120,0.8,0.49166666666666664,0
2026-10-06T06:44:59Z,adservice,135.0,1150,0.8,0.11739130434782609,0
2026-10-06T06:44:59Z,redis-cart,32.0,540,0.8,0.05925925925925926,0
2026-10-06T06:45:00Z,frontend,361.75,1150,0.8,0.31456521739130433,0
2026-10-06T06:45:00Z,cartservice,286.0,800,0.95,0.3575,0
2026-10-06T06:45:00Z,checkoutservice,506.0,800,0.8,0.6325,0
2026-10-06T06:45:00Z,productcatalogservice,487.0,800,0.95,0.60875,0
2026-10-06T06:45:00Z,paymentservice,31.0,155,0.8,0.2,0
2026-10-06T06:45:00Z,recommendationservice,1020.0,1150,0.8,0.8869565217391304,1
2026-10-06T06:45:00Z,shippingservice,94.0,770,0.8,0.12207792207792208,0
2026-10-06T06:45:00Z,currencyservice,427.0,770,0.8,0.5545454545454546,0
2026-10-06T06:45:00Z,emailservice,69.0,120,0.8,0.575,0
2026-10-06T06:45:00Z,adservice,151.0,1150,0.8,0.13130434782608696,0
2026-10-06T06:45:00Z,redis-cart,32.0,540,0.8,0.05925925925925926,0
2026-10-06T06:45:01Z,frontend,378.25,1150,0.8,0.3289130434782609,0
2026-10-06T06:45:01Z,cartservice,286.0,800,0.95,0.3575,0
2026-10-06T06:45:01Z,checkoutservice,506.0,800,0.8,0.6325,0
2026-10-06T06:45:01Z,productcatalogservice,487.0,800,0.95,0.60875,0
2026-10-06T06:45:01Z,paymentservice,31.0,155,0.8,0.2,0
2026-10-06T06:45:01Z,recommendationservice,969.0,1150,0.8,0.8426086956521739,1
2026-10-06T06:45:01Z,shippingservice,97.0,770,0.8,0.12597402597402596,0
2026-10-06T06:45:01Z,currencyservice,427.0,770,0.8,0.5545454545454546,0
2026-10-06T06:45:01Z,emailservice,69.0,120,0.8,0.575,0
2026-10-06T06:45:01Z,adservice,151.0,1150,0.8,0.13130434782608696,0
2026-10-06T06:45:01Z,redis-cart,32.0,540,0.8,0.05925925925925926,0
2026-10-06T06:45:02Z,frontend,388.0,1150,0.8,0.3373913043478261,0
2026-10-06T06:45:02Z,cartservice,292.0,800,0.95,0.365,0
2026-10-06T06:45:02Z,checkoutservice,491.0,800,0.8,0.61375,0
2026-10-06T06:45:02Z,productcatalogservice,478.0,800,0.95,0.5975,0
2026-10-06T06:45:02Z,paymentservice,25.0,155,0.8,0.16129032258064516,0
2026-10-06T06:45:02Z,recommendationservice,961.0,1150,0.8,0.8356521739130435,1
2026-10-06T06:45:02Z,shippingservice,98.0,770,0.8,0.12727272727272726,0
2026-10-06T06:45:02Z,currencyservice,416.0,770,0.8,0.5402597402597402,0
2026-10-06T06:45:02Z,emailservice,51.0,120,0.8,0.425,0
2026-10-06T06:45:02Z,adservice,165.0,1150,0.8,0.14347826086956522,0
2026-10-06T06:45:02Z,redis-cart,32.0,540,0.8,0.05925925925925926,0
2026-10-06T06:45:03Z,frontend,377.75,1150,0.8,0.3284782608695652,0
2026-10-06T06:45:03Z,cartservice,318.0,800,0.95,0.3975,0
2026-10-06T06:45:03Z,checkoutservice,491.0,800,0.8,0.61375,0
2026-10-06T06:45:03Z,productcatalogservice,500.0,800,0.95,0.625,0
2026-10-06T06:45:03Z,paymentservice,37.0,155,0.8,0.23870967741935484,0
2026-10-06T06:45:03Z,recommendationservice,1028.0,1150,0.8,0.8939130434782608,1
2026-10-06T06:45:03Z,shippingservice,98.0,770,0.8,0.12727272727272726,0
2026-10-06T06:45:03Z,currencyservice,410.0,770,0.8,0.5324675324675324,0
2026-10-06T06:45:03Z,emailservice,51.0,120,0.8,0.425,0
2026-10-06T06:45:03Z,adservice,164.0,1150,0.8,0.1426086956521739,0
2026-10-06T06:45:03Z,redis-cart,33.0,540,0.8,0.06111111111111111,0
2026-10-06T06:45:04Z,frontend,375.5,1150,0.8,0.3265217391304348,0
2026-10-06T06:45:04Z,cartservice,337.0,800,0.95,0.42125,0
2026-10-06T06:45:04Z,checkoutservice,606.0,800,0.8,0.7575,0
2026-10-06T06:45:04Z,productcatalogservice,500.0,800,0.95,0.625,0
2026-10-06T06:45:04Z,paymentservice,37.0,155,0.8,0.23870967741935484,0
2026-10-06T06:45:04Z,recommendationservice,949.0,1150,0.8,0.8252173913043478,1
2026-10-06T06:45:04Z,shippingservice,123.0,770,0.8,0.15974025974025974,0
2026-10-06T06:45:04Z,currencyservice,410.0,770,0.8,0.5324675324675324,0
2026-10-06T06:45:04Z,emailservice,59.0,120,0.8,0.49166666666666664,0
2026-10-06T06:45:04Z,adservice,164.0,1150,0.8,0.1426086956521739,0
2026-10-06T06:45:04Z,redis-cart,75.0,540,0.8,0.1388888888888889,0
2026-10-06T06:45:05Z,frontend,376.25,1150,0.8,0.32717391304347826,0
2026-10-06T06:45:05Z,cartservice,337.0,800,0.95,0.42125,0
2026-10-06T06:45:05Z,checkoutservice,482.0,800,0.8,0.6025,0
2026-10-06T06:45:05Z,productcatalogservice,496.0,800,0.95,0.62,0
2026-10-06T06:45:05Z,paymentservice,33.0,155,0.8,0.2129032258064516,0
2026-10-06T06:45:05Z,recommendationservice,949.0,1150,0.8,0.8252173913043478,1
2026-10-06T06:45:05Z,shippingservice,97.0,770,0.8,0.12597402597402596,0
2026-10-06T06:45:05Z,currencyservice,445.0,770,0.8,0.577922077922078,0
2026-10-06T06:45:05Z,emailservice,73.0,120,0.8,0.6083333333333333,0
2026-10-06T06:45:05Z,adservice,142.0,1150,0.8,0.12347826086956522,0
2026-10-06T06:45:05Z,redis-cart,75.0,540,0.8,0.1388888888888889,0
2026-10-06T06:45:06Z,frontend,364.75,1150,0.8,0.31717391304347825,0
2026-10-06T06:45:06Z,cartservice,301.0,800,0.95,0.37625,0
2026-10-06T06:45:06Z,checkoutservice,493.0,800,0.8,0.61625,0
2026-10-06T06:45:06Z,productcatalogservice,457.0,800,0.95,0.57125,0
2026-10-06T06:45:06Z,paymentservice,30.0,155,0.8,0.1935483870967742,0
2026-10-06T06:45:06Z,recommendationservice,934.0,1150,0.8,0.8121739130434783,1
2026-10-06T06:45:06Z,shippingservice,97.0,770,0.8,0.12597402597402596,0
2026-10-06T06:45:06Z,currencyservice,445.0,770,0.8,0.577922077922078,0
2026-10-06T06:45:06Z,emailservice,73.0,120,0.8,0.6083333333333333,0
2026-10-06T06:45:06Z,adservice,142.0,1150,0.8,0.12347826086956522,0
2026-10-06T06:45:06Z,redis-cart,32.0,540,0.8,0.05925925925925926,0
2026-10-06T06:45:07Z,frontend,361.5,1150,0.8,0.3143478260869565,0
2026-10-06T06:45:07Z,cartservice,318.0,800,0.95,0.3975,0
2026-10-06T06:45:07Z,checkoutservice,493.0,800,0.8,0.61625,0
2026-10-06T06:45:07Z,productcatalogservice,457.0,800,0.95,0.57125,0
2026-10-06T06:45:07Z,paymentservice,27.0,155,0.8,0.17419354838709677,0
2026-10-06T06:45:07Z,recommendationservice,1017.0,1150,0.8,0.8843478260869565,1
2026-10-06T06:45:07Z,shippingservice,110.0,770,0.8,0.14285714285714285,0
2026-10-06T06:45:07Z,currencyservice,404.0,770,0.8,0.5246753246753246,0
2026-10-06T06:45:07Z,emailservice,53.0,120,0.8,0.44166666666666665,0
2026-10-06T06:45:07Z,adservice,140.0,1150,0.8,0.12173913043478261,0
2026-10-06T06:45:07Z,redis-cart,32.0,540,0.8,0.05925925925925926,0
2026-10-06T06:45:08Z,frontend,380.0,1150,0.8,0.33043478260869563,0
2026-10-06T06:45:08Z,cartservice,318.0,800,0.95,0.3975,0
2026-10-06T06:45:08Z,checkoutservice,520.0,800,0.8,0.65,0
2026-10-06T06:45:08Z,productcatalogservice,509.0,800,0.95,0.63625,0
2026-10-06T06:45:08Z,paymentservice,27.0,155,0.8,0.17419354838709677,0
2026-10-06T06:45:08Z,recommendationservice,1000.0,1150,0.8,0.8695652173913043,1
2026-10-06T06:45:08Z,shippingservice,102.0,770,0.8,0.13246753246753246,0
2026-10-06T06:45:08Z,currencyservice,439.0,770,0.8,0.5701298701298702,0
2026-10-06T06:45:08Z,emailservice,53.0,120,0.8,0.44166666666666665,0
2026-10-06T06:45:08Z,adservice,140.0,1150,0.8,0.12173913043478261,0
2026-10-06T06:45:08Z,redis-cart,32.0,540,0.8,0.05925925925925926,0
2026-10-06T06:45:09Z,frontend,353.5,1150,0.8,0.3073913043478261,0
2026-10-06T06:45:09Z,cartservice,306.0,800,0.95,0.3825,0
2026-10-06T06:45:09Z,checkoutservice,512.0,800,0.8,0.64,0
2026-10-06T06:45:09Z,productcatalogservice,509.0,800,0.95,0.63625,0
2026-10-06T06:45:09Z,paymentservice,49.0,155,0.8,0.3161290322580645,0
2026-10-06T06:45:09Z,recommendationservice,1000.0,1150,0.8,0.8695652173913043,1
2026-10-06T06:45:09Z,shippingservice,102.0,770,0.8,0.13246753246753246,0
2026-10-06T06:45:09Z,currencyservice,439.0,770,0.8,0.5701298701298702,0
2026-10-06T06:45:09Z,emailservice,57.0,120,0.8,0.475,0
2026-10-06T06:45:09Z,adservice,139.0,1150,0.8,0.1208695652173913,0
2026-10-06T06:45:09Z,redis-cart,31.0,540,0.8,0.05740740740740741,0
2026-10-06T06:45:10Z,frontend,359.0,1150,0.8,0.31217391304347825,0
2026-10-06T06:45:10Z,cartservice,325.0,800,0.95,0.40625,0
2026-10-06T06:45:10Z,checkoutservice,512.0,800,0.8,0.64,0
2026-10-06T06:45:10Z,productcatalogservice,488.0,800,0.95,0.61,0
2026-10-06T06:45:10Z,paymentservice,33.0,155,0.8,0.2129032258064516,0
2026-10-06T06:45:10Z,recommendationservice,987.0,1150,0.8,0.8582608695652174,1
2026-10-06T06:45:10Z,shippingservice,102.0,770,0.8,0.13246753246753246,0
2026-10-06T06:45:10Z,currencyservice,395.0,770,0.8,0.512987012987013,0
2026-10-06T06:45:10Z,emailservice,84.0,120,0.8,0.7,0
2026-10-06T06:45:10Z,adservice,140.0,1150,0.8,0.12173913043478261,0
2026-10-06T06:45:10Z,redis-cart,32.0,540,0.8,0.05925925925925926,0
2026-10-06T06:45:11Z,frontend,379.75,1150,0.8,0.33021739130434785,0
2026-10-06T06:45:11Z,cartservice,325.0,800,0.95,0.40625,0
2026-10-06T06:45:11Z,checkoutservice,533.0,800,0.8,0.66625,0
2026-10-06T06:45:11Z,productcatalogservice,499.0,800,0.95,0.62375,0
2026-10-06T06:45:11Z,paymentservice,36.0,155,0.8,0.23225806451612904,0
2026-10-06T06:45:11Z,recommendationservice,987.0,1150,0.8,0.8582608695652174,1
2026-10-06T06:45:11Z,shippingservice,102.0,770,0.8,0.13246753246753246,0
2026-10-06T06:45:11Z,currencyservice,406.0,770,0.8,0.5272727272727272,0
2026-10-06T06:45:11Z,emailservice,58.0,120,0.8,0.48333333333333334,0
2026-10-06T06:45:11Z,adservice,140.0,1150,0.8,0.12173913043478261,0
2026-10-06T06:45:11Z,redis-cart,32.0,540,0.8,0.05925925925925926,0
2026-10-06T06:45:12Z,frontend,378.25,1150,0.8,0.3289130434782609,0
2026-10-06T06:45:12Z,cartservice,308.0,800,0.95,0.385,0
2026-10-06T06:45:12Z,checkoutservice,533.0,800,0.8,0.66625,0
2026-10-06T06:45:12Z,productcatalogservice,499.0,800,0.95,0.62375,0
2026-10-06T06:45:12Z,paymentservice,30.0,155,0.8,0.1935483870967742,0
2026-10-06T06:45:12Z,recommendationservice,962.0,1150,0.8,0.8365217391304348,1
2026-10-06T06:45:12Z,shippingservice,103.0,770,0.8,0.13376623376623376,0
2026-10-06T06:45:12Z,currencyservice,432.0,770,0.8,0.561038961038961,0
2026-10-06T06:45:12Z,emailservice,58.0,120,0.8,0.48333333333333334,0
2026-10-06T06:45:12Z,adservice,146.0,1150,0.8,0.12695652173913044,0
2026-10-06T06:45:12Z,redis-cart,31.0,540,0.8,0.05740740740740741,0
2026-10-06T06:45:13Z,frontend,383.0,1150,0.8,0.33304347826086955,0
2026-10-06T06:45:13Z,cartservice,315.0,800,0.95,0.39375,0
2026-10-06T06:45:13Z,checkoutservice,514.0,800,0.8,0.6425,0
2026-10-06T06:45:13Z,productcatalogservice,505.0,800,0.95,0.63125,0
2026-10-06T06:45:13Z,paymentservice,30.0,155,0.8,0.1935483870967742,0
2026-10-06T06:45:13Z,recommendationservice,962.0,1150,0.8,0.8365217391304348,1
2026-10-06T06:45:13Z,shippingservice,103.0,770,0.8,0.13376623376623376,0
2026-10-06T06:45:13Z,currencyservice,410.0,770,0.8,0.5324675324675324,0
2026-10-06T06:45:13Z,emailservice,56.0,120,0.8,0.4666666666666667,0
2026-10-06T06:45:13Z,adservice,155.0,1150,0.8,0.13478260869565217,0
2026-10-06T06:45:13Z,redis-cart,31.0,540,0.8,0.05740740740740741,0
2026-10-06T06:45:14Z,frontend,368.5,1150,0.8,0.3204347826086957,0
2026-10-06T06:45:14Z,cartservice,315.0,800,0.95,0.39375,0
2026-10-06T06:45:14Z,checkoutservice,457.0,800,0.8,0.57125,0
2026-10-06T06:45:14Z,productcatalogservice,500.0,800,0.95,0.625,0
2026-10-06T06:45:14Z,paymentservice,27.0,155,0.8,0.17419354838709677,0
2026-10-06T06:45:14Z,recommendationservice,984.0,1150,0.8,0.8556521739130435,1
2026-10-06T06:45:14Z,shippingservice,91.0,770,0.8,0.11818181818181818,0
2026-10-06T06:45:14Z,currencyservice,410.0,770,0.8,0.5324675324675324,0
2026-10-06T06:45:14Z,emailservice,45.0,120,0.8,0.375,0
2026-10-06T06:45:14Z,adservice,155.0,1150,0.8,0.13478260869565217,0
2026-10-06T06:45:14Z,redis-cart,32.0,540,0.8,0.05925925925925926,0
2026-10-06T06:45:15Z,frontend,354.0,1150,0.8,0.30782608695652175,0
2026-10-06T06:45:15Z,cartservice,282.0,800,0.95,0.3525,0
2026-10-06T06:45:15Z,checkoutservice,457.0,800,0.8,0.57125,0
2026-10-06T06:45:15Z,productcatalogservice,498.0,800,0.95,0.6225,0
2026-10-06T06:45:15Z,paymentservice,24.0,155,0.8,0.15483870967741936,0
2026-10-06T06:45:15Z,recommendationservice,999.0,1150,0.8,0.8686956521739131,1
2026-10-06T06:45:15Z,shippingservice,97.0,770,0.8,0.12597402597402596,0
2026-10-06T06:45:15Z,currencyservice,407.0,770,0.8,0.5285714285714286,0
2026-10-06T06:45:15Z,emailservice,68.0,120,0.8,0.5666666666666667,0
2026-10-06T06:45:15Z,adservice,138.0,1150,0.8,0.12,0
2026-10-06T06:45:15Z,redis-cart,32.0,540,0.8,0.05925925925925926,0
2026-10-06T06:45:16Z,frontend,354.25,1150,0.8,0.3080434782608696,0
2026-10-06T06:45:16Z,cartservice,282.0,800,0.95,0.3525,0
2026-10-06T06:45:16Z,checkoutservice,481.0,800,0.8,0.60125,0
2026-10-06T06:45:16Z,productcatalogservice,498.0,800,0.95,0.6225,0
2026-10-06T06:45:16Z,paymentservice,24.0,155,0.8,0.15483870967741936,0
2026-10-06T06:45:16Z,recommendationservice,975.0,1150,0.8,0.8478260869565217,1
2026-10-06T06:45:16Z,shippingservice,121.0,770,0.8,0.15714285714285714,0
2026-10-06T06:45:16Z,currencyservice,407.0,770,0.8,0.5285714285714286,0
2026-10-06T06:45:16Z,emailservice,68.0,120,0.8,0.5666666666666667,0
2026-10-06T06:45:16Z,adservice,151.0,1150,0.8,0.13130434782608696,0
2026-10-06T06:45:16Z,redis-cart,30.0,540,0.8,0.05555555555555555,0
2026-10-06T06:45:17Z,frontend,358.5,1150,0.8,0.31173913043478263,0
2026-10-06T06:45:17Z,cartservice,297.0,800,0.95,0.37125,0
2026-10-06T06:45:17Z,checkoutservice,578.0,800,0.8,0.7225,0
2026-10-06T06:45:17Z,productcatalogservice,485.0,800,0.95,0.60625,0
2026-10-06T06:45:17Z,paymentservice,32.0,155,0.8,0.2064516129032258,0
2026-10-06T06:45:17Z,recommendationservice,975.0,1150,0.8,0.8478260869565217,1
2026-10-06T06:45:17Z,shippingservice,101.0,770,0.8,0.13116883116883116,0
2026-10-06T06:45:17Z,currencyservice,443.0,770,0.8,0.5753246753246753,0
2026-10-06T06:45:17Z,emailservice,53.0,120,0.8,0.44166666666666665,0
2026-10-06T06:45:17Z,adservice,151.0,1150,0.8,0.13130434782608696,0
2026-10-06T06:45:17Z,redis-cart,30.0,540,0.8,0.05555555555555555,0
2026-10-06T06:45:18Z,frontend,374.5,1150,0.8,0.32565217391304346,0
2026-10-06T06:45:18Z,cartservice,292.0,800,0.95,0.365,0
2026-10-06T06:45:18Z,checkoutservice,582.0,800,0.8,0.7275,0
2026-10-06T06:45:18Z,productcatalogservice,485.0,800,0.95,0.60625,0
2026-10-06T06:45:18Z,paymentservice,32.0,155,0.8,0.2064516129032258,0
2026-10-06T06:45:18Z,recommendationservice,956.0,1150,0.8,0.831304347826087,1
2026-10-06T06:45:18Z,shippingservice,103.0,770,0.8,0.13376623376623376,0
2026-10-06T06:45:18Z,currencyservice,414.0,770,0.8,0.5376623376623376,0
2026-10-06T06:45:18Z,emailservice,57.0,120,0.8,0.475,0
2026-10-06T06:45:18Z,adservice,152.0,1150,0.8,0.13217391304347825,0
2026-10-06T06:45:18Z,redis-cart,32.0,540,0.8,0.05925925925925926,0
2026-10-06T06:45:19Z,frontend,364.75,1150,0.8,0.31717391304347825,0
2026-10-06T06:45:19Z,cartservice,292.0,800,0.95,0.365,0
2026-10-06T06:45:19Z,checkoutservice,582.0,800,0.8,0.7275,0
2026-10-06T06:45:19Z,productcatalogservice,503.0,800,0.95,0.62875,0
2026-10-06T06:45:19Z,paymentservice,44.0,155,0.8,0.2838709677419355,0
2026-10-06T06:45:19Z,recommendationservice,962.0,1150,0.8,0.8365217391304348,1
2026-10-06T06:45:19Z,shippingservice,115.0,770,0.8,0.14935064935064934,0
2026-10-06T06:45:19Z,currencyservice,414.0,770,0.8,0.5376623376623376,0
2026-10-06T06:45:19Z,emailservice,78.0,120,0.8,0.65,0
2026-10-06T06:45:19Z,adservice,145.0,1150,0.8,0.12608695652173912,0
2026-10-06T06:45:19Z,redis-cart,31.0,540,0.8,0.05740740740740741,0
2026-10-06T06:45:20Z,frontend,374.75,1150,0.8,0.3258695652173913,0
2026-10-06T06:45:20Z,cartservice,280.0,800,0.95,0.35,0
2026-10-06T06:45:20Z,checkoutservice,534.0,800,0.8,0.6675,0
2026-10-06T06:45:20Z,productcatalogservice,519.0,800,0.95,0.64875,0
2026-10-06T06:45:20Z,paymentservice,32.0,155,0.8,0.2064516129032258,0
2026-10-06T06:45:20Z,recommendationservice,962.0,1150,0.8,0.8365217391304348,1
2026-10-06T06:45:20Z,shippingservice,115.0,770,0.8,0.14935064935064934,0
2026-10-06T06:45:20Z,currencyservice,430.0,770,0.8,0.5584415584415584,0
2026-10-06T06:45:20Z,emailservice,78.0,120,0.8,0.65,0
2026-10-06T06:45:20Z,adservice,145.0,1150,0.8,0.12608695652173912,0
2026-10-06T06:45:20Z,redis-cart,31.0,540,0.8,0.05740740740740741,0
2026-10-06T06:45:21Z,frontend,367.25,1150,0.8,0.3193478260869565,0
2026-10-06T06:45:21Z,cartservice,316.0,800,0.95,0.395,0
2026-10-06T06:45:21Z,checkoutservice,534.0,800,0.8,0.6675,0
2026-10-06T06:45:21Z,productcatalogservice,519.0,800,0.95,0.64875,0
2026-10-06T06:45:21Z,paymentservice,32.0,155,0.8,0.2064516129032258,0
2026-10-06T06:45:21Z,recommendationservice,961.0,1150,0.8,0.8356521739130435,1
2026-10-06T06:45:21Z,shippingservice,107.0,770,0.8,0.13896103896103895,0
2026-10-06T06:45:21Z,currencyservice,430.0,770,0.8,0.5584415584415584,0
2026-10-06T06:45:21Z,emailservice,57.0,120,0.8,0.475,0
2026-10-06T06:45:21Z,adservice,147.0,1150,0.8,0.12782608695652173,0
2026-10-06T06:45:21Z,redis-cart,31.0,540,0.8,0.05740740740740741,0
2026-10-06T06:45:22Z,frontend,368.5,1150,0.8,0.3204347826086957,0
2026-10-06T06:45:22Z,cartservice,316.0,800,0.95,0.395,0
2026-10-06T06:45:22Z,checkoutservice,543.0,800,0.8,0.67875,0
2026-10-06T06:45:22Z,productcatalogservice,479.0,800,0.95,0.59875,0
2026-10-06T06:45:22Z,paymentservice,32.0,155,0.8,0.2064516129032258,0
2026-10-06T06:45:22Z,recommendationservice,961.0,1150,0.8,0.8356521739130435,1
2026-10-06T06:45:22Z,shippingservice,100.0,770,0.8,0.12987012987012986,0
2026-10-06T06:45:22Z,currencyservice,416.0,770,0.8,0.5402597402597402,0
2026-10-06T06:45:22Z,emailservice,57.0,120,0.8,0.475,0
2026-10-06T06:45:22Z,adservice,147.0,1150,0.8,0.12782608695652173,0
2026-10-06T06:45:22Z,redis-cart,31.0,540,0.8,0.05740740740740741,0
2026-10-06T06:45:23Z,frontend,403.75,1150,0.8,0.35108695652173916,0
2026-10-06T06:45:23Z,cartservice,291.0,800,0.95,0.36375,0
2026-10-06T06:45:23Z,checkoutservice,532.0,800,0.8,0.665,0
2026-10-06T06:45:23Z,productcatalogservice,488.0,800,0.95,0.61,0
2026-10-06T06:45:23Z,paymentservice,29.0,155,0.8,0.1870967741935484,0
2026-10-06T06:45:23Z,recommendationservice,983.0,1150,0.8,0.8547826086956521,1
2026-10-06T06:45:23Z,shippingservice,100.0,770,0.8,0.12987012987012986,0
2026-10-06T06:45:23Z,currencyservice,438.0,770,0.8,0.5688311688311688,0
2026-10-06T06:45:23Z,emailservice,60.0,120,0.8,0.5,0
2026-10-06T06:45:23Z,adservice,152.0,1150,0.8,0.13217391304347825,0
2026-10-06T06:45:23Z,redis-cart,31.0,540,0.8,0.05740740740740741,0
2026-10-06T06:45:24Z,frontend,403.5,1150,0.8,0.3508695652173913,0
2026-10-06T06:45:24Z,cartservice,303.0,800,0.95,0.37875,0
2026-10-06T06:45:24Z,checkoutservice,532.0,800,0.8,0.665,0
2026-10-06T06:45:24Z,productcatalogservice,488.0,800,0.95,0.61,0
2026-10-06T06:45:24Z,paymentservice,29.0,155,0.8,0.1870967741935484,0
2026-10-06T06:45:24Z,recommendationservice,999.0,1150,0.8,0.8686956521739131,1
2026-10-06T06:45:24Z,shippingservice,106.0,770,0.8,0.13766233766233765,0
2026-10-06T06:45:24Z,currencyservice,425.0,770,0.8,0.551948051948052,0
2026-10-06T06:45:24Z,emailservice,59.0,120,0.8,0.49166666666666664,0
2026-10-06T06:45:24Z,adservice,143.0,1150,0.8,0.12434782608695652,0
2026-10-06T06:45:24Z,redis-cart,33.0,540,0.8,0.06111111111111111,0
2026-10-06T06:45:25Z,frontend,364.0,1150,0.8,0.3165217391304348,0
2026-10-06T06:45:25Z,cartservice,261.0,800,0.95,0.32625,0
2026-10-06T06:45:25Z,checkoutservice,509.0,800,0.8,0.63625,0
2026-10-06T06:45:25Z,productcatalogservice,485.0,800,0.95,0.60625,0
2026-10-06T06:45:25Z,paymentservice,30.0,155,0.8,0.1935483870967742,0
2026-10-06T06:45:25Z,recommendationservice,999.0,1150,0.8,0.8686956521739131,1
2026-10-06T06:45:25Z,shippingservice,99.0,770,0.8,0.12857142857142856,0
2026-10-06T06:45:25Z,currencyservice,425.0,770,0.8,0.551948051948052,0
2026-10-06T06:45:25Z,emailservice,77.0,120,0.8,0.6416666666666667,0
2026-10-06T06:45:25Z,adservice,160.0,1150,0.8,0.1391304347826087,0
2026-10-06T06:45:25Z,redis-cart,29.0,540,0.8,0.053703703703703705,0
2026-10-06T06:45:26Z,frontend,374.0,1150,0.8,0.32521739130434785,0
2026-10-06T06:45:26Z,cartservice,266.0,800,0.95,0.3325,0
2026-10-06T06:45:26Z,checkoutservice,509.0,800,0.8,0.63625,0
2026-10-06T06:45:26Z,productcatalogservice,515.0,800,0.95,0.64375,0
2026-10-06T06:45:26Z,paymentservice,28.0,155,0.8,0.18064516129032257,0
2026-10-06T06:45:26Z,recommendationservice,962.0,1150,0.8,0.8365217391304348,1
2026-10-06T06:45:26Z,shippingservice,99.0,770,0.8,0.12857142857142856,0
2026-10-06T06:45:26Z,currencyservice,429.0,770,0.8,0.5571428571428572,0
2026-10-06T06:45:26Z,emailservice,77.0,120,0.8,0.6416666666666667,0
2026-10-06T06:45:26Z,adservice,160.0,1150,0.8,0.1391304347826087,0
2026-10-06T06:45:26Z,redis-cart,29.0,540,0.8,0.053703703703703705,0
2026-10-06T06:45:27Z,frontend,377.75,1150,0.8,0.3284782608695652,0
2026-10-06T06:45:27Z,cartservice,300.0,800,0.95,0.375,0
2026-10-06T06:45:27Z,checkoutservice,524.0,800,0.8,0.655,0
2026-10-06T06:45:27Z,productcatalogservice,515.0,800,0.95,0.64375,0
2026-10-06T06:45:27Z,paymentservice,28.0,155,0.8,0.18064516129032257,0
2026-10-06T06:45:27Z,recommendationservice,1018.0,1150,0.8,0.8852173913043478,1
2026-10-06T06:45:27Z,shippingservice,120.0,770,0.8,0.15584415584415584,0
2026-10-06T06:45:27Z,currencyservice,429.0,770,0.8,0.5571428571428572,0
2026-10-06T06:45:27Z,emailservice,48.0,120,0.8,0.4,0
2026-10-06T06:45:27Z,adservice,145.0,1150,0.8,0.12608695652173912,0
2026-10-06T06:45:27Z,redis-cart,31.0,540,0.8,0.05740740740740741,0
2026-10-06T06:45:28Z,frontend,357.25,1150,0.8,0.3106521739130435,0
2026-10-06T06:45:28Z,cartservice,300.0,800,0.95,0.375,0
2026-10-06T06:45:28Z,checkoutservice,417.0,800,0.8,0.52125,0
2026-10-06T06:45:28Z,productcatalogservice,489.0,800,0.95,0.61125,0
2026-10-06T06:45:28Z,paymentservice,27.0,155,0.8,0.17419354838709677,0
2026-10-06T06:45:28Z,recommendationservice,961.0,1150,0.8,0.8356521739130435,1
2026-10-06T06:45:28Z,shippingservice,77.0,770,0.8,0.1,0
2026-10-06T06:45:28Z,currencyservice,422.0,770,0.8,0.548051948051948,0
2026-10-06T06:45:28Z,emailservice,45.0,120,0.8,0.375,0
2026-10-06T06:45:28Z,adservice,143.0,1150,0.8,0.12434782608695652,0
2026-10-06T06:45:28Z,redis-cart,29.0,540,0.8,0.053703703703703705,0
2026-10-06T06:45:29Z,frontend,345.75,1150,0.8,0.3006521739130435,0
2026-10-06T06:45:29Z,cartservice,309.0,800,0.95,0.38625,0
2026-10-06T06:45:29Z,checkoutservice,417.0,800,0.8,0.52125,0
2026-10-06T06:45:29Z,productcatalogservice,485.0,800,0.95,0.60625,0
2026-10-06T06:45:29Z,paymentservice,42.0,155,0.8,0.2709677419354839,0
2026-10-06T06:45:29Z,recommendationservice,1029.0,1150,0.8,0.8947826086956522,1
2026-10-06T06:45:29Z,shippingservice,76.0,770,0.8,0.0987012987012987,0
2026-10-06T06:45:29Z,currencyservice,422.0,770,0.8,0.548051948051948,0
2026-10-06T06:45:29Z,emailservice,60.0,120,0.8,0.5,0
2026-10-06T06:45:29Z,adservice,125.0,1150,0.8,0.10869565217391304,0
2026-10-06T06:45:29Z,redis-cart,30.0,540,0.8,0.05555555555555555,0
2026-10-06T06:45:30Z,frontend,367.75,1150,0.8,0.31978260869565217,0
2026-10-06T06:45:30Z,cartservice,309.0,800,0.95,0.38625,0
2026-10-06T06:45:30Z,checkoutservice,439.0,800,0.8,0.54875,0
2026-10-06T06:45:30Z,productcatalogservice,485.0,800,0.95,0.60625,0
2026-10-06T06:45:30Z,paymentservice,42.0,155,0.8,0.2709677419354839,0
2026-10-06T06:45:30Z,recommendationservice,1029.0,1150,0.8,0.8947826086956522,1
2026-10-06T06:45:30Z,shippingservice,76.0,770,0.8,0.0987012987012987,0
2026-10-06T06:45:30Z,currencyservice,409.0,770,0.8,0.5311688311688312,0
2026-10-06T06:45:30Z,emailservice,60.0,120,0.8,0.5,0
2026-10-06T06:45:30Z,adservice,129.0,1150,0.8,0.11217391304347826,0
2026-10-06T06:45:30Z,redis-cart,30.0,540,0.8,0.05555555555555555,0
2026-10-06T06:45:31Z,frontend,370.75,1150,0.8,0.3223913043478261,0
2026-10-06T06:45:31Z,cartservice,317.0,800,0.95,0.39625,0
2026-10-06T06:45:31Z,checkoutservice,439.0,800,0.8,0.54875,0
2026-10-06T06:45:31Z,productcatalogservice,487.0,800,0.95,0.60875,0
2026-10-06T06:45:31Z,paymentservice,31.0,155,0.8,0.2,0
2026-10-06T06:45:31Z,recommendationservice,988.0,1150,0.8,0.8591304347826086,1
2026-10-06T06:45:31Z,shippingservice,101.0,770,0.8,0.13116883116883116,0
2026-10-06T06:45:31Z,currencyservice,409.0,770,0.8,0.5311688311688312,0
2026-10-06T06:45:31Z,emailservice,57.0,120,0.8,0.475,0
2026-10-06T06:45:31Z,adservice,189.0,1150,0.8,0.16434782608695653,0
2026-10-06T06:45:31Z,redis-cart,31.0,540,0.8,0.05740740740740741,0
2026-10-06T06:45:32Z,frontend,371.0,1150,0.8,0.3226086956521739,0
2026-10-06T06:45:32Z,cartservice,339.0,800,0.95,0.42375,0
2026-10-06T06:45:32Z,checkoutservice,542.0,800,0.8,0.6775,0
2026-10-06T06:45:32Z,productcatalogservice,507.0,800,0.95,0.63375,0
2026-10-06T06:45:32Z,paymentservice,29.0,155,0.8,0.1870967741935484,0
2026-10-06T06:45:32Z,recommendationservice,988.0,1150,0.8,0.8591304347826086,1
2026-10-06T06:45:32Z,shippingservice,95.0,770,0.8,0.12337662337662338,0
2026-10-06T06:45:32Z,currencyservice,409.0,770,0.8,0.5311688311688312,0
2026-10-06T06:45:32Z,emailservice,57.0,120,0.8,0.475,0
2026-10-06T06:45:32Z,adservice,189.0,1150,0.8,0.16434782608695653,0
2026-10-06T06:45:32Z,redis-cart,31.0,540,0.8,0.05740740740740741,0
2026-10-06T06:45:33Z,frontend,389.5,1150,0.8,0.33869565217391306,0
2026-10-06T06:45:33Z,cartservice,339.0,800,0.95,0.42375,0
2026-10-06T06:45:33Z,checkoutservice,470.0,800,0.8,0.5875,0
2026-10-06T06:45:33Z,productcatalogservice,507.0,800,0.95,0.63375,0
2026-10-06T06:45:33Z,paymentservice,29.0,155,0.8,0.1870967741935484,0
2026-10-06T06:45:33Z,recommendationservice,1004.0,1150,0.8,0.8730434782608696,1
2026-10-06T06:45:33Z,shippingservice,95.0,770,0.8,0.12337662337662338,0
2026-10-06T06:45:33Z,currencyservice,462.0,770,0.8,0.6,0
2026-10-06T06:45:33Z,emailservice,50.0,120,0.8,0.4166666666666667,0
2026-10-06T06:45:33Z,adservice,161.0,1150,0.8,0.14,0
2026-10-06T06:45:33Z,redis-cart,31.0,540,0.8,0.05740740740740741,0
2026-10-06T06:45:34Z,frontend,371.75,1150,0.8,0.3232608695652174,0
2026-10-06T06:45:34Z,cartservice,327.0,800,0.95,0.40875,0
2026-10-06T06:45:34Z,checkoutservice,519.0,800,0.8,0.64875,0
2026-10-06T06:45:34Z,productcatalogservice,479.0,800,0.95,0.59875,0
2026-10-06T06:45:34Z,paymentservice,27.0,155,0.8,0.17419354838709677,0
2026-10-06T06:45:34Z,recommendationservice,1004.0,1150,0.8,0.8730434782608696,1
2026-10-06T06:45:34Z,shippingservice,95.0,770,0.8,0.12337662337662338,0
2026-10-06T06:45:34Z,currencyservice,462.0,770,0.8,0.6,0
2026-10-06T06:45:34Z,emailservice,68.0,120,0.8,0.5666666666666667,0
2026-10-06T06:45:34Z,adservice,148.0,1150,0.8,0.12869565217391304,0
2026-10-06T06:45:34Z,redis-cart,33.0,540,0.8,0.06111111111111111,0
2026-10-06T06:45:35Z,frontend,373.75,1150,0.8,0.325,0
2026-10-06T06:45:35Z,cartservice,357.0,800,0.95,0.44625,0
2026-10-06T06:45:35Z,checkoutservice,519.0,800,0.8,0.64875,0
2026-10-06T06:45:35Z,productcatalogservice,474.0,800,0.95,0.5925,0
2026-10-06T06:45:35Z,paymentservice,29.0,155,0.8,0.1870967741935484,0
2026-10-06T06:45:35Z,recommendationservice,970.0,1150,0.8,0.8434782608695652,1
2026-10-06T06:45:35Z,shippingservice,97.0,770,0.8,0.12597402597402596,0
2026-10-06T06:45:35Z,currencyservice,406.0,770,0.8,0.5272727272727272,0
2026-10-06T06:45:35Z,emailservice,58.0,120,0.8,0.48333333333333334,0
2026-10-06T06:45:35Z,adservice,138.0,1150,0.8,0.12,0
2026-10-06T06:45:35Z,redis-cart,33.0,540,0.8,0.06111111111111111,0
2026-10-06T06:45:36Z,frontend,369.25,1150,0.8,0.32108695652173913,0
2026-10-06T06:45:36Z,cartservice,278.0,800,0.95,0.3475,0
2026-10-06T06:45:36Z,checkoutservice,510.0,800,0.8,0.6375,0
2026-10-06T06:45:36Z,productcatalogservice,474.0,800,0.95,0.5925,0
2026-10-06T06:45:36Z,paymentservice,30.0,155,0.8,0.1935483870967742,0
2026-10-06T06:45:36Z,recommendationservice,959.0,1150,0.8,0.8339130434782609,1
2026-10-06T06:45:36Z,shippingservice,116.0,770,0.8,0.15064935064935064,0
2026-10-06T06:45:36Z,currencyservice,419.0,770,0.8,0.5441558441558442,0
2026-10-06T06:45:36Z,emailservice,58.0,120,0.8,0.48333333333333334,0
2026-10-06T06:45:36Z,adservice,138.0,1150,0.8,0.12,0
2026-10-06T06:45:36Z,redis-cart,32.0,540,0.8,0.05925925925925926,0
2026-10-06T06:45:37Z,frontend,375.25,1150,0.8,0.32630434782608697,0
2026-10-06T06:45:37Z,cartservice,278.0,800,0.95,0.3475,0
2026-10-06T06:45:37Z,checkoutservice,510.0,800,0.8,0.6375,0
2026-10-06T06:45:37Z,productcatalogservice,471.0,800,0.95,0.58875,0
2026-10-06T06:45:37Z,paymentservice,30.0,155,0.8,0.1935483870967742,0
2026-10-06T06:45:37Z,recommendationservice,959.0,1150,0.8,0.8339130434782609,1
2026-10-06T06:45:37Z,shippingservice,116.0,770,0.8,0.15064935064935064,0
2026-10-06T06:45:37Z,currencyservice,419.0,770,0.8,0.5441558441558442,0
2026-10-06T06:45:37Z,emailservice,54.0,120,0.8,0.45,0
2026-10-06T06:45:37Z,adservice,138.0,1150,0.8,0.12,0
2026-10-06T06:45:37Z,redis-cart,32.0,540,0.8,0.05925925925925926,0
2026-10-06T06:45:38Z,frontend,367.5,1150,0.8,0.31956521739130433,0
2026-10-06T06:45:38Z,cartservice,308.0,800,0.95,0.385,0
2026-10-06T06:45:38Z,checkoutservice,482.0,800,0.8,0.6025,0
2026-10-06T06:45:38Z,productcatalogservice,478.0,800,0.95,0.5975,0
2026-10-06T06:45:38Z,paymentservice,42.0,155,0.8,0.2709677419354839,0
2026-10-06T06:45:38Z,recommendationservice,985.0,1150,0.8,0.8565217391304348,1
2026-10-06T06:45:38Z,shippingservice,109.0,770,0.8,0.14155844155844155,0
2026-10-06T06:45:38Z,currencyservice,434.0,770,0.8,0.5636363636363636,0
2026-10-06T06:45:38Z,emailservice,54.0,120,0.8,0.45,0
2026-10-06T06:45:38Z,adservice,138.0,1150,0.8,0.12,0
2026-10-06T06:45:38Z,redis-cart,33.0,540,0.8,0.06111111111111111,0
2026-10-06T06:45:39Z,frontend,370.25,1150,0.8,0.3219565217391304,0
2026-10-06T06:45:39Z,cartservice,314.0,800,0.95,0.3925,0
2026-10-06T06:45:39Z,checkoutservice,482.0,800,0.8,0.6025,0
2026-10-06T06:45:39Z,productcatalogservice,478.0,800,0.95,0.5975,0
2026-10-06T06:45:39Z,paymentservice,42.0,155,0.8,0.2709677419354839,0
2026-10-06T06:45:39Z,recommendationservice,987.0,1150,0.8,0.8582608695652174,1
2026-10-06T06:45:39Z,shippingservice,109.0,770,0.8,0.14155844155844155,0
2026-10-06T06:45:39Z,currencyservice,419.0,770,0.8,0.5441558441558442,0
2026-10-06T06:45:39Z,emailservice,51.0,120,0.8,0.425,0
2026-10-06T06:45:39Z,adservice,156.0,1150,0.8,0.1356521739130435,0
2026-10-06T06:45:39Z,redis-cart,32.0,540,0.8,0.05925925925925926,0
2026-10-06T06:45:40Z,frontend,388.0,1150,0.8,0.3373913043478261,0
2026-10-06T06:45:40Z,cartservice,314.0,800,0.95,0.3925,0
2026-10-06T06:45:40Z,checkoutservice,541.0,800,0.8,0.67625,0
2026-10-06T06:45:40Z,productcatalogservice,527.0,800,0.95,0.65875,0
2026-10-06T06:45:40Z,paymentservice,38.0,155,0.8,0.24516129032258063,0
2026-10-06T06:45:40Z,recommendationservice,967.0,1150,0.8,0.8408695652173913,1
2026-10-06T06:45:40Z,shippingservice,98.0,770,0.8,0.12727272727272726,0
2026-10-06T06:45:40Z,currencyservice,419.0,770,0.8,0.5441558441558442,0
2026-10-06T06:45:40Z,emailservice,78.0,120,0.8,0.65,0
2026-10-06T06:45:40Z,adservice,143.0,1150,0.8,0.12434782608695652,0
2026-10-06T06:45:40Z,redis-cart,32.0,540,0.8,0.05925925925925926,0
2026-10-06T06:45:41Z,frontend,383.25,1150,0.8,0.3332608695652174,0
2026-10-06T06:45:41Z,cartservice,335.0,800,0.95,0.41875,0
2026-10-06T06:45:41Z,checkoutservice,554.0,800,0.8,0.6925,0
2026-10-06T06:45:41Z,productcatalogservice,527.0,800,0.95,0.65875,0
2026-10-06T06:45:41Z,paymentservice,35.0,155,0.8,0.22580645161290322,0
2026-10-06T06:45:41Z,recommendationservice,967.0,1150,0.8,0.8408695652173913,1
2026-10-06T06:45:41Z,shippingservice,98.0,770,0.8,0.12727272727272726,0
2026-10-06T06:45:41Z,currencyservice,452.0,770,0.8,0.587012987012987,0
2026-10-06T06:45:41Z,emailservice,78.0,120,0.8,0.65,0
2026-10-06T06:45:41Z,adservice,143.0,1150,0.8,0.12434782608695652,0
2026-10-06T06:45:41Z,redis-cart,33.0,540,0.8,0.06111111111111111,0
2026-10-06T06:45:42Z,frontend,378.0,1150,0.8,0.32869565217391306,0
2026-10-06T06:45:42Z,cartservice,316.0,800,0.95,0.395,0
2026-10-06T06:45:42Z,checkoutservice,488.0,800,0.8,0.61,0
2026-10-06T06:45:42Z,productcatalogservice,491.0,800,0.95,0.61375,0
2026-10-06T06:45:42Z,paymentservice,29.0,155,0.8,0.1870967741935484,0
2026-10-06T06:45:42Z,recommendationservice,971.0,1150,0.8,0.8443478260869566,1
2026-10-06T06:45:42Z,shippingservice,112.0,770,0.8,0.14545454545454545,0
2026-10-06T06:45:42Z,currencyservice,421.0,770,0.8,0.5467532467532468,0
2026-10-06T06:45:42Z,emailservice,56.0,120,0.8,0.4666666666666667,0
2026-10-06T06:45:42Z,adservice,147.0,1150,0.8,0.12782608695652173,0
2026-10-06T06:45:42Z,redis-cart,33.0,540,0.8,0.06111111111111111,0
2026-10-06T06:45:43Z,frontend,373.0,1150,0.8,0.3243478260869565,0
2026-10-06T06:45:43Z,cartservice,316.0,800,0.95,0.395,0
2026-10-06T06:45:43Z,checkoutservice,488.0,800,0.8,0.61,0
2026-10-06T06:45:43Z,productcatalogservice,492.0,800,0.95,0.615,0
2026-10-06T06:45:43Z,paymentservice,29.0,155,0.8,0.1870967741935484,0
2026-10-06T06:45:43Z,recommendationservice,1008.0,1150,0.8,0.8765217391304347,1
2026-10-06T06:45:43Z,shippingservice,97.0,770,0.8,0.12597402597402596,0
2026-10-06T06:45:43Z,currencyservice,421.0,770,0.8,0.5467532467532468,0
2026-10-06T06:45:43Z,emailservice,56.0,120,0.8,0.4666666666666667,0
2026-10-06T06:45:43Z,adservice,147.0,1150,0.8,0.12782608695652173,0
2026-10-06T06:45:43Z,redis-cart,33.0,540,0.8,0.06111111111111111,0
2026-10-06T06:45:44Z,frontend,358.0,1150,0.8,0.31130434782608696,0
2026-10-06T06:45:44Z,cartservice,316.0,800,0.95,0.395,0
2026-10-06T06:45:44Z,checkoutservice,478.0,800,0.8,0.5975,0
2026-10-06T06:45:44Z,productcatalogservice,492.0,800,0.95,0.615,0
2026-10-06T06:45:44Z,paymentservice,26.0,155,0.8,0.16774193548387098,0
2026-10-06T06:45:44Z,recommendationservice,1012.0,1150,0.8,0.88,1
2026-10-06T06:45:44Z,shippingservice,97.0,770,0.8,0.12597402597402596,0
2026-10-06T06:45:44Z,currencyservice,399.0,770,0.8,0.5181818181818182,0
2026-10-06T06:45:44Z,emailservice,47.0,120,0.8,0.39166666666666666,0
2026-10-06T06:45:44Z,adservice,132.0,1150,0.8,0.11478260869565217,0
2026-10-06T06:45:44Z,redis-cart,33.0,540,0.8,0.06111111111111111,0
2026-10-06T06:45:45Z,frontend,358.0,1150,0.8,0.31130434782608696,0
2026-10-06T06:45:45Z,cartservice,297.0,800,0.95,0.37125,0
2026-10-06T06:45:45Z,checkoutservice,478.0,800,0.8,0.5975,0
2026-10-06T06:45:45Z,productcatalogservice,485.0,800,0.95,0.60625,0
2026-10-06T06:45:45Z,paymentservice,26.0,155,0.8,0.16774193548387098,0
2026-10-06T06:45:45Z,recommendationservice,1017.0,1150,0.8,0.8843478260869565,1
2026-10-06T06:45:45Z,shippingservice,83.0,770,0.8,0.10779220779220779,0
2026-10-06T06:45:45Z,currencyservice,449.0,770,0.8,0.5831168831168831,0
2026-10-06T06:45:45Z,emailservice,57.0,120,0.8,0.475,0
2026-10-06T06:45:45Z,adservice,133.0,1150,0.8,0.11565217391304349,0
2026-10-06T06:45:45Z,redis-cart,30.0,540,0.8,0.05555555555555555,0
2026-10-06T06:45:46Z,frontend,352.5,1150,0.8,0.3065217391304348,0
2026-10-06T06:45:46Z,cartservice,297.0,800,0.95,0.37125,0
2026-10-06T06:45:46Z,checkoutservice,328.0,800,0.8,0.41,0
2026-10-06T06:45:46Z,productcatalogservice,485.0,800,0.95,0.60625,0
2026-10-06T06:45:46Z,paymentservice,23.0,155,0.8,0.14838709677419354,0
2026-10-06T06:45:46Z,recommendationservice,1017.0,1150,0.8,0.8843478260869565,1
2026-10-06T06:45:46Z,shippingservice,94.0,770,0.8,0.12207792207792208,0
2026-10-06T06:45:46Z,currencyservice,449.0,770,0.8,0.5831168831168831,0
2026-10-06T06:45:46Z,emailservice,45.0,120,0.8,0.375,0
2026-10-06T06:45:46Z,adservice,133.0,1150,0.8,0.11565217391304349,0
2026-10-06T06:45:46Z,redis-cart,32.0,540,0.8,0.05925925925925926,0
2026-10-06T06:45:47Z,frontend,361.25,1150,0.8,0.3141304347826087,0
2026-10-06T06:45:47Z,cartservice,287.0,800,0.95,0.35875,0
2026-10-06T06:45:47Z,checkoutservice,543.0,800,0.8,0.67875,0
2026-10-06T06:45:47Z,productcatalogservice,464.0,800,0.95,0.58,0
2026-10-06T06:45:47Z,paymentservice,23.0,155,0.8,0.14838709677419354,0
2026-10-06T06:45:47Z,recommendationservice,1021.0,1150,0.8,0.8878260869565218,1
2026-10-06T06:45:47Z,shippingservice,94.0,770,0.8,0.12207792207792208,0
2026-10-06T06:45:47Z,currencyservice,393.0,770,0.8,0.5103896103896104,0
2026-10-06T06:45:47Z,emailservice,63.0,120,0.8,0.525,0
2026-10-06T06:45:47Z,adservice,161.0,1150,0.8,0.14,0
2026-10-06T06:45:47Z,redis-cart,32.0,540,0.8,0.05925925925925926,0
2026-10-06T06:45:48Z,frontend,355.25,1150,0.8,0.3089130434782609,0
2026-10-06T06:45:48Z,cartservice,307.0,800,0.95,0.38375,0
2026-10-06T06:45:48Z,checkoutservice,558.0,800,0.8,0.6975,0
2026-10-06T06:45:48Z,productcatalogservice,477.0,800,0.95,0.59625,0
2026-10-06T06:45:48Z,paymentservice,29.0,155,0.8,0.1870967741935484,0
2026-10-06T06:45:48Z,recommendationservice,1021.0,1150,0.8,0.8878260869565218,1
2026-10-06T06:45:48Z,shippingservice,102.0,770,0.8,0.13246753246753246,0
2026-10-06T06:45:48Z,currencyservice,393.0,770,0.8,0.5103896103896104,0
2026-10-06T06:45:48Z,emailservice,55.0,120,0.8,0.4583333333333333,0
2026-10-06T06:45:48Z,adservice,161.0,1150,0.8,0.14,0
2026-10-06T06:45:48Z,redis-cart,32.0,540,0.8,0.05925925925925926,0
2026-10-06T06:45:49Z,frontend,360.0,1150,0.8,0.3130434782608696,0
2026-10-06T06:45:49Z,cartservice,281.0,800,0.95,0.35125,0
2026-10-06T06:45:49Z,checkoutservice,558.0,800,0.8,0.6975,0
2026-10-06T06:45:49Z,productcatalogservice,477.0,800,0.95,0.59625,0
2026-10-06T06:45:49Z,paymentservice,46.0,155,0.8,0.2967741935483871,0
2026-10-06T06:45:49Z,recommendationservice,985.0,1150,0.8,0.8565217391304348,1
2026-10-06T06:45:49Z,shippingservice,97.0,770,0.8,0.12597402597402596,0
2026-10-06T06:45:49Z,currencyservice,424.0,770,0.8,0.5506493506493506,0
2026-10-06T06:45:49Z,emailservice,55.0,120,0.8,0.4583333333333333,0
2026-10-06T06:45:49Z,adservice,140.0,1150,0.8,0.12173913043478261,0
2026-10-06T06:45:49Z,redis-cart,32.0,540,0.8,0.05925925925925926,0
2026-10-06T06:45:50Z,frontend,372.0,1150,0.8,0.3234782608695652,0
2026-10-06T06:45:50Z,cartservice,281.0,800,0.95,0.35125,0
2026-10-06T06:45:50Z,checkoutservice,443.0,800,0.8,0.55375,0
2026-10-06T06:45:50Z,productcatalogservice,542.0,800,0.95,0.6775,0
2026-10-06T06:45:50Z,paymentservice,46.0,155,0.8,0.2967741935483871,0
2026-10-06T06:45:50Z,recommendationservice,995.0,1150,0.8,0.8652173913043478,1
2026-10-06T06:45:50Z,shippingservice,87.0,770,0.8,0.11298701298701298,0
2026-10-06T06:45:50Z,currencyservice,424.0,770,0.8,0.5506493506493506,0
2026-10-06T06:45:50Z,emailservice,59.0,120,0.8,0.49166666666666664,0
2026-10-06T06:45:50Z,adservice,140.0,1150,0.8,0.12173913043478261,0
2026-10-06T06:45:50Z,redis-cart,29.0,540,0.8,0.053703703703703705,0
2026-10-06T06:45:51Z,frontend,369.0,1150,0.8,0.3208695652173913,0
2026-10-06T06:45:51Z,cartservice,298.0,800,0.95,0.3725,0
2026-10-06T06:45:51Z,checkoutservice,511.0,800,0.8,0.63875,0
2026-10-06T06:45:51Z,productcatalogservice,504.0,800,0.95,0.63,0
2026-10-06T06:45:51Z,paymentservice,27.0,155,0.8,0.17419354838709677,0
2026-10-06T06:45:51Z,recommendationservice,995.0,1150,0.8,0.8652173913043478,1
2026-10-06T06:45:51Z,shippingservice,103.0,770,0.8,0.13376623376623376,0
2026-10-06T06:45:51Z,currencyservice,408.0,770,0.8,0.5298701298701298,0
2026-10-06T06:45:51Z,emailservice,59.0,120,0.8,0.49166666666666664,0
2026-10-06T06:45:51Z,adservice,140.0,1150,0.8,0.12173913043478261,0
2026-10-06T06:45:51Z,redis-cart,29.0,540,0.8,0.053703703703703705,0
2026-10-06T06:45:52Z,frontend,357.0,1150,0.8,0.31043478260869567,0
2026-10-06T06:45:52Z,cartservice,331.0,800,0.95,0.41375,0
2026-10-06T06:45:52Z,checkoutservice,511.0,800,0.8,0.63875,0
2026-10-06T06:45:52Z,productcatalogservice,504.0,800,0.95,0.63,0
2026-10-06T06:45:52Z,paymentservice,32.0,155,0.8,0.2064516129032258,0
2026-10-06T06:45:52Z,recommendationservice,1018.0,1150,0.8,0.8852173913043478,1
2026-10-06T06:45:52Z,shippingservice,103.0,770,0.8,0.13376623376623376,0
2026-10-06T06:45:52Z,currencyservice,440.0,770,0.8,0.5714285714285714,0
2026-10-06T06:45:52Z,emailservice,52.0,120,0.8,0.43333333333333335,0
2026-10-06T06:45:52Z,adservice,158.0,1150,0.8,0.1373913043478261,0
2026-10-06T06:45:52Z,redis-cart,32.0,540,0.8,0.05925925925925926,0
2026-10-06T06:45:53Z,frontend,377.5,1150,0.8,0.3282608695652174,0
2026-10-06T06:45:53Z,cartservice,331.0,800,0.95,0.41375,0
2026-10-06T06:45:53Z,checkoutservice,600.0,800,0.8,0.75,0
2026-10-06T06:45:53Z,productcatalogservice,479.0,800,0.95,0.59875,0
2026-10-06T06:45:53Z,paymentservice,32.0,155,0.8,0.2064516129032258,0
2026-10-06T06:45:53Z,recommendationservice,982.0,1150,0.8,0.8539130434782609,1
2026-10-06T06:45:53Z,shippingservice,92.0,770,0.8,0.11948051948051948,0
2026-10-06T06:45:53Z,currencyservice,440.0,770,0.8,0.5714285714285714,0
2026-10-06T06:45:53Z,emailservice,52.0,120,0.8,0.43333333333333335,0
2026-10-06T06:45:53Z,adservice,158.0,1150,0.8,0.1373913043478261,0
2026-10-06T06:45:53Z,redis-cart,32.0,540,0.8,0.05925925925925926,0
2026-10-06T06:45:54Z,frontend,361.0,1150,0.8,0.3139130434782609,0
2026-10-06T06:45:54Z,cartservice,318.0,800,0.95,0.3975,0
2026-10-06T06:45:54Z,checkoutservice,455.0,800,0.8,0.56875,0
2026-10-06T06:45:54Z,productcatalogservice,482.0,800,0.95,0.6025,0
2026-10-06T06:45:54Z,paymentservice,25.0,155,0.8,0.16129032258064516,0
2026-10-06T06:45:54Z,recommendationservice,982.0,1150,0.8,0.8539130434782609,1
2026-10-06T06:45:54Z,shippingservice,92.0,770,0.8,0.11948051948051948,0
2026-10-06T06:45:54Z,currencyservice,405.0,770,0.8,0.525974025974026,0
2026-10-06T06:45:54Z,emailservice,53.0,120,0.8,0.44166666666666665,0
2026-10-06T06:45:54Z,adservice,130.0,1150,0.8,0.11304347826086956,0
2026-10-06T06:45:54Z,redis-cart,33.0,540,0.8,0.06111111111111111,0
2026-10-06T06:45:55Z,frontend,374.25,1150,0.8,0.3254347826086956,0
2026-10-06T06:45:55Z,cartservice,318.0,800,0.95,0.3975,0
2026-10-06T06:45:55Z,checkoutservice,523.0,800,0.8,0.65375,0
2026-10-06T06:45:55Z,productcatalogservice,482.0,800,0.95,0.6025,0
2026-10-06T06:45:55Z,paymentservice,37.0,155,0.8,0.23870967741935484,0
2026-10-06T06:45:55Z,recommendationservice,972.0,1150,0.8,0.8452173913043478,1
2026-10-06T06:45:55Z,shippingservice,93.0,770,0.8,0.12077922077922078,0
2026-10-06T06:45:55Z,currencyservice,405.0,770,0.8,0.525974025974026,0
2026-10-06T06:45:55Z,emailservice,71.0,120,0.8,0.5916666666666667,0
2026-10-06T06:45:55Z,adservice,141.0,1150,0.8,0.12260869565217392,0
2026-10-06T06:45:55Z,redis-cart,33.0,540,0.8,0.06111111111111111,0
2026-10-06T06:45:56Z,frontend,383.75,1150,0.8,0.33369565217391306,0
2026-10-06T06:45:56Z,cartservice,318.0,800,0.95,0.3975,0
2026-10-06T06:45:56Z,checkoutservice,523.0,800,0.8,0.65375,0
2026-10-06T06:45:56Z,productcatalogservice,484.0,800,0.95,0.605,0
2026-10-06T06:45:56Z,paymentservice,37.0,155,0.8,0.23870967741935484,0
2026-10-06T06:45:56Z,recommendationservice,987.0,1150,0.8,0.8582608695652174,1
2026-10-06T06:45:56Z,shippingservice,117.0,770,0.8,0.15194805194805194,0
2026-10-06T06:45:56Z,currencyservice,441.0,770,0.8,0.5727272727272728,0
2026-10-06T06:45:56Z,emailservice,71.0,120,0.8,0.5916666666666667,0
2026-10-06T06:45:56Z,adservice,141.0,1150,0.8,0.12260869565217392,0
2026-10-06T06:45:56Z,redis-cart,32.0,540,0.8,0.05925925925925926,0
2026-10-06T06:45:57Z,frontend,388.0,1150,0.8,0.3373913043478261,0
2026-10-06T06:45:57Z,cartservice,300.0,800,0.95,0.375,0
2026-10-06T06:45:57Z,checkoutservice,513.0,800,0.8,0.64125,0
2026-10-06T06:45:57Z,productcatalogservice,513.0,800,0.95,0.64125,0
2026-10-06T06:45:57Z,paymentservice,29.0,155,0.8,0.1870967741935484,0
2026-10-06T06:45:57Z,recommendationservice,987.0,1150,0.8,0.8582608695652174,1
2026-10-06T06:45:57Z,shippingservice,117.0,770,0.8,0.15194805194805194,0
2026-10-06T06:45:57Z,currencyservice,451.0,770,0.8,0.5857142857142857,0
2026-10-06T06:45:57Z,emailservice,49.0,120,0.8,0.4083333333333333,0
2026-10-06T06:45:57Z,adservice,138.0,1150,0.8,0.12,0
2026-10-06T06:45:57Z,redis-cart,32.0,540,0.8,0.05925925925925926,0
2026-10-06T06:45:58Z,frontend,383.0,1150,0.8,0.33304347826086955,0
2026-10-06T06:45:58Z,cartservice,279.0,800,0.95,0.34875,0
2026-10-06T06:45:58Z,checkoutservice,513.0,800,0.8,0.64125,0
2026-10-06T06:45:58Z,productcatalogservice,513.0,800,0.95,0.64125,0
2026-10-06T06:45:58Z,paymentservice,29.0,155,0.8,0.1870967741935484,0
2026-10-06T06:45:58Z,recommendationservice,995.0,1150,0.8,0.8652173913043478,1
2026-10-06T06:45:58Z,shippingservice,102.0,770,0.8,0.13246753246753246,0
2026-10-06T06:45:58Z,currencyservice,406.0,770,0.8,0.5272727272727272,0
2026-10-06T06:45:58Z,emailservice,59.0,120,0.8,0.49166666666666664,0
2026-10-06T06:45:58Z,adservice,153.0,1150,0.8,0.13304347826086957,0
2026-10-06T06:45:58Z,redis-cart,33.0,540,0.8,0.06111111111111111,0
2026-10-06T06:45:59Z,frontend,345.0,1150,0.8,0.3,0
2026-10-06T06:45:59Z,cartservice,278.0,800,0.95,0.3475,0
2026-10-06T06:45:59Z,checkoutservice,506.0,800,0.8,0.6325,0
2026-10-06T06:45:59Z,productcatalogservice,521.0,800,0.95,0.65125,0
2026-10-06T06:45:59Z,paymentservice,44.0,155,0.8,0.2838709677419355,0
2026-10-06T06:45:59Z,recommendationservice,995.0,1150,0.8,0.8652173913043478,1
2026-10-06T06:45:59Z,shippingservice,89.0,770,0.8,0.11558441558441558,0
2026-10-06T06:45:59Z,currencyservice,406.0,770,0.8,0.5272727272727272,0
2026-10-06T06:45:59Z,emailservice,59.0,120,0.8,0.49166666666666664,0
2026-10-06T06:45:59Z,adservice,153.0,1150,0.8,0.13304347826086957,0
2026-10-06T06:45:59Z,redis-cart,31.0,540,0.8,0.05740740740740741,0
2026-10-06T06:46:00Z,frontend,382.5,1150,0.8,0.33260869565217394,0
2026-10-06T06:46:00Z,cartservice,344.0,800,0.95,0.43,0
2026-10-06T06:46:00Z,checkoutservice,585.0,800,0.8,0.73125,0
2026-10-06T06:46:00Z,productcatalogservice,535.0,800,0.95,0.66875,0
2026-10-06T06:46:00Z,paymentservice,32.0,155,0.8,0.2064516129032258,0
2026-10-06T06:46:00Z,recommendationservice,990.0,1150,0.8,0.8608695652173913,1
2026-10-06T06:46:00Z,shippingservice,89.0,770,0.8,0.11558441558441558,0
2026-10-06T06:46:00Z,currencyservice,405.0,770,0.8,0.525974025974026,0
2026-10-06T06:46:00Z,emailservice,65.0,120,0.8,0.5416666666666666,0
2026-10-06T06:46:00Z,adservice,137.0,1150,0.8,0.1191304347826087,0
2026-10-06T06:46:00Z,redis-cart,32.0,540,0.8,0.05925925925925926,0
2026-10-06T06:46:01Z,frontend,382.0,1150,0.8,0.33217391304347826,0
2026-10-06T06:46:01Z,cartservice,309.0,800,0.95,0.38625,0
2026-10-06T06:46:01Z,checkoutservice,585.0,800,0.8,0.73125,0
2026-10-06T06:46:01Z,productcatalogservice,535.0,800,0.95,0.66875,0
2026-10-06T06:46:01Z,paymentservice,32.0,155,0.8,0.2064516129032258,0
2026-10-06T06:46:01Z,recommendationservice,953.0,1150,0.8,0.828695652173913,1
2026-10-06T06:46:01Z,shippingservice,121.0,770,0.8,0.15714285714285714,0
2026-10-06T06:46:01Z,currencyservice,405.0,770,0.8,0.525974025974026,0
2026-10-06T06:46:01Z,emailservice,51.0,120,0.8,0.425,0
2026-10-06T06:46:01Z,adservice,164.0,1150,0.8,0.1426086956521739,0
2026-10-06T06:46:01Z,redis-cart,32.0,540,0.8,0.05925925925925926,0
2026-10-06T06:46:02Z,frontend,385.75,1150,0.8,0.33543478260869564,0
2026-10-06T06:46:02Z,cartservice,309.0,800,0.95,0.38625,0
2026-10-06T06:46:02Z,checkoutservice,497.0,800,0.8,0.62125,0
2026-10-06T06:46:02Z,productcatalogservice,510.0,800,0.95,0.6375,0
2026-10-06T06:46:02Z,paymentservice,31.0,155,0.8,0.2,0
2026-10-06T06:46:02Z,recommendationservice,953.0,1150,0.8,0.828695652173913,1
2026-10-06T06:46:02Z,shippingservice,103.0,770,0.8,0.13376623376623376,0
2026-10-06T06:46:02Z,currencyservice,453.0,770,0.8,0.5883116883116883,0
2026-10-06T06:46:02Z,emailservice,59.0,120,0.8,0.49166666666666664,0
2026-10-06T06:46:02Z,adservice,179.0,1150,0.8,0.15565217391304348,0
2026-10-06T06:46:02Z,redis-cart,33.0,540,0.8,0.06111111111111111,0
2026-10-06T06:46:03Z,frontend,378.0,1150,0.8,0.32869565217391306,0
2026-10-06T06:46:03Z,cartservice,306.0,800,0.95,0.3825,0
2026-10-06T06:46:03Z,checkoutservice,568.0,800,0.8,0.71,0
2026-10-06T06:46:03Z,productcatalogservice,510.0,800,0.95,0.6375,0
2026-10-06T06:46:03Z,paymentservice,31.0,155,0.8,0.2,0
2026-10-06T06:46:03Z,recommendationservice,967.0,1150,0.8,0.8408695652173913,1
2026-10-06T06:46:03Z,shippingservice,88.0,770,0.8,0.11428571428571428,0
2026-10-06T06:46:03Z,currencyservice,453.0,770,0.8,0.5883116883116883,0
2026-10-06T06:46:03Z,emailservice,59.0,120,0.8,0.49166666666666664,0
2026-10-06T06:46:03Z,adservice,111.0,1150,0.8,0.09652173913043478,0
2026-10-06T06:46:03Z,redis-cart,33.0,540,0.8,0.06111111111111111,0
2026-10-06T06:46:04Z,frontend,337.5,1150,0.8,0.29347826086956524,0
2026-10-06T06:46:04Z,cartservice,331.0,800,0.95,0.41375,0
2026-10-06T06:46:04Z,checkoutservice,344.0,800,0.8,0.43,0
2026-10-06T06:46:04Z,productcatalogservice,482.0,800,0.95,0.6025,0
2026-10-06T06:46:04Z,paymentservice,25.0,155,0.8,0.16129032258064516,0
2026-10-06T06:46:04Z,recommendationservice,1091.0,1150,0.8,0.948695652173913,1
2026-10-06T06:46:04Z,shippingservice,78.0,770,0.8,0.1012987012987013,0
2026-10-06T06:46:04Z,currencyservice,417.0,770,0.8,0.5415584415584416,0
2026-10-06T06:46:04Z,emailservice,51.0,120,0.8,0.425,0
2026-10-06T06:46:04Z,adservice,111.0,1150,0.8,0.09652173913043478,0
2026-10-06T06:46:04Z,redis-cart,31.0,540,0.8,0.05740740740740741,0
2026-10-06T06:46:05Z,frontend,352.5,1150,0.8,0.3065217391304348,0
2026-10-06T06:46:05Z,cartservice,331.0,800,0.95,0.41375,0
2026-10-06T06:46:05Z,checkoutservice,344.0,800,0.8,0.43,0
2026-10-06T06:46:05Z,productcatalogservice,490.0,800,0.95,0.6125,0
2026-10-06T06:46:05Z,paymentservice,25.0,155,0.8,0.16129032258064516,0
2026-10-06T06:46:05Z,recommendationservice,961.0,1150,0.8,0.8356521739130435,1
2026-10-06T06:46:05Z,shippingservice,78.0,770,0.8,0.1012987012987013,0
2026-10-06T06:46:05Z,currencyservice,435.0,770,0.8,0.564935064935065,0
2026-10-06T06:46:05Z,emailservice,51.0,120,0.8,0.425,0
2026-10-06T06:46:05Z,adservice,129.0,1150,0.8,0.11217391304347826,0
2026-10-06T06:46:05Z,redis-cart,31.0,540,0.8,0.05740740740740741,0
2026-10-06T06:46:06Z,frontend,374.0,1150,0.8,0.32521739130434785,0
2026-10-06T06:46:06Z,cartservice,317.0,800,0.95,0.39625,0
2026-10-06T06:46:06Z,checkoutservice,469.0,800,0.8,0.58625,0
2026-10-06T06:46:06Z,productcatalogservice,490.0,800,0.95,0.6125,0
2026-10-06T06:46:06Z,paymentservice,27.0,155,0.8,0.17419354838709677,0
2026-10-06T06:46:06Z,recommendationservice,961.0,1150,0.8,0.8356521739130435,1
2026-10-06T06:46:06Z,shippingservice,123.0,770,0.8,0.15974025974025974,0
2026-10-06T06:46:06Z,currencyservice,435.0,770,0.8,0.564935064935065,0
2026-10-06T06:46:06Z,emailservice,53.0,120,0.8,0.44166666666666665,0
2026-10-06T06:46:06Z,adservice,129.0,1150,0.8,0.11217391304347826,0
2026-10-06T06:46:06Z,redis-cart,31.0,540,0.8,0.05740740740740741,0
2026-10-06T06:46:07Z,frontend,371.25,1150,0.8,0.32282608695652176,0
2026-10-06T06:46:07Z,cartservice,314.0,800,0.95,0.3925,0
2026-10-06T06:46:07Z,checkoutservice,487.0,800,0.8,0.60875,0
2026-10-06T06:46:07Z,productcatalogservice,485.0,800,0.95,0.60625,0
2026-10-06T06:46:07Z,paymentservice,28.0,155,0.8,0.18064516129032257,0
2026-10-06T06:46:07Z,recommendationservice,963.0,1150,0.8,0.837391304347826,1
2026-10-06T06:46:07Z,shippingservice,83.0,770,0.8,0.10779220779220779,0
2026-10-06T06:46:07Z,currencyservice,404.0,770,0.8,0.5246753246753246,0
2026-10-06T06:46:07Z,emailservice,53.0,120,0.8,0.44166666666666665,0
2026-10-06T06:46:07Z,adservice,158.0,1150,0.8,0.1373913043478261,0
2026-10-06T06:46:07Z,redis-cart,31.0,540,0.8,0.05740740740740741,0
2026-10-06T06:46:08Z,frontend,379.75,1150,0.8,0.33021739130434785,0
2026-10-06T06:46:08Z,cartservice,314.0,800,0.95,0.3925,0
2026-10-06T06:46:08Z,checkoutservice,546.0,800,0.8,0.6825,0
2026-10-06T06:46:08Z,productcatalogservice,485.0,800,0.95,0.60625,0
2026-10-06T06:46:08Z,paymentservice,28.0,155,0.8,0.18064516129032257,0
2026-10-06T06:46:08Z,recommendationservice,995.0,1150,0.8,0.8652173913043478,1
2026-10-06T06:46:08Z,shippingservice,93.0,770,0.8,0.12077922077922078,0
2026-10-06T06:46:08Z,currencyservice,427.0,770,0.8,0.5545454545454546,0
2026-10-06T06:46:08Z,emailservice,60.0,120,0.8,0.5,0
2026-10-06T06:46:08Z,adservice,133.0,1150,0.8,0.11565217391304349,0
2026-10-06T06:46:08Z,redis-cart,31.0,540,0.8,0.05740740740740741,0
2026-10-06T06:46:09Z,frontend,359.5,1150,0.8,0.3126086956521739,0
2026-10-06T06:46:09Z,cartservice,317.0,800,0.95,0.39625,0
2026-10-06T06:46:09Z,checkoutservice,546.0,800,0.8,0.6825,0
2026-10-06T06:46:09Z,productcatalogservice,508.0,800,0.95,0.635,0
2026-10-06T06:46:09Z,paymentservice,42.0,155,0.8,0.2709677419354839,0
2026-10-06T06:46:09Z,recommendationservice,995.0,1150,0.8,0.8652173913043478,1
2026-10-06T06:46:09Z,shippingservice,93.0,770,0.8,0.12077922077922078,0
2026-10-06T06:46:09Z,currencyservice,427.0,770,0.8,0.5545454545454546,0
2026-10-06T06:46:09Z,emailservice,60.0,120,0.8,0.5,0
2026-10-06T06:46:09Z,adservice,135.0,1150,0.8,0.11739130434782609,0
2026-10-06T06:46:09Z,redis-cart,31.0,540,0.8,0.05740740740740741,0
2026-10-06T06:46:10Z,frontend,347.75,1150,0.8,0.3023913043478261,0
2026-10-06T06:46:10Z,cartservice,317.0,800,0.95,0.39625,0
2026-10-06T06:46:10Z,checkoutservice,454.0,800,0.8,0.5675,0
2026-10-06T06:46:10Z,productcatalogservice,508.0,800,0.95,0.635,0
2026-10-06T06:46:10Z,paymentservice,42.0,155,0.8,0.2709677419354839,0
2026-10-06T06:46:10Z,recommendationservice,995.0,1150,0.8,0.8652173913043478,1
2026-10-06T06:46:10Z,shippingservice,81.0,770,0.8,0.10519480519480519,0
2026-10-06T06:46:10Z,currencyservice,419.0,770,0.8,0.5441558441558442,0
2026-10-06T06:46:10Z,emailservice,66.0,120,0.8,0.55,0
2026-10-06T06:46:10Z,adservice,135.0,1150,0.8,0.11739130434782609,0
2026-10-06T06:46:10Z,redis-cart,31.0,540,0.8,0.05740740740740741,0
2026-10-06T06:46:11Z,frontend,371.5,1150,0.8,0.32304347826086954,0
2026-10-06T06:46:11Z,cartservice,286.0,800,0.95,0.3575,0
2026-10-06T06:46:11Z,checkoutservice,560.0,800,0.8,0.7,0
2026-10-06T06:46:11Z,productcatalogservice,507.0,800,0.95,0.63375,0
2026-10-06T06:46:11Z,paymentservice,32.0,155,0.8,0.2064516129032258,0
2026-10-06T06:46:11Z,recommendationservice,995.0,1150,0.8,0.8652173913043478,1
2026-10-06T06:46:11Z,shippingservice,110.0,770,0.8,0.14285714285714285,0
2026-10-06T06:46:11Z,currencyservice,409.0,770,0.8,0.5311688311688312,0
2026-10-06T06:46:11Z,emailservice,54.0,120,0.8,0.45,0
2026-10-06T06:46:11Z,adservice,164.0,1150,0.8,0.1426086956521739,0
2026-10-06T06:46:11Z,redis-cart,31.0,540,0.8,0.05740740740740741,0
2026-10-06T06:46:12Z,frontend,388.25,1150,0.8,0.33760869565217394,0
2026-10-06T06:46:12Z,cartservice,286.0,800,0.95,0.3575,0
2026-10-06T06:46:12Z,checkoutservice,560.0,800,0.8,0.7,0
2026-10-06T06:46:12Z,productcatalogservice,464.0,800,0.95,0.58,0
2026-10-06T06:46:12Z,paymentservice,32.0,155,0.8,0.2064516129032258,0
2026-10-06T06:46:12Z,recommendationservice,1017.0,1150,0.8,0.8843478260869565,1
2026-10-06T06:46:12Z,shippingservice,110.0,770,0.8,0.14285714285714285,0
2026-10-06T06:46:12Z,currencyservice,409.0,770,0.8,0.5311688311688312,0
2026-10-06T06:46:12Z,emailservice,43.0,120,0.8,0.35833333333333334,0
2026-10-06T06:46:12Z,adservice,133.0,1150,0.8,0.11565217391304349,0
2026-10-06T06:46:12Z,redis-cart,31.0,540,0.8,0.05740740740740741,0
2026-10-06T06:46:13Z,frontend,352.0,1150,0.8,0.3060869565217391,0
2026-10-06T06:46:13Z,cartservice,337.0,800,0.95,0.42125,0
2026-10-06T06:46:13Z,checkoutservice,426.0,800,0.8,0.5325,0
2026-10-06T06:46:13Z,productcatalogservice,464.0,800,0.95,0.58,0
2026-10-06T06:46:13Z,paymentservice,23.0,155,0.8,0.14838709677419354,0
2026-10-06T06:46:13Z,recommendationservice,1016.0,1150,0.8,0.8834782608695653,1
2026-10-06T06:46:13Z,shippingservice,74.0,770,0.8,0.09610389610389611,0
2026-10-06T06:46:13Z,currencyservice,426.0,770,0.8,0.5532467532467532,0
2026-10-06T06:46:13Z,emailservice,43.0,120,0.8,0.35833333333333334,0
2026-10-06T06:46:13Z,adservice,133.0,1150,0.8,0.11565217391304349,0
2026-10-06T06:46:13Z,redis-cart,31.0,540,0.8,0.05740740740740741,0
2026-10-06T06:46:14Z,frontend,369.75,1150,0.8,0.3215217391304348,0
2026-10-06T06:46:14Z,cartservice,351.0,800,0.95,0.43875,0
2026-10-06T06:46:14Z,checkoutservice,567.0,800,0.8,0.70875,0
2026-10-06T06:46:14Z,productcatalogservice,496.0,800,0.95,0.62,0
2026-10-06T06:46:14Z,paymentservice,30.0,155,0.8,0.1935483870967742,0
2026-10-06T06:46:14Z,recommendationservice,978.0,1150,0.8,0.8504347826086956,1
2026-10-06T06:46:14Z,shippingservice,99.0,770,0.8,0.12857142857142856,0
2026-10-06T06:46:14Z,currencyservice,405.0,770,0.8,0.525974025974026,0
2026-10-06T06:46:14Z,emailservice,56.0,120,0.8,0.4666666666666667,0
2026-10-06T06:46:14Z,adservice,134.0,1150,0.8,0.11652173913043479,0
2026-10-06T06:46:14Z,redis-cart,32.0,540,0.8,0.05925925925925926,0
2026-10-06T06:46:15Z,frontend,366.5,1150,0.8,0.31869565217391305,0
2026-10-06T06:46:15Z,cartservice,329.0,800,0.95,0.41125,0
2026-10-06T06:46:15Z,checkoutservice,567.0,800,0.8,0.70875,0
2026-10-06T06:46:15Z,productcatalogservice,466.0,800,0.95,0.5825,0
2026-10-06T06:46:15Z,paymentservice,30.0,155,0.8,0.1935483870967742,0
2026-10-06T06:46:15Z,recommendationservice,978.0,1150,0.8,0.8504347826086956,1
2026-10-06T06:46:15Z,shippingservice,99.0,770,0.8,0.12857142857142856,0
2026-10-06T06:46:15Z,currencyservice,405.0,770,0.8,0.525974025974026,0
2026-10-06T06:46:15Z,emailservice,77.0,120,0.8,0.6416666666666667,0
2026-10-06T06:46:15Z,adservice,138.0,1150,0.8,0.12,0
2026-10-06T06:46:15Z,redis-cart,30.0,540,0.8,0.05555555555555555,0
2026-10-06T06:46:16Z,frontend,349.75,1150,0.8,0.3041304347826087,0
2026-10-06T06:46:16Z,cartservice,329.0,800,0.95,0.41125,0
2026-10-06T06:46:16Z,checkoutservice,430.0,800,0.8,0.5375,0
2026-10-06T06:46:16Z,productcatalogservice,466.0,800,0.95,0.5825,0
2026-10-06T06:46:16Z,paymentservice,26.0,155,0.8,0.16774193548387098,0
2026-10-06T06:46:16Z,recommendationservice,1006.0,1150,0.8,0.8747826086956522,1
2026-10-06T06:46:16Z,shippingservice,98.0,770,0.8,0.12727272727272726,0
2026-10-06T06:46:16Z,currencyservice,421.0,770,0.8,0.5467532467532468,0
2026-10-06T06:46:16Z,emailservice,77.0,120,0.8,0.6416666666666667,0
2026-10-06T06:46:16Z,adservice,138.0,1150,0.8,0.12,0
2026-10-06T06:46:16Z,redis-cart,30.0,540,0.8,0.05555555555555555,0
2026-10-06T06:46:17Z,frontend,341.75,1150,0.8,0.2971739130434783,0
2026-10-06T06:46:17Z,cartservice,317.0,800,0.95,0.39625,0
2026-10-06T06:46:17Z,checkoutservice,430.0,800,0.8,0.5375,0
2026-10-06T06:46:17Z,productcatalogservice,480.0,800,0.95,0.6,0
2026-10-06T06:46:17Z,paymentservice,26.0,155,0.8,0.16774193548387098,0
2026-10-06T06:46:17Z,recommendationservice,1006.0,1150,0.8,0.8747826086956522,1
2026-10-06T06:46:17Z,shippingservice,85.0,770,0.8,0.11038961038961038,0
2026-10-06T06:46:17Z,currencyservice,438.0,770,0.8,0.5688311688311688,0
2026-10-06T06:46:17Z,emailservice,49.0,120,0.8,0.4083333333333333,0
2026-10-06T06:46:17Z,adservice,269.0,1150,0.8,0.23391304347826086,0
2026-10-06T06:46:17Z,redis-cart,33.0,540,0.8,0.06111111111111111,0
2026-10-06T06:46:18Z,frontend,364.0,1150,0.8,0.3165217391304348,0
2026-10-06T06:46:18Z,cartservice,280.0,800,0.95,0.35,0
2026-10-06T06:46:18Z,checkoutservice,419.0,800,0.8,0.52375,0
2026-10-06T06:46:18Z,productcatalogservice,480.0,800,0.95,0.6,0
2026-10-06T06:46:18Z,paymentservice,26.0,155,0.8,0.16774193548387098,0
2026-10-06T06:46:18Z,recommendationservice,992.0,1150,0.8,0.8626086956521739,1
2026-10-06T06:46:18Z,shippingservice,80.0,770,0.8,0.1038961038961039,0
2026-10-06T06:46:18Z,currencyservice,438.0,770,0.8,0.5688311688311688,0
2026-10-06T06:46:18Z,emailservice,35.0,120,0.8,0.2916666666666667,0
2026-10-06T06:46:18Z,adservice,131.0,1150,0.8,0.11391304347826087,0
2026-10-06T06:46:18Z,redis-cart,31.0,540,0.8,0.05740740740740741,0
2026-10-06T06:46:19Z,frontend,365.5,1150,0.8,0.31782608695652176,0
2026-10-06T06:46:19Z,cartservice,304.0,800,0.95,0.38,0
2026-10-06T06:46:19Z,checkoutservice,462.0,800,0.8,0.5775,0
2026-10-06T06:46:19Z,productcatalogservice,497.0,800,0.95,0.62125,0
2026-10-06T06:46:19Z,paymentservice,39.0,155,0.8,0.25161290322580643,0
2026-10-06T06:46:19Z,recommendationservice,1038.0,1150,0.8,0.9026086956521739,1
2026-10-06T06:46:19Z,shippingservice,80.0,770,0.8,0.1038961038961039,0
2026-10-06T06:46:19Z,currencyservice,377.0,770,0.8,0.4896103896103896,0
2026-10-06T06:46:19Z,emailservice,35.0,120,0.8,0.2916666666666667,0
2026-10-06T06:46:19Z,adservice,131.0,1150,0.8,0.11391304347826087,0
2026-10-06T06:46:19Z,redis-cart,31.0,540,0.8,0.05740740740740741,0
2026-10-06T06:46:20Z,frontend,359.0,1150,0.8,0.31217391304347825,0
2026-10-06T06:46:20Z,cartservice,304.0,800,0.95,0.38,0
2026-10-06T06:46:20Z,checkoutservice,462.0,800,0.8,0.5775,0
2026-10-06T06:46:20Z,productcatalogservice,510.0,800,0.95,0.6375,0
2026-10-06T06:46:20Z,paymentservice,22.0,155,0.8,0.14193548387096774,0
2026-10-06T06:46:20Z,recommendationservice,1038.0,1150,0.8,0.9026086956521739,1
2026-10-06T06:46:20Z,shippingservice,82.0,770,0.8,0.10649350649350649,0
2026-10-06T06:46:20Z,currencyservice,395.0,770,0.8,0.512987012987013,0
2026-10-06T06:46:20Z,emailservice,69.0,120,0.8,0.575,0
2026-10-06T06:46:20Z,adservice,131.0,1150,0.8,0.11391304347826087,0
2026-10-06T06:46:20Z,redis-cart,29.0,540,0.8,0.053703703703703705,0
2026-10-06T06:46:21Z,frontend,352.75,1150,0.8,0.3067391304347826,0
2026-10-06T06:46:21Z,cartservice,315.0,800,0.95,0.39375,0
2026-10-06T06:46:21Z,checkoutservice,421.0,800,0.8,0.52625,0
2026-10-06T06:46:21Z,productcatalogservice,510.0,800,0.95,0.6375,0
2026-10-06T06:46:21Z,paymentservice,22.0,155,0.8,0.14193548387096774,0
2026-10-06T06:46:21Z,recommendationservice,1026.0,1150,0.8,0.8921739130434783,1
2026-10-06T06:46:21Z,shippingservice,82.0,770,0.8,0.10649350649350649,0
2026-10-06T06:46:21Z,currencyservice,415.0,770,0.8,0.538961038961039,0
2026-10-06T06:46:21Z,emailservice,37.0,120,0.8,0.30833333333333335,0
2026-10-06T06:46:21Z,adservice,132.0,1150,0.8,0.11478260869565217,0
2026-10-06T06:46:21Z,redis-cart,30.0,540,0.8,0.05555555555555555,0
2026-10-06T06:46:22Z,frontend,359.75,1150,0.8,0.31282608695652175,0
2026-10-06T06:46:22Z,cartservice,315.0,800,0.95,0.39375,0
2026-10-06T06:46:22Z,checkoutservice,421.0,800,0.8,0.52625,0
2026-10-06T06:46:22Z,productcatalogservice,515.0,800,0.95,0.64375,0
2026-10-06T06:46:22Z,paymentservice,22.0,155,0.8,0.14193548387096774,0
2026-10-06T06:46:22Z,recommendationservice,1026.0,1150,0.8,0.8921739130434783,1
2026-10-06T06:46:22Z,shippingservice,100.0,770,0.8,0.12987012987012986,0
2026-10-06T06:46:22Z,currencyservice,401.0,770,0.8,0.5207792207792208,0
2026-10-06T06:46:22Z,emailservice,37.0,120,0.8,0.30833333333333335,0
2026-10-06T06:46:22Z,adservice,142.0,1150,0.8,0.12347826086956522,0
2026-10-06T06:46:22Z,redis-cart,30.0,540,0.8,0.05555555555555555,0
2026-10-06T06:46:23Z,frontend,350.0,1150,0.8,0.30434782608695654,0
2026-10-06T06:46:23Z,cartservice,287.0,800,0.95,0.35875,0
2026-10-06T06:46:23Z,checkoutservice,450.0,800,0.8,0.5625,0
2026-10-06T06:46:23Z,productcatalogservice,515.0,800,0.95,0.64375,0
2026-10-06T06:46:23Z,paymentservice,26.0,155,0.8,0.16774193548387098,0
2026-10-06T06:46:23Z,recommendationservice,1026.0,1150,0.8,0.8921739130434783,1
2026-10-06T06:46:23Z,shippingservice,85.0,770,0.8,0.11038961038961038,0
2026-10-06T06:46:23Z,currencyservice,391.0,770,0.8,0.5077922077922078,0
2026-10-06T06:46:23Z,emailservice,48.0,120,0.8,0.4,0
2026-10-06T06:46:23Z,adservice,142.0,1150,0.8,0.12347826086956522,0
2026-10-06T06:46:23Z,redis-cart,32.0,540,0.8,0.05925925925925926,0
2026-10-06T06:46:24Z,frontend,344.25,1150,0.8,0.29934782608695654,0
2026-10-06T06:46:24Z,cartservice,309.0,800,0.95,0.38625,0
2026-10-06T06:46:24Z,checkoutservice,450.0,800,0.8,0.5625,0
2026-10-06T06:46:24Z,productcatalogservice,479.0,800,0.95,0.59875,0
2026-10-06T06:46:24Z,paymentservice,26.0,155,0.8,0.16774193548387098,0
2026-10-06T06:46:24Z,recommendationservice,1051.0,1150,0.8,0.9139130434782609,1
2026-10-06T06:46:24Z,shippingservice,85.0,770,0.8,0.11038961038961038,0
2026-10-06T06:46:24Z,currencyservice,391.0,770,0.8,0.5077922077922078,0
2026-10-06T06:46:24Z,emailservice,66.0,120,0.8,0.55,0
2026-10-06T06:46:24Z,adservice,126.0,1150,0.8,0.10956521739130434,0
2026-10-06T06:46:24Z,redis-cart,32.0,540,0.8,0.05925925925925926,0
2026-10-06T06:46:25Z,frontend,362.25,1150,0.8,0.315,0
2026-10-06T06:46:25Z,cartservice,295.0,800,0.95,0.36875,0
2026-10-06T06:46:25Z,checkoutservice,439.0,800,0.8,0.54875,0
2026-10-06T06:46:25Z,productcatalogservice,455.0,800,0.95,0.56875,0
2026-10-06T06:46:25Z,paymentservice,32.0,155,0.8,0.2064516129032258,0
2026-10-06T06:46:25Z,recommendationservice,1012.0,1150,0.8,0.88,1
2026-10-06T06:46:25Z,shippingservice,84.0,770,0.8,0.10909090909090909,0
2026-10-06T06:46:25Z,currencyservice,413.0,770,0.8,0.5363636363636364,0
2026-10-06T06:46:25Z,emailservice,66.0,120,0.8,0.55,0
2026-10-06T06:46:25Z,adservice,126.0,1150,0.8,0.10956521739130434,0
2026-10-06T06:46:25Z,redis-cart,32.0,540,0.8,0.05925925925925926,0
2026-10-06T06:46:26Z,frontend,361.0,1150,0.8,0.3139130434782609,0
2026-10-06T06:46:26Z,cartservice,295.0,800,0.95,0.36875,0
2026-10-06T06:46:26Z,checkoutservice,422.0,800,0.8,0.5275,0
2026-10-06T06:46:26Z,productcatalogservice,455.0,800,0.95,0.56875,0
2026-10-06T06:46:26Z,paymentservice,24.0,155,0.8,0.15483870967741936,0
2026-10-06T06:46:26Z,recommendationservice,1015.0,1150,0.8,0.8826086956521739,1
2026-10-06T06:46:26Z,shippingservice,125.0,770,0.8,0.16233766233766234,0
2026-10-06T06:46:26Z,currencyservice,413.0,770,0.8,0.5363636363636364,0
2026-10-06T06:46:26Z,emailservice,52.0,120,0.8,0.43333333333333335,0
2026-10-06T06:46:26Z,adservice,134.0,1150,0.8,0.11652173913043479,0
2026-10-06T06:46:26Z,redis-cart,32.0,540,0.8,0.05925925925925926,0
2026-10-06T06:46:27Z,frontend,372.25,1150,0.8,0.32369565217391305,0
2026-10-06T06:46:27Z,cartservice,271.0,800,0.95,0.33875,0
2026-10-06T06:46:27Z,checkoutservice,523.0,800,0.8,0.65375,0
2026-10-06T06:46:27Z,productcatalogservice,503.0,800,0.95,0.62875,0
2026-10-06T06:46:27Z,paymentservice,24.0,155,0.8,0.15483870967741936,0
2026-10-06T06:46:27Z,recommendationservice,1015.0,1150,0.8,0.8826086956521739,1
2026-10-06T06:46:27Z,shippingservice,125.0,770,0.8,0.16233766233766234,0
2026-10-06T06:46:27Z,currencyservice,439.0,770,0.8,0.5701298701298702,0
2026-10-06T06:46:27Z,emailservice,52.0,120,0.8,0.43333333333333335,0
2026-10-06T06:46:27Z,adservice,153.0,1150,0.8,0.13304347826086957,0
2026-10-06T06:46:27Z,redis-cart,31.0,540,0.8,0.05740740740740741,0
2026-10-06T06:46:28Z,frontend,368.25,1150,0.8,0.32021739130434784,0
2026-10-06T06:46:28Z,cartservice,303.0,800,0.95,0.37875,0
2026-10-06T06:46:28Z,checkoutservice,397.0,800,0.8,0.49625,0
2026-10-06T06:46:28Z,productcatalogservice,503.0,800,0.95,0.62875,0
2026-10-06T06:46:28Z,paymentservice,25.0,155,0.8,0.16129032258064516,0
2026-10-06T06:46:28Z,recommendationservice,1011.0,1150,0.8,0.8791304347826087,1
2026-10-06T06:46:28Z,shippingservice,89.0,770,0.8,0.11558441558441558,0
2026-10-06T06:46:28Z,currencyservice,439.0,770,0.8,0.5701298701298702,0
2026-10-06T06:46:28Z,emailservice,47.0,120,0.8,0.39166666666666666,0
2026-10-06T06:46:28Z,adservice,110.0,1150,0.8,0.09565217391304348,0
2026-10-06T06:46:28Z,redis-cart,31.0,540,0.8,0.05740740740740741,0
2026-10-06T06:46:29Z,frontend,360.0,1150,0.8,0.3130434782608696,0
2026-10-06T06:46:29Z,cartservice,323.0,800,0.95,0.40375,0
2026-10-06T06:46:29Z,checkoutservice,515.0,800,0.8,0.64375,0
2026-10-06T06:46:29Z,productcatalogservice,488.0,800,0.95,0.61,0
2026-10-06T06:46:29Z,paymentservice,51.0,155,0.8,0.32903225806451614,0
2026-10-06T06:46:29Z,recommendationservice,1011.0,1150,0.8,0.8791304347826087,1
2026-10-06T06:46:29Z,shippingservice,89.0,770,0.8,0.11558441558441558,0
2026-10-06T06:46:29Z,currencyservice,381.0,770,0.8,0.4948051948051948,0
2026-10-06T06:46:29Z,emailservice,47.0,120,0.8,0.39166666666666666,0
2026-10-06T06:46:29Z,adservice,134.0,1150,0.8,0.11652173913043479,0
2026-10-06T06:46:29Z,redis-cart,31.0,540,0.8,0.05740740740740741,0
2026-10-06T06:46:30Z,frontend,370.75,1150,0.8,0.3223913043478261,0
2026-10-06T06:46:30Z,cartservice,323.0,800,0.95,0.40375,0
2026-10-06T06:46:30Z,checkoutservice,515.0,800,0.8,0.64375,0
2026-10-06T06:46:30Z,productcatalogservice,488.0,800,0.95,0.61,0
2026-10-06T06:46:30Z,paymentservice,26.0,155,0.8,0.16774193548387098,0
2026-10-06T06:46:30Z,recommendationservice,984.0,1150,0.8,0.8556521739130435,1
2026-10-06T06:46:30Z,shippingservice,91.0,770,0.8,0.11818181818181818,0
2026-10-06T06:46:30Z,currencyservice,381.0,770,0.8,0.4948051948051948,0
2026-10-06T06:46:30Z,emailservice,69.0,120,0.8,0.575,0
2026-10-06T06:46:30Z,adservice,134.0,1150,0.8,0.11652173913043479,0
2026-10-06T06:46:30Z,redis-cart,32.0,540,0.8,0.05925925925925926,0
2026-10-06T06:46:31Z,frontend,370.25,1150,0.8,0.3219565217391304,0
2026-10-06T06:46:31Z,cartservice,325.0,800,0.95,0.40625,0
2026-10-06T06:46:31Z,checkoutservice,450.0,800,0.8,0.5625,0
2026-10-06T06:46:31Z,productcatalogservice,505.0,800,0.95,0.63125,0
2026-10-06T06:46:31Z,paymentservice,26.0,155,0.8,0.16774193548387098,0
2026-10-06T06:46:31Z,recommendationservice,984.0,1150,0.8,0.8556521739130435,1
2026-10-06T06:46:31Z,shippingservice,95.0,770,0.8,0.12337662337662338,0
2026-10-06T06:46:31Z,currencyservice,432.0,770,0.8,0.561038961038961,0
2026-10-06T06:46:31Z,emailservice,50.0,120,0.8,0.4166666666666667,0
2026-10-06T06:46:31Z,adservice,144.0,1150,0.8,0.12521739130434784,0
2026-10-06T06:46:31Z,redis-cart,32.0,540,0.8,0.05925925925925926,0
2026-10-06T06:46:32Z,frontend,367.0,1150,0.8,0.3191304347826087,0
2026-10-06T06:46:32Z,cartservice,325.0,800,0.95,0.40625,0
2026-10-06T06:46:32Z,checkoutservice,450.0,800,0.8,0.5625,0
2026-10-06T06:46:32Z,productcatalogservice,514.0,800,0.95,0.6425,0
2026-10-06T06:46:32Z,paymentservice,25.0,155,0.8,0.16129032258064516,0
2026-10-06T06:46:32Z,recommendationservice,983.0,1150,0.8,0.8547826086956521,1
2026-10-06T06:46:32Z,shippingservice,95.0,770,0.8,0.12337662337662338,0
2026-10-06T06:46:32Z,currencyservice,430.0,770,0.8,0.5584415584415584,0
2026-10-06T06:46:32Z,emailservice,50.0,120,0.8,0.4166666666666667,0
2026-10-06T06:46:32Z,adservice,178.0,1150,0.8,0.15478260869565216,0
2026-10-06T06:46:32Z,redis-cart,33.0,540,0.8,0.06111111111111111,0
2026-10-06T06:46:33Z,frontend,377.25,1150,0.8,0.32804347826086955,0
2026-10-06T06:46:33Z,cartservice,304.0,800,0.95,0.38,0
2026-10-06T06:46:33Z,checkoutservice,513.0,800,0.8,0.64125,0
2026-10-06T06:46:33Z,productcatalogservice,514.0,800,0.95,0.6425,0
2026-10-06T06:46:33Z,paymentservice,25.0,155,0.8,0.16129032258064516,0
2026-10-06T06:46:33Z,recommendationservice,983.0,1150,0.8,0.8547826086956521,1
2026-10-06T06:46:33Z,shippingservice,105.0,770,0.8,0.13636363636363635,0
2026-10-06T06:46:33Z,currencyservice,406.0,770,0.8,0.5272727272727272,0
2026-10-06T06:46:33Z,emailservice,50.0,120,0.8,0.4166666666666667,0
2026-10-06T06:46:33Z,adservice,178.0,1150,0.8,0.15478260869565216,0
2026-10-06T06:46:33Z,redis-cart,77.0,540,0.8,0.1425925925925926,0
2026-10-06T06:46:34Z,frontend,381.0,1150,0.8,0.331304347826087,0
2026-10-06T06:46:34Z,cartservice,338.0,800,0.95,0.4225,0
2026-10-06T06:46:34Z,checkoutservice,513.0,800,0.8,0.64125,0
2026-10-06T06:46:34Z,productcatalogservice,491.0,800,0.95,0.61375,0
2026-10-06T06:46:34Z,paymentservice,33.0,155,0.8,0.2129032258064516,0
2026-10-06T06:46:34Z,recommendationservice,997.0,1150,0.8,0.8669565217391304,1
2026-10-06T06:46:34Z,shippingservice,104.0,770,0.8,0.13506493506493505,0
2026-10-06T06:46:34Z,currencyservice,482.0,770,0.8,0.625974025974026,0
2026-10-06T06:46:34Z,emailservice,62.0,120,0.8,0.5166666666666667,0
2026-10-06T06:46:34Z,adservice,137.0,1150,0.8,0.1191304347826087,0
2026-10-06T06:46:34Z,redis-cart,35.0,540,0.8,0.06481481481481481,0
2026-10-06T06:46:35Z,frontend,383.25,1150,0.8,0.3332608695652174,0
2026-10-06T06:46:35Z,cartservice,308.0,800,0.95,0.385,0
2026-10-06T06:46:35Z,checkoutservice,551.0,800,0.8,0.68875,0
2026-10-06T06:46:35Z,productcatalogservice,491.0,800,0.95,0.61375,0
2026-10-06T06:46:35Z,paymentservice,34.0,155,0.8,0.21935483870967742,0
2026-10-06T06:46:35Z,recommendationservice,978.0,1150,0.8,0.8504347826086956,1
2026-10-06T06:46:35Z,shippingservice,83.0,770,0.8,0.10779220779220779,0
2026-10-06T06:46:35Z,currencyservice,413.0,770,0.8,0.5363636363636364,0
2026-10-06T06:46:35Z,emailservice,81.0,120,0.8,0.675,0
2026-10-06T06:46:35Z,adservice,148.0,1150,0.8,0.12869565217391304,0
2026-10-06T06:46:35Z,redis-cart,31.0,540,0.8,0.05740740740740741,0
2026-10-06T06:46:36Z,frontend,347.5,1150,0.8,0.30217391304347824,0
2026-10-06T06:46:36Z,cartservice,308.0,800,0.95,0.385,0
2026-10-06T06:46:36Z,checkoutservice,551.0,800,0.8,0.68875,0
2026-10-06T06:46:36Z,productcatalogservice,456.0,800,0.95,0.57,0
2026-10-06T06:46:36Z,paymentservice,26.0,155,0.8,0.16774193548387098,0
2026-10-06T06:46:36Z,recommendationservice,979.0,1150,0.8,0.851304347826087,1
2026-10-06T06:46:36Z,shippingservice,83.0,770,0.8,0.10779220779220779,0
2026-10-06T06:46:36Z,currencyservice,413.0,770,0.8,0.5363636363636364,0
2026-10-06T06:46:36Z,emailservice,81.0,120,0.8,0.675,0
2026-10-06T06:46:36Z,adservice,148.0,1150,0.8,0.12869565217391304,0
2026-10-06T06:46:36Z,redis-cart,31.0,540,0.8,0.05740740740740741,0
2026-10-06T06:46:37Z,frontend,364.25,1150,0.8,0.31673913043478263,0
2026-10-06T06:46:37Z,cartservice,310.0,800,0.95,0.3875,0
2026-10-06T06:46:37Z,checkoutservice,435.0,800,0.8,0.54375,0
2026-10-06T06:46:37Z,productcatalogservice,501.0,800,0.95,0.62625,0
2026-10-06T06:46:37Z,paymentservice,26.0,155,0.8,0.16774193548387098,0
2026-10-06T06:46:37Z,recommendationservice,979.0,1150,0.8,0.851304347826087,1
2026-10-06T06:46:37Z,shippingservice,110.0,770,0.8,0.14285714285714285,0
2026-10-06T06:46:37Z,currencyservice,378.0,770,0.8,0.4909090909090909,0
2026-10-06T06:46:37Z,emailservice,45.0,120,0.8,0.375,0
2026-10-06T06:46:37Z,adservice,137.0,1150,0.8,0.1191304347826087,0
2026-10-06T06:46:37Z,redis-cart,31.0,540,0.8,0.05740740740740741,0
2026-10-06T06:46:38Z,frontend,367.25,1150,0.8,0.3193478260869565,0
2026-10-06T06:46:38Z,cartservice,284.0,800,0.95,0.355,0
2026-10-06T06:46:38Z,checkoutservice,394.0,800,0.8,0.4925,0
2026-10-06T06:46:38Z,productcatalogservice,501.0,800,0.95,0.62625,0
2026-10-06T06:46:38Z,paymentservice,20.0,155,0.8,0.12903225806451613,0
2026-10-06T06:46:38Z,recommendationservice,1016.0,1150,0.8,0.8834782608695653,1
2026-10-06T06:46:38Z,shippingservice,92.0,770,0.8,0.11948051948051948,0
2026-10-06T06:46:38Z,currencyservice,433.0,770,0.8,0.5623376623376624,0
2026-10-06T06:46:38Z,emailservice,40.0,120,0.8,0.3333333333333333,0
2026-10-06T06:46:38Z,adservice,137.0,1150,0.8,0.1191304347826087,0
2026-10-06T06:46:38Z,redis-cart,31.0,540,0.8,0.05740740740740741,0
2026-10-06T06:46:39Z,frontend,365.25,1150,0.8,0.3176086956521739,0
2026-10-06T06:46:39Z,cartservice,284.0,800,0.95,0.355,0
2026-10-06T06:46:39Z,checkoutservice,394.0,800,0.8,0.4925,0
2026-10-06T06:46:39Z,productcatalogservice,503.0,800,0.95,0.62875,0
2026-10-06T06:46:39Z,paymentservice,20.0,155,0.8,0.12903225806451613,0
2026-10-06T06:46:39Z,recommendationservice,1045.0,1150,0.8,0.908695652173913,1
2026-10-06T06:46:39Z,shippingservice,92.0,770,0.8,0.11948051948051948,0
2026-10-06T06:46:39Z,currencyservice,433.0,770,0.8,0.5623376623376624,0
2026-10-06T06:46:39Z,emailservice,40.0,120,0.8,0.3333333333333333,0
2026-10-06T06:46:39Z,adservice,144.0,1150,0.8,0.12521739130434784,0
2026-10-06T06:46:39Z,redis-cart,30.0,540,0.8,0.05555555555555555,0
2026-10-06T06:46:40Z,frontend,309.75,1150,0.8,0.2693478260869565,0
2026-10-06T06:46:40Z,cartservice,285.0,800,0.95,0.35625,0
2026-10-06T06:46:40Z,checkoutservice,409.0,800,0.8,0.51125,0
2026-10-06T06:46:40Z,productcatalogservice,462.0,800,0.95,0.5775,0
2026-10-06T06:46:40Z,paymentservice,39.0,155,0.8,0.25161290322580643,0
2026-10-06T06:46:40Z,recommendationservice,1045.0,1150,0.8,0.908695652173913,1
2026-10-06T06:46:40Z,shippingservice,74.0,770,0.8,0.09610389610389611,0
2026-10-06T06:46:40Z,currencyservice,367.0,770,0.8,0.4766233766233766,0
2026-10-06T06:46:40Z,emailservice,61.0,120,0.8,0.5083333333333333,0
2026-10-06T06:46:40Z,adservice,106.0,1150,0.8,0.09217391304347826,0
2026-10-06T06:46:40Z,redis-cart,30.0,540,0.8,0.05555555555555555,0
2026-10-06T06:46:41Z,frontend,335.5,1150,0.8,0.2917391304347826,0
2026-10-06T06:46:41Z,cartservice,306.0,800,0.95,0.3825,0
2026-10-06T06:46:41Z,checkoutservice,478.0,800,0.8,0.5975,0
2026-10-06T06:46:41Z,productcatalogservice,462.0,800,0.95,0.5775,0
2026-10-06T06:46:41Z,paymentservice,26.0,155,0.8,0.16774193548387098,0
2026-10-06T06:46:41Z,recommendationservice,1024.0,1150,0.8,0.8904347826086957,1
2026-10-06T06:46:41Z,shippingservice,95.0,770,0.8,0.12337662337662338,0
2026-10-06T06:46:41Z,currencyservice,394.0,770,0.8,0.5116883116883116,0
2026-10-06T06:46:41Z,emailservice,61.0,120,0.8,0.5083333333333333,0
2026-10-06T06:46:41Z,adservice,106.0,1150,0.8,0.09217391304347826,0
2026-10-06T06:46:41Z,redis-cart,32.0,540,0.8,0.05925925925925926,0
2026-10-06T06:46:42Z,frontend,359.75,1150,0.8,0.31282608695652175,0
2026-10-06T06:46:42Z,cartservice,306.0,800,0.95,0.3825,0
2026-10-06T06:46:42Z,checkoutservice,457.0,800,0.8,0.57125,0
2026-10-06T06:46:42Z,productcatalogservice,499.0,800,0.95,0.62375,0
2026-10-06T06:46:42Z,paymentservice,28.0,155,0.8,0.18064516129032257,0
2026-10-06T06:46:42Z,recommendationservice,1019.0,1150,0.8,0.8860869565217391,1
2026-10-06T06:46:42Z,shippingservice,87.0,770,0.8,0.11298701298701298,0
2026-10-06T06:46:42Z,currencyservice,460.0,770,0.8,0.5974025974025974,0
2026-10-06T06:46:42Z,emailservice,66.0,120,0.8,0.55,0
2026-10-06T06:46:42Z,adservice,145.0,1150,0.8,0.12608695652173912,0
2026-10-06T06:46:42Z,redis-cart,33.0,540,0.8,0.06111111111111111,0
2026-10-06T06:46:43Z,frontend,337.0,1150,0.8,0.29304347826086957,0
2026-10-06T06:46:43Z,cartservice,292.0,800,0.95,0.365,0
2026-10-06T06:46:43Z,checkoutservice,457.0,800,0.8,0.57125,0
2026-10-06T06:46:43Z,productcatalogservice,499.0,800,0.95,0.62375,0
2026-10-06T06:46:43Z,paymentservice,28.0,155,0.8,0.18064516129032257,0
2026-10-06T06:46:43Z,recommendationservice,1019.0,1150,0.8,0.8860869565217391,1
2026-10-06T06:46:43Z,shippingservice,71.0,770,0.8,0.09220779220779221,0
2026-10-06T06:46:43Z,currencyservice,460.0,770,0.8,0.5974025974025974,0
2026-10-06T06:46:43Z,emailservice,26.0,120,0.8,0.21666666666666667,0
2026-10-06T06:46:43Z,adservice,104.0,1150,0.8,0.09043478260869565,0
2026-10-06T06:46:43Z,redis-cart,33.0,540,0.8,0.06111111111111111,0
2026-10-06T06:46:44Z,frontend,306.75,1150,0.8,0.2667391304347826,0
2026-10-06T06:46:44Z,cartservice,292.0,800,0.95,0.365,0
2026-10-06T06:46:44Z,checkoutservice,170.0,800,0.8,0.2125,0
2026-10-06T06:46:44Z,productcatalogservice,457.0,800,0.95,0.57125,0
2026-10-06T06:46:44Z,paymentservice,11.0,155,0.8,0.07096774193548387,0
2026-10-06T06:46:44Z,recommendationservice,1124.0,1150,0.8,0.9773913043478261,1
2026-10-06T06:46:44Z,shippingservice,40.0,770,0.8,0.05194805194805195,0
2026-10-06T06:46:44Z,currencyservice,313.0,770,0.8,0.4064935064935065,0
2026-10-06T06:46:44Z,emailservice,43.0,120,0.8,0.35833333333333334,0
2026-10-06T06:46:44Z,adservice,98.0,1150,0.8,0.08521739130434783,0
2026-10-06T06:46:44Z,redis-cart,28.0,540,0.8,0.05185185185185185,0
2026-10-06T06:46:45Z,frontend,313.5,1150,0.8,0.27260869565217394,0
2026-10-06T06:46:45Z,cartservice,327.0,800,0.95,0.40875,0
2026-10-06T06:46:45Z,checkoutservice,170.0,800,0.8,0.2125,0
2026-10-06T06:46:45Z,productcatalogservice,457.0,800,0.95,0.57125,0
2026-10-06T06:46:45Z,paymentservice,23.0,155,0.8,0.14838709677419354,0
2026-10-06T06:46:45Z,recommendationservice,1024.0,1150,0.8,0.8904347826086957,1
2026-10-06T06:46:45Z,shippingservice,40.0,770,0.8,0.05194805194805195,0
2026-10-06T06:46:45Z,currencyservice,313.0,770,0.8,0.4064935064935065,0
2026-10-06T06:46:45Z,emailservice,43.0,120,0.8,0.35833333333333334,0
2026-10-06T06:46:45Z,adservice,98.0,1150,0.8,0.08521739130434783,0
2026-10-06T06:46:45Z,redis-cart,28.0,540,0.8,0.05185185185185185,0
2026-10-06T06:46:46Z,frontend,344.5,1150,0.8,0.2995652173913044,0
2026-10-06T06:46:46Z,cartservice,327.0,800,0.95,0.40875,0
2026-10-06T06:46:46Z,checkoutservice,395.0,800,0.8,0.49375,0
2026-10-06T06:46:46Z,productcatalogservice,457.0,800,0.95,0.57125,0
2026-10-06T06:46:46Z,paymentservice,32.0,155,0.8,0.2064516129032258,0
2026-10-06T06:46:46Z,recommendationservice,1024.0,1150,0.8,0.8904347826086957,1
2026-10-06T06:46:46Z,shippingservice,110.0,770,0.8,0.14285714285714285,0
2026-10-06T06:46:46Z,currencyservice,411.0,770,0.8,0.5337662337662338,0
2026-10-06T06:46:46Z,emailservice,57.0,120,0.8,0.475,0
2026-10-06T06:46:46Z,adservice,140.0,1150,0.8,0.12173913043478261,0
2026-10-06T06:46:46Z,redis-cart,31.0,540,0.8,0.05740740740740741,0
2026-10-06T06:46:47Z,frontend,367.75,1150,0.8,0.31978260869565217,0
2026-10-06T06:46:47Z,cartservice,308.0,800,0.95,0.385,0
2026-10-06T06:46:47Z,checkoutservice,516.0,800,0.8,0.645,0
2026-10-06T06:46:47Z,productcatalogservice,486.0,800,0.95,0.6075,0
2026-10-06T06:46:47Z,paymentservice,32.0,155,0.8,0.2064516129032258,0
2026-10-06T06:46:47Z,recommendationservice,986.0,1150,0.8,0.8573913043478261,1
2026-10-06T06:46:47Z,shippingservice,91.0,770,0.8,0.11818181818181818,0
2026-10-06T06:46:47Z,currencyservice,425.0,770,0.8,0.551948051948052,0
2026-10-06T06:46:47Z,emailservice,53.0,120,0.8,0.44166666666666665,0
2026-10-06T06:46:47Z,adservice,163.0,1150,0.8,0.14173913043478262,0
2026-10-06T06:46:47Z,redis-cart,33.0,540,0.8,0.06111111111111111,0
2026-10-06T06:46:48Z,frontend,366.5,1150,0.8,0.31869565217391305,0
2026-10-06T06:46:48Z,cartservice,335.0,800,0.95,0.41875,0
2026-10-06T06:46:48Z,checkoutservice,516.0,800,0.8,0.645,0
2026-10-06T06:46:48Z,productcatalogservice,486.0,800,0.95,0.6075,0
2026-10-06T06:46:48Z,paymentservice,32.0,155,0.8,0.2064516129032258,0
2026-10-06T06:46:48Z,recommendationservice,981.0,1150,0.8,0.8530434782608696,1
2026-10-06T06:46:48Z,shippingservice,91.0,770,0.8,0.11818181818181818,0
2026-10-06T06:46:48Z,currencyservice,425.0,770,0.8,0.551948051948052,0
2026-10-06T06:46:48Z,emailservice,53.0,120,0.8,0.44166666666666665,0
2026-10-06T06:46:48Z,adservice,142.0,1150,0.8,0.12347826086956522,0
2026-10-06T06:46:48Z,redis-cart,30.0,540,0.8,0.05555555555555555,0
2026-10-06T06:46:49Z,frontend,376.25,1150,0.8,0.32717391304347826,0
2026-10-06T06:46:49Z,cartservice,335.0,800,0.95,0.41875,0
2026-10-06T06:46:49Z,checkoutservice,510.0,800,0.8,0.6375,0
2026-10-06T06:46:49Z,productcatalogservice,501.0,800,0.95,0.62625,0
2026-10-06T06:46:49Z,paymentservice,47.0,155,0.8,0.3032258064516129,0
2026-10-06T06:46:49Z,recommendationservice,981.0,1150,0.8,0.8530434782608696,1
2026-10-06T06:46:49Z,shippingservice,111.0,770,0.8,0.14415584415584415,0
2026-10-06T06:46:49Z,currencyservice,407.0,770,0.8,0.5285714285714286,0
2026-10-06T06:46:49Z,emailservice,57.0,120,0.8,0.475,0
2026-10-06T06:46:49Z,adservice,142.0,1150,0.8,0.12347826086956522,0
2026-10-06T06:46:49Z,redis-cart,30.0,540,0.8,0.05555555555555555,0
2026-10-06T06:46:50Z,frontend,372.25,1150,0.8,0.32369565217391305,0
2026-10-06T06:46:50Z,cartservice,286.0,800,0.95,0.3575,0
2026-10-06T06:46:50Z,checkoutservice,508.0,800,0.8,0.635,0
2026-10-06T06:46:50Z,productcatalogservice,501.0,800,0.95,0.62625,0
2026-10-06T06:46:50Z,paymentservice,47.0,155,0.8,0.3032258064516129,0
2026-10-06T06:46:50Z,recommendationservice,956.0,1150,0.8,0.831304347826087,1
2026-10-06T06:46:50Z,shippingservice,96.0,770,0.8,0.12467532467532468,0
2026-10-06T06:46:50Z,currencyservice,407.0,770,0.8,0.5285714285714286,0
2026-10-06T06:46:50Z,emailservice,57.0,120,0.8,0.475,0
2026-10-06T06:46:50Z,adservice,142.0,1150,0.8,0.12347826086956522,0
2026-10-06T06:46:50Z,redis-cart,31.0,540,0.8,0.05740740740740741,0
2026-10-06T06:46:51Z,frontend,381.5,1150,0.8,0.3317391304347826,0
2026-10-06T06:46:51Z,cartservice,293.0,800,0.95,0.36625,0
2026-10-06T06:46:51Z,checkoutservice,508.0,800,0.8,0.635,0
2026-10-06T06:46:51Z,productcatalogservice,485.0,800,0.95,0.60625,0
2026-10-06T06:46:51Z,paymentservice,36.0,155,0.8,0.23225806451612904,0
2026-10-06T06:46:51Z,recommendationservice,995.0,1150,0.8,0.8652173913043478,1
2026-10-06T06:46:51Z,shippingservice,96.0,770,0.8,0.12467532467532468,0
2026-10-06T06:46:51Z,currencyservice,444.0,770,0.8,0.5766233766233766,0
2026-10-06T06:46:51Z,emailservice,71.0,120,0.8,0.5916666666666667,0
2026-10-06T06:46:51Z,adservice,142.0,1150,0.8,0.12347826086956522,0
2026-10-06T06:46:51Z,redis-cart,31.0,540,0.8,0.05740740740740741,0
2026-10-06T06:46:52Z,frontend,353.25,1150,0.8,0.30717391304347824,0
2026-10-06T06:46:52Z,cartservice,293.0,800,0.95,0.36625,0
2026-10-06T06:46:52Z,checkoutservice,464.0,800,0.8,0.58,0
2026-10-06T06:46:52Z,productcatalogservice,485.0,800,0.95,0.60625,0
2026-10-06T06:46:52Z,paymentservice,36.0,155,0.8,0.23225806451612904,0
2026-10-06T06:46:52Z,recommendationservice,1035.0,1150,0.8,0.9,1
2026-10-06T06:46:52Z,shippingservice,96.0,770,0.8,0.12467532467532468,0
2026-10-06T06:46:52Z,currencyservice,432.0,770,0.8,0.561038961038961,0
2026-10-06T06:46:52Z,emailservice,71.0,120,0.8,0.5916666666666667,0
2026-10-06T06:46:52Z,adservice,142.0,1150,0.8,0.12347826086956522,0
2026-10-06T06:46:52Z,redis-cart,31.0,540,0.8,0.05740740740740741,0
2026-10-06T06:46:53Z,frontend,361.25,1150,0.8,0.3141304347826087,0
2026-10-06T06:46:53Z,cartservice,312.0,800,0.95,0.39,0
2026-10-06T06:46:53Z,checkoutservice,438.0,800,0.8,0.5475,0
2026-10-06T06:46:53Z,productcatalogservice,481.0,800,0.95,0.60125,0
2026-10-06T06:46:53Z,paymentservice,29.0,155,0.8,0.1870967741935484,0
2026-10-06T06:46:53Z,recommendationservice,1054.0,1150,0.8,0.9165217391304348,1
2026-10-06T06:46:53Z,shippingservice,96.0,770,0.8,0.12467532467532468,0
2026-10-06T06:46:53Z,currencyservice,411.0,770,0.8,0.5337662337662338,0
2026-10-06T06:46:53Z,emailservice,40.0,120,0.8,0.3333333333333333,0
2026-10-06T06:46:53Z,adservice,128.0,1150,0.8,0.11130434782608696,0
2026-10-06T06:46:53Z,redis-cart,33.0,540,0.8,0.06111111111111111,0
2026-10-06T06:46:54Z,frontend,360.75,1150,0.8,0.31369565217391304,0
2026-10-06T06:46:54Z,cartservice,274.0,800,0.95,0.3425,0
2026-10-06T06:46:54Z,checkoutservice,438.0,800,0.8,0.5475,0
2026-10-06T06:46:54Z,productcatalogservice,478.0,800,0.95,0.5975,0
2026-10-06T06:46:54Z,paymentservice,21.0,155,0.8,0.13548387096774195,0
2026-10-06T06:46:54Z,recommendationservice,980.0,1150,0.8,0.8521739130434782,1
2026-10-06T06:46:54Z,shippingservice,80.0,770,0.8,0.1038961038961039,0
2026-10-06T06:46:54Z,currencyservice,427.0,770,0.8,0.5545454545454546,0
2026-10-06T06:46:54Z,emailservice,52.0,120,0.8,0.43333333333333335,0
2026-10-06T06:46:54Z,adservice,128.0,1150,0.8,0.11130434782608696,0
2026-10-06T06:46:54Z,redis-cart,33.0,540,0.8,0.06111111111111111,0
2026-10-06T06:46:55Z,frontend,366.25,1150,0.8,0.3184782608695652,0
2026-10-06T06:46:55Z,cartservice,287.0,800,0.95,0.35875,0
2026-10-06T06:46:55Z,checkoutservice,492.0,800,0.8,0.615,0
2026-10-06T06:46:55Z,productcatalogservice,478.0,800,0.95,0.5975,0
2026-10-06T06:46:55Z,paymentservice,21.0,155,0.8,0.13548387096774195,0
2026-10-06T06:46:55Z,recommendationservice,980.0,1150,0.8,0.8521739130434782,1
2026-10-06T06:46:55Z,shippingservice,94.0,770,0.8,0.12207792207792208,0
2026-10-06T06:46:55Z,currencyservice,427.0,770,0.8,0.5545454545454546,0
2026-10-06T06:46:55Z,emailservice,52.0,120,0.8,0.43333333333333335,0
2026-10-06T06:46:55Z,adservice,136.0,1150,0.8,0.11826086956521739,0
2026-10-06T06:46:55Z,redis-cart,30.0,540,0.8,0.05555555555555555,0
2026-10-06T06:46:56Z,frontend,371.5,1150,0.8,0.32304347826086954,0
2026-10-06T06:46:56Z,cartservice,287.0,800,0.95,0.35875,0
2026-10-06T06:46:56Z,checkoutservice,492.0,800,0.8,0.615,0
2026-10-06T06:46:56Z,productcatalogservice,486.0,800,0.95,0.6075,0
2026-10-06T06:46:56Z,paymentservice,27.0,155,0.8,0.17419354838709677,0
2026-10-06T06:46:56Z,recommendationservice,998.0,1150,0.8,0.8678260869565217,1
2026-10-06T06:46:56Z,shippingservice,94.0,770,0.8,0.12207792207792208,0
2026-10-06T06:46:56Z,currencyservice,431.0,770,0.8,0.5597402597402598,0
2026-10-06T06:46:56Z,emailservice,65.0,120,0.8,0.5416666666666666,0
2026-10-06T06:46:56Z,adservice,136.0,1150,0.8,0.11826086956521739,0
2026-10-06T06:46:56Z,redis-cart,30.0,540,0.8,0.05555555555555555,0
2026-10-06T06:46:57Z,frontend,384.5,1150,0.8,0.3343478260869565,0
2026-10-06T06:46:57Z,cartservice,280.0,800,0.95,0.35,0
2026-10-06T06:46:57Z,checkoutservice,470.0,800,0.8,0.5875,0
2026-10-06T06:46:57Z,productcatalogservice,487.0,800,0.95,0.60875,0
2026-10-06T06:46:57Z,paymentservice,33.0,155,0.8,0.2129032258064516,0
2026-10-06T06:46:57Z,recommendationservice,998.0,1150,0.8,0.8678260869565217,1
2026-10-06T06:46:57Z,shippingservice,119.0,770,0.8,0.15454545454545454,0
2026-10-06T06:46:57Z,currencyservice,404.0,770,0.8,0.5246753246753246,0
2026-10-06T06:46:57Z,emailservice,53.0,120,0.8,0.44166666666666665,0
2026-10-06T06:46:57Z,adservice,129.0,1150,0.8,0.11217391304347826,0
2026-10-06T06:46:57Z,redis-cart,34.0,540,0.8,0.06296296296296296,0
2026-10-06T06:46:58Z,frontend,373.0,1150,0.8,0.3243478260869565,0
2026-10-06T06:46:58Z,cartservice,287.0,800,0.95,0.35875,0
2026-10-06T06:46:58Z,checkoutservice,488.0,800,0.8,0.61,0
2026-10-06T06:46:58Z,productcatalogservice,471.0,800,0.95,0.58875,0
2026-10-06T06:46:58Z,paymentservice,33.0,155,0.8,0.2129032258064516,0
2026-10-06T06:46:58Z,recommendationservice,1017.0,1150,0.8,0.8843478260869565,1
2026-10-06T06:46:58Z,shippingservice,75.0,770,0.8,0.09740259740259741,0
2026-10-06T06:46:58Z,currencyservice,404.0,770,0.8,0.5246753246753246,0
2026-10-06T06:46:58Z,emailservice,53.0,120,0.8,0.44166666666666665,0
2026-10-06T06:46:58Z,adservice,158.0,1150,0.8,0.1373913043478261,0
2026-10-06T06:46:58Z,redis-cart,32.0,540,0.8,0.05925925925925926,0
2026-10-06T06:46:59Z,frontend,358.0,1150,0.8,0.31130434782608696,0
2026-10-06T06:46:59Z,cartservice,287.0,800,0.95,0.35875,0
2026-10-06T06:46:59Z,checkoutservice,415.0,800,0.8,0.51875,0
2026-10-06T06:46:59Z,productcatalogservice,471.0,800,0.95,0.58875,0
2026-10-06T06:46:59Z,paymentservice,38.0,155,0.8,0.24516129032258063,0
2026-10-06T06:46:59Z,recommendationservice,1007.0,1150,0.8,0.8756521739130435,1
2026-10-06T06:46:59Z,shippingservice,93.0,770,0.8,0.12077922077922078,0
2026-10-06T06:46:59Z,currencyservice,439.0,770,0.8,0.5701298701298702,0
2026-10-06T06:46:59Z,emailservice,51.0,120,0.8,0.425,0
2026-10-06T06:46:59Z,adservice,119.0,1150,0.8,0.10347826086956521,0
2026-10-06T06:46:59Z,redis-cart,30.0,540,0.8,0.05555555555555555,0
2026-10-06T06:47:00Z,frontend,345.25,1150,0.8,0.3002173913043478,0
2026-10-06T06:47:00Z,cartservice,258.0,800,0.95,0.3225,0
2026-10-06T06:47:00Z,checkoutservice,464.0,800,0.8,0.58,0
2026-10-06T06:47:00Z,productcatalogservice,496.0,800,0.95,0.62,0
2026-10-06T06:47:00Z,paymentservice,24.0,155,0.8,0.15483870967741936,0
2026-10-06T06:47:00Z,recommendationservice,1016.0,1150,0.8,0.8834782608695653,1
2026-10-06T06:47:00Z,shippingservice,93.0,770,0.8,0.12077922077922078,0
2026-10-06T06:47:00Z,currencyservice,383.0,770,0.8,0.4974025974025974,0
2026-10-06T06:47:00Z,emailservice,65.0,120,0.8,0.5416666666666666,0
2026-10-06T06:47:00Z,adservice,119.0,1150,0.8,0.10347826086956521,0
2026-10-06T06:47:00Z,redis-cart,31.0,540,0.8,0.05740740740740741,0
2026-10-06T06:47:01Z,frontend,350.25,1150,0.8,0.3045652173913043,0
2026-10-06T06:47:01Z,cartservice,261.0,800,0.95,0.32625,0
2026-10-06T06:47:01Z,checkoutservice,464.0,800,0.8,0.58,0
2026-10-06T06:47:01Z,productcatalogservice,508.0,800,0.95,0.635,0
2026-10-06T06:47:01Z,paymentservice,24.0,155,0.8,0.15483870967741936,0
2026-10-06T06:47:01Z,recommendationservice,1016.0,1150,0.8,0.8834782608695653,1
2026-10-06T06:47:01Z,shippingservice,87.0,770,0.8,0.11298701298701298,0
2026-10-06T06:47:01Z,currencyservice,375.0,770,0.8,0.487012987012987,0
2026-10-06T06:47:01Z,emailservice,65.0,120,0.8,0.5416666666666666,0
2026-10-06T06:47:01Z,adservice,132.0,1150,0.8,0.11478260869565217,0
2026-10-06T06:47:01Z,redis-cart,31.0,540,0.8,0.05740740740740741,0
2026-10-06T06:47:02Z,frontend,350.25,1150,0.8,0.3045652173913043,0
2026-10-06T06:47:02Z,cartservice,256.0,800,0.95,0.32,0
2026-10-06T06:47:02Z,checkoutservice,394.0,800,0.8,0.4925,0
2026-10-06T06:47:02Z,productcatalogservice,508.0,800,0.95,0.635,0
2026-10-06T06:47:02Z,paymentservice,15.0,155,0.8,0.0967741935483871,0
2026-10-06T06:47:02Z,recommendationservice,1033.0,1150,0.8,0.8982608695652174,1
2026-10-06T06:47:02Z,shippingservice,69.0,770,0.8,0.08961038961038961,0
2026-10-06T06:47:02Z,currencyservice,375.0,770,0.8,0.487012987012987,0
2026-10-06T06:47:02Z,emailservice,35.0,120,0.8,0.2916666666666667,0
2026-10-06T06:47:02Z,adservice,150.0,1150,0.8,0.13043478260869565,0
2026-10-06T06:47:02Z,redis-cart,31.0,540,0.8,0.05740740740740741,0
2026-10-06T06:47:03Z,frontend,350.5,1150,0.8,0.30478260869565216,0
2026-10-06T06:47:03Z,cartservice,257.0,800,0.95,0.32125,0
2026-10-06T06:47:03Z,checkoutservice,394.0,800,0.8,0.4925,0
2026-10-06T06:47:03Z,productcatalogservice,465.0,800,0.95,0.58125,0
2026-10-06T06:47:03Z,paymentservice,15.0,155,0.8,0.0967741935483871,0
2026-10-06T06:47:03Z,recommendationservice,1033.0,1150,0.8,0.8982608695652174,1
2026-10-06T06:47:03Z,shippingservice,69.0,770,0.8,0.08961038961038961,0
2026-10-06T06:47:03Z,currencyservice,389.0,770,0.8,0.5051948051948052,0
2026-10-06T06:47:03Z,emailservice,56.0,120,0.8,0.4666666666666667,0
2026-10-06T06:47:03Z,adservice,150.0,1150,0.8,0.13043478260869565,0
2026-10-06T06:47:03Z,redis-cart,30.0,540,0.8,0.05555555555555555,0
2026-10-06T06:47:04Z,frontend,356.0,1150,0.8,0.3095652173913043,0
2026-10-06T06:47:04Z,cartservice,257.0,800,0.95,0.32125,0
2026-10-06T06:47:04Z,checkoutservice,456.0,800,0.8,0.57,0
2026-10-06T06:47:04Z,productcatalogservice,519.0,800,0.95,0.64875,0
2026-10-06T06:47:04Z,paymentservice,29.0,155,0.8,0.1870967741935484,0
2026-10-06T06:47:04Z,recommendationservice,1005.0,1150,0.8,0.8739130434782608,1
2026-10-06T06:47:04Z,shippingservice,94.0,770,0.8,0.12207792207792208,0
2026-10-06T06:47:04Z,currencyservice,389.0,770,0.8,0.5051948051948052,0
2026-10-06T06:47:04Z,emailservice,56.0,120,0.8,0.4666666666666667,0
2026-10-06T06:47:04Z,adservice,142.0,1150,0.8,0.12347826086956522,0
2026-10-06T06:47:04Z,redis-cart,30.0,540,0.8,0.05555555555555555,0
2026-10-06T06:47:05Z,frontend,378.25,1150,0.8,0.3289130434782609,0
2026-10-06T06:47:05Z,cartservice,301.0,800,0.95,0.37625,0
2026-10-06T06:47:05Z,checkoutservice,507.0,800,0.8,0.63375,0
2026-10-06T06:47:05Z,productcatalogservice,519.0,800,0.95,0.64875,0
2026-10-06T06:47:05Z,paymentservice,34.0,155,0.8,0.21935483870967742,0
2026-10-06T06:47:05Z,recommendationservice,942.0,1150,0.8,0.8191304347826087,1
2026-10-06T06:47:05Z,shippingservice,99.0,770,0.8,0.12857142857142856,0
2026-10-06T06:47:05Z,currencyservice,444.0,770,0.8,0.5766233766233766,0
2026-10-06T06:47:05Z,emailservice,81.0,120,0.8,0.675,0
2026-10-06T06:47:05Z,adservice,146.0,1150,0.8,0.12695652173913044,0
2026-10-06T06:47:05Z,redis-cart,32.0,540,0.8,0.05925925925925926,0
2026-10-06T06:47:06Z,frontend,378.5,1150,0.8,0.32913043478260867,0
2026-10-06T06:47:06Z,cartservice,282.0,800,0.95,0.3525,0
2026-10-06T06:47:06Z,checkoutservice,534.0,800,0.8,0.6675,0
2026-10-06T06:47:06Z,productcatalogservice,486.0,800,0.95,0.6075,0
2026-10-06T06:47:06Z,paymentservice,30.0,155,0.8,0.1935483870967742,0
2026-10-06T06:47:06Z,recommendationservice,942.0,1150,0.8,0.8191304347826087,1
2026-10-06T06:47:06Z,shippingservice,99.0,770,0.8,0.12857142857142856,0
2026-10-06T06:47:06Z,currencyservice,425.0,770,0.8,0.551948051948052,0
2026-10-06T06:47:06Z,emailservice,57.0,120,0.8,0.475,0
2026-10-06T06:47:06Z,adservice,146.0,1150,0.8,0.12695652173913044,0
2026-10-06T06:47:06Z,redis-cart,32.0,540,0.8,0.05925925925925926,0
2026-10-06T06:47:07Z,frontend,357.75,1150,0.8,0.3110869565217391,0
2026-10-06T06:47:07Z,cartservice,282.0,800,0.95,0.3525,0
2026-10-06T06:47:07Z,checkoutservice,534.0,800,0.8,0.6675,0
2026-10-06T06:47:07Z,productcatalogservice,498.0,800,0.95,0.6225,0
2026-10-06T06:47:07Z,paymentservice,30.0,155,0.8,0.1935483870967742,0
2026-10-06T06:47:07Z,recommendationservice,1000.0,1150,0.8,0.8695652173913043,1
2026-10-06T06:47:07Z,shippingservice,107.0,770,0.8,0.13896103896103895,0
2026-10-06T06:47:07Z,currencyservice,425.0,770,0.8,0.551948051948052,0
2026-10-06T06:47:07Z,emailservice,57.0,120,0.8,0.475,0
2026-10-06T06:47:07Z,adservice,138.0,1150,0.8,0.12,0
2026-10-06T06:47:07Z,redis-cart,32.0,540,0.8,0.05925925925925926,0
2026-10-06T06:47:08Z,frontend,353.0,1150,0.8,0.30695652173913046,0
2026-10-06T06:47:08Z,cartservice,254.0,800,0.95,0.3175,0
2026-10-06T06:47:08Z,checkoutservice,423.0,800,0.8,0.52875,0
2026-10-06T06:47:08Z,productcatalogservice,498.0,800,0.95,0.6225,0
2026-10-06T06:47:08Z,paymentservice,45.0,155,0.8,0.2903225806451613,0
2026-10-06T06:47:08Z,recommendationservice,1000.0,1150,0.8,0.8695652173913043,1
2026-10-06T06:47:08Z,shippingservice,84.0,770,0.8,0.10909090909090909,0
2026-10-06T06:47:08Z,currencyservice,410.0,770,0.8,0.5324675324675324,0
2026-10-06T06:47:08Z,emailservice,46.0,120,0.8,0.38333333333333336,0
2026-10-06T06:47:08Z,adservice,138.0,1150,0.8,0.12,0
2026-10-06T06:47:08Z,redis-cart,31.0,540,0.8,0.05740740740740741,0
2026-10-06T06:47:09Z,frontend,360.75,1150,0.8,0.31369565217391304,0
2026-10-06T06:47:09Z,cartservice,262.0,800,0.95,0.3275,0
2026-10-06T06:47:09Z,checkoutservice,456.0,800,0.8,0.57,0
2026-10-06T06:47:09Z,productcatalogservice,504.0,800,0.95,0.63,0
2026-10-06T06:47:09Z,paymentservice,43.0,155,0.8,0.27741935483870966,0
2026-10-06T06:47:09Z,recommendationservice,1061.0,1150,0.8,0.922608695652174,1
2026-10-06T06:47:09Z,shippingservice,84.0,770,0.8,0.10909090909090909,0
2026-10-06T06:47:09Z,currencyservice,410.0,770,0.8,0.5324675324675324,0
2026-10-06T06:47:09Z,emailservice,45.0,120,0.8,0.375,0
2026-10-06T06:47:09Z,adservice,125.0,1150,0.8,0.10869565217391304,0
2026-10-06T06:47:09Z,redis-cart,31.0,540,0.8,0.05740740740740741,0
2026-10-06T06:47:10Z,frontend,350.0,1150,0.8,0.30434782608695654,0
2026-10-06T06:47:10Z,cartservice,262.0,800,0.95,0.3275,0
2026-10-06T06:47:10Z,checkoutservice,456.0,800,0.8,0.57,0
2026-10-06T06:47:10Z,productcatalogservice,488.0,800,0.95,0.61,0
2026-10-06T06:47:10Z,paymentservice,43.0,155,0.8,0.27741935483870966,0
2026-10-06T06:47:10Z,recommendationservice,1004.0,1150,0.8,0.8730434782608696,1
2026-10-06T06:47:10Z,shippingservice,81.0,770,0.8,0.10519480519480519,0
2026-10-06T06:47:10Z,currencyservice,416.0,770,0.8,0.5402597402597402,0
2026-10-06T06:47:10Z,emailservice,71.0,120,0.8,0.5916666666666667,0
2026-10-06T06:47:10Z,adservice,134.0,1150,0.8,0.11652173913043479,0
2026-10-06T06:47:10Z,redis-cart,30.0,540,0.8,0.05555555555555555,0
2026-10-06T06:47:11Z,frontend,372.25,1150,0.8,0.32369565217391305,0
2026-10-06T06:47:11Z,cartservice,267.0,800,0.95,0.33375,0
2026-10-06T06:47:11Z,checkoutservice,514.0,800,0.8,0.6425,0
2026-10-06T06:47:11Z,productcatalogservice,508.0,800,0.95,0.635,0
2026-10-06T06:47:11Z,paymentservice,26.0,155,0.8,0.16774193548387098,0
2026-10-06T06:47:11Z,recommendationservice,1004.0,1150,0.8,0.8730434782608696,1
2026-10-06T06:47:11Z,shippingservice,81.0,770,0.8,0.10519480519480519,0
2026-10-06T06:47:11Z,currencyservice,431.0,770,0.8,0.5597402597402598,0
2026-10-06T06:47:11Z,emailservice,71.0,120,0.8,0.5916666666666667,0
2026-10-06T06:47:11Z,adservice,156.0,1150,0.8,0.1356521739130435,0
2026-10-06T06:47:11Z,redis-cart,34.0,540,0.8,0.06296296296296296,0
2026-10-06T06:47:12Z,frontend,344.0,1150,0.8,0.2991304347826087,0
2026-10-06T06:47:12Z,cartservice,268.0,800,0.95,0.335,0
2026-10-06T06:47:12Z,checkoutservice,457.0,800,0.8,0.57125,0
2026-10-06T06:47:12Z,productcatalogservice,508.0,800,0.95,0.635,0
2026-10-06T06:47:12Z,paymentservice,33.0,155,0.8,0.2129032258064516,0
2026-10-06T06:47:12Z,recommendationservice,1007.0,1150,0.8,0.8756521739130435,1
2026-10-06T06:47:12Z,shippingservice,108.0,770,0.8,0.14025974025974025,0
2026-10-06T06:47:12Z,currencyservice,420.0,770,0.8,0.5454545454545454,0
2026-10-06T06:47:12Z,emailservice,48.0,120,0.8,0.4,0
2026-10-06T06:47:12Z,adservice,156.0,1150,0.8,0.1356521739130435,0
2026-10-06T06:47:12Z,redis-cart,28.0,540,0.8,0.05185185185185185,0
2026-10-06T06:47:13Z,frontend,368.5,1150,0.8,0.3204347826086957,0
2026-10-06T06:47:13Z,cartservice,266.0,800,0.95,0.3325,0
2026-10-06T06:47:13Z,checkoutservice,457.0,800,0.8,0.57125,0
2026-10-06T06:47:13Z,productcatalogservice,493.0,800,0.95,0.61625,0
2026-10-06T06:47:13Z,paymentservice,33.0,155,0.8,0.2129032258064516,0
2026-10-06T06:47:13Z,recommendationservice,967.0,1150,0.8,0.8408695652173913,1
2026-10-06T06:47:13Z,shippingservice,104.0,770,0.8,0.13506493506493505,0
2026-10-06T06:47:13Z,currencyservice,420.0,770,0.8,0.5454545454545454,0
2026-10-06T06:47:13Z,emailservice,58.0,120,0.8,0.48333333333333334,0
2026-10-06T06:47:13Z,adservice,145.0,1150,0.8,0.12608695652173912,0
2026-10-06T06:47:13Z,redis-cart,28.0,540,0.8,0.05185185185185185,0
2026-10-06T06:47:14Z,frontend,363.0,1150,0.8,0.31565217391304345,0
2026-10-06T06:47:14Z,cartservice,276.0,800,0.95,0.345,0
2026-10-06T06:47:14Z,checkoutservice,476.0,800,0.8,0.595,0
2026-10-06T06:47:14Z,productcatalogservice,478.0,800,0.95,0.5975,0
2026-10-06T06:47:14Z,paymentservice,29.0,155,0.8,0.1870967741935484,0
2026-10-06T06:47:14Z,recommendationservice,1059.0,1150,0.8,0.9208695652173913,1
2026-10-06T06:47:14Z,shippingservice,85.0,770,0.8,0.11038961038961038,0
2026-10-06T06:47:14Z,currencyservice,396.0,770,0.8,0.5142857142857142,0
2026-10-06T06:47:14Z,emailservice,66.0,120,0.8,0.55,0
2026-10-06T06:47:14Z,adservice,125.0,1150,0.8,0.10869565217391304,0
2026-10-06T06:47:14Z,redis-cart,33.0,540,0.8,0.06111111111111111,0
2026-10-06T06:47:15Z,frontend,358.0,1150,0.8,0.31130434782608696,0
2026-10-06T06:47:15Z,cartservice,311.0,800,0.95,0.38875,0
2026-10-06T06:47:15Z,checkoutservice,481.0,800,0.8,0.60125,0
2026-10-06T06:47:15Z,productcatalogservice,491.0,800,0.95,0.61375,0
2026-10-06T06:47:15Z,paymentservice,28.0,155,0.8,0.18064516129032257,0
2026-10-06T06:47:15Z,recommendationservice,1059.0,1150,0.8,0.9208695652173913,1
2026-10-06T06:47:15Z,shippingservice,85.0,770,0.8,0.11038961038961038,0
2026-10-06T06:47:15Z,currencyservice,396.0,770,0.8,0.5142857142857142,0
2026-10-06T06:47:15Z,emailservice,66.0,120,0.8,0.55,0
2026-10-06T06:47:15Z,adservice,138.0,1150,0.8,0.12,0
2026-10-06T06:47:15Z,redis-cart,33.0,540,0.8,0.06111111111111111,0
2026-10-06T06:47:16Z,frontend,363.75,1150,0.8,0.31630434782608696,0
2026-10-06T06:47:16Z,cartservice,311.0,800,0.95,0.38875,0
2026-10-06T06:47:16Z,checkoutservice,481.0,800,0.8,0.60125,0
2026-10-06T06:47:16Z,productcatalogservice,491.0,800,0.95,0.61375,0
2026-10-06T06:47:16Z,paymentservice,28.0,155,0.8,0.18064516129032257,0
2026-10-06T06:47:16Z,recommendationservice,980.0,1150,0.8,0.8521739130434782,1
2026-10-06T06:47:16Z,shippingservice,105.0,770,0.8,0.13636363636363635,0
2026-10-06T06:47:16Z,currencyservice,441.0,770,0.8,0.5727272727272728,0
2026-10-06T06:47:16Z,emailservice,52.0,120,0.8,0.43333333333333335,0
2026-10-06T06:47:16Z,adservice,138.0,1150,0.8,0.12,0
2026-10-06T06:47:16Z,redis-cart,30.0,540,0.8,0.05555555555555555,0
2026-10-06T06:47:17Z,frontend,356.25,1150,0.8,0.30978260869565216,0
2026-10-06T06:47:17Z,cartservice,294.0,800,0.95,0.3675,0
2026-10-06T06:47:17Z,checkoutservice,427.0,800,0.8,0.53375,0
2026-10-06T06:47:17Z,productcatalogservice,493.0,800,0.95,0.61625,0
2026-10-06T06:47:17Z,paymentservice,25.0,155,0.8,0.16129032258064516,0
2026-10-06T06:47:17Z,recommendationservice,971.0,1150,0.8,0.8443478260869566,1
2026-10-06T06:47:17Z,shippingservice,94.0,770,0.8,0.12207792207792208,0
2026-10-06T06:47:17Z,currencyservice,441.0,770,0.8,0.5727272727272728,0
2026-10-06T06:47:17Z,emailservice,46.0,120,0.8,0.38333333333333336,0
2026-10-06T06:47:17Z,adservice,151.0,1150,0.8,0.13130434782608696,0
2026-10-06T06:47:17Z,redis-cart,30.0,540,0.8,0.05555555555555555,0
2026-10-06T06:47:18Z,frontend,372.25,1150,0.8,0.32369565217391305,0
2026-10-06T06:47:18Z,cartservice,288.0,800,0.95,0.36,0
2026-10-06T06:47:18Z,checkoutservice,544.0,800,0.8,0.68,0
2026-10-06T06:47:18Z,productcatalogservice,493.0,800,0.95,0.61625,0
2026-10-06T06:47:18Z,paymentservice,25.0,155,0.8,0.16129032258064516,0
2026-10-06T06:47:18Z,recommendationservice,971.0,1150,0.8,0.8443478260869566,1
2026-10-06T06:47:18Z,shippingservice,94.0,770,0.8,0.12207792207792208,0
2026-10-06T06:47:18Z,currencyservice,442.0,770,0.8,0.574025974025974,0
2026-10-06T06:47:18Z,emailservice,50.0,120,0.8,0.4166666666666667,0
2026-10-06T06:47:18Z,adservice,151.0,1150,0.8,0.13130434782608696,0
2026-10-06T06:47:18Z,redis-cart,31.0,540,0.8,0.05740740740740741,0
2026-10-06T06:47:19Z,frontend,371.0,1150,0.8,0.3226086956521739,0
2026-10-06T06:47:19Z,cartservice,288.0,800,0.95,0.36,0
2026-10-06T06:47:19Z,checkoutservice,544.0,800,0.8,0.68,0
2026-10-06T06:47:19Z,productcatalogservice,491.0,800,0.95,0.61375,0
2026-10-06T06:47:19Z,paymentservice,44.0,155,0.8,0.2838709677419355,0
2026-10-06T06:47:19Z,recommendationservice,1021.0,1150,0.8,0.8878260869565218,1
2026-10-06T06:47:19Z,shippingservice,114.0,770,0.8,0.14805194805194805,0
2026-10-06T06:47:19Z,currencyservice,419.0,770,0.8,0.5441558441558442,0
2026-10-06T06:47:19Z,emailservice,67.0,120,0.8,0.5583333333333333,0
2026-10-06T06:47:19Z,adservice,137.0,1150,0.8,0.1191304347826087,0
2026-10-06T06:47:19Z,redis-cart,30.0,540,0.8,0.05555555555555555,0
2026-10-06T06:47:20Z,frontend,361.25,1150,0.8,0.3141304347826087,0
2026-10-06T06:47:20Z,cartservice,296.0,800,0.95,0.37,0
2026-10-06T06:47:20Z,checkoutservice,448.0,800,0.8,0.56,0
2026-10-06T06:47:20Z,productcatalogservice,501.0,800,0.95,0.62625,0
2026-10-06T06:47:20Z,paymentservice,30.0,155,0.8,0.1935483870967742,0
2026-10-06T06:47:20Z,recommendationservice,1021.0,1150,0.8,0.8878260869565218,1
2026-10-06T06:47:20Z,shippingservice,92.0,770,0.8,0.11948051948051948,0
2026-10-06T06:47:20Z,currencyservice,459.0,770,0.8,0.5961038961038961,0
2026-10-06T06:47:20Z,emailservice,67.0,120,0.8,0.5583333333333333,0
2026-10-06T06:47:20Z,adservice,148.0,1150,0.8,0.12869565217391304,0
2026-10-06T06:47:20Z,redis-cart,30.0,540,0.8,0.05555555555555555,0
2026-10-06T06:47:21Z,frontend,355.5,1150,0.8,0.3091304347826087,0
2026-10-06T06:47:21Z,cartservice,296.0,800,0.95,0.37,0
2026-10-06T06:47:21Z,checkoutservice,454.0,800,0.8,0.5675,0
2026-10-06T06:47:21Z,productcatalogservice,501.0,800,0.95,0.62625,0
2026-10-06T06:47:21Z,paymentservice,30.0,155,0.8,0.1935483870967742,0
2026-10-06T06:47:21Z,recommendationservice,986.0,1150,0.8,0.8573913043478261,1
2026-10-06T06:47:21Z,shippingservice,92.0,770,0.8,0.11948051948051948,0
2026-10-06T06:47:21Z,currencyservice,459.0,770,0.8,0.5961038961038961,0
2026-10-06T06:47:21Z,emailservice,53.0,120,0.8,0.44166666666666665,0
2026-10-06T06:47:21Z,adservice,148.0,1150,0.8,0.12869565217391304,0
2026-10-06T06:47:21Z,redis-cart,32.0,540,0.8,0.05925925925925926,0
2026-10-06T06:47:22Z,frontend,343.25,1150,0.8,0.2984782608695652,0
2026-10-06T06:47:22Z,cartservice,324.0,800,0.95,0.405,0
2026-10-06T06:47:22Z,checkoutservice,454.0,800,0.8,0.5675,0
2026-10-06T06:47:22Z,productcatalogservice,513.0,800,0.95,0.64125,0
2026-10-06T06:47:22Z,paymentservice,19.0,155,0.8,0.12258064516129032,0
2026-10-06T06:47:22Z,recommendationservice,1088.0,1150,0.8,0.9460869565217391,1
2026-10-06T06:47:22Z,shippingservice,81.0,770,0.8,0.10519480519480519,0
2026-10-06T06:47:22Z,currencyservice,381.0,770,0.8,0.4948051948051948,0
2026-10-06T06:47:22Z,emailservice,35.0,120,0.8,0.2916666666666667,0
2026-10-06T06:47:22Z,adservice,115.0,1150,0.8,0.1,0
2026-10-06T06:47:22Z,redis-cart,32.0,540,0.8,0.05925925925925926,0
2026-10-06T06:47:23Z,frontend,358.0,1150,0.8,0.31130434782608696,0
2026-10-06T06:47:23Z,cartservice,292.0,800,0.95,0.365,0
2026-10-06T06:47:23Z,checkoutservice,385.0,800,0.8,0.48125,0
2026-10-06T06:47:23Z,productcatalogservice,513.0,800,0.95,0.64125,0
2026-10-06T06:47:23Z,paymentservice,20.0,155,0.8,0.12903225806451613,0
2026-10-06T06:47:23Z,recommendationservice,1028.0,1150,0.8,0.8939130434782608,1
2026-10-06T06:47:23Z,shippingservice,82.0,770,0.8,0.10649350649350649,0
2026-10-06T06:47:23Z,currencyservice,400.0,770,0.8,0.5194805194805194,0
2026-10-06T06:47:23Z,emailservice,35.0,120,0.8,0.2916666666666667,0
2026-10-06T06:47:23Z,adservice,133.0,1150,0.8,0.11565217391304349,0
2026-10-06T06:47:23Z,redis-cart,30.0,540,0.8,0.05555555555555555,0
2026-10-06T06:47:24Z,frontend,376.0,1150,0.8,0.3269565217391304,0
2026-10-06T06:47:24Z,cartservice,292.0,800,0.95,0.365,0
2026-10-06T06:47:24Z,checkoutservice,488.0,800,0.8,0.61,0
2026-10-06T06:47:24Z,productcatalogservice,513.0,800,0.95,0.64125,0
2026-10-06T06:47:24Z,paymentservice,20.0,155,0.8,0.12903225806451613,0
2026-10-06T06:47:24Z,recommendationservice,1028.0,1150,0.8,0.8939130434782608,1
2026-10-06T06:47:24Z,shippingservice,82.0,770,0.8,0.10649350649350649,0
2026-10-06T06:47:24Z,currencyservice,434.0,770,0.8,0.5636363636363636,0
2026-10-06T06:47:24Z,emailservice,41.0,120,0.8,0.3416666666666667,0
2026-10-06T06:47:24Z,adservice,133.0,1150,0.8,0.11565217391304349,0
2026-10-06T06:47:24Z,redis-cart,32.0,540,0.8,0.05925925925925926,0
2026-10-06T06:47:25Z,frontend,376.0,1150,0.8,0.3269565217391304,0
2026-10-06T06:47:25Z,cartservice,342.0,800,0.95,0.4275,0
2026-10-06T06:47:25Z,checkoutservice,488.0,800,0.8,0.61,0
2026-10-06T06:47:25Z,productcatalogservice,487.0,800,0.95,0.60875,0
2026-10-06T06:47:25Z,paymentservice,33.0,155,0.8,0.2129032258064516,0
2026-10-06T06:47:25Z,recommendationservice,961.0,1150,0.8,0.8356521739130435,1
2026-10-06T06:47:25Z,shippingservice,110.0,770,0.8,0.14285714285714285,0
2026-10-06T06:47:25Z,currencyservice,470.0,770,0.8,0.6103896103896104,0
2026-10-06T06:47:25Z,emailservice,80.0,120,0.8,0.6666666666666666,0
2026-10-06T06:47:25Z,adservice,136.0,1150,0.8,0.11826086956521739,0
2026-10-06T06:47:25Z,redis-cart,32.0,540,0.8,0.05925925925925926,0
2026-10-06T06:47:26Z,frontend,369.75,1150,0.8,0.3215217391304348,0
2026-10-06T06:47:26Z,cartservice,313.0,800,0.95,0.39125,0
2026-10-06T06:47:26Z,checkoutservice,632.0,800,0.8,0.79,0
2026-10-06T06:47:26Z,productcatalogservice,482.0,800,0.95,0.6025,0
2026-10-06T06:47:26Z,paymentservice,39.0,155,0.8,0.25161290322580643,0
2026-10-06T06:47:26Z,recommendationservice,961.0,1150,0.8,0.8356521739130435,1
2026-10-06T06:47:26Z,shippingservice,110.0,770,0.8,0.14285714285714285,0
2026-10-06T06:47:26Z,currencyservice,470.0,770,0.8,0.6103896103896104,0
2026-10-06T06:47:26Z,emailservice,74.0,120,0.8,0.6166666666666667,0
2026-10-06T06:47:26Z,adservice,136.0,1150,0.8,0.11826086956521739,0
2026-10-06T06:47:26Z,redis-cart,32.0,540,0.8,0.05925925925925926,0
2026-10-06T06:47:27Z,frontend,377.75,1150,0.8,0.3284782608695652,0
2026-10-06T06:47:27Z,cartservice,332.0,800,0.95,0.415,0
2026-10-06T06:47:27Z,checkoutservice,525.0,800,0.8,0.65625,0
2026-10-06T06:47:27Z,productcatalogservice,482.0,800,0.95,0.6025,0
2026-10-06T06:47:27Z,paymentservice,30.0,155,0.8,0.1935483870967742,0
2026-10-06T06:47:27Z,recommendationservice,950.0,1150,0.8,0.8260869565217391,1
2026-10-06T06:47:27Z,shippingservice,123.0,770,0.8,0.15974025974025974,0
2026-10-06T06:47:27Z,currencyservice,444.0,770,0.8,0.5766233766233766,0
2026-10-06T06:47:27Z,emailservice,74.0,120,0.8,0.6166666666666667,0
2026-10-06T06:47:27Z,adservice,143.0,1150,0.8,0.12434782608695652,0
2026-10-06T06:47:27Z,redis-cart,32.0,540,0.8,0.05925925925925926,0
2026-10-06T06:47:28Z,frontend,377.75,1150,0.8,0.3284782608695652,0
2026-10-06T06:47:28Z,cartservice,332.0,800,0.95,0.415,0
2026-10-06T06:47:28Z,checkoutservice,525.0,800,0.8,0.65625,0
2026-10-06T06:47:28Z,productcatalogservice,483.0,800,0.95,0.60375,0
2026-10-06T06:47:28Z,paymentservice,29.0,155,0.8,0.1870967741935484,0
2026-10-06T06:47:28Z,recommendationservice,960.0,1150,0.8,0.8347826086956521,1
2026-10-06T06:47:28Z,shippingservice,96.0,770,0.8,0.12467532467532468,0
2026-10-06T06:47:28Z,currencyservice,432.0,770,0.8,0.561038961038961,0
2026-10-06T06:47:28Z,emailservice,49.0,120,0.8,0.4083333333333333,0
2026-10-06T06:47:28Z,adservice,155.0,1150,0.8,0.13478260869565217,0
2026-10-06T06:47:28Z,redis-cart,32.0,540,0.8,0.05925925925925926,0
2026-10-06T06:47:29Z,frontend,365.75,1150,0.8,0.31804347826086954,0
2026-10-06T06:47:29Z,cartservice,323.0,800,0.95,0.40375,0
2026-10-06T06:47:29Z,checkoutservice,478.0,800,0.8,0.5975,0
2026-10-06T06:47:29Z,productcatalogservice,483.0,800,0.95,0.60375,0
2026-10-06T06:47:29Z,paymentservice,29.0,155,0.8,0.1870967741935484,0
2026-10-06T06:47:29Z,recommendationservice,960.0,1150,0.8,0.8347826086956521,1
2026-10-06T06:47:29Z,shippingservice,96.0,770,0.8,0.12467532467532468,0
2026-10-06T06:47:29Z,currencyservice,411.0,770,0.8,0.5337662337662338,0
2026-10-06T06:47:29Z,emailservice,52.0,120,0.8,0.43333333333333335,0
2026-10-06T06:47:29Z,adservice,155.0,1150,0.8,0.13478260869565217,0
2026-10-06T06:47:29Z,redis-cart,30.0,540,0.8,0.05555555555555555,0
2026-10-06T06:47:30Z,frontend,373.75,1150,0.8,0.325,0
2026-10-06T06:47:30Z,cartservice,323.0,800,0.95,0.40375,0
2026-10-06T06:47:30Z,checkoutservice,478.0,800,0.8,0.5975,0
2026-10-06T06:47:30Z,productcatalogservice,537.0,800,0.95,0.67125,0
2026-10-06T06:47:30Z,paymentservice,52.0,155,0.8,0.33548387096774196,0
2026-10-06T06:47:30Z,recommendationservice,975.0,1150,0.8,0.8478260869565217,1
2026-10-06T06:47:30Z,shippingservice,88.0,770,0.8,0.11428571428571428,0
2026-10-06T06:47:30Z,currencyservice,416.0,770,0.8,0.5402597402597402,0
2026-10-06T06:47:30Z,emailservice,52.0,120,0.8,0.43333333333333335,0
2026-10-06T06:47:30Z,adservice,156.0,1150,0.8,0.1356521739130435,0
2026-10-06T06:47:30Z,redis-cart,34.0,540,0.8,0.06296296296296296,0
2026-10-06T06:47:31Z,frontend,369.75,1150,0.8,0.3215217391304348,0
2026-10-06T06:47:31Z,cartservice,334.0,800,0.95,0.4175,0
2026-10-06T06:47:31Z,checkoutservice,467.0,800,0.8,0.58375,0
2026-10-06T06:47:31Z,productcatalogservice,499.0,800,0.95,0.62375,0
2026-10-06T06:47:31Z,paymentservice,26.0,155,0.8,0.16774193548387098,0
2026-10-06T06:47:31Z,recommendationservice,975.0,1150,0.8,0.8478260869565217,1
2026-10-06T06:47:31Z,shippingservice,117.0,770,0.8,0.15194805194805194,0
2026-10-06T06:47:31Z,currencyservice,416.0,770,0.8,0.5402597402597402,0
2026-10-06T06:47:31Z,emailservice,64.0,120,0.8,0.5333333333333333,0
2026-10-06T06:47:31Z,adservice,142.0,1150,0.8,0.12347826086956522,0
2026-10-06T06:47:31Z,redis-cart,30.0,540,0.8,0.05555555555555555,0
2026-10-06T06:47:32Z,frontend,378.0,1150,0.8,0.32869565217391306,0
2026-10-06T06:47:32Z,cartservice,308.0,800,0.95,0.385,0
2026-10-06T06:47:32Z,checkoutservice,556.0,800,0.8,0.695,0
2026-10-06T06:47:32Z,productcatalogservice,499.0,800,0.95,0.62375,0
2026-10-06T06:47:32Z,paymentservice,26.0,155,0.8,0.16774193548387098,0
2026-10-06T06:47:32Z,recommendationservice,1003.0,1150,0.8,0.8721739130434782,1
2026-10-06T06:47:32Z,shippingservice,117.0,770,0.8,0.15194805194805194,0
2026-10-06T06:47:32Z,currencyservice,434.0,770,0.8,0.5636363636363636,0
2026-10-06T06:47:32Z,emailservice,60.0,120,0.8,0.5,0
2026-10-06T06:47:32Z,adservice,174.0,1150,0.8,0.15130434782608695,0
2026-10-06T06:47:32Z,redis-cart,30.0,540,0.8,0.05555555555555555,0
2026-10-06T06:47:33Z,frontend,378.0,1150,0.8,0.32869565217391306,0
2026-10-06T06:47:33Z,cartservice,308.0,800,0.95,0.385,0
2026-10-06T06:47:33Z,checkoutservice,556.0,800,0.8,0.695,0
2026-10-06T06:47:33Z,productcatalogservice,504.0,800,0.95,0.63,0
2026-10-06T06:47:33Z,paymentservice,31.0,155,0.8,0.2,0
2026-10-06T06:47:33Z,recommendationservice,1024.0,1150,0.8,0.8904347826086957,1
2026-10-06T06:47:33Z,shippingservice,92.0,770,0.8,0.11948051948051948,0
2026-10-06T06:47:33Z,currencyservice,434.0,770,0.8,0.5636363636363636,0
2026-10-06T06:47:33Z,emailservice,50.0,120,0.8,0.4166666666666667,0
2026-10-06T06:47:33Z,adservice,174.0,1150,0.8,0.15130434782608695,0
2026-10-06T06:47:33Z,redis-cart,30.0,540,0.8,0.05555555555555555,0
2026-10-06T06:47:34Z,frontend,364.5,1150,0.8,0.3169565217391304,0
2026-10-06T06:47:34Z,cartservice,344.0,800,0.95,0.43,0
2026-10-06T06:47:34Z,checkoutservice,496.0,800,0.8,0.62,0
2026-10-06T06:47:34Z,productcatalogservice,504.0,800,0.95,0.63,0
2026-10-06T06:47:34Z,paymentservice,29.0,155,0.8,0.1870967741935484,0
2026-10-06T06:47:34Z,recommendationservice,1024.0,1150,0.8,0.8904347826086957,1
2026-10-06T06:47:34Z,shippingservice,92.0,770,0.8,0.11948051948051948,0
2026-10-06T06:47:34Z,currencyservice,422.0,770,0.8,0.548051948051948,0
2026-10-06T06:47:34Z,emailservice,50.0,120,0.8,0.4166666666666667,0
2026-10-06T06:47:34Z,adservice,142.0,1150,0.8,0.12347826086956522,0
2026-10-06T06:47:34Z,redis-cart,33.0,540,0.8,0.06111111111111111,0
2026-10-06T06:47:35Z,frontend,364.25,1150,0.8,0.31673913043478263,0
2026-10-06T06:47:35Z,cartservice,308.0,800,0.95,0.385,0
2026-10-06T06:47:35Z,checkoutservice,496.0,800,0.8,0.62,0
2026-10-06T06:47:35Z,productcatalogservice,492.0,800,0.95,0.615,0
2026-10-06T06:47:35Z,paymentservice,29.0,155,0.8,0.1870967741935484,0
2026-10-06T06:47:35Z,recommendationservice,984.0,1150,0.8,0.8556521739130435,1
2026-10-06T06:47:35Z,shippingservice,92.0,770,0.8,0.11948051948051948,0
2026-10-06T06:47:35Z,currencyservice,396.0,770,0.8,0.5142857142857142,0
2026-10-06T06:47:35Z,emailservice,67.0,120,0.8,0.5583333333333333,0
2026-10-06T06:47:35Z,adservice,142.0,1150,0.8,0.12347826086956522,0
2026-10-06T06:47:35Z,redis-cart,30.0,540,0.8,0.05555555555555555,0
2026-10-06T06:47:36Z,frontend,364.25,1150,0.8,0.31673913043478263,0
2026-10-06T06:47:36Z,cartservice,298.0,800,0.95,0.3725,0
2026-10-06T06:47:36Z,checkoutservice,445.0,800,0.8,0.55625,0
2026-10-06T06:47:36Z,productcatalogservice,453.0,800,0.95,0.56625,0
2026-10-06T06:47:36Z,paymentservice,26.0,155,0.8,0.16774193548387098,0
2026-10-06T06:47:36Z,recommendationservice,984.0,1150,0.8,0.8556521739130435,1
2026-10-06T06:47:36Z,shippingservice,110.0,770,0.8,0.14285714285714285,0
2026-10-06T06:47:36Z,currencyservice,396.0,770,0.8,0.5142857142857142,0
2026-10-06T06:47:36Z,emailservice,56.0,120,0.8,0.4666666666666667,0
2026-10-06T06:47:36Z,adservice,135.0,1150,0.8,0.11739130434782609,0
2026-10-06T06:47:36Z,redis-cart,31.0,540,0.8,0.05740740740740741,0
2026-10-06T06:47:37Z,frontend,373.25,1150,0.8,0.32456521739130434,0
2026-10-06T06:47:37Z,cartservice,298.0,800,0.95,0.3725,0
2026-10-06T06:47:37Z,checkoutservice,590.0,800,0.8,0.7375,0
2026-10-06T06:47:37Z,productcatalogservice,453.0,800,0.95,0.56625,0
2026-10-06T06:47:37Z,paymentservice,26.0,155,0.8,0.16774193548387098,0
2026-10-06T06:47:37Z,recommendationservice,962.0,1150,0.8,0.8365217391304348,1
2026-10-06T06:47:37Z,shippingservice,110.0,770,0.8,0.14285714285714285,0
2026-10-06T06:47:37Z,currencyservice,453.0,770,0.8,0.5883116883116883,0
2026-10-06T06:47:37Z,emailservice,56.0,120,0.8,0.4666666666666667,0
2026-10-06T06:47:37Z,adservice,147.0,1150,0.8,0.12782608695652173,0
2026-10-06T06:47:37Z,redis-cart,31.0,540,0.8,0.05740740740740741,0
2026-10-06T06:47:38Z,frontend,398.25,1150,0.8,0.34630434782608693,0
2026-10-06T06:47:38Z,cartservice,314.0,800,0.95,0.3925,0
2026-10-06T06:47:38Z,checkoutservice,578.0,800,0.8,0.7225,0
2026-10-06T06:47:38Z,productcatalogservice,514.0,800,0.95,0.6425,0
2026-10-06T06:47:38Z,paymentservice,38.0,155,0.8,0.24516129032258063,0
2026-10-06T06:47:38Z,recommendationservice,980.0,1150,0.8,0.8521739130434782,1
2026-10-06T06:47:38Z,shippingservice,105.0,770,0.8,0.13636363636363635,0
2026-10-06T06:47:38Z,currencyservice,412.0,770,0.8,0.535064935064935,0
2026-10-06T06:47:38Z,emailservice,61.0,120,0.8,0.5083333333333333,0
2026-10-06T06:47:38Z,adservice,147.0,1150,0.8,0.12782608695652173,0
2026-10-06T06:47:38Z,redis-cart,30.0,540,0.8,0.05555555555555555,0
2026-10-06T06:47:39Z,frontend,387.75,1150,0.8,0.33717391304347827,0
2026-10-06T06:47:39Z,cartservice,328.0,800,0.95,0.41,0
2026-10-06T06:47:39Z,checkoutservice,578.0,800,0.8,0.7225,0
2026-10-06T06:47:39Z,productcatalogservice,513.0,800,0.95,0.64125,0
2026-10-06T06:47:39Z,paymentservice,54.0,155,0.8,0.34838709677419355,0
2026-10-06T06:47:39Z,recommendationservice,980.0,1150,0.8,0.8521739130434782,1
2026-10-06T06:47:39Z,shippingservice,106.0,770,0.8,0.13766233766233765,0
2026-10-06T06:47:39Z,currencyservice,404.0,770,0.8,0.5246753246753246,0
2026-10-06T06:47:39Z,emailservice,61.0,120,0.8,0.5083333333333333,0
2026-10-06T06:47:39Z,adservice,143.0,1150,0.8,0.12434782608695652,0
2026-10-06T06:47:39Z,redis-cart,30.0,540,0.8,0.05555555555555555,0
2026-10-06T06:47:40Z,frontend,363.0,1150,0.8,0.31565217391304345,0
2026-10-06T06:47:40Z,cartservice,328.0,800,0.95,0.41,0
2026-10-06T06:47:40Z,checkoutservice,469.0,800,0.8,0.58625,0
2026-10-06T06:47:40Z,productcatalogservice,513.0,800,0.95,0.64125,0
2026-10-06T06:47:40Z,paymentservice,54.0,155,0.8,0.34838709677419355,0
2026-10-06T06:47:40Z,recommendationservice,1005.0,1150,0.8,0.8739130434782608,1
2026-10-06T06:47:40Z,shippingservice,106.0,770,0.8,0.13766233766233765,0
2026-10-06T06:47:40Z,currencyservice,420.0,770,0.8,0.5454545454545454,0
2026-10-06T06:47:40Z,emailservice,66.0,120,0.8,0.55,0
2026-10-06T06:47:40Z,adservice,151.0,1150,0.8,0.13130434782608696,0
2026-10-06T06:47:40Z,redis-cart,33.0,540,0.8,0.06111111111111111,0
2026-10-06T06:47:41Z,frontend,372.5,1150,0.8,0.3239130434782609,0
2026-10-06T06:47:41Z,cartservice,334.0,800,0.95,0.4175,0
2026-10-06T06:47:41Z,checkoutservice,477.0,800,0.8,0.59625,0
2026-10-06T06:47:41Z,productcatalogservice,482.0,800,0.95,0.6025,0
2026-10-06T06:47:41Z,paymentservice,23.0,155,0.8,0.14838709677419354,0
2026-10-06T06:47:41Z,recommendationservice,1005.0,1150,0.8,0.8739130434782608,1
2026-10-06T06:47:41Z,shippingservice,86.0,770,0.8,0.11168831168831168,0
2026-10-06T06:47:41Z,currencyservice,420.0,770,0.8,0.5454545454545454,0
2026-10-06T06:47:41Z,emailservice,44.0,120,0.8,0.36666666666666664,0
2026-10-06T06:47:41Z,adservice,151.0,1150,0.8,0.13130434782608696,0
2026-10-06T06:47:41Z,redis-cart,33.0,540,0.8,0.06111111111111111,0
2026-10-06T06:47:42Z,frontend,360.75,1150,0.8,0.31369565217391304,0
2026-10-06T06:47:42Z,cartservice,334.0,800,0.95,0.4175,0
2026-10-06T06:47:42Z,checkoutservice,477.0,800,0.8,0.59625,0
2026-10-06T06:47:42Z,productcatalogservice,488.0,800,0.95,0.61,0
2026-10-06T06:47:42Z,paymentservice,23.0,155,0.8,0.14838709677419354,0
2026-10-06T06:47:42Z,recommendationservice,979.0,1150,0.8,0.851304347826087,1
2026-10-06T06:47:42Z,shippingservice,93.0,770,0.8,0.12077922077922078,0
2026-10-06T06:47:42Z,currencyservice,411.0,770,0.8,0.5337662337662338,0
2026-10-06T06:47:42Z,emailservice,44.0,120,0.8,0.36666666666666664,0
2026-10-06T06:47:42Z,adservice,140.0,1150,0.8,0.12173913043478261,0
2026-10-06T06:47:42Z,redis-cart,30.0,540,0.8,0.05555555555555555,0
2026-10-06T06:47:43Z,frontend,353.5,1150,0.8,0.3073913043478261,0
2026-10-06T06:47:43Z,cartservice,329.0,800,0.95,0.41125,0
2026-10-06T06:47:43Z,checkoutservice,501.0,800,0.8,0.62625,0
2026-10-06T06:47:43Z,productcatalogservice,488.0,800,0.95,0.61,0
2026-10-06T06:47:43Z,paymentservice,29.0,155,0.8,0.1870967741935484,0
2026-10-06T06:47:43Z,recommendationservice,962.0,1150,0.8,0.8365217391304348,1
2026-10-06T06:47:43Z,shippingservice,105.0,770,0.8,0.13636363636363635,0
2026-10-06T06:47:43Z,currencyservice,411.0,770,0.8,0.5337662337662338,0
2026-10-06T06:47:43Z,emailservice,55.0,120,0.8,0.4583333333333333,0
2026-10-06T06:47:43Z,adservice,151.0,1150,0.8,0.13130434782608696,0
2026-10-06T06:47:43Z,redis-cart,33.0,540,0.8,0.06111111111111111,0
2026-10-06T06:47:44Z,frontend,369.5,1150,0.8,0.32130434782608697,0
2026-10-06T06:47:44Z,cartservice,345.0,800,0.95,0.43125,0
2026-10-06T06:47:44Z,checkoutservice,465.0,800,0.8,0.58125,0
2026-10-06T06:47:44Z,productcatalogservice,505.0,800,0.95,0.63125,0
2026-10-06T06:47:44Z,paymentservice,28.0,155,0.8,0.18064516129032257,0
2026-10-06T06:47:44Z,recommendationservice,1012.0,1150,0.8,0.88,1
2026-10-06T06:47:44Z,shippingservice,105.0,770,0.8,0.13636363636363635,0
2026-10-06T06:47:44Z,currencyservice,417.0,770,0.8,0.5415584415584416,0
2026-10-06T06:47:44Z,emailservice,55.0,120,0.8,0.4583333333333333,0
2026-10-06T06:47:44Z,adservice,125.0,1150,0.8,0.10869565217391304,0
2026-10-06T06:47:44Z,redis-cart,31.0,540,0.8,0.05740740740740741,0
2026-10-06T06:47:45Z,frontend,352.75,1150,0.8,0.3067391304347826,0
2026-10-06T06:47:45Z,cartservice,340.0,800,0.95,0.425,0
2026-10-06T06:47:45Z,checkoutservice,465.0,800,0.8,0.58125,0
2026-10-06T06:47:45Z,productcatalogservice,480.0,800,0.95,0.6,0
2026-10-06T06:47:45Z,paymentservice,28.0,155,0.8,0.18064516129032257,0
2026-10-06T06:47:45Z,recommendationservice,938.0,1150,0.8,0.8156521739130435,1
2026-10-06T06:47:45Z,shippingservice,76.0,770,0.8,0.0987012987012987,0
2026-10-06T06:47:45Z,currencyservice,378.0,770,0.8,0.4909090909090909,0
2026-10-06T06:47:45Z,emailservice,76.0,120,0.8,0.6333333333333333,0
2026-10-06T06:47:45Z,adservice,125.0,1150,0.8,0.10869565217391304,0
2026-10-06T06:47:45Z,redis-cart,31.0,540,0.8,0.05740740740740741,0
2026-10-06T06:47:46Z,frontend,356.5,1150,0.8,0.31,0
2026-10-06T06:47:46Z,cartservice,340.0,800,0.95,0.425,0
2026-10-06T06:47:46Z,checkoutservice,510.0,800,0.8,0.6375,0
2026-10-06T06:47:46Z,productcatalogservice,469.0,800,0.95,0.58625,0
2026-10-06T06:47:46Z,paymentservice,28.0,155,0.8,0.18064516129032257,0
2026-10-06T06:47:46Z,recommendationservice,938.0,1150,0.8,0.8156521739130435,1
2026-10-06T06:47:46Z,shippingservice,76.0,770,0.8,0.0987012987012987,0
2026-10-06T06:47:46Z,currencyservice,378.0,770,0.8,0.4909090909090909,0
2026-10-06T06:47:46Z,emailservice,76.0,120,0.8,0.6333333333333333,0
2026-10-06T06:47:46Z,adservice,124.0,1150,0.8,0.10782608695652174,0
2026-10-06T06:47:46Z,redis-cart,30.0,540,0.8,0.05555555555555555,0
2026-10-06T06:47:47Z,frontend,357.5,1150,0.8,0.3108695652173913,0
2026-10-06T06:47:47Z,cartservice,299.0,800,0.95,0.37375,0
2026-10-06T06:47:47Z,checkoutservice,361.0,800,0.8,0.45125,0
2026-10-06T06:47:47Z,productcatalogservice,487.0,800,0.95,0.60875,0
2026-10-06T06:47:47Z,paymentservice,28.0,155,0.8,0.18064516129032257,0
2026-10-06T06:47:47Z,recommendationservice,974.0,1150,0.8,0.8469565217391304,1
2026-10-06T06:47:47Z,shippingservice,109.0,770,0.8,0.14155844155844155,0
2026-10-06T06:47:47Z,currencyservice,443.0,770,0.8,0.5753246753246753,0
2026-10-06T06:47:47Z,emailservice,40.0,120,0.8,0.3333333333333333,0
2026-10-06T06:47:47Z,adservice,153.0,1150,0.8,0.13304347826086957,0
2026-10-06T06:47:47Z,redis-cart,31.0,540,0.8,0.05740740740740741,0
2026-10-06T06:47:48Z,frontend,364.0,1150,0.8,0.3165217391304348,0
2026-10-06T06:47:48Z,cartservice,290.0,800,0.95,0.3625,0
2026-10-06T06:47:48Z,checkoutservice,573.0,800,0.8,0.71625,0
2026-10-06T06:47:48Z,productcatalogservice,487.0,800,0.95,0.60875,0
2026-10-06T06:47:48Z,paymentservice,23.0,155,0.8,0.14838709677419354,0
2026-10-06T06:47:48Z,recommendationservice,981.0,1150,0.8,0.8530434782608696,1
2026-10-06T06:47:48Z,shippingservice,86.0,770,0.8,0.11168831168831168,0
2026-10-06T06:47:48Z,currencyservice,443.0,770,0.8,0.5753246753246753,0
2026-10-06T06:47:48Z,emailservice,61.0,120,0.8,0.5083333333333333,0
2026-10-06T06:47:48Z,adservice,147.0,1150,0.8,0.12782608695652173,0
2026-10-06T06:47:48Z,redis-cart,31.0,540,0.8,0.05740740740740741,0
2026-10-06T06:47:49Z,frontend,384.25,1150,0.8,0.3341304347826087,0
2026-10-06T06:47:49Z,cartservice,290.0,800,0.95,0.3625,0
2026-10-06T06:47:49Z,checkoutservice,573.0,800,0.8,0.71625,0
2026-10-06T06:47:49Z,productcatalogservice,479.0,800,0.95,0.59875,0
2026-10-06T06:47:49Z,paymentservice,50.0,155,0.8,0.3225806451612903,0
2026-10-06T06:47:49Z,recommendationservice,980.0,1150,0.8,0.8521739130434782,1
2026-10-06T06:47:49Z,shippingservice,86.0,770,0.8,0.11168831168831168,0
2026-10-06T06:47:49Z,currencyservice,400.0,770,0.8,0.5194805194805194,0
2026-10-06T06:47:49Z,emailservice,72.0,120,0.8,0.6,0
2026-10-06T06:47:49Z,adservice,147.0,1150,0.8,0.12782608695652173,0
2026-10-06T06:47:49Z,redis-cart,33.0,540,0.8,0.06111111111111111,0
2026-10-06T06:47:50Z,frontend,368.25,1150,0.8,0.32021739130434784,0
2026-10-06T06:47:50Z,cartservice,312.0,800,0.95,0.39,0
2026-10-06T06:47:50Z,checkoutservice,528.0,800,0.8,0.66,0
2026-10-06T06:47:50Z,productcatalogservice,518.0,800,0.95,0.6475,0
2026-10-06T06:47:50Z,paymentservice,50.0,155,0.8,0.3225806451612903,0
2026-10-06T06:47:50Z,recommendationservice,980.0,1150,0.8,0.8521739130434782,1
2026-10-06T06:47:50Z,shippingservice,107.0,770,0.8,0.13896103896103895,0
2026-10-06T06:47:50Z,currencyservice,400.0,770,0.8,0.5194805194805194,0
2026-10-06T06:47:50Z,emailservice,56.0,120,0.8,0.4666666666666667,0
2026-10-06T06:47:50Z,adservice,166.0,1150,0.8,0.1443478260869565,0
2026-10-06T06:47:50Z,redis-cart,31.0,540,0.8,0.05740740740740741,0
2026-10-06T06:47:51Z,frontend,385.25,1150,0.8,0.335,0
2026-10-06T06:47:51Z,cartservice,309.0,800,0.95,0.38625,0
2026-10-06T06:47:51Z,checkoutservice,528.0,800,0.8,0.66,0
2026-10-06T06:47:51Z,productcatalogservice,518.0,800,0.95,0.6475,0
2026-10-06T06:47:51Z,paymentservice,28.0,155,0.8,0.18064516129032257,0
2026-10-06T06:47:51Z,recommendationservice,1000.0,1150,0.8,0.8695652173913043,1
2026-10-06T06:47:51Z,shippingservice,107.0,770,0.8,0.13896103896103895,0
2026-10-06T06:47:51Z,currencyservice,432.0,770,0.8,0.561038961038961,0
2026-10-06T06:47:51Z,emailservice,56.0,120,0.8,0.4666666666666667,0
2026-10-06T06:47:51Z,adservice,136.0,1150,0.8,0.11826086956521739,0
2026-10-06T06:47:51Z,redis-cart,31.0,540,0.8,0.05740740740740741,0
2026-10-06T06:47:52Z,frontend,379.0,1150,0.8,0.32956521739130434,0
2026-10-06T06:47:52Z,cartservice,276.0,800,0.95,0.345,0
2026-10-06T06:47:52Z,checkoutservice,501.0,800,0.8,0.62625,0
2026-10-06T06:47:52Z,productcatalogservice,496.0,800,0.95,0.62,0
2026-10-06T06:47:52Z,paymentservice,31.0,155,0.8,0.2,0
2026-10-06T06:47:52Z,recommendationservice,1002.0,1150,0.8,0.871304347826087,1
2026-10-06T06:47:52Z,shippingservice,109.0,770,0.8,0.14155844155844155,0
2026-10-06T06:47:52Z,currencyservice,422.0,770,0.8,0.548051948051948,0
2026-10-06T06:47:52Z,emailservice,52.0,120,0.8,0.43333333333333335,0
2026-10-06T06:47:52Z,adservice,136.0,1150,0.8,0.11826086956521739,0
2026-10-06T06:47:52Z,redis-cart,32.0,540,0.8,0.05925925925925926,0
2026-10-06T06:47:53Z,frontend,338.5,1150,0.8,0.29434782608695653,0
2026-10-06T06:47:53Z,cartservice,276.0,800,0.95,0.345,0
2026-10-06T06:47:53Z,checkoutservice,501.0,800,0.8,0.62625,0
2026-10-06T06:47:53Z,productcatalogservice,485.0,800,0.95,0.60625,0
2026-10-06T06:47:53Z,paymentservice,11.0,155,0.8,0.07096774193548387,0
2026-10-06T06:47:53Z,recommendationservice,1047.0,1150,0.8,0.9104347826086957,1
2026-10-06T06:47:53Z,shippingservice,53.0,770,0.8,0.06883116883116883,0
2026-10-06T06:47:53Z,currencyservice,375.0,770,0.8,0.487012987012987,0
2026-10-06T06:47:53Z,emailservice,52.0,120,0.8,0.43333333333333335,0
2026-10-06T06:47:53Z,adservice,124.0,1150,0.8,0.10782608695652174,0
2026-10-06T06:47:53Z,redis-cart,32.0,540,0.8,0.05925925925925926,0
2026-10-06T06:47:54Z,frontend,335.0,1150,0.8,0.29130434782608694,0
2026-10-06T06:47:54Z,cartservice,327.0,800,0.95,0.40875,0
2026-10-06T06:47:54Z,checkoutservice,302.0,800,0.8,0.3775,0
2026-10-06T06:47:54Z,productcatalogservice,485.0,800,0.95,0.60625,0
2026-10-06T06:47:54Z,paymentservice,11.0,155,0.8,0.07096774193548387,0
2026-10-06T06:47:54Z,recommendationservice,1047.0,1150,0.8,0.9104347826086957,1
2026-10-06T06:47:54Z,shippingservice,53.0,770,0.8,0.06883116883116883,0
2026-10-06T06:47:54Z,currencyservice,375.0,770,0.8,0.487012987012987,0
2026-10-06T06:47:54Z,emailservice,32.0,120,0.8,0.26666666666666666,0
2026-10-06T06:47:54Z,adservice,127.0,1150,0.8,0.11043478260869566,0
2026-10-06T06:47:54Z,redis-cart,28.0,540,0.8,0.05185185185185185,0
2026-10-06T06:47:55Z,frontend,361.25,1150,0.8,0.3141304347826087,0
2026-10-06T06:47:55Z,cartservice,291.0,800,0.95,0.36375,0
2026-10-06T06:47:55Z,checkoutservice,574.0,800,0.8,0.7175,0
2026-10-06T06:47:55Z,productcatalogservice,491.0,800,0.95,0.61375,0
2026-10-06T06:47:55Z,paymentservice,28.0,155,0.8,0.18064516129032257,0
2026-10-06T06:47:55Z,recommendationservice,999.0,1150,0.8,0.8686956521739131,1
2026-10-06T06:47:55Z,shippingservice,94.0,770,0.8,0.12207792207792208,0
2026-10-06T06:47:55Z,currencyservice,423.0,770,0.8,0.5493506493506494,0
2026-10-06T06:47:55Z,emailservice,84.0,120,0.8,0.7,0
2026-10-06T06:47:55Z,adservice,127.0,1150,0.8,0.11043478260869566,0
2026-10-06T06:47:55Z,redis-cart,31.0,540,0.8,0.05740740740740741,0
2026-10-06T06:47:56Z,frontend,364.5,1150,0.8,0.3169565217391304,0
2026-10-06T06:47:56Z,cartservice,288.0,800,0.95,0.36,0
2026-10-06T06:47:56Z,checkoutservice,556.0,800,0.8,0.695,0
2026-10-06T06:47:56Z,productcatalogservice,491.0,800,0.95,0.61375,0
2026-10-06T06:47:56Z,paymentservice,35.0,155,0.8,0.22580645161290322,0
2026-10-06T06:47:56Z,recommendationservice,999.0,1150,0.8,0.8686956521739131,1
2026-10-06T06:47:56Z,shippingservice,94.0,770,0.8,0.12207792207792208,0
2026-10-06T06:47:56Z,currencyservice,423.0,770,0.8,0.5493506493506494,0
2026-10-06T06:47:56Z,emailservice,67.0,120,0.8,0.5583333333333333,0
2026-10-06T06:47:56Z,adservice,143.0,1150,0.8,0.12434782608695652,0
2026-10-06T06:47:56Z,redis-cart,31.0,540,0.8,0.05740740740740741,0
2026-10-06T06:47:57Z,frontend,379.0,1150,0.8,0.32956521739130434,0
2026-10-06T06:47:57Z,cartservice,288.0,800,0.95,0.36,0
2026-10-06T06:47:57Z,checkoutservice,383.0,800,0.8,0.47875,0
2026-10-06T06:47:57Z,productcatalogservice,497.0,800,0.95,0.62125,0
2026-10-06T06:47:57Z,paymentservice,35.0,155,0.8,0.22580645161290322,0
2026-10-06T06:47:57Z,recommendationservice,957.0,1150,0.8,0.8321739130434782,1
2026-10-06T06:47:57Z,shippingservice,116.0,770,0.8,0.15064935064935064,0
2026-10-06T06:47:57Z,currencyservice,438.0,770,0.8,0.5688311688311688,0
2026-10-06T06:47:57Z,emailservice,67.0,120,0.8,0.5583333333333333,0
2026-10-06T06:47:57Z,adservice,143.0,1150,0.8,0.12434782608695652,0
2026-10-06T06:47:57Z,redis-cart,30.0,540,0.8,0.05555555555555555,0
2026-10-06T06:47:58Z,frontend,376.25,1150,0.8,0.32717391304347826,0
2026-10-06T06:47:58Z,cartservice,323.0,800,0.95,0.40375,0
2026-10-06T06:47:58Z,checkoutservice,383.0,800,0.8,0.47875,0
2026-10-06T06:47:58Z,productcatalogservice,486.0,800,0.95,0.6075,0
2026-10-06T06:47:58Z,paymentservice,23.0,155,0.8,0.14838709677419354,0
2026-10-06T06:47:58Z,recommendationservice,1053.0,1150,0.8,0.9156521739130434,1
2026-10-06T06:47:58Z,shippingservice,116.0,770,0.8,0.15064935064935064,0
2026-10-06T06:47:58Z,currencyservice,406.0,770,0.8,0.5272727272727272,0
2026-10-06T06:47:58Z,emailservice,42.0,120,0.8,0.35,0
2026-10-06T06:47:58Z,adservice,149.0,1150,0.8,0.12956521739130436,0
2026-10-06T06:47:58Z,redis-cart,30.0,540,0.8,0.05555555555555555,0
2026-10-06T06:47:59Z,frontend,355.25,1150,0.8,0.3089130434782609,0
2026-10-06T06:47:59Z,cartservice,283.0,800,0.95,0.35375,0
2026-10-06T06:47:59Z,checkoutservice,410.0,800,0.8,0.5125,0
2026-10-06T06:47:59Z,productcatalogservice,507.0,800,0.95,0.63375,0
2026-10-06T06:47:59Z,paymentservice,42.0,155,0.8,0.2709677419354839,0
2026-10-06T06:47:59Z,recommendationservice,1053.0,1150,0.8,0.9156521739130434,1
2026-10-06T06:47:59Z,shippingservice,79.0,770,0.8,0.1025974025974026,0
2026-10-06T06:47:59Z,currencyservice,406.0,770,0.8,0.5272727272727272,0
2026-10-06T06:47:59Z,emailservice,55.0,120,0.8,0.4583333333333333,0
2026-10-06T06:47:59Z,adservice,149.0,1150,0.8,0.12956521739130436,0
2026-10-06T06:47:59Z,redis-cart,30.0,540,0.8,0.05555555555555555,0
2026-10-06T06:48:00Z,frontend,347.75,1150,0.8,0.3023913043478261,0
2026-10-06T06:48:00Z,cartservice,283.0,800,0.95,0.35375,0
2026-10-06T06:48:00Z,checkoutservice,410.0,800,0.8,0.5125,0
2026-10-06T06:48:00Z,productcatalogservice,507.0,800,0.95,0.63375,0
2026-10-06T06:48:00Z,paymentservice,42.0,155,0.8,0.2709677419354839,0
2026-10-06T06:48:00Z,recommendationservice,988.0,1150,0.8,0.8591304347826086,1
2026-10-06T06:48:00Z,shippingservice,79.0,770,0.8,0.1025974025974026,0
2026-10-06T06:48:00Z,currencyservice,392.0,770,0.8,0.509090909090909,0
2026-10-06T06:48:00Z,emailservice,55.0,120,0.8,0.4583333333333333,0
2026-10-06T06:48:00Z,adservice,133.0,1150,0.8,0.11565217391304349,0
2026-10-06T06:48:00Z,redis-cart,30.0,540,0.8,0.05555555555555555,0
2026-10-06T06:48:01Z,frontend,351.25,1150,0.8,0.30543478260869567,0
2026-10-06T06:48:01Z,cartservice,292.0,800,0.95,0.365,0
2026-10-06T06:48:01Z,checkoutservice,572.0,800,0.8,0.715,0
2026-10-06T06:48:01Z,productcatalogservice,470.0,800,0.95,0.5875,0
2026-10-06T06:48:01Z,paymentservice,34.0,155,0.8,0.21935483870967742,0
2026-10-06T06:48:01Z,recommendationservice,991.0,1150,0.8,0.8617391304347826,1
2026-10-06T06:48:01Z,shippingservice,105.0,770,0.8,0.13636363636363635,0
2026-10-06T06:48:01Z,currencyservice,376.0,770,0.8,0.4883116883116883,0
2026-10-06T06:48:01Z,emailservice,66.0,120,0.8,0.55,0
2026-10-06T06:48:01Z,adservice,133.0,1150,0.8,0.11565217391304349,0
2026-10-06T06:48:01Z,redis-cart,32.0,540,0.8,0.05925925925925926,0
2026-10-06T06:48:02Z,frontend,341.0,1150,0.8,0.2965217391304348,0
2026-10-06T06:48:02Z,cartservice,260.0,800,0.95,0.325,0
2026-10-06T06:48:02Z,checkoutservice,451.0,800,0.8,0.56375,0
2026-10-06T06:48:02Z,productcatalogservice,456.0,800,0.95,0.57,0
2026-10-06T06:48:02Z,paymentservice,24.0,155,0.8,0.15483870967741936,0
2026-10-06T06:48:02Z,recommendationservice,1031.0,1150,0.8,0.8965217391304348,1
2026-10-06T06:48:02Z,shippingservice,77.0,770,0.8,0.1,0
2026-10-06T06:48:02Z,currencyservice,376.0,770,0.8,0.4883116883116883,0
2026-10-06T06:48:02Z,emailservice,45.0,120,0.8,0.375,0
2026-10-06T06:48:02Z,adservice,138.0,1150,0.8,0.12,0
2026-10-06T06:48:02Z,redis-cart,31.0,540,0.8,0.05740740740740741,0
2026-10-06T06:48:03Z,frontend,339.25,1150,0.8,0.295,0
2026-10-06T06:48:03Z,cartservice,260.0,800,0.95,0.325,0
2026-10-06T06:48:03Z,checkoutservice,451.0,800,0.8,0.56375,0
2026-10-06T06:48:03Z,productcatalogservice,504.0,800,0.95,0.63,0
2026-10-06T06:48:03Z,paymentservice,24.0,155,0.8,0.15483870967741936,0
2026-10-06T06:48:03Z,recommendationservice,1031.0,1150,0.8,0.8965217391304348,1
2026-10-06T06:48:03Z,shippingservice,80.0,770,0.8,0.1038961038961039,0
2026-10-06T06:48:03Z,currencyservice,422.0,770,0.8,0.548051948051948,0
2026-10-06T06:48:03Z,emailservice,45.0,120,0.8,0.375,0
2026-10-06T06:48:03Z,adservice,142.0,1150,0.8,0.12347826086956522,0
2026-10-06T06:48:03Z,redis-cart,31.0,540,0.8,0.05740740740740741,0
2026-10-06T06:48:04Z,frontend,345.25,1150,0.8,0.3002173913043478,0
2026-10-06T06:48:04Z,cartservice,288.0,800,0.95,0.36,0
2026-10-06T06:48:04Z,checkoutservice,491.0,800,0.8,0.61375,0
2026-10-06T06:48:04Z,productcatalogservice,495.0,800,0.95,0.61875,0
2026-10-06T06:48:04Z,paymentservice,24.0,155,0.8,0.15483870967741936,0
2026-10-06T06:48:04Z,recommendationservice,1056.0,1150,0.8,0.9182608695652174,1
2026-10-06T06:48:04Z,shippingservice,80.0,770,0.8,0.1038961038961039,0
2026-10-06T06:48:04Z,currencyservice,374.0,770,0.8,0.4857142857142857,0
2026-10-06T06:48:04Z,emailservice,44.0,120,0.8,0.36666666666666664,0
2026-10-06T06:48:04Z,adservice,121.0,1150,0.8,0.10521739130434783,0
2026-10-06T06:48:04Z,redis-cart,60.0,540,0.8,0.1111111111111111,0
2026-10-06T06:48:05Z,frontend,348.25,1150,0.8,0.30282608695652175,0
2026-10-06T06:48:05Z,cartservice,336.0,800,0.95,0.42,0
2026-10-06T06:48:05Z,checkoutservice,555.0,800,0.8,0.69375,0
2026-10-06T06:48:05Z,productcatalogservice,495.0,800,0.95,0.61875,0
2026-10-06T06:48:05Z,paymentservice,35.0,155,0.8,0.22580645161290322,0
2026-10-06T06:48:05Z,recommendationservice,1056.0,1150,0.8,0.9182608695652174,1
2026-10-06T06:48:05Z,shippingservice,94.0,770,0.8,0.12207792207792208,0
2026-10-06T06:48:05Z,currencyservice,447.0,770,0.8,0.5805194805194805,0
2026-10-06T06:48:05Z,emailservice,88.0,120,0.8,0.7333333333333333,0
2026-10-06T06:48:05Z,adservice,121.0,1150,0.8,0.10521739130434783,0
2026-10-06T06:48:05Z,redis-cart,60.0,540,0.8,0.1111111111111111,0
2026-10-06T06:48:06Z,frontend,364.0,1150,0.8,0.3165217391304348,0
2026-10-06T06:48:06Z,cartservice,308.0,800,0.95,0.385,0
2026-10-06T06:48:06Z,checkoutservice,555.0,800,0.8,0.69375,0
2026-10-06T06:48:06Z,productcatalogservice,499.0,800,0.95,0.62375,0
2026-10-06T06:48:06Z,paymentservice,35.0,155,0.8,0.22580645161290322,0
2026-10-06T06:48:06Z,recommendationservice,966.0,1150,0.8,0.84,1
2026-10-06T06:48:06Z,shippingservice,133.0,770,0.8,0.17272727272727273,0
2026-10-06T06:48:06Z,currencyservice,447.0,770,0.8,0.5805194805194805,0
2026-10-06T06:48:06Z,emailservice,67.0,120,0.8,0.5583333333333333,0
2026-10-06T06:48:06Z,adservice,160.0,1150,0.8,0.1391304347826087,0
2026-10-06T06:48:06Z,redis-cart,32.0,540,0.8,0.05925925925925926,0
2026-10-06T06:48:07Z,frontend,373.5,1150,0.8,0.3247826086956522,0
2026-10-06T06:48:07Z,cartservice,308.0,800,0.95,0.385,0
2026-10-06T06:48:07Z,checkoutservice,547.0,800,0.8,0.68375,0
2026-10-06T06:48:07Z,productcatalogservice,508.0,800,0.95,0.635,0
2026-10-06T06:48:07Z,paymentservice,34.0,155,0.8,0.21935483870967742,0
2026-10-06T06:48:07Z,recommendationservice,966.0,1150,0.8,0.84,1
2026-10-06T06:48:07Z,shippingservice,133.0,770,0.8,0.17272727272727273,0
2026-10-06T06:48:07Z,currencyservice,442.0,770,0.8,0.574025974025974,0
2026-10-06T06:48:07Z,emailservice,67.0,120,0.8,0.5583333333333333,0
2026-10-06T06:48:07Z,adservice,151.0,1150,0.8,0.13130434782608696,0
2026-10-06T06:48:07Z,redis-cart,30.0,540,0.8,0.05555555555555555,0
2026-10-06T06:48:08Z,frontend,353.25,1150,0.8,0.30717391304347824,0
2026-10-06T06:48:08Z,cartservice,356.0,800,0.95,0.445,0
2026-10-06T06:48:08Z,checkoutservice,426.0,800,0.8,0.5325,0
2026-10-06T06:48:08Z,productcatalogservice,508.0,800,0.95,0.635,0
2026-10-06T06:48:08Z,paymentservice,34.0,155,0.8,0.21935483870967742,0
2026-10-06T06:48:08Z,recommendationservice,989.0,1150,0.8,0.86,1
2026-10-06T06:48:08Z,shippingservice,103.0,770,0.8,0.13376623376623376,0
2026-10-06T06:48:08Z,currencyservice,442.0,770,0.8,0.574025974025974,0
2026-10-06T06:48:08Z,emailservice,67.0,120,0.8,0.5583333333333333,0
2026-10-06T06:48:08Z,adservice,151.0,1150,0.8,0.13130434782608696,0
2026-10-06T06:48:08Z,redis-cart,30.0,540,0.8,0.05555555555555555,0
2026-10-06T06:48:09Z,frontend,358.25,1150,0.8,0.3115217391304348,0
2026-10-06T06:48:09Z,cartservice,317.0,800,0.95,0.39625,0
2026-10-06T06:48:09Z,checkoutservice,426.0,800,0.8,0.5325,0
2026-10-06T06:48:09Z,productcatalogservice,472.0,800,0.95,0.59,0
2026-10-06T06:48:09Z,paymentservice,36.0,155,0.8,0.23225806451612904,0
2026-10-06T06:48:09Z,recommendationservice,1076.0,1150,0.8,0.9356521739130435,1
2026-10-06T06:48:09Z,shippingservice,103.0,770,0.8,0.13376623376623376,0
2026-10-06T06:48:09Z,currencyservice,386.0,770,0.8,0.5012987012987012,0
2026-10-06T06:48:09Z,emailservice,48.0,120,0.8,0.4,0
2026-10-06T06:48:09Z,adservice,116.0,1150,0.8,0.10086956521739131,0
2026-10-06T06:48:09Z,redis-cart,30.0,540,0.8,0.05555555555555555,0
2026-10-06T06:48:10Z,frontend,317.5,1150,0.8,0.27608695652173915,0
2026-10-06T06:48:10Z,cartservice,264.0,800,0.95,0.33,0
2026-10-06T06:48:10Z,checkoutservice,205.0,800,0.8,0.25625,0
2026-10-06T06:48:10Z,productcatalogservice,461.0,800,0.95,0.57625,0
2026-10-06T06:48:10Z,paymentservice,15.0,155,0.8,0.0967741935483871,0
2026-10-06T06:48:10Z,recommendationservice,1039.0,1150,0.8,0.9034782608695652,1
2026-10-06T06:48:10Z,shippingservice,57.0,770,0.8,0.07402597402597402,0
2026-10-06T06:48:10Z,currencyservice,386.0,770,0.8,0.5012987012987012,0
2026-10-06T06:48:10Z,emailservice,40.0,120,0.8,0.3333333333333333,0
2026-10-06T06:48:10Z,adservice,122.0,1150,0.8,0.10608695652173913,0
2026-10-06T06:48:10Z,redis-cart,26.0,540,0.8,0.04814814814814815,0
2026-10-06T06:48:11Z,frontend,339.75,1150,0.8,0.29543478260869566,0
2026-10-06T06:48:11Z,cartservice,264.0,800,0.95,0.33,0
2026-10-06T06:48:11Z,checkoutservice,205.0,800,0.8,0.25625,0
2026-10-06T06:48:11Z,productcatalogservice,461.0,800,0.95,0.57625,0
2026-10-06T06:48:11Z,paymentservice,38.0,155,0.8,0.24516129032258063,0
2026-10-06T06:48:11Z,recommendationservice,1039.0,1150,0.8,0.9034782608695652,1
2026-10-06T06:48:11Z,shippingservice,100.0,770,0.8,0.12987012987012986,0
2026-10-06T06:48:11Z,currencyservice,375.0,770,0.8,0.487012987012987,0
2026-10-06T06:48:11Z,emailservice,40.0,120,0.8,0.3333333333333333,0
2026-10-06T06:48:11Z,adservice,122.0,1150,0.8,0.10608695652173913,0
2026-10-06T06:48:11Z,redis-cart,26.0,540,0.8,0.04814814814814815,0
2026-10-06T06:48:12Z,frontend,390.75,1150,0.8,0.3397826086956522,0
2026-10-06T06:48:12Z,cartservice,264.0,800,0.95,0.33,0
2026-10-06T06:48:12Z,checkoutservice,536.0,800,0.8,0.67,0
2026-10-06T06:48:12Z,productcatalogservice,499.0,800,0.95,0.62375,0
2026-10-06T06:48:12Z,paymentservice,38.0,155,0.8,0.24516129032258063,0
2026-10-06T06:48:12Z,recommendationservice,1001.0,1150,0.8,0.8704347826086957,1
2026-10-06T06:48:12Z,shippingservice,106.0,770,0.8,0.13766233766233765,0
2026-10-06T06:48:12Z,currencyservice,449.0,770,0.8,0.5831168831168831,0
2026-10-06T06:48:12Z,emailservice,64.0,120,0.8,0.5333333333333333,0
2026-10-06T06:48:12Z,adservice,134.0,1150,0.8,0.11652173913043479,0
2026-10-06T06:48:12Z,redis-cart,33.0,540,0.8,0.06111111111111111,0
2026-10-06T06:48:13Z,frontend,376.25,1150,0.8,0.32717391304347826,0
2026-10-06T06:48:13Z,cartservice,309.0,800,0.95,0.38625,0
2026-10-06T06:48:13Z,checkoutservice,516.0,800,0.8,0.645,0
2026-10-06T06:48:13Z,productcatalogservice,499.0,800,0.95,0.62375,0
2026-10-06T06:48:13Z,paymentservice,35.0,155,0.8,0.22580645161290322,0
2026-10-06T06:48:13Z,recommendationservice,1001.0,1150,0.8,0.8704347826086957,1
2026-10-06T06:48:13Z,shippingservice,106.0,770,0.8,0.13766233766233765,0
2026-10-06T06:48:13Z,currencyservice,427.0,770,0.8,0.5545454545454546,0
2026-10-06T06:48:13Z,emailservice,64.0,120,0.8,0.5333333333333333,0
2026-10-06T06:48:13Z,adservice,157.0,1150,0.8,0.13652173913043478,0
2026-10-06T06:48:13Z,redis-cart,28.0,540,0.8,0.05185185185185185,0
2026-10-06T06:48:14Z,frontend,383.0,1150,0.8,0.33304347826086955,0
2026-10-06T06:48:14Z,cartservice,303.0,800,0.95,0.37875,0
2026-10-06T06:48:14Z,checkoutservice,405.0,800,0.8,0.50625,0
2026-10-06T06:48:14Z,productcatalogservice,502.0,800,0.95,0.6275,0
2026-10-06T06:48:14Z,paymentservice,24.0,155,0.8,0.15483870967741936,0
2026-10-06T06:48:14Z,recommendationservice,973.0,1150,0.8,0.8460869565217392,1
2026-10-06T06:48:14Z,shippingservice,101.0,770,0.8,0.13116883116883116,0
2026-10-06T06:48:14Z,currencyservice,427.0,770,0.8,0.5545454545454546,0
2026-10-06T06:48:14Z,emailservice,48.0,120,0.8,0.4,0
2026-10-06T06:48:14Z,adservice,147.0,1150,0.8,0.12782608695652173,0
2026-10-06T06:48:14Z,redis-cart,28.0,540,0.8,0.05185185185185185,0
2026-10-06T06:48:15Z,frontend,378.5,1150,0.8,0.32913043478260867,0
2026-10-06T06:48:15Z,cartservice,303.0,800,0.95,0.37875,0
2026-10-06T06:48:15Z,checkoutservice,405.0,800,0.8,0.50625,0
2026-10-06T06:48:15Z,productcatalogservice,485.0,800,0.95,0.60625,0
2026-10-06T06:48:15Z,paymentservice,31.0,155,0.8,0.2,0
2026-10-06T06:48:15Z,recommendationservice,1001.0,1150,0.8,0.8704347826086957,1
2026-10-06T06:48:15Z,shippingservice,100.0,770,0.8,0.12987012987012986,0
2026-10-06T06:48:15Z,currencyservice,397.0,770,0.8,0.5155844155844156,0
2026-10-06T06:48:15Z,emailservice,69.0,120,0.8,0.575,0
2026-10-06T06:48:15Z,adservice,147.0,1150,0.8,0.12782608695652173,0
2026-10-06T06:48:15Z,redis-cart,31.0,540,0.8,0.05740740740740741,0
2026-10-06T06:48:16Z,frontend,369.75,1150,0.8,0.3215217391304348,0
2026-10-06T06:48:16Z,cartservice,286.0,800,0.95,0.3575,0
2026-10-06T06:48:16Z,checkoutservice,558.0,800,0.8,0.6975,0
2026-10-06T06:48:16Z,productcatalogservice,492.0,800,0.95,0.615,0
2026-10-06T06:48:16Z,paymentservice,31.0,155,0.8,0.2,0
2026-10-06T06:48:16Z,recommendationservice,1014.0,1150,0.8,0.8817391304347826,1
2026-10-06T06:48:16Z,shippingservice,100.0,770,0.8,0.12987012987012986,0
2026-10-06T06:48:16Z,currencyservice,428.0,770,0.8,0.5558441558441558,0
2026-10-06T06:48:16Z,emailservice,69.0,120,0.8,0.575,0
2026-10-06T06:48:16Z,adservice,156.0,1150,0.8,0.1356521739130435,0
2026-10-06T06:48:16Z,redis-cart,31.0,540,0.8,0.05740740740740741,0
2026-10-06T06:48:17Z,frontend,367.0,1150,0.8,0.3191304347826087,0
2026-10-06T06:48:17Z,cartservice,286.0,800,0.95,0.3575,0
2026-10-06T06:48:17Z,checkoutservice,558.0,800,0.8,0.6975,0
2026-10-06T06:48:17Z,productcatalogservice,492.0,800,0.95,0.615,0
2026-10-06T06:48:17Z,paymentservice,28.0,155,0.8,0.18064516129032257,0
2026-10-06T06:48:17Z,recommendationservice,1014.0,1150,0.8,0.8817391304347826,1
2026-10-06T06:48:17Z,shippingservice,103.0,770,0.8,0.13376623376623376,0
2026-10-06T06:48:17Z,currencyservice,401.0,770,0.8,0.5207792207792208,0
2026-10-06T06:48:17Z,emailservice,49.0,120,0.8,0.4083333333333333,0
2026-10-06T06:48:17Z,adservice,138.0,1150,0.8,0.12,0
2026-10-06T06:48:17Z,redis-cart,32.0,540,0.8,0.05925925925925926,0
2026-10-06T06:48:18Z,frontend,375.5,1150,0.8,0.3265217391304348,0
2026-10-06T06:48:18Z,cartservice,294.0,800,0.95,0.3675,0
2026-10-06T06:48:18Z,checkoutservice,457.0,800,0.8,0.57125,0
2026-10-06T06:48:18Z,productcatalogservice,496.0,800,0.95,0.62,0
2026-10-06T06:48:18Z,paymentservice,28.0,155,0.8,0.18064516129032257,0
2026-10-06T06:48:18Z,recommendationservice,1019.0,1150,0.8,0.8860869565217391,1
2026-10-06T06:48:18Z,shippingservice,103.0,770,0.8,0.13376623376623376,0
2026-10-06T06:48:18Z,currencyservice,401.0,770,0.8,0.5207792207792208,0
2026-10-06T06:48:18Z,emailservice,51.0,120,0.8,0.425,0
2026-10-06T06:48:18Z,adservice,138.0,1150,0.8,0.12,0
2026-10-06T06:48:18Z,redis-cart,34.0,540,0.8,0.06296296296296296,0
2026-10-06T06:48:19Z,frontend,365.5,1150,0.8,0.31782608695652176,0
2026-10-06T06:48:19Z,cartservice,268.0,800,0.95,0.335,0
2026-10-06T06:48:19Z,checkoutservice,457.0,800,0.8,0.57125,0
2026-10-06T06:48:19Z,productcatalogservice,496.0,800,0.95,0.62,0
2026-10-06T06:48:19Z,paymentservice,43.0,155,0.8,0.27741935483870966,0
2026-10-06T06:48:19Z,recommendationservice,1019.0,1150,0.8,0.8860869565217391,1
2026-10-06T06:48:19Z,shippingservice,92.0,770,0.8,0.11948051948051948,0
2026-10-06T06:48:19Z,currencyservice,424.0,770,0.8,0.5506493506493506,0
2026-10-06T06:48:19Z,emailservice,72.0,120,0.8,0.6,0
2026-10-06T06:48:19Z,adservice,136.0,1150,0.8,0.11826086956521739,0
2026-10-06T06:48:19Z,redis-cart,34.0,540,0.8,0.06296296296296296,0
2026-10-06T06:48:20Z,frontend,361.75,1150,0.8,0.31456521739130433,0
2026-10-06T06:48:20Z,cartservice,280.0,800,0.95,0.35,0
2026-10-06T06:48:20Z,checkoutservice,540.0,800,0.8,0.675,0
2026-10-06T06:48:20Z,productcatalogservice,501.0,800,0.95,0.62625,0
2026-10-06T06:48:20Z,paymentservice,32.0,155,0.8,0.2064516129032258,0
2026-10-06T06:48:20Z,recommendationservice,981.0,1150,0.8,0.8530434782608696,1
2026-10-06T06:48:20Z,shippingservice,107.0,770,0.8,0.13896103896103895,0
2026-10-06T06:48:20Z,currencyservice,424.0,770,0.8,0.5506493506493506,0
2026-10-06T06:48:20Z,emailservice,72.0,120,0.8,0.6,0
2026-10-06T06:48:20Z,adservice,156.0,1150,0.8,0.1356521739130435,0
2026-10-06T06:48:20Z,redis-cart,31.0,540,0.8,0.05740740740740741,0
2026-10-06T06:48:21Z,frontend,372.25,1150,0.8,0.32369565217391305,0
2026-10-06T06:48:21Z,cartservice,280.0,800,0.95,0.35,0
2026-10-06T06:48:21Z,checkoutservice,462.0,800,0.8,0.5775,0
2026-10-06T06:48:21Z,productcatalogservice,501.0,800,0.95,0.62625,0
2026-10-06T06:48:21Z,paymentservice,29.0,155,0.8,0.1870967741935484,0
2026-10-06T06:48:21Z,recommendationservice,981.0,1150,0.8,0.8530434782608696,1
2026-10-06T06:48:21Z,shippingservice,107.0,770,0.8,0.13896103896103895,0
2026-10-06T06:48:21Z,currencyservice,424.0,770,0.8,0.5506493506493506,0
2026-10-06T06:48:21Z,emailservice,59.0,120,0.8,0.49166666666666664,0
2026-10-06T06:48:21Z,adservice,156.0,1150,0.8,0.1356521739130435,0
2026-10-06T06:48:21Z,redis-cart,31.0,540,0.8,0.05740740740740741,0
2026-10-06T06:48:22Z,frontend,372.25,1150,0.8,0.32369565217391305,0
2026-10-06T06:48:22Z,cartservice,284.0,800,0.95,0.355,0
2026-10-06T06:48:22Z,checkoutservice,606.0,800,0.8,0.7575,0
2026-10-06T06:48:22Z,productcatalogservice,495.0,800,0.95,0.61875,0
2026-10-06T06:48:22Z,paymentservice,29.0,155,0.8,0.1870967741935484,0
2026-10-06T06:48:22Z,recommendationservice,990.0,1150,0.8,0.8608695652173913,1
2026-10-06T06:48:22Z,shippingservice,103.0,770,0.8,0.13376623376623376,0
2026-10-06T06:48:22Z,currencyservice,436.0,770,0.8,0.5662337662337662,0
2026-10-06T06:48:22Z,emailservice,50.0,120,0.8,0.4166666666666667,0
2026-10-06T06:48:22Z,adservice,144.0,1150,0.8,0.12521739130434784,0
2026-10-06T06:48:22Z,redis-cart,31.0,540,0.8,0.05740740740740741,0
2026-10-06T06:48:23Z,frontend,382.5,1150,0.8,0.33260869565217394,0
2026-10-06T06:48:23Z,cartservice,270.0,800,0.95,0.3375,0
2026-10-06T06:48:23Z,checkoutservice,606.0,800,0.8,0.7575,0
2026-10-06T06:48:23Z,productcatalogservice,495.0,800,0.95,0.61875,0
2026-10-06T06:48:23Z,paymentservice,29.0,155,0.8,0.1870967741935484,0
2026-10-06T06:48:23Z,recommendationservice,980.0,1150,0.8,0.8521739130434782,1
2026-10-06T06:48:23Z,shippingservice,88.0,770,0.8,0.11428571428571428,0
2026-10-06T06:48:23Z,currencyservice,415.0,770,0.8,0.538961038961039,0
2026-10-06T06:48:23Z,emailservice,50.0,120,0.8,0.4166666666666667,0
2026-10-06T06:48:23Z,adservice,144.0,1150,0.8,0.12521739130434784,0
2026-10-06T06:48:23Z,redis-cart,33.0,540,0.8,0.06111111111111111,0
2026-10-06T06:48:24Z,frontend,374.5,1150,0.8,0.32565217391304346,0
2026-10-06T06:48:24Z,cartservice,270.0,800,0.95,0.3375,0
2026-10-06T06:48:24Z,checkoutservice,375.0,800,0.8,0.46875,0
2026-10-06T06:48:24Z,productcatalogservice,493.0,800,0.95,0.61625,0
2026-10-06T06:48:24Z,paymentservice,29.0,155,0.8,0.1870967741935484,0
2026-10-06T06:48:24Z,recommendationservice,980.0,1150,0.8,0.8521739130434782,1
2026-10-06T06:48:24Z,shippingservice,96.0,770,0.8,0.12467532467532468,0
2026-10-06T06:48:24Z,currencyservice,415.0,770,0.8,0.538961038961039,0
2026-10-06T06:48:24Z,emailservice,54.0,120,0.8,0.45,0
2026-10-06T06:48:24Z,adservice,143.0,1150,0.8,0.12434782608695652,0
2026-10-06T06:48:24Z,redis-cart,31.0,540,0.8,0.05740740740740741,0
2026-10-06T06:48:25Z,frontend,356.75,1150,0.8,0.31021739130434783,0
2026-10-06T06:48:25Z,cartservice,328.0,800,0.95,0.41,0
2026-10-06T06:48:25Z,checkoutservice,340.0,800,0.8,0.425,0
2026-10-06T06:48:25Z,productcatalogservice,491.0,800,0.95,0.61375,0
2026-10-06T06:48:25Z,paymentservice,23.0,155,0.8,0.14838709677419354,0
2026-10-06T06:48:25Z,recommendationservice,1050.0,1150,0.8,0.9130434782608695,1
2026-10-06T06:48:25Z,shippingservice,96.0,770,0.8,0.12467532467532468,0
2026-10-06T06:48:25Z,currencyservice,407.0,770,0.8,0.5285714285714286,0
2026-10-06T06:48:25Z,emailservice,55.0,120,0.8,0.4583333333333333,0
2026-10-06T06:48:25Z,adservice,143.0,1150,0.8,0.12434782608695652,0
2026-10-06T06:48:25Z,redis-cart,31.0,540,0.8,0.05740740740740741,0
2026-10-06T06:48:26Z,frontend,343.5,1150,0.8,0.29869565217391303,0
2026-10-06T06:48:26Z,cartservice,320.0,800,0.95,0.4,0
2026-10-06T06:48:26Z,checkoutservice,340.0,800,0.8,0.425,0
2026-10-06T06:48:26Z,productcatalogservice,492.0,800,0.95,0.615,0
2026-10-06T06:48:26Z,paymentservice,23.0,155,0.8,0.14838709677419354,0
2026-10-06T06:48:26Z,recommendationservice,1050.0,1150,0.8,0.9130434782608695,1
2026-10-06T06:48:26Z,shippingservice,78.0,770,0.8,0.1012987012987013,0
2026-10-06T06:48:26Z,currencyservice,407.0,770,0.8,0.5285714285714286,0
2026-10-06T06:48:26Z,emailservice,55.0,120,0.8,0.4583333333333333,0
2026-10-06T06:48:26Z,adservice,156.0,1150,0.8,0.1356521739130435,0
2026-10-06T06:48:26Z,redis-cart,31.0,540,0.8,0.05740740740740741,0
2026-10-06T06:48:27Z,frontend,349.0,1150,0.8,0.3034782608695652,0
2026-10-06T06:48:27Z,cartservice,291.0,800,0.95,0.36375,0
2026-10-06T06:48:27Z,checkoutservice,449.0,800,0.8,0.56125,0
2026-10-06T06:48:27Z,productcatalogservice,505.0,800,0.95,0.63125,0
2026-10-06T06:48:27Z,paymentservice,23.0,155,0.8,0.14838709677419354,0
2026-10-06T06:48:27Z,recommendationservice,1045.0,1150,0.8,0.908695652173913,1
2026-10-06T06:48:27Z,shippingservice,95.0,770,0.8,0.12337662337662338,0
2026-10-06T06:48:27Z,currencyservice,429.0,770,0.8,0.5571428571428572,0
2026-10-06T06:48:27Z,emailservice,42.0,120,0.8,0.35,0
2026-10-06T06:48:27Z,adservice,145.0,1150,0.8,0.12608695652173912,0
2026-10-06T06:48:27Z,redis-cart,32.0,540,0.8,0.05925925925925926,0
2026-10-06T06:48:28Z,frontend,376.75,1150,0.8,0.32760869565217393,0
2026-10-06T06:48:28Z,cartservice,291.0,800,0.95,0.36375,0
2026-10-06T06:48:28Z,checkoutservice,501.0,800,0.8,0.62625,0
2026-10-06T06:48:28Z,productcatalogservice,505.0,800,0.95,0.63125,0
2026-10-06T06:48:28Z,paymentservice,30.0,155,0.8,0.1935483870967742,0
2026-10-06T06:48:28Z,recommendationservice,964.0,1150,0.8,0.8382608695652174,1
2026-10-06T06:48:28Z,shippingservice,93.0,770,0.8,0.12077922077922078,0
2026-10-06T06:48:28Z,currencyservice,406.0,770,0.8,0.5272727272727272,0
2026-10-06T06:48:28Z,emailservice,47.0,120,0.8,0.39166666666666666,0
2026-10-06T06:48:28Z,adservice,145.0,1150,0.8,0.12608695652173912,0
2026-10-06T06:48:28Z,redis-cart,32.0,540,0.8,0.05925925925925926,0
2026-10-06T06:48:29Z,frontend,372.0,1150,0.8,0.3234782608695652,0
2026-10-06T06:48:29Z,cartservice,295.0,800,0.95,0.36875,0
2026-10-06T06:48:29Z,checkoutservice,501.0,800,0.8,0.62625,0
2026-10-06T06:48:29Z,productcatalogservice,500.0,800,0.95,0.625,0
2026-10-06T06:48:29Z,paymentservice,30.0,155,0.8,0.1935483870967742,0
2026-10-06T06:48:29Z,recommendationservice,964.0,1150,0.8,0.8382608695652174,1
2026-10-06T06:48:29Z,shippingservice,93.0,770,0.8,0.12077922077922078,0
2026-10-06T06:48:29Z,currencyservice,437.0,770,0.8,0.5675324675324676,0
2026-10-06T06:48:29Z,emailservice,47.0,120,0.8,0.39166666666666666,0
2026-10-06T06:48:29Z,adservice,138.0,1150,0.8,0.12,0
2026-10-06T06:48:29Z,redis-cart,31.0,540,0.8,0.05740740740740741,0
2026-10-06T06:48:30Z,frontend,372.5,1150,0.8,0.3239130434782609,0
2026-10-06T06:48:30Z,cartservice,300.0,800,0.95,0.375,0
2026-10-06T06:48:30Z,checkoutservice,472.0,800,0.8,0.59,0
2026-10-06T06:48:30Z,productcatalogservice,500.0,800,0.95,0.625,0
2026-10-06T06:48:30Z,paymentservice,42.0,155,0.8,0.2709677419354839,0
2026-10-06T06:48:30Z,recommendationservice,988.0,1150,0.8,0.8591304347826086,1
2026-10-06T06:48:30Z,shippingservice,92.0,770,0.8,0.11948051948051948,0
2026-10-06T06:48:30Z,currencyservice,437.0,770,0.8,0.5675324675324676,0
2026-10-06T06:48:30Z,emailservice,64.0,120,0.8,0.5333333333333333,0
2026-10-06T06:48:30Z,adservice,134.0,1150,0.8,0.11652173913043479,0
2026-10-06T06:48:30Z,redis-cart,31.0,540,0.8,0.05740740740740741,0
2026-10-06T06:48:31Z,frontend,360.25,1150,0.8,0.31326086956521737,0
2026-10-06T06:48:31Z,cartservice,276.0,800,0.95,0.345,0
2026-10-06T06:48:31Z,checkoutservice,472.0,800,0.8,0.59,0
2026-10-06T06:48:31Z,productcatalogservice,481.0,800,0.95,0.60125,0
2026-10-06T06:48:31Z,paymentservice,42.0,155,0.8,0.2709677419354839,0
2026-10-06T06:48:31Z,recommendationservice,996.0,1150,0.8,0.8660869565217392,1
2026-10-06T06:48:31Z,shippingservice,92.0,770,0.8,0.11948051948051948,0
2026-10-06T06:48:31Z,currencyservice,422.0,770,0.8,0.548051948051948,0
2026-10-06T06:48:31Z,emailservice,64.0,120,0.8,0.5333333333333333,0
2026-10-06T06:48:31Z,adservice,134.0,1150,0.8,0.11652173913043479,0
2026-10-06T06:48:31Z,redis-cart,33.0,540,0.8,0.06111111111111111,0
2026-10-06T06:48:32Z,frontend,359.0,1150,0.8,0.31217391304347825,0
2026-10-06T06:48:32Z,cartservice,290.0,800,0.95,0.3625,0
2026-10-06T06:48:32Z,checkoutservice,342.0,800,0.8,0.4275,0
2026-10-06T06:48:32Z,productcatalogservice,474.0,800,0.95,0.5925,0
2026-10-06T06:48:32Z,paymentservice,23.0,155,0.8,0.14838709677419354,0
2026-10-06T06:48:32Z,recommendationservice,996.0,1150,0.8,0.8660869565217392,1
2026-10-06T06:48:32Z,shippingservice,92.0,770,0.8,0.11948051948051948,0
2026-10-06T06:48:32Z,currencyservice,385.0,770,0.8,0.5,0
2026-10-06T06:48:32Z,emailservice,47.0,120,0.8,0.39166666666666666,0
2026-10-06T06:48:32Z,adservice,155.0,1150,0.8,0.13478260869565217,0
2026-10-06T06:48:32Z,redis-cart,32.0,540,0.8,0.05925925925925926,0
2026-10-06T06:48:33Z,frontend,372.25,1150,0.8,0.32369565217391305,0
2026-10-06T06:48:33Z,cartservice,301.0,800,0.95,0.37625,0
2026-10-06T06:48:33Z,checkoutservice,342.0,800,0.8,0.4275,0
2026-10-06T06:48:33Z,productcatalogservice,474.0,800,0.95,0.5925,0
2026-10-06T06:48:33Z,paymentservice,27.0,155,0.8,0.17419354838709677,0
2026-10-06T06:48:33Z,recommendationservice,1012.0,1150,0.8,0.88,1
2026-10-06T06:48:33Z,shippingservice,80.0,770,0.8,0.1038961038961039,0
2026-10-06T06:48:33Z,currencyservice,385.0,770,0.8,0.5,0
2026-10-06T06:48:33Z,emailservice,39.0,120,0.8,0.325,0
2026-10-06T06:48:33Z,adservice,155.0,1150,0.8,0.13478260869565217,0
2026-10-06T06:48:33Z,redis-cart,32.0,540,0.8,0.05925925925925926,0
2026-10-06T06:48:34Z,frontend,367.0,1150,0.8,0.3191304347826087,0
2026-10-06T06:48:34Z,cartservice,301.0,800,0.95,0.37625,0
2026-10-06T06:48:34Z,checkoutservice,464.0,800,0.8,0.58,0
2026-10-06T06:48:34Z,productcatalogservice,499.0,800,0.95,0.62375,0
2026-10-06T06:48:34Z,paymentservice,34.0,155,0.8,0.21935483870967742,0
2026-10-06T06:48:34Z,recommendationservice,1027.0,1150,0.8,0.8930434782608696,1
2026-10-06T06:48:34Z,shippingservice,96.0,770,0.8,0.12467532467532468,0
2026-10-06T06:48:34Z,currencyservice,408.0,770,0.8,0.5298701298701298,0
2026-10-06T06:48:34Z,emailservice,39.0,120,0.8,0.325,0
2026-10-06T06:48:34Z,adservice,127.0,1150,0.8,0.11043478260869566,0
2026-10-06T06:48:34Z,redis-cart,32.0,540,0.8,0.05925925925925926,0
2026-10-06T06:48:35Z,frontend,371.25,1150,0.8,0.32282608695652176,0
2026-10-06T06:48:35Z,cartservice,325.0,800,0.95,0.40625,0
2026-10-06T06:48:35Z,checkoutservice,498.0,800,0.8,0.6225,0
2026-10-06T06:48:35Z,productcatalogservice,490.0,800,0.95,0.6125,0
2026-10-06T06:48:35Z,paymentservice,29.0,155,0.8,0.1870967741935484,0
2026-10-06T06:48:35Z,recommendationservice,992.0,1150,0.8,0.8626086956521739,1
2026-10-06T06:48:35Z,shippingservice,96.0,770,0.8,0.12467532467532468,0
2026-10-06T06:48:35Z,currencyservice,446.0,770,0.8,0.5792207792207792,0
2026-10-06T06:48:35Z,emailservice,74.0,120,0.8,0.6166666666666667,0
2026-10-06T06:48:35Z,adservice,155.0,1150,0.8,0.13478260869565217,0
2026-10-06T06:48:35Z,redis-cart,32.0,540,0.8,0.05925925925925926,0
2026-10-06T06:48:36Z,frontend,350.25,1150,0.8,0.3045652173913043,0
2026-10-06T06:48:36Z,cartservice,325.0,800,0.95,0.40625,0
2026-10-06T06:48:36Z,checkoutservice,498.0,800,0.8,0.6225,0
2026-10-06T06:48:36Z,productcatalogservice,460.0,800,0.95,0.575,0
2026-10-06T06:48:36Z,paymentservice,24.0,155,0.8,0.15483870967741936,0
2026-10-06T06:48:36Z,recommendationservice,992.0,1150,0.8,0.8626086956521739,1
2026-10-06T06:48:36Z,shippingservice,109.0,770,0.8,0.14155844155844155,0
2026-10-06T06:48:36Z,currencyservice,446.0,770,0.8,0.5792207792207792,0
2026-10-06T06:48:36Z,emailservice,49.0,120,0.8,0.4083333333333333,0
2026-10-06T06:48:36Z,adservice,155.0,1150,0.8,0.13478260869565217,0
2026-10-06T06:48:36Z,redis-cart,30.0,540,0.8,0.05555555555555555,0
2026-10-06T06:48:37Z,frontend,359.5,1150,0.8,0.3126086956521739,0
2026-10-06T06:48:37Z,cartservice,321.0,800,0.95,0.40125,0
2026-10-06T06:48:37Z,checkoutservice,436.0,800,0.8,0.545,0
2026-10-06T06:48:37Z,productcatalogservice,487.0,800,0.95,0.60875,0
2026-10-06T06:48:37Z,paymentservice,24.0,155,0.8,0.15483870967741936,0
2026-10-06T06:48:37Z,recommendationservice,979.0,1150,0.8,0.851304347826087,1
2026-10-06T06:48:37Z,shippingservice,85.0,770,0.8,0.11038961038961038,0
2026-10-06T06:48:37Z,currencyservice,399.0,770,0.8,0.5181818181818182,0
2026-10-06T06:48:37Z,emailservice,49.0,120,0.8,0.4083333333333333,0
2026-10-06T06:48:37Z,adservice,131.0,1150,0.8,0.11391304347826087,0
2026-10-06T06:48:37Z,redis-cart,30.0,540,0.8,0.05555555555555555,0
2026-10-06T06:48:38Z,frontend,354.5,1150,0.8,0.30826086956521737,0
2026-10-06T06:48:38Z,cartservice,296.0,800,0.95,0.37,0
2026-10-06T06:48:38Z,checkoutservice,436.0,800,0.8,0.545,0
2026-10-06T06:48:38Z,productcatalogservice,502.0,800,0.95,0.6275,0
2026-10-06T06:48:38Z,paymentservice,21.0,155,0.8,0.13548387096774195,0
2026-10-06T06:48:38Z,recommendationservice,1027.0,1150,0.8,0.8930434782608696,1
2026-10-06T06:48:38Z,shippingservice,85.0,770,0.8,0.11038961038961038,0
2026-10-06T06:48:38Z,currencyservice,399.0,770,0.8,0.5181818181818182,0
2026-10-06T06:48:38Z,emailservice,41.0,120,0.8,0.3416666666666667,0
2026-10-06T06:48:38Z,adservice,131.0,1150,0.8,0.11391304347826087,0
2026-10-06T06:48:38Z,redis-cart,30.0,540,0.8,0.05555555555555555,0
2026-10-06T06:48:39Z,frontend,360.25,1150,0.8,0.31326086956521737,0
2026-10-06T06:48:39Z,cartservice,296.0,800,0.95,0.37,0
2026-10-06T06:48:39Z,checkoutservice,394.0,800,0.8,0.4925,0
2026-10-06T06:48:39Z,productcatalogservice,502.0,800,0.95,0.6275,0
2026-10-06T06:48:39Z,paymentservice,21.0,155,0.8,0.13548387096774195,0
2026-10-06T06:48:39Z,recommendationservice,1049.0,1150,0.8,0.9121739130434783,1
2026-10-06T06:48:39Z,shippingservice,83.0,770,0.8,0.10779220779220779,0
2026-10-06T06:48:39Z,currencyservice,426.0,770,0.8,0.5532467532467532,0
2026-10-06T06:48:39Z,emailservice,41.0,120,0.8,0.3416666666666667,0
2026-10-06T06:48:39Z,adservice,121.0,1150,0.8,0.10521739130434783,0
2026-10-06T06:48:39Z,redis-cart,30.0,540,0.8,0.05555555555555555,0
2026-10-06T06:48:40Z,frontend,364.0,1150,0.8,0.3165217391304348,0
2026-10-06T06:48:40Z,cartservice,322.0,800,0.95,0.4025,0
2026-10-06T06:48:40Z,checkoutservice,505.0,800,0.8,0.63125,0
2026-10-06T06:48:40Z,productcatalogservice,516.0,800,0.95,0.645,0
2026-10-06T06:48:40Z,paymentservice,49.0,155,0.8,0.3161290322580645,0
2026-10-06T06:48:40Z,recommendationservice,961.0,1150,0.8,0.8356521739130435,1
2026-10-06T06:48:40Z,shippingservice,83.0,770,0.8,0.10779220779220779,0
2026-10-06T06:48:40Z,currencyservice,398.0,770,0.8,0.5168831168831168,0
2026-10-06T06:48:40Z,emailservice,57.0,120,0.8,0.475,0
2026-10-06T06:48:40Z,adservice,133.0,1150,0.8,0.11565217391304349,0
2026-10-06T06:48:40Z,redis-cart,31.0,540,0.8,0.05740740740740741,0
2026-10-06T06:48:41Z,frontend,371.5,1150,0.8,0.32304347826086954,0
2026-10-06T06:48:41Z,cartservice,336.0,800,0.95,0.42,0
2026-10-06T06:48:41Z,checkoutservice,505.0,800,0.8,0.63125,0
2026-10-06T06:48:41Z,productcatalogservice,471.0,800,0.95,0.58875,0
2026-10-06T06:48:41Z,paymentservice,32.0,155,0.8,0.2064516129032258,0
2026-10-06T06:48:41Z,recommendationservice,961.0,1150,0.8,0.8356521739130435,1
2026-10-06T06:48:41Z,shippingservice,107.0,770,0.8,0.13896103896103895,0
2026-10-06T06:48:41Z,currencyservice,398.0,770,0.8,0.5168831168831168,0
2026-10-06T06:48:41Z,emailservice,57.0,120,0.8,0.475,0
2026-10-06T06:48:41Z,adservice,133.0,1150,0.8,0.11565217391304349,0
2026-10-06T06:48:41Z,redis-cart,31.0,540,0.8,0.05740740740740741,0
2026-10-06T06:48:42Z,frontend,394.25,1150,0.8,0.3428260869565217,0
2026-10-06T06:48:42Z,cartservice,336.0,800,0.95,0.42,0
2026-10-06T06:48:42Z,checkoutservice,543.0,800,0.8,0.67875,0
2026-10-06T06:48:42Z,productcatalogservice,471.0,800,0.95,0.58875,0
2026-10-06T06:48:42Z,paymentservice,32.0,155,0.8,0.2064516129032258,0
2026-10-06T06:48:42Z,recommendationservice,974.0,1150,0.8,0.8469565217391304,1
2026-10-06T06:48:42Z,shippingservice,104.0,770,0.8,0.13506493506493505,0
2026-10-06T06:48:42Z,currencyservice,429.0,770,0.8,0.5571428571428572,0
2026-10-06T06:48:42Z,emailservice,65.0,120,0.8,0.5416666666666666,0
2026-10-06T06:48:42Z,adservice,146.0,1150,0.8,0.12695652173913044,0
2026-10-06T06:48:42Z,redis-cart,31.0,540,0.8,0.05740740740740741,0
2026-10-06T06:48:43Z,frontend,376.75,1150,0.8,0.32760869565217393,0
2026-10-06T06:48:43Z,cartservice,286.0,800,0.95,0.3575,0
2026-10-06T06:48:43Z,checkoutservice,388.0,800,0.8,0.485,0
2026-10-06T06:48:43Z,productcatalogservice,508.0,800,0.95,0.635,0
2026-10-06T06:48:43Z,paymentservice,26.0,155,0.8,0.16774193548387098,0
2026-10-06T06:48:43Z,recommendationservice,1026.0,1150,0.8,0.8921739130434783,1
2026-10-06T06:48:43Z,shippingservice,104.0,770,0.8,0.13506493506493505,0
2026-10-06T06:48:43Z,currencyservice,429.0,770,0.8,0.5571428571428572,0
2026-10-06T06:48:43Z,emailservice,34.0,120,0.8,0.2833333333333333,0
2026-10-06T06:48:43Z,adservice,146.0,1150,0.8,0.12695652173913044,0
2026-10-06T06:48:43Z,redis-cart,33.0,540,0.8,0.06111111111111111,0
2026-10-06T06:48:44Z,frontend,365.0,1150,0.8,0.3173913043478261,0
2026-10-06T06:48:44Z,cartservice,335.0,800,0.95,0.41875,0
2026-10-06T06:48:44Z,checkoutservice,388.0,800,0.8,0.485,0
2026-10-06T06:48:44Z,productcatalogservice,466.0,800,0.95,0.5825,0
2026-10-06T06:48:44Z,paymentservice,23.0,155,0.8,0.14838709677419354,0
2026-10-06T06:48:44Z,recommendationservice,1026.0,1150,0.8,0.8921739130434783,1
2026-10-06T06:48:44Z,shippingservice,76.0,770,0.8,0.0987012987012987,0
2026-10-06T06:48:44Z,currencyservice,411.0,770,0.8,0.5337662337662338,0
2026-10-06T06:48:44Z,emailservice,32.0,120,0.8,0.26666666666666666,0
2026-10-06T06:48:44Z,adservice,132.0,1150,0.8,0.11478260869565217,0
2026-10-06T06:48:44Z,redis-cart,31.0,540,0.8,0.05740740740740741,0
2026-10-06T06:48:45Z,frontend,342.0,1150,0.8,0.29739130434782607,0
2026-10-06T06:48:45Z,cartservice,335.0,800,0.95,0.41875,0
2026-10-06T06:48:45Z,checkoutservice,378.0,800,0.8,0.4725,0
2026-10-06T06:48:45Z,productcatalogservice,466.0,800,0.95,0.5825,0
2026-10-06T06:48:45Z,paymentservice,23.0,155,0.8,0.14838709677419354,0
2026-10-06T06:48:45Z,recommendationservice,1022.0,1150,0.8,0.888695652173913,1
2026-10-06T06:48:45Z,shippingservice,71.0,770,0.8,0.09220779220779221,0
2026-10-06T06:48:45Z,currencyservice,415.0,770,0.8,0.538961038961039,0
2026-10-06T06:48:45Z,emailservice,70.0,120,0.8,0.5833333333333334,0
2026-10-06T06:48:45Z,adservice,116.0,1150,0.8,0.10086956521739131,0
2026-10-06T06:48:45Z,redis-cart,31.0,540,0.8,0.05740740740740741,0
2026-10-06T06:48:46Z,frontend,354.25,1150,0.8,0.3080434782608696,0
2026-10-06T06:48:46Z,cartservice,306.0,800,0.95,0.3825,0
2026-10-06T06:48:46Z,checkoutservice,522.0,800,0.8,0.6525,0
2026-10-06T06:48:46Z,productcatalogservice,484.0,800,0.95,0.605,0
2026-10-06T06:48:46Z,paymentservice,26.0,155,0.8,0.16774193548387098,0
2026-10-06T06:48:46Z,recommendationservice,1022.0,1150,0.8,0.888695652173913,1
2026-10-06T06:48:46Z,shippingservice,129.0,770,0.8,0.16753246753246753,0
2026-10-06T06:48:46Z,currencyservice,425.0,770,0.8,0.551948051948052,0
2026-10-06T06:48:46Z,emailservice,55.0,120,0.8,0.4583333333333333,0
2026-10-06T06:48:46Z,adservice,116.0,1150,0.8,0.10086956521739131,0
2026-10-06T06:48:46Z,redis-cart,31.0,540,0.8,0.05740740740740741,0
2026-10-06T06:48:47Z,frontend,370.75,1150,0.8,0.3223913043478261,0
2026-10-06T06:48:47Z,cartservice,306.0,800,0.95,0.3825,0
2026-10-06T06:48:47Z,checkoutservice,522.0,800,0.8,0.6525,0
2026-10-06T06:48:47Z,productcatalogservice,484.0,800,0.95,0.605,0
2026-10-06T06:48:47Z,paymentservice,31.0,155,0.8,0.2,0
2026-10-06T06:48:47Z,recommendationservice,967.0,1150,0.8,0.8408695652173913,1
2026-10-06T06:48:47Z,shippingservice,129.0,770,0.8,0.16753246753246753,0
2026-10-06T06:48:47Z,currencyservice,425.0,770,0.8,0.551948051948052,0
2026-10-06T06:48:47Z,emailservice,55.0,120,0.8,0.4583333333333333,0
2026-10-06T06:48:47Z,adservice,156.0,1150,0.8,0.1356521739130435,0
2026-10-06T06:48:47Z,redis-cart,31.0,540,0.8,0.05740740740740741,0
2026-10-06T06:48:48Z,frontend,371.5,1150,0.8,0.32304347826086954,0
2026-10-06T06:48:48Z,cartservice,272.0,800,0.95,0.34,0
2026-10-06T06:48:48Z,checkoutservice,486.0,800,0.8,0.6075,0
2026-10-06T06:48:48Z,productcatalogservice,476.0,800,0.95,0.595,0
2026-10-06T06:48:48Z,paymentservice,31.0,155,0.8,0.2,0
2026-10-06T06:48:48Z,recommendationservice,983.0,1150,0.8,0.8547826086956521,1
2026-10-06T06:48:48Z,shippingservice,84.0,770,0.8,0.10909090909090909,0
2026-10-06T06:48:48Z,currencyservice,419.0,770,0.8,0.5441558441558442,0
2026-10-06T06:48:48Z,emailservice,51.0,120,0.8,0.425,0
2026-10-06T06:48:48Z,adservice,156.0,1150,0.8,0.1356521739130435,0
2026-10-06T06:48:48Z,redis-cart,31.0,540,0.8,0.05740740740740741,0
2026-10-06T06:48:49Z,frontend,380.0,1150,0.8,0.33043478260869563,0
2026-10-06T06:48:49Z,cartservice,298.0,800,0.95,0.3725,0
2026-10-06T06:48:49Z,checkoutservice,500.0,800,0.8,0.625,0
2026-10-06T06:48:49Z,productcatalogservice,476.0,800,0.95,0.595,0
2026-10-06T06:48:49Z,paymentservice,41.0,155,0.8,0.2645161290322581,0
2026-10-06T06:48:49Z,recommendationservice,983.0,1150,0.8,0.8547826086956521,1
2026-10-06T06:48:49Z,shippingservice,84.0,770,0.8,0.10909090909090909,0
2026-10-06T06:48:49Z,currencyservice,419.0,770,0.8,0.5441558441558442,0
2026-10-06T06:48:49Z,emailservice,51.0,120,0.8,0.425,0
2026-10-06T06:48:49Z,adservice,149.0,1150,0.8,0.12956521739130436,0
2026-10-06T06:48:49Z,redis-cart,30.0,540,0.8,0.05555555555555555,0
2026-10-06T06:48:50Z,frontend,376.5,1150,0.8,0.3273913043478261,0
2026-10-06T06:48:50Z,cartservice,328.0,800,0.95,0.41,0
2026-10-06T06:48:50Z,checkoutservice,500.0,800,0.8,0.625,0
2026-10-06T06:48:50Z,productcatalogservice,516.0,800,0.95,0.645,0
2026-10-06T06:48:50Z,paymentservice,41.0,155,0.8,0.2645161290322581,0
2026-10-06T06:48:50Z,recommendationservice,979.0,1150,0.8,0.851304347826087,1
2026-10-06T06:48:50Z,shippingservice,106.0,770,0.8,0.13766233766233765,0
2026-10-06T06:48:50Z,currencyservice,416.0,770,0.8,0.5402597402597402,0
2026-10-06T06:48:50Z,emailservice,64.0,120,0.8,0.5333333333333333,0
2026-10-06T06:48:50Z,adservice,148.0,1150,0.8,0.12869565217391304,0
2026-10-06T06:48:50Z,redis-cart,30.0,540,0.8,0.05555555555555555,0
2026-10-06T06:48:51Z,frontend,374.25,1150,0.8,0.3254347826086956,0
2026-10-06T06:48:51Z,cartservice,307.0,800,0.95,0.38375,0
2026-10-06T06:48:51Z,checkoutservice,523.0,800,0.8,0.65375,0
2026-10-06T06:48:51Z,productcatalogservice,481.0,800,0.95,0.60125,0
2026-10-06T06:48:51Z,paymentservice,35.0,155,0.8,0.22580645161290322,0
2026-10-06T06:48:51Z,recommendationservice,979.0,1150,0.8,0.851304347826087,1
2026-10-06T06:48:51Z,shippingservice,127.0,770,0.8,0.16493506493506493,0
2026-10-06T06:48:51Z,currencyservice,415.0,770,0.8,0.538961038961039,0
2026-10-06T06:48:51Z,emailservice,54.0,120,0.8,0.45,0
2026-10-06T06:48:51Z,adservice,125.0,1150,0.8,0.10869565217391304,0
2026-10-06T06:48:51Z,redis-cart,31.0,540,0.8,0.05740740740740741,0
2026-10-06T06:48:52Z,frontend,342.5,1150,0.8,0.29782608695652174,0
2026-10-06T06:48:52Z,cartservice,307.0,800,0.95,0.38375,0
2026-10-06T06:48:52Z,checkoutservice,455.0,800,0.8,0.56875,0
2026-10-06T06:48:52Z,productcatalogservice,481.0,800,0.95,0.60125,0
2026-10-06T06:48:52Z,paymentservice,25.0,155,0.8,0.16129032258064516,0
2026-10-06T06:48:52Z,recommendationservice,997.0,1150,0.8,0.8669565217391304,1
2026-10-06T06:48:52Z,shippingservice,127.0,770,0.8,0.16493506493506493,0
2026-10-06T06:48:52Z,currencyservice,415.0,770,0.8,0.538961038961039,0
2026-10-06T06:48:52Z,emailservice,54.0,120,0.8,0.45,0
2026-10-06T06:48:52Z,adservice,125.0,1150,0.8,0.10869565217391304,0
2026-10-06T06:48:52Z,redis-cart,32.0,540,0.8,0.05925925925925926,0
2026-10-06T06:48:53Z,frontend,349.75,1150,0.8,0.3041304347826087,0
2026-10-06T06:48:53Z,cartservice,305.0,800,0.95,0.38125,0
2026-10-06T06:48:53Z,checkoutservice,455.0,800,0.8,0.56875,0
2026-10-06T06:48:53Z,productcatalogservice,483.0,800,0.95,0.60375,0
2026-10-06T06:48:53Z,paymentservice,25.0,155,0.8,0.16129032258064516,0
2026-10-06T06:48:53Z,recommendationservice,1023.0,1150,0.8,0.8895652173913043,1
2026-10-06T06:48:53Z,shippingservice,83.0,770,0.8,0.10779220779220779,0
2026-10-06T06:48:53Z,currencyservice,401.0,770,0.8,0.5207792207792208,0
2026-10-06T06:48:53Z,emailservice,51.0,120,0.8,0.425,0
2026-10-06T06:48:53Z,adservice,128.0,1150,0.8,0.11130434782608696,0
2026-10-06T06:48:53Z,redis-cart,32.0,540,0.8,0.05925925925925926,0
2026-10-06T06:48:54Z,frontend,360.5,1150,0.8,0.3134782608695652,0
2026-10-06T06:48:54Z,cartservice,356.0,800,0.95,0.445,0
2026-10-06T06:48:54Z,checkoutservice,491.0,800,0.8,0.61375,0
2026-10-06T06:48:54Z,productcatalogservice,483.0,800,0.95,0.60375,0
2026-10-06T06:48:54Z,paymentservice,29.0,155,0.8,0.1870967741935484,0
2026-10-06T06:48:54Z,recommendationservice,1023.0,1150,0.8,0.8895652173913043,1
2026-10-06T06:48:54Z,shippingservice,107.0,770,0.8,0.13896103896103895,0
2026-10-06T06:48:54Z,currencyservice,424.0,770,0.8,0.5506493506493506,0
2026-10-06T06:48:54Z,emailservice,51.0,120,0.8,0.425,0
2026-10-06T06:48:54Z,adservice,141.0,1150,0.8,0.12260869565217392,0
2026-10-06T06:48:54Z,redis-cart,31.0,540,0.8,0.05740740740740741,0
2026-10-06T06:48:55Z,frontend,371.75,1150,0.8,0.3232608695652174,0
2026-10-06T06:48:55Z,cartservice,297.0,800,0.95,0.37125,0
2026-10-06T06:48:55Z,checkoutservice,516.0,800,0.8,0.645,0
2026-10-06T06:48:55Z,productcatalogservice,493.0,800,0.95,0.61625,0
2026-10-06T06:48:55Z,paymentservice,32.0,155,0.8,0.2064516129032258,0
2026-10-06T06:48:55Z,recommendationservice,966.0,1150,0.8,0.84,1
2026-10-06T06:48:55Z,shippingservice,93.0,770,0.8,0.12077922077922078,0
2026-10-06T06:48:55Z,currencyservice,424.0,770,0.8,0.5506493506493506,0
2026-10-06T06:48:55Z,emailservice,65.0,120,0.8,0.5416666666666666,0
2026-10-06T06:48:55Z,adservice,141.0,1150,0.8,0.12260869565217392,0
2026-10-06T06:48:55Z,redis-cart,31.0,540,0.8,0.05740740740740741,0
2026-10-06T06:48:56Z,frontend,380.5,1150,0.8,0.3308695652173913,0
2026-10-06T06:48:56Z,cartservice,297.0,800,0.95,0.37125,0
2026-10-06T06:48:56Z,checkoutservice,516.0,800,0.8,0.645,0
2026-10-06T06:48:56Z,productcatalogservice,493.0,800,0.95,0.61625,0
2026-10-06T06:48:56Z,paymentservice,32.0,155,0.8,0.2064516129032258,0
2026-10-06T06:48:56Z,recommendationservice,966.0,1150,0.8,0.84,1
2026-10-06T06:48:56Z,shippingservice,93.0,770,0.8,0.12077922077922078,0
2026-10-06T06:48:56Z,currencyservice,448.0,770,0.8,0.5818181818181818,0
2026-10-06T06:48:56Z,emailservice,61.0,120,0.8,0.5083333333333333,0
2026-10-06T06:48:56Z,adservice,151.0,1150,0.8,0.13130434782608696,0
2026-10-06T06:48:56Z,redis-cart,31.0,540,0.8,0.05740740740740741,0
2026-10-06T06:48:57Z,frontend,368.5,1150,0.8,0.3204347826086957,0
2026-10-06T06:48:57Z,cartservice,324.0,800,0.95,0.405,0
2026-10-06T06:48:57Z,checkoutservice,525.0,800,0.8,0.65625,0
2026-10-06T06:48:57Z,productcatalogservice,495.0,800,0.95,0.61875,0
2026-10-06T06:48:57Z,paymentservice,32.0,155,0.8,0.2064516129032258,0
2026-10-06T06:48:57Z,recommendationservice,971.0,1150,0.8,0.8443478260869566,1
2026-10-06T06:48:57Z,shippingservice,123.0,770,0.8,0.15974025974025974,0
2026-10-06T06:48:57Z,currencyservice,422.0,770,0.8,0.548051948051948,0
2026-10-06T06:48:57Z,emailservice,61.0,120,0.8,0.5083333333333333,0
2026-10-06T06:48:57Z,adservice,152.0,1150,0.8,0.13217391304347825,0
2026-10-06T06:48:57Z,redis-cart,32.0,540,0.8,0.05925925925925926,0
2026-10-06T06:48:58Z,frontend,383.25,1150,0.8,0.3332608695652174,0
2026-10-06T06:48:58Z,cartservice,324.0,800,0.95,0.405,0
2026-10-06T06:48:58Z,checkoutservice,525.0,800,0.8,0.65625,0
2026-10-06T06:48:58Z,productcatalogservice,490.0,800,0.95,0.6125,0
2026-10-06T06:48:58Z,paymentservice,32.0,155,0.8,0.2064516129032258,0
2026-10-06T06:48:58Z,recommendationservice,971.0,1150,0.8,0.8443478260869566,1
2026-10-06T06:48:58Z,shippingservice,123.0,770,0.8,0.15974025974025974,0
2026-10-06T06:48:58Z,currencyservice,422.0,770,0.8,0.548051948051948,0
2026-10-06T06:48:58Z,emailservice,50.0,120,0.8,0.4166666666666667,0
2026-10-06T06:48:58Z,adservice,152.0,1150,0.8,0.13217391304347825,0
2026-10-06T06:48:58Z,redis-cart,32.0,540,0.8,0.05925925925925926,0
2026-10-06T06:48:59Z,frontend,358.75,1150,0.8,0.3119565217391304,0
2026-10-06T06:48:59Z,cartservice,320.0,800,0.95,0.4,0
2026-10-06T06:48:59Z,checkoutservice,493.0,800,0.8,0.61625,0
2026-10-06T06:48:59Z,productcatalogservice,495.0,800,0.95,0.61875,0
2026-10-06T06:48:59Z,paymentservice,32.0,155,0.8,0.2064516129032258,0
2026-10-06T06:48:59Z,recommendationservice,971.0,1150,0.8,0.8443478260869566,1
2026-10-06T06:48:59Z,shippingservice,92.0,770,0.8,0.11948051948051948,0
2026-10-06T06:48:59Z,currencyservice,452.0,770,0.8,0.587012987012987,0
2026-10-06T06:48:59Z,emailservice,50.0,120,0.8,0.4166666666666667,0
2026-10-06T06:48:59Z,adservice,140.0,1150,0.8,0.12173913043478261,0
2026-10-06T06:48:59Z,redis-cart,31.0,540,0.8,0.05740740740740741,0
2026-10-06T06:49:00Z,frontend,376.25,1150,0.8,0.32717391304347826,0
2026-10-06T06:49:00Z,cartservice,310.0,800,0.95,0.3875,0
2026-10-06T06:49:00Z,checkoutservice,493.0,800,0.8,0.61625,0
2026-10-06T06:49:00Z,productcatalogservice,495.0,800,0.95,0.61875,0
2026-10-06T06:49:00Z,paymentservice,42.0,155,0.8,0.2709677419354839,0
2026-10-06T06:49:00Z,recommendationservice,986.0,1150,0.8,0.8573913043478261,1
2026-10-06T06:49:00Z,shippingservice,92.0,770,0.8,0.11948051948051948,0
2026-10-06T06:49:00Z,currencyservice,376.0,770,0.8,0.4883116883116883,0
2026-10-06T06:49:00Z,emailservice,62.0,120,0.8,0.5166666666666667,0
2026-10-06T06:49:00Z,adservice,140.0,1150,0.8,0.12173913043478261,0
2026-10-06T06:49:00Z,redis-cart,32.0,540,0.8,0.05925925925925926,0
2026-10-06T06:49:01Z,frontend,364.75,1150,0.8,0.31717391304347825,0
2026-10-06T06:49:01Z,cartservice,310.0,800,0.95,0.3875,0
2026-10-06T06:49:01Z,checkoutservice,466.0,800,0.8,0.5825,0
2026-10-06T06:49:01Z,productcatalogservice,479.0,800,0.95,0.59875,0
2026-10-06T06:49:01Z,paymentservice,42.0,155,0.8,0.2709677419354839,0
2026-10-06T06:49:01Z,recommendationservice,1011.0,1150,0.8,0.8791304347826087,1
2026-10-06T06:49:01Z,shippingservice,95.0,770,0.8,0.12337662337662338,0
2026-10-06T06:49:01Z,currencyservice,376.0,770,0.8,0.4883116883116883,0
2026-10-06T06:49:01Z,emailservice,62.0,120,0.8,0.5166666666666667,0
2026-10-06T06:49:01Z,adservice,145.0,1150,0.8,0.12608695652173912,0
2026-10-06T06:49:01Z,redis-cart,33.0,540,0.8,0.06111111111111111,0
2026-10-06T06:49:02Z,frontend,365.0,1150,0.8,0.3173913043478261,0
2026-10-06T06:49:02Z,cartservice,331.0,800,0.95,0.41375,0
2026-10-06T06:49:02Z,checkoutservice,480.0,800,0.8,0.6,0
2026-10-06T06:49:02Z,productcatalogservice,500.0,800,0.95,0.625,0
2026-10-06T06:49:02Z,paymentservice,29.0,155,0.8,0.1870967741935484,0
2026-10-06T06:49:02Z,recommendationservice,1011.0,1150,0.8,0.8791304347826087,1
2026-10-06T06:49:02Z,shippingservice,92.0,770,0.8,0.11948051948051948,0
2026-10-06T06:49:02Z,currencyservice,403.0,770,0.8,0.5233766233766234,0
2026-10-06T06:49:02Z,emailservice,45.0,120,0.8,0.375,0
2026-10-06T06:49:02Z,adservice,153.0,1150,0.8,0.13304347826086957,0
2026-10-06T06:49:02Z,redis-cart,33.0,540,0.8,0.06111111111111111,0
2026-10-06T06:49:03Z,frontend,374.75,1150,0.8,0.3258695652173913,0
2026-10-06T06:49:03Z,cartservice,308.0,800,0.95,0.385,0
2026-10-06T06:49:03Z,checkoutservice,480.0,800,0.8,0.6,0
2026-10-06T06:49:03Z,productcatalogservice,500.0,800,0.95,0.625,0
2026-10-06T06:49:03Z,paymentservice,29.0,155,0.8,0.1870967741935484,0
2026-10-06T06:49:03Z,recommendationservice,980.0,1150,0.8,0.8521739130434782,1
2026-10-06T06:49:03Z,shippingservice,106.0,770,0.8,0.13766233766233765,0
2026-10-06T06:49:03Z,currencyservice,413.0,770,0.8,0.5363636363636364,0
2026-10-06T06:49:03Z,emailservice,61.0,120,0.8,0.5083333333333333,0
2026-10-06T06:49:03Z,adservice,153.0,1150,0.8,0.13304347826086957,0
2026-10-06T06:49:03Z,redis-cart,29.0,540,0.8,0.053703703703703705,0
2026-10-06T06:49:04Z,frontend,371.5,1150,0.8,0.32304347826086954,0
2026-10-06T06:49:04Z,cartservice,308.0,800,0.95,0.385,0
2026-10-06T06:49:04Z,checkoutservice,553.0,800,0.8,0.69125,0
2026-10-06T06:49:04Z,productcatalogservice,484.0,800,0.95,0.605,0
2026-10-06T06:49:04Z,paymentservice,29.0,155,0.8,0.1870967741935484,0
2026-10-06T06:49:04Z,recommendationservice,980.0,1150,0.8,0.8521739130434782,1
2026-10-06T06:49:04Z,shippingservice,96.0,770,0.8,0.12467532467532468,0
2026-10-06T06:49:04Z,currencyservice,427.0,770,0.8,0.5545454545454546,0
2026-10-06T06:49:04Z,emailservice,60.0,120,0.8,0.5,0
2026-10-06T06:49:04Z,adservice,140.0,1150,0.8,0.12173913043478261,0
2026-10-06T06:49:04Z,redis-cart,29.0,540,0.8,0.053703703703703705,0
2026-10-06T06:49:05Z,frontend,357.5,1150,0.8,0.3108695652173913,0
2026-10-06T06:49:05Z,cartservice,340.0,800,0.95,0.425,0
2026-10-06T06:49:05Z,checkoutservice,412.0,800,0.8,0.515,0
2026-10-06T06:49:05Z,productcatalogservice,484.0,800,0.95,0.605,0
2026-10-06T06:49:05Z,paymentservice,28.0,155,0.8,0.18064516129032257,0
2026-10-06T06:49:05Z,recommendationservice,1003.0,1150,0.8,0.8721739130434782,1
2026-10-06T06:49:05Z,shippingservice,96.0,770,0.8,0.12467532467532468,0
2026-10-06T06:49:05Z,currencyservice,418.0,770,0.8,0.5428571428571428,0
2026-10-06T06:49:05Z,emailservice,62.0,120,0.8,0.5166666666666667,0
2026-10-06T06:49:05Z,adservice,140.0,1150,0.8,0.12173913043478261,0
2026-10-06T06:49:05Z,redis-cart,30.0,540,0.8,0.05555555555555555,0
2026-10-06T06:49:06Z,frontend,364.5,1150,0.8,0.3169565217391304,0
2026-10-06T06:49:06Z,cartservice,277.0,800,0.95,0.34625,0
2026-10-06T06:49:06Z,checkoutservice,412.0,800,0.8,0.515,0
2026-10-06T06:49:06Z,productcatalogservice,496.0,800,0.95,0.62,0
2026-10-06T06:49:06Z,paymentservice,25.0,155,0.8,0.16129032258064516,0
2026-10-06T06:49:06Z,recommendationservice,1008.0,1150,0.8,0.8765217391304347,1
2026-10-06T06:49:06Z,shippingservice,110.0,770,0.8,0.14285714285714285,0
2026-10-06T06:49:06Z,currencyservice,418.0,770,0.8,0.5428571428571428,0
2026-10-06T06:49:06Z,emailservice,62.0,120,0.8,0.5166666666666667,0
2026-10-06T06:49:06Z,adservice,143.0,1150,0.8,0.12434782608695652,0
2026-10-06T06:49:06Z,redis-cart,30.0,540,0.8,0.05555555555555555,0
2026-10-06T06:49:07Z,frontend,319.25,1150,0.8,0.2776086956521739,0
2026-10-06T06:49:07Z,cartservice,277.0,800,0.95,0.34625,0
2026-10-06T06:49:07Z,checkoutservice,367.0,800,0.8,0.45875,0
2026-10-06T06:49:07Z,productcatalogservice,443.0,800,0.95,0.55375,0
2026-10-06T06:49:07Z,paymentservice,25.0,155,0.8,0.16129032258064516,0
2026-10-06T06:49:07Z,recommendationservice,1008.0,1150,0.8,0.8765217391304347,1
2026-10-06T06:49:07Z,shippingservice,110.0,770,0.8,0.14285714285714285,0
2026-10-06T06:49:07Z,currencyservice,360.0,770,0.8,0.4675324675324675,0
2026-10-06T06:49:07Z,emailservice,35.0,120,0.8,0.2916666666666667,0
2026-10-06T06:49:07Z,adservice,85.0,1150,0.8,0.07391304347826087,0
2026-10-06T06:49:07Z,redis-cart,30.0,540,0.8,0.05555555555555555,0
2026-10-06T06:49:08Z,frontend,324.25,1150,0.8,0.28195652173913044,0
2026-10-06T06:49:08Z,cartservice,293.0,800,0.95,0.36625,0
2026-10-06T06:49:08Z,checkoutservice,462.0,800,0.8,0.5775,0
2026-10-06T06:49:08Z,productcatalogservice,480.0,800,0.95,0.6,0
2026-10-06T06:49:08Z,paymentservice,18.0,155,0.8,0.11612903225806452,0
2026-10-06T06:49:08Z,recommendationservice,1078.0,1150,0.8,0.9373913043478261,1
2026-10-06T06:49:08Z,shippingservice,53.0,770,0.8,0.06883116883116883,0
2026-10-06T06:49:08Z,currencyservice,360.0,770,0.8,0.4675324675324675,0
2026-10-06T06:49:08Z,emailservice,35.0,120,0.8,0.2916666666666667,0
2026-10-06T06:49:08Z,adservice,146.0,1150,0.8,0.12695652173913044,0
2026-10-06T06:49:08Z,redis-cart,31.0,540,0.8,0.05740740740740741,0
2026-10-06T06:49:09Z,frontend,355.0,1150,0.8,0.30869565217391304,0
2026-10-06T06:49:09Z,cartservice,327.0,800,0.95,0.40875,0
2026-10-06T06:49:09Z,checkoutservice,462.0,800,0.8,0.5775,0
2026-10-06T06:49:09Z,productcatalogservice,480.0,800,0.95,0.6,0
2026-10-06T06:49:09Z,paymentservice,48.0,155,0.8,0.3096774193548387,0
2026-10-06T06:49:09Z,recommendationservice,1013.0,1150,0.8,0.8808695652173913,1
2026-10-06T06:49:09Z,shippingservice,83.0,770,0.8,0.10779220779220779,0
2026-10-06T06:49:09Z,currencyservice,410.0,770,0.8,0.5324675324675324,0
2026-10-06T06:49:09Z,emailservice,48.0,120,0.8,0.4,0
2026-10-06T06:49:09Z,adservice,146.0,1150,0.8,0.12695652173913044,0
2026-10-06T06:49:09Z,redis-cart,31.0,540,0.8,0.05740740740740741,0
2026-10-06T06:49:10Z,frontend,373.25,1150,0.8,0.32456521739130434,0
2026-10-06T06:49:10Z,cartservice,325.0,800,0.95,0.40625,0
2026-10-06T06:49:10Z,checkoutservice,527.0,800,0.8,0.65875,0
2026-10-06T06:49:10Z,productcatalogservice,512.0,800,0.95,0.64,0
2026-10-06T06:49:10Z,paymentservice,33.0,155,0.8,0.2129032258064516,0
2026-10-06T06:49:10Z,recommendationservice,1013.0,1150,0.8,0.8808695652173913,1
2026-10-06T06:49:10Z,shippingservice,97.0,770,0.8,0.12597402597402596,0
2026-10-06T06:49:10Z,currencyservice,421.0,770,0.8,0.5467532467532468,0
2026-10-06T06:49:10Z,emailservice,81.0,120,0.8,0.675,0
2026-10-06T06:49:10Z,adservice,147.0,1150,0.8,0.12782608695652173,0
2026-10-06T06:49:10Z,redis-cart,32.0,540,0.8,0.05925925925925926,0
2026-10-06T06:49:11Z,frontend,374.25,1150,0.8,0.3254347826086956,0
2026-10-06T06:49:11Z,cartservice,325.0,800,0.95,0.40625,0
2026-10-06T06:49:11Z,checkoutservice,527.0,800,0.8,0.65875,0
2026-10-06T06:49:11Z,productcatalogservice,472.0,800,0.95,0.59,0
2026-10-06T06:49:11Z,paymentservice,33.0,155,0.8,0.2129032258064516,0
2026-10-06T06:49:11Z,recommendationservice,973.0,1150,0.8,0.8460869565217392,1
2026-10-06T06:49:11Z,shippingservice,127.0,770,0.8,0.16493506493506493,0
2026-10-06T06:49:11Z,currencyservice,421.0,770,0.8,0.5467532467532468,0
2026-10-06T06:49:11Z,emailservice,81.0,120,0.8,0.675,0
2026-10-06T06:49:11Z,adservice,147.0,1150,0.8,0.12782608695652173,0
2026-10-06T06:49:11Z,redis-cart,32.0,540,0.8,0.05925925925925926,0
2026-10-06T06:49:12Z,frontend,367.5,1150,0.8,0.31956521739130433,0
2026-10-06T06:49:12Z,cartservice,326.0,800,0.95,0.4075,0
2026-10-06T06:49:12Z,checkoutservice,500.0,800,0.8,0.625,0
2026-10-06T06:49:12Z,productcatalogservice,505.0,800,0.95,0.63125,0
2026-10-06T06:49:12Z,paymentservice,27.0,155,0.8,0.17419354838709677,0
2026-10-06T06:49:12Z,recommendationservice,1016.0,1150,0.8,0.8834782608695653,1
2026-10-06T06:49:12Z,shippingservice,112.0,770,0.8,0.14545454545454545,0
2026-10-06T06:49:12Z,currencyservice,407.0,770,0.8,0.5285714285714286,0
2026-10-06T06:49:12Z,emailservice,49.0,120,0.8,0.4083333333333333,0
2026-10-06T06:49:12Z,adservice,140.0,1150,0.8,0.12173913043478261,0
2026-10-06T06:49:12Z,redis-cart,31.0,540,0.8,0.05740740740740741,0
2026-10-06T06:49:13Z,frontend,375.5,1150,0.8,0.3265217391304348,0
2026-10-06T06:49:13Z,cartservice,356.0,800,0.95,0.445,0
2026-10-06T06:49:13Z,checkoutservice,500.0,800,0.8,0.625,0
2026-10-06T06:49:13Z,productcatalogservice,487.0,800,0.95,0.60875,0
2026-10-06T06:49:13Z,paymentservice,32.0,155,0.8,0.2064516129032258,0
2026-10-06T06:49:13Z,recommendationservice,1005.0,1150,0.8,0.8739130434782608,1
2026-10-06T06:49:13Z,shippingservice,112.0,770,0.8,0.14545454545454545,0
2026-10-06T06:49:13Z,currencyservice,407.0,770,0.8,0.5285714285714286,0
2026-10-06T06:49:13Z,emailservice,50.0,120,0.8,0.4166666666666667,0
2026-10-06T06:49:13Z,adservice,140.0,1150,0.8,0.12173913043478261,0
2026-10-06T06:49:13Z,redis-cart,31.0,540,0.8,0.05740740740740741,0
2026-10-06T06:49:14Z,frontend,375.0,1150,0.8,0.32608695652173914,0
2026-10-06T06:49:14Z,cartservice,356.0,800,0.95,0.445,0
2026-10-06T06:49:14Z,checkoutservice,508.0,800,0.8,0.635,0
2026-10-06T06:49:14Z,productcatalogservice,487.0,800,0.95,0.60875,0
2026-10-06T06:49:14Z,paymentservice,28.0,155,0.8,0.18064516129032257,0
2026-10-06T06:49:14Z,recommendationservice,1005.0,1150,0.8,0.8739130434782608,1
2026-10-06T06:49:14Z,shippingservice,87.0,770,0.8,0.11298701298701298,0
2026-10-06T06:49:14Z,currencyservice,442.0,770,0.8,0.574025974025974,0
2026-10-06T06:49:14Z,emailservice,61.0,120,0.8,0.5083333333333333,0
2026-10-06T06:49:14Z,adservice,143.0,1150,0.8,0.12434782608695652,0
2026-10-06T06:49:14Z,redis-cart,33.0,540,0.8,0.06111111111111111,0
2026-10-06T06:49:15Z,frontend,337.5,1150,0.8,0.29347826086956524,0
2026-10-06T06:49:15Z,cartservice,326.0,800,0.95,0.4075,0
2026-10-06T06:49:15Z,checkoutservice,356.0,800,0.8,0.445,0
2026-10-06T06:49:15Z,productcatalogservice,474.0,800,0.95,0.5925,0
2026-10-06T06:49:15Z,paymentservice,28.0,155,0.8,0.18064516129032257,0
2026-10-06T06:49:15Z,recommendationservice,1015.0,1150,0.8,0.8826086956521739,1
2026-10-06T06:49:15Z,shippingservice,64.0,770,0.8,0.08311688311688312,0
2026-10-06T06:49:15Z,currencyservice,382.0,770,0.8,0.4961038961038961,0
2026-10-06T06:49:15Z,emailservice,61.0,120,0.8,0.5083333333333333,0
2026-10-06T06:49:15Z,adservice,135.0,1150,0.8,0.11739130434782609,0
2026-10-06T06:49:15Z,redis-cart,29.0,540,0.8,0.053703703703703705,0
2026-10-06T06:49:16Z,frontend,363.5,1150,0.8,0.3160869565217391,0
2026-10-06T06:49:16Z,cartservice,338.0,800,0.95,0.4225,0
2026-10-06T06:49:16Z,checkoutservice,356.0,800,0.8,0.445,0
2026-10-06T06:49:16Z,productcatalogservice,446.0,800,0.95,0.5575,0
2026-10-06T06:49:16Z,paymentservice,17.0,155,0.8,0.10967741935483871,0
2026-10-06T06:49:16Z,recommendationservice,1005.0,1150,0.8,0.8739130434782608,1
2026-10-06T06:49:16Z,shippingservice,64.0,770,0.8,0.08311688311688312,0
2026-10-06T06:49:16Z,currencyservice,421.0,770,0.8,0.5467532467532468,0
2026-10-06T06:49:16Z,emailservice,30.0,120,0.8,0.25,0
2026-10-06T06:49:16Z,adservice,149.0,1150,0.8,0.12956521739130436,0
2026-10-06T06:49:16Z,redis-cart,29.0,540,0.8,0.053703703703703705,0
2026-10-06T06:49:17Z,frontend,370.5,1150,0.8,0.32217391304347825,0
2026-10-06T06:49:17Z,cartservice,338.0,800,0.95,0.4225,0
2026-10-06T06:49:17Z,checkoutservice,446.0,800,0.8,0.5575,0
2026-10-06T06:49:17Z,productcatalogservice,446.0,800,0.95,0.5575,0
2026-10-06T06:49:17Z,paymentservice,34.0,155,0.8,0.21935483870967742,0
2026-10-06T06:49:17Z,recommendationservice,1005.0,1150,0.8,0.8739130434782608,1
2026-10-06T06:49:17Z,shippingservice,105.0,770,0.8,0.13636363636363635,0
2026-10-06T06:49:17Z,currencyservice,421.0,770,0.8,0.5467532467532468,0
2026-10-06T06:49:17Z,emailservice,30.0,120,0.8,0.25,0
2026-10-06T06:49:17Z,adservice,149.0,1150,0.8,0.12956521739130436,0
2026-10-06T06:49:17Z,redis-cart,32.0,540,0.8,0.05925925925925926,0
2026-10-06T06:49:18Z,frontend,358.75,1150,0.8,0.3119565217391304,0
2026-10-06T06:49:18Z,cartservice,309.0,800,0.95,0.38625,0
2026-10-06T06:49:18Z,checkoutservice,446.0,800,0.8,0.5575,0
2026-10-06T06:49:18Z,productcatalogservice,508.0,800,0.95,0.635,0
2026-10-06T06:49:18Z,paymentservice,34.0,155,0.8,0.21935483870967742,0
2026-10-06T06:49:18Z,recommendationservice,970.0,1150,0.8,0.8434782608695652,1
2026-10-06T06:49:18Z,shippingservice,94.0,770,0.8,0.12207792207792208,0
2026-10-06T06:49:18Z,currencyservice,422.0,770,0.8,0.548051948051948,0
2026-10-06T06:49:18Z,emailservice,62.0,120,0.8,0.5166666666666667,0
2026-10-06T06:49:18Z,adservice,144.0,1150,0.8,0.12521739130434784,0
2026-10-06T06:49:18Z,redis-cart,32.0,540,0.8,0.05925925925925926,0
2026-10-06T06:49:19Z,frontend,383.5,1150,0.8,0.3334782608695652,0
2026-10-06T06:49:19Z,cartservice,309.0,800,0.95,0.38625,0
2026-10-06T06:49:19Z,checkoutservice,535.0,800,0.8,0.66875,0
2026-10-06T06:49:19Z,productcatalogservice,508.0,800,0.95,0.635,0
2026-10-06T06:49:19Z,paymentservice,47.0,155,0.8,0.3032258064516129,0
2026-10-06T06:49:19Z,recommendationservice,1005.0,1150,0.8,0.8739130434782608,1
2026-10-06T06:49:19Z,shippingservice,94.0,770,0.8,0.12207792207792208,0
2026-10-06T06:49:19Z,currencyservice,422.0,770,0.8,0.548051948051948,0
2026-10-06T06:49:19Z,emailservice,66.0,120,0.8,0.55,0
2026-10-06T06:49:19Z,adservice,144.0,1150,0.8,0.12521739130434784,0
2026-10-06T06:49:19Z,redis-cart,31.0,540,0.8,0.05740740740740741,0
2026-10-06T06:49:20Z,frontend,370.75,1150,0.8,0.3223913043478261,0
2026-10-06T06:49:20Z,cartservice,290.0,800,0.95,0.3625,0
2026-10-06T06:49:20Z,checkoutservice,478.0,800,0.8,0.5975,0
2026-10-06T06:49:20Z,productcatalogservice,517.0,800,0.95,0.64625,0
2026-10-06T06:49:20Z,paymentservice,30.0,155,0.8,0.1935483870967742,0
2026-10-06T06:49:20Z,recommendationservice,983.0,1150,0.8,0.8547826086956521,1
2026-10-06T06:49:20Z,shippingservice,98.0,770,0.8,0.12727272727272726,0
2026-10-06T06:49:20Z,currencyservice,412.0,770,0.8,0.535064935064935,0
2026-10-06T06:49:20Z,emailservice,66.0,120,0.8,0.55,0
2026-10-06T06:49:20Z,adservice,155.0,1150,0.8,0.13478260869565217,0
2026-10-06T06:49:20Z,redis-cart,31.0,540,0.8,0.05740740740740741,0
2026-10-06T06:49:21Z,frontend,342.75,1150,0.8,0.2980434782608696,0
2026-10-06T06:49:21Z,cartservice,290.0,800,0.95,0.3625,0
2026-10-06T06:49:21Z,checkoutservice,478.0,800,0.8,0.5975,0
2026-10-06T06:49:21Z,productcatalogservice,451.0,800,0.95,0.56375,0
2026-10-06T06:49:21Z,paymentservice,25.0,155,0.8,0.16129032258064516,0
2026-10-06T06:49:21Z,recommendationservice,983.0,1150,0.8,0.8547826086956521,1
2026-10-06T06:49:21Z,shippingservice,77.0,770,0.8,0.1,0
2026-10-06T06:49:21Z,currencyservice,382.0,770,0.8,0.4961038961038961,0
2026-10-06T06:49:21Z,emailservice,47.0,120,0.8,0.39166666666666666,0
2026-10-06T06:49:21Z,adservice,118.0,1150,0.8,0.10260869565217391,0
2026-10-06T06:49:21Z,redis-cart,31.0,540,0.8,0.05740740740740741,0
2026-10-06T06:49:22Z,frontend,349.75,1150,0.8,0.3041304347826087,0
2026-10-06T06:49:22Z,cartservice,290.0,800,0.95,0.3625,0
2026-10-06T06:49:22Z,checkoutservice,437.0,800,0.8,0.54625,0
2026-10-06T06:49:22Z,productcatalogservice,451.0,800,0.95,0.56375,0
2026-10-06T06:49:22Z,paymentservice,25.0,155,0.8,0.16129032258064516,0
2026-10-06T06:49:22Z,recommendationservice,1024.0,1150,0.8,0.8904347826086957,1
2026-10-06T06:49:22Z,shippingservice,87.0,770,0.8,0.11298701298701298,0
2026-10-06T06:49:22Z,currencyservice,442.0,770,0.8,0.574025974025974,0
2026-10-06T06:49:22Z,emailservice,47.0,120,0.8,0.39166666666666666,0
2026-10-06T06:49:22Z,adservice,140.0,1150,0.8,0.12173913043478261,0
2026-10-06T06:49:22Z,redis-cart,31.0,540,0.8,0.05740740740740741,0
2026-10-06T06:49:23Z,frontend,381.0,1150,0.8,0.331304347826087,0
2026-10-06T06:49:23Z,cartservice,333.0,800,0.95,0.41625,0
2026-10-06T06:49:23Z,checkoutservice,503.0,800,0.8,0.62875,0
2026-10-06T06:49:23Z,productcatalogservice,490.0,800,0.95,0.6125,0
2026-10-06T06:49:23Z,paymentservice,24.0,155,0.8,0.15483870967741936,0
2026-10-06T06:49:23Z,recommendationservice,1024.0,1150,0.8,0.8904347826086957,1
2026-10-06T06:49:23Z,shippingservice,96.0,770,0.8,0.12467532467532468,0
2026-10-06T06:49:23Z,currencyservice,442.0,770,0.8,0.574025974025974,0
2026-10-06T06:49:23Z,emailservice,56.0,120,0.8,0.4666666666666667,0
2026-10-06T06:49:23Z,adservice,140.0,1150,0.8,0.12173913043478261,0
2026-10-06T06:49:23Z,redis-cart,32.0,540,0.8,0.05925925925925926,0
2026-10-06T06:49:24Z,frontend,378.5,1150,0.8,0.32913043478260867,0
2026-10-06T06:49:24Z,cartservice,345.0,800,0.95,0.43125,0
2026-10-06T06:49:24Z,checkoutservice,503.0,800,0.8,0.62875,0
2026-10-06T06:49:24Z,productcatalogservice,503.0,800,0.95,0.62875,0
2026-10-06T06:49:24Z,paymentservice,32.0,155,0.8,0.2064516129032258,0
2026-10-06T06:49:24Z,recommendationservice,1010.0,1150,0.8,0.8782608695652174,1
2026-10-06T06:49:24Z,shippingservice,96.0,770,0.8,0.12467532467532468,0
2026-10-06T06:49:24Z,currencyservice,414.0,770,0.8,0.5376623376623376,0
2026-10-06T06:49:24Z,emailservice,56.0,120,0.8,0.4666666666666667,0
2026-10-06T06:49:24Z,adservice,145.0,1150,0.8,0.12608695652173912,0
2026-10-06T06:49:24Z,redis-cart,32.0,540,0.8,0.05925925925925926,0
2026-10-06T06:49:25Z,frontend,361.25,1150,0.8,0.3141304347826087,0
2026-10-06T06:49:25Z,cartservice,345.0,800,0.95,0.43125,0
2026-10-06T06:49:25Z,checkoutservice,458.0,800,0.8,0.5725,0
2026-10-06T06:49:25Z,productcatalogservice,486.0,800,0.95,0.6075,0
2026-10-06T06:49:25Z,paymentservice,24.0,155,0.8,0.15483870967741936,0
2026-10-06T06:49:25Z,recommendationservice,1017.0,1150,0.8,0.8843478260869565,1
2026-10-06T06:49:25Z,shippingservice,88.0,770,0.8,0.11428571428571428,0
2026-10-06T06:49:25Z,currencyservice,414.0,770,0.8,0.5376623376623376,0
2026-10-06T06:49:25Z,emailservice,62.0,120,0.8,0.5166666666666667,0
2026-10-06T06:49:25Z,adservice,145.0,1150,0.8,0.12608695652173912,0
2026-10-06T06:49:25Z,redis-cart,32.0,540,0.8,0.05925925925925926,0
2026-10-06T06:49:26Z,frontend,353.5,1150,0.8,0.3073913043478261,0
2026-10-06T06:49:26Z,cartservice,311.0,800,0.95,0.38875,0
2026-10-06T06:49:26Z,checkoutservice,501.0,800,0.8,0.62625,0
2026-10-06T06:49:26Z,productcatalogservice,486.0,800,0.95,0.6075,0
2026-10-06T06:49:26Z,paymentservice,24.0,155,0.8,0.15483870967741936,0
2026-10-06T06:49:26Z,recommendationservice,998.0,1150,0.8,0.8678260869565217,1
2026-10-06T06:49:26Z,shippingservice,88.0,770,0.8,0.11428571428571428,0
2026-10-06T06:49:26Z,currencyservice,424.0,770,0.8,0.5506493506493506,0
2026-10-06T06:49:26Z,emailservice,52.0,120,0.8,0.43333333333333335,0
2026-10-06T06:49:26Z,adservice,131.0,1150,0.8,0.11391304347826087,0
2026-10-06T06:49:26Z,redis-cart,32.0,540,0.8,0.05925925925925926,0
2026-10-06T06:49:27Z,frontend,379.25,1150,0.8,0.3297826086956522,0
2026-10-06T06:49:27Z,cartservice,325.0,800,0.95,0.40625,0
2026-10-06T06:49:27Z,checkoutservice,501.0,800,0.8,0.62625,0
2026-10-06T06:49:27Z,productcatalogservice,484.0,800,0.95,0.605,0
2026-10-06T06:49:27Z,paymentservice,28.0,155,0.8,0.18064516129032257,0
2026-10-06T06:49:27Z,recommendationservice,998.0,1150,0.8,0.8678260869565217,1
2026-10-06T06:49:27Z,shippingservice,109.0,770,0.8,0.14155844155844155,0
2026-10-06T06:49:27Z,currencyservice,415.0,770,0.8,0.538961038961039,0
2026-10-06T06:49:27Z,emailservice,52.0,120,0.8,0.43333333333333335,0
2026-10-06T06:49:27Z,adservice,138.0,1150,0.8,0.12,0
2026-10-06T06:49:27Z,redis-cart,35.0,540,0.8,0.06481481481481481,0
2026-10-06T06:49:28Z,frontend,353.75,1150,0.8,0.3076086956521739,0
2026-10-06T06:49:28Z,cartservice,325.0,800,0.95,0.40625,0
2026-10-06T06:49:28Z,checkoutservice,429.0,800,0.8,0.53625,0
2026-10-06T06:49:28Z,productcatalogservice,484.0,800,0.95,0.605,0
2026-10-06T06:49:28Z,paymentservice,28.0,155,0.8,0.18064516129032257,0
2026-10-06T06:49:28Z,recommendationservice,1038.0,1150,0.8,0.9026086956521739,1
2026-10-06T06:49:28Z,shippingservice,87.0,770,0.8,0.11298701298701298,0
2026-10-06T06:49:28Z,currencyservice,415.0,770,0.8,0.538961038961039,0
2026-10-06T06:49:28Z,emailservice,45.0,120,0.8,0.375,0
2026-10-06T06:49:28Z,adservice,118.0,1150,0.8,0.10260869565217391,0
2026-10-06T06:49:28Z,redis-cart,33.0,540,0.8,0.06111111111111111,0
2026-10-06T06:49:29Z,frontend,346.75,1150,0.8,0.3015217391304348,0
2026-10-06T06:49:29Z,cartservice,331.0,800,0.95,0.41375,0
2026-10-06T06:49:29Z,checkoutservice,508.0,800,0.8,0.635,0
2026-10-06T06:49:29Z,productcatalogservice,469.0,800,0.95,0.58625,0
2026-10-06T06:49:29Z,paymentservice,49.0,155,0.8,0.3161290322580645,0
2026-10-06T06:49:29Z,recommendationservice,1044.0,1150,0.8,0.9078260869565218,1
2026-10-06T06:49:29Z,shippingservice,87.0,770,0.8,0.11298701298701298,0
2026-10-06T06:49:29Z,currencyservice,384.0,770,0.8,0.4987012987012987,0
2026-10-06T06:49:29Z,emailservice,45.0,120,0.8,0.375,0
2026-10-06T06:49:29Z,adservice,118.0,1150,0.8,0.10260869565217391,0
2026-10-06T06:49:29Z,redis-cart,31.0,540,0.8,0.05740740740740741,0
2026-10-06T06:49:30Z,frontend,360.25,1150,0.8,0.31326086956521737,0
2026-10-06T06:49:30Z,cartservice,342.0,800,0.95,0.4275,0
2026-10-06T06:49:30Z,checkoutservice,508.0,800,0.8,0.635,0
2026-10-06T06:49:30Z,productcatalogservice,502.0,800,0.95,0.6275,0
2026-10-06T06:49:30Z,paymentservice,49.0,155,0.8,0.3161290322580645,0
2026-10-06T06:49:30Z,recommendationservice,977.0,1150,0.8,0.8495652173913043,1
2026-10-06T06:49:30Z,shippingservice,90.0,770,0.8,0.11688311688311688,0
2026-10-06T06:49:30Z,currencyservice,417.0,770,0.8,0.5415584415584416,0
2026-10-06T06:49:30Z,emailservice,74.0,120,0.8,0.6166666666666667,0
2026-10-06T06:49:30Z,adservice,134.0,1150,0.8,0.11652173913043479,0
2026-10-06T06:49:30Z,redis-cart,31.0,540,0.8,0.05740740740740741,0
2026-10-06T06:49:31Z,frontend,370.5,1150,0.8,0.32217391304347825,0
2026-10-06T06:49:31Z,cartservice,342.0,800,0.95,0.4275,0
2026-10-06T06:49:31Z,checkoutservice,434.0,800,0.8,0.5425,0
2026-10-06T06:49:31Z,productcatalogservice,502.0,800,0.95,0.6275,0
2026-10-06T06:49:31Z,paymentservice,29.0,155,0.8,0.1870967741935484,0
2026-10-06T06:49:31Z,recommendationservice,945.0,1150,0.8,0.8217391304347826,1
2026-10-06T06:49:31Z,shippingservice,90.0,770,0.8,0.11688311688311688,0
2026-10-06T06:49:31Z,currencyservice,417.0,770,0.8,0.5415584415584416,0
2026-10-06T06:49:31Z,emailservice,74.0,120,0.8,0.6166666666666667,0
2026-10-06T06:49:31Z,adservice,134.0,1150,0.8,0.11652173913043479,0
2026-10-06T06:49:31Z,redis-cart,33.0,540,0.8,0.06111111111111111,0
2026-10-06T06:49:32Z,frontend,359.5,1150,0.8,0.3126086956521739,0
2026-10-06T06:49:32Z,cartservice,311.0,800,0.95,0.38875,0
2026-10-06T06:49:32Z,checkoutservice,434.0,800,0.8,0.5425,0
2026-10-06T06:49:32Z,productcatalogservice,482.0,800,0.95,0.6025,0
2026-10-06T06:49:32Z,paymentservice,29.0,155,0.8,0.1870967741935484,0
2026-10-06T06:49:32Z,recommendationservice,1008.0,1150,0.8,0.8765217391304347,1
2026-10-06T06:49:32Z,shippingservice,99.0,770,0.8,0.12857142857142856,0
2026-10-06T06:49:32Z,currencyservice,408.0,770,0.8,0.5298701298701298,0
2026-10-06T06:49:32Z,emailservice,48.0,120,0.8,0.4,0
2026-10-06T06:49:32Z,adservice,160.0,1150,0.8,0.1391304347826087,0
2026-10-06T06:49:32Z,redis-cart,33.0,540,0.8,0.06111111111111111,0
2026-10-06T06:49:33Z,frontend,363.5,1150,0.8,0.3160869565217391,0
2026-10-06T06:49:33Z,cartservice,293.0,800,0.95,0.36625,0
2026-10-06T06:49:33Z,checkoutservice,537.0,800,0.8,0.67125,0
2026-10-06T06:49:33Z,productcatalogservice,478.0,800,0.95,0.5975,0
2026-10-06T06:49:33Z,paymentservice,28.0,155,0.8,0.18064516129032257,0
2026-10-06T06:49:33Z,recommendationservice,1008.0,1150,0.8,0.8765217391304347,1
2026-10-06T06:49:33Z,shippingservice,92.0,770,0.8,0.11948051948051948,0
2026-10-06T06:49:33Z,currencyservice,415.0,770,0.8,0.538961038961039,0
2026-10-06T06:49:33Z,emailservice,48.0,120,0.8,0.4,0
2026-10-06T06:49:33Z,adservice,160.0,1150,0.8,0.1391304347826087,0
2026-10-06T06:49:33Z,redis-cart,30.0,540,0.8,0.05555555555555555,0
2026-10-06T06:49:34Z,frontend,371.0,1150,0.8,0.3226086956521739,0
2026-10-06T06:49:34Z,cartservice,293.0,800,0.95,0.36625,0
2026-10-06T06:49:34Z,checkoutservice,464.0,800,0.8,0.58,0
2026-10-06T06:49:34Z,productcatalogservice,478.0,800,0.95,0.5975,0
2026-10-06T06:49:34Z,paymentservice,28.0,155,0.8,0.18064516129032257,0
2026-10-06T06:49:34Z,recommendationservice,1024.0,1150,0.8,0.8904347826086957,1
2026-10-06T06:49:34Z,shippingservice,91.0,770,0.8,0.11818181818181818,0
2026-10-06T06:49:34Z,currencyservice,415.0,770,0.8,0.538961038961039,0
2026-10-06T06:49:34Z,emailservice,51.0,120,0.8,0.425,0
2026-10-06T06:49:34Z,adservice,142.0,1150,0.8,0.12347826086956522,0
2026-10-06T06:49:34Z,redis-cart,31.0,540,0.8,0.05740740740740741,0
2026-10-06T06:49:35Z,frontend,383.75,1150,0.8,0.33369565217391306,0
2026-10-06T06:49:35Z,cartservice,331.0,800,0.95,0.41375,0
2026-10-06T06:49:35Z,checkoutservice,571.0,800,0.8,0.71375,0
2026-10-06T06:49:35Z,productcatalogservice,503.0,800,0.95,0.62875,0
2026-10-06T06:49:35Z,paymentservice,29.0,155,0.8,0.1870967741935484,0
2026-10-06T06:49:35Z,recommendationservice,962.0,1150,0.8,0.8365217391304348,1
2026-10-06T06:49:35Z,shippingservice,91.0,770,0.8,0.11818181818181818,0
2026-10-06T06:49:35Z,currencyservice,435.0,770,0.8,0.564935064935065,0
2026-10-06T06:49:35Z,emailservice,93.0,120,0.8,0.775,0
2026-10-06T06:49:35Z,adservice,151.0,1150,0.8,0.13130434782608696,0
2026-10-06T06:49:35Z,redis-cart,72.0,540,0.8,0.13333333333333333,0
2026-10-06T06:49:36Z,frontend,382.5,1150,0.8,0.33260869565217394,0
2026-10-06T06:49:36Z,cartservice,290.0,800,0.95,0.3625,0
2026-10-06T06:49:36Z,checkoutservice,571.0,800,0.8,0.71375,0
2026-10-06T06:49:36Z,productcatalogservice,503.0,800,0.95,0.62875,0
2026-10-06T06:49:36Z,paymentservice,29.0,155,0.8,0.1870967741935484,0
2026-10-06T06:49:36Z,recommendationservice,962.0,1150,0.8,0.8365217391304348,1
2026-10-06T06:49:36Z,shippingservice,115.0,770,0.8,0.14935064935064934,0
2026-10-06T06:49:36Z,currencyservice,435.0,770,0.8,0.564935064935065,0
2026-10-06T06:49:36Z,emailservice,93.0,120,0.8,0.775,0
2026-10-06T06:49:36Z,adservice,151.0,1150,0.8,0.13130434782608696,0
2026-10-06T06:49:36Z,redis-cart,72.0,540,0.8,0.13333333333333333,0
2026-10-06T06:49:37Z,frontend,372.5,1150,0.8,0.3239130434782609,0
2026-10-06T06:49:37Z,cartservice,303.0,800,0.95,0.37875,0
2026-10-06T06:49:37Z,checkoutservice,470.0,800,0.8,0.5875,0
2026-10-06T06:49:37Z,productcatalogservice,485.0,800,0.95,0.60625,0
2026-10-06T06:49:37Z,paymentservice,29.0,155,0.8,0.1870967741935484,0
2026-10-06T06:49:37Z,recommendationservice,990.0,1150,0.8,0.8608695652173913,1
2026-10-06T06:49:37Z,shippingservice,108.0,770,0.8,0.14025974025974025,0
2026-10-06T06:49:37Z,currencyservice,430.0,770,0.8,0.5584415584415584,0
2026-10-06T06:49:37Z,emailservice,54.0,120,0.8,0.45,0
2026-10-06T06:49:37Z,adservice,141.0,1150,0.8,0.12260869565217392,0
2026-10-06T06:49:37Z,redis-cart,32.0,540,0.8,0.05925925925925926,0
2026-10-06T06:49:38Z,frontend,362.5,1150,0.8,0.31521739130434784,0
2026-10-06T06:49:38Z,cartservice,303.0,800,0.95,0.37875,0
2026-10-06T06:49:38Z,checkoutservice,527.0,800,0.8,0.65875,0
2026-10-06T06:49:38Z,productcatalogservice,487.0,800,0.95,0.60875,0
2026-10-06T06:49:38Z,paymentservice,27.0,155,0.8,0.17419354838709677,0
2026-10-06T06:49:38Z,recommendationservice,966.0,1150,0.8,0.84,1
2026-10-06T06:49:38Z,shippingservice,99.0,770,0.8,0.12857142857142856,0
2026-10-06T06:49:38Z,currencyservice,428.0,770,0.8,0.5558441558441558,0
2026-10-06T06:49:38Z,emailservice,50.0,120,0.8,0.4166666666666667,0
2026-10-06T06:49:38Z,adservice,141.0,1150,0.8,0.12260869565217392,0
2026-10-06T06:49:38Z,redis-cart,31.0,540,0.8,0.05740740740740741,0
2026-10-06T06:49:39Z,frontend,375.5,1150,0.8,0.3265217391304348,0
2026-10-06T06:49:39Z,cartservice,276.0,800,0.95,0.345,0
2026-10-06T06:49:39Z,checkoutservice,527.0,800,0.8,0.65875,0
2026-10-06T06:49:39Z,productcatalogservice,487.0,800,0.95,0.60875,0
2026-10-06T06:49:39Z,paymentservice,50.0,155,0.8,0.3225806451612903,0
2026-10-06T06:49:39Z,recommendationservice,966.0,1150,0.8,0.84,1
2026-10-06T06:49:39Z,shippingservice,96.0,770,0.8,0.12467532467532468,0
2026-10-06T06:49:39Z,currencyservice,428.0,770,0.8,0.5558441558441558,0
2026-10-06T06:49:39Z,emailservice,69.0,120,0.8,0.575,0
2026-10-06T06:49:39Z,adservice,129.0,1150,0.8,0.11217391304347826,0
2026-10-06T06:49:39Z,redis-cart,31.0,540,0.8,0.05740740740740741,0
2026-10-06T06:49:40Z,frontend,378.75,1150,0.8,0.3293478260869565,0
2026-10-06T06:49:40Z,cartservice,308.0,800,0.95,0.385,0
2026-10-06T06:49:40Z,checkoutservice,486.0,800,0.8,0.6075,0
2026-10-06T06:49:40Z,productcatalogservice,517.0,800,0.95,0.64625,0
2026-10-06T06:49:40Z,paymentservice,25.0,155,0.8,0.16129032258064516,0
2026-10-06T06:49:40Z,recommendationservice,993.0,1150,0.8,0.8634782608695653,1
2026-10-06T06:49:40Z,shippingservice,96.0,770,0.8,0.12467532467532468,0
2026-10-06T06:49:40Z,currencyservice,402.0,770,0.8,0.522077922077922,0
2026-10-06T06:49:40Z,emailservice,69.0,120,0.8,0.575,0
2026-10-06T06:49:40Z,adservice,145.0,1150,0.8,0.12608695652173912,0
2026-10-06T06:49:40Z,redis-cart,31.0,540,0.8,0.05740740740740741,0
2026-10-06T06:49:41Z,frontend,379.25,1150,0.8,0.3297826086956522,0
2026-10-06T06:49:41Z,cartservice,308.0,800,0.95,0.385,0
2026-10-06T06:49:41Z,checkoutservice,463.0,800,0.8,0.57875,0
2026-10-06T06:49:41Z,productcatalogservice,472.0,800,0.95,0.59,0
2026-10-06T06:49:41Z,paymentservice,25.0,155,0.8,0.16129032258064516,0
2026-10-06T06:49:41Z,recommendationservice,993.0,1150,0.8,0.8634782608695653,1
2026-10-06T06:49:41Z,shippingservice,91.0,770,0.8,0.11818181818181818,0
2026-10-06T06:49:41Z,currencyservice,410.0,770,0.8,0.5324675324675324,0
2026-10-06T06:49:41Z,emailservice,62.0,120,0.8,0.5166666666666667,0
2026-10-06T06:49:41Z,adservice,145.0,1150,0.8,0.12608695652173912,0
2026-10-06T06:49:41Z,redis-cart,31.0,540,0.8,0.05740740740740741,0
2026-10-06T06:49:42Z,frontend,365.5,1150,0.8,0.31782608695652176,0
2026-10-06T06:49:42Z,cartservice,308.0,800,0.95,0.385,0
2026-10-06T06:49:42Z,checkoutservice,463.0,800,0.8,0.57875,0
2026-10-06T06:49:42Z,productcatalogservice,472.0,800,0.95,0.59,0
2026-10-06T06:49:42Z,paymentservice,25.0,155,0.8,0.16129032258064516,0
2026-10-06T06:49:42Z,recommendationservice,989.0,1150,0.8,0.86,1
2026-10-06T06:49:42Z,shippingservice,91.0,770,0.8,0.11818181818181818,0
2026-10-06T06:49:42Z,currencyservice,410.0,770,0.8,0.5324675324675324,0
2026-10-06T06:49:42Z,emailservice,46.0,120,0.8,0.38333333333333336,0
2026-10-06T06:49:42Z,adservice,152.0,1150,0.8,0.13217391304347825,0
2026-10-06T06:49:42Z,redis-cart,31.0,540,0.8,0.05740740740740741,0
2026-10-06T06:49:43Z,frontend,371.0,1150,0.8,0.3226086956521739,0
2026-10-06T06:49:43Z,cartservice,308.0,800,0.95,0.385,0
2026-10-06T06:49:43Z,checkoutservice,497.0,800,0.8,0.62125,0
2026-10-06T06:49:43Z,productcatalogservice,520.0,800,0.95,0.65,0
2026-10-06T06:49:43Z,paymentservice,25.0,155,0.8,0.16129032258064516,0
2026-10-06T06:49:43Z,recommendationservice,1018.0,1150,0.8,0.8852173913043478,1
2026-10-06T06:49:43Z,shippingservice,108.0,770,0.8,0.14025974025974025,0
2026-10-06T06:49:43Z,currencyservice,420.0,770,0.8,0.5454545454545454,0
2026-10-06T06:49:43Z,emailservice,46.0,120,0.8,0.38333333333333336,0
2026-10-06T06:49:43Z,adservice,128.0,1150,0.8,0.11130434782608696,0
2026-10-06T06:49:43Z,redis-cart,31.0,540,0.8,0.05740740740740741,0
2026-10-06T06:49:44Z,frontend,358.0,1150,0.8,0.31130434782608696,0
2026-10-06T06:49:44Z,cartservice,299.0,800,0.95,0.37375,0
2026-10-06T06:49:44Z,checkoutservice,451.0,800,0.8,0.56375,0
2026-10-06T06:49:44Z,productcatalogservice,480.0,800,0.95,0.6,0
2026-10-06T06:49:44Z,paymentservice,28.0,155,0.8,0.18064516129032257,0
2026-10-06T06:49:44Z,recommendationservice,1018.0,1150,0.8,0.8852173913043478,1
2026-10-06T06:49:44Z,shippingservice,108.0,770,0.8,0.14025974025974025,0
2026-10-06T06:49:44Z,currencyservice,420.0,770,0.8,0.5454545454545454,0
2026-10-06T06:49:44Z,emailservice,50.0,120,0.8,0.4166666666666667,0
2026-10-06T06:49:44Z,adservice,128.0,1150,0.8,0.11130434782608696,0
2026-10-06T06:49:44Z,redis-cart,31.0,540,0.8,0.05740740740740741,0
2026-10-06T06:49:45Z,frontend,337.75,1150,0.8,0.293695652173913,0
2026-10-06T06:49:45Z,cartservice,298.0,800,0.95,0.3725,0
2026-10-06T06:49:45Z,checkoutservice,451.0,800,0.8,0.56375,0
2026-10-06T06:49:45Z,productcatalogservice,478.0,800,0.95,0.5975,0
2026-10-06T06:49:45Z,paymentservice,27.0,155,0.8,0.17419354838709677,0
2026-10-06T06:49:45Z,recommendationservice,1054.0,1150,0.8,0.9165217391304348,1
2026-10-06T06:49:45Z,shippingservice,82.0,770,0.8,0.10649350649350649,0
2026-10-06T06:49:45Z,currencyservice,370.0,770,0.8,0.4805194805194805,0
2026-10-06T06:49:45Z,emailservice,71.0,120,0.8,0.5916666666666667,0
2026-10-06T06:49:45Z,adservice,120.0,1150,0.8,0.10434782608695652,0
2026-10-06T06:49:45Z,redis-cart,29.0,540,0.8,0.053703703703703705,0
2026-10-06T06:49:46Z,frontend,327.75,1150,0.8,0.285,0
2026-10-06T06:49:46Z,cartservice,298.0,800,0.95,0.3725,0
2026-10-06T06:49:46Z,checkoutservice,404.0,800,0.8,0.505,0
2026-10-06T06:49:46Z,productcatalogservice,478.0,800,0.95,0.5975,0
2026-10-06T06:49:46Z,paymentservice,19.0,155,0.8,0.12258064516129032,0
2026-10-06T06:49:46Z,recommendationservice,1033.0,1150,0.8,0.8982608695652174,1
2026-10-06T06:49:46Z,shippingservice,90.0,770,0.8,0.11688311688311688,0
2026-10-06T06:49:46Z,currencyservice,400.0,770,0.8,0.5194805194805194,0
2026-10-06T06:49:46Z,emailservice,39.0,120,0.8,0.325,0
2026-10-06T06:49:46Z,adservice,120.0,1150,0.8,0.10434782608695652,0
2026-10-06T06:49:46Z,redis-cart,29.0,540,0.8,0.053703703703703705,0
2026-10-06T06:49:47Z,frontend,334.25,1150,0.8,0.2906521739130435,0
2026-10-06T06:49:47Z,cartservice,307.0,800,0.95,0.38375,0
2026-10-06T06:49:47Z,checkoutservice,433.0,800,0.8,0.54125,0
2026-10-06T06:49:47Z,productcatalogservice,498.0,800,0.95,0.6225,0
2026-10-06T06:49:47Z,paymentservice,27.0,155,0.8,0.17419354838709677,0
2026-10-06T06:49:47Z,recommendationservice,1009.0,1150,0.8,0.8773913043478261,1
2026-10-06T06:49:47Z,shippingservice,90.0,770,0.8,0.11688311688311688,0
2026-10-06T06:49:47Z,currencyservice,439.0,770,0.8,0.5701298701298702,0
2026-10-06T06:49:47Z,emailservice,46.0,120,0.8,0.38333333333333336,0
2026-10-06T06:49:47Z,adservice,147.0,1150,0.8,0.12782608695652173,0
2026-10-06T06:49:47Z,redis-cart,30.0,540,0.8,0.05555555555555555,0
2026-10-06T06:49:48Z,frontend,363.0,1150,0.8,0.31565217391304345,0
2026-10-06T06:49:48Z,cartservice,307.0,800,0.95,0.38375,0
2026-10-06T06:49:48Z,checkoutservice,433.0,800,0.8,0.54125,0
2026-10-06T06:49:48Z,productcatalogservice,498.0,800,0.95,0.6225,0
2026-10-06T06:49:48Z,paymentservice,27.0,155,0.8,0.17419354838709677,0
2026-10-06T06:49:48Z,recommendationservice,1009.0,1150,0.8,0.8773913043478261,1
2026-10-06T06:49:48Z,shippingservice,95.0,770,0.8,0.12337662337662338,0
2026-10-06T06:49:48Z,currencyservice,439.0,770,0.8,0.5701298701298702,0
2026-10-06T06:49:48Z,emailservice,46.0,120,0.8,0.38333333333333336,0
2026-10-06T06:49:48Z,adservice,113.0,1150,0.8,0.09826086956521739,0
2026-10-06T06:49:48Z,redis-cart,30.0,540,0.8,0.05555555555555555,0
2026-10-06T06:49:49Z,frontend,363.0,1150,0.8,0.31565217391304345,0
2026-10-06T06:49:49Z,cartservice,325.0,800,0.95,0.40625,0
2026-10-06T06:49:49Z,checkoutservice,479.0,800,0.8,0.59875,0
2026-10-06T06:49:49Z,productcatalogservice,480.0,800,0.95,0.6,0
2026-10-06T06:49:49Z,paymentservice,53.0,155,0.8,0.3419354838709677,0
2026-10-06T06:49:49Z,recommendationservice,983.0,1150,0.8,0.8547826086956521,1
2026-10-06T06:49:49Z,shippingservice,95.0,770,0.8,0.12337662337662338,0
2026-10-06T06:49:49Z,currencyservice,409.0,770,0.8,0.5311688311688312,0
2026-10-06T06:49:49Z,emailservice,54.0,120,0.8,0.45,0
2026-10-06T06:49:49Z,adservice,113.0,1150,0.8,0.09826086956521739,0
2026-10-06T06:49:49Z,redis-cart,32.0,540,0.8,0.05925925925925926,0
2026-10-06T06:49:50Z,frontend,364.75,1150,0.8,0.31717391304347825,0
2026-10-06T06:49:50Z,cartservice,325.0,800,0.95,0.40625,0
2026-10-06T06:49:50Z,checkoutservice,479.0,800,0.8,0.59875,0
2026-10-06T06:49:50Z,productcatalogservice,519.0,800,0.95,0.64875,0
2026-10-06T06:49:50Z,paymentservice,27.0,155,0.8,0.17419354838709677,0
2026-10-06T06:49:50Z,recommendationservice,986.0,1150,0.8,0.8573913043478261,1
2026-10-06T06:49:50Z,shippingservice,107.0,770,0.8,0.13896103896103895,0
2026-10-06T06:49:50Z,currencyservice,424.0,770,0.8,0.5506493506493506,0
2026-10-06T06:49:50Z,emailservice,74.0,120,0.8,0.6166666666666667,0
2026-10-06T06:49:50Z,adservice,143.0,1150,0.8,0.12434782608695652,0
2026-10-06T06:49:50Z,redis-cart,32.0,540,0.8,0.05925925925925926,0
2026-10-06T06:49:51Z,frontend,347.25,1150,0.8,0.30195652173913046,0
2026-10-06T06:49:51Z,cartservice,302.0,800,0.95,0.3775,0
2026-10-06T06:49:51Z,checkoutservice,573.0,800,0.8,0.71625,0
2026-10-06T06:49:51Z,productcatalogservice,493.0,800,0.95,0.61625,0
2026-10-06T06:49:51Z,paymentservice,27.0,155,0.8,0.17419354838709677,0
2026-10-06T06:49:51Z,recommendationservice,989.0,1150,0.8,0.86,1
2026-10-06T06:49:51Z,shippingservice,97.0,770,0.8,0.12597402597402596,0
2026-10-06T06:49:51Z,currencyservice,424.0,770,0.8,0.5506493506493506,0
2026-10-06T06:49:51Z,emailservice,48.0,120,0.8,0.4,0
2026-10-06T06:49:51Z,adservice,143.0,1150,0.8,0.12434782608695652,0
2026-10-06T06:49:51Z,redis-cart,30.0,540,0.8,0.05555555555555555,0
2026-10-06T06:49:52Z,frontend,361.75,1150,0.8,0.31456521739130433,0
2026-10-06T06:49:52Z,cartservice,299.0,800,0.95,0.37375,0
2026-10-06T06:49:52Z,checkoutservice,424.0,800,0.8,0.53,0
2026-10-06T06:49:52Z,productcatalogservice,493.0,800,0.95,0.61625,0
2026-10-06T06:49:52Z,paymentservice,27.0,155,0.8,0.17419354838709677,0
2026-10-06T06:49:52Z,recommendationservice,1024.0,1150,0.8,0.8904347826086957,1
2026-10-06T06:49:52Z,shippingservice,82.0,770,0.8,0.10649350649350649,0
2026-10-06T06:49:52Z,currencyservice,406.0,770,0.8,0.5272727272727272,0
2026-10-06T06:49:52Z,emailservice,48.0,120,0.8,0.4,0
2026-10-06T06:49:52Z,adservice,132.0,1150,0.8,0.11478260869565217,0
2026-10-06T06:49:52Z,redis-cart,30.0,540,0.8,0.05555555555555555,0
2026-10-06T06:49:53Z,frontend,368.5,1150,0.8,0.3204347826086957,0
2026-10-06T06:49:53Z,cartservice,308.0,800,0.95,0.385,0
2026-10-06T06:49:53Z,checkoutservice,424.0,800,0.8,0.53,0
2026-10-06T06:49:53Z,productcatalogservice,481.0,800,0.95,0.60125,0
2026-10-06T06:49:53Z,paymentservice,26.0,155,0.8,0.16774193548387098,0
2026-10-06T06:49:53Z,recommendationservice,1024.0,1150,0.8,0.8904347826086957,1
2026-10-06T06:49:53Z,shippingservice,82.0,770,0.8,0.10649350649350649,0
2026-10-06T06:49:53Z,currencyservice,408.0,770,0.8,0.5298701298701298,0
2026-10-06T06:49:53Z,emailservice,47.0,120,0.8,0.39166666666666666,0
2026-10-06T06:49:53Z,adservice,129.0,1150,0.8,0.11217391304347826,0
2026-10-06T06:49:53Z,redis-cart,31.0,540,0.8,0.05740740740740741,0
2026-10-06T06:49:54Z,frontend,358.25,1150,0.8,0.3115217391304348,0
2026-10-06T06:49:54Z,cartservice,308.0,800,0.95,0.385,0
2026-10-06T06:49:54Z,checkoutservice,377.0,800,0.8,0.47125,0
2026-10-06T06:49:54Z,productcatalogservice,493.0,800,0.95,0.61625,0
2026-10-06T06:49:54Z,paymentservice,26.0,155,0.8,0.16774193548387098,0
2026-10-06T06:49:54Z,recommendationservice,1058.0,1150,0.8,0.92,1
2026-10-06T06:49:54Z,shippingservice,90.0,770,0.8,0.11688311688311688,0
2026-10-06T06:49:54Z,currencyservice,408.0,770,0.8,0.5298701298701298,0
2026-10-06T06:49:54Z,emailservice,69.0,120,0.8,0.575,0
2026-10-06T06:49:54Z,adservice,129.0,1150,0.8,0.11217391304347826,0
2026-10-06T06:49:54Z,redis-cart,31.0,540,0.8,0.05740740740740741,0
2026-10-06T06:49:55Z,frontend,353.5,1150,0.8,0.3073913043478261,0
2026-10-06T06:49:55Z,cartservice,306.0,800,0.95,0.3825,0
2026-10-06T06:49:55Z,checkoutservice,520.0,800,0.8,0.65,0
2026-10-06T06:49:55Z,productcatalogservice,496.0,800,0.95,0.62,0
2026-10-06T06:49:55Z,paymentservice,26.0,155,0.8,0.16774193548387098,0
2026-10-06T06:49:55Z,recommendationservice,1021.0,1150,0.8,0.8878260869565218,1
2026-10-06T06:49:55Z,shippingservice,90.0,770,0.8,0.11688311688311688,0
2026-10-06T06:49:55Z,currencyservice,421.0,770,0.8,0.5467532467532468,0
2026-10-06T06:49:55Z,emailservice,69.0,120,0.8,0.575,0
2026-10-06T06:49:55Z,adservice,130.0,1150,0.8,0.11304347826086956,0
2026-10-06T06:49:55Z,redis-cart,29.0,540,0.8,0.053703703703703705,0
2026-10-06T06:49:56Z,frontend,367.0,1150,0.8,0.3191304347826087,0
2026-10-06T06:49:56Z,cartservice,306.0,800,0.95,0.3825,0
2026-10-06T06:49:56Z,checkoutservice,520.0,800,0.8,0.65,0
2026-10-06T06:49:56Z,productcatalogservice,485.0,800,0.95,0.60625,0
2026-10-06T06:49:56Z,paymentservice,29.0,155,0.8,0.1870967741935484,0
2026-10-06T06:49:56Z,recommendationservice,1015.0,1150,0.8,0.8826086956521739,1
2026-10-06T06:49:56Z,shippingservice,102.0,770,0.8,0.13246753246753246,0
2026-10-06T06:49:56Z,currencyservice,421.0,770,0.8,0.5467532467532468,0
2026-10-06T06:49:56Z,emailservice,50.0,120,0.8,0.4166666666666667,0
2026-10-06T06:49:56Z,adservice,131.0,1150,0.8,0.11391304347826087,0
2026-10-06T06:49:56Z,redis-cart,32.0,540,0.8,0.05925925925925926,0
2026-10-06T06:49:57Z,frontend,366.25,1150,0.8,0.3184782608695652,0
2026-10-06T06:49:57Z,cartservice,319.0,800,0.95,0.39875,0
2026-10-06T06:49:57Z,checkoutservice,390.0,800,0.8,0.4875,0
2026-10-06T06:49:57Z,productcatalogservice,485.0,800,0.95,0.60625,0
2026-10-06T06:49:57Z,paymentservice,29.0,155,0.8,0.1870967741935484,0
2026-10-06T06:49:57Z,recommendationservice,1029.0,1150,0.8,0.8947826086956522,1
2026-10-06T06:49:57Z,shippingservice,85.0,770,0.8,0.11038961038961038,0
2026-10-06T06:49:57Z,currencyservice,431.0,770,0.8,0.5597402597402598,0
2026-10-06T06:49:57Z,emailservice,50.0,120,0.8,0.4166666666666667,0
2026-10-06T06:49:57Z,adservice,117.0,1150,0.8,0.10173913043478261,0
2026-10-06T06:49:57Z,redis-cart,30.0,540,0.8,0.05555555555555555,0
2026-10-06T06:49:58Z,frontend,354.25,1150,0.8,0.3080434782608696,0
2026-10-06T06:49:58Z,cartservice,273.0,800,0.95,0.34125,0
2026-10-06T06:49:58Z,checkoutservice,390.0,800,0.8,0.4875,0
2026-10-06T06:49:58Z,productcatalogservice,468.0,800,0.95,0.585,0
2026-10-06T06:49:58Z,paymentservice,20.0,155,0.8,0.12903225806451613,0
2026-10-06T06:49:58Z,recommendationservice,1029.0,1150,0.8,0.8947826086956522,1
2026-10-06T06:49:58Z,shippingservice,85.0,770,0.8,0.11038961038961038,0
2026-10-06T06:49:58Z,currencyservice,365.0,770,0.8,0.474025974025974,0
2026-10-06T06:49:58Z,emailservice,32.0,120,0.8,0.26666666666666666,0
2026-10-06T06:49:58Z,adservice,117.0,1150,0.8,0.10173913043478261,0
2026-10-06T06:49:58Z,redis-cart,30.0,540,0.8,0.05555555555555555,0
2026-10-06T06:49:59Z,frontend,335.0,1150,0.8,0.29130434782608694,0
2026-10-06T06:49:59Z,cartservice,273.0,800,0.95,0.34125,0
2026-10-06T06:49:59Z,checkoutservice,336.0,800,0.8,0.42,0
2026-10-06T06:49:59Z,productcatalogservice,482.0,800,0.95,0.6025,0
2026-10-06T06:49:59Z,paymentservice,41.0,155,0.8,0.2645161290322581,0
2026-10-06T06:49:59Z,recommendationservice,1047.0,1150,0.8,0.9104347826086957,1
2026-10-06T06:49:59Z,shippingservice,70.0,770,0.8,0.09090909090909091,0
2026-10-06T06:49:59Z,currencyservice,365.0,770,0.8,0.474025974025974,0
2026-10-06T06:49:59Z,emailservice,32.0,120,0.8,0.26666666666666666,0
2026-10-06T06:49:59Z,adservice,127.0,1150,0.8,0.11043478260869566,0
2026-10-06T06:49:59Z,redis-cart,32.0,540,0.8,0.05925925925925926,0
2026-10-06T06:50:00Z,frontend,337.5,1150,0.8,0.29347826086956524,0
2026-10-06T06:50:00Z,cartservice,276.0,800,0.95,0.345,0
2026-10-06T06:50:00Z,checkoutservice,336.0,800,0.8,0.42,0
2026-10-06T06:50:00Z,productcatalogservice,471.0,800,0.95,0.58875,0
2026-10-06T06:50:00Z,paymentservice,41.0,155,0.8,0.2645161290322581,0
2026-10-06T06:50:00Z,recommendationservice,1068.0,1150,0.8,0.928695652173913,1
2026-10-06T06:50:00Z,shippingservice,84.0,770,0.8,0.10909090909090909,0
2026-10-06T06:50:00Z,currencyservice,401.0,770,0.8,0.5207792207792208,0
2026-10-06T06:50:00Z,emailservice,59.0,120,0.8,0.49166666666666664,0
2026-10-06T06:50:00Z,adservice,124.0,1150,0.8,0.10782608695652174,0
2026-10-06T06:50:00Z,redis-cart,32.0,540,0.8,0.05925925925925926,0
2026-10-06T06:50:01Z,frontend,363.5,1150,0.8,0.3160869565217391,0
2026-10-06T06:50:01Z,cartservice,301.0,800,0.95,0.37625,0
2026-10-06T06:50:01Z,checkoutservice,504.0,800,0.8,0.63,0
2026-10-06T06:50:01Z,productcatalogservice,451.0,800,0.95,0.56375,0
2026-10-06T06:50:01Z,paymentservice,27.0,155,0.8,0.17419354838709677,0
2026-10-06T06:50:01Z,recommendationservice,1068.0,1150,0.8,0.928695652173913,1
2026-10-06T06:50:01Z,shippingservice,84.0,770,0.8,0.10909090909090909,0
2026-10-06T06:50:01Z,currencyservice,411.0,770,0.8,0.5337662337662338,0
2026-10-06T06:50:01Z,emailservice,59.0,120,0.8,0.49166666666666664,0
2026-10-06T06:50:01Z,adservice,124.0,1150,0.8,0.10782608695652174,0
2026-10-06T06:50:01Z,redis-cart,31.0,540,0.8,0.05740740740740741,0
2026-10-06T06:50:02Z,frontend,346.25,1150,0.8,0.3010869565217391,0
2026-10-06T06:50:02Z,cartservice,285.0,800,0.95,0.35625,0
2026-10-06T06:50:02Z,checkoutservice,303.0,800,0.8,0.37875,0
2026-10-06T06:50:02Z,productcatalogservice,451.0,800,0.95,0.56375,0
2026-10-06T06:50:02Z,paymentservice,27.0,155,0.8,0.17419354838709677,0
2026-10-06T06:50:02Z,recommendationservice,1008.0,1150,0.8,0.8765217391304347,1
2026-10-06T06:50:02Z,shippingservice,81.0,770,0.8,0.10519480519480519,0
2026-10-06T06:50:02Z,currencyservice,411.0,770,0.8,0.5337662337662338,0
2026-10-06T06:50:02Z,emailservice,48.0,120,0.8,0.4,0
2026-10-06T06:50:02Z,adservice,134.0,1150,0.8,0.11652173913043479,0
2026-10-06T06:50:02Z,redis-cart,33.0,540,0.8,0.06111111111111111,0
2026-10-06T06:50:03Z,frontend,361.5,1150,0.8,0.3143478260869565,0
2026-10-06T06:50:03Z,cartservice,313.0,800,0.95,0.39125,0
2026-10-06T06:50:03Z,checkoutservice,365.0,800,0.8,0.45625,0
2026-10-06T06:50:03Z,productcatalogservice,486.0,800,0.95,0.6075,0
2026-10-06T06:50:03Z,paymentservice,20.0,155,0.8,0.12903225806451613,0
2026-10-06T06:50:03Z,recommendationservice,1024.0,1150,0.8,0.8904347826086957,1
2026-10-06T06:50:03Z,shippingservice,81.0,770,0.8,0.10519480519480519,0
2026-10-06T06:50:03Z,currencyservice,403.0,770,0.8,0.5233766233766234,0
2026-10-06T06:50:03Z,emailservice,48.0,120,0.8,0.4,0
2026-10-06T06:50:03Z,adservice,117.0,1150,0.8,0.10173913043478261,0
2026-10-06T06:50:03Z,redis-cart,33.0,540,0.8,0.06111111111111111,0
2026-10-06T06:50:04Z,frontend,361.5,1150,0.8,0.3143478260869565,0
2026-10-06T06:50:04Z,cartservice,313.0,800,0.95,0.39125,0
2026-10-06T06:50:04Z,checkoutservice,365.0,800,0.8,0.45625,0
2026-10-06T06:50:04Z,productcatalogservice,486.0,800,0.95,0.6075,0
2026-10-06T06:50:04Z,paymentservice,20.0,155,0.8,0.12903225806451613,0
2026-10-06T06:50:04Z,recommendationservice,1052.0,1150,0.8,0.9147826086956522,1
2026-10-06T06:50:04Z,shippingservice,64.0,770,0.8,0.08311688311688312,0
2026-10-06T06:50:04Z,currencyservice,434.0,770,0.8,0.5636363636363636,0
2026-10-06T06:50:04Z,emailservice,33.0,120,0.8,0.275,0
2026-10-06T06:50:04Z,adservice,117.0,1150,0.8,0.10173913043478261,0
2026-10-06T06:50:04Z,redis-cart,31.0,540,0.8,0.05740740740740741,0
2026-10-06T06:50:05Z,frontend,350.25,1150,0.8,0.3045652173913043,0
2026-10-06T06:50:05Z,cartservice,310.0,800,0.95,0.3875,0
2026-10-06T06:50:05Z,checkoutservice,396.0,800,0.8,0.495,0
2026-10-06T06:50:05Z,productcatalogservice,461.0,800,0.95,0.57625,0
2026-10-06T06:50:05Z,paymentservice,20.0,155,0.8,0.12903225806451613,0
2026-10-06T06:50:05Z,recommendationservice,1052.0,1150,0.8,0.9147826086956522,1
2026-10-06T06:50:05Z,shippingservice,71.0,770,0.8,0.09220779220779221,0
2026-10-06T06:50:05Z,currencyservice,456.0,770,0.8,0.5922077922077922,0
2026-10-06T06:50:05Z,emailservice,60.0,120,0.8,0.5,0
2026-10-06T06:50:05Z,adservice,137.0,1150,0.8,0.1191304347826087,0
2026-10-06T06:50:05Z,redis-cart,31.0,540,0.8,0.05740740740740741,0
2026-10-06T06:50:06Z,frontend,342.25,1150,0.8,0.2976086956521739,0
2026-10-06T06:50:06Z,cartservice,286.0,800,0.95,0.3575,0
2026-10-06T06:50:06Z,checkoutservice,440.0,800,0.8,0.55,0
2026-10-06T06:50:06Z,productcatalogservice,472.0,800,0.95,0.59,0
2026-10-06T06:50:06Z,paymentservice,21.0,155,0.8,0.13548387096774195,0
2026-10-06T06:50:06Z,recommendationservice,1025.0,1150,0.8,0.8913043478260869,1
2026-10-06T06:50:06Z,shippingservice,71.0,770,0.8,0.09220779220779221,0
2026-10-06T06:50:06Z,currencyservice,412.0,770,0.8,0.535064935064935,0
2026-10-06T06:50:06Z,emailservice,60.0,120,0.8,0.5,0
2026-10-06T06:50:06Z,adservice,118.0,1150,0.8,0.10260869565217391,0
2026-10-06T06:50:06Z,redis-cart,31.0,540,0.8,0.05740740740740741,0
2026-10-06T06:50:07Z,frontend,363.75,1150,0.8,0.31630434782608696,0
2026-10-06T06:50:07Z,cartservice,286.0,800,0.95,0.3575,0
2026-10-06T06:50:07Z,checkoutservice,465.0,800,0.8,0.58125,0
2026-10-06T06:50:07Z,productcatalogservice,472.0,800,0.95,0.59,0
2026-10-06T06:50:07Z,paymentservice,21.0,155,0.8,0.13548387096774195,0
2026-10-06T06:50:07Z,recommendationservice,1025.0,1150,0.8,0.8913043478260869,1
2026-10-06T06:50:07Z,shippingservice,106.0,770,0.8,0.13766233766233765,0
2026-10-06T06:50:07Z,currencyservice,412.0,770,0.8,0.535064935064935,0
2026-10-06T06:50:07Z,emailservice,50.0,120,0.8,0.4166666666666667,0
2026-10-06T06:50:07Z,adservice,139.0,1150,0.8,0.1208695652173913,0
2026-10-06T06:50:07Z,redis-cart,34.0,540,0.8,0.06296296296296296,0
2026-10-06T06:50:08Z,frontend,369.0,1150,0.8,0.3208695652173913,0
2026-10-06T06:50:08Z,cartservice,300.0,800,0.95,0.375,0
2026-10-06T06:50:08Z,checkoutservice,517.0,800,0.8,0.64625,0
2026-10-06T06:50:08Z,productcatalogservice,478.0,800,0.95,0.5975,0
2026-10-06T06:50:08Z,paymentservice,30.0,155,0.8,0.1935483870967742,0
2026-10-06T06:50:08Z,recommendationservice,1017.0,1150,0.8,0.8843478260869565,1
2026-10-06T06:50:08Z,shippingservice,93.0,770,0.8,0.12077922077922078,0
2026-10-06T06:50:08Z,currencyservice,448.0,770,0.8,0.5818181818181818,0
2026-10-06T06:50:08Z,emailservice,50.0,120,0.8,0.4166666666666667,0
2026-10-06T06:50:08Z,adservice,139.0,1150,0.8,0.1208695652173913,0
2026-10-06T06:50:08Z,redis-cart,32.0,540,0.8,0.05925925925925926,0
2026-10-06T06:50:09Z,frontend,362.75,1150,0.8,0.3154347826086957,0
2026-10-06T06:50:09Z,cartservice,294.0,800,0.95,0.3675,0
2026-10-06T06:50:09Z,checkoutservice,517.0,800,0.8,0.64625,0
2026-10-06T06:50:09Z,productcatalogservice,463.0,800,0.95,0.57875,0
2026-10-06T06:50:09Z,paymentservice,56.0,155,0.8,0.36129032258064514,0
2026-10-06T06:50:09Z,recommendationservice,962.0,1150,0.8,0.8365217391304348,1
2026-10-06T06:50:09Z,shippingservice,93.0,770,0.8,0.12077922077922078,0
2026-10-06T06:50:09Z,currencyservice,448.0,770,0.8,0.5818181818181818,0
2026-10-06T06:50:09Z,emailservice,50.0,120,0.8,0.4166666666666667,0
2026-10-06T06:50:09Z,adservice,142.0,1150,0.8,0.12347826086956522,0
2026-10-06T06:50:09Z,redis-cart,32.0,540,0.8,0.05925925925925926,0
2026-10-06T06:50:10Z,frontend,375.25,1150,0.8,0.32630434782608697,0
2026-10-06T06:50:10Z,cartservice,318.0,800,0.95,0.3975,0
2026-10-06T06:50:10Z,checkoutservice,562.0,800,0.8,0.7025,0
2026-10-06T06:50:10Z,productcatalogservice,564.0,800,0.95,0.705,0
2026-10-06T06:50:10Z,paymentservice,56.0,155,0.8,0.36129032258064514,0
2026-10-06T06:50:10Z,recommendationservice,962.0,1150,0.8,0.8365217391304348,1
2026-10-06T06:50:10Z,shippingservice,105.0,770,0.8,0.13636363636363635,0
2026-10-06T06:50:10Z,currencyservice,404.0,770,0.8,0.5246753246753246,0
2026-10-06T06:50:10Z,emailservice,84.0,120,0.8,0.7,0
2026-10-06T06:50:10Z,adservice,153.0,1150,0.8,0.13304347826086957,0
2026-10-06T06:50:10Z,redis-cart,31.0,540,0.8,0.05740740740740741,0
2026-10-06T06:50:11Z,frontend,370.25,1150,0.8,0.3219565217391304,0
2026-10-06T06:50:11Z,cartservice,318.0,800,0.95,0.3975,0
2026-10-06T06:50:11Z,checkoutservice,497.0,800,0.8,0.62125,0
2026-10-06T06:50:11Z,productcatalogservice,564.0,800,0.95,0.705,0
2026-10-06T06:50:11Z,paymentservice,33.0,155,0.8,0.2129032258064516,0
2026-10-06T06:50:11Z,recommendationservice,992.0,1150,0.8,0.8626086956521739,1
2026-10-06T06:50:11Z,shippingservice,99.0,770,0.8,0.12857142857142856,0
2026-10-06T06:50:11Z,currencyservice,405.0,770,0.8,0.525974025974026,0
2026-10-06T06:50:11Z,emailservice,84.0,120,0.8,0.7,0
2026-10-06T06:50:11Z,adservice,153.0,1150,0.8,0.13304347826086957,0
2026-10-06T06:50:11Z,redis-cart,31.0,540,0.8,0.05740740740740741,0
2026-10-06T06:50:12Z,frontend,374.75,1150,0.8,0.3258695652173913,0
2026-10-06T06:50:12Z,cartservice,281.0,800,0.95,0.35125,0
2026-10-06T06:50:12Z,checkoutservice,497.0,800,0.8,0.62125,0
2026-10-06T06:50:12Z,productcatalogservice,503.0,800,0.95,0.62875,0
2026-10-06T06:50:12Z,paymentservice,33.0,155,0.8,0.2129032258064516,0
2026-10-06T06:50:12Z,recommendationservice,1052.0,1150,0.8,0.9147826086956522,1
2026-10-06T06:50:12Z,shippingservice,99.0,770,0.8,0.12857142857142856,0
2026-10-06T06:50:12Z,currencyservice,446.0,770,0.8,0.5792207792207792,0
2026-10-06T06:50:12Z,emailservice,53.0,120,0.8,0.44166666666666665,0
2026-10-06T06:50:12Z,adservice,137.0,1150,0.8,0.1191304347826087,0
2026-10-06T06:50:12Z,redis-cart,33.0,540,0.8,0.06111111111111111,0
2026-10-06T06:50:13Z,frontend,359.75,1150,0.8,0.31282608695652175,0
2026-10-06T06:50:13Z,cartservice,306.0,800,0.95,0.3825,0
2026-10-06T06:50:13Z,checkoutservice,447.0,800,0.8,0.55875,0
2026-10-06T06:50:13Z,productcatalogservice,494.0,800,0.95,0.6175,0
2026-10-06T06:50:13Z,paymentservice,31.0,155,0.8,0.2,0
2026-10-06T06:50:13Z,recommendationservice,1052.0,1150,0.8,0.9147826086956522,1
2026-10-06T06:50:13Z,shippingservice,85.0,770,0.8,0.11038961038961038,0
2026-10-06T06:50:13Z,currencyservice,392.0,770,0.8,0.509090909090909,0
2026-10-06T06:50:13Z,emailservice,46.0,120,0.8,0.38333333333333336,0
2026-10-06T06:50:13Z,adservice,144.0,1150,0.8,0.12521739130434784,0
2026-10-06T06:50:13Z,redis-cart,33.0,540,0.8,0.06111111111111111,0
2026-10-06T06:50:14Z,frontend,352.0,1150,0.8,0.3060869565217391,0
2026-10-06T06:50:14Z,cartservice,306.0,800,0.95,0.3825,0
2026-10-06T06:50:14Z,checkoutservice,447.0,800,0.8,0.55875,0
2026-10-06T06:50:14Z,productcatalogservice,494.0,800,0.95,0.6175,0
2026-10-06T06:50:14Z,paymentservice,21.0,155,0.8,0.13548387096774195,0
2026-10-06T06:50:14Z,recommendationservice,1034.0,1150,0.8,0.8991304347826087,1
2026-10-06T06:50:14Z,shippingservice,85.0,770,0.8,0.11038961038961038,0
2026-10-06T06:50:14Z,currencyservice,392.0,770,0.8,0.509090909090909,0
2026-10-06T06:50:14Z,emailservice,46.0,120,0.8,0.38333333333333336,0
2026-10-06T06:50:14Z,adservice,144.0,1150,0.8,0.12521739130434784,0
2026-10-06T06:50:14Z,redis-cart,30.0,540,0.8,0.05555555555555555,0
2026-10-06T06:50:15Z,frontend,360.5,1150,0.8,0.3134782608695652,0
2026-10-06T06:50:15Z,cartservice,326.0,800,0.95,0.4075,0
2026-10-06T06:50:15Z,checkoutservice,396.0,800,0.8,0.495,0
2026-10-06T06:50:15Z,productcatalogservice,484.0,800,0.95,0.605,0
2026-10-06T06:50:15Z,paymentservice,23.0,155,0.8,0.14838709677419354,0
2026-10-06T06:50:15Z,recommendationservice,992.0,1150,0.8,0.8626086956521739,1
2026-10-06T06:50:15Z,shippingservice,91.0,770,0.8,0.11818181818181818,0
2026-10-06T06:50:15Z,currencyservice,412.0,770,0.8,0.535064935064935,0
2026-10-06T06:50:15Z,emailservice,73.0,120,0.8,0.6083333333333333,0
2026-10-06T06:50:15Z,adservice,125.0,1150,0.8,0.10869565217391304,0
2026-10-06T06:50:15Z,redis-cart,32.0,540,0.8,0.05925925925925926,0
2026-10-06T06:50:16Z,frontend,349.25,1150,0.8,0.30369565217391303,0
2026-10-06T06:50:16Z,cartservice,283.0,800,0.95,0.35375,0
2026-10-06T06:50:16Z,checkoutservice,463.0,800,0.8,0.57875,0
2026-10-06T06:50:16Z,productcatalogservice,473.0,800,0.95,0.59125,0
2026-10-06T06:50:16Z,paymentservice,28.0,155,0.8,0.18064516129032257,0
2026-10-06T06:50:16Z,recommendationservice,992.0,1150,0.8,0.8626086956521739,1
2026-10-06T06:50:16Z,shippingservice,101.0,770,0.8,0.13116883116883116,0
2026-10-06T06:50:16Z,currencyservice,433.0,770,0.8,0.5623376623376624,0
2026-10-06T06:50:16Z,emailservice,41.0,120,0.8,0.3416666666666667,0
2026-10-06T06:50:16Z,adservice,158.0,1150,0.8,0.1373913043478261,0
2026-10-06T06:50:16Z,redis-cart,30.0,540,0.8,0.05555555555555555,0
2026-10-06T06:50:17Z,frontend,355.25,1150,0.8,0.3089130434782609,0
2026-10-06T06:50:17Z,cartservice,283.0,800,0.95,0.35375,0
2026-10-06T06:50:17Z,checkoutservice,463.0,800,0.8,0.57875,0
2026-10-06T06:50:17Z,productcatalogservice,463.0,800,0.95,0.57875,0
2026-10-06T06:50:17Z,paymentservice,28.0,155,0.8,0.18064516129032257,0
2026-10-06T06:50:17Z,recommendationservice,1011.0,1150,0.8,0.8791304347826087,1
2026-10-06T06:50:17Z,shippingservice,101.0,770,0.8,0.13116883116883116,0
2026-10-06T06:50:17Z,currencyservice,437.0,770,0.8,0.5675324675324676,0
2026-10-06T06:50:17Z,emailservice,41.0,120,0.8,0.3416666666666667,0
2026-10-06T06:50:17Z,adservice,158.0,1150,0.8,0.1373913043478261,0
2026-10-06T06:50:17Z,redis-cart,30.0,540,0.8,0.05555555555555555,0
2026-10-06T06:50:18Z,frontend,341.75,1150,0.8,0.2971739130434783,0
2026-10-06T06:50:18Z,cartservice,288.0,800,0.95,0.36,0
2026-10-06T06:50:18Z,checkoutservice,472.0,800,0.8,0.59,0
2026-10-06T06:50:18Z,productcatalogservice,463.0,800,0.95,0.57875,0
2026-10-06T06:50:18Z,paymentservice,49.0,155,0.8,0.3161290322580645,0
2026-10-06T06:50:18Z,recommendationservice,1011.0,1150,0.8,0.8791304347826087,1
2026-10-06T06:50:18Z,shippingservice,85.0,770,0.8,0.11038961038961038,0
2026-10-06T06:50:18Z,currencyservice,403.0,770,0.8,0.5233766233766234,0
2026-10-06T06:50:18Z,emailservice,56.0,120,0.8,0.4666666666666667,0
2026-10-06T06:50:18Z,adservice,135.0,1150,0.8,0.11739130434782609,0
2026-10-06T06:50:18Z,redis-cart,31.0,540,0.8,0.05740740740740741,0
2026-10-06T06:50:19Z,frontend,360.25,1150,0.8,0.31326086956521737,0
2026-10-06T06:50:19Z,cartservice,288.0,800,0.95,0.36,0
2026-10-06T06:50:19Z,checkoutservice,522.0,800,0.8,0.6525,0
2026-10-06T06:50:19Z,productcatalogservice,467.0,800,0.95,0.58375,0
2026-10-06T06:50:19Z,paymentservice,53.0,155,0.8,0.3419354838709677,0
2026-10-06T06:50:19Z,recommendationservice,1055.0,1150,0.8,0.9173913043478261,1
2026-10-06T06:50:19Z,shippingservice,84.0,770,0.8,0.10909090909090909,0
2026-10-06T06:50:19Z,currencyservice,403.0,770,0.8,0.5233766233766234,0
2026-10-06T06:50:19Z,emailservice,45.0,120,0.8,0.375,0
2026-10-06T06:50:19Z,adservice,135.0,1150,0.8,0.11739130434782609,0
2026-10-06T06:50:19Z,redis-cart,31.0,540,0.8,0.05740740740740741,0
2026-10-06T06:50:20Z,frontend,371.25,1150,0.8,0.32282608695652176,0
2026-10-06T06:50:20Z,cartservice,284.0,800,0.95,0.355,0
2026-10-06T06:50:20Z,checkoutservice,522.0,800,0.8,0.6525,0
2026-10-06T06:50:20Z,productcatalogservice,510.0,800,0.95,0.6375,0
2026-10-06T06:50:20Z,paymentservice,53.0,155,0.8,0.3419354838709677,0
2026-10-06T06:50:20Z,recommendationservice,1013.0,1150,0.8,0.8808695652173913,1
2026-10-06T06:50:20Z,shippingservice,99.0,770,0.8,0.12857142857142856,0
2026-10-06T06:50:20Z,currencyservice,419.0,770,0.8,0.5441558441558442,0
2026-10-06T06:50:20Z,emailservice,80.0,120,0.8,0.6666666666666666,0
2026-10-06T06:50:20Z,adservice,142.0,1150,0.8,0.12347826086956522,0
2026-10-06T06:50:20Z,redis-cart,31.0,540,0.8,0.05740740740740741,0
2026-10-06T06:50:21Z,frontend,366.0,1150,0.8,0.3182608695652174,0
2026-10-06T06:50:21Z,cartservice,284.0,800,0.95,0.355,0
2026-10-06T06:50:21Z,checkoutservice,517.0,800,0.8,0.64625,0
2026-10-06T06:50:21Z,productcatalogservice,510.0,800,0.95,0.6375,0
2026-10-06T06:50:21Z,paymentservice,24.0,155,0.8,0.15483870967741936,0
2026-10-06T06:50:21Z,recommendationservice,1013.0,1150,0.8,0.8808695652173913,1
2026-10-06T06:50:21Z,shippingservice,99.0,770,0.8,0.12857142857142856,0
2026-10-06T06:50:21Z,currencyservice,389.0,770,0.8,0.5051948051948052,0
2026-10-06T06:50:21Z,emailservice,46.0,120,0.8,0.38333333333333336,0
2026-10-06T06:50:21Z,adservice,110.0,1150,0.8,0.09565217391304348,0
2026-10-06T06:50:21Z,redis-cart,29.0,540,0.8,0.053703703703703705,0
2026-10-06T06:50:22Z,frontend,343.5,1150,0.8,0.29869565217391303,0
2026-10-06T06:50:22Z,cartservice,240.0,800,0.95,0.3,0
2026-10-06T06:50:22Z,checkoutservice,435.0,800,0.8,0.54375,0
2026-10-06T06:50:22Z,productcatalogservice,466.0,800,0.95,0.5825,0
2026-10-06T06:50:22Z,paymentservice,24.0,155,0.8,0.15483870967741936,0
2026-10-06T06:50:22Z,recommendationservice,1031.0,1150,0.8,0.8965217391304348,1
2026-10-06T06:50:22Z,shippingservice,84.0,770,0.8,0.10909090909090909,0
2026-10-06T06:50:22Z,currencyservice,389.0,770,0.8,0.5051948051948052,0
2026-10-06T06:50:22Z,emailservice,60.0,120,0.8,0.5,0
2026-10-06T06:50:22Z,adservice,110.0,1150,0.8,0.09565217391304348,0
2026-10-06T06:50:22Z,redis-cart,29.0,540,0.8,0.053703703703703705,0
2026-10-06T06:50:23Z,frontend,336.0,1150,0.8,0.2921739130434783,0
2026-10-06T06:50:23Z,cartservice,240.0,800,0.95,0.3,0
2026-10-06T06:50:23Z,checkoutservice,435.0,800,0.8,0.54375,0
2026-10-06T06:50:23Z,productcatalogservice,492.0,800,0.95,0.615,0
2026-10-06T06:50:23Z,paymentservice,35.0,155,0.8,0.22580645161290322,0
2026-10-06T06:50:23Z,recommendationservice,1031.0,1150,0.8,0.8965217391304348,1
2026-10-06T06:50:23Z,shippingservice,84.0,770,0.8,0.10909090909090909,0
2026-10-06T06:50:23Z,currencyservice,432.0,770,0.8,0.561038961038961,0
2026-10-06T06:50:23Z,emailservice,60.0,120,0.8,0.5,0
2026-10-06T06:50:23Z,adservice,138.0,1150,0.8,0.12,0
2026-10-06T06:50:23Z,redis-cart,32.0,540,0.8,0.05925925925925926,0
2026-10-06T06:50:24Z,frontend,390.25,1150,0.8,0.3393478260869565,0
2026-10-06T06:50:24Z,cartservice,305.0,800,0.95,0.38125,0
2026-10-06T06:50:24Z,checkoutservice,541.0,800,0.8,0.67625,0
2026-10-06T06:50:24Z,productcatalogservice,508.0,800,0.95,0.635,0
2026-10-06T06:50:24Z,paymentservice,29.0,155,0.8,0.1870967741935484,0
2026-10-06T06:50:24Z,recommendationservice,977.0,1150,0.8,0.8495652173913043,1
2026-10-06T06:50:24Z,shippingservice,107.0,770,0.8,0.13896103896103895,0
2026-10-06T06:50:24Z,currencyservice,452.0,770,0.8,0.587012987012987,0
2026-10-06T06:50:24Z,emailservice,60.0,120,0.8,0.5,0
2026-10-06T06:50:24Z,adservice,138.0,1150,0.8,0.12,0
2026-10-06T06:50:24Z,redis-cart,32.0,540,0.8,0.05925925925925926,0
2026-10-06T06:50:25Z,frontend,380.75,1150,0.8,0.33108695652173914,0
2026-10-06T06:50:25Z,cartservice,294.0,800,0.95,0.3675,0
2026-10-06T06:50:25Z,checkoutservice,537.0,800,0.8,0.67125,0
2026-10-06T06:50:25Z,productcatalogservice,508.0,800,0.95,0.635,0
2026-10-06T06:50:25Z,paymentservice,28.0,155,0.8,0.18064516129032257,0
2026-10-06T06:50:25Z,recommendationservice,976.0,1150,0.8,0.8486956521739131,1
2026-10-06T06:50:25Z,shippingservice,98.0,770,0.8,0.12727272727272726,0
2026-10-06T06:50:25Z,currencyservice,452.0,770,0.8,0.587012987012987,0
2026-10-06T06:50:25Z,emailservice,65.0,120,0.8,0.5416666666666666,0
2026-10-06T06:50:25Z,adservice,148.0,1150,0.8,0.12869565217391304,0
2026-10-06T06:50:25Z,redis-cart,31.0,540,0.8,0.05740740740740741,0
2026-10-06T06:50:26Z,frontend,366.0,1150,0.8,0.3182608695652174,0
2026-10-06T06:50:26Z,cartservice,260.0,800,0.95,0.325,0
2026-10-06T06:50:26Z,checkoutservice,441.0,800,0.8,0.55125,0
2026-10-06T06:50:26Z,productcatalogservice,494.0,800,0.95,0.6175,0
2026-10-06T06:50:26Z,paymentservice,28.0,155,0.8,0.18064516129032257,0
2026-10-06T06:50:26Z,recommendationservice,1008.0,1150,0.8,0.8765217391304347,1
2026-10-06T06:50:26Z,shippingservice,107.0,770,0.8,0.13896103896103895,0
2026-10-06T06:50:26Z,currencyservice,439.0,770,0.8,0.5701298701298702,0
2026-10-06T06:50:26Z,emailservice,65.0,120,0.8,0.5416666666666666,0
2026-10-06T06:50:26Z,adservice,147.0,1150,0.8,0.12782608695652173,0
2026-10-06T06:50:26Z,redis-cart,31.0,540,0.8,0.05740740740740741,0
2026-10-06T06:50:27Z,frontend,362.0,1150,0.8,0.31478260869565217,0
2026-10-06T06:50:27Z,cartservice,300.0,800,0.95,0.375,0
2026-10-06T06:50:27Z,checkoutservice,441.0,800,0.8,0.55125,0
2026-10-06T06:50:27Z,productcatalogservice,489.0,800,0.95,0.61125,0
2026-10-06T06:50:27Z,paymentservice,30.0,155,0.8,0.1935483870967742,0
2026-10-06T06:50:27Z,recommendationservice,1008.0,1150,0.8,0.8765217391304347,1
2026-10-06T06:50:27Z,shippingservice,107.0,770,0.8,0.13896103896103895,0
2026-10-06T06:50:27Z,currencyservice,439.0,770,0.8,0.5701298701298702,0
2026-10-06T06:50:27Z,emailservice,57.0,120,0.8,0.475,0
2026-10-06T06:50:27Z,adservice,147.0,1150,0.8,0.12782608695652173,0
2026-10-06T06:50:27Z,redis-cart,32.0,540,0.8,0.05925925925925926,0
2026-10-06T06:50:28Z,frontend,358.5,1150,0.8,0.31173913043478263,0
2026-10-06T06:50:28Z,cartservice,300.0,800,0.95,0.375,0
2026-10-06T06:50:28Z,checkoutservice,496.0,800,0.8,0.62,0
2026-10-06T06:50:28Z,productcatalogservice,489.0,800,0.95,0.61125,0
2026-10-06T06:50:28Z,paymentservice,25.0,155,0.8,0.16129032258064516,0
2026-10-06T06:50:28Z,recommendationservice,1020.0,1150,0.8,0.8869565217391304,1
2026-10-06T06:50:28Z,shippingservice,86.0,770,0.8,0.11168831168831168,0
2026-10-06T06:50:28Z,currencyservice,398.0,770,0.8,0.5168831168831168,0
2026-10-06T06:50:28Z,emailservice,47.0,120,0.8,0.39166666666666666,0
2026-10-06T06:50:28Z,adservice,131.0,1150,0.8,0.11391304347826087,0
2026-10-06T06:50:28Z,redis-cart,33.0,540,0.8,0.06111111111111111,0
2026-10-06T06:50:29Z,frontend,369.25,1150,0.8,0.32108695652173913,0
2026-10-06T06:50:29Z,cartservice,254.0,800,0.95,0.3175,0
2026-10-06T06:50:29Z,checkoutservice,475.0,800,0.8,0.59375,0
2026-10-06T06:50:29Z,productcatalogservice,469.0,800,0.95,0.58625,0
2026-10-06T06:50:29Z,paymentservice,51.0,155,0.8,0.32903225806451614,0
2026-10-06T06:50:29Z,recommendationservice,1020.0,1150,0.8,0.8869565217391304,1
2026-10-06T06:50:29Z,shippingservice,86.0,770,0.8,0.11168831168831168,0
2026-10-06T06:50:29Z,currencyservice,414.0,770,0.8,0.5376623376623376,0
2026-10-06T06:50:29Z,emailservice,47.0,120,0.8,0.39166666666666666,0
2026-10-06T06:50:29Z,adservice,131.0,1150,0.8,0.11391304347826087,0
2026-10-06T06:50:29Z,redis-cart,33.0,540,0.8,0.06111111111111111,0
2026-10-06T06:50:30Z,frontend,359.25,1150,0.8,0.3123913043478261,0
2026-10-06T06:50:30Z,cartservice,276.0,800,0.95,0.345,0
2026-10-06T06:50:30Z,checkoutservice,433.0,800,0.8,0.54125,0
2026-10-06T06:50:30Z,productcatalogservice,469.0,800,0.95,0.58625,0
2026-10-06T06:50:30Z,paymentservice,51.0,155,0.8,0.32903225806451614,0
2026-10-06T06:50:30Z,recommendationservice,1028.0,1150,0.8,0.8939130434782608,1
2026-10-06T06:50:30Z,shippingservice,83.0,770,0.8,0.10779220779220779,0
2026-10-06T06:50:30Z,currencyservice,421.0,770,0.8,0.5467532467532468,0
2026-10-06T06:50:30Z,emailservice,55.0,120,0.8,0.4583333333333333,0
2026-10-06T06:50:30Z,adservice,135.0,1150,0.8,0.11739130434782609,0
2026-10-06T06:50:30Z,redis-cart,31.0,540,0.8,0.05740740740740741,0
2026-10-06T06:50:31Z,frontend,374.75,1150,0.8,0.3258695652173913,0
2026-10-06T06:50:31Z,cartservice,276.0,800,0.95,0.345,0
2026-10-06T06:50:31Z,checkoutservice,433.0,800,0.8,0.54125,0
2026-10-06T06:50:31Z,productcatalogservice,518.0,800,0.95,0.6475,0
2026-10-06T06:50:31Z,paymentservice,25.0,155,0.8,0.16129032258064516,0
2026-10-06T06:50:31Z,recommendationservice,989.0,1150,0.8,0.86,1
2026-10-06T06:50:31Z,shippingservice,83.0,770,0.8,0.10779220779220779,0
2026-10-06T06:50:31Z,currencyservice,421.0,770,0.8,0.5467532467532468,0
2026-10-06T06:50:31Z,emailservice,55.0,120,0.8,0.4583333333333333,0
2026-10-06T06:50:31Z,adservice,135.0,1150,0.8,0.11739130434782609,0
2026-10-06T06:50:31Z,redis-cart,32.0,540,0.8,0.05925925925925926,0
2026-10-06T06:50:32Z,frontend,377.25,1150,0.8,0.32804347826086955,0
2026-10-06T06:50:32Z,cartservice,291.0,800,0.95,0.36375,0
2026-10-06T06:50:32Z,checkoutservice,505.0,800,0.8,0.63125,0
2026-10-06T06:50:32Z,productcatalogservice,477.0,800,0.95,0.59625,0
2026-10-06T06:50:32Z,paymentservice,34.0,155,0.8,0.21935483870967742,0
2026-10-06T06:50:32Z,recommendationservice,989.0,1150,0.8,0.86,1
2026-10-06T06:50:32Z,shippingservice,108.0,770,0.8,0.14025974025974025,0
2026-10-06T06:50:32Z,currencyservice,415.0,770,0.8,0.538961038961039,0
2026-10-06T06:50:32Z,emailservice,61.0,120,0.8,0.5083333333333333,0
2026-10-06T06:50:32Z,adservice,154.0,1150,0.8,0.13391304347826086,0
2026-10-06T06:50:32Z,redis-cart,32.0,540,0.8,0.05925925925925926,0
2026-10-06T06:50:33Z,frontend,363.25,1150,0.8,0.3158695652173913,0
2026-10-06T06:50:33Z,cartservice,291.0,800,0.95,0.36375,0
2026-10-06T06:50:33Z,checkoutservice,576.0,800,0.8,0.72,0
2026-10-06T06:50:33Z,productcatalogservice,477.0,800,0.95,0.59625,0
2026-10-06T06:50:33Z,paymentservice,35.0,155,0.8,0.22580645161290322,0
2026-10-06T06:50:33Z,recommendationservice,988.0,1150,0.8,0.8591304347826086,1
2026-10-06T06:50:33Z,shippingservice,108.0,770,0.8,0.14025974025974025,0
2026-10-06T06:50:33Z,currencyservice,415.0,770,0.8,0.538961038961039,0
2026-10-06T06:50:33Z,emailservice,61.0,120,0.8,0.5083333333333333,0
2026-10-06T06:50:33Z,adservice,140.0,1150,0.8,0.12173913043478261,0
2026-10-06T06:50:33Z,redis-cart,33.0,540,0.8,0.06111111111111111,0
2026-10-06T06:50:34Z,frontend,363.25,1150,0.8,0.3158695652173913,0
2026-10-06T06:50:34Z,cartservice,321.0,800,0.95,0.40125,0
2026-10-06T06:50:34Z,checkoutservice,576.0,800,0.8,0.72,0
2026-10-06T06:50:34Z,productcatalogservice,504.0,800,0.95,0.63,0
2026-10-06T06:50:34Z,paymentservice,35.0,155,0.8,0.22580645161290322,0
2026-10-06T06:50:34Z,recommendationservice,1019.0,1150,0.8,0.8860869565217391,1
2026-10-06T06:50:34Z,shippingservice,103.0,770,0.8,0.13376623376623376,0
2026-10-06T06:50:34Z,currencyservice,418.0,770,0.8,0.5428571428571428,0
2026-10-06T06:50:34Z,emailservice,51.0,120,0.8,0.425,0
2026-10-06T06:50:34Z,adservice,140.0,1150,0.8,0.12173913043478261,0
2026-10-06T06:50:34Z,redis-cart,31.0,540,0.8,0.05740740740740741,0
2026-10-06T06:50:35Z,frontend,368.0,1150,0.8,0.32,0
2026-10-06T06:50:35Z,cartservice,308.0,800,0.95,0.385,0
2026-10-06T06:50:35Z,checkoutservice,443.0,800,0.8,0.55375,0
2026-10-06T06:50:35Z,productcatalogservice,504.0,800,0.95,0.63,0
2026-10-06T06:50:35Z,paymentservice,24.0,155,0.8,0.15483870967741936,0
2026-10-06T06:50:35Z,recommendationservice,1014.0,1150,0.8,0.8817391304347826,1
2026-10-06T06:50:35Z,shippingservice,103.0,770,0.8,0.13376623376623376,0
2026-10-06T06:50:35Z,currencyservice,445.0,770,0.8,0.577922077922078,0
2026-10-06T06:50:35Z,emailservice,59.0,120,0.8,0.49166666666666664,0
2026-10-06T06:50:35Z,adservice,143.0,1150,0.8,0.12434782608695652,0
2026-10-06T06:50:35Z,redis-cart,31.0,540,0.8,0.05740740740740741,0
2026-10-06T06:50:36Z,frontend,368.0,1150,0.8,0.32,0
2026-10-06T06:50:36Z,cartservice,325.0,800,0.95,0.40625,0
2026-10-06T06:50:36Z,checkoutservice,403.0,800,0.8,0.50375,0
2026-10-06T06:50:36Z,productcatalogservice,454.0,800,0.95,0.5675,0
2026-10-06T06:50:36Z,paymentservice,24.0,155,0.8,0.15483870967741936,0
2026-10-06T06:50:36Z,recommendationservice,1014.0,1150,0.8,0.8817391304347826,1
2026-10-06T06:50:36Z,shippingservice,90.0,770,0.8,0.11688311688311688,0
2026-10-06T06:50:36Z,currencyservice,445.0,770,0.8,0.577922077922078,0
2026-10-06T06:50:36Z,emailservice,49.0,120,0.8,0.4083333333333333,0
2026-10-06T06:50:36Z,adservice,141.0,1150,0.8,0.12260869565217392,0
2026-10-06T06:50:36Z,redis-cart,31.0,540,0.8,0.05740740740740741,0
2026-10-06T06:50:37Z,frontend,363.75,1150,0.8,0.31630434782608696,0
2026-10-06T06:50:37Z,cartservice,325.0,800,0.95,0.40625,0
2026-10-06T06:50:37Z,checkoutservice,403.0,800,0.8,0.50375,0
2026-10-06T06:50:37Z,productcatalogservice,473.0,800,0.95,0.59125,0
2026-10-06T06:50:37Z,paymentservice,26.0,155,0.8,0.16774193548387098,0
2026-10-06T06:50:37Z,recommendationservice,977.0,1150,0.8,0.8495652173913043,1
2026-10-06T06:50:37Z,shippingservice,114.0,770,0.8,0.14805194805194805,0
2026-10-06T06:50:37Z,currencyservice,427.0,770,0.8,0.5545454545454546,0
2026-10-06T06:50:37Z,emailservice,49.0,120,0.8,0.4083333333333333,0
2026-10-06T06:50:37Z,adservice,132.0,1150,0.8,0.11478260869565217,0
2026-10-06T06:50:37Z,redis-cart,31.0,540,0.8,0.05740740740740741,0
2026-10-06T06:50:38Z,frontend,372.75,1150,0.8,0.3241304347826087,0
2026-10-06T06:50:38Z,cartservice,274.0,800,0.95,0.3425,0
2026-10-06T06:50:38Z,checkoutservice,602.0,800,0.8,0.7525,0
2026-10-06T06:50:38Z,productcatalogservice,473.0,800,0.95,0.59125,0
2026-10-06T06:50:38Z,paymentservice,35.0,155,0.8,0.22580645161290322,0
2026-10-06T06:50:38Z,recommendationservice,977.0,1150,0.8,0.8495652173913043,1
2026-10-06T06:50:38Z,shippingservice,114.0,770,0.8,0.14805194805194805,0
2026-10-06T06:50:38Z,currencyservice,427.0,770,0.8,0.5545454545454546,0
2026-10-06T06:50:38Z,emailservice,58.0,120,0.8,0.48333333333333334,0
2026-10-06T06:50:38Z,adservice,132.0,1150,0.8,0.11478260869565217,0
2026-10-06T06:50:38Z,redis-cart,32.0,540,0.8,0.05925925925925926,0
2026-10-06T06:50:39Z,frontend,360.0,1150,0.8,0.3130434782608696,0
2026-10-06T06:50:39Z,cartservice,274.0,800,0.95,0.3425,0
2026-10-06T06:50:39Z,checkoutservice,429.0,800,0.8,0.53625,0
2026-10-06T06:50:39Z,productcatalogservice,492.0,800,0.95,0.615,0
2026-10-06T06:50:39Z,paymentservice,35.0,155,0.8,0.22580645161290322,0
2026-10-06T06:50:39Z,recommendationservice,1039.0,1150,0.8,0.9034782608695652,1
2026-10-06T06:50:39Z,shippingservice,92.0,770,0.8,0.11948051948051948,0
2026-10-06T06:50:39Z,currencyservice,408.0,770,0.8,0.5298701298701298,0
2026-10-06T06:50:39Z,emailservice,58.0,120,0.8,0.48333333333333334,0
2026-10-06T06:50:39Z,adservice,130.0,1150,0.8,0.11304347826086956,0
2026-10-06T06:50:39Z,redis-cart,30.0,540,0.8,0.05555555555555555,0
2026-10-06T06:50:40Z,frontend,341.5,1150,0.8,0.29695652173913045,0
2026-10-06T06:50:40Z,cartservice,261.0,800,0.95,0.32625,0
2026-10-06T06:50:40Z,checkoutservice,429.0,800,0.8,0.53625,0
2026-10-06T06:50:40Z,productcatalogservice,525.0,800,0.95,0.65625,0
2026-10-06T06:50:40Z,paymentservice,40.0,155,0.8,0.25806451612903225,0
2026-10-06T06:50:40Z,recommendationservice,982.0,1150,0.8,0.8539130434782609,1
2026-10-06T06:50:40Z,shippingservice,83.0,770,0.8,0.10779220779220779,0
2026-10-06T06:50:40Z,currencyservice,363.0,770,0.8,0.4714285714285714,0
2026-10-06T06:50:40Z,emailservice,64.0,120,0.8,0.5333333333333333,0
2026-10-06T06:50:40Z,adservice,130.0,1150,0.8,0.11304347826086956,0
2026-10-06T06:50:40Z,redis-cart,30.0,540,0.8,0.05555555555555555,0
2026-10-06T06:50:41Z,frontend,376.5,1150,0.8,0.3273913043478261,0
2026-10-06T06:50:41Z,cartservice,261.0,800,0.95,0.32625,0
2026-10-06T06:50:41Z,checkoutservice,460.0,800,0.8,0.575,0
2026-10-06T06:50:41Z,productcatalogservice,525.0,800,0.95,0.65625,0
2026-10-06T06:50:41Z,paymentservice,40.0,155,0.8,0.25806451612903225,0
2026-10-06T06:50:41Z,recommendationservice,982.0,1150,0.8,0.8539130434782609,1
2026-10-06T06:50:41Z,shippingservice,83.0,770,0.8,0.10779220779220779,0
2026-10-06T06:50:41Z,currencyservice,424.0,770,0.8,0.5506493506493506,0
2026-10-06T06:50:41Z,emailservice,64.0,120,0.8,0.5333333333333333,0
2026-10-06T06:50:41Z,adservice,146.0,1150,0.8,0.12695652173913044,0
2026-10-06T06:50:41Z,redis-cart,31.0,540,0.8,0.05740740740740741,0
2026-10-06T06:50:42Z,frontend,380.25,1150,0.8,0.33065217391304347,0
2026-10-06T06:50:42Z,cartservice,308.0,800,0.95,0.385,0
2026-10-06T06:50:42Z,checkoutservice,460.0,800,0.8,0.575,0
2026-10-06T06:50:42Z,productcatalogservice,494.0,800,0.95,0.6175,0
2026-10-06T06:50:42Z,paymentservice,27.0,155,0.8,0.17419354838709677,0
2026-10-06T06:50:42Z,recommendationservice,1042.0,1150,0.8,0.9060869565217391,1
2026-10-06T06:50:42Z,shippingservice,103.0,770,0.8,0.13376623376623376,0
2026-10-06T06:50:42Z,currencyservice,424.0,770,0.8,0.5506493506493506,0
2026-10-06T06:50:42Z,emailservice,46.0,120,0.8,0.38333333333333336,0
2026-10-06T06:50:42Z,adservice,132.0,1150,0.8,0.11478260869565217,0
2026-10-06T06:50:42Z,redis-cart,30.0,540,0.8,0.05555555555555555,0
2026-10-06T06:50:43Z,frontend,370.75,1150,0.8,0.3223913043478261,0
2026-10-06T06:50:43Z,cartservice,279.0,800,0.95,0.34875,0
2026-10-06T06:50:43Z,checkoutservice,505.0,800,0.8,0.63125,0
2026-10-06T06:50:43Z,productcatalogservice,505.0,800,0.95,0.63125,0
2026-10-06T06:50:43Z,paymentservice,26.0,155,0.8,0.16774193548387098,0
2026-10-06T06:50:43Z,recommendationservice,1013.0,1150,0.8,0.8808695652173913,1
2026-10-06T06:50:43Z,shippingservice,94.0,770,0.8,0.12207792207792208,0
2026-10-06T06:50:43Z,currencyservice,435.0,770,0.8,0.564935064935065,0
2026-10-06T06:50:43Z,emailservice,53.0,120,0.8,0.44166666666666665,0
2026-10-06T06:50:43Z,adservice,132.0,1150,0.8,0.11478260869565217,0
2026-10-06T06:50:43Z,redis-cart,30.0,540,0.8,0.05555555555555555,0
2026-10-06T06:50:44Z,frontend,369.25,1150,0.8,0.32108695652173913,0
2026-10-06T06:50:44Z,cartservice,334.0,800,0.95,0.4175,0
2026-10-06T06:50:44Z,checkoutservice,505.0,800,0.8,0.63125,0
2026-10-06T06:50:44Z,productcatalogservice,490.0,800,0.95,0.6125,0
2026-10-06T06:50:44Z,paymentservice,26.0,155,0.8,0.16774193548387098,0
2026-10-06T06:50:44Z,recommendationservice,1033.0,1150,0.8,0.8982608695652174,1
2026-10-06T06:50:44Z,shippingservice,94.0,770,0.8,0.12207792207792208,0
2026-10-06T06:50:44Z,currencyservice,395.0,770,0.8,0.512987012987013,0
2026-10-06T06:50:44Z,emailservice,63.0,120,0.8,0.525,0
2026-10-06T06:50:44Z,adservice,140.0,1150,0.8,0.12173913043478261,0
2026-10-06T06:50:44Z,redis-cart,32.0,540,0.8,0.05925925925925926,0
2026-10-06T06:50:45Z,frontend,367.75,1150,0.8,0.31978260869565217,0
2026-10-06T06:50:45Z,cartservice,334.0,800,0.95,0.4175,0
2026-10-06T06:50:45Z,checkoutservice,411.0,800,0.8,0.51375,0
2026-10-06T06:50:45Z,productcatalogservice,490.0,800,0.95,0.6125,0
2026-10-06T06:50:45Z,paymentservice,23.0,155,0.8,0.14838709677419354,0
2026-10-06T06:50:45Z,recommendationservice,1019.0,1150,0.8,0.8860869565217391,1
2026-10-06T06:50:45Z,shippingservice,88.0,770,0.8,0.11428571428571428,0
2026-10-06T06:50:45Z,currencyservice,395.0,770,0.8,0.512987012987013,0
2026-10-06T06:50:45Z,emailservice,39.0,120,0.8,0.325,0
2026-10-06T06:50:45Z,adservice,128.0,1150,0.8,0.11130434782608696,0
2026-10-06T06:50:45Z,redis-cart,32.0,540,0.8,0.05925925925925926,0
2026-10-06T06:50:46Z,frontend,352.5,1150,0.8,0.3065217391304348,0
2026-10-06T06:50:46Z,cartservice,324.0,800,0.95,0.405,0
2026-10-06T06:50:46Z,checkoutservice,332.0,800,0.8,0.415,0
2026-10-06T06:50:46Z,productcatalogservice,480.0,800,0.95,0.6,0
2026-10-06T06:50:46Z,paymentservice,21.0,155,0.8,0.13548387096774195,0
2026-10-06T06:50:46Z,recommendationservice,1019.0,1150,0.8,0.8860869565217391,1
2026-10-06T06:50:46Z,shippingservice,88.0,770,0.8,0.11428571428571428,0
2026-10-06T06:50:46Z,currencyservice,431.0,770,0.8,0.5597402597402598,0
2026-10-06T06:50:46Z,emailservice,37.0,120,0.8,0.30833333333333335,0
2026-10-06T06:50:46Z,adservice,128.0,1150,0.8,0.11130434782608696,0
2026-10-06T06:50:46Z,redis-cart,31.0,540,0.8,0.05740740740740741,0
2026-10-06T06:50:47Z,frontend,338.75,1150,0.8,0.29456521739130437,0
2026-10-06T06:50:47Z,cartservice,312.0,800,0.95,0.39,0
2026-10-06T06:50:47Z,checkoutservice,332.0,800,0.8,0.415,0
2026-10-06T06:50:47Z,productcatalogservice,466.0,800,0.95,0.5825,0
2026-10-06T06:50:47Z,paymentservice,27.0,155,0.8,0.17419354838709677,0
2026-10-06T06:50:47Z,recommendationservice,1027.0,1150,0.8,0.8930434782608696,1
2026-10-06T06:50:47Z,shippingservice,88.0,770,0.8,0.11428571428571428,0
2026-10-06T06:50:47Z,currencyservice,392.0,770,0.8,0.509090909090909,0
2026-10-06T06:50:47Z,emailservice,37.0,120,0.8,0.30833333333333335,0
2026-10-06T06:50:47Z,adservice,143.0,1150,0.8,0.12434782608695652,0
2026-10-06T06:50:47Z,redis-cart,28.0,540,0.8,0.05185185185185185,0
2026-10-06T06:50:48Z,frontend,362.25,1150,0.8,0.315,0
2026-10-06T06:50:48Z,cartservice,307.0,800,0.95,0.38375,0
2026-10-06T06:50:48Z,checkoutservice,419.0,800,0.8,0.52375,0
2026-10-06T06:50:48Z,productcatalogservice,501.0,800,0.95,0.62625,0
2026-10-06T06:50:48Z,paymentservice,27.0,155,0.8,0.17419354838709677,0
2026-10-06T06:50:48Z,recommendationservice,1027.0,1150,0.8,0.8930434782608696,1
2026-10-06T06:50:48Z,shippingservice,99.0,770,0.8,0.12857142857142856,0
2026-10-06T06:50:48Z,currencyservice,392.0,770,0.8,0.509090909090909,0
2026-10-06T06:50:48Z,emailservice,53.0,120,0.8,0.44166666666666665,0
2026-10-06T06:50:48Z,adservice,143.0,1150,0.8,0.12434782608695652,0
2026-10-06T06:50:48Z,redis-cart,28.0,540,0.8,0.05185185185185185,0
2026-10-06T06:50:49Z,frontend,365.25,1150,0.8,0.3176086956521739,0
2026-10-06T06:50:49Z,cartservice,307.0,800,0.95,0.38375,0
2026-10-06T06:50:49Z,checkoutservice,584.0,800,0.8,0.73,0
2026-10-06T06:50:49Z,productcatalogservice,501.0,800,0.95,0.62625,0
2026-10-06T06:50:49Z,paymentservice,55.0,155,0.8,0.3548387096774194,0
2026-10-06T06:50:49Z,recommendationservice,991.0,1150,0.8,0.8617391304347826,1
2026-10-06T06:50:49Z,shippingservice,99.0,770,0.8,0.12857142857142856,0
2026-10-06T06:50:49Z,currencyservice,398.0,770,0.8,0.5168831168831168,0
2026-10-06T06:50:49Z,emailservice,66.0,120,0.8,0.55,0
2026-10-06T06:50:49Z,adservice,147.0,1150,0.8,0.12782608695652173,0
2026-10-06T06:50:49Z,redis-cart,30.0,540,0.8,0.05555555555555555,0
2026-10-06T06:50:50Z,frontend,379.75,1150,0.8,0.33021739130434785,0
2026-10-06T06:50:50Z,cartservice,315.0,800,0.95,0.39375,0
2026-10-06T06:50:50Z,checkoutservice,584.0,800,0.8,0.73,0
2026-10-06T06:50:50Z,productcatalogservice,515.0,800,0.95,0.64375,0
2026-10-06T06:50:50Z,paymentservice,35.0,155,0.8,0.22580645161290322,0
2026-10-06T06:50:50Z,recommendationservice,991.0,1150,0.8,0.8617391304347826,1
2026-10-06T06:50:50Z,shippingservice,101.0,770,0.8,0.13116883116883116,0
2026-10-06T06:50:50Z,currencyservice,420.0,770,0.8,0.5454545454545454,0
2026-10-06T06:50:50Z,emailservice,66.0,120,0.8,0.55,0
2026-10-06T06:50:50Z,adservice,151.0,1150,0.8,0.13130434782608696,0
2026-10-06T06:50:50Z,redis-cart,31.0,540,0.8,0.05740740740740741,0
2026-10-06T06:50:51Z,frontend,377.0,1150,0.8,0.3278260869565217,0
2026-10-06T06:50:51Z,cartservice,315.0,800,0.95,0.39375,0
2026-10-06T06:50:51Z,checkoutservice,519.0,800,0.8,0.64875,0
2026-10-06T06:50:51Z,productcatalogservice,504.0,800,0.95,0.63,0
2026-10-06T06:50:51Z,paymentservice,35.0,155,0.8,0.22580645161290322,0
2026-10-06T06:50:51Z,recommendationservice,962.0,1150,0.8,0.8365217391304348,1
2026-10-06T06:50:51Z,shippingservice,103.0,770,0.8,0.13376623376623376,0
2026-10-06T06:50:51Z,currencyservice,446.0,770,0.8,0.5792207792207792,0
2026-10-06T06:50:51Z,emailservice,70.0,120,0.8,0.5833333333333334,0
2026-10-06T06:50:51Z,adservice,151.0,1150,0.8,0.13130434782608696,0
2026-10-06T06:50:51Z,redis-cart,31.0,540,0.8,0.05740740740740741,0
2026-10-06T06:50:52Z,frontend,359.5,1150,0.8,0.3126086956521739,0
2026-10-06T06:50:52Z,cartservice,319.0,800,0.95,0.39875,0
2026-10-06T06:50:52Z,checkoutservice,550.0,800,0.8,0.6875,0
2026-10-06T06:50:52Z,productcatalogservice,504.0,800,0.95,0.63,0
2026-10-06T06:50:52Z,paymentservice,29.0,155,0.8,0.1870967741935484,0
2026-10-06T06:50:52Z,recommendationservice,1007.0,1150,0.8,0.8756521739130435,1
2026-10-06T06:50:52Z,shippingservice,103.0,770,0.8,0.13376623376623376,0
2026-10-06T06:50:52Z,currencyservice,392.0,770,0.8,0.509090909090909,0
2026-10-06T06:50:52Z,emailservice,50.0,120,0.8,0.4166666666666667,0
2026-10-06T06:50:52Z,adservice,141.0,1150,0.8,0.12260869565217392,0
2026-10-06T06:50:52Z,redis-cart,32.0,540,0.8,0.05925925925925926,0
2026-10-06T06:50:53Z,frontend,357.0,1150,0.8,0.31043478260869567,0
2026-10-06T06:50:53Z,cartservice,258.0,800,0.95,0.3225,0
2026-10-06T06:50:53Z,checkoutservice,395.0,800,0.8,0.49375,0
2026-10-06T06:50:53Z,productcatalogservice,475.0,800,0.95,0.59375,0
2026-10-06T06:50:53Z,paymentservice,29.0,155,0.8,0.1870967741935484,0
2026-10-06T06:50:53Z,recommendationservice,1007.0,1150,0.8,0.8756521739130435,1
2026-10-06T06:50:53Z,shippingservice,86.0,770,0.8,0.11168831168831168,0
2026-10-06T06:50:53Z,currencyservice,392.0,770,0.8,0.509090909090909,0
2026-10-06T06:50:53Z,emailservice,50.0,120,0.8,0.4166666666666667,0
2026-10-06T06:50:53Z,adservice,116.0,1150,0.8,0.10086956521739131,0
2026-10-06T06:50:53Z,redis-cart,32.0,540,0.8,0.05925925925925926,0
2026-10-06T06:50:54Z,frontend,346.0,1150,0.8,0.3008695652173913,0
2026-10-06T06:50:54Z,cartservice,258.0,800,0.95,0.3225,0
2026-10-06T06:50:54Z,checkoutservice,395.0,800,0.8,0.49375,0
2026-10-06T06:50:54Z,productcatalogservice,480.0,800,0.95,0.6,0
2026-10-06T06:50:54Z,paymentservice,24.0,155,0.8,0.15483870967741936,0
2026-10-06T06:50:54Z,recommendationservice,1059.0,1150,0.8,0.9208695652173913,1
2026-10-06T06:50:54Z,shippingservice,100.0,770,0.8,0.12987012987012986,0
2026-10-06T06:50:54Z,currencyservice,412.0,770,0.8,0.535064935064935,0
2026-10-06T06:50:54Z,emailservice,44.0,120,0.8,0.36666666666666664,0
2026-10-06T06:50:54Z,adservice,120.0,1150,0.8,0.10434782608695652,0
2026-10-06T06:50:54Z,redis-cart,31.0,540,0.8,0.05740740740740741,0
2026-10-06T06:50:55Z,frontend,351.75,1150,0.8,0.3058695652173913,0
2026-10-06T06:50:55Z,cartservice,286.0,800,0.95,0.3575,0
2026-10-06T06:50:55Z,checkoutservice,363.0,800,0.8,0.45375,0
2026-10-06T06:50:55Z,productcatalogservice,480.0,800,0.95,0.6,0
2026-10-06T06:50:55Z,paymentservice,24.0,155,0.8,0.15483870967741936,0
2026-10-06T06:50:55Z,recommendationservice,1021.0,1150,0.8,0.8878260869565218,1
2026-10-06T06:50:55Z,shippingservice,74.0,770,0.8,0.09610389610389611,0
2026-10-06T06:50:55Z,currencyservice,422.0,770,0.8,0.548051948051948,0
2026-10-06T06:50:55Z,emailservice,63.0,120,0.8,0.525,0
2026-10-06T06:50:55Z,adservice,120.0,1150,0.8,0.10434782608695652,0
2026-10-06T06:50:55Z,redis-cart,31.0,540,0.8,0.05740740740740741,0
2026-10-06T06:50:56Z,frontend,337.0,1150,0.8,0.29304347826086957,0
2026-10-06T06:50:56Z,cartservice,286.0,800,0.95,0.3575,0
2026-10-06T06:50:56Z,checkoutservice,489.0,800,0.8,0.61125,0
2026-10-06T06:50:56Z,productcatalogservice,467.0,800,0.95,0.58375,0
2026-10-06T06:50:56Z,paymentservice,24.0,155,0.8,0.15483870967741936,0
2026-10-06T06:50:56Z,recommendationservice,1021.0,1150,0.8,0.8878260869565218,1
2026-10-06T06:50:56Z,shippingservice,100.0,770,0.8,0.12987012987012986,0
2026-10-06T06:50:56Z,currencyservice,422.0,770,0.8,0.548051948051948,0
2026-10-06T06:50:56Z,emailservice,63.0,120,0.8,0.525,0
2026-10-06T06:50:56Z,adservice,122.0,1150,0.8,0.10608695652173913,0
2026-10-06T06:50:56Z,redis-cart,31.0,540,0.8,0.05740740740740741,0
2026-10-06T06:50:57Z,frontend,356.75,1150,0.8,0.31021739130434783,0
2026-10-06T06:50:57Z,cartservice,257.0,800,0.95,0.32125,0
2026-10-06T06:50:57Z,checkoutservice,489.0,800,0.8,0.61125,0
2026-10-06T06:50:57Z,productcatalogservice,467.0,800,0.95,0.58375,0
2026-10-06T06:50:57Z,paymentservice,24.0,155,0.8,0.15483870967741936,0
2026-10-06T06:50:57Z,recommendationservice,1029.0,1150,0.8,0.8947826086956522,1
2026-10-06T06:50:57Z,shippingservice,100.0,770,0.8,0.12987012987012986,0
2026-10-06T06:50:57Z,currencyservice,407.0,770,0.8,0.5285714285714286,0
2026-10-06T06:50:57Z,emailservice,50.0,120,0.8,0.4166666666666667,0
2026-10-06T06:50:57Z,adservice,126.0,1150,0.8,0.10956521739130434,0
2026-10-06T06:50:57Z,redis-cart,32.0,540,0.8,0.05925925925925926,0
2026-10-06T06:50:58Z,frontend,367.75,1150,0.8,0.31978260869565217,0
2026-10-06T06:50:58Z,cartservice,312.0,800,0.95,0.39,0
2026-10-06T06:50:58Z,checkoutservice,451.0,800,0.8,0.56375,0
2026-10-06T06:50:58Z,productcatalogservice,502.0,800,0.95,0.6275,0
2026-10-06T06:50:58Z,paymentservice,26.0,155,0.8,0.16774193548387098,0
2026-10-06T06:50:58Z,recommendationservice,1019.0,1150,0.8,0.8860869565217391,1
2026-10-06T06:50:58Z,shippingservice,90.0,770,0.8,0.11688311688311688,0
2026-10-06T06:50:58Z,currencyservice,415.0,770,0.8,0.538961038961039,0
2026-10-06T06:50:58Z,emailservice,49.0,120,0.8,0.4083333333333333,0
2026-10-06T06:50:58Z,adservice,151.0,1150,0.8,0.13130434782608696,0
2026-10-06T06:50:58Z,redis-cart,33.0,540,0.8,0.06111111111111111,0
2026-10-06T06:50:59Z,frontend,370.75,1150,0.8,0.3223913043478261,0
2026-10-06T06:50:59Z,cartservice,274.0,800,0.95,0.3425,0
2026-10-06T06:50:59Z,checkoutservice,504.0,800,0.8,0.63,0
2026-10-06T06:50:59Z,productcatalogservice,501.0,800,0.95,0.62625,0
2026-10-06T06:50:59Z,paymentservice,47.0,155,0.8,0.3032258064516129,0
2026-10-06T06:50:59Z,recommendationservice,1019.0,1150,0.8,0.8860869565217391,1
2026-10-06T06:50:59Z,shippingservice,90.0,770,0.8,0.11688311688311688,0
2026-10-06T06:50:59Z,currencyservice,415.0,770,0.8,0.538961038961039,0
2026-10-06T06:50:59Z,emailservice,58.0,120,0.8,0.48333333333333334,0
2026-10-06T06:50:59Z,adservice,151.0,1150,0.8,0.13130434782608696,0
2026-10-06T06:50:59Z,redis-cart,30.0,540,0.8,0.05555555555555555,0
2026-10-06T06:51:00Z,frontend,339.25,1150,0.8,0.295,0
2026-10-06T06:51:00Z,cartservice,257.0,800,0.95,0.32125,0
2026-10-06T06:51:00Z,checkoutservice,443.0,800,0.8,0.55375,0
2026-10-06T06:51:00Z,productcatalogservice,456.0,800,0.95,0.57,0
2026-10-06T06:51:00Z,paymentservice,47.0,155,0.8,0.3032258064516129,0
2026-10-06T06:51:00Z,recommendationservice,1009.0,1150,0.8,0.8773913043478261,1
2026-10-06T06:51:00Z,shippingservice,90.0,770,0.8,0.11688311688311688,0
2026-10-06T06:51:00Z,currencyservice,403.0,770,0.8,0.5233766233766234,0
2026-10-06T06:51:00Z,emailservice,58.0,120,0.8,0.48333333333333334,0
2026-10-06T06:51:00Z,adservice,128.0,1150,0.8,0.11130434782608696,0
2026-10-06T06:51:00Z,redis-cart,30.0,540,0.8,0.05555555555555555,0
2026-10-06T06:51:01Z,frontend,333.75,1150,0.8,0.2902173913043478,0
2026-10-06T06:51:01Z,cartservice,260.0,800,0.95,0.325,0
2026-10-06T06:51:01Z,checkoutservice,443.0,800,0.8,0.55375,0
2026-10-06T06:51:01Z,productcatalogservice,456.0,800,0.95,0.57,0
2026-10-06T06:51:01Z,paymentservice,24.0,155,0.8,0.15483870967741936,0
2026-10-06T06:51:01Z,recommendationservice,1031.0,1150,0.8,0.8965217391304348,1
2026-10-06T06:51:01Z,shippingservice,95.0,770,0.8,0.12337662337662338,0
2026-10-06T06:51:01Z,currencyservice,399.0,770,0.8,0.5181818181818182,0
2026-10-06T06:51:01Z,emailservice,58.0,120,0.8,0.48333333333333334,0
2026-10-06T06:51:01Z,adservice,153.0,1150,0.8,0.13304347826086957,0
2026-10-06T06:51:01Z,redis-cart,30.0,540,0.8,0.05555555555555555,0
2026-10-06T06:51:02Z,frontend,357.75,1150,0.8,0.3110869565217391,0
2026-10-06T06:51:02Z,cartservice,260.0,800,0.95,0.325,0
2026-10-06T06:51:02Z,checkoutservice,389.0,800,0.8,0.48625,0
2026-10-06T06:51:02Z,productcatalogservice,479.0,800,0.95,0.59875,0
2026-10-06T06:51:02Z,paymentservice,24.0,155,0.8,0.15483870967741936,0
2026-10-06T06:51:02Z,recommendationservice,1005.0,1150,0.8,0.8739130434782608,1
2026-10-06T06:51:02Z,shippingservice,105.0,770,0.8,0.13636363636363635,0
2026-10-06T06:51:02Z,currencyservice,395.0,770,0.8,0.512987012987013,0
2026-10-06T06:51:02Z,emailservice,44.0,120,0.8,0.36666666666666664,0
2026-10-06T06:51:02Z,adservice,153.0,1150,0.8,0.13304347826086957,0
2026-10-06T06:51:02Z,redis-cart,30.0,540,0.8,0.05555555555555555,0
2026-10-06T06:51:03Z,frontend,368.75,1150,0.8,0.32065217391304346,0
2026-10-06T06:51:03Z,cartservice,267.0,800,0.95,0.33375,0
2026-10-06T06:51:03Z,checkoutservice,516.0,800,0.8,0.645,0
2026-10-06T06:51:03Z,productcatalogservice,511.0,800,0.95,0.63875,0
2026-10-06T06:51:03Z,paymentservice,27.0,155,0.8,0.17419354838709677,0
2026-10-06T06:51:03Z,recommendationservice,1005.0,1150,0.8,0.8739130434782608,1
2026-10-06T06:51:03Z,shippingservice,105.0,770,0.8,0.13636363636363635,0
2026-10-06T06:51:03Z,currencyservice,395.0,770,0.8,0.512987012987013,0
2026-10-06T06:51:03Z,emailservice,54.0,120,0.8,0.45,0
2026-10-06T06:51:03Z,adservice,156.0,1150,0.8,0.1356521739130435,0
2026-10-06T06:51:03Z,redis-cart,31.0,540,0.8,0.05740740740740741,0
2026-10-06T06:51:04Z,frontend,378.5,1150,0.8,0.32913043478260867,0
2026-10-06T06:51:04Z,cartservice,267.0,800,0.95,0.33375,0
2026-10-06T06:51:04Z,checkoutservice,494.0,800,0.8,0.6175,0
2026-10-06T06:51:04Z,productcatalogservice,511.0,800,0.95,0.63875,0
2026-10-06T06:51:04Z,paymentservice,30.0,155,0.8,0.1935483870967742,0
2026-10-06T06:51:04Z,recommendationservice,986.0,1150,0.8,0.8573913043478261,1
2026-10-06T06:51:04Z,shippingservice,102.0,770,0.8,0.13246753246753246,0
2026-10-06T06:51:04Z,currencyservice,430.0,770,0.8,0.5584415584415584,0
2026-10-06T06:51:04Z,emailservice,53.0,120,0.8,0.44166666666666665,0
2026-10-06T06:51:04Z,adservice,137.0,1150,0.8,0.1191304347826087,0
2026-10-06T06:51:04Z,redis-cart,33.0,540,0.8,0.06111111111111111,0
2026-10-06T06:51:05Z,frontend,360.0,1150,0.8,0.3130434782608696,0
2026-10-06T06:51:05Z,cartservice,293.0,800,0.95,0.36625,0
2026-10-06T06:51:05Z,checkoutservice,494.0,800,0.8,0.6175,0
2026-10-06T06:51:05Z,productcatalogservice,484.0,800,0.95,0.605,0
2026-10-06T06:51:05Z,paymentservice,30.0,155,0.8,0.1935483870967742,0
2026-10-06T06:51:05Z,recommendationservice,986.0,1150,0.8,0.8573913043478261,1
2026-10-06T06:51:05Z,shippingservice,93.0,770,0.8,0.12077922077922078,0
2026-10-06T06:51:05Z,currencyservice,402.0,770,0.8,0.522077922077922,0
2026-10-06T06:51:05Z,emailservice,53.0,120,0.8,0.44166666666666665,0
2026-10-06T06:51:05Z,adservice,137.0,1150,0.8,0.1191304347826087,0
2026-10-06T06:51:05Z,redis-cart,33.0,540,0.8,0.06111111111111111,0
2026-10-06T06:51:06Z,frontend,359.75,1150,0.8,0.31282608695652175,0
2026-10-06T06:51:06Z,cartservice,264.0,800,0.95,0.33,0
2026-10-06T06:51:06Z,checkoutservice,452.0,800,0.8,0.565,0
2026-10-06T06:51:06Z,productcatalogservice,485.0,800,0.95,0.60625,0
2026-10-06T06:51:06Z,paymentservice,27.0,155,0.8,0.17419354838709677,0
2026-10-06T06:51:06Z,recommendationservice,1022.0,1150,0.8,0.888695652173913,1
2026-10-06T06:51:06Z,shippingservice,93.0,770,0.8,0.12077922077922078,0
2026-10-06T06:51:06Z,currencyservice,424.0,770,0.8,0.5506493506493506,0
2026-10-06T06:51:06Z,emailservice,76.0,120,0.8,0.6333333333333333,0
2026-10-06T06:51:06Z,adservice,127.0,1150,0.8,0.11043478260869566,0
2026-10-06T06:51:06Z,redis-cart,30.0,540,0.8,0.05555555555555555,0
2026-10-06T06:51:07Z,frontend,341.5,1150,0.8,0.29695652173913045,0
2026-10-06T06:51:07Z,cartservice,264.0,800,0.95,0.33,0
2026-10-06T06:51:07Z,checkoutservice,452.0,800,0.8,0.565,0
2026-10-06T06:51:07Z,productcatalogservice,485.0,800,0.95,0.60625,0
2026-10-06T06:51:07Z,paymentservice,20.0,155,0.8,0.12903225806451613,0
2026-10-06T06:51:07Z,recommendationservice,1070.0,1150,0.8,0.9304347826086956,1
2026-10-06T06:51:07Z,shippingservice,86.0,770,0.8,0.11168831168831168,0
2026-10-06T06:51:07Z,currencyservice,424.0,770,0.8,0.5506493506493506,0
2026-10-06T06:51:07Z,emailservice,36.0,120,0.8,0.3,0
2026-10-06T06:51:07Z,adservice,114.0,1150,0.8,0.09913043478260869,0
2026-10-06T06:51:07Z,redis-cart,31.0,540,0.8,0.05740740740740741,0
2026-10-06T06:51:08Z,frontend,354.75,1150,0.8,0.3084782608695652,0
2026-10-06T06:51:08Z,cartservice,273.0,800,0.95,0.34125,0
2026-10-06T06:51:08Z,checkoutservice,402.0,800,0.8,0.5025,0
2026-10-06T06:51:08Z,productcatalogservice,489.0,800,0.95,0.61125,0
2026-10-06T06:51:08Z,paymentservice,20.0,155,0.8,0.12903225806451613,0
2026-10-06T06:51:08Z,recommendationservice,1032.0,1150,0.8,0.8973913043478261,1
2026-10-06T06:51:08Z,shippingservice,93.0,770,0.8,0.12077922077922078,0
2026-10-06T06:51:08Z,currencyservice,394.0,770,0.8,0.5116883116883116,0
2026-10-06T06:51:08Z,emailservice,36.0,120,0.8,0.3,0
2026-10-06T06:51:08Z,adservice,130.0,1150,0.8,0.11304347826086956,0
2026-10-06T06:51:08Z,redis-cart,74.0,540,0.8,0.13703703703703704,0
2026-10-06T06:51:09Z,frontend,355.75,1150,0.8,0.30934782608695655,0
2026-10-06T06:51:09Z,cartservice,279.0,800,0.95,0.34875,0
2026-10-06T06:51:09Z,checkoutservice,496.0,800,0.8,0.62,0
2026-10-06T06:51:09Z,productcatalogservice,489.0,800,0.95,0.61125,0
2026-10-06T06:51:09Z,paymentservice,41.0,155,0.8,0.2645161290322581,0
2026-10-06T06:51:09Z,recommendationservice,1032.0,1150,0.8,0.8973913043478261,1
2026-10-06T06:51:09Z,shippingservice,93.0,770,0.8,0.12077922077922078,0
2026-10-06T06:51:09Z,currencyservice,415.0,770,0.8,0.538961038961039,0
2026-10-06T06:51:09Z,emailservice,45.0,120,0.8,0.375,0
2026-10-06T06:51:09Z,adservice,130.0,1150,0.8,0.11304347826086956,0
2026-10-06T06:51:09Z,redis-cart,74.0,540,0.8,0.13703703703703704,0
2026-10-06T06:51:10Z,frontend,377.75,1150,0.8,0.3284782608695652,0
2026-10-06T06:51:10Z,cartservice,279.0,800,0.95,0.34875,0
2026-10-06T06:51:10Z,checkoutservice,676.0,800,0.8,0.845,1
2026-10-06T06:51:10Z,productcatalogservice,516.0,800,0.95,0.645,0
2026-10-06T06:51:10Z,paymentservice,39.0,155,0.8,0.25161290322580643,0
2026-10-06T06:51:10Z,recommendationservice,1015.0,1150,0.8,0.8826086956521739,1
2026-10-06T06:51:10Z,shippingservice,107.0,770,0.8,0.13896103896103895,0
2026-10-06T06:51:10Z,currencyservice,415.0,770,0.8,0.538961038961039,0
2026-10-06T06:51:10Z,emailservice,45.0,120,0.8,0.375,0
2026-10-06T06:51:10Z,adservice,144.0,1150,0.8,0.12521739130434784,0
2026-10-06T06:51:10Z,redis-cart,31.0,540,0.8,0.05740740740740741,0
2026-10-06T06:51:11Z,frontend,384.5,1150,0.8,0.3343478260869565,0
2026-10-06T06:51:11Z,cartservice,278.0,800,0.95,0.3475,0
2026-10-06T06:51:11Z,checkoutservice,676.0,800,0.8,0.845,1
2026-10-06T06:51:11Z,productcatalogservice,516.0,800,0.95,0.645,0
2026-10-06T06:51:11Z,paymentservice,34.0,155,0.8,0.21935483870967742,0
2026-10-06T06:51:11Z,recommendationservice,952.0,1150,0.8,0.8278260869565217,1
2026-10-06T06:51:11Z,shippingservice,107.0,770,0.8,0.13896103896103895,0
2026-10-06T06:51:11Z,currencyservice,423.0,770,0.8,0.5493506493506494,0
2026-10-06T06:51:11Z,emailservice,78.0,120,0.8,0.65,0
2026-10-06T06:51:11Z,adservice,144.0,1150,0.8,0.12521739130434784,0
2026-10-06T06:51:11Z,redis-cart,33.0,540,0.8,0.06111111111111111,0
2026-10-06T06:51:12Z,frontend,367.75,1150,0.8,0.31978260869565217,0
2026-10-06T06:51:12Z,cartservice,286.0,800,0.95,0.3575,0
2026-10-06T06:51:12Z,checkoutservice,560.0,800,0.8,0.7,0
2026-10-06T06:51:12Z,productcatalogservice,487.0,800,0.95,0.60875,0
2026-10-06T06:51:12Z,paymentservice,34.0,155,0.8,0.21935483870967742,0
2026-10-06T06:51:12Z,recommendationservice,952.0,1150,0.8,0.8278260869565217,1
2026-10-06T06:51:12Z,shippingservice,109.0,770,0.8,0.14155844155844155,0
2026-10-06T06:51:12Z,currencyservice,423.0,770,0.8,0.5493506493506494,0
2026-10-06T06:51:12Z,emailservice,78.0,120,0.8,0.65,0
2026-10-06T06:51:12Z,adservice,136.0,1150,0.8,0.11826086956521739,0
2026-10-06T06:51:12Z,redis-cart,32.0,540,0.8,0.05925925925925926,0
2026-10-06T06:51:13Z,frontend,360.5,1150,0.8,0.3134782608695652,0
2026-10-06T06:51:13Z,cartservice,312.0,800,0.95,0.39,0
2026-10-06T06:51:13Z,checkoutservice,468.0,800,0.8,0.585,0
2026-10-06T06:51:13Z,productcatalogservice,487.0,800,0.95,0.60875,0
2026-10-06T06:51:13Z,paymentservice,27.0,155,0.8,0.17419354838709677,0
2026-10-06T06:51:13Z,recommendationservice,1023.0,1150,0.8,0.8895652173913043,1
2026-10-06T06:51:13Z,shippingservice,98.0,770,0.8,0.12727272727272726,0
2026-10-06T06:51:13Z,currencyservice,420.0,770,0.8,0.5454545454545454,0
2026-10-06T06:51:13Z,emailservice,47.0,120,0.8,0.39166666666666666,0
2026-10-06T06:51:13Z,adservice,153.0,1150,0.8,0.13304347826086957,0
2026-10-06T06:51:13Z,redis-cart,32.0,540,0.8,0.05925925925925926,0
2026-10-06T06:51:14Z,frontend,343.75,1150,0.8,0.29891304347826086,0
2026-10-06T06:51:14Z,cartservice,312.0,800,0.95,0.39,0
2026-10-06T06:51:14Z,checkoutservice,247.0,800,0.8,0.30875,0
2026-10-06T06:51:14Z,productcatalogservice,421.0,800,0.95,0.52625,0
2026-10-06T06:51:14Z,paymentservice,27.0,155,0.8,0.17419354838709677,0
2026-10-06T06:51:14Z,recommendationservice,1023.0,1150,0.8,0.8895652173913043,1
2026-10-06T06:51:14Z,shippingservice,98.0,770,0.8,0.12727272727272726,0
2026-10-06T06:51:14Z,currencyservice,409.0,770,0.8,0.5311688311688312,0
2026-10-06T06:51:14Z,emailservice,52.0,120,0.8,0.43333333333333335,0
2026-10-06T06:51:14Z,adservice,153.0,1150,0.8,0.13304347826086957,0
2026-10-06T06:51:14Z,redis-cart,30.0,540,0.8,0.05555555555555555,0
2026-10-06T06:51:15Z,frontend,316.0,1150,0.8,0.2747826086956522,0
2026-10-06T06:51:15Z,cartservice,291.0,800,0.95,0.36375,0
2026-10-06T06:51:15Z,checkoutservice,384.0,800,0.8,0.48,0
2026-10-06T06:51:15Z,productcatalogservice,421.0,800,0.95,0.52625,0
2026-10-06T06:51:15Z,paymentservice,18.0,155,0.8,0.11612903225806452,0
2026-10-06T06:51:15Z,recommendationservice,1039.0,1150,0.8,0.9034782608695652,1
2026-10-06T06:51:15Z,shippingservice,58.0,770,0.8,0.07532467532467532,0
2026-10-06T06:51:15Z,currencyservice,368.0,770,0.8,0.4779220779220779,0
2026-10-06T06:51:15Z,emailservice,52.0,120,0.8,0.43333333333333335,0
2026-10-06T06:51:15Z,adservice,100.0,1150,0.8,0.08695652173913043,0
2026-10-06T06:51:15Z,redis-cart,28.0,540,0.8,0.05185185185185185,0
2026-10-06T06:51:16Z,frontend,335.25,1150,0.8,0.2915217391304348,0
2026-10-06T06:51:16Z,cartservice,291.0,800,0.95,0.36375,0
2026-10-06T06:51:16Z,checkoutservice,384.0,800,0.8,0.48,0
2026-10-06T06:51:16Z,productcatalogservice,449.0,800,0.95,0.56125,0
2026-10-06T06:51:16Z,paymentservice,22.0,155,0.8,0.14193548387096774,0
2026-10-06T06:51:16Z,recommendationservice,1018.0,1150,0.8,0.8852173913043478,1
2026-10-06T06:51:16Z,shippingservice,58.0,770,0.8,0.07532467532467532,0
2026-10-06T06:51:16Z,currencyservice,379.0,770,0.8,0.4922077922077922,0
2026-10-06T06:51:16Z,emailservice,53.0,120,0.8,0.44166666666666665,0
2026-10-06T06:51:16Z,adservice,100.0,1150,0.8,0.08695652173913043,0
2026-10-06T06:51:16Z,redis-cart,28.0,540,0.8,0.05185185185185185,0
2026-10-06T06:51:17Z,frontend,356.5,1150,0.8,0.31,0
2026-10-06T06:51:17Z,cartservice,309.0,800,0.95,0.38625,0
2026-10-06T06:51:17Z,checkoutservice,538.0,800,0.8,0.6725,0
2026-10-06T06:51:17Z,productcatalogservice,486.0,800,0.95,0.6075,0
2026-10-06T06:51:17Z,paymentservice,34.0,155,0.8,0.21935483870967742,0
2026-10-06T06:51:17Z,recommendationservice,1013.0,1150,0.8,0.8808695652173913,1
2026-10-06T06:51:17Z,shippingservice,103.0,770,0.8,0.13376623376623376,0
2026-10-06T06:51:17Z,currencyservice,379.0,770,0.8,0.4922077922077922,0
2026-10-06T06:51:17Z,emailservice,48.0,120,0.8,0.4,0
2026-10-06T06:51:17Z,adservice,136.0,1150,0.8,0.11826086956521739,0
2026-10-06T06:51:17Z,redis-cart,30.0,540,0.8,0.05555555555555555,0
2026-10-06T06:51:18Z,frontend,364.75,1150,0.8,0.31717391304347825,0
2026-10-06T06:51:18Z,cartservice,293.0,800,0.95,0.36625,0
2026-10-06T06:51:18Z,checkoutservice,482.0,800,0.8,0.6025,0
2026-10-06T06:51:18Z,productcatalogservice,486.0,800,0.95,0.6075,0
2026-10-06T06:51:18Z,paymentservice,34.0,155,0.8,0.21935483870967742,0
2026-10-06T06:51:18Z,recommendationservice,995.0,1150,0.8,0.8652173913043478,1
2026-10-06T06:51:18Z,shippingservice,103.0,770,0.8,0.13376623376623376,0
2026-10-06T06:51:18Z,currencyservice,425.0,770,0.8,0.551948051948052,0
2026-10-06T06:51:18Z,emailservice,48.0,120,0.8,0.4,0
2026-10-06T06:51:18Z,adservice,156.0,1150,0.8,0.1356521739130435,0
2026-10-06T06:51:18Z,redis-cart,30.0,540,0.8,0.05555555555555555,0
2026-10-06T06:51:19Z,frontend,370.5,1150,0.8,0.32217391304347825,0
2026-10-06T06:51:19Z,cartservice,293.0,800,0.95,0.36625,0
2026-10-06T06:51:19Z,checkoutservice,488.0,800,0.8,0.61,0
2026-10-06T06:51:19Z,productcatalogservice,498.0,800,0.95,0.6225,0
2026-10-06T06:51:19Z,paymentservice,48.0,155,0.8,0.3096774193548387,0
2026-10-06T06:51:19Z,recommendationservice,995.0,1150,0.8,0.8652173913043478,1
2026-10-06T06:51:19Z,shippingservice,98.0,770,0.8,0.12727272727272726,0
2026-10-06T06:51:19Z,currencyservice,425.0,770,0.8,0.551948051948052,0
2026-10-06T06:51:19Z,emailservice,59.0,120,0.8,0.49166666666666664,0
2026-10-06T06:51:19Z,adservice,156.0,1150,0.8,0.1356521739130435,0
2026-10-06T06:51:19Z,redis-cart,31.0,540,0.8,0.05740740740740741,0
2026-10-06T06:51:20Z,frontend,368.25,1150,0.8,0.32021739130434784,0
2026-10-06T06:51:20Z,cartservice,293.0,800,0.95,0.36625,0
2026-10-06T06:51:20Z,checkoutservice,488.0,800,0.8,0.61,0
2026-10-06T06:51:20Z,productcatalogservice,492.0,800,0.95,0.615,0
2026-10-06T06:51:20Z,paymentservice,27.0,155,0.8,0.17419354838709677,0
2026-10-06T06:51:20Z,recommendationservice,969.0,1150,0.8,0.8426086956521739,1
2026-10-06T06:51:20Z,shippingservice,97.0,770,0.8,0.12597402597402596,0
2026-10-06T06:51:20Z,currencyservice,414.0,770,0.8,0.5376623376623376,0
2026-10-06T06:51:20Z,emailservice,61.0,120,0.8,0.5083333333333333,0
2026-10-06T06:51:20Z,adservice,133.0,1150,0.8,0.11565217391304349,0
2026-10-06T06:51:20Z,redis-cart,31.0,540,0.8,0.05740740740740741,0
2026-10-06T06:51:21Z,frontend,358.0,1150,0.8,0.31130434782608696,0
2026-10-06T06:51:21Z,cartservice,283.0,800,0.95,0.35375,0
2026-10-06T06:51:21Z,checkoutservice,415.0,800,0.8,0.51875,0
2026-10-06T06:51:21Z,productcatalogservice,492.0,800,0.95,0.615,0
2026-10-06T06:51:21Z,paymentservice,27.0,155,0.8,0.17419354838709677,0
2026-10-06T06:51:21Z,recommendationservice,969.0,1150,0.8,0.8426086956521739,1
2026-10-06T06:51:21Z,shippingservice,97.0,770,0.8,0.12597402597402596,0
2026-10-06T06:51:21Z,currencyservice,413.0,770,0.8,0.5363636363636364,0
2026-10-06T06:51:21Z,emailservice,61.0,120,0.8,0.5083333333333333,0
2026-10-06T06:51:21Z,adservice,120.0,1150,0.8,0.10434782608695652,0
2026-10-06T06:51:21Z,redis-cart,30.0,540,0.8,0.05555555555555555,0
2026-10-06T06:51:22Z,frontend,350.0,1150,0.8,0.30434782608695654,0
2026-10-06T06:51:22Z,cartservice,283.0,800,0.95,0.35375,0
2026-10-06T06:51:22Z,checkoutservice,415.0,800,0.8,0.51875,0
2026-10-06T06:51:22Z,productcatalogservice,482.0,800,0.95,0.6025,0
2026-10-06T06:51:22Z,paymentservice,22.0,155,0.8,0.14193548387096774,0
2026-10-06T06:51:22Z,recommendationservice,1043.0,1150,0.8,0.9069565217391304,1
2026-10-06T06:51:22Z,shippingservice,79.0,770,0.8,0.1025974025974026,0
2026-10-06T06:51:22Z,currencyservice,413.0,770,0.8,0.5363636363636364,0
2026-10-06T06:51:22Z,emailservice,46.0,120,0.8,0.38333333333333336,0
2026-10-06T06:51:22Z,adservice,125.0,1150,0.8,0.10869565217391304,0
2026-10-06T06:51:22Z,redis-cart,30.0,540,0.8,0.05555555555555555,0
2026-10-06T06:51:23Z,frontend,355.0,1150,0.8,0.30869565217391304,0
2026-10-06T06:51:23Z,cartservice,315.0,800,0.95,0.39375,0
2026-10-06T06:51:23Z,checkoutservice,478.0,800,0.8,0.5975,0
2026-10-06T06:51:23Z,productcatalogservice,482.0,800,0.95,0.6025,0
2026-10-06T06:51:23Z,paymentservice,28.0,155,0.8,0.18064516129032257,0
2026-10-06T06:51:23Z,recommendationservice,1043.0,1150,0.8,0.9069565217391304,1
2026-10-06T06:51:23Z,shippingservice,79.0,770,0.8,0.1025974025974026,0
2026-10-06T06:51:23Z,currencyservice,420.0,770,0.8,0.5454545454545454,0
2026-10-06T06:51:23Z,emailservice,46.0,120,0.8,0.38333333333333336,0
2026-10-06T06:51:23Z,adservice,125.0,1150,0.8,0.10869565217391304,0
2026-10-06T06:51:23Z,redis-cart,31.0,540,0.8,0.05740740740740741,0
2026-10-06T06:51:24Z,frontend,363.25,1150,0.8,0.3158695652173913,0
2026-10-06T06:51:24Z,cartservice,315.0,800,0.95,0.39375,0
2026-10-06T06:51:24Z,checkoutservice,627.0,800,0.8,0.78375,0
2026-10-06T06:51:24Z,productcatalogservice,471.0,800,0.95,0.58875,0
2026-10-06T06:51:24Z,paymentservice,28.0,155,0.8,0.18064516129032257,0
2026-10-06T06:51:24Z,recommendationservice,977.0,1150,0.8,0.8495652173913043,1
2026-10-06T06:51:24Z,shippingservice,100.0,770,0.8,0.12987012987012986,0
2026-10-06T06:51:24Z,currencyservice,410.0,770,0.8,0.5324675324675324,0
2026-10-06T06:51:24Z,emailservice,52.0,120,0.8,0.43333333333333335,0
2026-10-06T06:51:24Z,adservice,140.0,1150,0.8,0.12173913043478261,0
2026-10-06T06:51:24Z,redis-cart,32.0,540,0.8,0.05925925925925926,0
2026-10-06T06:51:25Z,frontend,372.75,1150,0.8,0.3241304347826087,0
2026-10-06T06:51:25Z,cartservice,323.0,800,0.95,0.40375,0
2026-10-06T06:51:25Z,checkoutservice,627.0,800,0.8,0.78375,0
2026-10-06T06:51:25Z,productcatalogservice,510.0,800,0.95,0.6375,0
2026-10-06T06:51:25Z,paymentservice,30.0,155,0.8,0.1935483870967742,0
2026-10-06T06:51:25Z,recommendationservice,985.0,1150,0.8,0.8565217391304348,1
2026-10-06T06:51:25Z,shippingservice,96.0,770,0.8,0.12467532467532468,0
2026-10-06T06:51:25Z,currencyservice,410.0,770,0.8,0.5324675324675324,0
2026-10-06T06:51:25Z,emailservice,86.0,120,0.8,0.7166666666666667,0
2026-10-06T06:51:25Z,adservice,140.0,1150,0.8,0.12173913043478261,0
2026-10-06T06:51:25Z,redis-cart,30.0,540,0.8,0.05555555555555555,0
2026-10-06T06:51:26Z,frontend,371.75,1150,0.8,0.3232608695652174,0
2026-10-06T06:51:26Z,cartservice,252.0,800,0.95,0.315,0
2026-10-06T06:51:26Z,checkoutservice,379.0,800,0.8,0.47375,0
2026-10-06T06:51:26Z,productcatalogservice,466.0,800,0.95,0.5825,0
2026-10-06T06:51:26Z,paymentservice,30.0,155,0.8,0.1935483870967742,0
2026-10-06T06:51:26Z,recommendationservice,985.0,1150,0.8,0.8565217391304348,1
2026-10-06T06:51:26Z,shippingservice,96.0,770,0.8,0.12467532467532468,0
2026-10-06T06:51:26Z,currencyservice,466.0,770,0.8,0.6051948051948052,0
2026-10-06T06:51:26Z,emailservice,44.0,120,0.8,0.36666666666666664,0
2026-10-06T06:51:26Z,adservice,145.0,1150,0.8,0.12608695652173912,0
2026-10-06T06:51:26Z,redis-cart,32.0,540,0.8,0.05925925925925926,0
2026-10-06T06:51:27Z,frontend,354.0,1150,0.8,0.30782608695652175,0
2026-10-06T06:51:27Z,cartservice,277.0,800,0.95,0.34625,0
2026-10-06T06:51:27Z,checkoutservice,379.0,800,0.8,0.47375,0
2026-10-06T06:51:27Z,productcatalogservice,466.0,800,0.95,0.5825,0
2026-10-06T06:51:27Z,paymentservice,26.0,155,0.8,0.16774193548387098,0
2026-10-06T06:51:27Z,recommendationservice,982.0,1150,0.8,0.8539130434782609,1
2026-10-06T06:51:27Z,shippingservice,103.0,770,0.8,0.13376623376623376,0
2026-10-06T06:51:27Z,currencyservice,414.0,770,0.8,0.5376623376623376,0
2026-10-06T06:51:27Z,emailservice,44.0,120,0.8,0.36666666666666664,0
2026-10-06T06:51:27Z,adservice,130.0,1150,0.8,0.11304347826086956,0
2026-10-06T06:51:27Z,redis-cart,32.0,540,0.8,0.05925925925925926,0
2026-10-06T06:51:28Z,frontend,355.75,1150,0.8,0.30934782608695655,0
2026-10-06T06:51:28Z,cartservice,277.0,800,0.95,0.34625,0
2026-10-06T06:51:28Z,checkoutservice,532.0,800,0.8,0.665,0
2026-10-06T06:51:28Z,productcatalogservice,483.0,800,0.95,0.60375,0
2026-10-06T06:51:28Z,paymentservice,30.0,155,0.8,0.1935483870967742,0
2026-10-06T06:51:28Z,recommendationservice,982.0,1150,0.8,0.8539130434782609,1
2026-10-06T06:51:28Z,shippingservice,103.0,770,0.8,0.13376623376623376,0
2026-10-06T06:51:28Z,currencyservice,414.0,770,0.8,0.5376623376623376,0
2026-10-06T06:51:28Z,emailservice,51.0,120,0.8,0.425,0
2026-10-06T06:51:28Z,adservice,130.0,1150,0.8,0.11304347826086956,0
2026-10-06T06:51:28Z,redis-cart,31.0,540,0.8,0.05740740740740741,0
2026-10-06T06:51:29Z,frontend,367.5,1150,0.8,0.31956521739130433,0
2026-10-06T06:51:29Z,cartservice,313.0,800,0.95,0.39125,0
2026-10-06T06:51:29Z,checkoutservice,532.0,800,0.8,0.665,0
2026-10-06T06:51:29Z,productcatalogservice,504.0,800,0.95,0.63,0
2026-10-06T06:51:29Z,paymentservice,48.0,155,0.8,0.3096774193548387,0
2026-10-06T06:51:29Z,recommendationservice,1006.0,1150,0.8,0.8747826086956522,1
2026-10-06T06:51:29Z,shippingservice,90.0,770,0.8,0.11688311688311688,0
2026-10-06T06:51:29Z,currencyservice,397.0,770,0.8,0.5155844155844156,0
2026-10-06T06:51:29Z,emailservice,47.0,120,0.8,0.39166666666666666,0
2026-10-06T06:51:29Z,adservice,133.0,1150,0.8,0.11565217391304349,0
2026-10-06T06:51:29Z,redis-cart,31.0,540,0.8,0.05740740740740741,0
2026-10-06T06:51:30Z,frontend,354.25,1150,0.8,0.3080434782608696,0
2026-10-06T06:51:30Z,cartservice,260.0,800,0.95,0.325,0
2026-10-06T06:51:30Z,checkoutservice,518.0,800,0.8,0.6475,0
2026-10-06T06:51:30Z,productcatalogservice,504.0,800,0.95,0.63,0
2026-10-06T06:51:30Z,paymentservice,48.0,155,0.8,0.3096774193548387,0
2026-10-06T06:51:30Z,recommendationservice,977.0,1150,0.8,0.8495652173913043,1
2026-10-06T06:51:30Z,shippingservice,93.0,770,0.8,0.12077922077922078,0
2026-10-06T06:51:30Z,currencyservice,442.0,770,0.8,0.574025974025974,0
2026-10-06T06:51:30Z,emailservice,47.0,120,0.8,0.39166666666666666,0
2026-10-06T06:51:30Z,adservice,136.0,1150,0.8,0.11826086956521739,0
2026-10-06T06:51:30Z,redis-cart,32.0,540,0.8,0.05925925925925926,0
2026-10-06T06:51:31Z,frontend,357.5,1150,0.8,0.3108695652173913,0
2026-10-06T06:51:31Z,cartservice,260.0,800,0.95,0.325,0
2026-10-06T06:51:31Z,checkoutservice,518.0,800,0.8,0.6475,0
2026-10-06T06:51:31Z,productcatalogservice,466.0,800,0.95,0.5825,0
2026-10-06T06:51:31Z,paymentservice,33.0,155,0.8,0.2129032258064516,0
2026-10-06T06:51:31Z,recommendationservice,977.0,1150,0.8,0.8495652173913043,1
2026-10-06T06:51:31Z,shippingservice,93.0,770,0.8,0.12077922077922078,0
2026-10-06T06:51:31Z,currencyservice,442.0,770,0.8,0.574025974025974,0
2026-10-06T06:51:31Z,emailservice,76.0,120,0.8,0.6333333333333333,0
2026-10-06T06:51:31Z,adservice,165.0,1150,0.8,0.14347826086956522,0
2026-10-06T06:51:31Z,redis-cart,32.0,540,0.8,0.05925925925925926,0
2026-10-06T06:51:32Z,frontend,379.0,1150,0.8,0.32956521739130434,0
2026-10-06T06:51:32Z,cartservice,285.0,800,0.95,0.35625,0
2026-10-06T06:51:32Z,checkoutservice,524.0,800,0.8,0.655,0
2026-10-06T06:51:32Z,productcatalogservice,466.0,800,0.95,0.5825,0
2026-10-06T06:51:32Z,paymentservice,32.0,155,0.8,0.2064516129032258,0
2026-10-06T06:51:32Z,recommendationservice,975.0,1150,0.8,0.8478260869565217,1
2026-10-06T06:51:32Z,shippingservice,107.0,770,0.8,0.13896103896103895,0
2026-10-06T06:51:32Z,currencyservice,399.0,770,0.8,0.5181818181818182,0
2026-10-06T06:51:32Z,emailservice,54.0,120,0.8,0.45,0
2026-10-06T06:51:32Z,adservice,165.0,1150,0.8,0.14347826086956522,0
2026-10-06T06:51:32Z,redis-cart,32.0,540,0.8,0.05925925925925926,0
2026-10-06T06:51:33Z,frontend,376.25,1150,0.8,0.32717391304347826,0
2026-10-06T06:51:33Z,cartservice,285.0,800,0.95,0.35625,0
2026-10-06T06:51:33Z,checkoutservice,471.0,800,0.8,0.58875,0
2026-10-06T06:51:33Z,productcatalogservice,517.0,800,0.95,0.64625,0
2026-10-06T06:51:33Z,paymentservice,26.0,155,0.8,0.16774193548387098,0
2026-10-06T06:51:33Z,recommendationservice,1043.0,1150,0.8,0.9069565217391304,1
2026-10-06T06:51:33Z,shippingservice,107.0,770,0.8,0.13896103896103895,0
2026-10-06T06:51:33Z,currencyservice,406.0,770,0.8,0.5272727272727272,0
2026-10-06T06:51:33Z,emailservice,48.0,120,0.8,0.4,0
2026-10-06T06:51:33Z,adservice,150.0,1150,0.8,0.13043478260869565,0
2026-10-06T06:51:33Z,redis-cart,32.0,540,0.8,0.05925925925925926,0
2026-10-06T06:51:34Z,frontend,369.5,1150,0.8,0.32130434782608697,0
2026-10-06T06:51:34Z,cartservice,336.0,800,0.95,0.42,0
2026-10-06T06:51:34Z,checkoutservice,471.0,800,0.8,0.58875,0
2026-10-06T06:51:34Z,productcatalogservice,468.0,800,0.95,0.585,0
2026-10-06T06:51:34Z,paymentservice,26.0,155,0.8,0.16774193548387098,0
2026-10-06T06:51:34Z,recommendationservice,1023.0,1150,0.8,0.8895652173913043,1
2026-10-06T06:51:34Z,shippingservice,97.0,770,0.8,0.12597402597402596,0
2026-10-06T06:51:34Z,currencyservice,421.0,770,0.8,0.5467532467532468,0
2026-10-06T06:51:34Z,emailservice,48.0,120,0.8,0.4,0
2026-10-06T06:51:34Z,adservice,130.0,1150,0.8,0.11304347826086956,0
2026-10-06T06:51:34Z,redis-cart,33.0,540,0.8,0.06111111111111111,0
2026-10-06T06:51:35Z,frontend,344.75,1150,0.8,0.29978260869565215,0
2026-10-06T06:51:35Z,cartservice,336.0,800,0.95,0.42,0
2026-10-06T06:51:35Z,checkoutservice,487.0,800,0.8,0.60875,0
2026-10-06T06:51:35Z,productcatalogservice,487.0,800,0.95,0.60875,0
2026-10-06T06:51:35Z,paymentservice,29.0,155,0.8,0.1870967741935484,0
2026-10-06T06:51:35Z,recommendationservice,1023.0,1150,0.8,0.8895652173913043,1
2026-10-06T06:51:35Z,shippingservice,85.0,770,0.8,0.11038961038961038,0
2026-10-06T06:51:35Z,currencyservice,421.0,770,0.8,0.5467532467532468,0
2026-10-06T06:51:35Z,emailservice,78.0,120,0.8,0.65,0
2026-10-06T06:51:35Z,adservice,130.0,1150,0.8,0.11304347826086956,0
2026-10-06T06:51:35Z,redis-cart,29.0,540,0.8,0.053703703703703705,0
2026-10-06T06:51:36Z,frontend,366.0,1150,0.8,0.3182608695652174,0
2026-10-06T06:51:36Z,cartservice,308.0,800,0.95,0.385,0
2026-10-06T06:51:36Z,checkoutservice,538.0,800,0.8,0.6725,0
2026-10-06T06:51:36Z,productcatalogservice,487.0,800,0.95,0.60875,0
2026-10-06T06:51:36Z,paymentservice,29.0,155,0.8,0.1870967741935484,0
2026-10-06T06:51:36Z,recommendationservice,996.0,1150,0.8,0.8660869565217392,1
2026-10-06T06:51:36Z,shippingservice,121.0,770,0.8,0.15714285714285714,0
2026-10-06T06:51:36Z,currencyservice,425.0,770,0.8,0.551948051948052,0
2026-10-06T06:51:36Z,emailservice,78.0,120,0.8,0.65,0
2026-10-06T06:51:36Z,adservice,138.0,1150,0.8,0.12,0
2026-10-06T06:51:36Z,redis-cart,32.0,540,0.8,0.05925925925925926,0
2026-10-06T06:51:37Z,frontend,369.0,1150,0.8,0.3208695652173913,0
2026-10-06T06:51:37Z,cartservice,310.0,800,0.95,0.3875,0
2026-10-06T06:51:37Z,checkoutservice,538.0,800,0.8,0.6725,0
2026-10-06T06:51:37Z,productcatalogservice,484.0,800,0.95,0.605,0
2026-10-06T06:51:37Z,paymentservice,29.0,155,0.8,0.1870967741935484,0
2026-10-06T06:51:37Z,recommendationservice,1006.0,1150,0.8,0.8747826086956522,1
2026-10-06T06:51:37Z,shippingservice,80.0,770,0.8,0.1038961038961039,0
2026-10-06T06:51:37Z,currencyservice,406.0,770,0.8,0.5272727272727272,0
2026-10-06T06:51:37Z,emailservice,45.0,120,0.8,0.375,0
2026-10-06T06:51:37Z,adservice,149.0,1150,0.8,0.12956521739130436,0
2026-10-06T06:51:37Z,redis-cart,32.0,540,0.8,0.05925925925925926,0
2026-10-06T06:51:38Z,frontend,336.0,1150,0.8,0.2921739130434783,0
2026-10-06T06:51:38Z,cartservice,310.0,800,0.95,0.3875,0
2026-10-06T06:51:38Z,checkoutservice,386.0,800,0.8,0.4825,0
2026-10-06T06:51:38Z,productcatalogservice,475.0,800,0.95,0.59375,0
2026-10-06T06:51:38Z,paymentservice,22.0,155,0.8,0.14193548387096774,0
2026-10-06T06:51:38Z,recommendationservice,1014.0,1150,0.8,0.8817391304347826,1
2026-10-06T06:51:38Z,shippingservice,80.0,770,0.8,0.1038961038961039,0
2026-10-06T06:51:38Z,currencyservice,406.0,770,0.8,0.5272727272727272,0
2026-10-06T06:51:38Z,emailservice,43.0,120,0.8,0.35833333333333334,0
2026-10-06T06:51:38Z,adservice,132.0,1150,0.8,0.11478260869565217,0
2026-10-06T06:51:38Z,redis-cart,29.0,540,0.8,0.053703703703703705,0
2026-10-06T06:51:39Z,frontend,366.25,1150,0.8,0.3184782608695652,0
2026-10-06T06:51:39Z,cartservice,308.0,800,0.95,0.385,0
2026-10-06T06:51:39Z,checkoutservice,394.0,800,0.8,0.4925,0
2026-10-06T06:51:39Z,productcatalogservice,475.0,800,0.95,0.59375,0
2026-10-06T06:51:39Z,paymentservice,47.0,155,0.8,0.3032258064516129,0
2026-10-06T06:51:39Z,recommendationservice,1014.0,1150,0.8,0.8817391304347826,1
2026-10-06T06:51:39Z,shippingservice,82.0,770,0.8,0.10649350649350649,0
2026-10-06T06:51:39Z,currencyservice,426.0,770,0.8,0.5532467532467532,0
2026-10-06T06:51:39Z,emailservice,65.0,120,0.8,0.5416666666666666,0
2026-10-06T06:51:39Z,adservice,125.0,1150,0.8,0.10869565217391304,0
2026-10-06T06:51:39Z,redis-cart,29.0,540,0.8,0.053703703703703705,0
2026-10-06T06:51:40Z,frontend,355.75,1150,0.8,0.30934782608695655,0
2026-10-06T06:51:40Z,cartservice,303.0,800,0.95,0.37875,0
2026-10-06T06:51:40Z,checkoutservice,394.0,800,0.8,0.4925,0
2026-10-06T06:51:40Z,productcatalogservice,518.0,800,0.95,0.6475,0
2026-10-06T06:51:40Z,paymentservice,24.0,155,0.8,0.15483870967741936,0
2026-10-06T06:51:40Z,recommendationservice,1048.0,1150,0.8,0.9113043478260869,1
2026-10-06T06:51:40Z,shippingservice,74.0,770,0.8,0.09610389610389611,0
2026-10-06T06:51:40Z,currencyservice,387.0,770,0.8,0.5025974025974026,0
2026-10-06T06:51:40Z,emailservice,65.0,120,0.8,0.5416666666666666,0
2026-10-06T06:51:40Z,adservice,125.0,1150,0.8,0.10869565217391304,0
2026-10-06T06:51:40Z,redis-cart,29.0,540,0.8,0.053703703703703705,0
2026-10-06T06:51:41Z,frontend,359.25,1150,0.8,0.3123913043478261,0
2026-10-06T06:51:41Z,cartservice,303.0,800,0.95,0.37875,0
2026-10-06T06:51:41Z,checkoutservice,472.0,800,0.8,0.59,0
2026-10-06T06:51:41Z,productcatalogservice,480.0,800,0.95,0.6,0
2026-10-06T06:51:41Z,paymentservice,24.0,155,0.8,0.15483870967741936,0
2026-10-06T06:51:41Z,recommendationservice,1048.0,1150,0.8,0.9113043478260869,1
2026-10-06T06:51:41Z,shippingservice,74.0,770,0.8,0.09610389610389611,0
2026-10-06T06:51:41Z,currencyservice,414.0,770,0.8,0.5376623376623376,0
2026-10-06T06:51:41Z,emailservice,56.0,120,0.8,0.4666666666666667,0
2026-10-06T06:51:41Z,adservice,124.0,1150,0.8,0.10782608695652174,0
2026-10-06T06:51:41Z,redis-cart,32.0,540,0.8,0.05925925925925926,0
2026-10-06T06:51:42Z,frontend,368.0,1150,0.8,0.32,0
2026-10-06T06:51:42Z,cartservice,327.0,800,0.95,0.40875,0
2026-10-06T06:51:42Z,checkoutservice,472.0,800,0.8,0.59,0
2026-10-06T06:51:42Z,productcatalogservice,480.0,800,0.95,0.6,0
2026-10-06T06:51:42Z,paymentservice,34.0,155,0.8,0.21935483870967742,0
2026-10-06T06:51:42Z,recommendationservice,978.0,1150,0.8,0.8504347826086956,1
2026-10-06T06:51:42Z,shippingservice,103.0,770,0.8,0.13376623376623376,0
2026-10-06T06:51:42Z,currencyservice,406.0,770,0.8,0.5272727272727272,0
2026-10-06T06:51:42Z,emailservice,56.0,120,0.8,0.4666666666666667,0
2026-10-06T06:51:42Z,adservice,142.0,1150,0.8,0.12347826086956522,0
2026-10-06T06:51:42Z,redis-cart,32.0,540,0.8,0.05925925925925926,0
2026-10-06T06:51:43Z,frontend,374.75,1150,0.8,0.3258695652173913,0
2026-10-06T06:51:43Z,cartservice,327.0,800,0.95,0.40875,0
2026-10-06T06:51:43Z,checkoutservice,536.0,800,0.8,0.67,0
2026-10-06T06:51:43Z,productcatalogservice,496.0,800,0.95,0.62,0
2026-10-06T06:51:43Z,paymentservice,34.0,155,0.8,0.21935483870967742,0
2026-10-06T06:51:43Z,recommendationservice,987.0,1150,0.8,0.8582608695652174,1
2026-10-06T06:51:43Z,shippingservice,103.0,770,0.8,0.13376623376623376,0
2026-10-06T06:51:43Z,currencyservice,460.0,770,0.8,0.5974025974025974,0
2026-10-06T06:51:43Z,emailservice,55.0,120,0.8,0.4583333333333333,0
2026-10-06T06:51:43Z,adservice,150.0,1150,0.8,0.13043478260869565,0
2026-10-06T06:51:43Z,redis-cart,32.0,540,0.8,0.05925925925925926,0
2026-10-06T06:51:44Z,frontend,374.25,1150,0.8,0.3254347826086956,0
2026-10-06T06:51:44Z,cartservice,316.0,800,0.95,0.395,0
2026-10-06T06:51:44Z,checkoutservice,560.0,800,0.8,0.7,0
2026-10-06T06:51:44Z,productcatalogservice,479.0,800,0.95,0.59875,0
2026-10-06T06:51:44Z,paymentservice,32.0,155,0.8,0.2064516129032258,0
2026-10-06T06:51:44Z,recommendationservice,999.0,1150,0.8,0.8686956521739131,1
2026-10-06T06:51:44Z,shippingservice,109.0,770,0.8,0.14155844155844155,0
2026-10-06T06:51:44Z,currencyservice,460.0,770,0.8,0.5974025974025974,0
2026-10-06T06:51:44Z,emailservice,53.0,120,0.8,0.44166666666666665,0
2026-10-06T06:51:44Z,adservice,147.0,1150,0.8,0.12782608695652173,0
2026-10-06T06:51:44Z,redis-cart,31.0,540,0.8,0.05740740740740741,0
2026-10-06T06:51:45Z,frontend,370.25,1150,0.8,0.3219565217391304,0
2026-10-06T06:51:45Z,cartservice,318.0,800,0.95,0.3975,0
2026-10-06T06:51:45Z,checkoutservice,560.0,800,0.8,0.7,0
2026-10-06T06:51:45Z,productcatalogservice,495.0,800,0.95,0.61875,0
2026-10-06T06:51:45Z,paymentservice,32.0,155,0.8,0.2064516129032258,0
2026-10-06T06:51:45Z,recommendationservice,999.0,1150,0.8,0.8686956521739131,1
2026-10-06T06:51:45Z,shippingservice,117.0,770,0.8,0.15194805194805194,0
2026-10-06T06:51:45Z,currencyservice,429.0,770,0.8,0.5571428571428572,0
2026-10-06T06:51:45Z,emailservice,83.0,120,0.8,0.6916666666666667,0
2026-10-06T06:51:45Z,adservice,143.0,1150,0.8,0.12434782608695652,0
2026-10-06T06:51:45Z,redis-cart,31.0,540,0.8,0.05740740740740741,0
2026-10-06T06:51:46Z,frontend,363.75,1150,0.8,0.31630434782608696,0
2026-10-06T06:51:46Z,cartservice,318.0,800,0.95,0.3975,0
2026-10-06T06:51:46Z,checkoutservice,421.0,800,0.8,0.52625,0
2026-10-06T06:51:46Z,productcatalogservice,488.0,800,0.95,0.61,0
2026-10-06T06:51:46Z,paymentservice,23.0,155,0.8,0.14838709677419354,0
2026-10-06T06:51:46Z,recommendationservice,1009.0,1150,0.8,0.8773913043478261,1
2026-10-06T06:51:46Z,shippingservice,117.0,770,0.8,0.15194805194805194,0
2026-10-06T06:51:46Z,currencyservice,356.0,770,0.8,0.4623376623376623,0
2026-10-06T06:51:46Z,emailservice,32.0,120,0.8,0.26666666666666666,0
2026-10-06T06:51:46Z,adservice,143.0,1150,0.8,0.12434782608695652,0
2026-10-06T06:51:46Z,redis-cart,30.0,540,0.8,0.05555555555555555,0
2026-10-06T06:51:47Z,frontend,352.0,1150,0.8,0.3060869565217391,0
2026-10-06T06:51:47Z,cartservice,277.0,800,0.95,0.34625,0
2026-10-06T06:51:47Z,checkoutservice,431.0,800,0.8,0.53875,0
2026-10-06T06:51:47Z,productcatalogservice,488.0,800,0.95,0.61,0
2026-10-06T06:51:47Z,paymentservice,24.0,155,0.8,0.15483870967741936,0
2026-10-06T06:51:47Z,recommendationservice,1009.0,1150,0.8,0.8773913043478261,1
2026-10-06T06:51:47Z,shippingservice,81.0,770,0.8,0.10519480519480519,0
2026-10-06T06:51:47Z,currencyservice,356.0,770,0.8,0.4623376623376623,0
2026-10-06T06:51:47Z,emailservice,32.0,120,0.8,0.26666666666666666,0
2026-10-06T06:51:47Z,adservice,143.0,1150,0.8,0.12434782608695652,0
2026-10-06T06:51:47Z,redis-cart,33.0,540,0.8,0.06111111111111111,0
2026-10-06T06:51:48Z,frontend,370.5,1150,0.8,0.32217391304347825,0
2026-10-06T06:51:48Z,cartservice,310.0,800,0.95,0.3875,0
2026-10-06T06:51:48Z,checkoutservice,431.0,800,0.8,0.53875,0
2026-10-06T06:51:48Z,productcatalogservice,474.0,800,0.95,0.5925,0
2026-10-06T06:51:48Z,paymentservice,24.0,155,0.8,0.15483870967741936,0
2026-10-06T06:51:48Z,recommendationservice,996.0,1150,0.8,0.8660869565217392,1
2026-10-06T06:51:48Z,shippingservice,110.0,770,0.8,0.14285714285714285,0
2026-10-06T06:51:48Z,currencyservice,460.0,770,0.8,0.5974025974025974,0
2026-10-06T06:51:48Z,emailservice,57.0,120,0.8,0.475,0
2026-10-06T06:51:48Z,adservice,148.0,1150,0.8,0.12869565217391304,0
2026-10-06T06:51:48Z,redis-cart,33.0,540,0.8,0.06111111111111111,0
2026-10-06T06:51:49Z,frontend,381.75,1150,0.8,0.33195652173913043,0
2026-10-06T06:51:49Z,cartservice,310.0,800,0.95,0.3875,0
2026-10-06T06:51:49Z,checkoutservice,625.0,800,0.8,0.78125,0
2026-10-06T06:51:49Z,productcatalogservice,474.0,800,0.95,0.5925,0
2026-10-06T06:51:49Z,paymentservice,49.0,155,0.8,0.3161290322580645,0
2026-10-06T06:51:49Z,recommendationservice,972.0,1150,0.8,0.8452173913043478,1
2026-10-06T06:51:49Z,shippingservice,103.0,770,0.8,0.13376623376623376,0
2026-10-06T06:51:49Z,currencyservice,417.0,770,0.8,0.5415584415584416,0
2026-10-06T06:51:49Z,emailservice,67.0,120,0.8,0.5583333333333333,0
2026-10-06T06:51:49Z,adservice,144.0,1150,0.8,0.12521739130434784,0
2026-10-06T06:51:49Z,redis-cart,32.0,540,0.8,0.05925925925925926,0
2026-10-06T06:51:50Z,frontend,378.75,1150,0.8,0.3293478260869565,0
2026-10-06T06:51:50Z,cartservice,268.0,800,0.95,0.335,0
2026-10-06T06:51:50Z,checkoutservice,432.0,800,0.8,0.54,0
2026-10-06T06:51:50Z,productcatalogservice,505.0,800,0.95,0.63125,0
2026-10-06T06:51:50Z,paymentservice,49.0,155,0.8,0.3161290322580645,0
2026-10-06T06:51:50Z,recommendationservice,972.0,1150,0.8,0.8452173913043478,1
2026-10-06T06:51:50Z,shippingservice,103.0,770,0.8,0.13376623376623376,0
2026-10-06T06:51:50Z,currencyservice,417.0,770,0.8,0.5415584415584416,0
2026-10-06T06:51:50Z,emailservice,67.0,120,0.8,0.5583333333333333,0
2026-10-06T06:51:50Z,adservice,160.0,1150,0.8,0.1391304347826087,0
2026-10-06T06:51:50Z,redis-cart,32.0,540,0.8,0.05925925925925926,0
2026-10-06T06:51:51Z,frontend,386.0,1150,0.8,0.3356521739130435,0
2026-10-06T06:51:51Z,cartservice,271.0,800,0.95,0.33875,0
2026-10-06T06:51:51Z,checkoutservice,476.0,800,0.8,0.595,0
2026-10-06T06:51:51Z,productcatalogservice,510.0,800,0.95,0.6375,0
2026-10-06T06:51:51Z,paymentservice,27.0,155,0.8,0.17419354838709677,0
2026-10-06T06:51:51Z,recommendationservice,967.0,1150,0.8,0.8408695652173913,1
2026-10-06T06:51:51Z,shippingservice,92.0,770,0.8,0.11948051948051948,0
2026-10-06T06:51:51Z,currencyservice,432.0,770,0.8,0.561038961038961,0
2026-10-06T06:51:51Z,emailservice,56.0,120,0.8,0.4666666666666667,0
2026-10-06T06:51:51Z,adservice,160.0,1150,0.8,0.1391304347826087,0
2026-10-06T06:51:51Z,redis-cart,31.0,540,0.8,0.05740740740740741,0
2026-10-06T06:51:52Z,frontend,382.75,1150,0.8,0.3328260869565217,0
2026-10-06T06:51:52Z,cartservice,300.0,800,0.95,0.375,0
2026-10-06T06:51:52Z,checkoutservice,584.0,800,0.8,0.73,0
2026-10-06T06:51:52Z,productcatalogservice,510.0,800,0.95,0.6375,0
2026-10-06T06:51:52Z,paymentservice,31.0,155,0.8,0.2,0
2026-10-06T06:51:52Z,recommendationservice,967.0,1150,0.8,0.8408695652173913,1
2026-10-06T06:51:52Z,shippingservice,92.0,770,0.8,0.11948051948051948,0
2026-10-06T06:51:52Z,currencyservice,432.0,770,0.8,0.561038961038961,0
2026-10-06T06:51:52Z,emailservice,46.0,120,0.8,0.38333333333333336,0
2026-10-06T06:51:52Z,adservice,136.0,1150,0.8,0.11826086956521739,0
2026-10-06T06:51:52Z,redis-cart,31.0,540,0.8,0.05740740740740741,0
2026-10-06T06:51:53Z,frontend,382.75,1150,0.8,0.3328260869565217,0
2026-10-06T06:51:53Z,cartservice,300.0,800,0.95,0.375,0
2026-10-06T06:51:53Z,checkoutservice,584.0,800,0.8,0.73,0
2026-10-06T06:51:53Z,productcatalogservice,475.0,800,0.95,0.59375,0
2026-10-06T06:51:53Z,paymentservice,33.0,155,0.8,0.2129032258064516,0
2026-10-06T06:51:53Z,recommendationservice,978.0,1150,0.8,0.8504347826086956,1
2026-10-06T06:51:53Z,shippingservice,100.0,770,0.8,0.12987012987012986,0
2026-10-06T06:51:53Z,currencyservice,428.0,770,0.8,0.5558441558441558,0
2026-10-06T06:51:53Z,emailservice,63.0,120,0.8,0.525,0
2026-10-06T06:51:53Z,adservice,136.0,1150,0.8,0.11826086956521739,0
2026-10-06T06:51:53Z,redis-cart,31.0,540,0.8,0.05740740740740741,0
2026-10-06T06:51:54Z,frontend,376.75,1150,0.8,0.32760869565217393,0
2026-10-06T06:51:54Z,cartservice,346.0,800,0.95,0.4325,0
2026-10-06T06:51:54Z,checkoutservice,536.0,800,0.8,0.67,0
2026-10-06T06:51:54Z,productcatalogservice,475.0,800,0.95,0.59375,0
2026-10-06T06:51:54Z,paymentservice,32.0,155,0.8,0.2064516129032258,0
2026-10-06T06:51:54Z,recommendationservice,978.0,1150,0.8,0.8504347826086956,1
2026-10-06T06:51:54Z,shippingservice,106.0,770,0.8,0.13766233766233765,0
2026-10-06T06:51:54Z,currencyservice,428.0,770,0.8,0.5558441558441558,0
2026-10-06T06:51:54Z,emailservice,63.0,120,0.8,0.525,0
2026-10-06T06:51:54Z,adservice,141.0,1150,0.8,0.12260869565217392,0
2026-10-06T06:51:54Z,redis-cart,32.0,540,0.8,0.05925925925925926,0
2026-10-06T06:51:55Z,frontend,368.5,1150,0.8,0.3204347826086957,0
2026-10-06T06:51:55Z,cartservice,335.0,800,0.95,0.41875,0
2026-10-06T06:51:55Z,checkoutservice,581.0,800,0.8,0.72625,0
2026-10-06T06:51:55Z,productcatalogservice,488.0,800,0.95,0.61,0
2026-10-06T06:51:55Z,paymentservice,32.0,155,0.8,0.2064516129032258,0
2026-10-06T06:51:55Z,recommendationservice,962.0,1150,0.8,0.8365217391304348,1
2026-10-06T06:51:55Z,shippingservice,106.0,770,0.8,0.13766233766233765,0
2026-10-06T06:51:55Z,currencyservice,423.0,770,0.8,0.5493506493506494,0
2026-10-06T06:51:55Z,emailservice,82.0,120,0.8,0.6833333333333333,0
2026-10-06T06:51:55Z,adservice,141.0,1150,0.8,0.12260869565217392,0
2026-10-06T06:51:55Z,redis-cart,31.0,540,0.8,0.05740740740740741,0
2026-10-06T06:51:56Z,frontend,380.5,1150,0.8,0.3308695652173913,0
2026-10-06T06:51:56Z,cartservice,335.0,800,0.95,0.41875,0
2026-10-06T06:51:56Z,checkoutservice,505.0,800,0.8,0.63125,0
2026-10-06T06:51:56Z,productcatalogservice,487.0,800,0.95,0.60875,0
2026-10-06T06:51:56Z,paymentservice,33.0,155,0.8,0.2129032258064516,0
2026-10-06T06:51:56Z,recommendationservice,988.0,1150,0.8,0.8591304347826086,1
2026-10-06T06:51:56Z,shippingservice,124.0,770,0.8,0.16103896103896104,0
2026-10-06T06:51:56Z,currencyservice,423.0,770,0.8,0.5493506493506494,0
2026-10-06T06:51:56Z,emailservice,58.0,120,0.8,0.48333333333333334,0
2026-10-06T06:51:56Z,adservice,152.0,1150,0.8,0.13217391304347825,0
2026-10-06T06:51:56Z,redis-cart,31.0,540,0.8,0.05740740740740741,0
2026-10-06T06:51:57Z,frontend,372.5,1150,0.8,0.3239130434782609,0
2026-10-06T06:51:57Z,cartservice,313.0,800,0.95,0.39125,0
2026-10-06T06:51:57Z,checkoutservice,505.0,800,0.8,0.63125,0
2026-10-06T06:51:57Z,productcatalogservice,487.0,800,0.95,0.60875,0
2026-10-06T06:51:57Z,paymentservice,21.0,155,0.8,0.13548387096774195,0
2026-10-06T06:51:57Z,recommendationservice,988.0,1150,0.8,0.8591304347826086,1
2026-10-06T06:51:57Z,shippingservice,79.0,770,0.8,0.1025974025974026,0
2026-10-06T06:51:57Z,currencyservice,442.0,770,0.8,0.574025974025974,0
2026-10-06T06:51:57Z,emailservice,37.0,120,0.8,0.30833333333333335,0
2026-10-06T06:51:57Z,adservice,135.0,1150,0.8,0.11739130434782609,0
2026-10-06T06:51:57Z,redis-cart,31.0,540,0.8,0.05740740740740741,0
2026-10-06T06:51:58Z,frontend,360.0,1150,0.8,0.3130434782608696,0
2026-10-06T06:51:58Z,cartservice,300.0,800,0.95,0.375,0
2026-10-06T06:51:58Z,checkoutservice,377.0,800,0.8,0.47125,0
2026-10-06T06:51:58Z,productcatalogservice,513.0,800,0.95,0.64125,0
2026-10-06T06:51:58Z,paymentservice,30.0,155,0.8,0.1935483870967742,0
2026-10-06T06:51:58Z,recommendationservice,1026.0,1150,0.8,0.8921739130434783,1
2026-10-06T06:51:58Z,shippingservice,79.0,770,0.8,0.1025974025974026,0
2026-10-06T06:51:58Z,currencyservice,402.0,770,0.8,0.522077922077922,0
2026-10-06T06:51:58Z,emailservice,37.0,120,0.8,0.30833333333333335,0
2026-10-06T06:51:58Z,adservice,139.0,1150,0.8,0.1208695652173913,0
2026-10-06T06:51:58Z,redis-cart,31.0,540,0.8,0.05740740740740741,0
2026-10-06T06:51:59Z,frontend,344.75,1150,0.8,0.29978260869565215,0
2026-10-06T06:51:59Z,cartservice,300.0,800,0.95,0.375,0
2026-10-06T06:51:59Z,checkoutservice,548.0,800,0.8,0.685,0
2026-10-06T06:51:59Z,productcatalogservice,493.0,800,0.95,0.61625,0
2026-10-06T06:51:59Z,paymentservice,30.0,155,0.8,0.1935483870967742,0
2026-10-06T06:51:59Z,recommendationservice,1015.0,1150,0.8,0.8826086956521739,1
2026-10-06T06:51:59Z,shippingservice,92.0,770,0.8,0.11948051948051948,0
2026-10-06T06:51:59Z,currencyservice,402.0,770,0.8,0.522077922077922,0
2026-10-06T06:51:59Z,emailservice,54.0,120,0.8,0.45,0
2026-10-06T06:51:59Z,adservice,139.0,1150,0.8,0.1208695652173913,0
2026-10-06T06:51:59Z,redis-cart,31.0,540,0.8,0.05740740740740741,0
2026-10-06T06:52:00Z,frontend,358.25,1150,0.8,0.3115217391304348,0
2026-10-06T06:52:00Z,cartservice,289.0,800,0.95,0.36125,0
2026-10-06T06:52:00Z,checkoutservice,422.0,800,0.8,0.5275,0
2026-10-06T06:52:00Z,productcatalogservice,473.0,800,0.95,0.59125,0
2026-10-06T06:52:00Z,paymentservice,47.0,155,0.8,0.3032258064516129,0
2026-10-06T06:52:00Z,recommendationservice,1015.0,1150,0.8,0.8826086956521739,1
2026-10-06T06:52:00Z,shippingservice,93.0,770,0.8,0.12077922077922078,0
2026-10-06T06:52:00Z,currencyservice,401.0,770,0.8,0.5207792207792208,0
2026-10-06T06:52:00Z,emailservice,80.0,120,0.8,0.6666666666666666,0
2026-10-06T06:52:00Z,adservice,131.0,1150,0.8,0.11391304347826087,0
2026-10-06T06:52:00Z,redis-cart,31.0,540,0.8,0.05740740740740741,0
2026-10-06T06:52:01Z,frontend,355.75,1150,0.8,0.30934782608695655,0
2026-10-06T06:52:01Z,cartservice,317.0,800,0.95,0.39625,0
2026-10-06T06:52:01Z,checkoutservice,543.0,800,0.8,0.67875,0
2026-10-06T06:52:01Z,productcatalogservice,479.0,800,0.95,0.59875,0
2026-10-06T06:52:01Z,paymentservice,47.0,155,0.8,0.3032258064516129,0
2026-10-06T06:52:01Z,recommendationservice,999.0,1150,0.8,0.8686956521739131,1
2026-10-06T06:52:01Z,shippingservice,93.0,770,0.8,0.12077922077922078,0
2026-10-06T06:52:01Z,currencyservice,400.0,770,0.8,0.5194805194805194,0
2026-10-06T06:52:01Z,emailservice,48.0,120,0.8,0.4,0
2026-10-06T06:52:01Z,adservice,131.0,1150,0.8,0.11391304347826087,0
2026-10-06T06:52:01Z,redis-cart,32.0,540,0.8,0.05925925925925926,0
2026-10-06T06:52:02Z,frontend,362.75,1150,0.8,0.3154347826086957,0
2026-10-06T06:52:02Z,cartservice,317.0,800,0.95,0.39625,0
2026-10-06T06:52:02Z,checkoutservice,543.0,800,0.8,0.67875,0
2026-10-06T06:52:02Z,productcatalogservice,479.0,800,0.95,0.59875,0
2026-10-06T06:52:02Z,paymentservice,31.0,155,0.8,0.2,0
2026-10-06T06:52:02Z,recommendationservice,997.0,1150,0.8,0.8669565217391304,1
2026-10-06T06:52:02Z,shippingservice,110.0,770,0.8,0.14285714285714285,0
2026-10-06T06:52:02Z,currencyservice,417.0,770,0.8,0.5415584415584416,0
2026-10-06T06:52:02Z,emailservice,48.0,120,0.8,0.4,0
2026-10-06T06:52:02Z,adservice,161.0,1150,0.8,0.14,0
2026-10-06T06:52:02Z,redis-cart,32.0,540,0.8,0.05925925925925926,0
2026-10-06T06:52:03Z,frontend,377.25,1150,0.8,0.32804347826086955,0
2026-10-06T06:52:03Z,cartservice,326.0,800,0.95,0.4075,0
2026-10-06T06:52:03Z,checkoutservice,451.0,800,0.8,0.56375,0
2026-10-06T06:52:03Z,productcatalogservice,523.0,800,0.95,0.65375,0
2026-10-06T06:52:03Z,paymentservice,29.0,155,0.8,0.1870967741935484,0
2026-10-06T06:52:03Z,recommendationservice,997.0,1150,0.8,0.8669565217391304,1
2026-10-06T06:52:03Z,shippingservice,100.0,770,0.8,0.12987012987012986,0
2026-10-06T06:52:03Z,currencyservice,417.0,770,0.8,0.5415584415584416,0
2026-10-06T06:52:03Z,emailservice,42.0,120,0.8,0.35,0
2026-10-06T06:52:03Z,adservice,133.0,1150,0.8,0.11565217391304349,0
2026-10-06T06:52:03Z,redis-cart,31.0,540,0.8,0.05740740740740741,0
2026-10-06T06:52:04Z,frontend,344.75,1150,0.8,0.29978260869565215,0
2026-10-06T06:52:04Z,cartservice,322.0,800,0.95,0.4025,0
2026-10-06T06:52:04Z,checkoutservice,451.0,800,0.8,0.56375,0
2026-10-06T06:52:04Z,productcatalogservice,485.0,800,0.95,0.60625,0
2026-10-06T06:52:04Z,paymentservice,23.0,155,0.8,0.14838709677419354,0
2026-10-06T06:52:04Z,recommendationservice,1027.0,1150,0.8,0.8930434782608696,1
2026-10-06T06:52:04Z,shippingservice,100.0,770,0.8,0.12987012987012986,0
2026-10-06T06:52:04Z,currencyservice,399.0,770,0.8,0.5181818181818182,0
2026-10-06T06:52:04Z,emailservice,42.0,120,0.8,0.35,0
2026-10-06T06:52:04Z,adservice,133.0,1150,0.8,0.11565217391304349,0
2026-10-06T06:52:04Z,redis-cart,31.0,540,0.8,0.05740740740740741,0
2026-10-06T06:52:05Z,frontend,342.75,1150,0.8,0.2980434782608696,0
2026-10-06T06:52:05Z,cartservice,322.0,800,0.95,0.4025,0
2026-10-06T06:52:05Z,checkoutservice,413.0,800,0.8,0.51625,0
2026-10-06T06:52:05Z,productcatalogservice,485.0,800,0.95,0.60625,0
2026-10-06T06:52:05Z,paymentservice,23.0,155,0.8,0.14838709677419354,0
2026-10-06T06:52:05Z,recommendationservice,1024.0,1150,0.8,0.8904347826086957,1
2026-10-06T06:52:05Z,shippingservice,73.0,770,0.8,0.09480519480519481,0
2026-10-06T06:52:05Z,currencyservice,399.0,770,0.8,0.5181818181818182,0
2026-10-06T06:52:05Z,emailservice,64.0,120,0.8,0.5333333333333333,0
2026-10-06T06:52:05Z,adservice,130.0,1150,0.8,0.11304347826086956,0
2026-10-06T06:52:05Z,redis-cart,30.0,540,0.8,0.05555555555555555,0
2026-10-06T06:52:06Z,frontend,345.25,1150,0.8,0.3002173913043478,0
2026-10-06T06:52:06Z,cartservice,308.0,800,0.95,0.385,0
2026-10-06T06:52:06Z,checkoutservice,413.0,800,0.8,0.51625,0
2026-10-06T06:52:06Z,productcatalogservice,447.0,800,0.95,0.55875,0
2026-10-06T06:52:06Z,paymentservice,22.0,155,0.8,0.14193548387096774,0
2026-10-06T06:52:06Z,recommendationservice,1024.0,1150,0.8,0.8904347826086957,1
2026-10-06T06:52:06Z,shippingservice,73.0,770,0.8,0.09480519480519481,0
2026-10-06T06:52:06Z,currencyservice,403.0,770,0.8,0.5233766233766234,0
2026-10-06T06:52:06Z,emailservice,46.0,120,0.8,0.38333333333333336,0
2026-10-06T06:52:06Z,adservice,126.0,1150,0.8,0.10956521739130434,0
2026-10-06T06:52:06Z,redis-cart,30.0,540,0.8,0.05555555555555555,0
2026-10-06T06:52:07Z,frontend,355.25,1150,0.8,0.3089130434782609,0
2026-10-06T06:52:07Z,cartservice,325.0,800,0.95,0.40625,0
2026-10-06T06:52:07Z,checkoutservice,417.0,800,0.8,0.52125,0
2026-10-06T06:52:07Z,productcatalogservice,491.0,800,0.95,0.61375,0
2026-10-06T06:52:07Z,paymentservice,25.0,155,0.8,0.16129032258064516,0
2026-10-06T06:52:07Z,recommendationservice,1024.0,1150,0.8,0.8904347826086957,1
2026-10-06T06:52:07Z,shippingservice,95.0,770,0.8,0.12337662337662338,0
2026-10-06T06:52:07Z,currencyservice,403.0,770,0.8,0.5233766233766234,0
2026-10-06T06:52:07Z,emailservice,48.0,120,0.8,0.4,0
2026-10-06T06:52:07Z,adservice,135.0,1150,0.8,0.11739130434782609,0
2026-10-06T06:52:07Z,redis-cart,32.0,540,0.8,0.05925925925925926,0
2026-10-06T06:52:08Z,frontend,371.0,1150,0.8,0.3226086956521739,0
2026-10-06T06:52:08Z,cartservice,290.0,800,0.95,0.3625,0
2026-10-06T06:52:08Z,checkoutservice,511.0,800,0.8,0.63875,0
2026-10-06T06:52:08Z,productcatalogservice,491.0,800,0.95,0.61375,0
2026-10-06T06:52:08Z,paymentservice,25.0,155,0.8,0.16129032258064516,0
2026-10-06T06:52:08Z,recommendationservice,1004.0,1150,0.8,0.8730434782608696,1
2026-10-06T06:52:08Z,shippingservice,95.0,770,0.8,0.12337662337662338,0
2026-10-06T06:52:08Z,currencyservice,423.0,770,0.8,0.5493506493506494,0
2026-10-06T06:52:08Z,emailservice,48.0,120,0.8,0.4,0
2026-10-06T06:52:08Z,adservice,148.0,1150,0.8,0.12869565217391304,0
2026-10-06T06:52:08Z,redis-cart,32.0,540,0.8,0.05925925925925926,0
2026-10-06T06:52:09Z,frontend,373.25,1150,0.8,0.32456521739130434,0
2026-10-06T06:52:09Z,cartservice,290.0,800,0.95,0.3625,0
2026-10-06T06:52:09Z,checkoutservice,584.0,800,0.8,0.73,0
2026-10-06T06:52:09Z,productcatalogservice,507.0,800,0.95,0.63375,0
2026-10-06T06:52:09Z,paymentservice,55.0,155,0.8,0.3548387096774194,0
2026-10-06T06:52:09Z,recommendationservice,970.0,1150,0.8,0.8434782608695652,1
2026-10-06T06:52:09Z,shippingservice,102.0,770,0.8,0.13246753246753246,0
2026-10-06T06:52:09Z,currencyservice,440.0,770,0.8,0.5714285714285714,0
2026-10-06T06:52:09Z,emailservice,51.0,120,0.8,0.425,0
2026-10-06T06:52:09Z,adservice,148.0,1150,0.8,0.12869565217391304,0
2026-10-06T06:52:09Z,redis-cart,35.0,540,0.8,0.06481481481481481,0
2026-10-06T06:52:10Z,frontend,370.75,1150,0.8,0.3223913043478261,0
2026-10-06T06:52:10Z,cartservice,307.0,800,0.95,0.38375,0
2026-10-06T06:52:10Z,checkoutservice,591.0,800,0.8,0.73875,0
2026-10-06T06:52:10Z,productcatalogservice,458.0,800,0.95,0.5725,0
2026-10-06T06:52:10Z,paymentservice,55.0,155,0.8,0.3548387096774194,0
2026-10-06T06:52:10Z,recommendationservice,970.0,1150,0.8,0.8434782608695652,1
2026-10-06T06:52:10Z,shippingservice,102.0,770,0.8,0.13246753246753246,0
2026-10-06T06:52:10Z,currencyservice,440.0,770,0.8,0.5714285714285714,0
2026-10-06T06:52:10Z,emailservice,51.0,120,0.8,0.425,0
2026-10-06T06:52:10Z,adservice,143.0,1150,0.8,0.12434782608695652,0
2026-10-06T06:52:10Z,redis-cart,32.0,540,0.8,0.05925925925925926,0
2026-10-06T06:52:11Z,frontend,362.75,1150,0.8,0.3154347826086957,0
2026-10-06T06:52:11Z,cartservice,287.0,800,0.95,0.35875,0
2026-10-06T06:52:11Z,checkoutservice,591.0,800,0.8,0.73875,0
2026-10-06T06:52:11Z,productcatalogservice,458.0,800,0.95,0.5725,0
2026-10-06T06:52:11Z,paymentservice,28.0,155,0.8,0.18064516129032257,0
2026-10-06T06:52:11Z,recommendationservice,996.0,1150,0.8,0.8660869565217392,1
2026-10-06T06:52:11Z,shippingservice,102.0,770,0.8,0.13246753246753246,0
2026-10-06T06:52:11Z,currencyservice,403.0,770,0.8,0.5233766233766234,0
2026-10-06T06:52:11Z,emailservice,75.0,120,0.8,0.625,0
2026-10-06T06:52:11Z,adservice,143.0,1150,0.8,0.12434782608695652,0
2026-10-06T06:52:11Z,redis-cart,32.0,540,0.8,0.05925925925925926,0
2026-10-06T06:52:12Z,frontend,346.5,1150,0.8,0.30130434782608695,0
2026-10-06T06:52:12Z,cartservice,287.0,800,0.95,0.35875,0
2026-10-06T06:52:12Z,checkoutservice,454.0,800,0.8,0.5675,0
2026-10-06T06:52:12Z,productcatalogservice,469.0,800,0.95,0.58625,0
2026-10-06T06:52:12Z,paymentservice,25.0,155,0.8,0.16129032258064516,0
2026-10-06T06:52:12Z,recommendationservice,996.0,1150,0.8,0.8660869565217392,1
2026-10-06T06:52:12Z,shippingservice,86.0,770,0.8,0.11168831168831168,0
2026-10-06T06:52:12Z,currencyservice,403.0,770,0.8,0.5233766233766234,0
2026-10-06T06:52:12Z,emailservice,47.0,120,0.8,0.39166666666666666,0
2026-10-06T06:52:12Z,adservice,128.0,1150,0.8,0.11130434782608696,0
2026-10-06T06:52:12Z,redis-cart,32.0,540,0.8,0.05925925925925926,0
2026-10-06T06:52:13Z,frontend,375.5,1150,0.8,0.3265217391304348,0
2026-10-06T06:52:13Z,cartservice,310.0,800,0.95,0.3875,0
2026-10-06T06:52:13Z,checkoutservice,454.0,800,0.8,0.5675,0
2026-10-06T06:52:13Z,productcatalogservice,484.0,800,0.95,0.605,0
2026-10-06T06:52:13Z,paymentservice,28.0,155,0.8,0.18064516129032257,0
2026-10-06T06:52:13Z,recommendationservice,1021.0,1150,0.8,0.8878260869565218,1
2026-10-06T06:52:13Z,shippingservice,96.0,770,0.8,0.12467532467532468,0
2026-10-06T06:52:13Z,currencyservice,411.0,770,0.8,0.5337662337662338,0
2026-10-06T06:52:13Z,emailservice,42.0,120,0.8,0.35,0
2026-10-06T06:52:13Z,adservice,128.0,1150,0.8,0.11130434782608696,0
2026-10-06T06:52:13Z,redis-cart,30.0,540,0.8,0.05555555555555555,0
2026-10-06T06:52:14Z,frontend,374.75,1150,0.8,0.3258695652173913,0
2026-10-06T06:52:14Z,cartservice,310.0,800,0.95,0.3875,0
2026-10-06T06:52:14Z,checkoutservice,426.0,800,0.8,0.5325,0
2026-10-06T06:52:14Z,productcatalogservice,484.0,800,0.95,0.605,0
2026-10-06T06:52:14Z,paymentservice,28.0,155,0.8,0.18064516129032257,0
2026-10-06T06:52:14Z,recommendationservice,1021.0,1150,0.8,0.8878260869565218,1
2026-10-06T06:52:14Z,shippingservice,96.0,770,0.8,0.12467532467532468,0
2026-10-06T06:52:14Z,currencyservice,411.0,770,0.8,0.5337662337662338,0
2026-10-06T06:52:14Z,emailservice,42.0,120,0.8,0.35,0
2026-10-06T06:52:14Z,adservice,143.0,1150,0.8,0.12434782608695652,0
2026-10-06T06:52:14Z,redis-cart,30.0,540,0.8,0.05555555555555555,0
2026-10-06T06:52:15Z,frontend,356.5,1150,0.8,0.31,0
2026-10-06T06:52:15Z,cartservice,312.0,800,0.95,0.39,0
2026-10-06T06:52:15Z,checkoutservice,524.0,800,0.8,0.655,0
2026-10-06T06:52:15Z,productcatalogservice,486.0,800,0.95,0.6075,0
2026-10-06T06:52:15Z,paymentservice,25.0,155,0.8,0.16129032258064516,0
2026-10-06T06:52:15Z,recommendationservice,1034.0,1150,0.8,0.8991304347826087,1
2026-10-06T06:52:15Z,shippingservice,98.0,770,0.8,0.12727272727272726,0
2026-10-06T06:52:15Z,currencyservice,424.0,770,0.8,0.5506493506493506,0
2026-10-06T06:52:15Z,emailservice,67.0,120,0.8,0.5583333333333333,0
2026-10-06T06:52:15Z,adservice,132.0,1150,0.8,0.11478260869565217,0
2026-10-06T06:52:15Z,redis-cart,31.0,540,0.8,0.05740740740740741,0
2026-10-06T06:52:16Z,frontend,380.25,1150,0.8,0.33065217391304347,0
2026-10-06T06:52:16Z,cartservice,312.0,800,0.95,0.39,0
2026-10-06T06:52:16Z,checkoutservice,524.0,800,0.8,0.655,0
2026-10-06T06:52:16Z,productcatalogservice,476.0,800,0.95,0.595,0
2026-10-06T06:52:16Z,paymentservice,33.0,155,0.8,0.2129032258064516,0
2026-10-06T06:52:16Z,recommendationservice,979.0,1150,0.8,0.851304347826087,1
2026-10-06T06:52:16Z,shippingservice,98.0,770,0.8,0.12727272727272726,0
2026-10-06T06:52:16Z,currencyservice,424.0,770,0.8,0.5506493506493506,0
2026-10-06T06:52:16Z,emailservice,67.0,120,0.8,0.5583333333333333,0
2026-10-06T06:52:16Z,adservice,132.0,1150,0.8,0.11478260869565217,0
2026-10-06T06:52:16Z,redis-cart,32.0,540,0.8,0.05925925925925926,0
2026-10-06T06:52:17Z,frontend,373.5,1150,0.8,0.3247826086956522,0
2026-10-06T06:52:17Z,cartservice,296.0,800,0.95,0.37,0
2026-10-06T06:52:17Z,checkoutservice,502.0,800,0.8,0.6275,0
2026-10-06T06:52:17Z,productcatalogservice,476.0,800,0.95,0.595,0
2026-10-06T06:52:17Z,paymentservice,33.0,155,0.8,0.2129032258064516,0
2026-10-06T06:52:17Z,recommendationservice,979.0,1150,0.8,0.851304347826087,1
2026-10-06T06:52:17Z,shippingservice,117.0,770,0.8,0.15194805194805194,0
2026-10-06T06:52:17Z,currencyservice,433.0,770,0.8,0.5623376623376624,0
2026-10-06T06:52:17Z,emailservice,52.0,120,0.8,0.43333333333333335,0
2026-10-06T06:52:17Z,adservice,166.0,1150,0.8,0.1443478260869565,0
2026-10-06T06:52:17Z,redis-cart,32.0,540,0.8,0.05925925925925926,0
2026-10-06T06:52:18Z,frontend,365.25,1150,0.8,0.3176086956521739,0
2026-10-06T06:52:18Z,cartservice,295.0,800,0.95,0.36875,0
2026-10-06T06:52:18Z,checkoutservice,489.0,800,0.8,0.61125,0
2026-10-06T06:52:18Z,productcatalogservice,476.0,800,0.95,0.595,0
2026-10-06T06:52:18Z,paymentservice,29.0,155,0.8,0.1870967741935484,0
2026-10-06T06:52:18Z,recommendationservice,985.0,1150,0.8,0.8565217391304348,1
2026-10-06T06:52:18Z,shippingservice,91.0,770,0.8,0.11818181818181818,0
2026-10-06T06:52:18Z,currencyservice,429.0,770,0.8,0.5571428571428572,0
2026-10-06T06:52:18Z,emailservice,51.0,120,0.8,0.425,0
2026-10-06T06:52:18Z,adservice,151.0,1150,0.8,0.13130434782608696,0
2026-10-06T06:52:18Z,redis-cart,32.0,540,0.8,0.05925925925925926,0
2026-10-06T06:52:19Z,frontend,346.75,1150,0.8,0.3015217391304348,0
2026-10-06T06:52:19Z,cartservice,290.0,800,0.95,0.3625,0
2026-10-06T06:52:19Z,checkoutservice,489.0,800,0.8,0.61125,0
2026-10-06T06:52:19Z,productcatalogservice,476.0,800,0.95,0.595,0
2026-10-06T06:52:19Z,paymentservice,50.0,155,0.8,0.3225806451612903,0
2026-10-06T06:52:19Z,recommendationservice,1009.0,1150,0.8,0.8773913043478261,1
2026-10-06T06:52:19Z,shippingservice,91.0,770,0.8,0.11818181818181818,0
2026-10-06T06:52:19Z,currencyservice,391.0,770,0.8,0.5077922077922078,0
2026-10-06T06:52:19Z,emailservice,51.0,120,0.8,0.425,0
2026-10-06T06:52:19Z,adservice,137.0,1150,0.8,0.1191304347826087,0
2026-10-06T06:52:19Z,redis-cart,30.0,540,0.8,0.05555555555555555,0
2026-10-06T06:52:20Z,frontend,364.0,1150,0.8,0.3165217391304348,0
2026-10-06T06:52:20Z,cartservice,290.0,800,0.95,0.3625,0
2026-10-06T06:52:20Z,checkoutservice,478.0,800,0.8,0.5975,0
2026-10-06T06:52:20Z,productcatalogservice,524.0,800,0.95,0.655,0
2026-10-06T06:52:20Z,paymentservice,50.0,155,0.8,0.3225806451612903,0
2026-10-06T06:52:20Z,recommendationservice,1009.0,1150,0.8,0.8773913043478261,1
2026-10-06T06:52:20Z,shippingservice,89.0,770,0.8,0.11558441558441558,0
2026-10-06T06:52:20Z,currencyservice,391.0,770,0.8,0.5077922077922078,0
2026-10-06T06:52:20Z,emailservice,65.0,120,0.8,0.5416666666666666,0
2026-10-06T06:52:20Z,adservice,142.0,1150,0.8,0.12347826086956522,0
2026-10-06T06:52:20Z,redis-cart,30.0,540,0.8,0.05555555555555555,0
2026-10-06T06:52:21Z,frontend,366.25,1150,0.8,0.3184782608695652,0
2026-10-06T06:52:21Z,cartservice,282.0,800,0.95,0.3525,0
2026-10-06T06:52:21Z,checkoutservice,370.0,800,0.8,0.4625,0
2026-10-06T06:52:21Z,productcatalogservice,492.0,800,0.95,0.615,0
2026-10-06T06:52:21Z,paymentservice,22.0,155,0.8,0.14193548387096774,0
2026-10-06T06:52:21Z,recommendationservice,1006.0,1150,0.8,0.8747826086956522,1
2026-10-06T06:52:21Z,shippingservice,89.0,770,0.8,0.11558441558441558,0
2026-10-06T06:52:21Z,currencyservice,416.0,770,0.8,0.5402597402597402,0
2026-10-06T06:52:21Z,emailservice,41.0,120,0.8,0.3416666666666667,0
2026-10-06T06:52:21Z,adservice,142.0,1150,0.8,0.12347826086956522,0
2026-10-06T06:52:21Z,redis-cart,30.0,540,0.8,0.05555555555555555,0
2026-10-06T06:52:22Z,frontend,349.25,1150,0.8,0.30369565217391303,0
2026-10-06T06:52:22Z,cartservice,257.0,800,0.95,0.32125,0
2026-10-06T06:52:22Z,checkoutservice,370.0,800,0.8,0.4625,0
2026-10-06T06:52:22Z,productcatalogservice,492.0,800,0.95,0.615,0
2026-10-06T06:52:22Z,paymentservice,20.0,155,0.8,0.12903225806451613,0
2026-10-06T06:52:22Z,recommendationservice,1057.0,1150,0.8,0.9191304347826087,1
2026-10-06T06:52:22Z,shippingservice,88.0,770,0.8,0.11428571428571428,0
2026-10-06T06:52:22Z,currencyservice,396.0,770,0.8,0.5142857142857142,0
2026-10-06T06:52:22Z,emailservice,41.0,120,0.8,0.3416666666666667,0
2026-10-06T06:52:22Z,adservice,135.0,1150,0.8,0.11739130434782609,0
2026-10-06T06:52:22Z,redis-cart,30.0,540,0.8,0.05555555555555555,0
2026-10-06T06:52:23Z,frontend,340.0,1150,0.8,0.2956521739130435,0
2026-10-06T06:52:23Z,cartservice,294.0,800,0.95,0.3675,0
2026-10-06T06:52:23Z,checkoutservice,398.0,800,0.8,0.4975,0
2026-10-06T06:52:23Z,productcatalogservice,488.0,800,0.95,0.61,0
2026-10-06T06:52:23Z,paymentservice,20.0,155,0.8,0.12903225806451613,0
2026-10-06T06:52:23Z,recommendationservice,1008.0,1150,0.8,0.8765217391304347,1
2026-10-06T06:52:23Z,shippingservice,88.0,770,0.8,0.11428571428571428,0
2026-10-06T06:52:23Z,currencyservice,396.0,770,0.8,0.5142857142857142,0
2026-10-06T06:52:23Z,emailservice,35.0,120,0.8,0.2916666666666667,0
2026-10-06T06:52:23Z,adservice,137.0,1150,0.8,0.1191304347826087,0
2026-10-06T06:52:23Z,redis-cart,30.0,540,0.8,0.05555555555555555,0
2026-10-06T06:52:24Z,frontend,356.25,1150,0.8,0.30978260869565216,0
2026-10-06T06:52:24Z,cartservice,294.0,800,0.95,0.3675,0
2026-10-06T06:52:24Z,checkoutservice,398.0,800,0.8,0.4975,0
2026-10-06T06:52:24Z,productcatalogservice,488.0,800,0.95,0.61,0
2026-10-06T06:52:24Z,paymentservice,28.0,155,0.8,0.18064516129032257,0
2026-10-06T06:52:24Z,recommendationservice,1008.0,1150,0.8,0.8765217391304347,1
2026-10-06T06:52:24Z,shippingservice,83.0,770,0.8,0.10779220779220779,0
2026-10-06T06:52:24Z,currencyservice,392.0,770,0.8,0.509090909090909,0
2026-10-06T06:52:24Z,emailservice,35.0,120,0.8,0.2916666666666667,0
2026-10-06T06:52:24Z,adservice,137.0,1150,0.8,0.1191304347826087,0
2026-10-06T06:52:24Z,redis-cart,30.0,540,0.8,0.05555555555555555,0
2026-10-06T06:52:25Z,frontend,337.5,1150,0.8,0.29347826086956524,0
2026-10-06T06:52:25Z,cartservice,350.0,800,0.95,0.4375,0
2026-10-06T06:52:25Z,checkoutservice,490.0,800,0.8,0.6125,0
2026-10-06T06:52:25Z,productcatalogservice,488.0,800,0.95,0.61,0
2026-10-06T06:52:25Z,paymentservice,30.0,155,0.8,0.1935483870967742,0
2026-10-06T06:52:25Z,recommendationservice,992.0,1150,0.8,0.8626086956521739,1
2026-10-06T06:52:25Z,shippingservice,97.0,770,0.8,0.12597402597402596,0
2026-10-06T06:52:25Z,currencyservice,392.0,770,0.8,0.509090909090909,0
2026-10-06T06:52:25Z,emailservice,71.0,120,0.8,0.5916666666666667,0
2026-10-06T06:52:25Z,adservice,124.0,1150,0.8,0.10782608695652174,0
2026-10-06T06:52:25Z,redis-cart,30.0,540,0.8,0.05555555555555555,0
2026-10-06T06:52:26Z,frontend,358.0,1150,0.8,0.31130434782608696,0
2026-10-06T06:52:26Z,cartservice,322.0,800,0.95,0.4025,0
2026-10-06T06:52:26Z,checkoutservice,490.0,800,0.8,0.6125,0
2026-10-06T06:52:26Z,productcatalogservice,478.0,800,0.95,0.5975,0
2026-10-06T06:52:26Z,paymentservice,30.0,155,0.8,0.1935483870967742,0
2026-10-06T06:52:26Z,recommendationservice,1045.0,1150,0.8,0.908695652173913,1
2026-10-06T06:52:26Z,shippingservice,104.0,770,0.8,0.13506493506493505,0
2026-10-06T06:52:26Z,currencyservice,435.0,770,0.8,0.564935064935065,0
2026-10-06T06:52:26Z,emailservice,46.0,120,0.8,0.38333333333333336,0
2026-10-06T06:52:26Z,adservice,124.0,1150,0.8,0.10782608695652174,0
2026-10-06T06:52:26Z,redis-cart,30.0,540,0.8,0.05555555555555555,0
2026-10-06T06:52:27Z,frontend,350.25,1150,0.8,0.3045652173913043,0
2026-10-06T06:52:27Z,cartservice,322.0,800,0.95,0.4025,0
2026-10-06T06:52:27Z,checkoutservice,483.0,800,0.8,0.60375,0
2026-10-06T06:52:27Z,productcatalogservice,478.0,800,0.95,0.5975,0
2026-10-06T06:52:27Z,paymentservice,28.0,155,0.8,0.18064516129032257,0
2026-10-06T06:52:27Z,recommendationservice,1045.0,1150,0.8,0.908695652173913,1
2026-10-06T06:52:27Z,shippingservice,104.0,770,0.8,0.13506493506493505,0
2026-10-06T06:52:27Z,currencyservice,435.0,770,0.8,0.564935064935065,0
2026-10-06T06:52:27Z,emailservice,50.0,120,0.8,0.4166666666666667,0
2026-10-06T06:52:27Z,adservice,139.0,1150,0.8,0.1208695652173913,0
2026-10-06T06:52:27Z,redis-cart,32.0,540,0.8,0.05925925925925926,0
2026-10-06T06:52:28Z,frontend,356.75,1150,0.8,0.31021739130434783,0
2026-10-06T06:52:28Z,cartservice,284.0,800,0.95,0.355,0
2026-10-06T06:52:28Z,checkoutservice,400.0,800,0.8,0.5,0
2026-10-06T06:52:28Z,productcatalogservice,519.0,800,0.95,0.64875,0
2026-10-06T06:52:28Z,paymentservice,27.0,155,0.8,0.17419354838709677,0
2026-10-06T06:52:28Z,recommendationservice,992.0,1150,0.8,0.8626086956521739,1
2026-10-06T06:52:28Z,shippingservice,99.0,770,0.8,0.12857142857142856,0
2026-10-06T06:52:28Z,currencyservice,416.0,770,0.8,0.5402597402597402,0
2026-10-06T06:52:28Z,emailservice,42.0,120,0.8,0.35,0
2026-10-06T06:52:28Z,adservice,153.0,1150,0.8,0.13304347826086957,0
2026-10-06T06:52:28Z,redis-cart,30.0,540,0.8,0.05555555555555555,0
2026-10-06T06:52:29Z,frontend,368.5,1150,0.8,0.3204347826086957,0
2026-10-06T06:52:29Z,cartservice,323.0,800,0.95,0.40375,0
2026-10-06T06:52:29Z,checkoutservice,400.0,800,0.8,0.5,0
2026-10-06T06:52:29Z,productcatalogservice,507.0,800,0.95,0.63375,0
2026-10-06T06:52:29Z,paymentservice,27.0,155,0.8,0.17419354838709677,0
2026-10-06T06:52:29Z,recommendationservice,1039.0,1150,0.8,0.9034782608695652,1
2026-10-06T06:52:29Z,shippingservice,99.0,770,0.8,0.12857142857142856,0
2026-10-06T06:52:29Z,currencyservice,416.0,770,0.8,0.5402597402597402,0
2026-10-06T06:52:29Z,emailservice,42.0,120,0.8,0.35,0
2026-10-06T06:52:29Z,adservice,153.0,1150,0.8,0.13304347826086957,0
2026-10-06T06:52:29Z,redis-cart,30.0,540,0.8,0.05555555555555555,0
2026-10-06T06:52:30Z,frontend,363.75,1150,0.8,0.31630434782608696,0
2026-10-06T06:52:30Z,cartservice,307.0,800,0.95,0.38375,0
2026-10-06T06:52:30Z,checkoutservice,597.0,800,0.8,0.74625,0
2026-10-06T06:52:30Z,productcatalogservice,478.0,800,0.95,0.5975,0
2026-10-06T06:52:30Z,paymentservice,50.0,155,0.8,0.3225806451612903,0
2026-10-06T06:52:30Z,recommendationservice,991.0,1150,0.8,0.8617391304347826,1
2026-10-06T06:52:30Z,shippingservice,97.0,770,0.8,0.12597402597402596,0
2026-10-06T06:52:30Z,currencyservice,395.0,770,0.8,0.512987012987013,0
2026-10-06T06:52:30Z,emailservice,88.0,120,0.8,0.7333333333333333,0
2026-10-06T06:52:30Z,adservice,130.0,1150,0.8,0.11304347826086956,0
2026-10-06T06:52:30Z,redis-cart,31.0,540,0.8,0.05740740740740741,0
2026-10-06T06:52:31Z,frontend,378.0,1150,0.8,0.32869565217391306,0
2026-10-06T06:52:31Z,cartservice,307.0,800,0.95,0.38375,0
2026-10-06T06:52:31Z,checkoutservice,522.0,800,0.8,0.6525,0
2026-10-06T06:52:31Z,productcatalogservice,478.0,800,0.95,0.5975,0
2026-10-06T06:52:31Z,paymentservice,50.0,155,0.8,0.3225806451612903,0
2026-10-06T06:52:31Z,recommendationservice,991.0,1150,0.8,0.8617391304347826,1
2026-10-06T06:52:31Z,shippingservice,118.0,770,0.8,0.15324675324675324,0
2026-10-06T06:52:31Z,currencyservice,442.0,770,0.8,0.574025974025974,0
2026-10-06T06:52:31Z,emailservice,63.0,120,0.8,0.525,0
2026-10-06T06:52:31Z,adservice,130.0,1150,0.8,0.11304347826086956,0
2026-10-06T06:52:31Z,redis-cart,30.0,540,0.8,0.05555555555555555,0
2026-10-06T06:52:32Z,frontend,383.75,1150,0.8,0.33369565217391306,0
2026-10-06T06:52:32Z,cartservice,295.0,800,0.95,0.36875,0
2026-10-06T06:52:32Z,checkoutservice,522.0,800,0.8,0.6525,0
2026-10-06T06:52:32Z,productcatalogservice,498.0,800,0.95,0.6225,0
2026-10-06T06:52:32Z,paymentservice,28.0,155,0.8,0.18064516129032257,0
2026-10-06T06:52:32Z,recommendationservice,950.0,1150,0.8,0.8260869565217391,1
2026-10-06T06:52:32Z,shippingservice,118.0,770,0.8,0.15324675324675324,0
2026-10-06T06:52:32Z,currencyservice,442.0,770,0.8,0.574025974025974,0
2026-10-06T06:52:32Z,emailservice,62.0,120,0.8,0.5166666666666667,0
2026-10-06T06:52:32Z,adservice,177.0,1150,0.8,0.15391304347826087,0
2026-10-06T06:52:32Z,redis-cart,30.0,540,0.8,0.05555555555555555,0
2026-10-06T06:52:33Z,frontend,362.75,1150,0.8,0.3154347826086957,0
2026-10-06T06:52:33Z,cartservice,295.0,800,0.95,0.36875,0
2026-10-06T06:52:33Z,checkoutservice,491.0,800,0.8,0.61375,0
2026-10-06T06:52:33Z,productcatalogservice,479.0,800,0.95,0.59875,0
2026-10-06T06:52:33Z,paymentservice,29.0,155,0.8,0.1870967741935484,0
2026-10-06T06:52:33Z,recommendationservice,950.0,1150,0.8,0.8260869565217391,1
2026-10-06T06:52:33Z,shippingservice,114.0,770,0.8,0.14805194805194805,0
2026-10-06T06:52:33Z,currencyservice,422.0,770,0.8,0.548051948051948,0
2026-10-06T06:52:33Z,emailservice,40.0,120,0.8,0.3333333333333333,0
2026-10-06T06:52:33Z,adservice,152.0,1150,0.8,0.13217391304347825,0
2026-10-06T06:52:33Z,redis-cart,32.0,540,0.8,0.05925925925925926,0
2026-10-06T06:52:34Z,frontend,352.5,1150,0.8,0.3065217391304348,0
2026-10-06T06:52:34Z,cartservice,297.0,800,0.95,0.37125,0
2026-10-06T06:52:34Z,checkoutservice,491.0,800,0.8,0.61375,0
2026-10-06T06:52:34Z,productcatalogservice,481.0,800,0.95,0.60125,0
2026-10-06T06:52:34Z,paymentservice,28.0,155,0.8,0.18064516129032257,0
2026-10-06T06:52:34Z,recommendationservice,1040.0,1150,0.8,0.9043478260869565,1
2026-10-06T06:52:34Z,shippingservice,70.0,770,0.8,0.09090909090909091,0
2026-10-06T06:52:34Z,currencyservice,373.0,770,0.8,0.4844155844155844,0
2026-10-06T06:52:34Z,emailservice,40.0,120,0.8,0.3333333333333333,0
2026-10-06T06:52:34Z,adservice,152.0,1150,0.8,0.13217391304347825,0
2026-10-06T06:52:34Z,redis-cart,31.0,540,0.8,0.05740740740740741,0
2026-10-06T06:52:35Z,frontend,344.0,1150,0.8,0.2991304347826087,0
2026-10-06T06:52:35Z,cartservice,297.0,800,0.95,0.37125,0
2026-10-06T06:52:35Z,checkoutservice,435.0,800,0.8,0.54375,0
2026-10-06T06:52:35Z,productcatalogservice,481.0,800,0.95,0.60125,0
2026-10-06T06:52:35Z,paymentservice,28.0,155,0.8,0.18064516129032257,0
2026-10-06T06:52:35Z,recommendationservice,1029.0,1150,0.8,0.8947826086956522,1
2026-10-06T06:52:35Z,shippingservice,70.0,770,0.8,0.09090909090909091,0
2026-10-06T06:52:35Z,currencyservice,373.0,770,0.8,0.4844155844155844,0
2026-10-06T06:52:35Z,emailservice,69.0,120,0.8,0.575,0
2026-10-06T06:52:35Z,adservice,128.0,1150,0.8,0.11130434782608696,0
2026-10-06T06:52:35Z,redis-cart,31.0,540,0.8,0.05740740740740741,0
2026-10-06T06:52:36Z,frontend,325.25,1150,0.8,0.2828260869565217,0
2026-10-06T06:52:36Z,cartservice,291.0,800,0.95,0.36375,0
2026-10-06T06:52:36Z,checkoutservice,480.0,800,0.8,0.6,0
2026-10-06T06:52:36Z,productcatalogservice,483.0,800,0.95,0.60375,0
2026-10-06T06:52:36Z,paymentservice,25.0,155,0.8,0.16129032258064516,0
2026-10-06T06:52:36Z,recommendationservice,1018.0,1150,0.8,0.8852173913043478,1
2026-10-06T06:52:36Z,shippingservice,88.0,770,0.8,0.11428571428571428,0
2026-10-06T06:52:36Z,currencyservice,418.0,770,0.8,0.5428571428571428,0
2026-10-06T06:52:36Z,emailservice,69.0,120,0.8,0.575,0
2026-10-06T06:52:36Z,adservice,123.0,1150,0.8,0.10695652173913044,0
2026-10-06T06:52:36Z,redis-cart,31.0,540,0.8,0.05740740740740741,0
2026-10-06T06:52:37Z,frontend,362.0,1150,0.8,0.31478260869565217,0
2026-10-06T06:52:37Z,cartservice,291.0,800,0.95,0.36375,0
2026-10-06T06:52:37Z,checkoutservice,480.0,800,0.8,0.6,0
2026-10-06T06:52:37Z,productcatalogservice,488.0,800,0.95,0.61,0
2026-10-06T06:52:37Z,paymentservice,31.0,155,0.8,0.2,0
2026-10-06T06:52:37Z,recommendationservice,966.0,1150,0.8,0.84,1
2026-10-06T06:52:37Z,shippingservice,104.0,770,0.8,0.13506493506493505,0
2026-10-06T06:52:37Z,currencyservice,407.0,770,0.8,0.5285714285714286,0
2026-10-06T06:52:37Z,emailservice,50.0,120,0.8,0.4166666666666667,0
2026-10-06T06:52:37Z,adservice,150.0,1150,0.8,0.13043478260869565,0
2026-10-06T06:52:37Z,redis-cart,31.0,540,0.8,0.05740740740740741,0
2026-10-06T06:52:38Z,frontend,383.5,1150,0.8,0.3334782608695652,0
2026-10-06T06:52:38Z,cartservice,317.0,800,0.95,0.39625,0
2026-10-06T06:52:38Z,checkoutservice,526.0,800,0.8,0.6575,0
2026-10-06T06:52:38Z,productcatalogservice,488.0,800,0.95,0.61,0
2026-10-06T06:52:38Z,paymentservice,31.0,155,0.8,0.2,0
2026-10-06T06:52:38Z,recommendationservice,966.0,1150,0.8,0.84,1
2026-10-06T06:52:38Z,shippingservice,104.0,770,0.8,0.13506493506493505,0
2026-10-06T06:52:38Z,currencyservice,407.0,770,0.8,0.5285714285714286,0
2026-10-06T06:52:38Z,emailservice,46.0,120,0.8,0.38333333333333336,0
2026-10-06T06:52:38Z,adservice,126.0,1150,0.8,0.10956521739130434,0
2026-10-06T06:52:38Z,redis-cart,31.0,540,0.8,0.05740740740740741,0
2026-10-06T06:52:39Z,frontend,376.5,1150,0.8,0.3273913043478261,0
2026-10-06T06:52:39Z,cartservice,294.0,800,0.95,0.3675,0
2026-10-06T06:52:39Z,checkoutservice,427.0,800,0.8,0.53375,0
2026-10-06T06:52:39Z,productcatalogservice,477.0,800,0.95,0.59625,0
2026-10-06T06:52:39Z,paymentservice,49.0,155,0.8,0.3161290322580645,0
2026-10-06T06:52:39Z,recommendationservice,999.0,1150,0.8,0.8686956521739131,1
2026-10-06T06:52:39Z,shippingservice,99.0,770,0.8,0.12857142857142856,0
2026-10-06T06:52:39Z,currencyservice,446.0,770,0.8,0.5792207792207792,0
2026-10-06T06:52:39Z,emailservice,46.0,120,0.8,0.38333333333333336,0
2026-10-06T06:52:39Z,adservice,126.0,1150,0.8,0.10956521739130434,0
2026-10-06T06:52:39Z,redis-cart,58.0,540,0.8,0.10740740740740741,0
2026-10-06T06:52:40Z,frontend,376.5,1150,0.8,0.3273913043478261,0
2026-10-06T06:52:40Z,cartservice,294.0,800,0.95,0.3675,0
2026-10-06T06:52:40Z,checkoutservice,427.0,800,0.8,0.53375,0
2026-10-06T06:52:40Z,productcatalogservice,511.0,800,0.95,0.63875,0
2026-10-06T06:52:40Z,paymentservice,27.0,155,0.8,0.17419354838709677,0
2026-10-06T06:52:40Z,recommendationservice,999.0,1150,0.8,0.8686956521739131,1
2026-10-06T06:52:40Z,shippingservice,99.0,770,0.8,0.12857142857142856,0
2026-10-06T06:52:40Z,currencyservice,402.0,770,0.8,0.522077922077922,0
2026-10-06T06:52:40Z,emailservice,69.0,120,0.8,0.575,0
2026-10-06T06:52:40Z,adservice,141.0,1150,0.8,0.12260869565217392,0
2026-10-06T06:52:40Z,redis-cart,33.0,540,0.8,0.06111111111111111,0
2026-10-06T06:52:41Z,frontend,360.25,1150,0.8,0.31326086956521737,0
2026-10-06T06:52:41Z,cartservice,269.0,800,0.95,0.33625,0
2026-10-06T06:52:41Z,checkoutservice,446.0,800,0.8,0.5575,0
2026-10-06T06:52:41Z,productcatalogservice,511.0,800,0.95,0.63875,0
2026-10-06T06:52:41Z,paymentservice,27.0,155,0.8,0.17419354838709677,0
2026-10-06T06:52:41Z,recommendationservice,1007.0,1150,0.8,0.8756521739130435,1
2026-10-06T06:52:41Z,shippingservice,98.0,770,0.8,0.12727272727272726,0
2026-10-06T06:52:41Z,currencyservice,402.0,770,0.8,0.522077922077922,0
2026-10-06T06:52:41Z,emailservice,43.0,120,0.8,0.35833333333333334,0
2026-10-06T06:52:41Z,adservice,141.0,1150,0.8,0.12260869565217392,0
2026-10-06T06:52:41Z,redis-cart,33.0,540,0.8,0.06111111111111111,0
2026-10-06T06:52:42Z,frontend,378.5,1150,0.8,0.32913043478260867,0
2026-10-06T06:52:42Z,cartservice,304.0,800,0.95,0.38,0
2026-10-06T06:52:42Z,checkoutservice,446.0,800,0.8,0.5575,0
2026-10-06T06:52:42Z,productcatalogservice,484.0,800,0.95,0.605,0
2026-10-06T06:52:42Z,paymentservice,30.0,155,0.8,0.1935483870967742,0
2026-10-06T06:52:42Z,recommendationservice,992.0,1150,0.8,0.8626086956521739,1
2026-10-06T06:52:42Z,shippingservice,98.0,770,0.8,0.12727272727272726,0
2026-10-06T06:52:42Z,currencyservice,402.0,770,0.8,0.522077922077922,0
2026-10-06T06:52:42Z,emailservice,59.0,120,0.8,0.49166666666666664,0
2026-10-06T06:52:42Z,adservice,156.0,1150,0.8,0.1356521739130435,0
2026-10-06T06:52:42Z,redis-cart,30.0,540,0.8,0.05555555555555555,0
2026-10-06T06:52:43Z,frontend,379.25,1150,0.8,0.3297826086956522,0
2026-10-06T06:52:43Z,cartservice,306.0,800,0.95,0.3825,0
2026-10-06T06:52:43Z,checkoutservice,480.0,800,0.8,0.6,0
2026-10-06T06:52:43Z,productcatalogservice,484.0,800,0.95,0.605,0
2026-10-06T06:52:43Z,paymentservice,24.0,155,0.8,0.15483870967741936,0
2026-10-06T06:52:43Z,recommendationservice,1019.0,1150,0.8,0.8860869565217391,1
2026-10-06T06:52:43Z,shippingservice,92.0,770,0.8,0.11948051948051948,0
2026-10-06T06:52:43Z,currencyservice,429.0,770,0.8,0.5571428571428572,0
2026-10-06T06:52:43Z,emailservice,59.0,120,0.8,0.49166666666666664,0
2026-10-06T06:52:43Z,adservice,128.0,1150,0.8,0.11130434782608696,0
2026-10-06T06:52:43Z,redis-cart,30.0,540,0.8,0.05555555555555555,0
2026-10-06T06:52:44Z,frontend,364.5,1150,0.8,0.3169565217391304,0
2026-10-06T06:52:44Z,cartservice,306.0,800,0.95,0.3825,0
2026-10-06T06:52:44Z,checkoutservice,417.0,800,0.8,0.52125,0
2026-10-06T06:52:44Z,productcatalogservice,518.0,800,0.95,0.6475,0
2026-10-06T06:52:44Z,paymentservice,24.0,155,0.8,0.15483870967741936,0
2026-10-06T06:52:44Z,recommendationservice,1039.0,1150,0.8,0.9034782608695652,1
2026-10-06T06:52:44Z,shippingservice,92.0,770,0.8,0.11948051948051948,0
2026-10-06T06:52:44Z,currencyservice,417.0,770,0.8,0.5415584415584416,0
2026-10-06T06:52:44Z,emailservice,41.0,120,0.8,0.3416666666666667,0
2026-10-06T06:52:44Z,adservice,128.0,1150,0.8,0.11130434782608696,0
2026-10-06T06:52:44Z,redis-cart,31.0,540,0.8,0.05740740740740741,0
2026-10-06T06:52:45Z,frontend,381.0,1150,0.8,0.331304347826087,0
2026-10-06T06:52:45Z,cartservice,318.0,800,0.95,0.3975,0
2026-10-06T06:52:45Z,checkoutservice,508.0,800,0.8,0.635,0
2026-10-06T06:52:45Z,productcatalogservice,518.0,800,0.95,0.6475,0
2026-10-06T06:52:45Z,paymentservice,24.0,155,0.8,0.15483870967741936,0
2026-10-06T06:52:45Z,recommendationservice,1039.0,1150,0.8,0.9034782608695652,1
2026-10-06T06:52:45Z,shippingservice,96.0,770,0.8,0.12467532467532468,0
2026-10-06T06:52:45Z,currencyservice,417.0,770,0.8,0.5415584415584416,0
2026-10-06T06:52:45Z,emailservice,41.0,120,0.8,0.3416666666666667,0
2026-10-06T06:52:45Z,adservice,148.0,1150,0.8,0.12869565217391304,0
2026-10-06T06:52:45Z,redis-cart,32.0,540,0.8,0.05925925925925926,0
2026-10-06T06:52:46Z,frontend,385.25,1150,0.8,0.335,0
2026-10-06T06:52:46Z,cartservice,297.0,800,0.95,0.37125,0
2026-10-06T06:52:46Z,checkoutservice,508.0,800,0.8,0.635,0
2026-10-06T06:52:46Z,productcatalogservice,488.0,800,0.95,0.61,0
2026-10-06T06:52:46Z,paymentservice,32.0,155,0.8,0.2064516129032258,0
2026-10-06T06:52:46Z,recommendationservice,965.0,1150,0.8,0.8391304347826087,1
2026-10-06T06:52:46Z,shippingservice,117.0,770,0.8,0.15194805194805194,0
2026-10-06T06:52:46Z,currencyservice,432.0,770,0.8,0.561038961038961,0
2026-10-06T06:52:46Z,emailservice,67.0,120,0.8,0.5583333333333333,0
2026-10-06T06:52:46Z,adservice,169.0,1150,0.8,0.14695652173913043,0
2026-10-06T06:52:46Z,redis-cart,32.0,540,0.8,0.05925925925925926,0
2026-10-06T06:52:47Z,frontend,360.25,1150,0.8,0.31326086956521737,0
2026-10-06T06:52:47Z,cartservice,297.0,800,0.95,0.37125,0
2026-10-06T06:52:47Z,checkoutservice,433.0,800,0.8,0.54125,0
2026-10-06T06:52:47Z,productcatalogservice,510.0,800,0.95,0.6375,0
2026-10-06T06:52:47Z,paymentservice,32.0,155,0.8,0.2064516129032258,0
2026-10-06T06:52:47Z,recommendationservice,965.0,1150,0.8,0.8391304347826087,1
2026-10-06T06:52:47Z,shippingservice,117.0,770,0.8,0.15194805194805194,0
2026-10-06T06:52:47Z,currencyservice,443.0,770,0.8,0.5753246753246753,0
2026-10-06T06:52:47Z,emailservice,43.0,120,0.8,0.35833333333333334,0
2026-10-06T06:52:47Z,adservice,169.0,1150,0.8,0.14695652173913043,0
2026-10-06T06:52:47Z,redis-cart,31.0,540,0.8,0.05740740740740741,0
2026-10-06T06:52:48Z,frontend,354.0,1150,0.8,0.30782608695652175,0
2026-10-06T06:52:48Z,cartservice,274.0,800,0.95,0.3425,0
2026-10-06T06:52:48Z,checkoutservice,433.0,800,0.8,0.54125,0
2026-10-06T06:52:48Z,productcatalogservice,510.0,800,0.95,0.6375,0
2026-10-06T06:52:48Z,paymentservice,22.0,155,0.8,0.14193548387096774,0
2026-10-06T06:52:48Z,recommendationservice,1009.0,1150,0.8,0.8773913043478261,1
2026-10-06T06:52:48Z,shippingservice,74.0,770,0.8,0.09610389610389611,0
2026-10-06T06:52:48Z,currencyservice,364.0,770,0.8,0.4727272727272727,0
2026-10-06T06:52:48Z,emailservice,43.0,120,0.8,0.35833333333333334,0
2026-10-06T06:52:48Z,adservice,129.0,1150,0.8,0.11217391304347826,0
2026-10-06T06:52:48Z,redis-cart,30.0,540,0.8,0.05555555555555555,0
2026-10-06T06:52:49Z,frontend,369.25,1150,0.8,0.32108695652173913,0
2026-10-06T06:52:49Z,cartservice,318.0,800,0.95,0.3975,0
2026-10-06T06:52:49Z,checkoutservice,454.0,800,0.8,0.5675,0
2026-10-06T06:52:49Z,productcatalogservice,503.0,800,0.95,0.62875,0
2026-10-06T06:52:49Z,paymentservice,45.0,155,0.8,0.2903225806451613,0
2026-10-06T06:52:49Z,recommendationservice,1009.0,1150,0.8,0.8773913043478261,1
2026-10-06T06:52:49Z,shippingservice,74.0,770,0.8,0.09610389610389611,0
2026-10-06T06:52:49Z,currencyservice,409.0,770,0.8,0.5311688311688312,0
2026-10-06T06:52:49Z,emailservice,49.0,120,0.8,0.4083333333333333,0
2026-10-06T06:52:49Z,adservice,145.0,1150,0.8,0.12608695652173912,0
2026-10-06T06:52:49Z,redis-cart,30.0,540,0.8,0.05555555555555555,0
2026-10-06T06:52:50Z,frontend,351.5,1150,0.8,0.3056521739130435,0
2026-10-06T06:52:50Z,cartservice,318.0,800,0.95,0.3975,0
2026-10-06T06:52:50Z,checkoutservice,353.0,800,0.8,0.44125,0
2026-10-06T06:52:50Z,productcatalogservice,488.0,800,0.95,0.61,0
2026-10-06T06:52:50Z,paymentservice,16.0,155,0.8,0.1032258064516129,0
2026-10-06T06:52:50Z,recommendationservice,1011.0,1150,0.8,0.8791304347826087,1
2026-10-06T06:52:50Z,shippingservice,85.0,770,0.8,0.11038961038961038,0
2026-10-06T06:52:50Z,currencyservice,384.0,770,0.8,0.4987012987012987,0
2026-10-06T06:52:50Z,emailservice,49.0,120,0.8,0.4083333333333333,0
2026-10-06T06:52:50Z,adservice,132.0,1150,0.8,0.11478260869565217,0
2026-10-06T06:52:50Z,redis-cart,31.0,540,0.8,0.05740740740740741,0
2026-10-06T06:52:51Z,frontend,356.5,1150,0.8,0.31,0
2026-10-06T06:52:51Z,cartservice,278.0,800,0.95,0.3475,0
2026-10-06T06:52:51Z,checkoutservice,353.0,800,0.8,0.44125,0
2026-10-06T06:52:51Z,productcatalogservice,483.0,800,0.95,0.60375,0
2026-10-06T06:52:51Z,paymentservice,16.0,155,0.8,0.1032258064516129,0
2026-10-06T06:52:51Z,recommendationservice,1011.0,1150,0.8,0.8791304347826087,1
2026-10-06T06:52:51Z,shippingservice,90.0,770,0.8,0.11688311688311688,0
2026-10-06T06:52:51Z,currencyservice,384.0,770,0.8,0.4987012987012987,0
2026-10-06T06:52:51Z,emailservice,48.0,120,0.8,0.4,0
2026-10-06T06:52:51Z,adservice,132.0,1150,0.8,0.11478260869565217,0
2026-10-06T06:52:51Z,redis-cart,31.0,540,0.8,0.05740740740740741,0
2026-10-06T06:52:52Z,frontend,364.25,1150,0.8,0.31673913043478263,0
2026-10-06T06:52:52Z,cartservice,326.0,800,0.95,0.4075,0
2026-10-06T06:52:52Z,checkoutservice,458.0,800,0.8,0.5725,0
2026-10-06T06:52:52Z,productcatalogservice,483.0,800,0.95,0.60375,0
2026-10-06T06:52:52Z,paymentservice,26.0,155,0.8,0.16774193548387098,0
2026-10-06T06:52:52Z,recommendationservice,978.0,1150,0.8,0.8504347826086956,1
2026-10-06T06:52:52Z,shippingservice,96.0,770,0.8,0.12467532467532468,0
2026-10-06T06:52:52Z,currencyservice,433.0,770,0.8,0.5623376623376624,0
2026-10-06T06:52:52Z,emailservice,51.0,120,0.8,0.425,0
2026-10-06T06:52:52Z,adservice,138.0,1150,0.8,0.12,0
2026-10-06T06:52:52Z,redis-cart,32.0,540,0.8,0.05925925925925926,0
2026-10-06T06:52:53Z,frontend,369.75,1150,0.8,0.3215217391304348,0
2026-10-06T06:52:53Z,cartservice,261.0,800,0.95,0.32625,0
2026-10-06T06:52:53Z,checkoutservice,467.0,800,0.8,0.58375,0
2026-10-06T06:52:53Z,productcatalogservice,512.0,800,0.95,0.64,0
2026-10-06T06:52:53Z,paymentservice,27.0,155,0.8,0.17419354838709677,0
2026-10-06T06:52:53Z,recommendationservice,963.0,1150,0.8,0.837391304347826,1
2026-10-06T06:52:53Z,shippingservice,104.0,770,0.8,0.13506493506493505,0
2026-10-06T06:52:53Z,currencyservice,433.0,770,0.8,0.5623376623376624,0
2026-10-06T06:52:53Z,emailservice,51.0,120,0.8,0.425,0
2026-10-06T06:52:53Z,adservice,138.0,1150,0.8,0.12,0
2026-10-06T06:52:53Z,redis-cart,32.0,540,0.8,0.05925925925925926,0
2026-10-06T06:52:54Z,frontend,388.25,1150,0.8,0.33760869565217394,0
2026-10-06T06:52:54Z,cartservice,261.0,800,0.95,0.32625,0
2026-10-06T06:52:54Z,checkoutservice,467.0,800,0.8,0.58375,0
2026-10-06T06:52:54Z,productcatalogservice,517.0,800,0.95,0.64625,0
2026-10-06T06:52:54Z,paymentservice,30.0,155,0.8,0.1935483870967742,0
2026-10-06T06:52:54Z,recommendationservice,963.0,1150,0.8,0.837391304347826,1
2026-10-06T06:52:54Z,shippingservice,104.0,770,0.8,0.13506493506493505,0
2026-10-06T06:52:54Z,currencyservice,430.0,770,0.8,0.5584415584415584,0
2026-10-06T06:52:54Z,emailservice,52.0,120,0.8,0.43333333333333335,0
2026-10-06T06:52:54Z,adservice,155.0,1150,0.8,0.13478260869565217,0
2026-10-06T06:52:54Z,redis-cart,31.0,540,0.8,0.05740740740740741,0
2026-10-06T06:52:55Z,frontend,370.25,1150,0.8,0.3219565217391304,0
2026-10-06T06:52:55Z,cartservice,300.0,800,0.95,0.375,0
2026-10-06T06:52:55Z,checkoutservice,447.0,800,0.8,0.55875,0
2026-10-06T06:52:55Z,productcatalogservice,517.0,800,0.95,0.64625,0
2026-10-06T06:52:55Z,paymentservice,23.0,155,0.8,0.14838709677419354,0
2026-10-06T06:52:55Z,recommendationservice,1040.0,1150,0.8,0.9043478260869565,1
2026-10-06T06:52:55Z,shippingservice,80.0,770,0.8,0.1038961038961039,0
2026-10-06T06:52:55Z,currencyservice,430.0,770,0.8,0.5584415584415584,0
2026-10-06T06:52:55Z,emailservice,52.0,120,0.8,0.43333333333333335,0
2026-10-06T06:52:55Z,adservice,155.0,1150,0.8,0.13478260869565217,0
2026-10-06T06:52:55Z,redis-cart,29.0,540,0.8,0.053703703703703705,0
2026-10-06T06:52:56Z,frontend,340.25,1150,0.8,0.29586956521739133,0
2026-10-06T06:52:56Z,cartservice,300.0,800,0.95,0.375,0
2026-10-06T06:52:56Z,checkoutservice,409.0,800,0.8,0.51125,0
2026-10-06T06:52:56Z,productcatalogservice,462.0,800,0.95,0.5775,0
2026-10-06T06:52:56Z,paymentservice,23.0,155,0.8,0.14838709677419354,0
2026-10-06T06:52:56Z,recommendationservice,1064.0,1150,0.8,0.9252173913043479,1
2026-10-06T06:52:56Z,shippingservice,80.0,770,0.8,0.1038961038961039,0
2026-10-06T06:52:56Z,currencyservice,398.0,770,0.8,0.5168831168831168,0
2026-10-06T06:52:56Z,emailservice,65.0,120,0.8,0.5416666666666666,0
2026-10-06T06:52:56Z,adservice,107.0,1150,0.8,0.09304347826086956,0
2026-10-06T06:52:56Z,redis-cart,29.0,540,0.8,0.053703703703703705,0
2026-10-06T06:52:57Z,frontend,361.75,1150,0.8,0.31456521739130433,0
2026-10-06T06:52:57Z,cartservice,306.0,800,0.95,0.3825,0
2026-10-06T06:52:57Z,checkoutservice,591.0,800,0.8,0.73875,0
2026-10-06T06:52:57Z,productcatalogservice,509.0,800,0.95,0.63625,0
2026-10-06T06:52:57Z,paymentservice,28.0,155,0.8,0.18064516129032257,0
2026-10-06T06:52:57Z,recommendationservice,1064.0,1150,0.8,0.9252173913043479,1
2026-10-06T06:52:57Z,shippingservice,99.0,770,0.8,0.12857142857142856,0
2026-10-06T06:52:57Z,currencyservice,406.0,770,0.8,0.5272727272727272,0
2026-10-06T06:52:57Z,emailservice,52.0,120,0.8,0.43333333333333335,0
2026-10-06T06:52:57Z,adservice,151.0,1150,0.8,0.13130434782608696,0
2026-10-06T06:52:57Z,redis-cart,31.0,540,0.8,0.05740740740740741,0
2026-10-06T06:52:58Z,frontend,386.5,1150,0.8,0.33608695652173914,0
2026-10-06T06:52:58Z,cartservice,306.0,800,0.95,0.3825,0
2026-10-06T06:52:58Z,checkoutservice,591.0,800,0.8,0.73875,0
2026-10-06T06:52:58Z,productcatalogservice,509.0,800,0.95,0.63625,0
2026-10-06T06:52:58Z,paymentservice,31.0,155,0.8,0.2,0
2026-10-06T06:52:58Z,recommendationservice,961.0,1150,0.8,0.8356521739130435,1
2026-10-06T06:52:58Z,shippingservice,110.0,770,0.8,0.14285714285714285,0
2026-10-06T06:52:58Z,currencyservice,406.0,770,0.8,0.5272727272727272,0
2026-10-06T06:52:58Z,emailservice,53.0,120,0.8,0.44166666666666665,0
2026-10-06T06:52:58Z,adservice,151.0,1150,0.8,0.13130434782608696,0
2026-10-06T06:52:58Z,redis-cart,30.0,540,0.8,0.05555555555555555,0
2026-10-06T06:52:59Z,frontend,350.25,1150,0.8,0.3045652173913043,0
2026-10-06T06:52:59Z,cartservice,313.0,800,0.95,0.39125,0
2026-10-06T06:52:59Z,checkoutservice,438.0,800,0.8,0.5475,0
2026-10-06T06:52:59Z,productcatalogservice,491.0,800,0.95,0.61375,0
2026-10-06T06:52:59Z,paymentservice,47.0,155,0.8,0.3032258064516129,0
2026-10-06T06:52:59Z,recommendationservice,961.0,1150,0.8,0.8356521739130435,1
2026-10-06T06:52:59Z,shippingservice,110.0,770,0.8,0.14285714285714285,0
2026-10-06T06:52:59Z,currencyservice,396.0,770,0.8,0.5142857142857142,0
2026-10-06T06:52:59Z,emailservice,69.0,120,0.8,0.575,0
2026-10-06T06:52:59Z,adservice,142.0,1150,0.8,0.12347826086956522,0
2026-10-06T06:52:59Z,redis-cart,30.0,540,0.8,0.05555555555555555,0
2026-10-06T06:53:00Z,frontend,351.5,1150,0.8,0.3056521739130435,0
2026-10-06T06:53:00Z,cartservice,293.0,800,0.95,0.36625,0
2026-10-06T06:53:00Z,checkoutservice,438.0,800,0.8,0.5475,0
2026-10-06T06:53:00Z,productcatalogservice,491.0,800,0.95,0.61375,0
2026-10-06T06:53:00Z,paymentservice,47.0,155,0.8,0.3032258064516129,0
2026-10-06T06:53:00Z,recommendationservice,1070.0,1150,0.8,0.9304347826086956,1
2026-10-06T06:53:00Z,shippingservice,83.0,770,0.8,0.10779220779220779,0
2026-10-06T06:53:00Z,currencyservice,396.0,770,0.8,0.5142857142857142,0
2026-10-06T06:53:00Z,emailservice,69.0,120,0.8,0.575,0
2026-10-06T06:53:00Z,adservice,142.0,1150,0.8,0.12347826086956522,0
2026-10-06T06:53:00Z,redis-cart,30.0,540,0.8,0.05555555555555555,0
2026-10-06T06:53:01Z,frontend,345.5,1150,0.8,0.30043478260869566,0
2026-10-06T06:53:01Z,cartservice,289.0,800,0.95,0.36125,0
2026-10-06T06:53:01Z,checkoutservice,413.0,800,0.8,0.51625,0
2026-10-06T06:53:01Z,productcatalogservice,512.0,800,0.95,0.64,0
2026-10-06T06:53:01Z,paymentservice,28.0,155,0.8,0.18064516129032257,0
2026-10-06T06:53:01Z,recommendationservice,1025.0,1150,0.8,0.8913043478260869,1
2026-10-06T06:53:01Z,shippingservice,83.0,770,0.8,0.10779220779220779,0
2026-10-06T06:53:01Z,currencyservice,421.0,770,0.8,0.5467532467532468,0
2026-10-06T06:53:01Z,emailservice,48.0,120,0.8,0.4,0
2026-10-06T06:53:01Z,adservice,121.0,1150,0.8,0.10521739130434783,0
2026-10-06T06:53:01Z,redis-cart,31.0,540,0.8,0.05740740740740741,0
2026-10-06T06:53:02Z,frontend,356.0,1150,0.8,0.3095652173913043,0
2026-10-06T06:53:02Z,cartservice,289.0,800,0.95,0.36125,0
2026-10-06T06:53:02Z,checkoutservice,413.0,800,0.8,0.51625,0
2026-10-06T06:53:02Z,productcatalogservice,476.0,800,0.95,0.595,0
2026-10-06T06:53:02Z,paymentservice,19.0,155,0.8,0.12258064516129032,0
2026-10-06T06:53:02Z,recommendationservice,1025.0,1150,0.8,0.8913043478260869,1
2026-10-06T06:53:02Z,shippingservice,66.0,770,0.8,0.08571428571428572,0
2026-10-06T06:53:02Z,currencyservice,421.0,770,0.8,0.5467532467532468,0
2026-10-06T06:53:02Z,emailservice,25.0,120,0.8,0.20833333333333334,0
2026-10-06T06:53:02Z,adservice,121.0,1150,0.8,0.10521739130434783,0
2026-10-06T06:53:02Z,redis-cart,31.0,540,0.8,0.05740740740740741,0
2026-10-06T06:53:03Z,frontend,316.0,1150,0.8,0.2747826086956522,0
2026-10-06T06:53:03Z,cartservice,294.0,800,0.95,0.3675,0
2026-10-06T06:53:03Z,checkoutservice,269.0,800,0.8,0.33625,0
2026-10-06T06:53:03Z,productcatalogservice,430.0,800,0.95,0.5375,0
2026-10-06T06:53:03Z,paymentservice,15.0,155,0.8,0.0967741935483871,0
2026-10-06T06:53:03Z,recommendationservice,1064.0,1150,0.8,0.9252173913043479,1
2026-10-06T06:53:03Z,shippingservice,66.0,770,0.8,0.08571428571428572,0
2026-10-06T06:53:03Z,currencyservice,365.0,770,0.8,0.474025974025974,0
2026-10-06T06:53:03Z,emailservice,34.0,120,0.8,0.2833333333333333,0
2026-10-06T06:53:03Z,adservice,137.0,1150,0.8,0.1191304347826087,0
2026-10-06T06:53:03Z,redis-cart,31.0,540,0.8,0.05740740740740741,0
2026-10-06T06:53:04Z,frontend,316.0,1150,0.8,0.2747826086956522,0
2026-10-06T06:53:04Z,cartservice,294.0,800,0.95,0.3675,0
2026-10-06T06:53:04Z,checkoutservice,396.0,800,0.8,0.495,0
2026-10-06T06:53:04Z,productcatalogservice,490.0,800,0.95,0.6125,0
2026-10-06T06:53:04Z,paymentservice,15.0,155,0.8,0.0967741935483871,0
2026-10-06T06:53:04Z,recommendationservice,1062.0,1150,0.8,0.9234782608695652,1
2026-10-06T06:53:04Z,shippingservice,74.0,770,0.8,0.09610389610389611,0
2026-10-06T06:53:04Z,currencyservice,375.0,770,0.8,0.487012987012987,0
2026-10-06T06:53:04Z,emailservice,34.0,120,0.8,0.2833333333333333,0
2026-10-06T06:53:04Z,adservice,119.0,1150,0.8,0.10347826086956521,0
2026-10-06T06:53:04Z,redis-cart,30.0,540,0.8,0.05555555555555555,0
2026-10-06T06:53:05Z,frontend,358.0,1150,0.8,0.31130434782608696,0
2026-10-06T06:53:05Z,cartservice,337.0,800,0.95,0.42125,0
2026-10-06T06:53:05Z,checkoutservice,429.0,800,0.8,0.53625,0
2026-10-06T06:53:05Z,productcatalogservice,475.0,800,0.95,0.59375,0
2026-10-06T06:53:05Z,paymentservice,26.0,155,0.8,0.16774193548387098,0
2026-10-06T06:53:05Z,recommendationservice,1030.0,1150,0.8,0.8956521739130435,1
2026-10-06T06:53:05Z,shippingservice,89.0,770,0.8,0.11558441558441558,0
2026-10-06T06:53:05Z,currencyservice,375.0,770,0.8,0.487012987012987,0
2026-10-06T06:53:05Z,emailservice,76.0,120,0.8,0.6333333333333333,0
2026-10-06T06:53:05Z,adservice,119.0,1150,0.8,0.10347826086956521,0
2026-10-06T06:53:05Z,redis-cart,30.0,540,0.8,0.05555555555555555,0
2026-10-06T06:53:06Z,frontend,360.0,1150,0.8,0.3130434782608696,0
2026-10-06T06:53:06Z,cartservice,338.0,800,0.95,0.4225,0
2026-10-06T06:53:06Z,checkoutservice,471.0,800,0.8,0.58875,0
2026-10-06T06:53:06Z,productcatalogservice,475.0,800,0.95,0.59375,0
2026-10-06T06:53:06Z,paymentservice,26.0,155,0.8,0.16774193548387098,0
2026-10-06T06:53:06Z,recommendationservice,1030.0,1150,0.8,0.8956521739130435,1
2026-10-06T06:53:06Z,shippingservice,114.0,770,0.8,0.14805194805194805,0
2026-10-06T06:53:06Z,currencyservice,447.0,770,0.8,0.5805194805194805,0
2026-10-06T06:53:06Z,emailservice,76.0,120,0.8,0.6333333333333333,0
2026-10-06T06:53:06Z,adservice,135.0,1150,0.8,0.11739130434782609,0
2026-10-06T06:53:06Z,redis-cart,31.0,540,0.8,0.05740740740740741,0
2026-10-06T06:53:07Z,frontend,369.25,1150,0.8,0.32108695652173913,0
2026-10-06T06:53:07Z,cartservice,290.0,800,0.95,0.3625,0
2026-10-06T06:53:07Z,checkoutservice,471.0,800,0.8,0.58875,0
2026-10-06T06:53:07Z,productcatalogservice,510.0,800,0.95,0.6375,0
2026-10-06T06:53:07Z,paymentservice,30.0,155,0.8,0.1935483870967742,0
2026-10-06T06:53:07Z,recommendationservice,996.0,1150,0.8,0.8660869565217392,1
2026-10-06T06:53:07Z,shippingservice,114.0,770,0.8,0.14805194805194805,0
2026-10-06T06:53:07Z,currencyservice,429.0,770,0.8,0.5571428571428572,0
2026-10-06T06:53:07Z,emailservice,49.0,120,0.8,0.4083333333333333,0
2026-10-06T06:53:07Z,adservice,151.0,1150,0.8,0.13130434782608696,0
2026-10-06T06:53:07Z,redis-cart,33.0,540,0.8,0.06111111111111111,0
2026-10-06T06:53:08Z,frontend,371.5,1150,0.8,0.32304347826086954,0
2026-10-06T06:53:08Z,cartservice,290.0,800,0.95,0.3625,0
2026-10-06T06:53:08Z,checkoutservice,494.0,800,0.8,0.6175,0
2026-10-06T06:53:08Z,productcatalogservice,510.0,800,0.95,0.6375,0
2026-10-06T06:53:08Z,paymentservice,31.0,155,0.8,0.2,0
2026-10-06T06:53:08Z,recommendationservice,996.0,1150,0.8,0.8660869565217392,1
2026-10-06T06:53:08Z,shippingservice,98.0,770,0.8,0.12727272727272726,0
2026-10-06T06:53:08Z,currencyservice,438.0,770,0.8,0.5688311688311688,0
2026-10-06T06:53:08Z,emailservice,56.0,120,0.8,0.4666666666666667,0
2026-10-06T06:53:08Z,adservice,151.0,1150,0.8,0.13130434782608696,0
2026-10-06T06:53:08Z,redis-cart,33.0,540,0.8,0.06111111111111111,0
2026-10-06T06:53:09Z,frontend,368.0,1150,0.8,0.32,0
2026-10-06T06:53:09Z,cartservice,295.0,800,0.95,0.36875,0
2026-10-06T06:53:09Z,checkoutservice,492.0,800,0.8,0.615,0
2026-10-06T06:53:09Z,productcatalogservice,518.0,800,0.95,0.6475,0
2026-10-06T06:53:09Z,paymentservice,31.0,155,0.8,0.2,0
2026-10-06T06:53:09Z,recommendationservice,988.0,1150,0.8,0.8591304347826086,1
2026-10-06T06:53:09Z,shippingservice,98.0,770,0.8,0.12727272727272726,0
2026-10-06T06:53:09Z,currencyservice,438.0,770,0.8,0.5688311688311688,0
2026-10-06T06:53:09Z,emailservice,56.0,120,0.8,0.4666666666666667,0
2026-10-06T06:53:09Z,adservice,135.0,1150,0.8,0.11739130434782609,0
2026-10-06T06:53:09Z,redis-cart,31.0,540,0.8,0.05740740740740741,0
2026-10-06T06:53:10Z,frontend,340.5,1150,0.8,0.2960869565217391,0
2026-10-06T06:53:10Z,cartservice,258.0,800,0.95,0.3225,0
2026-10-06T06:53:10Z,checkoutservice,492.0,800,0.8,0.615,0
2026-10-06T06:53:10Z,productcatalogservice,518.0,800,0.95,0.6475,0
2026-10-06T06:53:10Z,paymentservice,45.0,155,0.8,0.2903225806451613,0
2026-10-06T06:53:10Z,recommendationservice,988.0,1150,0.8,0.8591304347826086,1
2026-10-06T06:53:10Z,shippingservice,94.0,770,0.8,0.12207792207792208,0
2026-10-06T06:53:10Z,currencyservice,391.0,770,0.8,0.5077922077922078,0
2026-10-06T06:53:10Z,emailservice,67.0,120,0.8,0.5583333333333333,0
2026-10-06T06:53:10Z,adservice,134.0,1150,0.8,0.11652173913043479,0
2026-10-06T06:53:10Z,redis-cart,29.0,540,0.8,0.053703703703703705,0
2026-10-06T06:53:11Z,frontend,360.25,1150,0.8,0.31326086956521737,0
2026-10-06T06:53:11Z,cartservice,258.0,800,0.95,0.3225,0
2026-10-06T06:53:11Z,checkoutservice,321.0,800,0.8,0.40125,0
2026-10-06T06:53:11Z,productcatalogservice,475.0,800,0.95,0.59375,0
2026-10-06T06:53:11Z,paymentservice,16.0,155,0.8,0.1032258064516129,0
2026-10-06T06:53:11Z,recommendationservice,1039.0,1150,0.8,0.9034782608695652,1
2026-10-06T06:53:11Z,shippingservice,87.0,770,0.8,0.11298701298701298,0
2026-10-06T06:53:11Z,currencyservice,371.0,770,0.8,0.4818181818181818,0
2026-10-06T06:53:11Z,emailservice,31.0,120,0.8,0.25833333333333336,0
2026-10-06T06:53:11Z,adservice,134.0,1150,0.8,0.11652173913043479,0
2026-10-06T06:53:11Z,redis-cart,29.0,540,0.8,0.053703703703703705,0
2026-10-06T06:53:12Z,frontend,352.75,1150,0.8,0.3067391304347826,0
2026-10-06T06:53:12Z,cartservice,275.0,800,0.95,0.34375,0
2026-10-06T06:53:12Z,checkoutservice,321.0,800,0.8,0.40125,0
2026-10-06T06:53:12Z,productcatalogservice,511.0,800,0.95,0.63875,0
2026-10-06T06:53:12Z,paymentservice,24.0,155,0.8,0.15483870967741936,0
2026-10-06T06:53:12Z,recommendationservice,1050.0,1150,0.8,0.9130434782608695,1
2026-10-06T06:53:12Z,shippingservice,78.0,770,0.8,0.1012987012987013,0
2026-10-06T06:53:12Z,currencyservice,371.0,770,0.8,0.4818181818181818,0
2026-10-06T06:53:12Z,emailservice,40.0,120,0.8,0.3333333333333333,0
2026-10-06T06:53:12Z,adservice,126.0,1150,0.8,0.10956521739130434,0
2026-10-06T06:53:12Z,redis-cart,26.0,540,0.8,0.04814814814814815,0
2026-10-06T06:53:13Z,frontend,339.0,1150,0.8,0.29478260869565215,0
2026-10-06T06:53:13Z,cartservice,275.0,800,0.95,0.34375,0
2026-10-06T06:53:13Z,checkoutservice,375.0,800,0.8,0.46875,0
2026-10-06T06:53:13Z,productcatalogservice,511.0,800,0.95,0.63875,0
2026-10-06T06:53:13Z,paymentservice,14.0,155,0.8,0.09032258064516129,0
2026-10-06T06:53:13Z,recommendationservice,1086.0,1150,0.8,0.9443478260869566,1
2026-10-06T06:53:13Z,shippingservice,78.0,770,0.8,0.1012987012987013,0
2026-10-06T06:53:13Z,currencyservice,372.0,770,0.8,0.4831168831168831,0
2026-10-06T06:53:13Z,emailservice,40.0,120,0.8,0.3333333333333333,0
2026-10-06T06:53:13Z,adservice,117.0,1150,0.8,0.10173913043478261,0
2026-10-06T06:53:13Z,redis-cart,30.0,540,0.8,0.05555555555555555,0
2026-10-06T06:53:14Z,frontend,345.75,1150,0.8,0.3006521739130435,0
2026-10-06T06:53:14Z,cartservice,287.0,800,0.95,0.35875,0
2026-10-06T06:53:14Z,checkoutservice,375.0,800,0.8,0.46875,0
2026-10-06T06:53:14Z,productcatalogservice,462.0,800,0.95,0.5775,0
2026-10-06T06:53:14Z,paymentservice,14.0,155,0.8,0.09032258064516129,0
2026-10-06T06:53:14Z,recommendationservice,989.0,1150,0.8,0.86,1
2026-10-06T06:53:14Z,shippingservice,71.0,770,0.8,0.09220779220779221,0
2026-10-06T06:53:14Z,currencyservice,423.0,770,0.8,0.5493506493506494,0
2026-10-06T06:53:14Z,emailservice,47.0,120,0.8,0.39166666666666666,0
2026-10-06T06:53:14Z,adservice,117.0,1150,0.8,0.10173913043478261,0
2026-10-06T06:53:14Z,redis-cart,33.0,540,0.8,0.06111111111111111,0
2026-10-06T06:53:15Z,frontend,357.25,1150,0.8,0.3106521739130435,0
2026-10-06T06:53:15Z,cartservice,366.0,800,0.95,0.4575,0
2026-10-06T06:53:15Z,checkoutservice,570.0,800,0.8,0.7125,0
2026-10-06T06:53:15Z,productcatalogservice,483.0,800,0.95,0.60375,0
2026-10-06T06:53:15Z,paymentservice,40.0,155,0.8,0.25806451612903225,0
2026-10-06T06:53:15Z,recommendationservice,989.0,1150,0.8,0.86,1
2026-10-06T06:53:15Z,shippingservice,107.0,770,0.8,0.13896103896103895,0
2026-10-06T06:53:15Z,currencyservice,423.0,770,0.8,0.5493506493506494,0
2026-10-06T06:53:15Z,emailservice,77.0,120,0.8,0.6416666666666667,0
2026-10-06T06:53:15Z,adservice,149.0,1150,0.8,0.12956521739130436,0
2026-10-06T06:53:15Z,redis-cart,33.0,540,0.8,0.06111111111111111,0
2026-10-06T06:53:16Z,frontend,366.25,1150,0.8,0.3184782608695652,0
2026-10-06T06:53:16Z,cartservice,291.0,800,0.95,0.36375,0
2026-10-06T06:53:16Z,checkoutservice,491.0,800,0.8,0.61375,0
2026-10-06T06:53:16Z,productcatalogservice,483.0,800,0.95,0.60375,0
2026-10-06T06:53:16Z,paymentservice,26.0,155,0.8,0.16774193548387098,0
2026-10-06T06:53:16Z,recommendationservice,997.0,1150,0.8,0.8669565217391304,1
2026-10-06T06:53:16Z,shippingservice,106.0,770,0.8,0.13766233766233765,0
2026-10-06T06:53:16Z,currencyservice,427.0,770,0.8,0.5545454545454546,0
2026-10-06T06:53:16Z,emailservice,50.0,120,0.8,0.4166666666666667,0
2026-10-06T06:53:16Z,adservice,149.0,1150,0.8,0.12956521739130436,0
2026-10-06T06:53:16Z,redis-cart,33.0,540,0.8,0.06111111111111111,0
2026-10-06T06:53:17Z,frontend,368.5,1150,0.8,0.3204347826086957,0
2026-10-06T06:53:17Z,cartservice,291.0,800,0.95,0.36375,0
2026-10-06T06:53:17Z,checkoutservice,473.0,800,0.8,0.59125,0
2026-10-06T06:53:17Z,productcatalogservice,475.0,800,0.95,0.59375,0
2026-10-06T06:53:17Z,paymentservice,26.0,155,0.8,0.16774193548387098,0
2026-10-06T06:53:17Z,recommendationservice,981.0,1150,0.8,0.8530434782608696,1
2026-10-06T06:53:17Z,shippingservice,106.0,770,0.8,0.13766233766233765,0
2026-10-06T06:53:17Z,currencyservice,427.0,770,0.8,0.5545454545454546,0
2026-10-06T06:53:17Z,emailservice,50.0,120,0.8,0.4166666666666667,0
2026-10-06T06:53:17Z,adservice,161.0,1150,0.8,0.14,0
2026-10-06T06:53:17Z,redis-cart,32.0,540,0.8,0.05925925925925926,0
2026-10-06T06:53:18Z,frontend,352.0,1150,0.8,0.3060869565217391,0
2026-10-06T06:53:18Z,cartservice,313.0,800,0.95,0.39125,0
2026-10-06T06:53:18Z,checkoutservice,473.0,800,0.8,0.59125,0
2026-10-06T06:53:18Z,productcatalogservice,475.0,800,0.95,0.59375,0
2026-10-06T06:53:18Z,paymentservice,31.0,155,0.8,0.2,0
2026-10-06T06:53:18Z,recommendationservice,981.0,1150,0.8,0.8530434782608696,1
2026-10-06T06:53:18Z,shippingservice,79.0,770,0.8,0.1025974025974026,0
2026-10-06T06:53:18Z,currencyservice,410.0,770,0.8,0.5324675324675324,0
2026-10-06T06:53:18Z,emailservice,41.0,120,0.8,0.3416666666666667,0
2026-10-06T06:53:18Z,adservice,161.0,1150,0.8,0.14,0
2026-10-06T06:53:18Z,redis-cart,32.0,540,0.8,0.05925925925925926,0
2026-10-06T06:53:19Z,frontend,356.0,1150,0.8,0.3095652173913043,0
2026-10-06T06:53:19Z,cartservice,258.0,800,0.95,0.3225,0
2026-10-06T06:53:19Z,checkoutservice,366.0,800,0.8,0.4575,0
2026-10-06T06:53:19Z,productcatalogservice,473.0,800,0.95,0.59125,0
2026-10-06T06:53:19Z,paymentservice,50.0,155,0.8,0.3225806451612903,0
2026-10-06T06:53:19Z,recommendationservice,1061.0,1150,0.8,0.922608695652174,1
2026-10-06T06:53:19Z,shippingservice,87.0,770,0.8,0.11298701298701298,0
2026-10-06T06:53:19Z,currencyservice,410.0,770,0.8,0.5324675324675324,0
2026-10-06T06:53:19Z,emailservice,50.0,120,0.8,0.4166666666666667,0
2026-10-06T06:53:19Z,adservice,122.0,1150,0.8,0.10608695652173913,0
2026-10-06T06:53:19Z,redis-cart,31.0,540,0.8,0.05740740740740741,0
2026-10-06T06:53:20Z,frontend,356.75,1150,0.8,0.31021739130434783,0
2026-10-06T06:53:20Z,cartservice,266.0,800,0.95,0.3325,0
2026-10-06T06:53:20Z,checkoutservice,366.0,800,0.8,0.4575,0
2026-10-06T06:53:20Z,productcatalogservice,504.0,800,0.95,0.63,0
2026-10-06T06:53:20Z,paymentservice,50.0,155,0.8,0.3225806451612903,0
2026-10-06T06:53:20Z,recommendationservice,1062.0,1150,0.8,0.9234782608695652,1
2026-10-06T06:53:20Z,shippingservice,87.0,770,0.8,0.11298701298701298,0
2026-10-06T06:53:20Z,currencyservice,401.0,770,0.8,0.5207792207792208,0
2026-10-06T06:53:20Z,emailservice,50.0,120,0.8,0.4166666666666667,0
2026-10-06T06:53:20Z,adservice,122.0,1150,0.8,0.10608695652173913,0
2026-10-06T06:53:20Z,redis-cart,32.0,540,0.8,0.05925925925925926,0
2026-10-06T06:53:21Z,frontend,348.25,1150,0.8,0.30282608695652175,0
2026-10-06T06:53:21Z,cartservice,266.0,800,0.95,0.3325,0
2026-10-06T06:53:21Z,checkoutservice,402.0,800,0.8,0.5025,0
2026-10-06T06:53:21Z,productcatalogservice,481.0,800,0.95,0.60125,0
2026-10-06T06:53:21Z,paymentservice,22.0,155,0.8,0.14193548387096774,0
2026-10-06T06:53:21Z,recommendationservice,1035.0,1150,0.8,0.9,1
2026-10-06T06:53:21Z,shippingservice,86.0,770,0.8,0.11168831168831168,0
2026-10-06T06:53:21Z,currencyservice,383.0,770,0.8,0.4974025974025974,0
2026-10-06T06:53:21Z,emailservice,59.0,120,0.8,0.49166666666666664,0
2026-10-06T06:53:21Z,adservice,122.0,1150,0.8,0.10608695652173913,0
2026-10-06T06:53:21Z,redis-cart,32.0,540,0.8,0.05925925925925926,0
2026-10-06T06:53:22Z,frontend,356.0,1150,0.8,0.3095652173913043,0
2026-10-06T06:53:22Z,cartservice,265.0,800,0.95,0.33125,0
2026-10-06T06:53:22Z,checkoutservice,375.0,800,0.8,0.46875,0
2026-10-06T06:53:22Z,productcatalogservice,480.0,800,0.95,0.6,0
2026-10-06T06:53:22Z,paymentservice,22.0,155,0.8,0.14193548387096774,0
2026-10-06T06:53:22Z,recommendationservice,1035.0,1150,0.8,0.9,1
2026-10-06T06:53:22Z,shippingservice,86.0,770,0.8,0.11168831168831168,0
2026-10-06T06:53:22Z,currencyservice,407.0,770,0.8,0.5285714285714286,0
2026-10-06T06:53:22Z,emailservice,59.0,120,0.8,0.49166666666666664,0
2026-10-06T06:53:22Z,adservice,125.0,1150,0.8,0.10869565217391304,0
2026-10-06T06:53:22Z,redis-cart,32.0,540,0.8,0.05925925925925926,0
2026-10-06T06:53:23Z,frontend,375.5,1150,0.8,0.3265217391304348,0
2026-10-06T06:53:23Z,cartservice,274.0,800,0.95,0.3425,0
2026-10-06T06:53:23Z,checkoutservice,375.0,800,0.8,0.46875,0
2026-10-06T06:53:23Z,productcatalogservice,480.0,800,0.95,0.6,0
2026-10-06T06:53:23Z,paymentservice,20.0,155,0.8,0.12903225806451613,0
2026-10-06T06:53:23Z,recommendationservice,1025.0,1150,0.8,0.8913043478260869,1
2026-10-06T06:53:23Z,shippingservice,69.0,770,0.8,0.08961038961038961,0
2026-10-06T06:53:23Z,currencyservice,407.0,770,0.8,0.5285714285714286,0
2026-10-06T06:53:23Z,emailservice,34.0,120,0.8,0.2833333333333333,0
2026-10-06T06:53:23Z,adservice,129.0,1150,0.8,0.11217391304347826,0
2026-10-06T06:53:23Z,redis-cart,32.0,540,0.8,0.05925925925925926,0
2026-10-06T06:53:24Z,frontend,364.5,1150,0.8,0.3169565217391304,0
2026-10-06T06:53:24Z,cartservice,274.0,800,0.95,0.3425,0
2026-10-06T06:53:24Z,checkoutservice,384.0,800,0.8,0.48,0
2026-10-06T06:53:24Z,productcatalogservice,497.0,800,0.95,0.62125,0
2026-10-06T06:53:24Z,paymentservice,29.0,155,0.8,0.1870967741935484,0
2026-10-06T06:53:24Z,recommendationservice,1046.0,1150,0.8,0.9095652173913044,1
2026-10-06T06:53:24Z,shippingservice,91.0,770,0.8,0.11818181818181818,0
2026-10-06T06:53:24Z,currencyservice,414.0,770,0.8,0.5376623376623376,0
2026-10-06T06:53:24Z,emailservice,34.0,120,0.8,0.2833333333333333,0
2026-10-06T06:53:24Z,adservice,129.0,1150,0.8,0.11217391304347826,0
2026-10-06T06:53:24Z,redis-cart,31.0,540,0.8,0.05740740740740741,0
2026-10-06T06:53:25Z,frontend,344.5,1150,0.8,0.2995652173913044,0
2026-10-06T06:53:25Z,cartservice,274.0,800,0.95,0.3425,0
2026-10-06T06:53:25Z,checkoutservice,384.0,800,0.8,0.48,0
2026-10-06T06:53:25Z,productcatalogservice,497.0,800,0.95,0.62125,0
2026-10-06T06:53:25Z,paymentservice,70.0,155,0.8,0.45161290322580644,0
2026-10-06T06:53:25Z,recommendationservice,1007.0,1150,0.8,0.8756521739130435,1
2026-10-06T06:53:25Z,shippingservice,86.0,770,0.8,0.11168831168831168,0
2026-10-06T06:53:25Z,currencyservice,409.0,770,0.8,0.5311688311688312,0
2026-10-06T06:53:25Z,emailservice,65.0,120,0.8,0.5416666666666666,0
2026-10-06T06:53:25Z,adservice,134.0,1150,0.8,0.11652173913043479,0
2026-10-06T06:53:25Z,redis-cart,31.0,540,0.8,0.05740740740740741,0
2026-10-06T06:53:26Z,frontend,351.75,1150,0.8,0.3058695652173913,0
2026-10-06T06:53:26Z,cartservice,263.0,800,0.95,0.32875,0
2026-10-06T06:53:26Z,checkoutservice,517.0,800,0.8,0.64625,0
2026-10-06T06:53:26Z,productcatalogservice,481.0,800,0.95,0.60125,0
2026-10-06T06:53:26Z,paymentservice,70.0,155,0.8,0.45161290322580644,0
2026-10-06T06:53:26Z,recommendationservice,1007.0,1150,0.8,0.8756521739130435,1
2026-10-06T06:53:26Z,shippingservice,86.0,770,0.8,0.11168831168831168,0
2026-10-06T06:53:26Z,currencyservice,409.0,770,0.8,0.5311688311688312,0
2026-10-06T06:53:26Z,emailservice,50.0,120,0.8,0.4166666666666667,0
2026-10-06T06:53:26Z,adservice,134.0,1150,0.8,0.11652173913043479,0
2026-10-06T06:53:26Z,redis-cart,32.0,540,0.8,0.05925925925925926,0
2026-10-06T06:53:27Z,frontend,383.5,1150,0.8,0.3334782608695652,0
2026-10-06T06:53:27Z,cartservice,299.0,800,0.95,0.37375,0
2026-10-06T06:53:27Z,checkoutservice,446.0,800,0.8,0.5575,0
2026-10-06T06:53:27Z,productcatalogservice,505.0,800,0.95,0.63125,0
2026-10-06T06:53:27Z,paymentservice,26.0,155,0.8,0.16774193548387098,0
2026-10-06T06:53:27Z,recommendationservice,991.0,1150,0.8,0.8617391304347826,1
2026-10-06T06:53:27Z,shippingservice,118.0,770,0.8,0.15324675324675324,0
2026-10-06T06:53:27Z,currencyservice,446.0,770,0.8,0.5792207792207792,0
2026-10-06T06:53:27Z,emailservice,50.0,120,0.8,0.4166666666666667,0
2026-10-06T06:53:27Z,adservice,145.0,1150,0.8,0.12608695652173912,0
2026-10-06T06:53:27Z,redis-cart,32.0,540,0.8,0.05925925925925926,0
2026-10-06T06:53:28Z,frontend,347.25,1150,0.8,0.30195652173913046,0
2026-10-06T06:53:28Z,cartservice,299.0,800,0.95,0.37375,0
2026-10-06T06:53:28Z,checkoutservice,446.0,800,0.8,0.5575,0
2026-10-06T06:53:28Z,productcatalogservice,469.0,800,0.95,0.58625,0
2026-10-06T06:53:28Z,paymentservice,26.0,155,0.8,0.16774193548387098,0
2026-10-06T06:53:28Z,recommendationservice,1011.0,1150,0.8,0.8791304347826087,1
2026-10-06T06:53:28Z,shippingservice,76.0,770,0.8,0.0987012987012987,0
2026-10-06T06:53:28Z,currencyservice,396.0,770,0.8,0.5142857142857142,0
2026-10-06T06:53:28Z,emailservice,44.0,120,0.8,0.36666666666666664,0
2026-10-06T06:53:28Z,adservice,145.0,1150,0.8,0.12608695652173912,0
2026-10-06T06:53:28Z,redis-cart,31.0,540,0.8,0.05740740740740741,0
2026-10-06T06:53:29Z,frontend,350.5,1150,0.8,0.30478260869565216,0
2026-10-06T06:53:29Z,cartservice,243.0,800,0.95,0.30375,0
2026-10-06T06:53:29Z,checkoutservice,251.0,800,0.8,0.31375,0
2026-10-06T06:53:29Z,productcatalogservice,469.0,800,0.95,0.58625,0
2026-10-06T06:53:29Z,paymentservice,34.0,155,0.8,0.21935483870967742,0
2026-10-06T06:53:29Z,recommendationservice,1024.0,1150,0.8,0.8904347826086957,1
2026-10-06T06:53:29Z,shippingservice,73.0,770,0.8,0.09480519480519481,0
2026-10-06T06:53:29Z,currencyservice,396.0,770,0.8,0.5142857142857142,0
2026-10-06T06:53:29Z,emailservice,36.0,120,0.8,0.3,0
2026-10-06T06:53:29Z,adservice,127.0,1150,0.8,0.11043478260869566,0
2026-10-06T06:53:29Z,redis-cart,30.0,540,0.8,0.05555555555555555,0
2026-10-06T06:53:30Z,frontend,354.75,1150,0.8,0.3084782608695652,0
2026-10-06T06:53:30Z,cartservice,243.0,800,0.95,0.30375,0
2026-10-06T06:53:30Z,checkoutservice,513.0,800,0.8,0.64125,0
2026-10-06T06:53:30Z,productcatalogservice,504.0,800,0.95,0.63,0
2026-10-06T06:53:30Z,paymentservice,29.0,155,0.8,0.1870967741935484,0
2026-10-06T06:53:30Z,recommendationservice,1024.0,1150,0.8,0.8904347826086957,1
2026-10-06T06:53:30Z,shippingservice,73.0,770,0.8,0.09480519480519481,0
2026-10-06T06:53:30Z,currencyservice,401.0,770,0.8,0.5207792207792208,0
2026-10-06T06:53:30Z,emailservice,36.0,120,0.8,0.3,0
2026-10-06T06:53:30Z,adservice,135.0,1150,0.8,0.11739130434782609,0
2026-10-06T06:53:30Z,redis-cart,32.0,540,0.8,0.05925925925925926,0
2026-10-06T06:53:31Z,frontend,368.75,1150,0.8,0.32065217391304346,0
2026-10-06T06:53:31Z,cartservice,275.0,800,0.95,0.34375,0
2026-10-06T06:53:31Z,checkoutservice,507.0,800,0.8,0.63375,0
2026-10-06T06:53:31Z,productcatalogservice,483.0,800,0.95,0.60375,0
2026-10-06T06:53:31Z,paymentservice,32.0,155,0.8,0.2064516129032258,0
2026-10-06T06:53:31Z,recommendationservice,975.0,1150,0.8,0.8478260869565217,1
2026-10-06T06:53:31Z,shippingservice,114.0,770,0.8,0.14805194805194805,0
2026-10-06T06:53:31Z,currencyservice,437.0,770,0.8,0.5675324675324676,0
2026-10-06T06:53:31Z,emailservice,73.0,120,0.8,0.6083333333333333,0
2026-10-06T06:53:31Z,adservice,135.0,1150,0.8,0.11739130434782609,0
2026-10-06T06:53:31Z,redis-cart,32.0,540,0.8,0.05925925925925926,0
2026-10-06T06:53:32Z,frontend,367.25,1150,0.8,0.3193478260869565,0
2026-10-06T06:53:32Z,cartservice,281.0,800,0.95,0.35125,0
2026-10-06T06:53:32Z,checkoutservice,507.0,800,0.8,0.63375,0
2026-10-06T06:53:32Z,productcatalogservice,483.0,800,0.95,0.60375,0
2026-10-06T06:53:32Z,paymentservice,32.0,155,0.8,0.2064516129032258,0
2026-10-06T06:53:32Z,recommendationservice,975.0,1150,0.8,0.8478260869565217,1
2026-10-06T06:53:32Z,shippingservice,114.0,770,0.8,0.14805194805194805,0
2026-10-06T06:53:32Z,currencyservice,437.0,770,0.8,0.5675324675324676,0
2026-10-06T06:53:32Z,emailservice,73.0,120,0.8,0.6083333333333333,0
2026-10-06T06:53:32Z,adservice,180.0,1150,0.8,0.1565217391304348,0
2026-10-06T06:53:32Z,redis-cart,31.0,540,0.8,0.05740740740740741,0
2026-10-06T06:53:33Z,frontend,391.25,1150,0.8,0.3402173913043478,0
2026-10-06T06:53:33Z,cartservice,241.0,800,0.95,0.30125,0
2026-10-06T06:53:33Z,checkoutservice,487.0,800,0.8,0.60875,0
2026-10-06T06:53:33Z,productcatalogservice,500.0,800,0.95,0.625,0
2026-10-06T06:53:33Z,paymentservice,29.0,155,0.8,0.1870967741935484,0
2026-10-06T06:53:33Z,recommendationservice,984.0,1150,0.8,0.8556521739130435,1
2026-10-06T06:53:33Z,shippingservice,89.0,770,0.8,0.11558441558441558,0
2026-10-06T06:53:33Z,currencyservice,399.0,770,0.8,0.5181818181818182,0
2026-10-06T06:53:33Z,emailservice,50.0,120,0.8,0.4166666666666667,0
2026-10-06T06:53:33Z,adservice,146.0,1150,0.8,0.12695652173913044,0
2026-10-06T06:53:33Z,redis-cart,31.0,540,0.8,0.05740740740740741,0
2026-10-06T06:53:34Z,frontend,378.0,1150,0.8,0.32869565217391306,0
2026-10-06T06:53:34Z,cartservice,241.0,800,0.95,0.30125,0
2026-10-06T06:53:34Z,checkoutservice,545.0,800,0.8,0.68125,0
2026-10-06T06:53:34Z,productcatalogservice,519.0,800,0.95,0.64875,0
2026-10-06T06:53:34Z,paymentservice,35.0,155,0.8,0.22580645161290322,0
2026-10-06T06:53:34Z,recommendationservice,984.0,1150,0.8,0.8556521739130435,1
2026-10-06T06:53:34Z,shippingservice,104.0,770,0.8,0.13506493506493505,0
2026-10-06T06:53:34Z,currencyservice,409.0,770,0.8,0.5311688311688312,0
2026-10-06T06:53:34Z,emailservice,51.0,120,0.8,0.425,0
2026-10-06T06:53:34Z,adservice,148.0,1150,0.8,0.12869565217391304,0
2026-10-06T06:53:34Z,redis-cart,31.0,540,0.8,0.05740740740740741,0
2026-10-06T06:53:35Z,frontend,362.5,1150,0.8,0.31521739130434784,0
2026-10-06T06:53:35Z,cartservice,276.0,800,0.95,0.345,0
2026-10-06T06:53:35Z,checkoutservice,478.0,800,0.8,0.5975,0
2026-10-06T06:53:35Z,productcatalogservice,492.0,800,0.95,0.615,0
2026-10-06T06:53:35Z,paymentservice,35.0,155,0.8,0.22580645161290322,0
2026-10-06T06:53:35Z,recommendationservice,985.0,1150,0.8,0.8565217391304348,1
2026-10-06T06:53:35Z,shippingservice,104.0,770,0.8,0.13506493506493505,0
2026-10-06T06:53:35Z,currencyservice,409.0,770,0.8,0.5311688311688312,0
2026-10-06T06:53:35Z,emailservice,69.0,120,0.8,0.575,0
2026-10-06T06:53:35Z,adservice,148.0,1150,0.8,0.12869565217391304,0
2026-10-06T06:53:35Z,redis-cart,30.0,540,0.8,0.05555555555555555,0
2026-10-06T06:53:36Z,frontend,361.25,1150,0.8,0.3141304347826087,0
2026-10-06T06:53:36Z,cartservice,276.0,800,0.95,0.345,0
2026-10-06T06:53:36Z,checkoutservice,478.0,800,0.8,0.5975,0
2026-10-06T06:53:36Z,productcatalogservice,492.0,800,0.95,0.615,0
2026-10-06T06:53:36Z,paymentservice,31.0,155,0.8,0.2,0
2026-10-06T06:53:36Z,recommendationservice,990.0,1150,0.8,0.8608695652173913,1
2026-10-06T06:53:36Z,shippingservice,119.0,770,0.8,0.15454545454545454,0
2026-10-06T06:53:36Z,currencyservice,452.0,770,0.8,0.587012987012987,0
2026-10-06T06:53:36Z,emailservice,69.0,120,0.8,0.575,0
2026-10-06T06:53:36Z,adservice,140.0,1150,0.8,0.12173913043478261,0
2026-10-06T06:53:36Z,redis-cart,30.0,540,0.8,0.05555555555555555,0
2026-10-06T06:53:37Z,frontend,384.25,1150,0.8,0.3341304347826087,0
2026-10-06T06:53:37Z,cartservice,273.0,800,0.95,0.34125,0
2026-10-06T06:53:37Z,checkoutservice,535.0,800,0.8,0.66875,0
2026-10-06T06:53:37Z,productcatalogservice,503.0,800,0.95,0.62875,0
2026-10-06T06:53:37Z,paymentservice,30.0,155,0.8,0.1935483870967742,0
2026-10-06T06:53:37Z,recommendationservice,990.0,1150,0.8,0.8608695652173913,1
2026-10-06T06:53:37Z,shippingservice,104.0,770,0.8,0.13506493506493505,0
2026-10-06T06:53:37Z,currencyservice,452.0,770,0.8,0.587012987012987,0
2026-10-06T06:53:37Z,emailservice,51.0,120,0.8,0.425,0
2026-10-06T06:53:37Z,adservice,149.0,1150,0.8,0.12956521739130436,0
2026-10-06T06:53:37Z,redis-cart,32.0,540,0.8,0.05925925925925926,0
2026-10-06T06:53:38Z,frontend,385.25,1150,0.8,0.335,0
2026-10-06T06:53:38Z,cartservice,289.0,800,0.95,0.36125,0
2026-10-06T06:53:38Z,checkoutservice,495.0,800,0.8,0.61875,0
2026-10-06T06:53:38Z,productcatalogservice,521.0,800,0.95,0.65125,0
2026-10-06T06:53:38Z,paymentservice,30.0,155,0.8,0.1935483870967742,0
2026-10-06T06:53:38Z,recommendationservice,984.0,1150,0.8,0.8556521739130435,1
2026-10-06T06:53:38Z,shippingservice,95.0,770,0.8,0.12337662337662338,0
2026-10-06T06:53:38Z,currencyservice,409.0,770,0.8,0.5311688311688312,0
2026-10-06T06:53:38Z,emailservice,55.0,120,0.8,0.4583333333333333,0
2026-10-06T06:53:38Z,adservice,149.0,1150,0.8,0.12956521739130436,0
2026-10-06T06:53:38Z,redis-cart,31.0,540,0.8,0.05740740740740741,0
2026-10-06T06:53:39Z,frontend,368.25,1150,0.8,0.32021739130434784,0
2026-10-06T06:53:39Z,cartservice,289.0,800,0.95,0.36125,0
2026-10-06T06:53:39Z,checkoutservice,495.0,800,0.8,0.61875,0
2026-10-06T06:53:39Z,productcatalogservice,462.0,800,0.95,0.5775,0
2026-10-06T06:53:39Z,paymentservice,52.0,155,0.8,0.33548387096774196,0
2026-10-06T06:53:39Z,recommendationservice,1030.0,1150,0.8,0.8956521739130435,1
2026-10-06T06:53:39Z,shippingservice,95.0,770,0.8,0.12337662337662338,0
2026-10-06T06:53:39Z,currencyservice,426.0,770,0.8,0.5532467532467532,0
2026-10-06T06:53:39Z,emailservice,55.0,120,0.8,0.4583333333333333,0
2026-10-06T06:53:39Z,adservice,144.0,1150,0.8,0.12521739130434784,0
2026-10-06T06:53:39Z,redis-cart,33.0,540,0.8,0.06111111111111111,0
2026-10-06T06:53:40Z,frontend,375.5,1150,0.8,0.3265217391304348,0
2026-10-06T06:53:40Z,cartservice,304.0,800,0.95,0.38,0
2026-10-06T06:53:40Z,checkoutservice,442.0,800,0.8,0.5525,0
2026-10-06T06:53:40Z,productcatalogservice,507.0,800,0.95,0.63375,0
2026-10-06T06:53:40Z,paymentservice,31.0,155,0.8,0.2,0
2026-10-06T06:53:40Z,recommendationservice,1030.0,1150,0.8,0.8956521739130435,1
2026-10-06T06:53:40Z,shippingservice,88.0,770,0.8,0.11428571428571428,0
2026-10-06T06:53:40Z,currencyservice,426.0,770,0.8,0.5532467532467532,0
2026-10-06T06:53:40Z,emailservice,59.0,120,0.8,0.49166666666666664,0
2026-10-06T06:53:40Z,adservice,144.0,1150,0.8,0.12521739130434784,0
2026-10-06T06:53:40Z,redis-cart,32.0,540,0.8,0.05925925925925926,0
2026-10-06T06:53:41Z,frontend,393.75,1150,0.8,0.3423913043478261,0
2026-10-06T06:53:41Z,cartservice,327.0,800,0.95,0.40875,0
2026-10-06T06:53:41Z,checkoutservice,442.0,800,0.8,0.5525,0
2026-10-06T06:53:41Z,productcatalogservice,507.0,800,0.95,0.63375,0
2026-10-06T06:53:41Z,paymentservice,31.0,155,0.8,0.2,0
2026-10-06T06:53:41Z,recommendationservice,1001.0,1150,0.8,0.8704347826086957,1
2026-10-06T06:53:41Z,shippingservice,114.0,770,0.8,0.14805194805194805,0
2026-10-06T06:53:41Z,currencyservice,418.0,770,0.8,0.5428571428571428,0
2026-10-06T06:53:41Z,emailservice,59.0,120,0.8,0.49166666666666664,0
2026-10-06T06:53:41Z,adservice,147.0,1150,0.8,0.12782608695652173,0
2026-10-06T06:53:41Z,redis-cart,31.0,540,0.8,0.05740740740740741,0
2026-10-06T06:53:42Z,frontend,374.0,1150,0.8,0.32521739130434785,0
2026-10-06T06:53:42Z,cartservice,327.0,800,0.95,0.40875,0
2026-10-06T06:53:42Z,checkoutservice,537.0,800,0.8,0.67125,0
2026-10-06T06:53:42Z,productcatalogservice,490.0,800,0.95,0.6125,0
2026-10-06T06:53:42Z,paymentservice,26.0,155,0.8,0.16774193548387098,0
2026-10-06T06:53:42Z,recommendationservice,969.0,1150,0.8,0.8426086956521739,1
2026-10-06T06:53:42Z,shippingservice,96.0,770,0.8,0.12467532467532468,0
2026-10-06T06:53:42Z,currencyservice,416.0,770,0.8,0.5402597402597402,0
2026-10-06T06:53:42Z,emailservice,59.0,120,0.8,0.49166666666666664,0
2026-10-06T06:53:42Z,adservice,147.0,1150,0.8,0.12782608695652173,0
2026-10-06T06:53:42Z,redis-cart,31.0,540,0.8,0.05740740740740741,0
2026-10-06T06:53:43Z,frontend,370.0,1150,0.8,0.3217391304347826,0
2026-10-06T06:53:43Z,cartservice,298.0,800,0.95,0.3725,0
2026-10-06T06:53:43Z,checkoutservice,494.0,800,0.8,0.6175,0
2026-10-06T06:53:43Z,productcatalogservice,490.0,800,0.95,0.6125,0
2026-10-06T06:53:43Z,paymentservice,26.0,155,0.8,0.16774193548387098,0
2026-10-06T06:53:43Z,recommendationservice,969.0,1150,0.8,0.8426086956521739,1
2026-10-06T06:53:43Z,shippingservice,96.0,770,0.8,0.12467532467532468,0
2026-10-06T06:53:43Z,currencyservice,416.0,770,0.8,0.5402597402597402,0
2026-10-06T06:53:43Z,emailservice,53.0,120,0.8,0.44166666666666665,0
2026-10-06T06:53:43Z,adservice,149.0,1150,0.8,0.12956521739130436,0
2026-10-06T06:53:43Z,redis-cart,31.0,540,0.8,0.05740740740740741,0
2026-10-06T06:53:44Z,frontend,369.0,1150,0.8,0.3208695652173913,0
2026-10-06T06:53:44Z,cartservice,364.0,800,0.95,0.455,0
2026-10-06T06:53:44Z,checkoutservice,494.0,800,0.8,0.6175,0
2026-10-06T06:53:44Z,productcatalogservice,483.0,800,0.95,0.60375,0
2026-10-06T06:53:44Z,paymentservice,28.0,155,0.8,0.18064516129032257,0
2026-10-06T06:53:44Z,recommendationservice,1012.0,1150,0.8,0.88,1
2026-10-06T06:53:44Z,shippingservice,94.0,770,0.8,0.12207792207792208,0
2026-10-06T06:53:44Z,currencyservice,425.0,770,0.8,0.551948051948052,0
2026-10-06T06:53:44Z,emailservice,53.0,120,0.8,0.44166666666666665,0
2026-10-06T06:53:44Z,adservice,142.0,1150,0.8,0.12347826086956522,0
2026-10-06T06:53:44Z,redis-cart,31.0,540,0.8,0.05740740740740741,0
2026-10-06T06:53:45Z,frontend,368.75,1150,0.8,0.32065217391304346,0
2026-10-06T06:53:45Z,cartservice,364.0,800,0.95,0.455,0
2026-10-06T06:53:45Z,checkoutservice,455.0,800,0.8,0.56875,0
2026-10-06T06:53:45Z,productcatalogservice,485.0,800,0.95,0.60625,0
2026-10-06T06:53:45Z,paymentservice,25.0,155,0.8,0.16129032258064516,0
2026-10-06T06:53:45Z,recommendationservice,982.0,1150,0.8,0.8539130434782609,1
2026-10-06T06:53:45Z,shippingservice,94.0,770,0.8,0.12207792207792208,0
2026-10-06T06:53:45Z,currencyservice,425.0,770,0.8,0.551948051948052,0
2026-10-06T06:53:45Z,emailservice,59.0,120,0.8,0.49166666666666664,0
2026-10-06T06:53:45Z,adservice,154.0,1150,0.8,0.13391304347826086,0
2026-10-06T06:53:45Z,redis-cart,31.0,540,0.8,0.05740740740740741,0
2026-10-06T06:53:46Z,frontend,364.25,1150,0.8,0.31673913043478263,0
2026-10-06T06:53:46Z,cartservice,285.0,800,0.95,0.35625,0
2026-10-06T06:53:46Z,checkoutservice,406.0,800,0.8,0.5075,0
2026-10-06T06:53:46Z,productcatalogservice,479.0,800,0.95,0.59875,0
2026-10-06T06:53:46Z,paymentservice,25.0,155,0.8,0.16129032258064516,0
2026-10-06T06:53:46Z,recommendationservice,982.0,1150,0.8,0.8539130434782609,1
2026-10-06T06:53:46Z,shippingservice,104.0,770,0.8,0.13506493506493505,0
2026-10-06T06:53:46Z,currencyservice,441.0,770,0.8,0.5727272727272728,0
2026-10-06T06:53:46Z,emailservice,43.0,120,0.8,0.35833333333333334,0
2026-10-06T06:53:46Z,adservice,154.0,1150,0.8,0.13391304347826086,0
2026-10-06T06:53:46Z,redis-cart,31.0,540,0.8,0.05740740740740741,0
2026-10-06T06:53:47Z,frontend,354.25,1150,0.8,0.3080434782608696,0
2026-10-06T06:53:47Z,cartservice,312.0,800,0.95,0.39,0
2026-10-06T06:53:47Z,checkoutservice,499.0,800,0.8,0.62375,0
2026-10-06T06:53:47Z,productcatalogservice,479.0,800,0.95,0.59875,0
2026-10-06T06:53:47Z,paymentservice,27.0,155,0.8,0.17419354838709677,0
2026-10-06T06:53:47Z,recommendationservice,1015.0,1150,0.8,0.8826086956521739,1
2026-10-06T06:53:47Z,shippingservice,93.0,770,0.8,0.12077922077922078,0
2026-10-06T06:53:47Z,currencyservice,394.0,770,0.8,0.5116883116883116,0
2026-10-06T06:53:47Z,emailservice,43.0,120,0.8,0.35833333333333334,0
2026-10-06T06:53:47Z,adservice,138.0,1150,0.8,0.12,0
2026-10-06T06:53:47Z,redis-cart,31.0,540,0.8,0.05740740740740741,0
2026-10-06T06:53:48Z,frontend,369.25,1150,0.8,0.32108695652173913,0
2026-10-06T06:53:48Z,cartservice,325.0,800,0.95,0.40625,0
2026-10-06T06:53:48Z,checkoutservice,518.0,800,0.8,0.6475,0
2026-10-06T06:53:48Z,productcatalogservice,482.0,800,0.95,0.6025,0
2026-10-06T06:53:48Z,paymentservice,32.0,155,0.8,0.2064516129032258,0
2026-10-06T06:53:48Z,recommendationservice,1015.0,1150,0.8,0.8826086956521739,1
2026-10-06T06:53:48Z,shippingservice,102.0,770,0.8,0.13246753246753246,0
2026-10-06T06:53:48Z,currencyservice,394.0,770,0.8,0.5116883116883116,0
2026-10-06T06:53:48Z,emailservice,62.0,120,0.8,0.5166666666666667,0
2026-10-06T06:53:48Z,adservice,138.0,1150,0.8,0.12,0
2026-10-06T06:53:48Z,redis-cart,33.0,540,0.8,0.06111111111111111,0
2026-10-06T06:53:49Z,frontend,380.5,1150,0.8,0.3308695652173913,0
2026-10-06T06:53:49Z,cartservice,325.0,800,0.95,0.40625,0
2026-10-06T06:53:49Z,checkoutservice,518.0,800,0.8,0.6475,0
2026-10-06T06:53:49Z,productcatalogservice,521.0,800,0.95,0.65125,0
2026-10-06T06:53:49Z,paymentservice,32.0,155,0.8,0.2064516129032258,0
2026-10-06T06:53:49Z,recommendationservice,954.0,1150,0.8,0.8295652173913044,1
2026-10-06T06:53:49Z,shippingservice,102.0,770,0.8,0.13246753246753246,0
2026-10-06T06:53:49Z,currencyservice,421.0,770,0.8,0.5467532467532468,0
2026-10-06T06:53:49Z,emailservice,78.0,120,0.8,0.65,0
2026-10-06T06:53:49Z,adservice,133.0,1150,0.8,0.11565217391304349,0
2026-10-06T06:53:49Z,redis-cart,33.0,540,0.8,0.06111111111111111,0
2026-10-06T06:53:50Z,frontend,374.25,1150,0.8,0.3254347826086956,0
2026-10-06T06:53:50Z,cartservice,327.0,800,0.95,0.40875,0
2026-10-06T06:53:50Z,checkoutservice,547.0,800,0.8,0.68375,0
2026-10-06T06:53:50Z,productcatalogservice,521.0,800,0.95,0.65125,0
2026-10-06T06:53:50Z,paymentservice,49.0,155,0.8,0.3161290322580645,0
2026-10-06T06:53:50Z,recommendationservice,1012.0,1150,0.8,0.88,1
2026-10-06T06:53:50Z,shippingservice,102.0,770,0.8,0.13246753246753246,0
2026-10-06T06:53:50Z,currencyservice,421.0,770,0.8,0.5467532467532468,0
2026-10-06T06:53:50Z,emailservice,52.0,120,0.8,0.43333333333333335,0
2026-10-06T06:53:50Z,adservice,153.0,1150,0.8,0.13304347826086957,0
2026-10-06T06:53:50Z,redis-cart,33.0,540,0.8,0.06111111111111111,0
2026-10-06T06:53:51Z,frontend,373.5,1150,0.8,0.3247826086956522,0
2026-10-06T06:53:51Z,cartservice,312.0,800,0.95,0.39,0
2026-10-06T06:53:51Z,checkoutservice,547.0,800,0.8,0.68375,0
2026-10-06T06:53:51Z,productcatalogservice,499.0,800,0.95,0.62375,0
2026-10-06T06:53:51Z,paymentservice,29.0,155,0.8,0.1870967741935484,0
2026-10-06T06:53:51Z,recommendationservice,963.0,1150,0.8,0.837391304347826,1
2026-10-06T06:53:51Z,shippingservice,109.0,770,0.8,0.14155844155844155,0
2026-10-06T06:53:51Z,currencyservice,447.0,770,0.8,0.5805194805194805,0
2026-10-06T06:53:51Z,emailservice,52.0,120,0.8,0.43333333333333335,0
2026-10-06T06:53:51Z,adservice,153.0,1150,0.8,0.13304347826086957,0
2026-10-06T06:53:51Z,redis-cart,33.0,540,0.8,0.06111111111111111,0
2026-10-06T06:53:52Z,frontend,359.0,1150,0.8,0.31217391304347825,0
2026-10-06T06:53:52Z,cartservice,310.0,800,0.95,0.3875,0
2026-10-06T06:53:52Z,checkoutservice,513.0,800,0.8,0.64125,0
2026-10-06T06:53:52Z,productcatalogservice,522.0,800,0.95,0.6525,0
2026-10-06T06:53:52Z,paymentservice,29.0,155,0.8,0.1870967741935484,0
2026-10-06T06:53:52Z,recommendationservice,963.0,1150,0.8,0.837391304347826,1
2026-10-06T06:53:52Z,shippingservice,109.0,770,0.8,0.14155844155844155,0
2026-10-06T06:53:52Z,currencyservice,410.0,770,0.8,0.5324675324675324,0
2026-10-06T06:53:52Z,emailservice,57.0,120,0.8,0.475,0
2026-10-06T06:53:52Z,adservice,151.0,1150,0.8,0.13130434782608696,0
2026-10-06T06:53:52Z,redis-cart,32.0,540,0.8,0.05925925925925926,0
2026-10-06T06:53:53Z,frontend,370.25,1150,0.8,0.3219565217391304,0
2026-10-06T06:53:53Z,cartservice,303.0,800,0.95,0.37875,0
2026-10-06T06:53:53Z,checkoutservice,513.0,800,0.8,0.64125,0
2026-10-06T06:53:53Z,productcatalogservice,522.0,800,0.95,0.6525,0
2026-10-06T06:53:53Z,paymentservice,27.0,155,0.8,0.17419354838709677,0
2026-10-06T06:53:53Z,recommendationservice,1022.0,1150,0.8,0.888695652173913,1
2026-10-06T06:53:53Z,shippingservice,92.0,770,0.8,0.11948051948051948,0
2026-10-06T06:53:53Z,currencyservice,410.0,770,0.8,0.5324675324675324,0
2026-10-06T06:53:53Z,emailservice,41.0,120,0.8,0.3416666666666667,0
2026-10-06T06:53:53Z,adservice,136.0,1150,0.8,0.11826086956521739,0
2026-10-06T06:53:53Z,redis-cart,29.0,540,0.8,0.053703703703703705,0
2026-10-06T06:53:54Z,frontend,276.0,1150,0.8,0.24,0
2026-10-06T06:53:54Z,cartservice,303.0,800,0.95,0.37875,0
2026-10-06T06:53:54Z,checkoutservice,305.0,800,0.8,0.38125,0
2026-10-06T06:53:54Z,productcatalogservice,390.0,800,0.95,0.4875,0
2026-10-06T06:53:54Z,paymentservice,27.0,155,0.8,0.17419354838709677,0
2026-10-06T06:53:54Z,recommendationservice,1022.0,1150,0.8,0.888695652173913,1
2026-10-06T06:53:54Z,shippingservice,48.0,770,0.8,0.06233766233766234,0
2026-10-06T06:53:54Z,currencyservice,328.0,770,0.8,0.42597402597402595,0
2026-10-06T06:53:54Z,emailservice,41.0,120,0.8,0.3416666666666667,0
2026-10-06T06:53:54Z,adservice,56.0,1150,0.8,0.04869565217391304,0
2026-10-06T06:53:54Z,redis-cart,29.0,540,0.8,0.053703703703703705,0
2026-10-06T06:53:55Z,frontend,87.66666666666667,1150,0.8,0.07623188405797102,0
2026-10-06T06:53:55Z,cartservice,21.0,800,0.95,0.02625,0
2026-10-06T06:53:55Z,checkoutservice,11.0,800,0.8,0.01375,0
2026-10-06T06:53:55Z,productcatalogservice,0.0,800,0.95,0.0,0
2026-10-06T06:53:55Z,paymentservice,0.0,155,0.8,0.0,0
2026-10-06T06:53:55Z,recommendationservice,261.0,1150,0.8,0.22695652173913045,0
2026-10-06T06:53:55Z,shippingservice,48.0,770,0.8,0.06233766233766234,0
2026-10-06T06:53:55Z,currencyservice,17.0,770,0.8,0.02207792207792208,0
2026-10-06T06:53:55Z,emailservice,27.0,120,0.8,0.225,0
2026-10-06T06:53:55Z,adservice,23.0,1150,0.8,0.02,0
2026-10-06T06:53:55Z,redis-cart,9.0,540,0.8,0.016666666666666666,0
