2026-09-23T20:14:07Z  WAITING  for /home/idozacharia/TopFull/TopFull_master/online_boutique_scripts/src/logs/service_inbound.csv (timeout=60s)
2026-09-23T20:14:07Z  READY  found service_inbound.csv (924 rows)
2026-09-23T20:14:07Z  START  threshold=0.20 sample_interval=1s interval_samples=30 (30s) services=['adservice', 'cartservice', 'checkoutservice', 'currencyservice', 'emailservice', 'paymentservice', 'productcatalogservice', 'recommendationservice', 'shippingservice']
2026-09-23T20:14:08Z  SKIP  adservice  no metric data this sample
2026-09-23T20:14:08Z  SKIP  cartservice  no metric data this sample
2026-09-23T20:14:08Z  SKIP  checkoutservice  no metric data this sample
2026-09-23T20:14:08Z  SKIP  currencyservice  no metric data this sample
2026-09-23T20:14:08Z  SKIP  emailservice  no metric data this sample
2026-09-23T20:14:08Z  SKIP  paymentservice  no metric data this sample
2026-09-23T20:14:08Z  SKIP  productcatalogservice  no metric data this sample
2026-09-23T20:14:08Z  SKIP  recommendationservice  no metric data this sample
2026-09-23T20:14:08Z  SKIP  shippingservice  no metric data this sample
2026-09-23T20:14:09Z  OBSERVE  adservice  rejection=0.0000  low=1 high=0  state=ON
2026-09-23T20:14:09Z  OBSERVE  cartservice  rejection=0.0000  low=1 high=0  state=ON
2026-09-23T20:14:09Z  OBSERVE  checkoutservice  rejection=0.0000  low=1 high=0  state=ON
2026-09-23T20:14:09Z  OBSERVE  currencyservice  rejection=0.0000  low=1 high=0  state=ON
2026-09-23T20:14:09Z  OBSERVE  emailservice  rejection=0.0000  low=1 high=0  state=ON
2026-09-23T20:14:09Z  OBSERVE  paymentservice  rejection=0.0000  low=1 high=0  state=ON
2026-09-23T20:14:09Z  OBSERVE  productcatalogservice  rejection=0.0000  low=1 high=0  state=ON
2026-09-23T20:14:09Z  OBSERVE  recommendationservice  rejection=0.0000  low=1 high=0  state=ON
2026-09-23T20:14:09Z  OBSERVE  shippingservice  rejection=0.0000  low=1 high=0  state=ON
2026-09-23T20:14:10Z  OBSERVE  adservice  rejection=0.0000  low=2 high=0  state=ON
2026-09-23T20:14:10Z  OBSERVE  cartservice  rejection=0.0000  low=2 high=0  state=ON
2026-09-23T20:14:10Z  OBSERVE  checkoutservice  rejection=0.0000  low=2 high=0  state=ON
2026-09-23T20:14:10Z  OBSERVE  currencyservice  rejection=0.0000  low=2 high=0  state=ON
2026-09-23T20:14:10Z  OBSERVE  emailservice  rejection=0.0000  low=2 high=0  state=ON
2026-09-23T20:14:10Z  OBSERVE  paymentservice  rejection=0.0000  low=2 high=0  state=ON
2026-09-23T20:14:10Z  OBSERVE  productcatalogservice  rejection=0.0000  low=2 high=0  state=ON
2026-09-23T20:14:10Z  OBSERVE  recommendationservice  rejection=0.0000  low=2 high=0  state=ON
2026-09-23T20:14:10Z  OBSERVE  shippingservice  rejection=0.0000  low=2 high=0  state=ON
2026-09-23T20:14:11Z  OBSERVE  adservice  rejection=0.0000  low=3 high=0  state=ON
2026-09-23T20:14:11Z  OBSERVE  cartservice  rejection=0.0000  low=3 high=0  state=ON
2026-09-23T20:14:11Z  OBSERVE  checkoutservice  rejection=0.0000  low=3 high=0  state=ON
2026-09-23T20:14:11Z  OBSERVE  currencyservice  rejection=0.0000  low=3 high=0  state=ON
2026-09-23T20:14:11Z  OBSERVE  emailservice  rejection=0.0000  low=3 high=0  state=ON
2026-09-23T20:14:11Z  OBSERVE  paymentservice  rejection=0.0000  low=3 high=0  state=ON
2026-09-23T20:14:11Z  OBSERVE  productcatalogservice  rejection=0.0000  low=3 high=0  state=ON
2026-09-23T20:14:11Z  OBSERVE  recommendationservice  rejection=0.0000  low=3 high=0  state=ON
2026-09-23T20:14:11Z  OBSERVE  shippingservice  rejection=0.0000  low=3 high=0  state=ON
2026-09-23T20:14:12Z  OBSERVE  adservice  rejection=0.0000  low=4 high=0  state=ON
2026-09-23T20:14:12Z  OBSERVE  cartservice  rejection=0.0000  low=4 high=0  state=ON
2026-09-23T20:14:12Z  OBSERVE  checkoutservice  rejection=0.0000  low=4 high=0  state=ON
2026-09-23T20:14:12Z  OBSERVE  currencyservice  rejection=0.0000  low=4 high=0  state=ON
2026-09-23T20:14:12Z  OBSERVE  emailservice  rejection=0.0000  low=4 high=0  state=ON
2026-09-23T20:14:12Z  OBSERVE  paymentservice  rejection=0.0000  low=4 high=0  state=ON
2026-09-23T20:14:12Z  OBSERVE  productcatalogservice  rejection=0.0000  low=4 high=0  state=ON
2026-09-23T20:14:12Z  OBSERVE  recommendationservice  rejection=0.0000  low=4 high=0  state=ON
2026-09-23T20:14:12Z  OBSERVE  shippingservice  rejection=0.0000  low=4 high=0  state=ON
2026-09-23T20:14:13Z  OBSERVE  adservice  rejection=0.0000  low=5 high=0  state=ON
2026-09-23T20:14:13Z  OBSERVE  cartservice  rejection=0.0000  low=5 high=0  state=ON
2026-09-23T20:14:13Z  OBSERVE  checkoutservice  rejection=0.0000  low=5 high=0  state=ON
2026-09-23T20:14:13Z  OBSERVE  currencyservice  rejection=0.0000  low=5 high=0  state=ON
2026-09-23T20:14:13Z  OBSERVE  emailservice  rejection=0.0000  low=5 high=0  state=ON
2026-09-23T20:14:13Z  OBSERVE  paymentservice  rejection=0.0000  low=5 high=0  state=ON
2026-09-23T20:14:13Z  OBSERVE  productcatalogservice  rejection=0.0000  low=5 high=0  state=ON
2026-09-23T20:14:13Z  OBSERVE  recommendationservice  rejection=0.0000  low=5 high=0  state=ON
2026-09-23T20:14:13Z  OBSERVE  shippingservice  rejection=0.0000  low=5 high=0  state=ON
2026-09-23T20:14:14Z  OBSERVE  adservice  rejection=0.0000  low=6 high=0  state=ON
2026-09-23T20:14:14Z  OBSERVE  cartservice  rejection=0.0000  low=6 high=0  state=ON
2026-09-23T20:14:14Z  OBSERVE  checkoutservice  rejection=0.0000  low=6 high=0  state=ON
2026-09-23T20:14:14Z  OBSERVE  currencyservice  rejection=0.0000  low=6 high=0  state=ON
2026-09-23T20:14:14Z  OBSERVE  emailservice  rejection=0.0000  low=6 high=0  state=ON
2026-09-23T20:14:14Z  OBSERVE  paymentservice  rejection=0.0000  low=6 high=0  state=ON
2026-09-23T20:14:14Z  OBSERVE  productcatalogservice  rejection=0.0000  low=6 high=0  state=ON
2026-09-23T20:14:14Z  OBSERVE  recommendationservice  rejection=0.0000  low=6 high=0  state=ON
2026-09-23T20:14:14Z  OBSERVE  shippingservice  rejection=0.0000  low=6 high=0  state=ON
2026-09-23T20:14:15Z  OBSERVE  adservice  rejection=0.0000  low=7 high=0  state=ON
2026-09-23T20:14:15Z  OBSERVE  cartservice  rejection=0.0000  low=7 high=0  state=ON
2026-09-23T20:14:15Z  OBSERVE  checkoutservice  rejection=0.0000  low=7 high=0  state=ON
2026-09-23T20:14:15Z  OBSERVE  currencyservice  rejection=0.0000  low=7 high=0  state=ON
2026-09-23T20:14:15Z  OBSERVE  emailservice  rejection=0.0000  low=7 high=0  state=ON
2026-09-23T20:14:15Z  OBSERVE  paymentservice  rejection=0.0000  low=7 high=0  state=ON
2026-09-23T20:14:15Z  OBSERVE  productcatalogservice  rejection=0.0000  low=7 high=0  state=ON
2026-09-23T20:14:15Z  OBSERVE  recommendationservice  rejection=0.0000  low=7 high=0  state=ON
2026-09-23T20:14:15Z  OBSERVE  shippingservice  rejection=0.0000  low=7 high=0  state=ON
2026-09-23T20:14:16Z  OBSERVE  adservice  rejection=0.0000  low=8 high=0  state=ON
2026-09-23T20:14:16Z  OBSERVE  cartservice  rejection=0.0000  low=8 high=0  state=ON
2026-09-23T20:14:16Z  OBSERVE  checkoutservice  rejection=0.0000  low=8 high=0  state=ON
2026-09-23T20:14:16Z  OBSERVE  currencyservice  rejection=0.0000  low=8 high=0  state=ON
2026-09-23T20:14:16Z  OBSERVE  emailservice  rejection=0.0000  low=8 high=0  state=ON
2026-09-23T20:14:16Z  OBSERVE  paymentservice  rejection=0.0000  low=8 high=0  state=ON
2026-09-23T20:14:16Z  OBSERVE  productcatalogservice  rejection=0.0000  low=8 high=0  state=ON
2026-09-23T20:14:16Z  OBSERVE  recommendationservice  rejection=0.0000  low=8 high=0  state=ON
2026-09-23T20:14:16Z  OBSERVE  shippingservice  rejection=0.0000  low=8 high=0  state=ON
2026-09-23T20:14:17Z  OBSERVE  adservice  rejection=0.0000  low=9 high=0  state=ON
2026-09-23T20:14:17Z  OBSERVE  cartservice  rejection=0.0000  low=9 high=0  state=ON
2026-09-23T20:14:17Z  OBSERVE  checkoutservice  rejection=0.0000  low=9 high=0  state=ON
2026-09-23T20:14:17Z  OBSERVE  currencyservice  rejection=0.0000  low=9 high=0  state=ON
2026-09-23T20:14:17Z  OBSERVE  emailservice  rejection=0.0000  low=9 high=0  state=ON
2026-09-23T20:14:17Z  OBSERVE  paymentservice  rejection=0.0000  low=9 high=0  state=ON
2026-09-23T20:14:17Z  OBSERVE  productcatalogservice  rejection=0.0000  low=9 high=0  state=ON
2026-09-23T20:14:17Z  OBSERVE  recommendationservice  rejection=0.0000  low=9 high=0  state=ON
2026-09-23T20:14:17Z  OBSERVE  shippingservice  rejection=0.0000  low=9 high=0  state=ON
2026-09-23T20:14:18Z  OBSERVE  adservice  rejection=0.0000  low=10 high=0  state=ON
2026-09-23T20:14:18Z  OBSERVE  cartservice  rejection=0.0000  low=10 high=0  state=ON
2026-09-23T20:14:18Z  OBSERVE  checkoutservice  rejection=0.0000  low=10 high=0  state=ON
2026-09-23T20:14:18Z  OBSERVE  currencyservice  rejection=0.0000  low=10 high=0  state=ON
2026-09-23T20:14:18Z  OBSERVE  emailservice  rejection=0.0000  low=10 high=0  state=ON
2026-09-23T20:14:18Z  OBSERVE  paymentservice  rejection=0.0000  low=10 high=0  state=ON
2026-09-23T20:14:18Z  OBSERVE  productcatalogservice  rejection=0.0000  low=10 high=0  state=ON
2026-09-23T20:14:18Z  OBSERVE  recommendationservice  rejection=0.0000  low=10 high=0  state=ON
2026-09-23T20:14:18Z  OBSERVE  shippingservice  rejection=0.0000  low=10 high=0  state=ON
2026-09-23T20:14:19Z  OBSERVE  adservice  rejection=0.0000  low=11 high=0  state=ON
2026-09-23T20:14:19Z  OBSERVE  cartservice  rejection=0.0000  low=11 high=0  state=ON
2026-09-23T20:14:19Z  OBSERVE  checkoutservice  rejection=0.0000  low=11 high=0  state=ON
2026-09-23T20:14:19Z  OBSERVE  currencyservice  rejection=0.0000  low=11 high=0  state=ON
2026-09-23T20:14:19Z  OBSERVE  emailservice  rejection=0.0000  low=11 high=0  state=ON
2026-09-23T20:14:19Z  OBSERVE  paymentservice  rejection=0.0000  low=11 high=0  state=ON
2026-09-23T20:14:19Z  OBSERVE  productcatalogservice  rejection=0.0000  low=11 high=0  state=ON
2026-09-23T20:14:19Z  OBSERVE  recommendationservice  rejection=0.0000  low=11 high=0  state=ON
2026-09-23T20:14:19Z  OBSERVE  shippingservice  rejection=0.0000  low=11 high=0  state=ON
2026-09-23T20:14:20Z  OBSERVE  adservice  rejection=0.0000  low=12 high=0  state=ON
2026-09-23T20:14:20Z  OBSERVE  cartservice  rejection=0.0000  low=12 high=0  state=ON
2026-09-23T20:14:20Z  OBSERVE  checkoutservice  rejection=0.0000  low=12 high=0  state=ON
2026-09-23T20:14:20Z  OBSERVE  currencyservice  rejection=0.0000  low=12 high=0  state=ON
2026-09-23T20:14:20Z  OBSERVE  emailservice  rejection=0.0000  low=12 high=0  state=ON
2026-09-23T20:14:20Z  OBSERVE  paymentservice  rejection=0.0000  low=12 high=0  state=ON
2026-09-23T20:14:20Z  OBSERVE  productcatalogservice  rejection=0.0000  low=12 high=0  state=ON
2026-09-23T20:14:20Z  OBSERVE  recommendationservice  rejection=0.0000  low=12 high=0  state=ON
2026-09-23T20:14:20Z  OBSERVE  shippingservice  rejection=0.0000  low=12 high=0  state=ON
2026-09-23T20:14:21Z  OBSERVE  adservice  rejection=0.0000  low=13 high=0  state=ON
2026-09-23T20:14:21Z  OBSERVE  cartservice  rejection=0.0000  low=13 high=0  state=ON
2026-09-23T20:14:21Z  OBSERVE  checkoutservice  rejection=0.0000  low=13 high=0  state=ON
2026-09-23T20:14:21Z  OBSERVE  currencyservice  rejection=0.0000  low=13 high=0  state=ON
2026-09-23T20:14:21Z  OBSERVE  emailservice  rejection=0.0000  low=13 high=0  state=ON
2026-09-23T20:14:21Z  OBSERVE  paymentservice  rejection=0.0000  low=13 high=0  state=ON
2026-09-23T20:14:21Z  OBSERVE  productcatalogservice  rejection=0.0000  low=13 high=0  state=ON
2026-09-23T20:14:21Z  OBSERVE  recommendationservice  rejection=0.0000  low=13 high=0  state=ON
2026-09-23T20:14:21Z  OBSERVE  shippingservice  rejection=0.0000  low=13 high=0  state=ON
2026-09-23T20:14:22Z  OBSERVE  adservice  rejection=0.0000  low=14 high=0  state=ON
2026-09-23T20:14:22Z  OBSERVE  cartservice  rejection=0.0000  low=14 high=0  state=ON
2026-09-23T20:14:22Z  OBSERVE  checkoutservice  rejection=0.0000  low=14 high=0  state=ON
2026-09-23T20:14:22Z  OBSERVE  currencyservice  rejection=0.0000  low=14 high=0  state=ON
2026-09-23T20:14:22Z  OBSERVE  emailservice  rejection=0.0000  low=14 high=0  state=ON
2026-09-23T20:14:22Z  OBSERVE  paymentservice  rejection=0.0000  low=14 high=0  state=ON
2026-09-23T20:14:22Z  OBSERVE  productcatalogservice  rejection=0.0000  low=14 high=0  state=ON
2026-09-23T20:14:22Z  OBSERVE  recommendationservice  rejection=0.0000  low=14 high=0  state=ON
2026-09-23T20:14:22Z  OBSERVE  shippingservice  rejection=0.0000  low=14 high=0  state=ON
2026-09-23T20:14:23Z  OBSERVE  adservice  rejection=0.0000  low=15 high=0  state=ON
2026-09-23T20:14:23Z  OBSERVE  cartservice  rejection=0.0000  low=15 high=0  state=ON
2026-09-23T20:14:23Z  OBSERVE  checkoutservice  rejection=0.0000  low=15 high=0  state=ON
2026-09-23T20:14:23Z  OBSERVE  currencyservice  rejection=0.0000  low=15 high=0  state=ON
2026-09-23T20:14:23Z  OBSERVE  emailservice  rejection=0.0000  low=15 high=0  state=ON
2026-09-23T20:14:23Z  OBSERVE  paymentservice  rejection=0.0000  low=15 high=0  state=ON
2026-09-23T20:14:23Z  OBSERVE  productcatalogservice  rejection=0.0000  low=15 high=0  state=ON
2026-09-23T20:14:23Z  OBSERVE  recommendationservice  rejection=0.0000  low=15 high=0  state=ON
2026-09-23T20:14:23Z  OBSERVE  shippingservice  rejection=0.0000  low=15 high=0  state=ON
2026-09-23T20:14:24Z  OBSERVE  adservice  rejection=0.0000  low=16 high=0  state=ON
2026-09-23T20:14:24Z  OBSERVE  cartservice  rejection=0.0000  low=16 high=0  state=ON
2026-09-23T20:14:24Z  OBSERVE  checkoutservice  rejection=0.0000  low=16 high=0  state=ON
2026-09-23T20:14:24Z  OBSERVE  currencyservice  rejection=0.0000  low=16 high=0  state=ON
2026-09-23T20:14:24Z  OBSERVE  emailservice  rejection=0.0000  low=16 high=0  state=ON
2026-09-23T20:14:24Z  OBSERVE  paymentservice  rejection=0.0000  low=16 high=0  state=ON
2026-09-23T20:14:24Z  OBSERVE  productcatalogservice  rejection=0.0000  low=16 high=0  state=ON
2026-09-23T20:14:24Z  OBSERVE  recommendationservice  rejection=0.0000  low=16 high=0  state=ON
2026-09-23T20:14:24Z  OBSERVE  shippingservice  rejection=0.0000  low=16 high=0  state=ON
2026-09-23T20:14:25Z  OBSERVE  adservice  rejection=0.0000  low=17 high=0  state=ON
2026-09-23T20:14:25Z  OBSERVE  cartservice  rejection=0.0000  low=17 high=0  state=ON
2026-09-23T20:14:25Z  OBSERVE  checkoutservice  rejection=0.0000  low=17 high=0  state=ON
2026-09-23T20:14:25Z  OBSERVE  currencyservice  rejection=0.0000  low=17 high=0  state=ON
2026-09-23T20:14:25Z  OBSERVE  emailservice  rejection=0.0000  low=17 high=0  state=ON
2026-09-23T20:14:25Z  OBSERVE  paymentservice  rejection=0.0000  low=17 high=0  state=ON
2026-09-23T20:14:25Z  OBSERVE  productcatalogservice  rejection=0.0000  low=17 high=0  state=ON
2026-09-23T20:14:25Z  OBSERVE  recommendationservice  rejection=0.0000  low=17 high=0  state=ON
2026-09-23T20:14:25Z  OBSERVE  shippingservice  rejection=0.0000  low=17 high=0  state=ON
2026-09-23T20:14:26Z  OBSERVE  adservice  rejection=0.0000  low=18 high=0  state=ON
2026-09-23T20:14:26Z  OBSERVE  cartservice  rejection=0.0000  low=18 high=0  state=ON
2026-09-23T20:14:26Z  OBSERVE  checkoutservice  rejection=0.0000  low=18 high=0  state=ON
2026-09-23T20:14:26Z  OBSERVE  currencyservice  rejection=0.0000  low=18 high=0  state=ON
2026-09-23T20:14:26Z  OBSERVE  emailservice  rejection=0.0000  low=18 high=0  state=ON
2026-09-23T20:14:26Z  OBSERVE  paymentservice  rejection=0.0000  low=18 high=0  state=ON
2026-09-23T20:14:26Z  OBSERVE  productcatalogservice  rejection=0.0000  low=18 high=0  state=ON
2026-09-23T20:14:26Z  OBSERVE  recommendationservice  rejection=0.0000  low=18 high=0  state=ON
2026-09-23T20:14:26Z  OBSERVE  shippingservice  rejection=0.0000  low=18 high=0  state=ON
2026-09-23T20:14:27Z  OBSERVE  adservice  rejection=0.0000  low=19 high=0  state=ON
2026-09-23T20:14:27Z  OBSERVE  cartservice  rejection=0.0000  low=19 high=0  state=ON
2026-09-23T20:14:27Z  OBSERVE  checkoutservice  rejection=0.0000  low=19 high=0  state=ON
2026-09-23T20:14:27Z  OBSERVE  currencyservice  rejection=0.0000  low=19 high=0  state=ON
2026-09-23T20:14:27Z  OBSERVE  emailservice  rejection=0.0000  low=19 high=0  state=ON
2026-09-23T20:14:27Z  OBSERVE  paymentservice  rejection=0.0000  low=19 high=0  state=ON
2026-09-23T20:14:27Z  OBSERVE  productcatalogservice  rejection=0.0000  low=19 high=0  state=ON
2026-09-23T20:14:27Z  OBSERVE  recommendationservice  rejection=0.0000  low=19 high=0  state=ON
2026-09-23T20:14:27Z  OBSERVE  shippingservice  rejection=0.0000  low=19 high=0  state=ON
2026-09-23T20:14:28Z  OBSERVE  adservice  rejection=0.0000  low=20 high=0  state=ON
2026-09-23T20:14:28Z  OBSERVE  cartservice  rejection=0.0000  low=20 high=0  state=ON
2026-09-23T20:14:28Z  OBSERVE  checkoutservice  rejection=0.0000  low=20 high=0  state=ON
2026-09-23T20:14:28Z  OBSERVE  currencyservice  rejection=0.0000  low=20 high=0  state=ON
2026-09-23T20:14:28Z  OBSERVE  emailservice  rejection=0.0000  low=20 high=0  state=ON
2026-09-23T20:14:28Z  OBSERVE  paymentservice  rejection=0.0000  low=20 high=0  state=ON
2026-09-23T20:14:28Z  OBSERVE  productcatalogservice  rejection=0.0000  low=20 high=0  state=ON
2026-09-23T20:14:28Z  OBSERVE  recommendationservice  rejection=0.0000  low=20 high=0  state=ON
2026-09-23T20:14:28Z  OBSERVE  shippingservice  rejection=0.0000  low=20 high=0  state=ON
2026-09-23T20:14:29Z  OBSERVE  adservice  rejection=0.0000  low=21 high=0  state=ON
2026-09-23T20:14:29Z  OBSERVE  cartservice  rejection=0.0000  low=21 high=0  state=ON
2026-09-23T20:14:29Z  OBSERVE  checkoutservice  rejection=0.0000  low=21 high=0  state=ON
2026-09-23T20:14:29Z  OBSERVE  currencyservice  rejection=0.0000  low=21 high=0  state=ON
2026-09-23T20:14:29Z  OBSERVE  emailservice  rejection=0.0000  low=21 high=0  state=ON
2026-09-23T20:14:29Z  OBSERVE  paymentservice  rejection=0.0000  low=21 high=0  state=ON
2026-09-23T20:14:29Z  OBSERVE  productcatalogservice  rejection=0.0000  low=21 high=0  state=ON
2026-09-23T20:14:29Z  OBSERVE  recommendationservice  rejection=0.0000  low=21 high=0  state=ON
2026-09-23T20:14:29Z  OBSERVE  shippingservice  rejection=0.0000  low=21 high=0  state=ON
2026-09-23T20:14:30Z  OBSERVE  adservice  rejection=0.0000  low=22 high=0  state=ON
2026-09-23T20:14:30Z  OBSERVE  cartservice  rejection=0.0000  low=22 high=0  state=ON
2026-09-23T20:14:30Z  OBSERVE  checkoutservice  rejection=0.0000  low=22 high=0  state=ON
2026-09-23T20:14:30Z  OBSERVE  currencyservice  rejection=0.0000  low=22 high=0  state=ON
2026-09-23T20:14:30Z  OBSERVE  emailservice  rejection=0.0000  low=22 high=0  state=ON
2026-09-23T20:14:30Z  OBSERVE  paymentservice  rejection=0.0000  low=22 high=0  state=ON
2026-09-23T20:14:30Z  OBSERVE  productcatalogservice  rejection=0.0000  low=22 high=0  state=ON
2026-09-23T20:14:30Z  OBSERVE  recommendationservice  rejection=0.0000  low=22 high=0  state=ON
2026-09-23T20:14:30Z  OBSERVE  shippingservice  rejection=0.0000  low=22 high=0  state=ON
2026-09-23T20:14:31Z  OBSERVE  adservice  rejection=0.0000  low=23 high=0  state=ON
2026-09-23T20:14:31Z  OBSERVE  cartservice  rejection=0.0000  low=23 high=0  state=ON
2026-09-23T20:14:31Z  OBSERVE  checkoutservice  rejection=0.0000  low=23 high=0  state=ON
2026-09-23T20:14:31Z  OBSERVE  currencyservice  rejection=0.0000  low=23 high=0  state=ON
2026-09-23T20:14:31Z  OBSERVE  emailservice  rejection=0.0000  low=23 high=0  state=ON
2026-09-23T20:14:31Z  OBSERVE  paymentservice  rejection=0.0000  low=23 high=0  state=ON
2026-09-23T20:14:31Z  OBSERVE  productcatalogservice  rejection=0.0000  low=23 high=0  state=ON
2026-09-23T20:14:31Z  OBSERVE  recommendationservice  rejection=0.0000  low=23 high=0  state=ON
2026-09-23T20:14:31Z  OBSERVE  shippingservice  rejection=0.0000  low=23 high=0  state=ON
2026-09-23T20:14:32Z  OBSERVE  adservice  rejection=0.0000  low=24 high=0  state=ON
2026-09-23T20:14:32Z  OBSERVE  cartservice  rejection=0.0000  low=24 high=0  state=ON
2026-09-23T20:14:32Z  OBSERVE  checkoutservice  rejection=0.0000  low=24 high=0  state=ON
2026-09-23T20:14:32Z  OBSERVE  currencyservice  rejection=0.0000  low=24 high=0  state=ON
2026-09-23T20:14:32Z  OBSERVE  emailservice  rejection=0.0000  low=24 high=0  state=ON
2026-09-23T20:14:32Z  OBSERVE  paymentservice  rejection=0.0000  low=24 high=0  state=ON
2026-09-23T20:14:32Z  OBSERVE  productcatalogservice  rejection=0.0000  low=24 high=0  state=ON
2026-09-23T20:14:32Z  OBSERVE  recommendationservice  rejection=0.0000  low=24 high=0  state=ON
2026-09-23T20:14:32Z  OBSERVE  shippingservice  rejection=0.0000  low=24 high=0  state=ON
2026-09-23T20:14:33Z  OBSERVE  adservice  rejection=0.0000  low=25 high=0  state=ON
2026-09-23T20:14:33Z  OBSERVE  cartservice  rejection=0.0000  low=25 high=0  state=ON
2026-09-23T20:14:33Z  OBSERVE  checkoutservice  rejection=0.0000  low=25 high=0  state=ON
2026-09-23T20:14:33Z  OBSERVE  currencyservice  rejection=0.0000  low=25 high=0  state=ON
2026-09-23T20:14:33Z  OBSERVE  emailservice  rejection=0.0000  low=25 high=0  state=ON
2026-09-23T20:14:33Z  OBSERVE  paymentservice  rejection=0.0000  low=25 high=0  state=ON
2026-09-23T20:14:33Z  OBSERVE  productcatalogservice  rejection=0.0000  low=25 high=0  state=ON
2026-09-23T20:14:33Z  OBSERVE  recommendationservice  rejection=0.0000  low=25 high=0  state=ON
2026-09-23T20:14:33Z  OBSERVE  shippingservice  rejection=0.0000  low=25 high=0  state=ON
2026-09-23T20:14:34Z  OBSERVE  adservice  rejection=0.0000  low=26 high=0  state=ON
2026-09-23T20:14:34Z  OBSERVE  cartservice  rejection=0.0000  low=26 high=0  state=ON
2026-09-23T20:14:34Z  OBSERVE  checkoutservice  rejection=0.0000  low=26 high=0  state=ON
2026-09-23T20:14:34Z  OBSERVE  currencyservice  rejection=0.0000  low=26 high=0  state=ON
2026-09-23T20:14:34Z  OBSERVE  emailservice  rejection=0.0000  low=26 high=0  state=ON
2026-09-23T20:14:34Z  OBSERVE  paymentservice  rejection=0.0000  low=26 high=0  state=ON
2026-09-23T20:14:34Z  OBSERVE  productcatalogservice  rejection=0.0000  low=26 high=0  state=ON
2026-09-23T20:14:34Z  OBSERVE  recommendationservice  rejection=0.0000  low=26 high=0  state=ON
2026-09-23T20:14:34Z  OBSERVE  shippingservice  rejection=0.0000  low=26 high=0  state=ON
2026-09-23T20:14:35Z  OBSERVE  adservice  rejection=0.0000  low=27 high=0  state=ON
2026-09-23T20:14:35Z  OBSERVE  cartservice  rejection=0.0000  low=27 high=0  state=ON
2026-09-23T20:14:35Z  OBSERVE  checkoutservice  rejection=0.0000  low=27 high=0  state=ON
2026-09-23T20:14:35Z  OBSERVE  currencyservice  rejection=0.0000  low=27 high=0  state=ON
2026-09-23T20:14:35Z  OBSERVE  emailservice  rejection=0.0000  low=27 high=0  state=ON
2026-09-23T20:14:35Z  OBSERVE  paymentservice  rejection=0.0000  low=27 high=0  state=ON
2026-09-23T20:14:35Z  OBSERVE  productcatalogservice  rejection=0.0000  low=27 high=0  state=ON
2026-09-23T20:14:35Z  OBSERVE  recommendationservice  rejection=0.0000  low=27 high=0  state=ON
2026-09-23T20:14:35Z  OBSERVE  shippingservice  rejection=0.0000  low=27 high=0  state=ON
2026-09-23T20:14:36Z  OBSERVE  adservice  rejection=0.0000  low=28 high=0  state=ON
2026-09-23T20:14:36Z  OBSERVE  cartservice  rejection=0.0000  low=28 high=0  state=ON
2026-09-23T20:14:36Z  OBSERVE  checkoutservice  rejection=0.0000  low=28 high=0  state=ON
2026-09-23T20:14:36Z  OBSERVE  currencyservice  rejection=0.0000  low=28 high=0  state=ON
2026-09-23T20:14:36Z  OBSERVE  emailservice  rejection=0.0000  low=28 high=0  state=ON
2026-09-23T20:14:36Z  OBSERVE  paymentservice  rejection=0.0000  low=28 high=0  state=ON
2026-09-23T20:14:36Z  OBSERVE  productcatalogservice  rejection=0.0000  low=28 high=0  state=ON
2026-09-23T20:14:36Z  OBSERVE  recommendationservice  rejection=0.0000  low=28 high=0  state=ON
2026-09-23T20:14:36Z  OBSERVE  shippingservice  rejection=0.0000  low=28 high=0  state=ON
2026-09-23T20:14:37Z  OBSERVE  adservice  rejection=0.0000  low=29 high=0  state=ON
2026-09-23T20:14:37Z  OBSERVE  cartservice  rejection=0.0000  low=29 high=0  state=ON
2026-09-23T20:14:37Z  OBSERVE  checkoutservice  rejection=0.0000  low=29 high=0  state=ON
2026-09-23T20:14:37Z  OBSERVE  currencyservice  rejection=0.0000  low=29 high=0  state=ON
2026-09-23T20:14:37Z  OBSERVE  emailservice  rejection=0.0000  low=29 high=0  state=ON
2026-09-23T20:14:37Z  OBSERVE  paymentservice  rejection=0.0000  low=29 high=0  state=ON
2026-09-23T20:14:37Z  OBSERVE  productcatalogservice  rejection=0.0000  low=29 high=0  state=ON
2026-09-23T20:14:37Z  OBSERVE  recommendationservice  rejection=0.0000  low=29 high=0  state=ON
2026-09-23T20:14:37Z  OBSERVE  shippingservice  rejection=0.0000  low=29 high=0  state=ON
2026-09-23T20:14:38Z  OBSERVE  adservice  rejection=0.0000  low=30 high=0  state=ON
2026-09-23T20:14:38Z  OBSERVE  cartservice  rejection=0.0000  low=30 high=0  state=ON
2026-09-23T20:14:38Z  OBSERVE  checkoutservice  rejection=0.0000  low=30 high=0  state=ON
2026-09-23T20:14:38Z  OBSERVE  currencyservice  rejection=0.0000  low=30 high=0  state=ON
2026-09-23T20:14:38Z  OBSERVE  emailservice  rejection=0.0000  low=30 high=0  state=ON
2026-09-23T20:14:38Z  OBSERVE  paymentservice  rejection=0.0000  low=30 high=0  state=ON
2026-09-23T20:14:38Z  OBSERVE  productcatalogservice  rejection=0.0000  low=30 high=0  state=ON
2026-09-23T20:14:38Z  OBSERVE  recommendationservice  rejection=0.0000  low=30 high=0  state=ON
2026-09-23T20:14:38Z  OBSERVE  shippingservice  rejection=0.0000  low=30 high=0  state=ON
2026-09-23T20:14:39Z  OBSERVE  adservice  rejection=0.0000  low=31 high=0  state=ON
2026-09-23T20:14:39Z  OBSERVE  cartservice  rejection=0.0000  low=31 high=0  state=ON
2026-09-23T20:14:39Z  OBSERVE  checkoutservice  rejection=0.0000  low=31 high=0  state=ON
2026-09-23T20:14:39Z  OBSERVE  currencyservice  rejection=0.0000  low=31 high=0  state=ON
2026-09-23T20:14:39Z  OBSERVE  emailservice  rejection=0.0000  low=31 high=0  state=ON
2026-09-23T20:14:39Z  OBSERVE  paymentservice  rejection=0.0000  low=31 high=0  state=ON
2026-09-23T20:14:39Z  OBSERVE  productcatalogservice  rejection=0.0000  low=31 high=0  state=ON
2026-09-23T20:14:39Z  OBSERVE  recommendationservice  rejection=0.0000  low=31 high=0  state=ON
2026-09-23T20:14:39Z  OBSERVE  shippingservice  rejection=0.0000  low=31 high=0  state=ON
2026-09-23T20:14:40Z  OBSERVE  adservice  rejection=0.0000  low=32 high=0  state=ON
2026-09-23T20:14:40Z  OBSERVE  cartservice  rejection=0.0000  low=32 high=0  state=ON
2026-09-23T20:14:40Z  OBSERVE  checkoutservice  rejection=0.0000  low=32 high=0  state=ON
2026-09-23T20:14:40Z  OBSERVE  currencyservice  rejection=0.0000  low=32 high=0  state=ON
2026-09-23T20:14:40Z  OBSERVE  emailservice  rejection=0.0000  low=32 high=0  state=ON
2026-09-23T20:14:40Z  OBSERVE  paymentservice  rejection=0.0000  low=32 high=0  state=ON
2026-09-23T20:14:40Z  OBSERVE  productcatalogservice  rejection=0.0000  low=32 high=0  state=ON
2026-09-23T20:14:40Z  OBSERVE  recommendationservice  rejection=0.0000  low=32 high=0  state=ON
2026-09-23T20:14:40Z  OBSERVE  shippingservice  rejection=0.0000  low=32 high=0  state=ON
2026-09-23T20:14:41Z  OBSERVE  adservice  rejection=0.0000  low=33 high=0  state=ON
2026-09-23T20:14:41Z  OBSERVE  cartservice  rejection=0.0000  low=33 high=0  state=ON
2026-09-23T20:14:41Z  OBSERVE  checkoutservice  rejection=0.0000  low=33 high=0  state=ON
2026-09-23T20:14:41Z  OBSERVE  currencyservice  rejection=0.0000  low=33 high=0  state=ON
2026-09-23T20:14:41Z  OBSERVE  emailservice  rejection=0.0000  low=33 high=0  state=ON
2026-09-23T20:14:41Z  OBSERVE  paymentservice  rejection=0.0000  low=33 high=0  state=ON
2026-09-23T20:14:41Z  OBSERVE  productcatalogservice  rejection=0.0000  low=33 high=0  state=ON
2026-09-23T20:14:41Z  OBSERVE  recommendationservice  rejection=0.0000  low=33 high=0  state=ON
2026-09-23T20:14:41Z  OBSERVE  shippingservice  rejection=0.0000  low=33 high=0  state=ON
2026-09-23T20:14:42Z  OBSERVE  adservice  rejection=0.0000  low=34 high=0  state=ON
2026-09-23T20:14:42Z  OBSERVE  cartservice  rejection=0.0000  low=34 high=0  state=ON
2026-09-23T20:14:42Z  OBSERVE  checkoutservice  rejection=0.0000  low=34 high=0  state=ON
2026-09-23T20:14:42Z  OBSERVE  currencyservice  rejection=0.0000  low=34 high=0  state=ON
2026-09-23T20:14:42Z  OBSERVE  emailservice  rejection=0.0000  low=34 high=0  state=ON
2026-09-23T20:14:42Z  OBSERVE  paymentservice  rejection=0.0000  low=34 high=0  state=ON
2026-09-23T20:14:42Z  OBSERVE  productcatalogservice  rejection=0.0000  low=34 high=0  state=ON
2026-09-23T20:14:42Z  OBSERVE  recommendationservice  rejection=0.0000  low=34 high=0  state=ON
2026-09-23T20:14:42Z  OBSERVE  shippingservice  rejection=0.0000  low=34 high=0  state=ON
2026-09-23T20:14:43Z  OBSERVE  adservice  rejection=0.0000  low=35 high=0  state=ON
2026-09-23T20:14:43Z  OBSERVE  cartservice  rejection=0.0000  low=35 high=0  state=ON
2026-09-23T20:14:43Z  OBSERVE  checkoutservice  rejection=0.0000  low=35 high=0  state=ON
2026-09-23T20:14:43Z  OBSERVE  currencyservice  rejection=0.0000  low=35 high=0  state=ON
2026-09-23T20:14:43Z  OBSERVE  emailservice  rejection=0.0000  low=35 high=0  state=ON
2026-09-23T20:14:43Z  OBSERVE  paymentservice  rejection=0.0000  low=35 high=0  state=ON
2026-09-23T20:14:43Z  OBSERVE  productcatalogservice  rejection=0.0000  low=35 high=0  state=ON
2026-09-23T20:14:43Z  OBSERVE  recommendationservice  rejection=0.0000  low=35 high=0  state=ON
2026-09-23T20:14:43Z  OBSERVE  shippingservice  rejection=0.0000  low=35 high=0  state=ON
2026-09-23T20:14:44Z  OBSERVE  adservice  rejection=0.0000  low=36 high=0  state=ON
2026-09-23T20:14:44Z  OBSERVE  cartservice  rejection=0.0000  low=36 high=0  state=ON
2026-09-23T20:14:44Z  OBSERVE  checkoutservice  rejection=0.0000  low=36 high=0  state=ON
2026-09-23T20:14:44Z  OBSERVE  currencyservice  rejection=0.0000  low=36 high=0  state=ON
2026-09-23T20:14:44Z  OBSERVE  emailservice  rejection=0.0000  low=36 high=0  state=ON
2026-09-23T20:14:44Z  OBSERVE  paymentservice  rejection=0.0000  low=36 high=0  state=ON
2026-09-23T20:14:44Z  OBSERVE  productcatalogservice  rejection=0.0000  low=36 high=0  state=ON
2026-09-23T20:14:44Z  OBSERVE  recommendationservice  rejection=0.0000  low=36 high=0  state=ON
2026-09-23T20:14:44Z  OBSERVE  shippingservice  rejection=0.0000  low=36 high=0  state=ON
2026-09-23T20:14:45Z  SKIP  adservice  no metric data this sample
2026-09-23T20:14:45Z  SKIP  cartservice  no metric data this sample
2026-09-23T20:14:45Z  SKIP  checkoutservice  no metric data this sample
2026-09-23T20:14:45Z  SKIP  currencyservice  no metric data this sample
2026-09-23T20:14:45Z  SKIP  emailservice  no metric data this sample
2026-09-23T20:14:45Z  SKIP  paymentservice  no metric data this sample
2026-09-23T20:14:45Z  SKIP  productcatalogservice  no metric data this sample
2026-09-23T20:14:45Z  SKIP  recommendationservice  no metric data this sample
2026-09-23T20:14:45Z  SKIP  shippingservice  no metric data this sample
2026-09-23T20:14:46Z  OBSERVE  adservice  rejection=0.0000  low=37 high=0  state=ON
2026-09-23T20:14:46Z  OBSERVE  cartservice  rejection=0.0000  low=37 high=0  state=ON
2026-09-23T20:14:46Z  OBSERVE  checkoutservice  rejection=0.0000  low=37 high=0  state=ON
2026-09-23T20:14:46Z  OBSERVE  currencyservice  rejection=0.0000  low=37 high=0  state=ON
2026-09-23T20:14:46Z  OBSERVE  emailservice  rejection=0.0000  low=37 high=0  state=ON
2026-09-23T20:14:46Z  OBSERVE  paymentservice  rejection=0.0000  low=37 high=0  state=ON
2026-09-23T20:14:46Z  OBSERVE  productcatalogservice  rejection=0.0000  low=37 high=0  state=ON
2026-09-23T20:14:46Z  OBSERVE  recommendationservice  rejection=0.0000  low=37 high=0  state=ON
2026-09-23T20:14:46Z  OBSERVE  shippingservice  rejection=0.0000  low=37 high=0  state=ON
2026-09-23T20:14:47Z  OBSERVE  adservice  rejection=0.0000  low=38 high=0  state=ON
2026-09-23T20:14:47Z  OBSERVE  cartservice  rejection=0.0000  low=38 high=0  state=ON
2026-09-23T20:14:47Z  OBSERVE  checkoutservice  rejection=0.0000  low=38 high=0  state=ON
2026-09-23T20:14:47Z  OBSERVE  currencyservice  rejection=0.0000  low=38 high=0  state=ON
2026-09-23T20:14:47Z  OBSERVE  emailservice  rejection=0.0000  low=38 high=0  state=ON
2026-09-23T20:14:47Z  OBSERVE  paymentservice  rejection=0.0000  low=38 high=0  state=ON
2026-09-23T20:14:47Z  OBSERVE  productcatalogservice  rejection=0.0000  low=38 high=0  state=ON
2026-09-23T20:14:47Z  OBSERVE  recommendationservice  rejection=0.0000  low=38 high=0  state=ON
2026-09-23T20:14:47Z  OBSERVE  shippingservice  rejection=0.0000  low=38 high=0  state=ON
2026-09-23T20:14:48Z  OBSERVE  adservice  rejection=0.0000  low=39 high=0  state=ON
2026-09-23T20:14:48Z  OBSERVE  cartservice  rejection=0.0000  low=39 high=0  state=ON
2026-09-23T20:14:48Z  OBSERVE  checkoutservice  rejection=0.0000  low=39 high=0  state=ON
2026-09-23T20:14:48Z  OBSERVE  currencyservice  rejection=0.0000  low=39 high=0  state=ON
2026-09-23T20:14:48Z  OBSERVE  emailservice  rejection=0.0000  low=39 high=0  state=ON
2026-09-23T20:14:48Z  OBSERVE  paymentservice  rejection=0.0000  low=39 high=0  state=ON
2026-09-23T20:14:48Z  OBSERVE  productcatalogservice  rejection=0.0000  low=39 high=0  state=ON
2026-09-23T20:14:48Z  OBSERVE  recommendationservice  rejection=0.0000  low=39 high=0  state=ON
2026-09-23T20:14:48Z  OBSERVE  shippingservice  rejection=0.0000  low=39 high=0  state=ON
2026-09-23T20:14:49Z  OBSERVE  adservice  rejection=0.0000  low=40 high=0  state=ON
2026-09-23T20:14:49Z  OBSERVE  cartservice  rejection=0.0000  low=40 high=0  state=ON
2026-09-23T20:14:49Z  OBSERVE  checkoutservice  rejection=0.0000  low=40 high=0  state=ON
2026-09-23T20:14:49Z  OBSERVE  currencyservice  rejection=0.0000  low=40 high=0  state=ON
2026-09-23T20:14:49Z  OBSERVE  emailservice  rejection=0.0000  low=40 high=0  state=ON
2026-09-23T20:14:49Z  OBSERVE  paymentservice  rejection=0.0000  low=40 high=0  state=ON
2026-09-23T20:14:49Z  OBSERVE  productcatalogservice  rejection=0.0000  low=40 high=0  state=ON
2026-09-23T20:14:49Z  OBSERVE  recommendationservice  rejection=0.0000  low=40 high=0  state=ON
2026-09-23T20:14:49Z  OBSERVE  shippingservice  rejection=0.0000  low=40 high=0  state=ON
2026-09-23T20:14:50Z  OBSERVE  adservice  rejection=0.0000  low=41 high=0  state=ON
2026-09-23T20:14:50Z  OBSERVE  cartservice  rejection=0.0000  low=41 high=0  state=ON
2026-09-23T20:14:50Z  OBSERVE  checkoutservice  rejection=0.0000  low=41 high=0  state=ON
2026-09-23T20:14:50Z  OBSERVE  currencyservice  rejection=0.0000  low=41 high=0  state=ON
2026-09-23T20:14:50Z  OBSERVE  emailservice  rejection=0.0000  low=41 high=0  state=ON
2026-09-23T20:14:50Z  OBSERVE  paymentservice  rejection=0.0000  low=41 high=0  state=ON
2026-09-23T20:14:50Z  OBSERVE  productcatalogservice  rejection=0.0000  low=41 high=0  state=ON
2026-09-23T20:14:50Z  OBSERVE  recommendationservice  rejection=0.0000  low=41 high=0  state=ON
2026-09-23T20:14:50Z  OBSERVE  shippingservice  rejection=0.0000  low=41 high=0  state=ON
2026-09-23T20:14:51Z  OBSERVE  adservice  rejection=0.0000  low=42 high=0  state=ON
2026-09-23T20:14:51Z  OBSERVE  cartservice  rejection=0.0000  low=42 high=0  state=ON
2026-09-23T20:14:51Z  OBSERVE  checkoutservice  rejection=0.0000  low=42 high=0  state=ON
2026-09-23T20:14:51Z  OBSERVE  currencyservice  rejection=0.0000  low=42 high=0  state=ON
2026-09-23T20:14:51Z  OBSERVE  emailservice  rejection=0.0000  low=42 high=0  state=ON
2026-09-23T20:14:51Z  OBSERVE  paymentservice  rejection=0.0000  low=42 high=0  state=ON
2026-09-23T20:14:51Z  OBSERVE  productcatalogservice  rejection=0.0000  low=42 high=0  state=ON
2026-09-23T20:14:51Z  OBSERVE  recommendationservice  rejection=0.0000  low=42 high=0  state=ON
2026-09-23T20:14:51Z  OBSERVE  shippingservice  rejection=0.0000  low=42 high=0  state=ON
2026-09-23T20:14:52Z  SKIP  adservice  no metric data this sample
2026-09-23T20:14:52Z  SKIP  cartservice  no metric data this sample
2026-09-23T20:14:52Z  SKIP  checkoutservice  no metric data this sample
2026-09-23T20:14:52Z  SKIP  currencyservice  no metric data this sample
2026-09-23T20:14:52Z  SKIP  emailservice  no metric data this sample
2026-09-23T20:14:52Z  SKIP  paymentservice  no metric data this sample
2026-09-23T20:14:52Z  SKIP  productcatalogservice  no metric data this sample
2026-09-23T20:14:52Z  SKIP  recommendationservice  no metric data this sample
2026-09-23T20:14:52Z  SKIP  shippingservice  no metric data this sample
2026-09-23T20:14:53Z  OBSERVE  adservice  rejection=0.0000  low=43 high=0  state=ON
2026-09-23T20:14:53Z  OBSERVE  cartservice  rejection=0.0000  low=43 high=0  state=ON
2026-09-23T20:14:53Z  OBSERVE  checkoutservice  rejection=0.0000  low=43 high=0  state=ON
2026-09-23T20:14:53Z  OBSERVE  currencyservice  rejection=0.0000  low=43 high=0  state=ON
2026-09-23T20:14:53Z  OBSERVE  emailservice  rejection=0.0000  low=43 high=0  state=ON
2026-09-23T20:14:53Z  OBSERVE  paymentservice  rejection=0.0000  low=43 high=0  state=ON
2026-09-23T20:14:53Z  OBSERVE  productcatalogservice  rejection=0.0000  low=43 high=0  state=ON
2026-09-23T20:14:53Z  OBSERVE  recommendationservice  rejection=0.0000  low=43 high=0  state=ON
2026-09-23T20:14:53Z  OBSERVE  shippingservice  rejection=0.0000  low=43 high=0  state=ON
2026-09-23T20:14:54Z  SKIP  adservice  no metric data this sample
2026-09-23T20:14:54Z  SKIP  cartservice  no metric data this sample
2026-09-23T20:14:54Z  SKIP  checkoutservice  no metric data this sample
2026-09-23T20:14:54Z  SKIP  currencyservice  no metric data this sample
2026-09-23T20:14:54Z  SKIP  emailservice  no metric data this sample
2026-09-23T20:14:54Z  SKIP  paymentservice  no metric data this sample
2026-09-23T20:14:54Z  SKIP  productcatalogservice  no metric data this sample
2026-09-23T20:14:54Z  SKIP  recommendationservice  no metric data this sample
2026-09-23T20:14:54Z  SKIP  shippingservice  no metric data this sample
2026-09-23T20:14:55Z  OBSERVE  adservice  rejection=0.0000  low=44 high=0  state=ON
2026-09-23T20:14:55Z  OBSERVE  cartservice  rejection=0.0000  low=44 high=0  state=ON
2026-09-23T20:14:55Z  OBSERVE  checkoutservice  rejection=0.0000  low=44 high=0  state=ON
2026-09-23T20:14:55Z  OBSERVE  currencyservice  rejection=0.0000  low=44 high=0  state=ON
2026-09-23T20:14:55Z  OBSERVE  emailservice  rejection=0.0000  low=44 high=0  state=ON
2026-09-23T20:14:55Z  OBSERVE  paymentservice  rejection=0.0000  low=44 high=0  state=ON
2026-09-23T20:14:55Z  OBSERVE  productcatalogservice  rejection=0.0000  low=44 high=0  state=ON
2026-09-23T20:14:55Z  OBSERVE  recommendationservice  rejection=0.0000  low=44 high=0  state=ON
2026-09-23T20:14:55Z  OBSERVE  shippingservice  rejection=0.0000  low=44 high=0  state=ON
2026-09-23T20:14:56Z  OBSERVE  adservice  rejection=0.0000  low=45 high=0  state=ON
2026-09-23T20:14:56Z  OBSERVE  cartservice  rejection=0.0000  low=45 high=0  state=ON
2026-09-23T20:14:56Z  OBSERVE  checkoutservice  rejection=0.0000  low=45 high=0  state=ON
2026-09-23T20:14:56Z  OBSERVE  currencyservice  rejection=0.0000  low=45 high=0  state=ON
2026-09-23T20:14:56Z  OBSERVE  emailservice  rejection=0.0000  low=45 high=0  state=ON
2026-09-23T20:14:56Z  OBSERVE  paymentservice  rejection=0.0000  low=45 high=0  state=ON
2026-09-23T20:14:56Z  OBSERVE  productcatalogservice  rejection=0.0000  low=45 high=0  state=ON
2026-09-23T20:14:56Z  OBSERVE  recommendationservice  rejection=0.0000  low=45 high=0  state=ON
2026-09-23T20:14:56Z  OBSERVE  shippingservice  rejection=0.0000  low=45 high=0  state=ON
2026-09-23T20:14:57Z  OBSERVE  adservice  rejection=0.0000  low=46 high=0  state=ON
2026-09-23T20:14:57Z  OBSERVE  cartservice  rejection=0.0000  low=46 high=0  state=ON
2026-09-23T20:14:57Z  OBSERVE  checkoutservice  rejection=0.0000  low=46 high=0  state=ON
2026-09-23T20:14:57Z  OBSERVE  currencyservice  rejection=0.0000  low=46 high=0  state=ON
2026-09-23T20:14:57Z  OBSERVE  emailservice  rejection=0.0000  low=46 high=0  state=ON
2026-09-23T20:14:57Z  OBSERVE  paymentservice  rejection=0.0000  low=46 high=0  state=ON
2026-09-23T20:14:57Z  OBSERVE  productcatalogservice  rejection=0.0000  low=46 high=0  state=ON
2026-09-23T20:14:57Z  OBSERVE  recommendationservice  rejection=0.0000  low=46 high=0  state=ON
2026-09-23T20:14:57Z  OBSERVE  shippingservice  rejection=0.0000  low=46 high=0  state=ON
2026-09-23T20:14:58Z  SKIP  adservice  no metric data this sample
2026-09-23T20:14:58Z  SKIP  cartservice  no metric data this sample
2026-09-23T20:14:58Z  SKIP  checkoutservice  no metric data this sample
2026-09-23T20:14:58Z  SKIP  currencyservice  no metric data this sample
2026-09-23T20:14:58Z  SKIP  emailservice  no metric data this sample
2026-09-23T20:14:58Z  SKIP  paymentservice  no metric data this sample
2026-09-23T20:14:58Z  SKIP  productcatalogservice  no metric data this sample
2026-09-23T20:14:58Z  SKIP  recommendationservice  no metric data this sample
2026-09-23T20:14:58Z  SKIP  shippingservice  no metric data this sample
2026-09-23T20:14:59Z  OBSERVE  adservice  rejection=0.0000  low=47 high=0  state=ON
2026-09-23T20:14:59Z  OBSERVE  cartservice  rejection=0.0000  low=47 high=0  state=ON
2026-09-23T20:14:59Z  OBSERVE  checkoutservice  rejection=0.0000  low=47 high=0  state=ON
2026-09-23T20:14:59Z  OBSERVE  currencyservice  rejection=0.0000  low=47 high=0  state=ON
2026-09-23T20:14:59Z  OBSERVE  emailservice  rejection=0.0000  low=47 high=0  state=ON
2026-09-23T20:14:59Z  OBSERVE  paymentservice  rejection=0.0000  low=47 high=0  state=ON
2026-09-23T20:14:59Z  OBSERVE  productcatalogservice  rejection=0.0000  low=47 high=0  state=ON
2026-09-23T20:14:59Z  OBSERVE  recommendationservice  rejection=0.0000  low=47 high=0  state=ON
2026-09-23T20:14:59Z  OBSERVE  shippingservice  rejection=0.0000  low=47 high=0  state=ON
2026-09-23T20:15:00Z  OBSERVE  adservice  rejection=0.0000  low=48 high=0  state=ON
2026-09-23T20:15:00Z  OBSERVE  cartservice  rejection=0.0000  low=48 high=0  state=ON
2026-09-23T20:15:00Z  OBSERVE  checkoutservice  rejection=0.0000  low=48 high=0  state=ON
2026-09-23T20:15:00Z  OBSERVE  currencyservice  rejection=0.0000  low=48 high=0  state=ON
2026-09-23T20:15:00Z  OBSERVE  emailservice  rejection=0.0000  low=48 high=0  state=ON
2026-09-23T20:15:00Z  OBSERVE  paymentservice  rejection=0.0000  low=48 high=0  state=ON
2026-09-23T20:15:00Z  OBSERVE  productcatalogservice  rejection=0.0000  low=48 high=0  state=ON
2026-09-23T20:15:00Z  OBSERVE  recommendationservice  rejection=0.0000  low=48 high=0  state=ON
2026-09-23T20:15:00Z  OBSERVE  shippingservice  rejection=0.0000  low=48 high=0  state=ON
2026-09-23T20:15:01Z  OBSERVE  adservice  rejection=0.0000  low=49 high=0  state=ON
2026-09-23T20:15:01Z  OBSERVE  cartservice  rejection=0.0000  low=49 high=0  state=ON
2026-09-23T20:15:01Z  OBSERVE  checkoutservice  rejection=0.0000  low=49 high=0  state=ON
2026-09-23T20:15:01Z  OBSERVE  currencyservice  rejection=0.0000  low=49 high=0  state=ON
2026-09-23T20:15:01Z  OBSERVE  emailservice  rejection=0.0000  low=49 high=0  state=ON
2026-09-23T20:15:01Z  OBSERVE  paymentservice  rejection=0.0000  low=49 high=0  state=ON
2026-09-23T20:15:01Z  OBSERVE  productcatalogservice  rejection=0.0000  low=49 high=0  state=ON
2026-09-23T20:15:01Z  OBSERVE  recommendationservice  rejection=0.0000  low=49 high=0  state=ON
2026-09-23T20:15:01Z  OBSERVE  shippingservice  rejection=0.0000  low=49 high=0  state=ON
2026-09-23T20:15:02Z  SKIP  adservice  no metric data this sample
2026-09-23T20:15:02Z  SKIP  cartservice  no metric data this sample
2026-09-23T20:15:02Z  SKIP  checkoutservice  no metric data this sample
2026-09-23T20:15:02Z  SKIP  currencyservice  no metric data this sample
2026-09-23T20:15:02Z  SKIP  emailservice  no metric data this sample
2026-09-23T20:15:02Z  SKIP  paymentservice  no metric data this sample
2026-09-23T20:15:02Z  SKIP  productcatalogservice  no metric data this sample
2026-09-23T20:15:02Z  SKIP  recommendationservice  no metric data this sample
2026-09-23T20:15:02Z  SKIP  shippingservice  no metric data this sample
2026-09-23T20:15:03Z  OBSERVE  adservice  rejection=0.0000  low=50 high=0  state=ON
2026-09-23T20:15:03Z  OBSERVE  cartservice  rejection=0.0000  low=50 high=0  state=ON
2026-09-23T20:15:03Z  OBSERVE  checkoutservice  rejection=0.0000  low=50 high=0  state=ON
2026-09-23T20:15:03Z  OBSERVE  currencyservice  rejection=0.0000  low=50 high=0  state=ON
2026-09-23T20:15:03Z  OBSERVE  emailservice  rejection=0.0000  low=50 high=0  state=ON
2026-09-23T20:15:03Z  OBSERVE  paymentservice  rejection=0.0000  low=50 high=0  state=ON
2026-09-23T20:15:03Z  OBSERVE  productcatalogservice  rejection=0.0000  low=50 high=0  state=ON
2026-09-23T20:15:03Z  OBSERVE  recommendationservice  rejection=0.0000  low=50 high=0  state=ON
2026-09-23T20:15:03Z  OBSERVE  shippingservice  rejection=0.0000  low=50 high=0  state=ON
2026-09-23T20:15:04Z  OBSERVE  adservice  rejection=0.0000  low=51 high=0  state=ON
2026-09-23T20:15:04Z  OBSERVE  cartservice  rejection=0.0000  low=51 high=0  state=ON
2026-09-23T20:15:04Z  OBSERVE  checkoutservice  rejection=0.0000  low=51 high=0  state=ON
2026-09-23T20:15:04Z  OBSERVE  currencyservice  rejection=0.0000  low=51 high=0  state=ON
2026-09-23T20:15:04Z  OBSERVE  emailservice  rejection=0.0000  low=51 high=0  state=ON
2026-09-23T20:15:04Z  OBSERVE  paymentservice  rejection=0.0000  low=51 high=0  state=ON
2026-09-23T20:15:04Z  OBSERVE  productcatalogservice  rejection=0.0000  low=51 high=0  state=ON
2026-09-23T20:15:04Z  OBSERVE  recommendationservice  rejection=0.0000  low=51 high=0  state=ON
2026-09-23T20:15:04Z  OBSERVE  shippingservice  rejection=0.0000  low=51 high=0  state=ON
2026-09-23T20:15:05Z  OBSERVE  adservice  rejection=0.0000  low=52 high=0  state=ON
2026-09-23T20:15:05Z  OBSERVE  cartservice  rejection=0.0000  low=52 high=0  state=ON
2026-09-23T20:15:05Z  OBSERVE  checkoutservice  rejection=0.0000  low=52 high=0  state=ON
2026-09-23T20:15:05Z  OBSERVE  currencyservice  rejection=0.0000  low=52 high=0  state=ON
2026-09-23T20:15:05Z  OBSERVE  emailservice  rejection=0.0000  low=52 high=0  state=ON
2026-09-23T20:15:05Z  OBSERVE  paymentservice  rejection=0.0000  low=52 high=0  state=ON
2026-09-23T20:15:05Z  OBSERVE  productcatalogservice  rejection=0.0000  low=52 high=0  state=ON
2026-09-23T20:15:05Z  OBSERVE  recommendationservice  rejection=0.0000  low=52 high=0  state=ON
2026-09-23T20:15:05Z  OBSERVE  shippingservice  rejection=0.0000  low=52 high=0  state=ON
2026-09-23T20:15:06Z  OBSERVE  adservice  rejection=0.0000  low=53 high=0  state=ON
2026-09-23T20:15:06Z  OBSERVE  cartservice  rejection=0.0000  low=53 high=0  state=ON
2026-09-23T20:15:06Z  OBSERVE  checkoutservice  rejection=0.0000  low=53 high=0  state=ON
2026-09-23T20:15:06Z  OBSERVE  currencyservice  rejection=0.0000  low=53 high=0  state=ON
2026-09-23T20:15:06Z  OBSERVE  emailservice  rejection=0.0000  low=53 high=0  state=ON
2026-09-23T20:15:06Z  OBSERVE  paymentservice  rejection=0.0000  low=53 high=0  state=ON
2026-09-23T20:15:06Z  OBSERVE  productcatalogservice  rejection=0.0000  low=53 high=0  state=ON
2026-09-23T20:15:06Z  OBSERVE  recommendationservice  rejection=0.0000  low=53 high=0  state=ON
2026-09-23T20:15:06Z  OBSERVE  shippingservice  rejection=0.0000  low=53 high=0  state=ON
2026-09-23T20:15:07Z  SKIP  adservice  no metric data this sample
2026-09-23T20:15:07Z  SKIP  cartservice  no metric data this sample
2026-09-23T20:15:07Z  SKIP  checkoutservice  no metric data this sample
2026-09-23T20:15:07Z  SKIP  currencyservice  no metric data this sample
2026-09-23T20:15:07Z  SKIP  emailservice  no metric data this sample
2026-09-23T20:15:07Z  SKIP  paymentservice  no metric data this sample
2026-09-23T20:15:07Z  SKIP  productcatalogservice  no metric data this sample
2026-09-23T20:15:07Z  SKIP  recommendationservice  no metric data this sample
2026-09-23T20:15:07Z  SKIP  shippingservice  no metric data this sample
2026-09-23T20:15:08Z  OBSERVE  adservice  rejection=0.0000  low=54 high=0  state=ON
2026-09-23T20:15:08Z  OBSERVE  cartservice  rejection=0.0000  low=54 high=0  state=ON
2026-09-23T20:15:08Z  OBSERVE  checkoutservice  rejection=0.0000  low=54 high=0  state=ON
2026-09-23T20:15:08Z  OBSERVE  currencyservice  rejection=0.0000  low=54 high=0  state=ON
2026-09-23T20:15:08Z  OBSERVE  emailservice  rejection=0.0091  low=54 high=0  state=ON
2026-09-23T20:15:08Z  OBSERVE  paymentservice  rejection=0.0000  low=54 high=0  state=ON
2026-09-23T20:15:08Z  OBSERVE  productcatalogservice  rejection=0.0000  low=54 high=0  state=ON
2026-09-23T20:15:08Z  OBSERVE  recommendationservice  rejection=0.0000  low=54 high=0  state=ON
2026-09-23T20:15:08Z  OBSERVE  shippingservice  rejection=0.0000  low=54 high=0  state=ON
2026-09-23T20:15:09Z  SKIP  adservice  no metric data this sample
2026-09-23T20:15:09Z  SKIP  cartservice  no metric data this sample
2026-09-23T20:15:09Z  SKIP  checkoutservice  no metric data this sample
2026-09-23T20:15:09Z  SKIP  currencyservice  no metric data this sample
2026-09-23T20:15:09Z  SKIP  emailservice  no metric data this sample
2026-09-23T20:15:09Z  SKIP  paymentservice  no metric data this sample
2026-09-23T20:15:09Z  SKIP  productcatalogservice  no metric data this sample
2026-09-23T20:15:09Z  SKIP  recommendationservice  no metric data this sample
2026-09-23T20:15:09Z  SKIP  shippingservice  no metric data this sample
2026-09-23T20:15:10Z  OBSERVE  adservice  rejection=0.0000  low=55 high=0  state=ON
2026-09-23T20:15:10Z  OBSERVE  cartservice  rejection=0.0000  low=55 high=0  state=ON
2026-09-23T20:15:10Z  OBSERVE  checkoutservice  rejection=0.0435  low=55 high=0  state=ON
2026-09-23T20:15:10Z  OBSERVE  currencyservice  rejection=0.0000  low=55 high=0  state=ON
2026-09-23T20:15:10Z  OBSERVE  emailservice  rejection=0.0317  low=55 high=0  state=ON
2026-09-23T20:15:10Z  OBSERVE  paymentservice  rejection=0.0000  low=55 high=0  state=ON
2026-09-23T20:15:10Z  OBSERVE  productcatalogservice  rejection=0.0000  low=55 high=0  state=ON
2026-09-23T20:15:10Z  OBSERVE  recommendationservice  rejection=0.0000  low=55 high=0  state=ON
2026-09-23T20:15:10Z  OBSERVE  shippingservice  rejection=0.0000  low=55 high=0  state=ON
2026-09-23T20:15:11Z  OBSERVE  adservice  rejection=0.0000  low=56 high=0  state=ON
2026-09-23T20:15:11Z  OBSERVE  cartservice  rejection=0.0000  low=56 high=0  state=ON
2026-09-23T20:15:11Z  OBSERVE  checkoutservice  rejection=0.0526  low=56 high=0  state=ON
2026-09-23T20:15:11Z  OBSERVE  currencyservice  rejection=0.0000  low=56 high=0  state=ON
2026-09-23T20:15:11Z  OBSERVE  emailservice  rejection=0.0000  low=56 high=0  state=ON
2026-09-23T20:15:11Z  OBSERVE  paymentservice  rejection=0.0000  low=56 high=0  state=ON
2026-09-23T20:15:11Z  OBSERVE  productcatalogservice  rejection=0.0000  low=56 high=0  state=ON
2026-09-23T20:15:11Z  OBSERVE  recommendationservice  rejection=0.0000  low=56 high=0  state=ON
2026-09-23T20:15:11Z  OBSERVE  shippingservice  rejection=0.0000  low=56 high=0  state=ON
2026-09-23T20:15:12Z  OBSERVE  adservice  rejection=0.0000  low=57 high=0  state=ON
2026-09-23T20:15:12Z  OBSERVE  cartservice  rejection=0.0000  low=57 high=0  state=ON
2026-09-23T20:15:12Z  OBSERVE  checkoutservice  rejection=0.0000  low=57 high=0  state=ON
2026-09-23T20:15:12Z  OBSERVE  currencyservice  rejection=0.0000  low=57 high=0  state=ON
2026-09-23T20:15:12Z  OBSERVE  emailservice  rejection=0.0000  low=57 high=0  state=ON
2026-09-23T20:15:12Z  OBSERVE  paymentservice  rejection=0.0000  low=57 high=0  state=ON
2026-09-23T20:15:12Z  OBSERVE  productcatalogservice  rejection=0.0000  low=57 high=0  state=ON
2026-09-23T20:15:12Z  OBSERVE  recommendationservice  rejection=0.0000  low=57 high=0  state=ON
2026-09-23T20:15:12Z  OBSERVE  shippingservice  rejection=0.0000  low=57 high=0  state=ON
2026-09-23T20:15:13Z  OBSERVE  adservice  rejection=0.0000  low=58 high=0  state=ON
2026-09-23T20:15:13Z  OBSERVE  cartservice  rejection=0.0000  low=58 high=0  state=ON
2026-09-23T20:15:13Z  OBSERVE  checkoutservice  rejection=0.0441  low=58 high=0  state=ON
2026-09-23T20:15:13Z  OBSERVE  currencyservice  rejection=0.0000  low=58 high=0  state=ON
2026-09-23T20:15:13Z  OBSERVE  emailservice  rejection=0.1045  low=58 high=0  state=ON
2026-09-23T20:15:13Z  OBSERVE  paymentservice  rejection=0.0000  low=58 high=0  state=ON
2026-09-23T20:15:13Z  OBSERVE  productcatalogservice  rejection=0.0000  low=58 high=0  state=ON
2026-09-23T20:15:13Z  OBSERVE  recommendationservice  rejection=0.0000  low=58 high=0  state=ON
2026-09-23T20:15:13Z  OBSERVE  shippingservice  rejection=0.0000  low=58 high=0  state=ON
2026-09-23T20:15:14Z  OBSERVE  adservice  rejection=0.0000  low=59 high=0  state=ON
2026-09-23T20:15:14Z  OBSERVE  cartservice  rejection=0.0000  low=59 high=0  state=ON
2026-09-23T20:15:14Z  OBSERVE  checkoutservice  rejection=0.0633  low=59 high=0  state=ON
2026-09-23T20:15:14Z  OBSERVE  currencyservice  rejection=0.0000  low=59 high=0  state=ON
2026-09-23T20:15:14Z  OBSERVE  emailservice  rejection=0.0312  low=59 high=0  state=ON
2026-09-23T20:15:14Z  OBSERVE  paymentservice  rejection=0.0000  low=59 high=0  state=ON
2026-09-23T20:15:14Z  OBSERVE  productcatalogservice  rejection=0.0000  low=59 high=0  state=ON
2026-09-23T20:15:14Z  OBSERVE  recommendationservice  rejection=0.0000  low=59 high=0  state=ON
2026-09-23T20:15:14Z  OBSERVE  shippingservice  rejection=0.0000  low=59 high=0  state=ON
2026-09-23T20:15:15Z  OBSERVE  adservice  rejection=0.0000  low=60 high=0  state=ON
2026-09-23T20:15:15Z  OBSERVE  cartservice  rejection=0.0000  low=60 high=0  state=ON
2026-09-23T20:15:15Z  OBSERVE  checkoutservice  rejection=0.0469  low=60 high=0  state=ON
2026-09-23T20:15:15Z  OBSERVE  currencyservice  rejection=0.0000  low=60 high=0  state=ON
2026-09-23T20:15:15Z  OBSERVE  emailservice  rejection=0.0000  low=60 high=0  state=ON
2026-09-23T20:15:15Z  OBSERVE  paymentservice  rejection=0.0000  low=60 high=0  state=ON
2026-09-23T20:15:15Z  OBSERVE  productcatalogservice  rejection=0.0000  low=60 high=0  state=ON
2026-09-23T20:15:15Z  OBSERVE  recommendationservice  rejection=0.0000  low=60 high=0  state=ON
2026-09-23T20:15:15Z  OBSERVE  shippingservice  rejection=0.0000  low=60 high=0  state=ON
2026-09-23T20:15:16Z  OBSERVE  adservice  rejection=0.0000  low=61 high=0  state=ON
2026-09-23T20:15:16Z  OBSERVE  cartservice  rejection=0.0048  low=61 high=0  state=ON
2026-09-23T20:15:16Z  OBSERVE  checkoutservice  rejection=0.0778  low=61 high=0  state=ON
2026-09-23T20:15:16Z  OBSERVE  currencyservice  rejection=0.0000  low=61 high=0  state=ON
2026-09-23T20:15:16Z  OBSERVE  emailservice  rejection=0.1333  low=61 high=0  state=ON
2026-09-23T20:15:16Z  OBSERVE  paymentservice  rejection=0.0000  low=61 high=0  state=ON
2026-09-23T20:15:16Z  OBSERVE  productcatalogservice  rejection=0.0000  low=61 high=0  state=ON
2026-09-23T20:15:16Z  OBSERVE  recommendationservice  rejection=0.0000  low=61 high=0  state=ON
2026-09-23T20:15:16Z  OBSERVE  shippingservice  rejection=0.0000  low=61 high=0  state=ON
2026-09-23T20:15:17Z  OBSERVE  adservice  rejection=0.0000  low=62 high=0  state=ON
2026-09-23T20:15:17Z  OBSERVE  cartservice  rejection=0.0031  low=62 high=0  state=ON
2026-09-23T20:15:17Z  OBSERVE  checkoutservice  rejection=0.3558  low=0 high=1  state=ON
2026-09-23T20:15:17Z  OBSERVE  currencyservice  rejection=0.0000  low=62 high=0  state=ON
2026-09-23T20:15:17Z  OBSERVE  emailservice  rejection=0.1000  low=62 high=0  state=ON
2026-09-23T20:15:17Z  OBSERVE  paymentservice  rejection=0.0000  low=62 high=0  state=ON
2026-09-23T20:15:17Z  OBSERVE  productcatalogservice  rejection=0.0000  low=62 high=0  state=ON
2026-09-23T20:15:17Z  OBSERVE  recommendationservice  rejection=0.0000  low=62 high=0  state=ON
2026-09-23T20:15:17Z  OBSERVE  shippingservice  rejection=0.0166  low=62 high=0  state=ON
2026-09-23T20:15:18Z  OBSERVE  adservice  rejection=0.0000  low=63 high=0  state=ON
2026-09-23T20:15:18Z  OBSERVE  cartservice  rejection=0.0000  low=63 high=0  state=ON
2026-09-23T20:15:18Z  OBSERVE  checkoutservice  rejection=0.4310  low=0 high=2  state=ON
2026-09-23T20:15:18Z  OBSERVE  currencyservice  rejection=0.0000  low=63 high=0  state=ON
2026-09-23T20:15:18Z  OBSERVE  emailservice  rejection=0.5000  low=0 high=1  state=ON
2026-09-23T20:15:18Z  OBSERVE  paymentservice  rejection=0.0000  low=63 high=0  state=ON
2026-09-23T20:15:18Z  OBSERVE  productcatalogservice  rejection=0.0000  low=63 high=0  state=ON
2026-09-23T20:15:18Z  OBSERVE  recommendationservice  rejection=0.0000  low=63 high=0  state=ON
2026-09-23T20:15:18Z  OBSERVE  shippingservice  rejection=0.0120  low=63 high=0  state=ON
2026-09-23T20:15:19Z  OBSERVE  adservice  rejection=0.0000  low=64 high=0  state=ON
2026-09-23T20:15:19Z  OBSERVE  cartservice  rejection=0.0029  low=64 high=0  state=ON
2026-09-23T20:15:19Z  OBSERVE  checkoutservice  rejection=0.4385  low=0 high=3  state=ON
2026-09-23T20:15:19Z  OBSERVE  currencyservice  rejection=0.0000  low=64 high=0  state=ON
2026-09-23T20:15:19Z  OBSERVE  emailservice  rejection=0.0000  low=1 high=0  state=ON
2026-09-23T20:15:19Z  OBSERVE  paymentservice  rejection=0.0270  low=64 high=0  state=ON
2026-09-23T20:15:19Z  OBSERVE  productcatalogservice  rejection=0.0000  low=64 high=0  state=ON
2026-09-23T20:15:19Z  OBSERVE  recommendationservice  rejection=0.0000  low=64 high=0  state=ON
2026-09-23T20:15:19Z  OBSERVE  shippingservice  rejection=0.0205  low=64 high=0  state=ON
2026-09-23T20:15:20Z  OBSERVE  adservice  rejection=0.0000  low=65 high=0  state=ON
2026-09-23T20:15:20Z  OBSERVE  cartservice  rejection=0.0015  low=65 high=0  state=ON
2026-09-23T20:15:20Z  OBSERVE  checkoutservice  rejection=0.5126  low=0 high=4  state=ON
2026-09-23T20:15:20Z  OBSERVE  currencyservice  rejection=0.0000  low=65 high=0  state=ON
2026-09-23T20:15:20Z  OBSERVE  emailservice  rejection=1.0000  low=0 high=1  state=ON
2026-09-23T20:15:20Z  OBSERVE  paymentservice  rejection=0.0177  low=65 high=0  state=ON
2026-09-23T20:15:20Z  OBSERVE  productcatalogservice  rejection=0.0000  low=65 high=0  state=ON
2026-09-23T20:15:20Z  OBSERVE  recommendationservice  rejection=0.0000  low=65 high=0  state=ON
2026-09-23T20:15:20Z  OBSERVE  shippingservice  rejection=0.0114  low=65 high=0  state=ON
2026-09-23T20:15:21Z  OBSERVE  adservice  rejection=0.0000  low=66 high=0  state=ON
2026-09-23T20:15:21Z  OBSERVE  cartservice  rejection=0.0044  low=66 high=0  state=ON
2026-09-23T20:15:21Z  OBSERVE  checkoutservice  rejection=0.4412  low=0 high=5  state=ON
2026-09-23T20:15:21Z  OBSERVE  currencyservice  rejection=0.0000  low=66 high=0  state=ON
2026-09-23T20:15:21Z  OBSERVE  emailservice  rejection=0.0000  low=1 high=0  state=ON
2026-09-23T20:15:21Z  OBSERVE  paymentservice  rejection=0.0312  low=66 high=0  state=ON
2026-09-23T20:15:21Z  OBSERVE  productcatalogservice  rejection=0.0000  low=66 high=0  state=ON
2026-09-23T20:15:21Z  OBSERVE  recommendationservice  rejection=0.0000  low=66 high=0  state=ON
2026-09-23T20:15:21Z  OBSERVE  shippingservice  rejection=0.0158  low=66 high=0  state=ON
2026-09-23T20:15:22Z  OBSERVE  adservice  rejection=0.0000  low=67 high=0  state=ON
2026-09-23T20:15:22Z  OBSERVE  cartservice  rejection=0.0029  low=67 high=0  state=ON
2026-09-23T20:15:22Z  OBSERVE  checkoutservice  rejection=0.4308  low=0 high=6  state=ON
2026-09-23T20:15:22Z  OBSERVE  currencyservice  rejection=0.0000  low=67 high=0  state=ON
2026-09-23T20:15:22Z  OBSERVE  emailservice  rejection=0.0492  low=2 high=0  state=ON
2026-09-23T20:15:22Z  OBSERVE  paymentservice  rejection=0.0000  low=67 high=0  state=ON
2026-09-23T20:15:22Z  OBSERVE  productcatalogservice  rejection=0.0000  low=67 high=0  state=ON
2026-09-23T20:15:22Z  OBSERVE  recommendationservice  rejection=0.0000  low=67 high=0  state=ON
2026-09-23T20:15:22Z  OBSERVE  shippingservice  rejection=0.0000  low=67 high=0  state=ON
2026-09-23T20:15:23Z  OBSERVE  adservice  rejection=0.0000  low=68 high=0  state=ON
2026-09-23T20:15:23Z  OBSERVE  cartservice  rejection=0.0000  low=68 high=0  state=ON
2026-09-23T20:15:23Z  OBSERVE  checkoutservice  rejection=0.0000  low=1 high=0  state=ON
2026-09-23T20:15:23Z  OBSERVE  currencyservice  rejection=0.0000  low=68 high=0  state=ON
2026-09-23T20:15:23Z  OBSERVE  emailservice  rejection=0.0000  low=3 high=0  state=ON
2026-09-23T20:15:23Z  OBSERVE  paymentservice  rejection=0.0000  low=68 high=0  state=ON
2026-09-23T20:15:23Z  OBSERVE  productcatalogservice  rejection=0.0000  low=68 high=0  state=ON
2026-09-23T20:15:23Z  OBSERVE  recommendationservice  rejection=0.0000  low=68 high=0  state=ON
2026-09-23T20:15:23Z  OBSERVE  shippingservice  rejection=0.0000  low=68 high=0  state=ON
2026-09-23T20:15:24Z  OBSERVE  adservice  rejection=0.0000  low=69 high=0  state=ON
2026-09-23T20:15:24Z  OBSERVE  cartservice  rejection=0.0000  low=69 high=0  state=ON
2026-09-23T20:15:24Z  OBSERVE  checkoutservice  rejection=0.0000  low=2 high=0  state=ON
2026-09-23T20:15:24Z  OBSERVE  currencyservice  rejection=0.0000  low=69 high=0  state=ON
2026-09-23T20:15:24Z  OBSERVE  emailservice  rejection=0.0000  low=4 high=0  state=ON
2026-09-23T20:15:24Z  OBSERVE  paymentservice  rejection=0.0000  low=69 high=0  state=ON
2026-09-23T20:15:24Z  OBSERVE  productcatalogservice  rejection=0.0000  low=69 high=0  state=ON
2026-09-23T20:15:24Z  OBSERVE  recommendationservice  rejection=0.0000  low=69 high=0  state=ON
2026-09-23T20:15:24Z  OBSERVE  shippingservice  rejection=0.0000  low=69 high=0  state=ON
2026-09-23T20:15:25Z  OBSERVE  adservice  rejection=0.0000  low=70 high=0  state=ON
2026-09-23T20:15:25Z  OBSERVE  cartservice  rejection=0.0000  low=70 high=0  state=ON
2026-09-23T20:15:25Z  OBSERVE  checkoutservice  rejection=0.0000  low=3 high=0  state=ON
2026-09-23T20:15:25Z  OBSERVE  currencyservice  rejection=0.0000  low=70 high=0  state=ON
2026-09-23T20:15:25Z  OBSERVE  emailservice  rejection=0.0000  low=5 high=0  state=ON
2026-09-23T20:15:25Z  OBSERVE  paymentservice  rejection=0.0000  low=70 high=0  state=ON
2026-09-23T20:15:25Z  OBSERVE  productcatalogservice  rejection=0.0000  low=70 high=0  state=ON
2026-09-23T20:15:25Z  OBSERVE  recommendationservice  rejection=0.0000  low=70 high=0  state=ON
2026-09-23T20:15:25Z  OBSERVE  shippingservice  rejection=0.0000  low=70 high=0  state=ON
2026-09-23T20:15:26Z  OBSERVE  adservice  rejection=0.0000  low=71 high=0  state=ON
2026-09-23T20:15:26Z  OBSERVE  cartservice  rejection=0.0000  low=71 high=0  state=ON
2026-09-23T20:15:26Z  OBSERVE  checkoutservice  rejection=0.0000  low=4 high=0  state=ON
2026-09-23T20:15:26Z  OBSERVE  currencyservice  rejection=0.0000  low=71 high=0  state=ON
2026-09-23T20:15:26Z  OBSERVE  emailservice  rejection=0.0000  low=6 high=0  state=ON
2026-09-23T20:15:26Z  OBSERVE  paymentservice  rejection=0.0000  low=71 high=0  state=ON
2026-09-23T20:15:26Z  OBSERVE  productcatalogservice  rejection=0.0000  low=71 high=0  state=ON
2026-09-23T20:15:26Z  OBSERVE  recommendationservice  rejection=0.0000  low=71 high=0  state=ON
2026-09-23T20:15:26Z  OBSERVE  shippingservice  rejection=0.0000  low=71 high=0  state=ON
2026-09-23T20:15:27Z  OBSERVE  adservice  rejection=0.0000  low=72 high=0  state=ON
2026-09-23T20:15:27Z  OBSERVE  cartservice  rejection=0.0000  low=72 high=0  state=ON
2026-09-23T20:15:27Z  OBSERVE  checkoutservice  rejection=0.0000  low=5 high=0  state=ON
2026-09-23T20:15:27Z  OBSERVE  currencyservice  rejection=0.0000  low=72 high=0  state=ON
2026-09-23T20:15:27Z  OBSERVE  emailservice  rejection=0.0000  low=7 high=0  state=ON
2026-09-23T20:15:27Z  OBSERVE  paymentservice  rejection=0.0000  low=72 high=0  state=ON
2026-09-23T20:15:27Z  OBSERVE  productcatalogservice  rejection=0.0000  low=72 high=0  state=ON
2026-09-23T20:15:27Z  OBSERVE  recommendationservice  rejection=0.0000  low=72 high=0  state=ON
2026-09-23T20:15:27Z  OBSERVE  shippingservice  rejection=0.0000  low=72 high=0  state=ON
2026-09-23T20:15:28Z  OBSERVE  adservice  rejection=0.0000  low=73 high=0  state=ON
2026-09-23T20:15:28Z  OBSERVE  cartservice  rejection=0.0000  low=73 high=0  state=ON
2026-09-23T20:15:28Z  OBSERVE  checkoutservice  rejection=0.0000  low=6 high=0  state=ON
2026-09-23T20:15:28Z  OBSERVE  currencyservice  rejection=0.0000  low=73 high=0  state=ON
2026-09-23T20:15:28Z  OBSERVE  emailservice  rejection=0.0000  low=8 high=0  state=ON
2026-09-23T20:15:28Z  OBSERVE  paymentservice  rejection=0.0000  low=73 high=0  state=ON
2026-09-23T20:15:28Z  OBSERVE  productcatalogservice  rejection=0.0000  low=73 high=0  state=ON
2026-09-23T20:15:28Z  OBSERVE  recommendationservice  rejection=0.0000  low=73 high=0  state=ON
2026-09-23T20:15:28Z  OBSERVE  shippingservice  rejection=0.0000  low=73 high=0  state=ON
2026-09-23T20:15:29Z  OBSERVE  adservice  rejection=0.0000  low=74 high=0  state=ON
2026-09-23T20:15:29Z  OBSERVE  cartservice  rejection=0.0000  low=74 high=0  state=ON
2026-09-23T20:15:29Z  OBSERVE  checkoutservice  rejection=0.0000  low=7 high=0  state=ON
2026-09-23T20:15:29Z  OBSERVE  currencyservice  rejection=0.0000  low=74 high=0  state=ON
2026-09-23T20:15:29Z  OBSERVE  emailservice  rejection=0.0000  low=9 high=0  state=ON
2026-09-23T20:15:29Z  OBSERVE  paymentservice  rejection=0.0000  low=74 high=0  state=ON
2026-09-23T20:15:29Z  OBSERVE  productcatalogservice  rejection=0.0000  low=74 high=0  state=ON
2026-09-23T20:15:29Z  OBSERVE  recommendationservice  rejection=0.0000  low=74 high=0  state=ON
2026-09-23T20:15:29Z  OBSERVE  shippingservice  rejection=0.0000  low=74 high=0  state=ON
2026-09-23T20:15:30Z  SKIP  adservice  no metric data this sample
2026-09-23T20:15:30Z  SKIP  cartservice  no metric data this sample
2026-09-23T20:15:30Z  SKIP  checkoutservice  no metric data this sample
2026-09-23T20:15:30Z  SKIP  currencyservice  no metric data this sample
2026-09-23T20:15:30Z  SKIP  emailservice  no metric data this sample
2026-09-23T20:15:30Z  SKIP  paymentservice  no metric data this sample
2026-09-23T20:15:30Z  SKIP  productcatalogservice  no metric data this sample
2026-09-23T20:15:30Z  SKIP  recommendationservice  no metric data this sample
2026-09-23T20:15:30Z  SKIP  shippingservice  no metric data this sample
2026-09-23T20:15:31Z  OBSERVE  adservice  rejection=0.0000  low=75 high=0  state=ON
2026-09-23T20:15:31Z  OBSERVE  cartservice  rejection=0.0000  low=75 high=0  state=ON
2026-09-23T20:15:31Z  OBSERVE  checkoutservice  rejection=0.0000  low=8 high=0  state=ON
2026-09-23T20:15:31Z  OBSERVE  currencyservice  rejection=0.0000  low=75 high=0  state=ON
2026-09-23T20:15:31Z  OBSERVE  emailservice  rejection=0.0000  low=10 high=0  state=ON
2026-09-23T20:15:31Z  OBSERVE  paymentservice  rejection=0.0000  low=75 high=0  state=ON
2026-09-23T20:15:31Z  OBSERVE  productcatalogservice  rejection=0.0000  low=75 high=0  state=ON
2026-09-23T20:15:31Z  OBSERVE  recommendationservice  rejection=0.0000  low=75 high=0  state=ON
2026-09-23T20:15:31Z  OBSERVE  shippingservice  rejection=0.0000  low=75 high=0  state=ON
2026-09-23T20:15:32Z  OBSERVE  adservice  rejection=0.0000  low=76 high=0  state=ON
2026-09-23T20:15:32Z  OBSERVE  cartservice  rejection=0.0000  low=76 high=0  state=ON
2026-09-23T20:15:32Z  OBSERVE  checkoutservice  rejection=0.0000  low=9 high=0  state=ON
2026-09-23T20:15:32Z  OBSERVE  currencyservice  rejection=0.0000  low=76 high=0  state=ON
2026-09-23T20:15:32Z  OBSERVE  emailservice  rejection=0.0000  low=11 high=0  state=ON
2026-09-23T20:15:32Z  OBSERVE  paymentservice  rejection=0.0000  low=76 high=0  state=ON
2026-09-23T20:15:32Z  OBSERVE  productcatalogservice  rejection=0.0000  low=76 high=0  state=ON
2026-09-23T20:15:32Z  OBSERVE  recommendationservice  rejection=0.0000  low=76 high=0  state=ON
2026-09-23T20:15:32Z  OBSERVE  shippingservice  rejection=0.0000  low=76 high=0  state=ON
2026-09-23T20:15:33Z  OBSERVE  adservice  rejection=0.0000  low=77 high=0  state=ON
2026-09-23T20:15:33Z  OBSERVE  cartservice  rejection=0.0000  low=77 high=0  state=ON
2026-09-23T20:15:33Z  OBSERVE  checkoutservice  rejection=0.0000  low=10 high=0  state=ON
2026-09-23T20:15:33Z  OBSERVE  currencyservice  rejection=0.0000  low=77 high=0  state=ON
2026-09-23T20:15:33Z  OBSERVE  emailservice  rejection=0.0000  low=12 high=0  state=ON
2026-09-23T20:15:33Z  OBSERVE  paymentservice  rejection=0.0000  low=77 high=0  state=ON
2026-09-23T20:15:33Z  OBSERVE  productcatalogservice  rejection=0.0000  low=77 high=0  state=ON
2026-09-23T20:15:33Z  OBSERVE  recommendationservice  rejection=0.0000  low=77 high=0  state=ON
2026-09-23T20:15:33Z  OBSERVE  shippingservice  rejection=0.0000  low=77 high=0  state=ON
2026-09-23T20:15:34Z  SKIP  adservice  no metric data this sample
2026-09-23T20:15:34Z  SKIP  cartservice  no metric data this sample
2026-09-23T20:15:34Z  SKIP  checkoutservice  no metric data this sample
2026-09-23T20:15:34Z  SKIP  currencyservice  no metric data this sample
2026-09-23T20:15:34Z  SKIP  emailservice  no metric data this sample
2026-09-23T20:15:34Z  SKIP  paymentservice  no metric data this sample
2026-09-23T20:15:34Z  SKIP  productcatalogservice  no metric data this sample
2026-09-23T20:15:34Z  SKIP  recommendationservice  no metric data this sample
2026-09-23T20:15:34Z  SKIP  shippingservice  no metric data this sample
2026-09-23T20:15:35Z  OBSERVE  adservice  rejection=0.0000  low=78 high=0  state=ON
2026-09-23T20:15:35Z  OBSERVE  cartservice  rejection=0.0000  low=78 high=0  state=ON
2026-09-23T20:15:35Z  OBSERVE  checkoutservice  rejection=0.0000  low=11 high=0  state=ON
2026-09-23T20:15:35Z  OBSERVE  currencyservice  rejection=0.0000  low=78 high=0  state=ON
2026-09-23T20:15:35Z  OBSERVE  emailservice  rejection=0.0000  low=13 high=0  state=ON
2026-09-23T20:15:35Z  OBSERVE  paymentservice  rejection=0.0000  low=78 high=0  state=ON
2026-09-23T20:15:35Z  OBSERVE  productcatalogservice  rejection=0.0000  low=78 high=0  state=ON
2026-09-23T20:15:35Z  OBSERVE  recommendationservice  rejection=0.0000  low=78 high=0  state=ON
2026-09-23T20:15:35Z  OBSERVE  shippingservice  rejection=0.0000  low=78 high=0  state=ON
2026-09-23T20:15:36Z  OBSERVE  adservice  rejection=0.0000  low=79 high=0  state=ON
2026-09-23T20:15:36Z  OBSERVE  cartservice  rejection=0.0000  low=79 high=0  state=ON
2026-09-23T20:15:36Z  OBSERVE  checkoutservice  rejection=0.0000  low=12 high=0  state=ON
2026-09-23T20:15:36Z  OBSERVE  currencyservice  rejection=0.0000  low=79 high=0  state=ON
2026-09-23T20:15:36Z  OBSERVE  emailservice  rejection=0.0000  low=14 high=0  state=ON
2026-09-23T20:15:36Z  OBSERVE  paymentservice  rejection=0.0000  low=79 high=0  state=ON
2026-09-23T20:15:36Z  OBSERVE  productcatalogservice  rejection=0.0000  low=79 high=0  state=ON
2026-09-23T20:15:36Z  OBSERVE  recommendationservice  rejection=0.0000  low=79 high=0  state=ON
2026-09-23T20:15:36Z  OBSERVE  shippingservice  rejection=0.0000  low=79 high=0  state=ON
2026-09-23T20:15:37Z  OBSERVE  adservice  rejection=0.0000  low=80 high=0  state=ON
2026-09-23T20:15:37Z  OBSERVE  cartservice  rejection=0.0000  low=80 high=0  state=ON
2026-09-23T20:15:37Z  OBSERVE  checkoutservice  rejection=0.0000  low=13 high=0  state=ON
2026-09-23T20:15:37Z  OBSERVE  currencyservice  rejection=0.0000  low=80 high=0  state=ON
2026-09-23T20:15:37Z  OBSERVE  emailservice  rejection=0.0000  low=15 high=0  state=ON
2026-09-23T20:15:37Z  OBSERVE  paymentservice  rejection=0.0000  low=80 high=0  state=ON
2026-09-23T20:15:37Z  OBSERVE  productcatalogservice  rejection=0.0000  low=80 high=0  state=ON
2026-09-23T20:15:37Z  OBSERVE  recommendationservice  rejection=0.0000  low=80 high=0  state=ON
2026-09-23T20:15:37Z  OBSERVE  shippingservice  rejection=0.0000  low=80 high=0  state=ON
2026-09-23T20:15:38Z  OBSERVE  adservice  rejection=0.0000  low=81 high=0  state=ON
2026-09-23T20:15:38Z  OBSERVE  cartservice  rejection=0.0000  low=81 high=0  state=ON
2026-09-23T20:15:38Z  OBSERVE  checkoutservice  rejection=0.0000  low=14 high=0  state=ON
2026-09-23T20:15:38Z  OBSERVE  currencyservice  rejection=0.0000  low=81 high=0  state=ON
2026-09-23T20:15:38Z  OBSERVE  emailservice  rejection=0.0000  low=16 high=0  state=ON
2026-09-23T20:15:38Z  OBSERVE  paymentservice  rejection=0.0000  low=81 high=0  state=ON
2026-09-23T20:15:38Z  OBSERVE  productcatalogservice  rejection=0.0000  low=81 high=0  state=ON
2026-09-23T20:15:38Z  OBSERVE  recommendationservice  rejection=0.0000  low=81 high=0  state=ON
2026-09-23T20:15:38Z  OBSERVE  shippingservice  rejection=0.0000  low=81 high=0  state=ON
2026-09-23T20:15:39Z  OBSERVE  adservice  rejection=0.0000  low=82 high=0  state=ON
2026-09-23T20:15:39Z  OBSERVE  cartservice  rejection=0.0000  low=82 high=0  state=ON
2026-09-23T20:15:39Z  OBSERVE  checkoutservice  rejection=0.0000  low=15 high=0  state=ON
2026-09-23T20:15:39Z  OBSERVE  currencyservice  rejection=0.0000  low=82 high=0  state=ON
2026-09-23T20:15:39Z  OBSERVE  emailservice  rejection=0.0000  low=17 high=0  state=ON
2026-09-23T20:15:39Z  OBSERVE  paymentservice  rejection=0.0000  low=82 high=0  state=ON
2026-09-23T20:15:39Z  OBSERVE  productcatalogservice  rejection=0.0000  low=82 high=0  state=ON
2026-09-23T20:15:39Z  SKIP  recommendationservice  no metric data this sample
2026-09-23T20:15:39Z  SKIP  shippingservice  no metric data this sample
2026-09-23T20:15:40Z  SKIP  adservice  no metric data this sample
2026-09-23T20:15:40Z  SKIP  cartservice  no metric data this sample
2026-09-23T20:15:40Z  SKIP  checkoutservice  no metric data this sample
2026-09-23T20:15:40Z  SKIP  currencyservice  no metric data this sample
2026-09-23T20:15:40Z  SKIP  emailservice  no metric data this sample
2026-09-23T20:15:40Z  SKIP  paymentservice  no metric data this sample
2026-09-23T20:15:40Z  SKIP  productcatalogservice  no metric data this sample
2026-09-23T20:15:40Z  OBSERVE  recommendationservice  rejection=0.0000  low=82 high=0  state=ON
2026-09-23T20:15:40Z  OBSERVE  shippingservice  rejection=0.0000  low=82 high=0  state=ON
2026-09-23T20:15:41Z  OBSERVE  adservice  rejection=0.0000  low=83 high=0  state=ON
2026-09-23T20:15:41Z  OBSERVE  cartservice  rejection=0.0000  low=83 high=0  state=ON
2026-09-23T20:15:41Z  OBSERVE  checkoutservice  rejection=0.0000  low=16 high=0  state=ON
2026-09-23T20:15:41Z  OBSERVE  currencyservice  rejection=0.0000  low=83 high=0  state=ON
2026-09-23T20:15:41Z  OBSERVE  emailservice  rejection=0.0000  low=18 high=0  state=ON
2026-09-23T20:15:41Z  OBSERVE  paymentservice  rejection=0.0000  low=83 high=0  state=ON
2026-09-23T20:15:41Z  OBSERVE  productcatalogservice  rejection=0.0000  low=83 high=0  state=ON
2026-09-23T20:15:41Z  OBSERVE  recommendationservice  rejection=0.0000  low=83 high=0  state=ON
2026-09-23T20:15:41Z  OBSERVE  shippingservice  rejection=0.0000  low=83 high=0  state=ON
2026-09-23T20:15:42Z  OBSERVE  adservice  rejection=0.0000  low=84 high=0  state=ON
2026-09-23T20:15:42Z  OBSERVE  cartservice  rejection=0.0000  low=84 high=0  state=ON
2026-09-23T20:15:42Z  OBSERVE  checkoutservice  rejection=0.0000  low=17 high=0  state=ON
2026-09-23T20:15:42Z  OBSERVE  currencyservice  rejection=0.0000  low=84 high=0  state=ON
2026-09-23T20:15:42Z  OBSERVE  emailservice  rejection=0.0000  low=19 high=0  state=ON
2026-09-23T20:15:42Z  OBSERVE  paymentservice  rejection=0.0000  low=84 high=0  state=ON
2026-09-23T20:15:42Z  OBSERVE  productcatalogservice  rejection=0.0000  low=84 high=0  state=ON
2026-09-23T20:15:42Z  OBSERVE  recommendationservice  rejection=0.0000  low=84 high=0  state=ON
2026-09-23T20:15:42Z  OBSERVE  shippingservice  rejection=0.0000  low=84 high=0  state=ON
2026-09-23T20:15:43Z  OBSERVE  adservice  rejection=0.0000  low=85 high=0  state=ON
2026-09-23T20:15:43Z  OBSERVE  cartservice  rejection=0.0000  low=85 high=0  state=ON
2026-09-23T20:15:43Z  OBSERVE  checkoutservice  rejection=0.0000  low=18 high=0  state=ON
2026-09-23T20:15:43Z  OBSERVE  currencyservice  rejection=0.0000  low=85 high=0  state=ON
2026-09-23T20:15:43Z  OBSERVE  emailservice  rejection=0.0000  low=20 high=0  state=ON
2026-09-23T20:15:43Z  OBSERVE  paymentservice  rejection=0.0000  low=85 high=0  state=ON
2026-09-23T20:15:43Z  OBSERVE  productcatalogservice  rejection=0.0000  low=85 high=0  state=ON
2026-09-23T20:15:43Z  OBSERVE  recommendationservice  rejection=0.0000  low=85 high=0  state=ON
2026-09-23T20:15:43Z  OBSERVE  shippingservice  rejection=0.0000  low=85 high=0  state=ON
2026-09-23T20:15:44Z  OBSERVE  adservice  rejection=0.0000  low=86 high=0  state=ON
2026-09-23T20:15:44Z  OBSERVE  cartservice  rejection=0.0000  low=86 high=0  state=ON
2026-09-23T20:15:44Z  OBSERVE  checkoutservice  rejection=0.0000  low=19 high=0  state=ON
2026-09-23T20:15:44Z  OBSERVE  currencyservice  rejection=0.0000  low=86 high=0  state=ON
2026-09-23T20:15:44Z  OBSERVE  emailservice  rejection=0.0000  low=21 high=0  state=ON
2026-09-23T20:15:44Z  OBSERVE  paymentservice  rejection=0.0000  low=86 high=0  state=ON
2026-09-23T20:15:44Z  OBSERVE  productcatalogservice  rejection=0.0000  low=86 high=0  state=ON
2026-09-23T20:15:44Z  OBSERVE  recommendationservice  rejection=0.0000  low=86 high=0  state=ON
2026-09-23T20:15:44Z  OBSERVE  shippingservice  rejection=0.0000  low=86 high=0  state=ON
2026-09-23T20:15:45Z  OBSERVE  adservice  rejection=0.0000  low=87 high=0  state=ON
2026-09-23T20:15:45Z  OBSERVE  cartservice  rejection=0.0000  low=87 high=0  state=ON
2026-09-23T20:15:45Z  OBSERVE  checkoutservice  rejection=0.0000  low=20 high=0  state=ON
2026-09-23T20:15:45Z  OBSERVE  currencyservice  rejection=0.0000  low=87 high=0  state=ON
2026-09-23T20:15:45Z  OBSERVE  emailservice  rejection=0.0000  low=22 high=0  state=ON
2026-09-23T20:15:45Z  OBSERVE  paymentservice  rejection=0.0000  low=87 high=0  state=ON
2026-09-23T20:15:45Z  OBSERVE  productcatalogservice  rejection=0.0000  low=87 high=0  state=ON
2026-09-23T20:15:45Z  OBSERVE  recommendationservice  rejection=0.0000  low=87 high=0  state=ON
2026-09-23T20:15:45Z  OBSERVE  shippingservice  rejection=0.0000  low=87 high=0  state=ON
2026-09-23T20:15:46Z  OBSERVE  adservice  rejection=0.0000  low=88 high=0  state=ON
2026-09-23T20:15:46Z  OBSERVE  cartservice  rejection=0.0000  low=88 high=0  state=ON
2026-09-23T20:15:46Z  OBSERVE  checkoutservice  rejection=0.0000  low=21 high=0  state=ON
2026-09-23T20:15:46Z  OBSERVE  currencyservice  rejection=0.0000  low=88 high=0  state=ON
2026-09-23T20:15:46Z  OBSERVE  emailservice  rejection=0.0000  low=23 high=0  state=ON
2026-09-23T20:15:46Z  OBSERVE  paymentservice  rejection=0.0000  low=88 high=0  state=ON
2026-09-23T20:15:46Z  OBSERVE  productcatalogservice  rejection=0.0000  low=88 high=0  state=ON
2026-09-23T20:15:46Z  OBSERVE  recommendationservice  rejection=0.0000  low=88 high=0  state=ON
2026-09-23T20:15:46Z  OBSERVE  shippingservice  rejection=0.0000  low=88 high=0  state=ON
2026-09-23T20:15:47Z  OBSERVE  adservice  rejection=0.0000  low=89 high=0  state=ON
2026-09-23T20:15:47Z  OBSERVE  cartservice  rejection=0.0000  low=89 high=0  state=ON
2026-09-23T20:15:47Z  OBSERVE  checkoutservice  rejection=0.0000  low=22 high=0  state=ON
2026-09-23T20:15:47Z  OBSERVE  currencyservice  rejection=0.0000  low=89 high=0  state=ON
2026-09-23T20:15:47Z  OBSERVE  emailservice  rejection=0.0000  low=24 high=0  state=ON
2026-09-23T20:15:47Z  OBSERVE  paymentservice  rejection=0.0000  low=89 high=0  state=ON
2026-09-23T20:15:47Z  OBSERVE  productcatalogservice  rejection=0.0000  low=89 high=0  state=ON
2026-09-23T20:15:47Z  OBSERVE  recommendationservice  rejection=0.0000  low=89 high=0  state=ON
2026-09-23T20:15:47Z  OBSERVE  shippingservice  rejection=0.0000  low=89 high=0  state=ON
2026-09-23T20:15:48Z  OBSERVE  adservice  rejection=0.0000  low=90 high=0  state=ON
2026-09-23T20:15:48Z  OBSERVE  cartservice  rejection=0.0000  low=90 high=0  state=ON
2026-09-23T20:15:48Z  OBSERVE  checkoutservice  rejection=0.0000  low=23 high=0  state=ON
2026-09-23T20:15:48Z  OBSERVE  currencyservice  rejection=0.0000  low=90 high=0  state=ON
2026-09-23T20:15:48Z  OBSERVE  emailservice  rejection=0.0000  low=25 high=0  state=ON
2026-09-23T20:15:48Z  OBSERVE  paymentservice  rejection=0.0000  low=90 high=0  state=ON
2026-09-23T20:15:48Z  OBSERVE  productcatalogservice  rejection=0.0000  low=90 high=0  state=ON
2026-09-23T20:15:48Z  OBSERVE  recommendationservice  rejection=0.0000  low=90 high=0  state=ON
2026-09-23T20:15:48Z  OBSERVE  shippingservice  rejection=0.0000  low=90 high=0  state=ON
2026-09-23T20:15:49Z  OBSERVE  adservice  rejection=0.0000  low=91 high=0  state=ON
2026-09-23T20:15:49Z  OBSERVE  cartservice  rejection=0.0000  low=91 high=0  state=ON
2026-09-23T20:15:49Z  OBSERVE  checkoutservice  rejection=0.0000  low=24 high=0  state=ON
2026-09-23T20:15:49Z  OBSERVE  currencyservice  rejection=0.0000  low=91 high=0  state=ON
2026-09-23T20:15:49Z  OBSERVE  emailservice  rejection=0.0000  low=26 high=0  state=ON
2026-09-23T20:15:49Z  OBSERVE  paymentservice  rejection=0.0000  low=91 high=0  state=ON
2026-09-23T20:15:49Z  OBSERVE  productcatalogservice  rejection=0.0000  low=91 high=0  state=ON
2026-09-23T20:15:49Z  OBSERVE  recommendationservice  rejection=0.0000  low=91 high=0  state=ON
2026-09-23T20:15:49Z  OBSERVE  shippingservice  rejection=0.0000  low=91 high=0  state=ON
2026-09-23T20:15:50Z  SKIP  adservice  no metric data this sample
2026-09-23T20:15:50Z  SKIP  cartservice  no metric data this sample
2026-09-23T20:15:50Z  SKIP  checkoutservice  no metric data this sample
2026-09-23T20:15:50Z  SKIP  currencyservice  no metric data this sample
2026-09-23T20:15:50Z  SKIP  emailservice  no metric data this sample
2026-09-23T20:15:50Z  SKIP  paymentservice  no metric data this sample
2026-09-23T20:15:50Z  SKIP  productcatalogservice  no metric data this sample
2026-09-23T20:15:50Z  SKIP  recommendationservice  no metric data this sample
2026-09-23T20:15:50Z  SKIP  shippingservice  no metric data this sample
2026-09-23T20:15:51Z  OBSERVE  adservice  rejection=0.0000  low=92 high=0  state=ON
2026-09-23T20:15:51Z  OBSERVE  cartservice  rejection=0.0000  low=92 high=0  state=ON
2026-09-23T20:15:51Z  OBSERVE  checkoutservice  rejection=0.0000  low=25 high=0  state=ON
2026-09-23T20:15:51Z  OBSERVE  currencyservice  rejection=0.0000  low=92 high=0  state=ON
2026-09-23T20:15:51Z  OBSERVE  emailservice  rejection=0.0000  low=27 high=0  state=ON
2026-09-23T20:15:51Z  OBSERVE  paymentservice  rejection=0.0000  low=92 high=0  state=ON
2026-09-23T20:15:51Z  OBSERVE  productcatalogservice  rejection=0.0000  low=92 high=0  state=ON
2026-09-23T20:15:51Z  OBSERVE  recommendationservice  rejection=0.0000  low=92 high=0  state=ON
2026-09-23T20:15:51Z  OBSERVE  shippingservice  rejection=0.0000  low=92 high=0  state=ON
2026-09-23T20:15:52Z  SKIP  adservice  no metric data this sample
2026-09-23T20:15:52Z  SKIP  cartservice  no metric data this sample
2026-09-23T20:15:52Z  SKIP  checkoutservice  no metric data this sample
2026-09-23T20:15:52Z  SKIP  currencyservice  no metric data this sample
2026-09-23T20:15:52Z  SKIP  emailservice  no metric data this sample
2026-09-23T20:15:52Z  SKIP  paymentservice  no metric data this sample
2026-09-23T20:15:52Z  SKIP  productcatalogservice  no metric data this sample
2026-09-23T20:15:52Z  SKIP  recommendationservice  no metric data this sample
2026-09-23T20:15:52Z  SKIP  shippingservice  no metric data this sample
2026-09-23T20:15:53Z  OBSERVE  adservice  rejection=0.0000  low=93 high=0  state=ON
2026-09-23T20:15:53Z  OBSERVE  cartservice  rejection=0.0000  low=93 high=0  state=ON
2026-09-23T20:15:53Z  OBSERVE  checkoutservice  rejection=0.0000  low=26 high=0  state=ON
2026-09-23T20:15:53Z  OBSERVE  currencyservice  rejection=0.0000  low=93 high=0  state=ON
2026-09-23T20:15:53Z  OBSERVE  emailservice  rejection=0.0000  low=28 high=0  state=ON
2026-09-23T20:15:53Z  OBSERVE  paymentservice  rejection=0.0000  low=93 high=0  state=ON
2026-09-23T20:15:53Z  OBSERVE  productcatalogservice  rejection=0.0000  low=93 high=0  state=ON
2026-09-23T20:15:53Z  OBSERVE  recommendationservice  rejection=0.0000  low=93 high=0  state=ON
2026-09-23T20:15:53Z  OBSERVE  shippingservice  rejection=0.0000  low=93 high=0  state=ON
2026-09-23T20:15:54Z  OBSERVE  adservice  rejection=0.0000  low=94 high=0  state=ON
2026-09-23T20:15:54Z  OBSERVE  cartservice  rejection=0.0000  low=94 high=0  state=ON
2026-09-23T20:15:54Z  OBSERVE  checkoutservice  rejection=0.0000  low=27 high=0  state=ON
2026-09-23T20:15:54Z  OBSERVE  currencyservice  rejection=0.0000  low=94 high=0  state=ON
2026-09-23T20:15:54Z  OBSERVE  emailservice  rejection=0.0000  low=29 high=0  state=ON
2026-09-23T20:15:54Z  OBSERVE  paymentservice  rejection=0.0000  low=94 high=0  state=ON
2026-09-23T20:15:54Z  OBSERVE  productcatalogservice  rejection=0.0000  low=94 high=0  state=ON
2026-09-23T20:15:54Z  OBSERVE  recommendationservice  rejection=0.0000  low=94 high=0  state=ON
2026-09-23T20:15:54Z  OBSERVE  shippingservice  rejection=0.0000  low=94 high=0  state=ON
2026-09-23T20:15:55Z  OBSERVE  adservice  rejection=0.0000  low=95 high=0  state=ON
2026-09-23T20:15:55Z  OBSERVE  cartservice  rejection=0.0000  low=95 high=0  state=ON
2026-09-23T20:15:55Z  OBSERVE  checkoutservice  rejection=0.0000  low=28 high=0  state=ON
2026-09-23T20:15:55Z  OBSERVE  currencyservice  rejection=0.0000  low=95 high=0  state=ON
2026-09-23T20:15:55Z  OBSERVE  emailservice  rejection=0.0000  low=30 high=0  state=ON
2026-09-23T20:15:55Z  OBSERVE  paymentservice  rejection=0.0000  low=95 high=0  state=ON
2026-09-23T20:15:55Z  OBSERVE  productcatalogservice  rejection=0.0000  low=95 high=0  state=ON
2026-09-23T20:15:55Z  OBSERVE  recommendationservice  rejection=0.0000  low=95 high=0  state=ON
2026-09-23T20:15:55Z  OBSERVE  shippingservice  rejection=0.0000  low=95 high=0  state=ON
2026-09-23T20:15:56Z  OBSERVE  adservice  rejection=0.0000  low=96 high=0  state=ON
2026-09-23T20:15:56Z  OBSERVE  cartservice  rejection=0.0000  low=96 high=0  state=ON
2026-09-23T20:15:56Z  OBSERVE  checkoutservice  rejection=0.0000  low=29 high=0  state=ON
2026-09-23T20:15:56Z  OBSERVE  currencyservice  rejection=0.0000  low=96 high=0  state=ON
2026-09-23T20:15:56Z  OBSERVE  emailservice  rejection=0.0000  low=31 high=0  state=ON
2026-09-23T20:15:56Z  OBSERVE  paymentservice  rejection=0.0000  low=96 high=0  state=ON
2026-09-23T20:15:56Z  OBSERVE  productcatalogservice  rejection=0.0000  low=96 high=0  state=ON
2026-09-23T20:15:56Z  OBSERVE  recommendationservice  rejection=0.0000  low=96 high=0  state=ON
2026-09-23T20:15:56Z  OBSERVE  shippingservice  rejection=0.0000  low=96 high=0  state=ON
2026-09-23T20:15:57Z  SKIP  adservice  no metric data this sample
2026-09-23T20:15:57Z  SKIP  cartservice  no metric data this sample
2026-09-23T20:15:57Z  SKIP  checkoutservice  no metric data this sample
2026-09-23T20:15:57Z  SKIP  currencyservice  no metric data this sample
2026-09-23T20:15:57Z  SKIP  emailservice  no metric data this sample
2026-09-23T20:15:57Z  SKIP  paymentservice  no metric data this sample
2026-09-23T20:15:57Z  SKIP  productcatalogservice  no metric data this sample
2026-09-23T20:15:57Z  SKIP  recommendationservice  no metric data this sample
2026-09-23T20:15:57Z  SKIP  shippingservice  no metric data this sample
2026-09-23T20:15:58Z  OBSERVE  adservice  rejection=0.0000  low=97 high=0  state=ON
2026-09-23T20:15:58Z  OBSERVE  cartservice  rejection=0.0000  low=97 high=0  state=ON
2026-09-23T20:15:58Z  OBSERVE  checkoutservice  rejection=0.0000  low=30 high=0  state=ON
2026-09-23T20:15:58Z  OBSERVE  currencyservice  rejection=0.0000  low=97 high=0  state=ON
2026-09-23T20:15:58Z  OBSERVE  emailservice  rejection=0.0000  low=32 high=0  state=ON
2026-09-23T20:15:58Z  OBSERVE  paymentservice  rejection=0.0000  low=97 high=0  state=ON
2026-09-23T20:15:58Z  OBSERVE  productcatalogservice  rejection=0.0000  low=97 high=0  state=ON
2026-09-23T20:15:58Z  OBSERVE  recommendationservice  rejection=0.0000  low=97 high=0  state=ON
2026-09-23T20:15:58Z  OBSERVE  shippingservice  rejection=0.0000  low=97 high=0  state=ON
2026-09-23T20:15:59Z  OBSERVE  adservice  rejection=0.0000  low=98 high=0  state=ON
2026-09-23T20:15:59Z  OBSERVE  cartservice  rejection=0.0000  low=98 high=0  state=ON
2026-09-23T20:15:59Z  OBSERVE  checkoutservice  rejection=0.0000  low=31 high=0  state=ON
2026-09-23T20:15:59Z  OBSERVE  currencyservice  rejection=0.0000  low=98 high=0  state=ON
2026-09-23T20:15:59Z  OBSERVE  emailservice  rejection=0.0000  low=33 high=0  state=ON
2026-09-23T20:15:59Z  OBSERVE  paymentservice  rejection=0.0000  low=98 high=0  state=ON
2026-09-23T20:15:59Z  OBSERVE  productcatalogservice  rejection=0.0000  low=98 high=0  state=ON
2026-09-23T20:15:59Z  OBSERVE  recommendationservice  rejection=0.0000  low=98 high=0  state=ON
2026-09-23T20:15:59Z  OBSERVE  shippingservice  rejection=0.0000  low=98 high=0  state=ON
2026-09-23T20:16:00Z  OBSERVE  adservice  rejection=0.0000  low=99 high=0  state=ON
2026-09-23T20:16:00Z  OBSERVE  cartservice  rejection=0.0000  low=99 high=0  state=ON
2026-09-23T20:16:00Z  OBSERVE  checkoutservice  rejection=0.0000  low=32 high=0  state=ON
2026-09-23T20:16:00Z  OBSERVE  currencyservice  rejection=0.0000  low=99 high=0  state=ON
2026-09-23T20:16:00Z  OBSERVE  emailservice  rejection=0.0000  low=34 high=0  state=ON
2026-09-23T20:16:00Z  OBSERVE  paymentservice  rejection=0.0000  low=99 high=0  state=ON
2026-09-23T20:16:00Z  OBSERVE  productcatalogservice  rejection=0.0000  low=99 high=0  state=ON
2026-09-23T20:16:00Z  OBSERVE  recommendationservice  rejection=0.0000  low=99 high=0  state=ON
2026-09-23T20:16:00Z  OBSERVE  shippingservice  rejection=0.0000  low=99 high=0  state=ON
2026-09-23T20:16:01Z  OBSERVE  adservice  rejection=0.0000  low=100 high=0  state=ON
2026-09-23T20:16:01Z  OBSERVE  cartservice  rejection=0.0000  low=100 high=0  state=ON
2026-09-23T20:16:01Z  OBSERVE  checkoutservice  rejection=0.0000  low=33 high=0  state=ON
2026-09-23T20:16:01Z  OBSERVE  currencyservice  rejection=0.0000  low=100 high=0  state=ON
2026-09-23T20:16:01Z  OBSERVE  emailservice  rejection=0.0000  low=35 high=0  state=ON
2026-09-23T20:16:01Z  OBSERVE  paymentservice  rejection=0.0000  low=100 high=0  state=ON
2026-09-23T20:16:01Z  OBSERVE  productcatalogservice  rejection=0.0000  low=100 high=0  state=ON
2026-09-23T20:16:01Z  OBSERVE  recommendationservice  rejection=0.0000  low=100 high=0  state=ON
2026-09-23T20:16:01Z  OBSERVE  shippingservice  rejection=0.0000  low=100 high=0  state=ON
2026-09-23T20:16:02Z  OBSERVE  adservice  rejection=0.0000  low=101 high=0  state=ON
2026-09-23T20:16:02Z  OBSERVE  cartservice  rejection=0.0000  low=101 high=0  state=ON
2026-09-23T20:16:02Z  OBSERVE  checkoutservice  rejection=0.0000  low=34 high=0  state=ON
2026-09-23T20:16:02Z  OBSERVE  currencyservice  rejection=0.0000  low=101 high=0  state=ON
2026-09-23T20:16:02Z  OBSERVE  emailservice  rejection=0.0000  low=36 high=0  state=ON
2026-09-23T20:16:02Z  OBSERVE  paymentservice  rejection=0.0000  low=101 high=0  state=ON
2026-09-23T20:16:02Z  OBSERVE  productcatalogservice  rejection=0.0000  low=101 high=0  state=ON
2026-09-23T20:16:02Z  OBSERVE  recommendationservice  rejection=0.0000  low=101 high=0  state=ON
2026-09-23T20:16:02Z  OBSERVE  shippingservice  rejection=0.0000  low=101 high=0  state=ON
2026-09-23T20:16:03Z  OBSERVE  adservice  rejection=0.0000  low=102 high=0  state=ON
2026-09-23T20:16:03Z  OBSERVE  cartservice  rejection=0.0000  low=102 high=0  state=ON
2026-09-23T20:16:03Z  OBSERVE  checkoutservice  rejection=0.0000  low=35 high=0  state=ON
2026-09-23T20:16:03Z  OBSERVE  currencyservice  rejection=0.0000  low=102 high=0  state=ON
2026-09-23T20:16:03Z  OBSERVE  emailservice  rejection=0.0000  low=37 high=0  state=ON
2026-09-23T20:16:03Z  OBSERVE  paymentservice  rejection=0.0000  low=102 high=0  state=ON
2026-09-23T20:16:03Z  OBSERVE  productcatalogservice  rejection=0.0000  low=102 high=0  state=ON
2026-09-23T20:16:03Z  OBSERVE  recommendationservice  rejection=0.0000  low=102 high=0  state=ON
2026-09-23T20:16:03Z  OBSERVE  shippingservice  rejection=0.0000  low=102 high=0  state=ON
2026-09-23T20:16:04Z  OBSERVE  adservice  rejection=0.0000  low=103 high=0  state=ON
2026-09-23T20:16:04Z  OBSERVE  cartservice  rejection=0.0000  low=103 high=0  state=ON
2026-09-23T20:16:04Z  OBSERVE  checkoutservice  rejection=0.0000  low=36 high=0  state=ON
2026-09-23T20:16:04Z  OBSERVE  currencyservice  rejection=0.0000  low=103 high=0  state=ON
2026-09-23T20:16:04Z  OBSERVE  emailservice  rejection=0.0000  low=38 high=0  state=ON
2026-09-23T20:16:04Z  OBSERVE  paymentservice  rejection=0.0000  low=103 high=0  state=ON
2026-09-23T20:16:04Z  OBSERVE  productcatalogservice  rejection=0.0000  low=103 high=0  state=ON
2026-09-23T20:16:04Z  OBSERVE  recommendationservice  rejection=0.0000  low=103 high=0  state=ON
2026-09-23T20:16:04Z  OBSERVE  shippingservice  rejection=0.0000  low=103 high=0  state=ON
2026-09-23T20:16:05Z  OBSERVE  adservice  rejection=0.0000  low=104 high=0  state=ON
2026-09-23T20:16:05Z  OBSERVE  cartservice  rejection=0.0000  low=104 high=0  state=ON
2026-09-23T20:16:05Z  OBSERVE  checkoutservice  rejection=0.0000  low=37 high=0  state=ON
2026-09-23T20:16:05Z  OBSERVE  currencyservice  rejection=0.0000  low=104 high=0  state=ON
2026-09-23T20:16:05Z  OBSERVE  emailservice  rejection=0.0000  low=39 high=0  state=ON
2026-09-23T20:16:05Z  OBSERVE  paymentservice  rejection=0.0000  low=104 high=0  state=ON
2026-09-23T20:16:05Z  OBSERVE  productcatalogservice  rejection=0.0000  low=104 high=0  state=ON
2026-09-23T20:16:05Z  OBSERVE  recommendationservice  rejection=0.0000  low=104 high=0  state=ON
2026-09-23T20:16:05Z  OBSERVE  shippingservice  rejection=0.0000  low=104 high=0  state=ON
2026-09-23T20:16:06Z  OBSERVE  adservice  rejection=0.0000  low=105 high=0  state=ON
2026-09-23T20:16:06Z  OBSERVE  cartservice  rejection=0.0000  low=105 high=0  state=ON
2026-09-23T20:16:06Z  OBSERVE  checkoutservice  rejection=0.0000  low=38 high=0  state=ON
2026-09-23T20:16:06Z  OBSERVE  currencyservice  rejection=0.0000  low=105 high=0  state=ON
2026-09-23T20:16:06Z  OBSERVE  emailservice  rejection=0.0000  low=40 high=0  state=ON
2026-09-23T20:16:06Z  OBSERVE  paymentservice  rejection=0.0000  low=105 high=0  state=ON
2026-09-23T20:16:06Z  OBSERVE  productcatalogservice  rejection=0.0000  low=105 high=0  state=ON
2026-09-23T20:16:06Z  OBSERVE  recommendationservice  rejection=0.0000  low=105 high=0  state=ON
2026-09-23T20:16:06Z  OBSERVE  shippingservice  rejection=0.0000  low=105 high=0  state=ON
2026-09-23T20:16:07Z  OBSERVE  adservice  rejection=0.0000  low=106 high=0  state=ON
2026-09-23T20:16:07Z  OBSERVE  cartservice  rejection=0.0000  low=106 high=0  state=ON
2026-09-23T20:16:07Z  OBSERVE  checkoutservice  rejection=0.0000  low=39 high=0  state=ON
2026-09-23T20:16:07Z  OBSERVE  currencyservice  rejection=0.0000  low=106 high=0  state=ON
2026-09-23T20:16:07Z  OBSERVE  emailservice  rejection=0.0000  low=41 high=0  state=ON
2026-09-23T20:16:07Z  OBSERVE  paymentservice  rejection=0.0000  low=106 high=0  state=ON
2026-09-23T20:16:07Z  OBSERVE  productcatalogservice  rejection=0.0000  low=106 high=0  state=ON
2026-09-23T20:16:07Z  OBSERVE  recommendationservice  rejection=0.0000  low=106 high=0  state=ON
2026-09-23T20:16:07Z  OBSERVE  shippingservice  rejection=0.0000  low=106 high=0  state=ON
2026-09-23T20:16:08Z  OBSERVE  adservice  rejection=0.0000  low=107 high=0  state=ON
2026-09-23T20:16:08Z  OBSERVE  cartservice  rejection=0.0000  low=107 high=0  state=ON
2026-09-23T20:16:08Z  OBSERVE  checkoutservice  rejection=0.0000  low=40 high=0  state=ON
2026-09-23T20:16:08Z  OBSERVE  currencyservice  rejection=0.0000  low=107 high=0  state=ON
2026-09-23T20:16:08Z  OBSERVE  emailservice  rejection=0.0000  low=42 high=0  state=ON
2026-09-23T20:16:08Z  OBSERVE  paymentservice  rejection=0.0000  low=107 high=0  state=ON
2026-09-23T20:16:08Z  OBSERVE  productcatalogservice  rejection=0.0000  low=107 high=0  state=ON
2026-09-23T20:16:08Z  OBSERVE  recommendationservice  rejection=0.0000  low=107 high=0  state=ON
2026-09-23T20:16:08Z  OBSERVE  shippingservice  rejection=0.0000  low=107 high=0  state=ON
2026-09-23T20:16:09Z  OBSERVE  adservice  rejection=0.0000  low=108 high=0  state=ON
2026-09-23T20:16:09Z  OBSERVE  cartservice  rejection=0.0000  low=108 high=0  state=ON
2026-09-23T20:16:09Z  OBSERVE  checkoutservice  rejection=0.0000  low=41 high=0  state=ON
2026-09-23T20:16:09Z  OBSERVE  currencyservice  rejection=0.0000  low=108 high=0  state=ON
2026-09-23T20:16:09Z  OBSERVE  emailservice  rejection=0.0000  low=43 high=0  state=ON
2026-09-23T20:16:09Z  OBSERVE  paymentservice  rejection=0.0000  low=108 high=0  state=ON
2026-09-23T20:16:09Z  OBSERVE  productcatalogservice  rejection=0.0000  low=108 high=0  state=ON
2026-09-23T20:16:09Z  OBSERVE  recommendationservice  rejection=0.0000  low=108 high=0  state=ON
2026-09-23T20:16:09Z  OBSERVE  shippingservice  rejection=0.0000  low=108 high=0  state=ON
2026-09-23T20:16:10Z  OBSERVE  adservice  rejection=0.0000  low=109 high=0  state=ON
2026-09-23T20:16:10Z  OBSERVE  cartservice  rejection=0.0000  low=109 high=0  state=ON
2026-09-23T20:16:10Z  OBSERVE  checkoutservice  rejection=0.0000  low=42 high=0  state=ON
2026-09-23T20:16:10Z  OBSERVE  currencyservice  rejection=0.0000  low=109 high=0  state=ON
2026-09-23T20:16:10Z  OBSERVE  emailservice  rejection=0.0000  low=44 high=0  state=ON
2026-09-23T20:16:10Z  OBSERVE  paymentservice  rejection=0.0000  low=109 high=0  state=ON
2026-09-23T20:16:10Z  OBSERVE  productcatalogservice  rejection=0.0000  low=109 high=0  state=ON
2026-09-23T20:16:10Z  OBSERVE  recommendationservice  rejection=0.0000  low=109 high=0  state=ON
2026-09-23T20:16:10Z  OBSERVE  shippingservice  rejection=0.0000  low=109 high=0  state=ON
2026-09-23T20:16:11Z  OBSERVE  adservice  rejection=0.0000  low=110 high=0  state=ON
2026-09-23T20:16:11Z  OBSERVE  cartservice  rejection=0.0000  low=110 high=0  state=ON
2026-09-23T20:16:11Z  OBSERVE  checkoutservice  rejection=0.0000  low=43 high=0  state=ON
2026-09-23T20:16:11Z  OBSERVE  currencyservice  rejection=0.0000  low=110 high=0  state=ON
2026-09-23T20:16:11Z  OBSERVE  emailservice  rejection=0.0000  low=45 high=0  state=ON
2026-09-23T20:16:11Z  OBSERVE  paymentservice  rejection=0.0000  low=110 high=0  state=ON
2026-09-23T20:16:11Z  OBSERVE  productcatalogservice  rejection=0.0000  low=110 high=0  state=ON
2026-09-23T20:16:11Z  OBSERVE  recommendationservice  rejection=0.0000  low=110 high=0  state=ON
2026-09-23T20:16:11Z  OBSERVE  shippingservice  rejection=0.0000  low=110 high=0  state=ON
2026-09-23T20:16:12Z  OBSERVE  adservice  rejection=0.0000  low=111 high=0  state=ON
2026-09-23T20:16:12Z  OBSERVE  cartservice  rejection=0.0000  low=111 high=0  state=ON
2026-09-23T20:16:12Z  OBSERVE  checkoutservice  rejection=0.0000  low=44 high=0  state=ON
2026-09-23T20:16:12Z  OBSERVE  currencyservice  rejection=0.0000  low=111 high=0  state=ON
2026-09-23T20:16:12Z  OBSERVE  emailservice  rejection=0.0000  low=46 high=0  state=ON
2026-09-23T20:16:12Z  OBSERVE  paymentservice  rejection=0.0000  low=111 high=0  state=ON
2026-09-23T20:16:12Z  OBSERVE  productcatalogservice  rejection=0.0000  low=111 high=0  state=ON
2026-09-23T20:16:12Z  OBSERVE  recommendationservice  rejection=0.0000  low=111 high=0  state=ON
2026-09-23T20:16:12Z  OBSERVE  shippingservice  rejection=0.0000  low=111 high=0  state=ON
2026-09-23T20:16:13Z  OBSERVE  adservice  rejection=0.0000  low=112 high=0  state=ON
2026-09-23T20:16:13Z  OBSERVE  cartservice  rejection=0.0000  low=112 high=0  state=ON
2026-09-23T20:16:13Z  OBSERVE  checkoutservice  rejection=0.0000  low=45 high=0  state=ON
2026-09-23T20:16:13Z  OBSERVE  currencyservice  rejection=0.0000  low=112 high=0  state=ON
2026-09-23T20:16:13Z  OBSERVE  emailservice  rejection=0.0000  low=47 high=0  state=ON
2026-09-23T20:16:13Z  OBSERVE  paymentservice  rejection=0.0000  low=112 high=0  state=ON
2026-09-23T20:16:13Z  OBSERVE  productcatalogservice  rejection=0.0000  low=112 high=0  state=ON
2026-09-23T20:16:13Z  OBSERVE  recommendationservice  rejection=0.0000  low=112 high=0  state=ON
2026-09-23T20:16:13Z  OBSERVE  shippingservice  rejection=0.0000  low=112 high=0  state=ON
2026-09-23T20:16:14Z  OBSERVE  adservice  rejection=0.0000  low=113 high=0  state=ON
2026-09-23T20:16:14Z  OBSERVE  cartservice  rejection=0.0000  low=113 high=0  state=ON
2026-09-23T20:16:14Z  OBSERVE  checkoutservice  rejection=0.0000  low=46 high=0  state=ON
2026-09-23T20:16:14Z  OBSERVE  currencyservice  rejection=0.0000  low=113 high=0  state=ON
2026-09-23T20:16:14Z  OBSERVE  emailservice  rejection=0.0000  low=48 high=0  state=ON
2026-09-23T20:16:14Z  OBSERVE  paymentservice  rejection=0.0000  low=113 high=0  state=ON
2026-09-23T20:16:14Z  OBSERVE  productcatalogservice  rejection=0.0000  low=113 high=0  state=ON
2026-09-23T20:16:14Z  OBSERVE  recommendationservice  rejection=0.0000  low=113 high=0  state=ON
2026-09-23T20:16:14Z  OBSERVE  shippingservice  rejection=0.0000  low=113 high=0  state=ON
2026-09-23T20:16:15Z  OBSERVE  adservice  rejection=0.0000  low=114 high=0  state=ON
2026-09-23T20:16:15Z  OBSERVE  cartservice  rejection=0.0000  low=114 high=0  state=ON
2026-09-23T20:16:15Z  OBSERVE  checkoutservice  rejection=0.0000  low=47 high=0  state=ON
2026-09-23T20:16:15Z  OBSERVE  currencyservice  rejection=0.0000  low=114 high=0  state=ON
2026-09-23T20:16:15Z  OBSERVE  emailservice  rejection=0.0000  low=49 high=0  state=ON
2026-09-23T20:16:15Z  OBSERVE  paymentservice  rejection=0.0000  low=114 high=0  state=ON
2026-09-23T20:16:15Z  OBSERVE  productcatalogservice  rejection=0.0000  low=114 high=0  state=ON
2026-09-23T20:16:15Z  OBSERVE  recommendationservice  rejection=0.0000  low=114 high=0  state=ON
2026-09-23T20:16:15Z  OBSERVE  shippingservice  rejection=0.0000  low=114 high=0  state=ON
2026-09-23T20:16:16Z  OBSERVE  adservice  rejection=0.0000  low=115 high=0  state=ON
2026-09-23T20:16:16Z  OBSERVE  cartservice  rejection=0.0000  low=115 high=0  state=ON
2026-09-23T20:16:16Z  OBSERVE  checkoutservice  rejection=0.0000  low=48 high=0  state=ON
2026-09-23T20:16:16Z  OBSERVE  currencyservice  rejection=0.0000  low=115 high=0  state=ON
2026-09-23T20:16:16Z  OBSERVE  emailservice  rejection=0.0000  low=50 high=0  state=ON
2026-09-23T20:16:16Z  OBSERVE  paymentservice  rejection=0.0000  low=115 high=0  state=ON
2026-09-23T20:16:16Z  OBSERVE  productcatalogservice  rejection=0.0000  low=115 high=0  state=ON
2026-09-23T20:16:16Z  OBSERVE  recommendationservice  rejection=0.0000  low=115 high=0  state=ON
2026-09-23T20:16:16Z  OBSERVE  shippingservice  rejection=0.0000  low=115 high=0  state=ON
2026-09-23T20:16:17Z  OBSERVE  adservice  rejection=0.0000  low=116 high=0  state=ON
2026-09-23T20:16:17Z  OBSERVE  cartservice  rejection=0.0000  low=116 high=0  state=ON
2026-09-23T20:16:17Z  OBSERVE  checkoutservice  rejection=0.0000  low=49 high=0  state=ON
2026-09-23T20:16:17Z  OBSERVE  currencyservice  rejection=0.0000  low=116 high=0  state=ON
2026-09-23T20:16:17Z  OBSERVE  emailservice  rejection=0.0000  low=51 high=0  state=ON
2026-09-23T20:16:17Z  OBSERVE  paymentservice  rejection=0.0000  low=116 high=0  state=ON
2026-09-23T20:16:17Z  OBSERVE  productcatalogservice  rejection=0.0000  low=116 high=0  state=ON
2026-09-23T20:16:17Z  OBSERVE  recommendationservice  rejection=0.0000  low=116 high=0  state=ON
2026-09-23T20:16:17Z  OBSERVE  shippingservice  rejection=0.0000  low=116 high=0  state=ON
2026-09-23T20:16:18Z  OBSERVE  adservice  rejection=0.0000  low=117 high=0  state=ON
2026-09-23T20:16:18Z  OBSERVE  cartservice  rejection=0.0000  low=117 high=0  state=ON
2026-09-23T20:16:18Z  OBSERVE  checkoutservice  rejection=0.0000  low=50 high=0  state=ON
2026-09-23T20:16:18Z  OBSERVE  currencyservice  rejection=0.0000  low=117 high=0  state=ON
2026-09-23T20:16:18Z  OBSERVE  emailservice  rejection=0.0000  low=52 high=0  state=ON
2026-09-23T20:16:18Z  OBSERVE  paymentservice  rejection=0.0000  low=117 high=0  state=ON
2026-09-23T20:16:18Z  OBSERVE  productcatalogservice  rejection=0.0000  low=117 high=0  state=ON
2026-09-23T20:16:18Z  OBSERVE  recommendationservice  rejection=0.0000  low=117 high=0  state=ON
2026-09-23T20:16:18Z  OBSERVE  shippingservice  rejection=0.0000  low=117 high=0  state=ON
2026-09-23T20:16:19Z  OBSERVE  adservice  rejection=0.0000  low=118 high=0  state=ON
2026-09-23T20:16:19Z  OBSERVE  cartservice  rejection=0.0000  low=118 high=0  state=ON
2026-09-23T20:16:19Z  OBSERVE  checkoutservice  rejection=0.0000  low=51 high=0  state=ON
2026-09-23T20:16:19Z  OBSERVE  currencyservice  rejection=0.0000  low=118 high=0  state=ON
2026-09-23T20:16:19Z  OBSERVE  emailservice  rejection=0.0000  low=53 high=0  state=ON
2026-09-23T20:16:19Z  OBSERVE  paymentservice  rejection=0.0000  low=118 high=0  state=ON
2026-09-23T20:16:19Z  OBSERVE  productcatalogservice  rejection=0.0000  low=118 high=0  state=ON
2026-09-23T20:16:19Z  OBSERVE  recommendationservice  rejection=0.0000  low=118 high=0  state=ON
2026-09-23T20:16:19Z  OBSERVE  shippingservice  rejection=0.0000  low=118 high=0  state=ON
2026-09-23T20:16:20Z  OBSERVE  adservice  rejection=0.0000  low=119 high=0  state=ON
2026-09-23T20:16:20Z  OBSERVE  cartservice  rejection=0.0000  low=119 high=0  state=ON
2026-09-23T20:16:20Z  OBSERVE  checkoutservice  rejection=0.0000  low=52 high=0  state=ON
2026-09-23T20:16:20Z  OBSERVE  currencyservice  rejection=0.0000  low=119 high=0  state=ON
2026-09-23T20:16:20Z  OBSERVE  emailservice  rejection=0.0000  low=54 high=0  state=ON
2026-09-23T20:16:20Z  OBSERVE  paymentservice  rejection=0.0000  low=119 high=0  state=ON
2026-09-23T20:16:20Z  OBSERVE  productcatalogservice  rejection=0.0000  low=119 high=0  state=ON
2026-09-23T20:16:20Z  OBSERVE  recommendationservice  rejection=0.0000  low=119 high=0  state=ON
2026-09-23T20:16:20Z  OBSERVE  shippingservice  rejection=0.0000  low=119 high=0  state=ON
2026-09-23T20:16:21Z  OBSERVE  adservice  rejection=0.0000  low=120 high=0  state=ON
2026-09-23T20:16:21Z  OBSERVE  cartservice  rejection=0.0000  low=120 high=0  state=ON
2026-09-23T20:16:21Z  OBSERVE  checkoutservice  rejection=0.0000  low=53 high=0  state=ON
2026-09-23T20:16:21Z  OBSERVE  currencyservice  rejection=0.0000  low=120 high=0  state=ON
2026-09-23T20:16:21Z  OBSERVE  emailservice  rejection=0.0000  low=55 high=0  state=ON
2026-09-23T20:16:21Z  OBSERVE  paymentservice  rejection=0.0000  low=120 high=0  state=ON
2026-09-23T20:16:21Z  OBSERVE  productcatalogservice  rejection=0.0000  low=120 high=0  state=ON
2026-09-23T20:16:21Z  OBSERVE  recommendationservice  rejection=0.0000  low=120 high=0  state=ON
2026-09-23T20:16:21Z  OBSERVE  shippingservice  rejection=0.0000  low=120 high=0  state=ON
2026-09-23T20:16:22Z  OBSERVE  adservice  rejection=0.0000  low=121 high=0  state=ON
2026-09-23T20:16:22Z  OBSERVE  cartservice  rejection=0.0000  low=121 high=0  state=ON
2026-09-23T20:16:22Z  OBSERVE  checkoutservice  rejection=0.0000  low=54 high=0  state=ON
2026-09-23T20:16:22Z  OBSERVE  currencyservice  rejection=0.0000  low=121 high=0  state=ON
2026-09-23T20:16:22Z  OBSERVE  emailservice  rejection=0.0000  low=56 high=0  state=ON
2026-09-23T20:16:22Z  OBSERVE  paymentservice  rejection=0.0000  low=121 high=0  state=ON
2026-09-23T20:16:22Z  OBSERVE  productcatalogservice  rejection=0.0000  low=121 high=0  state=ON
2026-09-23T20:16:22Z  OBSERVE  recommendationservice  rejection=0.0000  low=121 high=0  state=ON
2026-09-23T20:16:22Z  OBSERVE  shippingservice  rejection=0.0000  low=121 high=0  state=ON
2026-09-23T20:16:23Z  OBSERVE  adservice  rejection=0.0000  low=122 high=0  state=ON
2026-09-23T20:16:23Z  OBSERVE  cartservice  rejection=0.0000  low=122 high=0  state=ON
2026-09-23T20:16:23Z  OBSERVE  checkoutservice  rejection=0.0000  low=55 high=0  state=ON
2026-09-23T20:16:23Z  OBSERVE  currencyservice  rejection=0.0000  low=122 high=0  state=ON
2026-09-23T20:16:23Z  OBSERVE  emailservice  rejection=0.0000  low=57 high=0  state=ON
2026-09-23T20:16:23Z  OBSERVE  paymentservice  rejection=0.0000  low=122 high=0  state=ON
2026-09-23T20:16:23Z  OBSERVE  productcatalogservice  rejection=0.0000  low=122 high=0  state=ON
2026-09-23T20:16:23Z  OBSERVE  recommendationservice  rejection=0.0000  low=122 high=0  state=ON
2026-09-23T20:16:23Z  OBSERVE  shippingservice  rejection=0.0000  low=122 high=0  state=ON
2026-09-23T20:16:24Z  OBSERVE  adservice  rejection=0.0000  low=123 high=0  state=ON
2026-09-23T20:16:24Z  OBSERVE  cartservice  rejection=0.0000  low=123 high=0  state=ON
2026-09-23T20:16:24Z  OBSERVE  checkoutservice  rejection=0.0000  low=56 high=0  state=ON
2026-09-23T20:16:24Z  OBSERVE  currencyservice  rejection=0.0000  low=123 high=0  state=ON
2026-09-23T20:16:24Z  OBSERVE  emailservice  rejection=0.0000  low=58 high=0  state=ON
2026-09-23T20:16:24Z  OBSERVE  paymentservice  rejection=0.0000  low=123 high=0  state=ON
2026-09-23T20:16:24Z  OBSERVE  productcatalogservice  rejection=0.0000  low=123 high=0  state=ON
2026-09-23T20:16:24Z  OBSERVE  recommendationservice  rejection=0.0000  low=123 high=0  state=ON
2026-09-23T20:16:24Z  OBSERVE  shippingservice  rejection=0.0000  low=123 high=0  state=ON
2026-09-23T20:16:25Z  OBSERVE  adservice  rejection=0.0000  low=124 high=0  state=ON
2026-09-23T20:16:25Z  OBSERVE  cartservice  rejection=0.0000  low=124 high=0  state=ON
2026-09-23T20:16:25Z  OBSERVE  checkoutservice  rejection=0.0000  low=57 high=0  state=ON
2026-09-23T20:16:25Z  OBSERVE  currencyservice  rejection=0.0000  low=124 high=0  state=ON
2026-09-23T20:16:25Z  OBSERVE  emailservice  rejection=0.0000  low=59 high=0  state=ON
2026-09-23T20:16:25Z  OBSERVE  paymentservice  rejection=0.0000  low=124 high=0  state=ON
2026-09-23T20:16:25Z  OBSERVE  productcatalogservice  rejection=0.0000  low=124 high=0  state=ON
2026-09-23T20:16:25Z  OBSERVE  recommendationservice  rejection=0.0000  low=124 high=0  state=ON
2026-09-23T20:16:25Z  OBSERVE  shippingservice  rejection=0.0000  low=124 high=0  state=ON
2026-09-23T20:16:26Z  OBSERVE  adservice  rejection=0.0000  low=125 high=0  state=ON
2026-09-23T20:16:26Z  OBSERVE  cartservice  rejection=0.0000  low=125 high=0  state=ON
2026-09-23T20:16:26Z  OBSERVE  checkoutservice  rejection=0.0000  low=58 high=0  state=ON
2026-09-23T20:16:26Z  OBSERVE  currencyservice  rejection=0.0000  low=125 high=0  state=ON
2026-09-23T20:16:26Z  OBSERVE  emailservice  rejection=0.0000  low=60 high=0  state=ON
2026-09-23T20:16:26Z  OBSERVE  paymentservice  rejection=0.0000  low=125 high=0  state=ON
2026-09-23T20:16:26Z  OBSERVE  productcatalogservice  rejection=0.0000  low=125 high=0  state=ON
2026-09-23T20:16:26Z  OBSERVE  recommendationservice  rejection=0.0000  low=125 high=0  state=ON
2026-09-23T20:16:26Z  OBSERVE  shippingservice  rejection=0.0000  low=125 high=0  state=ON
2026-09-23T20:16:27Z  OBSERVE  adservice  rejection=0.0000  low=126 high=0  state=ON
2026-09-23T20:16:27Z  OBSERVE  cartservice  rejection=0.0000  low=126 high=0  state=ON
2026-09-23T20:16:27Z  OBSERVE  checkoutservice  rejection=0.0000  low=59 high=0  state=ON
2026-09-23T20:16:27Z  OBSERVE  currencyservice  rejection=0.0000  low=126 high=0  state=ON
2026-09-23T20:16:27Z  OBSERVE  emailservice  rejection=0.0000  low=61 high=0  state=ON
2026-09-23T20:16:27Z  OBSERVE  paymentservice  rejection=0.0000  low=126 high=0  state=ON
2026-09-23T20:16:27Z  OBSERVE  productcatalogservice  rejection=0.0000  low=126 high=0  state=ON
2026-09-23T20:16:27Z  OBSERVE  recommendationservice  rejection=0.0000  low=126 high=0  state=ON
2026-09-23T20:16:27Z  OBSERVE  shippingservice  rejection=0.0000  low=126 high=0  state=ON
2026-09-23T20:16:28Z  OBSERVE  adservice  rejection=0.0000  low=127 high=0  state=ON
2026-09-23T20:16:28Z  OBSERVE  cartservice  rejection=0.0000  low=127 high=0  state=ON
2026-09-23T20:16:28Z  OBSERVE  checkoutservice  rejection=0.0000  low=60 high=0  state=ON
2026-09-23T20:16:28Z  OBSERVE  currencyservice  rejection=0.0000  low=127 high=0  state=ON
2026-09-23T20:16:28Z  OBSERVE  emailservice  rejection=0.0000  low=62 high=0  state=ON
2026-09-23T20:16:28Z  OBSERVE  paymentservice  rejection=0.0000  low=127 high=0  state=ON
2026-09-23T20:16:28Z  OBSERVE  productcatalogservice  rejection=0.0000  low=127 high=0  state=ON
2026-09-23T20:16:28Z  OBSERVE  recommendationservice  rejection=0.0000  low=127 high=0  state=ON
2026-09-23T20:16:28Z  OBSERVE  shippingservice  rejection=0.0000  low=127 high=0  state=ON
2026-09-23T20:16:29Z  OBSERVE  adservice  rejection=0.0000  low=128 high=0  state=ON
2026-09-23T20:16:29Z  OBSERVE  cartservice  rejection=0.0000  low=128 high=0  state=ON
2026-09-23T20:16:29Z  OBSERVE  checkoutservice  rejection=0.0000  low=61 high=0  state=ON
2026-09-23T20:16:29Z  OBSERVE  currencyservice  rejection=0.0000  low=128 high=0  state=ON
2026-09-23T20:16:29Z  OBSERVE  emailservice  rejection=0.0000  low=63 high=0  state=ON
2026-09-23T20:16:29Z  OBSERVE  paymentservice  rejection=0.0000  low=128 high=0  state=ON
2026-09-23T20:16:29Z  OBSERVE  productcatalogservice  rejection=0.0000  low=128 high=0  state=ON
2026-09-23T20:16:29Z  OBSERVE  recommendationservice  rejection=0.0000  low=128 high=0  state=ON
2026-09-23T20:16:29Z  OBSERVE  shippingservice  rejection=0.0000  low=128 high=0  state=ON
2026-09-23T20:16:30Z  OBSERVE  adservice  rejection=0.0000  low=129 high=0  state=ON
2026-09-23T20:16:30Z  OBSERVE  cartservice  rejection=0.0000  low=129 high=0  state=ON
2026-09-23T20:16:30Z  OBSERVE  checkoutservice  rejection=0.0000  low=62 high=0  state=ON
2026-09-23T20:16:30Z  OBSERVE  currencyservice  rejection=0.0000  low=129 high=0  state=ON
2026-09-23T20:16:30Z  OBSERVE  emailservice  rejection=0.0000  low=64 high=0  state=ON
2026-09-23T20:16:30Z  OBSERVE  paymentservice  rejection=0.0000  low=129 high=0  state=ON
2026-09-23T20:16:30Z  OBSERVE  productcatalogservice  rejection=0.0000  low=129 high=0  state=ON
2026-09-23T20:16:30Z  OBSERVE  recommendationservice  rejection=0.0000  low=129 high=0  state=ON
2026-09-23T20:16:30Z  OBSERVE  shippingservice  rejection=0.0000  low=129 high=0  state=ON
2026-09-23T20:16:31Z  OBSERVE  adservice  rejection=0.0000  low=130 high=0  state=ON
2026-09-23T20:16:31Z  OBSERVE  cartservice  rejection=0.0000  low=130 high=0  state=ON
2026-09-23T20:16:31Z  OBSERVE  checkoutservice  rejection=0.0000  low=63 high=0  state=ON
2026-09-23T20:16:31Z  OBSERVE  currencyservice  rejection=0.0000  low=130 high=0  state=ON
2026-09-23T20:16:31Z  OBSERVE  emailservice  rejection=0.0000  low=65 high=0  state=ON
2026-09-23T20:16:31Z  OBSERVE  paymentservice  rejection=0.0000  low=130 high=0  state=ON
2026-09-23T20:16:31Z  OBSERVE  productcatalogservice  rejection=0.0000  low=130 high=0  state=ON
2026-09-23T20:16:31Z  OBSERVE  recommendationservice  rejection=0.0000  low=130 high=0  state=ON
2026-09-23T20:16:31Z  OBSERVE  shippingservice  rejection=0.0000  low=130 high=0  state=ON
2026-09-23T20:16:32Z  OBSERVE  adservice  rejection=0.0000  low=131 high=0  state=ON
2026-09-23T20:16:32Z  OBSERVE  cartservice  rejection=0.0000  low=131 high=0  state=ON
2026-09-23T20:16:32Z  OBSERVE  checkoutservice  rejection=0.0000  low=64 high=0  state=ON
2026-09-23T20:16:32Z  OBSERVE  currencyservice  rejection=0.0000  low=131 high=0  state=ON
2026-09-23T20:16:32Z  OBSERVE  emailservice  rejection=0.0000  low=66 high=0  state=ON
2026-09-23T20:16:32Z  OBSERVE  paymentservice  rejection=0.0000  low=131 high=0  state=ON
2026-09-23T20:16:32Z  OBSERVE  productcatalogservice  rejection=0.0000  low=131 high=0  state=ON
2026-09-23T20:16:32Z  OBSERVE  recommendationservice  rejection=0.0000  low=131 high=0  state=ON
2026-09-23T20:16:32Z  OBSERVE  shippingservice  rejection=0.0000  low=131 high=0  state=ON
2026-09-23T20:16:33Z  OBSERVE  adservice  rejection=0.0000  low=132 high=0  state=ON
2026-09-23T20:16:33Z  OBSERVE  cartservice  rejection=0.0000  low=132 high=0  state=ON
2026-09-23T20:16:33Z  OBSERVE  checkoutservice  rejection=0.0000  low=65 high=0  state=ON
2026-09-23T20:16:33Z  OBSERVE  currencyservice  rejection=0.0000  low=132 high=0  state=ON
2026-09-23T20:16:33Z  OBSERVE  emailservice  rejection=0.0000  low=67 high=0  state=ON
2026-09-23T20:16:33Z  OBSERVE  paymentservice  rejection=0.0000  low=132 high=0  state=ON
2026-09-23T20:16:33Z  OBSERVE  productcatalogservice  rejection=0.0000  low=132 high=0  state=ON
2026-09-23T20:16:33Z  OBSERVE  recommendationservice  rejection=0.0000  low=132 high=0  state=ON
2026-09-23T20:16:33Z  OBSERVE  shippingservice  rejection=0.0000  low=132 high=0  state=ON
2026-09-23T20:16:34Z  OBSERVE  adservice  rejection=0.0000  low=133 high=0  state=ON
2026-09-23T20:16:34Z  OBSERVE  cartservice  rejection=0.0000  low=133 high=0  state=ON
2026-09-23T20:16:34Z  OBSERVE  checkoutservice  rejection=0.0000  low=66 high=0  state=ON
2026-09-23T20:16:34Z  OBSERVE  currencyservice  rejection=0.0000  low=133 high=0  state=ON
2026-09-23T20:16:34Z  OBSERVE  emailservice  rejection=0.0000  low=68 high=0  state=ON
2026-09-23T20:16:34Z  OBSERVE  paymentservice  rejection=0.0000  low=133 high=0  state=ON
2026-09-23T20:16:34Z  OBSERVE  productcatalogservice  rejection=0.0000  low=133 high=0  state=ON
2026-09-23T20:16:34Z  OBSERVE  recommendationservice  rejection=0.0000  low=133 high=0  state=ON
2026-09-23T20:16:34Z  OBSERVE  shippingservice  rejection=0.0000  low=133 high=0  state=ON
2026-09-23T20:16:35Z  OBSERVE  adservice  rejection=0.0000  low=134 high=0  state=ON
2026-09-23T20:16:35Z  OBSERVE  cartservice  rejection=0.0000  low=134 high=0  state=ON
2026-09-23T20:16:35Z  OBSERVE  checkoutservice  rejection=0.0000  low=67 high=0  state=ON
2026-09-23T20:16:35Z  OBSERVE  currencyservice  rejection=0.0000  low=134 high=0  state=ON
2026-09-23T20:16:35Z  OBSERVE  emailservice  rejection=0.0000  low=69 high=0  state=ON
2026-09-23T20:16:35Z  OBSERVE  paymentservice  rejection=0.0000  low=134 high=0  state=ON
2026-09-23T20:16:35Z  OBSERVE  productcatalogservice  rejection=0.0000  low=134 high=0  state=ON
2026-09-23T20:16:35Z  OBSERVE  recommendationservice  rejection=0.0000  low=134 high=0  state=ON
2026-09-23T20:16:35Z  OBSERVE  shippingservice  rejection=0.0000  low=134 high=0  state=ON
2026-09-23T20:16:36Z  OBSERVE  adservice  rejection=0.0000  low=135 high=0  state=ON
2026-09-23T20:16:36Z  OBSERVE  cartservice  rejection=0.0000  low=135 high=0  state=ON
2026-09-23T20:16:36Z  OBSERVE  checkoutservice  rejection=0.0000  low=68 high=0  state=ON
2026-09-23T20:16:36Z  OBSERVE  currencyservice  rejection=0.0000  low=135 high=0  state=ON
2026-09-23T20:16:36Z  OBSERVE  emailservice  rejection=0.0000  low=70 high=0  state=ON
2026-09-23T20:16:36Z  OBSERVE  paymentservice  rejection=0.0000  low=135 high=0  state=ON
2026-09-23T20:16:36Z  OBSERVE  productcatalogservice  rejection=0.0000  low=135 high=0  state=ON
2026-09-23T20:16:36Z  OBSERVE  recommendationservice  rejection=0.0000  low=135 high=0  state=ON
2026-09-23T20:16:36Z  OBSERVE  shippingservice  rejection=0.0000  low=135 high=0  state=ON
2026-09-23T20:16:37Z  OBSERVE  adservice  rejection=0.0000  low=136 high=0  state=ON
2026-09-23T20:16:37Z  OBSERVE  cartservice  rejection=0.0000  low=136 high=0  state=ON
2026-09-23T20:16:37Z  OBSERVE  checkoutservice  rejection=0.0000  low=69 high=0  state=ON
2026-09-23T20:16:37Z  OBSERVE  currencyservice  rejection=0.0000  low=136 high=0  state=ON
2026-09-23T20:16:37Z  OBSERVE  emailservice  rejection=0.0000  low=71 high=0  state=ON
2026-09-23T20:16:37Z  OBSERVE  paymentservice  rejection=0.0000  low=136 high=0  state=ON
2026-09-23T20:16:37Z  OBSERVE  productcatalogservice  rejection=0.0000  low=136 high=0  state=ON
2026-09-23T20:16:37Z  OBSERVE  recommendationservice  rejection=0.0000  low=136 high=0  state=ON
2026-09-23T20:16:37Z  OBSERVE  shippingservice  rejection=0.0000  low=136 high=0  state=ON
2026-09-23T20:16:38Z  OBSERVE  adservice  rejection=0.0000  low=137 high=0  state=ON
2026-09-23T20:16:38Z  OBSERVE  cartservice  rejection=0.0000  low=137 high=0  state=ON
2026-09-23T20:16:38Z  OBSERVE  checkoutservice  rejection=0.0000  low=70 high=0  state=ON
2026-09-23T20:16:38Z  OBSERVE  currencyservice  rejection=0.0000  low=137 high=0  state=ON
2026-09-23T20:16:38Z  OBSERVE  emailservice  rejection=0.0000  low=72 high=0  state=ON
2026-09-23T20:16:38Z  OBSERVE  paymentservice  rejection=0.0000  low=137 high=0  state=ON
2026-09-23T20:16:38Z  OBSERVE  productcatalogservice  rejection=0.0000  low=137 high=0  state=ON
2026-09-23T20:16:38Z  OBSERVE  recommendationservice  rejection=0.0000  low=137 high=0  state=ON
2026-09-23T20:16:38Z  OBSERVE  shippingservice  rejection=0.0000  low=137 high=0  state=ON
2026-09-23T20:16:39Z  OBSERVE  adservice  rejection=0.0000  low=138 high=0  state=ON
2026-09-23T20:16:39Z  OBSERVE  cartservice  rejection=0.0000  low=138 high=0  state=ON
2026-09-23T20:16:39Z  OBSERVE  checkoutservice  rejection=0.0000  low=71 high=0  state=ON
2026-09-23T20:16:39Z  OBSERVE  currencyservice  rejection=0.0000  low=138 high=0  state=ON
2026-09-23T20:16:39Z  OBSERVE  emailservice  rejection=0.0000  low=73 high=0  state=ON
2026-09-23T20:16:39Z  OBSERVE  paymentservice  rejection=0.0000  low=138 high=0  state=ON
2026-09-23T20:16:39Z  OBSERVE  productcatalogservice  rejection=0.0000  low=138 high=0  state=ON
2026-09-23T20:16:39Z  OBSERVE  recommendationservice  rejection=0.0000  low=138 high=0  state=ON
2026-09-23T20:16:39Z  OBSERVE  shippingservice  rejection=0.0000  low=138 high=0  state=ON
2026-09-23T20:16:40Z  OBSERVE  adservice  rejection=0.0000  low=139 high=0  state=ON
2026-09-23T20:16:40Z  OBSERVE  cartservice  rejection=0.0000  low=139 high=0  state=ON
2026-09-23T20:16:40Z  OBSERVE  checkoutservice  rejection=0.0000  low=72 high=0  state=ON
2026-09-23T20:16:40Z  OBSERVE  currencyservice  rejection=0.0000  low=139 high=0  state=ON
2026-09-23T20:16:40Z  OBSERVE  emailservice  rejection=0.0000  low=74 high=0  state=ON
2026-09-23T20:16:40Z  OBSERVE  paymentservice  rejection=0.0000  low=139 high=0  state=ON
2026-09-23T20:16:40Z  OBSERVE  productcatalogservice  rejection=0.0000  low=139 high=0  state=ON
2026-09-23T20:16:40Z  OBSERVE  recommendationservice  rejection=0.0000  low=139 high=0  state=ON
2026-09-23T20:16:40Z  OBSERVE  shippingservice  rejection=0.0000  low=139 high=0  state=ON
2026-09-23T20:16:41Z  OBSERVE  adservice  rejection=0.0000  low=140 high=0  state=ON
2026-09-23T20:16:41Z  OBSERVE  cartservice  rejection=0.0000  low=140 high=0  state=ON
2026-09-23T20:16:41Z  OBSERVE  checkoutservice  rejection=0.0000  low=73 high=0  state=ON
2026-09-23T20:16:41Z  OBSERVE  currencyservice  rejection=0.0000  low=140 high=0  state=ON
2026-09-23T20:16:41Z  OBSERVE  emailservice  rejection=0.0000  low=75 high=0  state=ON
2026-09-23T20:16:41Z  OBSERVE  paymentservice  rejection=0.0000  low=140 high=0  state=ON
2026-09-23T20:16:41Z  OBSERVE  productcatalogservice  rejection=0.0000  low=140 high=0  state=ON
2026-09-23T20:16:41Z  OBSERVE  recommendationservice  rejection=0.0000  low=140 high=0  state=ON
2026-09-23T20:16:41Z  OBSERVE  shippingservice  rejection=0.0000  low=140 high=0  state=ON
2026-09-23T20:16:42Z  OBSERVE  adservice  rejection=0.0000  low=141 high=0  state=ON
2026-09-23T20:16:42Z  OBSERVE  cartservice  rejection=0.0000  low=141 high=0  state=ON
2026-09-23T20:16:42Z  OBSERVE  checkoutservice  rejection=0.0000  low=74 high=0  state=ON
2026-09-23T20:16:42Z  OBSERVE  currencyservice  rejection=0.0000  low=141 high=0  state=ON
2026-09-23T20:16:42Z  OBSERVE  emailservice  rejection=0.0000  low=76 high=0  state=ON
2026-09-23T20:16:42Z  OBSERVE  paymentservice  rejection=0.0000  low=141 high=0  state=ON
2026-09-23T20:16:42Z  OBSERVE  productcatalogservice  rejection=0.0000  low=141 high=0  state=ON
2026-09-23T20:16:42Z  OBSERVE  recommendationservice  rejection=0.0000  low=141 high=0  state=ON
2026-09-23T20:16:42Z  OBSERVE  shippingservice  rejection=0.0000  low=141 high=0  state=ON
2026-09-23T20:16:43Z  OBSERVE  adservice  rejection=0.0000  low=142 high=0  state=ON
2026-09-23T20:16:43Z  OBSERVE  cartservice  rejection=0.0000  low=142 high=0  state=ON
2026-09-23T20:16:43Z  OBSERVE  checkoutservice  rejection=0.0000  low=75 high=0  state=ON
2026-09-23T20:16:43Z  OBSERVE  currencyservice  rejection=0.0000  low=142 high=0  state=ON
2026-09-23T20:16:43Z  OBSERVE  emailservice  rejection=0.0000  low=77 high=0  state=ON
2026-09-23T20:16:43Z  OBSERVE  paymentservice  rejection=0.0000  low=142 high=0  state=ON
2026-09-23T20:16:43Z  OBSERVE  productcatalogservice  rejection=0.0000  low=142 high=0  state=ON
2026-09-23T20:16:43Z  OBSERVE  recommendationservice  rejection=0.0000  low=142 high=0  state=ON
2026-09-23T20:16:43Z  OBSERVE  shippingservice  rejection=0.0000  low=142 high=0  state=ON
2026-09-23T20:16:44Z  OBSERVE  adservice  rejection=0.0000  low=143 high=0  state=ON
2026-09-23T20:16:44Z  OBSERVE  cartservice  rejection=0.0000  low=143 high=0  state=ON
2026-09-23T20:16:44Z  OBSERVE  checkoutservice  rejection=0.0000  low=76 high=0  state=ON
2026-09-23T20:16:44Z  OBSERVE  currencyservice  rejection=0.0000  low=143 high=0  state=ON
2026-09-23T20:16:44Z  OBSERVE  emailservice  rejection=0.0000  low=78 high=0  state=ON
2026-09-23T20:16:44Z  OBSERVE  paymentservice  rejection=0.0000  low=143 high=0  state=ON
2026-09-23T20:16:44Z  OBSERVE  productcatalogservice  rejection=0.0000  low=143 high=0  state=ON
2026-09-23T20:16:44Z  OBSERVE  recommendationservice  rejection=0.0000  low=143 high=0  state=ON
2026-09-23T20:16:44Z  OBSERVE  shippingservice  rejection=0.0000  low=143 high=0  state=ON
2026-09-23T20:16:45Z  OBSERVE  adservice  rejection=0.0000  low=144 high=0  state=ON
2026-09-23T20:16:45Z  OBSERVE  cartservice  rejection=0.0000  low=144 high=0  state=ON
2026-09-23T20:16:45Z  OBSERVE  checkoutservice  rejection=0.0000  low=77 high=0  state=ON
2026-09-23T20:16:45Z  OBSERVE  currencyservice  rejection=0.0000  low=144 high=0  state=ON
2026-09-23T20:16:45Z  OBSERVE  emailservice  rejection=0.0000  low=79 high=0  state=ON
2026-09-23T20:16:45Z  OBSERVE  paymentservice  rejection=0.0000  low=144 high=0  state=ON
2026-09-23T20:16:45Z  OBSERVE  productcatalogservice  rejection=0.0000  low=144 high=0  state=ON
2026-09-23T20:16:45Z  OBSERVE  recommendationservice  rejection=0.0000  low=144 high=0  state=ON
2026-09-23T20:16:45Z  OBSERVE  shippingservice  rejection=0.0000  low=144 high=0  state=ON
2026-09-23T20:16:46Z  OBSERVE  adservice  rejection=0.0000  low=145 high=0  state=ON
2026-09-23T20:16:46Z  OBSERVE  cartservice  rejection=0.0000  low=145 high=0  state=ON
2026-09-23T20:16:46Z  OBSERVE  checkoutservice  rejection=0.0000  low=78 high=0  state=ON
2026-09-23T20:16:46Z  OBSERVE  currencyservice  rejection=0.0000  low=145 high=0  state=ON
2026-09-23T20:16:46Z  OBSERVE  emailservice  rejection=0.0000  low=80 high=0  state=ON
2026-09-23T20:16:46Z  OBSERVE  paymentservice  rejection=0.0000  low=145 high=0  state=ON
2026-09-23T20:16:46Z  OBSERVE  productcatalogservice  rejection=0.0000  low=145 high=0  state=ON
2026-09-23T20:16:46Z  OBSERVE  recommendationservice  rejection=0.0000  low=145 high=0  state=ON
2026-09-23T20:16:46Z  OBSERVE  shippingservice  rejection=0.0000  low=145 high=0  state=ON
2026-09-23T20:16:47Z  OBSERVE  adservice  rejection=0.0000  low=146 high=0  state=ON
2026-09-23T20:16:47Z  OBSERVE  cartservice  rejection=0.0000  low=146 high=0  state=ON
2026-09-23T20:16:47Z  OBSERVE  checkoutservice  rejection=0.0000  low=79 high=0  state=ON
2026-09-23T20:16:47Z  OBSERVE  currencyservice  rejection=0.0000  low=146 high=0  state=ON
2026-09-23T20:16:47Z  OBSERVE  emailservice  rejection=0.0000  low=81 high=0  state=ON
2026-09-23T20:16:47Z  OBSERVE  paymentservice  rejection=0.0000  low=146 high=0  state=ON
2026-09-23T20:16:47Z  OBSERVE  productcatalogservice  rejection=0.0000  low=146 high=0  state=ON
2026-09-23T20:16:47Z  OBSERVE  recommendationservice  rejection=0.0000  low=146 high=0  state=ON
2026-09-23T20:16:47Z  OBSERVE  shippingservice  rejection=0.0000  low=146 high=0  state=ON
2026-09-23T20:16:48Z  OBSERVE  adservice  rejection=0.0000  low=147 high=0  state=ON
2026-09-23T20:16:48Z  OBSERVE  cartservice  rejection=0.0000  low=147 high=0  state=ON
2026-09-23T20:16:48Z  OBSERVE  checkoutservice  rejection=0.0000  low=80 high=0  state=ON
2026-09-23T20:16:48Z  OBSERVE  currencyservice  rejection=0.0000  low=147 high=0  state=ON
2026-09-23T20:16:48Z  OBSERVE  emailservice  rejection=0.0000  low=82 high=0  state=ON
2026-09-23T20:16:48Z  OBSERVE  paymentservice  rejection=0.0000  low=147 high=0  state=ON
2026-09-23T20:16:48Z  OBSERVE  productcatalogservice  rejection=0.0000  low=147 high=0  state=ON
2026-09-23T20:16:48Z  OBSERVE  recommendationservice  rejection=0.0000  low=147 high=0  state=ON
2026-09-23T20:16:48Z  OBSERVE  shippingservice  rejection=0.0000  low=147 high=0  state=ON
2026-09-23T20:16:49Z  OBSERVE  adservice  rejection=0.0000  low=148 high=0  state=ON
2026-09-23T20:16:49Z  OBSERVE  cartservice  rejection=0.0000  low=148 high=0  state=ON
2026-09-23T20:16:49Z  OBSERVE  checkoutservice  rejection=0.0000  low=81 high=0  state=ON
2026-09-23T20:16:49Z  OBSERVE  currencyservice  rejection=0.0000  low=148 high=0  state=ON
2026-09-23T20:16:49Z  OBSERVE  emailservice  rejection=0.0000  low=83 high=0  state=ON
2026-09-23T20:16:49Z  OBSERVE  paymentservice  rejection=0.0000  low=148 high=0  state=ON
2026-09-23T20:16:49Z  OBSERVE  productcatalogservice  rejection=0.0000  low=148 high=0  state=ON
2026-09-23T20:16:49Z  OBSERVE  recommendationservice  rejection=0.0000  low=148 high=0  state=ON
2026-09-23T20:16:49Z  OBSERVE  shippingservice  rejection=0.0000  low=148 high=0  state=ON
2026-09-23T20:16:50Z  OBSERVE  adservice  rejection=0.0000  low=149 high=0  state=ON
2026-09-23T20:16:50Z  OBSERVE  cartservice  rejection=0.0000  low=149 high=0  state=ON
2026-09-23T20:16:50Z  OBSERVE  checkoutservice  rejection=0.0000  low=82 high=0  state=ON
2026-09-23T20:16:50Z  OBSERVE  currencyservice  rejection=0.0000  low=149 high=0  state=ON
2026-09-23T20:16:50Z  OBSERVE  emailservice  rejection=0.0000  low=84 high=0  state=ON
2026-09-23T20:16:50Z  OBSERVE  paymentservice  rejection=0.0000  low=149 high=0  state=ON
2026-09-23T20:16:50Z  OBSERVE  productcatalogservice  rejection=0.0000  low=149 high=0  state=ON
2026-09-23T20:16:50Z  OBSERVE  recommendationservice  rejection=0.0000  low=149 high=0  state=ON
2026-09-23T20:16:50Z  OBSERVE  shippingservice  rejection=0.0000  low=149 high=0  state=ON
2026-09-23T20:16:51Z  OBSERVE  adservice  rejection=0.0000  low=150 high=0  state=ON
2026-09-23T20:16:51Z  OBSERVE  cartservice  rejection=0.0000  low=150 high=0  state=ON
2026-09-23T20:16:51Z  OBSERVE  checkoutservice  rejection=0.0000  low=83 high=0  state=ON
2026-09-23T20:16:51Z  OBSERVE  currencyservice  rejection=0.0000  low=150 high=0  state=ON
2026-09-23T20:16:51Z  OBSERVE  emailservice  rejection=0.0000  low=85 high=0  state=ON
2026-09-23T20:16:51Z  OBSERVE  paymentservice  rejection=0.0000  low=150 high=0  state=ON
2026-09-23T20:16:51Z  OBSERVE  productcatalogservice  rejection=0.0000  low=150 high=0  state=ON
2026-09-23T20:16:51Z  OBSERVE  recommendationservice  rejection=0.0000  low=150 high=0  state=ON
2026-09-23T20:16:51Z  OBSERVE  shippingservice  rejection=0.0000  low=150 high=0  state=ON
2026-09-23T20:16:52Z  OBSERVE  adservice  rejection=0.0000  low=151 high=0  state=ON
2026-09-23T20:16:52Z  OBSERVE  cartservice  rejection=0.0000  low=151 high=0  state=ON
2026-09-23T20:16:52Z  OBSERVE  checkoutservice  rejection=0.0000  low=84 high=0  state=ON
2026-09-23T20:16:52Z  OBSERVE  currencyservice  rejection=0.0000  low=151 high=0  state=ON
2026-09-23T20:16:52Z  OBSERVE  emailservice  rejection=0.0000  low=86 high=0  state=ON
2026-09-23T20:16:52Z  OBSERVE  paymentservice  rejection=0.0000  low=151 high=0  state=ON
2026-09-23T20:16:52Z  OBSERVE  productcatalogservice  rejection=0.0000  low=151 high=0  state=ON
2026-09-23T20:16:52Z  OBSERVE  recommendationservice  rejection=0.0000  low=151 high=0  state=ON
2026-09-23T20:16:52Z  OBSERVE  shippingservice  rejection=0.0000  low=151 high=0  state=ON
2026-09-23T20:16:53Z  OBSERVE  adservice  rejection=0.0000  low=152 high=0  state=ON
2026-09-23T20:16:53Z  OBSERVE  cartservice  rejection=0.0000  low=152 high=0  state=ON
2026-09-23T20:16:53Z  OBSERVE  checkoutservice  rejection=0.0000  low=85 high=0  state=ON
2026-09-23T20:16:53Z  OBSERVE  currencyservice  rejection=0.0000  low=152 high=0  state=ON
2026-09-23T20:16:53Z  OBSERVE  emailservice  rejection=0.0000  low=87 high=0  state=ON
2026-09-23T20:16:53Z  OBSERVE  paymentservice  rejection=0.0000  low=152 high=0  state=ON
2026-09-23T20:16:53Z  OBSERVE  productcatalogservice  rejection=0.0000  low=152 high=0  state=ON
2026-09-23T20:16:53Z  OBSERVE  recommendationservice  rejection=0.0000  low=152 high=0  state=ON
2026-09-23T20:16:53Z  OBSERVE  shippingservice  rejection=0.0000  low=152 high=0  state=ON
2026-09-23T20:16:54Z  OBSERVE  adservice  rejection=0.0000  low=153 high=0  state=ON
2026-09-23T20:16:54Z  OBSERVE  cartservice  rejection=0.0000  low=153 high=0  state=ON
2026-09-23T20:16:54Z  OBSERVE  checkoutservice  rejection=0.0000  low=86 high=0  state=ON
2026-09-23T20:16:54Z  OBSERVE  currencyservice  rejection=0.0000  low=153 high=0  state=ON
2026-09-23T20:16:54Z  OBSERVE  emailservice  rejection=0.0000  low=88 high=0  state=ON
2026-09-23T20:16:54Z  OBSERVE  paymentservice  rejection=0.0000  low=153 high=0  state=ON
2026-09-23T20:16:54Z  OBSERVE  productcatalogservice  rejection=0.0000  low=153 high=0  state=ON
2026-09-23T20:16:54Z  OBSERVE  recommendationservice  rejection=0.0000  low=153 high=0  state=ON
2026-09-23T20:16:54Z  OBSERVE  shippingservice  rejection=0.0000  low=153 high=0  state=ON
2026-09-23T20:16:55Z  OBSERVE  adservice  rejection=0.0000  low=154 high=0  state=ON
2026-09-23T20:16:55Z  OBSERVE  cartservice  rejection=0.0000  low=154 high=0  state=ON
2026-09-23T20:16:55Z  OBSERVE  checkoutservice  rejection=0.0000  low=87 high=0  state=ON
2026-09-23T20:16:55Z  OBSERVE  currencyservice  rejection=0.0000  low=154 high=0  state=ON
2026-09-23T20:16:55Z  OBSERVE  emailservice  rejection=0.0000  low=89 high=0  state=ON
2026-09-23T20:16:55Z  OBSERVE  paymentservice  rejection=0.0000  low=154 high=0  state=ON
2026-09-23T20:16:55Z  OBSERVE  productcatalogservice  rejection=0.0000  low=154 high=0  state=ON
2026-09-23T20:16:55Z  OBSERVE  recommendationservice  rejection=0.0000  low=154 high=0  state=ON
2026-09-23T20:16:55Z  OBSERVE  shippingservice  rejection=0.0000  low=154 high=0  state=ON
2026-09-23T20:16:56Z  OBSERVE  adservice  rejection=0.0000  low=155 high=0  state=ON
2026-09-23T20:16:56Z  OBSERVE  cartservice  rejection=0.0000  low=155 high=0  state=ON
2026-09-23T20:16:56Z  OBSERVE  checkoutservice  rejection=0.0000  low=88 high=0  state=ON
2026-09-23T20:16:56Z  OBSERVE  currencyservice  rejection=0.0000  low=155 high=0  state=ON
2026-09-23T20:16:56Z  OBSERVE  emailservice  rejection=0.0000  low=90 high=0  state=ON
2026-09-23T20:16:56Z  OBSERVE  paymentservice  rejection=0.0000  low=155 high=0  state=ON
2026-09-23T20:16:56Z  OBSERVE  productcatalogservice  rejection=0.0000  low=155 high=0  state=ON
2026-09-23T20:16:56Z  OBSERVE  recommendationservice  rejection=0.0000  low=155 high=0  state=ON
2026-09-23T20:16:56Z  OBSERVE  shippingservice  rejection=0.0000  low=155 high=0  state=ON
2026-09-23T20:16:57Z  OBSERVE  adservice  rejection=0.0000  low=156 high=0  state=ON
2026-09-23T20:16:57Z  OBSERVE  cartservice  rejection=0.0000  low=156 high=0  state=ON
2026-09-23T20:16:57Z  OBSERVE  checkoutservice  rejection=0.0000  low=89 high=0  state=ON
2026-09-23T20:16:57Z  OBSERVE  currencyservice  rejection=0.0000  low=156 high=0  state=ON
2026-09-23T20:16:57Z  OBSERVE  emailservice  rejection=0.0000  low=91 high=0  state=ON
2026-09-23T20:16:57Z  OBSERVE  paymentservice  rejection=0.0000  low=156 high=0  state=ON
2026-09-23T20:16:57Z  OBSERVE  productcatalogservice  rejection=0.0000  low=156 high=0  state=ON
2026-09-23T20:16:57Z  OBSERVE  recommendationservice  rejection=0.0000  low=156 high=0  state=ON
2026-09-23T20:16:57Z  OBSERVE  shippingservice  rejection=0.0000  low=156 high=0  state=ON
2026-09-23T20:16:58Z  OBSERVE  adservice  rejection=0.0000  low=157 high=0  state=ON
2026-09-23T20:16:58Z  OBSERVE  cartservice  rejection=0.0000  low=157 high=0  state=ON
2026-09-23T20:16:58Z  OBSERVE  checkoutservice  rejection=0.0000  low=90 high=0  state=ON
2026-09-23T20:16:58Z  OBSERVE  currencyservice  rejection=0.0000  low=157 high=0  state=ON
2026-09-23T20:16:58Z  OBSERVE  emailservice  rejection=0.0000  low=92 high=0  state=ON
2026-09-23T20:16:58Z  OBSERVE  paymentservice  rejection=0.0000  low=157 high=0  state=ON
2026-09-23T20:16:58Z  OBSERVE  productcatalogservice  rejection=0.0000  low=157 high=0  state=ON
2026-09-23T20:16:58Z  OBSERVE  recommendationservice  rejection=0.0000  low=157 high=0  state=ON
2026-09-23T20:16:58Z  OBSERVE  shippingservice  rejection=0.0000  low=157 high=0  state=ON
2026-09-23T20:16:59Z  OBSERVE  adservice  rejection=0.0000  low=158 high=0  state=ON
2026-09-23T20:16:59Z  OBSERVE  cartservice  rejection=0.0000  low=158 high=0  state=ON
2026-09-23T20:16:59Z  OBSERVE  checkoutservice  rejection=0.0000  low=91 high=0  state=ON
2026-09-23T20:16:59Z  OBSERVE  currencyservice  rejection=0.0000  low=158 high=0  state=ON
2026-09-23T20:16:59Z  OBSERVE  emailservice  rejection=0.0000  low=93 high=0  state=ON
2026-09-23T20:16:59Z  OBSERVE  paymentservice  rejection=0.0000  low=158 high=0  state=ON
2026-09-23T20:16:59Z  OBSERVE  productcatalogservice  rejection=0.0000  low=158 high=0  state=ON
2026-09-23T20:16:59Z  OBSERVE  recommendationservice  rejection=0.0000  low=158 high=0  state=ON
2026-09-23T20:16:59Z  OBSERVE  shippingservice  rejection=0.0000  low=158 high=0  state=ON
2026-09-23T20:17:00Z  OBSERVE  adservice  rejection=0.0000  low=159 high=0  state=ON
2026-09-23T20:17:00Z  OBSERVE  cartservice  rejection=0.0000  low=159 high=0  state=ON
2026-09-23T20:17:00Z  OBSERVE  checkoutservice  rejection=0.0000  low=92 high=0  state=ON
2026-09-23T20:17:00Z  OBSERVE  currencyservice  rejection=0.0000  low=159 high=0  state=ON
2026-09-23T20:17:00Z  OBSERVE  emailservice  rejection=0.0000  low=94 high=0  state=ON
2026-09-23T20:17:00Z  OBSERVE  paymentservice  rejection=0.0000  low=159 high=0  state=ON
2026-09-23T20:17:00Z  OBSERVE  productcatalogservice  rejection=0.0000  low=159 high=0  state=ON
2026-09-23T20:17:00Z  OBSERVE  recommendationservice  rejection=0.0000  low=159 high=0  state=ON
2026-09-23T20:17:00Z  OBSERVE  shippingservice  rejection=0.0000  low=159 high=0  state=ON
2026-09-23T20:17:01Z  OBSERVE  adservice  rejection=0.0000  low=160 high=0  state=ON
2026-09-23T20:17:01Z  OBSERVE  cartservice  rejection=0.0000  low=160 high=0  state=ON
2026-09-23T20:17:01Z  OBSERVE  checkoutservice  rejection=0.0000  low=93 high=0  state=ON
2026-09-23T20:17:01Z  OBSERVE  currencyservice  rejection=0.0000  low=160 high=0  state=ON
2026-09-23T20:17:01Z  OBSERVE  emailservice  rejection=0.0000  low=95 high=0  state=ON
2026-09-23T20:17:01Z  OBSERVE  paymentservice  rejection=0.0000  low=160 high=0  state=ON
2026-09-23T20:17:01Z  OBSERVE  productcatalogservice  rejection=0.0000  low=160 high=0  state=ON
2026-09-23T20:17:01Z  OBSERVE  recommendationservice  rejection=0.0000  low=160 high=0  state=ON
2026-09-23T20:17:01Z  OBSERVE  shippingservice  rejection=0.0000  low=160 high=0  state=ON
2026-09-23T20:17:02Z  OBSERVE  adservice  rejection=0.0000  low=161 high=0  state=ON
2026-09-23T20:17:02Z  OBSERVE  cartservice  rejection=0.0000  low=161 high=0  state=ON
2026-09-23T20:17:02Z  OBSERVE  checkoutservice  rejection=0.0000  low=94 high=0  state=ON
2026-09-23T20:17:02Z  OBSERVE  currencyservice  rejection=0.0000  low=161 high=0  state=ON
2026-09-23T20:17:02Z  OBSERVE  emailservice  rejection=0.0000  low=96 high=0  state=ON
2026-09-23T20:17:02Z  OBSERVE  paymentservice  rejection=0.0000  low=161 high=0  state=ON
2026-09-23T20:17:02Z  OBSERVE  productcatalogservice  rejection=0.0000  low=161 high=0  state=ON
2026-09-23T20:17:02Z  OBSERVE  recommendationservice  rejection=0.0000  low=161 high=0  state=ON
2026-09-23T20:17:02Z  OBSERVE  shippingservice  rejection=0.0000  low=161 high=0  state=ON
2026-09-23T20:17:03Z  OBSERVE  adservice  rejection=0.0000  low=162 high=0  state=ON
2026-09-23T20:17:03Z  OBSERVE  cartservice  rejection=0.0000  low=162 high=0  state=ON
2026-09-23T20:17:03Z  OBSERVE  checkoutservice  rejection=0.0000  low=95 high=0  state=ON
2026-09-23T20:17:03Z  OBSERVE  currencyservice  rejection=0.0000  low=162 high=0  state=ON
2026-09-23T20:17:03Z  OBSERVE  emailservice  rejection=0.0000  low=97 high=0  state=ON
2026-09-23T20:17:03Z  OBSERVE  paymentservice  rejection=0.0000  low=162 high=0  state=ON
2026-09-23T20:17:03Z  OBSERVE  productcatalogservice  rejection=0.0000  low=162 high=0  state=ON
2026-09-23T20:17:03Z  OBSERVE  recommendationservice  rejection=0.0000  low=162 high=0  state=ON
2026-09-23T20:17:03Z  OBSERVE  shippingservice  rejection=0.0000  low=162 high=0  state=ON
2026-09-23T20:17:04Z  OBSERVE  adservice  rejection=0.0000  low=163 high=0  state=ON
2026-09-23T20:17:04Z  OBSERVE  cartservice  rejection=0.0000  low=163 high=0  state=ON
2026-09-23T20:17:04Z  OBSERVE  checkoutservice  rejection=0.0000  low=96 high=0  state=ON
2026-09-23T20:17:04Z  OBSERVE  currencyservice  rejection=0.0000  low=163 high=0  state=ON
2026-09-23T20:17:04Z  OBSERVE  emailservice  rejection=0.0000  low=98 high=0  state=ON
2026-09-23T20:17:04Z  OBSERVE  paymentservice  rejection=0.0000  low=163 high=0  state=ON
2026-09-23T20:17:04Z  OBSERVE  productcatalogservice  rejection=0.0000  low=163 high=0  state=ON
2026-09-23T20:17:04Z  OBSERVE  recommendationservice  rejection=0.0000  low=163 high=0  state=ON
2026-09-23T20:17:04Z  OBSERVE  shippingservice  rejection=0.0000  low=163 high=0  state=ON
2026-09-23T20:17:05Z  OBSERVE  adservice  rejection=0.0000  low=164 high=0  state=ON
2026-09-23T20:17:05Z  OBSERVE  cartservice  rejection=0.0000  low=164 high=0  state=ON
2026-09-23T20:17:05Z  OBSERVE  checkoutservice  rejection=0.0000  low=97 high=0  state=ON
2026-09-23T20:17:05Z  OBSERVE  currencyservice  rejection=0.0000  low=164 high=0  state=ON
2026-09-23T20:17:05Z  OBSERVE  emailservice  rejection=0.0000  low=99 high=0  state=ON
2026-09-23T20:17:05Z  OBSERVE  paymentservice  rejection=0.0000  low=164 high=0  state=ON
2026-09-23T20:17:05Z  OBSERVE  productcatalogservice  rejection=0.0000  low=164 high=0  state=ON
2026-09-23T20:17:05Z  OBSERVE  recommendationservice  rejection=0.0000  low=164 high=0  state=ON
2026-09-23T20:17:05Z  OBSERVE  shippingservice  rejection=0.0000  low=164 high=0  state=ON
2026-09-23T20:17:06Z  OBSERVE  adservice  rejection=0.0000  low=165 high=0  state=ON
2026-09-23T20:17:06Z  OBSERVE  cartservice  rejection=0.0000  low=165 high=0  state=ON
2026-09-23T20:17:06Z  OBSERVE  checkoutservice  rejection=0.0000  low=98 high=0  state=ON
2026-09-23T20:17:06Z  OBSERVE  currencyservice  rejection=0.0000  low=165 high=0  state=ON
2026-09-23T20:17:06Z  OBSERVE  emailservice  rejection=0.0000  low=100 high=0  state=ON
2026-09-23T20:17:06Z  OBSERVE  paymentservice  rejection=0.0000  low=165 high=0  state=ON
2026-09-23T20:17:06Z  OBSERVE  productcatalogservice  rejection=0.0000  low=165 high=0  state=ON
2026-09-23T20:17:06Z  OBSERVE  recommendationservice  rejection=0.0000  low=165 high=0  state=ON
2026-09-23T20:17:06Z  OBSERVE  shippingservice  rejection=0.0000  low=165 high=0  state=ON
2026-09-23T20:17:07Z  OBSERVE  adservice  rejection=0.0000  low=166 high=0  state=ON
2026-09-23T20:17:07Z  OBSERVE  cartservice  rejection=0.0000  low=166 high=0  state=ON
2026-09-23T20:17:07Z  OBSERVE  checkoutservice  rejection=0.0000  low=99 high=0  state=ON
2026-09-23T20:17:07Z  OBSERVE  currencyservice  rejection=0.0000  low=166 high=0  state=ON
2026-09-23T20:17:07Z  OBSERVE  emailservice  rejection=0.0000  low=101 high=0  state=ON
2026-09-23T20:17:07Z  OBSERVE  paymentservice  rejection=0.0000  low=166 high=0  state=ON
2026-09-23T20:17:07Z  OBSERVE  productcatalogservice  rejection=0.0000  low=166 high=0  state=ON
2026-09-23T20:17:07Z  OBSERVE  recommendationservice  rejection=0.0000  low=166 high=0  state=ON
2026-09-23T20:17:07Z  OBSERVE  shippingservice  rejection=0.0000  low=166 high=0  state=ON
2026-09-23T20:17:08Z  OBSERVE  adservice  rejection=0.0000  low=167 high=0  state=ON
2026-09-23T20:17:08Z  OBSERVE  cartservice  rejection=0.0000  low=167 high=0  state=ON
2026-09-23T20:17:08Z  OBSERVE  checkoutservice  rejection=0.0000  low=100 high=0  state=ON
2026-09-23T20:17:08Z  OBSERVE  currencyservice  rejection=0.0000  low=167 high=0  state=ON
2026-09-23T20:17:08Z  OBSERVE  emailservice  rejection=0.0000  low=102 high=0  state=ON
2026-09-23T20:17:08Z  OBSERVE  paymentservice  rejection=0.0000  low=167 high=0  state=ON
2026-09-23T20:17:08Z  OBSERVE  productcatalogservice  rejection=0.0000  low=167 high=0  state=ON
2026-09-23T20:17:08Z  OBSERVE  recommendationservice  rejection=0.0000  low=167 high=0  state=ON
2026-09-23T20:17:08Z  OBSERVE  shippingservice  rejection=0.0000  low=167 high=0  state=ON
2026-09-23T20:17:09Z  OBSERVE  adservice  rejection=0.0000  low=168 high=0  state=ON
2026-09-23T20:17:09Z  OBSERVE  cartservice  rejection=0.0000  low=168 high=0  state=ON
2026-09-23T20:17:09Z  OBSERVE  checkoutservice  rejection=0.0000  low=101 high=0  state=ON
2026-09-23T20:17:09Z  OBSERVE  currencyservice  rejection=0.0000  low=168 high=0  state=ON
2026-09-23T20:17:09Z  OBSERVE  emailservice  rejection=0.0000  low=103 high=0  state=ON
2026-09-23T20:17:09Z  OBSERVE  paymentservice  rejection=0.0000  low=168 high=0  state=ON
2026-09-23T20:17:09Z  OBSERVE  productcatalogservice  rejection=0.0000  low=168 high=0  state=ON
2026-09-23T20:17:09Z  OBSERVE  recommendationservice  rejection=0.0000  low=168 high=0  state=ON
2026-09-23T20:17:09Z  OBSERVE  shippingservice  rejection=0.0000  low=168 high=0  state=ON
2026-09-23T20:17:10Z  OBSERVE  adservice  rejection=0.0000  low=169 high=0  state=ON
2026-09-23T20:17:10Z  OBSERVE  cartservice  rejection=0.0000  low=169 high=0  state=ON
2026-09-23T20:17:10Z  OBSERVE  checkoutservice  rejection=0.0000  low=102 high=0  state=ON
2026-09-23T20:17:10Z  OBSERVE  currencyservice  rejection=0.0000  low=169 high=0  state=ON
2026-09-23T20:17:10Z  OBSERVE  emailservice  rejection=0.0000  low=104 high=0  state=ON
2026-09-23T20:17:10Z  OBSERVE  paymentservice  rejection=0.0000  low=169 high=0  state=ON
2026-09-23T20:17:10Z  OBSERVE  productcatalogservice  rejection=0.0000  low=169 high=0  state=ON
2026-09-23T20:17:10Z  OBSERVE  recommendationservice  rejection=0.0000  low=169 high=0  state=ON
2026-09-23T20:17:10Z  OBSERVE  shippingservice  rejection=0.0000  low=169 high=0  state=ON
2026-09-23T20:17:11Z  OBSERVE  adservice  rejection=0.0000  low=170 high=0  state=ON
2026-09-23T20:17:11Z  OBSERVE  cartservice  rejection=0.0000  low=170 high=0  state=ON
2026-09-23T20:17:11Z  OBSERVE  checkoutservice  rejection=0.0000  low=103 high=0  state=ON
2026-09-23T20:17:11Z  OBSERVE  currencyservice  rejection=0.0000  low=170 high=0  state=ON
2026-09-23T20:17:11Z  OBSERVE  emailservice  rejection=0.0000  low=105 high=0  state=ON
2026-09-23T20:17:11Z  OBSERVE  paymentservice  rejection=0.0000  low=170 high=0  state=ON
2026-09-23T20:17:11Z  OBSERVE  productcatalogservice  rejection=0.0000  low=170 high=0  state=ON
2026-09-23T20:17:11Z  OBSERVE  recommendationservice  rejection=0.0000  low=170 high=0  state=ON
2026-09-23T20:17:11Z  OBSERVE  shippingservice  rejection=0.0000  low=170 high=0  state=ON
2026-09-23T20:17:12Z  OBSERVE  adservice  rejection=0.0000  low=171 high=0  state=ON
2026-09-23T20:17:12Z  OBSERVE  cartservice  rejection=0.0000  low=171 high=0  state=ON
2026-09-23T20:17:12Z  OBSERVE  checkoutservice  rejection=0.0000  low=104 high=0  state=ON
2026-09-23T20:17:12Z  OBSERVE  currencyservice  rejection=0.0000  low=171 high=0  state=ON
2026-09-23T20:17:12Z  OBSERVE  emailservice  rejection=0.0000  low=106 high=0  state=ON
2026-09-23T20:17:12Z  OBSERVE  paymentservice  rejection=0.0000  low=171 high=0  state=ON
2026-09-23T20:17:12Z  OBSERVE  productcatalogservice  rejection=0.0000  low=171 high=0  state=ON
2026-09-23T20:17:12Z  OBSERVE  recommendationservice  rejection=0.0000  low=171 high=0  state=ON
2026-09-23T20:17:12Z  OBSERVE  shippingservice  rejection=0.0000  low=171 high=0  state=ON
2026-09-23T20:17:13Z  OBSERVE  adservice  rejection=0.0000  low=172 high=0  state=ON
2026-09-23T20:17:13Z  OBSERVE  cartservice  rejection=0.0000  low=172 high=0  state=ON
2026-09-23T20:17:13Z  OBSERVE  checkoutservice  rejection=0.0000  low=105 high=0  state=ON
2026-09-23T20:17:13Z  OBSERVE  currencyservice  rejection=0.0000  low=172 high=0  state=ON
2026-09-23T20:17:13Z  OBSERVE  emailservice  rejection=0.0000  low=107 high=0  state=ON
2026-09-23T20:17:13Z  OBSERVE  paymentservice  rejection=0.0000  low=172 high=0  state=ON
2026-09-23T20:17:13Z  OBSERVE  productcatalogservice  rejection=0.0000  low=172 high=0  state=ON
2026-09-23T20:17:13Z  OBSERVE  recommendationservice  rejection=0.0000  low=172 high=0  state=ON
2026-09-23T20:17:13Z  OBSERVE  shippingservice  rejection=0.0000  low=172 high=0  state=ON
2026-09-23T20:17:14Z  OBSERVE  adservice  rejection=0.0000  low=173 high=0  state=ON
2026-09-23T20:17:14Z  OBSERVE  cartservice  rejection=0.0000  low=173 high=0  state=ON
2026-09-23T20:17:14Z  OBSERVE  checkoutservice  rejection=0.0000  low=106 high=0  state=ON
2026-09-23T20:17:14Z  OBSERVE  currencyservice  rejection=0.0000  low=173 high=0  state=ON
2026-09-23T20:17:14Z  OBSERVE  emailservice  rejection=0.0000  low=108 high=0  state=ON
2026-09-23T20:17:14Z  OBSERVE  paymentservice  rejection=0.0000  low=173 high=0  state=ON
2026-09-23T20:17:14Z  OBSERVE  productcatalogservice  rejection=0.0000  low=173 high=0  state=ON
2026-09-23T20:17:14Z  OBSERVE  recommendationservice  rejection=0.0000  low=173 high=0  state=ON
2026-09-23T20:17:14Z  OBSERVE  shippingservice  rejection=0.0000  low=173 high=0  state=ON
2026-09-23T20:17:15Z  OBSERVE  adservice  rejection=0.0000  low=174 high=0  state=ON
2026-09-23T20:17:15Z  OBSERVE  cartservice  rejection=0.0000  low=174 high=0  state=ON
2026-09-23T20:17:15Z  OBSERVE  checkoutservice  rejection=0.0000  low=107 high=0  state=ON
2026-09-23T20:17:15Z  OBSERVE  currencyservice  rejection=0.0000  low=174 high=0  state=ON
2026-09-23T20:17:15Z  OBSERVE  emailservice  rejection=0.0000  low=109 high=0  state=ON
2026-09-23T20:17:15Z  OBSERVE  paymentservice  rejection=0.0000  low=174 high=0  state=ON
2026-09-23T20:17:15Z  OBSERVE  productcatalogservice  rejection=0.0000  low=174 high=0  state=ON
2026-09-23T20:17:15Z  OBSERVE  recommendationservice  rejection=0.0000  low=174 high=0  state=ON
2026-09-23T20:17:15Z  OBSERVE  shippingservice  rejection=0.0000  low=174 high=0  state=ON
2026-09-23T20:17:16Z  OBSERVE  adservice  rejection=0.0000  low=175 high=0  state=ON
2026-09-23T20:17:16Z  OBSERVE  cartservice  rejection=0.0000  low=175 high=0  state=ON
2026-09-23T20:17:16Z  OBSERVE  checkoutservice  rejection=0.0000  low=108 high=0  state=ON
2026-09-23T20:17:16Z  OBSERVE  currencyservice  rejection=0.0000  low=175 high=0  state=ON
2026-09-23T20:17:16Z  OBSERVE  emailservice  rejection=0.0000  low=110 high=0  state=ON
2026-09-23T20:17:16Z  OBSERVE  paymentservice  rejection=0.0000  low=175 high=0  state=ON
2026-09-23T20:17:16Z  OBSERVE  productcatalogservice  rejection=0.0000  low=175 high=0  state=ON
2026-09-23T20:17:16Z  OBSERVE  recommendationservice  rejection=0.0000  low=175 high=0  state=ON
2026-09-23T20:17:16Z  OBSERVE  shippingservice  rejection=0.0000  low=175 high=0  state=ON
2026-09-23T20:17:17Z  OBSERVE  adservice  rejection=0.0000  low=176 high=0  state=ON
2026-09-23T20:17:17Z  OBSERVE  cartservice  rejection=0.0000  low=176 high=0  state=ON
2026-09-23T20:17:17Z  OBSERVE  checkoutservice  rejection=0.0000  low=109 high=0  state=ON
2026-09-23T20:17:17Z  OBSERVE  currencyservice  rejection=0.0000  low=176 high=0  state=ON
2026-09-23T20:17:17Z  OBSERVE  emailservice  rejection=0.0000  low=111 high=0  state=ON
2026-09-23T20:17:17Z  OBSERVE  paymentservice  rejection=0.0000  low=176 high=0  state=ON
2026-09-23T20:17:17Z  OBSERVE  productcatalogservice  rejection=0.0000  low=176 high=0  state=ON
2026-09-23T20:17:17Z  OBSERVE  recommendationservice  rejection=0.0000  low=176 high=0  state=ON
2026-09-23T20:17:17Z  OBSERVE  shippingservice  rejection=0.0000  low=176 high=0  state=ON
2026-09-23T20:17:18Z  OBSERVE  adservice  rejection=0.0000  low=177 high=0  state=ON
2026-09-23T20:17:18Z  OBSERVE  cartservice  rejection=0.0000  low=177 high=0  state=ON
2026-09-23T20:17:18Z  OBSERVE  checkoutservice  rejection=0.0000  low=110 high=0  state=ON
2026-09-23T20:17:18Z  OBSERVE  currencyservice  rejection=0.0000  low=177 high=0  state=ON
2026-09-23T20:17:18Z  OBSERVE  emailservice  rejection=0.0000  low=112 high=0  state=ON
2026-09-23T20:17:18Z  OBSERVE  paymentservice  rejection=0.0000  low=177 high=0  state=ON
2026-09-23T20:17:18Z  OBSERVE  productcatalogservice  rejection=0.0000  low=177 high=0  state=ON
2026-09-23T20:17:18Z  OBSERVE  recommendationservice  rejection=0.0000  low=177 high=0  state=ON
2026-09-23T20:17:18Z  OBSERVE  shippingservice  rejection=0.0000  low=177 high=0  state=ON
2026-09-23T20:17:19Z  OBSERVE  adservice  rejection=0.0000  low=178 high=0  state=ON
2026-09-23T20:17:19Z  OBSERVE  cartservice  rejection=0.0000  low=178 high=0  state=ON
2026-09-23T20:17:19Z  OBSERVE  checkoutservice  rejection=0.0000  low=111 high=0  state=ON
2026-09-23T20:17:19Z  OBSERVE  currencyservice  rejection=0.0000  low=178 high=0  state=ON
2026-09-23T20:17:19Z  OBSERVE  emailservice  rejection=0.0000  low=113 high=0  state=ON
2026-09-23T20:17:19Z  OBSERVE  paymentservice  rejection=0.0000  low=178 high=0  state=ON
2026-09-23T20:17:19Z  OBSERVE  productcatalogservice  rejection=0.0000  low=178 high=0  state=ON
2026-09-23T20:17:19Z  OBSERVE  recommendationservice  rejection=0.0000  low=178 high=0  state=ON
2026-09-23T20:17:19Z  OBSERVE  shippingservice  rejection=0.0000  low=178 high=0  state=ON
2026-09-23T20:17:20Z  OBSERVE  adservice  rejection=0.0000  low=179 high=0  state=ON
2026-09-23T20:17:20Z  OBSERVE  cartservice  rejection=0.0000  low=179 high=0  state=ON
2026-09-23T20:17:20Z  OBSERVE  checkoutservice  rejection=0.0000  low=112 high=0  state=ON
2026-09-23T20:17:20Z  OBSERVE  currencyservice  rejection=0.0000  low=179 high=0  state=ON
2026-09-23T20:17:20Z  OBSERVE  emailservice  rejection=0.0000  low=114 high=0  state=ON
2026-09-23T20:17:20Z  OBSERVE  paymentservice  rejection=0.0000  low=179 high=0  state=ON
2026-09-23T20:17:20Z  OBSERVE  productcatalogservice  rejection=0.0000  low=179 high=0  state=ON
2026-09-23T20:17:20Z  OBSERVE  recommendationservice  rejection=0.0000  low=179 high=0  state=ON
2026-09-23T20:17:20Z  OBSERVE  shippingservice  rejection=0.0000  low=179 high=0  state=ON
2026-09-23T20:17:21Z  OBSERVE  adservice  rejection=0.0000  low=180 high=0  state=ON
2026-09-23T20:17:21Z  OBSERVE  cartservice  rejection=0.0000  low=180 high=0  state=ON
2026-09-23T20:17:21Z  OBSERVE  checkoutservice  rejection=0.0000  low=113 high=0  state=ON
2026-09-23T20:17:21Z  OBSERVE  currencyservice  rejection=0.0000  low=180 high=0  state=ON
2026-09-23T20:17:21Z  OBSERVE  emailservice  rejection=0.0000  low=115 high=0  state=ON
2026-09-23T20:17:21Z  OBSERVE  paymentservice  rejection=0.0000  low=180 high=0  state=ON
2026-09-23T20:17:21Z  OBSERVE  productcatalogservice  rejection=0.0000  low=180 high=0  state=ON
2026-09-23T20:17:21Z  OBSERVE  recommendationservice  rejection=0.0000  low=180 high=0  state=ON
2026-09-23T20:17:21Z  OBSERVE  shippingservice  rejection=0.0000  low=180 high=0  state=ON
2026-09-23T20:17:22Z  OBSERVE  adservice  rejection=0.0000  low=181 high=0  state=ON
2026-09-23T20:17:22Z  OBSERVE  cartservice  rejection=0.0000  low=181 high=0  state=ON
2026-09-23T20:17:22Z  OBSERVE  checkoutservice  rejection=0.0000  low=114 high=0  state=ON
2026-09-23T20:17:22Z  OBSERVE  currencyservice  rejection=0.0000  low=181 high=0  state=ON
2026-09-23T20:17:22Z  OBSERVE  emailservice  rejection=0.0000  low=116 high=0  state=ON
2026-09-23T20:17:22Z  OBSERVE  paymentservice  rejection=0.0000  low=181 high=0  state=ON
2026-09-23T20:17:22Z  OBSERVE  productcatalogservice  rejection=0.0000  low=181 high=0  state=ON
2026-09-23T20:17:22Z  OBSERVE  recommendationservice  rejection=0.0000  low=181 high=0  state=ON
2026-09-23T20:17:22Z  OBSERVE  shippingservice  rejection=0.0000  low=181 high=0  state=ON
2026-09-23T20:17:23Z  OBSERVE  adservice  rejection=0.0000  low=182 high=0  state=ON
2026-09-23T20:17:23Z  OBSERVE  cartservice  rejection=0.0000  low=182 high=0  state=ON
2026-09-23T20:17:23Z  OBSERVE  checkoutservice  rejection=0.0000  low=115 high=0  state=ON
2026-09-23T20:17:23Z  OBSERVE  currencyservice  rejection=0.0000  low=182 high=0  state=ON
2026-09-23T20:17:23Z  OBSERVE  emailservice  rejection=0.0000  low=117 high=0  state=ON
2026-09-23T20:17:23Z  OBSERVE  paymentservice  rejection=0.0000  low=182 high=0  state=ON
2026-09-23T20:17:23Z  OBSERVE  productcatalogservice  rejection=0.0000  low=182 high=0  state=ON
2026-09-23T20:17:23Z  OBSERVE  recommendationservice  rejection=0.0000  low=182 high=0  state=ON
2026-09-23T20:17:23Z  OBSERVE  shippingservice  rejection=0.0000  low=182 high=0  state=ON
2026-09-23T20:17:24Z  OBSERVE  adservice  rejection=0.0000  low=183 high=0  state=ON
2026-09-23T20:17:24Z  OBSERVE  cartservice  rejection=0.0000  low=183 high=0  state=ON
2026-09-23T20:17:24Z  OBSERVE  checkoutservice  rejection=0.0000  low=116 high=0  state=ON
2026-09-23T20:17:24Z  OBSERVE  currencyservice  rejection=0.0000  low=183 high=0  state=ON
2026-09-23T20:17:24Z  OBSERVE  emailservice  rejection=0.0000  low=118 high=0  state=ON
2026-09-23T20:17:24Z  OBSERVE  paymentservice  rejection=0.0000  low=183 high=0  state=ON
2026-09-23T20:17:24Z  OBSERVE  productcatalogservice  rejection=0.0000  low=183 high=0  state=ON
2026-09-23T20:17:24Z  OBSERVE  recommendationservice  rejection=0.0000  low=183 high=0  state=ON
2026-09-23T20:17:24Z  OBSERVE  shippingservice  rejection=0.0000  low=183 high=0  state=ON
2026-09-23T20:17:25Z  OBSERVE  adservice  rejection=0.0000  low=184 high=0  state=ON
2026-09-23T20:17:25Z  OBSERVE  cartservice  rejection=0.0000  low=184 high=0  state=ON
2026-09-23T20:17:25Z  OBSERVE  checkoutservice  rejection=0.0000  low=117 high=0  state=ON
2026-09-23T20:17:25Z  OBSERVE  currencyservice  rejection=0.0000  low=184 high=0  state=ON
2026-09-23T20:17:25Z  OBSERVE  emailservice  rejection=0.0000  low=119 high=0  state=ON
2026-09-23T20:17:25Z  OBSERVE  paymentservice  rejection=0.0000  low=184 high=0  state=ON
2026-09-23T20:17:25Z  OBSERVE  productcatalogservice  rejection=0.0000  low=184 high=0  state=ON
2026-09-23T20:17:25Z  OBSERVE  recommendationservice  rejection=0.0000  low=184 high=0  state=ON
2026-09-23T20:17:25Z  OBSERVE  shippingservice  rejection=0.0000  low=184 high=0  state=ON
2026-09-23T20:17:26Z  OBSERVE  adservice  rejection=0.0000  low=185 high=0  state=ON
2026-09-23T20:17:26Z  OBSERVE  cartservice  rejection=0.0000  low=185 high=0  state=ON
2026-09-23T20:17:26Z  OBSERVE  checkoutservice  rejection=0.0000  low=118 high=0  state=ON
2026-09-23T20:17:26Z  OBSERVE  currencyservice  rejection=0.0000  low=185 high=0  state=ON
2026-09-23T20:17:26Z  OBSERVE  emailservice  rejection=0.0000  low=120 high=0  state=ON
2026-09-23T20:17:26Z  OBSERVE  paymentservice  rejection=0.0000  low=185 high=0  state=ON
2026-09-23T20:17:26Z  OBSERVE  productcatalogservice  rejection=0.0000  low=185 high=0  state=ON
2026-09-23T20:17:26Z  OBSERVE  recommendationservice  rejection=0.0000  low=185 high=0  state=ON
2026-09-23T20:17:26Z  OBSERVE  shippingservice  rejection=0.0000  low=185 high=0  state=ON
2026-09-23T20:17:27Z  OBSERVE  adservice  rejection=0.0000  low=186 high=0  state=ON
2026-09-23T20:17:27Z  OBSERVE  cartservice  rejection=0.0000  low=186 high=0  state=ON
2026-09-23T20:17:27Z  OBSERVE  checkoutservice  rejection=0.0000  low=119 high=0  state=ON
2026-09-23T20:17:27Z  OBSERVE  currencyservice  rejection=0.0000  low=186 high=0  state=ON
2026-09-23T20:17:27Z  OBSERVE  emailservice  rejection=0.0000  low=121 high=0  state=ON
2026-09-23T20:17:27Z  OBSERVE  paymentservice  rejection=0.0000  low=186 high=0  state=ON
2026-09-23T20:17:27Z  OBSERVE  productcatalogservice  rejection=0.0000  low=186 high=0  state=ON
2026-09-23T20:17:27Z  OBSERVE  recommendationservice  rejection=0.0000  low=186 high=0  state=ON
2026-09-23T20:17:27Z  OBSERVE  shippingservice  rejection=0.0000  low=186 high=0  state=ON
2026-09-23T20:17:28Z  OBSERVE  adservice  rejection=0.0000  low=187 high=0  state=ON
2026-09-23T20:17:28Z  OBSERVE  cartservice  rejection=0.0000  low=187 high=0  state=ON
2026-09-23T20:17:28Z  OBSERVE  checkoutservice  rejection=0.0000  low=120 high=0  state=ON
2026-09-23T20:17:28Z  OBSERVE  currencyservice  rejection=0.0000  low=187 high=0  state=ON
2026-09-23T20:17:28Z  OBSERVE  emailservice  rejection=0.0000  low=122 high=0  state=ON
2026-09-23T20:17:28Z  OBSERVE  paymentservice  rejection=0.0000  low=187 high=0  state=ON
2026-09-23T20:17:28Z  OBSERVE  productcatalogservice  rejection=0.0000  low=187 high=0  state=ON
2026-09-23T20:17:28Z  OBSERVE  recommendationservice  rejection=0.0000  low=187 high=0  state=ON
2026-09-23T20:17:28Z  OBSERVE  shippingservice  rejection=0.0000  low=187 high=0  state=ON
2026-09-23T20:17:29Z  OBSERVE  adservice  rejection=0.0000  low=188 high=0  state=ON
2026-09-23T20:17:29Z  OBSERVE  cartservice  rejection=0.0000  low=188 high=0  state=ON
2026-09-23T20:17:29Z  OBSERVE  checkoutservice  rejection=0.0000  low=121 high=0  state=ON
2026-09-23T20:17:29Z  OBSERVE  currencyservice  rejection=0.0000  low=188 high=0  state=ON
2026-09-23T20:17:29Z  OBSERVE  emailservice  rejection=0.0000  low=123 high=0  state=ON
2026-09-23T20:17:29Z  OBSERVE  paymentservice  rejection=0.0000  low=188 high=0  state=ON
2026-09-23T20:17:29Z  OBSERVE  productcatalogservice  rejection=0.0000  low=188 high=0  state=ON
2026-09-23T20:17:29Z  OBSERVE  recommendationservice  rejection=0.0000  low=188 high=0  state=ON
2026-09-23T20:17:29Z  OBSERVE  shippingservice  rejection=0.0000  low=188 high=0  state=ON
2026-09-23T20:17:30Z  OBSERVE  adservice  rejection=0.0000  low=189 high=0  state=ON
2026-09-23T20:17:30Z  OBSERVE  cartservice  rejection=0.0000  low=189 high=0  state=ON
2026-09-23T20:17:30Z  OBSERVE  checkoutservice  rejection=0.0000  low=122 high=0  state=ON
2026-09-23T20:17:30Z  OBSERVE  currencyservice  rejection=0.0000  low=189 high=0  state=ON
2026-09-23T20:17:30Z  OBSERVE  emailservice  rejection=0.0000  low=124 high=0  state=ON
2026-09-23T20:17:30Z  OBSERVE  paymentservice  rejection=0.0000  low=189 high=0  state=ON
2026-09-23T20:17:30Z  OBSERVE  productcatalogservice  rejection=0.0000  low=189 high=0  state=ON
2026-09-23T20:17:30Z  OBSERVE  recommendationservice  rejection=0.0000  low=189 high=0  state=ON
2026-09-23T20:17:30Z  OBSERVE  shippingservice  rejection=0.0000  low=189 high=0  state=ON
2026-09-23T20:17:31Z  OBSERVE  adservice  rejection=0.0000  low=190 high=0  state=ON
2026-09-23T20:17:31Z  OBSERVE  cartservice  rejection=0.0000  low=190 high=0  state=ON
2026-09-23T20:17:31Z  OBSERVE  checkoutservice  rejection=0.0000  low=123 high=0  state=ON
2026-09-23T20:17:31Z  OBSERVE  currencyservice  rejection=0.0000  low=190 high=0  state=ON
2026-09-23T20:17:31Z  OBSERVE  emailservice  rejection=0.0000  low=125 high=0  state=ON
2026-09-23T20:17:31Z  OBSERVE  paymentservice  rejection=0.0000  low=190 high=0  state=ON
2026-09-23T20:17:31Z  OBSERVE  productcatalogservice  rejection=0.0000  low=190 high=0  state=ON
2026-09-23T20:17:31Z  OBSERVE  recommendationservice  rejection=0.0000  low=190 high=0  state=ON
2026-09-23T20:17:31Z  OBSERVE  shippingservice  rejection=0.0000  low=190 high=0  state=ON
2026-09-23T20:17:32Z  OBSERVE  adservice  rejection=0.0000  low=191 high=0  state=ON
2026-09-23T20:17:32Z  OBSERVE  cartservice  rejection=0.0000  low=191 high=0  state=ON
2026-09-23T20:17:32Z  OBSERVE  checkoutservice  rejection=0.0000  low=124 high=0  state=ON
2026-09-23T20:17:32Z  OBSERVE  currencyservice  rejection=0.0000  low=191 high=0  state=ON
2026-09-23T20:17:32Z  OBSERVE  emailservice  rejection=0.0000  low=126 high=0  state=ON
2026-09-23T20:17:32Z  OBSERVE  paymentservice  rejection=0.0000  low=191 high=0  state=ON
2026-09-23T20:17:32Z  OBSERVE  productcatalogservice  rejection=0.0000  low=191 high=0  state=ON
2026-09-23T20:17:32Z  OBSERVE  recommendationservice  rejection=0.0000  low=191 high=0  state=ON
2026-09-23T20:17:32Z  OBSERVE  shippingservice  rejection=0.0000  low=191 high=0  state=ON
2026-09-23T20:17:33Z  OBSERVE  adservice  rejection=0.0000  low=192 high=0  state=ON
2026-09-23T20:17:33Z  OBSERVE  cartservice  rejection=0.0000  low=192 high=0  state=ON
2026-09-23T20:17:33Z  OBSERVE  checkoutservice  rejection=0.0000  low=125 high=0  state=ON
2026-09-23T20:17:33Z  OBSERVE  currencyservice  rejection=0.0000  low=192 high=0  state=ON
2026-09-23T20:17:33Z  OBSERVE  emailservice  rejection=0.0000  low=127 high=0  state=ON
2026-09-23T20:17:33Z  OBSERVE  paymentservice  rejection=0.0000  low=192 high=0  state=ON
2026-09-23T20:17:33Z  OBSERVE  productcatalogservice  rejection=0.0000  low=192 high=0  state=ON
2026-09-23T20:17:33Z  OBSERVE  recommendationservice  rejection=0.0000  low=192 high=0  state=ON
2026-09-23T20:17:33Z  OBSERVE  shippingservice  rejection=0.0000  low=192 high=0  state=ON
2026-09-23T20:17:34Z  OBSERVE  adservice  rejection=0.0000  low=193 high=0  state=ON
2026-09-23T20:17:34Z  OBSERVE  cartservice  rejection=0.0000  low=193 high=0  state=ON
2026-09-23T20:17:34Z  OBSERVE  checkoutservice  rejection=0.0000  low=126 high=0  state=ON
2026-09-23T20:17:34Z  OBSERVE  currencyservice  rejection=0.0000  low=193 high=0  state=ON
2026-09-23T20:17:34Z  OBSERVE  emailservice  rejection=0.0000  low=128 high=0  state=ON
2026-09-23T20:17:34Z  OBSERVE  paymentservice  rejection=0.0000  low=193 high=0  state=ON
2026-09-23T20:17:34Z  OBSERVE  productcatalogservice  rejection=0.0000  low=193 high=0  state=ON
2026-09-23T20:17:34Z  OBSERVE  recommendationservice  rejection=0.0000  low=193 high=0  state=ON
2026-09-23T20:17:34Z  OBSERVE  shippingservice  rejection=0.0000  low=193 high=0  state=ON
2026-09-23T20:17:35Z  OBSERVE  adservice  rejection=0.0000  low=194 high=0  state=ON
2026-09-23T20:17:35Z  OBSERVE  cartservice  rejection=0.0000  low=194 high=0  state=ON
2026-09-23T20:17:35Z  OBSERVE  checkoutservice  rejection=0.0000  low=127 high=0  state=ON
2026-09-23T20:17:35Z  OBSERVE  currencyservice  rejection=0.0000  low=194 high=0  state=ON
2026-09-23T20:17:35Z  OBSERVE  emailservice  rejection=0.0000  low=129 high=0  state=ON
2026-09-23T20:17:35Z  OBSERVE  paymentservice  rejection=0.0000  low=194 high=0  state=ON
2026-09-23T20:17:35Z  OBSERVE  productcatalogservice  rejection=0.0000  low=194 high=0  state=ON
2026-09-23T20:17:35Z  OBSERVE  recommendationservice  rejection=0.0000  low=194 high=0  state=ON
2026-09-23T20:17:35Z  OBSERVE  shippingservice  rejection=0.0000  low=194 high=0  state=ON
2026-09-23T20:17:36Z  OBSERVE  adservice  rejection=0.0000  low=195 high=0  state=ON
2026-09-23T20:17:36Z  OBSERVE  cartservice  rejection=0.0000  low=195 high=0  state=ON
2026-09-23T20:17:36Z  OBSERVE  checkoutservice  rejection=0.0000  low=128 high=0  state=ON
2026-09-23T20:17:36Z  OBSERVE  currencyservice  rejection=0.0000  low=195 high=0  state=ON
2026-09-23T20:17:36Z  OBSERVE  emailservice  rejection=0.0000  low=130 high=0  state=ON
2026-09-23T20:17:36Z  OBSERVE  paymentservice  rejection=0.0000  low=195 high=0  state=ON
2026-09-23T20:17:36Z  OBSERVE  productcatalogservice  rejection=0.0000  low=195 high=0  state=ON
2026-09-23T20:17:36Z  OBSERVE  recommendationservice  rejection=0.0000  low=195 high=0  state=ON
2026-09-23T20:17:36Z  OBSERVE  shippingservice  rejection=0.0000  low=195 high=0  state=ON
2026-09-23T20:17:37Z  OBSERVE  adservice  rejection=0.0000  low=196 high=0  state=ON
2026-09-23T20:17:37Z  OBSERVE  cartservice  rejection=0.0000  low=196 high=0  state=ON
2026-09-23T20:17:37Z  OBSERVE  checkoutservice  rejection=0.0000  low=129 high=0  state=ON
2026-09-23T20:17:37Z  OBSERVE  currencyservice  rejection=0.0000  low=196 high=0  state=ON
2026-09-23T20:17:37Z  OBSERVE  emailservice  rejection=0.0000  low=131 high=0  state=ON
2026-09-23T20:17:37Z  OBSERVE  paymentservice  rejection=0.0000  low=196 high=0  state=ON
2026-09-23T20:17:37Z  OBSERVE  productcatalogservice  rejection=0.0000  low=196 high=0  state=ON
2026-09-23T20:17:37Z  OBSERVE  recommendationservice  rejection=0.0000  low=196 high=0  state=ON
2026-09-23T20:17:37Z  OBSERVE  shippingservice  rejection=0.0000  low=196 high=0  state=ON
2026-09-23T20:17:38Z  OBSERVE  adservice  rejection=0.0000  low=197 high=0  state=ON
2026-09-23T20:17:38Z  OBSERVE  cartservice  rejection=0.0000  low=197 high=0  state=ON
2026-09-23T20:17:38Z  OBSERVE  checkoutservice  rejection=0.0000  low=130 high=0  state=ON
2026-09-23T20:17:38Z  OBSERVE  currencyservice  rejection=0.0000  low=197 high=0  state=ON
2026-09-23T20:17:38Z  OBSERVE  emailservice  rejection=0.0000  low=132 high=0  state=ON
2026-09-23T20:17:38Z  OBSERVE  paymentservice  rejection=0.0000  low=197 high=0  state=ON
2026-09-23T20:17:38Z  OBSERVE  productcatalogservice  rejection=0.0000  low=197 high=0  state=ON
2026-09-23T20:17:38Z  OBSERVE  recommendationservice  rejection=0.0000  low=197 high=0  state=ON
2026-09-23T20:17:38Z  OBSERVE  shippingservice  rejection=0.0000  low=197 high=0  state=ON
2026-09-23T20:17:39Z  OBSERVE  adservice  rejection=0.0000  low=198 high=0  state=ON
2026-09-23T20:17:39Z  OBSERVE  cartservice  rejection=0.0000  low=198 high=0  state=ON
2026-09-23T20:17:39Z  OBSERVE  checkoutservice  rejection=0.0000  low=131 high=0  state=ON
2026-09-23T20:17:39Z  OBSERVE  currencyservice  rejection=0.0000  low=198 high=0  state=ON
2026-09-23T20:17:39Z  OBSERVE  emailservice  rejection=0.0000  low=133 high=0  state=ON
2026-09-23T20:17:39Z  OBSERVE  paymentservice  rejection=0.0000  low=198 high=0  state=ON
2026-09-23T20:17:39Z  OBSERVE  productcatalogservice  rejection=0.0000  low=198 high=0  state=ON
2026-09-23T20:17:39Z  OBSERVE  recommendationservice  rejection=0.0000  low=198 high=0  state=ON
2026-09-23T20:17:39Z  OBSERVE  shippingservice  rejection=0.0000  low=198 high=0  state=ON
2026-09-23T20:17:40Z  OBSERVE  adservice  rejection=0.0000  low=199 high=0  state=ON
2026-09-23T20:17:40Z  OBSERVE  cartservice  rejection=0.0000  low=199 high=0  state=ON
2026-09-23T20:17:40Z  OBSERVE  checkoutservice  rejection=0.0000  low=132 high=0  state=ON
2026-09-23T20:17:40Z  OBSERVE  currencyservice  rejection=0.0000  low=199 high=0  state=ON
2026-09-23T20:17:40Z  OBSERVE  emailservice  rejection=0.0000  low=134 high=0  state=ON
2026-09-23T20:17:40Z  OBSERVE  paymentservice  rejection=0.0000  low=199 high=0  state=ON
2026-09-23T20:17:40Z  OBSERVE  productcatalogservice  rejection=0.0000  low=199 high=0  state=ON
2026-09-23T20:17:40Z  OBSERVE  recommendationservice  rejection=0.0000  low=199 high=0  state=ON
2026-09-23T20:17:40Z  OBSERVE  shippingservice  rejection=0.0000  low=199 high=0  state=ON
2026-09-23T20:17:41Z  OBSERVE  adservice  rejection=0.0000  low=200 high=0  state=ON
2026-09-23T20:17:41Z  OBSERVE  cartservice  rejection=0.0000  low=200 high=0  state=ON
2026-09-23T20:17:41Z  OBSERVE  checkoutservice  rejection=0.0000  low=133 high=0  state=ON
2026-09-23T20:17:41Z  OBSERVE  currencyservice  rejection=0.0000  low=200 high=0  state=ON
2026-09-23T20:17:41Z  OBSERVE  emailservice  rejection=0.0000  low=135 high=0  state=ON
2026-09-23T20:17:41Z  OBSERVE  paymentservice  rejection=0.0000  low=200 high=0  state=ON
2026-09-23T20:17:41Z  OBSERVE  productcatalogservice  rejection=0.0000  low=200 high=0  state=ON
2026-09-23T20:17:41Z  OBSERVE  recommendationservice  rejection=0.0000  low=200 high=0  state=ON
2026-09-23T20:17:41Z  OBSERVE  shippingservice  rejection=0.0000  low=200 high=0  state=ON
2026-09-23T20:17:42Z  OBSERVE  adservice  rejection=0.0000  low=201 high=0  state=ON
2026-09-23T20:17:42Z  OBSERVE  cartservice  rejection=0.0000  low=201 high=0  state=ON
2026-09-23T20:17:42Z  OBSERVE  checkoutservice  rejection=0.0000  low=134 high=0  state=ON
2026-09-23T20:17:42Z  OBSERVE  currencyservice  rejection=0.0000  low=201 high=0  state=ON
2026-09-23T20:17:42Z  OBSERVE  emailservice  rejection=0.0000  low=136 high=0  state=ON
2026-09-23T20:17:42Z  OBSERVE  paymentservice  rejection=0.0000  low=201 high=0  state=ON
2026-09-23T20:17:42Z  OBSERVE  productcatalogservice  rejection=0.0000  low=201 high=0  state=ON
2026-09-23T20:17:42Z  OBSERVE  recommendationservice  rejection=0.0000  low=201 high=0  state=ON
2026-09-23T20:17:42Z  OBSERVE  shippingservice  rejection=0.0000  low=201 high=0  state=ON
2026-09-23T20:17:43Z  OBSERVE  adservice  rejection=0.0000  low=202 high=0  state=ON
2026-09-23T20:17:43Z  OBSERVE  cartservice  rejection=0.0000  low=202 high=0  state=ON
2026-09-23T20:17:43Z  OBSERVE  checkoutservice  rejection=0.0000  low=135 high=0  state=ON
2026-09-23T20:17:43Z  OBSERVE  currencyservice  rejection=0.0000  low=202 high=0  state=ON
2026-09-23T20:17:43Z  OBSERVE  emailservice  rejection=0.0000  low=137 high=0  state=ON
2026-09-23T20:17:43Z  OBSERVE  paymentservice  rejection=0.0000  low=202 high=0  state=ON
2026-09-23T20:17:43Z  OBSERVE  productcatalogservice  rejection=0.0000  low=202 high=0  state=ON
2026-09-23T20:17:43Z  OBSERVE  recommendationservice  rejection=0.0000  low=202 high=0  state=ON
2026-09-23T20:17:43Z  OBSERVE  shippingservice  rejection=0.0000  low=202 high=0  state=ON
2026-09-23T20:17:44Z  OBSERVE  adservice  rejection=0.0000  low=203 high=0  state=ON
2026-09-23T20:17:44Z  OBSERVE  cartservice  rejection=0.0000  low=203 high=0  state=ON
2026-09-23T20:17:44Z  OBSERVE  checkoutservice  rejection=0.0000  low=136 high=0  state=ON
2026-09-23T20:17:44Z  OBSERVE  currencyservice  rejection=0.0000  low=203 high=0  state=ON
2026-09-23T20:17:44Z  OBSERVE  emailservice  rejection=0.0000  low=138 high=0  state=ON
2026-09-23T20:17:44Z  OBSERVE  paymentservice  rejection=0.0000  low=203 high=0  state=ON
2026-09-23T20:17:44Z  OBSERVE  productcatalogservice  rejection=0.0000  low=203 high=0  state=ON
2026-09-23T20:17:44Z  OBSERVE  recommendationservice  rejection=0.0000  low=203 high=0  state=ON
2026-09-23T20:17:44Z  OBSERVE  shippingservice  rejection=0.0000  low=203 high=0  state=ON
2026-09-23T20:17:45Z  OBSERVE  adservice  rejection=0.0000  low=204 high=0  state=ON
2026-09-23T20:17:45Z  OBSERVE  cartservice  rejection=0.0000  low=204 high=0  state=ON
2026-09-23T20:17:45Z  OBSERVE  checkoutservice  rejection=0.0000  low=137 high=0  state=ON
2026-09-23T20:17:45Z  OBSERVE  currencyservice  rejection=0.0000  low=204 high=0  state=ON
2026-09-23T20:17:45Z  OBSERVE  emailservice  rejection=0.0000  low=139 high=0  state=ON
2026-09-23T20:17:45Z  OBSERVE  paymentservice  rejection=0.0000  low=204 high=0  state=ON
2026-09-23T20:17:45Z  OBSERVE  productcatalogservice  rejection=0.0000  low=204 high=0  state=ON
2026-09-23T20:17:45Z  OBSERVE  recommendationservice  rejection=0.0000  low=204 high=0  state=ON
2026-09-23T20:17:45Z  OBSERVE  shippingservice  rejection=0.0000  low=204 high=0  state=ON
2026-09-23T20:17:46Z  OBSERVE  adservice  rejection=0.0000  low=205 high=0  state=ON
2026-09-23T20:17:46Z  OBSERVE  cartservice  rejection=0.0000  low=205 high=0  state=ON
2026-09-23T20:17:46Z  OBSERVE  checkoutservice  rejection=0.0000  low=138 high=0  state=ON
2026-09-23T20:17:46Z  OBSERVE  currencyservice  rejection=0.0000  low=205 high=0  state=ON
2026-09-23T20:17:46Z  OBSERVE  emailservice  rejection=0.0000  low=140 high=0  state=ON
2026-09-23T20:17:46Z  OBSERVE  paymentservice  rejection=0.0000  low=205 high=0  state=ON
2026-09-23T20:17:46Z  OBSERVE  productcatalogservice  rejection=0.0000  low=205 high=0  state=ON
2026-09-23T20:17:46Z  OBSERVE  recommendationservice  rejection=0.0000  low=205 high=0  state=ON
2026-09-23T20:17:46Z  OBSERVE  shippingservice  rejection=0.0000  low=205 high=0  state=ON
2026-09-23T20:17:47Z  OBSERVE  adservice  rejection=0.0000  low=206 high=0  state=ON
2026-09-23T20:17:47Z  OBSERVE  cartservice  rejection=0.0000  low=206 high=0  state=ON
2026-09-23T20:17:47Z  OBSERVE  checkoutservice  rejection=0.0000  low=139 high=0  state=ON
2026-09-23T20:17:47Z  OBSERVE  currencyservice  rejection=0.0000  low=206 high=0  state=ON
2026-09-23T20:17:47Z  OBSERVE  emailservice  rejection=0.0000  low=141 high=0  state=ON
2026-09-23T20:17:47Z  OBSERVE  paymentservice  rejection=0.0000  low=206 high=0  state=ON
2026-09-23T20:17:47Z  OBSERVE  productcatalogservice  rejection=0.0000  low=206 high=0  state=ON
2026-09-23T20:17:47Z  OBSERVE  recommendationservice  rejection=0.0000  low=206 high=0  state=ON
2026-09-23T20:17:47Z  OBSERVE  shippingservice  rejection=0.0000  low=206 high=0  state=ON
2026-09-23T20:17:48Z  OBSERVE  adservice  rejection=0.0000  low=207 high=0  state=ON
2026-09-23T20:17:48Z  OBSERVE  cartservice  rejection=0.0000  low=207 high=0  state=ON
2026-09-23T20:17:48Z  OBSERVE  checkoutservice  rejection=0.0000  low=140 high=0  state=ON
2026-09-23T20:17:48Z  OBSERVE  currencyservice  rejection=0.0000  low=207 high=0  state=ON
2026-09-23T20:17:48Z  OBSERVE  emailservice  rejection=0.0000  low=142 high=0  state=ON
2026-09-23T20:17:48Z  OBSERVE  paymentservice  rejection=0.0000  low=207 high=0  state=ON
2026-09-23T20:17:48Z  OBSERVE  productcatalogservice  rejection=0.0000  low=207 high=0  state=ON
2026-09-23T20:17:48Z  OBSERVE  recommendationservice  rejection=0.0000  low=207 high=0  state=ON
2026-09-23T20:17:48Z  OBSERVE  shippingservice  rejection=0.0000  low=207 high=0  state=ON
2026-09-23T20:17:49Z  OBSERVE  adservice  rejection=0.0000  low=208 high=0  state=ON
2026-09-23T20:17:49Z  OBSERVE  cartservice  rejection=0.0000  low=208 high=0  state=ON
2026-09-23T20:17:49Z  OBSERVE  checkoutservice  rejection=0.0000  low=141 high=0  state=ON
2026-09-23T20:17:49Z  OBSERVE  currencyservice  rejection=0.0000  low=208 high=0  state=ON
2026-09-23T20:17:49Z  OBSERVE  emailservice  rejection=0.0000  low=143 high=0  state=ON
2026-09-23T20:17:49Z  OBSERVE  paymentservice  rejection=0.0000  low=208 high=0  state=ON
2026-09-23T20:17:49Z  OBSERVE  productcatalogservice  rejection=0.0000  low=208 high=0  state=ON
2026-09-23T20:17:49Z  OBSERVE  recommendationservice  rejection=0.0000  low=208 high=0  state=ON
2026-09-23T20:17:49Z  OBSERVE  shippingservice  rejection=0.0000  low=208 high=0  state=ON
2026-09-23T20:17:50Z  OBSERVE  adservice  rejection=0.0000  low=209 high=0  state=ON
2026-09-23T20:17:50Z  OBSERVE  cartservice  rejection=0.0000  low=209 high=0  state=ON
2026-09-23T20:17:50Z  OBSERVE  checkoutservice  rejection=0.0000  low=142 high=0  state=ON
2026-09-23T20:17:50Z  OBSERVE  currencyservice  rejection=0.0000  low=209 high=0  state=ON
2026-09-23T20:17:50Z  OBSERVE  emailservice  rejection=0.0000  low=144 high=0  state=ON
2026-09-23T20:17:50Z  OBSERVE  paymentservice  rejection=0.0000  low=209 high=0  state=ON
2026-09-23T20:17:50Z  OBSERVE  productcatalogservice  rejection=0.0000  low=209 high=0  state=ON
2026-09-23T20:17:50Z  OBSERVE  recommendationservice  rejection=0.0000  low=209 high=0  state=ON
2026-09-23T20:17:50Z  OBSERVE  shippingservice  rejection=0.0000  low=209 high=0  state=ON
2026-09-23T20:17:51Z  OBSERVE  adservice  rejection=0.0000  low=210 high=0  state=ON
2026-09-23T20:17:51Z  OBSERVE  cartservice  rejection=0.0000  low=210 high=0  state=ON
2026-09-23T20:17:51Z  OBSERVE  checkoutservice  rejection=0.0000  low=143 high=0  state=ON
2026-09-23T20:17:51Z  OBSERVE  currencyservice  rejection=0.0000  low=210 high=0  state=ON
2026-09-23T20:17:51Z  OBSERVE  emailservice  rejection=0.0000  low=145 high=0  state=ON
2026-09-23T20:17:51Z  OBSERVE  paymentservice  rejection=0.0000  low=210 high=0  state=ON
2026-09-23T20:17:51Z  OBSERVE  productcatalogservice  rejection=0.0000  low=210 high=0  state=ON
2026-09-23T20:17:51Z  OBSERVE  recommendationservice  rejection=0.0000  low=210 high=0  state=ON
2026-09-23T20:17:51Z  OBSERVE  shippingservice  rejection=0.0000  low=210 high=0  state=ON
2026-09-23T20:17:52Z  OBSERVE  adservice  rejection=0.0000  low=211 high=0  state=ON
2026-09-23T20:17:52Z  OBSERVE  cartservice  rejection=0.0000  low=211 high=0  state=ON
2026-09-23T20:17:52Z  OBSERVE  checkoutservice  rejection=0.0000  low=144 high=0  state=ON
2026-09-23T20:17:52Z  OBSERVE  currencyservice  rejection=0.0000  low=211 high=0  state=ON
2026-09-23T20:17:52Z  OBSERVE  emailservice  rejection=0.0000  low=146 high=0  state=ON
2026-09-23T20:17:52Z  OBSERVE  paymentservice  rejection=0.0000  low=211 high=0  state=ON
2026-09-23T20:17:52Z  OBSERVE  productcatalogservice  rejection=0.0000  low=211 high=0  state=ON
2026-09-23T20:17:52Z  OBSERVE  recommendationservice  rejection=0.0000  low=211 high=0  state=ON
2026-09-23T20:17:52Z  OBSERVE  shippingservice  rejection=0.0000  low=211 high=0  state=ON
2026-09-23T20:17:53Z  OBSERVE  adservice  rejection=0.0000  low=212 high=0  state=ON
2026-09-23T20:17:53Z  OBSERVE  cartservice  rejection=0.0000  low=212 high=0  state=ON
2026-09-23T20:17:53Z  OBSERVE  checkoutservice  rejection=0.0000  low=145 high=0  state=ON
2026-09-23T20:17:53Z  OBSERVE  currencyservice  rejection=0.0000  low=212 high=0  state=ON
2026-09-23T20:17:53Z  OBSERVE  emailservice  rejection=0.0000  low=147 high=0  state=ON
2026-09-23T20:17:53Z  OBSERVE  paymentservice  rejection=0.0000  low=212 high=0  state=ON
2026-09-23T20:17:53Z  OBSERVE  productcatalogservice  rejection=0.0000  low=212 high=0  state=ON
2026-09-23T20:17:53Z  OBSERVE  recommendationservice  rejection=0.0000  low=212 high=0  state=ON
2026-09-23T20:17:53Z  OBSERVE  shippingservice  rejection=0.0000  low=212 high=0  state=ON
2026-09-23T20:17:54Z  OBSERVE  adservice  rejection=0.0000  low=213 high=0  state=ON
2026-09-23T20:17:54Z  OBSERVE  cartservice  rejection=0.0000  low=213 high=0  state=ON
2026-09-23T20:17:54Z  OBSERVE  checkoutservice  rejection=0.0000  low=146 high=0  state=ON
2026-09-23T20:17:54Z  OBSERVE  currencyservice  rejection=0.0000  low=213 high=0  state=ON
2026-09-23T20:17:54Z  OBSERVE  emailservice  rejection=0.0000  low=148 high=0  state=ON
2026-09-23T20:17:54Z  OBSERVE  paymentservice  rejection=0.0000  low=213 high=0  state=ON
2026-09-23T20:17:54Z  OBSERVE  productcatalogservice  rejection=0.0000  low=213 high=0  state=ON
2026-09-23T20:17:54Z  OBSERVE  recommendationservice  rejection=0.0000  low=213 high=0  state=ON
2026-09-23T20:17:54Z  OBSERVE  shippingservice  rejection=0.0000  low=213 high=0  state=ON
2026-09-23T20:17:55Z  OBSERVE  adservice  rejection=0.0000  low=214 high=0  state=ON
2026-09-23T20:17:55Z  OBSERVE  cartservice  rejection=0.0000  low=214 high=0  state=ON
2026-09-23T20:17:55Z  OBSERVE  checkoutservice  rejection=0.0000  low=147 high=0  state=ON
2026-09-23T20:17:55Z  OBSERVE  currencyservice  rejection=0.0000  low=214 high=0  state=ON
2026-09-23T20:17:55Z  OBSERVE  emailservice  rejection=0.0000  low=149 high=0  state=ON
2026-09-23T20:17:55Z  OBSERVE  paymentservice  rejection=0.0000  low=214 high=0  state=ON
2026-09-23T20:17:55Z  OBSERVE  productcatalogservice  rejection=0.0000  low=214 high=0  state=ON
2026-09-23T20:17:55Z  OBSERVE  recommendationservice  rejection=0.0000  low=214 high=0  state=ON
2026-09-23T20:17:55Z  OBSERVE  shippingservice  rejection=0.0000  low=214 high=0  state=ON
2026-09-23T20:17:56Z  OBSERVE  adservice  rejection=0.0000  low=215 high=0  state=ON
2026-09-23T20:17:56Z  OBSERVE  cartservice  rejection=0.0000  low=215 high=0  state=ON
2026-09-23T20:17:56Z  OBSERVE  checkoutservice  rejection=0.0000  low=148 high=0  state=ON
2026-09-23T20:17:56Z  OBSERVE  currencyservice  rejection=0.0000  low=215 high=0  state=ON
2026-09-23T20:17:56Z  OBSERVE  emailservice  rejection=0.0000  low=150 high=0  state=ON
2026-09-23T20:17:56Z  OBSERVE  paymentservice  rejection=0.0000  low=215 high=0  state=ON
2026-09-23T20:17:56Z  OBSERVE  productcatalogservice  rejection=0.0000  low=215 high=0  state=ON
2026-09-23T20:17:56Z  OBSERVE  recommendationservice  rejection=0.0000  low=215 high=0  state=ON
2026-09-23T20:17:56Z  OBSERVE  shippingservice  rejection=0.0000  low=215 high=0  state=ON
2026-09-23T20:17:57Z  OBSERVE  adservice  rejection=0.0000  low=216 high=0  state=ON
2026-09-23T20:17:57Z  OBSERVE  cartservice  rejection=0.0000  low=216 high=0  state=ON
2026-09-23T20:17:57Z  OBSERVE  checkoutservice  rejection=0.0000  low=149 high=0  state=ON
2026-09-23T20:17:57Z  OBSERVE  currencyservice  rejection=0.0000  low=216 high=0  state=ON
2026-09-23T20:17:57Z  OBSERVE  emailservice  rejection=0.0000  low=151 high=0  state=ON
2026-09-23T20:17:57Z  OBSERVE  paymentservice  rejection=0.0000  low=216 high=0  state=ON
2026-09-23T20:17:57Z  OBSERVE  productcatalogservice  rejection=0.0000  low=216 high=0  state=ON
2026-09-23T20:17:57Z  OBSERVE  recommendationservice  rejection=0.0000  low=216 high=0  state=ON
2026-09-23T20:17:57Z  OBSERVE  shippingservice  rejection=0.0000  low=216 high=0  state=ON
2026-09-23T20:17:58Z  OBSERVE  adservice  rejection=0.0000  low=217 high=0  state=ON
2026-09-23T20:17:58Z  OBSERVE  cartservice  rejection=0.0000  low=217 high=0  state=ON
2026-09-23T20:17:58Z  OBSERVE  checkoutservice  rejection=0.0000  low=150 high=0  state=ON
2026-09-23T20:17:58Z  OBSERVE  currencyservice  rejection=0.0000  low=217 high=0  state=ON
2026-09-23T20:17:58Z  OBSERVE  emailservice  rejection=0.0000  low=152 high=0  state=ON
2026-09-23T20:17:58Z  OBSERVE  paymentservice  rejection=0.0000  low=217 high=0  state=ON
2026-09-23T20:17:58Z  OBSERVE  productcatalogservice  rejection=0.0000  low=217 high=0  state=ON
2026-09-23T20:17:58Z  OBSERVE  recommendationservice  rejection=0.0000  low=217 high=0  state=ON
2026-09-23T20:17:58Z  OBSERVE  shippingservice  rejection=0.0000  low=217 high=0  state=ON
2026-09-23T20:17:59Z  OBSERVE  adservice  rejection=0.0000  low=218 high=0  state=ON
2026-09-23T20:17:59Z  OBSERVE  cartservice  rejection=0.0000  low=218 high=0  state=ON
2026-09-23T20:17:59Z  OBSERVE  checkoutservice  rejection=0.0000  low=151 high=0  state=ON
2026-09-23T20:17:59Z  OBSERVE  currencyservice  rejection=0.0000  low=218 high=0  state=ON
2026-09-23T20:17:59Z  OBSERVE  emailservice  rejection=0.0000  low=153 high=0  state=ON
2026-09-23T20:17:59Z  OBSERVE  paymentservice  rejection=0.0000  low=218 high=0  state=ON
2026-09-23T20:17:59Z  OBSERVE  productcatalogservice  rejection=0.0000  low=218 high=0  state=ON
2026-09-23T20:17:59Z  OBSERVE  recommendationservice  rejection=0.0000  low=218 high=0  state=ON
2026-09-23T20:17:59Z  OBSERVE  shippingservice  rejection=0.0000  low=218 high=0  state=ON
2026-09-23T20:18:00Z  OBSERVE  adservice  rejection=0.0000  low=219 high=0  state=ON
2026-09-23T20:18:00Z  OBSERVE  cartservice  rejection=0.0000  low=219 high=0  state=ON
2026-09-23T20:18:00Z  OBSERVE  checkoutservice  rejection=0.0000  low=152 high=0  state=ON
2026-09-23T20:18:00Z  OBSERVE  currencyservice  rejection=0.0000  low=219 high=0  state=ON
2026-09-23T20:18:00Z  OBSERVE  emailservice  rejection=0.0000  low=154 high=0  state=ON
2026-09-23T20:18:00Z  OBSERVE  paymentservice  rejection=0.0000  low=219 high=0  state=ON
2026-09-23T20:18:00Z  OBSERVE  productcatalogservice  rejection=0.0000  low=219 high=0  state=ON
2026-09-23T20:18:00Z  OBSERVE  recommendationservice  rejection=0.0000  low=219 high=0  state=ON
2026-09-23T20:18:00Z  OBSERVE  shippingservice  rejection=0.0000  low=219 high=0  state=ON
2026-09-23T20:18:01Z  OBSERVE  adservice  rejection=0.0000  low=220 high=0  state=ON
2026-09-23T20:18:01Z  OBSERVE  cartservice  rejection=0.0000  low=220 high=0  state=ON
2026-09-23T20:18:01Z  OBSERVE  checkoutservice  rejection=0.0000  low=153 high=0  state=ON
2026-09-23T20:18:01Z  OBSERVE  currencyservice  rejection=0.0000  low=220 high=0  state=ON
2026-09-23T20:18:01Z  OBSERVE  emailservice  rejection=0.0000  low=155 high=0  state=ON
2026-09-23T20:18:01Z  OBSERVE  paymentservice  rejection=0.0000  low=220 high=0  state=ON
2026-09-23T20:18:01Z  OBSERVE  productcatalogservice  rejection=0.0000  low=220 high=0  state=ON
2026-09-23T20:18:01Z  OBSERVE  recommendationservice  rejection=0.0000  low=220 high=0  state=ON
2026-09-23T20:18:01Z  OBSERVE  shippingservice  rejection=0.0000  low=220 high=0  state=ON
2026-09-23T20:18:02Z  OBSERVE  adservice  rejection=0.0000  low=221 high=0  state=ON
2026-09-23T20:18:02Z  OBSERVE  cartservice  rejection=0.0000  low=221 high=0  state=ON
2026-09-23T20:18:02Z  OBSERVE  checkoutservice  rejection=0.0000  low=154 high=0  state=ON
2026-09-23T20:18:02Z  OBSERVE  currencyservice  rejection=0.0000  low=221 high=0  state=ON
2026-09-23T20:18:02Z  OBSERVE  emailservice  rejection=0.0000  low=156 high=0  state=ON
2026-09-23T20:18:02Z  OBSERVE  paymentservice  rejection=0.0000  low=221 high=0  state=ON
2026-09-23T20:18:02Z  OBSERVE  productcatalogservice  rejection=0.0000  low=221 high=0  state=ON
2026-09-23T20:18:02Z  OBSERVE  recommendationservice  rejection=0.0000  low=221 high=0  state=ON
2026-09-23T20:18:02Z  OBSERVE  shippingservice  rejection=0.0000  low=221 high=0  state=ON
2026-09-23T20:18:03Z  OBSERVE  adservice  rejection=0.0000  low=222 high=0  state=ON
2026-09-23T20:18:03Z  OBSERVE  cartservice  rejection=0.0000  low=222 high=0  state=ON
2026-09-23T20:18:03Z  OBSERVE  checkoutservice  rejection=0.0000  low=155 high=0  state=ON
2026-09-23T20:18:03Z  OBSERVE  currencyservice  rejection=0.0000  low=222 high=0  state=ON
2026-09-23T20:18:03Z  OBSERVE  emailservice  rejection=0.0000  low=157 high=0  state=ON
2026-09-23T20:18:03Z  OBSERVE  paymentservice  rejection=0.0000  low=222 high=0  state=ON
2026-09-23T20:18:03Z  OBSERVE  productcatalogservice  rejection=0.0000  low=222 high=0  state=ON
2026-09-23T20:18:03Z  OBSERVE  recommendationservice  rejection=0.0000  low=222 high=0  state=ON
2026-09-23T20:18:03Z  OBSERVE  shippingservice  rejection=0.0000  low=222 high=0  state=ON
2026-09-23T20:18:04Z  OBSERVE  adservice  rejection=0.0000  low=223 high=0  state=ON
2026-09-23T20:18:04Z  OBSERVE  cartservice  rejection=0.0000  low=223 high=0  state=ON
2026-09-23T20:18:04Z  OBSERVE  checkoutservice  rejection=0.0000  low=156 high=0  state=ON
2026-09-23T20:18:04Z  OBSERVE  currencyservice  rejection=0.0000  low=223 high=0  state=ON
2026-09-23T20:18:04Z  OBSERVE  emailservice  rejection=0.0000  low=158 high=0  state=ON
2026-09-23T20:18:04Z  OBSERVE  paymentservice  rejection=0.0000  low=223 high=0  state=ON
2026-09-23T20:18:04Z  OBSERVE  productcatalogservice  rejection=0.0000  low=223 high=0  state=ON
2026-09-23T20:18:04Z  OBSERVE  recommendationservice  rejection=0.0000  low=223 high=0  state=ON
2026-09-23T20:18:04Z  OBSERVE  shippingservice  rejection=0.0000  low=223 high=0  state=ON
2026-09-23T20:18:05Z  OBSERVE  adservice  rejection=0.0000  low=224 high=0  state=ON
2026-09-23T20:18:05Z  OBSERVE  cartservice  rejection=0.0000  low=224 high=0  state=ON
2026-09-23T20:18:05Z  OBSERVE  checkoutservice  rejection=0.0000  low=157 high=0  state=ON
2026-09-23T20:18:05Z  OBSERVE  currencyservice  rejection=0.0000  low=224 high=0  state=ON
2026-09-23T20:18:05Z  OBSERVE  emailservice  rejection=0.0000  low=159 high=0  state=ON
2026-09-23T20:18:05Z  OBSERVE  paymentservice  rejection=0.0000  low=224 high=0  state=ON
2026-09-23T20:18:05Z  OBSERVE  productcatalogservice  rejection=0.0000  low=224 high=0  state=ON
2026-09-23T20:18:05Z  OBSERVE  recommendationservice  rejection=0.0000  low=224 high=0  state=ON
2026-09-23T20:18:05Z  OBSERVE  shippingservice  rejection=0.0000  low=224 high=0  state=ON
2026-09-23T20:18:06Z  OBSERVE  adservice  rejection=0.0000  low=225 high=0  state=ON
2026-09-23T20:18:06Z  OBSERVE  cartservice  rejection=0.0000  low=225 high=0  state=ON
2026-09-23T20:18:06Z  OBSERVE  checkoutservice  rejection=0.0000  low=158 high=0  state=ON
2026-09-23T20:18:06Z  OBSERVE  currencyservice  rejection=0.0000  low=225 high=0  state=ON
2026-09-23T20:18:06Z  OBSERVE  emailservice  rejection=0.0000  low=160 high=0  state=ON
2026-09-23T20:18:06Z  OBSERVE  paymentservice  rejection=0.0000  low=225 high=0  state=ON
2026-09-23T20:18:06Z  OBSERVE  productcatalogservice  rejection=0.0000  low=225 high=0  state=ON
2026-09-23T20:18:06Z  OBSERVE  recommendationservice  rejection=0.0000  low=225 high=0  state=ON
2026-09-23T20:18:06Z  OBSERVE  shippingservice  rejection=0.0000  low=225 high=0  state=ON
2026-09-23T20:18:08Z  OBSERVE  adservice  rejection=0.0000  low=226 high=0  state=ON
2026-09-23T20:18:08Z  OBSERVE  cartservice  rejection=0.0000  low=226 high=0  state=ON
2026-09-23T20:18:08Z  OBSERVE  checkoutservice  rejection=0.0000  low=159 high=0  state=ON
2026-09-23T20:18:08Z  OBSERVE  currencyservice  rejection=0.0000  low=226 high=0  state=ON
2026-09-23T20:18:08Z  OBSERVE  emailservice  rejection=0.0000  low=161 high=0  state=ON
2026-09-23T20:18:08Z  OBSERVE  paymentservice  rejection=0.0000  low=226 high=0  state=ON
2026-09-23T20:18:08Z  OBSERVE  productcatalogservice  rejection=0.0000  low=226 high=0  state=ON
2026-09-23T20:18:08Z  OBSERVE  recommendationservice  rejection=0.0000  low=226 high=0  state=ON
2026-09-23T20:18:08Z  OBSERVE  shippingservice  rejection=0.0000  low=226 high=0  state=ON
2026-09-23T20:18:09Z  OBSERVE  adservice  rejection=0.0000  low=227 high=0  state=ON
2026-09-23T20:18:09Z  OBSERVE  cartservice  rejection=0.0000  low=227 high=0  state=ON
2026-09-23T20:18:09Z  OBSERVE  checkoutservice  rejection=0.0000  low=160 high=0  state=ON
2026-09-23T20:18:09Z  OBSERVE  currencyservice  rejection=0.0000  low=227 high=0  state=ON
2026-09-23T20:18:09Z  OBSERVE  emailservice  rejection=0.0000  low=162 high=0  state=ON
2026-09-23T20:18:09Z  OBSERVE  paymentservice  rejection=0.0000  low=227 high=0  state=ON
2026-09-23T20:18:09Z  OBSERVE  productcatalogservice  rejection=0.0000  low=227 high=0  state=ON
2026-09-23T20:18:09Z  OBSERVE  recommendationservice  rejection=0.0000  low=227 high=0  state=ON
2026-09-23T20:18:09Z  OBSERVE  shippingservice  rejection=0.0000  low=227 high=0  state=ON
2026-09-23T20:18:10Z  OBSERVE  adservice  rejection=0.0000  low=228 high=0  state=ON
2026-09-23T20:18:10Z  OBSERVE  cartservice  rejection=0.0000  low=228 high=0  state=ON
2026-09-23T20:18:10Z  OBSERVE  checkoutservice  rejection=0.0000  low=161 high=0  state=ON
2026-09-23T20:18:10Z  OBSERVE  currencyservice  rejection=0.0000  low=228 high=0  state=ON
2026-09-23T20:18:10Z  OBSERVE  emailservice  rejection=0.0000  low=163 high=0  state=ON
2026-09-23T20:18:10Z  OBSERVE  paymentservice  rejection=0.0000  low=228 high=0  state=ON
2026-09-23T20:18:10Z  OBSERVE  productcatalogservice  rejection=0.0000  low=228 high=0  state=ON
2026-09-23T20:18:10Z  OBSERVE  recommendationservice  rejection=0.0000  low=228 high=0  state=ON
2026-09-23T20:18:10Z  OBSERVE  shippingservice  rejection=0.0000  low=228 high=0  state=ON
2026-09-23T20:18:11Z  OBSERVE  adservice  rejection=0.0000  low=229 high=0  state=ON
2026-09-23T20:18:11Z  OBSERVE  cartservice  rejection=0.0000  low=229 high=0  state=ON
2026-09-23T20:18:11Z  OBSERVE  checkoutservice  rejection=0.0000  low=162 high=0  state=ON
2026-09-23T20:18:11Z  OBSERVE  currencyservice  rejection=0.0000  low=229 high=0  state=ON
2026-09-23T20:18:11Z  OBSERVE  emailservice  rejection=0.0000  low=164 high=0  state=ON
2026-09-23T20:18:11Z  OBSERVE  paymentservice  rejection=0.0000  low=229 high=0  state=ON
2026-09-23T20:18:11Z  OBSERVE  productcatalogservice  rejection=0.0000  low=229 high=0  state=ON
2026-09-23T20:18:11Z  OBSERVE  recommendationservice  rejection=0.0000  low=229 high=0  state=ON
2026-09-23T20:18:11Z  OBSERVE  shippingservice  rejection=0.0000  low=229 high=0  state=ON
2026-09-23T20:18:12Z  OBSERVE  adservice  rejection=0.0000  low=230 high=0  state=ON
2026-09-23T20:18:12Z  OBSERVE  cartservice  rejection=0.0000  low=230 high=0  state=ON
2026-09-23T20:18:12Z  OBSERVE  checkoutservice  rejection=0.0000  low=163 high=0  state=ON
2026-09-23T20:18:12Z  OBSERVE  currencyservice  rejection=0.0000  low=230 high=0  state=ON
2026-09-23T20:18:12Z  OBSERVE  emailservice  rejection=0.0000  low=165 high=0  state=ON
2026-09-23T20:18:12Z  OBSERVE  paymentservice  rejection=0.0000  low=230 high=0  state=ON
2026-09-23T20:18:12Z  OBSERVE  productcatalogservice  rejection=0.0000  low=230 high=0  state=ON
2026-09-23T20:18:12Z  OBSERVE  recommendationservice  rejection=0.0000  low=230 high=0  state=ON
2026-09-23T20:18:12Z  OBSERVE  shippingservice  rejection=0.0000  low=230 high=0  state=ON
2026-09-23T20:18:13Z  OBSERVE  adservice  rejection=0.0000  low=231 high=0  state=ON
2026-09-23T20:18:13Z  OBSERVE  cartservice  rejection=0.0000  low=231 high=0  state=ON
2026-09-23T20:18:13Z  OBSERVE  checkoutservice  rejection=0.0000  low=164 high=0  state=ON
2026-09-23T20:18:13Z  OBSERVE  currencyservice  rejection=0.0000  low=231 high=0  state=ON
2026-09-23T20:18:13Z  OBSERVE  emailservice  rejection=0.0000  low=166 high=0  state=ON
2026-09-23T20:18:13Z  OBSERVE  paymentservice  rejection=0.0000  low=231 high=0  state=ON
2026-09-23T20:18:13Z  OBSERVE  productcatalogservice  rejection=0.0000  low=231 high=0  state=ON
2026-09-23T20:18:13Z  OBSERVE  recommendationservice  rejection=0.0000  low=231 high=0  state=ON
2026-09-23T20:18:13Z  OBSERVE  shippingservice  rejection=0.0000  low=231 high=0  state=ON
2026-09-23T20:18:14Z  OBSERVE  adservice  rejection=0.0000  low=232 high=0  state=ON
2026-09-23T20:18:14Z  OBSERVE  cartservice  rejection=0.0000  low=232 high=0  state=ON
2026-09-23T20:18:14Z  OBSERVE  checkoutservice  rejection=0.0000  low=165 high=0  state=ON
2026-09-23T20:18:14Z  OBSERVE  currencyservice  rejection=0.0000  low=232 high=0  state=ON
2026-09-23T20:18:14Z  OBSERVE  emailservice  rejection=0.0000  low=167 high=0  state=ON
2026-09-23T20:18:14Z  OBSERVE  paymentservice  rejection=0.0000  low=232 high=0  state=ON
2026-09-23T20:18:14Z  OBSERVE  productcatalogservice  rejection=0.0000  low=232 high=0  state=ON
2026-09-23T20:18:14Z  OBSERVE  recommendationservice  rejection=0.0000  low=232 high=0  state=ON
2026-09-23T20:18:14Z  OBSERVE  shippingservice  rejection=0.0000  low=232 high=0  state=ON
2026-09-23T20:18:15Z  OBSERVE  adservice  rejection=0.0000  low=233 high=0  state=ON
2026-09-23T20:18:15Z  OBSERVE  cartservice  rejection=0.0000  low=233 high=0  state=ON
2026-09-23T20:18:15Z  OBSERVE  checkoutservice  rejection=0.0000  low=166 high=0  state=ON
2026-09-23T20:18:15Z  OBSERVE  currencyservice  rejection=0.0000  low=233 high=0  state=ON
2026-09-23T20:18:15Z  OBSERVE  emailservice  rejection=0.0000  low=168 high=0  state=ON
2026-09-23T20:18:15Z  OBSERVE  paymentservice  rejection=0.0000  low=233 high=0  state=ON
2026-09-23T20:18:15Z  OBSERVE  productcatalogservice  rejection=0.0000  low=233 high=0  state=ON
2026-09-23T20:18:15Z  OBSERVE  recommendationservice  rejection=0.0000  low=233 high=0  state=ON
2026-09-23T20:18:15Z  OBSERVE  shippingservice  rejection=0.0000  low=233 high=0  state=ON
2026-09-23T20:18:16Z  OBSERVE  adservice  rejection=0.0000  low=234 high=0  state=ON
2026-09-23T20:18:16Z  OBSERVE  cartservice  rejection=0.0000  low=234 high=0  state=ON
2026-09-23T20:18:16Z  OBSERVE  checkoutservice  rejection=0.0000  low=167 high=0  state=ON
2026-09-23T20:18:16Z  OBSERVE  currencyservice  rejection=0.0000  low=234 high=0  state=ON
2026-09-23T20:18:16Z  OBSERVE  emailservice  rejection=0.0000  low=169 high=0  state=ON
2026-09-23T20:18:16Z  OBSERVE  paymentservice  rejection=0.0000  low=234 high=0  state=ON
2026-09-23T20:18:16Z  OBSERVE  productcatalogservice  rejection=0.0000  low=234 high=0  state=ON
2026-09-23T20:18:16Z  OBSERVE  recommendationservice  rejection=0.0000  low=234 high=0  state=ON
2026-09-23T20:18:16Z  OBSERVE  shippingservice  rejection=0.0000  low=234 high=0  state=ON
2026-09-23T20:18:17Z  OBSERVE  adservice  rejection=0.0000  low=235 high=0  state=ON
2026-09-23T20:18:17Z  OBSERVE  cartservice  rejection=0.0000  low=235 high=0  state=ON
2026-09-23T20:18:17Z  OBSERVE  checkoutservice  rejection=0.0000  low=168 high=0  state=ON
2026-09-23T20:18:17Z  OBSERVE  currencyservice  rejection=0.0000  low=235 high=0  state=ON
2026-09-23T20:18:17Z  OBSERVE  emailservice  rejection=0.0000  low=170 high=0  state=ON
2026-09-23T20:18:17Z  OBSERVE  paymentservice  rejection=0.0000  low=235 high=0  state=ON
2026-09-23T20:18:17Z  OBSERVE  productcatalogservice  rejection=0.0000  low=235 high=0  state=ON
2026-09-23T20:18:17Z  OBSERVE  recommendationservice  rejection=0.0000  low=235 high=0  state=ON
2026-09-23T20:18:17Z  OBSERVE  shippingservice  rejection=0.0000  low=235 high=0  state=ON
2026-09-23T20:18:18Z  OBSERVE  adservice  rejection=0.0000  low=236 high=0  state=ON
2026-09-23T20:18:18Z  OBSERVE  cartservice  rejection=0.0000  low=236 high=0  state=ON
2026-09-23T20:18:18Z  OBSERVE  checkoutservice  rejection=0.0000  low=169 high=0  state=ON
2026-09-23T20:18:18Z  OBSERVE  currencyservice  rejection=0.0000  low=236 high=0  state=ON
2026-09-23T20:18:18Z  OBSERVE  emailservice  rejection=0.0000  low=171 high=0  state=ON
2026-09-23T20:18:18Z  OBSERVE  paymentservice  rejection=0.0000  low=236 high=0  state=ON
2026-09-23T20:18:18Z  OBSERVE  productcatalogservice  rejection=0.0000  low=236 high=0  state=ON
2026-09-23T20:18:18Z  OBSERVE  recommendationservice  rejection=0.0000  low=236 high=0  state=ON
2026-09-23T20:18:18Z  OBSERVE  shippingservice  rejection=0.0000  low=236 high=0  state=ON
2026-09-23T20:18:19Z  OBSERVE  adservice  rejection=0.0000  low=237 high=0  state=ON
2026-09-23T20:18:19Z  OBSERVE  cartservice  rejection=0.0000  low=237 high=0  state=ON
2026-09-23T20:18:19Z  OBSERVE  checkoutservice  rejection=0.0000  low=170 high=0  state=ON
2026-09-23T20:18:19Z  OBSERVE  currencyservice  rejection=0.0000  low=237 high=0  state=ON
2026-09-23T20:18:19Z  OBSERVE  emailservice  rejection=0.0000  low=172 high=0  state=ON
2026-09-23T20:18:19Z  OBSERVE  paymentservice  rejection=0.0000  low=237 high=0  state=ON
2026-09-23T20:18:19Z  OBSERVE  productcatalogservice  rejection=0.0000  low=237 high=0  state=ON
2026-09-23T20:18:19Z  OBSERVE  recommendationservice  rejection=0.0000  low=237 high=0  state=ON
2026-09-23T20:18:19Z  OBSERVE  shippingservice  rejection=0.0000  low=237 high=0  state=ON
2026-09-23T20:18:20Z  OBSERVE  adservice  rejection=0.0000  low=238 high=0  state=ON
2026-09-23T20:18:20Z  OBSERVE  cartservice  rejection=0.0000  low=238 high=0  state=ON
2026-09-23T20:18:20Z  OBSERVE  checkoutservice  rejection=0.0000  low=171 high=0  state=ON
2026-09-23T20:18:20Z  OBSERVE  currencyservice  rejection=0.0000  low=238 high=0  state=ON
2026-09-23T20:18:20Z  OBSERVE  emailservice  rejection=0.0000  low=173 high=0  state=ON
2026-09-23T20:18:20Z  OBSERVE  paymentservice  rejection=0.0000  low=238 high=0  state=ON
2026-09-23T20:18:20Z  OBSERVE  productcatalogservice  rejection=0.0000  low=238 high=0  state=ON
2026-09-23T20:18:20Z  OBSERVE  recommendationservice  rejection=0.0000  low=238 high=0  state=ON
2026-09-23T20:18:20Z  OBSERVE  shippingservice  rejection=0.0000  low=238 high=0  state=ON
2026-09-23T20:18:21Z  OBSERVE  adservice  rejection=0.0000  low=239 high=0  state=ON
2026-09-23T20:18:21Z  OBSERVE  cartservice  rejection=0.0000  low=239 high=0  state=ON
2026-09-23T20:18:21Z  OBSERVE  checkoutservice  rejection=0.0000  low=172 high=0  state=ON
2026-09-23T20:18:21Z  OBSERVE  currencyservice  rejection=0.0000  low=239 high=0  state=ON
2026-09-23T20:18:21Z  OBSERVE  emailservice  rejection=0.0000  low=174 high=0  state=ON
2026-09-23T20:18:21Z  OBSERVE  paymentservice  rejection=0.0000  low=239 high=0  state=ON
2026-09-23T20:18:21Z  OBSERVE  productcatalogservice  rejection=0.0000  low=239 high=0  state=ON
2026-09-23T20:18:21Z  OBSERVE  recommendationservice  rejection=0.0000  low=239 high=0  state=ON
2026-09-23T20:18:21Z  OBSERVE  shippingservice  rejection=0.0000  low=239 high=0  state=ON
2026-09-23T20:18:22Z  OBSERVE  adservice  rejection=0.0000  low=240 high=0  state=ON
2026-09-23T20:18:22Z  OBSERVE  cartservice  rejection=0.0000  low=240 high=0  state=ON
2026-09-23T20:18:22Z  OBSERVE  checkoutservice  rejection=0.0000  low=173 high=0  state=ON
2026-09-23T20:18:22Z  OBSERVE  currencyservice  rejection=0.0000  low=240 high=0  state=ON
2026-09-23T20:18:22Z  OBSERVE  emailservice  rejection=0.0000  low=175 high=0  state=ON
2026-09-23T20:18:22Z  OBSERVE  paymentservice  rejection=0.0000  low=240 high=0  state=ON
2026-09-23T20:18:22Z  OBSERVE  productcatalogservice  rejection=0.0000  low=240 high=0  state=ON
2026-09-23T20:18:22Z  OBSERVE  recommendationservice  rejection=0.0000  low=240 high=0  state=ON
2026-09-23T20:18:22Z  OBSERVE  shippingservice  rejection=0.0000  low=240 high=0  state=ON
2026-09-23T20:18:23Z  OBSERVE  adservice  rejection=0.0000  low=241 high=0  state=ON
2026-09-23T20:18:23Z  OBSERVE  cartservice  rejection=0.0000  low=241 high=0  state=ON
2026-09-23T20:18:23Z  OBSERVE  checkoutservice  rejection=0.0000  low=174 high=0  state=ON
2026-09-23T20:18:23Z  OBSERVE  currencyservice  rejection=0.0000  low=241 high=0  state=ON
2026-09-23T20:18:23Z  OBSERVE  emailservice  rejection=0.0000  low=176 high=0  state=ON
2026-09-23T20:18:23Z  OBSERVE  paymentservice  rejection=0.0000  low=241 high=0  state=ON
2026-09-23T20:18:23Z  OBSERVE  productcatalogservice  rejection=0.0000  low=241 high=0  state=ON
2026-09-23T20:18:23Z  OBSERVE  recommendationservice  rejection=0.0000  low=241 high=0  state=ON
2026-09-23T20:18:23Z  OBSERVE  shippingservice  rejection=0.0000  low=241 high=0  state=ON
2026-09-23T20:18:24Z  OBSERVE  adservice  rejection=0.0000  low=242 high=0  state=ON
2026-09-23T20:18:24Z  OBSERVE  cartservice  rejection=0.0000  low=242 high=0  state=ON
2026-09-23T20:18:24Z  OBSERVE  checkoutservice  rejection=0.0000  low=175 high=0  state=ON
2026-09-23T20:18:24Z  OBSERVE  currencyservice  rejection=0.0000  low=242 high=0  state=ON
2026-09-23T20:18:24Z  OBSERVE  emailservice  rejection=0.0000  low=177 high=0  state=ON
2026-09-23T20:18:24Z  OBSERVE  paymentservice  rejection=0.0000  low=242 high=0  state=ON
2026-09-23T20:18:24Z  OBSERVE  productcatalogservice  rejection=0.0000  low=242 high=0  state=ON
2026-09-23T20:18:24Z  OBSERVE  recommendationservice  rejection=0.0000  low=242 high=0  state=ON
2026-09-23T20:18:24Z  OBSERVE  shippingservice  rejection=0.0000  low=242 high=0  state=ON
2026-09-23T20:18:25Z  OBSERVE  adservice  rejection=0.0000  low=243 high=0  state=ON
2026-09-23T20:18:25Z  OBSERVE  cartservice  rejection=0.0000  low=243 high=0  state=ON
2026-09-23T20:18:25Z  OBSERVE  checkoutservice  rejection=0.0000  low=176 high=0  state=ON
2026-09-23T20:18:25Z  OBSERVE  currencyservice  rejection=0.0000  low=243 high=0  state=ON
2026-09-23T20:18:25Z  OBSERVE  emailservice  rejection=0.0000  low=178 high=0  state=ON
2026-09-23T20:18:25Z  OBSERVE  paymentservice  rejection=0.0000  low=243 high=0  state=ON
2026-09-23T20:18:25Z  OBSERVE  productcatalogservice  rejection=0.0000  low=243 high=0  state=ON
2026-09-23T20:18:25Z  OBSERVE  recommendationservice  rejection=0.0000  low=243 high=0  state=ON
2026-09-23T20:18:25Z  OBSERVE  shippingservice  rejection=0.0000  low=243 high=0  state=ON
2026-09-23T20:18:26Z  OBSERVE  adservice  rejection=0.0000  low=244 high=0  state=ON
2026-09-23T20:18:26Z  OBSERVE  cartservice  rejection=0.0000  low=244 high=0  state=ON
2026-09-23T20:18:26Z  OBSERVE  checkoutservice  rejection=0.0000  low=177 high=0  state=ON
2026-09-23T20:18:26Z  OBSERVE  currencyservice  rejection=0.0000  low=244 high=0  state=ON
2026-09-23T20:18:26Z  OBSERVE  emailservice  rejection=0.0000  low=179 high=0  state=ON
2026-09-23T20:18:26Z  OBSERVE  paymentservice  rejection=0.0000  low=244 high=0  state=ON
2026-09-23T20:18:26Z  OBSERVE  productcatalogservice  rejection=0.0000  low=244 high=0  state=ON
2026-09-23T20:18:26Z  OBSERVE  recommendationservice  rejection=0.0000  low=244 high=0  state=ON
2026-09-23T20:18:26Z  OBSERVE  shippingservice  rejection=0.0000  low=244 high=0  state=ON
2026-09-23T20:18:27Z  OBSERVE  adservice  rejection=0.0000  low=245 high=0  state=ON
2026-09-23T20:18:27Z  OBSERVE  cartservice  rejection=0.0000  low=245 high=0  state=ON
2026-09-23T20:18:27Z  OBSERVE  checkoutservice  rejection=0.0000  low=178 high=0  state=ON
2026-09-23T20:18:27Z  OBSERVE  currencyservice  rejection=0.0000  low=245 high=0  state=ON
2026-09-23T20:18:27Z  OBSERVE  emailservice  rejection=0.0000  low=180 high=0  state=ON
2026-09-23T20:18:27Z  OBSERVE  paymentservice  rejection=0.0000  low=245 high=0  state=ON
2026-09-23T20:18:27Z  OBSERVE  productcatalogservice  rejection=0.0000  low=245 high=0  state=ON
2026-09-23T20:18:27Z  OBSERVE  recommendationservice  rejection=0.0000  low=245 high=0  state=ON
2026-09-23T20:18:27Z  OBSERVE  shippingservice  rejection=0.0000  low=245 high=0  state=ON
2026-09-23T20:18:28Z  OBSERVE  adservice  rejection=0.0000  low=246 high=0  state=ON
2026-09-23T20:18:28Z  OBSERVE  cartservice  rejection=0.0000  low=246 high=0  state=ON
2026-09-23T20:18:28Z  OBSERVE  checkoutservice  rejection=0.0000  low=179 high=0  state=ON
2026-09-23T20:18:28Z  OBSERVE  currencyservice  rejection=0.0000  low=246 high=0  state=ON
2026-09-23T20:18:28Z  OBSERVE  emailservice  rejection=0.0000  low=181 high=0  state=ON
2026-09-23T20:18:28Z  OBSERVE  paymentservice  rejection=0.0000  low=246 high=0  state=ON
2026-09-23T20:18:28Z  OBSERVE  productcatalogservice  rejection=0.0000  low=246 high=0  state=ON
2026-09-23T20:18:28Z  OBSERVE  recommendationservice  rejection=0.0000  low=246 high=0  state=ON
2026-09-23T20:18:28Z  OBSERVE  shippingservice  rejection=0.0000  low=246 high=0  state=ON
2026-09-23T20:18:29Z  OBSERVE  adservice  rejection=0.0000  low=247 high=0  state=ON
2026-09-23T20:18:29Z  OBSERVE  cartservice  rejection=0.0000  low=247 high=0  state=ON
2026-09-23T20:18:29Z  OBSERVE  checkoutservice  rejection=0.0000  low=180 high=0  state=ON
2026-09-23T20:18:29Z  OBSERVE  currencyservice  rejection=0.0000  low=247 high=0  state=ON
2026-09-23T20:18:29Z  OBSERVE  emailservice  rejection=0.0000  low=182 high=0  state=ON
2026-09-23T20:18:29Z  OBSERVE  paymentservice  rejection=0.0000  low=247 high=0  state=ON
2026-09-23T20:18:29Z  OBSERVE  productcatalogservice  rejection=0.0000  low=247 high=0  state=ON
2026-09-23T20:18:29Z  OBSERVE  recommendationservice  rejection=0.0000  low=247 high=0  state=ON
2026-09-23T20:18:29Z  OBSERVE  shippingservice  rejection=0.0000  low=247 high=0  state=ON
2026-09-23T20:18:30Z  OBSERVE  adservice  rejection=0.0000  low=248 high=0  state=ON
2026-09-23T20:18:30Z  OBSERVE  cartservice  rejection=0.0000  low=248 high=0  state=ON
2026-09-23T20:18:30Z  OBSERVE  checkoutservice  rejection=0.0000  low=181 high=0  state=ON
2026-09-23T20:18:30Z  OBSERVE  currencyservice  rejection=0.0000  low=248 high=0  state=ON
2026-09-23T20:18:30Z  OBSERVE  emailservice  rejection=0.0000  low=183 high=0  state=ON
2026-09-23T20:18:30Z  OBSERVE  paymentservice  rejection=0.0000  low=248 high=0  state=ON
2026-09-23T20:18:30Z  OBSERVE  productcatalogservice  rejection=0.0000  low=248 high=0  state=ON
2026-09-23T20:18:30Z  OBSERVE  recommendationservice  rejection=0.0000  low=248 high=0  state=ON
2026-09-23T20:18:30Z  OBSERVE  shippingservice  rejection=0.0000  low=248 high=0  state=ON
2026-09-23T20:18:31Z  OBSERVE  adservice  rejection=0.0000  low=249 high=0  state=ON
2026-09-23T20:18:31Z  OBSERVE  cartservice  rejection=0.0000  low=249 high=0  state=ON
2026-09-23T20:18:31Z  OBSERVE  checkoutservice  rejection=0.0000  low=182 high=0  state=ON
2026-09-23T20:18:31Z  OBSERVE  currencyservice  rejection=0.0000  low=249 high=0  state=ON
2026-09-23T20:18:31Z  OBSERVE  emailservice  rejection=0.0000  low=184 high=0  state=ON
2026-09-23T20:18:31Z  OBSERVE  paymentservice  rejection=0.0000  low=249 high=0  state=ON
2026-09-23T20:18:31Z  OBSERVE  productcatalogservice  rejection=0.0000  low=249 high=0  state=ON
2026-09-23T20:18:31Z  OBSERVE  recommendationservice  rejection=0.0000  low=249 high=0  state=ON
2026-09-23T20:18:31Z  OBSERVE  shippingservice  rejection=0.0000  low=249 high=0  state=ON
2026-09-23T20:18:32Z  OBSERVE  adservice  rejection=0.0000  low=250 high=0  state=ON
2026-09-23T20:18:32Z  OBSERVE  cartservice  rejection=0.0000  low=250 high=0  state=ON
2026-09-23T20:18:32Z  OBSERVE  checkoutservice  rejection=0.0000  low=183 high=0  state=ON
2026-09-23T20:18:32Z  OBSERVE  currencyservice  rejection=0.0000  low=250 high=0  state=ON
2026-09-23T20:18:32Z  OBSERVE  emailservice  rejection=0.0000  low=185 high=0  state=ON
2026-09-23T20:18:32Z  OBSERVE  paymentservice  rejection=0.0000  low=250 high=0  state=ON
2026-09-23T20:18:32Z  OBSERVE  productcatalogservice  rejection=0.0000  low=250 high=0  state=ON
2026-09-23T20:18:32Z  OBSERVE  recommendationservice  rejection=0.0000  low=250 high=0  state=ON
2026-09-23T20:18:32Z  OBSERVE  shippingservice  rejection=0.0000  low=250 high=0  state=ON
2026-09-23T20:18:33Z  OBSERVE  adservice  rejection=0.0000  low=251 high=0  state=ON
2026-09-23T20:18:33Z  OBSERVE  cartservice  rejection=0.0000  low=251 high=0  state=ON
2026-09-23T20:18:33Z  OBSERVE  checkoutservice  rejection=0.0000  low=184 high=0  state=ON
2026-09-23T20:18:33Z  OBSERVE  currencyservice  rejection=0.0000  low=251 high=0  state=ON
2026-09-23T20:18:33Z  OBSERVE  emailservice  rejection=0.0000  low=186 high=0  state=ON
2026-09-23T20:18:33Z  OBSERVE  paymentservice  rejection=0.0000  low=251 high=0  state=ON
2026-09-23T20:18:33Z  OBSERVE  productcatalogservice  rejection=0.0000  low=251 high=0  state=ON
2026-09-23T20:18:33Z  OBSERVE  recommendationservice  rejection=0.0000  low=251 high=0  state=ON
2026-09-23T20:18:33Z  OBSERVE  shippingservice  rejection=0.0000  low=251 high=0  state=ON
2026-09-23T20:18:34Z  OBSERVE  adservice  rejection=0.0000  low=252 high=0  state=ON
2026-09-23T20:18:34Z  OBSERVE  cartservice  rejection=0.0000  low=252 high=0  state=ON
2026-09-23T20:18:34Z  OBSERVE  checkoutservice  rejection=0.0000  low=185 high=0  state=ON
2026-09-23T20:18:34Z  OBSERVE  currencyservice  rejection=0.0000  low=252 high=0  state=ON
2026-09-23T20:18:34Z  OBSERVE  emailservice  rejection=0.0000  low=187 high=0  state=ON
2026-09-23T20:18:34Z  OBSERVE  paymentservice  rejection=0.0000  low=252 high=0  state=ON
2026-09-23T20:18:34Z  OBSERVE  productcatalogservice  rejection=0.0000  low=252 high=0  state=ON
2026-09-23T20:18:34Z  OBSERVE  recommendationservice  rejection=0.0000  low=252 high=0  state=ON
2026-09-23T20:18:34Z  OBSERVE  shippingservice  rejection=0.0000  low=252 high=0  state=ON
2026-09-23T20:18:35Z  OBSERVE  adservice  rejection=0.0000  low=253 high=0  state=ON
2026-09-23T20:18:35Z  OBSERVE  cartservice  rejection=0.0000  low=253 high=0  state=ON
2026-09-23T20:18:35Z  OBSERVE  checkoutservice  rejection=0.0000  low=186 high=0  state=ON
2026-09-23T20:18:35Z  OBSERVE  currencyservice  rejection=0.0000  low=253 high=0  state=ON
2026-09-23T20:18:35Z  OBSERVE  emailservice  rejection=0.0000  low=188 high=0  state=ON
2026-09-23T20:18:35Z  OBSERVE  paymentservice  rejection=0.0000  low=253 high=0  state=ON
2026-09-23T20:18:35Z  OBSERVE  productcatalogservice  rejection=0.0000  low=253 high=0  state=ON
2026-09-23T20:18:35Z  OBSERVE  recommendationservice  rejection=0.0000  low=253 high=0  state=ON
2026-09-23T20:18:35Z  OBSERVE  shippingservice  rejection=0.0000  low=253 high=0  state=ON
2026-09-23T20:18:36Z  OBSERVE  adservice  rejection=0.0000  low=254 high=0  state=ON
2026-09-23T20:18:36Z  OBSERVE  cartservice  rejection=0.0000  low=254 high=0  state=ON
2026-09-23T20:18:36Z  OBSERVE  checkoutservice  rejection=0.0000  low=187 high=0  state=ON
2026-09-23T20:18:36Z  OBSERVE  currencyservice  rejection=0.0000  low=254 high=0  state=ON
2026-09-23T20:18:36Z  OBSERVE  emailservice  rejection=0.0000  low=189 high=0  state=ON
2026-09-23T20:18:36Z  OBSERVE  paymentservice  rejection=0.0000  low=254 high=0  state=ON
2026-09-23T20:18:36Z  OBSERVE  productcatalogservice  rejection=0.0000  low=254 high=0  state=ON
2026-09-23T20:18:36Z  OBSERVE  recommendationservice  rejection=0.0000  low=254 high=0  state=ON
2026-09-23T20:18:36Z  OBSERVE  shippingservice  rejection=0.0000  low=254 high=0  state=ON
2026-09-23T20:18:37Z  OBSERVE  adservice  rejection=0.0000  low=255 high=0  state=ON
2026-09-23T20:18:37Z  OBSERVE  cartservice  rejection=0.0000  low=255 high=0  state=ON
2026-09-23T20:18:37Z  OBSERVE  checkoutservice  rejection=0.0000  low=188 high=0  state=ON
2026-09-23T20:18:37Z  OBSERVE  currencyservice  rejection=0.0000  low=255 high=0  state=ON
2026-09-23T20:18:37Z  OBSERVE  emailservice  rejection=0.0000  low=190 high=0  state=ON
2026-09-23T20:18:37Z  OBSERVE  paymentservice  rejection=0.0000  low=255 high=0  state=ON
2026-09-23T20:18:37Z  OBSERVE  productcatalogservice  rejection=0.0000  low=255 high=0  state=ON
2026-09-23T20:18:37Z  OBSERVE  recommendationservice  rejection=0.0000  low=255 high=0  state=ON
2026-09-23T20:18:37Z  OBSERVE  shippingservice  rejection=0.0000  low=255 high=0  state=ON
2026-09-23T20:18:38Z  OBSERVE  adservice  rejection=0.0000  low=256 high=0  state=ON
2026-09-23T20:18:38Z  OBSERVE  cartservice  rejection=0.0000  low=256 high=0  state=ON
2026-09-23T20:18:38Z  OBSERVE  checkoutservice  rejection=0.0000  low=189 high=0  state=ON
2026-09-23T20:18:38Z  OBSERVE  currencyservice  rejection=0.0000  low=256 high=0  state=ON
2026-09-23T20:18:38Z  OBSERVE  emailservice  rejection=0.0000  low=191 high=0  state=ON
2026-09-23T20:18:38Z  OBSERVE  paymentservice  rejection=0.0000  low=256 high=0  state=ON
2026-09-23T20:18:38Z  OBSERVE  productcatalogservice  rejection=0.0000  low=256 high=0  state=ON
2026-09-23T20:18:38Z  OBSERVE  recommendationservice  rejection=0.0000  low=256 high=0  state=ON
2026-09-23T20:18:38Z  OBSERVE  shippingservice  rejection=0.0000  low=256 high=0  state=ON
2026-09-23T20:18:39Z  OBSERVE  adservice  rejection=0.0000  low=257 high=0  state=ON
2026-09-23T20:18:39Z  OBSERVE  cartservice  rejection=0.0000  low=257 high=0  state=ON
2026-09-23T20:18:39Z  OBSERVE  checkoutservice  rejection=0.0000  low=190 high=0  state=ON
2026-09-23T20:18:39Z  OBSERVE  currencyservice  rejection=0.0000  low=257 high=0  state=ON
2026-09-23T20:18:39Z  OBSERVE  emailservice  rejection=0.0000  low=192 high=0  state=ON
2026-09-23T20:18:39Z  OBSERVE  paymentservice  rejection=0.0000  low=257 high=0  state=ON
2026-09-23T20:18:39Z  OBSERVE  productcatalogservice  rejection=0.0000  low=257 high=0  state=ON
2026-09-23T20:18:39Z  OBSERVE  recommendationservice  rejection=0.0000  low=257 high=0  state=ON
2026-09-23T20:18:39Z  OBSERVE  shippingservice  rejection=0.0000  low=257 high=0  state=ON
2026-09-23T20:18:40Z  OBSERVE  adservice  rejection=0.0000  low=258 high=0  state=ON
2026-09-23T20:18:40Z  OBSERVE  cartservice  rejection=0.0000  low=258 high=0  state=ON
2026-09-23T20:18:40Z  OBSERVE  checkoutservice  rejection=0.0000  low=191 high=0  state=ON
2026-09-23T20:18:40Z  OBSERVE  currencyservice  rejection=0.0000  low=258 high=0  state=ON
2026-09-23T20:18:40Z  OBSERVE  emailservice  rejection=0.0000  low=193 high=0  state=ON
2026-09-23T20:18:40Z  OBSERVE  paymentservice  rejection=0.0000  low=258 high=0  state=ON
2026-09-23T20:18:40Z  OBSERVE  productcatalogservice  rejection=0.0000  low=258 high=0  state=ON
2026-09-23T20:18:40Z  OBSERVE  recommendationservice  rejection=0.0000  low=258 high=0  state=ON
2026-09-23T20:18:40Z  OBSERVE  shippingservice  rejection=0.0000  low=258 high=0  state=ON
2026-09-23T20:18:41Z  OBSERVE  adservice  rejection=0.0000  low=259 high=0  state=ON
2026-09-23T20:18:41Z  OBSERVE  cartservice  rejection=0.0000  low=259 high=0  state=ON
2026-09-23T20:18:41Z  OBSERVE  checkoutservice  rejection=0.0000  low=192 high=0  state=ON
2026-09-23T20:18:41Z  OBSERVE  currencyservice  rejection=0.0000  low=259 high=0  state=ON
2026-09-23T20:18:41Z  OBSERVE  emailservice  rejection=0.0000  low=194 high=0  state=ON
2026-09-23T20:18:41Z  OBSERVE  paymentservice  rejection=0.0000  low=259 high=0  state=ON
2026-09-23T20:18:41Z  OBSERVE  productcatalogservice  rejection=0.0000  low=259 high=0  state=ON
2026-09-23T20:18:41Z  OBSERVE  recommendationservice  rejection=0.0000  low=259 high=0  state=ON
2026-09-23T20:18:41Z  OBSERVE  shippingservice  rejection=0.0000  low=259 high=0  state=ON
2026-09-23T20:18:42Z  OBSERVE  adservice  rejection=0.0000  low=260 high=0  state=ON
2026-09-23T20:18:42Z  OBSERVE  cartservice  rejection=0.0000  low=260 high=0  state=ON
2026-09-23T20:18:42Z  OBSERVE  checkoutservice  rejection=0.0000  low=193 high=0  state=ON
2026-09-23T20:18:42Z  OBSERVE  currencyservice  rejection=0.0000  low=260 high=0  state=ON
2026-09-23T20:18:42Z  OBSERVE  emailservice  rejection=0.0000  low=195 high=0  state=ON
2026-09-23T20:18:42Z  OBSERVE  paymentservice  rejection=0.0000  low=260 high=0  state=ON
2026-09-23T20:18:42Z  OBSERVE  productcatalogservice  rejection=0.0000  low=260 high=0  state=ON
2026-09-23T20:18:42Z  OBSERVE  recommendationservice  rejection=0.0000  low=260 high=0  state=ON
2026-09-23T20:18:42Z  OBSERVE  shippingservice  rejection=0.0000  low=260 high=0  state=ON
2026-09-23T20:18:43Z  OBSERVE  adservice  rejection=0.0000  low=261 high=0  state=ON
2026-09-23T20:18:43Z  OBSERVE  cartservice  rejection=0.0000  low=261 high=0  state=ON
2026-09-23T20:18:43Z  OBSERVE  checkoutservice  rejection=0.0000  low=194 high=0  state=ON
2026-09-23T20:18:43Z  OBSERVE  currencyservice  rejection=0.0000  low=261 high=0  state=ON
2026-09-23T20:18:43Z  OBSERVE  emailservice  rejection=0.0000  low=196 high=0  state=ON
2026-09-23T20:18:43Z  OBSERVE  paymentservice  rejection=0.0000  low=261 high=0  state=ON
2026-09-23T20:18:43Z  OBSERVE  productcatalogservice  rejection=0.0000  low=261 high=0  state=ON
2026-09-23T20:18:43Z  OBSERVE  recommendationservice  rejection=0.0000  low=261 high=0  state=ON
2026-09-23T20:18:43Z  OBSERVE  shippingservice  rejection=0.0000  low=261 high=0  state=ON
2026-09-23T20:18:44Z  OBSERVE  adservice  rejection=0.0000  low=262 high=0  state=ON
2026-09-23T20:18:44Z  OBSERVE  cartservice  rejection=0.0000  low=262 high=0  state=ON
2026-09-23T20:18:44Z  OBSERVE  checkoutservice  rejection=0.0000  low=195 high=0  state=ON
2026-09-23T20:18:44Z  OBSERVE  currencyservice  rejection=0.0000  low=262 high=0  state=ON
2026-09-23T20:18:44Z  OBSERVE  emailservice  rejection=0.0000  low=197 high=0  state=ON
2026-09-23T20:18:44Z  OBSERVE  paymentservice  rejection=0.0000  low=262 high=0  state=ON
2026-09-23T20:18:44Z  OBSERVE  productcatalogservice  rejection=0.0000  low=262 high=0  state=ON
2026-09-23T20:18:44Z  OBSERVE  recommendationservice  rejection=0.0000  low=262 high=0  state=ON
2026-09-23T20:18:44Z  OBSERVE  shippingservice  rejection=0.0000  low=262 high=0  state=ON
2026-09-23T20:18:45Z  OBSERVE  adservice  rejection=0.0000  low=263 high=0  state=ON
2026-09-23T20:18:45Z  OBSERVE  cartservice  rejection=0.0000  low=263 high=0  state=ON
2026-09-23T20:18:45Z  OBSERVE  checkoutservice  rejection=0.0000  low=196 high=0  state=ON
2026-09-23T20:18:45Z  OBSERVE  currencyservice  rejection=0.0000  low=263 high=0  state=ON
2026-09-23T20:18:45Z  OBSERVE  emailservice  rejection=0.0000  low=198 high=0  state=ON
2026-09-23T20:18:45Z  OBSERVE  paymentservice  rejection=0.0000  low=263 high=0  state=ON
2026-09-23T20:18:45Z  OBSERVE  productcatalogservice  rejection=0.0000  low=263 high=0  state=ON
2026-09-23T20:18:45Z  OBSERVE  recommendationservice  rejection=0.0000  low=263 high=0  state=ON
2026-09-23T20:18:45Z  OBSERVE  shippingservice  rejection=0.0000  low=263 high=0  state=ON
2026-09-23T20:18:46Z  OBSERVE  adservice  rejection=0.0000  low=264 high=0  state=ON
2026-09-23T20:18:46Z  OBSERVE  cartservice  rejection=0.0000  low=264 high=0  state=ON
2026-09-23T20:18:46Z  OBSERVE  checkoutservice  rejection=0.0000  low=197 high=0  state=ON
2026-09-23T20:18:46Z  OBSERVE  currencyservice  rejection=0.0000  low=264 high=0  state=ON
2026-09-23T20:18:46Z  OBSERVE  emailservice  rejection=0.0000  low=199 high=0  state=ON
2026-09-23T20:18:46Z  OBSERVE  paymentservice  rejection=0.0000  low=264 high=0  state=ON
2026-09-23T20:18:46Z  OBSERVE  productcatalogservice  rejection=0.0000  low=264 high=0  state=ON
2026-09-23T20:18:46Z  OBSERVE  recommendationservice  rejection=0.0000  low=264 high=0  state=ON
2026-09-23T20:18:46Z  OBSERVE  shippingservice  rejection=0.0000  low=264 high=0  state=ON
2026-09-23T20:18:47Z  OBSERVE  adservice  rejection=0.0000  low=265 high=0  state=ON
2026-09-23T20:18:47Z  OBSERVE  cartservice  rejection=0.0000  low=265 high=0  state=ON
2026-09-23T20:18:47Z  OBSERVE  checkoutservice  rejection=0.0000  low=198 high=0  state=ON
2026-09-23T20:18:47Z  OBSERVE  currencyservice  rejection=0.0000  low=265 high=0  state=ON
2026-09-23T20:18:47Z  OBSERVE  emailservice  rejection=0.0000  low=200 high=0  state=ON
2026-09-23T20:18:47Z  OBSERVE  paymentservice  rejection=0.0000  low=265 high=0  state=ON
2026-09-23T20:18:47Z  OBSERVE  productcatalogservice  rejection=0.0000  low=265 high=0  state=ON
2026-09-23T20:18:47Z  OBSERVE  recommendationservice  rejection=0.0000  low=265 high=0  state=ON
2026-09-23T20:18:47Z  OBSERVE  shippingservice  rejection=0.0000  low=265 high=0  state=ON
2026-09-23T20:18:48Z  OBSERVE  adservice  rejection=0.0000  low=266 high=0  state=ON
2026-09-23T20:18:48Z  OBSERVE  cartservice  rejection=0.0000  low=266 high=0  state=ON
2026-09-23T20:18:48Z  OBSERVE  checkoutservice  rejection=0.0000  low=199 high=0  state=ON
2026-09-23T20:18:48Z  OBSERVE  currencyservice  rejection=0.0000  low=266 high=0  state=ON
2026-09-23T20:18:48Z  OBSERVE  emailservice  rejection=0.0000  low=201 high=0  state=ON
2026-09-23T20:18:48Z  OBSERVE  paymentservice  rejection=0.0000  low=266 high=0  state=ON
2026-09-23T20:18:48Z  OBSERVE  productcatalogservice  rejection=0.0000  low=266 high=0  state=ON
2026-09-23T20:18:48Z  OBSERVE  recommendationservice  rejection=0.0000  low=266 high=0  state=ON
2026-09-23T20:18:48Z  OBSERVE  shippingservice  rejection=0.0000  low=266 high=0  state=ON
2026-09-23T20:18:49Z  OBSERVE  adservice  rejection=0.0000  low=267 high=0  state=ON
2026-09-23T20:18:49Z  OBSERVE  cartservice  rejection=0.0000  low=267 high=0  state=ON
2026-09-23T20:18:49Z  OBSERVE  checkoutservice  rejection=0.0000  low=200 high=0  state=ON
2026-09-23T20:18:49Z  OBSERVE  currencyservice  rejection=0.0000  low=267 high=0  state=ON
2026-09-23T20:18:49Z  OBSERVE  emailservice  rejection=0.0000  low=202 high=0  state=ON
2026-09-23T20:18:49Z  OBSERVE  paymentservice  rejection=0.0000  low=267 high=0  state=ON
2026-09-23T20:18:49Z  OBSERVE  productcatalogservice  rejection=0.0000  low=267 high=0  state=ON
2026-09-23T20:18:49Z  OBSERVE  recommendationservice  rejection=0.0000  low=267 high=0  state=ON
2026-09-23T20:18:49Z  OBSERVE  shippingservice  rejection=0.0000  low=267 high=0  state=ON
2026-09-23T20:18:50Z  OBSERVE  adservice  rejection=0.0000  low=268 high=0  state=ON
2026-09-23T20:18:50Z  OBSERVE  cartservice  rejection=0.0000  low=268 high=0  state=ON
2026-09-23T20:18:50Z  OBSERVE  checkoutservice  rejection=0.0000  low=201 high=0  state=ON
2026-09-23T20:18:50Z  OBSERVE  currencyservice  rejection=0.0000  low=268 high=0  state=ON
2026-09-23T20:18:50Z  OBSERVE  emailservice  rejection=0.0000  low=203 high=0  state=ON
2026-09-23T20:18:50Z  OBSERVE  paymentservice  rejection=0.0000  low=268 high=0  state=ON
2026-09-23T20:18:50Z  OBSERVE  productcatalogservice  rejection=0.0000  low=268 high=0  state=ON
2026-09-23T20:18:50Z  OBSERVE  recommendationservice  rejection=0.0000  low=268 high=0  state=ON
2026-09-23T20:18:50Z  OBSERVE  shippingservice  rejection=0.0000  low=268 high=0  state=ON
2026-09-23T20:18:51Z  OBSERVE  adservice  rejection=0.0000  low=269 high=0  state=ON
2026-09-23T20:18:51Z  OBSERVE  cartservice  rejection=0.0000  low=269 high=0  state=ON
2026-09-23T20:18:51Z  OBSERVE  checkoutservice  rejection=0.0000  low=202 high=0  state=ON
2026-09-23T20:18:51Z  OBSERVE  currencyservice  rejection=0.0000  low=269 high=0  state=ON
2026-09-23T20:18:51Z  OBSERVE  emailservice  rejection=0.0000  low=204 high=0  state=ON
2026-09-23T20:18:51Z  OBSERVE  paymentservice  rejection=0.0000  low=269 high=0  state=ON
2026-09-23T20:18:51Z  OBSERVE  productcatalogservice  rejection=0.0000  low=269 high=0  state=ON
2026-09-23T20:18:51Z  OBSERVE  recommendationservice  rejection=0.0000  low=269 high=0  state=ON
2026-09-23T20:18:51Z  OBSERVE  shippingservice  rejection=0.0000  low=269 high=0  state=ON
2026-09-23T20:18:52Z  OBSERVE  adservice  rejection=0.0000  low=270 high=0  state=ON
2026-09-23T20:18:52Z  OBSERVE  cartservice  rejection=0.0000  low=270 high=0  state=ON
2026-09-23T20:18:52Z  OBSERVE  checkoutservice  rejection=0.0000  low=203 high=0  state=ON
2026-09-23T20:18:52Z  OBSERVE  currencyservice  rejection=0.0000  low=270 high=0  state=ON
2026-09-23T20:18:52Z  OBSERVE  emailservice  rejection=0.0000  low=205 high=0  state=ON
2026-09-23T20:18:52Z  OBSERVE  paymentservice  rejection=0.0000  low=270 high=0  state=ON
2026-09-23T20:18:52Z  OBSERVE  productcatalogservice  rejection=0.0000  low=270 high=0  state=ON
2026-09-23T20:18:52Z  OBSERVE  recommendationservice  rejection=0.0000  low=270 high=0  state=ON
2026-09-23T20:18:52Z  OBSERVE  shippingservice  rejection=0.0000  low=270 high=0  state=ON
2026-09-23T20:18:53Z  OBSERVE  adservice  rejection=0.0000  low=271 high=0  state=ON
2026-09-23T20:18:53Z  OBSERVE  cartservice  rejection=0.0000  low=271 high=0  state=ON
2026-09-23T20:18:53Z  OBSERVE  checkoutservice  rejection=0.0000  low=204 high=0  state=ON
2026-09-23T20:18:53Z  OBSERVE  currencyservice  rejection=0.0000  low=271 high=0  state=ON
2026-09-23T20:18:53Z  OBSERVE  emailservice  rejection=0.0000  low=206 high=0  state=ON
2026-09-23T20:18:53Z  OBSERVE  paymentservice  rejection=0.0000  low=271 high=0  state=ON
2026-09-23T20:18:53Z  OBSERVE  productcatalogservice  rejection=0.0000  low=271 high=0  state=ON
2026-09-23T20:18:53Z  OBSERVE  recommendationservice  rejection=0.0000  low=271 high=0  state=ON
2026-09-23T20:18:53Z  OBSERVE  shippingservice  rejection=0.0000  low=271 high=0  state=ON
2026-09-23T20:18:54Z  OBSERVE  adservice  rejection=0.0000  low=272 high=0  state=ON
2026-09-23T20:18:54Z  OBSERVE  cartservice  rejection=0.0000  low=272 high=0  state=ON
2026-09-23T20:18:54Z  OBSERVE  checkoutservice  rejection=0.0000  low=205 high=0  state=ON
2026-09-23T20:18:54Z  OBSERVE  currencyservice  rejection=0.0000  low=272 high=0  state=ON
2026-09-23T20:18:54Z  OBSERVE  emailservice  rejection=0.0000  low=207 high=0  state=ON
2026-09-23T20:18:54Z  OBSERVE  paymentservice  rejection=0.0000  low=272 high=0  state=ON
2026-09-23T20:18:54Z  OBSERVE  productcatalogservice  rejection=0.0000  low=272 high=0  state=ON
2026-09-23T20:18:54Z  OBSERVE  recommendationservice  rejection=0.0000  low=272 high=0  state=ON
2026-09-23T20:18:54Z  OBSERVE  shippingservice  rejection=0.0000  low=272 high=0  state=ON
2026-09-23T20:18:55Z  OBSERVE  adservice  rejection=0.0000  low=273 high=0  state=ON
2026-09-23T20:18:55Z  OBSERVE  cartservice  rejection=0.0000  low=273 high=0  state=ON
2026-09-23T20:18:55Z  OBSERVE  checkoutservice  rejection=0.0000  low=206 high=0  state=ON
2026-09-23T20:18:55Z  OBSERVE  currencyservice  rejection=0.0000  low=273 high=0  state=ON
2026-09-23T20:18:55Z  OBSERVE  emailservice  rejection=0.0000  low=208 high=0  state=ON
2026-09-23T20:18:55Z  OBSERVE  paymentservice  rejection=0.0000  low=273 high=0  state=ON
2026-09-23T20:18:55Z  OBSERVE  productcatalogservice  rejection=0.0000  low=273 high=0  state=ON
2026-09-23T20:18:55Z  OBSERVE  recommendationservice  rejection=0.0000  low=273 high=0  state=ON
2026-09-23T20:18:55Z  OBSERVE  shippingservice  rejection=0.0000  low=273 high=0  state=ON
2026-09-23T20:18:56Z  OBSERVE  adservice  rejection=0.0000  low=274 high=0  state=ON
2026-09-23T20:18:56Z  OBSERVE  cartservice  rejection=0.0000  low=274 high=0  state=ON
2026-09-23T20:18:56Z  OBSERVE  checkoutservice  rejection=0.0000  low=207 high=0  state=ON
2026-09-23T20:18:56Z  OBSERVE  currencyservice  rejection=0.0000  low=274 high=0  state=ON
2026-09-23T20:18:56Z  OBSERVE  emailservice  rejection=0.0000  low=209 high=0  state=ON
2026-09-23T20:18:56Z  OBSERVE  paymentservice  rejection=0.0000  low=274 high=0  state=ON
2026-09-23T20:18:56Z  OBSERVE  productcatalogservice  rejection=0.0000  low=274 high=0  state=ON
2026-09-23T20:18:56Z  OBSERVE  recommendationservice  rejection=0.0000  low=274 high=0  state=ON
2026-09-23T20:18:56Z  OBSERVE  shippingservice  rejection=0.0000  low=274 high=0  state=ON
2026-09-23T20:18:57Z  OBSERVE  adservice  rejection=0.0000  low=275 high=0  state=ON
2026-09-23T20:18:57Z  OBSERVE  cartservice  rejection=0.0000  low=275 high=0  state=ON
2026-09-23T20:18:57Z  OBSERVE  checkoutservice  rejection=0.0000  low=208 high=0  state=ON
2026-09-23T20:18:57Z  OBSERVE  currencyservice  rejection=0.0000  low=275 high=0  state=ON
2026-09-23T20:18:57Z  OBSERVE  emailservice  rejection=0.0000  low=210 high=0  state=ON
2026-09-23T20:18:57Z  OBSERVE  paymentservice  rejection=0.0000  low=275 high=0  state=ON
2026-09-23T20:18:57Z  OBSERVE  productcatalogservice  rejection=0.0000  low=275 high=0  state=ON
2026-09-23T20:18:57Z  OBSERVE  recommendationservice  rejection=0.0000  low=275 high=0  state=ON
2026-09-23T20:18:57Z  OBSERVE  shippingservice  rejection=0.0000  low=275 high=0  state=ON
2026-09-23T20:18:58Z  OBSERVE  adservice  rejection=0.0000  low=276 high=0  state=ON
2026-09-23T20:18:58Z  OBSERVE  cartservice  rejection=0.0000  low=276 high=0  state=ON
2026-09-23T20:18:58Z  OBSERVE  checkoutservice  rejection=0.0000  low=209 high=0  state=ON
2026-09-23T20:18:58Z  OBSERVE  currencyservice  rejection=0.0000  low=276 high=0  state=ON
2026-09-23T20:18:58Z  OBSERVE  emailservice  rejection=0.0000  low=211 high=0  state=ON
2026-09-23T20:18:58Z  OBSERVE  paymentservice  rejection=0.0000  low=276 high=0  state=ON
2026-09-23T20:18:58Z  OBSERVE  productcatalogservice  rejection=0.0000  low=276 high=0  state=ON
2026-09-23T20:18:58Z  OBSERVE  recommendationservice  rejection=0.0000  low=276 high=0  state=ON
2026-09-23T20:18:58Z  OBSERVE  shippingservice  rejection=0.0000  low=276 high=0  state=ON
2026-09-23T20:18:59Z  OBSERVE  adservice  rejection=0.0000  low=277 high=0  state=ON
2026-09-23T20:18:59Z  OBSERVE  cartservice  rejection=0.0000  low=277 high=0  state=ON
2026-09-23T20:18:59Z  OBSERVE  checkoutservice  rejection=0.0000  low=210 high=0  state=ON
2026-09-23T20:18:59Z  OBSERVE  currencyservice  rejection=0.0000  low=277 high=0  state=ON
2026-09-23T20:18:59Z  OBSERVE  emailservice  rejection=0.0000  low=212 high=0  state=ON
2026-09-23T20:18:59Z  OBSERVE  paymentservice  rejection=0.0000  low=277 high=0  state=ON
2026-09-23T20:18:59Z  OBSERVE  productcatalogservice  rejection=0.0000  low=277 high=0  state=ON
2026-09-23T20:18:59Z  OBSERVE  recommendationservice  rejection=0.0000  low=277 high=0  state=ON
2026-09-23T20:18:59Z  OBSERVE  shippingservice  rejection=0.0000  low=277 high=0  state=ON
2026-09-23T20:19:00Z  OBSERVE  adservice  rejection=0.0000  low=278 high=0  state=ON
2026-09-23T20:19:00Z  OBSERVE  cartservice  rejection=0.0000  low=278 high=0  state=ON
2026-09-23T20:19:00Z  OBSERVE  checkoutservice  rejection=0.0000  low=211 high=0  state=ON
2026-09-23T20:19:00Z  OBSERVE  currencyservice  rejection=0.0000  low=278 high=0  state=ON
2026-09-23T20:19:00Z  OBSERVE  emailservice  rejection=0.0000  low=213 high=0  state=ON
2026-09-23T20:19:00Z  OBSERVE  paymentservice  rejection=0.0000  low=278 high=0  state=ON
2026-09-23T20:19:00Z  OBSERVE  productcatalogservice  rejection=0.0000  low=278 high=0  state=ON
2026-09-23T20:19:00Z  OBSERVE  recommendationservice  rejection=0.0000  low=278 high=0  state=ON
2026-09-23T20:19:00Z  OBSERVE  shippingservice  rejection=0.0000  low=278 high=0  state=ON
2026-09-23T20:19:01Z  OBSERVE  adservice  rejection=0.0000  low=279 high=0  state=ON
2026-09-23T20:19:01Z  OBSERVE  cartservice  rejection=0.0000  low=279 high=0  state=ON
2026-09-23T20:19:01Z  OBSERVE  checkoutservice  rejection=0.0000  low=212 high=0  state=ON
2026-09-23T20:19:01Z  OBSERVE  currencyservice  rejection=0.0000  low=279 high=0  state=ON
2026-09-23T20:19:01Z  OBSERVE  emailservice  rejection=0.0000  low=214 high=0  state=ON
2026-09-23T20:19:01Z  OBSERVE  paymentservice  rejection=0.0000  low=279 high=0  state=ON
2026-09-23T20:19:01Z  OBSERVE  productcatalogservice  rejection=0.0000  low=279 high=0  state=ON
2026-09-23T20:19:01Z  OBSERVE  recommendationservice  rejection=0.0000  low=279 high=0  state=ON
2026-09-23T20:19:01Z  OBSERVE  shippingservice  rejection=0.0000  low=279 high=0  state=ON
2026-09-23T20:19:02Z  OBSERVE  adservice  rejection=0.0000  low=280 high=0  state=ON
2026-09-23T20:19:02Z  OBSERVE  cartservice  rejection=0.0000  low=280 high=0  state=ON
2026-09-23T20:19:02Z  OBSERVE  checkoutservice  rejection=0.0000  low=213 high=0  state=ON
2026-09-23T20:19:02Z  OBSERVE  currencyservice  rejection=0.0000  low=280 high=0  state=ON
2026-09-23T20:19:02Z  OBSERVE  emailservice  rejection=0.0000  low=215 high=0  state=ON
2026-09-23T20:19:02Z  OBSERVE  paymentservice  rejection=0.0000  low=280 high=0  state=ON
2026-09-23T20:19:02Z  OBSERVE  productcatalogservice  rejection=0.0000  low=280 high=0  state=ON
2026-09-23T20:19:02Z  OBSERVE  recommendationservice  rejection=0.0000  low=280 high=0  state=ON
2026-09-23T20:19:02Z  OBSERVE  shippingservice  rejection=0.0000  low=280 high=0  state=ON
2026-09-23T20:19:03Z  OBSERVE  adservice  rejection=0.0000  low=281 high=0  state=ON
2026-09-23T20:19:03Z  OBSERVE  cartservice  rejection=0.0000  low=281 high=0  state=ON
2026-09-23T20:19:03Z  OBSERVE  checkoutservice  rejection=0.0000  low=214 high=0  state=ON
2026-09-23T20:19:03Z  OBSERVE  currencyservice  rejection=0.0000  low=281 high=0  state=ON
2026-09-23T20:19:03Z  OBSERVE  emailservice  rejection=0.0000  low=216 high=0  state=ON
2026-09-23T20:19:03Z  OBSERVE  paymentservice  rejection=0.0000  low=281 high=0  state=ON
2026-09-23T20:19:03Z  OBSERVE  productcatalogservice  rejection=0.0000  low=281 high=0  state=ON
2026-09-23T20:19:03Z  OBSERVE  recommendationservice  rejection=0.0000  low=281 high=0  state=ON
2026-09-23T20:19:03Z  OBSERVE  shippingservice  rejection=0.0000  low=281 high=0  state=ON
2026-09-23T20:19:04Z  OBSERVE  adservice  rejection=0.0000  low=282 high=0  state=ON
2026-09-23T20:19:04Z  OBSERVE  cartservice  rejection=0.0000  low=282 high=0  state=ON
2026-09-23T20:19:04Z  OBSERVE  checkoutservice  rejection=0.0000  low=215 high=0  state=ON
2026-09-23T20:19:04Z  OBSERVE  currencyservice  rejection=0.0000  low=282 high=0  state=ON
2026-09-23T20:19:04Z  OBSERVE  emailservice  rejection=0.0000  low=217 high=0  state=ON
2026-09-23T20:19:04Z  OBSERVE  paymentservice  rejection=0.0000  low=282 high=0  state=ON
2026-09-23T20:19:04Z  OBSERVE  productcatalogservice  rejection=0.0000  low=282 high=0  state=ON
2026-09-23T20:19:04Z  OBSERVE  recommendationservice  rejection=0.0000  low=282 high=0  state=ON
2026-09-23T20:19:04Z  OBSERVE  shippingservice  rejection=0.0000  low=282 high=0  state=ON
2026-09-23T20:19:05Z  OBSERVE  adservice  rejection=0.0000  low=283 high=0  state=ON
2026-09-23T20:19:05Z  OBSERVE  cartservice  rejection=0.0000  low=283 high=0  state=ON
2026-09-23T20:19:05Z  OBSERVE  checkoutservice  rejection=0.0000  low=216 high=0  state=ON
2026-09-23T20:19:05Z  OBSERVE  currencyservice  rejection=0.0000  low=283 high=0  state=ON
2026-09-23T20:19:05Z  OBSERVE  emailservice  rejection=0.0000  low=218 high=0  state=ON
2026-09-23T20:19:05Z  OBSERVE  paymentservice  rejection=0.0000  low=283 high=0  state=ON
2026-09-23T20:19:05Z  OBSERVE  productcatalogservice  rejection=0.0000  low=283 high=0  state=ON
2026-09-23T20:19:05Z  OBSERVE  recommendationservice  rejection=0.0000  low=283 high=0  state=ON
2026-09-23T20:19:05Z  OBSERVE  shippingservice  rejection=0.0000  low=283 high=0  state=ON
2026-09-23T20:19:06Z  OBSERVE  adservice  rejection=0.0000  low=284 high=0  state=ON
2026-09-23T20:19:06Z  OBSERVE  cartservice  rejection=0.0000  low=284 high=0  state=ON
2026-09-23T20:19:06Z  OBSERVE  checkoutservice  rejection=0.0000  low=217 high=0  state=ON
2026-09-23T20:19:06Z  OBSERVE  currencyservice  rejection=0.0000  low=284 high=0  state=ON
2026-09-23T20:19:06Z  OBSERVE  emailservice  rejection=0.0000  low=219 high=0  state=ON
2026-09-23T20:19:06Z  OBSERVE  paymentservice  rejection=0.0000  low=284 high=0  state=ON
2026-09-23T20:19:06Z  OBSERVE  productcatalogservice  rejection=0.0000  low=284 high=0  state=ON
2026-09-23T20:19:06Z  OBSERVE  recommendationservice  rejection=0.0000  low=284 high=0  state=ON
2026-09-23T20:19:06Z  OBSERVE  shippingservice  rejection=0.0000  low=284 high=0  state=ON
2026-09-23T20:19:07Z  OBSERVE  adservice  rejection=0.0000  low=285 high=0  state=ON
2026-09-23T20:19:07Z  OBSERVE  cartservice  rejection=0.0000  low=285 high=0  state=ON
2026-09-23T20:19:07Z  OBSERVE  checkoutservice  rejection=0.0000  low=218 high=0  state=ON
2026-09-23T20:19:07Z  OBSERVE  currencyservice  rejection=0.0000  low=285 high=0  state=ON
2026-09-23T20:19:07Z  OBSERVE  emailservice  rejection=0.0000  low=220 high=0  state=ON
2026-09-23T20:19:07Z  OBSERVE  paymentservice  rejection=0.0000  low=285 high=0  state=ON
2026-09-23T20:19:07Z  OBSERVE  productcatalogservice  rejection=0.0000  low=285 high=0  state=ON
2026-09-23T20:19:07Z  OBSERVE  recommendationservice  rejection=0.0000  low=285 high=0  state=ON
2026-09-23T20:19:07Z  OBSERVE  shippingservice  rejection=0.0000  low=285 high=0  state=ON
2026-09-23T20:19:08Z  OBSERVE  adservice  rejection=0.0000  low=286 high=0  state=ON
2026-09-23T20:19:08Z  OBSERVE  cartservice  rejection=0.0000  low=286 high=0  state=ON
2026-09-23T20:19:08Z  OBSERVE  checkoutservice  rejection=0.0000  low=219 high=0  state=ON
2026-09-23T20:19:08Z  OBSERVE  currencyservice  rejection=0.0000  low=286 high=0  state=ON
2026-09-23T20:19:08Z  OBSERVE  emailservice  rejection=0.0000  low=221 high=0  state=ON
2026-09-23T20:19:08Z  OBSERVE  paymentservice  rejection=0.0000  low=286 high=0  state=ON
2026-09-23T20:19:08Z  OBSERVE  productcatalogservice  rejection=0.0000  low=286 high=0  state=ON
2026-09-23T20:19:08Z  OBSERVE  recommendationservice  rejection=0.0000  low=286 high=0  state=ON
2026-09-23T20:19:08Z  OBSERVE  shippingservice  rejection=0.0000  low=286 high=0  state=ON
2026-09-23T20:19:09Z  OBSERVE  adservice  rejection=0.0000  low=287 high=0  state=ON
2026-09-23T20:19:09Z  OBSERVE  cartservice  rejection=0.0000  low=287 high=0  state=ON
2026-09-23T20:19:09Z  OBSERVE  checkoutservice  rejection=0.0000  low=220 high=0  state=ON
2026-09-23T20:19:09Z  OBSERVE  currencyservice  rejection=0.0000  low=287 high=0  state=ON
2026-09-23T20:19:09Z  OBSERVE  emailservice  rejection=0.0000  low=222 high=0  state=ON
2026-09-23T20:19:09Z  OBSERVE  paymentservice  rejection=0.0000  low=287 high=0  state=ON
2026-09-23T20:19:09Z  OBSERVE  productcatalogservice  rejection=0.0000  low=287 high=0  state=ON
2026-09-23T20:19:09Z  OBSERVE  recommendationservice  rejection=0.0000  low=287 high=0  state=ON
2026-09-23T20:19:09Z  OBSERVE  shippingservice  rejection=0.0000  low=287 high=0  state=ON
2026-09-23T20:19:10Z  OBSERVE  adservice  rejection=0.0000  low=288 high=0  state=ON
2026-09-23T20:19:10Z  OBSERVE  cartservice  rejection=0.0000  low=288 high=0  state=ON
2026-09-23T20:19:10Z  OBSERVE  checkoutservice  rejection=0.0000  low=221 high=0  state=ON
2026-09-23T20:19:10Z  OBSERVE  currencyservice  rejection=0.0000  low=288 high=0  state=ON
2026-09-23T20:19:10Z  OBSERVE  emailservice  rejection=0.0000  low=223 high=0  state=ON
2026-09-23T20:19:10Z  OBSERVE  paymentservice  rejection=0.0000  low=288 high=0  state=ON
2026-09-23T20:19:10Z  OBSERVE  productcatalogservice  rejection=0.0000  low=288 high=0  state=ON
2026-09-23T20:19:10Z  OBSERVE  recommendationservice  rejection=0.0000  low=288 high=0  state=ON
2026-09-23T20:19:10Z  OBSERVE  shippingservice  rejection=0.0000  low=288 high=0  state=ON
2026-09-23T20:19:11Z  OBSERVE  adservice  rejection=0.0000  low=289 high=0  state=ON
2026-09-23T20:19:11Z  OBSERVE  cartservice  rejection=0.0000  low=289 high=0  state=ON
2026-09-23T20:19:11Z  OBSERVE  checkoutservice  rejection=0.0000  low=222 high=0  state=ON
2026-09-23T20:19:11Z  OBSERVE  currencyservice  rejection=0.0000  low=289 high=0  state=ON
2026-09-23T20:19:11Z  OBSERVE  emailservice  rejection=0.0000  low=224 high=0  state=ON
2026-09-23T20:19:11Z  OBSERVE  paymentservice  rejection=0.0000  low=289 high=0  state=ON
2026-09-23T20:19:11Z  OBSERVE  productcatalogservice  rejection=0.0000  low=289 high=0  state=ON
2026-09-23T20:19:11Z  OBSERVE  recommendationservice  rejection=0.0000  low=289 high=0  state=ON
2026-09-23T20:19:11Z  OBSERVE  shippingservice  rejection=0.0000  low=289 high=0  state=ON
2026-09-23T20:19:12Z  OBSERVE  adservice  rejection=0.0000  low=290 high=0  state=ON
2026-09-23T20:19:12Z  OBSERVE  cartservice  rejection=0.0000  low=290 high=0  state=ON
2026-09-23T20:19:12Z  OBSERVE  checkoutservice  rejection=0.0000  low=223 high=0  state=ON
2026-09-23T20:19:12Z  OBSERVE  currencyservice  rejection=0.0000  low=290 high=0  state=ON
2026-09-23T20:19:12Z  OBSERVE  emailservice  rejection=0.0000  low=225 high=0  state=ON
2026-09-23T20:19:12Z  OBSERVE  paymentservice  rejection=0.0000  low=290 high=0  state=ON
2026-09-23T20:19:12Z  OBSERVE  productcatalogservice  rejection=0.0000  low=290 high=0  state=ON
2026-09-23T20:19:12Z  OBSERVE  recommendationservice  rejection=0.0000  low=290 high=0  state=ON
2026-09-23T20:19:12Z  OBSERVE  shippingservice  rejection=0.0000  low=290 high=0  state=ON
2026-09-23T20:19:13Z  OBSERVE  adservice  rejection=0.0000  low=291 high=0  state=ON
2026-09-23T20:19:13Z  OBSERVE  cartservice  rejection=0.0000  low=291 high=0  state=ON
2026-09-23T20:19:13Z  OBSERVE  checkoutservice  rejection=0.0000  low=224 high=0  state=ON
2026-09-23T20:19:13Z  OBSERVE  currencyservice  rejection=0.0000  low=291 high=0  state=ON
2026-09-23T20:19:13Z  OBSERVE  emailservice  rejection=0.0000  low=226 high=0  state=ON
2026-09-23T20:19:13Z  OBSERVE  paymentservice  rejection=0.0000  low=291 high=0  state=ON
2026-09-23T20:19:13Z  OBSERVE  productcatalogservice  rejection=0.0000  low=291 high=0  state=ON
2026-09-23T20:19:13Z  OBSERVE  recommendationservice  rejection=0.0000  low=291 high=0  state=ON
2026-09-23T20:19:13Z  OBSERVE  shippingservice  rejection=0.0000  low=291 high=0  state=ON
2026-09-23T20:19:14Z  OBSERVE  adservice  rejection=0.0000  low=292 high=0  state=ON
2026-09-23T20:19:14Z  OBSERVE  cartservice  rejection=0.0000  low=292 high=0  state=ON
2026-09-23T20:19:14Z  OBSERVE  checkoutservice  rejection=0.0000  low=225 high=0  state=ON
2026-09-23T20:19:14Z  OBSERVE  currencyservice  rejection=0.0000  low=292 high=0  state=ON
2026-09-23T20:19:14Z  OBSERVE  emailservice  rejection=0.0000  low=227 high=0  state=ON
2026-09-23T20:19:14Z  OBSERVE  paymentservice  rejection=0.0000  low=292 high=0  state=ON
2026-09-23T20:19:14Z  OBSERVE  productcatalogservice  rejection=0.0000  low=292 high=0  state=ON
2026-09-23T20:19:14Z  OBSERVE  recommendationservice  rejection=0.0000  low=292 high=0  state=ON
2026-09-23T20:19:14Z  OBSERVE  shippingservice  rejection=0.0000  low=292 high=0  state=ON
2026-09-23T20:19:15Z  OBSERVE  adservice  rejection=0.0000  low=293 high=0  state=ON
2026-09-23T20:19:15Z  OBSERVE  cartservice  rejection=0.0000  low=293 high=0  state=ON
2026-09-23T20:19:15Z  OBSERVE  checkoutservice  rejection=0.0000  low=226 high=0  state=ON
2026-09-23T20:19:15Z  OBSERVE  currencyservice  rejection=0.0000  low=293 high=0  state=ON
2026-09-23T20:19:15Z  OBSERVE  emailservice  rejection=0.0000  low=228 high=0  state=ON
2026-09-23T20:19:15Z  OBSERVE  paymentservice  rejection=0.0000  low=293 high=0  state=ON
2026-09-23T20:19:15Z  OBSERVE  productcatalogservice  rejection=0.0000  low=293 high=0  state=ON
2026-09-23T20:19:15Z  OBSERVE  recommendationservice  rejection=0.0000  low=293 high=0  state=ON
2026-09-23T20:19:15Z  OBSERVE  shippingservice  rejection=0.0000  low=293 high=0  state=ON
2026-09-23T20:19:16Z  OBSERVE  adservice  rejection=0.0000  low=294 high=0  state=ON
2026-09-23T20:19:16Z  OBSERVE  cartservice  rejection=0.0000  low=294 high=0  state=ON
2026-09-23T20:19:16Z  OBSERVE  checkoutservice  rejection=0.0000  low=227 high=0  state=ON
2026-09-23T20:19:16Z  OBSERVE  currencyservice  rejection=0.0000  low=294 high=0  state=ON
2026-09-23T20:19:16Z  OBSERVE  emailservice  rejection=0.0000  low=229 high=0  state=ON
2026-09-23T20:19:16Z  OBSERVE  paymentservice  rejection=0.0000  low=294 high=0  state=ON
2026-09-23T20:19:16Z  OBSERVE  productcatalogservice  rejection=0.0000  low=294 high=0  state=ON
2026-09-23T20:19:16Z  OBSERVE  recommendationservice  rejection=0.0000  low=294 high=0  state=ON
2026-09-23T20:19:16Z  OBSERVE  shippingservice  rejection=0.0000  low=294 high=0  state=ON
2026-09-23T20:19:17Z  OBSERVE  adservice  rejection=0.0000  low=295 high=0  state=ON
2026-09-23T20:19:17Z  OBSERVE  cartservice  rejection=0.0000  low=295 high=0  state=ON
2026-09-23T20:19:17Z  OBSERVE  checkoutservice  rejection=0.0000  low=228 high=0  state=ON
2026-09-23T20:19:17Z  OBSERVE  currencyservice  rejection=0.0000  low=295 high=0  state=ON
2026-09-23T20:19:17Z  OBSERVE  emailservice  rejection=0.0000  low=230 high=0  state=ON
2026-09-23T20:19:17Z  OBSERVE  paymentservice  rejection=0.0000  low=295 high=0  state=ON
2026-09-23T20:19:17Z  OBSERVE  productcatalogservice  rejection=0.0000  low=295 high=0  state=ON
2026-09-23T20:19:17Z  OBSERVE  recommendationservice  rejection=0.0000  low=295 high=0  state=ON
2026-09-23T20:19:17Z  OBSERVE  shippingservice  rejection=0.0000  low=295 high=0  state=ON
2026-09-23T20:19:18Z  OBSERVE  adservice  rejection=0.0000  low=296 high=0  state=ON
2026-09-23T20:19:18Z  OBSERVE  cartservice  rejection=0.0000  low=296 high=0  state=ON
2026-09-23T20:19:18Z  OBSERVE  checkoutservice  rejection=0.0000  low=229 high=0  state=ON
2026-09-23T20:19:18Z  OBSERVE  currencyservice  rejection=0.0000  low=296 high=0  state=ON
2026-09-23T20:19:18Z  OBSERVE  emailservice  rejection=0.0000  low=231 high=0  state=ON
2026-09-23T20:19:18Z  OBSERVE  paymentservice  rejection=0.0000  low=296 high=0  state=ON
2026-09-23T20:19:18Z  OBSERVE  productcatalogservice  rejection=0.0000  low=296 high=0  state=ON
2026-09-23T20:19:18Z  OBSERVE  recommendationservice  rejection=0.0000  low=296 high=0  state=ON
2026-09-23T20:19:18Z  OBSERVE  shippingservice  rejection=0.0000  low=296 high=0  state=ON
2026-09-23T20:19:19Z  OBSERVE  adservice  rejection=0.0000  low=297 high=0  state=ON
2026-09-23T20:19:19Z  OBSERVE  cartservice  rejection=0.0000  low=297 high=0  state=ON
2026-09-23T20:19:19Z  OBSERVE  checkoutservice  rejection=0.0000  low=230 high=0  state=ON
2026-09-23T20:19:19Z  OBSERVE  currencyservice  rejection=0.0000  low=297 high=0  state=ON
2026-09-23T20:19:19Z  OBSERVE  emailservice  rejection=0.0000  low=232 high=0  state=ON
2026-09-23T20:19:19Z  OBSERVE  paymentservice  rejection=0.0000  low=297 high=0  state=ON
2026-09-23T20:19:19Z  OBSERVE  productcatalogservice  rejection=0.0000  low=297 high=0  state=ON
2026-09-23T20:19:19Z  OBSERVE  recommendationservice  rejection=0.0000  low=297 high=0  state=ON
2026-09-23T20:19:19Z  OBSERVE  shippingservice  rejection=0.0000  low=297 high=0  state=ON
2026-09-23T20:19:20Z  OBSERVE  adservice  rejection=0.0000  low=298 high=0  state=ON
2026-09-23T20:19:20Z  OBSERVE  cartservice  rejection=0.0000  low=298 high=0  state=ON
2026-09-23T20:19:20Z  OBSERVE  checkoutservice  rejection=0.0000  low=231 high=0  state=ON
2026-09-23T20:19:20Z  OBSERVE  currencyservice  rejection=0.0000  low=298 high=0  state=ON
2026-09-23T20:19:20Z  OBSERVE  emailservice  rejection=0.0000  low=233 high=0  state=ON
2026-09-23T20:19:20Z  OBSERVE  paymentservice  rejection=0.0000  low=298 high=0  state=ON
2026-09-23T20:19:20Z  OBSERVE  productcatalogservice  rejection=0.0000  low=298 high=0  state=ON
2026-09-23T20:19:20Z  OBSERVE  recommendationservice  rejection=0.0000  low=298 high=0  state=ON
2026-09-23T20:19:20Z  OBSERVE  shippingservice  rejection=0.0000  low=298 high=0  state=ON
2026-09-23T20:19:21Z  OBSERVE  adservice  rejection=0.0000  low=299 high=0  state=ON
2026-09-23T20:19:21Z  OBSERVE  cartservice  rejection=0.0000  low=299 high=0  state=ON
2026-09-23T20:19:21Z  OBSERVE  checkoutservice  rejection=0.0000  low=232 high=0  state=ON
2026-09-23T20:19:21Z  OBSERVE  currencyservice  rejection=0.0000  low=299 high=0  state=ON
2026-09-23T20:19:21Z  OBSERVE  emailservice  rejection=0.0000  low=234 high=0  state=ON
2026-09-23T20:19:21Z  OBSERVE  paymentservice  rejection=0.0000  low=299 high=0  state=ON
2026-09-23T20:19:21Z  OBSERVE  productcatalogservice  rejection=0.0000  low=299 high=0  state=ON
2026-09-23T20:19:21Z  OBSERVE  recommendationservice  rejection=0.0000  low=299 high=0  state=ON
2026-09-23T20:19:21Z  OBSERVE  shippingservice  rejection=0.0000  low=299 high=0  state=ON
2026-09-23T20:19:22Z  OBSERVE  adservice  rejection=0.0000  low=300 high=0  state=ON
2026-09-23T20:19:22Z  OBSERVE  cartservice  rejection=0.0000  low=300 high=0  state=ON
2026-09-23T20:19:22Z  OBSERVE  checkoutservice  rejection=0.0000  low=233 high=0  state=ON
2026-09-23T20:19:22Z  OBSERVE  currencyservice  rejection=0.0000  low=300 high=0  state=ON
2026-09-23T20:19:22Z  OBSERVE  emailservice  rejection=0.0000  low=235 high=0  state=ON
2026-09-23T20:19:22Z  OBSERVE  paymentservice  rejection=0.0000  low=300 high=0  state=ON
2026-09-23T20:19:22Z  OBSERVE  productcatalogservice  rejection=0.0000  low=300 high=0  state=ON
2026-09-23T20:19:22Z  OBSERVE  recommendationservice  rejection=0.0000  low=300 high=0  state=ON
2026-09-23T20:19:22Z  OBSERVE  shippingservice  rejection=0.0000  low=300 high=0  state=ON
2026-09-23T20:19:23Z  OBSERVE  adservice  rejection=0.0000  low=301 high=0  state=ON
2026-09-23T20:19:23Z  OBSERVE  cartservice  rejection=0.0000  low=301 high=0  state=ON
2026-09-23T20:19:23Z  OBSERVE  checkoutservice  rejection=0.0000  low=234 high=0  state=ON
2026-09-23T20:19:23Z  OBSERVE  currencyservice  rejection=0.0000  low=301 high=0  state=ON
2026-09-23T20:19:23Z  OBSERVE  emailservice  rejection=0.0000  low=236 high=0  state=ON
2026-09-23T20:19:23Z  OBSERVE  paymentservice  rejection=0.0000  low=301 high=0  state=ON
2026-09-23T20:19:23Z  OBSERVE  productcatalogservice  rejection=0.0000  low=301 high=0  state=ON
2026-09-23T20:19:23Z  OBSERVE  recommendationservice  rejection=0.0000  low=301 high=0  state=ON
2026-09-23T20:19:23Z  OBSERVE  shippingservice  rejection=0.0000  low=301 high=0  state=ON
2026-09-23T20:19:24Z  OBSERVE  adservice  rejection=0.0000  low=302 high=0  state=ON
2026-09-23T20:19:24Z  OBSERVE  cartservice  rejection=0.0000  low=302 high=0  state=ON
2026-09-23T20:19:24Z  OBSERVE  checkoutservice  rejection=0.0000  low=235 high=0  state=ON
2026-09-23T20:19:24Z  OBSERVE  currencyservice  rejection=0.0000  low=302 high=0  state=ON
2026-09-23T20:19:24Z  OBSERVE  emailservice  rejection=0.0000  low=237 high=0  state=ON
2026-09-23T20:19:24Z  OBSERVE  paymentservice  rejection=0.0000  low=302 high=0  state=ON
2026-09-23T20:19:24Z  OBSERVE  productcatalogservice  rejection=0.0000  low=302 high=0  state=ON
2026-09-23T20:19:24Z  OBSERVE  recommendationservice  rejection=0.0000  low=302 high=0  state=ON
2026-09-23T20:19:24Z  OBSERVE  shippingservice  rejection=0.0000  low=302 high=0  state=ON
2026-09-23T20:19:25Z  OBSERVE  adservice  rejection=0.0000  low=303 high=0  state=ON
2026-09-23T20:19:25Z  OBSERVE  cartservice  rejection=0.0000  low=303 high=0  state=ON
2026-09-23T20:19:25Z  OBSERVE  checkoutservice  rejection=0.0000  low=236 high=0  state=ON
2026-09-23T20:19:25Z  OBSERVE  currencyservice  rejection=0.0000  low=303 high=0  state=ON
2026-09-23T20:19:25Z  OBSERVE  emailservice  rejection=0.0000  low=238 high=0  state=ON
2026-09-23T20:19:25Z  OBSERVE  paymentservice  rejection=0.0000  low=303 high=0  state=ON
2026-09-23T20:19:25Z  OBSERVE  productcatalogservice  rejection=0.0000  low=303 high=0  state=ON
2026-09-23T20:19:25Z  OBSERVE  recommendationservice  rejection=0.0000  low=303 high=0  state=ON
2026-09-23T20:19:25Z  OBSERVE  shippingservice  rejection=0.0000  low=303 high=0  state=ON
2026-09-23T20:19:26Z  OBSERVE  adservice  rejection=0.0000  low=304 high=0  state=ON
2026-09-23T20:19:26Z  OBSERVE  cartservice  rejection=0.0000  low=304 high=0  state=ON
2026-09-23T20:19:26Z  OBSERVE  checkoutservice  rejection=0.0000  low=237 high=0  state=ON
2026-09-23T20:19:26Z  OBSERVE  currencyservice  rejection=0.0000  low=304 high=0  state=ON
2026-09-23T20:19:26Z  OBSERVE  emailservice  rejection=0.0000  low=239 high=0  state=ON
2026-09-23T20:19:26Z  OBSERVE  paymentservice  rejection=0.0000  low=304 high=0  state=ON
2026-09-23T20:19:26Z  OBSERVE  productcatalogservice  rejection=0.0000  low=304 high=0  state=ON
2026-09-23T20:19:26Z  OBSERVE  recommendationservice  rejection=0.0000  low=304 high=0  state=ON
2026-09-23T20:19:26Z  OBSERVE  shippingservice  rejection=0.0000  low=304 high=0  state=ON
2026-09-23T20:19:27Z  OBSERVE  adservice  rejection=0.0000  low=305 high=0  state=ON
2026-09-23T20:19:27Z  OBSERVE  cartservice  rejection=0.0000  low=305 high=0  state=ON
2026-09-23T20:19:27Z  OBSERVE  checkoutservice  rejection=0.0000  low=238 high=0  state=ON
2026-09-23T20:19:27Z  OBSERVE  currencyservice  rejection=0.0000  low=305 high=0  state=ON
2026-09-23T20:19:27Z  OBSERVE  emailservice  rejection=0.0000  low=240 high=0  state=ON
2026-09-23T20:19:27Z  OBSERVE  paymentservice  rejection=0.0000  low=305 high=0  state=ON
2026-09-23T20:19:27Z  OBSERVE  productcatalogservice  rejection=0.0000  low=305 high=0  state=ON
2026-09-23T20:19:27Z  OBSERVE  recommendationservice  rejection=0.0000  low=305 high=0  state=ON
2026-09-23T20:19:27Z  OBSERVE  shippingservice  rejection=0.0000  low=305 high=0  state=ON
2026-09-23T20:19:28Z  OBSERVE  adservice  rejection=0.0000  low=306 high=0  state=ON
2026-09-23T20:19:28Z  OBSERVE  cartservice  rejection=0.0000  low=306 high=0  state=ON
2026-09-23T20:19:28Z  OBSERVE  checkoutservice  rejection=0.0000  low=239 high=0  state=ON
2026-09-23T20:19:28Z  OBSERVE  currencyservice  rejection=0.0000  low=306 high=0  state=ON
2026-09-23T20:19:28Z  OBSERVE  emailservice  rejection=0.0000  low=241 high=0  state=ON
2026-09-23T20:19:28Z  OBSERVE  paymentservice  rejection=0.0000  low=306 high=0  state=ON
2026-09-23T20:19:28Z  OBSERVE  productcatalogservice  rejection=0.0000  low=306 high=0  state=ON
2026-09-23T20:19:28Z  OBSERVE  recommendationservice  rejection=0.0000  low=306 high=0  state=ON
2026-09-23T20:19:28Z  OBSERVE  shippingservice  rejection=0.0000  low=306 high=0  state=ON
2026-09-23T20:19:29Z  OBSERVE  adservice  rejection=0.0000  low=307 high=0  state=ON
2026-09-23T20:19:29Z  OBSERVE  cartservice  rejection=0.0000  low=307 high=0  state=ON
2026-09-23T20:19:29Z  OBSERVE  checkoutservice  rejection=0.0000  low=240 high=0  state=ON
2026-09-23T20:19:29Z  OBSERVE  currencyservice  rejection=0.0000  low=307 high=0  state=ON
2026-09-23T20:19:29Z  OBSERVE  emailservice  rejection=0.0000  low=242 high=0  state=ON
2026-09-23T20:19:29Z  OBSERVE  paymentservice  rejection=0.0000  low=307 high=0  state=ON
2026-09-23T20:19:29Z  OBSERVE  productcatalogservice  rejection=0.0000  low=307 high=0  state=ON
2026-09-23T20:19:29Z  OBSERVE  recommendationservice  rejection=0.0000  low=307 high=0  state=ON
2026-09-23T20:19:29Z  OBSERVE  shippingservice  rejection=0.0000  low=307 high=0  state=ON
2026-09-23T20:19:30Z  OBSERVE  adservice  rejection=0.0000  low=308 high=0  state=ON
2026-09-23T20:19:30Z  OBSERVE  cartservice  rejection=0.0000  low=308 high=0  state=ON
2026-09-23T20:19:30Z  OBSERVE  checkoutservice  rejection=0.0000  low=241 high=0  state=ON
2026-09-23T20:19:30Z  OBSERVE  currencyservice  rejection=0.0000  low=308 high=0  state=ON
2026-09-23T20:19:30Z  OBSERVE  emailservice  rejection=0.0000  low=243 high=0  state=ON
2026-09-23T20:19:30Z  OBSERVE  paymentservice  rejection=0.0000  low=308 high=0  state=ON
2026-09-23T20:19:30Z  OBSERVE  productcatalogservice  rejection=0.0000  low=308 high=0  state=ON
2026-09-23T20:19:30Z  OBSERVE  recommendationservice  rejection=0.0000  low=308 high=0  state=ON
2026-09-23T20:19:30Z  OBSERVE  shippingservice  rejection=0.0000  low=308 high=0  state=ON
2026-09-23T20:19:31Z  OBSERVE  adservice  rejection=0.0000  low=309 high=0  state=ON
2026-09-23T20:19:31Z  OBSERVE  cartservice  rejection=0.0000  low=309 high=0  state=ON
2026-09-23T20:19:31Z  OBSERVE  checkoutservice  rejection=0.0000  low=242 high=0  state=ON
2026-09-23T20:19:31Z  OBSERVE  currencyservice  rejection=0.0000  low=309 high=0  state=ON
2026-09-23T20:19:31Z  OBSERVE  emailservice  rejection=0.0000  low=244 high=0  state=ON
2026-09-23T20:19:31Z  OBSERVE  paymentservice  rejection=0.0000  low=309 high=0  state=ON
2026-09-23T20:19:31Z  OBSERVE  productcatalogservice  rejection=0.0000  low=309 high=0  state=ON
2026-09-23T20:19:31Z  OBSERVE  recommendationservice  rejection=0.0000  low=309 high=0  state=ON
2026-09-23T20:19:31Z  OBSERVE  shippingservice  rejection=0.0000  low=309 high=0  state=ON
2026-09-23T20:19:32Z  OBSERVE  adservice  rejection=0.0000  low=310 high=0  state=ON
2026-09-23T20:19:32Z  OBSERVE  cartservice  rejection=0.0000  low=310 high=0  state=ON
2026-09-23T20:19:32Z  OBSERVE  checkoutservice  rejection=0.0000  low=243 high=0  state=ON
2026-09-23T20:19:32Z  OBSERVE  currencyservice  rejection=0.0000  low=310 high=0  state=ON
2026-09-23T20:19:32Z  OBSERVE  emailservice  rejection=0.0000  low=245 high=0  state=ON
2026-09-23T20:19:32Z  OBSERVE  paymentservice  rejection=0.0000  low=310 high=0  state=ON
2026-09-23T20:19:32Z  OBSERVE  productcatalogservice  rejection=0.0000  low=310 high=0  state=ON
2026-09-23T20:19:32Z  OBSERVE  recommendationservice  rejection=0.0000  low=310 high=0  state=ON
2026-09-23T20:19:32Z  OBSERVE  shippingservice  rejection=0.0000  low=310 high=0  state=ON
2026-09-23T20:19:33Z  OBSERVE  adservice  rejection=0.0000  low=311 high=0  state=ON
2026-09-23T20:19:33Z  OBSERVE  cartservice  rejection=0.0000  low=311 high=0  state=ON
2026-09-23T20:19:33Z  OBSERVE  checkoutservice  rejection=0.0000  low=244 high=0  state=ON
2026-09-23T20:19:33Z  OBSERVE  currencyservice  rejection=0.0000  low=311 high=0  state=ON
2026-09-23T20:19:33Z  OBSERVE  emailservice  rejection=0.0000  low=246 high=0  state=ON
2026-09-23T20:19:33Z  OBSERVE  paymentservice  rejection=0.0000  low=311 high=0  state=ON
2026-09-23T20:19:33Z  OBSERVE  productcatalogservice  rejection=0.0000  low=311 high=0  state=ON
2026-09-23T20:19:33Z  OBSERVE  recommendationservice  rejection=0.0000  low=311 high=0  state=ON
2026-09-23T20:19:33Z  OBSERVE  shippingservice  rejection=0.0000  low=311 high=0  state=ON
2026-09-23T20:19:34Z  OBSERVE  adservice  rejection=0.0000  low=312 high=0  state=ON
2026-09-23T20:19:34Z  OBSERVE  cartservice  rejection=0.0000  low=312 high=0  state=ON
2026-09-23T20:19:34Z  OBSERVE  checkoutservice  rejection=0.0000  low=245 high=0  state=ON
2026-09-23T20:19:34Z  OBSERVE  currencyservice  rejection=0.0000  low=312 high=0  state=ON
2026-09-23T20:19:34Z  OBSERVE  emailservice  rejection=0.0000  low=247 high=0  state=ON
2026-09-23T20:19:34Z  OBSERVE  paymentservice  rejection=0.0000  low=312 high=0  state=ON
2026-09-23T20:19:34Z  OBSERVE  productcatalogservice  rejection=0.0000  low=312 high=0  state=ON
2026-09-23T20:19:34Z  OBSERVE  recommendationservice  rejection=0.0000  low=312 high=0  state=ON
2026-09-23T20:19:34Z  OBSERVE  shippingservice  rejection=0.0000  low=312 high=0  state=ON
2026-09-23T20:19:35Z  OBSERVE  adservice  rejection=0.0000  low=313 high=0  state=ON
2026-09-23T20:19:35Z  OBSERVE  cartservice  rejection=0.0000  low=313 high=0  state=ON
2026-09-23T20:19:35Z  OBSERVE  checkoutservice  rejection=0.0000  low=246 high=0  state=ON
2026-09-23T20:19:35Z  OBSERVE  currencyservice  rejection=0.0000  low=313 high=0  state=ON
2026-09-23T20:19:35Z  OBSERVE  emailservice  rejection=0.0000  low=248 high=0  state=ON
2026-09-23T20:19:35Z  OBSERVE  paymentservice  rejection=0.0000  low=313 high=0  state=ON
2026-09-23T20:19:35Z  OBSERVE  productcatalogservice  rejection=0.0000  low=313 high=0  state=ON
2026-09-23T20:19:35Z  OBSERVE  recommendationservice  rejection=0.0000  low=313 high=0  state=ON
2026-09-23T20:19:35Z  OBSERVE  shippingservice  rejection=0.0000  low=313 high=0  state=ON
2026-09-23T20:19:36Z  OBSERVE  adservice  rejection=0.0000  low=314 high=0  state=ON
2026-09-23T20:19:36Z  OBSERVE  cartservice  rejection=0.0000  low=314 high=0  state=ON
2026-09-23T20:19:36Z  OBSERVE  checkoutservice  rejection=0.0000  low=247 high=0  state=ON
2026-09-23T20:19:36Z  OBSERVE  currencyservice  rejection=0.0000  low=314 high=0  state=ON
2026-09-23T20:19:36Z  OBSERVE  emailservice  rejection=0.0000  low=249 high=0  state=ON
2026-09-23T20:19:36Z  OBSERVE  paymentservice  rejection=0.0000  low=314 high=0  state=ON
2026-09-23T20:19:36Z  OBSERVE  productcatalogservice  rejection=0.0000  low=314 high=0  state=ON
2026-09-23T20:19:36Z  OBSERVE  recommendationservice  rejection=0.0000  low=314 high=0  state=ON
2026-09-23T20:19:36Z  OBSERVE  shippingservice  rejection=0.0000  low=314 high=0  state=ON
2026-09-23T20:19:37Z  OBSERVE  adservice  rejection=0.0000  low=315 high=0  state=ON
2026-09-23T20:19:37Z  OBSERVE  cartservice  rejection=0.0000  low=315 high=0  state=ON
2026-09-23T20:19:37Z  OBSERVE  checkoutservice  rejection=0.0000  low=248 high=0  state=ON
2026-09-23T20:19:37Z  OBSERVE  currencyservice  rejection=0.0000  low=315 high=0  state=ON
2026-09-23T20:19:37Z  OBSERVE  emailservice  rejection=0.0000  low=250 high=0  state=ON
2026-09-23T20:19:37Z  OBSERVE  paymentservice  rejection=0.0000  low=315 high=0  state=ON
2026-09-23T20:19:37Z  OBSERVE  productcatalogservice  rejection=0.0000  low=315 high=0  state=ON
2026-09-23T20:19:37Z  OBSERVE  recommendationservice  rejection=0.0000  low=315 high=0  state=ON
2026-09-23T20:19:37Z  OBSERVE  shippingservice  rejection=0.0000  low=315 high=0  state=ON
2026-09-23T20:19:38Z  OBSERVE  adservice  rejection=0.0000  low=316 high=0  state=ON
2026-09-23T20:19:38Z  OBSERVE  cartservice  rejection=0.0000  low=316 high=0  state=ON
2026-09-23T20:19:38Z  OBSERVE  checkoutservice  rejection=0.0000  low=249 high=0  state=ON
2026-09-23T20:19:38Z  OBSERVE  currencyservice  rejection=0.0000  low=316 high=0  state=ON
2026-09-23T20:19:38Z  OBSERVE  emailservice  rejection=0.0000  low=251 high=0  state=ON
2026-09-23T20:19:38Z  OBSERVE  paymentservice  rejection=0.0000  low=316 high=0  state=ON
2026-09-23T20:19:38Z  OBSERVE  productcatalogservice  rejection=0.0000  low=316 high=0  state=ON
2026-09-23T20:19:38Z  OBSERVE  recommendationservice  rejection=0.0000  low=316 high=0  state=ON
2026-09-23T20:19:38Z  OBSERVE  shippingservice  rejection=0.0000  low=316 high=0  state=ON
2026-09-23T20:19:39Z  OBSERVE  adservice  rejection=0.0000  low=317 high=0  state=ON
2026-09-23T20:19:39Z  OBSERVE  cartservice  rejection=0.0000  low=317 high=0  state=ON
2026-09-23T20:19:39Z  OBSERVE  checkoutservice  rejection=0.0000  low=250 high=0  state=ON
2026-09-23T20:19:39Z  OBSERVE  currencyservice  rejection=0.0000  low=317 high=0  state=ON
2026-09-23T20:19:39Z  OBSERVE  emailservice  rejection=0.0000  low=252 high=0  state=ON
2026-09-23T20:19:39Z  OBSERVE  paymentservice  rejection=0.0000  low=317 high=0  state=ON
2026-09-23T20:19:39Z  OBSERVE  productcatalogservice  rejection=0.0000  low=317 high=0  state=ON
2026-09-23T20:19:39Z  OBSERVE  recommendationservice  rejection=0.0000  low=317 high=0  state=ON
2026-09-23T20:19:39Z  OBSERVE  shippingservice  rejection=0.0000  low=317 high=0  state=ON
2026-09-23T20:19:40Z  OBSERVE  adservice  rejection=0.0000  low=318 high=0  state=ON
2026-09-23T20:19:40Z  OBSERVE  cartservice  rejection=0.0000  low=318 high=0  state=ON
2026-09-23T20:19:40Z  OBSERVE  checkoutservice  rejection=0.0000  low=251 high=0  state=ON
2026-09-23T20:19:40Z  OBSERVE  currencyservice  rejection=0.0000  low=318 high=0  state=ON
2026-09-23T20:19:40Z  OBSERVE  emailservice  rejection=0.0000  low=253 high=0  state=ON
2026-09-23T20:19:40Z  OBSERVE  paymentservice  rejection=0.0000  low=318 high=0  state=ON
2026-09-23T20:19:40Z  OBSERVE  productcatalogservice  rejection=0.0000  low=318 high=0  state=ON
2026-09-23T20:19:40Z  OBSERVE  recommendationservice  rejection=0.0000  low=318 high=0  state=ON
2026-09-23T20:19:40Z  OBSERVE  shippingservice  rejection=0.0000  low=318 high=0  state=ON
2026-09-23T20:19:41Z  OBSERVE  adservice  rejection=0.0000  low=319 high=0  state=ON
2026-09-23T20:19:41Z  OBSERVE  cartservice  rejection=0.0000  low=319 high=0  state=ON
2026-09-23T20:19:41Z  OBSERVE  checkoutservice  rejection=0.0000  low=252 high=0  state=ON
2026-09-23T20:19:41Z  OBSERVE  currencyservice  rejection=0.0000  low=319 high=0  state=ON
2026-09-23T20:19:41Z  OBSERVE  emailservice  rejection=0.0000  low=254 high=0  state=ON
2026-09-23T20:19:41Z  OBSERVE  paymentservice  rejection=0.0000  low=319 high=0  state=ON
2026-09-23T20:19:41Z  OBSERVE  productcatalogservice  rejection=0.0000  low=319 high=0  state=ON
2026-09-23T20:19:41Z  OBSERVE  recommendationservice  rejection=0.0000  low=319 high=0  state=ON
2026-09-23T20:19:41Z  OBSERVE  shippingservice  rejection=0.0000  low=319 high=0  state=ON
2026-09-23T20:19:42Z  OBSERVE  adservice  rejection=0.0000  low=320 high=0  state=ON
2026-09-23T20:19:42Z  OBSERVE  cartservice  rejection=0.0000  low=320 high=0  state=ON
2026-09-23T20:19:42Z  OBSERVE  checkoutservice  rejection=0.0000  low=253 high=0  state=ON
2026-09-23T20:19:42Z  OBSERVE  currencyservice  rejection=0.0000  low=320 high=0  state=ON
2026-09-23T20:19:42Z  OBSERVE  emailservice  rejection=0.0000  low=255 high=0  state=ON
2026-09-23T20:19:42Z  OBSERVE  paymentservice  rejection=0.0000  low=320 high=0  state=ON
2026-09-23T20:19:42Z  OBSERVE  productcatalogservice  rejection=0.0000  low=320 high=0  state=ON
2026-09-23T20:19:42Z  OBSERVE  recommendationservice  rejection=0.0000  low=320 high=0  state=ON
2026-09-23T20:19:42Z  OBSERVE  shippingservice  rejection=0.0000  low=320 high=0  state=ON
2026-09-23T20:19:43Z  OBSERVE  adservice  rejection=0.0000  low=321 high=0  state=ON
2026-09-23T20:19:43Z  OBSERVE  cartservice  rejection=0.0000  low=321 high=0  state=ON
2026-09-23T20:19:43Z  OBSERVE  checkoutservice  rejection=0.0000  low=254 high=0  state=ON
2026-09-23T20:19:43Z  OBSERVE  currencyservice  rejection=0.0000  low=321 high=0  state=ON
2026-09-23T20:19:43Z  OBSERVE  emailservice  rejection=0.0000  low=256 high=0  state=ON
2026-09-23T20:19:43Z  OBSERVE  paymentservice  rejection=0.0000  low=321 high=0  state=ON
2026-09-23T20:19:43Z  OBSERVE  productcatalogservice  rejection=0.0000  low=321 high=0  state=ON
2026-09-23T20:19:43Z  OBSERVE  recommendationservice  rejection=0.0000  low=321 high=0  state=ON
2026-09-23T20:19:43Z  OBSERVE  shippingservice  rejection=0.0000  low=321 high=0  state=ON
2026-09-23T20:19:44Z  OBSERVE  adservice  rejection=0.0000  low=322 high=0  state=ON
2026-09-23T20:19:44Z  OBSERVE  cartservice  rejection=0.0000  low=322 high=0  state=ON
2026-09-23T20:19:44Z  OBSERVE  checkoutservice  rejection=0.0000  low=255 high=0  state=ON
2026-09-23T20:19:44Z  OBSERVE  currencyservice  rejection=0.0000  low=322 high=0  state=ON
2026-09-23T20:19:44Z  OBSERVE  emailservice  rejection=0.0000  low=257 high=0  state=ON
2026-09-23T20:19:44Z  OBSERVE  paymentservice  rejection=0.0000  low=322 high=0  state=ON
2026-09-23T20:19:44Z  OBSERVE  productcatalogservice  rejection=0.0000  low=322 high=0  state=ON
2026-09-23T20:19:44Z  OBSERVE  recommendationservice  rejection=0.0000  low=322 high=0  state=ON
2026-09-23T20:19:44Z  OBSERVE  shippingservice  rejection=0.0000  low=322 high=0  state=ON
2026-09-23T20:19:45Z  OBSERVE  adservice  rejection=0.0000  low=323 high=0  state=ON
2026-09-23T20:19:45Z  OBSERVE  cartservice  rejection=0.0000  low=323 high=0  state=ON
2026-09-23T20:19:45Z  OBSERVE  checkoutservice  rejection=0.0000  low=256 high=0  state=ON
2026-09-23T20:19:45Z  OBSERVE  currencyservice  rejection=0.0000  low=323 high=0  state=ON
2026-09-23T20:19:45Z  OBSERVE  emailservice  rejection=0.0000  low=258 high=0  state=ON
2026-09-23T20:19:45Z  OBSERVE  paymentservice  rejection=0.0000  low=323 high=0  state=ON
2026-09-23T20:19:45Z  OBSERVE  productcatalogservice  rejection=0.0000  low=323 high=0  state=ON
2026-09-23T20:19:45Z  OBSERVE  recommendationservice  rejection=0.0000  low=323 high=0  state=ON
2026-09-23T20:19:45Z  OBSERVE  shippingservice  rejection=0.0000  low=323 high=0  state=ON
2026-09-23T20:19:46Z  OBSERVE  adservice  rejection=0.0000  low=324 high=0  state=ON
2026-09-23T20:19:46Z  OBSERVE  cartservice  rejection=0.0000  low=324 high=0  state=ON
2026-09-23T20:19:46Z  OBSERVE  checkoutservice  rejection=0.0000  low=257 high=0  state=ON
2026-09-23T20:19:46Z  OBSERVE  currencyservice  rejection=0.0000  low=324 high=0  state=ON
2026-09-23T20:19:46Z  OBSERVE  emailservice  rejection=0.0000  low=259 high=0  state=ON
2026-09-23T20:19:46Z  OBSERVE  paymentservice  rejection=0.0000  low=324 high=0  state=ON
2026-09-23T20:19:46Z  OBSERVE  productcatalogservice  rejection=0.0000  low=324 high=0  state=ON
2026-09-23T20:19:46Z  OBSERVE  recommendationservice  rejection=0.0000  low=324 high=0  state=ON
2026-09-23T20:19:46Z  OBSERVE  shippingservice  rejection=0.0000  low=324 high=0  state=ON
2026-09-23T20:19:47Z  OBSERVE  adservice  rejection=0.0000  low=325 high=0  state=ON
2026-09-23T20:19:47Z  OBSERVE  cartservice  rejection=0.0000  low=325 high=0  state=ON
2026-09-23T20:19:47Z  OBSERVE  checkoutservice  rejection=0.0000  low=258 high=0  state=ON
2026-09-23T20:19:47Z  OBSERVE  currencyservice  rejection=0.0000  low=325 high=0  state=ON
2026-09-23T20:19:47Z  OBSERVE  emailservice  rejection=0.0000  low=260 high=0  state=ON
2026-09-23T20:19:47Z  OBSERVE  paymentservice  rejection=0.0000  low=325 high=0  state=ON
2026-09-23T20:19:47Z  OBSERVE  productcatalogservice  rejection=0.0000  low=325 high=0  state=ON
2026-09-23T20:19:47Z  OBSERVE  recommendationservice  rejection=0.0000  low=325 high=0  state=ON
2026-09-23T20:19:47Z  OBSERVE  shippingservice  rejection=0.0000  low=325 high=0  state=ON
2026-09-23T20:19:48Z  OBSERVE  adservice  rejection=0.0000  low=326 high=0  state=ON
2026-09-23T20:19:48Z  OBSERVE  cartservice  rejection=0.0000  low=326 high=0  state=ON
2026-09-23T20:19:48Z  OBSERVE  checkoutservice  rejection=0.0000  low=259 high=0  state=ON
2026-09-23T20:19:48Z  OBSERVE  currencyservice  rejection=0.0000  low=326 high=0  state=ON
2026-09-23T20:19:48Z  OBSERVE  emailservice  rejection=0.0000  low=261 high=0  state=ON
2026-09-23T20:19:48Z  OBSERVE  paymentservice  rejection=0.0000  low=326 high=0  state=ON
2026-09-23T20:19:48Z  OBSERVE  productcatalogservice  rejection=0.0000  low=326 high=0  state=ON
2026-09-23T20:19:48Z  OBSERVE  recommendationservice  rejection=0.0000  low=326 high=0  state=ON
2026-09-23T20:19:48Z  OBSERVE  shippingservice  rejection=0.0000  low=326 high=0  state=ON
2026-09-23T20:19:49Z  OBSERVE  adservice  rejection=0.0000  low=327 high=0  state=ON
2026-09-23T20:19:49Z  OBSERVE  cartservice  rejection=0.0000  low=327 high=0  state=ON
2026-09-23T20:19:49Z  OBSERVE  checkoutservice  rejection=0.0000  low=260 high=0  state=ON
2026-09-23T20:19:49Z  OBSERVE  currencyservice  rejection=0.0000  low=327 high=0  state=ON
2026-09-23T20:19:49Z  OBSERVE  emailservice  rejection=0.0000  low=262 high=0  state=ON
2026-09-23T20:19:49Z  OBSERVE  paymentservice  rejection=0.0000  low=327 high=0  state=ON
2026-09-23T20:19:49Z  OBSERVE  productcatalogservice  rejection=0.0000  low=327 high=0  state=ON
2026-09-23T20:19:49Z  OBSERVE  recommendationservice  rejection=0.0000  low=327 high=0  state=ON
2026-09-23T20:19:49Z  OBSERVE  shippingservice  rejection=0.0000  low=327 high=0  state=ON
2026-09-23T20:19:50Z  OBSERVE  adservice  rejection=0.0000  low=328 high=0  state=ON
2026-09-23T20:19:50Z  OBSERVE  cartservice  rejection=0.0000  low=328 high=0  state=ON
2026-09-23T20:19:50Z  OBSERVE  checkoutservice  rejection=0.0000  low=261 high=0  state=ON
2026-09-23T20:19:50Z  OBSERVE  currencyservice  rejection=0.0000  low=328 high=0  state=ON
2026-09-23T20:19:50Z  OBSERVE  emailservice  rejection=0.0000  low=263 high=0  state=ON
2026-09-23T20:19:50Z  OBSERVE  paymentservice  rejection=0.0000  low=328 high=0  state=ON
2026-09-23T20:19:50Z  OBSERVE  productcatalogservice  rejection=0.0000  low=328 high=0  state=ON
2026-09-23T20:19:50Z  OBSERVE  recommendationservice  rejection=0.0000  low=328 high=0  state=ON
2026-09-23T20:19:50Z  OBSERVE  shippingservice  rejection=0.0000  low=328 high=0  state=ON
2026-09-23T20:19:51Z  OBSERVE  adservice  rejection=0.0000  low=329 high=0  state=ON
2026-09-23T20:19:51Z  OBSERVE  cartservice  rejection=0.0000  low=329 high=0  state=ON
2026-09-23T20:19:51Z  OBSERVE  checkoutservice  rejection=0.0000  low=262 high=0  state=ON
2026-09-23T20:19:51Z  OBSERVE  currencyservice  rejection=0.0000  low=329 high=0  state=ON
2026-09-23T20:19:51Z  OBSERVE  emailservice  rejection=0.0000  low=264 high=0  state=ON
2026-09-23T20:19:51Z  OBSERVE  paymentservice  rejection=0.0000  low=329 high=0  state=ON
2026-09-23T20:19:51Z  OBSERVE  productcatalogservice  rejection=0.0000  low=329 high=0  state=ON
2026-09-23T20:19:51Z  OBSERVE  recommendationservice  rejection=0.0000  low=329 high=0  state=ON
2026-09-23T20:19:51Z  OBSERVE  shippingservice  rejection=0.0000  low=329 high=0  state=ON
2026-09-23T20:19:52Z  OBSERVE  adservice  rejection=0.0000  low=330 high=0  state=ON
2026-09-23T20:19:52Z  OBSERVE  cartservice  rejection=0.0000  low=330 high=0  state=ON
2026-09-23T20:19:52Z  OBSERVE  checkoutservice  rejection=0.0000  low=263 high=0  state=ON
2026-09-23T20:19:52Z  OBSERVE  currencyservice  rejection=0.0000  low=330 high=0  state=ON
2026-09-23T20:19:52Z  OBSERVE  emailservice  rejection=0.0000  low=265 high=0  state=ON
2026-09-23T20:19:52Z  OBSERVE  paymentservice  rejection=0.0000  low=330 high=0  state=ON
2026-09-23T20:19:52Z  OBSERVE  productcatalogservice  rejection=0.0000  low=330 high=0  state=ON
2026-09-23T20:19:52Z  OBSERVE  recommendationservice  rejection=0.0000  low=330 high=0  state=ON
2026-09-23T20:19:52Z  OBSERVE  shippingservice  rejection=0.0000  low=330 high=0  state=ON
2026-09-23T20:19:53Z  OBSERVE  adservice  rejection=0.0000  low=331 high=0  state=ON
2026-09-23T20:19:53Z  OBSERVE  cartservice  rejection=0.0000  low=331 high=0  state=ON
2026-09-23T20:19:53Z  OBSERVE  checkoutservice  rejection=0.0000  low=264 high=0  state=ON
2026-09-23T20:19:53Z  OBSERVE  currencyservice  rejection=0.0000  low=331 high=0  state=ON
2026-09-23T20:19:53Z  OBSERVE  emailservice  rejection=0.0000  low=266 high=0  state=ON
2026-09-23T20:19:53Z  OBSERVE  paymentservice  rejection=0.0000  low=331 high=0  state=ON
2026-09-23T20:19:53Z  OBSERVE  productcatalogservice  rejection=0.0000  low=331 high=0  state=ON
2026-09-23T20:19:53Z  OBSERVE  recommendationservice  rejection=0.0000  low=331 high=0  state=ON
2026-09-23T20:19:53Z  OBSERVE  shippingservice  rejection=0.0000  low=331 high=0  state=ON
2026-09-23T20:19:54Z  OBSERVE  adservice  rejection=0.0000  low=332 high=0  state=ON
2026-09-23T20:19:54Z  OBSERVE  cartservice  rejection=0.0000  low=332 high=0  state=ON
2026-09-23T20:19:54Z  OBSERVE  checkoutservice  rejection=0.0000  low=265 high=0  state=ON
2026-09-23T20:19:54Z  OBSERVE  currencyservice  rejection=0.0000  low=332 high=0  state=ON
2026-09-23T20:19:54Z  OBSERVE  emailservice  rejection=0.0000  low=267 high=0  state=ON
2026-09-23T20:19:54Z  OBSERVE  paymentservice  rejection=0.0000  low=332 high=0  state=ON
2026-09-23T20:19:54Z  OBSERVE  productcatalogservice  rejection=0.0000  low=332 high=0  state=ON
2026-09-23T20:19:54Z  OBSERVE  recommendationservice  rejection=0.0000  low=332 high=0  state=ON
2026-09-23T20:19:54Z  OBSERVE  shippingservice  rejection=0.0000  low=332 high=0  state=ON
2026-09-23T20:19:55Z  OBSERVE  adservice  rejection=0.0000  low=333 high=0  state=ON
2026-09-23T20:19:55Z  OBSERVE  cartservice  rejection=0.0000  low=333 high=0  state=ON
2026-09-23T20:19:55Z  OBSERVE  checkoutservice  rejection=0.0000  low=266 high=0  state=ON
2026-09-23T20:19:55Z  OBSERVE  currencyservice  rejection=0.0000  low=333 high=0  state=ON
2026-09-23T20:19:55Z  OBSERVE  emailservice  rejection=0.0000  low=268 high=0  state=ON
2026-09-23T20:19:55Z  OBSERVE  paymentservice  rejection=0.0000  low=333 high=0  state=ON
2026-09-23T20:19:55Z  OBSERVE  productcatalogservice  rejection=0.0000  low=333 high=0  state=ON
2026-09-23T20:19:55Z  OBSERVE  recommendationservice  rejection=0.0000  low=333 high=0  state=ON
2026-09-23T20:19:55Z  OBSERVE  shippingservice  rejection=0.0000  low=333 high=0  state=ON
2026-09-23T20:19:56Z  OBSERVE  adservice  rejection=0.0000  low=334 high=0  state=ON
2026-09-23T20:19:56Z  OBSERVE  cartservice  rejection=0.0000  low=334 high=0  state=ON
2026-09-23T20:19:56Z  OBSERVE  checkoutservice  rejection=0.0000  low=267 high=0  state=ON
2026-09-23T20:19:56Z  OBSERVE  currencyservice  rejection=0.0000  low=334 high=0  state=ON
2026-09-23T20:19:56Z  OBSERVE  emailservice  rejection=0.0000  low=269 high=0  state=ON
2026-09-23T20:19:56Z  OBSERVE  paymentservice  rejection=0.0000  low=334 high=0  state=ON
2026-09-23T20:19:56Z  OBSERVE  productcatalogservice  rejection=0.0000  low=334 high=0  state=ON
2026-09-23T20:19:56Z  OBSERVE  recommendationservice  rejection=0.0000  low=334 high=0  state=ON
2026-09-23T20:19:56Z  OBSERVE  shippingservice  rejection=0.0000  low=334 high=0  state=ON
2026-09-23T20:19:57Z  OBSERVE  adservice  rejection=0.0000  low=335 high=0  state=ON
2026-09-23T20:19:57Z  OBSERVE  cartservice  rejection=0.0000  low=335 high=0  state=ON
2026-09-23T20:19:57Z  OBSERVE  checkoutservice  rejection=0.0000  low=268 high=0  state=ON
2026-09-23T20:19:57Z  OBSERVE  currencyservice  rejection=0.0000  low=335 high=0  state=ON
2026-09-23T20:19:57Z  OBSERVE  emailservice  rejection=0.0000  low=270 high=0  state=ON
2026-09-23T20:19:57Z  OBSERVE  paymentservice  rejection=0.0000  low=335 high=0  state=ON
2026-09-23T20:19:57Z  OBSERVE  productcatalogservice  rejection=0.0000  low=335 high=0  state=ON
2026-09-23T20:19:57Z  OBSERVE  recommendationservice  rejection=0.0000  low=335 high=0  state=ON
2026-09-23T20:19:57Z  OBSERVE  shippingservice  rejection=0.0000  low=335 high=0  state=ON
2026-09-23T20:19:58Z  OBSERVE  adservice  rejection=0.0000  low=336 high=0  state=ON
2026-09-23T20:19:58Z  OBSERVE  cartservice  rejection=0.0000  low=336 high=0  state=ON
2026-09-23T20:19:58Z  OBSERVE  checkoutservice  rejection=0.0000  low=269 high=0  state=ON
2026-09-23T20:19:58Z  OBSERVE  currencyservice  rejection=0.0000  low=336 high=0  state=ON
2026-09-23T20:19:58Z  OBSERVE  emailservice  rejection=0.0000  low=271 high=0  state=ON
2026-09-23T20:19:58Z  OBSERVE  paymentservice  rejection=0.0000  low=336 high=0  state=ON
2026-09-23T20:19:58Z  OBSERVE  productcatalogservice  rejection=0.0000  low=336 high=0  state=ON
2026-09-23T20:19:58Z  OBSERVE  recommendationservice  rejection=0.0000  low=336 high=0  state=ON
2026-09-23T20:19:58Z  OBSERVE  shippingservice  rejection=0.0000  low=336 high=0  state=ON
2026-09-23T20:19:59Z  OBSERVE  adservice  rejection=0.0000  low=337 high=0  state=ON
2026-09-23T20:19:59Z  OBSERVE  cartservice  rejection=0.0000  low=337 high=0  state=ON
2026-09-23T20:19:59Z  OBSERVE  checkoutservice  rejection=0.0000  low=270 high=0  state=ON
2026-09-23T20:19:59Z  OBSERVE  currencyservice  rejection=0.0000  low=337 high=0  state=ON
2026-09-23T20:19:59Z  OBSERVE  emailservice  rejection=0.0000  low=272 high=0  state=ON
2026-09-23T20:19:59Z  OBSERVE  paymentservice  rejection=0.0000  low=337 high=0  state=ON
2026-09-23T20:19:59Z  OBSERVE  productcatalogservice  rejection=0.0000  low=337 high=0  state=ON
2026-09-23T20:19:59Z  OBSERVE  recommendationservice  rejection=0.0000  low=337 high=0  state=ON
2026-09-23T20:19:59Z  OBSERVE  shippingservice  rejection=0.0000  low=337 high=0  state=ON
2026-09-23T20:20:00Z  OBSERVE  adservice  rejection=0.0000  low=338 high=0  state=ON
2026-09-23T20:20:00Z  OBSERVE  cartservice  rejection=0.0000  low=338 high=0  state=ON
2026-09-23T20:20:00Z  OBSERVE  checkoutservice  rejection=0.0000  low=271 high=0  state=ON
2026-09-23T20:20:00Z  OBSERVE  currencyservice  rejection=0.0000  low=338 high=0  state=ON
2026-09-23T20:20:00Z  OBSERVE  emailservice  rejection=0.0000  low=273 high=0  state=ON
2026-09-23T20:20:00Z  OBSERVE  paymentservice  rejection=0.0000  low=338 high=0  state=ON
2026-09-23T20:20:00Z  OBSERVE  productcatalogservice  rejection=0.0000  low=338 high=0  state=ON
2026-09-23T20:20:00Z  OBSERVE  recommendationservice  rejection=0.0000  low=338 high=0  state=ON
2026-09-23T20:20:00Z  OBSERVE  shippingservice  rejection=0.0000  low=338 high=0  state=ON
2026-09-23T20:20:01Z  OBSERVE  adservice  rejection=0.0000  low=339 high=0  state=ON
2026-09-23T20:20:01Z  OBSERVE  cartservice  rejection=0.0000  low=339 high=0  state=ON
2026-09-23T20:20:01Z  OBSERVE  checkoutservice  rejection=0.0000  low=272 high=0  state=ON
2026-09-23T20:20:01Z  OBSERVE  currencyservice  rejection=0.0000  low=339 high=0  state=ON
2026-09-23T20:20:01Z  OBSERVE  emailservice  rejection=0.0000  low=274 high=0  state=ON
2026-09-23T20:20:01Z  OBSERVE  paymentservice  rejection=0.0000  low=339 high=0  state=ON
2026-09-23T20:20:01Z  OBSERVE  productcatalogservice  rejection=0.0000  low=339 high=0  state=ON
2026-09-23T20:20:01Z  OBSERVE  recommendationservice  rejection=0.0000  low=339 high=0  state=ON
2026-09-23T20:20:01Z  OBSERVE  shippingservice  rejection=0.0000  low=339 high=0  state=ON
2026-09-23T20:20:02Z  OBSERVE  adservice  rejection=0.0000  low=340 high=0  state=ON
2026-09-23T20:20:02Z  OBSERVE  cartservice  rejection=0.0000  low=340 high=0  state=ON
2026-09-23T20:20:02Z  OBSERVE  checkoutservice  rejection=0.0000  low=273 high=0  state=ON
2026-09-23T20:20:02Z  OBSERVE  currencyservice  rejection=0.0000  low=340 high=0  state=ON
2026-09-23T20:20:02Z  OBSERVE  emailservice  rejection=0.0000  low=275 high=0  state=ON
2026-09-23T20:20:02Z  OBSERVE  paymentservice  rejection=0.0000  low=340 high=0  state=ON
2026-09-23T20:20:02Z  OBSERVE  productcatalogservice  rejection=0.0000  low=340 high=0  state=ON
2026-09-23T20:20:02Z  OBSERVE  recommendationservice  rejection=0.0000  low=340 high=0  state=ON
2026-09-23T20:20:02Z  OBSERVE  shippingservice  rejection=0.0000  low=340 high=0  state=ON
2026-09-23T20:20:03Z  OBSERVE  adservice  rejection=0.0000  low=341 high=0  state=ON
2026-09-23T20:20:03Z  OBSERVE  cartservice  rejection=0.0000  low=341 high=0  state=ON
2026-09-23T20:20:03Z  OBSERVE  checkoutservice  rejection=0.0000  low=274 high=0  state=ON
2026-09-23T20:20:03Z  OBSERVE  currencyservice  rejection=0.0000  low=341 high=0  state=ON
2026-09-23T20:20:03Z  OBSERVE  emailservice  rejection=0.0000  low=276 high=0  state=ON
2026-09-23T20:20:03Z  OBSERVE  paymentservice  rejection=0.0000  low=341 high=0  state=ON
2026-09-23T20:20:03Z  OBSERVE  productcatalogservice  rejection=0.0000  low=341 high=0  state=ON
2026-09-23T20:20:03Z  OBSERVE  recommendationservice  rejection=0.0000  low=341 high=0  state=ON
2026-09-23T20:20:03Z  OBSERVE  shippingservice  rejection=0.0000  low=341 high=0  state=ON
2026-09-23T20:20:04Z  OBSERVE  adservice  rejection=0.0000  low=342 high=0  state=ON
2026-09-23T20:20:04Z  OBSERVE  cartservice  rejection=0.0000  low=342 high=0  state=ON
2026-09-23T20:20:04Z  OBSERVE  checkoutservice  rejection=0.0000  low=275 high=0  state=ON
2026-09-23T20:20:04Z  OBSERVE  currencyservice  rejection=0.0000  low=342 high=0  state=ON
2026-09-23T20:20:04Z  OBSERVE  emailservice  rejection=0.0000  low=277 high=0  state=ON
2026-09-23T20:20:04Z  OBSERVE  paymentservice  rejection=0.0000  low=342 high=0  state=ON
2026-09-23T20:20:04Z  OBSERVE  productcatalogservice  rejection=0.0000  low=342 high=0  state=ON
2026-09-23T20:20:04Z  OBSERVE  recommendationservice  rejection=0.0000  low=342 high=0  state=ON
2026-09-23T20:20:04Z  OBSERVE  shippingservice  rejection=0.0000  low=342 high=0  state=ON
2026-09-23T20:20:05Z  OBSERVE  adservice  rejection=0.0000  low=343 high=0  state=ON
2026-09-23T20:20:05Z  OBSERVE  cartservice  rejection=0.0000  low=343 high=0  state=ON
2026-09-23T20:20:05Z  OBSERVE  checkoutservice  rejection=0.0000  low=276 high=0  state=ON
2026-09-23T20:20:05Z  OBSERVE  currencyservice  rejection=0.0000  low=343 high=0  state=ON
2026-09-23T20:20:05Z  OBSERVE  emailservice  rejection=0.0000  low=278 high=0  state=ON
2026-09-23T20:20:05Z  OBSERVE  paymentservice  rejection=0.0000  low=343 high=0  state=ON
2026-09-23T20:20:05Z  OBSERVE  productcatalogservice  rejection=0.0000  low=343 high=0  state=ON
2026-09-23T20:20:05Z  OBSERVE  recommendationservice  rejection=0.0000  low=343 high=0  state=ON
2026-09-23T20:20:05Z  OBSERVE  shippingservice  rejection=0.0000  low=343 high=0  state=ON
2026-09-23T20:20:06Z  OBSERVE  adservice  rejection=0.0000  low=344 high=0  state=ON
2026-09-23T20:20:06Z  OBSERVE  cartservice  rejection=0.0000  low=344 high=0  state=ON
2026-09-23T20:20:06Z  OBSERVE  checkoutservice  rejection=0.0000  low=277 high=0  state=ON
2026-09-23T20:20:06Z  OBSERVE  currencyservice  rejection=0.0000  low=344 high=0  state=ON
2026-09-23T20:20:06Z  OBSERVE  emailservice  rejection=0.0000  low=279 high=0  state=ON
2026-09-23T20:20:06Z  OBSERVE  paymentservice  rejection=0.0000  low=344 high=0  state=ON
2026-09-23T20:20:06Z  OBSERVE  productcatalogservice  rejection=0.0000  low=344 high=0  state=ON
2026-09-23T20:20:06Z  OBSERVE  recommendationservice  rejection=0.0000  low=344 high=0  state=ON
2026-09-23T20:20:06Z  OBSERVE  shippingservice  rejection=0.0000  low=344 high=0  state=ON
2026-09-23T20:20:07Z  OBSERVE  adservice  rejection=0.0000  low=345 high=0  state=ON
2026-09-23T20:20:07Z  OBSERVE  cartservice  rejection=0.0000  low=345 high=0  state=ON
2026-09-23T20:20:07Z  OBSERVE  checkoutservice  rejection=0.0000  low=278 high=0  state=ON
2026-09-23T20:20:07Z  OBSERVE  currencyservice  rejection=0.0000  low=345 high=0  state=ON
2026-09-23T20:20:07Z  OBSERVE  emailservice  rejection=0.0000  low=280 high=0  state=ON
2026-09-23T20:20:07Z  OBSERVE  paymentservice  rejection=0.0000  low=345 high=0  state=ON
2026-09-23T20:20:07Z  OBSERVE  productcatalogservice  rejection=0.0000  low=345 high=0  state=ON
2026-09-23T20:20:07Z  OBSERVE  recommendationservice  rejection=0.0000  low=345 high=0  state=ON
2026-09-23T20:20:07Z  OBSERVE  shippingservice  rejection=0.0000  low=345 high=0  state=ON
2026-09-23T20:20:08Z  OBSERVE  adservice  rejection=0.0000  low=346 high=0  state=ON
2026-09-23T20:20:08Z  OBSERVE  cartservice  rejection=0.0000  low=346 high=0  state=ON
2026-09-23T20:20:08Z  OBSERVE  checkoutservice  rejection=0.0000  low=279 high=0  state=ON
2026-09-23T20:20:08Z  OBSERVE  currencyservice  rejection=0.0000  low=346 high=0  state=ON
2026-09-23T20:20:08Z  OBSERVE  emailservice  rejection=0.0000  low=281 high=0  state=ON
2026-09-23T20:20:08Z  OBSERVE  paymentservice  rejection=0.0000  low=346 high=0  state=ON
2026-09-23T20:20:08Z  OBSERVE  productcatalogservice  rejection=0.0000  low=346 high=0  state=ON
2026-09-23T20:20:08Z  OBSERVE  recommendationservice  rejection=0.0000  low=346 high=0  state=ON
2026-09-23T20:20:08Z  OBSERVE  shippingservice  rejection=0.0000  low=346 high=0  state=ON
2026-09-23T20:20:09Z  OBSERVE  adservice  rejection=0.0000  low=347 high=0  state=ON
2026-09-23T20:20:09Z  OBSERVE  cartservice  rejection=0.0000  low=347 high=0  state=ON
2026-09-23T20:20:09Z  OBSERVE  checkoutservice  rejection=0.0000  low=280 high=0  state=ON
2026-09-23T20:20:09Z  OBSERVE  currencyservice  rejection=0.0000  low=347 high=0  state=ON
2026-09-23T20:20:09Z  OBSERVE  emailservice  rejection=0.0000  low=282 high=0  state=ON
2026-09-23T20:20:09Z  OBSERVE  paymentservice  rejection=0.0000  low=347 high=0  state=ON
2026-09-23T20:20:09Z  OBSERVE  productcatalogservice  rejection=0.0000  low=347 high=0  state=ON
2026-09-23T20:20:09Z  OBSERVE  recommendationservice  rejection=0.0000  low=347 high=0  state=ON
2026-09-23T20:20:09Z  OBSERVE  shippingservice  rejection=0.0000  low=347 high=0  state=ON
2026-09-23T20:20:10Z  OBSERVE  adservice  rejection=0.0000  low=348 high=0  state=ON
2026-09-23T20:20:10Z  OBSERVE  cartservice  rejection=0.0000  low=348 high=0  state=ON
2026-09-23T20:20:10Z  OBSERVE  checkoutservice  rejection=0.0000  low=281 high=0  state=ON
2026-09-23T20:20:10Z  OBSERVE  currencyservice  rejection=0.0000  low=348 high=0  state=ON
2026-09-23T20:20:10Z  OBSERVE  emailservice  rejection=0.0000  low=283 high=0  state=ON
2026-09-23T20:20:10Z  OBSERVE  paymentservice  rejection=0.0000  low=348 high=0  state=ON
2026-09-23T20:20:10Z  OBSERVE  productcatalogservice  rejection=0.0000  low=348 high=0  state=ON
2026-09-23T20:20:10Z  OBSERVE  recommendationservice  rejection=0.0000  low=348 high=0  state=ON
2026-09-23T20:20:10Z  OBSERVE  shippingservice  rejection=0.0000  low=348 high=0  state=ON
2026-09-23T20:20:11Z  OBSERVE  adservice  rejection=0.0000  low=349 high=0  state=ON
2026-09-23T20:20:11Z  OBSERVE  cartservice  rejection=0.0000  low=349 high=0  state=ON
2026-09-23T20:20:11Z  OBSERVE  checkoutservice  rejection=0.0000  low=282 high=0  state=ON
2026-09-23T20:20:11Z  OBSERVE  currencyservice  rejection=0.0000  low=349 high=0  state=ON
2026-09-23T20:20:11Z  OBSERVE  emailservice  rejection=0.0000  low=284 high=0  state=ON
2026-09-23T20:20:11Z  OBSERVE  paymentservice  rejection=0.0000  low=349 high=0  state=ON
2026-09-23T20:20:11Z  OBSERVE  productcatalogservice  rejection=0.0000  low=349 high=0  state=ON
2026-09-23T20:20:11Z  OBSERVE  recommendationservice  rejection=0.0000  low=349 high=0  state=ON
2026-09-23T20:20:11Z  OBSERVE  shippingservice  rejection=0.0000  low=349 high=0  state=ON
2026-09-23T20:20:12Z  OBSERVE  adservice  rejection=0.0000  low=350 high=0  state=ON
2026-09-23T20:20:12Z  OBSERVE  cartservice  rejection=0.0000  low=350 high=0  state=ON
2026-09-23T20:20:12Z  OBSERVE  checkoutservice  rejection=0.0000  low=283 high=0  state=ON
2026-09-23T20:20:12Z  OBSERVE  currencyservice  rejection=0.0000  low=350 high=0  state=ON
2026-09-23T20:20:12Z  OBSERVE  emailservice  rejection=0.0000  low=285 high=0  state=ON
2026-09-23T20:20:12Z  OBSERVE  paymentservice  rejection=0.0000  low=350 high=0  state=ON
2026-09-23T20:20:12Z  OBSERVE  productcatalogservice  rejection=0.0000  low=350 high=0  state=ON
2026-09-23T20:20:12Z  OBSERVE  recommendationservice  rejection=0.0000  low=350 high=0  state=ON
2026-09-23T20:20:12Z  OBSERVE  shippingservice  rejection=0.0000  low=350 high=0  state=ON
2026-09-23T20:20:13Z  OBSERVE  adservice  rejection=0.0000  low=351 high=0  state=ON
2026-09-23T20:20:13Z  OBSERVE  cartservice  rejection=0.0000  low=351 high=0  state=ON
2026-09-23T20:20:13Z  OBSERVE  checkoutservice  rejection=0.0000  low=284 high=0  state=ON
2026-09-23T20:20:13Z  OBSERVE  currencyservice  rejection=0.0000  low=351 high=0  state=ON
2026-09-23T20:20:13Z  OBSERVE  emailservice  rejection=0.0000  low=286 high=0  state=ON
2026-09-23T20:20:13Z  OBSERVE  paymentservice  rejection=0.0000  low=351 high=0  state=ON
2026-09-23T20:20:13Z  OBSERVE  productcatalogservice  rejection=0.0000  low=351 high=0  state=ON
2026-09-23T20:20:13Z  OBSERVE  recommendationservice  rejection=0.0000  low=351 high=0  state=ON
2026-09-23T20:20:13Z  OBSERVE  shippingservice  rejection=0.0000  low=351 high=0  state=ON
2026-09-23T20:20:14Z  OBSERVE  adservice  rejection=0.0000  low=352 high=0  state=ON
2026-09-23T20:20:14Z  OBSERVE  cartservice  rejection=0.0000  low=352 high=0  state=ON
2026-09-23T20:20:14Z  OBSERVE  checkoutservice  rejection=0.0000  low=285 high=0  state=ON
2026-09-23T20:20:14Z  OBSERVE  currencyservice  rejection=0.0000  low=352 high=0  state=ON
2026-09-23T20:20:14Z  OBSERVE  emailservice  rejection=0.0000  low=287 high=0  state=ON
2026-09-23T20:20:14Z  OBSERVE  paymentservice  rejection=0.0000  low=352 high=0  state=ON
2026-09-23T20:20:14Z  OBSERVE  productcatalogservice  rejection=0.0000  low=352 high=0  state=ON
2026-09-23T20:20:14Z  OBSERVE  recommendationservice  rejection=0.0000  low=352 high=0  state=ON
2026-09-23T20:20:14Z  OBSERVE  shippingservice  rejection=0.0000  low=352 high=0  state=ON
2026-09-23T20:20:15Z  OBSERVE  adservice  rejection=0.0000  low=353 high=0  state=ON
2026-09-23T20:20:15Z  OBSERVE  cartservice  rejection=0.0000  low=353 high=0  state=ON
2026-09-23T20:20:15Z  OBSERVE  checkoutservice  rejection=0.0000  low=286 high=0  state=ON
2026-09-23T20:20:15Z  OBSERVE  currencyservice  rejection=0.0000  low=353 high=0  state=ON
2026-09-23T20:20:15Z  OBSERVE  emailservice  rejection=0.0000  low=288 high=0  state=ON
2026-09-23T20:20:15Z  OBSERVE  paymentservice  rejection=0.0000  low=353 high=0  state=ON
2026-09-23T20:20:15Z  OBSERVE  productcatalogservice  rejection=0.0000  low=353 high=0  state=ON
2026-09-23T20:20:15Z  OBSERVE  recommendationservice  rejection=0.0000  low=353 high=0  state=ON
2026-09-23T20:20:15Z  OBSERVE  shippingservice  rejection=0.0000  low=353 high=0  state=ON
2026-09-23T20:20:16Z  OBSERVE  adservice  rejection=0.0000  low=354 high=0  state=ON
2026-09-23T20:20:16Z  OBSERVE  cartservice  rejection=0.0000  low=354 high=0  state=ON
2026-09-23T20:20:16Z  OBSERVE  checkoutservice  rejection=0.0000  low=287 high=0  state=ON
2026-09-23T20:20:16Z  OBSERVE  currencyservice  rejection=0.0000  low=354 high=0  state=ON
2026-09-23T20:20:16Z  OBSERVE  emailservice  rejection=0.0000  low=289 high=0  state=ON
2026-09-23T20:20:16Z  OBSERVE  paymentservice  rejection=0.0000  low=354 high=0  state=ON
2026-09-23T20:20:16Z  OBSERVE  productcatalogservice  rejection=0.0000  low=354 high=0  state=ON
2026-09-23T20:20:16Z  OBSERVE  recommendationservice  rejection=0.0000  low=354 high=0  state=ON
2026-09-23T20:20:16Z  OBSERVE  shippingservice  rejection=0.0000  low=354 high=0  state=ON
2026-09-23T20:20:17Z  OBSERVE  adservice  rejection=0.0000  low=355 high=0  state=ON
2026-09-23T20:20:17Z  OBSERVE  cartservice  rejection=0.0000  low=355 high=0  state=ON
2026-09-23T20:20:17Z  OBSERVE  checkoutservice  rejection=0.0000  low=288 high=0  state=ON
2026-09-23T20:20:17Z  OBSERVE  currencyservice  rejection=0.0000  low=355 high=0  state=ON
2026-09-23T20:20:17Z  OBSERVE  emailservice  rejection=0.0000  low=290 high=0  state=ON
2026-09-23T20:20:17Z  OBSERVE  paymentservice  rejection=0.0000  low=355 high=0  state=ON
2026-09-23T20:20:17Z  OBSERVE  productcatalogservice  rejection=0.0000  low=355 high=0  state=ON
2026-09-23T20:20:17Z  OBSERVE  recommendationservice  rejection=0.0000  low=355 high=0  state=ON
2026-09-23T20:20:17Z  OBSERVE  shippingservice  rejection=0.0000  low=355 high=0  state=ON
2026-09-23T20:20:18Z  OBSERVE  adservice  rejection=0.0000  low=356 high=0  state=ON
2026-09-23T20:20:18Z  OBSERVE  cartservice  rejection=0.0000  low=356 high=0  state=ON
2026-09-23T20:20:18Z  OBSERVE  checkoutservice  rejection=0.0000  low=289 high=0  state=ON
2026-09-23T20:20:18Z  OBSERVE  currencyservice  rejection=0.0000  low=356 high=0  state=ON
2026-09-23T20:20:18Z  OBSERVE  emailservice  rejection=0.0000  low=291 high=0  state=ON
2026-09-23T20:20:18Z  OBSERVE  paymentservice  rejection=0.0000  low=356 high=0  state=ON
2026-09-23T20:20:18Z  OBSERVE  productcatalogservice  rejection=0.0000  low=356 high=0  state=ON
2026-09-23T20:20:18Z  OBSERVE  recommendationservice  rejection=0.0000  low=356 high=0  state=ON
2026-09-23T20:20:18Z  OBSERVE  shippingservice  rejection=0.0000  low=356 high=0  state=ON
2026-09-23T20:20:19Z  OBSERVE  adservice  rejection=0.0000  low=357 high=0  state=ON
2026-09-23T20:20:19Z  OBSERVE  cartservice  rejection=0.0000  low=357 high=0  state=ON
2026-09-23T20:20:19Z  OBSERVE  checkoutservice  rejection=0.0000  low=290 high=0  state=ON
2026-09-23T20:20:19Z  OBSERVE  currencyservice  rejection=0.0000  low=357 high=0  state=ON
2026-09-23T20:20:19Z  OBSERVE  emailservice  rejection=0.0000  low=292 high=0  state=ON
2026-09-23T20:20:19Z  OBSERVE  paymentservice  rejection=0.0000  low=357 high=0  state=ON
2026-09-23T20:20:19Z  OBSERVE  productcatalogservice  rejection=0.0000  low=357 high=0  state=ON
2026-09-23T20:20:19Z  OBSERVE  recommendationservice  rejection=0.0000  low=357 high=0  state=ON
2026-09-23T20:20:19Z  OBSERVE  shippingservice  rejection=0.0000  low=357 high=0  state=ON
2026-09-23T20:20:20Z  OBSERVE  adservice  rejection=0.0000  low=358 high=0  state=ON
2026-09-23T20:20:20Z  OBSERVE  cartservice  rejection=0.0000  low=358 high=0  state=ON
2026-09-23T20:20:20Z  OBSERVE  checkoutservice  rejection=0.0000  low=291 high=0  state=ON
2026-09-23T20:20:20Z  OBSERVE  currencyservice  rejection=0.0000  low=358 high=0  state=ON
2026-09-23T20:20:20Z  OBSERVE  emailservice  rejection=0.0000  low=293 high=0  state=ON
2026-09-23T20:20:20Z  OBSERVE  paymentservice  rejection=0.0000  low=358 high=0  state=ON
2026-09-23T20:20:20Z  OBSERVE  productcatalogservice  rejection=0.0000  low=358 high=0  state=ON
2026-09-23T20:20:20Z  OBSERVE  recommendationservice  rejection=0.0000  low=358 high=0  state=ON
2026-09-23T20:20:20Z  OBSERVE  shippingservice  rejection=0.0000  low=358 high=0  state=ON
2026-09-23T20:20:21Z  OBSERVE  adservice  rejection=0.0000  low=359 high=0  state=ON
2026-09-23T20:20:21Z  OBSERVE  cartservice  rejection=0.0000  low=359 high=0  state=ON
2026-09-23T20:20:21Z  OBSERVE  checkoutservice  rejection=0.0000  low=292 high=0  state=ON
2026-09-23T20:20:21Z  OBSERVE  currencyservice  rejection=0.0000  low=359 high=0  state=ON
2026-09-23T20:20:21Z  OBSERVE  emailservice  rejection=0.0000  low=294 high=0  state=ON
2026-09-23T20:20:21Z  OBSERVE  paymentservice  rejection=0.0000  low=359 high=0  state=ON
2026-09-23T20:20:21Z  OBSERVE  productcatalogservice  rejection=0.0000  low=359 high=0  state=ON
2026-09-23T20:20:21Z  OBSERVE  recommendationservice  rejection=0.0000  low=359 high=0  state=ON
2026-09-23T20:20:21Z  OBSERVE  shippingservice  rejection=0.0000  low=359 high=0  state=ON
2026-09-23T20:20:22Z  OBSERVE  adservice  rejection=0.0000  low=360 high=0  state=ON
2026-09-23T20:20:22Z  OBSERVE  cartservice  rejection=0.0000  low=360 high=0  state=ON
2026-09-23T20:20:22Z  OBSERVE  checkoutservice  rejection=0.0000  low=293 high=0  state=ON
2026-09-23T20:20:22Z  OBSERVE  currencyservice  rejection=0.0000  low=360 high=0  state=ON
2026-09-23T20:20:22Z  OBSERVE  emailservice  rejection=0.0000  low=295 high=0  state=ON
2026-09-23T20:20:22Z  OBSERVE  paymentservice  rejection=0.0000  low=360 high=0  state=ON
2026-09-23T20:20:22Z  OBSERVE  productcatalogservice  rejection=0.0000  low=360 high=0  state=ON
2026-09-23T20:20:22Z  OBSERVE  recommendationservice  rejection=0.0000  low=360 high=0  state=ON
2026-09-23T20:20:22Z  OBSERVE  shippingservice  rejection=0.0000  low=360 high=0  state=ON
2026-09-23T20:20:23Z  OBSERVE  adservice  rejection=0.0000  low=361 high=0  state=ON
2026-09-23T20:20:23Z  OBSERVE  cartservice  rejection=0.0000  low=361 high=0  state=ON
2026-09-23T20:20:23Z  OBSERVE  checkoutservice  rejection=0.0000  low=294 high=0  state=ON
2026-09-23T20:20:23Z  OBSERVE  currencyservice  rejection=0.0000  low=361 high=0  state=ON
2026-09-23T20:20:23Z  OBSERVE  emailservice  rejection=0.0000  low=296 high=0  state=ON
2026-09-23T20:20:23Z  OBSERVE  paymentservice  rejection=0.0000  low=361 high=0  state=ON
2026-09-23T20:20:23Z  OBSERVE  productcatalogservice  rejection=0.0000  low=361 high=0  state=ON
2026-09-23T20:20:23Z  OBSERVE  recommendationservice  rejection=0.0000  low=361 high=0  state=ON
2026-09-23T20:20:23Z  OBSERVE  shippingservice  rejection=0.0000  low=361 high=0  state=ON
2026-09-23T20:20:24Z  OBSERVE  adservice  rejection=0.0000  low=362 high=0  state=ON
2026-09-23T20:20:24Z  OBSERVE  cartservice  rejection=0.0000  low=362 high=0  state=ON
2026-09-23T20:20:24Z  OBSERVE  checkoutservice  rejection=0.0000  low=295 high=0  state=ON
2026-09-23T20:20:24Z  OBSERVE  currencyservice  rejection=0.0000  low=362 high=0  state=ON
2026-09-23T20:20:24Z  OBSERVE  emailservice  rejection=0.0000  low=297 high=0  state=ON
2026-09-23T20:20:24Z  OBSERVE  paymentservice  rejection=0.0000  low=362 high=0  state=ON
2026-09-23T20:20:24Z  OBSERVE  productcatalogservice  rejection=0.0000  low=362 high=0  state=ON
2026-09-23T20:20:24Z  OBSERVE  recommendationservice  rejection=0.0000  low=362 high=0  state=ON
2026-09-23T20:20:24Z  OBSERVE  shippingservice  rejection=0.0000  low=362 high=0  state=ON
2026-09-23T20:20:25Z  OBSERVE  adservice  rejection=0.0000  low=363 high=0  state=ON
2026-09-23T20:20:25Z  OBSERVE  cartservice  rejection=0.0000  low=363 high=0  state=ON
2026-09-23T20:20:25Z  OBSERVE  checkoutservice  rejection=0.0000  low=296 high=0  state=ON
2026-09-23T20:20:25Z  OBSERVE  currencyservice  rejection=0.0000  low=363 high=0  state=ON
2026-09-23T20:20:25Z  OBSERVE  emailservice  rejection=0.0000  low=298 high=0  state=ON
2026-09-23T20:20:25Z  OBSERVE  paymentservice  rejection=0.0000  low=363 high=0  state=ON
2026-09-23T20:20:25Z  OBSERVE  productcatalogservice  rejection=0.0000  low=363 high=0  state=ON
2026-09-23T20:20:25Z  OBSERVE  recommendationservice  rejection=0.0000  low=363 high=0  state=ON
2026-09-23T20:20:25Z  OBSERVE  shippingservice  rejection=0.0000  low=363 high=0  state=ON
2026-09-23T20:20:26Z  OBSERVE  adservice  rejection=0.0000  low=364 high=0  state=ON
2026-09-23T20:20:26Z  OBSERVE  cartservice  rejection=0.0000  low=364 high=0  state=ON
2026-09-23T20:20:26Z  OBSERVE  checkoutservice  rejection=0.0000  low=297 high=0  state=ON
2026-09-23T20:20:26Z  OBSERVE  currencyservice  rejection=0.0000  low=364 high=0  state=ON
2026-09-23T20:20:26Z  OBSERVE  emailservice  rejection=0.0000  low=299 high=0  state=ON
2026-09-23T20:20:26Z  OBSERVE  paymentservice  rejection=0.0000  low=364 high=0  state=ON
2026-09-23T20:20:26Z  OBSERVE  productcatalogservice  rejection=0.0000  low=364 high=0  state=ON
2026-09-23T20:20:26Z  OBSERVE  recommendationservice  rejection=0.0000  low=364 high=0  state=ON
2026-09-23T20:20:26Z  OBSERVE  shippingservice  rejection=0.0000  low=364 high=0  state=ON
2026-09-23T20:20:27Z  OBSERVE  adservice  rejection=0.0000  low=365 high=0  state=ON
2026-09-23T20:20:27Z  OBSERVE  cartservice  rejection=0.0000  low=365 high=0  state=ON
2026-09-23T20:20:27Z  OBSERVE  checkoutservice  rejection=0.0000  low=298 high=0  state=ON
2026-09-23T20:20:27Z  OBSERVE  currencyservice  rejection=0.0000  low=365 high=0  state=ON
2026-09-23T20:20:27Z  OBSERVE  emailservice  rejection=0.0000  low=300 high=0  state=ON
2026-09-23T20:20:27Z  OBSERVE  paymentservice  rejection=0.0000  low=365 high=0  state=ON
2026-09-23T20:20:27Z  OBSERVE  productcatalogservice  rejection=0.0000  low=365 high=0  state=ON
2026-09-23T20:20:27Z  OBSERVE  recommendationservice  rejection=0.0000  low=365 high=0  state=ON
2026-09-23T20:20:27Z  OBSERVE  shippingservice  rejection=0.0000  low=365 high=0  state=ON
2026-09-23T20:20:28Z  OBSERVE  adservice  rejection=0.0000  low=366 high=0  state=ON
2026-09-23T20:20:28Z  OBSERVE  cartservice  rejection=0.0000  low=366 high=0  state=ON
2026-09-23T20:20:28Z  OBSERVE  checkoutservice  rejection=0.0000  low=299 high=0  state=ON
2026-09-23T20:20:28Z  OBSERVE  currencyservice  rejection=0.0000  low=366 high=0  state=ON
2026-09-23T20:20:28Z  OBSERVE  emailservice  rejection=0.0000  low=301 high=0  state=ON
2026-09-23T20:20:28Z  OBSERVE  paymentservice  rejection=0.0000  low=366 high=0  state=ON
2026-09-23T20:20:28Z  OBSERVE  productcatalogservice  rejection=0.0000  low=366 high=0  state=ON
2026-09-23T20:20:28Z  OBSERVE  recommendationservice  rejection=0.0000  low=366 high=0  state=ON
2026-09-23T20:20:28Z  OBSERVE  shippingservice  rejection=0.0000  low=366 high=0  state=ON
2026-09-23T20:20:29Z  OBSERVE  adservice  rejection=0.0000  low=367 high=0  state=ON
2026-09-23T20:20:29Z  OBSERVE  cartservice  rejection=0.0000  low=367 high=0  state=ON
2026-09-23T20:20:29Z  OBSERVE  checkoutservice  rejection=0.0000  low=300 high=0  state=ON
2026-09-23T20:20:29Z  OBSERVE  currencyservice  rejection=0.0000  low=367 high=0  state=ON
2026-09-23T20:20:29Z  OBSERVE  emailservice  rejection=0.0000  low=302 high=0  state=ON
2026-09-23T20:20:29Z  OBSERVE  paymentservice  rejection=0.0000  low=367 high=0  state=ON
2026-09-23T20:20:29Z  OBSERVE  productcatalogservice  rejection=0.0000  low=367 high=0  state=ON
2026-09-23T20:20:29Z  OBSERVE  recommendationservice  rejection=0.0000  low=367 high=0  state=ON
2026-09-23T20:20:29Z  OBSERVE  shippingservice  rejection=0.0000  low=367 high=0  state=ON
2026-09-23T20:20:30Z  OBSERVE  adservice  rejection=0.0000  low=368 high=0  state=ON
2026-09-23T20:20:30Z  OBSERVE  cartservice  rejection=0.0000  low=368 high=0  state=ON
2026-09-23T20:20:30Z  OBSERVE  checkoutservice  rejection=0.0000  low=301 high=0  state=ON
2026-09-23T20:20:30Z  OBSERVE  currencyservice  rejection=0.0000  low=368 high=0  state=ON
2026-09-23T20:20:30Z  OBSERVE  emailservice  rejection=0.0000  low=303 high=0  state=ON
2026-09-23T20:20:30Z  OBSERVE  paymentservice  rejection=0.0000  low=368 high=0  state=ON
2026-09-23T20:20:30Z  OBSERVE  productcatalogservice  rejection=0.0000  low=368 high=0  state=ON
2026-09-23T20:20:30Z  OBSERVE  recommendationservice  rejection=0.0000  low=368 high=0  state=ON
2026-09-23T20:20:30Z  OBSERVE  shippingservice  rejection=0.0000  low=368 high=0  state=ON
2026-09-23T20:20:31Z  OBSERVE  adservice  rejection=0.0000  low=369 high=0  state=ON
2026-09-23T20:20:31Z  OBSERVE  cartservice  rejection=0.0000  low=369 high=0  state=ON
2026-09-23T20:20:31Z  OBSERVE  checkoutservice  rejection=0.0000  low=302 high=0  state=ON
2026-09-23T20:20:31Z  OBSERVE  currencyservice  rejection=0.0000  low=369 high=0  state=ON
2026-09-23T20:20:31Z  OBSERVE  emailservice  rejection=0.0000  low=304 high=0  state=ON
2026-09-23T20:20:31Z  OBSERVE  paymentservice  rejection=0.0000  low=369 high=0  state=ON
2026-09-23T20:20:31Z  OBSERVE  productcatalogservice  rejection=0.0000  low=369 high=0  state=ON
2026-09-23T20:20:31Z  OBSERVE  recommendationservice  rejection=0.0000  low=369 high=0  state=ON
2026-09-23T20:20:31Z  OBSERVE  shippingservice  rejection=0.0000  low=369 high=0  state=ON
2026-09-23T20:20:32Z  OBSERVE  adservice  rejection=0.0000  low=370 high=0  state=ON
2026-09-23T20:20:32Z  OBSERVE  cartservice  rejection=0.0000  low=370 high=0  state=ON
2026-09-23T20:20:32Z  OBSERVE  checkoutservice  rejection=0.0000  low=303 high=0  state=ON
2026-09-23T20:20:32Z  OBSERVE  currencyservice  rejection=0.0000  low=370 high=0  state=ON
2026-09-23T20:20:32Z  OBSERVE  emailservice  rejection=0.0000  low=305 high=0  state=ON
2026-09-23T20:20:32Z  OBSERVE  paymentservice  rejection=0.0000  low=370 high=0  state=ON
2026-09-23T20:20:32Z  OBSERVE  productcatalogservice  rejection=0.0000  low=370 high=0  state=ON
2026-09-23T20:20:32Z  OBSERVE  recommendationservice  rejection=0.0000  low=370 high=0  state=ON
2026-09-23T20:20:32Z  OBSERVE  shippingservice  rejection=0.0000  low=370 high=0  state=ON
2026-09-23T20:20:33Z  OBSERVE  adservice  rejection=0.0000  low=371 high=0  state=ON
2026-09-23T20:20:33Z  OBSERVE  cartservice  rejection=0.0000  low=371 high=0  state=ON
2026-09-23T20:20:33Z  OBSERVE  checkoutservice  rejection=0.0000  low=304 high=0  state=ON
2026-09-23T20:20:33Z  OBSERVE  currencyservice  rejection=0.0000  low=371 high=0  state=ON
2026-09-23T20:20:33Z  OBSERVE  emailservice  rejection=0.0000  low=306 high=0  state=ON
2026-09-23T20:20:33Z  OBSERVE  paymentservice  rejection=0.0000  low=371 high=0  state=ON
2026-09-23T20:20:33Z  OBSERVE  productcatalogservice  rejection=0.0000  low=371 high=0  state=ON
2026-09-23T20:20:33Z  OBSERVE  recommendationservice  rejection=0.0000  low=371 high=0  state=ON
2026-09-23T20:20:33Z  OBSERVE  shippingservice  rejection=0.0000  low=371 high=0  state=ON
2026-09-23T20:20:34Z  OBSERVE  adservice  rejection=0.0000  low=372 high=0  state=ON
2026-09-23T20:20:34Z  OBSERVE  cartservice  rejection=0.0000  low=372 high=0  state=ON
2026-09-23T20:20:34Z  OBSERVE  checkoutservice  rejection=0.0000  low=305 high=0  state=ON
2026-09-23T20:20:34Z  OBSERVE  currencyservice  rejection=0.0000  low=372 high=0  state=ON
2026-09-23T20:20:34Z  OBSERVE  emailservice  rejection=0.0000  low=307 high=0  state=ON
2026-09-23T20:20:34Z  OBSERVE  paymentservice  rejection=0.0000  low=372 high=0  state=ON
2026-09-23T20:20:34Z  OBSERVE  productcatalogservice  rejection=0.0000  low=372 high=0  state=ON
2026-09-23T20:20:34Z  OBSERVE  recommendationservice  rejection=0.0000  low=372 high=0  state=ON
2026-09-23T20:20:34Z  OBSERVE  shippingservice  rejection=0.0000  low=372 high=0  state=ON
2026-09-23T20:20:35Z  OBSERVE  adservice  rejection=0.0000  low=373 high=0  state=ON
2026-09-23T20:20:35Z  OBSERVE  cartservice  rejection=0.0000  low=373 high=0  state=ON
2026-09-23T20:20:35Z  OBSERVE  checkoutservice  rejection=0.0000  low=306 high=0  state=ON
2026-09-23T20:20:35Z  OBSERVE  currencyservice  rejection=0.0000  low=373 high=0  state=ON
2026-09-23T20:20:35Z  OBSERVE  emailservice  rejection=0.0000  low=308 high=0  state=ON
2026-09-23T20:20:35Z  OBSERVE  paymentservice  rejection=0.0000  low=373 high=0  state=ON
2026-09-23T20:20:35Z  OBSERVE  productcatalogservice  rejection=0.0000  low=373 high=0  state=ON
2026-09-23T20:20:35Z  OBSERVE  recommendationservice  rejection=0.0000  low=373 high=0  state=ON
2026-09-23T20:20:35Z  OBSERVE  shippingservice  rejection=0.0000  low=373 high=0  state=ON
2026-09-23T20:20:36Z  OBSERVE  adservice  rejection=0.0000  low=374 high=0  state=ON
2026-09-23T20:20:36Z  OBSERVE  cartservice  rejection=0.0000  low=374 high=0  state=ON
2026-09-23T20:20:36Z  OBSERVE  checkoutservice  rejection=0.0000  low=307 high=0  state=ON
2026-09-23T20:20:36Z  OBSERVE  currencyservice  rejection=0.0000  low=374 high=0  state=ON
2026-09-23T20:20:36Z  OBSERVE  emailservice  rejection=0.0000  low=309 high=0  state=ON
2026-09-23T20:20:36Z  OBSERVE  paymentservice  rejection=0.0000  low=374 high=0  state=ON
2026-09-23T20:20:36Z  OBSERVE  productcatalogservice  rejection=0.0000  low=374 high=0  state=ON
2026-09-23T20:20:36Z  OBSERVE  recommendationservice  rejection=0.0000  low=374 high=0  state=ON
2026-09-23T20:20:36Z  OBSERVE  shippingservice  rejection=0.0000  low=374 high=0  state=ON
2026-09-23T20:20:37Z  OBSERVE  adservice  rejection=0.0000  low=375 high=0  state=ON
2026-09-23T20:20:37Z  OBSERVE  cartservice  rejection=0.0000  low=375 high=0  state=ON
2026-09-23T20:20:37Z  OBSERVE  checkoutservice  rejection=0.0000  low=308 high=0  state=ON
2026-09-23T20:20:37Z  OBSERVE  currencyservice  rejection=0.0000  low=375 high=0  state=ON
2026-09-23T20:20:37Z  OBSERVE  emailservice  rejection=0.0000  low=310 high=0  state=ON
2026-09-23T20:20:37Z  OBSERVE  paymentservice  rejection=0.0000  low=375 high=0  state=ON
2026-09-23T20:20:37Z  OBSERVE  productcatalogservice  rejection=0.0000  low=375 high=0  state=ON
2026-09-23T20:20:37Z  OBSERVE  recommendationservice  rejection=0.0000  low=375 high=0  state=ON
2026-09-23T20:20:37Z  OBSERVE  shippingservice  rejection=0.0000  low=375 high=0  state=ON
2026-09-23T20:20:38Z  OBSERVE  adservice  rejection=0.0000  low=376 high=0  state=ON
2026-09-23T20:20:38Z  OBSERVE  cartservice  rejection=0.0000  low=376 high=0  state=ON
2026-09-23T20:20:38Z  OBSERVE  checkoutservice  rejection=0.0000  low=309 high=0  state=ON
2026-09-23T20:20:38Z  OBSERVE  currencyservice  rejection=0.0000  low=376 high=0  state=ON
2026-09-23T20:20:38Z  OBSERVE  emailservice  rejection=0.0000  low=311 high=0  state=ON
2026-09-23T20:20:38Z  OBSERVE  paymentservice  rejection=0.0000  low=376 high=0  state=ON
2026-09-23T20:20:38Z  OBSERVE  productcatalogservice  rejection=0.0000  low=376 high=0  state=ON
2026-09-23T20:20:38Z  OBSERVE  recommendationservice  rejection=0.0000  low=376 high=0  state=ON
2026-09-23T20:20:38Z  OBSERVE  shippingservice  rejection=0.0000  low=376 high=0  state=ON
2026-09-23T20:20:39Z  OBSERVE  adservice  rejection=0.0000  low=377 high=0  state=ON
2026-09-23T20:20:39Z  OBSERVE  cartservice  rejection=0.0000  low=377 high=0  state=ON
2026-09-23T20:20:39Z  OBSERVE  checkoutservice  rejection=0.0000  low=310 high=0  state=ON
2026-09-23T20:20:39Z  OBSERVE  currencyservice  rejection=0.0000  low=377 high=0  state=ON
2026-09-23T20:20:39Z  OBSERVE  emailservice  rejection=0.0000  low=312 high=0  state=ON
2026-09-23T20:20:39Z  OBSERVE  paymentservice  rejection=0.0000  low=377 high=0  state=ON
2026-09-23T20:20:39Z  OBSERVE  productcatalogservice  rejection=0.0000  low=377 high=0  state=ON
2026-09-23T20:20:39Z  OBSERVE  recommendationservice  rejection=0.0000  low=377 high=0  state=ON
2026-09-23T20:20:39Z  OBSERVE  shippingservice  rejection=0.0000  low=377 high=0  state=ON
2026-09-23T20:20:40Z  OBSERVE  adservice  rejection=0.0000  low=378 high=0  state=ON
2026-09-23T20:20:40Z  OBSERVE  cartservice  rejection=0.0000  low=378 high=0  state=ON
2026-09-23T20:20:40Z  OBSERVE  checkoutservice  rejection=0.0000  low=311 high=0  state=ON
2026-09-23T20:20:40Z  OBSERVE  currencyservice  rejection=0.0000  low=378 high=0  state=ON
2026-09-23T20:20:40Z  OBSERVE  emailservice  rejection=0.0000  low=313 high=0  state=ON
2026-09-23T20:20:40Z  OBSERVE  paymentservice  rejection=0.0000  low=378 high=0  state=ON
2026-09-23T20:20:40Z  OBSERVE  productcatalogservice  rejection=0.0000  low=378 high=0  state=ON
2026-09-23T20:20:40Z  OBSERVE  recommendationservice  rejection=0.0000  low=378 high=0  state=ON
2026-09-23T20:20:40Z  OBSERVE  shippingservice  rejection=0.0000  low=378 high=0  state=ON
2026-09-23T20:20:41Z  OBSERVE  adservice  rejection=0.0000  low=379 high=0  state=ON
2026-09-23T20:20:41Z  OBSERVE  cartservice  rejection=0.0000  low=379 high=0  state=ON
2026-09-23T20:20:41Z  OBSERVE  checkoutservice  rejection=0.0000  low=312 high=0  state=ON
2026-09-23T20:20:41Z  OBSERVE  currencyservice  rejection=0.0000  low=379 high=0  state=ON
2026-09-23T20:20:41Z  OBSERVE  emailservice  rejection=0.0000  low=314 high=0  state=ON
2026-09-23T20:20:41Z  OBSERVE  paymentservice  rejection=0.0000  low=379 high=0  state=ON
2026-09-23T20:20:41Z  OBSERVE  productcatalogservice  rejection=0.0000  low=379 high=0  state=ON
2026-09-23T20:20:41Z  OBSERVE  recommendationservice  rejection=0.0000  low=379 high=0  state=ON
2026-09-23T20:20:41Z  OBSERVE  shippingservice  rejection=0.0000  low=379 high=0  state=ON
2026-09-23T20:20:42Z  OBSERVE  adservice  rejection=0.0000  low=380 high=0  state=ON
2026-09-23T20:20:42Z  OBSERVE  cartservice  rejection=0.0000  low=380 high=0  state=ON
2026-09-23T20:20:42Z  OBSERVE  checkoutservice  rejection=0.0000  low=313 high=0  state=ON
2026-09-23T20:20:42Z  OBSERVE  currencyservice  rejection=0.0000  low=380 high=0  state=ON
2026-09-23T20:20:42Z  OBSERVE  emailservice  rejection=0.0000  low=315 high=0  state=ON
2026-09-23T20:20:42Z  OBSERVE  paymentservice  rejection=0.0000  low=380 high=0  state=ON
2026-09-23T20:20:42Z  OBSERVE  productcatalogservice  rejection=0.0000  low=380 high=0  state=ON
2026-09-23T20:20:42Z  OBSERVE  recommendationservice  rejection=0.0000  low=380 high=0  state=ON
2026-09-23T20:20:42Z  OBSERVE  shippingservice  rejection=0.0000  low=380 high=0  state=ON
2026-09-23T20:20:43Z  OBSERVE  adservice  rejection=0.0000  low=381 high=0  state=ON
2026-09-23T20:20:43Z  OBSERVE  cartservice  rejection=0.0000  low=381 high=0  state=ON
2026-09-23T20:20:43Z  OBSERVE  checkoutservice  rejection=0.0000  low=314 high=0  state=ON
2026-09-23T20:20:43Z  OBSERVE  currencyservice  rejection=0.0000  low=381 high=0  state=ON
2026-09-23T20:20:43Z  OBSERVE  emailservice  rejection=0.0000  low=316 high=0  state=ON
2026-09-23T20:20:43Z  OBSERVE  paymentservice  rejection=0.0000  low=381 high=0  state=ON
2026-09-23T20:20:43Z  OBSERVE  productcatalogservice  rejection=0.0000  low=381 high=0  state=ON
2026-09-23T20:20:43Z  OBSERVE  recommendationservice  rejection=0.0000  low=381 high=0  state=ON
2026-09-23T20:20:43Z  OBSERVE  shippingservice  rejection=0.0000  low=381 high=0  state=ON
2026-09-23T20:20:44Z  OBSERVE  adservice  rejection=0.0000  low=382 high=0  state=ON
2026-09-23T20:20:44Z  OBSERVE  cartservice  rejection=0.0000  low=382 high=0  state=ON
2026-09-23T20:20:44Z  OBSERVE  checkoutservice  rejection=0.0000  low=315 high=0  state=ON
2026-09-23T20:20:44Z  OBSERVE  currencyservice  rejection=0.0000  low=382 high=0  state=ON
2026-09-23T20:20:44Z  OBSERVE  emailservice  rejection=0.0000  low=317 high=0  state=ON
2026-09-23T20:20:44Z  OBSERVE  paymentservice  rejection=0.0000  low=382 high=0  state=ON
2026-09-23T20:20:44Z  OBSERVE  productcatalogservice  rejection=0.0000  low=382 high=0  state=ON
2026-09-23T20:20:44Z  OBSERVE  recommendationservice  rejection=0.0000  low=382 high=0  state=ON
2026-09-23T20:20:44Z  OBSERVE  shippingservice  rejection=0.0000  low=382 high=0  state=ON
2026-09-23T20:20:45Z  OBSERVE  adservice  rejection=0.0000  low=383 high=0  state=ON
2026-09-23T20:20:45Z  OBSERVE  cartservice  rejection=0.0000  low=383 high=0  state=ON
2026-09-23T20:20:45Z  OBSERVE  checkoutservice  rejection=0.0000  low=316 high=0  state=ON
2026-09-23T20:20:45Z  OBSERVE  currencyservice  rejection=0.0000  low=383 high=0  state=ON
2026-09-23T20:20:45Z  OBSERVE  emailservice  rejection=0.0000  low=318 high=0  state=ON
2026-09-23T20:20:45Z  OBSERVE  paymentservice  rejection=0.0000  low=383 high=0  state=ON
2026-09-23T20:20:45Z  OBSERVE  productcatalogservice  rejection=0.0000  low=383 high=0  state=ON
2026-09-23T20:20:45Z  OBSERVE  recommendationservice  rejection=0.0000  low=383 high=0  state=ON
2026-09-23T20:20:45Z  OBSERVE  shippingservice  rejection=0.0000  low=383 high=0  state=ON
2026-09-23T20:20:46Z  OBSERVE  adservice  rejection=0.0000  low=384 high=0  state=ON
2026-09-23T20:20:46Z  OBSERVE  cartservice  rejection=0.0000  low=384 high=0  state=ON
2026-09-23T20:20:46Z  OBSERVE  checkoutservice  rejection=0.0000  low=317 high=0  state=ON
2026-09-23T20:20:46Z  OBSERVE  currencyservice  rejection=0.0000  low=384 high=0  state=ON
2026-09-23T20:20:46Z  OBSERVE  emailservice  rejection=0.0000  low=319 high=0  state=ON
2026-09-23T20:20:46Z  OBSERVE  paymentservice  rejection=0.0000  low=384 high=0  state=ON
2026-09-23T20:20:46Z  OBSERVE  productcatalogservice  rejection=0.0000  low=384 high=0  state=ON
2026-09-23T20:20:46Z  OBSERVE  recommendationservice  rejection=0.0000  low=384 high=0  state=ON
2026-09-23T20:20:46Z  OBSERVE  shippingservice  rejection=0.0000  low=384 high=0  state=ON
2026-09-23T20:20:47Z  OBSERVE  adservice  rejection=0.0000  low=385 high=0  state=ON
2026-09-23T20:20:47Z  OBSERVE  cartservice  rejection=0.0000  low=385 high=0  state=ON
2026-09-23T20:20:47Z  OBSERVE  checkoutservice  rejection=0.0000  low=318 high=0  state=ON
2026-09-23T20:20:47Z  OBSERVE  currencyservice  rejection=0.0000  low=385 high=0  state=ON
2026-09-23T20:20:47Z  OBSERVE  emailservice  rejection=0.0000  low=320 high=0  state=ON
2026-09-23T20:20:47Z  OBSERVE  paymentservice  rejection=0.0000  low=385 high=0  state=ON
2026-09-23T20:20:47Z  OBSERVE  productcatalogservice  rejection=0.0000  low=385 high=0  state=ON
2026-09-23T20:20:47Z  OBSERVE  recommendationservice  rejection=0.0000  low=385 high=0  state=ON
2026-09-23T20:20:47Z  OBSERVE  shippingservice  rejection=0.0000  low=385 high=0  state=ON
2026-09-23T20:20:48Z  OBSERVE  adservice  rejection=0.0000  low=386 high=0  state=ON
2026-09-23T20:20:48Z  OBSERVE  cartservice  rejection=0.0000  low=386 high=0  state=ON
2026-09-23T20:20:48Z  OBSERVE  checkoutservice  rejection=0.0000  low=319 high=0  state=ON
2026-09-23T20:20:48Z  OBSERVE  currencyservice  rejection=0.0000  low=386 high=0  state=ON
2026-09-23T20:20:48Z  OBSERVE  emailservice  rejection=0.0000  low=321 high=0  state=ON
2026-09-23T20:20:48Z  OBSERVE  paymentservice  rejection=0.0000  low=386 high=0  state=ON
2026-09-23T20:20:48Z  OBSERVE  productcatalogservice  rejection=0.0000  low=386 high=0  state=ON
2026-09-23T20:20:48Z  OBSERVE  recommendationservice  rejection=0.0000  low=386 high=0  state=ON
2026-09-23T20:20:48Z  OBSERVE  shippingservice  rejection=0.0000  low=386 high=0  state=ON
2026-09-23T20:20:49Z  OBSERVE  adservice  rejection=0.0000  low=387 high=0  state=ON
2026-09-23T20:20:49Z  OBSERVE  cartservice  rejection=0.0000  low=387 high=0  state=ON
2026-09-23T20:20:49Z  OBSERVE  checkoutservice  rejection=0.0000  low=320 high=0  state=ON
2026-09-23T20:20:49Z  OBSERVE  currencyservice  rejection=0.0000  low=387 high=0  state=ON
2026-09-23T20:20:49Z  OBSERVE  emailservice  rejection=0.0000  low=322 high=0  state=ON
2026-09-23T20:20:49Z  OBSERVE  paymentservice  rejection=0.0000  low=387 high=0  state=ON
2026-09-23T20:20:49Z  OBSERVE  productcatalogservice  rejection=0.0000  low=387 high=0  state=ON
2026-09-23T20:20:49Z  OBSERVE  recommendationservice  rejection=0.0000  low=387 high=0  state=ON
2026-09-23T20:20:49Z  OBSERVE  shippingservice  rejection=0.0000  low=387 high=0  state=ON
2026-09-23T20:20:50Z  OBSERVE  adservice  rejection=0.0000  low=388 high=0  state=ON
2026-09-23T20:20:50Z  OBSERVE  cartservice  rejection=0.0000  low=388 high=0  state=ON
2026-09-23T20:20:50Z  OBSERVE  checkoutservice  rejection=0.0000  low=321 high=0  state=ON
2026-09-23T20:20:50Z  OBSERVE  currencyservice  rejection=0.0000  low=388 high=0  state=ON
2026-09-23T20:20:50Z  OBSERVE  emailservice  rejection=0.0000  low=323 high=0  state=ON
2026-09-23T20:20:50Z  OBSERVE  paymentservice  rejection=0.0000  low=388 high=0  state=ON
2026-09-23T20:20:50Z  OBSERVE  productcatalogservice  rejection=0.0000  low=388 high=0  state=ON
2026-09-23T20:20:50Z  OBSERVE  recommendationservice  rejection=0.0000  low=388 high=0  state=ON
2026-09-23T20:20:50Z  OBSERVE  shippingservice  rejection=0.0000  low=388 high=0  state=ON
2026-09-23T20:20:51Z  OBSERVE  adservice  rejection=0.0000  low=389 high=0  state=ON
2026-09-23T20:20:51Z  OBSERVE  cartservice  rejection=0.0000  low=389 high=0  state=ON
2026-09-23T20:20:51Z  OBSERVE  checkoutservice  rejection=0.0000  low=322 high=0  state=ON
2026-09-23T20:20:51Z  OBSERVE  currencyservice  rejection=0.0000  low=389 high=0  state=ON
2026-09-23T20:20:51Z  OBSERVE  emailservice  rejection=0.0000  low=324 high=0  state=ON
2026-09-23T20:20:51Z  OBSERVE  paymentservice  rejection=0.0000  low=389 high=0  state=ON
2026-09-23T20:20:51Z  OBSERVE  productcatalogservice  rejection=0.0000  low=389 high=0  state=ON
2026-09-23T20:20:51Z  OBSERVE  recommendationservice  rejection=0.0000  low=389 high=0  state=ON
2026-09-23T20:20:51Z  OBSERVE  shippingservice  rejection=0.0000  low=389 high=0  state=ON
2026-09-23T20:20:52Z  OBSERVE  adservice  rejection=0.0000  low=390 high=0  state=ON
2026-09-23T20:20:52Z  OBSERVE  cartservice  rejection=0.0000  low=390 high=0  state=ON
2026-09-23T20:20:52Z  OBSERVE  checkoutservice  rejection=0.0000  low=323 high=0  state=ON
2026-09-23T20:20:52Z  OBSERVE  currencyservice  rejection=0.0000  low=390 high=0  state=ON
2026-09-23T20:20:52Z  OBSERVE  emailservice  rejection=0.0000  low=325 high=0  state=ON
2026-09-23T20:20:52Z  OBSERVE  paymentservice  rejection=0.0000  low=390 high=0  state=ON
2026-09-23T20:20:52Z  OBSERVE  productcatalogservice  rejection=0.0000  low=390 high=0  state=ON
2026-09-23T20:20:52Z  OBSERVE  recommendationservice  rejection=0.0000  low=390 high=0  state=ON
2026-09-23T20:20:52Z  OBSERVE  shippingservice  rejection=0.0000  low=390 high=0  state=ON
2026-09-23T20:20:53Z  OBSERVE  adservice  rejection=0.0000  low=391 high=0  state=ON
2026-09-23T20:20:53Z  OBSERVE  cartservice  rejection=0.0000  low=391 high=0  state=ON
2026-09-23T20:20:53Z  OBSERVE  checkoutservice  rejection=0.0000  low=324 high=0  state=ON
2026-09-23T20:20:53Z  OBSERVE  currencyservice  rejection=0.0000  low=391 high=0  state=ON
2026-09-23T20:20:53Z  OBSERVE  emailservice  rejection=0.0000  low=326 high=0  state=ON
2026-09-23T20:20:53Z  OBSERVE  paymentservice  rejection=0.0000  low=391 high=0  state=ON
2026-09-23T20:20:53Z  OBSERVE  productcatalogservice  rejection=0.0000  low=391 high=0  state=ON
2026-09-23T20:20:53Z  OBSERVE  recommendationservice  rejection=0.0000  low=391 high=0  state=ON
2026-09-23T20:20:53Z  OBSERVE  shippingservice  rejection=0.0000  low=391 high=0  state=ON
2026-09-23T20:20:54Z  OBSERVE  adservice  rejection=0.0000  low=392 high=0  state=ON
2026-09-23T20:20:54Z  OBSERVE  cartservice  rejection=0.0000  low=392 high=0  state=ON
2026-09-23T20:20:54Z  OBSERVE  checkoutservice  rejection=0.0000  low=325 high=0  state=ON
2026-09-23T20:20:54Z  OBSERVE  currencyservice  rejection=0.0000  low=392 high=0  state=ON
2026-09-23T20:20:54Z  OBSERVE  emailservice  rejection=0.0000  low=327 high=0  state=ON
2026-09-23T20:20:54Z  OBSERVE  paymentservice  rejection=0.0000  low=392 high=0  state=ON
2026-09-23T20:20:54Z  OBSERVE  productcatalogservice  rejection=0.0000  low=392 high=0  state=ON
2026-09-23T20:20:54Z  OBSERVE  recommendationservice  rejection=0.0000  low=392 high=0  state=ON
2026-09-23T20:20:54Z  OBSERVE  shippingservice  rejection=0.0000  low=392 high=0  state=ON
2026-09-23T20:20:55Z  OBSERVE  adservice  rejection=0.0000  low=393 high=0  state=ON
2026-09-23T20:20:55Z  OBSERVE  cartservice  rejection=0.0000  low=393 high=0  state=ON
2026-09-23T20:20:55Z  OBSERVE  checkoutservice  rejection=0.0000  low=326 high=0  state=ON
2026-09-23T20:20:55Z  OBSERVE  currencyservice  rejection=0.0000  low=393 high=0  state=ON
2026-09-23T20:20:55Z  OBSERVE  emailservice  rejection=0.0000  low=328 high=0  state=ON
2026-09-23T20:20:55Z  OBSERVE  paymentservice  rejection=0.0000  low=393 high=0  state=ON
2026-09-23T20:20:55Z  OBSERVE  productcatalogservice  rejection=0.0000  low=393 high=0  state=ON
2026-09-23T20:20:55Z  OBSERVE  recommendationservice  rejection=0.0000  low=393 high=0  state=ON
2026-09-23T20:20:55Z  OBSERVE  shippingservice  rejection=0.0000  low=393 high=0  state=ON
2026-09-23T20:20:56Z  OBSERVE  adservice  rejection=0.0000  low=394 high=0  state=ON
2026-09-23T20:20:56Z  OBSERVE  cartservice  rejection=0.0000  low=394 high=0  state=ON
2026-09-23T20:20:56Z  OBSERVE  checkoutservice  rejection=0.0000  low=327 high=0  state=ON
2026-09-23T20:20:56Z  OBSERVE  currencyservice  rejection=0.0000  low=394 high=0  state=ON
2026-09-23T20:20:56Z  OBSERVE  emailservice  rejection=0.0000  low=329 high=0  state=ON
2026-09-23T20:20:56Z  OBSERVE  paymentservice  rejection=0.0000  low=394 high=0  state=ON
2026-09-23T20:20:56Z  OBSERVE  productcatalogservice  rejection=0.0000  low=394 high=0  state=ON
2026-09-23T20:20:56Z  OBSERVE  recommendationservice  rejection=0.0000  low=394 high=0  state=ON
2026-09-23T20:20:56Z  OBSERVE  shippingservice  rejection=0.0000  low=394 high=0  state=ON
2026-09-23T20:20:57Z  OBSERVE  adservice  rejection=0.0000  low=395 high=0  state=ON
2026-09-23T20:20:57Z  OBSERVE  cartservice  rejection=0.0000  low=395 high=0  state=ON
2026-09-23T20:20:57Z  OBSERVE  checkoutservice  rejection=0.0000  low=328 high=0  state=ON
2026-09-23T20:20:57Z  OBSERVE  currencyservice  rejection=0.0000  low=395 high=0  state=ON
2026-09-23T20:20:57Z  OBSERVE  emailservice  rejection=0.0000  low=330 high=0  state=ON
2026-09-23T20:20:57Z  OBSERVE  paymentservice  rejection=0.0000  low=395 high=0  state=ON
2026-09-23T20:20:57Z  OBSERVE  productcatalogservice  rejection=0.0000  low=395 high=0  state=ON
2026-09-23T20:20:57Z  OBSERVE  recommendationservice  rejection=0.0000  low=395 high=0  state=ON
2026-09-23T20:20:57Z  OBSERVE  shippingservice  rejection=0.0000  low=395 high=0  state=ON
2026-09-23T20:20:58Z  OBSERVE  adservice  rejection=0.0000  low=396 high=0  state=ON
2026-09-23T20:20:58Z  OBSERVE  cartservice  rejection=0.0000  low=396 high=0  state=ON
2026-09-23T20:20:58Z  OBSERVE  checkoutservice  rejection=0.0000  low=329 high=0  state=ON
2026-09-23T20:20:58Z  OBSERVE  currencyservice  rejection=0.0000  low=396 high=0  state=ON
2026-09-23T20:20:58Z  OBSERVE  emailservice  rejection=0.0000  low=331 high=0  state=ON
2026-09-23T20:20:58Z  OBSERVE  paymentservice  rejection=0.0000  low=396 high=0  state=ON
2026-09-23T20:20:58Z  OBSERVE  productcatalogservice  rejection=0.0000  low=396 high=0  state=ON
2026-09-23T20:20:58Z  OBSERVE  recommendationservice  rejection=0.0000  low=396 high=0  state=ON
2026-09-23T20:20:58Z  OBSERVE  shippingservice  rejection=0.0000  low=396 high=0  state=ON
2026-09-23T20:20:59Z  OBSERVE  adservice  rejection=0.0000  low=397 high=0  state=ON
2026-09-23T20:20:59Z  OBSERVE  cartservice  rejection=0.0000  low=397 high=0  state=ON
2026-09-23T20:20:59Z  OBSERVE  checkoutservice  rejection=0.0000  low=330 high=0  state=ON
2026-09-23T20:20:59Z  OBSERVE  currencyservice  rejection=0.0000  low=397 high=0  state=ON
2026-09-23T20:20:59Z  OBSERVE  emailservice  rejection=0.0000  low=332 high=0  state=ON
2026-09-23T20:20:59Z  OBSERVE  paymentservice  rejection=0.0000  low=397 high=0  state=ON
2026-09-23T20:20:59Z  OBSERVE  productcatalogservice  rejection=0.0000  low=397 high=0  state=ON
2026-09-23T20:20:59Z  OBSERVE  recommendationservice  rejection=0.0000  low=397 high=0  state=ON
2026-09-23T20:20:59Z  OBSERVE  shippingservice  rejection=0.0000  low=397 high=0  state=ON
2026-09-23T20:21:00Z  OBSERVE  adservice  rejection=0.0000  low=398 high=0  state=ON
2026-09-23T20:21:00Z  OBSERVE  cartservice  rejection=0.0000  low=398 high=0  state=ON
2026-09-23T20:21:00Z  OBSERVE  checkoutservice  rejection=0.0000  low=331 high=0  state=ON
2026-09-23T20:21:00Z  OBSERVE  currencyservice  rejection=0.0000  low=398 high=0  state=ON
2026-09-23T20:21:00Z  OBSERVE  emailservice  rejection=0.0000  low=333 high=0  state=ON
2026-09-23T20:21:00Z  OBSERVE  paymentservice  rejection=0.0000  low=398 high=0  state=ON
2026-09-23T20:21:00Z  OBSERVE  productcatalogservice  rejection=0.0000  low=398 high=0  state=ON
2026-09-23T20:21:00Z  OBSERVE  recommendationservice  rejection=0.0000  low=398 high=0  state=ON
2026-09-23T20:21:00Z  OBSERVE  shippingservice  rejection=0.0000  low=398 high=0  state=ON
2026-09-23T20:21:01Z  OBSERVE  adservice  rejection=0.0000  low=399 high=0  state=ON
2026-09-23T20:21:01Z  OBSERVE  cartservice  rejection=0.0000  low=399 high=0  state=ON
2026-09-23T20:21:01Z  OBSERVE  checkoutservice  rejection=0.0000  low=332 high=0  state=ON
2026-09-23T20:21:01Z  OBSERVE  currencyservice  rejection=0.0000  low=399 high=0  state=ON
2026-09-23T20:21:01Z  OBSERVE  emailservice  rejection=0.0000  low=334 high=0  state=ON
2026-09-23T20:21:01Z  OBSERVE  paymentservice  rejection=0.0000  low=399 high=0  state=ON
2026-09-23T20:21:01Z  OBSERVE  productcatalogservice  rejection=0.0000  low=399 high=0  state=ON
2026-09-23T20:21:01Z  OBSERVE  recommendationservice  rejection=0.0000  low=399 high=0  state=ON
2026-09-23T20:21:01Z  OBSERVE  shippingservice  rejection=0.0000  low=399 high=0  state=ON
2026-09-23T20:21:02Z  OBSERVE  adservice  rejection=0.0000  low=400 high=0  state=ON
2026-09-23T20:21:02Z  OBSERVE  cartservice  rejection=0.0000  low=400 high=0  state=ON
2026-09-23T20:21:02Z  OBSERVE  checkoutservice  rejection=0.0000  low=333 high=0  state=ON
2026-09-23T20:21:02Z  OBSERVE  currencyservice  rejection=0.0000  low=400 high=0  state=ON
2026-09-23T20:21:02Z  OBSERVE  emailservice  rejection=0.0000  low=335 high=0  state=ON
2026-09-23T20:21:02Z  OBSERVE  paymentservice  rejection=0.0000  low=400 high=0  state=ON
2026-09-23T20:21:02Z  OBSERVE  productcatalogservice  rejection=0.0000  low=400 high=0  state=ON
2026-09-23T20:21:02Z  OBSERVE  recommendationservice  rejection=0.0000  low=400 high=0  state=ON
2026-09-23T20:21:02Z  OBSERVE  shippingservice  rejection=0.0000  low=400 high=0  state=ON
2026-09-23T20:21:03Z  OBSERVE  adservice  rejection=0.0000  low=401 high=0  state=ON
2026-09-23T20:21:03Z  OBSERVE  cartservice  rejection=0.0000  low=401 high=0  state=ON
2026-09-23T20:21:03Z  OBSERVE  checkoutservice  rejection=0.0000  low=334 high=0  state=ON
2026-09-23T20:21:03Z  OBSERVE  currencyservice  rejection=0.0000  low=401 high=0  state=ON
2026-09-23T20:21:03Z  OBSERVE  emailservice  rejection=0.0000  low=336 high=0  state=ON
2026-09-23T20:21:03Z  OBSERVE  paymentservice  rejection=0.0000  low=401 high=0  state=ON
2026-09-23T20:21:03Z  OBSERVE  productcatalogservice  rejection=0.0000  low=401 high=0  state=ON
2026-09-23T20:21:03Z  OBSERVE  recommendationservice  rejection=0.0000  low=401 high=0  state=ON
2026-09-23T20:21:03Z  OBSERVE  shippingservice  rejection=0.0000  low=401 high=0  state=ON
2026-09-23T20:21:04Z  OBSERVE  adservice  rejection=0.0000  low=402 high=0  state=ON
2026-09-23T20:21:04Z  OBSERVE  cartservice  rejection=0.0000  low=402 high=0  state=ON
2026-09-23T20:21:04Z  OBSERVE  checkoutservice  rejection=0.0000  low=335 high=0  state=ON
2026-09-23T20:21:04Z  OBSERVE  currencyservice  rejection=0.0000  low=402 high=0  state=ON
2026-09-23T20:21:04Z  OBSERVE  emailservice  rejection=0.0000  low=337 high=0  state=ON
2026-09-23T20:21:04Z  OBSERVE  paymentservice  rejection=0.0000  low=402 high=0  state=ON
2026-09-23T20:21:04Z  OBSERVE  productcatalogservice  rejection=0.0000  low=402 high=0  state=ON
2026-09-23T20:21:04Z  OBSERVE  recommendationservice  rejection=0.0000  low=402 high=0  state=ON
2026-09-23T20:21:04Z  OBSERVE  shippingservice  rejection=0.0000  low=402 high=0  state=ON
2026-09-23T20:21:05Z  OBSERVE  adservice  rejection=0.0000  low=403 high=0  state=ON
2026-09-23T20:21:05Z  OBSERVE  cartservice  rejection=0.0000  low=403 high=0  state=ON
2026-09-23T20:21:05Z  OBSERVE  checkoutservice  rejection=0.0000  low=336 high=0  state=ON
2026-09-23T20:21:05Z  OBSERVE  currencyservice  rejection=0.0000  low=403 high=0  state=ON
2026-09-23T20:21:05Z  OBSERVE  emailservice  rejection=0.0000  low=338 high=0  state=ON
2026-09-23T20:21:05Z  OBSERVE  paymentservice  rejection=0.0000  low=403 high=0  state=ON
2026-09-23T20:21:05Z  OBSERVE  productcatalogservice  rejection=0.0000  low=403 high=0  state=ON
2026-09-23T20:21:05Z  OBSERVE  recommendationservice  rejection=0.0000  low=403 high=0  state=ON
2026-09-23T20:21:05Z  OBSERVE  shippingservice  rejection=0.0000  low=403 high=0  state=ON
2026-09-23T20:21:06Z  OBSERVE  adservice  rejection=0.0000  low=404 high=0  state=ON
2026-09-23T20:21:06Z  OBSERVE  cartservice  rejection=0.0000  low=404 high=0  state=ON
2026-09-23T20:21:06Z  OBSERVE  checkoutservice  rejection=0.0000  low=337 high=0  state=ON
2026-09-23T20:21:06Z  OBSERVE  currencyservice  rejection=0.0000  low=404 high=0  state=ON
2026-09-23T20:21:06Z  OBSERVE  emailservice  rejection=0.0000  low=339 high=0  state=ON
2026-09-23T20:21:06Z  OBSERVE  paymentservice  rejection=0.0000  low=404 high=0  state=ON
2026-09-23T20:21:06Z  OBSERVE  productcatalogservice  rejection=0.0000  low=404 high=0  state=ON
2026-09-23T20:21:06Z  OBSERVE  recommendationservice  rejection=0.0000  low=404 high=0  state=ON
2026-09-23T20:21:06Z  OBSERVE  shippingservice  rejection=0.0000  low=404 high=0  state=ON
2026-09-23T20:21:07Z  OBSERVE  adservice  rejection=0.0000  low=405 high=0  state=ON
2026-09-23T20:21:07Z  OBSERVE  cartservice  rejection=0.0000  low=405 high=0  state=ON
2026-09-23T20:21:07Z  OBSERVE  checkoutservice  rejection=0.0000  low=338 high=0  state=ON
2026-09-23T20:21:07Z  OBSERVE  currencyservice  rejection=0.0000  low=405 high=0  state=ON
2026-09-23T20:21:07Z  OBSERVE  emailservice  rejection=0.0000  low=340 high=0  state=ON
2026-09-23T20:21:07Z  OBSERVE  paymentservice  rejection=0.0000  low=405 high=0  state=ON
2026-09-23T20:21:07Z  OBSERVE  productcatalogservice  rejection=0.0000  low=405 high=0  state=ON
2026-09-23T20:21:07Z  OBSERVE  recommendationservice  rejection=0.0000  low=405 high=0  state=ON
2026-09-23T20:21:07Z  OBSERVE  shippingservice  rejection=0.0000  low=405 high=0  state=ON
2026-09-23T20:21:08Z  OBSERVE  adservice  rejection=0.0000  low=406 high=0  state=ON
2026-09-23T20:21:08Z  OBSERVE  cartservice  rejection=0.0000  low=406 high=0  state=ON
2026-09-23T20:21:08Z  OBSERVE  checkoutservice  rejection=0.0000  low=339 high=0  state=ON
2026-09-23T20:21:08Z  OBSERVE  currencyservice  rejection=0.0000  low=406 high=0  state=ON
2026-09-23T20:21:08Z  OBSERVE  emailservice  rejection=0.0000  low=341 high=0  state=ON
2026-09-23T20:21:08Z  OBSERVE  paymentservice  rejection=0.0000  low=406 high=0  state=ON
2026-09-23T20:21:08Z  OBSERVE  productcatalogservice  rejection=0.0000  low=406 high=0  state=ON
2026-09-23T20:21:08Z  OBSERVE  recommendationservice  rejection=0.0000  low=406 high=0  state=ON
2026-09-23T20:21:08Z  OBSERVE  shippingservice  rejection=0.0000  low=406 high=0  state=ON
2026-09-23T20:21:09Z  OBSERVE  adservice  rejection=0.0000  low=407 high=0  state=ON
2026-09-23T20:21:09Z  OBSERVE  cartservice  rejection=0.0000  low=407 high=0  state=ON
2026-09-23T20:21:09Z  OBSERVE  checkoutservice  rejection=0.0000  low=340 high=0  state=ON
2026-09-23T20:21:09Z  OBSERVE  currencyservice  rejection=0.0000  low=407 high=0  state=ON
2026-09-23T20:21:09Z  OBSERVE  emailservice  rejection=0.0000  low=342 high=0  state=ON
2026-09-23T20:21:09Z  OBSERVE  paymentservice  rejection=0.0000  low=407 high=0  state=ON
2026-09-23T20:21:09Z  OBSERVE  productcatalogservice  rejection=0.0000  low=407 high=0  state=ON
2026-09-23T20:21:09Z  OBSERVE  recommendationservice  rejection=0.0000  low=407 high=0  state=ON
2026-09-23T20:21:09Z  OBSERVE  shippingservice  rejection=0.0000  low=407 high=0  state=ON
2026-09-23T20:21:10Z  OBSERVE  adservice  rejection=0.0000  low=408 high=0  state=ON
2026-09-23T20:21:10Z  OBSERVE  cartservice  rejection=0.0000  low=408 high=0  state=ON
2026-09-23T20:21:10Z  OBSERVE  checkoutservice  rejection=0.0000  low=341 high=0  state=ON
2026-09-23T20:21:10Z  OBSERVE  currencyservice  rejection=0.0000  low=408 high=0  state=ON
2026-09-23T20:21:10Z  OBSERVE  emailservice  rejection=0.0000  low=343 high=0  state=ON
2026-09-23T20:21:10Z  OBSERVE  paymentservice  rejection=0.0000  low=408 high=0  state=ON
2026-09-23T20:21:10Z  OBSERVE  productcatalogservice  rejection=0.0000  low=408 high=0  state=ON
2026-09-23T20:21:10Z  OBSERVE  recommendationservice  rejection=0.0000  low=408 high=0  state=ON
2026-09-23T20:21:10Z  OBSERVE  shippingservice  rejection=0.0000  low=408 high=0  state=ON
2026-09-23T20:21:11Z  OBSERVE  adservice  rejection=0.0000  low=409 high=0  state=ON
2026-09-23T20:21:11Z  OBSERVE  cartservice  rejection=0.0000  low=409 high=0  state=ON
2026-09-23T20:21:11Z  OBSERVE  checkoutservice  rejection=0.0000  low=342 high=0  state=ON
2026-09-23T20:21:11Z  OBSERVE  currencyservice  rejection=0.0000  low=409 high=0  state=ON
2026-09-23T20:21:11Z  OBSERVE  emailservice  rejection=0.0000  low=344 high=0  state=ON
2026-09-23T20:21:11Z  OBSERVE  paymentservice  rejection=0.0000  low=409 high=0  state=ON
2026-09-23T20:21:11Z  OBSERVE  productcatalogservice  rejection=0.0000  low=409 high=0  state=ON
2026-09-23T20:21:11Z  OBSERVE  recommendationservice  rejection=0.0000  low=409 high=0  state=ON
2026-09-23T20:21:11Z  OBSERVE  shippingservice  rejection=0.0000  low=409 high=0  state=ON
2026-09-23T20:21:12Z  OBSERVE  adservice  rejection=0.0000  low=410 high=0  state=ON
2026-09-23T20:21:12Z  OBSERVE  cartservice  rejection=0.0000  low=410 high=0  state=ON
2026-09-23T20:21:12Z  OBSERVE  checkoutservice  rejection=0.0000  low=343 high=0  state=ON
2026-09-23T20:21:12Z  OBSERVE  currencyservice  rejection=0.0000  low=410 high=0  state=ON
2026-09-23T20:21:12Z  OBSERVE  emailservice  rejection=0.0000  low=345 high=0  state=ON
2026-09-23T20:21:12Z  OBSERVE  paymentservice  rejection=0.0000  low=410 high=0  state=ON
2026-09-23T20:21:12Z  OBSERVE  productcatalogservice  rejection=0.0000  low=410 high=0  state=ON
2026-09-23T20:21:12Z  OBSERVE  recommendationservice  rejection=0.0000  low=410 high=0  state=ON
2026-09-23T20:21:12Z  OBSERVE  shippingservice  rejection=0.0000  low=410 high=0  state=ON
2026-09-23T20:21:13Z  OBSERVE  adservice  rejection=0.0000  low=411 high=0  state=ON
2026-09-23T20:21:13Z  OBSERVE  cartservice  rejection=0.0000  low=411 high=0  state=ON
2026-09-23T20:21:13Z  OBSERVE  checkoutservice  rejection=0.0000  low=344 high=0  state=ON
2026-09-23T20:21:13Z  OBSERVE  currencyservice  rejection=0.0000  low=411 high=0  state=ON
2026-09-23T20:21:13Z  OBSERVE  emailservice  rejection=0.0000  low=346 high=0  state=ON
2026-09-23T20:21:13Z  OBSERVE  paymentservice  rejection=0.0000  low=411 high=0  state=ON
2026-09-23T20:21:13Z  OBSERVE  productcatalogservice  rejection=0.0000  low=411 high=0  state=ON
2026-09-23T20:21:13Z  OBSERVE  recommendationservice  rejection=0.0000  low=411 high=0  state=ON
2026-09-23T20:21:13Z  OBSERVE  shippingservice  rejection=0.0000  low=411 high=0  state=ON
2026-09-23T20:21:14Z  OBSERVE  adservice  rejection=0.0000  low=412 high=0  state=ON
2026-09-23T20:21:14Z  OBSERVE  cartservice  rejection=0.0000  low=412 high=0  state=ON
2026-09-23T20:21:14Z  OBSERVE  checkoutservice  rejection=0.0000  low=345 high=0  state=ON
2026-09-23T20:21:14Z  OBSERVE  currencyservice  rejection=0.0000  low=412 high=0  state=ON
2026-09-23T20:21:14Z  OBSERVE  emailservice  rejection=0.0000  low=347 high=0  state=ON
2026-09-23T20:21:14Z  OBSERVE  paymentservice  rejection=0.0000  low=412 high=0  state=ON
2026-09-23T20:21:14Z  OBSERVE  productcatalogservice  rejection=0.0000  low=412 high=0  state=ON
2026-09-23T20:21:14Z  OBSERVE  recommendationservice  rejection=0.0000  low=412 high=0  state=ON
2026-09-23T20:21:14Z  OBSERVE  shippingservice  rejection=0.0000  low=412 high=0  state=ON
2026-09-23T20:21:15Z  OBSERVE  adservice  rejection=0.0000  low=413 high=0  state=ON
2026-09-23T20:21:15Z  OBSERVE  cartservice  rejection=0.0000  low=413 high=0  state=ON
2026-09-23T20:21:15Z  OBSERVE  checkoutservice  rejection=0.0000  low=346 high=0  state=ON
2026-09-23T20:21:15Z  OBSERVE  currencyservice  rejection=0.0000  low=413 high=0  state=ON
2026-09-23T20:21:15Z  OBSERVE  emailservice  rejection=0.0000  low=348 high=0  state=ON
2026-09-23T20:21:15Z  OBSERVE  paymentservice  rejection=0.0000  low=413 high=0  state=ON
2026-09-23T20:21:15Z  OBSERVE  productcatalogservice  rejection=0.0000  low=413 high=0  state=ON
2026-09-23T20:21:15Z  OBSERVE  recommendationservice  rejection=0.0000  low=413 high=0  state=ON
2026-09-23T20:21:15Z  OBSERVE  shippingservice  rejection=0.0000  low=413 high=0  state=ON
2026-09-23T20:21:16Z  OBSERVE  adservice  rejection=0.0000  low=414 high=0  state=ON
2026-09-23T20:21:16Z  OBSERVE  cartservice  rejection=0.0000  low=414 high=0  state=ON
2026-09-23T20:21:16Z  OBSERVE  checkoutservice  rejection=0.0000  low=347 high=0  state=ON
2026-09-23T20:21:16Z  OBSERVE  currencyservice  rejection=0.0000  low=414 high=0  state=ON
2026-09-23T20:21:16Z  OBSERVE  emailservice  rejection=0.0000  low=349 high=0  state=ON
2026-09-23T20:21:16Z  OBSERVE  paymentservice  rejection=0.0000  low=414 high=0  state=ON
2026-09-23T20:21:16Z  OBSERVE  productcatalogservice  rejection=0.0000  low=414 high=0  state=ON
2026-09-23T20:21:16Z  OBSERVE  recommendationservice  rejection=0.0000  low=414 high=0  state=ON
2026-09-23T20:21:16Z  OBSERVE  shippingservice  rejection=0.0000  low=414 high=0  state=ON
2026-09-23T20:21:17Z  OBSERVE  adservice  rejection=0.0000  low=415 high=0  state=ON
2026-09-23T20:21:17Z  OBSERVE  cartservice  rejection=0.0000  low=415 high=0  state=ON
2026-09-23T20:21:17Z  OBSERVE  checkoutservice  rejection=0.0000  low=348 high=0  state=ON
2026-09-23T20:21:17Z  OBSERVE  currencyservice  rejection=0.0000  low=415 high=0  state=ON
2026-09-23T20:21:17Z  OBSERVE  emailservice  rejection=0.0000  low=350 high=0  state=ON
2026-09-23T20:21:17Z  OBSERVE  paymentservice  rejection=0.0000  low=415 high=0  state=ON
2026-09-23T20:21:17Z  OBSERVE  productcatalogservice  rejection=0.0000  low=415 high=0  state=ON
2026-09-23T20:21:17Z  OBSERVE  recommendationservice  rejection=0.0000  low=415 high=0  state=ON
2026-09-23T20:21:17Z  OBSERVE  shippingservice  rejection=0.0000  low=415 high=0  state=ON
2026-09-23T20:21:18Z  OBSERVE  adservice  rejection=0.0000  low=416 high=0  state=ON
2026-09-23T20:21:18Z  OBSERVE  cartservice  rejection=0.0000  low=416 high=0  state=ON
2026-09-23T20:21:18Z  OBSERVE  checkoutservice  rejection=0.0000  low=349 high=0  state=ON
2026-09-23T20:21:18Z  OBSERVE  currencyservice  rejection=0.0000  low=416 high=0  state=ON
2026-09-23T20:21:18Z  OBSERVE  emailservice  rejection=0.0000  low=351 high=0  state=ON
2026-09-23T20:21:18Z  OBSERVE  paymentservice  rejection=0.0000  low=416 high=0  state=ON
2026-09-23T20:21:18Z  OBSERVE  productcatalogservice  rejection=0.0000  low=416 high=0  state=ON
2026-09-23T20:21:18Z  OBSERVE  recommendationservice  rejection=0.0000  low=416 high=0  state=ON
2026-09-23T20:21:18Z  OBSERVE  shippingservice  rejection=0.0000  low=416 high=0  state=ON
2026-09-23T20:21:19Z  OBSERVE  adservice  rejection=0.0000  low=417 high=0  state=ON
2026-09-23T20:21:19Z  OBSERVE  cartservice  rejection=0.0000  low=417 high=0  state=ON
2026-09-23T20:21:19Z  OBSERVE  checkoutservice  rejection=0.0000  low=350 high=0  state=ON
2026-09-23T20:21:19Z  OBSERVE  currencyservice  rejection=0.0000  low=417 high=0  state=ON
2026-09-23T20:21:19Z  OBSERVE  emailservice  rejection=0.0000  low=352 high=0  state=ON
2026-09-23T20:21:19Z  OBSERVE  paymentservice  rejection=0.0000  low=417 high=0  state=ON
2026-09-23T20:21:19Z  OBSERVE  productcatalogservice  rejection=0.0000  low=417 high=0  state=ON
2026-09-23T20:21:19Z  OBSERVE  recommendationservice  rejection=0.0000  low=417 high=0  state=ON
2026-09-23T20:21:19Z  OBSERVE  shippingservice  rejection=0.0000  low=417 high=0  state=ON
2026-09-23T20:21:20Z  OBSERVE  adservice  rejection=0.0000  low=418 high=0  state=ON
2026-09-23T20:21:20Z  OBSERVE  cartservice  rejection=0.0000  low=418 high=0  state=ON
2026-09-23T20:21:20Z  OBSERVE  checkoutservice  rejection=0.0000  low=351 high=0  state=ON
2026-09-23T20:21:20Z  OBSERVE  currencyservice  rejection=0.0000  low=418 high=0  state=ON
2026-09-23T20:21:20Z  OBSERVE  emailservice  rejection=0.0000  low=353 high=0  state=ON
2026-09-23T20:21:20Z  OBSERVE  paymentservice  rejection=0.0000  low=418 high=0  state=ON
2026-09-23T20:21:20Z  OBSERVE  productcatalogservice  rejection=0.0000  low=418 high=0  state=ON
2026-09-23T20:21:20Z  OBSERVE  recommendationservice  rejection=0.0000  low=418 high=0  state=ON
2026-09-23T20:21:20Z  OBSERVE  shippingservice  rejection=0.0000  low=418 high=0  state=ON
2026-09-23T20:21:21Z  OBSERVE  adservice  rejection=0.0000  low=419 high=0  state=ON
2026-09-23T20:21:21Z  OBSERVE  cartservice  rejection=0.0000  low=419 high=0  state=ON
2026-09-23T20:21:21Z  OBSERVE  checkoutservice  rejection=0.0000  low=352 high=0  state=ON
2026-09-23T20:21:21Z  OBSERVE  currencyservice  rejection=0.0000  low=419 high=0  state=ON
2026-09-23T20:21:21Z  OBSERVE  emailservice  rejection=0.0000  low=354 high=0  state=ON
2026-09-23T20:21:21Z  OBSERVE  paymentservice  rejection=0.0000  low=419 high=0  state=ON
2026-09-23T20:21:21Z  OBSERVE  productcatalogservice  rejection=0.0000  low=419 high=0  state=ON
2026-09-23T20:21:21Z  OBSERVE  recommendationservice  rejection=0.0000  low=419 high=0  state=ON
2026-09-23T20:21:21Z  OBSERVE  shippingservice  rejection=0.0000  low=419 high=0  state=ON
2026-09-23T20:21:22Z  OBSERVE  adservice  rejection=0.0000  low=420 high=0  state=ON
2026-09-23T20:21:22Z  OBSERVE  cartservice  rejection=0.0000  low=420 high=0  state=ON
2026-09-23T20:21:22Z  OBSERVE  checkoutservice  rejection=0.0000  low=353 high=0  state=ON
2026-09-23T20:21:22Z  OBSERVE  currencyservice  rejection=0.0000  low=420 high=0  state=ON
2026-09-23T20:21:22Z  OBSERVE  emailservice  rejection=0.0000  low=355 high=0  state=ON
2026-09-23T20:21:22Z  OBSERVE  paymentservice  rejection=0.0000  low=420 high=0  state=ON
2026-09-23T20:21:22Z  OBSERVE  productcatalogservice  rejection=0.0000  low=420 high=0  state=ON
2026-09-23T20:21:22Z  OBSERVE  recommendationservice  rejection=0.0000  low=420 high=0  state=ON
2026-09-23T20:21:22Z  OBSERVE  shippingservice  rejection=0.0000  low=420 high=0  state=ON
2026-09-23T20:21:23Z  OBSERVE  adservice  rejection=0.0000  low=421 high=0  state=ON
2026-09-23T20:21:23Z  OBSERVE  cartservice  rejection=0.0000  low=421 high=0  state=ON
2026-09-23T20:21:23Z  OBSERVE  checkoutservice  rejection=0.0000  low=354 high=0  state=ON
2026-09-23T20:21:23Z  OBSERVE  currencyservice  rejection=0.0000  low=421 high=0  state=ON
2026-09-23T20:21:23Z  OBSERVE  emailservice  rejection=0.0000  low=356 high=0  state=ON
2026-09-23T20:21:23Z  OBSERVE  paymentservice  rejection=0.0000  low=421 high=0  state=ON
2026-09-23T20:21:23Z  OBSERVE  productcatalogservice  rejection=0.0000  low=421 high=0  state=ON
2026-09-23T20:21:23Z  OBSERVE  recommendationservice  rejection=0.0000  low=421 high=0  state=ON
2026-09-23T20:21:23Z  OBSERVE  shippingservice  rejection=0.0000  low=421 high=0  state=ON
2026-09-23T20:21:24Z  OBSERVE  adservice  rejection=0.0000  low=422 high=0  state=ON
2026-09-23T20:21:24Z  OBSERVE  cartservice  rejection=0.0000  low=422 high=0  state=ON
2026-09-23T20:21:24Z  OBSERVE  checkoutservice  rejection=0.0000  low=355 high=0  state=ON
2026-09-23T20:21:24Z  OBSERVE  currencyservice  rejection=0.0000  low=422 high=0  state=ON
2026-09-23T20:21:24Z  OBSERVE  emailservice  rejection=0.0000  low=357 high=0  state=ON
2026-09-23T20:21:24Z  OBSERVE  paymentservice  rejection=0.0000  low=422 high=0  state=ON
2026-09-23T20:21:24Z  OBSERVE  productcatalogservice  rejection=0.0000  low=422 high=0  state=ON
2026-09-23T20:21:24Z  OBSERVE  recommendationservice  rejection=0.0000  low=422 high=0  state=ON
2026-09-23T20:21:24Z  OBSERVE  shippingservice  rejection=0.0000  low=422 high=0  state=ON
2026-09-23T20:21:25Z  OBSERVE  adservice  rejection=0.0000  low=423 high=0  state=ON
2026-09-23T20:21:25Z  OBSERVE  cartservice  rejection=0.0000  low=423 high=0  state=ON
2026-09-23T20:21:25Z  OBSERVE  checkoutservice  rejection=0.0000  low=356 high=0  state=ON
2026-09-23T20:21:25Z  OBSERVE  currencyservice  rejection=0.0000  low=423 high=0  state=ON
2026-09-23T20:21:25Z  OBSERVE  emailservice  rejection=0.0000  low=358 high=0  state=ON
2026-09-23T20:21:25Z  OBSERVE  paymentservice  rejection=0.0000  low=423 high=0  state=ON
2026-09-23T20:21:25Z  OBSERVE  productcatalogservice  rejection=0.0000  low=423 high=0  state=ON
2026-09-23T20:21:25Z  OBSERVE  recommendationservice  rejection=0.0000  low=423 high=0  state=ON
2026-09-23T20:21:25Z  OBSERVE  shippingservice  rejection=0.0000  low=423 high=0  state=ON
2026-09-23T20:21:26Z  OBSERVE  adservice  rejection=0.0000  low=424 high=0  state=ON
2026-09-23T20:21:26Z  OBSERVE  cartservice  rejection=0.0000  low=424 high=0  state=ON
2026-09-23T20:21:26Z  OBSERVE  checkoutservice  rejection=0.0000  low=357 high=0  state=ON
2026-09-23T20:21:26Z  OBSERVE  currencyservice  rejection=0.0000  low=424 high=0  state=ON
2026-09-23T20:21:26Z  OBSERVE  emailservice  rejection=0.0000  low=359 high=0  state=ON
2026-09-23T20:21:26Z  OBSERVE  paymentservice  rejection=0.0000  low=424 high=0  state=ON
2026-09-23T20:21:26Z  OBSERVE  productcatalogservice  rejection=0.0000  low=424 high=0  state=ON
2026-09-23T20:21:26Z  OBSERVE  recommendationservice  rejection=0.0000  low=424 high=0  state=ON
2026-09-23T20:21:26Z  OBSERVE  shippingservice  rejection=0.0000  low=424 high=0  state=ON
2026-09-23T20:21:27Z  OBSERVE  adservice  rejection=0.0000  low=425 high=0  state=ON
2026-09-23T20:21:27Z  OBSERVE  cartservice  rejection=0.0000  low=425 high=0  state=ON
2026-09-23T20:21:27Z  OBSERVE  checkoutservice  rejection=0.0000  low=358 high=0  state=ON
2026-09-23T20:21:27Z  OBSERVE  currencyservice  rejection=0.0000  low=425 high=0  state=ON
2026-09-23T20:21:27Z  OBSERVE  emailservice  rejection=0.0000  low=360 high=0  state=ON
2026-09-23T20:21:27Z  OBSERVE  paymentservice  rejection=0.0000  low=425 high=0  state=ON
2026-09-23T20:21:27Z  OBSERVE  productcatalogservice  rejection=0.0000  low=425 high=0  state=ON
2026-09-23T20:21:27Z  OBSERVE  recommendationservice  rejection=0.0000  low=425 high=0  state=ON
2026-09-23T20:21:27Z  OBSERVE  shippingservice  rejection=0.0000  low=425 high=0  state=ON
2026-09-23T20:21:28Z  OBSERVE  adservice  rejection=0.0000  low=426 high=0  state=ON
2026-09-23T20:21:28Z  OBSERVE  cartservice  rejection=0.0000  low=426 high=0  state=ON
2026-09-23T20:21:28Z  OBSERVE  checkoutservice  rejection=0.0000  low=359 high=0  state=ON
2026-09-23T20:21:28Z  OBSERVE  currencyservice  rejection=0.0000  low=426 high=0  state=ON
2026-09-23T20:21:28Z  OBSERVE  emailservice  rejection=0.0000  low=361 high=0  state=ON
2026-09-23T20:21:28Z  OBSERVE  paymentservice  rejection=0.0000  low=426 high=0  state=ON
2026-09-23T20:21:28Z  OBSERVE  productcatalogservice  rejection=0.0000  low=426 high=0  state=ON
2026-09-23T20:21:28Z  OBSERVE  recommendationservice  rejection=0.0000  low=426 high=0  state=ON
2026-09-23T20:21:28Z  OBSERVE  shippingservice  rejection=0.0000  low=426 high=0  state=ON
2026-09-23T20:21:29Z  OBSERVE  adservice  rejection=0.0000  low=427 high=0  state=ON
2026-09-23T20:21:29Z  OBSERVE  cartservice  rejection=0.0000  low=427 high=0  state=ON
2026-09-23T20:21:29Z  OBSERVE  checkoutservice  rejection=0.0000  low=360 high=0  state=ON
2026-09-23T20:21:29Z  OBSERVE  currencyservice  rejection=0.0000  low=427 high=0  state=ON
2026-09-23T20:21:29Z  OBSERVE  emailservice  rejection=0.0000  low=362 high=0  state=ON
2026-09-23T20:21:29Z  OBSERVE  paymentservice  rejection=0.0000  low=427 high=0  state=ON
2026-09-23T20:21:29Z  OBSERVE  productcatalogservice  rejection=0.0000  low=427 high=0  state=ON
2026-09-23T20:21:29Z  OBSERVE  recommendationservice  rejection=0.0000  low=427 high=0  state=ON
2026-09-23T20:21:29Z  OBSERVE  shippingservice  rejection=0.0000  low=427 high=0  state=ON
2026-09-23T20:21:30Z  OBSERVE  adservice  rejection=0.0000  low=428 high=0  state=ON
2026-09-23T20:21:30Z  OBSERVE  cartservice  rejection=0.0000  low=428 high=0  state=ON
2026-09-23T20:21:30Z  OBSERVE  checkoutservice  rejection=0.0000  low=361 high=0  state=ON
2026-09-23T20:21:30Z  OBSERVE  currencyservice  rejection=0.0000  low=428 high=0  state=ON
2026-09-23T20:21:30Z  OBSERVE  emailservice  rejection=0.0000  low=363 high=0  state=ON
2026-09-23T20:21:30Z  OBSERVE  paymentservice  rejection=0.0000  low=428 high=0  state=ON
2026-09-23T20:21:30Z  OBSERVE  productcatalogservice  rejection=0.0000  low=428 high=0  state=ON
2026-09-23T20:21:30Z  OBSERVE  recommendationservice  rejection=0.0000  low=428 high=0  state=ON
2026-09-23T20:21:30Z  OBSERVE  shippingservice  rejection=0.0000  low=428 high=0  state=ON
2026-09-23T20:21:31Z  OBSERVE  adservice  rejection=0.0000  low=429 high=0  state=ON
2026-09-23T20:21:31Z  OBSERVE  cartservice  rejection=0.0000  low=429 high=0  state=ON
2026-09-23T20:21:31Z  OBSERVE  checkoutservice  rejection=0.0000  low=362 high=0  state=ON
2026-09-23T20:21:31Z  OBSERVE  currencyservice  rejection=0.0000  low=429 high=0  state=ON
2026-09-23T20:21:31Z  OBSERVE  emailservice  rejection=0.0000  low=364 high=0  state=ON
2026-09-23T20:21:31Z  OBSERVE  paymentservice  rejection=0.0000  low=429 high=0  state=ON
2026-09-23T20:21:31Z  OBSERVE  productcatalogservice  rejection=0.0000  low=429 high=0  state=ON
2026-09-23T20:21:31Z  OBSERVE  recommendationservice  rejection=0.0000  low=429 high=0  state=ON
2026-09-23T20:21:31Z  OBSERVE  shippingservice  rejection=0.0000  low=429 high=0  state=ON
2026-09-23T20:21:32Z  OBSERVE  adservice  rejection=0.0000  low=430 high=0  state=ON
2026-09-23T20:21:32Z  OBSERVE  cartservice  rejection=0.0000  low=430 high=0  state=ON
2026-09-23T20:21:32Z  OBSERVE  checkoutservice  rejection=0.0000  low=363 high=0  state=ON
2026-09-23T20:21:32Z  OBSERVE  currencyservice  rejection=0.0000  low=430 high=0  state=ON
2026-09-23T20:21:32Z  OBSERVE  emailservice  rejection=0.0000  low=365 high=0  state=ON
2026-09-23T20:21:32Z  OBSERVE  paymentservice  rejection=0.0000  low=430 high=0  state=ON
2026-09-23T20:21:32Z  OBSERVE  productcatalogservice  rejection=0.0000  low=430 high=0  state=ON
2026-09-23T20:21:32Z  OBSERVE  recommendationservice  rejection=0.0000  low=430 high=0  state=ON
2026-09-23T20:21:32Z  OBSERVE  shippingservice  rejection=0.0000  low=430 high=0  state=ON
2026-09-23T20:21:33Z  OBSERVE  adservice  rejection=0.0000  low=431 high=0  state=ON
2026-09-23T20:21:33Z  OBSERVE  cartservice  rejection=0.0000  low=431 high=0  state=ON
2026-09-23T20:21:33Z  OBSERVE  checkoutservice  rejection=0.0000  low=364 high=0  state=ON
2026-09-23T20:21:33Z  OBSERVE  currencyservice  rejection=0.0000  low=431 high=0  state=ON
2026-09-23T20:21:33Z  OBSERVE  emailservice  rejection=0.0000  low=366 high=0  state=ON
2026-09-23T20:21:33Z  OBSERVE  paymentservice  rejection=0.0000  low=431 high=0  state=ON
2026-09-23T20:21:33Z  OBSERVE  productcatalogservice  rejection=0.0000  low=431 high=0  state=ON
2026-09-23T20:21:33Z  OBSERVE  recommendationservice  rejection=0.0000  low=431 high=0  state=ON
2026-09-23T20:21:33Z  OBSERVE  shippingservice  rejection=0.0000  low=431 high=0  state=ON
2026-09-23T20:21:34Z  OBSERVE  adservice  rejection=0.0000  low=432 high=0  state=ON
2026-09-23T20:21:34Z  OBSERVE  cartservice  rejection=0.0000  low=432 high=0  state=ON
2026-09-23T20:21:34Z  OBSERVE  checkoutservice  rejection=0.0000  low=365 high=0  state=ON
2026-09-23T20:21:34Z  OBSERVE  currencyservice  rejection=0.0000  low=432 high=0  state=ON
2026-09-23T20:21:34Z  OBSERVE  emailservice  rejection=0.0000  low=367 high=0  state=ON
2026-09-23T20:21:34Z  OBSERVE  paymentservice  rejection=0.0000  low=432 high=0  state=ON
2026-09-23T20:21:34Z  OBSERVE  productcatalogservice  rejection=0.0000  low=432 high=0  state=ON
2026-09-23T20:21:34Z  OBSERVE  recommendationservice  rejection=0.0000  low=432 high=0  state=ON
2026-09-23T20:21:34Z  OBSERVE  shippingservice  rejection=0.0000  low=432 high=0  state=ON
2026-09-23T20:21:35Z  OBSERVE  adservice  rejection=0.0000  low=433 high=0  state=ON
2026-09-23T20:21:35Z  OBSERVE  cartservice  rejection=0.0000  low=433 high=0  state=ON
2026-09-23T20:21:35Z  OBSERVE  checkoutservice  rejection=0.0000  low=366 high=0  state=ON
2026-09-23T20:21:35Z  OBSERVE  currencyservice  rejection=0.0000  low=433 high=0  state=ON
2026-09-23T20:21:35Z  OBSERVE  emailservice  rejection=0.0000  low=368 high=0  state=ON
2026-09-23T20:21:35Z  OBSERVE  paymentservice  rejection=0.0000  low=433 high=0  state=ON
2026-09-23T20:21:35Z  OBSERVE  productcatalogservice  rejection=0.0000  low=433 high=0  state=ON
2026-09-23T20:21:35Z  OBSERVE  recommendationservice  rejection=0.0000  low=433 high=0  state=ON
2026-09-23T20:21:35Z  OBSERVE  shippingservice  rejection=0.0000  low=433 high=0  state=ON
2026-09-23T20:21:36Z  OBSERVE  adservice  rejection=0.0000  low=434 high=0  state=ON
2026-09-23T20:21:36Z  OBSERVE  cartservice  rejection=0.0000  low=434 high=0  state=ON
2026-09-23T20:21:36Z  OBSERVE  checkoutservice  rejection=0.0000  low=367 high=0  state=ON
2026-09-23T20:21:36Z  OBSERVE  currencyservice  rejection=0.0000  low=434 high=0  state=ON
2026-09-23T20:21:36Z  OBSERVE  emailservice  rejection=0.0000  low=369 high=0  state=ON
2026-09-23T20:21:36Z  OBSERVE  paymentservice  rejection=0.0000  low=434 high=0  state=ON
2026-09-23T20:21:36Z  OBSERVE  productcatalogservice  rejection=0.0000  low=434 high=0  state=ON
2026-09-23T20:21:36Z  OBSERVE  recommendationservice  rejection=0.0000  low=434 high=0  state=ON
2026-09-23T20:21:36Z  OBSERVE  shippingservice  rejection=0.0000  low=434 high=0  state=ON
2026-09-23T20:21:37Z  OBSERVE  adservice  rejection=0.0000  low=435 high=0  state=ON
2026-09-23T20:21:37Z  OBSERVE  cartservice  rejection=0.0000  low=435 high=0  state=ON
2026-09-23T20:21:37Z  OBSERVE  checkoutservice  rejection=0.0000  low=368 high=0  state=ON
2026-09-23T20:21:37Z  OBSERVE  currencyservice  rejection=0.0000  low=435 high=0  state=ON
2026-09-23T20:21:37Z  OBSERVE  emailservice  rejection=0.0000  low=370 high=0  state=ON
2026-09-23T20:21:37Z  OBSERVE  paymentservice  rejection=0.0000  low=435 high=0  state=ON
2026-09-23T20:21:37Z  OBSERVE  productcatalogservice  rejection=0.0000  low=435 high=0  state=ON
2026-09-23T20:21:37Z  OBSERVE  recommendationservice  rejection=0.0000  low=435 high=0  state=ON
2026-09-23T20:21:37Z  OBSERVE  shippingservice  rejection=0.0000  low=435 high=0  state=ON
2026-09-23T20:21:38Z  OBSERVE  adservice  rejection=0.0000  low=436 high=0  state=ON
2026-09-23T20:21:38Z  OBSERVE  cartservice  rejection=0.0000  low=436 high=0  state=ON
2026-09-23T20:21:38Z  OBSERVE  checkoutservice  rejection=0.0000  low=369 high=0  state=ON
2026-09-23T20:21:38Z  OBSERVE  currencyservice  rejection=0.0000  low=436 high=0  state=ON
2026-09-23T20:21:38Z  OBSERVE  emailservice  rejection=0.0000  low=371 high=0  state=ON
2026-09-23T20:21:38Z  OBSERVE  paymentservice  rejection=0.0000  low=436 high=0  state=ON
2026-09-23T20:21:38Z  OBSERVE  productcatalogservice  rejection=0.0000  low=436 high=0  state=ON
2026-09-23T20:21:38Z  OBSERVE  recommendationservice  rejection=0.0000  low=436 high=0  state=ON
2026-09-23T20:21:38Z  OBSERVE  shippingservice  rejection=0.0000  low=436 high=0  state=ON
2026-09-23T20:21:39Z  OBSERVE  adservice  rejection=0.0000  low=437 high=0  state=ON
2026-09-23T20:21:39Z  OBSERVE  cartservice  rejection=0.0000  low=437 high=0  state=ON
2026-09-23T20:21:39Z  OBSERVE  checkoutservice  rejection=0.0000  low=370 high=0  state=ON
2026-09-23T20:21:39Z  OBSERVE  currencyservice  rejection=0.0000  low=437 high=0  state=ON
2026-09-23T20:21:39Z  OBSERVE  emailservice  rejection=0.0000  low=372 high=0  state=ON
2026-09-23T20:21:39Z  OBSERVE  paymentservice  rejection=0.0000  low=437 high=0  state=ON
2026-09-23T20:21:39Z  OBSERVE  productcatalogservice  rejection=0.0000  low=437 high=0  state=ON
2026-09-23T20:21:39Z  OBSERVE  recommendationservice  rejection=0.0000  low=437 high=0  state=ON
2026-09-23T20:21:39Z  OBSERVE  shippingservice  rejection=0.0000  low=437 high=0  state=ON
2026-09-23T20:21:40Z  OBSERVE  adservice  rejection=0.0000  low=438 high=0  state=ON
2026-09-23T20:21:40Z  OBSERVE  cartservice  rejection=0.0000  low=438 high=0  state=ON
2026-09-23T20:21:40Z  OBSERVE  checkoutservice  rejection=0.0000  low=371 high=0  state=ON
2026-09-23T20:21:40Z  OBSERVE  currencyservice  rejection=0.0000  low=438 high=0  state=ON
2026-09-23T20:21:40Z  OBSERVE  emailservice  rejection=0.0000  low=373 high=0  state=ON
2026-09-23T20:21:40Z  OBSERVE  paymentservice  rejection=0.0000  low=438 high=0  state=ON
2026-09-23T20:21:40Z  OBSERVE  productcatalogservice  rejection=0.0000  low=438 high=0  state=ON
2026-09-23T20:21:40Z  OBSERVE  recommendationservice  rejection=0.0000  low=438 high=0  state=ON
2026-09-23T20:21:40Z  OBSERVE  shippingservice  rejection=0.0000  low=438 high=0  state=ON
2026-09-23T20:21:41Z  OBSERVE  adservice  rejection=0.0000  low=439 high=0  state=ON
2026-09-23T20:21:41Z  OBSERVE  cartservice  rejection=0.0000  low=439 high=0  state=ON
2026-09-23T20:21:41Z  OBSERVE  checkoutservice  rejection=0.0000  low=372 high=0  state=ON
2026-09-23T20:21:41Z  OBSERVE  currencyservice  rejection=0.0000  low=439 high=0  state=ON
2026-09-23T20:21:41Z  OBSERVE  emailservice  rejection=0.0000  low=374 high=0  state=ON
2026-09-23T20:21:41Z  OBSERVE  paymentservice  rejection=0.0000  low=439 high=0  state=ON
2026-09-23T20:21:41Z  OBSERVE  productcatalogservice  rejection=0.0000  low=439 high=0  state=ON
2026-09-23T20:21:41Z  OBSERVE  recommendationservice  rejection=0.0000  low=439 high=0  state=ON
2026-09-23T20:21:41Z  OBSERVE  shippingservice  rejection=0.0000  low=439 high=0  state=ON
2026-09-23T20:21:42Z  OBSERVE  adservice  rejection=0.0000  low=440 high=0  state=ON
2026-09-23T20:21:42Z  OBSERVE  cartservice  rejection=0.0000  low=440 high=0  state=ON
2026-09-23T20:21:42Z  OBSERVE  checkoutservice  rejection=0.0000  low=373 high=0  state=ON
2026-09-23T20:21:42Z  OBSERVE  currencyservice  rejection=0.0000  low=440 high=0  state=ON
2026-09-23T20:21:42Z  OBSERVE  emailservice  rejection=0.0000  low=375 high=0  state=ON
2026-09-23T20:21:42Z  OBSERVE  paymentservice  rejection=0.0000  low=440 high=0  state=ON
2026-09-23T20:21:42Z  OBSERVE  productcatalogservice  rejection=0.0000  low=440 high=0  state=ON
2026-09-23T20:21:42Z  OBSERVE  recommendationservice  rejection=0.0000  low=440 high=0  state=ON
2026-09-23T20:21:42Z  OBSERVE  shippingservice  rejection=0.0000  low=440 high=0  state=ON
2026-09-23T20:21:43Z  OBSERVE  adservice  rejection=0.0000  low=441 high=0  state=ON
2026-09-23T20:21:43Z  OBSERVE  cartservice  rejection=0.0000  low=441 high=0  state=ON
2026-09-23T20:21:43Z  OBSERVE  checkoutservice  rejection=0.0000  low=374 high=0  state=ON
2026-09-23T20:21:43Z  OBSERVE  currencyservice  rejection=0.0000  low=441 high=0  state=ON
2026-09-23T20:21:43Z  OBSERVE  emailservice  rejection=0.0000  low=376 high=0  state=ON
2026-09-23T20:21:43Z  OBSERVE  paymentservice  rejection=0.0000  low=441 high=0  state=ON
2026-09-23T20:21:43Z  OBSERVE  productcatalogservice  rejection=0.0000  low=441 high=0  state=ON
2026-09-23T20:21:43Z  OBSERVE  recommendationservice  rejection=0.0000  low=441 high=0  state=ON
2026-09-23T20:21:43Z  OBSERVE  shippingservice  rejection=0.0000  low=441 high=0  state=ON
2026-09-23T20:21:44Z  OBSERVE  adservice  rejection=0.0000  low=442 high=0  state=ON
2026-09-23T20:21:44Z  OBSERVE  cartservice  rejection=0.0000  low=442 high=0  state=ON
2026-09-23T20:21:44Z  OBSERVE  checkoutservice  rejection=0.0000  low=375 high=0  state=ON
2026-09-23T20:21:44Z  OBSERVE  currencyservice  rejection=0.0000  low=442 high=0  state=ON
2026-09-23T20:21:44Z  OBSERVE  emailservice  rejection=0.0000  low=377 high=0  state=ON
2026-09-23T20:21:44Z  OBSERVE  paymentservice  rejection=0.0000  low=442 high=0  state=ON
2026-09-23T20:21:44Z  OBSERVE  productcatalogservice  rejection=0.0000  low=442 high=0  state=ON
2026-09-23T20:21:44Z  OBSERVE  recommendationservice  rejection=0.0000  low=442 high=0  state=ON
2026-09-23T20:21:44Z  OBSERVE  shippingservice  rejection=0.0000  low=442 high=0  state=ON
2026-09-23T20:21:45Z  OBSERVE  adservice  rejection=0.0000  low=443 high=0  state=ON
2026-09-23T20:21:45Z  OBSERVE  cartservice  rejection=0.0000  low=443 high=0  state=ON
2026-09-23T20:21:45Z  OBSERVE  checkoutservice  rejection=0.0000  low=376 high=0  state=ON
2026-09-23T20:21:45Z  OBSERVE  currencyservice  rejection=0.0000  low=443 high=0  state=ON
2026-09-23T20:21:45Z  OBSERVE  emailservice  rejection=0.0000  low=378 high=0  state=ON
2026-09-23T20:21:45Z  OBSERVE  paymentservice  rejection=0.0000  low=443 high=0  state=ON
2026-09-23T20:21:45Z  OBSERVE  productcatalogservice  rejection=0.0000  low=443 high=0  state=ON
2026-09-23T20:21:45Z  OBSERVE  recommendationservice  rejection=0.0000  low=443 high=0  state=ON
2026-09-23T20:21:45Z  OBSERVE  shippingservice  rejection=0.0000  low=443 high=0  state=ON
2026-09-23T20:21:46Z  OBSERVE  adservice  rejection=0.0000  low=444 high=0  state=ON
2026-09-23T20:21:46Z  OBSERVE  cartservice  rejection=0.0000  low=444 high=0  state=ON
2026-09-23T20:21:46Z  OBSERVE  checkoutservice  rejection=0.0000  low=377 high=0  state=ON
2026-09-23T20:21:46Z  OBSERVE  currencyservice  rejection=0.0000  low=444 high=0  state=ON
2026-09-23T20:21:46Z  OBSERVE  emailservice  rejection=0.0000  low=379 high=0  state=ON
2026-09-23T20:21:46Z  OBSERVE  paymentservice  rejection=0.0000  low=444 high=0  state=ON
2026-09-23T20:21:46Z  OBSERVE  productcatalogservice  rejection=0.0000  low=444 high=0  state=ON
2026-09-23T20:21:46Z  OBSERVE  recommendationservice  rejection=0.0000  low=444 high=0  state=ON
2026-09-23T20:21:46Z  OBSERVE  shippingservice  rejection=0.0000  low=444 high=0  state=ON
2026-09-23T20:21:47Z  OBSERVE  adservice  rejection=0.0000  low=445 high=0  state=ON
2026-09-23T20:21:47Z  OBSERVE  cartservice  rejection=0.0000  low=445 high=0  state=ON
2026-09-23T20:21:47Z  OBSERVE  checkoutservice  rejection=0.0000  low=378 high=0  state=ON
2026-09-23T20:21:47Z  OBSERVE  currencyservice  rejection=0.0000  low=445 high=0  state=ON
2026-09-23T20:21:47Z  OBSERVE  emailservice  rejection=0.0000  low=380 high=0  state=ON
2026-09-23T20:21:47Z  OBSERVE  paymentservice  rejection=0.0000  low=445 high=0  state=ON
2026-09-23T20:21:47Z  OBSERVE  productcatalogservice  rejection=0.0000  low=445 high=0  state=ON
2026-09-23T20:21:47Z  OBSERVE  recommendationservice  rejection=0.0000  low=445 high=0  state=ON
2026-09-23T20:21:47Z  OBSERVE  shippingservice  rejection=0.0000  low=445 high=0  state=ON
2026-09-23T20:21:48Z  OBSERVE  adservice  rejection=0.0000  low=446 high=0  state=ON
2026-09-23T20:21:48Z  OBSERVE  cartservice  rejection=0.0000  low=446 high=0  state=ON
2026-09-23T20:21:48Z  OBSERVE  checkoutservice  rejection=0.0000  low=379 high=0  state=ON
2026-09-23T20:21:48Z  OBSERVE  currencyservice  rejection=0.0000  low=446 high=0  state=ON
2026-09-23T20:21:48Z  OBSERVE  emailservice  rejection=0.0000  low=381 high=0  state=ON
2026-09-23T20:21:48Z  OBSERVE  paymentservice  rejection=0.0000  low=446 high=0  state=ON
2026-09-23T20:21:48Z  OBSERVE  productcatalogservice  rejection=0.0000  low=446 high=0  state=ON
2026-09-23T20:21:48Z  OBSERVE  recommendationservice  rejection=0.0000  low=446 high=0  state=ON
2026-09-23T20:21:48Z  OBSERVE  shippingservice  rejection=0.0000  low=446 high=0  state=ON
2026-09-23T20:21:49Z  OBSERVE  adservice  rejection=0.0000  low=447 high=0  state=ON
2026-09-23T20:21:49Z  OBSERVE  cartservice  rejection=0.0000  low=447 high=0  state=ON
2026-09-23T20:21:49Z  OBSERVE  checkoutservice  rejection=0.0000  low=380 high=0  state=ON
2026-09-23T20:21:49Z  OBSERVE  currencyservice  rejection=0.0000  low=447 high=0  state=ON
2026-09-23T20:21:49Z  OBSERVE  emailservice  rejection=0.0000  low=382 high=0  state=ON
2026-09-23T20:21:49Z  OBSERVE  paymentservice  rejection=0.0000  low=447 high=0  state=ON
2026-09-23T20:21:49Z  OBSERVE  productcatalogservice  rejection=0.0000  low=447 high=0  state=ON
2026-09-23T20:21:49Z  OBSERVE  recommendationservice  rejection=0.0000  low=447 high=0  state=ON
2026-09-23T20:21:49Z  OBSERVE  shippingservice  rejection=0.0000  low=447 high=0  state=ON
2026-09-23T20:21:50Z  OBSERVE  adservice  rejection=0.0000  low=448 high=0  state=ON
2026-09-23T20:21:50Z  OBSERVE  cartservice  rejection=0.0000  low=448 high=0  state=ON
2026-09-23T20:21:50Z  OBSERVE  checkoutservice  rejection=0.0000  low=381 high=0  state=ON
2026-09-23T20:21:50Z  OBSERVE  currencyservice  rejection=0.0000  low=448 high=0  state=ON
2026-09-23T20:21:50Z  OBSERVE  emailservice  rejection=0.0000  low=383 high=0  state=ON
2026-09-23T20:21:50Z  OBSERVE  paymentservice  rejection=0.0000  low=448 high=0  state=ON
2026-09-23T20:21:50Z  OBSERVE  productcatalogservice  rejection=0.0000  low=448 high=0  state=ON
2026-09-23T20:21:50Z  OBSERVE  recommendationservice  rejection=0.0000  low=448 high=0  state=ON
2026-09-23T20:21:50Z  OBSERVE  shippingservice  rejection=0.0000  low=448 high=0  state=ON
2026-09-23T20:21:51Z  OBSERVE  adservice  rejection=0.0000  low=449 high=0  state=ON
2026-09-23T20:21:51Z  OBSERVE  cartservice  rejection=0.0000  low=449 high=0  state=ON
2026-09-23T20:21:51Z  OBSERVE  checkoutservice  rejection=0.0000  low=382 high=0  state=ON
2026-09-23T20:21:51Z  OBSERVE  currencyservice  rejection=0.0000  low=449 high=0  state=ON
2026-09-23T20:21:51Z  OBSERVE  emailservice  rejection=0.0000  low=384 high=0  state=ON
2026-09-23T20:21:51Z  OBSERVE  paymentservice  rejection=0.0000  low=449 high=0  state=ON
2026-09-23T20:21:51Z  OBSERVE  productcatalogservice  rejection=0.0000  low=449 high=0  state=ON
2026-09-23T20:21:51Z  OBSERVE  recommendationservice  rejection=0.0000  low=449 high=0  state=ON
2026-09-23T20:21:51Z  OBSERVE  shippingservice  rejection=0.0000  low=449 high=0  state=ON
2026-09-23T20:21:52Z  OBSERVE  adservice  rejection=0.0000  low=450 high=0  state=ON
2026-09-23T20:21:52Z  OBSERVE  cartservice  rejection=0.0000  low=450 high=0  state=ON
2026-09-23T20:21:52Z  OBSERVE  checkoutservice  rejection=0.0000  low=383 high=0  state=ON
2026-09-23T20:21:52Z  OBSERVE  currencyservice  rejection=0.0000  low=450 high=0  state=ON
2026-09-23T20:21:52Z  OBSERVE  emailservice  rejection=0.0000  low=385 high=0  state=ON
2026-09-23T20:21:52Z  OBSERVE  paymentservice  rejection=0.0000  low=450 high=0  state=ON
2026-09-23T20:21:52Z  OBSERVE  productcatalogservice  rejection=0.0000  low=450 high=0  state=ON
2026-09-23T20:21:52Z  OBSERVE  recommendationservice  rejection=0.0000  low=450 high=0  state=ON
2026-09-23T20:21:52Z  OBSERVE  shippingservice  rejection=0.0000  low=450 high=0  state=ON
2026-09-23T20:21:53Z  OBSERVE  adservice  rejection=0.0000  low=451 high=0  state=ON
2026-09-23T20:21:53Z  OBSERVE  cartservice  rejection=0.0000  low=451 high=0  state=ON
2026-09-23T20:21:53Z  OBSERVE  checkoutservice  rejection=0.0000  low=384 high=0  state=ON
2026-09-23T20:21:53Z  OBSERVE  currencyservice  rejection=0.0000  low=451 high=0  state=ON
2026-09-23T20:21:53Z  OBSERVE  emailservice  rejection=0.0000  low=386 high=0  state=ON
2026-09-23T20:21:53Z  OBSERVE  paymentservice  rejection=0.0000  low=451 high=0  state=ON
2026-09-23T20:21:53Z  OBSERVE  productcatalogservice  rejection=0.0000  low=451 high=0  state=ON
2026-09-23T20:21:53Z  OBSERVE  recommendationservice  rejection=0.0000  low=451 high=0  state=ON
2026-09-23T20:21:53Z  OBSERVE  shippingservice  rejection=0.0000  low=451 high=0  state=ON
2026-09-23T20:21:54Z  OBSERVE  adservice  rejection=0.0000  low=452 high=0  state=ON
2026-09-23T20:21:54Z  OBSERVE  cartservice  rejection=0.0000  low=452 high=0  state=ON
2026-09-23T20:21:54Z  OBSERVE  checkoutservice  rejection=0.0000  low=385 high=0  state=ON
2026-09-23T20:21:54Z  OBSERVE  currencyservice  rejection=0.0000  low=452 high=0  state=ON
2026-09-23T20:21:54Z  OBSERVE  emailservice  rejection=0.0000  low=387 high=0  state=ON
2026-09-23T20:21:54Z  OBSERVE  paymentservice  rejection=0.0000  low=452 high=0  state=ON
2026-09-23T20:21:54Z  OBSERVE  productcatalogservice  rejection=0.0000  low=452 high=0  state=ON
2026-09-23T20:21:54Z  OBSERVE  recommendationservice  rejection=0.0000  low=452 high=0  state=ON
2026-09-23T20:21:54Z  OBSERVE  shippingservice  rejection=0.0000  low=452 high=0  state=ON
2026-09-23T20:21:55Z  OBSERVE  adservice  rejection=0.0000  low=453 high=0  state=ON
2026-09-23T20:21:55Z  OBSERVE  cartservice  rejection=0.0000  low=453 high=0  state=ON
2026-09-23T20:21:55Z  OBSERVE  checkoutservice  rejection=0.0000  low=386 high=0  state=ON
2026-09-23T20:21:55Z  OBSERVE  currencyservice  rejection=0.0000  low=453 high=0  state=ON
2026-09-23T20:21:55Z  OBSERVE  emailservice  rejection=0.0000  low=388 high=0  state=ON
2026-09-23T20:21:55Z  OBSERVE  paymentservice  rejection=0.0000  low=453 high=0  state=ON
2026-09-23T20:21:55Z  OBSERVE  productcatalogservice  rejection=0.0000  low=453 high=0  state=ON
2026-09-23T20:21:55Z  OBSERVE  recommendationservice  rejection=0.0000  low=453 high=0  state=ON
2026-09-23T20:21:55Z  OBSERVE  shippingservice  rejection=0.0000  low=453 high=0  state=ON
2026-09-23T20:21:56Z  OBSERVE  adservice  rejection=0.0000  low=454 high=0  state=ON
2026-09-23T20:21:56Z  OBSERVE  cartservice  rejection=0.0000  low=454 high=0  state=ON
2026-09-23T20:21:56Z  OBSERVE  checkoutservice  rejection=0.0000  low=387 high=0  state=ON
2026-09-23T20:21:56Z  OBSERVE  currencyservice  rejection=0.0000  low=454 high=0  state=ON
2026-09-23T20:21:56Z  OBSERVE  emailservice  rejection=0.0000  low=389 high=0  state=ON
2026-09-23T20:21:56Z  OBSERVE  paymentservice  rejection=0.0000  low=454 high=0  state=ON
2026-09-23T20:21:56Z  OBSERVE  productcatalogservice  rejection=0.0000  low=454 high=0  state=ON
2026-09-23T20:21:56Z  OBSERVE  recommendationservice  rejection=0.0000  low=454 high=0  state=ON
2026-09-23T20:21:56Z  OBSERVE  shippingservice  rejection=0.0000  low=454 high=0  state=ON
2026-09-23T20:21:57Z  OBSERVE  adservice  rejection=0.0000  low=455 high=0  state=ON
2026-09-23T20:21:57Z  OBSERVE  cartservice  rejection=0.0000  low=455 high=0  state=ON
2026-09-23T20:21:57Z  OBSERVE  checkoutservice  rejection=0.0000  low=388 high=0  state=ON
2026-09-23T20:21:57Z  OBSERVE  currencyservice  rejection=0.0000  low=455 high=0  state=ON
2026-09-23T20:21:57Z  OBSERVE  emailservice  rejection=0.0000  low=390 high=0  state=ON
2026-09-23T20:21:57Z  OBSERVE  paymentservice  rejection=0.0000  low=455 high=0  state=ON
2026-09-23T20:21:57Z  OBSERVE  productcatalogservice  rejection=0.0000  low=455 high=0  state=ON
2026-09-23T20:21:57Z  OBSERVE  recommendationservice  rejection=0.0000  low=455 high=0  state=ON
2026-09-23T20:21:57Z  OBSERVE  shippingservice  rejection=0.0000  low=455 high=0  state=ON
2026-09-23T20:21:58Z  OBSERVE  adservice  rejection=0.0000  low=456 high=0  state=ON
2026-09-23T20:21:58Z  OBSERVE  cartservice  rejection=0.0000  low=456 high=0  state=ON
2026-09-23T20:21:58Z  OBSERVE  checkoutservice  rejection=0.0000  low=389 high=0  state=ON
2026-09-23T20:21:58Z  OBSERVE  currencyservice  rejection=0.0000  low=456 high=0  state=ON
2026-09-23T20:21:58Z  OBSERVE  emailservice  rejection=0.0000  low=391 high=0  state=ON
2026-09-23T20:21:58Z  OBSERVE  paymentservice  rejection=0.0000  low=456 high=0  state=ON
2026-09-23T20:21:58Z  OBSERVE  productcatalogservice  rejection=0.0000  low=456 high=0  state=ON
2026-09-23T20:21:58Z  OBSERVE  recommendationservice  rejection=0.0000  low=456 high=0  state=ON
2026-09-23T20:21:58Z  OBSERVE  shippingservice  rejection=0.0000  low=456 high=0  state=ON
2026-09-23T20:21:59Z  OBSERVE  adservice  rejection=0.0000  low=457 high=0  state=ON
2026-09-23T20:21:59Z  OBSERVE  cartservice  rejection=0.0000  low=457 high=0  state=ON
2026-09-23T20:21:59Z  OBSERVE  checkoutservice  rejection=0.0000  low=390 high=0  state=ON
2026-09-23T20:21:59Z  OBSERVE  currencyservice  rejection=0.0000  low=457 high=0  state=ON
2026-09-23T20:21:59Z  OBSERVE  emailservice  rejection=0.0000  low=392 high=0  state=ON
2026-09-23T20:21:59Z  OBSERVE  paymentservice  rejection=0.0000  low=457 high=0  state=ON
2026-09-23T20:21:59Z  OBSERVE  productcatalogservice  rejection=0.0000  low=457 high=0  state=ON
2026-09-23T20:21:59Z  OBSERVE  recommendationservice  rejection=0.0000  low=457 high=0  state=ON
2026-09-23T20:21:59Z  OBSERVE  shippingservice  rejection=0.0000  low=457 high=0  state=ON
2026-09-23T20:22:00Z  OBSERVE  adservice  rejection=0.0000  low=458 high=0  state=ON
2026-09-23T20:22:00Z  OBSERVE  cartservice  rejection=0.0000  low=458 high=0  state=ON
2026-09-23T20:22:00Z  OBSERVE  checkoutservice  rejection=0.0000  low=391 high=0  state=ON
2026-09-23T20:22:00Z  OBSERVE  currencyservice  rejection=0.0000  low=458 high=0  state=ON
2026-09-23T20:22:00Z  OBSERVE  emailservice  rejection=0.0000  low=393 high=0  state=ON
2026-09-23T20:22:00Z  OBSERVE  paymentservice  rejection=0.0000  low=458 high=0  state=ON
2026-09-23T20:22:00Z  OBSERVE  productcatalogservice  rejection=0.0000  low=458 high=0  state=ON
2026-09-23T20:22:00Z  OBSERVE  recommendationservice  rejection=0.0000  low=458 high=0  state=ON
2026-09-23T20:22:00Z  OBSERVE  shippingservice  rejection=0.0000  low=458 high=0  state=ON
2026-09-23T20:22:01Z  OBSERVE  adservice  rejection=0.0000  low=459 high=0  state=ON
2026-09-23T20:22:01Z  OBSERVE  cartservice  rejection=0.0000  low=459 high=0  state=ON
2026-09-23T20:22:01Z  OBSERVE  checkoutservice  rejection=0.0000  low=392 high=0  state=ON
2026-09-23T20:22:01Z  OBSERVE  currencyservice  rejection=0.0000  low=459 high=0  state=ON
2026-09-23T20:22:01Z  OBSERVE  emailservice  rejection=0.0000  low=394 high=0  state=ON
2026-09-23T20:22:01Z  OBSERVE  paymentservice  rejection=0.0000  low=459 high=0  state=ON
2026-09-23T20:22:01Z  OBSERVE  productcatalogservice  rejection=0.0000  low=459 high=0  state=ON
2026-09-23T20:22:01Z  OBSERVE  recommendationservice  rejection=0.0000  low=459 high=0  state=ON
2026-09-23T20:22:01Z  OBSERVE  shippingservice  rejection=0.0000  low=459 high=0  state=ON
2026-09-23T20:22:02Z  OBSERVE  adservice  rejection=0.0000  low=460 high=0  state=ON
2026-09-23T20:22:02Z  OBSERVE  cartservice  rejection=0.0000  low=460 high=0  state=ON
2026-09-23T20:22:02Z  OBSERVE  checkoutservice  rejection=0.0000  low=393 high=0  state=ON
2026-09-23T20:22:02Z  OBSERVE  currencyservice  rejection=0.0000  low=460 high=0  state=ON
2026-09-23T20:22:02Z  OBSERVE  emailservice  rejection=0.0000  low=395 high=0  state=ON
2026-09-23T20:22:02Z  OBSERVE  paymentservice  rejection=0.0000  low=460 high=0  state=ON
2026-09-23T20:22:02Z  OBSERVE  productcatalogservice  rejection=0.0000  low=460 high=0  state=ON
2026-09-23T20:22:02Z  OBSERVE  recommendationservice  rejection=0.0000  low=460 high=0  state=ON
2026-09-23T20:22:02Z  OBSERVE  shippingservice  rejection=0.0000  low=460 high=0  state=ON
2026-09-23T20:22:03Z  OBSERVE  adservice  rejection=0.0000  low=461 high=0  state=ON
2026-09-23T20:22:03Z  OBSERVE  cartservice  rejection=0.0000  low=461 high=0  state=ON
2026-09-23T20:22:03Z  OBSERVE  checkoutservice  rejection=0.0000  low=394 high=0  state=ON
2026-09-23T20:22:03Z  OBSERVE  currencyservice  rejection=0.0000  low=461 high=0  state=ON
2026-09-23T20:22:03Z  OBSERVE  emailservice  rejection=0.0000  low=396 high=0  state=ON
2026-09-23T20:22:03Z  OBSERVE  paymentservice  rejection=0.0000  low=461 high=0  state=ON
2026-09-23T20:22:03Z  OBSERVE  productcatalogservice  rejection=0.0000  low=461 high=0  state=ON
2026-09-23T20:22:03Z  OBSERVE  recommendationservice  rejection=0.0000  low=461 high=0  state=ON
2026-09-23T20:22:03Z  OBSERVE  shippingservice  rejection=0.0000  low=461 high=0  state=ON
2026-09-23T20:22:04Z  OBSERVE  adservice  rejection=0.0000  low=462 high=0  state=ON
2026-09-23T20:22:04Z  OBSERVE  cartservice  rejection=0.0000  low=462 high=0  state=ON
2026-09-23T20:22:04Z  OBSERVE  checkoutservice  rejection=0.0000  low=395 high=0  state=ON
2026-09-23T20:22:04Z  OBSERVE  currencyservice  rejection=0.0000  low=462 high=0  state=ON
2026-09-23T20:22:04Z  OBSERVE  emailservice  rejection=0.0000  low=397 high=0  state=ON
2026-09-23T20:22:04Z  OBSERVE  paymentservice  rejection=0.0000  low=462 high=0  state=ON
2026-09-23T20:22:04Z  OBSERVE  productcatalogservice  rejection=0.0000  low=462 high=0  state=ON
2026-09-23T20:22:04Z  OBSERVE  recommendationservice  rejection=0.0000  low=462 high=0  state=ON
2026-09-23T20:22:04Z  OBSERVE  shippingservice  rejection=0.0000  low=462 high=0  state=ON
2026-09-23T20:22:05Z  OBSERVE  adservice  rejection=0.0000  low=463 high=0  state=ON
2026-09-23T20:22:05Z  OBSERVE  cartservice  rejection=0.0000  low=463 high=0  state=ON
2026-09-23T20:22:05Z  OBSERVE  checkoutservice  rejection=0.0000  low=396 high=0  state=ON
2026-09-23T20:22:05Z  OBSERVE  currencyservice  rejection=0.0000  low=463 high=0  state=ON
2026-09-23T20:22:05Z  OBSERVE  emailservice  rejection=0.0000  low=398 high=0  state=ON
2026-09-23T20:22:05Z  OBSERVE  paymentservice  rejection=0.0000  low=463 high=0  state=ON
2026-09-23T20:22:05Z  OBSERVE  productcatalogservice  rejection=0.0000  low=463 high=0  state=ON
2026-09-23T20:22:05Z  OBSERVE  recommendationservice  rejection=0.0000  low=463 high=0  state=ON
2026-09-23T20:22:05Z  OBSERVE  shippingservice  rejection=0.0000  low=463 high=0  state=ON
2026-09-23T20:22:06Z  OBSERVE  adservice  rejection=0.0000  low=464 high=0  state=ON
2026-09-23T20:22:06Z  OBSERVE  cartservice  rejection=0.0000  low=464 high=0  state=ON
2026-09-23T20:22:06Z  OBSERVE  checkoutservice  rejection=0.0000  low=397 high=0  state=ON
2026-09-23T20:22:06Z  OBSERVE  currencyservice  rejection=0.0000  low=464 high=0  state=ON
2026-09-23T20:22:06Z  OBSERVE  emailservice  rejection=0.0000  low=399 high=0  state=ON
2026-09-23T20:22:06Z  OBSERVE  paymentservice  rejection=0.0000  low=464 high=0  state=ON
2026-09-23T20:22:06Z  OBSERVE  productcatalogservice  rejection=0.0000  low=464 high=0  state=ON
2026-09-23T20:22:06Z  OBSERVE  recommendationservice  rejection=0.0000  low=464 high=0  state=ON
2026-09-23T20:22:06Z  OBSERVE  shippingservice  rejection=0.0000  low=464 high=0  state=ON
2026-09-23T20:22:07Z  OBSERVE  adservice  rejection=0.0000  low=465 high=0  state=ON
2026-09-23T20:22:07Z  OBSERVE  cartservice  rejection=0.0000  low=465 high=0  state=ON
2026-09-23T20:22:07Z  OBSERVE  checkoutservice  rejection=0.0000  low=398 high=0  state=ON
2026-09-23T20:22:07Z  OBSERVE  currencyservice  rejection=0.0000  low=465 high=0  state=ON
2026-09-23T20:22:07Z  OBSERVE  emailservice  rejection=0.0000  low=400 high=0  state=ON
2026-09-23T20:22:07Z  OBSERVE  paymentservice  rejection=0.0000  low=465 high=0  state=ON
2026-09-23T20:22:07Z  OBSERVE  productcatalogservice  rejection=0.0000  low=465 high=0  state=ON
2026-09-23T20:22:07Z  OBSERVE  recommendationservice  rejection=0.0000  low=465 high=0  state=ON
2026-09-23T20:22:07Z  OBSERVE  shippingservice  rejection=0.0000  low=465 high=0  state=ON
2026-09-23T20:22:08Z  OBSERVE  adservice  rejection=0.0000  low=466 high=0  state=ON
2026-09-23T20:22:08Z  OBSERVE  cartservice  rejection=0.0000  low=466 high=0  state=ON
2026-09-23T20:22:08Z  OBSERVE  checkoutservice  rejection=0.0000  low=399 high=0  state=ON
2026-09-23T20:22:08Z  OBSERVE  currencyservice  rejection=0.0000  low=466 high=0  state=ON
2026-09-23T20:22:08Z  OBSERVE  emailservice  rejection=0.0000  low=401 high=0  state=ON
2026-09-23T20:22:08Z  OBSERVE  paymentservice  rejection=0.0000  low=466 high=0  state=ON
2026-09-23T20:22:08Z  OBSERVE  productcatalogservice  rejection=0.0000  low=466 high=0  state=ON
2026-09-23T20:22:08Z  OBSERVE  recommendationservice  rejection=0.0000  low=466 high=0  state=ON
2026-09-23T20:22:08Z  OBSERVE  shippingservice  rejection=0.0000  low=466 high=0  state=ON
2026-09-23T20:22:09Z  OBSERVE  adservice  rejection=0.0000  low=467 high=0  state=ON
2026-09-23T20:22:09Z  OBSERVE  cartservice  rejection=0.0000  low=467 high=0  state=ON
2026-09-23T20:22:09Z  OBSERVE  checkoutservice  rejection=0.0000  low=400 high=0  state=ON
2026-09-23T20:22:09Z  OBSERVE  currencyservice  rejection=0.0000  low=467 high=0  state=ON
2026-09-23T20:22:09Z  OBSERVE  emailservice  rejection=0.0000  low=402 high=0  state=ON
2026-09-23T20:22:09Z  OBSERVE  paymentservice  rejection=0.0000  low=467 high=0  state=ON
2026-09-23T20:22:09Z  OBSERVE  productcatalogservice  rejection=0.0000  low=467 high=0  state=ON
2026-09-23T20:22:09Z  OBSERVE  recommendationservice  rejection=0.0000  low=467 high=0  state=ON
2026-09-23T20:22:09Z  OBSERVE  shippingservice  rejection=0.0000  low=467 high=0  state=ON
2026-09-23T20:22:10Z  OBSERVE  adservice  rejection=0.0000  low=468 high=0  state=ON
2026-09-23T20:22:10Z  OBSERVE  cartservice  rejection=0.0000  low=468 high=0  state=ON
2026-09-23T20:22:10Z  OBSERVE  checkoutservice  rejection=0.0000  low=401 high=0  state=ON
2026-09-23T20:22:10Z  OBSERVE  currencyservice  rejection=0.0000  low=468 high=0  state=ON
2026-09-23T20:22:10Z  OBSERVE  emailservice  rejection=0.0000  low=403 high=0  state=ON
2026-09-23T20:22:10Z  OBSERVE  paymentservice  rejection=0.0000  low=468 high=0  state=ON
2026-09-23T20:22:10Z  OBSERVE  productcatalogservice  rejection=0.0000  low=468 high=0  state=ON
2026-09-23T20:22:10Z  OBSERVE  recommendationservice  rejection=0.0000  low=468 high=0  state=ON
2026-09-23T20:22:10Z  OBSERVE  shippingservice  rejection=0.0000  low=468 high=0  state=ON
2026-09-23T20:22:11Z  OBSERVE  adservice  rejection=0.0000  low=469 high=0  state=ON
2026-09-23T20:22:11Z  OBSERVE  cartservice  rejection=0.0000  low=469 high=0  state=ON
2026-09-23T20:22:11Z  OBSERVE  checkoutservice  rejection=0.0000  low=402 high=0  state=ON
2026-09-23T20:22:11Z  OBSERVE  currencyservice  rejection=0.0000  low=469 high=0  state=ON
2026-09-23T20:22:11Z  OBSERVE  emailservice  rejection=0.0000  low=404 high=0  state=ON
2026-09-23T20:22:11Z  OBSERVE  paymentservice  rejection=0.0000  low=469 high=0  state=ON
2026-09-23T20:22:11Z  OBSERVE  productcatalogservice  rejection=0.0000  low=469 high=0  state=ON
2026-09-23T20:22:11Z  OBSERVE  recommendationservice  rejection=0.0000  low=469 high=0  state=ON
2026-09-23T20:22:11Z  OBSERVE  shippingservice  rejection=0.0000  low=469 high=0  state=ON
2026-09-23T20:22:12Z  OBSERVE  adservice  rejection=0.0000  low=470 high=0  state=ON
2026-09-23T20:22:12Z  OBSERVE  cartservice  rejection=0.0000  low=470 high=0  state=ON
2026-09-23T20:22:12Z  OBSERVE  checkoutservice  rejection=0.0000  low=403 high=0  state=ON
2026-09-23T20:22:12Z  OBSERVE  currencyservice  rejection=0.0000  low=470 high=0  state=ON
2026-09-23T20:22:12Z  OBSERVE  emailservice  rejection=0.0000  low=405 high=0  state=ON
2026-09-23T20:22:12Z  OBSERVE  paymentservice  rejection=0.0000  low=470 high=0  state=ON
2026-09-23T20:22:12Z  OBSERVE  productcatalogservice  rejection=0.0000  low=470 high=0  state=ON
2026-09-23T20:22:12Z  OBSERVE  recommendationservice  rejection=0.0000  low=470 high=0  state=ON
2026-09-23T20:22:12Z  OBSERVE  shippingservice  rejection=0.0000  low=470 high=0  state=ON
2026-09-23T20:22:13Z  OBSERVE  adservice  rejection=0.0000  low=471 high=0  state=ON
2026-09-23T20:22:13Z  OBSERVE  cartservice  rejection=0.0000  low=471 high=0  state=ON
2026-09-23T20:22:13Z  OBSERVE  checkoutservice  rejection=0.0000  low=404 high=0  state=ON
2026-09-23T20:22:13Z  OBSERVE  currencyservice  rejection=0.0000  low=471 high=0  state=ON
2026-09-23T20:22:13Z  OBSERVE  emailservice  rejection=0.0000  low=406 high=0  state=ON
2026-09-23T20:22:13Z  OBSERVE  paymentservice  rejection=0.0000  low=471 high=0  state=ON
2026-09-23T20:22:13Z  OBSERVE  productcatalogservice  rejection=0.0000  low=471 high=0  state=ON
2026-09-23T20:22:13Z  OBSERVE  recommendationservice  rejection=0.0000  low=471 high=0  state=ON
2026-09-23T20:22:13Z  OBSERVE  shippingservice  rejection=0.0000  low=471 high=0  state=ON
2026-09-23T20:22:14Z  OBSERVE  adservice  rejection=0.0000  low=472 high=0  state=ON
2026-09-23T20:22:14Z  OBSERVE  cartservice  rejection=0.0000  low=472 high=0  state=ON
2026-09-23T20:22:14Z  OBSERVE  checkoutservice  rejection=0.0000  low=405 high=0  state=ON
2026-09-23T20:22:14Z  OBSERVE  currencyservice  rejection=0.0000  low=472 high=0  state=ON
2026-09-23T20:22:14Z  OBSERVE  emailservice  rejection=0.0000  low=407 high=0  state=ON
2026-09-23T20:22:14Z  OBSERVE  paymentservice  rejection=0.0000  low=472 high=0  state=ON
2026-09-23T20:22:14Z  OBSERVE  productcatalogservice  rejection=0.0000  low=472 high=0  state=ON
2026-09-23T20:22:14Z  OBSERVE  recommendationservice  rejection=0.0000  low=472 high=0  state=ON
2026-09-23T20:22:14Z  OBSERVE  shippingservice  rejection=0.0000  low=472 high=0  state=ON
2026-09-23T20:22:15Z  OBSERVE  adservice  rejection=0.0000  low=473 high=0  state=ON
2026-09-23T20:22:15Z  OBSERVE  cartservice  rejection=0.0000  low=473 high=0  state=ON
2026-09-23T20:22:15Z  OBSERVE  checkoutservice  rejection=0.0000  low=406 high=0  state=ON
2026-09-23T20:22:15Z  OBSERVE  currencyservice  rejection=0.0000  low=473 high=0  state=ON
2026-09-23T20:22:15Z  OBSERVE  emailservice  rejection=0.0000  low=408 high=0  state=ON
2026-09-23T20:22:15Z  OBSERVE  paymentservice  rejection=0.0000  low=473 high=0  state=ON
2026-09-23T20:22:15Z  OBSERVE  productcatalogservice  rejection=0.0000  low=473 high=0  state=ON
2026-09-23T20:22:15Z  OBSERVE  recommendationservice  rejection=0.0000  low=473 high=0  state=ON
2026-09-23T20:22:15Z  OBSERVE  shippingservice  rejection=0.0000  low=473 high=0  state=ON
2026-09-23T20:22:16Z  OBSERVE  adservice  rejection=0.0000  low=474 high=0  state=ON
2026-09-23T20:22:16Z  OBSERVE  cartservice  rejection=0.0000  low=474 high=0  state=ON
2026-09-23T20:22:16Z  OBSERVE  checkoutservice  rejection=0.0000  low=407 high=0  state=ON
2026-09-23T20:22:16Z  OBSERVE  currencyservice  rejection=0.0000  low=474 high=0  state=ON
2026-09-23T20:22:16Z  OBSERVE  emailservice  rejection=0.0000  low=409 high=0  state=ON
2026-09-23T20:22:16Z  OBSERVE  paymentservice  rejection=0.0000  low=474 high=0  state=ON
2026-09-23T20:22:16Z  OBSERVE  productcatalogservice  rejection=0.0000  low=474 high=0  state=ON
2026-09-23T20:22:16Z  OBSERVE  recommendationservice  rejection=0.0000  low=474 high=0  state=ON
2026-09-23T20:22:16Z  OBSERVE  shippingservice  rejection=0.0000  low=474 high=0  state=ON
2026-09-23T20:22:17Z  OBSERVE  adservice  rejection=0.0000  low=475 high=0  state=ON
2026-09-23T20:22:17Z  OBSERVE  cartservice  rejection=0.0000  low=475 high=0  state=ON
2026-09-23T20:22:17Z  OBSERVE  checkoutservice  rejection=0.0000  low=408 high=0  state=ON
2026-09-23T20:22:17Z  OBSERVE  currencyservice  rejection=0.0000  low=475 high=0  state=ON
2026-09-23T20:22:17Z  OBSERVE  emailservice  rejection=0.0000  low=410 high=0  state=ON
2026-09-23T20:22:17Z  OBSERVE  paymentservice  rejection=0.0000  low=475 high=0  state=ON
2026-09-23T20:22:17Z  OBSERVE  productcatalogservice  rejection=0.0000  low=475 high=0  state=ON
2026-09-23T20:22:17Z  OBSERVE  recommendationservice  rejection=0.0000  low=475 high=0  state=ON
2026-09-23T20:22:17Z  OBSERVE  shippingservice  rejection=0.0000  low=475 high=0  state=ON
2026-09-23T20:22:18Z  OBSERVE  adservice  rejection=0.0000  low=476 high=0  state=ON
2026-09-23T20:22:18Z  OBSERVE  cartservice  rejection=0.0000  low=476 high=0  state=ON
2026-09-23T20:22:18Z  OBSERVE  checkoutservice  rejection=0.0000  low=409 high=0  state=ON
2026-09-23T20:22:18Z  OBSERVE  currencyservice  rejection=0.0000  low=476 high=0  state=ON
2026-09-23T20:22:18Z  OBSERVE  emailservice  rejection=0.0000  low=411 high=0  state=ON
2026-09-23T20:22:18Z  OBSERVE  paymentservice  rejection=0.0000  low=476 high=0  state=ON
2026-09-23T20:22:18Z  OBSERVE  productcatalogservice  rejection=0.0000  low=476 high=0  state=ON
2026-09-23T20:22:18Z  OBSERVE  recommendationservice  rejection=0.0000  low=476 high=0  state=ON
2026-09-23T20:22:18Z  OBSERVE  shippingservice  rejection=0.0000  low=476 high=0  state=ON
2026-09-23T20:22:19Z  OBSERVE  adservice  rejection=0.0000  low=477 high=0  state=ON
2026-09-23T20:22:19Z  OBSERVE  cartservice  rejection=0.0000  low=477 high=0  state=ON
2026-09-23T20:22:19Z  OBSERVE  checkoutservice  rejection=0.0000  low=410 high=0  state=ON
2026-09-23T20:22:19Z  OBSERVE  currencyservice  rejection=0.0000  low=477 high=0  state=ON
2026-09-23T20:22:19Z  OBSERVE  emailservice  rejection=0.0000  low=412 high=0  state=ON
2026-09-23T20:22:19Z  OBSERVE  paymentservice  rejection=0.0000  low=477 high=0  state=ON
2026-09-23T20:22:19Z  OBSERVE  productcatalogservice  rejection=0.0000  low=477 high=0  state=ON
2026-09-23T20:22:19Z  OBSERVE  recommendationservice  rejection=0.0000  low=477 high=0  state=ON
2026-09-23T20:22:19Z  OBSERVE  shippingservice  rejection=0.0000  low=477 high=0  state=ON
2026-09-23T20:22:20Z  OBSERVE  adservice  rejection=0.0000  low=478 high=0  state=ON
2026-09-23T20:22:20Z  OBSERVE  cartservice  rejection=0.0000  low=478 high=0  state=ON
2026-09-23T20:22:20Z  OBSERVE  checkoutservice  rejection=0.0000  low=411 high=0  state=ON
2026-09-23T20:22:20Z  OBSERVE  currencyservice  rejection=0.0000  low=478 high=0  state=ON
2026-09-23T20:22:20Z  OBSERVE  emailservice  rejection=0.0000  low=413 high=0  state=ON
2026-09-23T20:22:20Z  OBSERVE  paymentservice  rejection=0.0000  low=478 high=0  state=ON
2026-09-23T20:22:20Z  OBSERVE  productcatalogservice  rejection=0.0000  low=478 high=0  state=ON
2026-09-23T20:22:20Z  OBSERVE  recommendationservice  rejection=0.0000  low=478 high=0  state=ON
2026-09-23T20:22:20Z  OBSERVE  shippingservice  rejection=0.0000  low=478 high=0  state=ON
2026-09-23T20:22:21Z  OBSERVE  adservice  rejection=0.0000  low=479 high=0  state=ON
2026-09-23T20:22:21Z  OBSERVE  cartservice  rejection=0.0000  low=479 high=0  state=ON
2026-09-23T20:22:21Z  OBSERVE  checkoutservice  rejection=0.0000  low=412 high=0  state=ON
2026-09-23T20:22:21Z  OBSERVE  currencyservice  rejection=0.0000  low=479 high=0  state=ON
2026-09-23T20:22:21Z  OBSERVE  emailservice  rejection=0.0000  low=414 high=0  state=ON
2026-09-23T20:22:21Z  OBSERVE  paymentservice  rejection=0.0000  low=479 high=0  state=ON
2026-09-23T20:22:21Z  OBSERVE  productcatalogservice  rejection=0.0000  low=479 high=0  state=ON
2026-09-23T20:22:21Z  OBSERVE  recommendationservice  rejection=0.0000  low=479 high=0  state=ON
2026-09-23T20:22:21Z  OBSERVE  shippingservice  rejection=0.0000  low=479 high=0  state=ON
2026-09-23T20:22:22Z  OBSERVE  adservice  rejection=0.0000  low=480 high=0  state=ON
2026-09-23T20:22:22Z  OBSERVE  cartservice  rejection=0.0000  low=480 high=0  state=ON
2026-09-23T20:22:22Z  OBSERVE  checkoutservice  rejection=0.0000  low=413 high=0  state=ON
2026-09-23T20:22:22Z  OBSERVE  currencyservice  rejection=0.0000  low=480 high=0  state=ON
2026-09-23T20:22:22Z  OBSERVE  emailservice  rejection=0.0000  low=415 high=0  state=ON
2026-09-23T20:22:22Z  OBSERVE  paymentservice  rejection=0.0000  low=480 high=0  state=ON
2026-09-23T20:22:22Z  OBSERVE  productcatalogservice  rejection=0.0000  low=480 high=0  state=ON
2026-09-23T20:22:22Z  OBSERVE  recommendationservice  rejection=0.0000  low=480 high=0  state=ON
2026-09-23T20:22:22Z  OBSERVE  shippingservice  rejection=0.0000  low=480 high=0  state=ON
2026-09-23T20:22:23Z  OBSERVE  adservice  rejection=0.0000  low=481 high=0  state=ON
2026-09-23T20:22:23Z  OBSERVE  cartservice  rejection=0.0000  low=481 high=0  state=ON
2026-09-23T20:22:23Z  OBSERVE  checkoutservice  rejection=0.0000  low=414 high=0  state=ON
2026-09-23T20:22:23Z  OBSERVE  currencyservice  rejection=0.0000  low=481 high=0  state=ON
2026-09-23T20:22:23Z  OBSERVE  emailservice  rejection=0.0000  low=416 high=0  state=ON
2026-09-23T20:22:23Z  OBSERVE  paymentservice  rejection=0.0000  low=481 high=0  state=ON
2026-09-23T20:22:23Z  OBSERVE  productcatalogservice  rejection=0.0000  low=481 high=0  state=ON
2026-09-23T20:22:23Z  OBSERVE  recommendationservice  rejection=0.0000  low=481 high=0  state=ON
2026-09-23T20:22:23Z  OBSERVE  shippingservice  rejection=0.0000  low=481 high=0  state=ON
2026-09-23T20:22:24Z  OBSERVE  adservice  rejection=0.0000  low=482 high=0  state=ON
2026-09-23T20:22:24Z  OBSERVE  cartservice  rejection=0.0000  low=482 high=0  state=ON
2026-09-23T20:22:24Z  OBSERVE  checkoutservice  rejection=0.0000  low=415 high=0  state=ON
2026-09-23T20:22:24Z  OBSERVE  currencyservice  rejection=0.0000  low=482 high=0  state=ON
2026-09-23T20:22:24Z  OBSERVE  emailservice  rejection=0.0000  low=417 high=0  state=ON
2026-09-23T20:22:24Z  OBSERVE  paymentservice  rejection=0.0000  low=482 high=0  state=ON
2026-09-23T20:22:24Z  OBSERVE  productcatalogservice  rejection=0.0000  low=482 high=0  state=ON
2026-09-23T20:22:24Z  OBSERVE  recommendationservice  rejection=0.0000  low=482 high=0  state=ON
2026-09-23T20:22:24Z  OBSERVE  shippingservice  rejection=0.0000  low=482 high=0  state=ON
2026-09-23T20:22:25Z  OBSERVE  adservice  rejection=0.0000  low=483 high=0  state=ON
2026-09-23T20:22:25Z  OBSERVE  cartservice  rejection=0.0000  low=483 high=0  state=ON
2026-09-23T20:22:25Z  OBSERVE  checkoutservice  rejection=0.0000  low=416 high=0  state=ON
2026-09-23T20:22:25Z  OBSERVE  currencyservice  rejection=0.0000  low=483 high=0  state=ON
2026-09-23T20:22:25Z  OBSERVE  emailservice  rejection=0.0000  low=418 high=0  state=ON
2026-09-23T20:22:25Z  OBSERVE  paymentservice  rejection=0.0000  low=483 high=0  state=ON
2026-09-23T20:22:25Z  OBSERVE  productcatalogservice  rejection=0.0000  low=483 high=0  state=ON
2026-09-23T20:22:25Z  OBSERVE  recommendationservice  rejection=0.0000  low=483 high=0  state=ON
2026-09-23T20:22:25Z  OBSERVE  shippingservice  rejection=0.0000  low=483 high=0  state=ON
2026-09-23T20:22:26Z  OBSERVE  adservice  rejection=0.0000  low=484 high=0  state=ON
2026-09-23T20:22:26Z  OBSERVE  cartservice  rejection=0.0000  low=484 high=0  state=ON
2026-09-23T20:22:26Z  OBSERVE  checkoutservice  rejection=0.0000  low=417 high=0  state=ON
2026-09-23T20:22:26Z  OBSERVE  currencyservice  rejection=0.0000  low=484 high=0  state=ON
2026-09-23T20:22:26Z  OBSERVE  emailservice  rejection=0.0000  low=419 high=0  state=ON
2026-09-23T20:22:26Z  OBSERVE  paymentservice  rejection=0.0000  low=484 high=0  state=ON
2026-09-23T20:22:26Z  OBSERVE  productcatalogservice  rejection=0.0000  low=484 high=0  state=ON
2026-09-23T20:22:26Z  OBSERVE  recommendationservice  rejection=0.0000  low=484 high=0  state=ON
2026-09-23T20:22:26Z  OBSERVE  shippingservice  rejection=0.0000  low=484 high=0  state=ON
2026-09-23T20:22:27Z  OBSERVE  adservice  rejection=0.0000  low=485 high=0  state=ON
2026-09-23T20:22:27Z  OBSERVE  cartservice  rejection=0.0000  low=485 high=0  state=ON
2026-09-23T20:22:27Z  OBSERVE  checkoutservice  rejection=0.0000  low=418 high=0  state=ON
2026-09-23T20:22:27Z  OBSERVE  currencyservice  rejection=0.0000  low=485 high=0  state=ON
2026-09-23T20:22:27Z  OBSERVE  emailservice  rejection=0.0000  low=420 high=0  state=ON
2026-09-23T20:22:27Z  OBSERVE  paymentservice  rejection=0.0000  low=485 high=0  state=ON
2026-09-23T20:22:27Z  OBSERVE  productcatalogservice  rejection=0.0000  low=485 high=0  state=ON
2026-09-23T20:22:27Z  OBSERVE  recommendationservice  rejection=0.0000  low=485 high=0  state=ON
2026-09-23T20:22:27Z  OBSERVE  shippingservice  rejection=0.0000  low=485 high=0  state=ON
2026-09-23T20:22:28Z  OBSERVE  adservice  rejection=0.0000  low=486 high=0  state=ON
2026-09-23T20:22:28Z  OBSERVE  cartservice  rejection=0.0000  low=486 high=0  state=ON
2026-09-23T20:22:28Z  OBSERVE  checkoutservice  rejection=0.0000  low=419 high=0  state=ON
2026-09-23T20:22:28Z  OBSERVE  currencyservice  rejection=0.0000  low=486 high=0  state=ON
2026-09-23T20:22:28Z  OBSERVE  emailservice  rejection=0.0000  low=421 high=0  state=ON
2026-09-23T20:22:28Z  OBSERVE  paymentservice  rejection=0.0000  low=486 high=0  state=ON
2026-09-23T20:22:28Z  OBSERVE  productcatalogservice  rejection=0.0000  low=486 high=0  state=ON
2026-09-23T20:22:28Z  OBSERVE  recommendationservice  rejection=0.0000  low=486 high=0  state=ON
2026-09-23T20:22:28Z  OBSERVE  shippingservice  rejection=0.0000  low=486 high=0  state=ON
2026-09-23T20:22:29Z  OBSERVE  adservice  rejection=0.0000  low=487 high=0  state=ON
2026-09-23T20:22:29Z  OBSERVE  cartservice  rejection=0.0000  low=487 high=0  state=ON
2026-09-23T20:22:29Z  OBSERVE  checkoutservice  rejection=0.0000  low=420 high=0  state=ON
2026-09-23T20:22:29Z  OBSERVE  currencyservice  rejection=0.0000  low=487 high=0  state=ON
2026-09-23T20:22:29Z  OBSERVE  emailservice  rejection=0.0000  low=422 high=0  state=ON
2026-09-23T20:22:29Z  OBSERVE  paymentservice  rejection=0.0000  low=487 high=0  state=ON
2026-09-23T20:22:29Z  OBSERVE  productcatalogservice  rejection=0.0000  low=487 high=0  state=ON
2026-09-23T20:22:29Z  OBSERVE  recommendationservice  rejection=0.0000  low=487 high=0  state=ON
2026-09-23T20:22:29Z  OBSERVE  shippingservice  rejection=0.0000  low=487 high=0  state=ON
2026-09-23T20:22:30Z  OBSERVE  adservice  rejection=0.0000  low=488 high=0  state=ON
2026-09-23T20:22:30Z  OBSERVE  cartservice  rejection=0.0000  low=488 high=0  state=ON
2026-09-23T20:22:30Z  OBSERVE  checkoutservice  rejection=0.0000  low=421 high=0  state=ON
2026-09-23T20:22:30Z  OBSERVE  currencyservice  rejection=0.0000  low=488 high=0  state=ON
2026-09-23T20:22:30Z  OBSERVE  emailservice  rejection=0.0000  low=423 high=0  state=ON
2026-09-23T20:22:30Z  OBSERVE  paymentservice  rejection=0.0000  low=488 high=0  state=ON
2026-09-23T20:22:30Z  OBSERVE  productcatalogservice  rejection=0.0000  low=488 high=0  state=ON
2026-09-23T20:22:30Z  OBSERVE  recommendationservice  rejection=0.0000  low=488 high=0  state=ON
2026-09-23T20:22:30Z  OBSERVE  shippingservice  rejection=0.0000  low=488 high=0  state=ON
2026-09-23T20:22:31Z  OBSERVE  adservice  rejection=0.0000  low=489 high=0  state=ON
2026-09-23T20:22:31Z  OBSERVE  cartservice  rejection=0.0000  low=489 high=0  state=ON
2026-09-23T20:22:31Z  OBSERVE  checkoutservice  rejection=0.0000  low=422 high=0  state=ON
2026-09-23T20:22:31Z  OBSERVE  currencyservice  rejection=0.0000  low=489 high=0  state=ON
2026-09-23T20:22:31Z  OBSERVE  emailservice  rejection=0.0000  low=424 high=0  state=ON
2026-09-23T20:22:31Z  OBSERVE  paymentservice  rejection=0.0000  low=489 high=0  state=ON
2026-09-23T20:22:31Z  OBSERVE  productcatalogservice  rejection=0.0000  low=489 high=0  state=ON
2026-09-23T20:22:31Z  OBSERVE  recommendationservice  rejection=0.0000  low=489 high=0  state=ON
2026-09-23T20:22:31Z  OBSERVE  shippingservice  rejection=0.0000  low=489 high=0  state=ON
2026-09-23T20:22:32Z  OBSERVE  adservice  rejection=0.0000  low=490 high=0  state=ON
2026-09-23T20:22:32Z  OBSERVE  cartservice  rejection=0.0000  low=490 high=0  state=ON
2026-09-23T20:22:32Z  OBSERVE  checkoutservice  rejection=0.0000  low=423 high=0  state=ON
2026-09-23T20:22:32Z  OBSERVE  currencyservice  rejection=0.0000  low=490 high=0  state=ON
2026-09-23T20:22:32Z  OBSERVE  emailservice  rejection=0.0000  low=425 high=0  state=ON
2026-09-23T20:22:32Z  OBSERVE  paymentservice  rejection=0.0000  low=490 high=0  state=ON
2026-09-23T20:22:32Z  OBSERVE  productcatalogservice  rejection=0.0000  low=490 high=0  state=ON
2026-09-23T20:22:32Z  OBSERVE  recommendationservice  rejection=0.0000  low=490 high=0  state=ON
2026-09-23T20:22:32Z  OBSERVE  shippingservice  rejection=0.0000  low=490 high=0  state=ON
2026-09-23T20:22:33Z  OBSERVE  adservice  rejection=0.0000  low=491 high=0  state=ON
2026-09-23T20:22:33Z  OBSERVE  cartservice  rejection=0.0000  low=491 high=0  state=ON
2026-09-23T20:22:33Z  OBSERVE  checkoutservice  rejection=0.0000  low=424 high=0  state=ON
2026-09-23T20:22:33Z  OBSERVE  currencyservice  rejection=0.0000  low=491 high=0  state=ON
2026-09-23T20:22:33Z  OBSERVE  emailservice  rejection=0.0000  low=426 high=0  state=ON
2026-09-23T20:22:33Z  OBSERVE  paymentservice  rejection=0.0000  low=491 high=0  state=ON
2026-09-23T20:22:33Z  OBSERVE  productcatalogservice  rejection=0.0000  low=491 high=0  state=ON
2026-09-23T20:22:33Z  OBSERVE  recommendationservice  rejection=0.0000  low=491 high=0  state=ON
2026-09-23T20:22:33Z  OBSERVE  shippingservice  rejection=0.0000  low=491 high=0  state=ON
2026-09-23T20:22:34Z  OBSERVE  adservice  rejection=0.0000  low=492 high=0  state=ON
2026-09-23T20:22:34Z  OBSERVE  cartservice  rejection=0.0000  low=492 high=0  state=ON
2026-09-23T20:22:34Z  OBSERVE  checkoutservice  rejection=0.0000  low=425 high=0  state=ON
2026-09-23T20:22:34Z  OBSERVE  currencyservice  rejection=0.0000  low=492 high=0  state=ON
2026-09-23T20:22:34Z  OBSERVE  emailservice  rejection=0.0000  low=427 high=0  state=ON
2026-09-23T20:22:34Z  OBSERVE  paymentservice  rejection=0.0000  low=492 high=0  state=ON
2026-09-23T20:22:34Z  OBSERVE  productcatalogservice  rejection=0.0000  low=492 high=0  state=ON
2026-09-23T20:22:34Z  OBSERVE  recommendationservice  rejection=0.0000  low=492 high=0  state=ON
2026-09-23T20:22:34Z  OBSERVE  shippingservice  rejection=0.0000  low=492 high=0  state=ON
2026-09-23T20:22:35Z  OBSERVE  adservice  rejection=0.0000  low=493 high=0  state=ON
2026-09-23T20:22:35Z  OBSERVE  cartservice  rejection=0.0000  low=493 high=0  state=ON
2026-09-23T20:22:35Z  OBSERVE  checkoutservice  rejection=0.0000  low=426 high=0  state=ON
2026-09-23T20:22:35Z  OBSERVE  currencyservice  rejection=0.0000  low=493 high=0  state=ON
2026-09-23T20:22:35Z  OBSERVE  emailservice  rejection=0.0000  low=428 high=0  state=ON
2026-09-23T20:22:35Z  OBSERVE  paymentservice  rejection=0.0000  low=493 high=0  state=ON
2026-09-23T20:22:35Z  OBSERVE  productcatalogservice  rejection=0.0000  low=493 high=0  state=ON
2026-09-23T20:22:35Z  OBSERVE  recommendationservice  rejection=0.0000  low=493 high=0  state=ON
2026-09-23T20:22:35Z  OBSERVE  shippingservice  rejection=0.0000  low=493 high=0  state=ON
2026-09-23T20:22:36Z  OBSERVE  adservice  rejection=0.0000  low=494 high=0  state=ON
2026-09-23T20:22:36Z  OBSERVE  cartservice  rejection=0.0000  low=494 high=0  state=ON
2026-09-23T20:22:36Z  OBSERVE  checkoutservice  rejection=0.0000  low=427 high=0  state=ON
2026-09-23T20:22:36Z  OBSERVE  currencyservice  rejection=0.0000  low=494 high=0  state=ON
2026-09-23T20:22:36Z  OBSERVE  emailservice  rejection=0.0000  low=429 high=0  state=ON
2026-09-23T20:22:36Z  OBSERVE  paymentservice  rejection=0.0000  low=494 high=0  state=ON
2026-09-23T20:22:36Z  OBSERVE  productcatalogservice  rejection=0.0000  low=494 high=0  state=ON
2026-09-23T20:22:36Z  OBSERVE  recommendationservice  rejection=0.0000  low=494 high=0  state=ON
2026-09-23T20:22:36Z  OBSERVE  shippingservice  rejection=0.0000  low=494 high=0  state=ON
2026-09-23T20:22:37Z  OBSERVE  adservice  rejection=0.0000  low=495 high=0  state=ON
2026-09-23T20:22:37Z  OBSERVE  cartservice  rejection=0.0000  low=495 high=0  state=ON
2026-09-23T20:22:37Z  OBSERVE  checkoutservice  rejection=0.0000  low=428 high=0  state=ON
2026-09-23T20:22:37Z  OBSERVE  currencyservice  rejection=0.0000  low=495 high=0  state=ON
2026-09-23T20:22:37Z  OBSERVE  emailservice  rejection=0.0000  low=430 high=0  state=ON
2026-09-23T20:22:37Z  OBSERVE  paymentservice  rejection=0.0000  low=495 high=0  state=ON
2026-09-23T20:22:37Z  OBSERVE  productcatalogservice  rejection=0.0000  low=495 high=0  state=ON
2026-09-23T20:22:37Z  OBSERVE  recommendationservice  rejection=0.0000  low=495 high=0  state=ON
2026-09-23T20:22:37Z  OBSERVE  shippingservice  rejection=0.0000  low=495 high=0  state=ON
2026-09-23T20:22:38Z  OBSERVE  adservice  rejection=0.0000  low=496 high=0  state=ON
2026-09-23T20:22:38Z  OBSERVE  cartservice  rejection=0.0000  low=496 high=0  state=ON
2026-09-23T20:22:38Z  OBSERVE  checkoutservice  rejection=0.0000  low=429 high=0  state=ON
2026-09-23T20:22:38Z  OBSERVE  currencyservice  rejection=0.0000  low=496 high=0  state=ON
2026-09-23T20:22:38Z  OBSERVE  emailservice  rejection=0.0000  low=431 high=0  state=ON
2026-09-23T20:22:38Z  OBSERVE  paymentservice  rejection=0.0000  low=496 high=0  state=ON
2026-09-23T20:22:38Z  OBSERVE  productcatalogservice  rejection=0.0000  low=496 high=0  state=ON
2026-09-23T20:22:38Z  OBSERVE  recommendationservice  rejection=0.0000  low=496 high=0  state=ON
2026-09-23T20:22:38Z  OBSERVE  shippingservice  rejection=0.0000  low=496 high=0  state=ON
2026-09-23T20:22:39Z  OBSERVE  adservice  rejection=0.0000  low=497 high=0  state=ON
2026-09-23T20:22:39Z  OBSERVE  cartservice  rejection=0.0000  low=497 high=0  state=ON
2026-09-23T20:22:39Z  OBSERVE  checkoutservice  rejection=0.0000  low=430 high=0  state=ON
2026-09-23T20:22:39Z  OBSERVE  currencyservice  rejection=0.0000  low=497 high=0  state=ON
2026-09-23T20:22:39Z  OBSERVE  emailservice  rejection=0.0000  low=432 high=0  state=ON
2026-09-23T20:22:39Z  OBSERVE  paymentservice  rejection=0.0000  low=497 high=0  state=ON
2026-09-23T20:22:39Z  OBSERVE  productcatalogservice  rejection=0.0000  low=497 high=0  state=ON
2026-09-23T20:22:39Z  OBSERVE  recommendationservice  rejection=0.0000  low=497 high=0  state=ON
2026-09-23T20:22:39Z  OBSERVE  shippingservice  rejection=0.0000  low=497 high=0  state=ON
2026-09-23T20:22:40Z  OBSERVE  adservice  rejection=0.0000  low=498 high=0  state=ON
2026-09-23T20:22:40Z  OBSERVE  cartservice  rejection=0.0000  low=498 high=0  state=ON
2026-09-23T20:22:40Z  OBSERVE  checkoutservice  rejection=0.0000  low=431 high=0  state=ON
2026-09-23T20:22:40Z  OBSERVE  currencyservice  rejection=0.0000  low=498 high=0  state=ON
2026-09-23T20:22:40Z  OBSERVE  emailservice  rejection=0.0000  low=433 high=0  state=ON
2026-09-23T20:22:40Z  OBSERVE  paymentservice  rejection=0.0000  low=498 high=0  state=ON
2026-09-23T20:22:40Z  OBSERVE  productcatalogservice  rejection=0.0000  low=498 high=0  state=ON
2026-09-23T20:22:40Z  OBSERVE  recommendationservice  rejection=0.0000  low=498 high=0  state=ON
2026-09-23T20:22:40Z  OBSERVE  shippingservice  rejection=0.0000  low=498 high=0  state=ON
2026-09-23T20:22:41Z  OBSERVE  adservice  rejection=0.0000  low=499 high=0  state=ON
2026-09-23T20:22:41Z  OBSERVE  cartservice  rejection=0.0000  low=499 high=0  state=ON
2026-09-23T20:22:41Z  OBSERVE  checkoutservice  rejection=0.0000  low=432 high=0  state=ON
2026-09-23T20:22:41Z  OBSERVE  currencyservice  rejection=0.0000  low=499 high=0  state=ON
2026-09-23T20:22:41Z  OBSERVE  emailservice  rejection=0.0000  low=434 high=0  state=ON
2026-09-23T20:22:41Z  OBSERVE  paymentservice  rejection=0.0000  low=499 high=0  state=ON
2026-09-23T20:22:41Z  OBSERVE  productcatalogservice  rejection=0.0000  low=499 high=0  state=ON
2026-09-23T20:22:41Z  OBSERVE  recommendationservice  rejection=0.0000  low=499 high=0  state=ON
2026-09-23T20:22:41Z  OBSERVE  shippingservice  rejection=0.0000  low=499 high=0  state=ON
2026-09-23T20:22:42Z  OBSERVE  adservice  rejection=0.0000  low=500 high=0  state=ON
2026-09-23T20:22:42Z  OBSERVE  cartservice  rejection=0.0000  low=500 high=0  state=ON
2026-09-23T20:22:42Z  OBSERVE  checkoutservice  rejection=0.0000  low=433 high=0  state=ON
2026-09-23T20:22:42Z  OBSERVE  currencyservice  rejection=0.0000  low=500 high=0  state=ON
2026-09-23T20:22:42Z  OBSERVE  emailservice  rejection=0.0000  low=435 high=0  state=ON
2026-09-23T20:22:42Z  OBSERVE  paymentservice  rejection=0.0000  low=500 high=0  state=ON
2026-09-23T20:22:42Z  OBSERVE  productcatalogservice  rejection=0.0000  low=500 high=0  state=ON
2026-09-23T20:22:42Z  OBSERVE  recommendationservice  rejection=0.0000  low=500 high=0  state=ON
2026-09-23T20:22:42Z  OBSERVE  shippingservice  rejection=0.0000  low=500 high=0  state=ON
2026-09-23T20:22:43Z  OBSERVE  adservice  rejection=0.0000  low=501 high=0  state=ON
2026-09-23T20:22:43Z  OBSERVE  cartservice  rejection=0.0000  low=501 high=0  state=ON
2026-09-23T20:22:43Z  OBSERVE  checkoutservice  rejection=0.0000  low=434 high=0  state=ON
2026-09-23T20:22:43Z  OBSERVE  currencyservice  rejection=0.0000  low=501 high=0  state=ON
2026-09-23T20:22:43Z  OBSERVE  emailservice  rejection=0.0000  low=436 high=0  state=ON
2026-09-23T20:22:43Z  OBSERVE  paymentservice  rejection=0.0000  low=501 high=0  state=ON
2026-09-23T20:22:43Z  OBSERVE  productcatalogservice  rejection=0.0000  low=501 high=0  state=ON
2026-09-23T20:22:43Z  OBSERVE  recommendationservice  rejection=0.0000  low=501 high=0  state=ON
2026-09-23T20:22:43Z  OBSERVE  shippingservice  rejection=0.0000  low=501 high=0  state=ON
2026-09-23T20:22:44Z  OBSERVE  adservice  rejection=0.0000  low=502 high=0  state=ON
2026-09-23T20:22:44Z  OBSERVE  cartservice  rejection=0.0000  low=502 high=0  state=ON
2026-09-23T20:22:44Z  OBSERVE  checkoutservice  rejection=0.0000  low=435 high=0  state=ON
2026-09-23T20:22:44Z  OBSERVE  currencyservice  rejection=0.0000  low=502 high=0  state=ON
2026-09-23T20:22:44Z  OBSERVE  emailservice  rejection=0.0000  low=437 high=0  state=ON
2026-09-23T20:22:44Z  OBSERVE  paymentservice  rejection=0.0000  low=502 high=0  state=ON
2026-09-23T20:22:44Z  OBSERVE  productcatalogservice  rejection=0.0000  low=502 high=0  state=ON
2026-09-23T20:22:44Z  OBSERVE  recommendationservice  rejection=0.0000  low=502 high=0  state=ON
2026-09-23T20:22:44Z  OBSERVE  shippingservice  rejection=0.0000  low=502 high=0  state=ON
2026-09-23T20:22:45Z  OBSERVE  adservice  rejection=0.0000  low=503 high=0  state=ON
2026-09-23T20:22:45Z  OBSERVE  cartservice  rejection=0.0000  low=503 high=0  state=ON
2026-09-23T20:22:45Z  OBSERVE  checkoutservice  rejection=0.0000  low=436 high=0  state=ON
2026-09-23T20:22:45Z  OBSERVE  currencyservice  rejection=0.0000  low=503 high=0  state=ON
2026-09-23T20:22:45Z  OBSERVE  emailservice  rejection=0.0000  low=438 high=0  state=ON
2026-09-23T20:22:45Z  OBSERVE  paymentservice  rejection=0.0000  low=503 high=0  state=ON
2026-09-23T20:22:45Z  OBSERVE  productcatalogservice  rejection=0.0000  low=503 high=0  state=ON
2026-09-23T20:22:45Z  OBSERVE  recommendationservice  rejection=0.0000  low=503 high=0  state=ON
2026-09-23T20:22:45Z  OBSERVE  shippingservice  rejection=0.0000  low=503 high=0  state=ON
2026-09-23T20:22:46Z  OBSERVE  adservice  rejection=0.0000  low=504 high=0  state=ON
2026-09-23T20:22:46Z  OBSERVE  cartservice  rejection=0.0000  low=504 high=0  state=ON
2026-09-23T20:22:46Z  OBSERVE  checkoutservice  rejection=0.0000  low=437 high=0  state=ON
2026-09-23T20:22:46Z  OBSERVE  currencyservice  rejection=0.0000  low=504 high=0  state=ON
2026-09-23T20:22:46Z  OBSERVE  emailservice  rejection=0.0000  low=439 high=0  state=ON
2026-09-23T20:22:46Z  OBSERVE  paymentservice  rejection=0.0000  low=504 high=0  state=ON
2026-09-23T20:22:46Z  OBSERVE  productcatalogservice  rejection=0.0000  low=504 high=0  state=ON
2026-09-23T20:22:46Z  OBSERVE  recommendationservice  rejection=0.0000  low=504 high=0  state=ON
2026-09-23T20:22:46Z  OBSERVE  shippingservice  rejection=0.0000  low=504 high=0  state=ON
2026-09-23T20:22:47Z  OBSERVE  adservice  rejection=0.0000  low=505 high=0  state=ON
2026-09-23T20:22:47Z  OBSERVE  cartservice  rejection=0.0000  low=505 high=0  state=ON
2026-09-23T20:22:47Z  OBSERVE  checkoutservice  rejection=0.0000  low=438 high=0  state=ON
2026-09-23T20:22:47Z  OBSERVE  currencyservice  rejection=0.0000  low=505 high=0  state=ON
2026-09-23T20:22:47Z  OBSERVE  emailservice  rejection=0.0000  low=440 high=0  state=ON
2026-09-23T20:22:47Z  OBSERVE  paymentservice  rejection=0.0000  low=505 high=0  state=ON
2026-09-23T20:22:47Z  OBSERVE  productcatalogservice  rejection=0.0000  low=505 high=0  state=ON
2026-09-23T20:22:47Z  OBSERVE  recommendationservice  rejection=0.0000  low=505 high=0  state=ON
2026-09-23T20:22:47Z  OBSERVE  shippingservice  rejection=0.0000  low=505 high=0  state=ON
2026-09-23T20:22:48Z  OBSERVE  adservice  rejection=0.0000  low=506 high=0  state=ON
2026-09-23T20:22:48Z  OBSERVE  cartservice  rejection=0.0000  low=506 high=0  state=ON
2026-09-23T20:22:48Z  OBSERVE  checkoutservice  rejection=0.0000  low=439 high=0  state=ON
2026-09-23T20:22:48Z  OBSERVE  currencyservice  rejection=0.0000  low=506 high=0  state=ON
2026-09-23T20:22:48Z  OBSERVE  emailservice  rejection=0.0000  low=441 high=0  state=ON
2026-09-23T20:22:48Z  OBSERVE  paymentservice  rejection=0.0000  low=506 high=0  state=ON
2026-09-23T20:22:48Z  OBSERVE  productcatalogservice  rejection=0.0000  low=506 high=0  state=ON
2026-09-23T20:22:48Z  OBSERVE  recommendationservice  rejection=0.0000  low=506 high=0  state=ON
2026-09-23T20:22:48Z  OBSERVE  shippingservice  rejection=0.0000  low=506 high=0  state=ON
2026-09-23T20:22:49Z  OBSERVE  adservice  rejection=0.0000  low=507 high=0  state=ON
2026-09-23T20:22:49Z  OBSERVE  cartservice  rejection=0.0000  low=507 high=0  state=ON
2026-09-23T20:22:49Z  OBSERVE  checkoutservice  rejection=0.0000  low=440 high=0  state=ON
2026-09-23T20:22:49Z  OBSERVE  currencyservice  rejection=0.0000  low=507 high=0  state=ON
2026-09-23T20:22:49Z  OBSERVE  emailservice  rejection=0.0000  low=442 high=0  state=ON
2026-09-23T20:22:49Z  OBSERVE  paymentservice  rejection=0.0000  low=507 high=0  state=ON
2026-09-23T20:22:49Z  OBSERVE  productcatalogservice  rejection=0.0000  low=507 high=0  state=ON
2026-09-23T20:22:49Z  OBSERVE  recommendationservice  rejection=0.0000  low=507 high=0  state=ON
2026-09-23T20:22:49Z  OBSERVE  shippingservice  rejection=0.0000  low=507 high=0  state=ON
2026-09-23T20:22:50Z  OBSERVE  adservice  rejection=0.0000  low=508 high=0  state=ON
2026-09-23T20:22:50Z  OBSERVE  cartservice  rejection=0.0000  low=508 high=0  state=ON
2026-09-23T20:22:50Z  OBSERVE  checkoutservice  rejection=0.0000  low=441 high=0  state=ON
2026-09-23T20:22:50Z  OBSERVE  currencyservice  rejection=0.0000  low=508 high=0  state=ON
2026-09-23T20:22:50Z  OBSERVE  emailservice  rejection=0.0000  low=443 high=0  state=ON
2026-09-23T20:22:50Z  OBSERVE  paymentservice  rejection=0.0000  low=508 high=0  state=ON
2026-09-23T20:22:50Z  OBSERVE  productcatalogservice  rejection=0.0000  low=508 high=0  state=ON
2026-09-23T20:22:50Z  OBSERVE  recommendationservice  rejection=0.0000  low=508 high=0  state=ON
2026-09-23T20:22:50Z  OBSERVE  shippingservice  rejection=0.0000  low=508 high=0  state=ON
2026-09-23T20:22:51Z  OBSERVE  adservice  rejection=0.0000  low=509 high=0  state=ON
2026-09-23T20:22:51Z  OBSERVE  cartservice  rejection=0.0000  low=509 high=0  state=ON
2026-09-23T20:22:51Z  OBSERVE  checkoutservice  rejection=0.0000  low=442 high=0  state=ON
2026-09-23T20:22:51Z  OBSERVE  currencyservice  rejection=0.0000  low=509 high=0  state=ON
2026-09-23T20:22:51Z  OBSERVE  emailservice  rejection=0.0000  low=444 high=0  state=ON
2026-09-23T20:22:51Z  OBSERVE  paymentservice  rejection=0.0000  low=509 high=0  state=ON
2026-09-23T20:22:51Z  OBSERVE  productcatalogservice  rejection=0.0000  low=509 high=0  state=ON
2026-09-23T20:22:51Z  OBSERVE  recommendationservice  rejection=0.0000  low=509 high=0  state=ON
2026-09-23T20:22:51Z  OBSERVE  shippingservice  rejection=0.0000  low=509 high=0  state=ON
2026-09-23T20:22:52Z  OBSERVE  adservice  rejection=0.0000  low=510 high=0  state=ON
2026-09-23T20:22:52Z  OBSERVE  cartservice  rejection=0.0000  low=510 high=0  state=ON
2026-09-23T20:22:52Z  OBSERVE  checkoutservice  rejection=0.0000  low=443 high=0  state=ON
2026-09-23T20:22:52Z  OBSERVE  currencyservice  rejection=0.0000  low=510 high=0  state=ON
2026-09-23T20:22:52Z  OBSERVE  emailservice  rejection=0.0000  low=445 high=0  state=ON
2026-09-23T20:22:52Z  OBSERVE  paymentservice  rejection=0.0000  low=510 high=0  state=ON
2026-09-23T20:22:52Z  OBSERVE  productcatalogservice  rejection=0.0000  low=510 high=0  state=ON
2026-09-23T20:22:52Z  OBSERVE  recommendationservice  rejection=0.0000  low=510 high=0  state=ON
2026-09-23T20:22:52Z  OBSERVE  shippingservice  rejection=0.0000  low=510 high=0  state=ON
2026-09-23T20:22:53Z  OBSERVE  adservice  rejection=0.0000  low=511 high=0  state=ON
2026-09-23T20:22:53Z  OBSERVE  cartservice  rejection=0.0000  low=511 high=0  state=ON
2026-09-23T20:22:53Z  OBSERVE  checkoutservice  rejection=0.0000  low=444 high=0  state=ON
2026-09-23T20:22:53Z  OBSERVE  currencyservice  rejection=0.0000  low=511 high=0  state=ON
2026-09-23T20:22:53Z  OBSERVE  emailservice  rejection=0.0000  low=446 high=0  state=ON
2026-09-23T20:22:53Z  OBSERVE  paymentservice  rejection=0.0000  low=511 high=0  state=ON
2026-09-23T20:22:53Z  OBSERVE  productcatalogservice  rejection=0.0000  low=511 high=0  state=ON
2026-09-23T20:22:53Z  OBSERVE  recommendationservice  rejection=0.0000  low=511 high=0  state=ON
2026-09-23T20:22:53Z  OBSERVE  shippingservice  rejection=0.0000  low=511 high=0  state=ON
2026-09-23T20:22:54Z  OBSERVE  adservice  rejection=0.0000  low=512 high=0  state=ON
2026-09-23T20:22:54Z  OBSERVE  cartservice  rejection=0.0000  low=512 high=0  state=ON
2026-09-23T20:22:54Z  OBSERVE  checkoutservice  rejection=0.0000  low=445 high=0  state=ON
2026-09-23T20:22:54Z  OBSERVE  currencyservice  rejection=0.0000  low=512 high=0  state=ON
2026-09-23T20:22:54Z  OBSERVE  emailservice  rejection=0.0000  low=447 high=0  state=ON
2026-09-23T20:22:54Z  OBSERVE  paymentservice  rejection=0.0000  low=512 high=0  state=ON
2026-09-23T20:22:54Z  OBSERVE  productcatalogservice  rejection=0.0000  low=512 high=0  state=ON
2026-09-23T20:22:54Z  OBSERVE  recommendationservice  rejection=0.0000  low=512 high=0  state=ON
2026-09-23T20:22:54Z  OBSERVE  shippingservice  rejection=0.0000  low=512 high=0  state=ON
2026-09-23T20:22:55Z  OBSERVE  adservice  rejection=0.0000  low=513 high=0  state=ON
2026-09-23T20:22:55Z  OBSERVE  cartservice  rejection=0.0000  low=513 high=0  state=ON
2026-09-23T20:22:55Z  OBSERVE  checkoutservice  rejection=0.0000  low=446 high=0  state=ON
2026-09-23T20:22:55Z  OBSERVE  currencyservice  rejection=0.0000  low=513 high=0  state=ON
2026-09-23T20:22:55Z  OBSERVE  emailservice  rejection=0.0000  low=448 high=0  state=ON
2026-09-23T20:22:55Z  OBSERVE  paymentservice  rejection=0.0000  low=513 high=0  state=ON
2026-09-23T20:22:55Z  OBSERVE  productcatalogservice  rejection=0.0000  low=513 high=0  state=ON
2026-09-23T20:22:55Z  OBSERVE  recommendationservice  rejection=0.0000  low=513 high=0  state=ON
2026-09-23T20:22:55Z  OBSERVE  shippingservice  rejection=0.0000  low=513 high=0  state=ON
2026-09-23T20:22:56Z  OBSERVE  adservice  rejection=0.0000  low=514 high=0  state=ON
2026-09-23T20:22:56Z  OBSERVE  cartservice  rejection=0.0000  low=514 high=0  state=ON
2026-09-23T20:22:56Z  OBSERVE  checkoutservice  rejection=0.0000  low=447 high=0  state=ON
2026-09-23T20:22:56Z  OBSERVE  currencyservice  rejection=0.0000  low=514 high=0  state=ON
2026-09-23T20:22:56Z  OBSERVE  emailservice  rejection=0.0000  low=449 high=0  state=ON
2026-09-23T20:22:56Z  OBSERVE  paymentservice  rejection=0.0000  low=514 high=0  state=ON
2026-09-23T20:22:56Z  OBSERVE  productcatalogservice  rejection=0.0000  low=514 high=0  state=ON
2026-09-23T20:22:56Z  OBSERVE  recommendationservice  rejection=0.0000  low=514 high=0  state=ON
2026-09-23T20:22:56Z  OBSERVE  shippingservice  rejection=0.0000  low=514 high=0  state=ON
2026-09-23T20:22:57Z  OBSERVE  adservice  rejection=0.0000  low=515 high=0  state=ON
2026-09-23T20:22:57Z  OBSERVE  cartservice  rejection=0.0000  low=515 high=0  state=ON
2026-09-23T20:22:57Z  OBSERVE  checkoutservice  rejection=0.0000  low=448 high=0  state=ON
2026-09-23T20:22:57Z  OBSERVE  currencyservice  rejection=0.0000  low=515 high=0  state=ON
2026-09-23T20:22:57Z  OBSERVE  emailservice  rejection=0.0000  low=450 high=0  state=ON
2026-09-23T20:22:57Z  OBSERVE  paymentservice  rejection=0.0000  low=515 high=0  state=ON
2026-09-23T20:22:57Z  OBSERVE  productcatalogservice  rejection=0.0000  low=515 high=0  state=ON
2026-09-23T20:22:57Z  OBSERVE  recommendationservice  rejection=0.0000  low=515 high=0  state=ON
2026-09-23T20:22:57Z  OBSERVE  shippingservice  rejection=0.0000  low=515 high=0  state=ON
2026-09-23T20:22:58Z  OBSERVE  adservice  rejection=0.0000  low=516 high=0  state=ON
2026-09-23T20:22:58Z  OBSERVE  cartservice  rejection=0.0000  low=516 high=0  state=ON
2026-09-23T20:22:58Z  OBSERVE  checkoutservice  rejection=0.0000  low=449 high=0  state=ON
2026-09-23T20:22:58Z  OBSERVE  currencyservice  rejection=0.0000  low=516 high=0  state=ON
2026-09-23T20:22:58Z  OBSERVE  emailservice  rejection=0.0000  low=451 high=0  state=ON
2026-09-23T20:22:58Z  OBSERVE  paymentservice  rejection=0.0000  low=516 high=0  state=ON
2026-09-23T20:22:58Z  OBSERVE  productcatalogservice  rejection=0.0000  low=516 high=0  state=ON
2026-09-23T20:22:58Z  OBSERVE  recommendationservice  rejection=0.0000  low=516 high=0  state=ON
2026-09-23T20:22:58Z  OBSERVE  shippingservice  rejection=0.0000  low=516 high=0  state=ON
2026-09-23T20:22:59Z  OBSERVE  adservice  rejection=0.0000  low=517 high=0  state=ON
2026-09-23T20:22:59Z  OBSERVE  cartservice  rejection=0.0000  low=517 high=0  state=ON
2026-09-23T20:22:59Z  OBSERVE  checkoutservice  rejection=0.0000  low=450 high=0  state=ON
2026-09-23T20:22:59Z  OBSERVE  currencyservice  rejection=0.0000  low=517 high=0  state=ON
2026-09-23T20:22:59Z  OBSERVE  emailservice  rejection=0.0000  low=452 high=0  state=ON
2026-09-23T20:22:59Z  OBSERVE  paymentservice  rejection=0.0000  low=517 high=0  state=ON
2026-09-23T20:22:59Z  OBSERVE  productcatalogservice  rejection=0.0000  low=517 high=0  state=ON
2026-09-23T20:22:59Z  OBSERVE  recommendationservice  rejection=0.0000  low=517 high=0  state=ON
2026-09-23T20:22:59Z  OBSERVE  shippingservice  rejection=0.0000  low=517 high=0  state=ON
2026-09-23T20:23:00Z  OBSERVE  adservice  rejection=0.0000  low=518 high=0  state=ON
2026-09-23T20:23:00Z  OBSERVE  cartservice  rejection=0.0000  low=518 high=0  state=ON
2026-09-23T20:23:00Z  OBSERVE  checkoutservice  rejection=0.0000  low=451 high=0  state=ON
2026-09-23T20:23:00Z  OBSERVE  currencyservice  rejection=0.0000  low=518 high=0  state=ON
2026-09-23T20:23:00Z  OBSERVE  emailservice  rejection=0.0000  low=453 high=0  state=ON
2026-09-23T20:23:00Z  OBSERVE  paymentservice  rejection=0.0000  low=518 high=0  state=ON
2026-09-23T20:23:00Z  OBSERVE  productcatalogservice  rejection=0.0000  low=518 high=0  state=ON
2026-09-23T20:23:00Z  OBSERVE  recommendationservice  rejection=0.0000  low=518 high=0  state=ON
2026-09-23T20:23:00Z  OBSERVE  shippingservice  rejection=0.0000  low=518 high=0  state=ON
2026-09-23T20:23:01Z  OBSERVE  adservice  rejection=0.0000  low=519 high=0  state=ON
2026-09-23T20:23:01Z  OBSERVE  cartservice  rejection=0.0000  low=519 high=0  state=ON
2026-09-23T20:23:01Z  OBSERVE  checkoutservice  rejection=0.0000  low=452 high=0  state=ON
2026-09-23T20:23:01Z  OBSERVE  currencyservice  rejection=0.0000  low=519 high=0  state=ON
2026-09-23T20:23:01Z  OBSERVE  emailservice  rejection=0.0000  low=454 high=0  state=ON
2026-09-23T20:23:01Z  OBSERVE  paymentservice  rejection=0.0000  low=519 high=0  state=ON
2026-09-23T20:23:01Z  OBSERVE  productcatalogservice  rejection=0.0000  low=519 high=0  state=ON
2026-09-23T20:23:01Z  OBSERVE  recommendationservice  rejection=0.0000  low=519 high=0  state=ON
2026-09-23T20:23:01Z  OBSERVE  shippingservice  rejection=0.0000  low=519 high=0  state=ON
2026-09-23T20:23:02Z  OBSERVE  adservice  rejection=0.0000  low=520 high=0  state=ON
2026-09-23T20:23:02Z  OBSERVE  cartservice  rejection=0.0000  low=520 high=0  state=ON
2026-09-23T20:23:02Z  OBSERVE  checkoutservice  rejection=0.0000  low=453 high=0  state=ON
2026-09-23T20:23:02Z  OBSERVE  currencyservice  rejection=0.0000  low=520 high=0  state=ON
2026-09-23T20:23:02Z  OBSERVE  emailservice  rejection=0.0000  low=455 high=0  state=ON
2026-09-23T20:23:02Z  OBSERVE  paymentservice  rejection=0.0000  low=520 high=0  state=ON
2026-09-23T20:23:02Z  OBSERVE  productcatalogservice  rejection=0.0000  low=520 high=0  state=ON
2026-09-23T20:23:02Z  OBSERVE  recommendationservice  rejection=0.0000  low=520 high=0  state=ON
2026-09-23T20:23:02Z  OBSERVE  shippingservice  rejection=0.0000  low=520 high=0  state=ON
2026-09-23T20:23:03Z  OBSERVE  adservice  rejection=0.0000  low=521 high=0  state=ON
2026-09-23T20:23:03Z  OBSERVE  cartservice  rejection=0.0000  low=521 high=0  state=ON
2026-09-23T20:23:03Z  OBSERVE  checkoutservice  rejection=0.0000  low=454 high=0  state=ON
2026-09-23T20:23:03Z  OBSERVE  currencyservice  rejection=0.0000  low=521 high=0  state=ON
2026-09-23T20:23:03Z  OBSERVE  emailservice  rejection=0.0000  low=456 high=0  state=ON
2026-09-23T20:23:03Z  OBSERVE  paymentservice  rejection=0.0000  low=521 high=0  state=ON
2026-09-23T20:23:03Z  OBSERVE  productcatalogservice  rejection=0.0000  low=521 high=0  state=ON
2026-09-23T20:23:03Z  OBSERVE  recommendationservice  rejection=0.0000  low=521 high=0  state=ON
2026-09-23T20:23:03Z  OBSERVE  shippingservice  rejection=0.0000  low=521 high=0  state=ON
2026-09-23T20:23:04Z  OBSERVE  adservice  rejection=0.0000  low=522 high=0  state=ON
2026-09-23T20:23:04Z  OBSERVE  cartservice  rejection=0.0000  low=522 high=0  state=ON
2026-09-23T20:23:04Z  OBSERVE  checkoutservice  rejection=0.0000  low=455 high=0  state=ON
2026-09-23T20:23:04Z  OBSERVE  currencyservice  rejection=0.0000  low=522 high=0  state=ON
2026-09-23T20:23:04Z  OBSERVE  emailservice  rejection=0.0000  low=457 high=0  state=ON
2026-09-23T20:23:04Z  OBSERVE  paymentservice  rejection=0.0000  low=522 high=0  state=ON
2026-09-23T20:23:04Z  OBSERVE  productcatalogservice  rejection=0.0000  low=522 high=0  state=ON
2026-09-23T20:23:04Z  OBSERVE  recommendationservice  rejection=0.0000  low=522 high=0  state=ON
2026-09-23T20:23:04Z  OBSERVE  shippingservice  rejection=0.0000  low=522 high=0  state=ON
2026-09-23T20:23:05Z  OBSERVE  adservice  rejection=0.0000  low=523 high=0  state=ON
2026-09-23T20:23:05Z  OBSERVE  cartservice  rejection=0.0000  low=523 high=0  state=ON
2026-09-23T20:23:05Z  OBSERVE  checkoutservice  rejection=0.0000  low=456 high=0  state=ON
2026-09-23T20:23:05Z  OBSERVE  currencyservice  rejection=0.0000  low=523 high=0  state=ON
2026-09-23T20:23:05Z  OBSERVE  emailservice  rejection=0.0000  low=458 high=0  state=ON
2026-09-23T20:23:05Z  OBSERVE  paymentservice  rejection=0.0000  low=523 high=0  state=ON
2026-09-23T20:23:05Z  OBSERVE  productcatalogservice  rejection=0.0000  low=523 high=0  state=ON
2026-09-23T20:23:05Z  OBSERVE  recommendationservice  rejection=0.0000  low=523 high=0  state=ON
2026-09-23T20:23:05Z  OBSERVE  shippingservice  rejection=0.0000  low=523 high=0  state=ON
2026-09-23T20:23:06Z  OBSERVE  adservice  rejection=0.0000  low=524 high=0  state=ON
2026-09-23T20:23:06Z  OBSERVE  cartservice  rejection=0.0000  low=524 high=0  state=ON
2026-09-23T20:23:06Z  OBSERVE  checkoutservice  rejection=0.0000  low=457 high=0  state=ON
2026-09-23T20:23:06Z  OBSERVE  currencyservice  rejection=0.0000  low=524 high=0  state=ON
2026-09-23T20:23:06Z  OBSERVE  emailservice  rejection=0.0000  low=459 high=0  state=ON
2026-09-23T20:23:06Z  OBSERVE  paymentservice  rejection=0.0000  low=524 high=0  state=ON
2026-09-23T20:23:06Z  OBSERVE  productcatalogservice  rejection=0.0000  low=524 high=0  state=ON
2026-09-23T20:23:06Z  OBSERVE  recommendationservice  rejection=0.0000  low=524 high=0  state=ON
2026-09-23T20:23:06Z  OBSERVE  shippingservice  rejection=0.0000  low=524 high=0  state=ON
2026-09-23T20:23:07Z  OBSERVE  adservice  rejection=0.0000  low=525 high=0  state=ON
2026-09-23T20:23:07Z  OBSERVE  cartservice  rejection=0.0000  low=525 high=0  state=ON
2026-09-23T20:23:07Z  OBSERVE  checkoutservice  rejection=0.0000  low=458 high=0  state=ON
2026-09-23T20:23:07Z  OBSERVE  currencyservice  rejection=0.0000  low=525 high=0  state=ON
2026-09-23T20:23:07Z  OBSERVE  emailservice  rejection=0.0000  low=460 high=0  state=ON
2026-09-23T20:23:07Z  OBSERVE  paymentservice  rejection=0.0000  low=525 high=0  state=ON
2026-09-23T20:23:07Z  OBSERVE  productcatalogservice  rejection=0.0000  low=525 high=0  state=ON
2026-09-23T20:23:07Z  OBSERVE  recommendationservice  rejection=0.0000  low=525 high=0  state=ON
2026-09-23T20:23:07Z  OBSERVE  shippingservice  rejection=0.0000  low=525 high=0  state=ON
2026-09-23T20:23:08Z  OBSERVE  adservice  rejection=0.0000  low=526 high=0  state=ON
2026-09-23T20:23:08Z  OBSERVE  cartservice  rejection=0.0000  low=526 high=0  state=ON
2026-09-23T20:23:08Z  OBSERVE  checkoutservice  rejection=0.0000  low=459 high=0  state=ON
2026-09-23T20:23:08Z  OBSERVE  currencyservice  rejection=0.0000  low=526 high=0  state=ON
2026-09-23T20:23:08Z  OBSERVE  emailservice  rejection=0.0000  low=461 high=0  state=ON
2026-09-23T20:23:08Z  OBSERVE  paymentservice  rejection=0.0000  low=526 high=0  state=ON
2026-09-23T20:23:08Z  OBSERVE  productcatalogservice  rejection=0.0000  low=526 high=0  state=ON
2026-09-23T20:23:08Z  OBSERVE  recommendationservice  rejection=0.0000  low=526 high=0  state=ON
2026-09-23T20:23:08Z  OBSERVE  shippingservice  rejection=0.0000  low=526 high=0  state=ON
2026-09-23T20:23:09Z  OBSERVE  adservice  rejection=0.0000  low=527 high=0  state=ON
2026-09-23T20:23:09Z  OBSERVE  cartservice  rejection=0.0000  low=527 high=0  state=ON
2026-09-23T20:23:09Z  OBSERVE  checkoutservice  rejection=0.0000  low=460 high=0  state=ON
2026-09-23T20:23:09Z  OBSERVE  currencyservice  rejection=0.0000  low=527 high=0  state=ON
2026-09-23T20:23:09Z  OBSERVE  emailservice  rejection=0.0000  low=462 high=0  state=ON
2026-09-23T20:23:09Z  OBSERVE  paymentservice  rejection=0.0000  low=527 high=0  state=ON
2026-09-23T20:23:09Z  OBSERVE  productcatalogservice  rejection=0.0000  low=527 high=0  state=ON
2026-09-23T20:23:09Z  OBSERVE  recommendationservice  rejection=0.0000  low=527 high=0  state=ON
2026-09-23T20:23:09Z  OBSERVE  shippingservice  rejection=0.0000  low=527 high=0  state=ON
2026-09-23T20:23:10Z  OBSERVE  adservice  rejection=0.0000  low=528 high=0  state=ON
2026-09-23T20:23:10Z  OBSERVE  cartservice  rejection=0.0000  low=528 high=0  state=ON
2026-09-23T20:23:10Z  OBSERVE  checkoutservice  rejection=0.0000  low=461 high=0  state=ON
2026-09-23T20:23:10Z  OBSERVE  currencyservice  rejection=0.0000  low=528 high=0  state=ON
2026-09-23T20:23:10Z  OBSERVE  emailservice  rejection=0.0000  low=463 high=0  state=ON
2026-09-23T20:23:10Z  OBSERVE  paymentservice  rejection=0.0000  low=528 high=0  state=ON
2026-09-23T20:23:10Z  OBSERVE  productcatalogservice  rejection=0.0000  low=528 high=0  state=ON
2026-09-23T20:23:10Z  OBSERVE  recommendationservice  rejection=0.0000  low=528 high=0  state=ON
2026-09-23T20:23:10Z  OBSERVE  shippingservice  rejection=0.0000  low=528 high=0  state=ON
2026-09-23T20:23:11Z  OBSERVE  adservice  rejection=0.0000  low=529 high=0  state=ON
2026-09-23T20:23:11Z  OBSERVE  cartservice  rejection=0.0000  low=529 high=0  state=ON
2026-09-23T20:23:11Z  OBSERVE  checkoutservice  rejection=0.0000  low=462 high=0  state=ON
2026-09-23T20:23:11Z  OBSERVE  currencyservice  rejection=0.0000  low=529 high=0  state=ON
2026-09-23T20:23:11Z  OBSERVE  emailservice  rejection=0.0000  low=464 high=0  state=ON
2026-09-23T20:23:11Z  OBSERVE  paymentservice  rejection=0.0000  low=529 high=0  state=ON
2026-09-23T20:23:11Z  OBSERVE  productcatalogservice  rejection=0.0000  low=529 high=0  state=ON
2026-09-23T20:23:11Z  OBSERVE  recommendationservice  rejection=0.0000  low=529 high=0  state=ON
2026-09-23T20:23:11Z  OBSERVE  shippingservice  rejection=0.0000  low=529 high=0  state=ON
2026-09-23T20:23:12Z  OBSERVE  adservice  rejection=0.0000  low=530 high=0  state=ON
2026-09-23T20:23:12Z  OBSERVE  cartservice  rejection=0.0000  low=530 high=0  state=ON
2026-09-23T20:23:12Z  OBSERVE  checkoutservice  rejection=0.0000  low=463 high=0  state=ON
2026-09-23T20:23:12Z  OBSERVE  currencyservice  rejection=0.0000  low=530 high=0  state=ON
2026-09-23T20:23:12Z  OBSERVE  emailservice  rejection=0.0000  low=465 high=0  state=ON
2026-09-23T20:23:12Z  OBSERVE  paymentservice  rejection=0.0000  low=530 high=0  state=ON
2026-09-23T20:23:12Z  OBSERVE  productcatalogservice  rejection=0.0000  low=530 high=0  state=ON
2026-09-23T20:23:12Z  OBSERVE  recommendationservice  rejection=0.0000  low=530 high=0  state=ON
2026-09-23T20:23:12Z  OBSERVE  shippingservice  rejection=0.0000  low=530 high=0  state=ON
2026-09-23T20:23:13Z  OBSERVE  adservice  rejection=0.0000  low=531 high=0  state=ON
2026-09-23T20:23:13Z  OBSERVE  cartservice  rejection=0.0000  low=531 high=0  state=ON
2026-09-23T20:23:13Z  OBSERVE  checkoutservice  rejection=0.0000  low=464 high=0  state=ON
2026-09-23T20:23:13Z  OBSERVE  currencyservice  rejection=0.0000  low=531 high=0  state=ON
2026-09-23T20:23:13Z  OBSERVE  emailservice  rejection=0.0000  low=466 high=0  state=ON
2026-09-23T20:23:13Z  OBSERVE  paymentservice  rejection=0.0000  low=531 high=0  state=ON
2026-09-23T20:23:13Z  OBSERVE  productcatalogservice  rejection=0.0000  low=531 high=0  state=ON
2026-09-23T20:23:13Z  OBSERVE  recommendationservice  rejection=0.0000  low=531 high=0  state=ON
2026-09-23T20:23:13Z  OBSERVE  shippingservice  rejection=0.0000  low=531 high=0  state=ON
2026-09-23T20:23:14Z  OBSERVE  adservice  rejection=0.0000  low=532 high=0  state=ON
2026-09-23T20:23:14Z  OBSERVE  cartservice  rejection=0.0000  low=532 high=0  state=ON
2026-09-23T20:23:14Z  OBSERVE  checkoutservice  rejection=0.0000  low=465 high=0  state=ON
2026-09-23T20:23:14Z  OBSERVE  currencyservice  rejection=0.0000  low=532 high=0  state=ON
2026-09-23T20:23:14Z  OBSERVE  emailservice  rejection=0.0000  low=467 high=0  state=ON
2026-09-23T20:23:14Z  OBSERVE  paymentservice  rejection=0.0000  low=532 high=0  state=ON
2026-09-23T20:23:14Z  OBSERVE  productcatalogservice  rejection=0.0000  low=532 high=0  state=ON
2026-09-23T20:23:14Z  OBSERVE  recommendationservice  rejection=0.0000  low=532 high=0  state=ON
2026-09-23T20:23:14Z  OBSERVE  shippingservice  rejection=0.0000  low=532 high=0  state=ON
2026-09-23T20:23:15Z  OBSERVE  adservice  rejection=0.0000  low=533 high=0  state=ON
2026-09-23T20:23:15Z  OBSERVE  cartservice  rejection=0.0000  low=533 high=0  state=ON
2026-09-23T20:23:15Z  OBSERVE  checkoutservice  rejection=0.0000  low=466 high=0  state=ON
2026-09-23T20:23:15Z  OBSERVE  currencyservice  rejection=0.0000  low=533 high=0  state=ON
2026-09-23T20:23:15Z  OBSERVE  emailservice  rejection=0.0000  low=468 high=0  state=ON
2026-09-23T20:23:15Z  OBSERVE  paymentservice  rejection=0.0000  low=533 high=0  state=ON
2026-09-23T20:23:15Z  OBSERVE  productcatalogservice  rejection=0.0000  low=533 high=0  state=ON
2026-09-23T20:23:15Z  OBSERVE  recommendationservice  rejection=0.0000  low=533 high=0  state=ON
2026-09-23T20:23:15Z  OBSERVE  shippingservice  rejection=0.0000  low=533 high=0  state=ON
2026-09-23T20:23:16Z  OBSERVE  adservice  rejection=0.0000  low=534 high=0  state=ON
2026-09-23T20:23:16Z  OBSERVE  cartservice  rejection=0.0000  low=534 high=0  state=ON
2026-09-23T20:23:16Z  OBSERVE  checkoutservice  rejection=0.0000  low=467 high=0  state=ON
2026-09-23T20:23:16Z  OBSERVE  currencyservice  rejection=0.0000  low=534 high=0  state=ON
2026-09-23T20:23:16Z  OBSERVE  emailservice  rejection=0.0000  low=469 high=0  state=ON
2026-09-23T20:23:16Z  OBSERVE  paymentservice  rejection=0.0000  low=534 high=0  state=ON
2026-09-23T20:23:16Z  OBSERVE  productcatalogservice  rejection=0.0000  low=534 high=0  state=ON
2026-09-23T20:23:16Z  OBSERVE  recommendationservice  rejection=0.0000  low=534 high=0  state=ON
2026-09-23T20:23:16Z  OBSERVE  shippingservice  rejection=0.0000  low=534 high=0  state=ON
2026-09-23T20:23:17Z  OBSERVE  adservice  rejection=0.0000  low=535 high=0  state=ON
2026-09-23T20:23:17Z  OBSERVE  cartservice  rejection=0.0000  low=535 high=0  state=ON
2026-09-23T20:23:17Z  OBSERVE  checkoutservice  rejection=0.0000  low=468 high=0  state=ON
2026-09-23T20:23:17Z  OBSERVE  currencyservice  rejection=0.0000  low=535 high=0  state=ON
2026-09-23T20:23:17Z  OBSERVE  emailservice  rejection=0.0000  low=470 high=0  state=ON
2026-09-23T20:23:17Z  OBSERVE  paymentservice  rejection=0.0000  low=535 high=0  state=ON
2026-09-23T20:23:17Z  OBSERVE  productcatalogservice  rejection=0.0000  low=535 high=0  state=ON
2026-09-23T20:23:17Z  OBSERVE  recommendationservice  rejection=0.0000  low=535 high=0  state=ON
2026-09-23T20:23:17Z  OBSERVE  shippingservice  rejection=0.0000  low=535 high=0  state=ON
2026-09-23T20:23:18Z  OBSERVE  adservice  rejection=0.0000  low=536 high=0  state=ON
2026-09-23T20:23:18Z  OBSERVE  cartservice  rejection=0.0000  low=536 high=0  state=ON
2026-09-23T20:23:18Z  OBSERVE  checkoutservice  rejection=0.0000  low=469 high=0  state=ON
2026-09-23T20:23:18Z  OBSERVE  currencyservice  rejection=0.0000  low=536 high=0  state=ON
2026-09-23T20:23:18Z  OBSERVE  emailservice  rejection=0.0000  low=471 high=0  state=ON
2026-09-23T20:23:18Z  OBSERVE  paymentservice  rejection=0.0000  low=536 high=0  state=ON
2026-09-23T20:23:18Z  OBSERVE  productcatalogservice  rejection=0.0000  low=536 high=0  state=ON
2026-09-23T20:23:18Z  OBSERVE  recommendationservice  rejection=0.0000  low=536 high=0  state=ON
2026-09-23T20:23:18Z  OBSERVE  shippingservice  rejection=0.0000  low=536 high=0  state=ON
2026-09-23T20:23:19Z  OBSERVE  adservice  rejection=0.0000  low=537 high=0  state=ON
2026-09-23T20:23:19Z  OBSERVE  cartservice  rejection=0.0000  low=537 high=0  state=ON
2026-09-23T20:23:19Z  OBSERVE  checkoutservice  rejection=0.0000  low=470 high=0  state=ON
2026-09-23T20:23:19Z  OBSERVE  currencyservice  rejection=0.0000  low=537 high=0  state=ON
2026-09-23T20:23:19Z  OBSERVE  emailservice  rejection=0.0000  low=472 high=0  state=ON
2026-09-23T20:23:19Z  OBSERVE  paymentservice  rejection=0.0000  low=537 high=0  state=ON
2026-09-23T20:23:19Z  OBSERVE  productcatalogservice  rejection=0.0000  low=537 high=0  state=ON
2026-09-23T20:23:19Z  OBSERVE  recommendationservice  rejection=0.0000  low=537 high=0  state=ON
2026-09-23T20:23:19Z  OBSERVE  shippingservice  rejection=0.0000  low=537 high=0  state=ON
2026-09-23T20:23:20Z  OBSERVE  adservice  rejection=0.0000  low=538 high=0  state=ON
2026-09-23T20:23:20Z  OBSERVE  cartservice  rejection=0.0000  low=538 high=0  state=ON
2026-09-23T20:23:20Z  OBSERVE  checkoutservice  rejection=0.0000  low=471 high=0  state=ON
2026-09-23T20:23:20Z  OBSERVE  currencyservice  rejection=0.0000  low=538 high=0  state=ON
2026-09-23T20:23:20Z  OBSERVE  emailservice  rejection=0.0000  low=473 high=0  state=ON
2026-09-23T20:23:20Z  OBSERVE  paymentservice  rejection=0.0000  low=538 high=0  state=ON
2026-09-23T20:23:20Z  OBSERVE  productcatalogservice  rejection=0.0000  low=538 high=0  state=ON
2026-09-23T20:23:20Z  OBSERVE  recommendationservice  rejection=0.0000  low=538 high=0  state=ON
2026-09-23T20:23:20Z  OBSERVE  shippingservice  rejection=0.0000  low=538 high=0  state=ON
2026-09-23T20:23:21Z  OBSERVE  adservice  rejection=0.0000  low=539 high=0  state=ON
2026-09-23T20:23:21Z  OBSERVE  cartservice  rejection=0.0000  low=539 high=0  state=ON
2026-09-23T20:23:21Z  OBSERVE  checkoutservice  rejection=0.0000  low=472 high=0  state=ON
2026-09-23T20:23:21Z  OBSERVE  currencyservice  rejection=0.0000  low=539 high=0  state=ON
2026-09-23T20:23:21Z  OBSERVE  emailservice  rejection=0.0000  low=474 high=0  state=ON
2026-09-23T20:23:21Z  OBSERVE  paymentservice  rejection=0.0000  low=539 high=0  state=ON
2026-09-23T20:23:21Z  OBSERVE  productcatalogservice  rejection=0.0000  low=539 high=0  state=ON
2026-09-23T20:23:21Z  OBSERVE  recommendationservice  rejection=0.0000  low=539 high=0  state=ON
2026-09-23T20:23:21Z  OBSERVE  shippingservice  rejection=0.0000  low=539 high=0  state=ON
2026-09-23T20:23:22Z  OBSERVE  adservice  rejection=0.0000  low=540 high=0  state=ON
2026-09-23T20:23:22Z  OBSERVE  cartservice  rejection=0.0000  low=540 high=0  state=ON
2026-09-23T20:23:22Z  OBSERVE  checkoutservice  rejection=0.0000  low=473 high=0  state=ON
2026-09-23T20:23:22Z  OBSERVE  currencyservice  rejection=0.0000  low=540 high=0  state=ON
2026-09-23T20:23:22Z  OBSERVE  emailservice  rejection=0.0000  low=475 high=0  state=ON
2026-09-23T20:23:22Z  OBSERVE  paymentservice  rejection=0.0000  low=540 high=0  state=ON
2026-09-23T20:23:22Z  OBSERVE  productcatalogservice  rejection=0.0000  low=540 high=0  state=ON
2026-09-23T20:23:22Z  OBSERVE  recommendationservice  rejection=0.0000  low=540 high=0  state=ON
2026-09-23T20:23:22Z  OBSERVE  shippingservice  rejection=0.0000  low=540 high=0  state=ON
2026-09-23T20:23:23Z  OBSERVE  adservice  rejection=0.0000  low=541 high=0  state=ON
2026-09-23T20:23:23Z  OBSERVE  cartservice  rejection=0.0000  low=541 high=0  state=ON
2026-09-23T20:23:23Z  OBSERVE  checkoutservice  rejection=0.0000  low=474 high=0  state=ON
2026-09-23T20:23:23Z  OBSERVE  currencyservice  rejection=0.0000  low=541 high=0  state=ON
2026-09-23T20:23:23Z  OBSERVE  emailservice  rejection=0.0000  low=476 high=0  state=ON
2026-09-23T20:23:23Z  OBSERVE  paymentservice  rejection=0.0000  low=541 high=0  state=ON
2026-09-23T20:23:23Z  OBSERVE  productcatalogservice  rejection=0.0000  low=541 high=0  state=ON
2026-09-23T20:23:23Z  OBSERVE  recommendationservice  rejection=0.0000  low=541 high=0  state=ON
2026-09-23T20:23:23Z  OBSERVE  shippingservice  rejection=0.0000  low=541 high=0  state=ON
2026-09-23T20:23:24Z  OBSERVE  adservice  rejection=0.0000  low=542 high=0  state=ON
2026-09-23T20:23:24Z  OBSERVE  cartservice  rejection=0.0000  low=542 high=0  state=ON
2026-09-23T20:23:24Z  OBSERVE  checkoutservice  rejection=0.0000  low=475 high=0  state=ON
2026-09-23T20:23:24Z  OBSERVE  currencyservice  rejection=0.0000  low=542 high=0  state=ON
2026-09-23T20:23:24Z  OBSERVE  emailservice  rejection=0.0000  low=477 high=0  state=ON
2026-09-23T20:23:24Z  OBSERVE  paymentservice  rejection=0.0000  low=542 high=0  state=ON
2026-09-23T20:23:24Z  OBSERVE  productcatalogservice  rejection=0.0000  low=542 high=0  state=ON
2026-09-23T20:23:24Z  OBSERVE  recommendationservice  rejection=0.0000  low=542 high=0  state=ON
2026-09-23T20:23:24Z  OBSERVE  shippingservice  rejection=0.0000  low=542 high=0  state=ON
2026-09-23T20:23:25Z  OBSERVE  adservice  rejection=0.0000  low=543 high=0  state=ON
2026-09-23T20:23:25Z  OBSERVE  cartservice  rejection=0.0000  low=543 high=0  state=ON
2026-09-23T20:23:25Z  OBSERVE  checkoutservice  rejection=0.0000  low=476 high=0  state=ON
2026-09-23T20:23:25Z  OBSERVE  currencyservice  rejection=0.0000  low=543 high=0  state=ON
2026-09-23T20:23:25Z  OBSERVE  emailservice  rejection=0.0000  low=478 high=0  state=ON
2026-09-23T20:23:25Z  OBSERVE  paymentservice  rejection=0.0000  low=543 high=0  state=ON
2026-09-23T20:23:25Z  OBSERVE  productcatalogservice  rejection=0.0000  low=543 high=0  state=ON
2026-09-23T20:23:25Z  OBSERVE  recommendationservice  rejection=0.0000  low=543 high=0  state=ON
2026-09-23T20:23:25Z  OBSERVE  shippingservice  rejection=0.0000  low=543 high=0  state=ON
2026-09-23T20:23:26Z  OBSERVE  adservice  rejection=0.0000  low=544 high=0  state=ON
2026-09-23T20:23:26Z  OBSERVE  cartservice  rejection=0.0000  low=544 high=0  state=ON
2026-09-23T20:23:26Z  OBSERVE  checkoutservice  rejection=0.0000  low=477 high=0  state=ON
2026-09-23T20:23:26Z  OBSERVE  currencyservice  rejection=0.0000  low=544 high=0  state=ON
2026-09-23T20:23:26Z  OBSERVE  emailservice  rejection=0.0000  low=479 high=0  state=ON
2026-09-23T20:23:26Z  OBSERVE  paymentservice  rejection=0.0000  low=544 high=0  state=ON
2026-09-23T20:23:26Z  OBSERVE  productcatalogservice  rejection=0.0000  low=544 high=0  state=ON
2026-09-23T20:23:26Z  OBSERVE  recommendationservice  rejection=0.0000  low=544 high=0  state=ON
2026-09-23T20:23:26Z  OBSERVE  shippingservice  rejection=0.0000  low=544 high=0  state=ON
2026-09-23T20:23:27Z  OBSERVE  adservice  rejection=0.0000  low=545 high=0  state=ON
2026-09-23T20:23:27Z  OBSERVE  cartservice  rejection=0.0000  low=545 high=0  state=ON
2026-09-23T20:23:27Z  OBSERVE  checkoutservice  rejection=0.0000  low=478 high=0  state=ON
2026-09-23T20:23:27Z  OBSERVE  currencyservice  rejection=0.0000  low=545 high=0  state=ON
2026-09-23T20:23:27Z  OBSERVE  emailservice  rejection=0.0000  low=480 high=0  state=ON
2026-09-23T20:23:27Z  OBSERVE  paymentservice  rejection=0.0000  low=545 high=0  state=ON
2026-09-23T20:23:27Z  OBSERVE  productcatalogservice  rejection=0.0000  low=545 high=0  state=ON
2026-09-23T20:23:27Z  OBSERVE  recommendationservice  rejection=0.0000  low=545 high=0  state=ON
2026-09-23T20:23:27Z  OBSERVE  shippingservice  rejection=0.0000  low=545 high=0  state=ON
2026-09-23T20:23:28Z  OBSERVE  adservice  rejection=0.0000  low=546 high=0  state=ON
2026-09-23T20:23:28Z  OBSERVE  cartservice  rejection=0.0000  low=546 high=0  state=ON
2026-09-23T20:23:28Z  OBSERVE  checkoutservice  rejection=0.0000  low=479 high=0  state=ON
2026-09-23T20:23:28Z  OBSERVE  currencyservice  rejection=0.0000  low=546 high=0  state=ON
2026-09-23T20:23:28Z  OBSERVE  emailservice  rejection=0.0000  low=481 high=0  state=ON
2026-09-23T20:23:28Z  OBSERVE  paymentservice  rejection=0.0000  low=546 high=0  state=ON
2026-09-23T20:23:28Z  OBSERVE  productcatalogservice  rejection=0.0000  low=546 high=0  state=ON
2026-09-23T20:23:28Z  OBSERVE  recommendationservice  rejection=0.0000  low=546 high=0  state=ON
2026-09-23T20:23:28Z  OBSERVE  shippingservice  rejection=0.0000  low=546 high=0  state=ON
2026-09-23T20:23:29Z  OBSERVE  adservice  rejection=0.0000  low=547 high=0  state=ON
2026-09-23T20:23:29Z  OBSERVE  cartservice  rejection=0.0000  low=547 high=0  state=ON
2026-09-23T20:23:29Z  OBSERVE  checkoutservice  rejection=0.0000  low=480 high=0  state=ON
2026-09-23T20:23:29Z  OBSERVE  currencyservice  rejection=0.0000  low=547 high=0  state=ON
2026-09-23T20:23:29Z  OBSERVE  emailservice  rejection=0.0000  low=482 high=0  state=ON
2026-09-23T20:23:29Z  OBSERVE  paymentservice  rejection=0.0000  low=547 high=0  state=ON
2026-09-23T20:23:29Z  OBSERVE  productcatalogservice  rejection=0.0000  low=547 high=0  state=ON
2026-09-23T20:23:29Z  OBSERVE  recommendationservice  rejection=0.0000  low=547 high=0  state=ON
2026-09-23T20:23:29Z  OBSERVE  shippingservice  rejection=0.0000  low=547 high=0  state=ON
2026-09-23T20:23:30Z  OBSERVE  adservice  rejection=0.0000  low=548 high=0  state=ON
2026-09-23T20:23:30Z  OBSERVE  cartservice  rejection=0.0000  low=548 high=0  state=ON
2026-09-23T20:23:30Z  OBSERVE  checkoutservice  rejection=0.0000  low=481 high=0  state=ON
2026-09-23T20:23:30Z  OBSERVE  currencyservice  rejection=0.0000  low=548 high=0  state=ON
2026-09-23T20:23:30Z  OBSERVE  emailservice  rejection=0.0000  low=483 high=0  state=ON
2026-09-23T20:23:30Z  OBSERVE  paymentservice  rejection=0.0000  low=548 high=0  state=ON
2026-09-23T20:23:30Z  OBSERVE  productcatalogservice  rejection=0.0000  low=548 high=0  state=ON
2026-09-23T20:23:30Z  OBSERVE  recommendationservice  rejection=0.0000  low=548 high=0  state=ON
2026-09-23T20:23:30Z  OBSERVE  shippingservice  rejection=0.0000  low=548 high=0  state=ON
2026-09-23T20:23:31Z  OBSERVE  adservice  rejection=0.0000  low=549 high=0  state=ON
2026-09-23T20:23:31Z  OBSERVE  cartservice  rejection=0.0000  low=549 high=0  state=ON
2026-09-23T20:23:31Z  OBSERVE  checkoutservice  rejection=0.0000  low=482 high=0  state=ON
2026-09-23T20:23:31Z  OBSERVE  currencyservice  rejection=0.0000  low=549 high=0  state=ON
2026-09-23T20:23:31Z  OBSERVE  emailservice  rejection=0.0000  low=484 high=0  state=ON
2026-09-23T20:23:31Z  OBSERVE  paymentservice  rejection=0.0000  low=549 high=0  state=ON
2026-09-23T20:23:31Z  OBSERVE  productcatalogservice  rejection=0.0000  low=549 high=0  state=ON
2026-09-23T20:23:31Z  OBSERVE  recommendationservice  rejection=0.0000  low=549 high=0  state=ON
2026-09-23T20:23:31Z  OBSERVE  shippingservice  rejection=0.0000  low=549 high=0  state=ON
2026-09-23T20:23:32Z  OBSERVE  adservice  rejection=0.0000  low=550 high=0  state=ON
2026-09-23T20:23:32Z  OBSERVE  cartservice  rejection=0.0000  low=550 high=0  state=ON
2026-09-23T20:23:32Z  OBSERVE  checkoutservice  rejection=0.0000  low=483 high=0  state=ON
2026-09-23T20:23:32Z  OBSERVE  currencyservice  rejection=0.0000  low=550 high=0  state=ON
2026-09-23T20:23:32Z  OBSERVE  emailservice  rejection=0.0000  low=485 high=0  state=ON
2026-09-23T20:23:32Z  OBSERVE  paymentservice  rejection=0.0000  low=550 high=0  state=ON
2026-09-23T20:23:32Z  OBSERVE  productcatalogservice  rejection=0.0000  low=550 high=0  state=ON
2026-09-23T20:23:32Z  OBSERVE  recommendationservice  rejection=0.0000  low=550 high=0  state=ON
2026-09-23T20:23:32Z  OBSERVE  shippingservice  rejection=0.0000  low=550 high=0  state=ON
2026-09-23T20:23:33Z  OBSERVE  adservice  rejection=0.0000  low=551 high=0  state=ON
2026-09-23T20:23:33Z  OBSERVE  cartservice  rejection=0.0000  low=551 high=0  state=ON
2026-09-23T20:23:33Z  OBSERVE  checkoutservice  rejection=0.0000  low=484 high=0  state=ON
2026-09-23T20:23:33Z  OBSERVE  currencyservice  rejection=0.0000  low=551 high=0  state=ON
2026-09-23T20:23:33Z  OBSERVE  emailservice  rejection=0.0000  low=486 high=0  state=ON
2026-09-23T20:23:33Z  OBSERVE  paymentservice  rejection=0.0000  low=551 high=0  state=ON
2026-09-23T20:23:33Z  OBSERVE  productcatalogservice  rejection=0.0000  low=551 high=0  state=ON
2026-09-23T20:23:33Z  OBSERVE  recommendationservice  rejection=0.0000  low=551 high=0  state=ON
2026-09-23T20:23:33Z  OBSERVE  shippingservice  rejection=0.0000  low=551 high=0  state=ON
2026-09-23T20:23:34Z  OBSERVE  adservice  rejection=0.0000  low=552 high=0  state=ON
2026-09-23T20:23:34Z  OBSERVE  cartservice  rejection=0.0000  low=552 high=0  state=ON
2026-09-23T20:23:34Z  OBSERVE  checkoutservice  rejection=0.0000  low=485 high=0  state=ON
2026-09-23T20:23:34Z  OBSERVE  currencyservice  rejection=0.0000  low=552 high=0  state=ON
2026-09-23T20:23:34Z  OBSERVE  emailservice  rejection=0.0000  low=487 high=0  state=ON
2026-09-23T20:23:34Z  OBSERVE  paymentservice  rejection=0.0000  low=552 high=0  state=ON
2026-09-23T20:23:34Z  OBSERVE  productcatalogservice  rejection=0.0000  low=552 high=0  state=ON
2026-09-23T20:23:34Z  OBSERVE  recommendationservice  rejection=0.0000  low=552 high=0  state=ON
2026-09-23T20:23:34Z  OBSERVE  shippingservice  rejection=0.0000  low=552 high=0  state=ON
2026-09-23T20:23:35Z  OBSERVE  adservice  rejection=0.0000  low=553 high=0  state=ON
2026-09-23T20:23:35Z  OBSERVE  cartservice  rejection=0.0000  low=553 high=0  state=ON
2026-09-23T20:23:35Z  OBSERVE  checkoutservice  rejection=0.0000  low=486 high=0  state=ON
2026-09-23T20:23:35Z  OBSERVE  currencyservice  rejection=0.0000  low=553 high=0  state=ON
2026-09-23T20:23:35Z  OBSERVE  emailservice  rejection=0.0000  low=488 high=0  state=ON
2026-09-23T20:23:35Z  OBSERVE  paymentservice  rejection=0.0000  low=553 high=0  state=ON
2026-09-23T20:23:35Z  OBSERVE  productcatalogservice  rejection=0.0000  low=553 high=0  state=ON
2026-09-23T20:23:35Z  OBSERVE  recommendationservice  rejection=0.0000  low=553 high=0  state=ON
2026-09-23T20:23:35Z  OBSERVE  shippingservice  rejection=0.0000  low=553 high=0  state=ON
2026-09-23T20:23:36Z  OBSERVE  adservice  rejection=0.0000  low=554 high=0  state=ON
2026-09-23T20:23:36Z  OBSERVE  cartservice  rejection=0.0000  low=554 high=0  state=ON
2026-09-23T20:23:36Z  OBSERVE  checkoutservice  rejection=0.0000  low=487 high=0  state=ON
2026-09-23T20:23:36Z  OBSERVE  currencyservice  rejection=0.0000  low=554 high=0  state=ON
2026-09-23T20:23:36Z  OBSERVE  emailservice  rejection=0.0000  low=489 high=0  state=ON
2026-09-23T20:23:36Z  OBSERVE  paymentservice  rejection=0.0000  low=554 high=0  state=ON
2026-09-23T20:23:36Z  OBSERVE  productcatalogservice  rejection=0.0000  low=554 high=0  state=ON
2026-09-23T20:23:36Z  OBSERVE  recommendationservice  rejection=0.0000  low=554 high=0  state=ON
2026-09-23T20:23:36Z  OBSERVE  shippingservice  rejection=0.0000  low=554 high=0  state=ON
2026-09-23T20:23:37Z  SKIP  adservice  no metric data this sample
2026-09-23T20:23:37Z  SKIP  cartservice  no metric data this sample
2026-09-23T20:23:37Z  SKIP  checkoutservice  no metric data this sample
2026-09-23T20:23:37Z  SKIP  currencyservice  no metric data this sample
2026-09-23T20:23:37Z  SKIP  emailservice  no metric data this sample
2026-09-23T20:23:37Z  SKIP  paymentservice  no metric data this sample
2026-09-23T20:23:37Z  SKIP  productcatalogservice  no metric data this sample
2026-09-23T20:23:37Z  SKIP  recommendationservice  no metric data this sample
2026-09-23T20:23:37Z  SKIP  shippingservice  no metric data this sample
2026-09-23T20:23:38Z  OBSERVE  adservice  rejection=0.0000  low=555 high=0  state=ON
2026-09-23T20:23:38Z  OBSERVE  cartservice  rejection=0.0000  low=555 high=0  state=ON
2026-09-23T20:23:38Z  OBSERVE  checkoutservice  rejection=0.0000  low=488 high=0  state=ON
2026-09-23T20:23:38Z  OBSERVE  currencyservice  rejection=0.0000  low=555 high=0  state=ON
2026-09-23T20:23:38Z  OBSERVE  emailservice  rejection=0.0000  low=490 high=0  state=ON
2026-09-23T20:23:38Z  OBSERVE  paymentservice  rejection=0.0000  low=555 high=0  state=ON
2026-09-23T20:23:38Z  OBSERVE  productcatalogservice  rejection=0.0000  low=555 high=0  state=ON
2026-09-23T20:23:38Z  OBSERVE  recommendationservice  rejection=0.0000  low=555 high=0  state=ON
2026-09-23T20:23:38Z  OBSERVE  shippingservice  rejection=0.0000  low=555 high=0  state=ON
2026-09-23T20:23:39Z  OBSERVE  adservice  rejection=0.0000  low=556 high=0  state=ON
2026-09-23T20:23:39Z  OBSERVE  cartservice  rejection=0.0000  low=556 high=0  state=ON
2026-09-23T20:23:39Z  OBSERVE  checkoutservice  rejection=0.0000  low=489 high=0  state=ON
2026-09-23T20:23:39Z  OBSERVE  currencyservice  rejection=0.0000  low=556 high=0  state=ON
2026-09-23T20:23:39Z  OBSERVE  emailservice  rejection=0.0000  low=491 high=0  state=ON
2026-09-23T20:23:39Z  OBSERVE  paymentservice  rejection=0.0000  low=556 high=0  state=ON
2026-09-23T20:23:39Z  OBSERVE  productcatalogservice  rejection=0.0000  low=556 high=0  state=ON
2026-09-23T20:23:39Z  OBSERVE  recommendationservice  rejection=0.0000  low=556 high=0  state=ON
2026-09-23T20:23:39Z  OBSERVE  shippingservice  rejection=0.0000  low=556 high=0  state=ON
2026-09-23T20:23:40Z  OBSERVE  adservice  rejection=0.0000  low=557 high=0  state=ON
2026-09-23T20:23:40Z  OBSERVE  cartservice  rejection=0.0000  low=557 high=0  state=ON
2026-09-23T20:23:40Z  OBSERVE  checkoutservice  rejection=0.0000  low=490 high=0  state=ON
2026-09-23T20:23:40Z  OBSERVE  currencyservice  rejection=0.0000  low=557 high=0  state=ON
2026-09-23T20:23:40Z  OBSERVE  emailservice  rejection=0.0000  low=492 high=0  state=ON
2026-09-23T20:23:40Z  OBSERVE  paymentservice  rejection=0.0000  low=557 high=0  state=ON
2026-09-23T20:23:40Z  OBSERVE  productcatalogservice  rejection=0.0000  low=557 high=0  state=ON
2026-09-23T20:23:40Z  OBSERVE  recommendationservice  rejection=0.0000  low=557 high=0  state=ON
2026-09-23T20:23:40Z  OBSERVE  shippingservice  rejection=0.0000  low=557 high=0  state=ON
2026-09-23T20:23:41Z  OBSERVE  adservice  rejection=0.0000  low=558 high=0  state=ON
2026-09-23T20:23:41Z  OBSERVE  cartservice  rejection=0.0000  low=558 high=0  state=ON
2026-09-23T20:23:41Z  OBSERVE  checkoutservice  rejection=0.0000  low=491 high=0  state=ON
2026-09-23T20:23:41Z  OBSERVE  currencyservice  rejection=0.0000  low=558 high=0  state=ON
2026-09-23T20:23:41Z  OBSERVE  emailservice  rejection=0.0000  low=493 high=0  state=ON
2026-09-23T20:23:41Z  OBSERVE  paymentservice  rejection=0.0000  low=558 high=0  state=ON
2026-09-23T20:23:41Z  OBSERVE  productcatalogservice  rejection=0.0000  low=558 high=0  state=ON
2026-09-23T20:23:41Z  OBSERVE  recommendationservice  rejection=0.0000  low=558 high=0  state=ON
2026-09-23T20:23:41Z  OBSERVE  shippingservice  rejection=0.0000  low=558 high=0  state=ON
2026-09-23T20:23:42Z  OBSERVE  adservice  rejection=0.0000  low=559 high=0  state=ON
2026-09-23T20:23:42Z  OBSERVE  cartservice  rejection=0.0000  low=559 high=0  state=ON
2026-09-23T20:23:42Z  OBSERVE  checkoutservice  rejection=0.0000  low=492 high=0  state=ON
2026-09-23T20:23:42Z  OBSERVE  currencyservice  rejection=0.0000  low=559 high=0  state=ON
2026-09-23T20:23:42Z  OBSERVE  emailservice  rejection=0.0000  low=494 high=0  state=ON
2026-09-23T20:23:42Z  OBSERVE  paymentservice  rejection=0.0000  low=559 high=0  state=ON
2026-09-23T20:23:42Z  OBSERVE  productcatalogservice  rejection=0.0000  low=559 high=0  state=ON
2026-09-23T20:23:42Z  OBSERVE  recommendationservice  rejection=0.0000  low=559 high=0  state=ON
2026-09-23T20:23:42Z  OBSERVE  shippingservice  rejection=0.0000  low=559 high=0  state=ON
2026-09-23T20:23:43Z  OBSERVE  adservice  rejection=0.0000  low=560 high=0  state=ON
2026-09-23T20:23:43Z  OBSERVE  cartservice  rejection=0.0000  low=560 high=0  state=ON
2026-09-23T20:23:43Z  OBSERVE  checkoutservice  rejection=0.0000  low=493 high=0  state=ON
2026-09-23T20:23:43Z  OBSERVE  currencyservice  rejection=0.0000  low=560 high=0  state=ON
2026-09-23T20:23:43Z  OBSERVE  emailservice  rejection=0.0000  low=495 high=0  state=ON
2026-09-23T20:23:43Z  OBSERVE  paymentservice  rejection=0.0000  low=560 high=0  state=ON
2026-09-23T20:23:43Z  OBSERVE  productcatalogservice  rejection=0.0000  low=560 high=0  state=ON
2026-09-23T20:23:43Z  OBSERVE  recommendationservice  rejection=0.0000  low=560 high=0  state=ON
2026-09-23T20:23:43Z  OBSERVE  shippingservice  rejection=0.0000  low=560 high=0  state=ON
2026-09-23T20:23:44Z  OBSERVE  adservice  rejection=0.0000  low=561 high=0  state=ON
2026-09-23T20:23:44Z  OBSERVE  cartservice  rejection=0.0000  low=561 high=0  state=ON
2026-09-23T20:23:44Z  OBSERVE  checkoutservice  rejection=0.0000  low=494 high=0  state=ON
2026-09-23T20:23:44Z  OBSERVE  currencyservice  rejection=0.0000  low=561 high=0  state=ON
2026-09-23T20:23:44Z  OBSERVE  emailservice  rejection=0.0000  low=496 high=0  state=ON
2026-09-23T20:23:44Z  OBSERVE  paymentservice  rejection=0.0000  low=561 high=0  state=ON
2026-09-23T20:23:44Z  OBSERVE  productcatalogservice  rejection=0.0000  low=561 high=0  state=ON
2026-09-23T20:23:44Z  OBSERVE  recommendationservice  rejection=0.0000  low=561 high=0  state=ON
2026-09-23T20:23:44Z  OBSERVE  shippingservice  rejection=0.0000  low=561 high=0  state=ON
2026-09-23T20:23:45Z  SKIP  adservice  no metric data this sample
2026-09-23T20:23:45Z  SKIP  cartservice  no metric data this sample
2026-09-23T20:23:45Z  SKIP  checkoutservice  no metric data this sample
2026-09-23T20:23:45Z  SKIP  currencyservice  no metric data this sample
2026-09-23T20:23:45Z  SKIP  emailservice  no metric data this sample
2026-09-23T20:23:45Z  SKIP  paymentservice  no metric data this sample
2026-09-23T20:23:45Z  SKIP  productcatalogservice  no metric data this sample
2026-09-23T20:23:45Z  SKIP  recommendationservice  no metric data this sample
2026-09-23T20:23:45Z  SKIP  shippingservice  no metric data this sample
2026-09-23T20:23:46Z  OBSERVE  adservice  rejection=0.0000  low=562 high=0  state=ON
2026-09-23T20:23:46Z  OBSERVE  cartservice  rejection=0.0000  low=562 high=0  state=ON
2026-09-23T20:23:46Z  OBSERVE  checkoutservice  rejection=0.0000  low=495 high=0  state=ON
2026-09-23T20:23:46Z  OBSERVE  currencyservice  rejection=0.0000  low=562 high=0  state=ON
2026-09-23T20:23:46Z  OBSERVE  emailservice  rejection=0.0000  low=497 high=0  state=ON
2026-09-23T20:23:46Z  OBSERVE  paymentservice  rejection=0.0000  low=562 high=0  state=ON
2026-09-23T20:23:46Z  OBSERVE  productcatalogservice  rejection=0.0000  low=562 high=0  state=ON
2026-09-23T20:23:46Z  OBSERVE  recommendationservice  rejection=0.0000  low=562 high=0  state=ON
2026-09-23T20:23:46Z  OBSERVE  shippingservice  rejection=0.0000  low=562 high=0  state=ON
2026-09-23T20:23:47Z  OBSERVE  adservice  rejection=0.0000  low=563 high=0  state=ON
2026-09-23T20:23:47Z  OBSERVE  cartservice  rejection=0.0000  low=563 high=0  state=ON
2026-09-23T20:23:47Z  OBSERVE  checkoutservice  rejection=0.0000  low=496 high=0  state=ON
2026-09-23T20:23:47Z  OBSERVE  currencyservice  rejection=0.0000  low=563 high=0  state=ON
2026-09-23T20:23:47Z  OBSERVE  emailservice  rejection=0.0000  low=498 high=0  state=ON
2026-09-23T20:23:47Z  OBSERVE  paymentservice  rejection=0.0000  low=563 high=0  state=ON
2026-09-23T20:23:47Z  OBSERVE  productcatalogservice  rejection=0.0000  low=563 high=0  state=ON
2026-09-23T20:23:47Z  OBSERVE  recommendationservice  rejection=0.0000  low=563 high=0  state=ON
2026-09-23T20:23:47Z  OBSERVE  shippingservice  rejection=0.0000  low=563 high=0  state=ON
2026-09-23T20:23:48Z  OBSERVE  adservice  rejection=0.0000  low=564 high=0  state=ON
2026-09-23T20:23:48Z  OBSERVE  cartservice  rejection=0.0000  low=564 high=0  state=ON
2026-09-23T20:23:48Z  OBSERVE  checkoutservice  rejection=0.0000  low=497 high=0  state=ON
2026-09-23T20:23:48Z  OBSERVE  currencyservice  rejection=0.0000  low=564 high=0  state=ON
2026-09-23T20:23:48Z  OBSERVE  emailservice  rejection=0.0000  low=499 high=0  state=ON
2026-09-23T20:23:48Z  OBSERVE  paymentservice  rejection=0.0000  low=564 high=0  state=ON
2026-09-23T20:23:48Z  OBSERVE  productcatalogservice  rejection=0.0000  low=564 high=0  state=ON
2026-09-23T20:23:48Z  OBSERVE  recommendationservice  rejection=0.0000  low=564 high=0  state=ON
2026-09-23T20:23:48Z  OBSERVE  shippingservice  rejection=0.0000  low=564 high=0  state=ON
2026-09-23T20:23:49Z  OBSERVE  adservice  rejection=0.0000  low=565 high=0  state=ON
2026-09-23T20:23:49Z  OBSERVE  cartservice  rejection=0.0000  low=565 high=0  state=ON
2026-09-23T20:23:49Z  OBSERVE  checkoutservice  rejection=0.0000  low=498 high=0  state=ON
2026-09-23T20:23:49Z  OBSERVE  currencyservice  rejection=0.0000  low=565 high=0  state=ON
2026-09-23T20:23:49Z  OBSERVE  emailservice  rejection=0.0000  low=500 high=0  state=ON
2026-09-23T20:23:49Z  OBSERVE  paymentservice  rejection=0.0000  low=565 high=0  state=ON
2026-09-23T20:23:49Z  OBSERVE  productcatalogservice  rejection=0.0000  low=565 high=0  state=ON
2026-09-23T20:23:49Z  OBSERVE  recommendationservice  rejection=0.0000  low=565 high=0  state=ON
2026-09-23T20:23:49Z  OBSERVE  shippingservice  rejection=0.0000  low=565 high=0  state=ON
2026-09-23T20:23:50Z  OBSERVE  adservice  rejection=0.0000  low=566 high=0  state=ON
2026-09-23T20:23:50Z  OBSERVE  cartservice  rejection=0.0000  low=566 high=0  state=ON
2026-09-23T20:23:50Z  OBSERVE  checkoutservice  rejection=0.0000  low=499 high=0  state=ON
2026-09-23T20:23:50Z  OBSERVE  currencyservice  rejection=0.0000  low=566 high=0  state=ON
2026-09-23T20:23:50Z  OBSERVE  emailservice  rejection=0.0000  low=501 high=0  state=ON
2026-09-23T20:23:50Z  OBSERVE  paymentservice  rejection=0.0000  low=566 high=0  state=ON
2026-09-23T20:23:50Z  OBSERVE  productcatalogservice  rejection=0.0000  low=566 high=0  state=ON
2026-09-23T20:23:50Z  OBSERVE  recommendationservice  rejection=0.0000  low=566 high=0  state=ON
2026-09-23T20:23:50Z  OBSERVE  shippingservice  rejection=0.0000  low=566 high=0  state=ON
2026-09-23T20:23:51Z  OBSERVE  adservice  rejection=0.0000  low=567 high=0  state=ON
2026-09-23T20:23:51Z  OBSERVE  cartservice  rejection=0.0000  low=567 high=0  state=ON
2026-09-23T20:23:51Z  SKIP  checkoutservice  no metric data this sample
2026-09-23T20:23:51Z  SKIP  currencyservice  no metric data this sample
2026-09-23T20:23:51Z  SKIP  emailservice  no metric data this sample
2026-09-23T20:23:51Z  SKIP  paymentservice  no metric data this sample
2026-09-23T20:23:51Z  SKIP  productcatalogservice  no metric data this sample
2026-09-23T20:23:51Z  SKIP  recommendationservice  no metric data this sample
2026-09-23T20:23:51Z  SKIP  shippingservice  no metric data this sample
2026-09-23T20:23:52Z  OBSERVE  adservice  rejection=0.0000  low=568 high=0  state=ON
2026-09-23T20:23:52Z  OBSERVE  cartservice  rejection=0.0000  low=568 high=0  state=ON
2026-09-23T20:23:52Z  OBSERVE  checkoutservice  rejection=0.0000  low=500 high=0  state=ON
2026-09-23T20:23:52Z  OBSERVE  currencyservice  rejection=0.0000  low=567 high=0  state=ON
2026-09-23T20:23:52Z  OBSERVE  emailservice  rejection=0.0000  low=502 high=0  state=ON
2026-09-23T20:23:52Z  OBSERVE  paymentservice  rejection=0.0000  low=567 high=0  state=ON
2026-09-23T20:23:52Z  OBSERVE  productcatalogservice  rejection=0.0000  low=567 high=0  state=ON
2026-09-23T20:23:52Z  OBSERVE  recommendationservice  rejection=0.0000  low=567 high=0  state=ON
2026-09-23T20:23:52Z  OBSERVE  shippingservice  rejection=0.0000  low=567 high=0  state=ON
2026-09-23T20:23:53Z  OBSERVE  adservice  rejection=0.0000  low=569 high=0  state=ON
2026-09-23T20:23:53Z  OBSERVE  cartservice  rejection=0.0000  low=569 high=0  state=ON
2026-09-23T20:23:53Z  OBSERVE  checkoutservice  rejection=0.0000  low=501 high=0  state=ON
2026-09-23T20:23:53Z  OBSERVE  currencyservice  rejection=0.0000  low=568 high=0  state=ON
2026-09-23T20:23:53Z  OBSERVE  emailservice  rejection=0.0000  low=503 high=0  state=ON
2026-09-23T20:23:53Z  OBSERVE  paymentservice  rejection=0.0000  low=568 high=0  state=ON
2026-09-23T20:23:53Z  OBSERVE  productcatalogservice  rejection=0.0000  low=568 high=0  state=ON
2026-09-23T20:23:53Z  OBSERVE  recommendationservice  rejection=0.0000  low=568 high=0  state=ON
2026-09-23T20:23:53Z  OBSERVE  shippingservice  rejection=0.0000  low=568 high=0  state=ON
2026-09-23T20:23:54Z  OBSERVE  adservice  rejection=0.0000  low=570 high=0  state=ON
2026-09-23T20:23:54Z  OBSERVE  cartservice  rejection=0.0000  low=570 high=0  state=ON
2026-09-23T20:23:54Z  OBSERVE  checkoutservice  rejection=0.0000  low=502 high=0  state=ON
2026-09-23T20:23:54Z  OBSERVE  currencyservice  rejection=0.0000  low=569 high=0  state=ON
2026-09-23T20:23:54Z  OBSERVE  emailservice  rejection=0.0000  low=504 high=0  state=ON
2026-09-23T20:23:54Z  OBSERVE  paymentservice  rejection=0.0000  low=569 high=0  state=ON
2026-09-23T20:23:54Z  OBSERVE  productcatalogservice  rejection=0.0000  low=569 high=0  state=ON
2026-09-23T20:23:54Z  OBSERVE  recommendationservice  rejection=0.0000  low=569 high=0  state=ON
2026-09-23T20:23:54Z  OBSERVE  shippingservice  rejection=0.0000  low=569 high=0  state=ON
2026-09-23T20:23:55Z  SKIP  adservice  no metric data this sample
2026-09-23T20:23:55Z  SKIP  cartservice  no metric data this sample
2026-09-23T20:23:55Z  SKIP  checkoutservice  no metric data this sample
2026-09-23T20:23:55Z  SKIP  currencyservice  no metric data this sample
2026-09-23T20:23:55Z  SKIP  emailservice  no metric data this sample
2026-09-23T20:23:55Z  SKIP  paymentservice  no metric data this sample
2026-09-23T20:23:55Z  SKIP  productcatalogservice  no metric data this sample
2026-09-23T20:23:55Z  SKIP  recommendationservice  no metric data this sample
2026-09-23T20:23:55Z  SKIP  shippingservice  no metric data this sample
2026-09-23T20:23:56Z  OBSERVE  adservice  rejection=0.0000  low=571 high=0  state=ON
2026-09-23T20:23:56Z  OBSERVE  cartservice  rejection=0.0000  low=571 high=0  state=ON
2026-09-23T20:23:56Z  OBSERVE  checkoutservice  rejection=0.0000  low=503 high=0  state=ON
2026-09-23T20:23:56Z  OBSERVE  currencyservice  rejection=0.0000  low=570 high=0  state=ON
2026-09-23T20:23:56Z  OBSERVE  emailservice  rejection=0.0000  low=505 high=0  state=ON
2026-09-23T20:23:56Z  OBSERVE  paymentservice  rejection=0.0000  low=570 high=0  state=ON
2026-09-23T20:23:56Z  OBSERVE  productcatalogservice  rejection=0.0000  low=570 high=0  state=ON
2026-09-23T20:23:56Z  OBSERVE  recommendationservice  rejection=0.0000  low=570 high=0  state=ON
2026-09-23T20:23:56Z  OBSERVE  shippingservice  rejection=0.0000  low=570 high=0  state=ON
2026-09-23T20:23:57Z  OBSERVE  adservice  rejection=0.0000  low=572 high=0  state=ON
2026-09-23T20:23:57Z  OBSERVE  cartservice  rejection=0.0000  low=572 high=0  state=ON
2026-09-23T20:23:57Z  OBSERVE  checkoutservice  rejection=0.0000  low=504 high=0  state=ON
2026-09-23T20:23:57Z  OBSERVE  currencyservice  rejection=0.0000  low=571 high=0  state=ON
2026-09-23T20:23:57Z  OBSERVE  emailservice  rejection=0.0000  low=506 high=0  state=ON
2026-09-23T20:23:57Z  OBSERVE  paymentservice  rejection=0.0000  low=571 high=0  state=ON
2026-09-23T20:23:57Z  OBSERVE  productcatalogservice  rejection=0.0000  low=571 high=0  state=ON
2026-09-23T20:23:57Z  OBSERVE  recommendationservice  rejection=0.0000  low=571 high=0  state=ON
2026-09-23T20:23:57Z  OBSERVE  shippingservice  rejection=0.0000  low=571 high=0  state=ON
2026-09-23T20:23:58Z  OBSERVE  adservice  rejection=0.0000  low=573 high=0  state=ON
2026-09-23T20:23:58Z  OBSERVE  cartservice  rejection=0.0000  low=573 high=0  state=ON
2026-09-23T20:23:58Z  OBSERVE  checkoutservice  rejection=0.0000  low=505 high=0  state=ON
2026-09-23T20:23:58Z  OBSERVE  currencyservice  rejection=0.0000  low=572 high=0  state=ON
2026-09-23T20:23:58Z  OBSERVE  emailservice  rejection=0.0000  low=507 high=0  state=ON
2026-09-23T20:23:58Z  OBSERVE  paymentservice  rejection=0.0000  low=572 high=0  state=ON
2026-09-23T20:23:58Z  OBSERVE  productcatalogservice  rejection=0.0000  low=572 high=0  state=ON
2026-09-23T20:23:58Z  OBSERVE  recommendationservice  rejection=0.0000  low=572 high=0  state=ON
2026-09-23T20:23:58Z  OBSERVE  shippingservice  rejection=0.0000  low=572 high=0  state=ON
2026-09-23T20:23:59Z  OBSERVE  adservice  rejection=0.0000  low=574 high=0  state=ON
2026-09-23T20:23:59Z  OBSERVE  cartservice  rejection=0.0000  low=574 high=0  state=ON
2026-09-23T20:23:59Z  OBSERVE  checkoutservice  rejection=0.0000  low=506 high=0  state=ON
2026-09-23T20:23:59Z  OBSERVE  currencyservice  rejection=0.0000  low=573 high=0  state=ON
2026-09-23T20:23:59Z  OBSERVE  emailservice  rejection=0.0000  low=508 high=0  state=ON
2026-09-23T20:23:59Z  OBSERVE  paymentservice  rejection=0.0000  low=573 high=0  state=ON
2026-09-23T20:23:59Z  OBSERVE  productcatalogservice  rejection=0.0000  low=573 high=0  state=ON
2026-09-23T20:23:59Z  OBSERVE  recommendationservice  rejection=0.0000  low=573 high=0  state=ON
2026-09-23T20:23:59Z  OBSERVE  shippingservice  rejection=0.0000  low=573 high=0  state=ON
2026-09-23T20:24:00Z  OBSERVE  adservice  rejection=0.0000  low=575 high=0  state=ON
2026-09-23T20:24:00Z  OBSERVE  cartservice  rejection=0.0000  low=575 high=0  state=ON
2026-09-23T20:24:00Z  OBSERVE  checkoutservice  rejection=0.0000  low=507 high=0  state=ON
2026-09-23T20:24:00Z  OBSERVE  currencyservice  rejection=0.0000  low=574 high=0  state=ON
2026-09-23T20:24:00Z  OBSERVE  emailservice  rejection=0.0000  low=509 high=0  state=ON
2026-09-23T20:24:00Z  OBSERVE  paymentservice  rejection=0.0000  low=574 high=0  state=ON
2026-09-23T20:24:00Z  OBSERVE  productcatalogservice  rejection=0.0000  low=574 high=0  state=ON
2026-09-23T20:24:00Z  OBSERVE  recommendationservice  rejection=0.0000  low=574 high=0  state=ON
2026-09-23T20:24:00Z  OBSERVE  shippingservice  rejection=0.0000  low=574 high=0  state=ON
2026-09-23T20:24:01Z  OBSERVE  adservice  rejection=0.0000  low=576 high=0  state=ON
2026-09-23T20:24:01Z  OBSERVE  cartservice  rejection=0.0000  low=576 high=0  state=ON
2026-09-23T20:24:01Z  OBSERVE  checkoutservice  rejection=0.0000  low=508 high=0  state=ON
2026-09-23T20:24:01Z  OBSERVE  currencyservice  rejection=0.0000  low=575 high=0  state=ON
2026-09-23T20:24:01Z  OBSERVE  emailservice  rejection=0.0000  low=510 high=0  state=ON
2026-09-23T20:24:01Z  OBSERVE  paymentservice  rejection=0.0000  low=575 high=0  state=ON
2026-09-23T20:24:01Z  OBSERVE  productcatalogservice  rejection=0.0000  low=575 high=0  state=ON
2026-09-23T20:24:01Z  OBSERVE  recommendationservice  rejection=0.0000  low=575 high=0  state=ON
2026-09-23T20:24:01Z  OBSERVE  shippingservice  rejection=0.0000  low=575 high=0  state=ON
2026-09-23T20:24:02Z  OBSERVE  adservice  rejection=0.0000  low=577 high=0  state=ON
2026-09-23T20:24:02Z  OBSERVE  cartservice  rejection=0.0000  low=577 high=0  state=ON
2026-09-23T20:24:02Z  OBSERVE  checkoutservice  rejection=0.0000  low=509 high=0  state=ON
2026-09-23T20:24:02Z  OBSERVE  currencyservice  rejection=0.0000  low=576 high=0  state=ON
2026-09-23T20:24:02Z  OBSERVE  emailservice  rejection=0.0000  low=511 high=0  state=ON
2026-09-23T20:24:02Z  OBSERVE  paymentservice  rejection=0.0000  low=576 high=0  state=ON
2026-09-23T20:24:02Z  OBSERVE  productcatalogservice  rejection=0.0000  low=576 high=0  state=ON
2026-09-23T20:24:02Z  OBSERVE  recommendationservice  rejection=0.0000  low=576 high=0  state=ON
2026-09-23T20:24:02Z  OBSERVE  shippingservice  rejection=0.0000  low=576 high=0  state=ON
2026-09-23T20:24:03Z  OBSERVE  adservice  rejection=0.0000  low=578 high=0  state=ON
2026-09-23T20:24:03Z  OBSERVE  cartservice  rejection=0.0000  low=578 high=0  state=ON
2026-09-23T20:24:03Z  OBSERVE  checkoutservice  rejection=0.0000  low=510 high=0  state=ON
2026-09-23T20:24:03Z  OBSERVE  currencyservice  rejection=0.0000  low=577 high=0  state=ON
2026-09-23T20:24:03Z  OBSERVE  emailservice  rejection=0.0000  low=512 high=0  state=ON
2026-09-23T20:24:03Z  OBSERVE  paymentservice  rejection=0.0000  low=577 high=0  state=ON
2026-09-23T20:24:03Z  OBSERVE  productcatalogservice  rejection=0.0000  low=577 high=0  state=ON
2026-09-23T20:24:03Z  OBSERVE  recommendationservice  rejection=0.0000  low=577 high=0  state=ON
2026-09-23T20:24:03Z  OBSERVE  shippingservice  rejection=0.0000  low=577 high=0  state=ON
2026-09-23T20:24:04Z  OBSERVE  adservice  rejection=0.0000  low=579 high=0  state=ON
2026-09-23T20:24:04Z  OBSERVE  cartservice  rejection=0.0000  low=579 high=0  state=ON
2026-09-23T20:24:04Z  OBSERVE  checkoutservice  rejection=0.0000  low=511 high=0  state=ON
2026-09-23T20:24:04Z  OBSERVE  currencyservice  rejection=0.0000  low=578 high=0  state=ON
2026-09-23T20:24:04Z  OBSERVE  emailservice  rejection=0.0000  low=513 high=0  state=ON
2026-09-23T20:24:04Z  OBSERVE  paymentservice  rejection=0.0000  low=578 high=0  state=ON
2026-09-23T20:24:04Z  OBSERVE  productcatalogservice  rejection=0.0000  low=578 high=0  state=ON
2026-09-23T20:24:04Z  OBSERVE  recommendationservice  rejection=0.0000  low=578 high=0  state=ON
2026-09-23T20:24:04Z  OBSERVE  shippingservice  rejection=0.0000  low=578 high=0  state=ON
2026-09-23T20:24:05Z  SKIP  adservice  no metric data this sample
2026-09-23T20:24:05Z  SKIP  cartservice  no metric data this sample
2026-09-23T20:24:05Z  SKIP  checkoutservice  no metric data this sample
2026-09-23T20:24:05Z  SKIP  currencyservice  no metric data this sample
2026-09-23T20:24:05Z  SKIP  emailservice  no metric data this sample
2026-09-23T20:24:05Z  SKIP  paymentservice  no metric data this sample
2026-09-23T20:24:05Z  SKIP  productcatalogservice  no metric data this sample
2026-09-23T20:24:05Z  SKIP  recommendationservice  no metric data this sample
2026-09-23T20:24:05Z  SKIP  shippingservice  no metric data this sample
2026-09-23T20:24:06Z  OBSERVE  adservice  rejection=0.0000  low=580 high=0  state=ON
2026-09-23T20:24:06Z  OBSERVE  cartservice  rejection=0.0000  low=580 high=0  state=ON
2026-09-23T20:24:06Z  OBSERVE  checkoutservice  rejection=0.0000  low=512 high=0  state=ON
2026-09-23T20:24:06Z  OBSERVE  currencyservice  rejection=0.0000  low=579 high=0  state=ON
2026-09-23T20:24:06Z  OBSERVE  emailservice  rejection=0.0000  low=514 high=0  state=ON
2026-09-23T20:24:06Z  OBSERVE  paymentservice  rejection=0.0000  low=579 high=0  state=ON
2026-09-23T20:24:06Z  OBSERVE  productcatalogservice  rejection=0.0000  low=579 high=0  state=ON
2026-09-23T20:24:06Z  OBSERVE  recommendationservice  rejection=0.0000  low=579 high=0  state=ON
2026-09-23T20:24:06Z  OBSERVE  shippingservice  rejection=0.0000  low=579 high=0  state=ON
2026-09-23T20:24:07Z  OBSERVE  adservice  rejection=0.0000  low=581 high=0  state=ON
2026-09-23T20:24:07Z  OBSERVE  cartservice  rejection=0.0000  low=581 high=0  state=ON
2026-09-23T20:24:07Z  OBSERVE  checkoutservice  rejection=0.0000  low=513 high=0  state=ON
2026-09-23T20:24:07Z  OBSERVE  currencyservice  rejection=0.0000  low=580 high=0  state=ON
2026-09-23T20:24:07Z  OBSERVE  emailservice  rejection=0.0000  low=515 high=0  state=ON
2026-09-23T20:24:07Z  OBSERVE  paymentservice  rejection=0.0000  low=580 high=0  state=ON
2026-09-23T20:24:07Z  OBSERVE  productcatalogservice  rejection=0.0000  low=580 high=0  state=ON
2026-09-23T20:24:07Z  OBSERVE  recommendationservice  rejection=0.0000  low=580 high=0  state=ON
2026-09-23T20:24:07Z  OBSERVE  shippingservice  rejection=0.0000  low=580 high=0  state=ON
2026-09-23T20:24:08Z  OBSERVE  adservice  rejection=0.0000  low=582 high=0  state=ON
2026-09-23T20:24:08Z  OBSERVE  cartservice  rejection=0.0000  low=582 high=0  state=ON
2026-09-23T20:24:08Z  OBSERVE  checkoutservice  rejection=0.0000  low=514 high=0  state=ON
2026-09-23T20:24:08Z  OBSERVE  currencyservice  rejection=0.0000  low=581 high=0  state=ON
2026-09-23T20:24:08Z  OBSERVE  emailservice  rejection=0.0000  low=516 high=0  state=ON
2026-09-23T20:24:08Z  OBSERVE  paymentservice  rejection=0.0000  low=581 high=0  state=ON
2026-09-23T20:24:08Z  OBSERVE  productcatalogservice  rejection=0.0000  low=581 high=0  state=ON
2026-09-23T20:24:08Z  OBSERVE  recommendationservice  rejection=0.0000  low=581 high=0  state=ON
2026-09-23T20:24:08Z  OBSERVE  shippingservice  rejection=0.0000  low=581 high=0  state=ON
2026-09-23T20:24:09Z  OBSERVE  adservice  rejection=0.0000  low=583 high=0  state=ON
2026-09-23T20:24:09Z  OBSERVE  cartservice  rejection=0.0000  low=583 high=0  state=ON
2026-09-23T20:24:09Z  OBSERVE  checkoutservice  rejection=0.0000  low=515 high=0  state=ON
2026-09-23T20:24:09Z  OBSERVE  currencyservice  rejection=0.0000  low=582 high=0  state=ON
2026-09-23T20:24:09Z  OBSERVE  emailservice  rejection=0.0000  low=517 high=0  state=ON
2026-09-23T20:24:09Z  OBSERVE  paymentservice  rejection=0.0000  low=582 high=0  state=ON
2026-09-23T20:24:09Z  OBSERVE  productcatalogservice  rejection=0.0000  low=582 high=0  state=ON
2026-09-23T20:24:09Z  OBSERVE  recommendationservice  rejection=0.0000  low=582 high=0  state=ON
2026-09-23T20:24:09Z  OBSERVE  shippingservice  rejection=0.0000  low=582 high=0  state=ON
2026-09-23T20:24:10Z  OBSERVE  adservice  rejection=0.0000  low=584 high=0  state=ON
2026-09-23T20:24:10Z  OBSERVE  cartservice  rejection=0.0000  low=584 high=0  state=ON
2026-09-23T20:24:10Z  OBSERVE  checkoutservice  rejection=0.0000  low=516 high=0  state=ON
2026-09-23T20:24:10Z  OBSERVE  currencyservice  rejection=0.0000  low=583 high=0  state=ON
2026-09-23T20:24:10Z  OBSERVE  emailservice  rejection=0.0000  low=518 high=0  state=ON
2026-09-23T20:24:10Z  OBSERVE  paymentservice  rejection=0.0000  low=583 high=0  state=ON
2026-09-23T20:24:10Z  OBSERVE  productcatalogservice  rejection=0.0000  low=583 high=0  state=ON
2026-09-23T20:24:10Z  OBSERVE  recommendationservice  rejection=0.0000  low=583 high=0  state=ON
2026-09-23T20:24:10Z  OBSERVE  shippingservice  rejection=0.0000  low=583 high=0  state=ON
2026-09-23T20:24:11Z  OBSERVE  adservice  rejection=0.0000  low=585 high=0  state=ON
2026-09-23T20:24:11Z  OBSERVE  cartservice  rejection=0.0000  low=585 high=0  state=ON
2026-09-23T20:24:11Z  OBSERVE  checkoutservice  rejection=0.0000  low=517 high=0  state=ON
2026-09-23T20:24:11Z  OBSERVE  currencyservice  rejection=0.0000  low=584 high=0  state=ON
2026-09-23T20:24:11Z  OBSERVE  emailservice  rejection=0.0000  low=519 high=0  state=ON
2026-09-23T20:24:11Z  OBSERVE  paymentservice  rejection=0.0000  low=584 high=0  state=ON
2026-09-23T20:24:11Z  OBSERVE  productcatalogservice  rejection=0.0000  low=584 high=0  state=ON
2026-09-23T20:24:11Z  OBSERVE  recommendationservice  rejection=0.0000  low=584 high=0  state=ON
2026-09-23T20:24:11Z  OBSERVE  shippingservice  rejection=0.0000  low=584 high=0  state=ON
2026-09-23T20:24:12Z  OBSERVE  adservice  rejection=0.0000  low=586 high=0  state=ON
2026-09-23T20:24:12Z  OBSERVE  cartservice  rejection=0.0000  low=586 high=0  state=ON
2026-09-23T20:24:12Z  OBSERVE  checkoutservice  rejection=0.0000  low=518 high=0  state=ON
2026-09-23T20:24:12Z  OBSERVE  currencyservice  rejection=0.0000  low=585 high=0  state=ON
2026-09-23T20:24:12Z  OBSERVE  emailservice  rejection=0.0000  low=520 high=0  state=ON
2026-09-23T20:24:12Z  OBSERVE  paymentservice  rejection=0.0000  low=585 high=0  state=ON
2026-09-23T20:24:12Z  OBSERVE  productcatalogservice  rejection=0.0000  low=585 high=0  state=ON
2026-09-23T20:24:12Z  OBSERVE  recommendationservice  rejection=0.0000  low=585 high=0  state=ON
2026-09-23T20:24:12Z  OBSERVE  shippingservice  rejection=0.0000  low=585 high=0  state=ON
2026-09-23T20:24:13Z  OBSERVE  adservice  rejection=0.0000  low=587 high=0  state=ON
2026-09-23T20:24:13Z  OBSERVE  cartservice  rejection=0.0000  low=587 high=0  state=ON
2026-09-23T20:24:13Z  OBSERVE  checkoutservice  rejection=0.0000  low=519 high=0  state=ON
2026-09-23T20:24:13Z  OBSERVE  currencyservice  rejection=0.0000  low=586 high=0  state=ON
2026-09-23T20:24:13Z  OBSERVE  emailservice  rejection=0.0000  low=521 high=0  state=ON
2026-09-23T20:24:13Z  OBSERVE  paymentservice  rejection=0.0000  low=586 high=0  state=ON
2026-09-23T20:24:13Z  OBSERVE  productcatalogservice  rejection=0.0000  low=586 high=0  state=ON
2026-09-23T20:24:13Z  OBSERVE  recommendationservice  rejection=0.0000  low=586 high=0  state=ON
2026-09-23T20:24:13Z  OBSERVE  shippingservice  rejection=0.0000  low=586 high=0  state=ON
2026-09-23T20:24:14Z  OBSERVE  adservice  rejection=0.0000  low=588 high=0  state=ON
2026-09-23T20:24:14Z  OBSERVE  cartservice  rejection=0.0000  low=588 high=0  state=ON
2026-09-23T20:24:14Z  OBSERVE  checkoutservice  rejection=0.0000  low=520 high=0  state=ON
2026-09-23T20:24:14Z  OBSERVE  currencyservice  rejection=0.0000  low=587 high=0  state=ON
2026-09-23T20:24:14Z  OBSERVE  emailservice  rejection=0.0000  low=522 high=0  state=ON
2026-09-23T20:24:14Z  OBSERVE  paymentservice  rejection=0.0000  low=587 high=0  state=ON
2026-09-23T20:24:14Z  OBSERVE  productcatalogservice  rejection=0.0000  low=587 high=0  state=ON
2026-09-23T20:24:14Z  OBSERVE  recommendationservice  rejection=0.0000  low=587 high=0  state=ON
2026-09-23T20:24:14Z  OBSERVE  shippingservice  rejection=0.0000  low=587 high=0  state=ON
2026-09-23T20:24:15Z  OBSERVE  adservice  rejection=0.0000  low=589 high=0  state=ON
2026-09-23T20:24:15Z  OBSERVE  cartservice  rejection=0.0000  low=589 high=0  state=ON
2026-09-23T20:24:15Z  OBSERVE  checkoutservice  rejection=0.0000  low=521 high=0  state=ON
2026-09-23T20:24:15Z  OBSERVE  currencyservice  rejection=0.0000  low=588 high=0  state=ON
2026-09-23T20:24:15Z  OBSERVE  emailservice  rejection=0.0000  low=523 high=0  state=ON
2026-09-23T20:24:15Z  OBSERVE  paymentservice  rejection=0.0000  low=588 high=0  state=ON
2026-09-23T20:24:15Z  OBSERVE  productcatalogservice  rejection=0.0000  low=588 high=0  state=ON
2026-09-23T20:24:15Z  OBSERVE  recommendationservice  rejection=0.0000  low=588 high=0  state=ON
2026-09-23T20:24:15Z  OBSERVE  shippingservice  rejection=0.0000  low=588 high=0  state=ON
2026-09-23T20:24:16Z  OBSERVE  adservice  rejection=0.0000  low=590 high=0  state=ON
2026-09-23T20:24:16Z  OBSERVE  cartservice  rejection=0.0000  low=590 high=0  state=ON
2026-09-23T20:24:16Z  OBSERVE  checkoutservice  rejection=0.0000  low=522 high=0  state=ON
2026-09-23T20:24:16Z  OBSERVE  currencyservice  rejection=0.0000  low=589 high=0  state=ON
2026-09-23T20:24:16Z  OBSERVE  emailservice  rejection=0.0000  low=524 high=0  state=ON
2026-09-23T20:24:16Z  OBSERVE  paymentservice  rejection=0.0000  low=589 high=0  state=ON
2026-09-23T20:24:16Z  OBSERVE  productcatalogservice  rejection=0.0000  low=589 high=0  state=ON
2026-09-23T20:24:16Z  OBSERVE  recommendationservice  rejection=0.0000  low=589 high=0  state=ON
2026-09-23T20:24:16Z  OBSERVE  shippingservice  rejection=0.0000  low=589 high=0  state=ON
2026-09-23T20:24:17Z  OBSERVE  adservice  rejection=0.0000  low=591 high=0  state=ON
2026-09-23T20:24:17Z  OBSERVE  cartservice  rejection=0.0000  low=591 high=0  state=ON
2026-09-23T20:24:17Z  OBSERVE  checkoutservice  rejection=0.0000  low=523 high=0  state=ON
2026-09-23T20:24:17Z  OBSERVE  currencyservice  rejection=0.0000  low=590 high=0  state=ON
2026-09-23T20:24:17Z  OBSERVE  emailservice  rejection=0.0000  low=525 high=0  state=ON
2026-09-23T20:24:17Z  OBSERVE  paymentservice  rejection=0.0000  low=590 high=0  state=ON
2026-09-23T20:24:17Z  OBSERVE  productcatalogservice  rejection=0.0000  low=590 high=0  state=ON
2026-09-23T20:24:17Z  OBSERVE  recommendationservice  rejection=0.0000  low=590 high=0  state=ON
2026-09-23T20:24:17Z  OBSERVE  shippingservice  rejection=0.0000  low=590 high=0  state=ON
2026-09-23T20:24:18Z  OBSERVE  adservice  rejection=0.0000  low=592 high=0  state=ON
2026-09-23T20:24:18Z  OBSERVE  cartservice  rejection=0.0000  low=592 high=0  state=ON
2026-09-23T20:24:18Z  OBSERVE  checkoutservice  rejection=0.0000  low=524 high=0  state=ON
2026-09-23T20:24:18Z  OBSERVE  currencyservice  rejection=0.0000  low=591 high=0  state=ON
2026-09-23T20:24:18Z  OBSERVE  emailservice  rejection=0.0000  low=526 high=0  state=ON
2026-09-23T20:24:18Z  OBSERVE  paymentservice  rejection=0.0000  low=591 high=0  state=ON
2026-09-23T20:24:18Z  OBSERVE  productcatalogservice  rejection=0.0000  low=591 high=0  state=ON
2026-09-23T20:24:18Z  OBSERVE  recommendationservice  rejection=0.0000  low=591 high=0  state=ON
2026-09-23T20:24:18Z  OBSERVE  shippingservice  rejection=0.0000  low=591 high=0  state=ON
2026-09-23T20:24:19Z  OBSERVE  adservice  rejection=0.0000  low=593 high=0  state=ON
2026-09-23T20:24:19Z  OBSERVE  cartservice  rejection=0.0000  low=593 high=0  state=ON
2026-09-23T20:24:19Z  OBSERVE  checkoutservice  rejection=0.0000  low=525 high=0  state=ON
2026-09-23T20:24:19Z  OBSERVE  currencyservice  rejection=0.0000  low=592 high=0  state=ON
2026-09-23T20:24:19Z  OBSERVE  emailservice  rejection=0.0000  low=527 high=0  state=ON
2026-09-23T20:24:19Z  OBSERVE  paymentservice  rejection=0.0000  low=592 high=0  state=ON
2026-09-23T20:24:19Z  OBSERVE  productcatalogservice  rejection=0.0000  low=592 high=0  state=ON
2026-09-23T20:24:19Z  OBSERVE  recommendationservice  rejection=0.0000  low=592 high=0  state=ON
2026-09-23T20:24:19Z  OBSERVE  shippingservice  rejection=0.0000  low=592 high=0  state=ON
2026-09-23T20:24:20Z  OBSERVE  adservice  rejection=0.0000  low=594 high=0  state=ON
2026-09-23T20:24:20Z  OBSERVE  cartservice  rejection=0.0000  low=594 high=0  state=ON
2026-09-23T20:24:20Z  OBSERVE  checkoutservice  rejection=0.0000  low=526 high=0  state=ON
2026-09-23T20:24:20Z  OBSERVE  currencyservice  rejection=0.0000  low=593 high=0  state=ON
2026-09-23T20:24:20Z  OBSERVE  emailservice  rejection=0.0000  low=528 high=0  state=ON
2026-09-23T20:24:20Z  OBSERVE  paymentservice  rejection=0.0000  low=593 high=0  state=ON
2026-09-23T20:24:20Z  OBSERVE  productcatalogservice  rejection=0.0000  low=593 high=0  state=ON
2026-09-23T20:24:20Z  OBSERVE  recommendationservice  rejection=0.0000  low=593 high=0  state=ON
2026-09-23T20:24:20Z  OBSERVE  shippingservice  rejection=0.0000  low=593 high=0  state=ON
2026-09-23T20:24:21Z  OBSERVE  adservice  rejection=0.0000  low=595 high=0  state=ON
2026-09-23T20:24:21Z  OBSERVE  cartservice  rejection=0.0000  low=595 high=0  state=ON
2026-09-23T20:24:21Z  OBSERVE  checkoutservice  rejection=0.0000  low=527 high=0  state=ON
2026-09-23T20:24:21Z  OBSERVE  currencyservice  rejection=0.0000  low=594 high=0  state=ON
2026-09-23T20:24:21Z  OBSERVE  emailservice  rejection=0.0000  low=529 high=0  state=ON
2026-09-23T20:24:21Z  OBSERVE  paymentservice  rejection=0.0000  low=594 high=0  state=ON
2026-09-23T20:24:21Z  OBSERVE  productcatalogservice  rejection=0.0000  low=594 high=0  state=ON
2026-09-23T20:24:21Z  OBSERVE  recommendationservice  rejection=0.0000  low=594 high=0  state=ON
2026-09-23T20:24:21Z  OBSERVE  shippingservice  rejection=0.0000  low=594 high=0  state=ON
2026-09-23T20:24:22Z  OBSERVE  adservice  rejection=0.0000  low=596 high=0  state=ON
2026-09-23T20:24:22Z  OBSERVE  cartservice  rejection=0.0000  low=596 high=0  state=ON
2026-09-23T20:24:22Z  OBSERVE  checkoutservice  rejection=0.0000  low=528 high=0  state=ON
2026-09-23T20:24:22Z  OBSERVE  currencyservice  rejection=0.0000  low=595 high=0  state=ON
2026-09-23T20:24:22Z  OBSERVE  emailservice  rejection=0.0000  low=530 high=0  state=ON
2026-09-23T20:24:22Z  OBSERVE  paymentservice  rejection=0.0000  low=595 high=0  state=ON
2026-09-23T20:24:22Z  OBSERVE  productcatalogservice  rejection=0.0000  low=595 high=0  state=ON
2026-09-23T20:24:22Z  OBSERVE  recommendationservice  rejection=0.0000  low=595 high=0  state=ON
2026-09-23T20:24:22Z  OBSERVE  shippingservice  rejection=0.0000  low=595 high=0  state=ON
2026-09-23T20:24:23Z  OBSERVE  adservice  rejection=0.0000  low=597 high=0  state=ON
2026-09-23T20:24:23Z  OBSERVE  cartservice  rejection=0.0000  low=597 high=0  state=ON
2026-09-23T20:24:23Z  OBSERVE  checkoutservice  rejection=0.0000  low=529 high=0  state=ON
2026-09-23T20:24:23Z  OBSERVE  currencyservice  rejection=0.0000  low=596 high=0  state=ON
2026-09-23T20:24:23Z  OBSERVE  emailservice  rejection=0.0000  low=531 high=0  state=ON
2026-09-23T20:24:23Z  OBSERVE  paymentservice  rejection=0.0000  low=596 high=0  state=ON
2026-09-23T20:24:23Z  OBSERVE  productcatalogservice  rejection=0.0000  low=596 high=0  state=ON
2026-09-23T20:24:23Z  OBSERVE  recommendationservice  rejection=0.0000  low=596 high=0  state=ON
2026-09-23T20:24:23Z  OBSERVE  shippingservice  rejection=0.0000  low=596 high=0  state=ON
2026-09-23T20:24:24Z  OBSERVE  adservice  rejection=0.0000  low=598 high=0  state=ON
2026-09-23T20:24:24Z  OBSERVE  cartservice  rejection=0.0000  low=598 high=0  state=ON
2026-09-23T20:24:24Z  OBSERVE  checkoutservice  rejection=0.0000  low=530 high=0  state=ON
2026-09-23T20:24:24Z  OBSERVE  currencyservice  rejection=0.0000  low=597 high=0  state=ON
2026-09-23T20:24:24Z  OBSERVE  emailservice  rejection=0.0000  low=532 high=0  state=ON
2026-09-23T20:24:24Z  OBSERVE  paymentservice  rejection=0.0000  low=597 high=0  state=ON
2026-09-23T20:24:24Z  OBSERVE  productcatalogservice  rejection=0.0000  low=597 high=0  state=ON
2026-09-23T20:24:24Z  OBSERVE  recommendationservice  rejection=0.0000  low=597 high=0  state=ON
2026-09-23T20:24:24Z  OBSERVE  shippingservice  rejection=0.0000  low=597 high=0  state=ON
2026-09-23T20:24:25Z  OBSERVE  adservice  rejection=0.0000  low=599 high=0  state=ON
2026-09-23T20:24:25Z  OBSERVE  cartservice  rejection=0.0000  low=599 high=0  state=ON
2026-09-23T20:24:25Z  OBSERVE  checkoutservice  rejection=0.0000  low=531 high=0  state=ON
2026-09-23T20:24:25Z  OBSERVE  currencyservice  rejection=0.0000  low=598 high=0  state=ON
2026-09-23T20:24:25Z  OBSERVE  emailservice  rejection=0.0000  low=533 high=0  state=ON
2026-09-23T20:24:25Z  OBSERVE  paymentservice  rejection=0.0000  low=598 high=0  state=ON
2026-09-23T20:24:25Z  OBSERVE  productcatalogservice  rejection=0.0000  low=598 high=0  state=ON
2026-09-23T20:24:25Z  OBSERVE  recommendationservice  rejection=0.0000  low=598 high=0  state=ON
2026-09-23T20:24:25Z  OBSERVE  shippingservice  rejection=0.0000  low=598 high=0  state=ON
2026-09-23T20:24:26Z  OBSERVE  adservice  rejection=0.0000  low=600 high=0  state=ON
2026-09-23T20:24:26Z  OBSERVE  cartservice  rejection=0.0000  low=600 high=0  state=ON
2026-09-23T20:24:26Z  OBSERVE  checkoutservice  rejection=0.0000  low=532 high=0  state=ON
2026-09-23T20:24:26Z  OBSERVE  currencyservice  rejection=0.0000  low=599 high=0  state=ON
2026-09-23T20:24:26Z  OBSERVE  emailservice  rejection=0.0000  low=534 high=0  state=ON
2026-09-23T20:24:26Z  OBSERVE  paymentservice  rejection=0.0000  low=599 high=0  state=ON
2026-09-23T20:24:26Z  OBSERVE  productcatalogservice  rejection=0.0000  low=599 high=0  state=ON
2026-09-23T20:24:26Z  OBSERVE  recommendationservice  rejection=0.0000  low=599 high=0  state=ON
2026-09-23T20:24:26Z  OBSERVE  shippingservice  rejection=0.0000  low=599 high=0  state=ON
2026-09-23T20:24:27Z  OBSERVE  adservice  rejection=0.0000  low=601 high=0  state=ON
2026-09-23T20:24:27Z  OBSERVE  cartservice  rejection=0.0000  low=601 high=0  state=ON
2026-09-23T20:24:27Z  OBSERVE  checkoutservice  rejection=0.0000  low=533 high=0  state=ON
2026-09-23T20:24:27Z  OBSERVE  currencyservice  rejection=0.0000  low=600 high=0  state=ON
2026-09-23T20:24:27Z  OBSERVE  emailservice  rejection=0.0000  low=535 high=0  state=ON
2026-09-23T20:24:27Z  OBSERVE  paymentservice  rejection=0.0000  low=600 high=0  state=ON
2026-09-23T20:24:27Z  OBSERVE  productcatalogservice  rejection=0.0000  low=600 high=0  state=ON
2026-09-23T20:24:27Z  OBSERVE  recommendationservice  rejection=0.0000  low=600 high=0  state=ON
2026-09-23T20:24:27Z  OBSERVE  shippingservice  rejection=0.0000  low=600 high=0  state=ON
2026-09-23T20:24:28Z  OBSERVE  adservice  rejection=0.0000  low=602 high=0  state=ON
2026-09-23T20:24:28Z  OBSERVE  cartservice  rejection=0.0000  low=602 high=0  state=ON
2026-09-23T20:24:28Z  OBSERVE  checkoutservice  rejection=0.0000  low=534 high=0  state=ON
2026-09-23T20:24:28Z  OBSERVE  currencyservice  rejection=0.0000  low=601 high=0  state=ON
2026-09-23T20:24:28Z  OBSERVE  emailservice  rejection=0.0000  low=536 high=0  state=ON
2026-09-23T20:24:28Z  OBSERVE  paymentservice  rejection=0.0000  low=601 high=0  state=ON
2026-09-23T20:24:28Z  OBSERVE  productcatalogservice  rejection=0.0000  low=601 high=0  state=ON
2026-09-23T20:24:28Z  OBSERVE  recommendationservice  rejection=0.0000  low=601 high=0  state=ON
2026-09-23T20:24:28Z  OBSERVE  shippingservice  rejection=0.0000  low=601 high=0  state=ON
2026-09-23T20:24:29Z  OBSERVE  adservice  rejection=0.0000  low=603 high=0  state=ON
2026-09-23T20:24:29Z  OBSERVE  cartservice  rejection=0.0000  low=603 high=0  state=ON
2026-09-23T20:24:29Z  OBSERVE  checkoutservice  rejection=0.0000  low=535 high=0  state=ON
2026-09-23T20:24:29Z  OBSERVE  currencyservice  rejection=0.0000  low=602 high=0  state=ON
2026-09-23T20:24:29Z  OBSERVE  emailservice  rejection=0.0000  low=537 high=0  state=ON
2026-09-23T20:24:29Z  OBSERVE  paymentservice  rejection=0.0000  low=602 high=0  state=ON
2026-09-23T20:24:29Z  OBSERVE  productcatalogservice  rejection=0.0000  low=602 high=0  state=ON
2026-09-23T20:24:29Z  OBSERVE  recommendationservice  rejection=0.0000  low=602 high=0  state=ON
2026-09-23T20:24:29Z  OBSERVE  shippingservice  rejection=0.0000  low=602 high=0  state=ON
2026-09-23T20:24:30Z  OBSERVE  adservice  rejection=0.0000  low=604 high=0  state=ON
2026-09-23T20:24:30Z  OBSERVE  cartservice  rejection=0.0000  low=604 high=0  state=ON
2026-09-23T20:24:30Z  OBSERVE  checkoutservice  rejection=0.0000  low=536 high=0  state=ON
2026-09-23T20:24:30Z  OBSERVE  currencyservice  rejection=0.0000  low=603 high=0  state=ON
2026-09-23T20:24:30Z  OBSERVE  emailservice  rejection=0.0000  low=538 high=0  state=ON
2026-09-23T20:24:30Z  OBSERVE  paymentservice  rejection=0.0000  low=603 high=0  state=ON
2026-09-23T20:24:30Z  OBSERVE  productcatalogservice  rejection=0.0000  low=603 high=0  state=ON
2026-09-23T20:24:30Z  OBSERVE  recommendationservice  rejection=0.0000  low=603 high=0  state=ON
2026-09-23T20:24:30Z  OBSERVE  shippingservice  rejection=0.0000  low=603 high=0  state=ON
2026-09-23T20:24:31Z  OBSERVE  adservice  rejection=0.0000  low=605 high=0  state=ON
2026-09-23T20:24:31Z  OBSERVE  cartservice  rejection=0.0000  low=605 high=0  state=ON
2026-09-23T20:24:31Z  OBSERVE  checkoutservice  rejection=0.0000  low=537 high=0  state=ON
2026-09-23T20:24:31Z  OBSERVE  currencyservice  rejection=0.0000  low=604 high=0  state=ON
2026-09-23T20:24:31Z  OBSERVE  emailservice  rejection=0.0000  low=539 high=0  state=ON
2026-09-23T20:24:31Z  OBSERVE  paymentservice  rejection=0.0000  low=604 high=0  state=ON
2026-09-23T20:24:31Z  OBSERVE  productcatalogservice  rejection=0.0000  low=604 high=0  state=ON
2026-09-23T20:24:31Z  OBSERVE  recommendationservice  rejection=0.0000  low=604 high=0  state=ON
2026-09-23T20:24:31Z  OBSERVE  shippingservice  rejection=0.0000  low=604 high=0  state=ON
2026-09-23T20:24:32Z  OBSERVE  adservice  rejection=0.0000  low=606 high=0  state=ON
2026-09-23T20:24:32Z  OBSERVE  cartservice  rejection=0.0000  low=606 high=0  state=ON
2026-09-23T20:24:32Z  OBSERVE  checkoutservice  rejection=0.0000  low=538 high=0  state=ON
2026-09-23T20:24:32Z  OBSERVE  currencyservice  rejection=0.0000  low=605 high=0  state=ON
2026-09-23T20:24:32Z  OBSERVE  emailservice  rejection=0.0000  low=540 high=0  state=ON
2026-09-23T20:24:32Z  OBSERVE  paymentservice  rejection=0.0000  low=605 high=0  state=ON
2026-09-23T20:24:32Z  OBSERVE  productcatalogservice  rejection=0.0000  low=605 high=0  state=ON
2026-09-23T20:24:32Z  OBSERVE  recommendationservice  rejection=0.0000  low=605 high=0  state=ON
2026-09-23T20:24:32Z  OBSERVE  shippingservice  rejection=0.0000  low=605 high=0  state=ON
2026-09-23T20:24:33Z  OBSERVE  adservice  rejection=0.0000  low=607 high=0  state=ON
2026-09-23T20:24:33Z  OBSERVE  cartservice  rejection=0.0000  low=607 high=0  state=ON
2026-09-23T20:24:33Z  OBSERVE  checkoutservice  rejection=0.0000  low=539 high=0  state=ON
2026-09-23T20:24:33Z  OBSERVE  currencyservice  rejection=0.0000  low=606 high=0  state=ON
2026-09-23T20:24:33Z  OBSERVE  emailservice  rejection=0.0000  low=541 high=0  state=ON
2026-09-23T20:24:33Z  OBSERVE  paymentservice  rejection=0.0000  low=606 high=0  state=ON
2026-09-23T20:24:33Z  OBSERVE  productcatalogservice  rejection=0.0000  low=606 high=0  state=ON
2026-09-23T20:24:33Z  OBSERVE  recommendationservice  rejection=0.0000  low=606 high=0  state=ON
2026-09-23T20:24:33Z  OBSERVE  shippingservice  rejection=0.0000  low=606 high=0  state=ON
2026-09-23T20:24:34Z  OBSERVE  adservice  rejection=0.0000  low=608 high=0  state=ON
2026-09-23T20:24:34Z  OBSERVE  cartservice  rejection=0.0000  low=608 high=0  state=ON
2026-09-23T20:24:34Z  OBSERVE  checkoutservice  rejection=0.0000  low=540 high=0  state=ON
2026-09-23T20:24:34Z  OBSERVE  currencyservice  rejection=0.0000  low=607 high=0  state=ON
2026-09-23T20:24:34Z  OBSERVE  emailservice  rejection=0.0000  low=542 high=0  state=ON
2026-09-23T20:24:34Z  OBSERVE  paymentservice  rejection=0.0000  low=607 high=0  state=ON
2026-09-23T20:24:34Z  OBSERVE  productcatalogservice  rejection=0.0000  low=607 high=0  state=ON
2026-09-23T20:24:34Z  OBSERVE  recommendationservice  rejection=0.0000  low=607 high=0  state=ON
2026-09-23T20:24:34Z  OBSERVE  shippingservice  rejection=0.0000  low=607 high=0  state=ON
2026-09-23T20:24:35Z  OBSERVE  adservice  rejection=0.0000  low=609 high=0  state=ON
2026-09-23T20:24:35Z  OBSERVE  cartservice  rejection=0.0000  low=609 high=0  state=ON
2026-09-23T20:24:35Z  OBSERVE  checkoutservice  rejection=0.0000  low=541 high=0  state=ON
2026-09-23T20:24:35Z  OBSERVE  currencyservice  rejection=0.0000  low=608 high=0  state=ON
2026-09-23T20:24:35Z  OBSERVE  emailservice  rejection=0.0000  low=543 high=0  state=ON
2026-09-23T20:24:35Z  OBSERVE  paymentservice  rejection=0.0000  low=608 high=0  state=ON
2026-09-23T20:24:35Z  OBSERVE  productcatalogservice  rejection=0.0000  low=608 high=0  state=ON
2026-09-23T20:24:35Z  OBSERVE  recommendationservice  rejection=0.0000  low=608 high=0  state=ON
2026-09-23T20:24:35Z  OBSERVE  shippingservice  rejection=0.0000  low=608 high=0  state=ON
2026-09-23T20:24:36Z  OBSERVE  adservice  rejection=0.0000  low=610 high=0  state=ON
2026-09-23T20:24:36Z  OBSERVE  cartservice  rejection=0.0000  low=610 high=0  state=ON
2026-09-23T20:24:36Z  OBSERVE  checkoutservice  rejection=0.0000  low=542 high=0  state=ON
2026-09-23T20:24:36Z  OBSERVE  currencyservice  rejection=0.0000  low=609 high=0  state=ON
2026-09-23T20:24:36Z  OBSERVE  emailservice  rejection=0.0000  low=544 high=0  state=ON
2026-09-23T20:24:36Z  OBSERVE  paymentservice  rejection=0.0000  low=609 high=0  state=ON
2026-09-23T20:24:36Z  OBSERVE  productcatalogservice  rejection=0.0000  low=609 high=0  state=ON
2026-09-23T20:24:36Z  OBSERVE  recommendationservice  rejection=0.0000  low=609 high=0  state=ON
2026-09-23T20:24:36Z  OBSERVE  shippingservice  rejection=0.0000  low=609 high=0  state=ON
2026-09-23T20:24:37Z  OBSERVE  adservice  rejection=0.0000  low=611 high=0  state=ON
2026-09-23T20:24:37Z  OBSERVE  cartservice  rejection=0.0000  low=611 high=0  state=ON
2026-09-23T20:24:37Z  OBSERVE  checkoutservice  rejection=0.0000  low=543 high=0  state=ON
2026-09-23T20:24:37Z  OBSERVE  currencyservice  rejection=0.0000  low=610 high=0  state=ON
2026-09-23T20:24:37Z  OBSERVE  emailservice  rejection=0.0000  low=545 high=0  state=ON
2026-09-23T20:24:37Z  OBSERVE  paymentservice  rejection=0.0000  low=610 high=0  state=ON
2026-09-23T20:24:37Z  OBSERVE  productcatalogservice  rejection=0.0000  low=610 high=0  state=ON
2026-09-23T20:24:37Z  OBSERVE  recommendationservice  rejection=0.0000  low=610 high=0  state=ON
2026-09-23T20:24:37Z  OBSERVE  shippingservice  rejection=0.0000  low=610 high=0  state=ON
2026-09-23T20:24:38Z  OBSERVE  adservice  rejection=0.0000  low=612 high=0  state=ON
2026-09-23T20:24:38Z  OBSERVE  cartservice  rejection=0.0000  low=612 high=0  state=ON
2026-09-23T20:24:38Z  OBSERVE  checkoutservice  rejection=0.0000  low=544 high=0  state=ON
2026-09-23T20:24:38Z  OBSERVE  currencyservice  rejection=0.0000  low=611 high=0  state=ON
2026-09-23T20:24:38Z  OBSERVE  emailservice  rejection=0.0000  low=546 high=0  state=ON
2026-09-23T20:24:38Z  OBSERVE  paymentservice  rejection=0.0000  low=611 high=0  state=ON
2026-09-23T20:24:38Z  OBSERVE  productcatalogservice  rejection=0.0000  low=611 high=0  state=ON
2026-09-23T20:24:38Z  OBSERVE  recommendationservice  rejection=0.0000  low=611 high=0  state=ON
2026-09-23T20:24:38Z  OBSERVE  shippingservice  rejection=0.0000  low=611 high=0  state=ON
2026-09-23T20:24:39Z  OBSERVE  adservice  rejection=0.0000  low=613 high=0  state=ON
2026-09-23T20:24:39Z  OBSERVE  cartservice  rejection=0.0000  low=613 high=0  state=ON
2026-09-23T20:24:39Z  OBSERVE  checkoutservice  rejection=0.0000  low=545 high=0  state=ON
2026-09-23T20:24:39Z  OBSERVE  currencyservice  rejection=0.0000  low=612 high=0  state=ON
2026-09-23T20:24:39Z  OBSERVE  emailservice  rejection=0.0000  low=547 high=0  state=ON
2026-09-23T20:24:39Z  OBSERVE  paymentservice  rejection=0.0000  low=612 high=0  state=ON
2026-09-23T20:24:39Z  OBSERVE  productcatalogservice  rejection=0.0000  low=612 high=0  state=ON
2026-09-23T20:24:39Z  OBSERVE  recommendationservice  rejection=0.0000  low=612 high=0  state=ON
2026-09-23T20:24:39Z  OBSERVE  shippingservice  rejection=0.0000  low=612 high=0  state=ON
2026-09-23T20:24:40Z  OBSERVE  adservice  rejection=0.0000  low=614 high=0  state=ON
2026-09-23T20:24:40Z  OBSERVE  cartservice  rejection=0.0000  low=614 high=0  state=ON
2026-09-23T20:24:40Z  OBSERVE  checkoutservice  rejection=0.0000  low=546 high=0  state=ON
2026-09-23T20:24:40Z  OBSERVE  currencyservice  rejection=0.0000  low=613 high=0  state=ON
2026-09-23T20:24:40Z  OBSERVE  emailservice  rejection=0.0000  low=548 high=0  state=ON
2026-09-23T20:24:40Z  OBSERVE  paymentservice  rejection=0.0000  low=613 high=0  state=ON
2026-09-23T20:24:40Z  OBSERVE  productcatalogservice  rejection=0.0000  low=613 high=0  state=ON
2026-09-23T20:24:40Z  OBSERVE  recommendationservice  rejection=0.0000  low=613 high=0  state=ON
2026-09-23T20:24:40Z  OBSERVE  shippingservice  rejection=0.0000  low=613 high=0  state=ON
2026-09-23T20:24:41Z  OBSERVE  adservice  rejection=0.0000  low=615 high=0  state=ON
2026-09-23T20:24:41Z  OBSERVE  cartservice  rejection=0.0000  low=615 high=0  state=ON
2026-09-23T20:24:41Z  OBSERVE  checkoutservice  rejection=0.0000  low=547 high=0  state=ON
2026-09-23T20:24:41Z  OBSERVE  currencyservice  rejection=0.0000  low=614 high=0  state=ON
2026-09-23T20:24:41Z  OBSERVE  emailservice  rejection=0.0000  low=549 high=0  state=ON
2026-09-23T20:24:41Z  OBSERVE  paymentservice  rejection=0.0000  low=614 high=0  state=ON
2026-09-23T20:24:41Z  OBSERVE  productcatalogservice  rejection=0.0000  low=614 high=0  state=ON
2026-09-23T20:24:41Z  OBSERVE  recommendationservice  rejection=0.0000  low=614 high=0  state=ON
2026-09-23T20:24:41Z  OBSERVE  shippingservice  rejection=0.0000  low=614 high=0  state=ON
2026-09-23T20:24:42Z  OBSERVE  adservice  rejection=0.0000  low=616 high=0  state=ON
2026-09-23T20:24:42Z  OBSERVE  cartservice  rejection=0.0000  low=616 high=0  state=ON
2026-09-23T20:24:42Z  OBSERVE  checkoutservice  rejection=0.0000  low=548 high=0  state=ON
2026-09-23T20:24:42Z  OBSERVE  currencyservice  rejection=0.0000  low=615 high=0  state=ON
2026-09-23T20:24:42Z  OBSERVE  emailservice  rejection=0.0000  low=550 high=0  state=ON
2026-09-23T20:24:42Z  OBSERVE  paymentservice  rejection=0.0000  low=615 high=0  state=ON
2026-09-23T20:24:42Z  OBSERVE  productcatalogservice  rejection=0.0000  low=615 high=0  state=ON
2026-09-23T20:24:42Z  OBSERVE  recommendationservice  rejection=0.0000  low=615 high=0  state=ON
2026-09-23T20:24:42Z  OBSERVE  shippingservice  rejection=0.0000  low=615 high=0  state=ON
2026-09-23T20:24:43Z  OBSERVE  adservice  rejection=0.0000  low=617 high=0  state=ON
2026-09-23T20:24:43Z  OBSERVE  cartservice  rejection=0.0000  low=617 high=0  state=ON
2026-09-23T20:24:43Z  OBSERVE  checkoutservice  rejection=0.0000  low=549 high=0  state=ON
2026-09-23T20:24:43Z  OBSERVE  currencyservice  rejection=0.0000  low=616 high=0  state=ON
2026-09-23T20:24:43Z  OBSERVE  emailservice  rejection=0.0000  low=551 high=0  state=ON
2026-09-23T20:24:43Z  OBSERVE  paymentservice  rejection=0.0000  low=616 high=0  state=ON
2026-09-23T20:24:43Z  OBSERVE  productcatalogservice  rejection=0.0000  low=616 high=0  state=ON
2026-09-23T20:24:43Z  OBSERVE  recommendationservice  rejection=0.0000  low=616 high=0  state=ON
2026-09-23T20:24:43Z  OBSERVE  shippingservice  rejection=0.0000  low=616 high=0  state=ON
2026-09-23T20:24:44Z  OBSERVE  adservice  rejection=0.0000  low=618 high=0  state=ON
2026-09-23T20:24:44Z  OBSERVE  cartservice  rejection=0.0000  low=618 high=0  state=ON
2026-09-23T20:24:44Z  OBSERVE  checkoutservice  rejection=0.0000  low=550 high=0  state=ON
2026-09-23T20:24:44Z  OBSERVE  currencyservice  rejection=0.0649  low=617 high=0  state=ON
2026-09-23T20:24:44Z  OBSERVE  emailservice  rejection=0.0000  low=552 high=0  state=ON
2026-09-23T20:24:44Z  OBSERVE  paymentservice  rejection=0.0000  low=617 high=0  state=ON
2026-09-23T20:24:44Z  OBSERVE  productcatalogservice  rejection=0.0007  low=617 high=0  state=ON
2026-09-23T20:24:44Z  OBSERVE  recommendationservice  rejection=0.0000  low=617 high=0  state=ON
2026-09-23T20:24:44Z  OBSERVE  shippingservice  rejection=0.0103  low=617 high=0  state=ON
2026-09-23T20:24:45Z  OBSERVE  adservice  rejection=0.0000  low=619 high=0  state=ON
2026-09-23T20:24:45Z  OBSERVE  cartservice  rejection=1.0000  low=0 high=1  state=ON
2026-09-23T20:24:45Z  OBSERVE  checkoutservice  rejection=0.0000  low=551 high=0  state=ON
2026-09-23T20:24:45Z  OBSERVE  currencyservice  rejection=1.0000  low=0 high=1  state=ON
2026-09-23T20:24:45Z  OBSERVE  emailservice  rejection=0.0000  low=553 high=0  state=ON
2026-09-23T20:24:45Z  OBSERVE  paymentservice  rejection=0.0000  low=618 high=0  state=ON
2026-09-23T20:24:45Z  OBSERVE  productcatalogservice  rejection=1.0000  low=0 high=1  state=ON
2026-09-23T20:24:45Z  OBSERVE  recommendationservice  rejection=1.0000  low=0 high=1  state=ON
2026-09-23T20:24:45Z  OBSERVE  shippingservice  rejection=0.0000  low=618 high=0  state=ON
2026-09-23T20:24:46Z  SHUTDOWN  signal=15
2026-09-23T20:24:46Z  EXIT
