timestamp,api,threshold,admitted_rps,threshold_fresh,admitted_fresh
2026-10-09T11:50:16Z,getproduct,0.0,0.0,0,0
2026-10-09T11:50:16Z,postcheckout,0.0,0.0,0,0
2026-10-09T11:50:16Z,getcart,0.0,0.0,0,0
2026-10-09T11:50:16Z,postcart,0.0,0.0,0,0
2026-10-09T11:50:16Z,emptycart,0.0,0.0,0,0
2026-10-09T11:50:17Z,getproduct,0.0,0.0,0,0
2026-10-09T11:50:17Z,postcheckout,0.0,0.0,0,0
2026-10-09T11:50:17Z,getcart,0.0,0.0,0,0
2026-10-09T11:50:17Z,postcart,0.0,0.0,0,0
2026-10-09T11:50:17Z,emptycart,0.0,0.0,0,0
2026-10-09T11:50:18Z,getproduct,0.0,0.0,0,0
2026-10-09T11:50:18Z,postcheckout,0.0,0.0,0,0
2026-10-09T11:50:18Z,getcart,0.0,0.0,0,0
2026-10-09T11:50:18Z,postcart,0.0,0.0,0,0
2026-10-09T11:50:18Z,emptycart,0.0,0.0,0,0
2026-10-09T11:50:19Z,getproduct,0.0,0.0,0,0
2026-10-09T11:50:19Z,postcheckout,0.0,0.0,0,0
2026-10-09T11:50:19Z,getcart,0.0,0.0,0,0
2026-10-09T11:50:19Z,postcart,0.0,0.0,0,0
2026-10-09T11:50:19Z,emptycart,0.0,0.0,0,0
2026-10-09T11:50:20Z,getproduct,10000.0,0.0,1,1
2026-10-09T11:50:20Z,postcheckout,10000.0,0.0,1,1
2026-10-09T11:50:20Z,getcart,10000.0,0.0,1,1
2026-10-09T11:50:20Z,postcart,10000.0,0.0,1,1
2026-10-09T11:50:20Z,emptycart,10000.0,0.0,1,1
2026-10-09T11:50:21Z,getproduct,10000.0,0.0,0,0
2026-10-09T11:50:21Z,postcheckout,10000.0,0.0,0,0
2026-10-09T11:50:21Z,getcart,10000.0,0.0,0,0
2026-10-09T11:50:21Z,postcart,10000.0,0.0,0,0
2026-10-09T11:50:21Z,emptycart,10000.0,0.0,0,0
2026-10-09T11:50:22Z,getproduct,10000.0,0.0,0,0
2026-10-09T11:50:22Z,postcheckout,10000.0,0.0,0,0
2026-10-09T11:50:22Z,getcart,10000.0,0.0,0,0
2026-10-09T11:50:22Z,postcart,10000.0,0.0,0,0
2026-10-09T11:50:22Z,emptycart,10000.0,0.0,0,0
2026-10-09T11:50:23Z,getproduct,10000.0,0.0,0,0
2026-10-09T11:50:23Z,postcheckout,10000.0,0.0,0,0
2026-10-09T11:50:23Z,getcart,10000.0,0.0,0,0
2026-10-09T11:50:23Z,postcart,10000.0,0.0,0,0
2026-10-09T11:50:23Z,emptycart,10000.0,0.0,0,0
2026-10-09T11:50:24Z,getproduct,10000.0,0.0,0,0
2026-10-09T11:50:24Z,postcheckout,10000.0,0.0,0,0
2026-10-09T11:50:24Z,getcart,10000.0,0.0,0,0
2026-10-09T11:50:24Z,postcart,10000.0,0.0,0,0
2026-10-09T11:50:24Z,emptycart,10000.0,0.0,0,0
2026-10-09T11:50:25Z,getproduct,10000.0,0.0,1,1
2026-10-09T11:50:25Z,postcheckout,10000.0,0.0,1,1
2026-10-09T11:50:25Z,getcart,10000.0,0.0,1,1
2026-10-09T11:50:25Z,postcart,10000.0,0.0,1,1
2026-10-09T11:50:25Z,emptycart,10000.0,0.0,1,1
2026-10-09T11:50:26Z,getproduct,10000.0,0.0,0,0
2026-10-09T11:50:26Z,postcheckout,10000.0,0.0,0,0
2026-10-09T11:50:26Z,getcart,10000.0,0.0,0,0
2026-10-09T11:50:26Z,postcart,10000.0,0.0,0,0
2026-10-09T11:50:26Z,emptycart,10000.0,0.0,0,0
2026-10-09T11:50:27Z,getproduct,10000.0,0.0,0,0
2026-10-09T11:50:27Z,postcheckout,10000.0,0.0,0,0
2026-10-09T11:50:27Z,getcart,10000.0,0.0,0,0
2026-10-09T11:50:27Z,postcart,10000.0,0.0,0,0
2026-10-09T11:50:27Z,emptycart,10000.0,0.0,0,0
2026-10-09T11:50:28Z,getproduct,10000.0,0.0,0,0
2026-10-09T11:50:28Z,postcheckout,10000.0,0.0,0,0
2026-10-09T11:50:28Z,getcart,10000.0,0.0,0,0
2026-10-09T11:50:28Z,postcart,10000.0,0.0,0,0
2026-10-09T11:50:28Z,emptycart,10000.0,0.0,0,0
2026-10-09T11:50:29Z,getproduct,10000.0,0.0,0,0
2026-10-09T11:50:29Z,postcheckout,10000.0,0.0,0,0
2026-10-09T11:50:29Z,getcart,10000.0,0.0,0,0
2026-10-09T11:50:29Z,postcart,10000.0,0.0,0,0
2026-10-09T11:50:29Z,emptycart,10000.0,0.0,0,0
2026-10-09T11:50:30Z,getproduct,10000.0,0.0,1,1
2026-10-09T11:50:30Z,postcheckout,10000.0,0.0,1,1
2026-10-09T11:50:30Z,getcart,10000.0,0.0,1,1
2026-10-09T11:50:30Z,postcart,10000.0,0.0,1,1
2026-10-09T11:50:30Z,emptycart,10000.0,0.0,1,1
2026-10-09T11:50:31Z,getproduct,10000.0,0.0,0,0
2026-10-09T11:50:31Z,postcheckout,10000.0,0.0,0,0
2026-10-09T11:50:31Z,getcart,10000.0,0.0,0,0
2026-10-09T11:50:31Z,postcart,10000.0,0.0,0,0
2026-10-09T11:50:31Z,emptycart,10000.0,0.0,0,0
2026-10-09T11:50:32Z,getproduct,10000.0,0.0,0,0
2026-10-09T11:50:32Z,postcheckout,10000.0,0.0,0,0
2026-10-09T11:50:32Z,getcart,10000.0,0.0,0,0
2026-10-09T11:50:32Z,postcart,10000.0,0.0,0,0
2026-10-09T11:50:32Z,emptycart,10000.0,0.0,0,0
2026-10-09T11:50:33Z,getproduct,10000.0,0.0,0,0
2026-10-09T11:50:33Z,postcheckout,10000.0,0.0,0,0
2026-10-09T11:50:33Z,getcart,10000.0,0.0,0,0
2026-10-09T11:50:33Z,postcart,10000.0,0.0,0,0
2026-10-09T11:50:33Z,emptycart,10000.0,0.0,0,0
2026-10-09T11:50:34Z,getproduct,10000.0,0.0,0,0
2026-10-09T11:50:34Z,postcheckout,10000.0,0.0,0,0
2026-10-09T11:50:34Z,getcart,10000.0,0.0,0,0
2026-10-09T11:50:34Z,postcart,10000.0,0.0,0,0
2026-10-09T11:50:34Z,emptycart,10000.0,0.0,0,0
2026-10-09T11:50:35Z,getproduct,10000.0,0.0,1,1
2026-10-09T11:50:35Z,postcheckout,10000.0,0.0,1,1
2026-10-09T11:50:35Z,getcart,10000.0,0.0,1,1
2026-10-09T11:50:35Z,postcart,10000.0,0.0,1,1
2026-10-09T11:50:35Z,emptycart,10000.0,0.0,1,1
2026-10-09T11:50:36Z,getproduct,10000.0,0.0,0,0
2026-10-09T11:50:36Z,postcheckout,10000.0,0.0,0,0
2026-10-09T11:50:36Z,getcart,10000.0,0.0,0,0
2026-10-09T11:50:36Z,postcart,10000.0,0.0,0,0
2026-10-09T11:50:36Z,emptycart,10000.0,0.0,0,0
2026-10-09T11:50:37Z,getproduct,10000.0,0.0,0,0
2026-10-09T11:50:37Z,postcheckout,10000.0,0.0,0,0
2026-10-09T11:50:37Z,getcart,10000.0,0.0,0,0
2026-10-09T11:50:37Z,postcart,10000.0,0.0,0,0
2026-10-09T11:50:37Z,emptycart,10000.0,0.0,0,0
2026-10-09T11:50:38Z,getproduct,10000.0,0.0,0,0
2026-10-09T11:50:38Z,postcheckout,10000.0,0.0,0,0
2026-10-09T11:50:38Z,getcart,10000.0,0.0,0,0
2026-10-09T11:50:38Z,postcart,10000.0,0.0,0,0
2026-10-09T11:50:38Z,emptycart,10000.0,0.0,0,0
2026-10-09T11:50:39Z,getproduct,10000.0,0.0,0,0
2026-10-09T11:50:39Z,postcheckout,10000.0,0.0,0,0
2026-10-09T11:50:39Z,getcart,10000.0,0.0,0,0
2026-10-09T11:50:39Z,postcart,10000.0,0.0,0,0
2026-10-09T11:50:39Z,emptycart,10000.0,0.0,0,0
2026-10-09T11:50:40Z,getproduct,10000.0,0.0,1,1
2026-10-09T11:50:40Z,postcheckout,10000.0,0.0,1,1
2026-10-09T11:50:40Z,getcart,10000.0,0.0,1,1
2026-10-09T11:50:40Z,postcart,10000.0,0.0,1,1
2026-10-09T11:50:40Z,emptycart,10000.0,0.0,1,1
2026-10-09T11:50:41Z,getproduct,10000.0,0.0,0,0
2026-10-09T11:50:41Z,postcheckout,10000.0,0.0,0,0
2026-10-09T11:50:41Z,getcart,10000.0,0.0,0,0
2026-10-09T11:50:41Z,postcart,10000.0,0.0,0,0
2026-10-09T11:50:41Z,emptycart,10000.0,0.0,0,0
2026-10-09T11:50:42Z,getproduct,10000.0,0.0,0,0
2026-10-09T11:50:42Z,postcheckout,10000.0,0.0,0,0
2026-10-09T11:50:42Z,getcart,10000.0,0.0,0,0
2026-10-09T11:50:42Z,postcart,10000.0,0.0,0,0
2026-10-09T11:50:42Z,emptycart,10000.0,0.0,0,0
2026-10-09T11:50:43Z,getproduct,10000.0,0.0,0,0
2026-10-09T11:50:43Z,postcheckout,10000.0,0.0,0,0
2026-10-09T11:50:43Z,getcart,10000.0,0.0,0,0
2026-10-09T11:50:43Z,postcart,10000.0,0.0,0,0
2026-10-09T11:50:43Z,emptycart,10000.0,0.0,0,0
2026-10-09T11:50:44Z,getproduct,10000.0,0.0,0,0
2026-10-09T11:50:44Z,postcheckout,10000.0,0.0,0,0
2026-10-09T11:50:44Z,getcart,10000.0,0.0,0,0
2026-10-09T11:50:44Z,postcart,10000.0,0.0,0,0
2026-10-09T11:50:44Z,emptycart,10000.0,0.0,0,0
2026-10-09T11:50:45Z,getproduct,10000.0,0.0,1,1
2026-10-09T11:50:45Z,postcheckout,10000.0,0.0,1,1
2026-10-09T11:50:45Z,getcart,10000.0,0.0,1,1
2026-10-09T11:50:45Z,postcart,10000.0,0.0,1,1
2026-10-09T11:50:45Z,emptycart,10000.0,0.0,1,1
2026-10-09T11:50:46Z,getproduct,10000.0,0.0,0,0
2026-10-09T11:50:46Z,postcheckout,10000.0,0.0,0,0
2026-10-09T11:50:46Z,getcart,10000.0,0.0,0,0
2026-10-09T11:50:46Z,postcart,10000.0,0.0,0,0
2026-10-09T11:50:46Z,emptycart,10000.0,0.0,0,0
2026-10-09T11:50:47Z,getproduct,10000.0,0.0,0,0
2026-10-09T11:50:47Z,postcheckout,10000.0,0.0,0,0
2026-10-09T11:50:47Z,getcart,10000.0,0.0,0,0
2026-10-09T11:50:47Z,postcart,10000.0,0.0,0,0
2026-10-09T11:50:47Z,emptycart,10000.0,0.0,0,0
2026-10-09T11:50:48Z,getproduct,10000.0,0.0,0,0
2026-10-09T11:50:48Z,postcheckout,10000.0,0.0,0,0
2026-10-09T11:50:48Z,getcart,10000.0,0.0,0,0
2026-10-09T11:50:48Z,postcart,10000.0,0.0,0,0
2026-10-09T11:50:48Z,emptycart,10000.0,0.0,0,0
2026-10-09T11:50:49Z,getproduct,10000.0,0.0,0,0
2026-10-09T11:50:49Z,postcheckout,10000.0,0.0,0,0
2026-10-09T11:50:49Z,getcart,10000.0,0.0,0,0
2026-10-09T11:50:49Z,postcart,10000.0,0.0,0,0
2026-10-09T11:50:49Z,emptycart,10000.0,0.0,0,0
2026-10-09T11:50:50Z,getproduct,10000.0,0.0,1,1
2026-10-09T11:50:50Z,postcheckout,10000.0,0.0,1,1
2026-10-09T11:50:50Z,getcart,10000.0,0.0,1,1
2026-10-09T11:50:50Z,postcart,10000.0,0.0,1,1
2026-10-09T11:50:50Z,emptycart,10000.0,0.0,1,1
2026-10-09T11:50:51Z,getproduct,10000.0,0.0,0,0
2026-10-09T11:50:51Z,postcheckout,10000.0,0.0,0,0
2026-10-09T11:50:51Z,getcart,10000.0,0.0,0,0
2026-10-09T11:50:51Z,postcart,10000.0,0.0,0,0
2026-10-09T11:50:51Z,emptycart,10000.0,0.0,0,0
2026-10-09T11:50:52Z,getproduct,10000.0,0.0,0,0
2026-10-09T11:50:52Z,postcheckout,10000.0,0.0,0,0
2026-10-09T11:50:52Z,getcart,10000.0,0.0,0,0
2026-10-09T11:50:52Z,postcart,10000.0,0.0,0,0
2026-10-09T11:50:52Z,emptycart,10000.0,0.0,0,0
2026-10-09T11:50:53Z,getproduct,10000.0,0.0,0,0
2026-10-09T11:50:53Z,postcheckout,10000.0,0.0,0,0
2026-10-09T11:50:53Z,getcart,10000.0,0.0,0,0
2026-10-09T11:50:53Z,postcart,10000.0,0.0,0,0
2026-10-09T11:50:53Z,emptycart,10000.0,0.0,0,0
2026-10-09T11:50:54Z,getproduct,10000.0,0.0,0,0
2026-10-09T11:50:54Z,postcheckout,10000.0,0.0,0,0
2026-10-09T11:50:54Z,getcart,10000.0,0.0,0,0
2026-10-09T11:50:54Z,postcart,10000.0,0.0,0,0
2026-10-09T11:50:54Z,emptycart,10000.0,0.0,0,0
2026-10-09T11:50:55Z,getproduct,10000.0,0.0,1,1
2026-10-09T11:50:55Z,postcheckout,10000.0,0.0,1,1
2026-10-09T11:50:55Z,getcart,10000.0,0.0,1,1
2026-10-09T11:50:55Z,postcart,10000.0,0.0,1,1
2026-10-09T11:50:55Z,emptycart,10000.0,0.0,1,1
2026-10-09T11:50:56Z,getproduct,10000.0,0.0,0,0
2026-10-09T11:50:56Z,postcheckout,10000.0,0.0,0,0
2026-10-09T11:50:56Z,getcart,10000.0,0.0,0,0
2026-10-09T11:50:56Z,postcart,10000.0,0.0,0,0
2026-10-09T11:50:56Z,emptycart,10000.0,0.0,0,0
2026-10-09T11:50:57Z,getproduct,10000.0,0.0,0,0
2026-10-09T11:50:57Z,postcheckout,10000.0,0.0,0,0
2026-10-09T11:50:57Z,getcart,10000.0,0.0,0,0
2026-10-09T11:50:57Z,postcart,10000.0,0.0,0,0
2026-10-09T11:50:57Z,emptycart,10000.0,0.0,0,0
2026-10-09T11:50:58Z,getproduct,10000.0,0.0,0,0
2026-10-09T11:50:58Z,postcheckout,10000.0,0.0,0,0
2026-10-09T11:50:58Z,getcart,10000.0,0.0,0,0
2026-10-09T11:50:58Z,postcart,10000.0,0.0,0,0
2026-10-09T11:50:58Z,emptycart,10000.0,0.0,0,0
2026-10-09T11:50:59Z,getproduct,10000.0,0.0,0,0
2026-10-09T11:50:59Z,postcheckout,10000.0,0.0,0,0
2026-10-09T11:50:59Z,getcart,10000.0,0.0,0,0
2026-10-09T11:50:59Z,postcart,10000.0,0.0,0,0
2026-10-09T11:50:59Z,emptycart,10000.0,0.0,0,0
2026-10-09T11:51:00Z,getproduct,10000.0,0.0,1,1
2026-10-09T11:51:00Z,postcheckout,10000.0,0.0,1,1
2026-10-09T11:51:00Z,getcart,10000.0,0.0,1,1
2026-10-09T11:51:00Z,postcart,10000.0,0.0,1,1
2026-10-09T11:51:00Z,emptycart,10000.0,0.0,1,1
2026-10-09T11:51:01Z,getproduct,10000.0,0.0,0,0
2026-10-09T11:51:01Z,postcheckout,10000.0,0.0,0,0
2026-10-09T11:51:01Z,getcart,10000.0,0.0,0,0
2026-10-09T11:51:01Z,postcart,10000.0,0.0,0,0
2026-10-09T11:51:01Z,emptycart,10000.0,0.0,0,0
2026-10-09T11:51:02Z,getproduct,10000.0,0.0,0,0
2026-10-09T11:51:02Z,postcheckout,10000.0,0.0,0,0
2026-10-09T11:51:02Z,getcart,10000.0,0.0,0,0
2026-10-09T11:51:02Z,postcart,10000.0,0.0,0,0
2026-10-09T11:51:02Z,emptycart,10000.0,0.0,0,0
2026-10-09T11:51:03Z,getproduct,10000.0,0.0,0,0
2026-10-09T11:51:03Z,postcheckout,10000.0,0.0,0,0
2026-10-09T11:51:03Z,getcart,10000.0,0.0,0,0
2026-10-09T11:51:03Z,postcart,10000.0,0.0,0,0
2026-10-09T11:51:03Z,emptycart,10000.0,0.0,0,0
2026-10-09T11:51:04Z,getproduct,10000.0,0.0,0,0
2026-10-09T11:51:04Z,postcheckout,10000.0,0.0,0,0
2026-10-09T11:51:04Z,getcart,10000.0,0.0,0,0
2026-10-09T11:51:04Z,postcart,10000.0,0.0,0,0
2026-10-09T11:51:04Z,emptycart,10000.0,0.0,0,0
2026-10-09T11:51:05Z,getproduct,10000.0,1.0,1,1
2026-10-09T11:51:05Z,postcheckout,10000.0,0.0,1,1
2026-10-09T11:51:05Z,getcart,10000.0,1.0,1,1
2026-10-09T11:51:05Z,postcart,10000.0,2.0,1,1
2026-10-09T11:51:05Z,emptycart,10000.0,0.0,1,1
2026-10-09T11:51:06Z,getproduct,10000.0,1.0,0,0
2026-10-09T11:51:06Z,postcheckout,10000.0,0.0,0,0
2026-10-09T11:51:06Z,getcart,10000.0,1.0,0,0
2026-10-09T11:51:06Z,postcart,10000.0,2.0,0,0
2026-10-09T11:51:06Z,emptycart,10000.0,0.0,0,0
2026-10-09T11:51:07Z,getproduct,10000.0,1.0,0,0
2026-10-09T11:51:07Z,postcheckout,10000.0,0.0,0,0
2026-10-09T11:51:07Z,getcart,10000.0,1.0,0,0
2026-10-09T11:51:07Z,postcart,10000.0,2.0,0,0
2026-10-09T11:51:07Z,emptycart,10000.0,0.0,0,0
2026-10-09T11:51:08Z,getproduct,10000.0,1.0,0,0
2026-10-09T11:51:08Z,postcheckout,10000.0,0.0,0,0
2026-10-09T11:51:08Z,getcart,10000.0,1.0,0,0
2026-10-09T11:51:08Z,postcart,10000.0,2.0,0,0
2026-10-09T11:51:08Z,emptycart,10000.0,0.0,0,0
2026-10-09T11:51:09Z,getproduct,10000.0,1.0,0,0
2026-10-09T11:51:09Z,postcheckout,10000.0,0.0,0,0
2026-10-09T11:51:09Z,getcart,10000.0,1.0,0,0
2026-10-09T11:51:09Z,postcart,10000.0,2.0,0,0
2026-10-09T11:51:09Z,emptycart,10000.0,0.0,0,0
2026-10-09T11:51:10Z,getproduct,10000.0,16.0,1,1
2026-10-09T11:51:10Z,postcheckout,10000.0,3.0,1,1
2026-10-09T11:51:10Z,getcart,10000.0,8.0,1,1
2026-10-09T11:51:10Z,postcart,10000.0,10.0,1,1
2026-10-09T11:51:10Z,emptycart,10000.0,1.0,1,1
2026-10-09T11:51:11Z,getproduct,10000.0,16.0,0,0
2026-10-09T11:51:11Z,postcheckout,10000.0,3.0,0,0
2026-10-09T11:51:11Z,getcart,10000.0,8.0,0,0
2026-10-09T11:51:11Z,postcart,10000.0,10.0,0,0
2026-10-09T11:51:11Z,emptycart,10000.0,1.0,0,0
2026-10-09T11:51:12Z,getproduct,10000.0,16.0,0,0
2026-10-09T11:51:12Z,postcheckout,10000.0,3.0,0,0
2026-10-09T11:51:12Z,getcart,10000.0,8.0,0,0
2026-10-09T11:51:12Z,postcart,10000.0,10.0,0,0
2026-10-09T11:51:12Z,emptycart,10000.0,1.0,0,0
2026-10-09T11:51:13Z,getproduct,10000.0,16.0,0,0
2026-10-09T11:51:13Z,postcheckout,10000.0,3.0,0,0
2026-10-09T11:51:13Z,getcart,10000.0,8.0,0,0
2026-10-09T11:51:13Z,postcart,10000.0,10.0,0,0
2026-10-09T11:51:13Z,emptycart,10000.0,1.0,0,0
2026-10-09T11:51:14Z,getproduct,10000.0,16.0,0,0
2026-10-09T11:51:14Z,postcheckout,10000.0,3.0,0,0
2026-10-09T11:51:14Z,getcart,10000.0,8.0,0,0
2026-10-09T11:51:14Z,postcart,10000.0,10.0,0,0
2026-10-09T11:51:14Z,emptycart,10000.0,1.0,0,0
2026-10-09T11:51:15Z,getproduct,10000.0,34.0,1,1
2026-10-09T11:51:15Z,postcheckout,10000.0,6.0,1,1
2026-10-09T11:51:15Z,getcart,10000.0,15.0,1,1
2026-10-09T11:51:15Z,postcart,10000.0,19.0,1,1
2026-10-09T11:51:15Z,emptycart,10000.0,2.0,1,1
2026-10-09T11:51:16Z,getproduct,10000.0,34.0,0,0
2026-10-09T11:51:16Z,postcheckout,10000.0,6.0,0,0
2026-10-09T11:51:16Z,getcart,10000.0,15.0,0,0
2026-10-09T11:51:16Z,postcart,10000.0,19.0,0,0
2026-10-09T11:51:16Z,emptycart,10000.0,2.0,0,0
2026-10-09T11:51:17Z,getproduct,10000.0,34.0,0,0
2026-10-09T11:51:17Z,postcheckout,10000.0,6.0,0,0
2026-10-09T11:51:17Z,getcart,10000.0,15.0,0,0
2026-10-09T11:51:17Z,postcart,10000.0,19.0,0,0
2026-10-09T11:51:17Z,emptycart,10000.0,2.0,0,0
2026-10-09T11:51:18Z,getproduct,10000.0,34.0,0,0
2026-10-09T11:51:18Z,postcheckout,10000.0,6.0,0,0
2026-10-09T11:51:18Z,getcart,10000.0,15.0,0,0
2026-10-09T11:51:18Z,postcart,10000.0,19.0,0,0
2026-10-09T11:51:18Z,emptycart,10000.0,2.0,0,0
2026-10-09T11:51:19Z,getproduct,10000.0,34.0,0,0
2026-10-09T11:51:19Z,postcheckout,10000.0,6.0,0,0
2026-10-09T11:51:19Z,getcart,10000.0,15.0,0,0
2026-10-09T11:51:19Z,postcart,10000.0,19.0,0,0
2026-10-09T11:51:19Z,emptycart,10000.0,2.0,0,0
2026-10-09T11:51:20Z,getproduct,10000.0,52.0,1,1
2026-10-09T11:51:20Z,postcheckout,10000.0,9.0,1,1
2026-10-09T11:51:20Z,getcart,10000.0,22.0,1,1
2026-10-09T11:51:20Z,postcart,10000.0,28.0,1,1
2026-10-09T11:51:20Z,emptycart,10000.0,2.0,1,1
2026-10-09T11:51:21Z,getproduct,10000.0,52.0,0,0
2026-10-09T11:51:21Z,postcheckout,10000.0,9.0,0,0
2026-10-09T11:51:21Z,getcart,10000.0,22.0,0,0
2026-10-09T11:51:21Z,postcart,10000.0,28.0,0,0
2026-10-09T11:51:21Z,emptycart,10000.0,2.0,0,0
2026-10-09T11:51:22Z,getproduct,10000.0,52.0,0,0
2026-10-09T11:51:22Z,postcheckout,10000.0,9.0,0,0
2026-10-09T11:51:22Z,getcart,10000.0,22.0,0,0
2026-10-09T11:51:22Z,postcart,10000.0,28.0,0,0
2026-10-09T11:51:22Z,emptycart,10000.0,2.0,0,0
2026-10-09T11:51:23Z,getproduct,10000.0,52.0,0,0
2026-10-09T11:51:23Z,postcheckout,10000.0,9.0,0,0
2026-10-09T11:51:23Z,getcart,10000.0,22.0,0,0
2026-10-09T11:51:23Z,postcart,10000.0,28.0,0,0
2026-10-09T11:51:23Z,emptycart,10000.0,2.0,0,0
2026-10-09T11:51:24Z,getproduct,10000.0,52.0,0,0
2026-10-09T11:51:24Z,postcheckout,10000.0,9.0,0,0
2026-10-09T11:51:24Z,getcart,10000.0,22.0,0,0
2026-10-09T11:51:24Z,postcart,10000.0,28.0,0,0
2026-10-09T11:51:24Z,emptycart,10000.0,2.0,0,0
2026-10-09T11:51:25Z,getproduct,10000.0,69.0,1,1
2026-10-09T11:51:25Z,postcheckout,10000.0,12.0,1,1
2026-10-09T11:51:25Z,getcart,10000.0,29.0,1,1
2026-10-09T11:51:25Z,postcart,10000.0,37.0,1,1
2026-10-09T11:51:25Z,emptycart,10000.0,2.0,1,1
2026-10-09T11:51:26Z,getproduct,10000.0,69.0,0,0
2026-10-09T11:51:26Z,postcheckout,10000.0,12.0,0,0
2026-10-09T11:51:26Z,getcart,10000.0,29.0,0,0
2026-10-09T11:51:26Z,postcart,10000.0,37.0,0,0
2026-10-09T11:51:26Z,emptycart,10000.0,2.0,0,0
2026-10-09T11:51:27Z,getproduct,10000.0,69.0,0,0
2026-10-09T11:51:27Z,postcheckout,10000.0,12.0,0,0
2026-10-09T11:51:27Z,getcart,10000.0,29.0,0,0
2026-10-09T11:51:27Z,postcart,10000.0,37.0,0,0
2026-10-09T11:51:27Z,emptycart,10000.0,2.0,0,0
2026-10-09T11:51:28Z,getproduct,10000.0,69.0,0,0
2026-10-09T11:51:28Z,postcheckout,10000.0,12.0,0,0
2026-10-09T11:51:28Z,getcart,10000.0,29.0,0,0
2026-10-09T11:51:28Z,postcart,10000.0,37.0,0,0
2026-10-09T11:51:28Z,emptycart,10000.0,2.0,0,0
2026-10-09T11:51:29Z,getproduct,10000.0,69.0,0,0
2026-10-09T11:51:29Z,postcheckout,10000.0,12.0,0,0
2026-10-09T11:51:29Z,getcart,10000.0,29.0,0,0
2026-10-09T11:51:29Z,postcart,10000.0,37.0,0,0
2026-10-09T11:51:29Z,emptycart,10000.0,2.0,0,0
2026-10-09T11:51:30Z,getproduct,82.0,86.0,1,1
2026-10-09T11:51:30Z,postcheckout,14.0,15.0,1,1
2026-10-09T11:51:30Z,getcart,34.0,36.0,1,1
2026-10-09T11:51:30Z,postcart,44.0,46.0,1,1
2026-10-09T11:51:30Z,emptycart,10000.0,3.0,1,1
2026-10-09T11:51:31Z,getproduct,82.0,86.0,0,0
2026-10-09T11:51:31Z,postcheckout,14.0,15.0,0,0
2026-10-09T11:51:31Z,getcart,34.0,36.0,0,0
2026-10-09T11:51:31Z,postcart,44.0,46.0,0,0
2026-10-09T11:51:31Z,emptycart,10000.0,3.0,0,0
2026-10-09T11:51:32Z,getproduct,0.0,86.0,1,0
2026-10-09T11:51:32Z,postcheckout,17.012104202661614,15.0,1,0
2026-10-09T11:51:32Z,getcart,0.0,36.0,1,0
2026-10-09T11:51:32Z,postcart,47.01210420266162,46.0,1,0
2026-10-09T11:51:32Z,emptycart,0.0,3.0,1,0
2026-10-09T11:51:33Z,getproduct,0.0,86.0,0,0
2026-10-09T11:51:33Z,postcheckout,17.012104202661614,15.0,0,0
2026-10-09T11:51:33Z,getcart,0.0,36.0,0,0
2026-10-09T11:51:33Z,postcart,47.01210420266162,46.0,0,0
2026-10-09T11:51:33Z,emptycart,0.0,3.0,0,0
2026-10-09T11:51:34Z,getproduct,0.0,86.0,0,0
2026-10-09T11:51:34Z,postcheckout,17.012104202661614,15.0,0,0
2026-10-09T11:51:34Z,getcart,0.0,36.0,0,0
2026-10-09T11:51:34Z,postcart,47.01210420266162,46.0,0,0
2026-10-09T11:51:34Z,emptycart,0.0,3.0,0,0
2026-10-09T11:51:35Z,getproduct,86.8,104.0,1,1
2026-10-09T11:51:35Z,postcheckout,18.7,18.0,1,1
2026-10-09T11:51:35Z,getcart,38.8,43.0,1,1
2026-10-09T11:51:35Z,postcart,48.8,55.0,1,1
2026-10-09T11:51:35Z,emptycart,10000.0,4.0,1,1
2026-10-09T11:51:36Z,getproduct,86.8,104.0,0,0
2026-10-09T11:51:36Z,postcheckout,18.7,18.0,0,0
2026-10-09T11:51:36Z,getcart,38.8,43.0,0,0
2026-10-09T11:51:36Z,postcart,48.8,55.0,0,0
2026-10-09T11:51:36Z,emptycart,10000.0,4.0,0,0
2026-10-09T11:51:37Z,getproduct,86.8,104.0,0,0
2026-10-09T11:51:37Z,postcheckout,18.7,18.0,0,0
2026-10-09T11:51:37Z,getcart,38.8,43.0,0,0
2026-10-09T11:51:37Z,postcart,48.8,55.0,0,0
2026-10-09T11:51:37Z,emptycart,10000.0,4.0,0,0
2026-10-09T11:51:38Z,getproduct,86.8,104.0,0,0
2026-10-09T11:51:38Z,postcheckout,18.7,18.0,0,0
2026-10-09T11:51:38Z,getcart,38.8,43.0,0,0
2026-10-09T11:51:38Z,postcart,48.8,55.0,0,0
2026-10-09T11:51:38Z,emptycart,10000.0,4.0,0,0
2026-10-09T11:51:39Z,getproduct,96.24512616853022,104.0,1,0
2026-10-09T11:51:39Z,postcheckout,22.0,18.0,1,0
2026-10-09T11:51:39Z,getcart,48.24512616853021,43.0,1,0
2026-10-09T11:51:39Z,postcart,58.24512616853021,55.0,1,0
2026-10-09T11:51:39Z,emptycart,0.0,4.0,1,0
2026-10-09T11:51:40Z,getproduct,96.2,122.0,1,1
2026-10-09T11:51:40Z,postcheckout,22.0,21.0,1,1
2026-10-09T11:51:40Z,getcart,48.2,50.0,1,1
2026-10-09T11:51:40Z,postcart,58.2,64.0,1,1
2026-10-09T11:51:40Z,emptycart,10000.0,4.0,1,1
2026-10-09T11:51:41Z,getproduct,96.2,122.0,0,0
2026-10-09T11:51:41Z,postcheckout,22.0,21.0,0,0
2026-10-09T11:51:41Z,getcart,48.2,50.0,0,0
2026-10-09T11:51:41Z,postcart,58.2,64.0,0,0
2026-10-09T11:51:41Z,emptycart,10000.0,4.0,0,0
2026-10-09T11:51:42Z,getproduct,96.2,122.0,0,0
2026-10-09T11:51:42Z,postcheckout,22.0,21.0,0,0
2026-10-09T11:51:42Z,getcart,48.2,50.0,0,0
2026-10-09T11:51:42Z,postcart,58.2,64.0,0,0
2026-10-09T11:51:42Z,emptycart,10000.0,4.0,0,0
2026-10-09T11:51:43Z,getproduct,0.0,122.0,1,0
2026-10-09T11:51:43Z,postcheckout,25.3,21.0,1,0
2026-10-09T11:51:43Z,getcart,0.0,50.0,1,0
2026-10-09T11:51:43Z,postcart,0.0,64.0,1,0
2026-10-09T11:51:43Z,emptycart,0.0,4.0,1,0
2026-10-09T11:51:44Z,getproduct,0.0,122.0,0,0
2026-10-09T11:51:44Z,postcheckout,25.3,21.0,0,0
2026-10-09T11:51:44Z,getcart,0.0,50.0,0,0
2026-10-09T11:51:44Z,postcart,0.0,64.0,0,0
2026-10-09T11:51:44Z,emptycart,0.0,4.0,0,0
2026-10-09T11:51:45Z,getproduct,107.4,140.0,1,1
2026-10-09T11:51:45Z,postcheckout,25.3,24.0,1,1
2026-10-09T11:51:45Z,getcart,59.4,57.0,1,1
2026-10-09T11:51:45Z,postcart,69.4,73.0,1,1
2026-10-09T11:51:45Z,emptycart,10000.0,4.0,1,1
2026-10-09T11:51:46Z,getproduct,109.43034002890293,140.0,1,0
2026-10-09T11:51:46Z,postcheckout,27.333033613860607,24.0,1,0
2026-10-09T11:51:46Z,getcart,61.43034002890291,57.0,1,0
2026-10-09T11:51:46Z,postcart,71.4303400289029,73.0,1,0
2026-10-09T11:51:46Z,emptycart,0.0,4.0,1,0
2026-10-09T11:51:47Z,getproduct,109.43034002890293,140.0,0,0
2026-10-09T11:51:47Z,postcheckout,27.333033613860607,24.0,0,0
2026-10-09T11:51:47Z,getcart,61.43034002890291,57.0,0,0
2026-10-09T11:51:47Z,postcart,71.4303400289029,73.0,0,0
2026-10-09T11:51:47Z,emptycart,0.0,4.0,0,0
2026-10-09T11:51:48Z,getproduct,109.43034002890293,140.0,0,0
2026-10-09T11:51:48Z,postcheckout,27.333033613860607,24.0,0,0
2026-10-09T11:51:48Z,getcart,61.43034002890291,57.0,0,0
2026-10-09T11:51:48Z,postcart,71.4303400289029,73.0,0,0
2026-10-09T11:51:48Z,emptycart,0.0,4.0,0,0
2026-10-09T11:51:49Z,getproduct,109.43034002890293,140.0,0,0
2026-10-09T11:51:49Z,postcheckout,27.333033613860607,24.0,0,0
2026-10-09T11:51:49Z,getcart,61.43034002890291,57.0,0,0
2026-10-09T11:51:49Z,postcart,71.4303400289029,73.0,0,0
2026-10-09T11:51:49Z,emptycart,0.0,4.0,0,0
2026-10-09T11:51:50Z,getproduct,115.5,157.0,1,1
2026-10-09T11:51:50Z,postcheckout,28.6,27.0,1,1
2026-10-09T11:51:50Z,getcart,67.1,64.0,1,1
2026-10-09T11:51:50Z,postcart,77.5,82.0,1,1
2026-10-09T11:51:50Z,emptycart,10000.0,5.0,1,1
2026-10-09T11:51:51Z,getproduct,115.5,157.0,0,0
2026-10-09T11:51:51Z,postcheckout,28.6,27.0,0,0
2026-10-09T11:51:51Z,getcart,67.1,64.0,0,0
2026-10-09T11:51:51Z,postcart,77.5,82.0,0,0
2026-10-09T11:51:51Z,emptycart,10000.0,5.0,0,0
2026-10-09T11:51:52Z,getproduct,115.5,157.0,0,0
2026-10-09T11:51:52Z,postcheckout,28.6,27.0,0,0
2026-10-09T11:51:52Z,getcart,67.1,64.0,0,0
2026-10-09T11:51:52Z,postcart,77.5,82.0,0,0
2026-10-09T11:51:52Z,emptycart,10000.0,5.0,0,0
2026-10-09T11:51:53Z,getproduct,115.5,157.0,0,0
2026-10-09T11:51:53Z,postcheckout,28.6,27.0,0,0
2026-10-09T11:51:53Z,getcart,67.1,64.0,0,0
2026-10-09T11:51:53Z,postcart,77.5,82.0,0,0
2026-10-09T11:51:53Z,emptycart,10000.0,5.0,0,0
2026-10-09T11:51:54Z,getproduct,115.5,157.0,0,0
2026-10-09T11:51:54Z,postcheckout,28.6,27.0,0,0
2026-10-09T11:51:54Z,getcart,67.1,64.0,0,0
2026-10-09T11:51:54Z,postcart,77.5,82.0,0,0
2026-10-09T11:51:54Z,emptycart,10000.0,5.0,0,0
2026-10-09T11:51:55Z,getproduct,131.0,172.0,1,1
2026-10-09T11:51:55Z,postcheckout,33.0,30.0,1,1
2026-10-09T11:51:55Z,getcart,75.9,70.0,1,1
2026-10-09T11:51:55Z,postcart,93.0,90.0,1,1
2026-10-09T11:51:55Z,emptycart,10000.0,5.0,1,1
2026-10-09T11:51:56Z,getproduct,131.0,172.0,0,0
2026-10-09T11:51:56Z,postcheckout,33.0,30.0,0,0
2026-10-09T11:51:56Z,getcart,75.9,70.0,0,0
2026-10-09T11:51:56Z,postcart,93.0,90.0,0,0
2026-10-09T11:51:56Z,emptycart,10000.0,5.0,0,0
2026-10-09T11:51:57Z,getproduct,131.0,172.0,0,0
2026-10-09T11:51:57Z,postcheckout,33.0,30.0,0,0
2026-10-09T11:51:57Z,getcart,75.9,70.0,0,0
2026-10-09T11:51:57Z,postcart,93.0,90.0,0,0
2026-10-09T11:51:57Z,emptycart,10000.0,5.0,0,0
2026-10-09T11:51:58Z,getproduct,131.0,172.0,0,0
2026-10-09T11:51:58Z,postcheckout,33.0,30.0,0,0
2026-10-09T11:51:58Z,getcart,75.9,70.0,0,0
2026-10-09T11:51:58Z,postcart,93.0,90.0,0,0
2026-10-09T11:51:58Z,emptycart,10000.0,5.0,0,0
2026-10-09T11:51:59Z,getproduct,131.0,172.0,0,0
2026-10-09T11:51:59Z,postcheckout,33.0,30.0,0,0
2026-10-09T11:51:59Z,getcart,75.9,70.0,0,0
2026-10-09T11:51:59Z,postcart,93.0,90.0,0,0
2026-10-09T11:51:59Z,emptycart,10000.0,5.0,0,0
2026-10-09T11:52:00Z,getproduct,171.7,175.0,1,1
2026-10-09T11:52:00Z,postcheckout,33.0,30.0,1,1
2026-10-09T11:52:00Z,getcart,77.0,70.0,1,1
2026-10-09T11:52:00Z,postcart,99.0,90.0,1,1
2026-10-09T11:52:00Z,emptycart,10000.0,5.0,1,1
2026-10-09T11:52:01Z,getproduct,183.89121346418264,175.0,1,0
2026-10-09T11:52:01Z,postcheckout,33.0,30.0,1,0
2026-10-09T11:52:01Z,getcart,77.0,70.0,1,0
2026-10-09T11:52:01Z,postcart,99.00000000000001,90.0,1,0
2026-10-09T11:52:01Z,emptycart,0.0,5.0,1,0
2026-10-09T11:52:02Z,getproduct,183.89121346418264,175.0,0,0
2026-10-09T11:52:02Z,postcheckout,33.0,30.0,0,0
2026-10-09T11:52:02Z,getcart,77.0,70.0,0,0
2026-10-09T11:52:02Z,postcart,99.00000000000001,90.0,0,0
2026-10-09T11:52:02Z,emptycart,0.0,5.0,0,0
2026-10-09T11:52:03Z,getproduct,183.89121346418264,175.0,0,0
2026-10-09T11:52:03Z,postcheckout,33.0,30.0,0,0
2026-10-09T11:52:03Z,getcart,77.0,70.0,0,0
2026-10-09T11:52:03Z,postcart,99.00000000000001,90.0,0,0
2026-10-09T11:52:03Z,emptycart,0.0,5.0,0,0
2026-10-09T11:52:04Z,getproduct,183.89121346418264,175.0,0,0
2026-10-09T11:52:04Z,postcheckout,33.0,30.0,0,0
2026-10-09T11:52:04Z,getcart,77.0,70.0,0,0
2026-10-09T11:52:04Z,postcart,99.00000000000001,90.0,0,0
2026-10-09T11:52:04Z,emptycart,0.0,5.0,0,0
2026-10-09T11:52:05Z,getproduct,175.0,175.0,1,1
2026-10-09T11:52:05Z,postcheckout,30.0,30.0,1,1
2026-10-09T11:52:05Z,getcart,70.0,70.0,1,1
2026-10-09T11:52:05Z,postcart,90.0,90.0,1,1
2026-10-09T11:52:05Z,emptycart,10000.0,5.0,1,1
2026-10-09T11:52:06Z,getproduct,175.0,175.0,1,0
2026-10-09T11:52:06Z,postcheckout,30.0,30.0,1,0
2026-10-09T11:52:06Z,getcart,70.0,70.0,1,0
2026-10-09T11:52:06Z,postcart,90.0,90.0,1,0
2026-10-09T11:52:06Z,emptycart,0.0,5.0,1,0
2026-10-09T11:52:07Z,getproduct,175.0,175.0,0,0
2026-10-09T11:52:07Z,postcheckout,30.0,30.0,0,0
2026-10-09T11:52:07Z,getcart,70.0,70.0,0,0
2026-10-09T11:52:07Z,postcart,90.0,90.0,0,0
2026-10-09T11:52:07Z,emptycart,0.0,5.0,0,0
2026-10-09T11:52:08Z,getproduct,175.0,175.0,0,0
2026-10-09T11:52:08Z,postcheckout,30.0,30.0,0,0
2026-10-09T11:52:08Z,getcart,70.0,70.0,0,0
2026-10-09T11:52:08Z,postcart,90.0,90.0,0,0
2026-10-09T11:52:08Z,emptycart,0.0,5.0,0,0
2026-10-09T11:52:09Z,getproduct,175.0,175.0,0,0
2026-10-09T11:52:09Z,postcheckout,30.0,30.0,0,0
2026-10-09T11:52:09Z,getcart,70.0,70.0,0,0
2026-10-09T11:52:09Z,postcart,90.0,90.0,0,0
2026-10-09T11:52:09Z,emptycart,0.0,5.0,0,0
2026-10-09T11:52:10Z,getproduct,10000.0,175.0,1,1
2026-10-09T11:52:10Z,postcheckout,10000.0,30.0,1,1
2026-10-09T11:52:10Z,getcart,10000.0,70.0,1,1
2026-10-09T11:52:10Z,postcart,10000.0,90.0,1,1
2026-10-09T11:52:10Z,emptycart,10000.0,5.0,1,1
2026-10-09T11:52:11Z,getproduct,10000.0,175.0,0,0
2026-10-09T11:52:11Z,postcheckout,10000.0,30.0,0,0
2026-10-09T11:52:11Z,getcart,10000.0,70.0,0,0
2026-10-09T11:52:11Z,postcart,10000.0,90.0,0,0
2026-10-09T11:52:11Z,emptycart,10000.0,5.0,0,0
2026-10-09T11:52:12Z,getproduct,10000.0,175.0,0,0
2026-10-09T11:52:12Z,postcheckout,10000.0,30.0,0,0
2026-10-09T11:52:12Z,getcart,10000.0,70.0,0,0
2026-10-09T11:52:12Z,postcart,10000.0,90.0,0,0
2026-10-09T11:52:12Z,emptycart,10000.0,5.0,0,0
2026-10-09T11:52:13Z,getproduct,10000.0,175.0,0,0
2026-10-09T11:52:13Z,postcheckout,10000.0,30.0,0,0
2026-10-09T11:52:13Z,getcart,10000.0,70.0,0,0
2026-10-09T11:52:13Z,postcart,10000.0,90.0,0,0
2026-10-09T11:52:13Z,emptycart,10000.0,5.0,0,0
2026-10-09T11:52:14Z,getproduct,10000.0,175.0,0,0
2026-10-09T11:52:14Z,postcheckout,10000.0,30.0,0,0
2026-10-09T11:52:14Z,getcart,10000.0,70.0,0,0
2026-10-09T11:52:14Z,postcart,10000.0,90.0,0,0
2026-10-09T11:52:14Z,emptycart,10000.0,5.0,0,0
2026-10-09T11:52:15Z,getproduct,10000.0,175.0,1,1
2026-10-09T11:52:15Z,postcheckout,10000.0,30.0,1,1
2026-10-09T11:52:15Z,getcart,10000.0,70.0,1,1
2026-10-09T11:52:15Z,postcart,10000.0,90.0,1,1
2026-10-09T11:52:15Z,emptycart,10000.0,5.0,1,1
2026-10-09T11:52:16Z,getproduct,10000.0,175.0,0,0
2026-10-09T11:52:16Z,postcheckout,10000.0,30.0,0,0
2026-10-09T11:52:16Z,getcart,10000.0,70.0,0,0
2026-10-09T11:52:16Z,postcart,10000.0,90.0,0,0
2026-10-09T11:52:16Z,emptycart,10000.0,5.0,0,0
2026-10-09T11:52:17Z,getproduct,10000.0,175.0,0,0
2026-10-09T11:52:17Z,postcheckout,10000.0,30.0,0,0
2026-10-09T11:52:17Z,getcart,10000.0,70.0,0,0
2026-10-09T11:52:17Z,postcart,10000.0,90.0,0,0
2026-10-09T11:52:17Z,emptycart,10000.0,5.0,0,0
2026-10-09T11:52:18Z,getproduct,10000.0,175.0,0,0
2026-10-09T11:52:18Z,postcheckout,10000.0,30.0,0,0
2026-10-09T11:52:18Z,getcart,10000.0,70.0,0,0
2026-10-09T11:52:18Z,postcart,10000.0,90.0,0,0
2026-10-09T11:52:18Z,emptycart,10000.0,5.0,0,0
2026-10-09T11:52:19Z,getproduct,10000.0,175.0,0,0
2026-10-09T11:52:19Z,postcheckout,10000.0,30.0,0,0
2026-10-09T11:52:19Z,getcart,10000.0,70.0,0,0
2026-10-09T11:52:19Z,postcart,10000.0,90.0,0,0
2026-10-09T11:52:19Z,emptycart,10000.0,5.0,0,0
2026-10-09T11:52:20Z,getproduct,175.0,175.0,1,1
2026-10-09T11:52:20Z,postcheckout,30.0,30.0,1,1
2026-10-09T11:52:20Z,getcart,70.0,70.0,1,1
2026-10-09T11:52:20Z,postcart,90.0,90.0,1,1
2026-10-09T11:52:20Z,emptycart,10000.0,5.0,1,1
2026-10-09T11:52:21Z,getproduct,10000.0,175.0,1,0
2026-10-09T11:52:21Z,postcheckout,10000.0,30.0,1,0
2026-10-09T11:52:21Z,getcart,10000.0,70.0,1,0
2026-10-09T11:52:21Z,postcart,10000.0,90.0,1,0
2026-10-09T11:52:21Z,emptycart,0.0,5.0,1,0
2026-10-09T11:52:22Z,getproduct,10000.0,175.0,0,0
2026-10-09T11:52:22Z,postcheckout,10000.0,30.0,0,0
2026-10-09T11:52:22Z,getcart,10000.0,70.0,0,0
2026-10-09T11:52:22Z,postcart,10000.0,90.0,0,0
2026-10-09T11:52:22Z,emptycart,0.0,5.0,0,0
2026-10-09T11:52:23Z,getproduct,10000.0,175.0,0,0
2026-10-09T11:52:23Z,postcheckout,10000.0,30.0,0,0
2026-10-09T11:52:23Z,getcart,10000.0,70.0,0,0
2026-10-09T11:52:23Z,postcart,10000.0,90.0,0,0
2026-10-09T11:52:23Z,emptycart,0.0,5.0,0,0
2026-10-09T11:52:24Z,getproduct,10000.0,175.0,0,0
2026-10-09T11:52:24Z,postcheckout,10000.0,30.0,0,0
2026-10-09T11:52:24Z,getcart,10000.0,70.0,0,0
2026-10-09T11:52:24Z,postcart,10000.0,90.0,0,0
2026-10-09T11:52:24Z,emptycart,0.0,5.0,0,0
2026-10-09T11:52:25Z,getproduct,175.0,175.0,1,1
2026-10-09T11:52:25Z,postcheckout,30.0,30.0,1,1
2026-10-09T11:52:25Z,getcart,70.0,70.0,1,1
2026-10-09T11:52:25Z,postcart,90.0,90.0,1,1
2026-10-09T11:52:25Z,emptycart,10000.0,5.0,1,1
2026-10-09T11:52:26Z,getproduct,175.0,175.0,0,0
2026-10-09T11:52:26Z,postcheckout,30.0,30.0,0,0
2026-10-09T11:52:26Z,getcart,70.0,70.0,0,0
2026-10-09T11:52:26Z,postcart,90.0,90.0,0,0
2026-10-09T11:52:26Z,emptycart,10000.0,5.0,0,0
2026-10-09T11:52:27Z,getproduct,175.0,175.0,0,0
2026-10-09T11:52:27Z,postcheckout,30.0,30.0,0,0
2026-10-09T11:52:27Z,getcart,70.0,70.0,0,0
2026-10-09T11:52:27Z,postcart,90.0,90.0,0,0
2026-10-09T11:52:27Z,emptycart,10000.0,5.0,0,0
2026-10-09T11:52:28Z,getproduct,175.0,175.0,0,0
2026-10-09T11:52:28Z,postcheckout,30.0,30.0,0,0
2026-10-09T11:52:28Z,getcart,70.0,70.0,0,0
2026-10-09T11:52:28Z,postcart,90.0,90.0,0,0
2026-10-09T11:52:28Z,emptycart,10000.0,5.0,0,0
2026-10-09T11:52:29Z,getproduct,175.0,175.0,0,0
2026-10-09T11:52:29Z,postcheckout,30.0,30.0,0,0
2026-10-09T11:52:29Z,getcart,70.0,70.0,0,0
2026-10-09T11:52:29Z,postcart,90.0,90.0,0,0
2026-10-09T11:52:29Z,emptycart,10000.0,5.0,0,0
2026-10-09T11:52:30Z,getproduct,175.0,175.0,1,1
2026-10-09T11:52:30Z,postcheckout,30.0,30.0,1,1
2026-10-09T11:52:30Z,getcart,70.0,70.0,1,1
2026-10-09T11:52:30Z,postcart,90.0,90.0,1,1
2026-10-09T11:52:30Z,emptycart,10000.0,5.0,1,1
2026-10-09T11:52:31Z,getproduct,175.0,175.0,0,0
2026-10-09T11:52:31Z,postcheckout,30.0,30.0,0,0
2026-10-09T11:52:31Z,getcart,70.0,70.0,0,0
2026-10-09T11:52:31Z,postcart,90.0,90.0,0,0
2026-10-09T11:52:31Z,emptycart,10000.0,5.0,0,0
2026-10-09T11:52:32Z,getproduct,175.0,175.0,0,0
2026-10-09T11:52:32Z,postcheckout,30.0,30.0,0,0
2026-10-09T11:52:32Z,getcart,70.0,70.0,0,0
2026-10-09T11:52:32Z,postcart,90.0,90.0,0,0
2026-10-09T11:52:32Z,emptycart,10000.0,5.0,0,0
2026-10-09T11:52:33Z,getproduct,175.0,175.0,0,0
2026-10-09T11:52:33Z,postcheckout,30.0,30.0,0,0
2026-10-09T11:52:33Z,getcart,70.0,70.0,0,0
2026-10-09T11:52:33Z,postcart,90.0,90.0,0,0
2026-10-09T11:52:33Z,emptycart,10000.0,5.0,0,0
2026-10-09T11:52:34Z,getproduct,175.0,175.0,0,0
2026-10-09T11:52:34Z,postcheckout,30.0,30.0,0,0
2026-10-09T11:52:34Z,getcart,70.0,70.0,0,0
2026-10-09T11:52:34Z,postcart,90.0,90.0,0,0
2026-10-09T11:52:34Z,emptycart,10000.0,5.0,0,0
2026-10-09T11:52:35Z,getproduct,10000.0,175.0,1,1
2026-10-09T11:52:35Z,postcheckout,10000.0,30.0,1,1
2026-10-09T11:52:35Z,getcart,10000.0,70.0,1,1
2026-10-09T11:52:35Z,postcart,10000.0,90.0,1,1
2026-10-09T11:52:35Z,emptycart,10000.0,5.0,1,1
2026-10-09T11:52:36Z,getproduct,10000.0,175.0,0,0
2026-10-09T11:52:36Z,postcheckout,10000.0,30.0,0,0
2026-10-09T11:52:36Z,getcart,10000.0,70.0,0,0
2026-10-09T11:52:36Z,postcart,10000.0,90.0,0,0
2026-10-09T11:52:36Z,emptycart,10000.0,5.0,0,0
2026-10-09T11:52:37Z,getproduct,10000.0,175.0,0,0
2026-10-09T11:52:37Z,postcheckout,10000.0,30.0,0,0
2026-10-09T11:52:37Z,getcart,10000.0,70.0,0,0
2026-10-09T11:52:37Z,postcart,10000.0,90.0,0,0
2026-10-09T11:52:37Z,emptycart,10000.0,5.0,0,0
2026-10-09T11:52:38Z,getproduct,10000.0,175.0,0,0
2026-10-09T11:52:38Z,postcheckout,10000.0,30.0,0,0
2026-10-09T11:52:38Z,getcart,10000.0,70.0,0,0
2026-10-09T11:52:38Z,postcart,10000.0,90.0,0,0
2026-10-09T11:52:38Z,emptycart,10000.0,5.0,0,0
2026-10-09T11:52:39Z,getproduct,10000.0,175.0,1,0
2026-10-09T11:52:39Z,postcheckout,10000.0,30.0,1,0
2026-10-09T11:52:39Z,getcart,10000.0,70.0,1,0
2026-10-09T11:52:39Z,postcart,10000.0,90.0,1,0
2026-10-09T11:52:39Z,emptycart,0.0,5.0,1,0
2026-10-09T11:52:40Z,getproduct,10000.0,175.0,1,1
2026-10-09T11:52:40Z,postcheckout,10000.0,30.0,1,1
2026-10-09T11:52:40Z,getcart,10000.0,70.0,1,1
2026-10-09T11:52:40Z,postcart,10000.0,90.0,1,1
2026-10-09T11:52:40Z,emptycart,10000.0,5.0,1,1
2026-10-09T11:52:41Z,getproduct,10000.0,175.0,0,0
2026-10-09T11:52:41Z,postcheckout,10000.0,30.0,0,0
2026-10-09T11:52:41Z,getcart,10000.0,70.0,0,0
2026-10-09T11:52:41Z,postcart,10000.0,90.0,0,0
2026-10-09T11:52:41Z,emptycart,10000.0,5.0,0,0
2026-10-09T11:52:42Z,getproduct,10000.0,175.0,0,0
2026-10-09T11:52:42Z,postcheckout,10000.0,30.0,0,0
2026-10-09T11:52:42Z,getcart,10000.0,70.0,0,0
2026-10-09T11:52:42Z,postcart,10000.0,90.0,0,0
2026-10-09T11:52:42Z,emptycart,10000.0,5.0,0,0
2026-10-09T11:52:43Z,getproduct,10000.0,175.0,0,0
2026-10-09T11:52:43Z,postcheckout,10000.0,30.0,0,0
2026-10-09T11:52:43Z,getcart,10000.0,70.0,0,0
2026-10-09T11:52:43Z,postcart,10000.0,90.0,0,0
2026-10-09T11:52:43Z,emptycart,10000.0,5.0,0,0
2026-10-09T11:52:44Z,getproduct,10000.0,175.0,0,0
2026-10-09T11:52:44Z,postcheckout,10000.0,30.0,0,0
2026-10-09T11:52:44Z,getcart,10000.0,70.0,0,0
2026-10-09T11:52:44Z,postcart,10000.0,90.0,0,0
2026-10-09T11:52:44Z,emptycart,10000.0,5.0,0,0
2026-10-09T11:52:45Z,getproduct,175.0,175.0,1,1
2026-10-09T11:52:45Z,postcheckout,30.0,30.0,1,1
2026-10-09T11:52:45Z,getcart,70.0,70.0,1,1
2026-10-09T11:52:45Z,postcart,90.0,90.0,1,1
2026-10-09T11:52:45Z,emptycart,10000.0,5.0,1,1
2026-10-09T11:52:46Z,getproduct,175.0,175.0,0,0
2026-10-09T11:52:46Z,postcheckout,30.0,30.0,0,0
2026-10-09T11:52:46Z,getcart,70.0,70.0,0,0
2026-10-09T11:52:46Z,postcart,90.0,90.0,0,0
2026-10-09T11:52:46Z,emptycart,10000.0,5.0,0,0
2026-10-09T11:52:47Z,getproduct,175.0,175.0,0,0
2026-10-09T11:52:47Z,postcheckout,30.0,30.0,0,0
2026-10-09T11:52:47Z,getcart,70.0,70.0,0,0
2026-10-09T11:52:47Z,postcart,90.0,90.0,0,0
2026-10-09T11:52:47Z,emptycart,10000.0,5.0,0,0
2026-10-09T11:52:48Z,getproduct,0.0,175.0,1,0
2026-10-09T11:52:48Z,postcheckout,0.0,30.0,1,0
2026-10-09T11:52:48Z,getcart,10000.0,70.0,1,0
2026-10-09T11:52:48Z,postcart,0.0,90.0,1,0
2026-10-09T11:52:48Z,emptycart,0.0,5.0,1,0
2026-10-09T11:52:49Z,getproduct,175.0,175.0,1,0
2026-10-09T11:52:49Z,postcheckout,30.0,30.0,1,0
2026-10-09T11:52:49Z,getcart,70.0,70.0,1,0
2026-10-09T11:52:49Z,postcart,90.0,90.0,1,0
2026-10-09T11:52:49Z,emptycart,0.0,5.0,1,0
2026-10-09T11:52:50Z,getproduct,175.0,175.0,1,1
2026-10-09T11:52:50Z,postcheckout,30.0,30.0,1,1
2026-10-09T11:52:50Z,getcart,70.0,70.0,1,1
2026-10-09T11:52:50Z,postcart,90.0,90.0,1,1
2026-10-09T11:52:50Z,emptycart,10000.0,5.0,1,1
2026-10-09T11:52:51Z,getproduct,175.0,175.0,0,0
2026-10-09T11:52:51Z,postcheckout,30.0,30.0,0,0
2026-10-09T11:52:51Z,getcart,70.0,70.0,0,0
2026-10-09T11:52:51Z,postcart,90.0,90.0,0,0
2026-10-09T11:52:51Z,emptycart,10000.0,5.0,0,0
2026-10-09T11:52:52Z,getproduct,175.0,175.0,0,0
2026-10-09T11:52:52Z,postcheckout,30.0,30.0,0,0
2026-10-09T11:52:52Z,getcart,70.0,70.0,0,0
2026-10-09T11:52:52Z,postcart,90.0,90.0,0,0
2026-10-09T11:52:52Z,emptycart,10000.0,5.0,0,0
2026-10-09T11:52:53Z,getproduct,175.0,175.0,0,0
2026-10-09T11:52:53Z,postcheckout,30.0,30.0,0,0
2026-10-09T11:52:53Z,getcart,70.0,70.0,0,0
2026-10-09T11:52:53Z,postcart,90.0,90.0,0,0
2026-10-09T11:52:53Z,emptycart,10000.0,5.0,0,0
2026-10-09T11:52:54Z,getproduct,175.0,175.0,0,0
2026-10-09T11:52:54Z,postcheckout,30.0,30.0,0,0
2026-10-09T11:52:54Z,getcart,70.0,70.0,0,0
2026-10-09T11:52:54Z,postcart,90.0,90.0,0,0
2026-10-09T11:52:54Z,emptycart,10000.0,5.0,0,0
2026-10-09T11:52:55Z,getproduct,175.0,175.0,1,1
2026-10-09T11:52:55Z,postcheckout,30.0,30.0,1,1
2026-10-09T11:52:55Z,getcart,70.0,70.0,1,1
2026-10-09T11:52:55Z,postcart,90.0,90.0,1,1
2026-10-09T11:52:55Z,emptycart,10000.0,5.0,1,1
2026-10-09T11:52:56Z,getproduct,175.0,175.0,0,0
2026-10-09T11:52:56Z,postcheckout,30.0,30.0,0,0
2026-10-09T11:52:56Z,getcart,70.0,70.0,0,0
2026-10-09T11:52:56Z,postcart,90.0,90.0,0,0
2026-10-09T11:52:56Z,emptycart,10000.0,5.0,0,0
2026-10-09T11:52:57Z,getproduct,175.0,175.0,0,0
2026-10-09T11:52:57Z,postcheckout,30.0,30.0,0,0
2026-10-09T11:52:57Z,getcart,70.0,70.0,0,0
2026-10-09T11:52:57Z,postcart,90.0,90.0,0,0
2026-10-09T11:52:57Z,emptycart,10000.0,5.0,0,0
2026-10-09T11:52:58Z,getproduct,175.0,175.0,1,0
2026-10-09T11:52:58Z,postcheckout,0.0,30.0,1,0
2026-10-09T11:52:58Z,getcart,70.0,70.0,1,0
2026-10-09T11:52:58Z,postcart,0.0,90.0,1,0
2026-10-09T11:52:58Z,emptycart,0.0,5.0,1,0
2026-10-09T11:52:59Z,getproduct,175.0,175.0,0,0
2026-10-09T11:52:59Z,postcheckout,0.0,30.0,0,0
2026-10-09T11:52:59Z,getcart,70.0,70.0,0,0
2026-10-09T11:52:59Z,postcart,0.0,90.0,0,0
2026-10-09T11:52:59Z,emptycart,0.0,5.0,0,0
2026-10-09T11:53:00Z,getproduct,10000.0,175.0,1,1
2026-10-09T11:53:00Z,postcheckout,10000.0,30.0,1,1
2026-10-09T11:53:00Z,getcart,10000.0,70.0,1,1
2026-10-09T11:53:00Z,postcart,10000.0,90.0,1,1
2026-10-09T11:53:00Z,emptycart,10000.0,5.0,1,1
2026-10-09T11:53:01Z,getproduct,10000.0,175.0,0,0
2026-10-09T11:53:01Z,postcheckout,10000.0,30.0,0,0
2026-10-09T11:53:01Z,getcart,10000.0,70.0,0,0
2026-10-09T11:53:01Z,postcart,10000.0,90.0,0,0
2026-10-09T11:53:01Z,emptycart,10000.0,5.0,0,0
2026-10-09T11:53:02Z,getproduct,10000.0,175.0,0,0
2026-10-09T11:53:02Z,postcheckout,10000.0,30.0,0,0
2026-10-09T11:53:02Z,getcart,10000.0,70.0,0,0
2026-10-09T11:53:02Z,postcart,10000.0,90.0,0,0
2026-10-09T11:53:02Z,emptycart,10000.0,5.0,0,0
2026-10-09T11:53:03Z,getproduct,10000.0,175.0,0,0
2026-10-09T11:53:03Z,postcheckout,10000.0,30.0,0,0
2026-10-09T11:53:03Z,getcart,10000.0,70.0,0,0
2026-10-09T11:53:03Z,postcart,10000.0,90.0,0,0
2026-10-09T11:53:03Z,emptycart,10000.0,5.0,0,0
2026-10-09T11:53:04Z,getproduct,10000.0,175.0,0,0
2026-10-09T11:53:04Z,postcheckout,10000.0,30.0,0,0
2026-10-09T11:53:04Z,getcart,10000.0,70.0,0,0
2026-10-09T11:53:04Z,postcart,10000.0,90.0,0,0
2026-10-09T11:53:04Z,emptycart,10000.0,5.0,0,0
2026-10-09T11:53:05Z,getproduct,10000.0,175.0,1,1
2026-10-09T11:53:05Z,postcheckout,10000.0,30.0,1,1
2026-10-09T11:53:05Z,getcart,10000.0,70.0,1,1
2026-10-09T11:53:05Z,postcart,10000.0,90.0,1,1
2026-10-09T11:53:05Z,emptycart,10000.0,5.0,1,1
2026-10-09T11:53:06Z,getproduct,10000.0,175.0,0,0
2026-10-09T11:53:06Z,postcheckout,10000.0,30.0,0,0
2026-10-09T11:53:06Z,getcart,10000.0,70.0,0,0
2026-10-09T11:53:06Z,postcart,10000.0,90.0,0,0
2026-10-09T11:53:06Z,emptycart,10000.0,5.0,0,0
2026-10-09T11:53:07Z,getproduct,10000.0,175.0,0,0
2026-10-09T11:53:07Z,postcheckout,10000.0,30.0,0,0
2026-10-09T11:53:07Z,getcart,10000.0,70.0,0,0
2026-10-09T11:53:07Z,postcart,10000.0,90.0,0,0
2026-10-09T11:53:07Z,emptycart,10000.0,5.0,0,0
2026-10-09T11:53:08Z,getproduct,10000.0,175.0,0,0
2026-10-09T11:53:08Z,postcheckout,10000.0,30.0,0,0
2026-10-09T11:53:08Z,getcart,10000.0,70.0,0,0
2026-10-09T11:53:08Z,postcart,10000.0,90.0,0,0
2026-10-09T11:53:08Z,emptycart,10000.0,5.0,0,0
2026-10-09T11:53:09Z,getproduct,10000.0,175.0,0,0
2026-10-09T11:53:09Z,postcheckout,10000.0,30.0,0,0
2026-10-09T11:53:09Z,getcart,10000.0,70.0,0,0
2026-10-09T11:53:09Z,postcart,10000.0,90.0,0,0
2026-10-09T11:53:09Z,emptycart,10000.0,5.0,0,0
2026-10-09T11:53:10Z,getproduct,175.0,175.0,1,1
2026-10-09T11:53:10Z,postcheckout,30.0,30.0,1,1
2026-10-09T11:53:10Z,getcart,70.0,70.0,1,1
2026-10-09T11:53:10Z,postcart,90.0,90.0,1,1
2026-10-09T11:53:10Z,emptycart,10000.0,5.0,1,1
2026-10-09T11:53:11Z,getproduct,175.0,175.0,0,0
2026-10-09T11:53:11Z,postcheckout,30.0,30.0,0,0
2026-10-09T11:53:11Z,getcart,70.0,70.0,0,0
2026-10-09T11:53:11Z,postcart,90.0,90.0,0,0
2026-10-09T11:53:11Z,emptycart,10000.0,5.0,0,0
2026-10-09T11:53:12Z,getproduct,175.0,175.0,0,0
2026-10-09T11:53:12Z,postcheckout,30.0,30.0,0,0
2026-10-09T11:53:12Z,getcart,70.0,70.0,0,0
2026-10-09T11:53:12Z,postcart,90.0,90.0,0,0
2026-10-09T11:53:12Z,emptycart,10000.0,5.0,0,0
2026-10-09T11:53:13Z,getproduct,10000.0,175.0,1,0
2026-10-09T11:53:13Z,postcheckout,10000.0,30.0,1,0
2026-10-09T11:53:13Z,getcart,10000.0,70.0,1,0
2026-10-09T11:53:13Z,postcart,10000.0,90.0,1,0
2026-10-09T11:53:13Z,emptycart,0.0,5.0,1,0
2026-10-09T11:53:14Z,getproduct,10000.0,175.0,0,0
2026-10-09T11:53:14Z,postcheckout,10000.0,30.0,0,0
2026-10-09T11:53:14Z,getcart,10000.0,70.0,0,0
2026-10-09T11:53:14Z,postcart,10000.0,90.0,0,0
2026-10-09T11:53:14Z,emptycart,0.0,5.0,0,0
2026-10-09T11:53:15Z,getproduct,175.0,175.0,1,1
2026-10-09T11:53:15Z,postcheckout,30.0,30.0,1,1
2026-10-09T11:53:15Z,getcart,70.0,70.0,1,1
2026-10-09T11:53:15Z,postcart,90.0,90.0,1,1
2026-10-09T11:53:15Z,emptycart,10000.0,5.0,1,1
2026-10-09T11:53:16Z,getproduct,175.0,175.0,0,0
2026-10-09T11:53:16Z,postcheckout,30.0,30.0,0,0
2026-10-09T11:53:16Z,getcart,70.0,70.0,0,0
2026-10-09T11:53:16Z,postcart,90.0,90.0,0,0
2026-10-09T11:53:16Z,emptycart,10000.0,5.0,0,0
2026-10-09T11:53:17Z,getproduct,175.0,175.0,0,0
2026-10-09T11:53:17Z,postcheckout,30.0,30.0,0,0
2026-10-09T11:53:17Z,getcart,70.0,70.0,0,0
2026-10-09T11:53:17Z,postcart,90.0,90.0,0,0
2026-10-09T11:53:17Z,emptycart,10000.0,5.0,0,0
2026-10-09T11:53:18Z,getproduct,175.0,175.0,0,0
2026-10-09T11:53:18Z,postcheckout,30.0,30.0,0,0
2026-10-09T11:53:18Z,getcart,70.0,70.0,0,0
2026-10-09T11:53:18Z,postcart,90.0,90.0,0,0
2026-10-09T11:53:18Z,emptycart,10000.0,5.0,0,0
2026-10-09T11:53:19Z,getproduct,175.0,175.0,0,0
2026-10-09T11:53:19Z,postcheckout,30.0,30.0,0,0
2026-10-09T11:53:19Z,getcart,70.0,70.0,0,0
2026-10-09T11:53:19Z,postcart,90.0,90.0,0,0
2026-10-09T11:53:19Z,emptycart,10000.0,5.0,0,0
2026-10-09T11:53:20Z,getproduct,175.0,175.0,1,1
2026-10-09T11:53:20Z,postcheckout,30.0,30.0,1,1
2026-10-09T11:53:20Z,getcart,70.0,70.0,1,1
2026-10-09T11:53:20Z,postcart,90.0,90.0,1,1
2026-10-09T11:53:20Z,emptycart,10000.0,5.0,1,1
2026-10-09T11:53:21Z,getproduct,175.0,175.0,0,0
2026-10-09T11:53:21Z,postcheckout,30.0,30.0,0,0
2026-10-09T11:53:21Z,getcart,70.0,70.0,0,0
2026-10-09T11:53:21Z,postcart,90.0,90.0,0,0
2026-10-09T11:53:21Z,emptycart,10000.0,5.0,0,0
2026-10-09T11:53:22Z,getproduct,10000.0,175.0,1,0
2026-10-09T11:53:22Z,postcheckout,0.0,30.0,1,0
2026-10-09T11:53:22Z,getcart,10000.0,70.0,1,0
2026-10-09T11:53:22Z,postcart,0.0,90.0,1,0
2026-10-09T11:53:22Z,emptycart,0.0,5.0,1,0
2026-10-09T11:53:23Z,getproduct,175.0,175.0,1,0
2026-10-09T11:53:23Z,postcheckout,30.0,30.0,1,0
2026-10-09T11:53:23Z,getcart,70.0,70.0,1,0
2026-10-09T11:53:23Z,postcart,90.0,90.0,1,0
2026-10-09T11:53:23Z,emptycart,0.0,5.0,1,0
2026-10-09T11:53:24Z,getproduct,175.0,175.0,0,0
2026-10-09T11:53:24Z,postcheckout,30.0,30.0,0,0
2026-10-09T11:53:24Z,getcart,70.0,70.0,0,0
2026-10-09T11:53:24Z,postcart,90.0,90.0,0,0
2026-10-09T11:53:24Z,emptycart,0.0,5.0,0,0
2026-10-09T11:53:25Z,getproduct,10000.0,175.0,1,1
2026-10-09T11:53:25Z,postcheckout,10000.0,30.0,1,1
2026-10-09T11:53:25Z,getcart,10000.0,70.0,1,1
2026-10-09T11:53:25Z,postcart,10000.0,90.0,1,1
2026-10-09T11:53:25Z,emptycart,10000.0,5.0,1,1
2026-10-09T11:53:26Z,getproduct,10000.0,175.0,0,0
2026-10-09T11:53:26Z,postcheckout,10000.0,30.0,0,0
2026-10-09T11:53:26Z,getcart,10000.0,70.0,0,0
2026-10-09T11:53:26Z,postcart,10000.0,90.0,0,0
2026-10-09T11:53:26Z,emptycart,10000.0,5.0,0,0
2026-10-09T11:53:27Z,getproduct,10000.0,175.0,0,0
2026-10-09T11:53:27Z,postcheckout,10000.0,30.0,0,0
2026-10-09T11:53:27Z,getcart,10000.0,70.0,0,0
2026-10-09T11:53:27Z,postcart,10000.0,90.0,0,0
2026-10-09T11:53:27Z,emptycart,10000.0,5.0,0,0
2026-10-09T11:53:28Z,getproduct,10000.0,175.0,0,0
2026-10-09T11:53:28Z,postcheckout,10000.0,30.0,0,0
2026-10-09T11:53:28Z,getcart,10000.0,70.0,0,0
2026-10-09T11:53:28Z,postcart,10000.0,90.0,0,0
2026-10-09T11:53:28Z,emptycart,10000.0,5.0,0,0
2026-10-09T11:53:29Z,getproduct,10000.0,175.0,0,0
2026-10-09T11:53:29Z,postcheckout,10000.0,30.0,0,0
2026-10-09T11:53:29Z,getcart,10000.0,70.0,0,0
2026-10-09T11:53:29Z,postcart,10000.0,90.0,0,0
2026-10-09T11:53:29Z,emptycart,10000.0,5.0,0,0
2026-10-09T11:53:30Z,getproduct,10000.0,175.0,1,1
2026-10-09T11:53:30Z,postcheckout,10000.0,30.0,1,1
2026-10-09T11:53:30Z,getcart,10000.0,70.0,1,1
2026-10-09T11:53:30Z,postcart,10000.0,90.0,1,1
2026-10-09T11:53:30Z,emptycart,10000.0,5.0,1,1
2026-10-09T11:53:31Z,getproduct,10000.0,175.0,0,0
2026-10-09T11:53:31Z,postcheckout,10000.0,30.0,0,0
2026-10-09T11:53:31Z,getcart,10000.0,70.0,0,0
2026-10-09T11:53:31Z,postcart,10000.0,90.0,0,0
2026-10-09T11:53:31Z,emptycart,10000.0,5.0,0,0
2026-10-09T11:53:32Z,getproduct,175.0,175.0,1,0
2026-10-09T11:53:32Z,postcheckout,0.0,30.0,1,0
2026-10-09T11:53:32Z,getcart,70.0,70.0,1,0
2026-10-09T11:53:32Z,postcart,0.0,90.0,1,0
2026-10-09T11:53:32Z,emptycart,0.0,5.0,1,0
2026-10-09T11:53:33Z,getproduct,175.0,175.0,0,0
2026-10-09T11:53:33Z,postcheckout,0.0,30.0,0,0
2026-10-09T11:53:33Z,getcart,70.0,70.0,0,0
2026-10-09T11:53:33Z,postcart,0.0,90.0,0,0
2026-10-09T11:53:33Z,emptycart,0.0,5.0,0,0
2026-10-09T11:53:34Z,getproduct,175.0,175.0,0,0
2026-10-09T11:53:34Z,postcheckout,0.0,30.0,0,0
2026-10-09T11:53:34Z,getcart,70.0,70.0,0,0
2026-10-09T11:53:34Z,postcart,0.0,90.0,0,0
2026-10-09T11:53:34Z,emptycart,0.0,5.0,0,0
2026-10-09T11:53:35Z,getproduct,175.0,175.0,1,1
2026-10-09T11:53:35Z,postcheckout,30.0,30.0,1,1
2026-10-09T11:53:35Z,getcart,70.0,70.0,1,1
2026-10-09T11:53:35Z,postcart,90.0,90.0,1,1
2026-10-09T11:53:35Z,emptycart,10000.0,5.0,1,1
2026-10-09T11:53:36Z,getproduct,175.0,175.0,0,0
2026-10-09T11:53:36Z,postcheckout,30.0,30.0,0,0
2026-10-09T11:53:36Z,getcart,70.0,70.0,0,0
2026-10-09T11:53:36Z,postcart,90.0,90.0,0,0
2026-10-09T11:53:36Z,emptycart,10000.0,5.0,0,0
2026-10-09T11:53:37Z,getproduct,175.0,175.0,0,0
2026-10-09T11:53:37Z,postcheckout,30.0,30.0,0,0
2026-10-09T11:53:37Z,getcart,70.0,70.0,0,0
2026-10-09T11:53:37Z,postcart,90.0,90.0,0,0
2026-10-09T11:53:37Z,emptycart,10000.0,5.0,0,0
2026-10-09T11:53:38Z,getproduct,10000.0,175.0,1,0
2026-10-09T11:53:38Z,postcheckout,10000.0,30.0,1,0
2026-10-09T11:53:38Z,getcart,10000.0,70.0,1,0
2026-10-09T11:53:38Z,postcart,10000.0,90.0,1,0
2026-10-09T11:53:38Z,emptycart,0.0,5.0,1,0
2026-10-09T11:53:39Z,getproduct,10000.0,175.0,0,0
2026-10-09T11:53:39Z,postcheckout,10000.0,30.0,0,0
2026-10-09T11:53:39Z,getcart,10000.0,70.0,0,0
2026-10-09T11:53:39Z,postcart,10000.0,90.0,0,0
2026-10-09T11:53:39Z,emptycart,0.0,5.0,0,0
2026-10-09T11:53:40Z,getproduct,175.0,175.0,1,1
2026-10-09T11:53:40Z,postcheckout,30.0,30.0,1,1
2026-10-09T11:53:40Z,getcart,70.0,70.0,1,1
2026-10-09T11:53:40Z,postcart,90.0,90.0,1,1
2026-10-09T11:53:40Z,emptycart,10000.0,5.0,1,1
2026-10-09T11:53:41Z,getproduct,0.0,175.0,1,0
2026-10-09T11:53:41Z,postcheckout,0.0,30.0,1,0
2026-10-09T11:53:41Z,getcart,70.0,70.0,1,0
2026-10-09T11:53:41Z,postcart,0.0,90.0,1,0
2026-10-09T11:53:41Z,emptycart,0.0,5.0,1,0
2026-10-09T11:53:42Z,getproduct,0.0,175.0,0,0
2026-10-09T11:53:42Z,postcheckout,0.0,30.0,0,0
2026-10-09T11:53:42Z,getcart,70.0,70.0,0,0
2026-10-09T11:53:42Z,postcart,0.0,90.0,0,0
2026-10-09T11:53:42Z,emptycart,0.0,5.0,0,0
2026-10-09T11:53:43Z,getproduct,0.0,175.0,0,0
2026-10-09T11:53:43Z,postcheckout,0.0,30.0,0,0
2026-10-09T11:53:43Z,getcart,70.0,70.0,0,0
2026-10-09T11:53:43Z,postcart,0.0,90.0,0,0
2026-10-09T11:53:43Z,emptycart,0.0,5.0,0,0
2026-10-09T11:53:44Z,getproduct,0.0,175.0,0,0
2026-10-09T11:53:44Z,postcheckout,0.0,30.0,0,0
2026-10-09T11:53:44Z,getcart,70.0,70.0,0,0
2026-10-09T11:53:44Z,postcart,0.0,90.0,0,0
2026-10-09T11:53:44Z,emptycart,0.0,5.0,0,0
2026-10-09T11:53:45Z,getproduct,10000.0,175.0,1,1
2026-10-09T11:53:45Z,postcheckout,10000.0,30.0,1,1
2026-10-09T11:53:45Z,getcart,10000.0,70.0,1,1
2026-10-09T11:53:45Z,postcart,10000.0,90.0,1,1
2026-10-09T11:53:45Z,emptycart,10000.0,5.0,1,1
2026-10-09T11:53:46Z,getproduct,10000.0,175.0,0,0
2026-10-09T11:53:46Z,postcheckout,10000.0,30.0,0,0
2026-10-09T11:53:46Z,getcart,10000.0,70.0,0,0
2026-10-09T11:53:46Z,postcart,10000.0,90.0,0,0
2026-10-09T11:53:46Z,emptycart,10000.0,5.0,0,0
2026-10-09T11:53:47Z,getproduct,10000.0,175.0,0,0
2026-10-09T11:53:47Z,postcheckout,10000.0,30.0,0,0
2026-10-09T11:53:47Z,getcart,10000.0,70.0,0,0
2026-10-09T11:53:47Z,postcart,10000.0,90.0,0,0
2026-10-09T11:53:47Z,emptycart,10000.0,5.0,0,0
2026-10-09T11:53:48Z,getproduct,10000.0,175.0,0,0
2026-10-09T11:53:48Z,postcheckout,10000.0,30.0,0,0
2026-10-09T11:53:48Z,getcart,10000.0,70.0,0,0
2026-10-09T11:53:48Z,postcart,10000.0,90.0,0,0
2026-10-09T11:53:48Z,emptycart,10000.0,5.0,0,0
2026-10-09T11:53:49Z,getproduct,10000.0,175.0,0,0
2026-10-09T11:53:49Z,postcheckout,10000.0,30.0,0,0
2026-10-09T11:53:49Z,getcart,10000.0,70.0,0,0
2026-10-09T11:53:49Z,postcart,10000.0,90.0,0,0
2026-10-09T11:53:49Z,emptycart,10000.0,5.0,0,0
2026-10-09T11:53:50Z,getproduct,10000.0,175.0,1,1
2026-10-09T11:53:50Z,postcheckout,10000.0,30.0,1,1
2026-10-09T11:53:50Z,getcart,10000.0,70.0,1,1
2026-10-09T11:53:50Z,postcart,10000.0,90.0,1,1
2026-10-09T11:53:50Z,emptycart,10000.0,5.0,1,1
2026-10-09T11:53:51Z,getproduct,10000.0,175.0,0,0
2026-10-09T11:53:51Z,postcheckout,10000.0,30.0,0,0
2026-10-09T11:53:51Z,getcart,10000.0,70.0,0,0
2026-10-09T11:53:51Z,postcart,10000.0,90.0,0,0
2026-10-09T11:53:51Z,emptycart,10000.0,5.0,0,0
2026-10-09T11:53:52Z,getproduct,10000.0,175.0,0,0
2026-10-09T11:53:52Z,postcheckout,10000.0,30.0,0,0
2026-10-09T11:53:52Z,getcart,10000.0,70.0,0,0
2026-10-09T11:53:52Z,postcart,10000.0,90.0,0,0
2026-10-09T11:53:52Z,emptycart,10000.0,5.0,0,0
2026-10-09T11:53:53Z,getproduct,10000.0,175.0,0,0
2026-10-09T11:53:53Z,postcheckout,10000.0,30.0,0,0
2026-10-09T11:53:53Z,getcart,10000.0,70.0,0,0
2026-10-09T11:53:53Z,postcart,10000.0,90.0,0,0
2026-10-09T11:53:53Z,emptycart,10000.0,5.0,0,0
2026-10-09T11:53:54Z,getproduct,10000.0,175.0,0,0
2026-10-09T11:53:54Z,postcheckout,10000.0,30.0,0,0
2026-10-09T11:53:54Z,getcart,10000.0,70.0,0,0
2026-10-09T11:53:54Z,postcart,10000.0,90.0,0,0
2026-10-09T11:53:54Z,emptycart,10000.0,5.0,0,0
2026-10-09T11:53:55Z,getproduct,175.0,175.0,1,1
2026-10-09T11:53:55Z,postcheckout,30.0,30.0,1,1
2026-10-09T11:53:55Z,getcart,70.0,70.0,1,1
2026-10-09T11:53:55Z,postcart,90.0,90.0,1,1
2026-10-09T11:53:55Z,emptycart,10000.0,5.0,1,1
2026-10-09T11:53:56Z,getproduct,175.0,175.0,0,0
2026-10-09T11:53:56Z,postcheckout,30.0,30.0,0,0
2026-10-09T11:53:56Z,getcart,70.0,70.0,0,0
2026-10-09T11:53:56Z,postcart,90.0,90.0,0,0
2026-10-09T11:53:56Z,emptycart,10000.0,5.0,0,0
2026-10-09T11:53:57Z,getproduct,175.0,175.0,0,0
2026-10-09T11:53:57Z,postcheckout,30.0,30.0,0,0
2026-10-09T11:53:57Z,getcart,70.0,70.0,0,0
2026-10-09T11:53:57Z,postcart,90.0,90.0,0,0
2026-10-09T11:53:57Z,emptycart,10000.0,5.0,0,0
2026-10-09T11:53:58Z,getproduct,175.0,175.0,0,0
2026-10-09T11:53:58Z,postcheckout,30.0,30.0,0,0
2026-10-09T11:53:58Z,getcart,70.0,70.0,0,0
2026-10-09T11:53:58Z,postcart,90.0,90.0,0,0
2026-10-09T11:53:58Z,emptycart,10000.0,5.0,0,0
2026-10-09T11:53:59Z,getproduct,0.0,175.0,1,0
2026-10-09T11:53:59Z,postcheckout,0.0,30.0,1,0
2026-10-09T11:53:59Z,getcart,70.0,70.0,1,0
2026-10-09T11:53:59Z,postcart,0.0,90.0,1,0
2026-10-09T11:53:59Z,emptycart,0.0,5.0,1,0
2026-10-09T11:54:00Z,getproduct,175.0,175.0,1,1
2026-10-09T11:54:00Z,postcheckout,30.0,30.0,1,1
2026-10-09T11:54:00Z,getcart,70.0,70.0,1,1
2026-10-09T11:54:00Z,postcart,90.0,90.0,1,1
2026-10-09T11:54:00Z,emptycart,10000.0,5.0,1,1
2026-10-09T11:54:01Z,getproduct,175.0,175.0,0,0
2026-10-09T11:54:01Z,postcheckout,30.0,30.0,0,0
2026-10-09T11:54:01Z,getcart,70.0,70.0,0,0
2026-10-09T11:54:01Z,postcart,90.0,90.0,0,0
2026-10-09T11:54:01Z,emptycart,10000.0,5.0,0,0
2026-10-09T11:54:02Z,getproduct,175.0,175.0,0,0
2026-10-09T11:54:02Z,postcheckout,30.0,30.0,0,0
2026-10-09T11:54:02Z,getcart,70.0,70.0,0,0
2026-10-09T11:54:02Z,postcart,90.0,90.0,0,0
2026-10-09T11:54:02Z,emptycart,10000.0,5.0,0,0
2026-10-09T11:54:03Z,getproduct,175.0,175.0,0,0
2026-10-09T11:54:03Z,postcheckout,30.0,30.0,0,0
2026-10-09T11:54:03Z,getcart,70.0,70.0,0,0
2026-10-09T11:54:03Z,postcart,90.0,90.0,0,0
2026-10-09T11:54:03Z,emptycart,10000.0,5.0,0,0
2026-10-09T11:54:04Z,getproduct,175.0,175.0,0,0
2026-10-09T11:54:04Z,postcheckout,30.0,30.0,0,0
2026-10-09T11:54:04Z,getcart,70.0,70.0,0,0
2026-10-09T11:54:04Z,postcart,90.0,90.0,0,0
2026-10-09T11:54:04Z,emptycart,10000.0,5.0,0,0
2026-10-09T11:54:05Z,getproduct,175.0,175.0,1,1
2026-10-09T11:54:05Z,postcheckout,30.0,30.0,1,1
2026-10-09T11:54:05Z,getcart,70.0,70.0,1,1
2026-10-09T11:54:05Z,postcart,90.0,90.0,1,1
2026-10-09T11:54:05Z,emptycart,10000.0,5.0,1,1
2026-10-09T11:54:06Z,getproduct,175.0,175.0,0,0
2026-10-09T11:54:06Z,postcheckout,30.0,30.0,0,0
2026-10-09T11:54:06Z,getcart,70.0,70.0,0,0
2026-10-09T11:54:06Z,postcart,90.0,90.0,0,0
2026-10-09T11:54:06Z,emptycart,10000.0,5.0,0,0
2026-10-09T11:54:07Z,getproduct,175.0,175.0,0,0
2026-10-09T11:54:07Z,postcheckout,30.0,30.0,0,0
2026-10-09T11:54:07Z,getcart,70.0,70.0,0,0
2026-10-09T11:54:07Z,postcart,90.0,90.0,0,0
2026-10-09T11:54:07Z,emptycart,10000.0,5.0,0,0
2026-10-09T11:54:08Z,getproduct,175.0,175.0,0,0
2026-10-09T11:54:08Z,postcheckout,30.0,30.0,0,0
2026-10-09T11:54:08Z,getcart,70.0,70.0,0,0
2026-10-09T11:54:08Z,postcart,90.0,90.0,0,0
2026-10-09T11:54:08Z,emptycart,10000.0,5.0,0,0
2026-10-09T11:54:09Z,getproduct,175.0,175.0,0,0
2026-10-09T11:54:09Z,postcheckout,30.0,30.0,0,0
2026-10-09T11:54:09Z,getcart,70.0,70.0,0,0
2026-10-09T11:54:09Z,postcart,90.0,90.0,0,0
2026-10-09T11:54:09Z,emptycart,10000.0,5.0,0,0
2026-10-09T11:54:10Z,getproduct,10000.0,175.0,1,1
2026-10-09T11:54:10Z,postcheckout,10000.0,30.0,1,1
2026-10-09T11:54:10Z,getcart,10000.0,70.0,1,1
2026-10-09T11:54:10Z,postcart,10000.0,90.0,1,1
2026-10-09T11:54:10Z,emptycart,10000.0,5.0,1,1
2026-10-09T11:54:11Z,getproduct,10000.0,175.0,0,0
2026-10-09T11:54:11Z,postcheckout,10000.0,30.0,0,0
2026-10-09T11:54:11Z,getcart,10000.0,70.0,0,0
2026-10-09T11:54:11Z,postcart,10000.0,90.0,0,0
2026-10-09T11:54:11Z,emptycart,10000.0,5.0,0,0
2026-10-09T11:54:12Z,getproduct,10000.0,175.0,0,0
2026-10-09T11:54:12Z,postcheckout,10000.0,30.0,0,0
2026-10-09T11:54:12Z,getcart,10000.0,70.0,0,0
2026-10-09T11:54:12Z,postcart,10000.0,90.0,0,0
2026-10-09T11:54:12Z,emptycart,10000.0,5.0,0,0
2026-10-09T11:54:13Z,getproduct,10000.0,175.0,0,0
2026-10-09T11:54:13Z,postcheckout,10000.0,30.0,0,0
2026-10-09T11:54:13Z,getcart,10000.0,70.0,0,0
2026-10-09T11:54:13Z,postcart,10000.0,90.0,0,0
2026-10-09T11:54:13Z,emptycart,10000.0,5.0,0,0
2026-10-09T11:54:14Z,getproduct,10000.0,175.0,0,0
2026-10-09T11:54:14Z,postcheckout,10000.0,30.0,0,0
2026-10-09T11:54:14Z,getcart,10000.0,70.0,0,0
2026-10-09T11:54:14Z,postcart,10000.0,90.0,0,0
2026-10-09T11:54:14Z,emptycart,10000.0,5.0,0,0
2026-10-09T11:54:15Z,getproduct,10000.0,175.0,1,1
2026-10-09T11:54:15Z,postcheckout,10000.0,30.0,1,1
2026-10-09T11:54:15Z,getcart,10000.0,70.0,1,1
2026-10-09T11:54:15Z,postcart,10000.0,90.0,1,1
2026-10-09T11:54:15Z,emptycart,10000.0,5.0,1,1
2026-10-09T11:54:16Z,getproduct,10000.0,175.0,0,0
2026-10-09T11:54:16Z,postcheckout,10000.0,30.0,0,0
2026-10-09T11:54:16Z,getcart,10000.0,70.0,0,0
2026-10-09T11:54:16Z,postcart,10000.0,90.0,0,0
2026-10-09T11:54:16Z,emptycart,10000.0,5.0,0,0
2026-10-09T11:54:17Z,getproduct,10000.0,175.0,0,0
2026-10-09T11:54:17Z,postcheckout,10000.0,30.0,0,0
2026-10-09T11:54:17Z,getcart,10000.0,70.0,0,0
2026-10-09T11:54:17Z,postcart,10000.0,90.0,0,0
2026-10-09T11:54:17Z,emptycart,10000.0,5.0,0,0
2026-10-09T11:54:18Z,getproduct,10000.0,175.0,0,0
2026-10-09T11:54:18Z,postcheckout,10000.0,30.0,0,0
2026-10-09T11:54:18Z,getcart,10000.0,70.0,0,0
2026-10-09T11:54:18Z,postcart,10000.0,90.0,0,0
2026-10-09T11:54:18Z,emptycart,10000.0,5.0,0,0
2026-10-09T11:54:19Z,getproduct,10000.0,175.0,0,0
2026-10-09T11:54:19Z,postcheckout,10000.0,30.0,0,0
2026-10-09T11:54:19Z,getcart,10000.0,70.0,0,0
2026-10-09T11:54:19Z,postcart,10000.0,90.0,0,0
2026-10-09T11:54:19Z,emptycart,10000.0,5.0,0,0
2026-10-09T11:54:20Z,getproduct,175.0,175.0,1,1
2026-10-09T11:54:20Z,postcheckout,30.0,30.0,1,1
2026-10-09T11:54:20Z,getcart,70.0,70.0,1,1
2026-10-09T11:54:20Z,postcart,90.0,90.0,1,1
2026-10-09T11:54:20Z,emptycart,10000.0,5.0,1,1
2026-10-09T11:54:21Z,getproduct,10000.0,175.0,1,0
2026-10-09T11:54:21Z,postcheckout,10000.0,30.0,1,0
2026-10-09T11:54:21Z,getcart,10000.0,70.0,1,0
2026-10-09T11:54:21Z,postcart,10000.0,90.0,1,0
2026-10-09T11:54:21Z,emptycart,0.0,5.0,1,0
2026-10-09T11:54:22Z,getproduct,10000.0,175.0,0,0
2026-10-09T11:54:22Z,postcheckout,10000.0,30.0,0,0
2026-10-09T11:54:22Z,getcart,10000.0,70.0,0,0
2026-10-09T11:54:22Z,postcart,10000.0,90.0,0,0
2026-10-09T11:54:22Z,emptycart,0.0,5.0,0,0
2026-10-09T11:54:23Z,getproduct,10000.0,175.0,0,0
2026-10-09T11:54:23Z,postcheckout,10000.0,30.0,0,0
2026-10-09T11:54:23Z,getcart,10000.0,70.0,0,0
2026-10-09T11:54:23Z,postcart,10000.0,90.0,0,0
2026-10-09T11:54:23Z,emptycart,0.0,5.0,0,0
2026-10-09T11:54:24Z,getproduct,10000.0,175.0,0,0
2026-10-09T11:54:24Z,postcheckout,10000.0,30.0,0,0
2026-10-09T11:54:24Z,getcart,10000.0,70.0,0,0
2026-10-09T11:54:24Z,postcart,10000.0,90.0,0,0
2026-10-09T11:54:24Z,emptycart,0.0,5.0,0,0
2026-10-09T11:54:25Z,getproduct,175.0,175.0,1,1
2026-10-09T11:54:25Z,postcheckout,30.0,30.0,1,1
2026-10-09T11:54:25Z,getcart,70.0,70.0,1,1
2026-10-09T11:54:25Z,postcart,90.0,90.0,1,1
2026-10-09T11:54:25Z,emptycart,10000.0,5.0,1,1
2026-10-09T11:54:26Z,getproduct,175.0,175.0,0,0
2026-10-09T11:54:26Z,postcheckout,30.0,30.0,0,0
2026-10-09T11:54:26Z,getcart,70.0,70.0,0,0
2026-10-09T11:54:26Z,postcart,90.0,90.0,0,0
2026-10-09T11:54:26Z,emptycart,10000.0,5.0,0,0
2026-10-09T11:54:27Z,getproduct,175.0,175.0,0,0
2026-10-09T11:54:27Z,postcheckout,30.0,30.0,0,0
2026-10-09T11:54:27Z,getcart,70.0,70.0,0,0
2026-10-09T11:54:27Z,postcart,90.0,90.0,0,0
2026-10-09T11:54:27Z,emptycart,10000.0,5.0,0,0
2026-10-09T11:54:28Z,getproduct,175.0,175.0,0,0
2026-10-09T11:54:28Z,postcheckout,30.0,30.0,0,0
2026-10-09T11:54:28Z,getcart,70.0,70.0,0,0
2026-10-09T11:54:28Z,postcart,90.0,90.0,0,0
2026-10-09T11:54:28Z,emptycart,10000.0,5.0,0,0
2026-10-09T11:54:29Z,getproduct,175.0,175.0,0,0
2026-10-09T11:54:29Z,postcheckout,30.0,30.0,0,0
2026-10-09T11:54:29Z,getcart,70.0,70.0,0,0
2026-10-09T11:54:29Z,postcart,90.0,90.0,0,0
2026-10-09T11:54:29Z,emptycart,10000.0,5.0,0,0
2026-10-09T11:54:30Z,getproduct,175.0,175.0,1,1
2026-10-09T11:54:30Z,postcheckout,30.0,30.0,1,1
2026-10-09T11:54:30Z,getcart,70.0,70.0,1,1
2026-10-09T11:54:30Z,postcart,90.0,90.0,1,1
2026-10-09T11:54:30Z,emptycart,10000.0,5.0,1,1
2026-10-09T11:54:31Z,getproduct,175.0,175.0,0,0
2026-10-09T11:54:31Z,postcheckout,30.0,30.0,0,0
2026-10-09T11:54:31Z,getcart,70.0,70.0,0,0
2026-10-09T11:54:31Z,postcart,90.0,90.0,0,0
2026-10-09T11:54:31Z,emptycart,10000.0,5.0,0,0
2026-10-09T11:54:32Z,getproduct,175.0,175.0,0,0
2026-10-09T11:54:32Z,postcheckout,30.0,30.0,0,0
2026-10-09T11:54:32Z,getcart,70.0,70.0,0,0
2026-10-09T11:54:32Z,postcart,90.0,90.0,0,0
2026-10-09T11:54:32Z,emptycart,10000.0,5.0,0,0
2026-10-09T11:54:33Z,getproduct,175.0,175.0,0,0
2026-10-09T11:54:33Z,postcheckout,30.0,30.0,0,0
2026-10-09T11:54:33Z,getcart,70.0,70.0,0,0
2026-10-09T11:54:33Z,postcart,90.0,90.0,0,0
2026-10-09T11:54:33Z,emptycart,10000.0,5.0,0,0
2026-10-09T11:54:34Z,getproduct,175.0,175.0,0,0
2026-10-09T11:54:34Z,postcheckout,30.0,30.0,0,0
2026-10-09T11:54:34Z,getcart,70.0,70.0,0,0
2026-10-09T11:54:34Z,postcart,90.0,90.0,0,0
2026-10-09T11:54:34Z,emptycart,10000.0,5.0,0,0
2026-10-09T11:54:35Z,getproduct,10000.0,175.0,1,1
2026-10-09T11:54:35Z,postcheckout,10000.0,30.0,1,1
2026-10-09T11:54:35Z,getcart,10000.0,70.0,1,1
2026-10-09T11:54:35Z,postcart,10000.0,90.0,1,1
2026-10-09T11:54:35Z,emptycart,10000.0,5.0,1,1
2026-10-09T11:54:36Z,getproduct,10000.0,175.0,0,0
2026-10-09T11:54:36Z,postcheckout,10000.0,30.0,0,0
2026-10-09T11:54:36Z,getcart,10000.0,70.0,0,0
2026-10-09T11:54:36Z,postcart,10000.0,90.0,0,0
2026-10-09T11:54:36Z,emptycart,10000.0,5.0,0,0
2026-10-09T11:54:37Z,getproduct,10000.0,175.0,0,0
2026-10-09T11:54:37Z,postcheckout,10000.0,30.0,0,0
2026-10-09T11:54:37Z,getcart,10000.0,70.0,0,0
2026-10-09T11:54:37Z,postcart,10000.0,90.0,0,0
2026-10-09T11:54:37Z,emptycart,10000.0,5.0,0,0
2026-10-09T11:54:38Z,getproduct,10000.0,175.0,0,0
2026-10-09T11:54:38Z,postcheckout,10000.0,30.0,0,0
2026-10-09T11:54:38Z,getcart,10000.0,70.0,0,0
2026-10-09T11:54:38Z,postcart,10000.0,90.0,0,0
2026-10-09T11:54:38Z,emptycart,10000.0,5.0,0,0
2026-10-09T11:54:39Z,getproduct,10000.0,175.0,1,0
2026-10-09T11:54:39Z,postcheckout,10000.0,30.0,1,0
2026-10-09T11:54:39Z,getcart,10000.0,70.0,1,0
2026-10-09T11:54:39Z,postcart,10000.0,90.0,1,0
2026-10-09T11:54:39Z,emptycart,0.0,5.0,1,0
2026-10-09T11:54:40Z,getproduct,10000.0,175.0,1,1
2026-10-09T11:54:40Z,postcheckout,10000.0,30.0,1,1
2026-10-09T11:54:40Z,getcart,10000.0,70.0,1,1
2026-10-09T11:54:40Z,postcart,10000.0,90.0,1,1
2026-10-09T11:54:40Z,emptycart,10000.0,5.0,1,1
2026-10-09T11:54:41Z,getproduct,10000.0,175.0,0,0
2026-10-09T11:54:41Z,postcheckout,10000.0,30.0,0,0
2026-10-09T11:54:41Z,getcart,10000.0,70.0,0,0
2026-10-09T11:54:41Z,postcart,10000.0,90.0,0,0
2026-10-09T11:54:41Z,emptycart,10000.0,5.0,0,0
2026-10-09T11:54:42Z,getproduct,10000.0,175.0,0,0
2026-10-09T11:54:42Z,postcheckout,10000.0,30.0,0,0
2026-10-09T11:54:42Z,getcart,10000.0,70.0,0,0
2026-10-09T11:54:42Z,postcart,10000.0,90.0,0,0
2026-10-09T11:54:42Z,emptycart,10000.0,5.0,0,0
2026-10-09T11:54:43Z,getproduct,10000.0,175.0,0,0
2026-10-09T11:54:43Z,postcheckout,10000.0,30.0,0,0
2026-10-09T11:54:43Z,getcart,10000.0,70.0,0,0
2026-10-09T11:54:43Z,postcart,10000.0,90.0,0,0
2026-10-09T11:54:43Z,emptycart,10000.0,5.0,0,0
2026-10-09T11:54:44Z,getproduct,10000.0,175.0,0,0
2026-10-09T11:54:44Z,postcheckout,10000.0,30.0,0,0
2026-10-09T11:54:44Z,getcart,10000.0,70.0,0,0
2026-10-09T11:54:44Z,postcart,10000.0,90.0,0,0
2026-10-09T11:54:44Z,emptycart,10000.0,5.0,0,0
2026-10-09T11:54:45Z,getproduct,175.0,175.0,1,1
2026-10-09T11:54:45Z,postcheckout,30.0,30.0,1,1
2026-10-09T11:54:45Z,getcart,70.0,70.0,1,1
2026-10-09T11:54:45Z,postcart,90.0,90.0,1,1
2026-10-09T11:54:45Z,emptycart,10000.0,5.0,1,1
2026-10-09T11:54:46Z,getproduct,175.0,175.0,0,0
2026-10-09T11:54:46Z,postcheckout,30.0,30.0,0,0
2026-10-09T11:54:46Z,getcart,70.0,70.0,0,0
2026-10-09T11:54:46Z,postcart,90.0,90.0,0,0
2026-10-09T11:54:46Z,emptycart,10000.0,5.0,0,0
2026-10-09T11:54:47Z,getproduct,175.0,175.0,0,0
2026-10-09T11:54:47Z,postcheckout,30.0,30.0,0,0
2026-10-09T11:54:47Z,getcart,70.0,70.0,0,0
2026-10-09T11:54:47Z,postcart,90.0,90.0,0,0
2026-10-09T11:54:47Z,emptycart,10000.0,5.0,0,0
2026-10-09T11:54:48Z,getproduct,0.0,175.0,1,0
2026-10-09T11:54:48Z,postcheckout,0.0,30.0,1,0
2026-10-09T11:54:48Z,getcart,10000.0,70.0,1,0
2026-10-09T11:54:48Z,postcart,0.0,90.0,1,0
2026-10-09T11:54:48Z,emptycart,0.0,5.0,1,0
2026-10-09T11:54:49Z,getproduct,175.0,175.0,1,0
2026-10-09T11:54:49Z,postcheckout,30.0,30.0,1,0
2026-10-09T11:54:49Z,getcart,70.0,70.0,1,0
2026-10-09T11:54:49Z,postcart,90.0,90.0,1,0
2026-10-09T11:54:49Z,emptycart,0.0,5.0,1,0
2026-10-09T11:54:50Z,getproduct,175.0,175.0,1,1
2026-10-09T11:54:50Z,postcheckout,30.0,30.0,1,1
2026-10-09T11:54:50Z,getcart,70.0,70.0,1,1
2026-10-09T11:54:50Z,postcart,90.0,90.0,1,1
2026-10-09T11:54:50Z,emptycart,10000.0,5.0,1,1
2026-10-09T11:54:51Z,getproduct,175.0,175.0,0,0
2026-10-09T11:54:51Z,postcheckout,30.0,30.0,0,0
2026-10-09T11:54:51Z,getcart,70.0,70.0,0,0
2026-10-09T11:54:51Z,postcart,90.0,90.0,0,0
2026-10-09T11:54:51Z,emptycart,10000.0,5.0,0,0
2026-10-09T11:54:52Z,getproduct,175.0,175.0,0,0
2026-10-09T11:54:52Z,postcheckout,30.0,30.0,0,0
2026-10-09T11:54:52Z,getcart,70.0,70.0,0,0
2026-10-09T11:54:52Z,postcart,90.0,90.0,0,0
2026-10-09T11:54:52Z,emptycart,10000.0,5.0,0,0
2026-10-09T11:54:53Z,getproduct,175.0,175.0,0,0
2026-10-09T11:54:53Z,postcheckout,30.0,30.0,0,0
2026-10-09T11:54:53Z,getcart,70.0,70.0,0,0
2026-10-09T11:54:53Z,postcart,90.0,90.0,0,0
2026-10-09T11:54:53Z,emptycart,10000.0,5.0,0,0
2026-10-09T11:54:54Z,getproduct,175.0,175.0,0,0
2026-10-09T11:54:54Z,postcheckout,30.0,30.0,0,0
2026-10-09T11:54:54Z,getcart,70.0,70.0,0,0
2026-10-09T11:54:54Z,postcart,90.0,90.0,0,0
2026-10-09T11:54:54Z,emptycart,10000.0,5.0,0,0
2026-10-09T11:54:55Z,getproduct,175.0,175.0,1,1
2026-10-09T11:54:55Z,postcheckout,30.0,30.0,1,1
2026-10-09T11:54:55Z,getcart,70.0,70.0,1,1
2026-10-09T11:54:55Z,postcart,90.0,90.0,1,1
2026-10-09T11:54:55Z,emptycart,10000.0,5.0,1,1
2026-10-09T11:54:56Z,getproduct,175.0,175.0,0,0
2026-10-09T11:54:56Z,postcheckout,30.0,30.0,0,0
2026-10-09T11:54:56Z,getcart,70.0,70.0,0,0
2026-10-09T11:54:56Z,postcart,90.0,90.0,0,0
2026-10-09T11:54:56Z,emptycart,10000.0,5.0,0,0
2026-10-09T11:54:57Z,getproduct,175.0,175.0,0,0
2026-10-09T11:54:57Z,postcheckout,30.0,30.0,0,0
2026-10-09T11:54:57Z,getcart,70.0,70.0,0,0
2026-10-09T11:54:57Z,postcart,90.0,90.0,0,0
2026-10-09T11:54:57Z,emptycart,10000.0,5.0,0,0
2026-10-09T11:54:58Z,getproduct,175.0,175.0,1,0
2026-10-09T11:54:58Z,postcheckout,0.0,30.0,1,0
2026-10-09T11:54:58Z,getcart,70.0,70.0,1,0
2026-10-09T11:54:58Z,postcart,0.0,90.0,1,0
2026-10-09T11:54:58Z,emptycart,0.0,5.0,1,0
2026-10-09T11:54:59Z,getproduct,175.0,175.0,0,0
2026-10-09T11:54:59Z,postcheckout,0.0,30.0,0,0
2026-10-09T11:54:59Z,getcart,70.0,70.0,0,0
2026-10-09T11:54:59Z,postcart,0.0,90.0,0,0
2026-10-09T11:54:59Z,emptycart,0.0,5.0,0,0
2026-10-09T11:55:00Z,getproduct,10000.0,175.0,1,1
2026-10-09T11:55:00Z,postcheckout,10000.0,30.0,1,1
2026-10-09T11:55:00Z,getcart,10000.0,70.0,1,1
2026-10-09T11:55:00Z,postcart,10000.0,90.0,1,1
2026-10-09T11:55:00Z,emptycart,10000.0,5.0,1,1
2026-10-09T11:55:01Z,getproduct,10000.0,175.0,0,0
2026-10-09T11:55:01Z,postcheckout,10000.0,30.0,0,0
2026-10-09T11:55:01Z,getcart,10000.0,70.0,0,0
2026-10-09T11:55:01Z,postcart,10000.0,90.0,0,0
2026-10-09T11:55:01Z,emptycart,10000.0,5.0,0,0
2026-10-09T11:55:02Z,getproduct,10000.0,175.0,0,0
2026-10-09T11:55:02Z,postcheckout,10000.0,30.0,0,0
2026-10-09T11:55:02Z,getcart,10000.0,70.0,0,0
2026-10-09T11:55:02Z,postcart,10000.0,90.0,0,0
2026-10-09T11:55:02Z,emptycart,10000.0,5.0,0,0
2026-10-09T11:55:03Z,getproduct,10000.0,175.0,0,0
2026-10-09T11:55:03Z,postcheckout,10000.0,30.0,0,0
2026-10-09T11:55:03Z,getcart,10000.0,70.0,0,0
2026-10-09T11:55:03Z,postcart,10000.0,90.0,0,0
2026-10-09T11:55:03Z,emptycart,10000.0,5.0,0,0
2026-10-09T11:55:04Z,getproduct,10000.0,175.0,1,0
2026-10-09T11:55:04Z,postcheckout,10000.0,30.0,1,0
2026-10-09T11:55:04Z,getcart,10000.0,70.0,1,0
2026-10-09T11:55:04Z,postcart,10000.0,90.0,1,0
2026-10-09T11:55:04Z,emptycart,0.0,5.0,1,0
2026-10-09T11:55:05Z,getproduct,10000.0,175.0,1,1
2026-10-09T11:55:05Z,postcheckout,10000.0,30.0,1,1
2026-10-09T11:55:05Z,getcart,10000.0,70.0,1,1
2026-10-09T11:55:05Z,postcart,10000.0,90.0,1,1
2026-10-09T11:55:05Z,emptycart,10000.0,5.0,1,1
2026-10-09T11:55:06Z,getproduct,10000.0,175.0,0,0
2026-10-09T11:55:06Z,postcheckout,10000.0,30.0,0,0
2026-10-09T11:55:06Z,getcart,10000.0,70.0,0,0
2026-10-09T11:55:06Z,postcart,10000.0,90.0,0,0
2026-10-09T11:55:06Z,emptycart,10000.0,5.0,0,0
2026-10-09T11:55:07Z,getproduct,10000.0,175.0,0,0
2026-10-09T11:55:07Z,postcheckout,10000.0,30.0,0,0
2026-10-09T11:55:07Z,getcart,10000.0,70.0,0,0
2026-10-09T11:55:07Z,postcart,10000.0,90.0,0,0
2026-10-09T11:55:07Z,emptycart,10000.0,5.0,0,0
2026-10-09T11:55:08Z,getproduct,10000.0,175.0,0,0
2026-10-09T11:55:08Z,postcheckout,10000.0,30.0,0,0
2026-10-09T11:55:08Z,getcart,10000.0,70.0,0,0
2026-10-09T11:55:08Z,postcart,10000.0,90.0,0,0
2026-10-09T11:55:08Z,emptycart,10000.0,5.0,0,0
2026-10-09T11:55:09Z,getproduct,10000.0,175.0,0,0
2026-10-09T11:55:09Z,postcheckout,10000.0,30.0,0,0
2026-10-09T11:55:09Z,getcart,10000.0,70.0,0,0
2026-10-09T11:55:09Z,postcart,10000.0,90.0,0,0
2026-10-09T11:55:09Z,emptycart,10000.0,5.0,0,0
2026-10-09T11:55:10Z,getproduct,175.0,175.0,1,1
2026-10-09T11:55:10Z,postcheckout,30.0,30.0,1,1
2026-10-09T11:55:10Z,getcart,70.0,70.0,1,1
2026-10-09T11:55:10Z,postcart,90.0,90.0,1,1
2026-10-09T11:55:10Z,emptycart,10000.0,5.0,1,1
2026-10-09T11:55:11Z,getproduct,175.0,175.0,0,0
2026-10-09T11:55:11Z,postcheckout,30.0,30.0,0,0
2026-10-09T11:55:11Z,getcart,70.0,70.0,0,0
2026-10-09T11:55:11Z,postcart,90.0,90.0,0,0
2026-10-09T11:55:11Z,emptycart,10000.0,5.0,0,0
2026-10-09T11:55:12Z,getproduct,175.0,175.0,0,0
2026-10-09T11:55:12Z,postcheckout,30.0,30.0,0,0
2026-10-09T11:55:12Z,getcart,70.0,70.0,0,0
2026-10-09T11:55:12Z,postcart,90.0,90.0,0,0
2026-10-09T11:55:12Z,emptycart,10000.0,5.0,0,0
2026-10-09T11:55:13Z,getproduct,10000.0,175.0,1,0
2026-10-09T11:55:13Z,postcheckout,10000.0,30.0,1,0
2026-10-09T11:55:13Z,getcart,10000.0,70.0,1,0
2026-10-09T11:55:13Z,postcart,10000.0,90.0,1,0
2026-10-09T11:55:13Z,emptycart,0.0,5.0,1,0
2026-10-09T11:55:14Z,getproduct,10000.0,175.0,0,0
2026-10-09T11:55:14Z,postcheckout,10000.0,30.0,0,0
2026-10-09T11:55:14Z,getcart,10000.0,70.0,0,0
2026-10-09T11:55:14Z,postcart,10000.0,90.0,0,0
2026-10-09T11:55:14Z,emptycart,0.0,5.0,0,0
2026-10-09T11:55:15Z,getproduct,175.0,175.0,1,1
2026-10-09T11:55:15Z,postcheckout,30.0,30.0,1,1
2026-10-09T11:55:15Z,getcart,70.0,70.0,1,1
2026-10-09T11:55:15Z,postcart,90.0,90.0,1,1
2026-10-09T11:55:15Z,emptycart,10000.0,5.0,1,1
2026-10-09T11:55:16Z,getproduct,175.0,175.0,0,0
2026-10-09T11:55:16Z,postcheckout,30.0,30.0,0,0
2026-10-09T11:55:16Z,getcart,70.0,70.0,0,0
2026-10-09T11:55:16Z,postcart,90.0,90.0,0,0
2026-10-09T11:55:16Z,emptycart,10000.0,5.0,0,0
2026-10-09T11:55:17Z,getproduct,175.0,175.0,0,0
2026-10-09T11:55:17Z,postcheckout,30.0,30.0,0,0
2026-10-09T11:55:17Z,getcart,70.0,70.0,0,0
2026-10-09T11:55:17Z,postcart,90.0,90.0,0,0
2026-10-09T11:55:17Z,emptycart,10000.0,5.0,0,0
2026-10-09T11:55:18Z,getproduct,175.0,175.0,0,0
2026-10-09T11:55:18Z,postcheckout,30.0,30.0,0,0
2026-10-09T11:55:18Z,getcart,70.0,70.0,0,0
2026-10-09T11:55:18Z,postcart,90.0,90.0,0,0
2026-10-09T11:55:18Z,emptycart,10000.0,5.0,0,0
2026-10-09T11:55:19Z,getproduct,175.0,175.0,0,0
2026-10-09T11:55:19Z,postcheckout,30.0,30.0,0,0
2026-10-09T11:55:19Z,getcart,70.0,70.0,0,0
2026-10-09T11:55:19Z,postcart,90.0,90.0,0,0
2026-10-09T11:55:19Z,emptycart,10000.0,5.0,0,0
2026-10-09T11:55:20Z,getproduct,175.0,175.0,1,1
2026-10-09T11:55:20Z,postcheckout,30.0,30.0,1,1
2026-10-09T11:55:20Z,getcart,70.0,70.0,1,1
2026-10-09T11:55:20Z,postcart,90.0,90.0,1,1
2026-10-09T11:55:20Z,emptycart,10000.0,5.0,1,1
2026-10-09T11:55:21Z,getproduct,175.0,175.0,0,0
2026-10-09T11:55:21Z,postcheckout,30.0,30.0,0,0
2026-10-09T11:55:21Z,getcart,70.0,70.0,0,0
2026-10-09T11:55:21Z,postcart,90.0,90.0,0,0
2026-10-09T11:55:21Z,emptycart,10000.0,5.0,0,0
2026-10-09T11:55:22Z,getproduct,10000.0,175.0,1,0
2026-10-09T11:55:22Z,postcheckout,10000.0,30.0,1,0
2026-10-09T11:55:22Z,getcart,10000.0,70.0,1,0
2026-10-09T11:55:22Z,postcart,10000.0,90.0,1,0
2026-10-09T11:55:22Z,emptycart,0.0,5.0,1,0
2026-10-09T11:55:23Z,getproduct,10000.0,175.0,0,0
2026-10-09T11:55:23Z,postcheckout,10000.0,30.0,0,0
2026-10-09T11:55:23Z,getcart,10000.0,70.0,0,0
2026-10-09T11:55:23Z,postcart,10000.0,90.0,0,0
2026-10-09T11:55:23Z,emptycart,0.0,5.0,0,0
2026-10-09T11:55:24Z,getproduct,10000.0,175.0,0,0
2026-10-09T11:55:24Z,postcheckout,10000.0,30.0,0,0
2026-10-09T11:55:24Z,getcart,10000.0,70.0,0,0
2026-10-09T11:55:24Z,postcart,10000.0,90.0,0,0
2026-10-09T11:55:24Z,emptycart,0.0,5.0,0,0
2026-10-09T11:55:25Z,getproduct,10000.0,175.0,1,1
2026-10-09T11:55:25Z,postcheckout,10000.0,30.0,1,1
2026-10-09T11:55:25Z,getcart,10000.0,70.0,1,1
2026-10-09T11:55:25Z,postcart,10000.0,90.0,1,1
2026-10-09T11:55:25Z,emptycart,10000.0,5.0,1,1
2026-10-09T11:55:26Z,getproduct,10000.0,175.0,0,0
2026-10-09T11:55:26Z,postcheckout,10000.0,30.0,0,0
2026-10-09T11:55:26Z,getcart,10000.0,70.0,0,0
2026-10-09T11:55:26Z,postcart,10000.0,90.0,0,0
2026-10-09T11:55:26Z,emptycart,10000.0,5.0,0,0
2026-10-09T11:55:27Z,getproduct,10000.0,175.0,0,0
2026-10-09T11:55:27Z,postcheckout,10000.0,30.0,0,0
2026-10-09T11:55:27Z,getcart,10000.0,70.0,0,0
2026-10-09T11:55:27Z,postcart,10000.0,90.0,0,0
2026-10-09T11:55:27Z,emptycart,10000.0,5.0,0,0
2026-10-09T11:55:28Z,getproduct,10000.0,175.0,0,0
2026-10-09T11:55:28Z,postcheckout,10000.0,30.0,0,0
2026-10-09T11:55:28Z,getcart,10000.0,70.0,0,0
2026-10-09T11:55:28Z,postcart,10000.0,90.0,0,0
2026-10-09T11:55:28Z,emptycart,10000.0,5.0,0,0
2026-10-09T11:55:29Z,getproduct,10000.0,175.0,0,0
2026-10-09T11:55:29Z,postcheckout,10000.0,30.0,0,0
2026-10-09T11:55:29Z,getcart,10000.0,70.0,0,0
2026-10-09T11:55:29Z,postcart,10000.0,90.0,0,0
2026-10-09T11:55:29Z,emptycart,10000.0,5.0,0,0
2026-10-09T11:55:30Z,getproduct,10000.0,175.0,1,1
2026-10-09T11:55:30Z,postcheckout,10000.0,30.0,1,1
2026-10-09T11:55:30Z,getcart,10000.0,70.0,1,1
2026-10-09T11:55:30Z,postcart,10000.0,90.0,1,1
2026-10-09T11:55:30Z,emptycart,10000.0,5.0,1,1
2026-10-09T11:55:31Z,getproduct,10000.0,175.0,0,0
2026-10-09T11:55:31Z,postcheckout,10000.0,30.0,0,0
2026-10-09T11:55:31Z,getcart,10000.0,70.0,0,0
2026-10-09T11:55:31Z,postcart,10000.0,90.0,0,0
2026-10-09T11:55:31Z,emptycart,10000.0,5.0,0,0
2026-10-09T11:55:32Z,getproduct,175.0,175.0,1,0
2026-10-09T11:55:32Z,postcheckout,0.0,30.0,1,0
2026-10-09T11:55:32Z,getcart,70.0,70.0,1,0
2026-10-09T11:55:32Z,postcart,90.0,90.0,1,0
2026-10-09T11:55:32Z,emptycart,0.0,5.0,1,0
2026-10-09T11:55:33Z,getproduct,175.0,175.0,0,0
2026-10-09T11:55:33Z,postcheckout,0.0,30.0,0,0
2026-10-09T11:55:33Z,getcart,70.0,70.0,0,0
2026-10-09T11:55:33Z,postcart,90.0,90.0,0,0
2026-10-09T11:55:33Z,emptycart,0.0,5.0,0,0
2026-10-09T11:55:34Z,getproduct,175.0,175.0,0,0
2026-10-09T11:55:34Z,postcheckout,0.0,30.0,0,0
2026-10-09T11:55:34Z,getcart,70.0,70.0,0,0
2026-10-09T11:55:34Z,postcart,90.0,90.0,0,0
2026-10-09T11:55:34Z,emptycart,0.0,5.0,0,0
2026-10-09T11:55:35Z,getproduct,175.0,175.0,1,1
2026-10-09T11:55:35Z,postcheckout,30.0,30.0,1,1
2026-10-09T11:55:35Z,getcart,70.0,70.0,1,1
2026-10-09T11:55:35Z,postcart,90.0,90.0,1,1
2026-10-09T11:55:35Z,emptycart,10000.0,5.0,1,1
2026-10-09T11:55:36Z,getproduct,175.0,175.0,0,0
2026-10-09T11:55:36Z,postcheckout,30.0,30.0,0,0
2026-10-09T11:55:36Z,getcart,70.0,70.0,0,0
2026-10-09T11:55:36Z,postcart,90.0,90.0,0,0
2026-10-09T11:55:36Z,emptycart,10000.0,5.0,0,0
2026-10-09T11:55:37Z,getproduct,175.0,175.0,0,0
2026-10-09T11:55:37Z,postcheckout,30.0,30.0,0,0
2026-10-09T11:55:37Z,getcart,70.0,70.0,0,0
2026-10-09T11:55:37Z,postcart,90.0,90.0,0,0
2026-10-09T11:55:37Z,emptycart,10000.0,5.0,0,0
2026-10-09T11:55:38Z,getproduct,10000.0,175.0,1,0
2026-10-09T11:55:38Z,postcheckout,10000.0,30.0,1,0
2026-10-09T11:55:38Z,getcart,10000.0,70.0,1,0
2026-10-09T11:55:38Z,postcart,10000.0,90.0,1,0
2026-10-09T11:55:38Z,emptycart,0.0,5.0,1,0
2026-10-09T11:55:39Z,getproduct,10000.0,175.0,0,0
2026-10-09T11:55:39Z,postcheckout,10000.0,30.0,0,0
2026-10-09T11:55:39Z,getcart,10000.0,70.0,0,0
2026-10-09T11:55:39Z,postcart,10000.0,90.0,0,0
2026-10-09T11:55:39Z,emptycart,0.0,5.0,0,0
2026-10-09T11:55:40Z,getproduct,175.0,175.0,1,1
2026-10-09T11:55:40Z,postcheckout,30.0,30.0,1,1
2026-10-09T11:55:40Z,getcart,70.0,70.0,1,1
2026-10-09T11:55:40Z,postcart,90.0,90.0,1,1
2026-10-09T11:55:40Z,emptycart,10000.0,5.0,1,1
2026-10-09T11:55:41Z,getproduct,175.0,175.0,0,0
2026-10-09T11:55:41Z,postcheckout,30.0,30.0,0,0
2026-10-09T11:55:41Z,getcart,70.0,70.0,0,0
2026-10-09T11:55:41Z,postcart,90.0,90.0,0,0
2026-10-09T11:55:41Z,emptycart,10000.0,5.0,0,0
2026-10-09T11:55:42Z,getproduct,175.0,175.0,0,0
2026-10-09T11:55:42Z,postcheckout,30.0,30.0,0,0
2026-10-09T11:55:42Z,getcart,70.0,70.0,0,0
2026-10-09T11:55:42Z,postcart,90.0,90.0,0,0
2026-10-09T11:55:42Z,emptycart,10000.0,5.0,0,0
2026-10-09T11:55:43Z,getproduct,175.0,175.0,0,0
2026-10-09T11:55:43Z,postcheckout,30.0,30.0,0,0
2026-10-09T11:55:43Z,getcart,70.0,70.0,0,0
2026-10-09T11:55:43Z,postcart,90.0,90.0,0,0
2026-10-09T11:55:43Z,emptycart,10000.0,5.0,0,0
2026-10-09T11:55:44Z,getproduct,175.0,175.0,0,0
2026-10-09T11:55:44Z,postcheckout,30.0,30.0,0,0
2026-10-09T11:55:44Z,getcart,70.0,70.0,0,0
2026-10-09T11:55:44Z,postcart,90.0,90.0,0,0
2026-10-09T11:55:44Z,emptycart,10000.0,5.0,0,0
2026-10-09T11:55:45Z,getproduct,10000.0,175.0,1,1
2026-10-09T11:55:45Z,postcheckout,10000.0,30.0,1,1
2026-10-09T11:55:45Z,getcart,10000.0,70.0,1,1
2026-10-09T11:55:45Z,postcart,10000.0,90.0,1,1
2026-10-09T11:55:45Z,emptycart,10000.0,5.0,1,1
2026-10-09T11:55:46Z,getproduct,10000.0,175.0,0,0
2026-10-09T11:55:46Z,postcheckout,10000.0,30.0,0,0
2026-10-09T11:55:46Z,getcart,10000.0,70.0,0,0
2026-10-09T11:55:46Z,postcart,10000.0,90.0,0,0
2026-10-09T11:55:46Z,emptycart,10000.0,5.0,0,0
2026-10-09T11:55:47Z,getproduct,10000.0,175.0,0,0
2026-10-09T11:55:47Z,postcheckout,10000.0,30.0,0,0
2026-10-09T11:55:47Z,getcart,10000.0,70.0,0,0
2026-10-09T11:55:47Z,postcart,10000.0,90.0,0,0
2026-10-09T11:55:47Z,emptycart,10000.0,5.0,0,0
2026-10-09T11:55:48Z,getproduct,10000.0,175.0,0,0
2026-10-09T11:55:48Z,postcheckout,10000.0,30.0,0,0
2026-10-09T11:55:48Z,getcart,10000.0,70.0,0,0
2026-10-09T11:55:48Z,postcart,10000.0,90.0,0,0
2026-10-09T11:55:48Z,emptycart,10000.0,5.0,0,0
2026-10-09T11:55:49Z,getproduct,10000.0,175.0,0,0
2026-10-09T11:55:49Z,postcheckout,10000.0,30.0,0,0
2026-10-09T11:55:49Z,getcart,10000.0,70.0,0,0
2026-10-09T11:55:49Z,postcart,10000.0,90.0,0,0
2026-10-09T11:55:49Z,emptycart,10000.0,5.0,0,0
2026-10-09T11:55:50Z,getproduct,10000.0,175.0,1,1
2026-10-09T11:55:50Z,postcheckout,10000.0,30.0,1,1
2026-10-09T11:55:50Z,getcart,10000.0,70.0,1,1
2026-10-09T11:55:50Z,postcart,10000.0,90.0,1,1
2026-10-09T11:55:50Z,emptycart,10000.0,5.0,1,1
2026-10-09T11:55:51Z,getproduct,10000.0,175.0,0,0
2026-10-09T11:55:51Z,postcheckout,10000.0,30.0,0,0
2026-10-09T11:55:51Z,getcart,10000.0,70.0,0,0
2026-10-09T11:55:51Z,postcart,10000.0,90.0,0,0
2026-10-09T11:55:51Z,emptycart,10000.0,5.0,0,0
2026-10-09T11:55:52Z,getproduct,175.0,175.0,1,0
2026-10-09T11:55:52Z,postcheckout,0.0,30.0,1,0
2026-10-09T11:55:52Z,getcart,70.0,70.0,1,0
2026-10-09T11:55:52Z,postcart,0.0,90.0,1,0
2026-10-09T11:55:52Z,emptycart,0.0,5.0,1,0
2026-10-09T11:55:53Z,getproduct,175.0,175.0,0,0
2026-10-09T11:55:53Z,postcheckout,0.0,30.0,0,0
2026-10-09T11:55:53Z,getcart,70.0,70.0,0,0
2026-10-09T11:55:53Z,postcart,0.0,90.0,0,0
2026-10-09T11:55:53Z,emptycart,0.0,5.0,0,0
2026-10-09T11:55:54Z,getproduct,175.0,175.0,0,0
2026-10-09T11:55:54Z,postcheckout,0.0,30.0,0,0
2026-10-09T11:55:54Z,getcart,70.0,70.0,0,0
2026-10-09T11:55:54Z,postcart,0.0,90.0,0,0
2026-10-09T11:55:54Z,emptycart,0.0,5.0,0,0
2026-10-09T11:55:55Z,getproduct,175.0,175.0,1,1
2026-10-09T11:55:55Z,postcheckout,30.0,30.0,1,1
2026-10-09T11:55:55Z,getcart,70.0,70.0,1,1
2026-10-09T11:55:55Z,postcart,90.0,90.0,1,1
2026-10-09T11:55:55Z,emptycart,10000.0,5.0,1,1
2026-10-09T11:55:56Z,getproduct,175.0,175.0,0,0
2026-10-09T11:55:56Z,postcheckout,30.0,30.0,0,0
2026-10-09T11:55:56Z,getcart,70.0,70.0,0,0
2026-10-09T11:55:56Z,postcart,90.0,90.0,0,0
2026-10-09T11:55:56Z,emptycart,10000.0,5.0,0,0
2026-10-09T11:55:57Z,getproduct,175.0,175.0,0,0
2026-10-09T11:55:57Z,postcheckout,30.0,30.0,0,0
2026-10-09T11:55:57Z,getcart,70.0,70.0,0,0
2026-10-09T11:55:57Z,postcart,90.0,90.0,0,0
2026-10-09T11:55:57Z,emptycart,10000.0,5.0,0,0
2026-10-09T11:55:58Z,getproduct,10000.0,175.0,1,0
2026-10-09T11:55:58Z,postcheckout,10000.0,30.0,1,0
2026-10-09T11:55:58Z,getcart,10000.0,70.0,1,0
2026-10-09T11:55:58Z,postcart,10000.0,90.0,1,0
2026-10-09T11:55:58Z,emptycart,0.0,5.0,1,0
2026-10-09T11:55:59Z,getproduct,10000.0,175.0,0,0
2026-10-09T11:55:59Z,postcheckout,10000.0,30.0,0,0
2026-10-09T11:55:59Z,getcart,10000.0,70.0,0,0
2026-10-09T11:55:59Z,postcart,10000.0,90.0,0,0
2026-10-09T11:55:59Z,emptycart,0.0,5.0,0,0
2026-10-09T11:56:00Z,getproduct,175.0,175.0,1,1
2026-10-09T11:56:00Z,postcheckout,30.0,30.0,1,1
2026-10-09T11:56:00Z,getcart,70.0,70.0,1,1
2026-10-09T11:56:00Z,postcart,90.0,90.0,1,1
2026-10-09T11:56:00Z,emptycart,10000.0,5.0,1,1
2026-10-09T11:56:01Z,getproduct,175.0,175.0,0,0
2026-10-09T11:56:01Z,postcheckout,30.0,30.0,0,0
2026-10-09T11:56:01Z,getcart,70.0,70.0,0,0
2026-10-09T11:56:01Z,postcart,90.0,90.0,0,0
2026-10-09T11:56:01Z,emptycart,10000.0,5.0,0,0
2026-10-09T11:56:02Z,getproduct,175.0,175.0,0,0
2026-10-09T11:56:02Z,postcheckout,30.0,30.0,0,0
2026-10-09T11:56:02Z,getcart,70.0,70.0,0,0
2026-10-09T11:56:02Z,postcart,90.0,90.0,0,0
2026-10-09T11:56:02Z,emptycart,10000.0,5.0,0,0
2026-10-09T11:56:03Z,getproduct,175.0,175.0,0,0
2026-10-09T11:56:03Z,postcheckout,30.0,30.0,0,0
2026-10-09T11:56:03Z,getcart,70.0,70.0,0,0
2026-10-09T11:56:03Z,postcart,90.0,90.0,0,0
2026-10-09T11:56:03Z,emptycart,10000.0,5.0,0,0
2026-10-09T11:56:04Z,getproduct,175.0,175.0,0,0
2026-10-09T11:56:04Z,postcheckout,30.0,30.0,0,0
2026-10-09T11:56:04Z,getcart,70.0,70.0,0,0
2026-10-09T11:56:04Z,postcart,90.0,90.0,0,0
2026-10-09T11:56:04Z,emptycart,10000.0,5.0,0,0
2026-10-09T11:56:05Z,getproduct,175.0,175.0,1,1
2026-10-09T11:56:05Z,postcheckout,30.0,30.0,1,1
2026-10-09T11:56:05Z,getcart,70.0,70.0,1,1
2026-10-09T11:56:05Z,postcart,90.0,90.0,1,1
2026-10-09T11:56:05Z,emptycart,10000.0,5.0,1,1
2026-10-09T11:56:06Z,getproduct,175.0,175.0,0,0
2026-10-09T11:56:06Z,postcheckout,30.0,30.0,0,0
2026-10-09T11:56:06Z,getcart,70.0,70.0,0,0
2026-10-09T11:56:06Z,postcart,90.0,90.0,0,0
2026-10-09T11:56:06Z,emptycart,10000.0,5.0,0,0
2026-10-09T11:56:07Z,getproduct,10000.0,175.0,1,0
2026-10-09T11:56:07Z,postcheckout,0.0,30.0,1,0
2026-10-09T11:56:07Z,getcart,10000.0,70.0,1,0
2026-10-09T11:56:07Z,postcart,10000.0,90.0,1,0
2026-10-09T11:56:07Z,emptycart,0.0,5.0,1,0
2026-10-09T11:56:08Z,getproduct,10000.0,175.0,0,0
2026-10-09T11:56:08Z,postcheckout,0.0,30.0,0,0
2026-10-09T11:56:08Z,getcart,10000.0,70.0,0,0
2026-10-09T11:56:08Z,postcart,10000.0,90.0,0,0
2026-10-09T11:56:08Z,emptycart,0.0,5.0,0,0
2026-10-09T11:56:09Z,getproduct,10000.0,175.0,0,0
2026-10-09T11:56:09Z,postcheckout,0.0,30.0,0,0
2026-10-09T11:56:09Z,getcart,10000.0,70.0,0,0
2026-10-09T11:56:09Z,postcart,10000.0,90.0,0,0
2026-10-09T11:56:09Z,emptycart,0.0,5.0,0,0
2026-10-09T11:56:10Z,getproduct,10000.0,175.0,1,1
2026-10-09T11:56:10Z,postcheckout,10000.0,30.0,1,1
2026-10-09T11:56:10Z,getcart,10000.0,70.0,1,1
2026-10-09T11:56:10Z,postcart,10000.0,90.0,1,1
2026-10-09T11:56:10Z,emptycart,10000.0,5.0,1,1
2026-10-09T11:56:11Z,getproduct,10000.0,175.0,0,0
2026-10-09T11:56:11Z,postcheckout,10000.0,30.0,0,0
2026-10-09T11:56:11Z,getcart,10000.0,70.0,0,0
2026-10-09T11:56:11Z,postcart,10000.0,90.0,0,0
2026-10-09T11:56:11Z,emptycart,10000.0,5.0,0,0
2026-10-09T11:56:12Z,getproduct,10000.0,175.0,0,0
2026-10-09T11:56:12Z,postcheckout,10000.0,30.0,0,0
2026-10-09T11:56:12Z,getcart,10000.0,70.0,0,0
2026-10-09T11:56:12Z,postcart,10000.0,90.0,0,0
2026-10-09T11:56:12Z,emptycart,10000.0,5.0,0,0
2026-10-09T11:56:13Z,getproduct,10000.0,175.0,0,0
2026-10-09T11:56:13Z,postcheckout,10000.0,30.0,0,0
2026-10-09T11:56:13Z,getcart,10000.0,70.0,0,0
2026-10-09T11:56:13Z,postcart,10000.0,90.0,0,0
2026-10-09T11:56:13Z,emptycart,10000.0,5.0,0,0
2026-10-09T11:56:14Z,getproduct,10000.0,175.0,0,0
2026-10-09T11:56:14Z,postcheckout,10000.0,30.0,0,0
2026-10-09T11:56:14Z,getcart,10000.0,70.0,0,0
2026-10-09T11:56:14Z,postcart,10000.0,90.0,0,0
2026-10-09T11:56:14Z,emptycart,10000.0,5.0,0,0
2026-10-09T11:56:15Z,getproduct,175.0,175.0,1,1
2026-10-09T11:56:15Z,postcheckout,30.0,30.0,1,1
2026-10-09T11:56:15Z,getcart,70.0,70.0,1,1
2026-10-09T11:56:15Z,postcart,90.0,90.0,1,1
2026-10-09T11:56:15Z,emptycart,10000.0,5.0,1,1
2026-10-09T11:56:16Z,getproduct,10000.0,175.0,1,0
2026-10-09T11:56:16Z,postcheckout,10000.0,30.0,1,0
2026-10-09T11:56:16Z,getcart,10000.0,70.0,1,0
2026-10-09T11:56:16Z,postcart,10000.0,90.0,1,0
2026-10-09T11:56:16Z,emptycart,0.0,5.0,1,0
2026-10-09T11:56:17Z,getproduct,10000.0,175.0,0,0
2026-10-09T11:56:17Z,postcheckout,10000.0,30.0,0,0
2026-10-09T11:56:17Z,getcart,10000.0,70.0,0,0
2026-10-09T11:56:17Z,postcart,10000.0,90.0,0,0
2026-10-09T11:56:17Z,emptycart,0.0,5.0,0,0
2026-10-09T11:56:18Z,getproduct,10000.0,175.0,0,0
2026-10-09T11:56:18Z,postcheckout,10000.0,30.0,0,0
2026-10-09T11:56:18Z,getcart,10000.0,70.0,0,0
2026-10-09T11:56:18Z,postcart,10000.0,90.0,0,0
2026-10-09T11:56:18Z,emptycart,0.0,5.0,0,0
2026-10-09T11:56:19Z,getproduct,10000.0,175.0,0,0
2026-10-09T11:56:19Z,postcheckout,10000.0,30.0,0,0
2026-10-09T11:56:19Z,getcart,10000.0,70.0,0,0
2026-10-09T11:56:19Z,postcart,10000.0,90.0,0,0
2026-10-09T11:56:19Z,emptycart,0.0,5.0,0,0
2026-10-09T11:56:20Z,getproduct,175.0,175.0,1,1
2026-10-09T11:56:20Z,postcheckout,30.0,30.0,1,1
2026-10-09T11:56:20Z,getcart,70.0,70.0,1,1
2026-10-09T11:56:20Z,postcart,90.0,90.0,1,1
2026-10-09T11:56:20Z,emptycart,10000.0,5.0,1,1
2026-10-09T11:56:21Z,getproduct,175.0,175.0,0,0
2026-10-09T11:56:21Z,postcheckout,30.0,30.0,0,0
2026-10-09T11:56:21Z,getcart,70.0,70.0,0,0
2026-10-09T11:56:21Z,postcart,90.0,90.0,0,0
2026-10-09T11:56:21Z,emptycart,10000.0,5.0,0,0
2026-10-09T11:56:22Z,getproduct,175.0,175.0,0,0
2026-10-09T11:56:22Z,postcheckout,30.0,30.0,0,0
2026-10-09T11:56:22Z,getcart,70.0,70.0,0,0
2026-10-09T11:56:22Z,postcart,90.0,90.0,0,0
2026-10-09T11:56:22Z,emptycart,10000.0,5.0,0,0
2026-10-09T11:56:23Z,getproduct,175.0,175.0,0,0
2026-10-09T11:56:23Z,postcheckout,30.0,30.0,0,0
2026-10-09T11:56:23Z,getcart,70.0,70.0,0,0
2026-10-09T11:56:23Z,postcart,90.0,90.0,0,0
2026-10-09T11:56:23Z,emptycart,10000.0,5.0,0,0
2026-10-09T11:56:24Z,getproduct,175.0,175.0,0,0
2026-10-09T11:56:24Z,postcheckout,30.0,30.0,0,0
2026-10-09T11:56:24Z,getcart,70.0,70.0,0,0
2026-10-09T11:56:24Z,postcart,90.0,90.0,0,0
2026-10-09T11:56:24Z,emptycart,10000.0,5.0,0,0
2026-10-09T11:56:25Z,getproduct,175.0,175.0,1,1
2026-10-09T11:56:25Z,postcheckout,30.0,30.0,1,1
2026-10-09T11:56:25Z,getcart,70.0,70.0,1,1
2026-10-09T11:56:25Z,postcart,90.0,90.0,1,1
2026-10-09T11:56:25Z,emptycart,10000.0,5.0,1,1
2026-10-09T11:56:26Z,getproduct,175.0,175.0,1,0
2026-10-09T11:56:26Z,postcheckout,30.0,30.0,1,0
2026-10-09T11:56:26Z,getcart,70.0,70.0,1,0
2026-10-09T11:56:26Z,postcart,90.0,90.0,1,0
2026-10-09T11:56:26Z,emptycart,0.0,5.0,1,0
2026-10-09T11:56:27Z,getproduct,175.0,175.0,0,0
2026-10-09T11:56:27Z,postcheckout,30.0,30.0,0,0
2026-10-09T11:56:27Z,getcart,70.0,70.0,0,0
2026-10-09T11:56:27Z,postcart,90.0,90.0,0,0
2026-10-09T11:56:27Z,emptycart,0.0,5.0,0,0
2026-10-09T11:56:28Z,getproduct,175.0,175.0,0,0
2026-10-09T11:56:28Z,postcheckout,30.0,30.0,0,0
2026-10-09T11:56:28Z,getcart,70.0,70.0,0,0
2026-10-09T11:56:28Z,postcart,90.0,90.0,0,0
2026-10-09T11:56:28Z,emptycart,0.0,5.0,0,0
2026-10-09T11:56:29Z,getproduct,175.0,175.0,0,0
2026-10-09T11:56:29Z,postcheckout,30.0,30.0,0,0
2026-10-09T11:56:29Z,getcart,70.0,70.0,0,0
2026-10-09T11:56:29Z,postcart,90.0,90.0,0,0
2026-10-09T11:56:29Z,emptycart,0.0,5.0,0,0
2026-10-09T11:56:30Z,getproduct,10000.0,175.0,1,1
2026-10-09T11:56:30Z,postcheckout,10000.0,30.0,1,1
2026-10-09T11:56:30Z,getcart,10000.0,70.0,1,1
2026-10-09T11:56:30Z,postcart,10000.0,90.0,1,1
2026-10-09T11:56:30Z,emptycart,10000.0,5.0,1,1
2026-10-09T11:56:31Z,getproduct,10000.0,175.0,0,0
2026-10-09T11:56:31Z,postcheckout,10000.0,30.0,0,0
2026-10-09T11:56:31Z,getcart,10000.0,70.0,0,0
2026-10-09T11:56:31Z,postcart,10000.0,90.0,0,0
2026-10-09T11:56:31Z,emptycart,10000.0,5.0,0,0
2026-10-09T11:56:32Z,getproduct,10000.0,175.0,0,0
2026-10-09T11:56:32Z,postcheckout,10000.0,30.0,0,0
2026-10-09T11:56:32Z,getcart,10000.0,70.0,0,0
2026-10-09T11:56:32Z,postcart,10000.0,90.0,0,0
2026-10-09T11:56:32Z,emptycart,10000.0,5.0,0,0
2026-10-09T11:56:33Z,getproduct,10000.0,175.0,0,0
2026-10-09T11:56:33Z,postcheckout,10000.0,30.0,0,0
2026-10-09T11:56:33Z,getcart,10000.0,70.0,0,0
2026-10-09T11:56:33Z,postcart,10000.0,90.0,0,0
2026-10-09T11:56:33Z,emptycart,10000.0,5.0,0,0
2026-10-09T11:56:34Z,getproduct,10000.0,175.0,0,0
2026-10-09T11:56:34Z,postcheckout,10000.0,30.0,0,0
2026-10-09T11:56:34Z,getcart,10000.0,70.0,0,0
2026-10-09T11:56:34Z,postcart,10000.0,90.0,0,0
2026-10-09T11:56:34Z,emptycart,10000.0,5.0,0,0
2026-10-09T11:56:35Z,getproduct,10000.0,175.0,1,1
2026-10-09T11:56:35Z,postcheckout,10000.0,30.0,1,1
2026-10-09T11:56:35Z,getcart,10000.0,70.0,1,1
2026-10-09T11:56:35Z,postcart,10000.0,90.0,1,1
2026-10-09T11:56:35Z,emptycart,10000.0,5.0,1,1
2026-10-09T11:56:36Z,getproduct,10000.0,175.0,0,0
2026-10-09T11:56:36Z,postcheckout,10000.0,30.0,0,0
2026-10-09T11:56:36Z,getcart,10000.0,70.0,0,0
2026-10-09T11:56:36Z,postcart,10000.0,90.0,0,0
2026-10-09T11:56:36Z,emptycart,10000.0,5.0,0,0
2026-10-09T11:56:37Z,getproduct,10000.0,175.0,0,0
2026-10-09T11:56:37Z,postcheckout,10000.0,30.0,0,0
2026-10-09T11:56:37Z,getcart,10000.0,70.0,0,0
2026-10-09T11:56:37Z,postcart,10000.0,90.0,0,0
2026-10-09T11:56:37Z,emptycart,10000.0,5.0,0,0
2026-10-09T11:56:38Z,getproduct,10000.0,175.0,0,0
2026-10-09T11:56:38Z,postcheckout,10000.0,30.0,0,0
2026-10-09T11:56:38Z,getcart,10000.0,70.0,0,0
2026-10-09T11:56:38Z,postcart,10000.0,90.0,0,0
2026-10-09T11:56:38Z,emptycart,10000.0,5.0,0,0
2026-10-09T11:56:39Z,getproduct,10000.0,175.0,0,0
2026-10-09T11:56:39Z,postcheckout,10000.0,30.0,0,0
2026-10-09T11:56:39Z,getcart,10000.0,70.0,0,0
2026-10-09T11:56:39Z,postcart,10000.0,90.0,0,0
2026-10-09T11:56:39Z,emptycart,10000.0,5.0,0,0
2026-10-09T11:56:40Z,getproduct,175.0,175.0,1,1
2026-10-09T11:56:40Z,postcheckout,30.0,30.0,1,1
2026-10-09T11:56:40Z,getcart,70.0,70.0,1,1
2026-10-09T11:56:40Z,postcart,90.0,90.0,1,1
2026-10-09T11:56:40Z,emptycart,10000.0,5.0,1,1
2026-10-09T11:56:41Z,getproduct,10000.0,175.0,1,0
2026-10-09T11:56:41Z,postcheckout,10000.0,30.0,1,0
2026-10-09T11:56:41Z,getcart,10000.0,70.0,1,0
2026-10-09T11:56:41Z,postcart,10000.0,90.0,1,0
2026-10-09T11:56:41Z,emptycart,0.0,5.0,1,0
2026-10-09T11:56:42Z,getproduct,10000.0,175.0,0,0
2026-10-09T11:56:42Z,postcheckout,10000.0,30.0,0,0
2026-10-09T11:56:42Z,getcart,10000.0,70.0,0,0
2026-10-09T11:56:42Z,postcart,10000.0,90.0,0,0
2026-10-09T11:56:42Z,emptycart,0.0,5.0,0,0
2026-10-09T11:56:43Z,getproduct,10000.0,175.0,0,0
2026-10-09T11:56:43Z,postcheckout,10000.0,30.0,0,0
2026-10-09T11:56:43Z,getcart,10000.0,70.0,0,0
2026-10-09T11:56:43Z,postcart,10000.0,90.0,0,0
2026-10-09T11:56:43Z,emptycart,0.0,5.0,0,0
2026-10-09T11:56:44Z,getproduct,10000.0,175.0,0,0
2026-10-09T11:56:44Z,postcheckout,10000.0,30.0,0,0
2026-10-09T11:56:44Z,getcart,10000.0,70.0,0,0
2026-10-09T11:56:44Z,postcart,10000.0,90.0,0,0
2026-10-09T11:56:44Z,emptycart,0.0,5.0,0,0
2026-10-09T11:56:45Z,getproduct,175.0,175.0,1,1
2026-10-09T11:56:45Z,postcheckout,30.0,30.0,1,1
2026-10-09T11:56:45Z,getcart,70.0,70.0,1,1
2026-10-09T11:56:45Z,postcart,90.0,90.0,1,1
2026-10-09T11:56:45Z,emptycart,10000.0,5.0,1,1
2026-10-09T11:56:46Z,getproduct,175.0,175.0,0,0
2026-10-09T11:56:46Z,postcheckout,30.0,30.0,0,0
2026-10-09T11:56:46Z,getcart,70.0,70.0,0,0
2026-10-09T11:56:46Z,postcart,90.0,90.0,0,0
2026-10-09T11:56:46Z,emptycart,10000.0,5.0,0,0
2026-10-09T11:56:47Z,getproduct,175.0,175.0,0,0
2026-10-09T11:56:47Z,postcheckout,30.0,30.0,0,0
2026-10-09T11:56:47Z,getcart,70.0,70.0,0,0
2026-10-09T11:56:47Z,postcart,90.0,90.0,0,0
2026-10-09T11:56:47Z,emptycart,10000.0,5.0,0,0
2026-10-09T11:56:48Z,getproduct,175.0,175.0,0,0
2026-10-09T11:56:48Z,postcheckout,30.0,30.0,0,0
2026-10-09T11:56:48Z,getcart,70.0,70.0,0,0
2026-10-09T11:56:48Z,postcart,90.0,90.0,0,0
2026-10-09T11:56:48Z,emptycart,10000.0,5.0,0,0
2026-10-09T11:56:49Z,getproduct,175.0,175.0,0,0
2026-10-09T11:56:49Z,postcheckout,30.0,30.0,0,0
2026-10-09T11:56:49Z,getcart,70.0,70.0,0,0
2026-10-09T11:56:49Z,postcart,90.0,90.0,0,0
2026-10-09T11:56:49Z,emptycart,10000.0,5.0,0,0
2026-10-09T11:56:50Z,getproduct,175.0,175.0,1,1
2026-10-09T11:56:50Z,postcheckout,30.0,30.0,1,1
2026-10-09T11:56:50Z,getcart,70.0,70.0,1,1
2026-10-09T11:56:50Z,postcart,90.0,90.0,1,1
2026-10-09T11:56:50Z,emptycart,10000.0,5.0,1,1
2026-10-09T11:56:51Z,getproduct,175.0,175.0,0,0
2026-10-09T11:56:51Z,postcheckout,30.0,30.0,0,0
2026-10-09T11:56:51Z,getcart,70.0,70.0,0,0
2026-10-09T11:56:51Z,postcart,90.0,90.0,0,0
2026-10-09T11:56:51Z,emptycart,10000.0,5.0,0,0
2026-10-09T11:56:52Z,getproduct,175.0,175.0,0,0
2026-10-09T11:56:52Z,postcheckout,30.0,30.0,0,0
2026-10-09T11:56:52Z,getcart,70.0,70.0,0,0
2026-10-09T11:56:52Z,postcart,90.0,90.0,0,0
2026-10-09T11:56:52Z,emptycart,10000.0,5.0,0,0
2026-10-09T11:56:53Z,getproduct,175.0,175.0,0,0
2026-10-09T11:56:53Z,postcheckout,30.0,30.0,0,0
2026-10-09T11:56:53Z,getcart,70.0,70.0,0,0
2026-10-09T11:56:53Z,postcart,90.0,90.0,0,0
2026-10-09T11:56:53Z,emptycart,10000.0,5.0,0,0
2026-10-09T11:56:54Z,getproduct,175.0,175.0,0,0
2026-10-09T11:56:54Z,postcheckout,30.0,30.0,0,0
2026-10-09T11:56:54Z,getcart,70.0,70.0,0,0
2026-10-09T11:56:54Z,postcart,90.0,90.0,0,0
2026-10-09T11:56:54Z,emptycart,10000.0,5.0,0,0
2026-10-09T11:56:55Z,getproduct,10000.0,175.0,1,1
2026-10-09T11:56:55Z,postcheckout,10000.0,30.0,1,1
2026-10-09T11:56:55Z,getcart,10000.0,70.0,1,1
2026-10-09T11:56:55Z,postcart,10000.0,90.0,1,1
2026-10-09T11:56:55Z,emptycart,10000.0,5.0,1,1
2026-10-09T11:56:56Z,getproduct,10000.0,175.0,0,0
2026-10-09T11:56:56Z,postcheckout,10000.0,30.0,0,0
2026-10-09T11:56:56Z,getcart,10000.0,70.0,0,0
2026-10-09T11:56:56Z,postcart,10000.0,90.0,0,0
2026-10-09T11:56:56Z,emptycart,10000.0,5.0,0,0
2026-10-09T11:56:57Z,getproduct,10000.0,175.0,0,0
2026-10-09T11:56:57Z,postcheckout,10000.0,30.0,0,0
2026-10-09T11:56:57Z,getcart,10000.0,70.0,0,0
2026-10-09T11:56:57Z,postcart,10000.0,90.0,0,0
2026-10-09T11:56:57Z,emptycart,10000.0,5.0,0,0
2026-10-09T11:56:58Z,getproduct,10000.0,175.0,0,0
2026-10-09T11:56:58Z,postcheckout,10000.0,30.0,0,0
2026-10-09T11:56:58Z,getcart,10000.0,70.0,0,0
2026-10-09T11:56:58Z,postcart,10000.0,90.0,0,0
2026-10-09T11:56:58Z,emptycart,10000.0,5.0,0,0
2026-10-09T11:56:59Z,getproduct,10000.0,175.0,0,0
2026-10-09T11:56:59Z,postcheckout,10000.0,30.0,0,0
2026-10-09T11:56:59Z,getcart,10000.0,70.0,0,0
2026-10-09T11:56:59Z,postcart,10000.0,90.0,0,0
2026-10-09T11:56:59Z,emptycart,10000.0,5.0,0,0
2026-10-09T11:57:00Z,getproduct,10000.0,175.0,1,1
2026-10-09T11:57:00Z,postcheckout,10000.0,30.0,1,1
2026-10-09T11:57:00Z,getcart,10000.0,70.0,1,1
2026-10-09T11:57:00Z,postcart,10000.0,90.0,1,1
2026-10-09T11:57:00Z,emptycart,10000.0,5.0,1,1
2026-10-09T11:57:01Z,getproduct,10000.0,175.0,0,0
2026-10-09T11:57:01Z,postcheckout,10000.0,30.0,0,0
2026-10-09T11:57:01Z,getcart,10000.0,70.0,0,0
2026-10-09T11:57:01Z,postcart,10000.0,90.0,0,0
2026-10-09T11:57:01Z,emptycart,10000.0,5.0,0,0
2026-10-09T11:57:02Z,getproduct,10000.0,175.0,0,0
2026-10-09T11:57:02Z,postcheckout,10000.0,30.0,0,0
2026-10-09T11:57:02Z,getcart,10000.0,70.0,0,0
2026-10-09T11:57:02Z,postcart,10000.0,90.0,0,0
2026-10-09T11:57:02Z,emptycart,10000.0,5.0,0,0
2026-10-09T11:57:03Z,getproduct,10000.0,175.0,0,0
2026-10-09T11:57:03Z,postcheckout,10000.0,30.0,0,0
2026-10-09T11:57:03Z,getcart,10000.0,70.0,0,0
2026-10-09T11:57:03Z,postcart,10000.0,90.0,0,0
2026-10-09T11:57:03Z,emptycart,10000.0,5.0,0,0
2026-10-09T11:57:04Z,getproduct,10000.0,175.0,0,0
2026-10-09T11:57:04Z,postcheckout,10000.0,30.0,0,0
2026-10-09T11:57:04Z,getcart,10000.0,70.0,0,0
2026-10-09T11:57:04Z,postcart,10000.0,90.0,0,0
2026-10-09T11:57:04Z,emptycart,10000.0,5.0,0,0
2026-10-09T11:57:05Z,getproduct,175.0,175.0,1,1
2026-10-09T11:57:05Z,postcheckout,30.0,30.0,1,1
2026-10-09T11:57:05Z,getcart,70.0,70.0,1,1
2026-10-09T11:57:05Z,postcart,90.0,90.0,1,1
2026-10-09T11:57:05Z,emptycart,10000.0,5.0,1,1
2026-10-09T11:57:06Z,getproduct,10000.0,175.0,1,0
2026-10-09T11:57:06Z,postcheckout,10000.0,30.0,1,0
2026-10-09T11:57:06Z,getcart,10000.0,70.0,1,0
2026-10-09T11:57:06Z,postcart,10000.0,90.0,1,0
2026-10-09T11:57:06Z,emptycart,0.0,5.0,1,0
2026-10-09T11:57:07Z,getproduct,10000.0,175.0,0,0
2026-10-09T11:57:07Z,postcheckout,10000.0,30.0,0,0
2026-10-09T11:57:07Z,getcart,10000.0,70.0,0,0
2026-10-09T11:57:07Z,postcart,10000.0,90.0,0,0
2026-10-09T11:57:07Z,emptycart,0.0,5.0,0,0
2026-10-09T11:57:08Z,getproduct,10000.0,175.0,0,0
2026-10-09T11:57:08Z,postcheckout,10000.0,30.0,0,0
2026-10-09T11:57:08Z,getcart,10000.0,70.0,0,0
2026-10-09T11:57:08Z,postcart,10000.0,90.0,0,0
2026-10-09T11:57:08Z,emptycart,0.0,5.0,0,0
2026-10-09T11:57:09Z,getproduct,10000.0,175.0,0,0
2026-10-09T11:57:09Z,postcheckout,10000.0,30.0,0,0
2026-10-09T11:57:09Z,getcart,10000.0,70.0,0,0
2026-10-09T11:57:09Z,postcart,10000.0,90.0,0,0
2026-10-09T11:57:09Z,emptycart,0.0,5.0,0,0
2026-10-09T11:57:10Z,getproduct,175.0,175.0,1,1
2026-10-09T11:57:10Z,postcheckout,30.0,30.0,1,1
2026-10-09T11:57:10Z,getcart,70.0,70.0,1,1
2026-10-09T11:57:10Z,postcart,90.0,90.0,1,1
2026-10-09T11:57:10Z,emptycart,10000.0,5.0,1,1
2026-10-09T11:57:11Z,getproduct,175.0,175.0,0,0
2026-10-09T11:57:11Z,postcheckout,30.0,30.0,0,0
2026-10-09T11:57:11Z,getcart,70.0,70.0,0,0
2026-10-09T11:57:11Z,postcart,90.0,90.0,0,0
2026-10-09T11:57:11Z,emptycart,10000.0,5.0,0,0
2026-10-09T11:57:12Z,getproduct,175.0,175.0,0,0
2026-10-09T11:57:12Z,postcheckout,30.0,30.0,0,0
2026-10-09T11:57:12Z,getcart,70.0,70.0,0,0
2026-10-09T11:57:12Z,postcart,90.0,90.0,0,0
2026-10-09T11:57:12Z,emptycart,10000.0,5.0,0,0
2026-10-09T11:57:13Z,getproduct,175.0,175.0,0,0
2026-10-09T11:57:13Z,postcheckout,30.0,30.0,0,0
2026-10-09T11:57:13Z,getcart,70.0,70.0,0,0
2026-10-09T11:57:13Z,postcart,90.0,90.0,0,0
2026-10-09T11:57:13Z,emptycart,10000.0,5.0,0,0
2026-10-09T11:57:14Z,getproduct,175.0,175.0,0,0
2026-10-09T11:57:14Z,postcheckout,30.0,30.0,0,0
2026-10-09T11:57:14Z,getcart,70.0,70.0,0,0
2026-10-09T11:57:14Z,postcart,90.0,90.0,0,0
2026-10-09T11:57:14Z,emptycart,10000.0,5.0,0,0
2026-10-09T11:57:15Z,getproduct,175.0,175.0,1,1
2026-10-09T11:57:15Z,postcheckout,30.0,30.0,1,1
2026-10-09T11:57:15Z,getcart,70.0,70.0,1,1
2026-10-09T11:57:15Z,postcart,90.0,90.0,1,1
2026-10-09T11:57:15Z,emptycart,10000.0,5.0,1,1
2026-10-09T11:57:16Z,getproduct,175.0,175.0,1,0
2026-10-09T11:57:16Z,postcheckout,30.0,30.0,1,0
2026-10-09T11:57:16Z,getcart,70.0,70.0,1,0
2026-10-09T11:57:16Z,postcart,90.0,90.0,1,0
2026-10-09T11:57:16Z,emptycart,0.0,5.0,1,0
2026-10-09T11:57:17Z,getproduct,175.0,175.0,0,0
2026-10-09T11:57:17Z,postcheckout,30.0,30.0,0,0
2026-10-09T11:57:17Z,getcart,70.0,70.0,0,0
2026-10-09T11:57:17Z,postcart,90.0,90.0,0,0
2026-10-09T11:57:17Z,emptycart,0.0,5.0,0,0
2026-10-09T11:57:18Z,getproduct,175.0,175.0,0,0
2026-10-09T11:57:18Z,postcheckout,30.0,30.0,0,0
2026-10-09T11:57:18Z,getcart,70.0,70.0,0,0
2026-10-09T11:57:18Z,postcart,90.0,90.0,0,0
2026-10-09T11:57:18Z,emptycart,0.0,5.0,0,0
2026-10-09T11:57:19Z,getproduct,175.0,175.0,0,0
2026-10-09T11:57:19Z,postcheckout,30.0,30.0,0,0
2026-10-09T11:57:19Z,getcart,70.0,70.0,0,0
2026-10-09T11:57:19Z,postcart,90.0,90.0,0,0
2026-10-09T11:57:19Z,emptycart,0.0,5.0,0,0
2026-10-09T11:57:20Z,getproduct,10000.0,175.0,1,1
2026-10-09T11:57:20Z,postcheckout,10000.0,30.0,1,1
2026-10-09T11:57:20Z,getcart,10000.0,70.0,1,1
2026-10-09T11:57:20Z,postcart,10000.0,90.0,1,1
2026-10-09T11:57:20Z,emptycart,10000.0,5.0,1,1
2026-10-09T11:57:21Z,getproduct,10000.0,175.0,0,0
2026-10-09T11:57:21Z,postcheckout,10000.0,30.0,0,0
2026-10-09T11:57:21Z,getcart,10000.0,70.0,0,0
2026-10-09T11:57:21Z,postcart,10000.0,90.0,0,0
2026-10-09T11:57:21Z,emptycart,10000.0,5.0,0,0
2026-10-09T11:57:22Z,getproduct,10000.0,175.0,0,0
2026-10-09T11:57:22Z,postcheckout,10000.0,30.0,0,0
2026-10-09T11:57:22Z,getcart,10000.0,70.0,0,0
2026-10-09T11:57:22Z,postcart,10000.0,90.0,0,0
2026-10-09T11:57:22Z,emptycart,10000.0,5.0,0,0
2026-10-09T11:57:23Z,getproduct,10000.0,175.0,0,0
2026-10-09T11:57:23Z,postcheckout,10000.0,30.0,0,0
2026-10-09T11:57:23Z,getcart,10000.0,70.0,0,0
2026-10-09T11:57:23Z,postcart,10000.0,90.0,0,0
2026-10-09T11:57:23Z,emptycart,10000.0,5.0,0,0
2026-10-09T11:57:24Z,getproduct,10000.0,175.0,0,0
2026-10-09T11:57:24Z,postcheckout,10000.0,30.0,0,0
2026-10-09T11:57:24Z,getcart,10000.0,70.0,0,0
2026-10-09T11:57:24Z,postcart,10000.0,90.0,0,0
2026-10-09T11:57:24Z,emptycart,10000.0,5.0,0,0
2026-10-09T11:57:25Z,getproduct,10000.0,175.0,1,1
2026-10-09T11:57:25Z,postcheckout,10000.0,30.0,1,1
2026-10-09T11:57:25Z,getcart,10000.0,70.0,1,1
2026-10-09T11:57:25Z,postcart,10000.0,90.0,1,1
2026-10-09T11:57:25Z,emptycart,10000.0,5.0,1,1
2026-10-09T11:57:26Z,getproduct,10000.0,175.0,0,0
2026-10-09T11:57:26Z,postcheckout,10000.0,30.0,0,0
2026-10-09T11:57:26Z,getcart,10000.0,70.0,0,0
2026-10-09T11:57:26Z,postcart,10000.0,90.0,0,0
2026-10-09T11:57:26Z,emptycart,10000.0,5.0,0,0
2026-10-09T11:57:27Z,getproduct,10000.0,175.0,0,0
2026-10-09T11:57:27Z,postcheckout,10000.0,30.0,0,0
2026-10-09T11:57:27Z,getcart,10000.0,70.0,0,0
2026-10-09T11:57:27Z,postcart,10000.0,90.0,0,0
2026-10-09T11:57:27Z,emptycart,10000.0,5.0,0,0
2026-10-09T11:57:28Z,getproduct,10000.0,175.0,0,0
2026-10-09T11:57:28Z,postcheckout,10000.0,30.0,0,0
2026-10-09T11:57:28Z,getcart,10000.0,70.0,0,0
2026-10-09T11:57:28Z,postcart,10000.0,90.0,0,0
2026-10-09T11:57:28Z,emptycart,10000.0,5.0,0,0
2026-10-09T11:57:29Z,getproduct,10000.0,175.0,0,0
2026-10-09T11:57:29Z,postcheckout,10000.0,30.0,0,0
2026-10-09T11:57:29Z,getcart,10000.0,70.0,0,0
2026-10-09T11:57:29Z,postcart,10000.0,90.0,0,0
2026-10-09T11:57:29Z,emptycart,10000.0,5.0,0,0
2026-10-09T11:57:30Z,getproduct,175.0,175.0,1,1
2026-10-09T11:57:30Z,postcheckout,30.0,30.0,1,1
2026-10-09T11:57:30Z,getcart,70.0,70.0,1,1
2026-10-09T11:57:30Z,postcart,90.0,90.0,1,1
2026-10-09T11:57:30Z,emptycart,10000.0,5.0,1,1
2026-10-09T11:57:31Z,getproduct,10000.0,175.0,1,0
2026-10-09T11:57:31Z,postcheckout,10000.0,30.0,1,0
2026-10-09T11:57:31Z,getcart,10000.0,70.0,1,0
2026-10-09T11:57:31Z,postcart,10000.0,90.0,1,0
2026-10-09T11:57:31Z,emptycart,0.0,5.0,1,0
2026-10-09T11:57:32Z,getproduct,10000.0,175.0,0,0
2026-10-09T11:57:32Z,postcheckout,10000.0,30.0,0,0
2026-10-09T11:57:32Z,getcart,10000.0,70.0,0,0
2026-10-09T11:57:32Z,postcart,10000.0,90.0,0,0
2026-10-09T11:57:32Z,emptycart,0.0,5.0,0,0
2026-10-09T11:57:33Z,getproduct,10000.0,175.0,0,0
2026-10-09T11:57:33Z,postcheckout,10000.0,30.0,0,0
2026-10-09T11:57:33Z,getcart,10000.0,70.0,0,0
2026-10-09T11:57:33Z,postcart,10000.0,90.0,0,0
2026-10-09T11:57:33Z,emptycart,0.0,5.0,0,0
2026-10-09T11:57:34Z,getproduct,10000.0,175.0,0,0
2026-10-09T11:57:34Z,postcheckout,10000.0,30.0,0,0
2026-10-09T11:57:34Z,getcart,10000.0,70.0,0,0
2026-10-09T11:57:34Z,postcart,10000.0,90.0,0,0
2026-10-09T11:57:34Z,emptycart,0.0,5.0,0,0
2026-10-09T11:57:35Z,getproduct,175.0,175.0,1,1
2026-10-09T11:57:35Z,postcheckout,30.0,30.0,1,1
2026-10-09T11:57:35Z,getcart,70.0,70.0,1,1
2026-10-09T11:57:35Z,postcart,90.0,90.0,1,1
2026-10-09T11:57:35Z,emptycart,10000.0,5.0,1,1
2026-10-09T11:57:36Z,getproduct,175.0,175.0,0,0
2026-10-09T11:57:36Z,postcheckout,30.0,30.0,0,0
2026-10-09T11:57:36Z,getcart,70.0,70.0,0,0
2026-10-09T11:57:36Z,postcart,90.0,90.0,0,0
2026-10-09T11:57:36Z,emptycart,10000.0,5.0,0,0
2026-10-09T11:57:37Z,getproduct,175.0,175.0,0,0
2026-10-09T11:57:37Z,postcheckout,30.0,30.0,0,0
2026-10-09T11:57:37Z,getcart,70.0,70.0,0,0
2026-10-09T11:57:37Z,postcart,90.0,90.0,0,0
2026-10-09T11:57:37Z,emptycart,10000.0,5.0,0,0
2026-10-09T11:57:38Z,getproduct,175.0,175.0,0,0
2026-10-09T11:57:38Z,postcheckout,30.0,30.0,0,0
2026-10-09T11:57:38Z,getcart,70.0,70.0,0,0
2026-10-09T11:57:38Z,postcart,90.0,90.0,0,0
2026-10-09T11:57:38Z,emptycart,10000.0,5.0,0,0
2026-10-09T11:57:39Z,getproduct,175.0,175.0,0,0
2026-10-09T11:57:39Z,postcheckout,30.0,30.0,0,0
2026-10-09T11:57:39Z,getcart,70.0,70.0,0,0
2026-10-09T11:57:39Z,postcart,90.0,90.0,0,0
2026-10-09T11:57:39Z,emptycart,10000.0,5.0,0,0
2026-10-09T11:57:40Z,getproduct,175.0,175.0,1,1
2026-10-09T11:57:40Z,postcheckout,30.0,30.0,1,1
2026-10-09T11:57:40Z,getcart,70.0,70.0,1,1
2026-10-09T11:57:40Z,postcart,90.0,90.0,1,1
2026-10-09T11:57:40Z,emptycart,10000.0,5.0,1,1
2026-10-09T11:57:41Z,getproduct,175.0,175.0,0,0
2026-10-09T11:57:41Z,postcheckout,30.0,30.0,0,0
2026-10-09T11:57:41Z,getcart,70.0,70.0,0,0
2026-10-09T11:57:41Z,postcart,90.0,90.0,0,0
2026-10-09T11:57:41Z,emptycart,10000.0,5.0,0,0
2026-10-09T11:57:42Z,getproduct,175.0,175.0,0,0
2026-10-09T11:57:42Z,postcheckout,30.0,30.0,0,0
2026-10-09T11:57:42Z,getcart,70.0,70.0,0,0
2026-10-09T11:57:42Z,postcart,90.0,90.0,0,0
2026-10-09T11:57:42Z,emptycart,10000.0,5.0,0,0
2026-10-09T11:57:43Z,getproduct,175.0,175.0,0,0
2026-10-09T11:57:43Z,postcheckout,30.0,30.0,0,0
2026-10-09T11:57:43Z,getcart,70.0,70.0,0,0
2026-10-09T11:57:43Z,postcart,90.0,90.0,0,0
2026-10-09T11:57:43Z,emptycart,10000.0,5.0,0,0
2026-10-09T11:57:44Z,getproduct,175.0,175.0,0,0
2026-10-09T11:57:44Z,postcheckout,30.0,30.0,0,0
2026-10-09T11:57:44Z,getcart,70.0,70.0,0,0
2026-10-09T11:57:44Z,postcart,90.0,90.0,0,0
2026-10-09T11:57:44Z,emptycart,10000.0,5.0,0,0
2026-10-09T11:57:45Z,getproduct,10000.0,175.0,1,1
2026-10-09T11:57:45Z,postcheckout,10000.0,30.0,1,1
2026-10-09T11:57:45Z,getcart,10000.0,70.0,1,1
2026-10-09T11:57:45Z,postcart,10000.0,90.0,1,1
2026-10-09T11:57:45Z,emptycart,10000.0,5.0,1,1
2026-10-09T11:57:46Z,getproduct,10000.0,175.0,0,0
2026-10-09T11:57:46Z,postcheckout,10000.0,30.0,0,0
2026-10-09T11:57:46Z,getcart,10000.0,70.0,0,0
2026-10-09T11:57:46Z,postcart,10000.0,90.0,0,0
2026-10-09T11:57:46Z,emptycart,10000.0,5.0,0,0
2026-10-09T11:57:47Z,getproduct,10000.0,175.0,0,0
2026-10-09T11:57:47Z,postcheckout,10000.0,30.0,0,0
2026-10-09T11:57:47Z,getcart,10000.0,70.0,0,0
2026-10-09T11:57:47Z,postcart,10000.0,90.0,0,0
2026-10-09T11:57:47Z,emptycart,10000.0,5.0,0,0
2026-10-09T11:57:48Z,getproduct,10000.0,175.0,0,0
2026-10-09T11:57:48Z,postcheckout,10000.0,30.0,0,0
2026-10-09T11:57:48Z,getcart,10000.0,70.0,0,0
2026-10-09T11:57:48Z,postcart,10000.0,90.0,0,0
2026-10-09T11:57:48Z,emptycart,10000.0,5.0,0,0
2026-10-09T11:57:49Z,getproduct,10000.0,175.0,1,0
2026-10-09T11:57:49Z,postcheckout,10000.0,30.0,1,0
2026-10-09T11:57:49Z,getcart,10000.0,70.0,1,0
2026-10-09T11:57:49Z,postcart,10000.0,90.0,1,0
2026-10-09T11:57:49Z,emptycart,0.0,5.0,1,0
2026-10-09T11:57:50Z,getproduct,10000.0,175.0,1,1
2026-10-09T11:57:50Z,postcheckout,10000.0,30.0,1,1
2026-10-09T11:57:50Z,getcart,10000.0,70.0,1,1
2026-10-09T11:57:50Z,postcart,10000.0,90.0,1,1
2026-10-09T11:57:50Z,emptycart,10000.0,5.0,1,1
2026-10-09T11:57:51Z,getproduct,10000.0,175.0,0,0
2026-10-09T11:57:51Z,postcheckout,10000.0,30.0,0,0
2026-10-09T11:57:51Z,getcart,10000.0,70.0,0,0
2026-10-09T11:57:51Z,postcart,10000.0,90.0,0,0
2026-10-09T11:57:51Z,emptycart,10000.0,5.0,0,0
2026-10-09T11:57:52Z,getproduct,10000.0,175.0,0,0
2026-10-09T11:57:52Z,postcheckout,10000.0,30.0,0,0
2026-10-09T11:57:52Z,getcart,10000.0,70.0,0,0
2026-10-09T11:57:52Z,postcart,10000.0,90.0,0,0
2026-10-09T11:57:52Z,emptycart,10000.0,5.0,0,0
2026-10-09T11:57:53Z,getproduct,10000.0,175.0,0,0
2026-10-09T11:57:53Z,postcheckout,10000.0,30.0,0,0
2026-10-09T11:57:53Z,getcart,10000.0,70.0,0,0
2026-10-09T11:57:53Z,postcart,10000.0,90.0,0,0
2026-10-09T11:57:53Z,emptycart,10000.0,5.0,0,0
2026-10-09T11:57:54Z,getproduct,10000.0,175.0,0,0
2026-10-09T11:57:54Z,postcheckout,10000.0,30.0,0,0
2026-10-09T11:57:54Z,getcart,10000.0,70.0,0,0
2026-10-09T11:57:54Z,postcart,10000.0,90.0,0,0
2026-10-09T11:57:54Z,emptycart,10000.0,5.0,0,0
2026-10-09T11:57:55Z,getproduct,175.0,175.0,1,1
2026-10-09T11:57:55Z,postcheckout,30.0,30.0,1,1
2026-10-09T11:57:55Z,getcart,70.0,70.0,1,1
2026-10-09T11:57:55Z,postcart,90.0,90.0,1,1
2026-10-09T11:57:55Z,emptycart,10000.0,5.0,1,1
2026-10-09T11:57:56Z,getproduct,10000.0,175.0,1,0
2026-10-09T11:57:56Z,postcheckout,10000.0,30.0,1,0
2026-10-09T11:57:56Z,getcart,10000.0,70.0,1,0
2026-10-09T11:57:56Z,postcart,10000.0,90.0,1,0
2026-10-09T11:57:56Z,emptycart,0.0,5.0,1,0
2026-10-09T11:57:57Z,getproduct,10000.0,175.0,0,0
2026-10-09T11:57:57Z,postcheckout,10000.0,30.0,0,0
2026-10-09T11:57:57Z,getcart,10000.0,70.0,0,0
2026-10-09T11:57:57Z,postcart,10000.0,90.0,0,0
2026-10-09T11:57:57Z,emptycart,0.0,5.0,0,0
2026-10-09T11:57:58Z,getproduct,10000.0,175.0,0,0
2026-10-09T11:57:58Z,postcheckout,10000.0,30.0,0,0
2026-10-09T11:57:58Z,getcart,10000.0,70.0,0,0
2026-10-09T11:57:58Z,postcart,10000.0,90.0,0,0
2026-10-09T11:57:58Z,emptycart,0.0,5.0,0,0
2026-10-09T11:57:59Z,getproduct,10000.0,175.0,0,0
2026-10-09T11:57:59Z,postcheckout,10000.0,30.0,0,0
2026-10-09T11:57:59Z,getcart,10000.0,70.0,0,0
2026-10-09T11:57:59Z,postcart,10000.0,90.0,0,0
2026-10-09T11:57:59Z,emptycart,0.0,5.0,0,0
2026-10-09T11:58:00Z,getproduct,175.0,175.0,1,1
2026-10-09T11:58:00Z,postcheckout,30.0,30.0,1,1
2026-10-09T11:58:00Z,getcart,70.0,70.0,1,1
2026-10-09T11:58:00Z,postcart,90.0,90.0,1,1
2026-10-09T11:58:00Z,emptycart,10000.0,5.0,1,1
2026-10-09T11:58:01Z,getproduct,175.0,175.0,0,0
2026-10-09T11:58:01Z,postcheckout,30.0,30.0,0,0
2026-10-09T11:58:01Z,getcart,70.0,70.0,0,0
2026-10-09T11:58:01Z,postcart,90.0,90.0,0,0
2026-10-09T11:58:01Z,emptycart,10000.0,5.0,0,0
2026-10-09T11:58:02Z,getproduct,175.0,175.0,0,0
2026-10-09T11:58:02Z,postcheckout,30.0,30.0,0,0
2026-10-09T11:58:02Z,getcart,70.0,70.0,0,0
2026-10-09T11:58:02Z,postcart,90.0,90.0,0,0
2026-10-09T11:58:02Z,emptycart,10000.0,5.0,0,0
2026-10-09T11:58:03Z,getproduct,175.0,175.0,0,0
2026-10-09T11:58:03Z,postcheckout,30.0,30.0,0,0
2026-10-09T11:58:03Z,getcart,70.0,70.0,0,0
2026-10-09T11:58:03Z,postcart,90.0,90.0,0,0
2026-10-09T11:58:03Z,emptycart,10000.0,5.0,0,0
2026-10-09T11:58:04Z,getproduct,175.0,175.0,0,0
2026-10-09T11:58:04Z,postcheckout,30.0,30.0,0,0
2026-10-09T11:58:04Z,getcart,70.0,70.0,0,0
2026-10-09T11:58:04Z,postcart,90.0,90.0,0,0
2026-10-09T11:58:04Z,emptycart,10000.0,5.0,0,0
2026-10-09T11:58:05Z,getproduct,175.0,175.0,1,1
2026-10-09T11:58:05Z,postcheckout,30.0,30.0,1,1
2026-10-09T11:58:05Z,getcart,70.0,70.0,1,1
2026-10-09T11:58:05Z,postcart,90.0,90.0,1,1
2026-10-09T11:58:05Z,emptycart,10000.0,5.0,1,1
2026-10-09T11:58:06Z,getproduct,175.0,175.0,0,0
2026-10-09T11:58:06Z,postcheckout,30.0,30.0,0,0
2026-10-09T11:58:06Z,getcart,70.0,70.0,0,0
2026-10-09T11:58:06Z,postcart,90.0,90.0,0,0
2026-10-09T11:58:06Z,emptycart,10000.0,5.0,0,0
2026-10-09T11:58:07Z,getproduct,175.0,175.0,0,0
2026-10-09T11:58:07Z,postcheckout,30.0,30.0,0,0
2026-10-09T11:58:07Z,getcart,70.0,70.0,0,0
2026-10-09T11:58:07Z,postcart,90.0,90.0,0,0
2026-10-09T11:58:07Z,emptycart,10000.0,5.0,0,0
2026-10-09T11:58:08Z,getproduct,175.0,175.0,0,0
2026-10-09T11:58:08Z,postcheckout,30.0,30.0,0,0
2026-10-09T11:58:08Z,getcart,70.0,70.0,0,0
2026-10-09T11:58:08Z,postcart,90.0,90.0,0,0
2026-10-09T11:58:08Z,emptycart,10000.0,5.0,0,0
2026-10-09T11:58:09Z,getproduct,175.0,175.0,0,0
2026-10-09T11:58:09Z,postcheckout,30.0,30.0,0,0
2026-10-09T11:58:09Z,getcart,70.0,70.0,0,0
2026-10-09T11:58:09Z,postcart,90.0,90.0,0,0
2026-10-09T11:58:09Z,emptycart,10000.0,5.0,0,0
2026-10-09T11:58:10Z,getproduct,10000.0,175.0,1,1
2026-10-09T11:58:10Z,postcheckout,10000.0,30.0,1,1
2026-10-09T11:58:10Z,getcart,10000.0,70.0,1,1
2026-10-09T11:58:10Z,postcart,10000.0,90.0,1,1
2026-10-09T11:58:10Z,emptycart,10000.0,5.0,1,1
2026-10-09T11:58:11Z,getproduct,10000.0,175.0,0,0
2026-10-09T11:58:11Z,postcheckout,10000.0,30.0,0,0
2026-10-09T11:58:11Z,getcart,10000.0,70.0,0,0
2026-10-09T11:58:11Z,postcart,10000.0,90.0,0,0
2026-10-09T11:58:11Z,emptycart,10000.0,5.0,0,0
2026-10-09T11:58:12Z,getproduct,10000.0,175.0,0,0
2026-10-09T11:58:12Z,postcheckout,10000.0,30.0,0,0
2026-10-09T11:58:12Z,getcart,10000.0,70.0,0,0
2026-10-09T11:58:12Z,postcart,10000.0,90.0,0,0
2026-10-09T11:58:12Z,emptycart,10000.0,5.0,0,0
2026-10-09T11:58:13Z,getproduct,10000.0,175.0,0,0
2026-10-09T11:58:13Z,postcheckout,10000.0,30.0,0,0
2026-10-09T11:58:13Z,getcart,10000.0,70.0,0,0
2026-10-09T11:58:13Z,postcart,10000.0,90.0,0,0
2026-10-09T11:58:13Z,emptycart,10000.0,5.0,0,0
2026-10-09T11:58:14Z,getproduct,10000.0,175.0,1,0
2026-10-09T11:58:14Z,postcheckout,0.0,30.0,1,0
2026-10-09T11:58:14Z,getcart,10000.0,70.0,1,0
2026-10-09T11:58:14Z,postcart,10000.0,90.0,1,0
2026-10-09T11:58:14Z,emptycart,0.0,5.0,1,0
2026-10-09T11:58:15Z,getproduct,10000.0,175.0,1,1
2026-10-09T11:58:15Z,postcheckout,10000.0,30.0,1,1
2026-10-09T11:58:15Z,getcart,10000.0,70.0,1,1
2026-10-09T11:58:15Z,postcart,10000.0,90.0,1,1
2026-10-09T11:58:15Z,emptycart,10000.0,5.0,1,1
2026-10-09T11:58:16Z,getproduct,10000.0,175.0,0,0
2026-10-09T11:58:16Z,postcheckout,10000.0,30.0,0,0
2026-10-09T11:58:16Z,getcart,10000.0,70.0,0,0
2026-10-09T11:58:16Z,postcart,10000.0,90.0,0,0
2026-10-09T11:58:16Z,emptycart,10000.0,5.0,0,0
2026-10-09T11:58:17Z,getproduct,10000.0,175.0,0,0
2026-10-09T11:58:17Z,postcheckout,10000.0,30.0,0,0
2026-10-09T11:58:17Z,getcart,10000.0,70.0,0,0
2026-10-09T11:58:17Z,postcart,10000.0,90.0,0,0
2026-10-09T11:58:17Z,emptycart,10000.0,5.0,0,0
2026-10-09T11:58:18Z,getproduct,10000.0,175.0,0,0
2026-10-09T11:58:18Z,postcheckout,10000.0,30.0,0,0
2026-10-09T11:58:18Z,getcart,10000.0,70.0,0,0
2026-10-09T11:58:18Z,postcart,10000.0,90.0,0,0
2026-10-09T11:58:18Z,emptycart,10000.0,5.0,0,0
2026-10-09T11:58:19Z,getproduct,10000.0,175.0,0,0
2026-10-09T11:58:19Z,postcheckout,10000.0,30.0,0,0
2026-10-09T11:58:19Z,getcart,10000.0,70.0,0,0
2026-10-09T11:58:19Z,postcart,10000.0,90.0,0,0
2026-10-09T11:58:19Z,emptycart,10000.0,5.0,0,0
2026-10-09T11:58:20Z,getproduct,175.0,175.0,1,1
2026-10-09T11:58:20Z,postcheckout,30.0,30.0,1,1
2026-10-09T11:58:20Z,getcart,70.0,70.0,1,1
2026-10-09T11:58:20Z,postcart,90.0,90.0,1,1
2026-10-09T11:58:20Z,emptycart,10000.0,5.0,1,1
2026-10-09T11:58:21Z,getproduct,175.0,175.0,0,0
2026-10-09T11:58:21Z,postcheckout,30.0,30.0,0,0
2026-10-09T11:58:21Z,getcart,70.0,70.0,0,0
2026-10-09T11:58:21Z,postcart,90.0,90.0,0,0
2026-10-09T11:58:21Z,emptycart,10000.0,5.0,0,0
2026-10-09T11:58:22Z,getproduct,175.0,175.0,0,0
2026-10-09T11:58:22Z,postcheckout,30.0,30.0,0,0
2026-10-09T11:58:22Z,getcart,70.0,70.0,0,0
2026-10-09T11:58:22Z,postcart,90.0,90.0,0,0
2026-10-09T11:58:22Z,emptycart,10000.0,5.0,0,0
2026-10-09T11:58:23Z,getproduct,175.0,175.0,0,0
2026-10-09T11:58:23Z,postcheckout,30.0,30.0,0,0
2026-10-09T11:58:23Z,getcart,70.0,70.0,0,0
2026-10-09T11:58:23Z,postcart,90.0,90.0,0,0
2026-10-09T11:58:23Z,emptycart,10000.0,5.0,0,0
2026-10-09T11:58:24Z,getproduct,175.0,175.0,1,0
2026-10-09T11:58:24Z,postcheckout,30.0,30.0,1,0
2026-10-09T11:58:24Z,getcart,70.0,70.0,1,0
2026-10-09T11:58:24Z,postcart,90.0,90.0,1,0
2026-10-09T11:58:24Z,emptycart,0.0,5.0,1,0
2026-10-09T11:58:25Z,getproduct,175.0,175.0,1,1
2026-10-09T11:58:25Z,postcheckout,30.0,30.0,1,1
2026-10-09T11:58:25Z,getcart,70.0,70.0,1,1
2026-10-09T11:58:25Z,postcart,90.0,90.0,1,1
2026-10-09T11:58:25Z,emptycart,10000.0,5.0,1,1
2026-10-09T11:58:26Z,getproduct,175.0,175.0,0,0
2026-10-09T11:58:26Z,postcheckout,30.0,30.0,0,0
2026-10-09T11:58:26Z,getcart,70.0,70.0,0,0
2026-10-09T11:58:26Z,postcart,90.0,90.0,0,0
2026-10-09T11:58:26Z,emptycart,10000.0,5.0,0,0
2026-10-09T11:58:27Z,getproduct,175.0,175.0,0,0
2026-10-09T11:58:27Z,postcheckout,30.0,30.0,0,0
2026-10-09T11:58:27Z,getcart,70.0,70.0,0,0
2026-10-09T11:58:27Z,postcart,90.0,90.0,0,0
2026-10-09T11:58:27Z,emptycart,10000.0,5.0,0,0
2026-10-09T11:58:28Z,getproduct,175.0,175.0,0,0
2026-10-09T11:58:28Z,postcheckout,30.0,30.0,0,0
2026-10-09T11:58:28Z,getcart,70.0,70.0,0,0
2026-10-09T11:58:28Z,postcart,90.0,90.0,0,0
2026-10-09T11:58:28Z,emptycart,10000.0,5.0,0,0
2026-10-09T11:58:29Z,getproduct,175.0,175.0,0,0
2026-10-09T11:58:29Z,postcheckout,30.0,30.0,0,0
2026-10-09T11:58:29Z,getcart,70.0,70.0,0,0
2026-10-09T11:58:29Z,postcart,90.0,90.0,0,0
2026-10-09T11:58:29Z,emptycart,10000.0,5.0,0,0
2026-10-09T11:58:30Z,getproduct,175.0,175.0,1,1
2026-10-09T11:58:30Z,postcheckout,30.0,30.0,1,1
2026-10-09T11:58:30Z,getcart,70.0,70.0,1,1
2026-10-09T11:58:30Z,postcart,90.0,90.0,1,1
2026-10-09T11:58:30Z,emptycart,10000.0,5.0,1,1
2026-10-09T11:58:31Z,getproduct,175.0,175.0,0,0
2026-10-09T11:58:31Z,postcheckout,30.0,30.0,0,0
2026-10-09T11:58:31Z,getcart,70.0,70.0,0,0
2026-10-09T11:58:31Z,postcart,90.0,90.0,0,0
2026-10-09T11:58:31Z,emptycart,10000.0,5.0,0,0
2026-10-09T11:58:32Z,getproduct,175.0,175.0,0,0
2026-10-09T11:58:32Z,postcheckout,30.0,30.0,0,0
2026-10-09T11:58:32Z,getcart,70.0,70.0,0,0
2026-10-09T11:58:32Z,postcart,90.0,90.0,0,0
2026-10-09T11:58:32Z,emptycart,10000.0,5.0,0,0
2026-10-09T11:58:33Z,getproduct,175.0,175.0,1,0
2026-10-09T11:58:33Z,postcheckout,0.0,30.0,1,0
2026-10-09T11:58:33Z,getcart,70.0,70.0,1,0
2026-10-09T11:58:33Z,postcart,0.0,90.0,1,0
2026-10-09T11:58:33Z,emptycart,0.0,5.0,1,0
2026-10-09T11:58:34Z,getproduct,175.0,175.0,0,0
2026-10-09T11:58:34Z,postcheckout,0.0,30.0,0,0
2026-10-09T11:58:34Z,getcart,70.0,70.0,0,0
2026-10-09T11:58:34Z,postcart,0.0,90.0,0,0
2026-10-09T11:58:34Z,emptycart,0.0,5.0,0,0
2026-10-09T11:58:35Z,getproduct,10000.0,175.0,1,1
2026-10-09T11:58:35Z,postcheckout,10000.0,30.0,1,1
2026-10-09T11:58:35Z,getcart,10000.0,70.0,1,1
2026-10-09T11:58:35Z,postcart,10000.0,90.0,1,1
2026-10-09T11:58:35Z,emptycart,10000.0,5.0,1,1
2026-10-09T11:58:36Z,getproduct,10000.0,175.0,0,0
2026-10-09T11:58:36Z,postcheckout,10000.0,30.0,0,0
2026-10-09T11:58:36Z,getcart,10000.0,70.0,0,0
2026-10-09T11:58:36Z,postcart,10000.0,90.0,0,0
2026-10-09T11:58:36Z,emptycart,10000.0,5.0,0,0
2026-10-09T11:58:37Z,getproduct,10000.0,175.0,0,0
2026-10-09T11:58:37Z,postcheckout,10000.0,30.0,0,0
2026-10-09T11:58:37Z,getcart,10000.0,70.0,0,0
2026-10-09T11:58:37Z,postcart,10000.0,90.0,0,0
2026-10-09T11:58:37Z,emptycart,10000.0,5.0,0,0
2026-10-09T11:58:38Z,getproduct,10000.0,175.0,0,0
2026-10-09T11:58:38Z,postcheckout,10000.0,30.0,0,0
2026-10-09T11:58:38Z,getcart,10000.0,70.0,0,0
2026-10-09T11:58:38Z,postcart,10000.0,90.0,0,0
2026-10-09T11:58:38Z,emptycart,10000.0,5.0,0,0
2026-10-09T11:58:39Z,getproduct,10000.0,175.0,1,0
2026-10-09T11:58:39Z,postcheckout,10000.0,30.0,1,0
2026-10-09T11:58:39Z,getcart,10000.0,70.0,1,0
2026-10-09T11:58:39Z,postcart,10000.0,90.0,1,0
2026-10-09T11:58:39Z,emptycart,0.0,5.0,1,0
2026-10-09T11:58:40Z,getproduct,10000.0,175.0,1,1
2026-10-09T11:58:40Z,postcheckout,10000.0,30.0,1,1
2026-10-09T11:58:40Z,getcart,10000.0,70.0,1,1
2026-10-09T11:58:40Z,postcart,10000.0,90.0,1,1
2026-10-09T11:58:40Z,emptycart,10000.0,5.0,1,1
2026-10-09T11:58:41Z,getproduct,10000.0,175.0,0,0
2026-10-09T11:58:41Z,postcheckout,10000.0,30.0,0,0
2026-10-09T11:58:41Z,getcart,10000.0,70.0,0,0
2026-10-09T11:58:41Z,postcart,10000.0,90.0,0,0
2026-10-09T11:58:41Z,emptycart,10000.0,5.0,0,0
2026-10-09T11:58:42Z,getproduct,10000.0,175.0,0,0
2026-10-09T11:58:42Z,postcheckout,10000.0,30.0,0,0
2026-10-09T11:58:42Z,getcart,10000.0,70.0,0,0
2026-10-09T11:58:42Z,postcart,10000.0,90.0,0,0
2026-10-09T11:58:42Z,emptycart,10000.0,5.0,0,0
2026-10-09T11:58:43Z,getproduct,10000.0,175.0,0,0
2026-10-09T11:58:43Z,postcheckout,10000.0,30.0,0,0
2026-10-09T11:58:43Z,getcart,10000.0,70.0,0,0
2026-10-09T11:58:43Z,postcart,10000.0,90.0,0,0
2026-10-09T11:58:43Z,emptycart,10000.0,5.0,0,0
2026-10-09T11:58:44Z,getproduct,10000.0,175.0,0,0
2026-10-09T11:58:44Z,postcheckout,10000.0,30.0,0,0
2026-10-09T11:58:44Z,getcart,10000.0,70.0,0,0
2026-10-09T11:58:44Z,postcart,10000.0,90.0,0,0
2026-10-09T11:58:44Z,emptycart,10000.0,5.0,0,0
2026-10-09T11:58:45Z,getproduct,175.0,175.0,1,1
2026-10-09T11:58:45Z,postcheckout,30.0,30.0,1,1
2026-10-09T11:58:45Z,getcart,70.0,70.0,1,1
2026-10-09T11:58:45Z,postcart,90.0,90.0,1,1
2026-10-09T11:58:45Z,emptycart,10000.0,5.0,1,1
2026-10-09T11:58:46Z,getproduct,175.0,175.0,0,0
2026-10-09T11:58:46Z,postcheckout,30.0,30.0,0,0
2026-10-09T11:58:46Z,getcart,70.0,70.0,0,0
2026-10-09T11:58:46Z,postcart,90.0,90.0,0,0
2026-10-09T11:58:46Z,emptycart,10000.0,5.0,0,0
2026-10-09T11:58:47Z,getproduct,175.0,175.0,0,0
2026-10-09T11:58:47Z,postcheckout,30.0,30.0,0,0
2026-10-09T11:58:47Z,getcart,70.0,70.0,0,0
2026-10-09T11:58:47Z,postcart,90.0,90.0,0,0
2026-10-09T11:58:47Z,emptycart,10000.0,5.0,0,0
2026-10-09T11:58:48Z,getproduct,10000.0,175.0,1,0
2026-10-09T11:58:48Z,postcheckout,10000.0,30.0,1,0
2026-10-09T11:58:48Z,getcart,10000.0,70.0,1,0
2026-10-09T11:58:48Z,postcart,10000.0,90.0,1,0
2026-10-09T11:58:48Z,emptycart,0.0,5.0,1,0
2026-10-09T11:58:49Z,getproduct,10000.0,175.0,0,0
2026-10-09T11:58:49Z,postcheckout,10000.0,30.0,0,0
2026-10-09T11:58:49Z,getcart,10000.0,70.0,0,0
2026-10-09T11:58:49Z,postcart,10000.0,90.0,0,0
2026-10-09T11:58:49Z,emptycart,0.0,5.0,0,0
2026-10-09T11:58:50Z,getproduct,175.0,175.0,1,1
2026-10-09T11:58:50Z,postcheckout,30.0,30.0,1,1
2026-10-09T11:58:50Z,getcart,70.0,70.0,1,1
2026-10-09T11:58:50Z,postcart,90.0,90.0,1,1
2026-10-09T11:58:50Z,emptycart,10000.0,5.0,1,1
2026-10-09T11:58:51Z,getproduct,175.0,175.0,0,0
2026-10-09T11:58:51Z,postcheckout,30.0,30.0,0,0
2026-10-09T11:58:51Z,getcart,70.0,70.0,0,0
2026-10-09T11:58:51Z,postcart,90.0,90.0,0,0
2026-10-09T11:58:51Z,emptycart,10000.0,5.0,0,0
2026-10-09T11:58:52Z,getproduct,175.0,175.0,0,0
2026-10-09T11:58:52Z,postcheckout,30.0,30.0,0,0
2026-10-09T11:58:52Z,getcart,70.0,70.0,0,0
2026-10-09T11:58:52Z,postcart,90.0,90.0,0,0
2026-10-09T11:58:52Z,emptycart,10000.0,5.0,0,0
2026-10-09T11:58:53Z,getproduct,175.0,175.0,0,0
2026-10-09T11:58:53Z,postcheckout,30.0,30.0,0,0
2026-10-09T11:58:53Z,getcart,70.0,70.0,0,0
2026-10-09T11:58:53Z,postcart,90.0,90.0,0,0
2026-10-09T11:58:53Z,emptycart,10000.0,5.0,0,0
2026-10-09T11:58:54Z,getproduct,175.0,175.0,0,0
2026-10-09T11:58:54Z,postcheckout,30.0,30.0,0,0
2026-10-09T11:58:54Z,getcart,70.0,70.0,0,0
2026-10-09T11:58:54Z,postcart,90.0,90.0,0,0
2026-10-09T11:58:54Z,emptycart,10000.0,5.0,0,0
2026-10-09T11:58:55Z,getproduct,175.0,175.0,1,1
2026-10-09T11:58:55Z,postcheckout,30.0,30.0,1,1
2026-10-09T11:58:55Z,getcart,70.0,70.0,1,1
2026-10-09T11:58:55Z,postcart,90.0,90.0,1,1
2026-10-09T11:58:55Z,emptycart,10000.0,5.0,1,1
2026-10-09T11:58:56Z,getproduct,175.0,175.0,0,0
2026-10-09T11:58:56Z,postcheckout,30.0,30.0,0,0
2026-10-09T11:58:56Z,getcart,70.0,70.0,0,0
2026-10-09T11:58:56Z,postcart,90.0,90.0,0,0
2026-10-09T11:58:56Z,emptycart,10000.0,5.0,0,0
2026-10-09T11:58:57Z,getproduct,0.0,175.0,1,0
2026-10-09T11:58:57Z,postcheckout,0.0,30.0,1,0
2026-10-09T11:58:57Z,getcart,10000.0,70.0,1,0
2026-10-09T11:58:57Z,postcart,0.0,90.0,1,0
2026-10-09T11:58:57Z,emptycart,0.0,5.0,1,0
2026-10-09T11:58:58Z,getproduct,175.0,175.0,1,0
2026-10-09T11:58:58Z,postcheckout,0.0,30.0,1,0
2026-10-09T11:58:58Z,getcart,70.0,70.0,1,0
2026-10-09T11:58:58Z,postcart,90.0,90.0,1,0
2026-10-09T11:58:58Z,emptycart,0.0,5.0,1,0
2026-10-09T11:58:59Z,getproduct,175.0,175.0,0,0
2026-10-09T11:58:59Z,postcheckout,0.0,30.0,0,0
2026-10-09T11:58:59Z,getcart,70.0,70.0,0,0
2026-10-09T11:58:59Z,postcart,90.0,90.0,0,0
2026-10-09T11:58:59Z,emptycart,0.0,5.0,0,0
2026-10-09T11:59:00Z,getproduct,10000.0,175.0,1,1
2026-10-09T11:59:00Z,postcheckout,10000.0,30.0,1,1
2026-10-09T11:59:00Z,getcart,10000.0,70.0,1,1
2026-10-09T11:59:00Z,postcart,10000.0,90.0,1,1
2026-10-09T11:59:00Z,emptycart,10000.0,5.0,1,1
2026-10-09T11:59:01Z,getproduct,10000.0,175.0,0,0
2026-10-09T11:59:01Z,postcheckout,10000.0,30.0,0,0
2026-10-09T11:59:01Z,getcart,10000.0,70.0,0,0
2026-10-09T11:59:01Z,postcart,10000.0,90.0,0,0
2026-10-09T11:59:01Z,emptycart,10000.0,5.0,0,0
2026-10-09T11:59:02Z,getproduct,10000.0,175.0,0,0
2026-10-09T11:59:02Z,postcheckout,10000.0,30.0,0,0
2026-10-09T11:59:02Z,getcart,10000.0,70.0,0,0
2026-10-09T11:59:02Z,postcart,10000.0,90.0,0,0
2026-10-09T11:59:02Z,emptycart,10000.0,5.0,0,0
2026-10-09T11:59:03Z,getproduct,10000.0,175.0,0,0
2026-10-09T11:59:03Z,postcheckout,10000.0,30.0,0,0
2026-10-09T11:59:03Z,getcart,10000.0,70.0,0,0
2026-10-09T11:59:03Z,postcart,10000.0,90.0,0,0
2026-10-09T11:59:03Z,emptycart,10000.0,5.0,0,0
2026-10-09T11:59:04Z,getproduct,10000.0,175.0,0,0
2026-10-09T11:59:04Z,postcheckout,10000.0,30.0,0,0
2026-10-09T11:59:04Z,getcart,10000.0,70.0,0,0
2026-10-09T11:59:04Z,postcart,10000.0,90.0,0,0
2026-10-09T11:59:04Z,emptycart,10000.0,5.0,0,0
2026-10-09T11:59:05Z,getproduct,10000.0,175.0,1,1
2026-10-09T11:59:05Z,postcheckout,10000.0,30.0,1,1
2026-10-09T11:59:05Z,getcart,10000.0,70.0,1,1
2026-10-09T11:59:05Z,postcart,10000.0,90.0,1,1
2026-10-09T11:59:05Z,emptycart,10000.0,5.0,1,1
2026-10-09T11:59:06Z,getproduct,10000.0,175.0,0,0
2026-10-09T11:59:06Z,postcheckout,10000.0,30.0,0,0
2026-10-09T11:59:06Z,getcart,10000.0,70.0,0,0
2026-10-09T11:59:06Z,postcart,10000.0,90.0,0,0
2026-10-09T11:59:06Z,emptycart,10000.0,5.0,0,0
2026-10-09T11:59:07Z,getproduct,175.0,175.0,1,0
2026-10-09T11:59:07Z,postcheckout,0.0,30.0,1,0
2026-10-09T11:59:07Z,getcart,70.0,70.0,1,0
2026-10-09T11:59:07Z,postcart,90.0,90.0,1,0
2026-10-09T11:59:07Z,emptycart,0.0,5.0,1,0
2026-10-09T11:59:08Z,getproduct,175.0,175.0,0,0
2026-10-09T11:59:08Z,postcheckout,0.0,30.0,0,0
2026-10-09T11:59:08Z,getcart,70.0,70.0,0,0
2026-10-09T11:59:08Z,postcart,90.0,90.0,0,0
2026-10-09T11:59:08Z,emptycart,0.0,5.0,0,0
2026-10-09T11:59:09Z,getproduct,175.0,175.0,0,0
2026-10-09T11:59:09Z,postcheckout,0.0,30.0,0,0
2026-10-09T11:59:09Z,getcart,70.0,70.0,0,0
2026-10-09T11:59:09Z,postcart,90.0,90.0,0,0
2026-10-09T11:59:09Z,emptycart,0.0,5.0,0,0
2026-10-09T11:59:10Z,getproduct,175.0,175.0,1,1
2026-10-09T11:59:10Z,postcheckout,30.0,30.0,1,1
2026-10-09T11:59:10Z,getcart,70.0,70.0,1,1
2026-10-09T11:59:10Z,postcart,90.0,90.0,1,1
2026-10-09T11:59:10Z,emptycart,10000.0,5.0,1,1
2026-10-09T11:59:11Z,getproduct,175.0,175.0,0,0
2026-10-09T11:59:11Z,postcheckout,30.0,30.0,0,0
2026-10-09T11:59:11Z,getcart,70.0,70.0,0,0
2026-10-09T11:59:11Z,postcart,90.0,90.0,0,0
2026-10-09T11:59:11Z,emptycart,10000.0,5.0,0,0
2026-10-09T11:59:12Z,getproduct,175.0,175.0,0,0
2026-10-09T11:59:12Z,postcheckout,30.0,30.0,0,0
2026-10-09T11:59:12Z,getcart,70.0,70.0,0,0
2026-10-09T11:59:12Z,postcart,90.0,90.0,0,0
2026-10-09T11:59:12Z,emptycart,10000.0,5.0,0,0
2026-10-09T11:59:13Z,getproduct,10000.0,175.0,1,0
2026-10-09T11:59:13Z,postcheckout,10000.0,30.0,1,0
2026-10-09T11:59:13Z,getcart,10000.0,70.0,1,0
2026-10-09T11:59:13Z,postcart,10000.0,90.0,1,0
2026-10-09T11:59:13Z,emptycart,0.0,5.0,1,0
2026-10-09T11:59:14Z,getproduct,10000.0,175.0,0,0
2026-10-09T11:59:14Z,postcheckout,10000.0,30.0,0,0
2026-10-09T11:59:14Z,getcart,10000.0,70.0,0,0
2026-10-09T11:59:14Z,postcart,10000.0,90.0,0,0
2026-10-09T11:59:14Z,emptycart,0.0,5.0,0,0
2026-10-09T11:59:15Z,getproduct,175.0,175.0,1,1
2026-10-09T11:59:15Z,postcheckout,30.0,30.0,1,1
2026-10-09T11:59:15Z,getcart,70.0,70.0,1,1
2026-10-09T11:59:15Z,postcart,90.0,90.0,1,1
2026-10-09T11:59:15Z,emptycart,10000.0,5.0,1,1
2026-10-09T11:59:16Z,getproduct,0.0,175.0,1,0
2026-10-09T11:59:16Z,postcheckout,0.0,30.0,1,0
2026-10-09T11:59:16Z,getcart,70.0,70.0,1,0
2026-10-09T11:59:16Z,postcart,0.0,90.0,1,0
2026-10-09T11:59:16Z,emptycart,0.0,5.0,1,0
2026-10-09T11:59:17Z,getproduct,0.0,175.0,0,0
2026-10-09T11:59:17Z,postcheckout,0.0,30.0,0,0
2026-10-09T11:59:17Z,getcart,70.0,70.0,0,0
2026-10-09T11:59:17Z,postcart,0.0,90.0,0,0
2026-10-09T11:59:17Z,emptycart,0.0,5.0,0,0
2026-10-09T11:59:18Z,getproduct,0.0,175.0,0,0
2026-10-09T11:59:18Z,postcheckout,0.0,30.0,0,0
2026-10-09T11:59:18Z,getcart,70.0,70.0,0,0
2026-10-09T11:59:18Z,postcart,0.0,90.0,0,0
2026-10-09T11:59:18Z,emptycart,0.0,5.0,0,0
2026-10-09T11:59:19Z,getproduct,0.0,175.0,0,0
2026-10-09T11:59:19Z,postcheckout,0.0,30.0,0,0
2026-10-09T11:59:19Z,getcart,70.0,70.0,0,0
2026-10-09T11:59:19Z,postcart,0.0,90.0,0,0
2026-10-09T11:59:19Z,emptycart,0.0,5.0,0,0
2026-10-09T11:59:20Z,getproduct,175.0,175.0,1,1
2026-10-09T11:59:20Z,postcheckout,30.0,30.0,1,1
2026-10-09T11:59:20Z,getcart,70.0,70.0,1,1
2026-10-09T11:59:20Z,postcart,90.0,90.0,1,1
2026-10-09T11:59:20Z,emptycart,10000.0,5.0,1,1
2026-10-09T11:59:21Z,getproduct,175.0,175.0,0,0
2026-10-09T11:59:21Z,postcheckout,30.0,30.0,0,0
2026-10-09T11:59:21Z,getcart,70.0,70.0,0,0
2026-10-09T11:59:21Z,postcart,90.0,90.0,0,0
2026-10-09T11:59:21Z,emptycart,10000.0,5.0,0,0
2026-10-09T11:59:22Z,getproduct,10000.0,175.0,1,0
2026-10-09T11:59:22Z,postcheckout,0.0,30.0,1,0
2026-10-09T11:59:22Z,getcart,10000.0,70.0,1,0
2026-10-09T11:59:22Z,postcart,10000.0,90.0,1,0
2026-10-09T11:59:22Z,emptycart,0.0,5.0,1,0
2026-10-09T11:59:23Z,getproduct,10000.0,175.0,0,0
2026-10-09T11:59:23Z,postcheckout,0.0,30.0,0,0
2026-10-09T11:59:23Z,getcart,10000.0,70.0,0,0
2026-10-09T11:59:23Z,postcart,10000.0,90.0,0,0
2026-10-09T11:59:23Z,emptycart,0.0,5.0,0,0
2026-10-09T11:59:24Z,getproduct,10000.0,175.0,0,0
2026-10-09T11:59:24Z,postcheckout,0.0,30.0,0,0
2026-10-09T11:59:24Z,getcart,10000.0,70.0,0,0
2026-10-09T11:59:24Z,postcart,10000.0,90.0,0,0
2026-10-09T11:59:24Z,emptycart,0.0,5.0,0,0
2026-10-09T11:59:25Z,getproduct,10000.0,175.0,1,1
2026-10-09T11:59:25Z,postcheckout,10000.0,30.0,1,1
2026-10-09T11:59:25Z,getcart,10000.0,70.0,1,1
2026-10-09T11:59:25Z,postcart,10000.0,90.0,1,1
2026-10-09T11:59:25Z,emptycart,10000.0,5.0,1,1
2026-10-09T11:59:26Z,getproduct,10000.0,175.0,0,0
2026-10-09T11:59:26Z,postcheckout,10000.0,30.0,0,0
2026-10-09T11:59:26Z,getcart,10000.0,70.0,0,0
2026-10-09T11:59:26Z,postcart,10000.0,90.0,0,0
2026-10-09T11:59:26Z,emptycart,10000.0,5.0,0,0
2026-10-09T11:59:27Z,getproduct,10000.0,175.0,0,0
2026-10-09T11:59:27Z,postcheckout,10000.0,30.0,0,0
2026-10-09T11:59:27Z,getcart,10000.0,70.0,0,0
2026-10-09T11:59:27Z,postcart,10000.0,90.0,0,0
2026-10-09T11:59:27Z,emptycart,10000.0,5.0,0,0
2026-10-09T11:59:28Z,getproduct,10000.0,175.0,0,0
2026-10-09T11:59:28Z,postcheckout,10000.0,30.0,0,0
2026-10-09T11:59:28Z,getcart,10000.0,70.0,0,0
2026-10-09T11:59:28Z,postcart,10000.0,90.0,0,0
2026-10-09T11:59:28Z,emptycart,10000.0,5.0,0,0
2026-10-09T11:59:29Z,getproduct,10000.0,175.0,0,0
2026-10-09T11:59:29Z,postcheckout,10000.0,30.0,0,0
2026-10-09T11:59:29Z,getcart,10000.0,70.0,0,0
2026-10-09T11:59:29Z,postcart,10000.0,90.0,0,0
2026-10-09T11:59:29Z,emptycart,10000.0,5.0,0,0
2026-10-09T11:59:30Z,getproduct,10000.0,175.0,1,1
2026-10-09T11:59:30Z,postcheckout,10000.0,30.0,1,1
2026-10-09T11:59:30Z,getcart,10000.0,70.0,1,1
2026-10-09T11:59:30Z,postcart,10000.0,90.0,1,1
2026-10-09T11:59:30Z,emptycart,10000.0,5.0,1,1
2026-10-09T11:59:31Z,getproduct,10000.0,175.0,0,0
2026-10-09T11:59:31Z,postcheckout,10000.0,30.0,0,0
2026-10-09T11:59:31Z,getcart,10000.0,70.0,0,0
2026-10-09T11:59:31Z,postcart,10000.0,90.0,0,0
2026-10-09T11:59:31Z,emptycart,10000.0,5.0,0,0
2026-10-09T11:59:32Z,getproduct,10000.0,175.0,0,0
2026-10-09T11:59:32Z,postcheckout,10000.0,30.0,0,0
2026-10-09T11:59:32Z,getcart,10000.0,70.0,0,0
2026-10-09T11:59:32Z,postcart,10000.0,90.0,0,0
2026-10-09T11:59:32Z,emptycart,10000.0,5.0,0,0
2026-10-09T11:59:33Z,getproduct,10000.0,175.0,0,0
2026-10-09T11:59:33Z,postcheckout,10000.0,30.0,0,0
2026-10-09T11:59:33Z,getcart,10000.0,70.0,0,0
2026-10-09T11:59:33Z,postcart,10000.0,90.0,0,0
2026-10-09T11:59:33Z,emptycart,10000.0,5.0,0,0
2026-10-09T11:59:34Z,getproduct,10000.0,175.0,0,0
2026-10-09T11:59:34Z,postcheckout,10000.0,30.0,0,0
2026-10-09T11:59:34Z,getcart,10000.0,70.0,0,0
2026-10-09T11:59:34Z,postcart,10000.0,90.0,0,0
2026-10-09T11:59:34Z,emptycart,10000.0,5.0,0,0
2026-10-09T11:59:35Z,getproduct,175.0,175.0,1,1
2026-10-09T11:59:35Z,postcheckout,30.0,30.0,1,1
2026-10-09T11:59:35Z,getcart,70.0,70.0,1,1
2026-10-09T11:59:35Z,postcart,90.0,90.0,1,1
2026-10-09T11:59:35Z,emptycart,10000.0,5.0,1,1
2026-10-09T11:59:36Z,getproduct,175.0,175.0,0,0
2026-10-09T11:59:36Z,postcheckout,30.0,30.0,0,0
2026-10-09T11:59:36Z,getcart,70.0,70.0,0,0
2026-10-09T11:59:36Z,postcart,90.0,90.0,0,0
2026-10-09T11:59:36Z,emptycart,10000.0,5.0,0,0
2026-10-09T11:59:37Z,getproduct,175.0,175.0,0,0
2026-10-09T11:59:37Z,postcheckout,30.0,30.0,0,0
2026-10-09T11:59:37Z,getcart,70.0,70.0,0,0
2026-10-09T11:59:37Z,postcart,90.0,90.0,0,0
2026-10-09T11:59:37Z,emptycart,10000.0,5.0,0,0
2026-10-09T11:59:38Z,getproduct,175.0,175.0,0,0
2026-10-09T11:59:38Z,postcheckout,30.0,30.0,0,0
2026-10-09T11:59:38Z,getcart,70.0,70.0,0,0
2026-10-09T11:59:38Z,postcart,90.0,90.0,0,0
2026-10-09T11:59:38Z,emptycart,10000.0,5.0,0,0
2026-10-09T11:59:39Z,getproduct,175.0,175.0,0,0
2026-10-09T11:59:39Z,postcheckout,30.0,30.0,0,0
2026-10-09T11:59:39Z,getcart,70.0,70.0,0,0
2026-10-09T11:59:39Z,postcart,90.0,90.0,0,0
2026-10-09T11:59:39Z,emptycart,10000.0,5.0,0,0
2026-10-09T11:59:40Z,getproduct,175.0,175.0,1,1
2026-10-09T11:59:40Z,postcheckout,30.0,30.0,1,1
2026-10-09T11:59:40Z,getcart,70.0,70.0,1,1
2026-10-09T11:59:40Z,postcart,90.0,90.0,1,1
2026-10-09T11:59:40Z,emptycart,10000.0,5.0,1,1
2026-10-09T11:59:41Z,getproduct,175.0,175.0,0,0
2026-10-09T11:59:41Z,postcheckout,30.0,30.0,0,0
2026-10-09T11:59:41Z,getcart,70.0,70.0,0,0
2026-10-09T11:59:41Z,postcart,90.0,90.0,0,0
2026-10-09T11:59:41Z,emptycart,10000.0,5.0,0,0
2026-10-09T11:59:42Z,getproduct,175.0,175.0,0,0
2026-10-09T11:59:42Z,postcheckout,30.0,30.0,0,0
2026-10-09T11:59:42Z,getcart,70.0,70.0,0,0
2026-10-09T11:59:42Z,postcart,90.0,90.0,0,0
2026-10-09T11:59:42Z,emptycart,10000.0,5.0,0,0
2026-10-09T11:59:43Z,getproduct,175.0,175.0,0,0
2026-10-09T11:59:43Z,postcheckout,30.0,30.0,0,0
2026-10-09T11:59:43Z,getcart,70.0,70.0,0,0
2026-10-09T11:59:43Z,postcart,90.0,90.0,0,0
2026-10-09T11:59:43Z,emptycart,10000.0,5.0,0,0
2026-10-09T11:59:44Z,getproduct,175.0,175.0,0,0
2026-10-09T11:59:44Z,postcheckout,30.0,30.0,0,0
2026-10-09T11:59:44Z,getcart,70.0,70.0,0,0
2026-10-09T11:59:44Z,postcart,90.0,90.0,0,0
2026-10-09T11:59:44Z,emptycart,10000.0,5.0,0,0
2026-10-09T11:59:45Z,getproduct,175.0,175.0,1,1
2026-10-09T11:59:45Z,postcheckout,30.0,30.0,1,1
2026-10-09T11:59:45Z,getcart,70.0,70.0,1,1
2026-10-09T11:59:45Z,postcart,90.0,90.0,1,1
2026-10-09T11:59:45Z,emptycart,10000.0,5.0,1,1
2026-10-09T11:59:46Z,getproduct,175.0,175.0,0,0
2026-10-09T11:59:46Z,postcheckout,30.0,30.0,0,0
2026-10-09T11:59:46Z,getcart,70.0,70.0,0,0
2026-10-09T11:59:46Z,postcart,90.0,90.0,0,0
2026-10-09T11:59:46Z,emptycart,10000.0,5.0,0,0
2026-10-09T11:59:47Z,getproduct,10000.0,175.0,1,0
2026-10-09T11:59:47Z,postcheckout,10000.0,30.0,1,0
2026-10-09T11:59:47Z,getcart,10000.0,70.0,1,0
2026-10-09T11:59:47Z,postcart,10000.0,90.0,1,0
2026-10-09T11:59:47Z,emptycart,0.0,5.0,1,0
2026-10-09T11:59:48Z,getproduct,10000.0,175.0,0,0
2026-10-09T11:59:48Z,postcheckout,10000.0,30.0,0,0
2026-10-09T11:59:48Z,getcart,10000.0,70.0,0,0
2026-10-09T11:59:48Z,postcart,10000.0,90.0,0,0
2026-10-09T11:59:48Z,emptycart,0.0,5.0,0,0
2026-10-09T11:59:49Z,getproduct,10000.0,175.0,0,0
2026-10-09T11:59:49Z,postcheckout,10000.0,30.0,0,0
2026-10-09T11:59:49Z,getcart,10000.0,70.0,0,0
2026-10-09T11:59:49Z,postcart,10000.0,90.0,0,0
2026-10-09T11:59:49Z,emptycart,0.0,5.0,0,0
2026-10-09T11:59:50Z,getproduct,10000.0,175.0,1,1
2026-10-09T11:59:50Z,postcheckout,10000.0,30.0,1,1
2026-10-09T11:59:50Z,getcart,10000.0,70.0,1,1
2026-10-09T11:59:50Z,postcart,10000.0,90.0,1,1
2026-10-09T11:59:50Z,emptycart,10000.0,5.0,1,1
2026-10-09T11:59:51Z,getproduct,10000.0,175.0,0,0
2026-10-09T11:59:51Z,postcheckout,10000.0,30.0,0,0
2026-10-09T11:59:51Z,getcart,10000.0,70.0,0,0
2026-10-09T11:59:51Z,postcart,10000.0,90.0,0,0
2026-10-09T11:59:51Z,emptycart,10000.0,5.0,0,0
2026-10-09T11:59:52Z,getproduct,10000.0,175.0,0,0
2026-10-09T11:59:52Z,postcheckout,10000.0,30.0,0,0
2026-10-09T11:59:52Z,getcart,10000.0,70.0,0,0
2026-10-09T11:59:52Z,postcart,10000.0,90.0,0,0
2026-10-09T11:59:52Z,emptycart,10000.0,5.0,0,0
2026-10-09T11:59:53Z,getproduct,10000.0,175.0,0,0
2026-10-09T11:59:53Z,postcheckout,10000.0,30.0,0,0
2026-10-09T11:59:53Z,getcart,10000.0,70.0,0,0
2026-10-09T11:59:53Z,postcart,10000.0,90.0,0,0
2026-10-09T11:59:53Z,emptycart,10000.0,5.0,0,0
2026-10-09T11:59:54Z,getproduct,10000.0,175.0,1,0
2026-10-09T11:59:54Z,postcheckout,10000.0,30.0,1,0
2026-10-09T11:59:54Z,getcart,10000.0,70.0,1,0
2026-10-09T11:59:54Z,postcart,10000.0,90.0,1,0
2026-10-09T11:59:54Z,emptycart,0.0,5.0,1,0
2026-10-09T11:59:55Z,getproduct,10000.0,175.0,1,1
2026-10-09T11:59:55Z,postcheckout,10000.0,30.0,1,1
2026-10-09T11:59:55Z,getcart,10000.0,70.0,1,1
2026-10-09T11:59:55Z,postcart,10000.0,90.0,1,1
2026-10-09T11:59:55Z,emptycart,10000.0,5.0,1,1
2026-10-09T11:59:56Z,getproduct,10000.0,175.0,0,0
2026-10-09T11:59:56Z,postcheckout,10000.0,30.0,0,0
2026-10-09T11:59:56Z,getcart,10000.0,70.0,0,0
2026-10-09T11:59:56Z,postcart,10000.0,90.0,0,0
2026-10-09T11:59:56Z,emptycart,10000.0,5.0,0,0
2026-10-09T11:59:57Z,getproduct,10000.0,175.0,0,0
2026-10-09T11:59:57Z,postcheckout,10000.0,30.0,0,0
2026-10-09T11:59:57Z,getcart,10000.0,70.0,0,0
2026-10-09T11:59:57Z,postcart,10000.0,90.0,0,0
2026-10-09T11:59:57Z,emptycart,10000.0,5.0,0,0
2026-10-09T11:59:58Z,getproduct,10000.0,175.0,0,0
2026-10-09T11:59:58Z,postcheckout,10000.0,30.0,0,0
2026-10-09T11:59:58Z,getcart,10000.0,70.0,0,0
2026-10-09T11:59:58Z,postcart,10000.0,90.0,0,0
2026-10-09T11:59:58Z,emptycart,10000.0,5.0,0,0
2026-10-09T11:59:59Z,getproduct,10000.0,175.0,0,0
2026-10-09T11:59:59Z,postcheckout,10000.0,30.0,0,0
2026-10-09T11:59:59Z,getcart,10000.0,70.0,0,0
2026-10-09T11:59:59Z,postcart,10000.0,90.0,0,0
2026-10-09T11:59:59Z,emptycart,10000.0,5.0,0,0
2026-10-09T12:00:00Z,getproduct,175.0,175.0,1,1
2026-10-09T12:00:00Z,postcheckout,30.0,30.0,1,1
2026-10-09T12:00:00Z,getcart,70.0,70.0,1,1
2026-10-09T12:00:00Z,postcart,90.0,90.0,1,1
2026-10-09T12:00:00Z,emptycart,10000.0,5.0,1,1
2026-10-09T12:00:01Z,getproduct,175.0,175.0,0,0
2026-10-09T12:00:01Z,postcheckout,30.0,30.0,0,0
2026-10-09T12:00:01Z,getcart,70.0,70.0,0,0
2026-10-09T12:00:01Z,postcart,90.0,90.0,0,0
2026-10-09T12:00:01Z,emptycart,10000.0,5.0,0,0
2026-10-09T12:00:02Z,getproduct,175.0,175.0,0,0
2026-10-09T12:00:02Z,postcheckout,30.0,30.0,0,0
2026-10-09T12:00:02Z,getcart,70.0,70.0,0,0
2026-10-09T12:00:02Z,postcart,90.0,90.0,0,0
2026-10-09T12:00:02Z,emptycart,10000.0,5.0,0,0
2026-10-09T12:00:03Z,getproduct,175.0,175.0,0,0
2026-10-09T12:00:03Z,postcheckout,30.0,30.0,0,0
2026-10-09T12:00:03Z,getcart,70.0,70.0,0,0
2026-10-09T12:00:03Z,postcart,90.0,90.0,0,0
2026-10-09T12:00:03Z,emptycart,10000.0,5.0,0,0
2026-10-09T12:00:04Z,getproduct,175.0,175.0,0,0
2026-10-09T12:00:04Z,postcheckout,30.0,30.0,0,0
2026-10-09T12:00:04Z,getcart,70.0,70.0,0,0
2026-10-09T12:00:04Z,postcart,90.0,90.0,0,0
2026-10-09T12:00:04Z,emptycart,10000.0,5.0,0,0
2026-10-09T12:00:05Z,getproduct,175.0,175.0,1,1
2026-10-09T12:00:05Z,postcheckout,30.0,30.0,1,1
2026-10-09T12:00:05Z,getcart,70.0,70.0,1,1
2026-10-09T12:00:05Z,postcart,90.0,90.0,1,1
2026-10-09T12:00:05Z,emptycart,10000.0,5.0,1,1
2026-10-09T12:00:06Z,getproduct,175.0,175.0,0,0
2026-10-09T12:00:06Z,postcheckout,30.0,30.0,0,0
2026-10-09T12:00:06Z,getcart,70.0,70.0,0,0
2026-10-09T12:00:06Z,postcart,90.0,90.0,0,0
2026-10-09T12:00:06Z,emptycart,10000.0,5.0,0,0
2026-10-09T12:00:07Z,getproduct,175.0,175.0,0,0
2026-10-09T12:00:07Z,postcheckout,30.0,30.0,0,0
2026-10-09T12:00:07Z,getcart,70.0,70.0,0,0
2026-10-09T12:00:07Z,postcart,90.0,90.0,0,0
2026-10-09T12:00:07Z,emptycart,10000.0,5.0,0,0
2026-10-09T12:00:08Z,getproduct,175.0,175.0,0,0
2026-10-09T12:00:08Z,postcheckout,30.0,30.0,0,0
2026-10-09T12:00:08Z,getcart,70.0,70.0,0,0
2026-10-09T12:00:08Z,postcart,90.0,90.0,0,0
2026-10-09T12:00:08Z,emptycart,10000.0,5.0,0,0
2026-10-09T12:00:09Z,getproduct,175.0,175.0,0,0
2026-10-09T12:00:09Z,postcheckout,30.0,30.0,0,0
2026-10-09T12:00:09Z,getcart,70.0,70.0,0,0
2026-10-09T12:00:09Z,postcart,90.0,90.0,0,0
2026-10-09T12:00:09Z,emptycart,10000.0,5.0,0,0
2026-10-09T12:00:10Z,getproduct,175.0,175.0,1,1
2026-10-09T12:00:10Z,postcheckout,30.0,30.0,1,1
2026-10-09T12:00:10Z,getcart,70.0,70.0,1,1
2026-10-09T12:00:10Z,postcart,90.0,90.0,1,1
2026-10-09T12:00:10Z,emptycart,10000.0,5.0,1,1
2026-10-09T12:00:11Z,getproduct,175.0,175.0,0,0
2026-10-09T12:00:11Z,postcheckout,30.0,30.0,0,0
2026-10-09T12:00:11Z,getcart,70.0,70.0,0,0
2026-10-09T12:00:11Z,postcart,90.0,90.0,0,0
2026-10-09T12:00:11Z,emptycart,10000.0,5.0,0,0
2026-10-09T12:00:12Z,getproduct,175.0,175.0,0,0
2026-10-09T12:00:12Z,postcheckout,30.0,30.0,0,0
2026-10-09T12:00:12Z,getcart,70.0,70.0,0,0
2026-10-09T12:00:12Z,postcart,90.0,90.0,0,0
2026-10-09T12:00:12Z,emptycart,10000.0,5.0,0,0
2026-10-09T12:00:13Z,getproduct,175.0,175.0,1,0
2026-10-09T12:00:13Z,postcheckout,30.0,30.0,1,0
2026-10-09T12:00:13Z,getcart,70.0,70.0,1,0
2026-10-09T12:00:13Z,postcart,90.0,90.0,1,0
2026-10-09T12:00:13Z,emptycart,0.0,5.0,1,0
2026-10-09T12:00:14Z,getproduct,175.0,175.0,0,0
2026-10-09T12:00:14Z,postcheckout,30.0,30.0,0,0
2026-10-09T12:00:14Z,getcart,70.0,70.0,0,0
2026-10-09T12:00:14Z,postcart,90.0,90.0,0,0
2026-10-09T12:00:14Z,emptycart,0.0,5.0,0,0
2026-10-09T12:00:15Z,getproduct,10000.0,175.0,1,1
2026-10-09T12:00:15Z,postcheckout,10000.0,30.0,1,1
2026-10-09T12:00:15Z,getcart,10000.0,70.0,1,1
2026-10-09T12:00:15Z,postcart,10000.0,90.0,1,1
2026-10-09T12:00:15Z,emptycart,10000.0,5.0,1,1
2026-10-09T12:00:16Z,getproduct,10000.0,175.0,0,0
2026-10-09T12:00:16Z,postcheckout,10000.0,30.0,0,0
2026-10-09T12:00:16Z,getcart,10000.0,70.0,0,0
2026-10-09T12:00:16Z,postcart,10000.0,90.0,0,0
2026-10-09T12:00:16Z,emptycart,10000.0,5.0,0,0
2026-10-09T12:00:17Z,getproduct,10000.0,175.0,0,0
2026-10-09T12:00:17Z,postcheckout,10000.0,30.0,0,0
2026-10-09T12:00:17Z,getcart,10000.0,70.0,0,0
2026-10-09T12:00:17Z,postcart,10000.0,90.0,0,0
2026-10-09T12:00:17Z,emptycart,10000.0,5.0,0,0
2026-10-09T12:00:18Z,getproduct,10000.0,175.0,0,0
2026-10-09T12:00:18Z,postcheckout,10000.0,30.0,0,0
2026-10-09T12:00:18Z,getcart,10000.0,70.0,0,0
2026-10-09T12:00:18Z,postcart,10000.0,90.0,0,0
2026-10-09T12:00:18Z,emptycart,10000.0,5.0,0,0
2026-10-09T12:00:19Z,getproduct,10000.0,175.0,0,0
2026-10-09T12:00:19Z,postcheckout,10000.0,30.0,0,0
2026-10-09T12:00:19Z,getcart,10000.0,70.0,0,0
2026-10-09T12:00:19Z,postcart,10000.0,90.0,0,0
2026-10-09T12:00:19Z,emptycart,10000.0,5.0,0,0
2026-10-09T12:00:20Z,getproduct,10000.0,175.0,1,1
2026-10-09T12:00:20Z,postcheckout,10000.0,30.0,1,1
2026-10-09T12:00:20Z,getcart,10000.0,70.0,1,1
2026-10-09T12:00:20Z,postcart,10000.0,90.0,1,1
2026-10-09T12:00:20Z,emptycart,10000.0,5.0,1,1
2026-10-09T12:00:21Z,getproduct,10000.0,175.0,0,0
2026-10-09T12:00:21Z,postcheckout,10000.0,30.0,0,0
2026-10-09T12:00:21Z,getcart,10000.0,70.0,0,0
2026-10-09T12:00:21Z,postcart,10000.0,90.0,0,0
2026-10-09T12:00:21Z,emptycart,10000.0,5.0,0,0
2026-10-09T12:00:22Z,getproduct,175.0,175.0,1,0
2026-10-09T12:00:22Z,postcheckout,0.0,30.0,1,0
2026-10-09T12:00:22Z,getcart,70.0,70.0,1,0
2026-10-09T12:00:22Z,postcart,90.0,90.0,1,0
2026-10-09T12:00:22Z,emptycart,0.0,5.0,1,0
2026-10-09T12:00:23Z,getproduct,175.0,175.0,0,0
2026-10-09T12:00:23Z,postcheckout,0.0,30.0,0,0
2026-10-09T12:00:23Z,getcart,70.0,70.0,0,0
2026-10-09T12:00:23Z,postcart,90.0,90.0,0,0
2026-10-09T12:00:23Z,emptycart,0.0,5.0,0,0
2026-10-09T12:00:24Z,getproduct,175.0,175.0,0,0
2026-10-09T12:00:24Z,postcheckout,0.0,30.0,0,0
2026-10-09T12:00:24Z,getcart,70.0,70.0,0,0
2026-10-09T12:00:24Z,postcart,90.0,90.0,0,0
2026-10-09T12:00:24Z,emptycart,0.0,5.0,0,0
2026-10-09T12:00:25Z,getproduct,175.0,175.0,1,1
2026-10-09T12:00:25Z,postcheckout,30.0,30.0,1,1
2026-10-09T12:00:25Z,getcart,70.0,70.0,1,1
2026-10-09T12:00:25Z,postcart,90.0,90.0,1,1
2026-10-09T12:00:25Z,emptycart,10000.0,5.0,1,1
2026-10-09T12:00:26Z,getproduct,175.0,175.0,0,0
2026-10-09T12:00:26Z,postcheckout,30.0,30.0,0,0
2026-10-09T12:00:26Z,getcart,70.0,70.0,0,0
2026-10-09T12:00:26Z,postcart,90.0,90.0,0,0
2026-10-09T12:00:26Z,emptycart,10000.0,5.0,0,0
2026-10-09T12:00:27Z,getproduct,175.0,175.0,0,0
2026-10-09T12:00:27Z,postcheckout,30.0,30.0,0,0
2026-10-09T12:00:27Z,getcart,70.0,70.0,0,0
2026-10-09T12:00:27Z,postcart,90.0,90.0,0,0
2026-10-09T12:00:27Z,emptycart,10000.0,5.0,0,0
2026-10-09T12:00:28Z,getproduct,175.0,175.0,0,0
2026-10-09T12:00:28Z,postcheckout,30.0,30.0,0,0
2026-10-09T12:00:28Z,getcart,70.0,70.0,0,0
2026-10-09T12:00:28Z,postcart,90.0,90.0,0,0
2026-10-09T12:00:28Z,emptycart,10000.0,5.0,0,0
2026-10-09T12:00:29Z,getproduct,175.0,175.0,0,0
2026-10-09T12:00:29Z,postcheckout,30.0,30.0,0,0
2026-10-09T12:00:29Z,getcart,70.0,70.0,0,0
2026-10-09T12:00:29Z,postcart,90.0,90.0,0,0
2026-10-09T12:00:29Z,emptycart,10000.0,5.0,0,0
2026-10-09T12:00:30Z,getproduct,175.0,175.0,1,1
2026-10-09T12:00:30Z,postcheckout,30.0,30.0,1,1
2026-10-09T12:00:30Z,getcart,70.0,70.0,1,1
2026-10-09T12:00:30Z,postcart,90.0,90.0,1,1
2026-10-09T12:00:30Z,emptycart,10000.0,5.0,1,1
2026-10-09T12:00:31Z,getproduct,175.0,175.0,0,0
2026-10-09T12:00:31Z,postcheckout,30.0,30.0,0,0
2026-10-09T12:00:31Z,getcart,70.0,70.0,0,0
2026-10-09T12:00:31Z,postcart,90.0,90.0,0,0
2026-10-09T12:00:31Z,emptycart,10000.0,5.0,0,0
2026-10-09T12:00:32Z,getproduct,175.0,175.0,0,0
2026-10-09T12:00:32Z,postcheckout,30.0,30.0,0,0
2026-10-09T12:00:32Z,getcart,70.0,70.0,0,0
2026-10-09T12:00:32Z,postcart,90.0,90.0,0,0
2026-10-09T12:00:32Z,emptycart,10000.0,5.0,0,0
2026-10-09T12:00:33Z,getproduct,175.0,175.0,0,0
2026-10-09T12:00:33Z,postcheckout,30.0,30.0,0,0
2026-10-09T12:00:33Z,getcart,70.0,70.0,0,0
2026-10-09T12:00:33Z,postcart,90.0,90.0,0,0
2026-10-09T12:00:33Z,emptycart,10000.0,5.0,0,0
2026-10-09T12:00:34Z,getproduct,175.0,175.0,0,0
2026-10-09T12:00:34Z,postcheckout,30.0,30.0,0,0
2026-10-09T12:00:34Z,getcart,70.0,70.0,0,0
2026-10-09T12:00:34Z,postcart,90.0,90.0,0,0
2026-10-09T12:00:34Z,emptycart,10000.0,5.0,0,0
2026-10-09T12:00:35Z,getproduct,175.0,175.0,1,1
2026-10-09T12:00:35Z,postcheckout,30.0,30.0,1,1
2026-10-09T12:00:35Z,getcart,70.0,70.0,1,1
2026-10-09T12:00:35Z,postcart,90.0,90.0,1,1
2026-10-09T12:00:35Z,emptycart,10000.0,5.0,1,1
2026-10-09T12:00:36Z,getproduct,175.0,175.0,0,0
2026-10-09T12:00:36Z,postcheckout,30.0,30.0,0,0
2026-10-09T12:00:36Z,getcart,70.0,70.0,0,0
2026-10-09T12:00:36Z,postcart,90.0,90.0,0,0
2026-10-09T12:00:36Z,emptycart,10000.0,5.0,0,0
2026-10-09T12:00:37Z,getproduct,10000.0,175.0,1,0
2026-10-09T12:00:37Z,postcheckout,10000.0,30.0,1,0
2026-10-09T12:00:37Z,getcart,10000.0,70.0,1,0
2026-10-09T12:00:37Z,postcart,10000.0,90.0,1,0
2026-10-09T12:00:37Z,emptycart,0.0,5.0,1,0
2026-10-09T12:00:38Z,getproduct,10000.0,175.0,0,0
2026-10-09T12:00:38Z,postcheckout,10000.0,30.0,0,0
2026-10-09T12:00:38Z,getcart,10000.0,70.0,0,0
2026-10-09T12:00:38Z,postcart,10000.0,90.0,0,0
2026-10-09T12:00:38Z,emptycart,0.0,5.0,0,0
2026-10-09T12:00:39Z,getproduct,10000.0,175.0,0,0
2026-10-09T12:00:39Z,postcheckout,10000.0,30.0,0,0
2026-10-09T12:00:39Z,getcart,10000.0,70.0,0,0
2026-10-09T12:00:39Z,postcart,10000.0,90.0,0,0
2026-10-09T12:00:39Z,emptycart,0.0,5.0,0,0
2026-10-09T12:00:40Z,getproduct,10000.0,175.0,1,1
2026-10-09T12:00:40Z,postcheckout,10000.0,30.0,1,1
2026-10-09T12:00:40Z,getcart,10000.0,70.0,1,1
2026-10-09T12:00:40Z,postcart,10000.0,90.0,1,1
2026-10-09T12:00:40Z,emptycart,10000.0,5.0,1,1
2026-10-09T12:00:41Z,getproduct,10000.0,175.0,0,0
2026-10-09T12:00:41Z,postcheckout,10000.0,30.0,0,0
2026-10-09T12:00:41Z,getcart,10000.0,70.0,0,0
2026-10-09T12:00:41Z,postcart,10000.0,90.0,0,0
2026-10-09T12:00:41Z,emptycart,10000.0,5.0,0,0
2026-10-09T12:00:42Z,getproduct,10000.0,175.0,0,0
2026-10-09T12:00:42Z,postcheckout,10000.0,30.0,0,0
2026-10-09T12:00:42Z,getcart,10000.0,70.0,0,0
2026-10-09T12:00:42Z,postcart,10000.0,90.0,0,0
2026-10-09T12:00:42Z,emptycart,10000.0,5.0,0,0
2026-10-09T12:00:43Z,getproduct,10000.0,175.0,0,0
2026-10-09T12:00:43Z,postcheckout,10000.0,30.0,0,0
2026-10-09T12:00:43Z,getcart,10000.0,70.0,0,0
2026-10-09T12:00:43Z,postcart,10000.0,90.0,0,0
2026-10-09T12:00:43Z,emptycart,10000.0,5.0,0,0
2026-10-09T12:00:44Z,getproduct,10000.0,175.0,0,0
2026-10-09T12:00:44Z,postcheckout,10000.0,30.0,0,0
2026-10-09T12:00:44Z,getcart,10000.0,70.0,0,0
2026-10-09T12:00:44Z,postcart,10000.0,90.0,0,0
2026-10-09T12:00:44Z,emptycart,10000.0,5.0,0,0
2026-10-09T12:00:45Z,getproduct,175.0,175.0,1,1
2026-10-09T12:00:45Z,postcheckout,30.0,30.0,1,1
2026-10-09T12:00:45Z,getcart,70.0,70.0,1,1
2026-10-09T12:00:45Z,postcart,90.0,90.0,1,1
2026-10-09T12:00:45Z,emptycart,10000.0,5.0,1,1
2026-10-09T12:00:46Z,getproduct,10000.0,175.0,1,0
2026-10-09T12:00:46Z,postcheckout,0.0,30.0,1,0
2026-10-09T12:00:46Z,getcart,10000.0,70.0,1,0
2026-10-09T12:00:46Z,postcart,0.0,90.0,1,0
2026-10-09T12:00:46Z,emptycart,0.0,5.0,1,0
2026-10-09T12:00:47Z,getproduct,175.0,175.0,1,0
2026-10-09T12:00:47Z,postcheckout,30.0,30.0,1,0
2026-10-09T12:00:47Z,getcart,70.0,70.0,1,0
2026-10-09T12:00:47Z,postcart,90.0,90.0,1,0
2026-10-09T12:00:47Z,emptycart,0.0,5.0,1,0
2026-10-09T12:00:48Z,getproduct,175.0,175.0,0,0
2026-10-09T12:00:48Z,postcheckout,30.0,30.0,0,0
2026-10-09T12:00:48Z,getcart,70.0,70.0,0,0
2026-10-09T12:00:48Z,postcart,90.0,90.0,0,0
2026-10-09T12:00:48Z,emptycart,0.0,5.0,0,0
2026-10-09T12:00:49Z,getproduct,175.0,175.0,0,0
2026-10-09T12:00:49Z,postcheckout,30.0,30.0,0,0
2026-10-09T12:00:49Z,getcart,70.0,70.0,0,0
2026-10-09T12:00:49Z,postcart,90.0,90.0,0,0
2026-10-09T12:00:49Z,emptycart,0.0,5.0,0,0
2026-10-09T12:00:50Z,getproduct,175.0,175.0,1,1
2026-10-09T12:00:50Z,postcheckout,30.0,30.0,1,1
2026-10-09T12:00:50Z,getcart,70.0,70.0,1,1
2026-10-09T12:00:50Z,postcart,90.0,90.0,1,1
2026-10-09T12:00:50Z,emptycart,10000.0,5.0,1,1
2026-10-09T12:00:51Z,getproduct,175.0,175.0,0,0
2026-10-09T12:00:51Z,postcheckout,30.0,30.0,0,0
2026-10-09T12:00:51Z,getcart,70.0,70.0,0,0
2026-10-09T12:00:51Z,postcart,90.0,90.0,0,0
2026-10-09T12:00:51Z,emptycart,10000.0,5.0,0,0
2026-10-09T12:00:52Z,getproduct,175.0,175.0,0,0
2026-10-09T12:00:52Z,postcheckout,30.0,30.0,0,0
2026-10-09T12:00:52Z,getcart,70.0,70.0,0,0
2026-10-09T12:00:52Z,postcart,90.0,90.0,0,0
2026-10-09T12:00:52Z,emptycart,10000.0,5.0,0,0
2026-10-09T12:00:53Z,getproduct,175.0,175.0,0,0
2026-10-09T12:00:53Z,postcheckout,30.0,30.0,0,0
2026-10-09T12:00:53Z,getcart,70.0,70.0,0,0
2026-10-09T12:00:53Z,postcart,90.0,90.0,0,0
2026-10-09T12:00:53Z,emptycart,10000.0,5.0,0,0
2026-10-09T12:00:54Z,getproduct,175.0,175.0,0,0
2026-10-09T12:00:54Z,postcheckout,30.0,30.0,0,0
2026-10-09T12:00:54Z,getcart,70.0,70.0,0,0
2026-10-09T12:00:54Z,postcart,90.0,90.0,0,0
2026-10-09T12:00:54Z,emptycart,10000.0,5.0,0,0
2026-10-09T12:00:55Z,getproduct,175.0,175.0,1,1
2026-10-09T12:00:55Z,postcheckout,30.0,30.0,1,1
2026-10-09T12:00:55Z,getcart,70.0,70.0,1,1
2026-10-09T12:00:55Z,postcart,90.0,90.0,1,1
2026-10-09T12:00:55Z,emptycart,10000.0,5.0,1,1
2026-10-09T12:00:56Z,getproduct,175.0,175.0,1,0
2026-10-09T12:00:56Z,postcheckout,30.0,30.0,1,0
2026-10-09T12:00:56Z,getcart,70.0,70.0,1,0
2026-10-09T12:00:56Z,postcart,90.0,90.0,1,0
2026-10-09T12:00:56Z,emptycart,0.0,5.0,1,0
2026-10-09T12:00:57Z,getproduct,175.0,175.0,0,0
2026-10-09T12:00:57Z,postcheckout,30.0,30.0,0,0
2026-10-09T12:00:57Z,getcart,70.0,70.0,0,0
2026-10-09T12:00:57Z,postcart,90.0,90.0,0,0
2026-10-09T12:00:57Z,emptycart,0.0,5.0,0,0
2026-10-09T12:00:58Z,getproduct,175.0,175.0,0,0
2026-10-09T12:00:58Z,postcheckout,30.0,30.0,0,0
2026-10-09T12:00:58Z,getcart,70.0,70.0,0,0
2026-10-09T12:00:58Z,postcart,90.0,90.0,0,0
2026-10-09T12:00:58Z,emptycart,0.0,5.0,0,0
2026-10-09T12:00:59Z,getproduct,175.0,175.0,0,0
2026-10-09T12:00:59Z,postcheckout,30.0,30.0,0,0
2026-10-09T12:00:59Z,getcart,70.0,70.0,0,0
2026-10-09T12:00:59Z,postcart,90.0,90.0,0,0
2026-10-09T12:00:59Z,emptycart,0.0,5.0,0,0
2026-10-09T12:01:00Z,getproduct,175.0,175.0,1,1
2026-10-09T12:01:00Z,postcheckout,30.0,30.0,1,1
2026-10-09T12:01:00Z,getcart,70.0,70.0,1,1
2026-10-09T12:01:00Z,postcart,90.0,90.0,1,1
2026-10-09T12:01:00Z,emptycart,10000.0,5.0,1,1
2026-10-09T12:01:01Z,getproduct,175.0,175.0,0,0
2026-10-09T12:01:01Z,postcheckout,30.0,30.0,0,0
2026-10-09T12:01:01Z,getcart,70.0,70.0,0,0
2026-10-09T12:01:01Z,postcart,90.0,90.0,0,0
2026-10-09T12:01:01Z,emptycart,10000.0,5.0,0,0
2026-10-09T12:01:02Z,getproduct,175.0,175.0,0,0
2026-10-09T12:01:02Z,postcheckout,30.0,30.0,0,0
2026-10-09T12:01:02Z,getcart,70.0,70.0,0,0
2026-10-09T12:01:02Z,postcart,90.0,90.0,0,0
2026-10-09T12:01:02Z,emptycart,10000.0,5.0,0,0
2026-10-09T12:01:03Z,getproduct,175.0,175.0,0,0
2026-10-09T12:01:03Z,postcheckout,30.0,30.0,0,0
2026-10-09T12:01:03Z,getcart,70.0,70.0,0,0
2026-10-09T12:01:03Z,postcart,90.0,90.0,0,0
2026-10-09T12:01:03Z,emptycart,10000.0,5.0,0,0
2026-10-09T12:01:04Z,getproduct,175.0,175.0,0,0
2026-10-09T12:01:04Z,postcheckout,30.0,30.0,0,0
2026-10-09T12:01:04Z,getcart,70.0,70.0,0,0
2026-10-09T12:01:04Z,postcart,90.0,90.0,0,0
2026-10-09T12:01:04Z,emptycart,10000.0,5.0,0,0
2026-10-09T12:01:05Z,getproduct,10000.0,175.0,1,1
2026-10-09T12:01:05Z,postcheckout,10000.0,30.0,1,1
2026-10-09T12:01:05Z,getcart,10000.0,70.0,1,1
2026-10-09T12:01:05Z,postcart,10000.0,90.0,1,1
2026-10-09T12:01:05Z,emptycart,10000.0,5.0,1,1
2026-10-09T12:01:06Z,getproduct,10000.0,175.0,0,0
2026-10-09T12:01:06Z,postcheckout,10000.0,30.0,0,0
2026-10-09T12:01:06Z,getcart,10000.0,70.0,0,0
2026-10-09T12:01:06Z,postcart,10000.0,90.0,0,0
2026-10-09T12:01:06Z,emptycart,10000.0,5.0,0,0
2026-10-09T12:01:07Z,getproduct,10000.0,175.0,0,0
2026-10-09T12:01:07Z,postcheckout,10000.0,30.0,0,0
2026-10-09T12:01:07Z,getcart,10000.0,70.0,0,0
2026-10-09T12:01:07Z,postcart,10000.0,90.0,0,0
2026-10-09T12:01:07Z,emptycart,10000.0,5.0,0,0
2026-10-09T12:01:08Z,getproduct,10000.0,175.0,0,0
2026-10-09T12:01:08Z,postcheckout,10000.0,30.0,0,0
2026-10-09T12:01:08Z,getcart,10000.0,70.0,0,0
2026-10-09T12:01:08Z,postcart,10000.0,90.0,0,0
2026-10-09T12:01:08Z,emptycart,10000.0,5.0,0,0
2026-10-09T12:01:09Z,getproduct,10000.0,175.0,1,0
2026-10-09T12:01:09Z,postcheckout,10000.0,30.0,1,0
2026-10-09T12:01:09Z,getcart,10000.0,70.0,1,0
2026-10-09T12:01:09Z,postcart,10000.0,90.0,1,0
2026-10-09T12:01:09Z,emptycart,0.0,5.0,1,0
2026-10-09T12:01:10Z,getproduct,175.0,175.0,1,1
2026-10-09T12:01:10Z,postcheckout,30.0,30.0,1,1
2026-10-09T12:01:10Z,getcart,70.0,70.0,1,1
2026-10-09T12:01:10Z,postcart,90.0,90.0,1,1
2026-10-09T12:01:10Z,emptycart,10000.0,5.0,1,1
2026-10-09T12:01:11Z,getproduct,10000.0,175.0,1,0
2026-10-09T12:01:11Z,postcheckout,10000.0,30.0,1,0
2026-10-09T12:01:11Z,getcart,10000.0,70.0,1,0
2026-10-09T12:01:11Z,postcart,10000.0,90.0,1,0
2026-10-09T12:01:11Z,emptycart,0.0,5.0,1,0
2026-10-09T12:01:12Z,getproduct,175.0,175.0,1,0
2026-10-09T12:01:12Z,postcheckout,30.0,30.0,1,0
2026-10-09T12:01:12Z,getcart,70.0,70.0,1,0
2026-10-09T12:01:12Z,postcart,90.0,90.0,1,0
2026-10-09T12:01:12Z,emptycart,0.0,5.0,1,0
2026-10-09T12:01:13Z,getproduct,175.0,175.0,0,0
2026-10-09T12:01:13Z,postcheckout,30.0,30.0,0,0
2026-10-09T12:01:13Z,getcart,70.0,70.0,0,0
2026-10-09T12:01:13Z,postcart,90.0,90.0,0,0
2026-10-09T12:01:13Z,emptycart,0.0,5.0,0,0
2026-10-09T12:01:14Z,getproduct,175.0,175.0,0,0
2026-10-09T12:01:14Z,postcheckout,30.0,30.0,0,0
2026-10-09T12:01:14Z,getcart,70.0,70.0,0,0
2026-10-09T12:01:14Z,postcart,90.0,90.0,0,0
2026-10-09T12:01:14Z,emptycart,0.0,5.0,0,0
2026-10-09T12:01:15Z,getproduct,175.0,168.0,1,1
2026-10-09T12:01:15Z,postcheckout,30.0,30.0,1,1
2026-10-09T12:01:15Z,getcart,70.0,68.0,1,1
2026-10-09T12:01:15Z,postcart,90.0,88.0,1,1
2026-10-09T12:01:15Z,emptycart,10000.0,5.0,1,1
2026-10-09T12:01:16Z,getproduct,175.0,168.0,0,0
2026-10-09T12:01:16Z,postcheckout,30.0,30.0,0,0
2026-10-09T12:01:16Z,getcart,70.0,68.0,0,0
2026-10-09T12:01:16Z,postcart,90.0,88.0,0,0
2026-10-09T12:01:16Z,emptycart,10000.0,5.0,0,0
