timestamp,service,cpu_millicores,memory_working_set_bytes,replica_count
2026-09-05T13:43:12Z,frontend,0,44982272,1
2026-09-05T13:43:12Z,cartservice,3,79253504,1
2026-09-05T13:43:12Z,checkoutservice,3,19431424,1
2026-09-05T13:43:12Z,productcatalogservice,3,33411072,1
2026-09-05T13:43:12Z,paymentservice,3,39972864,1
2026-09-05T13:43:12Z,recommendationservice,7,104873984,1
2026-09-05T13:43:12Z,shippingservice,4,32948224,1
2026-09-05T13:43:12Z,currencyservice,3,89464832,1
2026-09-05T13:43:12Z,emailservice,6,92155904,1
2026-09-05T13:43:12Z,adservice,26,276135936,1
2026-09-05T13:43:12Z,redis-cart,4,34435072,1
2026-09-05T13:43:17Z,frontend,0,44982272,1
2026-09-05T13:43:17Z,cartservice,3,79253504,1
2026-09-05T13:43:17Z,checkoutservice,3,19431424,1
2026-09-05T13:43:17Z,productcatalogservice,3,33411072,1
2026-09-05T13:43:17Z,paymentservice,3,40005632,1
2026-09-05T13:43:17Z,recommendationservice,7,104873984,1
2026-09-05T13:43:17Z,shippingservice,4,32948224,1
2026-09-05T13:43:17Z,currencyservice,3,89485312,1
2026-09-05T13:43:17Z,emailservice,6,92155904,1
2026-09-05T13:43:17Z,adservice,26,276135936,1
2026-09-05T13:43:17Z,redis-cart,4,34435072,1
2026-09-05T13:43:22Z,frontend,0,44982272,1
2026-09-05T13:43:22Z,cartservice,4,79253504,1
2026-09-05T13:43:22Z,checkoutservice,3,19443712,1
2026-09-05T13:43:22Z,productcatalogservice,3,33423360,1
2026-09-05T13:43:22Z,paymentservice,3,40005632,1
2026-09-05T13:43:22Z,recommendationservice,7,104873984,1
2026-09-05T13:43:22Z,shippingservice,5,32948224,1
2026-09-05T13:43:22Z,currencyservice,3,89485312,1
2026-09-05T13:43:22Z,emailservice,7,92155904,1
2026-09-05T13:43:22Z,adservice,24,276135936,1
2026-09-05T13:43:22Z,redis-cart,4,34435072,1
2026-09-05T13:43:28Z,frontend,0,44982272,1
2026-09-05T13:43:28Z,cartservice,3,79257600,1
2026-09-05T13:43:28Z,checkoutservice,3,19443712,1
2026-09-05T13:43:28Z,productcatalogservice,3,33423360,1
2026-09-05T13:43:28Z,paymentservice,3,40034304,1
2026-09-05T13:43:28Z,recommendationservice,7,104878080,1
2026-09-05T13:43:28Z,shippingservice,4,32948224,1
2026-09-05T13:43:28Z,currencyservice,3,89501696,1
2026-09-05T13:43:28Z,emailservice,7,92188672,1
2026-09-05T13:43:28Z,adservice,23,276135936,1
2026-09-05T13:43:28Z,redis-cart,4,34435072,1
2026-09-05T13:43:33Z,frontend,0,44982272,1
2026-09-05T13:43:33Z,cartservice,3,79257600,1
2026-09-05T13:43:33Z,checkoutservice,3,19595264,1
2026-09-05T13:43:33Z,productcatalogservice,3,33435648,1
2026-09-05T13:43:33Z,paymentservice,3,40034304,1
2026-09-05T13:43:33Z,recommendationservice,7,104878080,1
2026-09-05T13:43:33Z,shippingservice,4,32948224,1
2026-09-05T13:43:33Z,currencyservice,3,89567232,1
2026-09-05T13:43:33Z,emailservice,7,92188672,1
2026-09-05T13:43:33Z,adservice,23,276135936,1
2026-09-05T13:43:33Z,redis-cart,4,34435072,1
2026-09-05T13:43:38Z,frontend,0,44982272,1
2026-09-05T13:43:38Z,cartservice,3,79282176,1
2026-09-05T13:43:38Z,checkoutservice,4,19595264,1
2026-09-05T13:43:38Z,productcatalogservice,3,33435648,1
2026-09-05T13:43:38Z,paymentservice,3,40062976,1
2026-09-05T13:43:38Z,recommendationservice,6,104878080,1
2026-09-05T13:43:38Z,shippingservice,4,32948224,1
2026-09-05T13:43:38Z,currencyservice,3,89518080,1
2026-09-05T13:43:38Z,emailservice,7,92188672,1
2026-09-05T13:43:38Z,adservice,25,276135936,1
2026-09-05T13:43:38Z,redis-cart,4,34435072,1
2026-09-05T13:43:43Z,frontend,0,44982272,1
2026-09-05T13:43:43Z,cartservice,3,79282176,1
2026-09-05T13:43:43Z,checkoutservice,4,19595264,1
2026-09-05T13:43:43Z,productcatalogservice,3,33415168,1
2026-09-05T13:43:43Z,paymentservice,3,40062976,1
2026-09-05T13:43:43Z,recommendationservice,6,104878080,1
2026-09-05T13:43:43Z,shippingservice,4,32948224,1
2026-09-05T13:43:43Z,currencyservice,3,89546752,1
2026-09-05T13:43:43Z,emailservice,7,92188672,1
2026-09-05T13:43:43Z,adservice,25,276135936,1
2026-09-05T13:43:43Z,redis-cart,4,34435072,1
2026-09-05T13:43:49Z,frontend,1,44982272,1
2026-09-05T13:43:49Z,cartservice,3,79282176,1
2026-09-05T13:43:49Z,checkoutservice,3,19595264,1
2026-09-05T13:43:49Z,productcatalogservice,3,33415168,1
2026-09-05T13:43:49Z,paymentservice,3,40099840,1
2026-09-05T13:43:49Z,recommendationservice,6,104882176,1
2026-09-05T13:43:49Z,shippingservice,5,32948224,1
2026-09-05T13:43:49Z,currencyservice,3,89546752,1
2026-09-05T13:43:49Z,emailservice,7,92188672,1
2026-09-05T13:43:49Z,adservice,26,276135936,1
2026-09-05T13:43:49Z,redis-cart,4,34435072,1
2026-09-05T13:43:54Z,frontend,1,44527616,1
2026-09-05T13:43:54Z,cartservice,3,79282176,1
2026-09-05T13:43:54Z,checkoutservice,3,19595264,1
2026-09-05T13:43:54Z,productcatalogservice,3,33439744,1
2026-09-05T13:43:54Z,paymentservice,3,40128512,1
2026-09-05T13:43:54Z,recommendationservice,6,104882176,1
2026-09-05T13:43:54Z,shippingservice,5,32960512,1
2026-09-05T13:43:54Z,currencyservice,3,89563136,1
2026-09-05T13:43:54Z,emailservice,7,92188672,1
2026-09-05T13:43:54Z,adservice,26,276135936,1
2026-09-05T13:43:54Z,redis-cart,4,34435072,1
2026-09-05T13:43:59Z,frontend,43,64847872,1
2026-09-05T13:43:59Z,cartservice,11,79548416,1
2026-09-05T13:43:59Z,checkoutservice,9,23408640,1
2026-09-05T13:43:59Z,productcatalogservice,21,32878592,1
2026-09-05T13:43:59Z,paymentservice,3,39972864,1
2026-09-05T13:43:59Z,recommendationservice,32,104886272,1
2026-09-05T13:43:59Z,shippingservice,6,32571392,1
2026-09-05T13:43:59Z,currencyservice,16,88563712,1
2026-09-05T13:43:59Z,emailservice,7,92225536,1
2026-09-05T13:43:59Z,adservice,30,276455424,1
2026-09-05T13:43:59Z,redis-cart,5,34459648,1
2026-09-05T13:44:04Z,frontend,43,70533120,1
2026-09-05T13:44:04Z,cartservice,11,80183296,1
2026-09-05T13:44:04Z,checkoutservice,9,25337856,1
2026-09-05T13:44:04Z,productcatalogservice,21,32043008,1
2026-09-05T13:44:04Z,paymentservice,3,39870464,1
2026-09-05T13:44:04Z,recommendationservice,32,104886272,1
2026-09-05T13:44:04Z,shippingservice,6,32743424,1
2026-09-05T13:44:04Z,currencyservice,16,89432064,1
2026-09-05T13:44:04Z,emailservice,7,92246016,1
2026-09-05T13:44:04Z,adservice,30,276504576,1
2026-09-05T13:44:04Z,redis-cart,5,34496512,1
2026-09-05T13:44:10Z,frontend,642,65339392,1
2026-09-05T13:44:10Z,cartservice,144,80236544,1
2026-09-05T13:44:10Z,checkoutservice,90,29351936,1
2026-09-05T13:44:10Z,productcatalogservice,247,31715328,1
2026-09-05T13:44:10Z,paymentservice,9,39895040,1
2026-09-05T13:44:10Z,recommendationservice,476,104886272,1
2026-09-05T13:44:10Z,shippingservice,48,32583680,1
2026-09-05T13:44:10Z,currencyservice,226,88395776,1
2026-09-05T13:44:10Z,emailservice,21,92258304,1
2026-09-05T13:44:10Z,adservice,65,276553728,1
2026-09-05T13:44:10Z,redis-cart,21,34525184,1
2026-09-05T13:44:15Z,frontend,642,69943296,1
2026-09-05T13:44:15Z,cartservice,144,81948672,1
2026-09-05T13:44:15Z,checkoutservice,90,25899008,1
2026-09-05T13:44:15Z,productcatalogservice,247,32366592,1
2026-09-05T13:44:15Z,paymentservice,9,39952384,1
2026-09-05T13:44:15Z,recommendationservice,476,104886272,1
2026-09-05T13:44:15Z,shippingservice,48,31543296,1
2026-09-05T13:44:15Z,currencyservice,226,89100288,1
2026-09-05T13:44:15Z,emailservice,21,92233728,1
2026-09-05T13:44:15Z,adservice,65,276578304,1
2026-09-05T13:44:15Z,redis-cart,21,34533376,1
2026-09-05T13:44:20Z,frontend,671,70475776,1
2026-09-05T13:44:20Z,cartservice,160,83656704,1
2026-09-05T13:44:20Z,checkoutservice,93,25792512,1
2026-09-05T13:44:20Z,productcatalogservice,255,32210944,1
2026-09-05T13:44:20Z,paymentservice,11,40005632,1
2026-09-05T13:44:20Z,recommendationservice,491,104886272,1
2026-09-05T13:44:20Z,shippingservice,50,32411648,1
2026-09-05T13:44:20Z,currencyservice,255,88383488,1
2026-09-05T13:44:20Z,emailservice,20,92233728,1
2026-09-05T13:44:20Z,adservice,64,276688896,1
2026-09-05T13:44:20Z,redis-cart,16,34553856,1
2026-09-05T13:44:25Z,frontend,671,74625024,1
2026-09-05T13:44:25Z,cartservice,160,83755008,1
2026-09-05T13:44:25Z,checkoutservice,93,23711744,1
2026-09-05T13:44:25Z,productcatalogservice,255,32583680,1
2026-09-05T13:44:25Z,paymentservice,11,40091648,1
2026-09-05T13:44:25Z,recommendationservice,491,104886272,1
2026-09-05T13:44:25Z,shippingservice,50,32702464,1
2026-09-05T13:44:25Z,currencyservice,255,88989696,1
2026-09-05T13:44:25Z,emailservice,20,92233728,1
2026-09-05T13:44:25Z,adservice,64,276688896,1
2026-09-05T13:44:25Z,redis-cart,16,34562048,1
2026-09-05T13:44:31Z,frontend,709,72736768,1
2026-09-05T13:44:31Z,cartservice,204,84402176,1
2026-09-05T13:44:31Z,checkoutservice,91,26923008,1
2026-09-05T13:44:31Z,productcatalogservice,249,32935936,1
2026-09-05T13:44:31Z,paymentservice,10,40148992,1
2026-09-05T13:44:31Z,recommendationservice,529,104886272,1
2026-09-05T13:44:31Z,shippingservice,49,32120832,1
2026-09-05T13:44:31Z,currencyservice,274,89157632,1
2026-09-05T13:44:31Z,emailservice,18,92233728,1
2026-09-05T13:44:31Z,adservice,60,276738048,1
2026-09-05T13:44:31Z,redis-cart,20,34566144,1
2026-09-05T13:44:36Z,frontend,709,76406784,1
2026-09-05T13:44:36Z,cartservice,204,84205568,1
2026-09-05T13:44:36Z,checkoutservice,91,21127168,1
2026-09-05T13:44:36Z,productcatalogservice,249,32710656,1
2026-09-05T13:44:36Z,paymentservice,10,40222720,1
2026-09-05T13:44:36Z,recommendationservice,529,104886272,1
2026-09-05T13:44:36Z,shippingservice,49,32387072,1
2026-09-05T13:44:36Z,currencyservice,274,88477696,1
2026-09-05T13:44:36Z,emailservice,18,92233728,1
2026-09-05T13:44:36Z,adservice,60,276770816,1
2026-09-05T13:44:36Z,redis-cart,20,34570240,1
2026-09-05T13:44:41Z,frontend,681,75386880,1
2026-09-05T13:44:41Z,cartservice,229,83898368,1
2026-09-05T13:44:41Z,checkoutservice,96,22212608,1
2026-09-05T13:44:41Z,productcatalogservice,232,32972800,1
2026-09-05T13:44:41Z,paymentservice,11,40263680,1
2026-09-05T13:44:41Z,recommendationservice,508,104886272,1
2026-09-05T13:44:41Z,shippingservice,47,32522240,1
2026-09-05T13:44:41Z,currencyservice,277,89268224,1
2026-09-05T13:44:41Z,emailservice,19,92233728,1
2026-09-05T13:44:41Z,adservice,59,276770816,1
2026-09-05T13:44:41Z,redis-cart,21,34578432,1
2026-09-05T13:44:46Z,frontend,681,77975552,1
2026-09-05T13:44:46Z,cartservice,229,83161088,1
2026-09-05T13:44:46Z,checkoutservice,96,24444928,1
2026-09-05T13:44:46Z,productcatalogservice,232,32346112,1
2026-09-05T13:44:46Z,paymentservice,11,40210432,1
2026-09-05T13:44:46Z,recommendationservice,508,104886272,1
2026-09-05T13:44:46Z,shippingservice,47,32706560,1
2026-09-05T13:44:46Z,currencyservice,277,88903680,1
2026-09-05T13:44:46Z,emailservice,19,92233728,1
2026-09-05T13:44:46Z,adservice,59,276803584,1
2026-09-05T13:44:46Z,redis-cart,21,34578432,1
2026-09-05T13:44:52Z,frontend,690,76648448,1
2026-09-05T13:44:52Z,cartservice,241,82882560,1
2026-09-05T13:44:52Z,checkoutservice,94,25657344,1
2026-09-05T13:44:52Z,productcatalogservice,211,33026048,1
2026-09-05T13:44:52Z,paymentservice,10,40259584,1
2026-09-05T13:44:52Z,recommendationservice,496,108904448,1
2026-09-05T13:44:52Z,shippingservice,46,32108544,1
2026-09-05T13:44:52Z,currencyservice,284,88698880,1
2026-09-05T13:44:52Z,emailservice,19,92233728,1
2026-09-05T13:44:52Z,adservice,58,276828160,1
2026-09-05T13:44:52Z,redis-cart,21,34578432,1
2026-09-05T13:44:57Z,frontend,690,75943936,1
2026-09-05T13:44:57Z,cartservice,241,82370560,1
2026-09-05T13:44:57Z,checkoutservice,94,26013696,1
2026-09-05T13:44:57Z,productcatalogservice,211,33214464,1
2026-09-05T13:44:57Z,paymentservice,10,40329216,1
2026-09-05T13:44:57Z,recommendationservice,496,104902656,1
2026-09-05T13:44:57Z,shippingservice,46,32157696,1
2026-09-05T13:44:57Z,currencyservice,284,88952832,1
2026-09-05T13:44:57Z,emailservice,19,92233728,1
2026-09-05T13:44:57Z,adservice,58,276828160,1
2026-09-05T13:44:57Z,redis-cart,21,34578432,1
2026-09-05T13:45:02Z,frontend,718,74731520,1
2026-09-05T13:45:02Z,cartservice,277,82153472,1
2026-09-05T13:45:02Z,checkoutservice,93,25817088,1
2026-09-05T13:45:02Z,productcatalogservice,241,33058816,1
2026-09-05T13:45:02Z,paymentservice,10,40484864,1
2026-09-05T13:45:02Z,recommendationservice,544,104906752,1
2026-09-05T13:45:02Z,shippingservice,48,32489472,1
2026-09-05T13:45:02Z,currencyservice,289,88719360,1
2026-09-05T13:45:02Z,emailservice,18,92233728,1
2026-09-05T13:45:02Z,adservice,62,276828160,1
2026-09-05T13:45:02Z,redis-cart,24,34582528,1
2026-09-05T13:45:08Z,frontend,718,74973184,1
2026-09-05T13:45:08Z,cartservice,277,82132992,1
2026-09-05T13:45:08Z,checkoutservice,93,24051712,1
2026-09-05T13:45:08Z,productcatalogservice,241,35360768,1
2026-09-05T13:45:08Z,paymentservice,10,40435712,1
2026-09-05T13:45:08Z,recommendationservice,544,104906752,1
2026-09-05T13:45:08Z,shippingservice,48,33030144,1
2026-09-05T13:45:08Z,currencyservice,289,88428544,1
2026-09-05T13:45:08Z,emailservice,18,92233728,1
2026-09-05T13:45:08Z,adservice,62,276832256,1
2026-09-05T13:45:08Z,redis-cart,24,36597760,1
2026-09-05T13:45:13Z,frontend,725,75083776,1
2026-09-05T13:45:13Z,cartservice,268,81862656,1
2026-09-05T13:45:13Z,checkoutservice,94,25268224,1
2026-09-05T13:45:13Z,productcatalogservice,237,32886784,1
2026-09-05T13:45:13Z,paymentservice,10,40488960,1
2026-09-05T13:45:13Z,recommendationservice,528,104906752,1
2026-09-05T13:45:13Z,shippingservice,48,32346112,1
2026-09-05T13:45:13Z,currencyservice,293,90357760,1
2026-09-05T13:45:13Z,emailservice,19,92233728,1
2026-09-05T13:45:13Z,adservice,61,276832256,1
2026-09-05T13:45:13Z,redis-cart,30,34521088,1
2026-09-05T13:45:18Z,frontend,729,76419072,1
2026-09-05T13:45:18Z,cartservice,274,81924096,1
2026-09-05T13:45:18Z,checkoutservice,94,24600576,1
2026-09-05T13:45:18Z,productcatalogservice,237,33181696,1
2026-09-05T13:45:18Z,paymentservice,10,40546304,1
2026-09-05T13:45:18Z,recommendationservice,533,104906752,1
2026-09-05T13:45:18Z,shippingservice,51,32686080,1
2026-09-05T13:45:18Z,currencyservice,291,88915968,1
2026-09-05T13:45:18Z,emailservice,20,92237824,1
2026-09-05T13:45:18Z,adservice,63,276979712,1
2026-09-05T13:45:18Z,redis-cart,24,34521088,1
2026-09-05T13:45:24Z,frontend,729,72949760,1
2026-09-05T13:45:24Z,cartservice,274,81969152,1
2026-09-05T13:45:24Z,checkoutservice,94,21110784,1
2026-09-05T13:45:24Z,productcatalogservice,237,31780864,1
2026-09-05T13:45:24Z,paymentservice,10,40689664,1
2026-09-05T13:45:24Z,recommendationservice,533,104919040,1
2026-09-05T13:45:24Z,shippingservice,51,32333824,1
2026-09-05T13:45:24Z,currencyservice,291,88621056,1
2026-09-05T13:45:24Z,emailservice,20,92237824,1
2026-09-05T13:45:24Z,adservice,63,276725760,1
2026-09-05T13:45:24Z,redis-cart,24,34516992,1
2026-09-05T13:45:29Z,frontend,737,74788864,1
2026-09-05T13:45:29Z,cartservice,280,81969152,1
2026-09-05T13:45:29Z,checkoutservice,91,27230208,1
2026-09-05T13:45:29Z,productcatalogservice,238,32309248,1
2026-09-05T13:45:29Z,paymentservice,9,40726528,1
2026-09-05T13:45:29Z,recommendationservice,538,104919040,1
2026-09-05T13:45:29Z,shippingservice,47,31748096,1
2026-09-05T13:45:29Z,currencyservice,294,89296896,1
2026-09-05T13:45:29Z,emailservice,19,92241920,1
2026-09-05T13:45:29Z,adservice,61,276725760,1
2026-09-05T13:45:29Z,redis-cart,25,34516992,1
2026-09-05T13:45:34Z,frontend,737,75792384,1
2026-09-05T13:45:34Z,cartservice,280,81969152,1
2026-09-05T13:45:34Z,checkoutservice,91,22183936,1
2026-09-05T13:45:34Z,productcatalogservice,238,33161216,1
2026-09-05T13:45:34Z,paymentservice,9,40771584,1
2026-09-05T13:45:34Z,recommendationservice,538,104919040,1
2026-09-05T13:45:34Z,shippingservice,47,32423936,1
2026-09-05T13:45:34Z,currencyservice,294,88961024,1
2026-09-05T13:45:34Z,emailservice,19,92241920,1
2026-09-05T13:45:34Z,adservice,61,276729856,1
2026-09-05T13:45:34Z,redis-cart,25,34516992,1
2026-09-05T13:45:39Z,frontend,734,76853248,1
2026-09-05T13:45:39Z,cartservice,282,81747968,1
2026-09-05T13:45:39Z,checkoutservice,88,23511040,1
2026-09-05T13:45:39Z,productcatalogservice,229,32559104,1
2026-09-05T13:45:39Z,paymentservice,10,40820736,1
2026-09-05T13:45:39Z,recommendationservice,544,104919040,1
2026-09-05T13:45:39Z,shippingservice,49,32272384,1
2026-09-05T13:45:39Z,currencyservice,298,89341952,1
2026-09-05T13:45:39Z,emailservice,18,92241920,1
2026-09-05T13:45:39Z,adservice,65,276729856,1
2026-09-05T13:45:39Z,redis-cart,25,34521088,1
2026-09-05T13:45:45Z,frontend,734,76533760,1
2026-09-05T13:45:45Z,cartservice,282,81596416,1
2026-09-05T13:45:45Z,checkoutservice,88,23396352,1
2026-09-05T13:45:45Z,productcatalogservice,229,32571392,1
2026-09-05T13:45:45Z,paymentservice,10,40869888,1
2026-09-05T13:45:45Z,recommendationservice,544,105054208,1
2026-09-05T13:45:45Z,shippingservice,49,32792576,1
2026-09-05T13:45:45Z,currencyservice,298,88616960,1
2026-09-05T13:45:45Z,emailservice,18,92241920,1
2026-09-05T13:45:45Z,adservice,65,276799488,1
2026-09-05T13:45:45Z,redis-cart,25,34521088,1
2026-09-05T13:45:50Z,frontend,722,76120064,1
2026-09-05T13:45:50Z,cartservice,286,81596416,1
2026-09-05T13:45:50Z,checkoutservice,94,26513408,1
2026-09-05T13:45:50Z,productcatalogservice,233,33157120,1
2026-09-05T13:45:50Z,paymentservice,10,40927232,1
2026-09-05T13:45:50Z,recommendationservice,544,105054208,1
2026-09-05T13:45:50Z,shippingservice,45,32657408,1
2026-09-05T13:45:50Z,currencyservice,297,89407488,1
2026-09-05T13:45:50Z,emailservice,19,92241920,1
2026-09-05T13:45:50Z,adservice,60,276865024,1
2026-09-05T13:45:50Z,redis-cart,25,34521088,1
2026-09-05T13:45:55Z,frontend,722,76775424,1
2026-09-05T13:45:55Z,cartservice,286,81600512,1
2026-09-05T13:45:55Z,checkoutservice,94,25284608,1
2026-09-05T13:45:55Z,productcatalogservice,233,32788480,1
2026-09-05T13:45:55Z,paymentservice,10,40988672,1
2026-09-05T13:45:55Z,recommendationservice,544,105197568,1
2026-09-05T13:45:55Z,shippingservice,45,32096256,1
2026-09-05T13:45:55Z,currencyservice,297,88780800,1
2026-09-05T13:45:55Z,emailservice,19,92241920,1
2026-09-05T13:45:55Z,adservice,60,276869120,1
2026-09-05T13:45:55Z,redis-cart,25,34521088,1
2026-09-05T13:46:01Z,frontend,744,75849728,1
2026-09-05T13:46:01Z,cartservice,303,81604608,1
2026-09-05T13:46:01Z,checkoutservice,94,25497600,1
2026-09-05T13:46:01Z,productcatalogservice,228,31895552,1
2026-09-05T13:46:01Z,paymentservice,10,41029632,1
2026-09-05T13:46:01Z,recommendationservice,533,105197568,1
2026-09-05T13:46:01Z,shippingservice,50,32206848,1
2026-09-05T13:46:01Z,currencyservice,296,89223168,1
2026-09-05T13:46:01Z,emailservice,19,92241920,1
2026-09-05T13:46:01Z,adservice,63,276869120,1
2026-09-05T13:46:01Z,redis-cart,27,34521088,1
2026-09-05T13:46:06Z,frontend,744,75870208,1
2026-09-05T13:46:06Z,cartservice,303,81604608,1
2026-09-05T13:46:06Z,checkoutservice,94,26398720,1
2026-09-05T13:46:06Z,productcatalogservice,228,32763904,1
2026-09-05T13:46:06Z,paymentservice,10,41095168,1
2026-09-05T13:46:06Z,recommendationservice,533,105197568,1
2026-09-05T13:46:06Z,shippingservice,50,31965184,1
2026-09-05T13:46:06Z,currencyservice,296,89223168,1
2026-09-05T13:46:06Z,emailservice,19,92241920,1
2026-09-05T13:46:06Z,adservice,63,276885504,1
2026-09-05T13:46:06Z,redis-cart,27,34521088,1
2026-09-05T13:46:11Z,frontend,732,75997184,1
2026-09-05T13:46:11Z,cartservice,289,81604608,1
2026-09-05T13:46:11Z,checkoutservice,93,23674880,1
2026-09-05T13:46:11Z,productcatalogservice,227,31866880,1
2026-09-05T13:46:11Z,paymentservice,10,41132032,1
2026-09-05T13:46:11Z,recommendationservice,540,105230336,1
2026-09-05T13:46:11Z,shippingservice,49,32735232,1
2026-09-05T13:46:11Z,currencyservice,295,88682496,1
2026-09-05T13:46:11Z,emailservice,19,92241920,1
2026-09-05T13:46:11Z,adservice,65,276885504,1
2026-09-05T13:46:11Z,redis-cart,29,34553856,1
2026-09-05T13:46:16Z,frontend,732,76812288,1
2026-09-05T13:46:16Z,cartservice,289,81567744,1
2026-09-05T13:46:16Z,checkoutservice,93,24215552,1
2026-09-05T13:46:16Z,productcatalogservice,227,33038336,1
2026-09-05T13:46:16Z,paymentservice,10,41189376,1
2026-09-05T13:46:16Z,recommendationservice,540,105295872,1
2026-09-05T13:46:16Z,shippingservice,49,32616448,1
2026-09-05T13:46:16Z,currencyservice,295,88596480,1
2026-09-05T13:46:16Z,emailservice,19,92241920,1
2026-09-05T13:46:16Z,adservice,65,276885504,1
2026-09-05T13:46:16Z,redis-cart,29,34553856,1
2026-09-05T13:46:22Z,frontend,730,76959744,1
2026-09-05T13:46:22Z,cartservice,297,81567744,1
2026-09-05T13:46:22Z,checkoutservice,92,20639744,1
2026-09-05T13:46:22Z,productcatalogservice,228,33021952,1
2026-09-05T13:46:22Z,paymentservice,10,41328640,1
2026-09-05T13:46:22Z,recommendationservice,535,108724224,1
2026-09-05T13:46:22Z,shippingservice,51,32186368,1
2026-09-05T13:46:22Z,currencyservice,301,89915392,1
2026-09-05T13:46:22Z,emailservice,17,92241920,1
2026-09-05T13:46:22Z,adservice,65,276889600,1
2026-09-05T13:46:22Z,redis-cart,29,34553856,1
2026-09-05T13:46:27Z,frontend,730,75374592,1
2026-09-05T13:46:27Z,cartservice,297,81514496,1
2026-09-05T13:46:27Z,checkoutservice,92,28000256,1
2026-09-05T13:46:27Z,productcatalogservice,228,32706560,1
2026-09-05T13:46:27Z,paymentservice,10,41406464,1
2026-09-05T13:46:27Z,recommendationservice,535,105295872,1
2026-09-05T13:46:27Z,shippingservice,51,32653312,1
2026-09-05T13:46:27Z,currencyservice,301,88965120,1
2026-09-05T13:46:27Z,emailservice,17,92254208,1
2026-09-05T13:46:27Z,adservice,65,276897792,1
2026-09-05T13:46:27Z,redis-cart,29,34553856,1
2026-09-05T13:46:32Z,frontend,734,75694080,1
2026-09-05T13:46:32Z,cartservice,297,81514496,1
2026-09-05T13:46:32Z,checkoutservice,94,25829376,1
2026-09-05T13:46:32Z,productcatalogservice,233,33112064,1
2026-09-05T13:46:32Z,paymentservice,10,41476096,1
2026-09-05T13:46:32Z,recommendationservice,542,105295872,1
2026-09-05T13:46:32Z,shippingservice,46,32878592,1
2026-09-05T13:46:32Z,currencyservice,289,89124864,1
2026-09-05T13:46:32Z,emailservice,17,92254208,1
2026-09-05T13:46:32Z,adservice,61,276934656,1
2026-09-05T13:46:32Z,redis-cart,26,34553856,1
2026-09-05T13:46:38Z,frontend,734,75317248,1
2026-09-05T13:46:38Z,cartservice,297,81518592,1
2026-09-05T13:46:38Z,checkoutservice,94,23998464,1
2026-09-05T13:46:38Z,productcatalogservice,233,33304576,1
2026-09-05T13:46:38Z,paymentservice,10,41541632,1
2026-09-05T13:46:38Z,recommendationservice,542,105299968,1
2026-09-05T13:46:38Z,shippingservice,46,32989184,1
2026-09-05T13:46:38Z,currencyservice,289,88756224,1
2026-09-05T13:46:38Z,emailservice,17,92413952,1
2026-09-05T13:46:38Z,adservice,61,276963328,1
2026-09-05T13:46:38Z,redis-cart,26,34557952,1
2026-09-05T13:46:43Z,frontend,741,75452416,1
2026-09-05T13:46:43Z,cartservice,302,81440768,1
2026-09-05T13:46:43Z,checkoutservice,92,31375360,1
2026-09-05T13:46:43Z,productcatalogservice,225,32645120,1
2026-09-05T13:46:43Z,paymentservice,10,41619456,1
2026-09-05T13:46:43Z,recommendationservice,539,105299968,1
2026-09-05T13:46:43Z,shippingservice,50,32309248,1
2026-09-05T13:46:43Z,currencyservice,295,89010176,1
2026-09-05T13:46:43Z,emailservice,20,92254208,1
2026-09-05T13:46:43Z,adservice,67,276963328,1
2026-09-05T13:46:43Z,redis-cart,27,34557952,1
2026-09-05T13:46:48Z,frontend,741,74747904,1
2026-09-05T13:46:48Z,cartservice,302,81321984,1
2026-09-05T13:46:48Z,checkoutservice,92,26746880,1
2026-09-05T13:46:48Z,productcatalogservice,225,32862208,1
2026-09-05T13:46:48Z,paymentservice,10,41676800,1
2026-09-05T13:46:48Z,recommendationservice,539,105316352,1
2026-09-05T13:46:48Z,shippingservice,50,32751616,1
2026-09-05T13:46:48Z,currencyservice,295,89088000,1
2026-09-05T13:46:48Z,emailservice,20,92254208,1
2026-09-05T13:46:48Z,adservice,67,276967424,1
2026-09-05T13:46:48Z,redis-cart,27,34557952,1
2026-09-05T13:46:53Z,frontend,738,77901824,1
2026-09-05T13:46:53Z,cartservice,280,81321984,1
2026-09-05T13:46:53Z,checkoutservice,89,24932352,1
2026-09-05T13:46:53Z,productcatalogservice,235,33038336,1
2026-09-05T13:46:53Z,paymentservice,10,41762816,1
2026-09-05T13:46:53Z,recommendationservice,552,105316352,1
2026-09-05T13:46:53Z,shippingservice,44,32763904,1
2026-09-05T13:46:53Z,currencyservice,291,89288704,1
2026-09-05T13:46:53Z,emailservice,19,92254208,1
2026-09-05T13:46:53Z,adservice,64,276967424,1
2026-09-05T13:46:53Z,redis-cart,25,34557952,1
2026-09-05T13:46:59Z,frontend,738,77021184,1
2026-09-05T13:46:59Z,cartservice,280,81321984,1
2026-09-05T13:46:59Z,checkoutservice,89,24576000,1
2026-09-05T13:46:59Z,productcatalogservice,235,32387072,1
2026-09-05T13:46:59Z,paymentservice,10,41811968,1
2026-09-05T13:46:59Z,recommendationservice,552,105283584,1
2026-09-05T13:46:59Z,shippingservice,44,31797248,1
2026-09-05T13:46:59Z,currencyservice,291,89686016,1
2026-09-05T13:46:59Z,emailservice,19,92254208,1
2026-09-05T13:46:59Z,adservice,64,277090304,1
2026-09-05T13:46:59Z,redis-cart,25,34557952,1
2026-09-05T13:47:04Z,frontend,737,76079104,1
2026-09-05T13:47:04Z,cartservice,290,81321984,1
2026-09-05T13:47:04Z,checkoutservice,91,25882624,1
2026-09-05T13:47:04Z,productcatalogservice,239,33984512,1
2026-09-05T13:47:04Z,paymentservice,10,41897984,1
2026-09-05T13:47:04Z,recommendationservice,537,105283584,1
2026-09-05T13:47:04Z,shippingservice,48,31748096,1
2026-09-05T13:47:04Z,currencyservice,291,89128960,1
2026-09-05T13:47:04Z,emailservice,18,92254208,1
2026-09-05T13:47:04Z,adservice,68,277123072,1
2026-09-05T13:47:04Z,redis-cart,26,34557952,1
2026-09-05T13:47:09Z,frontend,736,76275712,1
2026-09-05T13:47:09Z,cartservice,289,81358848,1
2026-09-05T13:47:09Z,checkoutservice,92,21872640,1
2026-09-05T13:47:09Z,productcatalogservice,226,32567296,1
2026-09-05T13:47:09Z,paymentservice,10,41963520,1
2026-09-05T13:47:09Z,recommendationservice,539,105218048,1
2026-09-05T13:47:09Z,shippingservice,51,32284672,1
2026-09-05T13:47:09Z,currencyservice,307,88858624,1
2026-09-05T13:47:09Z,emailservice,18,92286976,1
2026-09-05T13:47:09Z,adservice,64,277123072,1
2026-09-05T13:47:09Z,redis-cart,26,34557952,1
2026-09-05T13:47:15Z,frontend,736,76517376,1
2026-09-05T13:47:15Z,cartservice,289,81358848,1
2026-09-05T13:47:15Z,checkoutservice,92,21618688,1
2026-09-05T13:47:15Z,productcatalogservice,226,32407552,1
2026-09-05T13:47:15Z,paymentservice,10,42037248,1
2026-09-05T13:47:15Z,recommendationservice,539,105218048,1
2026-09-05T13:47:15Z,shippingservice,51,32006144,1
2026-09-05T13:47:15Z,currencyservice,307,89165824,1
2026-09-05T13:47:15Z,emailservice,18,92286976,1
2026-09-05T13:47:15Z,adservice,64,277123072,1
2026-09-05T13:47:15Z,redis-cart,26,34623488,1
2026-09-05T13:47:20Z,frontend,722,76435456,1
2026-09-05T13:47:20Z,cartservice,288,81362944,1
2026-09-05T13:47:20Z,checkoutservice,94,23416832,1
2026-09-05T13:47:20Z,productcatalogservice,234,32727040,1
2026-09-05T13:47:20Z,paymentservice,10,42115072,1
2026-09-05T13:47:20Z,recommendationservice,541,105218048,1
2026-09-05T13:47:20Z,shippingservice,49,31989760,1
2026-09-05T13:47:20Z,currencyservice,290,88887296,1
2026-09-05T13:47:20Z,emailservice,19,92286976,1
2026-09-05T13:47:20Z,adservice,62,277123072,1
2026-09-05T13:47:20Z,redis-cart,32,34623488,1
2026-09-05T13:47:25Z,frontend,722,75091968,1
2026-09-05T13:47:25Z,cartservice,288,81436672,1
2026-09-05T13:47:25Z,checkoutservice,94,21340160,1
2026-09-05T13:47:25Z,productcatalogservice,234,33873920,1
2026-09-05T13:47:25Z,paymentservice,10,42209280,1
2026-09-05T13:47:25Z,recommendationservice,541,105271296,1
2026-09-05T13:47:25Z,shippingservice,49,31854592,1
2026-09-05T13:47:25Z,currencyservice,290,89583616,1
2026-09-05T13:47:25Z,emailservice,19,92286976,1
2026-09-05T13:47:25Z,adservice,62,277123072,1
2026-09-05T13:47:25Z,redis-cart,32,34623488,1
2026-09-05T13:47:30Z,frontend,740,75812864,1
2026-09-05T13:47:30Z,cartservice,291,81440768,1
2026-09-05T13:47:30Z,checkoutservice,91,22740992,1
2026-09-05T13:47:30Z,productcatalogservice,235,33206272,1
2026-09-05T13:47:30Z,paymentservice,10,42266624,1
2026-09-05T13:47:30Z,recommendationservice,543,105271296,1
2026-09-05T13:47:30Z,shippingservice,49,32940032,1
2026-09-05T13:47:30Z,currencyservice,297,88948736,1
2026-09-05T13:47:30Z,emailservice,18,92286976,1
2026-09-05T13:47:30Z,adservice,63,277123072,1
2026-09-05T13:47:30Z,redis-cart,26,34623488,1
2026-09-05T13:47:36Z,frontend,740,78495744,1
2026-09-05T13:47:36Z,cartservice,291,81444864,1
2026-09-05T13:47:36Z,checkoutservice,91,22417408,1
2026-09-05T13:47:36Z,productcatalogservice,235,32948224,1
2026-09-05T13:47:36Z,paymentservice,10,42348544,1
2026-09-05T13:47:36Z,recommendationservice,543,105271296,1
2026-09-05T13:47:36Z,shippingservice,49,33292288,1
2026-09-05T13:47:36Z,currencyservice,297,89395200,1
2026-09-05T13:47:36Z,emailservice,18,92286976,1
2026-09-05T13:47:36Z,adservice,63,277049344,1
2026-09-05T13:47:36Z,redis-cart,26,34623488,1
2026-09-05T13:47:41Z,frontend,736,76218368,1
2026-09-05T13:47:41Z,cartservice,290,81448960,1
2026-09-05T13:47:41Z,checkoutservice,89,20865024,1
2026-09-05T13:47:41Z,productcatalogservice,235,32866304,1
2026-09-05T13:47:41Z,paymentservice,11,42418176,1
2026-09-05T13:47:41Z,recommendationservice,539,105271296,1
2026-09-05T13:47:41Z,shippingservice,48,32243712,1
2026-09-05T13:47:41Z,currencyservice,304,88698880,1
2026-09-05T13:47:41Z,emailservice,19,92286976,1
2026-09-05T13:47:41Z,adservice,62,277049344,1
2026-09-05T13:47:41Z,redis-cart,26,34623488,1
2026-09-05T13:47:46Z,frontend,736,78487552,1
2026-09-05T13:47:46Z,cartservice,290,81448960,1
2026-09-05T13:47:46Z,checkoutservice,89,21159936,1
2026-09-05T13:47:46Z,productcatalogservice,235,32411648,1
2026-09-05T13:47:46Z,paymentservice,11,42561536,1
2026-09-05T13:47:46Z,recommendationservice,539,105271296,1
2026-09-05T13:47:46Z,shippingservice,48,32641024,1
2026-09-05T13:47:46Z,currencyservice,304,89706496,1
2026-09-05T13:47:46Z,emailservice,19,92286976,1
2026-09-05T13:47:46Z,adservice,62,277049344,1
2026-09-05T13:47:46Z,redis-cart,26,34623488,1
2026-09-05T13:47:52Z,frontend,732,76554240,1
2026-09-05T13:47:52Z,cartservice,284,81448960,1
2026-09-05T13:47:52Z,checkoutservice,93,24150016,1
2026-09-05T13:47:52Z,productcatalogservice,235,32542720,1
2026-09-05T13:47:52Z,paymentservice,11,42627072,1
2026-09-05T13:47:52Z,recommendationservice,531,109404160,1
2026-09-05T13:47:52Z,shippingservice,51,32165888,1
2026-09-05T13:47:52Z,currencyservice,300,88875008,1
2026-09-05T13:47:52Z,emailservice,20,92286976,1
2026-09-05T13:47:52Z,adservice,63,277049344,1
2026-09-05T13:47:52Z,redis-cart,26,34623488,1
2026-09-05T13:47:57Z,frontend,732,77221888,1
2026-09-05T13:47:57Z,cartservice,284,81457152,1
2026-09-05T13:47:57Z,checkoutservice,93,21966848,1
2026-09-05T13:47:57Z,productcatalogservice,235,32702464,1
2026-09-05T13:47:57Z,paymentservice,11,42717184,1
2026-09-05T13:47:57Z,recommendationservice,531,109142016,1
2026-09-05T13:47:57Z,shippingservice,51,32808960,1
2026-09-05T13:47:57Z,currencyservice,300,89341952,1
2026-09-05T13:47:57Z,emailservice,20,92286976,1
2026-09-05T13:47:57Z,adservice,63,277049344,1
2026-09-05T13:47:57Z,redis-cart,26,34623488,1
2026-09-05T13:48:02Z,frontend,740,75276288,1
2026-09-05T13:48:02Z,cartservice,296,81457152,1
2026-09-05T13:48:02Z,checkoutservice,91,25407488,1
2026-09-05T13:48:02Z,productcatalogservice,230,33316864,1
2026-09-05T13:48:02Z,paymentservice,10,42790912,1
2026-09-05T13:48:02Z,recommendationservice,542,105271296,1
2026-09-05T13:48:02Z,shippingservice,50,32346112,1
2026-09-05T13:48:02Z,currencyservice,300,89161728,1
2026-09-05T13:48:02Z,emailservice,18,92286976,1
2026-09-05T13:48:02Z,adservice,62,277053440,1
2026-09-05T13:48:02Z,redis-cart,26,34623488,1
2026-09-05T13:48:08Z,frontend,740,75558912,1
2026-09-05T13:48:08Z,cartservice,296,81350656,1
2026-09-05T13:48:08Z,checkoutservice,91,26255360,1
2026-09-05T13:48:08Z,productcatalogservice,230,32731136,1
2026-09-05T13:48:08Z,paymentservice,10,42864640,1
2026-09-05T13:48:08Z,recommendationservice,542,105271296,1
2026-09-05T13:48:08Z,shippingservice,50,32448512,1
2026-09-05T13:48:08Z,currencyservice,300,88793088,1
2026-09-05T13:48:08Z,emailservice,18,92286976,1
2026-09-05T13:48:08Z,adservice,62,277053440,1
2026-09-05T13:48:08Z,redis-cart,26,34623488,1
2026-09-05T13:48:13Z,frontend,727,79081472,1
2026-09-05T13:48:13Z,cartservice,285,81215488,1
2026-09-05T13:48:13Z,checkoutservice,94,24879104,1
2026-09-05T13:48:13Z,productcatalogservice,226,33144832,1
2026-09-05T13:48:13Z,paymentservice,10,42942464,1
2026-09-05T13:48:13Z,recommendationservice,536,105271296,1
2026-09-05T13:48:13Z,shippingservice,49,32018432,1
2026-09-05T13:48:13Z,currencyservice,302,89604096,1
2026-09-05T13:48:13Z,emailservice,19,92286976,1
2026-09-05T13:48:13Z,adservice,63,277053440,1
2026-09-05T13:48:13Z,redis-cart,26,34566144,1
2026-09-05T13:48:18Z,frontend,727,75800576,1
2026-09-05T13:48:18Z,cartservice,285,81297408,1
2026-09-05T13:48:18Z,checkoutservice,94,24453120,1
2026-09-05T13:48:18Z,productcatalogservice,226,33763328,1
2026-09-05T13:48:18Z,paymentservice,10,43012096,1
2026-09-05T13:48:18Z,recommendationservice,536,105254912,1
2026-09-05T13:48:18Z,shippingservice,49,32301056,1
2026-09-05T13:48:18Z,currencyservice,302,89280512,1
2026-09-05T13:48:18Z,emailservice,19,92286976,1
2026-09-05T13:48:18Z,adservice,63,277053440,1
2026-09-05T13:48:18Z,redis-cart,26,34566144,1
2026-09-05T13:48:23Z,frontend,728,76386304,1
2026-09-05T13:48:23Z,cartservice,291,81190912,1
2026-09-05T13:48:23Z,checkoutservice,94,23408640,1
2026-09-05T13:48:23Z,productcatalogservice,232,33112064,1
2026-09-05T13:48:23Z,paymentservice,10,43888640,1
2026-09-05T13:48:23Z,recommendationservice,533,105254912,1
2026-09-05T13:48:23Z,shippingservice,49,32583680,1
2026-09-05T13:48:23Z,currencyservice,293,89468928,1
2026-09-05T13:48:23Z,emailservice,20,92299264,1
2026-09-05T13:48:23Z,adservice,64,277053440,1
2026-09-05T13:48:23Z,redis-cart,33,34566144,1
2026-09-05T13:48:29Z,frontend,728,77312000,1
2026-09-05T13:48:29Z,cartservice,291,81190912,1
2026-09-05T13:48:29Z,checkoutservice,94,25354240,1
2026-09-05T13:48:29Z,productcatalogservice,232,32681984,1
2026-09-05T13:48:29Z,paymentservice,10,43180032,1
2026-09-05T13:48:29Z,recommendationservice,533,105254912,1
2026-09-05T13:48:29Z,shippingservice,49,32096256,1
2026-09-05T13:48:29Z,currencyservice,293,88977408,1
2026-09-05T13:48:29Z,emailservice,20,92299264,1
2026-09-05T13:48:29Z,adservice,64,277053440,1
2026-09-05T13:48:29Z,redis-cart,33,34566144,1
2026-09-05T13:48:34Z,frontend,728,73347072,1
2026-09-05T13:48:34Z,cartservice,292,81195008,1
2026-09-05T13:48:34Z,checkoutservice,95,21983232,1
2026-09-05T13:48:34Z,productcatalogservice,233,32702464,1
2026-09-05T13:48:34Z,paymentservice,10,43253760,1
2026-09-05T13:48:34Z,recommendationservice,543,105254912,1
2026-09-05T13:48:34Z,shippingservice,50,32747520,1
2026-09-05T13:48:34Z,currencyservice,291,89579520,1
2026-09-05T13:48:34Z,emailservice,19,92299264,1
2026-09-05T13:48:34Z,adservice,59,277037056,1
2026-09-05T13:48:34Z,redis-cart,26,34562048,1
2026-09-05T13:48:39Z,frontend,728,75079680,1
2026-09-05T13:48:39Z,cartservice,292,80080896,1
2026-09-05T13:48:39Z,checkoutservice,95,27193344,1
2026-09-05T13:48:39Z,productcatalogservice,233,32788480,1
2026-09-05T13:48:39Z,paymentservice,10,43327488,1
2026-09-05T13:48:39Z,recommendationservice,543,105254912,1
2026-09-05T13:48:39Z,shippingservice,50,32550912,1
2026-09-05T13:48:39Z,currencyservice,291,88801280,1
2026-09-05T13:48:39Z,emailservice,19,92299264,1
2026-09-05T13:48:39Z,adservice,59,277037056,1
2026-09-05T13:48:39Z,redis-cart,26,34562048,1
2026-09-05T13:48:45Z,frontend,743,76144640,1
2026-09-05T13:48:45Z,cartservice,294,79466496,1
2026-09-05T13:48:45Z,checkoutservice,93,23027712,1
2026-09-05T13:48:45Z,productcatalogservice,228,32808960,1
2026-09-05T13:48:45Z,paymentservice,11,43421696,1
2026-09-05T13:48:45Z,recommendationservice,535,105254912,1
2026-09-05T13:48:45Z,shippingservice,51,32915456,1
2026-09-05T13:48:45Z,currencyservice,300,89350144,1
2026-09-05T13:48:45Z,emailservice,18,92299264,1
2026-09-05T13:48:45Z,adservice,65,277037056,1
2026-09-05T13:48:45Z,redis-cart,27,34562048,1
2026-09-05T13:48:50Z,frontend,743,75943936,1
2026-09-05T13:48:50Z,cartservice,294,79466496,1
2026-09-05T13:48:50Z,checkoutservice,93,24129536,1
2026-09-05T13:48:50Z,productcatalogservice,228,33255424,1
2026-09-05T13:48:50Z,paymentservice,11,43495424,1
2026-09-05T13:48:50Z,recommendationservice,535,105271296,1
2026-09-05T13:48:50Z,shippingservice,51,32784384,1
2026-09-05T13:48:50Z,currencyservice,300,89325568,1
2026-09-05T13:48:50Z,emailservice,18,92299264,1
2026-09-05T13:48:50Z,adservice,65,277037056,1
2026-09-05T13:48:50Z,redis-cart,27,34562048,1
2026-09-05T13:48:55Z,frontend,725,75759616,1
2026-09-05T13:48:55Z,cartservice,289,79466496,1
2026-09-05T13:48:55Z,checkoutservice,91,25862144,1
2026-09-05T13:48:55Z,productcatalogservice,232,32194560,1
2026-09-05T13:48:55Z,paymentservice,10,43593728,1
2026-09-05T13:48:55Z,recommendationservice,536,105271296,1
2026-09-05T13:48:55Z,shippingservice,49,32727040,1
2026-09-05T13:48:55Z,currencyservice,289,89063424,1
2026-09-05T13:48:55Z,emailservice,17,92299264,1
2026-09-05T13:48:55Z,adservice,63,277037056,1
2026-09-05T13:48:55Z,redis-cart,26,34562048,1
2026-09-05T13:49:01Z,frontend,735,74387456,1
2026-09-05T13:49:01Z,cartservice,281,79466496,1
2026-09-05T13:49:01Z,checkoutservice,94,27533312,1
2026-09-05T13:49:01Z,productcatalogservice,230,32534528,1
2026-09-05T13:49:01Z,paymentservice,10,43663360,1
2026-09-05T13:49:01Z,recommendationservice,536,105271296,1
2026-09-05T13:49:01Z,shippingservice,50,32378880,1
2026-09-05T13:49:01Z,currencyservice,300,89456640,1
2026-09-05T13:49:01Z,emailservice,19,92299264,1
2026-09-05T13:49:01Z,adservice,59,277037056,1
2026-09-05T13:49:01Z,redis-cart,25,34562048,1
2026-09-05T13:49:06Z,frontend,735,76128256,1
2026-09-05T13:49:06Z,cartservice,281,79474688,1
2026-09-05T13:49:06Z,checkoutservice,94,25206784,1
2026-09-05T13:49:06Z,productcatalogservice,230,34193408,1
2026-09-05T13:49:06Z,paymentservice,10,43741184,1
2026-09-05T13:49:06Z,recommendationservice,536,105271296,1
2026-09-05T13:49:06Z,shippingservice,50,33095680,1
2026-09-05T13:49:06Z,currencyservice,300,88985600,1
2026-09-05T13:49:06Z,emailservice,19,92299264,1
2026-09-05T13:49:06Z,adservice,59,277037056,1
2026-09-05T13:49:06Z,redis-cart,25,34566144,1
2026-09-05T13:49:11Z,frontend,410,76128256,1
2026-09-05T13:49:11Z,cartservice,160,79441920,1
2026-09-05T13:49:11Z,checkoutservice,54,25206784,1
2026-09-05T13:49:11Z,productcatalogservice,129,34246656,1
2026-09-05T13:49:11Z,paymentservice,7,43741184,1
2026-09-05T13:49:11Z,recommendationservice,301,105271296,1
2026-09-05T13:49:11Z,shippingservice,28,33222656,1
2026-09-05T13:49:11Z,currencyservice,165,88993792,1
2026-09-05T13:49:11Z,emailservice,14,92299264,1
2026-09-05T13:49:11Z,adservice,49,277037056,1
2026-09-05T13:49:11Z,redis-cart,17,34566144,1
2026-09-05T13:49:16Z,frontend,410,76128256,1
2026-09-05T13:49:16Z,cartservice,160,79347712,1
2026-09-05T13:49:16Z,checkoutservice,54,25206784,1
2026-09-05T13:49:16Z,productcatalogservice,129,34246656,1
2026-09-05T13:49:16Z,paymentservice,7,43741184,1
2026-09-05T13:49:16Z,recommendationservice,301,105271296,1
2026-09-05T13:49:16Z,shippingservice,28,33288192,1
2026-09-05T13:49:16Z,currencyservice,165,89001984,1
2026-09-05T13:49:16Z,emailservice,14,92299264,1
2026-09-05T13:49:16Z,adservice,49,277037056,1
2026-09-05T13:49:16Z,redis-cart,17,34578432,1
2026-09-05T13:49:22Z,frontend,39,52064256,1
2026-09-05T13:49:22Z,cartservice,13,79347712,1
2026-09-05T13:49:22Z,checkoutservice,18,21561344,1
2026-09-05T13:49:22Z,productcatalogservice,18,32493568,1
2026-09-05T13:49:22Z,paymentservice,4,43761664,1
2026-09-05T13:49:22Z,recommendationservice,33,105271296,1
2026-09-05T13:49:22Z,shippingservice,8,32604160,1
2026-09-05T13:49:22Z,currencyservice,13,89292800,1
2026-09-05T13:49:22Z,emailservice,9,92299264,1
2026-09-05T13:49:22Z,adservice,33,277037056,1
2026-09-05T13:49:22Z,redis-cart,10,34586624,1
2026-09-05T13:49:27Z,frontend,39,50466816,1
2026-09-05T13:49:27Z,cartservice,13,79409152,1
2026-09-05T13:49:27Z,checkoutservice,18,21659648,1
2026-09-05T13:49:27Z,productcatalogservice,18,32534528,1
2026-09-05T13:49:27Z,paymentservice,4,43819008,1
2026-09-05T13:49:27Z,recommendationservice,33,105271296,1
2026-09-05T13:49:27Z,shippingservice,8,32804864,1
2026-09-05T13:49:27Z,currencyservice,13,88936448,1
2026-09-05T13:49:27Z,emailservice,9,92299264,1
2026-09-05T13:49:27Z,adservice,33,277037056,1
2026-09-05T13:49:27Z,redis-cart,10,34590720,1
2026-09-05T13:49:32Z,frontend,201,50343936,1
2026-09-05T13:49:32Z,cartservice,57,79441920,1
2026-09-05T13:49:32Z,checkoutservice,71,22663168,1
2026-09-05T13:49:32Z,productcatalogservice,78,32681984,1
2026-09-05T13:49:32Z,paymentservice,7,43864064,1
2026-09-05T13:49:32Z,recommendationservice,135,105271296,1
2026-09-05T13:49:32Z,shippingservice,20,32702464,1
2026-09-05T13:49:32Z,currencyservice,73,89178112,1
2026-09-05T13:49:32Z,emailservice,16,92299264,1
2026-09-05T13:49:32Z,adservice,39,277037056,1
2026-09-05T13:49:32Z,redis-cart,9,34590720,1
2026-09-05T13:49:37Z,frontend,201,49471488,1
2026-09-05T13:49:37Z,cartservice,57,79511552,1
2026-09-05T13:49:37Z,checkoutservice,71,22835200,1
2026-09-05T13:49:37Z,productcatalogservice,78,33243136,1
2026-09-05T13:49:37Z,paymentservice,7,43909120,1
2026-09-05T13:49:37Z,recommendationservice,135,105271296,1
2026-09-05T13:49:37Z,shippingservice,20,32260096,1
2026-09-05T13:49:37Z,currencyservice,73,89591808,1
2026-09-05T13:49:37Z,emailservice,16,92299264,1
2026-09-05T13:49:37Z,adservice,39,277037056,1
2026-09-05T13:49:37Z,redis-cart,9,34594816,1
2026-09-05T13:49:43Z,frontend,199,49307648,1
2026-09-05T13:49:43Z,cartservice,58,79601664,1
2026-09-05T13:49:43Z,checkoutservice,66,21868544,1
2026-09-05T13:49:43Z,productcatalogservice,80,33013760,1
2026-09-05T13:49:43Z,paymentservice,7,43950080,1
2026-09-05T13:49:43Z,recommendationservice,133,105271296,1
2026-09-05T13:49:43Z,shippingservice,21,31916032,1
2026-09-05T13:49:43Z,currencyservice,67,89227264,1
2026-09-05T13:49:43Z,emailservice,15,92299264,1
2026-09-05T13:49:43Z,adservice,40,277037056,1
2026-09-05T13:49:43Z,redis-cart,9,34594816,1
2026-09-05T13:49:48Z,frontend,199,48766976,1
2026-09-05T13:49:48Z,cartservice,58,79613952,1
2026-09-05T13:49:48Z,checkoutservice,66,21798912,1
2026-09-05T13:49:48Z,productcatalogservice,80,32653312,1
2026-09-05T13:49:48Z,paymentservice,7,43995136,1
2026-09-05T13:49:48Z,recommendationservice,133,105271296,1
2026-09-05T13:49:48Z,shippingservice,21,33026048,1
2026-09-05T13:49:48Z,currencyservice,67,89600000,1
2026-09-05T13:49:48Z,emailservice,15,92299264,1
2026-09-05T13:49:48Z,adservice,40,277037056,1
2026-09-05T13:49:48Z,redis-cart,9,34598912,1
2026-09-05T13:49:53Z,frontend,199,49651712,1
2026-09-05T13:49:53Z,cartservice,60,79613952,1
2026-09-05T13:49:53Z,checkoutservice,72,21495808,1
2026-09-05T13:49:53Z,productcatalogservice,79,32616448,1
2026-09-05T13:49:53Z,paymentservice,7,44032000,1
2026-09-05T13:49:53Z,recommendationservice,131,105271296,1
2026-09-05T13:49:53Z,shippingservice,21,32788480,1
2026-09-05T13:49:53Z,currencyservice,65,88547328,1
2026-09-05T13:49:53Z,emailservice,15,92233728,1
2026-09-05T13:49:53Z,adservice,40,277012480,1
2026-09-05T13:49:53Z,redis-cart,8,34598912,1
2026-09-05T13:49:59Z,frontend,199,47894528,1
2026-09-05T13:49:59Z,cartservice,60,79618048,1
2026-09-05T13:49:59Z,checkoutservice,72,22437888,1
2026-09-05T13:49:59Z,productcatalogservice,79,32563200,1
2026-09-05T13:49:59Z,paymentservice,7,44077056,1
2026-09-05T13:49:59Z,recommendationservice,131,105271296,1
2026-09-05T13:49:59Z,shippingservice,21,32325632,1
2026-09-05T13:49:59Z,currencyservice,65,88981504,1
2026-09-05T13:49:59Z,emailservice,15,92233728,1
2026-09-05T13:49:59Z,adservice,40,276987904,1
2026-09-05T13:49:59Z,redis-cart,8,34598912,1
2026-09-05T13:50:04Z,frontend,195,49827840,1
2026-09-05T13:50:04Z,cartservice,61,79597568,1
2026-09-05T13:50:04Z,checkoutservice,72,21344256,1
2026-09-05T13:50:04Z,productcatalogservice,79,31776768,1
2026-09-05T13:50:04Z,paymentservice,7,44122112,1
2026-09-05T13:50:04Z,recommendationservice,128,105271296,1
2026-09-05T13:50:04Z,shippingservice,18,32354304,1
2026-09-05T13:50:04Z,currencyservice,63,88457216,1
2026-09-05T13:50:04Z,emailservice,16,92233728,1
2026-09-05T13:50:04Z,adservice,36,276750336,1
2026-09-05T13:50:04Z,redis-cart,9,34598912,1
2026-09-05T13:50:09Z,frontend,195,47022080,1
2026-09-05T13:50:09Z,cartservice,61,79597568,1
2026-09-05T13:50:09Z,checkoutservice,72,24760320,1
2026-09-05T13:50:09Z,productcatalogservice,79,32768000,1
2026-09-05T13:50:09Z,paymentservice,7,39641088,1
2026-09-05T13:50:09Z,recommendationservice,128,105271296,1
2026-09-05T13:50:09Z,shippingservice,18,31772672,1
2026-09-05T13:50:09Z,currencyservice,63,88772608,1
2026-09-05T13:50:09Z,emailservice,16,92233728,1
2026-09-05T13:50:09Z,adservice,36,276676608,1
2026-09-05T13:50:09Z,redis-cart,9,34598912,1
2026-09-05T13:50:14Z,frontend,197,47513600,1
2026-09-05T13:50:14Z,cartservice,57,79601664,1
2026-09-05T13:50:14Z,checkoutservice,72,19529728,1
2026-09-05T13:50:14Z,productcatalogservice,81,33390592,1
2026-09-05T13:50:14Z,paymentservice,11,39571456,1
2026-09-05T13:50:14Z,recommendationservice,135,105271296,1
2026-09-05T13:50:14Z,shippingservice,23,32550912,1
2026-09-05T13:50:14Z,currencyservice,68,89157632,1
2026-09-05T13:50:14Z,emailservice,16,92233728,1
2026-09-05T13:50:14Z,adservice,39,276676608,1
2026-09-05T13:50:14Z,redis-cart,8,34598912,1
2026-09-05T13:50:20Z,frontend,197,48148480,1
2026-09-05T13:50:20Z,cartservice,57,79536128,1
2026-09-05T13:50:20Z,checkoutservice,72,22675456,1
2026-09-05T13:50:20Z,productcatalogservice,81,32481280,1
2026-09-05T13:50:20Z,paymentservice,11,39514112,1
2026-09-05T13:50:20Z,recommendationservice,135,105271296,1
2026-09-05T13:50:20Z,shippingservice,23,33247232,1
2026-09-05T13:50:20Z,currencyservice,68,89673728,1
2026-09-05T13:50:20Z,emailservice,16,92233728,1
2026-09-05T13:50:20Z,adservice,39,276676608,1
2026-09-05T13:50:20Z,redis-cart,8,34598912,1
2026-09-05T13:50:25Z,frontend,196,48427008,1
2026-09-05T13:50:25Z,cartservice,56,79536128,1
2026-09-05T13:50:25Z,checkoutservice,71,21516288,1
2026-09-05T13:50:25Z,productcatalogservice,77,32538624,1
2026-09-05T13:50:25Z,paymentservice,7,39522304,1
2026-09-05T13:50:25Z,recommendationservice,129,105287680,1
2026-09-05T13:50:25Z,shippingservice,20,32501760,1
2026-09-05T13:50:25Z,currencyservice,63,88227840,1
2026-09-05T13:50:25Z,emailservice,15,92233728,1
2026-09-05T13:50:25Z,adservice,39,276676608,1
2026-09-05T13:50:25Z,redis-cart,8,34598912,1
2026-09-05T13:50:30Z,frontend,196,48615424,1
2026-09-05T13:50:30Z,cartservice,56,79536128,1
2026-09-05T13:50:30Z,checkoutservice,71,21872640,1
2026-09-05T13:50:30Z,productcatalogservice,77,32768000,1
2026-09-05T13:50:30Z,paymentservice,7,39522304,1
2026-09-05T13:50:30Z,recommendationservice,129,105287680,1
2026-09-05T13:50:30Z,shippingservice,20,32653312,1
2026-09-05T13:50:30Z,currencyservice,63,88461312,1
2026-09-05T13:50:30Z,emailservice,15,92233728,1
2026-09-05T13:50:30Z,adservice,39,276676608,1
2026-09-05T13:50:30Z,redis-cart,8,34594816,1
2026-09-05T13:50:36Z,frontend,202,49012736,1
2026-09-05T13:50:36Z,cartservice,60,79536128,1
2026-09-05T13:50:36Z,checkoutservice,75,22069248,1
2026-09-05T13:50:36Z,productcatalogservice,79,31817728,1
2026-09-05T13:50:36Z,paymentservice,7,39526400,1
2026-09-05T13:50:36Z,recommendationservice,128,105287680,1
2026-09-05T13:50:36Z,shippingservice,21,32813056,1
2026-09-05T13:50:36Z,currencyservice,69,88350720,1
2026-09-05T13:50:36Z,emailservice,16,92233728,1
2026-09-05T13:50:36Z,adservice,39,276676608,1
2026-09-05T13:50:36Z,redis-cart,8,34594816,1
2026-09-05T13:50:41Z,frontend,202,48914432,1
2026-09-05T13:50:41Z,cartservice,60,79503360,1
2026-09-05T13:50:41Z,checkoutservice,75,21094400,1
2026-09-05T13:50:41Z,productcatalogservice,79,32022528,1
2026-09-05T13:50:41Z,paymentservice,7,39526400,1
2026-09-05T13:50:41Z,recommendationservice,128,105287680,1
2026-09-05T13:50:41Z,shippingservice,21,32731136,1
2026-09-05T13:50:41Z,currencyservice,69,88662016,1
2026-09-05T13:50:41Z,emailservice,16,92233728,1
2026-09-05T13:50:41Z,adservice,39,276676608,1
2026-09-05T13:50:41Z,redis-cart,8,34594816,1
2026-09-05T13:50:46Z,frontend,199,49225728,1
2026-09-05T13:50:46Z,cartservice,48,79433728,1
2026-09-05T13:50:46Z,checkoutservice,72,21835776,1
2026-09-05T13:50:46Z,productcatalogservice,79,32362496,1
2026-09-05T13:50:46Z,paymentservice,7,39530496,1
2026-09-05T13:50:46Z,recommendationservice,127,105287680,1
2026-09-05T13:50:46Z,shippingservice,20,31625216,1
2026-09-05T13:50:46Z,currencyservice,69,88522752,1
2026-09-05T13:50:46Z,emailservice,15,92237824,1
2026-09-05T13:50:46Z,adservice,33,276676608,1
2026-09-05T13:50:46Z,redis-cart,14,34594816,1
2026-09-05T13:50:51Z,frontend,191,48500736,1
2026-09-05T13:50:51Z,cartservice,41,79433728,1
2026-09-05T13:50:51Z,checkoutservice,70,21676032,1
2026-09-05T13:50:51Z,productcatalogservice,77,33099776,1
2026-09-05T13:50:51Z,paymentservice,7,39571456,1
2026-09-05T13:50:51Z,recommendationservice,124,105287680,1
2026-09-05T13:50:51Z,shippingservice,21,32526336,1
2026-09-05T13:50:51Z,currencyservice,71,88772608,1
2026-09-05T13:50:51Z,emailservice,15,92237824,1
2026-09-05T13:50:51Z,adservice,34,276676608,1
2026-09-05T13:50:51Z,redis-cart,9,34594816,1
2026-09-05T13:50:57Z,frontend,191,48762880,1
2026-09-05T13:50:57Z,cartservice,41,79237120,1
2026-09-05T13:50:57Z,checkoutservice,70,20348928,1
2026-09-05T13:50:57Z,productcatalogservice,77,32903168,1
2026-09-05T13:50:57Z,paymentservice,7,39505920,1
2026-09-05T13:50:57Z,recommendationservice,124,105287680,1
2026-09-05T13:50:57Z,shippingservice,21,32706560,1
2026-09-05T13:50:57Z,currencyservice,71,89169920,1
2026-09-05T13:50:57Z,emailservice,15,92237824,1
2026-09-05T13:50:57Z,adservice,34,276676608,1
2026-09-05T13:50:57Z,redis-cart,9,34594816,1
2026-09-05T13:51:02Z,frontend,189,48578560,1
2026-09-05T13:51:02Z,cartservice,45,79237120,1
2026-09-05T13:51:02Z,checkoutservice,73,21704704,1
2026-09-05T13:51:02Z,productcatalogservice,75,32874496,1
2026-09-05T13:51:02Z,paymentservice,7,39514112,1
2026-09-05T13:51:02Z,recommendationservice,120,105304064,1
2026-09-05T13:51:02Z,shippingservice,20,32612352,1
2026-09-05T13:51:02Z,currencyservice,65,88993792,1
2026-09-05T13:51:02Z,emailservice,15,92237824,1
2026-09-05T13:51:02Z,adservice,36,276684800,1
2026-09-05T13:51:02Z,redis-cart,9,34594816,1
2026-09-05T13:51:07Z,frontend,189,47992832,1
2026-09-05T13:51:07Z,cartservice,45,79237120,1
2026-09-05T13:51:07Z,checkoutservice,73,20975616,1
2026-09-05T13:51:07Z,productcatalogservice,75,32591872,1
2026-09-05T13:51:07Z,paymentservice,7,39522304,1
2026-09-05T13:51:07Z,recommendationservice,120,105320448,1
2026-09-05T13:51:07Z,shippingservice,20,32698368,1
2026-09-05T13:51:07Z,currencyservice,65,89399296,1
2026-09-05T13:51:07Z,emailservice,15,92270592,1
2026-09-05T13:51:07Z,adservice,36,276684800,1
2026-09-05T13:51:07Z,redis-cart,9,34594816,1
2026-09-05T13:51:12Z,frontend,199,48082944,1
2026-09-05T13:51:12Z,cartservice,46,79237120,1
2026-09-05T13:51:12Z,checkoutservice,78,20586496,1
2026-09-05T13:51:12Z,productcatalogservice,80,32755712,1
2026-09-05T13:51:12Z,paymentservice,7,39526400,1
2026-09-05T13:51:12Z,recommendationservice,128,105320448,1
2026-09-05T13:51:12Z,shippingservice,22,32940032,1
2026-09-05T13:51:12Z,currencyservice,68,88858624,1
2026-09-05T13:51:12Z,emailservice,16,92270592,1
2026-09-05T13:51:12Z,adservice,36,276684800,1
2026-09-05T13:51:12Z,redis-cart,9,34594816,1
2026-09-05T13:51:18Z,frontend,199,47947776,1
2026-09-05T13:51:18Z,cartservice,46,79237120,1
2026-09-05T13:51:18Z,checkoutservice,78,21909504,1
2026-09-05T13:51:18Z,productcatalogservice,80,32714752,1
2026-09-05T13:51:18Z,paymentservice,7,39526400,1
2026-09-05T13:51:18Z,recommendationservice,128,105320448,1
2026-09-05T13:51:18Z,shippingservice,22,31731712,1
2026-09-05T13:51:18Z,currencyservice,68,89354240,1
2026-09-05T13:51:18Z,emailservice,16,92303360,1
2026-09-05T13:51:18Z,adservice,36,276684800,1
2026-09-05T13:51:18Z,redis-cart,9,34594816,1
2026-09-05T13:51:23Z,frontend,203,48779264,1
2026-09-05T13:51:23Z,cartservice,52,79298560,1
2026-09-05T13:51:23Z,checkoutservice,84,21172224,1
2026-09-05T13:51:23Z,productcatalogservice,80,33030144,1
2026-09-05T13:51:23Z,paymentservice,7,39530496,1
2026-09-05T13:51:23Z,recommendationservice,136,105320448,1
2026-09-05T13:51:23Z,shippingservice,23,32768000,1
2026-09-05T13:51:23Z,currencyservice,69,87908352,1
2026-09-05T13:51:23Z,emailservice,16,92303360,1
2026-09-05T13:51:23Z,adservice,38,276684800,1
2026-09-05T13:51:23Z,redis-cart,9,34594816,1
2026-09-05T13:51:28Z,frontend,203,47783936,1
2026-09-05T13:51:28Z,cartservice,52,79396864,1
2026-09-05T13:51:28Z,checkoutservice,84,21229568,1
2026-09-05T13:51:28Z,productcatalogservice,80,32657408,1
2026-09-05T13:51:28Z,paymentservice,7,39538688,1
2026-09-05T13:51:28Z,recommendationservice,136,105320448,1
2026-09-05T13:51:28Z,shippingservice,23,32473088,1
2026-09-05T13:51:28Z,currencyservice,69,88313856,1
2026-09-05T13:51:28Z,emailservice,16,92303360,1
2026-09-05T13:51:28Z,adservice,38,276684800,1
2026-09-05T13:51:28Z,redis-cart,9,34594816,1
2026-09-05T13:51:33Z,frontend,191,48066560,1
2026-09-05T13:51:33Z,cartservice,55,79458304,1
2026-09-05T13:51:33Z,checkoutservice,79,21381120,1
2026-09-05T13:51:33Z,productcatalogservice,79,32890880,1
2026-09-05T13:51:33Z,paymentservice,7,39583744,1
2026-09-05T13:51:33Z,recommendationservice,126,105320448,1
2026-09-05T13:51:33Z,shippingservice,21,32538624,1
2026-09-05T13:51:33Z,currencyservice,67,88981504,1
2026-09-05T13:51:33Z,emailservice,17,92303360,1
2026-09-05T13:51:33Z,adservice,38,276684800,1
2026-09-05T13:51:33Z,redis-cart,8,34594816,1
2026-09-05T13:51:39Z,frontend,191,48054272,1
2026-09-05T13:51:39Z,cartservice,55,79470592,1
2026-09-05T13:51:39Z,checkoutservice,79,23498752,1
2026-09-05T13:51:39Z,productcatalogservice,79,31875072,1
2026-09-05T13:51:39Z,paymentservice,7,39587840,1
2026-09-05T13:51:39Z,recommendationservice,126,105320448,1
2026-09-05T13:51:39Z,shippingservice,21,32378880,1
2026-09-05T13:51:39Z,currencyservice,67,89317376,1
2026-09-05T13:51:39Z,emailservice,17,92303360,1
2026-09-05T13:51:39Z,adservice,38,276684800,1
2026-09-05T13:51:39Z,redis-cart,8,34594816,1
2026-09-05T13:51:44Z,frontend,194,47927296,1
2026-09-05T13:51:44Z,cartservice,58,79478784,1
2026-09-05T13:51:44Z,checkoutservice,79,21975040,1
2026-09-05T13:51:44Z,productcatalogservice,77,32591872,1
2026-09-05T13:51:44Z,paymentservice,7,39596032,1
2026-09-05T13:51:44Z,recommendationservice,124,105320448,1
2026-09-05T13:51:44Z,shippingservice,22,32141312,1
2026-09-05T13:51:44Z,currencyservice,62,88735744,1
2026-09-05T13:51:44Z,emailservice,15,92303360,1
2026-09-05T13:51:44Z,adservice,34,276709376,1
2026-09-05T13:51:44Z,redis-cart,8,34594816,1
2026-09-05T13:51:49Z,frontend,194,47591424,1
2026-09-05T13:51:49Z,cartservice,58,79478784,1
2026-09-05T13:51:49Z,checkoutservice,79,21979136,1
2026-09-05T13:51:49Z,productcatalogservice,77,32718848,1
2026-09-05T13:51:49Z,paymentservice,7,39596032,1
2026-09-05T13:51:49Z,recommendationservice,124,105320448,1
2026-09-05T13:51:49Z,shippingservice,22,31764480,1
2026-09-05T13:51:49Z,currencyservice,62,89067520,1
2026-09-05T13:51:49Z,emailservice,15,92270592,1
2026-09-05T13:51:49Z,adservice,34,276709376,1
2026-09-05T13:51:49Z,redis-cart,8,34598912,1
2026-09-05T13:51:55Z,frontend,198,48009216,1
2026-09-05T13:51:55Z,cartservice,61,79482880,1
2026-09-05T13:51:55Z,checkoutservice,87,21213184,1
2026-09-05T13:51:55Z,productcatalogservice,77,32788480,1
2026-09-05T13:51:55Z,paymentservice,7,39600128,1
2026-09-05T13:51:55Z,recommendationservice,126,105320448,1
2026-09-05T13:51:55Z,shippingservice,22,32378880,1
2026-09-05T13:51:55Z,currencyservice,68,87904256,1
2026-09-05T13:51:55Z,emailservice,15,92270592,1
2026-09-05T13:51:55Z,adservice,36,276709376,1
2026-09-05T13:51:55Z,redis-cart,9,34598912,1
2026-09-05T13:52:00Z,frontend,198,48078848,1
2026-09-05T13:52:00Z,cartservice,61,79515648,1
2026-09-05T13:52:00Z,checkoutservice,87,21651456,1
2026-09-05T13:52:00Z,productcatalogservice,77,33107968,1
2026-09-05T13:52:00Z,paymentservice,7,39604224,1
2026-09-05T13:52:00Z,recommendationservice,126,105320448,1
2026-09-05T13:52:00Z,shippingservice,22,32083968,1
2026-09-05T13:52:00Z,currencyservice,68,88162304,1
2026-09-05T13:52:00Z,emailservice,15,92270592,1
2026-09-05T13:52:00Z,adservice,36,276709376,1
2026-09-05T13:52:00Z,redis-cart,9,34598912,1
2026-09-05T13:52:05Z,frontend,198,48197632,1
2026-09-05T13:52:05Z,cartservice,60,79544320,1
2026-09-05T13:52:05Z,checkoutservice,85,20848640,1
2026-09-05T13:52:05Z,productcatalogservice,80,32960512,1
2026-09-05T13:52:05Z,paymentservice,7,39608320,1
2026-09-05T13:52:05Z,recommendationservice,129,105320448,1
2026-09-05T13:52:05Z,shippingservice,23,32153600,1
2026-09-05T13:52:05Z,currencyservice,69,88621056,1
2026-09-05T13:52:05Z,emailservice,15,92270592,1
2026-09-05T13:52:05Z,adservice,37,276725760,1
2026-09-05T13:52:05Z,redis-cart,14,34598912,1
2026-09-05T13:52:10Z,frontend,198,47374336,1
2026-09-05T13:52:10Z,cartservice,60,79577088,1
2026-09-05T13:52:10Z,checkoutservice,85,21266432,1
2026-09-05T13:52:10Z,productcatalogservice,80,32829440,1
2026-09-05T13:52:10Z,paymentservice,7,39616512,1
2026-09-05T13:52:10Z,recommendationservice,129,105336832,1
2026-09-05T13:52:10Z,shippingservice,23,32804864,1
2026-09-05T13:52:10Z,currencyservice,69,88911872,1
2026-09-05T13:52:10Z,emailservice,15,92270592,1
2026-09-05T13:52:10Z,adservice,37,276725760,1
2026-09-05T13:52:10Z,redis-cart,14,34598912,1
2026-09-05T13:52:16Z,frontend,198,47304704,1
2026-09-05T13:52:16Z,cartservice,64,79585280,1
2026-09-05T13:52:16Z,checkoutservice,86,21258240,1
2026-09-05T13:52:16Z,productcatalogservice,78,33026048,1
2026-09-05T13:52:16Z,paymentservice,7,39620608,1
2026-09-05T13:52:16Z,recommendationservice,130,105336832,1
2026-09-05T13:52:16Z,shippingservice,21,31997952,1
2026-09-05T13:52:16Z,currencyservice,68,88743936,1
2026-09-05T13:52:16Z,emailservice,16,92274688,1
2026-09-05T13:52:16Z,adservice,36,276725760,1
2026-09-05T13:52:16Z,redis-cart,9,34598912,1
2026-09-05T13:52:21Z,frontend,198,47386624,1
2026-09-05T13:52:21Z,cartservice,64,79618048,1
2026-09-05T13:52:21Z,checkoutservice,86,19910656,1
2026-09-05T13:52:21Z,productcatalogservice,78,32526336,1
2026-09-05T13:52:21Z,paymentservice,7,39628800,1
2026-09-05T13:52:21Z,recommendationservice,130,105336832,1
2026-09-05T13:52:21Z,shippingservice,21,32284672,1
2026-09-05T13:52:21Z,currencyservice,68,89018368,1
2026-09-05T13:52:21Z,emailservice,16,92274688,1
2026-09-05T13:52:21Z,adservice,36,276725760,1
2026-09-05T13:52:21Z,redis-cart,9,34598912,1
2026-09-05T13:52:26Z,frontend,205,48222208,1
2026-09-05T13:52:26Z,cartservice,65,79622144,1
2026-09-05T13:52:26Z,checkoutservice,90,21065728,1
2026-09-05T13:52:26Z,productcatalogservice,84,32649216,1
2026-09-05T13:52:26Z,paymentservice,8,39636992,1
2026-09-05T13:52:26Z,recommendationservice,136,105336832,1
2026-09-05T13:52:26Z,shippingservice,22,31408128,1
2026-09-05T13:52:26Z,currencyservice,70,89518080,1
2026-09-05T13:52:26Z,emailservice,17,92274688,1
2026-09-05T13:52:26Z,adservice,42,276725760,1
2026-09-05T13:52:26Z,redis-cart,9,34598912,1
2026-09-05T13:52:31Z,frontend,205,47755264,1
2026-09-05T13:52:31Z,cartservice,65,79622144,1
2026-09-05T13:52:31Z,checkoutservice,90,20738048,1
2026-09-05T13:52:31Z,productcatalogservice,84,32989184,1
2026-09-05T13:52:31Z,paymentservice,8,39636992,1
2026-09-05T13:52:31Z,recommendationservice,136,105336832,1
2026-09-05T13:52:31Z,shippingservice,22,32206848,1
2026-09-05T13:52:31Z,currencyservice,70,88879104,1
2026-09-05T13:52:31Z,emailservice,17,92278784,1
2026-09-05T13:52:31Z,adservice,42,276725760,1
2026-09-05T13:52:31Z,redis-cart,9,34598912,1
2026-09-05T13:52:37Z,frontend,202,47009792,1
2026-09-05T13:52:37Z,cartservice,57,79626240,1
2026-09-05T13:52:37Z,checkoutservice,89,22138880,1
2026-09-05T13:52:37Z,productcatalogservice,83,32141312,1
2026-09-05T13:52:37Z,paymentservice,8,39641088,1
2026-09-05T13:52:37Z,recommendationservice,133,105336832,1
2026-09-05T13:52:37Z,shippingservice,23,32276480,1
2026-09-05T13:52:37Z,currencyservice,66,89346048,1
2026-09-05T13:52:37Z,emailservice,16,92278784,1
2026-09-05T13:52:37Z,adservice,40,276725760,1
2026-09-05T13:52:37Z,redis-cart,9,34598912,1
2026-09-05T13:52:42Z,frontend,189,47689728,1
2026-09-05T13:52:42Z,cartservice,55,79523840,1
2026-09-05T13:52:42Z,checkoutservice,86,21463040,1
2026-09-05T13:52:42Z,productcatalogservice,80,32198656,1
2026-09-05T13:52:42Z,paymentservice,7,39645184,1
2026-09-05T13:52:42Z,recommendationservice,124,105336832,1
2026-09-05T13:52:42Z,shippingservice,21,32120832,1
2026-09-05T13:52:42Z,currencyservice,63,88838144,1
2026-09-05T13:52:42Z,emailservice,15,92278784,1
2026-09-05T13:52:42Z,adservice,35,276725760,1
2026-09-05T13:52:42Z,redis-cart,8,34598912,1
2026-09-05T13:52:47Z,frontend,189,47124480,1
2026-09-05T13:52:47Z,cartservice,55,79527936,1
2026-09-05T13:52:47Z,checkoutservice,86,22171648,1
2026-09-05T13:52:47Z,productcatalogservice,80,33009664,1
2026-09-05T13:52:47Z,paymentservice,7,39645184,1
2026-09-05T13:52:47Z,recommendationservice,124,105336832,1
2026-09-05T13:52:47Z,shippingservice,21,32464896,1
2026-09-05T13:52:47Z,currencyservice,63,89227264,1
2026-09-05T13:52:47Z,emailservice,15,92278784,1
2026-09-05T13:52:47Z,adservice,35,276729856,1
2026-09-05T13:52:47Z,redis-cart,8,34598912,1
2026-09-05T13:52:52Z,frontend,201,47751168,1
2026-09-05T13:52:52Z,cartservice,39,79527936,1
2026-09-05T13:52:52Z,checkoutservice,82,21037056,1
2026-09-05T13:52:52Z,productcatalogservice,79,33329152,1
2026-09-05T13:52:52Z,paymentservice,8,39653376,1
2026-09-05T13:52:52Z,recommendationservice,128,105336832,1
2026-09-05T13:52:52Z,shippingservice,22,32264192,1
2026-09-05T13:52:52Z,currencyservice,66,88707072,1
2026-09-05T13:52:52Z,emailservice,14,92278784,1
2026-09-05T13:52:52Z,adservice,37,276729856,1
2026-09-05T13:52:52Z,redis-cart,9,34598912,1
2026-09-05T13:52:58Z,frontend,201,47468544,1
2026-09-05T13:52:58Z,cartservice,39,79392768,1
2026-09-05T13:52:58Z,checkoutservice,82,19644416,1
2026-09-05T13:52:58Z,productcatalogservice,79,32776192,1
2026-09-05T13:52:58Z,paymentservice,8,39657472,1
2026-09-05T13:52:58Z,recommendationservice,128,105336832,1
2026-09-05T13:52:58Z,shippingservice,22,32329728,1
2026-09-05T13:52:58Z,currencyservice,66,89186304,1
2026-09-05T13:52:58Z,emailservice,14,92278784,1
2026-09-05T13:52:58Z,adservice,37,276705280,1
2026-09-05T13:52:58Z,redis-cart,9,34598912,1
2026-09-05T13:53:03Z,frontend,200,47382528,1
2026-09-05T13:53:03Z,cartservice,46,79396864,1
2026-09-05T13:53:03Z,checkoutservice,87,21184512,1
2026-09-05T13:53:03Z,productcatalogservice,81,32837632,1
2026-09-05T13:53:03Z,paymentservice,7,39657472,1
2026-09-05T13:53:03Z,recommendationservice,134,105336832,1
2026-09-05T13:53:03Z,shippingservice,21,32260096,1
2026-09-05T13:53:03Z,currencyservice,67,88748032,1
2026-09-05T13:53:03Z,emailservice,16,92278784,1
2026-09-05T13:53:03Z,adservice,40,276729856,1
2026-09-05T13:53:03Z,redis-cart,9,34598912,1
2026-09-05T13:53:08Z,frontend,200,47972352,1
2026-09-05T13:53:08Z,cartservice,46,79396864,1
2026-09-05T13:53:08Z,checkoutservice,87,20860928,1
2026-09-05T13:53:08Z,productcatalogservice,81,33140736,1
2026-09-05T13:53:08Z,paymentservice,7,39661568,1
2026-09-05T13:53:08Z,recommendationservice,134,105336832,1
2026-09-05T13:53:08Z,shippingservice,21,32190464,1
2026-09-05T13:53:08Z,currencyservice,67,89055232,1
2026-09-05T13:53:08Z,emailservice,16,92278784,1
2026-09-05T13:53:08Z,adservice,40,276729856,1
2026-09-05T13:53:08Z,redis-cart,9,34598912,1
2026-09-05T13:53:13Z,frontend,208,47513600,1
2026-09-05T13:53:13Z,cartservice,46,79396864,1
2026-09-05T13:53:13Z,checkoutservice,88,21880832,1
2026-09-05T13:53:13Z,productcatalogservice,81,32792576,1
2026-09-05T13:53:13Z,paymentservice,7,39673856,1
2026-09-05T13:53:13Z,recommendationservice,135,105336832,1
2026-09-05T13:53:13Z,shippingservice,23,32423936,1
2026-09-05T13:53:13Z,currencyservice,66,88739840,1
2026-09-05T13:53:13Z,emailservice,16,92278784,1
2026-09-05T13:53:13Z,adservice,38,276729856,1
2026-09-05T13:53:13Z,redis-cart,9,34594816,1
2026-09-05T13:53:19Z,frontend,208,46911488,1
2026-09-05T13:53:19Z,cartservice,46,79396864,1
2026-09-05T13:53:19Z,checkoutservice,88,23117824,1
2026-09-05T13:53:19Z,productcatalogservice,81,32899072,1
2026-09-05T13:53:19Z,paymentservice,7,39677952,1
2026-09-05T13:53:19Z,recommendationservice,135,105336832,1
2026-09-05T13:53:19Z,shippingservice,23,32829440,1
2026-09-05T13:53:19Z,currencyservice,66,88985600,1
2026-09-05T13:53:19Z,emailservice,16,92278784,1
2026-09-05T13:53:19Z,adservice,38,276729856,1
2026-09-05T13:53:19Z,redis-cart,9,34660352,1
2026-09-05T13:53:24Z,frontend,204,48480256,1
2026-09-05T13:53:24Z,cartservice,43,79396864,1
2026-09-05T13:53:24Z,checkoutservice,83,21487616,1
2026-09-05T13:53:24Z,productcatalogservice,86,32636928,1
2026-09-05T13:53:24Z,paymentservice,7,39682048,1
2026-09-05T13:53:24Z,recommendationservice,132,105336832,1
2026-09-05T13:53:24Z,shippingservice,21,31563776,1
2026-09-05T13:53:24Z,currencyservice,69,88694784,1
2026-09-05T13:53:24Z,emailservice,15,92278784,1
2026-09-05T13:53:24Z,adservice,40,276754432,1
2026-09-05T13:53:24Z,redis-cart,15,34660352,1
2026-09-05T13:53:29Z,frontend,204,47284224,1
2026-09-05T13:53:29Z,cartservice,43,79396864,1
2026-09-05T13:53:29Z,checkoutservice,83,23732224,1
2026-09-05T13:53:29Z,productcatalogservice,86,32587776,1
2026-09-05T13:53:29Z,paymentservice,7,39694336,1
2026-09-05T13:53:29Z,recommendationservice,132,105336832,1
2026-09-05T13:53:29Z,shippingservice,21,32215040,1
2026-09-05T13:53:29Z,currencyservice,69,88891392,1
2026-09-05T13:53:29Z,emailservice,15,92278784,1
2026-09-05T13:53:29Z,adservice,40,276754432,1
2026-09-05T13:53:29Z,redis-cart,15,34660352,1
2026-09-05T13:53:35Z,frontend,217,47575040,1
2026-09-05T13:53:35Z,cartservice,46,79413248,1
2026-09-05T13:53:35Z,checkoutservice,94,21676032,1
2026-09-05T13:53:35Z,productcatalogservice,88,32862208,1
2026-09-05T13:53:35Z,paymentservice,9,39702528,1
2026-09-05T13:53:35Z,recommendationservice,152,105336832,1
2026-09-05T13:53:35Z,shippingservice,23,32292864,1
2026-09-05T13:53:35Z,currencyservice,73,89214976,1
2026-09-05T13:53:35Z,emailservice,16,92278784,1
2026-09-05T13:53:35Z,adservice,46,276754432,1
2026-09-05T13:53:35Z,redis-cart,9,34660352,1
2026-09-05T13:53:40Z,frontend,217,48664576,1
2026-09-05T13:53:40Z,cartservice,46,79618048,1
2026-09-05T13:53:40Z,checkoutservice,94,21344256,1
2026-09-05T13:53:40Z,productcatalogservice,88,31879168,1
2026-09-05T13:53:40Z,paymentservice,9,39710720,1
2026-09-05T13:53:40Z,recommendationservice,152,105402368,1
2026-09-05T13:53:40Z,shippingservice,23,31617024,1
2026-09-05T13:53:40Z,currencyservice,73,89022464,1
2026-09-05T13:53:40Z,emailservice,16,92278784,1
2026-09-05T13:53:40Z,adservice,46,276754432,1
2026-09-05T13:53:40Z,redis-cart,9,34660352,1
2026-09-05T13:53:45Z,frontend,210,47816704,1
2026-09-05T13:53:45Z,cartservice,48,79552512,1
2026-09-05T13:53:45Z,checkoutservice,94,20705280,1
2026-09-05T13:53:45Z,productcatalogservice,83,32923648,1
2026-09-05T13:53:45Z,paymentservice,8,39723008,1
2026-09-05T13:53:45Z,recommendationservice,138,105402368,1
2026-09-05T13:53:45Z,shippingservice,21,32272384,1
2026-09-05T13:53:45Z,currencyservice,67,89300992,1
2026-09-05T13:53:45Z,emailservice,17,92278784,1
2026-09-05T13:53:45Z,adservice,40,276779008,1
2026-09-05T13:53:45Z,redis-cart,9,34660352,1
2026-09-05T13:53:50Z,frontend,210,47521792,1
2026-09-05T13:53:50Z,cartservice,48,79638528,1
2026-09-05T13:53:50Z,checkoutservice,94,23117824,1
2026-09-05T13:53:50Z,productcatalogservice,83,32407552,1
2026-09-05T13:53:50Z,paymentservice,8,39731200,1
2026-09-05T13:53:50Z,recommendationservice,138,105402368,1
2026-09-05T13:53:50Z,shippingservice,21,31875072,1
2026-09-05T13:53:50Z,currencyservice,67,88846336,1
2026-09-05T13:53:50Z,emailservice,17,92278784,1
2026-09-05T13:53:50Z,adservice,40,276779008,1
2026-09-05T13:53:50Z,redis-cart,9,34660352,1
2026-09-05T13:53:56Z,frontend,205,48267264,1
2026-09-05T13:53:56Z,cartservice,61,79622144,1
2026-09-05T13:53:56Z,checkoutservice,90,21798912,1
2026-09-05T13:53:56Z,productcatalogservice,83,32878592,1
2026-09-05T13:53:56Z,paymentservice,8,39743488,1
2026-09-05T13:53:56Z,recommendationservice,134,105406464,1
2026-09-05T13:53:56Z,shippingservice,21,31473664,1
2026-09-05T13:53:56Z,currencyservice,68,89116672,1
2026-09-05T13:53:56Z,emailservice,16,92278784,1
2026-09-05T13:53:56Z,adservice,43,276779008,1
2026-09-05T13:53:56Z,redis-cart,9,34660352,1
2026-09-05T13:54:01Z,frontend,205,47865856,1
2026-09-05T13:54:01Z,cartservice,61,79691776,1
2026-09-05T13:54:01Z,checkoutservice,90,21839872,1
2026-09-05T13:54:01Z,productcatalogservice,83,32993280,1
2026-09-05T13:54:01Z,paymentservice,8,39751680,1
2026-09-05T13:54:01Z,recommendationservice,134,105406464,1
2026-09-05T13:54:01Z,shippingservice,21,32350208,1
2026-09-05T13:54:01Z,currencyservice,68,89235456,1
2026-09-05T13:54:01Z,emailservice,16,92278784,1
2026-09-05T13:54:01Z,adservice,43,276779008,1
2026-09-05T13:54:01Z,redis-cart,9,34664448,1
2026-09-05T13:54:06Z,frontend,200,47284224,1
2026-09-05T13:54:06Z,cartservice,61,79732736,1
2026-09-05T13:54:06Z,checkoutservice,89,21393408,1
2026-09-05T13:54:06Z,productcatalogservice,82,32538624,1
2026-09-05T13:54:06Z,paymentservice,8,39763968,1
2026-09-05T13:54:06Z,recommendationservice,134,105406464,1
2026-09-05T13:54:06Z,shippingservice,24,32657408,1
2026-09-05T13:54:06Z,currencyservice,70,89546752,1
2026-09-05T13:54:06Z,emailservice,15,92278784,1
2026-09-05T13:54:06Z,adservice,37,276779008,1
2026-09-05T13:54:06Z,redis-cart,8,34664448,1
2026-09-05T13:54:11Z,frontend,200,47845376,1
2026-09-05T13:54:11Z,cartservice,61,79732736,1
2026-09-05T13:54:11Z,checkoutservice,89,21688320,1
2026-09-05T13:54:11Z,productcatalogservice,82,31879168,1
2026-09-05T13:54:11Z,paymentservice,8,39763968,1
2026-09-05T13:54:11Z,recommendationservice,134,105406464,1
2026-09-05T13:54:11Z,shippingservice,24,32468992,1
2026-09-05T13:54:11Z,currencyservice,70,88653824,1
2026-09-05T13:54:11Z,emailservice,15,92278784,1
2026-09-05T13:54:11Z,adservice,37,276779008,1
2026-09-05T13:54:11Z,redis-cart,8,34664448,1
2026-09-05T13:54:17Z,frontend,202,47628288,1
2026-09-05T13:54:17Z,cartservice,59,79736832,1
2026-09-05T13:54:17Z,checkoutservice,87,21684224,1
2026-09-05T13:54:17Z,productcatalogservice,82,32268288,1
2026-09-05T13:54:17Z,paymentservice,7,39776256,1
2026-09-05T13:54:17Z,recommendationservice,128,105406464,1
2026-09-05T13:54:17Z,shippingservice,22,32673792,1
2026-09-05T13:54:17Z,currencyservice,67,88989696,1
2026-09-05T13:54:17Z,emailservice,16,92278784,1
2026-09-05T13:54:17Z,adservice,36,276803584,1
2026-09-05T13:54:17Z,redis-cart,8,34664448,1
2026-09-05T13:54:22Z,frontend,202,47726592,1
2026-09-05T13:54:22Z,cartservice,59,79736832,1
2026-09-05T13:54:22Z,checkoutservice,87,21569536,1
2026-09-05T13:54:22Z,productcatalogservice,82,32763904,1
2026-09-05T13:54:22Z,paymentservice,7,39788544,1
2026-09-05T13:54:22Z,recommendationservice,128,105406464,1
2026-09-05T13:54:22Z,shippingservice,22,31977472,1
2026-09-05T13:54:22Z,currencyservice,67,88166400,1
2026-09-05T13:54:22Z,emailservice,16,92282880,1
2026-09-05T13:54:22Z,adservice,36,276803584,1
2026-09-05T13:54:22Z,redis-cart,8,34664448,1
2026-09-05T13:54:27Z,frontend,189,48545792,1
2026-09-05T13:54:27Z,cartservice,57,79720448,1
2026-09-05T13:54:27Z,checkoutservice,82,20779008,1
2026-09-05T13:54:27Z,productcatalogservice,81,32411648,1
2026-09-05T13:54:27Z,paymentservice,7,39796736,1
2026-09-05T13:54:27Z,recommendationservice,121,105406464,1
2026-09-05T13:54:27Z,shippingservice,20,32034816,1
2026-09-05T13:54:27Z,currencyservice,62,88432640,1
2026-09-05T13:54:27Z,emailservice,16,92282880,1
2026-09-05T13:54:27Z,adservice,37,276803584,1
2026-09-05T13:54:27Z,redis-cart,8,34664448,1
2026-09-05T13:54:32Z,frontend,197,47521792,1
2026-09-05T13:54:32Z,cartservice,58,79749120,1
2026-09-05T13:54:32Z,checkoutservice,84,22679552,1
2026-09-05T13:54:32Z,productcatalogservice,82,31952896,1
2026-09-05T13:54:32Z,paymentservice,7,39800832,1
2026-09-05T13:54:32Z,recommendationservice,127,105406464,1
2026-09-05T13:54:32Z,shippingservice,21,32989184,1
2026-09-05T13:54:32Z,currencyservice,63,88322048,1
2026-09-05T13:54:32Z,emailservice,15,92282880,1
2026-09-05T13:54:32Z,adservice,36,276803584,1
2026-09-05T13:54:32Z,redis-cart,8,34664448,1
2026-09-05T13:54:38Z,frontend,197,48410624,1
2026-09-05T13:54:38Z,cartservice,58,79659008,1
2026-09-05T13:54:38Z,checkoutservice,84,20410368,1
2026-09-05T13:54:38Z,productcatalogservice,82,32813056,1
2026-09-05T13:54:38Z,paymentservice,7,39809024,1
2026-09-05T13:54:38Z,recommendationservice,127,105406464,1
2026-09-05T13:54:38Z,shippingservice,21,32071680,1
2026-09-05T13:54:38Z,currencyservice,63,88678400,1
2026-09-05T13:54:38Z,emailservice,15,92286976,1
2026-09-05T13:54:38Z,adservice,36,276803584,1
2026-09-05T13:54:38Z,redis-cart,8,34611200,1
2026-09-05T13:54:43Z,frontend,191,47915008,1
2026-09-05T13:54:43Z,cartservice,57,79659008,1
2026-09-05T13:54:43Z,checkoutservice,79,21057536,1
2026-09-05T13:54:43Z,productcatalogservice,76,32727040,1
2026-09-05T13:54:43Z,paymentservice,7,39817216,1
2026-09-05T13:54:43Z,recommendationservice,127,105406464,1
2026-09-05T13:54:43Z,shippingservice,20,32395264,1
2026-09-05T13:54:43Z,currencyservice,70,88514560,1
2026-09-05T13:54:43Z,emailservice,16,92286976,1
2026-09-05T13:54:43Z,adservice,34,276803584,1
2026-09-05T13:54:43Z,redis-cart,14,34611200,1
2026-09-05T13:54:48Z,frontend,191,48345088,1
2026-09-05T13:54:48Z,cartservice,57,79585280,1
2026-09-05T13:54:48Z,checkoutservice,79,21024768,1
2026-09-05T13:54:48Z,productcatalogservice,76,32591872,1
2026-09-05T13:54:48Z,paymentservice,7,39817216,1
2026-09-05T13:54:48Z,recommendationservice,127,105406464,1
2026-09-05T13:54:48Z,shippingservice,20,32428032,1
2026-09-05T13:54:48Z,currencyservice,70,88854528,1
2026-09-05T13:54:48Z,emailservice,16,92286976,1
2026-09-05T13:54:48Z,adservice,34,276803584,1
2026-09-05T13:54:48Z,redis-cart,14,34611200,1
2026-09-05T13:54:53Z,frontend,202,47906816,1
2026-09-05T13:54:53Z,cartservice,61,79605760,1
2026-09-05T13:54:53Z,checkoutservice,83,21843968,1
2026-09-05T13:54:53Z,productcatalogservice,85,32550912,1
2026-09-05T13:54:53Z,paymentservice,7,39837696,1
2026-09-05T13:54:53Z,recommendationservice,132,105406464,1
2026-09-05T13:54:53Z,shippingservice,21,32337920,1
2026-09-05T13:54:53Z,currencyservice,66,88588288,1
2026-09-05T13:54:53Z,emailservice,15,92286976,1
2026-09-05T13:54:53Z,adservice,41,276803584,1
2026-09-05T13:54:53Z,redis-cart,9,34607104,1
2026-09-05T13:54:59Z,frontend,202,48267264,1
2026-09-05T13:54:59Z,cartservice,61,79519744,1
2026-09-05T13:54:59Z,checkoutservice,83,23076864,1
2026-09-05T13:54:59Z,productcatalogservice,85,32493568,1
2026-09-05T13:54:59Z,paymentservice,7,39841792,1
2026-09-05T13:54:59Z,recommendationservice,132,105406464,1
2026-09-05T13:54:59Z,shippingservice,21,32284672,1
2026-09-05T13:54:59Z,currencyservice,66,88969216,1
2026-09-05T13:54:59Z,emailservice,15,92286976,1
2026-09-05T13:54:59Z,adservice,41,276803584,1
2026-09-05T13:54:59Z,redis-cart,9,34607104,1
2026-09-05T13:55:04Z,frontend,211,48308224,1
2026-09-05T13:55:04Z,cartservice,64,79519744,1
2026-09-05T13:55:04Z,checkoutservice,89,21184512,1
2026-09-05T13:55:04Z,productcatalogservice,84,31948800,1
2026-09-05T13:55:04Z,paymentservice,7,39813120,1
2026-09-05T13:55:04Z,recommendationservice,137,105406464,1
2026-09-05T13:55:04Z,shippingservice,22,32251904,1
2026-09-05T13:55:04Z,currencyservice,70,88653824,1
2026-09-05T13:55:04Z,emailservice,16,92286976,1
2026-09-05T13:55:04Z,adservice,43,276803584,1
2026-09-05T13:55:04Z,redis-cart,9,34607104,1
2026-09-05T13:55:09Z,frontend,211,47845376,1
2026-09-05T13:55:09Z,cartservice,64,79360000,1
2026-09-05T13:55:09Z,checkoutservice,89,21450752,1
2026-09-05T13:55:09Z,productcatalogservice,84,32542720,1
2026-09-05T13:55:09Z,paymentservice,7,39821312,1
2026-09-05T13:55:09Z,recommendationservice,137,105406464,1
2026-09-05T13:55:09Z,shippingservice,22,32305152,1
2026-09-05T13:55:09Z,currencyservice,70,88875008,1
2026-09-05T13:55:09Z,emailservice,16,92286976,1
2026-09-05T13:55:09Z,adservice,43,276803584,1
2026-09-05T13:55:09Z,redis-cart,9,34607104,1
2026-09-05T13:55:15Z,frontend,209,46542848,1
2026-09-05T13:55:15Z,cartservice,54,79327232,1
2026-09-05T13:55:15Z,checkoutservice,83,21491712,1
2026-09-05T13:55:15Z,productcatalogservice,85,32514048,1
2026-09-05T13:55:15Z,paymentservice,7,39829504,1
2026-09-05T13:55:15Z,recommendationservice,142,105406464,1
2026-09-05T13:55:15Z,shippingservice,24,32362496,1
2026-09-05T13:55:15Z,currencyservice,71,89247744,1
2026-09-05T13:55:15Z,emailservice,17,92286976,1
2026-09-05T13:55:15Z,adservice,40,276729856,1
2026-09-05T13:55:15Z,redis-cart,9,34607104,1
2026-09-05T13:55:20Z,frontend,209,47730688,1
2026-09-05T13:55:20Z,cartservice,54,79327232,1
2026-09-05T13:55:20Z,checkoutservice,83,21655552,1
2026-09-05T13:55:20Z,productcatalogservice,85,32505856,1
2026-09-05T13:55:20Z,paymentservice,7,39837696,1
2026-09-05T13:55:20Z,recommendationservice,142,105406464,1
2026-09-05T13:55:20Z,shippingservice,24,32198656,1
2026-09-05T13:55:20Z,currencyservice,71,88899584,1
2026-09-05T13:55:20Z,emailservice,17,92286976,1
2026-09-05T13:55:20Z,adservice,40,276733952,1
2026-09-05T13:55:20Z,redis-cart,9,34607104,1
2026-09-05T13:55:25Z,frontend,201,47886336,1
2026-09-05T13:55:25Z,cartservice,43,79327232,1
2026-09-05T13:55:25Z,checkoutservice,87,21512192,1
2026-09-05T13:55:25Z,productcatalogservice,84,33255424,1
2026-09-05T13:55:25Z,paymentservice,7,39849984,1
2026-09-05T13:55:25Z,recommendationservice,135,105406464,1
2026-09-05T13:55:25Z,shippingservice,21,32956416,1
2026-09-05T13:55:25Z,currencyservice,67,89280512,1
2026-09-05T13:55:25Z,emailservice,16,92291072,1
2026-09-05T13:55:25Z,adservice,42,276733952,1
2026-09-05T13:55:25Z,redis-cart,9,34607104,1
2026-09-05T13:55:30Z,frontend,201,48078848,1
2026-09-05T13:55:30Z,cartservice,43,79073280,1
2026-09-05T13:55:30Z,checkoutservice,87,21557248,1
2026-09-05T13:55:30Z,productcatalogservice,84,32100352,1
2026-09-05T13:55:30Z,paymentservice,7,39866368,1
2026-09-05T13:55:30Z,recommendationservice,135,105439232,1
2026-09-05T13:55:30Z,shippingservice,21,32387072,1
2026-09-05T13:55:30Z,currencyservice,67,88842240,1
2026-09-05T13:55:30Z,emailservice,16,92291072,1
2026-09-05T13:55:30Z,adservice,42,276733952,1
2026-09-05T13:55:30Z,redis-cart,9,34607104,1
2026-09-05T13:55:36Z,frontend,207,47808512,1
2026-09-05T13:55:36Z,cartservice,40,79073280,1
2026-09-05T13:55:36Z,checkoutservice,85,21438464,1
2026-09-05T13:55:36Z,productcatalogservice,85,31789056,1
2026-09-05T13:55:36Z,paymentservice,7,39874560,1
2026-09-05T13:55:36Z,recommendationservice,134,105439232,1
2026-09-05T13:55:36Z,shippingservice,21,32354304,1
2026-09-05T13:55:36Z,currencyservice,69,89358336,1
2026-09-05T13:55:36Z,emailservice,17,92291072,1
2026-09-05T13:55:36Z,adservice,41,276733952,1
2026-09-05T13:55:36Z,redis-cart,9,34607104,1
2026-09-05T13:55:41Z,frontend,207,46977024,1
2026-09-05T13:55:41Z,cartservice,40,79036416,1
2026-09-05T13:55:41Z,checkoutservice,85,21274624,1
2026-09-05T13:55:41Z,productcatalogservice,85,32247808,1
2026-09-05T13:55:41Z,paymentservice,7,39878656,1
2026-09-05T13:55:41Z,recommendationservice,134,105439232,1
2026-09-05T13:55:41Z,shippingservice,21,31584256,1
2026-09-05T13:55:41Z,currencyservice,69,88793088,1
2026-09-05T13:55:41Z,emailservice,17,92291072,1
2026-09-05T13:55:41Z,adservice,41,276733952,1
2026-09-05T13:55:41Z,redis-cart,9,34607104,1
2026-09-05T13:55:46Z,frontend,206,48173056,1
2026-09-05T13:55:46Z,cartservice,39,79044608,1
2026-09-05T13:55:46Z,checkoutservice,83,21864448,1
2026-09-05T13:55:46Z,productcatalogservice,85,32481280,1
2026-09-05T13:55:46Z,paymentservice,7,39895040,1
2026-09-05T13:55:46Z,recommendationservice,132,105439232,1
2026-09-05T13:55:46Z,shippingservice,22,32215040,1
2026-09-05T13:55:46Z,currencyservice,67,89112576,1
2026-09-05T13:55:46Z,emailservice,19,92291072,1
2026-09-05T13:55:46Z,adservice,37,276733952,1
2026-09-05T13:55:46Z,redis-cart,9,34607104,1
2026-09-05T13:55:52Z,frontend,206,48570368,1
2026-09-05T13:55:52Z,cartservice,39,79114240,1
2026-09-05T13:55:52Z,checkoutservice,83,21954560,1
2026-09-05T13:55:52Z,productcatalogservice,85,32440320,1
2026-09-05T13:55:52Z,paymentservice,7,39923712,1
2026-09-05T13:55:52Z,recommendationservice,132,105439232,1
2026-09-05T13:55:52Z,shippingservice,22,31547392,1
2026-09-05T13:55:52Z,currencyservice,67,88186880,1
2026-09-05T13:55:52Z,emailservice,19,92291072,1
2026-09-05T13:55:52Z,adservice,37,276709376,1
2026-09-05T13:55:52Z,redis-cart,9,34607104,1
2026-09-05T13:55:57Z,frontend,192,48082944,1
2026-09-05T13:55:57Z,cartservice,47,79114240,1
2026-09-05T13:55:57Z,checkoutservice,87,20373504,1
2026-09-05T13:55:57Z,productcatalogservice,82,32985088,1
2026-09-05T13:55:57Z,paymentservice,8,39944192,1
2026-09-05T13:55:57Z,recommendationservice,132,105439232,1
2026-09-05T13:55:57Z,shippingservice,22,32407552,1
2026-09-05T13:55:57Z,currencyservice,62,88690688,1
2026-09-05T13:55:57Z,emailservice,15,92291072,1
2026-09-05T13:55:57Z,adservice,37,276709376,1
2026-09-05T13:55:57Z,redis-cart,9,34623488,1
2026-09-05T13:56:02Z,frontend,192,48230400,1
2026-09-05T13:56:02Z,cartservice,47,79122432,1
2026-09-05T13:56:02Z,checkoutservice,87,21749760,1
2026-09-05T13:56:02Z,productcatalogservice,82,32423936,1
2026-09-05T13:56:02Z,paymentservice,8,39964672,1
2026-09-05T13:56:02Z,recommendationservice,132,105439232,1
2026-09-05T13:56:02Z,shippingservice,22,32399360,1
2026-09-05T13:56:02Z,currencyservice,62,88870912,1
2026-09-05T13:56:02Z,emailservice,15,92291072,1
2026-09-05T13:56:02Z,adservice,37,276709376,1
2026-09-05T13:56:02Z,redis-cart,9,34623488,1
2026-09-05T13:56:07Z,frontend,205,47357952,1
2026-09-05T13:56:07Z,cartservice,47,79126528,1
2026-09-05T13:56:07Z,checkoutservice,84,21590016,1
2026-09-05T13:56:07Z,productcatalogservice,82,32735232,1
2026-09-05T13:56:07Z,paymentservice,7,39997440,1
2026-09-05T13:56:07Z,recommendationservice,128,105439232,1
2026-09-05T13:56:07Z,shippingservice,21,32059392,1
2026-09-05T13:56:07Z,currencyservice,68,89141248,1
2026-09-05T13:56:07Z,emailservice,15,92291072,1
2026-09-05T13:56:07Z,adservice,39,276709376,1
2026-09-05T13:56:07Z,redis-cart,14,34623488,1
2026-09-05T13:56:13Z,frontend,205,48099328,1
2026-09-05T13:56:13Z,cartservice,47,79151104,1
2026-09-05T13:56:13Z,checkoutservice,84,21606400,1
2026-09-05T13:56:13Z,productcatalogservice,82,32567296,1
2026-09-05T13:56:13Z,paymentservice,7,40030208,1
2026-09-05T13:56:13Z,recommendationservice,128,105439232,1
2026-09-05T13:56:13Z,shippingservice,21,32784384,1
2026-09-05T13:56:13Z,currencyservice,68,88547328,1
2026-09-05T13:56:13Z,emailservice,15,92291072,1
2026-09-05T13:56:13Z,adservice,39,276709376,1
2026-09-05T13:56:13Z,redis-cart,14,34623488,1
2026-09-05T13:56:18Z,frontend,204,48164864,1
2026-09-05T13:56:18Z,cartservice,42,79118336,1
2026-09-05T13:56:18Z,checkoutservice,82,19419136,1
2026-09-05T13:56:18Z,productcatalogservice,82,31997952,1
2026-09-05T13:56:18Z,paymentservice,7,40054784,1
2026-09-05T13:56:18Z,recommendationservice,135,105439232,1
2026-09-05T13:56:18Z,shippingservice,21,31961088,1
2026-09-05T13:56:18Z,currencyservice,66,89030656,1
2026-09-05T13:56:18Z,emailservice,16,92327936,1
2026-09-05T13:56:18Z,adservice,37,276709376,1
2026-09-05T13:56:18Z,redis-cart,9,34623488,1
2026-09-05T13:56:23Z,frontend,203,48439296,1
2026-09-05T13:56:23Z,cartservice,41,79118336,1
2026-09-05T13:56:23Z,checkoutservice,82,20701184,1
2026-09-05T13:56:23Z,productcatalogservice,85,32690176,1
2026-09-05T13:56:23Z,paymentservice,7,40091648,1
2026-09-05T13:56:23Z,recommendationservice,130,105406464,1
2026-09-05T13:56:23Z,shippingservice,21,32677888,1
2026-09-05T13:56:23Z,currencyservice,64,89419776,1
2026-09-05T13:56:23Z,emailservice,14,92332032,1
2026-09-05T13:56:23Z,adservice,37,276709376,1
2026-09-05T13:56:23Z,redis-cart,8,34623488,1
2026-09-05T13:56:28Z,frontend,203,47603712,1
2026-09-05T13:56:28Z,cartservice,41,79118336,1
2026-09-05T13:56:28Z,checkoutservice,82,23998464,1
2026-09-05T13:56:28Z,productcatalogservice,85,31657984,1
2026-09-05T13:56:28Z,paymentservice,7,40120320,1
2026-09-05T13:56:28Z,recommendationservice,130,105406464,1
2026-09-05T13:56:28Z,shippingservice,21,32428032,1
2026-09-05T13:56:28Z,currencyservice,64,88834048,1
2026-09-05T13:56:28Z,emailservice,14,92344320,1
2026-09-05T13:56:28Z,adservice,37,276709376,1
2026-09-05T13:56:28Z,redis-cart,8,34623488,1
2026-09-05T13:56:34Z,frontend,196,47632384,1
2026-09-05T13:56:34Z,cartservice,38,79118336,1
2026-09-05T13:56:34Z,checkoutservice,79,21635072,1
2026-09-05T13:56:34Z,productcatalogservice,82,32563200,1
2026-09-05T13:56:34Z,paymentservice,6,40144896,1
2026-09-05T13:56:34Z,recommendationservice,124,105406464,1
2026-09-05T13:56:34Z,shippingservice,21,32358400,1
2026-09-05T13:56:34Z,currencyservice,68,89120768,1
2026-09-05T13:56:34Z,emailservice,15,92344320,1
2026-09-05T13:56:34Z,adservice,37,276709376,1
2026-09-05T13:56:34Z,redis-cart,9,34623488,1
2026-09-05T13:56:39Z,frontend,196,47390720,1
2026-09-05T13:56:39Z,cartservice,38,79118336,1
2026-09-05T13:56:39Z,checkoutservice,79,24784896,1
2026-09-05T13:56:39Z,productcatalogservice,82,32358400,1
2026-09-05T13:56:39Z,paymentservice,6,40165376,1
2026-09-05T13:56:39Z,recommendationservice,124,105406464,1
2026-09-05T13:56:39Z,shippingservice,21,32124928,1
2026-09-05T13:56:39Z,currencyservice,68,88731648,1
2026-09-05T13:56:39Z,emailservice,15,92344320,1
2026-09-05T13:56:39Z,adservice,37,276709376,1
2026-09-05T13:56:39Z,redis-cart,9,34623488,1
2026-09-05T13:56:44Z,frontend,193,48140288,1
2026-09-05T13:56:44Z,cartservice,40,79118336,1
2026-09-05T13:56:44Z,checkoutservice,80,21745664,1
2026-09-05T13:56:44Z,productcatalogservice,80,32813056,1
2026-09-05T13:56:44Z,paymentservice,6,40202240,1
2026-09-05T13:56:44Z,recommendationservice,122,105406464,1
2026-09-05T13:56:44Z,shippingservice,20,31776768,1
2026-09-05T13:56:44Z,currencyservice,60,89141248,1
2026-09-05T13:56:44Z,emailservice,15,92278784,1
2026-09-05T13:56:44Z,adservice,34,276709376,1
2026-09-05T13:56:44Z,redis-cart,8,34623488,1
2026-09-05T13:56:49Z,frontend,193,48185344,1
2026-09-05T13:56:49Z,cartservice,40,79118336,1
2026-09-05T13:56:49Z,checkoutservice,80,20824064,1
2026-09-05T13:56:49Z,productcatalogservice,80,32743424,1
2026-09-05T13:56:49Z,paymentservice,6,40226816,1
2026-09-05T13:56:49Z,recommendationservice,122,105406464,1
2026-09-05T13:56:49Z,shippingservice,20,31633408,1
2026-09-05T13:56:49Z,currencyservice,60,88109056,1
2026-09-05T13:56:49Z,emailservice,15,92278784,1
2026-09-05T13:56:49Z,adservice,34,276709376,1
2026-09-05T13:56:49Z,redis-cart,8,34623488,1
2026-09-05T13:56:55Z,frontend,198,47153152,1
2026-09-05T13:56:55Z,cartservice,41,79003648,1
2026-09-05T13:56:55Z,checkoutservice,79,21696512,1
2026-09-05T13:56:55Z,productcatalogservice,83,31928320,1
2026-09-05T13:56:55Z,paymentservice,7,40251392,1
2026-09-05T13:56:55Z,recommendationservice,129,105406464,1
2026-09-05T13:56:55Z,shippingservice,22,32178176,1
2026-09-05T13:56:55Z,currencyservice,67,88416256,1
2026-09-05T13:56:55Z,emailservice,15,92278784,1
2026-09-05T13:56:55Z,adservice,37,276709376,1
2026-09-05T13:56:55Z,redis-cart,9,34623488,1
2026-09-05T13:57:00Z,frontend,198,47931392,1
2026-09-05T13:57:00Z,cartservice,41,79003648,1
2026-09-05T13:57:00Z,checkoutservice,79,22384640,1
2026-09-05T13:57:00Z,productcatalogservice,83,32493568,1
2026-09-05T13:57:00Z,paymentservice,7,40271872,1
2026-09-05T13:57:00Z,recommendationservice,129,105406464,1
2026-09-05T13:57:00Z,shippingservice,22,32649216,1
2026-09-05T13:57:00Z,currencyservice,67,88588288,1
2026-09-05T13:57:00Z,emailservice,15,92278784,1
2026-09-05T13:57:00Z,adservice,37,276709376,1
2026-09-05T13:57:00Z,redis-cart,9,34623488,1
2026-09-05T13:57:05Z,frontend,202,48168960,1
2026-09-05T13:57:05Z,cartservice,40,78950400,1
2026-09-05T13:57:05Z,checkoutservice,82,22171648,1
2026-09-05T13:57:05Z,productcatalogservice,81,33153024,1
2026-09-05T13:57:05Z,paymentservice,7,40304640,1
2026-09-05T13:57:05Z,recommendationservice,122,105406464,1
2026-09-05T13:57:05Z,shippingservice,20,32591872,1
2026-09-05T13:57:05Z,currencyservice,65,88690688,1
2026-09-05T13:57:05Z,emailservice,15,92278784,1
2026-09-05T13:57:05Z,adservice,38,276709376,1
2026-09-05T13:57:05Z,redis-cart,9,34623488,1
2026-09-05T13:57:10Z,frontend,202,47833088,1
2026-09-05T13:57:10Z,cartservice,40,78950400,1
2026-09-05T13:57:10Z,checkoutservice,82,21508096,1
2026-09-05T13:57:10Z,productcatalogservice,81,32993280,1
2026-09-05T13:57:10Z,paymentservice,7,40333312,1
2026-09-05T13:57:10Z,recommendationservice,122,105406464,1
2026-09-05T13:57:10Z,shippingservice,20,32452608,1
2026-09-05T13:57:10Z,currencyservice,65,88555520,1
2026-09-05T13:57:10Z,emailservice,15,92278784,1
2026-09-05T13:57:10Z,adservice,38,276709376,1
2026-09-05T13:57:10Z,redis-cart,9,34623488,1
2026-09-05T13:57:16Z,frontend,201,47755264,1
2026-09-05T13:57:16Z,cartservice,44,78991360,1
2026-09-05T13:57:16Z,checkoutservice,80,21331968,1
2026-09-05T13:57:16Z,productcatalogservice,83,32645120,1
2026-09-05T13:57:16Z,paymentservice,6,40357888,1
2026-09-05T13:57:16Z,recommendationservice,132,105406464,1
2026-09-05T13:57:16Z,shippingservice,21,32509952,1
2026-09-05T13:57:16Z,currencyservice,70,88788992,1
2026-09-05T13:57:16Z,emailservice,14,92278784,1
2026-09-05T13:57:16Z,adservice,32,276709376,1
2026-09-05T13:57:16Z,redis-cart,8,34623488,1
2026-09-05T13:57:21Z,frontend,201,48087040,1
2026-09-05T13:57:21Z,cartservice,44,78991360,1
2026-09-05T13:57:21Z,checkoutservice,80,20774912,1
2026-09-05T13:57:21Z,productcatalogservice,83,32878592,1
2026-09-05T13:57:21Z,paymentservice,6,40382464,1
2026-09-05T13:57:21Z,recommendationservice,132,105406464,1
2026-09-05T13:57:21Z,shippingservice,21,32632832,1
2026-09-05T13:57:21Z,currencyservice,70,88670208,1
2026-09-05T13:57:21Z,emailservice,14,92278784,1
2026-09-05T13:57:21Z,adservice,32,276709376,1
2026-09-05T13:57:21Z,redis-cart,8,34623488,1
2026-09-05T13:57:26Z,frontend,196,48001024,1
2026-09-05T13:57:26Z,cartservice,43,78991360,1
2026-09-05T13:57:26Z,checkoutservice,81,22118400,1
2026-09-05T13:57:26Z,productcatalogservice,81,31629312,1
2026-09-05T13:57:26Z,paymentservice,7,40411136,1
2026-09-05T13:57:26Z,recommendationservice,127,105406464,1
2026-09-05T13:57:26Z,shippingservice,22,31444992,1
2026-09-05T13:57:26Z,currencyservice,67,88956928,1
2026-09-05T13:57:26Z,emailservice,15,92282880,1
2026-09-05T13:57:26Z,adservice,36,276709376,1
2026-09-05T13:57:26Z,redis-cart,14,34623488,1
2026-09-05T13:57:31Z,frontend,196,46358528,1
2026-09-05T13:57:31Z,cartservice,43,79020032,1
2026-09-05T13:57:31Z,checkoutservice,81,21651456,1
2026-09-05T13:57:31Z,productcatalogservice,81,33026048,1
2026-09-05T13:57:31Z,paymentservice,7,40439808,1
2026-09-05T13:57:31Z,recommendationservice,127,105406464,1
2026-09-05T13:57:31Z,shippingservice,22,32055296,1
2026-09-05T13:57:31Z,currencyservice,67,89321472,1
2026-09-05T13:57:31Z,emailservice,15,92291072,1
2026-09-05T13:57:31Z,adservice,36,276709376,1
2026-09-05T13:57:31Z,redis-cart,14,34623488,1
2026-09-05T13:57:37Z,frontend,205,47472640,1
2026-09-05T13:57:37Z,cartservice,51,79024128,1
2026-09-05T13:57:37Z,checkoutservice,80,20676608,1
2026-09-05T13:57:37Z,productcatalogservice,82,32006144,1
2026-09-05T13:57:37Z,paymentservice,6,40468480,1
2026-09-05T13:57:37Z,recommendationservice,127,105406464,1
2026-09-05T13:57:37Z,shippingservice,21,32145408,1
2026-09-05T13:57:37Z,currencyservice,66,89075712,1
2026-09-05T13:57:37Z,emailservice,16,92291072,1
2026-09-05T13:57:37Z,adservice,39,276709376,1
2026-09-05T13:57:37Z,redis-cart,9,34623488,1
2026-09-05T13:57:42Z,frontend,205,47149056,1
2026-09-05T13:57:42Z,cartservice,51,79024128,1
2026-09-05T13:57:42Z,checkoutservice,80,22450176,1
2026-09-05T13:57:42Z,productcatalogservice,82,32514048,1
2026-09-05T13:57:42Z,paymentservice,6,40493056,1
2026-09-05T13:57:42Z,recommendationservice,127,105406464,1
2026-09-05T13:57:42Z,shippingservice,21,31784960,1
2026-09-05T13:57:42Z,currencyservice,66,89333760,1
2026-09-05T13:57:42Z,emailservice,16,92291072,1
2026-09-05T13:57:42Z,adservice,39,276709376,1
2026-09-05T13:57:42Z,redis-cart,9,34623488,1
2026-09-05T13:57:47Z,frontend,206,48754688,1
2026-09-05T13:57:47Z,cartservice,50,79065088,1
2026-09-05T13:57:47Z,checkoutservice,86,21028864,1
2026-09-05T13:57:47Z,productcatalogservice,84,32923648,1
2026-09-05T13:57:47Z,paymentservice,7,40517632,1
2026-09-05T13:57:47Z,recommendationservice,133,105406464,1
2026-09-05T13:57:47Z,shippingservice,22,32395264,1
2026-09-05T13:57:47Z,currencyservice,70,88797184,1
2026-09-05T13:57:47Z,emailservice,16,92291072,1
2026-09-05T13:57:47Z,adservice,37,276709376,1
2026-09-05T13:57:47Z,redis-cart,8,34623488,1
2026-09-05T13:57:52Z,frontend,206,46452736,1
2026-09-05T13:57:52Z,cartservice,50,79065088,1
2026-09-05T13:57:52Z,checkoutservice,86,21680128,1
2026-09-05T13:57:52Z,productcatalogservice,84,32964608,1
2026-09-05T13:57:52Z,paymentservice,7,40546304,1
2026-09-05T13:57:52Z,recommendationservice,133,105406464,1
2026-09-05T13:57:52Z,shippingservice,22,32059392,1
2026-09-05T13:57:52Z,currencyservice,70,89153536,1
2026-09-05T13:57:52Z,emailservice,16,92291072,1
2026-09-05T13:57:52Z,adservice,37,276709376,1
2026-09-05T13:57:52Z,redis-cart,8,34623488,1
2026-09-05T13:57:58Z,frontend,199,48295936,1
2026-09-05T13:57:58Z,cartservice,50,79093760,1
2026-09-05T13:57:58Z,checkoutservice,81,21983232,1
2026-09-05T13:57:58Z,productcatalogservice,79,32735232,1
2026-09-05T13:57:58Z,paymentservice,8,40574976,1
2026-09-05T13:57:58Z,recommendationservice,128,105406464,1
2026-09-05T13:57:58Z,shippingservice,21,32370688,1
2026-09-05T13:57:58Z,currencyservice,65,88498176,1
2026-09-05T13:57:58Z,emailservice,15,92291072,1
2026-09-05T13:57:58Z,adservice,38,276684800,1
2026-09-05T13:57:58Z,redis-cart,9,34623488,1
2026-09-05T13:58:03Z,frontend,199,46665728,1
2026-09-05T13:58:03Z,cartservice,50,79224832,1
2026-09-05T13:58:03Z,checkoutservice,81,21143552,1
2026-09-05T13:58:03Z,productcatalogservice,79,32899072,1
2026-09-05T13:58:03Z,paymentservice,8,40607744,1
2026-09-05T13:58:03Z,recommendationservice,128,105406464,1
2026-09-05T13:58:03Z,shippingservice,21,32755712,1
2026-09-05T13:58:03Z,currencyservice,65,89096192,1
2026-09-05T13:58:03Z,emailservice,15,92291072,1
2026-09-05T13:58:03Z,adservice,38,276684800,1
2026-09-05T13:58:03Z,redis-cart,9,34623488,1
2026-09-05T13:58:08Z,frontend,200,48025600,1
2026-09-05T13:58:08Z,cartservice,57,79237120,1
2026-09-05T13:58:08Z,checkoutservice,86,21565440,1
2026-09-05T13:58:08Z,productcatalogservice,81,31641600,1
2026-09-05T13:58:08Z,paymentservice,7,40636416,1
2026-09-05T13:58:08Z,recommendationservice,127,105373696,1
2026-09-05T13:58:08Z,shippingservice,21,32280576,1
2026-09-05T13:58:08Z,currencyservice,69,88862720,1
2026-09-05T13:58:08Z,emailservice,16,92291072,1
2026-09-05T13:58:08Z,adservice,44,276684800,1
2026-09-05T13:58:08Z,redis-cart,8,34623488,1
2026-09-05T13:58:13Z,frontend,198,46284800,1
2026-09-05T13:58:13Z,cartservice,57,79273984,1
2026-09-05T13:58:13Z,checkoutservice,81,21037056,1
2026-09-05T13:58:13Z,productcatalogservice,83,32436224,1
2026-09-05T13:58:13Z,paymentservice,7,40665088,1
2026-09-05T13:58:13Z,recommendationservice,127,105373696,1
2026-09-05T13:58:13Z,shippingservice,22,32157696,1
2026-09-05T13:58:13Z,currencyservice,69,89210880,1
2026-09-05T13:58:13Z,emailservice,15,92291072,1
2026-09-05T13:58:13Z,adservice,35,276684800,1
2026-09-05T13:58:13Z,redis-cart,8,34627584,1
2026-09-05T13:58:19Z,frontend,198,48914432,1
2026-09-05T13:58:19Z,cartservice,57,79294464,1
2026-09-05T13:58:19Z,checkoutservice,81,22786048,1
2026-09-05T13:58:19Z,productcatalogservice,83,32006144,1
2026-09-05T13:58:19Z,paymentservice,7,40685568,1
2026-09-05T13:58:19Z,recommendationservice,127,105373696,1
2026-09-05T13:58:19Z,shippingservice,22,31363072,1
2026-09-05T13:58:19Z,currencyservice,69,88698880,1
2026-09-05T13:58:19Z,emailservice,15,92291072,1
2026-09-05T13:58:19Z,adservice,35,276684800,1
2026-09-05T13:58:19Z,redis-cart,8,34627584,1
2026-09-05T13:58:24Z,frontend,194,48017408,1
2026-09-05T13:58:24Z,cartservice,57,79331328,1
2026-09-05T13:58:24Z,checkoutservice,83,20684800,1
2026-09-05T13:58:24Z,productcatalogservice,78,32759808,1
2026-09-05T13:58:24Z,paymentservice,7,40718336,1
2026-09-05T13:58:24Z,recommendationservice,127,105373696,1
2026-09-05T13:58:24Z,shippingservice,20,32497664,1
2026-09-05T13:58:24Z,currencyservice,68,89071616,1
2026-09-05T13:58:24Z,emailservice,15,92295168,1
2026-09-05T13:58:24Z,adservice,35,276733952,1
2026-09-05T13:58:24Z,redis-cart,8,34627584,1
2026-09-05T13:58:29Z,frontend,194,47157248,1
2026-09-05T13:58:29Z,cartservice,57,79335424,1
2026-09-05T13:58:29Z,checkoutservice,83,22241280,1
2026-09-05T13:58:29Z,productcatalogservice,78,33083392,1
2026-09-05T13:58:29Z,paymentservice,7,40742912,1
2026-09-05T13:58:29Z,recommendationservice,127,105373696,1
2026-09-05T13:58:29Z,shippingservice,20,31858688,1
2026-09-05T13:58:29Z,currencyservice,68,88698880,1
2026-09-05T13:58:29Z,emailservice,15,92295168,1
2026-09-05T13:58:29Z,adservice,35,276733952,1
2026-09-05T13:58:29Z,redis-cart,8,34627584,1
2026-09-05T13:58:34Z,frontend,194,46620672,1
2026-09-05T13:58:34Z,cartservice,60,79339520,1
2026-09-05T13:58:34Z,checkoutservice,82,21647360,1
2026-09-05T13:58:34Z,productcatalogservice,79,33091584,1
2026-09-05T13:58:34Z,paymentservice,9,40775680,1
2026-09-05T13:58:34Z,recommendationservice,124,105373696,1
2026-09-05T13:58:34Z,shippingservice,21,32067584,1
2026-09-05T13:58:34Z,currencyservice,64,88973312,1
2026-09-05T13:58:34Z,emailservice,15,92295168,1
2026-09-05T13:58:34Z,adservice,35,276733952,1
2026-09-05T13:58:34Z,redis-cart,8,34693120,1
2026-09-05T13:58:40Z,frontend,194,47783936,1
2026-09-05T13:58:40Z,cartservice,60,79351808,1
2026-09-05T13:58:40Z,checkoutservice,82,21659648,1
2026-09-05T13:58:40Z,productcatalogservice,79,33112064,1
2026-09-05T13:58:40Z,paymentservice,9,40804352,1
2026-09-05T13:58:40Z,recommendationservice,124,105373696,1
2026-09-05T13:58:40Z,shippingservice,21,32014336,1
2026-09-05T13:58:40Z,currencyservice,64,88371200,1
2026-09-05T13:58:40Z,emailservice,15,92295168,1
2026-09-05T13:58:40Z,adservice,35,276733952,1
2026-09-05T13:58:40Z,redis-cart,8,34693120,1
2026-09-05T13:58:45Z,frontend,201,47599616,1
2026-09-05T13:58:45Z,cartservice,53,79355904,1
2026-09-05T13:58:45Z,checkoutservice,79,21614592,1
2026-09-05T13:58:45Z,productcatalogservice,80,32591872,1
2026-09-05T13:58:45Z,paymentservice,7,40833024,1
2026-09-05T13:58:45Z,recommendationservice,128,105390080,1
2026-09-05T13:58:45Z,shippingservice,21,32493568,1
2026-09-05T13:58:45Z,currencyservice,66,88727552,1
2026-09-05T13:58:45Z,emailservice,15,92295168,1
2026-09-05T13:58:45Z,adservice,35,276733952,1
2026-09-05T13:58:45Z,redis-cart,13,34693120,1
2026-09-05T13:58:50Z,frontend,201,48525312,1
2026-09-05T13:58:50Z,cartservice,53,79355904,1
2026-09-05T13:58:50Z,checkoutservice,79,21127168,1
2026-09-05T13:58:50Z,productcatalogservice,80,32505856,1
2026-09-05T13:58:50Z,paymentservice,7,40865792,1
2026-09-05T13:58:50Z,recommendationservice,128,105390080,1
2026-09-05T13:58:50Z,shippingservice,21,31834112,1
2026-09-05T13:58:50Z,currencyservice,66,88371200,1
2026-09-05T13:58:50Z,emailservice,15,92295168,1
2026-09-05T13:58:50Z,adservice,35,276733952,1
2026-09-05T13:58:50Z,redis-cart,13,34693120,1
2026-09-05T13:58:55Z,frontend,191,47616000,1
2026-09-05T13:58:55Z,cartservice,42,79355904,1
2026-09-05T13:58:55Z,checkoutservice,80,21606400,1
2026-09-05T13:58:55Z,productcatalogservice,81,32624640,1
2026-09-05T13:58:55Z,paymentservice,6,40890368,1
2026-09-05T13:58:55Z,recommendationservice,121,105390080,1
2026-09-05T13:58:55Z,shippingservice,20,31961088,1
2026-09-05T13:58:55Z,currencyservice,64,88637440,1
2026-09-05T13:58:55Z,emailservice,15,92319744,1
2026-09-05T13:58:55Z,adservice,35,276733952,1
2026-09-05T13:58:55Z,redis-cart,8,34693120,1
2026-09-05T13:59:01Z,frontend,191,46796800,1
2026-09-05T13:59:01Z,cartservice,42,79142912,1
2026-09-05T13:59:01Z,checkoutservice,80,19783680,1
2026-09-05T13:59:01Z,productcatalogservice,81,32358400,1
2026-09-05T13:59:01Z,paymentservice,6,40914944,1
2026-09-05T13:59:01Z,recommendationservice,121,105390080,1
2026-09-05T13:59:01Z,shippingservice,20,31973376,1
2026-09-05T13:59:01Z,currencyservice,64,88350720,1
2026-09-05T13:59:01Z,emailservice,15,92319744,1
2026-09-05T13:59:01Z,adservice,35,276733952,1
2026-09-05T13:59:01Z,redis-cart,8,34689024,1
2026-09-05T13:59:06Z,frontend,201,47570944,1
2026-09-05T13:59:06Z,cartservice,48,79142912,1
2026-09-05T13:59:06Z,checkoutservice,78,21606400,1
2026-09-05T13:59:06Z,productcatalogservice,81,33054720,1
2026-09-05T13:59:06Z,paymentservice,6,40939520,1
2026-09-05T13:59:06Z,recommendationservice,120,105390080,1
2026-09-05T13:59:06Z,shippingservice,20,32112640,1
2026-09-05T13:59:06Z,currencyservice,66,88633344,1
2026-09-05T13:59:06Z,emailservice,15,92319744,1
2026-09-05T13:59:06Z,adservice,35,276733952,1
2026-09-05T13:59:06Z,redis-cart,8,34689024,1
2026-09-05T13:59:11Z,frontend,201,48259072,1
2026-09-05T13:59:11Z,cartservice,48,79220736,1
2026-09-05T13:59:11Z,checkoutservice,78,21299200,1
2026-09-05T13:59:11Z,productcatalogservice,81,32792576,1
2026-09-05T13:59:11Z,paymentservice,6,40968192,1
2026-09-05T13:59:11Z,recommendationservice,120,105357312,1
2026-09-05T13:59:11Z,shippingservice,20,32272384,1
2026-09-05T13:59:11Z,currencyservice,66,88375296,1
2026-09-05T13:59:11Z,emailservice,15,92319744,1
2026-09-05T13:59:11Z,adservice,35,276733952,1
2026-09-05T13:59:11Z,redis-cart,8,34689024,1
2026-09-05T13:59:17Z,frontend,198,47673344,1
2026-09-05T13:59:17Z,cartservice,46,79220736,1
2026-09-05T13:59:17Z,checkoutservice,79,21471232,1
2026-09-05T13:59:17Z,productcatalogservice,82,32075776,1
2026-09-05T13:59:17Z,paymentservice,7,41000960,1
2026-09-05T13:59:17Z,recommendationservice,126,105357312,1
2026-09-05T13:59:17Z,shippingservice,21,32018432,1
2026-09-05T13:59:17Z,currencyservice,66,88633344,1
2026-09-05T13:59:17Z,emailservice,15,92319744,1
2026-09-05T13:59:17Z,adservice,34,276733952,1
2026-09-05T13:59:17Z,redis-cart,8,34689024,1
2026-09-05T13:59:22Z,frontend,198,47525888,1
2026-09-05T13:59:22Z,cartservice,46,79220736,1
2026-09-05T13:59:22Z,checkoutservice,79,22167552,1
2026-09-05T13:59:22Z,productcatalogservice,82,32894976,1
2026-09-05T13:59:22Z,paymentservice,7,41029632,1
2026-09-05T13:59:22Z,recommendationservice,126,105357312,1
2026-09-05T13:59:22Z,shippingservice,21,31621120,1
2026-09-05T13:59:22Z,currencyservice,66,88428544,1
2026-09-05T13:59:22Z,emailservice,15,92319744,1
2026-09-05T13:59:22Z,adservice,34,276733952,1
2026-09-05T13:59:22Z,redis-cart,8,34689024,1
2026-09-05T13:59:27Z,frontend,200,47796224,1
2026-09-05T13:59:27Z,cartservice,41,79220736,1
2026-09-05T13:59:27Z,checkoutservice,80,20951040,1
2026-09-05T13:59:27Z,productcatalogservice,83,31555584,1
2026-09-05T13:59:27Z,paymentservice,7,41054208,1
2026-09-05T13:59:27Z,recommendationservice,135,105357312,1
2026-09-05T13:59:27Z,shippingservice,23,31862784,1
2026-09-05T13:59:27Z,currencyservice,69,88559616,1
2026-09-05T13:59:27Z,emailservice,15,92319744,1
2026-09-05T13:59:27Z,adservice,36,276709376,1
2026-09-05T13:59:27Z,redis-cart,8,34689024,1
