timestamp,service,cadvisor_cpu,quota,alpha,utilization,overloaded
2026-09-29T20:56:23Z,frontend,0.0,1150,0.8,0.0,0
2026-09-29T20:56:23Z,cartservice,0.0,600,0.95,0.0,0
2026-09-29T20:56:23Z,checkoutservice,0.0,800,0.8,0.0,0
2026-09-29T20:56:23Z,productcatalogservice,0.0,600,0.95,0.0,0
2026-09-29T20:56:23Z,paymentservice,0.0,200,0.8,0.0,0
2026-09-29T20:56:23Z,recommendationservice,0.0,1150,0.8,0.0,0
2026-09-29T20:56:23Z,shippingservice,0.0,400,0.8,0.0,0
2026-09-29T20:56:23Z,currencyservice,0.0,650,0.8,0.0,0
2026-09-29T20:56:23Z,emailservice,0.0,200,0.8,0.0,0
2026-09-29T20:56:23Z,adservice,62.0,600,0.8,0.10333333333333333,0
2026-09-29T20:56:23Z,redis-cart,6.0,300,0.8,0.02,0
2026-09-29T20:56:24Z,frontend,0.0,1150,0.8,0.0,0
2026-09-29T20:56:24Z,cartservice,0.0,600,0.95,0.0,0
2026-09-29T20:56:24Z,checkoutservice,0.0,800,0.8,0.0,0
2026-09-29T20:56:24Z,productcatalogservice,0.0,600,0.95,0.0,0
2026-09-29T20:56:24Z,paymentservice,0.0,200,0.8,0.0,0
2026-09-29T20:56:24Z,recommendationservice,35.0,1150,0.8,0.030434782608695653,0
2026-09-29T20:56:24Z,shippingservice,13.0,400,0.8,0.0325,0
2026-09-29T20:56:24Z,currencyservice,0.0,650,0.8,0.0,0
2026-09-29T20:56:24Z,emailservice,0.0,200,0.8,0.0,0
2026-09-29T20:56:24Z,adservice,29.0,600,0.8,0.04833333333333333,0
2026-09-29T20:56:24Z,redis-cart,6.0,300,0.8,0.02,0
2026-09-29T20:56:25Z,frontend,0.0,1150,0.8,0.0,0
2026-09-29T20:56:25Z,cartservice,0.0,600,0.95,0.0,0
2026-09-29T20:56:25Z,checkoutservice,0.0,800,0.8,0.0,0
2026-09-29T20:56:25Z,productcatalogservice,0.0,600,0.95,0.0,0
2026-09-29T20:56:25Z,paymentservice,0.0,200,0.8,0.0,0
2026-09-29T20:56:25Z,recommendationservice,0.0,1150,0.8,0.0,0
2026-09-29T20:56:25Z,shippingservice,0.0,400,0.8,0.0,0
2026-09-29T20:56:25Z,currencyservice,0.0,650,0.8,0.0,0
2026-09-29T20:56:25Z,emailservice,0.0,200,0.8,0.0,0
2026-09-29T20:56:25Z,adservice,29.0,600,0.8,0.04833333333333333,0
2026-09-29T20:56:25Z,redis-cart,5.0,300,0.8,0.016666666666666666,0
2026-09-29T20:56:26Z,frontend,0.0,1150,0.8,0.0,0
2026-09-29T20:56:26Z,cartservice,0.0,600,0.95,0.0,0
2026-09-29T20:56:26Z,checkoutservice,0.0,800,0.8,0.0,0
2026-09-29T20:56:26Z,productcatalogservice,0.0,600,0.95,0.0,0
2026-09-29T20:56:26Z,paymentservice,0.0,200,0.8,0.0,0
2026-09-29T20:56:26Z,recommendationservice,0.0,1150,0.8,0.0,0
2026-09-29T20:56:26Z,shippingservice,0.0,400,0.8,0.0,0
2026-09-29T20:56:26Z,currencyservice,0.0,650,0.8,0.0,0
2026-09-29T20:56:26Z,emailservice,30.0,200,0.8,0.15,0
2026-09-29T20:56:26Z,adservice,27.0,600,0.8,0.045,0
2026-09-29T20:56:26Z,redis-cart,5.0,300,0.8,0.016666666666666666,0
2026-09-29T20:56:27Z,frontend,0.0,1150,0.8,0.0,0
2026-09-29T20:56:27Z,cartservice,0.0,600,0.95,0.0,0
2026-09-29T20:56:27Z,checkoutservice,0.0,800,0.8,0.0,0
2026-09-29T20:56:27Z,productcatalogservice,0.0,600,0.95,0.0,0
2026-09-29T20:56:27Z,paymentservice,0.0,200,0.8,0.0,0
2026-09-29T20:56:27Z,recommendationservice,0.0,1150,0.8,0.0,0
2026-09-29T20:56:27Z,shippingservice,0.0,400,0.8,0.0,0
2026-09-29T20:56:27Z,currencyservice,0.0,650,0.8,0.0,0
2026-09-29T20:56:27Z,emailservice,30.0,200,0.8,0.15,0
2026-09-29T20:56:27Z,adservice,28.0,600,0.8,0.04666666666666667,0
2026-09-29T20:56:27Z,redis-cart,5.0,300,0.8,0.016666666666666666,0
2026-09-29T20:56:28Z,frontend,0.0,1150,0.8,0.0,0
2026-09-29T20:56:28Z,cartservice,0.0,600,0.95,0.0,0
2026-09-29T20:56:28Z,checkoutservice,0.0,800,0.8,0.0,0
2026-09-29T20:56:28Z,productcatalogservice,0.0,600,0.95,0.0,0
2026-09-29T20:56:28Z,paymentservice,0.0,200,0.8,0.0,0
2026-09-29T20:56:28Z,recommendationservice,0.0,1150,0.8,0.0,0
2026-09-29T20:56:28Z,shippingservice,0.0,400,0.8,0.0,0
2026-09-29T20:56:28Z,currencyservice,0.0,650,0.8,0.0,0
2026-09-29T20:56:28Z,emailservice,0.0,200,0.8,0.0,0
2026-09-29T20:56:28Z,adservice,27.0,600,0.8,0.045,0
2026-09-29T20:56:28Z,redis-cart,5.0,300,0.8,0.016666666666666666,0
2026-09-29T20:56:29Z,frontend,0.0,1150,0.8,0.0,0
2026-09-29T20:56:29Z,cartservice,0.0,600,0.95,0.0,0
2026-09-29T20:56:29Z,checkoutservice,0.0,800,0.8,0.0,0
2026-09-29T20:56:29Z,productcatalogservice,0.0,600,0.95,0.0,0
2026-09-29T20:56:29Z,paymentservice,0.0,200,0.8,0.0,0
2026-09-29T20:56:29Z,recommendationservice,23.0,1150,0.8,0.02,0
2026-09-29T20:56:29Z,shippingservice,23.0,400,0.8,0.0575,0
2026-09-29T20:56:29Z,currencyservice,24.0,650,0.8,0.036923076923076927,0
2026-09-29T20:56:29Z,emailservice,0.0,200,0.8,0.0,0
2026-09-29T20:56:29Z,adservice,28.0,600,0.8,0.04666666666666667,0
2026-09-29T20:56:29Z,redis-cart,5.0,300,0.8,0.016666666666666666,0
2026-09-29T20:56:30Z,frontend,0.0,1150,0.8,0.0,0
2026-09-29T20:56:30Z,cartservice,25.0,600,0.95,0.041666666666666664,0
2026-09-29T20:56:30Z,checkoutservice,0.0,800,0.8,0.0,0
2026-09-29T20:56:30Z,productcatalogservice,0.0,600,0.95,0.0,0
2026-09-29T20:56:30Z,paymentservice,0.0,200,0.8,0.0,0
2026-09-29T20:56:30Z,recommendationservice,23.0,1150,0.8,0.02,0
2026-09-29T20:56:30Z,shippingservice,23.0,400,0.8,0.0575,0
2026-09-29T20:56:30Z,currencyservice,24.0,650,0.8,0.036923076923076927,0
2026-09-29T20:56:30Z,emailservice,0.0,200,0.8,0.0,0
2026-09-29T20:56:30Z,adservice,28.0,600,0.8,0.04666666666666667,0
2026-09-29T20:56:30Z,redis-cart,5.0,300,0.8,0.016666666666666666,0
2026-09-29T20:56:31Z,frontend,0.0,1150,0.8,0.0,0
2026-09-29T20:56:31Z,cartservice,25.0,600,0.95,0.041666666666666664,0
2026-09-29T20:56:31Z,checkoutservice,33.0,800,0.8,0.04125,0
2026-09-29T20:56:31Z,productcatalogservice,0.0,600,0.95,0.0,0
2026-09-29T20:56:31Z,paymentservice,0.0,200,0.8,0.0,0
2026-09-29T20:56:31Z,recommendationservice,0.0,1150,0.8,0.0,0
2026-09-29T20:56:31Z,shippingservice,0.0,400,0.8,0.0,0
2026-09-29T20:56:31Z,currencyservice,0.0,650,0.8,0.0,0
2026-09-29T20:56:31Z,emailservice,30.0,200,0.8,0.15,0
2026-09-29T20:56:31Z,adservice,28.0,600,0.8,0.04666666666666667,0
2026-09-29T20:56:31Z,redis-cart,5.0,300,0.8,0.016666666666666666,0
2026-09-29T20:56:32Z,frontend,0.0,1150,0.8,0.0,0
2026-09-29T20:56:32Z,cartservice,0.0,600,0.95,0.0,0
2026-09-29T20:56:32Z,checkoutservice,33.0,800,0.8,0.04125,0
2026-09-29T20:56:32Z,productcatalogservice,30.0,600,0.95,0.05,0
2026-09-29T20:56:32Z,paymentservice,35.0,200,0.8,0.175,0
2026-09-29T20:56:32Z,recommendationservice,0.0,1150,0.8,0.0,0
2026-09-29T20:56:32Z,shippingservice,0.0,400,0.8,0.0,0
2026-09-29T20:56:32Z,currencyservice,0.0,650,0.8,0.0,0
2026-09-29T20:56:32Z,emailservice,30.0,200,0.8,0.15,0
2026-09-29T20:56:32Z,adservice,28.0,600,0.8,0.04666666666666667,0
2026-09-29T20:56:32Z,redis-cart,6.0,300,0.8,0.02,0
2026-09-29T20:56:33Z,frontend,0.0,1150,0.8,0.0,0
2026-09-29T20:56:33Z,cartservice,0.0,600,0.95,0.0,0
2026-09-29T20:56:33Z,checkoutservice,0.0,800,0.8,0.0,0
2026-09-29T20:56:33Z,productcatalogservice,0.0,600,0.95,0.0,0
2026-09-29T20:56:33Z,paymentservice,35.0,200,0.8,0.175,0
2026-09-29T20:56:33Z,recommendationservice,46.0,1150,0.8,0.04,0
2026-09-29T20:56:33Z,shippingservice,0.0,400,0.8,0.0,0
2026-09-29T20:56:33Z,currencyservice,0.0,650,0.8,0.0,0
2026-09-29T20:56:33Z,emailservice,0.0,200,0.8,0.0,0
2026-09-29T20:56:33Z,adservice,30.0,600,0.8,0.05,0
2026-09-29T20:56:33Z,redis-cart,6.0,300,0.8,0.02,0
2026-09-29T20:56:34Z,frontend,0.0,1150,0.8,0.0,0
2026-09-29T20:56:34Z,cartservice,0.0,600,0.95,0.0,0
2026-09-29T20:56:34Z,checkoutservice,0.0,800,0.8,0.0,0
2026-09-29T20:56:34Z,productcatalogservice,0.0,600,0.95,0.0,0
2026-09-29T20:56:34Z,paymentservice,0.0,200,0.8,0.0,0
2026-09-29T20:56:34Z,recommendationservice,46.0,1150,0.8,0.04,0
2026-09-29T20:56:34Z,shippingservice,14.0,400,0.8,0.035,0
2026-09-29T20:56:34Z,currencyservice,0.0,650,0.8,0.0,0
2026-09-29T20:56:34Z,emailservice,0.0,200,0.8,0.0,0
2026-09-29T20:56:34Z,adservice,30.0,600,0.8,0.05,0
2026-09-29T20:56:34Z,redis-cart,5.0,300,0.8,0.016666666666666666,0
2026-09-29T20:56:35Z,frontend,0.0,1150,0.8,0.0,0
2026-09-29T20:56:35Z,cartservice,0.0,600,0.95,0.0,0
2026-09-29T20:56:35Z,checkoutservice,0.0,800,0.8,0.0,0
2026-09-29T20:56:35Z,productcatalogservice,0.0,600,0.95,0.0,0
2026-09-29T20:56:35Z,paymentservice,0.0,200,0.8,0.0,0
2026-09-29T20:56:35Z,recommendationservice,0.0,1150,0.8,0.0,0
2026-09-29T20:56:35Z,shippingservice,0.0,400,0.8,0.0,0
2026-09-29T20:56:35Z,currencyservice,0.0,650,0.8,0.0,0
2026-09-29T20:56:35Z,emailservice,0.0,200,0.8,0.0,0
2026-09-29T20:56:35Z,adservice,29.0,600,0.8,0.04833333333333333,0
2026-09-29T20:56:35Z,redis-cart,6.0,300,0.8,0.02,0
2026-09-29T20:56:36Z,frontend,0.0,1150,0.8,0.0,0
2026-09-29T20:56:36Z,cartservice,0.0,600,0.95,0.0,0
2026-09-29T20:56:36Z,checkoutservice,0.0,800,0.8,0.0,0
2026-09-29T20:56:36Z,productcatalogservice,0.0,600,0.95,0.0,0
2026-09-29T20:56:36Z,paymentservice,0.0,200,0.8,0.0,0
2026-09-29T20:56:36Z,recommendationservice,0.0,1150,0.8,0.0,0
2026-09-29T20:56:36Z,shippingservice,0.0,400,0.8,0.0,0
2026-09-29T20:56:36Z,currencyservice,0.0,650,0.8,0.0,0
2026-09-29T20:56:36Z,emailservice,0.0,200,0.8,0.0,0
2026-09-29T20:56:36Z,adservice,28.0,600,0.8,0.04666666666666667,0
2026-09-29T20:56:36Z,redis-cart,5.0,300,0.8,0.016666666666666666,0
2026-09-29T20:56:37Z,frontend,0.0,1150,0.8,0.0,0
2026-09-29T20:56:37Z,cartservice,0.0,600,0.95,0.0,0
2026-09-29T20:56:37Z,checkoutservice,0.0,800,0.8,0.0,0
2026-09-29T20:56:37Z,productcatalogservice,0.0,600,0.95,0.0,0
2026-09-29T20:56:37Z,paymentservice,0.0,200,0.8,0.0,0
2026-09-29T20:56:37Z,recommendationservice,0.0,1150,0.8,0.0,0
2026-09-29T20:56:37Z,shippingservice,0.0,400,0.8,0.0,0
2026-09-29T20:56:37Z,currencyservice,0.0,650,0.8,0.0,0
2026-09-29T20:56:37Z,emailservice,26.0,200,0.8,0.13,0
2026-09-29T20:56:37Z,adservice,58.0,600,0.8,0.09666666666666666,0
2026-09-29T20:56:37Z,redis-cart,5.0,300,0.8,0.016666666666666666,0
2026-09-29T20:56:38Z,frontend,0.0,1150,0.8,0.0,0
2026-09-29T20:56:38Z,cartservice,0.0,600,0.95,0.0,0
2026-09-29T20:56:38Z,checkoutservice,0.0,800,0.8,0.0,0
2026-09-29T20:56:38Z,productcatalogservice,0.0,600,0.95,0.0,0
2026-09-29T20:56:38Z,paymentservice,0.0,200,0.8,0.0,0
2026-09-29T20:56:38Z,recommendationservice,0.0,1150,0.8,0.0,0
2026-09-29T20:56:38Z,shippingservice,19.0,400,0.8,0.0475,0
2026-09-29T20:56:38Z,currencyservice,0.0,650,0.8,0.0,0
2026-09-29T20:56:38Z,emailservice,26.0,200,0.8,0.13,0
2026-09-29T20:56:38Z,adservice,58.0,600,0.8,0.09666666666666666,0
2026-09-29T20:56:38Z,redis-cart,5.0,300,0.8,0.016666666666666666,0
2026-09-29T20:56:39Z,frontend,0.0,1150,0.8,0.0,0
2026-09-29T20:56:39Z,cartservice,0.0,600,0.95,0.0,0
2026-09-29T20:56:39Z,checkoutservice,0.0,800,0.8,0.0,0
2026-09-29T20:56:39Z,productcatalogservice,0.0,600,0.95,0.0,0
2026-09-29T20:56:39Z,paymentservice,0.0,200,0.8,0.0,0
2026-09-29T20:56:39Z,recommendationservice,0.0,1150,0.8,0.0,0
2026-09-29T20:56:39Z,shippingservice,19.0,400,0.8,0.0475,0
2026-09-29T20:56:39Z,currencyservice,23.0,650,0.8,0.03538461538461538,0
2026-09-29T20:56:39Z,emailservice,0.0,200,0.8,0.0,0
2026-09-29T20:56:39Z,adservice,28.0,600,0.8,0.04666666666666667,0
2026-09-29T20:56:39Z,redis-cart,5.0,300,0.8,0.016666666666666666,0
2026-09-29T20:56:40Z,frontend,0.0,1150,0.8,0.0,0
2026-09-29T20:56:40Z,cartservice,0.0,600,0.95,0.0,0
2026-09-29T20:56:40Z,checkoutservice,0.0,800,0.8,0.0,0
2026-09-29T20:56:40Z,productcatalogservice,0.0,600,0.95,0.0,0
2026-09-29T20:56:40Z,paymentservice,0.0,200,0.8,0.0,0
2026-09-29T20:56:40Z,recommendationservice,29.0,1150,0.8,0.025217391304347827,0
2026-09-29T20:56:40Z,shippingservice,0.0,400,0.8,0.0,0
2026-09-29T20:56:40Z,currencyservice,23.0,650,0.8,0.03538461538461538,0
2026-09-29T20:56:40Z,emailservice,0.0,200,0.8,0.0,0
2026-09-29T20:56:40Z,adservice,29.0,600,0.8,0.04833333333333333,0
2026-09-29T20:56:40Z,redis-cart,6.0,300,0.8,0.02,0
2026-09-29T20:56:41Z,frontend,0.0,1150,0.8,0.0,0
2026-09-29T20:56:41Z,cartservice,30.0,600,0.95,0.05,0
2026-09-29T20:56:41Z,checkoutservice,23.0,800,0.8,0.02875,0
2026-09-29T20:56:41Z,productcatalogservice,0.0,600,0.95,0.0,0
2026-09-29T20:56:41Z,paymentservice,0.0,200,0.8,0.0,0
2026-09-29T20:56:41Z,recommendationservice,0.0,1150,0.8,0.0,0
2026-09-29T20:56:41Z,shippingservice,0.0,400,0.8,0.0,0
2026-09-29T20:56:41Z,currencyservice,0.0,650,0.8,0.0,0
2026-09-29T20:56:41Z,emailservice,36.0,200,0.8,0.18,0
2026-09-29T20:56:41Z,adservice,29.0,600,0.8,0.04833333333333333,0
2026-09-29T20:56:41Z,redis-cart,5.0,300,0.8,0.016666666666666666,0
2026-09-29T20:56:42Z,frontend,0.0,1150,0.8,0.0,0
2026-09-29T20:56:42Z,cartservice,30.0,600,0.95,0.05,0
2026-09-29T20:56:42Z,checkoutservice,23.0,800,0.8,0.02875,0
2026-09-29T20:56:42Z,productcatalogservice,31.0,600,0.95,0.051666666666666666,0
2026-09-29T20:56:42Z,paymentservice,32.0,200,0.8,0.16,0
2026-09-29T20:56:42Z,recommendationservice,0.0,1150,0.8,0.0,0
2026-09-29T20:56:42Z,shippingservice,0.0,400,0.8,0.0,0
2026-09-29T20:56:42Z,currencyservice,0.0,650,0.8,0.0,0
2026-09-29T20:56:42Z,emailservice,36.0,200,0.8,0.18,0
2026-09-29T20:56:42Z,adservice,29.0,600,0.8,0.04833333333333333,0
2026-09-29T20:56:42Z,redis-cart,5.0,300,0.8,0.016666666666666666,0
2026-09-29T20:56:43Z,frontend,0.0,1150,0.8,0.0,0
2026-09-29T20:56:43Z,cartservice,0.0,600,0.95,0.0,0
2026-09-29T20:56:43Z,checkoutservice,0.0,800,0.8,0.0,0
2026-09-29T20:56:43Z,productcatalogservice,0.0,600,0.95,0.0,0
2026-09-29T20:56:43Z,paymentservice,32.0,200,0.8,0.16,0
2026-09-29T20:56:43Z,recommendationservice,27.0,1150,0.8,0.023478260869565216,0
2026-09-29T20:56:43Z,shippingservice,17.0,400,0.8,0.0425,0
2026-09-29T20:56:43Z,currencyservice,0.0,650,0.8,0.0,0
2026-09-29T20:56:43Z,emailservice,0.0,200,0.8,0.0,0
2026-09-29T20:56:43Z,adservice,28.0,600,0.8,0.04666666666666667,0
2026-09-29T20:56:43Z,redis-cart,5.0,300,0.8,0.016666666666666666,0
2026-09-29T20:56:44Z,frontend,0.0,1150,0.8,0.0,0
2026-09-29T20:56:44Z,cartservice,0.0,600,0.95,0.0,0
2026-09-29T20:56:44Z,checkoutservice,0.0,800,0.8,0.0,0
2026-09-29T20:56:44Z,productcatalogservice,0.0,600,0.95,0.0,0
2026-09-29T20:56:44Z,paymentservice,0.0,200,0.8,0.0,0
2026-09-29T20:56:44Z,recommendationservice,27.0,1150,0.8,0.023478260869565216,0
2026-09-29T20:56:44Z,shippingservice,17.0,400,0.8,0.0425,0
2026-09-29T20:56:44Z,currencyservice,0.0,650,0.8,0.0,0
2026-09-29T20:56:44Z,emailservice,0.0,200,0.8,0.0,0
2026-09-29T20:56:44Z,adservice,28.0,600,0.8,0.04666666666666667,0
2026-09-29T20:56:44Z,redis-cart,5.0,300,0.8,0.016666666666666666,0
2026-09-29T20:56:45Z,frontend,0.0,1150,0.8,0.0,0
2026-09-29T20:56:45Z,cartservice,0.0,600,0.95,0.0,0
2026-09-29T20:56:45Z,checkoutservice,0.0,800,0.8,0.0,0
2026-09-29T20:56:45Z,productcatalogservice,0.0,600,0.95,0.0,0
2026-09-29T20:56:45Z,paymentservice,0.0,200,0.8,0.0,0
2026-09-29T20:56:45Z,recommendationservice,0.0,1150,0.8,0.0,0
2026-09-29T20:56:45Z,shippingservice,0.0,400,0.8,0.0,0
2026-09-29T20:56:45Z,currencyservice,0.0,650,0.8,0.0,0
2026-09-29T20:56:45Z,emailservice,0.0,200,0.8,0.0,0
2026-09-29T20:56:45Z,adservice,29.0,600,0.8,0.04833333333333333,0
2026-09-29T20:56:45Z,redis-cart,5.0,300,0.8,0.016666666666666666,0
2026-09-29T20:56:46Z,frontend,0.0,1150,0.8,0.0,0
2026-09-29T20:56:46Z,cartservice,0.0,600,0.95,0.0,0
2026-09-29T20:56:46Z,checkoutservice,0.0,800,0.8,0.0,0
2026-09-29T20:56:46Z,productcatalogservice,0.0,600,0.95,0.0,0
2026-09-29T20:56:46Z,paymentservice,0.0,200,0.8,0.0,0
2026-09-29T20:56:46Z,recommendationservice,0.0,1150,0.8,0.0,0
2026-09-29T20:56:46Z,shippingservice,0.0,400,0.8,0.0,0
2026-09-29T20:56:46Z,currencyservice,0.0,650,0.8,0.0,0
2026-09-29T20:56:46Z,emailservice,23.0,200,0.8,0.115,0
2026-09-29T20:56:46Z,adservice,29.0,600,0.8,0.04833333333333333,0
2026-09-29T20:56:46Z,redis-cart,6.0,300,0.8,0.02,0
2026-09-29T20:56:47Z,frontend,0.0,1150,0.8,0.0,0
2026-09-29T20:56:47Z,cartservice,0.0,600,0.95,0.0,0
2026-09-29T20:56:47Z,checkoutservice,0.0,800,0.8,0.0,0
2026-09-29T20:56:47Z,productcatalogservice,0.0,600,0.95,0.0,0
2026-09-29T20:56:47Z,paymentservice,0.0,200,0.8,0.0,0
2026-09-29T20:56:47Z,recommendationservice,0.0,1150,0.8,0.0,0
2026-09-29T20:56:47Z,shippingservice,0.0,400,0.8,0.0,0
2026-09-29T20:56:47Z,currencyservice,0.0,650,0.8,0.0,0
2026-09-29T20:56:47Z,emailservice,23.0,200,0.8,0.115,0
2026-09-29T20:56:47Z,adservice,36.0,600,0.8,0.06,0
2026-09-29T20:56:47Z,redis-cart,6.0,300,0.8,0.02,0
2026-09-29T20:56:48Z,frontend,7.0,1150,0.8,0.00608695652173913,0
2026-09-29T20:56:48Z,cartservice,0.0,600,0.95,0.0,0
2026-09-29T20:56:48Z,checkoutservice,0.0,800,0.8,0.0,0
2026-09-29T20:56:48Z,productcatalogservice,0.0,600,0.95,0.0,0
2026-09-29T20:56:48Z,paymentservice,0.0,200,0.8,0.0,0
2026-09-29T20:56:48Z,recommendationservice,37.0,1150,0.8,0.03217391304347826,0
2026-09-29T20:56:48Z,shippingservice,26.0,400,0.8,0.065,0
2026-09-29T20:56:48Z,currencyservice,0.0,650,0.8,0.0,0
2026-09-29T20:56:48Z,emailservice,0.0,200,0.8,0.0,0
2026-09-29T20:56:48Z,adservice,36.0,600,0.8,0.06,0
2026-09-29T20:56:48Z,redis-cart,6.0,300,0.8,0.02,0
2026-09-29T20:56:49Z,frontend,14.666666666666666,1150,0.8,0.012753623188405797,0
2026-09-29T20:56:49Z,cartservice,0.0,600,0.95,0.0,0
2026-09-29T20:56:49Z,checkoutservice,0.0,800,0.8,0.0,0
2026-09-29T20:56:49Z,productcatalogservice,37.0,600,0.95,0.06166666666666667,0
2026-09-29T20:56:49Z,paymentservice,0.0,200,0.8,0.0,0
2026-09-29T20:56:49Z,recommendationservice,35.0,1150,0.8,0.030434782608695653,0
2026-09-29T20:56:49Z,shippingservice,26.0,400,0.8,0.065,0
2026-09-29T20:56:49Z,currencyservice,52.0,650,0.8,0.08,0
2026-09-29T20:56:49Z,emailservice,5.0,200,0.8,0.025,0
2026-09-29T20:56:49Z,adservice,32.0,600,0.8,0.05333333333333334,0
2026-09-29T20:56:49Z,redis-cart,7.0,300,0.8,0.023333333333333334,0
2026-09-29T20:56:50Z,frontend,28.5,1150,0.8,0.024782608695652172,0
2026-09-29T20:56:50Z,cartservice,38.0,600,0.95,0.06333333333333334,0
2026-09-29T20:56:50Z,checkoutservice,54.0,800,0.8,0.0675,0
2026-09-29T20:56:50Z,productcatalogservice,95.0,600,0.95,0.15833333333333333,0
2026-09-29T20:56:50Z,paymentservice,0.0,200,0.8,0.0,0
2026-09-29T20:56:50Z,recommendationservice,35.0,1150,0.8,0.030434782608695653,0
2026-09-29T20:56:50Z,shippingservice,7.0,400,0.8,0.0175,0
2026-09-29T20:56:50Z,currencyservice,51.0,650,0.8,0.07846153846153846,0
2026-09-29T20:56:50Z,emailservice,6.0,200,0.8,0.03,0
2026-09-29T20:56:50Z,adservice,42.0,600,0.8,0.07,0
2026-09-29T20:56:50Z,redis-cart,10.0,300,0.8,0.03333333333333333,0
2026-09-29T20:56:51Z,frontend,47.166666666666664,1150,0.8,0.041014492753623184,0
2026-09-29T20:56:51Z,cartservice,102.0,600,0.95,0.17,0
2026-09-29T20:56:51Z,checkoutservice,162.0,800,0.8,0.2025,0
2026-09-29T20:56:51Z,productcatalogservice,95.0,600,0.95,0.15833333333333333,0
2026-09-29T20:56:51Z,paymentservice,6.0,200,0.8,0.03,0
2026-09-29T20:56:51Z,recommendationservice,96.0,1150,0.8,0.08347826086956522,0
2026-09-29T20:56:51Z,shippingservice,22.0,400,0.8,0.055,0
2026-09-29T20:56:51Z,currencyservice,100.0,650,0.8,0.15384615384615385,0
2026-09-29T20:56:51Z,emailservice,6.0,200,0.8,0.03,0
2026-09-29T20:56:51Z,adservice,42.0,600,0.8,0.07,0
2026-09-29T20:56:51Z,redis-cart,10.0,300,0.8,0.03333333333333333,0
2026-09-29T20:56:52Z,frontend,44.333333333333336,1150,0.8,0.03855072463768116,0
2026-09-29T20:56:52Z,cartservice,102.0,600,0.95,0.17,0
2026-09-29T20:56:52Z,checkoutservice,162.0,800,0.8,0.2025,0
2026-09-29T20:56:52Z,productcatalogservice,146.0,600,0.95,0.24333333333333335,0
2026-09-29T20:56:52Z,paymentservice,6.0,200,0.8,0.03,0
2026-09-29T20:56:52Z,recommendationservice,140.0,1150,0.8,0.12173913043478261,0
2026-09-29T20:56:52Z,shippingservice,22.0,400,0.8,0.055,0
2026-09-29T20:56:52Z,currencyservice,100.0,650,0.8,0.15384615384615385,0
2026-09-29T20:56:52Z,emailservice,40.0,200,0.8,0.2,0
2026-09-29T20:56:52Z,adservice,94.0,600,0.8,0.15666666666666668,0
2026-09-29T20:56:52Z,redis-cart,12.0,300,0.8,0.04,0
2026-09-29T20:56:53Z,frontend,78.0,1150,0.8,0.06782608695652174,0
2026-09-29T20:56:53Z,cartservice,155.0,600,0.95,0.25833333333333336,0
2026-09-29T20:56:53Z,checkoutservice,267.0,800,0.8,0.33375,0
2026-09-29T20:56:53Z,productcatalogservice,197.0,600,0.95,0.3283333333333333,0
2026-09-29T20:56:53Z,paymentservice,42.0,200,0.8,0.21,0
2026-09-29T20:56:53Z,recommendationservice,140.0,1150,0.8,0.12173913043478261,0
2026-09-29T20:56:53Z,shippingservice,48.0,400,0.8,0.12,0
2026-09-29T20:56:53Z,currencyservice,157.0,650,0.8,0.24153846153846154,0
2026-09-29T20:56:53Z,emailservice,40.0,200,0.8,0.2,0
2026-09-29T20:56:53Z,adservice,49.0,600,0.8,0.08166666666666667,0
2026-09-29T20:56:53Z,redis-cart,12.0,300,0.8,0.04,0
2026-09-29T20:56:54Z,frontend,89.16666666666667,1150,0.8,0.07753623188405798,0
2026-09-29T20:56:54Z,cartservice,156.0,600,0.95,0.26,0
2026-09-29T20:56:54Z,checkoutservice,267.0,800,0.8,0.33375,0
2026-09-29T20:56:54Z,productcatalogservice,205.0,600,0.95,0.3416666666666667,0
2026-09-29T20:56:54Z,paymentservice,42.0,200,0.8,0.21,0
2026-09-29T20:56:54Z,recommendationservice,239.0,1150,0.8,0.20782608695652174,0
2026-09-29T20:56:54Z,shippingservice,48.0,400,0.8,0.12,0
2026-09-29T20:56:54Z,currencyservice,204.0,650,0.8,0.31384615384615383,0
2026-09-29T20:56:54Z,emailservice,24.0,200,0.8,0.12,0
2026-09-29T20:56:54Z,adservice,49.0,600,0.8,0.08166666666666667,0
2026-09-29T20:56:54Z,redis-cart,17.0,300,0.8,0.056666666666666664,0
2026-09-29T20:56:55Z,frontend,82.33333333333333,1150,0.8,0.07159420289855072,0
2026-09-29T20:56:55Z,cartservice,156.0,600,0.95,0.26,0
2026-09-29T20:56:55Z,checkoutservice,359.0,800,0.8,0.44875,0
2026-09-29T20:56:55Z,productcatalogservice,205.0,600,0.95,0.3416666666666667,0
2026-09-29T20:56:55Z,paymentservice,15.0,200,0.8,0.075,0
2026-09-29T20:56:55Z,recommendationservice,173.0,1150,0.8,0.15043478260869564,0
2026-09-29T20:56:55Z,shippingservice,44.0,400,0.8,0.11,0
2026-09-29T20:56:55Z,currencyservice,166.0,650,0.8,0.2553846153846154,0
2026-09-29T20:56:55Z,emailservice,30.0,200,0.8,0.15,0
2026-09-29T20:56:55Z,adservice,77.0,600,0.8,0.12833333333333333,0
2026-09-29T20:56:55Z,redis-cart,16.0,300,0.8,0.05333333333333334,0
2026-09-29T20:56:56Z,frontend,110.16666666666667,1150,0.8,0.09579710144927536,0
2026-09-29T20:56:56Z,cartservice,222.0,600,0.95,0.37,0
2026-09-29T20:56:56Z,checkoutservice,359.0,800,0.8,0.44875,0
2026-09-29T20:56:56Z,productcatalogservice,284.0,600,0.95,0.47333333333333333,0
2026-09-29T20:56:56Z,paymentservice,17.0,200,0.8,0.085,0
2026-09-29T20:56:56Z,recommendationservice,262.0,1150,0.8,0.22782608695652173,0
2026-09-29T20:56:56Z,shippingservice,44.0,400,0.8,0.11,0
2026-09-29T20:56:56Z,currencyservice,166.0,650,0.8,0.2553846153846154,0
2026-09-29T20:56:56Z,emailservice,30.0,200,0.8,0.15,0
2026-09-29T20:56:56Z,adservice,72.0,600,0.8,0.12,0
2026-09-29T20:56:56Z,redis-cart,16.0,300,0.8,0.05333333333333334,0
2026-09-29T20:56:57Z,frontend,142.5,1150,0.8,0.12391304347826088,0
2026-09-29T20:56:57Z,cartservice,222.0,600,0.95,0.37,0
2026-09-29T20:56:57Z,checkoutservice,373.0,800,0.8,0.46625,0
2026-09-29T20:56:57Z,productcatalogservice,302.0,600,0.95,0.5033333333333333,0
2026-09-29T20:56:57Z,paymentservice,21.0,200,0.8,0.105,0
2026-09-29T20:56:57Z,recommendationservice,262.0,1150,0.8,0.22782608695652173,0
2026-09-29T20:56:57Z,shippingservice,44.0,400,0.8,0.11,0
2026-09-29T20:56:57Z,currencyservice,253.0,650,0.8,0.3892307692307692,0
2026-09-29T20:56:57Z,emailservice,82.0,200,0.8,0.41,0
2026-09-29T20:56:57Z,adservice,72.0,600,0.8,0.12,0
2026-09-29T20:56:57Z,redis-cart,17.0,300,0.8,0.056666666666666664,0
2026-09-29T20:56:58Z,frontend,128.5,1150,0.8,0.1117391304347826,0
2026-09-29T20:56:58Z,cartservice,247.0,600,0.95,0.4116666666666667,0
2026-09-29T20:56:58Z,checkoutservice,493.0,800,0.8,0.61625,0
2026-09-29T20:56:58Z,productcatalogservice,302.0,600,0.95,0.5033333333333333,0
2026-09-29T20:56:58Z,paymentservice,23.0,200,0.8,0.115,0
2026-09-29T20:56:58Z,recommendationservice,296.0,1150,0.8,0.2573913043478261,0
2026-09-29T20:56:58Z,shippingservice,67.0,400,0.8,0.1675,0
2026-09-29T20:56:58Z,currencyservice,345.0,650,0.8,0.5307692307692308,0
2026-09-29T20:56:58Z,emailservice,37.0,200,0.8,0.185,0
2026-09-29T20:56:58Z,adservice,89.0,600,0.8,0.14833333333333334,0
2026-09-29T20:56:58Z,redis-cart,18.0,300,0.8,0.06,0
2026-09-29T20:56:59Z,frontend,160.33333333333334,1150,0.8,0.13942028985507246,0
2026-09-29T20:56:59Z,cartservice,281.0,600,0.95,0.4683333333333333,0
2026-09-29T20:56:59Z,checkoutservice,493.0,800,0.8,0.61625,0
2026-09-29T20:56:59Z,productcatalogservice,335.0,600,0.95,0.5583333333333333,0
2026-09-29T20:56:59Z,paymentservice,23.0,200,0.8,0.115,0
2026-09-29T20:56:59Z,recommendationservice,296.0,1150,0.8,0.2573913043478261,0
2026-09-29T20:56:59Z,shippingservice,67.0,400,0.8,0.1675,0
2026-09-29T20:56:59Z,currencyservice,266.0,650,0.8,0.40923076923076923,0
2026-09-29T20:56:59Z,emailservice,37.0,200,0.8,0.185,0
2026-09-29T20:56:59Z,adservice,99.0,600,0.8,0.165,0
2026-09-29T20:56:59Z,redis-cart,18.0,300,0.8,0.06,0
2026-09-29T20:57:00Z,frontend,167.66666666666666,1150,0.8,0.14579710144927535,0
2026-09-29T20:57:00Z,cartservice,281.0,600,0.95,0.4683333333333333,0
2026-09-29T20:57:00Z,checkoutservice,556.0,800,0.8,0.695,0
2026-09-29T20:57:00Z,productcatalogservice,335.0,600,0.95,0.5583333333333333,0
2026-09-29T20:57:00Z,paymentservice,28.0,200,0.8,0.14,0
2026-09-29T20:57:00Z,recommendationservice,346.0,1150,0.8,0.3008695652173913,0
2026-09-29T20:57:00Z,shippingservice,80.0,400,0.8,0.2,0
2026-09-29T20:57:00Z,currencyservice,266.0,650,0.8,0.40923076923076923,0
2026-09-29T20:57:00Z,emailservice,53.0,200,0.8,0.265,0
2026-09-29T20:57:00Z,adservice,99.0,600,0.8,0.165,0
2026-09-29T20:57:00Z,redis-cart,21.0,300,0.8,0.07,0
2026-09-29T20:57:01Z,frontend,154.83333333333334,1150,0.8,0.1346376811594203,0
2026-09-29T20:57:01Z,cartservice,347.0,600,0.95,0.5783333333333334,0
2026-09-29T20:57:01Z,checkoutservice,556.0,800,0.8,0.695,0
2026-09-29T20:57:01Z,productcatalogservice,399.0,600,0.95,0.665,0
2026-09-29T20:57:01Z,paymentservice,28.0,200,0.8,0.14,0
2026-09-29T20:57:01Z,recommendationservice,392.0,1150,0.8,0.3408695652173913,0
2026-09-29T20:57:01Z,shippingservice,80.0,400,0.8,0.2,0
2026-09-29T20:57:01Z,currencyservice,260.0,650,0.8,0.4,0
2026-09-29T20:57:01Z,emailservice,100.0,200,0.8,0.5,0
2026-09-29T20:57:01Z,adservice,101.0,600,0.8,0.16833333333333333,0
2026-09-29T20:57:01Z,redis-cart,21.0,300,0.8,0.07,0
2026-09-29T20:57:02Z,frontend,193.33333333333334,1150,0.8,0.16811594202898553,0
2026-09-29T20:57:02Z,cartservice,323.0,600,0.95,0.5383333333333333,0
2026-09-29T20:57:02Z,checkoutservice,619.0,800,0.8,0.77375,0
2026-09-29T20:57:02Z,productcatalogservice,470.0,600,0.95,0.7833333333333333,0
2026-09-29T20:57:02Z,paymentservice,54.0,200,0.8,0.27,0
2026-09-29T20:57:02Z,recommendationservice,392.0,1150,0.8,0.3408695652173913,0
2026-09-29T20:57:02Z,shippingservice,72.0,400,0.8,0.18,0
2026-09-29T20:57:02Z,currencyservice,421.0,650,0.8,0.6476923076923077,0
2026-09-29T20:57:02Z,emailservice,64.0,200,0.8,0.32,0
2026-09-29T20:57:02Z,adservice,101.0,600,0.8,0.16833333333333333,0
2026-09-29T20:57:02Z,redis-cart,22.0,300,0.8,0.07333333333333333,0
2026-09-29T20:57:03Z,frontend,177.16666666666666,1150,0.8,0.15405797101449276,0
2026-09-29T20:57:03Z,cartservice,338.0,600,0.95,0.5633333333333334,0
2026-09-29T20:57:03Z,checkoutservice,623.0,800,0.8,0.77875,0
2026-09-29T20:57:03Z,productcatalogservice,470.0,600,0.95,0.7833333333333333,0
2026-09-29T20:57:03Z,paymentservice,34.0,200,0.8,0.17,0
2026-09-29T20:57:03Z,recommendationservice,382.0,1150,0.8,0.33217391304347826,0
2026-09-29T20:57:03Z,shippingservice,109.0,400,0.8,0.2725,0
2026-09-29T20:57:03Z,currencyservice,421.0,650,0.8,0.6476923076923077,0
2026-09-29T20:57:03Z,emailservice,64.0,200,0.8,0.32,0
2026-09-29T20:57:03Z,adservice,108.0,600,0.8,0.18,0
2026-09-29T20:57:03Z,redis-cart,23.0,300,0.8,0.07666666666666666,0
2026-09-29T20:57:04Z,frontend,198.83333333333334,1150,0.8,0.1728985507246377,0
2026-09-29T20:57:04Z,cartservice,338.0,600,0.95,0.5633333333333334,0
2026-09-29T20:57:04Z,checkoutservice,623.0,800,0.8,0.77875,0
2026-09-29T20:57:04Z,productcatalogservice,433.0,600,0.95,0.7216666666666667,0
2026-09-29T20:57:04Z,paymentservice,36.0,200,0.8,0.18,0
2026-09-29T20:57:04Z,recommendationservice,382.0,1150,0.8,0.33217391304347826,0
2026-09-29T20:57:04Z,shippingservice,86.0,400,0.8,0.215,0
2026-09-29T20:57:04Z,currencyservice,398.0,650,0.8,0.6123076923076923,0
2026-09-29T20:57:04Z,emailservice,76.0,200,0.8,0.38,0
2026-09-29T20:57:04Z,adservice,125.0,600,0.8,0.20833333333333334,0
2026-09-29T20:57:04Z,redis-cart,25.0,300,0.8,0.08333333333333333,0
2026-09-29T20:57:05Z,frontend,218.0,1150,0.8,0.18956521739130436,0
2026-09-29T20:57:05Z,cartservice,389.0,600,0.95,0.6483333333333333,0
2026-09-29T20:57:05Z,checkoutservice,700.0,800,0.8,0.875,1
2026-09-29T20:57:05Z,productcatalogservice,487.0,600,0.95,0.8116666666666666,0
2026-09-29T20:57:05Z,paymentservice,38.0,200,0.8,0.19,0
2026-09-29T20:57:05Z,recommendationservice,537.0,1150,0.8,0.46695652173913044,0
2026-09-29T20:57:05Z,shippingservice,86.0,400,0.8,0.215,0
2026-09-29T20:57:05Z,currencyservice,336.0,650,0.8,0.5169230769230769,0
2026-09-29T20:57:05Z,emailservice,73.0,200,0.8,0.365,0
2026-09-29T20:57:05Z,adservice,122.0,600,0.8,0.20333333333333334,0
2026-09-29T20:57:05Z,redis-cart,25.0,300,0.8,0.08333333333333333,0
2026-09-29T20:57:06Z,frontend,245.5,1150,0.8,0.21347826086956523,0
2026-09-29T20:57:06Z,cartservice,389.0,600,0.95,0.6483333333333333,0
2026-09-29T20:57:06Z,checkoutservice,706.0,800,0.8,0.8825,1
2026-09-29T20:57:06Z,productcatalogservice,487.0,600,0.95,0.8116666666666666,0
2026-09-29T20:57:06Z,paymentservice,45.0,200,0.8,0.225,0
2026-09-29T20:57:06Z,recommendationservice,589.0,1150,0.8,0.5121739130434783,0
2026-09-29T20:57:06Z,shippingservice,95.0,400,0.8,0.2375,0
2026-09-29T20:57:06Z,currencyservice,406.0,650,0.8,0.6246153846153846,0
2026-09-29T20:57:06Z,emailservice,73.0,200,0.8,0.365,0
2026-09-29T20:57:06Z,adservice,120.0,600,0.8,0.2,0
2026-09-29T20:57:06Z,redis-cart,25.0,300,0.8,0.08333333333333333,0
2026-09-29T20:57:07Z,frontend,244.5,1150,0.8,0.2126086956521739,0
2026-09-29T20:57:07Z,cartservice,424.0,600,0.95,0.7066666666666667,0
2026-09-29T20:57:07Z,checkoutservice,706.0,800,0.8,0.8825,1
2026-09-29T20:57:07Z,productcatalogservice,461.0,600,0.95,0.7683333333333333,0
2026-09-29T20:57:07Z,paymentservice,45.0,200,0.8,0.225,0
2026-09-29T20:57:07Z,recommendationservice,589.0,1150,0.8,0.5121739130434783,0
2026-09-29T20:57:07Z,shippingservice,95.0,400,0.8,0.2375,0
2026-09-29T20:57:07Z,currencyservice,406.0,650,0.8,0.6246153846153846,0
2026-09-29T20:57:07Z,emailservice,121.0,200,0.8,0.605,0
2026-09-29T20:57:07Z,adservice,186.0,600,0.8,0.31,0
2026-09-29T20:57:07Z,redis-cart,29.0,300,0.8,0.09666666666666666,0
2026-09-29T20:57:08Z,frontend,260.0,1150,0.8,0.22608695652173913,0
2026-09-29T20:57:08Z,cartservice,402.0,600,0.95,0.67,0
2026-09-29T20:57:08Z,checkoutservice,774.0,800,0.8,0.9675,1
2026-09-29T20:57:08Z,productcatalogservice,461.0,600,0.95,0.7683333333333333,0
2026-09-29T20:57:08Z,paymentservice,50.0,200,0.8,0.25,0
2026-09-29T20:57:08Z,recommendationservice,769.0,1150,0.8,0.668695652173913,0
2026-09-29T20:57:08Z,shippingservice,111.0,400,0.8,0.2775,0
2026-09-29T20:57:08Z,currencyservice,519.0,650,0.8,0.7984615384615384,0
2026-09-29T20:57:08Z,emailservice,110.0,200,0.8,0.55,0
2026-09-29T20:57:08Z,adservice,186.0,600,0.8,0.31,0
2026-09-29T20:57:08Z,redis-cart,38.0,300,0.8,0.12666666666666668,0
2026-09-29T20:57:09Z,frontend,252.83333333333334,1150,0.8,0.21985507246376812,0
2026-09-29T20:57:09Z,cartservice,448.0,600,0.95,0.7466666666666667,0
2026-09-29T20:57:09Z,checkoutservice,774.0,800,0.8,0.9675,1
2026-09-29T20:57:09Z,productcatalogservice,519.0,600,0.95,0.865,0
2026-09-29T20:57:09Z,paymentservice,53.0,200,0.8,0.265,0
2026-09-29T20:57:09Z,recommendationservice,769.0,1150,0.8,0.668695652173913,0
2026-09-29T20:57:09Z,shippingservice,163.0,400,0.8,0.4075,0
2026-09-29T20:57:09Z,currencyservice,553.0,650,0.8,0.8507692307692307,1
2026-09-29T20:57:09Z,emailservice,110.0,200,0.8,0.55,0
2026-09-29T20:57:09Z,adservice,153.0,600,0.8,0.255,0
2026-09-29T20:57:09Z,redis-cart,38.0,300,0.8,0.12666666666666668,0
2026-09-29T20:57:10Z,frontend,251.66666666666666,1150,0.8,0.21884057971014492,0
2026-09-29T20:57:10Z,cartservice,448.0,600,0.95,0.7466666666666667,0
2026-09-29T20:57:10Z,checkoutservice,811.0,800,0.8,1.01375,1
2026-09-29T20:57:10Z,productcatalogservice,519.0,600,0.95,0.865,0
2026-09-29T20:57:10Z,paymentservice,53.0,200,0.8,0.265,0
2026-09-29T20:57:10Z,recommendationservice,655.0,1150,0.8,0.5695652173913044,0
2026-09-29T20:57:10Z,shippingservice,94.0,400,0.8,0.235,0
2026-09-29T20:57:10Z,currencyservice,475.0,650,0.8,0.7307692307692307,0
2026-09-29T20:57:10Z,emailservice,100.0,200,0.8,0.5,0
2026-09-29T20:57:10Z,adservice,149.0,600,0.8,0.24833333333333332,0
2026-09-29T20:57:10Z,redis-cart,30.0,300,0.8,0.1,0
2026-09-29T20:57:11Z,frontend,255.83333333333334,1150,0.8,0.22246376811594204,0
2026-09-29T20:57:11Z,cartservice,508.0,600,0.95,0.8466666666666667,0
2026-09-29T20:57:11Z,checkoutservice,772.0,800,0.8,0.965,1
2026-09-29T20:57:11Z,productcatalogservice,513.0,600,0.95,0.855,0
2026-09-29T20:57:11Z,paymentservice,47.0,200,0.8,0.235,0
2026-09-29T20:57:11Z,recommendationservice,661.0,1150,0.8,0.5747826086956521,0
2026-09-29T20:57:11Z,shippingservice,94.0,400,0.8,0.235,0
2026-09-29T20:57:11Z,currencyservice,454.0,650,0.8,0.6984615384615385,0
2026-09-29T20:57:11Z,emailservice,135.0,200,0.8,0.675,0
2026-09-29T20:57:11Z,adservice,178.0,600,0.8,0.2966666666666667,0
2026-09-29T20:57:11Z,redis-cart,29.0,300,0.8,0.09666666666666666,0
2026-09-29T20:57:12Z,frontend,279.0,1150,0.8,0.2426086956521739,0
2026-09-29T20:57:12Z,cartservice,508.0,600,0.95,0.8466666666666667,0
2026-09-29T20:57:12Z,checkoutservice,804.0,800,0.8,1.005,1
2026-09-29T20:57:12Z,productcatalogservice,510.0,600,0.95,0.85,0
2026-09-29T20:57:12Z,paymentservice,89.0,200,0.8,0.445,0
2026-09-29T20:57:12Z,recommendationservice,661.0,1150,0.8,0.5747826086956521,0
2026-09-29T20:57:12Z,shippingservice,107.0,400,0.8,0.2675,0
2026-09-29T20:57:12Z,currencyservice,454.0,650,0.8,0.6984615384615385,0
2026-09-29T20:57:12Z,emailservice,135.0,200,0.8,0.675,0
2026-09-29T20:57:12Z,adservice,178.0,600,0.8,0.2966666666666667,0
2026-09-29T20:57:12Z,redis-cart,29.0,300,0.8,0.09666666666666666,0
2026-09-29T20:57:13Z,frontend,290.8333333333333,1150,0.8,0.2528985507246377,0
2026-09-29T20:57:13Z,cartservice,489.0,600,0.95,0.815,0
2026-09-29T20:57:13Z,checkoutservice,804.0,800,0.8,1.005,1
2026-09-29T20:57:13Z,productcatalogservice,510.0,600,0.95,0.85,0
2026-09-29T20:57:13Z,paymentservice,89.0,200,0.8,0.445,0
2026-09-29T20:57:13Z,recommendationservice,759.0,1150,0.8,0.66,0
2026-09-29T20:57:13Z,shippingservice,160.0,400,0.8,0.4,0
2026-09-29T20:57:13Z,currencyservice,465.0,650,0.8,0.7153846153846154,0
2026-09-29T20:57:13Z,emailservice,123.0,200,0.8,0.615,0
2026-09-29T20:57:13Z,adservice,142.0,600,0.8,0.23666666666666666,0
2026-09-29T20:57:13Z,redis-cart,35.0,300,0.8,0.11666666666666667,0
2026-09-29T20:57:14Z,frontend,270.6666666666667,1150,0.8,0.23536231884057973,0
2026-09-29T20:57:14Z,cartservice,477.0,600,0.95,0.795,0
2026-09-29T20:57:14Z,checkoutservice,750.0,800,0.8,0.9375,1
2026-09-29T20:57:14Z,productcatalogservice,502.0,600,0.95,0.8366666666666667,0
2026-09-29T20:57:14Z,paymentservice,63.0,200,0.8,0.315,0
2026-09-29T20:57:14Z,recommendationservice,712.0,1150,0.8,0.6191304347826087,0
2026-09-29T20:57:14Z,shippingservice,160.0,400,0.8,0.4,0
2026-09-29T20:57:14Z,currencyservice,475.0,650,0.8,0.7307692307692307,0
2026-09-29T20:57:14Z,emailservice,123.0,200,0.8,0.615,0
2026-09-29T20:57:14Z,adservice,142.0,600,0.8,0.23666666666666666,0
2026-09-29T20:57:14Z,redis-cart,35.0,300,0.8,0.11666666666666667,0
2026-09-29T20:57:15Z,frontend,272.8333333333333,1150,0.8,0.2372463768115942,0
2026-09-29T20:57:15Z,cartservice,477.0,600,0.95,0.795,0
2026-09-29T20:57:15Z,checkoutservice,802.0,800,0.8,1.0025,1
2026-09-29T20:57:15Z,productcatalogservice,519.0,600,0.95,0.865,0
2026-09-29T20:57:15Z,paymentservice,63.0,200,0.8,0.315,0
2026-09-29T20:57:15Z,recommendationservice,712.0,1150,0.8,0.6191304347826087,0
2026-09-29T20:57:15Z,shippingservice,115.0,400,0.8,0.2875,0
2026-09-29T20:57:15Z,currencyservice,478.0,650,0.8,0.7353846153846154,0
2026-09-29T20:57:15Z,emailservice,112.0,200,0.8,0.56,0
2026-09-29T20:57:15Z,adservice,155.0,600,0.8,0.25833333333333336,0
2026-09-29T20:57:15Z,redis-cart,32.0,300,0.8,0.10666666666666667,0
2026-09-29T20:57:16Z,frontend,282.0,1150,0.8,0.24521739130434783,0
2026-09-29T20:57:16Z,cartservice,480.0,600,0.95,0.8,0
2026-09-29T20:57:16Z,checkoutservice,802.0,800,0.8,1.0025,1
2026-09-29T20:57:16Z,productcatalogservice,519.0,600,0.95,0.865,0
2026-09-29T20:57:16Z,paymentservice,62.0,200,0.8,0.31,0
2026-09-29T20:57:16Z,recommendationservice,777.0,1150,0.8,0.6756521739130434,0
2026-09-29T20:57:16Z,shippingservice,126.0,400,0.8,0.315,0
2026-09-29T20:57:16Z,currencyservice,478.0,650,0.8,0.7353846153846154,0
2026-09-29T20:57:16Z,emailservice,128.0,200,0.8,0.64,0
2026-09-29T20:57:16Z,adservice,155.0,600,0.8,0.25833333333333336,0
2026-09-29T20:57:16Z,redis-cart,30.0,300,0.8,0.1,0
2026-09-29T20:57:17Z,frontend,274.8333333333333,1150,0.8,0.2389855072463768,0
2026-09-29T20:57:17Z,cartservice,480.0,600,0.95,0.8,0
2026-09-29T20:57:17Z,checkoutservice,795.0,800,0.8,0.99375,1
2026-09-29T20:57:17Z,productcatalogservice,513.0,600,0.95,0.855,0
2026-09-29T20:57:17Z,paymentservice,67.0,200,0.8,0.335,0
2026-09-29T20:57:17Z,recommendationservice,753.0,1150,0.8,0.6547826086956522,0
2026-09-29T20:57:17Z,shippingservice,126.0,400,0.8,0.315,0
2026-09-29T20:57:17Z,currencyservice,444.0,650,0.8,0.683076923076923,0
2026-09-29T20:57:17Z,emailservice,128.0,200,0.8,0.64,0
2026-09-29T20:57:17Z,adservice,170.0,600,0.8,0.2833333333333333,0
2026-09-29T20:57:17Z,redis-cart,30.0,300,0.8,0.1,0
2026-09-29T20:57:18Z,frontend,273.5,1150,0.8,0.23782608695652174,0
2026-09-29T20:57:18Z,cartservice,473.0,600,0.95,0.7883333333333333,0
2026-09-29T20:57:18Z,checkoutservice,795.0,800,0.8,0.99375,1
2026-09-29T20:57:18Z,productcatalogservice,483.0,600,0.95,0.805,0
2026-09-29T20:57:18Z,paymentservice,67.0,200,0.8,0.335,0
2026-09-29T20:57:18Z,recommendationservice,689.0,1150,0.8,0.5991304347826087,0
2026-09-29T20:57:18Z,shippingservice,124.0,400,0.8,0.31,0
2026-09-29T20:57:18Z,currencyservice,473.0,650,0.8,0.7276923076923076,0
2026-09-29T20:57:18Z,emailservice,62.0,200,0.8,0.31,0
2026-09-29T20:57:18Z,adservice,147.0,600,0.8,0.245,0
2026-09-29T20:57:18Z,redis-cart,30.0,300,0.8,0.1,0
2026-09-29T20:57:19Z,frontend,260.1666666666667,1150,0.8,0.22623188405797104,0
2026-09-29T20:57:19Z,cartservice,463.0,600,0.95,0.7716666666666666,0
2026-09-29T20:57:19Z,checkoutservice,801.0,800,0.8,1.00125,1
2026-09-29T20:57:19Z,productcatalogservice,483.0,600,0.95,0.805,0
2026-09-29T20:57:19Z,paymentservice,85.0,200,0.8,0.425,0
2026-09-29T20:57:19Z,recommendationservice,689.0,1150,0.8,0.5991304347826087,0
2026-09-29T20:57:19Z,shippingservice,124.0,400,0.8,0.31,0
2026-09-29T20:57:19Z,currencyservice,463.0,650,0.8,0.7123076923076923,0
2026-09-29T20:57:19Z,emailservice,62.0,200,0.8,0.31,0
2026-09-29T20:57:19Z,adservice,147.0,600,0.8,0.245,0
2026-09-29T20:57:19Z,redis-cart,30.0,300,0.8,0.1,0
2026-09-29T20:57:20Z,frontend,272.3333333333333,1150,0.8,0.23681159420289855,0
2026-09-29T20:57:20Z,cartservice,448.0,600,0.95,0.7466666666666667,0
2026-09-29T20:57:20Z,checkoutservice,792.0,800,0.8,0.99,1
2026-09-29T20:57:20Z,productcatalogservice,495.0,600,0.95,0.825,0
2026-09-29T20:57:20Z,paymentservice,85.0,200,0.8,0.425,0
2026-09-29T20:57:20Z,recommendationservice,750.0,1150,0.8,0.6521739130434783,0
2026-09-29T20:57:20Z,shippingservice,135.0,400,0.8,0.3375,0
2026-09-29T20:57:20Z,currencyservice,463.0,650,0.8,0.7123076923076923,0
2026-09-29T20:57:20Z,emailservice,3.0,200,0.8,0.015,0
2026-09-29T20:57:20Z,adservice,169.0,600,0.8,0.2816666666666667,0
2026-09-29T20:57:20Z,redis-cart,27.0,300,0.8,0.09,0
2026-09-29T20:57:21Z,frontend,282.6666666666667,1150,0.8,0.24579710144927538,0
2026-09-29T20:57:21Z,cartservice,410.0,600,0.95,0.6833333333333333,0
2026-09-29T20:57:21Z,checkoutservice,792.0,800,0.8,0.99,1
2026-09-29T20:57:21Z,productcatalogservice,495.0,600,0.95,0.825,0
2026-09-29T20:57:21Z,paymentservice,86.0,200,0.8,0.43,0
2026-09-29T20:57:21Z,recommendationservice,750.0,1150,0.8,0.6521739130434783,0
2026-09-29T20:57:21Z,shippingservice,130.0,400,0.8,0.325,0
2026-09-29T20:57:21Z,currencyservice,512.0,650,0.8,0.7876923076923077,0
2026-09-29T20:57:21Z,emailservice,28.0,200,0.8,0.14,0
2026-09-29T20:57:21Z,adservice,171.0,600,0.8,0.285,0
2026-09-29T20:57:21Z,redis-cart,27.0,300,0.8,0.09,0
2026-09-29T20:57:22Z,frontend,267.0,1150,0.8,0.23217391304347826,0
2026-09-29T20:57:22Z,cartservice,410.0,600,0.95,0.6833333333333333,0
2026-09-29T20:57:22Z,checkoutservice,797.0,800,0.8,0.99625,1
2026-09-29T20:57:22Z,productcatalogservice,512.0,600,0.95,0.8533333333333334,0
2026-09-29T20:57:22Z,paymentservice,124.0,200,0.8,0.62,0
2026-09-29T20:57:22Z,recommendationservice,745.0,1150,0.8,0.6478260869565218,0
2026-09-29T20:57:22Z,shippingservice,130.0,400,0.8,0.325,0
2026-09-29T20:57:22Z,currencyservice,512.0,650,0.8,0.7876923076923077,0
2026-09-29T20:57:22Z,emailservice,28.0,200,0.8,0.14,0
2026-09-29T20:57:22Z,adservice,171.0,600,0.8,0.285,0
2026-09-29T20:57:22Z,redis-cart,27.0,300,0.8,0.09,0
2026-09-29T20:57:23Z,frontend,263.6666666666667,1150,0.8,0.2292753623188406,0
2026-09-29T20:57:23Z,cartservice,477.0,600,0.95,0.795,0
2026-09-29T20:57:23Z,checkoutservice,766.0,800,0.8,0.9575,1
2026-09-29T20:57:23Z,productcatalogservice,424.0,600,0.95,0.7066666666666667,0
2026-09-29T20:57:23Z,paymentservice,124.0,200,0.8,0.62,0
2026-09-29T20:57:23Z,recommendationservice,755.0,1150,0.8,0.6565217391304348,0
2026-09-29T20:57:23Z,shippingservice,124.0,400,0.8,0.31,0
2026-09-29T20:57:23Z,currencyservice,544.0,650,0.8,0.8369230769230769,1
2026-09-29T20:57:23Z,emailservice,0.0,200,0.8,0.0,0
2026-09-29T20:57:23Z,adservice,174.0,600,0.8,0.29,0
2026-09-29T20:57:23Z,redis-cart,28.0,300,0.8,0.09333333333333334,0
2026-09-29T20:57:24Z,frontend,257.0,1150,0.8,0.2234782608695652,0
2026-09-29T20:57:24Z,cartservice,483.0,600,0.95,0.805,0
2026-09-29T20:57:24Z,checkoutservice,766.0,800,0.8,0.9575,1
2026-09-29T20:57:24Z,productcatalogservice,424.0,600,0.95,0.7066666666666667,0
2026-09-29T20:57:24Z,paymentservice,88.0,200,0.8,0.44,0
2026-09-29T20:57:24Z,recommendationservice,889.0,1150,0.8,0.7730434782608696,0
2026-09-29T20:57:24Z,shippingservice,124.0,400,0.8,0.31,0
2026-09-29T20:57:24Z,currencyservice,461.0,650,0.8,0.7092307692307692,0
2026-09-29T20:57:24Z,emailservice,0.0,200,0.8,0.0,0
2026-09-29T20:57:24Z,adservice,138.0,600,0.8,0.23,0
2026-09-29T20:57:24Z,redis-cart,30.0,300,0.8,0.1,0
2026-09-29T20:57:25Z,frontend,222.0,1150,0.8,0.19304347826086957,0
2026-09-29T20:57:25Z,cartservice,483.0,600,0.95,0.805,0
2026-09-29T20:57:25Z,checkoutservice,707.0,800,0.8,0.88375,1
2026-09-29T20:57:25Z,productcatalogservice,409.0,600,0.95,0.6816666666666666,0
2026-09-29T20:57:25Z,paymentservice,45.0,200,0.8,0.225,0
2026-09-29T20:57:25Z,recommendationservice,1077.0,1150,0.8,0.9365217391304348,1
2026-09-29T20:57:25Z,shippingservice,106.0,400,0.8,0.265,0
2026-09-29T20:57:25Z,currencyservice,461.0,650,0.8,0.7092307692307692,0
2026-09-29T20:57:25Z,emailservice,56.0,200,0.8,0.28,0
2026-09-29T20:57:25Z,adservice,138.0,600,0.8,0.23,0
2026-09-29T20:57:25Z,redis-cart,30.0,300,0.8,0.1,0
2026-09-29T20:57:26Z,frontend,200.83333333333334,1150,0.8,0.1746376811594203,0
2026-09-29T20:57:26Z,cartservice,492.0,600,0.95,0.82,0
2026-09-29T20:57:26Z,checkoutservice,707.0,800,0.8,0.88375,1
2026-09-29T20:57:26Z,productcatalogservice,389.0,600,0.95,0.6483333333333333,0
2026-09-29T20:57:26Z,paymentservice,45.0,200,0.8,0.225,0
2026-09-29T20:57:26Z,recommendationservice,1077.0,1150,0.8,0.9365217391304348,1
2026-09-29T20:57:26Z,shippingservice,106.0,400,0.8,0.265,0
2026-09-29T20:57:26Z,currencyservice,353.0,650,0.8,0.5430769230769231,0
2026-09-29T20:57:26Z,emailservice,60.0,200,0.8,0.3,0
2026-09-29T20:57:26Z,adservice,64.0,600,0.8,0.10666666666666667,0
2026-09-29T20:57:26Z,redis-cart,33.0,300,0.8,0.11,0
2026-09-29T20:57:27Z,frontend,217.83333333333334,1150,0.8,0.18942028985507248,0
2026-09-29T20:57:27Z,cartservice,558.0,600,0.95,0.93,0
2026-09-29T20:57:27Z,checkoutservice,310.0,800,0.8,0.3875,0
2026-09-29T20:57:27Z,productcatalogservice,389.0,600,0.95,0.6483333333333333,0
2026-09-29T20:57:27Z,paymentservice,18.0,200,0.8,0.09,0
2026-09-29T20:57:27Z,recommendationservice,1102.0,1150,0.8,0.9582608695652174,1
2026-09-29T20:57:27Z,shippingservice,43.0,400,0.8,0.1075,0
2026-09-29T20:57:27Z,currencyservice,433.0,650,0.8,0.6661538461538462,0
2026-09-29T20:57:27Z,emailservice,60.0,200,0.8,0.3,0
2026-09-29T20:57:27Z,adservice,68.0,600,0.8,0.11333333333333333,0
2026-09-29T20:57:27Z,redis-cart,33.0,300,0.8,0.11,0
2026-09-29T20:57:28Z,frontend,212.33333333333334,1150,0.8,0.1846376811594203,0
2026-09-29T20:57:28Z,cartservice,558.0,600,0.95,0.93,0
2026-09-29T20:57:28Z,checkoutservice,314.0,800,0.8,0.3925,0
2026-09-29T20:57:28Z,productcatalogservice,396.0,600,0.95,0.66,0
2026-09-29T20:57:28Z,paymentservice,13.0,200,0.8,0.065,0
2026-09-29T20:57:28Z,recommendationservice,1102.0,1150,0.8,0.9582608695652174,1
2026-09-29T20:57:28Z,shippingservice,59.0,400,0.8,0.1475,0
2026-09-29T20:57:28Z,currencyservice,433.0,650,0.8,0.6661538461538462,0
2026-09-29T20:57:28Z,emailservice,37.0,200,0.8,0.185,0
2026-09-29T20:57:28Z,adservice,68.0,600,0.8,0.11333333333333333,0
2026-09-29T20:57:28Z,redis-cart,33.0,300,0.8,0.11,0
2026-09-29T20:57:29Z,frontend,175.0,1150,0.8,0.15217391304347827,0
2026-09-29T20:57:29Z,cartservice,540.0,600,0.95,0.9,0
2026-09-29T20:57:29Z,checkoutservice,14.0,800,0.8,0.0175,0
2026-09-29T20:57:29Z,productcatalogservice,298.0,600,0.95,0.49666666666666665,0
2026-09-29T20:57:29Z,paymentservice,13.0,200,0.8,0.065,0
2026-09-29T20:57:29Z,recommendationservice,1133.0,1150,0.8,0.9852173913043478,1
2026-09-29T20:57:29Z,shippingservice,59.0,400,0.8,0.1475,0
2026-09-29T20:57:29Z,currencyservice,372.0,650,0.8,0.5723076923076923,0
2026-09-29T20:57:29Z,emailservice,0.0,200,0.8,0.0,0
2026-09-29T20:57:29Z,adservice,44.0,600,0.8,0.07333333333333333,0
2026-09-29T20:57:29Z,redis-cart,33.0,300,0.8,0.11,0
2026-09-29T20:57:30Z,frontend,185.83333333333334,1150,0.8,0.16159420289855073,0
2026-09-29T20:57:30Z,cartservice,545.0,600,0.95,0.9083333333333333,0
2026-09-29T20:57:30Z,checkoutservice,14.0,800,0.8,0.0175,0
2026-09-29T20:57:30Z,productcatalogservice,298.0,600,0.95,0.49666666666666665,0
2026-09-29T20:57:30Z,paymentservice,27.0,200,0.8,0.135,0
2026-09-29T20:57:30Z,recommendationservice,1129.0,1150,0.8,0.9817391304347826,1
2026-09-29T20:57:30Z,shippingservice,0.0,400,0.8,0.0,0
2026-09-29T20:57:30Z,currencyservice,353.0,650,0.8,0.5430769230769231,0
2026-09-29T20:57:30Z,emailservice,35.0,200,0.8,0.175,0
2026-09-29T20:57:30Z,adservice,59.0,600,0.8,0.09833333333333333,0
2026-09-29T20:57:30Z,redis-cart,33.0,300,0.8,0.11,0
2026-09-29T20:57:31Z,frontend,199.66666666666666,1150,0.8,0.1736231884057971,0
2026-09-29T20:57:31Z,cartservice,545.0,600,0.95,0.9083333333333333,0
2026-09-29T20:57:31Z,checkoutservice,273.0,800,0.8,0.34125,0
2026-09-29T20:57:31Z,productcatalogservice,388.0,600,0.95,0.6466666666666666,0
2026-09-29T20:57:31Z,paymentservice,27.0,200,0.8,0.135,0
2026-09-29T20:57:31Z,recommendationservice,1129.0,1150,0.8,0.9817391304347826,1
2026-09-29T20:57:31Z,shippingservice,67.0,400,0.8,0.1675,0
2026-09-29T20:57:31Z,currencyservice,353.0,650,0.8,0.5430769230769231,0
2026-09-29T20:57:31Z,emailservice,35.0,200,0.8,0.175,0
2026-09-29T20:57:31Z,adservice,59.0,600,0.8,0.09833333333333333,0
2026-09-29T20:57:31Z,redis-cart,33.0,300,0.8,0.11,0
2026-09-29T20:57:32Z,frontend,234.0,1150,0.8,0.20347826086956522,0
2026-09-29T20:57:32Z,cartservice,560.0,600,0.95,0.9333333333333333,0
2026-09-29T20:57:32Z,checkoutservice,491.0,800,0.8,0.61375,0
2026-09-29T20:57:32Z,productcatalogservice,396.0,600,0.95,0.66,0
2026-09-29T20:57:32Z,paymentservice,50.0,200,0.8,0.25,0
2026-09-29T20:57:32Z,recommendationservice,1082.0,1150,0.8,0.9408695652173913,1
2026-09-29T20:57:32Z,shippingservice,54.0,400,0.8,0.135,0
2026-09-29T20:57:32Z,currencyservice,394.0,650,0.8,0.6061538461538462,0
2026-09-29T20:57:32Z,emailservice,78.0,200,0.8,0.39,0
2026-09-29T20:57:32Z,adservice,58.0,600,0.8,0.09666666666666666,0
2026-09-29T20:57:32Z,redis-cart,36.0,300,0.8,0.12,0
2026-09-29T20:57:33Z,frontend,204.33333333333334,1150,0.8,0.17768115942028986,0
2026-09-29T20:57:33Z,cartservice,543.0,600,0.95,0.905,0
2026-09-29T20:57:33Z,checkoutservice,491.0,800,0.8,0.61375,0
2026-09-29T20:57:33Z,productcatalogservice,396.0,600,0.95,0.66,0
2026-09-29T20:57:33Z,paymentservice,50.0,200,0.8,0.25,0
2026-09-29T20:57:33Z,recommendationservice,1081.0,1150,0.8,0.94,1
2026-09-29T20:57:33Z,shippingservice,54.0,400,0.8,0.135,0
2026-09-29T20:57:33Z,currencyservice,394.0,650,0.8,0.6061538461538462,0
2026-09-29T20:57:33Z,emailservice,78.0,200,0.8,0.39,0
2026-09-29T20:57:33Z,adservice,82.0,600,0.8,0.13666666666666666,0
2026-09-29T20:57:33Z,redis-cart,36.0,300,0.8,0.12,0
2026-09-29T20:57:34Z,frontend,209.5,1150,0.8,0.18217391304347827,0
2026-09-29T20:57:34Z,cartservice,543.0,600,0.95,0.905,0
2026-09-29T20:57:34Z,checkoutservice,374.0,800,0.8,0.4675,0
2026-09-29T20:57:34Z,productcatalogservice,411.0,600,0.95,0.685,0
2026-09-29T20:57:34Z,paymentservice,20.0,200,0.8,0.1,0
2026-09-29T20:57:34Z,recommendationservice,1081.0,1150,0.8,0.94,1
2026-09-29T20:57:34Z,shippingservice,69.0,400,0.8,0.1725,0
2026-09-29T20:57:34Z,currencyservice,395.0,650,0.8,0.6076923076923076,0
2026-09-29T20:57:34Z,emailservice,40.0,200,0.8,0.2,0
2026-09-29T20:57:34Z,adservice,82.0,600,0.8,0.13666666666666666,0
2026-09-29T20:57:34Z,redis-cart,31.0,300,0.8,0.10333333333333333,0
2026-09-29T20:57:35Z,frontend,224.33333333333334,1150,0.8,0.19507246376811596,0
2026-09-29T20:57:35Z,cartservice,520.0,600,0.95,0.8666666666666667,0
2026-09-29T20:57:35Z,checkoutservice,374.0,800,0.8,0.4675,0
2026-09-29T20:57:35Z,productcatalogservice,411.0,600,0.95,0.685,0
2026-09-29T20:57:35Z,paymentservice,20.0,200,0.8,0.1,0
2026-09-29T20:57:35Z,recommendationservice,1138.0,1150,0.8,0.9895652173913043,1
2026-09-29T20:57:35Z,shippingservice,69.0,400,0.8,0.1725,0
2026-09-29T20:57:35Z,currencyservice,407.0,650,0.8,0.6261538461538462,0
2026-09-29T20:57:35Z,emailservice,40.0,200,0.8,0.2,0
2026-09-29T20:57:35Z,adservice,63.0,600,0.8,0.105,0
2026-09-29T20:57:35Z,redis-cart,31.0,300,0.8,0.10333333333333333,0
2026-09-29T20:57:36Z,frontend,213.16666666666666,1150,0.8,0.18536231884057972,0
2026-09-29T20:57:36Z,cartservice,545.0,600,0.95,0.9083333333333333,0
2026-09-29T20:57:36Z,checkoutservice,291.0,800,0.8,0.36375,0
2026-09-29T20:57:36Z,productcatalogservice,389.0,600,0.95,0.6483333333333333,0
2026-09-29T20:57:36Z,paymentservice,14.0,200,0.8,0.07,0
2026-09-29T20:57:36Z,recommendationservice,1124.0,1150,0.8,0.9773913043478261,1
2026-09-29T20:57:36Z,shippingservice,26.0,400,0.8,0.065,0
2026-09-29T20:57:36Z,currencyservice,372.0,650,0.8,0.5723076923076923,0
2026-09-29T20:57:36Z,emailservice,23.0,200,0.8,0.115,0
2026-09-29T20:57:36Z,adservice,87.0,600,0.8,0.145,0
2026-09-29T20:57:36Z,redis-cart,34.0,300,0.8,0.11333333333333333,0
2026-09-29T20:57:37Z,frontend,212.66666666666666,1150,0.8,0.18492753623188404,0
2026-09-29T20:57:37Z,cartservice,553.0,600,0.95,0.9216666666666666,0
2026-09-29T20:57:37Z,checkoutservice,393.0,800,0.8,0.49125,0
2026-09-29T20:57:37Z,productcatalogservice,389.0,600,0.95,0.6483333333333333,0
2026-09-29T20:57:37Z,paymentservice,24.0,200,0.8,0.12,0
2026-09-29T20:57:37Z,recommendationservice,1124.0,1150,0.8,0.9773913043478261,1
2026-09-29T20:57:37Z,shippingservice,57.0,400,0.8,0.1425,0
2026-09-29T20:57:37Z,currencyservice,372.0,650,0.8,0.5723076923076923,0
2026-09-29T20:57:37Z,emailservice,70.0,200,0.8,0.35,0
2026-09-29T20:57:37Z,adservice,87.0,600,0.8,0.145,0
2026-09-29T20:57:37Z,redis-cart,34.0,300,0.8,0.11333333333333333,0
2026-09-29T20:57:38Z,frontend,211.33333333333334,1150,0.8,0.183768115942029,0
2026-09-29T20:57:38Z,cartservice,553.0,600,0.95,0.9216666666666666,0
2026-09-29T20:57:38Z,checkoutservice,393.0,800,0.8,0.49125,0
2026-09-29T20:57:38Z,productcatalogservice,363.0,600,0.95,0.605,0
2026-09-29T20:57:38Z,paymentservice,4.0,200,0.8,0.02,0
2026-09-29T20:57:38Z,recommendationservice,1110.0,1150,0.8,0.9652173913043478,1
2026-09-29T20:57:38Z,shippingservice,57.0,400,0.8,0.1425,0
2026-09-29T20:57:38Z,currencyservice,385.0,650,0.8,0.5923076923076923,0
2026-09-29T20:57:38Z,emailservice,22.0,200,0.8,0.11,0
2026-09-29T20:57:38Z,adservice,59.0,600,0.8,0.09833333333333333,0
2026-09-29T20:57:38Z,redis-cart,34.0,300,0.8,0.11333333333333333,0
2026-09-29T20:57:39Z,frontend,211.16666666666666,1150,0.8,0.18362318840579708,0
2026-09-29T20:57:39Z,cartservice,563.0,600,0.95,0.9383333333333334,0
2026-09-29T20:57:39Z,checkoutservice,15.0,800,0.8,0.01875,0
2026-09-29T20:57:39Z,productcatalogservice,302.0,600,0.95,0.5033333333333333,0
2026-09-29T20:57:39Z,paymentservice,4.0,200,0.8,0.02,0
2026-09-29T20:57:39Z,recommendationservice,1151.0,1150,0.8,1.0008695652173913,1
2026-09-29T20:57:39Z,shippingservice,22.0,400,0.8,0.055,0
2026-09-29T20:57:39Z,currencyservice,385.0,650,0.8,0.5923076923076923,0
2026-09-29T20:57:39Z,emailservice,22.0,200,0.8,0.11,0
2026-09-29T20:57:39Z,adservice,40.0,600,0.8,0.06666666666666667,0
2026-09-29T20:57:39Z,redis-cart,36.0,300,0.8,0.12,0
2026-09-29T20:57:40Z,frontend,203.66666666666666,1150,0.8,0.1771014492753623,0
2026-09-29T20:57:40Z,cartservice,543.0,600,0.95,0.905,0
2026-09-29T20:57:40Z,checkoutservice,15.0,800,0.8,0.01875,0
2026-09-29T20:57:40Z,productcatalogservice,299.0,600,0.95,0.49833333333333335,0
2026-09-29T20:57:40Z,paymentservice,0.0,200,0.8,0.0,0
2026-09-29T20:57:40Z,recommendationservice,1157.0,1150,0.8,1.0060869565217392,1
2026-09-29T20:57:40Z,shippingservice,22.0,400,0.8,0.055,0
2026-09-29T20:57:40Z,currencyservice,397.0,650,0.8,0.6107692307692307,0
2026-09-29T20:57:40Z,emailservice,0.0,200,0.8,0.0,0
2026-09-29T20:57:40Z,adservice,51.0,600,0.8,0.085,0
2026-09-29T20:57:40Z,redis-cart,31.0,300,0.8,0.10333333333333333,0
2026-09-29T20:57:41Z,frontend,206.66666666666666,1150,0.8,0.17971014492753623,0
2026-09-29T20:57:41Z,cartservice,543.0,600,0.95,0.905,0
2026-09-29T20:57:41Z,checkoutservice,79.0,800,0.8,0.09875,0
2026-09-29T20:57:41Z,productcatalogservice,299.0,600,0.95,0.49833333333333335,0
2026-09-29T20:57:41Z,paymentservice,4.0,200,0.8,0.02,0
2026-09-29T20:57:41Z,recommendationservice,1132.0,1150,0.8,0.9843478260869565,1
2026-09-29T20:57:41Z,shippingservice,9.0,400,0.8,0.0225,0
2026-09-29T20:57:41Z,currencyservice,363.0,650,0.8,0.5584615384615385,0
2026-09-29T20:57:41Z,emailservice,0.0,200,0.8,0.0,0
2026-09-29T20:57:41Z,adservice,51.0,600,0.8,0.085,0
2026-09-29T20:57:41Z,redis-cart,35.0,300,0.8,0.11666666666666667,0
2026-09-29T20:57:42Z,frontend,198.0,1150,0.8,0.17217391304347826,0
2026-09-29T20:57:42Z,cartservice,549.0,600,0.95,0.915,0
2026-09-29T20:57:42Z,checkoutservice,54.0,800,0.8,0.0675,0
2026-09-29T20:57:42Z,productcatalogservice,335.0,600,0.95,0.5583333333333333,0
2026-09-29T20:57:42Z,paymentservice,4.0,200,0.8,0.02,0
2026-09-29T20:57:42Z,recommendationservice,1132.0,1150,0.8,0.9843478260869565,1
2026-09-29T20:57:42Z,shippingservice,0.0,400,0.8,0.0,0
2026-09-29T20:57:42Z,currencyservice,355.0,650,0.8,0.5461538461538461,0
2026-09-29T20:57:42Z,emailservice,45.0,200,0.8,0.225,0
2026-09-29T20:57:42Z,adservice,38.0,600,0.8,0.06333333333333334,0
2026-09-29T20:57:42Z,redis-cart,35.0,300,0.8,0.11666666666666667,0
2026-09-29T20:57:43Z,frontend,196.33333333333334,1150,0.8,0.17072463768115942,0
2026-09-29T20:57:43Z,cartservice,563.0,600,0.95,0.9383333333333334,0
2026-09-29T20:57:43Z,checkoutservice,54.0,800,0.8,0.0675,0
2026-09-29T20:57:43Z,productcatalogservice,335.0,600,0.95,0.5583333333333333,0
2026-09-29T20:57:43Z,paymentservice,28.0,200,0.8,0.14,0
2026-09-29T20:57:43Z,recommendationservice,1144.0,1150,0.8,0.9947826086956522,1
2026-09-29T20:57:43Z,shippingservice,23.0,400,0.8,0.0575,0
2026-09-29T20:57:43Z,currencyservice,355.0,650,0.8,0.5461538461538461,0
2026-09-29T20:57:43Z,emailservice,9.0,200,0.8,0.045,0
2026-09-29T20:57:43Z,adservice,38.0,600,0.8,0.06333333333333334,0
2026-09-29T20:57:43Z,redis-cart,34.0,300,0.8,0.11333333333333333,0
2026-09-29T20:57:44Z,frontend,202.5,1150,0.8,0.17608695652173914,0
2026-09-29T20:57:44Z,cartservice,563.0,600,0.95,0.9383333333333334,0
2026-09-29T20:57:44Z,checkoutservice,64.0,800,0.8,0.08,0
2026-09-29T20:57:44Z,productcatalogservice,328.0,600,0.95,0.5466666666666666,0
2026-09-29T20:57:44Z,paymentservice,28.0,200,0.8,0.14,0
2026-09-29T20:57:44Z,recommendationservice,1144.0,1150,0.8,0.9947826086956522,1
2026-09-29T20:57:44Z,shippingservice,23.0,400,0.8,0.0575,0
2026-09-29T20:57:44Z,currencyservice,391.0,650,0.8,0.6015384615384616,0
2026-09-29T20:57:44Z,emailservice,7.0,200,0.8,0.035,0
2026-09-29T20:57:44Z,adservice,54.0,600,0.8,0.09,0
2026-09-29T20:57:44Z,redis-cart,33.0,300,0.8,0.11,0
2026-09-29T20:57:45Z,frontend,215.0,1150,0.8,0.18695652173913044,0
2026-09-29T20:57:45Z,cartservice,580.0,600,0.95,0.9666666666666667,1
2026-09-29T20:57:45Z,checkoutservice,140.0,800,0.8,0.175,0
2026-09-29T20:57:45Z,productcatalogservice,336.0,600,0.95,0.56,0
2026-09-29T20:57:45Z,paymentservice,7.0,200,0.8,0.035,0
2026-09-29T20:57:45Z,recommendationservice,1126.0,1150,0.8,0.9791304347826087,1
2026-09-29T20:57:45Z,shippingservice,18.0,400,0.8,0.045,0
2026-09-29T20:57:45Z,currencyservice,391.0,650,0.8,0.6015384615384616,0
2026-09-29T20:57:45Z,emailservice,7.0,200,0.8,0.035,0
2026-09-29T20:57:45Z,adservice,54.0,600,0.8,0.09,0
2026-09-29T20:57:45Z,redis-cart,33.0,300,0.8,0.11,0
2026-09-29T20:57:46Z,frontend,205.33333333333334,1150,0.8,0.17855072463768118,0
2026-09-29T20:57:46Z,cartservice,580.0,600,0.95,0.9666666666666667,1
2026-09-29T20:57:46Z,checkoutservice,140.0,800,0.8,0.175,0
2026-09-29T20:57:46Z,productcatalogservice,336.0,600,0.95,0.56,0
2026-09-29T20:57:46Z,paymentservice,0.0,200,0.8,0.0,0
2026-09-29T20:57:46Z,recommendationservice,1151.0,1150,0.8,1.0008695652173913,1
2026-09-29T20:57:46Z,shippingservice,0.0,400,0.8,0.0,0
2026-09-29T20:57:46Z,currencyservice,363.0,650,0.8,0.5584615384615385,0
2026-09-29T20:57:46Z,emailservice,24.0,200,0.8,0.12,0
2026-09-29T20:57:46Z,adservice,40.0,600,0.8,0.06666666666666667,0
2026-09-29T20:57:46Z,redis-cart,34.0,300,0.8,0.11333333333333333,0
2026-09-29T20:57:47Z,frontend,198.5,1150,0.8,0.1726086956521739,0
2026-09-29T20:57:47Z,cartservice,547.0,600,0.95,0.9116666666666666,0
2026-09-29T20:57:47Z,checkoutservice,11.0,800,0.8,0.01375,0
2026-09-29T20:57:47Z,productcatalogservice,325.0,600,0.95,0.5416666666666666,0
2026-09-29T20:57:47Z,paymentservice,0.0,200,0.8,0.0,0
2026-09-29T20:57:47Z,recommendationservice,1165.0,1150,0.8,1.0130434782608695,1
2026-09-29T20:57:47Z,shippingservice,0.0,400,0.8,0.0,0
2026-09-29T20:57:47Z,currencyservice,363.0,650,0.8,0.5584615384615385,0
2026-09-29T20:57:47Z,emailservice,24.0,200,0.8,0.12,0
2026-09-29T20:57:47Z,adservice,40.0,600,0.8,0.06666666666666667,0
2026-09-29T20:57:47Z,redis-cart,33.0,300,0.8,0.11,0
2026-09-29T20:57:48Z,frontend,204.0,1150,0.8,0.17739130434782607,0
2026-09-29T20:57:48Z,cartservice,547.0,600,0.95,0.9116666666666666,0
2026-09-29T20:57:48Z,checkoutservice,11.0,800,0.8,0.01375,0
2026-09-29T20:57:48Z,productcatalogservice,302.0,600,0.95,0.5033333333333333,0
2026-09-29T20:57:48Z,paymentservice,0.0,200,0.8,0.0,0
2026-09-29T20:57:48Z,recommendationservice,1128.0,1150,0.8,0.9808695652173913,1
2026-09-29T20:57:48Z,shippingservice,0.0,400,0.8,0.0,0
2026-09-29T20:57:48Z,currencyservice,375.0,650,0.8,0.5769230769230769,0
2026-09-29T20:57:48Z,emailservice,16.0,200,0.8,0.08,0
2026-09-29T20:57:48Z,adservice,40.0,600,0.8,0.06666666666666667,0
2026-09-29T20:57:48Z,redis-cart,33.0,300,0.8,0.11,0
2026-09-29T20:57:49Z,frontend,212.66666666666666,1150,0.8,0.18492753623188404,0
2026-09-29T20:57:49Z,cartservice,563.0,600,0.95,0.9383333333333334,0
2026-09-29T20:57:49Z,checkoutservice,214.0,800,0.8,0.2675,0
2026-09-29T20:57:49Z,productcatalogservice,302.0,600,0.95,0.5033333333333333,0
2026-09-29T20:57:49Z,paymentservice,0.0,200,0.8,0.0,0
2026-09-29T20:57:49Z,recommendationservice,1128.0,1150,0.8,0.9808695652173913,1
2026-09-29T20:57:49Z,shippingservice,80.0,400,0.8,0.2,0
2026-09-29T20:57:49Z,currencyservice,426.0,650,0.8,0.6553846153846153,0
2026-09-29T20:57:49Z,emailservice,40.0,200,0.8,0.2,0
2026-09-29T20:57:49Z,adservice,52.0,600,0.8,0.08666666666666667,0
2026-09-29T20:57:49Z,redis-cart,33.0,300,0.8,0.11,0
2026-09-29T20:57:50Z,frontend,248.66666666666666,1150,0.8,0.216231884057971,0
2026-09-29T20:57:50Z,cartservice,596.0,600,0.95,0.9933333333333333,1
2026-09-29T20:57:50Z,checkoutservice,235.0,800,0.8,0.29375,0
2026-09-29T20:57:50Z,productcatalogservice,367.0,600,0.95,0.6116666666666667,0
2026-09-29T20:57:50Z,paymentservice,20.0,200,0.8,0.1,0
2026-09-29T20:57:50Z,recommendationservice,858.0,1150,0.8,0.7460869565217392,0
2026-09-29T20:57:50Z,shippingservice,80.0,400,0.8,0.2,0
2026-09-29T20:57:50Z,currencyservice,426.0,650,0.8,0.6553846153846153,0
2026-09-29T20:57:50Z,emailservice,0.0,200,0.8,0.0,0
2026-09-29T20:57:50Z,adservice,61.0,600,0.8,0.10166666666666667,0
2026-09-29T20:57:50Z,redis-cart,33.0,300,0.8,0.11,0
2026-09-29T20:57:51Z,frontend,271.5,1150,0.8,0.23608695652173914,0
2026-09-29T20:57:51Z,cartservice,574.0,600,0.95,0.9566666666666667,1
2026-09-29T20:57:51Z,checkoutservice,42.0,800,0.8,0.0525,0
2026-09-29T20:57:51Z,productcatalogservice,200.0,600,0.95,0.3333333333333333,0
2026-09-29T20:57:51Z,paymentservice,0.0,200,0.8,0.0,0
2026-09-29T20:57:51Z,recommendationservice,858.0,1150,0.8,0.7460869565217392,0
2026-09-29T20:57:51Z,shippingservice,0.0,400,0.8,0.0,0
2026-09-29T20:57:51Z,currencyservice,431.0,650,0.8,0.6630769230769231,0
2026-09-29T20:57:51Z,emailservice,0.0,200,0.8,0.0,0
2026-09-29T20:57:51Z,adservice,61.0,600,0.8,0.10166666666666667,0
2026-09-29T20:57:51Z,redis-cart,34.0,300,0.8,0.11333333333333333,0
2026-09-29T20:57:52Z,frontend,234.83333333333334,1150,0.8,0.20420289855072465,0
2026-09-29T20:57:52Z,cartservice,574.0,600,0.95,0.9566666666666667,1
2026-09-29T20:57:52Z,checkoutservice,42.0,800,0.8,0.0525,0
2026-09-29T20:57:52Z,productcatalogservice,155.0,600,0.95,0.25833333333333336,0
2026-09-29T20:57:52Z,paymentservice,0.0,200,0.8,0.0,0
2026-09-29T20:57:52Z,recommendationservice,3.0,1150,0.8,0.0026086956521739132,0
2026-09-29T20:57:52Z,shippingservice,0.0,400,0.8,0.0,0
2026-09-29T20:57:52Z,currencyservice,431.0,650,0.8,0.6630769230769231,0
2026-09-29T20:57:52Z,emailservice,25.0,200,0.8,0.125,0
2026-09-29T20:57:52Z,adservice,62.0,600,0.8,0.10333333333333333,0
2026-09-29T20:57:52Z,redis-cart,32.0,300,0.8,0.10666666666666667,0
2026-09-29T20:57:53Z,frontend,239.83333333333334,1150,0.8,0.20855072463768118,0
2026-09-29T20:57:53Z,cartservice,577.0,600,0.95,0.9616666666666667,1
2026-09-29T20:57:53Z,checkoutservice,9.0,800,0.8,0.01125,0
2026-09-29T20:57:53Z,productcatalogservice,155.0,600,0.95,0.25833333333333336,0
2026-09-29T20:57:53Z,paymentservice,20.0,200,0.8,0.1,0
2026-09-29T20:57:53Z,recommendationservice,92.0,1150,0.8,0.08,0
2026-09-29T20:57:53Z,shippingservice,0.0,400,0.8,0.0,0
2026-09-29T20:57:53Z,currencyservice,443.0,650,0.8,0.6815384615384615,0
2026-09-29T20:57:53Z,emailservice,25.0,200,0.8,0.125,0
2026-09-29T20:57:53Z,adservice,33.0,600,0.8,0.055,0
2026-09-29T20:57:53Z,redis-cart,32.0,300,0.8,0.10666666666666667,0
2026-09-29T20:57:54Z,frontend,247.66666666666666,1150,0.8,0.21536231884057971,0
2026-09-29T20:57:54Z,cartservice,568.0,600,0.95,0.9466666666666667,0
2026-09-29T20:57:54Z,checkoutservice,557.0,800,0.8,0.69625,0
2026-09-29T20:57:54Z,productcatalogservice,316.0,600,0.95,0.5266666666666666,0
2026-09-29T20:57:54Z,paymentservice,20.0,200,0.8,0.1,0
2026-09-29T20:57:54Z,recommendationservice,0.0,1150,0.8,0.0,0
2026-09-29T20:57:54Z,shippingservice,81.0,400,0.8,0.2025,0
2026-09-29T20:57:54Z,currencyservice,443.0,650,0.8,0.6815384615384615,0
2026-09-29T20:57:54Z,emailservice,14.0,200,0.8,0.07,0
2026-09-29T20:57:54Z,adservice,33.0,600,0.8,0.055,0
2026-09-29T20:57:54Z,redis-cart,32.0,300,0.8,0.10666666666666667,0
2026-09-29T20:57:55Z,frontend,313.1666666666667,1150,0.8,0.2723188405797102,0
2026-09-29T20:57:55Z,cartservice,568.0,600,0.95,0.9466666666666667,0
2026-09-29T20:57:55Z,checkoutservice,266.0,800,0.8,0.3325,0
2026-09-29T20:57:55Z,productcatalogservice,316.0,600,0.95,0.5266666666666666,0
2026-09-29T20:57:55Z,paymentservice,34.0,200,0.8,0.17,0
2026-09-29T20:57:55Z,recommendationservice,0.0,1150,0.8,0.0,0
2026-09-29T20:57:55Z,shippingservice,81.0,400,0.8,0.2025,0
2026-09-29T20:57:55Z,currencyservice,514.0,650,0.8,0.7907692307692308,0
2026-09-29T20:57:55Z,emailservice,62.0,200,0.8,0.31,0
2026-09-29T20:57:55Z,adservice,86.0,600,0.8,0.14333333333333334,0
2026-09-29T20:57:55Z,redis-cart,36.0,300,0.8,0.12,0
2026-09-29T20:57:56Z,frontend,258.3333333333333,1150,0.8,0.22463768115942026,0
2026-09-29T20:57:56Z,cartservice,568.0,600,0.95,0.9466666666666667,0
2026-09-29T20:57:56Z,checkoutservice,683.0,800,0.8,0.85375,1
2026-09-29T20:57:56Z,productcatalogservice,298.0,600,0.95,0.49666666666666665,0
2026-09-29T20:57:56Z,paymentservice,34.0,200,0.8,0.17,0
2026-09-29T20:57:56Z,recommendationservice,822.0,1150,0.8,0.7147826086956521,0
2026-09-29T20:57:56Z,shippingservice,43.0,400,0.8,0.1075,0
2026-09-29T20:57:56Z,currencyservice,490.0,650,0.8,0.7538461538461538,0
2026-09-29T20:57:56Z,emailservice,62.0,200,0.8,0.31,0
2026-09-29T20:57:56Z,adservice,86.0,600,0.8,0.14333333333333334,0
2026-09-29T20:57:56Z,redis-cart,35.0,300,0.8,0.11666666666666667,0
2026-09-29T20:57:57Z,frontend,274.0,1150,0.8,0.2382608695652174,0
2026-09-29T20:57:57Z,cartservice,570.0,600,0.95,0.95,0
2026-09-29T20:57:57Z,checkoutservice,683.0,800,0.8,0.85375,1
2026-09-29T20:57:57Z,productcatalogservice,431.0,600,0.95,0.7183333333333334,0
2026-09-29T20:57:57Z,paymentservice,52.0,200,0.8,0.26,0
2026-09-29T20:57:57Z,recommendationservice,822.0,1150,0.8,0.7147826086956521,0
2026-09-29T20:57:57Z,shippingservice,43.0,400,0.8,0.1075,0
2026-09-29T20:57:57Z,currencyservice,547.0,650,0.8,0.8415384615384616,1
2026-09-29T20:57:57Z,emailservice,94.0,200,0.8,0.47,0
2026-09-29T20:57:57Z,adservice,128.0,600,0.8,0.21333333333333335,0
2026-09-29T20:57:57Z,redis-cart,35.0,300,0.8,0.11666666666666667,0
2026-09-29T20:57:58Z,frontend,260.1666666666667,1150,0.8,0.22623188405797104,0
2026-09-29T20:57:58Z,cartservice,564.0,600,0.95,0.94,0
2026-09-29T20:57:58Z,checkoutservice,632.0,800,0.8,0.79,0
2026-09-29T20:57:58Z,productcatalogservice,431.0,600,0.95,0.7183333333333334,0
2026-09-29T20:57:58Z,paymentservice,35.0,200,0.8,0.175,0
2026-09-29T20:57:58Z,recommendationservice,912.0,1150,0.8,0.7930434782608695,0
2026-09-29T20:57:58Z,shippingservice,118.0,400,0.8,0.295,0
2026-09-29T20:57:58Z,currencyservice,440.0,650,0.8,0.676923076923077,0
2026-09-29T20:57:58Z,emailservice,94.0,200,0.8,0.47,0
2026-09-29T20:57:58Z,adservice,122.0,600,0.8,0.20333333333333334,0
2026-09-29T20:57:58Z,redis-cart,36.0,300,0.8,0.12,0
2026-09-29T20:57:59Z,frontend,204.0,1150,0.8,0.17739130434782607,0
2026-09-29T20:57:59Z,cartservice,564.0,600,0.95,0.94,0
2026-09-29T20:57:59Z,checkoutservice,140.0,800,0.8,0.175,0
2026-09-29T20:57:59Z,productcatalogservice,392.0,600,0.95,0.6533333333333333,0
2026-09-29T20:57:59Z,paymentservice,35.0,200,0.8,0.175,0
2026-09-29T20:57:59Z,recommendationservice,1157.0,1150,0.8,1.0060869565217392,1
2026-09-29T20:57:59Z,shippingservice,118.0,400,0.8,0.295,0
2026-09-29T20:57:59Z,currencyservice,440.0,650,0.8,0.676923076923077,0
2026-09-29T20:57:59Z,emailservice,61.0,200,0.8,0.305,0
2026-09-29T20:57:59Z,adservice,45.0,600,0.8,0.075,0
2026-09-29T20:57:59Z,redis-cart,36.0,300,0.8,0.12,0
2026-09-29T20:58:00Z,frontend,210.0,1150,0.8,0.1826086956521739,0
2026-09-29T20:58:00Z,cartservice,546.0,600,0.95,0.91,0
2026-09-29T20:58:00Z,checkoutservice,140.0,800,0.8,0.175,0
2026-09-29T20:58:00Z,productcatalogservice,392.0,600,0.95,0.6533333333333333,0
2026-09-29T20:58:00Z,paymentservice,14.0,200,0.8,0.07,0
2026-09-29T20:58:00Z,recommendationservice,1102.0,1150,0.8,0.9582608695652174,1
2026-09-29T20:58:00Z,shippingservice,35.0,400,0.8,0.0875,0
2026-09-29T20:58:00Z,currencyservice,399.0,650,0.8,0.6138461538461538,0
2026-09-29T20:58:00Z,emailservice,35.0,200,0.8,0.175,0
2026-09-29T20:58:00Z,adservice,45.0,600,0.8,0.075,0
2026-09-29T20:58:00Z,redis-cart,32.0,300,0.8,0.10666666666666667,0
2026-09-29T20:58:01Z,frontend,188.33333333333334,1150,0.8,0.163768115942029,0
2026-09-29T20:58:01Z,cartservice,530.0,600,0.95,0.8833333333333333,0
2026-09-29T20:58:01Z,checkoutservice,476.0,800,0.8,0.595,0
2026-09-29T20:58:01Z,productcatalogservice,404.0,600,0.95,0.6733333333333333,0
2026-09-29T20:58:01Z,paymentservice,14.0,200,0.8,0.07,0
2026-09-29T20:58:01Z,recommendationservice,1102.0,1150,0.8,0.9582608695652174,1
2026-09-29T20:58:01Z,shippingservice,62.0,400,0.8,0.155,0
2026-09-29T20:58:01Z,currencyservice,399.0,650,0.8,0.6138461538461538,0
2026-09-29T20:58:01Z,emailservice,35.0,200,0.8,0.175,0
2026-09-29T20:58:01Z,adservice,64.0,600,0.8,0.10666666666666667,0
2026-09-29T20:58:01Z,redis-cart,32.0,300,0.8,0.10666666666666667,0
2026-09-29T20:58:02Z,frontend,198.0,1150,0.8,0.17217391304347826,0
2026-09-29T20:58:02Z,cartservice,537.0,600,0.95,0.895,0
2026-09-29T20:58:02Z,checkoutservice,23.0,800,0.8,0.02875,0
2026-09-29T20:58:02Z,productcatalogservice,404.0,600,0.95,0.6733333333333333,0
2026-09-29T20:58:02Z,paymentservice,34.0,200,0.8,0.17,0
2026-09-29T20:58:02Z,recommendationservice,1155.0,1150,0.8,1.0043478260869565,1
2026-09-29T20:58:02Z,shippingservice,7.0,400,0.8,0.0175,0
2026-09-29T20:58:02Z,currencyservice,347.0,650,0.8,0.5338461538461539,0
2026-09-29T20:58:02Z,emailservice,49.0,200,0.8,0.245,0
2026-09-29T20:58:02Z,adservice,64.0,600,0.8,0.10666666666666667,0
2026-09-29T20:58:02Z,redis-cart,32.0,300,0.8,0.10666666666666667,0
2026-09-29T20:58:03Z,frontend,207.16666666666666,1150,0.8,0.18014492753623187,0
2026-09-29T20:58:03Z,cartservice,537.0,600,0.95,0.895,0
2026-09-29T20:58:03Z,checkoutservice,63.0,800,0.8,0.07875,0
2026-09-29T20:58:03Z,productcatalogservice,358.0,600,0.95,0.5966666666666667,0
2026-09-29T20:58:03Z,paymentservice,34.0,200,0.8,0.17,0
2026-09-29T20:58:03Z,recommendationservice,1155.0,1150,0.8,1.0043478260869565,1
2026-09-29T20:58:03Z,shippingservice,7.0,400,0.8,0.0175,0
2026-09-29T20:58:03Z,currencyservice,347.0,650,0.8,0.5338461538461539,0
2026-09-29T20:58:03Z,emailservice,49.0,200,0.8,0.245,0
2026-09-29T20:58:03Z,adservice,41.0,600,0.8,0.06833333333333333,0
2026-09-29T20:58:03Z,redis-cart,36.0,300,0.8,0.12,0
2026-09-29T20:58:04Z,frontend,207.0,1150,0.8,0.18,0
2026-09-29T20:58:04Z,cartservice,540.0,600,0.95,0.9,0
2026-09-29T20:58:04Z,checkoutservice,63.0,800,0.8,0.07875,0
2026-09-29T20:58:04Z,productcatalogservice,309.0,600,0.95,0.515,0
2026-09-29T20:58:04Z,paymentservice,0.0,200,0.8,0.0,0
2026-09-29T20:58:04Z,recommendationservice,1146.0,1150,0.8,0.9965217391304347,1
2026-09-29T20:58:04Z,shippingservice,21.0,400,0.8,0.0525,0
2026-09-29T20:58:04Z,currencyservice,359.0,650,0.8,0.5523076923076923,0
2026-09-29T20:58:04Z,emailservice,6.0,200,0.8,0.03,0
2026-09-29T20:58:04Z,adservice,41.0,600,0.8,0.06833333333333333,0
2026-09-29T20:58:04Z,redis-cart,34.0,300,0.8,0.11333333333333333,0
2026-09-29T20:58:05Z,frontend,210.0,1150,0.8,0.1826086956521739,0
2026-09-29T20:58:05Z,cartservice,553.0,600,0.95,0.9216666666666666,0
2026-09-29T20:58:05Z,checkoutservice,4.0,800,0.8,0.005,0
2026-09-29T20:58:05Z,productcatalogservice,309.0,600,0.95,0.515,0
2026-09-29T20:58:05Z,paymentservice,0.0,200,0.8,0.0,0
2026-09-29T20:58:05Z,recommendationservice,1159.0,1150,0.8,1.0078260869565216,1
2026-09-29T20:58:05Z,shippingservice,0.0,400,0.8,0.0,0
2026-09-29T20:58:05Z,currencyservice,360.0,650,0.8,0.5538461538461539,0
2026-09-29T20:58:05Z,emailservice,0.0,200,0.8,0.0,0
2026-09-29T20:58:05Z,adservice,43.0,600,0.8,0.07166666666666667,0
2026-09-29T20:58:05Z,redis-cart,34.0,300,0.8,0.11333333333333333,0
2026-09-29T20:58:06Z,frontend,209.5,1150,0.8,0.18217391304347827,0
2026-09-29T20:58:06Z,cartservice,555.0,600,0.95,0.925,0
2026-09-29T20:58:06Z,checkoutservice,4.0,800,0.8,0.005,0
2026-09-29T20:58:06Z,productcatalogservice,241.0,600,0.95,0.40166666666666667,0
2026-09-29T20:58:06Z,paymentservice,0.0,200,0.8,0.0,0
2026-09-29T20:58:06Z,recommendationservice,1138.0,1150,0.8,0.9895652173913043,1
2026-09-29T20:58:06Z,shippingservice,0.0,400,0.8,0.0,0
2026-09-29T20:58:06Z,currencyservice,410.0,650,0.8,0.6307692307692307,0
2026-09-29T20:58:06Z,emailservice,0.0,200,0.8,0.0,0
2026-09-29T20:58:06Z,adservice,48.0,600,0.8,0.08,0
2026-09-29T20:58:06Z,redis-cart,36.0,300,0.8,0.12,0
2026-09-29T20:58:07Z,frontend,229.66666666666666,1150,0.8,0.19971014492753622,0
2026-09-29T20:58:07Z,cartservice,555.0,600,0.95,0.925,0
2026-09-29T20:58:07Z,checkoutservice,0.0,800,0.8,0.0,0
2026-09-29T20:58:07Z,productcatalogservice,255.0,600,0.95,0.425,0
2026-09-29T20:58:07Z,paymentservice,0.0,200,0.8,0.0,0
2026-09-29T20:58:07Z,recommendationservice,1160.0,1150,0.8,1.008695652173913,1
2026-09-29T20:58:07Z,shippingservice,0.0,400,0.8,0.0,0
2026-09-29T20:58:07Z,currencyservice,410.0,650,0.8,0.6307692307692307,0
2026-09-29T20:58:07Z,emailservice,43.0,200,0.8,0.215,0
2026-09-29T20:58:07Z,adservice,48.0,600,0.8,0.08,0
2026-09-29T20:58:07Z,redis-cart,39.0,300,0.8,0.13,0
2026-09-29T20:58:08Z,frontend,228.66666666666666,1150,0.8,0.19884057971014493,0
2026-09-29T20:58:08Z,cartservice,584.0,600,0.95,0.9733333333333334,1
2026-09-29T20:58:08Z,checkoutservice,0.0,800,0.8,0.0,0
2026-09-29T20:58:08Z,productcatalogservice,257.0,600,0.95,0.42833333333333334,0
2026-09-29T20:58:08Z,paymentservice,0.0,200,0.8,0.0,0
2026-09-29T20:58:08Z,recommendationservice,1160.0,1150,0.8,1.008695652173913,1
2026-09-29T20:58:08Z,shippingservice,33.0,400,0.8,0.0825,0
2026-09-29T20:58:08Z,currencyservice,404.0,650,0.8,0.6215384615384615,0
2026-09-29T20:58:08Z,emailservice,0.0,200,0.8,0.0,0
2026-09-29T20:58:08Z,adservice,108.0,600,0.8,0.18,0
2026-09-29T20:58:08Z,redis-cart,39.0,300,0.8,0.13,0
2026-09-29T20:58:09Z,frontend,220.0,1150,0.8,0.19130434782608696,0
2026-09-29T20:58:09Z,cartservice,505.0,600,0.95,0.8416666666666667,0
2026-09-29T20:58:09Z,checkoutservice,8.0,800,0.8,0.01,0
2026-09-29T20:58:09Z,productcatalogservice,257.0,600,0.95,0.42833333333333334,0
2026-09-29T20:58:09Z,paymentservice,0.0,200,0.8,0.0,0
2026-09-29T20:58:09Z,recommendationservice,1144.0,1150,0.8,0.9947826086956522,1
2026-09-29T20:58:09Z,shippingservice,0.0,400,0.8,0.0,0
2026-09-29T20:58:09Z,currencyservice,388.0,650,0.8,0.5969230769230769,0
2026-09-29T20:58:09Z,emailservice,0.0,200,0.8,0.0,0
2026-09-29T20:58:09Z,adservice,108.0,600,0.8,0.18,0
2026-09-29T20:58:09Z,redis-cart,35.0,300,0.8,0.11666666666666667,0
2026-09-29T20:58:10Z,frontend,199.83333333333334,1150,0.8,0.17376811594202898,0
2026-09-29T20:58:10Z,cartservice,505.0,600,0.95,0.8416666666666667,0
2026-09-29T20:58:10Z,checkoutservice,165.0,800,0.8,0.20625,0
2026-09-29T20:58:10Z,productcatalogservice,298.0,600,0.95,0.49666666666666665,0
2026-09-29T20:58:10Z,paymentservice,0.0,200,0.8,0.0,0
2026-09-29T20:58:10Z,recommendationservice,1144.0,1150,0.8,0.9947826086956522,1
2026-09-29T20:58:10Z,shippingservice,0.0,400,0.8,0.0,0
2026-09-29T20:58:10Z,currencyservice,403.0,650,0.8,0.62,0
2026-09-29T20:58:10Z,emailservice,0.0,200,0.8,0.0,0
2026-09-29T20:58:10Z,adservice,35.0,600,0.8,0.058333333333333334,0
2026-09-29T20:58:10Z,redis-cart,34.0,300,0.8,0.11333333333333333,0
2026-09-29T20:58:11Z,frontend,202.33333333333334,1150,0.8,0.17594202898550726,0
2026-09-29T20:58:11Z,cartservice,563.0,600,0.95,0.9383333333333334,0
2026-09-29T20:58:11Z,checkoutservice,165.0,800,0.8,0.20625,0
2026-09-29T20:58:11Z,productcatalogservice,349.0,600,0.95,0.5816666666666667,0
2026-09-29T20:58:11Z,paymentservice,0.0,200,0.8,0.0,0
2026-09-29T20:58:11Z,recommendationservice,1123.0,1150,0.8,0.9765217391304348,1
2026-09-29T20:58:11Z,shippingservice,18.0,400,0.8,0.045,0
2026-09-29T20:58:11Z,currencyservice,403.0,650,0.8,0.62,0
2026-09-29T20:58:11Z,emailservice,65.0,200,0.8,0.325,0
2026-09-29T20:58:11Z,adservice,53.0,600,0.8,0.08833333333333333,0
2026-09-29T20:58:11Z,redis-cart,34.0,300,0.8,0.11333333333333333,0
2026-09-29T20:58:12Z,frontend,196.0,1150,0.8,0.17043478260869566,0
2026-09-29T20:58:12Z,cartservice,485.0,600,0.95,0.8083333333333333,0
2026-09-29T20:58:12Z,checkoutservice,276.0,800,0.8,0.345,0
2026-09-29T20:58:12Z,productcatalogservice,349.0,600,0.95,0.5816666666666667,0
2026-09-29T20:58:12Z,paymentservice,50.0,200,0.8,0.25,0
2026-09-29T20:58:12Z,recommendationservice,1123.0,1150,0.8,0.9765217391304348,1
2026-09-29T20:58:12Z,shippingservice,18.0,400,0.8,0.045,0
2026-09-29T20:58:12Z,currencyservice,397.0,650,0.8,0.6107692307692307,0
2026-09-29T20:58:12Z,emailservice,30.0,200,0.8,0.15,0
2026-09-29T20:58:12Z,adservice,54.0,600,0.8,0.09,0
2026-09-29T20:58:12Z,redis-cart,34.0,300,0.8,0.11333333333333333,0
2026-09-29T20:58:13Z,frontend,233.66666666666666,1150,0.8,0.20318840579710143,0
2026-09-29T20:58:13Z,cartservice,485.0,600,0.95,0.8083333333333333,0
2026-09-29T20:58:13Z,checkoutservice,276.0,800,0.8,0.345,0
2026-09-29T20:58:13Z,productcatalogservice,350.0,600,0.95,0.5833333333333334,0
2026-09-29T20:58:13Z,paymentservice,0.0,200,0.8,0.0,0
2026-09-29T20:58:13Z,recommendationservice,1109.0,1150,0.8,0.9643478260869566,1
2026-09-29T20:58:13Z,shippingservice,28.0,400,0.8,0.07,0
2026-09-29T20:58:13Z,currencyservice,376.0,650,0.8,0.5784615384615385,0
2026-09-29T20:58:13Z,emailservice,30.0,200,0.8,0.15,0
2026-09-29T20:58:13Z,adservice,54.0,600,0.8,0.09,0
2026-09-29T20:58:13Z,redis-cart,38.0,300,0.8,0.12666666666666668,0
2026-09-29T20:58:14Z,frontend,232.83333333333334,1150,0.8,0.20246376811594205,0
2026-09-29T20:58:14Z,cartservice,521.0,600,0.95,0.8683333333333333,0
2026-09-29T20:58:14Z,checkoutservice,160.0,800,0.8,0.2,0
2026-09-29T20:58:14Z,productcatalogservice,331.0,600,0.95,0.5516666666666666,0
2026-09-29T20:58:14Z,paymentservice,0.0,200,0.8,0.0,0
2026-09-29T20:58:14Z,recommendationservice,1122.0,1150,0.8,0.9756521739130435,1
2026-09-29T20:58:14Z,shippingservice,72.0,400,0.8,0.18,0
2026-09-29T20:58:14Z,currencyservice,440.0,650,0.8,0.676923076923077,0
2026-09-29T20:58:14Z,emailservice,30.0,200,0.8,0.15,0
2026-09-29T20:58:14Z,adservice,78.0,600,0.8,0.13,0
2026-09-29T20:58:14Z,redis-cart,38.0,300,0.8,0.12666666666666668,0
2026-09-29T20:58:15Z,frontend,233.5,1150,0.8,0.20304347826086958,0
2026-09-29T20:58:15Z,cartservice,554.0,600,0.95,0.9233333333333333,0
2026-09-29T20:58:15Z,checkoutservice,212.0,800,0.8,0.265,0
2026-09-29T20:58:15Z,productcatalogservice,331.0,600,0.95,0.5516666666666666,0
2026-09-29T20:58:15Z,paymentservice,22.0,200,0.8,0.11,0
2026-09-29T20:58:15Z,recommendationservice,596.0,1150,0.8,0.5182608695652174,0
2026-09-29T20:58:15Z,shippingservice,72.0,400,0.8,0.18,0
2026-09-29T20:58:15Z,currencyservice,440.0,650,0.8,0.676923076923077,0
2026-09-29T20:58:15Z,emailservice,26.0,200,0.8,0.13,0
2026-09-29T20:58:15Z,adservice,78.0,600,0.8,0.13,0
2026-09-29T20:58:15Z,redis-cart,38.0,300,0.8,0.12666666666666668,0
2026-09-29T20:58:16Z,frontend,313.5,1150,0.8,0.27260869565217394,0
2026-09-29T20:58:16Z,cartservice,494.0,600,0.95,0.8233333333333334,0
2026-09-29T20:58:16Z,checkoutservice,212.0,800,0.8,0.265,0
2026-09-29T20:58:16Z,productcatalogservice,218.0,600,0.95,0.36333333333333334,0
2026-09-29T20:58:16Z,paymentservice,22.0,200,0.8,0.11,0
2026-09-29T20:58:16Z,recommendationservice,596.0,1150,0.8,0.5182608695652174,0
2026-09-29T20:58:16Z,shippingservice,0.0,400,0.8,0.0,0
2026-09-29T20:58:16Z,currencyservice,456.0,650,0.8,0.7015384615384616,0
2026-09-29T20:58:16Z,emailservice,26.0,200,0.8,0.13,0
2026-09-29T20:58:16Z,adservice,41.0,600,0.8,0.06833333333333333,0
2026-09-29T20:58:16Z,redis-cart,38.0,300,0.8,0.12666666666666668,0
2026-09-29T20:58:17Z,frontend,257.0,1150,0.8,0.2234782608695652,0
2026-09-29T20:58:17Z,cartservice,494.0,600,0.95,0.8233333333333334,0
2026-09-29T20:58:17Z,checkoutservice,20.0,800,0.8,0.025,0
2026-09-29T20:58:17Z,productcatalogservice,165.0,600,0.95,0.275,0
2026-09-29T20:58:17Z,paymentservice,0.0,200,0.8,0.0,0
2026-09-29T20:58:17Z,recommendationservice,3.0,1150,0.8,0.0026086956521739132,0
2026-09-29T20:58:17Z,shippingservice,0.0,400,0.8,0.0,0
2026-09-29T20:58:17Z,currencyservice,474.0,650,0.8,0.7292307692307692,0
2026-09-29T20:58:17Z,emailservice,36.0,200,0.8,0.18,0
2026-09-29T20:58:17Z,adservice,41.0,600,0.8,0.06833333333333333,0
2026-09-29T20:58:17Z,redis-cart,40.0,300,0.8,0.13333333333333333,0
2026-09-29T20:58:18Z,frontend,257.5,1150,0.8,0.22391304347826088,0
2026-09-29T20:58:18Z,cartservice,443.0,600,0.95,0.7383333333333333,0
2026-09-29T20:58:18Z,checkoutservice,11.0,800,0.8,0.01375,0
2026-09-29T20:58:18Z,productcatalogservice,165.0,600,0.95,0.275,0
2026-09-29T20:58:18Z,paymentservice,0.0,200,0.8,0.0,0
2026-09-29T20:58:18Z,recommendationservice,3.0,1150,0.8,0.0026086956521739132,0
2026-09-29T20:58:18Z,shippingservice,0.0,400,0.8,0.0,0
2026-09-29T20:58:18Z,currencyservice,474.0,650,0.8,0.7292307692307692,0
2026-09-29T20:58:18Z,emailservice,36.0,200,0.8,0.18,0
2026-09-29T20:58:18Z,adservice,37.0,600,0.8,0.06166666666666667,0
2026-09-29T20:58:18Z,redis-cart,41.0,300,0.8,0.13666666666666666,0
2026-09-29T20:58:19Z,frontend,281.5,1150,0.8,0.2447826086956522,0
2026-09-29T20:58:19Z,cartservice,470.0,600,0.95,0.7833333333333333,0
2026-09-29T20:58:19Z,checkoutservice,11.0,800,0.8,0.01375,0
2026-09-29T20:58:19Z,productcatalogservice,246.0,600,0.95,0.41,0
2026-09-29T20:58:19Z,paymentservice,48.0,200,0.8,0.24,0
2026-09-29T20:58:19Z,recommendationservice,0.0,1150,0.8,0.0,0
2026-09-29T20:58:19Z,shippingservice,96.0,400,0.8,0.24,0
2026-09-29T20:58:19Z,currencyservice,565.0,650,0.8,0.8692307692307693,1
2026-09-29T20:58:19Z,emailservice,12.0,200,0.8,0.06,0
2026-09-29T20:58:19Z,adservice,78.0,600,0.8,0.13,0
2026-09-29T20:58:19Z,redis-cart,41.0,300,0.8,0.13666666666666666,0
2026-09-29T20:58:20Z,frontend,273.5,1150,0.8,0.23782608695652174,0
2026-09-29T20:58:20Z,cartservice,470.0,600,0.95,0.7833333333333333,0
2026-09-29T20:58:20Z,checkoutservice,428.0,800,0.8,0.535,0
2026-09-29T20:58:20Z,productcatalogservice,242.0,600,0.95,0.4033333333333333,0
2026-09-29T20:58:20Z,paymentservice,48.0,200,0.8,0.24,0
2026-09-29T20:58:20Z,recommendationservice,0.0,1150,0.8,0.0,0
2026-09-29T20:58:20Z,shippingservice,16.0,400,0.8,0.04,0
2026-09-29T20:58:20Z,currencyservice,565.0,650,0.8,0.8692307692307693,1
2026-09-29T20:58:20Z,emailservice,66.0,200,0.8,0.33,0
2026-09-29T20:58:20Z,adservice,78.0,600,0.8,0.13,0
2026-09-29T20:58:20Z,redis-cart,44.0,300,0.8,0.14666666666666667,0
2026-09-29T20:58:21Z,frontend,289.6666666666667,1150,0.8,0.2518840579710145,0
2026-09-29T20:58:21Z,cartservice,470.0,600,0.95,0.7833333333333333,0
2026-09-29T20:58:21Z,checkoutservice,428.0,800,0.8,0.535,0
2026-09-29T20:58:21Z,productcatalogservice,242.0,600,0.95,0.4033333333333333,0
2026-09-29T20:58:21Z,paymentservice,0.0,200,0.8,0.0,0
2026-09-29T20:58:21Z,recommendationservice,601.0,1150,0.8,0.5226086956521739,0
2026-09-29T20:58:21Z,shippingservice,16.0,400,0.8,0.04,0
2026-09-29T20:58:21Z,currencyservice,555.0,650,0.8,0.8538461538461538,1
2026-09-29T20:58:21Z,emailservice,66.0,200,0.8,0.33,0
2026-09-29T20:58:21Z,adservice,62.0,600,0.8,0.10333333333333333,0
2026-09-29T20:58:21Z,redis-cart,41.0,300,0.8,0.13666666666666666,0
2026-09-29T20:58:22Z,frontend,319.0,1150,0.8,0.2773913043478261,0
2026-09-29T20:58:22Z,cartservice,371.0,600,0.95,0.6183333333333333,0
2026-09-29T20:58:22Z,checkoutservice,227.0,800,0.8,0.28375,0
2026-09-29T20:58:22Z,productcatalogservice,289.0,600,0.95,0.4816666666666667,0
2026-09-29T20:58:22Z,paymentservice,0.0,200,0.8,0.0,0
2026-09-29T20:58:22Z,recommendationservice,812.0,1150,0.8,0.7060869565217391,0
2026-09-29T20:58:22Z,shippingservice,64.0,400,0.8,0.16,0
2026-09-29T20:58:22Z,currencyservice,533.0,650,0.8,0.82,1
2026-09-29T20:58:22Z,emailservice,50.0,200,0.8,0.25,0
2026-09-29T20:58:22Z,adservice,149.0,600,0.8,0.24833333333333332,0
2026-09-29T20:58:22Z,redis-cart,41.0,300,0.8,0.13666666666666666,0
2026-09-29T20:58:23Z,frontend,246.0,1150,0.8,0.21391304347826087,0
2026-09-29T20:58:23Z,cartservice,371.0,600,0.95,0.6183333333333333,0
2026-09-29T20:58:23Z,checkoutservice,602.0,800,0.8,0.7525,0
2026-09-29T20:58:23Z,productcatalogservice,289.0,600,0.95,0.4816666666666667,0
2026-09-29T20:58:23Z,paymentservice,67.0,200,0.8,0.335,0
2026-09-29T20:58:23Z,recommendationservice,812.0,1150,0.8,0.7060869565217391,0
2026-09-29T20:58:23Z,shippingservice,61.0,400,0.8,0.1525,0
2026-09-29T20:58:23Z,currencyservice,359.0,650,0.8,0.5523076923076923,0
2026-09-29T20:58:23Z,emailservice,50.0,200,0.8,0.25,0
2026-09-29T20:58:23Z,adservice,55.0,600,0.8,0.09166666666666666,0
2026-09-29T20:58:23Z,redis-cart,43.0,300,0.8,0.14333333333333334,0
2026-09-29T20:58:24Z,frontend,179.33333333333334,1150,0.8,0.15594202898550724,0
2026-09-29T20:58:24Z,cartservice,309.0,600,0.95,0.515,0
2026-09-29T20:58:24Z,checkoutservice,142.0,800,0.8,0.1775,0
2026-09-29T20:58:24Z,productcatalogservice,358.0,600,0.95,0.5966666666666667,0
2026-09-29T20:58:24Z,paymentservice,6.0,200,0.8,0.03,0
2026-09-29T20:58:24Z,recommendationservice,1129.0,1150,0.8,0.9817391304347826,1
2026-09-29T20:58:24Z,shippingservice,42.0,400,0.8,0.105,0
2026-09-29T20:58:24Z,currencyservice,359.0,650,0.8,0.5523076923076923,0
2026-09-29T20:58:24Z,emailservice,51.0,200,0.8,0.255,0
2026-09-29T20:58:24Z,adservice,55.0,600,0.8,0.09166666666666666,0
2026-09-29T20:58:24Z,redis-cart,31.0,300,0.8,0.10333333333333333,0
2026-09-29T20:58:25Z,frontend,214.66666666666666,1150,0.8,0.18666666666666665,0
2026-09-29T20:58:25Z,cartservice,361.0,600,0.95,0.6016666666666667,0
2026-09-29T20:58:25Z,checkoutservice,120.0,800,0.8,0.15,0
2026-09-29T20:58:25Z,productcatalogservice,337.0,600,0.95,0.5616666666666666,0
2026-09-29T20:58:25Z,paymentservice,6.0,200,0.8,0.03,0
2026-09-29T20:58:25Z,recommendationservice,1139.0,1150,0.8,0.9904347826086957,1
2026-09-29T20:58:25Z,shippingservice,42.0,400,0.8,0.105,0
2026-09-29T20:58:25Z,currencyservice,395.0,650,0.8,0.6076923076923076,0
2026-09-29T20:58:25Z,emailservice,20.0,200,0.8,0.1,0
2026-09-29T20:58:25Z,adservice,54.0,600,0.8,0.09,0
2026-09-29T20:58:25Z,redis-cart,31.0,300,0.8,0.10333333333333333,0
2026-09-29T20:58:26Z,frontend,229.83333333333334,1150,0.8,0.19985507246376813,0
2026-09-29T20:58:26Z,cartservice,361.0,600,0.95,0.6016666666666667,0
2026-09-29T20:58:26Z,checkoutservice,120.0,800,0.8,0.15,0
2026-09-29T20:58:26Z,productcatalogservice,337.0,600,0.95,0.5616666666666666,0
2026-09-29T20:58:26Z,paymentservice,3.0,200,0.8,0.015,0
2026-09-29T20:58:26Z,recommendationservice,1139.0,1150,0.8,0.9904347826086957,1
2026-09-29T20:58:26Z,shippingservice,9.0,400,0.8,0.0225,0
2026-09-29T20:58:26Z,currencyservice,395.0,650,0.8,0.6076923076923076,0
2026-09-29T20:58:26Z,emailservice,20.0,200,0.8,0.1,0
2026-09-29T20:58:26Z,adservice,40.0,600,0.8,0.06666666666666667,0
2026-09-29T20:58:26Z,redis-cart,35.0,300,0.8,0.11666666666666667,0
2026-09-29T20:58:27Z,frontend,201.16666666666666,1150,0.8,0.17492753623188406,0
2026-09-29T20:58:27Z,cartservice,390.0,600,0.95,0.65,0
2026-09-29T20:58:27Z,checkoutservice,121.0,800,0.8,0.15125,0
2026-09-29T20:58:27Z,productcatalogservice,310.0,600,0.95,0.5166666666666667,0
2026-09-29T20:58:27Z,paymentservice,14.0,200,0.8,0.07,0
2026-09-29T20:58:27Z,recommendationservice,1142.0,1150,0.8,0.9930434782608696,1
2026-09-29T20:58:27Z,shippingservice,24.0,400,0.8,0.06,0
2026-09-29T20:58:27Z,currencyservice,374.0,650,0.8,0.5753846153846154,0
2026-09-29T20:58:27Z,emailservice,40.0,200,0.8,0.2,0
2026-09-29T20:58:27Z,adservice,48.0,600,0.8,0.08,0
2026-09-29T20:58:27Z,redis-cart,35.0,300,0.8,0.11666666666666667,0
2026-09-29T20:58:28Z,frontend,199.16666666666666,1150,0.8,0.17318840579710143,0
2026-09-29T20:58:28Z,cartservice,372.0,600,0.95,0.62,0
2026-09-29T20:58:28Z,checkoutservice,117.0,800,0.8,0.14625,0
2026-09-29T20:58:28Z,productcatalogservice,310.0,600,0.95,0.5166666666666667,0
2026-09-29T20:58:28Z,paymentservice,14.0,200,0.8,0.07,0
2026-09-29T20:58:28Z,recommendationservice,1142.0,1150,0.8,0.9930434782608696,1
2026-09-29T20:58:28Z,shippingservice,24.0,400,0.8,0.06,0
2026-09-29T20:58:28Z,currencyservice,381.0,650,0.8,0.5861538461538461,0
2026-09-29T20:58:28Z,emailservice,0.0,200,0.8,0.0,0
2026-09-29T20:58:28Z,adservice,48.0,600,0.8,0.08,0
2026-09-29T20:58:28Z,redis-cart,35.0,300,0.8,0.11666666666666667,0
2026-09-29T20:58:29Z,frontend,200.33333333333334,1150,0.8,0.17420289855072466,0
2026-09-29T20:58:29Z,cartservice,372.0,600,0.95,0.62,0
2026-09-29T20:58:29Z,checkoutservice,117.0,800,0.8,0.14625,0
2026-09-29T20:58:29Z,productcatalogservice,325.0,600,0.95,0.5416666666666666,0
2026-09-29T20:58:29Z,paymentservice,5.0,200,0.8,0.025,0
2026-09-29T20:58:29Z,recommendationservice,1130.0,1150,0.8,0.9826086956521739,1
2026-09-29T20:58:29Z,shippingservice,32.0,400,0.8,0.08,0
2026-09-29T20:58:29Z,currencyservice,381.0,650,0.8,0.5861538461538461,0
2026-09-29T20:58:29Z,emailservice,14.0,200,0.8,0.07,0
2026-09-29T20:58:29Z,adservice,49.0,600,0.8,0.08166666666666667,0
2026-09-29T20:58:29Z,redis-cart,43.0,300,0.8,0.14333333333333334,0
2026-09-29T20:58:30Z,frontend,192.83333333333334,1150,0.8,0.16768115942028985,0
2026-09-29T20:58:30Z,cartservice,405.0,600,0.95,0.675,0
2026-09-29T20:58:30Z,checkoutservice,167.0,800,0.8,0.20875,0
2026-09-29T20:58:30Z,productcatalogservice,310.0,600,0.95,0.5166666666666667,0
2026-09-29T20:58:30Z,paymentservice,9.0,200,0.8,0.045,0
2026-09-29T20:58:30Z,recommendationservice,1130.0,1150,0.8,0.9826086956521739,1
2026-09-29T20:58:30Z,shippingservice,19.0,400,0.8,0.0475,0
2026-09-29T20:58:30Z,currencyservice,372.0,650,0.8,0.5723076923076923,0
2026-09-29T20:58:30Z,emailservice,14.0,200,0.8,0.07,0
2026-09-29T20:58:30Z,adservice,69.0,600,0.8,0.115,0
2026-09-29T20:58:30Z,redis-cart,33.0,300,0.8,0.11,0
2026-09-29T20:58:31Z,frontend,200.66666666666666,1150,0.8,0.1744927536231884,0
2026-09-29T20:58:31Z,cartservice,409.0,600,0.95,0.6816666666666666,0
2026-09-29T20:58:31Z,checkoutservice,202.0,800,0.8,0.2525,0
2026-09-29T20:58:31Z,productcatalogservice,310.0,600,0.95,0.5166666666666667,0
2026-09-29T20:58:31Z,paymentservice,9.0,200,0.8,0.045,0
2026-09-29T20:58:31Z,recommendationservice,1114.0,1150,0.8,0.9686956521739131,1
2026-09-29T20:58:31Z,shippingservice,19.0,400,0.8,0.0475,0
2026-09-29T20:58:31Z,currencyservice,372.0,650,0.8,0.5723076923076923,0
2026-09-29T20:58:31Z,emailservice,37.0,200,0.8,0.185,0
2026-09-29T20:58:31Z,adservice,86.0,600,0.8,0.14333333333333334,0
2026-09-29T20:58:31Z,redis-cart,36.0,300,0.8,0.12,0
2026-09-29T20:58:32Z,frontend,214.0,1150,0.8,0.18608695652173912,0
2026-09-29T20:58:32Z,cartservice,322.0,600,0.95,0.5366666666666666,0
2026-09-29T20:58:32Z,checkoutservice,187.0,800,0.8,0.23375,0
2026-09-29T20:58:32Z,productcatalogservice,346.0,600,0.95,0.5766666666666667,0
2026-09-29T20:58:32Z,paymentservice,44.0,200,0.8,0.22,0
2026-09-29T20:58:32Z,recommendationservice,1114.0,1150,0.8,0.9686956521739131,1
2026-09-29T20:58:32Z,shippingservice,36.0,400,0.8,0.09,0
2026-09-29T20:58:32Z,currencyservice,385.0,650,0.8,0.5923076923076923,0
2026-09-29T20:58:32Z,emailservice,31.0,200,0.8,0.155,0
2026-09-29T20:58:32Z,adservice,86.0,600,0.8,0.14333333333333334,0
2026-09-29T20:58:32Z,redis-cart,36.0,300,0.8,0.12,0
2026-09-29T20:58:33Z,frontend,198.66666666666666,1150,0.8,0.17275362318840579,0
2026-09-29T20:58:33Z,cartservice,322.0,600,0.95,0.5366666666666666,0
2026-09-29T20:58:33Z,checkoutservice,3.0,800,0.8,0.00375,0
2026-09-29T20:58:33Z,productcatalogservice,307.0,600,0.95,0.5116666666666667,0
2026-09-29T20:58:33Z,paymentservice,44.0,200,0.8,0.22,0
2026-09-29T20:58:33Z,recommendationservice,1135.0,1150,0.8,0.9869565217391304,1
2026-09-29T20:58:33Z,shippingservice,36.0,400,0.8,0.09,0
2026-09-29T20:58:33Z,currencyservice,385.0,650,0.8,0.5923076923076923,0
2026-09-29T20:58:33Z,emailservice,31.0,200,0.8,0.155,0
2026-09-29T20:58:33Z,adservice,44.0,600,0.8,0.07333333333333333,0
2026-09-29T20:58:33Z,redis-cart,37.0,300,0.8,0.12333333333333334,0
2026-09-29T20:58:34Z,frontend,206.33333333333334,1150,0.8,0.17942028985507247,0
2026-09-29T20:58:34Z,cartservice,404.0,600,0.95,0.6733333333333333,0
2026-09-29T20:58:34Z,checkoutservice,184.0,800,0.8,0.23,0
2026-09-29T20:58:34Z,productcatalogservice,307.0,600,0.95,0.5116666666666667,0
2026-09-29T20:58:34Z,paymentservice,6.0,200,0.8,0.03,0
2026-09-29T20:58:34Z,recommendationservice,1147.0,1150,0.8,0.9973913043478261,1
2026-09-29T20:58:34Z,shippingservice,25.0,400,0.8,0.0625,0
2026-09-29T20:58:34Z,currencyservice,363.0,650,0.8,0.5584615384615385,0
2026-09-29T20:58:34Z,emailservice,9.0,200,0.8,0.045,0
2026-09-29T20:58:34Z,adservice,49.0,600,0.8,0.08166666666666667,0
2026-09-29T20:58:34Z,redis-cart,40.0,300,0.8,0.13333333333333333,0
2026-09-29T20:58:35Z,frontend,213.0,1150,0.8,0.18521739130434783,0
2026-09-29T20:58:35Z,cartservice,404.0,600,0.95,0.6733333333333333,0
2026-09-29T20:58:35Z,checkoutservice,184.0,800,0.8,0.23,0
2026-09-29T20:58:35Z,productcatalogservice,348.0,600,0.95,0.58,0
2026-09-29T20:58:35Z,paymentservice,9.0,200,0.8,0.045,0
2026-09-29T20:58:35Z,recommendationservice,1147.0,1150,0.8,0.9973913043478261,1
2026-09-29T20:58:35Z,shippingservice,29.0,400,0.8,0.0725,0
2026-09-29T20:58:35Z,currencyservice,395.0,650,0.8,0.6076923076923076,0
2026-09-29T20:58:35Z,emailservice,9.0,200,0.8,0.045,0
2026-09-29T20:58:35Z,adservice,49.0,600,0.8,0.08166666666666667,0
2026-09-29T20:58:35Z,redis-cart,38.0,300,0.8,0.12666666666666668,0
2026-09-29T20:58:36Z,frontend,264.3333333333333,1150,0.8,0.2298550724637681,0
2026-09-29T20:58:36Z,cartservice,370.0,600,0.95,0.6166666666666667,0
2026-09-29T20:58:36Z,checkoutservice,586.0,800,0.8,0.7325,0
2026-09-29T20:58:36Z,productcatalogservice,394.0,600,0.95,0.6566666666666666,0
2026-09-29T20:58:36Z,paymentservice,40.0,200,0.8,0.2,0
2026-09-29T20:58:36Z,recommendationservice,1069.0,1150,0.8,0.9295652173913044,1
2026-09-29T20:58:36Z,shippingservice,107.0,400,0.8,0.2675,0
2026-09-29T20:58:36Z,currencyservice,465.0,650,0.8,0.7153846153846154,0
2026-09-29T20:58:36Z,emailservice,64.0,200,0.8,0.32,0
2026-09-29T20:58:36Z,adservice,89.0,600,0.8,0.14833333333333334,0
2026-09-29T20:58:36Z,redis-cart,38.0,300,0.8,0.12666666666666668,0
2026-09-29T20:58:37Z,frontend,231.0,1150,0.8,0.2008695652173913,0
2026-09-29T20:58:37Z,cartservice,370.0,600,0.95,0.6166666666666667,0
2026-09-29T20:58:37Z,checkoutservice,586.0,800,0.8,0.7325,0
2026-09-29T20:58:37Z,productcatalogservice,394.0,600,0.95,0.6566666666666666,0
2026-09-29T20:58:37Z,paymentservice,22.0,200,0.8,0.11,0
2026-09-29T20:58:37Z,recommendationservice,1108.0,1150,0.8,0.9634782608695652,1
2026-09-29T20:58:37Z,shippingservice,107.0,400,0.8,0.2675,0
2026-09-29T20:58:37Z,currencyservice,468.0,650,0.8,0.72,0
2026-09-29T20:58:37Z,emailservice,63.0,200,0.8,0.315,0
2026-09-29T20:58:37Z,adservice,356.0,600,0.8,0.5933333333333334,0
2026-09-29T20:58:37Z,redis-cart,39.0,300,0.8,0.13,0
2026-09-29T20:58:38Z,frontend,239.0,1150,0.8,0.20782608695652174,0
2026-09-29T20:58:38Z,cartservice,403.0,600,0.95,0.6716666666666666,0
2026-09-29T20:58:38Z,checkoutservice,407.0,800,0.8,0.50875,0
2026-09-29T20:58:38Z,productcatalogservice,432.0,600,0.95,0.72,0
2026-09-29T20:58:38Z,paymentservice,22.0,200,0.8,0.11,0
2026-09-29T20:58:38Z,recommendationservice,1108.0,1150,0.8,0.9634782608695652,1
2026-09-29T20:58:38Z,shippingservice,83.0,400,0.8,0.2075,0
2026-09-29T20:58:38Z,currencyservice,468.0,650,0.8,0.72,0
2026-09-29T20:58:38Z,emailservice,40.0,200,0.8,0.2,0
2026-09-29T20:58:38Z,adservice,80.0,600,0.8,0.13333333333333333,0
2026-09-29T20:58:38Z,redis-cart,40.0,300,0.8,0.13333333333333333,0
2026-09-29T20:58:39Z,frontend,220.5,1150,0.8,0.1917391304347826,0
2026-09-29T20:58:39Z,cartservice,417.0,600,0.95,0.695,0
2026-09-29T20:58:39Z,checkoutservice,286.0,800,0.8,0.3575,0
2026-09-29T20:58:39Z,productcatalogservice,331.0,600,0.95,0.5516666666666666,0
2026-09-29T20:58:39Z,paymentservice,16.0,200,0.8,0.08,0
2026-09-29T20:58:39Z,recommendationservice,1110.0,1150,0.8,0.9652173913043478,1
2026-09-29T20:58:39Z,shippingservice,34.0,400,0.8,0.085,0
2026-09-29T20:58:39Z,currencyservice,427.0,650,0.8,0.6569230769230769,0
2026-09-29T20:58:39Z,emailservice,40.0,200,0.8,0.2,0
2026-09-29T20:58:39Z,adservice,80.0,600,0.8,0.13333333333333333,0
2026-09-29T20:58:39Z,redis-cart,40.0,300,0.8,0.13333333333333333,0
2026-09-29T20:58:40Z,frontend,215.5,1150,0.8,0.18739130434782608,0
2026-09-29T20:58:40Z,cartservice,417.0,600,0.95,0.695,0
2026-09-29T20:58:40Z,checkoutservice,286.0,800,0.8,0.3575,0
2026-09-29T20:58:40Z,productcatalogservice,367.0,600,0.95,0.6116666666666667,0
2026-09-29T20:58:40Z,paymentservice,67.0,200,0.8,0.335,0
2026-09-29T20:58:40Z,recommendationservice,1072.0,1150,0.8,0.9321739130434783,1
2026-09-29T20:58:40Z,shippingservice,34.0,400,0.8,0.085,0
2026-09-29T20:58:40Z,currencyservice,439.0,650,0.8,0.6753846153846154,0
2026-09-29T20:58:40Z,emailservice,26.0,200,0.8,0.13,0
2026-09-29T20:58:40Z,adservice,64.0,600,0.8,0.10666666666666667,0
2026-09-29T20:58:40Z,redis-cart,35.0,300,0.8,0.11666666666666667,0
2026-09-29T20:58:41Z,frontend,219.66666666666666,1150,0.8,0.19101449275362317,0
2026-09-29T20:58:41Z,cartservice,427.0,600,0.95,0.7116666666666667,0
2026-09-29T20:58:41Z,checkoutservice,359.0,800,0.8,0.44875,0
2026-09-29T20:58:41Z,productcatalogservice,334.0,600,0.95,0.5566666666666666,0
2026-09-29T20:58:41Z,paymentservice,24.0,200,0.8,0.12,0
2026-09-29T20:58:41Z,recommendationservice,1072.0,1150,0.8,0.9321739130434783,1
2026-09-29T20:58:41Z,shippingservice,35.0,400,0.8,0.0875,0
2026-09-29T20:58:41Z,currencyservice,439.0,650,0.8,0.6753846153846154,0
2026-09-29T20:58:41Z,emailservice,68.0,200,0.8,0.34,0
2026-09-29T20:58:41Z,adservice,63.0,600,0.8,0.105,0
2026-09-29T20:58:41Z,redis-cart,37.0,300,0.8,0.12333333333333334,0
2026-09-29T20:58:42Z,frontend,208.33333333333334,1150,0.8,0.18115942028985507,0
2026-09-29T20:58:42Z,cartservice,427.0,600,0.95,0.7116666666666667,0
2026-09-29T20:58:42Z,checkoutservice,359.0,800,0.8,0.44875,0
2026-09-29T20:58:42Z,productcatalogservice,334.0,600,0.95,0.5566666666666666,0
2026-09-29T20:58:42Z,paymentservice,24.0,200,0.8,0.12,0
2026-09-29T20:58:42Z,recommendationservice,1150.0,1150,0.8,1.0,1
2026-09-29T20:58:42Z,shippingservice,8.0,400,0.8,0.02,0
2026-09-29T20:58:42Z,currencyservice,380.0,650,0.8,0.5846153846153846,0
2026-09-29T20:58:42Z,emailservice,68.0,200,0.8,0.34,0
2026-09-29T20:58:42Z,adservice,63.0,600,0.8,0.105,0
2026-09-29T20:58:42Z,redis-cart,37.0,300,0.8,0.12333333333333334,0
2026-09-29T20:58:43Z,frontend,227.5,1150,0.8,0.19782608695652174,0
2026-09-29T20:58:43Z,cartservice,430.0,600,0.95,0.7166666666666667,0
2026-09-29T20:58:43Z,checkoutservice,14.0,800,0.8,0.0175,0
2026-09-29T20:58:43Z,productcatalogservice,296.0,600,0.95,0.49333333333333335,0
2026-09-29T20:58:43Z,paymentservice,31.0,200,0.8,0.155,0
2026-09-29T20:58:43Z,recommendationservice,1115.0,1150,0.8,0.9695652173913043,1
2026-09-29T20:58:43Z,shippingservice,53.0,400,0.8,0.1325,0
2026-09-29T20:58:43Z,currencyservice,380.0,650,0.8,0.5846153846153846,0
2026-09-29T20:58:43Z,emailservice,4.0,200,0.8,0.02,0
2026-09-29T20:58:43Z,adservice,59.0,600,0.8,0.09833333333333333,0
2026-09-29T20:58:43Z,redis-cart,37.0,300,0.8,0.12333333333333334,0
2026-09-29T20:58:44Z,frontend,234.5,1150,0.8,0.20391304347826086,0
2026-09-29T20:58:44Z,cartservice,372.0,600,0.95,0.62,0
2026-09-29T20:58:44Z,checkoutservice,453.0,800,0.8,0.56625,0
2026-09-29T20:58:44Z,productcatalogservice,336.0,600,0.95,0.56,0
2026-09-29T20:58:44Z,paymentservice,31.0,200,0.8,0.155,0
2026-09-29T20:58:44Z,recommendationservice,1068.0,1150,0.8,0.928695652173913,1
2026-09-29T20:58:44Z,shippingservice,53.0,400,0.8,0.1325,0
2026-09-29T20:58:44Z,currencyservice,427.0,650,0.8,0.6569230769230769,0
2026-09-29T20:58:44Z,emailservice,42.0,200,0.8,0.21,0
2026-09-29T20:58:44Z,adservice,59.0,600,0.8,0.09833333333333333,0
2026-09-29T20:58:44Z,redis-cart,37.0,300,0.8,0.12333333333333334,0
2026-09-29T20:58:45Z,frontend,235.66666666666666,1150,0.8,0.20492753623188406,0
2026-09-29T20:58:45Z,cartservice,372.0,600,0.95,0.62,0
2026-09-29T20:58:45Z,checkoutservice,5.0,800,0.8,0.00625,0
2026-09-29T20:58:45Z,productcatalogservice,336.0,600,0.95,0.56,0
2026-09-29T20:58:45Z,paymentservice,20.0,200,0.8,0.1,0
2026-09-29T20:58:45Z,recommendationservice,1068.0,1150,0.8,0.928695652173913,1
2026-09-29T20:58:45Z,shippingservice,24.0,400,0.8,0.06,0
2026-09-29T20:58:45Z,currencyservice,386.0,650,0.8,0.5938461538461538,0
2026-09-29T20:58:45Z,emailservice,42.0,200,0.8,0.21,0
2026-09-29T20:58:45Z,adservice,85.0,600,0.8,0.14166666666666666,0
2026-09-29T20:58:45Z,redis-cart,39.0,300,0.8,0.13,0
2026-09-29T20:58:46Z,frontend,209.33333333333334,1150,0.8,0.1820289855072464,0
2026-09-29T20:58:46Z,cartservice,343.0,600,0.95,0.5716666666666667,0
2026-09-29T20:58:46Z,checkoutservice,5.0,800,0.8,0.00625,0
2026-09-29T20:58:46Z,productcatalogservice,227.0,600,0.95,0.37833333333333335,0
2026-09-29T20:58:46Z,paymentservice,0.0,200,0.8,0.0,0
2026-09-29T20:58:46Z,recommendationservice,1154.0,1150,0.8,1.0034782608695652,1
2026-09-29T20:58:46Z,shippingservice,24.0,400,0.8,0.06,0
2026-09-29T20:58:46Z,currencyservice,386.0,650,0.8,0.5938461538461538,0
2026-09-29T20:58:46Z,emailservice,27.0,200,0.8,0.135,0
2026-09-29T20:58:46Z,adservice,85.0,600,0.8,0.14166666666666666,0
2026-09-29T20:58:46Z,redis-cart,38.0,300,0.8,0.12666666666666668,0
2026-09-29T20:58:47Z,frontend,217.16666666666666,1150,0.8,0.18884057971014492,0
2026-09-29T20:58:47Z,cartservice,396.0,600,0.95,0.66,0
2026-09-29T20:58:47Z,checkoutservice,6.0,800,0.8,0.0075,0
2026-09-29T20:58:47Z,productcatalogservice,227.0,600,0.95,0.37833333333333335,0
2026-09-29T20:58:47Z,paymentservice,0.0,200,0.8,0.0,0
2026-09-29T20:58:47Z,recommendationservice,1150.0,1150,0.8,1.0,1
2026-09-29T20:58:47Z,shippingservice,0.0,400,0.8,0.0,0
2026-09-29T20:58:47Z,currencyservice,411.0,650,0.8,0.6323076923076923,0
2026-09-29T20:58:47Z,emailservice,27.0,200,0.8,0.135,0
2026-09-29T20:58:47Z,adservice,46.0,600,0.8,0.07666666666666666,0
2026-09-29T20:58:47Z,redis-cart,38.0,300,0.8,0.12666666666666668,0
2026-09-29T20:58:48Z,frontend,202.16666666666666,1150,0.8,0.17579710144927535,0
2026-09-29T20:58:48Z,cartservice,379.0,600,0.95,0.6316666666666667,0
2026-09-29T20:58:48Z,checkoutservice,6.0,800,0.8,0.0075,0
2026-09-29T20:58:48Z,productcatalogservice,257.0,600,0.95,0.42833333333333334,0
2026-09-29T20:58:48Z,paymentservice,0.0,200,0.8,0.0,0
2026-09-29T20:58:48Z,recommendationservice,1145.0,1150,0.8,0.9956521739130435,1
2026-09-29T20:58:48Z,shippingservice,37.0,400,0.8,0.0925,0
2026-09-29T20:58:48Z,currencyservice,397.0,650,0.8,0.6107692307692307,0
2026-09-29T20:58:48Z,emailservice,0.0,200,0.8,0.0,0
2026-09-29T20:58:48Z,adservice,45.0,600,0.8,0.075,0
2026-09-29T20:58:48Z,redis-cart,36.0,300,0.8,0.12,0
2026-09-29T20:58:49Z,frontend,218.66666666666666,1150,0.8,0.19014492753623188,0
2026-09-29T20:58:49Z,cartservice,379.0,600,0.95,0.6316666666666667,0
2026-09-29T20:58:49Z,checkoutservice,67.0,800,0.8,0.08375,0
2026-09-29T20:58:49Z,productcatalogservice,296.0,600,0.95,0.49333333333333335,0
2026-09-29T20:58:49Z,paymentservice,4.0,200,0.8,0.02,0
2026-09-29T20:58:49Z,recommendationservice,1145.0,1150,0.8,0.9956521739130435,1
2026-09-29T20:58:49Z,shippingservice,42.0,400,0.8,0.105,0
2026-09-29T20:58:49Z,currencyservice,397.0,650,0.8,0.6107692307692307,0
2026-09-29T20:58:49Z,emailservice,0.0,200,0.8,0.0,0
2026-09-29T20:58:49Z,adservice,45.0,600,0.8,0.075,0
2026-09-29T20:58:49Z,redis-cart,37.0,300,0.8,0.12333333333333334,0
2026-09-29T20:58:50Z,frontend,229.66666666666666,1150,0.8,0.19971014492753622,0
2026-09-29T20:58:50Z,cartservice,438.0,600,0.95,0.73,0
2026-09-29T20:58:50Z,checkoutservice,482.0,800,0.8,0.6025,0
2026-09-29T20:58:50Z,productcatalogservice,296.0,600,0.95,0.49333333333333335,0
2026-09-29T20:58:50Z,paymentservice,22.0,200,0.8,0.11,0
2026-09-29T20:58:50Z,recommendationservice,1090.0,1150,0.8,0.9478260869565217,1
2026-09-29T20:58:50Z,shippingservice,42.0,400,0.8,0.105,0
2026-09-29T20:58:50Z,currencyservice,431.0,650,0.8,0.6630769230769231,0
2026-09-29T20:58:50Z,emailservice,32.0,200,0.8,0.16,0
2026-09-29T20:58:50Z,adservice,66.0,600,0.8,0.11,0
2026-09-29T20:58:50Z,redis-cart,40.0,300,0.8,0.13333333333333333,0
2026-09-29T20:58:51Z,frontend,254.33333333333334,1150,0.8,0.22115942028985508,0
2026-09-29T20:58:51Z,cartservice,428.0,600,0.95,0.7133333333333334,0
2026-09-29T20:58:51Z,checkoutservice,482.0,800,0.8,0.6025,0
2026-09-29T20:58:51Z,productcatalogservice,382.0,600,0.95,0.6366666666666667,0
2026-09-29T20:58:51Z,paymentservice,22.0,200,0.8,0.11,0
2026-09-29T20:58:51Z,recommendationservice,1090.0,1150,0.8,0.9478260869565217,1
2026-09-29T20:58:51Z,shippingservice,84.0,400,0.8,0.21,0
2026-09-29T20:58:51Z,currencyservice,431.0,650,0.8,0.6630769230769231,0
2026-09-29T20:58:51Z,emailservice,74.0,200,0.8,0.37,0
2026-09-29T20:58:51Z,adservice,66.0,600,0.8,0.11,0
2026-09-29T20:58:51Z,redis-cart,39.0,300,0.8,0.13,0
2026-09-29T20:58:52Z,frontend,216.83333333333334,1150,0.8,0.18855072463768116,0
2026-09-29T20:58:52Z,cartservice,428.0,600,0.95,0.7133333333333334,0
2026-09-29T20:58:52Z,checkoutservice,489.0,800,0.8,0.61125,0
2026-09-29T20:58:52Z,productcatalogservice,383.0,600,0.95,0.6383333333333333,0
2026-09-29T20:58:52Z,paymentservice,51.0,200,0.8,0.255,0
2026-09-29T20:58:52Z,recommendationservice,1042.0,1150,0.8,0.9060869565217391,1
2026-09-29T20:58:52Z,shippingservice,84.0,400,0.8,0.21,0
2026-09-29T20:58:52Z,currencyservice,472.0,650,0.8,0.7261538461538461,0
2026-09-29T20:58:52Z,emailservice,75.0,200,0.8,0.375,0
2026-09-29T20:58:52Z,adservice,132.0,600,0.8,0.22,0
2026-09-29T20:58:52Z,redis-cart,38.0,300,0.8,0.12666666666666668,0
2026-09-29T20:58:53Z,frontend,238.33333333333334,1150,0.8,0.20724637681159422,0
2026-09-29T20:58:53Z,cartservice,419.0,600,0.95,0.6983333333333334,0
2026-09-29T20:58:53Z,checkoutservice,201.0,800,0.8,0.25125,0
2026-09-29T20:58:53Z,productcatalogservice,339.0,600,0.95,0.565,0
2026-09-29T20:58:53Z,paymentservice,36.0,200,0.8,0.18,0
2026-09-29T20:58:53Z,recommendationservice,1109.0,1150,0.8,0.9643478260869566,1
2026-09-29T20:58:53Z,shippingservice,31.0,400,0.8,0.0775,0
2026-09-29T20:58:53Z,currencyservice,419.0,650,0.8,0.6446153846153846,0
2026-09-29T20:58:53Z,emailservice,75.0,200,0.8,0.375,0
2026-09-29T20:58:53Z,adservice,56.0,600,0.8,0.09333333333333334,0
2026-09-29T20:58:53Z,redis-cart,38.0,300,0.8,0.12666666666666668,0
2026-09-29T20:58:54Z,frontend,229.66666666666666,1150,0.8,0.19971014492753622,0
2026-09-29T20:58:54Z,cartservice,419.0,600,0.95,0.6983333333333334,0
2026-09-29T20:58:54Z,checkoutservice,201.0,800,0.8,0.25125,0
2026-09-29T20:58:54Z,productcatalogservice,339.0,600,0.95,0.565,0
2026-09-29T20:58:54Z,paymentservice,36.0,200,0.8,0.18,0
2026-09-29T20:58:54Z,recommendationservice,1160.0,1150,0.8,1.008695652173913,1
2026-09-29T20:58:54Z,shippingservice,18.0,400,0.8,0.045,0
2026-09-29T20:58:54Z,currencyservice,419.0,650,0.8,0.6446153846153846,0
2026-09-29T20:58:54Z,emailservice,18.0,200,0.8,0.09,0
2026-09-29T20:58:54Z,adservice,38.0,600,0.8,0.06333333333333334,0
2026-09-29T20:58:54Z,redis-cart,37.0,300,0.8,0.12333333333333334,0
2026-09-29T20:58:55Z,frontend,263.6666666666667,1150,0.8,0.2292753623188406,0
2026-09-29T20:58:55Z,cartservice,429.0,600,0.95,0.715,0
2026-09-29T20:58:55Z,checkoutservice,139.0,800,0.8,0.17375,0
2026-09-29T20:58:55Z,productcatalogservice,292.0,600,0.95,0.4866666666666667,0
2026-09-29T20:58:55Z,paymentservice,14.0,200,0.8,0.07,0
2026-09-29T20:58:55Z,recommendationservice,1160.0,1150,0.8,1.008695652173913,1
2026-09-29T20:58:55Z,shippingservice,38.0,400,0.8,0.095,0
2026-09-29T20:58:55Z,currencyservice,433.0,650,0.8,0.6661538461538462,0
2026-09-29T20:58:55Z,emailservice,28.0,200,0.8,0.14,0
2026-09-29T20:58:55Z,adservice,42.0,600,0.8,0.07,0
2026-09-29T20:58:55Z,redis-cart,37.0,300,0.8,0.12333333333333334,0
2026-09-29T20:58:56Z,frontend,309.8333333333333,1150,0.8,0.26942028985507244,0
2026-09-29T20:58:56Z,cartservice,429.0,600,0.95,0.715,0
2026-09-29T20:58:56Z,checkoutservice,139.0,800,0.8,0.17375,0
2026-09-29T20:58:56Z,productcatalogservice,292.0,600,0.95,0.4866666666666667,0
2026-09-29T20:58:56Z,paymentservice,14.0,200,0.8,0.07,0
2026-09-29T20:58:56Z,recommendationservice,802.0,1150,0.8,0.697391304347826,0
2026-09-29T20:58:56Z,shippingservice,135.0,400,0.8,0.3375,0
2026-09-29T20:58:56Z,currencyservice,433.0,650,0.8,0.6661538461538462,0
2026-09-29T20:58:56Z,emailservice,28.0,200,0.8,0.14,0
2026-09-29T20:58:56Z,adservice,42.0,600,0.8,0.07,0
2026-09-29T20:58:56Z,redis-cart,43.0,300,0.8,0.14333333333333334,0
2026-09-29T20:58:57Z,frontend,249.0,1150,0.8,0.2165217391304348,0
2026-09-29T20:58:57Z,cartservice,429.0,600,0.95,0.715,0
2026-09-29T20:58:57Z,checkoutservice,622.0,800,0.8,0.7775,0
2026-09-29T20:58:57Z,productcatalogservice,435.0,600,0.95,0.725,0
2026-09-29T20:58:57Z,paymentservice,53.0,200,0.8,0.265,0
2026-09-29T20:58:57Z,recommendationservice,802.0,1150,0.8,0.697391304347826,0
2026-09-29T20:58:57Z,shippingservice,135.0,400,0.8,0.3375,0
2026-09-29T20:58:57Z,currencyservice,561.0,650,0.8,0.8630769230769231,1
2026-09-29T20:58:57Z,emailservice,131.0,200,0.8,0.655,0
2026-09-29T20:58:57Z,adservice,129.0,600,0.8,0.215,0
2026-09-29T20:58:57Z,redis-cart,43.0,300,0.8,0.14333333333333334,0
2026-09-29T20:58:58Z,frontend,205.0,1150,0.8,0.1782608695652174,0
2026-09-29T20:58:58Z,cartservice,334.0,600,0.95,0.5566666666666666,0
2026-09-29T20:58:58Z,checkoutservice,158.0,800,0.8,0.1975,0
2026-09-29T20:58:58Z,productcatalogservice,323.0,600,0.95,0.5383333333333333,0
2026-09-29T20:58:58Z,paymentservice,53.0,200,0.8,0.265,0
2026-09-29T20:58:58Z,recommendationservice,1078.0,1150,0.8,0.9373913043478261,1
2026-09-29T20:58:58Z,shippingservice,29.0,400,0.8,0.0725,0
2026-09-29T20:58:58Z,currencyservice,561.0,650,0.8,0.8630769230769231,1
2026-09-29T20:58:58Z,emailservice,27.0,200,0.8,0.135,0
2026-09-29T20:58:58Z,adservice,62.0,600,0.8,0.10333333333333333,0
2026-09-29T20:58:58Z,redis-cart,37.0,300,0.8,0.12333333333333334,0
2026-09-29T20:58:59Z,frontend,207.5,1150,0.8,0.18043478260869567,0
2026-09-29T20:58:59Z,cartservice,334.0,600,0.95,0.5566666666666666,0
2026-09-29T20:58:59Z,checkoutservice,158.0,800,0.8,0.1975,0
2026-09-29T20:58:59Z,productcatalogservice,323.0,600,0.95,0.5383333333333333,0
2026-09-29T20:58:59Z,paymentservice,5.0,200,0.8,0.025,0
2026-09-29T20:58:59Z,recommendationservice,0.0,1150,0.8,0.0,0
2026-09-29T20:58:59Z,shippingservice,59.0,400,0.8,0.1475,0
2026-09-29T20:58:59Z,currencyservice,402.0,650,0.8,0.6184615384615385,0
2026-09-29T20:58:59Z,emailservice,0.0,200,0.8,0.0,0
2026-09-29T20:58:59Z,adservice,62.0,600,0.8,0.10333333333333333,0
2026-09-29T20:58:59Z,redis-cart,36.0,300,0.8,0.12,0
2026-09-29T20:59:00Z,frontend,216.0,1150,0.8,0.18782608695652173,0
2026-09-29T20:59:00Z,cartservice,365.0,600,0.95,0.6083333333333333,0
2026-09-29T20:59:00Z,checkoutservice,9.0,800,0.8,0.01125,0
2026-09-29T20:59:00Z,productcatalogservice,263.0,600,0.95,0.43833333333333335,0
2026-09-29T20:59:00Z,paymentservice,0.0,200,0.8,0.0,0
2026-09-29T20:59:00Z,recommendationservice,0.0,1150,0.8,0.0,0
2026-09-29T20:59:00Z,shippingservice,59.0,400,0.8,0.1475,0
2026-09-29T20:59:00Z,currencyservice,402.0,650,0.8,0.6184615384615385,0
2026-09-29T20:59:00Z,emailservice,0.0,200,0.8,0.0,0
2026-09-29T20:59:00Z,adservice,36.0,600,0.8,0.06,0
2026-09-29T20:59:00Z,redis-cart,36.0,300,0.8,0.12,0
2026-09-29T20:59:01Z,frontend,211.16666666666666,1150,0.8,0.18362318840579708,0
2026-09-29T20:59:01Z,cartservice,365.0,600,0.95,0.6083333333333333,0
2026-09-29T20:59:01Z,checkoutservice,9.0,800,0.8,0.01125,0
2026-09-29T20:59:01Z,productcatalogservice,207.0,600,0.95,0.345,0
2026-09-29T20:59:01Z,paymentservice,0.0,200,0.8,0.0,0
2026-09-29T20:59:01Z,recommendationservice,460.0,1150,0.8,0.4,0
2026-09-29T20:59:01Z,shippingservice,0.0,400,0.8,0.0,0
2026-09-29T20:59:01Z,currencyservice,402.0,650,0.8,0.6184615384615385,0
2026-09-29T20:59:01Z,emailservice,0.0,200,0.8,0.0,0
2026-09-29T20:59:01Z,adservice,37.0,600,0.8,0.06166666666666667,0
2026-09-29T20:59:01Z,redis-cart,39.0,300,0.8,0.13,0
2026-09-29T20:59:02Z,frontend,276.1666666666667,1150,0.8,0.2401449275362319,0
2026-09-29T20:59:02Z,cartservice,386.0,600,0.95,0.6433333333333333,0
2026-09-29T20:59:02Z,checkoutservice,468.0,800,0.8,0.585,0
2026-09-29T20:59:02Z,productcatalogservice,207.0,600,0.95,0.345,0
2026-09-29T20:59:02Z,paymentservice,66.0,200,0.8,0.33,0
2026-09-29T20:59:02Z,recommendationservice,460.0,1150,0.8,0.4,0
2026-09-29T20:59:02Z,shippingservice,0.0,400,0.8,0.0,0
2026-09-29T20:59:02Z,currencyservice,481.0,650,0.8,0.74,0
2026-09-29T20:59:02Z,emailservice,109.0,200,0.8,0.545,0
2026-09-29T20:59:02Z,adservice,37.0,600,0.8,0.06166666666666667,0
2026-09-29T20:59:02Z,redis-cart,39.0,300,0.8,0.13,0
2026-09-29T20:59:03Z,frontend,246.66666666666666,1150,0.8,0.2144927536231884,0
2026-09-29T20:59:03Z,cartservice,386.0,600,0.95,0.6433333333333333,0
2026-09-29T20:59:03Z,checkoutservice,120.0,800,0.8,0.15,0
2026-09-29T20:59:03Z,productcatalogservice,392.0,600,0.95,0.6533333333333333,0
2026-09-29T20:59:03Z,paymentservice,66.0,200,0.8,0.33,0
2026-09-29T20:59:03Z,recommendationservice,1014.0,1150,0.8,0.8817391304347826,1
2026-09-29T20:59:03Z,shippingservice,77.0,400,0.8,0.1925,0
2026-09-29T20:59:03Z,currencyservice,376.0,650,0.8,0.5784615384615385,0
2026-09-29T20:59:03Z,emailservice,109.0,200,0.8,0.545,0
2026-09-29T20:59:03Z,adservice,93.0,600,0.8,0.155,0
2026-09-29T20:59:03Z,redis-cart,36.0,300,0.8,0.12,0
2026-09-29T20:59:04Z,frontend,169.5,1150,0.8,0.14739130434782607,0
2026-09-29T20:59:04Z,cartservice,288.0,600,0.95,0.48,0
2026-09-29T20:59:04Z,checkoutservice,120.0,800,0.8,0.15,0
2026-09-29T20:59:04Z,productcatalogservice,392.0,600,0.95,0.6533333333333333,0
2026-09-29T20:59:04Z,paymentservice,8.0,200,0.8,0.04,0
2026-09-29T20:59:04Z,recommendationservice,1133.0,1150,0.8,0.9852173913043478,1
2026-09-29T20:59:04Z,shippingservice,18.0,400,0.8,0.045,0
2026-09-29T20:59:04Z,currencyservice,376.0,650,0.8,0.5784615384615385,0
2026-09-29T20:59:04Z,emailservice,13.0,200,0.8,0.065,0
2026-09-29T20:59:04Z,adservice,60.0,600,0.8,0.1,0
2026-09-29T20:59:04Z,redis-cart,37.0,300,0.8,0.12333333333333334,0
2026-09-29T20:59:05Z,frontend,213.16666666666666,1150,0.8,0.18536231884057972,0
2026-09-29T20:59:05Z,cartservice,288.0,600,0.95,0.48,0
2026-09-29T20:59:05Z,checkoutservice,7.0,800,0.8,0.00875,0
2026-09-29T20:59:05Z,productcatalogservice,297.0,600,0.95,0.495,0
2026-09-29T20:59:05Z,paymentservice,0.0,200,0.8,0.0,0
2026-09-29T20:59:05Z,recommendationservice,1133.0,1150,0.8,0.9852173913043478,1
2026-09-29T20:59:05Z,shippingservice,0.0,400,0.8,0.0,0
2026-09-29T20:59:05Z,currencyservice,422.0,650,0.8,0.6492307692307693,0
2026-09-29T20:59:05Z,emailservice,0.0,200,0.8,0.0,0
2026-09-29T20:59:05Z,adservice,46.0,600,0.8,0.07666666666666666,0
2026-09-29T20:59:05Z,redis-cart,37.0,300,0.8,0.12333333333333334,0
2026-09-29T20:59:06Z,frontend,200.83333333333334,1150,0.8,0.1746376811594203,0
2026-09-29T20:59:06Z,cartservice,352.0,600,0.95,0.5866666666666667,0
2026-09-29T20:59:06Z,checkoutservice,0.0,800,0.8,0.0,0
2026-09-29T20:59:06Z,productcatalogservice,297.0,600,0.95,0.495,0
2026-09-29T20:59:06Z,paymentservice,0.0,200,0.8,0.0,0
2026-09-29T20:59:06Z,recommendationservice,1148.0,1150,0.8,0.9982608695652174,1
2026-09-29T20:59:06Z,shippingservice,0.0,400,0.8,0.0,0
2026-09-29T20:59:06Z,currencyservice,422.0,650,0.8,0.6492307692307693,0
2026-09-29T20:59:06Z,emailservice,42.0,200,0.8,0.21,0
2026-09-29T20:59:06Z,adservice,46.0,600,0.8,0.07666666666666666,0
2026-09-29T20:59:06Z,redis-cart,36.0,300,0.8,0.12,0
2026-09-29T20:59:07Z,frontend,186.83333333333334,1150,0.8,0.16246376811594204,0
2026-09-29T20:59:07Z,cartservice,318.0,600,0.95,0.53,0
2026-09-29T20:59:07Z,checkoutservice,0.0,800,0.8,0.0,0
2026-09-29T20:59:07Z,productcatalogservice,224.0,600,0.95,0.37333333333333335,0
2026-09-29T20:59:07Z,paymentservice,0.0,200,0.8,0.0,0
2026-09-29T20:59:07Z,recommendationservice,1145.0,1150,0.8,0.9956521739130435,1
2026-09-29T20:59:07Z,shippingservice,0.0,400,0.8,0.0,0
2026-09-29T20:59:07Z,currencyservice,333.0,650,0.8,0.5123076923076924,0
2026-09-29T20:59:07Z,emailservice,42.0,200,0.8,0.21,0
2026-09-29T20:59:07Z,adservice,102.0,600,0.8,0.17,0
2026-09-29T20:59:07Z,redis-cart,36.0,300,0.8,0.12,0
2026-09-29T20:59:08Z,frontend,201.33333333333334,1150,0.8,0.17507246376811594,0
2026-09-29T20:59:08Z,cartservice,318.0,600,0.95,0.53,0
2026-09-29T20:59:08Z,checkoutservice,0.0,800,0.8,0.0,0
2026-09-29T20:59:08Z,productcatalogservice,224.0,600,0.95,0.37333333333333335,0
2026-09-29T20:59:08Z,paymentservice,0.0,200,0.8,0.0,0
2026-09-29T20:59:08Z,recommendationservice,1145.0,1150,0.8,0.9956521739130435,1
2026-09-29T20:59:08Z,shippingservice,30.0,400,0.8,0.075,0
2026-09-29T20:59:08Z,currencyservice,333.0,650,0.8,0.5123076923076924,0
2026-09-29T20:59:08Z,emailservice,0.0,200,0.8,0.0,0
2026-09-29T20:59:08Z,adservice,49.0,600,0.8,0.08166666666666667,0
2026-09-29T20:59:08Z,redis-cart,36.0,300,0.8,0.12,0
2026-09-29T20:59:09Z,frontend,190.33333333333334,1150,0.8,0.1655072463768116,0
2026-09-29T20:59:09Z,cartservice,384.0,600,0.95,0.64,0
2026-09-29T20:59:09Z,checkoutservice,0.0,800,0.8,0.0,0
2026-09-29T20:59:09Z,productcatalogservice,259.0,600,0.95,0.43166666666666664,0
2026-09-29T20:59:09Z,paymentservice,0.0,200,0.8,0.0,0
2026-09-29T20:59:09Z,recommendationservice,1158.0,1150,0.8,1.0069565217391305,1
2026-09-29T20:59:09Z,shippingservice,30.0,400,0.8,0.075,0
2026-09-29T20:59:09Z,currencyservice,378.0,650,0.8,0.5815384615384616,0
2026-09-29T20:59:09Z,emailservice,0.0,200,0.8,0.0,0
2026-09-29T20:59:09Z,adservice,39.0,600,0.8,0.065,0
2026-09-29T20:59:09Z,redis-cart,34.0,300,0.8,0.11333333333333333,0
2026-09-29T20:59:10Z,frontend,198.5,1150,0.8,0.1726086956521739,0
2026-09-29T20:59:10Z,cartservice,384.0,600,0.95,0.64,0
2026-09-29T20:59:10Z,checkoutservice,56.0,800,0.8,0.07,0
2026-09-29T20:59:10Z,productcatalogservice,269.0,600,0.95,0.4483333333333333,0
2026-09-29T20:59:10Z,paymentservice,0.0,200,0.8,0.0,0
2026-09-29T20:59:10Z,recommendationservice,1143.0,1150,0.8,0.9939130434782608,1
2026-09-29T20:59:10Z,shippingservice,4.0,400,0.8,0.01,0
2026-09-29T20:59:10Z,currencyservice,353.0,650,0.8,0.5430769230769231,0
2026-09-29T20:59:10Z,emailservice,10.0,200,0.8,0.05,0
2026-09-29T20:59:10Z,adservice,47.0,600,0.8,0.07833333333333334,0
2026-09-29T20:59:10Z,redis-cart,35.0,300,0.8,0.11666666666666667,0
2026-09-29T20:59:11Z,frontend,193.5,1150,0.8,0.16826086956521738,0
2026-09-29T20:59:11Z,cartservice,394.0,600,0.95,0.6566666666666666,0
2026-09-29T20:59:11Z,checkoutservice,109.0,800,0.8,0.13625,0
2026-09-29T20:59:11Z,productcatalogservice,251.0,600,0.95,0.41833333333333333,0
2026-09-29T20:59:11Z,paymentservice,3.0,200,0.8,0.015,0
2026-09-29T20:59:11Z,recommendationservice,1118.0,1150,0.8,0.9721739130434782,1
2026-09-29T20:59:11Z,shippingservice,4.0,400,0.8,0.01,0
2026-09-29T20:59:11Z,currencyservice,453.0,650,0.8,0.696923076923077,0
2026-09-29T20:59:11Z,emailservice,10.0,200,0.8,0.05,0
2026-09-29T20:59:11Z,adservice,47.0,600,0.8,0.07833333333333334,0
2026-09-29T20:59:11Z,redis-cart,35.0,300,0.8,0.11666666666666667,0
2026-09-29T20:59:12Z,frontend,238.16666666666666,1150,0.8,0.2071014492753623,0
2026-09-29T20:59:12Z,cartservice,394.0,600,0.95,0.6566666666666666,0
2026-09-29T20:59:12Z,checkoutservice,109.0,800,0.8,0.13625,0
2026-09-29T20:59:12Z,productcatalogservice,251.0,600,0.95,0.41833333333333333,0
2026-09-29T20:59:12Z,paymentservice,24.0,200,0.8,0.12,0
2026-09-29T20:59:12Z,recommendationservice,1118.0,1150,0.8,0.9721739130434782,1
2026-09-29T20:59:12Z,shippingservice,0.0,400,0.8,0.0,0
2026-09-29T20:59:12Z,currencyservice,453.0,650,0.8,0.696923076923077,0
2026-09-29T20:59:12Z,emailservice,51.0,200,0.8,0.255,0
2026-09-29T20:59:12Z,adservice,81.0,600,0.8,0.135,0
2026-09-29T20:59:12Z,redis-cart,48.0,300,0.8,0.16,0
2026-09-29T20:59:13Z,frontend,263.3333333333333,1150,0.8,0.22898550724637678,0
2026-09-29T20:59:13Z,cartservice,459.0,600,0.95,0.765,0
2026-09-29T20:59:13Z,checkoutservice,9.0,800,0.8,0.01125,0
2026-09-29T20:59:13Z,productcatalogservice,190.0,600,0.95,0.31666666666666665,0
2026-09-29T20:59:13Z,paymentservice,24.0,200,0.8,0.12,0
2026-09-29T20:59:13Z,recommendationservice,1121.0,1150,0.8,0.9747826086956521,1
2026-09-29T20:59:13Z,shippingservice,0.0,400,0.8,0.0,0
2026-09-29T20:59:13Z,currencyservice,520.0,650,0.8,0.8,0
2026-09-29T20:59:13Z,emailservice,51.0,200,0.8,0.255,0
2026-09-29T20:59:13Z,adservice,81.0,600,0.8,0.135,0
2026-09-29T20:59:13Z,redis-cart,48.0,300,0.8,0.16,0
2026-09-29T20:59:14Z,frontend,267.3333333333333,1150,0.8,0.23246376811594202,0
2026-09-29T20:59:14Z,cartservice,376.0,600,0.95,0.6266666666666667,0
2026-09-29T20:59:14Z,checkoutservice,9.0,800,0.8,0.01125,0
2026-09-29T20:59:14Z,productcatalogservice,190.0,600,0.95,0.31666666666666665,0
2026-09-29T20:59:14Z,paymentservice,28.0,200,0.8,0.14,0
2026-09-29T20:59:14Z,recommendationservice,1156.0,1150,0.8,1.0052173913043478,1
2026-09-29T20:59:14Z,shippingservice,23.0,400,0.8,0.0575,0
2026-09-29T20:59:14Z,currencyservice,409.0,650,0.8,0.6292307692307693,0
2026-09-29T20:59:14Z,emailservice,3.0,200,0.8,0.015,0
2026-09-29T20:59:14Z,adservice,76.0,600,0.8,0.12666666666666668,0
2026-09-29T20:59:14Z,redis-cart,43.0,300,0.8,0.14333333333333334,0
2026-09-29T20:59:15Z,frontend,240.66666666666666,1150,0.8,0.20927536231884056,0
2026-09-29T20:59:15Z,cartservice,376.0,600,0.95,0.6266666666666667,0
2026-09-29T20:59:15Z,checkoutservice,0.0,800,0.8,0.0,0
2026-09-29T20:59:15Z,productcatalogservice,162.0,600,0.95,0.27,0
2026-09-29T20:59:15Z,paymentservice,0.0,200,0.8,0.0,0
2026-09-29T20:59:15Z,recommendationservice,1149.0,1150,0.8,0.9991304347826087,1
2026-09-29T20:59:15Z,shippingservice,0.0,400,0.8,0.0,0
2026-09-29T20:59:15Z,currencyservice,442.0,650,0.8,0.68,0
2026-09-29T20:59:15Z,emailservice,3.0,200,0.8,0.015,0
2026-09-29T20:59:15Z,adservice,70.0,600,0.8,0.11666666666666667,0
2026-09-29T20:59:15Z,redis-cart,43.0,300,0.8,0.14333333333333334,0
2026-09-29T20:59:16Z,frontend,251.33333333333334,1150,0.8,0.21855072463768116,0
2026-09-29T20:59:16Z,cartservice,440.0,600,0.95,0.7333333333333333,0
2026-09-29T20:59:16Z,checkoutservice,0.0,800,0.8,0.0,0
2026-09-29T20:59:16Z,productcatalogservice,191.0,600,0.95,0.31833333333333336,0
2026-09-29T20:59:16Z,paymentservice,0.0,200,0.8,0.0,0
2026-09-29T20:59:16Z,recommendationservice,1149.0,1150,0.8,0.9991304347826087,1
2026-09-29T20:59:16Z,shippingservice,0.0,400,0.8,0.0,0
2026-09-29T20:59:16Z,currencyservice,442.0,650,0.8,0.68,0
2026-09-29T20:59:16Z,emailservice,3.0,200,0.8,0.015,0
2026-09-29T20:59:16Z,adservice,72.0,600,0.8,0.12,0
2026-09-29T20:59:16Z,redis-cart,42.0,300,0.8,0.14,0
2026-09-29T20:59:17Z,frontend,224.0,1150,0.8,0.19478260869565217,0
2026-09-29T20:59:17Z,cartservice,440.0,600,0.95,0.7333333333333333,0
2026-09-29T20:59:17Z,checkoutservice,28.0,800,0.8,0.035,0
2026-09-29T20:59:17Z,productcatalogservice,191.0,600,0.95,0.31833333333333336,0
2026-09-29T20:59:17Z,paymentservice,0.0,200,0.8,0.0,0
2026-09-29T20:59:17Z,recommendationservice,1150.0,1150,0.8,1.0,1
2026-09-29T20:59:17Z,shippingservice,0.0,400,0.8,0.0,0
2026-09-29T20:59:17Z,currencyservice,442.0,650,0.8,0.68,0
2026-09-29T20:59:17Z,emailservice,44.0,200,0.8,0.22,0
2026-09-29T20:59:17Z,adservice,72.0,600,0.8,0.12,0
2026-09-29T20:59:17Z,redis-cart,42.0,300,0.8,0.14,0
2026-09-29T20:59:18Z,frontend,205.5,1150,0.8,0.17869565217391303,0
2026-09-29T20:59:18Z,cartservice,431.0,600,0.95,0.7183333333333334,0
2026-09-29T20:59:18Z,checkoutservice,11.0,800,0.8,0.01375,0
2026-09-29T20:59:18Z,productcatalogservice,185.0,600,0.95,0.30833333333333335,0
2026-09-29T20:59:18Z,paymentservice,0.0,200,0.8,0.0,0
2026-09-29T20:59:18Z,recommendationservice,1150.0,1150,0.8,1.0,1
2026-09-29T20:59:18Z,shippingservice,34.0,400,0.8,0.085,0
2026-09-29T20:59:18Z,currencyservice,430.0,650,0.8,0.6615384615384615,0
2026-09-29T20:59:18Z,emailservice,44.0,200,0.8,0.22,0
2026-09-29T20:59:18Z,adservice,58.0,600,0.8,0.09666666666666666,0
2026-09-29T20:59:18Z,redis-cart,41.0,300,0.8,0.13666666666666666,0
2026-09-29T20:59:19Z,frontend,229.5,1150,0.8,0.19956521739130434,0
2026-09-29T20:59:19Z,cartservice,441.0,600,0.95,0.735,0
2026-09-29T20:59:19Z,checkoutservice,11.0,800,0.8,0.01375,0
2026-09-29T20:59:19Z,productcatalogservice,174.0,600,0.95,0.29,0
2026-09-29T20:59:19Z,paymentservice,0.0,200,0.8,0.0,0
2026-09-29T20:59:19Z,recommendationservice,1148.0,1150,0.8,0.9982608695652174,1
2026-09-29T20:59:19Z,shippingservice,34.0,400,0.8,0.085,0
2026-09-29T20:59:19Z,currencyservice,430.0,650,0.8,0.6615384615384615,0
2026-09-29T20:59:19Z,emailservice,4.0,200,0.8,0.02,0
2026-09-29T20:59:19Z,adservice,58.0,600,0.8,0.09666666666666666,0
2026-09-29T20:59:19Z,redis-cart,46.0,300,0.8,0.15333333333333332,0
2026-09-29T20:59:20Z,frontend,331.8333333333333,1150,0.8,0.28855072463768117,0
2026-09-29T20:59:20Z,cartservice,386.0,600,0.95,0.6433333333333333,0
2026-09-29T20:59:20Z,checkoutservice,0.0,800,0.8,0.0,0
2026-09-29T20:59:20Z,productcatalogservice,174.0,600,0.95,0.29,0
2026-09-29T20:59:20Z,paymentservice,0.0,200,0.8,0.0,0
2026-09-29T20:59:20Z,recommendationservice,777.0,1150,0.8,0.6756521739130434,0
2026-09-29T20:59:20Z,shippingservice,0.0,400,0.8,0.0,0
2026-09-29T20:59:20Z,currencyservice,582.0,650,0.8,0.8953846153846153,1
2026-09-29T20:59:20Z,emailservice,3.0,200,0.8,0.015,0
2026-09-29T20:59:20Z,adservice,65.0,600,0.8,0.10833333333333334,0
2026-09-29T20:59:20Z,redis-cart,46.0,300,0.8,0.15333333333333332,0
2026-09-29T20:59:21Z,frontend,369.5,1150,0.8,0.32130434782608697,0
2026-09-29T20:59:21Z,cartservice,386.0,600,0.95,0.6433333333333333,0
2026-09-29T20:59:21Z,checkoutservice,63.0,800,0.8,0.07875,0
2026-09-29T20:59:21Z,productcatalogservice,266.0,600,0.95,0.44333333333333336,0
2026-09-29T20:59:21Z,paymentservice,0.0,200,0.8,0.0,0
2026-09-29T20:59:21Z,recommendationservice,777.0,1150,0.8,0.6756521739130434,0
2026-09-29T20:59:21Z,shippingservice,0.0,400,0.8,0.0,0
2026-09-29T20:59:21Z,currencyservice,582.0,650,0.8,0.8953846153846153,1
2026-09-29T20:59:21Z,emailservice,3.0,200,0.8,0.015,0
2026-09-29T20:59:21Z,adservice,69.0,600,0.8,0.115,0
2026-09-29T20:59:21Z,redis-cart,35.0,300,0.8,0.11666666666666667,0
2026-09-29T20:59:22Z,frontend,352.8333333333333,1150,0.8,0.30681159420289855,0
2026-09-29T20:59:22Z,cartservice,376.0,600,0.95,0.6266666666666667,0
2026-09-29T20:59:22Z,checkoutservice,20.0,800,0.8,0.025,0
2026-09-29T20:59:22Z,productcatalogservice,251.0,600,0.95,0.41833333333333333,0
2026-09-29T20:59:22Z,paymentservice,0.0,200,0.8,0.0,0
2026-09-29T20:59:22Z,recommendationservice,6.0,1150,0.8,0.0052173913043478265,0
2026-09-29T20:59:22Z,shippingservice,0.0,400,0.8,0.0,0
2026-09-29T20:59:22Z,currencyservice,573.0,650,0.8,0.8815384615384615,1
2026-09-29T20:59:22Z,emailservice,40.0,200,0.8,0.2,0
2026-09-29T20:59:22Z,adservice,69.0,600,0.8,0.115,0
2026-09-29T20:59:22Z,redis-cart,44.0,300,0.8,0.14666666666666667,0
2026-09-29T20:59:23Z,frontend,317.8333333333333,1150,0.8,0.2763768115942029,0
2026-09-29T20:59:23Z,cartservice,432.0,600,0.95,0.72,0
2026-09-29T20:59:23Z,checkoutservice,20.0,800,0.8,0.025,0
2026-09-29T20:59:23Z,productcatalogservice,251.0,600,0.95,0.41833333333333333,0
2026-09-29T20:59:23Z,paymentservice,36.0,200,0.8,0.18,0
2026-09-29T20:59:23Z,recommendationservice,6.0,1150,0.8,0.0052173913043478265,0
2026-09-29T20:59:23Z,shippingservice,20.0,400,0.8,0.05,0
2026-09-29T20:59:23Z,currencyservice,577.0,650,0.8,0.8876923076923077,1
2026-09-29T20:59:23Z,emailservice,40.0,200,0.8,0.2,0
2026-09-29T20:59:23Z,adservice,99.0,600,0.8,0.165,0
2026-09-29T20:59:23Z,redis-cart,39.0,300,0.8,0.13,0
2026-09-29T20:59:24Z,frontend,327.8333333333333,1150,0.8,0.2850724637681159,0
2026-09-29T20:59:24Z,cartservice,412.0,600,0.95,0.6866666666666666,0
2026-09-29T20:59:24Z,checkoutservice,287.0,800,0.8,0.35875,0
2026-09-29T20:59:24Z,productcatalogservice,334.0,600,0.95,0.5566666666666666,0
2026-09-29T20:59:24Z,paymentservice,36.0,200,0.8,0.18,0
2026-09-29T20:59:24Z,recommendationservice,0.0,1150,0.8,0.0,0
2026-09-29T20:59:24Z,shippingservice,20.0,400,0.8,0.05,0
2026-09-29T20:59:24Z,currencyservice,577.0,650,0.8,0.8876923076923077,1
2026-09-29T20:59:24Z,emailservice,20.0,200,0.8,0.1,0
2026-09-29T20:59:24Z,adservice,84.0,600,0.8,0.14,0
2026-09-29T20:59:24Z,redis-cart,39.0,300,0.8,0.13,0
2026-09-29T20:59:25Z,frontend,321.5,1150,0.8,0.27956521739130435,0
2026-09-29T20:59:25Z,cartservice,412.0,600,0.95,0.6866666666666666,0
2026-09-29T20:59:25Z,checkoutservice,226.0,800,0.8,0.2825,0
2026-09-29T20:59:25Z,productcatalogservice,225.0,600,0.95,0.375,0
2026-09-29T20:59:25Z,paymentservice,37.0,200,0.8,0.185,0
2026-09-29T20:59:25Z,recommendationservice,0.0,1150,0.8,0.0,0
2026-09-29T20:59:25Z,shippingservice,82.0,400,0.8,0.205,0
2026-09-29T20:59:25Z,currencyservice,617.0,650,0.8,0.9492307692307692,1
2026-09-29T20:59:25Z,emailservice,69.0,200,0.8,0.345,0
2026-09-29T20:59:25Z,adservice,82.0,600,0.8,0.13666666666666666,0
2026-09-29T20:59:25Z,redis-cart,44.0,300,0.8,0.14666666666666667,0
2026-09-29T20:59:26Z,frontend,318.6666666666667,1150,0.8,0.27710144927536234,0
2026-09-29T20:59:26Z,cartservice,423.0,600,0.95,0.705,0
2026-09-29T20:59:26Z,checkoutservice,226.0,800,0.8,0.2825,0
2026-09-29T20:59:26Z,productcatalogservice,225.0,600,0.95,0.375,0
2026-09-29T20:59:26Z,paymentservice,37.0,200,0.8,0.185,0
2026-09-29T20:59:26Z,recommendationservice,0.0,1150,0.8,0.0,0
2026-09-29T20:59:26Z,shippingservice,0.0,400,0.8,0.0,0
2026-09-29T20:59:26Z,currencyservice,524.0,650,0.8,0.8061538461538461,1
2026-09-29T20:59:26Z,emailservice,47.0,200,0.8,0.235,0
2026-09-29T20:59:26Z,adservice,82.0,600,0.8,0.13666666666666666,0
2026-09-29T20:59:26Z,redis-cart,46.0,300,0.8,0.15333333333333332,0
2026-09-29T20:59:27Z,frontend,311.5,1150,0.8,0.2708695652173913,0
2026-09-29T20:59:27Z,cartservice,423.0,600,0.95,0.705,0
2026-09-29T20:59:27Z,checkoutservice,0.0,800,0.8,0.0,0
2026-09-29T20:59:27Z,productcatalogservice,231.0,600,0.95,0.385,0
2026-09-29T20:59:27Z,paymentservice,0.0,200,0.8,0.0,0
2026-09-29T20:59:27Z,recommendationservice,0.0,1150,0.8,0.0,0
2026-09-29T20:59:27Z,shippingservice,0.0,400,0.8,0.0,0
2026-09-29T20:59:27Z,currencyservice,524.0,650,0.8,0.8061538461538461,1
2026-09-29T20:59:27Z,emailservice,47.0,200,0.8,0.235,0
2026-09-29T20:59:27Z,adservice,66.0,600,0.8,0.11,0
2026-09-29T20:59:27Z,redis-cart,46.0,300,0.8,0.15333333333333332,0
2026-09-29T20:59:28Z,frontend,308.0,1150,0.8,0.2678260869565217,0
2026-09-29T20:59:28Z,cartservice,429.0,600,0.95,0.715,0
2026-09-29T20:59:28Z,checkoutservice,0.0,800,0.8,0.0,0
2026-09-29T20:59:28Z,productcatalogservice,203.0,600,0.95,0.3383333333333333,0
2026-09-29T20:59:28Z,paymentservice,0.0,200,0.8,0.0,0
2026-09-29T20:59:28Z,recommendationservice,0.0,1150,0.8,0.0,0
2026-09-29T20:59:28Z,shippingservice,0.0,400,0.8,0.0,0
2026-09-29T20:59:28Z,currencyservice,551.0,650,0.8,0.8476923076923077,1
2026-09-29T20:59:28Z,emailservice,0.0,200,0.8,0.0,0
2026-09-29T20:59:28Z,adservice,52.0,600,0.8,0.08666666666666667,0
2026-09-29T20:59:28Z,redis-cart,47.0,300,0.8,0.15666666666666668,0
2026-09-29T20:59:29Z,frontend,302.8333333333333,1150,0.8,0.2633333333333333,0
2026-09-29T20:59:29Z,cartservice,429.0,600,0.95,0.715,0
2026-09-29T20:59:29Z,checkoutservice,0.0,800,0.8,0.0,0
2026-09-29T20:59:29Z,productcatalogservice,203.0,600,0.95,0.3383333333333333,0
2026-09-29T20:59:29Z,paymentservice,0.0,200,0.8,0.0,0
2026-09-29T20:59:29Z,recommendationservice,0.0,1150,0.8,0.0,0
2026-09-29T20:59:29Z,shippingservice,26.0,400,0.8,0.065,0
2026-09-29T20:59:29Z,currencyservice,583.0,650,0.8,0.8969230769230769,1
2026-09-29T20:59:29Z,emailservice,3.0,200,0.8,0.015,0
2026-09-29T20:59:29Z,adservice,52.0,600,0.8,0.08666666666666667,0
2026-09-29T20:59:29Z,redis-cart,42.0,300,0.8,0.14,0
2026-09-29T20:59:30Z,frontend,343.8333333333333,1150,0.8,0.2989855072463768,0
2026-09-29T20:59:30Z,cartservice,392.0,600,0.95,0.6533333333333333,0
2026-09-29T20:59:30Z,checkoutservice,3.0,800,0.8,0.00375,0
2026-09-29T20:59:30Z,productcatalogservice,238.0,600,0.95,0.39666666666666667,0
2026-09-29T20:59:30Z,paymentservice,0.0,200,0.8,0.0,0
2026-09-29T20:59:30Z,recommendationservice,0.0,1150,0.8,0.0,0
2026-09-29T20:59:30Z,shippingservice,26.0,400,0.8,0.065,0
2026-09-29T20:59:30Z,currencyservice,556.0,650,0.8,0.8553846153846154,1
2026-09-29T20:59:30Z,emailservice,3.0,200,0.8,0.015,0
2026-09-29T20:59:30Z,adservice,70.0,600,0.8,0.11666666666666667,0
2026-09-29T20:59:30Z,redis-cart,42.0,300,0.8,0.14,0
2026-09-29T20:59:31Z,frontend,336.5,1150,0.8,0.2926086956521739,0
2026-09-29T20:59:31Z,cartservice,392.0,600,0.95,0.6533333333333333,0
2026-09-29T20:59:31Z,checkoutservice,3.0,800,0.8,0.00375,0
2026-09-29T20:59:31Z,productcatalogservice,218.0,600,0.95,0.36333333333333334,0
2026-09-29T20:59:31Z,paymentservice,0.0,200,0.8,0.0,0
2026-09-29T20:59:31Z,recommendationservice,0.0,1150,0.8,0.0,0
2026-09-29T20:59:31Z,shippingservice,0.0,400,0.8,0.0,0
2026-09-29T20:59:31Z,currencyservice,556.0,650,0.8,0.8553846153846154,1
2026-09-29T20:59:31Z,emailservice,3.0,200,0.8,0.015,0
2026-09-29T20:59:31Z,adservice,52.0,600,0.8,0.08666666666666667,0
2026-09-29T20:59:31Z,redis-cart,44.0,300,0.8,0.14666666666666667,0
2026-09-29T20:59:32Z,frontend,277.1666666666667,1150,0.8,0.24101449275362322,0
2026-09-29T20:59:32Z,cartservice,408.0,600,0.95,0.68,0
2026-09-29T20:59:32Z,checkoutservice,35.0,800,0.8,0.04375,0
2026-09-29T20:59:32Z,productcatalogservice,239.0,600,0.95,0.3983333333333333,0
2026-09-29T20:59:32Z,paymentservice,0.0,200,0.8,0.0,0
2026-09-29T20:59:32Z,recommendationservice,0.0,1150,0.8,0.0,0
2026-09-29T20:59:32Z,shippingservice,0.0,400,0.8,0.0,0
2026-09-29T20:59:32Z,currencyservice,557.0,650,0.8,0.8569230769230769,1
2026-09-29T20:59:32Z,emailservice,45.0,200,0.8,0.225,0
2026-09-29T20:59:32Z,adservice,52.0,600,0.8,0.08666666666666667,0
2026-09-29T20:59:32Z,redis-cart,44.0,300,0.8,0.14666666666666667,0
2026-09-29T20:59:33Z,frontend,262.3333333333333,1150,0.8,0.2281159420289855,0
2026-09-29T20:59:33Z,cartservice,399.0,600,0.95,0.665,0
2026-09-29T20:59:33Z,checkoutservice,35.0,800,0.8,0.04375,0
2026-09-29T20:59:33Z,productcatalogservice,181.0,600,0.95,0.3016666666666667,0
2026-09-29T20:59:33Z,paymentservice,25.0,200,0.8,0.125,0
2026-09-29T20:59:33Z,recommendationservice,0.0,1150,0.8,0.0,0
2026-09-29T20:59:33Z,shippingservice,0.0,400,0.8,0.0,0
2026-09-29T20:59:33Z,currencyservice,557.0,650,0.8,0.8569230769230769,1
2026-09-29T20:59:33Z,emailservice,45.0,200,0.8,0.225,0
2026-09-29T20:59:33Z,adservice,43.0,600,0.8,0.07166666666666667,0
2026-09-29T20:59:33Z,redis-cart,45.0,300,0.8,0.15,0
2026-09-29T20:59:34Z,frontend,281.3333333333333,1150,0.8,0.24463768115942028,0
2026-09-29T20:59:34Z,cartservice,399.0,600,0.95,0.665,0
2026-09-29T20:59:34Z,checkoutservice,0.0,800,0.8,0.0,0
2026-09-29T20:59:34Z,productcatalogservice,181.0,600,0.95,0.3016666666666667,0
2026-09-29T20:59:34Z,paymentservice,25.0,200,0.8,0.125,0
2026-09-29T20:59:34Z,recommendationservice,0.0,1150,0.8,0.0,0
2026-09-29T20:59:34Z,shippingservice,20.0,400,0.8,0.05,0
2026-09-29T20:59:34Z,currencyservice,481.0,650,0.8,0.74,0
2026-09-29T20:59:34Z,emailservice,0.0,200,0.8,0.0,0
2026-09-29T20:59:34Z,adservice,43.0,600,0.8,0.07166666666666667,0
2026-09-29T20:59:34Z,redis-cart,45.0,300,0.8,0.15,0
2026-09-29T20:59:35Z,frontend,285.8333333333333,1150,0.8,0.24855072463768113,0
2026-09-29T20:59:35Z,cartservice,493.0,600,0.95,0.8216666666666667,0
2026-09-29T20:59:35Z,checkoutservice,0.0,800,0.8,0.0,0
2026-09-29T20:59:35Z,productcatalogservice,198.0,600,0.95,0.33,0
2026-09-29T20:59:35Z,paymentservice,0.0,200,0.8,0.0,0
2026-09-29T20:59:35Z,recommendationservice,0.0,1150,0.8,0.0,0
2026-09-29T20:59:35Z,shippingservice,20.0,400,0.8,0.05,0
2026-09-29T20:59:35Z,currencyservice,439.0,650,0.8,0.6753846153846154,0
2026-09-29T20:59:35Z,emailservice,0.0,200,0.8,0.0,0
2026-09-29T20:59:35Z,adservice,41.0,600,0.8,0.06833333333333333,0
2026-09-29T20:59:35Z,redis-cart,48.0,300,0.8,0.16,0
2026-09-29T20:59:36Z,frontend,298.3333333333333,1150,0.8,0.25942028985507243,0
2026-09-29T20:59:36Z,cartservice,389.0,600,0.95,0.6483333333333333,0
2026-09-29T20:59:36Z,checkoutservice,0.0,800,0.8,0.0,0
2026-09-29T20:59:36Z,productcatalogservice,163.0,600,0.95,0.27166666666666667,0
2026-09-29T20:59:36Z,paymentservice,0.0,200,0.8,0.0,0
2026-09-29T20:59:36Z,recommendationservice,0.0,1150,0.8,0.0,0
2026-09-29T20:59:36Z,shippingservice,0.0,400,0.8,0.0,0
2026-09-29T20:59:36Z,currencyservice,439.0,650,0.8,0.6753846153846154,0
2026-09-29T20:59:36Z,emailservice,0.0,200,0.8,0.0,0
2026-09-29T20:59:36Z,adservice,41.0,600,0.8,0.06833333333333333,0
2026-09-29T20:59:36Z,redis-cart,48.0,300,0.8,0.16,0
2026-09-29T20:59:37Z,frontend,235.0,1150,0.8,0.20434782608695654,0
2026-09-29T20:59:37Z,cartservice,386.0,600,0.95,0.6433333333333333,0
2026-09-29T20:59:37Z,checkoutservice,0.0,800,0.8,0.0,0
2026-09-29T20:59:37Z,productcatalogservice,179.0,600,0.95,0.29833333333333334,0
2026-09-29T20:59:37Z,paymentservice,0.0,200,0.8,0.0,0
2026-09-29T20:59:37Z,recommendationservice,0.0,1150,0.8,0.0,0
2026-09-29T20:59:37Z,shippingservice,0.0,400,0.8,0.0,0
2026-09-29T20:59:37Z,currencyservice,497.0,650,0.8,0.7646153846153846,0
2026-09-29T20:59:37Z,emailservice,29.0,200,0.8,0.145,0
2026-09-29T20:59:37Z,adservice,64.0,600,0.8,0.10666666666666667,0
2026-09-29T20:59:37Z,redis-cart,39.0,300,0.8,0.13,0
2026-09-29T20:59:38Z,frontend,233.0,1150,0.8,0.2026086956521739,0
2026-09-29T20:59:38Z,cartservice,386.0,600,0.95,0.6433333333333333,0
2026-09-29T20:59:38Z,checkoutservice,0.0,800,0.8,0.0,0
2026-09-29T20:59:38Z,productcatalogservice,179.0,600,0.95,0.29833333333333334,0
2026-09-29T20:59:38Z,paymentservice,0.0,200,0.8,0.0,0
2026-09-29T20:59:38Z,recommendationservice,0.0,1150,0.8,0.0,0
2026-09-29T20:59:38Z,shippingservice,31.0,400,0.8,0.0775,0
2026-09-29T20:59:38Z,currencyservice,497.0,650,0.8,0.7646153846153846,0
2026-09-29T20:59:38Z,emailservice,0.0,200,0.8,0.0,0
2026-09-29T20:59:38Z,adservice,38.0,600,0.8,0.06333333333333334,0
2026-09-29T20:59:38Z,redis-cart,42.0,300,0.8,0.14,0
2026-09-29T20:59:39Z,frontend,317.2,1150,0.8,0.2758260869565217,0
2026-09-29T20:59:39Z,cartservice,463.0,600,0.95,0.7716666666666666,0
2026-09-29T20:59:39Z,checkoutservice,0.0,800,0.8,0.0,0
2026-09-29T20:59:39Z,productcatalogservice,168.0,600,0.95,0.28,0
2026-09-29T20:59:39Z,paymentservice,0.0,200,0.8,0.0,0
2026-09-29T20:59:39Z,recommendationservice,0.0,1150,0.8,0.0,0
2026-09-29T20:59:39Z,shippingservice,31.0,400,0.8,0.0775,0
2026-09-29T20:59:39Z,currencyservice,481.0,650,0.8,0.74,0
2026-09-29T20:59:39Z,emailservice,0.0,200,0.8,0.0,0
2026-09-29T20:59:39Z,adservice,38.0,600,0.8,0.06333333333333334,0
2026-09-29T20:59:39Z,redis-cart,42.0,300,0.8,0.14,0
2026-09-29T20:59:40Z,frontend,281.4,1150,0.8,0.24469565217391304,0
2026-09-29T20:59:40Z,cartservice,454.0,600,0.95,0.7566666666666667,0
2026-09-29T20:59:40Z,checkoutservice,0.0,800,0.8,0.0,0
2026-09-29T20:59:40Z,productcatalogservice,168.0,600,0.95,0.28,0
2026-09-29T20:59:40Z,paymentservice,0.0,200,0.8,0.0,0
2026-09-29T20:59:40Z,recommendationservice,0.0,1150,0.8,0.0,0
2026-09-29T20:59:40Z,shippingservice,0.0,400,0.8,0.0,0
2026-09-29T20:59:40Z,currencyservice,413.0,650,0.8,0.6353846153846154,0
2026-09-29T20:59:40Z,emailservice,0.0,200,0.8,0.0,0
2026-09-29T20:59:40Z,adservice,39.0,600,0.8,0.065,0
2026-09-29T20:59:40Z,redis-cart,41.0,300,0.8,0.13666666666666666,0
2026-09-29T20:59:41Z,frontend,261.6666666666667,1150,0.8,0.227536231884058,0
2026-09-29T20:59:41Z,cartservice,409.0,600,0.95,0.6816666666666666,0
2026-09-29T20:59:41Z,checkoutservice,31.0,800,0.8,0.03875,0
2026-09-29T20:59:41Z,productcatalogservice,185.0,600,0.95,0.30833333333333335,0
2026-09-29T20:59:41Z,paymentservice,0.0,200,0.8,0.0,0
2026-09-29T20:59:41Z,recommendationservice,0.0,1150,0.8,0.0,0
2026-09-29T20:59:41Z,shippingservice,0.0,400,0.8,0.0,0
2026-09-29T20:59:41Z,currencyservice,413.0,650,0.8,0.6353846153846154,0
2026-09-29T20:59:41Z,emailservice,31.0,200,0.8,0.155,0
2026-09-29T20:59:41Z,adservice,39.0,600,0.8,0.065,0
2026-09-29T20:59:41Z,redis-cart,41.0,300,0.8,0.13666666666666666,0
2026-09-29T20:59:42Z,frontend,230.66666666666666,1150,0.8,0.20057971014492754,0
2026-09-29T20:59:42Z,cartservice,409.0,600,0.95,0.6816666666666666,0
2026-09-29T20:59:42Z,checkoutservice,31.0,800,0.8,0.03875,0
2026-09-29T20:59:42Z,productcatalogservice,201.0,600,0.95,0.335,0
2026-09-29T20:59:42Z,paymentservice,0.0,200,0.8,0.0,0
2026-09-29T20:59:42Z,recommendationservice,0.0,1150,0.8,0.0,0
2026-09-29T20:59:42Z,shippingservice,0.0,400,0.8,0.0,0
2026-09-29T20:59:42Z,currencyservice,474.0,650,0.8,0.7292307692307692,0
2026-09-29T20:59:42Z,emailservice,31.0,200,0.8,0.155,0
2026-09-29T20:59:42Z,adservice,39.0,600,0.8,0.065,0
2026-09-29T20:59:42Z,redis-cart,38.0,300,0.8,0.12666666666666668,0
2026-09-29T20:59:43Z,frontend,284.1666666666667,1150,0.8,0.24710144927536234,0
2026-09-29T20:59:43Z,cartservice,443.0,600,0.95,0.7383333333333333,0
2026-09-29T20:59:43Z,checkoutservice,0.0,800,0.8,0.0,0
2026-09-29T20:59:43Z,productcatalogservice,201.0,600,0.95,0.335,0
2026-09-29T20:59:43Z,paymentservice,26.0,200,0.8,0.13,0
2026-09-29T20:59:43Z,recommendationservice,0.0,1150,0.8,0.0,0
2026-09-29T20:59:43Z,shippingservice,0.0,400,0.8,0.0,0
2026-09-29T20:59:43Z,currencyservice,474.0,650,0.8,0.7292307692307692,0
2026-09-29T20:59:43Z,emailservice,0.0,200,0.8,0.0,0
2026-09-29T20:59:43Z,adservice,34.0,600,0.8,0.056666666666666664,0
2026-09-29T20:59:43Z,redis-cart,36.0,300,0.8,0.12,0
2026-09-29T20:59:44Z,frontend,263.5,1150,0.8,0.2291304347826087,0
2026-09-29T20:59:44Z,cartservice,443.0,600,0.95,0.7383333333333333,0
2026-09-29T20:59:44Z,checkoutservice,13.0,800,0.8,0.01625,0
2026-09-29T20:59:44Z,productcatalogservice,175.0,600,0.95,0.2916666666666667,0
2026-09-29T20:59:44Z,paymentservice,26.0,200,0.8,0.13,0
2026-09-29T20:59:44Z,recommendationservice,0.0,1150,0.8,0.0,0
2026-09-29T20:59:44Z,shippingservice,16.0,400,0.8,0.04,0
2026-09-29T20:59:44Z,currencyservice,456.0,650,0.8,0.7015384615384616,0
2026-09-29T20:59:44Z,emailservice,0.0,200,0.8,0.0,0
2026-09-29T20:59:44Z,adservice,36.0,600,0.8,0.06,0
2026-09-29T20:59:44Z,redis-cart,36.0,300,0.8,0.12,0
2026-09-29T20:59:45Z,frontend,291.3333333333333,1150,0.8,0.2533333333333333,0
2026-09-29T20:59:45Z,cartservice,460.0,600,0.95,0.7666666666666667,0
2026-09-29T20:59:45Z,checkoutservice,13.0,800,0.8,0.01625,0
2026-09-29T20:59:45Z,productcatalogservice,175.0,600,0.95,0.2916666666666667,0
2026-09-29T20:59:45Z,paymentservice,0.0,200,0.8,0.0,0
2026-09-29T20:59:45Z,recommendationservice,0.0,1150,0.8,0.0,0
2026-09-29T20:59:45Z,shippingservice,16.0,400,0.8,0.04,0
2026-09-29T20:59:45Z,currencyservice,415.0,650,0.8,0.6384615384615384,0
2026-09-29T20:59:45Z,emailservice,0.0,200,0.8,0.0,0
2026-09-29T20:59:45Z,adservice,36.0,600,0.8,0.06,0
2026-09-29T20:59:45Z,redis-cart,41.0,300,0.8,0.13666666666666666,0
2026-09-29T20:59:46Z,frontend,227.16666666666666,1150,0.8,0.19753623188405797,0
2026-09-29T20:59:46Z,cartservice,460.0,600,0.95,0.7666666666666667,0
2026-09-29T20:59:46Z,checkoutservice,0.0,800,0.8,0.0,0
2026-09-29T20:59:46Z,productcatalogservice,168.0,600,0.95,0.28,0
2026-09-29T20:59:46Z,paymentservice,0.0,200,0.8,0.0,0
2026-09-29T20:59:46Z,recommendationservice,0.0,1150,0.8,0.0,0
2026-09-29T20:59:46Z,shippingservice,0.0,400,0.8,0.0,0
2026-09-29T20:59:46Z,currencyservice,425.0,650,0.8,0.6538461538461539,0
2026-09-29T20:59:46Z,emailservice,0.0,200,0.8,0.0,0
2026-09-29T20:59:46Z,adservice,40.0,600,0.8,0.06666666666666667,0
2026-09-29T20:59:46Z,redis-cart,40.0,300,0.8,0.13333333333333333,0
2026-09-29T20:59:47Z,frontend,272.8,1150,0.8,0.23721739130434782,0
2026-09-29T20:59:47Z,cartservice,462.0,600,0.95,0.77,0
2026-09-29T20:59:47Z,checkoutservice,0.0,800,0.8,0.0,0
2026-09-29T20:59:47Z,productcatalogservice,140.0,600,0.95,0.23333333333333334,0
2026-09-29T20:59:47Z,paymentservice,0.0,200,0.8,0.0,0
2026-09-29T20:59:47Z,recommendationservice,0.0,1150,0.8,0.0,0
2026-09-29T20:59:47Z,shippingservice,0.0,400,0.8,0.0,0
2026-09-29T20:59:47Z,currencyservice,425.0,650,0.8,0.6538461538461539,0
2026-09-29T20:59:47Z,emailservice,40.0,200,0.8,0.2,0
2026-09-29T20:59:47Z,adservice,33.0,600,0.8,0.055,0
2026-09-29T20:59:47Z,redis-cart,40.0,300,0.8,0.13333333333333333,0
2026-09-29T20:59:48Z,frontend,288.2,1150,0.8,0.2506086956521739,0
2026-09-29T20:59:48Z,cartservice,462.0,600,0.95,0.77,0
2026-09-29T20:59:48Z,checkoutservice,0.0,800,0.8,0.0,0
2026-09-29T20:59:48Z,productcatalogservice,140.0,600,0.95,0.23333333333333334,0
2026-09-29T20:59:48Z,paymentservice,0.0,200,0.8,0.0,0
2026-09-29T20:59:48Z,recommendationservice,0.0,1150,0.8,0.0,0
2026-09-29T20:59:48Z,shippingservice,35.0,400,0.8,0.0875,0
2026-09-29T20:59:48Z,currencyservice,445.0,650,0.8,0.6846153846153846,0
2026-09-29T20:59:48Z,emailservice,0.0,200,0.8,0.0,0
2026-09-29T20:59:48Z,adservice,35.0,600,0.8,0.058333333333333334,0
2026-09-29T20:59:48Z,redis-cart,40.0,300,0.8,0.13333333333333333,0
2026-09-29T20:59:49Z,frontend,282.0,1150,0.8,0.24521739130434783,0
2026-09-29T20:59:49Z,cartservice,424.0,600,0.95,0.7066666666666667,0
2026-09-29T20:59:49Z,checkoutservice,0.0,800,0.8,0.0,0
2026-09-29T20:59:49Z,productcatalogservice,169.0,600,0.95,0.2816666666666667,0
2026-09-29T20:59:49Z,paymentservice,0.0,200,0.8,0.0,0
2026-09-29T20:59:49Z,recommendationservice,0.0,1150,0.8,0.0,0
2026-09-29T20:59:49Z,shippingservice,0.0,400,0.8,0.0,0
2026-09-29T20:59:49Z,currencyservice,471.0,650,0.8,0.7246153846153847,0
2026-09-29T20:59:49Z,emailservice,0.0,200,0.8,0.0,0
2026-09-29T20:59:49Z,adservice,35.0,600,0.8,0.058333333333333334,0
2026-09-29T20:59:49Z,redis-cart,36.0,300,0.8,0.12,0
2026-09-29T20:59:50Z,frontend,272.0,1150,0.8,0.23652173913043478,0
2026-09-29T20:59:50Z,cartservice,488.0,600,0.95,0.8133333333333334,0
2026-09-29T20:59:50Z,checkoutservice,0.0,800,0.8,0.0,0
2026-09-29T20:59:50Z,productcatalogservice,169.0,600,0.95,0.2816666666666667,0
2026-09-29T20:59:50Z,paymentservice,0.0,200,0.8,0.0,0
2026-09-29T20:59:50Z,recommendationservice,0.0,1150,0.8,0.0,0
2026-09-29T20:59:50Z,shippingservice,0.0,400,0.8,0.0,0
2026-09-29T20:59:50Z,currencyservice,471.0,650,0.8,0.7246153846153847,0
2026-09-29T20:59:50Z,emailservice,0.0,200,0.8,0.0,0
2026-09-29T20:59:50Z,adservice,34.0,600,0.8,0.056666666666666664,0
2026-09-29T20:59:50Z,redis-cart,40.0,300,0.8,0.13333333333333333,0
2026-09-29T20:59:51Z,frontend,285.2,1150,0.8,0.248,0
2026-09-29T20:59:51Z,cartservice,488.0,600,0.95,0.8133333333333334,0
2026-09-29T20:59:51Z,checkoutservice,0.0,800,0.8,0.0,0
2026-09-29T20:59:51Z,productcatalogservice,185.0,600,0.95,0.30833333333333335,0
2026-09-29T20:59:51Z,paymentservice,0.0,200,0.8,0.0,0
2026-09-29T20:59:51Z,recommendationservice,0.0,1150,0.8,0.0,0
2026-09-29T20:59:51Z,shippingservice,0.0,400,0.8,0.0,0
2026-09-29T20:59:51Z,currencyservice,442.0,650,0.8,0.68,0
2026-09-29T20:59:51Z,emailservice,0.0,200,0.8,0.0,0
2026-09-29T20:59:51Z,adservice,55.0,600,0.8,0.09166666666666666,0
2026-09-29T20:59:51Z,redis-cart,40.0,300,0.8,0.13333333333333333,0
2026-09-29T20:59:52Z,frontend,300.2,1150,0.8,0.26104347826086954,0
2026-09-29T20:59:52Z,cartservice,498.0,600,0.95,0.83,0
2026-09-29T20:59:52Z,checkoutservice,48.0,800,0.8,0.06,0
2026-09-29T20:59:52Z,productcatalogservice,196.0,600,0.95,0.32666666666666666,0
2026-09-29T20:59:52Z,paymentservice,24.0,200,0.8,0.12,0
2026-09-29T20:59:52Z,recommendationservice,0.0,1150,0.8,0.0,0
2026-09-29T20:59:52Z,shippingservice,0.0,400,0.8,0.0,0
2026-09-29T20:59:52Z,currencyservice,442.0,650,0.8,0.68,0
2026-09-29T20:59:52Z,emailservice,42.0,200,0.8,0.21,0
2026-09-29T20:59:52Z,adservice,61.0,600,0.8,0.10166666666666667,0
2026-09-29T20:59:52Z,redis-cart,41.0,300,0.8,0.13666666666666666,0
2026-09-29T20:59:53Z,frontend,303.6,1150,0.8,0.264,0
2026-09-29T20:59:53Z,cartservice,498.0,600,0.95,0.83,0
2026-09-29T20:59:53Z,checkoutservice,0.0,800,0.8,0.0,0
2026-09-29T20:59:53Z,productcatalogservice,196.0,600,0.95,0.32666666666666666,0
2026-09-29T20:59:53Z,paymentservice,0.0,200,0.8,0.0,0
2026-09-29T20:59:53Z,recommendationservice,0.0,1150,0.8,0.0,0
2026-09-29T20:59:53Z,shippingservice,20.0,400,0.8,0.05,0
2026-09-29T20:59:53Z,currencyservice,453.0,650,0.8,0.696923076923077,0
2026-09-29T20:59:53Z,emailservice,3.0,200,0.8,0.015,0
2026-09-29T20:59:53Z,adservice,61.0,600,0.8,0.10166666666666667,0
2026-09-29T20:59:53Z,redis-cart,38.0,300,0.8,0.12666666666666668,0
2026-09-29T20:59:54Z,frontend,287.6,1150,0.8,0.2500869565217391,0
2026-09-29T20:59:54Z,cartservice,491.0,600,0.95,0.8183333333333334,0
2026-09-29T20:59:54Z,checkoutservice,0.0,800,0.8,0.0,0
2026-09-29T20:59:54Z,productcatalogservice,174.0,600,0.95,0.29,0
2026-09-29T20:59:54Z,paymentservice,0.0,200,0.8,0.0,0
2026-09-29T20:59:54Z,recommendationservice,0.0,1150,0.8,0.0,0
2026-09-29T20:59:54Z,shippingservice,20.0,400,0.8,0.05,0
2026-09-29T20:59:54Z,currencyservice,414.0,650,0.8,0.6369230769230769,0
2026-09-29T20:59:54Z,emailservice,3.0,200,0.8,0.015,0
2026-09-29T20:59:54Z,adservice,36.0,600,0.8,0.06,0
2026-09-29T20:59:54Z,redis-cart,43.0,300,0.8,0.14333333333333334,0
2026-09-29T20:59:55Z,frontend,331.0,1150,0.8,0.28782608695652173,0
2026-09-29T20:59:55Z,cartservice,491.0,600,0.95,0.8183333333333334,0
2026-09-29T20:59:55Z,checkoutservice,0.0,800,0.8,0.0,0
2026-09-29T20:59:55Z,productcatalogservice,155.0,600,0.95,0.25833333333333336,0
2026-09-29T20:59:55Z,paymentservice,0.0,200,0.8,0.0,0
2026-09-29T20:59:55Z,recommendationservice,0.0,1150,0.8,0.0,0
2026-09-29T20:59:55Z,shippingservice,0.0,400,0.8,0.0,0
2026-09-29T20:59:55Z,currencyservice,414.0,650,0.8,0.6369230769230769,0
2026-09-29T20:59:55Z,emailservice,0.0,200,0.8,0.0,0
2026-09-29T20:59:55Z,adservice,36.0,600,0.8,0.06,0
2026-09-29T20:59:55Z,redis-cart,43.0,300,0.8,0.14333333333333334,0
2026-09-29T20:59:56Z,frontend,204.0,1150,0.8,0.17739130434782607,0
2026-09-29T20:59:56Z,cartservice,419.0,600,0.95,0.6983333333333334,0
2026-09-29T20:59:56Z,checkoutservice,0.0,800,0.8,0.0,0
2026-09-29T20:59:56Z,productcatalogservice,155.0,600,0.95,0.25833333333333336,0
2026-09-29T20:59:56Z,paymentservice,0.0,200,0.8,0.0,0
2026-09-29T20:59:56Z,recommendationservice,0.0,1150,0.8,0.0,0
2026-09-29T20:59:56Z,shippingservice,0.0,400,0.8,0.0,0
2026-09-29T20:59:56Z,currencyservice,431.0,650,0.8,0.6630769230769231,0
2026-09-29T20:59:56Z,emailservice,22.0,200,0.8,0.11,0
2026-09-29T20:59:56Z,adservice,34.0,600,0.8,0.056666666666666664,0
2026-09-29T20:59:56Z,redis-cart,37.0,300,0.8,0.12333333333333334,0
2026-09-29T20:59:57Z,frontend,228.33333333333334,1150,0.8,0.19855072463768117,0
2026-09-29T20:59:57Z,cartservice,385.0,600,0.95,0.6416666666666667,0
2026-09-29T20:59:57Z,checkoutservice,0.0,800,0.8,0.0,0
2026-09-29T20:59:57Z,productcatalogservice,160.0,600,0.95,0.26666666666666666,0
2026-09-29T20:59:57Z,paymentservice,0.0,200,0.8,0.0,0
2026-09-29T20:59:57Z,recommendationservice,0.0,1150,0.8,0.0,0
2026-09-29T20:59:57Z,shippingservice,0.0,400,0.8,0.0,0
2026-09-29T20:59:57Z,currencyservice,431.0,650,0.8,0.6630769230769231,0
2026-09-29T20:59:57Z,emailservice,22.0,200,0.8,0.11,0
2026-09-29T20:59:57Z,adservice,36.0,600,0.8,0.06,0
2026-09-29T20:59:57Z,redis-cart,37.0,300,0.8,0.12333333333333334,0
2026-09-29T20:59:58Z,frontend,256.8333333333333,1150,0.8,0.22333333333333333,0
2026-09-29T20:59:58Z,cartservice,454.0,600,0.95,0.7566666666666667,0
2026-09-29T20:59:58Z,checkoutservice,0.0,800,0.8,0.0,0
2026-09-29T20:59:58Z,productcatalogservice,156.0,600,0.95,0.26,0
2026-09-29T20:59:58Z,paymentservice,0.0,200,0.8,0.0,0
2026-09-29T20:59:58Z,recommendationservice,0.0,1150,0.8,0.0,0
2026-09-29T20:59:58Z,shippingservice,24.0,400,0.8,0.06,0
2026-09-29T20:59:58Z,currencyservice,453.0,650,0.8,0.696923076923077,0
2026-09-29T20:59:58Z,emailservice,11.0,200,0.8,0.055,0
2026-09-29T20:59:58Z,adservice,36.0,600,0.8,0.06,0
2026-09-29T20:59:58Z,redis-cart,43.0,300,0.8,0.14333333333333334,0
2026-09-29T20:59:59Z,frontend,259.5,1150,0.8,0.22565217391304349,0
2026-09-29T20:59:59Z,cartservice,448.0,600,0.95,0.7466666666666667,0
2026-09-29T20:59:59Z,checkoutservice,0.0,800,0.8,0.0,0
2026-09-29T20:59:59Z,productcatalogservice,145.0,600,0.95,0.24166666666666667,0
2026-09-29T20:59:59Z,paymentservice,0.0,200,0.8,0.0,0
2026-09-29T20:59:59Z,recommendationservice,0.0,1150,0.8,0.0,0
2026-09-29T20:59:59Z,shippingservice,24.0,400,0.8,0.06,0
2026-09-29T20:59:59Z,currencyservice,453.0,650,0.8,0.696923076923077,0
2026-09-29T20:59:59Z,emailservice,0.0,200,0.8,0.0,0
2026-09-29T20:59:59Z,adservice,33.0,600,0.8,0.055,0
2026-09-29T20:59:59Z,redis-cart,39.0,300,0.8,0.13,0
2026-09-29T21:00:00Z,frontend,261.8333333333333,1150,0.8,0.22768115942028982,0
2026-09-29T21:00:00Z,cartservice,448.0,600,0.95,0.7466666666666667,0
2026-09-29T21:00:00Z,checkoutservice,0.0,800,0.8,0.0,0
2026-09-29T21:00:00Z,productcatalogservice,145.0,600,0.95,0.24166666666666667,0
2026-09-29T21:00:00Z,paymentservice,0.0,200,0.8,0.0,0
2026-09-29T21:00:00Z,recommendationservice,0.0,1150,0.8,0.0,0
2026-09-29T21:00:00Z,shippingservice,0.0,400,0.8,0.0,0
2026-09-29T21:00:00Z,currencyservice,457.0,650,0.8,0.703076923076923,0
2026-09-29T21:00:00Z,emailservice,0.0,200,0.8,0.0,0
2026-09-29T21:00:00Z,adservice,33.0,600,0.8,0.055,0
2026-09-29T21:00:00Z,redis-cart,39.0,300,0.8,0.13,0
2026-09-29T21:00:01Z,frontend,267.1666666666667,1150,0.8,0.23231884057971017,0
2026-09-29T21:00:01Z,cartservice,423.0,600,0.95,0.705,0
2026-09-29T21:00:01Z,checkoutservice,0.0,800,0.8,0.0,0
2026-09-29T21:00:01Z,productcatalogservice,195.0,600,0.95,0.325,0
2026-09-29T21:00:01Z,paymentservice,0.0,200,0.8,0.0,0
2026-09-29T21:00:01Z,recommendationservice,0.0,1150,0.8,0.0,0
2026-09-29T21:00:01Z,shippingservice,0.0,400,0.8,0.0,0
2026-09-29T21:00:01Z,currencyservice,488.0,650,0.8,0.7507692307692307,0
2026-09-29T21:00:01Z,emailservice,0.0,200,0.8,0.0,0
2026-09-29T21:00:01Z,adservice,38.0,600,0.8,0.06333333333333334,0
2026-09-29T21:00:01Z,redis-cart,43.0,300,0.8,0.14333333333333334,0
2026-09-29T21:00:02Z,frontend,303.2,1150,0.8,0.26365217391304346,0
2026-09-29T21:00:02Z,cartservice,447.0,600,0.95,0.745,0
2026-09-29T21:00:02Z,checkoutservice,31.0,800,0.8,0.03875,0
2026-09-29T21:00:02Z,productcatalogservice,195.0,600,0.95,0.325,0
2026-09-29T21:00:02Z,paymentservice,0.0,200,0.8,0.0,0
2026-09-29T21:00:02Z,recommendationservice,0.0,1150,0.8,0.0,0
2026-09-29T21:00:02Z,shippingservice,0.0,400,0.8,0.0,0
2026-09-29T21:00:02Z,currencyservice,458.0,650,0.8,0.7046153846153846,0
2026-09-29T21:00:02Z,emailservice,0.0,200,0.8,0.0,0
2026-09-29T21:00:02Z,adservice,41.0,600,0.8,0.06833333333333333,0
2026-09-29T21:00:02Z,redis-cart,43.0,300,0.8,0.14333333333333334,0
2026-09-29T21:00:03Z,frontend,329.6,1150,0.8,0.28660869565217395,0
2026-09-29T21:00:03Z,cartservice,447.0,600,0.95,0.745,0
2026-09-29T21:00:03Z,checkoutservice,31.0,800,0.8,0.03875,0
2026-09-29T21:00:03Z,productcatalogservice,173.0,600,0.95,0.28833333333333333,0
2026-09-29T21:00:03Z,paymentservice,26.0,200,0.8,0.13,0
2026-09-29T21:00:03Z,recommendationservice,0.0,1150,0.8,0.0,0
2026-09-29T21:00:03Z,shippingservice,0.0,400,0.8,0.0,0
2026-09-29T21:00:03Z,currencyservice,458.0,650,0.8,0.7046153846153846,0
2026-09-29T21:00:03Z,emailservice,33.0,200,0.8,0.165,0
2026-09-29T21:00:03Z,adservice,41.0,600,0.8,0.06833333333333333,0
2026-09-29T21:00:03Z,redis-cart,45.0,300,0.8,0.15,0
2026-09-29T21:00:04Z,frontend,280.3333333333333,1150,0.8,0.24376811594202896,0
2026-09-29T21:00:04Z,cartservice,462.0,600,0.95,0.77,0
2026-09-29T21:00:04Z,checkoutservice,0.0,800,0.8,0.0,0
2026-09-29T21:00:04Z,productcatalogservice,193.0,600,0.95,0.32166666666666666,0
2026-09-29T21:00:04Z,paymentservice,0.0,200,0.8,0.0,0
2026-09-29T21:00:04Z,recommendationservice,0.0,1150,0.8,0.0,0
2026-09-29T21:00:04Z,shippingservice,17.0,400,0.8,0.0425,0
2026-09-29T21:00:04Z,currencyservice,498.0,650,0.8,0.7661538461538462,0
2026-09-29T21:00:04Z,emailservice,0.0,200,0.8,0.0,0
2026-09-29T21:00:04Z,adservice,43.0,600,0.8,0.07166666666666667,0
2026-09-29T21:00:04Z,redis-cart,44.0,300,0.8,0.14666666666666667,0
2026-09-29T21:00:05Z,frontend,273.3333333333333,1150,0.8,0.23768115942028983,0
2026-09-29T21:00:05Z,cartservice,462.0,600,0.95,0.77,0
2026-09-29T21:00:05Z,checkoutservice,0.0,800,0.8,0.0,0
2026-09-29T21:00:05Z,productcatalogservice,193.0,600,0.95,0.32166666666666666,0
2026-09-29T21:00:05Z,paymentservice,0.0,200,0.8,0.0,0
2026-09-29T21:00:05Z,recommendationservice,0.0,1150,0.8,0.0,0
2026-09-29T21:00:05Z,shippingservice,0.0,400,0.8,0.0,0
2026-09-29T21:00:05Z,currencyservice,428.0,650,0.8,0.6584615384615384,0
2026-09-29T21:00:05Z,emailservice,0.0,200,0.8,0.0,0
2026-09-29T21:00:05Z,adservice,45.0,600,0.8,0.075,0
2026-09-29T21:00:05Z,redis-cart,44.0,300,0.8,0.14666666666666667,0
2026-09-29T21:00:06Z,frontend,246.83333333333334,1150,0.8,0.2146376811594203,0
2026-09-29T21:00:06Z,cartservice,424.0,600,0.95,0.7066666666666667,0
2026-09-29T21:00:06Z,checkoutservice,0.0,800,0.8,0.0,0
2026-09-29T21:00:06Z,productcatalogservice,177.0,600,0.95,0.295,0
2026-09-29T21:00:06Z,paymentservice,0.0,200,0.8,0.0,0
2026-09-29T21:00:06Z,recommendationservice,0.0,1150,0.8,0.0,0
2026-09-29T21:00:06Z,shippingservice,0.0,400,0.8,0.0,0
2026-09-29T21:00:06Z,currencyservice,443.0,650,0.8,0.6815384615384615,0
2026-09-29T21:00:06Z,emailservice,0.0,200,0.8,0.0,0
2026-09-29T21:00:06Z,adservice,36.0,600,0.8,0.06,0
2026-09-29T21:00:06Z,redis-cart,44.0,300,0.8,0.14666666666666667,0
2026-09-29T21:00:07Z,frontend,262.3333333333333,1150,0.8,0.2281159420289855,0
2026-09-29T21:00:07Z,cartservice,424.0,600,0.95,0.7066666666666667,0
2026-09-29T21:00:07Z,checkoutservice,0.0,800,0.8,0.0,0
2026-09-29T21:00:07Z,productcatalogservice,177.0,600,0.95,0.295,0
2026-09-29T21:00:07Z,paymentservice,0.0,200,0.8,0.0,0
2026-09-29T21:00:07Z,recommendationservice,0.0,1150,0.8,0.0,0
2026-09-29T21:00:07Z,shippingservice,0.0,400,0.8,0.0,0
2026-09-29T21:00:07Z,currencyservice,510.0,650,0.8,0.7846153846153846,0
2026-09-29T21:00:07Z,emailservice,25.0,200,0.8,0.125,0
2026-09-29T21:00:07Z,adservice,36.0,600,0.8,0.06,0
2026-09-29T21:00:07Z,redis-cart,44.0,300,0.8,0.14666666666666667,0
2026-09-29T21:00:08Z,frontend,271.6666666666667,1150,0.8,0.23623188405797102,0
2026-09-29T21:00:08Z,cartservice,426.0,600,0.95,0.71,0
2026-09-29T21:00:08Z,checkoutservice,0.0,800,0.8,0.0,0
2026-09-29T21:00:08Z,productcatalogservice,190.0,600,0.95,0.31666666666666665,0
2026-09-29T21:00:08Z,paymentservice,0.0,200,0.8,0.0,0
2026-09-29T21:00:08Z,recommendationservice,0.0,1150,0.8,0.0,0
2026-09-29T21:00:08Z,shippingservice,31.0,400,0.8,0.0775,0
2026-09-29T21:00:08Z,currencyservice,510.0,650,0.8,0.7846153846153846,0
2026-09-29T21:00:08Z,emailservice,25.0,200,0.8,0.125,0
2026-09-29T21:00:08Z,adservice,61.0,600,0.8,0.10166666666666667,0
2026-09-29T21:00:08Z,redis-cart,44.0,300,0.8,0.14666666666666667,0
2026-09-29T21:00:09Z,frontend,256.3333333333333,1150,0.8,0.22289855072463766,0
2026-09-29T21:00:09Z,cartservice,426.0,600,0.95,0.71,0
2026-09-29T21:00:09Z,checkoutservice,0.0,800,0.8,0.0,0
2026-09-29T21:00:09Z,productcatalogservice,157.0,600,0.95,0.26166666666666666,0
2026-09-29T21:00:09Z,paymentservice,0.0,200,0.8,0.0,0
2026-09-29T21:00:09Z,recommendationservice,0.0,1150,0.8,0.0,0
2026-09-29T21:00:09Z,shippingservice,31.0,400,0.8,0.0775,0
2026-09-29T21:00:09Z,currencyservice,460.0,650,0.8,0.7076923076923077,0
2026-09-29T21:00:09Z,emailservice,0.0,200,0.8,0.0,0
2026-09-29T21:00:09Z,adservice,61.0,600,0.8,0.10166666666666667,0
2026-09-29T21:00:09Z,redis-cart,43.0,300,0.8,0.14333333333333334,0
2026-09-29T21:00:10Z,frontend,260.1666666666667,1150,0.8,0.22623188405797104,0
2026-09-29T21:00:10Z,cartservice,438.0,600,0.95,0.73,0
2026-09-29T21:00:10Z,checkoutservice,0.0,800,0.8,0.0,0
2026-09-29T21:00:10Z,productcatalogservice,173.0,600,0.95,0.28833333333333333,0
2026-09-29T21:00:10Z,paymentservice,0.0,200,0.8,0.0,0
2026-09-29T21:00:10Z,recommendationservice,0.0,1150,0.8,0.0,0
2026-09-29T21:00:10Z,shippingservice,0.0,400,0.8,0.0,0
2026-09-29T21:00:10Z,currencyservice,460.0,650,0.8,0.7076923076923077,0
2026-09-29T21:00:10Z,emailservice,0.0,200,0.8,0.0,0
2026-09-29T21:00:10Z,adservice,38.0,600,0.8,0.06333333333333334,0
2026-09-29T21:00:10Z,redis-cart,39.0,300,0.8,0.13,0
2026-09-29T21:00:11Z,frontend,246.16666666666666,1150,0.8,0.21405797101449275,0
2026-09-29T21:00:11Z,cartservice,475.0,600,0.95,0.7916666666666666,0
2026-09-29T21:00:11Z,checkoutservice,26.0,800,0.8,0.0325,0
2026-09-29T21:00:11Z,productcatalogservice,173.0,600,0.95,0.28833333333333333,0
2026-09-29T21:00:11Z,paymentservice,0.0,200,0.8,0.0,0
2026-09-29T21:00:11Z,recommendationservice,0.0,1150,0.8,0.0,0
2026-09-29T21:00:11Z,shippingservice,0.0,400,0.8,0.0,0
2026-09-29T21:00:11Z,currencyservice,447.0,650,0.8,0.6876923076923077,0
2026-09-29T21:00:11Z,emailservice,43.0,200,0.8,0.215,0
2026-09-29T21:00:11Z,adservice,38.0,600,0.8,0.06333333333333334,0
2026-09-29T21:00:11Z,redis-cart,39.0,300,0.8,0.13,0
2026-09-29T21:00:12Z,frontend,268.2,1150,0.8,0.23321739130434782,0
2026-09-29T21:00:12Z,cartservice,475.0,600,0.95,0.7916666666666666,0
2026-09-29T21:00:12Z,checkoutservice,26.0,800,0.8,0.0325,0
2026-09-29T21:00:12Z,productcatalogservice,216.0,600,0.95,0.36,0
2026-09-29T21:00:12Z,paymentservice,0.0,200,0.8,0.0,0
2026-09-29T21:00:12Z,recommendationservice,560.0,1150,0.8,0.48695652173913045,0
2026-09-29T21:00:12Z,shippingservice,0.0,400,0.8,0.0,0
2026-09-29T21:00:12Z,currencyservice,414.0,650,0.8,0.6369230769230769,0
2026-09-29T21:00:12Z,emailservice,43.0,200,0.8,0.215,0
2026-09-29T21:00:12Z,adservice,39.0,600,0.8,0.065,0
2026-09-29T21:00:12Z,redis-cart,41.0,300,0.8,0.13666666666666666,0
2026-09-29T21:00:13Z,frontend,264.3333333333333,1150,0.8,0.2298550724637681,0
2026-09-29T21:00:13Z,cartservice,393.0,600,0.95,0.655,0
2026-09-29T21:00:13Z,checkoutservice,425.0,800,0.8,0.53125,0
2026-09-29T21:00:13Z,productcatalogservice,354.0,600,0.95,0.59,0
2026-09-29T21:00:13Z,paymentservice,50.0,200,0.8,0.25,0
2026-09-29T21:00:13Z,recommendationservice,811.0,1150,0.8,0.7052173913043478,0
2026-09-29T21:00:13Z,shippingservice,87.0,400,0.8,0.2175,0
2026-09-29T21:00:13Z,currencyservice,566.0,650,0.8,0.8707692307692307,1
2026-09-29T21:00:13Z,emailservice,19.0,200,0.8,0.095,0
2026-09-29T21:00:13Z,adservice,39.0,600,0.8,0.065,0
2026-09-29T21:00:13Z,redis-cart,35.0,300,0.8,0.11666666666666667,0
2026-09-29T21:00:14Z,frontend,268.5,1150,0.8,0.23347826086956522,0
2026-09-29T21:00:14Z,cartservice,393.0,600,0.95,0.655,0
2026-09-29T21:00:14Z,checkoutservice,425.0,800,0.8,0.53125,0
2026-09-29T21:00:14Z,productcatalogservice,354.0,600,0.95,0.59,0
2026-09-29T21:00:14Z,paymentservice,36.0,200,0.8,0.18,0
2026-09-29T21:00:14Z,recommendationservice,811.0,1150,0.8,0.7052173913043478,0
2026-09-29T21:00:14Z,shippingservice,74.0,400,0.8,0.185,0
2026-09-29T21:00:14Z,currencyservice,566.0,650,0.8,0.8707692307692307,1
2026-09-29T21:00:14Z,emailservice,86.0,200,0.8,0.43,0
2026-09-29T21:00:14Z,adservice,100.0,600,0.8,0.16666666666666666,0
2026-09-29T21:00:14Z,redis-cart,35.0,300,0.8,0.11666666666666667,0
2026-09-29T21:00:15Z,frontend,214.66666666666666,1150,0.8,0.18666666666666665,0
2026-09-29T21:00:15Z,cartservice,432.0,600,0.95,0.72,0
2026-09-29T21:00:15Z,checkoutservice,478.0,800,0.8,0.5975,0
2026-09-29T21:00:15Z,productcatalogservice,393.0,600,0.95,0.655,0
2026-09-29T21:00:15Z,paymentservice,14.0,200,0.8,0.07,0
2026-09-29T21:00:15Z,recommendationservice,1099.0,1150,0.8,0.9556521739130435,1
2026-09-29T21:00:15Z,shippingservice,74.0,400,0.8,0.185,0
2026-09-29T21:00:15Z,currencyservice,393.0,650,0.8,0.6046153846153847,0
2026-09-29T21:00:15Z,emailservice,86.0,200,0.8,0.43,0
2026-09-29T21:00:15Z,adservice,58.0,600,0.8,0.09666666666666666,0
2026-09-29T21:00:15Z,redis-cart,39.0,300,0.8,0.13,0
2026-09-29T21:00:16Z,frontend,215.5,1150,0.8,0.18739130434782608,0
2026-09-29T21:00:16Z,cartservice,445.0,600,0.95,0.7416666666666667,0
2026-09-29T21:00:16Z,checkoutservice,278.0,800,0.8,0.3475,0
2026-09-29T21:00:16Z,productcatalogservice,393.0,600,0.95,0.655,0
2026-09-29T21:00:16Z,paymentservice,14.0,200,0.8,0.07,0
2026-09-29T21:00:16Z,recommendationservice,1099.0,1150,0.8,0.9556521739130435,1
2026-09-29T21:00:16Z,shippingservice,38.0,400,0.8,0.095,0
2026-09-29T21:00:16Z,currencyservice,415.0,650,0.8,0.6384615384615384,0
2026-09-29T21:00:16Z,emailservice,35.0,200,0.8,0.175,0
2026-09-29T21:00:16Z,adservice,58.0,600,0.8,0.09666666666666666,0
2026-09-29T21:00:16Z,redis-cart,36.0,300,0.8,0.12,0
2026-09-29T21:00:17Z,frontend,224.0,1150,0.8,0.19478260869565217,0
2026-09-29T21:00:17Z,cartservice,445.0,600,0.95,0.7416666666666667,0
2026-09-29T21:00:17Z,checkoutservice,278.0,800,0.8,0.3475,0
2026-09-29T21:00:17Z,productcatalogservice,336.0,600,0.95,0.56,0
2026-09-29T21:00:17Z,paymentservice,15.0,200,0.8,0.075,0
2026-09-29T21:00:17Z,recommendationservice,1113.0,1150,0.8,0.9678260869565217,1
2026-09-29T21:00:17Z,shippingservice,38.0,400,0.8,0.095,0
2026-09-29T21:00:17Z,currencyservice,368.0,650,0.8,0.5661538461538461,0
2026-09-29T21:00:17Z,emailservice,35.0,200,0.8,0.175,0
2026-09-29T21:00:17Z,adservice,56.0,600,0.8,0.09333333333333334,0
2026-09-29T21:00:17Z,redis-cart,36.0,300,0.8,0.12,0
2026-09-29T21:00:18Z,frontend,182.5,1150,0.8,0.15869565217391304,0
2026-09-29T21:00:18Z,cartservice,391.0,600,0.95,0.6516666666666666,0
2026-09-29T21:00:18Z,checkoutservice,0.0,800,0.8,0.0,0
2026-09-29T21:00:18Z,productcatalogservice,336.0,600,0.95,0.56,0
2026-09-29T21:00:18Z,paymentservice,0.0,200,0.8,0.0,0
2026-09-29T21:00:18Z,recommendationservice,1121.0,1150,0.8,0.9747826086956521,1
2026-09-29T21:00:18Z,shippingservice,0.0,400,0.8,0.0,0
2026-09-29T21:00:18Z,currencyservice,368.0,650,0.8,0.5661538461538461,0
2026-09-29T21:00:18Z,emailservice,20.0,200,0.8,0.1,0
2026-09-29T21:00:18Z,adservice,56.0,600,0.8,0.09333333333333334,0
2026-09-29T21:00:18Z,redis-cart,35.0,300,0.8,0.11666666666666667,0
2026-09-29T21:00:19Z,frontend,201.83333333333334,1150,0.8,0.17550724637681162,0
2026-09-29T21:00:19Z,cartservice,429.0,600,0.95,0.715,0
2026-09-29T21:00:19Z,checkoutservice,247.0,800,0.8,0.30875,0
2026-09-29T21:00:19Z,productcatalogservice,327.0,600,0.95,0.545,0
2026-09-29T21:00:19Z,paymentservice,0.0,200,0.8,0.0,0
2026-09-29T21:00:19Z,recommendationservice,1121.0,1150,0.8,0.9747826086956521,1
2026-09-29T21:00:19Z,shippingservice,0.0,400,0.8,0.0,0
2026-09-29T21:00:19Z,currencyservice,390.0,650,0.8,0.6,0
2026-09-29T21:00:19Z,emailservice,20.0,200,0.8,0.1,0
2026-09-29T21:00:19Z,adservice,58.0,600,0.8,0.09666666666666666,0
2026-09-29T21:00:19Z,redis-cart,35.0,300,0.8,0.11666666666666667,0
2026-09-29T21:00:20Z,frontend,217.33333333333334,1150,0.8,0.18898550724637683,0
2026-09-29T21:00:20Z,cartservice,429.0,600,0.95,0.715,0
2026-09-29T21:00:20Z,checkoutservice,247.0,800,0.8,0.30875,0
2026-09-29T21:00:20Z,productcatalogservice,363.0,600,0.95,0.605,0
2026-09-29T21:00:20Z,paymentservice,22.0,200,0.8,0.11,0
2026-09-29T21:00:20Z,recommendationservice,1114.0,1150,0.8,0.9686956521739131,1
2026-09-29T21:00:20Z,shippingservice,69.0,400,0.8,0.1725,0
2026-09-29T21:00:20Z,currencyservice,401.0,650,0.8,0.6169230769230769,0
2026-09-29T21:00:20Z,emailservice,26.0,200,0.8,0.13,0
2026-09-29T21:00:20Z,adservice,60.0,600,0.8,0.1,0
2026-09-29T21:00:20Z,redis-cart,37.0,300,0.8,0.12333333333333334,0
2026-09-29T21:00:21Z,frontend,223.5,1150,0.8,0.19434782608695653,0
2026-09-29T21:00:21Z,cartservice,466.0,600,0.95,0.7766666666666666,0
2026-09-29T21:00:21Z,checkoutservice,337.0,800,0.8,0.42125,0
2026-09-29T21:00:21Z,productcatalogservice,363.0,600,0.95,0.605,0
2026-09-29T21:00:21Z,paymentservice,36.0,200,0.8,0.18,0
2026-09-29T21:00:21Z,recommendationservice,995.0,1150,0.8,0.8652173913043478,1
2026-09-29T21:00:21Z,shippingservice,63.0,400,0.8,0.1575,0
2026-09-29T21:00:21Z,currencyservice,401.0,650,0.8,0.6169230769230769,0
2026-09-29T21:00:21Z,emailservice,97.0,200,0.8,0.485,0
2026-09-29T21:00:21Z,adservice,137.0,600,0.8,0.22833333333333333,0
2026-09-29T21:00:21Z,redis-cart,38.0,300,0.8,0.12666666666666668,0
2026-09-29T21:00:22Z,frontend,230.66666666666666,1150,0.8,0.20057971014492754,0
2026-09-29T21:00:22Z,cartservice,466.0,600,0.95,0.7766666666666666,0
2026-09-29T21:00:22Z,checkoutservice,647.0,800,0.8,0.80875,1
2026-09-29T21:00:22Z,productcatalogservice,414.0,600,0.95,0.69,0
2026-09-29T21:00:22Z,paymentservice,36.0,200,0.8,0.18,0
2026-09-29T21:00:22Z,recommendationservice,995.0,1150,0.8,0.8652173913043478,1
2026-09-29T21:00:22Z,shippingservice,63.0,400,0.8,0.1575,0
2026-09-29T21:00:22Z,currencyservice,428.0,650,0.8,0.6584615384615384,0
2026-09-29T21:00:22Z,emailservice,97.0,200,0.8,0.485,0
2026-09-29T21:00:22Z,adservice,137.0,600,0.8,0.22833333333333333,0
2026-09-29T21:00:22Z,redis-cart,38.0,300,0.8,0.12666666666666668,0
2026-09-29T21:00:23Z,frontend,201.66666666666666,1150,0.8,0.1753623188405797,0
2026-09-29T21:00:23Z,cartservice,443.0,600,0.95,0.7383333333333333,0
2026-09-29T21:00:23Z,checkoutservice,324.0,800,0.8,0.405,0
2026-09-29T21:00:23Z,productcatalogservice,335.0,600,0.95,0.5583333333333333,0
2026-09-29T21:00:23Z,paymentservice,54.0,200,0.8,0.27,0
2026-09-29T21:00:23Z,recommendationservice,1117.0,1150,0.8,0.971304347826087,1
2026-09-29T21:00:23Z,shippingservice,57.0,400,0.8,0.1425,0
2026-09-29T21:00:23Z,currencyservice,418.0,650,0.8,0.6430769230769231,0
2026-09-29T21:00:23Z,emailservice,54.0,200,0.8,0.27,0
2026-09-29T21:00:23Z,adservice,74.0,600,0.8,0.12333333333333334,0
2026-09-29T21:00:23Z,redis-cart,40.0,300,0.8,0.13333333333333333,0
2026-09-29T21:00:24Z,frontend,222.16666666666666,1150,0.8,0.19318840579710145,0
2026-09-29T21:00:24Z,cartservice,429.0,600,0.95,0.715,0
2026-09-29T21:00:24Z,checkoutservice,324.0,800,0.8,0.405,0
2026-09-29T21:00:24Z,productcatalogservice,321.0,600,0.95,0.535,0
2026-09-29T21:00:24Z,paymentservice,14.0,200,0.8,0.07,0
2026-09-29T21:00:24Z,recommendationservice,1140.0,1150,0.8,0.991304347826087,1
2026-09-29T21:00:24Z,shippingservice,57.0,400,0.8,0.1425,0
2026-09-29T21:00:24Z,currencyservice,418.0,650,0.8,0.6430769230769231,0
2026-09-29T21:00:24Z,emailservice,22.0,200,0.8,0.11,0
2026-09-29T21:00:24Z,adservice,63.0,600,0.8,0.105,0
2026-09-29T21:00:24Z,redis-cart,40.0,300,0.8,0.13333333333333333,0
2026-09-29T21:00:25Z,frontend,228.0,1150,0.8,0.19826086956521738,0
2026-09-29T21:00:25Z,cartservice,365.0,600,0.95,0.6083333333333333,0
2026-09-29T21:00:25Z,checkoutservice,296.0,800,0.8,0.37,0
2026-09-29T21:00:25Z,productcatalogservice,321.0,600,0.95,0.535,0
2026-09-29T21:00:25Z,paymentservice,14.0,200,0.8,0.07,0
2026-09-29T21:00:25Z,recommendationservice,1140.0,1150,0.8,0.991304347826087,1
2026-09-29T21:00:25Z,shippingservice,27.0,400,0.8,0.0675,0
2026-09-29T21:00:25Z,currencyservice,394.0,650,0.8,0.6061538461538462,0
2026-09-29T21:00:25Z,emailservice,22.0,200,0.8,0.11,0
2026-09-29T21:00:25Z,adservice,63.0,600,0.8,0.105,0
2026-09-29T21:00:25Z,redis-cart,40.0,300,0.8,0.13333333333333333,0
2026-09-29T21:00:26Z,frontend,198.16666666666666,1150,0.8,0.17231884057971014,0
2026-09-29T21:00:26Z,cartservice,365.0,600,0.95,0.6083333333333333,0
2026-09-29T21:00:26Z,checkoutservice,202.0,800,0.8,0.2525,0
2026-09-29T21:00:26Z,productcatalogservice,344.0,600,0.95,0.5733333333333334,0
2026-09-29T21:00:26Z,paymentservice,26.0,200,0.8,0.13,0
2026-09-29T21:00:26Z,recommendationservice,1087.0,1150,0.8,0.9452173913043478,1
2026-09-29T21:00:26Z,shippingservice,34.0,400,0.8,0.085,0
2026-09-29T21:00:26Z,currencyservice,399.0,650,0.8,0.6138461538461538,0
2026-09-29T21:00:26Z,emailservice,38.0,200,0.8,0.19,0
2026-09-29T21:00:26Z,adservice,72.0,600,0.8,0.12,0
2026-09-29T21:00:26Z,redis-cart,37.0,300,0.8,0.12333333333333334,0
2026-09-29T21:00:27Z,frontend,205.83333333333334,1150,0.8,0.17898550724637682,0
2026-09-29T21:00:27Z,cartservice,362.0,600,0.95,0.6033333333333334,0
2026-09-29T21:00:27Z,checkoutservice,202.0,800,0.8,0.2525,0
2026-09-29T21:00:27Z,productcatalogservice,324.0,600,0.95,0.54,0
2026-09-29T21:00:27Z,paymentservice,26.0,200,0.8,0.13,0
2026-09-29T21:00:27Z,recommendationservice,1165.0,1150,0.8,1.0130434782608695,1
2026-09-29T21:00:27Z,shippingservice,9.0,400,0.8,0.0225,0
2026-09-29T21:00:27Z,currencyservice,369.0,650,0.8,0.5676923076923077,0
2026-09-29T21:00:27Z,emailservice,43.0,200,0.8,0.215,0
2026-09-29T21:00:27Z,adservice,63.0,600,0.8,0.105,0
2026-09-29T21:00:27Z,redis-cart,37.0,300,0.8,0.12333333333333334,0
2026-09-29T21:00:28Z,frontend,202.0,1150,0.8,0.17565217391304347,0
2026-09-29T21:00:28Z,cartservice,362.0,600,0.95,0.6033333333333334,0
2026-09-29T21:00:28Z,checkoutservice,80.0,800,0.8,0.1,0
2026-09-29T21:00:28Z,productcatalogservice,324.0,600,0.95,0.54,0
2026-09-29T21:00:28Z,paymentservice,5.0,200,0.8,0.025,0
2026-09-29T21:00:28Z,recommendationservice,1165.0,1150,0.8,1.0130434782608695,1
2026-09-29T21:00:28Z,shippingservice,9.0,400,0.8,0.0225,0
2026-09-29T21:00:28Z,currencyservice,369.0,650,0.8,0.5676923076923077,0
2026-09-29T21:00:28Z,emailservice,43.0,200,0.8,0.215,0
2026-09-29T21:00:28Z,adservice,63.0,600,0.8,0.105,0
2026-09-29T21:00:28Z,redis-cart,35.0,300,0.8,0.11666666666666667,0
2026-09-29T21:00:29Z,frontend,214.66666666666666,1150,0.8,0.18666666666666665,0
2026-09-29T21:00:29Z,cartservice,360.0,600,0.95,0.6,0
2026-09-29T21:00:29Z,checkoutservice,336.0,800,0.8,0.42,0
2026-09-29T21:00:29Z,productcatalogservice,349.0,600,0.95,0.5816666666666667,0
2026-09-29T21:00:29Z,paymentservice,26.0,200,0.8,0.13,0
2026-09-29T21:00:29Z,recommendationservice,1118.0,1150,0.8,0.9721739130434782,1
2026-09-29T21:00:29Z,shippingservice,61.0,400,0.8,0.1525,0
2026-09-29T21:00:29Z,currencyservice,383.0,650,0.8,0.5892307692307692,0
2026-09-29T21:00:29Z,emailservice,27.0,200,0.8,0.135,0
2026-09-29T21:00:29Z,adservice,40.0,600,0.8,0.06666666666666667,0
2026-09-29T21:00:29Z,redis-cart,39.0,300,0.8,0.13,0
2026-09-29T21:00:30Z,frontend,223.33333333333334,1150,0.8,0.19420289855072465,0
2026-09-29T21:00:30Z,cartservice,422.0,600,0.95,0.7033333333333334,0
2026-09-29T21:00:30Z,checkoutservice,336.0,800,0.8,0.42,0
2026-09-29T21:00:30Z,productcatalogservice,345.0,600,0.95,0.575,0
2026-09-29T21:00:30Z,paymentservice,26.0,200,0.8,0.13,0
2026-09-29T21:00:30Z,recommendationservice,1118.0,1150,0.8,0.9721739130434782,1
2026-09-29T21:00:30Z,shippingservice,32.0,400,0.8,0.08,0
2026-09-29T21:00:30Z,currencyservice,421.0,650,0.8,0.6476923076923077,0
2026-09-29T21:00:30Z,emailservice,27.0,200,0.8,0.135,0
2026-09-29T21:00:30Z,adservice,40.0,600,0.8,0.06666666666666667,0
2026-09-29T21:00:30Z,redis-cart,37.0,300,0.8,0.12333333333333334,0
2026-09-29T21:00:31Z,frontend,222.66666666666666,1150,0.8,0.1936231884057971,0
2026-09-29T21:00:31Z,cartservice,422.0,600,0.95,0.7033333333333334,0
2026-09-29T21:00:31Z,checkoutservice,253.0,800,0.8,0.31625,0
2026-09-29T21:00:31Z,productcatalogservice,345.0,600,0.95,0.575,0
2026-09-29T21:00:31Z,paymentservice,12.0,200,0.8,0.06,0
2026-09-29T21:00:31Z,recommendationservice,1114.0,1150,0.8,0.9686956521739131,1
2026-09-29T21:00:31Z,shippingservice,32.0,400,0.8,0.08,0
2026-09-29T21:00:31Z,currencyservice,421.0,650,0.8,0.6476923076923077,0
2026-09-29T21:00:31Z,emailservice,45.0,200,0.8,0.225,0
2026-09-29T21:00:31Z,adservice,66.0,600,0.8,0.11,0
2026-09-29T21:00:31Z,redis-cart,37.0,300,0.8,0.12333333333333334,0
2026-09-29T21:00:32Z,frontend,202.0,1150,0.8,0.17565217391304347,0
2026-09-29T21:00:32Z,cartservice,358.0,600,0.95,0.5966666666666667,0
2026-09-29T21:00:32Z,checkoutservice,155.0,800,0.8,0.19375,0
2026-09-29T21:00:32Z,productcatalogservice,322.0,600,0.95,0.5366666666666666,0
2026-09-29T21:00:32Z,paymentservice,42.0,200,0.8,0.21,0
2026-09-29T21:00:32Z,recommendationservice,1130.0,1150,0.8,0.9826086956521739,1
2026-09-29T21:00:32Z,shippingservice,8.0,400,0.8,0.02,0
2026-09-29T21:00:32Z,currencyservice,389.0,650,0.8,0.5984615384615385,0
2026-09-29T21:00:32Z,emailservice,45.0,200,0.8,0.225,0
2026-09-29T21:00:32Z,adservice,40.0,600,0.8,0.06666666666666667,0
2026-09-29T21:00:32Z,redis-cart,36.0,300,0.8,0.12,0
2026-09-29T21:00:33Z,frontend,199.16666666666666,1150,0.8,0.17318840579710143,0
2026-09-29T21:00:33Z,cartservice,330.0,600,0.95,0.55,0
2026-09-29T21:00:33Z,checkoutservice,155.0,800,0.8,0.19375,0
2026-09-29T21:00:33Z,productcatalogservice,322.0,600,0.95,0.5366666666666666,0
2026-09-29T21:00:33Z,paymentservice,42.0,200,0.8,0.21,0
2026-09-29T21:00:33Z,recommendationservice,1130.0,1150,0.8,0.9826086956521739,1
2026-09-29T21:00:33Z,shippingservice,53.0,400,0.8,0.1325,0
2026-09-29T21:00:33Z,currencyservice,419.0,650,0.8,0.6446153846153846,0
2026-09-29T21:00:33Z,emailservice,20.0,200,0.8,0.1,0
2026-09-29T21:00:33Z,adservice,61.0,600,0.8,0.10166666666666667,0
2026-09-29T21:00:33Z,redis-cart,36.0,300,0.8,0.12,0
2026-09-29T21:00:34Z,frontend,207.83333333333334,1150,0.8,0.18072463768115943,0
2026-09-29T21:00:34Z,cartservice,330.0,600,0.95,0.55,0
2026-09-29T21:00:34Z,checkoutservice,69.0,800,0.8,0.08625,0
2026-09-29T21:00:34Z,productcatalogservice,349.0,600,0.95,0.5816666666666667,0
2026-09-29T21:00:34Z,paymentservice,13.0,200,0.8,0.065,0
2026-09-29T21:00:34Z,recommendationservice,1138.0,1150,0.8,0.9895652173913043,1
2026-09-29T21:00:34Z,shippingservice,53.0,400,0.8,0.1325,0
2026-09-29T21:00:34Z,currencyservice,419.0,650,0.8,0.6446153846153846,0
2026-09-29T21:00:34Z,emailservice,20.0,200,0.8,0.1,0
2026-09-29T21:00:34Z,adservice,61.0,600,0.8,0.10166666666666667,0
2026-09-29T21:00:34Z,redis-cart,36.0,300,0.8,0.12,0
2026-09-29T21:00:35Z,frontend,225.33333333333334,1150,0.8,0.19594202898550725,0
2026-09-29T21:00:35Z,cartservice,379.0,600,0.95,0.6316666666666667,0
2026-09-29T21:00:35Z,checkoutservice,181.0,800,0.8,0.22625,0
2026-09-29T21:00:35Z,productcatalogservice,349.0,600,0.95,0.5816666666666667,0
2026-09-29T21:00:35Z,paymentservice,13.0,200,0.8,0.065,0
2026-09-29T21:00:35Z,recommendationservice,1138.0,1150,0.8,0.9895652173913043,1
2026-09-29T21:00:35Z,shippingservice,28.0,400,0.8,0.07,0
2026-09-29T21:00:35Z,currencyservice,391.0,650,0.8,0.6015384615384616,0
2026-09-29T21:00:35Z,emailservice,20.0,200,0.8,0.1,0
2026-09-29T21:00:35Z,adservice,59.0,600,0.8,0.09833333333333333,0
2026-09-29T21:00:35Z,redis-cart,36.0,300,0.8,0.12,0
2026-09-29T21:00:36Z,frontend,222.5,1150,0.8,0.1934782608695652,0
2026-09-29T21:00:36Z,cartservice,417.0,600,0.95,0.695,0
2026-09-29T21:00:36Z,checkoutservice,509.0,800,0.8,0.63625,0
2026-09-29T21:00:36Z,productcatalogservice,350.0,600,0.95,0.5833333333333334,0
2026-09-29T21:00:36Z,paymentservice,15.0,200,0.8,0.075,0
2026-09-29T21:00:36Z,recommendationservice,1106.0,1150,0.8,0.9617391304347827,1
2026-09-29T21:00:36Z,shippingservice,32.0,400,0.8,0.08,0
2026-09-29T21:00:36Z,currencyservice,406.0,650,0.8,0.6246153846153846,0
2026-09-29T21:00:36Z,emailservice,46.0,200,0.8,0.23,0
2026-09-29T21:00:36Z,adservice,59.0,600,0.8,0.09833333333333333,0
2026-09-29T21:00:36Z,redis-cart,36.0,300,0.8,0.12,0
2026-09-29T21:00:37Z,frontend,229.16666666666666,1150,0.8,0.19927536231884058,0
2026-09-29T21:00:37Z,cartservice,438.0,600,0.95,0.73,0
2026-09-29T21:00:37Z,checkoutservice,509.0,800,0.8,0.63625,0
2026-09-29T21:00:37Z,productcatalogservice,379.0,600,0.95,0.6316666666666667,0
2026-09-29T21:00:37Z,paymentservice,43.0,200,0.8,0.215,0
2026-09-29T21:00:37Z,recommendationservice,1071.0,1150,0.8,0.931304347826087,1
2026-09-29T21:00:37Z,shippingservice,80.0,400,0.8,0.2,0
2026-09-29T21:00:37Z,currencyservice,406.0,650,0.8,0.6246153846153846,0
2026-09-29T21:00:37Z,emailservice,76.0,200,0.8,0.38,0
2026-09-29T21:00:37Z,adservice,104.0,600,0.8,0.17333333333333334,0
2026-09-29T21:00:37Z,redis-cart,39.0,300,0.8,0.13,0
2026-09-29T21:00:38Z,frontend,225.66666666666666,1150,0.8,0.196231884057971,0
2026-09-29T21:00:38Z,cartservice,438.0,600,0.95,0.73,0
2026-09-29T21:00:38Z,checkoutservice,477.0,800,0.8,0.59625,0
2026-09-29T21:00:38Z,productcatalogservice,379.0,600,0.95,0.6316666666666667,0
2026-09-29T21:00:38Z,paymentservice,43.0,200,0.8,0.215,0
2026-09-29T21:00:38Z,recommendationservice,1089.0,1150,0.8,0.9469565217391305,1
2026-09-29T21:00:38Z,shippingservice,80.0,400,0.8,0.2,0
2026-09-29T21:00:38Z,currencyservice,463.0,650,0.8,0.7123076923076923,0
2026-09-29T21:00:38Z,emailservice,76.0,200,0.8,0.38,0
2026-09-29T21:00:38Z,adservice,70.0,600,0.8,0.11666666666666667,0
2026-09-29T21:00:38Z,redis-cart,39.0,300,0.8,0.13,0
2026-09-29T21:00:39Z,frontend,237.66666666666666,1150,0.8,0.20666666666666667,0
2026-09-29T21:00:39Z,cartservice,417.0,600,0.95,0.695,0
2026-09-29T21:00:39Z,checkoutservice,477.0,800,0.8,0.59625,0
2026-09-29T21:00:39Z,productcatalogservice,374.0,600,0.95,0.6233333333333333,0
2026-09-29T21:00:39Z,paymentservice,27.0,200,0.8,0.135,0
2026-09-29T21:00:39Z,recommendationservice,1110.0,1150,0.8,0.9652173913043478,1
2026-09-29T21:00:39Z,shippingservice,74.0,400,0.8,0.185,0
2026-09-29T21:00:39Z,currencyservice,472.0,650,0.8,0.7261538461538461,0
2026-09-29T21:00:39Z,emailservice,43.0,200,0.8,0.215,0
2026-09-29T21:00:39Z,adservice,70.0,600,0.8,0.11666666666666667,0
2026-09-29T21:00:39Z,redis-cart,39.0,300,0.8,0.13,0
2026-09-29T21:00:40Z,frontend,203.66666666666666,1150,0.8,0.1771014492753623,0
2026-09-29T21:00:40Z,cartservice,395.0,600,0.95,0.6583333333333333,0
2026-09-29T21:00:40Z,checkoutservice,297.0,800,0.8,0.37125,0
2026-09-29T21:00:40Z,productcatalogservice,351.0,600,0.95,0.585,0
2026-09-29T21:00:40Z,paymentservice,6.0,200,0.8,0.03,0
2026-09-29T21:00:40Z,recommendationservice,1110.0,1150,0.8,0.9652173913043478,1
2026-09-29T21:00:40Z,shippingservice,32.0,400,0.8,0.08,0
2026-09-29T21:00:40Z,currencyservice,472.0,650,0.8,0.7261538461538461,0
2026-09-29T21:00:40Z,emailservice,49.0,200,0.8,0.245,0
2026-09-29T21:00:40Z,adservice,62.0,600,0.8,0.10333333333333333,0
2026-09-29T21:00:40Z,redis-cart,34.0,300,0.8,0.11333333333333333,0
2026-09-29T21:00:41Z,frontend,220.16666666666666,1150,0.8,0.19144927536231884,0
2026-09-29T21:00:41Z,cartservice,398.0,600,0.95,0.6633333333333333,0
2026-09-29T21:00:41Z,checkoutservice,297.0,800,0.8,0.37125,0
2026-09-29T21:00:41Z,productcatalogservice,351.0,600,0.95,0.585,0
2026-09-29T21:00:41Z,paymentservice,18.0,200,0.8,0.09,0
2026-09-29T21:00:41Z,recommendationservice,1128.0,1150,0.8,0.9808695652173913,1
2026-09-29T21:00:41Z,shippingservice,32.0,400,0.8,0.08,0
2026-09-29T21:00:41Z,currencyservice,426.0,650,0.8,0.6553846153846153,0
2026-09-29T21:00:41Z,emailservice,49.0,200,0.8,0.245,0
2026-09-29T21:00:41Z,adservice,62.0,600,0.8,0.10333333333333333,0
2026-09-29T21:00:41Z,redis-cart,34.0,300,0.8,0.11333333333333333,0
2026-09-29T21:00:42Z,frontend,214.0,1150,0.8,0.18608695652173912,0
2026-09-29T21:00:42Z,cartservice,398.0,600,0.95,0.6633333333333333,0
2026-09-29T21:00:42Z,checkoutservice,268.0,800,0.8,0.335,0
2026-09-29T21:00:42Z,productcatalogservice,371.0,600,0.95,0.6183333333333333,0
2026-09-29T21:00:42Z,paymentservice,18.0,200,0.8,0.09,0
2026-09-29T21:00:42Z,recommendationservice,1128.0,1150,0.8,0.9808695652173913,1
2026-09-29T21:00:42Z,shippingservice,46.0,400,0.8,0.115,0
2026-09-29T21:00:42Z,currencyservice,425.0,650,0.8,0.6538461538461539,0
2026-09-29T21:00:42Z,emailservice,77.0,200,0.8,0.385,0
2026-09-29T21:00:42Z,adservice,73.0,600,0.8,0.12166666666666667,0
2026-09-29T21:00:42Z,redis-cart,38.0,300,0.8,0.12666666666666668,0
2026-09-29T21:00:43Z,frontend,219.16666666666666,1150,0.8,0.19057971014492753,0
2026-09-29T21:00:43Z,cartservice,420.0,600,0.95,0.7,0
2026-09-29T21:00:43Z,checkoutservice,205.0,800,0.8,0.25625,0
2026-09-29T21:00:43Z,productcatalogservice,334.0,600,0.95,0.5566666666666666,0
2026-09-29T21:00:43Z,paymentservice,61.0,200,0.8,0.305,0
2026-09-29T21:00:43Z,recommendationservice,1114.0,1150,0.8,0.9686956521739131,1
2026-09-29T21:00:43Z,shippingservice,46.0,400,0.8,0.115,0
2026-09-29T21:00:43Z,currencyservice,376.0,650,0.8,0.5784615384615385,0
2026-09-29T21:00:43Z,emailservice,77.0,200,0.8,0.385,0
2026-09-29T21:00:43Z,adservice,73.0,600,0.8,0.12166666666666667,0
2026-09-29T21:00:43Z,redis-cart,38.0,300,0.8,0.12666666666666668,0
2026-09-29T21:00:44Z,frontend,209.16666666666666,1150,0.8,0.18188405797101448,0
2026-09-29T21:00:44Z,cartservice,394.0,600,0.95,0.6566666666666666,0
2026-09-29T21:00:44Z,checkoutservice,205.0,800,0.8,0.25625,0
2026-09-29T21:00:44Z,productcatalogservice,334.0,600,0.95,0.5566666666666666,0
2026-09-29T21:00:44Z,paymentservice,3.0,200,0.8,0.015,0
2026-09-29T21:00:44Z,recommendationservice,1137.0,1150,0.8,0.9886956521739131,1
2026-09-29T21:00:44Z,shippingservice,33.0,400,0.8,0.0825,0
2026-09-29T21:00:44Z,currencyservice,383.0,650,0.8,0.5892307692307692,0
2026-09-29T21:00:44Z,emailservice,16.0,200,0.8,0.08,0
2026-09-29T21:00:44Z,adservice,56.0,600,0.8,0.09333333333333334,0
2026-09-29T21:00:44Z,redis-cart,42.0,300,0.8,0.14,0
2026-09-29T21:00:45Z,frontend,214.5,1150,0.8,0.1865217391304348,0
2026-09-29T21:00:45Z,cartservice,394.0,600,0.95,0.6566666666666666,0
2026-09-29T21:00:45Z,checkoutservice,342.0,800,0.8,0.4275,0
2026-09-29T21:00:45Z,productcatalogservice,347.0,600,0.95,0.5783333333333334,0
2026-09-29T21:00:45Z,paymentservice,3.0,200,0.8,0.015,0
2026-09-29T21:00:45Z,recommendationservice,1115.0,1150,0.8,0.9695652173913043,1
2026-09-29T21:00:45Z,shippingservice,53.0,400,0.8,0.1325,0
2026-09-29T21:00:45Z,currencyservice,383.0,650,0.8,0.5892307692307692,0
2026-09-29T21:00:45Z,emailservice,16.0,200,0.8,0.08,0
2026-09-29T21:00:45Z,adservice,71.0,600,0.8,0.11833333333333333,0
2026-09-29T21:00:45Z,redis-cart,42.0,300,0.8,0.14,0
2026-09-29T21:00:46Z,frontend,239.16666666666666,1150,0.8,0.20797101449275363,0
2026-09-29T21:00:46Z,cartservice,394.0,600,0.95,0.6566666666666666,0
2026-09-29T21:00:46Z,checkoutservice,342.0,800,0.8,0.4275,0
2026-09-29T21:00:46Z,productcatalogservice,397.0,600,0.95,0.6616666666666666,0
2026-09-29T21:00:46Z,paymentservice,23.0,200,0.8,0.115,0
2026-09-29T21:00:46Z,recommendationservice,1063.0,1150,0.8,0.9243478260869565,1
2026-09-29T21:00:46Z,shippingservice,59.0,400,0.8,0.1475,0
2026-09-29T21:00:46Z,currencyservice,408.0,650,0.8,0.6276923076923077,0
2026-09-29T21:00:46Z,emailservice,59.0,200,0.8,0.295,0
2026-09-29T21:00:46Z,adservice,71.0,600,0.8,0.11833333333333333,0
2026-09-29T21:00:46Z,redis-cart,38.0,300,0.8,0.12666666666666668,0
2026-09-29T21:00:47Z,frontend,240.0,1150,0.8,0.20869565217391303,0
2026-09-29T21:00:47Z,cartservice,442.0,600,0.95,0.7366666666666667,0
2026-09-29T21:00:47Z,checkoutservice,389.0,800,0.8,0.48625,0
2026-09-29T21:00:47Z,productcatalogservice,397.0,600,0.95,0.6616666666666666,0
2026-09-29T21:00:47Z,paymentservice,28.0,200,0.8,0.14,0
2026-09-29T21:00:47Z,recommendationservice,1063.0,1150,0.8,0.9243478260869565,1
2026-09-29T21:00:47Z,shippingservice,59.0,400,0.8,0.1475,0
2026-09-29T21:00:47Z,currencyservice,432.0,650,0.8,0.6646153846153846,0
2026-09-29T21:00:47Z,emailservice,59.0,200,0.8,0.295,0
2026-09-29T21:00:47Z,adservice,95.0,600,0.8,0.15833333333333333,0
2026-09-29T21:00:47Z,redis-cart,38.0,300,0.8,0.12666666666666668,0
2026-09-29T21:00:48Z,frontend,227.66666666666666,1150,0.8,0.19797101449275362,0
2026-09-29T21:00:48Z,cartservice,442.0,600,0.95,0.7366666666666667,0
2026-09-29T21:00:48Z,checkoutservice,237.0,800,0.8,0.29625,0
2026-09-29T21:00:48Z,productcatalogservice,342.0,600,0.95,0.57,0
2026-09-29T21:00:48Z,paymentservice,10.0,200,0.8,0.05,0
2026-09-29T21:00:48Z,recommendationservice,1119.0,1150,0.8,0.9730434782608696,1
2026-09-29T21:00:48Z,shippingservice,56.0,400,0.8,0.14,0
2026-09-29T21:00:48Z,currencyservice,432.0,650,0.8,0.6646153846153846,0
2026-09-29T21:00:48Z,emailservice,46.0,200,0.8,0.23,0
2026-09-29T21:00:48Z,adservice,40.0,600,0.8,0.06666666666666667,0
2026-09-29T21:00:48Z,redis-cart,38.0,300,0.8,0.12666666666666668,0
2026-09-29T21:00:49Z,frontend,210.66666666666666,1150,0.8,0.18318840579710144,0
2026-09-29T21:00:49Z,cartservice,388.0,600,0.95,0.6466666666666666,0
2026-09-29T21:00:49Z,checkoutservice,237.0,800,0.8,0.29625,0
2026-09-29T21:00:49Z,productcatalogservice,392.0,600,0.95,0.6533333333333333,0
2026-09-29T21:00:49Z,paymentservice,10.0,200,0.8,0.05,0
2026-09-29T21:00:49Z,recommendationservice,1097.0,1150,0.8,0.9539130434782609,1
2026-09-29T21:00:49Z,shippingservice,57.0,400,0.8,0.1425,0
2026-09-29T21:00:49Z,currencyservice,425.0,650,0.8,0.6538461538461539,0
2026-09-29T21:00:49Z,emailservice,8.0,200,0.8,0.04,0
2026-09-29T21:00:49Z,adservice,82.0,600,0.8,0.13666666666666666,0
2026-09-29T21:00:49Z,redis-cart,38.0,300,0.8,0.12666666666666668,0
2026-09-29T21:00:50Z,frontend,216.33333333333334,1150,0.8,0.18811594202898552,0
2026-09-29T21:00:50Z,cartservice,439.0,600,0.95,0.7316666666666667,0
2026-09-29T21:00:50Z,checkoutservice,410.0,800,0.8,0.5125,0
2026-09-29T21:00:50Z,productcatalogservice,392.0,600,0.95,0.6533333333333333,0
2026-09-29T21:00:50Z,paymentservice,38.0,200,0.8,0.19,0
2026-09-29T21:00:50Z,recommendationservice,1097.0,1150,0.8,0.9539130434782609,1
2026-09-29T21:00:50Z,shippingservice,57.0,400,0.8,0.1425,0
2026-09-29T21:00:50Z,currencyservice,425.0,650,0.8,0.6538461538461539,0
2026-09-29T21:00:50Z,emailservice,8.0,200,0.8,0.04,0
2026-09-29T21:00:50Z,adservice,82.0,600,0.8,0.13666666666666666,0
2026-09-29T21:00:50Z,redis-cart,38.0,300,0.8,0.12666666666666668,0
2026-09-29T21:00:51Z,frontend,225.33333333333334,1150,0.8,0.19594202898550725,0
2026-09-29T21:00:51Z,cartservice,414.0,600,0.95,0.69,0
2026-09-29T21:00:51Z,checkoutservice,384.0,800,0.8,0.48,0
2026-09-29T21:00:51Z,productcatalogservice,366.0,600,0.95,0.61,0
2026-09-29T21:00:51Z,paymentservice,15.0,200,0.8,0.075,0
2026-09-29T21:00:51Z,recommendationservice,1114.0,1150,0.8,0.9686956521739131,1
2026-09-29T21:00:51Z,shippingservice,42.0,400,0.8,0.105,0
2026-09-29T21:00:51Z,currencyservice,423.0,650,0.8,0.6507692307692308,0
2026-09-29T21:00:51Z,emailservice,48.0,200,0.8,0.24,0
2026-09-29T21:00:51Z,adservice,59.0,600,0.8,0.09833333333333333,0
2026-09-29T21:00:51Z,redis-cart,38.0,300,0.8,0.12666666666666668,0
2026-09-29T21:00:52Z,frontend,214.5,1150,0.8,0.1865217391304348,0
2026-09-29T21:00:52Z,cartservice,414.0,600,0.95,0.69,0
2026-09-29T21:00:52Z,checkoutservice,384.0,800,0.8,0.48,0
2026-09-29T21:00:52Z,productcatalogservice,429.0,600,0.95,0.715,0
2026-09-29T21:00:52Z,paymentservice,82.0,200,0.8,0.41,0
2026-09-29T21:00:52Z,recommendationservice,1114.0,1150,0.8,0.9686956521739131,1
2026-09-29T21:00:52Z,shippingservice,42.0,400,0.8,0.105,0
2026-09-29T21:00:52Z,currencyservice,423.0,650,0.8,0.6507692307692308,0
2026-09-29T21:00:52Z,emailservice,94.0,200,0.8,0.47,0
2026-09-29T21:00:52Z,adservice,133.0,600,0.8,0.22166666666666668,0
2026-09-29T21:00:52Z,redis-cart,38.0,300,0.8,0.12666666666666668,0
2026-09-29T21:00:53Z,frontend,216.0,1150,0.8,0.18782608695652173,0
2026-09-29T21:00:53Z,cartservice,380.0,600,0.95,0.6333333333333333,0
2026-09-29T21:00:53Z,checkoutservice,406.0,800,0.8,0.5075,0
2026-09-29T21:00:53Z,productcatalogservice,429.0,600,0.95,0.715,0
2026-09-29T21:00:53Z,paymentservice,82.0,200,0.8,0.41,0
2026-09-29T21:00:53Z,recommendationservice,1076.0,1150,0.8,0.9356521739130435,1
2026-09-29T21:00:53Z,shippingservice,65.0,400,0.8,0.1625,0
2026-09-29T21:00:53Z,currencyservice,415.0,650,0.8,0.6384615384615384,0
2026-09-29T21:00:53Z,emailservice,46.0,200,0.8,0.23,0
2026-09-29T21:00:53Z,adservice,133.0,600,0.8,0.22166666666666668,0
2026-09-29T21:00:53Z,redis-cart,38.0,300,0.8,0.12666666666666668,0
2026-09-29T21:00:54Z,frontend,225.33333333333334,1150,0.8,0.19594202898550725,0
2026-09-29T21:00:54Z,cartservice,380.0,600,0.95,0.6333333333333333,0
2026-09-29T21:00:54Z,checkoutservice,129.0,800,0.8,0.16125,0
2026-09-29T21:00:54Z,productcatalogservice,347.0,600,0.95,0.5783333333333334,0
2026-09-29T21:00:54Z,paymentservice,22.0,200,0.8,0.11,0
2026-09-29T21:00:54Z,recommendationservice,1139.0,1150,0.8,0.9904347826086957,1
2026-09-29T21:00:54Z,shippingservice,9.0,400,0.8,0.0225,0
2026-09-29T21:00:54Z,currencyservice,383.0,650,0.8,0.5892307692307692,0
2026-09-29T21:00:54Z,emailservice,46.0,200,0.8,0.23,0
2026-09-29T21:00:54Z,adservice,64.0,600,0.8,0.10666666666666667,0
2026-09-29T21:00:54Z,redis-cart,38.0,300,0.8,0.12666666666666668,0
2026-09-29T21:00:55Z,frontend,178.66666666666666,1150,0.8,0.1553623188405797,0
2026-09-29T21:00:55Z,cartservice,332.0,600,0.95,0.5533333333333333,0
2026-09-29T21:00:55Z,checkoutservice,129.0,800,0.8,0.16125,0
2026-09-29T21:00:55Z,productcatalogservice,294.0,600,0.95,0.49,0
2026-09-29T21:00:55Z,paymentservice,0.0,200,0.8,0.0,0
2026-09-29T21:00:55Z,recommendationservice,1139.0,1150,0.8,0.9904347826086957,1
2026-09-29T21:00:55Z,shippingservice,0.0,400,0.8,0.0,0
2026-09-29T21:00:55Z,currencyservice,366.0,650,0.8,0.563076923076923,0
2026-09-29T21:00:55Z,emailservice,0.0,200,0.8,0.0,0
2026-09-29T21:00:55Z,adservice,36.0,600,0.8,0.06,0
2026-09-29T21:00:55Z,redis-cart,36.0,300,0.8,0.12,0
2026-09-29T21:00:56Z,frontend,202.16666666666666,1150,0.8,0.17579710144927535,0
2026-09-29T21:00:56Z,cartservice,332.0,600,0.95,0.5533333333333333,0
2026-09-29T21:00:56Z,checkoutservice,3.0,800,0.8,0.00375,0
2026-09-29T21:00:56Z,productcatalogservice,294.0,600,0.95,0.49,0
2026-09-29T21:00:56Z,paymentservice,0.0,200,0.8,0.0,0
2026-09-29T21:00:56Z,recommendationservice,1146.0,1150,0.8,0.9965217391304347,1
2026-09-29T21:00:56Z,shippingservice,0.0,400,0.8,0.0,0
2026-09-29T21:00:56Z,currencyservice,366.0,650,0.8,0.563076923076923,0
2026-09-29T21:00:56Z,emailservice,30.0,200,0.8,0.15,0
2026-09-29T21:00:56Z,adservice,36.0,600,0.8,0.06,0
2026-09-29T21:00:56Z,redis-cart,36.0,300,0.8,0.12,0
2026-09-29T21:00:57Z,frontend,195.0,1150,0.8,0.16956521739130434,0
2026-09-29T21:00:57Z,cartservice,376.0,600,0.95,0.6266666666666667,0
2026-09-29T21:00:57Z,checkoutservice,450.0,800,0.8,0.5625,0
2026-09-29T21:00:57Z,productcatalogservice,342.0,600,0.95,0.57,0
2026-09-29T21:00:57Z,paymentservice,0.0,200,0.8,0.0,0
2026-09-29T21:00:57Z,recommendationservice,1120.0,1150,0.8,0.9739130434782609,1
2026-09-29T21:00:57Z,shippingservice,53.0,400,0.8,0.1325,0
2026-09-29T21:00:57Z,currencyservice,418.0,650,0.8,0.6430769230769231,0
2026-09-29T21:00:57Z,emailservice,30.0,200,0.8,0.15,0
2026-09-29T21:00:57Z,adservice,47.0,600,0.8,0.07833333333333334,0
2026-09-29T21:00:57Z,redis-cart,37.0,300,0.8,0.12333333333333334,0
2026-09-29T21:00:58Z,frontend,254.16666666666666,1150,0.8,0.22101449275362317,0
2026-09-29T21:00:58Z,cartservice,376.0,600,0.95,0.6266666666666667,0
2026-09-29T21:00:58Z,checkoutservice,450.0,800,0.8,0.5625,0
2026-09-29T21:00:58Z,productcatalogservice,342.0,600,0.95,0.57,0
2026-09-29T21:00:58Z,paymentservice,26.0,200,0.8,0.13,0
2026-09-29T21:00:58Z,recommendationservice,1122.0,1150,0.8,0.9756521739130435,1
2026-09-29T21:00:58Z,shippingservice,53.0,400,0.8,0.1325,0
2026-09-29T21:00:58Z,currencyservice,441.0,650,0.8,0.6784615384615384,0
2026-09-29T21:00:58Z,emailservice,54.0,200,0.8,0.27,0
2026-09-29T21:00:58Z,adservice,73.0,600,0.8,0.12166666666666667,0
2026-09-29T21:00:58Z,redis-cart,39.0,300,0.8,0.13,0
2026-09-29T21:00:59Z,frontend,204.83333333333334,1150,0.8,0.1781159420289855,0
2026-09-29T21:00:59Z,cartservice,356.0,600,0.95,0.5933333333333334,0
2026-09-29T21:00:59Z,checkoutservice,269.0,800,0.8,0.33625,0
2026-09-29T21:00:59Z,productcatalogservice,371.0,600,0.95,0.6183333333333333,0
2026-09-29T21:00:59Z,paymentservice,10.0,200,0.8,0.05,0
2026-09-29T21:00:59Z,recommendationservice,1144.0,1150,0.8,0.9947826086956522,1
2026-09-29T21:00:59Z,shippingservice,61.0,400,0.8,0.1525,0
2026-09-29T21:00:59Z,currencyservice,441.0,650,0.8,0.6784615384615384,0
2026-09-29T21:00:59Z,emailservice,16.0,200,0.8,0.08,0
2026-09-29T21:00:59Z,adservice,48.0,600,0.8,0.08,0
2026-09-29T21:00:59Z,redis-cart,39.0,300,0.8,0.13,0
2026-09-29T21:01:00Z,frontend,208.33333333333334,1150,0.8,0.18115942028985507,0
2026-09-29T21:01:00Z,cartservice,340.0,600,0.95,0.5666666666666667,0
2026-09-29T21:01:00Z,checkoutservice,0.0,800,0.8,0.0,0
2026-09-29T21:01:00Z,productcatalogservice,308.0,600,0.95,0.5133333333333333,0
2026-09-29T21:01:00Z,paymentservice,0.0,200,0.8,0.0,0
2026-09-29T21:01:00Z,recommendationservice,1144.0,1150,0.8,0.9947826086956522,1
2026-09-29T21:01:00Z,shippingservice,0.0,400,0.8,0.0,0
2026-09-29T21:01:00Z,currencyservice,364.0,650,0.8,0.56,0
2026-09-29T21:01:00Z,emailservice,16.0,200,0.8,0.08,0
2026-09-29T21:01:00Z,adservice,35.0,600,0.8,0.058333333333333334,0
2026-09-29T21:01:00Z,redis-cart,38.0,300,0.8,0.12666666666666668,0
2026-09-29T21:01:01Z,frontend,186.83333333333334,1150,0.8,0.16246376811594204,0
2026-09-29T21:01:01Z,cartservice,340.0,600,0.95,0.5666666666666667,0
2026-09-29T21:01:01Z,checkoutservice,0.0,800,0.8,0.0,0
2026-09-29T21:01:01Z,productcatalogservice,308.0,600,0.95,0.5133333333333333,0
2026-09-29T21:01:01Z,paymentservice,0.0,200,0.8,0.0,0
2026-09-29T21:01:01Z,recommendationservice,1140.0,1150,0.8,0.991304347826087,1
2026-09-29T21:01:01Z,shippingservice,0.0,400,0.8,0.0,0
2026-09-29T21:01:01Z,currencyservice,363.0,650,0.8,0.5584615384615385,0
2026-09-29T21:01:01Z,emailservice,26.0,200,0.8,0.13,0
2026-09-29T21:01:01Z,adservice,35.0,600,0.8,0.058333333333333334,0
2026-09-29T21:01:01Z,redis-cart,35.0,300,0.8,0.11666666666666667,0
2026-09-29T21:01:02Z,frontend,221.66666666666666,1150,0.8,0.19275362318840578,0
2026-09-29T21:01:02Z,cartservice,350.0,600,0.95,0.5833333333333334,0
2026-09-29T21:01:02Z,checkoutservice,372.0,800,0.8,0.465,0
2026-09-29T21:01:02Z,productcatalogservice,389.0,600,0.95,0.6483333333333333,0
2026-09-29T21:01:02Z,paymentservice,46.0,200,0.8,0.23,0
2026-09-29T21:01:02Z,recommendationservice,1082.0,1150,0.8,0.9408695652173913,1
2026-09-29T21:01:02Z,shippingservice,0.0,400,0.8,0.0,0
2026-09-29T21:01:02Z,currencyservice,363.0,650,0.8,0.5584615384615385,0
2026-09-29T21:01:02Z,emailservice,26.0,200,0.8,0.13,0
2026-09-29T21:01:02Z,adservice,60.0,600,0.8,0.1,0
2026-09-29T21:01:02Z,redis-cart,38.0,300,0.8,0.12666666666666668,0
2026-09-29T21:01:03Z,frontend,241.0,1150,0.8,0.20956521739130435,0
2026-09-29T21:01:03Z,cartservice,350.0,600,0.95,0.5833333333333334,0
2026-09-29T21:01:03Z,checkoutservice,372.0,800,0.8,0.465,0
2026-09-29T21:01:03Z,productcatalogservice,389.0,600,0.95,0.6483333333333333,0
2026-09-29T21:01:03Z,paymentservice,33.0,200,0.8,0.165,0
2026-09-29T21:01:03Z,recommendationservice,1082.0,1150,0.8,0.9408695652173913,1
2026-09-29T21:01:03Z,shippingservice,92.0,400,0.8,0.23,0
2026-09-29T21:01:03Z,currencyservice,461.0,650,0.8,0.7092307692307692,0
2026-09-29T21:01:03Z,emailservice,56.0,200,0.8,0.28,0
2026-09-29T21:01:03Z,adservice,60.0,600,0.8,0.1,0
2026-09-29T21:01:03Z,redis-cart,40.0,300,0.8,0.13333333333333333,0
2026-09-29T21:01:04Z,frontend,247.0,1150,0.8,0.21478260869565216,0
2026-09-29T21:01:04Z,cartservice,355.0,600,0.95,0.5916666666666667,0
2026-09-29T21:01:04Z,checkoutservice,433.0,800,0.8,0.54125,0
2026-09-29T21:01:04Z,productcatalogservice,373.0,600,0.95,0.6216666666666667,0
2026-09-29T21:01:04Z,paymentservice,33.0,200,0.8,0.165,0
2026-09-29T21:01:04Z,recommendationservice,1119.0,1150,0.8,0.9730434782608696,1
2026-09-29T21:01:04Z,shippingservice,92.0,400,0.8,0.23,0
2026-09-29T21:01:04Z,currencyservice,469.0,650,0.8,0.7215384615384616,0
2026-09-29T21:01:04Z,emailservice,56.0,200,0.8,0.28,0
2026-09-29T21:01:04Z,adservice,87.0,600,0.8,0.145,0
2026-09-29T21:01:04Z,redis-cart,40.0,300,0.8,0.13333333333333333,0
2026-09-29T21:01:05Z,frontend,231.33333333333334,1150,0.8,0.2011594202898551,0
2026-09-29T21:01:05Z,cartservice,355.0,600,0.95,0.5916666666666667,0
2026-09-29T21:01:05Z,checkoutservice,433.0,800,0.8,0.54125,0
2026-09-29T21:01:05Z,productcatalogservice,403.0,600,0.95,0.6716666666666666,0
2026-09-29T21:01:05Z,paymentservice,25.0,200,0.8,0.125,0
2026-09-29T21:01:05Z,recommendationservice,1119.0,1150,0.8,0.9730434782608696,1
2026-09-29T21:01:05Z,shippingservice,49.0,400,0.8,0.1225,0
2026-09-29T21:01:05Z,currencyservice,469.0,650,0.8,0.7215384615384616,0
2026-09-29T21:01:05Z,emailservice,42.0,200,0.8,0.21,0
2026-09-29T21:01:05Z,adservice,87.0,600,0.8,0.145,0
2026-09-29T21:01:05Z,redis-cart,41.0,300,0.8,0.13666666666666666,0
2026-09-29T21:01:06Z,frontend,239.66666666666666,1150,0.8,0.20840579710144927,0
2026-09-29T21:01:06Z,cartservice,358.0,600,0.95,0.5966666666666667,0
2026-09-29T21:01:06Z,checkoutservice,447.0,800,0.8,0.55875,0
2026-09-29T21:01:06Z,productcatalogservice,403.0,600,0.95,0.6716666666666666,0
2026-09-29T21:01:06Z,paymentservice,25.0,200,0.8,0.125,0
2026-09-29T21:01:06Z,recommendationservice,1093.0,1150,0.8,0.9504347826086956,1
2026-09-29T21:01:06Z,shippingservice,49.0,400,0.8,0.1225,0
2026-09-29T21:01:06Z,currencyservice,425.0,650,0.8,0.6538461538461539,0
2026-09-29T21:01:06Z,emailservice,57.0,200,0.8,0.285,0
2026-09-29T21:01:06Z,adservice,86.0,600,0.8,0.14333333333333334,0
2026-09-29T21:01:06Z,redis-cart,37.0,300,0.8,0.12333333333333334,0
2026-09-29T21:01:07Z,frontend,220.16666666666666,1150,0.8,0.19144927536231884,0
2026-09-29T21:01:07Z,cartservice,449.0,600,0.95,0.7483333333333333,0
2026-09-29T21:01:07Z,checkoutservice,302.0,800,0.8,0.3775,0
2026-09-29T21:01:07Z,productcatalogservice,351.0,600,0.95,0.585,0
2026-09-29T21:01:07Z,paymentservice,18.0,200,0.8,0.09,0
2026-09-29T21:01:07Z,recommendationservice,1098.0,1150,0.8,0.9547826086956521,1
2026-09-29T21:01:07Z,shippingservice,21.0,400,0.8,0.0525,0
2026-09-29T21:01:07Z,currencyservice,425.0,650,0.8,0.6538461538461539,0
2026-09-29T21:01:07Z,emailservice,57.0,200,0.8,0.285,0
2026-09-29T21:01:07Z,adservice,101.0,600,0.8,0.16833333333333333,0
2026-09-29T21:01:07Z,redis-cart,37.0,300,0.8,0.12333333333333334,0
2026-09-29T21:01:08Z,frontend,215.0,1150,0.8,0.18695652173913044,0
2026-09-29T21:01:08Z,cartservice,416.0,600,0.95,0.6933333333333334,0
2026-09-29T21:01:08Z,checkoutservice,498.0,800,0.8,0.6225,0
2026-09-29T21:01:08Z,productcatalogservice,362.0,600,0.95,0.6033333333333334,0
2026-09-29T21:01:08Z,paymentservice,32.0,200,0.8,0.16,0
2026-09-29T21:01:08Z,recommendationservice,1070.0,1150,0.8,0.9304347826086956,1
2026-09-29T21:01:08Z,shippingservice,113.0,400,0.8,0.2825,0
2026-09-29T21:01:08Z,currencyservice,420.0,650,0.8,0.6461538461538462,0
2026-09-29T21:01:08Z,emailservice,68.0,200,0.8,0.34,0
2026-09-29T21:01:08Z,adservice,98.0,600,0.8,0.16333333333333333,0
2026-09-29T21:01:08Z,redis-cart,40.0,300,0.8,0.13333333333333333,0
2026-09-29T21:01:09Z,frontend,227.5,1150,0.8,0.19782608695652174,0
2026-09-29T21:01:09Z,cartservice,416.0,600,0.95,0.6933333333333334,0
2026-09-29T21:01:09Z,checkoutservice,498.0,800,0.8,0.6225,0
2026-09-29T21:01:09Z,productcatalogservice,362.0,600,0.95,0.6033333333333334,0
2026-09-29T21:01:09Z,paymentservice,32.0,200,0.8,0.16,0
2026-09-29T21:01:09Z,recommendationservice,1174.0,1150,0.8,1.0208695652173914,1
2026-09-29T21:01:09Z,shippingservice,113.0,400,0.8,0.2825,0
2026-09-29T21:01:09Z,currencyservice,469.0,650,0.8,0.7215384615384616,0
2026-09-29T21:01:09Z,emailservice,25.0,200,0.8,0.125,0
2026-09-29T21:01:09Z,adservice,48.0,600,0.8,0.08,0
2026-09-29T21:01:09Z,redis-cart,40.0,300,0.8,0.13333333333333333,0
2026-09-29T21:01:10Z,frontend,223.83333333333334,1150,0.8,0.1946376811594203,0
2026-09-29T21:01:10Z,cartservice,452.0,600,0.95,0.7533333333333333,0
2026-09-29T21:01:10Z,checkoutservice,17.0,800,0.8,0.02125,0
2026-09-29T21:01:10Z,productcatalogservice,277.0,600,0.95,0.46166666666666667,0
2026-09-29T21:01:10Z,paymentservice,0.0,200,0.8,0.0,0
2026-09-29T21:01:10Z,recommendationservice,1123.0,1150,0.8,0.9765217391304348,1
2026-09-29T21:01:10Z,shippingservice,0.0,400,0.8,0.0,0
2026-09-29T21:01:10Z,currencyservice,469.0,650,0.8,0.7215384615384616,0
2026-09-29T21:01:10Z,emailservice,8.0,200,0.8,0.04,0
2026-09-29T21:01:10Z,adservice,48.0,600,0.8,0.08,0
2026-09-29T21:01:10Z,redis-cart,40.0,300,0.8,0.13333333333333333,0
2026-09-29T21:01:11Z,frontend,199.0,1150,0.8,0.17304347826086958,0
2026-09-29T21:01:11Z,cartservice,447.0,600,0.95,0.745,0
2026-09-29T21:01:11Z,checkoutservice,238.0,800,0.8,0.2975,0
2026-09-29T21:01:11Z,productcatalogservice,379.0,600,0.95,0.6316666666666667,0
2026-09-29T21:01:11Z,paymentservice,8.0,200,0.8,0.04,0
2026-09-29T21:01:11Z,recommendationservice,1123.0,1150,0.8,0.9765217391304348,1
2026-09-29T21:01:11Z,shippingservice,14.0,400,0.8,0.035,0
2026-09-29T21:01:11Z,currencyservice,395.0,650,0.8,0.6076923076923076,0
2026-09-29T21:01:11Z,emailservice,8.0,200,0.8,0.04,0
2026-09-29T21:01:11Z,adservice,49.0,600,0.8,0.08166666666666667,0
2026-09-29T21:01:11Z,redis-cart,37.0,300,0.8,0.12333333333333334,0
2026-09-29T21:01:12Z,frontend,224.66666666666666,1150,0.8,0.1953623188405797,0
2026-09-29T21:01:12Z,cartservice,443.0,600,0.95,0.7383333333333333,0
2026-09-29T21:01:12Z,checkoutservice,204.0,800,0.8,0.255,0
2026-09-29T21:01:12Z,productcatalogservice,379.0,600,0.95,0.6316666666666667,0
2026-09-29T21:01:12Z,paymentservice,8.0,200,0.8,0.04,0
2026-09-29T21:01:12Z,recommendationservice,1115.0,1150,0.8,0.9695652173913043,1
2026-09-29T21:01:12Z,shippingservice,14.0,400,0.8,0.035,0
2026-09-29T21:01:12Z,currencyservice,384.0,650,0.8,0.5907692307692308,0
2026-09-29T21:01:12Z,emailservice,67.0,200,0.8,0.335,0
2026-09-29T21:01:12Z,adservice,65.0,600,0.8,0.10833333333333334,0
2026-09-29T21:01:12Z,redis-cart,37.0,300,0.8,0.12333333333333334,0
2026-09-29T21:01:13Z,frontend,202.16666666666666,1150,0.8,0.17579710144927535,0
2026-09-29T21:01:13Z,cartservice,421.0,600,0.95,0.7016666666666667,0
2026-09-29T21:01:13Z,checkoutservice,204.0,800,0.8,0.255,0
2026-09-29T21:01:13Z,productcatalogservice,338.0,600,0.95,0.5633333333333334,0
2026-09-29T21:01:13Z,paymentservice,52.0,200,0.8,0.26,0
2026-09-29T21:01:13Z,recommendationservice,1106.0,1150,0.8,0.9617391304347827,1
2026-09-29T21:01:13Z,shippingservice,47.0,400,0.8,0.1175,0
2026-09-29T21:01:13Z,currencyservice,384.0,650,0.8,0.5907692307692308,0
2026-09-29T21:01:13Z,emailservice,29.0,200,0.8,0.145,0
2026-09-29T21:01:13Z,adservice,67.0,600,0.8,0.11166666666666666,0
2026-09-29T21:01:13Z,redis-cart,38.0,300,0.8,0.12666666666666668,0
2026-09-29T21:01:14Z,frontend,205.33333333333334,1150,0.8,0.17855072463768118,0
2026-09-29T21:01:14Z,cartservice,421.0,600,0.95,0.7016666666666667,0
2026-09-29T21:01:14Z,checkoutservice,148.0,800,0.8,0.185,0
2026-09-29T21:01:14Z,productcatalogservice,338.0,600,0.95,0.5633333333333334,0
2026-09-29T21:01:14Z,paymentservice,4.0,200,0.8,0.02,0
2026-09-29T21:01:14Z,recommendationservice,1106.0,1150,0.8,0.9617391304347827,1
2026-09-29T21:01:14Z,shippingservice,15.0,400,0.8,0.0375,0
2026-09-29T21:01:14Z,currencyservice,403.0,650,0.8,0.62,0
2026-09-29T21:01:14Z,emailservice,0.0,200,0.8,0.0,0
2026-09-29T21:01:14Z,adservice,38.0,600,0.8,0.06333333333333334,0
2026-09-29T21:01:14Z,redis-cart,38.0,300,0.8,0.12666666666666668,0
2026-09-29T21:01:15Z,frontend,198.83333333333334,1150,0.8,0.1728985507246377,0
2026-09-29T21:01:15Z,cartservice,432.0,600,0.95,0.72,0
2026-09-29T21:01:15Z,checkoutservice,148.0,800,0.8,0.185,0
2026-09-29T21:01:15Z,productcatalogservice,301.0,600,0.95,0.5016666666666667,0
2026-09-29T21:01:15Z,paymentservice,7.0,200,0.8,0.035,0
2026-09-29T21:01:15Z,recommendationservice,1157.0,1150,0.8,1.0060869565217392,1
2026-09-29T21:01:15Z,shippingservice,39.0,400,0.8,0.0975,0
2026-09-29T21:01:15Z,currencyservice,343.0,650,0.8,0.5276923076923077,0
2026-09-29T21:01:15Z,emailservice,0.0,200,0.8,0.0,0
2026-09-29T21:01:15Z,adservice,38.0,600,0.8,0.06333333333333334,0
2026-09-29T21:01:15Z,redis-cart,35.0,300,0.8,0.11666666666666667,0
2026-09-29T21:01:16Z,frontend,200.16666666666666,1150,0.8,0.17405797101449275,0
2026-09-29T21:01:16Z,cartservice,424.0,600,0.95,0.7066666666666667,0
2026-09-29T21:01:16Z,checkoutservice,254.0,800,0.8,0.3175,0
2026-09-29T21:01:16Z,productcatalogservice,330.0,600,0.95,0.55,0
2026-09-29T21:01:16Z,paymentservice,54.0,200,0.8,0.27,0
2026-09-29T21:01:16Z,recommendationservice,1102.0,1150,0.8,0.9582608695652174,1
2026-09-29T21:01:16Z,shippingservice,39.0,400,0.8,0.0975,0
2026-09-29T21:01:16Z,currencyservice,438.0,650,0.8,0.6738461538461539,0
2026-09-29T21:01:16Z,emailservice,66.0,200,0.8,0.33,0
2026-09-29T21:01:16Z,adservice,76.0,600,0.8,0.12666666666666668,0
2026-09-29T21:01:16Z,redis-cart,40.0,300,0.8,0.13333333333333333,0
2026-09-29T21:01:17Z,frontend,235.66666666666666,1150,0.8,0.20492753623188406,0
2026-09-29T21:01:17Z,cartservice,424.0,600,0.95,0.7066666666666667,0
2026-09-29T21:01:17Z,checkoutservice,254.0,800,0.8,0.3175,0
2026-09-29T21:01:17Z,productcatalogservice,330.0,600,0.95,0.55,0
2026-09-29T21:01:17Z,paymentservice,54.0,200,0.8,0.27,0
2026-09-29T21:01:17Z,recommendationservice,1102.0,1150,0.8,0.9582608695652174,1
2026-09-29T21:01:17Z,shippingservice,54.0,400,0.8,0.135,0
2026-09-29T21:01:17Z,currencyservice,438.0,650,0.8,0.6738461538461539,0
2026-09-29T21:01:17Z,emailservice,66.0,200,0.8,0.33,0
2026-09-29T21:01:17Z,adservice,76.0,600,0.8,0.12666666666666668,0
2026-09-29T21:01:17Z,redis-cart,40.0,300,0.8,0.13333333333333333,0
2026-09-29T21:01:18Z,frontend,211.5,1150,0.8,0.18391304347826087,0
2026-09-29T21:01:18Z,cartservice,359.0,600,0.95,0.5983333333333334,0
2026-09-29T21:01:18Z,checkoutservice,491.0,800,0.8,0.61375,0
2026-09-29T21:01:18Z,productcatalogservice,378.0,600,0.95,0.63,0
2026-09-29T21:01:18Z,paymentservice,29.0,200,0.8,0.145,0
2026-09-29T21:01:18Z,recommendationservice,1104.0,1150,0.8,0.96,1
2026-09-29T21:01:18Z,shippingservice,53.0,400,0.8,0.1325,0
2026-09-29T21:01:18Z,currencyservice,450.0,650,0.8,0.6923076923076923,0
2026-09-29T21:01:18Z,emailservice,48.0,200,0.8,0.24,0
2026-09-29T21:01:18Z,adservice,76.0,600,0.8,0.12666666666666668,0
2026-09-29T21:01:18Z,redis-cart,38.0,300,0.8,0.12666666666666668,0
2026-09-29T21:01:19Z,frontend,211.16666666666666,1150,0.8,0.18362318840579708,0
2026-09-29T21:01:19Z,cartservice,373.0,600,0.95,0.6216666666666667,0
2026-09-29T21:01:19Z,checkoutservice,24.0,800,0.8,0.03,0
2026-09-29T21:01:19Z,productcatalogservice,294.0,600,0.95,0.49,0
2026-09-29T21:01:19Z,paymentservice,13.0,200,0.8,0.065,0
2026-09-29T21:01:19Z,recommendationservice,1104.0,1150,0.8,0.96,1
2026-09-29T21:01:19Z,shippingservice,38.0,400,0.8,0.095,0
2026-09-29T21:01:19Z,currencyservice,450.0,650,0.8,0.6923076923076923,0
2026-09-29T21:01:19Z,emailservice,48.0,200,0.8,0.24,0
2026-09-29T21:01:19Z,adservice,56.0,600,0.8,0.09333333333333334,0
2026-09-29T21:01:19Z,redis-cart,35.0,300,0.8,0.11666666666666667,0
2026-09-29T21:01:20Z,frontend,230.83333333333334,1150,0.8,0.20072463768115942,0
2026-09-29T21:01:20Z,cartservice,431.0,600,0.95,0.7183333333333334,0
2026-09-29T21:01:20Z,checkoutservice,402.0,800,0.8,0.5025,0
2026-09-29T21:01:20Z,productcatalogservice,294.0,600,0.95,0.49,0
2026-09-29T21:01:20Z,paymentservice,17.0,200,0.8,0.085,0
2026-09-29T21:01:20Z,recommendationservice,1131.0,1150,0.8,0.9834782608695652,1
2026-09-29T21:01:20Z,shippingservice,58.0,400,0.8,0.145,0
2026-09-29T21:01:20Z,currencyservice,402.0,650,0.8,0.6184615384615385,0
2026-09-29T21:01:20Z,emailservice,26.0,200,0.8,0.13,0
2026-09-29T21:01:20Z,adservice,71.0,600,0.8,0.11833333333333333,0
2026-09-29T21:01:20Z,redis-cart,35.0,300,0.8,0.11666666666666667,0
2026-09-29T21:01:21Z,frontend,228.16666666666666,1150,0.8,0.19840579710144926,0
2026-09-29T21:01:21Z,cartservice,431.0,600,0.95,0.7183333333333334,0
2026-09-29T21:01:21Z,checkoutservice,402.0,800,0.8,0.5025,0
2026-09-29T21:01:21Z,productcatalogservice,402.0,600,0.95,0.67,0
2026-09-29T21:01:21Z,paymentservice,30.0,200,0.8,0.15,0
2026-09-29T21:01:21Z,recommendationservice,1086.0,1150,0.8,0.9443478260869566,1
2026-09-29T21:01:21Z,shippingservice,58.0,400,0.8,0.145,0
2026-09-29T21:01:21Z,currencyservice,418.0,650,0.8,0.6430769230769231,0
2026-09-29T21:01:21Z,emailservice,60.0,200,0.8,0.3,0
2026-09-29T21:01:21Z,adservice,107.0,600,0.8,0.17833333333333334,0
2026-09-29T21:01:21Z,redis-cart,37.0,300,0.8,0.12333333333333334,0
2026-09-29T21:01:22Z,frontend,212.16666666666666,1150,0.8,0.1844927536231884,0
2026-09-29T21:01:22Z,cartservice,456.0,600,0.95,0.76,0
2026-09-29T21:01:22Z,checkoutservice,434.0,800,0.8,0.5425,0
2026-09-29T21:01:22Z,productcatalogservice,394.0,600,0.95,0.6566666666666666,0
2026-09-29T21:01:22Z,paymentservice,60.0,200,0.8,0.3,0
2026-09-29T21:01:22Z,recommendationservice,1086.0,1150,0.8,0.9443478260869566,1
2026-09-29T21:01:22Z,shippingservice,39.0,400,0.8,0.0975,0
2026-09-29T21:01:22Z,currencyservice,418.0,650,0.8,0.6430769230769231,0
2026-09-29T21:01:22Z,emailservice,60.0,200,0.8,0.3,0
2026-09-29T21:01:22Z,adservice,107.0,600,0.8,0.17833333333333334,0
2026-09-29T21:01:22Z,redis-cart,38.0,300,0.8,0.12666666666666668,0
2026-09-29T21:01:23Z,frontend,236.33333333333334,1150,0.8,0.20550724637681161,0
2026-09-29T21:01:23Z,cartservice,439.0,600,0.95,0.7316666666666667,0
2026-09-29T21:01:23Z,checkoutservice,434.0,800,0.8,0.5425,0
2026-09-29T21:01:23Z,productcatalogservice,334.0,600,0.95,0.5566666666666666,0
2026-09-29T21:01:23Z,paymentservice,60.0,200,0.8,0.3,0
2026-09-29T21:01:23Z,recommendationservice,1124.0,1150,0.8,0.9773913043478261,1
2026-09-29T21:01:23Z,shippingservice,49.0,400,0.8,0.1225,0
2026-09-29T21:01:23Z,currencyservice,408.0,650,0.8,0.6276923076923077,0
2026-09-29T21:01:23Z,emailservice,19.0,200,0.8,0.095,0
2026-09-29T21:01:23Z,adservice,51.0,600,0.8,0.085,0
2026-09-29T21:01:23Z,redis-cart,38.0,300,0.8,0.12666666666666668,0
2026-09-29T21:01:24Z,frontend,229.16666666666666,1150,0.8,0.19927536231884058,0
2026-09-29T21:01:24Z,cartservice,426.0,600,0.95,0.71,0
2026-09-29T21:01:24Z,checkoutservice,325.0,800,0.8,0.40625,0
2026-09-29T21:01:24Z,productcatalogservice,396.0,600,0.95,0.66,0
2026-09-29T21:01:24Z,paymentservice,18.0,200,0.8,0.09,0
2026-09-29T21:01:24Z,recommendationservice,1124.0,1150,0.8,0.9773913043478261,1
2026-09-29T21:01:24Z,shippingservice,49.0,400,0.8,0.1225,0
2026-09-29T21:01:24Z,currencyservice,408.0,650,0.8,0.6276923076923077,0
2026-09-29T21:01:24Z,emailservice,47.0,200,0.8,0.235,0
2026-09-29T21:01:24Z,adservice,82.0,600,0.8,0.13666666666666666,0
2026-09-29T21:01:24Z,redis-cart,38.0,300,0.8,0.12666666666666668,0
2026-09-29T21:01:25Z,frontend,228.0,1150,0.8,0.19826086956521738,0
2026-09-29T21:01:25Z,cartservice,426.0,600,0.95,0.71,0
2026-09-29T21:01:25Z,checkoutservice,419.0,800,0.8,0.52375,0
2026-09-29T21:01:25Z,productcatalogservice,396.0,600,0.95,0.66,0
2026-09-29T21:01:25Z,paymentservice,25.0,200,0.8,0.125,0
2026-09-29T21:01:25Z,recommendationservice,1128.0,1150,0.8,0.9808695652173913,1
2026-09-29T21:01:25Z,shippingservice,69.0,400,0.8,0.1725,0
2026-09-29T21:01:25Z,currencyservice,404.0,650,0.8,0.6215384615384615,0
2026-09-29T21:01:25Z,emailservice,58.0,200,0.8,0.29,0
2026-09-29T21:01:25Z,adservice,82.0,600,0.8,0.13666666666666666,0
2026-09-29T21:01:25Z,redis-cart,37.0,300,0.8,0.12333333333333334,0
2026-09-29T21:01:26Z,frontend,238.16666666666666,1150,0.8,0.2071014492753623,0
2026-09-29T21:01:26Z,cartservice,407.0,600,0.95,0.6783333333333333,0
2026-09-29T21:01:26Z,checkoutservice,419.0,800,0.8,0.52375,0
2026-09-29T21:01:26Z,productcatalogservice,369.0,600,0.95,0.615,0
2026-09-29T21:01:26Z,paymentservice,25.0,200,0.8,0.125,0
2026-09-29T21:01:26Z,recommendationservice,1128.0,1150,0.8,0.9808695652173913,1
2026-09-29T21:01:26Z,shippingservice,30.0,400,0.8,0.075,0
2026-09-29T21:01:26Z,currencyservice,412.0,650,0.8,0.6338461538461538,0
2026-09-29T21:01:26Z,emailservice,58.0,200,0.8,0.29,0
2026-09-29T21:01:26Z,adservice,71.0,600,0.8,0.11833333333333333,0
2026-09-29T21:01:26Z,redis-cart,37.0,300,0.8,0.12333333333333334,0
2026-09-29T21:01:27Z,frontend,218.16666666666666,1150,0.8,0.1897101449275362,0
2026-09-29T21:01:27Z,cartservice,407.0,600,0.95,0.6783333333333333,0
2026-09-29T21:01:27Z,checkoutservice,196.0,800,0.8,0.245,0
2026-09-29T21:01:27Z,productcatalogservice,369.0,600,0.95,0.615,0
2026-09-29T21:01:27Z,paymentservice,6.0,200,0.8,0.03,0
2026-09-29T21:01:27Z,recommendationservice,1134.0,1150,0.8,0.9860869565217392,1
2026-09-29T21:01:27Z,shippingservice,30.0,400,0.8,0.075,0
2026-09-29T21:01:27Z,currencyservice,412.0,650,0.8,0.6338461538461538,0
2026-09-29T21:01:27Z,emailservice,39.0,200,0.8,0.195,0
2026-09-29T21:01:27Z,adservice,61.0,600,0.8,0.10166666666666667,0
2026-09-29T21:01:27Z,redis-cart,36.0,300,0.8,0.12,0
2026-09-29T21:01:28Z,frontend,209.83333333333334,1150,0.8,0.18246376811594203,0
2026-09-29T21:01:28Z,cartservice,419.0,600,0.95,0.6983333333333334,0
2026-09-29T21:01:28Z,checkoutservice,196.0,800,0.8,0.245,0
2026-09-29T21:01:28Z,productcatalogservice,332.0,600,0.95,0.5533333333333333,0
2026-09-29T21:01:28Z,paymentservice,4.0,200,0.8,0.02,0
2026-09-29T21:01:28Z,recommendationservice,1100.0,1150,0.8,0.9565217391304348,1
2026-09-29T21:01:28Z,shippingservice,32.0,400,0.8,0.08,0
2026-09-29T21:01:28Z,currencyservice,381.0,650,0.8,0.5861538461538461,0
2026-09-29T21:01:28Z,emailservice,39.0,200,0.8,0.195,0
2026-09-29T21:01:28Z,adservice,38.0,600,0.8,0.06333333333333334,0
2026-09-29T21:01:28Z,redis-cart,34.0,300,0.8,0.11333333333333333,0
2026-09-29T21:01:29Z,frontend,196.0,1150,0.8,0.17043478260869566,0
2026-09-29T21:01:29Z,cartservice,379.0,600,0.95,0.6316666666666667,0
2026-09-29T21:01:29Z,checkoutservice,126.0,800,0.8,0.1575,0
2026-09-29T21:01:29Z,productcatalogservice,332.0,600,0.95,0.5533333333333333,0
2026-09-29T21:01:29Z,paymentservice,4.0,200,0.8,0.02,0
2026-09-29T21:01:29Z,recommendationservice,1122.0,1150,0.8,0.9756521739130435,1
2026-09-29T21:01:29Z,shippingservice,54.0,400,0.8,0.135,0
2026-09-29T21:01:29Z,currencyservice,381.0,650,0.8,0.5861538461538461,0
2026-09-29T21:01:29Z,emailservice,0.0,200,0.8,0.0,0
2026-09-29T21:01:29Z,adservice,50.0,600,0.8,0.08333333333333333,0
2026-09-29T21:01:29Z,redis-cart,34.0,300,0.8,0.11333333333333333,0
2026-09-29T21:01:30Z,frontend,200.5,1150,0.8,0.1743478260869565,0
2026-09-29T21:01:30Z,cartservice,379.0,600,0.95,0.6316666666666667,0
2026-09-29T21:01:30Z,checkoutservice,248.0,800,0.8,0.31,0
2026-09-29T21:01:30Z,productcatalogservice,334.0,600,0.95,0.5566666666666666,0
2026-09-29T21:01:30Z,paymentservice,17.0,200,0.8,0.085,0
2026-09-29T21:01:30Z,recommendationservice,1122.0,1150,0.8,0.9756521739130435,1
2026-09-29T21:01:30Z,shippingservice,54.0,400,0.8,0.135,0
2026-09-29T21:01:30Z,currencyservice,389.0,650,0.8,0.5984615384615385,0
2026-09-29T21:01:30Z,emailservice,30.0,200,0.8,0.15,0
2026-09-29T21:01:30Z,adservice,50.0,600,0.8,0.08333333333333333,0
2026-09-29T21:01:30Z,redis-cart,37.0,300,0.8,0.12333333333333334,0
2026-09-29T21:01:31Z,frontend,236.83333333333334,1150,0.8,0.20594202898550726,0
2026-09-29T21:01:31Z,cartservice,411.0,600,0.95,0.685,0
2026-09-29T21:01:31Z,checkoutservice,248.0,800,0.8,0.31,0
2026-09-29T21:01:31Z,productcatalogservice,392.0,600,0.95,0.6533333333333333,0
2026-09-29T21:01:31Z,paymentservice,24.0,200,0.8,0.12,0
2026-09-29T21:01:31Z,recommendationservice,1083.0,1150,0.8,0.9417391304347826,1
2026-09-29T21:01:31Z,shippingservice,50.0,400,0.8,0.125,0
2026-09-29T21:01:31Z,currencyservice,414.0,650,0.8,0.6369230769230769,0
2026-09-29T21:01:31Z,emailservice,30.0,200,0.8,0.15,0
2026-09-29T21:01:31Z,adservice,63.0,600,0.8,0.105,0
2026-09-29T21:01:31Z,redis-cart,37.0,300,0.8,0.12333333333333334,0
2026-09-29T21:01:32Z,frontend,240.0,1150,0.8,0.20869565217391303,0
2026-09-29T21:01:32Z,cartservice,411.0,600,0.95,0.685,0
2026-09-29T21:01:32Z,checkoutservice,412.0,800,0.8,0.515,0
2026-09-29T21:01:32Z,productcatalogservice,392.0,600,0.95,0.6533333333333333,0
2026-09-29T21:01:32Z,paymentservice,24.0,200,0.8,0.12,0
2026-09-29T21:01:32Z,recommendationservice,1139.0,1150,0.8,0.9904347826086957,1
2026-09-29T21:01:32Z,shippingservice,5.0,400,0.8,0.0125,0
2026-09-29T21:01:32Z,currencyservice,414.0,650,0.8,0.6369230769230769,0
2026-09-29T21:01:32Z,emailservice,76.0,200,0.8,0.38,0
2026-09-29T21:01:32Z,adservice,77.0,600,0.8,0.12833333333333333,0
2026-09-29T21:01:32Z,redis-cart,37.0,300,0.8,0.12333333333333334,0
2026-09-29T21:01:33Z,frontend,202.83333333333334,1150,0.8,0.1763768115942029,0
2026-09-29T21:01:33Z,cartservice,370.0,600,0.95,0.6166666666666667,0
2026-09-29T21:01:33Z,checkoutservice,36.0,800,0.8,0.045,0
2026-09-29T21:01:33Z,productcatalogservice,364.0,600,0.95,0.6066666666666667,0
2026-09-29T21:01:33Z,paymentservice,27.0,200,0.8,0.135,0
2026-09-29T21:01:33Z,recommendationservice,1139.0,1150,0.8,0.9904347826086957,1
2026-09-29T21:01:33Z,shippingservice,5.0,400,0.8,0.0125,0
2026-09-29T21:01:33Z,currencyservice,413.0,650,0.8,0.6353846153846154,0
2026-09-29T21:01:33Z,emailservice,4.0,200,0.8,0.02,0
2026-09-29T21:01:33Z,adservice,77.0,600,0.8,0.12833333333333333,0
2026-09-29T21:01:33Z,redis-cart,38.0,300,0.8,0.12666666666666668,0
2026-09-29T21:01:34Z,frontend,227.83333333333334,1150,0.8,0.19811594202898553,0
2026-09-29T21:01:34Z,cartservice,430.0,600,0.95,0.7166666666666667,0
2026-09-29T21:01:34Z,checkoutservice,180.0,800,0.8,0.225,0
2026-09-29T21:01:34Z,productcatalogservice,332.0,600,0.95,0.5533333333333333,0
2026-09-29T21:01:34Z,paymentservice,27.0,200,0.8,0.135,0
2026-09-29T21:01:34Z,recommendationservice,1140.0,1150,0.8,0.991304347826087,1
2026-09-29T21:01:34Z,shippingservice,58.0,400,0.8,0.145,0
2026-09-29T21:01:34Z,currencyservice,413.0,650,0.8,0.6353846153846154,0
2026-09-29T21:01:34Z,emailservice,24.0,200,0.8,0.12,0
2026-09-29T21:01:34Z,adservice,57.0,600,0.8,0.095,0
2026-09-29T21:01:34Z,redis-cart,38.0,300,0.8,0.12666666666666668,0
2026-09-29T21:01:35Z,frontend,280.8333333333333,1150,0.8,0.24420289855072463,0
2026-09-29T21:01:35Z,cartservice,459.0,600,0.95,0.765,0
2026-09-29T21:01:35Z,checkoutservice,180.0,800,0.8,0.225,0
2026-09-29T21:01:35Z,productcatalogservice,332.0,600,0.95,0.5533333333333333,0
2026-09-29T21:01:35Z,paymentservice,7.0,200,0.8,0.035,0
2026-09-29T21:01:35Z,recommendationservice,1131.0,1150,0.8,0.9834782608695652,1
2026-09-29T21:01:35Z,shippingservice,15.0,400,0.8,0.0375,0
2026-09-29T21:01:35Z,currencyservice,477.0,650,0.8,0.7338461538461538,0
2026-09-29T21:01:35Z,emailservice,15.0,200,0.8,0.075,0
2026-09-29T21:01:35Z,adservice,46.0,600,0.8,0.07666666666666666,0
2026-09-29T21:01:35Z,redis-cart,49.0,300,0.8,0.16333333333333333,0
2026-09-29T21:01:36Z,frontend,285.0,1150,0.8,0.24782608695652175,0
2026-09-29T21:01:36Z,cartservice,459.0,600,0.95,0.765,0
2026-09-29T21:01:36Z,checkoutservice,465.0,800,0.8,0.58125,0
2026-09-29T21:01:36Z,productcatalogservice,372.0,600,0.95,0.62,0
2026-09-29T21:01:36Z,paymentservice,52.0,200,0.8,0.26,0
2026-09-29T21:01:36Z,recommendationservice,730.0,1150,0.8,0.6347826086956522,0
2026-09-29T21:01:36Z,shippingservice,15.0,400,0.8,0.0375,0
2026-09-29T21:01:36Z,currencyservice,477.0,650,0.8,0.7338461538461538,0
2026-09-29T21:01:36Z,emailservice,149.0,200,0.8,0.745,0
2026-09-29T21:01:36Z,adservice,172.0,600,0.8,0.2866666666666667,0
2026-09-29T21:01:36Z,redis-cart,40.0,300,0.8,0.13333333333333333,0
2026-09-29T21:01:37Z,frontend,262.6666666666667,1150,0.8,0.2284057971014493,0
2026-09-29T21:01:37Z,cartservice,433.0,600,0.95,0.7216666666666667,0
2026-09-29T21:01:37Z,checkoutservice,465.0,800,0.8,0.58125,0
2026-09-29T21:01:37Z,productcatalogservice,372.0,600,0.95,0.62,0
2026-09-29T21:01:37Z,paymentservice,27.0,200,0.8,0.135,0
2026-09-29T21:01:37Z,recommendationservice,730.0,1150,0.8,0.6347826086956522,0
2026-09-29T21:01:37Z,shippingservice,113.0,400,0.8,0.2825,0
2026-09-29T21:01:37Z,currencyservice,533.0,650,0.8,0.82,1
2026-09-29T21:01:37Z,emailservice,149.0,200,0.8,0.745,0
2026-09-29T21:01:37Z,adservice,172.0,600,0.8,0.2866666666666667,0
2026-09-29T21:01:37Z,redis-cart,39.0,300,0.8,0.13,0
2026-09-29T21:01:38Z,frontend,188.83333333333334,1150,0.8,0.16420289855072465,0
2026-09-29T21:01:38Z,cartservice,358.0,600,0.95,0.5966666666666667,0
2026-09-29T21:01:38Z,checkoutservice,384.0,800,0.8,0.48,0
2026-09-29T21:01:38Z,productcatalogservice,365.0,600,0.95,0.6083333333333333,0
2026-09-29T21:01:38Z,paymentservice,0.0,200,0.8,0.0,0
2026-09-29T21:01:38Z,recommendationservice,1108.0,1150,0.8,0.9634782608695652,1
2026-09-29T21:01:38Z,shippingservice,113.0,400,0.8,0.2825,0
2026-09-29T21:01:38Z,currencyservice,388.0,650,0.8,0.5969230769230769,0
2026-09-29T21:01:38Z,emailservice,26.0,200,0.8,0.13,0
2026-09-29T21:01:38Z,adservice,61.0,600,0.8,0.10166666666666667,0
2026-09-29T21:01:38Z,redis-cart,39.0,300,0.8,0.13,0
2026-09-29T21:01:39Z,frontend,220.33333333333334,1150,0.8,0.19159420289855073,0
2026-09-29T21:01:39Z,cartservice,358.0,600,0.95,0.5966666666666667,0
2026-09-29T21:01:39Z,checkoutservice,0.0,800,0.8,0.0,0
2026-09-29T21:01:39Z,productcatalogservice,301.0,600,0.95,0.5016666666666667,0
2026-09-29T21:01:39Z,paymentservice,0.0,200,0.8,0.0,0
2026-09-29T21:01:39Z,recommendationservice,0.0,1150,0.8,0.0,0
2026-09-29T21:01:39Z,shippingservice,30.0,400,0.8,0.075,0
2026-09-29T21:01:39Z,currencyservice,388.0,650,0.8,0.5969230769230769,0
2026-09-29T21:01:39Z,emailservice,26.0,200,0.8,0.13,0
2026-09-29T21:01:39Z,adservice,38.0,600,0.8,0.06333333333333334,0
2026-09-29T21:01:39Z,redis-cart,33.0,300,0.8,0.11,0
2026-09-29T21:01:40Z,frontend,297.6666666666667,1150,0.8,0.25884057971014496,0
2026-09-29T21:01:40Z,cartservice,421.0,600,0.95,0.7016666666666667,0
2026-09-29T21:01:40Z,checkoutservice,14.0,800,0.8,0.0175,0
2026-09-29T21:01:40Z,productcatalogservice,301.0,600,0.95,0.5016666666666667,0
2026-09-29T21:01:40Z,paymentservice,0.0,200,0.8,0.0,0
2026-09-29T21:01:40Z,recommendationservice,706.0,1150,0.8,0.6139130434782609,0
2026-09-29T21:01:40Z,shippingservice,0.0,400,0.8,0.0,0
2026-09-29T21:01:40Z,currencyservice,410.0,650,0.8,0.6307692307692307,0
2026-09-29T21:01:40Z,emailservice,0.0,200,0.8,0.0,0
2026-09-29T21:01:40Z,adservice,38.0,600,0.8,0.06333333333333334,0
2026-09-29T21:01:40Z,redis-cart,37.0,300,0.8,0.12333333333333334,0
2026-09-29T21:01:41Z,frontend,205.83333333333334,1150,0.8,0.17898550724637682,0
2026-09-29T21:01:41Z,cartservice,421.0,600,0.95,0.7016666666666667,0
2026-09-29T21:01:41Z,checkoutservice,14.0,800,0.8,0.0175,0
2026-09-29T21:01:41Z,productcatalogservice,183.0,600,0.95,0.305,0
2026-09-29T21:01:41Z,paymentservice,0.0,200,0.8,0.0,0
2026-09-29T21:01:41Z,recommendationservice,706.0,1150,0.8,0.6139130434782609,0
2026-09-29T21:01:41Z,shippingservice,29.0,400,0.8,0.0725,0
2026-09-29T21:01:41Z,currencyservice,418.0,650,0.8,0.6430769230769231,0
2026-09-29T21:01:41Z,emailservice,55.0,200,0.8,0.275,0
2026-09-29T21:01:41Z,adservice,40.0,600,0.8,0.06666666666666667,0
2026-09-29T21:01:41Z,redis-cart,37.0,300,0.8,0.12333333333333334,0
2026-09-29T21:01:42Z,frontend,222.33333333333334,1150,0.8,0.19333333333333333,0
2026-09-29T21:01:42Z,cartservice,364.0,600,0.95,0.6066666666666667,0
2026-09-29T21:01:42Z,checkoutservice,683.0,800,0.8,0.85375,1
2026-09-29T21:01:42Z,productcatalogservice,447.0,600,0.95,0.745,0
2026-09-29T21:01:42Z,paymentservice,66.0,200,0.8,0.33,0
2026-09-29T21:01:42Z,recommendationservice,723.0,1150,0.8,0.628695652173913,0
2026-09-29T21:01:42Z,shippingservice,29.0,400,0.8,0.0725,0
2026-09-29T21:01:42Z,currencyservice,418.0,650,0.8,0.6430769230769231,0
2026-09-29T21:01:42Z,emailservice,120.0,200,0.8,0.6,0
2026-09-29T21:01:42Z,adservice,40.0,600,0.8,0.06666666666666667,0
2026-09-29T21:01:42Z,redis-cart,33.0,300,0.8,0.11,0
2026-09-29T21:01:43Z,frontend,241.83333333333334,1150,0.8,0.21028985507246378,0
2026-09-29T21:01:43Z,cartservice,362.0,600,0.95,0.6033333333333334,0
2026-09-29T21:01:43Z,checkoutservice,683.0,800,0.8,0.85375,1
2026-09-29T21:01:43Z,productcatalogservice,447.0,600,0.95,0.745,0
2026-09-29T21:01:43Z,paymentservice,45.0,200,0.8,0.225,0
2026-09-29T21:01:43Z,recommendationservice,723.0,1150,0.8,0.628695652173913,0
2026-09-29T21:01:43Z,shippingservice,117.0,400,0.8,0.2925,0
2026-09-29T21:01:43Z,currencyservice,512.0,650,0.8,0.7876923076923077,0
2026-09-29T21:01:43Z,emailservice,120.0,200,0.8,0.6,0
2026-09-29T21:01:43Z,adservice,120.0,600,0.8,0.2,0
2026-09-29T21:01:43Z,redis-cart,33.0,300,0.8,0.11,0
2026-09-29T21:01:44Z,frontend,188.0,1150,0.8,0.1634782608695652,0
2026-09-29T21:01:44Z,cartservice,376.0,600,0.95,0.6266666666666667,0
2026-09-29T21:01:44Z,checkoutservice,445.0,800,0.8,0.55625,0
2026-09-29T21:01:44Z,productcatalogservice,400.0,600,0.95,0.6666666666666666,0
2026-09-29T21:01:44Z,paymentservice,45.0,200,0.8,0.225,0
2026-09-29T21:01:44Z,recommendationservice,1136.0,1150,0.8,0.9878260869565217,1
2026-09-29T21:01:44Z,shippingservice,47.0,400,0.8,0.1175,0
2026-09-29T21:01:44Z,currencyservice,512.0,650,0.8,0.7876923076923077,0
2026-09-29T21:01:44Z,emailservice,62.0,200,0.8,0.31,0
2026-09-29T21:01:44Z,adservice,68.0,600,0.8,0.11333333333333333,0
2026-09-29T21:01:44Z,redis-cart,34.0,300,0.8,0.11333333333333333,0
2026-09-29T21:01:45Z,frontend,228.66666666666666,1150,0.8,0.19884057971014493,0
2026-09-29T21:01:45Z,cartservice,376.0,600,0.95,0.6266666666666667,0
2026-09-29T21:01:45Z,checkoutservice,513.0,800,0.8,0.64125,0
2026-09-29T21:01:45Z,productcatalogservice,401.0,600,0.95,0.6683333333333333,0
2026-09-29T21:01:45Z,paymentservice,29.0,200,0.8,0.145,0
2026-09-29T21:01:45Z,recommendationservice,1114.0,1150,0.8,0.9686956521739131,1
2026-09-29T21:01:45Z,shippingservice,47.0,400,0.8,0.1175,0
2026-09-29T21:01:45Z,currencyservice,391.0,650,0.8,0.6015384615384616,0
2026-09-29T21:01:45Z,emailservice,62.0,200,0.8,0.31,0
2026-09-29T21:01:45Z,adservice,73.0,600,0.8,0.12166666666666667,0
2026-09-29T21:01:45Z,redis-cart,34.0,300,0.8,0.11333333333333333,0
2026-09-29T21:01:46Z,frontend,213.83333333333334,1150,0.8,0.18594202898550727,0
2026-09-29T21:01:46Z,cartservice,416.0,600,0.95,0.6933333333333334,0
2026-09-29T21:01:46Z,checkoutservice,162.0,800,0.8,0.2025,0
2026-09-29T21:01:46Z,productcatalogservice,351.0,600,0.95,0.585,0
2026-09-29T21:01:46Z,paymentservice,4.0,200,0.8,0.02,0
2026-09-29T21:01:46Z,recommendationservice,1119.0,1150,0.8,0.9730434782608696,1
2026-09-29T21:01:46Z,shippingservice,32.0,400,0.8,0.08,0
2026-09-29T21:01:46Z,currencyservice,391.0,650,0.8,0.6015384615384616,0
2026-09-29T21:01:46Z,emailservice,44.0,200,0.8,0.22,0
2026-09-29T21:01:46Z,adservice,73.0,600,0.8,0.12166666666666667,0
2026-09-29T21:01:46Z,redis-cart,37.0,300,0.8,0.12333333333333334,0
2026-09-29T21:01:47Z,frontend,202.66666666666666,1150,0.8,0.176231884057971,0
2026-09-29T21:01:47Z,cartservice,416.0,600,0.95,0.6933333333333334,0
2026-09-29T21:01:47Z,checkoutservice,162.0,800,0.8,0.2025,0
2026-09-29T21:01:47Z,productcatalogservice,351.0,600,0.95,0.585,0
2026-09-29T21:01:47Z,paymentservice,24.0,200,0.8,0.12,0
2026-09-29T21:01:47Z,recommendationservice,1119.0,1150,0.8,0.9730434782608696,1
2026-09-29T21:01:47Z,shippingservice,50.0,400,0.8,0.125,0
2026-09-29T21:01:47Z,currencyservice,401.0,650,0.8,0.6169230769230769,0
2026-09-29T21:01:47Z,emailservice,44.0,200,0.8,0.22,0
2026-09-29T21:01:47Z,adservice,69.0,600,0.8,0.115,0
2026-09-29T21:01:47Z,redis-cart,36.0,300,0.8,0.12,0
2026-09-29T21:01:48Z,frontend,217.66666666666666,1150,0.8,0.18927536231884057,0
2026-09-29T21:01:48Z,cartservice,369.0,600,0.95,0.615,0
2026-09-29T21:01:48Z,checkoutservice,185.0,800,0.8,0.23125,0
2026-09-29T21:01:48Z,productcatalogservice,336.0,600,0.95,0.56,0
2026-09-29T21:01:48Z,paymentservice,0.0,200,0.8,0.0,0
2026-09-29T21:01:48Z,recommendationservice,1137.0,1150,0.8,0.9886956521739131,1
2026-09-29T21:01:48Z,shippingservice,25.0,400,0.8,0.0625,0
2026-09-29T21:01:48Z,currencyservice,383.0,650,0.8,0.5892307692307692,0
2026-09-29T21:01:48Z,emailservice,18.0,200,0.8,0.09,0
2026-09-29T21:01:48Z,adservice,36.0,600,0.8,0.06,0
2026-09-29T21:01:48Z,redis-cart,35.0,300,0.8,0.11666666666666667,0
2026-09-29T21:01:49Z,frontend,197.33333333333334,1150,0.8,0.17159420289855074,0
2026-09-29T21:01:49Z,cartservice,391.0,600,0.95,0.6516666666666666,0
2026-09-29T21:01:49Z,checkoutservice,95.0,800,0.8,0.11875,0
2026-09-29T21:01:49Z,productcatalogservice,319.0,600,0.95,0.5316666666666666,0
2026-09-29T21:01:49Z,paymentservice,0.0,200,0.8,0.0,0
2026-09-29T21:01:49Z,recommendationservice,1138.0,1150,0.8,0.9895652173913043,1
2026-09-29T21:01:49Z,shippingservice,25.0,400,0.8,0.0625,0
2026-09-29T21:01:49Z,currencyservice,383.0,650,0.8,0.5892307692307692,0
2026-09-29T21:01:49Z,emailservice,18.0,200,0.8,0.09,0
2026-09-29T21:01:49Z,adservice,36.0,600,0.8,0.06,0
2026-09-29T21:01:49Z,redis-cart,35.0,300,0.8,0.11666666666666667,0
2026-09-29T21:01:50Z,frontend,218.16666666666666,1150,0.8,0.1897101449275362,0
2026-09-29T21:01:50Z,cartservice,391.0,600,0.95,0.6516666666666666,0
2026-09-29T21:01:50Z,checkoutservice,542.0,800,0.8,0.6775,0
2026-09-29T21:01:50Z,productcatalogservice,319.0,600,0.95,0.5316666666666666,0
2026-09-29T21:01:50Z,paymentservice,20.0,200,0.8,0.1,0
2026-09-29T21:01:50Z,recommendationservice,1138.0,1150,0.8,0.9895652173913043,1
2026-09-29T21:01:50Z,shippingservice,42.0,400,0.8,0.105,0
2026-09-29T21:01:50Z,currencyservice,414.0,650,0.8,0.6369230769230769,0
2026-09-29T21:01:50Z,emailservice,28.0,200,0.8,0.14,0
2026-09-29T21:01:50Z,adservice,55.0,600,0.8,0.09166666666666666,0
2026-09-29T21:01:50Z,redis-cart,39.0,300,0.8,0.13,0
2026-09-29T21:01:51Z,frontend,225.16666666666666,1150,0.8,0.19579710144927534,0
2026-09-29T21:01:51Z,cartservice,391.0,600,0.95,0.6516666666666666,0
2026-09-29T21:01:51Z,checkoutservice,313.0,800,0.8,0.39125,0
2026-09-29T21:01:51Z,productcatalogservice,372.0,600,0.95,0.62,0
2026-09-29T21:01:51Z,paymentservice,20.0,200,0.8,0.1,0
2026-09-29T21:01:51Z,recommendationservice,1125.0,1150,0.8,0.9782608695652174,1
2026-09-29T21:01:51Z,shippingservice,58.0,400,0.8,0.145,0
2026-09-29T21:01:51Z,currencyservice,414.0,650,0.8,0.6369230769230769,0
2026-09-29T21:01:51Z,emailservice,65.0,200,0.8,0.325,0
2026-09-29T21:01:51Z,adservice,71.0,600,0.8,0.11833333333333333,0
2026-09-29T21:01:51Z,redis-cart,39.0,300,0.8,0.13,0
2026-09-29T21:01:52Z,frontend,219.83333333333334,1150,0.8,0.19115942028985508,0
2026-09-29T21:01:52Z,cartservice,383.0,600,0.95,0.6383333333333333,0
2026-09-29T21:01:52Z,checkoutservice,11.0,800,0.8,0.01375,0
2026-09-29T21:01:52Z,productcatalogservice,405.0,600,0.95,0.675,0
2026-09-29T21:01:52Z,paymentservice,31.0,200,0.8,0.155,0
2026-09-29T21:01:52Z,recommendationservice,1127.0,1150,0.8,0.98,1
2026-09-29T21:01:52Z,shippingservice,58.0,400,0.8,0.145,0
2026-09-29T21:01:52Z,currencyservice,409.0,650,0.8,0.6292307692307693,0
2026-09-29T21:01:52Z,emailservice,65.0,200,0.8,0.325,0
2026-09-29T21:01:52Z,adservice,84.0,600,0.8,0.14,0
2026-09-29T21:01:52Z,redis-cart,37.0,300,0.8,0.12333333333333334,0
2026-09-29T21:01:53Z,frontend,209.83333333333334,1150,0.8,0.18246376811594203,0
2026-09-29T21:01:53Z,cartservice,383.0,600,0.95,0.6383333333333333,0
2026-09-29T21:01:53Z,checkoutservice,11.0,800,0.8,0.01375,0
2026-09-29T21:01:53Z,productcatalogservice,405.0,600,0.95,0.675,0
2026-09-29T21:01:53Z,paymentservice,10.0,200,0.8,0.05,0
2026-09-29T21:01:53Z,recommendationservice,1127.0,1150,0.8,0.98,1
2026-09-29T21:01:53Z,shippingservice,21.0,400,0.8,0.0525,0
2026-09-29T21:01:53Z,currencyservice,370.0,650,0.8,0.5692307692307692,0
2026-09-29T21:01:53Z,emailservice,19.0,200,0.8,0.095,0
2026-09-29T21:01:53Z,adservice,84.0,600,0.8,0.14,0
2026-09-29T21:01:53Z,redis-cart,39.0,300,0.8,0.13,0
2026-09-29T21:01:54Z,frontend,200.33333333333334,1150,0.8,0.17420289855072466,0
2026-09-29T21:01:54Z,cartservice,363.0,600,0.95,0.605,0
2026-09-29T21:01:54Z,checkoutservice,92.0,800,0.8,0.115,0
2026-09-29T21:01:54Z,productcatalogservice,309.0,600,0.95,0.515,0
2026-09-29T21:01:54Z,paymentservice,10.0,200,0.8,0.05,0
2026-09-29T21:01:54Z,recommendationservice,1151.0,1150,0.8,1.0008695652173913,1
2026-09-29T21:01:54Z,shippingservice,16.0,400,0.8,0.04,0
2026-09-29T21:01:54Z,currencyservice,396.0,650,0.8,0.6092307692307692,0
2026-09-29T21:01:54Z,emailservice,9.0,200,0.8,0.045,0
2026-09-29T21:01:54Z,adservice,50.0,600,0.8,0.08333333333333333,0
2026-09-29T21:01:54Z,redis-cart,37.0,300,0.8,0.12333333333333334,0
2026-09-29T21:01:55Z,frontend,215.33333333333334,1150,0.8,0.1872463768115942,0
2026-09-29T21:01:55Z,cartservice,363.0,600,0.95,0.605,0
2026-09-29T21:01:55Z,checkoutservice,92.0,800,0.8,0.115,0
2026-09-29T21:01:55Z,productcatalogservice,304.0,600,0.95,0.5066666666666667,0
2026-09-29T21:01:55Z,paymentservice,4.0,200,0.8,0.02,0
2026-09-29T21:01:55Z,recommendationservice,1145.0,1150,0.8,0.9956521739130435,1
2026-09-29T21:01:55Z,shippingservice,16.0,400,0.8,0.04,0
2026-09-29T21:01:55Z,currencyservice,396.0,650,0.8,0.6092307692307692,0
2026-09-29T21:01:55Z,emailservice,9.0,200,0.8,0.045,0
2026-09-29T21:01:55Z,adservice,50.0,600,0.8,0.08333333333333333,0
2026-09-29T21:01:55Z,redis-cart,37.0,300,0.8,0.12333333333333334,0
2026-09-29T21:01:56Z,frontend,221.5,1150,0.8,0.19260869565217392,0
2026-09-29T21:01:56Z,cartservice,397.0,600,0.95,0.6616666666666666,0
2026-09-29T21:01:56Z,checkoutservice,12.0,800,0.8,0.015,0
2026-09-29T21:01:56Z,productcatalogservice,304.0,600,0.95,0.5066666666666667,0
2026-09-29T21:01:56Z,paymentservice,0.0,200,0.8,0.0,0
2026-09-29T21:01:56Z,recommendationservice,1145.0,1150,0.8,0.9956521739130435,1
2026-09-29T21:01:56Z,shippingservice,0.0,400,0.8,0.0,0
2026-09-29T21:01:56Z,currencyservice,385.0,650,0.8,0.5923076923076923,0
2026-09-29T21:01:56Z,emailservice,0.0,200,0.8,0.0,0
2026-09-29T21:01:56Z,adservice,40.0,600,0.8,0.06666666666666667,0
2026-09-29T21:01:56Z,redis-cart,38.0,300,0.8,0.12666666666666668,0
2026-09-29T21:01:57Z,frontend,209.0,1150,0.8,0.1817391304347826,0
2026-09-29T21:01:57Z,cartservice,389.0,600,0.95,0.6483333333333333,0
2026-09-29T21:01:57Z,checkoutservice,253.0,800,0.8,0.31625,0
2026-09-29T21:01:57Z,productcatalogservice,301.0,600,0.95,0.5016666666666667,0
2026-09-29T21:01:57Z,paymentservice,0.0,200,0.8,0.0,0
2026-09-29T21:01:57Z,recommendationservice,1141.0,1150,0.8,0.9921739130434782,1
2026-09-29T21:01:57Z,shippingservice,0.0,400,0.8,0.0,0
2026-09-29T21:01:57Z,currencyservice,450.0,650,0.8,0.6923076923076923,0
2026-09-29T21:01:57Z,emailservice,45.0,200,0.8,0.225,0
2026-09-29T21:01:57Z,adservice,60.0,600,0.8,0.1,0
2026-09-29T21:01:57Z,redis-cart,37.0,300,0.8,0.12333333333333334,0
2026-09-29T21:01:58Z,frontend,220.83333333333334,1150,0.8,0.1920289855072464,0
2026-09-29T21:01:58Z,cartservice,420.0,600,0.95,0.7,0
2026-09-29T21:01:58Z,checkoutservice,0.0,800,0.8,0.0,0
2026-09-29T21:01:58Z,productcatalogservice,301.0,600,0.95,0.5016666666666667,0
2026-09-29T21:01:58Z,paymentservice,14.0,200,0.8,0.07,0
2026-09-29T21:01:58Z,recommendationservice,1117.0,1150,0.8,0.971304347826087,1
2026-09-29T21:01:58Z,shippingservice,47.0,400,0.8,0.1175,0
2026-09-29T21:01:58Z,currencyservice,450.0,650,0.8,0.6923076923076923,0
2026-09-29T21:01:58Z,emailservice,45.0,200,0.8,0.225,0
2026-09-29T21:01:58Z,adservice,60.0,600,0.8,0.1,0
2026-09-29T21:01:58Z,redis-cart,37.0,300,0.8,0.12333333333333334,0
2026-09-29T21:01:59Z,frontend,217.16666666666666,1150,0.8,0.18884057971014492,0
2026-09-29T21:01:59Z,cartservice,420.0,600,0.95,0.7,0
2026-09-29T21:01:59Z,checkoutservice,0.0,800,0.8,0.0,0
2026-09-29T21:01:59Z,productcatalogservice,300.0,600,0.95,0.5,0
2026-09-29T21:01:59Z,paymentservice,14.0,200,0.8,0.07,0
2026-09-29T21:01:59Z,recommendationservice,1162.0,1150,0.8,1.0104347826086957,1
2026-09-29T21:01:59Z,shippingservice,47.0,400,0.8,0.1175,0
2026-09-29T21:01:59Z,currencyservice,443.0,650,0.8,0.6815384615384615,0
2026-09-29T21:01:59Z,emailservice,12.0,200,0.8,0.06,0
2026-09-29T21:01:59Z,adservice,47.0,600,0.8,0.07833333333333334,0
2026-09-29T21:01:59Z,redis-cart,39.0,300,0.8,0.13,0
2026-09-29T21:02:00Z,frontend,216.66666666666666,1150,0.8,0.18840579710144928,0
2026-09-29T21:02:00Z,cartservice,408.0,600,0.95,0.68,0
2026-09-29T21:02:00Z,checkoutservice,0.0,800,0.8,0.0,0
2026-09-29T21:02:00Z,productcatalogservice,233.0,600,0.95,0.3883333333333333,0
2026-09-29T21:02:00Z,paymentservice,0.0,200,0.8,0.0,0
2026-09-29T21:02:00Z,recommendationservice,1162.0,1150,0.8,1.0104347826086957,1
2026-09-29T21:02:00Z,shippingservice,0.0,400,0.8,0.0,0
2026-09-29T21:02:00Z,currencyservice,392.0,650,0.8,0.6030769230769231,0
2026-09-29T21:02:00Z,emailservice,0.0,200,0.8,0.0,0
2026-09-29T21:02:00Z,adservice,51.0,600,0.8,0.085,0
2026-09-29T21:02:00Z,redis-cart,39.0,300,0.8,0.13,0
2026-09-29T21:02:01Z,frontend,226.66666666666666,1150,0.8,0.1971014492753623,0
2026-09-29T21:02:01Z,cartservice,386.0,600,0.95,0.6433333333333333,0
2026-09-29T21:02:01Z,checkoutservice,47.0,800,0.8,0.05875,0
2026-09-29T21:02:01Z,productcatalogservice,233.0,600,0.95,0.3883333333333333,0
2026-09-29T21:02:01Z,paymentservice,3.0,200,0.8,0.015,0
2026-09-29T21:02:01Z,recommendationservice,1139.0,1150,0.8,0.9904347826086957,1
2026-09-29T21:02:01Z,shippingservice,0.0,400,0.8,0.0,0
2026-09-29T21:02:01Z,currencyservice,392.0,650,0.8,0.6030769230769231,0
2026-09-29T21:02:01Z,emailservice,0.0,200,0.8,0.0,0
2026-09-29T21:02:01Z,adservice,51.0,600,0.8,0.085,0
2026-09-29T21:02:01Z,redis-cart,40.0,300,0.8,0.13333333333333333,0
2026-09-29T21:02:02Z,frontend,229.66666666666666,1150,0.8,0.19971014492753622,0
2026-09-29T21:02:02Z,cartservice,386.0,600,0.95,0.6433333333333333,0
2026-09-29T21:02:02Z,checkoutservice,177.0,800,0.8,0.22125,0
2026-09-29T21:02:02Z,productcatalogservice,326.0,600,0.95,0.5433333333333333,0
2026-09-29T21:02:02Z,paymentservice,3.0,200,0.8,0.015,0
2026-09-29T21:02:02Z,recommendationservice,1159.0,1150,0.8,1.0078260869565216,1
2026-09-29T21:02:02Z,shippingservice,0.0,400,0.8,0.0,0
2026-09-29T21:02:02Z,currencyservice,401.0,650,0.8,0.6169230769230769,0
2026-09-29T21:02:02Z,emailservice,49.0,200,0.8,0.245,0
2026-09-29T21:02:02Z,adservice,49.0,600,0.8,0.08166666666666667,0
2026-09-29T21:02:02Z,redis-cart,40.0,300,0.8,0.13333333333333333,0
2026-09-29T21:02:03Z,frontend,218.66666666666666,1150,0.8,0.19014492753623188,0
2026-09-29T21:02:03Z,cartservice,366.0,600,0.95,0.61,0
2026-09-29T21:02:03Z,checkoutservice,9.0,800,0.8,0.01125,0
2026-09-29T21:02:03Z,productcatalogservice,326.0,600,0.95,0.5433333333333333,0
2026-09-29T21:02:03Z,paymentservice,42.0,200,0.8,0.21,0
2026-09-29T21:02:03Z,recommendationservice,1159.0,1150,0.8,1.0078260869565216,1
2026-09-29T21:02:03Z,shippingservice,25.0,400,0.8,0.0625,0
2026-09-29T21:02:03Z,currencyservice,372.0,650,0.8,0.5723076923076923,0
2026-09-29T21:02:03Z,emailservice,0.0,200,0.8,0.0,0
2026-09-29T21:02:03Z,adservice,49.0,600,0.8,0.08166666666666667,0
2026-09-29T21:02:03Z,redis-cart,36.0,300,0.8,0.12,0
2026-09-29T21:02:04Z,frontend,208.0,1150,0.8,0.1808695652173913,0
2026-09-29T21:02:04Z,cartservice,353.0,600,0.95,0.5883333333333334,0
2026-09-29T21:02:04Z,checkoutservice,9.0,800,0.8,0.01125,0
2026-09-29T21:02:04Z,productcatalogservice,263.0,600,0.95,0.43833333333333335,0
2026-09-29T21:02:04Z,paymentservice,0.0,200,0.8,0.0,0
2026-09-29T21:02:04Z,recommendationservice,1139.0,1150,0.8,0.9904347826086957,1
2026-09-29T21:02:04Z,shippingservice,25.0,400,0.8,0.0625,0
2026-09-29T21:02:04Z,currencyservice,372.0,650,0.8,0.5723076923076923,0
2026-09-29T21:02:04Z,emailservice,3.0,200,0.8,0.015,0
2026-09-29T21:02:04Z,adservice,50.0,600,0.8,0.08333333333333333,0
2026-09-29T21:02:04Z,redis-cart,40.0,300,0.8,0.13333333333333333,0
2026-09-29T21:02:05Z,frontend,210.0,1150,0.8,0.1826086956521739,0
2026-09-29T21:02:05Z,cartservice,353.0,600,0.95,0.5883333333333334,0
2026-09-29T21:02:05Z,checkoutservice,19.0,800,0.8,0.02375,0
2026-09-29T21:02:05Z,productcatalogservice,263.0,600,0.95,0.43833333333333335,0
2026-09-29T21:02:05Z,paymentservice,0.0,200,0.8,0.0,0
2026-09-29T21:02:05Z,recommendationservice,1139.0,1150,0.8,0.9904347826086957,1
2026-09-29T21:02:05Z,shippingservice,0.0,400,0.8,0.0,0
2026-09-29T21:02:05Z,currencyservice,392.0,650,0.8,0.6030769230769231,0
2026-09-29T21:02:05Z,emailservice,0.0,200,0.8,0.0,0
2026-09-29T21:02:05Z,adservice,49.0,600,0.8,0.08166666666666667,0
2026-09-29T21:02:05Z,redis-cart,41.0,300,0.8,0.13666666666666666,0
2026-09-29T21:02:06Z,frontend,223.5,1150,0.8,0.19434782608695653,0
2026-09-29T21:02:06Z,cartservice,381.0,600,0.95,0.635,0
2026-09-29T21:02:06Z,checkoutservice,19.0,800,0.8,0.02375,0
2026-09-29T21:02:06Z,productcatalogservice,247.0,600,0.95,0.4116666666666667,0
2026-09-29T21:02:06Z,paymentservice,0.0,200,0.8,0.0,0
2026-09-29T21:02:06Z,recommendationservice,1145.0,1150,0.8,0.9956521739130435,1
2026-09-29T21:02:06Z,shippingservice,0.0,400,0.8,0.0,0
2026-09-29T21:02:06Z,currencyservice,374.0,650,0.8,0.5753846153846154,0
2026-09-29T21:02:06Z,emailservice,0.0,200,0.8,0.0,0
2026-09-29T21:02:06Z,adservice,49.0,600,0.8,0.08166666666666667,0
2026-09-29T21:02:06Z,redis-cart,41.0,300,0.8,0.13666666666666666,0
2026-09-29T21:02:07Z,frontend,226.0,1150,0.8,0.19652173913043477,0
2026-09-29T21:02:07Z,cartservice,381.0,600,0.95,0.635,0
2026-09-29T21:02:07Z,checkoutservice,9.0,800,0.8,0.01125,0
2026-09-29T21:02:07Z,productcatalogservice,223.0,600,0.95,0.37166666666666665,0
2026-09-29T21:02:07Z,paymentservice,0.0,200,0.8,0.0,0
2026-09-29T21:02:07Z,recommendationservice,1163.0,1150,0.8,1.011304347826087,1
2026-09-29T21:02:07Z,shippingservice,0.0,400,0.8,0.0,0
2026-09-29T21:02:07Z,currencyservice,427.0,650,0.8,0.6569230769230769,0
2026-09-29T21:02:07Z,emailservice,39.0,200,0.8,0.195,0
2026-09-29T21:02:07Z,adservice,95.0,600,0.8,0.15833333333333333,0
2026-09-29T21:02:07Z,redis-cart,37.0,300,0.8,0.12333333333333334,0
2026-09-29T21:02:08Z,frontend,223.33333333333334,1150,0.8,0.19420289855072465,0
2026-09-29T21:02:08Z,cartservice,425.0,600,0.95,0.7083333333333334,0
2026-09-29T21:02:08Z,checkoutservice,40.0,800,0.8,0.05,0
2026-09-29T21:02:08Z,productcatalogservice,223.0,600,0.95,0.37166666666666665,0
2026-09-29T21:02:08Z,paymentservice,0.0,200,0.8,0.0,0
2026-09-29T21:02:08Z,recommendationservice,1163.0,1150,0.8,1.011304347826087,1
2026-09-29T21:02:08Z,shippingservice,0.0,400,0.8,0.0,0
2026-09-29T21:02:08Z,currencyservice,427.0,650,0.8,0.6569230769230769,0
2026-09-29T21:02:08Z,emailservice,39.0,200,0.8,0.195,0
2026-09-29T21:02:08Z,adservice,95.0,600,0.8,0.15833333333333333,0
2026-09-29T21:02:08Z,redis-cart,38.0,300,0.8,0.12666666666666668,0
2026-09-29T21:02:09Z,frontend,222.16666666666666,1150,0.8,0.19318840579710145,0
2026-09-29T21:02:09Z,cartservice,366.0,600,0.95,0.61,0
2026-09-29T21:02:09Z,checkoutservice,40.0,800,0.8,0.05,0
2026-09-29T21:02:09Z,productcatalogservice,239.0,600,0.95,0.3983333333333333,0
2026-09-29T21:02:09Z,paymentservice,0.0,200,0.8,0.0,0
2026-09-29T21:02:09Z,recommendationservice,1134.0,1150,0.8,0.9860869565217392,1
2026-09-29T21:02:09Z,shippingservice,0.0,400,0.8,0.0,0
2026-09-29T21:02:09Z,currencyservice,428.0,650,0.8,0.6584615384615384,0
2026-09-29T21:02:09Z,emailservice,6.0,200,0.8,0.03,0
2026-09-29T21:02:09Z,adservice,47.0,600,0.8,0.07833333333333334,0
2026-09-29T21:02:09Z,redis-cart,38.0,300,0.8,0.12666666666666668,0
2026-09-29T21:02:10Z,frontend,267.0,1150,0.8,0.23217391304347826,0
2026-09-29T21:02:10Z,cartservice,366.0,600,0.95,0.61,0
2026-09-29T21:02:10Z,checkoutservice,132.0,800,0.8,0.165,0
2026-09-29T21:02:10Z,productcatalogservice,304.0,600,0.95,0.5066666666666667,0
2026-09-29T21:02:10Z,paymentservice,0.0,200,0.8,0.0,0
2026-09-29T21:02:10Z,recommendationservice,936.0,1150,0.8,0.8139130434782609,1
2026-09-29T21:02:10Z,shippingservice,29.0,400,0.8,0.0725,0
2026-09-29T21:02:10Z,currencyservice,428.0,650,0.8,0.6584615384615384,0
2026-09-29T21:02:10Z,emailservice,6.0,200,0.8,0.03,0
2026-09-29T21:02:10Z,adservice,48.0,600,0.8,0.08,0
2026-09-29T21:02:10Z,redis-cart,42.0,300,0.8,0.14,0
2026-09-29T21:02:11Z,frontend,303.1666666666667,1150,0.8,0.2636231884057971,0
2026-09-29T21:02:11Z,cartservice,489.0,600,0.95,0.815,0
2026-09-29T21:02:11Z,checkoutservice,764.0,800,0.8,0.955,1
2026-09-29T21:02:11Z,productcatalogservice,304.0,600,0.95,0.5066666666666667,0
2026-09-29T21:02:11Z,paymentservice,33.0,200,0.8,0.165,0
2026-09-29T21:02:11Z,recommendationservice,936.0,1150,0.8,0.8139130434782609,1
2026-09-29T21:02:11Z,shippingservice,29.0,400,0.8,0.0725,0
2026-09-29T21:02:11Z,currencyservice,534.0,650,0.8,0.8215384615384616,1
2026-09-29T21:02:11Z,emailservice,53.0,200,0.8,0.265,0
2026-09-29T21:02:11Z,adservice,144.0,600,0.8,0.24,0
2026-09-29T21:02:11Z,redis-cart,42.0,300,0.8,0.14,0
2026-09-29T21:02:12Z,frontend,261.6666666666667,1150,0.8,0.227536231884058,0
2026-09-29T21:02:12Z,cartservice,489.0,600,0.95,0.815,0
2026-09-29T21:02:12Z,checkoutservice,323.0,800,0.8,0.40375,0
2026-09-29T21:02:12Z,productcatalogservice,445.0,600,0.95,0.7416666666666667,0
2026-09-29T21:02:12Z,paymentservice,33.0,200,0.8,0.165,0
2026-09-29T21:02:12Z,recommendationservice,965.0,1150,0.8,0.8391304347826087,1
2026-09-29T21:02:12Z,shippingservice,85.0,400,0.8,0.2125,0
2026-09-29T21:02:12Z,currencyservice,495.0,650,0.8,0.7615384615384615,0
2026-09-29T21:02:12Z,emailservice,65.0,200,0.8,0.325,0
2026-09-29T21:02:12Z,adservice,61.0,600,0.8,0.10166666666666667,0
2026-09-29T21:02:12Z,redis-cart,43.0,300,0.8,0.14333333333333334,0
2026-09-29T21:02:13Z,frontend,224.0,1150,0.8,0.19478260869565217,0
2026-09-29T21:02:13Z,cartservice,364.0,600,0.95,0.6066666666666667,0
2026-09-29T21:02:13Z,checkoutservice,323.0,800,0.8,0.40375,0
2026-09-29T21:02:13Z,productcatalogservice,358.0,600,0.95,0.5966666666666667,0
2026-09-29T21:02:13Z,paymentservice,48.0,200,0.8,0.24,0
2026-09-29T21:02:13Z,recommendationservice,965.0,1150,0.8,0.8391304347826087,1
2026-09-29T21:02:13Z,shippingservice,40.0,400,0.8,0.1,0
2026-09-29T21:02:13Z,currencyservice,402.0,650,0.8,0.6184615384615385,0
2026-09-29T21:02:13Z,emailservice,65.0,200,0.8,0.325,0
2026-09-29T21:02:13Z,adservice,61.0,600,0.8,0.10166666666666667,0
2026-09-29T21:02:13Z,redis-cart,43.0,300,0.8,0.14333333333333334,0
2026-09-29T21:02:14Z,frontend,222.16666666666666,1150,0.8,0.19318840579710145,0
2026-09-29T21:02:14Z,cartservice,351.0,600,0.95,0.585,0
2026-09-29T21:02:14Z,checkoutservice,107.0,800,0.8,0.13375,0
2026-09-29T21:02:14Z,productcatalogservice,306.0,600,0.95,0.51,0
2026-09-29T21:02:14Z,paymentservice,0.0,200,0.8,0.0,0
2026-09-29T21:02:14Z,recommendationservice,0.0,1150,0.8,0.0,0
2026-09-29T21:02:14Z,shippingservice,0.0,400,0.8,0.0,0
2026-09-29T21:02:14Z,currencyservice,476.0,650,0.8,0.7323076923076923,0
2026-09-29T21:02:14Z,emailservice,13.0,200,0.8,0.065,0
2026-09-29T21:02:14Z,adservice,51.0,600,0.8,0.085,0
2026-09-29T21:02:14Z,redis-cart,37.0,300,0.8,0.12333333333333334,0
2026-09-29T21:02:15Z,frontend,226.0,1150,0.8,0.19652173913043477,0
2026-09-29T21:02:15Z,cartservice,351.0,600,0.95,0.585,0
2026-09-29T21:02:15Z,checkoutservice,0.0,800,0.8,0.0,0
2026-09-29T21:02:15Z,productcatalogservice,306.0,600,0.95,0.51,0
2026-09-29T21:02:15Z,paymentservice,0.0,200,0.8,0.0,0
2026-09-29T21:02:15Z,recommendationservice,0.0,1150,0.8,0.0,0
2026-09-29T21:02:15Z,shippingservice,0.0,400,0.8,0.0,0
2026-09-29T21:02:15Z,currencyservice,476.0,650,0.8,0.7323076923076923,0
2026-09-29T21:02:15Z,emailservice,13.0,200,0.8,0.065,0
2026-09-29T21:02:15Z,adservice,39.0,600,0.8,0.065,0
2026-09-29T21:02:15Z,redis-cart,39.0,300,0.8,0.13,0
2026-09-29T21:02:16Z,frontend,253.16666666666666,1150,0.8,0.22014492753623188,0
2026-09-29T21:02:16Z,cartservice,378.0,600,0.95,0.63,0
2026-09-29T21:02:16Z,checkoutservice,0.0,800,0.8,0.0,0
2026-09-29T21:02:16Z,productcatalogservice,157.0,600,0.95,0.26166666666666666,0
2026-09-29T21:02:16Z,paymentservice,0.0,200,0.8,0.0,0
2026-09-29T21:02:16Z,recommendationservice,0.0,1150,0.8,0.0,0
2026-09-29T21:02:16Z,shippingservice,0.0,400,0.8,0.0,0
2026-09-29T21:02:16Z,currencyservice,389.0,650,0.8,0.5984615384615385,0
2026-09-29T21:02:16Z,emailservice,3.0,200,0.8,0.015,0
2026-09-29T21:02:16Z,adservice,34.0,600,0.8,0.056666666666666664,0
2026-09-29T21:02:16Z,redis-cart,34.0,300,0.8,0.11333333333333333,0
2026-09-29T21:02:17Z,frontend,238.0,1150,0.8,0.20695652173913043,0
2026-09-29T21:02:17Z,cartservice,395.0,600,0.95,0.6583333333333333,0
2026-09-29T21:02:17Z,checkoutservice,0.0,800,0.8,0.0,0
2026-09-29T21:02:17Z,productcatalogservice,141.0,600,0.95,0.235,0
2026-09-29T21:02:17Z,paymentservice,0.0,200,0.8,0.0,0
2026-09-29T21:02:17Z,recommendationservice,0.0,1150,0.8,0.0,0
2026-09-29T21:02:17Z,shippingservice,0.0,400,0.8,0.0,0
2026-09-29T21:02:17Z,currencyservice,457.0,650,0.8,0.703076923076923,0
2026-09-29T21:02:17Z,emailservice,3.0,200,0.8,0.015,0
2026-09-29T21:02:17Z,adservice,34.0,600,0.8,0.056666666666666664,0
2026-09-29T21:02:17Z,redis-cart,34.0,300,0.8,0.11333333333333333,0
2026-09-29T21:02:18Z,frontend,233.5,1150,0.8,0.20304347826086958,0
2026-09-29T21:02:18Z,cartservice,395.0,600,0.95,0.6583333333333333,0
2026-09-29T21:02:18Z,checkoutservice,5.0,800,0.8,0.00625,0
2026-09-29T21:02:18Z,productcatalogservice,154.0,600,0.95,0.25666666666666665,0
2026-09-29T21:02:18Z,paymentservice,0.0,200,0.8,0.0,0
2026-09-29T21:02:18Z,recommendationservice,0.0,1150,0.8,0.0,0
2026-09-29T21:02:18Z,shippingservice,0.0,400,0.8,0.0,0
2026-09-29T21:02:18Z,currencyservice,457.0,650,0.8,0.703076923076923,0
2026-09-29T21:02:18Z,emailservice,26.0,200,0.8,0.13,0
2026-09-29T21:02:18Z,adservice,33.0,600,0.8,0.055,0
2026-09-29T21:02:18Z,redis-cart,34.0,300,0.8,0.11333333333333333,0
2026-09-29T21:02:19Z,frontend,221.33333333333334,1150,0.8,0.19246376811594204,0
2026-09-29T21:02:19Z,cartservice,391.0,600,0.95,0.6516666666666666,0
2026-09-29T21:02:19Z,checkoutservice,5.0,800,0.8,0.00625,0
2026-09-29T21:02:19Z,productcatalogservice,154.0,600,0.95,0.25666666666666665,0
2026-09-29T21:02:19Z,paymentservice,0.0,200,0.8,0.0,0
2026-09-29T21:02:19Z,recommendationservice,0.0,1150,0.8,0.0,0
2026-09-29T21:02:19Z,shippingservice,32.0,400,0.8,0.08,0
2026-09-29T21:02:19Z,currencyservice,413.0,650,0.8,0.6353846153846154,0
2026-09-29T21:02:19Z,emailservice,0.0,200,0.8,0.0,0
2026-09-29T21:02:19Z,adservice,41.0,600,0.8,0.06833333333333333,0
2026-09-29T21:02:19Z,redis-cart,37.0,300,0.8,0.12333333333333334,0
2026-09-29T21:02:20Z,frontend,226.33333333333334,1150,0.8,0.19681159420289857,0
2026-09-29T21:02:20Z,cartservice,433.0,600,0.95,0.7216666666666667,0
2026-09-29T21:02:20Z,checkoutservice,0.0,800,0.8,0.0,0
2026-09-29T21:02:20Z,productcatalogservice,168.0,600,0.95,0.28,0
2026-09-29T21:02:20Z,paymentservice,0.0,200,0.8,0.0,0
2026-09-29T21:02:20Z,recommendationservice,0.0,1150,0.8,0.0,0
2026-09-29T21:02:20Z,shippingservice,0.0,400,0.8,0.0,0
2026-09-29T21:02:20Z,currencyservice,482.0,650,0.8,0.7415384615384616,0
2026-09-29T21:02:20Z,emailservice,0.0,200,0.8,0.0,0
2026-09-29T21:02:20Z,adservice,43.0,600,0.8,0.07166666666666667,0
2026-09-29T21:02:20Z,redis-cart,37.0,300,0.8,0.12333333333333334,0
2026-09-29T21:02:21Z,frontend,243.16666666666666,1150,0.8,0.21144927536231883,0
2026-09-29T21:02:21Z,cartservice,416.0,600,0.95,0.6933333333333334,0
2026-09-29T21:02:21Z,checkoutservice,40.0,800,0.8,0.05,0
2026-09-29T21:02:21Z,productcatalogservice,168.0,600,0.95,0.28,0
2026-09-29T21:02:21Z,paymentservice,0.0,200,0.8,0.0,0
2026-09-29T21:02:21Z,recommendationservice,0.0,1150,0.8,0.0,0
2026-09-29T21:02:21Z,shippingservice,0.0,400,0.8,0.0,0
2026-09-29T21:02:21Z,currencyservice,482.0,650,0.8,0.7415384615384616,0
2026-09-29T21:02:21Z,emailservice,38.0,200,0.8,0.19,0
2026-09-29T21:02:21Z,adservice,83.0,600,0.8,0.13833333333333334,0
2026-09-29T21:02:21Z,redis-cart,39.0,300,0.8,0.13,0
2026-09-29T21:02:22Z,frontend,238.0,1150,0.8,0.20695652173913043,0
2026-09-29T21:02:22Z,cartservice,416.0,600,0.95,0.6933333333333334,0
2026-09-29T21:02:22Z,checkoutservice,3.0,800,0.8,0.00375,0
2026-09-29T21:02:22Z,productcatalogservice,192.0,600,0.95,0.32,0
2026-09-29T21:02:22Z,paymentservice,42.0,200,0.8,0.21,0
2026-09-29T21:02:22Z,recommendationservice,0.0,1150,0.8,0.0,0
2026-09-29T21:02:22Z,shippingservice,0.0,400,0.8,0.0,0
2026-09-29T21:02:22Z,currencyservice,444.0,650,0.8,0.683076923076923,0
2026-09-29T21:02:22Z,emailservice,38.0,200,0.8,0.19,0
2026-09-29T21:02:22Z,adservice,83.0,600,0.8,0.13833333333333334,0
2026-09-29T21:02:22Z,redis-cart,39.0,300,0.8,0.13,0
2026-09-29T21:02:23Z,frontend,229.16666666666666,1150,0.8,0.19927536231884058,0
2026-09-29T21:02:23Z,cartservice,501.0,600,0.95,0.835,0
2026-09-29T21:02:23Z,checkoutservice,3.0,800,0.8,0.00375,0
2026-09-29T21:02:23Z,productcatalogservice,158.0,600,0.95,0.2633333333333333,0
2026-09-29T21:02:23Z,paymentservice,42.0,200,0.8,0.21,0
2026-09-29T21:02:23Z,recommendationservice,0.0,1150,0.8,0.0,0
2026-09-29T21:02:23Z,shippingservice,0.0,400,0.8,0.0,0
2026-09-29T21:02:23Z,currencyservice,390.0,650,0.8,0.6,0
2026-09-29T21:02:23Z,emailservice,0.0,200,0.8,0.0,0
2026-09-29T21:02:23Z,adservice,41.0,600,0.8,0.06833333333333333,0
2026-09-29T21:02:23Z,redis-cart,38.0,300,0.8,0.12666666666666668,0
2026-09-29T21:02:24Z,frontend,226.66666666666666,1150,0.8,0.1971014492753623,0
2026-09-29T21:02:24Z,cartservice,501.0,600,0.95,0.835,0
2026-09-29T21:02:24Z,checkoutservice,0.0,800,0.8,0.0,0
2026-09-29T21:02:24Z,productcatalogservice,145.0,600,0.95,0.24166666666666667,0
2026-09-29T21:02:24Z,paymentservice,0.0,200,0.8,0.0,0
2026-09-29T21:02:24Z,recommendationservice,0.0,1150,0.8,0.0,0
2026-09-29T21:02:24Z,shippingservice,14.0,400,0.8,0.035,0
2026-09-29T21:02:24Z,currencyservice,390.0,650,0.8,0.6,0
2026-09-29T21:02:24Z,emailservice,0.0,200,0.8,0.0,0
2026-09-29T21:02:24Z,adservice,39.0,600,0.8,0.065,0
2026-09-29T21:02:24Z,redis-cart,33.0,300,0.8,0.11,0
2026-09-29T21:02:25Z,frontend,235.0,1150,0.8,0.20434782608695654,0
2026-09-29T21:02:25Z,cartservice,462.0,600,0.95,0.77,0
2026-09-29T21:02:25Z,checkoutservice,0.0,800,0.8,0.0,0
2026-09-29T21:02:25Z,productcatalogservice,151.0,600,0.95,0.25166666666666665,0
2026-09-29T21:02:25Z,paymentservice,0.0,200,0.8,0.0,0
2026-09-29T21:02:25Z,recommendationservice,0.0,1150,0.8,0.0,0
2026-09-29T21:02:25Z,shippingservice,0.0,400,0.8,0.0,0
2026-09-29T21:02:25Z,currencyservice,454.0,650,0.8,0.6984615384615385,0
2026-09-29T21:02:25Z,emailservice,0.0,200,0.8,0.0,0
2026-09-29T21:02:25Z,adservice,39.0,600,0.8,0.065,0
2026-09-29T21:02:25Z,redis-cart,33.0,300,0.8,0.11,0
2026-09-29T21:02:26Z,frontend,251.33333333333334,1150,0.8,0.21855072463768116,0
2026-09-29T21:02:26Z,cartservice,518.0,600,0.95,0.8633333333333333,0
2026-09-29T21:02:26Z,checkoutservice,0.0,800,0.8,0.0,0
2026-09-29T21:02:26Z,productcatalogservice,163.0,600,0.95,0.27166666666666667,0
2026-09-29T21:02:26Z,paymentservice,0.0,200,0.8,0.0,0
2026-09-29T21:02:26Z,recommendationservice,0.0,1150,0.8,0.0,0
2026-09-29T21:02:26Z,shippingservice,0.0,400,0.8,0.0,0
2026-09-29T21:02:26Z,currencyservice,454.0,650,0.8,0.6984615384615385,0
2026-09-29T21:02:26Z,emailservice,32.0,200,0.8,0.16,0
2026-09-29T21:02:26Z,adservice,40.0,600,0.8,0.06666666666666667,0
2026-09-29T21:02:26Z,redis-cart,38.0,300,0.8,0.12666666666666668,0
2026-09-29T21:02:27Z,frontend,212.33333333333334,1150,0.8,0.1846376811594203,0
2026-09-29T21:02:27Z,cartservice,450.0,600,0.95,0.75,0
2026-09-29T21:02:27Z,checkoutservice,0.0,800,0.8,0.0,0
2026-09-29T21:02:27Z,productcatalogservice,163.0,600,0.95,0.27166666666666667,0
2026-09-29T21:02:27Z,paymentservice,0.0,200,0.8,0.0,0
2026-09-29T21:02:27Z,recommendationservice,0.0,1150,0.8,0.0,0
2026-09-29T21:02:27Z,shippingservice,0.0,400,0.8,0.0,0
2026-09-29T21:02:27Z,currencyservice,430.0,650,0.8,0.6615384615384615,0
2026-09-29T21:02:27Z,emailservice,0.0,200,0.8,0.0,0
2026-09-29T21:02:27Z,adservice,40.0,600,0.8,0.06666666666666667,0
2026-09-29T21:02:27Z,redis-cart,32.0,300,0.8,0.10666666666666667,0
2026-09-29T21:02:28Z,frontend,248.0,1150,0.8,0.21565217391304348,0
2026-09-29T21:02:28Z,cartservice,450.0,600,0.95,0.75,0
2026-09-29T21:02:28Z,checkoutservice,0.0,800,0.8,0.0,0
2026-09-29T21:02:28Z,productcatalogservice,141.0,600,0.95,0.235,0
2026-09-29T21:02:28Z,paymentservice,0.0,200,0.8,0.0,0
2026-09-29T21:02:28Z,recommendationservice,0.0,1150,0.8,0.0,0
2026-09-29T21:02:28Z,shippingservice,0.0,400,0.8,0.0,0
2026-09-29T21:02:28Z,currencyservice,415.0,650,0.8,0.6384615384615384,0
2026-09-29T21:02:28Z,emailservice,0.0,200,0.8,0.0,0
2026-09-29T21:02:28Z,adservice,40.0,600,0.8,0.06666666666666667,0
2026-09-29T21:02:28Z,redis-cart,34.0,300,0.8,0.11333333333333333,0
2026-09-29T21:02:29Z,frontend,254.33333333333334,1150,0.8,0.22115942028985508,0
2026-09-29T21:02:29Z,cartservice,546.0,600,0.95,0.91,0
2026-09-29T21:02:29Z,checkoutservice,0.0,800,0.8,0.0,0
2026-09-29T21:02:29Z,productcatalogservice,141.0,600,0.95,0.235,0
2026-09-29T21:02:29Z,paymentservice,0.0,200,0.8,0.0,0
2026-09-29T21:02:29Z,recommendationservice,0.0,1150,0.8,0.0,0
2026-09-29T21:02:29Z,shippingservice,0.0,400,0.8,0.0,0
2026-09-29T21:02:29Z,currencyservice,415.0,650,0.8,0.6384615384615384,0
2026-09-29T21:02:29Z,emailservice,0.0,200,0.8,0.0,0
2026-09-29T21:02:29Z,adservice,36.0,600,0.8,0.06,0
2026-09-29T21:02:29Z,redis-cart,34.0,300,0.8,0.11333333333333333,0
2026-09-29T21:02:30Z,frontend,231.0,1150,0.8,0.2008695652173913,0
2026-09-29T21:02:30Z,cartservice,546.0,600,0.95,0.91,0
2026-09-29T21:02:30Z,checkoutservice,0.0,800,0.8,0.0,0
2026-09-29T21:02:30Z,productcatalogservice,156.0,600,0.95,0.26,0
2026-09-29T21:02:30Z,paymentservice,0.0,200,0.8,0.0,0
2026-09-29T21:02:30Z,recommendationservice,0.0,1150,0.8,0.0,0
2026-09-29T21:02:30Z,shippingservice,22.0,400,0.8,0.055,0
2026-09-29T21:02:30Z,currencyservice,434.0,650,0.8,0.6676923076923077,0
2026-09-29T21:02:30Z,emailservice,0.0,200,0.8,0.0,0
2026-09-29T21:02:30Z,adservice,36.0,600,0.8,0.06,0
2026-09-29T21:02:30Z,redis-cart,33.0,300,0.8,0.11,0
2026-09-29T21:02:31Z,frontend,244.5,1150,0.8,0.2126086956521739,0
2026-09-29T21:02:31Z,cartservice,490.0,600,0.95,0.8166666666666667,0
2026-09-29T21:02:31Z,checkoutservice,52.0,800,0.8,0.065,0
2026-09-29T21:02:31Z,productcatalogservice,186.0,600,0.95,0.31,0
2026-09-29T21:02:31Z,paymentservice,0.0,200,0.8,0.0,0
2026-09-29T21:02:31Z,recommendationservice,0.0,1150,0.8,0.0,0
2026-09-29T21:02:31Z,shippingservice,0.0,400,0.8,0.0,0
2026-09-29T21:02:31Z,currencyservice,416.0,650,0.8,0.64,0
2026-09-29T21:02:31Z,emailservice,31.0,200,0.8,0.155,0
2026-09-29T21:02:31Z,adservice,36.0,600,0.8,0.06,0
2026-09-29T21:02:31Z,redis-cart,33.0,300,0.8,0.11,0
2026-09-29T21:02:32Z,frontend,234.66666666666666,1150,0.8,0.20405797101449274,0
2026-09-29T21:02:32Z,cartservice,490.0,600,0.95,0.8166666666666667,0
2026-09-29T21:02:32Z,checkoutservice,11.0,800,0.8,0.01375,0
2026-09-29T21:02:32Z,productcatalogservice,186.0,600,0.95,0.31,0
2026-09-29T21:02:32Z,paymentservice,0.0,200,0.8,0.0,0
2026-09-29T21:02:32Z,recommendationservice,0.0,1150,0.8,0.0,0
2026-09-29T21:02:32Z,shippingservice,0.0,400,0.8,0.0,0
2026-09-29T21:02:32Z,currencyservice,416.0,650,0.8,0.64,0
2026-09-29T21:02:32Z,emailservice,31.0,200,0.8,0.155,0
2026-09-29T21:02:32Z,adservice,36.0,600,0.8,0.06,0
2026-09-29T21:02:32Z,redis-cart,33.0,300,0.8,0.11,0
2026-09-29T21:02:33Z,frontend,199.16666666666666,1150,0.8,0.17318840579710143,0
2026-09-29T21:02:33Z,cartservice,517.0,600,0.95,0.8616666666666667,0
2026-09-29T21:02:33Z,checkoutservice,11.0,800,0.8,0.01375,0
2026-09-29T21:02:33Z,productcatalogservice,147.0,600,0.95,0.245,0
2026-09-29T21:02:33Z,paymentservice,22.0,200,0.8,0.11,0
2026-09-29T21:02:33Z,recommendationservice,0.0,1150,0.8,0.0,0
2026-09-29T21:02:33Z,shippingservice,0.0,400,0.8,0.0,0
2026-09-29T21:02:33Z,currencyservice,424.0,650,0.8,0.6523076923076923,0
2026-09-29T21:02:33Z,emailservice,0.0,200,0.8,0.0,0
2026-09-29T21:02:33Z,adservice,36.0,600,0.8,0.06,0
2026-09-29T21:02:33Z,redis-cart,33.0,300,0.8,0.11,0
2026-09-29T21:02:34Z,frontend,270.2,1150,0.8,0.23495652173913043,0
2026-09-29T21:02:34Z,cartservice,488.0,600,0.95,0.8133333333333334,0
2026-09-29T21:02:34Z,checkoutservice,3.0,800,0.8,0.00375,0
2026-09-29T21:02:34Z,productcatalogservice,147.0,600,0.95,0.245,0
2026-09-29T21:02:34Z,paymentservice,22.0,200,0.8,0.11,0
2026-09-29T21:02:34Z,recommendationservice,0.0,1150,0.8,0.0,0
2026-09-29T21:02:34Z,shippingservice,19.0,400,0.8,0.0475,0
2026-09-29T21:02:34Z,currencyservice,424.0,650,0.8,0.6523076923076923,0
2026-09-29T21:02:34Z,emailservice,0.0,200,0.8,0.0,0
2026-09-29T21:02:34Z,adservice,36.0,600,0.8,0.06,0
2026-09-29T21:02:34Z,redis-cart,34.0,300,0.8,0.11333333333333333,0
2026-09-29T21:02:35Z,frontend,261.6,1150,0.8,0.22747826086956524,0
2026-09-29T21:02:35Z,cartservice,488.0,600,0.95,0.8133333333333334,0
2026-09-29T21:02:35Z,checkoutservice,0.0,800,0.8,0.0,0
2026-09-29T21:02:35Z,productcatalogservice,139.0,600,0.95,0.23166666666666666,0
2026-09-29T21:02:35Z,paymentservice,0.0,200,0.8,0.0,0
2026-09-29T21:02:35Z,recommendationservice,0.0,1150,0.8,0.0,0
2026-09-29T21:02:35Z,shippingservice,0.0,400,0.8,0.0,0
2026-09-29T21:02:35Z,currencyservice,417.0,650,0.8,0.6415384615384615,0
2026-09-29T21:02:35Z,emailservice,0.0,200,0.8,0.0,0
2026-09-29T21:02:35Z,adservice,32.0,600,0.8,0.05333333333333334,0
2026-09-29T21:02:35Z,redis-cart,34.0,300,0.8,0.11333333333333333,0
2026-09-29T21:02:36Z,frontend,211.0,1150,0.8,0.18347826086956523,0
2026-09-29T21:02:36Z,cartservice,474.0,600,0.95,0.79,0
2026-09-29T21:02:36Z,checkoutservice,0.0,800,0.8,0.0,0
2026-09-29T21:02:36Z,productcatalogservice,126.0,600,0.95,0.21,0
2026-09-29T21:02:36Z,paymentservice,0.0,200,0.8,0.0,0
2026-09-29T21:02:36Z,recommendationservice,0.0,1150,0.8,0.0,0
2026-09-29T21:02:36Z,shippingservice,0.0,400,0.8,0.0,0
2026-09-29T21:02:36Z,currencyservice,388.0,650,0.8,0.5969230769230769,0
2026-09-29T21:02:36Z,emailservice,0.0,200,0.8,0.0,0
2026-09-29T21:02:36Z,adservice,32.0,600,0.8,0.05333333333333334,0
2026-09-29T21:02:36Z,redis-cart,32.0,300,0.8,0.10666666666666667,0
2026-09-29T21:02:37Z,frontend,236.83333333333334,1150,0.8,0.20594202898550726,0
2026-09-29T21:02:37Z,cartservice,474.0,600,0.95,0.79,0
2026-09-29T21:02:37Z,checkoutservice,0.0,800,0.8,0.0,0
2026-09-29T21:02:37Z,productcatalogservice,126.0,600,0.95,0.21,0
2026-09-29T21:02:37Z,paymentservice,0.0,200,0.8,0.0,0
2026-09-29T21:02:37Z,recommendationservice,0.0,1150,0.8,0.0,0
2026-09-29T21:02:37Z,shippingservice,0.0,400,0.8,0.0,0
2026-09-29T21:02:37Z,currencyservice,388.0,650,0.8,0.5969230769230769,0
2026-09-29T21:02:37Z,emailservice,30.0,200,0.8,0.15,0
2026-09-29T21:02:37Z,adservice,65.0,600,0.8,0.10833333333333334,0
2026-09-29T21:02:37Z,redis-cart,32.0,300,0.8,0.10666666666666667,0
2026-09-29T21:02:38Z,frontend,206.83333333333334,1150,0.8,0.1798550724637681,0
2026-09-29T21:02:38Z,cartservice,483.0,600,0.95,0.805,0
2026-09-29T21:02:38Z,checkoutservice,0.0,800,0.8,0.0,0
2026-09-29T21:02:38Z,productcatalogservice,155.0,600,0.95,0.25833333333333336,0
2026-09-29T21:02:38Z,paymentservice,0.0,200,0.8,0.0,0
2026-09-29T21:02:38Z,recommendationservice,0.0,1150,0.8,0.0,0
2026-09-29T21:02:38Z,shippingservice,35.0,400,0.8,0.0875,0
2026-09-29T21:02:38Z,currencyservice,399.0,650,0.8,0.6138461538461538,0
2026-09-29T21:02:38Z,emailservice,3.0,200,0.8,0.015,0
2026-09-29T21:02:38Z,adservice,65.0,600,0.8,0.10833333333333334,0
2026-09-29T21:02:38Z,redis-cart,35.0,300,0.8,0.11666666666666667,0
2026-09-29T21:02:39Z,frontend,250.5,1150,0.8,0.21782608695652175,0
2026-09-29T21:02:39Z,cartservice,483.0,600,0.95,0.805,0
2026-09-29T21:02:39Z,checkoutservice,0.0,800,0.8,0.0,0
2026-09-29T21:02:39Z,productcatalogservice,142.0,600,0.95,0.23666666666666666,0
2026-09-29T21:02:39Z,paymentservice,0.0,200,0.8,0.0,0
2026-09-29T21:02:39Z,recommendationservice,0.0,1150,0.8,0.0,0
2026-09-29T21:02:39Z,shippingservice,0.0,400,0.8,0.0,0
2026-09-29T21:02:39Z,currencyservice,399.0,650,0.8,0.6138461538461538,0
2026-09-29T21:02:39Z,emailservice,3.0,200,0.8,0.015,0
2026-09-29T21:02:39Z,adservice,37.0,600,0.8,0.06166666666666667,0
2026-09-29T21:02:39Z,redis-cart,34.0,300,0.8,0.11333333333333333,0
2026-09-29T21:02:40Z,frontend,246.2,1150,0.8,0.21408695652173912,0
2026-09-29T21:02:40Z,cartservice,475.0,600,0.95,0.7916666666666666,0
2026-09-29T21:02:40Z,checkoutservice,0.0,800,0.8,0.0,0
2026-09-29T21:02:40Z,productcatalogservice,142.0,600,0.95,0.23666666666666666,0
2026-09-29T21:02:40Z,paymentservice,0.0,200,0.8,0.0,0
2026-09-29T21:02:40Z,recommendationservice,0.0,1150,0.8,0.0,0
2026-09-29T21:02:40Z,shippingservice,0.0,400,0.8,0.0,0
2026-09-29T21:02:40Z,currencyservice,468.0,650,0.8,0.72,0
2026-09-29T21:02:40Z,emailservice,0.0,200,0.8,0.0,0
2026-09-29T21:02:40Z,adservice,37.0,600,0.8,0.06166666666666667,0
2026-09-29T21:02:40Z,redis-cart,31.0,300,0.8,0.10333333333333333,0
2026-09-29T21:02:41Z,frontend,226.6,1150,0.8,0.19704347826086957,0
2026-09-29T21:02:41Z,cartservice,497.0,600,0.95,0.8283333333333334,0
2026-09-29T21:02:41Z,checkoutservice,0.0,800,0.8,0.0,0
2026-09-29T21:02:41Z,productcatalogservice,172.0,600,0.95,0.2866666666666667,0
2026-09-29T21:02:41Z,paymentservice,0.0,200,0.8,0.0,0
2026-09-29T21:02:41Z,recommendationservice,0.0,1150,0.8,0.0,0
2026-09-29T21:02:41Z,shippingservice,0.0,400,0.8,0.0,0
2026-09-29T21:02:41Z,currencyservice,411.0,650,0.8,0.6323076923076923,0
2026-09-29T21:02:41Z,emailservice,0.0,200,0.8,0.0,0
2026-09-29T21:02:41Z,adservice,37.0,600,0.8,0.06166666666666667,0
2026-09-29T21:02:41Z,redis-cart,31.0,300,0.8,0.10333333333333333,0
2026-09-29T21:02:42Z,frontend,216.16666666666666,1150,0.8,0.1879710144927536,0
2026-09-29T21:02:42Z,cartservice,497.0,600,0.95,0.8283333333333334,0
2026-09-29T21:02:42Z,checkoutservice,25.0,800,0.8,0.03125,0
2026-09-29T21:02:42Z,productcatalogservice,172.0,600,0.95,0.2866666666666667,0
2026-09-29T21:02:42Z,paymentservice,29.0,200,0.8,0.145,0
2026-09-29T21:02:42Z,recommendationservice,0.0,1150,0.8,0.0,0
2026-09-29T21:02:42Z,shippingservice,0.0,400,0.8,0.0,0
2026-09-29T21:02:42Z,currencyservice,411.0,650,0.8,0.6323076923076923,0
2026-09-29T21:02:42Z,emailservice,26.0,200,0.8,0.13,0
2026-09-29T21:02:42Z,adservice,38.0,600,0.8,0.06333333333333334,0
2026-09-29T21:02:42Z,redis-cart,35.0,300,0.8,0.11666666666666667,0
2026-09-29T21:02:43Z,frontend,248.5,1150,0.8,0.21608695652173912,0
2026-09-29T21:02:43Z,cartservice,492.0,600,0.95,0.82,0
2026-09-29T21:02:43Z,checkoutservice,25.0,800,0.8,0.03125,0
2026-09-29T21:02:43Z,productcatalogservice,157.0,600,0.95,0.26166666666666666,0
2026-09-29T21:02:43Z,paymentservice,0.0,200,0.8,0.0,0
2026-09-29T21:02:43Z,recommendationservice,0.0,1150,0.8,0.0,0
2026-09-29T21:02:43Z,shippingservice,0.0,400,0.8,0.0,0
2026-09-29T21:02:43Z,currencyservice,383.0,650,0.8,0.5892307692307692,0
2026-09-29T21:02:43Z,emailservice,26.0,200,0.8,0.13,0
2026-09-29T21:02:43Z,adservice,37.0,600,0.8,0.06166666666666667,0
2026-09-29T21:02:43Z,redis-cart,35.0,300,0.8,0.11666666666666667,0
2026-09-29T21:02:44Z,frontend,229.5,1150,0.8,0.19956521739130434,0
2026-09-29T21:02:44Z,cartservice,456.0,600,0.95,0.76,0
2026-09-29T21:02:44Z,checkoutservice,0.0,800,0.8,0.0,0
2026-09-29T21:02:44Z,productcatalogservice,150.0,600,0.95,0.25,0
2026-09-29T21:02:44Z,paymentservice,0.0,200,0.8,0.0,0
2026-09-29T21:02:44Z,recommendationservice,0.0,1150,0.8,0.0,0
2026-09-29T21:02:44Z,shippingservice,19.0,400,0.8,0.0475,0
2026-09-29T21:02:44Z,currencyservice,417.0,650,0.8,0.6415384615384615,0
2026-09-29T21:02:44Z,emailservice,0.0,200,0.8,0.0,0
2026-09-29T21:02:44Z,adservice,37.0,600,0.8,0.06166666666666667,0
2026-09-29T21:02:44Z,redis-cart,32.0,300,0.8,0.10666666666666667,0
2026-09-29T21:02:45Z,frontend,211.0,1150,0.8,0.18347826086956523,0
2026-09-29T21:02:45Z,cartservice,456.0,600,0.95,0.76,0
2026-09-29T21:02:45Z,checkoutservice,0.0,800,0.8,0.0,0
2026-09-29T21:02:45Z,productcatalogservice,150.0,600,0.95,0.25,0
2026-09-29T21:02:45Z,paymentservice,0.0,200,0.8,0.0,0
2026-09-29T21:02:45Z,recommendationservice,0.0,1150,0.8,0.0,0
2026-09-29T21:02:45Z,shippingservice,0.0,400,0.8,0.0,0
2026-09-29T21:02:45Z,currencyservice,417.0,650,0.8,0.6415384615384615,0
2026-09-29T21:02:45Z,emailservice,0.0,200,0.8,0.0,0
2026-09-29T21:02:45Z,adservice,33.0,600,0.8,0.055,0
2026-09-29T21:02:45Z,redis-cart,36.0,300,0.8,0.12,0
2026-09-29T21:02:46Z,frontend,213.66666666666666,1150,0.8,0.18579710144927536,0
2026-09-29T21:02:46Z,cartservice,482.0,600,0.95,0.8033333333333333,0
2026-09-29T21:02:46Z,checkoutservice,0.0,800,0.8,0.0,0
2026-09-29T21:02:46Z,productcatalogservice,138.0,600,0.95,0.23,0
2026-09-29T21:02:46Z,paymentservice,0.0,200,0.8,0.0,0
2026-09-29T21:02:46Z,recommendationservice,0.0,1150,0.8,0.0,0
2026-09-29T21:02:46Z,shippingservice,0.0,400,0.8,0.0,0
2026-09-29T21:02:46Z,currencyservice,417.0,650,0.8,0.6415384615384615,0
2026-09-29T21:02:46Z,emailservice,0.0,200,0.8,0.0,0
2026-09-29T21:02:46Z,adservice,33.0,600,0.8,0.055,0
2026-09-29T21:02:46Z,redis-cart,36.0,300,0.8,0.12,0
2026-09-29T21:02:47Z,frontend,224.66666666666666,1150,0.8,0.1953623188405797,0
2026-09-29T21:02:47Z,cartservice,482.0,600,0.95,0.8033333333333333,0
2026-09-29T21:02:47Z,checkoutservice,0.0,800,0.8,0.0,0
2026-09-29T21:02:47Z,productcatalogservice,137.0,600,0.95,0.22833333333333333,0
2026-09-29T21:02:47Z,paymentservice,0.0,200,0.8,0.0,0
2026-09-29T21:02:47Z,recommendationservice,0.0,1150,0.8,0.0,0
2026-09-29T21:02:47Z,shippingservice,0.0,400,0.8,0.0,0
2026-09-29T21:02:47Z,currencyservice,392.0,650,0.8,0.6030769230769231,0
2026-09-29T21:02:47Z,emailservice,25.0,200,0.8,0.125,0
2026-09-29T21:02:47Z,adservice,34.0,600,0.8,0.056666666666666664,0
2026-09-29T21:02:47Z,redis-cart,32.0,300,0.8,0.10666666666666667,0
2026-09-29T21:02:48Z,frontend,214.5,1150,0.8,0.1865217391304348,0
2026-09-29T21:02:48Z,cartservice,476.0,600,0.95,0.7933333333333333,0
2026-09-29T21:02:48Z,checkoutservice,0.0,800,0.8,0.0,0
2026-09-29T21:02:48Z,productcatalogservice,137.0,600,0.95,0.22833333333333333,0
2026-09-29T21:02:48Z,paymentservice,0.0,200,0.8,0.0,0
2026-09-29T21:02:48Z,recommendationservice,0.0,1150,0.8,0.0,0
2026-09-29T21:02:48Z,shippingservice,0.0,400,0.8,0.0,0
2026-09-29T21:02:48Z,currencyservice,392.0,650,0.8,0.6030769230769231,0
2026-09-29T21:02:48Z,emailservice,25.0,200,0.8,0.125,0
2026-09-29T21:02:48Z,adservice,32.0,600,0.8,0.05333333333333334,0
2026-09-29T21:02:48Z,redis-cart,32.0,300,0.8,0.10666666666666667,0
2026-09-29T21:02:49Z,frontend,207.66666666666666,1150,0.8,0.18057971014492752,0
2026-09-29T21:02:49Z,cartservice,441.0,600,0.95,0.735,0
2026-09-29T21:02:49Z,checkoutservice,0.0,800,0.8,0.0,0
2026-09-29T21:02:49Z,productcatalogservice,141.0,600,0.95,0.235,0
2026-09-29T21:02:49Z,paymentservice,0.0,200,0.8,0.0,0
2026-09-29T21:02:49Z,recommendationservice,0.0,1150,0.8,0.0,0
2026-09-29T21:02:49Z,shippingservice,26.0,400,0.8,0.065,0
2026-09-29T21:02:49Z,currencyservice,387.0,650,0.8,0.5953846153846154,0
2026-09-29T21:02:49Z,emailservice,0.0,200,0.8,0.0,0
2026-09-29T21:02:49Z,adservice,32.0,600,0.8,0.05333333333333334,0
2026-09-29T21:02:49Z,redis-cart,32.0,300,0.8,0.10666666666666667,0
2026-09-29T21:02:50Z,frontend,205.16666666666666,1150,0.8,0.17840579710144927,0
2026-09-29T21:02:50Z,cartservice,441.0,600,0.95,0.735,0
2026-09-29T21:02:50Z,checkoutservice,0.0,800,0.8,0.0,0
2026-09-29T21:02:50Z,productcatalogservice,143.0,600,0.95,0.23833333333333334,0
2026-09-29T21:02:50Z,paymentservice,0.0,200,0.8,0.0,0
2026-09-29T21:02:50Z,recommendationservice,0.0,1150,0.8,0.0,0
2026-09-29T21:02:50Z,shippingservice,0.0,400,0.8,0.0,0
2026-09-29T21:02:50Z,currencyservice,387.0,650,0.8,0.5953846153846154,0
2026-09-29T21:02:50Z,emailservice,0.0,200,0.8,0.0,0
2026-09-29T21:02:50Z,adservice,34.0,600,0.8,0.056666666666666664,0
2026-09-29T21:02:50Z,redis-cart,33.0,300,0.8,0.11,0
2026-09-29T21:02:51Z,frontend,186.83333333333334,1150,0.8,0.16246376811594204,0
2026-09-29T21:02:51Z,cartservice,328.0,600,0.95,0.5466666666666666,0
2026-09-29T21:02:51Z,checkoutservice,25.0,800,0.8,0.03125,0
2026-09-29T21:02:51Z,productcatalogservice,175.0,600,0.95,0.2916666666666667,0
2026-09-29T21:02:51Z,paymentservice,0.0,200,0.8,0.0,0
2026-09-29T21:02:51Z,recommendationservice,0.0,1150,0.8,0.0,0
2026-09-29T21:02:51Z,shippingservice,0.0,400,0.8,0.0,0
2026-09-29T21:02:51Z,currencyservice,426.0,650,0.8,0.6553846153846153,0
2026-09-29T21:02:51Z,emailservice,41.0,200,0.8,0.205,0
2026-09-29T21:02:51Z,adservice,56.0,600,0.8,0.09333333333333334,0
2026-09-29T21:02:51Z,redis-cart,33.0,300,0.8,0.11,0
2026-09-29T21:02:52Z,frontend,237.33333333333334,1150,0.8,0.2063768115942029,0
2026-09-29T21:02:52Z,cartservice,328.0,600,0.95,0.5466666666666666,0
2026-09-29T21:02:52Z,checkoutservice,0.0,800,0.8,0.0,0
2026-09-29T21:02:52Z,productcatalogservice,175.0,600,0.95,0.2916666666666667,0
2026-09-29T21:02:52Z,paymentservice,23.0,200,0.8,0.115,0
2026-09-29T21:02:52Z,recommendationservice,0.0,1150,0.8,0.0,0
2026-09-29T21:02:52Z,shippingservice,0.0,400,0.8,0.0,0
2026-09-29T21:02:52Z,currencyservice,426.0,650,0.8,0.6553846153846153,0
2026-09-29T21:02:52Z,emailservice,41.0,200,0.8,0.205,0
2026-09-29T21:02:52Z,adservice,56.0,600,0.8,0.09333333333333334,0
2026-09-29T21:02:52Z,redis-cart,33.0,300,0.8,0.11,0
2026-09-29T21:02:53Z,frontend,243.66666666666666,1150,0.8,0.21188405797101448,0
2026-09-29T21:02:53Z,cartservice,346.0,600,0.95,0.5766666666666667,0
2026-09-29T21:02:53Z,checkoutservice,0.0,800,0.8,0.0,0
2026-09-29T21:02:53Z,productcatalogservice,147.0,600,0.95,0.245,0
2026-09-29T21:02:53Z,paymentservice,23.0,200,0.8,0.115,0
2026-09-29T21:02:53Z,recommendationservice,0.0,1150,0.8,0.0,0
2026-09-29T21:02:53Z,shippingservice,13.0,400,0.8,0.0325,0
2026-09-29T21:02:53Z,currencyservice,402.0,650,0.8,0.6184615384615385,0
2026-09-29T21:02:53Z,emailservice,0.0,200,0.8,0.0,0
2026-09-29T21:02:53Z,adservice,36.0,600,0.8,0.06,0
2026-09-29T21:02:53Z,redis-cart,35.0,300,0.8,0.11666666666666667,0
2026-09-29T21:02:54Z,frontend,236.6,1150,0.8,0.2057391304347826,0
2026-09-29T21:02:54Z,cartservice,346.0,600,0.95,0.5766666666666667,0
2026-09-29T21:02:54Z,checkoutservice,0.0,800,0.8,0.0,0
2026-09-29T21:02:54Z,productcatalogservice,130.0,600,0.95,0.21666666666666667,0
2026-09-29T21:02:54Z,paymentservice,0.0,200,0.8,0.0,0
2026-09-29T21:02:54Z,recommendationservice,0.0,1150,0.8,0.0,0
2026-09-29T21:02:54Z,shippingservice,0.0,400,0.8,0.0,0
2026-09-29T21:02:54Z,currencyservice,408.0,650,0.8,0.6276923076923077,0
2026-09-29T21:02:54Z,emailservice,0.0,200,0.8,0.0,0
2026-09-29T21:02:54Z,adservice,34.0,600,0.8,0.056666666666666664,0
2026-09-29T21:02:54Z,redis-cart,31.0,300,0.8,0.10333333333333333,0
2026-09-29T21:02:55Z,frontend,269.4,1150,0.8,0.23426086956521738,0
2026-09-29T21:02:55Z,cartservice,351.0,600,0.95,0.585,0
2026-09-29T21:02:55Z,checkoutservice,0.0,800,0.8,0.0,0
2026-09-29T21:02:55Z,productcatalogservice,159.0,600,0.95,0.265,0
2026-09-29T21:02:55Z,paymentservice,0.0,200,0.8,0.0,0
2026-09-29T21:02:55Z,recommendationservice,0.0,1150,0.8,0.0,0
2026-09-29T21:02:55Z,shippingservice,0.0,400,0.8,0.0,0
2026-09-29T21:02:55Z,currencyservice,408.0,650,0.8,0.6276923076923077,0
2026-09-29T21:02:55Z,emailservice,0.0,200,0.8,0.0,0
2026-09-29T21:02:55Z,adservice,34.0,600,0.8,0.056666666666666664,0
2026-09-29T21:02:55Z,redis-cart,31.0,300,0.8,0.10333333333333333,0
2026-09-29T21:02:56Z,frontend,228.0,1150,0.8,0.19826086956521738,0
2026-09-29T21:02:56Z,cartservice,377.0,600,0.95,0.6283333333333333,0
2026-09-29T21:02:56Z,checkoutservice,0.0,800,0.8,0.0,0
2026-09-29T21:02:56Z,productcatalogservice,159.0,600,0.95,0.265,0
2026-09-29T21:02:56Z,paymentservice,0.0,200,0.8,0.0,0
2026-09-29T21:02:56Z,recommendationservice,0.0,1150,0.8,0.0,0
2026-09-29T21:02:56Z,shippingservice,0.0,400,0.8,0.0,0
2026-09-29T21:02:56Z,currencyservice,368.0,650,0.8,0.5661538461538461,0
2026-09-29T21:02:56Z,emailservice,0.0,200,0.8,0.0,0
2026-09-29T21:02:56Z,adservice,35.0,600,0.8,0.058333333333333334,0
2026-09-29T21:02:56Z,redis-cart,38.0,300,0.8,0.12666666666666668,0
2026-09-29T21:02:57Z,frontend,213.33333333333334,1150,0.8,0.1855072463768116,0
2026-09-29T21:02:57Z,cartservice,303.0,600,0.95,0.505,0
2026-09-29T21:02:57Z,checkoutservice,0.0,800,0.8,0.0,0
2026-09-29T21:02:57Z,productcatalogservice,141.0,600,0.95,0.235,0
2026-09-29T21:02:57Z,paymentservice,0.0,200,0.8,0.0,0
2026-09-29T21:02:57Z,recommendationservice,0.0,1150,0.8,0.0,0
2026-09-29T21:02:57Z,shippingservice,0.0,400,0.8,0.0,0
2026-09-29T21:02:57Z,currencyservice,428.0,650,0.8,0.6584615384615384,0
2026-09-29T21:02:57Z,emailservice,30.0,200,0.8,0.15,0
2026-09-29T21:02:57Z,adservice,33.0,600,0.8,0.055,0
2026-09-29T21:02:57Z,redis-cart,34.0,300,0.8,0.11333333333333333,0
2026-09-29T21:02:58Z,frontend,214.33333333333334,1150,0.8,0.1863768115942029,0
2026-09-29T21:02:58Z,cartservice,328.0,600,0.95,0.5466666666666666,0
2026-09-29T21:02:58Z,checkoutservice,0.0,800,0.8,0.0,0
2026-09-29T21:02:58Z,productcatalogservice,141.0,600,0.95,0.235,0
2026-09-29T21:02:58Z,paymentservice,0.0,200,0.8,0.0,0
2026-09-29T21:02:58Z,recommendationservice,0.0,1150,0.8,0.0,0
2026-09-29T21:02:58Z,shippingservice,0.0,400,0.8,0.0,0
2026-09-29T21:02:58Z,currencyservice,445.0,650,0.8,0.6846153846153846,0
2026-09-29T21:02:58Z,emailservice,0.0,200,0.8,0.0,0
2026-09-29T21:02:58Z,adservice,32.0,600,0.8,0.05333333333333334,0
2026-09-29T21:02:58Z,redis-cart,34.0,300,0.8,0.11333333333333333,0
2026-09-29T21:02:59Z,frontend,254.2,1150,0.8,0.22104347826086956,0
2026-09-29T21:02:59Z,cartservice,328.0,600,0.95,0.5466666666666666,0
2026-09-29T21:02:59Z,checkoutservice,0.0,800,0.8,0.0,0
2026-09-29T21:02:59Z,productcatalogservice,140.0,600,0.95,0.23333333333333334,0
2026-09-29T21:02:59Z,paymentservice,0.0,200,0.8,0.0,0
2026-09-29T21:02:59Z,recommendationservice,0.0,1150,0.8,0.0,0
2026-09-29T21:02:59Z,shippingservice,27.0,400,0.8,0.0675,0
2026-09-29T21:02:59Z,currencyservice,445.0,650,0.8,0.6846153846153846,0
2026-09-29T21:02:59Z,emailservice,0.0,200,0.8,0.0,0
2026-09-29T21:02:59Z,adservice,32.0,600,0.8,0.05333333333333334,0
2026-09-29T21:02:59Z,redis-cart,34.0,300,0.8,0.11333333333333333,0
2026-09-29T21:03:00Z,frontend,312.5,1150,0.8,0.2717391304347826,0
2026-09-29T21:03:00Z,cartservice,340.0,600,0.95,0.5666666666666667,0
2026-09-29T21:03:00Z,checkoutservice,0.0,800,0.8,0.0,0
2026-09-29T21:03:00Z,productcatalogservice,140.0,600,0.95,0.23333333333333334,0
2026-09-29T21:03:00Z,paymentservice,0.0,200,0.8,0.0,0
2026-09-29T21:03:00Z,recommendationservice,0.0,1150,0.8,0.0,0
2026-09-29T21:03:00Z,shippingservice,0.0,400,0.8,0.0,0
2026-09-29T21:03:00Z,currencyservice,371.0,650,0.8,0.5707692307692308,0
2026-09-29T21:03:00Z,emailservice,0.0,200,0.8,0.0,0
2026-09-29T21:03:00Z,adservice,33.0,600,0.8,0.055,0
2026-09-29T21:03:00Z,redis-cart,34.0,300,0.8,0.11333333333333333,0
2026-09-29T21:03:01Z,frontend,259.0,1150,0.8,0.2252173913043478,0
2026-09-29T21:03:01Z,cartservice,324.0,600,0.95,0.54,0
2026-09-29T21:03:01Z,checkoutservice,25.0,800,0.8,0.03125,0
2026-09-29T21:03:01Z,productcatalogservice,140.0,600,0.95,0.23333333333333334,0
2026-09-29T21:03:01Z,paymentservice,0.0,200,0.8,0.0,0
2026-09-29T21:03:01Z,recommendationservice,0.0,1150,0.8,0.0,0
2026-09-29T21:03:01Z,shippingservice,0.0,400,0.8,0.0,0
2026-09-29T21:03:01Z,currencyservice,371.0,650,0.8,0.5707692307692308,0
2026-09-29T21:03:01Z,emailservice,34.0,200,0.8,0.17,0
2026-09-29T21:03:01Z,adservice,35.0,600,0.8,0.058333333333333334,0
2026-09-29T21:03:01Z,redis-cart,35.0,300,0.8,0.11666666666666667,0
2026-09-29T21:03:02Z,frontend,208.16666666666666,1150,0.8,0.1810144927536232,0
2026-09-29T21:03:02Z,cartservice,324.0,600,0.95,0.54,0
2026-09-29T21:03:02Z,checkoutservice,25.0,800,0.8,0.03125,0
2026-09-29T21:03:02Z,productcatalogservice,168.0,600,0.95,0.28,0
2026-09-29T21:03:02Z,paymentservice,27.0,200,0.8,0.135,0
2026-09-29T21:03:02Z,recommendationservice,0.0,1150,0.8,0.0,0
2026-09-29T21:03:02Z,shippingservice,0.0,400,0.8,0.0,0
2026-09-29T21:03:02Z,currencyservice,451.0,650,0.8,0.6938461538461539,0
2026-09-29T21:03:02Z,emailservice,34.0,200,0.8,0.17,0
2026-09-29T21:03:02Z,adservice,39.0,600,0.8,0.065,0
2026-09-29T21:03:02Z,redis-cart,35.0,300,0.8,0.11666666666666667,0
2026-09-29T21:03:03Z,frontend,241.66666666666666,1150,0.8,0.21014492753623187,0
2026-09-29T21:03:03Z,cartservice,340.0,600,0.95,0.5666666666666667,0
2026-09-29T21:03:03Z,checkoutservice,0.0,800,0.8,0.0,0
2026-09-29T21:03:03Z,productcatalogservice,168.0,600,0.95,0.28,0
2026-09-29T21:03:03Z,paymentservice,27.0,200,0.8,0.135,0
2026-09-29T21:03:03Z,recommendationservice,0.0,1150,0.8,0.0,0
2026-09-29T21:03:03Z,shippingservice,0.0,400,0.8,0.0,0
2026-09-29T21:03:03Z,currencyservice,388.0,650,0.8,0.5969230769230769,0
2026-09-29T21:03:03Z,emailservice,0.0,200,0.8,0.0,0
2026-09-29T21:03:03Z,adservice,37.0,600,0.8,0.06166666666666667,0
2026-09-29T21:03:03Z,redis-cart,34.0,300,0.8,0.11333333333333333,0
2026-09-29T21:03:04Z,frontend,234.83333333333334,1150,0.8,0.20420289855072465,0
2026-09-29T21:03:04Z,cartservice,324.0,600,0.95,0.54,0
2026-09-29T21:03:04Z,checkoutservice,0.0,800,0.8,0.0,0
2026-09-29T21:03:04Z,productcatalogservice,165.0,600,0.95,0.275,0
2026-09-29T21:03:04Z,paymentservice,4.0,200,0.8,0.02,0
2026-09-29T21:03:04Z,recommendationservice,0.0,1150,0.8,0.0,0
2026-09-29T21:03:04Z,shippingservice,16.0,400,0.8,0.04,0
2026-09-29T21:03:04Z,currencyservice,432.0,650,0.8,0.6646153846153846,0
2026-09-29T21:03:04Z,emailservice,0.0,200,0.8,0.0,0
2026-09-29T21:03:04Z,adservice,37.0,600,0.8,0.06166666666666667,0
2026-09-29T21:03:04Z,redis-cart,34.0,300,0.8,0.11333333333333333,0
2026-09-29T21:03:05Z,frontend,231.33333333333334,1150,0.8,0.2011594202898551,0
2026-09-29T21:03:05Z,cartservice,324.0,600,0.95,0.54,0
2026-09-29T21:03:05Z,checkoutservice,0.0,800,0.8,0.0,0
2026-09-29T21:03:05Z,productcatalogservice,163.0,600,0.95,0.27166666666666667,0
2026-09-29T21:03:05Z,paymentservice,0.0,200,0.8,0.0,0
2026-09-29T21:03:05Z,recommendationservice,0.0,1150,0.8,0.0,0
2026-09-29T21:03:05Z,shippingservice,0.0,400,0.8,0.0,0
2026-09-29T21:03:05Z,currencyservice,432.0,650,0.8,0.6646153846153846,0
2026-09-29T21:03:05Z,emailservice,0.0,200,0.8,0.0,0
2026-09-29T21:03:05Z,adservice,42.0,600,0.8,0.07,0
2026-09-29T21:03:05Z,redis-cart,36.0,300,0.8,0.12,0
2026-09-29T21:03:06Z,frontend,252.0,1150,0.8,0.21913043478260869,0
2026-09-29T21:03:06Z,cartservice,318.0,600,0.95,0.53,0
2026-09-29T21:03:06Z,checkoutservice,0.0,800,0.8,0.0,0
2026-09-29T21:03:06Z,productcatalogservice,143.0,600,0.95,0.23833333333333334,0
2026-09-29T21:03:06Z,paymentservice,0.0,200,0.8,0.0,0
2026-09-29T21:03:06Z,recommendationservice,0.0,1150,0.8,0.0,0
2026-09-29T21:03:06Z,shippingservice,0.0,400,0.8,0.0,0
2026-09-29T21:03:06Z,currencyservice,442.0,650,0.8,0.68,0
2026-09-29T21:03:06Z,emailservice,0.0,200,0.8,0.0,0
2026-09-29T21:03:06Z,adservice,42.0,600,0.8,0.07,0
2026-09-29T21:03:06Z,redis-cart,37.0,300,0.8,0.12333333333333334,0
2026-09-29T21:03:07Z,frontend,218.83333333333334,1150,0.8,0.19028985507246376,0
2026-09-29T21:03:07Z,cartservice,318.0,600,0.95,0.53,0
2026-09-29T21:03:07Z,checkoutservice,0.0,800,0.8,0.0,0
2026-09-29T21:03:07Z,productcatalogservice,143.0,600,0.95,0.23833333333333334,0
2026-09-29T21:03:07Z,paymentservice,0.0,200,0.8,0.0,0
2026-09-29T21:03:07Z,recommendationservice,0.0,1150,0.8,0.0,0
2026-09-29T21:03:07Z,shippingservice,0.0,400,0.8,0.0,0
2026-09-29T21:03:07Z,currencyservice,398.0,650,0.8,0.6123076923076923,0
2026-09-29T21:03:07Z,emailservice,39.0,200,0.8,0.195,0
2026-09-29T21:03:07Z,adservice,69.0,600,0.8,0.115,0
2026-09-29T21:03:07Z,redis-cart,34.0,300,0.8,0.11333333333333333,0
2026-09-29T21:03:08Z,frontend,226.5,1150,0.8,0.19695652173913045,0
2026-09-29T21:03:08Z,cartservice,291.0,600,0.95,0.485,0
2026-09-29T21:03:08Z,checkoutservice,0.0,800,0.8,0.0,0
2026-09-29T21:03:08Z,productcatalogservice,149.0,600,0.95,0.24833333333333332,0
2026-09-29T21:03:08Z,paymentservice,0.0,200,0.8,0.0,0
2026-09-29T21:03:08Z,recommendationservice,0.0,1150,0.8,0.0,0
2026-09-29T21:03:08Z,shippingservice,19.0,400,0.8,0.0475,0
2026-09-29T21:03:08Z,currencyservice,398.0,650,0.8,0.6123076923076923,0
2026-09-29T21:03:08Z,emailservice,39.0,200,0.8,0.195,0
2026-09-29T21:03:08Z,adservice,35.0,600,0.8,0.058333333333333334,0
2026-09-29T21:03:08Z,redis-cart,34.0,300,0.8,0.11333333333333333,0
2026-09-29T21:03:09Z,frontend,202.33333333333334,1150,0.8,0.17594202898550726,0
2026-09-29T21:03:09Z,cartservice,348.0,600,0.95,0.58,0
2026-09-29T21:03:09Z,checkoutservice,0.0,800,0.8,0.0,0
2026-09-29T21:03:09Z,productcatalogservice,150.0,600,0.95,0.25,0
2026-09-29T21:03:09Z,paymentservice,0.0,200,0.8,0.0,0
2026-09-29T21:03:09Z,recommendationservice,0.0,1150,0.8,0.0,0
2026-09-29T21:03:09Z,shippingservice,19.0,400,0.8,0.0475,0
2026-09-29T21:03:09Z,currencyservice,439.0,650,0.8,0.6753846153846154,0
2026-09-29T21:03:09Z,emailservice,0.0,200,0.8,0.0,0
2026-09-29T21:03:09Z,adservice,35.0,600,0.8,0.058333333333333334,0
2026-09-29T21:03:09Z,redis-cart,34.0,300,0.8,0.11333333333333333,0
2026-09-29T21:03:10Z,frontend,272.4,1150,0.8,0.23686956521739128,0
2026-09-29T21:03:10Z,cartservice,347.0,600,0.95,0.5783333333333334,0
2026-09-29T21:03:10Z,checkoutservice,0.0,800,0.8,0.0,0
2026-09-29T21:03:10Z,productcatalogservice,158.0,600,0.95,0.2633333333333333,0
2026-09-29T21:03:10Z,paymentservice,0.0,200,0.8,0.0,0
2026-09-29T21:03:10Z,recommendationservice,0.0,1150,0.8,0.0,0
2026-09-29T21:03:10Z,shippingservice,0.0,400,0.8,0.0,0
2026-09-29T21:03:10Z,currencyservice,439.0,650,0.8,0.6753846153846154,0
2026-09-29T21:03:10Z,emailservice,0.0,200,0.8,0.0,0
2026-09-29T21:03:10Z,adservice,38.0,600,0.8,0.06333333333333334,0
2026-09-29T21:03:10Z,redis-cart,34.0,300,0.8,0.11333333333333333,0
2026-09-29T21:03:11Z,frontend,217.83333333333334,1150,0.8,0.18942028985507248,0
2026-09-29T21:03:11Z,cartservice,286.0,600,0.95,0.4766666666666667,0
2026-09-29T21:03:11Z,checkoutservice,24.0,800,0.8,0.03,0
2026-09-29T21:03:11Z,productcatalogservice,158.0,600,0.95,0.2633333333333333,0
2026-09-29T21:03:11Z,paymentservice,0.0,200,0.8,0.0,0
2026-09-29T21:03:11Z,recommendationservice,0.0,1150,0.8,0.0,0
2026-09-29T21:03:11Z,shippingservice,0.0,400,0.8,0.0,0
2026-09-29T21:03:11Z,currencyservice,399.0,650,0.8,0.6138461538461538,0
2026-09-29T21:03:11Z,emailservice,0.0,200,0.8,0.0,0
2026-09-29T21:03:11Z,adservice,38.0,600,0.8,0.06333333333333334,0
2026-09-29T21:03:11Z,redis-cart,34.0,300,0.8,0.11333333333333333,0
2026-09-29T21:03:12Z,frontend,209.0,1150,0.8,0.1817391304347826,0
2026-09-29T21:03:12Z,cartservice,383.0,600,0.95,0.6383333333333333,0
2026-09-29T21:03:12Z,checkoutservice,24.0,800,0.8,0.03,0
2026-09-29T21:03:12Z,productcatalogservice,181.0,600,0.95,0.3016666666666667,0
2026-09-29T21:03:12Z,paymentservice,27.0,200,0.8,0.135,0
2026-09-29T21:03:12Z,recommendationservice,0.0,1150,0.8,0.0,0
2026-09-29T21:03:12Z,shippingservice,0.0,400,0.8,0.0,0
2026-09-29T21:03:12Z,currencyservice,414.0,650,0.8,0.6369230769230769,0
2026-09-29T21:03:12Z,emailservice,35.0,200,0.8,0.175,0
2026-09-29T21:03:12Z,adservice,38.0,600,0.8,0.06333333333333334,0
2026-09-29T21:03:12Z,redis-cart,35.0,300,0.8,0.11666666666666667,0
2026-09-29T21:03:13Z,frontend,242.5,1150,0.8,0.2108695652173913,0
2026-09-29T21:03:13Z,cartservice,383.0,600,0.95,0.6383333333333333,0
2026-09-29T21:03:13Z,checkoutservice,0.0,800,0.8,0.0,0
2026-09-29T21:03:13Z,productcatalogservice,146.0,600,0.95,0.24333333333333335,0
2026-09-29T21:03:13Z,paymentservice,0.0,200,0.8,0.0,0
2026-09-29T21:03:13Z,recommendationservice,0.0,1150,0.8,0.0,0
2026-09-29T21:03:13Z,shippingservice,13.0,400,0.8,0.0325,0
2026-09-29T21:03:13Z,currencyservice,414.0,650,0.8,0.6369230769230769,0
2026-09-29T21:03:13Z,emailservice,0.0,200,0.8,0.0,0
2026-09-29T21:03:13Z,adservice,37.0,600,0.8,0.06166666666666667,0
2026-09-29T21:03:13Z,redis-cart,34.0,300,0.8,0.11333333333333333,0
2026-09-29T21:03:14Z,frontend,231.33333333333334,1150,0.8,0.2011594202898551,0
2026-09-29T21:03:14Z,cartservice,329.0,600,0.95,0.5483333333333333,0
2026-09-29T21:03:14Z,checkoutservice,0.0,800,0.8,0.0,0
2026-09-29T21:03:14Z,productcatalogservice,146.0,600,0.95,0.24333333333333335,0
2026-09-29T21:03:14Z,paymentservice,0.0,200,0.8,0.0,0
2026-09-29T21:03:14Z,recommendationservice,0.0,1150,0.8,0.0,0
2026-09-29T21:03:14Z,shippingservice,0.0,400,0.8,0.0,0
2026-09-29T21:03:14Z,currencyservice,442.0,650,0.8,0.68,0
2026-09-29T21:03:14Z,emailservice,0.0,200,0.8,0.0,0
2026-09-29T21:03:14Z,adservice,37.0,600,0.8,0.06166666666666667,0
2026-09-29T21:03:14Z,redis-cart,41.0,300,0.8,0.13666666666666666,0
2026-09-29T21:03:15Z,frontend,237.16666666666666,1150,0.8,0.206231884057971,0
2026-09-29T21:03:15Z,cartservice,334.0,600,0.95,0.5566666666666666,0
2026-09-29T21:03:15Z,checkoutservice,0.0,800,0.8,0.0,0
2026-09-29T21:03:15Z,productcatalogservice,168.0,600,0.95,0.28,0
2026-09-29T21:03:15Z,paymentservice,0.0,200,0.8,0.0,0
2026-09-29T21:03:15Z,recommendationservice,0.0,1150,0.8,0.0,0
2026-09-29T21:03:15Z,shippingservice,0.0,400,0.8,0.0,0
2026-09-29T21:03:15Z,currencyservice,442.0,650,0.8,0.68,0
2026-09-29T21:03:15Z,emailservice,0.0,200,0.8,0.0,0
2026-09-29T21:03:15Z,adservice,46.0,600,0.8,0.07666666666666666,0
2026-09-29T21:03:15Z,redis-cart,41.0,300,0.8,0.13666666666666666,0
2026-09-29T21:03:16Z,frontend,223.0,1150,0.8,0.19391304347826088,0
2026-09-29T21:03:16Z,cartservice,334.0,600,0.95,0.5566666666666666,0
2026-09-29T21:03:16Z,checkoutservice,0.0,800,0.8,0.0,0
2026-09-29T21:03:16Z,productcatalogservice,167.0,600,0.95,0.2783333333333333,0
2026-09-29T21:03:16Z,paymentservice,0.0,200,0.8,0.0,0
2026-09-29T21:03:16Z,recommendationservice,0.0,1150,0.8,0.0,0
2026-09-29T21:03:16Z,shippingservice,0.0,400,0.8,0.0,0
2026-09-29T21:03:16Z,currencyservice,441.0,650,0.8,0.6784615384615384,0
2026-09-29T21:03:16Z,emailservice,31.0,200,0.8,0.155,0
2026-09-29T21:03:16Z,adservice,46.0,600,0.8,0.07666666666666666,0
2026-09-29T21:03:16Z,redis-cart,35.0,300,0.8,0.11666666666666667,0
2026-09-29T21:03:17Z,frontend,235.16666666666666,1150,0.8,0.2044927536231884,0
2026-09-29T21:03:17Z,cartservice,384.0,600,0.95,0.64,0
2026-09-29T21:03:17Z,checkoutservice,0.0,800,0.8,0.0,0
2026-09-29T21:03:17Z,productcatalogservice,167.0,600,0.95,0.2783333333333333,0
2026-09-29T21:03:17Z,paymentservice,0.0,200,0.8,0.0,0
2026-09-29T21:03:17Z,recommendationservice,0.0,1150,0.8,0.0,0
2026-09-29T21:03:17Z,shippingservice,0.0,400,0.8,0.0,0
2026-09-29T21:03:17Z,currencyservice,439.0,650,0.8,0.6753846153846154,0
2026-09-29T21:03:17Z,emailservice,31.0,200,0.8,0.155,0
2026-09-29T21:03:17Z,adservice,41.0,600,0.8,0.06833333333333333,0
2026-09-29T21:03:17Z,redis-cart,35.0,300,0.8,0.11666666666666667,0
2026-09-29T21:03:18Z,frontend,260.0,1150,0.8,0.22608695652173913,0
2026-09-29T21:03:18Z,cartservice,384.0,600,0.95,0.64,0
2026-09-29T21:03:18Z,checkoutservice,0.0,800,0.8,0.0,0
2026-09-29T21:03:18Z,productcatalogservice,154.0,600,0.95,0.25666666666666665,0
2026-09-29T21:03:18Z,paymentservice,0.0,200,0.8,0.0,0
2026-09-29T21:03:18Z,recommendationservice,0.0,1150,0.8,0.0,0
2026-09-29T21:03:18Z,shippingservice,0.0,400,0.8,0.0,0
2026-09-29T21:03:18Z,currencyservice,439.0,650,0.8,0.6753846153846154,0
2026-09-29T21:03:18Z,emailservice,0.0,200,0.8,0.0,0
2026-09-29T21:03:18Z,adservice,39.0,600,0.8,0.065,0
2026-09-29T21:03:18Z,redis-cart,37.0,300,0.8,0.12333333333333334,0
2026-09-29T21:03:19Z,frontend,239.33333333333334,1150,0.8,0.2081159420289855,0
2026-09-29T21:03:19Z,cartservice,383.0,600,0.95,0.6383333333333333,0
2026-09-29T21:03:19Z,checkoutservice,0.0,800,0.8,0.0,0
2026-09-29T21:03:19Z,productcatalogservice,154.0,600,0.95,0.25666666666666665,0
2026-09-29T21:03:19Z,paymentservice,0.0,200,0.8,0.0,0
2026-09-29T21:03:19Z,recommendationservice,0.0,1150,0.8,0.0,0
2026-09-29T21:03:19Z,shippingservice,31.0,400,0.8,0.0775,0
2026-09-29T21:03:19Z,currencyservice,424.0,650,0.8,0.6523076923076923,0
2026-09-29T21:03:19Z,emailservice,0.0,200,0.8,0.0,0
2026-09-29T21:03:19Z,adservice,38.0,600,0.8,0.06333333333333334,0
2026-09-29T21:03:19Z,redis-cart,37.0,300,0.8,0.12333333333333334,0
2026-09-29T21:03:20Z,frontend,245.66666666666666,1150,0.8,0.21362318840579708,0
2026-09-29T21:03:20Z,cartservice,383.0,600,0.95,0.6383333333333333,0
2026-09-29T21:03:20Z,checkoutservice,0.0,800,0.8,0.0,0
2026-09-29T21:03:20Z,productcatalogservice,146.0,600,0.95,0.24333333333333335,0
2026-09-29T21:03:20Z,paymentservice,0.0,200,0.8,0.0,0
2026-09-29T21:03:20Z,recommendationservice,0.0,1150,0.8,0.0,0
2026-09-29T21:03:20Z,shippingservice,31.0,400,0.8,0.0775,0
2026-09-29T21:03:20Z,currencyservice,422.0,650,0.8,0.6492307692307693,0
2026-09-29T21:03:20Z,emailservice,0.0,200,0.8,0.0,0
2026-09-29T21:03:20Z,adservice,38.0,600,0.8,0.06333333333333334,0
2026-09-29T21:03:20Z,redis-cart,37.0,300,0.8,0.12333333333333334,0
2026-09-29T21:03:21Z,frontend,189.16666666666666,1150,0.8,0.1644927536231884,0
2026-09-29T21:03:21Z,cartservice,414.0,600,0.95,0.69,0
2026-09-29T21:03:21Z,checkoutservice,28.0,800,0.8,0.035,0
2026-09-29T21:03:21Z,productcatalogservice,193.0,600,0.95,0.32166666666666666,0
2026-09-29T21:03:21Z,paymentservice,0.0,200,0.8,0.0,0
2026-09-29T21:03:21Z,recommendationservice,0.0,1150,0.8,0.0,0
2026-09-29T21:03:21Z,shippingservice,0.0,400,0.8,0.0,0
2026-09-29T21:03:21Z,currencyservice,422.0,650,0.8,0.6492307692307693,0
2026-09-29T21:03:21Z,emailservice,0.0,200,0.8,0.0,0
2026-09-29T21:03:21Z,adservice,38.0,600,0.8,0.06333333333333334,0
2026-09-29T21:03:21Z,redis-cart,34.0,300,0.8,0.11333333333333333,0
2026-09-29T21:03:22Z,frontend,222.33333333333334,1150,0.8,0.19333333333333333,0
2026-09-29T21:03:22Z,cartservice,352.0,600,0.95,0.5866666666666667,0
2026-09-29T21:03:22Z,checkoutservice,28.0,800,0.8,0.035,0
2026-09-29T21:03:22Z,productcatalogservice,193.0,600,0.95,0.32166666666666666,0
2026-09-29T21:03:22Z,paymentservice,0.0,200,0.8,0.0,0
2026-09-29T21:03:22Z,recommendationservice,0.0,1150,0.8,0.0,0
2026-09-29T21:03:22Z,shippingservice,0.0,400,0.8,0.0,0
2026-09-29T21:03:22Z,currencyservice,392.0,650,0.8,0.6030769230769231,0
2026-09-29T21:03:22Z,emailservice,45.0,200,0.8,0.225,0
2026-09-29T21:03:22Z,adservice,64.0,600,0.8,0.10666666666666667,0
2026-09-29T21:03:22Z,redis-cart,34.0,300,0.8,0.11333333333333333,0
2026-09-29T21:03:23Z,frontend,182.0,1150,0.8,0.1582608695652174,0
2026-09-29T21:03:23Z,cartservice,352.0,600,0.95,0.5866666666666667,0
2026-09-29T21:03:23Z,checkoutservice,0.0,800,0.8,0.0,0
2026-09-29T21:03:23Z,productcatalogservice,148.0,600,0.95,0.24666666666666667,0
2026-09-29T21:03:23Z,paymentservice,24.0,200,0.8,0.12,0
2026-09-29T21:03:23Z,recommendationservice,0.0,1150,0.8,0.0,0
2026-09-29T21:03:23Z,shippingservice,19.0,400,0.8,0.0475,0
2026-09-29T21:03:23Z,currencyservice,404.0,650,0.8,0.6215384615384615,0
2026-09-29T21:03:23Z,emailservice,45.0,200,0.8,0.225,0
2026-09-29T21:03:23Z,adservice,64.0,600,0.8,0.10666666666666667,0
2026-09-29T21:03:23Z,redis-cart,36.0,300,0.8,0.12,0
2026-09-29T21:03:24Z,frontend,228.5,1150,0.8,0.19869565217391305,0
2026-09-29T21:03:24Z,cartservice,332.0,600,0.95,0.5533333333333333,0
2026-09-29T21:03:24Z,checkoutservice,0.0,800,0.8,0.0,0
2026-09-29T21:03:24Z,productcatalogservice,143.0,600,0.95,0.23833333333333334,0
2026-09-29T21:03:24Z,paymentservice,24.0,200,0.8,0.12,0
2026-09-29T21:03:24Z,recommendationservice,0.0,1150,0.8,0.0,0
2026-09-29T21:03:24Z,shippingservice,0.0,400,0.8,0.0,0
2026-09-29T21:03:24Z,currencyservice,404.0,650,0.8,0.6215384615384615,0
2026-09-29T21:03:24Z,emailservice,0.0,200,0.8,0.0,0
2026-09-29T21:03:24Z,adservice,36.0,600,0.8,0.06,0
2026-09-29T21:03:24Z,redis-cart,35.0,300,0.8,0.11666666666666667,0
2026-09-29T21:03:25Z,frontend,255.16666666666666,1150,0.8,0.2218840579710145,0
2026-09-29T21:03:25Z,cartservice,372.0,600,0.95,0.62,0
2026-09-29T21:03:25Z,checkoutservice,0.0,800,0.8,0.0,0
2026-09-29T21:03:25Z,productcatalogservice,143.0,600,0.95,0.23833333333333334,0
2026-09-29T21:03:25Z,paymentservice,0.0,200,0.8,0.0,0
2026-09-29T21:03:25Z,recommendationservice,0.0,1150,0.8,0.0,0
2026-09-29T21:03:25Z,shippingservice,0.0,400,0.8,0.0,0
2026-09-29T21:03:25Z,currencyservice,431.0,650,0.8,0.6630769230769231,0
2026-09-29T21:03:25Z,emailservice,0.0,200,0.8,0.0,0
2026-09-29T21:03:25Z,adservice,36.0,600,0.8,0.06,0
2026-09-29T21:03:25Z,redis-cart,34.0,300,0.8,0.11333333333333333,0
2026-09-29T21:03:26Z,frontend,208.66666666666666,1150,0.8,0.18144927536231883,0
2026-09-29T21:03:26Z,cartservice,372.0,600,0.95,0.62,0
2026-09-29T21:03:26Z,checkoutservice,0.0,800,0.8,0.0,0
2026-09-29T21:03:26Z,productcatalogservice,153.0,600,0.95,0.255,0
2026-09-29T21:03:26Z,paymentservice,0.0,200,0.8,0.0,0
2026-09-29T21:03:26Z,recommendationservice,0.0,1150,0.8,0.0,0
2026-09-29T21:03:26Z,shippingservice,0.0,400,0.8,0.0,0
2026-09-29T21:03:26Z,currencyservice,431.0,650,0.8,0.6630769230769231,0
2026-09-29T21:03:26Z,emailservice,0.0,200,0.8,0.0,0
2026-09-29T21:03:26Z,adservice,36.0,600,0.8,0.06,0
2026-09-29T21:03:26Z,redis-cart,34.0,300,0.8,0.11333333333333333,0
2026-09-29T21:03:27Z,frontend,239.16666666666666,1150,0.8,0.20797101449275363,0
2026-09-29T21:03:27Z,cartservice,316.0,600,0.95,0.5266666666666666,0
2026-09-29T21:03:27Z,checkoutservice,0.0,800,0.8,0.0,0
2026-09-29T21:03:27Z,productcatalogservice,129.0,600,0.95,0.215,0
2026-09-29T21:03:27Z,paymentservice,0.0,200,0.8,0.0,0
2026-09-29T21:03:27Z,recommendationservice,0.0,1150,0.8,0.0,0
2026-09-29T21:03:27Z,shippingservice,0.0,400,0.8,0.0,0
2026-09-29T21:03:27Z,currencyservice,425.0,650,0.8,0.6538461538461539,0
2026-09-29T21:03:27Z,emailservice,26.0,200,0.8,0.13,0
2026-09-29T21:03:27Z,adservice,34.0,600,0.8,0.056666666666666664,0
2026-09-29T21:03:27Z,redis-cart,34.0,300,0.8,0.11333333333333333,0
2026-09-29T21:03:28Z,frontend,167.0,1150,0.8,0.14521739130434783,0
2026-09-29T21:03:28Z,cartservice,357.0,600,0.95,0.595,0
2026-09-29T21:03:28Z,checkoutservice,0.0,800,0.8,0.0,0
2026-09-29T21:03:28Z,productcatalogservice,129.0,600,0.95,0.215,0
2026-09-29T21:03:28Z,paymentservice,0.0,200,0.8,0.0,0
2026-09-29T21:03:28Z,recommendationservice,0.0,1150,0.8,0.0,0
2026-09-29T21:03:28Z,shippingservice,0.0,400,0.8,0.0,0
2026-09-29T21:03:28Z,currencyservice,425.0,650,0.8,0.6538461538461539,0
2026-09-29T21:03:28Z,emailservice,0.0,200,0.8,0.0,0
2026-09-29T21:03:28Z,adservice,32.0,600,0.8,0.05333333333333334,0
2026-09-29T21:03:28Z,redis-cart,34.0,300,0.8,0.11333333333333333,0
2026-09-29T21:03:29Z,frontend,178.66666666666666,1150,0.8,0.1553623188405797,0
2026-09-29T21:03:29Z,cartservice,283.0,600,0.95,0.4716666666666667,0
2026-09-29T21:03:29Z,checkoutservice,0.0,800,0.8,0.0,0
2026-09-29T21:03:29Z,productcatalogservice,156.0,600,0.95,0.26,0
2026-09-29T21:03:29Z,paymentservice,0.0,200,0.8,0.0,0
2026-09-29T21:03:29Z,recommendationservice,0.0,1150,0.8,0.0,0
2026-09-29T21:03:29Z,shippingservice,31.0,400,0.8,0.0775,0
2026-09-29T21:03:29Z,currencyservice,411.0,650,0.8,0.6323076923076923,0
2026-09-29T21:03:29Z,emailservice,0.0,200,0.8,0.0,0
2026-09-29T21:03:29Z,adservice,33.0,600,0.8,0.055,0
2026-09-29T21:03:29Z,redis-cart,35.0,300,0.8,0.11666666666666667,0
2026-09-29T21:03:30Z,frontend,217.83333333333334,1150,0.8,0.18942028985507248,0
2026-09-29T21:03:30Z,cartservice,283.0,600,0.95,0.4716666666666667,0
2026-09-29T21:03:30Z,checkoutservice,0.0,800,0.8,0.0,0
2026-09-29T21:03:30Z,productcatalogservice,156.0,600,0.95,0.26,0
2026-09-29T21:03:30Z,paymentservice,0.0,200,0.8,0.0,0
2026-09-29T21:03:30Z,recommendationservice,0.0,1150,0.8,0.0,0
2026-09-29T21:03:30Z,shippingservice,0.0,400,0.8,0.0,0
2026-09-29T21:03:30Z,currencyservice,382.0,650,0.8,0.5876923076923077,0
2026-09-29T21:03:30Z,emailservice,0.0,200,0.8,0.0,0
2026-09-29T21:03:30Z,adservice,34.0,600,0.8,0.056666666666666664,0
2026-09-29T21:03:30Z,redis-cart,31.0,300,0.8,0.10333333333333333,0
2026-09-29T21:03:31Z,frontend,203.83333333333334,1150,0.8,0.17724637681159422,0
2026-09-29T21:03:31Z,cartservice,362.0,600,0.95,0.6033333333333334,0
2026-09-29T21:03:31Z,checkoutservice,38.0,800,0.8,0.0475,0
2026-09-29T21:03:31Z,productcatalogservice,147.0,600,0.95,0.245,0
2026-09-29T21:03:31Z,paymentservice,0.0,200,0.8,0.0,0
2026-09-29T21:03:31Z,recommendationservice,0.0,1150,0.8,0.0,0
2026-09-29T21:03:31Z,shippingservice,0.0,400,0.8,0.0,0
2026-09-29T21:03:31Z,currencyservice,382.0,650,0.8,0.5876923076923077,0
2026-09-29T21:03:31Z,emailservice,0.0,200,0.8,0.0,0
2026-09-29T21:03:31Z,adservice,34.0,600,0.8,0.056666666666666664,0
2026-09-29T21:03:31Z,redis-cart,34.0,300,0.8,0.11333333333333333,0
2026-09-29T21:03:32Z,frontend,212.16666666666666,1150,0.8,0.1844927536231884,0
2026-09-29T21:03:32Z,cartservice,362.0,600,0.95,0.6033333333333334,0
2026-09-29T21:03:32Z,checkoutservice,38.0,800,0.8,0.0475,0
2026-09-29T21:03:32Z,productcatalogservice,175.0,600,0.95,0.2916666666666667,0
2026-09-29T21:03:32Z,paymentservice,26.0,200,0.8,0.13,0
2026-09-29T21:03:32Z,recommendationservice,0.0,1150,0.8,0.0,0
2026-09-29T21:03:32Z,shippingservice,0.0,400,0.8,0.0,0
2026-09-29T21:03:32Z,currencyservice,408.0,650,0.8,0.6276923076923077,0
2026-09-29T21:03:32Z,emailservice,52.0,200,0.8,0.26,0
2026-09-29T21:03:32Z,adservice,36.0,600,0.8,0.06,0
2026-09-29T21:03:32Z,redis-cart,34.0,300,0.8,0.11333333333333333,0
2026-09-29T21:03:33Z,frontend,209.0,1150,0.8,0.1817391304347826,0
2026-09-29T21:03:33Z,cartservice,383.0,600,0.95,0.6383333333333333,0
2026-09-29T21:03:33Z,checkoutservice,0.0,800,0.8,0.0,0
2026-09-29T21:03:33Z,productcatalogservice,175.0,600,0.95,0.2916666666666667,0
2026-09-29T21:03:33Z,paymentservice,0.0,200,0.8,0.0,0
2026-09-29T21:03:33Z,recommendationservice,0.0,1150,0.8,0.0,0
2026-09-29T21:03:33Z,shippingservice,0.0,400,0.8,0.0,0
2026-09-29T21:03:33Z,currencyservice,397.0,650,0.8,0.6107692307692307,0
2026-09-29T21:03:33Z,emailservice,0.0,200,0.8,0.0,0
2026-09-29T21:03:33Z,adservice,36.0,600,0.8,0.06,0
2026-09-29T21:03:33Z,redis-cart,35.0,300,0.8,0.11666666666666667,0
2026-09-29T21:03:34Z,frontend,232.16666666666666,1150,0.8,0.2018840579710145,0
2026-09-29T21:03:34Z,cartservice,383.0,600,0.95,0.6383333333333333,0
2026-09-29T21:03:34Z,checkoutservice,0.0,800,0.8,0.0,0
2026-09-29T21:03:34Z,productcatalogservice,148.0,600,0.95,0.24666666666666667,0
2026-09-29T21:03:34Z,paymentservice,0.0,200,0.8,0.0,0
2026-09-29T21:03:34Z,recommendationservice,0.0,1150,0.8,0.0,0
2026-09-29T21:03:34Z,shippingservice,11.0,400,0.8,0.0275,0
2026-09-29T21:03:34Z,currencyservice,401.0,650,0.8,0.6169230769230769,0
2026-09-29T21:03:34Z,emailservice,0.0,200,0.8,0.0,0
2026-09-29T21:03:34Z,adservice,34.0,600,0.8,0.056666666666666664,0
2026-09-29T21:03:34Z,redis-cart,35.0,300,0.8,0.11666666666666667,0
2026-09-29T21:03:35Z,frontend,212.16666666666666,1150,0.8,0.1844927536231884,0
2026-09-29T21:03:35Z,cartservice,394.0,600,0.95,0.6566666666666666,0
2026-09-29T21:03:35Z,checkoutservice,0.0,800,0.8,0.0,0
2026-09-29T21:03:35Z,productcatalogservice,146.0,600,0.95,0.24333333333333335,0
2026-09-29T21:03:35Z,paymentservice,0.0,200,0.8,0.0,0
2026-09-29T21:03:35Z,recommendationservice,0.0,1150,0.8,0.0,0
2026-09-29T21:03:35Z,shippingservice,0.0,400,0.8,0.0,0
2026-09-29T21:03:35Z,currencyservice,401.0,650,0.8,0.6169230769230769,0
2026-09-29T21:03:35Z,emailservice,0.0,200,0.8,0.0,0
2026-09-29T21:03:35Z,adservice,34.0,600,0.8,0.056666666666666664,0
2026-09-29T21:03:35Z,redis-cart,35.0,300,0.8,0.11666666666666667,0
2026-09-29T21:03:36Z,frontend,207.83333333333334,1150,0.8,0.18072463768115943,0
2026-09-29T21:03:36Z,cartservice,358.0,600,0.95,0.5966666666666667,0
2026-09-29T21:03:36Z,checkoutservice,0.0,800,0.8,0.0,0
2026-09-29T21:03:36Z,productcatalogservice,146.0,600,0.95,0.24333333333333335,0
2026-09-29T21:03:36Z,paymentservice,0.0,200,0.8,0.0,0
2026-09-29T21:03:36Z,recommendationservice,0.0,1150,0.8,0.0,0
2026-09-29T21:03:36Z,shippingservice,0.0,400,0.8,0.0,0
2026-09-29T21:03:36Z,currencyservice,396.0,650,0.8,0.6092307692307692,0
2026-09-29T21:03:36Z,emailservice,0.0,200,0.8,0.0,0
2026-09-29T21:03:36Z,adservice,34.0,600,0.8,0.056666666666666664,0
2026-09-29T21:03:36Z,redis-cart,33.0,300,0.8,0.11,0
2026-09-29T21:03:37Z,frontend,196.5,1150,0.8,0.1708695652173913,0
2026-09-29T21:03:37Z,cartservice,358.0,600,0.95,0.5966666666666667,0
2026-09-29T21:03:37Z,checkoutservice,0.0,800,0.8,0.0,0
2026-09-29T21:03:37Z,productcatalogservice,132.0,600,0.95,0.22,0
2026-09-29T21:03:37Z,paymentservice,0.0,200,0.8,0.0,0
2026-09-29T21:03:37Z,recommendationservice,0.0,1150,0.8,0.0,0
2026-09-29T21:03:37Z,shippingservice,0.0,400,0.8,0.0,0
2026-09-29T21:03:37Z,currencyservice,380.0,650,0.8,0.5846153846153846,0
2026-09-29T21:03:37Z,emailservice,27.0,200,0.8,0.135,0
2026-09-29T21:03:37Z,adservice,73.0,600,0.8,0.12166666666666667,0
2026-09-29T21:03:37Z,redis-cart,33.0,300,0.8,0.11,0
2026-09-29T21:03:38Z,frontend,200.0,1150,0.8,0.17391304347826086,0
2026-09-29T21:03:38Z,cartservice,337.0,600,0.95,0.5616666666666666,0
2026-09-29T21:03:38Z,checkoutservice,0.0,800,0.8,0.0,0
2026-09-29T21:03:38Z,productcatalogservice,155.0,600,0.95,0.25833333333333336,0
2026-09-29T21:03:38Z,paymentservice,0.0,200,0.8,0.0,0
2026-09-29T21:03:38Z,recommendationservice,0.0,1150,0.8,0.0,0
2026-09-29T21:03:38Z,shippingservice,24.0,400,0.8,0.06,0
2026-09-29T21:03:38Z,currencyservice,415.0,650,0.8,0.6384615384615384,0
2026-09-29T21:03:38Z,emailservice,0.0,200,0.8,0.0,0
2026-09-29T21:03:38Z,adservice,73.0,600,0.8,0.12166666666666667,0
2026-09-29T21:03:38Z,redis-cart,33.0,300,0.8,0.11,0
2026-09-29T21:03:39Z,frontend,184.83333333333334,1150,0.8,0.16072463768115944,0
2026-09-29T21:03:39Z,cartservice,342.0,600,0.95,0.57,0
2026-09-29T21:03:39Z,checkoutservice,0.0,800,0.8,0.0,0
2026-09-29T21:03:39Z,productcatalogservice,155.0,600,0.95,0.25833333333333336,0
2026-09-29T21:03:39Z,paymentservice,0.0,200,0.8,0.0,0
2026-09-29T21:03:39Z,recommendationservice,0.0,1150,0.8,0.0,0
2026-09-29T21:03:39Z,shippingservice,24.0,400,0.8,0.06,0
2026-09-29T21:03:39Z,currencyservice,415.0,650,0.8,0.6384615384615384,0
2026-09-29T21:03:39Z,emailservice,0.0,200,0.8,0.0,0
2026-09-29T21:03:39Z,adservice,35.0,600,0.8,0.058333333333333334,0
2026-09-29T21:03:39Z,redis-cart,33.0,300,0.8,0.11,0
2026-09-29T21:03:40Z,frontend,234.0,1150,0.8,0.20347826086956522,0
2026-09-29T21:03:40Z,cartservice,342.0,600,0.95,0.57,0
2026-09-29T21:03:40Z,checkoutservice,0.0,800,0.8,0.0,0
2026-09-29T21:03:40Z,productcatalogservice,150.0,600,0.95,0.25,0
2026-09-29T21:03:40Z,paymentservice,0.0,200,0.8,0.0,0
2026-09-29T21:03:40Z,recommendationservice,0.0,1150,0.8,0.0,0
2026-09-29T21:03:40Z,shippingservice,0.0,400,0.8,0.0,0
2026-09-29T21:03:40Z,currencyservice,467.0,650,0.8,0.7184615384615385,0
2026-09-29T21:03:40Z,emailservice,0.0,200,0.8,0.0,0
2026-09-29T21:03:40Z,adservice,36.0,600,0.8,0.06,0
2026-09-29T21:03:40Z,redis-cart,34.0,300,0.8,0.11333333333333333,0
2026-09-29T21:03:41Z,frontend,217.0,1150,0.8,0.18869565217391304,0
2026-09-29T21:03:41Z,cartservice,356.0,600,0.95,0.5933333333333334,0
2026-09-29T21:03:41Z,checkoutservice,28.0,800,0.8,0.035,0
2026-09-29T21:03:41Z,productcatalogservice,173.0,600,0.95,0.28833333333333333,0
2026-09-29T21:03:41Z,paymentservice,0.0,200,0.8,0.0,0
2026-09-29T21:03:41Z,recommendationservice,0.0,1150,0.8,0.0,0
2026-09-29T21:03:41Z,shippingservice,0.0,400,0.8,0.0,0
2026-09-29T21:03:41Z,currencyservice,398.0,650,0.8,0.6123076923076923,0
2026-09-29T21:03:41Z,emailservice,0.0,200,0.8,0.0,0
2026-09-29T21:03:41Z,adservice,36.0,600,0.8,0.06,0
2026-09-29T21:03:41Z,redis-cart,34.0,300,0.8,0.11333333333333333,0
2026-09-29T21:03:42Z,frontend,248.16666666666666,1150,0.8,0.21579710144927536,0
2026-09-29T21:03:42Z,cartservice,370.0,600,0.95,0.6166666666666667,0
2026-09-29T21:03:42Z,checkoutservice,0.0,800,0.8,0.0,0
2026-09-29T21:03:42Z,productcatalogservice,173.0,600,0.95,0.28833333333333333,0
2026-09-29T21:03:42Z,paymentservice,25.0,200,0.8,0.125,0
2026-09-29T21:03:42Z,recommendationservice,0.0,1150,0.8,0.0,0
2026-09-29T21:03:42Z,shippingservice,0.0,400,0.8,0.0,0
2026-09-29T21:03:42Z,currencyservice,398.0,650,0.8,0.6123076923076923,0
2026-09-29T21:03:42Z,emailservice,26.0,200,0.8,0.13,0
2026-09-29T21:03:42Z,adservice,35.0,600,0.8,0.058333333333333334,0
2026-09-29T21:03:42Z,redis-cart,33.0,300,0.8,0.11,0
2026-09-29T21:03:43Z,frontend,220.66666666666666,1150,0.8,0.1918840579710145,0
2026-09-29T21:03:43Z,cartservice,370.0,600,0.95,0.6166666666666667,0
2026-09-29T21:03:43Z,checkoutservice,0.0,800,0.8,0.0,0
2026-09-29T21:03:43Z,productcatalogservice,145.0,600,0.95,0.24166666666666667,0
2026-09-29T21:03:43Z,paymentservice,25.0,200,0.8,0.125,0
2026-09-29T21:03:43Z,recommendationservice,0.0,1150,0.8,0.0,0
2026-09-29T21:03:43Z,shippingservice,0.0,400,0.8,0.0,0
2026-09-29T21:03:43Z,currencyservice,433.0,650,0.8,0.6661538461538462,0
2026-09-29T21:03:43Z,emailservice,26.0,200,0.8,0.13,0
2026-09-29T21:03:43Z,adservice,35.0,600,0.8,0.058333333333333334,0
2026-09-29T21:03:43Z,redis-cart,35.0,300,0.8,0.11666666666666667,0
2026-09-29T21:03:44Z,frontend,219.0,1150,0.8,0.19043478260869565,0
2026-09-29T21:03:44Z,cartservice,335.0,600,0.95,0.5583333333333333,0
2026-09-29T21:03:44Z,checkoutservice,0.0,800,0.8,0.0,0
2026-09-29T21:03:44Z,productcatalogservice,152.0,600,0.95,0.25333333333333335,0
2026-09-29T21:03:44Z,paymentservice,0.0,200,0.8,0.0,0
2026-09-29T21:03:44Z,recommendationservice,0.0,1150,0.8,0.0,0
2026-09-29T21:03:44Z,shippingservice,10.0,400,0.8,0.025,0
2026-09-29T21:03:44Z,currencyservice,398.0,650,0.8,0.6123076923076923,0
2026-09-29T21:03:44Z,emailservice,0.0,200,0.8,0.0,0
2026-09-29T21:03:44Z,adservice,41.0,600,0.8,0.06833333333333333,0
2026-09-29T21:03:44Z,redis-cart,35.0,300,0.8,0.11666666666666667,0
2026-09-29T21:03:45Z,frontend,221.5,1150,0.8,0.19260869565217392,0
2026-09-29T21:03:45Z,cartservice,335.0,600,0.95,0.5583333333333333,0
2026-09-29T21:03:45Z,checkoutservice,0.0,800,0.8,0.0,0
2026-09-29T21:03:45Z,productcatalogservice,141.0,600,0.95,0.235,0
2026-09-29T21:03:45Z,paymentservice,0.0,200,0.8,0.0,0
2026-09-29T21:03:45Z,recommendationservice,0.0,1150,0.8,0.0,0
2026-09-29T21:03:45Z,shippingservice,10.0,400,0.8,0.025,0
2026-09-29T21:03:45Z,currencyservice,437.0,650,0.8,0.6723076923076923,0
2026-09-29T21:03:45Z,emailservice,0.0,200,0.8,0.0,0
2026-09-29T21:03:45Z,adservice,41.0,600,0.8,0.06833333333333333,0
2026-09-29T21:03:45Z,redis-cart,35.0,300,0.8,0.11666666666666667,0
2026-09-29T21:03:46Z,frontend,216.5,1150,0.8,0.1882608695652174,0
2026-09-29T21:03:46Z,cartservice,394.0,600,0.95,0.6566666666666666,0
2026-09-29T21:03:46Z,checkoutservice,0.0,800,0.8,0.0,0
2026-09-29T21:03:46Z,productcatalogservice,131.0,600,0.95,0.21833333333333332,0
2026-09-29T21:03:46Z,paymentservice,0.0,200,0.8,0.0,0
2026-09-29T21:03:46Z,recommendationservice,0.0,1150,0.8,0.0,0
2026-09-29T21:03:46Z,shippingservice,0.0,400,0.8,0.0,0
2026-09-29T21:03:46Z,currencyservice,437.0,650,0.8,0.6723076923076923,0
2026-09-29T21:03:46Z,emailservice,0.0,200,0.8,0.0,0
2026-09-29T21:03:46Z,adservice,34.0,600,0.8,0.056666666666666664,0
2026-09-29T21:03:46Z,redis-cart,35.0,300,0.8,0.11666666666666667,0
2026-09-29T21:03:47Z,frontend,195.33333333333334,1150,0.8,0.16985507246376813,0
2026-09-29T21:03:47Z,cartservice,312.0,600,0.95,0.52,0
2026-09-29T21:03:47Z,checkoutservice,0.0,800,0.8,0.0,0
2026-09-29T21:03:47Z,productcatalogservice,131.0,600,0.95,0.21833333333333332,0
2026-09-29T21:03:47Z,paymentservice,0.0,200,0.8,0.0,0
2026-09-29T21:03:47Z,recommendationservice,0.0,1150,0.8,0.0,0
2026-09-29T21:03:47Z,shippingservice,0.0,400,0.8,0.0,0
2026-09-29T21:03:47Z,currencyservice,370.0,650,0.8,0.5692307692307692,0
2026-09-29T21:03:47Z,emailservice,26.0,200,0.8,0.13,0
2026-09-29T21:03:47Z,adservice,33.0,600,0.8,0.055,0
2026-09-29T21:03:47Z,redis-cart,32.0,300,0.8,0.10666666666666667,0
2026-09-29T21:03:48Z,frontend,211.0,1150,0.8,0.18347826086956523,0
2026-09-29T21:03:48Z,cartservice,312.0,600,0.95,0.52,0
2026-09-29T21:03:48Z,checkoutservice,0.0,800,0.8,0.0,0
2026-09-29T21:03:48Z,productcatalogservice,152.0,600,0.95,0.25333333333333335,0
2026-09-29T21:03:48Z,paymentservice,0.0,200,0.8,0.0,0
2026-09-29T21:03:48Z,recommendationservice,0.0,1150,0.8,0.0,0
2026-09-29T21:03:48Z,shippingservice,0.0,400,0.8,0.0,0
2026-09-29T21:03:48Z,currencyservice,385.0,650,0.8,0.5923076923076923,0
2026-09-29T21:03:48Z,emailservice,26.0,200,0.8,0.13,0
2026-09-29T21:03:48Z,adservice,32.0,600,0.8,0.05333333333333334,0
2026-09-29T21:03:48Z,redis-cart,31.0,300,0.8,0.10333333333333333,0
2026-09-29T21:03:49Z,frontend,218.83333333333334,1150,0.8,0.19028985507246376,0
2026-09-29T21:03:49Z,cartservice,358.0,600,0.95,0.5966666666666667,0
2026-09-29T21:03:49Z,checkoutservice,0.0,800,0.8,0.0,0
2026-09-29T21:03:49Z,productcatalogservice,126.0,600,0.95,0.21,0
2026-09-29T21:03:49Z,paymentservice,0.0,200,0.8,0.0,0
2026-09-29T21:03:49Z,recommendationservice,0.0,1150,0.8,0.0,0
2026-09-29T21:03:49Z,shippingservice,22.0,400,0.8,0.055,0
2026-09-29T21:03:49Z,currencyservice,385.0,650,0.8,0.5923076923076923,0
2026-09-29T21:03:49Z,emailservice,0.0,200,0.8,0.0,0
2026-09-29T21:03:49Z,adservice,32.0,600,0.8,0.05333333333333334,0
2026-09-29T21:03:49Z,redis-cart,35.0,300,0.8,0.11666666666666667,0
2026-09-29T21:03:50Z,frontend,200.83333333333334,1150,0.8,0.1746376811594203,0
2026-09-29T21:03:50Z,cartservice,432.0,600,0.95,0.72,0
2026-09-29T21:03:50Z,checkoutservice,0.0,800,0.8,0.0,0
2026-09-29T21:03:50Z,productcatalogservice,126.0,600,0.95,0.21,0
2026-09-29T21:03:50Z,paymentservice,0.0,200,0.8,0.0,0
2026-09-29T21:03:50Z,recommendationservice,0.0,1150,0.8,0.0,0
2026-09-29T21:03:50Z,shippingservice,22.0,400,0.8,0.055,0
2026-09-29T21:03:50Z,currencyservice,424.0,650,0.8,0.6523076923076923,0
2026-09-29T21:03:50Z,emailservice,0.0,200,0.8,0.0,0
2026-09-29T21:03:50Z,adservice,35.0,600,0.8,0.058333333333333334,0
2026-09-29T21:03:50Z,redis-cart,35.0,300,0.8,0.11666666666666667,0
2026-09-29T21:03:51Z,frontend,238.33333333333334,1150,0.8,0.20724637681159422,0
2026-09-29T21:03:51Z,cartservice,432.0,600,0.95,0.72,0
2026-09-29T21:03:51Z,checkoutservice,23.0,800,0.8,0.02875,0
2026-09-29T21:03:51Z,productcatalogservice,177.0,600,0.95,0.295,0
2026-09-29T21:03:51Z,paymentservice,0.0,200,0.8,0.0,0
2026-09-29T21:03:51Z,recommendationservice,0.0,1150,0.8,0.0,0
2026-09-29T21:03:51Z,shippingservice,0.0,400,0.8,0.0,0
2026-09-29T21:03:51Z,currencyservice,424.0,650,0.8,0.6523076923076923,0
2026-09-29T21:03:51Z,emailservice,0.0,200,0.8,0.0,0
2026-09-29T21:03:51Z,adservice,64.0,600,0.8,0.10666666666666667,0
2026-09-29T21:03:51Z,redis-cart,37.0,300,0.8,0.12333333333333334,0
2026-09-29T21:03:52Z,frontend,191.5,1150,0.8,0.16652173913043478,0
2026-09-29T21:03:52Z,cartservice,391.0,600,0.95,0.6516666666666666,0
2026-09-29T21:03:52Z,checkoutservice,23.0,800,0.8,0.02875,0
2026-09-29T21:03:52Z,productcatalogservice,153.0,600,0.95,0.255,0
2026-09-29T21:03:52Z,paymentservice,0.0,200,0.8,0.0,0
2026-09-29T21:03:52Z,recommendationservice,0.0,1150,0.8,0.0,0
2026-09-29T21:03:52Z,shippingservice,0.0,400,0.8,0.0,0
2026-09-29T21:03:52Z,currencyservice,427.0,650,0.8,0.6569230769230769,0
2026-09-29T21:03:52Z,emailservice,30.0,200,0.8,0.15,0
2026-09-29T21:03:52Z,adservice,64.0,600,0.8,0.10666666666666667,0
2026-09-29T21:03:52Z,redis-cart,33.0,300,0.8,0.11,0
2026-09-29T21:03:53Z,frontend,214.5,1150,0.8,0.1865217391304348,0
2026-09-29T21:03:53Z,cartservice,353.0,600,0.95,0.5883333333333334,0
2026-09-29T21:03:53Z,checkoutservice,0.0,800,0.8,0.0,0
2026-09-29T21:03:53Z,productcatalogservice,153.0,600,0.95,0.255,0
2026-09-29T21:03:53Z,paymentservice,38.0,200,0.8,0.19,0
2026-09-29T21:03:53Z,recommendationservice,0.0,1150,0.8,0.0,0
2026-09-29T21:03:53Z,shippingservice,17.0,400,0.8,0.0425,0
2026-09-29T21:03:53Z,currencyservice,398.0,650,0.8,0.6123076923076923,0
2026-09-29T21:03:53Z,emailservice,30.0,200,0.8,0.15,0
2026-09-29T21:03:53Z,adservice,37.0,600,0.8,0.06166666666666667,0
2026-09-29T21:03:53Z,redis-cart,34.0,300,0.8,0.11333333333333333,0
2026-09-29T21:03:54Z,frontend,211.16666666666666,1150,0.8,0.18362318840579708,0
2026-09-29T21:03:54Z,cartservice,353.0,600,0.95,0.5883333333333334,0
2026-09-29T21:03:54Z,checkoutservice,0.0,800,0.8,0.0,0
2026-09-29T21:03:54Z,productcatalogservice,142.0,600,0.95,0.23666666666666666,0
2026-09-29T21:03:54Z,paymentservice,0.0,200,0.8,0.0,0
2026-09-29T21:03:54Z,recommendationservice,0.0,1150,0.8,0.0,0
2026-09-29T21:03:54Z,shippingservice,17.0,400,0.8,0.0425,0
2026-09-29T21:03:54Z,currencyservice,398.0,650,0.8,0.6123076923076923,0
2026-09-29T21:03:54Z,emailservice,0.0,200,0.8,0.0,0
2026-09-29T21:03:54Z,adservice,39.0,600,0.8,0.065,0
2026-09-29T21:03:54Z,redis-cart,34.0,300,0.8,0.11333333333333333,0
2026-09-29T21:03:55Z,frontend,228.16666666666666,1150,0.8,0.19840579710144926,0
2026-09-29T21:03:55Z,cartservice,343.0,600,0.95,0.5716666666666667,0
2026-09-29T21:03:55Z,checkoutservice,0.0,800,0.8,0.0,0
2026-09-29T21:03:55Z,productcatalogservice,152.0,600,0.95,0.25333333333333335,0
2026-09-29T21:03:55Z,paymentservice,0.0,200,0.8,0.0,0
2026-09-29T21:03:55Z,recommendationservice,0.0,1150,0.8,0.0,0
2026-09-29T21:03:55Z,shippingservice,0.0,400,0.8,0.0,0
2026-09-29T21:03:55Z,currencyservice,426.0,650,0.8,0.6553846153846153,0
2026-09-29T21:03:55Z,emailservice,0.0,200,0.8,0.0,0
2026-09-29T21:03:55Z,adservice,39.0,600,0.8,0.065,0
2026-09-29T21:03:55Z,redis-cart,36.0,300,0.8,0.12,0
2026-09-29T21:03:56Z,frontend,206.16666666666666,1150,0.8,0.17927536231884056,0
2026-09-29T21:03:56Z,cartservice,343.0,600,0.95,0.5716666666666667,0
2026-09-29T21:03:56Z,checkoutservice,0.0,800,0.8,0.0,0
2026-09-29T21:03:56Z,productcatalogservice,152.0,600,0.95,0.25333333333333335,0
2026-09-29T21:03:56Z,paymentservice,0.0,200,0.8,0.0,0
2026-09-29T21:03:56Z,recommendationservice,0.0,1150,0.8,0.0,0
2026-09-29T21:03:56Z,shippingservice,0.0,400,0.8,0.0,0
2026-09-29T21:03:56Z,currencyservice,426.0,650,0.8,0.6553846153846153,0
2026-09-29T21:03:56Z,emailservice,45.0,200,0.8,0.225,0
2026-09-29T21:03:56Z,adservice,35.0,600,0.8,0.058333333333333334,0
2026-09-29T21:03:56Z,redis-cart,30.0,300,0.8,0.1,0
2026-09-29T21:03:57Z,frontend,225.0,1150,0.8,0.1956521739130435,0
2026-09-29T21:03:57Z,cartservice,338.0,600,0.95,0.5633333333333334,0
2026-09-29T21:03:57Z,checkoutservice,0.0,800,0.8,0.0,0
2026-09-29T21:03:57Z,productcatalogservice,141.0,600,0.95,0.235,0
2026-09-29T21:03:57Z,paymentservice,0.0,200,0.8,0.0,0
2026-09-29T21:03:57Z,recommendationservice,0.0,1150,0.8,0.0,0
2026-09-29T21:03:57Z,shippingservice,0.0,400,0.8,0.0,0
2026-09-29T21:03:57Z,currencyservice,415.0,650,0.8,0.6384615384615384,0
2026-09-29T21:03:57Z,emailservice,45.0,200,0.8,0.225,0
2026-09-29T21:03:57Z,adservice,35.0,600,0.8,0.058333333333333334,0
2026-09-29T21:03:57Z,redis-cart,30.0,300,0.8,0.1,0
2026-09-29T21:03:58Z,frontend,229.66666666666666,1150,0.8,0.19971014492753622,0
2026-09-29T21:03:58Z,cartservice,354.0,600,0.95,0.59,0
2026-09-29T21:03:58Z,checkoutservice,0.0,800,0.8,0.0,0
2026-09-29T21:03:58Z,productcatalogservice,138.0,600,0.95,0.23,0
2026-09-29T21:03:58Z,paymentservice,0.0,200,0.8,0.0,0
2026-09-29T21:03:58Z,recommendationservice,0.0,1150,0.8,0.0,0
2026-09-29T21:03:58Z,shippingservice,0.0,400,0.8,0.0,0
2026-09-29T21:03:58Z,currencyservice,415.0,650,0.8,0.6384615384615384,0
2026-09-29T21:03:58Z,emailservice,0.0,200,0.8,0.0,0
2026-09-29T21:03:58Z,adservice,33.0,600,0.8,0.055,0
2026-09-29T21:03:58Z,redis-cart,31.0,300,0.8,0.10333333333333333,0
2026-09-29T21:03:59Z,frontend,188.33333333333334,1150,0.8,0.163768115942029,0
2026-09-29T21:03:59Z,cartservice,354.0,600,0.95,0.59,0
2026-09-29T21:03:59Z,checkoutservice,0.0,800,0.8,0.0,0
2026-09-29T21:03:59Z,productcatalogservice,138.0,600,0.95,0.23,0
2026-09-29T21:03:59Z,paymentservice,0.0,200,0.8,0.0,0
2026-09-29T21:03:59Z,recommendationservice,0.0,1150,0.8,0.0,0
2026-09-29T21:03:59Z,shippingservice,22.0,400,0.8,0.055,0
2026-09-29T21:03:59Z,currencyservice,421.0,650,0.8,0.6476923076923077,0
2026-09-29T21:03:59Z,emailservice,0.0,200,0.8,0.0,0
2026-09-29T21:03:59Z,adservice,32.0,600,0.8,0.05333333333333334,0
2026-09-29T21:03:59Z,redis-cart,33.0,300,0.8,0.11,0
2026-09-29T21:04:00Z,frontend,135.33333333333334,1150,0.8,0.11768115942028987,0
2026-09-29T21:04:00Z,cartservice,435.0,600,0.95,0.725,0
2026-09-29T21:04:00Z,checkoutservice,0.0,800,0.8,0.0,0
2026-09-29T21:04:00Z,productcatalogservice,139.0,600,0.95,0.23166666666666666,0
2026-09-29T21:04:00Z,paymentservice,0.0,200,0.8,0.0,0
2026-09-29T21:04:00Z,recommendationservice,0.0,1150,0.8,0.0,0
2026-09-29T21:04:00Z,shippingservice,22.0,400,0.8,0.055,0
2026-09-29T21:04:00Z,currencyservice,358.0,650,0.8,0.5507692307692308,0
2026-09-29T21:04:00Z,emailservice,0.0,200,0.8,0.0,0
2026-09-29T21:04:00Z,adservice,32.0,600,0.8,0.05333333333333334,0
2026-09-29T21:04:00Z,redis-cart,33.0,300,0.8,0.11,0
2026-09-29T21:04:01Z,frontend,246.83333333333334,1150,0.8,0.2146376811594203,0
2026-09-29T21:04:01Z,cartservice,435.0,600,0.95,0.725,0
2026-09-29T21:04:01Z,checkoutservice,0.0,800,0.8,0.0,0
2026-09-29T21:04:01Z,productcatalogservice,139.0,600,0.95,0.23166666666666666,0
2026-09-29T21:04:01Z,paymentservice,0.0,200,0.8,0.0,0
2026-09-29T21:04:01Z,recommendationservice,0.0,1150,0.8,0.0,0
2026-09-29T21:04:01Z,shippingservice,0.0,400,0.8,0.0,0
2026-09-29T21:04:01Z,currencyservice,376.0,650,0.8,0.5784615384615385,0
2026-09-29T21:04:01Z,emailservice,31.0,200,0.8,0.155,0
2026-09-29T21:04:01Z,adservice,32.0,600,0.8,0.05333333333333334,0
2026-09-29T21:04:01Z,redis-cart,34.0,300,0.8,0.11333333333333333,0
2026-09-29T21:04:02Z,frontend,215.33333333333334,1150,0.8,0.1872463768115942,0
2026-09-29T21:04:02Z,cartservice,403.0,600,0.95,0.6716666666666666,0
2026-09-29T21:04:02Z,checkoutservice,25.0,800,0.8,0.03125,0
2026-09-29T21:04:02Z,productcatalogservice,157.0,600,0.95,0.26166666666666666,0
2026-09-29T21:04:02Z,paymentservice,23.0,200,0.8,0.115,0
2026-09-29T21:04:02Z,recommendationservice,0.0,1150,0.8,0.0,0
2026-09-29T21:04:02Z,shippingservice,0.0,400,0.8,0.0,0
2026-09-29T21:04:02Z,currencyservice,386.0,650,0.8,0.5938461538461538,0
2026-09-29T21:04:02Z,emailservice,31.0,200,0.8,0.155,0
2026-09-29T21:04:02Z,adservice,32.0,600,0.8,0.05333333333333334,0
2026-09-29T21:04:02Z,redis-cart,34.0,300,0.8,0.11333333333333333,0
2026-09-29T21:04:03Z,frontend,220.66666666666666,1150,0.8,0.1918840579710145,0
2026-09-29T21:04:03Z,cartservice,382.0,600,0.95,0.6366666666666667,0
2026-09-29T21:04:03Z,checkoutservice,0.0,800,0.8,0.0,0
2026-09-29T21:04:03Z,productcatalogservice,159.0,600,0.95,0.265,0
2026-09-29T21:04:03Z,paymentservice,23.0,200,0.8,0.115,0
2026-09-29T21:04:03Z,recommendationservice,0.0,1150,0.8,0.0,0
2026-09-29T21:04:03Z,shippingservice,18.0,400,0.8,0.045,0
2026-09-29T21:04:03Z,currencyservice,386.0,650,0.8,0.5938461538461538,0
2026-09-29T21:04:03Z,emailservice,0.0,200,0.8,0.0,0
2026-09-29T21:04:03Z,adservice,37.0,600,0.8,0.06166666666666667,0
2026-09-29T21:04:03Z,redis-cart,35.0,300,0.8,0.11666666666666667,0
2026-09-29T21:04:04Z,frontend,236.5,1150,0.8,0.20565217391304347,0
2026-09-29T21:04:04Z,cartservice,382.0,600,0.95,0.6366666666666667,0
2026-09-29T21:04:04Z,checkoutservice,0.0,800,0.8,0.0,0
2026-09-29T21:04:04Z,productcatalogservice,159.0,600,0.95,0.265,0
2026-09-29T21:04:04Z,paymentservice,0.0,200,0.8,0.0,0
2026-09-29T21:04:04Z,recommendationservice,0.0,1150,0.8,0.0,0
2026-09-29T21:04:04Z,shippingservice,0.0,400,0.8,0.0,0
2026-09-29T21:04:04Z,currencyservice,433.0,650,0.8,0.6661538461538462,0
2026-09-29T21:04:04Z,emailservice,0.0,200,0.8,0.0,0
2026-09-29T21:04:04Z,adservice,38.0,600,0.8,0.06333333333333334,0
2026-09-29T21:04:04Z,redis-cart,35.0,300,0.8,0.11666666666666667,0
2026-09-29T21:04:05Z,frontend,202.66666666666666,1150,0.8,0.176231884057971,0
2026-09-29T21:04:05Z,cartservice,396.0,600,0.95,0.66,0
2026-09-29T21:04:05Z,checkoutservice,0.0,800,0.8,0.0,0
2026-09-29T21:04:05Z,productcatalogservice,153.0,600,0.95,0.255,0
2026-09-29T21:04:05Z,paymentservice,0.0,200,0.8,0.0,0
2026-09-29T21:04:05Z,recommendationservice,0.0,1150,0.8,0.0,0
2026-09-29T21:04:05Z,shippingservice,0.0,400,0.8,0.0,0
2026-09-29T21:04:05Z,currencyservice,433.0,650,0.8,0.6661538461538462,0
2026-09-29T21:04:05Z,emailservice,0.0,200,0.8,0.0,0
2026-09-29T21:04:05Z,adservice,38.0,600,0.8,0.06333333333333334,0
2026-09-29T21:04:05Z,redis-cart,35.0,300,0.8,0.11666666666666667,0
2026-09-29T21:04:06Z,frontend,192.66666666666666,1150,0.8,0.16753623188405797,0
2026-09-29T21:04:06Z,cartservice,352.0,600,0.95,0.5866666666666667,0
2026-09-29T21:04:06Z,checkoutservice,0.0,800,0.8,0.0,0
2026-09-29T21:04:06Z,productcatalogservice,153.0,600,0.95,0.255,0
2026-09-29T21:04:06Z,paymentservice,0.0,200,0.8,0.0,0
2026-09-29T21:04:06Z,recommendationservice,0.0,1150,0.8,0.0,0
2026-09-29T21:04:06Z,shippingservice,0.0,400,0.8,0.0,0
2026-09-29T21:04:06Z,currencyservice,416.0,650,0.8,0.64,0
2026-09-29T21:04:06Z,emailservice,3.0,200,0.8,0.015,0
2026-09-29T21:04:06Z,adservice,38.0,600,0.8,0.06333333333333334,0
2026-09-29T21:04:06Z,redis-cart,35.0,300,0.8,0.11666666666666667,0
2026-09-29T21:04:07Z,frontend,212.0,1150,0.8,0.18434782608695652,0
2026-09-29T21:04:07Z,cartservice,352.0,600,0.95,0.5866666666666667,0
2026-09-29T21:04:07Z,checkoutservice,0.0,800,0.8,0.0,0
2026-09-29T21:04:07Z,productcatalogservice,135.0,600,0.95,0.225,0
2026-09-29T21:04:07Z,paymentservice,0.0,200,0.8,0.0,0
2026-09-29T21:04:07Z,recommendationservice,0.0,1150,0.8,0.0,0
2026-09-29T21:04:07Z,shippingservice,0.0,400,0.8,0.0,0
2026-09-29T21:04:07Z,currencyservice,375.0,650,0.8,0.5769230769230769,0
2026-09-29T21:04:07Z,emailservice,3.0,200,0.8,0.015,0
2026-09-29T21:04:07Z,adservice,73.0,600,0.8,0.12166666666666667,0
2026-09-29T21:04:07Z,redis-cart,33.0,300,0.8,0.11,0
2026-09-29T21:04:08Z,frontend,210.0,1150,0.8,0.1826086956521739,0
2026-09-29T21:04:08Z,cartservice,401.0,600,0.95,0.6683333333333333,0
2026-09-29T21:04:08Z,checkoutservice,0.0,800,0.8,0.0,0
2026-09-29T21:04:08Z,productcatalogservice,135.0,600,0.95,0.225,0
2026-09-29T21:04:08Z,paymentservice,0.0,200,0.8,0.0,0
2026-09-29T21:04:08Z,recommendationservice,0.0,1150,0.8,0.0,0
2026-09-29T21:04:08Z,shippingservice,0.0,400,0.8,0.0,0
2026-09-29T21:04:08Z,currencyservice,375.0,650,0.8,0.5769230769230769,0
2026-09-29T21:04:08Z,emailservice,26.0,200,0.8,0.13,0
2026-09-29T21:04:08Z,adservice,34.0,600,0.8,0.056666666666666664,0
2026-09-29T21:04:08Z,redis-cart,33.0,300,0.8,0.11,0
2026-09-29T21:04:09Z,frontend,207.66666666666666,1150,0.8,0.18057971014492752,0
2026-09-29T21:04:09Z,cartservice,401.0,600,0.95,0.6683333333333333,0
2026-09-29T21:04:09Z,checkoutservice,0.0,800,0.8,0.0,0
2026-09-29T21:04:09Z,productcatalogservice,139.0,600,0.95,0.23166666666666666,0
2026-09-29T21:04:09Z,paymentservice,0.0,200,0.8,0.0,0
2026-09-29T21:04:09Z,recommendationservice,0.0,1150,0.8,0.0,0
2026-09-29T21:04:09Z,shippingservice,25.0,400,0.8,0.0625,0
2026-09-29T21:04:09Z,currencyservice,413.0,650,0.8,0.6353846153846154,0
2026-09-29T21:04:09Z,emailservice,26.0,200,0.8,0.13,0
2026-09-29T21:04:09Z,adservice,34.0,600,0.8,0.056666666666666664,0
2026-09-29T21:04:09Z,redis-cart,33.0,300,0.8,0.11,0
2026-09-29T21:04:10Z,frontend,208.83333333333334,1150,0.8,0.18159420289855074,0
2026-09-29T21:04:10Z,cartservice,318.0,600,0.95,0.53,0
2026-09-29T21:04:10Z,checkoutservice,0.0,800,0.8,0.0,0
2026-09-29T21:04:10Z,productcatalogservice,154.0,600,0.95,0.25666666666666665,0
2026-09-29T21:04:10Z,paymentservice,0.0,200,0.8,0.0,0
2026-09-29T21:04:10Z,recommendationservice,0.0,1150,0.8,0.0,0
2026-09-29T21:04:10Z,shippingservice,0.0,400,0.8,0.0,0
2026-09-29T21:04:10Z,currencyservice,413.0,650,0.8,0.6353846153846154,0
2026-09-29T21:04:10Z,emailservice,0.0,200,0.8,0.0,0
2026-09-29T21:04:10Z,adservice,40.0,600,0.8,0.06666666666666667,0
2026-09-29T21:04:10Z,redis-cart,31.0,300,0.8,0.10333333333333333,0
2026-09-29T21:04:11Z,frontend,227.5,1150,0.8,0.19782608695652174,0
2026-09-29T21:04:11Z,cartservice,318.0,600,0.95,0.53,0
2026-09-29T21:04:11Z,checkoutservice,31.0,800,0.8,0.03875,0
2026-09-29T21:04:11Z,productcatalogservice,154.0,600,0.95,0.25666666666666665,0
2026-09-29T21:04:11Z,paymentservice,0.0,200,0.8,0.0,0
2026-09-29T21:04:11Z,recommendationservice,0.0,1150,0.8,0.0,0
2026-09-29T21:04:11Z,shippingservice,0.0,400,0.8,0.0,0
2026-09-29T21:04:11Z,currencyservice,425.0,650,0.8,0.6538461538461539,0
2026-09-29T21:04:11Z,emailservice,0.0,200,0.8,0.0,0
2026-09-29T21:04:11Z,adservice,33.0,600,0.8,0.055,0
2026-09-29T21:04:11Z,redis-cart,37.0,300,0.8,0.12333333333333334,0
2026-09-29T21:04:12Z,frontend,216.5,1150,0.8,0.1882608695652174,0
2026-09-29T21:04:12Z,cartservice,324.0,600,0.95,0.54,0
2026-09-29T21:04:12Z,checkoutservice,0.0,800,0.8,0.0,0
2026-09-29T21:04:12Z,productcatalogservice,168.0,600,0.95,0.28,0
2026-09-29T21:04:12Z,paymentservice,25.0,200,0.8,0.125,0
2026-09-29T21:04:12Z,recommendationservice,0.0,1150,0.8,0.0,0
2026-09-29T21:04:12Z,shippingservice,0.0,400,0.8,0.0,0
2026-09-29T21:04:12Z,currencyservice,363.0,650,0.8,0.5584615384615385,0
2026-09-29T21:04:12Z,emailservice,27.0,200,0.8,0.135,0
2026-09-29T21:04:12Z,adservice,35.0,600,0.8,0.058333333333333334,0
2026-09-29T21:04:12Z,redis-cart,37.0,300,0.8,0.12333333333333334,0
2026-09-29T21:04:13Z,frontend,240.0,1150,0.8,0.20869565217391303,0
2026-09-29T21:04:13Z,cartservice,310.0,600,0.95,0.5166666666666667,0
2026-09-29T21:04:13Z,checkoutservice,0.0,800,0.8,0.0,0
2026-09-29T21:04:13Z,productcatalogservice,138.0,600,0.95,0.23,0
2026-09-29T21:04:13Z,paymentservice,25.0,200,0.8,0.125,0
2026-09-29T21:04:13Z,recommendationservice,0.0,1150,0.8,0.0,0
2026-09-29T21:04:13Z,shippingservice,0.0,400,0.8,0.0,0
2026-09-29T21:04:13Z,currencyservice,363.0,650,0.8,0.5584615384615385,0
2026-09-29T21:04:13Z,emailservice,0.0,200,0.8,0.0,0
2026-09-29T21:04:13Z,adservice,35.0,600,0.8,0.058333333333333334,0
2026-09-29T21:04:13Z,redis-cart,33.0,300,0.8,0.11,0
2026-09-29T21:04:14Z,frontend,223.16666666666666,1150,0.8,0.19405797101449274,0
2026-09-29T21:04:14Z,cartservice,310.0,600,0.95,0.5166666666666667,0
2026-09-29T21:04:14Z,checkoutservice,0.0,800,0.8,0.0,0
2026-09-29T21:04:14Z,productcatalogservice,146.0,600,0.95,0.24333333333333335,0
2026-09-29T21:04:14Z,paymentservice,0.0,200,0.8,0.0,0
2026-09-29T21:04:14Z,recommendationservice,0.0,1150,0.8,0.0,0
2026-09-29T21:04:14Z,shippingservice,18.0,400,0.8,0.045,0
2026-09-29T21:04:14Z,currencyservice,402.0,650,0.8,0.6184615384615385,0
2026-09-29T21:04:14Z,emailservice,0.0,200,0.8,0.0,0
2026-09-29T21:04:14Z,adservice,35.0,600,0.8,0.058333333333333334,0
2026-09-29T21:04:14Z,redis-cart,33.0,300,0.8,0.11,0
2026-09-29T21:04:15Z,frontend,212.66666666666666,1150,0.8,0.18492753623188404,0
2026-09-29T21:04:15Z,cartservice,367.0,600,0.95,0.6116666666666667,0
2026-09-29T21:04:15Z,checkoutservice,11.0,800,0.8,0.01375,0
2026-09-29T21:04:15Z,productcatalogservice,146.0,600,0.95,0.24333333333333335,0
2026-09-29T21:04:15Z,paymentservice,0.0,200,0.8,0.0,0
2026-09-29T21:04:15Z,recommendationservice,0.0,1150,0.8,0.0,0
2026-09-29T21:04:15Z,shippingservice,18.0,400,0.8,0.045,0
2026-09-29T21:04:15Z,currencyservice,402.0,650,0.8,0.6184615384615385,0
2026-09-29T21:04:15Z,emailservice,0.0,200,0.8,0.0,0
2026-09-29T21:04:15Z,adservice,35.0,600,0.8,0.058333333333333334,0
2026-09-29T21:04:15Z,redis-cart,36.0,300,0.8,0.12,0
2026-09-29T21:04:16Z,frontend,207.33333333333334,1150,0.8,0.18028985507246378,0
2026-09-29T21:04:16Z,cartservice,325.0,600,0.95,0.5416666666666666,0
2026-09-29T21:04:16Z,checkoutservice,0.0,800,0.8,0.0,0
2026-09-29T21:04:16Z,productcatalogservice,143.0,600,0.95,0.23833333333333334,0
2026-09-29T21:04:16Z,paymentservice,0.0,200,0.8,0.0,0
2026-09-29T21:04:16Z,recommendationservice,0.0,1150,0.8,0.0,0
2026-09-29T21:04:16Z,shippingservice,0.0,400,0.8,0.0,0
2026-09-29T21:04:16Z,currencyservice,429.0,650,0.8,0.66,0
2026-09-29T21:04:16Z,emailservice,0.0,200,0.8,0.0,0
2026-09-29T21:04:16Z,adservice,35.0,600,0.8,0.058333333333333334,0
2026-09-29T21:04:16Z,redis-cart,36.0,300,0.8,0.12,0
2026-09-29T21:04:17Z,frontend,243.16666666666666,1150,0.8,0.21144927536231883,0
2026-09-29T21:04:17Z,cartservice,325.0,600,0.95,0.5416666666666666,0
2026-09-29T21:04:17Z,checkoutservice,0.0,800,0.8,0.0,0
2026-09-29T21:04:17Z,productcatalogservice,143.0,600,0.95,0.23833333333333334,0
2026-09-29T21:04:17Z,paymentservice,0.0,200,0.8,0.0,0
2026-09-29T21:04:17Z,recommendationservice,0.0,1150,0.8,0.0,0
2026-09-29T21:04:17Z,shippingservice,0.0,400,0.8,0.0,0
2026-09-29T21:04:17Z,currencyservice,397.0,650,0.8,0.6107692307692307,0
2026-09-29T21:04:17Z,emailservice,0.0,200,0.8,0.0,0
2026-09-29T21:04:17Z,adservice,37.0,600,0.8,0.06166666666666667,0
2026-09-29T21:04:17Z,redis-cart,36.0,300,0.8,0.12,0
2026-09-29T21:04:18Z,frontend,223.16666666666666,1150,0.8,0.19405797101449274,0
2026-09-29T21:04:18Z,cartservice,321.0,600,0.95,0.535,0
2026-09-29T21:04:18Z,checkoutservice,0.0,800,0.8,0.0,0
2026-09-29T21:04:18Z,productcatalogservice,157.0,600,0.95,0.26166666666666666,0
2026-09-29T21:04:18Z,paymentservice,0.0,200,0.8,0.0,0
2026-09-29T21:04:18Z,recommendationservice,0.0,1150,0.8,0.0,0
2026-09-29T21:04:18Z,shippingservice,0.0,400,0.8,0.0,0
2026-09-29T21:04:18Z,currencyservice,448.0,650,0.8,0.6892307692307692,0
2026-09-29T21:04:18Z,emailservice,25.0,200,0.8,0.125,0
2026-09-29T21:04:18Z,adservice,37.0,600,0.8,0.06166666666666667,0
2026-09-29T21:04:18Z,redis-cart,36.0,300,0.8,0.12,0
2026-09-29T21:04:19Z,frontend,229.2,1150,0.8,0.19930434782608694,0
2026-09-29T21:04:19Z,cartservice,325.0,600,0.95,0.5416666666666666,0
2026-09-29T21:04:19Z,checkoutservice,0.0,800,0.8,0.0,0
2026-09-29T21:04:19Z,productcatalogservice,140.0,600,0.95,0.23333333333333334,0
2026-09-29T21:04:19Z,paymentservice,0.0,200,0.8,0.0,0
2026-09-29T21:04:19Z,recommendationservice,0.0,1150,0.8,0.0,0
2026-09-29T21:04:19Z,shippingservice,29.0,400,0.8,0.0725,0
2026-09-29T21:04:19Z,currencyservice,448.0,650,0.8,0.6892307692307692,0
2026-09-29T21:04:19Z,emailservice,0.0,200,0.8,0.0,0
2026-09-29T21:04:19Z,adservice,34.0,600,0.8,0.056666666666666664,0
2026-09-29T21:04:19Z,redis-cart,33.0,300,0.8,0.11,0
2026-09-29T21:04:20Z,frontend,224.33333333333334,1150,0.8,0.19507246376811596,0
2026-09-29T21:04:20Z,cartservice,347.0,600,0.95,0.5783333333333334,0
2026-09-29T21:04:20Z,checkoutservice,0.0,800,0.8,0.0,0
2026-09-29T21:04:20Z,productcatalogservice,139.0,600,0.95,0.23166666666666666,0
2026-09-29T21:04:20Z,paymentservice,0.0,200,0.8,0.0,0
2026-09-29T21:04:20Z,recommendationservice,0.0,1150,0.8,0.0,0
2026-09-29T21:04:20Z,shippingservice,0.0,400,0.8,0.0,0
2026-09-29T21:04:20Z,currencyservice,392.0,650,0.8,0.6030769230769231,0
2026-09-29T21:04:20Z,emailservice,0.0,200,0.8,0.0,0
2026-09-29T21:04:20Z,adservice,33.0,600,0.8,0.055,0
2026-09-29T21:04:20Z,redis-cart,33.0,300,0.8,0.11,0
2026-09-29T21:04:21Z,frontend,261.4,1150,0.8,0.22730434782608694,0
2026-09-29T21:04:21Z,cartservice,347.0,600,0.95,0.5783333333333334,0
2026-09-29T21:04:21Z,checkoutservice,0.0,800,0.8,0.0,0
2026-09-29T21:04:21Z,productcatalogservice,139.0,600,0.95,0.23166666666666666,0
2026-09-29T21:04:21Z,paymentservice,0.0,200,0.8,0.0,0
2026-09-29T21:04:21Z,recommendationservice,0.0,1150,0.8,0.0,0
2026-09-29T21:04:21Z,shippingservice,0.0,400,0.8,0.0,0
2026-09-29T21:04:21Z,currencyservice,392.0,650,0.8,0.6030769230769231,0
2026-09-29T21:04:21Z,emailservice,16.0,200,0.8,0.08,0
2026-09-29T21:04:21Z,adservice,33.0,600,0.8,0.055,0
2026-09-29T21:04:21Z,redis-cart,35.0,300,0.8,0.11666666666666667,0
2026-09-29T21:04:22Z,frontend,279.6,1150,0.8,0.2431304347826087,0
2026-09-29T21:04:22Z,cartservice,307.0,600,0.95,0.5116666666666667,0
2026-09-29T21:04:22Z,checkoutservice,21.0,800,0.8,0.02625,0
2026-09-29T21:04:22Z,productcatalogservice,185.0,600,0.95,0.30833333333333335,0
2026-09-29T21:04:22Z,paymentservice,0.0,200,0.8,0.0,0
2026-09-29T21:04:22Z,recommendationservice,0.0,1150,0.8,0.0,0
2026-09-29T21:04:22Z,shippingservice,0.0,400,0.8,0.0,0
2026-09-29T21:04:22Z,currencyservice,400.0,650,0.8,0.6153846153846154,0
2026-09-29T21:04:22Z,emailservice,23.0,200,0.8,0.115,0
2026-09-29T21:04:22Z,adservice,73.0,600,0.8,0.12166666666666667,0
2026-09-29T21:04:22Z,redis-cart,35.0,300,0.8,0.11666666666666667,0
2026-09-29T21:04:23Z,frontend,252.2,1150,0.8,0.21930434782608696,0
2026-09-29T21:04:23Z,cartservice,307.0,600,0.95,0.5116666666666667,0
2026-09-29T21:04:23Z,checkoutservice,0.0,800,0.8,0.0,0
2026-09-29T21:04:23Z,productcatalogservice,134.0,600,0.95,0.22333333333333333,0
2026-09-29T21:04:23Z,paymentservice,22.0,200,0.8,0.11,0
2026-09-29T21:04:23Z,recommendationservice,0.0,1150,0.8,0.0,0
2026-09-29T21:04:23Z,shippingservice,0.0,400,0.8,0.0,0
2026-09-29T21:04:23Z,currencyservice,426.0,650,0.8,0.6553846153846153,0
2026-09-29T21:04:23Z,emailservice,0.0,200,0.8,0.0,0
2026-09-29T21:04:23Z,adservice,73.0,600,0.8,0.12166666666666667,0
2026-09-29T21:04:23Z,redis-cart,36.0,300,0.8,0.12,0
2026-09-29T21:04:24Z,frontend,273.8,1150,0.8,0.23808695652173914,0
2026-09-29T21:04:24Z,cartservice,348.0,600,0.95,0.58,0
2026-09-29T21:04:24Z,checkoutservice,0.0,800,0.8,0.0,0
2026-09-29T21:04:24Z,productcatalogservice,134.0,600,0.95,0.22333333333333333,0
2026-09-29T21:04:24Z,paymentservice,22.0,200,0.8,0.11,0
2026-09-29T21:04:24Z,recommendationservice,0.0,1150,0.8,0.0,0
2026-09-29T21:04:24Z,shippingservice,18.0,400,0.8,0.045,0
2026-09-29T21:04:24Z,currencyservice,426.0,650,0.8,0.6553846153846153,0
2026-09-29T21:04:24Z,emailservice,0.0,200,0.8,0.0,0
2026-09-29T21:04:24Z,adservice,35.0,600,0.8,0.058333333333333334,0
2026-09-29T21:04:24Z,redis-cart,34.0,300,0.8,0.11333333333333333,0
2026-09-29T21:04:25Z,frontend,264.2,1150,0.8,0.2297391304347826,0
2026-09-29T21:04:25Z,cartservice,329.0,600,0.95,0.5483333333333333,0
2026-09-29T21:04:25Z,checkoutservice,0.0,800,0.8,0.0,0
2026-09-29T21:04:25Z,productcatalogservice,150.0,600,0.95,0.25,0
2026-09-29T21:04:25Z,paymentservice,0.0,200,0.8,0.0,0
2026-09-29T21:04:25Z,recommendationservice,0.0,1150,0.8,0.0,0
2026-09-29T21:04:25Z,shippingservice,18.0,400,0.8,0.045,0
2026-09-29T21:04:25Z,currencyservice,397.0,650,0.8,0.6107692307692307,0
2026-09-29T21:04:25Z,emailservice,0.0,200,0.8,0.0,0
2026-09-29T21:04:25Z,adservice,35.0,600,0.8,0.058333333333333334,0
2026-09-29T21:04:25Z,redis-cart,34.0,300,0.8,0.11333333333333333,0
2026-09-29T21:04:26Z,frontend,249.0,1150,0.8,0.2165217391304348,0
2026-09-29T21:04:26Z,cartservice,329.0,600,0.95,0.5483333333333333,0
2026-09-29T21:04:26Z,checkoutservice,0.0,800,0.8,0.0,0
2026-09-29T21:04:26Z,productcatalogservice,130.0,600,0.95,0.21666666666666667,0
2026-09-29T21:04:26Z,paymentservice,0.0,200,0.8,0.0,0
2026-09-29T21:04:26Z,recommendationservice,0.0,1150,0.8,0.0,0
2026-09-29T21:04:26Z,shippingservice,0.0,400,0.8,0.0,0
2026-09-29T21:04:26Z,currencyservice,376.0,650,0.8,0.5784615384615385,0
2026-09-29T21:04:26Z,emailservice,0.0,200,0.8,0.0,0
2026-09-29T21:04:26Z,adservice,35.0,600,0.8,0.058333333333333334,0
2026-09-29T21:04:26Z,redis-cart,34.0,300,0.8,0.11333333333333333,0
2026-09-29T21:04:27Z,frontend,229.0,1150,0.8,0.1991304347826087,0
2026-09-29T21:04:27Z,cartservice,307.0,600,0.95,0.5116666666666667,0
2026-09-29T21:04:27Z,checkoutservice,0.0,800,0.8,0.0,0
2026-09-29T21:04:27Z,productcatalogservice,147.0,600,0.95,0.245,0
2026-09-29T21:04:27Z,paymentservice,0.0,200,0.8,0.0,0
2026-09-29T21:04:27Z,recommendationservice,0.0,1150,0.8,0.0,0
2026-09-29T21:04:27Z,shippingservice,0.0,400,0.8,0.0,0
2026-09-29T21:04:27Z,currencyservice,376.0,650,0.8,0.5784615384615385,0
2026-09-29T21:04:27Z,emailservice,35.0,200,0.8,0.175,0
2026-09-29T21:04:27Z,adservice,33.0,600,0.8,0.055,0
2026-09-29T21:04:27Z,redis-cart,34.0,300,0.8,0.11333333333333333,0
2026-09-29T21:04:28Z,frontend,230.0,1150,0.8,0.2,0
2026-09-29T21:04:28Z,cartservice,307.0,600,0.95,0.5116666666666667,0
2026-09-29T21:04:28Z,checkoutservice,0.0,800,0.8,0.0,0
2026-09-29T21:04:28Z,productcatalogservice,147.0,600,0.95,0.245,0
2026-09-29T21:04:28Z,paymentservice,0.0,200,0.8,0.0,0
2026-09-29T21:04:28Z,recommendationservice,0.0,1150,0.8,0.0,0
2026-09-29T21:04:28Z,shippingservice,33.0,400,0.8,0.0825,0
2026-09-29T21:04:28Z,currencyservice,399.0,650,0.8,0.6138461538461538,0
2026-09-29T21:04:28Z,emailservice,35.0,200,0.8,0.175,0
2026-09-29T21:04:28Z,adservice,33.0,600,0.8,0.055,0
2026-09-29T21:04:28Z,redis-cart,34.0,300,0.8,0.11333333333333333,0
2026-09-29T21:04:29Z,frontend,263.4,1150,0.8,0.22904347826086954,0
2026-09-29T21:04:29Z,cartservice,296.0,600,0.95,0.49333333333333335,0
2026-09-29T21:04:29Z,checkoutservice,0.0,800,0.8,0.0,0
2026-09-29T21:04:29Z,productcatalogservice,130.0,600,0.95,0.21666666666666667,0
2026-09-29T21:04:29Z,paymentservice,0.0,200,0.8,0.0,0
2026-09-29T21:04:29Z,recommendationservice,0.0,1150,0.8,0.0,0
2026-09-29T21:04:29Z,shippingservice,0.0,400,0.8,0.0,0
2026-09-29T21:04:29Z,currencyservice,422.0,650,0.8,0.6492307692307693,0
2026-09-29T21:04:29Z,emailservice,0.0,200,0.8,0.0,0
2026-09-29T21:04:29Z,adservice,32.0,600,0.8,0.05333333333333334,0
2026-09-29T21:04:29Z,redis-cart,33.0,300,0.8,0.11,0
2026-09-29T21:04:30Z,frontend,221.2,1150,0.8,0.19234782608695652,0
2026-09-29T21:04:30Z,cartservice,312.0,600,0.95,0.52,0
2026-09-29T21:04:30Z,checkoutservice,0.0,800,0.8,0.0,0
2026-09-29T21:04:30Z,productcatalogservice,130.0,600,0.95,0.21666666666666667,0
2026-09-29T21:04:30Z,paymentservice,0.0,200,0.8,0.0,0
2026-09-29T21:04:30Z,recommendationservice,0.0,1150,0.8,0.0,0
2026-09-29T21:04:30Z,shippingservice,0.0,400,0.8,0.0,0
2026-09-29T21:04:30Z,currencyservice,422.0,650,0.8,0.6492307692307693,0
2026-09-29T21:04:30Z,emailservice,0.0,200,0.8,0.0,0
2026-09-29T21:04:30Z,adservice,34.0,600,0.8,0.056666666666666664,0
2026-09-29T21:04:30Z,redis-cart,31.0,300,0.8,0.10333333333333333,0
2026-09-29T21:04:31Z,frontend,214.0,1150,0.8,0.18608695652173912,0
2026-09-29T21:04:31Z,cartservice,381.0,600,0.95,0.635,0
2026-09-29T21:04:31Z,checkoutservice,0.0,800,0.8,0.0,0
2026-09-29T21:04:31Z,productcatalogservice,147.0,600,0.95,0.245,0
2026-09-29T21:04:31Z,paymentservice,0.0,200,0.8,0.0,0
2026-09-29T21:04:31Z,recommendationservice,0.0,1150,0.8,0.0,0
2026-09-29T21:04:31Z,shippingservice,0.0,400,0.8,0.0,0
2026-09-29T21:04:31Z,currencyservice,336.0,650,0.8,0.5169230769230769,0
2026-09-29T21:04:31Z,emailservice,0.0,200,0.8,0.0,0
2026-09-29T21:04:31Z,adservice,34.0,600,0.8,0.056666666666666664,0
2026-09-29T21:04:31Z,redis-cart,31.0,300,0.8,0.10333333333333333,0
2026-09-29T21:04:32Z,frontend,329.75,1150,0.8,0.2867391304347826,0
2026-09-29T21:04:32Z,cartservice,381.0,600,0.95,0.635,0
2026-09-29T21:04:32Z,checkoutservice,22.0,800,0.8,0.0275,0
2026-09-29T21:04:32Z,productcatalogservice,173.0,600,0.95,0.28833333333333333,0
2026-09-29T21:04:32Z,paymentservice,35.0,200,0.8,0.175,0
2026-09-29T21:04:32Z,recommendationservice,0.0,1150,0.8,0.0,0
2026-09-29T21:04:32Z,shippingservice,0.0,400,0.8,0.0,0
2026-09-29T21:04:32Z,currencyservice,336.0,650,0.8,0.5169230769230769,0
2026-09-29T21:04:32Z,emailservice,24.0,200,0.8,0.12,0
2026-09-29T21:04:32Z,adservice,34.0,600,0.8,0.056666666666666664,0
2026-09-29T21:04:32Z,redis-cart,36.0,300,0.8,0.12,0
2026-09-29T21:04:33Z,frontend,340.5,1150,0.8,0.2960869565217391,0
2026-09-29T21:04:33Z,cartservice,344.0,600,0.95,0.5733333333333334,0
2026-09-29T21:04:33Z,checkoutservice,0.0,800,0.8,0.0,0
2026-09-29T21:04:33Z,productcatalogservice,163.0,600,0.95,0.27166666666666667,0
2026-09-29T21:04:33Z,paymentservice,0.0,200,0.8,0.0,0
2026-09-29T21:04:33Z,recommendationservice,0.0,1150,0.8,0.0,0
2026-09-29T21:04:33Z,shippingservice,12.0,400,0.8,0.03,0
2026-09-29T21:04:33Z,currencyservice,440.0,650,0.8,0.676923076923077,0
2026-09-29T21:04:33Z,emailservice,0.0,200,0.8,0.0,0
2026-09-29T21:04:33Z,adservice,37.0,600,0.8,0.06166666666666667,0
2026-09-29T21:04:33Z,redis-cart,34.0,300,0.8,0.11333333333333333,0
2026-09-29T21:04:34Z,frontend,278.0,1150,0.8,0.2417391304347826,0
2026-09-29T21:04:34Z,cartservice,401.0,600,0.95,0.6683333333333333,0
2026-09-29T21:04:34Z,checkoutservice,0.0,800,0.8,0.0,0
2026-09-29T21:04:34Z,productcatalogservice,163.0,600,0.95,0.27166666666666667,0
2026-09-29T21:04:34Z,paymentservice,0.0,200,0.8,0.0,0
2026-09-29T21:04:34Z,recommendationservice,0.0,1150,0.8,0.0,0
2026-09-29T21:04:34Z,shippingservice,12.0,400,0.8,0.03,0
2026-09-29T21:04:34Z,currencyservice,405.0,650,0.8,0.6230769230769231,0
2026-09-29T21:04:34Z,emailservice,0.0,200,0.8,0.0,0
2026-09-29T21:04:34Z,adservice,40.0,600,0.8,0.06666666666666667,0
2026-09-29T21:04:34Z,redis-cart,34.0,300,0.8,0.11333333333333333,0
2026-09-29T21:04:35Z,frontend,269.2,1150,0.8,0.2340869565217391,0
2026-09-29T21:04:35Z,cartservice,400.0,600,0.95,0.6666666666666666,0
2026-09-29T21:04:35Z,checkoutservice,0.0,800,0.8,0.0,0
2026-09-29T21:04:35Z,productcatalogservice,156.0,600,0.95,0.26,0
2026-09-29T21:04:35Z,paymentservice,0.0,200,0.8,0.0,0
2026-09-29T21:04:35Z,recommendationservice,0.0,1150,0.8,0.0,0
2026-09-29T21:04:35Z,shippingservice,0.0,400,0.8,0.0,0
2026-09-29T21:04:35Z,currencyservice,405.0,650,0.8,0.6230769230769231,0
2026-09-29T21:04:35Z,emailservice,0.0,200,0.8,0.0,0
2026-09-29T21:04:35Z,adservice,40.0,600,0.8,0.06666666666666667,0
2026-09-29T21:04:35Z,redis-cart,39.0,300,0.8,0.13,0
2026-09-29T21:04:36Z,frontend,285.2,1150,0.8,0.248,0
2026-09-29T21:04:36Z,cartservice,400.0,600,0.95,0.6666666666666666,0
2026-09-29T21:04:36Z,checkoutservice,0.0,800,0.8,0.0,0
2026-09-29T21:04:36Z,productcatalogservice,156.0,600,0.95,0.26,0
2026-09-29T21:04:36Z,paymentservice,0.0,200,0.8,0.0,0
2026-09-29T21:04:36Z,recommendationservice,0.0,1150,0.8,0.0,0
2026-09-29T21:04:36Z,shippingservice,0.0,400,0.8,0.0,0
2026-09-29T21:04:36Z,currencyservice,429.0,650,0.8,0.66,0
2026-09-29T21:04:36Z,emailservice,0.0,200,0.8,0.0,0
2026-09-29T21:04:36Z,adservice,42.0,600,0.8,0.07,0
2026-09-29T21:04:36Z,redis-cart,36.0,300,0.8,0.12,0
2026-09-29T21:04:37Z,frontend,283.8,1150,0.8,0.2467826086956522,0
2026-09-29T21:04:37Z,cartservice,385.0,600,0.95,0.6416666666666667,0
2026-09-29T21:04:37Z,checkoutservice,0.0,800,0.8,0.0,0
2026-09-29T21:04:37Z,productcatalogservice,158.0,600,0.95,0.2633333333333333,0
2026-09-29T21:04:37Z,paymentservice,0.0,200,0.8,0.0,0
2026-09-29T21:04:37Z,recommendationservice,0.0,1150,0.8,0.0,0
2026-09-29T21:04:37Z,shippingservice,0.0,400,0.8,0.0,0
2026-09-29T21:04:37Z,currencyservice,390.0,650,0.8,0.6,0
2026-09-29T21:04:37Z,emailservice,0.0,200,0.8,0.0,0
2026-09-29T21:04:37Z,adservice,76.0,600,0.8,0.12666666666666668,0
2026-09-29T21:04:37Z,redis-cart,36.0,300,0.8,0.12,0
2026-09-29T21:04:38Z,frontend,276.8,1150,0.8,0.24069565217391306,0
2026-09-29T21:04:38Z,cartservice,385.0,600,0.95,0.6416666666666667,0
2026-09-29T21:04:38Z,checkoutservice,0.0,800,0.8,0.0,0
2026-09-29T21:04:38Z,productcatalogservice,159.0,600,0.95,0.265,0
2026-09-29T21:04:38Z,paymentservice,0.0,200,0.8,0.0,0
2026-09-29T21:04:38Z,recommendationservice,0.0,1150,0.8,0.0,0
2026-09-29T21:04:38Z,shippingservice,21.0,400,0.8,0.0525,0
2026-09-29T21:04:38Z,currencyservice,465.0,650,0.8,0.7153846153846154,0
2026-09-29T21:04:38Z,emailservice,30.0,200,0.8,0.15,0
2026-09-29T21:04:38Z,adservice,76.0,600,0.8,0.12666666666666668,0
2026-09-29T21:04:38Z,redis-cart,38.0,300,0.8,0.12666666666666668,0
2026-09-29T21:04:39Z,frontend,288.0,1150,0.8,0.25043478260869567,0
2026-09-29T21:04:39Z,cartservice,419.0,600,0.95,0.6983333333333334,0
2026-09-29T21:04:39Z,checkoutservice,0.0,800,0.8,0.0,0
2026-09-29T21:04:39Z,productcatalogservice,159.0,600,0.95,0.265,0
2026-09-29T21:04:39Z,paymentservice,0.0,200,0.8,0.0,0
2026-09-29T21:04:39Z,recommendationservice,0.0,1150,0.8,0.0,0
2026-09-29T21:04:39Z,shippingservice,21.0,400,0.8,0.0525,0
2026-09-29T21:04:39Z,currencyservice,465.0,650,0.8,0.7153846153846154,0
2026-09-29T21:04:39Z,emailservice,0.0,200,0.8,0.0,0
2026-09-29T21:04:39Z,adservice,37.0,600,0.8,0.06166666666666667,0
2026-09-29T21:04:39Z,redis-cart,38.0,300,0.8,0.12666666666666668,0
2026-09-29T21:04:40Z,frontend,265.6,1150,0.8,0.23095652173913045,0
2026-09-29T21:04:40Z,cartservice,351.0,600,0.95,0.585,0
2026-09-29T21:04:40Z,checkoutservice,0.0,800,0.8,0.0,0
2026-09-29T21:04:40Z,productcatalogservice,152.0,600,0.95,0.25333333333333335,0
2026-09-29T21:04:40Z,paymentservice,0.0,200,0.8,0.0,0
2026-09-29T21:04:40Z,recommendationservice,0.0,1150,0.8,0.0,0
2026-09-29T21:04:40Z,shippingservice,0.0,400,0.8,0.0,0
2026-09-29T21:04:40Z,currencyservice,419.0,650,0.8,0.6446153846153846,0
2026-09-29T21:04:40Z,emailservice,0.0,200,0.8,0.0,0
2026-09-29T21:04:40Z,adservice,37.0,600,0.8,0.06166666666666667,0
2026-09-29T21:04:40Z,redis-cart,37.0,300,0.8,0.12333333333333334,0
2026-09-29T21:04:41Z,frontend,254.4,1150,0.8,0.22121739130434784,0
2026-09-29T21:04:41Z,cartservice,351.0,600,0.95,0.585,0
2026-09-29T21:04:41Z,checkoutservice,0.0,800,0.8,0.0,0
2026-09-29T21:04:41Z,productcatalogservice,165.0,600,0.95,0.275,0
2026-09-29T21:04:41Z,paymentservice,0.0,200,0.8,0.0,0
2026-09-29T21:04:41Z,recommendationservice,0.0,1150,0.8,0.0,0
2026-09-29T21:04:41Z,shippingservice,0.0,400,0.8,0.0,0
2026-09-29T21:04:41Z,currencyservice,419.0,650,0.8,0.6446153846153846,0
2026-09-29T21:04:41Z,emailservice,30.0,200,0.8,0.15,0
2026-09-29T21:04:41Z,adservice,43.0,600,0.8,0.07166666666666667,0
2026-09-29T21:04:41Z,redis-cart,36.0,300,0.8,0.12,0
2026-09-29T21:04:42Z,frontend,294.3333333333333,1150,0.8,0.2559420289855072,0
2026-09-29T21:04:42Z,cartservice,432.0,600,0.95,0.72,0
2026-09-29T21:04:42Z,checkoutservice,28.0,800,0.8,0.035,0
2026-09-29T21:04:42Z,productcatalogservice,212.0,600,0.95,0.35333333333333333,0
2026-09-29T21:04:42Z,paymentservice,30.0,200,0.8,0.15,0
2026-09-29T21:04:42Z,recommendationservice,0.0,1150,0.8,0.0,0
2026-09-29T21:04:42Z,shippingservice,0.0,400,0.8,0.0,0
2026-09-29T21:04:42Z,currencyservice,440.0,650,0.8,0.676923076923077,0
2026-09-29T21:04:42Z,emailservice,30.0,200,0.8,0.15,0
2026-09-29T21:04:42Z,adservice,45.0,600,0.8,0.075,0
2026-09-29T21:04:42Z,redis-cart,37.0,300,0.8,0.12333333333333334,0
2026-09-29T21:04:43Z,frontend,193.83333333333334,1150,0.8,0.16855072463768117,0
2026-09-29T21:04:43Z,cartservice,375.0,600,0.95,0.625,0
2026-09-29T21:04:43Z,checkoutservice,0.0,800,0.8,0.0,0
2026-09-29T21:04:43Z,productcatalogservice,154.0,600,0.95,0.25666666666666665,0
2026-09-29T21:04:43Z,paymentservice,30.0,200,0.8,0.15,0
2026-09-29T21:04:43Z,recommendationservice,0.0,1150,0.8,0.0,0
2026-09-29T21:04:43Z,shippingservice,0.0,400,0.8,0.0,0
2026-09-29T21:04:43Z,currencyservice,448.0,650,0.8,0.6892307692307692,0
2026-09-29T21:04:43Z,emailservice,0.0,200,0.8,0.0,0
2026-09-29T21:04:43Z,adservice,44.0,600,0.8,0.07333333333333333,0
2026-09-29T21:04:43Z,redis-cart,37.0,300,0.8,0.12333333333333334,0
2026-09-29T21:04:44Z,frontend,235.66666666666666,1150,0.8,0.20492753623188406,0
2026-09-29T21:04:44Z,cartservice,375.0,600,0.95,0.625,0
2026-09-29T21:04:44Z,checkoutservice,0.0,800,0.8,0.0,0
2026-09-29T21:04:44Z,productcatalogservice,154.0,600,0.95,0.25666666666666665,0
2026-09-29T21:04:44Z,paymentservice,0.0,200,0.8,0.0,0
2026-09-29T21:04:44Z,recommendationservice,0.0,1150,0.8,0.0,0
2026-09-29T21:04:44Z,shippingservice,15.0,400,0.8,0.0375,0
2026-09-29T21:04:44Z,currencyservice,448.0,650,0.8,0.6892307692307692,0
2026-09-29T21:04:44Z,emailservice,0.0,200,0.8,0.0,0
2026-09-29T21:04:44Z,adservice,41.0,600,0.8,0.06833333333333333,0
2026-09-29T21:04:44Z,redis-cart,39.0,300,0.8,0.13,0
2026-09-29T21:04:45Z,frontend,202.0,1150,0.8,0.17565217391304347,0
2026-09-29T21:04:45Z,cartservice,416.0,600,0.95,0.6933333333333334,0
2026-09-29T21:04:45Z,checkoutservice,0.0,800,0.8,0.0,0
2026-09-29T21:04:45Z,productcatalogservice,166.0,600,0.95,0.27666666666666667,0
2026-09-29T21:04:45Z,paymentservice,0.0,200,0.8,0.0,0
2026-09-29T21:04:45Z,recommendationservice,0.0,1150,0.8,0.0,0
2026-09-29T21:04:45Z,shippingservice,0.0,400,0.8,0.0,0
2026-09-29T21:04:45Z,currencyservice,428.0,650,0.8,0.6584615384615384,0
2026-09-29T21:04:45Z,emailservice,0.0,200,0.8,0.0,0
2026-09-29T21:04:45Z,adservice,41.0,600,0.8,0.06833333333333333,0
2026-09-29T21:04:45Z,redis-cart,36.0,300,0.8,0.12,0
2026-09-29T21:04:46Z,frontend,276.5,1150,0.8,0.24043478260869566,0
2026-09-29T21:04:46Z,cartservice,380.0,600,0.95,0.6333333333333333,0
2026-09-29T21:04:46Z,checkoutservice,0.0,800,0.8,0.0,0
2026-09-29T21:04:46Z,productcatalogservice,166.0,600,0.95,0.27666666666666667,0
2026-09-29T21:04:46Z,paymentservice,0.0,200,0.8,0.0,0
2026-09-29T21:04:46Z,recommendationservice,0.0,1150,0.8,0.0,0
2026-09-29T21:04:46Z,shippingservice,0.0,400,0.8,0.0,0
2026-09-29T21:04:46Z,currencyservice,461.0,650,0.8,0.7092307692307692,0
2026-09-29T21:04:46Z,emailservice,25.0,200,0.8,0.125,0
2026-09-29T21:04:46Z,adservice,46.0,600,0.8,0.07666666666666666,0
2026-09-29T21:04:46Z,redis-cart,36.0,300,0.8,0.12,0
2026-09-29T21:04:47Z,frontend,232.66666666666666,1150,0.8,0.20231884057971014,0
2026-09-29T21:04:47Z,cartservice,380.0,600,0.95,0.6333333333333333,0
2026-09-29T21:04:47Z,checkoutservice,0.0,800,0.8,0.0,0
2026-09-29T21:04:47Z,productcatalogservice,161.0,600,0.95,0.2683333333333333,0
2026-09-29T21:04:47Z,paymentservice,0.0,200,0.8,0.0,0
2026-09-29T21:04:47Z,recommendationservice,0.0,1150,0.8,0.0,0
2026-09-29T21:04:47Z,shippingservice,0.0,400,0.8,0.0,0
2026-09-29T21:04:47Z,currencyservice,461.0,650,0.8,0.7092307692307692,0
2026-09-29T21:04:47Z,emailservice,0.0,200,0.8,0.0,0
2026-09-29T21:04:47Z,adservice,37.0,600,0.8,0.06166666666666667,0
2026-09-29T21:04:47Z,redis-cart,33.0,300,0.8,0.11,0
2026-09-29T21:04:48Z,frontend,234.16666666666666,1150,0.8,0.2036231884057971,0
2026-09-29T21:04:48Z,cartservice,421.0,600,0.95,0.7016666666666667,0
2026-09-29T21:04:48Z,checkoutservice,0.0,800,0.8,0.0,0
2026-09-29T21:04:48Z,productcatalogservice,134.0,600,0.95,0.22333333333333333,0
2026-09-29T21:04:48Z,paymentservice,0.0,200,0.8,0.0,0
2026-09-29T21:04:48Z,recommendationservice,0.0,1150,0.8,0.0,0
2026-09-29T21:04:48Z,shippingservice,0.0,400,0.8,0.0,0
2026-09-29T21:04:48Z,currencyservice,402.0,650,0.8,0.6184615384615385,0
2026-09-29T21:04:48Z,emailservice,0.0,200,0.8,0.0,0
2026-09-29T21:04:48Z,adservice,40.0,600,0.8,0.06666666666666667,0
2026-09-29T21:04:48Z,redis-cart,34.0,300,0.8,0.11333333333333333,0
2026-09-29T21:04:49Z,frontend,214.16666666666666,1150,0.8,0.186231884057971,0
2026-09-29T21:04:49Z,cartservice,390.0,600,0.95,0.65,0
2026-09-29T21:04:49Z,checkoutservice,0.0,800,0.8,0.0,0
2026-09-29T21:04:49Z,productcatalogservice,134.0,600,0.95,0.22333333333333333,0
2026-09-29T21:04:49Z,paymentservice,0.0,200,0.8,0.0,0
2026-09-29T21:04:49Z,recommendationservice,0.0,1150,0.8,0.0,0
2026-09-29T21:04:49Z,shippingservice,21.0,400,0.8,0.0525,0
2026-09-29T21:04:49Z,currencyservice,402.0,650,0.8,0.6184615384615385,0
2026-09-29T21:04:49Z,emailservice,0.0,200,0.8,0.0,0
2026-09-29T21:04:49Z,adservice,40.0,600,0.8,0.06666666666666667,0
2026-09-29T21:04:49Z,redis-cart,34.0,300,0.8,0.11333333333333333,0
2026-09-29T21:04:50Z,frontend,253.0,1150,0.8,0.22,0
2026-09-29T21:04:50Z,cartservice,390.0,600,0.95,0.65,0
2026-09-29T21:04:50Z,checkoutservice,0.0,800,0.8,0.0,0
2026-09-29T21:04:50Z,productcatalogservice,169.0,600,0.95,0.2816666666666667,0
2026-09-29T21:04:50Z,paymentservice,0.0,200,0.8,0.0,0
2026-09-29T21:04:50Z,recommendationservice,0.0,1150,0.8,0.0,0
2026-09-29T21:04:50Z,shippingservice,0.0,400,0.8,0.0,0
2026-09-29T21:04:50Z,currencyservice,459.0,650,0.8,0.7061538461538461,0
2026-09-29T21:04:50Z,emailservice,0.0,200,0.8,0.0,0
2026-09-29T21:04:50Z,adservice,39.0,600,0.8,0.065,0
2026-09-29T21:04:50Z,redis-cart,36.0,300,0.8,0.12,0
2026-09-29T21:04:51Z,frontend,229.0,1150,0.8,0.1991304347826087,0
2026-09-29T21:04:51Z,cartservice,438.0,600,0.95,0.73,0
2026-09-29T21:04:51Z,checkoutservice,0.0,800,0.8,0.0,0
2026-09-29T21:04:51Z,productcatalogservice,169.0,600,0.95,0.2816666666666667,0
2026-09-29T21:04:51Z,paymentservice,0.0,200,0.8,0.0,0
2026-09-29T21:04:51Z,recommendationservice,0.0,1150,0.8,0.0,0
2026-09-29T21:04:51Z,shippingservice,0.0,400,0.8,0.0,0
2026-09-29T21:04:51Z,currencyservice,439.0,650,0.8,0.6753846153846154,0
2026-09-29T21:04:51Z,emailservice,0.0,200,0.8,0.0,0
2026-09-29T21:04:51Z,adservice,50.0,600,0.8,0.08333333333333333,0
2026-09-29T21:04:51Z,redis-cart,36.0,300,0.8,0.12,0
2026-09-29T21:04:52Z,frontend,260.3333333333333,1150,0.8,0.2263768115942029,0
2026-09-29T21:04:52Z,cartservice,410.0,600,0.95,0.6833333333333333,0
2026-09-29T21:04:52Z,checkoutservice,35.0,800,0.8,0.04375,0
2026-09-29T21:04:52Z,productcatalogservice,195.0,600,0.95,0.325,0
2026-09-29T21:04:52Z,paymentservice,0.0,200,0.8,0.0,0
2026-09-29T21:04:52Z,recommendationservice,0.0,1150,0.8,0.0,0
2026-09-29T21:04:52Z,shippingservice,0.0,400,0.8,0.0,0
2026-09-29T21:04:52Z,currencyservice,500.0,650,0.8,0.7692307692307693,0
2026-09-29T21:04:52Z,emailservice,38.0,200,0.8,0.19,0
2026-09-29T21:04:52Z,adservice,75.0,600,0.8,0.125,0
2026-09-29T21:04:52Z,redis-cart,35.0,300,0.8,0.11666666666666667,0
2026-09-29T21:04:53Z,frontend,249.0,1150,0.8,0.2165217391304348,0
2026-09-29T21:04:53Z,cartservice,410.0,600,0.95,0.6833333333333333,0
2026-09-29T21:04:53Z,checkoutservice,35.0,800,0.8,0.04375,0
2026-09-29T21:04:53Z,productcatalogservice,195.0,600,0.95,0.325,0
2026-09-29T21:04:53Z,paymentservice,28.0,200,0.8,0.14,0
2026-09-29T21:04:53Z,recommendationservice,0.0,1150,0.8,0.0,0
2026-09-29T21:04:53Z,shippingservice,24.0,400,0.8,0.06,0
2026-09-29T21:04:53Z,currencyservice,500.0,650,0.8,0.7692307692307693,0
2026-09-29T21:04:53Z,emailservice,0.0,200,0.8,0.0,0
2026-09-29T21:04:53Z,adservice,75.0,600,0.8,0.125,0
2026-09-29T21:04:53Z,redis-cart,39.0,300,0.8,0.13,0
2026-09-29T21:04:54Z,frontend,219.5,1150,0.8,0.19086956521739132,0
2026-09-29T21:04:54Z,cartservice,383.0,600,0.95,0.6383333333333333,0
2026-09-29T21:04:54Z,checkoutservice,0.0,800,0.8,0.0,0
2026-09-29T21:04:54Z,productcatalogservice,187.0,600,0.95,0.31166666666666665,0
2026-09-29T21:04:54Z,paymentservice,0.0,200,0.8,0.0,0
2026-09-29T21:04:54Z,recommendationservice,0.0,1150,0.8,0.0,0
2026-09-29T21:04:54Z,shippingservice,0.0,400,0.8,0.0,0
2026-09-29T21:04:54Z,currencyservice,463.0,650,0.8,0.7123076923076923,0
2026-09-29T21:04:54Z,emailservice,0.0,200,0.8,0.0,0
2026-09-29T21:04:54Z,adservice,51.0,600,0.8,0.085,0
2026-09-29T21:04:54Z,redis-cart,39.0,300,0.8,0.13,0
2026-09-29T21:04:55Z,frontend,242.83333333333334,1150,0.8,0.21115942028985507,0
2026-09-29T21:04:55Z,cartservice,354.0,600,0.95,0.59,0
2026-09-29T21:04:55Z,checkoutservice,0.0,800,0.8,0.0,0
2026-09-29T21:04:55Z,productcatalogservice,158.0,600,0.95,0.2633333333333333,0
2026-09-29T21:04:55Z,paymentservice,0.0,200,0.8,0.0,0
2026-09-29T21:04:55Z,recommendationservice,0.0,1150,0.8,0.0,0
2026-09-29T21:04:55Z,shippingservice,0.0,400,0.8,0.0,0
2026-09-29T21:04:55Z,currencyservice,442.0,650,0.8,0.68,0
2026-09-29T21:04:55Z,emailservice,0.0,200,0.8,0.0,0
2026-09-29T21:04:55Z,adservice,44.0,600,0.8,0.07333333333333333,0
2026-09-29T21:04:55Z,redis-cart,36.0,300,0.8,0.12,0
2026-09-29T21:04:56Z,frontend,281.8333333333333,1150,0.8,0.24507246376811592,0
2026-09-29T21:04:56Z,cartservice,354.0,600,0.95,0.59,0
2026-09-29T21:04:56Z,checkoutservice,0.0,800,0.8,0.0,0
2026-09-29T21:04:56Z,productcatalogservice,159.0,600,0.95,0.265,0
2026-09-29T21:04:56Z,paymentservice,0.0,200,0.8,0.0,0
2026-09-29T21:04:56Z,recommendationservice,0.0,1150,0.8,0.0,0
2026-09-29T21:04:56Z,shippingservice,0.0,400,0.8,0.0,0
2026-09-29T21:04:56Z,currencyservice,436.0,650,0.8,0.6707692307692308,0
2026-09-29T21:04:56Z,emailservice,0.0,200,0.8,0.0,0
2026-09-29T21:04:56Z,adservice,44.0,600,0.8,0.07333333333333333,0
2026-09-29T21:04:56Z,redis-cart,37.0,300,0.8,0.12333333333333334,0
2026-09-29T21:04:57Z,frontend,211.16666666666666,1150,0.8,0.18362318840579708,0
2026-09-29T21:04:57Z,cartservice,368.0,600,0.95,0.6133333333333333,0
2026-09-29T21:04:57Z,checkoutservice,0.0,800,0.8,0.0,0
2026-09-29T21:04:57Z,productcatalogservice,159.0,600,0.95,0.265,0
2026-09-29T21:04:57Z,paymentservice,0.0,200,0.8,0.0,0
2026-09-29T21:04:57Z,recommendationservice,0.0,1150,0.8,0.0,0
2026-09-29T21:04:57Z,shippingservice,0.0,400,0.8,0.0,0
2026-09-29T21:04:57Z,currencyservice,456.0,650,0.8,0.7015384615384616,0
2026-09-29T21:04:57Z,emailservice,52.0,200,0.8,0.26,0
2026-09-29T21:04:57Z,adservice,46.0,600,0.8,0.07666666666666666,0
2026-09-29T21:04:57Z,redis-cart,35.0,300,0.8,0.11666666666666667,0
2026-09-29T21:04:58Z,frontend,210.0,1150,0.8,0.1826086956521739,0
2026-09-29T21:04:58Z,cartservice,368.0,600,0.95,0.6133333333333333,0
2026-09-29T21:04:58Z,checkoutservice,0.0,800,0.8,0.0,0
2026-09-29T21:04:58Z,productcatalogservice,173.0,600,0.95,0.28833333333333333,0
2026-09-29T21:04:58Z,paymentservice,0.0,200,0.8,0.0,0
2026-09-29T21:04:58Z,recommendationservice,0.0,1150,0.8,0.0,0
2026-09-29T21:04:58Z,shippingservice,0.0,400,0.8,0.0,0
2026-09-29T21:04:58Z,currencyservice,456.0,650,0.8,0.7015384615384616,0
2026-09-29T21:04:58Z,emailservice,0.0,200,0.8,0.0,0
2026-09-29T21:04:58Z,adservice,37.0,600,0.8,0.06166666666666667,0
2026-09-29T21:04:58Z,redis-cart,35.0,300,0.8,0.11666666666666667,0
2026-09-29T21:04:59Z,frontend,224.33333333333334,1150,0.8,0.19507246376811596,0
2026-09-29T21:04:59Z,cartservice,331.0,600,0.95,0.5516666666666666,0
2026-09-29T21:04:59Z,checkoutservice,0.0,800,0.8,0.0,0
2026-09-29T21:04:59Z,productcatalogservice,173.0,600,0.95,0.28833333333333333,0
2026-09-29T21:04:59Z,paymentservice,0.0,200,0.8,0.0,0
2026-09-29T21:04:59Z,recommendationservice,0.0,1150,0.8,0.0,0
2026-09-29T21:04:59Z,shippingservice,33.0,400,0.8,0.0825,0
2026-09-29T21:04:59Z,currencyservice,430.0,650,0.8,0.6615384615384615,0
2026-09-29T21:04:59Z,emailservice,0.0,200,0.8,0.0,0
2026-09-29T21:04:59Z,adservice,37.0,600,0.8,0.06166666666666667,0
2026-09-29T21:04:59Z,redis-cart,34.0,300,0.8,0.11333333333333333,0
2026-09-29T21:05:00Z,frontend,227.33333333333334,1150,0.8,0.19768115942028985,0
2026-09-29T21:05:00Z,cartservice,387.0,600,0.95,0.645,0
2026-09-29T21:05:00Z,checkoutservice,0.0,800,0.8,0.0,0
2026-09-29T21:05:00Z,productcatalogservice,154.0,600,0.95,0.25666666666666665,0
2026-09-29T21:05:00Z,paymentservice,0.0,200,0.8,0.0,0
2026-09-29T21:05:00Z,recommendationservice,0.0,1150,0.8,0.0,0
2026-09-29T21:05:00Z,shippingservice,0.0,400,0.8,0.0,0
2026-09-29T21:05:00Z,currencyservice,374.0,650,0.8,0.5753846153846154,0
2026-09-29T21:05:00Z,emailservice,0.0,200,0.8,0.0,0
2026-09-29T21:05:00Z,adservice,36.0,600,0.8,0.06,0
2026-09-29T21:05:00Z,redis-cart,37.0,300,0.8,0.12333333333333334,0
2026-09-29T21:05:01Z,frontend,254.16666666666666,1150,0.8,0.22101449275362317,0
2026-09-29T21:05:01Z,cartservice,409.0,600,0.95,0.6816666666666666,0
2026-09-29T21:05:01Z,checkoutservice,0.0,800,0.8,0.0,0
2026-09-29T21:05:01Z,productcatalogservice,157.0,600,0.95,0.26166666666666666,0
2026-09-29T21:05:01Z,paymentservice,0.0,200,0.8,0.0,0
2026-09-29T21:05:01Z,recommendationservice,0.0,1150,0.8,0.0,0
2026-09-29T21:05:01Z,shippingservice,0.0,400,0.8,0.0,0
2026-09-29T21:05:01Z,currencyservice,470.0,650,0.8,0.7230769230769231,0
2026-09-29T21:05:01Z,emailservice,0.0,200,0.8,0.0,0
2026-09-29T21:05:01Z,adservice,36.0,600,0.8,0.06,0
2026-09-29T21:05:01Z,redis-cart,36.0,300,0.8,0.12,0
2026-09-29T21:05:02Z,frontend,227.0,1150,0.8,0.1973913043478261,0
2026-09-29T21:05:02Z,cartservice,332.0,600,0.95,0.5533333333333333,0
2026-09-29T21:05:02Z,checkoutservice,29.0,800,0.8,0.03625,0
2026-09-29T21:05:02Z,productcatalogservice,157.0,600,0.95,0.26166666666666666,0
2026-09-29T21:05:02Z,paymentservice,32.0,200,0.8,0.16,0
2026-09-29T21:05:02Z,recommendationservice,591.0,1150,0.8,0.5139130434782608,0
2026-09-29T21:05:02Z,shippingservice,0.0,400,0.8,0.0,0
2026-09-29T21:05:02Z,currencyservice,470.0,650,0.8,0.7230769230769231,0
2026-09-29T21:05:02Z,emailservice,42.0,200,0.8,0.21,0
2026-09-29T21:05:02Z,adservice,38.0,600,0.8,0.06333333333333334,0
2026-09-29T21:05:02Z,redis-cart,36.0,300,0.8,0.12,0
2026-09-29T21:05:03Z,frontend,248.33333333333334,1150,0.8,0.21594202898550727,0
2026-09-29T21:05:03Z,cartservice,332.0,600,0.95,0.5533333333333333,0
2026-09-29T21:05:03Z,checkoutservice,29.0,800,0.8,0.03625,0
2026-09-29T21:05:03Z,productcatalogservice,250.0,600,0.95,0.4166666666666667,0
2026-09-29T21:05:03Z,paymentservice,30.0,200,0.8,0.15,0
2026-09-29T21:05:03Z,recommendationservice,532.0,1150,0.8,0.46260869565217394,0
2026-09-29T21:05:03Z,shippingservice,0.0,400,0.8,0.0,0
2026-09-29T21:05:03Z,currencyservice,490.0,650,0.8,0.7538461538461538,0
2026-09-29T21:05:03Z,emailservice,42.0,200,0.8,0.21,0
2026-09-29T21:05:03Z,adservice,89.0,600,0.8,0.14833333333333334,0
2026-09-29T21:05:03Z,redis-cart,34.0,300,0.8,0.11333333333333333,0
2026-09-29T21:05:04Z,frontend,300.6666666666667,1150,0.8,0.2614492753623189,0
2026-09-29T21:05:04Z,cartservice,309.0,600,0.95,0.515,0
2026-09-29T21:05:04Z,checkoutservice,497.0,800,0.8,0.62125,0
2026-09-29T21:05:04Z,productcatalogservice,399.0,600,0.95,0.665,0
2026-09-29T21:05:04Z,paymentservice,30.0,200,0.8,0.15,0
2026-09-29T21:05:04Z,recommendationservice,1132.0,1150,0.8,0.9843478260869565,1
2026-09-29T21:05:04Z,shippingservice,84.0,400,0.8,0.21,0
2026-09-29T21:05:04Z,currencyservice,490.0,650,0.8,0.7538461538461538,0
2026-09-29T21:05:04Z,emailservice,71.0,200,0.8,0.355,0
2026-09-29T21:05:04Z,adservice,89.0,600,0.8,0.14833333333333334,0
2026-09-29T21:05:04Z,redis-cart,37.0,300,0.8,0.12333333333333334,0
2026-09-29T21:05:05Z,frontend,203.83333333333334,1150,0.8,0.17724637681159422,0
2026-09-29T21:05:05Z,cartservice,305.0,600,0.95,0.5083333333333333,0
2026-09-29T21:05:05Z,checkoutservice,497.0,800,0.8,0.62125,0
2026-09-29T21:05:05Z,productcatalogservice,309.0,600,0.95,0.515,0
2026-09-29T21:05:05Z,paymentservice,24.0,200,0.8,0.12,0
2026-09-29T21:05:05Z,recommendationservice,1132.0,1150,0.8,0.9843478260869565,1
2026-09-29T21:05:05Z,shippingservice,0.0,400,0.8,0.0,0
2026-09-29T21:05:05Z,currencyservice,393.0,650,0.8,0.6046153846153847,0
2026-09-29T21:05:05Z,emailservice,3.0,200,0.8,0.015,0
2026-09-29T21:05:05Z,adservice,63.0,600,0.8,0.105,0
2026-09-29T21:05:05Z,redis-cart,31.0,300,0.8,0.10333333333333333,0
2026-09-29T21:05:06Z,frontend,190.66666666666666,1150,0.8,0.16579710144927534,0
2026-09-29T21:05:06Z,cartservice,305.0,600,0.95,0.5083333333333333,0
2026-09-29T21:05:06Z,checkoutservice,0.0,800,0.8,0.0,0
2026-09-29T21:05:06Z,productcatalogservice,309.0,600,0.95,0.515,0
2026-09-29T21:05:06Z,paymentservice,0.0,200,0.8,0.0,0
2026-09-29T21:05:06Z,recommendationservice,1150.0,1150,0.8,1.0,1
2026-09-29T21:05:06Z,shippingservice,0.0,400,0.8,0.0,0
2026-09-29T21:05:06Z,currencyservice,356.0,650,0.8,0.5476923076923077,0
2026-09-29T21:05:06Z,emailservice,3.0,200,0.8,0.015,0
2026-09-29T21:05:06Z,adservice,39.0,600,0.8,0.065,0
2026-09-29T21:05:06Z,redis-cart,31.0,300,0.8,0.10333333333333333,0
2026-09-29T21:05:07Z,frontend,194.66666666666666,1150,0.8,0.16927536231884058,0
2026-09-29T21:05:07Z,cartservice,305.0,600,0.95,0.5083333333333333,0
2026-09-29T21:05:07Z,checkoutservice,0.0,800,0.8,0.0,0
2026-09-29T21:05:07Z,productcatalogservice,301.0,600,0.95,0.5016666666666667,0
2026-09-29T21:05:07Z,paymentservice,0.0,200,0.8,0.0,0
2026-09-29T21:05:07Z,recommendationservice,1140.0,1150,0.8,0.991304347826087,1
2026-09-29T21:05:07Z,shippingservice,0.0,400,0.8,0.0,0
2026-09-29T21:05:07Z,currencyservice,367.0,650,0.8,0.5646153846153846,0
2026-09-29T21:05:07Z,emailservice,25.0,200,0.8,0.125,0
2026-09-29T21:05:07Z,adservice,68.0,600,0.8,0.11333333333333333,0
2026-09-29T21:05:07Z,redis-cart,35.0,300,0.8,0.11666666666666667,0
2026-09-29T21:05:08Z,frontend,203.0,1150,0.8,0.17652173913043478,0
2026-09-29T21:05:08Z,cartservice,386.0,600,0.95,0.6433333333333333,0
2026-09-29T21:05:08Z,checkoutservice,13.0,800,0.8,0.01625,0
2026-09-29T21:05:08Z,productcatalogservice,301.0,600,0.95,0.5016666666666667,0
2026-09-29T21:05:08Z,paymentservice,26.0,200,0.8,0.13,0
2026-09-29T21:05:08Z,recommendationservice,1140.0,1150,0.8,0.991304347826087,1
2026-09-29T21:05:08Z,shippingservice,0.0,400,0.8,0.0,0
2026-09-29T21:05:08Z,currencyservice,463.0,650,0.8,0.7123076923076923,0
2026-09-29T21:05:08Z,emailservice,37.0,200,0.8,0.185,0
2026-09-29T21:05:08Z,adservice,68.0,600,0.8,0.11333333333333333,0
2026-09-29T21:05:08Z,redis-cart,34.0,300,0.8,0.11333333333333333,0
2026-09-29T21:05:09Z,frontend,202.33333333333334,1150,0.8,0.17594202898550726,0
2026-09-29T21:05:09Z,cartservice,386.0,600,0.95,0.6433333333333333,0
2026-09-29T21:05:09Z,checkoutservice,471.0,800,0.8,0.58875,0
2026-09-29T21:05:09Z,productcatalogservice,352.0,600,0.95,0.5866666666666667,0
2026-09-29T21:05:09Z,paymentservice,20.0,200,0.8,0.1,0
2026-09-29T21:05:09Z,recommendationservice,1133.0,1150,0.8,0.9852173913043478,1
2026-09-29T21:05:09Z,shippingservice,57.0,400,0.8,0.1425,0
2026-09-29T21:05:09Z,currencyservice,420.0,650,0.8,0.6461538461538462,0
2026-09-29T21:05:09Z,emailservice,37.0,200,0.8,0.185,0
2026-09-29T21:05:09Z,adservice,75.0,600,0.8,0.125,0
2026-09-29T21:05:09Z,redis-cart,34.0,300,0.8,0.11333333333333333,0
2026-09-29T21:05:10Z,frontend,208.66666666666666,1150,0.8,0.18144927536231883,0
2026-09-29T21:05:10Z,cartservice,403.0,600,0.95,0.6716666666666666,0
2026-09-29T21:05:10Z,checkoutservice,471.0,800,0.8,0.58875,0
2026-09-29T21:05:10Z,productcatalogservice,352.0,600,0.95,0.5866666666666667,0
2026-09-29T21:05:10Z,paymentservice,20.0,200,0.8,0.1,0
2026-09-29T21:05:10Z,recommendationservice,1141.0,1150,0.8,0.9921739130434782,1
2026-09-29T21:05:10Z,shippingservice,36.0,400,0.8,0.09,0
2026-09-29T21:05:10Z,currencyservice,420.0,650,0.8,0.6461538461538462,0
2026-09-29T21:05:10Z,emailservice,34.0,200,0.8,0.17,0
2026-09-29T21:05:10Z,adservice,51.0,600,0.8,0.085,0
2026-09-29T21:05:10Z,redis-cart,39.0,300,0.8,0.13,0
2026-09-29T21:05:11Z,frontend,236.83333333333334,1150,0.8,0.20594202898550726,0
2026-09-29T21:05:11Z,cartservice,465.0,600,0.95,0.775,0
2026-09-29T21:05:11Z,checkoutservice,262.0,800,0.8,0.3275,0
2026-09-29T21:05:11Z,productcatalogservice,349.0,600,0.95,0.5816666666666667,0
2026-09-29T21:05:11Z,paymentservice,16.0,200,0.8,0.08,0
2026-09-29T21:05:11Z,recommendationservice,1141.0,1150,0.8,0.9921739130434782,1
2026-09-29T21:05:11Z,shippingservice,70.0,400,0.8,0.175,0
2026-09-29T21:05:11Z,currencyservice,402.0,650,0.8,0.6184615384615385,0
2026-09-29T21:05:11Z,emailservice,37.0,200,0.8,0.185,0
2026-09-29T21:05:11Z,adservice,51.0,600,0.8,0.085,0
2026-09-29T21:05:11Z,redis-cart,38.0,300,0.8,0.12666666666666668,0
2026-09-29T21:05:12Z,frontend,236.66666666666666,1150,0.8,0.20579710144927535,0
2026-09-29T21:05:12Z,cartservice,465.0,600,0.95,0.775,0
2026-09-29T21:05:12Z,checkoutservice,404.0,800,0.8,0.505,0
2026-09-29T21:05:12Z,productcatalogservice,397.0,600,0.95,0.6616666666666666,0
2026-09-29T21:05:12Z,paymentservice,54.0,200,0.8,0.27,0
2026-09-29T21:05:12Z,recommendationservice,1070.0,1150,0.8,0.9304347826086956,1
2026-09-29T21:05:12Z,shippingservice,70.0,400,0.8,0.175,0
2026-09-29T21:05:12Z,currencyservice,402.0,650,0.8,0.6184615384615385,0
2026-09-29T21:05:12Z,emailservice,37.0,200,0.8,0.185,0
2026-09-29T21:05:12Z,adservice,144.0,600,0.8,0.24,0
2026-09-29T21:05:12Z,redis-cart,38.0,300,0.8,0.12666666666666668,0
2026-09-29T21:05:13Z,frontend,200.16666666666666,1150,0.8,0.17405797101449275,0
2026-09-29T21:05:13Z,cartservice,413.0,600,0.95,0.6883333333333334,0
2026-09-29T21:05:13Z,checkoutservice,404.0,800,0.8,0.505,0
2026-09-29T21:05:13Z,productcatalogservice,324.0,600,0.95,0.54,0
2026-09-29T21:05:13Z,paymentservice,54.0,200,0.8,0.27,0
2026-09-29T21:05:13Z,recommendationservice,1163.0,1150,0.8,1.011304347826087,1
2026-09-29T21:05:13Z,shippingservice,53.0,400,0.8,0.1325,0
2026-09-29T21:05:13Z,currencyservice,415.0,650,0.8,0.6384615384615384,0
2026-09-29T21:05:13Z,emailservice,56.0,200,0.8,0.28,0
2026-09-29T21:05:13Z,adservice,38.0,600,0.8,0.06333333333333334,0
2026-09-29T21:05:13Z,redis-cart,38.0,300,0.8,0.12666666666666668,0
2026-09-29T21:05:14Z,frontend,214.16666666666666,1150,0.8,0.186231884057971,0
2026-09-29T21:05:14Z,cartservice,413.0,600,0.95,0.6883333333333334,0
2026-09-29T21:05:14Z,checkoutservice,126.0,800,0.8,0.1575,0
2026-09-29T21:05:14Z,productcatalogservice,278.0,600,0.95,0.4633333333333333,0
2026-09-29T21:05:14Z,paymentservice,8.0,200,0.8,0.04,0
2026-09-29T21:05:14Z,recommendationservice,1163.0,1150,0.8,1.011304347826087,1
2026-09-29T21:05:14Z,shippingservice,34.0,400,0.8,0.085,0
2026-09-29T21:05:14Z,currencyservice,403.0,650,0.8,0.62,0
2026-09-29T21:05:14Z,emailservice,16.0,200,0.8,0.08,0
2026-09-29T21:05:14Z,adservice,38.0,600,0.8,0.06333333333333334,0
2026-09-29T21:05:14Z,redis-cart,38.0,300,0.8,0.12666666666666668,0
2026-09-29T21:05:15Z,frontend,218.83333333333334,1150,0.8,0.19028985507246376,0
2026-09-29T21:05:15Z,cartservice,414.0,600,0.95,0.69,0
2026-09-29T21:05:15Z,checkoutservice,0.0,800,0.8,0.0,0
2026-09-29T21:05:15Z,productcatalogservice,278.0,600,0.95,0.4633333333333333,0
2026-09-29T21:05:15Z,paymentservice,0.0,200,0.8,0.0,0
2026-09-29T21:05:15Z,recommendationservice,1143.0,1150,0.8,0.9939130434782608,1
2026-09-29T21:05:15Z,shippingservice,0.0,400,0.8,0.0,0
2026-09-29T21:05:15Z,currencyservice,389.0,650,0.8,0.5984615384615385,0
2026-09-29T21:05:15Z,emailservice,16.0,200,0.8,0.08,0
2026-09-29T21:05:15Z,adservice,61.0,600,0.8,0.10166666666666667,0
2026-09-29T21:05:15Z,redis-cart,37.0,300,0.8,0.12333333333333334,0
2026-09-29T21:05:16Z,frontend,223.5,1150,0.8,0.19434782608695653,0
2026-09-29T21:05:16Z,cartservice,458.0,600,0.95,0.7633333333333333,0
2026-09-29T21:05:16Z,checkoutservice,0.0,800,0.8,0.0,0
2026-09-29T21:05:16Z,productcatalogservice,275.0,600,0.95,0.4583333333333333,0
2026-09-29T21:05:16Z,paymentservice,0.0,200,0.8,0.0,0
2026-09-29T21:05:16Z,recommendationservice,1143.0,1150,0.8,0.9939130434782608,1
2026-09-29T21:05:16Z,shippingservice,0.0,400,0.8,0.0,0
2026-09-29T21:05:16Z,currencyservice,395.0,650,0.8,0.6076923076923076,0
2026-09-29T21:05:16Z,emailservice,0.0,200,0.8,0.0,0
2026-09-29T21:05:16Z,adservice,42.0,600,0.8,0.07,0
2026-09-29T21:05:16Z,redis-cart,41.0,300,0.8,0.13666666666666666,0
2026-09-29T21:05:17Z,frontend,209.16666666666666,1150,0.8,0.18188405797101448,0
2026-09-29T21:05:17Z,cartservice,458.0,600,0.95,0.7633333333333333,0
2026-09-29T21:05:17Z,checkoutservice,223.0,800,0.8,0.27875,0
2026-09-29T21:05:17Z,productcatalogservice,340.0,600,0.95,0.5666666666666667,0
2026-09-29T21:05:17Z,paymentservice,0.0,200,0.8,0.0,0
2026-09-29T21:05:17Z,recommendationservice,1131.0,1150,0.8,0.9834782608695652,1
2026-09-29T21:05:17Z,shippingservice,18.0,400,0.8,0.045,0
2026-09-29T21:05:17Z,currencyservice,395.0,650,0.8,0.6076923076923076,0
2026-09-29T21:05:17Z,emailservice,62.0,200,0.8,0.31,0
2026-09-29T21:05:17Z,adservice,62.0,600,0.8,0.10333333333333333,0
2026-09-29T21:05:17Z,redis-cart,41.0,300,0.8,0.13666666666666666,0
2026-09-29T21:05:18Z,frontend,225.83333333333334,1150,0.8,0.1963768115942029,0
2026-09-29T21:05:18Z,cartservice,467.0,600,0.95,0.7783333333333333,0
2026-09-29T21:05:18Z,checkoutservice,250.0,800,0.8,0.3125,0
2026-09-29T21:05:18Z,productcatalogservice,364.0,600,0.95,0.6066666666666667,0
2026-09-29T21:05:18Z,paymentservice,26.0,200,0.8,0.13,0
2026-09-29T21:05:18Z,recommendationservice,1127.0,1150,0.8,0.98,1
2026-09-29T21:05:18Z,shippingservice,72.0,400,0.8,0.18,0
2026-09-29T21:05:18Z,currencyservice,426.0,650,0.8,0.6553846153846153,0
2026-09-29T21:05:18Z,emailservice,29.0,200,0.8,0.145,0
2026-09-29T21:05:18Z,adservice,77.0,600,0.8,0.12833333333333333,0
2026-09-29T21:05:18Z,redis-cart,38.0,300,0.8,0.12666666666666668,0
2026-09-29T21:05:19Z,frontend,218.83333333333334,1150,0.8,0.19028985507246376,0
2026-09-29T21:05:19Z,cartservice,409.0,600,0.95,0.6816666666666666,0
2026-09-29T21:05:19Z,checkoutservice,250.0,800,0.8,0.3125,0
2026-09-29T21:05:19Z,productcatalogservice,364.0,600,0.95,0.6066666666666667,0
2026-09-29T21:05:19Z,paymentservice,16.0,200,0.8,0.08,0
2026-09-29T21:05:19Z,recommendationservice,1102.0,1150,0.8,0.9582608695652174,1
2026-09-29T21:05:19Z,shippingservice,72.0,400,0.8,0.18,0
2026-09-29T21:05:19Z,currencyservice,447.0,650,0.8,0.6876923076923077,0
2026-09-29T21:05:19Z,emailservice,29.0,200,0.8,0.145,0
2026-09-29T21:05:19Z,adservice,77.0,600,0.8,0.12833333333333333,0
2026-09-29T21:05:19Z,redis-cart,39.0,300,0.8,0.13,0
2026-09-29T21:05:20Z,frontend,231.66666666666666,1150,0.8,0.20144927536231882,0
2026-09-29T21:05:20Z,cartservice,409.0,600,0.95,0.6816666666666666,0
2026-09-29T21:05:20Z,checkoutservice,296.0,800,0.8,0.37,0
2026-09-29T21:05:20Z,productcatalogservice,335.0,600,0.95,0.5583333333333333,0
2026-09-29T21:05:20Z,paymentservice,14.0,200,0.8,0.07,0
2026-09-29T21:05:20Z,recommendationservice,1102.0,1150,0.8,0.9582608695652174,1
2026-09-29T21:05:20Z,shippingservice,46.0,400,0.8,0.115,0
2026-09-29T21:05:20Z,currencyservice,447.0,650,0.8,0.6876923076923077,0
2026-09-29T21:05:20Z,emailservice,45.0,200,0.8,0.225,0
2026-09-29T21:05:20Z,adservice,89.0,600,0.8,0.14833333333333334,0
2026-09-29T21:05:20Z,redis-cart,39.0,300,0.8,0.13,0
2026-09-29T21:05:21Z,frontend,198.33333333333334,1150,0.8,0.17246376811594205,0
2026-09-29T21:05:21Z,cartservice,421.0,600,0.95,0.7016666666666667,0
2026-09-29T21:05:21Z,checkoutservice,180.0,800,0.8,0.225,0
2026-09-29T21:05:21Z,productcatalogservice,335.0,600,0.95,0.5583333333333333,0
2026-09-29T21:05:21Z,paymentservice,14.0,200,0.8,0.07,0
2026-09-29T21:05:21Z,recommendationservice,1131.0,1150,0.8,0.9834782608695652,1
2026-09-29T21:05:21Z,shippingservice,46.0,400,0.8,0.115,0
2026-09-29T21:05:21Z,currencyservice,389.0,650,0.8,0.5984615384615385,0
2026-09-29T21:05:21Z,emailservice,45.0,200,0.8,0.225,0
2026-09-29T21:05:21Z,adservice,56.0,600,0.8,0.09333333333333334,0
2026-09-29T21:05:21Z,redis-cart,37.0,300,0.8,0.12333333333333334,0
2026-09-29T21:05:22Z,frontend,188.16666666666666,1150,0.8,0.1636231884057971,0
2026-09-29T21:05:22Z,cartservice,421.0,600,0.95,0.7016666666666667,0
2026-09-29T21:05:22Z,checkoutservice,391.0,800,0.8,0.48875,0
2026-09-29T21:05:22Z,productcatalogservice,355.0,600,0.95,0.5916666666666667,0
2026-09-29T21:05:22Z,paymentservice,14.0,200,0.8,0.07,0
2026-09-29T21:05:22Z,recommendationservice,1131.0,1150,0.8,0.9834782608695652,1
2026-09-29T21:05:22Z,shippingservice,23.0,400,0.8,0.0575,0
2026-09-29T21:05:22Z,currencyservice,483.0,650,0.8,0.7430769230769231,0
2026-09-29T21:05:22Z,emailservice,42.0,200,0.8,0.21,0
2026-09-29T21:05:22Z,adservice,116.0,600,0.8,0.19333333333333333,0
2026-09-29T21:05:22Z,redis-cart,39.0,300,0.8,0.13,0
2026-09-29T21:05:23Z,frontend,251.33333333333334,1150,0.8,0.21855072463768116,0
2026-09-29T21:05:23Z,cartservice,444.0,600,0.95,0.74,0
2026-09-29T21:05:23Z,checkoutservice,391.0,800,0.8,0.48875,0
2026-09-29T21:05:23Z,productcatalogservice,301.0,600,0.95,0.5016666666666667,0
2026-09-29T21:05:23Z,paymentservice,44.0,200,0.8,0.22,0
2026-09-29T21:05:23Z,recommendationservice,1114.0,1150,0.8,0.9686956521739131,1
2026-09-29T21:05:23Z,shippingservice,26.0,400,0.8,0.065,0
2026-09-29T21:05:23Z,currencyservice,483.0,650,0.8,0.7430769230769231,0
2026-09-29T21:05:23Z,emailservice,21.0,200,0.8,0.105,0
2026-09-29T21:05:23Z,adservice,116.0,600,0.8,0.19333333333333333,0
2026-09-29T21:05:23Z,redis-cart,39.0,300,0.8,0.13,0
2026-09-29T21:05:24Z,frontend,209.5,1150,0.8,0.18217391304347827,0
2026-09-29T21:05:24Z,cartservice,417.0,600,0.95,0.695,0
2026-09-29T21:05:24Z,checkoutservice,68.0,800,0.8,0.085,0
2026-09-29T21:05:24Z,productcatalogservice,223.0,600,0.95,0.37166666666666665,0
2026-09-29T21:05:24Z,paymentservice,0.0,200,0.8,0.0,0
2026-09-29T21:05:24Z,recommendationservice,1155.0,1150,0.8,1.0043478260869565,1
2026-09-29T21:05:24Z,shippingservice,23.0,400,0.8,0.0575,0
2026-09-29T21:05:24Z,currencyservice,388.0,650,0.8,0.5969230769230769,0
2026-09-29T21:05:24Z,emailservice,21.0,200,0.8,0.105,0
2026-09-29T21:05:24Z,adservice,58.0,600,0.8,0.09666666666666666,0
2026-09-29T21:05:24Z,redis-cart,36.0,300,0.8,0.12,0
2026-09-29T21:05:25Z,frontend,201.5,1150,0.8,0.17521739130434782,0
2026-09-29T21:05:25Z,cartservice,417.0,600,0.95,0.695,0
2026-09-29T21:05:25Z,checkoutservice,0.0,800,0.8,0.0,0
2026-09-29T21:05:25Z,productcatalogservice,288.0,600,0.95,0.48,0
2026-09-29T21:05:25Z,paymentservice,0.0,200,0.8,0.0,0
2026-09-29T21:05:25Z,recommendationservice,1155.0,1150,0.8,1.0043478260869565,1
2026-09-29T21:05:25Z,shippingservice,23.0,400,0.8,0.0575,0
2026-09-29T21:05:25Z,currencyservice,388.0,650,0.8,0.5969230769230769,0
2026-09-29T21:05:25Z,emailservice,0.0,200,0.8,0.0,0
2026-09-29T21:05:25Z,adservice,58.0,600,0.8,0.09666666666666666,0
2026-09-29T21:05:25Z,redis-cart,37.0,300,0.8,0.12333333333333334,0
2026-09-29T21:05:26Z,frontend,212.0,1150,0.8,0.18434782608695652,0
2026-09-29T21:05:26Z,cartservice,382.0,600,0.95,0.6366666666666667,0
2026-09-29T21:05:26Z,checkoutservice,0.0,800,0.8,0.0,0
2026-09-29T21:05:26Z,productcatalogservice,288.0,600,0.95,0.48,0
2026-09-29T21:05:26Z,paymentservice,0.0,200,0.8,0.0,0
2026-09-29T21:05:26Z,recommendationservice,1132.0,1150,0.8,0.9843478260869565,1
2026-09-29T21:05:26Z,shippingservice,0.0,400,0.8,0.0,0
2026-09-29T21:05:26Z,currencyservice,365.0,650,0.8,0.5615384615384615,0
2026-09-29T21:05:26Z,emailservice,64.0,200,0.8,0.32,0
2026-09-29T21:05:26Z,adservice,43.0,600,0.8,0.07166666666666667,0
2026-09-29T21:05:26Z,redis-cart,37.0,300,0.8,0.12333333333333334,0
2026-09-29T21:05:27Z,frontend,230.0,1150,0.8,0.2,0
2026-09-29T21:05:27Z,cartservice,434.0,600,0.95,0.7233333333333334,0
2026-09-29T21:05:27Z,checkoutservice,40.0,800,0.8,0.05,0
2026-09-29T21:05:27Z,productcatalogservice,280.0,600,0.95,0.4666666666666667,0
2026-09-29T21:05:27Z,paymentservice,0.0,200,0.8,0.0,0
2026-09-29T21:05:27Z,recommendationservice,1164.0,1150,0.8,1.0121739130434784,1
2026-09-29T21:05:27Z,shippingservice,12.0,400,0.8,0.03,0
2026-09-29T21:05:27Z,currencyservice,365.0,650,0.8,0.5615384615384615,0
2026-09-29T21:05:27Z,emailservice,64.0,200,0.8,0.32,0
2026-09-29T21:05:27Z,adservice,64.0,600,0.8,0.10666666666666667,0
2026-09-29T21:05:27Z,redis-cart,41.0,300,0.8,0.13666666666666666,0
2026-09-29T21:05:28Z,frontend,223.66666666666666,1150,0.8,0.1944927536231884,0
2026-09-29T21:05:28Z,cartservice,434.0,600,0.95,0.7233333333333334,0
2026-09-29T21:05:28Z,checkoutservice,40.0,800,0.8,0.05,0
2026-09-29T21:05:28Z,productcatalogservice,275.0,600,0.95,0.4583333333333333,0
2026-09-29T21:05:28Z,paymentservice,0.0,200,0.8,0.0,0
2026-09-29T21:05:28Z,recommendationservice,1164.0,1150,0.8,1.0121739130434784,1
2026-09-29T21:05:28Z,shippingservice,12.0,400,0.8,0.03,0
2026-09-29T21:05:28Z,currencyservice,399.0,650,0.8,0.6138461538461538,0
2026-09-29T21:05:28Z,emailservice,4.0,200,0.8,0.02,0
2026-09-29T21:05:28Z,adservice,64.0,600,0.8,0.10666666666666667,0
2026-09-29T21:05:28Z,redis-cart,45.0,300,0.8,0.15,0
2026-09-29T21:05:29Z,frontend,215.66666666666666,1150,0.8,0.18753623188405796,0
2026-09-29T21:05:29Z,cartservice,412.0,600,0.95,0.6866666666666666,0
2026-09-29T21:05:29Z,checkoutservice,91.0,800,0.8,0.11375,0
2026-09-29T21:05:29Z,productcatalogservice,275.0,600,0.95,0.4583333333333333,0
2026-09-29T21:05:29Z,paymentservice,0.0,200,0.8,0.0,0
2026-09-29T21:05:29Z,recommendationservice,1125.0,1150,0.8,0.9782608695652174,1
2026-09-29T21:05:29Z,shippingservice,50.0,400,0.8,0.125,0
2026-09-29T21:05:29Z,currencyservice,443.0,650,0.8,0.6815384615384615,0
2026-09-29T21:05:29Z,emailservice,4.0,200,0.8,0.02,0
2026-09-29T21:05:29Z,adservice,51.0,600,0.8,0.085,0
2026-09-29T21:05:29Z,redis-cart,45.0,300,0.8,0.15,0
2026-09-29T21:05:30Z,frontend,212.5,1150,0.8,0.18478260869565216,0
2026-09-29T21:05:30Z,cartservice,412.0,600,0.95,0.6866666666666666,0
2026-09-29T21:05:30Z,checkoutservice,167.0,800,0.8,0.20875,0
2026-09-29T21:05:30Z,productcatalogservice,329.0,600,0.95,0.5483333333333333,0
2026-09-29T21:05:30Z,paymentservice,20.0,200,0.8,0.1,0
2026-09-29T21:05:30Z,recommendationservice,1125.0,1150,0.8,0.9782608695652174,1
2026-09-29T21:05:30Z,shippingservice,50.0,400,0.8,0.125,0
2026-09-29T21:05:30Z,currencyservice,443.0,650,0.8,0.6815384615384615,0
2026-09-29T21:05:30Z,emailservice,31.0,200,0.8,0.155,0
2026-09-29T21:05:30Z,adservice,52.0,600,0.8,0.08666666666666667,0
2026-09-29T21:05:30Z,redis-cart,36.0,300,0.8,0.12,0
2026-09-29T21:05:31Z,frontend,224.0,1150,0.8,0.19478260869565217,0
2026-09-29T21:05:31Z,cartservice,422.0,600,0.95,0.7033333333333334,0
2026-09-29T21:05:31Z,checkoutservice,167.0,800,0.8,0.20875,0
2026-09-29T21:05:31Z,productcatalogservice,362.0,600,0.95,0.6033333333333334,0
2026-09-29T21:05:31Z,paymentservice,24.0,200,0.8,0.12,0
2026-09-29T21:05:31Z,recommendationservice,1108.0,1150,0.8,0.9634782608695652,1
2026-09-29T21:05:31Z,shippingservice,28.0,400,0.8,0.07,0
2026-09-29T21:05:31Z,currencyservice,382.0,650,0.8,0.5876923076923077,0
2026-09-29T21:05:31Z,emailservice,31.0,200,0.8,0.155,0
2026-09-29T21:05:31Z,adservice,52.0,600,0.8,0.08666666666666667,0
2026-09-29T21:05:31Z,redis-cart,36.0,300,0.8,0.12,0
2026-09-29T21:05:32Z,frontend,205.33333333333334,1150,0.8,0.17855072463768118,0
2026-09-29T21:05:32Z,cartservice,373.0,600,0.95,0.6216666666666667,0
2026-09-29T21:05:32Z,checkoutservice,256.0,800,0.8,0.32,0
2026-09-29T21:05:32Z,productcatalogservice,362.0,600,0.95,0.6033333333333334,0
2026-09-29T21:05:32Z,paymentservice,24.0,200,0.8,0.12,0
2026-09-29T21:05:32Z,recommendationservice,1108.0,1150,0.8,0.9634782608695652,1
2026-09-29T21:05:32Z,shippingservice,28.0,400,0.8,0.07,0
2026-09-29T21:05:32Z,currencyservice,382.0,650,0.8,0.5876923076923077,0
2026-09-29T21:05:32Z,emailservice,47.0,200,0.8,0.235,0
2026-09-29T21:05:32Z,adservice,61.0,600,0.8,0.10166666666666667,0
2026-09-29T21:05:32Z,redis-cart,37.0,300,0.8,0.12333333333333334,0
2026-09-29T21:05:33Z,frontend,244.0,1150,0.8,0.21217391304347827,0
2026-09-29T21:05:33Z,cartservice,373.0,600,0.95,0.6216666666666667,0
2026-09-29T21:05:33Z,checkoutservice,57.0,800,0.8,0.07125,0
2026-09-29T21:05:33Z,productcatalogservice,305.0,600,0.95,0.5083333333333333,0
2026-09-29T21:05:33Z,paymentservice,27.0,200,0.8,0.135,0
2026-09-29T21:05:33Z,recommendationservice,1147.0,1150,0.8,0.9973913043478261,1
2026-09-29T21:05:33Z,shippingservice,0.0,400,0.8,0.0,0
2026-09-29T21:05:33Z,currencyservice,441.0,650,0.8,0.6784615384615384,0
2026-09-29T21:05:33Z,emailservice,15.0,200,0.8,0.075,0
2026-09-29T21:05:33Z,adservice,66.0,600,0.8,0.11,0
2026-09-29T21:05:33Z,redis-cart,39.0,300,0.8,0.13,0
2026-09-29T21:05:34Z,frontend,227.83333333333334,1150,0.8,0.19811594202898553,0
2026-09-29T21:05:34Z,cartservice,361.0,600,0.95,0.6016666666666667,0
2026-09-29T21:05:34Z,checkoutservice,57.0,800,0.8,0.07125,0
2026-09-29T21:05:34Z,productcatalogservice,295.0,600,0.95,0.49166666666666664,0
2026-09-29T21:05:34Z,paymentservice,27.0,200,0.8,0.135,0
2026-09-29T21:05:34Z,recommendationservice,1104.0,1150,0.8,0.96,1
2026-09-29T21:05:34Z,shippingservice,49.0,400,0.8,0.1225,0
2026-09-29T21:05:34Z,currencyservice,415.0,650,0.8,0.6384615384615384,0
2026-09-29T21:05:34Z,emailservice,15.0,200,0.8,0.075,0
2026-09-29T21:05:34Z,adservice,66.0,600,0.8,0.11,0
2026-09-29T21:05:34Z,redis-cart,40.0,300,0.8,0.13333333333333333,0
2026-09-29T21:05:35Z,frontend,202.83333333333334,1150,0.8,0.1763768115942029,0
2026-09-29T21:05:35Z,cartservice,361.0,600,0.95,0.6016666666666667,0
2026-09-29T21:05:35Z,checkoutservice,217.0,800,0.8,0.27125,0
2026-09-29T21:05:35Z,productcatalogservice,339.0,600,0.95,0.565,0
2026-09-29T21:05:35Z,paymentservice,13.0,200,0.8,0.065,0
2026-09-29T21:05:35Z,recommendationservice,1147.0,1150,0.8,0.9973913043478261,1
2026-09-29T21:05:35Z,shippingservice,49.0,400,0.8,0.1225,0
2026-09-29T21:05:35Z,currencyservice,415.0,650,0.8,0.6384615384615384,0
2026-09-29T21:05:35Z,emailservice,16.0,200,0.8,0.08,0
2026-09-29T21:05:35Z,adservice,51.0,600,0.8,0.085,0
2026-09-29T21:05:35Z,redis-cart,39.0,300,0.8,0.13,0
2026-09-29T21:05:36Z,frontend,197.83333333333334,1150,0.8,0.17202898550724638,0
2026-09-29T21:05:36Z,cartservice,373.0,600,0.95,0.6216666666666667,0
2026-09-29T21:05:36Z,checkoutservice,312.0,800,0.8,0.39,0
2026-09-29T21:05:36Z,productcatalogservice,339.0,600,0.95,0.565,0
2026-09-29T21:05:36Z,paymentservice,22.0,200,0.8,0.11,0
2026-09-29T21:05:36Z,recommendationservice,1081.0,1150,0.8,0.94,1
2026-09-29T21:05:36Z,shippingservice,21.0,400,0.8,0.0525,0
2026-09-29T21:05:36Z,currencyservice,412.0,650,0.8,0.6338461538461538,0
2026-09-29T21:05:36Z,emailservice,62.0,200,0.8,0.31,0
2026-09-29T21:05:36Z,adservice,105.0,600,0.8,0.175,0
2026-09-29T21:05:36Z,redis-cart,39.0,300,0.8,0.13,0
2026-09-29T21:05:37Z,frontend,246.0,1150,0.8,0.21391304347826087,0
2026-09-29T21:05:37Z,cartservice,421.0,600,0.95,0.7016666666666667,0
2026-09-29T21:05:37Z,checkoutservice,312.0,800,0.8,0.39,0
2026-09-29T21:05:37Z,productcatalogservice,348.0,600,0.95,0.58,0
2026-09-29T21:05:37Z,paymentservice,22.0,200,0.8,0.11,0
2026-09-29T21:05:37Z,recommendationservice,1081.0,1150,0.8,0.94,1
2026-09-29T21:05:37Z,shippingservice,21.0,400,0.8,0.0525,0
2026-09-29T21:05:37Z,currencyservice,412.0,650,0.8,0.6338461538461538,0
2026-09-29T21:05:37Z,emailservice,37.0,200,0.8,0.185,0
2026-09-29T21:05:37Z,adservice,105.0,600,0.8,0.175,0
2026-09-29T21:05:37Z,redis-cart,39.0,300,0.8,0.13,0
2026-09-29T21:05:38Z,frontend,225.0,1150,0.8,0.1956521739130435,0
2026-09-29T21:05:38Z,cartservice,365.0,600,0.95,0.6083333333333333,0
2026-09-29T21:05:38Z,checkoutservice,221.0,800,0.8,0.27625,0
2026-09-29T21:05:38Z,productcatalogservice,348.0,600,0.95,0.58,0
2026-09-29T21:05:38Z,paymentservice,12.0,200,0.8,0.06,0
2026-09-29T21:05:38Z,recommendationservice,1109.0,1150,0.8,0.9643478260869566,1
2026-09-29T21:05:38Z,shippingservice,44.0,400,0.8,0.11,0
2026-09-29T21:05:38Z,currencyservice,441.0,650,0.8,0.6784615384615384,0
2026-09-29T21:05:38Z,emailservice,37.0,200,0.8,0.185,0
2026-09-29T21:05:38Z,adservice,65.0,600,0.8,0.10833333333333334,0
2026-09-29T21:05:38Z,redis-cart,45.0,300,0.8,0.15,0
2026-09-29T21:05:39Z,frontend,232.83333333333334,1150,0.8,0.20246376811594205,0
2026-09-29T21:05:39Z,cartservice,365.0,600,0.95,0.6083333333333333,0
2026-09-29T21:05:39Z,checkoutservice,220.0,800,0.8,0.275,0
2026-09-29T21:05:39Z,productcatalogservice,330.0,600,0.95,0.55,0
2026-09-29T21:05:39Z,paymentservice,11.0,200,0.8,0.055,0
2026-09-29T21:05:39Z,recommendationservice,1135.0,1150,0.8,0.9869565217391304,1
2026-09-29T21:05:39Z,shippingservice,80.0,400,0.8,0.2,0
2026-09-29T21:05:39Z,currencyservice,442.0,650,0.8,0.68,0
2026-09-29T21:05:39Z,emailservice,19.0,200,0.8,0.095,0
2026-09-29T21:05:39Z,adservice,61.0,600,0.8,0.10166666666666667,0
2026-09-29T21:05:39Z,redis-cart,45.0,300,0.8,0.15,0
2026-09-29T21:05:40Z,frontend,195.33333333333334,1150,0.8,0.16985507246376813,0
2026-09-29T21:05:40Z,cartservice,454.0,600,0.95,0.7566666666666667,0
2026-09-29T21:05:40Z,checkoutservice,10.0,800,0.8,0.0125,0
2026-09-29T21:05:40Z,productcatalogservice,274.0,600,0.95,0.45666666666666667,0
2026-09-29T21:05:40Z,paymentservice,0.0,200,0.8,0.0,0
2026-09-29T21:05:40Z,recommendationservice,1135.0,1150,0.8,0.9869565217391304,1
2026-09-29T21:05:40Z,shippingservice,80.0,400,0.8,0.2,0
2026-09-29T21:05:40Z,currencyservice,442.0,650,0.8,0.68,0
2026-09-29T21:05:40Z,emailservice,0.0,200,0.8,0.0,0
2026-09-29T21:05:40Z,adservice,61.0,600,0.8,0.10166666666666667,0
2026-09-29T21:05:40Z,redis-cart,38.0,300,0.8,0.12666666666666668,0
2026-09-29T21:05:41Z,frontend,211.16666666666666,1150,0.8,0.18362318840579708,0
2026-09-29T21:05:41Z,cartservice,454.0,600,0.95,0.7566666666666667,0
2026-09-29T21:05:41Z,checkoutservice,44.0,800,0.8,0.055,0
2026-09-29T21:05:41Z,productcatalogservice,274.0,600,0.95,0.45666666666666667,0
2026-09-29T21:05:41Z,paymentservice,0.0,200,0.8,0.0,0
2026-09-29T21:05:41Z,recommendationservice,1139.0,1150,0.8,0.9904347826086957,1
2026-09-29T21:05:41Z,shippingservice,0.0,400,0.8,0.0,0
2026-09-29T21:05:41Z,currencyservice,388.0,650,0.8,0.5969230769230769,0
2026-09-29T21:05:41Z,emailservice,0.0,200,0.8,0.0,0
2026-09-29T21:05:41Z,adservice,51.0,600,0.8,0.085,0
2026-09-29T21:05:41Z,redis-cart,40.0,300,0.8,0.13333333333333333,0
2026-09-29T21:05:42Z,frontend,235.5,1150,0.8,0.20478260869565218,0
2026-09-29T21:05:42Z,cartservice,420.0,600,0.95,0.7,0
2026-09-29T21:05:42Z,checkoutservice,44.0,800,0.8,0.055,0
2026-09-29T21:05:42Z,productcatalogservice,252.0,600,0.95,0.42,0
2026-09-29T21:05:42Z,paymentservice,38.0,200,0.8,0.19,0
2026-09-29T21:05:42Z,recommendationservice,1139.0,1150,0.8,0.9904347826086957,1
2026-09-29T21:05:42Z,shippingservice,0.0,400,0.8,0.0,0
2026-09-29T21:05:42Z,currencyservice,430.0,650,0.8,0.6615384615384615,0
2026-09-29T21:05:42Z,emailservice,52.0,200,0.8,0.26,0
2026-09-29T21:05:42Z,adservice,56.0,600,0.8,0.09333333333333334,0
2026-09-29T21:05:42Z,redis-cart,40.0,300,0.8,0.13333333333333333,0
2026-09-29T21:05:43Z,frontend,238.0,1150,0.8,0.20695652173913043,0
2026-09-29T21:05:43Z,cartservice,421.0,600,0.95,0.7016666666666667,0
2026-09-29T21:05:43Z,checkoutservice,30.0,800,0.8,0.0375,0
2026-09-29T21:05:43Z,productcatalogservice,263.0,600,0.95,0.43833333333333335,0
2026-09-29T21:05:43Z,paymentservice,38.0,200,0.8,0.19,0
2026-09-29T21:05:43Z,recommendationservice,1155.0,1150,0.8,1.0043478260869565,1
2026-09-29T21:05:43Z,shippingservice,29.0,400,0.8,0.0725,0
2026-09-29T21:05:43Z,currencyservice,430.0,650,0.8,0.6615384615384615,0
2026-09-29T21:05:43Z,emailservice,52.0,200,0.8,0.26,0
2026-09-29T21:05:43Z,adservice,49.0,600,0.8,0.08166666666666667,0
2026-09-29T21:05:43Z,redis-cart,42.0,300,0.8,0.14,0
2026-09-29T21:05:44Z,frontend,222.16666666666666,1150,0.8,0.19318840579710145,0
2026-09-29T21:05:44Z,cartservice,409.0,600,0.95,0.6816666666666666,0
2026-09-29T21:05:44Z,checkoutservice,80.0,800,0.8,0.1,0
2026-09-29T21:05:44Z,productcatalogservice,255.0,600,0.95,0.425,0
2026-09-29T21:05:44Z,paymentservice,11.0,200,0.8,0.055,0
2026-09-29T21:05:44Z,recommendationservice,1106.0,1150,0.8,0.9617391304347827,1
2026-09-29T21:05:44Z,shippingservice,29.0,400,0.8,0.0725,0
2026-09-29T21:05:44Z,currencyservice,434.0,650,0.8,0.6676923076923077,0
2026-09-29T21:05:44Z,emailservice,7.0,200,0.8,0.035,0
2026-09-29T21:05:44Z,adservice,49.0,600,0.8,0.08166666666666667,0
2026-09-29T21:05:44Z,redis-cart,39.0,300,0.8,0.13,0
2026-09-29T21:05:45Z,frontend,291.0,1150,0.8,0.2530434782608696,0
2026-09-29T21:05:45Z,cartservice,409.0,600,0.95,0.6816666666666666,0
2026-09-29T21:05:45Z,checkoutservice,80.0,800,0.8,0.1,0
2026-09-29T21:05:45Z,productcatalogservice,278.0,600,0.95,0.4633333333333333,0
2026-09-29T21:05:45Z,paymentservice,0.0,200,0.8,0.0,0
2026-09-29T21:05:45Z,recommendationservice,1106.0,1150,0.8,0.9617391304347827,1
2026-09-29T21:05:45Z,shippingservice,7.0,400,0.8,0.0175,0
2026-09-29T21:05:45Z,currencyservice,498.0,650,0.8,0.7661538461538462,0
2026-09-29T21:05:45Z,emailservice,5.0,200,0.8,0.025,0
2026-09-29T21:05:45Z,adservice,53.0,600,0.8,0.08833333333333333,0
2026-09-29T21:05:45Z,redis-cart,39.0,300,0.8,0.13,0
2026-09-29T21:05:46Z,frontend,314.8333333333333,1150,0.8,0.273768115942029,0
2026-09-29T21:05:46Z,cartservice,427.0,600,0.95,0.7116666666666667,0
2026-09-29T21:05:46Z,checkoutservice,0.0,800,0.8,0.0,0
2026-09-29T21:05:46Z,productcatalogservice,278.0,600,0.95,0.4633333333333333,0
2026-09-29T21:05:46Z,paymentservice,0.0,200,0.8,0.0,0
2026-09-29T21:05:46Z,recommendationservice,510.0,1150,0.8,0.4434782608695652,0
2026-09-29T21:05:46Z,shippingservice,0.0,400,0.8,0.0,0
2026-09-29T21:05:46Z,currencyservice,498.0,650,0.8,0.7661538461538462,0
2026-09-29T21:05:46Z,emailservice,5.0,200,0.8,0.025,0
2026-09-29T21:05:46Z,adservice,40.0,600,0.8,0.06666666666666667,0
2026-09-29T21:05:46Z,redis-cart,40.0,300,0.8,0.13333333333333333,0
2026-09-29T21:05:47Z,frontend,272.8333333333333,1150,0.8,0.2372463768115942,0
2026-09-29T21:05:47Z,cartservice,427.0,600,0.95,0.7116666666666667,0
2026-09-29T21:05:47Z,checkoutservice,0.0,800,0.8,0.0,0
2026-09-29T21:05:47Z,productcatalogservice,178.0,600,0.95,0.2966666666666667,0
2026-09-29T21:05:47Z,paymentservice,0.0,200,0.8,0.0,0
2026-09-29T21:05:47Z,recommendationservice,510.0,1150,0.8,0.4434782608695652,0
2026-09-29T21:05:47Z,shippingservice,0.0,400,0.8,0.0,0
2026-09-29T21:05:47Z,currencyservice,467.0,650,0.8,0.7184615384615385,0
2026-09-29T21:05:47Z,emailservice,43.0,200,0.8,0.215,0
2026-09-29T21:05:47Z,adservice,40.0,600,0.8,0.06666666666666667,0
2026-09-29T21:05:47Z,redis-cart,40.0,300,0.8,0.13333333333333333,0
2026-09-29T21:05:48Z,frontend,290.5,1150,0.8,0.2526086956521739,0
2026-09-29T21:05:48Z,cartservice,479.0,600,0.95,0.7983333333333333,0
2026-09-29T21:05:48Z,checkoutservice,0.0,800,0.8,0.0,0
2026-09-29T21:05:48Z,productcatalogservice,178.0,600,0.95,0.2966666666666667,0
2026-09-29T21:05:48Z,paymentservice,0.0,200,0.8,0.0,0
2026-09-29T21:05:48Z,recommendationservice,4.0,1150,0.8,0.0034782608695652175,0
2026-09-29T21:05:48Z,shippingservice,36.0,400,0.8,0.09,0
2026-09-29T21:05:48Z,currencyservice,488.0,650,0.8,0.7507692307692307,0
2026-09-29T21:05:48Z,emailservice,43.0,200,0.8,0.215,0
2026-09-29T21:05:48Z,adservice,45.0,600,0.8,0.075,0
2026-09-29T21:05:48Z,redis-cart,42.0,300,0.8,0.14,0
2026-09-29T21:05:49Z,frontend,292.1666666666667,1150,0.8,0.2540579710144928,0
2026-09-29T21:05:49Z,cartservice,424.0,600,0.95,0.7066666666666667,0
2026-09-29T21:05:49Z,checkoutservice,0.0,800,0.8,0.0,0
2026-09-29T21:05:49Z,productcatalogservice,296.0,600,0.95,0.49333333333333335,0
2026-09-29T21:05:49Z,paymentservice,44.0,200,0.8,0.22,0
2026-09-29T21:05:49Z,recommendationservice,0.0,1150,0.8,0.0,0
2026-09-29T21:05:49Z,shippingservice,36.0,400,0.8,0.09,0
2026-09-29T21:05:49Z,currencyservice,488.0,650,0.8,0.7507692307692307,0
2026-09-29T21:05:49Z,emailservice,7.0,200,0.8,0.035,0
2026-09-29T21:05:49Z,adservice,45.0,600,0.8,0.075,0
2026-09-29T21:05:49Z,redis-cart,39.0,300,0.8,0.13,0
2026-09-29T21:05:50Z,frontend,315.6666666666667,1150,0.8,0.2744927536231884,0
2026-09-29T21:05:50Z,cartservice,424.0,600,0.95,0.7066666666666667,0
2026-09-29T21:05:50Z,checkoutservice,470.0,800,0.8,0.5875,0
2026-09-29T21:05:50Z,productcatalogservice,296.0,600,0.95,0.49333333333333335,0
2026-09-29T21:05:50Z,paymentservice,44.0,200,0.8,0.22,0
2026-09-29T21:05:50Z,recommendationservice,0.0,1150,0.8,0.0,0
2026-09-29T21:05:50Z,shippingservice,67.0,400,0.8,0.1675,0
2026-09-29T21:05:50Z,currencyservice,522.0,650,0.8,0.803076923076923,1
2026-09-29T21:05:50Z,emailservice,56.0,200,0.8,0.28,0
2026-09-29T21:05:50Z,adservice,98.0,600,0.8,0.16333333333333333,0
2026-09-29T21:05:50Z,redis-cart,42.0,300,0.8,0.14,0
2026-09-29T21:05:51Z,frontend,297.3333333333333,1150,0.8,0.25855072463768114,0
2026-09-29T21:05:51Z,cartservice,484.0,600,0.95,0.8066666666666666,0
2026-09-29T21:05:51Z,checkoutservice,470.0,800,0.8,0.5875,0
2026-09-29T21:05:51Z,productcatalogservice,239.0,600,0.95,0.3983333333333333,0
2026-09-29T21:05:51Z,paymentservice,0.0,200,0.8,0.0,0
2026-09-29T21:05:51Z,recommendationservice,0.0,1150,0.8,0.0,0
2026-09-29T21:05:51Z,shippingservice,67.0,400,0.8,0.1675,0
2026-09-29T21:05:51Z,currencyservice,522.0,650,0.8,0.803076923076923,1
2026-09-29T21:05:51Z,emailservice,56.0,200,0.8,0.28,0
2026-09-29T21:05:51Z,adservice,83.0,600,0.8,0.13833333333333334,0
2026-09-29T21:05:51Z,redis-cart,42.0,300,0.8,0.14,0
2026-09-29T21:05:52Z,frontend,272.5,1150,0.8,0.23695652173913043,0
2026-09-29T21:05:52Z,cartservice,411.0,600,0.95,0.685,0
2026-09-29T21:05:52Z,checkoutservice,37.0,800,0.8,0.04625,0
2026-09-29T21:05:52Z,productcatalogservice,197.0,600,0.95,0.3283333333333333,0
2026-09-29T21:05:52Z,paymentservice,0.0,200,0.8,0.0,0
2026-09-29T21:05:52Z,recommendationservice,0.0,1150,0.8,0.0,0
2026-09-29T21:05:52Z,shippingservice,0.0,400,0.8,0.0,0
2026-09-29T21:05:52Z,currencyservice,478.0,650,0.8,0.7353846153846154,0
2026-09-29T21:05:52Z,emailservice,29.0,200,0.8,0.145,0
2026-09-29T21:05:52Z,adservice,37.0,600,0.8,0.06166666666666667,0
2026-09-29T21:05:52Z,redis-cart,41.0,300,0.8,0.13666666666666666,0
2026-09-29T21:05:53Z,frontend,298.4,1150,0.8,0.2594782608695652,0
2026-09-29T21:05:53Z,cartservice,453.0,600,0.95,0.755,0
2026-09-29T21:05:53Z,checkoutservice,0.0,800,0.8,0.0,0
2026-09-29T21:05:53Z,productcatalogservice,197.0,600,0.95,0.3283333333333333,0
2026-09-29T21:05:53Z,paymentservice,21.0,200,0.8,0.105,0
2026-09-29T21:05:53Z,recommendationservice,0.0,1150,0.8,0.0,0
2026-09-29T21:05:53Z,shippingservice,17.0,400,0.8,0.0425,0
2026-09-29T21:05:53Z,currencyservice,493.0,650,0.8,0.7584615384615384,0
2026-09-29T21:05:53Z,emailservice,29.0,200,0.8,0.145,0
2026-09-29T21:05:53Z,adservice,37.0,600,0.8,0.06166666666666667,0
2026-09-29T21:05:53Z,redis-cart,41.0,300,0.8,0.13666666666666666,0
2026-09-29T21:05:54Z,frontend,338.8,1150,0.8,0.2946086956521739,0
2026-09-29T21:05:54Z,cartservice,453.0,600,0.95,0.755,0
2026-09-29T21:05:54Z,checkoutservice,0.0,800,0.8,0.0,0
2026-09-29T21:05:54Z,productcatalogservice,174.0,600,0.95,0.29,0
2026-09-29T21:05:54Z,paymentservice,0.0,200,0.8,0.0,0
2026-09-29T21:05:54Z,recommendationservice,0.0,1150,0.8,0.0,0
2026-09-29T21:05:54Z,shippingservice,17.0,400,0.8,0.0425,0
2026-09-29T21:05:54Z,currencyservice,420.0,650,0.8,0.6461538461538462,0
2026-09-29T21:05:54Z,emailservice,0.0,200,0.8,0.0,0
2026-09-29T21:05:54Z,adservice,39.0,600,0.8,0.065,0
2026-09-29T21:05:54Z,redis-cart,43.0,300,0.8,0.14333333333333334,0
2026-09-29T21:05:55Z,frontend,251.5,1150,0.8,0.21869565217391304,0
2026-09-29T21:05:55Z,cartservice,461.0,600,0.95,0.7683333333333333,0
2026-09-29T21:05:55Z,checkoutservice,5.0,800,0.8,0.00625,0
2026-09-29T21:05:55Z,productcatalogservice,174.0,600,0.95,0.29,0
2026-09-29T21:05:55Z,paymentservice,0.0,200,0.8,0.0,0
2026-09-29T21:05:55Z,recommendationservice,0.0,1150,0.8,0.0,0
2026-09-29T21:05:55Z,shippingservice,0.0,400,0.8,0.0,0
2026-09-29T21:05:55Z,currencyservice,426.0,650,0.8,0.6553846153846153,0
2026-09-29T21:05:55Z,emailservice,0.0,200,0.8,0.0,0
2026-09-29T21:05:55Z,adservice,37.0,600,0.8,0.06166666666666667,0
2026-09-29T21:05:55Z,redis-cart,40.0,300,0.8,0.13333333333333333,0
2026-09-29T21:05:56Z,frontend,275.0,1150,0.8,0.2391304347826087,0
2026-09-29T21:05:56Z,cartservice,461.0,600,0.95,0.7683333333333333,0
2026-09-29T21:05:56Z,checkoutservice,8.0,800,0.8,0.01,0
2026-09-29T21:05:56Z,productcatalogservice,171.0,600,0.95,0.285,0
2026-09-29T21:05:56Z,paymentservice,0.0,200,0.8,0.0,0
2026-09-29T21:05:56Z,recommendationservice,0.0,1150,0.8,0.0,0
2026-09-29T21:05:56Z,shippingservice,0.0,400,0.8,0.0,0
2026-09-29T21:05:56Z,currencyservice,495.0,650,0.8,0.7615384615384615,0
2026-09-29T21:05:56Z,emailservice,0.0,200,0.8,0.0,0
2026-09-29T21:05:56Z,adservice,37.0,600,0.8,0.06166666666666667,0
2026-09-29T21:05:56Z,redis-cart,44.0,300,0.8,0.14666666666666667,0
2026-09-29T21:05:57Z,frontend,275.6666666666667,1150,0.8,0.23971014492753626,0
2026-09-29T21:05:57Z,cartservice,479.0,600,0.95,0.7983333333333333,0
2026-09-29T21:05:57Z,checkoutservice,10.0,800,0.8,0.0125,0
2026-09-29T21:05:57Z,productcatalogservice,171.0,600,0.95,0.285,0
2026-09-29T21:05:57Z,paymentservice,0.0,200,0.8,0.0,0
2026-09-29T21:05:57Z,recommendationservice,0.0,1150,0.8,0.0,0
2026-09-29T21:05:57Z,shippingservice,0.0,400,0.8,0.0,0
2026-09-29T21:05:57Z,currencyservice,495.0,650,0.8,0.7615384615384615,0
2026-09-29T21:05:57Z,emailservice,28.0,200,0.8,0.14,0
2026-09-29T21:05:57Z,adservice,39.0,600,0.8,0.065,0
2026-09-29T21:05:57Z,redis-cart,44.0,300,0.8,0.14666666666666667,0
2026-09-29T21:05:58Z,frontend,250.33333333333334,1150,0.8,0.21768115942028987,0
2026-09-29T21:05:58Z,cartservice,439.0,600,0.95,0.7316666666666667,0
2026-09-29T21:05:58Z,checkoutservice,10.0,800,0.8,0.0125,0
2026-09-29T21:05:58Z,productcatalogservice,171.0,600,0.95,0.285,0
2026-09-29T21:05:58Z,paymentservice,0.0,200,0.8,0.0,0
2026-09-29T21:05:58Z,recommendationservice,0.0,1150,0.8,0.0,0
2026-09-29T21:05:58Z,shippingservice,30.0,400,0.8,0.075,0
2026-09-29T21:05:58Z,currencyservice,489.0,650,0.8,0.7523076923076923,0
2026-09-29T21:05:58Z,emailservice,28.0,200,0.8,0.14,0
2026-09-29T21:05:58Z,adservice,39.0,600,0.8,0.065,0
2026-09-29T21:05:58Z,redis-cart,38.0,300,0.8,0.12666666666666668,0
2026-09-29T21:05:59Z,frontend,239.16666666666666,1150,0.8,0.20797101449275363,0
2026-09-29T21:05:59Z,cartservice,416.0,600,0.95,0.6933333333333334,0
2026-09-29T21:05:59Z,checkoutservice,5.0,800,0.8,0.00625,0
2026-09-29T21:05:59Z,productcatalogservice,171.0,600,0.95,0.285,0
2026-09-29T21:05:59Z,paymentservice,0.0,200,0.8,0.0,0
2026-09-29T21:05:59Z,recommendationservice,0.0,1150,0.8,0.0,0
2026-09-29T21:05:59Z,shippingservice,30.0,400,0.8,0.075,0
2026-09-29T21:05:59Z,currencyservice,456.0,650,0.8,0.7015384615384616,0
2026-09-29T21:05:59Z,emailservice,0.0,200,0.8,0.0,0
2026-09-29T21:05:59Z,adservice,39.0,600,0.8,0.065,0
2026-09-29T21:05:59Z,redis-cart,41.0,300,0.8,0.13666666666666666,0
2026-09-29T21:06:00Z,frontend,267.3333333333333,1150,0.8,0.23246376811594202,0
2026-09-29T21:06:00Z,cartservice,416.0,600,0.95,0.6933333333333334,0
2026-09-29T21:06:00Z,checkoutservice,5.0,800,0.8,0.00625,0
2026-09-29T21:06:00Z,productcatalogservice,168.0,600,0.95,0.28,0
2026-09-29T21:06:00Z,paymentservice,0.0,200,0.8,0.0,0
2026-09-29T21:06:00Z,recommendationservice,0.0,1150,0.8,0.0,0
2026-09-29T21:06:00Z,shippingservice,0.0,400,0.8,0.0,0
2026-09-29T21:06:00Z,currencyservice,456.0,650,0.8,0.7015384615384616,0
2026-09-29T21:06:00Z,emailservice,0.0,200,0.8,0.0,0
2026-09-29T21:06:00Z,adservice,37.0,600,0.8,0.06166666666666667,0
2026-09-29T21:06:00Z,redis-cart,43.0,300,0.8,0.14333333333333334,0
2026-09-29T21:06:01Z,frontend,277.5,1150,0.8,0.24130434782608695,0
2026-09-29T21:06:01Z,cartservice,456.0,600,0.95,0.76,0
2026-09-29T21:06:01Z,checkoutservice,29.0,800,0.8,0.03625,0
2026-09-29T21:06:01Z,productcatalogservice,207.0,600,0.95,0.345,0
2026-09-29T21:06:01Z,paymentservice,0.0,200,0.8,0.0,0
2026-09-29T21:06:01Z,recommendationservice,0.0,1150,0.8,0.0,0
2026-09-29T21:06:01Z,shippingservice,0.0,400,0.8,0.0,0
2026-09-29T21:06:01Z,currencyservice,454.0,650,0.8,0.6984615384615385,0
2026-09-29T21:06:01Z,emailservice,0.0,200,0.8,0.0,0
2026-09-29T21:06:01Z,adservice,40.0,600,0.8,0.06666666666666667,0
2026-09-29T21:06:01Z,redis-cart,43.0,300,0.8,0.14333333333333334,0
2026-09-29T21:06:02Z,frontend,269.1666666666667,1150,0.8,0.23405797101449277,0
2026-09-29T21:06:02Z,cartservice,456.0,600,0.95,0.76,0
2026-09-29T21:06:02Z,checkoutservice,0.0,800,0.8,0.0,0
2026-09-29T21:06:02Z,productcatalogservice,207.0,600,0.95,0.345,0
2026-09-29T21:06:02Z,paymentservice,34.0,200,0.8,0.17,0
2026-09-29T21:06:02Z,recommendationservice,0.0,1150,0.8,0.0,0
2026-09-29T21:06:02Z,shippingservice,0.0,400,0.8,0.0,0
2026-09-29T21:06:02Z,currencyservice,459.0,650,0.8,0.7061538461538461,0
2026-09-29T21:06:02Z,emailservice,43.0,200,0.8,0.215,0
2026-09-29T21:06:02Z,adservice,44.0,600,0.8,0.07333333333333333,0
2026-09-29T21:06:02Z,redis-cart,45.0,300,0.8,0.15,0
2026-09-29T21:06:03Z,frontend,284.5,1150,0.8,0.24739130434782608,0
2026-09-29T21:06:03Z,cartservice,418.0,600,0.95,0.6966666666666667,0
2026-09-29T21:06:03Z,checkoutservice,0.0,800,0.8,0.0,0
2026-09-29T21:06:03Z,productcatalogservice,190.0,600,0.95,0.31666666666666665,0
2026-09-29T21:06:03Z,paymentservice,34.0,200,0.8,0.17,0
2026-09-29T21:06:03Z,recommendationservice,0.0,1150,0.8,0.0,0
2026-09-29T21:06:03Z,shippingservice,18.0,400,0.8,0.045,0
2026-09-29T21:06:03Z,currencyservice,459.0,650,0.8,0.7061538461538461,0
2026-09-29T21:06:03Z,emailservice,0.0,200,0.8,0.0,0
2026-09-29T21:06:03Z,adservice,44.0,600,0.8,0.07333333333333333,0
2026-09-29T21:06:03Z,redis-cart,40.0,300,0.8,0.13333333333333333,0
2026-09-29T21:06:04Z,frontend,267.5,1150,0.8,0.2326086956521739,0
2026-09-29T21:06:04Z,cartservice,474.0,600,0.95,0.79,0
2026-09-29T21:06:04Z,checkoutservice,3.0,800,0.8,0.00375,0
2026-09-29T21:06:04Z,productcatalogservice,187.0,600,0.95,0.31166666666666665,0
2026-09-29T21:06:04Z,paymentservice,0.0,200,0.8,0.0,0
2026-09-29T21:06:04Z,recommendationservice,0.0,1150,0.8,0.0,0
2026-09-29T21:06:04Z,shippingservice,18.0,400,0.8,0.045,0
2026-09-29T21:06:04Z,currencyservice,521.0,650,0.8,0.8015384615384615,1
2026-09-29T21:06:04Z,emailservice,0.0,200,0.8,0.0,0
2026-09-29T21:06:04Z,adservice,45.0,600,0.8,0.075,0
2026-09-29T21:06:04Z,redis-cart,44.0,300,0.8,0.14666666666666667,0
2026-09-29T21:06:05Z,frontend,312.0,1150,0.8,0.271304347826087,0
2026-09-29T21:06:05Z,cartservice,474.0,600,0.95,0.79,0
2026-09-29T21:06:05Z,checkoutservice,0.0,800,0.8,0.0,0
2026-09-29T21:06:05Z,productcatalogservice,187.0,600,0.95,0.31166666666666665,0
2026-09-29T21:06:05Z,paymentservice,0.0,200,0.8,0.0,0
2026-09-29T21:06:05Z,recommendationservice,0.0,1150,0.8,0.0,0
2026-09-29T21:06:05Z,shippingservice,0.0,400,0.8,0.0,0
2026-09-29T21:06:05Z,currencyservice,453.0,650,0.8,0.696923076923077,0
2026-09-29T21:06:05Z,emailservice,0.0,200,0.8,0.0,0
2026-09-29T21:06:05Z,adservice,44.0,600,0.8,0.07333333333333333,0
2026-09-29T21:06:05Z,redis-cart,46.0,300,0.8,0.15333333333333332,0
2026-09-29T21:06:06Z,frontend,257.1666666666667,1150,0.8,0.22362318840579712,0
2026-09-29T21:06:06Z,cartservice,433.0,600,0.95,0.7216666666666667,0
2026-09-29T21:06:06Z,checkoutservice,0.0,800,0.8,0.0,0
2026-09-29T21:06:06Z,productcatalogservice,203.0,600,0.95,0.3383333333333333,0
2026-09-29T21:06:06Z,paymentservice,0.0,200,0.8,0.0,0
2026-09-29T21:06:06Z,recommendationservice,0.0,1150,0.8,0.0,0
2026-09-29T21:06:06Z,shippingservice,0.0,400,0.8,0.0,0
2026-09-29T21:06:06Z,currencyservice,524.0,650,0.8,0.8061538461538461,1
2026-09-29T21:06:06Z,emailservice,38.0,200,0.8,0.19,0
2026-09-29T21:06:06Z,adservice,44.0,600,0.8,0.07333333333333333,0
2026-09-29T21:06:06Z,redis-cart,46.0,300,0.8,0.15333333333333332,0
2026-09-29T21:06:07Z,frontend,275.6666666666667,1150,0.8,0.23971014492753626,0
2026-09-29T21:06:07Z,cartservice,404.0,600,0.95,0.6733333333333333,0
2026-09-29T21:06:07Z,checkoutservice,0.0,800,0.8,0.0,0
2026-09-29T21:06:07Z,productcatalogservice,164.0,600,0.95,0.2733333333333333,0
2026-09-29T21:06:07Z,paymentservice,0.0,200,0.8,0.0,0
2026-09-29T21:06:07Z,recommendationservice,0.0,1150,0.8,0.0,0
2026-09-29T21:06:07Z,shippingservice,0.0,400,0.8,0.0,0
2026-09-29T21:06:07Z,currencyservice,524.0,650,0.8,0.8061538461538461,1
2026-09-29T21:06:07Z,emailservice,38.0,200,0.8,0.19,0
2026-09-29T21:06:07Z,adservice,69.0,600,0.8,0.115,0
2026-09-29T21:06:07Z,redis-cart,44.0,300,0.8,0.14666666666666667,0
2026-09-29T21:06:08Z,frontend,311.4,1150,0.8,0.2707826086956521,0
2026-09-29T21:06:08Z,cartservice,404.0,600,0.95,0.6733333333333333,0
2026-09-29T21:06:08Z,checkoutservice,0.0,800,0.8,0.0,0
2026-09-29T21:06:08Z,productcatalogservice,164.0,600,0.95,0.2733333333333333,0
2026-09-29T21:06:08Z,paymentservice,0.0,200,0.8,0.0,0
2026-09-29T21:06:08Z,recommendationservice,0.0,1150,0.8,0.0,0
2026-09-29T21:06:08Z,shippingservice,20.0,400,0.8,0.05,0
2026-09-29T21:06:08Z,currencyservice,465.0,650,0.8,0.7153846153846154,0
2026-09-29T21:06:08Z,emailservice,0.0,200,0.8,0.0,0
2026-09-29T21:06:08Z,adservice,69.0,600,0.8,0.115,0
2026-09-29T21:06:08Z,redis-cart,44.0,300,0.8,0.14666666666666667,0
2026-09-29T21:06:09Z,frontend,284.2,1150,0.8,0.24713043478260868,0
2026-09-29T21:06:09Z,cartservice,480.0,600,0.95,0.8,0
2026-09-29T21:06:09Z,checkoutservice,4.0,800,0.8,0.005,0
2026-09-29T21:06:09Z,productcatalogservice,163.0,600,0.95,0.27166666666666667,0
2026-09-29T21:06:09Z,paymentservice,0.0,200,0.8,0.0,0
2026-09-29T21:06:09Z,recommendationservice,0.0,1150,0.8,0.0,0
2026-09-29T21:06:09Z,shippingservice,0.0,400,0.8,0.0,0
2026-09-29T21:06:09Z,currencyservice,465.0,650,0.8,0.7153846153846154,0
2026-09-29T21:06:09Z,emailservice,0.0,200,0.8,0.0,0
2026-09-29T21:06:09Z,adservice,32.0,600,0.8,0.05333333333333334,0
2026-09-29T21:06:09Z,redis-cart,40.0,300,0.8,0.13333333333333333,0
2026-09-29T21:06:10Z,frontend,324.4,1150,0.8,0.2820869565217391,0
2026-09-29T21:06:10Z,cartservice,394.0,600,0.95,0.6566666666666666,0
2026-09-29T21:06:10Z,checkoutservice,6.0,800,0.8,0.0075,0
2026-09-29T21:06:10Z,productcatalogservice,165.0,600,0.95,0.275,0
2026-09-29T21:06:10Z,paymentservice,0.0,200,0.8,0.0,0
2026-09-29T21:06:10Z,recommendationservice,0.0,1150,0.8,0.0,0
2026-09-29T21:06:10Z,shippingservice,0.0,400,0.8,0.0,0
2026-09-29T21:06:10Z,currencyservice,443.0,650,0.8,0.6815384615384615,0
2026-09-29T21:06:10Z,emailservice,0.0,200,0.8,0.0,0
2026-09-29T21:06:10Z,adservice,34.0,600,0.8,0.056666666666666664,0
2026-09-29T21:06:10Z,redis-cart,46.0,300,0.8,0.15333333333333332,0
2026-09-29T21:06:11Z,frontend,339.0,1150,0.8,0.29478260869565215,0
2026-09-29T21:06:11Z,cartservice,439.0,600,0.95,0.7316666666666667,0
2026-09-29T21:06:11Z,checkoutservice,6.0,800,0.8,0.0075,0
2026-09-29T21:06:11Z,productcatalogservice,196.0,600,0.95,0.32666666666666666,0
2026-09-29T21:06:11Z,paymentservice,0.0,200,0.8,0.0,0
2026-09-29T21:06:11Z,recommendationservice,0.0,1150,0.8,0.0,0
2026-09-29T21:06:11Z,shippingservice,0.0,400,0.8,0.0,0
2026-09-29T21:06:11Z,currencyservice,441.0,650,0.8,0.6784615384615384,0
2026-09-29T21:06:11Z,emailservice,11.0,200,0.8,0.055,0
2026-09-29T21:06:11Z,adservice,37.0,600,0.8,0.06166666666666667,0
2026-09-29T21:06:11Z,redis-cart,46.0,300,0.8,0.15333333333333332,0
2026-09-29T21:06:12Z,frontend,257.3333333333333,1150,0.8,0.22376811594202897,0
2026-09-29T21:06:12Z,cartservice,439.0,600,0.95,0.7316666666666667,0
2026-09-29T21:06:12Z,checkoutservice,30.0,800,0.8,0.0375,0
2026-09-29T21:06:12Z,productcatalogservice,196.0,600,0.95,0.32666666666666666,0
2026-09-29T21:06:12Z,paymentservice,41.0,200,0.8,0.205,0
2026-09-29T21:06:12Z,recommendationservice,0.0,1150,0.8,0.0,0
2026-09-29T21:06:12Z,shippingservice,0.0,400,0.8,0.0,0
2026-09-29T21:06:12Z,currencyservice,441.0,650,0.8,0.6784615384615384,0
2026-09-29T21:06:12Z,emailservice,30.0,200,0.8,0.15,0
2026-09-29T21:06:12Z,adservice,37.0,600,0.8,0.06166666666666667,0
2026-09-29T21:06:12Z,redis-cart,41.0,300,0.8,0.13666666666666666,0
2026-09-29T21:06:13Z,frontend,234.0,1150,0.8,0.20347826086956522,0
2026-09-29T21:06:13Z,cartservice,413.0,600,0.95,0.6883333333333334,0
2026-09-29T21:06:13Z,checkoutservice,0.0,800,0.8,0.0,0
2026-09-29T21:06:13Z,productcatalogservice,167.0,600,0.95,0.2783333333333333,0
2026-09-29T21:06:13Z,paymentservice,41.0,200,0.8,0.205,0
2026-09-29T21:06:13Z,recommendationservice,0.0,1150,0.8,0.0,0
2026-09-29T21:06:13Z,shippingservice,0.0,400,0.8,0.0,0
2026-09-29T21:06:13Z,currencyservice,428.0,650,0.8,0.6584615384615384,0
2026-09-29T21:06:13Z,emailservice,0.0,200,0.8,0.0,0
2026-09-29T21:06:13Z,adservice,38.0,600,0.8,0.06333333333333334,0
2026-09-29T21:06:13Z,redis-cart,39.0,300,0.8,0.13,0
2026-09-29T21:06:14Z,frontend,267.5,1150,0.8,0.2326086956521739,0
2026-09-29T21:06:14Z,cartservice,413.0,600,0.95,0.6883333333333334,0
2026-09-29T21:06:14Z,checkoutservice,0.0,800,0.8,0.0,0
2026-09-29T21:06:14Z,productcatalogservice,167.0,600,0.95,0.2783333333333333,0
2026-09-29T21:06:14Z,paymentservice,0.0,200,0.8,0.0,0
2026-09-29T21:06:14Z,recommendationservice,0.0,1150,0.8,0.0,0
2026-09-29T21:06:14Z,shippingservice,14.0,400,0.8,0.035,0
2026-09-29T21:06:14Z,currencyservice,428.0,650,0.8,0.6584615384615384,0
2026-09-29T21:06:14Z,emailservice,0.0,200,0.8,0.0,0
2026-09-29T21:06:14Z,adservice,40.0,600,0.8,0.06666666666666667,0
2026-09-29T21:06:14Z,redis-cart,43.0,300,0.8,0.14333333333333334,0
2026-09-29T21:06:15Z,frontend,260.8333333333333,1150,0.8,0.22681159420289854,0
2026-09-29T21:06:15Z,cartservice,448.0,600,0.95,0.7466666666666667,0
2026-09-29T21:06:15Z,checkoutservice,0.0,800,0.8,0.0,0
2026-09-29T21:06:15Z,productcatalogservice,168.0,600,0.95,0.28,0
2026-09-29T21:06:15Z,paymentservice,0.0,200,0.8,0.0,0
2026-09-29T21:06:15Z,recommendationservice,0.0,1150,0.8,0.0,0
2026-09-29T21:06:15Z,shippingservice,14.0,400,0.8,0.035,0
2026-09-29T21:06:15Z,currencyservice,510.0,650,0.8,0.7846153846153846,0
2026-09-29T21:06:15Z,emailservice,0.0,200,0.8,0.0,0
2026-09-29T21:06:15Z,adservice,40.0,600,0.8,0.06666666666666667,0
2026-09-29T21:06:15Z,redis-cart,43.0,300,0.8,0.14333333333333334,0
2026-09-29T21:06:16Z,frontend,273.5,1150,0.8,0.23782608695652174,0
2026-09-29T21:06:16Z,cartservice,505.0,600,0.95,0.8416666666666667,0
2026-09-29T21:06:16Z,checkoutservice,0.0,800,0.8,0.0,0
2026-09-29T21:06:16Z,productcatalogservice,168.0,600,0.95,0.28,0
2026-09-29T21:06:16Z,paymentservice,0.0,200,0.8,0.0,0
2026-09-29T21:06:16Z,recommendationservice,0.0,1150,0.8,0.0,0
2026-09-29T21:06:16Z,shippingservice,0.0,400,0.8,0.0,0
2026-09-29T21:06:16Z,currencyservice,510.0,650,0.8,0.7846153846153846,0
2026-09-29T21:06:16Z,emailservice,30.0,200,0.8,0.15,0
2026-09-29T21:06:16Z,adservice,40.0,600,0.8,0.06666666666666667,0
2026-09-29T21:06:16Z,redis-cart,42.0,300,0.8,0.14,0
2026-09-29T21:06:17Z,frontend,268.8333333333333,1150,0.8,0.23376811594202898,0
2026-09-29T21:06:17Z,cartservice,495.0,600,0.95,0.825,0
2026-09-29T21:06:17Z,checkoutservice,0.0,800,0.8,0.0,0
2026-09-29T21:06:17Z,productcatalogservice,186.0,600,0.95,0.31,0
2026-09-29T21:06:17Z,paymentservice,0.0,200,0.8,0.0,0
2026-09-29T21:06:17Z,recommendationservice,0.0,1150,0.8,0.0,0
2026-09-29T21:06:17Z,shippingservice,0.0,400,0.8,0.0,0
2026-09-29T21:06:17Z,currencyservice,469.0,650,0.8,0.7215384615384616,0
2026-09-29T21:06:17Z,emailservice,0.0,200,0.8,0.0,0
2026-09-29T21:06:17Z,adservice,40.0,600,0.8,0.06666666666666667,0
2026-09-29T21:06:17Z,redis-cart,41.0,300,0.8,0.13666666666666666,0
2026-09-29T21:06:18Z,frontend,301.6,1150,0.8,0.26226086956521744,0
2026-09-29T21:06:18Z,cartservice,495.0,600,0.95,0.825,0
2026-09-29T21:06:18Z,checkoutservice,0.0,800,0.8,0.0,0
2026-09-29T21:06:18Z,productcatalogservice,186.0,600,0.95,0.31,0
2026-09-29T21:06:18Z,paymentservice,0.0,200,0.8,0.0,0
2026-09-29T21:06:18Z,recommendationservice,0.0,1150,0.8,0.0,0
2026-09-29T21:06:18Z,shippingservice,36.0,400,0.8,0.09,0
2026-09-29T21:06:18Z,currencyservice,453.0,650,0.8,0.696923076923077,0
2026-09-29T21:06:18Z,emailservice,0.0,200,0.8,0.0,0
2026-09-29T21:06:18Z,adservice,40.0,600,0.8,0.06666666666666667,0
2026-09-29T21:06:18Z,redis-cart,41.0,300,0.8,0.13666666666666666,0
2026-09-29T21:06:19Z,frontend,302.4,1150,0.8,0.2629565217391304,0
2026-09-29T21:06:19Z,cartservice,419.0,600,0.95,0.6983333333333334,0
2026-09-29T21:06:19Z,checkoutservice,0.0,800,0.8,0.0,0
2026-09-29T21:06:19Z,productcatalogservice,163.0,600,0.95,0.27166666666666667,0
2026-09-29T21:06:19Z,paymentservice,0.0,200,0.8,0.0,0
2026-09-29T21:06:19Z,recommendationservice,0.0,1150,0.8,0.0,0
2026-09-29T21:06:19Z,shippingservice,36.0,400,0.8,0.09,0
2026-09-29T21:06:19Z,currencyservice,453.0,650,0.8,0.696923076923077,0
2026-09-29T21:06:19Z,emailservice,0.0,200,0.8,0.0,0
2026-09-29T21:06:19Z,adservice,34.0,600,0.8,0.056666666666666664,0
2026-09-29T21:06:19Z,redis-cart,41.0,300,0.8,0.13666666666666666,0
2026-09-29T21:06:20Z,frontend,309.6,1150,0.8,0.26921739130434785,0
2026-09-29T21:06:20Z,cartservice,474.0,600,0.95,0.79,0
2026-09-29T21:06:20Z,checkoutservice,0.0,800,0.8,0.0,0
2026-09-29T21:06:20Z,productcatalogservice,171.0,600,0.95,0.285,0
2026-09-29T21:06:20Z,paymentservice,0.0,200,0.8,0.0,0
2026-09-29T21:06:20Z,recommendationservice,0.0,1150,0.8,0.0,0
2026-09-29T21:06:20Z,shippingservice,0.0,400,0.8,0.0,0
2026-09-29T21:06:20Z,currencyservice,454.0,650,0.8,0.6984615384615385,0
2026-09-29T21:06:20Z,emailservice,0.0,200,0.8,0.0,0
2026-09-29T21:06:20Z,adservice,34.0,600,0.8,0.056666666666666664,0
2026-09-29T21:06:20Z,redis-cart,39.0,300,0.8,0.13,0
2026-09-29T21:06:21Z,frontend,284.8,1150,0.8,0.24765217391304348,0
2026-09-29T21:06:21Z,cartservice,438.0,600,0.95,0.73,0
2026-09-29T21:06:21Z,checkoutservice,0.0,800,0.8,0.0,0
2026-09-29T21:06:21Z,productcatalogservice,180.0,600,0.95,0.3,0
2026-09-29T21:06:21Z,paymentservice,0.0,200,0.8,0.0,0
2026-09-29T21:06:21Z,recommendationservice,0.0,1150,0.8,0.0,0
2026-09-29T21:06:21Z,shippingservice,0.0,400,0.8,0.0,0
2026-09-29T21:06:21Z,currencyservice,401.0,650,0.8,0.6169230769230769,0
2026-09-29T21:06:21Z,emailservice,0.0,200,0.8,0.0,0
2026-09-29T21:06:21Z,adservice,36.0,600,0.8,0.06,0
2026-09-29T21:06:21Z,redis-cart,39.0,300,0.8,0.13,0
2026-09-29T21:06:22Z,frontend,240.0,1150,0.8,0.20869565217391303,0
2026-09-29T21:06:22Z,cartservice,438.0,600,0.95,0.73,0
2026-09-29T21:06:22Z,checkoutservice,22.0,800,0.8,0.0275,0
2026-09-29T21:06:22Z,productcatalogservice,180.0,600,0.95,0.3,0
2026-09-29T21:06:22Z,paymentservice,33.0,200,0.8,0.165,0
2026-09-29T21:06:22Z,recommendationservice,0.0,1150,0.8,0.0,0
2026-09-29T21:06:22Z,shippingservice,0.0,400,0.8,0.0,0
2026-09-29T21:06:22Z,currencyservice,426.0,650,0.8,0.6553846153846153,0
2026-09-29T21:06:22Z,emailservice,26.0,200,0.8,0.13,0
2026-09-29T21:06:22Z,adservice,73.0,600,0.8,0.12166666666666667,0
2026-09-29T21:06:22Z,redis-cart,39.0,300,0.8,0.13,0
2026-09-29T21:06:23Z,frontend,281.2,1150,0.8,0.24452173913043476,0
2026-09-29T21:06:23Z,cartservice,454.0,600,0.95,0.7566666666666667,0
2026-09-29T21:06:23Z,checkoutservice,0.0,800,0.8,0.0,0
2026-09-29T21:06:23Z,productcatalogservice,171.0,600,0.95,0.285,0
2026-09-29T21:06:23Z,paymentservice,0.0,200,0.8,0.0,0
2026-09-29T21:06:23Z,recommendationservice,0.0,1150,0.8,0.0,0
2026-09-29T21:06:23Z,shippingservice,0.0,400,0.8,0.0,0
2026-09-29T21:06:23Z,currencyservice,426.0,650,0.8,0.6553846153846153,0
2026-09-29T21:06:23Z,emailservice,26.0,200,0.8,0.13,0
2026-09-29T21:06:23Z,adservice,35.0,600,0.8,0.058333333333333334,0
2026-09-29T21:06:23Z,redis-cart,45.0,300,0.8,0.15,0
2026-09-29T21:06:24Z,frontend,295.0,1150,0.8,0.2565217391304348,0
2026-09-29T21:06:24Z,cartservice,416.0,600,0.95,0.6933333333333334,0
2026-09-29T21:06:24Z,checkoutservice,0.0,800,0.8,0.0,0
2026-09-29T21:06:24Z,productcatalogservice,161.0,600,0.95,0.2683333333333333,0
2026-09-29T21:06:24Z,paymentservice,0.0,200,0.8,0.0,0
2026-09-29T21:06:24Z,recommendationservice,0.0,1150,0.8,0.0,0
2026-09-29T21:06:24Z,shippingservice,13.0,400,0.8,0.0325,0
2026-09-29T21:06:24Z,currencyservice,450.0,650,0.8,0.6923076923076923,0
2026-09-29T21:06:24Z,emailservice,0.0,200,0.8,0.0,0
2026-09-29T21:06:24Z,adservice,35.0,600,0.8,0.058333333333333334,0
2026-09-29T21:06:24Z,redis-cart,45.0,300,0.8,0.15,0
2026-09-29T21:06:25Z,frontend,328.6,1150,0.8,0.2857391304347826,0
2026-09-29T21:06:25Z,cartservice,406.0,600,0.95,0.6766666666666666,0
2026-09-29T21:06:25Z,checkoutservice,0.0,800,0.8,0.0,0
2026-09-29T21:06:25Z,productcatalogservice,161.0,600,0.95,0.2683333333333333,0
2026-09-29T21:06:25Z,paymentservice,0.0,200,0.8,0.0,0
2026-09-29T21:06:25Z,recommendationservice,0.0,1150,0.8,0.0,0
2026-09-29T21:06:25Z,shippingservice,13.0,400,0.8,0.0325,0
2026-09-29T21:06:25Z,currencyservice,458.0,650,0.8,0.7046153846153846,0
2026-09-29T21:06:25Z,emailservice,0.0,200,0.8,0.0,0
2026-09-29T21:06:25Z,adservice,36.0,600,0.8,0.06,0
2026-09-29T21:06:25Z,redis-cart,41.0,300,0.8,0.13666666666666666,0
2026-09-29T21:06:26Z,frontend,318.0,1150,0.8,0.27652173913043476,0
2026-09-29T21:06:26Z,cartservice,406.0,600,0.95,0.6766666666666666,0
2026-09-29T21:06:26Z,checkoutservice,0.0,800,0.8,0.0,0
2026-09-29T21:06:26Z,productcatalogservice,174.0,600,0.95,0.29,0
2026-09-29T21:06:26Z,paymentservice,0.0,200,0.8,0.0,0
2026-09-29T21:06:26Z,recommendationservice,0.0,1150,0.8,0.0,0
2026-09-29T21:06:26Z,shippingservice,0.0,400,0.8,0.0,0
2026-09-29T21:06:26Z,currencyservice,458.0,650,0.8,0.7046153846153846,0
2026-09-29T21:06:26Z,emailservice,0.0,200,0.8,0.0,0
2026-09-29T21:06:26Z,adservice,39.0,600,0.8,0.065,0
2026-09-29T21:06:26Z,redis-cart,41.0,300,0.8,0.13666666666666666,0
2026-09-29T21:06:27Z,frontend,356.8,1150,0.8,0.3102608695652174,0
2026-09-29T21:06:27Z,cartservice,492.0,600,0.95,0.82,0
2026-09-29T21:06:27Z,checkoutservice,0.0,800,0.8,0.0,0
2026-09-29T21:06:27Z,productcatalogservice,169.0,600,0.95,0.2816666666666667,0
2026-09-29T21:06:27Z,paymentservice,0.0,200,0.8,0.0,0
2026-09-29T21:06:27Z,recommendationservice,0.0,1150,0.8,0.0,0
2026-09-29T21:06:27Z,shippingservice,0.0,400,0.8,0.0,0
2026-09-29T21:06:27Z,currencyservice,449.0,650,0.8,0.6907692307692308,0
2026-09-29T21:06:27Z,emailservice,49.0,200,0.8,0.245,0
2026-09-29T21:06:27Z,adservice,39.0,600,0.8,0.065,0
2026-09-29T21:06:27Z,redis-cart,39.0,300,0.8,0.13,0
2026-09-29T21:06:28Z,frontend,306.8,1150,0.8,0.2667826086956522,0
2026-09-29T21:06:28Z,cartservice,446.0,600,0.95,0.7433333333333333,0
2026-09-29T21:06:28Z,checkoutservice,0.0,800,0.8,0.0,0
2026-09-29T21:06:28Z,productcatalogservice,169.0,600,0.95,0.2816666666666667,0
2026-09-29T21:06:28Z,paymentservice,0.0,200,0.8,0.0,0
2026-09-29T21:06:28Z,recommendationservice,0.0,1150,0.8,0.0,0
2026-09-29T21:06:28Z,shippingservice,0.0,400,0.8,0.0,0
2026-09-29T21:06:28Z,currencyservice,464.0,650,0.8,0.7138461538461538,0
2026-09-29T21:06:28Z,emailservice,0.0,200,0.8,0.0,0
2026-09-29T21:06:28Z,adservice,36.0,600,0.8,0.06,0
2026-09-29T21:06:28Z,redis-cart,40.0,300,0.8,0.13333333333333333,0
2026-09-29T21:06:29Z,frontend,288.2,1150,0.8,0.2506086956521739,0
2026-09-29T21:06:29Z,cartservice,446.0,600,0.95,0.7433333333333333,0
2026-09-29T21:06:29Z,checkoutservice,0.0,800,0.8,0.0,0
2026-09-29T21:06:29Z,productcatalogservice,174.0,600,0.95,0.29,0
2026-09-29T21:06:29Z,paymentservice,0.0,200,0.8,0.0,0
2026-09-29T21:06:29Z,recommendationservice,0.0,1150,0.8,0.0,0
2026-09-29T21:06:29Z,shippingservice,35.0,400,0.8,0.0875,0
2026-09-29T21:06:29Z,currencyservice,464.0,650,0.8,0.7138461538461538,0
2026-09-29T21:06:29Z,emailservice,0.0,200,0.8,0.0,0
2026-09-29T21:06:29Z,adservice,37.0,600,0.8,0.06166666666666667,0
2026-09-29T21:06:29Z,redis-cart,37.0,300,0.8,0.12333333333333334,0
2026-09-29T21:06:30Z,frontend,284.4,1150,0.8,0.24730434782608693,0
2026-09-29T21:06:30Z,cartservice,466.0,600,0.95,0.7766666666666666,0
2026-09-29T21:06:30Z,checkoutservice,0.0,800,0.8,0.0,0
2026-09-29T21:06:30Z,productcatalogservice,159.0,600,0.95,0.265,0
2026-09-29T21:06:30Z,paymentservice,0.0,200,0.8,0.0,0
2026-09-29T21:06:30Z,recommendationservice,0.0,1150,0.8,0.0,0
2026-09-29T21:06:30Z,shippingservice,0.0,400,0.8,0.0,0
2026-09-29T21:06:30Z,currencyservice,495.0,650,0.8,0.7615384615384615,0
2026-09-29T21:06:30Z,emailservice,0.0,200,0.8,0.0,0
2026-09-29T21:06:30Z,adservice,37.0,600,0.8,0.06166666666666667,0
2026-09-29T21:06:30Z,redis-cart,37.0,300,0.8,0.12333333333333334,0
2026-09-29T21:06:31Z,frontend,287.6,1150,0.8,0.2500869565217391,0
2026-09-29T21:06:31Z,cartservice,466.0,600,0.95,0.7766666666666666,0
2026-09-29T21:06:31Z,checkoutservice,33.0,800,0.8,0.04125,0
2026-09-29T21:06:31Z,productcatalogservice,159.0,600,0.95,0.265,0
2026-09-29T21:06:31Z,paymentservice,0.0,200,0.8,0.0,0
2026-09-29T21:06:31Z,recommendationservice,0.0,1150,0.8,0.0,0
2026-09-29T21:06:31Z,shippingservice,0.0,400,0.8,0.0,0
2026-09-29T21:06:31Z,currencyservice,433.0,650,0.8,0.6661538461538462,0
2026-09-29T21:06:31Z,emailservice,0.0,200,0.8,0.0,0
2026-09-29T21:06:31Z,adservice,35.0,600,0.8,0.058333333333333334,0
2026-09-29T21:06:31Z,redis-cart,40.0,300,0.8,0.13333333333333333,0
2026-09-29T21:06:32Z,frontend,356.0,1150,0.8,0.3095652173913043,0
2026-09-29T21:06:32Z,cartservice,456.0,600,0.95,0.76,0
2026-09-29T21:06:32Z,checkoutservice,0.0,800,0.8,0.0,0
2026-09-29T21:06:32Z,productcatalogservice,197.0,600,0.95,0.3283333333333333,0
2026-09-29T21:06:32Z,paymentservice,0.0,200,0.8,0.0,0
2026-09-29T21:06:32Z,recommendationservice,0.0,1150,0.8,0.0,0
2026-09-29T21:06:32Z,shippingservice,0.0,400,0.8,0.0,0
2026-09-29T21:06:32Z,currencyservice,433.0,650,0.8,0.6661538461538462,0
2026-09-29T21:06:32Z,emailservice,27.0,200,0.8,0.135,0
2026-09-29T21:06:32Z,adservice,39.0,600,0.8,0.065,0
2026-09-29T21:06:32Z,redis-cart,38.0,300,0.8,0.12666666666666668,0
2026-09-29T21:06:33Z,frontend,319.6,1150,0.8,0.2779130434782609,0
2026-09-29T21:06:33Z,cartservice,418.0,600,0.95,0.6966666666666667,0
2026-09-29T21:06:33Z,checkoutservice,0.0,800,0.8,0.0,0
2026-09-29T21:06:33Z,productcatalogservice,197.0,600,0.95,0.3283333333333333,0
2026-09-29T21:06:33Z,paymentservice,22.0,200,0.8,0.11,0
2026-09-29T21:06:33Z,recommendationservice,0.0,1150,0.8,0.0,0
2026-09-29T21:06:33Z,shippingservice,17.0,400,0.8,0.0425,0
2026-09-29T21:06:33Z,currencyservice,489.0,650,0.8,0.7523076923076923,0
2026-09-29T21:06:33Z,emailservice,0.0,200,0.8,0.0,0
2026-09-29T21:06:33Z,adservice,42.0,600,0.8,0.07,0
2026-09-29T21:06:33Z,redis-cart,38.0,300,0.8,0.12666666666666668,0
2026-09-29T21:06:34Z,frontend,326.4,1150,0.8,0.28382608695652173,0
2026-09-29T21:06:34Z,cartservice,418.0,600,0.95,0.6966666666666667,0
2026-09-29T21:06:34Z,checkoutservice,0.0,800,0.8,0.0,0
2026-09-29T21:06:34Z,productcatalogservice,170.0,600,0.95,0.2833333333333333,0
2026-09-29T21:06:34Z,paymentservice,0.0,200,0.8,0.0,0
2026-09-29T21:06:34Z,recommendationservice,0.0,1150,0.8,0.0,0
2026-09-29T21:06:34Z,shippingservice,17.0,400,0.8,0.0425,0
2026-09-29T21:06:34Z,currencyservice,489.0,650,0.8,0.7523076923076923,0
2026-09-29T21:06:34Z,emailservice,0.0,200,0.8,0.0,0
2026-09-29T21:06:34Z,adservice,42.0,600,0.8,0.07,0
2026-09-29T21:06:34Z,redis-cart,46.0,300,0.8,0.15333333333333332,0
2026-09-29T21:06:35Z,frontend,382.4,1150,0.8,0.33252173913043476,0
2026-09-29T21:06:35Z,cartservice,358.0,600,0.95,0.5966666666666667,0
2026-09-29T21:06:35Z,checkoutservice,0.0,800,0.8,0.0,0
2026-09-29T21:06:35Z,productcatalogservice,170.0,600,0.95,0.2833333333333333,0
2026-09-29T21:06:35Z,paymentservice,0.0,200,0.8,0.0,0
2026-09-29T21:06:35Z,recommendationservice,0.0,1150,0.8,0.0,0
2026-09-29T21:06:35Z,shippingservice,0.0,400,0.8,0.0,0
2026-09-29T21:06:35Z,currencyservice,467.0,650,0.8,0.7184615384615385,0
2026-09-29T21:06:35Z,emailservice,0.0,200,0.8,0.0,0
2026-09-29T21:06:35Z,adservice,37.0,600,0.8,0.06166666666666667,0
2026-09-29T21:06:35Z,redis-cart,38.0,300,0.8,0.12666666666666668,0
2026-09-29T21:06:36Z,frontend,290.8,1150,0.8,0.2528695652173913,0
2026-09-29T21:06:36Z,cartservice,358.0,600,0.95,0.5966666666666667,0
2026-09-29T21:06:36Z,checkoutservice,0.0,800,0.8,0.0,0
2026-09-29T21:06:36Z,productcatalogservice,164.0,600,0.95,0.2733333333333333,0
2026-09-29T21:06:36Z,paymentservice,0.0,200,0.8,0.0,0
2026-09-29T21:06:36Z,recommendationservice,0.0,1150,0.8,0.0,0
2026-09-29T21:06:36Z,shippingservice,0.0,400,0.8,0.0,0
2026-09-29T21:06:36Z,currencyservice,416.0,650,0.8,0.64,0
2026-09-29T21:06:36Z,emailservice,27.0,200,0.8,0.135,0
2026-09-29T21:06:36Z,adservice,57.0,600,0.8,0.095,0
2026-09-29T21:06:36Z,redis-cart,41.0,300,0.8,0.13666666666666666,0
2026-09-29T21:06:37Z,frontend,290.8,1150,0.8,0.2528695652173913,0
2026-09-29T21:06:37Z,cartservice,423.0,600,0.95,0.705,0
2026-09-29T21:06:37Z,checkoutservice,0.0,800,0.8,0.0,0
2026-09-29T21:06:37Z,productcatalogservice,155.0,600,0.95,0.25833333333333336,0
2026-09-29T21:06:37Z,paymentservice,0.0,200,0.8,0.0,0
2026-09-29T21:06:37Z,recommendationservice,0.0,1150,0.8,0.0,0
2026-09-29T21:06:37Z,shippingservice,0.0,400,0.8,0.0,0
2026-09-29T21:06:37Z,currencyservice,455.0,650,0.8,0.7,0
2026-09-29T21:06:37Z,emailservice,0.0,200,0.8,0.0,0
2026-09-29T21:06:37Z,adservice,57.0,600,0.8,0.095,0
2026-09-29T21:06:37Z,redis-cart,41.0,300,0.8,0.13666666666666666,0
2026-09-29T21:06:38Z,frontend,353.0,1150,0.8,0.30695652173913046,0
2026-09-29T21:06:38Z,cartservice,398.0,600,0.95,0.6633333333333333,0
2026-09-29T21:06:38Z,checkoutservice,0.0,800,0.8,0.0,0
2026-09-29T21:06:38Z,productcatalogservice,155.0,600,0.95,0.25833333333333336,0
2026-09-29T21:06:38Z,paymentservice,0.0,200,0.8,0.0,0
2026-09-29T21:06:38Z,recommendationservice,0.0,1150,0.8,0.0,0
2026-09-29T21:06:38Z,shippingservice,25.0,400,0.8,0.0625,0
2026-09-29T21:06:38Z,currencyservice,455.0,650,0.8,0.7,0
2026-09-29T21:06:38Z,emailservice,0.0,200,0.8,0.0,0
2026-09-29T21:06:38Z,adservice,37.0,600,0.8,0.06166666666666667,0
2026-09-29T21:06:38Z,redis-cart,42.0,300,0.8,0.14,0
2026-09-29T21:06:39Z,frontend,265.0,1150,0.8,0.23043478260869565,0
2026-09-29T21:06:39Z,cartservice,398.0,600,0.95,0.6633333333333333,0
2026-09-29T21:06:39Z,checkoutservice,0.0,800,0.8,0.0,0
2026-09-29T21:06:39Z,productcatalogservice,182.0,600,0.95,0.30333333333333334,0
2026-09-29T21:06:39Z,paymentservice,0.0,200,0.8,0.0,0
2026-09-29T21:06:39Z,recommendationservice,0.0,1150,0.8,0.0,0
2026-09-29T21:06:39Z,shippingservice,0.0,400,0.8,0.0,0
2026-09-29T21:06:39Z,currencyservice,517.0,650,0.8,0.7953846153846154,0
2026-09-29T21:06:39Z,emailservice,0.0,200,0.8,0.0,0
2026-09-29T21:06:39Z,adservice,37.0,600,0.8,0.06166666666666667,0
2026-09-29T21:06:39Z,redis-cart,44.0,300,0.8,0.14666666666666667,0
2026-09-29T21:06:40Z,frontend,321.8,1150,0.8,0.2798260869565217,0
2026-09-29T21:06:40Z,cartservice,445.0,600,0.95,0.7416666666666667,0
2026-09-29T21:06:40Z,checkoutservice,0.0,800,0.8,0.0,0
2026-09-29T21:06:40Z,productcatalogservice,186.0,600,0.95,0.31,0
2026-09-29T21:06:40Z,paymentservice,0.0,200,0.8,0.0,0
2026-09-29T21:06:40Z,recommendationservice,0.0,1150,0.8,0.0,0
2026-09-29T21:06:40Z,shippingservice,0.0,400,0.8,0.0,0
2026-09-29T21:06:40Z,currencyservice,447.0,650,0.8,0.6876923076923077,0
2026-09-29T21:06:40Z,emailservice,0.0,200,0.8,0.0,0
2026-09-29T21:06:40Z,adservice,40.0,600,0.8,0.06666666666666667,0
2026-09-29T21:06:40Z,redis-cart,44.0,300,0.8,0.14666666666666667,0
2026-09-29T21:06:41Z,frontend,355.6,1150,0.8,0.30921739130434783,0
2026-09-29T21:06:41Z,cartservice,454.0,600,0.95,0.7566666666666667,0
2026-09-29T21:06:41Z,checkoutservice,0.0,800,0.8,0.0,0
2026-09-29T21:06:41Z,productcatalogservice,194.0,600,0.95,0.3233333333333333,0
2026-09-29T21:06:41Z,paymentservice,0.0,200,0.8,0.0,0
2026-09-29T21:06:41Z,recommendationservice,0.0,1150,0.8,0.0,0
2026-09-29T21:06:41Z,shippingservice,0.0,400,0.8,0.0,0
2026-09-29T21:06:41Z,currencyservice,481.0,650,0.8,0.74,0
2026-09-29T21:06:41Z,emailservice,0.0,200,0.8,0.0,0
2026-09-29T21:06:41Z,adservice,42.0,600,0.8,0.07,0
2026-09-29T21:06:41Z,redis-cart,41.0,300,0.8,0.13666666666666666,0
2026-09-29T21:06:42Z,frontend,301.2,1150,0.8,0.2619130434782609,0
2026-09-29T21:06:42Z,cartservice,454.0,600,0.95,0.7566666666666667,0
2026-09-29T21:06:42Z,checkoutservice,20.0,800,0.8,0.025,0
2026-09-29T21:06:42Z,productcatalogservice,157.0,600,0.95,0.26166666666666666,0
2026-09-29T21:06:42Z,paymentservice,22.0,200,0.8,0.11,0
2026-09-29T21:06:42Z,recommendationservice,0.0,1150,0.8,0.0,0
2026-09-29T21:06:42Z,shippingservice,0.0,400,0.8,0.0,0
2026-09-29T21:06:42Z,currencyservice,481.0,650,0.8,0.74,0
2026-09-29T21:06:42Z,emailservice,36.0,200,0.8,0.18,0
2026-09-29T21:06:42Z,adservice,34.0,600,0.8,0.056666666666666664,0
2026-09-29T21:06:42Z,redis-cart,41.0,300,0.8,0.13666666666666666,0
2026-09-29T21:06:43Z,frontend,288.6,1150,0.8,0.25095652173913047,0
2026-09-29T21:06:43Z,cartservice,416.0,600,0.95,0.6933333333333334,0
2026-09-29T21:06:43Z,checkoutservice,0.0,800,0.8,0.0,0
2026-09-29T21:06:43Z,productcatalogservice,157.0,600,0.95,0.26166666666666666,0
2026-09-29T21:06:43Z,paymentservice,0.0,200,0.8,0.0,0
2026-09-29T21:06:43Z,recommendationservice,0.0,1150,0.8,0.0,0
2026-09-29T21:06:43Z,shippingservice,12.0,400,0.8,0.03,0
2026-09-29T21:06:43Z,currencyservice,451.0,650,0.8,0.6938461538461539,0
2026-09-29T21:06:43Z,emailservice,36.0,200,0.8,0.18,0
2026-09-29T21:06:43Z,adservice,34.0,600,0.8,0.056666666666666664,0
2026-09-29T21:06:43Z,redis-cart,40.0,300,0.8,0.13333333333333333,0
2026-09-29T21:06:44Z,frontend,306.0,1150,0.8,0.26608695652173914,0
2026-09-29T21:06:44Z,cartservice,425.0,600,0.95,0.7083333333333334,0
2026-09-29T21:06:44Z,checkoutservice,0.0,800,0.8,0.0,0
2026-09-29T21:06:44Z,productcatalogservice,174.0,600,0.95,0.29,0
2026-09-29T21:06:44Z,paymentservice,0.0,200,0.8,0.0,0
2026-09-29T21:06:44Z,recommendationservice,0.0,1150,0.8,0.0,0
2026-09-29T21:06:44Z,shippingservice,12.0,400,0.8,0.03,0
2026-09-29T21:06:44Z,currencyservice,412.0,650,0.8,0.6338461538461538,0
2026-09-29T21:06:44Z,emailservice,0.0,200,0.8,0.0,0
2026-09-29T21:06:44Z,adservice,39.0,600,0.8,0.065,0
2026-09-29T21:06:44Z,redis-cart,41.0,300,0.8,0.13666666666666666,0
2026-09-29T21:06:45Z,frontend,347.2,1150,0.8,0.30191304347826087,0
2026-09-29T21:06:45Z,cartservice,397.0,600,0.95,0.6616666666666666,0
2026-09-29T21:06:45Z,checkoutservice,0.0,800,0.8,0.0,0
2026-09-29T21:06:45Z,productcatalogservice,175.0,600,0.95,0.2916666666666667,0
2026-09-29T21:06:45Z,paymentservice,0.0,200,0.8,0.0,0
2026-09-29T21:06:45Z,recommendationservice,0.0,1150,0.8,0.0,0
2026-09-29T21:06:45Z,shippingservice,0.0,400,0.8,0.0,0
2026-09-29T21:06:45Z,currencyservice,478.0,650,0.8,0.7353846153846154,0
2026-09-29T21:06:45Z,emailservice,0.0,200,0.8,0.0,0
2026-09-29T21:06:45Z,adservice,42.0,600,0.8,0.07,0
2026-09-29T21:06:45Z,redis-cart,43.0,300,0.8,0.14333333333333334,0
2026-09-29T21:06:46Z,frontend,286.2,1150,0.8,0.2488695652173913,0
2026-09-29T21:06:46Z,cartservice,397.0,600,0.95,0.6616666666666666,0
2026-09-29T21:06:46Z,checkoutservice,0.0,800,0.8,0.0,0
2026-09-29T21:06:46Z,productcatalogservice,175.0,600,0.95,0.2916666666666667,0
2026-09-29T21:06:46Z,paymentservice,0.0,200,0.8,0.0,0
2026-09-29T21:06:46Z,recommendationservice,0.0,1150,0.8,0.0,0
2026-09-29T21:06:46Z,shippingservice,0.0,400,0.8,0.0,0
2026-09-29T21:06:46Z,currencyservice,478.0,650,0.8,0.7353846153846154,0
2026-09-29T21:06:46Z,emailservice,41.0,200,0.8,0.205,0
2026-09-29T21:06:46Z,adservice,42.0,600,0.8,0.07,0
2026-09-29T21:06:46Z,redis-cart,43.0,300,0.8,0.14333333333333334,0
2026-09-29T21:06:47Z,frontend,339.8,1150,0.8,0.29547826086956525,0
2026-09-29T21:06:47Z,cartservice,454.0,600,0.95,0.7566666666666667,0
2026-09-29T21:06:47Z,checkoutservice,0.0,800,0.8,0.0,0
2026-09-29T21:06:47Z,productcatalogservice,162.0,600,0.95,0.27,0
2026-09-29T21:06:47Z,paymentservice,0.0,200,0.8,0.0,0
2026-09-29T21:06:47Z,recommendationservice,0.0,1150,0.8,0.0,0
2026-09-29T21:06:47Z,shippingservice,0.0,400,0.8,0.0,0
2026-09-29T21:06:47Z,currencyservice,442.0,650,0.8,0.68,0
2026-09-29T21:06:47Z,emailservice,41.0,200,0.8,0.205,0
2026-09-29T21:06:47Z,adservice,36.0,600,0.8,0.06,0
2026-09-29T21:06:47Z,redis-cart,40.0,300,0.8,0.13333333333333333,0
2026-09-29T21:06:48Z,frontend,307.4,1150,0.8,0.2673043478260869,0
2026-09-29T21:06:48Z,cartservice,434.0,600,0.95,0.7233333333333334,0
2026-09-29T21:06:48Z,checkoutservice,0.0,800,0.8,0.0,0
2026-09-29T21:06:48Z,productcatalogservice,162.0,600,0.95,0.27,0
2026-09-29T21:06:48Z,paymentservice,0.0,200,0.8,0.0,0
2026-09-29T21:06:48Z,recommendationservice,0.0,1150,0.8,0.0,0
2026-09-29T21:06:48Z,shippingservice,36.0,400,0.8,0.09,0
2026-09-29T21:06:48Z,currencyservice,442.0,650,0.8,0.68,0
2026-09-29T21:06:48Z,emailservice,0.0,200,0.8,0.0,0
2026-09-29T21:06:48Z,adservice,37.0,600,0.8,0.06166666666666667,0
2026-09-29T21:06:48Z,redis-cart,40.0,300,0.8,0.13333333333333333,0
2026-09-29T21:06:49Z,frontend,292.4,1150,0.8,0.2542608695652174,0
2026-09-29T21:06:49Z,cartservice,434.0,600,0.95,0.7233333333333334,0
2026-09-29T21:06:49Z,checkoutservice,0.0,800,0.8,0.0,0
2026-09-29T21:06:49Z,productcatalogservice,175.0,600,0.95,0.2916666666666667,0
2026-09-29T21:06:49Z,paymentservice,0.0,200,0.8,0.0,0
2026-09-29T21:06:49Z,recommendationservice,0.0,1150,0.8,0.0,0
2026-09-29T21:06:49Z,shippingservice,36.0,400,0.8,0.09,0
2026-09-29T21:06:49Z,currencyservice,476.0,650,0.8,0.7323076923076923,0
2026-09-29T21:06:49Z,emailservice,0.0,200,0.8,0.0,0
2026-09-29T21:06:49Z,adservice,39.0,600,0.8,0.065,0
2026-09-29T21:06:49Z,redis-cart,39.0,300,0.8,0.13,0
2026-09-29T21:06:50Z,frontend,292.2,1150,0.8,0.2540869565217391,0
2026-09-29T21:06:50Z,cartservice,492.0,600,0.95,0.82,0
2026-09-29T21:06:50Z,checkoutservice,0.0,800,0.8,0.0,0
2026-09-29T21:06:50Z,productcatalogservice,152.0,600,0.95,0.25333333333333335,0
2026-09-29T21:06:50Z,paymentservice,0.0,200,0.8,0.0,0
2026-09-29T21:06:50Z,recommendationservice,0.0,1150,0.8,0.0,0
2026-09-29T21:06:50Z,shippingservice,0.0,400,0.8,0.0,0
2026-09-29T21:06:50Z,currencyservice,442.0,650,0.8,0.68,0
2026-09-29T21:06:50Z,emailservice,0.0,200,0.8,0.0,0
2026-09-29T21:06:50Z,adservice,39.0,600,0.8,0.065,0
2026-09-29T21:06:50Z,redis-cart,39.0,300,0.8,0.13,0
2026-09-29T21:06:51Z,frontend,311.0,1150,0.8,0.27043478260869563,0
2026-09-29T21:06:51Z,cartservice,466.0,600,0.95,0.7766666666666666,0
2026-09-29T21:06:51Z,checkoutservice,20.0,800,0.8,0.025,0
2026-09-29T21:06:51Z,productcatalogservice,181.0,600,0.95,0.3016666666666667,0
2026-09-29T21:06:51Z,paymentservice,0.0,200,0.8,0.0,0
2026-09-29T21:06:51Z,recommendationservice,0.0,1150,0.8,0.0,0
2026-09-29T21:06:51Z,shippingservice,0.0,400,0.8,0.0,0
2026-09-29T21:06:51Z,currencyservice,435.0,650,0.8,0.6692307692307692,0
2026-09-29T21:06:51Z,emailservice,0.0,200,0.8,0.0,0
2026-09-29T21:06:51Z,adservice,32.0,600,0.8,0.05333333333333334,0
2026-09-29T21:06:51Z,redis-cart,39.0,300,0.8,0.13,0
2026-09-29T21:06:52Z,frontend,311.0,1150,0.8,0.27043478260869563,0
2026-09-29T21:06:52Z,cartservice,466.0,600,0.95,0.7766666666666666,0
2026-09-29T21:06:52Z,checkoutservice,20.0,800,0.8,0.025,0
2026-09-29T21:06:52Z,productcatalogservice,181.0,600,0.95,0.3016666666666667,0
2026-09-29T21:06:52Z,paymentservice,0.0,200,0.8,0.0,0
2026-09-29T21:06:52Z,recommendationservice,0.0,1150,0.8,0.0,0
2026-09-29T21:06:52Z,shippingservice,0.0,400,0.8,0.0,0
2026-09-29T21:06:52Z,currencyservice,468.0,650,0.8,0.72,0
2026-09-29T21:06:52Z,emailservice,32.0,200,0.8,0.16,0
2026-09-29T21:06:52Z,adservice,67.0,600,0.8,0.11166666666666666,0
2026-09-29T21:06:52Z,redis-cart,43.0,300,0.8,0.14333333333333334,0
2026-09-29T21:06:53Z,frontend,306.0,1150,0.8,0.26608695652173914,0
2026-09-29T21:06:53Z,cartservice,407.0,600,0.95,0.6783333333333333,0
2026-09-29T21:06:53Z,checkoutservice,0.0,800,0.8,0.0,0
2026-09-29T21:06:53Z,productcatalogservice,192.0,600,0.95,0.32,0
2026-09-29T21:06:53Z,paymentservice,28.0,200,0.8,0.14,0
2026-09-29T21:06:53Z,recommendationservice,0.0,1150,0.8,0.0,0
2026-09-29T21:06:53Z,shippingservice,0.0,400,0.8,0.0,0
2026-09-29T21:06:53Z,currencyservice,468.0,650,0.8,0.72,0
2026-09-29T21:06:53Z,emailservice,32.0,200,0.8,0.16,0
2026-09-29T21:06:53Z,adservice,67.0,600,0.8,0.11166666666666666,0
2026-09-29T21:06:53Z,redis-cart,43.0,300,0.8,0.14333333333333334,0
2026-09-29T21:06:54Z,frontend,341.4,1150,0.8,0.2968695652173913,0
2026-09-29T21:06:54Z,cartservice,472.0,600,0.95,0.7866666666666666,0
2026-09-29T21:06:54Z,checkoutservice,0.0,800,0.8,0.0,0
2026-09-29T21:06:54Z,productcatalogservice,185.0,600,0.95,0.30833333333333335,0
2026-09-29T21:06:54Z,paymentservice,0.0,200,0.8,0.0,0
2026-09-29T21:06:54Z,recommendationservice,0.0,1150,0.8,0.0,0
2026-09-29T21:06:54Z,shippingservice,22.0,400,0.8,0.055,0
2026-09-29T21:06:54Z,currencyservice,487.0,650,0.8,0.7492307692307693,0
2026-09-29T21:06:54Z,emailservice,0.0,200,0.8,0.0,0
2026-09-29T21:06:54Z,adservice,44.0,600,0.8,0.07333333333333333,0
2026-09-29T21:06:54Z,redis-cart,43.0,300,0.8,0.14333333333333334,0
2026-09-29T21:06:55Z,frontend,363.4,1150,0.8,0.316,0
2026-09-29T21:06:55Z,cartservice,472.0,600,0.95,0.7866666666666666,0
2026-09-29T21:06:55Z,checkoutservice,0.0,800,0.8,0.0,0
2026-09-29T21:06:55Z,productcatalogservice,185.0,600,0.95,0.30833333333333335,0
2026-09-29T21:06:55Z,paymentservice,0.0,200,0.8,0.0,0
2026-09-29T21:06:55Z,recommendationservice,0.0,1150,0.8,0.0,0
2026-09-29T21:06:55Z,shippingservice,22.0,400,0.8,0.055,0
2026-09-29T21:06:55Z,currencyservice,487.0,650,0.8,0.7492307692307693,0
2026-09-29T21:06:55Z,emailservice,0.0,200,0.8,0.0,0
2026-09-29T21:06:55Z,adservice,44.0,600,0.8,0.07333333333333333,0
2026-09-29T21:06:55Z,redis-cart,43.0,300,0.8,0.14333333333333334,0
2026-09-29T21:06:56Z,frontend,203.33333333333334,1150,0.8,0.17681159420289855,0
2026-09-29T21:06:56Z,cartservice,407.0,600,0.95,0.6783333333333333,0
2026-09-29T21:06:56Z,checkoutservice,0.0,800,0.8,0.0,0
2026-09-29T21:06:56Z,productcatalogservice,198.0,600,0.95,0.33,0
2026-09-29T21:06:56Z,paymentservice,0.0,200,0.8,0.0,0
2026-09-29T21:06:56Z,recommendationservice,0.0,1150,0.8,0.0,0
2026-09-29T21:06:56Z,shippingservice,0.0,400,0.8,0.0,0
2026-09-29T21:06:56Z,currencyservice,536.0,650,0.8,0.8246153846153846,1
2026-09-29T21:06:56Z,emailservice,14.0,200,0.8,0.07,0
2026-09-29T21:06:56Z,adservice,44.0,600,0.8,0.07333333333333333,0
2026-09-29T21:06:56Z,redis-cart,43.0,300,0.8,0.14333333333333334,0
2026-09-29T21:06:57Z,frontend,231.16666666666666,1150,0.8,0.20101449275362318,0
2026-09-29T21:06:57Z,cartservice,407.0,600,0.95,0.6783333333333333,0
2026-09-29T21:06:57Z,checkoutservice,0.0,800,0.8,0.0,0
2026-09-29T21:06:57Z,productcatalogservice,198.0,600,0.95,0.33,0
2026-09-29T21:06:57Z,paymentservice,0.0,200,0.8,0.0,0
2026-09-29T21:06:57Z,recommendationservice,0.0,1150,0.8,0.0,0
2026-09-29T21:06:57Z,shippingservice,0.0,400,0.8,0.0,0
2026-09-29T21:06:57Z,currencyservice,441.0,650,0.8,0.6784615384615384,0
2026-09-29T21:06:57Z,emailservice,14.0,200,0.8,0.07,0
2026-09-29T21:06:57Z,adservice,43.0,600,0.8,0.07166666666666667,0
2026-09-29T21:06:57Z,redis-cart,38.0,300,0.8,0.12666666666666668,0
2026-09-29T21:06:58Z,frontend,268.8,1150,0.8,0.23373913043478262,0
2026-09-29T21:06:58Z,cartservice,393.0,600,0.95,0.655,0
2026-09-29T21:06:58Z,checkoutservice,0.0,800,0.8,0.0,0
2026-09-29T21:06:58Z,productcatalogservice,172.0,600,0.95,0.2866666666666667,0
2026-09-29T21:06:58Z,paymentservice,0.0,200,0.8,0.0,0
2026-09-29T21:06:58Z,recommendationservice,0.0,1150,0.8,0.0,0
2026-09-29T21:06:58Z,shippingservice,0.0,400,0.8,0.0,0
2026-09-29T21:06:58Z,currencyservice,441.0,650,0.8,0.6784615384615384,0
2026-09-29T21:06:58Z,emailservice,19.0,200,0.8,0.095,0
2026-09-29T21:06:58Z,adservice,37.0,600,0.8,0.06166666666666667,0
2026-09-29T21:06:58Z,redis-cart,41.0,300,0.8,0.13666666666666666,0
2026-09-29T21:06:59Z,frontend,294.0,1150,0.8,0.25565217391304346,0
2026-09-29T21:06:59Z,cartservice,411.0,600,0.95,0.685,0
2026-09-29T21:06:59Z,checkoutservice,0.0,800,0.8,0.0,0
2026-09-29T21:06:59Z,productcatalogservice,151.0,600,0.95,0.25166666666666665,0
2026-09-29T21:06:59Z,paymentservice,0.0,200,0.8,0.0,0
2026-09-29T21:06:59Z,recommendationservice,0.0,1150,0.8,0.0,0
2026-09-29T21:06:59Z,shippingservice,43.0,400,0.8,0.1075,0
2026-09-29T21:06:59Z,currencyservice,453.0,650,0.8,0.696923076923077,0
2026-09-29T21:06:59Z,emailservice,0.0,200,0.8,0.0,0
2026-09-29T21:06:59Z,adservice,37.0,600,0.8,0.06166666666666667,0
2026-09-29T21:06:59Z,redis-cart,38.0,300,0.8,0.12666666666666668,0
2026-09-29T21:07:00Z,frontend,292.5,1150,0.8,0.2543478260869565,0
2026-09-29T21:07:00Z,cartservice,233.0,600,0.95,0.3883333333333333,0
2026-09-29T21:07:00Z,checkoutservice,0.0,800,0.8,0.0,0
2026-09-29T21:07:00Z,productcatalogservice,151.0,600,0.95,0.25166666666666665,0
2026-09-29T21:07:00Z,paymentservice,0.0,200,0.8,0.0,0
2026-09-29T21:07:00Z,recommendationservice,0.0,1150,0.8,0.0,0
2026-09-29T21:07:00Z,shippingservice,43.0,400,0.8,0.1075,0
2026-09-29T21:07:00Z,currencyservice,453.0,650,0.8,0.696923076923077,0
2026-09-29T21:07:00Z,emailservice,0.0,200,0.8,0.0,0
2026-09-29T21:07:00Z,adservice,35.0,600,0.8,0.058333333333333334,0
2026-09-29T21:07:00Z,redis-cart,38.0,300,0.8,0.12666666666666668,0
2026-09-29T21:07:01Z,frontend,32.8,1150,0.8,0.028521739130434782,0
2026-09-29T21:07:01Z,cartservice,233.0,600,0.95,0.3883333333333333,0
2026-09-29T21:07:01Z,checkoutservice,0.0,800,0.8,0.0,0
2026-09-29T21:07:01Z,productcatalogservice,39.0,600,0.95,0.065,0
2026-09-29T21:07:01Z,paymentservice,0.0,200,0.8,0.0,0
2026-09-29T21:07:01Z,recommendationservice,0.0,1150,0.8,0.0,0
2026-09-29T21:07:01Z,shippingservice,0.0,400,0.8,0.0,0
2026-09-29T21:07:01Z,currencyservice,82.0,650,0.8,0.12615384615384614,0
2026-09-29T21:07:01Z,emailservice,0.0,200,0.8,0.0,0
2026-09-29T21:07:01Z,adservice,35.0,600,0.8,0.058333333333333334,0
2026-09-29T21:07:01Z,redis-cart,13.0,300,0.8,0.043333333333333335,0
