2026-10-06T09:01:54Z  WAITING  for /home/idozacharia/TopFull/TopFull_master/online_boutique_scripts/src/logs/service_inbound.csv (timeout=60s)
2026-10-06T09:01:54Z  READY  found service_inbound.csv (891 rows)
2026-10-06T09:01:54Z  START  threshold=0.20 sample_interval=1s interval_samples=30 (30s) services=['adservice', 'cartservice', 'checkoutservice', 'currencyservice', 'emailservice', 'paymentservice', 'productcatalogservice', 'recommendationservice', 'shippingservice']
2026-10-06T09:01:55Z  SKIP  adservice  no metric data this sample
2026-10-06T09:01:55Z  SKIP  cartservice  no metric data this sample
2026-10-06T09:01:55Z  SKIP  checkoutservice  no metric data this sample
2026-10-06T09:01:55Z  SKIP  currencyservice  no metric data this sample
2026-10-06T09:01:55Z  SKIP  emailservice  no metric data this sample
2026-10-06T09:01:55Z  SKIP  paymentservice  no metric data this sample
2026-10-06T09:01:55Z  SKIP  productcatalogservice  no metric data this sample
2026-10-06T09:01:55Z  SKIP  recommendationservice  no metric data this sample
2026-10-06T09:01:55Z  SKIP  shippingservice  no metric data this sample
2026-10-06T09:01:56Z  OBSERVE  adservice  rejection=0.0000  low=1 high=0  state=ON
2026-10-06T09:01:56Z  OBSERVE  cartservice  rejection=0.0000  low=1 high=0  state=ON
2026-10-06T09:01:56Z  OBSERVE  checkoutservice  rejection=0.0000  low=1 high=0  state=ON
2026-10-06T09:01:56Z  OBSERVE  currencyservice  rejection=0.0000  low=1 high=0  state=ON
2026-10-06T09:01:56Z  OBSERVE  emailservice  rejection=0.0000  low=1 high=0  state=ON
2026-10-06T09:01:56Z  OBSERVE  paymentservice  rejection=0.0000  low=1 high=0  state=ON
2026-10-06T09:01:56Z  OBSERVE  productcatalogservice  rejection=0.0000  low=1 high=0  state=ON
2026-10-06T09:01:56Z  OBSERVE  recommendationservice  rejection=0.0000  low=1 high=0  state=ON
2026-10-06T09:01:56Z  OBSERVE  shippingservice  rejection=0.0000  low=1 high=0  state=ON
2026-10-06T09:01:57Z  OBSERVE  adservice  rejection=0.0000  low=2 high=0  state=ON
2026-10-06T09:01:57Z  OBSERVE  cartservice  rejection=0.0000  low=2 high=0  state=ON
2026-10-06T09:01:57Z  OBSERVE  checkoutservice  rejection=0.0000  low=2 high=0  state=ON
2026-10-06T09:01:57Z  OBSERVE  currencyservice  rejection=0.0000  low=2 high=0  state=ON
2026-10-06T09:01:57Z  OBSERVE  emailservice  rejection=0.0000  low=2 high=0  state=ON
2026-10-06T09:01:57Z  OBSERVE  paymentservice  rejection=0.0000  low=2 high=0  state=ON
2026-10-06T09:01:57Z  OBSERVE  productcatalogservice  rejection=0.0000  low=2 high=0  state=ON
2026-10-06T09:01:57Z  OBSERVE  recommendationservice  rejection=0.0000  low=2 high=0  state=ON
2026-10-06T09:01:57Z  OBSERVE  shippingservice  rejection=0.0000  low=2 high=0  state=ON
2026-10-06T09:01:58Z  OBSERVE  adservice  rejection=0.0000  low=3 high=0  state=ON
2026-10-06T09:01:58Z  OBSERVE  cartservice  rejection=0.0000  low=3 high=0  state=ON
2026-10-06T09:01:58Z  OBSERVE  checkoutservice  rejection=0.0000  low=3 high=0  state=ON
2026-10-06T09:01:58Z  OBSERVE  currencyservice  rejection=0.0000  low=3 high=0  state=ON
2026-10-06T09:01:58Z  OBSERVE  emailservice  rejection=0.0000  low=3 high=0  state=ON
2026-10-06T09:01:58Z  OBSERVE  paymentservice  rejection=0.0000  low=3 high=0  state=ON
2026-10-06T09:01:58Z  OBSERVE  productcatalogservice  rejection=0.0000  low=3 high=0  state=ON
2026-10-06T09:01:58Z  OBSERVE  recommendationservice  rejection=0.0000  low=3 high=0  state=ON
2026-10-06T09:01:58Z  OBSERVE  shippingservice  rejection=0.0000  low=3 high=0  state=ON
2026-10-06T09:01:59Z  OBSERVE  adservice  rejection=0.0000  low=4 high=0  state=ON
2026-10-06T09:01:59Z  OBSERVE  cartservice  rejection=0.0000  low=4 high=0  state=ON
2026-10-06T09:01:59Z  OBSERVE  checkoutservice  rejection=0.0000  low=4 high=0  state=ON
2026-10-06T09:01:59Z  OBSERVE  currencyservice  rejection=0.0000  low=4 high=0  state=ON
2026-10-06T09:01:59Z  OBSERVE  emailservice  rejection=0.0000  low=4 high=0  state=ON
2026-10-06T09:01:59Z  OBSERVE  paymentservice  rejection=0.0000  low=4 high=0  state=ON
2026-10-06T09:01:59Z  OBSERVE  productcatalogservice  rejection=0.0000  low=4 high=0  state=ON
2026-10-06T09:01:59Z  OBSERVE  recommendationservice  rejection=0.0000  low=4 high=0  state=ON
2026-10-06T09:01:59Z  OBSERVE  shippingservice  rejection=0.0000  low=4 high=0  state=ON
2026-10-06T09:02:00Z  OBSERVE  adservice  rejection=0.0000  low=5 high=0  state=ON
2026-10-06T09:02:00Z  OBSERVE  cartservice  rejection=0.0000  low=5 high=0  state=ON
2026-10-06T09:02:00Z  OBSERVE  checkoutservice  rejection=0.0000  low=5 high=0  state=ON
2026-10-06T09:02:00Z  OBSERVE  currencyservice  rejection=0.0000  low=5 high=0  state=ON
2026-10-06T09:02:00Z  OBSERVE  emailservice  rejection=0.0000  low=5 high=0  state=ON
2026-10-06T09:02:00Z  OBSERVE  paymentservice  rejection=0.0000  low=5 high=0  state=ON
2026-10-06T09:02:00Z  OBSERVE  productcatalogservice  rejection=0.0000  low=5 high=0  state=ON
2026-10-06T09:02:00Z  OBSERVE  recommendationservice  rejection=0.0000  low=5 high=0  state=ON
2026-10-06T09:02:00Z  OBSERVE  shippingservice  rejection=0.0000  low=5 high=0  state=ON
2026-10-06T09:02:01Z  OBSERVE  adservice  rejection=0.0000  low=6 high=0  state=ON
2026-10-06T09:02:01Z  OBSERVE  cartservice  rejection=0.0000  low=6 high=0  state=ON
2026-10-06T09:02:01Z  OBSERVE  checkoutservice  rejection=0.0000  low=6 high=0  state=ON
2026-10-06T09:02:01Z  OBSERVE  currencyservice  rejection=0.0000  low=6 high=0  state=ON
2026-10-06T09:02:01Z  OBSERVE  emailservice  rejection=0.0000  low=6 high=0  state=ON
2026-10-06T09:02:01Z  OBSERVE  paymentservice  rejection=0.0000  low=6 high=0  state=ON
2026-10-06T09:02:01Z  OBSERVE  productcatalogservice  rejection=0.0000  low=6 high=0  state=ON
2026-10-06T09:02:01Z  OBSERVE  recommendationservice  rejection=0.0000  low=6 high=0  state=ON
2026-10-06T09:02:01Z  OBSERVE  shippingservice  rejection=0.0000  low=6 high=0  state=ON
2026-10-06T09:02:02Z  OBSERVE  adservice  rejection=0.0000  low=7 high=0  state=ON
2026-10-06T09:02:02Z  OBSERVE  cartservice  rejection=0.0000  low=7 high=0  state=ON
2026-10-06T09:02:02Z  OBSERVE  checkoutservice  rejection=0.0000  low=7 high=0  state=ON
2026-10-06T09:02:02Z  OBSERVE  currencyservice  rejection=0.0000  low=7 high=0  state=ON
2026-10-06T09:02:02Z  OBSERVE  emailservice  rejection=0.0000  low=7 high=0  state=ON
2026-10-06T09:02:02Z  OBSERVE  paymentservice  rejection=0.0000  low=7 high=0  state=ON
2026-10-06T09:02:02Z  OBSERVE  productcatalogservice  rejection=0.0000  low=7 high=0  state=ON
2026-10-06T09:02:02Z  OBSERVE  recommendationservice  rejection=0.0000  low=7 high=0  state=ON
2026-10-06T09:02:02Z  OBSERVE  shippingservice  rejection=0.0000  low=7 high=0  state=ON
2026-10-06T09:02:03Z  OBSERVE  adservice  rejection=0.0000  low=8 high=0  state=ON
2026-10-06T09:02:03Z  OBSERVE  cartservice  rejection=0.0000  low=8 high=0  state=ON
2026-10-06T09:02:03Z  OBSERVE  checkoutservice  rejection=0.0000  low=8 high=0  state=ON
2026-10-06T09:02:03Z  OBSERVE  currencyservice  rejection=0.0000  low=8 high=0  state=ON
2026-10-06T09:02:03Z  OBSERVE  emailservice  rejection=0.0000  low=8 high=0  state=ON
2026-10-06T09:02:03Z  OBSERVE  paymentservice  rejection=0.0000  low=8 high=0  state=ON
2026-10-06T09:02:03Z  OBSERVE  productcatalogservice  rejection=0.0000  low=8 high=0  state=ON
2026-10-06T09:02:03Z  OBSERVE  recommendationservice  rejection=0.0000  low=8 high=0  state=ON
2026-10-06T09:02:03Z  OBSERVE  shippingservice  rejection=0.0000  low=8 high=0  state=ON
2026-10-06T09:02:04Z  OBSERVE  adservice  rejection=0.0000  low=9 high=0  state=ON
2026-10-06T09:02:04Z  OBSERVE  cartservice  rejection=0.0000  low=9 high=0  state=ON
2026-10-06T09:02:04Z  OBSERVE  checkoutservice  rejection=0.0000  low=9 high=0  state=ON
2026-10-06T09:02:04Z  OBSERVE  currencyservice  rejection=0.0000  low=9 high=0  state=ON
2026-10-06T09:02:04Z  OBSERVE  emailservice  rejection=0.0000  low=9 high=0  state=ON
2026-10-06T09:02:04Z  OBSERVE  paymentservice  rejection=0.0000  low=9 high=0  state=ON
2026-10-06T09:02:04Z  OBSERVE  productcatalogservice  rejection=0.0000  low=9 high=0  state=ON
2026-10-06T09:02:04Z  OBSERVE  recommendationservice  rejection=0.0000  low=9 high=0  state=ON
2026-10-06T09:02:04Z  OBSERVE  shippingservice  rejection=0.0000  low=9 high=0  state=ON
2026-10-06T09:02:05Z  OBSERVE  adservice  rejection=0.0000  low=10 high=0  state=ON
2026-10-06T09:02:05Z  OBSERVE  cartservice  rejection=0.0000  low=10 high=0  state=ON
2026-10-06T09:02:05Z  OBSERVE  checkoutservice  rejection=0.0000  low=10 high=0  state=ON
2026-10-06T09:02:05Z  OBSERVE  currencyservice  rejection=0.0000  low=10 high=0  state=ON
2026-10-06T09:02:05Z  OBSERVE  emailservice  rejection=0.0000  low=10 high=0  state=ON
2026-10-06T09:02:05Z  OBSERVE  paymentservice  rejection=0.0000  low=10 high=0  state=ON
2026-10-06T09:02:05Z  OBSERVE  productcatalogservice  rejection=0.0000  low=10 high=0  state=ON
2026-10-06T09:02:05Z  OBSERVE  recommendationservice  rejection=0.0000  low=10 high=0  state=ON
2026-10-06T09:02:05Z  OBSERVE  shippingservice  rejection=0.0000  low=10 high=0  state=ON
2026-10-06T09:02:06Z  OBSERVE  adservice  rejection=0.0000  low=11 high=0  state=ON
2026-10-06T09:02:06Z  OBSERVE  cartservice  rejection=0.0000  low=11 high=0  state=ON
2026-10-06T09:02:06Z  OBSERVE  checkoutservice  rejection=0.0000  low=11 high=0  state=ON
2026-10-06T09:02:06Z  OBSERVE  currencyservice  rejection=0.0000  low=11 high=0  state=ON
2026-10-06T09:02:06Z  OBSERVE  emailservice  rejection=0.0000  low=11 high=0  state=ON
2026-10-06T09:02:06Z  OBSERVE  paymentservice  rejection=0.0000  low=11 high=0  state=ON
2026-10-06T09:02:06Z  OBSERVE  productcatalogservice  rejection=0.0000  low=11 high=0  state=ON
2026-10-06T09:02:06Z  OBSERVE  recommendationservice  rejection=0.0000  low=11 high=0  state=ON
2026-10-06T09:02:06Z  OBSERVE  shippingservice  rejection=0.0000  low=11 high=0  state=ON
2026-10-06T09:02:07Z  OBSERVE  adservice  rejection=0.0000  low=12 high=0  state=ON
2026-10-06T09:02:07Z  OBSERVE  cartservice  rejection=0.0000  low=12 high=0  state=ON
2026-10-06T09:02:07Z  OBSERVE  checkoutservice  rejection=0.0000  low=12 high=0  state=ON
2026-10-06T09:02:07Z  OBSERVE  currencyservice  rejection=0.0000  low=12 high=0  state=ON
2026-10-06T09:02:07Z  OBSERVE  emailservice  rejection=0.0000  low=12 high=0  state=ON
2026-10-06T09:02:07Z  OBSERVE  paymentservice  rejection=0.0000  low=12 high=0  state=ON
2026-10-06T09:02:07Z  OBSERVE  productcatalogservice  rejection=0.0000  low=12 high=0  state=ON
2026-10-06T09:02:07Z  OBSERVE  recommendationservice  rejection=0.0000  low=12 high=0  state=ON
2026-10-06T09:02:07Z  OBSERVE  shippingservice  rejection=0.0000  low=12 high=0  state=ON
2026-10-06T09:02:08Z  OBSERVE  adservice  rejection=0.0000  low=13 high=0  state=ON
2026-10-06T09:02:08Z  OBSERVE  cartservice  rejection=0.0000  low=13 high=0  state=ON
2026-10-06T09:02:08Z  OBSERVE  checkoutservice  rejection=0.0000  low=13 high=0  state=ON
2026-10-06T09:02:08Z  OBSERVE  currencyservice  rejection=0.0000  low=13 high=0  state=ON
2026-10-06T09:02:08Z  OBSERVE  emailservice  rejection=0.0000  low=13 high=0  state=ON
2026-10-06T09:02:08Z  OBSERVE  paymentservice  rejection=0.0000  low=13 high=0  state=ON
2026-10-06T09:02:08Z  OBSERVE  productcatalogservice  rejection=0.0000  low=13 high=0  state=ON
2026-10-06T09:02:08Z  OBSERVE  recommendationservice  rejection=0.0000  low=13 high=0  state=ON
2026-10-06T09:02:08Z  OBSERVE  shippingservice  rejection=0.0000  low=13 high=0  state=ON
2026-10-06T09:02:09Z  OBSERVE  adservice  rejection=0.0000  low=14 high=0  state=ON
2026-10-06T09:02:09Z  OBSERVE  cartservice  rejection=0.0000  low=14 high=0  state=ON
2026-10-06T09:02:09Z  OBSERVE  checkoutservice  rejection=0.0000  low=14 high=0  state=ON
2026-10-06T09:02:09Z  OBSERVE  currencyservice  rejection=0.0000  low=14 high=0  state=ON
2026-10-06T09:02:09Z  OBSERVE  emailservice  rejection=0.0000  low=14 high=0  state=ON
2026-10-06T09:02:09Z  OBSERVE  paymentservice  rejection=0.0000  low=14 high=0  state=ON
2026-10-06T09:02:09Z  OBSERVE  productcatalogservice  rejection=0.0000  low=14 high=0  state=ON
2026-10-06T09:02:09Z  OBSERVE  recommendationservice  rejection=0.0000  low=14 high=0  state=ON
2026-10-06T09:02:09Z  OBSERVE  shippingservice  rejection=0.0000  low=14 high=0  state=ON
2026-10-06T09:02:10Z  OBSERVE  adservice  rejection=0.0000  low=15 high=0  state=ON
2026-10-06T09:02:10Z  OBSERVE  cartservice  rejection=0.0000  low=15 high=0  state=ON
2026-10-06T09:02:10Z  OBSERVE  checkoutservice  rejection=0.0000  low=15 high=0  state=ON
2026-10-06T09:02:10Z  OBSERVE  currencyservice  rejection=0.0000  low=15 high=0  state=ON
2026-10-06T09:02:10Z  OBSERVE  emailservice  rejection=0.0000  low=15 high=0  state=ON
2026-10-06T09:02:10Z  OBSERVE  paymentservice  rejection=0.0000  low=15 high=0  state=ON
2026-10-06T09:02:10Z  OBSERVE  productcatalogservice  rejection=0.0000  low=15 high=0  state=ON
2026-10-06T09:02:10Z  OBSERVE  recommendationservice  rejection=0.0000  low=15 high=0  state=ON
2026-10-06T09:02:10Z  OBSERVE  shippingservice  rejection=0.0000  low=15 high=0  state=ON
2026-10-06T09:02:11Z  OBSERVE  adservice  rejection=0.0000  low=16 high=0  state=ON
2026-10-06T09:02:11Z  OBSERVE  cartservice  rejection=0.0000  low=16 high=0  state=ON
2026-10-06T09:02:11Z  OBSERVE  checkoutservice  rejection=0.0000  low=16 high=0  state=ON
2026-10-06T09:02:11Z  OBSERVE  currencyservice  rejection=0.0000  low=16 high=0  state=ON
2026-10-06T09:02:11Z  OBSERVE  emailservice  rejection=0.0000  low=16 high=0  state=ON
2026-10-06T09:02:11Z  OBSERVE  paymentservice  rejection=0.0000  low=16 high=0  state=ON
2026-10-06T09:02:11Z  OBSERVE  productcatalogservice  rejection=0.0000  low=16 high=0  state=ON
2026-10-06T09:02:11Z  OBSERVE  recommendationservice  rejection=0.0000  low=16 high=0  state=ON
2026-10-06T09:02:11Z  OBSERVE  shippingservice  rejection=0.0000  low=16 high=0  state=ON
2026-10-06T09:02:12Z  OBSERVE  adservice  rejection=0.0000  low=17 high=0  state=ON
2026-10-06T09:02:12Z  OBSERVE  cartservice  rejection=0.0000  low=17 high=0  state=ON
2026-10-06T09:02:12Z  OBSERVE  checkoutservice  rejection=0.0000  low=17 high=0  state=ON
2026-10-06T09:02:12Z  OBSERVE  currencyservice  rejection=0.0000  low=17 high=0  state=ON
2026-10-06T09:02:12Z  OBSERVE  emailservice  rejection=0.0000  low=17 high=0  state=ON
2026-10-06T09:02:12Z  OBSERVE  paymentservice  rejection=0.0000  low=17 high=0  state=ON
2026-10-06T09:02:12Z  OBSERVE  productcatalogservice  rejection=0.0000  low=17 high=0  state=ON
2026-10-06T09:02:12Z  OBSERVE  recommendationservice  rejection=0.0000  low=17 high=0  state=ON
2026-10-06T09:02:12Z  OBSERVE  shippingservice  rejection=0.0000  low=17 high=0  state=ON
2026-10-06T09:02:13Z  OBSERVE  adservice  rejection=0.0000  low=18 high=0  state=ON
2026-10-06T09:02:13Z  OBSERVE  cartservice  rejection=0.0000  low=18 high=0  state=ON
2026-10-06T09:02:13Z  OBSERVE  checkoutservice  rejection=0.0000  low=18 high=0  state=ON
2026-10-06T09:02:13Z  OBSERVE  currencyservice  rejection=0.0000  low=18 high=0  state=ON
2026-10-06T09:02:13Z  OBSERVE  emailservice  rejection=0.0000  low=18 high=0  state=ON
2026-10-06T09:02:13Z  OBSERVE  paymentservice  rejection=0.0000  low=18 high=0  state=ON
2026-10-06T09:02:13Z  OBSERVE  productcatalogservice  rejection=0.0000  low=18 high=0  state=ON
2026-10-06T09:02:13Z  OBSERVE  recommendationservice  rejection=0.0000  low=18 high=0  state=ON
2026-10-06T09:02:13Z  OBSERVE  shippingservice  rejection=0.0000  low=18 high=0  state=ON
2026-10-06T09:02:14Z  OBSERVE  adservice  rejection=0.0000  low=19 high=0  state=ON
2026-10-06T09:02:14Z  OBSERVE  cartservice  rejection=0.0000  low=19 high=0  state=ON
2026-10-06T09:02:14Z  OBSERVE  checkoutservice  rejection=0.0000  low=19 high=0  state=ON
2026-10-06T09:02:14Z  OBSERVE  currencyservice  rejection=0.0000  low=19 high=0  state=ON
2026-10-06T09:02:14Z  OBSERVE  emailservice  rejection=0.0000  low=19 high=0  state=ON
2026-10-06T09:02:14Z  OBSERVE  paymentservice  rejection=0.0000  low=19 high=0  state=ON
2026-10-06T09:02:14Z  OBSERVE  productcatalogservice  rejection=0.0000  low=19 high=0  state=ON
2026-10-06T09:02:14Z  OBSERVE  recommendationservice  rejection=0.0000  low=19 high=0  state=ON
2026-10-06T09:02:14Z  OBSERVE  shippingservice  rejection=0.0000  low=19 high=0  state=ON
2026-10-06T09:02:15Z  OBSERVE  adservice  rejection=0.0000  low=20 high=0  state=ON
2026-10-06T09:02:15Z  OBSERVE  cartservice  rejection=0.0000  low=20 high=0  state=ON
2026-10-06T09:02:15Z  OBSERVE  checkoutservice  rejection=0.0000  low=20 high=0  state=ON
2026-10-06T09:02:15Z  OBSERVE  currencyservice  rejection=0.0000  low=20 high=0  state=ON
2026-10-06T09:02:15Z  OBSERVE  emailservice  rejection=0.0000  low=20 high=0  state=ON
2026-10-06T09:02:15Z  OBSERVE  paymentservice  rejection=0.0000  low=20 high=0  state=ON
2026-10-06T09:02:15Z  OBSERVE  productcatalogservice  rejection=0.0000  low=20 high=0  state=ON
2026-10-06T09:02:15Z  OBSERVE  recommendationservice  rejection=0.0000  low=20 high=0  state=ON
2026-10-06T09:02:15Z  OBSERVE  shippingservice  rejection=0.0000  low=20 high=0  state=ON
2026-10-06T09:02:16Z  OBSERVE  adservice  rejection=0.0000  low=21 high=0  state=ON
2026-10-06T09:02:16Z  OBSERVE  cartservice  rejection=0.0000  low=21 high=0  state=ON
2026-10-06T09:02:16Z  OBSERVE  checkoutservice  rejection=0.0000  low=21 high=0  state=ON
2026-10-06T09:02:16Z  OBSERVE  currencyservice  rejection=0.0000  low=21 high=0  state=ON
2026-10-06T09:02:16Z  OBSERVE  emailservice  rejection=0.0000  low=21 high=0  state=ON
2026-10-06T09:02:16Z  OBSERVE  paymentservice  rejection=0.0000  low=21 high=0  state=ON
2026-10-06T09:02:16Z  OBSERVE  productcatalogservice  rejection=0.0000  low=21 high=0  state=ON
2026-10-06T09:02:16Z  OBSERVE  recommendationservice  rejection=0.0000  low=21 high=0  state=ON
2026-10-06T09:02:16Z  OBSERVE  shippingservice  rejection=0.0000  low=21 high=0  state=ON
2026-10-06T09:02:17Z  OBSERVE  adservice  rejection=0.0000  low=22 high=0  state=ON
2026-10-06T09:02:17Z  OBSERVE  cartservice  rejection=0.0000  low=22 high=0  state=ON
2026-10-06T09:02:17Z  OBSERVE  checkoutservice  rejection=0.0000  low=22 high=0  state=ON
2026-10-06T09:02:17Z  OBSERVE  currencyservice  rejection=0.0000  low=22 high=0  state=ON
2026-10-06T09:02:17Z  OBSERVE  emailservice  rejection=0.0000  low=22 high=0  state=ON
2026-10-06T09:02:17Z  OBSERVE  paymentservice  rejection=0.0000  low=22 high=0  state=ON
2026-10-06T09:02:17Z  OBSERVE  productcatalogservice  rejection=0.0000  low=22 high=0  state=ON
2026-10-06T09:02:17Z  OBSERVE  recommendationservice  rejection=0.0000  low=22 high=0  state=ON
2026-10-06T09:02:17Z  OBSERVE  shippingservice  rejection=0.0000  low=22 high=0  state=ON
2026-10-06T09:02:18Z  OBSERVE  adservice  rejection=0.0000  low=23 high=0  state=ON
2026-10-06T09:02:18Z  OBSERVE  cartservice  rejection=0.0000  low=23 high=0  state=ON
2026-10-06T09:02:18Z  OBSERVE  checkoutservice  rejection=0.0000  low=23 high=0  state=ON
2026-10-06T09:02:18Z  OBSERVE  currencyservice  rejection=0.0000  low=23 high=0  state=ON
2026-10-06T09:02:18Z  OBSERVE  emailservice  rejection=0.0000  low=23 high=0  state=ON
2026-10-06T09:02:18Z  OBSERVE  paymentservice  rejection=0.0000  low=23 high=0  state=ON
2026-10-06T09:02:18Z  OBSERVE  productcatalogservice  rejection=0.0000  low=23 high=0  state=ON
2026-10-06T09:02:18Z  OBSERVE  recommendationservice  rejection=0.0588  low=23 high=0  state=ON
2026-10-06T09:02:18Z  OBSERVE  shippingservice  rejection=0.0000  low=23 high=0  state=ON
2026-10-06T09:02:19Z  OBSERVE  adservice  rejection=0.0000  low=24 high=0  state=ON
2026-10-06T09:02:19Z  OBSERVE  cartservice  rejection=0.0000  low=24 high=0  state=ON
2026-10-06T09:02:19Z  OBSERVE  checkoutservice  rejection=0.0000  low=24 high=0  state=ON
2026-10-06T09:02:19Z  OBSERVE  currencyservice  rejection=0.0000  low=24 high=0  state=ON
2026-10-06T09:02:19Z  OBSERVE  emailservice  rejection=0.0000  low=24 high=0  state=ON
2026-10-06T09:02:19Z  OBSERVE  paymentservice  rejection=0.0000  low=24 high=0  state=ON
2026-10-06T09:02:19Z  OBSERVE  productcatalogservice  rejection=0.0000  low=24 high=0  state=ON
2026-10-06T09:02:19Z  OBSERVE  recommendationservice  rejection=0.0000  low=24 high=0  state=ON
2026-10-06T09:02:19Z  OBSERVE  shippingservice  rejection=0.0000  low=24 high=0  state=ON
2026-10-06T09:02:20Z  OBSERVE  adservice  rejection=0.0000  low=25 high=0  state=ON
2026-10-06T09:02:20Z  OBSERVE  cartservice  rejection=0.0000  low=25 high=0  state=ON
2026-10-06T09:02:20Z  OBSERVE  checkoutservice  rejection=0.0000  low=25 high=0  state=ON
2026-10-06T09:02:20Z  OBSERVE  currencyservice  rejection=0.0000  low=25 high=0  state=ON
2026-10-06T09:02:20Z  OBSERVE  emailservice  rejection=0.0000  low=25 high=0  state=ON
2026-10-06T09:02:20Z  OBSERVE  paymentservice  rejection=0.0000  low=25 high=0  state=ON
2026-10-06T09:02:20Z  OBSERVE  productcatalogservice  rejection=0.0000  low=25 high=0  state=ON
2026-10-06T09:02:20Z  OBSERVE  recommendationservice  rejection=0.0000  low=25 high=0  state=ON
2026-10-06T09:02:20Z  OBSERVE  shippingservice  rejection=0.0000  low=25 high=0  state=ON
2026-10-06T09:02:21Z  OBSERVE  adservice  rejection=0.0000  low=26 high=0  state=ON
2026-10-06T09:02:21Z  OBSERVE  cartservice  rejection=0.0000  low=26 high=0  state=ON
2026-10-06T09:02:21Z  OBSERVE  checkoutservice  rejection=0.0000  low=26 high=0  state=ON
2026-10-06T09:02:21Z  OBSERVE  currencyservice  rejection=0.0000  low=26 high=0  state=ON
2026-10-06T09:02:21Z  OBSERVE  emailservice  rejection=0.0000  low=26 high=0  state=ON
2026-10-06T09:02:21Z  OBSERVE  paymentservice  rejection=0.0000  low=26 high=0  state=ON
2026-10-06T09:02:21Z  OBSERVE  productcatalogservice  rejection=0.0000  low=26 high=0  state=ON
2026-10-06T09:02:21Z  OBSERVE  recommendationservice  rejection=0.0000  low=26 high=0  state=ON
2026-10-06T09:02:21Z  OBSERVE  shippingservice  rejection=0.0000  low=26 high=0  state=ON
2026-10-06T09:02:22Z  OBSERVE  adservice  rejection=0.0000  low=27 high=0  state=ON
2026-10-06T09:02:22Z  OBSERVE  cartservice  rejection=0.0000  low=27 high=0  state=ON
2026-10-06T09:02:22Z  OBSERVE  checkoutservice  rejection=0.0000  low=27 high=0  state=ON
2026-10-06T09:02:22Z  OBSERVE  currencyservice  rejection=0.0000  low=27 high=0  state=ON
2026-10-06T09:02:22Z  OBSERVE  emailservice  rejection=0.0000  low=27 high=0  state=ON
2026-10-06T09:02:22Z  OBSERVE  paymentservice  rejection=0.0000  low=27 high=0  state=ON
2026-10-06T09:02:22Z  OBSERVE  productcatalogservice  rejection=0.0000  low=27 high=0  state=ON
2026-10-06T09:02:22Z  OBSERVE  recommendationservice  rejection=0.0000  low=27 high=0  state=ON
2026-10-06T09:02:22Z  OBSERVE  shippingservice  rejection=0.0000  low=27 high=0  state=ON
2026-10-06T09:02:23Z  OBSERVE  adservice  rejection=0.0000  low=28 high=0  state=ON
2026-10-06T09:02:23Z  OBSERVE  cartservice  rejection=0.0000  low=28 high=0  state=ON
2026-10-06T09:02:23Z  OBSERVE  checkoutservice  rejection=0.0000  low=28 high=0  state=ON
2026-10-06T09:02:23Z  OBSERVE  currencyservice  rejection=0.0000  low=28 high=0  state=ON
2026-10-06T09:02:23Z  OBSERVE  emailservice  rejection=0.0000  low=28 high=0  state=ON
2026-10-06T09:02:23Z  OBSERVE  paymentservice  rejection=0.0000  low=28 high=0  state=ON
2026-10-06T09:02:23Z  OBSERVE  productcatalogservice  rejection=0.0000  low=28 high=0  state=ON
2026-10-06T09:02:23Z  OBSERVE  recommendationservice  rejection=0.0000  low=28 high=0  state=ON
2026-10-06T09:02:23Z  OBSERVE  shippingservice  rejection=0.0000  low=28 high=0  state=ON
2026-10-06T09:02:24Z  OBSERVE  adservice  rejection=0.0000  low=29 high=0  state=ON
2026-10-06T09:02:24Z  OBSERVE  cartservice  rejection=0.0000  low=29 high=0  state=ON
2026-10-06T09:02:24Z  OBSERVE  checkoutservice  rejection=0.0000  low=29 high=0  state=ON
2026-10-06T09:02:24Z  OBSERVE  currencyservice  rejection=0.0000  low=29 high=0  state=ON
2026-10-06T09:02:24Z  OBSERVE  emailservice  rejection=0.0000  low=29 high=0  state=ON
2026-10-06T09:02:24Z  OBSERVE  paymentservice  rejection=0.0000  low=29 high=0  state=ON
2026-10-06T09:02:24Z  OBSERVE  productcatalogservice  rejection=0.0000  low=29 high=0  state=ON
2026-10-06T09:02:24Z  OBSERVE  recommendationservice  rejection=0.0000  low=29 high=0  state=ON
2026-10-06T09:02:24Z  OBSERVE  shippingservice  rejection=0.0000  low=29 high=0  state=ON
2026-10-06T09:02:25Z  OBSERVE  adservice  rejection=0.0000  low=30 high=0  state=ON
2026-10-06T09:02:25Z  OBSERVE  cartservice  rejection=0.0000  low=30 high=0  state=ON
2026-10-06T09:02:25Z  OBSERVE  checkoutservice  rejection=0.0000  low=30 high=0  state=ON
2026-10-06T09:02:25Z  OBSERVE  currencyservice  rejection=0.0000  low=30 high=0  state=ON
2026-10-06T09:02:25Z  OBSERVE  emailservice  rejection=0.0000  low=30 high=0  state=ON
2026-10-06T09:02:25Z  OBSERVE  paymentservice  rejection=0.0000  low=30 high=0  state=ON
2026-10-06T09:02:25Z  OBSERVE  productcatalogservice  rejection=0.0000  low=30 high=0  state=ON
2026-10-06T09:02:25Z  OBSERVE  recommendationservice  rejection=0.0000  low=30 high=0  state=ON
2026-10-06T09:02:25Z  OBSERVE  shippingservice  rejection=0.0000  low=30 high=0  state=ON
2026-10-06T09:02:26Z  OBSERVE  adservice  rejection=0.0000  low=31 high=0  state=ON
2026-10-06T09:02:26Z  OBSERVE  cartservice  rejection=0.0000  low=31 high=0  state=ON
2026-10-06T09:02:26Z  OBSERVE  checkoutservice  rejection=0.0000  low=31 high=0  state=ON
2026-10-06T09:02:26Z  OBSERVE  currencyservice  rejection=0.0000  low=31 high=0  state=ON
2026-10-06T09:02:26Z  OBSERVE  emailservice  rejection=0.0000  low=31 high=0  state=ON
2026-10-06T09:02:26Z  OBSERVE  paymentservice  rejection=0.0000  low=31 high=0  state=ON
2026-10-06T09:02:26Z  OBSERVE  productcatalogservice  rejection=0.0000  low=31 high=0  state=ON
2026-10-06T09:02:26Z  OBSERVE  recommendationservice  rejection=0.0000  low=31 high=0  state=ON
2026-10-06T09:02:26Z  OBSERVE  shippingservice  rejection=0.0000  low=31 high=0  state=ON
2026-10-06T09:02:27Z  OBSERVE  adservice  rejection=0.0000  low=32 high=0  state=ON
2026-10-06T09:02:27Z  OBSERVE  cartservice  rejection=0.0000  low=32 high=0  state=ON
2026-10-06T09:02:27Z  OBSERVE  checkoutservice  rejection=0.0000  low=32 high=0  state=ON
2026-10-06T09:02:27Z  OBSERVE  currencyservice  rejection=0.0000  low=32 high=0  state=ON
2026-10-06T09:02:27Z  OBSERVE  emailservice  rejection=0.0000  low=32 high=0  state=ON
2026-10-06T09:02:27Z  OBSERVE  paymentservice  rejection=0.0000  low=32 high=0  state=ON
2026-10-06T09:02:27Z  OBSERVE  productcatalogservice  rejection=0.0000  low=32 high=0  state=ON
2026-10-06T09:02:27Z  OBSERVE  recommendationservice  rejection=0.0000  low=32 high=0  state=ON
2026-10-06T09:02:27Z  OBSERVE  shippingservice  rejection=0.0000  low=32 high=0  state=ON
2026-10-06T09:02:28Z  OBSERVE  adservice  rejection=0.0000  low=33 high=0  state=ON
2026-10-06T09:02:28Z  OBSERVE  cartservice  rejection=0.0000  low=33 high=0  state=ON
2026-10-06T09:02:28Z  OBSERVE  checkoutservice  rejection=0.0000  low=33 high=0  state=ON
2026-10-06T09:02:28Z  OBSERVE  currencyservice  rejection=0.0000  low=33 high=0  state=ON
2026-10-06T09:02:28Z  OBSERVE  emailservice  rejection=0.0000  low=33 high=0  state=ON
2026-10-06T09:02:28Z  OBSERVE  paymentservice  rejection=0.0000  low=33 high=0  state=ON
2026-10-06T09:02:28Z  OBSERVE  productcatalogservice  rejection=0.0000  low=33 high=0  state=ON
2026-10-06T09:02:28Z  OBSERVE  recommendationservice  rejection=0.0000  low=33 high=0  state=ON
2026-10-06T09:02:28Z  OBSERVE  shippingservice  rejection=0.0000  low=33 high=0  state=ON
2026-10-06T09:02:29Z  OBSERVE  adservice  rejection=0.0000  low=34 high=0  state=ON
2026-10-06T09:02:29Z  OBSERVE  cartservice  rejection=0.0000  low=34 high=0  state=ON
2026-10-06T09:02:29Z  OBSERVE  checkoutservice  rejection=0.0000  low=34 high=0  state=ON
2026-10-06T09:02:29Z  OBSERVE  currencyservice  rejection=0.0000  low=34 high=0  state=ON
2026-10-06T09:02:29Z  OBSERVE  emailservice  rejection=0.0000  low=34 high=0  state=ON
2026-10-06T09:02:29Z  OBSERVE  paymentservice  rejection=0.0000  low=34 high=0  state=ON
2026-10-06T09:02:29Z  OBSERVE  productcatalogservice  rejection=0.0000  low=34 high=0  state=ON
2026-10-06T09:02:29Z  OBSERVE  recommendationservice  rejection=0.0000  low=34 high=0  state=ON
2026-10-06T09:02:29Z  OBSERVE  shippingservice  rejection=0.0000  low=34 high=0  state=ON
2026-10-06T09:02:30Z  OBSERVE  adservice  rejection=0.0000  low=35 high=0  state=ON
2026-10-06T09:02:30Z  OBSERVE  cartservice  rejection=0.0000  low=35 high=0  state=ON
2026-10-06T09:02:30Z  OBSERVE  checkoutservice  rejection=0.0000  low=35 high=0  state=ON
2026-10-06T09:02:30Z  OBSERVE  currencyservice  rejection=0.0000  low=35 high=0  state=ON
2026-10-06T09:02:30Z  OBSERVE  emailservice  rejection=0.0000  low=35 high=0  state=ON
2026-10-06T09:02:30Z  OBSERVE  paymentservice  rejection=0.0000  low=35 high=0  state=ON
2026-10-06T09:02:30Z  OBSERVE  productcatalogservice  rejection=0.0000  low=35 high=0  state=ON
2026-10-06T09:02:30Z  OBSERVE  recommendationservice  rejection=0.0000  low=35 high=0  state=ON
2026-10-06T09:02:30Z  OBSERVE  shippingservice  rejection=0.0000  low=35 high=0  state=ON
2026-10-06T09:02:31Z  OBSERVE  adservice  rejection=0.0000  low=36 high=0  state=ON
2026-10-06T09:02:31Z  OBSERVE  cartservice  rejection=0.0000  low=36 high=0  state=ON
2026-10-06T09:02:31Z  OBSERVE  checkoutservice  rejection=0.0000  low=36 high=0  state=ON
2026-10-06T09:02:31Z  OBSERVE  currencyservice  rejection=0.0000  low=36 high=0  state=ON
2026-10-06T09:02:31Z  OBSERVE  emailservice  rejection=0.0000  low=36 high=0  state=ON
2026-10-06T09:02:31Z  OBSERVE  paymentservice  rejection=0.0000  low=36 high=0  state=ON
2026-10-06T09:02:31Z  OBSERVE  productcatalogservice  rejection=0.0000  low=36 high=0  state=ON
2026-10-06T09:02:31Z  OBSERVE  recommendationservice  rejection=0.0000  low=36 high=0  state=ON
2026-10-06T09:02:31Z  OBSERVE  shippingservice  rejection=0.0000  low=36 high=0  state=ON
2026-10-06T09:02:32Z  OBSERVE  adservice  rejection=0.0000  low=37 high=0  state=ON
2026-10-06T09:02:32Z  OBSERVE  cartservice  rejection=0.0000  low=37 high=0  state=ON
2026-10-06T09:02:32Z  OBSERVE  checkoutservice  rejection=0.0000  low=37 high=0  state=ON
2026-10-06T09:02:32Z  OBSERVE  currencyservice  rejection=0.0000  low=37 high=0  state=ON
2026-10-06T09:02:32Z  OBSERVE  emailservice  rejection=0.0000  low=37 high=0  state=ON
2026-10-06T09:02:32Z  OBSERVE  paymentservice  rejection=0.0000  low=37 high=0  state=ON
2026-10-06T09:02:32Z  OBSERVE  productcatalogservice  rejection=0.0000  low=37 high=0  state=ON
2026-10-06T09:02:32Z  OBSERVE  recommendationservice  rejection=0.0000  low=37 high=0  state=ON
2026-10-06T09:02:32Z  OBSERVE  shippingservice  rejection=0.0000  low=37 high=0  state=ON
2026-10-06T09:02:33Z  OBSERVE  adservice  rejection=0.0000  low=38 high=0  state=ON
2026-10-06T09:02:33Z  OBSERVE  cartservice  rejection=0.0000  low=38 high=0  state=ON
2026-10-06T09:02:33Z  OBSERVE  checkoutservice  rejection=0.0000  low=38 high=0  state=ON
2026-10-06T09:02:33Z  OBSERVE  currencyservice  rejection=0.0000  low=38 high=0  state=ON
2026-10-06T09:02:33Z  OBSERVE  emailservice  rejection=0.0000  low=38 high=0  state=ON
2026-10-06T09:02:33Z  OBSERVE  paymentservice  rejection=0.0000  low=38 high=0  state=ON
2026-10-06T09:02:33Z  OBSERVE  productcatalogservice  rejection=0.0000  low=38 high=0  state=ON
2026-10-06T09:02:33Z  OBSERVE  recommendationservice  rejection=0.0000  low=38 high=0  state=ON
2026-10-06T09:02:33Z  OBSERVE  shippingservice  rejection=0.0000  low=38 high=0  state=ON
2026-10-06T09:02:34Z  OBSERVE  adservice  rejection=0.0000  low=39 high=0  state=ON
2026-10-06T09:02:34Z  OBSERVE  cartservice  rejection=0.0000  low=39 high=0  state=ON
2026-10-06T09:02:34Z  OBSERVE  checkoutservice  rejection=0.0000  low=39 high=0  state=ON
2026-10-06T09:02:34Z  OBSERVE  currencyservice  rejection=0.0000  low=39 high=0  state=ON
2026-10-06T09:02:34Z  OBSERVE  emailservice  rejection=0.0000  low=39 high=0  state=ON
2026-10-06T09:02:34Z  OBSERVE  paymentservice  rejection=0.0000  low=39 high=0  state=ON
2026-10-06T09:02:34Z  OBSERVE  productcatalogservice  rejection=0.0000  low=39 high=0  state=ON
2026-10-06T09:02:34Z  OBSERVE  recommendationservice  rejection=0.0000  low=39 high=0  state=ON
2026-10-06T09:02:34Z  OBSERVE  shippingservice  rejection=0.0000  low=39 high=0  state=ON
2026-10-06T09:02:35Z  OBSERVE  adservice  rejection=0.0000  low=40 high=0  state=ON
2026-10-06T09:02:35Z  OBSERVE  cartservice  rejection=0.0000  low=40 high=0  state=ON
2026-10-06T09:02:35Z  OBSERVE  checkoutservice  rejection=0.0000  low=40 high=0  state=ON
2026-10-06T09:02:35Z  OBSERVE  currencyservice  rejection=0.0000  low=40 high=0  state=ON
2026-10-06T09:02:35Z  OBSERVE  emailservice  rejection=0.0000  low=40 high=0  state=ON
2026-10-06T09:02:35Z  OBSERVE  paymentservice  rejection=0.0000  low=40 high=0  state=ON
2026-10-06T09:02:35Z  OBSERVE  productcatalogservice  rejection=0.0000  low=40 high=0  state=ON
2026-10-06T09:02:35Z  OBSERVE  recommendationservice  rejection=0.0000  low=40 high=0  state=ON
2026-10-06T09:02:35Z  OBSERVE  shippingservice  rejection=0.0000  low=40 high=0  state=ON
2026-10-06T09:02:36Z  OBSERVE  adservice  rejection=0.0000  low=41 high=0  state=ON
2026-10-06T09:02:36Z  OBSERVE  cartservice  rejection=0.0000  low=41 high=0  state=ON
2026-10-06T09:02:36Z  OBSERVE  checkoutservice  rejection=0.0000  low=41 high=0  state=ON
2026-10-06T09:02:36Z  OBSERVE  currencyservice  rejection=0.0000  low=41 high=0  state=ON
2026-10-06T09:02:36Z  OBSERVE  emailservice  rejection=0.0000  low=41 high=0  state=ON
2026-10-06T09:02:36Z  OBSERVE  paymentservice  rejection=0.0000  low=41 high=0  state=ON
2026-10-06T09:02:36Z  OBSERVE  productcatalogservice  rejection=0.0000  low=41 high=0  state=ON
2026-10-06T09:02:36Z  OBSERVE  recommendationservice  rejection=0.0000  low=41 high=0  state=ON
2026-10-06T09:02:36Z  OBSERVE  shippingservice  rejection=0.0000  low=41 high=0  state=ON
2026-10-06T09:02:37Z  OBSERVE  adservice  rejection=0.0000  low=42 high=0  state=ON
2026-10-06T09:02:37Z  OBSERVE  cartservice  rejection=0.0000  low=42 high=0  state=ON
2026-10-06T09:02:37Z  OBSERVE  checkoutservice  rejection=0.0000  low=42 high=0  state=ON
2026-10-06T09:02:37Z  OBSERVE  currencyservice  rejection=0.0000  low=42 high=0  state=ON
2026-10-06T09:02:37Z  OBSERVE  emailservice  rejection=0.0000  low=42 high=0  state=ON
2026-10-06T09:02:37Z  OBSERVE  paymentservice  rejection=0.0000  low=42 high=0  state=ON
2026-10-06T09:02:37Z  OBSERVE  productcatalogservice  rejection=0.0000  low=42 high=0  state=ON
2026-10-06T09:02:37Z  OBSERVE  recommendationservice  rejection=0.0000  low=42 high=0  state=ON
2026-10-06T09:02:37Z  OBSERVE  shippingservice  rejection=0.0000  low=42 high=0  state=ON
2026-10-06T09:02:38Z  OBSERVE  adservice  rejection=0.0000  low=43 high=0  state=ON
2026-10-06T09:02:38Z  OBSERVE  cartservice  rejection=0.0000  low=43 high=0  state=ON
2026-10-06T09:02:38Z  OBSERVE  checkoutservice  rejection=0.0000  low=43 high=0  state=ON
2026-10-06T09:02:38Z  OBSERVE  currencyservice  rejection=0.0000  low=43 high=0  state=ON
2026-10-06T09:02:38Z  OBSERVE  emailservice  rejection=0.0000  low=43 high=0  state=ON
2026-10-06T09:02:38Z  OBSERVE  paymentservice  rejection=0.0000  low=43 high=0  state=ON
2026-10-06T09:02:38Z  OBSERVE  productcatalogservice  rejection=0.0000  low=43 high=0  state=ON
2026-10-06T09:02:38Z  OBSERVE  recommendationservice  rejection=0.0000  low=43 high=0  state=ON
2026-10-06T09:02:38Z  OBSERVE  shippingservice  rejection=0.0000  low=43 high=0  state=ON
2026-10-06T09:02:39Z  OBSERVE  adservice  rejection=0.0000  low=44 high=0  state=ON
2026-10-06T09:02:39Z  OBSERVE  cartservice  rejection=0.0000  low=44 high=0  state=ON
2026-10-06T09:02:39Z  OBSERVE  checkoutservice  rejection=0.0000  low=44 high=0  state=ON
2026-10-06T09:02:39Z  OBSERVE  currencyservice  rejection=0.0000  low=44 high=0  state=ON
2026-10-06T09:02:39Z  OBSERVE  emailservice  rejection=0.0000  low=44 high=0  state=ON
2026-10-06T09:02:39Z  OBSERVE  paymentservice  rejection=0.0000  low=44 high=0  state=ON
2026-10-06T09:02:39Z  OBSERVE  productcatalogservice  rejection=0.0000  low=44 high=0  state=ON
2026-10-06T09:02:39Z  OBSERVE  recommendationservice  rejection=0.0000  low=44 high=0  state=ON
2026-10-06T09:02:39Z  OBSERVE  shippingservice  rejection=0.0000  low=44 high=0  state=ON
2026-10-06T09:02:40Z  OBSERVE  adservice  rejection=0.0000  low=45 high=0  state=ON
2026-10-06T09:02:40Z  OBSERVE  cartservice  rejection=0.0000  low=45 high=0  state=ON
2026-10-06T09:02:40Z  OBSERVE  checkoutservice  rejection=0.0000  low=45 high=0  state=ON
2026-10-06T09:02:40Z  OBSERVE  currencyservice  rejection=0.0000  low=45 high=0  state=ON
2026-10-06T09:02:40Z  OBSERVE  emailservice  rejection=0.0000  low=45 high=0  state=ON
2026-10-06T09:02:40Z  OBSERVE  paymentservice  rejection=0.0000  low=45 high=0  state=ON
2026-10-06T09:02:40Z  OBSERVE  productcatalogservice  rejection=0.0000  low=45 high=0  state=ON
2026-10-06T09:02:40Z  OBSERVE  recommendationservice  rejection=0.0000  low=45 high=0  state=ON
2026-10-06T09:02:40Z  OBSERVE  shippingservice  rejection=0.0000  low=45 high=0  state=ON
2026-10-06T09:02:41Z  OBSERVE  adservice  rejection=0.0000  low=46 high=0  state=ON
2026-10-06T09:02:41Z  OBSERVE  cartservice  rejection=0.0000  low=46 high=0  state=ON
2026-10-06T09:02:41Z  OBSERVE  checkoutservice  rejection=0.0000  low=46 high=0  state=ON
2026-10-06T09:02:41Z  OBSERVE  currencyservice  rejection=0.0000  low=46 high=0  state=ON
2026-10-06T09:02:41Z  OBSERVE  emailservice  rejection=0.0000  low=46 high=0  state=ON
2026-10-06T09:02:41Z  OBSERVE  paymentservice  rejection=0.0000  low=46 high=0  state=ON
2026-10-06T09:02:41Z  OBSERVE  productcatalogservice  rejection=0.0000  low=46 high=0  state=ON
2026-10-06T09:02:41Z  OBSERVE  recommendationservice  rejection=0.0000  low=46 high=0  state=ON
2026-10-06T09:02:41Z  OBSERVE  shippingservice  rejection=0.0000  low=46 high=0  state=ON
2026-10-06T09:02:42Z  OBSERVE  adservice  rejection=0.0000  low=47 high=0  state=ON
2026-10-06T09:02:42Z  OBSERVE  cartservice  rejection=0.0000  low=47 high=0  state=ON
2026-10-06T09:02:42Z  OBSERVE  checkoutservice  rejection=0.0000  low=47 high=0  state=ON
2026-10-06T09:02:42Z  OBSERVE  currencyservice  rejection=0.0000  low=47 high=0  state=ON
2026-10-06T09:02:42Z  OBSERVE  emailservice  rejection=0.0000  low=47 high=0  state=ON
2026-10-06T09:02:42Z  OBSERVE  paymentservice  rejection=0.0000  low=47 high=0  state=ON
2026-10-06T09:02:42Z  OBSERVE  productcatalogservice  rejection=0.0000  low=47 high=0  state=ON
2026-10-06T09:02:42Z  OBSERVE  recommendationservice  rejection=0.0000  low=47 high=0  state=ON
2026-10-06T09:02:42Z  OBSERVE  shippingservice  rejection=0.0000  low=47 high=0  state=ON
2026-10-06T09:02:43Z  OBSERVE  adservice  rejection=0.0000  low=48 high=0  state=ON
2026-10-06T09:02:43Z  OBSERVE  cartservice  rejection=0.0000  low=48 high=0  state=ON
2026-10-06T09:02:43Z  OBSERVE  checkoutservice  rejection=0.0000  low=48 high=0  state=ON
2026-10-06T09:02:43Z  OBSERVE  currencyservice  rejection=0.0000  low=48 high=0  state=ON
2026-10-06T09:02:43Z  OBSERVE  emailservice  rejection=0.0000  low=48 high=0  state=ON
2026-10-06T09:02:43Z  OBSERVE  paymentservice  rejection=0.0000  low=48 high=0  state=ON
2026-10-06T09:02:43Z  OBSERVE  productcatalogservice  rejection=0.0000  low=48 high=0  state=ON
2026-10-06T09:02:43Z  OBSERVE  recommendationservice  rejection=0.0000  low=48 high=0  state=ON
2026-10-06T09:02:43Z  OBSERVE  shippingservice  rejection=0.0000  low=48 high=0  state=ON
2026-10-06T09:02:44Z  OBSERVE  adservice  rejection=0.0000  low=49 high=0  state=ON
2026-10-06T09:02:44Z  OBSERVE  cartservice  rejection=0.0000  low=49 high=0  state=ON
2026-10-06T09:02:44Z  OBSERVE  checkoutservice  rejection=0.0000  low=49 high=0  state=ON
2026-10-06T09:02:44Z  OBSERVE  currencyservice  rejection=0.0000  low=49 high=0  state=ON
2026-10-06T09:02:44Z  OBSERVE  emailservice  rejection=0.0000  low=49 high=0  state=ON
2026-10-06T09:02:44Z  OBSERVE  paymentservice  rejection=0.0000  low=49 high=0  state=ON
2026-10-06T09:02:44Z  OBSERVE  productcatalogservice  rejection=0.0000  low=49 high=0  state=ON
2026-10-06T09:02:44Z  OBSERVE  recommendationservice  rejection=0.0000  low=49 high=0  state=ON
2026-10-06T09:02:44Z  OBSERVE  shippingservice  rejection=0.0000  low=49 high=0  state=ON
2026-10-06T09:02:45Z  OBSERVE  adservice  rejection=0.0000  low=50 high=0  state=ON
2026-10-06T09:02:45Z  OBSERVE  cartservice  rejection=0.0000  low=50 high=0  state=ON
2026-10-06T09:02:45Z  OBSERVE  checkoutservice  rejection=0.0676  low=50 high=0  state=ON
2026-10-06T09:02:45Z  OBSERVE  currencyservice  rejection=0.0000  low=50 high=0  state=ON
2026-10-06T09:02:45Z  OBSERVE  emailservice  rejection=0.0500  low=50 high=0  state=ON
2026-10-06T09:02:45Z  OBSERVE  paymentservice  rejection=0.0000  low=50 high=0  state=ON
2026-10-06T09:02:45Z  OBSERVE  productcatalogservice  rejection=0.0000  low=50 high=0  state=ON
2026-10-06T09:02:45Z  OBSERVE  recommendationservice  rejection=0.0000  low=50 high=0  state=ON
2026-10-06T09:02:45Z  OBSERVE  shippingservice  rejection=0.0000  low=50 high=0  state=ON
2026-10-06T09:02:46Z  OBSERVE  adservice  rejection=0.0000  low=51 high=0  state=ON
2026-10-06T09:02:46Z  OBSERVE  cartservice  rejection=0.0000  low=51 high=0  state=ON
2026-10-06T09:02:46Z  OBSERVE  checkoutservice  rejection=0.0000  low=51 high=0  state=ON
2026-10-06T09:02:46Z  OBSERVE  currencyservice  rejection=0.0000  low=51 high=0  state=ON
2026-10-06T09:02:46Z  OBSERVE  emailservice  rejection=0.0000  low=51 high=0  state=ON
2026-10-06T09:02:46Z  OBSERVE  paymentservice  rejection=0.0000  low=51 high=0  state=ON
2026-10-06T09:02:46Z  OBSERVE  productcatalogservice  rejection=0.0000  low=51 high=0  state=ON
2026-10-06T09:02:46Z  OBSERVE  recommendationservice  rejection=0.0000  low=51 high=0  state=ON
2026-10-06T09:02:46Z  OBSERVE  shippingservice  rejection=0.0000  low=51 high=0  state=ON
2026-10-06T09:02:47Z  OBSERVE  adservice  rejection=0.0000  low=52 high=0  state=ON
2026-10-06T09:02:47Z  OBSERVE  cartservice  rejection=0.0000  low=52 high=0  state=ON
2026-10-06T09:02:47Z  OBSERVE  checkoutservice  rejection=0.0000  low=52 high=0  state=ON
2026-10-06T09:02:47Z  OBSERVE  currencyservice  rejection=0.0000  low=52 high=0  state=ON
2026-10-06T09:02:47Z  OBSERVE  emailservice  rejection=0.0000  low=52 high=0  state=ON
2026-10-06T09:02:47Z  OBSERVE  paymentservice  rejection=0.0000  low=52 high=0  state=ON
2026-10-06T09:02:47Z  OBSERVE  productcatalogservice  rejection=0.0000  low=52 high=0  state=ON
2026-10-06T09:02:47Z  OBSERVE  recommendationservice  rejection=0.0000  low=52 high=0  state=ON
2026-10-06T09:02:47Z  OBSERVE  shippingservice  rejection=0.0000  low=52 high=0  state=ON
2026-10-06T09:02:48Z  OBSERVE  adservice  rejection=0.0000  low=53 high=0  state=ON
2026-10-06T09:02:48Z  OBSERVE  cartservice  rejection=0.0000  low=53 high=0  state=ON
2026-10-06T09:02:48Z  OBSERVE  checkoutservice  rejection=0.0133  low=53 high=0  state=ON
2026-10-06T09:02:48Z  OBSERVE  currencyservice  rejection=0.0000  low=53 high=0  state=ON
2026-10-06T09:02:48Z  OBSERVE  emailservice  rejection=0.0000  low=53 high=0  state=ON
2026-10-06T09:02:48Z  OBSERVE  paymentservice  rejection=0.0000  low=53 high=0  state=ON
2026-10-06T09:02:48Z  OBSERVE  productcatalogservice  rejection=0.0000  low=53 high=0  state=ON
2026-10-06T09:02:48Z  OBSERVE  recommendationservice  rejection=0.0000  low=53 high=0  state=ON
2026-10-06T09:02:48Z  OBSERVE  shippingservice  rejection=0.0000  low=53 high=0  state=ON
2026-10-06T09:02:49Z  OBSERVE  adservice  rejection=0.0000  low=54 high=0  state=ON
2026-10-06T09:02:49Z  OBSERVE  cartservice  rejection=0.0000  low=54 high=0  state=ON
2026-10-06T09:02:49Z  OBSERVE  checkoutservice  rejection=0.0000  low=54 high=0  state=ON
2026-10-06T09:02:49Z  OBSERVE  currencyservice  rejection=0.0000  low=54 high=0  state=ON
2026-10-06T09:02:49Z  OBSERVE  emailservice  rejection=0.0000  low=54 high=0  state=ON
2026-10-06T09:02:49Z  OBSERVE  paymentservice  rejection=0.0000  low=54 high=0  state=ON
2026-10-06T09:02:49Z  OBSERVE  productcatalogservice  rejection=0.0000  low=54 high=0  state=ON
2026-10-06T09:02:49Z  OBSERVE  recommendationservice  rejection=0.0000  low=54 high=0  state=ON
2026-10-06T09:02:49Z  OBSERVE  shippingservice  rejection=0.0000  low=54 high=0  state=ON
2026-10-06T09:02:50Z  OBSERVE  adservice  rejection=0.0000  low=55 high=0  state=ON
2026-10-06T09:02:50Z  OBSERVE  cartservice  rejection=0.0000  low=55 high=0  state=ON
2026-10-06T09:02:50Z  OBSERVE  checkoutservice  rejection=0.0000  low=55 high=0  state=ON
2026-10-06T09:02:50Z  OBSERVE  currencyservice  rejection=0.0000  low=55 high=0  state=ON
2026-10-06T09:02:50Z  OBSERVE  emailservice  rejection=0.0000  low=55 high=0  state=ON
2026-10-06T09:02:50Z  OBSERVE  paymentservice  rejection=0.0000  low=55 high=0  state=ON
2026-10-06T09:02:50Z  OBSERVE  productcatalogservice  rejection=0.0000  low=55 high=0  state=ON
2026-10-06T09:02:50Z  OBSERVE  recommendationservice  rejection=0.0000  low=55 high=0  state=ON
2026-10-06T09:02:50Z  OBSERVE  shippingservice  rejection=0.0000  low=55 high=0  state=ON
2026-10-06T09:02:51Z  OBSERVE  adservice  rejection=0.0000  low=56 high=0  state=ON
2026-10-06T09:02:51Z  OBSERVE  cartservice  rejection=0.0000  low=56 high=0  state=ON
2026-10-06T09:02:51Z  OBSERVE  checkoutservice  rejection=0.0000  low=56 high=0  state=ON
2026-10-06T09:02:51Z  OBSERVE  currencyservice  rejection=0.0000  low=56 high=0  state=ON
2026-10-06T09:02:51Z  OBSERVE  emailservice  rejection=0.0000  low=56 high=0  state=ON
2026-10-06T09:02:51Z  OBSERVE  paymentservice  rejection=0.0000  low=56 high=0  state=ON
2026-10-06T09:02:51Z  OBSERVE  productcatalogservice  rejection=0.0000  low=56 high=0  state=ON
2026-10-06T09:02:51Z  OBSERVE  recommendationservice  rejection=0.0000  low=56 high=0  state=ON
2026-10-06T09:02:51Z  OBSERVE  shippingservice  rejection=0.0000  low=56 high=0  state=ON
2026-10-06T09:02:52Z  OBSERVE  adservice  rejection=0.0000  low=57 high=0  state=ON
2026-10-06T09:02:52Z  OBSERVE  cartservice  rejection=0.0000  low=57 high=0  state=ON
2026-10-06T09:02:52Z  OBSERVE  checkoutservice  rejection=0.0000  low=57 high=0  state=ON
2026-10-06T09:02:52Z  OBSERVE  currencyservice  rejection=0.0000  low=57 high=0  state=ON
2026-10-06T09:02:52Z  OBSERVE  emailservice  rejection=0.0000  low=57 high=0  state=ON
2026-10-06T09:02:52Z  OBSERVE  paymentservice  rejection=0.0000  low=57 high=0  state=ON
2026-10-06T09:02:52Z  OBSERVE  productcatalogservice  rejection=0.0000  low=57 high=0  state=ON
2026-10-06T09:02:52Z  OBSERVE  recommendationservice  rejection=0.0000  low=57 high=0  state=ON
2026-10-06T09:02:52Z  OBSERVE  shippingservice  rejection=0.0000  low=57 high=0  state=ON
2026-10-06T09:02:53Z  OBSERVE  adservice  rejection=0.0000  low=58 high=0  state=ON
2026-10-06T09:02:53Z  OBSERVE  cartservice  rejection=0.0000  low=58 high=0  state=ON
2026-10-06T09:02:53Z  OBSERVE  checkoutservice  rejection=0.0000  low=58 high=0  state=ON
2026-10-06T09:02:53Z  OBSERVE  currencyservice  rejection=0.0000  low=58 high=0  state=ON
2026-10-06T09:02:53Z  OBSERVE  emailservice  rejection=0.0123  low=58 high=0  state=ON
2026-10-06T09:02:53Z  OBSERVE  paymentservice  rejection=0.0000  low=58 high=0  state=ON
2026-10-06T09:02:53Z  OBSERVE  productcatalogservice  rejection=0.0000  low=58 high=0  state=ON
2026-10-06T09:02:53Z  OBSERVE  recommendationservice  rejection=0.0000  low=58 high=0  state=ON
2026-10-06T09:02:53Z  OBSERVE  shippingservice  rejection=0.0000  low=58 high=0  state=ON
2026-10-06T09:02:54Z  OBSERVE  adservice  rejection=0.0000  low=59 high=0  state=ON
2026-10-06T09:02:54Z  OBSERVE  cartservice  rejection=0.0000  low=59 high=0  state=ON
2026-10-06T09:02:54Z  OBSERVE  checkoutservice  rejection=0.0233  low=59 high=0  state=ON
2026-10-06T09:02:54Z  OBSERVE  currencyservice  rejection=0.0000  low=59 high=0  state=ON
2026-10-06T09:02:54Z  OBSERVE  emailservice  rejection=0.1294  low=59 high=0  state=ON
2026-10-06T09:02:54Z  OBSERVE  paymentservice  rejection=0.0000  low=59 high=0  state=ON
2026-10-06T09:02:54Z  OBSERVE  productcatalogservice  rejection=0.0000  low=59 high=0  state=ON
2026-10-06T09:02:54Z  OBSERVE  recommendationservice  rejection=0.0000  low=59 high=0  state=ON
2026-10-06T09:02:54Z  OBSERVE  shippingservice  rejection=0.0000  low=59 high=0  state=ON
2026-10-06T09:02:55Z  OBSERVE  adservice  rejection=0.0000  low=60 high=0  state=ON
2026-10-06T09:02:55Z  OBSERVE  cartservice  rejection=0.0017  low=60 high=0  state=ON
2026-10-06T09:02:55Z  OBSERVE  checkoutservice  rejection=0.4103  low=0 high=1  state=ON
2026-10-06T09:02:55Z  OBSERVE  currencyservice  rejection=0.0000  low=60 high=0  state=ON
2026-10-06T09:02:55Z  OBSERVE  emailservice  rejection=0.5435  low=0 high=1  state=ON
2026-10-06T09:02:55Z  OBSERVE  paymentservice  rejection=0.0088  low=60 high=0  state=ON
2026-10-06T09:02:55Z  OBSERVE  productcatalogservice  rejection=0.0000  low=60 high=0  state=ON
2026-10-06T09:02:55Z  OBSERVE  recommendationservice  rejection=0.0000  low=60 high=0  state=ON
2026-10-06T09:02:55Z  OBSERVE  shippingservice  rejection=0.0048  low=60 high=0  state=ON
2026-10-06T09:02:56Z  OBSERVE  adservice  rejection=0.0000  low=61 high=0  state=ON
2026-10-06T09:02:56Z  OBSERVE  cartservice  rejection=0.0093  low=61 high=0  state=ON
2026-10-06T09:02:56Z  OBSERVE  checkoutservice  rejection=0.5570  low=0 high=2  state=ON
2026-10-06T09:02:56Z  OBSERVE  currencyservice  rejection=0.0000  low=61 high=0  state=ON
2026-10-06T09:02:56Z  OBSERVE  emailservice  rejection=0.0000  low=1 high=0  state=ON
2026-10-06T09:02:56Z  OBSERVE  paymentservice  rejection=0.0305  low=61 high=0  state=ON
2026-10-06T09:02:56Z  OBSERVE  productcatalogservice  rejection=0.0000  low=61 high=0  state=ON
2026-10-06T09:02:56Z  OBSERVE  recommendationservice  rejection=0.0000  low=61 high=0  state=ON
2026-10-06T09:02:56Z  OBSERVE  shippingservice  rejection=0.0211  low=61 high=0  state=ON
2026-10-06T09:02:57Z  OBSERVE  adservice  rejection=0.0000  low=62 high=0  state=ON
2026-10-06T09:02:57Z  OBSERVE  cartservice  rejection=0.0090  low=62 high=0  state=ON
2026-10-06T09:02:57Z  OBSERVE  checkoutservice  rejection=0.4423  low=0 high=3  state=ON
2026-10-06T09:02:57Z  OBSERVE  currencyservice  rejection=0.0000  low=62 high=0  state=ON
2026-10-06T09:02:57Z  OBSERVE  emailservice  rejection=0.5000  low=0 high=1  state=ON
2026-10-06T09:02:57Z  OBSERVE  paymentservice  rejection=0.0161  low=62 high=0  state=ON
2026-10-06T09:02:57Z  OBSERVE  productcatalogservice  rejection=0.0000  low=62 high=0  state=ON
2026-10-06T09:02:57Z  OBSERVE  recommendationservice  rejection=0.0000  low=62 high=0  state=ON
2026-10-06T09:02:57Z  OBSERVE  shippingservice  rejection=0.0152  low=62 high=0  state=ON
2026-10-06T09:02:58Z  OBSERVE  adservice  rejection=0.0000  low=63 high=0  state=ON
2026-10-06T09:02:58Z  OBSERVE  cartservice  rejection=0.0051  low=63 high=0  state=ON
2026-10-06T09:02:58Z  OBSERVE  checkoutservice  rejection=0.5697  low=0 high=4  state=ON
2026-10-06T09:02:58Z  OBSERVE  currencyservice  rejection=0.0000  low=63 high=0  state=ON
2026-10-06T09:02:58Z  OBSERVE  emailservice  rejection=0.5000  low=0 high=2  state=ON
2026-10-06T09:02:58Z  OBSERVE  paymentservice  rejection=0.0698  low=63 high=0  state=ON
2026-10-06T09:02:58Z  OBSERVE  productcatalogservice  rejection=0.0000  low=63 high=0  state=ON
2026-10-06T09:02:58Z  OBSERVE  recommendationservice  rejection=0.0000  low=63 high=0  state=ON
2026-10-06T09:02:58Z  OBSERVE  shippingservice  rejection=0.0263  low=63 high=0  state=ON
2026-10-06T09:02:59Z  OBSERVE  adservice  rejection=0.0000  low=64 high=0  state=ON
2026-10-06T09:02:59Z  OBSERVE  cartservice  rejection=0.0051  low=64 high=0  state=ON
2026-10-06T09:02:59Z  OBSERVE  checkoutservice  rejection=0.5063  low=0 high=5  state=ON
2026-10-06T09:02:59Z  OBSERVE  currencyservice  rejection=0.0000  low=64 high=0  state=ON
2026-10-06T09:02:59Z  OBSERVE  emailservice  rejection=0.0000  low=1 high=0  state=ON
2026-10-06T09:02:59Z  OBSERVE  paymentservice  rejection=0.0347  low=64 high=0  state=ON
2026-10-06T09:02:59Z  OBSERVE  productcatalogservice  rejection=0.0000  low=64 high=0  state=ON
2026-10-06T09:02:59Z  OBSERVE  recommendationservice  rejection=0.0000  low=64 high=0  state=ON
2026-10-06T09:02:59Z  OBSERVE  shippingservice  rejection=0.0060  low=64 high=0  state=ON
2026-10-06T09:03:00Z  OBSERVE  adservice  rejection=0.0000  low=65 high=0  state=ON
2026-10-06T09:03:00Z  OBSERVE  cartservice  rejection=0.0017  low=65 high=0  state=ON
2026-10-06T09:03:00Z  OBSERVE  checkoutservice  rejection=0.5455  low=0 high=6  state=ON
2026-10-06T09:03:00Z  OBSERVE  currencyservice  rejection=0.0000  low=65 high=0  state=ON
2026-10-06T09:03:00Z  OBSERVE  emailservice  rejection=0.5000  low=0 high=1  state=ON
2026-10-06T09:03:00Z  OBSERVE  paymentservice  rejection=0.1210  low=65 high=0  state=ON
2026-10-06T09:03:00Z  OBSERVE  productcatalogservice  rejection=0.0000  low=65 high=0  state=ON
2026-10-06T09:03:00Z  OBSERVE  recommendationservice  rejection=0.0000  low=65 high=0  state=ON
2026-10-06T09:03:00Z  OBSERVE  shippingservice  rejection=0.0094  low=65 high=0  state=ON
2026-10-06T09:03:01Z  OBSERVE  adservice  rejection=0.0000  low=66 high=0  state=ON
2026-10-06T09:03:01Z  OBSERVE  cartservice  rejection=0.0051  low=66 high=0  state=ON
2026-10-06T09:03:01Z  OBSERVE  checkoutservice  rejection=0.4821  low=0 high=7  state=ON
2026-10-06T09:03:01Z  OBSERVE  currencyservice  rejection=0.0000  low=66 high=0  state=ON
2026-10-06T09:03:01Z  OBSERVE  emailservice  rejection=0.0000  low=1 high=0  state=ON
2026-10-06T09:03:01Z  OBSERVE  paymentservice  rejection=0.1214  low=66 high=0  state=ON
2026-10-06T09:03:01Z  OBSERVE  productcatalogservice  rejection=0.0000  low=66 high=0  state=ON
2026-10-06T09:03:01Z  OBSERVE  recommendationservice  rejection=0.0000  low=66 high=0  state=ON
2026-10-06T09:03:01Z  OBSERVE  shippingservice  rejection=0.0150  low=66 high=0  state=ON
2026-10-06T09:03:02Z  OBSERVE  adservice  rejection=0.0000  low=67 high=0  state=ON
2026-10-06T09:03:02Z  OBSERVE  cartservice  rejection=0.0065  low=67 high=0  state=ON
2026-10-06T09:03:02Z  OBSERVE  checkoutservice  rejection=0.4471  low=0 high=8  state=ON
2026-10-06T09:03:02Z  OBSERVE  currencyservice  rejection=0.0000  low=67 high=0  state=ON
2026-10-06T09:03:02Z  OBSERVE  emailservice  rejection=0.0000  low=2 high=0  state=ON
2026-10-06T09:03:02Z  OBSERVE  paymentservice  rejection=0.1329  low=67 high=0  state=ON
2026-10-06T09:03:02Z  OBSERVE  productcatalogservice  rejection=0.0000  low=67 high=0  state=ON
2026-10-06T09:03:02Z  OBSERVE  recommendationservice  rejection=0.0000  low=67 high=0  state=ON
2026-10-06T09:03:02Z  OBSERVE  shippingservice  rejection=0.0198  low=67 high=0  state=ON
2026-10-06T09:03:03Z  OBSERVE  adservice  rejection=0.0000  low=68 high=0  state=ON
2026-10-06T09:03:03Z  OBSERVE  cartservice  rejection=0.0033  low=68 high=0  state=ON
2026-10-06T09:03:03Z  OBSERVE  checkoutservice  rejection=0.5541  low=0 high=9  state=ON
2026-10-06T09:03:03Z  OBSERVE  currencyservice  rejection=0.0000  low=68 high=0  state=ON
2026-10-06T09:03:03Z  OBSERVE  emailservice  rejection=0.0000  low=3 high=0  state=ON
2026-10-06T09:03:03Z  OBSERVE  paymentservice  rejection=0.0364  low=68 high=0  state=ON
2026-10-06T09:03:03Z  OBSERVE  productcatalogservice  rejection=0.0000  low=68 high=0  state=ON
2026-10-06T09:03:03Z  OBSERVE  recommendationservice  rejection=0.0000  low=68 high=0  state=ON
2026-10-06T09:03:03Z  OBSERVE  shippingservice  rejection=0.0297  low=68 high=0  state=ON
2026-10-06T09:03:04Z  OBSERVE  adservice  rejection=0.0000  low=69 high=0  state=ON
2026-10-06T09:03:04Z  OBSERVE  cartservice  rejection=0.0000  low=69 high=0  state=ON
2026-10-06T09:03:04Z  OBSERVE  checkoutservice  rejection=0.5337  low=0 high=10  state=ON
2026-10-06T09:03:04Z  OBSERVE  currencyservice  rejection=0.0000  low=69 high=0  state=ON
2026-10-06T09:03:04Z  OBSERVE  emailservice  rejection=0.0000  low=4 high=0  state=ON
2026-10-06T09:03:04Z  OBSERVE  paymentservice  rejection=0.1293  low=69 high=0  state=ON
2026-10-06T09:03:04Z  OBSERVE  productcatalogservice  rejection=0.0000  low=69 high=0  state=ON
2026-10-06T09:03:04Z  OBSERVE  recommendationservice  rejection=0.0000  low=69 high=0  state=ON
2026-10-06T09:03:04Z  OBSERVE  shippingservice  rejection=0.0130  low=69 high=0  state=ON
2026-10-06T09:03:05Z  OBSERVE  adservice  rejection=0.0000  low=70 high=0  state=ON
2026-10-06T09:03:05Z  OBSERVE  cartservice  rejection=0.0179  low=70 high=0  state=ON
2026-10-06T09:03:05Z  OBSERVE  checkoutservice  rejection=0.6259  low=0 high=11  state=ON
2026-10-06T09:03:05Z  OBSERVE  currencyservice  rejection=0.0000  low=70 high=0  state=ON
2026-10-06T09:03:05Z  OBSERVE  emailservice  rejection=0.1250  low=5 high=0  state=ON
2026-10-06T09:03:05Z  OBSERVE  paymentservice  rejection=0.0227  low=70 high=0  state=ON
2026-10-06T09:03:05Z  OBSERVE  productcatalogservice  rejection=0.0000  low=70 high=0  state=ON
2026-10-06T09:03:05Z  OBSERVE  recommendationservice  rejection=0.0893  low=70 high=0  state=ON
2026-10-06T09:03:05Z  OBSERVE  shippingservice  rejection=0.0123  low=70 high=0  state=ON
2026-10-06T09:03:06Z  OBSERVE  adservice  rejection=0.0000  low=71 high=0  state=ON
2026-10-06T09:03:06Z  OBSERVE  cartservice  rejection=0.0059  low=71 high=0  state=ON
2026-10-06T09:03:06Z  OBSERVE  checkoutservice  rejection=0.4947  low=0 high=12  state=ON
2026-10-06T09:03:06Z  OBSERVE  currencyservice  rejection=0.0000  low=71 high=0  state=ON
2026-10-06T09:03:06Z  OBSERVE  emailservice  rejection=0.0676  low=6 high=0  state=ON
2026-10-06T09:03:06Z  OBSERVE  paymentservice  rejection=0.0000  low=71 high=0  state=ON
2026-10-06T09:03:06Z  OBSERVE  productcatalogservice  rejection=0.0000  low=71 high=0  state=ON
2026-10-06T09:03:06Z  OBSERVE  recommendationservice  rejection=0.2770  low=0 high=1  state=ON
2026-10-06T09:03:06Z  OBSERVE  shippingservice  rejection=0.0114  low=71 high=0  state=ON
2026-10-06T09:03:07Z  OBSERVE  adservice  rejection=0.0000  low=72 high=0  state=ON
2026-10-06T09:03:07Z  OBSERVE  cartservice  rejection=0.0000  low=72 high=0  state=ON
2026-10-06T09:03:07Z  OBSERVE  checkoutservice  rejection=0.0278  low=1 high=0  state=ON
2026-10-06T09:03:07Z  OBSERVE  currencyservice  rejection=0.0000  low=72 high=0  state=ON
2026-10-06T09:03:07Z  OBSERVE  emailservice  rejection=0.0732  low=7 high=0  state=ON
2026-10-06T09:03:07Z  OBSERVE  paymentservice  rejection=0.0000  low=72 high=0  state=ON
2026-10-06T09:03:07Z  OBSERVE  productcatalogservice  rejection=0.0000  low=72 high=0  state=ON
2026-10-06T09:03:07Z  OBSERVE  recommendationservice  rejection=0.2110  low=0 high=2  state=ON
2026-10-06T09:03:07Z  OBSERVE  shippingservice  rejection=0.0000  low=72 high=0  state=ON
2026-10-06T09:03:08Z  OBSERVE  adservice  rejection=0.0000  low=73 high=0  state=ON
2026-10-06T09:03:08Z  OBSERVE  cartservice  rejection=0.0000  low=73 high=0  state=ON
2026-10-06T09:03:08Z  OBSERVE  checkoutservice  rejection=0.0000  low=2 high=0  state=ON
2026-10-06T09:03:08Z  OBSERVE  currencyservice  rejection=0.0000  low=73 high=0  state=ON
2026-10-06T09:03:08Z  OBSERVE  emailservice  rejection=0.0000  low=8 high=0  state=ON
2026-10-06T09:03:08Z  OBSERVE  paymentservice  rejection=0.0000  low=73 high=0  state=ON
2026-10-06T09:03:08Z  OBSERVE  productcatalogservice  rejection=0.0000  low=73 high=0  state=ON
2026-10-06T09:03:08Z  OBSERVE  recommendationservice  rejection=0.1816  low=1 high=0  state=ON
2026-10-06T09:03:08Z  OBSERVE  shippingservice  rejection=0.0000  low=73 high=0  state=ON
2026-10-06T09:03:09Z  OBSERVE  adservice  rejection=0.0000  low=74 high=0  state=ON
2026-10-06T09:03:09Z  OBSERVE  cartservice  rejection=0.0000  low=74 high=0  state=ON
2026-10-06T09:03:09Z  OBSERVE  checkoutservice  rejection=0.0000  low=3 high=0  state=ON
2026-10-06T09:03:09Z  OBSERVE  currencyservice  rejection=0.0000  low=74 high=0  state=ON
2026-10-06T09:03:09Z  OBSERVE  emailservice  rejection=0.0000  low=9 high=0  state=ON
2026-10-06T09:03:09Z  OBSERVE  paymentservice  rejection=0.0000  low=74 high=0  state=ON
2026-10-06T09:03:09Z  OBSERVE  productcatalogservice  rejection=0.0000  low=74 high=0  state=ON
2026-10-06T09:03:09Z  OBSERVE  recommendationservice  rejection=0.2072  low=0 high=1  state=ON
2026-10-06T09:03:09Z  OBSERVE  shippingservice  rejection=0.0000  low=74 high=0  state=ON
2026-10-06T09:03:10Z  OBSERVE  adservice  rejection=0.0000  low=75 high=0  state=ON
2026-10-06T09:03:10Z  OBSERVE  cartservice  rejection=0.0000  low=75 high=0  state=ON
2026-10-06T09:03:10Z  OBSERVE  checkoutservice  rejection=0.0000  low=4 high=0  state=ON
2026-10-06T09:03:10Z  OBSERVE  currencyservice  rejection=0.0000  low=75 high=0  state=ON
2026-10-06T09:03:10Z  OBSERVE  emailservice  rejection=0.0000  low=10 high=0  state=ON
2026-10-06T09:03:10Z  OBSERVE  paymentservice  rejection=0.0000  low=75 high=0  state=ON
2026-10-06T09:03:10Z  OBSERVE  productcatalogservice  rejection=0.0000  low=75 high=0  state=ON
2026-10-06T09:03:10Z  OBSERVE  recommendationservice  rejection=0.2272  low=0 high=2  state=ON
2026-10-06T09:03:10Z  OBSERVE  shippingservice  rejection=0.0000  low=75 high=0  state=ON
2026-10-06T09:03:11Z  OBSERVE  adservice  rejection=0.0000  low=76 high=0  state=ON
2026-10-06T09:03:11Z  OBSERVE  cartservice  rejection=0.0000  low=76 high=0  state=ON
2026-10-06T09:03:11Z  OBSERVE  checkoutservice  rejection=0.0000  low=5 high=0  state=ON
2026-10-06T09:03:11Z  OBSERVE  currencyservice  rejection=0.0000  low=76 high=0  state=ON
2026-10-06T09:03:11Z  OBSERVE  emailservice  rejection=0.0000  low=11 high=0  state=ON
2026-10-06T09:03:11Z  OBSERVE  paymentservice  rejection=0.0000  low=76 high=0  state=ON
2026-10-06T09:03:11Z  OBSERVE  productcatalogservice  rejection=0.0000  low=76 high=0  state=ON
2026-10-06T09:03:11Z  OBSERVE  recommendationservice  rejection=0.2609  low=0 high=3  state=ON
2026-10-06T09:03:11Z  OBSERVE  shippingservice  rejection=0.0000  low=76 high=0  state=ON
2026-10-06T09:03:12Z  OBSERVE  adservice  rejection=0.0000  low=77 high=0  state=ON
2026-10-06T09:03:12Z  OBSERVE  cartservice  rejection=0.0000  low=77 high=0  state=ON
2026-10-06T09:03:12Z  OBSERVE  checkoutservice  rejection=0.0000  low=6 high=0  state=ON
2026-10-06T09:03:12Z  OBSERVE  currencyservice  rejection=0.0000  low=77 high=0  state=ON
2026-10-06T09:03:12Z  OBSERVE  emailservice  rejection=0.0000  low=12 high=0  state=ON
2026-10-06T09:03:12Z  OBSERVE  paymentservice  rejection=0.0000  low=77 high=0  state=ON
2026-10-06T09:03:12Z  OBSERVE  productcatalogservice  rejection=0.0000  low=77 high=0  state=ON
2026-10-06T09:03:12Z  OBSERVE  recommendationservice  rejection=0.1695  low=1 high=0  state=ON
2026-10-06T09:03:12Z  OBSERVE  shippingservice  rejection=0.0000  low=77 high=0  state=ON
2026-10-06T09:03:13Z  OBSERVE  adservice  rejection=0.0000  low=78 high=0  state=ON
2026-10-06T09:03:13Z  OBSERVE  cartservice  rejection=0.0000  low=78 high=0  state=ON
2026-10-06T09:03:13Z  OBSERVE  checkoutservice  rejection=0.0000  low=7 high=0  state=ON
2026-10-06T09:03:13Z  OBSERVE  currencyservice  rejection=0.0000  low=78 high=0  state=ON
2026-10-06T09:03:13Z  OBSERVE  emailservice  rejection=0.0000  low=13 high=0  state=ON
2026-10-06T09:03:13Z  OBSERVE  paymentservice  rejection=0.0000  low=78 high=0  state=ON
2026-10-06T09:03:13Z  OBSERVE  productcatalogservice  rejection=0.0000  low=78 high=0  state=ON
2026-10-06T09:03:13Z  OBSERVE  recommendationservice  rejection=0.2156  low=0 high=1  state=ON
2026-10-06T09:03:13Z  OBSERVE  shippingservice  rejection=0.0000  low=78 high=0  state=ON
2026-10-06T09:03:14Z  OBSERVE  adservice  rejection=0.0000  low=79 high=0  state=ON
2026-10-06T09:03:14Z  OBSERVE  cartservice  rejection=0.0000  low=79 high=0  state=ON
2026-10-06T09:03:14Z  OBSERVE  checkoutservice  rejection=0.0000  low=8 high=0  state=ON
2026-10-06T09:03:14Z  OBSERVE  currencyservice  rejection=0.0000  low=79 high=0  state=ON
2026-10-06T09:03:14Z  OBSERVE  emailservice  rejection=0.0000  low=14 high=0  state=ON
2026-10-06T09:03:14Z  OBSERVE  paymentservice  rejection=0.0000  low=79 high=0  state=ON
2026-10-06T09:03:14Z  OBSERVE  productcatalogservice  rejection=0.0000  low=79 high=0  state=ON
2026-10-06T09:03:14Z  OBSERVE  recommendationservice  rejection=0.2185  low=0 high=2  state=ON
2026-10-06T09:03:14Z  OBSERVE  shippingservice  rejection=0.0000  low=79 high=0  state=ON
2026-10-06T09:03:15Z  OBSERVE  adservice  rejection=0.0000  low=80 high=0  state=ON
2026-10-06T09:03:15Z  OBSERVE  cartservice  rejection=0.0000  low=80 high=0  state=ON
2026-10-06T09:03:15Z  OBSERVE  checkoutservice  rejection=0.0000  low=9 high=0  state=ON
2026-10-06T09:03:15Z  OBSERVE  currencyservice  rejection=0.0000  low=80 high=0  state=ON
2026-10-06T09:03:15Z  OBSERVE  emailservice  rejection=0.0000  low=15 high=0  state=ON
2026-10-06T09:03:15Z  OBSERVE  paymentservice  rejection=0.0000  low=80 high=0  state=ON
2026-10-06T09:03:15Z  OBSERVE  productcatalogservice  rejection=0.0000  low=80 high=0  state=ON
2026-10-06T09:03:15Z  OBSERVE  recommendationservice  rejection=0.2414  low=0 high=3  state=ON
2026-10-06T09:03:15Z  OBSERVE  shippingservice  rejection=0.0000  low=80 high=0  state=ON
2026-10-06T09:03:16Z  OBSERVE  adservice  rejection=0.0000  low=81 high=0  state=ON
2026-10-06T09:03:16Z  OBSERVE  cartservice  rejection=0.0000  low=81 high=0  state=ON
2026-10-06T09:03:16Z  OBSERVE  checkoutservice  rejection=0.0000  low=10 high=0  state=ON
2026-10-06T09:03:16Z  OBSERVE  currencyservice  rejection=0.0000  low=81 high=0  state=ON
2026-10-06T09:03:16Z  OBSERVE  emailservice  rejection=0.0000  low=16 high=0  state=ON
2026-10-06T09:03:16Z  OBSERVE  paymentservice  rejection=0.0000  low=81 high=0  state=ON
2026-10-06T09:03:16Z  OBSERVE  productcatalogservice  rejection=0.0000  low=81 high=0  state=ON
2026-10-06T09:03:16Z  OBSERVE  recommendationservice  rejection=0.2283  low=0 high=4  state=ON
2026-10-06T09:03:16Z  OBSERVE  shippingservice  rejection=0.0000  low=81 high=0  state=ON
2026-10-06T09:03:17Z  OBSERVE  adservice  rejection=0.0000  low=82 high=0  state=ON
2026-10-06T09:03:17Z  OBSERVE  cartservice  rejection=0.0000  low=82 high=0  state=ON
2026-10-06T09:03:17Z  OBSERVE  checkoutservice  rejection=0.0000  low=11 high=0  state=ON
2026-10-06T09:03:17Z  OBSERVE  currencyservice  rejection=0.0000  low=82 high=0  state=ON
2026-10-06T09:03:17Z  OBSERVE  emailservice  rejection=0.0000  low=17 high=0  state=ON
2026-10-06T09:03:17Z  OBSERVE  paymentservice  rejection=0.0000  low=82 high=0  state=ON
2026-10-06T09:03:17Z  OBSERVE  productcatalogservice  rejection=0.0000  low=82 high=0  state=ON
2026-10-06T09:03:17Z  OBSERVE  recommendationservice  rejection=0.2833  low=0 high=5  state=ON
2026-10-06T09:03:17Z  OBSERVE  shippingservice  rejection=0.0000  low=82 high=0  state=ON
2026-10-06T09:03:18Z  OBSERVE  adservice  rejection=0.0000  low=83 high=0  state=ON
2026-10-06T09:03:18Z  OBSERVE  cartservice  rejection=0.0000  low=83 high=0  state=ON
2026-10-06T09:03:18Z  OBSERVE  checkoutservice  rejection=0.0000  low=12 high=0  state=ON
2026-10-06T09:03:18Z  OBSERVE  currencyservice  rejection=0.0000  low=83 high=0  state=ON
2026-10-06T09:03:18Z  OBSERVE  emailservice  rejection=0.0000  low=18 high=0  state=ON
2026-10-06T09:03:18Z  OBSERVE  paymentservice  rejection=0.0000  low=83 high=0  state=ON
2026-10-06T09:03:18Z  OBSERVE  productcatalogservice  rejection=0.0000  low=83 high=0  state=ON
2026-10-06T09:03:18Z  OBSERVE  recommendationservice  rejection=0.1690  low=1 high=0  state=ON
2026-10-06T09:03:18Z  OBSERVE  shippingservice  rejection=0.0000  low=83 high=0  state=ON
2026-10-06T09:03:19Z  OBSERVE  adservice  rejection=0.0000  low=84 high=0  state=ON
2026-10-06T09:03:19Z  OBSERVE  cartservice  rejection=0.0000  low=84 high=0  state=ON
2026-10-06T09:03:19Z  OBSERVE  checkoutservice  rejection=0.0000  low=13 high=0  state=ON
2026-10-06T09:03:19Z  OBSERVE  currencyservice  rejection=0.0000  low=84 high=0  state=ON
2026-10-06T09:03:19Z  OBSERVE  emailservice  rejection=0.0000  low=19 high=0  state=ON
2026-10-06T09:03:19Z  OBSERVE  paymentservice  rejection=0.0000  low=84 high=0  state=ON
2026-10-06T09:03:19Z  OBSERVE  productcatalogservice  rejection=0.0000  low=84 high=0  state=ON
2026-10-06T09:03:19Z  OBSERVE  recommendationservice  rejection=0.2547  low=0 high=1  state=ON
2026-10-06T09:03:19Z  OBSERVE  shippingservice  rejection=0.0000  low=84 high=0  state=ON
2026-10-06T09:03:20Z  OBSERVE  adservice  rejection=0.0000  low=85 high=0  state=ON
2026-10-06T09:03:20Z  OBSERVE  cartservice  rejection=0.0000  low=85 high=0  state=ON
2026-10-06T09:03:20Z  OBSERVE  checkoutservice  rejection=0.0000  low=14 high=0  state=ON
2026-10-06T09:03:20Z  OBSERVE  currencyservice  rejection=0.0000  low=85 high=0  state=ON
2026-10-06T09:03:20Z  OBSERVE  emailservice  rejection=0.0000  low=20 high=0  state=ON
2026-10-06T09:03:20Z  OBSERVE  paymentservice  rejection=0.0000  low=85 high=0  state=ON
2026-10-06T09:03:20Z  OBSERVE  productcatalogservice  rejection=0.0000  low=85 high=0  state=ON
2026-10-06T09:03:20Z  OBSERVE  recommendationservice  rejection=0.1737  low=1 high=0  state=ON
2026-10-06T09:03:20Z  OBSERVE  shippingservice  rejection=0.0000  low=85 high=0  state=ON
2026-10-06T09:03:21Z  OBSERVE  adservice  rejection=0.0000  low=86 high=0  state=ON
2026-10-06T09:03:21Z  OBSERVE  cartservice  rejection=0.0000  low=86 high=0  state=ON
2026-10-06T09:03:21Z  OBSERVE  checkoutservice  rejection=0.0000  low=15 high=0  state=ON
2026-10-06T09:03:21Z  OBSERVE  currencyservice  rejection=0.0000  low=86 high=0  state=ON
2026-10-06T09:03:21Z  OBSERVE  emailservice  rejection=0.0000  low=21 high=0  state=ON
2026-10-06T09:03:21Z  OBSERVE  paymentservice  rejection=0.0000  low=86 high=0  state=ON
2026-10-06T09:03:21Z  OBSERVE  productcatalogservice  rejection=0.0000  low=86 high=0  state=ON
2026-10-06T09:03:21Z  OBSERVE  recommendationservice  rejection=0.2698  low=0 high=1  state=ON
2026-10-06T09:03:21Z  OBSERVE  shippingservice  rejection=0.0000  low=86 high=0  state=ON
2026-10-06T09:03:22Z  OBSERVE  adservice  rejection=0.0000  low=87 high=0  state=ON
2026-10-06T09:03:22Z  OBSERVE  cartservice  rejection=0.0000  low=87 high=0  state=ON
2026-10-06T09:03:22Z  OBSERVE  checkoutservice  rejection=0.0000  low=16 high=0  state=ON
2026-10-06T09:03:22Z  OBSERVE  currencyservice  rejection=0.0000  low=87 high=0  state=ON
2026-10-06T09:03:22Z  OBSERVE  emailservice  rejection=0.0000  low=22 high=0  state=ON
2026-10-06T09:03:22Z  OBSERVE  paymentservice  rejection=0.0000  low=87 high=0  state=ON
2026-10-06T09:03:22Z  OBSERVE  productcatalogservice  rejection=0.0000  low=87 high=0  state=ON
2026-10-06T09:03:22Z  OBSERVE  recommendationservice  rejection=0.2013  low=0 high=2  state=ON
2026-10-06T09:03:22Z  OBSERVE  shippingservice  rejection=0.0000  low=87 high=0  state=ON
2026-10-06T09:03:23Z  OBSERVE  adservice  rejection=0.0000  low=88 high=0  state=ON
2026-10-06T09:03:23Z  OBSERVE  cartservice  rejection=0.0000  low=88 high=0  state=ON
2026-10-06T09:03:23Z  OBSERVE  checkoutservice  rejection=0.0000  low=17 high=0  state=ON
2026-10-06T09:03:23Z  OBSERVE  currencyservice  rejection=0.0000  low=88 high=0  state=ON
2026-10-06T09:03:23Z  OBSERVE  emailservice  rejection=0.0000  low=23 high=0  state=ON
2026-10-06T09:03:23Z  OBSERVE  paymentservice  rejection=0.0000  low=88 high=0  state=ON
2026-10-06T09:03:23Z  OBSERVE  productcatalogservice  rejection=0.0000  low=88 high=0  state=ON
2026-10-06T09:03:23Z  OBSERVE  recommendationservice  rejection=0.2183  low=0 high=3  state=ON
2026-10-06T09:03:23Z  OBSERVE  shippingservice  rejection=0.0000  low=88 high=0  state=ON
2026-10-06T09:03:24Z  OBSERVE  adservice  rejection=0.0000  low=89 high=0  state=ON
2026-10-06T09:03:24Z  OBSERVE  cartservice  rejection=0.0000  low=89 high=0  state=ON
2026-10-06T09:03:24Z  OBSERVE  checkoutservice  rejection=0.0000  low=18 high=0  state=ON
2026-10-06T09:03:24Z  OBSERVE  currencyservice  rejection=0.0000  low=89 high=0  state=ON
2026-10-06T09:03:24Z  OBSERVE  emailservice  rejection=0.0000  low=24 high=0  state=ON
2026-10-06T09:03:24Z  OBSERVE  paymentservice  rejection=0.0000  low=89 high=0  state=ON
2026-10-06T09:03:24Z  OBSERVE  productcatalogservice  rejection=0.0000  low=89 high=0  state=ON
2026-10-06T09:03:24Z  OBSERVE  recommendationservice  rejection=0.2064  low=0 high=4  state=ON
2026-10-06T09:03:24Z  OBSERVE  shippingservice  rejection=0.0000  low=89 high=0  state=ON
2026-10-06T09:03:25Z  OBSERVE  adservice  rejection=0.0000  low=90 high=0  state=ON
2026-10-06T09:03:25Z  OBSERVE  cartservice  rejection=0.0000  low=90 high=0  state=ON
2026-10-06T09:03:25Z  OBSERVE  checkoutservice  rejection=0.0000  low=19 high=0  state=ON
2026-10-06T09:03:25Z  OBSERVE  currencyservice  rejection=0.0000  low=90 high=0  state=ON
2026-10-06T09:03:25Z  OBSERVE  emailservice  rejection=0.0000  low=25 high=0  state=ON
2026-10-06T09:03:25Z  OBSERVE  paymentservice  rejection=0.0000  low=90 high=0  state=ON
2026-10-06T09:03:25Z  OBSERVE  productcatalogservice  rejection=0.0000  low=90 high=0  state=ON
2026-10-06T09:03:25Z  OBSERVE  recommendationservice  rejection=0.2139  low=0 high=5  state=ON
2026-10-06T09:03:25Z  OBSERVE  shippingservice  rejection=0.0000  low=90 high=0  state=ON
2026-10-06T09:03:26Z  OBSERVE  adservice  rejection=0.0000  low=91 high=0  state=ON
2026-10-06T09:03:26Z  OBSERVE  cartservice  rejection=0.0000  low=91 high=0  state=ON
2026-10-06T09:03:26Z  OBSERVE  checkoutservice  rejection=0.0000  low=20 high=0  state=ON
2026-10-06T09:03:26Z  OBSERVE  currencyservice  rejection=0.0000  low=91 high=0  state=ON
2026-10-06T09:03:26Z  OBSERVE  emailservice  rejection=0.0000  low=26 high=0  state=ON
2026-10-06T09:03:26Z  OBSERVE  paymentservice  rejection=0.0000  low=91 high=0  state=ON
2026-10-06T09:03:26Z  OBSERVE  productcatalogservice  rejection=0.0000  low=91 high=0  state=ON
2026-10-06T09:03:26Z  OBSERVE  recommendationservice  rejection=0.2253  low=0 high=6  state=ON
2026-10-06T09:03:26Z  OBSERVE  shippingservice  rejection=0.0000  low=91 high=0  state=ON
2026-10-06T09:03:27Z  OBSERVE  adservice  rejection=0.0000  low=92 high=0  state=ON
2026-10-06T09:03:27Z  OBSERVE  cartservice  rejection=0.0000  low=92 high=0  state=ON
2026-10-06T09:03:27Z  OBSERVE  checkoutservice  rejection=0.0000  low=21 high=0  state=ON
2026-10-06T09:03:27Z  OBSERVE  currencyservice  rejection=0.0000  low=92 high=0  state=ON
2026-10-06T09:03:27Z  OBSERVE  emailservice  rejection=0.0000  low=27 high=0  state=ON
2026-10-06T09:03:27Z  OBSERVE  paymentservice  rejection=0.0000  low=92 high=0  state=ON
2026-10-06T09:03:27Z  OBSERVE  productcatalogservice  rejection=0.0000  low=92 high=0  state=ON
2026-10-06T09:03:27Z  OBSERVE  recommendationservice  rejection=0.2382  low=0 high=7  state=ON
2026-10-06T09:03:27Z  OBSERVE  shippingservice  rejection=0.0000  low=92 high=0  state=ON
2026-10-06T09:03:28Z  OBSERVE  adservice  rejection=0.0000  low=93 high=0  state=ON
2026-10-06T09:03:28Z  OBSERVE  cartservice  rejection=0.0000  low=93 high=0  state=ON
2026-10-06T09:03:28Z  OBSERVE  checkoutservice  rejection=0.0000  low=22 high=0  state=ON
2026-10-06T09:03:28Z  OBSERVE  currencyservice  rejection=0.0000  low=93 high=0  state=ON
2026-10-06T09:03:28Z  OBSERVE  emailservice  rejection=0.0000  low=28 high=0  state=ON
2026-10-06T09:03:28Z  OBSERVE  paymentservice  rejection=0.0000  low=93 high=0  state=ON
2026-10-06T09:03:28Z  OBSERVE  productcatalogservice  rejection=0.0000  low=93 high=0  state=ON
2026-10-06T09:03:28Z  OBSERVE  recommendationservice  rejection=0.1946  low=1 high=0  state=ON
2026-10-06T09:03:28Z  OBSERVE  shippingservice  rejection=0.0000  low=93 high=0  state=ON
2026-10-06T09:03:29Z  OBSERVE  adservice  rejection=0.0000  low=94 high=0  state=ON
2026-10-06T09:03:29Z  OBSERVE  cartservice  rejection=0.0000  low=94 high=0  state=ON
2026-10-06T09:03:29Z  OBSERVE  checkoutservice  rejection=0.0000  low=23 high=0  state=ON
2026-10-06T09:03:29Z  OBSERVE  currencyservice  rejection=0.0000  low=94 high=0  state=ON
2026-10-06T09:03:29Z  OBSERVE  emailservice  rejection=0.0000  low=29 high=0  state=ON
2026-10-06T09:03:29Z  OBSERVE  paymentservice  rejection=0.0000  low=94 high=0  state=ON
2026-10-06T09:03:29Z  OBSERVE  productcatalogservice  rejection=0.0000  low=94 high=0  state=ON
2026-10-06T09:03:29Z  OBSERVE  recommendationservice  rejection=0.2807  low=0 high=1  state=ON
2026-10-06T09:03:29Z  OBSERVE  shippingservice  rejection=0.0000  low=94 high=0  state=ON
2026-10-06T09:03:30Z  OBSERVE  adservice  rejection=0.0000  low=95 high=0  state=ON
2026-10-06T09:03:30Z  OBSERVE  cartservice  rejection=0.0000  low=95 high=0  state=ON
2026-10-06T09:03:30Z  OBSERVE  checkoutservice  rejection=0.0000  low=24 high=0  state=ON
2026-10-06T09:03:30Z  OBSERVE  currencyservice  rejection=0.0000  low=95 high=0  state=ON
2026-10-06T09:03:30Z  OBSERVE  emailservice  rejection=0.0000  low=30 high=0  state=ON
2026-10-06T09:03:30Z  OBSERVE  paymentservice  rejection=0.0000  low=95 high=0  state=ON
2026-10-06T09:03:30Z  OBSERVE  productcatalogservice  rejection=0.0000  low=95 high=0  state=ON
2026-10-06T09:03:30Z  OBSERVE  recommendationservice  rejection=0.2145  low=0 high=2  state=ON
2026-10-06T09:03:30Z  OBSERVE  shippingservice  rejection=0.0000  low=95 high=0  state=ON
2026-10-06T09:03:31Z  OBSERVE  adservice  rejection=0.0000  low=96 high=0  state=ON
2026-10-06T09:03:31Z  OBSERVE  cartservice  rejection=0.0000  low=96 high=0  state=ON
2026-10-06T09:03:31Z  OBSERVE  checkoutservice  rejection=0.0000  low=25 high=0  state=ON
2026-10-06T09:03:31Z  OBSERVE  currencyservice  rejection=0.0000  low=96 high=0  state=ON
2026-10-06T09:03:31Z  OBSERVE  emailservice  rejection=0.0000  low=31 high=0  state=ON
2026-10-06T09:03:31Z  OBSERVE  paymentservice  rejection=0.0000  low=96 high=0  state=ON
2026-10-06T09:03:31Z  OBSERVE  productcatalogservice  rejection=0.0000  low=96 high=0  state=ON
2026-10-06T09:03:31Z  OBSERVE  recommendationservice  rejection=0.2179  low=0 high=3  state=ON
2026-10-06T09:03:31Z  OBSERVE  shippingservice  rejection=0.0000  low=96 high=0  state=ON
2026-10-06T09:03:32Z  OBSERVE  adservice  rejection=0.0000  low=97 high=0  state=ON
2026-10-06T09:03:32Z  OBSERVE  cartservice  rejection=0.0000  low=97 high=0  state=ON
2026-10-06T09:03:32Z  OBSERVE  checkoutservice  rejection=0.0000  low=26 high=0  state=ON
2026-10-06T09:03:32Z  OBSERVE  currencyservice  rejection=0.0000  low=97 high=0  state=ON
2026-10-06T09:03:32Z  OBSERVE  emailservice  rejection=0.0000  low=32 high=0  state=ON
2026-10-06T09:03:32Z  OBSERVE  paymentservice  rejection=0.0000  low=97 high=0  state=ON
2026-10-06T09:03:32Z  OBSERVE  productcatalogservice  rejection=0.0000  low=97 high=0  state=ON
2026-10-06T09:03:32Z  OBSERVE  recommendationservice  rejection=0.2198  low=0 high=4  state=ON
2026-10-06T09:03:32Z  OBSERVE  shippingservice  rejection=0.0000  low=97 high=0  state=ON
2026-10-06T09:03:33Z  OBSERVE  adservice  rejection=0.0000  low=98 high=0  state=ON
2026-10-06T09:03:33Z  OBSERVE  cartservice  rejection=0.0000  low=98 high=0  state=ON
2026-10-06T09:03:33Z  OBSERVE  checkoutservice  rejection=0.0000  low=27 high=0  state=ON
2026-10-06T09:03:33Z  OBSERVE  currencyservice  rejection=0.0000  low=98 high=0  state=ON
2026-10-06T09:03:33Z  OBSERVE  emailservice  rejection=0.0000  low=33 high=0  state=ON
2026-10-06T09:03:33Z  OBSERVE  paymentservice  rejection=0.0000  low=98 high=0  state=ON
2026-10-06T09:03:33Z  OBSERVE  productcatalogservice  rejection=0.0000  low=98 high=0  state=ON
2026-10-06T09:03:33Z  OBSERVE  recommendationservice  rejection=0.1366  low=1 high=0  state=ON
2026-10-06T09:03:33Z  OBSERVE  shippingservice  rejection=0.0000  low=98 high=0  state=ON
2026-10-06T09:03:34Z  OBSERVE  adservice  rejection=0.0000  low=99 high=0  state=ON
2026-10-06T09:03:34Z  OBSERVE  cartservice  rejection=0.0000  low=99 high=0  state=ON
2026-10-06T09:03:34Z  OBSERVE  checkoutservice  rejection=0.0000  low=28 high=0  state=ON
2026-10-06T09:03:34Z  OBSERVE  currencyservice  rejection=0.0000  low=99 high=0  state=ON
2026-10-06T09:03:34Z  OBSERVE  emailservice  rejection=0.0000  low=34 high=0  state=ON
2026-10-06T09:03:34Z  OBSERVE  paymentservice  rejection=0.0000  low=99 high=0  state=ON
2026-10-06T09:03:34Z  OBSERVE  productcatalogservice  rejection=0.0000  low=99 high=0  state=ON
2026-10-06T09:03:34Z  OBSERVE  recommendationservice  rejection=0.1990  low=2 high=0  state=ON
2026-10-06T09:03:34Z  OBSERVE  shippingservice  rejection=0.0000  low=99 high=0  state=ON
2026-10-06T09:03:35Z  OBSERVE  adservice  rejection=0.0000  low=100 high=0  state=ON
2026-10-06T09:03:35Z  OBSERVE  cartservice  rejection=0.0000  low=100 high=0  state=ON
2026-10-06T09:03:35Z  OBSERVE  checkoutservice  rejection=0.0000  low=29 high=0  state=ON
2026-10-06T09:03:35Z  OBSERVE  currencyservice  rejection=0.0000  low=100 high=0  state=ON
2026-10-06T09:03:35Z  OBSERVE  emailservice  rejection=0.0000  low=35 high=0  state=ON
2026-10-06T09:03:35Z  OBSERVE  paymentservice  rejection=0.0000  low=100 high=0  state=ON
2026-10-06T09:03:35Z  OBSERVE  productcatalogservice  rejection=0.0000  low=100 high=0  state=ON
2026-10-06T09:03:35Z  OBSERVE  recommendationservice  rejection=0.2294  low=0 high=1  state=ON
2026-10-06T09:03:35Z  OBSERVE  shippingservice  rejection=0.0000  low=100 high=0  state=ON
2026-10-06T09:03:36Z  OBSERVE  adservice  rejection=0.0000  low=101 high=0  state=ON
2026-10-06T09:03:36Z  OBSERVE  cartservice  rejection=0.0000  low=101 high=0  state=ON
2026-10-06T09:03:36Z  OBSERVE  checkoutservice  rejection=0.0000  low=30 high=0  state=ON
2026-10-06T09:03:36Z  OBSERVE  currencyservice  rejection=0.0000  low=101 high=0  state=ON
2026-10-06T09:03:36Z  OBSERVE  emailservice  rejection=0.0000  low=36 high=0  state=ON
2026-10-06T09:03:36Z  OBSERVE  paymentservice  rejection=0.0000  low=101 high=0  state=ON
2026-10-06T09:03:36Z  OBSERVE  productcatalogservice  rejection=0.0000  low=101 high=0  state=ON
2026-10-06T09:03:36Z  OBSERVE  recommendationservice  rejection=0.2283  low=0 high=2  state=ON
2026-10-06T09:03:36Z  OBSERVE  shippingservice  rejection=0.0000  low=101 high=0  state=ON
2026-10-06T09:03:37Z  OBSERVE  adservice  rejection=0.0000  low=102 high=0  state=ON
2026-10-06T09:03:37Z  OBSERVE  cartservice  rejection=0.0000  low=102 high=0  state=ON
2026-10-06T09:03:37Z  OBSERVE  checkoutservice  rejection=0.0000  low=31 high=0  state=ON
2026-10-06T09:03:37Z  OBSERVE  currencyservice  rejection=0.0000  low=102 high=0  state=ON
2026-10-06T09:03:37Z  OBSERVE  emailservice  rejection=0.0000  low=37 high=0  state=ON
2026-10-06T09:03:37Z  OBSERVE  paymentservice  rejection=0.0000  low=102 high=0  state=ON
2026-10-06T09:03:37Z  OBSERVE  productcatalogservice  rejection=0.0000  low=102 high=0  state=ON
2026-10-06T09:03:37Z  OBSERVE  recommendationservice  rejection=0.2063  low=0 high=3  state=ON
2026-10-06T09:03:37Z  OBSERVE  shippingservice  rejection=0.0000  low=102 high=0  state=ON
2026-10-06T09:03:38Z  OBSERVE  adservice  rejection=0.0000  low=103 high=0  state=ON
2026-10-06T09:03:38Z  OBSERVE  cartservice  rejection=0.0000  low=103 high=0  state=ON
2026-10-06T09:03:38Z  OBSERVE  checkoutservice  rejection=0.0000  low=32 high=0  state=ON
2026-10-06T09:03:38Z  OBSERVE  currencyservice  rejection=0.0000  low=103 high=0  state=ON
2026-10-06T09:03:38Z  OBSERVE  emailservice  rejection=0.0000  low=38 high=0  state=ON
2026-10-06T09:03:38Z  OBSERVE  paymentservice  rejection=0.0000  low=103 high=0  state=ON
2026-10-06T09:03:38Z  OBSERVE  productcatalogservice  rejection=0.0000  low=103 high=0  state=ON
2026-10-06T09:03:38Z  OBSERVE  recommendationservice  rejection=0.2996  low=0 high=4  state=ON
2026-10-06T09:03:38Z  OBSERVE  shippingservice  rejection=0.0000  low=103 high=0  state=ON
2026-10-06T09:03:39Z  OBSERVE  adservice  rejection=0.0000  low=104 high=0  state=ON
2026-10-06T09:03:39Z  OBSERVE  cartservice  rejection=0.0000  low=104 high=0  state=ON
2026-10-06T09:03:39Z  OBSERVE  checkoutservice  rejection=0.0000  low=33 high=0  state=ON
2026-10-06T09:03:39Z  OBSERVE  currencyservice  rejection=0.0000  low=104 high=0  state=ON
2026-10-06T09:03:39Z  OBSERVE  emailservice  rejection=0.0000  low=39 high=0  state=ON
2026-10-06T09:03:39Z  OBSERVE  paymentservice  rejection=0.0000  low=104 high=0  state=ON
2026-10-06T09:03:39Z  OBSERVE  productcatalogservice  rejection=0.0000  low=104 high=0  state=ON
2026-10-06T09:03:39Z  OBSERVE  recommendationservice  rejection=0.2047  low=0 high=5  state=ON
2026-10-06T09:03:39Z  OBSERVE  shippingservice  rejection=0.0000  low=104 high=0  state=ON
2026-10-06T09:03:40Z  OBSERVE  adservice  rejection=0.0000  low=105 high=0  state=ON
2026-10-06T09:03:40Z  OBSERVE  cartservice  rejection=0.0000  low=105 high=0  state=ON
2026-10-06T09:03:40Z  OBSERVE  checkoutservice  rejection=0.0000  low=34 high=0  state=ON
2026-10-06T09:03:40Z  OBSERVE  currencyservice  rejection=0.0000  low=105 high=0  state=ON
2026-10-06T09:03:40Z  OBSERVE  emailservice  rejection=0.0000  low=40 high=0  state=ON
2026-10-06T09:03:40Z  OBSERVE  paymentservice  rejection=0.0000  low=105 high=0  state=ON
2026-10-06T09:03:40Z  OBSERVE  productcatalogservice  rejection=0.0000  low=105 high=0  state=ON
2026-10-06T09:03:40Z  OBSERVE  recommendationservice  rejection=0.2893  low=0 high=6  state=ON
2026-10-06T09:03:40Z  OBSERVE  shippingservice  rejection=0.0000  low=105 high=0  state=ON
2026-10-06T09:03:41Z  OBSERVE  adservice  rejection=0.0000  low=106 high=0  state=ON
2026-10-06T09:03:41Z  OBSERVE  cartservice  rejection=0.0000  low=106 high=0  state=ON
2026-10-06T09:03:41Z  OBSERVE  checkoutservice  rejection=0.0000  low=35 high=0  state=ON
2026-10-06T09:03:41Z  OBSERVE  currencyservice  rejection=0.0000  low=106 high=0  state=ON
2026-10-06T09:03:41Z  OBSERVE  emailservice  rejection=0.0000  low=41 high=0  state=ON
2026-10-06T09:03:41Z  OBSERVE  paymentservice  rejection=0.0000  low=106 high=0  state=ON
2026-10-06T09:03:41Z  OBSERVE  productcatalogservice  rejection=0.0000  low=106 high=0  state=ON
2026-10-06T09:03:41Z  OBSERVE  recommendationservice  rejection=0.2113  low=0 high=7  state=ON
2026-10-06T09:03:41Z  OBSERVE  shippingservice  rejection=0.0000  low=106 high=0  state=ON
2026-10-06T09:03:42Z  OBSERVE  adservice  rejection=0.0000  low=107 high=0  state=ON
2026-10-06T09:03:42Z  OBSERVE  cartservice  rejection=0.0000  low=107 high=0  state=ON
2026-10-06T09:03:42Z  OBSERVE  checkoutservice  rejection=0.0000  low=36 high=0  state=ON
2026-10-06T09:03:42Z  OBSERVE  currencyservice  rejection=0.0000  low=107 high=0  state=ON
2026-10-06T09:03:42Z  OBSERVE  emailservice  rejection=0.0000  low=42 high=0  state=ON
2026-10-06T09:03:42Z  OBSERVE  paymentservice  rejection=0.0000  low=107 high=0  state=ON
2026-10-06T09:03:42Z  OBSERVE  productcatalogservice  rejection=0.0000  low=107 high=0  state=ON
2026-10-06T09:03:42Z  OBSERVE  recommendationservice  rejection=0.2320  low=0 high=8  state=ON
2026-10-06T09:03:42Z  OBSERVE  shippingservice  rejection=0.0000  low=107 high=0  state=ON
2026-10-06T09:03:43Z  OBSERVE  adservice  rejection=0.0000  low=108 high=0  state=ON
2026-10-06T09:03:43Z  OBSERVE  cartservice  rejection=0.0000  low=108 high=0  state=ON
2026-10-06T09:03:43Z  OBSERVE  checkoutservice  rejection=0.0000  low=37 high=0  state=ON
2026-10-06T09:03:43Z  OBSERVE  currencyservice  rejection=0.0000  low=108 high=0  state=ON
2026-10-06T09:03:43Z  OBSERVE  emailservice  rejection=0.0000  low=43 high=0  state=ON
2026-10-06T09:03:43Z  OBSERVE  paymentservice  rejection=0.0000  low=108 high=0  state=ON
2026-10-06T09:03:43Z  OBSERVE  productcatalogservice  rejection=0.0000  low=108 high=0  state=ON
2026-10-06T09:03:43Z  OBSERVE  recommendationservice  rejection=0.2050  low=0 high=9  state=ON
2026-10-06T09:03:43Z  OBSERVE  shippingservice  rejection=0.0000  low=108 high=0  state=ON
2026-10-06T09:03:44Z  OBSERVE  adservice  rejection=0.0000  low=109 high=0  state=ON
2026-10-06T09:03:44Z  OBSERVE  cartservice  rejection=0.0000  low=109 high=0  state=ON
2026-10-06T09:03:44Z  OBSERVE  checkoutservice  rejection=0.0000  low=38 high=0  state=ON
2026-10-06T09:03:44Z  OBSERVE  currencyservice  rejection=0.0000  low=109 high=0  state=ON
2026-10-06T09:03:44Z  OBSERVE  emailservice  rejection=0.0000  low=44 high=0  state=ON
2026-10-06T09:03:44Z  OBSERVE  paymentservice  rejection=0.0000  low=109 high=0  state=ON
2026-10-06T09:03:44Z  OBSERVE  productcatalogservice  rejection=0.0000  low=109 high=0  state=ON
2026-10-06T09:03:44Z  OBSERVE  recommendationservice  rejection=0.2020  low=0 high=10  state=ON
2026-10-06T09:03:44Z  OBSERVE  shippingservice  rejection=0.0000  low=109 high=0  state=ON
2026-10-06T09:03:45Z  OBSERVE  adservice  rejection=0.0000  low=110 high=0  state=ON
2026-10-06T09:03:45Z  OBSERVE  cartservice  rejection=0.0000  low=110 high=0  state=ON
2026-10-06T09:03:45Z  OBSERVE  checkoutservice  rejection=0.0000  low=39 high=0  state=ON
2026-10-06T09:03:45Z  OBSERVE  currencyservice  rejection=0.0000  low=110 high=0  state=ON
2026-10-06T09:03:45Z  OBSERVE  emailservice  rejection=0.0000  low=45 high=0  state=ON
2026-10-06T09:03:45Z  OBSERVE  paymentservice  rejection=0.0000  low=110 high=0  state=ON
2026-10-06T09:03:45Z  OBSERVE  productcatalogservice  rejection=0.0000  low=110 high=0  state=ON
2026-10-06T09:03:45Z  OBSERVE  recommendationservice  rejection=0.2231  low=0 high=11  state=ON
2026-10-06T09:03:45Z  OBSERVE  shippingservice  rejection=0.0000  low=110 high=0  state=ON
2026-10-06T09:03:46Z  OBSERVE  adservice  rejection=0.0000  low=111 high=0  state=ON
2026-10-06T09:03:46Z  OBSERVE  cartservice  rejection=0.0000  low=111 high=0  state=ON
2026-10-06T09:03:46Z  OBSERVE  checkoutservice  rejection=0.0000  low=40 high=0  state=ON
2026-10-06T09:03:46Z  OBSERVE  currencyservice  rejection=0.0000  low=111 high=0  state=ON
2026-10-06T09:03:46Z  OBSERVE  emailservice  rejection=0.0000  low=46 high=0  state=ON
2026-10-06T09:03:46Z  OBSERVE  paymentservice  rejection=0.0000  low=111 high=0  state=ON
2026-10-06T09:03:46Z  OBSERVE  productcatalogservice  rejection=0.0000  low=111 high=0  state=ON
2026-10-06T09:03:46Z  OBSERVE  recommendationservice  rejection=0.2016  low=0 high=12  state=ON
2026-10-06T09:03:46Z  OBSERVE  shippingservice  rejection=0.0000  low=111 high=0  state=ON
2026-10-06T09:03:47Z  OBSERVE  adservice  rejection=0.0000  low=112 high=0  state=ON
2026-10-06T09:03:47Z  OBSERVE  cartservice  rejection=0.0000  low=112 high=0  state=ON
2026-10-06T09:03:47Z  OBSERVE  checkoutservice  rejection=0.0000  low=41 high=0  state=ON
2026-10-06T09:03:47Z  OBSERVE  currencyservice  rejection=0.0000  low=112 high=0  state=ON
2026-10-06T09:03:47Z  OBSERVE  emailservice  rejection=0.0000  low=47 high=0  state=ON
2026-10-06T09:03:47Z  OBSERVE  paymentservice  rejection=0.0000  low=112 high=0  state=ON
2026-10-06T09:03:47Z  OBSERVE  productcatalogservice  rejection=0.0000  low=112 high=0  state=ON
2026-10-06T09:03:47Z  OBSERVE  recommendationservice  rejection=0.2174  low=0 high=13  state=ON
2026-10-06T09:03:47Z  OBSERVE  shippingservice  rejection=0.0000  low=112 high=0  state=ON
2026-10-06T09:03:48Z  OBSERVE  adservice  rejection=0.0000  low=113 high=0  state=ON
2026-10-06T09:03:48Z  OBSERVE  cartservice  rejection=0.0000  low=113 high=0  state=ON
2026-10-06T09:03:48Z  OBSERVE  checkoutservice  rejection=0.0000  low=42 high=0  state=ON
2026-10-06T09:03:48Z  OBSERVE  currencyservice  rejection=0.0000  low=113 high=0  state=ON
2026-10-06T09:03:48Z  OBSERVE  emailservice  rejection=0.0000  low=48 high=0  state=ON
2026-10-06T09:03:48Z  OBSERVE  paymentservice  rejection=0.0000  low=113 high=0  state=ON
2026-10-06T09:03:48Z  OBSERVE  productcatalogservice  rejection=0.0000  low=113 high=0  state=ON
2026-10-06T09:03:48Z  OBSERVE  recommendationservice  rejection=0.2161  low=0 high=14  state=ON
2026-10-06T09:03:48Z  OBSERVE  shippingservice  rejection=0.0000  low=113 high=0  state=ON
2026-10-06T09:03:49Z  OBSERVE  adservice  rejection=0.0000  low=114 high=0  state=ON
2026-10-06T09:03:49Z  OBSERVE  cartservice  rejection=0.0000  low=114 high=0  state=ON
2026-10-06T09:03:49Z  OBSERVE  checkoutservice  rejection=0.0000  low=43 high=0  state=ON
2026-10-06T09:03:49Z  OBSERVE  currencyservice  rejection=0.0000  low=114 high=0  state=ON
2026-10-06T09:03:49Z  OBSERVE  emailservice  rejection=0.0000  low=49 high=0  state=ON
2026-10-06T09:03:49Z  OBSERVE  paymentservice  rejection=0.0000  low=114 high=0  state=ON
2026-10-06T09:03:49Z  OBSERVE  productcatalogservice  rejection=0.0000  low=114 high=0  state=ON
2026-10-06T09:03:49Z  OBSERVE  recommendationservice  rejection=0.1848  low=1 high=0  state=ON
2026-10-06T09:03:49Z  OBSERVE  shippingservice  rejection=0.0000  low=114 high=0  state=ON
2026-10-06T09:03:50Z  OBSERVE  adservice  rejection=0.0000  low=115 high=0  state=ON
2026-10-06T09:03:50Z  OBSERVE  cartservice  rejection=0.0000  low=115 high=0  state=ON
2026-10-06T09:03:50Z  OBSERVE  checkoutservice  rejection=0.0000  low=44 high=0  state=ON
2026-10-06T09:03:50Z  OBSERVE  currencyservice  rejection=0.0000  low=115 high=0  state=ON
2026-10-06T09:03:50Z  OBSERVE  emailservice  rejection=0.0000  low=50 high=0  state=ON
2026-10-06T09:03:50Z  OBSERVE  paymentservice  rejection=0.0000  low=115 high=0  state=ON
2026-10-06T09:03:50Z  OBSERVE  productcatalogservice  rejection=0.0000  low=115 high=0  state=ON
2026-10-06T09:03:50Z  OBSERVE  recommendationservice  rejection=0.1831  low=2 high=0  state=ON
2026-10-06T09:03:50Z  OBSERVE  shippingservice  rejection=0.0000  low=115 high=0  state=ON
2026-10-06T09:03:51Z  OBSERVE  adservice  rejection=0.0000  low=116 high=0  state=ON
2026-10-06T09:03:51Z  OBSERVE  cartservice  rejection=0.0000  low=116 high=0  state=ON
2026-10-06T09:03:51Z  OBSERVE  checkoutservice  rejection=0.0000  low=45 high=0  state=ON
2026-10-06T09:03:51Z  OBSERVE  currencyservice  rejection=0.0000  low=116 high=0  state=ON
2026-10-06T09:03:51Z  OBSERVE  emailservice  rejection=0.0000  low=51 high=0  state=ON
2026-10-06T09:03:51Z  OBSERVE  paymentservice  rejection=0.0000  low=116 high=0  state=ON
2026-10-06T09:03:51Z  OBSERVE  productcatalogservice  rejection=0.0000  low=116 high=0  state=ON
2026-10-06T09:03:51Z  OBSERVE  recommendationservice  rejection=0.2340  low=0 high=1  state=ON
2026-10-06T09:03:51Z  OBSERVE  shippingservice  rejection=0.0000  low=116 high=0  state=ON
2026-10-06T09:03:52Z  OBSERVE  adservice  rejection=0.0000  low=117 high=0  state=ON
2026-10-06T09:03:52Z  OBSERVE  cartservice  rejection=0.0000  low=117 high=0  state=ON
2026-10-06T09:03:52Z  OBSERVE  checkoutservice  rejection=0.0000  low=46 high=0  state=ON
2026-10-06T09:03:52Z  OBSERVE  currencyservice  rejection=0.0000  low=117 high=0  state=ON
2026-10-06T09:03:52Z  OBSERVE  emailservice  rejection=0.0000  low=52 high=0  state=ON
2026-10-06T09:03:52Z  OBSERVE  paymentservice  rejection=0.0000  low=117 high=0  state=ON
2026-10-06T09:03:52Z  OBSERVE  productcatalogservice  rejection=0.0000  low=117 high=0  state=ON
2026-10-06T09:03:52Z  OBSERVE  recommendationservice  rejection=0.1986  low=1 high=0  state=ON
2026-10-06T09:03:52Z  OBSERVE  shippingservice  rejection=0.0000  low=117 high=0  state=ON
2026-10-06T09:03:53Z  OBSERVE  adservice  rejection=0.0000  low=118 high=0  state=ON
2026-10-06T09:03:53Z  OBSERVE  cartservice  rejection=0.0000  low=118 high=0  state=ON
2026-10-06T09:03:53Z  OBSERVE  checkoutservice  rejection=0.0000  low=47 high=0  state=ON
2026-10-06T09:03:53Z  OBSERVE  currencyservice  rejection=0.0000  low=118 high=0  state=ON
2026-10-06T09:03:53Z  OBSERVE  emailservice  rejection=0.0000  low=53 high=0  state=ON
2026-10-06T09:03:53Z  OBSERVE  paymentservice  rejection=0.0000  low=118 high=0  state=ON
2026-10-06T09:03:53Z  OBSERVE  productcatalogservice  rejection=0.0000  low=118 high=0  state=ON
2026-10-06T09:03:53Z  OBSERVE  recommendationservice  rejection=0.2374  low=0 high=1  state=ON
2026-10-06T09:03:53Z  OBSERVE  shippingservice  rejection=0.0000  low=118 high=0  state=ON
2026-10-06T09:03:54Z  OBSERVE  adservice  rejection=0.0000  low=119 high=0  state=ON
2026-10-06T09:03:54Z  OBSERVE  cartservice  rejection=0.0000  low=119 high=0  state=ON
2026-10-06T09:03:54Z  OBSERVE  checkoutservice  rejection=0.0000  low=48 high=0  state=ON
2026-10-06T09:03:54Z  OBSERVE  currencyservice  rejection=0.0000  low=119 high=0  state=ON
2026-10-06T09:03:54Z  OBSERVE  emailservice  rejection=0.0000  low=54 high=0  state=ON
2026-10-06T09:03:54Z  OBSERVE  paymentservice  rejection=0.0000  low=119 high=0  state=ON
2026-10-06T09:03:54Z  OBSERVE  productcatalogservice  rejection=0.0000  low=119 high=0  state=ON
2026-10-06T09:03:54Z  OBSERVE  recommendationservice  rejection=0.1776  low=1 high=0  state=ON
2026-10-06T09:03:54Z  OBSERVE  shippingservice  rejection=0.0000  low=119 high=0  state=ON
2026-10-06T09:03:55Z  OBSERVE  adservice  rejection=0.0000  low=120 high=0  state=ON
2026-10-06T09:03:55Z  OBSERVE  cartservice  rejection=0.0000  low=120 high=0  state=ON
2026-10-06T09:03:55Z  OBSERVE  checkoutservice  rejection=0.0000  low=49 high=0  state=ON
2026-10-06T09:03:55Z  OBSERVE  currencyservice  rejection=0.0000  low=120 high=0  state=ON
2026-10-06T09:03:55Z  OBSERVE  emailservice  rejection=0.0000  low=55 high=0  state=ON
2026-10-06T09:03:55Z  OBSERVE  paymentservice  rejection=0.0000  low=120 high=0  state=ON
2026-10-06T09:03:55Z  OBSERVE  productcatalogservice  rejection=0.0000  low=120 high=0  state=ON
2026-10-06T09:03:55Z  OBSERVE  recommendationservice  rejection=0.2266  low=0 high=1  state=ON
2026-10-06T09:03:55Z  OBSERVE  shippingservice  rejection=0.0000  low=120 high=0  state=ON
2026-10-06T09:03:56Z  OBSERVE  adservice  rejection=0.0000  low=121 high=0  state=ON
2026-10-06T09:03:56Z  OBSERVE  cartservice  rejection=0.0000  low=121 high=0  state=ON
2026-10-06T09:03:56Z  OBSERVE  checkoutservice  rejection=0.0000  low=50 high=0  state=ON
2026-10-06T09:03:56Z  OBSERVE  currencyservice  rejection=0.0000  low=121 high=0  state=ON
2026-10-06T09:03:56Z  OBSERVE  emailservice  rejection=0.0000  low=56 high=0  state=ON
2026-10-06T09:03:56Z  OBSERVE  paymentservice  rejection=0.0000  low=121 high=0  state=ON
2026-10-06T09:03:56Z  OBSERVE  productcatalogservice  rejection=0.0000  low=121 high=0  state=ON
2026-10-06T09:03:56Z  OBSERVE  recommendationservice  rejection=0.1979  low=1 high=0  state=ON
2026-10-06T09:03:56Z  OBSERVE  shippingservice  rejection=0.0000  low=121 high=0  state=ON
2026-10-06T09:03:57Z  OBSERVE  adservice  rejection=0.0000  low=122 high=0  state=ON
2026-10-06T09:03:57Z  OBSERVE  cartservice  rejection=0.0000  low=122 high=0  state=ON
2026-10-06T09:03:57Z  OBSERVE  checkoutservice  rejection=0.0000  low=51 high=0  state=ON
2026-10-06T09:03:57Z  OBSERVE  currencyservice  rejection=0.0000  low=122 high=0  state=ON
2026-10-06T09:03:57Z  OBSERVE  emailservice  rejection=0.0000  low=57 high=0  state=ON
2026-10-06T09:03:57Z  OBSERVE  paymentservice  rejection=0.0000  low=122 high=0  state=ON
2026-10-06T09:03:57Z  OBSERVE  productcatalogservice  rejection=0.0000  low=122 high=0  state=ON
2026-10-06T09:03:57Z  OBSERVE  recommendationservice  rejection=0.2365  low=0 high=1  state=ON
2026-10-06T09:03:57Z  OBSERVE  shippingservice  rejection=0.0000  low=122 high=0  state=ON
2026-10-06T09:03:58Z  OBSERVE  adservice  rejection=0.0000  low=123 high=0  state=ON
2026-10-06T09:03:58Z  OBSERVE  cartservice  rejection=0.0000  low=123 high=0  state=ON
2026-10-06T09:03:58Z  OBSERVE  checkoutservice  rejection=0.0000  low=52 high=0  state=ON
2026-10-06T09:03:59Z  OBSERVE  currencyservice  rejection=0.0000  low=123 high=0  state=ON
2026-10-06T09:03:59Z  OBSERVE  emailservice  rejection=0.0000  low=58 high=0  state=ON
2026-10-06T09:03:59Z  OBSERVE  paymentservice  rejection=0.0000  low=123 high=0  state=ON
2026-10-06T09:03:59Z  OBSERVE  productcatalogservice  rejection=0.0000  low=123 high=0  state=ON
2026-10-06T09:03:59Z  OBSERVE  recommendationservice  rejection=0.2310  low=0 high=2  state=ON
2026-10-06T09:03:59Z  OBSERVE  shippingservice  rejection=0.0000  low=123 high=0  state=ON
2026-10-06T09:04:00Z  OBSERVE  adservice  rejection=0.0000  low=124 high=0  state=ON
2026-10-06T09:04:00Z  OBSERVE  cartservice  rejection=0.0000  low=124 high=0  state=ON
2026-10-06T09:04:00Z  OBSERVE  checkoutservice  rejection=0.0000  low=53 high=0  state=ON
2026-10-06T09:04:00Z  OBSERVE  currencyservice  rejection=0.0000  low=124 high=0  state=ON
2026-10-06T09:04:00Z  OBSERVE  emailservice  rejection=0.0000  low=59 high=0  state=ON
2026-10-06T09:04:00Z  OBSERVE  paymentservice  rejection=0.0000  low=124 high=0  state=ON
2026-10-06T09:04:00Z  OBSERVE  productcatalogservice  rejection=0.0000  low=124 high=0  state=ON
2026-10-06T09:04:00Z  OBSERVE  recommendationservice  rejection=0.1907  low=1 high=0  state=ON
2026-10-06T09:04:00Z  OBSERVE  shippingservice  rejection=0.0000  low=124 high=0  state=ON
2026-10-06T09:04:01Z  OBSERVE  adservice  rejection=0.0000  low=125 high=0  state=ON
2026-10-06T09:04:01Z  OBSERVE  cartservice  rejection=0.0000  low=125 high=0  state=ON
2026-10-06T09:04:01Z  OBSERVE  checkoutservice  rejection=0.0000  low=54 high=0  state=ON
2026-10-06T09:04:01Z  OBSERVE  currencyservice  rejection=0.0000  low=125 high=0  state=ON
2026-10-06T09:04:01Z  OBSERVE  emailservice  rejection=0.0000  low=60 high=0  state=ON
2026-10-06T09:04:01Z  OBSERVE  paymentservice  rejection=0.0000  low=125 high=0  state=ON
2026-10-06T09:04:01Z  OBSERVE  productcatalogservice  rejection=0.0000  low=125 high=0  state=ON
2026-10-06T09:04:01Z  OBSERVE  recommendationservice  rejection=0.2461  low=0 high=1  state=ON
2026-10-06T09:04:01Z  OBSERVE  shippingservice  rejection=0.0000  low=125 high=0  state=ON
2026-10-06T09:04:02Z  OBSERVE  adservice  rejection=0.0000  low=126 high=0  state=ON
2026-10-06T09:04:02Z  OBSERVE  cartservice  rejection=0.0000  low=126 high=0  state=ON
2026-10-06T09:04:02Z  OBSERVE  checkoutservice  rejection=0.0000  low=55 high=0  state=ON
2026-10-06T09:04:02Z  OBSERVE  currencyservice  rejection=0.0000  low=126 high=0  state=ON
2026-10-06T09:04:02Z  OBSERVE  emailservice  rejection=0.0000  low=61 high=0  state=ON
2026-10-06T09:04:02Z  OBSERVE  paymentservice  rejection=0.0000  low=126 high=0  state=ON
2026-10-06T09:04:02Z  OBSERVE  productcatalogservice  rejection=0.0000  low=126 high=0  state=ON
2026-10-06T09:04:02Z  OBSERVE  recommendationservice  rejection=0.2067  low=0 high=2  state=ON
2026-10-06T09:04:02Z  OBSERVE  shippingservice  rejection=0.0000  low=126 high=0  state=ON
2026-10-06T09:04:03Z  OBSERVE  adservice  rejection=0.0000  low=127 high=0  state=ON
2026-10-06T09:04:03Z  OBSERVE  cartservice  rejection=0.0000  low=127 high=0  state=ON
2026-10-06T09:04:03Z  OBSERVE  checkoutservice  rejection=0.0000  low=56 high=0  state=ON
2026-10-06T09:04:03Z  OBSERVE  currencyservice  rejection=0.0000  low=127 high=0  state=ON
2026-10-06T09:04:03Z  OBSERVE  emailservice  rejection=0.0000  low=62 high=0  state=ON
2026-10-06T09:04:03Z  OBSERVE  paymentservice  rejection=0.0000  low=127 high=0  state=ON
2026-10-06T09:04:03Z  OBSERVE  productcatalogservice  rejection=0.0000  low=127 high=0  state=ON
2026-10-06T09:04:03Z  OBSERVE  recommendationservice  rejection=0.2334  low=0 high=3  state=ON
2026-10-06T09:04:03Z  OBSERVE  shippingservice  rejection=0.0000  low=127 high=0  state=ON
2026-10-06T09:04:04Z  OBSERVE  adservice  rejection=0.0000  low=128 high=0  state=ON
2026-10-06T09:04:04Z  OBSERVE  cartservice  rejection=0.0000  low=128 high=0  state=ON
2026-10-06T09:04:04Z  OBSERVE  checkoutservice  rejection=0.0000  low=57 high=0  state=ON
2026-10-06T09:04:04Z  OBSERVE  currencyservice  rejection=0.0000  low=128 high=0  state=ON
2026-10-06T09:04:04Z  OBSERVE  emailservice  rejection=0.0000  low=63 high=0  state=ON
2026-10-06T09:04:04Z  OBSERVE  paymentservice  rejection=0.0000  low=128 high=0  state=ON
2026-10-06T09:04:04Z  OBSERVE  productcatalogservice  rejection=0.0000  low=128 high=0  state=ON
2026-10-06T09:04:04Z  OBSERVE  recommendationservice  rejection=0.2112  low=0 high=4  state=ON
2026-10-06T09:04:04Z  OBSERVE  shippingservice  rejection=0.0000  low=128 high=0  state=ON
2026-10-06T09:04:05Z  OBSERVE  adservice  rejection=0.0000  low=129 high=0  state=ON
2026-10-06T09:04:05Z  OBSERVE  cartservice  rejection=0.0000  low=129 high=0  state=ON
2026-10-06T09:04:05Z  OBSERVE  checkoutservice  rejection=0.0000  low=58 high=0  state=ON
2026-10-06T09:04:05Z  OBSERVE  currencyservice  rejection=0.0000  low=129 high=0  state=ON
2026-10-06T09:04:05Z  OBSERVE  emailservice  rejection=0.0000  low=64 high=0  state=ON
2026-10-06T09:04:05Z  OBSERVE  paymentservice  rejection=0.0000  low=129 high=0  state=ON
2026-10-06T09:04:05Z  OBSERVE  productcatalogservice  rejection=0.0000  low=129 high=0  state=ON
2026-10-06T09:04:05Z  OBSERVE  recommendationservice  rejection=0.2460  low=0 high=5  state=ON
2026-10-06T09:04:05Z  OBSERVE  shippingservice  rejection=0.0000  low=129 high=0  state=ON
2026-10-06T09:04:06Z  OBSERVE  adservice  rejection=0.0000  low=130 high=0  state=ON
2026-10-06T09:04:06Z  OBSERVE  cartservice  rejection=0.0000  low=130 high=0  state=ON
2026-10-06T09:04:06Z  OBSERVE  checkoutservice  rejection=0.0000  low=59 high=0  state=ON
2026-10-06T09:04:06Z  OBSERVE  currencyservice  rejection=0.0000  low=130 high=0  state=ON
2026-10-06T09:04:06Z  OBSERVE  emailservice  rejection=0.0000  low=65 high=0  state=ON
2026-10-06T09:04:06Z  OBSERVE  paymentservice  rejection=0.0000  low=130 high=0  state=ON
2026-10-06T09:04:06Z  OBSERVE  productcatalogservice  rejection=0.0000  low=130 high=0  state=ON
2026-10-06T09:04:06Z  OBSERVE  recommendationservice  rejection=0.1984  low=1 high=0  state=ON
2026-10-06T09:04:06Z  OBSERVE  shippingservice  rejection=0.0000  low=130 high=0  state=ON
2026-10-06T09:04:07Z  OBSERVE  adservice  rejection=0.0000  low=131 high=0  state=ON
2026-10-06T09:04:07Z  OBSERVE  cartservice  rejection=0.0000  low=131 high=0  state=ON
2026-10-06T09:04:07Z  OBSERVE  checkoutservice  rejection=0.0000  low=60 high=0  state=ON
2026-10-06T09:04:07Z  OBSERVE  currencyservice  rejection=0.0000  low=131 high=0  state=ON
2026-10-06T09:04:07Z  OBSERVE  emailservice  rejection=0.0000  low=66 high=0  state=ON
2026-10-06T09:04:07Z  OBSERVE  paymentservice  rejection=0.0000  low=131 high=0  state=ON
2026-10-06T09:04:07Z  OBSERVE  productcatalogservice  rejection=0.0000  low=131 high=0  state=ON
2026-10-06T09:04:07Z  OBSERVE  recommendationservice  rejection=0.1517  low=2 high=0  state=ON
2026-10-06T09:04:07Z  OBSERVE  shippingservice  rejection=0.0000  low=131 high=0  state=ON
2026-10-06T09:04:08Z  OBSERVE  adservice  rejection=0.0000  low=132 high=0  state=ON
2026-10-06T09:04:08Z  OBSERVE  cartservice  rejection=0.0000  low=132 high=0  state=ON
2026-10-06T09:04:08Z  OBSERVE  checkoutservice  rejection=0.0000  low=61 high=0  state=ON
2026-10-06T09:04:08Z  OBSERVE  currencyservice  rejection=0.0000  low=132 high=0  state=ON
2026-10-06T09:04:08Z  OBSERVE  emailservice  rejection=0.0000  low=67 high=0  state=ON
2026-10-06T09:04:08Z  OBSERVE  paymentservice  rejection=0.0000  low=132 high=0  state=ON
2026-10-06T09:04:08Z  OBSERVE  productcatalogservice  rejection=0.0000  low=132 high=0  state=ON
2026-10-06T09:04:08Z  OBSERVE  recommendationservice  rejection=0.2336  low=0 high=1  state=ON
2026-10-06T09:04:08Z  OBSERVE  shippingservice  rejection=0.0000  low=132 high=0  state=ON
2026-10-06T09:04:09Z  OBSERVE  adservice  rejection=0.0000  low=133 high=0  state=ON
2026-10-06T09:04:09Z  OBSERVE  cartservice  rejection=0.0000  low=133 high=0  state=ON
2026-10-06T09:04:09Z  OBSERVE  checkoutservice  rejection=0.0000  low=62 high=0  state=ON
2026-10-06T09:04:09Z  OBSERVE  currencyservice  rejection=0.0000  low=133 high=0  state=ON
2026-10-06T09:04:09Z  OBSERVE  emailservice  rejection=0.0000  low=68 high=0  state=ON
2026-10-06T09:04:09Z  OBSERVE  paymentservice  rejection=0.0000  low=133 high=0  state=ON
2026-10-06T09:04:09Z  OBSERVE  productcatalogservice  rejection=0.0000  low=133 high=0  state=ON
2026-10-06T09:04:09Z  OBSERVE  recommendationservice  rejection=0.2191  low=0 high=2  state=ON
2026-10-06T09:04:09Z  OBSERVE  shippingservice  rejection=0.0000  low=133 high=0  state=ON
2026-10-06T09:04:10Z  OBSERVE  adservice  rejection=0.0000  low=134 high=0  state=ON
2026-10-06T09:04:10Z  OBSERVE  cartservice  rejection=0.0000  low=134 high=0  state=ON
2026-10-06T09:04:10Z  OBSERVE  checkoutservice  rejection=0.0000  low=63 high=0  state=ON
2026-10-06T09:04:10Z  OBSERVE  currencyservice  rejection=0.0000  low=134 high=0  state=ON
2026-10-06T09:04:10Z  OBSERVE  emailservice  rejection=0.0000  low=69 high=0  state=ON
2026-10-06T09:04:10Z  OBSERVE  paymentservice  rejection=0.0000  low=134 high=0  state=ON
2026-10-06T09:04:10Z  OBSERVE  productcatalogservice  rejection=0.0000  low=134 high=0  state=ON
2026-10-06T09:04:10Z  OBSERVE  recommendationservice  rejection=0.2191  low=0 high=3  state=ON
2026-10-06T09:04:10Z  OBSERVE  shippingservice  rejection=0.0000  low=134 high=0  state=ON
2026-10-06T09:04:11Z  OBSERVE  adservice  rejection=0.0000  low=135 high=0  state=ON
2026-10-06T09:04:11Z  OBSERVE  cartservice  rejection=0.0000  low=135 high=0  state=ON
2026-10-06T09:04:11Z  OBSERVE  checkoutservice  rejection=0.0000  low=64 high=0  state=ON
2026-10-06T09:04:11Z  OBSERVE  currencyservice  rejection=0.0000  low=135 high=0  state=ON
2026-10-06T09:04:11Z  OBSERVE  emailservice  rejection=0.0000  low=70 high=0  state=ON
2026-10-06T09:04:11Z  OBSERVE  paymentservice  rejection=0.0000  low=135 high=0  state=ON
2026-10-06T09:04:11Z  OBSERVE  productcatalogservice  rejection=0.0000  low=135 high=0  state=ON
2026-10-06T09:04:11Z  OBSERVE  recommendationservice  rejection=0.1988  low=1 high=0  state=ON
2026-10-06T09:04:11Z  OBSERVE  shippingservice  rejection=0.0000  low=135 high=0  state=ON
2026-10-06T09:04:12Z  OBSERVE  adservice  rejection=0.0000  low=136 high=0  state=ON
2026-10-06T09:04:12Z  OBSERVE  cartservice  rejection=0.0000  low=136 high=0  state=ON
2026-10-06T09:04:12Z  OBSERVE  checkoutservice  rejection=0.0000  low=65 high=0  state=ON
2026-10-06T09:04:12Z  OBSERVE  currencyservice  rejection=0.0000  low=136 high=0  state=ON
2026-10-06T09:04:12Z  OBSERVE  emailservice  rejection=0.0000  low=71 high=0  state=ON
2026-10-06T09:04:12Z  OBSERVE  paymentservice  rejection=0.0000  low=136 high=0  state=ON
2026-10-06T09:04:12Z  OBSERVE  productcatalogservice  rejection=0.0000  low=136 high=0  state=ON
2026-10-06T09:04:12Z  OBSERVE  recommendationservice  rejection=0.2294  low=0 high=1  state=ON
2026-10-06T09:04:12Z  OBSERVE  shippingservice  rejection=0.0000  low=136 high=0  state=ON
2026-10-06T09:04:13Z  OBSERVE  adservice  rejection=0.0000  low=137 high=0  state=ON
2026-10-06T09:04:13Z  OBSERVE  cartservice  rejection=0.0000  low=137 high=0  state=ON
2026-10-06T09:04:13Z  OBSERVE  checkoutservice  rejection=0.0000  low=66 high=0  state=ON
2026-10-06T09:04:13Z  OBSERVE  currencyservice  rejection=0.0000  low=137 high=0  state=ON
2026-10-06T09:04:13Z  OBSERVE  emailservice  rejection=0.0000  low=72 high=0  state=ON
2026-10-06T09:04:13Z  OBSERVE  paymentservice  rejection=0.0000  low=137 high=0  state=ON
2026-10-06T09:04:13Z  OBSERVE  productcatalogservice  rejection=0.0000  low=137 high=0  state=ON
2026-10-06T09:04:13Z  OBSERVE  recommendationservice  rejection=0.1507  low=1 high=0  state=ON
2026-10-06T09:04:13Z  OBSERVE  shippingservice  rejection=0.0000  low=137 high=0  state=ON
2026-10-06T09:04:14Z  OBSERVE  adservice  rejection=0.0000  low=138 high=0  state=ON
2026-10-06T09:04:14Z  OBSERVE  cartservice  rejection=0.0000  low=138 high=0  state=ON
2026-10-06T09:04:14Z  OBSERVE  checkoutservice  rejection=0.0000  low=67 high=0  state=ON
2026-10-06T09:04:14Z  OBSERVE  currencyservice  rejection=0.0000  low=138 high=0  state=ON
2026-10-06T09:04:14Z  OBSERVE  emailservice  rejection=0.0000  low=73 high=0  state=ON
2026-10-06T09:04:14Z  OBSERVE  paymentservice  rejection=0.0000  low=138 high=0  state=ON
2026-10-06T09:04:14Z  OBSERVE  productcatalogservice  rejection=0.0000  low=138 high=0  state=ON
2026-10-06T09:04:14Z  OBSERVE  recommendationservice  rejection=0.1712  low=2 high=0  state=ON
2026-10-06T09:04:14Z  OBSERVE  shippingservice  rejection=0.0000  low=138 high=0  state=ON
2026-10-06T09:04:15Z  OBSERVE  adservice  rejection=0.0000  low=139 high=0  state=ON
2026-10-06T09:04:15Z  OBSERVE  cartservice  rejection=0.0000  low=139 high=0  state=ON
2026-10-06T09:04:15Z  OBSERVE  checkoutservice  rejection=0.0000  low=68 high=0  state=ON
2026-10-06T09:04:15Z  OBSERVE  currencyservice  rejection=0.0000  low=139 high=0  state=ON
2026-10-06T09:04:15Z  OBSERVE  emailservice  rejection=0.0000  low=74 high=0  state=ON
2026-10-06T09:04:15Z  OBSERVE  paymentservice  rejection=0.0000  low=139 high=0  state=ON
2026-10-06T09:04:15Z  OBSERVE  productcatalogservice  rejection=0.0000  low=139 high=0  state=ON
2026-10-06T09:04:15Z  OBSERVE  recommendationservice  rejection=0.2172  low=0 high=1  state=ON
2026-10-06T09:04:15Z  OBSERVE  shippingservice  rejection=0.0000  low=139 high=0  state=ON
2026-10-06T09:04:16Z  OBSERVE  adservice  rejection=0.0000  low=140 high=0  state=ON
2026-10-06T09:04:16Z  OBSERVE  cartservice  rejection=0.0000  low=140 high=0  state=ON
2026-10-06T09:04:16Z  OBSERVE  checkoutservice  rejection=0.0000  low=69 high=0  state=ON
2026-10-06T09:04:16Z  OBSERVE  currencyservice  rejection=0.0000  low=140 high=0  state=ON
2026-10-06T09:04:16Z  OBSERVE  emailservice  rejection=0.0000  low=75 high=0  state=ON
2026-10-06T09:04:16Z  OBSERVE  paymentservice  rejection=0.0000  low=140 high=0  state=ON
2026-10-06T09:04:16Z  OBSERVE  productcatalogservice  rejection=0.0000  low=140 high=0  state=ON
2026-10-06T09:04:16Z  OBSERVE  recommendationservice  rejection=0.1989  low=1 high=0  state=ON
2026-10-06T09:04:16Z  OBSERVE  shippingservice  rejection=0.0000  low=140 high=0  state=ON
2026-10-06T09:04:17Z  OBSERVE  adservice  rejection=0.0000  low=141 high=0  state=ON
2026-10-06T09:04:17Z  OBSERVE  cartservice  rejection=0.0000  low=141 high=0  state=ON
2026-10-06T09:04:17Z  OBSERVE  checkoutservice  rejection=0.0000  low=70 high=0  state=ON
2026-10-06T09:04:17Z  OBSERVE  currencyservice  rejection=0.0000  low=141 high=0  state=ON
2026-10-06T09:04:17Z  OBSERVE  emailservice  rejection=0.0000  low=76 high=0  state=ON
2026-10-06T09:04:17Z  OBSERVE  paymentservice  rejection=0.0000  low=141 high=0  state=ON
2026-10-06T09:04:17Z  OBSERVE  productcatalogservice  rejection=0.0000  low=141 high=0  state=ON
2026-10-06T09:04:17Z  OBSERVE  recommendationservice  rejection=0.1901  low=2 high=0  state=ON
2026-10-06T09:04:17Z  OBSERVE  shippingservice  rejection=0.0000  low=141 high=0  state=ON
2026-10-06T09:04:18Z  OBSERVE  adservice  rejection=0.0000  low=142 high=0  state=ON
2026-10-06T09:04:18Z  OBSERVE  cartservice  rejection=0.0000  low=142 high=0  state=ON
2026-10-06T09:04:18Z  OBSERVE  checkoutservice  rejection=0.0000  low=71 high=0  state=ON
2026-10-06T09:04:18Z  OBSERVE  currencyservice  rejection=0.0000  low=142 high=0  state=ON
2026-10-06T09:04:18Z  OBSERVE  emailservice  rejection=0.0000  low=77 high=0  state=ON
2026-10-06T09:04:18Z  OBSERVE  paymentservice  rejection=0.0000  low=142 high=0  state=ON
2026-10-06T09:04:18Z  OBSERVE  productcatalogservice  rejection=0.0000  low=142 high=0  state=ON
2026-10-06T09:04:18Z  OBSERVE  recommendationservice  rejection=0.2512  low=0 high=1  state=ON
2026-10-06T09:04:18Z  OBSERVE  shippingservice  rejection=0.0000  low=142 high=0  state=ON
2026-10-06T09:04:19Z  OBSERVE  adservice  rejection=0.0000  low=143 high=0  state=ON
2026-10-06T09:04:19Z  OBSERVE  cartservice  rejection=0.0000  low=143 high=0  state=ON
2026-10-06T09:04:19Z  OBSERVE  checkoutservice  rejection=0.0000  low=72 high=0  state=ON
2026-10-06T09:04:19Z  OBSERVE  currencyservice  rejection=0.0000  low=143 high=0  state=ON
2026-10-06T09:04:19Z  OBSERVE  emailservice  rejection=0.0000  low=78 high=0  state=ON
2026-10-06T09:04:19Z  OBSERVE  paymentservice  rejection=0.0000  low=143 high=0  state=ON
2026-10-06T09:04:19Z  OBSERVE  productcatalogservice  rejection=0.0000  low=143 high=0  state=ON
2026-10-06T09:04:19Z  OBSERVE  recommendationservice  rejection=0.2154  low=0 high=2  state=ON
2026-10-06T09:04:19Z  OBSERVE  shippingservice  rejection=0.0000  low=143 high=0  state=ON
2026-10-06T09:04:20Z  OBSERVE  adservice  rejection=0.0000  low=144 high=0  state=ON
2026-10-06T09:04:20Z  OBSERVE  cartservice  rejection=0.0000  low=144 high=0  state=ON
2026-10-06T09:04:20Z  OBSERVE  checkoutservice  rejection=0.0000  low=73 high=0  state=ON
2026-10-06T09:04:20Z  OBSERVE  currencyservice  rejection=0.0000  low=144 high=0  state=ON
2026-10-06T09:04:20Z  OBSERVE  emailservice  rejection=0.0000  low=79 high=0  state=ON
2026-10-06T09:04:20Z  OBSERVE  paymentservice  rejection=0.0000  low=144 high=0  state=ON
2026-10-06T09:04:20Z  OBSERVE  productcatalogservice  rejection=0.0000  low=144 high=0  state=ON
2026-10-06T09:04:20Z  OBSERVE  recommendationservice  rejection=0.1951  low=1 high=0  state=ON
2026-10-06T09:04:20Z  OBSERVE  shippingservice  rejection=0.0000  low=144 high=0  state=ON
2026-10-06T09:04:21Z  OBSERVE  adservice  rejection=0.0000  low=145 high=0  state=ON
2026-10-06T09:04:21Z  OBSERVE  cartservice  rejection=0.0000  low=145 high=0  state=ON
2026-10-06T09:04:21Z  OBSERVE  checkoutservice  rejection=0.0161  low=74 high=0  state=ON
2026-10-06T09:04:21Z  OBSERVE  currencyservice  rejection=0.0000  low=145 high=0  state=ON
2026-10-06T09:04:21Z  OBSERVE  emailservice  rejection=0.0000  low=80 high=0  state=ON
2026-10-06T09:04:21Z  OBSERVE  paymentservice  rejection=0.0000  low=145 high=0  state=ON
2026-10-06T09:04:21Z  OBSERVE  productcatalogservice  rejection=0.0000  low=145 high=0  state=ON
2026-10-06T09:04:21Z  OBSERVE  recommendationservice  rejection=0.1629  low=2 high=0  state=ON
2026-10-06T09:04:21Z  OBSERVE  shippingservice  rejection=0.0000  low=145 high=0  state=ON
2026-10-06T09:04:22Z  OBSERVE  adservice  rejection=0.0000  low=146 high=0  state=ON
2026-10-06T09:04:22Z  OBSERVE  cartservice  rejection=0.0000  low=146 high=0  state=ON
2026-10-06T09:04:22Z  OBSERVE  checkoutservice  rejection=0.1111  low=75 high=0  state=ON
2026-10-06T09:04:22Z  OBSERVE  currencyservice  rejection=0.0000  low=146 high=0  state=ON
2026-10-06T09:04:22Z  OBSERVE  emailservice  rejection=0.0870  low=81 high=0  state=ON
2026-10-06T09:04:22Z  OBSERVE  paymentservice  rejection=0.0000  low=146 high=0  state=ON
2026-10-06T09:04:22Z  OBSERVE  productcatalogservice  rejection=0.0000  low=146 high=0  state=ON
2026-10-06T09:04:22Z  OBSERVE  recommendationservice  rejection=0.2119  low=0 high=1  state=ON
2026-10-06T09:04:22Z  OBSERVE  shippingservice  rejection=0.0000  low=146 high=0  state=ON
2026-10-06T09:04:23Z  OBSERVE  adservice  rejection=0.0000  low=147 high=0  state=ON
2026-10-06T09:04:23Z  OBSERVE  cartservice  rejection=0.0000  low=147 high=0  state=ON
2026-10-06T09:04:23Z  OBSERVE  checkoutservice  rejection=0.0000  low=76 high=0  state=ON
2026-10-06T09:04:23Z  OBSERVE  currencyservice  rejection=0.0000  low=147 high=0  state=ON
2026-10-06T09:04:23Z  OBSERVE  emailservice  rejection=0.0000  low=82 high=0  state=ON
2026-10-06T09:04:23Z  OBSERVE  paymentservice  rejection=0.0000  low=147 high=0  state=ON
2026-10-06T09:04:23Z  OBSERVE  productcatalogservice  rejection=0.0000  low=147 high=0  state=ON
2026-10-06T09:04:23Z  OBSERVE  recommendationservice  rejection=0.2043  low=0 high=2  state=ON
2026-10-06T09:04:23Z  OBSERVE  shippingservice  rejection=0.0000  low=147 high=0  state=ON
2026-10-06T09:04:24Z  OBSERVE  adservice  rejection=0.0000  low=148 high=0  state=ON
2026-10-06T09:04:24Z  OBSERVE  cartservice  rejection=0.0000  low=148 high=0  state=ON
2026-10-06T09:04:24Z  OBSERVE  checkoutservice  rejection=0.0000  low=77 high=0  state=ON
2026-10-06T09:04:24Z  OBSERVE  currencyservice  rejection=0.0000  low=148 high=0  state=ON
2026-10-06T09:04:24Z  OBSERVE  emailservice  rejection=0.0000  low=83 high=0  state=ON
2026-10-06T09:04:24Z  OBSERVE  paymentservice  rejection=0.0000  low=148 high=0  state=ON
2026-10-06T09:04:24Z  OBSERVE  productcatalogservice  rejection=0.0000  low=148 high=0  state=ON
2026-10-06T09:04:24Z  OBSERVE  recommendationservice  rejection=0.2115  low=0 high=3  state=ON
2026-10-06T09:04:24Z  OBSERVE  shippingservice  rejection=0.0000  low=148 high=0  state=ON
2026-10-06T09:04:25Z  OBSERVE  adservice  rejection=0.0000  low=149 high=0  state=ON
2026-10-06T09:04:25Z  OBSERVE  cartservice  rejection=0.0000  low=149 high=0  state=ON
2026-10-06T09:04:25Z  OBSERVE  checkoutservice  rejection=0.0000  low=78 high=0  state=ON
2026-10-06T09:04:25Z  OBSERVE  currencyservice  rejection=0.0000  low=149 high=0  state=ON
2026-10-06T09:04:25Z  OBSERVE  emailservice  rejection=0.0000  low=84 high=0  state=ON
2026-10-06T09:04:25Z  OBSERVE  paymentservice  rejection=0.0000  low=149 high=0  state=ON
2026-10-06T09:04:25Z  OBSERVE  productcatalogservice  rejection=0.0000  low=149 high=0  state=ON
2026-10-06T09:04:25Z  OBSERVE  recommendationservice  rejection=0.2262  low=0 high=4  state=ON
2026-10-06T09:04:25Z  OBSERVE  shippingservice  rejection=0.0000  low=149 high=0  state=ON
2026-10-06T09:04:26Z  OBSERVE  adservice  rejection=0.0000  low=150 high=0  state=ON
2026-10-06T09:04:26Z  OBSERVE  cartservice  rejection=0.0000  low=150 high=0  state=ON
2026-10-06T09:04:26Z  OBSERVE  checkoutservice  rejection=0.0000  low=79 high=0  state=ON
2026-10-06T09:04:26Z  OBSERVE  currencyservice  rejection=0.0000  low=150 high=0  state=ON
2026-10-06T09:04:26Z  OBSERVE  emailservice  rejection=0.0000  low=85 high=0  state=ON
2026-10-06T09:04:26Z  OBSERVE  paymentservice  rejection=0.0000  low=150 high=0  state=ON
2026-10-06T09:04:26Z  OBSERVE  productcatalogservice  rejection=0.0000  low=150 high=0  state=ON
2026-10-06T09:04:26Z  OBSERVE  recommendationservice  rejection=0.2325  low=0 high=5  state=ON
2026-10-06T09:04:26Z  OBSERVE  shippingservice  rejection=0.0000  low=150 high=0  state=ON
2026-10-06T09:04:27Z  OBSERVE  adservice  rejection=0.0000  low=151 high=0  state=ON
2026-10-06T09:04:27Z  OBSERVE  cartservice  rejection=0.0000  low=151 high=0  state=ON
2026-10-06T09:04:27Z  OBSERVE  checkoutservice  rejection=0.0000  low=80 high=0  state=ON
2026-10-06T09:04:27Z  OBSERVE  currencyservice  rejection=0.0000  low=151 high=0  state=ON
2026-10-06T09:04:27Z  OBSERVE  emailservice  rejection=0.0000  low=86 high=0  state=ON
2026-10-06T09:04:27Z  OBSERVE  paymentservice  rejection=0.0000  low=151 high=0  state=ON
2026-10-06T09:04:27Z  OBSERVE  productcatalogservice  rejection=0.0000  low=151 high=0  state=ON
2026-10-06T09:04:27Z  OBSERVE  recommendationservice  rejection=0.1872  low=1 high=0  state=ON
2026-10-06T09:04:27Z  OBSERVE  shippingservice  rejection=0.0000  low=151 high=0  state=ON
2026-10-06T09:04:28Z  OBSERVE  adservice  rejection=0.0000  low=152 high=0  state=ON
2026-10-06T09:04:28Z  OBSERVE  cartservice  rejection=0.0000  low=152 high=0  state=ON
2026-10-06T09:04:28Z  OBSERVE  checkoutservice  rejection=0.0000  low=81 high=0  state=ON
2026-10-06T09:04:28Z  OBSERVE  currencyservice  rejection=0.0000  low=152 high=0  state=ON
2026-10-06T09:04:28Z  OBSERVE  emailservice  rejection=0.0000  low=87 high=0  state=ON
2026-10-06T09:04:28Z  OBSERVE  paymentservice  rejection=0.0000  low=152 high=0  state=ON
2026-10-06T09:04:28Z  OBSERVE  productcatalogservice  rejection=0.0000  low=152 high=0  state=ON
2026-10-06T09:04:28Z  OBSERVE  recommendationservice  rejection=0.2408  low=0 high=1  state=ON
2026-10-06T09:04:28Z  OBSERVE  shippingservice  rejection=0.0000  low=152 high=0  state=ON
2026-10-06T09:04:29Z  OBSERVE  adservice  rejection=0.0000  low=153 high=0  state=ON
2026-10-06T09:04:29Z  OBSERVE  cartservice  rejection=0.0000  low=153 high=0  state=ON
2026-10-06T09:04:29Z  OBSERVE  checkoutservice  rejection=0.0000  low=82 high=0  state=ON
2026-10-06T09:04:29Z  OBSERVE  currencyservice  rejection=0.0000  low=153 high=0  state=ON
2026-10-06T09:04:29Z  OBSERVE  emailservice  rejection=0.0000  low=88 high=0  state=ON
2026-10-06T09:04:29Z  OBSERVE  paymentservice  rejection=0.0000  low=153 high=0  state=ON
2026-10-06T09:04:29Z  OBSERVE  productcatalogservice  rejection=0.0000  low=153 high=0  state=ON
2026-10-06T09:04:29Z  OBSERVE  recommendationservice  rejection=0.1943  low=1 high=0  state=ON
2026-10-06T09:04:29Z  OBSERVE  shippingservice  rejection=0.0000  low=153 high=0  state=ON
2026-10-06T09:04:30Z  OBSERVE  adservice  rejection=0.0000  low=154 high=0  state=ON
2026-10-06T09:04:30Z  OBSERVE  cartservice  rejection=0.0000  low=154 high=0  state=ON
2026-10-06T09:04:30Z  OBSERVE  checkoutservice  rejection=0.0000  low=83 high=0  state=ON
2026-10-06T09:04:30Z  OBSERVE  currencyservice  rejection=0.0000  low=154 high=0  state=ON
2026-10-06T09:04:30Z  OBSERVE  emailservice  rejection=0.0000  low=89 high=0  state=ON
2026-10-06T09:04:30Z  OBSERVE  paymentservice  rejection=0.0000  low=154 high=0  state=ON
2026-10-06T09:04:30Z  OBSERVE  productcatalogservice  rejection=0.0000  low=154 high=0  state=ON
2026-10-06T09:04:30Z  OBSERVE  recommendationservice  rejection=0.2210  low=0 high=1  state=ON
2026-10-06T09:04:30Z  OBSERVE  shippingservice  rejection=0.0000  low=154 high=0  state=ON
2026-10-06T09:04:31Z  OBSERVE  adservice  rejection=0.0000  low=155 high=0  state=ON
2026-10-06T09:04:31Z  OBSERVE  cartservice  rejection=0.0000  low=155 high=0  state=ON
2026-10-06T09:04:31Z  OBSERVE  checkoutservice  rejection=0.0000  low=84 high=0  state=ON
2026-10-06T09:04:31Z  OBSERVE  currencyservice  rejection=0.0000  low=155 high=0  state=ON
2026-10-06T09:04:31Z  OBSERVE  emailservice  rejection=0.0000  low=90 high=0  state=ON
2026-10-06T09:04:31Z  OBSERVE  paymentservice  rejection=0.0000  low=155 high=0  state=ON
2026-10-06T09:04:31Z  OBSERVE  productcatalogservice  rejection=0.0000  low=155 high=0  state=ON
2026-10-06T09:04:31Z  OBSERVE  recommendationservice  rejection=0.2662  low=0 high=2  state=ON
2026-10-06T09:04:31Z  OBSERVE  shippingservice  rejection=0.0000  low=155 high=0  state=ON
2026-10-06T09:04:32Z  OBSERVE  adservice  rejection=0.0000  low=156 high=0  state=ON
2026-10-06T09:04:32Z  OBSERVE  cartservice  rejection=0.0000  low=156 high=0  state=ON
2026-10-06T09:04:32Z  OBSERVE  checkoutservice  rejection=0.0000  low=85 high=0  state=ON
2026-10-06T09:04:32Z  OBSERVE  currencyservice  rejection=0.0000  low=156 high=0  state=ON
2026-10-06T09:04:32Z  OBSERVE  emailservice  rejection=0.0000  low=91 high=0  state=ON
2026-10-06T09:04:32Z  OBSERVE  paymentservice  rejection=0.0000  low=156 high=0  state=ON
2026-10-06T09:04:32Z  OBSERVE  productcatalogservice  rejection=0.0000  low=156 high=0  state=ON
2026-10-06T09:04:32Z  OBSERVE  recommendationservice  rejection=0.1671  low=1 high=0  state=ON
2026-10-06T09:04:32Z  OBSERVE  shippingservice  rejection=0.0000  low=156 high=0  state=ON
2026-10-06T09:04:33Z  OBSERVE  adservice  rejection=0.0000  low=157 high=0  state=ON
2026-10-06T09:04:33Z  OBSERVE  cartservice  rejection=0.0000  low=157 high=0  state=ON
2026-10-06T09:04:33Z  OBSERVE  checkoutservice  rejection=0.0000  low=86 high=0  state=ON
2026-10-06T09:04:33Z  OBSERVE  currencyservice  rejection=0.0000  low=157 high=0  state=ON
2026-10-06T09:04:33Z  OBSERVE  emailservice  rejection=0.0000  low=92 high=0  state=ON
2026-10-06T09:04:33Z  OBSERVE  paymentservice  rejection=0.0000  low=157 high=0  state=ON
2026-10-06T09:04:33Z  OBSERVE  productcatalogservice  rejection=0.0000  low=157 high=0  state=ON
2026-10-06T09:04:33Z  OBSERVE  recommendationservice  rejection=0.2146  low=0 high=1  state=ON
2026-10-06T09:04:33Z  OBSERVE  shippingservice  rejection=0.0000  low=157 high=0  state=ON
2026-10-06T09:04:34Z  OBSERVE  adservice  rejection=0.0000  low=158 high=0  state=ON
2026-10-06T09:04:34Z  OBSERVE  cartservice  rejection=0.0000  low=158 high=0  state=ON
2026-10-06T09:04:34Z  OBSERVE  checkoutservice  rejection=0.0000  low=87 high=0  state=ON
2026-10-06T09:04:34Z  OBSERVE  currencyservice  rejection=0.0000  low=158 high=0  state=ON
2026-10-06T09:04:34Z  OBSERVE  emailservice  rejection=0.0000  low=93 high=0  state=ON
2026-10-06T09:04:34Z  OBSERVE  paymentservice  rejection=0.0000  low=158 high=0  state=ON
2026-10-06T09:04:34Z  OBSERVE  productcatalogservice  rejection=0.0000  low=158 high=0  state=ON
2026-10-06T09:04:34Z  OBSERVE  recommendationservice  rejection=0.1905  low=1 high=0  state=ON
2026-10-06T09:04:34Z  OBSERVE  shippingservice  rejection=0.0000  low=158 high=0  state=ON
2026-10-06T09:04:35Z  OBSERVE  adservice  rejection=0.0000  low=159 high=0  state=ON
2026-10-06T09:04:35Z  OBSERVE  cartservice  rejection=0.0000  low=159 high=0  state=ON
2026-10-06T09:04:35Z  OBSERVE  checkoutservice  rejection=0.0000  low=88 high=0  state=ON
2026-10-06T09:04:35Z  OBSERVE  currencyservice  rejection=0.0000  low=159 high=0  state=ON
2026-10-06T09:04:35Z  OBSERVE  emailservice  rejection=0.0000  low=94 high=0  state=ON
2026-10-06T09:04:35Z  OBSERVE  paymentservice  rejection=0.0000  low=159 high=0  state=ON
2026-10-06T09:04:35Z  OBSERVE  productcatalogservice  rejection=0.0000  low=159 high=0  state=ON
2026-10-06T09:04:35Z  OBSERVE  recommendationservice  rejection=0.1925  low=2 high=0  state=ON
2026-10-06T09:04:35Z  OBSERVE  shippingservice  rejection=0.0000  low=159 high=0  state=ON
2026-10-06T09:04:36Z  OBSERVE  adservice  rejection=0.0000  low=160 high=0  state=ON
2026-10-06T09:04:36Z  OBSERVE  cartservice  rejection=0.0000  low=160 high=0  state=ON
2026-10-06T09:04:36Z  OBSERVE  checkoutservice  rejection=0.0000  low=89 high=0  state=ON
2026-10-06T09:04:36Z  OBSERVE  currencyservice  rejection=0.0000  low=160 high=0  state=ON
2026-10-06T09:04:36Z  OBSERVE  emailservice  rejection=0.0000  low=95 high=0  state=ON
2026-10-06T09:04:36Z  OBSERVE  paymentservice  rejection=0.0000  low=160 high=0  state=ON
2026-10-06T09:04:36Z  OBSERVE  productcatalogservice  rejection=0.0000  low=160 high=0  state=ON
2026-10-06T09:04:36Z  OBSERVE  recommendationservice  rejection=0.2188  low=0 high=1  state=ON
2026-10-06T09:04:36Z  OBSERVE  shippingservice  rejection=0.0000  low=160 high=0  state=ON
2026-10-06T09:04:37Z  OBSERVE  adservice  rejection=0.0000  low=161 high=0  state=ON
2026-10-06T09:04:37Z  OBSERVE  cartservice  rejection=0.0000  low=161 high=0  state=ON
2026-10-06T09:04:37Z  OBSERVE  checkoutservice  rejection=0.0000  low=90 high=0  state=ON
2026-10-06T09:04:37Z  OBSERVE  currencyservice  rejection=0.0000  low=161 high=0  state=ON
2026-10-06T09:04:37Z  OBSERVE  emailservice  rejection=0.0000  low=96 high=0  state=ON
2026-10-06T09:04:37Z  OBSERVE  paymentservice  rejection=0.0000  low=161 high=0  state=ON
2026-10-06T09:04:37Z  OBSERVE  productcatalogservice  rejection=0.0000  low=161 high=0  state=ON
2026-10-06T09:04:37Z  OBSERVE  recommendationservice  rejection=0.2047  low=0 high=2  state=ON
2026-10-06T09:04:37Z  OBSERVE  shippingservice  rejection=0.0000  low=161 high=0  state=ON
2026-10-06T09:04:38Z  OBSERVE  adservice  rejection=0.0000  low=162 high=0  state=ON
2026-10-06T09:04:38Z  OBSERVE  cartservice  rejection=0.0000  low=162 high=0  state=ON
2026-10-06T09:04:38Z  OBSERVE  checkoutservice  rejection=0.0000  low=91 high=0  state=ON
2026-10-06T09:04:38Z  OBSERVE  currencyservice  rejection=0.0000  low=162 high=0  state=ON
2026-10-06T09:04:38Z  OBSERVE  emailservice  rejection=0.0000  low=97 high=0  state=ON
2026-10-06T09:04:38Z  OBSERVE  paymentservice  rejection=0.0000  low=162 high=0  state=ON
2026-10-06T09:04:38Z  OBSERVE  productcatalogservice  rejection=0.0000  low=162 high=0  state=ON
2026-10-06T09:04:38Z  OBSERVE  recommendationservice  rejection=0.2275  low=0 high=3  state=ON
2026-10-06T09:04:38Z  OBSERVE  shippingservice  rejection=0.0000  low=162 high=0  state=ON
2026-10-06T09:04:39Z  OBSERVE  adservice  rejection=0.0000  low=163 high=0  state=ON
2026-10-06T09:04:39Z  OBSERVE  cartservice  rejection=0.0000  low=163 high=0  state=ON
2026-10-06T09:04:39Z  OBSERVE  checkoutservice  rejection=0.0000  low=92 high=0  state=ON
2026-10-06T09:04:39Z  OBSERVE  currencyservice  rejection=0.0000  low=163 high=0  state=ON
2026-10-06T09:04:39Z  OBSERVE  emailservice  rejection=0.0000  low=98 high=0  state=ON
2026-10-06T09:04:39Z  OBSERVE  paymentservice  rejection=0.0000  low=163 high=0  state=ON
2026-10-06T09:04:39Z  OBSERVE  productcatalogservice  rejection=0.0000  low=163 high=0  state=ON
2026-10-06T09:04:39Z  OBSERVE  recommendationservice  rejection=0.2107  low=0 high=4  state=ON
2026-10-06T09:04:39Z  OBSERVE  shippingservice  rejection=0.0000  low=163 high=0  state=ON
2026-10-06T09:04:40Z  SKIP  adservice  no metric data this sample
2026-10-06T09:04:40Z  SKIP  cartservice  no metric data this sample
2026-10-06T09:04:40Z  SKIP  checkoutservice  no metric data this sample
2026-10-06T09:04:40Z  SKIP  currencyservice  no metric data this sample
2026-10-06T09:04:40Z  SKIP  emailservice  no metric data this sample
2026-10-06T09:04:40Z  SKIP  paymentservice  no metric data this sample
2026-10-06T09:04:40Z  SKIP  productcatalogservice  no metric data this sample
2026-10-06T09:04:40Z  SKIP  recommendationservice  no metric data this sample
2026-10-06T09:04:40Z  SKIP  shippingservice  no metric data this sample
2026-10-06T09:04:41Z  OBSERVE  adservice  rejection=0.0000  low=164 high=0  state=ON
2026-10-06T09:04:41Z  OBSERVE  cartservice  rejection=0.0000  low=164 high=0  state=ON
2026-10-06T09:04:41Z  OBSERVE  checkoutservice  rejection=0.0000  low=93 high=0  state=ON
2026-10-06T09:04:41Z  OBSERVE  currencyservice  rejection=0.0000  low=164 high=0  state=ON
2026-10-06T09:04:41Z  OBSERVE  emailservice  rejection=0.0000  low=99 high=0  state=ON
2026-10-06T09:04:41Z  OBSERVE  paymentservice  rejection=0.0000  low=164 high=0  state=ON
2026-10-06T09:04:41Z  OBSERVE  productcatalogservice  rejection=0.0000  low=164 high=0  state=ON
2026-10-06T09:04:41Z  OBSERVE  recommendationservice  rejection=0.2151  low=0 high=5  state=ON
2026-10-06T09:04:41Z  OBSERVE  shippingservice  rejection=0.0000  low=164 high=0  state=ON
2026-10-06T09:04:42Z  OBSERVE  adservice  rejection=0.0000  low=165 high=0  state=ON
2026-10-06T09:04:42Z  OBSERVE  cartservice  rejection=0.0000  low=165 high=0  state=ON
2026-10-06T09:04:42Z  OBSERVE  checkoutservice  rejection=0.0000  low=94 high=0  state=ON
2026-10-06T09:04:42Z  OBSERVE  currencyservice  rejection=0.0000  low=165 high=0  state=ON
2026-10-06T09:04:42Z  OBSERVE  emailservice  rejection=0.0000  low=100 high=0  state=ON
2026-10-06T09:04:42Z  OBSERVE  paymentservice  rejection=0.0000  low=165 high=0  state=ON
2026-10-06T09:04:42Z  OBSERVE  productcatalogservice  rejection=0.0000  low=165 high=0  state=ON
2026-10-06T09:04:42Z  OBSERVE  recommendationservice  rejection=0.2449  low=0 high=6  state=ON
2026-10-06T09:04:42Z  OBSERVE  shippingservice  rejection=0.0000  low=165 high=0  state=ON
2026-10-06T09:04:43Z  OBSERVE  adservice  rejection=0.0000  low=166 high=0  state=ON
2026-10-06T09:04:43Z  OBSERVE  cartservice  rejection=0.0000  low=166 high=0  state=ON
2026-10-06T09:04:43Z  OBSERVE  checkoutservice  rejection=0.0000  low=95 high=0  state=ON
2026-10-06T09:04:43Z  OBSERVE  currencyservice  rejection=0.0000  low=166 high=0  state=ON
2026-10-06T09:04:43Z  OBSERVE  emailservice  rejection=0.0000  low=101 high=0  state=ON
2026-10-06T09:04:43Z  OBSERVE  paymentservice  rejection=0.0000  low=166 high=0  state=ON
2026-10-06T09:04:43Z  OBSERVE  productcatalogservice  rejection=0.0000  low=166 high=0  state=ON
2026-10-06T09:04:43Z  OBSERVE  recommendationservice  rejection=0.1622  low=1 high=0  state=ON
2026-10-06T09:04:43Z  OBSERVE  shippingservice  rejection=0.0000  low=166 high=0  state=ON
2026-10-06T09:04:44Z  OBSERVE  adservice  rejection=0.0000  low=167 high=0  state=ON
2026-10-06T09:04:44Z  OBSERVE  cartservice  rejection=0.0000  low=167 high=0  state=ON
2026-10-06T09:04:44Z  OBSERVE  checkoutservice  rejection=0.0000  low=96 high=0  state=ON
2026-10-06T09:04:44Z  OBSERVE  currencyservice  rejection=0.0000  low=167 high=0  state=ON
2026-10-06T09:04:44Z  OBSERVE  emailservice  rejection=0.0000  low=102 high=0  state=ON
2026-10-06T09:04:44Z  OBSERVE  paymentservice  rejection=0.0000  low=167 high=0  state=ON
2026-10-06T09:04:44Z  OBSERVE  productcatalogservice  rejection=0.0000  low=167 high=0  state=ON
2026-10-06T09:04:44Z  OBSERVE  recommendationservice  rejection=0.2331  low=0 high=1  state=ON
2026-10-06T09:04:44Z  OBSERVE  shippingservice  rejection=0.0000  low=167 high=0  state=ON
2026-10-06T09:04:45Z  OBSERVE  adservice  rejection=0.0000  low=168 high=0  state=ON
2026-10-06T09:04:45Z  OBSERVE  cartservice  rejection=0.0000  low=168 high=0  state=ON
2026-10-06T09:04:45Z  OBSERVE  checkoutservice  rejection=0.0000  low=97 high=0  state=ON
2026-10-06T09:04:45Z  OBSERVE  currencyservice  rejection=0.0000  low=168 high=0  state=ON
2026-10-06T09:04:45Z  OBSERVE  emailservice  rejection=0.0000  low=103 high=0  state=ON
2026-10-06T09:04:45Z  OBSERVE  paymentservice  rejection=0.0000  low=168 high=0  state=ON
2026-10-06T09:04:45Z  OBSERVE  productcatalogservice  rejection=0.0000  low=168 high=0  state=ON
2026-10-06T09:04:45Z  OBSERVE  recommendationservice  rejection=0.2976  low=0 high=2  state=ON
2026-10-06T09:04:45Z  OBSERVE  shippingservice  rejection=0.0000  low=168 high=0  state=ON
2026-10-06T09:04:46Z  OBSERVE  adservice  rejection=0.0000  low=169 high=0  state=ON
2026-10-06T09:04:46Z  OBSERVE  cartservice  rejection=0.0000  low=169 high=0  state=ON
2026-10-06T09:04:46Z  OBSERVE  checkoutservice  rejection=0.0000  low=98 high=0  state=ON
2026-10-06T09:04:46Z  OBSERVE  currencyservice  rejection=0.0000  low=169 high=0  state=ON
2026-10-06T09:04:46Z  OBSERVE  emailservice  rejection=0.0000  low=104 high=0  state=ON
2026-10-06T09:04:46Z  OBSERVE  paymentservice  rejection=0.0000  low=169 high=0  state=ON
2026-10-06T09:04:46Z  OBSERVE  productcatalogservice  rejection=0.0000  low=169 high=0  state=ON
2026-10-06T09:04:46Z  OBSERVE  recommendationservice  rejection=0.2025  low=0 high=3  state=ON
2026-10-06T09:04:46Z  OBSERVE  shippingservice  rejection=0.0000  low=169 high=0  state=ON
2026-10-06T09:04:47Z  OBSERVE  adservice  rejection=0.0000  low=170 high=0  state=ON
2026-10-06T09:04:47Z  OBSERVE  cartservice  rejection=0.0000  low=170 high=0  state=ON
2026-10-06T09:04:47Z  OBSERVE  checkoutservice  rejection=0.0000  low=99 high=0  state=ON
2026-10-06T09:04:47Z  OBSERVE  currencyservice  rejection=0.0000  low=170 high=0  state=ON
2026-10-06T09:04:47Z  OBSERVE  emailservice  rejection=0.0000  low=105 high=0  state=ON
2026-10-06T09:04:47Z  OBSERVE  paymentservice  rejection=0.0000  low=170 high=0  state=ON
2026-10-06T09:04:47Z  OBSERVE  productcatalogservice  rejection=0.0000  low=170 high=0  state=ON
2026-10-06T09:04:47Z  OBSERVE  recommendationservice  rejection=0.2280  low=0 high=4  state=ON
2026-10-06T09:04:47Z  OBSERVE  shippingservice  rejection=0.0000  low=170 high=0  state=ON
2026-10-06T09:04:48Z  OBSERVE  adservice  rejection=0.0000  low=171 high=0  state=ON
2026-10-06T09:04:48Z  OBSERVE  cartservice  rejection=0.0000  low=171 high=0  state=ON
2026-10-06T09:04:48Z  OBSERVE  checkoutservice  rejection=0.0000  low=100 high=0  state=ON
2026-10-06T09:04:48Z  OBSERVE  currencyservice  rejection=0.0000  low=171 high=0  state=ON
2026-10-06T09:04:48Z  OBSERVE  emailservice  rejection=0.0000  low=106 high=0  state=ON
2026-10-06T09:04:48Z  OBSERVE  paymentservice  rejection=0.0000  low=171 high=0  state=ON
2026-10-06T09:04:48Z  OBSERVE  productcatalogservice  rejection=0.0000  low=171 high=0  state=ON
2026-10-06T09:04:48Z  OBSERVE  recommendationservice  rejection=0.1957  low=1 high=0  state=ON
2026-10-06T09:04:48Z  OBSERVE  shippingservice  rejection=0.0000  low=171 high=0  state=ON
2026-10-06T09:04:49Z  OBSERVE  adservice  rejection=0.0000  low=172 high=0  state=ON
2026-10-06T09:04:49Z  OBSERVE  cartservice  rejection=0.0000  low=172 high=0  state=ON
2026-10-06T09:04:49Z  OBSERVE  checkoutservice  rejection=0.0000  low=101 high=0  state=ON
2026-10-06T09:04:49Z  OBSERVE  currencyservice  rejection=0.0000  low=172 high=0  state=ON
2026-10-06T09:04:49Z  OBSERVE  emailservice  rejection=0.0000  low=107 high=0  state=ON
2026-10-06T09:04:49Z  OBSERVE  paymentservice  rejection=0.0000  low=172 high=0  state=ON
2026-10-06T09:04:49Z  OBSERVE  productcatalogservice  rejection=0.0000  low=172 high=0  state=ON
2026-10-06T09:04:49Z  OBSERVE  recommendationservice  rejection=0.2079  low=0 high=1  state=ON
2026-10-06T09:04:49Z  OBSERVE  shippingservice  rejection=0.0000  low=172 high=0  state=ON
2026-10-06T09:04:50Z  OBSERVE  adservice  rejection=0.0000  low=173 high=0  state=ON
2026-10-06T09:04:50Z  OBSERVE  cartservice  rejection=0.0000  low=173 high=0  state=ON
2026-10-06T09:04:50Z  OBSERVE  checkoutservice  rejection=0.0000  low=102 high=0  state=ON
2026-10-06T09:04:50Z  OBSERVE  currencyservice  rejection=0.0000  low=173 high=0  state=ON
2026-10-06T09:04:50Z  OBSERVE  emailservice  rejection=0.0000  low=108 high=0  state=ON
2026-10-06T09:04:50Z  OBSERVE  paymentservice  rejection=0.0000  low=173 high=0  state=ON
2026-10-06T09:04:50Z  OBSERVE  productcatalogservice  rejection=0.0000  low=173 high=0  state=ON
2026-10-06T09:04:50Z  OBSERVE  recommendationservice  rejection=0.1953  low=1 high=0  state=ON
2026-10-06T09:04:50Z  OBSERVE  shippingservice  rejection=0.0000  low=173 high=0  state=ON
2026-10-06T09:04:51Z  OBSERVE  adservice  rejection=0.0000  low=174 high=0  state=ON
2026-10-06T09:04:51Z  OBSERVE  cartservice  rejection=0.0000  low=174 high=0  state=ON
2026-10-06T09:04:51Z  OBSERVE  checkoutservice  rejection=0.0000  low=103 high=0  state=ON
2026-10-06T09:04:51Z  OBSERVE  currencyservice  rejection=0.0000  low=174 high=0  state=ON
2026-10-06T09:04:51Z  OBSERVE  emailservice  rejection=0.0000  low=109 high=0  state=ON
2026-10-06T09:04:51Z  OBSERVE  paymentservice  rejection=0.0000  low=174 high=0  state=ON
2026-10-06T09:04:51Z  OBSERVE  productcatalogservice  rejection=0.0000  low=174 high=0  state=ON
2026-10-06T09:04:51Z  OBSERVE  recommendationservice  rejection=0.2350  low=0 high=1  state=ON
2026-10-06T09:04:51Z  OBSERVE  shippingservice  rejection=0.0000  low=174 high=0  state=ON
2026-10-06T09:04:52Z  OBSERVE  adservice  rejection=0.0000  low=175 high=0  state=ON
2026-10-06T09:04:52Z  OBSERVE  cartservice  rejection=0.0000  low=175 high=0  state=ON
2026-10-06T09:04:52Z  OBSERVE  checkoutservice  rejection=0.0000  low=104 high=0  state=ON
2026-10-06T09:04:52Z  OBSERVE  currencyservice  rejection=0.0000  low=175 high=0  state=ON
2026-10-06T09:04:52Z  OBSERVE  emailservice  rejection=0.0000  low=110 high=0  state=ON
2026-10-06T09:04:52Z  OBSERVE  paymentservice  rejection=0.0000  low=175 high=0  state=ON
2026-10-06T09:04:52Z  OBSERVE  productcatalogservice  rejection=0.0000  low=175 high=0  state=ON
2026-10-06T09:04:52Z  OBSERVE  recommendationservice  rejection=0.2025  low=0 high=2  state=ON
2026-10-06T09:04:52Z  OBSERVE  shippingservice  rejection=0.0000  low=175 high=0  state=ON
2026-10-06T09:04:53Z  OBSERVE  adservice  rejection=0.0000  low=176 high=0  state=ON
2026-10-06T09:04:53Z  OBSERVE  cartservice  rejection=0.0000  low=176 high=0  state=ON
2026-10-06T09:04:53Z  OBSERVE  checkoutservice  rejection=0.0000  low=105 high=0  state=ON
2026-10-06T09:04:53Z  OBSERVE  currencyservice  rejection=0.0000  low=176 high=0  state=ON
2026-10-06T09:04:53Z  OBSERVE  emailservice  rejection=0.0000  low=111 high=0  state=ON
2026-10-06T09:04:53Z  OBSERVE  paymentservice  rejection=0.0000  low=176 high=0  state=ON
2026-10-06T09:04:53Z  OBSERVE  productcatalogservice  rejection=0.0000  low=176 high=0  state=ON
2026-10-06T09:04:53Z  OBSERVE  recommendationservice  rejection=0.1783  low=1 high=0  state=ON
2026-10-06T09:04:53Z  OBSERVE  shippingservice  rejection=0.0000  low=176 high=0  state=ON
2026-10-06T09:04:54Z  OBSERVE  adservice  rejection=0.0000  low=177 high=0  state=ON
2026-10-06T09:04:54Z  OBSERVE  cartservice  rejection=0.0000  low=177 high=0  state=ON
2026-10-06T09:04:54Z  OBSERVE  checkoutservice  rejection=0.0000  low=106 high=0  state=ON
2026-10-06T09:04:54Z  OBSERVE  currencyservice  rejection=0.0000  low=177 high=0  state=ON
2026-10-06T09:04:54Z  OBSERVE  emailservice  rejection=0.0000  low=112 high=0  state=ON
2026-10-06T09:04:54Z  OBSERVE  paymentservice  rejection=0.0000  low=177 high=0  state=ON
2026-10-06T09:04:54Z  OBSERVE  productcatalogservice  rejection=0.0000  low=177 high=0  state=ON
2026-10-06T09:04:54Z  OBSERVE  recommendationservice  rejection=0.2115  low=0 high=1  state=ON
2026-10-06T09:04:54Z  OBSERVE  shippingservice  rejection=0.0000  low=177 high=0  state=ON
2026-10-06T09:04:55Z  OBSERVE  adservice  rejection=0.0000  low=178 high=0  state=ON
2026-10-06T09:04:55Z  OBSERVE  cartservice  rejection=0.0000  low=178 high=0  state=ON
2026-10-06T09:04:55Z  OBSERVE  checkoutservice  rejection=0.0000  low=107 high=0  state=ON
2026-10-06T09:04:55Z  OBSERVE  currencyservice  rejection=0.0000  low=178 high=0  state=ON
2026-10-06T09:04:55Z  OBSERVE  emailservice  rejection=0.0000  low=113 high=0  state=ON
2026-10-06T09:04:55Z  OBSERVE  paymentservice  rejection=0.0000  low=178 high=0  state=ON
2026-10-06T09:04:55Z  OBSERVE  productcatalogservice  rejection=0.0000  low=178 high=0  state=ON
2026-10-06T09:04:55Z  OBSERVE  recommendationservice  rejection=0.2310  low=0 high=2  state=ON
2026-10-06T09:04:55Z  OBSERVE  shippingservice  rejection=0.0000  low=178 high=0  state=ON
2026-10-06T09:04:56Z  OBSERVE  adservice  rejection=0.0000  low=179 high=0  state=ON
2026-10-06T09:04:56Z  OBSERVE  cartservice  rejection=0.0000  low=179 high=0  state=ON
2026-10-06T09:04:56Z  OBSERVE  checkoutservice  rejection=0.0000  low=108 high=0  state=ON
2026-10-06T09:04:56Z  OBSERVE  currencyservice  rejection=0.0000  low=179 high=0  state=ON
2026-10-06T09:04:56Z  OBSERVE  emailservice  rejection=0.0000  low=114 high=0  state=ON
2026-10-06T09:04:56Z  OBSERVE  paymentservice  rejection=0.0000  low=179 high=0  state=ON
2026-10-06T09:04:56Z  OBSERVE  productcatalogservice  rejection=0.0000  low=179 high=0  state=ON
2026-10-06T09:04:56Z  OBSERVE  recommendationservice  rejection=0.2219  low=0 high=3  state=ON
2026-10-06T09:04:56Z  OBSERVE  shippingservice  rejection=0.0000  low=179 high=0  state=ON
2026-10-06T09:04:57Z  OBSERVE  adservice  rejection=0.0000  low=180 high=0  state=ON
2026-10-06T09:04:57Z  OBSERVE  cartservice  rejection=0.0000  low=180 high=0  state=ON
2026-10-06T09:04:57Z  OBSERVE  checkoutservice  rejection=0.0000  low=109 high=0  state=ON
2026-10-06T09:04:57Z  OBSERVE  currencyservice  rejection=0.0000  low=180 high=0  state=ON
2026-10-06T09:04:57Z  OBSERVE  emailservice  rejection=0.0000  low=115 high=0  state=ON
2026-10-06T09:04:57Z  OBSERVE  paymentservice  rejection=0.0000  low=180 high=0  state=ON
2026-10-06T09:04:57Z  OBSERVE  productcatalogservice  rejection=0.0000  low=180 high=0  state=ON
2026-10-06T09:04:57Z  OBSERVE  recommendationservice  rejection=0.1831  low=1 high=0  state=ON
2026-10-06T09:04:57Z  OBSERVE  shippingservice  rejection=0.0000  low=180 high=0  state=ON
2026-10-06T09:04:58Z  OBSERVE  adservice  rejection=0.0000  low=181 high=0  state=ON
2026-10-06T09:04:58Z  OBSERVE  cartservice  rejection=0.0000  low=181 high=0  state=ON
2026-10-06T09:04:58Z  OBSERVE  checkoutservice  rejection=0.0000  low=110 high=0  state=ON
2026-10-06T09:04:58Z  OBSERVE  currencyservice  rejection=0.0000  low=181 high=0  state=ON
2026-10-06T09:04:58Z  OBSERVE  emailservice  rejection=0.0000  low=116 high=0  state=ON
2026-10-06T09:04:58Z  OBSERVE  paymentservice  rejection=0.0000  low=181 high=0  state=ON
2026-10-06T09:04:58Z  OBSERVE  productcatalogservice  rejection=0.0000  low=181 high=0  state=ON
2026-10-06T09:04:58Z  OBSERVE  recommendationservice  rejection=0.2324  low=0 high=1  state=ON
2026-10-06T09:04:58Z  OBSERVE  shippingservice  rejection=0.0000  low=181 high=0  state=ON
2026-10-06T09:04:59Z  OBSERVE  adservice  rejection=0.0000  low=182 high=0  state=ON
2026-10-06T09:04:59Z  OBSERVE  cartservice  rejection=0.0000  low=182 high=0  state=ON
2026-10-06T09:04:59Z  OBSERVE  checkoutservice  rejection=0.0000  low=111 high=0  state=ON
2026-10-06T09:04:59Z  OBSERVE  currencyservice  rejection=0.0000  low=182 high=0  state=ON
2026-10-06T09:04:59Z  OBSERVE  emailservice  rejection=0.0000  low=117 high=0  state=ON
2026-10-06T09:04:59Z  OBSERVE  paymentservice  rejection=0.0000  low=182 high=0  state=ON
2026-10-06T09:04:59Z  OBSERVE  productcatalogservice  rejection=0.0000  low=182 high=0  state=ON
2026-10-06T09:04:59Z  OBSERVE  recommendationservice  rejection=0.2120  low=0 high=2  state=ON
2026-10-06T09:04:59Z  OBSERVE  shippingservice  rejection=0.0000  low=182 high=0  state=ON
2026-10-06T09:05:00Z  OBSERVE  adservice  rejection=0.0000  low=183 high=0  state=ON
2026-10-06T09:05:00Z  OBSERVE  cartservice  rejection=0.0000  low=183 high=0  state=ON
2026-10-06T09:05:00Z  OBSERVE  checkoutservice  rejection=0.0000  low=112 high=0  state=ON
2026-10-06T09:05:00Z  OBSERVE  currencyservice  rejection=0.0000  low=183 high=0  state=ON
2026-10-06T09:05:00Z  OBSERVE  emailservice  rejection=0.0000  low=118 high=0  state=ON
2026-10-06T09:05:00Z  OBSERVE  paymentservice  rejection=0.0000  low=183 high=0  state=ON
2026-10-06T09:05:00Z  OBSERVE  productcatalogservice  rejection=0.0000  low=183 high=0  state=ON
2026-10-06T09:05:00Z  OBSERVE  recommendationservice  rejection=0.2509  low=0 high=3  state=ON
2026-10-06T09:05:00Z  OBSERVE  shippingservice  rejection=0.0000  low=183 high=0  state=ON
2026-10-06T09:05:01Z  OBSERVE  adservice  rejection=0.0000  low=184 high=0  state=ON
2026-10-06T09:05:01Z  OBSERVE  cartservice  rejection=0.0000  low=184 high=0  state=ON
2026-10-06T09:05:01Z  OBSERVE  checkoutservice  rejection=0.0000  low=113 high=0  state=ON
2026-10-06T09:05:01Z  OBSERVE  currencyservice  rejection=0.0000  low=184 high=0  state=ON
2026-10-06T09:05:01Z  OBSERVE  emailservice  rejection=0.0000  low=119 high=0  state=ON
2026-10-06T09:05:01Z  OBSERVE  paymentservice  rejection=0.0000  low=184 high=0  state=ON
2026-10-06T09:05:01Z  OBSERVE  productcatalogservice  rejection=0.0000  low=184 high=0  state=ON
2026-10-06T09:05:01Z  OBSERVE  recommendationservice  rejection=0.2163  low=0 high=4  state=ON
2026-10-06T09:05:01Z  OBSERVE  shippingservice  rejection=0.0000  low=184 high=0  state=ON
2026-10-06T09:05:02Z  OBSERVE  adservice  rejection=0.0000  low=185 high=0  state=ON
2026-10-06T09:05:02Z  OBSERVE  cartservice  rejection=0.0000  low=185 high=0  state=ON
2026-10-06T09:05:02Z  OBSERVE  checkoutservice  rejection=0.0000  low=114 high=0  state=ON
2026-10-06T09:05:02Z  OBSERVE  currencyservice  rejection=0.0000  low=185 high=0  state=ON
2026-10-06T09:05:02Z  OBSERVE  emailservice  rejection=0.0000  low=120 high=0  state=ON
2026-10-06T09:05:02Z  OBSERVE  paymentservice  rejection=0.0000  low=185 high=0  state=ON
2026-10-06T09:05:02Z  OBSERVE  productcatalogservice  rejection=0.0000  low=185 high=0  state=ON
2026-10-06T09:05:02Z  OBSERVE  recommendationservice  rejection=0.1958  low=1 high=0  state=ON
2026-10-06T09:05:02Z  OBSERVE  shippingservice  rejection=0.0000  low=185 high=0  state=ON
2026-10-06T09:05:03Z  OBSERVE  adservice  rejection=0.0000  low=186 high=0  state=ON
2026-10-06T09:05:03Z  OBSERVE  cartservice  rejection=0.0000  low=186 high=0  state=ON
2026-10-06T09:05:03Z  OBSERVE  checkoutservice  rejection=0.0000  low=115 high=0  state=ON
2026-10-06T09:05:03Z  OBSERVE  currencyservice  rejection=0.0000  low=186 high=0  state=ON
2026-10-06T09:05:03Z  OBSERVE  emailservice  rejection=0.0000  low=121 high=0  state=ON
2026-10-06T09:05:03Z  OBSERVE  paymentservice  rejection=0.0000  low=186 high=0  state=ON
2026-10-06T09:05:03Z  OBSERVE  productcatalogservice  rejection=0.0000  low=186 high=0  state=ON
2026-10-06T09:05:03Z  OBSERVE  recommendationservice  rejection=0.1825  low=2 high=0  state=ON
2026-10-06T09:05:03Z  OBSERVE  shippingservice  rejection=0.0000  low=186 high=0  state=ON
2026-10-06T09:05:04Z  OBSERVE  adservice  rejection=0.0000  low=187 high=0  state=ON
2026-10-06T09:05:04Z  OBSERVE  cartservice  rejection=0.0000  low=187 high=0  state=ON
2026-10-06T09:05:04Z  OBSERVE  checkoutservice  rejection=0.0000  low=116 high=0  state=ON
2026-10-06T09:05:04Z  OBSERVE  currencyservice  rejection=0.0000  low=187 high=0  state=ON
2026-10-06T09:05:04Z  OBSERVE  emailservice  rejection=0.0000  low=122 high=0  state=ON
2026-10-06T09:05:04Z  OBSERVE  paymentservice  rejection=0.0000  low=187 high=0  state=ON
2026-10-06T09:05:04Z  OBSERVE  productcatalogservice  rejection=0.0000  low=187 high=0  state=ON
2026-10-06T09:05:04Z  OBSERVE  recommendationservice  rejection=0.2024  low=0 high=1  state=ON
2026-10-06T09:05:04Z  OBSERVE  shippingservice  rejection=0.0000  low=187 high=0  state=ON
2026-10-06T09:05:05Z  OBSERVE  adservice  rejection=0.0000  low=188 high=0  state=ON
2026-10-06T09:05:05Z  OBSERVE  cartservice  rejection=0.0000  low=188 high=0  state=ON
2026-10-06T09:05:05Z  OBSERVE  checkoutservice  rejection=0.0000  low=117 high=0  state=ON
2026-10-06T09:05:05Z  OBSERVE  currencyservice  rejection=0.0000  low=188 high=0  state=ON
2026-10-06T09:05:05Z  OBSERVE  emailservice  rejection=0.0000  low=123 high=0  state=ON
2026-10-06T09:05:05Z  OBSERVE  paymentservice  rejection=0.0000  low=188 high=0  state=ON
2026-10-06T09:05:05Z  OBSERVE  productcatalogservice  rejection=0.0000  low=188 high=0  state=ON
2026-10-06T09:05:05Z  OBSERVE  recommendationservice  rejection=0.1616  low=1 high=0  state=ON
2026-10-06T09:05:05Z  OBSERVE  shippingservice  rejection=0.0000  low=188 high=0  state=ON
2026-10-06T09:05:06Z  OBSERVE  adservice  rejection=0.0000  low=189 high=0  state=ON
2026-10-06T09:05:06Z  OBSERVE  cartservice  rejection=0.0000  low=189 high=0  state=ON
2026-10-06T09:05:06Z  OBSERVE  checkoutservice  rejection=0.0000  low=118 high=0  state=ON
2026-10-06T09:05:06Z  OBSERVE  currencyservice  rejection=0.0000  low=189 high=0  state=ON
2026-10-06T09:05:06Z  OBSERVE  emailservice  rejection=0.0000  low=124 high=0  state=ON
2026-10-06T09:05:06Z  OBSERVE  paymentservice  rejection=0.0000  low=189 high=0  state=ON
2026-10-06T09:05:06Z  OBSERVE  productcatalogservice  rejection=0.0000  low=189 high=0  state=ON
2026-10-06T09:05:06Z  OBSERVE  recommendationservice  rejection=0.2294  low=0 high=1  state=ON
2026-10-06T09:05:06Z  OBSERVE  shippingservice  rejection=0.0000  low=189 high=0  state=ON
2026-10-06T09:05:07Z  OBSERVE  adservice  rejection=0.0000  low=190 high=0  state=ON
2026-10-06T09:05:07Z  OBSERVE  cartservice  rejection=0.0000  low=190 high=0  state=ON
2026-10-06T09:05:07Z  OBSERVE  checkoutservice  rejection=0.0000  low=119 high=0  state=ON
2026-10-06T09:05:07Z  OBSERVE  currencyservice  rejection=0.0000  low=190 high=0  state=ON
2026-10-06T09:05:07Z  OBSERVE  emailservice  rejection=0.0000  low=125 high=0  state=ON
2026-10-06T09:05:07Z  OBSERVE  paymentservice  rejection=0.0000  low=190 high=0  state=ON
2026-10-06T09:05:07Z  OBSERVE  productcatalogservice  rejection=0.0000  low=190 high=0  state=ON
2026-10-06T09:05:07Z  OBSERVE  recommendationservice  rejection=0.1904  low=1 high=0  state=ON
2026-10-06T09:05:07Z  OBSERVE  shippingservice  rejection=0.0000  low=190 high=0  state=ON
2026-10-06T09:05:08Z  OBSERVE  adservice  rejection=0.0000  low=191 high=0  state=ON
2026-10-06T09:05:08Z  OBSERVE  cartservice  rejection=0.0000  low=191 high=0  state=ON
2026-10-06T09:05:08Z  OBSERVE  checkoutservice  rejection=0.0000  low=120 high=0  state=ON
2026-10-06T09:05:08Z  OBSERVE  currencyservice  rejection=0.0000  low=191 high=0  state=ON
2026-10-06T09:05:08Z  OBSERVE  emailservice  rejection=0.0000  low=126 high=0  state=ON
2026-10-06T09:05:08Z  OBSERVE  paymentservice  rejection=0.0000  low=191 high=0  state=ON
2026-10-06T09:05:08Z  OBSERVE  productcatalogservice  rejection=0.0000  low=191 high=0  state=ON
2026-10-06T09:05:08Z  OBSERVE  recommendationservice  rejection=0.1554  low=2 high=0  state=ON
2026-10-06T09:05:08Z  OBSERVE  shippingservice  rejection=0.0000  low=191 high=0  state=ON
2026-10-06T09:05:09Z  OBSERVE  adservice  rejection=0.0000  low=192 high=0  state=ON
2026-10-06T09:05:09Z  OBSERVE  cartservice  rejection=0.0000  low=192 high=0  state=ON
2026-10-06T09:05:09Z  OBSERVE  checkoutservice  rejection=0.0000  low=121 high=0  state=ON
2026-10-06T09:05:09Z  OBSERVE  currencyservice  rejection=0.0000  low=192 high=0  state=ON
2026-10-06T09:05:09Z  OBSERVE  emailservice  rejection=0.0000  low=127 high=0  state=ON
2026-10-06T09:05:09Z  OBSERVE  paymentservice  rejection=0.0000  low=192 high=0  state=ON
2026-10-06T09:05:09Z  OBSERVE  productcatalogservice  rejection=0.0000  low=192 high=0  state=ON
2026-10-06T09:05:09Z  OBSERVE  recommendationservice  rejection=0.1408  low=3 high=0  state=ON
2026-10-06T09:05:09Z  OBSERVE  shippingservice  rejection=0.0000  low=192 high=0  state=ON
2026-10-06T09:05:10Z  OBSERVE  adservice  rejection=0.0000  low=193 high=0  state=ON
2026-10-06T09:05:10Z  OBSERVE  cartservice  rejection=0.0000  low=193 high=0  state=ON
2026-10-06T09:05:10Z  OBSERVE  checkoutservice  rejection=0.0000  low=122 high=0  state=ON
2026-10-06T09:05:10Z  OBSERVE  currencyservice  rejection=0.0000  low=193 high=0  state=ON
2026-10-06T09:05:10Z  OBSERVE  emailservice  rejection=0.0000  low=128 high=0  state=ON
2026-10-06T09:05:10Z  OBSERVE  paymentservice  rejection=0.0000  low=193 high=0  state=ON
2026-10-06T09:05:10Z  OBSERVE  productcatalogservice  rejection=0.0000  low=193 high=0  state=ON
2026-10-06T09:05:10Z  OBSERVE  recommendationservice  rejection=0.3031  low=0 high=1  state=ON
2026-10-06T09:05:10Z  OBSERVE  shippingservice  rejection=0.0000  low=193 high=0  state=ON
2026-10-06T09:05:11Z  OBSERVE  adservice  rejection=0.0000  low=194 high=0  state=ON
2026-10-06T09:05:11Z  OBSERVE  cartservice  rejection=0.0000  low=194 high=0  state=ON
2026-10-06T09:05:11Z  OBSERVE  checkoutservice  rejection=0.0000  low=123 high=0  state=ON
2026-10-06T09:05:11Z  OBSERVE  currencyservice  rejection=0.0000  low=194 high=0  state=ON
2026-10-06T09:05:11Z  OBSERVE  emailservice  rejection=0.0000  low=129 high=0  state=ON
2026-10-06T09:05:11Z  OBSERVE  paymentservice  rejection=0.0000  low=194 high=0  state=ON
2026-10-06T09:05:11Z  OBSERVE  productcatalogservice  rejection=0.0000  low=194 high=0  state=ON
2026-10-06T09:05:11Z  OBSERVE  recommendationservice  rejection=0.1942  low=1 high=0  state=ON
2026-10-06T09:05:11Z  OBSERVE  shippingservice  rejection=0.0000  low=194 high=0  state=ON
2026-10-06T09:05:12Z  OBSERVE  adservice  rejection=0.0000  low=195 high=0  state=ON
2026-10-06T09:05:12Z  OBSERVE  cartservice  rejection=0.0000  low=195 high=0  state=ON
2026-10-06T09:05:12Z  OBSERVE  checkoutservice  rejection=0.0000  low=124 high=0  state=ON
2026-10-06T09:05:12Z  OBSERVE  currencyservice  rejection=0.0000  low=195 high=0  state=ON
2026-10-06T09:05:12Z  OBSERVE  emailservice  rejection=0.0000  low=130 high=0  state=ON
2026-10-06T09:05:12Z  OBSERVE  paymentservice  rejection=0.0000  low=195 high=0  state=ON
2026-10-06T09:05:12Z  OBSERVE  productcatalogservice  rejection=0.0000  low=195 high=0  state=ON
2026-10-06T09:05:12Z  OBSERVE  recommendationservice  rejection=0.2139  low=0 high=1  state=ON
2026-10-06T09:05:12Z  OBSERVE  shippingservice  rejection=0.0000  low=195 high=0  state=ON
2026-10-06T09:05:13Z  OBSERVE  adservice  rejection=0.0000  low=196 high=0  state=ON
2026-10-06T09:05:13Z  OBSERVE  cartservice  rejection=0.0000  low=196 high=0  state=ON
2026-10-06T09:05:13Z  OBSERVE  checkoutservice  rejection=0.0000  low=125 high=0  state=ON
2026-10-06T09:05:13Z  OBSERVE  currencyservice  rejection=0.0000  low=196 high=0  state=ON
2026-10-06T09:05:13Z  OBSERVE  emailservice  rejection=0.0000  low=131 high=0  state=ON
2026-10-06T09:05:13Z  OBSERVE  paymentservice  rejection=0.0000  low=196 high=0  state=ON
2026-10-06T09:05:13Z  OBSERVE  productcatalogservice  rejection=0.0000  low=196 high=0  state=ON
2026-10-06T09:05:13Z  OBSERVE  recommendationservice  rejection=0.1987  low=1 high=0  state=ON
2026-10-06T09:05:13Z  OBSERVE  shippingservice  rejection=0.0000  low=196 high=0  state=ON
2026-10-06T09:05:14Z  OBSERVE  adservice  rejection=0.0000  low=197 high=0  state=ON
2026-10-06T09:05:14Z  OBSERVE  cartservice  rejection=0.0000  low=197 high=0  state=ON
2026-10-06T09:05:14Z  OBSERVE  checkoutservice  rejection=0.0000  low=126 high=0  state=ON
2026-10-06T09:05:14Z  OBSERVE  currencyservice  rejection=0.0000  low=197 high=0  state=ON
2026-10-06T09:05:14Z  OBSERVE  emailservice  rejection=0.0000  low=132 high=0  state=ON
2026-10-06T09:05:14Z  OBSERVE  paymentservice  rejection=0.0000  low=197 high=0  state=ON
2026-10-06T09:05:14Z  OBSERVE  productcatalogservice  rejection=0.0000  low=197 high=0  state=ON
2026-10-06T09:05:14Z  OBSERVE  recommendationservice  rejection=0.2279  low=0 high=1  state=ON
2026-10-06T09:05:14Z  OBSERVE  shippingservice  rejection=0.0000  low=197 high=0  state=ON
2026-10-06T09:05:15Z  OBSERVE  adservice  rejection=0.0000  low=198 high=0  state=ON
2026-10-06T09:05:15Z  OBSERVE  cartservice  rejection=0.0000  low=198 high=0  state=ON
2026-10-06T09:05:15Z  OBSERVE  checkoutservice  rejection=0.0000  low=127 high=0  state=ON
2026-10-06T09:05:15Z  OBSERVE  currencyservice  rejection=0.0000  low=198 high=0  state=ON
2026-10-06T09:05:15Z  OBSERVE  emailservice  rejection=0.0000  low=133 high=0  state=ON
2026-10-06T09:05:15Z  OBSERVE  paymentservice  rejection=0.0000  low=198 high=0  state=ON
2026-10-06T09:05:15Z  OBSERVE  productcatalogservice  rejection=0.0000  low=198 high=0  state=ON
2026-10-06T09:05:15Z  OBSERVE  recommendationservice  rejection=0.1967  low=1 high=0  state=ON
2026-10-06T09:05:15Z  OBSERVE  shippingservice  rejection=0.0000  low=198 high=0  state=ON
2026-10-06T09:05:16Z  OBSERVE  adservice  rejection=0.0000  low=199 high=0  state=ON
2026-10-06T09:05:16Z  OBSERVE  cartservice  rejection=0.0000  low=199 high=0  state=ON
2026-10-06T09:05:16Z  OBSERVE  checkoutservice  rejection=0.0000  low=128 high=0  state=ON
2026-10-06T09:05:16Z  OBSERVE  currencyservice  rejection=0.0000  low=199 high=0  state=ON
2026-10-06T09:05:16Z  OBSERVE  emailservice  rejection=0.0000  low=134 high=0  state=ON
2026-10-06T09:05:16Z  OBSERVE  paymentservice  rejection=0.0000  low=199 high=0  state=ON
2026-10-06T09:05:16Z  OBSERVE  productcatalogservice  rejection=0.0000  low=199 high=0  state=ON
2026-10-06T09:05:16Z  OBSERVE  recommendationservice  rejection=0.1983  low=2 high=0  state=ON
2026-10-06T09:05:16Z  OBSERVE  shippingservice  rejection=0.0000  low=199 high=0  state=ON
2026-10-06T09:05:17Z  OBSERVE  adservice  rejection=0.0000  low=200 high=0  state=ON
2026-10-06T09:05:17Z  OBSERVE  cartservice  rejection=0.0000  low=200 high=0  state=ON
2026-10-06T09:05:17Z  OBSERVE  checkoutservice  rejection=0.0000  low=129 high=0  state=ON
2026-10-06T09:05:17Z  OBSERVE  currencyservice  rejection=0.0000  low=200 high=0  state=ON
2026-10-06T09:05:17Z  OBSERVE  emailservice  rejection=0.0000  low=135 high=0  state=ON
2026-10-06T09:05:17Z  OBSERVE  paymentservice  rejection=0.0000  low=200 high=0  state=ON
2026-10-06T09:05:17Z  OBSERVE  productcatalogservice  rejection=0.0000  low=200 high=0  state=ON
2026-10-06T09:05:17Z  OBSERVE  recommendationservice  rejection=0.2201  low=0 high=1  state=ON
2026-10-06T09:05:17Z  OBSERVE  shippingservice  rejection=0.0000  low=200 high=0  state=ON
2026-10-06T09:05:18Z  OBSERVE  adservice  rejection=0.0000  low=201 high=0  state=ON
2026-10-06T09:05:18Z  OBSERVE  cartservice  rejection=0.0000  low=201 high=0  state=ON
2026-10-06T09:05:18Z  OBSERVE  checkoutservice  rejection=0.0000  low=130 high=0  state=ON
2026-10-06T09:05:18Z  OBSERVE  currencyservice  rejection=0.0000  low=201 high=0  state=ON
2026-10-06T09:05:18Z  OBSERVE  emailservice  rejection=0.0000  low=136 high=0  state=ON
2026-10-06T09:05:18Z  OBSERVE  paymentservice  rejection=0.0000  low=201 high=0  state=ON
2026-10-06T09:05:18Z  OBSERVE  productcatalogservice  rejection=0.0000  low=201 high=0  state=ON
2026-10-06T09:05:18Z  OBSERVE  recommendationservice  rejection=0.1343  low=1 high=0  state=ON
2026-10-06T09:05:18Z  OBSERVE  shippingservice  rejection=0.0000  low=201 high=0  state=ON
2026-10-06T09:05:19Z  OBSERVE  adservice  rejection=0.0000  low=202 high=0  state=ON
2026-10-06T09:05:19Z  OBSERVE  cartservice  rejection=0.0000  low=202 high=0  state=ON
2026-10-06T09:05:19Z  OBSERVE  checkoutservice  rejection=0.0000  low=131 high=0  state=ON
2026-10-06T09:05:19Z  OBSERVE  currencyservice  rejection=0.0000  low=202 high=0  state=ON
2026-10-06T09:05:19Z  OBSERVE  emailservice  rejection=0.0000  low=137 high=0  state=ON
2026-10-06T09:05:19Z  OBSERVE  paymentservice  rejection=0.0000  low=202 high=0  state=ON
2026-10-06T09:05:19Z  OBSERVE  productcatalogservice  rejection=0.0000  low=202 high=0  state=ON
2026-10-06T09:05:19Z  OBSERVE  recommendationservice  rejection=0.2356  low=0 high=1  state=ON
2026-10-06T09:05:19Z  OBSERVE  shippingservice  rejection=0.0000  low=202 high=0  state=ON
2026-10-06T09:05:20Z  OBSERVE  adservice  rejection=0.0000  low=203 high=0  state=ON
2026-10-06T09:05:20Z  OBSERVE  cartservice  rejection=0.0000  low=203 high=0  state=ON
2026-10-06T09:05:20Z  OBSERVE  checkoutservice  rejection=0.0000  low=132 high=0  state=ON
2026-10-06T09:05:20Z  OBSERVE  currencyservice  rejection=0.0000  low=203 high=0  state=ON
2026-10-06T09:05:20Z  OBSERVE  emailservice  rejection=0.0000  low=138 high=0  state=ON
2026-10-06T09:05:20Z  OBSERVE  paymentservice  rejection=0.0000  low=203 high=0  state=ON
2026-10-06T09:05:20Z  OBSERVE  productcatalogservice  rejection=0.0000  low=203 high=0  state=ON
2026-10-06T09:05:20Z  OBSERVE  recommendationservice  rejection=0.2296  low=0 high=2  state=ON
2026-10-06T09:05:20Z  OBSERVE  shippingservice  rejection=0.0000  low=203 high=0  state=ON
2026-10-06T09:05:21Z  OBSERVE  adservice  rejection=0.0000  low=204 high=0  state=ON
2026-10-06T09:05:21Z  OBSERVE  cartservice  rejection=0.0000  low=204 high=0  state=ON
2026-10-06T09:05:21Z  OBSERVE  checkoutservice  rejection=0.0000  low=133 high=0  state=ON
2026-10-06T09:05:21Z  OBSERVE  currencyservice  rejection=0.0000  low=204 high=0  state=ON
2026-10-06T09:05:21Z  OBSERVE  emailservice  rejection=0.0000  low=139 high=0  state=ON
2026-10-06T09:05:21Z  OBSERVE  paymentservice  rejection=0.0000  low=204 high=0  state=ON
2026-10-06T09:05:21Z  OBSERVE  productcatalogservice  rejection=0.0000  low=204 high=0  state=ON
2026-10-06T09:05:21Z  OBSERVE  recommendationservice  rejection=0.2063  low=0 high=3  state=ON
2026-10-06T09:05:21Z  OBSERVE  shippingservice  rejection=0.0000  low=204 high=0  state=ON
2026-10-06T09:05:22Z  OBSERVE  adservice  rejection=0.0000  low=205 high=0  state=ON
2026-10-06T09:05:22Z  OBSERVE  cartservice  rejection=0.0000  low=205 high=0  state=ON
2026-10-06T09:05:22Z  OBSERVE  checkoutservice  rejection=0.0000  low=134 high=0  state=ON
2026-10-06T09:05:22Z  OBSERVE  currencyservice  rejection=0.0000  low=205 high=0  state=ON
2026-10-06T09:05:22Z  OBSERVE  emailservice  rejection=0.0000  low=140 high=0  state=ON
2026-10-06T09:05:22Z  OBSERVE  paymentservice  rejection=0.0000  low=205 high=0  state=ON
2026-10-06T09:05:22Z  OBSERVE  productcatalogservice  rejection=0.0000  low=205 high=0  state=ON
2026-10-06T09:05:22Z  OBSERVE  recommendationservice  rejection=0.2339  low=0 high=4  state=ON
2026-10-06T09:05:22Z  OBSERVE  shippingservice  rejection=0.0000  low=205 high=0  state=ON
2026-10-06T09:05:23Z  OBSERVE  adservice  rejection=0.0000  low=206 high=0  state=ON
2026-10-06T09:05:23Z  OBSERVE  cartservice  rejection=0.0000  low=206 high=0  state=ON
2026-10-06T09:05:23Z  OBSERVE  checkoutservice  rejection=0.0000  low=135 high=0  state=ON
2026-10-06T09:05:23Z  OBSERVE  currencyservice  rejection=0.0000  low=206 high=0  state=ON
2026-10-06T09:05:23Z  OBSERVE  emailservice  rejection=0.0000  low=141 high=0  state=ON
2026-10-06T09:05:23Z  OBSERVE  paymentservice  rejection=0.0000  low=206 high=0  state=ON
2026-10-06T09:05:23Z  OBSERVE  productcatalogservice  rejection=0.0000  low=206 high=0  state=ON
2026-10-06T09:05:23Z  OBSERVE  recommendationservice  rejection=0.3586  low=0 high=5  state=ON
2026-10-06T09:05:23Z  OBSERVE  shippingservice  rejection=0.0000  low=206 high=0  state=ON
2026-10-06T09:05:24Z  OBSERVE  adservice  rejection=0.0000  low=207 high=0  state=ON
2026-10-06T09:05:24Z  OBSERVE  cartservice  rejection=0.0000  low=207 high=0  state=ON
2026-10-06T09:05:24Z  OBSERVE  checkoutservice  rejection=0.0000  low=136 high=0  state=ON
2026-10-06T09:05:24Z  OBSERVE  currencyservice  rejection=0.0000  low=207 high=0  state=ON
2026-10-06T09:05:24Z  OBSERVE  emailservice  rejection=0.0000  low=142 high=0  state=ON
2026-10-06T09:05:24Z  OBSERVE  paymentservice  rejection=0.0000  low=207 high=0  state=ON
2026-10-06T09:05:24Z  OBSERVE  productcatalogservice  rejection=0.0000  low=207 high=0  state=ON
2026-10-06T09:05:24Z  OBSERVE  recommendationservice  rejection=0.1716  low=1 high=0  state=ON
2026-10-06T09:05:24Z  OBSERVE  shippingservice  rejection=0.0000  low=207 high=0  state=ON
2026-10-06T09:05:25Z  OBSERVE  adservice  rejection=0.0000  low=208 high=0  state=ON
2026-10-06T09:05:25Z  OBSERVE  cartservice  rejection=0.0000  low=208 high=0  state=ON
2026-10-06T09:05:25Z  OBSERVE  checkoutservice  rejection=0.0000  low=137 high=0  state=ON
2026-10-06T09:05:25Z  OBSERVE  currencyservice  rejection=0.0000  low=208 high=0  state=ON
2026-10-06T09:05:25Z  OBSERVE  emailservice  rejection=0.0000  low=143 high=0  state=ON
2026-10-06T09:05:25Z  OBSERVE  paymentservice  rejection=0.0000  low=208 high=0  state=ON
2026-10-06T09:05:25Z  OBSERVE  productcatalogservice  rejection=0.0000  low=208 high=0  state=ON
2026-10-06T09:05:25Z  OBSERVE  recommendationservice  rejection=0.2394  low=0 high=1  state=ON
2026-10-06T09:05:25Z  OBSERVE  shippingservice  rejection=0.0000  low=208 high=0  state=ON
2026-10-06T09:05:26Z  OBSERVE  adservice  rejection=0.0000  low=209 high=0  state=ON
2026-10-06T09:05:26Z  OBSERVE  cartservice  rejection=0.0000  low=209 high=0  state=ON
2026-10-06T09:05:26Z  OBSERVE  checkoutservice  rejection=0.0000  low=138 high=0  state=ON
2026-10-06T09:05:26Z  OBSERVE  currencyservice  rejection=0.0000  low=209 high=0  state=ON
2026-10-06T09:05:26Z  OBSERVE  emailservice  rejection=0.0000  low=144 high=0  state=ON
2026-10-06T09:05:26Z  OBSERVE  paymentservice  rejection=0.0000  low=209 high=0  state=ON
2026-10-06T09:05:26Z  OBSERVE  productcatalogservice  rejection=0.0000  low=209 high=0  state=ON
2026-10-06T09:05:26Z  OBSERVE  recommendationservice  rejection=0.2174  low=0 high=2  state=ON
2026-10-06T09:05:26Z  OBSERVE  shippingservice  rejection=0.0000  low=209 high=0  state=ON
2026-10-06T09:05:27Z  OBSERVE  adservice  rejection=0.0000  low=210 high=0  state=ON
2026-10-06T09:05:27Z  OBSERVE  cartservice  rejection=0.0000  low=210 high=0  state=ON
2026-10-06T09:05:27Z  OBSERVE  checkoutservice  rejection=0.0000  low=139 high=0  state=ON
2026-10-06T09:05:27Z  OBSERVE  currencyservice  rejection=0.0000  low=210 high=0  state=ON
2026-10-06T09:05:27Z  OBSERVE  emailservice  rejection=0.0000  low=145 high=0  state=ON
2026-10-06T09:05:27Z  OBSERVE  paymentservice  rejection=0.0000  low=210 high=0  state=ON
2026-10-06T09:05:27Z  OBSERVE  productcatalogservice  rejection=0.0000  low=210 high=0  state=ON
2026-10-06T09:05:27Z  OBSERVE  recommendationservice  rejection=0.2515  low=0 high=3  state=ON
2026-10-06T09:05:27Z  OBSERVE  shippingservice  rejection=0.0000  low=210 high=0  state=ON
2026-10-06T09:05:28Z  OBSERVE  adservice  rejection=0.0000  low=211 high=0  state=ON
2026-10-06T09:05:28Z  OBSERVE  cartservice  rejection=0.0000  low=211 high=0  state=ON
2026-10-06T09:05:28Z  OBSERVE  checkoutservice  rejection=0.0000  low=140 high=0  state=ON
2026-10-06T09:05:28Z  OBSERVE  currencyservice  rejection=0.0000  low=211 high=0  state=ON
2026-10-06T09:05:28Z  OBSERVE  emailservice  rejection=0.0000  low=146 high=0  state=ON
2026-10-06T09:05:28Z  OBSERVE  paymentservice  rejection=0.0000  low=211 high=0  state=ON
2026-10-06T09:05:28Z  OBSERVE  productcatalogservice  rejection=0.0000  low=211 high=0  state=ON
2026-10-06T09:05:28Z  OBSERVE  recommendationservice  rejection=0.1940  low=1 high=0  state=ON
2026-10-06T09:05:28Z  OBSERVE  shippingservice  rejection=0.0000  low=211 high=0  state=ON
2026-10-06T09:05:29Z  OBSERVE  adservice  rejection=0.0000  low=212 high=0  state=ON
2026-10-06T09:05:29Z  OBSERVE  cartservice  rejection=0.0000  low=212 high=0  state=ON
2026-10-06T09:05:29Z  OBSERVE  checkoutservice  rejection=0.0000  low=141 high=0  state=ON
2026-10-06T09:05:29Z  OBSERVE  currencyservice  rejection=0.0000  low=212 high=0  state=ON
2026-10-06T09:05:29Z  OBSERVE  emailservice  rejection=0.0000  low=147 high=0  state=ON
2026-10-06T09:05:29Z  OBSERVE  paymentservice  rejection=0.0000  low=212 high=0  state=ON
2026-10-06T09:05:29Z  OBSERVE  productcatalogservice  rejection=0.0000  low=212 high=0  state=ON
2026-10-06T09:05:29Z  OBSERVE  recommendationservice  rejection=0.2077  low=0 high=1  state=ON
2026-10-06T09:05:29Z  OBSERVE  shippingservice  rejection=0.0000  low=212 high=0  state=ON
2026-10-06T09:05:30Z  OBSERVE  adservice  rejection=0.0000  low=213 high=0  state=ON
2026-10-06T09:05:30Z  OBSERVE  cartservice  rejection=0.0000  low=213 high=0  state=ON
2026-10-06T09:05:30Z  OBSERVE  checkoutservice  rejection=0.0000  low=142 high=0  state=ON
2026-10-06T09:05:30Z  OBSERVE  currencyservice  rejection=0.0000  low=213 high=0  state=ON
2026-10-06T09:05:30Z  OBSERVE  emailservice  rejection=0.0000  low=148 high=0  state=ON
2026-10-06T09:05:30Z  OBSERVE  paymentservice  rejection=0.0000  low=213 high=0  state=ON
2026-10-06T09:05:30Z  OBSERVE  productcatalogservice  rejection=0.0000  low=213 high=0  state=ON
2026-10-06T09:05:30Z  OBSERVE  recommendationservice  rejection=0.1924  low=1 high=0  state=ON
2026-10-06T09:05:30Z  OBSERVE  shippingservice  rejection=0.0000  low=213 high=0  state=ON
2026-10-06T09:05:31Z  OBSERVE  adservice  rejection=0.0000  low=214 high=0  state=ON
2026-10-06T09:05:31Z  OBSERVE  cartservice  rejection=0.0000  low=214 high=0  state=ON
2026-10-06T09:05:31Z  OBSERVE  checkoutservice  rejection=0.0000  low=143 high=0  state=ON
2026-10-06T09:05:31Z  OBSERVE  currencyservice  rejection=0.0000  low=214 high=0  state=ON
2026-10-06T09:05:31Z  OBSERVE  emailservice  rejection=0.0000  low=149 high=0  state=ON
2026-10-06T09:05:31Z  OBSERVE  paymentservice  rejection=0.0000  low=214 high=0  state=ON
2026-10-06T09:05:31Z  OBSERVE  productcatalogservice  rejection=0.0000  low=214 high=0  state=ON
2026-10-06T09:05:31Z  OBSERVE  recommendationservice  rejection=0.1905  low=2 high=0  state=ON
2026-10-06T09:05:31Z  OBSERVE  shippingservice  rejection=0.0000  low=214 high=0  state=ON
2026-10-06T09:05:32Z  OBSERVE  adservice  rejection=0.0000  low=215 high=0  state=ON
2026-10-06T09:05:32Z  OBSERVE  cartservice  rejection=0.0000  low=215 high=0  state=ON
2026-10-06T09:05:32Z  OBSERVE  checkoutservice  rejection=0.0000  low=144 high=0  state=ON
2026-10-06T09:05:32Z  OBSERVE  currencyservice  rejection=0.0000  low=215 high=0  state=ON
2026-10-06T09:05:32Z  OBSERVE  emailservice  rejection=0.0000  low=150 high=0  state=ON
2026-10-06T09:05:32Z  OBSERVE  paymentservice  rejection=0.0000  low=215 high=0  state=ON
2026-10-06T09:05:32Z  OBSERVE  productcatalogservice  rejection=0.0000  low=215 high=0  state=ON
2026-10-06T09:05:32Z  OBSERVE  recommendationservice  rejection=0.2643  low=0 high=1  state=ON
2026-10-06T09:05:32Z  OBSERVE  shippingservice  rejection=0.0000  low=215 high=0  state=ON
2026-10-06T09:05:33Z  OBSERVE  adservice  rejection=0.0000  low=216 high=0  state=ON
2026-10-06T09:05:33Z  OBSERVE  cartservice  rejection=0.0000  low=216 high=0  state=ON
2026-10-06T09:05:33Z  OBSERVE  checkoutservice  rejection=0.0000  low=145 high=0  state=ON
2026-10-06T09:05:33Z  OBSERVE  currencyservice  rejection=0.0000  low=216 high=0  state=ON
2026-10-06T09:05:33Z  OBSERVE  emailservice  rejection=0.0000  low=151 high=0  state=ON
2026-10-06T09:05:33Z  OBSERVE  paymentservice  rejection=0.0000  low=216 high=0  state=ON
2026-10-06T09:05:33Z  OBSERVE  productcatalogservice  rejection=0.0000  low=216 high=0  state=ON
2026-10-06T09:05:33Z  OBSERVE  recommendationservice  rejection=0.2395  low=0 high=2  state=ON
2026-10-06T09:05:33Z  OBSERVE  shippingservice  rejection=0.0000  low=216 high=0  state=ON
2026-10-06T09:05:34Z  OBSERVE  adservice  rejection=0.0000  low=217 high=0  state=ON
2026-10-06T09:05:34Z  OBSERVE  cartservice  rejection=0.0000  low=217 high=0  state=ON
2026-10-06T09:05:34Z  OBSERVE  checkoutservice  rejection=0.0000  low=146 high=0  state=ON
2026-10-06T09:05:34Z  OBSERVE  currencyservice  rejection=0.0000  low=217 high=0  state=ON
2026-10-06T09:05:34Z  OBSERVE  emailservice  rejection=0.0000  low=152 high=0  state=ON
2026-10-06T09:05:34Z  OBSERVE  paymentservice  rejection=0.0000  low=217 high=0  state=ON
2026-10-06T09:05:34Z  OBSERVE  productcatalogservice  rejection=0.0000  low=217 high=0  state=ON
2026-10-06T09:05:34Z  OBSERVE  recommendationservice  rejection=0.2132  low=0 high=3  state=ON
2026-10-06T09:05:34Z  OBSERVE  shippingservice  rejection=0.0000  low=217 high=0  state=ON
2026-10-06T09:05:35Z  OBSERVE  adservice  rejection=0.0000  low=218 high=0  state=ON
2026-10-06T09:05:35Z  OBSERVE  cartservice  rejection=0.0000  low=218 high=0  state=ON
2026-10-06T09:05:35Z  OBSERVE  checkoutservice  rejection=0.0000  low=147 high=0  state=ON
2026-10-06T09:05:35Z  OBSERVE  currencyservice  rejection=0.0000  low=218 high=0  state=ON
2026-10-06T09:05:35Z  OBSERVE  emailservice  rejection=0.0000  low=153 high=0  state=ON
2026-10-06T09:05:35Z  OBSERVE  paymentservice  rejection=0.0000  low=218 high=0  state=ON
2026-10-06T09:05:35Z  OBSERVE  productcatalogservice  rejection=0.0000  low=218 high=0  state=ON
2026-10-06T09:05:35Z  OBSERVE  recommendationservice  rejection=0.1521  low=1 high=0  state=ON
2026-10-06T09:05:35Z  OBSERVE  shippingservice  rejection=0.0000  low=218 high=0  state=ON
2026-10-06T09:05:36Z  OBSERVE  adservice  rejection=0.0000  low=219 high=0  state=ON
2026-10-06T09:05:36Z  OBSERVE  cartservice  rejection=0.0000  low=219 high=0  state=ON
2026-10-06T09:05:36Z  OBSERVE  checkoutservice  rejection=0.0000  low=148 high=0  state=ON
2026-10-06T09:05:36Z  OBSERVE  currencyservice  rejection=0.0000  low=219 high=0  state=ON
2026-10-06T09:05:36Z  OBSERVE  emailservice  rejection=0.0000  low=154 high=0  state=ON
2026-10-06T09:05:36Z  OBSERVE  paymentservice  rejection=0.0000  low=219 high=0  state=ON
2026-10-06T09:05:36Z  OBSERVE  productcatalogservice  rejection=0.0000  low=219 high=0  state=ON
2026-10-06T09:05:36Z  OBSERVE  recommendationservice  rejection=0.2145  low=0 high=1  state=ON
2026-10-06T09:05:36Z  OBSERVE  shippingservice  rejection=0.0000  low=219 high=0  state=ON
2026-10-06T09:05:37Z  OBSERVE  adservice  rejection=0.0000  low=220 high=0  state=ON
2026-10-06T09:05:37Z  OBSERVE  cartservice  rejection=0.0000  low=220 high=0  state=ON
2026-10-06T09:05:37Z  OBSERVE  checkoutservice  rejection=0.0000  low=149 high=0  state=ON
2026-10-06T09:05:37Z  OBSERVE  currencyservice  rejection=0.0000  low=220 high=0  state=ON
2026-10-06T09:05:37Z  OBSERVE  emailservice  rejection=0.0000  low=155 high=0  state=ON
2026-10-06T09:05:37Z  OBSERVE  paymentservice  rejection=0.0000  low=220 high=0  state=ON
2026-10-06T09:05:37Z  OBSERVE  productcatalogservice  rejection=0.0000  low=220 high=0  state=ON
2026-10-06T09:05:37Z  OBSERVE  recommendationservice  rejection=0.1953  low=1 high=0  state=ON
2026-10-06T09:05:37Z  OBSERVE  shippingservice  rejection=0.0000  low=220 high=0  state=ON
2026-10-06T09:05:38Z  OBSERVE  adservice  rejection=0.0000  low=221 high=0  state=ON
2026-10-06T09:05:38Z  OBSERVE  cartservice  rejection=0.0000  low=221 high=0  state=ON
2026-10-06T09:05:38Z  OBSERVE  checkoutservice  rejection=0.0000  low=150 high=0  state=ON
2026-10-06T09:05:38Z  OBSERVE  currencyservice  rejection=0.0000  low=221 high=0  state=ON
2026-10-06T09:05:38Z  OBSERVE  emailservice  rejection=0.0000  low=156 high=0  state=ON
2026-10-06T09:05:38Z  OBSERVE  paymentservice  rejection=0.0000  low=221 high=0  state=ON
2026-10-06T09:05:38Z  OBSERVE  productcatalogservice  rejection=0.0000  low=221 high=0  state=ON
2026-10-06T09:05:38Z  OBSERVE  recommendationservice  rejection=0.2404  low=0 high=1  state=ON
2026-10-06T09:05:38Z  OBSERVE  shippingservice  rejection=0.0000  low=221 high=0  state=ON
2026-10-06T09:05:39Z  OBSERVE  adservice  rejection=0.0000  low=222 high=0  state=ON
2026-10-06T09:05:39Z  OBSERVE  cartservice  rejection=0.0000  low=222 high=0  state=ON
2026-10-06T09:05:39Z  OBSERVE  checkoutservice  rejection=0.0000  low=151 high=0  state=ON
2026-10-06T09:05:39Z  OBSERVE  currencyservice  rejection=0.0000  low=222 high=0  state=ON
2026-10-06T09:05:39Z  OBSERVE  emailservice  rejection=0.0000  low=157 high=0  state=ON
2026-10-06T09:05:39Z  OBSERVE  paymentservice  rejection=0.0000  low=222 high=0  state=ON
2026-10-06T09:05:39Z  OBSERVE  productcatalogservice  rejection=0.0000  low=222 high=0  state=ON
2026-10-06T09:05:39Z  OBSERVE  recommendationservice  rejection=0.1556  low=1 high=0  state=ON
2026-10-06T09:05:39Z  OBSERVE  shippingservice  rejection=0.0000  low=222 high=0  state=ON
2026-10-06T09:05:40Z  OBSERVE  adservice  rejection=0.0000  low=223 high=0  state=ON
2026-10-06T09:05:40Z  OBSERVE  cartservice  rejection=0.0000  low=223 high=0  state=ON
2026-10-06T09:05:40Z  OBSERVE  checkoutservice  rejection=0.0000  low=152 high=0  state=ON
2026-10-06T09:05:40Z  OBSERVE  currencyservice  rejection=0.0000  low=223 high=0  state=ON
2026-10-06T09:05:40Z  OBSERVE  emailservice  rejection=0.0000  low=158 high=0  state=ON
2026-10-06T09:05:40Z  OBSERVE  paymentservice  rejection=0.0000  low=223 high=0  state=ON
2026-10-06T09:05:40Z  OBSERVE  productcatalogservice  rejection=0.0000  low=223 high=0  state=ON
2026-10-06T09:05:40Z  OBSERVE  recommendationservice  rejection=0.1639  low=2 high=0  state=ON
2026-10-06T09:05:40Z  OBSERVE  shippingservice  rejection=0.0000  low=223 high=0  state=ON
2026-10-06T09:05:41Z  OBSERVE  adservice  rejection=0.0000  low=224 high=0  state=ON
2026-10-06T09:05:41Z  OBSERVE  cartservice  rejection=0.0000  low=224 high=0  state=ON
2026-10-06T09:05:41Z  OBSERVE  checkoutservice  rejection=0.0000  low=153 high=0  state=ON
2026-10-06T09:05:41Z  OBSERVE  currencyservice  rejection=0.0000  low=224 high=0  state=ON
2026-10-06T09:05:41Z  OBSERVE  emailservice  rejection=0.0000  low=159 high=0  state=ON
2026-10-06T09:05:41Z  OBSERVE  paymentservice  rejection=0.0000  low=224 high=0  state=ON
2026-10-06T09:05:41Z  OBSERVE  productcatalogservice  rejection=0.0000  low=224 high=0  state=ON
2026-10-06T09:05:41Z  OBSERVE  recommendationservice  rejection=0.2049  low=0 high=1  state=ON
2026-10-06T09:05:41Z  OBSERVE  shippingservice  rejection=0.0000  low=224 high=0  state=ON
2026-10-06T09:05:42Z  OBSERVE  adservice  rejection=0.0000  low=225 high=0  state=ON
2026-10-06T09:05:42Z  OBSERVE  cartservice  rejection=0.0000  low=225 high=0  state=ON
2026-10-06T09:05:42Z  OBSERVE  checkoutservice  rejection=0.0000  low=154 high=0  state=ON
2026-10-06T09:05:42Z  OBSERVE  currencyservice  rejection=0.0000  low=225 high=0  state=ON
2026-10-06T09:05:42Z  OBSERVE  emailservice  rejection=0.0000  low=160 high=0  state=ON
2026-10-06T09:05:42Z  OBSERVE  paymentservice  rejection=0.0000  low=225 high=0  state=ON
2026-10-06T09:05:42Z  OBSERVE  productcatalogservice  rejection=0.0000  low=225 high=0  state=ON
2026-10-06T09:05:42Z  OBSERVE  recommendationservice  rejection=0.2080  low=0 high=2  state=ON
2026-10-06T09:05:42Z  OBSERVE  shippingservice  rejection=0.0000  low=225 high=0  state=ON
2026-10-06T09:05:43Z  OBSERVE  adservice  rejection=0.0000  low=226 high=0  state=ON
2026-10-06T09:05:43Z  OBSERVE  cartservice  rejection=0.0000  low=226 high=0  state=ON
2026-10-06T09:05:43Z  OBSERVE  checkoutservice  rejection=0.0000  low=155 high=0  state=ON
2026-10-06T09:05:43Z  OBSERVE  currencyservice  rejection=0.0000  low=226 high=0  state=ON
2026-10-06T09:05:43Z  OBSERVE  emailservice  rejection=0.0000  low=161 high=0  state=ON
2026-10-06T09:05:43Z  OBSERVE  paymentservice  rejection=0.0000  low=226 high=0  state=ON
2026-10-06T09:05:43Z  OBSERVE  productcatalogservice  rejection=0.0000  low=226 high=0  state=ON
2026-10-06T09:05:43Z  OBSERVE  recommendationservice  rejection=0.1813  low=1 high=0  state=ON
2026-10-06T09:05:43Z  OBSERVE  shippingservice  rejection=0.0000  low=226 high=0  state=ON
2026-10-06T09:05:44Z  OBSERVE  adservice  rejection=0.0000  low=227 high=0  state=ON
2026-10-06T09:05:44Z  OBSERVE  cartservice  rejection=0.0000  low=227 high=0  state=ON
2026-10-06T09:05:44Z  OBSERVE  checkoutservice  rejection=0.0000  low=156 high=0  state=ON
2026-10-06T09:05:44Z  OBSERVE  currencyservice  rejection=0.0000  low=227 high=0  state=ON
2026-10-06T09:05:44Z  OBSERVE  emailservice  rejection=0.0000  low=162 high=0  state=ON
2026-10-06T09:05:44Z  OBSERVE  paymentservice  rejection=0.0000  low=227 high=0  state=ON
2026-10-06T09:05:44Z  OBSERVE  productcatalogservice  rejection=0.0000  low=227 high=0  state=ON
2026-10-06T09:05:44Z  OBSERVE  recommendationservice  rejection=0.2111  low=0 high=1  state=ON
2026-10-06T09:05:44Z  OBSERVE  shippingservice  rejection=0.0000  low=227 high=0  state=ON
2026-10-06T09:05:45Z  OBSERVE  adservice  rejection=0.0000  low=228 high=0  state=ON
2026-10-06T09:05:45Z  OBSERVE  cartservice  rejection=0.0000  low=228 high=0  state=ON
2026-10-06T09:05:45Z  OBSERVE  checkoutservice  rejection=0.0000  low=157 high=0  state=ON
2026-10-06T09:05:45Z  OBSERVE  currencyservice  rejection=0.0000  low=228 high=0  state=ON
2026-10-06T09:05:45Z  OBSERVE  emailservice  rejection=0.0000  low=163 high=0  state=ON
2026-10-06T09:05:45Z  OBSERVE  paymentservice  rejection=0.0000  low=228 high=0  state=ON
2026-10-06T09:05:45Z  OBSERVE  productcatalogservice  rejection=0.0000  low=228 high=0  state=ON
2026-10-06T09:05:45Z  OBSERVE  recommendationservice  rejection=0.2212  low=0 high=2  state=ON
2026-10-06T09:05:45Z  OBSERVE  shippingservice  rejection=0.0000  low=228 high=0  state=ON
2026-10-06T09:05:46Z  OBSERVE  adservice  rejection=0.0000  low=229 high=0  state=ON
2026-10-06T09:05:46Z  OBSERVE  cartservice  rejection=0.0000  low=229 high=0  state=ON
2026-10-06T09:05:46Z  OBSERVE  checkoutservice  rejection=0.0000  low=158 high=0  state=ON
2026-10-06T09:05:46Z  OBSERVE  currencyservice  rejection=0.0000  low=229 high=0  state=ON
2026-10-06T09:05:46Z  OBSERVE  emailservice  rejection=0.0000  low=164 high=0  state=ON
2026-10-06T09:05:46Z  OBSERVE  paymentservice  rejection=0.0000  low=229 high=0  state=ON
2026-10-06T09:05:46Z  OBSERVE  productcatalogservice  rejection=0.0000  low=229 high=0  state=ON
2026-10-06T09:05:46Z  OBSERVE  recommendationservice  rejection=0.1615  low=1 high=0  state=ON
2026-10-06T09:05:46Z  OBSERVE  shippingservice  rejection=0.0000  low=229 high=0  state=ON
2026-10-06T09:05:47Z  OBSERVE  adservice  rejection=0.0000  low=230 high=0  state=ON
2026-10-06T09:05:47Z  OBSERVE  cartservice  rejection=0.0000  low=230 high=0  state=ON
2026-10-06T09:05:47Z  OBSERVE  checkoutservice  rejection=0.0000  low=159 high=0  state=ON
2026-10-06T09:05:47Z  OBSERVE  currencyservice  rejection=0.0000  low=230 high=0  state=ON
2026-10-06T09:05:47Z  OBSERVE  emailservice  rejection=0.0000  low=165 high=0  state=ON
2026-10-06T09:05:47Z  OBSERVE  paymentservice  rejection=0.0000  low=230 high=0  state=ON
2026-10-06T09:05:47Z  OBSERVE  productcatalogservice  rejection=0.0000  low=230 high=0  state=ON
2026-10-06T09:05:47Z  OBSERVE  recommendationservice  rejection=0.2088  low=0 high=1  state=ON
2026-10-06T09:05:47Z  OBSERVE  shippingservice  rejection=0.0000  low=230 high=0  state=ON
2026-10-06T09:05:48Z  OBSERVE  adservice  rejection=0.0000  low=231 high=0  state=ON
2026-10-06T09:05:48Z  OBSERVE  cartservice  rejection=0.0000  low=231 high=0  state=ON
2026-10-06T09:05:48Z  OBSERVE  checkoutservice  rejection=0.0000  low=160 high=0  state=ON
2026-10-06T09:05:48Z  OBSERVE  currencyservice  rejection=0.0000  low=231 high=0  state=ON
2026-10-06T09:05:48Z  OBSERVE  emailservice  rejection=0.0000  low=166 high=0  state=ON
2026-10-06T09:05:48Z  OBSERVE  paymentservice  rejection=0.0000  low=231 high=0  state=ON
2026-10-06T09:05:48Z  OBSERVE  productcatalogservice  rejection=0.0000  low=231 high=0  state=ON
2026-10-06T09:05:48Z  OBSERVE  recommendationservice  rejection=0.2629  low=0 high=2  state=ON
2026-10-06T09:05:48Z  OBSERVE  shippingservice  rejection=0.0000  low=231 high=0  state=ON
2026-10-06T09:05:49Z  OBSERVE  adservice  rejection=0.0000  low=232 high=0  state=ON
2026-10-06T09:05:49Z  OBSERVE  cartservice  rejection=0.0000  low=232 high=0  state=ON
2026-10-06T09:05:49Z  OBSERVE  checkoutservice  rejection=0.0000  low=161 high=0  state=ON
2026-10-06T09:05:49Z  OBSERVE  currencyservice  rejection=0.0000  low=232 high=0  state=ON
2026-10-06T09:05:49Z  OBSERVE  emailservice  rejection=0.0000  low=167 high=0  state=ON
2026-10-06T09:05:49Z  OBSERVE  paymentservice  rejection=0.0000  low=232 high=0  state=ON
2026-10-06T09:05:49Z  OBSERVE  productcatalogservice  rejection=0.0000  low=232 high=0  state=ON
2026-10-06T09:05:49Z  OBSERVE  recommendationservice  rejection=0.1947  low=1 high=0  state=ON
2026-10-06T09:05:49Z  OBSERVE  shippingservice  rejection=0.0000  low=232 high=0  state=ON
2026-10-06T09:05:50Z  OBSERVE  adservice  rejection=0.0000  low=233 high=0  state=ON
2026-10-06T09:05:50Z  OBSERVE  cartservice  rejection=0.0000  low=233 high=0  state=ON
2026-10-06T09:05:50Z  OBSERVE  checkoutservice  rejection=0.0000  low=162 high=0  state=ON
2026-10-06T09:05:50Z  OBSERVE  currencyservice  rejection=0.0000  low=233 high=0  state=ON
2026-10-06T09:05:50Z  OBSERVE  emailservice  rejection=0.0000  low=168 high=0  state=ON
2026-10-06T09:05:50Z  OBSERVE  paymentservice  rejection=0.0000  low=233 high=0  state=ON
2026-10-06T09:05:50Z  OBSERVE  productcatalogservice  rejection=0.0000  low=233 high=0  state=ON
2026-10-06T09:05:50Z  OBSERVE  recommendationservice  rejection=0.2131  low=0 high=1  state=ON
2026-10-06T09:05:50Z  OBSERVE  shippingservice  rejection=0.0000  low=233 high=0  state=ON
2026-10-06T09:05:51Z  OBSERVE  adservice  rejection=0.0000  low=234 high=0  state=ON
2026-10-06T09:05:51Z  OBSERVE  cartservice  rejection=0.0000  low=234 high=0  state=ON
2026-10-06T09:05:51Z  OBSERVE  checkoutservice  rejection=0.0000  low=163 high=0  state=ON
2026-10-06T09:05:51Z  OBSERVE  currencyservice  rejection=0.0000  low=234 high=0  state=ON
2026-10-06T09:05:51Z  OBSERVE  emailservice  rejection=0.0000  low=169 high=0  state=ON
2026-10-06T09:05:51Z  OBSERVE  paymentservice  rejection=0.0000  low=234 high=0  state=ON
2026-10-06T09:05:51Z  OBSERVE  productcatalogservice  rejection=0.0000  low=234 high=0  state=ON
2026-10-06T09:05:51Z  OBSERVE  recommendationservice  rejection=0.1644  low=1 high=0  state=ON
2026-10-06T09:05:51Z  OBSERVE  shippingservice  rejection=0.0000  low=234 high=0  state=ON
2026-10-06T09:05:52Z  OBSERVE  adservice  rejection=0.0000  low=235 high=0  state=ON
2026-10-06T09:05:52Z  OBSERVE  cartservice  rejection=0.0000  low=235 high=0  state=ON
2026-10-06T09:05:52Z  OBSERVE  checkoutservice  rejection=0.0000  low=164 high=0  state=ON
2026-10-06T09:05:52Z  OBSERVE  currencyservice  rejection=0.0000  low=235 high=0  state=ON
2026-10-06T09:05:52Z  OBSERVE  emailservice  rejection=0.0000  low=170 high=0  state=ON
2026-10-06T09:05:52Z  OBSERVE  paymentservice  rejection=0.0000  low=235 high=0  state=ON
2026-10-06T09:05:52Z  OBSERVE  productcatalogservice  rejection=0.0000  low=235 high=0  state=ON
2026-10-06T09:05:52Z  OBSERVE  recommendationservice  rejection=0.2297  low=0 high=1  state=ON
2026-10-06T09:05:52Z  OBSERVE  shippingservice  rejection=0.0000  low=235 high=0  state=ON
2026-10-06T09:05:53Z  OBSERVE  adservice  rejection=0.0000  low=236 high=0  state=ON
2026-10-06T09:05:53Z  OBSERVE  cartservice  rejection=0.0000  low=236 high=0  state=ON
2026-10-06T09:05:53Z  OBSERVE  checkoutservice  rejection=0.0000  low=165 high=0  state=ON
2026-10-06T09:05:53Z  OBSERVE  currencyservice  rejection=0.0000  low=236 high=0  state=ON
2026-10-06T09:05:53Z  OBSERVE  emailservice  rejection=0.0000  low=171 high=0  state=ON
2026-10-06T09:05:53Z  OBSERVE  paymentservice  rejection=0.0000  low=236 high=0  state=ON
2026-10-06T09:05:53Z  OBSERVE  productcatalogservice  rejection=0.0000  low=236 high=0  state=ON
2026-10-06T09:05:53Z  OBSERVE  recommendationservice  rejection=0.1832  low=1 high=0  state=ON
2026-10-06T09:05:53Z  OBSERVE  shippingservice  rejection=0.0000  low=236 high=0  state=ON
2026-10-06T09:05:54Z  OBSERVE  adservice  rejection=0.0000  low=237 high=0  state=ON
2026-10-06T09:05:54Z  OBSERVE  cartservice  rejection=0.0000  low=237 high=0  state=ON
2026-10-06T09:05:54Z  OBSERVE  checkoutservice  rejection=0.0000  low=166 high=0  state=ON
2026-10-06T09:05:54Z  OBSERVE  currencyservice  rejection=0.0000  low=237 high=0  state=ON
2026-10-06T09:05:54Z  OBSERVE  emailservice  rejection=0.0000  low=172 high=0  state=ON
2026-10-06T09:05:54Z  OBSERVE  paymentservice  rejection=0.0000  low=237 high=0  state=ON
2026-10-06T09:05:54Z  OBSERVE  productcatalogservice  rejection=0.0000  low=237 high=0  state=ON
2026-10-06T09:05:54Z  OBSERVE  recommendationservice  rejection=0.2183  low=0 high=1  state=ON
2026-10-06T09:05:54Z  OBSERVE  shippingservice  rejection=0.0000  low=237 high=0  state=ON
2026-10-06T09:05:55Z  OBSERVE  adservice  rejection=0.0000  low=238 high=0  state=ON
2026-10-06T09:05:55Z  OBSERVE  cartservice  rejection=0.0000  low=238 high=0  state=ON
2026-10-06T09:05:55Z  OBSERVE  checkoutservice  rejection=0.0000  low=167 high=0  state=ON
2026-10-06T09:05:55Z  OBSERVE  currencyservice  rejection=0.0000  low=238 high=0  state=ON
2026-10-06T09:05:55Z  OBSERVE  emailservice  rejection=0.0000  low=173 high=0  state=ON
2026-10-06T09:05:55Z  OBSERVE  paymentservice  rejection=0.0000  low=238 high=0  state=ON
2026-10-06T09:05:55Z  OBSERVE  productcatalogservice  rejection=0.0000  low=238 high=0  state=ON
2026-10-06T09:05:55Z  OBSERVE  recommendationservice  rejection=0.2308  low=0 high=2  state=ON
2026-10-06T09:05:55Z  OBSERVE  shippingservice  rejection=0.0000  low=238 high=0  state=ON
2026-10-06T09:05:56Z  OBSERVE  adservice  rejection=0.0000  low=239 high=0  state=ON
2026-10-06T09:05:56Z  OBSERVE  cartservice  rejection=0.0000  low=239 high=0  state=ON
2026-10-06T09:05:56Z  OBSERVE  checkoutservice  rejection=0.0000  low=168 high=0  state=ON
2026-10-06T09:05:56Z  OBSERVE  currencyservice  rejection=0.0000  low=239 high=0  state=ON
2026-10-06T09:05:56Z  OBSERVE  emailservice  rejection=0.0000  low=174 high=0  state=ON
2026-10-06T09:05:56Z  OBSERVE  paymentservice  rejection=0.0000  low=239 high=0  state=ON
2026-10-06T09:05:56Z  OBSERVE  productcatalogservice  rejection=0.0000  low=239 high=0  state=ON
2026-10-06T09:05:56Z  OBSERVE  recommendationservice  rejection=0.1874  low=1 high=0  state=ON
2026-10-06T09:05:56Z  OBSERVE  shippingservice  rejection=0.0000  low=239 high=0  state=ON
2026-10-06T09:05:57Z  OBSERVE  adservice  rejection=0.0000  low=240 high=0  state=ON
2026-10-06T09:05:57Z  OBSERVE  cartservice  rejection=0.0000  low=240 high=0  state=ON
2026-10-06T09:05:57Z  OBSERVE  checkoutservice  rejection=0.0000  low=169 high=0  state=ON
2026-10-06T09:05:57Z  OBSERVE  currencyservice  rejection=0.0000  low=240 high=0  state=ON
2026-10-06T09:05:57Z  OBSERVE  emailservice  rejection=0.0000  low=175 high=0  state=ON
2026-10-06T09:05:57Z  OBSERVE  paymentservice  rejection=0.0000  low=240 high=0  state=ON
2026-10-06T09:05:57Z  OBSERVE  productcatalogservice  rejection=0.0000  low=240 high=0  state=ON
2026-10-06T09:05:57Z  OBSERVE  recommendationservice  rejection=0.2279  low=0 high=1  state=ON
2026-10-06T09:05:57Z  OBSERVE  shippingservice  rejection=0.0000  low=240 high=0  state=ON
2026-10-06T09:05:58Z  OBSERVE  adservice  rejection=0.0000  low=241 high=0  state=ON
2026-10-06T09:05:58Z  OBSERVE  cartservice  rejection=0.0000  low=241 high=0  state=ON
2026-10-06T09:05:58Z  OBSERVE  checkoutservice  rejection=0.0000  low=170 high=0  state=ON
2026-10-06T09:05:58Z  OBSERVE  currencyservice  rejection=0.0000  low=241 high=0  state=ON
2026-10-06T09:05:58Z  OBSERVE  emailservice  rejection=0.0000  low=176 high=0  state=ON
2026-10-06T09:05:58Z  OBSERVE  paymentservice  rejection=0.0000  low=241 high=0  state=ON
2026-10-06T09:05:58Z  OBSERVE  productcatalogservice  rejection=0.0000  low=241 high=0  state=ON
2026-10-06T09:05:58Z  OBSERVE  recommendationservice  rejection=0.2503  low=0 high=2  state=ON
2026-10-06T09:05:58Z  OBSERVE  shippingservice  rejection=0.0000  low=241 high=0  state=ON
2026-10-06T09:05:59Z  OBSERVE  adservice  rejection=0.0000  low=242 high=0  state=ON
2026-10-06T09:05:59Z  OBSERVE  cartservice  rejection=0.0000  low=242 high=0  state=ON
2026-10-06T09:05:59Z  OBSERVE  checkoutservice  rejection=0.0000  low=171 high=0  state=ON
2026-10-06T09:05:59Z  OBSERVE  currencyservice  rejection=0.0000  low=242 high=0  state=ON
2026-10-06T09:05:59Z  OBSERVE  emailservice  rejection=0.0000  low=177 high=0  state=ON
2026-10-06T09:05:59Z  OBSERVE  paymentservice  rejection=0.0000  low=242 high=0  state=ON
2026-10-06T09:05:59Z  OBSERVE  productcatalogservice  rejection=0.0000  low=242 high=0  state=ON
2026-10-06T09:05:59Z  OBSERVE  recommendationservice  rejection=0.1902  low=1 high=0  state=ON
2026-10-06T09:05:59Z  OBSERVE  shippingservice  rejection=0.0000  low=242 high=0  state=ON
2026-10-06T09:06:00Z  OBSERVE  adservice  rejection=0.0000  low=243 high=0  state=ON
2026-10-06T09:06:00Z  OBSERVE  cartservice  rejection=0.0000  low=243 high=0  state=ON
2026-10-06T09:06:00Z  OBSERVE  checkoutservice  rejection=0.0000  low=172 high=0  state=ON
2026-10-06T09:06:00Z  OBSERVE  currencyservice  rejection=0.0000  low=243 high=0  state=ON
2026-10-06T09:06:00Z  OBSERVE  emailservice  rejection=0.0000  low=178 high=0  state=ON
2026-10-06T09:06:00Z  OBSERVE  paymentservice  rejection=0.0000  low=243 high=0  state=ON
2026-10-06T09:06:00Z  OBSERVE  productcatalogservice  rejection=0.0000  low=243 high=0  state=ON
2026-10-06T09:06:00Z  OBSERVE  recommendationservice  rejection=0.2614  low=0 high=1  state=ON
2026-10-06T09:06:00Z  OBSERVE  shippingservice  rejection=0.0000  low=243 high=0  state=ON
2026-10-06T09:06:01Z  OBSERVE  adservice  rejection=0.0000  low=244 high=0  state=ON
2026-10-06T09:06:01Z  OBSERVE  cartservice  rejection=0.0000  low=244 high=0  state=ON
2026-10-06T09:06:01Z  OBSERVE  checkoutservice  rejection=0.0000  low=173 high=0  state=ON
2026-10-06T09:06:01Z  OBSERVE  currencyservice  rejection=0.0000  low=244 high=0  state=ON
2026-10-06T09:06:01Z  OBSERVE  emailservice  rejection=0.0000  low=179 high=0  state=ON
2026-10-06T09:06:01Z  OBSERVE  paymentservice  rejection=0.0000  low=244 high=0  state=ON
2026-10-06T09:06:01Z  OBSERVE  productcatalogservice  rejection=0.0000  low=244 high=0  state=ON
2026-10-06T09:06:01Z  OBSERVE  recommendationservice  rejection=0.2053  low=0 high=2  state=ON
2026-10-06T09:06:01Z  OBSERVE  shippingservice  rejection=0.0000  low=244 high=0  state=ON
2026-10-06T09:06:02Z  OBSERVE  adservice  rejection=0.0000  low=245 high=0  state=ON
2026-10-06T09:06:02Z  OBSERVE  cartservice  rejection=0.0000  low=245 high=0  state=ON
2026-10-06T09:06:02Z  OBSERVE  checkoutservice  rejection=0.0000  low=174 high=0  state=ON
2026-10-06T09:06:02Z  OBSERVE  currencyservice  rejection=0.0000  low=245 high=0  state=ON
2026-10-06T09:06:02Z  OBSERVE  emailservice  rejection=0.0000  low=180 high=0  state=ON
2026-10-06T09:06:02Z  OBSERVE  paymentservice  rejection=0.0000  low=245 high=0  state=ON
2026-10-06T09:06:02Z  OBSERVE  productcatalogservice  rejection=0.0000  low=245 high=0  state=ON
2026-10-06T09:06:02Z  OBSERVE  recommendationservice  rejection=0.1297  low=1 high=0  state=ON
2026-10-06T09:06:02Z  OBSERVE  shippingservice  rejection=0.0000  low=245 high=0  state=ON
2026-10-06T09:06:03Z  OBSERVE  adservice  rejection=0.0000  low=246 high=0  state=ON
2026-10-06T09:06:03Z  OBSERVE  cartservice  rejection=0.0000  low=246 high=0  state=ON
2026-10-06T09:06:03Z  OBSERVE  checkoutservice  rejection=0.0000  low=175 high=0  state=ON
2026-10-06T09:06:03Z  OBSERVE  currencyservice  rejection=0.0000  low=246 high=0  state=ON
2026-10-06T09:06:03Z  OBSERVE  emailservice  rejection=0.0000  low=181 high=0  state=ON
2026-10-06T09:06:03Z  OBSERVE  paymentservice  rejection=0.0000  low=246 high=0  state=ON
2026-10-06T09:06:03Z  OBSERVE  productcatalogservice  rejection=0.0000  low=246 high=0  state=ON
2026-10-06T09:06:03Z  OBSERVE  recommendationservice  rejection=0.2905  low=0 high=1  state=ON
2026-10-06T09:06:03Z  OBSERVE  shippingservice  rejection=0.0000  low=246 high=0  state=ON
2026-10-06T09:06:04Z  OBSERVE  adservice  rejection=0.0000  low=247 high=0  state=ON
2026-10-06T09:06:04Z  OBSERVE  cartservice  rejection=0.0000  low=247 high=0  state=ON
2026-10-06T09:06:04Z  OBSERVE  checkoutservice  rejection=0.0000  low=176 high=0  state=ON
2026-10-06T09:06:04Z  OBSERVE  currencyservice  rejection=0.0000  low=247 high=0  state=ON
2026-10-06T09:06:04Z  OBSERVE  emailservice  rejection=0.0000  low=182 high=0  state=ON
2026-10-06T09:06:04Z  OBSERVE  paymentservice  rejection=0.0000  low=247 high=0  state=ON
2026-10-06T09:06:04Z  OBSERVE  productcatalogservice  rejection=0.0000  low=247 high=0  state=ON
2026-10-06T09:06:04Z  OBSERVE  recommendationservice  rejection=0.2611  low=0 high=2  state=ON
2026-10-06T09:06:04Z  OBSERVE  shippingservice  rejection=0.0000  low=247 high=0  state=ON
2026-10-06T09:06:05Z  OBSERVE  adservice  rejection=0.0000  low=248 high=0  state=ON
2026-10-06T09:06:05Z  OBSERVE  cartservice  rejection=0.0000  low=248 high=0  state=ON
2026-10-06T09:06:05Z  OBSERVE  checkoutservice  rejection=0.0000  low=177 high=0  state=ON
2026-10-06T09:06:05Z  OBSERVE  currencyservice  rejection=0.0000  low=248 high=0  state=ON
2026-10-06T09:06:05Z  OBSERVE  emailservice  rejection=0.0000  low=183 high=0  state=ON
2026-10-06T09:06:05Z  OBSERVE  paymentservice  rejection=0.0000  low=248 high=0  state=ON
2026-10-06T09:06:05Z  OBSERVE  productcatalogservice  rejection=0.0000  low=248 high=0  state=ON
2026-10-06T09:06:05Z  OBSERVE  recommendationservice  rejection=0.2410  low=0 high=3  state=ON
2026-10-06T09:06:05Z  OBSERVE  shippingservice  rejection=0.0000  low=248 high=0  state=ON
2026-10-06T09:06:06Z  OBSERVE  adservice  rejection=0.0000  low=249 high=0  state=ON
2026-10-06T09:06:06Z  OBSERVE  cartservice  rejection=0.0000  low=249 high=0  state=ON
2026-10-06T09:06:06Z  OBSERVE  checkoutservice  rejection=0.0000  low=178 high=0  state=ON
2026-10-06T09:06:06Z  OBSERVE  currencyservice  rejection=0.0000  low=249 high=0  state=ON
2026-10-06T09:06:06Z  OBSERVE  emailservice  rejection=0.0000  low=184 high=0  state=ON
2026-10-06T09:06:06Z  OBSERVE  paymentservice  rejection=0.0000  low=249 high=0  state=ON
2026-10-06T09:06:06Z  OBSERVE  productcatalogservice  rejection=0.0000  low=249 high=0  state=ON
2026-10-06T09:06:06Z  OBSERVE  recommendationservice  rejection=0.2127  low=0 high=4  state=ON
2026-10-06T09:06:06Z  OBSERVE  shippingservice  rejection=0.0000  low=249 high=0  state=ON
2026-10-06T09:06:07Z  OBSERVE  adservice  rejection=0.0000  low=250 high=0  state=ON
2026-10-06T09:06:07Z  OBSERVE  cartservice  rejection=0.0000  low=250 high=0  state=ON
2026-10-06T09:06:07Z  OBSERVE  checkoutservice  rejection=0.0000  low=179 high=0  state=ON
2026-10-06T09:06:07Z  OBSERVE  currencyservice  rejection=0.0000  low=250 high=0  state=ON
2026-10-06T09:06:07Z  OBSERVE  emailservice  rejection=0.0000  low=185 high=0  state=ON
2026-10-06T09:06:07Z  OBSERVE  paymentservice  rejection=0.0000  low=250 high=0  state=ON
2026-10-06T09:06:07Z  OBSERVE  productcatalogservice  rejection=0.0000  low=250 high=0  state=ON
2026-10-06T09:06:07Z  OBSERVE  recommendationservice  rejection=0.1629  low=1 high=0  state=ON
2026-10-06T09:06:07Z  OBSERVE  shippingservice  rejection=0.0000  low=250 high=0  state=ON
2026-10-06T09:06:08Z  OBSERVE  adservice  rejection=0.0000  low=251 high=0  state=ON
2026-10-06T09:06:08Z  OBSERVE  cartservice  rejection=0.0000  low=251 high=0  state=ON
2026-10-06T09:06:08Z  OBSERVE  checkoutservice  rejection=0.0000  low=180 high=0  state=ON
2026-10-06T09:06:08Z  OBSERVE  currencyservice  rejection=0.0000  low=251 high=0  state=ON
2026-10-06T09:06:08Z  OBSERVE  emailservice  rejection=0.0000  low=186 high=0  state=ON
2026-10-06T09:06:08Z  OBSERVE  paymentservice  rejection=0.0000  low=251 high=0  state=ON
2026-10-06T09:06:08Z  OBSERVE  productcatalogservice  rejection=0.0000  low=251 high=0  state=ON
2026-10-06T09:06:08Z  OBSERVE  recommendationservice  rejection=0.2196  low=0 high=1  state=ON
2026-10-06T09:06:08Z  OBSERVE  shippingservice  rejection=0.0000  low=251 high=0  state=ON
2026-10-06T09:06:09Z  OBSERVE  adservice  rejection=0.0000  low=252 high=0  state=ON
2026-10-06T09:06:09Z  OBSERVE  cartservice  rejection=0.0000  low=252 high=0  state=ON
2026-10-06T09:06:09Z  OBSERVE  checkoutservice  rejection=0.0000  low=181 high=0  state=ON
2026-10-06T09:06:09Z  OBSERVE  currencyservice  rejection=0.0000  low=252 high=0  state=ON
2026-10-06T09:06:09Z  OBSERVE  emailservice  rejection=0.0000  low=187 high=0  state=ON
2026-10-06T09:06:09Z  OBSERVE  paymentservice  rejection=0.0000  low=252 high=0  state=ON
2026-10-06T09:06:09Z  OBSERVE  productcatalogservice  rejection=0.0000  low=252 high=0  state=ON
2026-10-06T09:06:09Z  OBSERVE  recommendationservice  rejection=0.2104  low=0 high=2  state=ON
2026-10-06T09:06:09Z  OBSERVE  shippingservice  rejection=0.0000  low=252 high=0  state=ON
2026-10-06T09:06:10Z  OBSERVE  adservice  rejection=0.0000  low=253 high=0  state=ON
2026-10-06T09:06:10Z  OBSERVE  cartservice  rejection=0.0000  low=253 high=0  state=ON
2026-10-06T09:06:10Z  OBSERVE  checkoutservice  rejection=0.0000  low=182 high=0  state=ON
2026-10-06T09:06:10Z  OBSERVE  currencyservice  rejection=0.0000  low=253 high=0  state=ON
2026-10-06T09:06:10Z  OBSERVE  emailservice  rejection=0.0000  low=188 high=0  state=ON
2026-10-06T09:06:10Z  OBSERVE  paymentservice  rejection=0.0000  low=253 high=0  state=ON
2026-10-06T09:06:10Z  OBSERVE  productcatalogservice  rejection=0.0000  low=253 high=0  state=ON
2026-10-06T09:06:10Z  OBSERVE  recommendationservice  rejection=0.2585  low=0 high=3  state=ON
2026-10-06T09:06:10Z  OBSERVE  shippingservice  rejection=0.0000  low=253 high=0  state=ON
2026-10-06T09:06:11Z  OBSERVE  adservice  rejection=0.0000  low=254 high=0  state=ON
2026-10-06T09:06:11Z  OBSERVE  cartservice  rejection=0.0000  low=254 high=0  state=ON
2026-10-06T09:06:11Z  OBSERVE  checkoutservice  rejection=0.0000  low=183 high=0  state=ON
2026-10-06T09:06:11Z  OBSERVE  currencyservice  rejection=0.0000  low=254 high=0  state=ON
2026-10-06T09:06:11Z  OBSERVE  emailservice  rejection=0.0000  low=189 high=0  state=ON
2026-10-06T09:06:11Z  OBSERVE  paymentservice  rejection=0.0000  low=254 high=0  state=ON
2026-10-06T09:06:11Z  OBSERVE  productcatalogservice  rejection=0.0000  low=254 high=0  state=ON
2026-10-06T09:06:11Z  OBSERVE  recommendationservice  rejection=0.1853  low=1 high=0  state=ON
2026-10-06T09:06:11Z  OBSERVE  shippingservice  rejection=0.0000  low=254 high=0  state=ON
2026-10-06T09:06:12Z  OBSERVE  adservice  rejection=0.0000  low=255 high=0  state=ON
2026-10-06T09:06:12Z  OBSERVE  cartservice  rejection=0.0000  low=255 high=0  state=ON
2026-10-06T09:06:12Z  OBSERVE  checkoutservice  rejection=0.0000  low=184 high=0  state=ON
2026-10-06T09:06:12Z  OBSERVE  currencyservice  rejection=0.0000  low=255 high=0  state=ON
2026-10-06T09:06:12Z  OBSERVE  emailservice  rejection=0.0000  low=190 high=0  state=ON
2026-10-06T09:06:12Z  OBSERVE  paymentservice  rejection=0.0000  low=255 high=0  state=ON
2026-10-06T09:06:12Z  OBSERVE  productcatalogservice  rejection=0.0000  low=255 high=0  state=ON
2026-10-06T09:06:12Z  OBSERVE  recommendationservice  rejection=0.1640  low=2 high=0  state=ON
2026-10-06T09:06:12Z  OBSERVE  shippingservice  rejection=0.0000  low=255 high=0  state=ON
2026-10-06T09:06:13Z  OBSERVE  adservice  rejection=0.0000  low=256 high=0  state=ON
2026-10-06T09:06:13Z  OBSERVE  cartservice  rejection=0.0000  low=256 high=0  state=ON
2026-10-06T09:06:13Z  OBSERVE  checkoutservice  rejection=0.0000  low=185 high=0  state=ON
2026-10-06T09:06:13Z  OBSERVE  currencyservice  rejection=0.0000  low=256 high=0  state=ON
2026-10-06T09:06:13Z  OBSERVE  emailservice  rejection=0.0000  low=191 high=0  state=ON
2026-10-06T09:06:13Z  OBSERVE  paymentservice  rejection=0.0000  low=256 high=0  state=ON
2026-10-06T09:06:13Z  OBSERVE  productcatalogservice  rejection=0.0000  low=256 high=0  state=ON
2026-10-06T09:06:13Z  OBSERVE  recommendationservice  rejection=0.2556  low=0 high=1  state=ON
2026-10-06T09:06:13Z  OBSERVE  shippingservice  rejection=0.0000  low=256 high=0  state=ON
2026-10-06T09:06:14Z  OBSERVE  adservice  rejection=0.0000  low=257 high=0  state=ON
2026-10-06T09:06:14Z  OBSERVE  cartservice  rejection=0.0000  low=257 high=0  state=ON
2026-10-06T09:06:14Z  OBSERVE  checkoutservice  rejection=0.0000  low=186 high=0  state=ON
2026-10-06T09:06:14Z  OBSERVE  currencyservice  rejection=0.0000  low=257 high=0  state=ON
2026-10-06T09:06:14Z  OBSERVE  emailservice  rejection=0.0000  low=192 high=0  state=ON
2026-10-06T09:06:14Z  OBSERVE  paymentservice  rejection=0.0000  low=257 high=0  state=ON
2026-10-06T09:06:14Z  OBSERVE  productcatalogservice  rejection=0.0000  low=257 high=0  state=ON
2026-10-06T09:06:14Z  OBSERVE  recommendationservice  rejection=0.2581  low=0 high=2  state=ON
2026-10-06T09:06:14Z  OBSERVE  shippingservice  rejection=0.0000  low=257 high=0  state=ON
2026-10-06T09:06:15Z  OBSERVE  adservice  rejection=0.0000  low=258 high=0  state=ON
2026-10-06T09:06:15Z  OBSERVE  cartservice  rejection=0.0000  low=258 high=0  state=ON
2026-10-06T09:06:15Z  OBSERVE  checkoutservice  rejection=0.0000  low=187 high=0  state=ON
2026-10-06T09:06:15Z  OBSERVE  currencyservice  rejection=0.0000  low=258 high=0  state=ON
2026-10-06T09:06:15Z  OBSERVE  emailservice  rejection=0.0000  low=193 high=0  state=ON
2026-10-06T09:06:15Z  OBSERVE  paymentservice  rejection=0.0000  low=258 high=0  state=ON
2026-10-06T09:06:15Z  OBSERVE  productcatalogservice  rejection=0.0000  low=258 high=0  state=ON
2026-10-06T09:06:15Z  OBSERVE  recommendationservice  rejection=0.1917  low=1 high=0  state=ON
2026-10-06T09:06:15Z  OBSERVE  shippingservice  rejection=0.0000  low=258 high=0  state=ON
2026-10-06T09:06:16Z  OBSERVE  adservice  rejection=0.0000  low=259 high=0  state=ON
2026-10-06T09:06:16Z  OBSERVE  cartservice  rejection=0.0000  low=259 high=0  state=ON
2026-10-06T09:06:16Z  OBSERVE  checkoutservice  rejection=0.0000  low=188 high=0  state=ON
2026-10-06T09:06:16Z  OBSERVE  currencyservice  rejection=0.0000  low=259 high=0  state=ON
2026-10-06T09:06:16Z  OBSERVE  emailservice  rejection=0.0000  low=194 high=0  state=ON
2026-10-06T09:06:16Z  OBSERVE  paymentservice  rejection=0.0000  low=259 high=0  state=ON
2026-10-06T09:06:16Z  OBSERVE  productcatalogservice  rejection=0.0000  low=259 high=0  state=ON
2026-10-06T09:06:16Z  OBSERVE  recommendationservice  rejection=0.2140  low=0 high=1  state=ON
2026-10-06T09:06:16Z  OBSERVE  shippingservice  rejection=0.0000  low=259 high=0  state=ON
2026-10-06T09:06:17Z  OBSERVE  adservice  rejection=0.0000  low=260 high=0  state=ON
2026-10-06T09:06:17Z  OBSERVE  cartservice  rejection=0.0000  low=260 high=0  state=ON
2026-10-06T09:06:17Z  OBSERVE  checkoutservice  rejection=0.0000  low=189 high=0  state=ON
2026-10-06T09:06:17Z  OBSERVE  currencyservice  rejection=0.0000  low=260 high=0  state=ON
2026-10-06T09:06:17Z  OBSERVE  emailservice  rejection=0.0000  low=195 high=0  state=ON
2026-10-06T09:06:17Z  OBSERVE  paymentservice  rejection=0.0000  low=260 high=0  state=ON
2026-10-06T09:06:17Z  OBSERVE  productcatalogservice  rejection=0.0000  low=260 high=0  state=ON
2026-10-06T09:06:17Z  OBSERVE  recommendationservice  rejection=0.1937  low=1 high=0  state=ON
2026-10-06T09:06:17Z  OBSERVE  shippingservice  rejection=0.0000  low=260 high=0  state=ON
2026-10-06T09:06:18Z  OBSERVE  adservice  rejection=0.0000  low=261 high=0  state=ON
2026-10-06T09:06:18Z  OBSERVE  cartservice  rejection=0.0000  low=261 high=0  state=ON
2026-10-06T09:06:18Z  OBSERVE  checkoutservice  rejection=0.0000  low=190 high=0  state=ON
2026-10-06T09:06:18Z  OBSERVE  currencyservice  rejection=0.0000  low=261 high=0  state=ON
2026-10-06T09:06:18Z  OBSERVE  emailservice  rejection=0.0000  low=196 high=0  state=ON
2026-10-06T09:06:18Z  OBSERVE  paymentservice  rejection=0.0000  low=261 high=0  state=ON
2026-10-06T09:06:18Z  OBSERVE  productcatalogservice  rejection=0.0000  low=261 high=0  state=ON
2026-10-06T09:06:18Z  OBSERVE  recommendationservice  rejection=0.1948  low=2 high=0  state=ON
2026-10-06T09:06:18Z  OBSERVE  shippingservice  rejection=0.0000  low=261 high=0  state=ON
2026-10-06T09:06:19Z  OBSERVE  adservice  rejection=0.0000  low=262 high=0  state=ON
2026-10-06T09:06:19Z  OBSERVE  cartservice  rejection=0.0000  low=262 high=0  state=ON
2026-10-06T09:06:19Z  OBSERVE  checkoutservice  rejection=0.0000  low=191 high=0  state=ON
2026-10-06T09:06:19Z  OBSERVE  currencyservice  rejection=0.0000  low=262 high=0  state=ON
2026-10-06T09:06:19Z  OBSERVE  emailservice  rejection=0.0000  low=197 high=0  state=ON
2026-10-06T09:06:19Z  OBSERVE  paymentservice  rejection=0.0000  low=262 high=0  state=ON
2026-10-06T09:06:19Z  OBSERVE  productcatalogservice  rejection=0.0000  low=262 high=0  state=ON
2026-10-06T09:06:19Z  OBSERVE  recommendationservice  rejection=0.1629  low=3 high=0  state=ON
2026-10-06T09:06:19Z  OBSERVE  shippingservice  rejection=0.0000  low=262 high=0  state=ON
2026-10-06T09:06:20Z  OBSERVE  adservice  rejection=0.0000  low=263 high=0  state=ON
2026-10-06T09:06:20Z  OBSERVE  cartservice  rejection=0.0000  low=263 high=0  state=ON
2026-10-06T09:06:20Z  OBSERVE  checkoutservice  rejection=0.0000  low=192 high=0  state=ON
2026-10-06T09:06:20Z  OBSERVE  currencyservice  rejection=0.0000  low=263 high=0  state=ON
2026-10-06T09:06:20Z  OBSERVE  emailservice  rejection=0.0000  low=198 high=0  state=ON
2026-10-06T09:06:20Z  OBSERVE  paymentservice  rejection=0.0000  low=263 high=0  state=ON
2026-10-06T09:06:20Z  OBSERVE  productcatalogservice  rejection=0.0000  low=263 high=0  state=ON
2026-10-06T09:06:20Z  OBSERVE  recommendationservice  rejection=0.2439  low=0 high=1  state=ON
2026-10-06T09:06:20Z  OBSERVE  shippingservice  rejection=0.0000  low=263 high=0  state=ON
2026-10-06T09:06:21Z  OBSERVE  adservice  rejection=0.0000  low=264 high=0  state=ON
2026-10-06T09:06:21Z  OBSERVE  cartservice  rejection=0.0000  low=264 high=0  state=ON
2026-10-06T09:06:21Z  OBSERVE  checkoutservice  rejection=0.0000  low=193 high=0  state=ON
2026-10-06T09:06:21Z  OBSERVE  currencyservice  rejection=0.0000  low=264 high=0  state=ON
2026-10-06T09:06:21Z  OBSERVE  emailservice  rejection=0.0000  low=199 high=0  state=ON
2026-10-06T09:06:21Z  OBSERVE  paymentservice  rejection=0.0000  low=264 high=0  state=ON
2026-10-06T09:06:21Z  OBSERVE  productcatalogservice  rejection=0.0000  low=264 high=0  state=ON
2026-10-06T09:06:21Z  OBSERVE  recommendationservice  rejection=0.1991  low=1 high=0  state=ON
2026-10-06T09:06:21Z  OBSERVE  shippingservice  rejection=0.0000  low=264 high=0  state=ON
2026-10-06T09:06:22Z  OBSERVE  adservice  rejection=0.0000  low=265 high=0  state=ON
2026-10-06T09:06:22Z  OBSERVE  cartservice  rejection=0.0000  low=265 high=0  state=ON
2026-10-06T09:06:22Z  OBSERVE  checkoutservice  rejection=0.0000  low=194 high=0  state=ON
2026-10-06T09:06:22Z  OBSERVE  currencyservice  rejection=0.0000  low=265 high=0  state=ON
2026-10-06T09:06:22Z  OBSERVE  emailservice  rejection=0.0000  low=200 high=0  state=ON
2026-10-06T09:06:22Z  OBSERVE  paymentservice  rejection=0.0000  low=265 high=0  state=ON
2026-10-06T09:06:22Z  OBSERVE  productcatalogservice  rejection=0.0000  low=265 high=0  state=ON
2026-10-06T09:06:22Z  OBSERVE  recommendationservice  rejection=0.2271  low=0 high=1  state=ON
2026-10-06T09:06:22Z  OBSERVE  shippingservice  rejection=0.0000  low=265 high=0  state=ON
2026-10-06T09:06:23Z  OBSERVE  adservice  rejection=0.0000  low=266 high=0  state=ON
2026-10-06T09:06:23Z  OBSERVE  cartservice  rejection=0.0000  low=266 high=0  state=ON
2026-10-06T09:06:23Z  OBSERVE  checkoutservice  rejection=0.0000  low=195 high=0  state=ON
2026-10-06T09:06:23Z  OBSERVE  currencyservice  rejection=0.0000  low=266 high=0  state=ON
2026-10-06T09:06:23Z  OBSERVE  emailservice  rejection=0.0000  low=201 high=0  state=ON
2026-10-06T09:06:23Z  OBSERVE  paymentservice  rejection=0.0000  low=266 high=0  state=ON
2026-10-06T09:06:23Z  OBSERVE  productcatalogservice  rejection=0.0000  low=266 high=0  state=ON
2026-10-06T09:06:23Z  OBSERVE  recommendationservice  rejection=0.1856  low=1 high=0  state=ON
2026-10-06T09:06:23Z  OBSERVE  shippingservice  rejection=0.0000  low=266 high=0  state=ON
2026-10-06T09:06:24Z  OBSERVE  adservice  rejection=0.0000  low=267 high=0  state=ON
2026-10-06T09:06:24Z  OBSERVE  cartservice  rejection=0.0000  low=267 high=0  state=ON
2026-10-06T09:06:24Z  OBSERVE  checkoutservice  rejection=0.0000  low=196 high=0  state=ON
2026-10-06T09:06:24Z  OBSERVE  currencyservice  rejection=0.0000  low=267 high=0  state=ON
2026-10-06T09:06:24Z  OBSERVE  emailservice  rejection=0.0000  low=202 high=0  state=ON
2026-10-06T09:06:24Z  OBSERVE  paymentservice  rejection=0.0000  low=267 high=0  state=ON
2026-10-06T09:06:24Z  OBSERVE  productcatalogservice  rejection=0.0000  low=267 high=0  state=ON
2026-10-06T09:06:24Z  OBSERVE  recommendationservice  rejection=0.2285  low=0 high=1  state=ON
2026-10-06T09:06:24Z  OBSERVE  shippingservice  rejection=0.0000  low=267 high=0  state=ON
2026-10-06T09:06:25Z  OBSERVE  adservice  rejection=0.0000  low=268 high=0  state=ON
2026-10-06T09:06:25Z  OBSERVE  cartservice  rejection=0.0000  low=268 high=0  state=ON
2026-10-06T09:06:25Z  OBSERVE  checkoutservice  rejection=0.0000  low=197 high=0  state=ON
2026-10-06T09:06:25Z  OBSERVE  currencyservice  rejection=0.0000  low=268 high=0  state=ON
2026-10-06T09:06:25Z  OBSERVE  emailservice  rejection=0.1538  low=203 high=0  state=ON
2026-10-06T09:06:25Z  OBSERVE  paymentservice  rejection=0.0000  low=268 high=0  state=ON
2026-10-06T09:06:25Z  OBSERVE  productcatalogservice  rejection=0.0000  low=268 high=0  state=ON
2026-10-06T09:06:25Z  OBSERVE  recommendationservice  rejection=0.2051  low=0 high=2  state=ON
2026-10-06T09:06:25Z  OBSERVE  shippingservice  rejection=0.0000  low=268 high=0  state=ON
2026-10-06T09:06:26Z  OBSERVE  adservice  rejection=0.0000  low=269 high=0  state=ON
2026-10-06T09:06:26Z  OBSERVE  cartservice  rejection=0.0000  low=269 high=0  state=ON
2026-10-06T09:06:26Z  OBSERVE  checkoutservice  rejection=0.0377  low=198 high=0  state=ON
2026-10-06T09:06:26Z  OBSERVE  currencyservice  rejection=0.0000  low=269 high=0  state=ON
2026-10-06T09:06:26Z  OBSERVE  emailservice  rejection=0.0227  low=204 high=0  state=ON
2026-10-06T09:06:26Z  OBSERVE  paymentservice  rejection=0.0000  low=269 high=0  state=ON
2026-10-06T09:06:26Z  OBSERVE  productcatalogservice  rejection=0.0000  low=269 high=0  state=ON
2026-10-06T09:06:26Z  OBSERVE  recommendationservice  rejection=0.2734  low=0 high=3  state=ON
2026-10-06T09:06:26Z  OBSERVE  shippingservice  rejection=0.0000  low=269 high=0  state=ON
2026-10-06T09:06:27Z  OBSERVE  adservice  rejection=0.0000  low=270 high=0  state=ON
2026-10-06T09:06:27Z  OBSERVE  cartservice  rejection=0.0000  low=270 high=0  state=ON
2026-10-06T09:06:27Z  OBSERVE  checkoutservice  rejection=0.0000  low=199 high=0  state=ON
2026-10-06T09:06:27Z  OBSERVE  currencyservice  rejection=0.0000  low=270 high=0  state=ON
2026-10-06T09:06:27Z  OBSERVE  emailservice  rejection=0.0000  low=205 high=0  state=ON
2026-10-06T09:06:27Z  OBSERVE  paymentservice  rejection=0.0000  low=270 high=0  state=ON
2026-10-06T09:06:27Z  OBSERVE  productcatalogservice  rejection=0.0000  low=270 high=0  state=ON
2026-10-06T09:06:27Z  OBSERVE  recommendationservice  rejection=0.2201  low=0 high=4  state=ON
2026-10-06T09:06:27Z  OBSERVE  shippingservice  rejection=0.0000  low=270 high=0  state=ON
2026-10-06T09:06:28Z  OBSERVE  adservice  rejection=0.0000  low=271 high=0  state=ON
2026-10-06T09:06:28Z  OBSERVE  cartservice  rejection=0.0000  low=271 high=0  state=ON
2026-10-06T09:06:28Z  OBSERVE  checkoutservice  rejection=0.0000  low=200 high=0  state=ON
2026-10-06T09:06:28Z  OBSERVE  currencyservice  rejection=0.0000  low=271 high=0  state=ON
2026-10-06T09:06:28Z  OBSERVE  emailservice  rejection=0.0000  low=206 high=0  state=ON
2026-10-06T09:06:28Z  OBSERVE  paymentservice  rejection=0.0000  low=271 high=0  state=ON
2026-10-06T09:06:28Z  OBSERVE  productcatalogservice  rejection=0.0000  low=271 high=0  state=ON
2026-10-06T09:06:28Z  OBSERVE  recommendationservice  rejection=0.1487  low=1 high=0  state=ON
2026-10-06T09:06:28Z  OBSERVE  shippingservice  rejection=0.0000  low=271 high=0  state=ON
2026-10-06T09:06:29Z  OBSERVE  adservice  rejection=0.0000  low=272 high=0  state=ON
2026-10-06T09:06:29Z  OBSERVE  cartservice  rejection=0.0000  low=272 high=0  state=ON
2026-10-06T09:06:29Z  OBSERVE  checkoutservice  rejection=0.0000  low=201 high=0  state=ON
2026-10-06T09:06:29Z  OBSERVE  currencyservice  rejection=0.0000  low=272 high=0  state=ON
2026-10-06T09:06:29Z  OBSERVE  emailservice  rejection=0.0000  low=207 high=0  state=ON
2026-10-06T09:06:29Z  OBSERVE  paymentservice  rejection=0.0000  low=272 high=0  state=ON
2026-10-06T09:06:29Z  OBSERVE  productcatalogservice  rejection=0.0000  low=272 high=0  state=ON
2026-10-06T09:06:29Z  OBSERVE  recommendationservice  rejection=0.1744  low=2 high=0  state=ON
2026-10-06T09:06:29Z  OBSERVE  shippingservice  rejection=0.0000  low=272 high=0  state=ON
2026-10-06T09:06:30Z  OBSERVE  adservice  rejection=0.0000  low=273 high=0  state=ON
2026-10-06T09:06:30Z  OBSERVE  cartservice  rejection=0.0000  low=273 high=0  state=ON
2026-10-06T09:06:30Z  OBSERVE  checkoutservice  rejection=0.0000  low=202 high=0  state=ON
2026-10-06T09:06:30Z  OBSERVE  currencyservice  rejection=0.0000  low=273 high=0  state=ON
2026-10-06T09:06:30Z  OBSERVE  emailservice  rejection=0.0000  low=208 high=0  state=ON
2026-10-06T09:06:30Z  OBSERVE  paymentservice  rejection=0.0000  low=273 high=0  state=ON
2026-10-06T09:06:30Z  OBSERVE  productcatalogservice  rejection=0.0000  low=273 high=0  state=ON
2026-10-06T09:06:30Z  OBSERVE  recommendationservice  rejection=0.2431  low=0 high=1  state=ON
2026-10-06T09:06:30Z  OBSERVE  shippingservice  rejection=0.0000  low=273 high=0  state=ON
2026-10-06T09:06:31Z  OBSERVE  adservice  rejection=0.0000  low=274 high=0  state=ON
2026-10-06T09:06:31Z  OBSERVE  cartservice  rejection=0.0000  low=274 high=0  state=ON
2026-10-06T09:06:31Z  OBSERVE  checkoutservice  rejection=0.0000  low=203 high=0  state=ON
2026-10-06T09:06:31Z  OBSERVE  currencyservice  rejection=0.0000  low=274 high=0  state=ON
2026-10-06T09:06:31Z  OBSERVE  emailservice  rejection=0.0000  low=209 high=0  state=ON
2026-10-06T09:06:31Z  OBSERVE  paymentservice  rejection=0.0000  low=274 high=0  state=ON
2026-10-06T09:06:31Z  OBSERVE  productcatalogservice  rejection=0.0000  low=274 high=0  state=ON
2026-10-06T09:06:31Z  OBSERVE  recommendationservice  rejection=0.1872  low=1 high=0  state=ON
2026-10-06T09:06:31Z  OBSERVE  shippingservice  rejection=0.0000  low=274 high=0  state=ON
2026-10-06T09:06:32Z  OBSERVE  adservice  rejection=0.0000  low=275 high=0  state=ON
2026-10-06T09:06:32Z  OBSERVE  cartservice  rejection=0.0000  low=275 high=0  state=ON
2026-10-06T09:06:32Z  OBSERVE  checkoutservice  rejection=0.0000  low=204 high=0  state=ON
2026-10-06T09:06:32Z  OBSERVE  currencyservice  rejection=0.0000  low=275 high=0  state=ON
2026-10-06T09:06:32Z  OBSERVE  emailservice  rejection=0.0000  low=210 high=0  state=ON
2026-10-06T09:06:32Z  OBSERVE  paymentservice  rejection=0.0000  low=275 high=0  state=ON
2026-10-06T09:06:32Z  OBSERVE  productcatalogservice  rejection=0.0000  low=275 high=0  state=ON
2026-10-06T09:06:32Z  OBSERVE  recommendationservice  rejection=0.2893  low=0 high=1  state=ON
2026-10-06T09:06:32Z  OBSERVE  shippingservice  rejection=0.0000  low=275 high=0  state=ON
2026-10-06T09:06:33Z  OBSERVE  adservice  rejection=0.0000  low=276 high=0  state=ON
2026-10-06T09:06:33Z  OBSERVE  cartservice  rejection=0.0000  low=276 high=0  state=ON
2026-10-06T09:06:33Z  OBSERVE  checkoutservice  rejection=0.0000  low=205 high=0  state=ON
2026-10-06T09:06:33Z  OBSERVE  currencyservice  rejection=0.0000  low=276 high=0  state=ON
2026-10-06T09:06:33Z  OBSERVE  emailservice  rejection=0.0000  low=211 high=0  state=ON
2026-10-06T09:06:33Z  OBSERVE  paymentservice  rejection=0.0000  low=276 high=0  state=ON
2026-10-06T09:06:33Z  OBSERVE  productcatalogservice  rejection=0.0000  low=276 high=0  state=ON
2026-10-06T09:06:33Z  OBSERVE  recommendationservice  rejection=0.2168  low=0 high=2  state=ON
2026-10-06T09:06:33Z  OBSERVE  shippingservice  rejection=0.0000  low=276 high=0  state=ON
2026-10-06T09:06:34Z  OBSERVE  adservice  rejection=0.0000  low=277 high=0  state=ON
2026-10-06T09:06:34Z  OBSERVE  cartservice  rejection=0.0000  low=277 high=0  state=ON
2026-10-06T09:06:34Z  OBSERVE  checkoutservice  rejection=0.0000  low=206 high=0  state=ON
2026-10-06T09:06:34Z  OBSERVE  currencyservice  rejection=0.0000  low=277 high=0  state=ON
2026-10-06T09:06:34Z  OBSERVE  emailservice  rejection=0.0000  low=212 high=0  state=ON
2026-10-06T09:06:34Z  OBSERVE  paymentservice  rejection=0.0000  low=277 high=0  state=ON
2026-10-06T09:06:34Z  OBSERVE  productcatalogservice  rejection=0.0000  low=277 high=0  state=ON
2026-10-06T09:06:34Z  OBSERVE  recommendationservice  rejection=0.2793  low=0 high=3  state=ON
2026-10-06T09:06:34Z  OBSERVE  shippingservice  rejection=0.0000  low=277 high=0  state=ON
2026-10-06T09:06:35Z  OBSERVE  adservice  rejection=0.0000  low=278 high=0  state=ON
2026-10-06T09:06:35Z  OBSERVE  cartservice  rejection=0.0000  low=278 high=0  state=ON
2026-10-06T09:06:35Z  OBSERVE  checkoutservice  rejection=0.0000  low=207 high=0  state=ON
2026-10-06T09:06:35Z  OBSERVE  currencyservice  rejection=0.0000  low=278 high=0  state=ON
2026-10-06T09:06:35Z  OBSERVE  emailservice  rejection=0.0000  low=213 high=0  state=ON
2026-10-06T09:06:35Z  OBSERVE  paymentservice  rejection=0.0000  low=278 high=0  state=ON
2026-10-06T09:06:35Z  OBSERVE  productcatalogservice  rejection=0.0000  low=278 high=0  state=ON
2026-10-06T09:06:35Z  OBSERVE  recommendationservice  rejection=0.2416  low=0 high=4  state=ON
2026-10-06T09:06:35Z  OBSERVE  shippingservice  rejection=0.0000  low=278 high=0  state=ON
2026-10-06T09:06:36Z  OBSERVE  adservice  rejection=0.0000  low=279 high=0  state=ON
2026-10-06T09:06:36Z  OBSERVE  cartservice  rejection=0.0000  low=279 high=0  state=ON
2026-10-06T09:06:36Z  OBSERVE  checkoutservice  rejection=0.0000  low=208 high=0  state=ON
2026-10-06T09:06:36Z  OBSERVE  currencyservice  rejection=0.0000  low=279 high=0  state=ON
2026-10-06T09:06:36Z  OBSERVE  emailservice  rejection=0.0000  low=214 high=0  state=ON
2026-10-06T09:06:36Z  OBSERVE  paymentservice  rejection=0.0000  low=279 high=0  state=ON
2026-10-06T09:06:36Z  OBSERVE  productcatalogservice  rejection=0.0000  low=279 high=0  state=ON
2026-10-06T09:06:36Z  OBSERVE  recommendationservice  rejection=0.2134  low=0 high=5  state=ON
2026-10-06T09:06:36Z  OBSERVE  shippingservice  rejection=0.0000  low=279 high=0  state=ON
2026-10-06T09:06:37Z  OBSERVE  adservice  rejection=0.0000  low=280 high=0  state=ON
2026-10-06T09:06:37Z  OBSERVE  cartservice  rejection=0.0000  low=280 high=0  state=ON
2026-10-06T09:06:37Z  OBSERVE  checkoutservice  rejection=0.0000  low=209 high=0  state=ON
2026-10-06T09:06:37Z  OBSERVE  currencyservice  rejection=0.0000  low=280 high=0  state=ON
2026-10-06T09:06:37Z  OBSERVE  emailservice  rejection=0.0000  low=215 high=0  state=ON
2026-10-06T09:06:37Z  OBSERVE  paymentservice  rejection=0.0000  low=280 high=0  state=ON
2026-10-06T09:06:37Z  OBSERVE  productcatalogservice  rejection=0.0000  low=280 high=0  state=ON
2026-10-06T09:06:37Z  OBSERVE  recommendationservice  rejection=0.2340  low=0 high=6  state=ON
2026-10-06T09:06:37Z  OBSERVE  shippingservice  rejection=0.0000  low=280 high=0  state=ON
2026-10-06T09:06:38Z  OBSERVE  adservice  rejection=0.0000  low=281 high=0  state=ON
2026-10-06T09:06:38Z  OBSERVE  cartservice  rejection=0.0000  low=281 high=0  state=ON
2026-10-06T09:06:38Z  OBSERVE  checkoutservice  rejection=0.0000  low=210 high=0  state=ON
2026-10-06T09:06:38Z  OBSERVE  currencyservice  rejection=0.0000  low=281 high=0  state=ON
2026-10-06T09:06:38Z  OBSERVE  emailservice  rejection=0.0000  low=216 high=0  state=ON
2026-10-06T09:06:38Z  OBSERVE  paymentservice  rejection=0.0000  low=281 high=0  state=ON
2026-10-06T09:06:38Z  OBSERVE  productcatalogservice  rejection=0.0000  low=281 high=0  state=ON
2026-10-06T09:06:38Z  OBSERVE  recommendationservice  rejection=0.1601  low=1 high=0  state=ON
2026-10-06T09:06:38Z  OBSERVE  shippingservice  rejection=0.0000  low=281 high=0  state=ON
2026-10-06T09:06:39Z  OBSERVE  adservice  rejection=0.0000  low=282 high=0  state=ON
2026-10-06T09:06:39Z  OBSERVE  cartservice  rejection=0.0000  low=282 high=0  state=ON
2026-10-06T09:06:39Z  OBSERVE  checkoutservice  rejection=0.0000  low=211 high=0  state=ON
2026-10-06T09:06:39Z  OBSERVE  currencyservice  rejection=0.0000  low=282 high=0  state=ON
2026-10-06T09:06:39Z  OBSERVE  emailservice  rejection=0.0000  low=217 high=0  state=ON
2026-10-06T09:06:39Z  OBSERVE  paymentservice  rejection=0.0000  low=282 high=0  state=ON
2026-10-06T09:06:39Z  OBSERVE  productcatalogservice  rejection=0.0000  low=282 high=0  state=ON
2026-10-06T09:06:39Z  OBSERVE  recommendationservice  rejection=0.2432  low=0 high=1  state=ON
2026-10-06T09:06:39Z  OBSERVE  shippingservice  rejection=0.0000  low=282 high=0  state=ON
2026-10-06T09:06:40Z  OBSERVE  adservice  rejection=0.0000  low=283 high=0  state=ON
2026-10-06T09:06:40Z  OBSERVE  cartservice  rejection=0.0000  low=283 high=0  state=ON
2026-10-06T09:06:40Z  OBSERVE  checkoutservice  rejection=0.0000  low=212 high=0  state=ON
2026-10-06T09:06:40Z  OBSERVE  currencyservice  rejection=0.0000  low=283 high=0  state=ON
2026-10-06T09:06:40Z  OBSERVE  emailservice  rejection=0.0000  low=218 high=0  state=ON
2026-10-06T09:06:40Z  OBSERVE  paymentservice  rejection=0.0000  low=283 high=0  state=ON
2026-10-06T09:06:40Z  OBSERVE  productcatalogservice  rejection=0.0000  low=283 high=0  state=ON
2026-10-06T09:06:40Z  OBSERVE  recommendationservice  rejection=0.2298  low=0 high=2  state=ON
2026-10-06T09:06:40Z  OBSERVE  shippingservice  rejection=0.0000  low=283 high=0  state=ON
2026-10-06T09:06:41Z  OBSERVE  adservice  rejection=0.0000  low=284 high=0  state=ON
2026-10-06T09:06:41Z  OBSERVE  cartservice  rejection=0.0000  low=284 high=0  state=ON
2026-10-06T09:06:41Z  OBSERVE  checkoutservice  rejection=0.0000  low=213 high=0  state=ON
2026-10-06T09:06:41Z  OBSERVE  currencyservice  rejection=0.0000  low=284 high=0  state=ON
2026-10-06T09:06:41Z  OBSERVE  emailservice  rejection=0.0000  low=219 high=0  state=ON
2026-10-06T09:06:41Z  OBSERVE  paymentservice  rejection=0.0000  low=284 high=0  state=ON
2026-10-06T09:06:41Z  OBSERVE  productcatalogservice  rejection=0.0000  low=284 high=0  state=ON
2026-10-06T09:06:41Z  OBSERVE  recommendationservice  rejection=0.1914  low=1 high=0  state=ON
2026-10-06T09:06:41Z  OBSERVE  shippingservice  rejection=0.0000  low=284 high=0  state=ON
2026-10-06T09:06:42Z  OBSERVE  adservice  rejection=0.0000  low=285 high=0  state=ON
2026-10-06T09:06:42Z  OBSERVE  cartservice  rejection=0.0000  low=285 high=0  state=ON
2026-10-06T09:06:42Z  OBSERVE  checkoutservice  rejection=0.0000  low=214 high=0  state=ON
2026-10-06T09:06:42Z  OBSERVE  currencyservice  rejection=0.0000  low=285 high=0  state=ON
2026-10-06T09:06:42Z  OBSERVE  emailservice  rejection=0.0000  low=220 high=0  state=ON
2026-10-06T09:06:42Z  OBSERVE  paymentservice  rejection=0.0000  low=285 high=0  state=ON
2026-10-06T09:06:42Z  OBSERVE  productcatalogservice  rejection=0.0000  low=285 high=0  state=ON
2026-10-06T09:06:42Z  OBSERVE  recommendationservice  rejection=0.1987  low=2 high=0  state=ON
2026-10-06T09:06:42Z  OBSERVE  shippingservice  rejection=0.0000  low=285 high=0  state=ON
2026-10-06T09:06:43Z  OBSERVE  adservice  rejection=0.0000  low=286 high=0  state=ON
2026-10-06T09:06:43Z  OBSERVE  cartservice  rejection=0.0000  low=286 high=0  state=ON
2026-10-06T09:06:43Z  OBSERVE  checkoutservice  rejection=0.0000  low=215 high=0  state=ON
2026-10-06T09:06:43Z  OBSERVE  currencyservice  rejection=0.0000  low=286 high=0  state=ON
2026-10-06T09:06:43Z  OBSERVE  emailservice  rejection=0.0000  low=221 high=0  state=ON
2026-10-06T09:06:43Z  OBSERVE  paymentservice  rejection=0.0000  low=286 high=0  state=ON
2026-10-06T09:06:43Z  OBSERVE  productcatalogservice  rejection=0.0000  low=286 high=0  state=ON
2026-10-06T09:06:43Z  OBSERVE  recommendationservice  rejection=0.2272  low=0 high=1  state=ON
2026-10-06T09:06:43Z  OBSERVE  shippingservice  rejection=0.0000  low=286 high=0  state=ON
2026-10-06T09:06:44Z  OBSERVE  adservice  rejection=0.0000  low=287 high=0  state=ON
2026-10-06T09:06:44Z  OBSERVE  cartservice  rejection=0.0000  low=287 high=0  state=ON
2026-10-06T09:06:44Z  OBSERVE  checkoutservice  rejection=0.0000  low=216 high=0  state=ON
2026-10-06T09:06:44Z  OBSERVE  currencyservice  rejection=0.0000  low=287 high=0  state=ON
2026-10-06T09:06:44Z  OBSERVE  emailservice  rejection=0.0000  low=222 high=0  state=ON
2026-10-06T09:06:44Z  OBSERVE  paymentservice  rejection=0.0000  low=287 high=0  state=ON
2026-10-06T09:06:44Z  OBSERVE  productcatalogservice  rejection=0.0000  low=287 high=0  state=ON
2026-10-06T09:06:44Z  OBSERVE  recommendationservice  rejection=0.1713  low=1 high=0  state=ON
2026-10-06T09:06:44Z  OBSERVE  shippingservice  rejection=0.0000  low=287 high=0  state=ON
2026-10-06T09:06:45Z  OBSERVE  adservice  rejection=0.0000  low=288 high=0  state=ON
2026-10-06T09:06:45Z  OBSERVE  cartservice  rejection=0.0000  low=288 high=0  state=ON
2026-10-06T09:06:45Z  OBSERVE  checkoutservice  rejection=0.0000  low=217 high=0  state=ON
2026-10-06T09:06:45Z  OBSERVE  currencyservice  rejection=0.0000  low=288 high=0  state=ON
2026-10-06T09:06:45Z  OBSERVE  emailservice  rejection=0.0000  low=223 high=0  state=ON
2026-10-06T09:06:45Z  OBSERVE  paymentservice  rejection=0.0000  low=288 high=0  state=ON
2026-10-06T09:06:45Z  OBSERVE  productcatalogservice  rejection=0.0000  low=288 high=0  state=ON
2026-10-06T09:06:45Z  OBSERVE  recommendationservice  rejection=0.2155  low=0 high=1  state=ON
2026-10-06T09:06:45Z  OBSERVE  shippingservice  rejection=0.0000  low=288 high=0  state=ON
2026-10-06T09:06:46Z  OBSERVE  adservice  rejection=0.0000  low=289 high=0  state=ON
2026-10-06T09:06:46Z  OBSERVE  cartservice  rejection=0.0000  low=289 high=0  state=ON
2026-10-06T09:06:46Z  OBSERVE  checkoutservice  rejection=0.0000  low=218 high=0  state=ON
2026-10-06T09:06:46Z  OBSERVE  currencyservice  rejection=0.0000  low=289 high=0  state=ON
2026-10-06T09:06:46Z  OBSERVE  emailservice  rejection=0.0000  low=224 high=0  state=ON
2026-10-06T09:06:46Z  OBSERVE  paymentservice  rejection=0.0000  low=289 high=0  state=ON
2026-10-06T09:06:46Z  OBSERVE  productcatalogservice  rejection=0.0000  low=289 high=0  state=ON
2026-10-06T09:06:46Z  OBSERVE  recommendationservice  rejection=0.1934  low=1 high=0  state=ON
2026-10-06T09:06:46Z  OBSERVE  shippingservice  rejection=0.0000  low=289 high=0  state=ON
2026-10-06T09:06:47Z  OBSERVE  adservice  rejection=0.0000  low=290 high=0  state=ON
2026-10-06T09:06:47Z  OBSERVE  cartservice  rejection=0.0000  low=290 high=0  state=ON
2026-10-06T09:06:47Z  OBSERVE  checkoutservice  rejection=0.0000  low=219 high=0  state=ON
2026-10-06T09:06:47Z  OBSERVE  currencyservice  rejection=0.0000  low=290 high=0  state=ON
2026-10-06T09:06:47Z  OBSERVE  emailservice  rejection=0.0000  low=225 high=0  state=ON
2026-10-06T09:06:47Z  OBSERVE  paymentservice  rejection=0.0000  low=290 high=0  state=ON
2026-10-06T09:06:47Z  OBSERVE  productcatalogservice  rejection=0.0000  low=290 high=0  state=ON
2026-10-06T09:06:47Z  OBSERVE  recommendationservice  rejection=0.2125  low=0 high=1  state=ON
2026-10-06T09:06:47Z  OBSERVE  shippingservice  rejection=0.0000  low=290 high=0  state=ON
2026-10-06T09:06:48Z  OBSERVE  adservice  rejection=0.0000  low=291 high=0  state=ON
2026-10-06T09:06:48Z  OBSERVE  cartservice  rejection=0.0000  low=291 high=0  state=ON
2026-10-06T09:06:48Z  OBSERVE  checkoutservice  rejection=0.0000  low=220 high=0  state=ON
2026-10-06T09:06:48Z  OBSERVE  currencyservice  rejection=0.0000  low=291 high=0  state=ON
2026-10-06T09:06:48Z  OBSERVE  emailservice  rejection=0.0000  low=226 high=0  state=ON
2026-10-06T09:06:48Z  OBSERVE  paymentservice  rejection=0.0000  low=291 high=0  state=ON
2026-10-06T09:06:48Z  OBSERVE  productcatalogservice  rejection=0.0000  low=291 high=0  state=ON
2026-10-06T09:06:48Z  OBSERVE  recommendationservice  rejection=0.2180  low=0 high=2  state=ON
2026-10-06T09:06:48Z  OBSERVE  shippingservice  rejection=0.0000  low=291 high=0  state=ON
2026-10-06T09:06:49Z  OBSERVE  adservice  rejection=0.0000  low=292 high=0  state=ON
2026-10-06T09:06:49Z  OBSERVE  cartservice  rejection=0.0000  low=292 high=0  state=ON
2026-10-06T09:06:49Z  OBSERVE  checkoutservice  rejection=0.0000  low=221 high=0  state=ON
2026-10-06T09:06:49Z  OBSERVE  currencyservice  rejection=0.0000  low=292 high=0  state=ON
2026-10-06T09:06:49Z  OBSERVE  emailservice  rejection=0.0000  low=227 high=0  state=ON
2026-10-06T09:06:49Z  OBSERVE  paymentservice  rejection=0.0000  low=292 high=0  state=ON
2026-10-06T09:06:49Z  OBSERVE  productcatalogservice  rejection=0.0000  low=292 high=0  state=ON
2026-10-06T09:06:49Z  OBSERVE  recommendationservice  rejection=0.1612  low=1 high=0  state=ON
2026-10-06T09:06:49Z  OBSERVE  shippingservice  rejection=0.0000  low=292 high=0  state=ON
2026-10-06T09:06:50Z  OBSERVE  adservice  rejection=0.0000  low=293 high=0  state=ON
2026-10-06T09:06:50Z  OBSERVE  cartservice  rejection=0.0000  low=293 high=0  state=ON
2026-10-06T09:06:50Z  OBSERVE  checkoutservice  rejection=0.0000  low=222 high=0  state=ON
2026-10-06T09:06:50Z  OBSERVE  currencyservice  rejection=0.0000  low=293 high=0  state=ON
2026-10-06T09:06:50Z  OBSERVE  emailservice  rejection=0.0000  low=228 high=0  state=ON
2026-10-06T09:06:50Z  OBSERVE  paymentservice  rejection=0.0000  low=293 high=0  state=ON
2026-10-06T09:06:50Z  OBSERVE  productcatalogservice  rejection=0.0000  low=293 high=0  state=ON
2026-10-06T09:06:50Z  OBSERVE  recommendationservice  rejection=0.2194  low=0 high=1  state=ON
2026-10-06T09:06:50Z  OBSERVE  shippingservice  rejection=0.0000  low=293 high=0  state=ON
2026-10-06T09:06:51Z  OBSERVE  adservice  rejection=0.0000  low=294 high=0  state=ON
2026-10-06T09:06:51Z  OBSERVE  cartservice  rejection=0.0000  low=294 high=0  state=ON
2026-10-06T09:06:51Z  OBSERVE  checkoutservice  rejection=0.0000  low=223 high=0  state=ON
2026-10-06T09:06:51Z  OBSERVE  currencyservice  rejection=0.0000  low=294 high=0  state=ON
2026-10-06T09:06:51Z  OBSERVE  emailservice  rejection=0.0000  low=229 high=0  state=ON
2026-10-06T09:06:51Z  OBSERVE  paymentservice  rejection=0.0000  low=294 high=0  state=ON
2026-10-06T09:06:51Z  OBSERVE  productcatalogservice  rejection=0.0000  low=294 high=0  state=ON
2026-10-06T09:06:51Z  OBSERVE  recommendationservice  rejection=0.1785  low=1 high=0  state=ON
2026-10-06T09:06:51Z  OBSERVE  shippingservice  rejection=0.0000  low=294 high=0  state=ON
2026-10-06T09:06:52Z  OBSERVE  adservice  rejection=0.0000  low=295 high=0  state=ON
2026-10-06T09:06:52Z  OBSERVE  cartservice  rejection=0.0000  low=295 high=0  state=ON
2026-10-06T09:06:52Z  OBSERVE  checkoutservice  rejection=0.0000  low=224 high=0  state=ON
2026-10-06T09:06:52Z  OBSERVE  currencyservice  rejection=0.0000  low=295 high=0  state=ON
2026-10-06T09:06:52Z  OBSERVE  emailservice  rejection=0.0000  low=230 high=0  state=ON
2026-10-06T09:06:52Z  OBSERVE  paymentservice  rejection=0.0000  low=295 high=0  state=ON
2026-10-06T09:06:52Z  OBSERVE  productcatalogservice  rejection=0.0000  low=295 high=0  state=ON
2026-10-06T09:06:52Z  OBSERVE  recommendationservice  rejection=0.2616  low=0 high=1  state=ON
2026-10-06T09:06:52Z  OBSERVE  shippingservice  rejection=0.0000  low=295 high=0  state=ON
2026-10-06T09:06:53Z  OBSERVE  adservice  rejection=0.0000  low=296 high=0  state=ON
2026-10-06T09:06:53Z  OBSERVE  cartservice  rejection=0.0000  low=296 high=0  state=ON
2026-10-06T09:06:53Z  OBSERVE  checkoutservice  rejection=0.0000  low=225 high=0  state=ON
2026-10-06T09:06:53Z  OBSERVE  currencyservice  rejection=0.0000  low=296 high=0  state=ON
2026-10-06T09:06:53Z  OBSERVE  emailservice  rejection=0.0000  low=231 high=0  state=ON
2026-10-06T09:06:53Z  OBSERVE  paymentservice  rejection=0.0000  low=296 high=0  state=ON
2026-10-06T09:06:53Z  OBSERVE  productcatalogservice  rejection=0.0000  low=296 high=0  state=ON
2026-10-06T09:06:53Z  OBSERVE  recommendationservice  rejection=0.1894  low=1 high=0  state=ON
2026-10-06T09:06:53Z  OBSERVE  shippingservice  rejection=0.0000  low=296 high=0  state=ON
2026-10-06T09:06:54Z  OBSERVE  adservice  rejection=0.0000  low=297 high=0  state=ON
2026-10-06T09:06:54Z  OBSERVE  cartservice  rejection=0.0000  low=297 high=0  state=ON
2026-10-06T09:06:54Z  OBSERVE  checkoutservice  rejection=0.0000  low=226 high=0  state=ON
2026-10-06T09:06:54Z  OBSERVE  currencyservice  rejection=0.0000  low=297 high=0  state=ON
2026-10-06T09:06:54Z  OBSERVE  emailservice  rejection=0.0000  low=232 high=0  state=ON
2026-10-06T09:06:54Z  OBSERVE  paymentservice  rejection=0.0000  low=297 high=0  state=ON
2026-10-06T09:06:54Z  OBSERVE  productcatalogservice  rejection=0.0000  low=297 high=0  state=ON
2026-10-06T09:06:54Z  OBSERVE  recommendationservice  rejection=0.1505  low=2 high=0  state=ON
2026-10-06T09:06:54Z  OBSERVE  shippingservice  rejection=0.0000  low=297 high=0  state=ON
2026-10-06T09:06:55Z  OBSERVE  adservice  rejection=0.0000  low=298 high=0  state=ON
2026-10-06T09:06:55Z  OBSERVE  cartservice  rejection=0.0000  low=298 high=0  state=ON
2026-10-06T09:06:55Z  OBSERVE  checkoutservice  rejection=0.0000  low=227 high=0  state=ON
2026-10-06T09:06:55Z  OBSERVE  currencyservice  rejection=0.0000  low=298 high=0  state=ON
2026-10-06T09:06:55Z  OBSERVE  emailservice  rejection=0.0000  low=233 high=0  state=ON
2026-10-06T09:06:55Z  OBSERVE  paymentservice  rejection=0.0000  low=298 high=0  state=ON
2026-10-06T09:06:55Z  OBSERVE  productcatalogservice  rejection=0.0000  low=298 high=0  state=ON
2026-10-06T09:06:55Z  OBSERVE  recommendationservice  rejection=0.1971  low=3 high=0  state=ON
2026-10-06T09:06:55Z  OBSERVE  shippingservice  rejection=0.0000  low=298 high=0  state=ON
2026-10-06T09:06:56Z  OBSERVE  adservice  rejection=0.0000  low=299 high=0  state=ON
2026-10-06T09:06:56Z  OBSERVE  cartservice  rejection=0.0000  low=299 high=0  state=ON
2026-10-06T09:06:56Z  OBSERVE  checkoutservice  rejection=0.0000  low=228 high=0  state=ON
2026-10-06T09:06:56Z  OBSERVE  currencyservice  rejection=0.0000  low=299 high=0  state=ON
2026-10-06T09:06:56Z  OBSERVE  emailservice  rejection=0.0000  low=234 high=0  state=ON
2026-10-06T09:06:56Z  OBSERVE  paymentservice  rejection=0.0000  low=299 high=0  state=ON
2026-10-06T09:06:56Z  OBSERVE  productcatalogservice  rejection=0.0000  low=299 high=0  state=ON
2026-10-06T09:06:56Z  OBSERVE  recommendationservice  rejection=0.2072  low=0 high=1  state=ON
2026-10-06T09:06:56Z  OBSERVE  shippingservice  rejection=0.0000  low=299 high=0  state=ON
2026-10-06T09:06:57Z  OBSERVE  adservice  rejection=0.0000  low=300 high=0  state=ON
2026-10-06T09:06:57Z  OBSERVE  cartservice  rejection=0.0000  low=300 high=0  state=ON
2026-10-06T09:06:57Z  OBSERVE  checkoutservice  rejection=0.0000  low=229 high=0  state=ON
2026-10-06T09:06:57Z  OBSERVE  currencyservice  rejection=0.0000  low=300 high=0  state=ON
2026-10-06T09:06:57Z  OBSERVE  emailservice  rejection=0.0000  low=235 high=0  state=ON
2026-10-06T09:06:57Z  OBSERVE  paymentservice  rejection=0.0000  low=300 high=0  state=ON
2026-10-06T09:06:57Z  OBSERVE  productcatalogservice  rejection=0.0000  low=300 high=0  state=ON
2026-10-06T09:06:57Z  OBSERVE  recommendationservice  rejection=0.2137  low=0 high=2  state=ON
2026-10-06T09:06:57Z  OBSERVE  shippingservice  rejection=0.0000  low=300 high=0  state=ON
2026-10-06T09:06:58Z  OBSERVE  adservice  rejection=0.0000  low=301 high=0  state=ON
2026-10-06T09:06:58Z  OBSERVE  cartservice  rejection=0.0000  low=301 high=0  state=ON
2026-10-06T09:06:58Z  OBSERVE  checkoutservice  rejection=0.0000  low=230 high=0  state=ON
2026-10-06T09:06:58Z  OBSERVE  currencyservice  rejection=0.0000  low=301 high=0  state=ON
2026-10-06T09:06:58Z  OBSERVE  emailservice  rejection=0.0000  low=236 high=0  state=ON
2026-10-06T09:06:58Z  OBSERVE  paymentservice  rejection=0.0000  low=301 high=0  state=ON
2026-10-06T09:06:58Z  OBSERVE  productcatalogservice  rejection=0.0000  low=301 high=0  state=ON
2026-10-06T09:06:58Z  OBSERVE  recommendationservice  rejection=0.1829  low=1 high=0  state=ON
2026-10-06T09:06:58Z  OBSERVE  shippingservice  rejection=0.0000  low=301 high=0  state=ON
2026-10-06T09:06:59Z  OBSERVE  adservice  rejection=0.0000  low=302 high=0  state=ON
2026-10-06T09:06:59Z  OBSERVE  cartservice  rejection=0.0000  low=302 high=0  state=ON
2026-10-06T09:06:59Z  OBSERVE  checkoutservice  rejection=0.0000  low=231 high=0  state=ON
2026-10-06T09:06:59Z  OBSERVE  currencyservice  rejection=0.0000  low=302 high=0  state=ON
2026-10-06T09:06:59Z  OBSERVE  emailservice  rejection=0.0000  low=237 high=0  state=ON
2026-10-06T09:06:59Z  OBSERVE  paymentservice  rejection=0.0000  low=302 high=0  state=ON
2026-10-06T09:06:59Z  OBSERVE  productcatalogservice  rejection=0.0000  low=302 high=0  state=ON
2026-10-06T09:06:59Z  OBSERVE  recommendationservice  rejection=0.2069  low=0 high=1  state=ON
2026-10-06T09:06:59Z  OBSERVE  shippingservice  rejection=0.0000  low=302 high=0  state=ON
2026-10-06T09:07:00Z  OBSERVE  adservice  rejection=0.0000  low=303 high=0  state=ON
2026-10-06T09:07:00Z  OBSERVE  cartservice  rejection=0.0000  low=303 high=0  state=ON
2026-10-06T09:07:00Z  OBSERVE  checkoutservice  rejection=0.0000  low=232 high=0  state=ON
2026-10-06T09:07:00Z  OBSERVE  currencyservice  rejection=0.0000  low=303 high=0  state=ON
2026-10-06T09:07:00Z  OBSERVE  emailservice  rejection=0.0000  low=238 high=0  state=ON
2026-10-06T09:07:00Z  OBSERVE  paymentservice  rejection=0.0000  low=303 high=0  state=ON
2026-10-06T09:07:00Z  OBSERVE  productcatalogservice  rejection=0.0000  low=303 high=0  state=ON
2026-10-06T09:07:00Z  OBSERVE  recommendationservice  rejection=0.2306  low=0 high=2  state=ON
2026-10-06T09:07:00Z  OBSERVE  shippingservice  rejection=0.0000  low=303 high=0  state=ON
2026-10-06T09:07:01Z  OBSERVE  adservice  rejection=0.0000  low=304 high=0  state=ON
2026-10-06T09:07:01Z  OBSERVE  cartservice  rejection=0.0000  low=304 high=0  state=ON
2026-10-06T09:07:01Z  OBSERVE  checkoutservice  rejection=0.0000  low=233 high=0  state=ON
2026-10-06T09:07:01Z  OBSERVE  currencyservice  rejection=0.0000  low=304 high=0  state=ON
2026-10-06T09:07:01Z  OBSERVE  emailservice  rejection=0.0000  low=239 high=0  state=ON
2026-10-06T09:07:01Z  OBSERVE  paymentservice  rejection=0.0000  low=304 high=0  state=ON
2026-10-06T09:07:01Z  OBSERVE  productcatalogservice  rejection=0.0000  low=304 high=0  state=ON
2026-10-06T09:07:01Z  OBSERVE  recommendationservice  rejection=0.2387  low=0 high=3  state=ON
2026-10-06T09:07:01Z  OBSERVE  shippingservice  rejection=0.0000  low=304 high=0  state=ON
2026-10-06T09:07:02Z  OBSERVE  adservice  rejection=0.0000  low=305 high=0  state=ON
2026-10-06T09:07:02Z  OBSERVE  cartservice  rejection=0.0000  low=305 high=0  state=ON
2026-10-06T09:07:02Z  OBSERVE  checkoutservice  rejection=0.0000  low=234 high=0  state=ON
2026-10-06T09:07:02Z  OBSERVE  currencyservice  rejection=0.0000  low=305 high=0  state=ON
2026-10-06T09:07:02Z  OBSERVE  emailservice  rejection=0.0000  low=240 high=0  state=ON
2026-10-06T09:07:02Z  OBSERVE  paymentservice  rejection=0.0000  low=305 high=0  state=ON
2026-10-06T09:07:02Z  OBSERVE  productcatalogservice  rejection=0.0000  low=305 high=0  state=ON
2026-10-06T09:07:02Z  OBSERVE  recommendationservice  rejection=0.2176  low=0 high=4  state=ON
2026-10-06T09:07:02Z  OBSERVE  shippingservice  rejection=0.0000  low=305 high=0  state=ON
2026-10-06T09:07:03Z  OBSERVE  adservice  rejection=0.0000  low=306 high=0  state=ON
2026-10-06T09:07:03Z  OBSERVE  cartservice  rejection=0.0000  low=306 high=0  state=ON
2026-10-06T09:07:03Z  OBSERVE  checkoutservice  rejection=0.0000  low=235 high=0  state=ON
2026-10-06T09:07:03Z  OBSERVE  currencyservice  rejection=0.0000  low=306 high=0  state=ON
2026-10-06T09:07:03Z  OBSERVE  emailservice  rejection=0.0000  low=241 high=0  state=ON
2026-10-06T09:07:03Z  OBSERVE  paymentservice  rejection=0.0000  low=306 high=0  state=ON
2026-10-06T09:07:03Z  OBSERVE  productcatalogservice  rejection=0.0000  low=306 high=0  state=ON
2026-10-06T09:07:03Z  OBSERVE  recommendationservice  rejection=0.1880  low=1 high=0  state=ON
2026-10-06T09:07:03Z  OBSERVE  shippingservice  rejection=0.0000  low=306 high=0  state=ON
2026-10-06T09:07:04Z  OBSERVE  adservice  rejection=0.0000  low=307 high=0  state=ON
2026-10-06T09:07:04Z  OBSERVE  cartservice  rejection=0.0000  low=307 high=0  state=ON
2026-10-06T09:07:04Z  OBSERVE  checkoutservice  rejection=0.0000  low=236 high=0  state=ON
2026-10-06T09:07:04Z  OBSERVE  currencyservice  rejection=0.0000  low=307 high=0  state=ON
2026-10-06T09:07:04Z  OBSERVE  emailservice  rejection=0.0000  low=242 high=0  state=ON
2026-10-06T09:07:04Z  OBSERVE  paymentservice  rejection=0.0000  low=307 high=0  state=ON
2026-10-06T09:07:04Z  OBSERVE  productcatalogservice  rejection=0.0000  low=307 high=0  state=ON
2026-10-06T09:07:04Z  OBSERVE  recommendationservice  rejection=0.2149  low=0 high=1  state=ON
2026-10-06T09:07:04Z  OBSERVE  shippingservice  rejection=0.0000  low=307 high=0  state=ON
2026-10-06T09:07:05Z  OBSERVE  adservice  rejection=0.0000  low=308 high=0  state=ON
2026-10-06T09:07:05Z  OBSERVE  cartservice  rejection=0.0000  low=308 high=0  state=ON
2026-10-06T09:07:05Z  OBSERVE  checkoutservice  rejection=0.0000  low=237 high=0  state=ON
2026-10-06T09:07:05Z  OBSERVE  currencyservice  rejection=0.0000  low=308 high=0  state=ON
2026-10-06T09:07:05Z  OBSERVE  emailservice  rejection=0.0000  low=243 high=0  state=ON
2026-10-06T09:07:05Z  OBSERVE  paymentservice  rejection=0.0000  low=308 high=0  state=ON
2026-10-06T09:07:05Z  OBSERVE  productcatalogservice  rejection=0.0000  low=308 high=0  state=ON
2026-10-06T09:07:05Z  OBSERVE  recommendationservice  rejection=0.2251  low=0 high=2  state=ON
2026-10-06T09:07:05Z  OBSERVE  shippingservice  rejection=0.0000  low=308 high=0  state=ON
2026-10-06T09:07:06Z  OBSERVE  adservice  rejection=0.0000  low=309 high=0  state=ON
2026-10-06T09:07:06Z  OBSERVE  cartservice  rejection=0.0000  low=309 high=0  state=ON
2026-10-06T09:07:06Z  OBSERVE  checkoutservice  rejection=0.0000  low=238 high=0  state=ON
2026-10-06T09:07:06Z  OBSERVE  currencyservice  rejection=0.0000  low=309 high=0  state=ON
2026-10-06T09:07:06Z  OBSERVE  emailservice  rejection=0.0000  low=244 high=0  state=ON
2026-10-06T09:07:06Z  OBSERVE  paymentservice  rejection=0.0000  low=309 high=0  state=ON
2026-10-06T09:07:06Z  OBSERVE  productcatalogservice  rejection=0.0000  low=309 high=0  state=ON
2026-10-06T09:07:06Z  OBSERVE  recommendationservice  rejection=0.1783  low=1 high=0  state=ON
2026-10-06T09:07:06Z  OBSERVE  shippingservice  rejection=0.0000  low=309 high=0  state=ON
2026-10-06T09:07:07Z  OBSERVE  adservice  rejection=0.0000  low=310 high=0  state=ON
2026-10-06T09:07:07Z  OBSERVE  cartservice  rejection=0.0000  low=310 high=0  state=ON
2026-10-06T09:07:07Z  OBSERVE  checkoutservice  rejection=0.0000  low=239 high=0  state=ON
2026-10-06T09:07:07Z  OBSERVE  currencyservice  rejection=0.0000  low=310 high=0  state=ON
2026-10-06T09:07:07Z  OBSERVE  emailservice  rejection=0.0000  low=245 high=0  state=ON
2026-10-06T09:07:07Z  OBSERVE  paymentservice  rejection=0.0000  low=310 high=0  state=ON
2026-10-06T09:07:07Z  OBSERVE  productcatalogservice  rejection=0.0000  low=310 high=0  state=ON
2026-10-06T09:07:07Z  OBSERVE  recommendationservice  rejection=0.2474  low=0 high=1  state=ON
2026-10-06T09:07:07Z  OBSERVE  shippingservice  rejection=0.0000  low=310 high=0  state=ON
2026-10-06T09:07:08Z  OBSERVE  adservice  rejection=0.0000  low=311 high=0  state=ON
2026-10-06T09:07:08Z  OBSERVE  cartservice  rejection=0.0000  low=311 high=0  state=ON
2026-10-06T09:07:08Z  OBSERVE  checkoutservice  rejection=0.0000  low=240 high=0  state=ON
2026-10-06T09:07:08Z  OBSERVE  currencyservice  rejection=0.0000  low=311 high=0  state=ON
2026-10-06T09:07:08Z  OBSERVE  emailservice  rejection=0.0000  low=246 high=0  state=ON
2026-10-06T09:07:08Z  OBSERVE  paymentservice  rejection=0.0000  low=311 high=0  state=ON
2026-10-06T09:07:08Z  OBSERVE  productcatalogservice  rejection=0.0000  low=311 high=0  state=ON
2026-10-06T09:07:08Z  OBSERVE  recommendationservice  rejection=0.2533  low=0 high=2  state=ON
2026-10-06T09:07:08Z  OBSERVE  shippingservice  rejection=0.0000  low=311 high=0  state=ON
2026-10-06T09:07:09Z  OBSERVE  adservice  rejection=0.0000  low=312 high=0  state=ON
2026-10-06T09:07:09Z  OBSERVE  cartservice  rejection=0.0000  low=312 high=0  state=ON
2026-10-06T09:07:09Z  OBSERVE  checkoutservice  rejection=0.0000  low=241 high=0  state=ON
2026-10-06T09:07:09Z  OBSERVE  currencyservice  rejection=0.0000  low=312 high=0  state=ON
2026-10-06T09:07:09Z  OBSERVE  emailservice  rejection=0.0000  low=247 high=0  state=ON
2026-10-06T09:07:09Z  OBSERVE  paymentservice  rejection=0.0000  low=312 high=0  state=ON
2026-10-06T09:07:09Z  OBSERVE  productcatalogservice  rejection=0.0000  low=312 high=0  state=ON
2026-10-06T09:07:09Z  OBSERVE  recommendationservice  rejection=0.1899  low=1 high=0  state=ON
2026-10-06T09:07:09Z  OBSERVE  shippingservice  rejection=0.0000  low=312 high=0  state=ON
2026-10-06T09:07:10Z  OBSERVE  adservice  rejection=0.0000  low=313 high=0  state=ON
2026-10-06T09:07:10Z  OBSERVE  cartservice  rejection=0.0000  low=313 high=0  state=ON
2026-10-06T09:07:10Z  OBSERVE  checkoutservice  rejection=0.0000  low=242 high=0  state=ON
2026-10-06T09:07:10Z  OBSERVE  currencyservice  rejection=0.0000  low=313 high=0  state=ON
2026-10-06T09:07:10Z  OBSERVE  emailservice  rejection=0.0000  low=248 high=0  state=ON
2026-10-06T09:07:10Z  OBSERVE  paymentservice  rejection=0.0000  low=313 high=0  state=ON
2026-10-06T09:07:10Z  OBSERVE  productcatalogservice  rejection=0.0000  low=313 high=0  state=ON
2026-10-06T09:07:10Z  OBSERVE  recommendationservice  rejection=0.2005  low=0 high=1  state=ON
2026-10-06T09:07:10Z  OBSERVE  shippingservice  rejection=0.0000  low=313 high=0  state=ON
2026-10-06T09:07:11Z  OBSERVE  adservice  rejection=0.0000  low=314 high=0  state=ON
2026-10-06T09:07:11Z  OBSERVE  cartservice  rejection=0.0000  low=314 high=0  state=ON
2026-10-06T09:07:11Z  OBSERVE  checkoutservice  rejection=0.0000  low=243 high=0  state=ON
2026-10-06T09:07:11Z  OBSERVE  currencyservice  rejection=0.0000  low=314 high=0  state=ON
2026-10-06T09:07:11Z  OBSERVE  emailservice  rejection=0.0000  low=249 high=0  state=ON
2026-10-06T09:07:11Z  OBSERVE  paymentservice  rejection=0.0000  low=314 high=0  state=ON
2026-10-06T09:07:11Z  OBSERVE  productcatalogservice  rejection=0.0000  low=314 high=0  state=ON
2026-10-06T09:07:11Z  OBSERVE  recommendationservice  rejection=0.2097  low=0 high=2  state=ON
2026-10-06T09:07:11Z  OBSERVE  shippingservice  rejection=0.0000  low=314 high=0  state=ON
2026-10-06T09:07:12Z  OBSERVE  adservice  rejection=0.0000  low=315 high=0  state=ON
2026-10-06T09:07:12Z  OBSERVE  cartservice  rejection=0.0000  low=315 high=0  state=ON
2026-10-06T09:07:12Z  OBSERVE  checkoutservice  rejection=0.0000  low=244 high=0  state=ON
2026-10-06T09:07:12Z  OBSERVE  currencyservice  rejection=0.0000  low=315 high=0  state=ON
2026-10-06T09:07:12Z  OBSERVE  emailservice  rejection=0.0000  low=250 high=0  state=ON
2026-10-06T09:07:12Z  OBSERVE  paymentservice  rejection=0.0000  low=315 high=0  state=ON
2026-10-06T09:07:12Z  OBSERVE  productcatalogservice  rejection=0.0000  low=315 high=0  state=ON
2026-10-06T09:07:12Z  OBSERVE  recommendationservice  rejection=0.2229  low=0 high=3  state=ON
2026-10-06T09:07:12Z  OBSERVE  shippingservice  rejection=0.0000  low=315 high=0  state=ON
2026-10-06T09:07:13Z  OBSERVE  adservice  rejection=0.0000  low=316 high=0  state=ON
2026-10-06T09:07:13Z  OBSERVE  cartservice  rejection=0.0000  low=316 high=0  state=ON
2026-10-06T09:07:13Z  OBSERVE  checkoutservice  rejection=0.0000  low=245 high=0  state=ON
2026-10-06T09:07:13Z  OBSERVE  currencyservice  rejection=0.0000  low=316 high=0  state=ON
2026-10-06T09:07:13Z  OBSERVE  emailservice  rejection=0.0000  low=251 high=0  state=ON
2026-10-06T09:07:13Z  OBSERVE  paymentservice  rejection=0.0000  low=316 high=0  state=ON
2026-10-06T09:07:13Z  OBSERVE  productcatalogservice  rejection=0.0000  low=316 high=0  state=ON
2026-10-06T09:07:13Z  OBSERVE  recommendationservice  rejection=0.2229  low=0 high=4  state=ON
2026-10-06T09:07:13Z  OBSERVE  shippingservice  rejection=0.0000  low=316 high=0  state=ON
2026-10-06T09:07:14Z  OBSERVE  adservice  rejection=0.0000  low=317 high=0  state=ON
2026-10-06T09:07:14Z  OBSERVE  cartservice  rejection=0.0000  low=317 high=0  state=ON
2026-10-06T09:07:14Z  OBSERVE  checkoutservice  rejection=0.0000  low=246 high=0  state=ON
2026-10-06T09:07:14Z  OBSERVE  currencyservice  rejection=0.0000  low=317 high=0  state=ON
2026-10-06T09:07:14Z  OBSERVE  emailservice  rejection=0.0000  low=252 high=0  state=ON
2026-10-06T09:07:14Z  OBSERVE  paymentservice  rejection=0.0000  low=317 high=0  state=ON
2026-10-06T09:07:14Z  OBSERVE  productcatalogservice  rejection=0.0000  low=317 high=0  state=ON
2026-10-06T09:07:14Z  OBSERVE  recommendationservice  rejection=0.2250  low=0 high=5  state=ON
2026-10-06T09:07:14Z  OBSERVE  shippingservice  rejection=0.0000  low=317 high=0  state=ON
2026-10-06T09:07:15Z  OBSERVE  adservice  rejection=0.0000  low=318 high=0  state=ON
2026-10-06T09:07:15Z  OBSERVE  cartservice  rejection=0.0000  low=318 high=0  state=ON
2026-10-06T09:07:15Z  OBSERVE  checkoutservice  rejection=0.0000  low=247 high=0  state=ON
2026-10-06T09:07:15Z  OBSERVE  currencyservice  rejection=0.0000  low=318 high=0  state=ON
2026-10-06T09:07:15Z  OBSERVE  emailservice  rejection=0.0000  low=253 high=0  state=ON
2026-10-06T09:07:15Z  OBSERVE  paymentservice  rejection=0.0000  low=318 high=0  state=ON
2026-10-06T09:07:15Z  OBSERVE  productcatalogservice  rejection=0.0000  low=318 high=0  state=ON
2026-10-06T09:07:15Z  OBSERVE  recommendationservice  rejection=0.2388  low=0 high=6  state=ON
2026-10-06T09:07:15Z  OBSERVE  shippingservice  rejection=0.0000  low=318 high=0  state=ON
2026-10-06T09:07:16Z  OBSERVE  adservice  rejection=0.0000  low=319 high=0  state=ON
2026-10-06T09:07:16Z  OBSERVE  cartservice  rejection=0.0000  low=319 high=0  state=ON
2026-10-06T09:07:16Z  OBSERVE  checkoutservice  rejection=0.0000  low=248 high=0  state=ON
2026-10-06T09:07:16Z  OBSERVE  currencyservice  rejection=0.0000  low=319 high=0  state=ON
2026-10-06T09:07:16Z  OBSERVE  emailservice  rejection=0.0000  low=254 high=0  state=ON
2026-10-06T09:07:16Z  OBSERVE  paymentservice  rejection=0.0000  low=319 high=0  state=ON
2026-10-06T09:07:16Z  OBSERVE  productcatalogservice  rejection=0.0000  low=319 high=0  state=ON
2026-10-06T09:07:16Z  OBSERVE  recommendationservice  rejection=0.1813  low=1 high=0  state=ON
2026-10-06T09:07:16Z  OBSERVE  shippingservice  rejection=0.0000  low=319 high=0  state=ON
2026-10-06T09:07:17Z  OBSERVE  adservice  rejection=0.0000  low=320 high=0  state=ON
2026-10-06T09:07:17Z  OBSERVE  cartservice  rejection=0.0000  low=320 high=0  state=ON
2026-10-06T09:07:17Z  OBSERVE  checkoutservice  rejection=0.0000  low=249 high=0  state=ON
2026-10-06T09:07:17Z  OBSERVE  currencyservice  rejection=0.0000  low=320 high=0  state=ON
2026-10-06T09:07:17Z  OBSERVE  emailservice  rejection=0.0000  low=255 high=0  state=ON
2026-10-06T09:07:17Z  OBSERVE  paymentservice  rejection=0.0000  low=320 high=0  state=ON
2026-10-06T09:07:17Z  OBSERVE  productcatalogservice  rejection=0.0000  low=320 high=0  state=ON
2026-10-06T09:07:17Z  OBSERVE  recommendationservice  rejection=0.2451  low=0 high=1  state=ON
2026-10-06T09:07:17Z  OBSERVE  shippingservice  rejection=0.0000  low=320 high=0  state=ON
2026-10-06T09:07:18Z  OBSERVE  adservice  rejection=0.0000  low=321 high=0  state=ON
2026-10-06T09:07:18Z  OBSERVE  cartservice  rejection=0.0000  low=321 high=0  state=ON
2026-10-06T09:07:18Z  OBSERVE  checkoutservice  rejection=0.0000  low=250 high=0  state=ON
2026-10-06T09:07:18Z  OBSERVE  currencyservice  rejection=0.0000  low=321 high=0  state=ON
2026-10-06T09:07:18Z  OBSERVE  emailservice  rejection=0.0000  low=256 high=0  state=ON
2026-10-06T09:07:18Z  OBSERVE  paymentservice  rejection=0.0000  low=321 high=0  state=ON
2026-10-06T09:07:18Z  OBSERVE  productcatalogservice  rejection=0.0000  low=321 high=0  state=ON
2026-10-06T09:07:18Z  OBSERVE  recommendationservice  rejection=0.1840  low=1 high=0  state=ON
2026-10-06T09:07:18Z  OBSERVE  shippingservice  rejection=0.0000  low=321 high=0  state=ON
2026-10-06T09:07:19Z  OBSERVE  adservice  rejection=0.0000  low=322 high=0  state=ON
2026-10-06T09:07:19Z  OBSERVE  cartservice  rejection=0.0000  low=322 high=0  state=ON
2026-10-06T09:07:19Z  OBSERVE  checkoutservice  rejection=0.0000  low=251 high=0  state=ON
2026-10-06T09:07:19Z  OBSERVE  currencyservice  rejection=0.0000  low=322 high=0  state=ON
2026-10-06T09:07:19Z  OBSERVE  emailservice  rejection=0.0000  low=257 high=0  state=ON
2026-10-06T09:07:19Z  OBSERVE  paymentservice  rejection=0.0000  low=322 high=0  state=ON
2026-10-06T09:07:19Z  OBSERVE  productcatalogservice  rejection=0.0000  low=322 high=0  state=ON
2026-10-06T09:07:19Z  OBSERVE  recommendationservice  rejection=0.2118  low=0 high=1  state=ON
2026-10-06T09:07:19Z  OBSERVE  shippingservice  rejection=0.0000  low=322 high=0  state=ON
2026-10-06T09:07:20Z  OBSERVE  adservice  rejection=0.0000  low=323 high=0  state=ON
2026-10-06T09:07:20Z  OBSERVE  cartservice  rejection=0.0000  low=323 high=0  state=ON
2026-10-06T09:07:20Z  OBSERVE  checkoutservice  rejection=0.0000  low=252 high=0  state=ON
2026-10-06T09:07:20Z  OBSERVE  currencyservice  rejection=0.0000  low=323 high=0  state=ON
2026-10-06T09:07:20Z  OBSERVE  emailservice  rejection=0.0000  low=258 high=0  state=ON
2026-10-06T09:07:20Z  OBSERVE  paymentservice  rejection=0.0000  low=323 high=0  state=ON
2026-10-06T09:07:20Z  OBSERVE  productcatalogservice  rejection=0.0000  low=323 high=0  state=ON
2026-10-06T09:07:20Z  OBSERVE  recommendationservice  rejection=0.1898  low=1 high=0  state=ON
2026-10-06T09:07:20Z  OBSERVE  shippingservice  rejection=0.0000  low=323 high=0  state=ON
2026-10-06T09:07:21Z  OBSERVE  adservice  rejection=0.0000  low=324 high=0  state=ON
2026-10-06T09:07:21Z  OBSERVE  cartservice  rejection=0.0000  low=324 high=0  state=ON
2026-10-06T09:07:21Z  OBSERVE  checkoutservice  rejection=0.0000  low=253 high=0  state=ON
2026-10-06T09:07:21Z  OBSERVE  currencyservice  rejection=0.0000  low=324 high=0  state=ON
2026-10-06T09:07:21Z  OBSERVE  emailservice  rejection=0.0000  low=259 high=0  state=ON
2026-10-06T09:07:21Z  OBSERVE  paymentservice  rejection=0.0000  low=324 high=0  state=ON
2026-10-06T09:07:21Z  OBSERVE  productcatalogservice  rejection=0.0000  low=324 high=0  state=ON
2026-10-06T09:07:21Z  OBSERVE  recommendationservice  rejection=0.1990  low=2 high=0  state=ON
2026-10-06T09:07:21Z  OBSERVE  shippingservice  rejection=0.0000  low=324 high=0  state=ON
2026-10-06T09:07:22Z  OBSERVE  adservice  rejection=0.0000  low=325 high=0  state=ON
2026-10-06T09:07:22Z  OBSERVE  cartservice  rejection=0.0000  low=325 high=0  state=ON
2026-10-06T09:07:22Z  OBSERVE  checkoutservice  rejection=0.0000  low=254 high=0  state=ON
2026-10-06T09:07:22Z  OBSERVE  currencyservice  rejection=0.0000  low=325 high=0  state=ON
2026-10-06T09:07:22Z  OBSERVE  emailservice  rejection=0.0000  low=260 high=0  state=ON
2026-10-06T09:07:22Z  OBSERVE  paymentservice  rejection=0.0000  low=325 high=0  state=ON
2026-10-06T09:07:22Z  OBSERVE  productcatalogservice  rejection=0.0000  low=325 high=0  state=ON
2026-10-06T09:07:22Z  OBSERVE  recommendationservice  rejection=0.2118  low=0 high=1  state=ON
2026-10-06T09:07:22Z  OBSERVE  shippingservice  rejection=0.0000  low=325 high=0  state=ON
2026-10-06T09:07:23Z  OBSERVE  adservice  rejection=0.0000  low=326 high=0  state=ON
2026-10-06T09:07:23Z  OBSERVE  cartservice  rejection=0.0000  low=326 high=0  state=ON
2026-10-06T09:07:23Z  OBSERVE  checkoutservice  rejection=0.0000  low=255 high=0  state=ON
2026-10-06T09:07:23Z  OBSERVE  currencyservice  rejection=0.0000  low=326 high=0  state=ON
2026-10-06T09:07:23Z  OBSERVE  emailservice  rejection=0.0000  low=261 high=0  state=ON
2026-10-06T09:07:23Z  OBSERVE  paymentservice  rejection=0.0000  low=326 high=0  state=ON
2026-10-06T09:07:23Z  OBSERVE  productcatalogservice  rejection=0.0000  low=326 high=0  state=ON
2026-10-06T09:07:23Z  OBSERVE  recommendationservice  rejection=0.2339  low=0 high=2  state=ON
2026-10-06T09:07:23Z  OBSERVE  shippingservice  rejection=0.0000  low=326 high=0  state=ON
2026-10-06T09:07:24Z  OBSERVE  adservice  rejection=0.0000  low=327 high=0  state=ON
2026-10-06T09:07:24Z  OBSERVE  cartservice  rejection=0.0000  low=327 high=0  state=ON
2026-10-06T09:07:24Z  OBSERVE  checkoutservice  rejection=0.0000  low=256 high=0  state=ON
2026-10-06T09:07:24Z  OBSERVE  currencyservice  rejection=0.0000  low=327 high=0  state=ON
2026-10-06T09:07:24Z  OBSERVE  emailservice  rejection=0.0000  low=262 high=0  state=ON
2026-10-06T09:07:24Z  OBSERVE  paymentservice  rejection=0.0000  low=327 high=0  state=ON
2026-10-06T09:07:24Z  OBSERVE  productcatalogservice  rejection=0.0000  low=327 high=0  state=ON
2026-10-06T09:07:24Z  OBSERVE  recommendationservice  rejection=0.2852  low=0 high=3  state=ON
2026-10-06T09:07:24Z  OBSERVE  shippingservice  rejection=0.0000  low=327 high=0  state=ON
2026-10-06T09:07:25Z  OBSERVE  adservice  rejection=0.0000  low=328 high=0  state=ON
2026-10-06T09:07:25Z  OBSERVE  cartservice  rejection=0.0000  low=328 high=0  state=ON
2026-10-06T09:07:25Z  OBSERVE  checkoutservice  rejection=0.0000  low=257 high=0  state=ON
2026-10-06T09:07:25Z  OBSERVE  currencyservice  rejection=0.0000  low=328 high=0  state=ON
2026-10-06T09:07:25Z  OBSERVE  emailservice  rejection=0.0000  low=263 high=0  state=ON
2026-10-06T09:07:25Z  OBSERVE  paymentservice  rejection=0.0000  low=328 high=0  state=ON
2026-10-06T09:07:25Z  OBSERVE  productcatalogservice  rejection=0.0000  low=328 high=0  state=ON
2026-10-06T09:07:25Z  OBSERVE  recommendationservice  rejection=0.2400  low=0 high=4  state=ON
2026-10-06T09:07:25Z  OBSERVE  shippingservice  rejection=0.0000  low=328 high=0  state=ON
2026-10-06T09:07:26Z  OBSERVE  adservice  rejection=0.0000  low=329 high=0  state=ON
2026-10-06T09:07:26Z  OBSERVE  cartservice  rejection=0.0000  low=329 high=0  state=ON
2026-10-06T09:07:26Z  OBSERVE  checkoutservice  rejection=0.0000  low=258 high=0  state=ON
2026-10-06T09:07:26Z  OBSERVE  currencyservice  rejection=0.0000  low=329 high=0  state=ON
2026-10-06T09:07:26Z  OBSERVE  emailservice  rejection=0.0000  low=264 high=0  state=ON
2026-10-06T09:07:26Z  OBSERVE  paymentservice  rejection=0.0000  low=329 high=0  state=ON
2026-10-06T09:07:26Z  OBSERVE  productcatalogservice  rejection=0.0000  low=329 high=0  state=ON
2026-10-06T09:07:26Z  OBSERVE  recommendationservice  rejection=0.1637  low=1 high=0  state=ON
2026-10-06T09:07:26Z  OBSERVE  shippingservice  rejection=0.0000  low=329 high=0  state=ON
2026-10-06T09:07:27Z  OBSERVE  adservice  rejection=0.0000  low=330 high=0  state=ON
2026-10-06T09:07:27Z  OBSERVE  cartservice  rejection=0.0000  low=330 high=0  state=ON
2026-10-06T09:07:27Z  OBSERVE  checkoutservice  rejection=0.0000  low=259 high=0  state=ON
2026-10-06T09:07:27Z  OBSERVE  currencyservice  rejection=0.0000  low=330 high=0  state=ON
2026-10-06T09:07:27Z  OBSERVE  emailservice  rejection=0.0000  low=265 high=0  state=ON
2026-10-06T09:07:27Z  OBSERVE  paymentservice  rejection=0.0000  low=330 high=0  state=ON
2026-10-06T09:07:27Z  OBSERVE  productcatalogservice  rejection=0.0000  low=330 high=0  state=ON
2026-10-06T09:07:27Z  OBSERVE  recommendationservice  rejection=0.2234  low=0 high=1  state=ON
2026-10-06T09:07:27Z  OBSERVE  shippingservice  rejection=0.0000  low=330 high=0  state=ON
2026-10-06T09:07:28Z  OBSERVE  adservice  rejection=0.0000  low=331 high=0  state=ON
2026-10-06T09:07:28Z  OBSERVE  cartservice  rejection=0.0000  low=331 high=0  state=ON
2026-10-06T09:07:28Z  OBSERVE  checkoutservice  rejection=0.0000  low=260 high=0  state=ON
2026-10-06T09:07:28Z  OBSERVE  currencyservice  rejection=0.0000  low=331 high=0  state=ON
2026-10-06T09:07:28Z  OBSERVE  emailservice  rejection=0.0000  low=266 high=0  state=ON
2026-10-06T09:07:28Z  OBSERVE  paymentservice  rejection=0.0000  low=331 high=0  state=ON
2026-10-06T09:07:28Z  OBSERVE  productcatalogservice  rejection=0.0000  low=331 high=0  state=ON
2026-10-06T09:07:28Z  OBSERVE  recommendationservice  rejection=0.1919  low=1 high=0  state=ON
2026-10-06T09:07:28Z  OBSERVE  shippingservice  rejection=0.0000  low=331 high=0  state=ON
2026-10-06T09:07:29Z  OBSERVE  adservice  rejection=0.0000  low=332 high=0  state=ON
2026-10-06T09:07:29Z  OBSERVE  cartservice  rejection=0.0000  low=332 high=0  state=ON
2026-10-06T09:07:29Z  OBSERVE  checkoutservice  rejection=0.0000  low=261 high=0  state=ON
2026-10-06T09:07:29Z  OBSERVE  currencyservice  rejection=0.0000  low=332 high=0  state=ON
2026-10-06T09:07:29Z  OBSERVE  emailservice  rejection=0.0000  low=267 high=0  state=ON
2026-10-06T09:07:29Z  OBSERVE  paymentservice  rejection=0.0000  low=332 high=0  state=ON
2026-10-06T09:07:29Z  OBSERVE  productcatalogservice  rejection=0.0000  low=332 high=0  state=ON
2026-10-06T09:07:29Z  OBSERVE  recommendationservice  rejection=0.1557  low=2 high=0  state=ON
2026-10-06T09:07:29Z  OBSERVE  shippingservice  rejection=0.0000  low=332 high=0  state=ON
2026-10-06T09:07:30Z  OBSERVE  adservice  rejection=0.0000  low=333 high=0  state=ON
2026-10-06T09:07:30Z  OBSERVE  cartservice  rejection=0.0000  low=333 high=0  state=ON
2026-10-06T09:07:30Z  OBSERVE  checkoutservice  rejection=0.0000  low=262 high=0  state=ON
2026-10-06T09:07:30Z  OBSERVE  currencyservice  rejection=0.0000  low=333 high=0  state=ON
2026-10-06T09:07:30Z  OBSERVE  emailservice  rejection=0.0000  low=268 high=0  state=ON
2026-10-06T09:07:30Z  OBSERVE  paymentservice  rejection=0.0000  low=333 high=0  state=ON
2026-10-06T09:07:30Z  OBSERVE  productcatalogservice  rejection=0.0000  low=333 high=0  state=ON
2026-10-06T09:07:30Z  OBSERVE  recommendationservice  rejection=0.2059  low=0 high=1  state=ON
2026-10-06T09:07:30Z  OBSERVE  shippingservice  rejection=0.0000  low=333 high=0  state=ON
2026-10-06T09:07:31Z  OBSERVE  adservice  rejection=0.0000  low=334 high=0  state=ON
2026-10-06T09:07:31Z  OBSERVE  cartservice  rejection=0.0000  low=334 high=0  state=ON
2026-10-06T09:07:31Z  OBSERVE  checkoutservice  rejection=0.0000  low=263 high=0  state=ON
2026-10-06T09:07:31Z  OBSERVE  currencyservice  rejection=0.0000  low=334 high=0  state=ON
2026-10-06T09:07:31Z  OBSERVE  emailservice  rejection=0.0000  low=269 high=0  state=ON
2026-10-06T09:07:31Z  OBSERVE  paymentservice  rejection=0.0000  low=334 high=0  state=ON
2026-10-06T09:07:31Z  OBSERVE  productcatalogservice  rejection=0.0000  low=334 high=0  state=ON
2026-10-06T09:07:31Z  OBSERVE  recommendationservice  rejection=0.1960  low=1 high=0  state=ON
2026-10-06T09:07:31Z  OBSERVE  shippingservice  rejection=0.0000  low=334 high=0  state=ON
2026-10-06T09:07:32Z  OBSERVE  adservice  rejection=0.0000  low=335 high=0  state=ON
2026-10-06T09:07:32Z  OBSERVE  cartservice  rejection=0.0000  low=335 high=0  state=ON
2026-10-06T09:07:32Z  OBSERVE  checkoutservice  rejection=0.0000  low=264 high=0  state=ON
2026-10-06T09:07:32Z  OBSERVE  currencyservice  rejection=0.0000  low=335 high=0  state=ON
2026-10-06T09:07:32Z  OBSERVE  emailservice  rejection=0.0000  low=270 high=0  state=ON
2026-10-06T09:07:32Z  OBSERVE  paymentservice  rejection=0.0000  low=335 high=0  state=ON
2026-10-06T09:07:32Z  OBSERVE  productcatalogservice  rejection=0.0000  low=335 high=0  state=ON
2026-10-06T09:07:32Z  OBSERVE  recommendationservice  rejection=0.2306  low=0 high=1  state=ON
2026-10-06T09:07:32Z  OBSERVE  shippingservice  rejection=0.0000  low=335 high=0  state=ON
2026-10-06T09:07:33Z  OBSERVE  adservice  rejection=0.0000  low=336 high=0  state=ON
2026-10-06T09:07:33Z  OBSERVE  cartservice  rejection=0.0000  low=336 high=0  state=ON
2026-10-06T09:07:33Z  OBSERVE  checkoutservice  rejection=0.0000  low=265 high=0  state=ON
2026-10-06T09:07:33Z  OBSERVE  currencyservice  rejection=0.0000  low=336 high=0  state=ON
2026-10-06T09:07:33Z  OBSERVE  emailservice  rejection=0.0000  low=271 high=0  state=ON
2026-10-06T09:07:33Z  OBSERVE  paymentservice  rejection=0.0000  low=336 high=0  state=ON
2026-10-06T09:07:33Z  OBSERVE  productcatalogservice  rejection=0.0000  low=336 high=0  state=ON
2026-10-06T09:07:33Z  OBSERVE  recommendationservice  rejection=0.2588  low=0 high=2  state=ON
2026-10-06T09:07:33Z  OBSERVE  shippingservice  rejection=0.0000  low=336 high=0  state=ON
2026-10-06T09:07:34Z  OBSERVE  adservice  rejection=0.0000  low=337 high=0  state=ON
2026-10-06T09:07:34Z  OBSERVE  cartservice  rejection=0.0000  low=337 high=0  state=ON
2026-10-06T09:07:34Z  OBSERVE  checkoutservice  rejection=0.0000  low=266 high=0  state=ON
2026-10-06T09:07:34Z  OBSERVE  currencyservice  rejection=0.0000  low=337 high=0  state=ON
2026-10-06T09:07:34Z  OBSERVE  emailservice  rejection=0.0000  low=272 high=0  state=ON
2026-10-06T09:07:34Z  OBSERVE  paymentservice  rejection=0.0000  low=337 high=0  state=ON
2026-10-06T09:07:34Z  OBSERVE  productcatalogservice  rejection=0.0000  low=337 high=0  state=ON
2026-10-06T09:07:34Z  OBSERVE  recommendationservice  rejection=0.2164  low=0 high=3  state=ON
2026-10-06T09:07:34Z  OBSERVE  shippingservice  rejection=0.0000  low=337 high=0  state=ON
2026-10-06T09:07:35Z  OBSERVE  adservice  rejection=0.0000  low=338 high=0  state=ON
2026-10-06T09:07:35Z  OBSERVE  cartservice  rejection=0.0000  low=338 high=0  state=ON
2026-10-06T09:07:35Z  OBSERVE  checkoutservice  rejection=0.0000  low=267 high=0  state=ON
2026-10-06T09:07:35Z  OBSERVE  currencyservice  rejection=0.0000  low=338 high=0  state=ON
2026-10-06T09:07:35Z  OBSERVE  emailservice  rejection=0.0000  low=273 high=0  state=ON
2026-10-06T09:07:35Z  OBSERVE  paymentservice  rejection=0.0000  low=338 high=0  state=ON
2026-10-06T09:07:35Z  OBSERVE  productcatalogservice  rejection=0.0000  low=338 high=0  state=ON
2026-10-06T09:07:35Z  OBSERVE  recommendationservice  rejection=0.2170  low=0 high=4  state=ON
2026-10-06T09:07:35Z  OBSERVE  shippingservice  rejection=0.0000  low=338 high=0  state=ON
2026-10-06T09:07:36Z  OBSERVE  adservice  rejection=0.0000  low=339 high=0  state=ON
2026-10-06T09:07:36Z  OBSERVE  cartservice  rejection=0.0000  low=339 high=0  state=ON
2026-10-06T09:07:36Z  OBSERVE  checkoutservice  rejection=0.0000  low=268 high=0  state=ON
2026-10-06T09:07:36Z  OBSERVE  currencyservice  rejection=0.0000  low=339 high=0  state=ON
2026-10-06T09:07:36Z  OBSERVE  emailservice  rejection=0.0000  low=274 high=0  state=ON
2026-10-06T09:07:36Z  OBSERVE  paymentservice  rejection=0.0000  low=339 high=0  state=ON
2026-10-06T09:07:36Z  OBSERVE  productcatalogservice  rejection=0.0000  low=339 high=0  state=ON
2026-10-06T09:07:36Z  OBSERVE  recommendationservice  rejection=0.1829  low=1 high=0  state=ON
2026-10-06T09:07:36Z  OBSERVE  shippingservice  rejection=0.0000  low=339 high=0  state=ON
2026-10-06T09:07:37Z  OBSERVE  adservice  rejection=0.0000  low=340 high=0  state=ON
2026-10-06T09:07:37Z  OBSERVE  cartservice  rejection=0.0000  low=340 high=0  state=ON
2026-10-06T09:07:37Z  OBSERVE  checkoutservice  rejection=0.0000  low=269 high=0  state=ON
2026-10-06T09:07:37Z  OBSERVE  currencyservice  rejection=0.0000  low=340 high=0  state=ON
2026-10-06T09:07:37Z  OBSERVE  emailservice  rejection=0.0000  low=275 high=0  state=ON
2026-10-06T09:07:37Z  OBSERVE  paymentservice  rejection=0.0000  low=340 high=0  state=ON
2026-10-06T09:07:37Z  OBSERVE  productcatalogservice  rejection=0.0000  low=340 high=0  state=ON
2026-10-06T09:07:37Z  OBSERVE  recommendationservice  rejection=0.2121  low=0 high=1  state=ON
2026-10-06T09:07:37Z  OBSERVE  shippingservice  rejection=0.0000  low=340 high=0  state=ON
2026-10-06T09:07:38Z  OBSERVE  adservice  rejection=0.0000  low=341 high=0  state=ON
2026-10-06T09:07:38Z  OBSERVE  cartservice  rejection=0.0000  low=341 high=0  state=ON
2026-10-06T09:07:38Z  OBSERVE  checkoutservice  rejection=0.0000  low=270 high=0  state=ON
2026-10-06T09:07:38Z  OBSERVE  currencyservice  rejection=0.0000  low=341 high=0  state=ON
2026-10-06T09:07:38Z  OBSERVE  emailservice  rejection=0.0000  low=276 high=0  state=ON
2026-10-06T09:07:38Z  OBSERVE  paymentservice  rejection=0.0000  low=341 high=0  state=ON
2026-10-06T09:07:38Z  OBSERVE  productcatalogservice  rejection=0.0000  low=341 high=0  state=ON
2026-10-06T09:07:38Z  OBSERVE  recommendationservice  rejection=0.1933  low=1 high=0  state=ON
2026-10-06T09:07:38Z  OBSERVE  shippingservice  rejection=0.0000  low=341 high=0  state=ON
2026-10-06T09:07:39Z  OBSERVE  adservice  rejection=0.0000  low=342 high=0  state=ON
2026-10-06T09:07:39Z  OBSERVE  cartservice  rejection=0.0000  low=342 high=0  state=ON
2026-10-06T09:07:39Z  OBSERVE  checkoutservice  rejection=0.0000  low=271 high=0  state=ON
2026-10-06T09:07:39Z  OBSERVE  currencyservice  rejection=0.0000  low=342 high=0  state=ON
2026-10-06T09:07:39Z  OBSERVE  emailservice  rejection=0.0000  low=277 high=0  state=ON
2026-10-06T09:07:39Z  OBSERVE  paymentservice  rejection=0.0000  low=342 high=0  state=ON
2026-10-06T09:07:39Z  OBSERVE  productcatalogservice  rejection=0.0000  low=342 high=0  state=ON
2026-10-06T09:07:39Z  OBSERVE  recommendationservice  rejection=0.1833  low=2 high=0  state=ON
2026-10-06T09:07:39Z  OBSERVE  shippingservice  rejection=0.0000  low=342 high=0  state=ON
2026-10-06T09:07:40Z  OBSERVE  adservice  rejection=0.0000  low=343 high=0  state=ON
2026-10-06T09:07:40Z  OBSERVE  cartservice  rejection=0.0000  low=343 high=0  state=ON
2026-10-06T09:07:40Z  OBSERVE  checkoutservice  rejection=0.0000  low=272 high=0  state=ON
2026-10-06T09:07:40Z  OBSERVE  currencyservice  rejection=0.0000  low=343 high=0  state=ON
2026-10-06T09:07:40Z  OBSERVE  emailservice  rejection=0.0000  low=278 high=0  state=ON
2026-10-06T09:07:40Z  OBSERVE  paymentservice  rejection=0.0000  low=343 high=0  state=ON
2026-10-06T09:07:40Z  OBSERVE  productcatalogservice  rejection=0.0000  low=343 high=0  state=ON
2026-10-06T09:07:40Z  OBSERVE  recommendationservice  rejection=0.2244  low=0 high=1  state=ON
2026-10-06T09:07:40Z  OBSERVE  shippingservice  rejection=0.0000  low=343 high=0  state=ON
2026-10-06T09:07:41Z  OBSERVE  adservice  rejection=0.0000  low=344 high=0  state=ON
2026-10-06T09:07:41Z  OBSERVE  cartservice  rejection=0.0000  low=344 high=0  state=ON
2026-10-06T09:07:41Z  OBSERVE  checkoutservice  rejection=0.0000  low=273 high=0  state=ON
2026-10-06T09:07:41Z  OBSERVE  currencyservice  rejection=0.0000  low=344 high=0  state=ON
2026-10-06T09:07:41Z  OBSERVE  emailservice  rejection=0.0000  low=279 high=0  state=ON
2026-10-06T09:07:41Z  OBSERVE  paymentservice  rejection=0.0000  low=344 high=0  state=ON
2026-10-06T09:07:41Z  OBSERVE  productcatalogservice  rejection=0.0000  low=344 high=0  state=ON
2026-10-06T09:07:41Z  OBSERVE  recommendationservice  rejection=0.1692  low=1 high=0  state=ON
2026-10-06T09:07:41Z  OBSERVE  shippingservice  rejection=0.0000  low=344 high=0  state=ON
2026-10-06T09:07:42Z  OBSERVE  adservice  rejection=0.0000  low=345 high=0  state=ON
2026-10-06T09:07:42Z  OBSERVE  cartservice  rejection=0.0000  low=345 high=0  state=ON
2026-10-06T09:07:42Z  OBSERVE  checkoutservice  rejection=0.0000  low=274 high=0  state=ON
2026-10-06T09:07:42Z  OBSERVE  currencyservice  rejection=0.0000  low=345 high=0  state=ON
2026-10-06T09:07:42Z  OBSERVE  emailservice  rejection=0.0000  low=280 high=0  state=ON
2026-10-06T09:07:42Z  OBSERVE  paymentservice  rejection=0.0000  low=345 high=0  state=ON
2026-10-06T09:07:42Z  OBSERVE  productcatalogservice  rejection=0.0000  low=345 high=0  state=ON
2026-10-06T09:07:42Z  OBSERVE  recommendationservice  rejection=0.1986  low=2 high=0  state=ON
2026-10-06T09:07:42Z  OBSERVE  shippingservice  rejection=0.0000  low=345 high=0  state=ON
2026-10-06T09:07:43Z  OBSERVE  adservice  rejection=0.0000  low=346 high=0  state=ON
2026-10-06T09:07:43Z  OBSERVE  cartservice  rejection=0.0000  low=346 high=0  state=ON
2026-10-06T09:07:43Z  OBSERVE  checkoutservice  rejection=0.0000  low=275 high=0  state=ON
2026-10-06T09:07:43Z  OBSERVE  currencyservice  rejection=0.0000  low=346 high=0  state=ON
2026-10-06T09:07:43Z  OBSERVE  emailservice  rejection=0.0000  low=281 high=0  state=ON
2026-10-06T09:07:43Z  OBSERVE  paymentservice  rejection=0.0000  low=346 high=0  state=ON
2026-10-06T09:07:43Z  OBSERVE  productcatalogservice  rejection=0.0000  low=346 high=0  state=ON
2026-10-06T09:07:43Z  OBSERVE  recommendationservice  rejection=0.2497  low=0 high=1  state=ON
2026-10-06T09:07:43Z  OBSERVE  shippingservice  rejection=0.0000  low=346 high=0  state=ON
2026-10-06T09:07:44Z  OBSERVE  adservice  rejection=0.0000  low=347 high=0  state=ON
2026-10-06T09:07:44Z  OBSERVE  cartservice  rejection=0.0000  low=347 high=0  state=ON
2026-10-06T09:07:44Z  OBSERVE  checkoutservice  rejection=0.0000  low=276 high=0  state=ON
2026-10-06T09:07:44Z  OBSERVE  currencyservice  rejection=0.0000  low=347 high=0  state=ON
2026-10-06T09:07:44Z  OBSERVE  emailservice  rejection=0.0000  low=282 high=0  state=ON
2026-10-06T09:07:44Z  OBSERVE  paymentservice  rejection=0.0000  low=347 high=0  state=ON
2026-10-06T09:07:44Z  OBSERVE  productcatalogservice  rejection=0.0000  low=347 high=0  state=ON
2026-10-06T09:07:44Z  OBSERVE  recommendationservice  rejection=0.1974  low=1 high=0  state=ON
2026-10-06T09:07:44Z  OBSERVE  shippingservice  rejection=0.0000  low=347 high=0  state=ON
2026-10-06T09:07:45Z  OBSERVE  adservice  rejection=0.0000  low=348 high=0  state=ON
2026-10-06T09:07:45Z  OBSERVE  cartservice  rejection=0.0000  low=348 high=0  state=ON
2026-10-06T09:07:45Z  OBSERVE  checkoutservice  rejection=0.0000  low=277 high=0  state=ON
2026-10-06T09:07:45Z  OBSERVE  currencyservice  rejection=0.0000  low=348 high=0  state=ON
2026-10-06T09:07:45Z  OBSERVE  emailservice  rejection=0.0000  low=283 high=0  state=ON
2026-10-06T09:07:45Z  OBSERVE  paymentservice  rejection=0.0000  low=348 high=0  state=ON
2026-10-06T09:07:45Z  OBSERVE  productcatalogservice  rejection=0.0000  low=348 high=0  state=ON
2026-10-06T09:07:45Z  OBSERVE  recommendationservice  rejection=0.2206  low=0 high=1  state=ON
2026-10-06T09:07:45Z  OBSERVE  shippingservice  rejection=0.0000  low=348 high=0  state=ON
2026-10-06T09:07:46Z  OBSERVE  adservice  rejection=0.0000  low=349 high=0  state=ON
2026-10-06T09:07:46Z  OBSERVE  cartservice  rejection=0.0000  low=349 high=0  state=ON
2026-10-06T09:07:46Z  OBSERVE  checkoutservice  rejection=0.0000  low=278 high=0  state=ON
2026-10-06T09:07:46Z  OBSERVE  currencyservice  rejection=0.0000  low=349 high=0  state=ON
2026-10-06T09:07:46Z  OBSERVE  emailservice  rejection=0.0000  low=284 high=0  state=ON
2026-10-06T09:07:46Z  OBSERVE  paymentservice  rejection=0.0000  low=349 high=0  state=ON
2026-10-06T09:07:46Z  OBSERVE  productcatalogservice  rejection=0.0000  low=349 high=0  state=ON
2026-10-06T09:07:46Z  OBSERVE  recommendationservice  rejection=0.1980  low=1 high=0  state=ON
2026-10-06T09:07:46Z  OBSERVE  shippingservice  rejection=0.0000  low=349 high=0  state=ON
2026-10-06T09:07:47Z  OBSERVE  adservice  rejection=0.0000  low=350 high=0  state=ON
2026-10-06T09:07:47Z  OBSERVE  cartservice  rejection=0.0000  low=350 high=0  state=ON
2026-10-06T09:07:47Z  OBSERVE  checkoutservice  rejection=0.0000  low=279 high=0  state=ON
2026-10-06T09:07:47Z  OBSERVE  currencyservice  rejection=0.0000  low=350 high=0  state=ON
2026-10-06T09:07:47Z  OBSERVE  emailservice  rejection=0.0000  low=285 high=0  state=ON
2026-10-06T09:07:47Z  OBSERVE  paymentservice  rejection=0.0000  low=350 high=0  state=ON
2026-10-06T09:07:47Z  OBSERVE  productcatalogservice  rejection=0.0000  low=350 high=0  state=ON
2026-10-06T09:07:47Z  OBSERVE  recommendationservice  rejection=0.2108  low=0 high=1  state=ON
2026-10-06T09:07:47Z  OBSERVE  shippingservice  rejection=0.0000  low=350 high=0  state=ON
2026-10-06T09:07:48Z  OBSERVE  adservice  rejection=0.0000  low=351 high=0  state=ON
2026-10-06T09:07:48Z  OBSERVE  cartservice  rejection=0.0000  low=351 high=0  state=ON
2026-10-06T09:07:48Z  OBSERVE  checkoutservice  rejection=0.0000  low=280 high=0  state=ON
2026-10-06T09:07:48Z  OBSERVE  currencyservice  rejection=0.0000  low=351 high=0  state=ON
2026-10-06T09:07:48Z  OBSERVE  emailservice  rejection=0.0000  low=286 high=0  state=ON
2026-10-06T09:07:48Z  OBSERVE  paymentservice  rejection=0.0000  low=351 high=0  state=ON
2026-10-06T09:07:48Z  OBSERVE  productcatalogservice  rejection=0.0000  low=351 high=0  state=ON
2026-10-06T09:07:48Z  OBSERVE  recommendationservice  rejection=0.1707  low=1 high=0  state=ON
2026-10-06T09:07:48Z  OBSERVE  shippingservice  rejection=0.0000  low=351 high=0  state=ON
2026-10-06T09:07:49Z  OBSERVE  adservice  rejection=0.0000  low=352 high=0  state=ON
2026-10-06T09:07:49Z  OBSERVE  cartservice  rejection=0.0000  low=352 high=0  state=ON
2026-10-06T09:07:49Z  OBSERVE  checkoutservice  rejection=0.0000  low=281 high=0  state=ON
2026-10-06T09:07:49Z  OBSERVE  currencyservice  rejection=0.0000  low=352 high=0  state=ON
2026-10-06T09:07:49Z  OBSERVE  emailservice  rejection=0.0000  low=287 high=0  state=ON
2026-10-06T09:07:49Z  OBSERVE  paymentservice  rejection=0.0000  low=352 high=0  state=ON
2026-10-06T09:07:49Z  OBSERVE  productcatalogservice  rejection=0.0000  low=352 high=0  state=ON
2026-10-06T09:07:49Z  OBSERVE  recommendationservice  rejection=0.2028  low=0 high=1  state=ON
2026-10-06T09:07:49Z  OBSERVE  shippingservice  rejection=0.0000  low=352 high=0  state=ON
2026-10-06T09:07:50Z  OBSERVE  adservice  rejection=0.0000  low=353 high=0  state=ON
2026-10-06T09:07:50Z  OBSERVE  cartservice  rejection=0.0000  low=353 high=0  state=ON
2026-10-06T09:07:50Z  OBSERVE  checkoutservice  rejection=0.0000  low=282 high=0  state=ON
2026-10-06T09:07:50Z  OBSERVE  currencyservice  rejection=0.0000  low=353 high=0  state=ON
2026-10-06T09:07:50Z  OBSERVE  emailservice  rejection=0.0000  low=288 high=0  state=ON
2026-10-06T09:07:50Z  OBSERVE  paymentservice  rejection=0.0000  low=353 high=0  state=ON
2026-10-06T09:07:50Z  OBSERVE  productcatalogservice  rejection=0.0000  low=353 high=0  state=ON
2026-10-06T09:07:50Z  OBSERVE  recommendationservice  rejection=0.1822  low=1 high=0  state=ON
2026-10-06T09:07:50Z  OBSERVE  shippingservice  rejection=0.0000  low=353 high=0  state=ON
2026-10-06T09:07:51Z  OBSERVE  adservice  rejection=0.0000  low=354 high=0  state=ON
2026-10-06T09:07:51Z  OBSERVE  cartservice  rejection=0.0000  low=354 high=0  state=ON
2026-10-06T09:07:51Z  OBSERVE  checkoutservice  rejection=0.0000  low=283 high=0  state=ON
2026-10-06T09:07:51Z  OBSERVE  currencyservice  rejection=0.0000  low=354 high=0  state=ON
2026-10-06T09:07:51Z  OBSERVE  emailservice  rejection=0.0000  low=289 high=0  state=ON
2026-10-06T09:07:51Z  OBSERVE  paymentservice  rejection=0.0000  low=354 high=0  state=ON
2026-10-06T09:07:51Z  OBSERVE  productcatalogservice  rejection=0.0000  low=354 high=0  state=ON
2026-10-06T09:07:51Z  OBSERVE  recommendationservice  rejection=0.2076  low=0 high=1  state=ON
2026-10-06T09:07:51Z  OBSERVE  shippingservice  rejection=0.0000  low=354 high=0  state=ON
2026-10-06T09:07:52Z  OBSERVE  adservice  rejection=0.0000  low=355 high=0  state=ON
2026-10-06T09:07:52Z  OBSERVE  cartservice  rejection=0.0000  low=355 high=0  state=ON
2026-10-06T09:07:52Z  OBSERVE  checkoutservice  rejection=0.0000  low=284 high=0  state=ON
2026-10-06T09:07:52Z  OBSERVE  currencyservice  rejection=0.0000  low=355 high=0  state=ON
2026-10-06T09:07:52Z  OBSERVE  emailservice  rejection=0.0000  low=290 high=0  state=ON
2026-10-06T09:07:52Z  OBSERVE  paymentservice  rejection=0.0000  low=355 high=0  state=ON
2026-10-06T09:07:52Z  OBSERVE  productcatalogservice  rejection=0.0000  low=355 high=0  state=ON
2026-10-06T09:07:52Z  OBSERVE  recommendationservice  rejection=0.1328  low=1 high=0  state=ON
2026-10-06T09:07:52Z  OBSERVE  shippingservice  rejection=0.0000  low=355 high=0  state=ON
2026-10-06T09:07:53Z  OBSERVE  adservice  rejection=0.0000  low=356 high=0  state=ON
2026-10-06T09:07:53Z  OBSERVE  cartservice  rejection=0.0000  low=356 high=0  state=ON
2026-10-06T09:07:53Z  OBSERVE  checkoutservice  rejection=0.0000  low=285 high=0  state=ON
2026-10-06T09:07:53Z  OBSERVE  currencyservice  rejection=0.0000  low=356 high=0  state=ON
2026-10-06T09:07:53Z  OBSERVE  emailservice  rejection=0.0000  low=291 high=0  state=ON
2026-10-06T09:07:53Z  OBSERVE  paymentservice  rejection=0.0000  low=356 high=0  state=ON
2026-10-06T09:07:53Z  OBSERVE  productcatalogservice  rejection=0.0000  low=356 high=0  state=ON
2026-10-06T09:07:53Z  OBSERVE  recommendationservice  rejection=0.2377  low=0 high=1  state=ON
2026-10-06T09:07:53Z  OBSERVE  shippingservice  rejection=0.0000  low=356 high=0  state=ON
2026-10-06T09:07:54Z  OBSERVE  adservice  rejection=0.0000  low=357 high=0  state=ON
2026-10-06T09:07:54Z  OBSERVE  cartservice  rejection=0.0000  low=357 high=0  state=ON
2026-10-06T09:07:54Z  OBSERVE  checkoutservice  rejection=0.0000  low=286 high=0  state=ON
2026-10-06T09:07:54Z  OBSERVE  currencyservice  rejection=0.0000  low=357 high=0  state=ON
2026-10-06T09:07:54Z  OBSERVE  emailservice  rejection=0.0000  low=292 high=0  state=ON
2026-10-06T09:07:54Z  OBSERVE  paymentservice  rejection=0.0000  low=357 high=0  state=ON
2026-10-06T09:07:54Z  OBSERVE  productcatalogservice  rejection=0.0000  low=357 high=0  state=ON
2026-10-06T09:07:54Z  OBSERVE  recommendationservice  rejection=0.2013  low=0 high=2  state=ON
2026-10-06T09:07:54Z  OBSERVE  shippingservice  rejection=0.0000  low=357 high=0  state=ON
2026-10-06T09:07:55Z  OBSERVE  adservice  rejection=0.0000  low=358 high=0  state=ON
2026-10-06T09:07:55Z  OBSERVE  cartservice  rejection=0.0000  low=358 high=0  state=ON
2026-10-06T09:07:55Z  OBSERVE  checkoutservice  rejection=0.0000  low=287 high=0  state=ON
2026-10-06T09:07:55Z  OBSERVE  currencyservice  rejection=0.0000  low=358 high=0  state=ON
2026-10-06T09:07:55Z  OBSERVE  emailservice  rejection=0.0000  low=293 high=0  state=ON
2026-10-06T09:07:55Z  OBSERVE  paymentservice  rejection=0.0000  low=358 high=0  state=ON
2026-10-06T09:07:55Z  OBSERVE  productcatalogservice  rejection=0.0000  low=358 high=0  state=ON
2026-10-06T09:07:55Z  OBSERVE  recommendationservice  rejection=0.2173  low=0 high=3  state=ON
2026-10-06T09:07:55Z  OBSERVE  shippingservice  rejection=0.0000  low=358 high=0  state=ON
2026-10-06T09:07:56Z  OBSERVE  adservice  rejection=0.0000  low=359 high=0  state=ON
2026-10-06T09:07:56Z  OBSERVE  cartservice  rejection=0.0000  low=359 high=0  state=ON
2026-10-06T09:07:56Z  OBSERVE  checkoutservice  rejection=0.0784  low=288 high=0  state=ON
2026-10-06T09:07:56Z  OBSERVE  currencyservice  rejection=0.0000  low=359 high=0  state=ON
2026-10-06T09:07:56Z  OBSERVE  emailservice  rejection=0.1154  low=294 high=0  state=ON
2026-10-06T09:07:56Z  OBSERVE  paymentservice  rejection=0.0000  low=359 high=0  state=ON
2026-10-06T09:07:56Z  OBSERVE  productcatalogservice  rejection=0.0000  low=359 high=0  state=ON
2026-10-06T09:07:56Z  OBSERVE  recommendationservice  rejection=0.2408  low=0 high=4  state=ON
2026-10-06T09:07:56Z  OBSERVE  shippingservice  rejection=0.0000  low=359 high=0  state=ON
2026-10-06T09:07:57Z  OBSERVE  adservice  rejection=0.0000  low=360 high=0  state=ON
2026-10-06T09:07:57Z  OBSERVE  cartservice  rejection=0.0000  low=360 high=0  state=ON
2026-10-06T09:07:57Z  OBSERVE  checkoutservice  rejection=0.0000  low=289 high=0  state=ON
2026-10-06T09:07:57Z  OBSERVE  currencyservice  rejection=0.0000  low=360 high=0  state=ON
2026-10-06T09:07:57Z  OBSERVE  emailservice  rejection=0.0000  low=295 high=0  state=ON
2026-10-06T09:07:57Z  OBSERVE  paymentservice  rejection=0.0000  low=360 high=0  state=ON
2026-10-06T09:07:57Z  OBSERVE  productcatalogservice  rejection=0.0000  low=360 high=0  state=ON
2026-10-06T09:07:57Z  OBSERVE  recommendationservice  rejection=0.2179  low=0 high=5  state=ON
2026-10-06T09:07:57Z  OBSERVE  shippingservice  rejection=0.0000  low=360 high=0  state=ON
2026-10-06T09:07:58Z  OBSERVE  adservice  rejection=0.0000  low=361 high=0  state=ON
2026-10-06T09:07:58Z  OBSERVE  cartservice  rejection=0.0000  low=361 high=0  state=ON
2026-10-06T09:07:58Z  OBSERVE  checkoutservice  rejection=0.0000  low=290 high=0  state=ON
2026-10-06T09:07:58Z  OBSERVE  currencyservice  rejection=0.0000  low=361 high=0  state=ON
2026-10-06T09:07:58Z  OBSERVE  emailservice  rejection=0.0000  low=296 high=0  state=ON
2026-10-06T09:07:58Z  OBSERVE  paymentservice  rejection=0.0000  low=361 high=0  state=ON
2026-10-06T09:07:58Z  OBSERVE  productcatalogservice  rejection=0.0000  low=361 high=0  state=ON
2026-10-06T09:07:58Z  OBSERVE  recommendationservice  rejection=0.2269  low=0 high=6  state=ON
2026-10-06T09:07:58Z  OBSERVE  shippingservice  rejection=0.0000  low=361 high=0  state=ON
2026-10-06T09:07:59Z  OBSERVE  adservice  rejection=0.0000  low=362 high=0  state=ON
2026-10-06T09:07:59Z  OBSERVE  cartservice  rejection=0.0000  low=362 high=0  state=ON
2026-10-06T09:07:59Z  OBSERVE  checkoutservice  rejection=0.0000  low=291 high=0  state=ON
2026-10-06T09:07:59Z  OBSERVE  currencyservice  rejection=0.0000  low=362 high=0  state=ON
2026-10-06T09:07:59Z  OBSERVE  emailservice  rejection=0.0000  low=297 high=0  state=ON
2026-10-06T09:07:59Z  OBSERVE  paymentservice  rejection=0.0000  low=362 high=0  state=ON
2026-10-06T09:07:59Z  OBSERVE  productcatalogservice  rejection=0.0000  low=362 high=0  state=ON
2026-10-06T09:07:59Z  OBSERVE  recommendationservice  rejection=0.2031  low=0 high=7  state=ON
2026-10-06T09:07:59Z  OBSERVE  shippingservice  rejection=0.0000  low=362 high=0  state=ON
2026-10-06T09:08:00Z  OBSERVE  adservice  rejection=0.0000  low=363 high=0  state=ON
2026-10-06T09:08:00Z  OBSERVE  cartservice  rejection=0.0000  low=363 high=0  state=ON
2026-10-06T09:08:00Z  OBSERVE  checkoutservice  rejection=0.0000  low=292 high=0  state=ON
2026-10-06T09:08:00Z  OBSERVE  currencyservice  rejection=0.0000  low=363 high=0  state=ON
2026-10-06T09:08:00Z  OBSERVE  emailservice  rejection=0.0000  low=298 high=0  state=ON
2026-10-06T09:08:00Z  OBSERVE  paymentservice  rejection=0.0000  low=363 high=0  state=ON
2026-10-06T09:08:00Z  OBSERVE  productcatalogservice  rejection=0.0000  low=363 high=0  state=ON
2026-10-06T09:08:00Z  OBSERVE  recommendationservice  rejection=0.2727  low=0 high=8  state=ON
2026-10-06T09:08:00Z  OBSERVE  shippingservice  rejection=0.0000  low=363 high=0  state=ON
2026-10-06T09:08:01Z  OBSERVE  adservice  rejection=0.0000  low=364 high=0  state=ON
2026-10-06T09:08:01Z  OBSERVE  cartservice  rejection=0.0000  low=364 high=0  state=ON
2026-10-06T09:08:01Z  OBSERVE  checkoutservice  rejection=0.0000  low=293 high=0  state=ON
2026-10-06T09:08:01Z  OBSERVE  currencyservice  rejection=0.0000  low=364 high=0  state=ON
2026-10-06T09:08:01Z  OBSERVE  emailservice  rejection=0.0000  low=299 high=0  state=ON
2026-10-06T09:08:01Z  OBSERVE  paymentservice  rejection=0.0000  low=364 high=0  state=ON
2026-10-06T09:08:01Z  OBSERVE  productcatalogservice  rejection=0.0000  low=364 high=0  state=ON
2026-10-06T09:08:01Z  OBSERVE  recommendationservice  rejection=0.2451  low=0 high=9  state=ON
2026-10-06T09:08:01Z  OBSERVE  shippingservice  rejection=0.0000  low=364 high=0  state=ON
2026-10-06T09:08:02Z  OBSERVE  adservice  rejection=0.0000  low=365 high=0  state=ON
2026-10-06T09:08:02Z  OBSERVE  cartservice  rejection=0.0000  low=365 high=0  state=ON
2026-10-06T09:08:02Z  OBSERVE  checkoutservice  rejection=0.0000  low=294 high=0  state=ON
2026-10-06T09:08:02Z  OBSERVE  currencyservice  rejection=0.0000  low=365 high=0  state=ON
2026-10-06T09:08:02Z  OBSERVE  emailservice  rejection=0.0000  low=300 high=0  state=ON
2026-10-06T09:08:02Z  OBSERVE  paymentservice  rejection=0.0000  low=365 high=0  state=ON
2026-10-06T09:08:02Z  OBSERVE  productcatalogservice  rejection=0.0000  low=365 high=0  state=ON
2026-10-06T09:08:02Z  OBSERVE  recommendationservice  rejection=0.1733  low=1 high=0  state=ON
2026-10-06T09:08:02Z  OBSERVE  shippingservice  rejection=0.0000  low=365 high=0  state=ON
2026-10-06T09:08:03Z  OBSERVE  adservice  rejection=0.0000  low=366 high=0  state=ON
2026-10-06T09:08:03Z  OBSERVE  cartservice  rejection=0.0000  low=366 high=0  state=ON
2026-10-06T09:08:03Z  OBSERVE  checkoutservice  rejection=0.0000  low=295 high=0  state=ON
2026-10-06T09:08:03Z  OBSERVE  currencyservice  rejection=0.0000  low=366 high=0  state=ON
2026-10-06T09:08:03Z  OBSERVE  emailservice  rejection=0.0000  low=301 high=0  state=ON
2026-10-06T09:08:03Z  OBSERVE  paymentservice  rejection=0.0000  low=366 high=0  state=ON
2026-10-06T09:08:03Z  OBSERVE  productcatalogservice  rejection=0.0000  low=366 high=0  state=ON
2026-10-06T09:08:03Z  OBSERVE  recommendationservice  rejection=0.2291  low=0 high=1  state=ON
2026-10-06T09:08:03Z  OBSERVE  shippingservice  rejection=0.0000  low=366 high=0  state=ON
2026-10-06T09:08:04Z  OBSERVE  adservice  rejection=0.0000  low=367 high=0  state=ON
2026-10-06T09:08:04Z  OBSERVE  cartservice  rejection=0.0000  low=367 high=0  state=ON
2026-10-06T09:08:04Z  OBSERVE  checkoutservice  rejection=0.0000  low=296 high=0  state=ON
2026-10-06T09:08:04Z  OBSERVE  currencyservice  rejection=0.0000  low=367 high=0  state=ON
2026-10-06T09:08:04Z  OBSERVE  emailservice  rejection=0.0000  low=302 high=0  state=ON
2026-10-06T09:08:04Z  OBSERVE  paymentservice  rejection=0.0000  low=367 high=0  state=ON
2026-10-06T09:08:04Z  OBSERVE  productcatalogservice  rejection=0.0000  low=367 high=0  state=ON
2026-10-06T09:08:04Z  OBSERVE  recommendationservice  rejection=0.2183  low=0 high=2  state=ON
2026-10-06T09:08:04Z  OBSERVE  shippingservice  rejection=0.0000  low=367 high=0  state=ON
2026-10-06T09:08:05Z  OBSERVE  adservice  rejection=0.0000  low=368 high=0  state=ON
2026-10-06T09:08:05Z  OBSERVE  cartservice  rejection=0.0000  low=368 high=0  state=ON
2026-10-06T09:08:05Z  OBSERVE  checkoutservice  rejection=0.0000  low=297 high=0  state=ON
2026-10-06T09:08:05Z  OBSERVE  currencyservice  rejection=0.0000  low=368 high=0  state=ON
2026-10-06T09:08:05Z  OBSERVE  emailservice  rejection=0.0000  low=303 high=0  state=ON
2026-10-06T09:08:05Z  OBSERVE  paymentservice  rejection=0.0000  low=368 high=0  state=ON
2026-10-06T09:08:05Z  OBSERVE  productcatalogservice  rejection=0.0000  low=368 high=0  state=ON
2026-10-06T09:08:05Z  OBSERVE  recommendationservice  rejection=0.2155  low=0 high=3  state=ON
2026-10-06T09:08:05Z  OBSERVE  shippingservice  rejection=0.0000  low=368 high=0  state=ON
2026-10-06T09:08:06Z  OBSERVE  adservice  rejection=0.0000  low=369 high=0  state=ON
2026-10-06T09:08:06Z  OBSERVE  cartservice  rejection=0.0000  low=369 high=0  state=ON
2026-10-06T09:08:06Z  OBSERVE  checkoutservice  rejection=0.0000  low=298 high=0  state=ON
2026-10-06T09:08:06Z  OBSERVE  currencyservice  rejection=0.0000  low=369 high=0  state=ON
2026-10-06T09:08:06Z  OBSERVE  emailservice  rejection=0.0000  low=304 high=0  state=ON
2026-10-06T09:08:06Z  OBSERVE  paymentservice  rejection=0.0000  low=369 high=0  state=ON
2026-10-06T09:08:06Z  OBSERVE  productcatalogservice  rejection=0.0000  low=369 high=0  state=ON
2026-10-06T09:08:06Z  OBSERVE  recommendationservice  rejection=0.2388  low=0 high=4  state=ON
2026-10-06T09:08:06Z  OBSERVE  shippingservice  rejection=0.0000  low=369 high=0  state=ON
2026-10-06T09:08:07Z  OBSERVE  adservice  rejection=0.0000  low=370 high=0  state=ON
2026-10-06T09:08:07Z  OBSERVE  cartservice  rejection=0.0000  low=370 high=0  state=ON
2026-10-06T09:08:07Z  OBSERVE  checkoutservice  rejection=0.0000  low=299 high=0  state=ON
2026-10-06T09:08:07Z  OBSERVE  currencyservice  rejection=0.0000  low=370 high=0  state=ON
2026-10-06T09:08:07Z  OBSERVE  emailservice  rejection=0.0000  low=305 high=0  state=ON
2026-10-06T09:08:07Z  OBSERVE  paymentservice  rejection=0.0000  low=370 high=0  state=ON
2026-10-06T09:08:07Z  OBSERVE  productcatalogservice  rejection=0.0000  low=370 high=0  state=ON
2026-10-06T09:08:07Z  OBSERVE  recommendationservice  rejection=0.1415  low=1 high=0  state=ON
2026-10-06T09:08:07Z  OBSERVE  shippingservice  rejection=0.0000  low=370 high=0  state=ON
2026-10-06T09:08:08Z  OBSERVE  adservice  rejection=0.0000  low=371 high=0  state=ON
2026-10-06T09:08:08Z  OBSERVE  cartservice  rejection=0.0000  low=371 high=0  state=ON
2026-10-06T09:08:08Z  OBSERVE  checkoutservice  rejection=0.0000  low=300 high=0  state=ON
2026-10-06T09:08:08Z  OBSERVE  currencyservice  rejection=0.0000  low=371 high=0  state=ON
2026-10-06T09:08:08Z  OBSERVE  emailservice  rejection=0.0000  low=306 high=0  state=ON
2026-10-06T09:08:08Z  OBSERVE  paymentservice  rejection=0.0000  low=371 high=0  state=ON
2026-10-06T09:08:08Z  OBSERVE  productcatalogservice  rejection=0.0000  low=371 high=0  state=ON
2026-10-06T09:08:08Z  OBSERVE  recommendationservice  rejection=0.1993  low=2 high=0  state=ON
2026-10-06T09:08:08Z  OBSERVE  shippingservice  rejection=0.0000  low=371 high=0  state=ON
2026-10-06T09:08:09Z  OBSERVE  adservice  rejection=0.0000  low=372 high=0  state=ON
2026-10-06T09:08:09Z  OBSERVE  cartservice  rejection=0.0000  low=372 high=0  state=ON
2026-10-06T09:08:09Z  OBSERVE  checkoutservice  rejection=0.0000  low=301 high=0  state=ON
2026-10-06T09:08:09Z  OBSERVE  currencyservice  rejection=0.0000  low=372 high=0  state=ON
2026-10-06T09:08:09Z  OBSERVE  emailservice  rejection=0.0000  low=307 high=0  state=ON
2026-10-06T09:08:09Z  OBSERVE  paymentservice  rejection=0.0000  low=372 high=0  state=ON
2026-10-06T09:08:09Z  OBSERVE  productcatalogservice  rejection=0.0000  low=372 high=0  state=ON
2026-10-06T09:08:09Z  OBSERVE  recommendationservice  rejection=0.1993  low=3 high=0  state=ON
2026-10-06T09:08:09Z  OBSERVE  shippingservice  rejection=0.0000  low=372 high=0  state=ON
2026-10-06T09:08:10Z  OBSERVE  adservice  rejection=0.0000  low=373 high=0  state=ON
2026-10-06T09:08:10Z  OBSERVE  cartservice  rejection=0.0000  low=373 high=0  state=ON
2026-10-06T09:08:10Z  OBSERVE  checkoutservice  rejection=0.0000  low=302 high=0  state=ON
2026-10-06T09:08:10Z  OBSERVE  currencyservice  rejection=0.0000  low=373 high=0  state=ON
2026-10-06T09:08:10Z  OBSERVE  emailservice  rejection=0.0000  low=308 high=0  state=ON
2026-10-06T09:08:10Z  OBSERVE  paymentservice  rejection=0.0000  low=373 high=0  state=ON
2026-10-06T09:08:10Z  OBSERVE  productcatalogservice  rejection=0.0000  low=373 high=0  state=ON
2026-10-06T09:08:10Z  OBSERVE  recommendationservice  rejection=0.1592  low=4 high=0  state=ON
2026-10-06T09:08:10Z  OBSERVE  shippingservice  rejection=0.0000  low=373 high=0  state=ON
2026-10-06T09:08:11Z  OBSERVE  adservice  rejection=0.0000  low=374 high=0  state=ON
2026-10-06T09:08:11Z  OBSERVE  cartservice  rejection=0.0000  low=374 high=0  state=ON
2026-10-06T09:08:11Z  OBSERVE  checkoutservice  rejection=0.0000  low=303 high=0  state=ON
2026-10-06T09:08:11Z  OBSERVE  currencyservice  rejection=0.0000  low=374 high=0  state=ON
2026-10-06T09:08:11Z  OBSERVE  emailservice  rejection=0.0000  low=309 high=0  state=ON
2026-10-06T09:08:11Z  OBSERVE  paymentservice  rejection=0.0000  low=374 high=0  state=ON
2026-10-06T09:08:11Z  OBSERVE  productcatalogservice  rejection=0.0000  low=374 high=0  state=ON
2026-10-06T09:08:11Z  OBSERVE  recommendationservice  rejection=0.1415  low=5 high=0  state=ON
2026-10-06T09:08:11Z  OBSERVE  shippingservice  rejection=0.0000  low=374 high=0  state=ON
2026-10-06T09:08:12Z  OBSERVE  adservice  rejection=0.0000  low=375 high=0  state=ON
2026-10-06T09:08:12Z  OBSERVE  cartservice  rejection=0.0000  low=375 high=0  state=ON
2026-10-06T09:08:12Z  OBSERVE  checkoutservice  rejection=0.0000  low=304 high=0  state=ON
2026-10-06T09:08:12Z  OBSERVE  currencyservice  rejection=0.0000  low=375 high=0  state=ON
2026-10-06T09:08:12Z  OBSERVE  emailservice  rejection=0.0000  low=310 high=0  state=ON
2026-10-06T09:08:12Z  OBSERVE  paymentservice  rejection=0.0000  low=375 high=0  state=ON
2026-10-06T09:08:12Z  OBSERVE  productcatalogservice  rejection=0.0000  low=375 high=0  state=ON
2026-10-06T09:08:12Z  OBSERVE  recommendationservice  rejection=0.2265  low=0 high=1  state=ON
2026-10-06T09:08:12Z  OBSERVE  shippingservice  rejection=0.0000  low=375 high=0  state=ON
2026-10-06T09:08:13Z  OBSERVE  adservice  rejection=0.0000  low=376 high=0  state=ON
2026-10-06T09:08:13Z  OBSERVE  cartservice  rejection=0.0000  low=376 high=0  state=ON
2026-10-06T09:08:13Z  OBSERVE  checkoutservice  rejection=0.0000  low=305 high=0  state=ON
2026-10-06T09:08:13Z  OBSERVE  currencyservice  rejection=0.0000  low=376 high=0  state=ON
2026-10-06T09:08:13Z  OBSERVE  emailservice  rejection=0.0000  low=311 high=0  state=ON
2026-10-06T09:08:13Z  OBSERVE  paymentservice  rejection=0.0000  low=376 high=0  state=ON
2026-10-06T09:08:13Z  OBSERVE  productcatalogservice  rejection=0.0000  low=376 high=0  state=ON
2026-10-06T09:08:13Z  OBSERVE  recommendationservice  rejection=0.2267  low=0 high=2  state=ON
2026-10-06T09:08:13Z  OBSERVE  shippingservice  rejection=0.0000  low=376 high=0  state=ON
2026-10-06T09:08:14Z  OBSERVE  adservice  rejection=0.0000  low=377 high=0  state=ON
2026-10-06T09:08:14Z  OBSERVE  cartservice  rejection=0.0000  low=377 high=0  state=ON
2026-10-06T09:08:14Z  OBSERVE  checkoutservice  rejection=0.0000  low=306 high=0  state=ON
2026-10-06T09:08:14Z  OBSERVE  currencyservice  rejection=0.0000  low=377 high=0  state=ON
2026-10-06T09:08:14Z  OBSERVE  emailservice  rejection=0.0000  low=312 high=0  state=ON
2026-10-06T09:08:14Z  OBSERVE  paymentservice  rejection=0.0000  low=377 high=0  state=ON
2026-10-06T09:08:14Z  OBSERVE  productcatalogservice  rejection=0.0000  low=377 high=0  state=ON
2026-10-06T09:08:14Z  OBSERVE  recommendationservice  rejection=0.2100  low=0 high=3  state=ON
2026-10-06T09:08:14Z  OBSERVE  shippingservice  rejection=0.0000  low=377 high=0  state=ON
2026-10-06T09:08:15Z  OBSERVE  adservice  rejection=0.0000  low=378 high=0  state=ON
2026-10-06T09:08:15Z  OBSERVE  cartservice  rejection=0.0000  low=378 high=0  state=ON
2026-10-06T09:08:15Z  OBSERVE  checkoutservice  rejection=0.0000  low=307 high=0  state=ON
2026-10-06T09:08:15Z  OBSERVE  currencyservice  rejection=0.0000  low=378 high=0  state=ON
2026-10-06T09:08:15Z  OBSERVE  emailservice  rejection=0.0161  low=313 high=0  state=ON
2026-10-06T09:08:15Z  OBSERVE  paymentservice  rejection=0.0000  low=378 high=0  state=ON
2026-10-06T09:08:15Z  OBSERVE  productcatalogservice  rejection=0.0000  low=378 high=0  state=ON
2026-10-06T09:08:15Z  OBSERVE  recommendationservice  rejection=0.1886  low=1 high=0  state=ON
2026-10-06T09:08:15Z  OBSERVE  shippingservice  rejection=0.0000  low=378 high=0  state=ON
2026-10-06T09:08:16Z  OBSERVE  adservice  rejection=0.0000  low=379 high=0  state=ON
2026-10-06T09:08:16Z  OBSERVE  cartservice  rejection=0.0000  low=379 high=0  state=ON
2026-10-06T09:08:16Z  OBSERVE  checkoutservice  rejection=0.0833  low=308 high=0  state=ON
2026-10-06T09:08:16Z  OBSERVE  currencyservice  rejection=0.0000  low=379 high=0  state=ON
2026-10-06T09:08:16Z  OBSERVE  emailservice  rejection=0.0893  low=314 high=0  state=ON
2026-10-06T09:08:16Z  OBSERVE  paymentservice  rejection=0.0000  low=379 high=0  state=ON
2026-10-06T09:08:16Z  OBSERVE  productcatalogservice  rejection=0.0000  low=379 high=0  state=ON
2026-10-06T09:08:16Z  OBSERVE  recommendationservice  rejection=0.2426  low=0 high=1  state=ON
2026-10-06T09:08:16Z  OBSERVE  shippingservice  rejection=0.0000  low=379 high=0  state=ON
2026-10-06T09:08:17Z  OBSERVE  adservice  rejection=0.0000  low=380 high=0  state=ON
2026-10-06T09:08:17Z  OBSERVE  cartservice  rejection=0.0000  low=380 high=0  state=ON
2026-10-06T09:08:17Z  OBSERVE  checkoutservice  rejection=0.0000  low=309 high=0  state=ON
2026-10-06T09:08:17Z  OBSERVE  currencyservice  rejection=0.0000  low=380 high=0  state=ON
2026-10-06T09:08:17Z  OBSERVE  emailservice  rejection=0.0000  low=315 high=0  state=ON
2026-10-06T09:08:17Z  OBSERVE  paymentservice  rejection=0.0000  low=380 high=0  state=ON
2026-10-06T09:08:17Z  OBSERVE  productcatalogservice  rejection=0.0000  low=380 high=0  state=ON
2026-10-06T09:08:17Z  OBSERVE  recommendationservice  rejection=0.2127  low=0 high=2  state=ON
2026-10-06T09:08:17Z  OBSERVE  shippingservice  rejection=0.0000  low=380 high=0  state=ON
2026-10-06T09:08:18Z  OBSERVE  adservice  rejection=0.0000  low=381 high=0  state=ON
2026-10-06T09:08:18Z  OBSERVE  cartservice  rejection=0.0000  low=381 high=0  state=ON
2026-10-06T09:08:18Z  OBSERVE  checkoutservice  rejection=0.0000  low=310 high=0  state=ON
2026-10-06T09:08:18Z  OBSERVE  currencyservice  rejection=0.0000  low=381 high=0  state=ON
2026-10-06T09:08:18Z  OBSERVE  emailservice  rejection=0.0000  low=316 high=0  state=ON
2026-10-06T09:08:18Z  OBSERVE  paymentservice  rejection=0.0000  low=381 high=0  state=ON
2026-10-06T09:08:18Z  OBSERVE  productcatalogservice  rejection=0.0000  low=381 high=0  state=ON
2026-10-06T09:08:18Z  OBSERVE  recommendationservice  rejection=0.1619  low=1 high=0  state=ON
2026-10-06T09:08:18Z  OBSERVE  shippingservice  rejection=0.0000  low=381 high=0  state=ON
2026-10-06T09:08:19Z  OBSERVE  adservice  rejection=0.0000  low=382 high=0  state=ON
2026-10-06T09:08:19Z  OBSERVE  cartservice  rejection=0.0000  low=382 high=0  state=ON
2026-10-06T09:08:19Z  OBSERVE  checkoutservice  rejection=0.0000  low=311 high=0  state=ON
2026-10-06T09:08:19Z  OBSERVE  currencyservice  rejection=0.0000  low=382 high=0  state=ON
2026-10-06T09:08:19Z  OBSERVE  emailservice  rejection=0.0000  low=317 high=0  state=ON
2026-10-06T09:08:19Z  OBSERVE  paymentservice  rejection=0.0000  low=382 high=0  state=ON
2026-10-06T09:08:19Z  OBSERVE  productcatalogservice  rejection=0.0000  low=382 high=0  state=ON
2026-10-06T09:08:19Z  OBSERVE  recommendationservice  rejection=0.2190  low=0 high=1  state=ON
2026-10-06T09:08:19Z  OBSERVE  shippingservice  rejection=0.0000  low=382 high=0  state=ON
2026-10-06T09:08:20Z  OBSERVE  adservice  rejection=0.0000  low=383 high=0  state=ON
2026-10-06T09:08:20Z  OBSERVE  cartservice  rejection=0.0000  low=383 high=0  state=ON
2026-10-06T09:08:20Z  OBSERVE  checkoutservice  rejection=0.0000  low=312 high=0  state=ON
2026-10-06T09:08:20Z  OBSERVE  currencyservice  rejection=0.0000  low=383 high=0  state=ON
2026-10-06T09:08:20Z  OBSERVE  emailservice  rejection=0.0000  low=318 high=0  state=ON
2026-10-06T09:08:20Z  OBSERVE  paymentservice  rejection=0.0000  low=383 high=0  state=ON
2026-10-06T09:08:20Z  OBSERVE  productcatalogservice  rejection=0.0000  low=383 high=0  state=ON
2026-10-06T09:08:20Z  OBSERVE  recommendationservice  rejection=0.2047  low=0 high=2  state=ON
2026-10-06T09:08:20Z  OBSERVE  shippingservice  rejection=0.0000  low=383 high=0  state=ON
2026-10-06T09:08:21Z  OBSERVE  adservice  rejection=0.0000  low=384 high=0  state=ON
2026-10-06T09:08:21Z  OBSERVE  cartservice  rejection=0.0000  low=384 high=0  state=ON
2026-10-06T09:08:21Z  OBSERVE  checkoutservice  rejection=0.0000  low=313 high=0  state=ON
2026-10-06T09:08:21Z  OBSERVE  currencyservice  rejection=0.0000  low=384 high=0  state=ON
2026-10-06T09:08:21Z  OBSERVE  emailservice  rejection=0.0000  low=319 high=0  state=ON
2026-10-06T09:08:21Z  OBSERVE  paymentservice  rejection=0.0000  low=384 high=0  state=ON
2026-10-06T09:08:21Z  OBSERVE  productcatalogservice  rejection=0.0000  low=384 high=0  state=ON
2026-10-06T09:08:21Z  OBSERVE  recommendationservice  rejection=0.1794  low=1 high=0  state=ON
2026-10-06T09:08:21Z  OBSERVE  shippingservice  rejection=0.0000  low=384 high=0  state=ON
2026-10-06T09:08:22Z  OBSERVE  adservice  rejection=0.0000  low=385 high=0  state=ON
2026-10-06T09:08:22Z  OBSERVE  cartservice  rejection=0.0000  low=385 high=0  state=ON
2026-10-06T09:08:22Z  OBSERVE  checkoutservice  rejection=0.0000  low=314 high=0  state=ON
2026-10-06T09:08:22Z  OBSERVE  currencyservice  rejection=0.0000  low=385 high=0  state=ON
2026-10-06T09:08:22Z  OBSERVE  emailservice  rejection=0.0000  low=320 high=0  state=ON
2026-10-06T09:08:22Z  OBSERVE  paymentservice  rejection=0.0000  low=385 high=0  state=ON
2026-10-06T09:08:22Z  OBSERVE  productcatalogservice  rejection=0.0000  low=385 high=0  state=ON
2026-10-06T09:08:22Z  OBSERVE  recommendationservice  rejection=0.2355  low=0 high=1  state=ON
2026-10-06T09:08:22Z  OBSERVE  shippingservice  rejection=0.0000  low=385 high=0  state=ON
2026-10-06T09:08:23Z  OBSERVE  adservice  rejection=0.0000  low=386 high=0  state=ON
2026-10-06T09:08:23Z  OBSERVE  cartservice  rejection=0.0000  low=386 high=0  state=ON
2026-10-06T09:08:23Z  OBSERVE  checkoutservice  rejection=0.0000  low=315 high=0  state=ON
2026-10-06T09:08:23Z  OBSERVE  currencyservice  rejection=0.0000  low=386 high=0  state=ON
2026-10-06T09:08:23Z  OBSERVE  emailservice  rejection=0.0000  low=321 high=0  state=ON
2026-10-06T09:08:23Z  OBSERVE  paymentservice  rejection=0.0000  low=386 high=0  state=ON
2026-10-06T09:08:23Z  OBSERVE  productcatalogservice  rejection=0.0000  low=386 high=0  state=ON
2026-10-06T09:08:23Z  OBSERVE  recommendationservice  rejection=0.2371  low=0 high=2  state=ON
2026-10-06T09:08:23Z  OBSERVE  shippingservice  rejection=0.0000  low=386 high=0  state=ON
2026-10-06T09:08:24Z  OBSERVE  adservice  rejection=0.0000  low=387 high=0  state=ON
2026-10-06T09:08:24Z  OBSERVE  cartservice  rejection=0.0000  low=387 high=0  state=ON
2026-10-06T09:08:24Z  OBSERVE  checkoutservice  rejection=0.0000  low=316 high=0  state=ON
2026-10-06T09:08:24Z  OBSERVE  currencyservice  rejection=0.0000  low=387 high=0  state=ON
2026-10-06T09:08:24Z  OBSERVE  emailservice  rejection=0.0000  low=322 high=0  state=ON
2026-10-06T09:08:24Z  OBSERVE  paymentservice  rejection=0.0000  low=387 high=0  state=ON
2026-10-06T09:08:24Z  OBSERVE  productcatalogservice  rejection=0.0000  low=387 high=0  state=ON
2026-10-06T09:08:24Z  OBSERVE  recommendationservice  rejection=0.1676  low=1 high=0  state=ON
2026-10-06T09:08:24Z  OBSERVE  shippingservice  rejection=0.0000  low=387 high=0  state=ON
2026-10-06T09:08:25Z  OBSERVE  adservice  rejection=0.0000  low=388 high=0  state=ON
2026-10-06T09:08:25Z  OBSERVE  cartservice  rejection=0.0000  low=388 high=0  state=ON
2026-10-06T09:08:25Z  OBSERVE  checkoutservice  rejection=0.0000  low=317 high=0  state=ON
2026-10-06T09:08:25Z  OBSERVE  currencyservice  rejection=0.0000  low=388 high=0  state=ON
2026-10-06T09:08:25Z  OBSERVE  emailservice  rejection=0.0000  low=323 high=0  state=ON
2026-10-06T09:08:25Z  OBSERVE  paymentservice  rejection=0.0000  low=388 high=0  state=ON
2026-10-06T09:08:25Z  OBSERVE  productcatalogservice  rejection=0.0000  low=388 high=0  state=ON
2026-10-06T09:08:25Z  OBSERVE  recommendationservice  rejection=0.2219  low=0 high=1  state=ON
2026-10-06T09:08:25Z  OBSERVE  shippingservice  rejection=0.0000  low=388 high=0  state=ON
2026-10-06T09:08:26Z  OBSERVE  adservice  rejection=0.0000  low=389 high=0  state=ON
2026-10-06T09:08:26Z  OBSERVE  cartservice  rejection=0.0000  low=389 high=0  state=ON
2026-10-06T09:08:26Z  OBSERVE  checkoutservice  rejection=0.0000  low=318 high=0  state=ON
2026-10-06T09:08:26Z  OBSERVE  currencyservice  rejection=0.0000  low=389 high=0  state=ON
2026-10-06T09:08:26Z  OBSERVE  emailservice  rejection=0.0000  low=324 high=0  state=ON
2026-10-06T09:08:26Z  OBSERVE  paymentservice  rejection=0.0000  low=389 high=0  state=ON
2026-10-06T09:08:26Z  OBSERVE  productcatalogservice  rejection=0.0000  low=389 high=0  state=ON
2026-10-06T09:08:26Z  OBSERVE  recommendationservice  rejection=0.2153  low=0 high=2  state=ON
2026-10-06T09:08:26Z  OBSERVE  shippingservice  rejection=0.0000  low=389 high=0  state=ON
2026-10-06T09:08:27Z  OBSERVE  adservice  rejection=0.0000  low=390 high=0  state=ON
2026-10-06T09:08:27Z  OBSERVE  cartservice  rejection=0.0000  low=390 high=0  state=ON
2026-10-06T09:08:27Z  OBSERVE  checkoutservice  rejection=0.0000  low=319 high=0  state=ON
2026-10-06T09:08:27Z  OBSERVE  currencyservice  rejection=0.0000  low=390 high=0  state=ON
2026-10-06T09:08:27Z  OBSERVE  emailservice  rejection=0.0000  low=325 high=0  state=ON
2026-10-06T09:08:27Z  OBSERVE  paymentservice  rejection=0.0000  low=390 high=0  state=ON
2026-10-06T09:08:27Z  OBSERVE  productcatalogservice  rejection=0.0000  low=390 high=0  state=ON
2026-10-06T09:08:27Z  OBSERVE  recommendationservice  rejection=0.2388  low=0 high=3  state=ON
2026-10-06T09:08:27Z  OBSERVE  shippingservice  rejection=0.0000  low=390 high=0  state=ON
2026-10-06T09:08:28Z  OBSERVE  adservice  rejection=0.0000  low=391 high=0  state=ON
2026-10-06T09:08:28Z  OBSERVE  cartservice  rejection=0.0000  low=391 high=0  state=ON
2026-10-06T09:08:28Z  OBSERVE  checkoutservice  rejection=0.0000  low=320 high=0  state=ON
2026-10-06T09:08:28Z  OBSERVE  currencyservice  rejection=0.0000  low=391 high=0  state=ON
2026-10-06T09:08:28Z  OBSERVE  emailservice  rejection=0.0000  low=326 high=0  state=ON
2026-10-06T09:08:28Z  OBSERVE  paymentservice  rejection=0.0000  low=391 high=0  state=ON
2026-10-06T09:08:28Z  OBSERVE  productcatalogservice  rejection=0.0000  low=391 high=0  state=ON
2026-10-06T09:08:28Z  OBSERVE  recommendationservice  rejection=0.2155  low=0 high=4  state=ON
2026-10-06T09:08:28Z  OBSERVE  shippingservice  rejection=0.0000  low=391 high=0  state=ON
2026-10-06T09:08:29Z  OBSERVE  adservice  rejection=0.0000  low=392 high=0  state=ON
2026-10-06T09:08:29Z  OBSERVE  cartservice  rejection=0.0000  low=392 high=0  state=ON
2026-10-06T09:08:29Z  OBSERVE  checkoutservice  rejection=0.0000  low=321 high=0  state=ON
2026-10-06T09:08:29Z  OBSERVE  currencyservice  rejection=0.0000  low=392 high=0  state=ON
2026-10-06T09:08:29Z  OBSERVE  emailservice  rejection=0.0000  low=327 high=0  state=ON
2026-10-06T09:08:29Z  OBSERVE  paymentservice  rejection=0.0000  low=392 high=0  state=ON
2026-10-06T09:08:29Z  OBSERVE  productcatalogservice  rejection=0.0000  low=392 high=0  state=ON
2026-10-06T09:08:29Z  OBSERVE  recommendationservice  rejection=0.1940  low=1 high=0  state=ON
2026-10-06T09:08:29Z  OBSERVE  shippingservice  rejection=0.0000  low=392 high=0  state=ON
2026-10-06T09:08:30Z  OBSERVE  adservice  rejection=0.0000  low=393 high=0  state=ON
2026-10-06T09:08:30Z  OBSERVE  cartservice  rejection=0.0000  low=393 high=0  state=ON
2026-10-06T09:08:30Z  OBSERVE  checkoutservice  rejection=0.0000  low=322 high=0  state=ON
2026-10-06T09:08:30Z  OBSERVE  currencyservice  rejection=0.0000  low=393 high=0  state=ON
2026-10-06T09:08:30Z  OBSERVE  emailservice  rejection=0.0714  low=328 high=0  state=ON
2026-10-06T09:08:30Z  OBSERVE  paymentservice  rejection=0.0000  low=393 high=0  state=ON
2026-10-06T09:08:30Z  OBSERVE  productcatalogservice  rejection=0.0000  low=393 high=0  state=ON
2026-10-06T09:08:30Z  OBSERVE  recommendationservice  rejection=0.2172  low=0 high=1  state=ON
2026-10-06T09:08:30Z  OBSERVE  shippingservice  rejection=0.0000  low=393 high=0  state=ON
2026-10-06T09:08:31Z  OBSERVE  adservice  rejection=0.0000  low=394 high=0  state=ON
2026-10-06T09:08:31Z  OBSERVE  cartservice  rejection=0.0000  low=394 high=0  state=ON
2026-10-06T09:08:31Z  OBSERVE  checkoutservice  rejection=0.0577  low=323 high=0  state=ON
2026-10-06T09:08:31Z  OBSERVE  currencyservice  rejection=0.0000  low=394 high=0  state=ON
2026-10-06T09:08:31Z  OBSERVE  emailservice  rejection=0.0200  low=329 high=0  state=ON
2026-10-06T09:08:31Z  OBSERVE  paymentservice  rejection=0.0000  low=394 high=0  state=ON
2026-10-06T09:08:31Z  OBSERVE  productcatalogservice  rejection=0.0000  low=394 high=0  state=ON
2026-10-06T09:08:31Z  OBSERVE  recommendationservice  rejection=0.2179  low=0 high=2  state=ON
2026-10-06T09:08:31Z  OBSERVE  shippingservice  rejection=0.0000  low=394 high=0  state=ON
2026-10-06T09:08:32Z  OBSERVE  adservice  rejection=0.0000  low=395 high=0  state=ON
2026-10-06T09:08:32Z  OBSERVE  cartservice  rejection=0.0000  low=395 high=0  state=ON
2026-10-06T09:08:32Z  OBSERVE  checkoutservice  rejection=0.0000  low=324 high=0  state=ON
2026-10-06T09:08:32Z  OBSERVE  currencyservice  rejection=0.0000  low=395 high=0  state=ON
2026-10-06T09:08:32Z  OBSERVE  emailservice  rejection=0.0000  low=330 high=0  state=ON
2026-10-06T09:08:32Z  OBSERVE  paymentservice  rejection=0.0000  low=395 high=0  state=ON
2026-10-06T09:08:32Z  OBSERVE  productcatalogservice  rejection=0.0000  low=395 high=0  state=ON
2026-10-06T09:08:32Z  OBSERVE  recommendationservice  rejection=0.2064  low=0 high=3  state=ON
2026-10-06T09:08:32Z  OBSERVE  shippingservice  rejection=0.0000  low=395 high=0  state=ON
2026-10-06T09:08:33Z  OBSERVE  adservice  rejection=0.0000  low=396 high=0  state=ON
2026-10-06T09:08:33Z  OBSERVE  cartservice  rejection=0.0000  low=396 high=0  state=ON
2026-10-06T09:08:33Z  OBSERVE  checkoutservice  rejection=0.0000  low=325 high=0  state=ON
2026-10-06T09:08:33Z  OBSERVE  currencyservice  rejection=0.0000  low=396 high=0  state=ON
2026-10-06T09:08:33Z  OBSERVE  emailservice  rejection=0.0000  low=331 high=0  state=ON
2026-10-06T09:08:33Z  OBSERVE  paymentservice  rejection=0.0000  low=396 high=0  state=ON
2026-10-06T09:08:33Z  OBSERVE  productcatalogservice  rejection=0.0000  low=396 high=0  state=ON
2026-10-06T09:08:33Z  OBSERVE  recommendationservice  rejection=0.1566  low=1 high=0  state=ON
2026-10-06T09:08:33Z  OBSERVE  shippingservice  rejection=0.0000  low=396 high=0  state=ON
2026-10-06T09:08:34Z  OBSERVE  adservice  rejection=0.0000  low=397 high=0  state=ON
2026-10-06T09:08:34Z  OBSERVE  cartservice  rejection=0.0000  low=397 high=0  state=ON
2026-10-06T09:08:34Z  OBSERVE  checkoutservice  rejection=0.0000  low=326 high=0  state=ON
2026-10-06T09:08:34Z  OBSERVE  currencyservice  rejection=0.0000  low=397 high=0  state=ON
2026-10-06T09:08:34Z  OBSERVE  emailservice  rejection=0.0000  low=332 high=0  state=ON
2026-10-06T09:08:34Z  OBSERVE  paymentservice  rejection=0.0000  low=397 high=0  state=ON
2026-10-06T09:08:34Z  OBSERVE  productcatalogservice  rejection=0.0000  low=397 high=0  state=ON
2026-10-06T09:08:34Z  OBSERVE  recommendationservice  rejection=0.2421  low=0 high=1  state=ON
2026-10-06T09:08:34Z  OBSERVE  shippingservice  rejection=0.0000  low=397 high=0  state=ON
2026-10-06T09:08:35Z  OBSERVE  adservice  rejection=0.0000  low=398 high=0  state=ON
2026-10-06T09:08:35Z  OBSERVE  cartservice  rejection=0.0000  low=398 high=0  state=ON
2026-10-06T09:08:35Z  OBSERVE  checkoutservice  rejection=0.0000  low=327 high=0  state=ON
2026-10-06T09:08:35Z  OBSERVE  currencyservice  rejection=0.0000  low=398 high=0  state=ON
2026-10-06T09:08:35Z  OBSERVE  emailservice  rejection=0.0000  low=333 high=0  state=ON
2026-10-06T09:08:35Z  OBSERVE  paymentservice  rejection=0.0000  low=398 high=0  state=ON
2026-10-06T09:08:35Z  OBSERVE  productcatalogservice  rejection=0.0000  low=398 high=0  state=ON
2026-10-06T09:08:35Z  OBSERVE  recommendationservice  rejection=0.2421  low=0 high=2  state=ON
2026-10-06T09:08:35Z  OBSERVE  shippingservice  rejection=0.0000  low=398 high=0  state=ON
2026-10-06T09:08:36Z  OBSERVE  adservice  rejection=0.0000  low=399 high=0  state=ON
2026-10-06T09:08:36Z  OBSERVE  cartservice  rejection=0.0000  low=399 high=0  state=ON
2026-10-06T09:08:36Z  OBSERVE  checkoutservice  rejection=0.0000  low=328 high=0  state=ON
2026-10-06T09:08:36Z  OBSERVE  currencyservice  rejection=0.0000  low=399 high=0  state=ON
2026-10-06T09:08:36Z  OBSERVE  emailservice  rejection=0.0000  low=334 high=0  state=ON
2026-10-06T09:08:36Z  OBSERVE  paymentservice  rejection=0.0000  low=399 high=0  state=ON
2026-10-06T09:08:36Z  OBSERVE  productcatalogservice  rejection=0.0000  low=399 high=0  state=ON
2026-10-06T09:08:36Z  OBSERVE  recommendationservice  rejection=0.1952  low=1 high=0  state=ON
2026-10-06T09:08:36Z  OBSERVE  shippingservice  rejection=0.0000  low=399 high=0  state=ON
2026-10-06T09:08:37Z  OBSERVE  adservice  rejection=0.0000  low=400 high=0  state=ON
2026-10-06T09:08:37Z  OBSERVE  cartservice  rejection=0.0000  low=400 high=0  state=ON
2026-10-06T09:08:37Z  OBSERVE  checkoutservice  rejection=0.0000  low=329 high=0  state=ON
2026-10-06T09:08:37Z  OBSERVE  currencyservice  rejection=0.0000  low=400 high=0  state=ON
2026-10-06T09:08:37Z  OBSERVE  emailservice  rejection=0.0000  low=335 high=0  state=ON
2026-10-06T09:08:37Z  OBSERVE  paymentservice  rejection=0.0000  low=400 high=0  state=ON
2026-10-06T09:08:37Z  OBSERVE  productcatalogservice  rejection=0.0000  low=400 high=0  state=ON
2026-10-06T09:08:37Z  OBSERVE  recommendationservice  rejection=0.2368  low=0 high=1  state=ON
2026-10-06T09:08:37Z  OBSERVE  shippingservice  rejection=0.0000  low=400 high=0  state=ON
2026-10-06T09:08:38Z  OBSERVE  adservice  rejection=0.0000  low=401 high=0  state=ON
2026-10-06T09:08:38Z  OBSERVE  cartservice  rejection=0.0000  low=401 high=0  state=ON
2026-10-06T09:08:38Z  OBSERVE  checkoutservice  rejection=0.0000  low=330 high=0  state=ON
2026-10-06T09:08:38Z  OBSERVE  currencyservice  rejection=0.0000  low=401 high=0  state=ON
2026-10-06T09:08:38Z  OBSERVE  emailservice  rejection=0.0000  low=336 high=0  state=ON
2026-10-06T09:08:38Z  OBSERVE  paymentservice  rejection=0.0000  low=401 high=0  state=ON
2026-10-06T09:08:38Z  OBSERVE  productcatalogservice  rejection=0.0000  low=401 high=0  state=ON
2026-10-06T09:08:38Z  OBSERVE  recommendationservice  rejection=0.1873  low=1 high=0  state=ON
2026-10-06T09:08:38Z  OBSERVE  shippingservice  rejection=0.0000  low=401 high=0  state=ON
2026-10-06T09:08:39Z  OBSERVE  adservice  rejection=0.0000  low=402 high=0  state=ON
2026-10-06T09:08:39Z  OBSERVE  cartservice  rejection=0.0000  low=402 high=0  state=ON
2026-10-06T09:08:39Z  OBSERVE  checkoutservice  rejection=0.0000  low=331 high=0  state=ON
2026-10-06T09:08:39Z  OBSERVE  currencyservice  rejection=0.0000  low=402 high=0  state=ON
2026-10-06T09:08:39Z  OBSERVE  emailservice  rejection=0.0000  low=337 high=0  state=ON
2026-10-06T09:08:39Z  OBSERVE  paymentservice  rejection=0.0000  low=402 high=0  state=ON
2026-10-06T09:08:39Z  OBSERVE  productcatalogservice  rejection=0.0000  low=402 high=0  state=ON
2026-10-06T09:08:39Z  OBSERVE  recommendationservice  rejection=0.2035  low=0 high=1  state=ON
2026-10-06T09:08:39Z  OBSERVE  shippingservice  rejection=0.0000  low=402 high=0  state=ON
2026-10-06T09:08:40Z  OBSERVE  adservice  rejection=0.0000  low=403 high=0  state=ON
2026-10-06T09:08:40Z  OBSERVE  cartservice  rejection=0.0000  low=403 high=0  state=ON
2026-10-06T09:08:40Z  OBSERVE  checkoutservice  rejection=0.0000  low=332 high=0  state=ON
2026-10-06T09:08:40Z  OBSERVE  currencyservice  rejection=0.0000  low=403 high=0  state=ON
2026-10-06T09:08:40Z  OBSERVE  emailservice  rejection=0.0000  low=338 high=0  state=ON
2026-10-06T09:08:40Z  OBSERVE  paymentservice  rejection=0.0000  low=403 high=0  state=ON
2026-10-06T09:08:40Z  OBSERVE  productcatalogservice  rejection=0.0000  low=403 high=0  state=ON
2026-10-06T09:08:40Z  OBSERVE  recommendationservice  rejection=0.2035  low=0 high=2  state=ON
2026-10-06T09:08:40Z  OBSERVE  shippingservice  rejection=0.0000  low=403 high=0  state=ON
2026-10-06T09:08:41Z  OBSERVE  adservice  rejection=0.0000  low=404 high=0  state=ON
2026-10-06T09:08:41Z  OBSERVE  cartservice  rejection=0.0000  low=404 high=0  state=ON
2026-10-06T09:08:41Z  OBSERVE  checkoutservice  rejection=0.0000  low=333 high=0  state=ON
2026-10-06T09:08:41Z  OBSERVE  currencyservice  rejection=0.0000  low=404 high=0  state=ON
2026-10-06T09:08:41Z  OBSERVE  emailservice  rejection=0.0000  low=339 high=0  state=ON
2026-10-06T09:08:41Z  OBSERVE  paymentservice  rejection=0.0000  low=404 high=0  state=ON
2026-10-06T09:08:41Z  OBSERVE  productcatalogservice  rejection=0.0000  low=404 high=0  state=ON
2026-10-06T09:08:41Z  OBSERVE  recommendationservice  rejection=0.2243  low=0 high=3  state=ON
2026-10-06T09:08:41Z  OBSERVE  shippingservice  rejection=0.0000  low=404 high=0  state=ON
2026-10-06T09:08:42Z  OBSERVE  adservice  rejection=0.0000  low=405 high=0  state=ON
2026-10-06T09:08:42Z  OBSERVE  cartservice  rejection=0.0000  low=405 high=0  state=ON
2026-10-06T09:08:42Z  OBSERVE  checkoutservice  rejection=0.0000  low=334 high=0  state=ON
2026-10-06T09:08:42Z  OBSERVE  currencyservice  rejection=0.0000  low=405 high=0  state=ON
2026-10-06T09:08:42Z  OBSERVE  emailservice  rejection=0.0000  low=340 high=0  state=ON
2026-10-06T09:08:42Z  OBSERVE  paymentservice  rejection=0.0000  low=405 high=0  state=ON
2026-10-06T09:08:42Z  OBSERVE  productcatalogservice  rejection=0.0000  low=405 high=0  state=ON
2026-10-06T09:08:42Z  OBSERVE  recommendationservice  rejection=0.1741  low=1 high=0  state=ON
2026-10-06T09:08:42Z  OBSERVE  shippingservice  rejection=0.0000  low=405 high=0  state=ON
2026-10-06T09:08:43Z  OBSERVE  adservice  rejection=0.0000  low=406 high=0  state=ON
2026-10-06T09:08:43Z  OBSERVE  cartservice  rejection=0.0000  low=406 high=0  state=ON
2026-10-06T09:08:43Z  OBSERVE  checkoutservice  rejection=0.0000  low=335 high=0  state=ON
2026-10-06T09:08:43Z  OBSERVE  currencyservice  rejection=0.0000  low=406 high=0  state=ON
2026-10-06T09:08:43Z  OBSERVE  emailservice  rejection=0.0000  low=341 high=0  state=ON
2026-10-06T09:08:43Z  OBSERVE  paymentservice  rejection=0.0000  low=406 high=0  state=ON
2026-10-06T09:08:43Z  OBSERVE  productcatalogservice  rejection=0.0000  low=406 high=0  state=ON
2026-10-06T09:08:43Z  OBSERVE  recommendationservice  rejection=0.1578  low=2 high=0  state=ON
2026-10-06T09:08:43Z  OBSERVE  shippingservice  rejection=0.0000  low=406 high=0  state=ON
2026-10-06T09:08:44Z  OBSERVE  adservice  rejection=0.0000  low=407 high=0  state=ON
2026-10-06T09:08:44Z  OBSERVE  cartservice  rejection=0.0000  low=407 high=0  state=ON
2026-10-06T09:08:44Z  OBSERVE  checkoutservice  rejection=0.0000  low=336 high=0  state=ON
2026-10-06T09:08:44Z  OBSERVE  currencyservice  rejection=0.0000  low=407 high=0  state=ON
2026-10-06T09:08:44Z  OBSERVE  emailservice  rejection=0.0000  low=342 high=0  state=ON
2026-10-06T09:08:44Z  OBSERVE  paymentservice  rejection=0.0000  low=407 high=0  state=ON
2026-10-06T09:08:44Z  OBSERVE  productcatalogservice  rejection=0.0000  low=407 high=0  state=ON
2026-10-06T09:08:44Z  OBSERVE  recommendationservice  rejection=0.2047  low=0 high=1  state=ON
2026-10-06T09:08:44Z  OBSERVE  shippingservice  rejection=0.0000  low=407 high=0  state=ON
2026-10-06T09:08:45Z  OBSERVE  adservice  rejection=0.0000  low=408 high=0  state=ON
2026-10-06T09:08:45Z  OBSERVE  cartservice  rejection=0.0000  low=408 high=0  state=ON
2026-10-06T09:08:45Z  OBSERVE  checkoutservice  rejection=0.0000  low=337 high=0  state=ON
2026-10-06T09:08:45Z  OBSERVE  currencyservice  rejection=0.0000  low=408 high=0  state=ON
2026-10-06T09:08:45Z  OBSERVE  emailservice  rejection=0.0000  low=343 high=0  state=ON
2026-10-06T09:08:45Z  OBSERVE  paymentservice  rejection=0.0000  low=408 high=0  state=ON
2026-10-06T09:08:45Z  OBSERVE  productcatalogservice  rejection=0.0000  low=408 high=0  state=ON
2026-10-06T09:08:45Z  OBSERVE  recommendationservice  rejection=0.1663  low=1 high=0  state=ON
2026-10-06T09:08:45Z  OBSERVE  shippingservice  rejection=0.0000  low=408 high=0  state=ON
2026-10-06T09:08:46Z  OBSERVE  adservice  rejection=0.0000  low=409 high=0  state=ON
2026-10-06T09:08:46Z  OBSERVE  cartservice  rejection=0.0000  low=409 high=0  state=ON
2026-10-06T09:08:46Z  OBSERVE  checkoutservice  rejection=0.0000  low=338 high=0  state=ON
2026-10-06T09:08:46Z  OBSERVE  currencyservice  rejection=0.0000  low=409 high=0  state=ON
2026-10-06T09:08:46Z  OBSERVE  emailservice  rejection=0.0000  low=344 high=0  state=ON
2026-10-06T09:08:46Z  OBSERVE  paymentservice  rejection=0.0000  low=409 high=0  state=ON
2026-10-06T09:08:46Z  OBSERVE  productcatalogservice  rejection=0.0000  low=409 high=0  state=ON
2026-10-06T09:08:46Z  OBSERVE  recommendationservice  rejection=0.1900  low=2 high=0  state=ON
2026-10-06T09:08:46Z  OBSERVE  shippingservice  rejection=0.0000  low=409 high=0  state=ON
2026-10-06T09:08:47Z  OBSERVE  adservice  rejection=0.0000  low=410 high=0  state=ON
2026-10-06T09:08:47Z  OBSERVE  cartservice  rejection=0.0000  low=410 high=0  state=ON
2026-10-06T09:08:47Z  OBSERVE  checkoutservice  rejection=0.0000  low=339 high=0  state=ON
2026-10-06T09:08:47Z  OBSERVE  currencyservice  rejection=0.0000  low=410 high=0  state=ON
2026-10-06T09:08:47Z  OBSERVE  emailservice  rejection=0.0000  low=345 high=0  state=ON
2026-10-06T09:08:47Z  OBSERVE  paymentservice  rejection=0.0000  low=410 high=0  state=ON
2026-10-06T09:08:47Z  OBSERVE  productcatalogservice  rejection=0.0000  low=410 high=0  state=ON
2026-10-06T09:08:47Z  OBSERVE  recommendationservice  rejection=0.2558  low=0 high=1  state=ON
2026-10-06T09:08:47Z  OBSERVE  shippingservice  rejection=0.0000  low=410 high=0  state=ON
2026-10-06T09:08:48Z  OBSERVE  adservice  rejection=0.0000  low=411 high=0  state=ON
2026-10-06T09:08:48Z  OBSERVE  cartservice  rejection=0.0000  low=411 high=0  state=ON
2026-10-06T09:08:48Z  OBSERVE  checkoutservice  rejection=0.0000  low=340 high=0  state=ON
2026-10-06T09:08:48Z  OBSERVE  currencyservice  rejection=0.0000  low=411 high=0  state=ON
2026-10-06T09:08:48Z  OBSERVE  emailservice  rejection=0.0000  low=346 high=0  state=ON
2026-10-06T09:08:48Z  OBSERVE  paymentservice  rejection=0.0000  low=411 high=0  state=ON
2026-10-06T09:08:48Z  OBSERVE  productcatalogservice  rejection=0.0000  low=411 high=0  state=ON
2026-10-06T09:08:48Z  OBSERVE  recommendationservice  rejection=0.1960  low=1 high=0  state=ON
2026-10-06T09:08:48Z  OBSERVE  shippingservice  rejection=0.0000  low=411 high=0  state=ON
2026-10-06T09:08:49Z  OBSERVE  adservice  rejection=0.0000  low=412 high=0  state=ON
2026-10-06T09:08:49Z  OBSERVE  cartservice  rejection=0.0000  low=412 high=0  state=ON
2026-10-06T09:08:49Z  OBSERVE  checkoutservice  rejection=0.0000  low=341 high=0  state=ON
2026-10-06T09:08:49Z  OBSERVE  currencyservice  rejection=0.0000  low=412 high=0  state=ON
2026-10-06T09:08:49Z  OBSERVE  emailservice  rejection=0.0000  low=347 high=0  state=ON
2026-10-06T09:08:49Z  OBSERVE  paymentservice  rejection=0.0000  low=412 high=0  state=ON
2026-10-06T09:08:49Z  OBSERVE  productcatalogservice  rejection=0.0000  low=412 high=0  state=ON
2026-10-06T09:08:49Z  OBSERVE  recommendationservice  rejection=0.2188  low=0 high=1  state=ON
2026-10-06T09:08:49Z  OBSERVE  shippingservice  rejection=0.0000  low=412 high=0  state=ON
2026-10-06T09:08:50Z  OBSERVE  adservice  rejection=0.0000  low=413 high=0  state=ON
2026-10-06T09:08:50Z  OBSERVE  cartservice  rejection=0.0000  low=413 high=0  state=ON
2026-10-06T09:08:50Z  OBSERVE  checkoutservice  rejection=0.0000  low=342 high=0  state=ON
2026-10-06T09:08:50Z  OBSERVE  currencyservice  rejection=0.0000  low=413 high=0  state=ON
2026-10-06T09:08:50Z  OBSERVE  emailservice  rejection=0.0000  low=348 high=0  state=ON
2026-10-06T09:08:50Z  OBSERVE  paymentservice  rejection=0.0000  low=413 high=0  state=ON
2026-10-06T09:08:50Z  OBSERVE  productcatalogservice  rejection=0.0000  low=413 high=0  state=ON
2026-10-06T09:08:50Z  OBSERVE  recommendationservice  rejection=0.2213  low=0 high=2  state=ON
2026-10-06T09:08:50Z  OBSERVE  shippingservice  rejection=0.0000  low=413 high=0  state=ON
2026-10-06T09:08:51Z  OBSERVE  adservice  rejection=0.0000  low=414 high=0  state=ON
2026-10-06T09:08:51Z  OBSERVE  cartservice  rejection=0.0000  low=414 high=0  state=ON
2026-10-06T09:08:51Z  OBSERVE  checkoutservice  rejection=0.0000  low=343 high=0  state=ON
2026-10-06T09:08:51Z  OBSERVE  currencyservice  rejection=0.0000  low=414 high=0  state=ON
2026-10-06T09:08:51Z  OBSERVE  emailservice  rejection=0.0000  low=349 high=0  state=ON
2026-10-06T09:08:51Z  OBSERVE  paymentservice  rejection=0.0000  low=414 high=0  state=ON
2026-10-06T09:08:51Z  OBSERVE  productcatalogservice  rejection=0.0000  low=414 high=0  state=ON
2026-10-06T09:08:51Z  OBSERVE  recommendationservice  rejection=0.1937  low=1 high=0  state=ON
2026-10-06T09:08:51Z  OBSERVE  shippingservice  rejection=0.0000  low=414 high=0  state=ON
2026-10-06T09:08:52Z  OBSERVE  adservice  rejection=0.0000  low=415 high=0  state=ON
2026-10-06T09:08:52Z  OBSERVE  cartservice  rejection=0.0000  low=415 high=0  state=ON
2026-10-06T09:08:52Z  OBSERVE  checkoutservice  rejection=0.0000  low=344 high=0  state=ON
2026-10-06T09:08:52Z  OBSERVE  currencyservice  rejection=0.0000  low=415 high=0  state=ON
2026-10-06T09:08:52Z  OBSERVE  emailservice  rejection=0.0000  low=350 high=0  state=ON
2026-10-06T09:08:52Z  OBSERVE  paymentservice  rejection=0.0000  low=415 high=0  state=ON
2026-10-06T09:08:52Z  OBSERVE  productcatalogservice  rejection=0.0000  low=415 high=0  state=ON
2026-10-06T09:08:52Z  OBSERVE  recommendationservice  rejection=0.1952  low=2 high=0  state=ON
2026-10-06T09:08:52Z  OBSERVE  shippingservice  rejection=0.0000  low=415 high=0  state=ON
2026-10-06T09:08:53Z  OBSERVE  adservice  rejection=0.0000  low=416 high=0  state=ON
2026-10-06T09:08:53Z  OBSERVE  cartservice  rejection=0.0000  low=416 high=0  state=ON
2026-10-06T09:08:53Z  OBSERVE  checkoutservice  rejection=0.0000  low=345 high=0  state=ON
2026-10-06T09:08:53Z  OBSERVE  currencyservice  rejection=0.0000  low=416 high=0  state=ON
2026-10-06T09:08:53Z  OBSERVE  emailservice  rejection=0.0000  low=351 high=0  state=ON
2026-10-06T09:08:53Z  OBSERVE  paymentservice  rejection=0.0000  low=416 high=0  state=ON
2026-10-06T09:08:53Z  OBSERVE  productcatalogservice  rejection=0.0000  low=416 high=0  state=ON
2026-10-06T09:08:53Z  OBSERVE  recommendationservice  rejection=0.2062  low=0 high=1  state=ON
2026-10-06T09:08:53Z  OBSERVE  shippingservice  rejection=0.0000  low=416 high=0  state=ON
2026-10-06T09:08:54Z  OBSERVE  adservice  rejection=0.0000  low=417 high=0  state=ON
2026-10-06T09:08:54Z  OBSERVE  cartservice  rejection=0.0000  low=417 high=0  state=ON
2026-10-06T09:08:54Z  OBSERVE  checkoutservice  rejection=0.0000  low=346 high=0  state=ON
2026-10-06T09:08:54Z  OBSERVE  currencyservice  rejection=0.0000  low=417 high=0  state=ON
2026-10-06T09:08:54Z  OBSERVE  emailservice  rejection=0.0000  low=352 high=0  state=ON
2026-10-06T09:08:54Z  OBSERVE  paymentservice  rejection=0.0000  low=417 high=0  state=ON
2026-10-06T09:08:54Z  OBSERVE  productcatalogservice  rejection=0.0000  low=417 high=0  state=ON
2026-10-06T09:08:54Z  OBSERVE  recommendationservice  rejection=0.1270  low=1 high=0  state=ON
2026-10-06T09:08:54Z  OBSERVE  shippingservice  rejection=0.0000  low=417 high=0  state=ON
2026-10-06T09:08:55Z  OBSERVE  adservice  rejection=0.0000  low=418 high=0  state=ON
2026-10-06T09:08:55Z  OBSERVE  cartservice  rejection=0.0000  low=418 high=0  state=ON
2026-10-06T09:08:55Z  OBSERVE  checkoutservice  rejection=0.0000  low=347 high=0  state=ON
2026-10-06T09:08:55Z  OBSERVE  currencyservice  rejection=0.0000  low=418 high=0  state=ON
2026-10-06T09:08:55Z  OBSERVE  emailservice  rejection=0.0000  low=353 high=0  state=ON
2026-10-06T09:08:55Z  OBSERVE  paymentservice  rejection=0.0000  low=418 high=0  state=ON
2026-10-06T09:08:55Z  OBSERVE  productcatalogservice  rejection=0.0000  low=418 high=0  state=ON
2026-10-06T09:08:55Z  OBSERVE  recommendationservice  rejection=0.1677  low=2 high=0  state=ON
2026-10-06T09:08:55Z  OBSERVE  shippingservice  rejection=0.0000  low=418 high=0  state=ON
2026-10-06T09:08:56Z  OBSERVE  adservice  rejection=0.0000  low=419 high=0  state=ON
2026-10-06T09:08:56Z  OBSERVE  cartservice  rejection=0.0000  low=419 high=0  state=ON
2026-10-06T09:08:56Z  OBSERVE  checkoutservice  rejection=0.0000  low=348 high=0  state=ON
2026-10-06T09:08:56Z  OBSERVE  currencyservice  rejection=0.0000  low=419 high=0  state=ON
2026-10-06T09:08:56Z  OBSERVE  emailservice  rejection=0.0000  low=354 high=0  state=ON
2026-10-06T09:08:56Z  OBSERVE  paymentservice  rejection=0.0000  low=419 high=0  state=ON
2026-10-06T09:08:56Z  OBSERVE  productcatalogservice  rejection=0.0000  low=419 high=0  state=ON
2026-10-06T09:08:56Z  OBSERVE  recommendationservice  rejection=0.2494  low=0 high=1  state=ON
2026-10-06T09:08:56Z  OBSERVE  shippingservice  rejection=0.0000  low=419 high=0  state=ON
2026-10-06T09:08:57Z  OBSERVE  adservice  rejection=0.0000  low=420 high=0  state=ON
2026-10-06T09:08:57Z  OBSERVE  cartservice  rejection=0.0000  low=420 high=0  state=ON
2026-10-06T09:08:57Z  OBSERVE  checkoutservice  rejection=0.0000  low=349 high=0  state=ON
2026-10-06T09:08:57Z  OBSERVE  currencyservice  rejection=0.0000  low=420 high=0  state=ON
2026-10-06T09:08:57Z  OBSERVE  emailservice  rejection=0.0000  low=355 high=0  state=ON
2026-10-06T09:08:57Z  OBSERVE  paymentservice  rejection=0.0000  low=420 high=0  state=ON
2026-10-06T09:08:57Z  OBSERVE  productcatalogservice  rejection=0.0000  low=420 high=0  state=ON
2026-10-06T09:08:57Z  OBSERVE  recommendationservice  rejection=0.2087  low=0 high=2  state=ON
2026-10-06T09:08:57Z  OBSERVE  shippingservice  rejection=0.0000  low=420 high=0  state=ON
2026-10-06T09:08:58Z  OBSERVE  adservice  rejection=0.0000  low=421 high=0  state=ON
2026-10-06T09:08:58Z  OBSERVE  cartservice  rejection=0.0000  low=421 high=0  state=ON
2026-10-06T09:08:58Z  OBSERVE  checkoutservice  rejection=0.0000  low=350 high=0  state=ON
2026-10-06T09:08:58Z  OBSERVE  currencyservice  rejection=0.0000  low=421 high=0  state=ON
2026-10-06T09:08:58Z  OBSERVE  emailservice  rejection=0.0000  low=356 high=0  state=ON
2026-10-06T09:08:58Z  OBSERVE  paymentservice  rejection=0.0000  low=421 high=0  state=ON
2026-10-06T09:08:58Z  OBSERVE  productcatalogservice  rejection=0.0000  low=421 high=0  state=ON
2026-10-06T09:08:58Z  OBSERVE  recommendationservice  rejection=0.1685  low=1 high=0  state=ON
2026-10-06T09:08:58Z  OBSERVE  shippingservice  rejection=0.0000  low=421 high=0  state=ON
2026-10-06T09:08:59Z  OBSERVE  adservice  rejection=0.0000  low=422 high=0  state=ON
2026-10-06T09:08:59Z  OBSERVE  cartservice  rejection=0.0000  low=422 high=0  state=ON
2026-10-06T09:08:59Z  OBSERVE  checkoutservice  rejection=0.0000  low=351 high=0  state=ON
2026-10-06T09:08:59Z  OBSERVE  currencyservice  rejection=0.0000  low=422 high=0  state=ON
2026-10-06T09:08:59Z  OBSERVE  emailservice  rejection=0.0000  low=357 high=0  state=ON
2026-10-06T09:08:59Z  OBSERVE  paymentservice  rejection=0.0000  low=422 high=0  state=ON
2026-10-06T09:08:59Z  OBSERVE  productcatalogservice  rejection=0.0000  low=422 high=0  state=ON
2026-10-06T09:08:59Z  OBSERVE  recommendationservice  rejection=0.1819  low=2 high=0  state=ON
2026-10-06T09:08:59Z  OBSERVE  shippingservice  rejection=0.0000  low=422 high=0  state=ON
2026-10-06T09:09:00Z  OBSERVE  adservice  rejection=0.0000  low=423 high=0  state=ON
2026-10-06T09:09:00Z  OBSERVE  cartservice  rejection=0.0000  low=423 high=0  state=ON
2026-10-06T09:09:00Z  OBSERVE  checkoutservice  rejection=0.0000  low=352 high=0  state=ON
2026-10-06T09:09:00Z  OBSERVE  currencyservice  rejection=0.0000  low=423 high=0  state=ON
2026-10-06T09:09:00Z  OBSERVE  emailservice  rejection=0.0000  low=358 high=0  state=ON
2026-10-06T09:09:00Z  OBSERVE  paymentservice  rejection=0.0000  low=423 high=0  state=ON
2026-10-06T09:09:00Z  OBSERVE  productcatalogservice  rejection=0.0000  low=423 high=0  state=ON
2026-10-06T09:09:00Z  OBSERVE  recommendationservice  rejection=0.2301  low=0 high=1  state=ON
2026-10-06T09:09:00Z  OBSERVE  shippingservice  rejection=0.0000  low=423 high=0  state=ON
2026-10-06T09:09:01Z  OBSERVE  adservice  rejection=0.0000  low=424 high=0  state=ON
2026-10-06T09:09:01Z  OBSERVE  cartservice  rejection=0.0000  low=424 high=0  state=ON
2026-10-06T09:09:01Z  OBSERVE  checkoutservice  rejection=0.0000  low=353 high=0  state=ON
2026-10-06T09:09:01Z  OBSERVE  currencyservice  rejection=0.0000  low=424 high=0  state=ON
2026-10-06T09:09:01Z  OBSERVE  emailservice  rejection=0.0000  low=359 high=0  state=ON
2026-10-06T09:09:01Z  OBSERVE  paymentservice  rejection=0.0000  low=424 high=0  state=ON
2026-10-06T09:09:01Z  OBSERVE  productcatalogservice  rejection=0.0000  low=424 high=0  state=ON
2026-10-06T09:09:01Z  OBSERVE  recommendationservice  rejection=0.1747  low=1 high=0  state=ON
2026-10-06T09:09:01Z  OBSERVE  shippingservice  rejection=0.0000  low=424 high=0  state=ON
2026-10-06T09:09:02Z  OBSERVE  adservice  rejection=0.0000  low=425 high=0  state=ON
2026-10-06T09:09:02Z  OBSERVE  cartservice  rejection=0.0000  low=425 high=0  state=ON
2026-10-06T09:09:02Z  OBSERVE  checkoutservice  rejection=0.0000  low=354 high=0  state=ON
2026-10-06T09:09:02Z  OBSERVE  currencyservice  rejection=0.0000  low=425 high=0  state=ON
2026-10-06T09:09:02Z  OBSERVE  emailservice  rejection=0.0000  low=360 high=0  state=ON
2026-10-06T09:09:02Z  OBSERVE  paymentservice  rejection=0.0000  low=425 high=0  state=ON
2026-10-06T09:09:02Z  OBSERVE  productcatalogservice  rejection=0.0000  low=425 high=0  state=ON
2026-10-06T09:09:02Z  OBSERVE  recommendationservice  rejection=0.2285  low=0 high=1  state=ON
2026-10-06T09:09:02Z  OBSERVE  shippingservice  rejection=0.0000  low=425 high=0  state=ON
2026-10-06T09:09:03Z  OBSERVE  adservice  rejection=0.0000  low=426 high=0  state=ON
2026-10-06T09:09:03Z  OBSERVE  cartservice  rejection=0.0000  low=426 high=0  state=ON
2026-10-06T09:09:03Z  OBSERVE  checkoutservice  rejection=0.0000  low=355 high=0  state=ON
2026-10-06T09:09:03Z  OBSERVE  currencyservice  rejection=0.0000  low=426 high=0  state=ON
2026-10-06T09:09:03Z  OBSERVE  emailservice  rejection=0.0000  low=361 high=0  state=ON
2026-10-06T09:09:03Z  OBSERVE  paymentservice  rejection=0.0000  low=426 high=0  state=ON
2026-10-06T09:09:03Z  OBSERVE  productcatalogservice  rejection=0.0000  low=426 high=0  state=ON
2026-10-06T09:09:03Z  OBSERVE  recommendationservice  rejection=0.1940  low=1 high=0  state=ON
2026-10-06T09:09:03Z  OBSERVE  shippingservice  rejection=0.0000  low=426 high=0  state=ON
2026-10-06T09:09:04Z  OBSERVE  adservice  rejection=0.0000  low=427 high=0  state=ON
2026-10-06T09:09:04Z  OBSERVE  cartservice  rejection=0.0000  low=427 high=0  state=ON
2026-10-06T09:09:04Z  OBSERVE  checkoutservice  rejection=0.0000  low=356 high=0  state=ON
2026-10-06T09:09:04Z  OBSERVE  currencyservice  rejection=0.0000  low=427 high=0  state=ON
2026-10-06T09:09:04Z  OBSERVE  emailservice  rejection=0.0000  low=362 high=0  state=ON
2026-10-06T09:09:04Z  OBSERVE  paymentservice  rejection=0.0000  low=427 high=0  state=ON
2026-10-06T09:09:04Z  OBSERVE  productcatalogservice  rejection=0.0000  low=427 high=0  state=ON
2026-10-06T09:09:04Z  OBSERVE  recommendationservice  rejection=0.2086  low=0 high=1  state=ON
2026-10-06T09:09:04Z  OBSERVE  shippingservice  rejection=0.0000  low=427 high=0  state=ON
2026-10-06T09:09:05Z  OBSERVE  adservice  rejection=0.0000  low=428 high=0  state=ON
2026-10-06T09:09:05Z  OBSERVE  cartservice  rejection=0.0000  low=428 high=0  state=ON
2026-10-06T09:09:05Z  OBSERVE  checkoutservice  rejection=0.0000  low=357 high=0  state=ON
2026-10-06T09:09:05Z  OBSERVE  currencyservice  rejection=0.0000  low=428 high=0  state=ON
2026-10-06T09:09:05Z  OBSERVE  emailservice  rejection=0.0000  low=363 high=0  state=ON
2026-10-06T09:09:05Z  OBSERVE  paymentservice  rejection=0.0000  low=428 high=0  state=ON
2026-10-06T09:09:05Z  OBSERVE  productcatalogservice  rejection=0.0000  low=428 high=0  state=ON
2026-10-06T09:09:05Z  OBSERVE  recommendationservice  rejection=0.1920  low=1 high=0  state=ON
2026-10-06T09:09:05Z  OBSERVE  shippingservice  rejection=0.0000  low=428 high=0  state=ON
2026-10-06T09:09:06Z  OBSERVE  adservice  rejection=0.0000  low=429 high=0  state=ON
2026-10-06T09:09:06Z  OBSERVE  cartservice  rejection=0.0000  low=429 high=0  state=ON
2026-10-06T09:09:06Z  OBSERVE  checkoutservice  rejection=0.0000  low=358 high=0  state=ON
2026-10-06T09:09:06Z  OBSERVE  currencyservice  rejection=0.0000  low=429 high=0  state=ON
2026-10-06T09:09:06Z  OBSERVE  emailservice  rejection=0.0000  low=364 high=0  state=ON
2026-10-06T09:09:06Z  OBSERVE  paymentservice  rejection=0.0000  low=429 high=0  state=ON
2026-10-06T09:09:06Z  OBSERVE  productcatalogservice  rejection=0.0000  low=429 high=0  state=ON
2026-10-06T09:09:06Z  OBSERVE  recommendationservice  rejection=0.2353  low=0 high=1  state=ON
2026-10-06T09:09:06Z  OBSERVE  shippingservice  rejection=0.0000  low=429 high=0  state=ON
2026-10-06T09:09:07Z  OBSERVE  adservice  rejection=0.0000  low=430 high=0  state=ON
2026-10-06T09:09:07Z  OBSERVE  cartservice  rejection=0.0000  low=430 high=0  state=ON
2026-10-06T09:09:07Z  OBSERVE  checkoutservice  rejection=0.0000  low=359 high=0  state=ON
2026-10-06T09:09:07Z  OBSERVE  currencyservice  rejection=0.0000  low=430 high=0  state=ON
2026-10-06T09:09:07Z  OBSERVE  emailservice  rejection=0.0000  low=365 high=0  state=ON
2026-10-06T09:09:07Z  OBSERVE  paymentservice  rejection=0.0000  low=430 high=0  state=ON
2026-10-06T09:09:07Z  OBSERVE  productcatalogservice  rejection=0.0000  low=430 high=0  state=ON
2026-10-06T09:09:07Z  OBSERVE  recommendationservice  rejection=0.2145  low=0 high=2  state=ON
2026-10-06T09:09:07Z  OBSERVE  shippingservice  rejection=0.0000  low=430 high=0  state=ON
2026-10-06T09:09:08Z  OBSERVE  adservice  rejection=0.0000  low=431 high=0  state=ON
2026-10-06T09:09:08Z  OBSERVE  cartservice  rejection=0.0000  low=431 high=0  state=ON
2026-10-06T09:09:08Z  OBSERVE  checkoutservice  rejection=0.0000  low=360 high=0  state=ON
2026-10-06T09:09:08Z  OBSERVE  currencyservice  rejection=0.0000  low=431 high=0  state=ON
2026-10-06T09:09:08Z  OBSERVE  emailservice  rejection=0.0000  low=366 high=0  state=ON
2026-10-06T09:09:08Z  OBSERVE  paymentservice  rejection=0.0000  low=431 high=0  state=ON
2026-10-06T09:09:08Z  OBSERVE  productcatalogservice  rejection=0.0000  low=431 high=0  state=ON
2026-10-06T09:09:08Z  OBSERVE  recommendationservice  rejection=0.1570  low=1 high=0  state=ON
2026-10-06T09:09:08Z  OBSERVE  shippingservice  rejection=0.0000  low=431 high=0  state=ON
2026-10-06T09:09:09Z  OBSERVE  adservice  rejection=0.0000  low=432 high=0  state=ON
2026-10-06T09:09:09Z  OBSERVE  cartservice  rejection=0.0000  low=432 high=0  state=ON
2026-10-06T09:09:09Z  OBSERVE  checkoutservice  rejection=0.0000  low=361 high=0  state=ON
2026-10-06T09:09:09Z  OBSERVE  currencyservice  rejection=0.0000  low=432 high=0  state=ON
2026-10-06T09:09:09Z  OBSERVE  emailservice  rejection=0.0000  low=367 high=0  state=ON
2026-10-06T09:09:09Z  OBSERVE  paymentservice  rejection=0.0000  low=432 high=0  state=ON
2026-10-06T09:09:09Z  OBSERVE  productcatalogservice  rejection=0.0000  low=432 high=0  state=ON
2026-10-06T09:09:09Z  OBSERVE  recommendationservice  rejection=0.2005  low=0 high=1  state=ON
2026-10-06T09:09:09Z  OBSERVE  shippingservice  rejection=0.0000  low=432 high=0  state=ON
2026-10-06T09:09:10Z  OBSERVE  adservice  rejection=0.0000  low=433 high=0  state=ON
2026-10-06T09:09:10Z  OBSERVE  cartservice  rejection=0.0000  low=433 high=0  state=ON
2026-10-06T09:09:10Z  OBSERVE  checkoutservice  rejection=0.0000  low=362 high=0  state=ON
2026-10-06T09:09:10Z  OBSERVE  currencyservice  rejection=0.0000  low=433 high=0  state=ON
2026-10-06T09:09:10Z  OBSERVE  emailservice  rejection=0.0000  low=368 high=0  state=ON
2026-10-06T09:09:10Z  OBSERVE  paymentservice  rejection=0.0000  low=433 high=0  state=ON
2026-10-06T09:09:10Z  OBSERVE  productcatalogservice  rejection=0.0000  low=433 high=0  state=ON
2026-10-06T09:09:10Z  OBSERVE  recommendationservice  rejection=0.2118  low=0 high=2  state=ON
2026-10-06T09:09:10Z  OBSERVE  shippingservice  rejection=0.0000  low=433 high=0  state=ON
2026-10-06T09:09:11Z  OBSERVE  adservice  rejection=0.0000  low=434 high=0  state=ON
2026-10-06T09:09:11Z  OBSERVE  cartservice  rejection=0.0000  low=434 high=0  state=ON
2026-10-06T09:09:11Z  OBSERVE  checkoutservice  rejection=0.0000  low=363 high=0  state=ON
2026-10-06T09:09:11Z  OBSERVE  currencyservice  rejection=0.0000  low=434 high=0  state=ON
2026-10-06T09:09:11Z  OBSERVE  emailservice  rejection=0.0000  low=369 high=0  state=ON
2026-10-06T09:09:11Z  OBSERVE  paymentservice  rejection=0.0000  low=434 high=0  state=ON
2026-10-06T09:09:11Z  OBSERVE  productcatalogservice  rejection=0.0000  low=434 high=0  state=ON
2026-10-06T09:09:11Z  OBSERVE  recommendationservice  rejection=0.1978  low=1 high=0  state=ON
2026-10-06T09:09:11Z  OBSERVE  shippingservice  rejection=0.0000  low=434 high=0  state=ON
2026-10-06T09:09:12Z  OBSERVE  adservice  rejection=0.0000  low=435 high=0  state=ON
2026-10-06T09:09:12Z  OBSERVE  cartservice  rejection=0.0000  low=435 high=0  state=ON
2026-10-06T09:09:12Z  OBSERVE  checkoutservice  rejection=0.0000  low=364 high=0  state=ON
2026-10-06T09:09:12Z  OBSERVE  currencyservice  rejection=0.0000  low=435 high=0  state=ON
2026-10-06T09:09:12Z  OBSERVE  emailservice  rejection=0.0000  low=370 high=0  state=ON
2026-10-06T09:09:12Z  OBSERVE  paymentservice  rejection=0.0000  low=435 high=0  state=ON
2026-10-06T09:09:12Z  OBSERVE  productcatalogservice  rejection=0.0000  low=435 high=0  state=ON
2026-10-06T09:09:12Z  OBSERVE  recommendationservice  rejection=0.2128  low=0 high=1  state=ON
2026-10-06T09:09:12Z  OBSERVE  shippingservice  rejection=0.0000  low=435 high=0  state=ON
2026-10-06T09:09:13Z  OBSERVE  adservice  rejection=0.0000  low=436 high=0  state=ON
2026-10-06T09:09:13Z  OBSERVE  cartservice  rejection=0.0000  low=436 high=0  state=ON
2026-10-06T09:09:13Z  OBSERVE  checkoutservice  rejection=0.0000  low=365 high=0  state=ON
2026-10-06T09:09:13Z  OBSERVE  currencyservice  rejection=0.0000  low=436 high=0  state=ON
2026-10-06T09:09:13Z  OBSERVE  emailservice  rejection=0.0000  low=371 high=0  state=ON
2026-10-06T09:09:13Z  OBSERVE  paymentservice  rejection=0.0000  low=436 high=0  state=ON
2026-10-06T09:09:13Z  OBSERVE  productcatalogservice  rejection=0.0000  low=436 high=0  state=ON
2026-10-06T09:09:13Z  OBSERVE  recommendationservice  rejection=0.1761  low=1 high=0  state=ON
2026-10-06T09:09:13Z  OBSERVE  shippingservice  rejection=0.0000  low=436 high=0  state=ON
2026-10-06T09:09:14Z  OBSERVE  adservice  rejection=0.0000  low=437 high=0  state=ON
2026-10-06T09:09:14Z  OBSERVE  cartservice  rejection=0.0000  low=437 high=0  state=ON
2026-10-06T09:09:14Z  OBSERVE  checkoutservice  rejection=0.0000  low=366 high=0  state=ON
2026-10-06T09:09:14Z  OBSERVE  currencyservice  rejection=0.0000  low=437 high=0  state=ON
2026-10-06T09:09:14Z  OBSERVE  emailservice  rejection=0.0000  low=372 high=0  state=ON
2026-10-06T09:09:14Z  OBSERVE  paymentservice  rejection=0.0000  low=437 high=0  state=ON
2026-10-06T09:09:14Z  OBSERVE  productcatalogservice  rejection=0.0000  low=437 high=0  state=ON
2026-10-06T09:09:14Z  OBSERVE  recommendationservice  rejection=0.1821  low=2 high=0  state=ON
2026-10-06T09:09:14Z  OBSERVE  shippingservice  rejection=0.0000  low=437 high=0  state=ON
2026-10-06T09:09:15Z  SKIP  adservice  no metric data this sample
2026-10-06T09:09:15Z  SKIP  cartservice  no metric data this sample
2026-10-06T09:09:15Z  SKIP  checkoutservice  no metric data this sample
2026-10-06T09:09:15Z  SKIP  currencyservice  no metric data this sample
2026-10-06T09:09:15Z  SKIP  emailservice  no metric data this sample
2026-10-06T09:09:15Z  SKIP  paymentservice  no metric data this sample
2026-10-06T09:09:15Z  SKIP  productcatalogservice  no metric data this sample
2026-10-06T09:09:15Z  SKIP  recommendationservice  no metric data this sample
2026-10-06T09:09:15Z  SKIP  shippingservice  no metric data this sample
2026-10-06T09:09:16Z  OBSERVE  adservice  rejection=0.0000  low=438 high=0  state=ON
2026-10-06T09:09:16Z  OBSERVE  cartservice  rejection=0.0000  low=438 high=0  state=ON
2026-10-06T09:09:16Z  OBSERVE  checkoutservice  rejection=0.0000  low=367 high=0  state=ON
2026-10-06T09:09:16Z  OBSERVE  currencyservice  rejection=0.0000  low=438 high=0  state=ON
2026-10-06T09:09:16Z  OBSERVE  emailservice  rejection=0.0000  low=373 high=0  state=ON
2026-10-06T09:09:16Z  OBSERVE  paymentservice  rejection=0.0000  low=438 high=0  state=ON
2026-10-06T09:09:16Z  OBSERVE  productcatalogservice  rejection=0.0000  low=438 high=0  state=ON
2026-10-06T09:09:16Z  OBSERVE  recommendationservice  rejection=0.2078  low=0 high=1  state=ON
2026-10-06T09:09:16Z  OBSERVE  shippingservice  rejection=0.0000  low=438 high=0  state=ON
2026-10-06T09:09:17Z  OBSERVE  adservice  rejection=0.0000  low=439 high=0  state=ON
2026-10-06T09:09:17Z  OBSERVE  cartservice  rejection=0.0000  low=439 high=0  state=ON
2026-10-06T09:09:17Z  OBSERVE  checkoutservice  rejection=0.0000  low=368 high=0  state=ON
2026-10-06T09:09:17Z  OBSERVE  currencyservice  rejection=0.0000  low=439 high=0  state=ON
2026-10-06T09:09:17Z  OBSERVE  emailservice  rejection=0.0000  low=374 high=0  state=ON
2026-10-06T09:09:17Z  OBSERVE  paymentservice  rejection=0.0000  low=439 high=0  state=ON
2026-10-06T09:09:17Z  OBSERVE  productcatalogservice  rejection=0.0000  low=439 high=0  state=ON
2026-10-06T09:09:17Z  OBSERVE  recommendationservice  rejection=0.1988  low=1 high=0  state=ON
2026-10-06T09:09:17Z  OBSERVE  shippingservice  rejection=0.0000  low=439 high=0  state=ON
2026-10-06T09:09:18Z  OBSERVE  adservice  rejection=0.0000  low=440 high=0  state=ON
2026-10-06T09:09:18Z  OBSERVE  cartservice  rejection=0.0000  low=440 high=0  state=ON
2026-10-06T09:09:18Z  OBSERVE  checkoutservice  rejection=0.0000  low=369 high=0  state=ON
2026-10-06T09:09:18Z  OBSERVE  currencyservice  rejection=0.0000  low=440 high=0  state=ON
2026-10-06T09:09:18Z  OBSERVE  emailservice  rejection=0.0000  low=375 high=0  state=ON
2026-10-06T09:09:18Z  OBSERVE  paymentservice  rejection=0.0000  low=440 high=0  state=ON
2026-10-06T09:09:18Z  OBSERVE  productcatalogservice  rejection=0.0000  low=440 high=0  state=ON
2026-10-06T09:09:18Z  OBSERVE  recommendationservice  rejection=0.2380  low=0 high=1  state=ON
2026-10-06T09:09:18Z  OBSERVE  shippingservice  rejection=0.0000  low=440 high=0  state=ON
2026-10-06T09:09:19Z  OBSERVE  adservice  rejection=0.0000  low=441 high=0  state=ON
2026-10-06T09:09:19Z  OBSERVE  cartservice  rejection=0.0000  low=441 high=0  state=ON
2026-10-06T09:09:19Z  OBSERVE  checkoutservice  rejection=0.0000  low=370 high=0  state=ON
2026-10-06T09:09:19Z  OBSERVE  currencyservice  rejection=0.0000  low=441 high=0  state=ON
2026-10-06T09:09:19Z  OBSERVE  emailservice  rejection=0.0000  low=376 high=0  state=ON
2026-10-06T09:09:19Z  OBSERVE  paymentservice  rejection=0.0000  low=441 high=0  state=ON
2026-10-06T09:09:19Z  OBSERVE  productcatalogservice  rejection=0.0000  low=441 high=0  state=ON
2026-10-06T09:09:19Z  OBSERVE  recommendationservice  rejection=0.1614  low=1 high=0  state=ON
2026-10-06T09:09:19Z  OBSERVE  shippingservice  rejection=0.0000  low=441 high=0  state=ON
2026-10-06T09:09:20Z  OBSERVE  adservice  rejection=0.0000  low=442 high=0  state=ON
2026-10-06T09:09:20Z  OBSERVE  cartservice  rejection=0.0000  low=442 high=0  state=ON
2026-10-06T09:09:20Z  OBSERVE  checkoutservice  rejection=0.0000  low=371 high=0  state=ON
2026-10-06T09:09:20Z  OBSERVE  currencyservice  rejection=0.0000  low=442 high=0  state=ON
2026-10-06T09:09:20Z  OBSERVE  emailservice  rejection=0.0000  low=377 high=0  state=ON
2026-10-06T09:09:20Z  OBSERVE  paymentservice  rejection=0.0000  low=442 high=0  state=ON
2026-10-06T09:09:20Z  OBSERVE  productcatalogservice  rejection=0.0000  low=442 high=0  state=ON
2026-10-06T09:09:20Z  OBSERVE  recommendationservice  rejection=0.1732  low=2 high=0  state=ON
2026-10-06T09:09:20Z  OBSERVE  shippingservice  rejection=0.0000  low=442 high=0  state=ON
2026-10-06T09:09:21Z  OBSERVE  adservice  rejection=0.0000  low=443 high=0  state=ON
2026-10-06T09:09:21Z  OBSERVE  cartservice  rejection=0.0000  low=443 high=0  state=ON
2026-10-06T09:09:21Z  OBSERVE  checkoutservice  rejection=0.0000  low=372 high=0  state=ON
2026-10-06T09:09:21Z  OBSERVE  currencyservice  rejection=0.0000  low=443 high=0  state=ON
2026-10-06T09:09:21Z  OBSERVE  emailservice  rejection=0.0000  low=378 high=0  state=ON
2026-10-06T09:09:21Z  OBSERVE  paymentservice  rejection=0.0000  low=443 high=0  state=ON
2026-10-06T09:09:21Z  OBSERVE  productcatalogservice  rejection=0.0000  low=443 high=0  state=ON
2026-10-06T09:09:21Z  OBSERVE  recommendationservice  rejection=0.1974  low=3 high=0  state=ON
2026-10-06T09:09:21Z  OBSERVE  shippingservice  rejection=0.0000  low=443 high=0  state=ON
2026-10-06T09:09:22Z  OBSERVE  adservice  rejection=0.0000  low=444 high=0  state=ON
2026-10-06T09:09:22Z  OBSERVE  cartservice  rejection=0.0000  low=444 high=0  state=ON
2026-10-06T09:09:22Z  OBSERVE  checkoutservice  rejection=0.0000  low=373 high=0  state=ON
2026-10-06T09:09:22Z  OBSERVE  currencyservice  rejection=0.0000  low=444 high=0  state=ON
2026-10-06T09:09:22Z  OBSERVE  emailservice  rejection=0.0000  low=379 high=0  state=ON
2026-10-06T09:09:22Z  OBSERVE  paymentservice  rejection=0.0000  low=444 high=0  state=ON
2026-10-06T09:09:22Z  OBSERVE  productcatalogservice  rejection=0.0000  low=444 high=0  state=ON
2026-10-06T09:09:22Z  OBSERVE  recommendationservice  rejection=0.2112  low=0 high=1  state=ON
2026-10-06T09:09:22Z  OBSERVE  shippingservice  rejection=0.0000  low=444 high=0  state=ON
2026-10-06T09:09:23Z  OBSERVE  adservice  rejection=0.0000  low=445 high=0  state=ON
2026-10-06T09:09:23Z  OBSERVE  cartservice  rejection=0.0000  low=445 high=0  state=ON
2026-10-06T09:09:23Z  OBSERVE  checkoutservice  rejection=0.0000  low=374 high=0  state=ON
2026-10-06T09:09:23Z  OBSERVE  currencyservice  rejection=0.0000  low=445 high=0  state=ON
2026-10-06T09:09:23Z  OBSERVE  emailservice  rejection=0.0000  low=380 high=0  state=ON
2026-10-06T09:09:23Z  OBSERVE  paymentservice  rejection=0.0000  low=445 high=0  state=ON
2026-10-06T09:09:23Z  OBSERVE  productcatalogservice  rejection=0.0000  low=445 high=0  state=ON
2026-10-06T09:09:23Z  OBSERVE  recommendationservice  rejection=0.1849  low=1 high=0  state=ON
2026-10-06T09:09:23Z  OBSERVE  shippingservice  rejection=0.0000  low=445 high=0  state=ON
2026-10-06T09:09:24Z  OBSERVE  adservice  rejection=0.0000  low=446 high=0  state=ON
2026-10-06T09:09:24Z  OBSERVE  cartservice  rejection=0.0000  low=446 high=0  state=ON
2026-10-06T09:09:24Z  OBSERVE  checkoutservice  rejection=0.0000  low=375 high=0  state=ON
2026-10-06T09:09:24Z  OBSERVE  currencyservice  rejection=0.0000  low=446 high=0  state=ON
2026-10-06T09:09:24Z  OBSERVE  emailservice  rejection=0.0000  low=381 high=0  state=ON
2026-10-06T09:09:24Z  OBSERVE  paymentservice  rejection=0.0000  low=446 high=0  state=ON
2026-10-06T09:09:24Z  OBSERVE  productcatalogservice  rejection=0.0000  low=446 high=0  state=ON
2026-10-06T09:09:24Z  OBSERVE  recommendationservice  rejection=0.1961  low=2 high=0  state=ON
2026-10-06T09:09:24Z  OBSERVE  shippingservice  rejection=0.0000  low=446 high=0  state=ON
2026-10-06T09:09:25Z  OBSERVE  adservice  rejection=0.0000  low=447 high=0  state=ON
2026-10-06T09:09:25Z  OBSERVE  cartservice  rejection=0.0000  low=447 high=0  state=ON
2026-10-06T09:09:25Z  OBSERVE  checkoutservice  rejection=0.0000  low=376 high=0  state=ON
2026-10-06T09:09:25Z  OBSERVE  currencyservice  rejection=0.0000  low=447 high=0  state=ON
2026-10-06T09:09:25Z  OBSERVE  emailservice  rejection=0.0000  low=382 high=0  state=ON
2026-10-06T09:09:25Z  OBSERVE  paymentservice  rejection=0.0000  low=447 high=0  state=ON
2026-10-06T09:09:25Z  OBSERVE  productcatalogservice  rejection=0.0000  low=447 high=0  state=ON
2026-10-06T09:09:25Z  OBSERVE  recommendationservice  rejection=0.1861  low=3 high=0  state=ON
2026-10-06T09:09:25Z  OBSERVE  shippingservice  rejection=0.0000  low=447 high=0  state=ON
2026-10-06T09:09:26Z  OBSERVE  adservice  rejection=0.0000  low=448 high=0  state=ON
2026-10-06T09:09:26Z  OBSERVE  cartservice  rejection=0.0000  low=448 high=0  state=ON
2026-10-06T09:09:26Z  OBSERVE  checkoutservice  rejection=0.0000  low=377 high=0  state=ON
2026-10-06T09:09:26Z  OBSERVE  currencyservice  rejection=0.0000  low=448 high=0  state=ON
2026-10-06T09:09:26Z  OBSERVE  emailservice  rejection=0.0000  low=383 high=0  state=ON
2026-10-06T09:09:26Z  OBSERVE  paymentservice  rejection=0.0000  low=448 high=0  state=ON
2026-10-06T09:09:26Z  OBSERVE  productcatalogservice  rejection=0.0000  low=448 high=0  state=ON
2026-10-06T09:09:26Z  OBSERVE  recommendationservice  rejection=0.1715  low=4 high=0  state=ON
2026-10-06T09:09:26Z  OBSERVE  shippingservice  rejection=0.0000  low=448 high=0  state=ON
2026-10-06T09:09:27Z  OBSERVE  adservice  rejection=0.0000  low=449 high=0  state=ON
2026-10-06T09:09:27Z  OBSERVE  cartservice  rejection=0.0000  low=449 high=0  state=ON
2026-10-06T09:09:27Z  OBSERVE  checkoutservice  rejection=0.0000  low=378 high=0  state=ON
2026-10-06T09:09:27Z  OBSERVE  currencyservice  rejection=0.0000  low=449 high=0  state=ON
2026-10-06T09:09:27Z  OBSERVE  emailservice  rejection=0.0000  low=384 high=0  state=ON
2026-10-06T09:09:27Z  OBSERVE  paymentservice  rejection=0.0000  low=449 high=0  state=ON
2026-10-06T09:09:27Z  OBSERVE  productcatalogservice  rejection=0.0000  low=449 high=0  state=ON
2026-10-06T09:09:27Z  OBSERVE  recommendationservice  rejection=0.2462  low=0 high=1  state=ON
2026-10-06T09:09:27Z  OBSERVE  shippingservice  rejection=0.0000  low=449 high=0  state=ON
2026-10-06T09:09:28Z  SKIP  adservice  no metric data this sample
2026-10-06T09:09:28Z  SKIP  cartservice  no metric data this sample
2026-10-06T09:09:28Z  SKIP  checkoutservice  no metric data this sample
2026-10-06T09:09:28Z  SKIP  currencyservice  no metric data this sample
2026-10-06T09:09:28Z  SKIP  emailservice  no metric data this sample
2026-10-06T09:09:28Z  SKIP  paymentservice  no metric data this sample
2026-10-06T09:09:28Z  SKIP  productcatalogservice  no metric data this sample
2026-10-06T09:09:28Z  SKIP  recommendationservice  no metric data this sample
2026-10-06T09:09:28Z  SKIP  shippingservice  no metric data this sample
2026-10-06T09:09:29Z  OBSERVE  adservice  rejection=0.0000  low=450 high=0  state=ON
2026-10-06T09:09:29Z  OBSERVE  cartservice  rejection=0.0000  low=450 high=0  state=ON
2026-10-06T09:09:29Z  OBSERVE  checkoutservice  rejection=0.0000  low=379 high=0  state=ON
2026-10-06T09:09:29Z  OBSERVE  currencyservice  rejection=0.0000  low=450 high=0  state=ON
2026-10-06T09:09:29Z  OBSERVE  emailservice  rejection=0.0000  low=385 high=0  state=ON
2026-10-06T09:09:29Z  OBSERVE  paymentservice  rejection=0.0000  low=450 high=0  state=ON
2026-10-06T09:09:29Z  OBSERVE  productcatalogservice  rejection=0.0000  low=450 high=0  state=ON
2026-10-06T09:09:29Z  OBSERVE  recommendationservice  rejection=0.2292  low=0 high=2  state=ON
2026-10-06T09:09:29Z  OBSERVE  shippingservice  rejection=0.0000  low=450 high=0  state=ON
2026-10-06T09:09:30Z  OBSERVE  adservice  rejection=0.0000  low=451 high=0  state=ON
2026-10-06T09:09:30Z  OBSERVE  cartservice  rejection=0.0000  low=451 high=0  state=ON
2026-10-06T09:09:30Z  OBSERVE  checkoutservice  rejection=0.0000  low=380 high=0  state=ON
2026-10-06T09:09:30Z  OBSERVE  currencyservice  rejection=0.0000  low=451 high=0  state=ON
2026-10-06T09:09:30Z  OBSERVE  emailservice  rejection=0.0000  low=386 high=0  state=ON
2026-10-06T09:09:30Z  OBSERVE  paymentservice  rejection=0.0000  low=451 high=0  state=ON
2026-10-06T09:09:30Z  OBSERVE  productcatalogservice  rejection=0.0000  low=451 high=0  state=ON
2026-10-06T09:09:30Z  OBSERVE  recommendationservice  rejection=0.2390  low=0 high=3  state=ON
2026-10-06T09:09:30Z  OBSERVE  shippingservice  rejection=0.0000  low=451 high=0  state=ON
2026-10-06T09:09:31Z  OBSERVE  adservice  rejection=0.0000  low=452 high=0  state=ON
2026-10-06T09:09:31Z  OBSERVE  cartservice  rejection=0.0000  low=452 high=0  state=ON
2026-10-06T09:09:31Z  OBSERVE  checkoutservice  rejection=0.0000  low=381 high=0  state=ON
2026-10-06T09:09:31Z  OBSERVE  currencyservice  rejection=0.0000  low=452 high=0  state=ON
2026-10-06T09:09:31Z  OBSERVE  emailservice  rejection=0.0000  low=387 high=0  state=ON
2026-10-06T09:09:31Z  OBSERVE  paymentservice  rejection=0.0000  low=452 high=0  state=ON
2026-10-06T09:09:31Z  OBSERVE  productcatalogservice  rejection=0.0000  low=452 high=0  state=ON
2026-10-06T09:09:31Z  OBSERVE  recommendationservice  rejection=0.2173  low=0 high=4  state=ON
2026-10-06T09:09:31Z  OBSERVE  shippingservice  rejection=0.0000  low=452 high=0  state=ON
2026-10-06T09:09:32Z  OBSERVE  adservice  rejection=0.0000  low=453 high=0  state=ON
2026-10-06T09:09:32Z  OBSERVE  cartservice  rejection=0.0000  low=453 high=0  state=ON
2026-10-06T09:09:32Z  OBSERVE  checkoutservice  rejection=0.0000  low=382 high=0  state=ON
2026-10-06T09:09:32Z  OBSERVE  currencyservice  rejection=0.0000  low=453 high=0  state=ON
2026-10-06T09:09:32Z  OBSERVE  emailservice  rejection=0.0000  low=388 high=0  state=ON
2026-10-06T09:09:32Z  OBSERVE  paymentservice  rejection=0.0000  low=453 high=0  state=ON
2026-10-06T09:09:32Z  OBSERVE  productcatalogservice  rejection=0.0000  low=453 high=0  state=ON
2026-10-06T09:09:32Z  OBSERVE  recommendationservice  rejection=0.2402  low=0 high=5  state=ON
2026-10-06T09:09:32Z  OBSERVE  shippingservice  rejection=0.0000  low=453 high=0  state=ON
2026-10-06T09:09:33Z  OBSERVE  adservice  rejection=0.0000  low=454 high=0  state=ON
2026-10-06T09:09:33Z  OBSERVE  cartservice  rejection=0.0000  low=454 high=0  state=ON
2026-10-06T09:09:33Z  OBSERVE  checkoutservice  rejection=0.0000  low=383 high=0  state=ON
2026-10-06T09:09:33Z  OBSERVE  currencyservice  rejection=0.0000  low=454 high=0  state=ON
2026-10-06T09:09:33Z  OBSERVE  emailservice  rejection=0.0000  low=389 high=0  state=ON
2026-10-06T09:09:33Z  OBSERVE  paymentservice  rejection=0.0000  low=454 high=0  state=ON
2026-10-06T09:09:33Z  OBSERVE  productcatalogservice  rejection=0.0000  low=454 high=0  state=ON
2026-10-06T09:09:33Z  OBSERVE  recommendationservice  rejection=0.1686  low=1 high=0  state=ON
2026-10-06T09:09:33Z  OBSERVE  shippingservice  rejection=0.0000  low=454 high=0  state=ON
2026-10-06T09:09:34Z  OBSERVE  adservice  rejection=0.0000  low=455 high=0  state=ON
2026-10-06T09:09:34Z  OBSERVE  cartservice  rejection=0.0000  low=455 high=0  state=ON
2026-10-06T09:09:34Z  OBSERVE  checkoutservice  rejection=0.0000  low=384 high=0  state=ON
2026-10-06T09:09:34Z  OBSERVE  currencyservice  rejection=0.0000  low=455 high=0  state=ON
2026-10-06T09:09:34Z  OBSERVE  emailservice  rejection=0.0000  low=390 high=0  state=ON
2026-10-06T09:09:34Z  OBSERVE  paymentservice  rejection=0.0000  low=455 high=0  state=ON
2026-10-06T09:09:34Z  OBSERVE  productcatalogservice  rejection=0.0000  low=455 high=0  state=ON
2026-10-06T09:09:34Z  OBSERVE  recommendationservice  rejection=0.1804  low=2 high=0  state=ON
2026-10-06T09:09:34Z  OBSERVE  shippingservice  rejection=0.0000  low=455 high=0  state=ON
2026-10-06T09:09:35Z  OBSERVE  adservice  rejection=0.0000  low=456 high=0  state=ON
2026-10-06T09:09:35Z  OBSERVE  cartservice  rejection=0.0000  low=456 high=0  state=ON
2026-10-06T09:09:35Z  OBSERVE  checkoutservice  rejection=0.0000  low=385 high=0  state=ON
2026-10-06T09:09:35Z  OBSERVE  currencyservice  rejection=0.0000  low=456 high=0  state=ON
2026-10-06T09:09:35Z  OBSERVE  emailservice  rejection=0.0000  low=391 high=0  state=ON
2026-10-06T09:09:35Z  OBSERVE  paymentservice  rejection=0.0000  low=456 high=0  state=ON
2026-10-06T09:09:35Z  OBSERVE  productcatalogservice  rejection=0.0000  low=456 high=0  state=ON
2026-10-06T09:09:35Z  OBSERVE  recommendationservice  rejection=0.2046  low=0 high=1  state=ON
2026-10-06T09:09:35Z  OBSERVE  shippingservice  rejection=0.0000  low=456 high=0  state=ON
2026-10-06T09:09:36Z  OBSERVE  adservice  rejection=0.0000  low=457 high=0  state=ON
2026-10-06T09:09:36Z  OBSERVE  cartservice  rejection=0.0000  low=457 high=0  state=ON
2026-10-06T09:09:36Z  OBSERVE  checkoutservice  rejection=0.0000  low=386 high=0  state=ON
2026-10-06T09:09:36Z  OBSERVE  currencyservice  rejection=0.0000  low=457 high=0  state=ON
2026-10-06T09:09:36Z  OBSERVE  emailservice  rejection=0.0000  low=392 high=0  state=ON
2026-10-06T09:09:36Z  OBSERVE  paymentservice  rejection=0.0000  low=457 high=0  state=ON
2026-10-06T09:09:36Z  OBSERVE  productcatalogservice  rejection=0.0000  low=457 high=0  state=ON
2026-10-06T09:09:36Z  OBSERVE  recommendationservice  rejection=0.2822  low=0 high=2  state=ON
2026-10-06T09:09:36Z  OBSERVE  shippingservice  rejection=0.0000  low=457 high=0  state=ON
2026-10-06T09:09:37Z  OBSERVE  adservice  rejection=0.0000  low=458 high=0  state=ON
2026-10-06T09:09:37Z  OBSERVE  cartservice  rejection=0.0000  low=458 high=0  state=ON
2026-10-06T09:09:37Z  OBSERVE  checkoutservice  rejection=0.0000  low=387 high=0  state=ON
2026-10-06T09:09:37Z  OBSERVE  currencyservice  rejection=0.0000  low=458 high=0  state=ON
2026-10-06T09:09:37Z  OBSERVE  emailservice  rejection=0.0000  low=393 high=0  state=ON
2026-10-06T09:09:37Z  OBSERVE  paymentservice  rejection=0.0000  low=458 high=0  state=ON
2026-10-06T09:09:37Z  OBSERVE  productcatalogservice  rejection=0.0000  low=458 high=0  state=ON
2026-10-06T09:09:37Z  OBSERVE  recommendationservice  rejection=0.2442  low=0 high=3  state=ON
2026-10-06T09:09:37Z  OBSERVE  shippingservice  rejection=0.0000  low=458 high=0  state=ON
2026-10-06T09:09:38Z  OBSERVE  adservice  rejection=0.0000  low=459 high=0  state=ON
2026-10-06T09:09:38Z  OBSERVE  cartservice  rejection=0.0000  low=459 high=0  state=ON
2026-10-06T09:09:38Z  OBSERVE  checkoutservice  rejection=0.0000  low=388 high=0  state=ON
2026-10-06T09:09:38Z  OBSERVE  currencyservice  rejection=0.0000  low=459 high=0  state=ON
2026-10-06T09:09:38Z  OBSERVE  emailservice  rejection=0.0000  low=394 high=0  state=ON
2026-10-06T09:09:38Z  OBSERVE  paymentservice  rejection=0.0000  low=459 high=0  state=ON
2026-10-06T09:09:38Z  OBSERVE  productcatalogservice  rejection=0.0000  low=459 high=0  state=ON
2026-10-06T09:09:38Z  OBSERVE  recommendationservice  rejection=0.1580  low=1 high=0  state=ON
2026-10-06T09:09:38Z  OBSERVE  shippingservice  rejection=0.0000  low=459 high=0  state=ON
2026-10-06T09:09:39Z  OBSERVE  adservice  rejection=0.0000  low=460 high=0  state=ON
2026-10-06T09:09:39Z  OBSERVE  cartservice  rejection=0.0000  low=460 high=0  state=ON
2026-10-06T09:09:39Z  OBSERVE  checkoutservice  rejection=0.0000  low=389 high=0  state=ON
2026-10-06T09:09:39Z  OBSERVE  currencyservice  rejection=0.0000  low=460 high=0  state=ON
2026-10-06T09:09:39Z  OBSERVE  emailservice  rejection=0.0000  low=395 high=0  state=ON
2026-10-06T09:09:39Z  OBSERVE  paymentservice  rejection=0.0000  low=460 high=0  state=ON
2026-10-06T09:09:39Z  OBSERVE  productcatalogservice  rejection=0.0000  low=460 high=0  state=ON
2026-10-06T09:09:39Z  OBSERVE  recommendationservice  rejection=0.2118  low=0 high=1  state=ON
2026-10-06T09:09:39Z  OBSERVE  shippingservice  rejection=0.0000  low=460 high=0  state=ON
2026-10-06T09:09:40Z  SKIP  adservice  no metric data this sample
2026-10-06T09:09:40Z  SKIP  cartservice  no metric data this sample
2026-10-06T09:09:40Z  SKIP  checkoutservice  no metric data this sample
2026-10-06T09:09:40Z  SKIP  currencyservice  no metric data this sample
2026-10-06T09:09:40Z  SKIP  emailservice  no metric data this sample
2026-10-06T09:09:40Z  SKIP  paymentservice  no metric data this sample
2026-10-06T09:09:40Z  SKIP  productcatalogservice  no metric data this sample
2026-10-06T09:09:40Z  SKIP  recommendationservice  no metric data this sample
2026-10-06T09:09:40Z  SKIP  shippingservice  no metric data this sample
2026-10-06T09:09:41Z  OBSERVE  adservice  rejection=0.0000  low=461 high=0  state=ON
2026-10-06T09:09:41Z  OBSERVE  cartservice  rejection=0.0000  low=461 high=0  state=ON
2026-10-06T09:09:41Z  OBSERVE  checkoutservice  rejection=0.0000  low=390 high=0  state=ON
2026-10-06T09:09:41Z  OBSERVE  currencyservice  rejection=0.0000  low=461 high=0  state=ON
2026-10-06T09:09:41Z  OBSERVE  emailservice  rejection=0.0000  low=396 high=0  state=ON
2026-10-06T09:09:41Z  OBSERVE  paymentservice  rejection=0.0000  low=461 high=0  state=ON
2026-10-06T09:09:41Z  OBSERVE  productcatalogservice  rejection=0.0000  low=461 high=0  state=ON
2026-10-06T09:09:41Z  OBSERVE  recommendationservice  rejection=0.1835  low=1 high=0  state=ON
2026-10-06T09:09:41Z  OBSERVE  shippingservice  rejection=0.0000  low=461 high=0  state=ON
2026-10-06T09:09:42Z  OBSERVE  adservice  rejection=0.0000  low=462 high=0  state=ON
2026-10-06T09:09:42Z  OBSERVE  cartservice  rejection=0.0000  low=462 high=0  state=ON
2026-10-06T09:09:42Z  OBSERVE  checkoutservice  rejection=0.0000  low=391 high=0  state=ON
2026-10-06T09:09:42Z  OBSERVE  currencyservice  rejection=0.0000  low=462 high=0  state=ON
2026-10-06T09:09:42Z  OBSERVE  emailservice  rejection=0.0000  low=397 high=0  state=ON
2026-10-06T09:09:42Z  OBSERVE  paymentservice  rejection=0.0000  low=462 high=0  state=ON
2026-10-06T09:09:42Z  OBSERVE  productcatalogservice  rejection=0.0000  low=462 high=0  state=ON
2026-10-06T09:09:42Z  OBSERVE  recommendationservice  rejection=0.2729  low=0 high=1  state=ON
2026-10-06T09:09:42Z  OBSERVE  shippingservice  rejection=0.0000  low=462 high=0  state=ON
2026-10-06T09:09:43Z  OBSERVE  adservice  rejection=0.0000  low=463 high=0  state=ON
2026-10-06T09:09:43Z  OBSERVE  cartservice  rejection=0.0000  low=463 high=0  state=ON
2026-10-06T09:09:43Z  OBSERVE  checkoutservice  rejection=0.0000  low=392 high=0  state=ON
2026-10-06T09:09:43Z  OBSERVE  currencyservice  rejection=0.0000  low=463 high=0  state=ON
2026-10-06T09:09:43Z  OBSERVE  emailservice  rejection=0.0000  low=398 high=0  state=ON
2026-10-06T09:09:43Z  OBSERVE  paymentservice  rejection=0.0000  low=463 high=0  state=ON
2026-10-06T09:09:43Z  OBSERVE  productcatalogservice  rejection=0.0000  low=463 high=0  state=ON
2026-10-06T09:09:43Z  OBSERVE  recommendationservice  rejection=0.2044  low=0 high=2  state=ON
2026-10-06T09:09:43Z  OBSERVE  shippingservice  rejection=0.0000  low=463 high=0  state=ON
2026-10-06T09:09:44Z  OBSERVE  adservice  rejection=0.0000  low=464 high=0  state=ON
2026-10-06T09:09:44Z  OBSERVE  cartservice  rejection=0.0000  low=464 high=0  state=ON
2026-10-06T09:09:44Z  OBSERVE  checkoutservice  rejection=0.0000  low=393 high=0  state=ON
2026-10-06T09:09:44Z  OBSERVE  currencyservice  rejection=0.0000  low=464 high=0  state=ON
2026-10-06T09:09:44Z  OBSERVE  emailservice  rejection=0.0000  low=399 high=0  state=ON
2026-10-06T09:09:44Z  OBSERVE  paymentservice  rejection=0.0000  low=464 high=0  state=ON
2026-10-06T09:09:44Z  OBSERVE  productcatalogservice  rejection=0.0000  low=464 high=0  state=ON
2026-10-06T09:09:44Z  OBSERVE  recommendationservice  rejection=0.2666  low=0 high=3  state=ON
2026-10-06T09:09:44Z  OBSERVE  shippingservice  rejection=0.0000  low=464 high=0  state=ON
2026-10-06T09:09:45Z  SKIP  adservice  no metric data this sample
2026-10-06T09:09:45Z  SKIP  cartservice  no metric data this sample
2026-10-06T09:09:45Z  SKIP  checkoutservice  no metric data this sample
2026-10-06T09:09:45Z  SKIP  currencyservice  no metric data this sample
2026-10-06T09:09:45Z  SKIP  emailservice  no metric data this sample
2026-10-06T09:09:45Z  SKIP  paymentservice  no metric data this sample
2026-10-06T09:09:45Z  SKIP  productcatalogservice  no metric data this sample
2026-10-06T09:09:45Z  SKIP  recommendationservice  no metric data this sample
2026-10-06T09:09:45Z  SKIP  shippingservice  no metric data this sample
2026-10-06T09:09:46Z  OBSERVE  adservice  rejection=0.0000  low=465 high=0  state=ON
2026-10-06T09:09:46Z  OBSERVE  cartservice  rejection=0.0000  low=465 high=0  state=ON
2026-10-06T09:09:46Z  OBSERVE  checkoutservice  rejection=0.0000  low=394 high=0  state=ON
2026-10-06T09:09:46Z  OBSERVE  currencyservice  rejection=0.0000  low=465 high=0  state=ON
2026-10-06T09:09:46Z  OBSERVE  emailservice  rejection=0.0000  low=400 high=0  state=ON
2026-10-06T09:09:46Z  OBSERVE  paymentservice  rejection=0.0000  low=465 high=0  state=ON
2026-10-06T09:09:46Z  OBSERVE  productcatalogservice  rejection=0.0000  low=465 high=0  state=ON
2026-10-06T09:09:46Z  OBSERVE  recommendationservice  rejection=0.1715  low=1 high=0  state=ON
2026-10-06T09:09:46Z  OBSERVE  shippingservice  rejection=0.0000  low=465 high=0  state=ON
2026-10-06T09:09:47Z  OBSERVE  adservice  rejection=0.0000  low=466 high=0  state=ON
2026-10-06T09:09:47Z  OBSERVE  cartservice  rejection=0.0000  low=466 high=0  state=ON
2026-10-06T09:09:47Z  OBSERVE  checkoutservice  rejection=0.0000  low=395 high=0  state=ON
2026-10-06T09:09:47Z  OBSERVE  currencyservice  rejection=0.0000  low=466 high=0  state=ON
2026-10-06T09:09:47Z  OBSERVE  emailservice  rejection=0.0000  low=401 high=0  state=ON
2026-10-06T09:09:47Z  OBSERVE  paymentservice  rejection=0.0000  low=466 high=0  state=ON
2026-10-06T09:09:47Z  OBSERVE  productcatalogservice  rejection=0.0000  low=466 high=0  state=ON
2026-10-06T09:09:47Z  OBSERVE  recommendationservice  rejection=0.1773  low=2 high=0  state=ON
2026-10-06T09:09:47Z  OBSERVE  shippingservice  rejection=0.0000  low=466 high=0  state=ON
2026-10-06T09:09:48Z  OBSERVE  adservice  rejection=0.0000  low=467 high=0  state=ON
2026-10-06T09:09:48Z  OBSERVE  cartservice  rejection=0.0000  low=467 high=0  state=ON
2026-10-06T09:09:48Z  OBSERVE  checkoutservice  rejection=0.0000  low=396 high=0  state=ON
2026-10-06T09:09:48Z  OBSERVE  currencyservice  rejection=0.0000  low=467 high=0  state=ON
2026-10-06T09:09:48Z  OBSERVE  emailservice  rejection=0.0000  low=402 high=0  state=ON
2026-10-06T09:09:48Z  OBSERVE  paymentservice  rejection=0.0000  low=467 high=0  state=ON
2026-10-06T09:09:48Z  OBSERVE  productcatalogservice  rejection=0.0000  low=467 high=0  state=ON
2026-10-06T09:09:48Z  OBSERVE  recommendationservice  rejection=0.2297  low=0 high=1  state=ON
2026-10-06T09:09:48Z  OBSERVE  shippingservice  rejection=0.0000  low=467 high=0  state=ON
2026-10-06T09:09:49Z  OBSERVE  adservice  rejection=0.0000  low=468 high=0  state=ON
2026-10-06T09:09:49Z  OBSERVE  cartservice  rejection=0.0000  low=468 high=0  state=ON
2026-10-06T09:09:49Z  OBSERVE  checkoutservice  rejection=0.0000  low=397 high=0  state=ON
2026-10-06T09:09:49Z  OBSERVE  currencyservice  rejection=0.0000  low=468 high=0  state=ON
2026-10-06T09:09:49Z  OBSERVE  emailservice  rejection=0.0000  low=403 high=0  state=ON
2026-10-06T09:09:49Z  OBSERVE  paymentservice  rejection=0.0000  low=468 high=0  state=ON
2026-10-06T09:09:49Z  OBSERVE  productcatalogservice  rejection=0.0000  low=468 high=0  state=ON
2026-10-06T09:09:49Z  OBSERVE  recommendationservice  rejection=0.1804  low=1 high=0  state=ON
2026-10-06T09:09:49Z  OBSERVE  shippingservice  rejection=0.0000  low=468 high=0  state=ON
2026-10-06T09:09:50Z  SKIP  adservice  no metric data this sample
2026-10-06T09:09:50Z  SKIP  cartservice  no metric data this sample
2026-10-06T09:09:50Z  SKIP  checkoutservice  no metric data this sample
2026-10-06T09:09:50Z  SKIP  currencyservice  no metric data this sample
2026-10-06T09:09:50Z  SKIP  emailservice  no metric data this sample
2026-10-06T09:09:50Z  SKIP  paymentservice  no metric data this sample
2026-10-06T09:09:50Z  SKIP  productcatalogservice  no metric data this sample
2026-10-06T09:09:50Z  SKIP  recommendationservice  no metric data this sample
2026-10-06T09:09:50Z  SKIP  shippingservice  no metric data this sample
2026-10-06T09:09:51Z  OBSERVE  adservice  rejection=0.0000  low=469 high=0  state=ON
2026-10-06T09:09:51Z  OBSERVE  cartservice  rejection=0.0000  low=469 high=0  state=ON
2026-10-06T09:09:51Z  OBSERVE  checkoutservice  rejection=0.0000  low=398 high=0  state=ON
2026-10-06T09:09:51Z  OBSERVE  currencyservice  rejection=0.0000  low=469 high=0  state=ON
2026-10-06T09:09:51Z  OBSERVE  emailservice  rejection=0.0000  low=404 high=0  state=ON
2026-10-06T09:09:51Z  OBSERVE  paymentservice  rejection=0.0000  low=469 high=0  state=ON
2026-10-06T09:09:51Z  OBSERVE  productcatalogservice  rejection=0.0000  low=469 high=0  state=ON
2026-10-06T09:09:51Z  OBSERVE  recommendationservice  rejection=0.2248  low=0 high=1  state=ON
2026-10-06T09:09:51Z  OBSERVE  shippingservice  rejection=0.0000  low=469 high=0  state=ON
2026-10-06T09:09:52Z  OBSERVE  adservice  rejection=0.0000  low=470 high=0  state=ON
2026-10-06T09:09:52Z  OBSERVE  cartservice  rejection=0.0000  low=470 high=0  state=ON
2026-10-06T09:09:52Z  OBSERVE  checkoutservice  rejection=0.0000  low=399 high=0  state=ON
2026-10-06T09:09:52Z  OBSERVE  currencyservice  rejection=0.0000  low=470 high=0  state=ON
2026-10-06T09:09:52Z  OBSERVE  emailservice  rejection=0.0000  low=405 high=0  state=ON
2026-10-06T09:09:52Z  OBSERVE  paymentservice  rejection=0.0000  low=470 high=0  state=ON
2026-10-06T09:09:52Z  OBSERVE  productcatalogservice  rejection=0.0000  low=470 high=0  state=ON
2026-10-06T09:09:52Z  OBSERVE  recommendationservice  rejection=0.1974  low=1 high=0  state=ON
2026-10-06T09:09:52Z  OBSERVE  shippingservice  rejection=0.0000  low=470 high=0  state=ON
2026-10-06T09:09:53Z  OBSERVE  adservice  rejection=0.0000  low=471 high=0  state=ON
2026-10-06T09:09:53Z  OBSERVE  cartservice  rejection=0.0000  low=471 high=0  state=ON
2026-10-06T09:09:53Z  OBSERVE  checkoutservice  rejection=0.0000  low=400 high=0  state=ON
2026-10-06T09:09:53Z  OBSERVE  currencyservice  rejection=0.0000  low=471 high=0  state=ON
2026-10-06T09:09:53Z  OBSERVE  emailservice  rejection=0.0000  low=406 high=0  state=ON
2026-10-06T09:09:53Z  OBSERVE  paymentservice  rejection=0.0000  low=471 high=0  state=ON
2026-10-06T09:09:53Z  OBSERVE  productcatalogservice  rejection=0.0000  low=471 high=0  state=ON
2026-10-06T09:09:53Z  OBSERVE  recommendationservice  rejection=0.2196  low=0 high=1  state=ON
2026-10-06T09:09:53Z  OBSERVE  shippingservice  rejection=0.0000  low=471 high=0  state=ON
2026-10-06T09:09:54Z  OBSERVE  adservice  rejection=0.0000  low=472 high=0  state=ON
2026-10-06T09:09:54Z  OBSERVE  cartservice  rejection=0.0000  low=472 high=0  state=ON
2026-10-06T09:09:54Z  OBSERVE  checkoutservice  rejection=0.0000  low=401 high=0  state=ON
2026-10-06T09:09:54Z  OBSERVE  currencyservice  rejection=0.0000  low=472 high=0  state=ON
2026-10-06T09:09:54Z  OBSERVE  emailservice  rejection=0.0000  low=407 high=0  state=ON
2026-10-06T09:09:54Z  OBSERVE  paymentservice  rejection=0.0000  low=472 high=0  state=ON
2026-10-06T09:09:54Z  OBSERVE  productcatalogservice  rejection=0.0000  low=472 high=0  state=ON
2026-10-06T09:09:54Z  OBSERVE  recommendationservice  rejection=0.2439  low=0 high=2  state=ON
2026-10-06T09:09:54Z  OBSERVE  shippingservice  rejection=0.0000  low=472 high=0  state=ON
2026-10-06T09:09:55Z  OBSERVE  adservice  rejection=0.0000  low=473 high=0  state=ON
2026-10-06T09:09:55Z  OBSERVE  cartservice  rejection=0.0000  low=473 high=0  state=ON
2026-10-06T09:09:55Z  OBSERVE  checkoutservice  rejection=0.0000  low=402 high=0  state=ON
2026-10-06T09:09:55Z  OBSERVE  currencyservice  rejection=0.0000  low=473 high=0  state=ON
2026-10-06T09:09:55Z  OBSERVE  emailservice  rejection=0.0000  low=408 high=0  state=ON
2026-10-06T09:09:55Z  OBSERVE  paymentservice  rejection=0.0000  low=473 high=0  state=ON
2026-10-06T09:09:55Z  OBSERVE  productcatalogservice  rejection=0.0000  low=473 high=0  state=ON
2026-10-06T09:09:55Z  OBSERVE  recommendationservice  rejection=0.1731  low=1 high=0  state=ON
2026-10-06T09:09:55Z  OBSERVE  shippingservice  rejection=0.0000  low=473 high=0  state=ON
2026-10-06T09:09:56Z  SKIP  adservice  no metric data this sample
2026-10-06T09:09:56Z  SKIP  cartservice  no metric data this sample
2026-10-06T09:09:56Z  SKIP  checkoutservice  no metric data this sample
2026-10-06T09:09:56Z  SKIP  currencyservice  no metric data this sample
2026-10-06T09:09:56Z  SKIP  emailservice  no metric data this sample
2026-10-06T09:09:56Z  SKIP  paymentservice  no metric data this sample
2026-10-06T09:09:56Z  SKIP  productcatalogservice  no metric data this sample
2026-10-06T09:09:56Z  SKIP  recommendationservice  no metric data this sample
2026-10-06T09:09:56Z  SKIP  shippingservice  no metric data this sample
2026-10-06T09:09:57Z  OBSERVE  adservice  rejection=0.0000  low=474 high=0  state=ON
2026-10-06T09:09:57Z  OBSERVE  cartservice  rejection=0.0000  low=474 high=0  state=ON
2026-10-06T09:09:57Z  OBSERVE  checkoutservice  rejection=0.0000  low=403 high=0  state=ON
2026-10-06T09:09:57Z  OBSERVE  currencyservice  rejection=0.0000  low=474 high=0  state=ON
2026-10-06T09:09:57Z  OBSERVE  emailservice  rejection=0.0000  low=409 high=0  state=ON
2026-10-06T09:09:57Z  OBSERVE  paymentservice  rejection=0.0000  low=474 high=0  state=ON
2026-10-06T09:09:57Z  OBSERVE  productcatalogservice  rejection=0.0000  low=474 high=0  state=ON
2026-10-06T09:09:57Z  OBSERVE  recommendationservice  rejection=0.2135  low=0 high=1  state=ON
2026-10-06T09:09:57Z  OBSERVE  shippingservice  rejection=0.0000  low=474 high=0  state=ON
2026-10-06T09:09:58Z  OBSERVE  adservice  rejection=0.0000  low=475 high=0  state=ON
2026-10-06T09:09:58Z  OBSERVE  cartservice  rejection=0.0000  low=475 high=0  state=ON
2026-10-06T09:09:58Z  OBSERVE  checkoutservice  rejection=0.0000  low=404 high=0  state=ON
2026-10-06T09:09:58Z  OBSERVE  currencyservice  rejection=0.0000  low=475 high=0  state=ON
2026-10-06T09:09:58Z  OBSERVE  emailservice  rejection=0.0000  low=410 high=0  state=ON
2026-10-06T09:09:58Z  OBSERVE  paymentservice  rejection=0.0000  low=475 high=0  state=ON
2026-10-06T09:09:58Z  OBSERVE  productcatalogservice  rejection=0.0000  low=475 high=0  state=ON
2026-10-06T09:09:58Z  OBSERVE  recommendationservice  rejection=0.2497  low=0 high=2  state=ON
2026-10-06T09:09:58Z  OBSERVE  shippingservice  rejection=0.0000  low=475 high=0  state=ON
2026-10-06T09:09:59Z  OBSERVE  adservice  rejection=0.0000  low=476 high=0  state=ON
2026-10-06T09:09:59Z  OBSERVE  cartservice  rejection=0.0000  low=476 high=0  state=ON
2026-10-06T09:09:59Z  OBSERVE  checkoutservice  rejection=0.0000  low=405 high=0  state=ON
2026-10-06T09:09:59Z  OBSERVE  currencyservice  rejection=0.0000  low=476 high=0  state=ON
2026-10-06T09:09:59Z  OBSERVE  emailservice  rejection=0.0000  low=411 high=0  state=ON
2026-10-06T09:09:59Z  OBSERVE  paymentservice  rejection=0.0000  low=476 high=0  state=ON
2026-10-06T09:09:59Z  OBSERVE  productcatalogservice  rejection=0.0000  low=476 high=0  state=ON
2026-10-06T09:09:59Z  OBSERVE  recommendationservice  rejection=0.1787  low=1 high=0  state=ON
2026-10-06T09:09:59Z  OBSERVE  shippingservice  rejection=0.0000  low=476 high=0  state=ON
2026-10-06T09:10:00Z  OBSERVE  adservice  rejection=0.0000  low=477 high=0  state=ON
2026-10-06T09:10:00Z  OBSERVE  cartservice  rejection=0.0000  low=477 high=0  state=ON
2026-10-06T09:10:00Z  OBSERVE  checkoutservice  rejection=0.0000  low=406 high=0  state=ON
2026-10-06T09:10:00Z  OBSERVE  currencyservice  rejection=0.0000  low=477 high=0  state=ON
2026-10-06T09:10:00Z  OBSERVE  emailservice  rejection=0.0000  low=412 high=0  state=ON
2026-10-06T09:10:00Z  OBSERVE  paymentservice  rejection=0.0000  low=477 high=0  state=ON
2026-10-06T09:10:00Z  OBSERVE  productcatalogservice  rejection=0.0000  low=477 high=0  state=ON
2026-10-06T09:10:00Z  OBSERVE  recommendationservice  rejection=0.2314  low=0 high=1  state=ON
2026-10-06T09:10:00Z  OBSERVE  shippingservice  rejection=0.0000  low=477 high=0  state=ON
2026-10-06T09:10:01Z  OBSERVE  adservice  rejection=0.0000  low=478 high=0  state=ON
2026-10-06T09:10:01Z  OBSERVE  cartservice  rejection=0.0000  low=478 high=0  state=ON
2026-10-06T09:10:01Z  OBSERVE  checkoutservice  rejection=0.0000  low=407 high=0  state=ON
2026-10-06T09:10:01Z  OBSERVE  currencyservice  rejection=0.0000  low=478 high=0  state=ON
2026-10-06T09:10:01Z  OBSERVE  emailservice  rejection=0.0000  low=413 high=0  state=ON
2026-10-06T09:10:01Z  OBSERVE  paymentservice  rejection=0.0000  low=478 high=0  state=ON
2026-10-06T09:10:01Z  OBSERVE  productcatalogservice  rejection=0.0000  low=478 high=0  state=ON
2026-10-06T09:10:01Z  OBSERVE  recommendationservice  rejection=0.2910  low=0 high=2  state=ON
2026-10-06T09:10:01Z  OBSERVE  shippingservice  rejection=0.0000  low=478 high=0  state=ON
2026-10-06T09:10:02Z  OBSERVE  adservice  rejection=0.0000  low=479 high=0  state=ON
2026-10-06T09:10:02Z  OBSERVE  cartservice  rejection=0.0000  low=479 high=0  state=ON
2026-10-06T09:10:02Z  OBSERVE  checkoutservice  rejection=0.0000  low=408 high=0  state=ON
2026-10-06T09:10:02Z  OBSERVE  currencyservice  rejection=0.0000  low=479 high=0  state=ON
2026-10-06T09:10:02Z  OBSERVE  emailservice  rejection=0.0000  low=414 high=0  state=ON
2026-10-06T09:10:02Z  OBSERVE  paymentservice  rejection=0.0000  low=479 high=0  state=ON
2026-10-06T09:10:02Z  OBSERVE  productcatalogservice  rejection=0.0000  low=479 high=0  state=ON
2026-10-06T09:10:02Z  OBSERVE  recommendationservice  rejection=0.1702  low=1 high=0  state=ON
2026-10-06T09:10:02Z  OBSERVE  shippingservice  rejection=0.0000  low=479 high=0  state=ON
2026-10-06T09:10:03Z  OBSERVE  adservice  rejection=0.0000  low=480 high=0  state=ON
2026-10-06T09:10:03Z  OBSERVE  cartservice  rejection=0.0000  low=480 high=0  state=ON
2026-10-06T09:10:03Z  OBSERVE  checkoutservice  rejection=0.0000  low=409 high=0  state=ON
2026-10-06T09:10:03Z  OBSERVE  currencyservice  rejection=0.0000  low=480 high=0  state=ON
2026-10-06T09:10:03Z  OBSERVE  emailservice  rejection=0.0000  low=415 high=0  state=ON
2026-10-06T09:10:03Z  OBSERVE  paymentservice  rejection=0.0000  low=480 high=0  state=ON
2026-10-06T09:10:03Z  OBSERVE  productcatalogservice  rejection=0.0000  low=480 high=0  state=ON
2026-10-06T09:10:03Z  OBSERVE  recommendationservice  rejection=0.2244  low=0 high=1  state=ON
2026-10-06T09:10:03Z  OBSERVE  shippingservice  rejection=0.0000  low=480 high=0  state=ON
2026-10-06T09:10:04Z  OBSERVE  adservice  rejection=0.0000  low=481 high=0  state=ON
2026-10-06T09:10:04Z  OBSERVE  cartservice  rejection=0.0000  low=481 high=0  state=ON
2026-10-06T09:10:04Z  OBSERVE  checkoutservice  rejection=0.0000  low=410 high=0  state=ON
2026-10-06T09:10:04Z  OBSERVE  currencyservice  rejection=0.0000  low=481 high=0  state=ON
2026-10-06T09:10:04Z  OBSERVE  emailservice  rejection=0.0000  low=416 high=0  state=ON
2026-10-06T09:10:04Z  OBSERVE  paymentservice  rejection=0.0000  low=481 high=0  state=ON
2026-10-06T09:10:04Z  OBSERVE  productcatalogservice  rejection=0.0000  low=481 high=0  state=ON
2026-10-06T09:10:04Z  OBSERVE  recommendationservice  rejection=0.1845  low=1 high=0  state=ON
2026-10-06T09:10:04Z  OBSERVE  shippingservice  rejection=0.0000  low=481 high=0  state=ON
2026-10-06T09:10:05Z  OBSERVE  adservice  rejection=0.0000  low=482 high=0  state=ON
2026-10-06T09:10:05Z  OBSERVE  cartservice  rejection=0.0000  low=482 high=0  state=ON
2026-10-06T09:10:05Z  OBSERVE  checkoutservice  rejection=0.0000  low=411 high=0  state=ON
2026-10-06T09:10:05Z  OBSERVE  currencyservice  rejection=0.0000  low=482 high=0  state=ON
2026-10-06T09:10:05Z  OBSERVE  emailservice  rejection=0.0000  low=417 high=0  state=ON
2026-10-06T09:10:05Z  OBSERVE  paymentservice  rejection=0.0000  low=482 high=0  state=ON
2026-10-06T09:10:05Z  OBSERVE  productcatalogservice  rejection=0.0000  low=482 high=0  state=ON
2026-10-06T09:10:05Z  OBSERVE  recommendationservice  rejection=0.2384  low=0 high=1  state=ON
2026-10-06T09:10:05Z  OBSERVE  shippingservice  rejection=0.0000  low=482 high=0  state=ON
2026-10-06T09:10:06Z  OBSERVE  adservice  rejection=0.0000  low=483 high=0  state=ON
2026-10-06T09:10:06Z  OBSERVE  cartservice  rejection=0.0000  low=483 high=0  state=ON
2026-10-06T09:10:06Z  OBSERVE  checkoutservice  rejection=0.0000  low=412 high=0  state=ON
2026-10-06T09:10:06Z  OBSERVE  currencyservice  rejection=0.0000  low=483 high=0  state=ON
2026-10-06T09:10:06Z  OBSERVE  emailservice  rejection=0.0000  low=418 high=0  state=ON
2026-10-06T09:10:06Z  OBSERVE  paymentservice  rejection=0.0000  low=483 high=0  state=ON
2026-10-06T09:10:06Z  OBSERVE  productcatalogservice  rejection=0.0000  low=483 high=0  state=ON
2026-10-06T09:10:06Z  OBSERVE  recommendationservice  rejection=0.2136  low=0 high=2  state=ON
2026-10-06T09:10:06Z  OBSERVE  shippingservice  rejection=0.0000  low=483 high=0  state=ON
2026-10-06T09:10:07Z  OBSERVE  adservice  rejection=0.0000  low=484 high=0  state=ON
2026-10-06T09:10:07Z  OBSERVE  cartservice  rejection=0.0000  low=484 high=0  state=ON
2026-10-06T09:10:07Z  OBSERVE  checkoutservice  rejection=0.0000  low=413 high=0  state=ON
2026-10-06T09:10:07Z  OBSERVE  currencyservice  rejection=0.0000  low=484 high=0  state=ON
2026-10-06T09:10:07Z  OBSERVE  emailservice  rejection=0.0000  low=419 high=0  state=ON
2026-10-06T09:10:07Z  OBSERVE  paymentservice  rejection=0.0000  low=484 high=0  state=ON
2026-10-06T09:10:07Z  OBSERVE  productcatalogservice  rejection=0.0000  low=484 high=0  state=ON
2026-10-06T09:10:07Z  OBSERVE  recommendationservice  rejection=0.1650  low=1 high=0  state=ON
2026-10-06T09:10:07Z  OBSERVE  shippingservice  rejection=0.0000  low=484 high=0  state=ON
2026-10-06T09:10:08Z  OBSERVE  adservice  rejection=0.0000  low=485 high=0  state=ON
2026-10-06T09:10:08Z  OBSERVE  cartservice  rejection=0.0000  low=485 high=0  state=ON
2026-10-06T09:10:08Z  OBSERVE  checkoutservice  rejection=0.0000  low=414 high=0  state=ON
2026-10-06T09:10:08Z  OBSERVE  currencyservice  rejection=0.0000  low=485 high=0  state=ON
2026-10-06T09:10:08Z  OBSERVE  emailservice  rejection=0.0000  low=420 high=0  state=ON
2026-10-06T09:10:08Z  OBSERVE  paymentservice  rejection=0.0000  low=485 high=0  state=ON
2026-10-06T09:10:08Z  OBSERVE  productcatalogservice  rejection=0.0000  low=485 high=0  state=ON
2026-10-06T09:10:08Z  OBSERVE  recommendationservice  rejection=0.1462  low=2 high=0  state=ON
2026-10-06T09:10:08Z  OBSERVE  shippingservice  rejection=0.0000  low=485 high=0  state=ON
2026-10-06T09:10:09Z  OBSERVE  adservice  rejection=0.0000  low=486 high=0  state=ON
2026-10-06T09:10:09Z  OBSERVE  cartservice  rejection=0.0000  low=486 high=0  state=ON
2026-10-06T09:10:09Z  OBSERVE  checkoutservice  rejection=0.0000  low=415 high=0  state=ON
2026-10-06T09:10:09Z  OBSERVE  currencyservice  rejection=0.0000  low=486 high=0  state=ON
2026-10-06T09:10:09Z  OBSERVE  emailservice  rejection=0.0000  low=421 high=0  state=ON
2026-10-06T09:10:09Z  OBSERVE  paymentservice  rejection=0.0000  low=486 high=0  state=ON
2026-10-06T09:10:09Z  OBSERVE  productcatalogservice  rejection=0.0000  low=486 high=0  state=ON
2026-10-06T09:10:09Z  OBSERVE  recommendationservice  rejection=0.2812  low=0 high=1  state=ON
2026-10-06T09:10:09Z  OBSERVE  shippingservice  rejection=0.0000  low=486 high=0  state=ON
2026-10-06T09:10:10Z  OBSERVE  adservice  rejection=0.0000  low=487 high=0  state=ON
2026-10-06T09:10:10Z  OBSERVE  cartservice  rejection=0.0000  low=487 high=0  state=ON
2026-10-06T09:10:10Z  OBSERVE  checkoutservice  rejection=0.0000  low=416 high=0  state=ON
2026-10-06T09:10:10Z  OBSERVE  currencyservice  rejection=0.0000  low=487 high=0  state=ON
2026-10-06T09:10:10Z  OBSERVE  emailservice  rejection=0.0000  low=422 high=0  state=ON
2026-10-06T09:10:10Z  OBSERVE  paymentservice  rejection=0.0000  low=487 high=0  state=ON
2026-10-06T09:10:10Z  OBSERVE  productcatalogservice  rejection=0.0000  low=487 high=0  state=ON
2026-10-06T09:10:10Z  OBSERVE  recommendationservice  rejection=0.2209  low=0 high=2  state=ON
2026-10-06T09:10:10Z  OBSERVE  shippingservice  rejection=0.0000  low=487 high=0  state=ON
2026-10-06T09:10:11Z  OBSERVE  adservice  rejection=0.0000  low=488 high=0  state=ON
2026-10-06T09:10:11Z  OBSERVE  cartservice  rejection=0.0000  low=488 high=0  state=ON
2026-10-06T09:10:11Z  OBSERVE  checkoutservice  rejection=0.0000  low=417 high=0  state=ON
2026-10-06T09:10:11Z  OBSERVE  currencyservice  rejection=0.0000  low=488 high=0  state=ON
2026-10-06T09:10:11Z  OBSERVE  emailservice  rejection=0.0000  low=423 high=0  state=ON
2026-10-06T09:10:11Z  OBSERVE  paymentservice  rejection=0.0000  low=488 high=0  state=ON
2026-10-06T09:10:11Z  OBSERVE  productcatalogservice  rejection=0.0000  low=488 high=0  state=ON
2026-10-06T09:10:11Z  OBSERVE  recommendationservice  rejection=0.1965  low=1 high=0  state=ON
2026-10-06T09:10:11Z  OBSERVE  shippingservice  rejection=0.0000  low=488 high=0  state=ON
2026-10-06T09:10:12Z  OBSERVE  adservice  rejection=0.0000  low=489 high=0  state=ON
2026-10-06T09:10:12Z  OBSERVE  cartservice  rejection=0.0000  low=489 high=0  state=ON
2026-10-06T09:10:12Z  OBSERVE  checkoutservice  rejection=0.0000  low=418 high=0  state=ON
2026-10-06T09:10:12Z  OBSERVE  currencyservice  rejection=0.0000  low=489 high=0  state=ON
2026-10-06T09:10:12Z  OBSERVE  emailservice  rejection=0.0000  low=424 high=0  state=ON
2026-10-06T09:10:12Z  OBSERVE  paymentservice  rejection=0.0000  low=489 high=0  state=ON
2026-10-06T09:10:12Z  OBSERVE  productcatalogservice  rejection=0.0000  low=489 high=0  state=ON
2026-10-06T09:10:12Z  OBSERVE  recommendationservice  rejection=0.1727  low=2 high=0  state=ON
2026-10-06T09:10:12Z  OBSERVE  shippingservice  rejection=0.0000  low=489 high=0  state=ON
2026-10-06T09:10:13Z  OBSERVE  adservice  rejection=0.0000  low=490 high=0  state=ON
2026-10-06T09:10:13Z  OBSERVE  cartservice  rejection=0.0000  low=490 high=0  state=ON
2026-10-06T09:10:13Z  OBSERVE  checkoutservice  rejection=0.0000  low=419 high=0  state=ON
2026-10-06T09:10:13Z  OBSERVE  currencyservice  rejection=0.0000  low=490 high=0  state=ON
2026-10-06T09:10:13Z  OBSERVE  emailservice  rejection=0.0000  low=425 high=0  state=ON
2026-10-06T09:10:13Z  OBSERVE  paymentservice  rejection=0.0000  low=490 high=0  state=ON
2026-10-06T09:10:13Z  OBSERVE  productcatalogservice  rejection=0.0000  low=490 high=0  state=ON
2026-10-06T09:10:13Z  OBSERVE  recommendationservice  rejection=0.2253  low=0 high=1  state=ON
2026-10-06T09:10:13Z  OBSERVE  shippingservice  rejection=0.0000  low=490 high=0  state=ON
2026-10-06T09:10:14Z  OBSERVE  adservice  rejection=0.0000  low=491 high=0  state=ON
2026-10-06T09:10:14Z  OBSERVE  cartservice  rejection=0.0000  low=491 high=0  state=ON
2026-10-06T09:10:14Z  OBSERVE  checkoutservice  rejection=0.0000  low=420 high=0  state=ON
2026-10-06T09:10:14Z  OBSERVE  currencyservice  rejection=0.0000  low=491 high=0  state=ON
2026-10-06T09:10:14Z  OBSERVE  emailservice  rejection=0.0000  low=426 high=0  state=ON
2026-10-06T09:10:14Z  OBSERVE  paymentservice  rejection=0.0000  low=491 high=0  state=ON
2026-10-06T09:10:14Z  OBSERVE  productcatalogservice  rejection=0.0000  low=491 high=0  state=ON
2026-10-06T09:10:14Z  OBSERVE  recommendationservice  rejection=0.2667  low=0 high=2  state=ON
2026-10-06T09:10:14Z  OBSERVE  shippingservice  rejection=0.0000  low=491 high=0  state=ON
2026-10-06T09:10:15Z  OBSERVE  adservice  rejection=0.0000  low=492 high=0  state=ON
2026-10-06T09:10:15Z  OBSERVE  cartservice  rejection=0.0000  low=492 high=0  state=ON
2026-10-06T09:10:15Z  OBSERVE  checkoutservice  rejection=0.0000  low=421 high=0  state=ON
2026-10-06T09:10:15Z  OBSERVE  currencyservice  rejection=0.0000  low=492 high=0  state=ON
2026-10-06T09:10:15Z  OBSERVE  emailservice  rejection=0.0000  low=427 high=0  state=ON
2026-10-06T09:10:15Z  OBSERVE  paymentservice  rejection=0.0000  low=492 high=0  state=ON
2026-10-06T09:10:15Z  OBSERVE  productcatalogservice  rejection=0.0000  low=492 high=0  state=ON
2026-10-06T09:10:15Z  OBSERVE  recommendationservice  rejection=0.2216  low=0 high=3  state=ON
2026-10-06T09:10:15Z  OBSERVE  shippingservice  rejection=0.0000  low=492 high=0  state=ON
2026-10-06T09:10:16Z  OBSERVE  adservice  rejection=0.0000  low=493 high=0  state=ON
2026-10-06T09:10:16Z  OBSERVE  cartservice  rejection=0.0000  low=493 high=0  state=ON
2026-10-06T09:10:16Z  OBSERVE  checkoutservice  rejection=0.0000  low=422 high=0  state=ON
2026-10-06T09:10:16Z  OBSERVE  currencyservice  rejection=0.0000  low=493 high=0  state=ON
2026-10-06T09:10:16Z  OBSERVE  emailservice  rejection=0.0000  low=428 high=0  state=ON
2026-10-06T09:10:16Z  OBSERVE  paymentservice  rejection=0.0000  low=493 high=0  state=ON
2026-10-06T09:10:16Z  OBSERVE  productcatalogservice  rejection=0.0000  low=493 high=0  state=ON
2026-10-06T09:10:16Z  OBSERVE  recommendationservice  rejection=0.1808  low=1 high=0  state=ON
2026-10-06T09:10:16Z  OBSERVE  shippingservice  rejection=0.0000  low=493 high=0  state=ON
2026-10-06T09:10:17Z  OBSERVE  adservice  rejection=0.0000  low=494 high=0  state=ON
2026-10-06T09:10:17Z  OBSERVE  cartservice  rejection=0.0000  low=494 high=0  state=ON
2026-10-06T09:10:17Z  OBSERVE  checkoutservice  rejection=0.0000  low=423 high=0  state=ON
2026-10-06T09:10:17Z  OBSERVE  currencyservice  rejection=0.0000  low=494 high=0  state=ON
2026-10-06T09:10:17Z  OBSERVE  emailservice  rejection=0.0000  low=429 high=0  state=ON
2026-10-06T09:10:17Z  OBSERVE  paymentservice  rejection=0.0000  low=494 high=0  state=ON
2026-10-06T09:10:17Z  OBSERVE  productcatalogservice  rejection=0.0000  low=494 high=0  state=ON
2026-10-06T09:10:17Z  OBSERVE  recommendationservice  rejection=0.2705  low=0 high=1  state=ON
2026-10-06T09:10:17Z  OBSERVE  shippingservice  rejection=0.0000  low=494 high=0  state=ON
2026-10-06T09:10:18Z  OBSERVE  adservice  rejection=0.0000  low=495 high=0  state=ON
2026-10-06T09:10:18Z  OBSERVE  cartservice  rejection=0.0000  low=495 high=0  state=ON
2026-10-06T09:10:18Z  OBSERVE  checkoutservice  rejection=0.0000  low=424 high=0  state=ON
2026-10-06T09:10:18Z  OBSERVE  currencyservice  rejection=0.0000  low=495 high=0  state=ON
2026-10-06T09:10:18Z  OBSERVE  emailservice  rejection=0.0000  low=430 high=0  state=ON
2026-10-06T09:10:18Z  OBSERVE  paymentservice  rejection=0.0000  low=495 high=0  state=ON
2026-10-06T09:10:18Z  OBSERVE  productcatalogservice  rejection=0.0000  low=495 high=0  state=ON
2026-10-06T09:10:18Z  OBSERVE  recommendationservice  rejection=0.1822  low=1 high=0  state=ON
2026-10-06T09:10:18Z  OBSERVE  shippingservice  rejection=0.0000  low=495 high=0  state=ON
2026-10-06T09:10:19Z  OBSERVE  adservice  rejection=0.0000  low=496 high=0  state=ON
2026-10-06T09:10:19Z  OBSERVE  cartservice  rejection=0.0000  low=496 high=0  state=ON
2026-10-06T09:10:19Z  OBSERVE  checkoutservice  rejection=0.0000  low=425 high=0  state=ON
2026-10-06T09:10:19Z  OBSERVE  currencyservice  rejection=0.0000  low=496 high=0  state=ON
2026-10-06T09:10:19Z  OBSERVE  emailservice  rejection=0.0000  low=431 high=0  state=ON
2026-10-06T09:10:19Z  OBSERVE  paymentservice  rejection=0.0000  low=496 high=0  state=ON
2026-10-06T09:10:19Z  OBSERVE  productcatalogservice  rejection=0.0000  low=496 high=0  state=ON
2026-10-06T09:10:19Z  OBSERVE  recommendationservice  rejection=0.2333  low=0 high=1  state=ON
2026-10-06T09:10:19Z  OBSERVE  shippingservice  rejection=0.0000  low=496 high=0  state=ON
2026-10-06T09:10:20Z  OBSERVE  adservice  rejection=0.0000  low=497 high=0  state=ON
2026-10-06T09:10:20Z  OBSERVE  cartservice  rejection=0.0000  low=497 high=0  state=ON
2026-10-06T09:10:20Z  OBSERVE  checkoutservice  rejection=0.0000  low=426 high=0  state=ON
2026-10-06T09:10:20Z  OBSERVE  currencyservice  rejection=0.0000  low=497 high=0  state=ON
2026-10-06T09:10:20Z  OBSERVE  emailservice  rejection=0.0000  low=432 high=0  state=ON
2026-10-06T09:10:20Z  OBSERVE  paymentservice  rejection=0.0000  low=497 high=0  state=ON
2026-10-06T09:10:20Z  OBSERVE  productcatalogservice  rejection=0.0000  low=497 high=0  state=ON
2026-10-06T09:10:20Z  OBSERVE  recommendationservice  rejection=0.1820  low=1 high=0  state=ON
2026-10-06T09:10:20Z  OBSERVE  shippingservice  rejection=0.0000  low=497 high=0  state=ON
2026-10-06T09:10:21Z  OBSERVE  adservice  rejection=0.0000  low=498 high=0  state=ON
2026-10-06T09:10:21Z  OBSERVE  cartservice  rejection=0.0000  low=498 high=0  state=ON
2026-10-06T09:10:21Z  OBSERVE  checkoutservice  rejection=0.0000  low=427 high=0  state=ON
2026-10-06T09:10:21Z  OBSERVE  currencyservice  rejection=0.0000  low=498 high=0  state=ON
2026-10-06T09:10:21Z  OBSERVE  emailservice  rejection=0.0000  low=433 high=0  state=ON
2026-10-06T09:10:21Z  OBSERVE  paymentservice  rejection=0.0000  low=498 high=0  state=ON
2026-10-06T09:10:21Z  OBSERVE  productcatalogservice  rejection=0.0000  low=498 high=0  state=ON
2026-10-06T09:10:21Z  OBSERVE  recommendationservice  rejection=0.2111  low=0 high=1  state=ON
2026-10-06T09:10:21Z  OBSERVE  shippingservice  rejection=0.0000  low=498 high=0  state=ON
2026-10-06T09:10:22Z  OBSERVE  adservice  rejection=0.0000  low=499 high=0  state=ON
2026-10-06T09:10:22Z  OBSERVE  cartservice  rejection=0.0000  low=499 high=0  state=ON
2026-10-06T09:10:22Z  OBSERVE  checkoutservice  rejection=0.0000  low=428 high=0  state=ON
2026-10-06T09:10:22Z  OBSERVE  currencyservice  rejection=0.0000  low=499 high=0  state=ON
2026-10-06T09:10:22Z  OBSERVE  emailservice  rejection=0.0000  low=434 high=0  state=ON
2026-10-06T09:10:22Z  OBSERVE  paymentservice  rejection=0.0000  low=499 high=0  state=ON
2026-10-06T09:10:22Z  OBSERVE  productcatalogservice  rejection=0.0000  low=499 high=0  state=ON
2026-10-06T09:10:22Z  OBSERVE  recommendationservice  rejection=0.2197  low=0 high=2  state=ON
2026-10-06T09:10:22Z  OBSERVE  shippingservice  rejection=0.0000  low=499 high=0  state=ON
2026-10-06T09:10:23Z  OBSERVE  adservice  rejection=0.0000  low=500 high=0  state=ON
2026-10-06T09:10:23Z  OBSERVE  cartservice  rejection=0.0000  low=500 high=0  state=ON
2026-10-06T09:10:23Z  OBSERVE  checkoutservice  rejection=0.0000  low=429 high=0  state=ON
2026-10-06T09:10:23Z  OBSERVE  currencyservice  rejection=0.0000  low=500 high=0  state=ON
2026-10-06T09:10:23Z  OBSERVE  emailservice  rejection=0.0000  low=435 high=0  state=ON
2026-10-06T09:10:23Z  OBSERVE  paymentservice  rejection=0.0000  low=500 high=0  state=ON
2026-10-06T09:10:23Z  OBSERVE  productcatalogservice  rejection=0.0000  low=500 high=0  state=ON
2026-10-06T09:10:23Z  OBSERVE  recommendationservice  rejection=0.1931  low=1 high=0  state=ON
2026-10-06T09:10:23Z  OBSERVE  shippingservice  rejection=0.0000  low=500 high=0  state=ON
2026-10-06T09:10:24Z  OBSERVE  adservice  rejection=0.0000  low=501 high=0  state=ON
2026-10-06T09:10:24Z  OBSERVE  cartservice  rejection=0.0000  low=501 high=0  state=ON
2026-10-06T09:10:24Z  OBSERVE  checkoutservice  rejection=0.0000  low=430 high=0  state=ON
2026-10-06T09:10:24Z  OBSERVE  currencyservice  rejection=0.0000  low=501 high=0  state=ON
2026-10-06T09:10:24Z  OBSERVE  emailservice  rejection=0.0000  low=436 high=0  state=ON
2026-10-06T09:10:24Z  OBSERVE  paymentservice  rejection=0.0000  low=501 high=0  state=ON
2026-10-06T09:10:24Z  OBSERVE  productcatalogservice  rejection=0.0000  low=501 high=0  state=ON
2026-10-06T09:10:24Z  OBSERVE  recommendationservice  rejection=0.1899  low=2 high=0  state=ON
2026-10-06T09:10:24Z  OBSERVE  shippingservice  rejection=0.0000  low=501 high=0  state=ON
2026-10-06T09:10:25Z  OBSERVE  adservice  rejection=0.0000  low=502 high=0  state=ON
2026-10-06T09:10:25Z  OBSERVE  cartservice  rejection=0.0000  low=502 high=0  state=ON
2026-10-06T09:10:25Z  OBSERVE  checkoutservice  rejection=0.0000  low=431 high=0  state=ON
2026-10-06T09:10:25Z  OBSERVE  currencyservice  rejection=0.0000  low=502 high=0  state=ON
2026-10-06T09:10:25Z  OBSERVE  emailservice  rejection=0.0000  low=437 high=0  state=ON
2026-10-06T09:10:25Z  OBSERVE  paymentservice  rejection=0.0000  low=502 high=0  state=ON
2026-10-06T09:10:25Z  OBSERVE  productcatalogservice  rejection=0.0000  low=502 high=0  state=ON
2026-10-06T09:10:25Z  OBSERVE  recommendationservice  rejection=0.2125  low=0 high=1  state=ON
2026-10-06T09:10:25Z  OBSERVE  shippingservice  rejection=0.0000  low=502 high=0  state=ON
2026-10-06T09:10:26Z  OBSERVE  adservice  rejection=0.0000  low=503 high=0  state=ON
2026-10-06T09:10:26Z  OBSERVE  cartservice  rejection=0.0000  low=503 high=0  state=ON
2026-10-06T09:10:26Z  OBSERVE  checkoutservice  rejection=0.0000  low=432 high=0  state=ON
2026-10-06T09:10:26Z  OBSERVE  currencyservice  rejection=0.0000  low=503 high=0  state=ON
2026-10-06T09:10:26Z  OBSERVE  emailservice  rejection=0.0000  low=438 high=0  state=ON
2026-10-06T09:10:26Z  OBSERVE  paymentservice  rejection=0.0000  low=503 high=0  state=ON
2026-10-06T09:10:26Z  OBSERVE  productcatalogservice  rejection=0.0000  low=503 high=0  state=ON
2026-10-06T09:10:26Z  OBSERVE  recommendationservice  rejection=0.1949  low=1 high=0  state=ON
2026-10-06T09:10:26Z  OBSERVE  shippingservice  rejection=0.0000  low=503 high=0  state=ON
2026-10-06T09:10:27Z  OBSERVE  adservice  rejection=0.0000  low=504 high=0  state=ON
2026-10-06T09:10:27Z  OBSERVE  cartservice  rejection=0.0000  low=504 high=0  state=ON
2026-10-06T09:10:27Z  OBSERVE  checkoutservice  rejection=0.0000  low=433 high=0  state=ON
2026-10-06T09:10:27Z  OBSERVE  currencyservice  rejection=0.0000  low=504 high=0  state=ON
2026-10-06T09:10:27Z  OBSERVE  emailservice  rejection=0.0000  low=439 high=0  state=ON
2026-10-06T09:10:27Z  OBSERVE  paymentservice  rejection=0.0000  low=504 high=0  state=ON
2026-10-06T09:10:27Z  OBSERVE  productcatalogservice  rejection=0.0000  low=504 high=0  state=ON
2026-10-06T09:10:27Z  OBSERVE  recommendationservice  rejection=0.1785  low=2 high=0  state=ON
2026-10-06T09:10:27Z  OBSERVE  shippingservice  rejection=0.0000  low=504 high=0  state=ON
2026-10-06T09:10:28Z  OBSERVE  adservice  rejection=0.0000  low=505 high=0  state=ON
2026-10-06T09:10:28Z  OBSERVE  cartservice  rejection=0.0000  low=505 high=0  state=ON
2026-10-06T09:10:28Z  OBSERVE  checkoutservice  rejection=0.0000  low=434 high=0  state=ON
2026-10-06T09:10:28Z  OBSERVE  currencyservice  rejection=0.0000  low=505 high=0  state=ON
2026-10-06T09:10:28Z  OBSERVE  emailservice  rejection=0.0000  low=440 high=0  state=ON
2026-10-06T09:10:28Z  OBSERVE  paymentservice  rejection=0.0000  low=505 high=0  state=ON
2026-10-06T09:10:28Z  OBSERVE  productcatalogservice  rejection=0.0000  low=505 high=0  state=ON
2026-10-06T09:10:28Z  OBSERVE  recommendationservice  rejection=0.1616  low=3 high=0  state=ON
2026-10-06T09:10:28Z  OBSERVE  shippingservice  rejection=0.0000  low=505 high=0  state=ON
2026-10-06T09:10:29Z  OBSERVE  adservice  rejection=0.0000  low=506 high=0  state=ON
2026-10-06T09:10:29Z  OBSERVE  cartservice  rejection=0.0000  low=506 high=0  state=ON
2026-10-06T09:10:29Z  OBSERVE  checkoutservice  rejection=0.0000  low=435 high=0  state=ON
2026-10-06T09:10:29Z  OBSERVE  currencyservice  rejection=0.0000  low=506 high=0  state=ON
2026-10-06T09:10:29Z  OBSERVE  emailservice  rejection=0.0000  low=441 high=0  state=ON
2026-10-06T09:10:29Z  OBSERVE  paymentservice  rejection=0.0000  low=506 high=0  state=ON
2026-10-06T09:10:29Z  OBSERVE  productcatalogservice  rejection=0.0000  low=506 high=0  state=ON
2026-10-06T09:10:29Z  OBSERVE  recommendationservice  rejection=0.2512  low=0 high=1  state=ON
2026-10-06T09:10:29Z  OBSERVE  shippingservice  rejection=0.0000  low=506 high=0  state=ON
2026-10-06T09:10:30Z  OBSERVE  adservice  rejection=0.0000  low=507 high=0  state=ON
2026-10-06T09:10:30Z  OBSERVE  cartservice  rejection=0.0000  low=507 high=0  state=ON
2026-10-06T09:10:30Z  OBSERVE  checkoutservice  rejection=0.0000  low=436 high=0  state=ON
2026-10-06T09:10:30Z  OBSERVE  currencyservice  rejection=0.0000  low=507 high=0  state=ON
2026-10-06T09:10:30Z  OBSERVE  emailservice  rejection=0.0000  low=442 high=0  state=ON
2026-10-06T09:10:30Z  OBSERVE  paymentservice  rejection=0.0000  low=507 high=0  state=ON
2026-10-06T09:10:30Z  OBSERVE  productcatalogservice  rejection=0.0000  low=507 high=0  state=ON
2026-10-06T09:10:30Z  OBSERVE  recommendationservice  rejection=0.2016  low=0 high=2  state=ON
2026-10-06T09:10:30Z  OBSERVE  shippingservice  rejection=0.0000  low=507 high=0  state=ON
2026-10-06T09:10:31Z  OBSERVE  adservice  rejection=0.0000  low=508 high=0  state=ON
2026-10-06T09:10:31Z  OBSERVE  cartservice  rejection=0.0000  low=508 high=0  state=ON
2026-10-06T09:10:31Z  OBSERVE  checkoutservice  rejection=0.0000  low=437 high=0  state=ON
2026-10-06T09:10:31Z  OBSERVE  currencyservice  rejection=0.0000  low=508 high=0  state=ON
2026-10-06T09:10:31Z  OBSERVE  emailservice  rejection=0.0000  low=443 high=0  state=ON
2026-10-06T09:10:31Z  OBSERVE  paymentservice  rejection=0.0000  low=508 high=0  state=ON
2026-10-06T09:10:31Z  OBSERVE  productcatalogservice  rejection=0.0000  low=508 high=0  state=ON
2026-10-06T09:10:31Z  OBSERVE  recommendationservice  rejection=0.2327  low=0 high=3  state=ON
2026-10-06T09:10:31Z  OBSERVE  shippingservice  rejection=0.0000  low=508 high=0  state=ON
2026-10-06T09:10:32Z  OBSERVE  adservice  rejection=0.0000  low=509 high=0  state=ON
2026-10-06T09:10:32Z  OBSERVE  cartservice  rejection=0.0000  low=509 high=0  state=ON
2026-10-06T09:10:32Z  OBSERVE  checkoutservice  rejection=0.0000  low=438 high=0  state=ON
2026-10-06T09:10:32Z  OBSERVE  currencyservice  rejection=0.0000  low=509 high=0  state=ON
2026-10-06T09:10:32Z  OBSERVE  emailservice  rejection=0.0000  low=444 high=0  state=ON
2026-10-06T09:10:32Z  OBSERVE  paymentservice  rejection=0.0000  low=509 high=0  state=ON
2026-10-06T09:10:32Z  OBSERVE  productcatalogservice  rejection=0.0000  low=509 high=0  state=ON
2026-10-06T09:10:32Z  OBSERVE  recommendationservice  rejection=0.2206  low=0 high=4  state=ON
2026-10-06T09:10:32Z  OBSERVE  shippingservice  rejection=0.0000  low=509 high=0  state=ON
2026-10-06T09:10:33Z  OBSERVE  adservice  rejection=0.0000  low=510 high=0  state=ON
2026-10-06T09:10:33Z  OBSERVE  cartservice  rejection=0.0000  low=510 high=0  state=ON
2026-10-06T09:10:33Z  OBSERVE  checkoutservice  rejection=0.0000  low=439 high=0  state=ON
2026-10-06T09:10:33Z  OBSERVE  currencyservice  rejection=0.0000  low=510 high=0  state=ON
2026-10-06T09:10:33Z  OBSERVE  emailservice  rejection=0.0000  low=445 high=0  state=ON
2026-10-06T09:10:33Z  OBSERVE  paymentservice  rejection=0.0000  low=510 high=0  state=ON
2026-10-06T09:10:33Z  OBSERVE  productcatalogservice  rejection=0.0000  low=510 high=0  state=ON
2026-10-06T09:10:33Z  OBSERVE  recommendationservice  rejection=0.1789  low=1 high=0  state=ON
2026-10-06T09:10:33Z  OBSERVE  shippingservice  rejection=0.0000  low=510 high=0  state=ON
2026-10-06T09:10:34Z  OBSERVE  adservice  rejection=0.0000  low=511 high=0  state=ON
2026-10-06T09:10:34Z  OBSERVE  cartservice  rejection=0.0000  low=511 high=0  state=ON
2026-10-06T09:10:34Z  OBSERVE  checkoutservice  rejection=0.0000  low=440 high=0  state=ON
2026-10-06T09:10:34Z  OBSERVE  currencyservice  rejection=0.0000  low=511 high=0  state=ON
2026-10-06T09:10:34Z  OBSERVE  emailservice  rejection=0.0000  low=446 high=0  state=ON
2026-10-06T09:10:34Z  OBSERVE  paymentservice  rejection=0.0000  low=511 high=0  state=ON
2026-10-06T09:10:34Z  OBSERVE  productcatalogservice  rejection=0.0000  low=511 high=0  state=ON
2026-10-06T09:10:34Z  OBSERVE  recommendationservice  rejection=0.2119  low=0 high=1  state=ON
2026-10-06T09:10:34Z  OBSERVE  shippingservice  rejection=0.0000  low=511 high=0  state=ON
2026-10-06T09:10:35Z  OBSERVE  adservice  rejection=0.0000  low=512 high=0  state=ON
2026-10-06T09:10:35Z  OBSERVE  cartservice  rejection=0.0000  low=512 high=0  state=ON
2026-10-06T09:10:35Z  OBSERVE  checkoutservice  rejection=0.0000  low=441 high=0  state=ON
2026-10-06T09:10:35Z  OBSERVE  currencyservice  rejection=0.0000  low=512 high=0  state=ON
2026-10-06T09:10:35Z  OBSERVE  emailservice  rejection=0.0000  low=447 high=0  state=ON
2026-10-06T09:10:35Z  OBSERVE  paymentservice  rejection=0.0000  low=512 high=0  state=ON
2026-10-06T09:10:35Z  OBSERVE  productcatalogservice  rejection=0.0000  low=512 high=0  state=ON
2026-10-06T09:10:35Z  OBSERVE  recommendationservice  rejection=0.2463  low=0 high=2  state=ON
2026-10-06T09:10:35Z  OBSERVE  shippingservice  rejection=0.0000  low=512 high=0  state=ON
2026-10-06T09:10:36Z  OBSERVE  adservice  rejection=0.0000  low=513 high=0  state=ON
2026-10-06T09:10:36Z  OBSERVE  cartservice  rejection=0.0000  low=513 high=0  state=ON
2026-10-06T09:10:36Z  OBSERVE  checkoutservice  rejection=0.0000  low=442 high=0  state=ON
2026-10-06T09:10:36Z  OBSERVE  currencyservice  rejection=0.0000  low=513 high=0  state=ON
2026-10-06T09:10:36Z  OBSERVE  emailservice  rejection=0.0000  low=448 high=0  state=ON
2026-10-06T09:10:36Z  OBSERVE  paymentservice  rejection=0.0000  low=513 high=0  state=ON
2026-10-06T09:10:36Z  OBSERVE  productcatalogservice  rejection=0.0000  low=513 high=0  state=ON
2026-10-06T09:10:36Z  OBSERVE  recommendationservice  rejection=0.2197  low=0 high=3  state=ON
2026-10-06T09:10:36Z  OBSERVE  shippingservice  rejection=0.0000  low=513 high=0  state=ON
2026-10-06T09:10:37Z  OBSERVE  adservice  rejection=0.0000  low=514 high=0  state=ON
2026-10-06T09:10:37Z  OBSERVE  cartservice  rejection=0.0000  low=514 high=0  state=ON
2026-10-06T09:10:37Z  OBSERVE  checkoutservice  rejection=0.0000  low=443 high=0  state=ON
2026-10-06T09:10:37Z  OBSERVE  currencyservice  rejection=0.0000  low=514 high=0  state=ON
2026-10-06T09:10:37Z  OBSERVE  emailservice  rejection=0.0000  low=449 high=0  state=ON
2026-10-06T09:10:37Z  OBSERVE  paymentservice  rejection=0.0000  low=514 high=0  state=ON
2026-10-06T09:10:37Z  OBSERVE  productcatalogservice  rejection=0.0000  low=514 high=0  state=ON
2026-10-06T09:10:37Z  OBSERVE  recommendationservice  rejection=0.2503  low=0 high=4  state=ON
2026-10-06T09:10:37Z  OBSERVE  shippingservice  rejection=0.0000  low=514 high=0  state=ON
2026-10-06T09:10:38Z  OBSERVE  adservice  rejection=0.0000  low=515 high=0  state=ON
2026-10-06T09:10:38Z  OBSERVE  cartservice  rejection=0.0000  low=515 high=0  state=ON
2026-10-06T09:10:38Z  OBSERVE  checkoutservice  rejection=0.0000  low=444 high=0  state=ON
2026-10-06T09:10:38Z  OBSERVE  currencyservice  rejection=0.0000  low=515 high=0  state=ON
2026-10-06T09:10:38Z  OBSERVE  emailservice  rejection=0.0000  low=450 high=0  state=ON
2026-10-06T09:10:38Z  OBSERVE  paymentservice  rejection=0.0000  low=515 high=0  state=ON
2026-10-06T09:10:38Z  OBSERVE  productcatalogservice  rejection=0.0000  low=515 high=0  state=ON
2026-10-06T09:10:38Z  OBSERVE  recommendationservice  rejection=0.2867  low=0 high=5  state=ON
2026-10-06T09:10:38Z  OBSERVE  shippingservice  rejection=0.0000  low=515 high=0  state=ON
2026-10-06T09:10:39Z  OBSERVE  adservice  rejection=0.0000  low=516 high=0  state=ON
2026-10-06T09:10:39Z  OBSERVE  cartservice  rejection=0.0000  low=516 high=0  state=ON
2026-10-06T09:10:39Z  OBSERVE  checkoutservice  rejection=0.0000  low=445 high=0  state=ON
2026-10-06T09:10:39Z  OBSERVE  currencyservice  rejection=0.0000  low=516 high=0  state=ON
2026-10-06T09:10:39Z  OBSERVE  emailservice  rejection=0.0000  low=451 high=0  state=ON
2026-10-06T09:10:39Z  OBSERVE  paymentservice  rejection=0.0000  low=516 high=0  state=ON
2026-10-06T09:10:39Z  OBSERVE  productcatalogservice  rejection=0.0000  low=516 high=0  state=ON
2026-10-06T09:10:39Z  OBSERVE  recommendationservice  rejection=0.1391  low=1 high=0  state=ON
2026-10-06T09:10:39Z  OBSERVE  shippingservice  rejection=0.0000  low=516 high=0  state=ON
2026-10-06T09:10:40Z  OBSERVE  adservice  rejection=0.0000  low=517 high=0  state=ON
2026-10-06T09:10:40Z  OBSERVE  cartservice  rejection=0.0000  low=517 high=0  state=ON
2026-10-06T09:10:40Z  OBSERVE  checkoutservice  rejection=0.0000  low=446 high=0  state=ON
2026-10-06T09:10:40Z  OBSERVE  currencyservice  rejection=0.0000  low=517 high=0  state=ON
2026-10-06T09:10:40Z  OBSERVE  emailservice  rejection=0.0000  low=452 high=0  state=ON
2026-10-06T09:10:40Z  OBSERVE  paymentservice  rejection=0.0000  low=517 high=0  state=ON
2026-10-06T09:10:40Z  OBSERVE  productcatalogservice  rejection=0.0000  low=517 high=0  state=ON
2026-10-06T09:10:40Z  OBSERVE  recommendationservice  rejection=0.2037  low=0 high=1  state=ON
2026-10-06T09:10:40Z  OBSERVE  shippingservice  rejection=0.0000  low=517 high=0  state=ON
2026-10-06T09:10:41Z  OBSERVE  adservice  rejection=0.0000  low=518 high=0  state=ON
2026-10-06T09:10:41Z  OBSERVE  cartservice  rejection=0.0000  low=518 high=0  state=ON
2026-10-06T09:10:41Z  OBSERVE  checkoutservice  rejection=0.0000  low=447 high=0  state=ON
2026-10-06T09:10:41Z  OBSERVE  currencyservice  rejection=0.0000  low=518 high=0  state=ON
2026-10-06T09:10:41Z  OBSERVE  emailservice  rejection=0.0000  low=453 high=0  state=ON
2026-10-06T09:10:41Z  OBSERVE  paymentservice  rejection=0.0000  low=518 high=0  state=ON
2026-10-06T09:10:41Z  OBSERVE  productcatalogservice  rejection=0.0000  low=518 high=0  state=ON
2026-10-06T09:10:41Z  OBSERVE  recommendationservice  rejection=0.2380  low=0 high=2  state=ON
2026-10-06T09:10:41Z  OBSERVE  shippingservice  rejection=0.0000  low=518 high=0  state=ON
2026-10-06T09:10:42Z  OBSERVE  adservice  rejection=0.0000  low=519 high=0  state=ON
2026-10-06T09:10:42Z  OBSERVE  cartservice  rejection=0.0000  low=519 high=0  state=ON
2026-10-06T09:10:42Z  OBSERVE  checkoutservice  rejection=0.0000  low=448 high=0  state=ON
2026-10-06T09:10:42Z  OBSERVE  currencyservice  rejection=0.0000  low=519 high=0  state=ON
2026-10-06T09:10:42Z  OBSERVE  emailservice  rejection=0.0000  low=454 high=0  state=ON
2026-10-06T09:10:42Z  OBSERVE  paymentservice  rejection=0.0000  low=519 high=0  state=ON
2026-10-06T09:10:42Z  OBSERVE  productcatalogservice  rejection=0.0000  low=519 high=0  state=ON
2026-10-06T09:10:42Z  OBSERVE  recommendationservice  rejection=0.2362  low=0 high=3  state=ON
2026-10-06T09:10:42Z  OBSERVE  shippingservice  rejection=0.0000  low=519 high=0  state=ON
2026-10-06T09:10:43Z  OBSERVE  adservice  rejection=0.0000  low=520 high=0  state=ON
2026-10-06T09:10:43Z  OBSERVE  cartservice  rejection=0.0000  low=520 high=0  state=ON
2026-10-06T09:10:43Z  OBSERVE  checkoutservice  rejection=0.0000  low=449 high=0  state=ON
2026-10-06T09:10:43Z  OBSERVE  currencyservice  rejection=0.0000  low=520 high=0  state=ON
2026-10-06T09:10:43Z  OBSERVE  emailservice  rejection=0.0000  low=455 high=0  state=ON
2026-10-06T09:10:43Z  OBSERVE  paymentservice  rejection=0.0000  low=520 high=0  state=ON
2026-10-06T09:10:43Z  OBSERVE  productcatalogservice  rejection=0.0000  low=520 high=0  state=ON
2026-10-06T09:10:43Z  OBSERVE  recommendationservice  rejection=0.2232  low=0 high=4  state=ON
2026-10-06T09:10:43Z  OBSERVE  shippingservice  rejection=0.0000  low=520 high=0  state=ON
2026-10-06T09:10:44Z  OBSERVE  adservice  rejection=0.0000  low=521 high=0  state=ON
2026-10-06T09:10:44Z  OBSERVE  cartservice  rejection=0.0000  low=521 high=0  state=ON
2026-10-06T09:10:44Z  OBSERVE  checkoutservice  rejection=0.0000  low=450 high=0  state=ON
2026-10-06T09:10:44Z  OBSERVE  currencyservice  rejection=0.0000  low=521 high=0  state=ON
2026-10-06T09:10:44Z  OBSERVE  emailservice  rejection=0.0000  low=456 high=0  state=ON
2026-10-06T09:10:44Z  OBSERVE  paymentservice  rejection=0.0000  low=521 high=0  state=ON
2026-10-06T09:10:44Z  OBSERVE  productcatalogservice  rejection=0.0000  low=521 high=0  state=ON
2026-10-06T09:10:44Z  OBSERVE  recommendationservice  rejection=0.2096  low=0 high=5  state=ON
2026-10-06T09:10:44Z  OBSERVE  shippingservice  rejection=0.0000  low=521 high=0  state=ON
2026-10-06T09:10:45Z  OBSERVE  adservice  rejection=0.0000  low=522 high=0  state=ON
2026-10-06T09:10:45Z  OBSERVE  cartservice  rejection=0.0000  low=522 high=0  state=ON
2026-10-06T09:10:45Z  OBSERVE  checkoutservice  rejection=0.0000  low=451 high=0  state=ON
2026-10-06T09:10:45Z  OBSERVE  currencyservice  rejection=0.0000  low=522 high=0  state=ON
2026-10-06T09:10:45Z  OBSERVE  emailservice  rejection=0.0000  low=457 high=0  state=ON
2026-10-06T09:10:45Z  OBSERVE  paymentservice  rejection=0.0000  low=522 high=0  state=ON
2026-10-06T09:10:45Z  OBSERVE  productcatalogservice  rejection=0.0000  low=522 high=0  state=ON
2026-10-06T09:10:45Z  OBSERVE  recommendationservice  rejection=0.2135  low=0 high=6  state=ON
2026-10-06T09:10:45Z  OBSERVE  shippingservice  rejection=0.0000  low=522 high=0  state=ON
2026-10-06T09:10:46Z  OBSERVE  adservice  rejection=0.0000  low=523 high=0  state=ON
2026-10-06T09:10:46Z  OBSERVE  cartservice  rejection=0.0000  low=523 high=0  state=ON
2026-10-06T09:10:46Z  OBSERVE  checkoutservice  rejection=0.0000  low=452 high=0  state=ON
2026-10-06T09:10:46Z  OBSERVE  currencyservice  rejection=0.0000  low=523 high=0  state=ON
2026-10-06T09:10:46Z  OBSERVE  emailservice  rejection=0.0000  low=458 high=0  state=ON
2026-10-06T09:10:46Z  OBSERVE  paymentservice  rejection=0.0000  low=523 high=0  state=ON
2026-10-06T09:10:46Z  OBSERVE  productcatalogservice  rejection=0.0000  low=523 high=0  state=ON
2026-10-06T09:10:46Z  OBSERVE  recommendationservice  rejection=0.2544  low=0 high=7  state=ON
2026-10-06T09:10:46Z  OBSERVE  shippingservice  rejection=0.0000  low=523 high=0  state=ON
2026-10-06T09:10:47Z  OBSERVE  adservice  rejection=0.0000  low=524 high=0  state=ON
2026-10-06T09:10:47Z  OBSERVE  cartservice  rejection=0.0000  low=524 high=0  state=ON
2026-10-06T09:10:47Z  OBSERVE  checkoutservice  rejection=0.0000  low=453 high=0  state=ON
2026-10-06T09:10:47Z  OBSERVE  currencyservice  rejection=0.0000  low=524 high=0  state=ON
2026-10-06T09:10:47Z  OBSERVE  emailservice  rejection=0.0000  low=459 high=0  state=ON
2026-10-06T09:10:47Z  OBSERVE  paymentservice  rejection=0.0000  low=524 high=0  state=ON
2026-10-06T09:10:47Z  OBSERVE  productcatalogservice  rejection=0.0000  low=524 high=0  state=ON
2026-10-06T09:10:47Z  OBSERVE  recommendationservice  rejection=0.2354  low=0 high=8  state=ON
2026-10-06T09:10:47Z  OBSERVE  shippingservice  rejection=0.0000  low=524 high=0  state=ON
2026-10-06T09:10:48Z  OBSERVE  adservice  rejection=0.0000  low=525 high=0  state=ON
2026-10-06T09:10:48Z  OBSERVE  cartservice  rejection=0.0000  low=525 high=0  state=ON
2026-10-06T09:10:48Z  OBSERVE  checkoutservice  rejection=0.0000  low=454 high=0  state=ON
2026-10-06T09:10:48Z  OBSERVE  currencyservice  rejection=0.0000  low=525 high=0  state=ON
2026-10-06T09:10:48Z  OBSERVE  emailservice  rejection=0.0000  low=460 high=0  state=ON
2026-10-06T09:10:48Z  OBSERVE  paymentservice  rejection=0.0000  low=525 high=0  state=ON
2026-10-06T09:10:48Z  OBSERVE  productcatalogservice  rejection=0.0000  low=525 high=0  state=ON
2026-10-06T09:10:48Z  OBSERVE  recommendationservice  rejection=0.2163  low=0 high=9  state=ON
2026-10-06T09:10:48Z  OBSERVE  shippingservice  rejection=0.0000  low=525 high=0  state=ON
2026-10-06T09:10:49Z  OBSERVE  adservice  rejection=0.0000  low=526 high=0  state=ON
2026-10-06T09:10:49Z  OBSERVE  cartservice  rejection=0.0000  low=526 high=0  state=ON
2026-10-06T09:10:49Z  OBSERVE  checkoutservice  rejection=0.0000  low=455 high=0  state=ON
2026-10-06T09:10:49Z  OBSERVE  currencyservice  rejection=0.0000  low=526 high=0  state=ON
2026-10-06T09:10:49Z  OBSERVE  emailservice  rejection=0.0000  low=461 high=0  state=ON
2026-10-06T09:10:49Z  OBSERVE  paymentservice  rejection=0.0000  low=526 high=0  state=ON
2026-10-06T09:10:49Z  OBSERVE  productcatalogservice  rejection=0.0000  low=526 high=0  state=ON
2026-10-06T09:10:49Z  OBSERVE  recommendationservice  rejection=0.2259  low=0 high=10  state=ON
2026-10-06T09:10:49Z  OBSERVE  shippingservice  rejection=0.0000  low=526 high=0  state=ON
2026-10-06T09:10:50Z  OBSERVE  adservice  rejection=0.0000  low=527 high=0  state=ON
2026-10-06T09:10:50Z  OBSERVE  cartservice  rejection=0.0000  low=527 high=0  state=ON
2026-10-06T09:10:50Z  OBSERVE  checkoutservice  rejection=0.0000  low=456 high=0  state=ON
2026-10-06T09:10:50Z  OBSERVE  currencyservice  rejection=0.0000  low=527 high=0  state=ON
2026-10-06T09:10:50Z  OBSERVE  emailservice  rejection=0.0000  low=462 high=0  state=ON
2026-10-06T09:10:50Z  OBSERVE  paymentservice  rejection=0.0000  low=527 high=0  state=ON
2026-10-06T09:10:50Z  OBSERVE  productcatalogservice  rejection=0.0000  low=527 high=0  state=ON
2026-10-06T09:10:50Z  OBSERVE  recommendationservice  rejection=0.2624  low=0 high=11  state=ON
2026-10-06T09:10:50Z  OBSERVE  shippingservice  rejection=0.0000  low=527 high=0  state=ON
2026-10-06T09:10:51Z  OBSERVE  adservice  rejection=0.0000  low=528 high=0  state=ON
2026-10-06T09:10:51Z  OBSERVE  cartservice  rejection=0.0000  low=528 high=0  state=ON
2026-10-06T09:10:51Z  OBSERVE  checkoutservice  rejection=0.0000  low=457 high=0  state=ON
2026-10-06T09:10:51Z  OBSERVE  currencyservice  rejection=0.0000  low=528 high=0  state=ON
2026-10-06T09:10:51Z  OBSERVE  emailservice  rejection=0.0000  low=463 high=0  state=ON
2026-10-06T09:10:51Z  OBSERVE  paymentservice  rejection=0.0000  low=528 high=0  state=ON
2026-10-06T09:10:51Z  OBSERVE  productcatalogservice  rejection=0.0000  low=528 high=0  state=ON
2026-10-06T09:10:51Z  OBSERVE  recommendationservice  rejection=0.2075  low=0 high=12  state=ON
2026-10-06T09:10:51Z  OBSERVE  shippingservice  rejection=0.0000  low=528 high=0  state=ON
2026-10-06T09:10:52Z  OBSERVE  adservice  rejection=0.0000  low=529 high=0  state=ON
2026-10-06T09:10:52Z  OBSERVE  cartservice  rejection=0.0000  low=529 high=0  state=ON
2026-10-06T09:10:52Z  OBSERVE  checkoutservice  rejection=0.0000  low=458 high=0  state=ON
2026-10-06T09:10:52Z  OBSERVE  currencyservice  rejection=0.0000  low=529 high=0  state=ON
2026-10-06T09:10:52Z  OBSERVE  emailservice  rejection=0.0000  low=464 high=0  state=ON
2026-10-06T09:10:52Z  OBSERVE  paymentservice  rejection=0.0000  low=529 high=0  state=ON
2026-10-06T09:10:52Z  OBSERVE  productcatalogservice  rejection=0.0000  low=529 high=0  state=ON
2026-10-06T09:10:52Z  OBSERVE  recommendationservice  rejection=0.2506  low=0 high=13  state=ON
2026-10-06T09:10:52Z  OBSERVE  shippingservice  rejection=0.0000  low=529 high=0  state=ON
2026-10-06T09:10:53Z  OBSERVE  adservice  rejection=0.0000  low=530 high=0  state=ON
2026-10-06T09:10:53Z  OBSERVE  cartservice  rejection=0.0000  low=530 high=0  state=ON
2026-10-06T09:10:53Z  OBSERVE  checkoutservice  rejection=0.0000  low=459 high=0  state=ON
2026-10-06T09:10:53Z  OBSERVE  currencyservice  rejection=0.0000  low=530 high=0  state=ON
2026-10-06T09:10:53Z  OBSERVE  emailservice  rejection=0.0000  low=465 high=0  state=ON
2026-10-06T09:10:53Z  OBSERVE  paymentservice  rejection=0.0000  low=530 high=0  state=ON
2026-10-06T09:10:53Z  OBSERVE  productcatalogservice  rejection=0.0000  low=530 high=0  state=ON
2026-10-06T09:10:53Z  OBSERVE  recommendationservice  rejection=0.1833  low=1 high=0  state=ON
2026-10-06T09:10:53Z  OBSERVE  shippingservice  rejection=0.0000  low=530 high=0  state=ON
2026-10-06T09:10:54Z  OBSERVE  adservice  rejection=0.0000  low=531 high=0  state=ON
2026-10-06T09:10:54Z  OBSERVE  cartservice  rejection=0.0000  low=531 high=0  state=ON
2026-10-06T09:10:54Z  OBSERVE  checkoutservice  rejection=0.0000  low=460 high=0  state=ON
2026-10-06T09:10:54Z  OBSERVE  currencyservice  rejection=0.0000  low=531 high=0  state=ON
2026-10-06T09:10:54Z  OBSERVE  emailservice  rejection=0.0000  low=466 high=0  state=ON
2026-10-06T09:10:54Z  OBSERVE  paymentservice  rejection=0.0000  low=531 high=0  state=ON
2026-10-06T09:10:54Z  OBSERVE  productcatalogservice  rejection=0.0000  low=531 high=0  state=ON
2026-10-06T09:10:54Z  OBSERVE  recommendationservice  rejection=0.1873  low=2 high=0  state=ON
2026-10-06T09:10:54Z  OBSERVE  shippingservice  rejection=0.0000  low=531 high=0  state=ON
2026-10-06T09:10:55Z  OBSERVE  adservice  rejection=0.0000  low=532 high=0  state=ON
2026-10-06T09:10:55Z  OBSERVE  cartservice  rejection=0.0000  low=532 high=0  state=ON
2026-10-06T09:10:55Z  OBSERVE  checkoutservice  rejection=0.0000  low=461 high=0  state=ON
2026-10-06T09:10:55Z  OBSERVE  currencyservice  rejection=0.0000  low=532 high=0  state=ON
2026-10-06T09:10:55Z  OBSERVE  emailservice  rejection=0.0000  low=467 high=0  state=ON
2026-10-06T09:10:55Z  OBSERVE  paymentservice  rejection=0.0000  low=532 high=0  state=ON
2026-10-06T09:10:55Z  OBSERVE  productcatalogservice  rejection=0.0000  low=532 high=0  state=ON
2026-10-06T09:10:55Z  OBSERVE  recommendationservice  rejection=0.1800  low=3 high=0  state=ON
2026-10-06T09:10:55Z  OBSERVE  shippingservice  rejection=0.0000  low=532 high=0  state=ON
2026-10-06T09:10:56Z  OBSERVE  adservice  rejection=0.0000  low=533 high=0  state=ON
2026-10-06T09:10:56Z  OBSERVE  cartservice  rejection=0.0000  low=533 high=0  state=ON
2026-10-06T09:10:56Z  OBSERVE  checkoutservice  rejection=0.0000  low=462 high=0  state=ON
2026-10-06T09:10:56Z  OBSERVE  currencyservice  rejection=0.0000  low=533 high=0  state=ON
2026-10-06T09:10:56Z  OBSERVE  emailservice  rejection=0.0000  low=468 high=0  state=ON
2026-10-06T09:10:56Z  OBSERVE  paymentservice  rejection=0.0000  low=533 high=0  state=ON
2026-10-06T09:10:56Z  OBSERVE  productcatalogservice  rejection=0.0000  low=533 high=0  state=ON
2026-10-06T09:10:56Z  OBSERVE  recommendationservice  rejection=0.2109  low=0 high=1  state=ON
2026-10-06T09:10:56Z  OBSERVE  shippingservice  rejection=0.0000  low=533 high=0  state=ON
2026-10-06T09:10:57Z  OBSERVE  adservice  rejection=0.0000  low=534 high=0  state=ON
2026-10-06T09:10:57Z  OBSERVE  cartservice  rejection=0.0000  low=534 high=0  state=ON
2026-10-06T09:10:57Z  OBSERVE  checkoutservice  rejection=0.0000  low=463 high=0  state=ON
2026-10-06T09:10:57Z  OBSERVE  currencyservice  rejection=0.0000  low=534 high=0  state=ON
2026-10-06T09:10:57Z  OBSERVE  emailservice  rejection=0.0000  low=469 high=0  state=ON
2026-10-06T09:10:57Z  OBSERVE  paymentservice  rejection=0.0000  low=534 high=0  state=ON
2026-10-06T09:10:57Z  OBSERVE  productcatalogservice  rejection=0.0000  low=534 high=0  state=ON
2026-10-06T09:10:57Z  OBSERVE  recommendationservice  rejection=0.2067  low=0 high=2  state=ON
2026-10-06T09:10:57Z  OBSERVE  shippingservice  rejection=0.0000  low=534 high=0  state=ON
2026-10-06T09:10:58Z  OBSERVE  adservice  rejection=0.0000  low=535 high=0  state=ON
2026-10-06T09:10:58Z  OBSERVE  cartservice  rejection=0.0000  low=535 high=0  state=ON
2026-10-06T09:10:58Z  OBSERVE  checkoutservice  rejection=0.0000  low=464 high=0  state=ON
2026-10-06T09:10:58Z  OBSERVE  currencyservice  rejection=0.0000  low=535 high=0  state=ON
2026-10-06T09:10:58Z  OBSERVE  emailservice  rejection=0.0000  low=470 high=0  state=ON
2026-10-06T09:10:58Z  OBSERVE  paymentservice  rejection=0.0000  low=535 high=0  state=ON
2026-10-06T09:10:58Z  OBSERVE  productcatalogservice  rejection=0.0000  low=535 high=0  state=ON
2026-10-06T09:10:58Z  OBSERVE  recommendationservice  rejection=0.2182  low=0 high=3  state=ON
2026-10-06T09:10:58Z  OBSERVE  shippingservice  rejection=0.0000  low=535 high=0  state=ON
2026-10-06T09:10:59Z  OBSERVE  adservice  rejection=0.0000  low=536 high=0  state=ON
2026-10-06T09:10:59Z  OBSERVE  cartservice  rejection=0.0000  low=536 high=0  state=ON
2026-10-06T09:10:59Z  OBSERVE  checkoutservice  rejection=0.0000  low=465 high=0  state=ON
2026-10-06T09:10:59Z  OBSERVE  currencyservice  rejection=0.0000  low=536 high=0  state=ON
2026-10-06T09:10:59Z  OBSERVE  emailservice  rejection=0.0000  low=471 high=0  state=ON
2026-10-06T09:10:59Z  OBSERVE  paymentservice  rejection=0.0000  low=536 high=0  state=ON
2026-10-06T09:10:59Z  OBSERVE  productcatalogservice  rejection=0.0000  low=536 high=0  state=ON
2026-10-06T09:10:59Z  OBSERVE  recommendationservice  rejection=0.2682  low=0 high=4  state=ON
2026-10-06T09:10:59Z  OBSERVE  shippingservice  rejection=0.0000  low=536 high=0  state=ON
2026-10-06T09:11:00Z  OBSERVE  adservice  rejection=0.0000  low=537 high=0  state=ON
2026-10-06T09:11:00Z  OBSERVE  cartservice  rejection=0.0000  low=537 high=0  state=ON
2026-10-06T09:11:00Z  OBSERVE  checkoutservice  rejection=0.0000  low=466 high=0  state=ON
2026-10-06T09:11:00Z  OBSERVE  currencyservice  rejection=0.0000  low=537 high=0  state=ON
2026-10-06T09:11:00Z  OBSERVE  emailservice  rejection=0.0000  low=472 high=0  state=ON
2026-10-06T09:11:00Z  OBSERVE  paymentservice  rejection=0.0000  low=537 high=0  state=ON
2026-10-06T09:11:00Z  OBSERVE  productcatalogservice  rejection=0.0000  low=537 high=0  state=ON
2026-10-06T09:11:00Z  OBSERVE  recommendationservice  rejection=0.1954  low=1 high=0  state=ON
2026-10-06T09:11:00Z  OBSERVE  shippingservice  rejection=0.0000  low=537 high=0  state=ON
2026-10-06T09:11:01Z  OBSERVE  adservice  rejection=0.0000  low=538 high=0  state=ON
2026-10-06T09:11:01Z  OBSERVE  cartservice  rejection=0.0000  low=538 high=0  state=ON
2026-10-06T09:11:01Z  OBSERVE  checkoutservice  rejection=0.0000  low=467 high=0  state=ON
2026-10-06T09:11:01Z  OBSERVE  currencyservice  rejection=0.0000  low=538 high=0  state=ON
2026-10-06T09:11:01Z  OBSERVE  emailservice  rejection=0.0000  low=473 high=0  state=ON
2026-10-06T09:11:01Z  OBSERVE  paymentservice  rejection=0.0000  low=538 high=0  state=ON
2026-10-06T09:11:01Z  OBSERVE  productcatalogservice  rejection=0.0000  low=538 high=0  state=ON
2026-10-06T09:11:01Z  OBSERVE  recommendationservice  rejection=0.2149  low=0 high=1  state=ON
2026-10-06T09:11:01Z  OBSERVE  shippingservice  rejection=0.0000  low=538 high=0  state=ON
2026-10-06T09:11:02Z  OBSERVE  adservice  rejection=0.0000  low=539 high=0  state=ON
2026-10-06T09:11:02Z  OBSERVE  cartservice  rejection=0.0000  low=539 high=0  state=ON
2026-10-06T09:11:02Z  OBSERVE  checkoutservice  rejection=0.0000  low=468 high=0  state=ON
2026-10-06T09:11:02Z  OBSERVE  currencyservice  rejection=0.0000  low=539 high=0  state=ON
2026-10-06T09:11:02Z  OBSERVE  emailservice  rejection=0.0000  low=474 high=0  state=ON
2026-10-06T09:11:02Z  OBSERVE  paymentservice  rejection=0.0000  low=539 high=0  state=ON
2026-10-06T09:11:02Z  OBSERVE  productcatalogservice  rejection=0.0000  low=539 high=0  state=ON
2026-10-06T09:11:02Z  OBSERVE  recommendationservice  rejection=0.2058  low=0 high=2  state=ON
2026-10-06T09:11:02Z  OBSERVE  shippingservice  rejection=0.0000  low=539 high=0  state=ON
2026-10-06T09:11:03Z  OBSERVE  adservice  rejection=0.0000  low=540 high=0  state=ON
2026-10-06T09:11:03Z  OBSERVE  cartservice  rejection=0.0000  low=540 high=0  state=ON
2026-10-06T09:11:03Z  OBSERVE  checkoutservice  rejection=0.0000  low=469 high=0  state=ON
2026-10-06T09:11:03Z  OBSERVE  currencyservice  rejection=0.0000  low=540 high=0  state=ON
2026-10-06T09:11:03Z  OBSERVE  emailservice  rejection=0.0000  low=475 high=0  state=ON
2026-10-06T09:11:03Z  OBSERVE  paymentservice  rejection=0.0000  low=540 high=0  state=ON
2026-10-06T09:11:03Z  OBSERVE  productcatalogservice  rejection=0.0000  low=540 high=0  state=ON
2026-10-06T09:11:03Z  OBSERVE  recommendationservice  rejection=0.2103  low=0 high=3  state=ON
2026-10-06T09:11:03Z  OBSERVE  shippingservice  rejection=0.0000  low=540 high=0  state=ON
2026-10-06T09:11:04Z  OBSERVE  adservice  rejection=0.0000  low=541 high=0  state=ON
2026-10-06T09:11:04Z  OBSERVE  cartservice  rejection=0.0000  low=541 high=0  state=ON
2026-10-06T09:11:04Z  OBSERVE  checkoutservice  rejection=0.0000  low=470 high=0  state=ON
2026-10-06T09:11:04Z  OBSERVE  currencyservice  rejection=0.0000  low=541 high=0  state=ON
2026-10-06T09:11:04Z  OBSERVE  emailservice  rejection=0.0000  low=476 high=0  state=ON
2026-10-06T09:11:04Z  OBSERVE  paymentservice  rejection=0.0000  low=541 high=0  state=ON
2026-10-06T09:11:04Z  OBSERVE  productcatalogservice  rejection=0.0000  low=541 high=0  state=ON
2026-10-06T09:11:04Z  OBSERVE  recommendationservice  rejection=0.1916  low=1 high=0  state=ON
2026-10-06T09:11:04Z  OBSERVE  shippingservice  rejection=0.0000  low=541 high=0  state=ON
2026-10-06T09:11:05Z  OBSERVE  adservice  rejection=0.0000  low=542 high=0  state=ON
2026-10-06T09:11:05Z  OBSERVE  cartservice  rejection=0.0000  low=542 high=0  state=ON
2026-10-06T09:11:05Z  OBSERVE  checkoutservice  rejection=0.0000  low=471 high=0  state=ON
2026-10-06T09:11:05Z  OBSERVE  currencyservice  rejection=0.0000  low=542 high=0  state=ON
2026-10-06T09:11:05Z  OBSERVE  emailservice  rejection=0.0000  low=477 high=0  state=ON
2026-10-06T09:11:05Z  OBSERVE  paymentservice  rejection=0.0000  low=542 high=0  state=ON
2026-10-06T09:11:05Z  OBSERVE  productcatalogservice  rejection=0.0000  low=542 high=0  state=ON
2026-10-06T09:11:05Z  OBSERVE  recommendationservice  rejection=0.2237  low=0 high=1  state=ON
2026-10-06T09:11:05Z  OBSERVE  shippingservice  rejection=0.0000  low=542 high=0  state=ON
2026-10-06T09:11:06Z  OBSERVE  adservice  rejection=0.0000  low=543 high=0  state=ON
2026-10-06T09:11:06Z  OBSERVE  cartservice  rejection=0.0000  low=543 high=0  state=ON
2026-10-06T09:11:06Z  OBSERVE  checkoutservice  rejection=0.0000  low=472 high=0  state=ON
2026-10-06T09:11:06Z  OBSERVE  currencyservice  rejection=0.0000  low=543 high=0  state=ON
2026-10-06T09:11:06Z  OBSERVE  emailservice  rejection=0.0000  low=478 high=0  state=ON
2026-10-06T09:11:06Z  OBSERVE  paymentservice  rejection=0.0000  low=543 high=0  state=ON
2026-10-06T09:11:06Z  OBSERVE  productcatalogservice  rejection=0.0000  low=543 high=0  state=ON
2026-10-06T09:11:06Z  OBSERVE  recommendationservice  rejection=0.2368  low=0 high=2  state=ON
2026-10-06T09:11:06Z  OBSERVE  shippingservice  rejection=0.0000  low=543 high=0  state=ON
2026-10-06T09:11:07Z  OBSERVE  adservice  rejection=0.0000  low=544 high=0  state=ON
2026-10-06T09:11:07Z  OBSERVE  cartservice  rejection=0.0000  low=544 high=0  state=ON
2026-10-06T09:11:07Z  OBSERVE  checkoutservice  rejection=0.0000  low=473 high=0  state=ON
2026-10-06T09:11:07Z  OBSERVE  currencyservice  rejection=0.0000  low=544 high=0  state=ON
2026-10-06T09:11:07Z  OBSERVE  emailservice  rejection=0.0000  low=479 high=0  state=ON
2026-10-06T09:11:07Z  OBSERVE  paymentservice  rejection=0.0000  low=544 high=0  state=ON
2026-10-06T09:11:07Z  OBSERVE  productcatalogservice  rejection=0.0000  low=544 high=0  state=ON
2026-10-06T09:11:07Z  OBSERVE  recommendationservice  rejection=0.1898  low=1 high=0  state=ON
2026-10-06T09:11:07Z  OBSERVE  shippingservice  rejection=0.0000  low=544 high=0  state=ON
2026-10-06T09:11:08Z  OBSERVE  adservice  rejection=0.0000  low=545 high=0  state=ON
2026-10-06T09:11:08Z  OBSERVE  cartservice  rejection=0.0000  low=545 high=0  state=ON
2026-10-06T09:11:08Z  OBSERVE  checkoutservice  rejection=0.0000  low=474 high=0  state=ON
2026-10-06T09:11:08Z  OBSERVE  currencyservice  rejection=0.0000  low=545 high=0  state=ON
2026-10-06T09:11:08Z  OBSERVE  emailservice  rejection=0.0000  low=480 high=0  state=ON
2026-10-06T09:11:08Z  OBSERVE  paymentservice  rejection=0.0000  low=545 high=0  state=ON
2026-10-06T09:11:08Z  OBSERVE  productcatalogservice  rejection=0.0000  low=545 high=0  state=ON
2026-10-06T09:11:08Z  OBSERVE  recommendationservice  rejection=0.2494  low=0 high=1  state=ON
2026-10-06T09:11:08Z  OBSERVE  shippingservice  rejection=0.0000  low=545 high=0  state=ON
2026-10-06T09:11:09Z  OBSERVE  adservice  rejection=0.0000  low=546 high=0  state=ON
2026-10-06T09:11:09Z  OBSERVE  cartservice  rejection=0.0000  low=546 high=0  state=ON
2026-10-06T09:11:09Z  OBSERVE  checkoutservice  rejection=0.0000  low=475 high=0  state=ON
2026-10-06T09:11:09Z  OBSERVE  currencyservice  rejection=0.0000  low=546 high=0  state=ON
2026-10-06T09:11:09Z  OBSERVE  emailservice  rejection=0.0000  low=481 high=0  state=ON
2026-10-06T09:11:09Z  OBSERVE  paymentservice  rejection=0.0000  low=546 high=0  state=ON
2026-10-06T09:11:09Z  OBSERVE  productcatalogservice  rejection=0.0000  low=546 high=0  state=ON
2026-10-06T09:11:09Z  OBSERVE  recommendationservice  rejection=0.2655  low=0 high=2  state=ON
2026-10-06T09:11:09Z  OBSERVE  shippingservice  rejection=0.0000  low=546 high=0  state=ON
2026-10-06T09:11:10Z  OBSERVE  adservice  rejection=0.0000  low=547 high=0  state=ON
2026-10-06T09:11:10Z  OBSERVE  cartservice  rejection=0.0000  low=547 high=0  state=ON
2026-10-06T09:11:10Z  OBSERVE  checkoutservice  rejection=0.0000  low=476 high=0  state=ON
2026-10-06T09:11:10Z  OBSERVE  currencyservice  rejection=0.0000  low=547 high=0  state=ON
2026-10-06T09:11:10Z  OBSERVE  emailservice  rejection=0.0000  low=482 high=0  state=ON
2026-10-06T09:11:10Z  OBSERVE  paymentservice  rejection=0.0000  low=547 high=0  state=ON
2026-10-06T09:11:10Z  OBSERVE  productcatalogservice  rejection=0.0000  low=547 high=0  state=ON
2026-10-06T09:11:10Z  OBSERVE  recommendationservice  rejection=0.1319  low=1 high=0  state=ON
2026-10-06T09:11:10Z  OBSERVE  shippingservice  rejection=0.0000  low=547 high=0  state=ON
2026-10-06T09:11:11Z  OBSERVE  adservice  rejection=0.0000  low=548 high=0  state=ON
2026-10-06T09:11:11Z  OBSERVE  cartservice  rejection=0.0000  low=548 high=0  state=ON
2026-10-06T09:11:11Z  OBSERVE  checkoutservice  rejection=0.0000  low=477 high=0  state=ON
2026-10-06T09:11:11Z  OBSERVE  currencyservice  rejection=0.0000  low=548 high=0  state=ON
2026-10-06T09:11:11Z  OBSERVE  emailservice  rejection=0.0000  low=483 high=0  state=ON
2026-10-06T09:11:11Z  OBSERVE  paymentservice  rejection=0.0000  low=548 high=0  state=ON
2026-10-06T09:11:11Z  OBSERVE  productcatalogservice  rejection=0.0000  low=548 high=0  state=ON
2026-10-06T09:11:11Z  OBSERVE  recommendationservice  rejection=0.1787  low=2 high=0  state=ON
2026-10-06T09:11:11Z  OBSERVE  shippingservice  rejection=0.0000  low=548 high=0  state=ON
2026-10-06T09:11:12Z  OBSERVE  adservice  rejection=0.0000  low=549 high=0  state=ON
2026-10-06T09:11:12Z  OBSERVE  cartservice  rejection=0.0000  low=549 high=0  state=ON
2026-10-06T09:11:12Z  OBSERVE  checkoutservice  rejection=0.0000  low=478 high=0  state=ON
2026-10-06T09:11:12Z  OBSERVE  currencyservice  rejection=0.0000  low=549 high=0  state=ON
2026-10-06T09:11:12Z  OBSERVE  emailservice  rejection=0.0000  low=484 high=0  state=ON
2026-10-06T09:11:12Z  OBSERVE  paymentservice  rejection=0.0000  low=549 high=0  state=ON
2026-10-06T09:11:12Z  OBSERVE  productcatalogservice  rejection=0.0000  low=549 high=0  state=ON
2026-10-06T09:11:12Z  OBSERVE  recommendationservice  rejection=0.1957  low=3 high=0  state=ON
2026-10-06T09:11:12Z  OBSERVE  shippingservice  rejection=0.0000  low=549 high=0  state=ON
2026-10-06T09:11:13Z  OBSERVE  adservice  rejection=0.0000  low=550 high=0  state=ON
2026-10-06T09:11:13Z  OBSERVE  cartservice  rejection=0.0000  low=550 high=0  state=ON
2026-10-06T09:11:13Z  OBSERVE  checkoutservice  rejection=0.0000  low=479 high=0  state=ON
2026-10-06T09:11:13Z  OBSERVE  currencyservice  rejection=0.0000  low=550 high=0  state=ON
2026-10-06T09:11:13Z  OBSERVE  emailservice  rejection=0.0000  low=485 high=0  state=ON
2026-10-06T09:11:13Z  OBSERVE  paymentservice  rejection=0.0000  low=550 high=0  state=ON
2026-10-06T09:11:13Z  OBSERVE  productcatalogservice  rejection=0.0000  low=550 high=0  state=ON
2026-10-06T09:11:13Z  OBSERVE  recommendationservice  rejection=0.1865  low=4 high=0  state=ON
2026-10-06T09:11:13Z  OBSERVE  shippingservice  rejection=0.0000  low=550 high=0  state=ON
2026-10-06T09:11:14Z  OBSERVE  adservice  rejection=0.0000  low=551 high=0  state=ON
2026-10-06T09:11:14Z  OBSERVE  cartservice  rejection=0.0000  low=551 high=0  state=ON
2026-10-06T09:11:14Z  OBSERVE  checkoutservice  rejection=0.0000  low=480 high=0  state=ON
2026-10-06T09:11:14Z  OBSERVE  currencyservice  rejection=0.0000  low=551 high=0  state=ON
2026-10-06T09:11:14Z  OBSERVE  emailservice  rejection=0.0000  low=486 high=0  state=ON
2026-10-06T09:11:14Z  OBSERVE  paymentservice  rejection=0.0000  low=551 high=0  state=ON
2026-10-06T09:11:14Z  OBSERVE  productcatalogservice  rejection=0.0000  low=551 high=0  state=ON
2026-10-06T09:11:14Z  OBSERVE  recommendationservice  rejection=0.2152  low=0 high=1  state=ON
2026-10-06T09:11:14Z  OBSERVE  shippingservice  rejection=0.0000  low=551 high=0  state=ON
2026-10-06T09:11:15Z  OBSERVE  adservice  rejection=0.0000  low=552 high=0  state=ON
2026-10-06T09:11:15Z  OBSERVE  cartservice  rejection=0.0000  low=552 high=0  state=ON
2026-10-06T09:11:15Z  OBSERVE  checkoutservice  rejection=0.0000  low=481 high=0  state=ON
2026-10-06T09:11:15Z  OBSERVE  currencyservice  rejection=0.0000  low=552 high=0  state=ON
2026-10-06T09:11:15Z  OBSERVE  emailservice  rejection=0.0000  low=487 high=0  state=ON
2026-10-06T09:11:15Z  OBSERVE  paymentservice  rejection=0.0000  low=552 high=0  state=ON
2026-10-06T09:11:15Z  OBSERVE  productcatalogservice  rejection=0.0000  low=552 high=0  state=ON
2026-10-06T09:11:15Z  OBSERVE  recommendationservice  rejection=0.2033  low=0 high=2  state=ON
2026-10-06T09:11:15Z  OBSERVE  shippingservice  rejection=0.0000  low=552 high=0  state=ON
2026-10-06T09:11:16Z  OBSERVE  adservice  rejection=0.0000  low=553 high=0  state=ON
2026-10-06T09:11:16Z  OBSERVE  cartservice  rejection=0.0000  low=553 high=0  state=ON
2026-10-06T09:11:16Z  OBSERVE  checkoutservice  rejection=0.0000  low=482 high=0  state=ON
2026-10-06T09:11:16Z  OBSERVE  currencyservice  rejection=0.0000  low=553 high=0  state=ON
2026-10-06T09:11:16Z  OBSERVE  emailservice  rejection=0.0000  low=488 high=0  state=ON
2026-10-06T09:11:16Z  OBSERVE  paymentservice  rejection=0.0000  low=553 high=0  state=ON
2026-10-06T09:11:16Z  OBSERVE  productcatalogservice  rejection=0.0000  low=553 high=0  state=ON
2026-10-06T09:11:16Z  OBSERVE  recommendationservice  rejection=0.1681  low=1 high=0  state=ON
2026-10-06T09:11:16Z  OBSERVE  shippingservice  rejection=0.0000  low=553 high=0  state=ON
2026-10-06T09:11:17Z  OBSERVE  adservice  rejection=0.0000  low=554 high=0  state=ON
2026-10-06T09:11:17Z  OBSERVE  cartservice  rejection=0.0000  low=554 high=0  state=ON
2026-10-06T09:11:17Z  OBSERVE  checkoutservice  rejection=0.0000  low=483 high=0  state=ON
2026-10-06T09:11:17Z  OBSERVE  currencyservice  rejection=0.0000  low=554 high=0  state=ON
2026-10-06T09:11:17Z  OBSERVE  emailservice  rejection=0.0000  low=489 high=0  state=ON
2026-10-06T09:11:17Z  OBSERVE  paymentservice  rejection=0.0000  low=554 high=0  state=ON
2026-10-06T09:11:17Z  OBSERVE  productcatalogservice  rejection=0.0000  low=554 high=0  state=ON
2026-10-06T09:11:17Z  OBSERVE  recommendationservice  rejection=0.2224  low=0 high=1  state=ON
2026-10-06T09:11:17Z  OBSERVE  shippingservice  rejection=0.0000  low=554 high=0  state=ON
2026-10-06T09:11:18Z  OBSERVE  adservice  rejection=0.0000  low=555 high=0  state=ON
2026-10-06T09:11:18Z  OBSERVE  cartservice  rejection=0.0000  low=555 high=0  state=ON
2026-10-06T09:11:18Z  OBSERVE  checkoutservice  rejection=0.0000  low=484 high=0  state=ON
2026-10-06T09:11:18Z  OBSERVE  currencyservice  rejection=0.0000  low=555 high=0  state=ON
2026-10-06T09:11:18Z  OBSERVE  emailservice  rejection=0.0000  low=490 high=0  state=ON
2026-10-06T09:11:18Z  OBSERVE  paymentservice  rejection=0.0000  low=555 high=0  state=ON
2026-10-06T09:11:18Z  OBSERVE  productcatalogservice  rejection=0.0000  low=555 high=0  state=ON
2026-10-06T09:11:18Z  OBSERVE  recommendationservice  rejection=0.2204  low=0 high=2  state=ON
2026-10-06T09:11:18Z  OBSERVE  shippingservice  rejection=0.0000  low=555 high=0  state=ON
2026-10-06T09:11:19Z  OBSERVE  adservice  rejection=0.0000  low=556 high=0  state=ON
2026-10-06T09:11:19Z  OBSERVE  cartservice  rejection=0.0000  low=556 high=0  state=ON
2026-10-06T09:11:19Z  OBSERVE  checkoutservice  rejection=0.0000  low=485 high=0  state=ON
2026-10-06T09:11:19Z  OBSERVE  currencyservice  rejection=0.0000  low=556 high=0  state=ON
2026-10-06T09:11:19Z  OBSERVE  emailservice  rejection=0.0000  low=491 high=0  state=ON
2026-10-06T09:11:19Z  OBSERVE  paymentservice  rejection=0.0000  low=556 high=0  state=ON
2026-10-06T09:11:19Z  OBSERVE  productcatalogservice  rejection=0.0000  low=556 high=0  state=ON
2026-10-06T09:11:19Z  OBSERVE  recommendationservice  rejection=0.1773  low=1 high=0  state=ON
2026-10-06T09:11:19Z  OBSERVE  shippingservice  rejection=0.0000  low=556 high=0  state=ON
2026-10-06T09:11:20Z  OBSERVE  adservice  rejection=0.0000  low=557 high=0  state=ON
2026-10-06T09:11:20Z  OBSERVE  cartservice  rejection=0.0000  low=557 high=0  state=ON
2026-10-06T09:11:20Z  OBSERVE  checkoutservice  rejection=0.0000  low=486 high=0  state=ON
2026-10-06T09:11:20Z  OBSERVE  currencyservice  rejection=0.0000  low=557 high=0  state=ON
2026-10-06T09:11:20Z  OBSERVE  emailservice  rejection=0.0000  low=492 high=0  state=ON
2026-10-06T09:11:20Z  OBSERVE  paymentservice  rejection=0.0000  low=557 high=0  state=ON
2026-10-06T09:11:20Z  OBSERVE  productcatalogservice  rejection=0.0000  low=557 high=0  state=ON
2026-10-06T09:11:20Z  OBSERVE  recommendationservice  rejection=0.1840  low=2 high=0  state=ON
2026-10-06T09:11:20Z  OBSERVE  shippingservice  rejection=0.0000  low=557 high=0  state=ON
2026-10-06T09:11:21Z  OBSERVE  adservice  rejection=0.0000  low=558 high=0  state=ON
2026-10-06T09:11:21Z  OBSERVE  cartservice  rejection=0.0000  low=558 high=0  state=ON
2026-10-06T09:11:21Z  OBSERVE  checkoutservice  rejection=0.0000  low=487 high=0  state=ON
2026-10-06T09:11:21Z  OBSERVE  currencyservice  rejection=0.0000  low=558 high=0  state=ON
2026-10-06T09:11:21Z  OBSERVE  emailservice  rejection=0.0000  low=493 high=0  state=ON
2026-10-06T09:11:21Z  OBSERVE  paymentservice  rejection=0.0000  low=558 high=0  state=ON
2026-10-06T09:11:21Z  OBSERVE  productcatalogservice  rejection=0.0000  low=558 high=0  state=ON
2026-10-06T09:11:21Z  OBSERVE  recommendationservice  rejection=0.2436  low=0 high=1  state=ON
2026-10-06T09:11:21Z  OBSERVE  shippingservice  rejection=0.0000  low=558 high=0  state=ON
2026-10-06T09:11:22Z  OBSERVE  adservice  rejection=0.0000  low=559 high=0  state=ON
2026-10-06T09:11:22Z  OBSERVE  cartservice  rejection=0.0000  low=559 high=0  state=ON
2026-10-06T09:11:22Z  OBSERVE  checkoutservice  rejection=0.0000  low=488 high=0  state=ON
2026-10-06T09:11:22Z  OBSERVE  currencyservice  rejection=0.0000  low=559 high=0  state=ON
2026-10-06T09:11:22Z  OBSERVE  emailservice  rejection=0.0000  low=494 high=0  state=ON
2026-10-06T09:11:22Z  OBSERVE  paymentservice  rejection=0.0000  low=559 high=0  state=ON
2026-10-06T09:11:22Z  OBSERVE  productcatalogservice  rejection=0.0000  low=559 high=0  state=ON
2026-10-06T09:11:22Z  OBSERVE  recommendationservice  rejection=0.1937  low=1 high=0  state=ON
2026-10-06T09:11:22Z  OBSERVE  shippingservice  rejection=0.0000  low=559 high=0  state=ON
2026-10-06T09:11:23Z  OBSERVE  adservice  rejection=0.0000  low=560 high=0  state=ON
2026-10-06T09:11:23Z  OBSERVE  cartservice  rejection=0.0000  low=560 high=0  state=ON
2026-10-06T09:11:23Z  OBSERVE  checkoutservice  rejection=0.0000  low=489 high=0  state=ON
2026-10-06T09:11:23Z  OBSERVE  currencyservice  rejection=0.0000  low=560 high=0  state=ON
2026-10-06T09:11:23Z  OBSERVE  emailservice  rejection=0.0000  low=495 high=0  state=ON
2026-10-06T09:11:23Z  OBSERVE  paymentservice  rejection=0.0000  low=560 high=0  state=ON
2026-10-06T09:11:23Z  OBSERVE  productcatalogservice  rejection=0.0000  low=560 high=0  state=ON
2026-10-06T09:11:23Z  OBSERVE  recommendationservice  rejection=0.2142  low=0 high=1  state=ON
2026-10-06T09:11:23Z  OBSERVE  shippingservice  rejection=0.0000  low=560 high=0  state=ON
2026-10-06T09:11:24Z  OBSERVE  adservice  rejection=0.0000  low=561 high=0  state=ON
2026-10-06T09:11:24Z  OBSERVE  cartservice  rejection=0.0000  low=561 high=0  state=ON
2026-10-06T09:11:24Z  OBSERVE  checkoutservice  rejection=0.0000  low=490 high=0  state=ON
2026-10-06T09:11:24Z  OBSERVE  currencyservice  rejection=0.0000  low=561 high=0  state=ON
2026-10-06T09:11:24Z  OBSERVE  emailservice  rejection=0.0000  low=496 high=0  state=ON
2026-10-06T09:11:24Z  OBSERVE  paymentservice  rejection=0.0000  low=561 high=0  state=ON
2026-10-06T09:11:24Z  OBSERVE  productcatalogservice  rejection=0.0000  low=561 high=0  state=ON
2026-10-06T09:11:24Z  OBSERVE  recommendationservice  rejection=0.2354  low=0 high=2  state=ON
2026-10-06T09:11:24Z  OBSERVE  shippingservice  rejection=0.0000  low=561 high=0  state=ON
2026-10-06T09:11:25Z  OBSERVE  adservice  rejection=0.0000  low=562 high=0  state=ON
2026-10-06T09:11:25Z  OBSERVE  cartservice  rejection=0.0000  low=562 high=0  state=ON
2026-10-06T09:11:25Z  OBSERVE  checkoutservice  rejection=0.0000  low=491 high=0  state=ON
2026-10-06T09:11:25Z  OBSERVE  currencyservice  rejection=0.0000  low=562 high=0  state=ON
2026-10-06T09:11:25Z  OBSERVE  emailservice  rejection=0.0000  low=497 high=0  state=ON
2026-10-06T09:11:25Z  OBSERVE  paymentservice  rejection=0.0000  low=562 high=0  state=ON
2026-10-06T09:11:25Z  OBSERVE  productcatalogservice  rejection=0.0000  low=562 high=0  state=ON
2026-10-06T09:11:25Z  OBSERVE  recommendationservice  rejection=0.2102  low=0 high=3  state=ON
2026-10-06T09:11:25Z  OBSERVE  shippingservice  rejection=0.0000  low=562 high=0  state=ON
2026-10-06T09:11:26Z  OBSERVE  adservice  rejection=0.0000  low=563 high=0  state=ON
2026-10-06T09:11:26Z  OBSERVE  cartservice  rejection=0.0000  low=563 high=0  state=ON
2026-10-06T09:11:26Z  OBSERVE  checkoutservice  rejection=0.0000  low=492 high=0  state=ON
2026-10-06T09:11:26Z  OBSERVE  currencyservice  rejection=0.0000  low=563 high=0  state=ON
2026-10-06T09:11:26Z  OBSERVE  emailservice  rejection=0.0000  low=498 high=0  state=ON
2026-10-06T09:11:26Z  OBSERVE  paymentservice  rejection=0.0000  low=563 high=0  state=ON
2026-10-06T09:11:26Z  OBSERVE  productcatalogservice  rejection=0.0000  low=563 high=0  state=ON
2026-10-06T09:11:26Z  OBSERVE  recommendationservice  rejection=0.1923  low=1 high=0  state=ON
2026-10-06T09:11:26Z  OBSERVE  shippingservice  rejection=0.0000  low=563 high=0  state=ON
2026-10-06T09:11:27Z  OBSERVE  adservice  rejection=0.0000  low=564 high=0  state=ON
2026-10-06T09:11:27Z  OBSERVE  cartservice  rejection=0.0000  low=564 high=0  state=ON
2026-10-06T09:11:27Z  OBSERVE  checkoutservice  rejection=0.0000  low=493 high=0  state=ON
2026-10-06T09:11:27Z  OBSERVE  currencyservice  rejection=0.0000  low=564 high=0  state=ON
2026-10-06T09:11:27Z  OBSERVE  emailservice  rejection=0.0000  low=499 high=0  state=ON
2026-10-06T09:11:27Z  OBSERVE  paymentservice  rejection=0.0000  low=564 high=0  state=ON
2026-10-06T09:11:27Z  OBSERVE  productcatalogservice  rejection=0.0000  low=564 high=0  state=ON
2026-10-06T09:11:27Z  OBSERVE  recommendationservice  rejection=0.1978  low=2 high=0  state=ON
2026-10-06T09:11:27Z  OBSERVE  shippingservice  rejection=0.0000  low=564 high=0  state=ON
2026-10-06T09:11:28Z  OBSERVE  adservice  rejection=0.0000  low=565 high=0  state=ON
2026-10-06T09:11:28Z  OBSERVE  cartservice  rejection=0.0000  low=565 high=0  state=ON
2026-10-06T09:11:28Z  OBSERVE  checkoutservice  rejection=0.0000  low=494 high=0  state=ON
2026-10-06T09:11:28Z  OBSERVE  currencyservice  rejection=0.0000  low=565 high=0  state=ON
2026-10-06T09:11:28Z  OBSERVE  emailservice  rejection=0.0000  low=500 high=0  state=ON
2026-10-06T09:11:28Z  OBSERVE  paymentservice  rejection=0.0000  low=565 high=0  state=ON
2026-10-06T09:11:28Z  OBSERVE  productcatalogservice  rejection=0.0000  low=565 high=0  state=ON
2026-10-06T09:11:28Z  OBSERVE  recommendationservice  rejection=0.1857  low=3 high=0  state=ON
2026-10-06T09:11:28Z  OBSERVE  shippingservice  rejection=0.0000  low=565 high=0  state=ON
2026-10-06T09:11:29Z  OBSERVE  adservice  rejection=0.0000  low=566 high=0  state=ON
2026-10-06T09:11:29Z  OBSERVE  cartservice  rejection=0.0000  low=566 high=0  state=ON
2026-10-06T09:11:29Z  OBSERVE  checkoutservice  rejection=0.0000  low=495 high=0  state=ON
2026-10-06T09:11:29Z  OBSERVE  currencyservice  rejection=0.0000  low=566 high=0  state=ON
2026-10-06T09:11:29Z  OBSERVE  emailservice  rejection=0.0000  low=501 high=0  state=ON
2026-10-06T09:11:29Z  OBSERVE  paymentservice  rejection=0.0000  low=566 high=0  state=ON
2026-10-06T09:11:29Z  OBSERVE  productcatalogservice  rejection=0.0000  low=566 high=0  state=ON
2026-10-06T09:11:29Z  OBSERVE  recommendationservice  rejection=0.2460  low=0 high=1  state=ON
2026-10-06T09:11:29Z  OBSERVE  shippingservice  rejection=0.0000  low=566 high=0  state=ON
2026-10-06T09:11:30Z  OBSERVE  adservice  rejection=0.0000  low=567 high=0  state=ON
2026-10-06T09:11:30Z  OBSERVE  cartservice  rejection=0.0000  low=567 high=0  state=ON
2026-10-06T09:11:30Z  OBSERVE  checkoutservice  rejection=0.0000  low=496 high=0  state=ON
2026-10-06T09:11:30Z  OBSERVE  currencyservice  rejection=0.0000  low=567 high=0  state=ON
2026-10-06T09:11:30Z  OBSERVE  emailservice  rejection=0.0000  low=502 high=0  state=ON
2026-10-06T09:11:30Z  OBSERVE  paymentservice  rejection=0.0000  low=567 high=0  state=ON
2026-10-06T09:11:30Z  OBSERVE  productcatalogservice  rejection=0.0000  low=567 high=0  state=ON
2026-10-06T09:11:30Z  OBSERVE  recommendationservice  rejection=0.1830  low=1 high=0  state=ON
2026-10-06T09:11:30Z  OBSERVE  shippingservice  rejection=0.0000  low=567 high=0  state=ON
2026-10-06T09:11:31Z  OBSERVE  adservice  rejection=0.0000  low=568 high=0  state=ON
2026-10-06T09:11:31Z  OBSERVE  cartservice  rejection=0.0000  low=568 high=0  state=ON
2026-10-06T09:11:31Z  OBSERVE  checkoutservice  rejection=0.0000  low=497 high=0  state=ON
2026-10-06T09:11:31Z  OBSERVE  currencyservice  rejection=0.0000  low=568 high=0  state=ON
2026-10-06T09:11:31Z  OBSERVE  emailservice  rejection=0.0000  low=503 high=0  state=ON
2026-10-06T09:11:31Z  OBSERVE  paymentservice  rejection=0.0000  low=568 high=0  state=ON
2026-10-06T09:11:31Z  OBSERVE  productcatalogservice  rejection=0.0000  low=568 high=0  state=ON
2026-10-06T09:11:31Z  OBSERVE  recommendationservice  rejection=0.1831  low=2 high=0  state=ON
2026-10-06T09:11:31Z  OBSERVE  shippingservice  rejection=0.0000  low=568 high=0  state=ON
2026-10-06T09:11:32Z  OBSERVE  adservice  rejection=0.0000  low=569 high=0  state=ON
2026-10-06T09:11:32Z  OBSERVE  cartservice  rejection=0.0000  low=569 high=0  state=ON
2026-10-06T09:11:32Z  OBSERVE  checkoutservice  rejection=0.0000  low=498 high=0  state=ON
2026-10-06T09:11:32Z  OBSERVE  currencyservice  rejection=0.0000  low=569 high=0  state=ON
2026-10-06T09:11:32Z  OBSERVE  emailservice  rejection=0.0000  low=504 high=0  state=ON
2026-10-06T09:11:32Z  OBSERVE  paymentservice  rejection=0.0000  low=569 high=0  state=ON
2026-10-06T09:11:32Z  OBSERVE  productcatalogservice  rejection=0.0000  low=569 high=0  state=ON
2026-10-06T09:11:32Z  OBSERVE  recommendationservice  rejection=0.2167  low=0 high=1  state=ON
2026-10-06T09:11:32Z  OBSERVE  shippingservice  rejection=0.0000  low=569 high=0  state=ON
2026-10-06T09:11:33Z  OBSERVE  adservice  rejection=0.0000  low=570 high=0  state=ON
2026-10-06T09:11:33Z  OBSERVE  cartservice  rejection=0.0000  low=570 high=0  state=ON
2026-10-06T09:11:33Z  OBSERVE  checkoutservice  rejection=0.0000  low=499 high=0  state=ON
2026-10-06T09:11:33Z  OBSERVE  currencyservice  rejection=0.0000  low=570 high=0  state=ON
2026-10-06T09:11:33Z  OBSERVE  emailservice  rejection=0.0000  low=505 high=0  state=ON
2026-10-06T09:11:33Z  OBSERVE  paymentservice  rejection=0.0000  low=570 high=0  state=ON
2026-10-06T09:11:33Z  OBSERVE  productcatalogservice  rejection=0.0000  low=570 high=0  state=ON
2026-10-06T09:11:33Z  OBSERVE  recommendationservice  rejection=0.2315  low=0 high=2  state=ON
2026-10-06T09:11:33Z  OBSERVE  shippingservice  rejection=0.0000  low=570 high=0  state=ON
2026-10-06T09:11:34Z  OBSERVE  adservice  rejection=0.0000  low=571 high=0  state=ON
2026-10-06T09:11:34Z  OBSERVE  cartservice  rejection=0.0000  low=571 high=0  state=ON
2026-10-06T09:11:34Z  OBSERVE  checkoutservice  rejection=0.0000  low=500 high=0  state=ON
2026-10-06T09:11:34Z  OBSERVE  currencyservice  rejection=0.0000  low=571 high=0  state=ON
2026-10-06T09:11:34Z  OBSERVE  emailservice  rejection=0.0000  low=506 high=0  state=ON
2026-10-06T09:11:34Z  OBSERVE  paymentservice  rejection=0.0000  low=571 high=0  state=ON
2026-10-06T09:11:34Z  OBSERVE  productcatalogservice  rejection=0.0000  low=571 high=0  state=ON
2026-10-06T09:11:34Z  OBSERVE  recommendationservice  rejection=0.2256  low=0 high=3  state=ON
2026-10-06T09:11:34Z  OBSERVE  shippingservice  rejection=0.0000  low=571 high=0  state=ON
2026-10-06T09:11:35Z  OBSERVE  adservice  rejection=0.0000  low=572 high=0  state=ON
2026-10-06T09:11:35Z  OBSERVE  cartservice  rejection=0.0000  low=572 high=0  state=ON
2026-10-06T09:11:35Z  OBSERVE  checkoutservice  rejection=0.0000  low=501 high=0  state=ON
2026-10-06T09:11:35Z  OBSERVE  currencyservice  rejection=0.0000  low=572 high=0  state=ON
2026-10-06T09:11:35Z  OBSERVE  emailservice  rejection=0.0000  low=507 high=0  state=ON
2026-10-06T09:11:35Z  OBSERVE  paymentservice  rejection=0.0000  low=572 high=0  state=ON
2026-10-06T09:11:35Z  OBSERVE  productcatalogservice  rejection=0.0000  low=572 high=0  state=ON
2026-10-06T09:11:35Z  OBSERVE  recommendationservice  rejection=0.1425  low=1 high=0  state=ON
2026-10-06T09:11:35Z  OBSERVE  shippingservice  rejection=0.0000  low=572 high=0  state=ON
2026-10-06T09:11:36Z  OBSERVE  adservice  rejection=0.0000  low=573 high=0  state=ON
2026-10-06T09:11:36Z  OBSERVE  cartservice  rejection=0.0000  low=573 high=0  state=ON
2026-10-06T09:11:36Z  OBSERVE  checkoutservice  rejection=0.0000  low=502 high=0  state=ON
2026-10-06T09:11:36Z  OBSERVE  currencyservice  rejection=0.0000  low=573 high=0  state=ON
2026-10-06T09:11:36Z  OBSERVE  emailservice  rejection=0.0000  low=508 high=0  state=ON
2026-10-06T09:11:36Z  OBSERVE  paymentservice  rejection=0.0000  low=573 high=0  state=ON
2026-10-06T09:11:36Z  OBSERVE  productcatalogservice  rejection=0.0000  low=573 high=0  state=ON
2026-10-06T09:11:36Z  OBSERVE  recommendationservice  rejection=0.1790  low=2 high=0  state=ON
2026-10-06T09:11:36Z  OBSERVE  shippingservice  rejection=0.0000  low=573 high=0  state=ON
2026-10-06T09:11:37Z  OBSERVE  adservice  rejection=0.0000  low=574 high=0  state=ON
2026-10-06T09:11:37Z  OBSERVE  cartservice  rejection=0.0000  low=574 high=0  state=ON
2026-10-06T09:11:37Z  OBSERVE  checkoutservice  rejection=0.0000  low=503 high=0  state=ON
2026-10-06T09:11:37Z  OBSERVE  currencyservice  rejection=0.0000  low=574 high=0  state=ON
2026-10-06T09:11:37Z  OBSERVE  emailservice  rejection=0.0000  low=509 high=0  state=ON
2026-10-06T09:11:37Z  OBSERVE  paymentservice  rejection=0.0000  low=574 high=0  state=ON
2026-10-06T09:11:37Z  OBSERVE  productcatalogservice  rejection=0.0000  low=574 high=0  state=ON
2026-10-06T09:11:37Z  OBSERVE  recommendationservice  rejection=0.2375  low=0 high=1  state=ON
2026-10-06T09:11:37Z  OBSERVE  shippingservice  rejection=0.0000  low=574 high=0  state=ON
2026-10-06T09:11:38Z  OBSERVE  adservice  rejection=0.0000  low=575 high=0  state=ON
2026-10-06T09:11:38Z  OBSERVE  cartservice  rejection=0.0000  low=575 high=0  state=ON
2026-10-06T09:11:38Z  OBSERVE  checkoutservice  rejection=0.0000  low=504 high=0  state=ON
2026-10-06T09:11:38Z  OBSERVE  currencyservice  rejection=0.0000  low=575 high=0  state=ON
2026-10-06T09:11:38Z  OBSERVE  emailservice  rejection=0.0000  low=510 high=0  state=ON
2026-10-06T09:11:38Z  OBSERVE  paymentservice  rejection=0.0000  low=575 high=0  state=ON
2026-10-06T09:11:38Z  OBSERVE  productcatalogservice  rejection=0.0000  low=575 high=0  state=ON
2026-10-06T09:11:38Z  OBSERVE  recommendationservice  rejection=0.2791  low=0 high=2  state=ON
2026-10-06T09:11:38Z  OBSERVE  shippingservice  rejection=0.0000  low=575 high=0  state=ON
2026-10-06T09:11:39Z  OBSERVE  adservice  rejection=0.0000  low=576 high=0  state=ON
2026-10-06T09:11:39Z  OBSERVE  cartservice  rejection=0.0000  low=576 high=0  state=ON
2026-10-06T09:11:39Z  OBSERVE  checkoutservice  rejection=0.0000  low=505 high=0  state=ON
2026-10-06T09:11:39Z  OBSERVE  currencyservice  rejection=0.0000  low=576 high=0  state=ON
2026-10-06T09:11:39Z  OBSERVE  emailservice  rejection=0.0000  low=511 high=0  state=ON
2026-10-06T09:11:39Z  OBSERVE  paymentservice  rejection=0.0000  low=576 high=0  state=ON
2026-10-06T09:11:39Z  OBSERVE  productcatalogservice  rejection=0.0000  low=576 high=0  state=ON
2026-10-06T09:11:39Z  OBSERVE  recommendationservice  rejection=0.2251  low=0 high=3  state=ON
2026-10-06T09:11:39Z  OBSERVE  shippingservice  rejection=0.0000  low=576 high=0  state=ON
2026-10-06T09:11:40Z  OBSERVE  adservice  rejection=0.0000  low=577 high=0  state=ON
2026-10-06T09:11:40Z  OBSERVE  cartservice  rejection=0.0000  low=577 high=0  state=ON
2026-10-06T09:11:40Z  OBSERVE  checkoutservice  rejection=0.0000  low=506 high=0  state=ON
2026-10-06T09:11:40Z  OBSERVE  currencyservice  rejection=0.0000  low=577 high=0  state=ON
2026-10-06T09:11:40Z  OBSERVE  emailservice  rejection=0.0000  low=512 high=0  state=ON
2026-10-06T09:11:40Z  OBSERVE  paymentservice  rejection=0.0000  low=577 high=0  state=ON
2026-10-06T09:11:40Z  OBSERVE  productcatalogservice  rejection=0.0000  low=577 high=0  state=ON
2026-10-06T09:11:40Z  OBSERVE  recommendationservice  rejection=0.2227  low=0 high=4  state=ON
2026-10-06T09:11:40Z  OBSERVE  shippingservice  rejection=0.0000  low=577 high=0  state=ON
2026-10-06T09:11:41Z  OBSERVE  adservice  rejection=0.0000  low=578 high=0  state=ON
2026-10-06T09:11:41Z  OBSERVE  cartservice  rejection=0.0000  low=578 high=0  state=ON
2026-10-06T09:11:41Z  OBSERVE  checkoutservice  rejection=0.0000  low=507 high=0  state=ON
2026-10-06T09:11:41Z  OBSERVE  currencyservice  rejection=0.0000  low=578 high=0  state=ON
2026-10-06T09:11:41Z  OBSERVE  emailservice  rejection=0.0000  low=513 high=0  state=ON
2026-10-06T09:11:41Z  OBSERVE  paymentservice  rejection=0.0000  low=578 high=0  state=ON
2026-10-06T09:11:41Z  OBSERVE  productcatalogservice  rejection=0.0000  low=578 high=0  state=ON
2026-10-06T09:11:41Z  OBSERVE  recommendationservice  rejection=0.2003  low=0 high=5  state=ON
2026-10-06T09:11:41Z  OBSERVE  shippingservice  rejection=0.0000  low=578 high=0  state=ON
2026-10-06T09:11:42Z  OBSERVE  adservice  rejection=0.0000  low=579 high=0  state=ON
2026-10-06T09:11:42Z  OBSERVE  cartservice  rejection=0.0000  low=579 high=0  state=ON
2026-10-06T09:11:42Z  OBSERVE  checkoutservice  rejection=0.0000  low=508 high=0  state=ON
2026-10-06T09:11:42Z  OBSERVE  currencyservice  rejection=0.0000  low=579 high=0  state=ON
2026-10-06T09:11:42Z  OBSERVE  emailservice  rejection=0.0000  low=514 high=0  state=ON
2026-10-06T09:11:42Z  OBSERVE  paymentservice  rejection=0.0000  low=579 high=0  state=ON
2026-10-06T09:11:42Z  OBSERVE  productcatalogservice  rejection=0.0000  low=579 high=0  state=ON
2026-10-06T09:11:42Z  OBSERVE  recommendationservice  rejection=0.1599  low=1 high=0  state=ON
2026-10-06T09:11:42Z  OBSERVE  shippingservice  rejection=0.0000  low=579 high=0  state=ON
2026-10-06T09:11:43Z  OBSERVE  adservice  rejection=0.0000  low=580 high=0  state=ON
2026-10-06T09:11:43Z  OBSERVE  cartservice  rejection=0.0000  low=580 high=0  state=ON
2026-10-06T09:11:43Z  OBSERVE  checkoutservice  rejection=0.0000  low=509 high=0  state=ON
2026-10-06T09:11:43Z  OBSERVE  currencyservice  rejection=0.0000  low=580 high=0  state=ON
2026-10-06T09:11:43Z  OBSERVE  emailservice  rejection=0.0000  low=515 high=0  state=ON
2026-10-06T09:11:43Z  OBSERVE  paymentservice  rejection=0.0000  low=580 high=0  state=ON
2026-10-06T09:11:43Z  OBSERVE  productcatalogservice  rejection=0.0000  low=580 high=0  state=ON
2026-10-06T09:11:43Z  OBSERVE  recommendationservice  rejection=0.2423  low=0 high=1  state=ON
2026-10-06T09:11:43Z  OBSERVE  shippingservice  rejection=0.0000  low=580 high=0  state=ON
2026-10-06T09:11:44Z  OBSERVE  adservice  rejection=0.0000  low=581 high=0  state=ON
2026-10-06T09:11:44Z  OBSERVE  cartservice  rejection=0.0000  low=581 high=0  state=ON
2026-10-06T09:11:44Z  OBSERVE  checkoutservice  rejection=0.0000  low=510 high=0  state=ON
2026-10-06T09:11:44Z  OBSERVE  currencyservice  rejection=0.0000  low=581 high=0  state=ON
2026-10-06T09:11:44Z  OBSERVE  emailservice  rejection=0.0000  low=516 high=0  state=ON
2026-10-06T09:11:44Z  OBSERVE  paymentservice  rejection=0.0000  low=581 high=0  state=ON
2026-10-06T09:11:44Z  OBSERVE  productcatalogservice  rejection=0.0000  low=581 high=0  state=ON
2026-10-06T09:11:44Z  OBSERVE  recommendationservice  rejection=0.2033  low=0 high=2  state=ON
2026-10-06T09:11:44Z  OBSERVE  shippingservice  rejection=0.0000  low=581 high=0  state=ON
2026-10-06T09:11:45Z  OBSERVE  adservice  rejection=0.0000  low=582 high=0  state=ON
2026-10-06T09:11:45Z  OBSERVE  cartservice  rejection=0.0000  low=582 high=0  state=ON
2026-10-06T09:11:45Z  OBSERVE  checkoutservice  rejection=0.0000  low=511 high=0  state=ON
2026-10-06T09:11:45Z  OBSERVE  currencyservice  rejection=0.0000  low=582 high=0  state=ON
2026-10-06T09:11:45Z  OBSERVE  emailservice  rejection=0.0000  low=517 high=0  state=ON
2026-10-06T09:11:45Z  OBSERVE  paymentservice  rejection=0.0000  low=582 high=0  state=ON
2026-10-06T09:11:45Z  OBSERVE  productcatalogservice  rejection=0.0000  low=582 high=0  state=ON
2026-10-06T09:11:45Z  OBSERVE  recommendationservice  rejection=0.1637  low=1 high=0  state=ON
2026-10-06T09:11:45Z  OBSERVE  shippingservice  rejection=0.0000  low=582 high=0  state=ON
2026-10-06T09:11:46Z  OBSERVE  adservice  rejection=0.0000  low=583 high=0  state=ON
2026-10-06T09:11:46Z  OBSERVE  cartservice  rejection=0.0000  low=583 high=0  state=ON
2026-10-06T09:11:46Z  OBSERVE  checkoutservice  rejection=0.0000  low=512 high=0  state=ON
2026-10-06T09:11:46Z  OBSERVE  currencyservice  rejection=0.0000  low=583 high=0  state=ON
2026-10-06T09:11:46Z  OBSERVE  emailservice  rejection=0.0000  low=518 high=0  state=ON
2026-10-06T09:11:46Z  OBSERVE  paymentservice  rejection=0.0000  low=583 high=0  state=ON
2026-10-06T09:11:46Z  OBSERVE  productcatalogservice  rejection=0.0000  low=583 high=0  state=ON
2026-10-06T09:11:46Z  OBSERVE  recommendationservice  rejection=0.2464  low=0 high=1  state=ON
2026-10-06T09:11:46Z  OBSERVE  shippingservice  rejection=0.0000  low=583 high=0  state=ON
2026-10-06T09:11:47Z  OBSERVE  adservice  rejection=0.0000  low=584 high=0  state=ON
2026-10-06T09:11:47Z  OBSERVE  cartservice  rejection=0.0000  low=584 high=0  state=ON
2026-10-06T09:11:47Z  OBSERVE  checkoutservice  rejection=0.0000  low=513 high=0  state=ON
2026-10-06T09:11:47Z  OBSERVE  currencyservice  rejection=0.0000  low=584 high=0  state=ON
2026-10-06T09:11:47Z  OBSERVE  emailservice  rejection=0.0000  low=519 high=0  state=ON
2026-10-06T09:11:47Z  OBSERVE  paymentservice  rejection=0.0000  low=584 high=0  state=ON
2026-10-06T09:11:47Z  OBSERVE  productcatalogservice  rejection=0.0000  low=584 high=0  state=ON
2026-10-06T09:11:47Z  OBSERVE  recommendationservice  rejection=0.2127  low=0 high=2  state=ON
2026-10-06T09:11:47Z  OBSERVE  shippingservice  rejection=0.0000  low=584 high=0  state=ON
2026-10-06T09:11:48Z  OBSERVE  adservice  rejection=0.0000  low=585 high=0  state=ON
2026-10-06T09:11:48Z  OBSERVE  cartservice  rejection=0.0000  low=585 high=0  state=ON
2026-10-06T09:11:48Z  OBSERVE  checkoutservice  rejection=0.0000  low=514 high=0  state=ON
2026-10-06T09:11:48Z  OBSERVE  currencyservice  rejection=0.0000  low=585 high=0  state=ON
2026-10-06T09:11:48Z  OBSERVE  emailservice  rejection=0.0000  low=520 high=0  state=ON
2026-10-06T09:11:48Z  OBSERVE  paymentservice  rejection=0.0000  low=585 high=0  state=ON
2026-10-06T09:11:48Z  OBSERVE  productcatalogservice  rejection=0.0000  low=585 high=0  state=ON
2026-10-06T09:11:48Z  OBSERVE  recommendationservice  rejection=0.2069  low=0 high=3  state=ON
2026-10-06T09:11:48Z  OBSERVE  shippingservice  rejection=0.0000  low=585 high=0  state=ON
2026-10-06T09:11:49Z  OBSERVE  adservice  rejection=0.0000  low=586 high=0  state=ON
2026-10-06T09:11:49Z  OBSERVE  cartservice  rejection=0.0000  low=586 high=0  state=ON
2026-10-06T09:11:49Z  OBSERVE  checkoutservice  rejection=0.0000  low=515 high=0  state=ON
2026-10-06T09:11:49Z  OBSERVE  currencyservice  rejection=0.0000  low=586 high=0  state=ON
2026-10-06T09:11:49Z  OBSERVE  emailservice  rejection=0.0000  low=521 high=0  state=ON
2026-10-06T09:11:49Z  OBSERVE  paymentservice  rejection=0.0000  low=586 high=0  state=ON
2026-10-06T09:11:49Z  OBSERVE  productcatalogservice  rejection=0.0000  low=586 high=0  state=ON
2026-10-06T09:11:49Z  OBSERVE  recommendationservice  rejection=0.2269  low=0 high=4  state=ON
2026-10-06T09:11:49Z  OBSERVE  shippingservice  rejection=0.0000  low=586 high=0  state=ON
2026-10-06T09:11:50Z  OBSERVE  adservice  rejection=0.0000  low=587 high=0  state=ON
2026-10-06T09:11:50Z  OBSERVE  cartservice  rejection=0.0000  low=587 high=0  state=ON
2026-10-06T09:11:50Z  OBSERVE  checkoutservice  rejection=0.0000  low=516 high=0  state=ON
2026-10-06T09:11:50Z  OBSERVE  currencyservice  rejection=0.0000  low=587 high=0  state=ON
2026-10-06T09:11:50Z  OBSERVE  emailservice  rejection=0.0000  low=522 high=0  state=ON
2026-10-06T09:11:50Z  OBSERVE  paymentservice  rejection=0.0000  low=587 high=0  state=ON
2026-10-06T09:11:50Z  OBSERVE  productcatalogservice  rejection=0.0000  low=587 high=0  state=ON
2026-10-06T09:11:50Z  OBSERVE  recommendationservice  rejection=0.2489  low=0 high=5  state=ON
2026-10-06T09:11:50Z  OBSERVE  shippingservice  rejection=0.0000  low=587 high=0  state=ON
2026-10-06T09:11:51Z  OBSERVE  adservice  rejection=0.0000  low=588 high=0  state=ON
2026-10-06T09:11:51Z  OBSERVE  cartservice  rejection=0.0000  low=588 high=0  state=ON
2026-10-06T09:11:51Z  OBSERVE  checkoutservice  rejection=0.0000  low=517 high=0  state=ON
2026-10-06T09:11:51Z  OBSERVE  currencyservice  rejection=0.0000  low=588 high=0  state=ON
2026-10-06T09:11:51Z  OBSERVE  emailservice  rejection=0.0000  low=523 high=0  state=ON
2026-10-06T09:11:51Z  OBSERVE  paymentservice  rejection=0.0000  low=588 high=0  state=ON
2026-10-06T09:11:51Z  OBSERVE  productcatalogservice  rejection=0.0000  low=588 high=0  state=ON
2026-10-06T09:11:51Z  OBSERVE  recommendationservice  rejection=0.1361  low=1 high=0  state=ON
2026-10-06T09:11:51Z  OBSERVE  shippingservice  rejection=0.0000  low=588 high=0  state=ON
2026-10-06T09:11:52Z  OBSERVE  adservice  rejection=0.0000  low=589 high=0  state=ON
2026-10-06T09:11:52Z  OBSERVE  cartservice  rejection=0.0000  low=589 high=0  state=ON
2026-10-06T09:11:52Z  OBSERVE  checkoutservice  rejection=0.0000  low=518 high=0  state=ON
2026-10-06T09:11:52Z  OBSERVE  currencyservice  rejection=0.0000  low=589 high=0  state=ON
2026-10-06T09:11:52Z  OBSERVE  emailservice  rejection=0.0000  low=524 high=0  state=ON
2026-10-06T09:11:52Z  OBSERVE  paymentservice  rejection=0.0000  low=589 high=0  state=ON
2026-10-06T09:11:52Z  OBSERVE  productcatalogservice  rejection=0.0000  low=589 high=0  state=ON
2026-10-06T09:11:52Z  OBSERVE  recommendationservice  rejection=0.2592  low=0 high=1  state=ON
2026-10-06T09:11:52Z  OBSERVE  shippingservice  rejection=0.0000  low=589 high=0  state=ON
2026-10-06T09:11:53Z  OBSERVE  adservice  rejection=0.0000  low=590 high=0  state=ON
2026-10-06T09:11:53Z  OBSERVE  cartservice  rejection=0.0000  low=590 high=0  state=ON
2026-10-06T09:11:53Z  OBSERVE  checkoutservice  rejection=0.0000  low=519 high=0  state=ON
2026-10-06T09:11:53Z  OBSERVE  currencyservice  rejection=0.0000  low=590 high=0  state=ON
2026-10-06T09:11:53Z  OBSERVE  emailservice  rejection=0.0000  low=525 high=0  state=ON
2026-10-06T09:11:53Z  OBSERVE  paymentservice  rejection=0.0000  low=590 high=0  state=ON
2026-10-06T09:11:53Z  OBSERVE  productcatalogservice  rejection=0.0000  low=590 high=0  state=ON
2026-10-06T09:11:53Z  OBSERVE  recommendationservice  rejection=0.2995  low=0 high=2  state=ON
2026-10-06T09:11:53Z  OBSERVE  shippingservice  rejection=0.0000  low=590 high=0  state=ON
2026-10-06T09:11:54Z  OBSERVE  adservice  rejection=0.0000  low=591 high=0  state=ON
2026-10-06T09:11:54Z  OBSERVE  cartservice  rejection=0.0000  low=591 high=0  state=ON
2026-10-06T09:11:54Z  OBSERVE  checkoutservice  rejection=0.0000  low=520 high=0  state=ON
2026-10-06T09:11:54Z  OBSERVE  currencyservice  rejection=0.0000  low=591 high=0  state=ON
2026-10-06T09:11:54Z  OBSERVE  emailservice  rejection=0.0000  low=526 high=0  state=ON
2026-10-06T09:11:54Z  OBSERVE  paymentservice  rejection=0.0000  low=591 high=0  state=ON
2026-10-06T09:11:54Z  OBSERVE  productcatalogservice  rejection=0.0000  low=591 high=0  state=ON
2026-10-06T09:11:54Z  OBSERVE  recommendationservice  rejection=0.1772  low=1 high=0  state=ON
2026-10-06T09:11:54Z  OBSERVE  shippingservice  rejection=0.0000  low=591 high=0  state=ON
2026-10-06T09:11:55Z  OBSERVE  adservice  rejection=0.0000  low=592 high=0  state=ON
2026-10-06T09:11:55Z  OBSERVE  cartservice  rejection=0.0000  low=592 high=0  state=ON
2026-10-06T09:11:55Z  OBSERVE  checkoutservice  rejection=0.0000  low=521 high=0  state=ON
2026-10-06T09:11:55Z  OBSERVE  currencyservice  rejection=0.0000  low=592 high=0  state=ON
2026-10-06T09:11:55Z  OBSERVE  emailservice  rejection=0.0000  low=527 high=0  state=ON
2026-10-06T09:11:55Z  OBSERVE  paymentservice  rejection=0.0000  low=592 high=0  state=ON
2026-10-06T09:11:55Z  OBSERVE  productcatalogservice  rejection=0.0000  low=592 high=0  state=ON
2026-10-06T09:11:55Z  OBSERVE  recommendationservice  rejection=0.1709  low=2 high=0  state=ON
2026-10-06T09:11:55Z  OBSERVE  shippingservice  rejection=0.0000  low=592 high=0  state=ON
2026-10-06T09:11:56Z  OBSERVE  adservice  rejection=0.0000  low=593 high=0  state=ON
2026-10-06T09:11:56Z  OBSERVE  cartservice  rejection=0.0000  low=593 high=0  state=ON
2026-10-06T09:11:56Z  OBSERVE  checkoutservice  rejection=0.0000  low=522 high=0  state=ON
2026-10-06T09:11:56Z  OBSERVE  currencyservice  rejection=0.0000  low=593 high=0  state=ON
2026-10-06T09:11:56Z  OBSERVE  emailservice  rejection=0.0000  low=528 high=0  state=ON
2026-10-06T09:11:56Z  OBSERVE  paymentservice  rejection=0.0000  low=593 high=0  state=ON
2026-10-06T09:11:56Z  OBSERVE  productcatalogservice  rejection=0.0000  low=593 high=0  state=ON
2026-10-06T09:11:56Z  OBSERVE  recommendationservice  rejection=0.1575  low=3 high=0  state=ON
2026-10-06T09:11:56Z  OBSERVE  shippingservice  rejection=0.0000  low=593 high=0  state=ON
2026-10-06T09:11:57Z  OBSERVE  adservice  rejection=0.0000  low=594 high=0  state=ON
2026-10-06T09:11:57Z  OBSERVE  cartservice  rejection=0.0000  low=594 high=0  state=ON
2026-10-06T09:11:57Z  OBSERVE  checkoutservice  rejection=0.0000  low=523 high=0  state=ON
2026-10-06T09:11:57Z  OBSERVE  currencyservice  rejection=0.0000  low=594 high=0  state=ON
2026-10-06T09:11:57Z  OBSERVE  emailservice  rejection=0.0000  low=529 high=0  state=ON
2026-10-06T09:11:57Z  OBSERVE  paymentservice  rejection=0.0000  low=594 high=0  state=ON
2026-10-06T09:11:57Z  OBSERVE  productcatalogservice  rejection=0.0000  low=594 high=0  state=ON
2026-10-06T09:11:57Z  OBSERVE  recommendationservice  rejection=0.2048  low=0 high=1  state=ON
2026-10-06T09:11:57Z  OBSERVE  shippingservice  rejection=0.0000  low=594 high=0  state=ON
2026-10-06T09:11:59Z  OBSERVE  adservice  rejection=0.0000  low=595 high=0  state=ON
2026-10-06T09:11:59Z  OBSERVE  cartservice  rejection=0.0000  low=595 high=0  state=ON
2026-10-06T09:11:59Z  OBSERVE  checkoutservice  rejection=0.0000  low=524 high=0  state=ON
2026-10-06T09:11:59Z  OBSERVE  currencyservice  rejection=0.0000  low=595 high=0  state=ON
2026-10-06T09:11:59Z  OBSERVE  emailservice  rejection=0.0000  low=530 high=0  state=ON
2026-10-06T09:11:59Z  OBSERVE  paymentservice  rejection=0.0000  low=595 high=0  state=ON
2026-10-06T09:11:59Z  OBSERVE  productcatalogservice  rejection=0.0000  low=595 high=0  state=ON
2026-10-06T09:11:59Z  OBSERVE  recommendationservice  rejection=0.1813  low=1 high=0  state=ON
2026-10-06T09:11:59Z  OBSERVE  shippingservice  rejection=0.0000  low=595 high=0  state=ON
2026-10-06T09:12:00Z  OBSERVE  adservice  rejection=0.0000  low=596 high=0  state=ON
2026-10-06T09:12:00Z  OBSERVE  cartservice  rejection=0.0000  low=596 high=0  state=ON
2026-10-06T09:12:00Z  OBSERVE  checkoutservice  rejection=0.0000  low=525 high=0  state=ON
2026-10-06T09:12:00Z  OBSERVE  currencyservice  rejection=0.0000  low=596 high=0  state=ON
2026-10-06T09:12:00Z  OBSERVE  emailservice  rejection=0.0000  low=531 high=0  state=ON
2026-10-06T09:12:00Z  OBSERVE  paymentservice  rejection=0.0000  low=596 high=0  state=ON
2026-10-06T09:12:00Z  OBSERVE  productcatalogservice  rejection=0.0000  low=596 high=0  state=ON
2026-10-06T09:12:00Z  OBSERVE  recommendationservice  rejection=0.2444  low=0 high=1  state=ON
2026-10-06T09:12:00Z  OBSERVE  shippingservice  rejection=0.0000  low=596 high=0  state=ON
2026-10-06T09:12:01Z  OBSERVE  adservice  rejection=0.0000  low=597 high=0  state=ON
2026-10-06T09:12:01Z  OBSERVE  cartservice  rejection=0.0000  low=597 high=0  state=ON
2026-10-06T09:12:01Z  OBSERVE  checkoutservice  rejection=0.0000  low=526 high=0  state=ON
2026-10-06T09:12:01Z  OBSERVE  currencyservice  rejection=0.0000  low=597 high=0  state=ON
2026-10-06T09:12:01Z  OBSERVE  emailservice  rejection=0.0000  low=532 high=0  state=ON
2026-10-06T09:12:01Z  OBSERVE  paymentservice  rejection=0.0000  low=597 high=0  state=ON
2026-10-06T09:12:01Z  OBSERVE  productcatalogservice  rejection=0.0000  low=597 high=0  state=ON
2026-10-06T09:12:01Z  OBSERVE  recommendationservice  rejection=0.2285  low=0 high=2  state=ON
2026-10-06T09:12:01Z  OBSERVE  shippingservice  rejection=0.0000  low=597 high=0  state=ON
2026-10-06T09:12:02Z  OBSERVE  adservice  rejection=0.0000  low=598 high=0  state=ON
2026-10-06T09:12:02Z  OBSERVE  cartservice  rejection=0.0000  low=598 high=0  state=ON
2026-10-06T09:12:02Z  OBSERVE  checkoutservice  rejection=0.0000  low=527 high=0  state=ON
2026-10-06T09:12:02Z  OBSERVE  currencyservice  rejection=0.0000  low=598 high=0  state=ON
2026-10-06T09:12:02Z  OBSERVE  emailservice  rejection=0.0000  low=533 high=0  state=ON
2026-10-06T09:12:02Z  OBSERVE  paymentservice  rejection=0.0000  low=598 high=0  state=ON
2026-10-06T09:12:02Z  OBSERVE  productcatalogservice  rejection=0.0000  low=598 high=0  state=ON
2026-10-06T09:12:02Z  OBSERVE  recommendationservice  rejection=0.1644  low=1 high=0  state=ON
2026-10-06T09:12:02Z  OBSERVE  shippingservice  rejection=0.0000  low=598 high=0  state=ON
2026-10-06T09:12:03Z  OBSERVE  adservice  rejection=0.0000  low=599 high=0  state=ON
2026-10-06T09:12:03Z  OBSERVE  cartservice  rejection=0.0000  low=599 high=0  state=ON
2026-10-06T09:12:03Z  OBSERVE  checkoutservice  rejection=0.0000  low=528 high=0  state=ON
2026-10-06T09:12:03Z  OBSERVE  currencyservice  rejection=0.0000  low=599 high=0  state=ON
2026-10-06T09:12:03Z  OBSERVE  emailservice  rejection=0.0000  low=534 high=0  state=ON
2026-10-06T09:12:03Z  OBSERVE  paymentservice  rejection=0.0000  low=599 high=0  state=ON
2026-10-06T09:12:03Z  OBSERVE  productcatalogservice  rejection=0.0000  low=599 high=0  state=ON
2026-10-06T09:12:03Z  OBSERVE  recommendationservice  rejection=0.1761  low=2 high=0  state=ON
2026-10-06T09:12:03Z  OBSERVE  shippingservice  rejection=0.0000  low=599 high=0  state=ON
2026-10-06T09:12:04Z  OBSERVE  adservice  rejection=0.0000  low=600 high=0  state=ON
2026-10-06T09:12:04Z  OBSERVE  cartservice  rejection=0.0000  low=600 high=0  state=ON
2026-10-06T09:12:04Z  OBSERVE  checkoutservice  rejection=0.0000  low=529 high=0  state=ON
2026-10-06T09:12:04Z  OBSERVE  currencyservice  rejection=0.0000  low=600 high=0  state=ON
2026-10-06T09:12:04Z  OBSERVE  emailservice  rejection=0.0000  low=535 high=0  state=ON
2026-10-06T09:12:04Z  OBSERVE  paymentservice  rejection=0.0000  low=600 high=0  state=ON
2026-10-06T09:12:04Z  OBSERVE  productcatalogservice  rejection=0.0000  low=600 high=0  state=ON
2026-10-06T09:12:04Z  OBSERVE  recommendationservice  rejection=0.2014  low=0 high=1  state=ON
2026-10-06T09:12:04Z  OBSERVE  shippingservice  rejection=0.0000  low=600 high=0  state=ON
2026-10-06T09:12:05Z  OBSERVE  adservice  rejection=0.0000  low=601 high=0  state=ON
2026-10-06T09:12:05Z  OBSERVE  cartservice  rejection=0.0000  low=601 high=0  state=ON
2026-10-06T09:12:05Z  OBSERVE  checkoutservice  rejection=0.0000  low=530 high=0  state=ON
2026-10-06T09:12:05Z  OBSERVE  currencyservice  rejection=0.0000  low=601 high=0  state=ON
2026-10-06T09:12:05Z  OBSERVE  emailservice  rejection=0.0000  low=536 high=0  state=ON
2026-10-06T09:12:05Z  OBSERVE  paymentservice  rejection=0.0000  low=601 high=0  state=ON
2026-10-06T09:12:05Z  OBSERVE  productcatalogservice  rejection=0.0000  low=601 high=0  state=ON
2026-10-06T09:12:05Z  OBSERVE  recommendationservice  rejection=0.1605  low=1 high=0  state=ON
2026-10-06T09:12:05Z  OBSERVE  shippingservice  rejection=0.0000  low=601 high=0  state=ON
2026-10-06T09:12:06Z  OBSERVE  adservice  rejection=0.0000  low=602 high=0  state=ON
2026-10-06T09:12:06Z  OBSERVE  cartservice  rejection=0.0000  low=602 high=0  state=ON
2026-10-06T09:12:06Z  OBSERVE  checkoutservice  rejection=0.0000  low=531 high=0  state=ON
2026-10-06T09:12:06Z  OBSERVE  currencyservice  rejection=0.0000  low=602 high=0  state=ON
2026-10-06T09:12:06Z  OBSERVE  emailservice  rejection=0.0000  low=537 high=0  state=ON
2026-10-06T09:12:06Z  OBSERVE  paymentservice  rejection=0.0000  low=602 high=0  state=ON
2026-10-06T09:12:06Z  OBSERVE  productcatalogservice  rejection=0.0000  low=602 high=0  state=ON
2026-10-06T09:12:06Z  OBSERVE  recommendationservice  rejection=0.3154  low=0 high=1  state=ON
2026-10-06T09:12:06Z  OBSERVE  shippingservice  rejection=0.0000  low=602 high=0  state=ON
2026-10-06T09:12:07Z  OBSERVE  adservice  rejection=0.0000  low=603 high=0  state=ON
2026-10-06T09:12:07Z  OBSERVE  cartservice  rejection=0.0000  low=603 high=0  state=ON
2026-10-06T09:12:07Z  OBSERVE  checkoutservice  rejection=0.0000  low=532 high=0  state=ON
2026-10-06T09:12:07Z  OBSERVE  currencyservice  rejection=0.0000  low=603 high=0  state=ON
2026-10-06T09:12:07Z  OBSERVE  emailservice  rejection=0.0000  low=538 high=0  state=ON
2026-10-06T09:12:07Z  OBSERVE  paymentservice  rejection=0.0000  low=603 high=0  state=ON
2026-10-06T09:12:07Z  OBSERVE  productcatalogservice  rejection=0.0000  low=603 high=0  state=ON
2026-10-06T09:12:07Z  OBSERVE  recommendationservice  rejection=0.1877  low=1 high=0  state=ON
2026-10-06T09:12:07Z  OBSERVE  shippingservice  rejection=0.0000  low=603 high=0  state=ON
2026-10-06T09:12:08Z  OBSERVE  adservice  rejection=0.0000  low=604 high=0  state=ON
2026-10-06T09:12:08Z  OBSERVE  cartservice  rejection=0.0000  low=604 high=0  state=ON
2026-10-06T09:12:08Z  OBSERVE  checkoutservice  rejection=0.0000  low=533 high=0  state=ON
2026-10-06T09:12:08Z  OBSERVE  currencyservice  rejection=0.0000  low=604 high=0  state=ON
2026-10-06T09:12:08Z  OBSERVE  emailservice  rejection=0.0000  low=539 high=0  state=ON
2026-10-06T09:12:08Z  OBSERVE  paymentservice  rejection=0.0000  low=604 high=0  state=ON
2026-10-06T09:12:08Z  OBSERVE  productcatalogservice  rejection=0.0000  low=604 high=0  state=ON
2026-10-06T09:12:08Z  OBSERVE  recommendationservice  rejection=0.1636  low=2 high=0  state=ON
2026-10-06T09:12:08Z  OBSERVE  shippingservice  rejection=0.0000  low=604 high=0  state=ON
2026-10-06T09:12:09Z  OBSERVE  adservice  rejection=0.0000  low=605 high=0  state=ON
2026-10-06T09:12:09Z  OBSERVE  cartservice  rejection=0.0000  low=605 high=0  state=ON
2026-10-06T09:12:09Z  OBSERVE  checkoutservice  rejection=0.0000  low=534 high=0  state=ON
2026-10-06T09:12:09Z  OBSERVE  currencyservice  rejection=0.0000  low=605 high=0  state=ON
2026-10-06T09:12:09Z  OBSERVE  emailservice  rejection=0.0000  low=540 high=0  state=ON
2026-10-06T09:12:09Z  OBSERVE  paymentservice  rejection=0.0000  low=605 high=0  state=ON
2026-10-06T09:12:09Z  OBSERVE  productcatalogservice  rejection=0.0000  low=605 high=0  state=ON
2026-10-06T09:12:09Z  OBSERVE  recommendationservice  rejection=0.1937  low=3 high=0  state=ON
2026-10-06T09:12:09Z  OBSERVE  shippingservice  rejection=0.0000  low=605 high=0  state=ON
2026-10-06T09:12:10Z  OBSERVE  adservice  rejection=0.0000  low=606 high=0  state=ON
2026-10-06T09:12:10Z  OBSERVE  cartservice  rejection=0.0000  low=606 high=0  state=ON
2026-10-06T09:12:10Z  OBSERVE  checkoutservice  rejection=0.0000  low=535 high=0  state=ON
2026-10-06T09:12:10Z  OBSERVE  currencyservice  rejection=0.0000  low=606 high=0  state=ON
2026-10-06T09:12:10Z  OBSERVE  emailservice  rejection=0.0000  low=541 high=0  state=ON
2026-10-06T09:12:10Z  OBSERVE  paymentservice  rejection=0.0000  low=606 high=0  state=ON
2026-10-06T09:12:10Z  OBSERVE  productcatalogservice  rejection=0.0000  low=606 high=0  state=ON
2026-10-06T09:12:10Z  OBSERVE  recommendationservice  rejection=0.2430  low=0 high=1  state=ON
2026-10-06T09:12:10Z  OBSERVE  shippingservice  rejection=0.0000  low=606 high=0  state=ON
2026-10-06T09:12:11Z  OBSERVE  adservice  rejection=0.0000  low=607 high=0  state=ON
2026-10-06T09:12:11Z  OBSERVE  cartservice  rejection=0.0000  low=607 high=0  state=ON
2026-10-06T09:12:11Z  OBSERVE  checkoutservice  rejection=0.0000  low=536 high=0  state=ON
2026-10-06T09:12:11Z  OBSERVE  currencyservice  rejection=0.0000  low=607 high=0  state=ON
2026-10-06T09:12:11Z  OBSERVE  emailservice  rejection=0.0000  low=542 high=0  state=ON
2026-10-06T09:12:11Z  OBSERVE  paymentservice  rejection=0.0000  low=607 high=0  state=ON
2026-10-06T09:12:11Z  OBSERVE  productcatalogservice  rejection=0.0000  low=607 high=0  state=ON
2026-10-06T09:12:11Z  OBSERVE  recommendationservice  rejection=0.1740  low=1 high=0  state=ON
2026-10-06T09:12:11Z  OBSERVE  shippingservice  rejection=0.0000  low=607 high=0  state=ON
2026-10-06T09:12:12Z  OBSERVE  adservice  rejection=0.0000  low=608 high=0  state=ON
2026-10-06T09:12:12Z  OBSERVE  cartservice  rejection=0.0000  low=608 high=0  state=ON
2026-10-06T09:12:12Z  OBSERVE  checkoutservice  rejection=0.0000  low=537 high=0  state=ON
2026-10-06T09:12:12Z  OBSERVE  currencyservice  rejection=0.0000  low=608 high=0  state=ON
2026-10-06T09:12:12Z  OBSERVE  emailservice  rejection=0.0000  low=543 high=0  state=ON
2026-10-06T09:12:12Z  OBSERVE  paymentservice  rejection=0.0000  low=608 high=0  state=ON
2026-10-06T09:12:12Z  OBSERVE  productcatalogservice  rejection=0.0000  low=608 high=0  state=ON
2026-10-06T09:12:12Z  OBSERVE  recommendationservice  rejection=0.1488  low=2 high=0  state=ON
2026-10-06T09:12:12Z  OBSERVE  shippingservice  rejection=0.0000  low=608 high=0  state=ON
2026-10-06T09:12:13Z  OBSERVE  adservice  rejection=0.0000  low=609 high=0  state=ON
2026-10-06T09:12:13Z  OBSERVE  cartservice  rejection=0.0000  low=609 high=0  state=ON
2026-10-06T09:12:13Z  OBSERVE  checkoutservice  rejection=0.0000  low=538 high=0  state=ON
2026-10-06T09:12:13Z  OBSERVE  currencyservice  rejection=0.0000  low=609 high=0  state=ON
2026-10-06T09:12:13Z  OBSERVE  emailservice  rejection=0.0000  low=544 high=0  state=ON
2026-10-06T09:12:13Z  OBSERVE  paymentservice  rejection=0.0000  low=609 high=0  state=ON
2026-10-06T09:12:13Z  OBSERVE  productcatalogservice  rejection=0.0000  low=609 high=0  state=ON
2026-10-06T09:12:13Z  OBSERVE  recommendationservice  rejection=0.2150  low=0 high=1  state=ON
2026-10-06T09:12:13Z  OBSERVE  shippingservice  rejection=0.0000  low=609 high=0  state=ON
2026-10-06T09:12:14Z  OBSERVE  adservice  rejection=0.0000  low=610 high=0  state=ON
2026-10-06T09:12:14Z  OBSERVE  cartservice  rejection=0.0000  low=610 high=0  state=ON
2026-10-06T09:12:14Z  OBSERVE  checkoutservice  rejection=0.0000  low=539 high=0  state=ON
2026-10-06T09:12:14Z  OBSERVE  currencyservice  rejection=0.0000  low=610 high=0  state=ON
2026-10-06T09:12:14Z  OBSERVE  emailservice  rejection=0.0000  low=545 high=0  state=ON
2026-10-06T09:12:14Z  OBSERVE  paymentservice  rejection=0.0000  low=610 high=0  state=ON
2026-10-06T09:12:14Z  OBSERVE  productcatalogservice  rejection=0.0000  low=610 high=0  state=ON
2026-10-06T09:12:14Z  OBSERVE  recommendationservice  rejection=0.1570  low=1 high=0  state=ON
2026-10-06T09:12:14Z  OBSERVE  shippingservice  rejection=0.0000  low=610 high=0  state=ON
2026-10-06T09:12:15Z  OBSERVE  adservice  rejection=0.0000  low=611 high=0  state=ON
2026-10-06T09:12:15Z  OBSERVE  cartservice  rejection=0.0000  low=611 high=0  state=ON
2026-10-06T09:12:15Z  OBSERVE  checkoutservice  rejection=0.0000  low=540 high=0  state=ON
2026-10-06T09:12:15Z  OBSERVE  currencyservice  rejection=0.0000  low=611 high=0  state=ON
2026-10-06T09:12:15Z  OBSERVE  emailservice  rejection=0.0000  low=546 high=0  state=ON
2026-10-06T09:12:15Z  OBSERVE  paymentservice  rejection=0.0000  low=611 high=0  state=ON
2026-10-06T09:12:15Z  OBSERVE  productcatalogservice  rejection=0.0000  low=611 high=0  state=ON
2026-10-06T09:12:15Z  OBSERVE  recommendationservice  rejection=0.2415  low=0 high=1  state=ON
2026-10-06T09:12:15Z  OBSERVE  shippingservice  rejection=0.0000  low=611 high=0  state=ON
2026-10-06T09:12:16Z  OBSERVE  adservice  rejection=0.0000  low=612 high=0  state=ON
2026-10-06T09:12:16Z  OBSERVE  cartservice  rejection=0.0000  low=612 high=0  state=ON
2026-10-06T09:12:16Z  OBSERVE  checkoutservice  rejection=0.0000  low=541 high=0  state=ON
2026-10-06T09:12:16Z  OBSERVE  currencyservice  rejection=0.0000  low=612 high=0  state=ON
2026-10-06T09:12:16Z  OBSERVE  emailservice  rejection=0.0000  low=547 high=0  state=ON
2026-10-06T09:12:16Z  OBSERVE  paymentservice  rejection=0.0000  low=612 high=0  state=ON
2026-10-06T09:12:16Z  OBSERVE  productcatalogservice  rejection=0.0000  low=612 high=0  state=ON
2026-10-06T09:12:16Z  OBSERVE  recommendationservice  rejection=0.1931  low=1 high=0  state=ON
2026-10-06T09:12:16Z  OBSERVE  shippingservice  rejection=0.0000  low=612 high=0  state=ON
2026-10-06T09:12:17Z  OBSERVE  adservice  rejection=0.0000  low=613 high=0  state=ON
2026-10-06T09:12:17Z  OBSERVE  cartservice  rejection=0.0000  low=613 high=0  state=ON
2026-10-06T09:12:17Z  OBSERVE  checkoutservice  rejection=0.0000  low=542 high=0  state=ON
2026-10-06T09:12:17Z  OBSERVE  currencyservice  rejection=0.0000  low=613 high=0  state=ON
2026-10-06T09:12:17Z  OBSERVE  emailservice  rejection=0.0000  low=548 high=0  state=ON
2026-10-06T09:12:17Z  OBSERVE  paymentservice  rejection=0.0000  low=613 high=0  state=ON
2026-10-06T09:12:17Z  OBSERVE  productcatalogservice  rejection=0.0000  low=613 high=0  state=ON
2026-10-06T09:12:17Z  OBSERVE  recommendationservice  rejection=0.2228  low=0 high=1  state=ON
2026-10-06T09:12:17Z  OBSERVE  shippingservice  rejection=0.0000  low=613 high=0  state=ON
2026-10-06T09:12:18Z  OBSERVE  adservice  rejection=0.0000  low=614 high=0  state=ON
2026-10-06T09:12:18Z  OBSERVE  cartservice  rejection=0.0000  low=614 high=0  state=ON
2026-10-06T09:12:18Z  OBSERVE  checkoutservice  rejection=0.0000  low=543 high=0  state=ON
2026-10-06T09:12:18Z  OBSERVE  currencyservice  rejection=0.0000  low=614 high=0  state=ON
2026-10-06T09:12:18Z  OBSERVE  emailservice  rejection=0.0000  low=549 high=0  state=ON
2026-10-06T09:12:18Z  OBSERVE  paymentservice  rejection=0.0000  low=614 high=0  state=ON
2026-10-06T09:12:18Z  OBSERVE  productcatalogservice  rejection=0.0000  low=614 high=0  state=ON
2026-10-06T09:12:18Z  OBSERVE  recommendationservice  rejection=0.1934  low=1 high=0  state=ON
2026-10-06T09:12:18Z  OBSERVE  shippingservice  rejection=0.0000  low=614 high=0  state=ON
2026-10-06T09:12:19Z  OBSERVE  adservice  rejection=0.0000  low=615 high=0  state=ON
2026-10-06T09:12:19Z  OBSERVE  cartservice  rejection=0.0000  low=615 high=0  state=ON
2026-10-06T09:12:19Z  OBSERVE  checkoutservice  rejection=0.0000  low=544 high=0  state=ON
2026-10-06T09:12:19Z  OBSERVE  currencyservice  rejection=0.0000  low=615 high=0  state=ON
2026-10-06T09:12:19Z  OBSERVE  emailservice  rejection=0.0000  low=550 high=0  state=ON
2026-10-06T09:12:19Z  OBSERVE  paymentservice  rejection=0.0000  low=615 high=0  state=ON
2026-10-06T09:12:19Z  OBSERVE  productcatalogservice  rejection=0.0000  low=615 high=0  state=ON
2026-10-06T09:12:19Z  OBSERVE  recommendationservice  rejection=0.2872  low=0 high=1  state=ON
2026-10-06T09:12:19Z  OBSERVE  shippingservice  rejection=0.0000  low=615 high=0  state=ON
2026-10-06T09:12:20Z  OBSERVE  adservice  rejection=0.0000  low=616 high=0  state=ON
2026-10-06T09:12:20Z  OBSERVE  cartservice  rejection=0.0000  low=616 high=0  state=ON
2026-10-06T09:12:20Z  OBSERVE  checkoutservice  rejection=0.0000  low=545 high=0  state=ON
2026-10-06T09:12:20Z  OBSERVE  currencyservice  rejection=0.0000  low=616 high=0  state=ON
2026-10-06T09:12:20Z  OBSERVE  emailservice  rejection=0.0000  low=551 high=0  state=ON
2026-10-06T09:12:20Z  OBSERVE  paymentservice  rejection=0.0000  low=616 high=0  state=ON
2026-10-06T09:12:20Z  OBSERVE  productcatalogservice  rejection=0.0000  low=616 high=0  state=ON
2026-10-06T09:12:20Z  OBSERVE  recommendationservice  rejection=0.2010  low=0 high=2  state=ON
2026-10-06T09:12:20Z  OBSERVE  shippingservice  rejection=0.0000  low=616 high=0  state=ON
2026-10-06T09:12:21Z  OBSERVE  adservice  rejection=0.0000  low=617 high=0  state=ON
2026-10-06T09:12:21Z  OBSERVE  cartservice  rejection=0.0000  low=617 high=0  state=ON
2026-10-06T09:12:21Z  OBSERVE  checkoutservice  rejection=0.0000  low=546 high=0  state=ON
2026-10-06T09:12:21Z  OBSERVE  currencyservice  rejection=0.0000  low=617 high=0  state=ON
2026-10-06T09:12:21Z  OBSERVE  emailservice  rejection=0.0000  low=552 high=0  state=ON
2026-10-06T09:12:21Z  OBSERVE  paymentservice  rejection=0.0000  low=617 high=0  state=ON
2026-10-06T09:12:21Z  OBSERVE  productcatalogservice  rejection=0.0000  low=617 high=0  state=ON
2026-10-06T09:12:21Z  OBSERVE  recommendationservice  rejection=0.1725  low=1 high=0  state=ON
2026-10-06T09:12:21Z  OBSERVE  shippingservice  rejection=0.0000  low=617 high=0  state=ON
2026-10-06T09:12:22Z  OBSERVE  adservice  rejection=0.0000  low=618 high=0  state=ON
2026-10-06T09:12:22Z  OBSERVE  cartservice  rejection=0.0000  low=618 high=0  state=ON
2026-10-06T09:12:22Z  OBSERVE  checkoutservice  rejection=0.0000  low=547 high=0  state=ON
2026-10-06T09:12:22Z  OBSERVE  currencyservice  rejection=0.0000  low=618 high=0  state=ON
2026-10-06T09:12:22Z  OBSERVE  emailservice  rejection=0.0000  low=553 high=0  state=ON
2026-10-06T09:12:22Z  OBSERVE  paymentservice  rejection=0.0000  low=618 high=0  state=ON
2026-10-06T09:12:22Z  OBSERVE  productcatalogservice  rejection=0.0000  low=618 high=0  state=ON
2026-10-06T09:12:22Z  OBSERVE  recommendationservice  rejection=0.2006  low=0 high=1  state=ON
2026-10-06T09:12:22Z  OBSERVE  shippingservice  rejection=0.0000  low=618 high=0  state=ON
2026-10-06T09:12:23Z  OBSERVE  adservice  rejection=0.0000  low=619 high=0  state=ON
2026-10-06T09:12:23Z  OBSERVE  cartservice  rejection=0.0000  low=619 high=0  state=ON
2026-10-06T09:12:23Z  OBSERVE  checkoutservice  rejection=0.0000  low=548 high=0  state=ON
2026-10-06T09:12:23Z  OBSERVE  currencyservice  rejection=0.0000  low=619 high=0  state=ON
2026-10-06T09:12:23Z  OBSERVE  emailservice  rejection=0.0000  low=554 high=0  state=ON
2026-10-06T09:12:23Z  OBSERVE  paymentservice  rejection=0.0000  low=619 high=0  state=ON
2026-10-06T09:12:23Z  OBSERVE  productcatalogservice  rejection=0.0000  low=619 high=0  state=ON
2026-10-06T09:12:23Z  OBSERVE  recommendationservice  rejection=0.1705  low=1 high=0  state=ON
2026-10-06T09:12:23Z  OBSERVE  shippingservice  rejection=0.0000  low=619 high=0  state=ON
2026-10-06T09:12:24Z  OBSERVE  adservice  rejection=0.0000  low=620 high=0  state=ON
2026-10-06T09:12:24Z  OBSERVE  cartservice  rejection=0.0000  low=620 high=0  state=ON
2026-10-06T09:12:24Z  OBSERVE  checkoutservice  rejection=0.0000  low=549 high=0  state=ON
2026-10-06T09:12:24Z  OBSERVE  currencyservice  rejection=0.0000  low=620 high=0  state=ON
2026-10-06T09:12:24Z  OBSERVE  emailservice  rejection=0.0000  low=555 high=0  state=ON
2026-10-06T09:12:24Z  OBSERVE  paymentservice  rejection=0.0000  low=620 high=0  state=ON
2026-10-06T09:12:24Z  OBSERVE  productcatalogservice  rejection=0.0000  low=620 high=0  state=ON
2026-10-06T09:12:24Z  OBSERVE  recommendationservice  rejection=0.1943  low=2 high=0  state=ON
2026-10-06T09:12:24Z  OBSERVE  shippingservice  rejection=0.0000  low=620 high=0  state=ON
2026-10-06T09:12:25Z  OBSERVE  adservice  rejection=0.0000  low=621 high=0  state=ON
2026-10-06T09:12:25Z  OBSERVE  cartservice  rejection=0.0000  low=621 high=0  state=ON
2026-10-06T09:12:25Z  OBSERVE  checkoutservice  rejection=0.0000  low=550 high=0  state=ON
2026-10-06T09:12:25Z  OBSERVE  currencyservice  rejection=0.0000  low=621 high=0  state=ON
2026-10-06T09:12:25Z  OBSERVE  emailservice  rejection=0.0000  low=556 high=0  state=ON
2026-10-06T09:12:25Z  OBSERVE  paymentservice  rejection=0.0000  low=621 high=0  state=ON
2026-10-06T09:12:25Z  OBSERVE  productcatalogservice  rejection=0.0000  low=621 high=0  state=ON
2026-10-06T09:12:25Z  OBSERVE  recommendationservice  rejection=0.2429  low=0 high=1  state=ON
2026-10-06T09:12:25Z  OBSERVE  shippingservice  rejection=0.0000  low=621 high=0  state=ON
2026-10-06T09:12:26Z  OBSERVE  adservice  rejection=0.0000  low=622 high=0  state=ON
2026-10-06T09:12:26Z  OBSERVE  cartservice  rejection=0.0000  low=622 high=0  state=ON
2026-10-06T09:12:26Z  OBSERVE  checkoutservice  rejection=0.0000  low=551 high=0  state=ON
2026-10-06T09:12:26Z  OBSERVE  currencyservice  rejection=0.0000  low=622 high=0  state=ON
2026-10-06T09:12:26Z  OBSERVE  emailservice  rejection=0.0000  low=557 high=0  state=ON
2026-10-06T09:12:26Z  OBSERVE  paymentservice  rejection=0.0000  low=622 high=0  state=ON
2026-10-06T09:12:26Z  OBSERVE  productcatalogservice  rejection=0.0000  low=622 high=0  state=ON
2026-10-06T09:12:26Z  OBSERVE  recommendationservice  rejection=0.2155  low=0 high=2  state=ON
2026-10-06T09:12:26Z  OBSERVE  shippingservice  rejection=0.0000  low=622 high=0  state=ON
2026-10-06T09:12:27Z  OBSERVE  adservice  rejection=0.0000  low=623 high=0  state=ON
2026-10-06T09:12:27Z  OBSERVE  cartservice  rejection=0.0000  low=623 high=0  state=ON
2026-10-06T09:12:27Z  OBSERVE  checkoutservice  rejection=0.0000  low=552 high=0  state=ON
2026-10-06T09:12:27Z  OBSERVE  currencyservice  rejection=0.0000  low=623 high=0  state=ON
2026-10-06T09:12:27Z  OBSERVE  emailservice  rejection=0.0000  low=558 high=0  state=ON
2026-10-06T09:12:27Z  OBSERVE  paymentservice  rejection=0.0000  low=623 high=0  state=ON
2026-10-06T09:12:27Z  OBSERVE  productcatalogservice  rejection=0.0000  low=623 high=0  state=ON
2026-10-06T09:12:27Z  OBSERVE  recommendationservice  rejection=0.1727  low=1 high=0  state=ON
2026-10-06T09:12:27Z  OBSERVE  shippingservice  rejection=0.0000  low=623 high=0  state=ON
2026-10-06T09:12:28Z  OBSERVE  adservice  rejection=0.0000  low=624 high=0  state=ON
2026-10-06T09:12:28Z  OBSERVE  cartservice  rejection=0.0000  low=624 high=0  state=ON
2026-10-06T09:12:28Z  OBSERVE  checkoutservice  rejection=0.0000  low=553 high=0  state=ON
2026-10-06T09:12:28Z  OBSERVE  currencyservice  rejection=0.0000  low=624 high=0  state=ON
2026-10-06T09:12:28Z  OBSERVE  emailservice  rejection=0.0000  low=559 high=0  state=ON
2026-10-06T09:12:28Z  OBSERVE  paymentservice  rejection=0.0000  low=624 high=0  state=ON
2026-10-06T09:12:28Z  OBSERVE  productcatalogservice  rejection=0.0000  low=624 high=0  state=ON
2026-10-06T09:12:28Z  OBSERVE  recommendationservice  rejection=0.1635  low=2 high=0  state=ON
2026-10-06T09:12:28Z  OBSERVE  shippingservice  rejection=0.0000  low=624 high=0  state=ON
2026-10-06T09:12:29Z  OBSERVE  adservice  rejection=0.0000  low=625 high=0  state=ON
2026-10-06T09:12:29Z  OBSERVE  cartservice  rejection=0.0000  low=625 high=0  state=ON
2026-10-06T09:12:29Z  OBSERVE  checkoutservice  rejection=0.0000  low=554 high=0  state=ON
2026-10-06T09:12:29Z  OBSERVE  currencyservice  rejection=0.0000  low=625 high=0  state=ON
2026-10-06T09:12:29Z  OBSERVE  emailservice  rejection=0.0000  low=560 high=0  state=ON
2026-10-06T09:12:29Z  OBSERVE  paymentservice  rejection=0.0000  low=625 high=0  state=ON
2026-10-06T09:12:29Z  OBSERVE  productcatalogservice  rejection=0.0000  low=625 high=0  state=ON
2026-10-06T09:12:29Z  OBSERVE  recommendationservice  rejection=0.2160  low=0 high=1  state=ON
2026-10-06T09:12:29Z  OBSERVE  shippingservice  rejection=0.0000  low=625 high=0  state=ON
2026-10-06T09:12:30Z  OBSERVE  adservice  rejection=0.0000  low=626 high=0  state=ON
2026-10-06T09:12:30Z  OBSERVE  cartservice  rejection=0.0000  low=626 high=0  state=ON
2026-10-06T09:12:30Z  OBSERVE  checkoutservice  rejection=0.1333  low=555 high=0  state=ON
2026-10-06T09:12:30Z  OBSERVE  currencyservice  rejection=0.0161  low=626 high=0  state=ON
2026-10-06T09:12:30Z  OBSERVE  emailservice  rejection=0.0000  low=561 high=0  state=ON
2026-10-06T09:12:30Z  OBSERVE  paymentservice  rejection=0.0000  low=626 high=0  state=ON
2026-10-06T09:12:30Z  OBSERVE  productcatalogservice  rejection=0.0102  low=626 high=0  state=ON
2026-10-06T09:12:30Z  OBSERVE  recommendationservice  rejection=1.8365  low=0 high=2  state=ON
2026-10-06T09:12:30Z  OBSERVE  shippingservice  rejection=0.0000  low=626 high=0  state=ON
2026-10-06T09:12:30Z  SHUTDOWN  signal=15
2026-10-06T09:12:31Z  EXIT
