2026-10-07T12:35:21Z  WAITING  for /home/idozacharia/TopFull/TopFull_master/online_boutique_scripts/src/logs/service_inbound.csv (timeout=60s)
2026-10-07T12:35:21Z  READY  found service_inbound.csv (869 rows)
2026-10-07T12:35:21Z  START  metric=edge_rpr rpr_threshold=0.50 rejection_threshold=0.20 reenable_rejection=0.10 sample_interval=1s interval_samples=30 edges=14 attempts_on=3
2026-10-07T12:35:44Z  OBSERVE  frontend->cartservice  rpr=0.0000  low=1 high=0  attempts=3  state=ON  metric=rpr
2026-10-07T12:35:44Z  OBSERVE  frontend->currencyservice  rpr=0.0000  low=1 high=0  attempts=3  state=ON  metric=rpr
2026-10-07T12:35:44Z  OBSERVE  frontend->productcatalogservice  rpr=0.0000  low=1 high=0  attempts=3  state=ON  metric=rpr
2026-10-07T12:35:44Z  OBSERVE  frontend->recommendationservice  rpr=0.0000  low=1 high=0  attempts=3  state=ON  metric=rpr
2026-10-07T12:35:45Z  OBSERVE  frontend->adservice  rpr=0.0000  low=1 high=0  attempts=3  state=ON  metric=rpr
2026-10-07T12:35:45Z  OBSERVE  frontend->cartservice  rpr=0.0000  low=2 high=0  attempts=3  state=ON  metric=rpr
2026-10-07T12:35:45Z  OBSERVE  frontend->checkoutservice  rpr=0.0000  low=1 high=0  attempts=3  state=ON  metric=rpr
2026-10-07T12:35:45Z  OBSERVE  frontend->currencyservice  rpr=0.0000  low=2 high=0  attempts=3  state=ON  metric=rpr
2026-10-07T12:35:45Z  OBSERVE  frontend->productcatalogservice  rpr=0.0000  low=2 high=0  attempts=3  state=ON  metric=rpr
2026-10-07T12:35:45Z  OBSERVE  frontend->recommendationservice  rpr=0.0000  low=2 high=0  attempts=3  state=ON  metric=rpr
2026-10-07T12:35:45Z  OBSERVE  frontend->shippingservice  rpr=0.0000  low=1 high=0  attempts=3  state=ON  metric=rpr
2026-10-07T12:35:45Z  OBSERVE  recommendationservice->productcatalogservice  rpr=0.0000  low=1 high=0  attempts=3  state=ON  metric=rpr
2026-10-07T12:35:46Z  OBSERVE  frontend->adservice  rpr=0.0000  low=2 high=0  attempts=3  state=ON  metric=rpr
2026-10-07T12:35:46Z  OBSERVE  frontend->cartservice  rpr=0.0000  low=3 high=0  attempts=3  state=ON  metric=rpr
2026-10-07T12:35:46Z  OBSERVE  frontend->checkoutservice  rpr=0.0000  low=2 high=0  attempts=3  state=ON  metric=rpr
2026-10-07T12:35:46Z  OBSERVE  frontend->currencyservice  rpr=0.0000  low=3 high=0  attempts=3  state=ON  metric=rpr
2026-10-07T12:35:46Z  OBSERVE  frontend->productcatalogservice  rpr=0.0000  low=3 high=0  attempts=3  state=ON  metric=rpr
2026-10-07T12:35:46Z  OBSERVE  frontend->recommendationservice  rpr=0.0000  low=3 high=0  attempts=3  state=ON  metric=rpr
2026-10-07T12:35:46Z  OBSERVE  frontend->shippingservice  rpr=0.0000  low=2 high=0  attempts=3  state=ON  metric=rpr
2026-10-07T12:35:46Z  OBSERVE  checkoutservice->cartservice  rpr=0.0000  low=1 high=0  attempts=3  state=ON  metric=rpr
2026-10-07T12:35:46Z  OBSERVE  checkoutservice->currencyservice  rpr=0.0000  low=1 high=0  attempts=3  state=ON  metric=rpr
2026-10-07T12:35:46Z  OBSERVE  checkoutservice->emailservice  rpr=0.0000  low=1 high=0  attempts=3  state=ON  metric=rpr
2026-10-07T12:35:46Z  OBSERVE  checkoutservice->paymentservice  rpr=0.0000  low=1 high=0  attempts=3  state=ON  metric=rpr
2026-10-07T12:35:46Z  OBSERVE  checkoutservice->shippingservice  rpr=0.0000  low=1 high=0  attempts=3  state=ON  metric=rpr
2026-10-07T12:35:46Z  OBSERVE  recommendationservice->productcatalogservice  rpr=0.0000  low=2 high=0  attempts=3  state=ON  metric=rpr
2026-10-07T12:35:47Z  OBSERVE  frontend->adservice  rpr=0.0000  low=3 high=0  attempts=3  state=ON  metric=rpr
2026-10-07T12:35:47Z  OBSERVE  frontend->cartservice  rpr=0.0000  low=4 high=0  attempts=3  state=ON  metric=rpr
2026-10-07T12:35:47Z  OBSERVE  frontend->checkoutservice  rpr=0.0000  low=3 high=0  attempts=3  state=ON  metric=rpr
2026-10-07T12:35:47Z  OBSERVE  frontend->currencyservice  rpr=0.0000  low=4 high=0  attempts=3  state=ON  metric=rpr
2026-10-07T12:35:47Z  OBSERVE  frontend->productcatalogservice  rpr=0.0000  low=4 high=0  attempts=3  state=ON  metric=rpr
2026-10-07T12:35:47Z  OBSERVE  frontend->recommendationservice  rpr=0.0000  low=4 high=0  attempts=3  state=ON  metric=rpr
2026-10-07T12:35:47Z  OBSERVE  frontend->shippingservice  rpr=0.0000  low=3 high=0  attempts=3  state=ON  metric=rpr
2026-10-07T12:35:47Z  OBSERVE  checkoutservice->cartservice  rpr=0.0000  low=2 high=0  attempts=3  state=ON  metric=rpr
2026-10-07T12:35:47Z  OBSERVE  checkoutservice->currencyservice  rpr=0.0000  low=2 high=0  attempts=3  state=ON  metric=rpr
2026-10-07T12:35:47Z  OBSERVE  checkoutservice->emailservice  rpr=0.0000  low=2 high=0  attempts=3  state=ON  metric=rpr
2026-10-07T12:35:47Z  OBSERVE  checkoutservice->paymentservice  rpr=0.0000  low=2 high=0  attempts=3  state=ON  metric=rpr
2026-10-07T12:35:47Z  OBSERVE  checkoutservice->shippingservice  rpr=0.0000  low=2 high=0  attempts=3  state=ON  metric=rpr
2026-10-07T12:35:47Z  OBSERVE  recommendationservice->productcatalogservice  rpr=0.0000  low=3 high=0  attempts=3  state=ON  metric=rpr
2026-10-07T12:35:48Z  OBSERVE  frontend->adservice  rpr=0.0000  low=4 high=0  attempts=3  state=ON  metric=rpr
2026-10-07T12:35:48Z  OBSERVE  frontend->cartservice  rpr=0.0000  low=5 high=0  attempts=3  state=ON  metric=rpr
2026-10-07T12:35:48Z  OBSERVE  frontend->checkoutservice  rpr=0.0000  low=4 high=0  attempts=3  state=ON  metric=rpr
2026-10-07T12:35:48Z  OBSERVE  frontend->currencyservice  rpr=0.0000  low=5 high=0  attempts=3  state=ON  metric=rpr
2026-10-07T12:35:48Z  OBSERVE  frontend->productcatalogservice  rpr=0.0000  low=5 high=0  attempts=3  state=ON  metric=rpr
2026-10-07T12:35:48Z  OBSERVE  frontend->recommendationservice  rpr=0.0000  low=5 high=0  attempts=3  state=ON  metric=rpr
2026-10-07T12:35:48Z  OBSERVE  frontend->shippingservice  rpr=0.0000  low=4 high=0  attempts=3  state=ON  metric=rpr
2026-10-07T12:35:48Z  OBSERVE  checkoutservice->cartservice  rpr=0.0000  low=3 high=0  attempts=3  state=ON  metric=rpr
2026-10-07T12:35:48Z  OBSERVE  checkoutservice->currencyservice  rpr=0.0000  low=3 high=0  attempts=3  state=ON  metric=rpr
2026-10-07T12:35:48Z  OBSERVE  checkoutservice->emailservice  rpr=0.0000  low=3 high=0  attempts=3  state=ON  metric=rpr
2026-10-07T12:35:48Z  OBSERVE  checkoutservice->paymentservice  rpr=0.0000  low=3 high=0  attempts=3  state=ON  metric=rpr
2026-10-07T12:35:48Z  OBSERVE  checkoutservice->shippingservice  rpr=0.0000  low=3 high=0  attempts=3  state=ON  metric=rpr
2026-10-07T12:35:48Z  OBSERVE  recommendationservice->productcatalogservice  rpr=0.0000  low=4 high=0  attempts=3  state=ON  metric=rpr
2026-10-07T12:35:49Z  OBSERVE  frontend->adservice  rpr=0.0000  low=5 high=0  attempts=3  state=ON  metric=rpr
2026-10-07T12:35:49Z  OBSERVE  frontend->cartservice  rpr=0.0000  low=6 high=0  attempts=3  state=ON  metric=rpr
2026-10-07T12:35:49Z  OBSERVE  frontend->checkoutservice  rpr=0.0000  low=5 high=0  attempts=3  state=ON  metric=rpr
2026-10-07T12:35:49Z  OBSERVE  frontend->currencyservice  rpr=0.0000  low=6 high=0  attempts=3  state=ON  metric=rpr
2026-10-07T12:35:49Z  OBSERVE  frontend->productcatalogservice  rpr=0.0000  low=6 high=0  attempts=3  state=ON  metric=rpr
2026-10-07T12:35:49Z  OBSERVE  frontend->recommendationservice  rpr=0.0000  low=6 high=0  attempts=3  state=ON  metric=rpr
2026-10-07T12:35:49Z  OBSERVE  frontend->shippingservice  rpr=0.0000  low=5 high=0  attempts=3  state=ON  metric=rpr
2026-10-07T12:35:49Z  OBSERVE  checkoutservice->cartservice  rpr=0.0000  low=4 high=0  attempts=3  state=ON  metric=rpr
2026-10-07T12:35:49Z  OBSERVE  checkoutservice->currencyservice  rpr=0.0000  low=4 high=0  attempts=3  state=ON  metric=rpr
2026-10-07T12:35:49Z  OBSERVE  checkoutservice->emailservice  rpr=0.0000  low=4 high=0  attempts=3  state=ON  metric=rpr
2026-10-07T12:35:49Z  OBSERVE  checkoutservice->paymentservice  rpr=0.0000  low=4 high=0  attempts=3  state=ON  metric=rpr
2026-10-07T12:35:49Z  OBSERVE  checkoutservice->shippingservice  rpr=0.0000  low=4 high=0  attempts=3  state=ON  metric=rpr
2026-10-07T12:35:49Z  OBSERVE  recommendationservice->productcatalogservice  rpr=0.0000  low=5 high=0  attempts=3  state=ON  metric=rpr
2026-10-07T12:35:50Z  OBSERVE  frontend->adservice  rpr=0.0000  low=6 high=0  attempts=3  state=ON  metric=rpr
2026-10-07T12:35:50Z  OBSERVE  frontend->cartservice  rpr=0.0000  low=7 high=0  attempts=3  state=ON  metric=rpr
2026-10-07T12:35:50Z  OBSERVE  frontend->checkoutservice  rpr=0.0000  low=6 high=0  attempts=3  state=ON  metric=rpr
2026-10-07T12:35:50Z  OBSERVE  frontend->currencyservice  rpr=0.0000  low=7 high=0  attempts=3  state=ON  metric=rpr
2026-10-07T12:35:50Z  OBSERVE  frontend->productcatalogservice  rpr=0.0000  low=7 high=0  attempts=3  state=ON  metric=rpr
2026-10-07T12:35:50Z  OBSERVE  frontend->recommendationservice  rpr=0.0000  low=7 high=0  attempts=3  state=ON  metric=rpr
2026-10-07T12:35:50Z  OBSERVE  frontend->shippingservice  rpr=0.0000  low=6 high=0  attempts=3  state=ON  metric=rpr
2026-10-07T12:35:50Z  OBSERVE  checkoutservice->cartservice  rpr=0.0000  low=5 high=0  attempts=3  state=ON  metric=rpr
2026-10-07T12:35:50Z  OBSERVE  checkoutservice->currencyservice  rpr=0.0000  low=5 high=0  attempts=3  state=ON  metric=rpr
2026-10-07T12:35:50Z  OBSERVE  checkoutservice->emailservice  rpr=0.0000  low=5 high=0  attempts=3  state=ON  metric=rpr
2026-10-07T12:35:50Z  OBSERVE  checkoutservice->paymentservice  rpr=0.0000  low=5 high=0  attempts=3  state=ON  metric=rpr
2026-10-07T12:35:50Z  OBSERVE  checkoutservice->shippingservice  rpr=0.0000  low=5 high=0  attempts=3  state=ON  metric=rpr
2026-10-07T12:35:50Z  OBSERVE  recommendationservice->productcatalogservice  rpr=0.0000  low=6 high=0  attempts=3  state=ON  metric=rpr
2026-10-07T12:35:51Z  OBSERVE  frontend->adservice  rpr=0.0000  low=7 high=0  attempts=3  state=ON  metric=rpr
2026-10-07T12:35:51Z  OBSERVE  frontend->cartservice  rpr=0.0000  low=8 high=0  attempts=3  state=ON  metric=rpr
2026-10-07T12:35:51Z  OBSERVE  frontend->checkoutservice  rpr=0.0000  low=7 high=0  attempts=3  state=ON  metric=rpr
2026-10-07T12:35:51Z  OBSERVE  frontend->currencyservice  rpr=0.0000  low=8 high=0  attempts=3  state=ON  metric=rpr
2026-10-07T12:35:51Z  OBSERVE  frontend->productcatalogservice  rpr=0.0000  low=8 high=0  attempts=3  state=ON  metric=rpr
2026-10-07T12:35:51Z  OBSERVE  frontend->recommendationservice  rpr=0.0000  low=8 high=0  attempts=3  state=ON  metric=rpr
2026-10-07T12:35:51Z  OBSERVE  frontend->shippingservice  rpr=0.0000  low=7 high=0  attempts=3  state=ON  metric=rpr
2026-10-07T12:35:51Z  OBSERVE  checkoutservice->cartservice  rpr=0.0000  low=6 high=0  attempts=3  state=ON  metric=rpr
2026-10-07T12:35:51Z  OBSERVE  checkoutservice->currencyservice  rpr=0.0000  low=6 high=0  attempts=3  state=ON  metric=rpr
2026-10-07T12:35:51Z  OBSERVE  checkoutservice->emailservice  rpr=0.0000  low=6 high=0  attempts=3  state=ON  metric=rpr
2026-10-07T12:35:51Z  OBSERVE  checkoutservice->paymentservice  rpr=0.0000  low=6 high=0  attempts=3  state=ON  metric=rpr
2026-10-07T12:35:51Z  OBSERVE  checkoutservice->shippingservice  rpr=0.0000  low=6 high=0  attempts=3  state=ON  metric=rpr
2026-10-07T12:35:51Z  OBSERVE  recommendationservice->productcatalogservice  rpr=0.0000  low=7 high=0  attempts=3  state=ON  metric=rpr
2026-10-07T12:35:52Z  OBSERVE  frontend->adservice  rpr=0.0000  low=8 high=0  attempts=3  state=ON  metric=rpr
2026-10-07T12:35:52Z  OBSERVE  frontend->cartservice  rpr=0.0000  low=9 high=0  attempts=3  state=ON  metric=rpr
2026-10-07T12:35:52Z  OBSERVE  frontend->checkoutservice  rpr=0.0000  low=8 high=0  attempts=3  state=ON  metric=rpr
2026-10-07T12:35:52Z  OBSERVE  frontend->currencyservice  rpr=0.0000  low=9 high=0  attempts=3  state=ON  metric=rpr
2026-10-07T12:35:52Z  OBSERVE  frontend->productcatalogservice  rpr=0.0000  low=9 high=0  attempts=3  state=ON  metric=rpr
2026-10-07T12:35:52Z  OBSERVE  frontend->recommendationservice  rpr=0.0000  low=9 high=0  attempts=3  state=ON  metric=rpr
2026-10-07T12:35:52Z  OBSERVE  frontend->shippingservice  rpr=0.0000  low=8 high=0  attempts=3  state=ON  metric=rpr
2026-10-07T12:35:52Z  OBSERVE  checkoutservice->cartservice  rpr=0.0000  low=7 high=0  attempts=3  state=ON  metric=rpr
2026-10-07T12:35:52Z  OBSERVE  checkoutservice->currencyservice  rpr=0.0000  low=7 high=0  attempts=3  state=ON  metric=rpr
2026-10-07T12:35:52Z  OBSERVE  checkoutservice->emailservice  rpr=0.0000  low=7 high=0  attempts=3  state=ON  metric=rpr
2026-10-07T12:35:52Z  OBSERVE  checkoutservice->paymentservice  rpr=0.0000  low=7 high=0  attempts=3  state=ON  metric=rpr
2026-10-07T12:35:52Z  OBSERVE  checkoutservice->shippingservice  rpr=0.0000  low=7 high=0  attempts=3  state=ON  metric=rpr
2026-10-07T12:35:52Z  OBSERVE  recommendationservice->productcatalogservice  rpr=0.0000  low=8 high=0  attempts=3  state=ON  metric=rpr
2026-10-07T12:35:53Z  OBSERVE  frontend->adservice  rpr=0.0000  low=9 high=0  attempts=3  state=ON  metric=rpr
2026-10-07T12:35:53Z  OBSERVE  frontend->cartservice  rpr=0.0000  low=10 high=0  attempts=3  state=ON  metric=rpr
2026-10-07T12:35:53Z  OBSERVE  frontend->checkoutservice  rpr=0.0000  low=9 high=0  attempts=3  state=ON  metric=rpr
2026-10-07T12:35:53Z  OBSERVE  frontend->currencyservice  rpr=0.0000  low=10 high=0  attempts=3  state=ON  metric=rpr
2026-10-07T12:35:53Z  OBSERVE  frontend->productcatalogservice  rpr=0.0000  low=10 high=0  attempts=3  state=ON  metric=rpr
2026-10-07T12:35:53Z  OBSERVE  frontend->recommendationservice  rpr=0.0000  low=10 high=0  attempts=3  state=ON  metric=rpr
2026-10-07T12:35:53Z  OBSERVE  frontend->shippingservice  rpr=0.0000  low=9 high=0  attempts=3  state=ON  metric=rpr
2026-10-07T12:35:53Z  OBSERVE  checkoutservice->cartservice  rpr=0.0000  low=8 high=0  attempts=3  state=ON  metric=rpr
2026-10-07T12:35:53Z  OBSERVE  checkoutservice->currencyservice  rpr=0.0000  low=8 high=0  attempts=3  state=ON  metric=rpr
2026-10-07T12:35:53Z  OBSERVE  checkoutservice->emailservice  rpr=0.0000  low=8 high=0  attempts=3  state=ON  metric=rpr
2026-10-07T12:35:53Z  OBSERVE  checkoutservice->paymentservice  rpr=0.0000  low=8 high=0  attempts=3  state=ON  metric=rpr
2026-10-07T12:35:53Z  OBSERVE  checkoutservice->shippingservice  rpr=0.0000  low=8 high=0  attempts=3  state=ON  metric=rpr
2026-10-07T12:35:53Z  OBSERVE  recommendationservice->productcatalogservice  rpr=0.0000  low=9 high=0  attempts=3  state=ON  metric=rpr
2026-10-07T12:35:54Z  OBSERVE  frontend->adservice  rpr=0.0000  low=10 high=0  attempts=3  state=ON  metric=rpr
2026-10-07T12:35:54Z  OBSERVE  frontend->cartservice  rpr=0.0000  low=11 high=0  attempts=3  state=ON  metric=rpr
2026-10-07T12:35:54Z  OBSERVE  frontend->checkoutservice  rpr=0.0000  low=10 high=0  attempts=3  state=ON  metric=rpr
2026-10-07T12:35:54Z  OBSERVE  frontend->currencyservice  rpr=0.0000  low=11 high=0  attempts=3  state=ON  metric=rpr
2026-10-07T12:35:54Z  OBSERVE  frontend->productcatalogservice  rpr=0.0000  low=11 high=0  attempts=3  state=ON  metric=rpr
2026-10-07T12:35:54Z  OBSERVE  frontend->recommendationservice  rpr=0.0000  low=11 high=0  attempts=3  state=ON  metric=rpr
2026-10-07T12:35:54Z  OBSERVE  frontend->shippingservice  rpr=0.0000  low=10 high=0  attempts=3  state=ON  metric=rpr
2026-10-07T12:35:54Z  OBSERVE  checkoutservice->cartservice  rpr=0.0000  low=9 high=0  attempts=3  state=ON  metric=rpr
2026-10-07T12:35:54Z  OBSERVE  checkoutservice->currencyservice  rpr=0.0000  low=9 high=0  attempts=3  state=ON  metric=rpr
2026-10-07T12:35:54Z  OBSERVE  checkoutservice->emailservice  rpr=0.0000  low=9 high=0  attempts=3  state=ON  metric=rpr
2026-10-07T12:35:54Z  OBSERVE  checkoutservice->paymentservice  rpr=0.0000  low=9 high=0  attempts=3  state=ON  metric=rpr
2026-10-07T12:35:54Z  OBSERVE  checkoutservice->shippingservice  rpr=0.0000  low=9 high=0  attempts=3  state=ON  metric=rpr
2026-10-07T12:35:54Z  OBSERVE  recommendationservice->productcatalogservice  rpr=0.0000  low=10 high=0  attempts=3  state=ON  metric=rpr
2026-10-07T12:35:55Z  OBSERVE  frontend->adservice  rpr=0.0000  low=11 high=0  attempts=3  state=ON  metric=rpr
2026-10-07T12:35:55Z  OBSERVE  frontend->cartservice  rpr=0.0000  low=12 high=0  attempts=3  state=ON  metric=rpr
2026-10-07T12:35:55Z  OBSERVE  frontend->checkoutservice  rpr=0.0000  low=11 high=0  attempts=3  state=ON  metric=rpr
2026-10-07T12:35:55Z  OBSERVE  frontend->currencyservice  rpr=0.0000  low=12 high=0  attempts=3  state=ON  metric=rpr
2026-10-07T12:35:55Z  OBSERVE  frontend->productcatalogservice  rpr=0.0000  low=12 high=0  attempts=3  state=ON  metric=rpr
2026-10-07T12:35:55Z  OBSERVE  frontend->recommendationservice  rpr=0.0000  low=12 high=0  attempts=3  state=ON  metric=rpr
2026-10-07T12:35:55Z  OBSERVE  frontend->shippingservice  rpr=0.0000  low=11 high=0  attempts=3  state=ON  metric=rpr
2026-10-07T12:35:55Z  OBSERVE  checkoutservice->cartservice  rpr=0.0000  low=10 high=0  attempts=3  state=ON  metric=rpr
2026-10-07T12:35:55Z  OBSERVE  checkoutservice->currencyservice  rpr=0.0000  low=10 high=0  attempts=3  state=ON  metric=rpr
2026-10-07T12:35:55Z  OBSERVE  checkoutservice->emailservice  rpr=0.0000  low=10 high=0  attempts=3  state=ON  metric=rpr
2026-10-07T12:35:55Z  OBSERVE  checkoutservice->paymentservice  rpr=0.0000  low=10 high=0  attempts=3  state=ON  metric=rpr
2026-10-07T12:35:55Z  OBSERVE  checkoutservice->shippingservice  rpr=0.0000  low=10 high=0  attempts=3  state=ON  metric=rpr
2026-10-07T12:35:55Z  OBSERVE  recommendationservice->productcatalogservice  rpr=0.0000  low=11 high=0  attempts=3  state=ON  metric=rpr
2026-10-07T12:35:56Z  OBSERVE  frontend->adservice  rpr=0.0000  low=12 high=0  attempts=3  state=ON  metric=rpr
2026-10-07T12:35:56Z  OBSERVE  frontend->cartservice  rpr=0.0000  low=13 high=0  attempts=3  state=ON  metric=rpr
2026-10-07T12:35:56Z  OBSERVE  frontend->checkoutservice  rpr=0.0000  low=12 high=0  attempts=3  state=ON  metric=rpr
2026-10-07T12:35:56Z  OBSERVE  frontend->currencyservice  rpr=0.0000  low=13 high=0  attempts=3  state=ON  metric=rpr
2026-10-07T12:35:56Z  OBSERVE  frontend->productcatalogservice  rpr=0.0000  low=13 high=0  attempts=3  state=ON  metric=rpr
2026-10-07T12:35:56Z  OBSERVE  frontend->recommendationservice  rpr=0.0000  low=13 high=0  attempts=3  state=ON  metric=rpr
2026-10-07T12:35:56Z  OBSERVE  frontend->shippingservice  rpr=0.0000  low=12 high=0  attempts=3  state=ON  metric=rpr
2026-10-07T12:35:56Z  OBSERVE  checkoutservice->cartservice  rpr=0.0000  low=11 high=0  attempts=3  state=ON  metric=rpr
2026-10-07T12:35:56Z  OBSERVE  checkoutservice->currencyservice  rpr=0.0000  low=11 high=0  attempts=3  state=ON  metric=rpr
2026-10-07T12:35:56Z  OBSERVE  checkoutservice->emailservice  rpr=0.0000  low=11 high=0  attempts=3  state=ON  metric=rpr
2026-10-07T12:35:56Z  OBSERVE  checkoutservice->paymentservice  rpr=0.0000  low=11 high=0  attempts=3  state=ON  metric=rpr
2026-10-07T12:35:56Z  OBSERVE  checkoutservice->shippingservice  rpr=0.0000  low=11 high=0  attempts=3  state=ON  metric=rpr
2026-10-07T12:35:56Z  OBSERVE  recommendationservice->productcatalogservice  rpr=0.0000  low=12 high=0  attempts=3  state=ON  metric=rpr
2026-10-07T12:35:57Z  OBSERVE  frontend->adservice  rpr=0.0000  low=13 high=0  attempts=3  state=ON  metric=rpr
2026-10-07T12:35:57Z  OBSERVE  frontend->cartservice  rpr=0.0000  low=14 high=0  attempts=3  state=ON  metric=rpr
2026-10-07T12:35:57Z  OBSERVE  frontend->checkoutservice  rpr=0.0000  low=13 high=0  attempts=3  state=ON  metric=rpr
2026-10-07T12:35:57Z  OBSERVE  frontend->currencyservice  rpr=0.0000  low=14 high=0  attempts=3  state=ON  metric=rpr
2026-10-07T12:35:57Z  OBSERVE  frontend->productcatalogservice  rpr=0.0000  low=14 high=0  attempts=3  state=ON  metric=rpr
2026-10-07T12:35:57Z  OBSERVE  frontend->recommendationservice  rpr=0.0000  low=14 high=0  attempts=3  state=ON  metric=rpr
2026-10-07T12:35:57Z  OBSERVE  frontend->shippingservice  rpr=0.0000  low=13 high=0  attempts=3  state=ON  metric=rpr
2026-10-07T12:35:57Z  OBSERVE  checkoutservice->cartservice  rpr=0.0000  low=12 high=0  attempts=3  state=ON  metric=rpr
2026-10-07T12:35:57Z  OBSERVE  checkoutservice->currencyservice  rpr=0.0000  low=12 high=0  attempts=3  state=ON  metric=rpr
2026-10-07T12:35:57Z  OBSERVE  checkoutservice->emailservice  rpr=0.0000  low=12 high=0  attempts=3  state=ON  metric=rpr
2026-10-07T12:35:57Z  OBSERVE  checkoutservice->paymentservice  rpr=0.0000  low=12 high=0  attempts=3  state=ON  metric=rpr
2026-10-07T12:35:57Z  OBSERVE  checkoutservice->shippingservice  rpr=0.0000  low=12 high=0  attempts=3  state=ON  metric=rpr
2026-10-07T12:35:57Z  OBSERVE  recommendationservice->productcatalogservice  rpr=0.0000  low=13 high=0  attempts=3  state=ON  metric=rpr
2026-10-07T12:35:58Z  OBSERVE  frontend->adservice  rpr=0.0000  low=14 high=0  attempts=3  state=ON  metric=rpr
2026-10-07T12:35:58Z  OBSERVE  frontend->cartservice  rpr=0.0000  low=15 high=0  attempts=3  state=ON  metric=rpr
2026-10-07T12:35:58Z  OBSERVE  frontend->checkoutservice  rpr=0.0000  low=14 high=0  attempts=3  state=ON  metric=rpr
2026-10-07T12:35:58Z  OBSERVE  frontend->currencyservice  rpr=0.0000  low=15 high=0  attempts=3  state=ON  metric=rpr
2026-10-07T12:35:58Z  OBSERVE  frontend->productcatalogservice  rpr=0.0000  low=15 high=0  attempts=3  state=ON  metric=rpr
2026-10-07T12:35:58Z  OBSERVE  frontend->recommendationservice  rpr=0.0000  low=15 high=0  attempts=3  state=ON  metric=rpr
2026-10-07T12:35:58Z  OBSERVE  frontend->shippingservice  rpr=0.0000  low=14 high=0  attempts=3  state=ON  metric=rpr
2026-10-07T12:35:58Z  OBSERVE  checkoutservice->cartservice  rpr=0.0000  low=13 high=0  attempts=3  state=ON  metric=rpr
2026-10-07T12:35:58Z  OBSERVE  checkoutservice->currencyservice  rpr=0.0000  low=13 high=0  attempts=3  state=ON  metric=rpr
2026-10-07T12:35:58Z  OBSERVE  checkoutservice->emailservice  rpr=0.0000  low=13 high=0  attempts=3  state=ON  metric=rpr
2026-10-07T12:35:58Z  OBSERVE  checkoutservice->paymentservice  rpr=0.0000  low=13 high=0  attempts=3  state=ON  metric=rpr
2026-10-07T12:35:58Z  OBSERVE  checkoutservice->shippingservice  rpr=0.0000  low=13 high=0  attempts=3  state=ON  metric=rpr
2026-10-07T12:35:58Z  OBSERVE  recommendationservice->productcatalogservice  rpr=0.0000  low=14 high=0  attempts=3  state=ON  metric=rpr
2026-10-07T12:35:59Z  OBSERVE  frontend->adservice  rpr=0.0000  low=15 high=0  attempts=3  state=ON  metric=rpr
2026-10-07T12:35:59Z  OBSERVE  frontend->cartservice  rpr=0.0000  low=16 high=0  attempts=3  state=ON  metric=rpr
2026-10-07T12:35:59Z  OBSERVE  frontend->checkoutservice  rpr=0.0000  low=15 high=0  attempts=3  state=ON  metric=rpr
2026-10-07T12:35:59Z  OBSERVE  frontend->currencyservice  rpr=0.0000  low=16 high=0  attempts=3  state=ON  metric=rpr
2026-10-07T12:35:59Z  OBSERVE  frontend->productcatalogservice  rpr=0.0000  low=16 high=0  attempts=3  state=ON  metric=rpr
2026-10-07T12:35:59Z  OBSERVE  frontend->recommendationservice  rpr=0.0000  low=16 high=0  attempts=3  state=ON  metric=rpr
2026-10-07T12:35:59Z  OBSERVE  frontend->shippingservice  rpr=0.0000  low=15 high=0  attempts=3  state=ON  metric=rpr
2026-10-07T12:35:59Z  OBSERVE  checkoutservice->cartservice  rpr=0.0000  low=14 high=0  attempts=3  state=ON  metric=rpr
2026-10-07T12:35:59Z  OBSERVE  checkoutservice->currencyservice  rpr=0.0000  low=14 high=0  attempts=3  state=ON  metric=rpr
2026-10-07T12:35:59Z  OBSERVE  checkoutservice->emailservice  rpr=0.0000  low=14 high=0  attempts=3  state=ON  metric=rpr
2026-10-07T12:35:59Z  OBSERVE  checkoutservice->paymentservice  rpr=0.0000  low=14 high=0  attempts=3  state=ON  metric=rpr
2026-10-07T12:35:59Z  OBSERVE  checkoutservice->shippingservice  rpr=0.0000  low=14 high=0  attempts=3  state=ON  metric=rpr
2026-10-07T12:35:59Z  OBSERVE  recommendationservice->productcatalogservice  rpr=0.0000  low=15 high=0  attempts=3  state=ON  metric=rpr
2026-10-07T12:36:00Z  OBSERVE  frontend->adservice  rpr=0.0000  low=16 high=0  attempts=3  state=ON  metric=rpr
2026-10-07T12:36:00Z  OBSERVE  frontend->cartservice  rpr=0.0000  low=17 high=0  attempts=3  state=ON  metric=rpr
2026-10-07T12:36:00Z  OBSERVE  frontend->checkoutservice  rpr=0.0000  low=16 high=0  attempts=3  state=ON  metric=rpr
2026-10-07T12:36:00Z  OBSERVE  frontend->currencyservice  rpr=0.0000  low=17 high=0  attempts=3  state=ON  metric=rpr
2026-10-07T12:36:00Z  OBSERVE  frontend->productcatalogservice  rpr=0.0000  low=17 high=0  attempts=3  state=ON  metric=rpr
2026-10-07T12:36:00Z  OBSERVE  frontend->recommendationservice  rpr=0.0000  low=17 high=0  attempts=3  state=ON  metric=rpr
2026-10-07T12:36:00Z  OBSERVE  frontend->shippingservice  rpr=0.0000  low=16 high=0  attempts=3  state=ON  metric=rpr
2026-10-07T12:36:00Z  OBSERVE  checkoutservice->cartservice  rpr=0.0000  low=15 high=0  attempts=3  state=ON  metric=rpr
2026-10-07T12:36:00Z  OBSERVE  checkoutservice->currencyservice  rpr=0.0000  low=15 high=0  attempts=3  state=ON  metric=rpr
2026-10-07T12:36:00Z  OBSERVE  checkoutservice->emailservice  rpr=0.0000  low=15 high=0  attempts=3  state=ON  metric=rpr
2026-10-07T12:36:00Z  OBSERVE  checkoutservice->paymentservice  rpr=0.0000  low=15 high=0  attempts=3  state=ON  metric=rpr
2026-10-07T12:36:00Z  OBSERVE  checkoutservice->shippingservice  rpr=0.0000  low=15 high=0  attempts=3  state=ON  metric=rpr
2026-10-07T12:36:00Z  OBSERVE  recommendationservice->productcatalogservice  rpr=0.0000  low=16 high=0  attempts=3  state=ON  metric=rpr
2026-10-07T12:36:01Z  OBSERVE  frontend->adservice  rpr=0.0000  low=17 high=0  attempts=3  state=ON  metric=rpr
2026-10-07T12:36:01Z  OBSERVE  frontend->cartservice  rpr=0.0000  low=18 high=0  attempts=3  state=ON  metric=rpr
2026-10-07T12:36:01Z  OBSERVE  frontend->checkoutservice  rpr=0.0000  low=17 high=0  attempts=3  state=ON  metric=rpr
2026-10-07T12:36:01Z  OBSERVE  frontend->currencyservice  rpr=0.0000  low=18 high=0  attempts=3  state=ON  metric=rpr
2026-10-07T12:36:01Z  OBSERVE  frontend->productcatalogservice  rpr=0.0000  low=18 high=0  attempts=3  state=ON  metric=rpr
2026-10-07T12:36:01Z  OBSERVE  frontend->recommendationservice  rpr=0.0000  low=18 high=0  attempts=3  state=ON  metric=rpr
2026-10-07T12:36:01Z  OBSERVE  frontend->shippingservice  rpr=0.0000  low=17 high=0  attempts=3  state=ON  metric=rpr
2026-10-07T12:36:01Z  OBSERVE  checkoutservice->cartservice  rpr=0.0000  low=16 high=0  attempts=3  state=ON  metric=rpr
2026-10-07T12:36:01Z  OBSERVE  checkoutservice->currencyservice  rpr=0.0000  low=16 high=0  attempts=3  state=ON  metric=rpr
2026-10-07T12:36:01Z  OBSERVE  checkoutservice->emailservice  rpr=0.0000  low=16 high=0  attempts=3  state=ON  metric=rpr
2026-10-07T12:36:01Z  OBSERVE  checkoutservice->paymentservice  rpr=0.0000  low=16 high=0  attempts=3  state=ON  metric=rpr
2026-10-07T12:36:01Z  OBSERVE  checkoutservice->shippingservice  rpr=0.0000  low=16 high=0  attempts=3  state=ON  metric=rpr
2026-10-07T12:36:01Z  OBSERVE  recommendationservice->productcatalogservice  rpr=0.0000  low=17 high=0  attempts=3  state=ON  metric=rpr
2026-10-07T12:36:02Z  OBSERVE  frontend->adservice  rpr=0.0000  low=18 high=0  attempts=3  state=ON  metric=rpr
2026-10-07T12:36:02Z  OBSERVE  frontend->cartservice  rpr=0.0000  low=19 high=0  attempts=3  state=ON  metric=rpr
2026-10-07T12:36:02Z  OBSERVE  frontend->checkoutservice  rpr=0.0000  low=18 high=0  attempts=3  state=ON  metric=rpr
2026-10-07T12:36:02Z  OBSERVE  frontend->currencyservice  rpr=0.0000  low=19 high=0  attempts=3  state=ON  metric=rpr
2026-10-07T12:36:02Z  OBSERVE  frontend->productcatalogservice  rpr=0.0000  low=19 high=0  attempts=3  state=ON  metric=rpr
2026-10-07T12:36:02Z  OBSERVE  frontend->recommendationservice  rpr=0.0000  low=19 high=0  attempts=3  state=ON  metric=rpr
2026-10-07T12:36:02Z  OBSERVE  frontend->shippingservice  rpr=0.0000  low=18 high=0  attempts=3  state=ON  metric=rpr
2026-10-07T12:36:02Z  OBSERVE  checkoutservice->cartservice  rpr=0.0000  low=17 high=0  attempts=3  state=ON  metric=rpr
2026-10-07T12:36:02Z  OBSERVE  checkoutservice->currencyservice  rpr=0.0000  low=17 high=0  attempts=3  state=ON  metric=rpr
2026-10-07T12:36:02Z  OBSERVE  checkoutservice->emailservice  rpr=0.0000  low=17 high=0  attempts=3  state=ON  metric=rpr
2026-10-07T12:36:02Z  OBSERVE  checkoutservice->paymentservice  rpr=0.0000  low=17 high=0  attempts=3  state=ON  metric=rpr
2026-10-07T12:36:02Z  OBSERVE  checkoutservice->shippingservice  rpr=0.0000  low=17 high=0  attempts=3  state=ON  metric=rpr
2026-10-07T12:36:02Z  OBSERVE  recommendationservice->productcatalogservice  rpr=0.0000  low=18 high=0  attempts=3  state=ON  metric=rpr
2026-10-07T12:36:03Z  OBSERVE  frontend->adservice  rpr=0.0000  low=19 high=0  attempts=3  state=ON  metric=rpr
2026-10-07T12:36:03Z  OBSERVE  frontend->cartservice  rpr=0.0000  low=20 high=0  attempts=3  state=ON  metric=rpr
2026-10-07T12:36:03Z  OBSERVE  frontend->checkoutservice  rpr=0.0000  low=19 high=0  attempts=3  state=ON  metric=rpr
2026-10-07T12:36:03Z  OBSERVE  frontend->currencyservice  rpr=0.0000  low=20 high=0  attempts=3  state=ON  metric=rpr
2026-10-07T12:36:03Z  OBSERVE  frontend->productcatalogservice  rpr=0.0000  low=20 high=0  attempts=3  state=ON  metric=rpr
2026-10-07T12:36:03Z  OBSERVE  frontend->recommendationservice  rpr=0.0000  low=20 high=0  attempts=3  state=ON  metric=rpr
2026-10-07T12:36:03Z  OBSERVE  frontend->shippingservice  rpr=0.0000  low=19 high=0  attempts=3  state=ON  metric=rpr
2026-10-07T12:36:03Z  OBSERVE  checkoutservice->cartservice  rpr=0.0000  low=18 high=0  attempts=3  state=ON  metric=rpr
2026-10-07T12:36:03Z  OBSERVE  checkoutservice->currencyservice  rpr=0.0000  low=18 high=0  attempts=3  state=ON  metric=rpr
2026-10-07T12:36:03Z  OBSERVE  checkoutservice->emailservice  rpr=0.0000  low=18 high=0  attempts=3  state=ON  metric=rpr
2026-10-07T12:36:03Z  OBSERVE  checkoutservice->paymentservice  rpr=0.0000  low=18 high=0  attempts=3  state=ON  metric=rpr
2026-10-07T12:36:03Z  OBSERVE  checkoutservice->shippingservice  rpr=0.0000  low=18 high=0  attempts=3  state=ON  metric=rpr
2026-10-07T12:36:03Z  OBSERVE  recommendationservice->productcatalogservice  rpr=0.0000  low=19 high=0  attempts=3  state=ON  metric=rpr
2026-10-07T12:36:04Z  OBSERVE  frontend->adservice  rpr=0.0000  low=20 high=0  attempts=3  state=ON  metric=rpr
2026-10-07T12:36:04Z  OBSERVE  frontend->cartservice  rpr=0.0000  low=21 high=0  attempts=3  state=ON  metric=rpr
2026-10-07T12:36:04Z  OBSERVE  frontend->checkoutservice  rpr=0.0000  low=20 high=0  attempts=3  state=ON  metric=rpr
2026-10-07T12:36:04Z  OBSERVE  frontend->currencyservice  rpr=0.0000  low=21 high=0  attempts=3  state=ON  metric=rpr
2026-10-07T12:36:04Z  OBSERVE  frontend->productcatalogservice  rpr=0.0000  low=21 high=0  attempts=3  state=ON  metric=rpr
2026-10-07T12:36:04Z  OBSERVE  frontend->recommendationservice  rpr=0.0000  low=21 high=0  attempts=3  state=ON  metric=rpr
2026-10-07T12:36:04Z  OBSERVE  frontend->shippingservice  rpr=0.0000  low=20 high=0  attempts=3  state=ON  metric=rpr
2026-10-07T12:36:04Z  OBSERVE  checkoutservice->cartservice  rpr=0.0000  low=19 high=0  attempts=3  state=ON  metric=rpr
2026-10-07T12:36:04Z  OBSERVE  checkoutservice->currencyservice  rpr=0.0000  low=19 high=0  attempts=3  state=ON  metric=rpr
2026-10-07T12:36:04Z  OBSERVE  checkoutservice->emailservice  rpr=0.0000  low=19 high=0  attempts=3  state=ON  metric=rpr
2026-10-07T12:36:04Z  OBSERVE  checkoutservice->paymentservice  rpr=0.0000  low=19 high=0  attempts=3  state=ON  metric=rpr
2026-10-07T12:36:04Z  OBSERVE  checkoutservice->shippingservice  rpr=0.0000  low=19 high=0  attempts=3  state=ON  metric=rpr
2026-10-07T12:36:04Z  OBSERVE  recommendationservice->productcatalogservice  rpr=0.0000  low=20 high=0  attempts=3  state=ON  metric=rpr
2026-10-07T12:36:05Z  OBSERVE  frontend->adservice  rpr=0.0000  low=21 high=0  attempts=3  state=ON  metric=rpr
2026-10-07T12:36:05Z  OBSERVE  frontend->cartservice  rpr=0.0000  low=22 high=0  attempts=3  state=ON  metric=rpr
2026-10-07T12:36:05Z  OBSERVE  frontend->checkoutservice  rpr=0.0000  low=21 high=0  attempts=3  state=ON  metric=rpr
2026-10-07T12:36:05Z  OBSERVE  frontend->currencyservice  rpr=0.0000  low=22 high=0  attempts=3  state=ON  metric=rpr
2026-10-07T12:36:05Z  OBSERVE  frontend->productcatalogservice  rpr=0.0000  low=22 high=0  attempts=3  state=ON  metric=rpr
2026-10-07T12:36:05Z  OBSERVE  frontend->recommendationservice  rpr=0.0000  low=22 high=0  attempts=3  state=ON  metric=rpr
2026-10-07T12:36:05Z  OBSERVE  frontend->shippingservice  rpr=0.0000  low=21 high=0  attempts=3  state=ON  metric=rpr
2026-10-07T12:36:05Z  OBSERVE  checkoutservice->cartservice  rpr=0.0000  low=20 high=0  attempts=3  state=ON  metric=rpr
2026-10-07T12:36:05Z  OBSERVE  checkoutservice->currencyservice  rpr=0.0000  low=20 high=0  attempts=3  state=ON  metric=rpr
2026-10-07T12:36:05Z  OBSERVE  checkoutservice->emailservice  rpr=0.0000  low=20 high=0  attempts=3  state=ON  metric=rpr
2026-10-07T12:36:05Z  OBSERVE  checkoutservice->paymentservice  rpr=0.0000  low=20 high=0  attempts=3  state=ON  metric=rpr
2026-10-07T12:36:05Z  OBSERVE  checkoutservice->shippingservice  rpr=0.0000  low=20 high=0  attempts=3  state=ON  metric=rpr
2026-10-07T12:36:05Z  OBSERVE  recommendationservice->productcatalogservice  rpr=0.0000  low=21 high=0  attempts=3  state=ON  metric=rpr
2026-10-07T12:36:06Z  OBSERVE  frontend->adservice  rpr=0.0000  low=22 high=0  attempts=3  state=ON  metric=rpr
2026-10-07T12:36:06Z  OBSERVE  frontend->cartservice  rpr=0.0000  low=23 high=0  attempts=3  state=ON  metric=rpr
2026-10-07T12:36:06Z  OBSERVE  frontend->checkoutservice  rpr=0.0000  low=22 high=0  attempts=3  state=ON  metric=rpr
2026-10-07T12:36:06Z  OBSERVE  frontend->currencyservice  rpr=0.0000  low=23 high=0  attempts=3  state=ON  metric=rpr
2026-10-07T12:36:06Z  OBSERVE  frontend->productcatalogservice  rpr=0.0000  low=23 high=0  attempts=3  state=ON  metric=rpr
2026-10-07T12:36:06Z  OBSERVE  frontend->recommendationservice  rpr=0.0000  low=23 high=0  attempts=3  state=ON  metric=rpr
2026-10-07T12:36:06Z  OBSERVE  frontend->shippingservice  rpr=0.0000  low=22 high=0  attempts=3  state=ON  metric=rpr
2026-10-07T12:36:06Z  OBSERVE  checkoutservice->cartservice  rpr=0.0000  low=21 high=0  attempts=3  state=ON  metric=rpr
2026-10-07T12:36:06Z  OBSERVE  checkoutservice->currencyservice  rpr=0.0000  low=21 high=0  attempts=3  state=ON  metric=rpr
2026-10-07T12:36:06Z  OBSERVE  checkoutservice->emailservice  rpr=0.0000  low=21 high=0  attempts=3  state=ON  metric=rpr
2026-10-07T12:36:06Z  OBSERVE  checkoutservice->paymentservice  rpr=0.0000  low=21 high=0  attempts=3  state=ON  metric=rpr
2026-10-07T12:36:06Z  OBSERVE  checkoutservice->shippingservice  rpr=0.0000  low=21 high=0  attempts=3  state=ON  metric=rpr
2026-10-07T12:36:06Z  OBSERVE  recommendationservice->productcatalogservice  rpr=0.0000  low=22 high=0  attempts=3  state=ON  metric=rpr
2026-10-07T12:36:07Z  OBSERVE  frontend->adservice  rpr=0.0000  low=23 high=0  attempts=3  state=ON  metric=rpr
2026-10-07T12:36:07Z  OBSERVE  frontend->cartservice  rpr=0.0000  low=24 high=0  attempts=3  state=ON  metric=rpr
2026-10-07T12:36:07Z  OBSERVE  frontend->checkoutservice  rpr=0.0000  low=23 high=0  attempts=3  state=ON  metric=rpr
2026-10-07T12:36:07Z  OBSERVE  frontend->currencyservice  rpr=0.0000  low=24 high=0  attempts=3  state=ON  metric=rpr
2026-10-07T12:36:07Z  OBSERVE  frontend->productcatalogservice  rpr=0.0000  low=24 high=0  attempts=3  state=ON  metric=rpr
2026-10-07T12:36:07Z  OBSERVE  frontend->recommendationservice  rpr=0.0000  low=24 high=0  attempts=3  state=ON  metric=rpr
2026-10-07T12:36:07Z  OBSERVE  frontend->shippingservice  rpr=0.0000  low=23 high=0  attempts=3  state=ON  metric=rpr
2026-10-07T12:36:07Z  OBSERVE  checkoutservice->cartservice  rpr=0.0000  low=22 high=0  attempts=3  state=ON  metric=rpr
2026-10-07T12:36:07Z  OBSERVE  checkoutservice->currencyservice  rpr=0.0000  low=22 high=0  attempts=3  state=ON  metric=rpr
2026-10-07T12:36:07Z  OBSERVE  checkoutservice->emailservice  rpr=0.0000  low=22 high=0  attempts=3  state=ON  metric=rpr
2026-10-07T12:36:07Z  OBSERVE  checkoutservice->paymentservice  rpr=0.0000  low=22 high=0  attempts=3  state=ON  metric=rpr
2026-10-07T12:36:07Z  OBSERVE  checkoutservice->shippingservice  rpr=0.0000  low=22 high=0  attempts=3  state=ON  metric=rpr
2026-10-07T12:36:07Z  OBSERVE  recommendationservice->productcatalogservice  rpr=0.0000  low=23 high=0  attempts=3  state=ON  metric=rpr
2026-10-07T12:36:08Z  OBSERVE  frontend->adservice  rpr=0.0000  low=24 high=0  attempts=3  state=ON  metric=rpr
2026-10-07T12:36:08Z  OBSERVE  frontend->cartservice  rpr=0.0000  low=25 high=0  attempts=3  state=ON  metric=rpr
2026-10-07T12:36:08Z  OBSERVE  frontend->checkoutservice  rpr=0.0000  low=24 high=0  attempts=3  state=ON  metric=rpr
2026-10-07T12:36:08Z  OBSERVE  frontend->currencyservice  rpr=0.0000  low=25 high=0  attempts=3  state=ON  metric=rpr
2026-10-07T12:36:08Z  OBSERVE  frontend->productcatalogservice  rpr=0.0000  low=25 high=0  attempts=3  state=ON  metric=rpr
2026-10-07T12:36:08Z  OBSERVE  frontend->recommendationservice  rpr=0.0000  low=25 high=0  attempts=3  state=ON  metric=rpr
2026-10-07T12:36:08Z  OBSERVE  frontend->shippingservice  rpr=0.0000  low=24 high=0  attempts=3  state=ON  metric=rpr
2026-10-07T12:36:08Z  OBSERVE  checkoutservice->cartservice  rpr=0.0000  low=23 high=0  attempts=3  state=ON  metric=rpr
2026-10-07T12:36:08Z  OBSERVE  checkoutservice->currencyservice  rpr=0.0000  low=23 high=0  attempts=3  state=ON  metric=rpr
2026-10-07T12:36:08Z  OBSERVE  checkoutservice->emailservice  rpr=0.0000  low=23 high=0  attempts=3  state=ON  metric=rpr
2026-10-07T12:36:08Z  OBSERVE  checkoutservice->paymentservice  rpr=0.0000  low=23 high=0  attempts=3  state=ON  metric=rpr
2026-10-07T12:36:08Z  OBSERVE  checkoutservice->shippingservice  rpr=0.0000  low=23 high=0  attempts=3  state=ON  metric=rpr
2026-10-07T12:36:08Z  OBSERVE  recommendationservice->productcatalogservice  rpr=0.0000  low=24 high=0  attempts=3  state=ON  metric=rpr
2026-10-07T12:36:09Z  OBSERVE  frontend->adservice  rpr=0.0000  low=25 high=0  attempts=3  state=ON  metric=rpr
2026-10-07T12:36:09Z  OBSERVE  frontend->cartservice  rpr=0.0000  low=26 high=0  attempts=3  state=ON  metric=rpr
2026-10-07T12:36:09Z  OBSERVE  frontend->checkoutservice  rpr=0.0000  low=25 high=0  attempts=3  state=ON  metric=rpr
2026-10-07T12:36:09Z  OBSERVE  frontend->currencyservice  rpr=0.0000  low=26 high=0  attempts=3  state=ON  metric=rpr
2026-10-07T12:36:09Z  OBSERVE  frontend->productcatalogservice  rpr=0.0000  low=26 high=0  attempts=3  state=ON  metric=rpr
2026-10-07T12:36:09Z  OBSERVE  frontend->recommendationservice  rpr=0.0000  low=26 high=0  attempts=3  state=ON  metric=rpr
2026-10-07T12:36:09Z  OBSERVE  frontend->shippingservice  rpr=0.0000  low=25 high=0  attempts=3  state=ON  metric=rpr
2026-10-07T12:36:09Z  OBSERVE  checkoutservice->cartservice  rpr=0.0000  low=24 high=0  attempts=3  state=ON  metric=rpr
2026-10-07T12:36:09Z  OBSERVE  checkoutservice->currencyservice  rpr=0.0000  low=24 high=0  attempts=3  state=ON  metric=rpr
2026-10-07T12:36:09Z  OBSERVE  checkoutservice->emailservice  rpr=0.0000  low=24 high=0  attempts=3  state=ON  metric=rpr
2026-10-07T12:36:09Z  OBSERVE  checkoutservice->paymentservice  rpr=0.0000  low=24 high=0  attempts=3  state=ON  metric=rpr
2026-10-07T12:36:09Z  OBSERVE  checkoutservice->shippingservice  rpr=0.0000  low=24 high=0  attempts=3  state=ON  metric=rpr
2026-10-07T12:36:09Z  OBSERVE  recommendationservice->productcatalogservice  rpr=0.0000  low=25 high=0  attempts=3  state=ON  metric=rpr
2026-10-07T12:36:10Z  OBSERVE  frontend->adservice  rpr=0.0000  low=26 high=0  attempts=3  state=ON  metric=rpr
2026-10-07T12:36:10Z  OBSERVE  frontend->cartservice  rpr=0.0000  low=27 high=0  attempts=3  state=ON  metric=rpr
2026-10-07T12:36:10Z  OBSERVE  frontend->checkoutservice  rpr=0.0000  low=26 high=0  attempts=3  state=ON  metric=rpr
2026-10-07T12:36:10Z  OBSERVE  frontend->currencyservice  rpr=0.0000  low=27 high=0  attempts=3  state=ON  metric=rpr
2026-10-07T12:36:10Z  OBSERVE  frontend->productcatalogservice  rpr=0.0000  low=27 high=0  attempts=3  state=ON  metric=rpr
2026-10-07T12:36:10Z  OBSERVE  frontend->recommendationservice  rpr=0.0000  low=27 high=0  attempts=3  state=ON  metric=rpr
2026-10-07T12:36:10Z  OBSERVE  frontend->shippingservice  rpr=0.0000  low=26 high=0  attempts=3  state=ON  metric=rpr
2026-10-07T12:36:10Z  OBSERVE  checkoutservice->cartservice  rpr=0.0000  low=25 high=0  attempts=3  state=ON  metric=rpr
2026-10-07T12:36:10Z  OBSERVE  checkoutservice->currencyservice  rpr=0.0000  low=25 high=0  attempts=3  state=ON  metric=rpr
2026-10-07T12:36:10Z  OBSERVE  checkoutservice->emailservice  rpr=0.0000  low=25 high=0  attempts=3  state=ON  metric=rpr
2026-10-07T12:36:10Z  OBSERVE  checkoutservice->paymentservice  rpr=0.0000  low=25 high=0  attempts=3  state=ON  metric=rpr
2026-10-07T12:36:10Z  OBSERVE  checkoutservice->shippingservice  rpr=0.0000  low=25 high=0  attempts=3  state=ON  metric=rpr
2026-10-07T12:36:10Z  OBSERVE  recommendationservice->productcatalogservice  rpr=0.0000  low=26 high=0  attempts=3  state=ON  metric=rpr
2026-10-07T12:36:11Z  OBSERVE  frontend->adservice  rpr=0.0000  low=27 high=0  attempts=3  state=ON  metric=rpr
2026-10-07T12:36:11Z  OBSERVE  frontend->cartservice  rpr=0.0000  low=28 high=0  attempts=3  state=ON  metric=rpr
2026-10-07T12:36:11Z  OBSERVE  frontend->checkoutservice  rpr=0.0000  low=27 high=0  attempts=3  state=ON  metric=rpr
2026-10-07T12:36:11Z  OBSERVE  frontend->currencyservice  rpr=0.0000  low=28 high=0  attempts=3  state=ON  metric=rpr
2026-10-07T12:36:11Z  OBSERVE  frontend->productcatalogservice  rpr=0.0000  low=28 high=0  attempts=3  state=ON  metric=rpr
2026-10-07T12:36:11Z  OBSERVE  frontend->recommendationservice  rpr=0.0000  low=28 high=0  attempts=3  state=ON  metric=rpr
2026-10-07T12:36:11Z  OBSERVE  frontend->shippingservice  rpr=0.0000  low=27 high=0  attempts=3  state=ON  metric=rpr
2026-10-07T12:36:11Z  OBSERVE  checkoutservice->cartservice  rpr=0.0000  low=26 high=0  attempts=3  state=ON  metric=rpr
2026-10-07T12:36:11Z  OBSERVE  checkoutservice->currencyservice  rpr=0.0000  low=26 high=0  attempts=3  state=ON  metric=rpr
2026-10-07T12:36:11Z  OBSERVE  checkoutservice->emailservice  rpr=0.0000  low=26 high=0  attempts=3  state=ON  metric=rpr
2026-10-07T12:36:11Z  OBSERVE  checkoutservice->paymentservice  rpr=0.0000  low=26 high=0  attempts=3  state=ON  metric=rpr
2026-10-07T12:36:11Z  OBSERVE  checkoutservice->shippingservice  rpr=0.0000  low=26 high=0  attempts=3  state=ON  metric=rpr
2026-10-07T12:36:11Z  OBSERVE  recommendationservice->productcatalogservice  rpr=0.0000  low=27 high=0  attempts=3  state=ON  metric=rpr
2026-10-07T12:36:12Z  OBSERVE  frontend->adservice  rpr=0.0000  low=28 high=0  attempts=3  state=ON  metric=rpr
2026-10-07T12:36:12Z  OBSERVE  frontend->cartservice  rpr=0.0000  low=29 high=0  attempts=3  state=ON  metric=rpr
2026-10-07T12:36:12Z  OBSERVE  frontend->checkoutservice  rpr=0.0000  low=28 high=0  attempts=3  state=ON  metric=rpr
2026-10-07T12:36:12Z  OBSERVE  frontend->currencyservice  rpr=0.0000  low=29 high=0  attempts=3  state=ON  metric=rpr
2026-10-07T12:36:12Z  OBSERVE  frontend->productcatalogservice  rpr=0.0000  low=29 high=0  attempts=3  state=ON  metric=rpr
2026-10-07T12:36:12Z  OBSERVE  frontend->recommendationservice  rpr=0.0000  low=29 high=0  attempts=3  state=ON  metric=rpr
2026-10-07T12:36:12Z  OBSERVE  frontend->shippingservice  rpr=0.0000  low=28 high=0  attempts=3  state=ON  metric=rpr
2026-10-07T12:36:12Z  OBSERVE  checkoutservice->cartservice  rpr=0.0000  low=27 high=0  attempts=3  state=ON  metric=rpr
2026-10-07T12:36:12Z  OBSERVE  checkoutservice->currencyservice  rpr=0.0000  low=27 high=0  attempts=3  state=ON  metric=rpr
2026-10-07T12:36:12Z  OBSERVE  checkoutservice->emailservice  rpr=0.0000  low=27 high=0  attempts=3  state=ON  metric=rpr
2026-10-07T12:36:12Z  OBSERVE  checkoutservice->paymentservice  rpr=0.0000  low=27 high=0  attempts=3  state=ON  metric=rpr
2026-10-07T12:36:12Z  OBSERVE  checkoutservice->shippingservice  rpr=0.0000  low=27 high=0  attempts=3  state=ON  metric=rpr
2026-10-07T12:36:12Z  OBSERVE  recommendationservice->productcatalogservice  rpr=0.0000  low=28 high=0  attempts=3  state=ON  metric=rpr
2026-10-07T12:36:13Z  OBSERVE  frontend->adservice  rpr=0.0000  low=29 high=0  attempts=3  state=ON  metric=rpr
2026-10-07T12:36:13Z  OBSERVE  frontend->cartservice  rpr=0.0000  low=30 high=0  attempts=3  state=ON  metric=rpr
2026-10-07T12:36:13Z  OBSERVE  frontend->checkoutservice  rpr=0.0000  low=29 high=0  attempts=3  state=ON  metric=rpr
2026-10-07T12:36:13Z  OBSERVE  frontend->currencyservice  rpr=0.0000  low=30 high=0  attempts=3  state=ON  metric=rpr
2026-10-07T12:36:13Z  OBSERVE  frontend->productcatalogservice  rpr=0.0000  low=30 high=0  attempts=3  state=ON  metric=rpr
2026-10-07T12:36:13Z  OBSERVE  frontend->recommendationservice  rpr=0.0000  low=30 high=0  attempts=3  state=ON  metric=rpr
2026-10-07T12:36:13Z  OBSERVE  frontend->shippingservice  rpr=0.0000  low=29 high=0  attempts=3  state=ON  metric=rpr
2026-10-07T12:36:13Z  OBSERVE  checkoutservice->cartservice  rpr=0.0000  low=28 high=0  attempts=3  state=ON  metric=rpr
2026-10-07T12:36:13Z  OBSERVE  checkoutservice->currencyservice  rpr=0.0000  low=28 high=0  attempts=3  state=ON  metric=rpr
2026-10-07T12:36:13Z  OBSERVE  checkoutservice->emailservice  rpr=0.0000  low=28 high=0  attempts=3  state=ON  metric=rpr
2026-10-07T12:36:13Z  OBSERVE  checkoutservice->paymentservice  rpr=0.0000  low=28 high=0  attempts=3  state=ON  metric=rpr
2026-10-07T12:36:13Z  OBSERVE  checkoutservice->shippingservice  rpr=0.0000  low=28 high=0  attempts=3  state=ON  metric=rpr
2026-10-07T12:36:13Z  OBSERVE  recommendationservice->productcatalogservice  rpr=0.0000  low=29 high=0  attempts=3  state=ON  metric=rpr
2026-10-07T12:36:14Z  OBSERVE  frontend->adservice  rpr=0.0000  low=30 high=0  attempts=3  state=ON  metric=rpr
2026-10-07T12:36:14Z  OBSERVE  frontend->cartservice  rpr=0.0000  low=31 high=0  attempts=3  state=ON  metric=rpr
2026-10-07T12:36:14Z  OBSERVE  frontend->checkoutservice  rpr=0.0000  low=30 high=0  attempts=3  state=ON  metric=rpr
2026-10-07T12:36:14Z  OBSERVE  frontend->currencyservice  rpr=0.0000  low=31 high=0  attempts=3  state=ON  metric=rpr
2026-10-07T12:36:14Z  OBSERVE  frontend->productcatalogservice  rpr=0.0000  low=31 high=0  attempts=3  state=ON  metric=rpr
2026-10-07T12:36:14Z  OBSERVE  frontend->recommendationservice  rpr=0.0000  low=31 high=0  attempts=3  state=ON  metric=rpr
2026-10-07T12:36:14Z  OBSERVE  frontend->shippingservice  rpr=0.0000  low=30 high=0  attempts=3  state=ON  metric=rpr
2026-10-07T12:36:14Z  OBSERVE  checkoutservice->cartservice  rpr=0.0000  low=29 high=0  attempts=3  state=ON  metric=rpr
2026-10-07T12:36:14Z  OBSERVE  checkoutservice->currencyservice  rpr=0.0000  low=29 high=0  attempts=3  state=ON  metric=rpr
2026-10-07T12:36:14Z  OBSERVE  checkoutservice->emailservice  rpr=0.0000  low=29 high=0  attempts=3  state=ON  metric=rpr
2026-10-07T12:36:14Z  OBSERVE  checkoutservice->paymentservice  rpr=0.0000  low=29 high=0  attempts=3  state=ON  metric=rpr
2026-10-07T12:36:14Z  OBSERVE  checkoutservice->shippingservice  rpr=0.0000  low=29 high=0  attempts=3  state=ON  metric=rpr
2026-10-07T12:36:14Z  OBSERVE  recommendationservice->productcatalogservice  rpr=0.0000  low=30 high=0  attempts=3  state=ON  metric=rpr
2026-10-07T12:36:15Z  OBSERVE  frontend->adservice  rpr=0.0000  low=31 high=0  attempts=3  state=ON  metric=rpr
2026-10-07T12:36:15Z  OBSERVE  frontend->cartservice  rpr=0.0000  low=32 high=0  attempts=3  state=ON  metric=rpr
2026-10-07T12:36:15Z  OBSERVE  frontend->checkoutservice  rpr=0.0000  low=31 high=0  attempts=3  state=ON  metric=rpr
2026-10-07T12:36:15Z  OBSERVE  frontend->currencyservice  rpr=0.0000  low=32 high=0  attempts=3  state=ON  metric=rpr
2026-10-07T12:36:15Z  OBSERVE  frontend->productcatalogservice  rpr=0.0000  low=32 high=0  attempts=3  state=ON  metric=rpr
2026-10-07T12:36:15Z  OBSERVE  frontend->recommendationservice  rpr=0.0000  low=32 high=0  attempts=3  state=ON  metric=rpr
2026-10-07T12:36:15Z  OBSERVE  frontend->shippingservice  rpr=0.0000  low=31 high=0  attempts=3  state=ON  metric=rpr
2026-10-07T12:36:15Z  OBSERVE  checkoutservice->cartservice  rpr=0.0000  low=30 high=0  attempts=3  state=ON  metric=rpr
2026-10-07T12:36:15Z  OBSERVE  checkoutservice->currencyservice  rpr=0.0000  low=30 high=0  attempts=3  state=ON  metric=rpr
2026-10-07T12:36:15Z  OBSERVE  checkoutservice->emailservice  rpr=0.0000  low=30 high=0  attempts=3  state=ON  metric=rpr
2026-10-07T12:36:15Z  OBSERVE  checkoutservice->paymentservice  rpr=0.0000  low=30 high=0  attempts=3  state=ON  metric=rpr
2026-10-07T12:36:15Z  OBSERVE  checkoutservice->shippingservice  rpr=0.0000  low=30 high=0  attempts=3  state=ON  metric=rpr
2026-10-07T12:36:15Z  OBSERVE  recommendationservice->productcatalogservice  rpr=0.0000  low=31 high=0  attempts=3  state=ON  metric=rpr
2026-10-07T12:36:16Z  OBSERVE  frontend->adservice  rpr=0.0000  low=32 high=0  attempts=3  state=ON  metric=rpr
2026-10-07T12:36:16Z  OBSERVE  frontend->cartservice  rpr=0.0000  low=33 high=0  attempts=3  state=ON  metric=rpr
2026-10-07T12:36:16Z  OBSERVE  frontend->checkoutservice  rpr=0.0000  low=32 high=0  attempts=3  state=ON  metric=rpr
2026-10-07T12:36:16Z  OBSERVE  frontend->currencyservice  rpr=0.0000  low=33 high=0  attempts=3  state=ON  metric=rpr
2026-10-07T12:36:16Z  OBSERVE  frontend->productcatalogservice  rpr=0.0000  low=33 high=0  attempts=3  state=ON  metric=rpr
2026-10-07T12:36:16Z  OBSERVE  frontend->recommendationservice  rpr=0.0000  low=33 high=0  attempts=3  state=ON  metric=rpr
2026-10-07T12:36:16Z  OBSERVE  frontend->shippingservice  rpr=0.0000  low=32 high=0  attempts=3  state=ON  metric=rpr
2026-10-07T12:36:16Z  OBSERVE  checkoutservice->cartservice  rpr=0.0000  low=31 high=0  attempts=3  state=ON  metric=rpr
2026-10-07T12:36:16Z  OBSERVE  checkoutservice->currencyservice  rpr=0.0000  low=31 high=0  attempts=3  state=ON  metric=rpr
2026-10-07T12:36:16Z  OBSERVE  checkoutservice->emailservice  rpr=0.0000  low=31 high=0  attempts=3  state=ON  metric=rpr
2026-10-07T12:36:16Z  OBSERVE  checkoutservice->paymentservice  rpr=0.0000  low=31 high=0  attempts=3  state=ON  metric=rpr
2026-10-07T12:36:16Z  OBSERVE  checkoutservice->shippingservice  rpr=0.0000  low=31 high=0  attempts=3  state=ON  metric=rpr
2026-10-07T12:36:16Z  OBSERVE  recommendationservice->productcatalogservice  rpr=0.0000  low=32 high=0  attempts=3  state=ON  metric=rpr
2026-10-07T12:36:17Z  OBSERVE  frontend->adservice  rpr=0.0000  low=33 high=0  attempts=3  state=ON  metric=rpr
2026-10-07T12:36:17Z  OBSERVE  frontend->cartservice  rpr=0.0000  low=34 high=0  attempts=3  state=ON  metric=rpr
2026-10-07T12:36:17Z  OBSERVE  frontend->checkoutservice  rpr=0.0000  low=33 high=0  attempts=3  state=ON  metric=rpr
2026-10-07T12:36:17Z  OBSERVE  frontend->currencyservice  rpr=0.0000  low=34 high=0  attempts=3  state=ON  metric=rpr
2026-10-07T12:36:17Z  OBSERVE  frontend->productcatalogservice  rpr=0.0000  low=34 high=0  attempts=3  state=ON  metric=rpr
2026-10-07T12:36:17Z  OBSERVE  frontend->recommendationservice  rpr=0.0000  low=34 high=0  attempts=3  state=ON  metric=rpr
2026-10-07T12:36:17Z  OBSERVE  frontend->shippingservice  rpr=0.0000  low=33 high=0  attempts=3  state=ON  metric=rpr
2026-10-07T12:36:17Z  OBSERVE  checkoutservice->cartservice  rpr=0.0000  low=32 high=0  attempts=3  state=ON  metric=rpr
2026-10-07T12:36:17Z  OBSERVE  checkoutservice->currencyservice  rpr=0.0000  low=32 high=0  attempts=3  state=ON  metric=rpr
2026-10-07T12:36:17Z  OBSERVE  checkoutservice->emailservice  rpr=0.0000  low=32 high=0  attempts=3  state=ON  metric=rpr
2026-10-07T12:36:17Z  OBSERVE  checkoutservice->paymentservice  rpr=0.0000  low=32 high=0  attempts=3  state=ON  metric=rpr
2026-10-07T12:36:17Z  OBSERVE  checkoutservice->shippingservice  rpr=0.0000  low=32 high=0  attempts=3  state=ON  metric=rpr
2026-10-07T12:36:17Z  OBSERVE  recommendationservice->productcatalogservice  rpr=0.0000  low=33 high=0  attempts=3  state=ON  metric=rpr
2026-10-07T12:36:18Z  OBSERVE  frontend->adservice  rpr=0.0000  low=34 high=0  attempts=3  state=ON  metric=rpr
2026-10-07T12:36:18Z  OBSERVE  frontend->cartservice  rpr=0.0000  low=35 high=0  attempts=3  state=ON  metric=rpr
2026-10-07T12:36:18Z  OBSERVE  frontend->checkoutservice  rpr=0.0000  low=34 high=0  attempts=3  state=ON  metric=rpr
2026-10-07T12:36:18Z  OBSERVE  frontend->currencyservice  rpr=0.0000  low=35 high=0  attempts=3  state=ON  metric=rpr
2026-10-07T12:36:18Z  OBSERVE  frontend->productcatalogservice  rpr=0.0000  low=35 high=0  attempts=3  state=ON  metric=rpr
2026-10-07T12:36:18Z  OBSERVE  frontend->recommendationservice  rpr=0.0000  low=35 high=0  attempts=3  state=ON  metric=rpr
2026-10-07T12:36:18Z  OBSERVE  frontend->shippingservice  rpr=0.0000  low=34 high=0  attempts=3  state=ON  metric=rpr
2026-10-07T12:36:18Z  OBSERVE  checkoutservice->cartservice  rpr=0.0000  low=33 high=0  attempts=3  state=ON  metric=rpr
2026-10-07T12:36:18Z  OBSERVE  checkoutservice->currencyservice  rpr=0.0000  low=33 high=0  attempts=3  state=ON  metric=rpr
2026-10-07T12:36:18Z  OBSERVE  checkoutservice->emailservice  rpr=0.0000  low=33 high=0  attempts=3  state=ON  metric=rpr
2026-10-07T12:36:18Z  OBSERVE  checkoutservice->paymentservice  rpr=0.0000  low=33 high=0  attempts=3  state=ON  metric=rpr
2026-10-07T12:36:18Z  OBSERVE  checkoutservice->shippingservice  rpr=0.0000  low=33 high=0  attempts=3  state=ON  metric=rpr
2026-10-07T12:36:18Z  OBSERVE  recommendationservice->productcatalogservice  rpr=0.0000  low=34 high=0  attempts=3  state=ON  metric=rpr
2026-10-07T12:36:19Z  OBSERVE  frontend->adservice  rpr=0.0000  low=35 high=0  attempts=3  state=ON  metric=rpr
2026-10-07T12:36:19Z  OBSERVE  frontend->cartservice  rpr=0.0000  low=36 high=0  attempts=3  state=ON  metric=rpr
2026-10-07T12:36:19Z  OBSERVE  frontend->checkoutservice  rpr=0.0000  low=35 high=0  attempts=3  state=ON  metric=rpr
2026-10-07T12:36:19Z  OBSERVE  frontend->currencyservice  rpr=0.0000  low=36 high=0  attempts=3  state=ON  metric=rpr
2026-10-07T12:36:19Z  OBSERVE  frontend->productcatalogservice  rpr=0.0000  low=36 high=0  attempts=3  state=ON  metric=rpr
2026-10-07T12:36:19Z  OBSERVE  frontend->recommendationservice  rpr=0.0000  low=36 high=0  attempts=3  state=ON  metric=rpr
2026-10-07T12:36:19Z  OBSERVE  frontend->shippingservice  rpr=0.0000  low=35 high=0  attempts=3  state=ON  metric=rpr
2026-10-07T12:36:19Z  OBSERVE  checkoutservice->cartservice  rpr=0.0000  low=34 high=0  attempts=3  state=ON  metric=rpr
2026-10-07T12:36:19Z  OBSERVE  checkoutservice->currencyservice  rpr=0.0000  low=34 high=0  attempts=3  state=ON  metric=rpr
2026-10-07T12:36:19Z  OBSERVE  checkoutservice->emailservice  rpr=0.0000  low=34 high=0  attempts=3  state=ON  metric=rpr
2026-10-07T12:36:19Z  OBSERVE  checkoutservice->paymentservice  rpr=0.0000  low=34 high=0  attempts=3  state=ON  metric=rpr
2026-10-07T12:36:19Z  OBSERVE  checkoutservice->shippingservice  rpr=0.0000  low=34 high=0  attempts=3  state=ON  metric=rpr
2026-10-07T12:36:19Z  OBSERVE  recommendationservice->productcatalogservice  rpr=0.0000  low=35 high=0  attempts=3  state=ON  metric=rpr
2026-10-07T12:36:20Z  OBSERVE  frontend->adservice  rpr=0.0000  low=36 high=0  attempts=3  state=ON  metric=rpr
2026-10-07T12:36:20Z  OBSERVE  frontend->cartservice  rpr=0.0000  low=37 high=0  attempts=3  state=ON  metric=rpr
2026-10-07T12:36:20Z  OBSERVE  frontend->checkoutservice  rpr=0.0000  low=36 high=0  attempts=3  state=ON  metric=rpr
2026-10-07T12:36:20Z  OBSERVE  frontend->currencyservice  rpr=0.0000  low=37 high=0  attempts=3  state=ON  metric=rpr
2026-10-07T12:36:20Z  OBSERVE  frontend->productcatalogservice  rpr=0.0000  low=37 high=0  attempts=3  state=ON  metric=rpr
2026-10-07T12:36:20Z  OBSERVE  frontend->recommendationservice  rpr=0.0000  low=37 high=0  attempts=3  state=ON  metric=rpr
2026-10-07T12:36:20Z  OBSERVE  frontend->shippingservice  rpr=0.0000  low=36 high=0  attempts=3  state=ON  metric=rpr
2026-10-07T12:36:20Z  OBSERVE  checkoutservice->cartservice  rpr=0.0000  low=35 high=0  attempts=3  state=ON  metric=rpr
2026-10-07T12:36:20Z  OBSERVE  checkoutservice->currencyservice  rpr=0.0000  low=35 high=0  attempts=3  state=ON  metric=rpr
2026-10-07T12:36:20Z  OBSERVE  checkoutservice->emailservice  rpr=0.0000  low=35 high=0  attempts=3  state=ON  metric=rpr
2026-10-07T12:36:20Z  OBSERVE  checkoutservice->paymentservice  rpr=0.0000  low=35 high=0  attempts=3  state=ON  metric=rpr
2026-10-07T12:36:20Z  OBSERVE  checkoutservice->shippingservice  rpr=0.0000  low=35 high=0  attempts=3  state=ON  metric=rpr
2026-10-07T12:36:20Z  OBSERVE  recommendationservice->productcatalogservice  rpr=0.0000  low=36 high=0  attempts=3  state=ON  metric=rpr
2026-10-07T12:36:21Z  OBSERVE  frontend->adservice  rpr=0.0000  low=37 high=0  attempts=3  state=ON  metric=rpr
2026-10-07T12:36:21Z  OBSERVE  frontend->cartservice  rpr=0.0000  low=38 high=0  attempts=3  state=ON  metric=rpr
2026-10-07T12:36:21Z  OBSERVE  frontend->checkoutservice  rpr=0.0000  low=37 high=0  attempts=3  state=ON  metric=rpr
2026-10-07T12:36:21Z  OBSERVE  frontend->currencyservice  rpr=0.0000  low=38 high=0  attempts=3  state=ON  metric=rpr
2026-10-07T12:36:21Z  OBSERVE  frontend->productcatalogservice  rpr=0.0000  low=38 high=0  attempts=3  state=ON  metric=rpr
2026-10-07T12:36:21Z  OBSERVE  frontend->recommendationservice  rpr=0.0000  low=38 high=0  attempts=3  state=ON  metric=rpr
2026-10-07T12:36:21Z  OBSERVE  frontend->shippingservice  rpr=0.0000  low=37 high=0  attempts=3  state=ON  metric=rpr
2026-10-07T12:36:21Z  OBSERVE  checkoutservice->cartservice  rpr=0.0000  low=36 high=0  attempts=3  state=ON  metric=rpr
2026-10-07T12:36:21Z  OBSERVE  checkoutservice->currencyservice  rpr=0.0000  low=36 high=0  attempts=3  state=ON  metric=rpr
2026-10-07T12:36:21Z  OBSERVE  checkoutservice->emailservice  rpr=0.0000  low=36 high=0  attempts=3  state=ON  metric=rpr
2026-10-07T12:36:21Z  OBSERVE  checkoutservice->paymentservice  rpr=0.0000  low=36 high=0  attempts=3  state=ON  metric=rpr
2026-10-07T12:36:21Z  OBSERVE  checkoutservice->shippingservice  rpr=0.0000  low=36 high=0  attempts=3  state=ON  metric=rpr
2026-10-07T12:36:21Z  OBSERVE  recommendationservice->productcatalogservice  rpr=0.0000  low=37 high=0  attempts=3  state=ON  metric=rpr
2026-10-07T12:36:22Z  OBSERVE  frontend->adservice  rpr=0.0000  low=38 high=0  attempts=3  state=ON  metric=rpr
2026-10-07T12:36:22Z  OBSERVE  frontend->cartservice  rpr=0.0000  low=39 high=0  attempts=3  state=ON  metric=rpr
2026-10-07T12:36:22Z  OBSERVE  frontend->checkoutservice  rpr=0.0000  low=38 high=0  attempts=3  state=ON  metric=rpr
2026-10-07T12:36:22Z  OBSERVE  frontend->currencyservice  rpr=0.0000  low=39 high=0  attempts=3  state=ON  metric=rpr
2026-10-07T12:36:22Z  OBSERVE  frontend->productcatalogservice  rpr=0.0000  low=39 high=0  attempts=3  state=ON  metric=rpr
2026-10-07T12:36:22Z  OBSERVE  frontend->recommendationservice  rpr=0.0000  low=39 high=0  attempts=3  state=ON  metric=rpr
2026-10-07T12:36:22Z  OBSERVE  frontend->shippingservice  rpr=0.0000  low=38 high=0  attempts=3  state=ON  metric=rpr
2026-10-07T12:36:22Z  OBSERVE  checkoutservice->cartservice  rpr=0.0000  low=37 high=0  attempts=3  state=ON  metric=rpr
2026-10-07T12:36:22Z  OBSERVE  checkoutservice->currencyservice  rpr=0.0000  low=37 high=0  attempts=3  state=ON  metric=rpr
2026-10-07T12:36:22Z  OBSERVE  checkoutservice->emailservice  rpr=0.0000  low=37 high=0  attempts=3  state=ON  metric=rpr
2026-10-07T12:36:22Z  OBSERVE  checkoutservice->paymentservice  rpr=0.0000  low=37 high=0  attempts=3  state=ON  metric=rpr
2026-10-07T12:36:22Z  OBSERVE  checkoutservice->shippingservice  rpr=0.0000  low=37 high=0  attempts=3  state=ON  metric=rpr
2026-10-07T12:36:22Z  OBSERVE  recommendationservice->productcatalogservice  rpr=0.0000  low=38 high=0  attempts=3  state=ON  metric=rpr
2026-10-07T12:36:23Z  OBSERVE  frontend->adservice  rpr=0.0000  low=39 high=0  attempts=3  state=ON  metric=rpr
2026-10-07T12:36:23Z  OBSERVE  frontend->cartservice  rpr=0.0000  low=40 high=0  attempts=3  state=ON  metric=rpr
2026-10-07T12:36:23Z  OBSERVE  frontend->checkoutservice  rpr=0.0000  low=39 high=0  attempts=3  state=ON  metric=rpr
2026-10-07T12:36:23Z  OBSERVE  frontend->currencyservice  rpr=0.0000  low=40 high=0  attempts=3  state=ON  metric=rpr
2026-10-07T12:36:23Z  OBSERVE  frontend->productcatalogservice  rpr=0.0000  low=40 high=0  attempts=3  state=ON  metric=rpr
2026-10-07T12:36:23Z  OBSERVE  frontend->recommendationservice  rpr=0.0000  low=40 high=0  attempts=3  state=ON  metric=rpr
2026-10-07T12:36:23Z  OBSERVE  frontend->shippingservice  rpr=0.0000  low=39 high=0  attempts=3  state=ON  metric=rpr
2026-10-07T12:36:23Z  OBSERVE  checkoutservice->cartservice  rpr=0.0000  low=38 high=0  attempts=3  state=ON  metric=rpr
2026-10-07T12:36:23Z  OBSERVE  checkoutservice->currencyservice  rpr=0.0000  low=38 high=0  attempts=3  state=ON  metric=rpr
2026-10-07T12:36:23Z  OBSERVE  checkoutservice->emailservice  rpr=0.0000  low=38 high=0  attempts=3  state=ON  metric=rpr
2026-10-07T12:36:23Z  OBSERVE  checkoutservice->paymentservice  rpr=0.0000  low=38 high=0  attempts=3  state=ON  metric=rpr
2026-10-07T12:36:23Z  OBSERVE  checkoutservice->shippingservice  rpr=0.0000  low=38 high=0  attempts=3  state=ON  metric=rpr
2026-10-07T12:36:23Z  OBSERVE  recommendationservice->productcatalogservice  rpr=0.0000  low=39 high=0  attempts=3  state=ON  metric=rpr
2026-10-07T12:36:24Z  OBSERVE  frontend->adservice  rpr=0.0000  low=40 high=0  attempts=3  state=ON  metric=rpr
2026-10-07T12:36:24Z  OBSERVE  frontend->cartservice  rpr=0.0000  low=41 high=0  attempts=3  state=ON  metric=rpr
2026-10-07T12:36:24Z  OBSERVE  frontend->checkoutservice  rpr=0.0000  low=40 high=0  attempts=3  state=ON  metric=rpr
2026-10-07T12:36:24Z  OBSERVE  frontend->currencyservice  rpr=0.0000  low=41 high=0  attempts=3  state=ON  metric=rpr
2026-10-07T12:36:24Z  OBSERVE  frontend->productcatalogservice  rpr=0.0000  low=41 high=0  attempts=3  state=ON  metric=rpr
2026-10-07T12:36:24Z  OBSERVE  frontend->recommendationservice  rpr=0.0000  low=41 high=0  attempts=3  state=ON  metric=rpr
2026-10-07T12:36:24Z  OBSERVE  frontend->shippingservice  rpr=0.0000  low=40 high=0  attempts=3  state=ON  metric=rpr
2026-10-07T12:36:24Z  OBSERVE  checkoutservice->cartservice  rpr=0.0000  low=39 high=0  attempts=3  state=ON  metric=rpr
2026-10-07T12:36:24Z  OBSERVE  checkoutservice->currencyservice  rpr=0.0000  low=39 high=0  attempts=3  state=ON  metric=rpr
2026-10-07T12:36:24Z  OBSERVE  checkoutservice->emailservice  rpr=0.0000  low=39 high=0  attempts=3  state=ON  metric=rpr
2026-10-07T12:36:24Z  OBSERVE  checkoutservice->paymentservice  rpr=0.0000  low=39 high=0  attempts=3  state=ON  metric=rpr
2026-10-07T12:36:24Z  OBSERVE  checkoutservice->shippingservice  rpr=0.0000  low=39 high=0  attempts=3  state=ON  metric=rpr
2026-10-07T12:36:24Z  OBSERVE  recommendationservice->productcatalogservice  rpr=0.0000  low=40 high=0  attempts=3  state=ON  metric=rpr
2026-10-07T12:36:25Z  OBSERVE  frontend->adservice  rpr=0.0000  low=41 high=0  attempts=3  state=ON  metric=rpr
2026-10-07T12:36:25Z  OBSERVE  frontend->cartservice  rpr=0.0000  low=42 high=0  attempts=3  state=ON  metric=rpr
2026-10-07T12:36:25Z  OBSERVE  frontend->checkoutservice  rpr=0.0000  low=41 high=0  attempts=3  state=ON  metric=rpr
2026-10-07T12:36:25Z  OBSERVE  frontend->currencyservice  rpr=0.0000  low=42 high=0  attempts=3  state=ON  metric=rpr
2026-10-07T12:36:25Z  OBSERVE  frontend->productcatalogservice  rpr=0.0000  low=42 high=0  attempts=3  state=ON  metric=rpr
2026-10-07T12:36:25Z  OBSERVE  frontend->recommendationservice  rpr=0.0000  low=42 high=0  attempts=3  state=ON  metric=rpr
2026-10-07T12:36:25Z  OBSERVE  frontend->shippingservice  rpr=0.0000  low=41 high=0  attempts=3  state=ON  metric=rpr
2026-10-07T12:36:25Z  OBSERVE  checkoutservice->cartservice  rpr=0.0000  low=40 high=0  attempts=3  state=ON  metric=rpr
2026-10-07T12:36:25Z  OBSERVE  checkoutservice->currencyservice  rpr=0.0000  low=40 high=0  attempts=3  state=ON  metric=rpr
2026-10-07T12:36:25Z  OBSERVE  checkoutservice->emailservice  rpr=0.0000  low=40 high=0  attempts=3  state=ON  metric=rpr
2026-10-07T12:36:25Z  OBSERVE  checkoutservice->paymentservice  rpr=0.0000  low=40 high=0  attempts=3  state=ON  metric=rpr
2026-10-07T12:36:25Z  OBSERVE  checkoutservice->shippingservice  rpr=0.0000  low=40 high=0  attempts=3  state=ON  metric=rpr
2026-10-07T12:36:25Z  OBSERVE  recommendationservice->productcatalogservice  rpr=0.0000  low=41 high=0  attempts=3  state=ON  metric=rpr
2026-10-07T12:36:26Z  OBSERVE  frontend->adservice  rpr=0.0000  low=42 high=0  attempts=3  state=ON  metric=rpr
2026-10-07T12:36:26Z  OBSERVE  frontend->cartservice  rpr=0.0000  low=43 high=0  attempts=3  state=ON  metric=rpr
2026-10-07T12:36:26Z  OBSERVE  frontend->checkoutservice  rpr=0.0000  low=42 high=0  attempts=3  state=ON  metric=rpr
2026-10-07T12:36:26Z  OBSERVE  frontend->currencyservice  rpr=0.0000  low=43 high=0  attempts=3  state=ON  metric=rpr
2026-10-07T12:36:26Z  OBSERVE  frontend->productcatalogservice  rpr=0.0000  low=43 high=0  attempts=3  state=ON  metric=rpr
2026-10-07T12:36:26Z  OBSERVE  frontend->recommendationservice  rpr=0.0000  low=43 high=0  attempts=3  state=ON  metric=rpr
2026-10-07T12:36:26Z  OBSERVE  frontend->shippingservice  rpr=0.0000  low=42 high=0  attempts=3  state=ON  metric=rpr
2026-10-07T12:36:26Z  OBSERVE  checkoutservice->cartservice  rpr=0.0000  low=41 high=0  attempts=3  state=ON  metric=rpr
2026-10-07T12:36:26Z  OBSERVE  checkoutservice->currencyservice  rpr=0.0000  low=41 high=0  attempts=3  state=ON  metric=rpr
2026-10-07T12:36:26Z  OBSERVE  checkoutservice->emailservice  rpr=0.0000  low=41 high=0  attempts=3  state=ON  metric=rpr
2026-10-07T12:36:26Z  OBSERVE  checkoutservice->paymentservice  rpr=0.0000  low=41 high=0  attempts=3  state=ON  metric=rpr
2026-10-07T12:36:26Z  OBSERVE  checkoutservice->shippingservice  rpr=0.0000  low=41 high=0  attempts=3  state=ON  metric=rpr
2026-10-07T12:36:26Z  OBSERVE  recommendationservice->productcatalogservice  rpr=0.0000  low=42 high=0  attempts=3  state=ON  metric=rpr
2026-10-07T12:36:27Z  OBSERVE  frontend->adservice  rpr=0.0000  low=43 high=0  attempts=3  state=ON  metric=rpr
2026-10-07T12:36:27Z  OBSERVE  frontend->cartservice  rpr=0.0000  low=44 high=0  attempts=3  state=ON  metric=rpr
2026-10-07T12:36:27Z  OBSERVE  frontend->checkoutservice  rpr=0.0000  low=43 high=0  attempts=3  state=ON  metric=rpr
2026-10-07T12:36:27Z  OBSERVE  frontend->currencyservice  rpr=0.0000  low=44 high=0  attempts=3  state=ON  metric=rpr
2026-10-07T12:36:27Z  OBSERVE  frontend->productcatalogservice  rpr=0.0000  low=44 high=0  attempts=3  state=ON  metric=rpr
2026-10-07T12:36:27Z  OBSERVE  frontend->recommendationservice  rpr=0.0000  low=44 high=0  attempts=3  state=ON  metric=rpr
2026-10-07T12:36:27Z  OBSERVE  frontend->shippingservice  rpr=0.0000  low=43 high=0  attempts=3  state=ON  metric=rpr
2026-10-07T12:36:27Z  OBSERVE  checkoutservice->cartservice  rpr=0.0000  low=42 high=0  attempts=3  state=ON  metric=rpr
2026-10-07T12:36:27Z  OBSERVE  checkoutservice->currencyservice  rpr=0.0000  low=42 high=0  attempts=3  state=ON  metric=rpr
2026-10-07T12:36:27Z  OBSERVE  checkoutservice->emailservice  rpr=0.0000  low=42 high=0  attempts=3  state=ON  metric=rpr
2026-10-07T12:36:27Z  OBSERVE  checkoutservice->paymentservice  rpr=0.0000  low=42 high=0  attempts=3  state=ON  metric=rpr
2026-10-07T12:36:27Z  OBSERVE  checkoutservice->shippingservice  rpr=0.0000  low=42 high=0  attempts=3  state=ON  metric=rpr
2026-10-07T12:36:27Z  OBSERVE  recommendationservice->productcatalogservice  rpr=0.0000  low=43 high=0  attempts=3  state=ON  metric=rpr
2026-10-07T12:36:28Z  OBSERVE  frontend->adservice  rpr=0.0000  low=44 high=0  attempts=3  state=ON  metric=rpr
2026-10-07T12:36:28Z  OBSERVE  frontend->cartservice  rpr=0.0000  low=45 high=0  attempts=3  state=ON  metric=rpr
2026-10-07T12:36:28Z  OBSERVE  frontend->checkoutservice  rpr=0.0000  low=44 high=0  attempts=3  state=ON  metric=rpr
2026-10-07T12:36:28Z  OBSERVE  frontend->currencyservice  rpr=0.0000  low=45 high=0  attempts=3  state=ON  metric=rpr
2026-10-07T12:36:28Z  OBSERVE  frontend->productcatalogservice  rpr=0.0000  low=45 high=0  attempts=3  state=ON  metric=rpr
2026-10-07T12:36:28Z  OBSERVE  frontend->recommendationservice  rpr=0.0000  low=45 high=0  attempts=3  state=ON  metric=rpr
2026-10-07T12:36:28Z  OBSERVE  frontend->shippingservice  rpr=0.0000  low=44 high=0  attempts=3  state=ON  metric=rpr
2026-10-07T12:36:28Z  OBSERVE  checkoutservice->cartservice  rpr=0.0000  low=43 high=0  attempts=3  state=ON  metric=rpr
2026-10-07T12:36:28Z  OBSERVE  checkoutservice->currencyservice  rpr=0.0000  low=43 high=0  attempts=3  state=ON  metric=rpr
2026-10-07T12:36:28Z  OBSERVE  checkoutservice->emailservice  rpr=0.0000  low=43 high=0  attempts=3  state=ON  metric=rpr
2026-10-07T12:36:28Z  OBSERVE  checkoutservice->paymentservice  rpr=0.0000  low=43 high=0  attempts=3  state=ON  metric=rpr
2026-10-07T12:36:28Z  OBSERVE  checkoutservice->shippingservice  rpr=0.0000  low=43 high=0  attempts=3  state=ON  metric=rpr
2026-10-07T12:36:28Z  OBSERVE  recommendationservice->productcatalogservice  rpr=0.0000  low=44 high=0  attempts=3  state=ON  metric=rpr
2026-10-07T12:36:29Z  OBSERVE  frontend->adservice  rpr=0.0000  low=45 high=0  attempts=3  state=ON  metric=rpr
2026-10-07T12:36:29Z  OBSERVE  frontend->cartservice  rpr=0.0000  low=46 high=0  attempts=3  state=ON  metric=rpr
2026-10-07T12:36:29Z  OBSERVE  frontend->checkoutservice  rpr=0.0000  low=45 high=0  attempts=3  state=ON  metric=rpr
2026-10-07T12:36:29Z  OBSERVE  frontend->currencyservice  rpr=0.0000  low=46 high=0  attempts=3  state=ON  metric=rpr
2026-10-07T12:36:29Z  OBSERVE  frontend->productcatalogservice  rpr=0.0000  low=46 high=0  attempts=3  state=ON  metric=rpr
2026-10-07T12:36:29Z  OBSERVE  frontend->recommendationservice  rpr=0.0000  low=46 high=0  attempts=3  state=ON  metric=rpr
2026-10-07T12:36:29Z  OBSERVE  frontend->shippingservice  rpr=0.0000  low=45 high=0  attempts=3  state=ON  metric=rpr
2026-10-07T12:36:29Z  OBSERVE  checkoutservice->cartservice  rpr=0.0000  low=44 high=0  attempts=3  state=ON  metric=rpr
2026-10-07T12:36:29Z  OBSERVE  checkoutservice->currencyservice  rpr=0.0000  low=44 high=0  attempts=3  state=ON  metric=rpr
2026-10-07T12:36:29Z  OBSERVE  checkoutservice->emailservice  rpr=0.0000  low=44 high=0  attempts=3  state=ON  metric=rpr
2026-10-07T12:36:29Z  OBSERVE  checkoutservice->paymentservice  rpr=0.0000  low=44 high=0  attempts=3  state=ON  metric=rpr
2026-10-07T12:36:29Z  OBSERVE  checkoutservice->shippingservice  rpr=0.0000  low=44 high=0  attempts=3  state=ON  metric=rpr
2026-10-07T12:36:29Z  OBSERVE  recommendationservice->productcatalogservice  rpr=0.0000  low=45 high=0  attempts=3  state=ON  metric=rpr
2026-10-07T12:36:30Z  OBSERVE  frontend->adservice  rpr=0.0000  low=46 high=0  attempts=3  state=ON  metric=rpr
2026-10-07T12:36:30Z  OBSERVE  frontend->cartservice  rpr=0.0000  low=47 high=0  attempts=3  state=ON  metric=rpr
2026-10-07T12:36:30Z  OBSERVE  frontend->checkoutservice  rpr=0.0000  low=46 high=0  attempts=3  state=ON  metric=rpr
2026-10-07T12:36:30Z  OBSERVE  frontend->currencyservice  rpr=0.0000  low=47 high=0  attempts=3  state=ON  metric=rpr
2026-10-07T12:36:30Z  OBSERVE  frontend->productcatalogservice  rpr=0.0000  low=47 high=0  attempts=3  state=ON  metric=rpr
2026-10-07T12:36:30Z  OBSERVE  frontend->recommendationservice  rpr=0.0000  low=47 high=0  attempts=3  state=ON  metric=rpr
2026-10-07T12:36:30Z  OBSERVE  frontend->shippingservice  rpr=0.0000  low=46 high=0  attempts=3  state=ON  metric=rpr
2026-10-07T12:36:30Z  OBSERVE  checkoutservice->cartservice  rpr=0.0000  low=45 high=0  attempts=3  state=ON  metric=rpr
2026-10-07T12:36:30Z  OBSERVE  checkoutservice->currencyservice  rpr=0.0000  low=45 high=0  attempts=3  state=ON  metric=rpr
2026-10-07T12:36:30Z  OBSERVE  checkoutservice->emailservice  rpr=0.0000  low=45 high=0  attempts=3  state=ON  metric=rpr
2026-10-07T12:36:30Z  OBSERVE  checkoutservice->paymentservice  rpr=0.0000  low=45 high=0  attempts=3  state=ON  metric=rpr
2026-10-07T12:36:30Z  OBSERVE  checkoutservice->shippingservice  rpr=0.0000  low=45 high=0  attempts=3  state=ON  metric=rpr
2026-10-07T12:36:30Z  OBSERVE  recommendationservice->productcatalogservice  rpr=0.0000  low=46 high=0  attempts=3  state=ON  metric=rpr
2026-10-07T12:36:31Z  OBSERVE  frontend->adservice  rpr=0.0000  low=47 high=0  attempts=3  state=ON  metric=rpr
2026-10-07T12:36:31Z  OBSERVE  frontend->cartservice  rpr=0.0000  low=48 high=0  attempts=3  state=ON  metric=rpr
2026-10-07T12:36:31Z  OBSERVE  frontend->checkoutservice  rpr=0.0238  low=47 high=0  attempts=3  state=ON  metric=rpr
2026-10-07T12:36:31Z  OBSERVE  frontend->currencyservice  rpr=0.0000  low=48 high=0  attempts=3  state=ON  metric=rpr
2026-10-07T12:36:31Z  OBSERVE  frontend->productcatalogservice  rpr=0.0000  low=48 high=0  attempts=3  state=ON  metric=rpr
2026-10-07T12:36:31Z  OBSERVE  frontend->recommendationservice  rpr=0.0000  low=48 high=0  attempts=3  state=ON  metric=rpr
2026-10-07T12:36:31Z  OBSERVE  frontend->shippingservice  rpr=0.0000  low=47 high=0  attempts=3  state=ON  metric=rpr
2026-10-07T12:36:31Z  OBSERVE  checkoutservice->cartservice  rpr=0.0000  low=46 high=0  attempts=3  state=ON  metric=rpr
2026-10-07T12:36:31Z  OBSERVE  checkoutservice->currencyservice  rpr=0.0000  low=46 high=0  attempts=3  state=ON  metric=rpr
2026-10-07T12:36:31Z  OBSERVE  checkoutservice->emailservice  rpr=0.0000  low=46 high=0  attempts=3  state=ON  metric=rpr
2026-10-07T12:36:31Z  OBSERVE  checkoutservice->paymentservice  rpr=0.0000  low=46 high=0  attempts=3  state=ON  metric=rpr
2026-10-07T12:36:31Z  OBSERVE  checkoutservice->shippingservice  rpr=0.0000  low=46 high=0  attempts=3  state=ON  metric=rpr
2026-10-07T12:36:31Z  OBSERVE  recommendationservice->productcatalogservice  rpr=0.0000  low=47 high=0  attempts=3  state=ON  metric=rpr
2026-10-07T12:36:32Z  OBSERVE  frontend->adservice  rpr=0.0000  low=48 high=0  attempts=3  state=ON  metric=rpr
2026-10-07T12:36:32Z  OBSERVE  frontend->cartservice  rpr=0.0000  low=49 high=0  attempts=3  state=ON  metric=rpr
2026-10-07T12:36:32Z  OBSERVE  frontend->checkoutservice  rpr=1.5893  low=0 high=1  attempts=3  state=ON  metric=rpr
2026-10-07T12:36:32Z  OBSERVE  frontend->currencyservice  rpr=0.0000  low=49 high=0  attempts=3  state=ON  metric=rpr
2026-10-07T12:36:32Z  OBSERVE  frontend->productcatalogservice  rpr=0.0000  low=49 high=0  attempts=3  state=ON  metric=rpr
2026-10-07T12:36:32Z  OBSERVE  frontend->recommendationservice  rpr=0.0000  low=49 high=0  attempts=3  state=ON  metric=rpr
2026-10-07T12:36:32Z  OBSERVE  frontend->shippingservice  rpr=0.0000  low=48 high=0  attempts=3  state=ON  metric=rpr
2026-10-07T12:36:32Z  OBSERVE  checkoutservice->cartservice  rpr=0.0000  low=47 high=0  attempts=3  state=ON  metric=rpr
2026-10-07T12:36:32Z  OBSERVE  checkoutservice->currencyservice  rpr=0.0000  low=47 high=0  attempts=3  state=ON  metric=rpr
2026-10-07T12:36:32Z  OBSERVE  checkoutservice->emailservice  rpr=0.0000  low=47 high=0  attempts=3  state=ON  metric=rpr
2026-10-07T12:36:32Z  OBSERVE  checkoutservice->paymentservice  rpr=0.0000  low=47 high=0  attempts=3  state=ON  metric=rpr
2026-10-07T12:36:32Z  OBSERVE  checkoutservice->shippingservice  rpr=0.0000  low=47 high=0  attempts=3  state=ON  metric=rpr
2026-10-07T12:36:32Z  OBSERVE  recommendationservice->productcatalogservice  rpr=0.0000  low=48 high=0  attempts=3  state=ON  metric=rpr
2026-10-07T12:36:33Z  OBSERVE  frontend->adservice  rpr=0.0000  low=49 high=0  attempts=3  state=ON  metric=rpr
2026-10-07T12:36:33Z  OBSERVE  frontend->cartservice  rpr=0.0000  low=50 high=0  attempts=3  state=ON  metric=rpr
2026-10-07T12:36:33Z  OBSERVE  frontend->checkoutservice  rpr=2.3261  low=0 high=2  attempts=3  state=ON  metric=rpr
2026-10-07T12:36:33Z  OBSERVE  frontend->currencyservice  rpr=0.0000  low=50 high=0  attempts=3  state=ON  metric=rpr
2026-10-07T12:36:33Z  OBSERVE  frontend->productcatalogservice  rpr=0.0000  low=50 high=0  attempts=3  state=ON  metric=rpr
2026-10-07T12:36:33Z  OBSERVE  frontend->recommendationservice  rpr=0.0000  low=50 high=0  attempts=3  state=ON  metric=rpr
2026-10-07T12:36:33Z  OBSERVE  frontend->shippingservice  rpr=0.0000  low=49 high=0  attempts=3  state=ON  metric=rpr
2026-10-07T12:36:33Z  OBSERVE  checkoutservice->cartservice  rpr=0.0000  low=48 high=0  attempts=3  state=ON  metric=rpr
2026-10-07T12:36:33Z  OBSERVE  checkoutservice->currencyservice  rpr=0.0000  low=48 high=0  attempts=3  state=ON  metric=rpr
2026-10-07T12:36:33Z  OBSERVE  checkoutservice->emailservice  rpr=0.0000  low=48 high=0  attempts=3  state=ON  metric=rpr
2026-10-07T12:36:33Z  OBSERVE  checkoutservice->paymentservice  rpr=0.0000  low=48 high=0  attempts=3  state=ON  metric=rpr
2026-10-07T12:36:33Z  OBSERVE  checkoutservice->shippingservice  rpr=0.0000  low=48 high=0  attempts=3  state=ON  metric=rpr
2026-10-07T12:36:33Z  OBSERVE  recommendationservice->productcatalogservice  rpr=0.0000  low=49 high=0  attempts=3  state=ON  metric=rpr
2026-10-07T12:36:34Z  OBSERVE  frontend->adservice  rpr=0.0000  low=50 high=0  attempts=3  state=ON  metric=rpr
2026-10-07T12:36:34Z  OBSERVE  frontend->cartservice  rpr=0.0000  low=51 high=0  attempts=3  state=ON  metric=rpr
2026-10-07T12:36:34Z  OBSERVE  frontend->checkoutservice  rpr=2.1875  low=0 high=3  attempts=3  state=ON  metric=rpr
2026-10-07T12:36:34Z  OBSERVE  frontend->currencyservice  rpr=0.0000  low=51 high=0  attempts=3  state=ON  metric=rpr
2026-10-07T12:36:34Z  OBSERVE  frontend->productcatalogservice  rpr=0.0000  low=51 high=0  attempts=3  state=ON  metric=rpr
2026-10-07T12:36:34Z  OBSERVE  frontend->recommendationservice  rpr=0.0000  low=51 high=0  attempts=3  state=ON  metric=rpr
2026-10-07T12:36:34Z  OBSERVE  frontend->shippingservice  rpr=0.0000  low=50 high=0  attempts=3  state=ON  metric=rpr
2026-10-07T12:36:34Z  OBSERVE  checkoutservice->cartservice  rpr=0.0000  low=49 high=0  attempts=3  state=ON  metric=rpr
2026-10-07T12:36:34Z  OBSERVE  checkoutservice->currencyservice  rpr=0.0000  low=49 high=0  attempts=3  state=ON  metric=rpr
2026-10-07T12:36:34Z  OBSERVE  checkoutservice->emailservice  rpr=0.0000  low=49 high=0  attempts=3  state=ON  metric=rpr
2026-10-07T12:36:34Z  OBSERVE  checkoutservice->paymentservice  rpr=0.0000  low=49 high=0  attempts=3  state=ON  metric=rpr
2026-10-07T12:36:34Z  OBSERVE  checkoutservice->shippingservice  rpr=0.0000  low=49 high=0  attempts=3  state=ON  metric=rpr
2026-10-07T12:36:34Z  OBSERVE  recommendationservice->productcatalogservice  rpr=0.0000  low=50 high=0  attempts=3  state=ON  metric=rpr
2026-10-07T12:36:35Z  OBSERVE  frontend->adservice  rpr=0.0000  low=51 high=0  attempts=3  state=ON  metric=rpr
2026-10-07T12:36:35Z  OBSERVE  frontend->cartservice  rpr=0.0000  low=52 high=0  attempts=3  state=ON  metric=rpr
2026-10-07T12:36:35Z  OBSERVE  frontend->checkoutservice  rpr=2.8333  low=0 high=4  attempts=3  state=ON  metric=rpr
2026-10-07T12:36:35Z  OBSERVE  frontend->currencyservice  rpr=0.0000  low=52 high=0  attempts=3  state=ON  metric=rpr
2026-10-07T12:36:35Z  OBSERVE  frontend->productcatalogservice  rpr=0.0000  low=52 high=0  attempts=3  state=ON  metric=rpr
2026-10-07T12:36:35Z  OBSERVE  frontend->recommendationservice  rpr=0.0000  low=52 high=0  attempts=3  state=ON  metric=rpr
2026-10-07T12:36:35Z  OBSERVE  frontend->shippingservice  rpr=0.0000  low=51 high=0  attempts=3  state=ON  metric=rpr
2026-10-07T12:36:35Z  OBSERVE  checkoutservice->cartservice  rpr=0.0000  low=50 high=0  attempts=3  state=ON  metric=rpr
2026-10-07T12:36:35Z  OBSERVE  checkoutservice->currencyservice  rpr=0.0000  low=50 high=0  attempts=3  state=ON  metric=rpr
2026-10-07T12:36:35Z  OBSERVE  checkoutservice->emailservice  rpr=0.0000  low=50 high=0  attempts=3  state=ON  metric=rpr
2026-10-07T12:36:35Z  OBSERVE  checkoutservice->paymentservice  rpr=0.0000  low=50 high=0  attempts=3  state=ON  metric=rpr
2026-10-07T12:36:35Z  OBSERVE  checkoutservice->shippingservice  rpr=0.0000  low=50 high=0  attempts=3  state=ON  metric=rpr
2026-10-07T12:36:35Z  OBSERVE  recommendationservice->productcatalogservice  rpr=0.0000  low=51 high=0  attempts=3  state=ON  metric=rpr
2026-10-07T12:36:36Z  OBSERVE  frontend->adservice  rpr=0.0000  low=52 high=0  attempts=3  state=ON  metric=rpr
2026-10-07T12:36:36Z  OBSERVE  frontend->cartservice  rpr=0.0000  low=53 high=0  attempts=3  state=ON  metric=rpr
2026-10-07T12:36:36Z  OBSERVE  frontend->checkoutservice  rpr=1.6727  low=0 high=5  attempts=3  state=ON  metric=rpr
2026-10-07T12:36:36Z  OBSERVE  frontend->currencyservice  rpr=0.0000  low=53 high=0  attempts=3  state=ON  metric=rpr
2026-10-07T12:36:36Z  OBSERVE  frontend->productcatalogservice  rpr=0.0000  low=53 high=0  attempts=3  state=ON  metric=rpr
2026-10-07T12:36:36Z  OBSERVE  frontend->recommendationservice  rpr=0.0000  low=53 high=0  attempts=3  state=ON  metric=rpr
2026-10-07T12:36:36Z  OBSERVE  frontend->shippingservice  rpr=0.0000  low=52 high=0  attempts=3  state=ON  metric=rpr
2026-10-07T12:36:36Z  OBSERVE  checkoutservice->cartservice  rpr=0.0000  low=51 high=0  attempts=3  state=ON  metric=rpr
2026-10-07T12:36:36Z  OBSERVE  checkoutservice->currencyservice  rpr=0.0000  low=51 high=0  attempts=3  state=ON  metric=rpr
2026-10-07T12:36:36Z  OBSERVE  checkoutservice->emailservice  rpr=0.0000  low=51 high=0  attempts=3  state=ON  metric=rpr
2026-10-07T12:36:36Z  OBSERVE  checkoutservice->paymentservice  rpr=0.0000  low=51 high=0  attempts=3  state=ON  metric=rpr
2026-10-07T12:36:36Z  OBSERVE  checkoutservice->shippingservice  rpr=0.0000  low=51 high=0  attempts=3  state=ON  metric=rpr
2026-10-07T12:36:36Z  OBSERVE  recommendationservice->productcatalogservice  rpr=0.0000  low=52 high=0  attempts=3  state=ON  metric=rpr
2026-10-07T12:36:37Z  OBSERVE  frontend->adservice  rpr=0.0000  low=53 high=0  attempts=3  state=ON  metric=rpr
2026-10-07T12:36:37Z  OBSERVE  frontend->cartservice  rpr=0.0000  low=54 high=0  attempts=3  state=ON  metric=rpr
2026-10-07T12:36:37Z  OBSERVE  frontend->checkoutservice  rpr=2.4894  low=0 high=6  attempts=3  state=ON  metric=rpr
2026-10-07T12:36:37Z  OBSERVE  frontend->currencyservice  rpr=0.0000  low=54 high=0  attempts=3  state=ON  metric=rpr
2026-10-07T12:36:37Z  OBSERVE  frontend->productcatalogservice  rpr=0.0000  low=54 high=0  attempts=3  state=ON  metric=rpr
2026-10-07T12:36:37Z  OBSERVE  frontend->recommendationservice  rpr=0.0000  low=54 high=0  attempts=3  state=ON  metric=rpr
2026-10-07T12:36:37Z  OBSERVE  frontend->shippingservice  rpr=0.0000  low=53 high=0  attempts=3  state=ON  metric=rpr
2026-10-07T12:36:37Z  OBSERVE  checkoutservice->cartservice  rpr=0.0000  low=52 high=0  attempts=3  state=ON  metric=rpr
2026-10-07T12:36:37Z  OBSERVE  checkoutservice->currencyservice  rpr=0.0000  low=52 high=0  attempts=3  state=ON  metric=rpr
2026-10-07T12:36:37Z  OBSERVE  checkoutservice->emailservice  rpr=0.0000  low=52 high=0  attempts=3  state=ON  metric=rpr
2026-10-07T12:36:37Z  OBSERVE  checkoutservice->paymentservice  rpr=0.0000  low=52 high=0  attempts=3  state=ON  metric=rpr
2026-10-07T12:36:37Z  OBSERVE  checkoutservice->shippingservice  rpr=0.0000  low=52 high=0  attempts=3  state=ON  metric=rpr
2026-10-07T12:36:37Z  OBSERVE  recommendationservice->productcatalogservice  rpr=0.0000  low=53 high=0  attempts=3  state=ON  metric=rpr
2026-10-07T12:36:38Z  OBSERVE  frontend->adservice  rpr=0.0000  low=54 high=0  attempts=3  state=ON  metric=rpr
2026-10-07T12:36:38Z  OBSERVE  frontend->cartservice  rpr=0.0000  low=55 high=0  attempts=3  state=ON  metric=rpr
2026-10-07T12:36:38Z  OBSERVE  frontend->checkoutservice  rpr=2.1020  low=0 high=7  attempts=3  state=ON  metric=rpr
2026-10-07T12:36:38Z  OBSERVE  frontend->currencyservice  rpr=0.0000  low=55 high=0  attempts=3  state=ON  metric=rpr
2026-10-07T12:36:38Z  OBSERVE  frontend->productcatalogservice  rpr=0.0000  low=55 high=0  attempts=3  state=ON  metric=rpr
2026-10-07T12:36:38Z  OBSERVE  frontend->recommendationservice  rpr=0.0000  low=55 high=0  attempts=3  state=ON  metric=rpr
2026-10-07T12:36:38Z  OBSERVE  frontend->shippingservice  rpr=0.0000  low=54 high=0  attempts=3  state=ON  metric=rpr
2026-10-07T12:36:38Z  OBSERVE  checkoutservice->cartservice  rpr=0.0000  low=53 high=0  attempts=3  state=ON  metric=rpr
2026-10-07T12:36:38Z  OBSERVE  checkoutservice->currencyservice  rpr=0.0000  low=53 high=0  attempts=3  state=ON  metric=rpr
2026-10-07T12:36:38Z  OBSERVE  checkoutservice->emailservice  rpr=0.0000  low=53 high=0  attempts=3  state=ON  metric=rpr
2026-10-07T12:36:38Z  OBSERVE  checkoutservice->paymentservice  rpr=0.0000  low=53 high=0  attempts=3  state=ON  metric=rpr
2026-10-07T12:36:38Z  OBSERVE  checkoutservice->shippingservice  rpr=0.0000  low=53 high=0  attempts=3  state=ON  metric=rpr
2026-10-07T12:36:38Z  OBSERVE  recommendationservice->productcatalogservice  rpr=0.0000  low=54 high=0  attempts=3  state=ON  metric=rpr
2026-10-07T12:36:39Z  OBSERVE  frontend->adservice  rpr=0.0000  low=55 high=0  attempts=3  state=ON  metric=rpr
2026-10-07T12:36:39Z  OBSERVE  frontend->cartservice  rpr=0.0000  low=56 high=0  attempts=3  state=ON  metric=rpr
2026-10-07T12:36:39Z  OBSERVE  frontend->checkoutservice  rpr=2.3696  low=0 high=8  attempts=3  state=ON  metric=rpr
2026-10-07T12:36:39Z  OBSERVE  frontend->currencyservice  rpr=0.0000  low=56 high=0  attempts=3  state=ON  metric=rpr
2026-10-07T12:36:39Z  OBSERVE  frontend->productcatalogservice  rpr=0.0000  low=56 high=0  attempts=3  state=ON  metric=rpr
2026-10-07T12:36:39Z  OBSERVE  frontend->recommendationservice  rpr=0.0000  low=56 high=0  attempts=3  state=ON  metric=rpr
2026-10-07T12:36:39Z  OBSERVE  frontend->shippingservice  rpr=0.0000  low=55 high=0  attempts=3  state=ON  metric=rpr
2026-10-07T12:36:39Z  OBSERVE  checkoutservice->cartservice  rpr=0.0000  low=54 high=0  attempts=3  state=ON  metric=rpr
2026-10-07T12:36:39Z  OBSERVE  checkoutservice->currencyservice  rpr=0.0000  low=54 high=0  attempts=3  state=ON  metric=rpr
2026-10-07T12:36:39Z  OBSERVE  checkoutservice->emailservice  rpr=0.0000  low=54 high=0  attempts=3  state=ON  metric=rpr
2026-10-07T12:36:39Z  OBSERVE  checkoutservice->paymentservice  rpr=0.0000  low=54 high=0  attempts=3  state=ON  metric=rpr
2026-10-07T12:36:39Z  OBSERVE  checkoutservice->shippingservice  rpr=0.0000  low=54 high=0  attempts=3  state=ON  metric=rpr
2026-10-07T12:36:39Z  OBSERVE  recommendationservice->productcatalogservice  rpr=0.0000  low=55 high=0  attempts=3  state=ON  metric=rpr
2026-10-07T12:36:40Z  OBSERVE  frontend->adservice  rpr=0.0000  low=56 high=0  attempts=3  state=ON  metric=rpr
2026-10-07T12:36:40Z  OBSERVE  frontend->cartservice  rpr=0.0000  low=57 high=0  attempts=3  state=ON  metric=rpr
2026-10-07T12:36:40Z  OBSERVE  frontend->checkoutservice  rpr=1.9455  low=0 high=9  attempts=3  state=ON  metric=rpr
2026-10-07T12:36:40Z  OBSERVE  frontend->currencyservice  rpr=0.0000  low=57 high=0  attempts=3  state=ON  metric=rpr
2026-10-07T12:36:40Z  OBSERVE  frontend->productcatalogservice  rpr=0.0000  low=57 high=0  attempts=3  state=ON  metric=rpr
2026-10-07T12:36:40Z  OBSERVE  frontend->recommendationservice  rpr=0.0000  low=57 high=0  attempts=3  state=ON  metric=rpr
2026-10-07T12:36:40Z  OBSERVE  frontend->shippingservice  rpr=0.0000  low=56 high=0  attempts=3  state=ON  metric=rpr
2026-10-07T12:36:40Z  OBSERVE  checkoutservice->cartservice  rpr=0.0000  low=55 high=0  attempts=3  state=ON  metric=rpr
2026-10-07T12:36:40Z  OBSERVE  checkoutservice->currencyservice  rpr=0.0000  low=55 high=0  attempts=3  state=ON  metric=rpr
2026-10-07T12:36:40Z  OBSERVE  checkoutservice->emailservice  rpr=0.0000  low=55 high=0  attempts=3  state=ON  metric=rpr
2026-10-07T12:36:40Z  OBSERVE  checkoutservice->paymentservice  rpr=0.0000  low=55 high=0  attempts=3  state=ON  metric=rpr
2026-10-07T12:36:40Z  OBSERVE  checkoutservice->shippingservice  rpr=0.0000  low=55 high=0  attempts=3  state=ON  metric=rpr
2026-10-07T12:36:40Z  OBSERVE  recommendationservice->productcatalogservice  rpr=0.0000  low=56 high=0  attempts=3  state=ON  metric=rpr
2026-10-07T12:36:41Z  OBSERVE  frontend->adservice  rpr=0.0000  low=57 high=0  attempts=3  state=ON  metric=rpr
2026-10-07T12:36:41Z  OBSERVE  frontend->cartservice  rpr=0.0000  low=58 high=0  attempts=3  state=ON  metric=rpr
2026-10-07T12:36:41Z  OBSERVE  frontend->checkoutservice  rpr=2.1304  low=0 high=10  attempts=3  state=ON  metric=rpr
2026-10-07T12:36:41Z  OBSERVE  frontend->currencyservice  rpr=0.0000  low=58 high=0  attempts=3  state=ON  metric=rpr
2026-10-07T12:36:41Z  OBSERVE  frontend->productcatalogservice  rpr=0.0000  low=58 high=0  attempts=3  state=ON  metric=rpr
2026-10-07T12:36:41Z  OBSERVE  frontend->recommendationservice  rpr=0.0000  low=58 high=0  attempts=3  state=ON  metric=rpr
2026-10-07T12:36:41Z  OBSERVE  frontend->shippingservice  rpr=0.0000  low=57 high=0  attempts=3  state=ON  metric=rpr
2026-10-07T12:36:41Z  OBSERVE  checkoutservice->cartservice  rpr=0.0000  low=56 high=0  attempts=3  state=ON  metric=rpr
2026-10-07T12:36:41Z  OBSERVE  checkoutservice->currencyservice  rpr=0.0000  low=56 high=0  attempts=3  state=ON  metric=rpr
2026-10-07T12:36:41Z  OBSERVE  checkoutservice->emailservice  rpr=0.0000  low=56 high=0  attempts=3  state=ON  metric=rpr
2026-10-07T12:36:41Z  OBSERVE  checkoutservice->paymentservice  rpr=0.0000  low=56 high=0  attempts=3  state=ON  metric=rpr
2026-10-07T12:36:41Z  OBSERVE  checkoutservice->shippingservice  rpr=0.0000  low=56 high=0  attempts=3  state=ON  metric=rpr
2026-10-07T12:36:41Z  OBSERVE  recommendationservice->productcatalogservice  rpr=0.0000  low=57 high=0  attempts=3  state=ON  metric=rpr
2026-10-07T12:36:42Z  OBSERVE  frontend->adservice  rpr=0.0000  low=58 high=0  attempts=3  state=ON  metric=rpr
2026-10-07T12:36:42Z  OBSERVE  frontend->cartservice  rpr=0.0000  low=59 high=0  attempts=3  state=ON  metric=rpr
2026-10-07T12:36:42Z  OBSERVE  frontend->checkoutservice  rpr=1.6852  low=0 high=11  attempts=3  state=ON  metric=rpr
2026-10-07T12:36:42Z  OBSERVE  frontend->currencyservice  rpr=0.0000  low=59 high=0  attempts=3  state=ON  metric=rpr
2026-10-07T12:36:42Z  OBSERVE  frontend->productcatalogservice  rpr=0.0000  low=59 high=0  attempts=3  state=ON  metric=rpr
2026-10-07T12:36:42Z  OBSERVE  frontend->recommendationservice  rpr=0.0000  low=59 high=0  attempts=3  state=ON  metric=rpr
2026-10-07T12:36:42Z  OBSERVE  frontend->shippingservice  rpr=0.0000  low=58 high=0  attempts=3  state=ON  metric=rpr
2026-10-07T12:36:42Z  OBSERVE  checkoutservice->cartservice  rpr=0.0000  low=57 high=0  attempts=3  state=ON  metric=rpr
2026-10-07T12:36:42Z  OBSERVE  checkoutservice->currencyservice  rpr=0.0000  low=57 high=0  attempts=3  state=ON  metric=rpr
2026-10-07T12:36:42Z  OBSERVE  checkoutservice->emailservice  rpr=0.0000  low=57 high=0  attempts=3  state=ON  metric=rpr
2026-10-07T12:36:42Z  OBSERVE  checkoutservice->paymentservice  rpr=0.0000  low=57 high=0  attempts=3  state=ON  metric=rpr
2026-10-07T12:36:42Z  OBSERVE  checkoutservice->shippingservice  rpr=0.0000  low=57 high=0  attempts=3  state=ON  metric=rpr
2026-10-07T12:36:42Z  OBSERVE  recommendationservice->productcatalogservice  rpr=0.0000  low=58 high=0  attempts=3  state=ON  metric=rpr
2026-10-07T12:36:43Z  OBSERVE  frontend->adservice  rpr=0.0000  low=59 high=0  attempts=3  state=ON  metric=rpr
2026-10-07T12:36:43Z  OBSERVE  frontend->cartservice  rpr=0.0000  low=60 high=0  attempts=3  state=ON  metric=rpr
2026-10-07T12:36:43Z  OBSERVE  frontend->checkoutservice  rpr=2.4783  low=0 high=12  attempts=3  state=ON  metric=rpr
2026-10-07T12:36:43Z  OBSERVE  frontend->currencyservice  rpr=0.0000  low=60 high=0  attempts=3  state=ON  metric=rpr
2026-10-07T12:36:43Z  OBSERVE  frontend->productcatalogservice  rpr=0.0000  low=60 high=0  attempts=3  state=ON  metric=rpr
2026-10-07T12:36:43Z  OBSERVE  frontend->recommendationservice  rpr=0.0000  low=60 high=0  attempts=3  state=ON  metric=rpr
2026-10-07T12:36:43Z  OBSERVE  frontend->shippingservice  rpr=0.0000  low=59 high=0  attempts=3  state=ON  metric=rpr
2026-10-07T12:36:43Z  OBSERVE  checkoutservice->cartservice  rpr=0.0000  low=58 high=0  attempts=3  state=ON  metric=rpr
2026-10-07T12:36:43Z  OBSERVE  checkoutservice->currencyservice  rpr=0.0000  low=58 high=0  attempts=3  state=ON  metric=rpr
2026-10-07T12:36:43Z  OBSERVE  checkoutservice->emailservice  rpr=0.0000  low=58 high=0  attempts=3  state=ON  metric=rpr
2026-10-07T12:36:43Z  OBSERVE  checkoutservice->paymentservice  rpr=0.0000  low=58 high=0  attempts=3  state=ON  metric=rpr
2026-10-07T12:36:43Z  OBSERVE  checkoutservice->shippingservice  rpr=0.0000  low=58 high=0  attempts=3  state=ON  metric=rpr
2026-10-07T12:36:43Z  OBSERVE  recommendationservice->productcatalogservice  rpr=0.0000  low=59 high=0  attempts=3  state=ON  metric=rpr
2026-10-07T12:36:44Z  OBSERVE  frontend->adservice  rpr=0.0000  low=60 high=0  attempts=3  state=ON  metric=rpr
2026-10-07T12:36:44Z  OBSERVE  frontend->cartservice  rpr=0.0000  low=61 high=0  attempts=3  state=ON  metric=rpr
2026-10-07T12:36:44Z  OBSERVE  frontend->checkoutservice  rpr=1.6349  low=0 high=13  attempts=3  state=ON  metric=rpr
2026-10-07T12:36:44Z  OBSERVE  frontend->currencyservice  rpr=0.0000  low=61 high=0  attempts=3  state=ON  metric=rpr
2026-10-07T12:36:44Z  OBSERVE  frontend->productcatalogservice  rpr=0.0000  low=61 high=0  attempts=3  state=ON  metric=rpr
2026-10-07T12:36:44Z  OBSERVE  frontend->recommendationservice  rpr=0.0000  low=61 high=0  attempts=3  state=ON  metric=rpr
2026-10-07T12:36:44Z  OBSERVE  frontend->shippingservice  rpr=0.0000  low=60 high=0  attempts=3  state=ON  metric=rpr
2026-10-07T12:36:44Z  OBSERVE  checkoutservice->cartservice  rpr=0.0000  low=59 high=0  attempts=3  state=ON  metric=rpr
2026-10-07T12:36:44Z  OBSERVE  checkoutservice->currencyservice  rpr=0.0000  low=59 high=0  attempts=3  state=ON  metric=rpr
2026-10-07T12:36:44Z  OBSERVE  checkoutservice->emailservice  rpr=0.0000  low=59 high=0  attempts=3  state=ON  metric=rpr
2026-10-07T12:36:44Z  OBSERVE  checkoutservice->paymentservice  rpr=0.0000  low=59 high=0  attempts=3  state=ON  metric=rpr
2026-10-07T12:36:44Z  OBSERVE  checkoutservice->shippingservice  rpr=0.0000  low=59 high=0  attempts=3  state=ON  metric=rpr
2026-10-07T12:36:44Z  OBSERVE  recommendationservice->productcatalogservice  rpr=0.0000  low=60 high=0  attempts=3  state=ON  metric=rpr
2026-10-07T12:36:45Z  OBSERVE  frontend->adservice  rpr=0.0000  low=61 high=0  attempts=3  state=ON  metric=rpr
2026-10-07T12:36:45Z  OBSERVE  frontend->cartservice  rpr=0.0000  low=62 high=0  attempts=3  state=ON  metric=rpr
2026-10-07T12:36:45Z  OBSERVE  frontend->checkoutservice  rpr=3.5429  low=0 high=14  attempts=3  state=ON  metric=rpr
2026-10-07T12:36:45Z  OBSERVE  frontend->currencyservice  rpr=0.0000  low=62 high=0  attempts=3  state=ON  metric=rpr
2026-10-07T12:36:45Z  OBSERVE  frontend->productcatalogservice  rpr=0.0000  low=62 high=0  attempts=3  state=ON  metric=rpr
2026-10-07T12:36:45Z  OBSERVE  frontend->recommendationservice  rpr=0.0000  low=62 high=0  attempts=3  state=ON  metric=rpr
2026-10-07T12:36:45Z  OBSERVE  frontend->shippingservice  rpr=0.0000  low=61 high=0  attempts=3  state=ON  metric=rpr
2026-10-07T12:36:45Z  OBSERVE  checkoutservice->cartservice  rpr=0.0000  low=60 high=0  attempts=3  state=ON  metric=rpr
2026-10-07T12:36:45Z  OBSERVE  checkoutservice->currencyservice  rpr=0.0000  low=60 high=0  attempts=3  state=ON  metric=rpr
2026-10-07T12:36:45Z  OBSERVE  checkoutservice->emailservice  rpr=0.0000  low=60 high=0  attempts=3  state=ON  metric=rpr
2026-10-07T12:36:45Z  OBSERVE  checkoutservice->paymentservice  rpr=0.0000  low=60 high=0  attempts=3  state=ON  metric=rpr
2026-10-07T12:36:45Z  OBSERVE  checkoutservice->shippingservice  rpr=0.0000  low=60 high=0  attempts=3  state=ON  metric=rpr
2026-10-07T12:36:45Z  OBSERVE  recommendationservice->productcatalogservice  rpr=0.0000  low=61 high=0  attempts=3  state=ON  metric=rpr
2026-10-07T12:36:46Z  OBSERVE  frontend->adservice  rpr=0.0000  low=62 high=0  attempts=3  state=ON  metric=rpr
2026-10-07T12:36:46Z  OBSERVE  frontend->cartservice  rpr=0.0000  low=63 high=0  attempts=3  state=ON  metric=rpr
2026-10-07T12:36:46Z  OBSERVE  frontend->checkoutservice  rpr=1.3385  low=0 high=15  attempts=3  state=ON  metric=rpr
2026-10-07T12:36:46Z  OBSERVE  frontend->currencyservice  rpr=0.0000  low=63 high=0  attempts=3  state=ON  metric=rpr
2026-10-07T12:36:46Z  OBSERVE  frontend->productcatalogservice  rpr=0.0000  low=63 high=0  attempts=3  state=ON  metric=rpr
2026-10-07T12:36:46Z  OBSERVE  frontend->recommendationservice  rpr=0.0000  low=63 high=0  attempts=3  state=ON  metric=rpr
2026-10-07T12:36:46Z  OBSERVE  frontend->shippingservice  rpr=0.0000  low=62 high=0  attempts=3  state=ON  metric=rpr
2026-10-07T12:36:46Z  OBSERVE  checkoutservice->cartservice  rpr=0.0000  low=61 high=0  attempts=3  state=ON  metric=rpr
2026-10-07T12:36:46Z  OBSERVE  checkoutservice->currencyservice  rpr=0.0000  low=61 high=0  attempts=3  state=ON  metric=rpr
2026-10-07T12:36:46Z  OBSERVE  checkoutservice->paymentservice  rpr=0.0000  low=61 high=0  attempts=3  state=ON  metric=rpr
2026-10-07T12:36:46Z  OBSERVE  checkoutservice->shippingservice  rpr=0.0000  low=61 high=0  attempts=3  state=ON  metric=rpr
2026-10-07T12:36:46Z  OBSERVE  recommendationservice->productcatalogservice  rpr=0.0000  low=62 high=0  attempts=3  state=ON  metric=rpr
2026-10-07T12:36:47Z  OBSERVE  frontend->adservice  rpr=0.0000  low=63 high=0  attempts=3  state=ON  metric=rpr
2026-10-07T12:36:47Z  OBSERVE  frontend->cartservice  rpr=0.0000  low=64 high=0  attempts=3  state=ON  metric=rpr
2026-10-07T12:36:47Z  OBSERVE  frontend->checkoutservice  rpr=3.5806  low=0 high=16  attempts=3  state=ON  metric=rpr
2026-10-07T12:36:47Z  OBSERVE  frontend->currencyservice  rpr=0.0000  low=64 high=0  attempts=3  state=ON  metric=rpr
2026-10-07T12:36:47Z  OBSERVE  frontend->productcatalogservice  rpr=0.0000  low=64 high=0  attempts=3  state=ON  metric=rpr
2026-10-07T12:36:47Z  OBSERVE  frontend->recommendationservice  rpr=0.0000  low=64 high=0  attempts=3  state=ON  metric=rpr
2026-10-07T12:36:47Z  OBSERVE  frontend->shippingservice  rpr=0.0000  low=63 high=0  attempts=3  state=ON  metric=rpr
2026-10-07T12:36:47Z  OBSERVE  checkoutservice->cartservice  rpr=0.0000  low=62 high=0  attempts=3  state=ON  metric=rpr
2026-10-07T12:36:47Z  OBSERVE  checkoutservice->currencyservice  rpr=0.0000  low=62 high=0  attempts=3  state=ON  metric=rpr
2026-10-07T12:36:47Z  OBSERVE  checkoutservice->emailservice  rpr=0.0000  low=61 high=0  attempts=3  state=ON  metric=rpr
2026-10-07T12:36:47Z  OBSERVE  checkoutservice->paymentservice  rpr=0.0000  low=62 high=0  attempts=3  state=ON  metric=rpr
2026-10-07T12:36:47Z  OBSERVE  checkoutservice->shippingservice  rpr=0.0000  low=62 high=0  attempts=3  state=ON  metric=rpr
2026-10-07T12:36:47Z  OBSERVE  recommendationservice->productcatalogservice  rpr=0.0000  low=63 high=0  attempts=3  state=ON  metric=rpr
2026-10-07T12:36:48Z  OBSERVE  frontend->adservice  rpr=0.0000  low=64 high=0  attempts=3  state=ON  metric=rpr
2026-10-07T12:36:48Z  OBSERVE  frontend->cartservice  rpr=0.0000  low=65 high=0  attempts=3  state=ON  metric=rpr
2026-10-07T12:36:48Z  OBSERVE  frontend->checkoutservice  rpr=1.6441  low=0 high=17  attempts=3  state=ON  metric=rpr
2026-10-07T12:36:48Z  OBSERVE  frontend->currencyservice  rpr=0.0000  low=65 high=0  attempts=3  state=ON  metric=rpr
2026-10-07T12:36:48Z  OBSERVE  frontend->productcatalogservice  rpr=0.0000  low=65 high=0  attempts=3  state=ON  metric=rpr
2026-10-07T12:36:48Z  OBSERVE  frontend->recommendationservice  rpr=0.0000  low=65 high=0  attempts=3  state=ON  metric=rpr
2026-10-07T12:36:48Z  OBSERVE  frontend->shippingservice  rpr=0.0000  low=64 high=0  attempts=3  state=ON  metric=rpr
2026-10-07T12:36:48Z  OBSERVE  checkoutservice->cartservice  rpr=0.0000  low=63 high=0  attempts=3  state=ON  metric=rpr
2026-10-07T12:36:48Z  OBSERVE  checkoutservice->currencyservice  rpr=0.0000  low=63 high=0  attempts=3  state=ON  metric=rpr
2026-10-07T12:36:48Z  OBSERVE  checkoutservice->emailservice  rpr=0.0000  low=62 high=0  attempts=3  state=ON  metric=rpr
2026-10-07T12:36:48Z  OBSERVE  checkoutservice->paymentservice  rpr=0.0000  low=63 high=0  attempts=3  state=ON  metric=rpr
2026-10-07T12:36:48Z  OBSERVE  checkoutservice->shippingservice  rpr=0.0000  low=63 high=0  attempts=3  state=ON  metric=rpr
2026-10-07T12:36:48Z  OBSERVE  recommendationservice->productcatalogservice  rpr=0.0000  low=64 high=0  attempts=3  state=ON  metric=rpr
2026-10-07T12:36:49Z  OBSERVE  frontend->adservice  rpr=0.0000  low=65 high=0  attempts=3  state=ON  metric=rpr
2026-10-07T12:36:49Z  OBSERVE  frontend->cartservice  rpr=0.0000  low=66 high=0  attempts=3  state=ON  metric=rpr
2026-10-07T12:36:49Z  OBSERVE  frontend->checkoutservice  rpr=2.6444  low=0 high=18  attempts=3  state=ON  metric=rpr
2026-10-07T12:36:49Z  OBSERVE  frontend->currencyservice  rpr=0.0000  low=66 high=0  attempts=3  state=ON  metric=rpr
2026-10-07T12:36:49Z  OBSERVE  frontend->productcatalogservice  rpr=0.0000  low=66 high=0  attempts=3  state=ON  metric=rpr
2026-10-07T12:36:49Z  OBSERVE  frontend->recommendationservice  rpr=0.0000  low=66 high=0  attempts=3  state=ON  metric=rpr
2026-10-07T12:36:49Z  OBSERVE  frontend->shippingservice  rpr=0.0000  low=65 high=0  attempts=3  state=ON  metric=rpr
2026-10-07T12:36:49Z  OBSERVE  checkoutservice->cartservice  rpr=0.0000  low=64 high=0  attempts=3  state=ON  metric=rpr
2026-10-07T12:36:49Z  OBSERVE  checkoutservice->currencyservice  rpr=0.0000  low=64 high=0  attempts=3  state=ON  metric=rpr
2026-10-07T12:36:49Z  OBSERVE  checkoutservice->emailservice  rpr=0.0000  low=63 high=0  attempts=3  state=ON  metric=rpr
2026-10-07T12:36:49Z  OBSERVE  checkoutservice->paymentservice  rpr=0.0000  low=64 high=0  attempts=3  state=ON  metric=rpr
2026-10-07T12:36:49Z  OBSERVE  checkoutservice->shippingservice  rpr=0.0000  low=64 high=0  attempts=3  state=ON  metric=rpr
2026-10-07T12:36:49Z  OBSERVE  recommendationservice->productcatalogservice  rpr=0.0000  low=65 high=0  attempts=3  state=ON  metric=rpr
2026-10-07T12:36:50Z  OBSERVE  frontend->adservice  rpr=0.0000  low=66 high=0  attempts=3  state=ON  metric=rpr
2026-10-07T12:36:50Z  OBSERVE  frontend->cartservice  rpr=0.0000  low=67 high=0  attempts=3  state=ON  metric=rpr
2026-10-07T12:36:50Z  OBSERVE  frontend->checkoutservice  rpr=1.8727  low=0 high=19  attempts=3  state=ON  metric=rpr
2026-10-07T12:36:50Z  OBSERVE  frontend->currencyservice  rpr=0.0000  low=67 high=0  attempts=3  state=ON  metric=rpr
2026-10-07T12:36:50Z  OBSERVE  frontend->productcatalogservice  rpr=0.0000  low=67 high=0  attempts=3  state=ON  metric=rpr
2026-10-07T12:36:50Z  OBSERVE  frontend->recommendationservice  rpr=0.0000  low=67 high=0  attempts=3  state=ON  metric=rpr
2026-10-07T12:36:50Z  OBSERVE  frontend->shippingservice  rpr=0.0000  low=66 high=0  attempts=3  state=ON  metric=rpr
2026-10-07T12:36:50Z  OBSERVE  checkoutservice->cartservice  rpr=0.0000  low=65 high=0  attempts=3  state=ON  metric=rpr
2026-10-07T12:36:50Z  OBSERVE  checkoutservice->currencyservice  rpr=0.0000  low=65 high=0  attempts=3  state=ON  metric=rpr
2026-10-07T12:36:50Z  OBSERVE  checkoutservice->emailservice  rpr=0.0000  low=64 high=0  attempts=3  state=ON  metric=rpr
2026-10-07T12:36:50Z  OBSERVE  checkoutservice->paymentservice  rpr=0.0000  low=65 high=0  attempts=3  state=ON  metric=rpr
2026-10-07T12:36:50Z  OBSERVE  checkoutservice->shippingservice  rpr=0.0000  low=65 high=0  attempts=3  state=ON  metric=rpr
2026-10-07T12:36:50Z  OBSERVE  recommendationservice->productcatalogservice  rpr=0.0000  low=66 high=0  attempts=3  state=ON  metric=rpr
2026-10-07T12:36:51Z  OBSERVE  frontend->adservice  rpr=0.0000  low=67 high=0  attempts=3  state=ON  metric=rpr
2026-10-07T12:36:51Z  OBSERVE  frontend->cartservice  rpr=0.0000  low=68 high=0  attempts=3  state=ON  metric=rpr
2026-10-07T12:36:51Z  OBSERVE  frontend->checkoutservice  rpr=2.0612  low=0 high=20  attempts=3  state=ON  metric=rpr
2026-10-07T12:36:51Z  OBSERVE  frontend->currencyservice  rpr=0.0000  low=68 high=0  attempts=3  state=ON  metric=rpr
2026-10-07T12:36:51Z  OBSERVE  frontend->productcatalogservice  rpr=0.0000  low=68 high=0  attempts=3  state=ON  metric=rpr
2026-10-07T12:36:51Z  OBSERVE  frontend->recommendationservice  rpr=0.0000  low=68 high=0  attempts=3  state=ON  metric=rpr
2026-10-07T12:36:51Z  OBSERVE  frontend->shippingservice  rpr=0.0000  low=67 high=0  attempts=3  state=ON  metric=rpr
2026-10-07T12:36:51Z  OBSERVE  checkoutservice->cartservice  rpr=0.0000  low=66 high=0  attempts=3  state=ON  metric=rpr
2026-10-07T12:36:51Z  OBSERVE  checkoutservice->currencyservice  rpr=0.0000  low=66 high=0  attempts=3  state=ON  metric=rpr
2026-10-07T12:36:51Z  OBSERVE  checkoutservice->emailservice  rpr=0.0000  low=65 high=0  attempts=3  state=ON  metric=rpr
2026-10-07T12:36:51Z  OBSERVE  checkoutservice->paymentservice  rpr=0.0000  low=66 high=0  attempts=3  state=ON  metric=rpr
2026-10-07T12:36:51Z  OBSERVE  checkoutservice->shippingservice  rpr=0.0000  low=66 high=0  attempts=3  state=ON  metric=rpr
2026-10-07T12:36:51Z  OBSERVE  recommendationservice->productcatalogservice  rpr=0.0000  low=67 high=0  attempts=3  state=ON  metric=rpr
2026-10-07T12:36:52Z  OBSERVE  frontend->adservice  rpr=0.0000  low=68 high=0  attempts=3  state=ON  metric=rpr
2026-10-07T12:36:52Z  OBSERVE  frontend->cartservice  rpr=0.0000  low=69 high=0  attempts=3  state=ON  metric=rpr
2026-10-07T12:36:52Z  OBSERVE  frontend->checkoutservice  rpr=1.6333  low=0 high=21  attempts=3  state=ON  metric=rpr
2026-10-07T12:36:52Z  OBSERVE  frontend->currencyservice  rpr=0.0000  low=69 high=0  attempts=3  state=ON  metric=rpr
2026-10-07T12:36:52Z  OBSERVE  frontend->productcatalogservice  rpr=0.0000  low=69 high=0  attempts=3  state=ON  metric=rpr
2026-10-07T12:36:52Z  OBSERVE  frontend->recommendationservice  rpr=0.0000  low=69 high=0  attempts=3  state=ON  metric=rpr
2026-10-07T12:36:52Z  OBSERVE  frontend->shippingservice  rpr=0.0000  low=68 high=0  attempts=3  state=ON  metric=rpr
2026-10-07T12:36:52Z  OBSERVE  checkoutservice->cartservice  rpr=0.0000  low=67 high=0  attempts=3  state=ON  metric=rpr
2026-10-07T12:36:52Z  OBSERVE  checkoutservice->currencyservice  rpr=0.0000  low=67 high=0  attempts=3  state=ON  metric=rpr
2026-10-07T12:36:52Z  OBSERVE  checkoutservice->emailservice  rpr=0.0000  low=66 high=0  attempts=3  state=ON  metric=rpr
2026-10-07T12:36:52Z  OBSERVE  checkoutservice->paymentservice  rpr=0.0000  low=67 high=0  attempts=3  state=ON  metric=rpr
2026-10-07T12:36:52Z  OBSERVE  checkoutservice->shippingservice  rpr=0.0000  low=67 high=0  attempts=3  state=ON  metric=rpr
2026-10-07T12:36:52Z  OBSERVE  recommendationservice->productcatalogservice  rpr=0.0000  low=68 high=0  attempts=3  state=ON  metric=rpr
2026-10-07T12:36:53Z  OBSERVE  frontend->adservice  rpr=0.0000  low=69 high=0  attempts=3  state=ON  metric=rpr
2026-10-07T12:36:53Z  OBSERVE  frontend->cartservice  rpr=0.0000  low=70 high=0  attempts=3  state=ON  metric=rpr
2026-10-07T12:36:53Z  OBSERVE  frontend->checkoutservice  rpr=2.2391  low=0 high=22  attempts=3  state=ON  metric=rpr
2026-10-07T12:36:53Z  OBSERVE  frontend->currencyservice  rpr=0.0000  low=70 high=0  attempts=3  state=ON  metric=rpr
2026-10-07T12:36:53Z  OBSERVE  frontend->productcatalogservice  rpr=0.0000  low=70 high=0  attempts=3  state=ON  metric=rpr
2026-10-07T12:36:53Z  OBSERVE  frontend->recommendationservice  rpr=0.0000  low=70 high=0  attempts=3  state=ON  metric=rpr
2026-10-07T12:36:53Z  OBSERVE  frontend->shippingservice  rpr=0.0000  low=69 high=0  attempts=3  state=ON  metric=rpr
2026-10-07T12:36:53Z  OBSERVE  checkoutservice->cartservice  rpr=0.0000  low=68 high=0  attempts=3  state=ON  metric=rpr
2026-10-07T12:36:53Z  OBSERVE  checkoutservice->currencyservice  rpr=0.0000  low=68 high=0  attempts=3  state=ON  metric=rpr
2026-10-07T12:36:53Z  OBSERVE  checkoutservice->emailservice  rpr=0.0000  low=67 high=0  attempts=3  state=ON  metric=rpr
2026-10-07T12:36:53Z  OBSERVE  checkoutservice->paymentservice  rpr=0.0000  low=68 high=0  attempts=3  state=ON  metric=rpr
2026-10-07T12:36:53Z  OBSERVE  checkoutservice->shippingservice  rpr=0.0000  low=68 high=0  attempts=3  state=ON  metric=rpr
2026-10-07T12:36:53Z  OBSERVE  recommendationservice->productcatalogservice  rpr=0.0000  low=69 high=0  attempts=3  state=ON  metric=rpr
2026-10-07T12:36:54Z  OBSERVE  frontend->adservice  rpr=0.0000  low=70 high=0  attempts=3  state=ON  metric=rpr
2026-10-07T12:36:54Z  OBSERVE  frontend->cartservice  rpr=0.0000  low=71 high=0  attempts=3  state=ON  metric=rpr
2026-10-07T12:36:54Z  OBSERVE  frontend->checkoutservice  rpr=1.7455  low=0 high=23  attempts=3  state=ON  metric=rpr
2026-10-07T12:36:54Z  OBSERVE  frontend->currencyservice  rpr=0.0000  low=71 high=0  attempts=3  state=ON  metric=rpr
2026-10-07T12:36:54Z  OBSERVE  frontend->productcatalogservice  rpr=0.0000  low=71 high=0  attempts=3  state=ON  metric=rpr
2026-10-07T12:36:54Z  OBSERVE  frontend->recommendationservice  rpr=0.0000  low=71 high=0  attempts=3  state=ON  metric=rpr
2026-10-07T12:36:54Z  OBSERVE  frontend->shippingservice  rpr=0.0000  low=70 high=0  attempts=3  state=ON  metric=rpr
2026-10-07T12:36:54Z  OBSERVE  checkoutservice->cartservice  rpr=0.0000  low=69 high=0  attempts=3  state=ON  metric=rpr
2026-10-07T12:36:54Z  OBSERVE  checkoutservice->currencyservice  rpr=0.0000  low=69 high=0  attempts=3  state=ON  metric=rpr
2026-10-07T12:36:54Z  OBSERVE  checkoutservice->emailservice  rpr=0.0000  low=68 high=0  attempts=3  state=ON  metric=rpr
2026-10-07T12:36:54Z  OBSERVE  checkoutservice->paymentservice  rpr=0.0000  low=69 high=0  attempts=3  state=ON  metric=rpr
2026-10-07T12:36:54Z  OBSERVE  checkoutservice->shippingservice  rpr=0.0000  low=69 high=0  attempts=3  state=ON  metric=rpr
2026-10-07T12:36:54Z  OBSERVE  recommendationservice->productcatalogservice  rpr=0.0000  low=70 high=0  attempts=3  state=ON  metric=rpr
2026-10-07T12:36:55Z  OBSERVE  frontend->adservice  rpr=0.0000  low=71 high=0  attempts=3  state=ON  metric=rpr
2026-10-07T12:36:55Z  OBSERVE  frontend->cartservice  rpr=0.0000  low=72 high=0  attempts=3  state=ON  metric=rpr
2026-10-07T12:36:55Z  OBSERVE  frontend->checkoutservice  rpr=2.3913  low=0 high=24  attempts=3  state=ON  metric=rpr
2026-10-07T12:36:55Z  OBSERVE  frontend->currencyservice  rpr=0.0000  low=72 high=0  attempts=3  state=ON  metric=rpr
2026-10-07T12:36:55Z  OBSERVE  frontend->productcatalogservice  rpr=0.0000  low=72 high=0  attempts=3  state=ON  metric=rpr
2026-10-07T12:36:55Z  OBSERVE  frontend->recommendationservice  rpr=0.0000  low=72 high=0  attempts=3  state=ON  metric=rpr
2026-10-07T12:36:55Z  OBSERVE  frontend->shippingservice  rpr=0.0000  low=71 high=0  attempts=3  state=ON  metric=rpr
2026-10-07T12:36:55Z  OBSERVE  checkoutservice->cartservice  rpr=0.0000  low=70 high=0  attempts=3  state=ON  metric=rpr
2026-10-07T12:36:55Z  OBSERVE  checkoutservice->currencyservice  rpr=0.0000  low=70 high=0  attempts=3  state=ON  metric=rpr
2026-10-07T12:36:55Z  OBSERVE  checkoutservice->emailservice  rpr=0.0000  low=69 high=0  attempts=3  state=ON  metric=rpr
2026-10-07T12:36:55Z  OBSERVE  checkoutservice->paymentservice  rpr=0.0000  low=70 high=0  attempts=3  state=ON  metric=rpr
2026-10-07T12:36:55Z  OBSERVE  checkoutservice->shippingservice  rpr=0.0000  low=70 high=0  attempts=3  state=ON  metric=rpr
2026-10-07T12:36:55Z  OBSERVE  recommendationservice->productcatalogservice  rpr=0.0000  low=71 high=0  attempts=3  state=ON  metric=rpr
2026-10-07T12:36:56Z  OBSERVE  frontend->adservice  rpr=0.0000  low=72 high=0  attempts=3  state=ON  metric=rpr
2026-10-07T12:36:56Z  OBSERVE  frontend->cartservice  rpr=0.0000  low=73 high=0  attempts=3  state=ON  metric=rpr
2026-10-07T12:36:56Z  OBSERVE  frontend->checkoutservice  rpr=1.9231  low=0 high=25  attempts=3  state=ON  metric=rpr
2026-10-07T12:36:56Z  OBSERVE  frontend->currencyservice  rpr=0.0000  low=73 high=0  attempts=3  state=ON  metric=rpr
2026-10-07T12:36:56Z  OBSERVE  frontend->productcatalogservice  rpr=0.0000  low=73 high=0  attempts=3  state=ON  metric=rpr
2026-10-07T12:36:56Z  OBSERVE  frontend->recommendationservice  rpr=0.0000  low=73 high=0  attempts=3  state=ON  metric=rpr
2026-10-07T12:36:56Z  OBSERVE  frontend->shippingservice  rpr=0.0000  low=72 high=0  attempts=3  state=ON  metric=rpr
2026-10-07T12:36:56Z  OBSERVE  checkoutservice->cartservice  rpr=0.0000  low=71 high=0  attempts=3  state=ON  metric=rpr
2026-10-07T12:36:56Z  OBSERVE  checkoutservice->currencyservice  rpr=0.0000  low=71 high=0  attempts=3  state=ON  metric=rpr
2026-10-07T12:36:56Z  OBSERVE  checkoutservice->emailservice  rpr=0.0000  low=70 high=0  attempts=3  state=ON  metric=rpr
2026-10-07T12:36:56Z  OBSERVE  checkoutservice->paymentservice  rpr=0.0000  low=71 high=0  attempts=3  state=ON  metric=rpr
2026-10-07T12:36:56Z  OBSERVE  checkoutservice->shippingservice  rpr=0.0000  low=71 high=0  attempts=3  state=ON  metric=rpr
2026-10-07T12:36:56Z  OBSERVE  recommendationservice->productcatalogservice  rpr=0.0000  low=72 high=0  attempts=3  state=ON  metric=rpr
2026-10-07T12:36:57Z  OBSERVE  frontend->adservice  rpr=0.0000  low=73 high=0  attempts=3  state=ON  metric=rpr
2026-10-07T12:36:57Z  OBSERVE  frontend->cartservice  rpr=0.0000  low=74 high=0  attempts=3  state=ON  metric=rpr
2026-10-07T12:36:57Z  OBSERVE  frontend->checkoutservice  rpr=2.0392  low=0 high=26  attempts=3  state=ON  metric=rpr
2026-10-07T12:36:57Z  OBSERVE  frontend->currencyservice  rpr=0.0000  low=74 high=0  attempts=3  state=ON  metric=rpr
2026-10-07T12:36:57Z  OBSERVE  frontend->productcatalogservice  rpr=0.0000  low=74 high=0  attempts=3  state=ON  metric=rpr
2026-10-07T12:36:57Z  OBSERVE  frontend->recommendationservice  rpr=0.0000  low=74 high=0  attempts=3  state=ON  metric=rpr
2026-10-07T12:36:57Z  OBSERVE  frontend->shippingservice  rpr=0.0000  low=73 high=0  attempts=3  state=ON  metric=rpr
2026-10-07T12:36:57Z  OBSERVE  checkoutservice->cartservice  rpr=0.0000  low=72 high=0  attempts=3  state=ON  metric=rpr
2026-10-07T12:36:57Z  OBSERVE  checkoutservice->currencyservice  rpr=0.0000  low=72 high=0  attempts=3  state=ON  metric=rpr
2026-10-07T12:36:57Z  OBSERVE  checkoutservice->emailservice  rpr=0.0000  low=71 high=0  attempts=3  state=ON  metric=rpr
2026-10-07T12:36:57Z  OBSERVE  checkoutservice->paymentservice  rpr=0.0000  low=72 high=0  attempts=3  state=ON  metric=rpr
2026-10-07T12:36:57Z  OBSERVE  checkoutservice->shippingservice  rpr=0.0000  low=72 high=0  attempts=3  state=ON  metric=rpr
2026-10-07T12:36:57Z  OBSERVE  recommendationservice->productcatalogservice  rpr=0.0000  low=73 high=0  attempts=3  state=ON  metric=rpr
2026-10-07T12:36:58Z  OBSERVE  frontend->adservice  rpr=0.0000  low=74 high=0  attempts=3  state=ON  metric=rpr
2026-10-07T12:36:58Z  OBSERVE  frontend->cartservice  rpr=0.0000  low=75 high=0  attempts=3  state=ON  metric=rpr
2026-10-07T12:36:58Z  OBSERVE  frontend->checkoutservice  rpr=1.8269  low=0 high=27  attempts=3  state=ON  metric=rpr
2026-10-07T12:36:58Z  OBSERVE  frontend->currencyservice  rpr=0.0000  low=75 high=0  attempts=3  state=ON  metric=rpr
2026-10-07T12:36:58Z  OBSERVE  frontend->productcatalogservice  rpr=0.0000  low=75 high=0  attempts=3  state=ON  metric=rpr
2026-10-07T12:36:58Z  OBSERVE  frontend->recommendationservice  rpr=0.0000  low=75 high=0  attempts=3  state=ON  metric=rpr
2026-10-07T12:36:58Z  OBSERVE  frontend->shippingservice  rpr=0.0000  low=74 high=0  attempts=3  state=ON  metric=rpr
2026-10-07T12:36:58Z  OBSERVE  checkoutservice->cartservice  rpr=0.0000  low=73 high=0  attempts=3  state=ON  metric=rpr
2026-10-07T12:36:58Z  OBSERVE  checkoutservice->currencyservice  rpr=0.0000  low=73 high=0  attempts=3  state=ON  metric=rpr
2026-10-07T12:36:58Z  OBSERVE  checkoutservice->emailservice  rpr=0.0000  low=72 high=0  attempts=3  state=ON  metric=rpr
2026-10-07T12:36:58Z  OBSERVE  checkoutservice->paymentservice  rpr=0.0000  low=73 high=0  attempts=3  state=ON  metric=rpr
2026-10-07T12:36:58Z  OBSERVE  checkoutservice->shippingservice  rpr=0.0000  low=73 high=0  attempts=3  state=ON  metric=rpr
2026-10-07T12:36:58Z  OBSERVE  recommendationservice->productcatalogservice  rpr=0.0000  low=74 high=0  attempts=3  state=ON  metric=rpr
2026-10-07T12:36:59Z  OBSERVE  frontend->adservice  rpr=0.0000  low=75 high=0  attempts=3  state=ON  metric=rpr
2026-10-07T12:36:59Z  OBSERVE  frontend->cartservice  rpr=0.0000  low=76 high=0  attempts=3  state=ON  metric=rpr
2026-10-07T12:36:59Z  OBSERVE  frontend->checkoutservice  rpr=2.6977  low=0 high=28  attempts=3  state=ON  metric=rpr
2026-10-07T12:36:59Z  OBSERVE  frontend->currencyservice  rpr=0.0000  low=76 high=0  attempts=3  state=ON  metric=rpr
2026-10-07T12:36:59Z  OBSERVE  frontend->productcatalogservice  rpr=0.0000  low=76 high=0  attempts=3  state=ON  metric=rpr
2026-10-07T12:36:59Z  OBSERVE  frontend->recommendationservice  rpr=0.0000  low=76 high=0  attempts=3  state=ON  metric=rpr
2026-10-07T12:36:59Z  OBSERVE  frontend->shippingservice  rpr=0.0000  low=75 high=0  attempts=3  state=ON  metric=rpr
2026-10-07T12:36:59Z  OBSERVE  checkoutservice->cartservice  rpr=0.0000  low=74 high=0  attempts=3  state=ON  metric=rpr
2026-10-07T12:36:59Z  OBSERVE  checkoutservice->currencyservice  rpr=0.0000  low=74 high=0  attempts=3  state=ON  metric=rpr
2026-10-07T12:36:59Z  OBSERVE  checkoutservice->emailservice  rpr=0.0000  low=73 high=0  attempts=3  state=ON  metric=rpr
2026-10-07T12:36:59Z  OBSERVE  checkoutservice->paymentservice  rpr=0.0000  low=74 high=0  attempts=3  state=ON  metric=rpr
2026-10-07T12:36:59Z  OBSERVE  checkoutservice->shippingservice  rpr=0.0000  low=74 high=0  attempts=3  state=ON  metric=rpr
2026-10-07T12:36:59Z  OBSERVE  recommendationservice->productcatalogservice  rpr=0.0000  low=75 high=0  attempts=3  state=ON  metric=rpr
2026-10-07T12:37:00Z  OBSERVE  frontend->adservice  rpr=0.0000  low=76 high=0  attempts=3  state=ON  metric=rpr
2026-10-07T12:37:00Z  OBSERVE  frontend->cartservice  rpr=0.0000  low=77 high=0  attempts=3  state=ON  metric=rpr
2026-10-07T12:37:00Z  OBSERVE  frontend->checkoutservice  rpr=1.8983  low=0 high=29  attempts=3  state=ON  metric=rpr
2026-10-07T12:37:00Z  OBSERVE  frontend->currencyservice  rpr=0.0000  low=77 high=0  attempts=3  state=ON  metric=rpr
2026-10-07T12:37:00Z  OBSERVE  frontend->productcatalogservice  rpr=0.0000  low=77 high=0  attempts=3  state=ON  metric=rpr
2026-10-07T12:37:00Z  OBSERVE  frontend->recommendationservice  rpr=0.0000  low=77 high=0  attempts=3  state=ON  metric=rpr
2026-10-07T12:37:00Z  OBSERVE  frontend->shippingservice  rpr=0.0000  low=76 high=0  attempts=3  state=ON  metric=rpr
2026-10-07T12:37:00Z  OBSERVE  checkoutservice->cartservice  rpr=0.0000  low=75 high=0  attempts=3  state=ON  metric=rpr
2026-10-07T12:37:00Z  OBSERVE  checkoutservice->currencyservice  rpr=0.0000  low=75 high=0  attempts=3  state=ON  metric=rpr
2026-10-07T12:37:00Z  OBSERVE  checkoutservice->paymentservice  rpr=0.0000  low=75 high=0  attempts=3  state=ON  metric=rpr
2026-10-07T12:37:00Z  OBSERVE  checkoutservice->shippingservice  rpr=0.0000  low=75 high=0  attempts=3  state=ON  metric=rpr
2026-10-07T12:37:00Z  OBSERVE  recommendationservice->productcatalogservice  rpr=0.0000  low=76 high=0  attempts=3  state=ON  metric=rpr
2026-10-07T12:37:01Z  OBSERVE  frontend->adservice  rpr=0.0000  low=77 high=0  attempts=3  state=ON  metric=rpr
2026-10-07T12:37:01Z  OBSERVE  frontend->cartservice  rpr=0.0000  low=78 high=0  attempts=3  state=ON  metric=rpr
2026-10-07T12:37:01Z  OBSERVE  frontend->checkoutservice  rpr=2.5000  low=0 high=30  attempts=3  state=ON  metric=rpr
2026-10-07T12:37:01Z  OBSERVE  frontend->currencyservice  rpr=0.0000  low=78 high=0  attempts=3  state=ON  metric=rpr
2026-10-07T12:37:01Z  OBSERVE  frontend->productcatalogservice  rpr=0.0000  low=78 high=0  attempts=3  state=ON  metric=rpr
2026-10-07T12:37:01Z  OBSERVE  frontend->recommendationservice  rpr=0.0000  low=78 high=0  attempts=3  state=ON  metric=rpr
2026-10-07T12:37:01Z  OBSERVE  frontend->shippingservice  rpr=0.0000  low=77 high=0  attempts=3  state=ON  metric=rpr
2026-10-07T12:37:01Z  OBSERVE  checkoutservice->cartservice  rpr=0.0000  low=76 high=0  attempts=3  state=ON  metric=rpr
2026-10-07T12:37:01Z  OBSERVE  checkoutservice->currencyservice  rpr=0.0000  low=76 high=0  attempts=3  state=ON  metric=rpr
2026-10-07T12:37:01Z  OBSERVE  checkoutservice->emailservice  rpr=0.0000  low=74 high=0  attempts=3  state=ON  metric=rpr
2026-10-07T12:37:01Z  OBSERVE  checkoutservice->paymentservice  rpr=0.0000  low=76 high=0  attempts=3  state=ON  metric=rpr
2026-10-07T12:37:01Z  OBSERVE  checkoutservice->shippingservice  rpr=0.0000  low=76 high=0  attempts=3  state=ON  metric=rpr
2026-10-07T12:37:01Z  OBSERVE  recommendationservice->productcatalogservice  rpr=0.0000  low=77 high=0  attempts=3  state=ON  metric=rpr
2026-10-07T12:37:01Z  frontend->checkoutservice  ON→OFF   rpr=2.50  consecutive_high=30  attempts=0  from_attempts=3  metric=rpr
2026-10-07T12:37:02Z  OBSERVE  frontend->adservice  rpr=0.0000  low=78 high=0  attempts=3  state=ON  metric=rpr
2026-10-07T12:37:02Z  OBSERVE  frontend->cartservice  rpr=0.0000  low=79 high=0  attempts=3  state=ON  metric=rpr
2026-10-07T12:37:02Z  OBSERVE  frontend->currencyservice  rpr=0.0000  low=79 high=0  attempts=3  state=ON  metric=rpr
2026-10-07T12:37:02Z  OBSERVE  frontend->productcatalogservice  rpr=0.0000  low=79 high=0  attempts=3  state=ON  metric=rpr
2026-10-07T12:37:02Z  OBSERVE  frontend->recommendationservice  rpr=0.0000  low=79 high=0  attempts=3  state=ON  metric=rpr
2026-10-07T12:37:02Z  OBSERVE  frontend->shippingservice  rpr=0.0000  low=78 high=0  attempts=3  state=ON  metric=rpr
2026-10-07T12:37:02Z  OBSERVE  checkoutservice->cartservice  rpr=0.0000  low=77 high=0  attempts=3  state=ON  metric=rpr
2026-10-07T12:37:02Z  OBSERVE  checkoutservice->currencyservice  rpr=0.0000  low=77 high=0  attempts=3  state=ON  metric=rpr
2026-10-07T12:37:02Z  OBSERVE  checkoutservice->emailservice  rpr=0.0000  low=75 high=0  attempts=3  state=ON  metric=rpr
2026-10-07T12:37:02Z  OBSERVE  checkoutservice->paymentservice  rpr=0.0000  low=77 high=0  attempts=3  state=ON  metric=rpr
2026-10-07T12:37:02Z  OBSERVE  checkoutservice->shippingservice  rpr=0.0000  low=77 high=0  attempts=3  state=ON  metric=rpr
2026-10-07T12:37:02Z  OBSERVE  recommendationservice->productcatalogservice  rpr=0.0000  low=78 high=0  attempts=3  state=ON  metric=rpr
2026-10-07T12:37:02Z  OBSERVE  checkoutservice  rejection=0.4730  low=0 high=1  state=OFF  metric=rejection
2026-10-07T12:37:03Z  OBSERVE  frontend->adservice  rpr=0.0000  low=79 high=0  attempts=3  state=ON  metric=rpr
2026-10-07T12:37:03Z  OBSERVE  frontend->cartservice  rpr=0.0000  low=80 high=0  attempts=3  state=ON  metric=rpr
2026-10-07T12:37:03Z  OBSERVE  frontend->currencyservice  rpr=0.0000  low=80 high=0  attempts=3  state=ON  metric=rpr
2026-10-07T12:37:03Z  OBSERVE  frontend->productcatalogservice  rpr=0.0000  low=80 high=0  attempts=3  state=ON  metric=rpr
2026-10-07T12:37:03Z  OBSERVE  frontend->recommendationservice  rpr=0.0000  low=80 high=0  attempts=3  state=ON  metric=rpr
2026-10-07T12:37:03Z  OBSERVE  frontend->shippingservice  rpr=0.0000  low=79 high=0  attempts=3  state=ON  metric=rpr
2026-10-07T12:37:03Z  OBSERVE  checkoutservice->cartservice  rpr=0.0000  low=78 high=0  attempts=3  state=ON  metric=rpr
2026-10-07T12:37:03Z  OBSERVE  checkoutservice->currencyservice  rpr=0.0000  low=78 high=0  attempts=3  state=ON  metric=rpr
2026-10-07T12:37:03Z  OBSERVE  checkoutservice->emailservice  rpr=0.0000  low=76 high=0  attempts=3  state=ON  metric=rpr
2026-10-07T12:37:03Z  OBSERVE  checkoutservice->paymentservice  rpr=0.0000  low=78 high=0  attempts=3  state=ON  metric=rpr
2026-10-07T12:37:03Z  OBSERVE  checkoutservice->shippingservice  rpr=0.0000  low=78 high=0  attempts=3  state=ON  metric=rpr
2026-10-07T12:37:03Z  OBSERVE  recommendationservice->productcatalogservice  rpr=0.0000  low=79 high=0  attempts=3  state=ON  metric=rpr
2026-10-07T12:37:03Z  OBSERVE  checkoutservice  rejection=0.7170  low=0 high=2  state=OFF  metric=rejection
2026-10-07T12:37:04Z  OBSERVE  frontend->adservice  rpr=0.0000  low=80 high=0  attempts=3  state=ON  metric=rpr
2026-10-07T12:37:04Z  OBSERVE  frontend->cartservice  rpr=0.0000  low=81 high=0  attempts=3  state=ON  metric=rpr
2026-10-07T12:37:04Z  OBSERVE  frontend->currencyservice  rpr=0.0000  low=81 high=0  attempts=3  state=ON  metric=rpr
2026-10-07T12:37:04Z  OBSERVE  frontend->productcatalogservice  rpr=0.0000  low=81 high=0  attempts=3  state=ON  metric=rpr
2026-10-07T12:37:04Z  OBSERVE  frontend->recommendationservice  rpr=0.0000  low=81 high=0  attempts=3  state=ON  metric=rpr
2026-10-07T12:37:04Z  OBSERVE  frontend->shippingservice  rpr=0.0000  low=80 high=0  attempts=3  state=ON  metric=rpr
2026-10-07T12:37:04Z  OBSERVE  checkoutservice->cartservice  rpr=0.0000  low=79 high=0  attempts=3  state=ON  metric=rpr
2026-10-07T12:37:04Z  OBSERVE  checkoutservice->currencyservice  rpr=0.0000  low=79 high=0  attempts=3  state=ON  metric=rpr
2026-10-07T12:37:04Z  OBSERVE  checkoutservice->emailservice  rpr=0.0000  low=77 high=0  attempts=3  state=ON  metric=rpr
2026-10-07T12:37:04Z  OBSERVE  checkoutservice->paymentservice  rpr=0.0000  low=79 high=0  attempts=3  state=ON  metric=rpr
2026-10-07T12:37:04Z  OBSERVE  checkoutservice->shippingservice  rpr=0.0000  low=79 high=0  attempts=3  state=ON  metric=rpr
2026-10-07T12:37:04Z  OBSERVE  recommendationservice->productcatalogservice  rpr=0.0000  low=80 high=0  attempts=3  state=ON  metric=rpr
2026-10-07T12:37:04Z  OBSERVE  checkoutservice  rejection=0.4950  low=0 high=3  state=OFF  metric=rejection
2026-10-07T12:37:05Z  OBSERVE  frontend->adservice  rpr=0.0000  low=81 high=0  attempts=3  state=ON  metric=rpr
2026-10-07T12:37:05Z  OBSERVE  frontend->cartservice  rpr=0.0000  low=82 high=0  attempts=3  state=ON  metric=rpr
2026-10-07T12:37:05Z  OBSERVE  frontend->currencyservice  rpr=0.0000  low=82 high=0  attempts=3  state=ON  metric=rpr
2026-10-07T12:37:05Z  OBSERVE  frontend->productcatalogservice  rpr=0.0000  low=82 high=0  attempts=3  state=ON  metric=rpr
2026-10-07T12:37:05Z  OBSERVE  frontend->recommendationservice  rpr=0.0000  low=82 high=0  attempts=3  state=ON  metric=rpr
2026-10-07T12:37:05Z  OBSERVE  frontend->shippingservice  rpr=0.0000  low=81 high=0  attempts=3  state=ON  metric=rpr
2026-10-07T12:37:05Z  OBSERVE  checkoutservice->cartservice  rpr=0.0000  low=80 high=0  attempts=3  state=ON  metric=rpr
2026-10-07T12:37:05Z  OBSERVE  checkoutservice->currencyservice  rpr=0.0000  low=80 high=0  attempts=3  state=ON  metric=rpr
2026-10-07T12:37:05Z  OBSERVE  checkoutservice->emailservice  rpr=0.0000  low=78 high=0  attempts=3  state=ON  metric=rpr
2026-10-07T12:37:05Z  OBSERVE  checkoutservice->paymentservice  rpr=0.0000  low=80 high=0  attempts=3  state=ON  metric=rpr
2026-10-07T12:37:05Z  OBSERVE  checkoutservice->shippingservice  rpr=0.0000  low=80 high=0  attempts=3  state=ON  metric=rpr
2026-10-07T12:37:05Z  OBSERVE  recommendationservice->productcatalogservice  rpr=0.0000  low=81 high=0  attempts=3  state=ON  metric=rpr
2026-10-07T12:37:05Z  OBSERVE  checkoutservice  rejection=0.3478  low=0 high=4  state=OFF  metric=rejection
2026-10-07T12:37:06Z  OBSERVE  frontend->adservice  rpr=0.0000  low=82 high=0  attempts=3  state=ON  metric=rpr
2026-10-07T12:37:06Z  OBSERVE  frontend->cartservice  rpr=0.0000  low=83 high=0  attempts=3  state=ON  metric=rpr
2026-10-07T12:37:06Z  OBSERVE  frontend->currencyservice  rpr=0.0000  low=83 high=0  attempts=3  state=ON  metric=rpr
2026-10-07T12:37:06Z  OBSERVE  frontend->productcatalogservice  rpr=0.0000  low=83 high=0  attempts=3  state=ON  metric=rpr
2026-10-07T12:37:06Z  OBSERVE  frontend->recommendationservice  rpr=0.0000  low=83 high=0  attempts=3  state=ON  metric=rpr
2026-10-07T12:37:06Z  OBSERVE  frontend->shippingservice  rpr=0.0000  low=82 high=0  attempts=3  state=ON  metric=rpr
2026-10-07T12:37:06Z  OBSERVE  checkoutservice->cartservice  rpr=0.0000  low=81 high=0  attempts=3  state=ON  metric=rpr
2026-10-07T12:37:06Z  OBSERVE  checkoutservice->currencyservice  rpr=0.0000  low=81 high=0  attempts=3  state=ON  metric=rpr
2026-10-07T12:37:06Z  OBSERVE  checkoutservice->emailservice  rpr=0.0000  low=79 high=0  attempts=3  state=ON  metric=rpr
2026-10-07T12:37:06Z  OBSERVE  checkoutservice->paymentservice  rpr=0.0000  low=81 high=0  attempts=3  state=ON  metric=rpr
2026-10-07T12:37:06Z  OBSERVE  checkoutservice->shippingservice  rpr=0.0000  low=81 high=0  attempts=3  state=ON  metric=rpr
2026-10-07T12:37:06Z  OBSERVE  recommendationservice->productcatalogservice  rpr=0.0000  low=82 high=0  attempts=3  state=ON  metric=rpr
2026-10-07T12:37:06Z  OBSERVE  checkoutservice  rejection=0.1579  low=0 high=5  state=OFF  metric=rejection
2026-10-07T12:37:07Z  OBSERVE  frontend->adservice  rpr=0.0000  low=83 high=0  attempts=3  state=ON  metric=rpr
2026-10-07T12:37:07Z  OBSERVE  frontend->cartservice  rpr=0.0000  low=84 high=0  attempts=3  state=ON  metric=rpr
2026-10-07T12:37:07Z  OBSERVE  frontend->currencyservice  rpr=0.0000  low=84 high=0  attempts=3  state=ON  metric=rpr
2026-10-07T12:37:07Z  OBSERVE  frontend->productcatalogservice  rpr=0.0000  low=84 high=0  attempts=3  state=ON  metric=rpr
2026-10-07T12:37:07Z  OBSERVE  frontend->recommendationservice  rpr=0.0000  low=84 high=0  attempts=3  state=ON  metric=rpr
2026-10-07T12:37:07Z  OBSERVE  frontend->shippingservice  rpr=0.0000  low=83 high=0  attempts=3  state=ON  metric=rpr
2026-10-07T12:37:07Z  OBSERVE  checkoutservice->cartservice  rpr=0.0000  low=82 high=0  attempts=3  state=ON  metric=rpr
2026-10-07T12:37:07Z  OBSERVE  checkoutservice->currencyservice  rpr=0.0000  low=82 high=0  attempts=3  state=ON  metric=rpr
2026-10-07T12:37:07Z  OBSERVE  checkoutservice->emailservice  rpr=0.0000  low=80 high=0  attempts=3  state=ON  metric=rpr
2026-10-07T12:37:07Z  OBSERVE  checkoutservice->paymentservice  rpr=0.0000  low=82 high=0  attempts=3  state=ON  metric=rpr
2026-10-07T12:37:07Z  OBSERVE  checkoutservice->shippingservice  rpr=0.0000  low=82 high=0  attempts=3  state=ON  metric=rpr
2026-10-07T12:37:07Z  OBSERVE  recommendationservice->productcatalogservice  rpr=0.0000  low=83 high=0  attempts=3  state=ON  metric=rpr
2026-10-07T12:37:07Z  OBSERVE  checkoutservice  rejection=0.1939  low=0 high=6  state=OFF  metric=rejection
2026-10-07T12:37:08Z  OBSERVE  frontend->adservice  rpr=0.0000  low=84 high=0  attempts=3  state=ON  metric=rpr
2026-10-07T12:37:08Z  OBSERVE  frontend->cartservice  rpr=0.0000  low=85 high=0  attempts=3  state=ON  metric=rpr
2026-10-07T12:37:08Z  OBSERVE  frontend->currencyservice  rpr=0.0000  low=85 high=0  attempts=3  state=ON  metric=rpr
2026-10-07T12:37:08Z  OBSERVE  frontend->productcatalogservice  rpr=0.0000  low=85 high=0  attempts=3  state=ON  metric=rpr
2026-10-07T12:37:08Z  OBSERVE  frontend->recommendationservice  rpr=0.0000  low=85 high=0  attempts=3  state=ON  metric=rpr
2026-10-07T12:37:08Z  OBSERVE  frontend->shippingservice  rpr=0.0000  low=84 high=0  attempts=3  state=ON  metric=rpr
2026-10-07T12:37:08Z  OBSERVE  checkoutservice->cartservice  rpr=0.0000  low=83 high=0  attempts=3  state=ON  metric=rpr
2026-10-07T12:37:08Z  OBSERVE  checkoutservice->currencyservice  rpr=0.0000  low=83 high=0  attempts=3  state=ON  metric=rpr
2026-10-07T12:37:08Z  OBSERVE  checkoutservice->emailservice  rpr=0.0000  low=81 high=0  attempts=3  state=ON  metric=rpr
2026-10-07T12:37:08Z  OBSERVE  checkoutservice->paymentservice  rpr=0.0000  low=83 high=0  attempts=3  state=ON  metric=rpr
2026-10-07T12:37:08Z  OBSERVE  checkoutservice->shippingservice  rpr=0.0000  low=83 high=0  attempts=3  state=ON  metric=rpr
2026-10-07T12:37:08Z  OBSERVE  recommendationservice->productcatalogservice  rpr=0.0000  low=84 high=0  attempts=3  state=ON  metric=rpr
2026-10-07T12:37:08Z  OBSERVE  checkoutservice  rejection=0.2024  low=0 high=7  state=OFF  metric=rejection
2026-10-07T12:37:09Z  OBSERVE  frontend->adservice  rpr=0.0000  low=85 high=0  attempts=3  state=ON  metric=rpr
2026-10-07T12:37:09Z  OBSERVE  frontend->cartservice  rpr=0.0000  low=86 high=0  attempts=3  state=ON  metric=rpr
2026-10-07T12:37:09Z  OBSERVE  frontend->currencyservice  rpr=0.0000  low=86 high=0  attempts=3  state=ON  metric=rpr
2026-10-07T12:37:09Z  OBSERVE  frontend->productcatalogservice  rpr=0.0000  low=86 high=0  attempts=3  state=ON  metric=rpr
2026-10-07T12:37:09Z  OBSERVE  frontend->recommendationservice  rpr=0.0000  low=86 high=0  attempts=3  state=ON  metric=rpr
2026-10-07T12:37:09Z  OBSERVE  frontend->shippingservice  rpr=0.0000  low=85 high=0  attempts=3  state=ON  metric=rpr
2026-10-07T12:37:09Z  OBSERVE  checkoutservice->cartservice  rpr=0.0000  low=84 high=0  attempts=3  state=ON  metric=rpr
2026-10-07T12:37:09Z  OBSERVE  checkoutservice->currencyservice  rpr=0.0000  low=84 high=0  attempts=3  state=ON  metric=rpr
2026-10-07T12:37:09Z  OBSERVE  checkoutservice->emailservice  rpr=0.0000  low=82 high=0  attempts=3  state=ON  metric=rpr
2026-10-07T12:37:09Z  OBSERVE  checkoutservice->paymentservice  rpr=0.0000  low=84 high=0  attempts=3  state=ON  metric=rpr
2026-10-07T12:37:09Z  OBSERVE  checkoutservice->shippingservice  rpr=0.0000  low=84 high=0  attempts=3  state=ON  metric=rpr
2026-10-07T12:37:09Z  OBSERVE  recommendationservice->productcatalogservice  rpr=0.0000  low=85 high=0  attempts=3  state=ON  metric=rpr
2026-10-07T12:37:09Z  OBSERVE  checkoutservice  rejection=0.2083  low=0 high=8  state=OFF  metric=rejection
2026-10-07T12:37:10Z  OBSERVE  frontend->adservice  rpr=0.0000  low=86 high=0  attempts=3  state=ON  metric=rpr
2026-10-07T12:37:10Z  OBSERVE  frontend->cartservice  rpr=0.0000  low=87 high=0  attempts=3  state=ON  metric=rpr
2026-10-07T12:37:10Z  OBSERVE  frontend->currencyservice  rpr=0.0000  low=87 high=0  attempts=3  state=ON  metric=rpr
2026-10-07T12:37:10Z  OBSERVE  frontend->productcatalogservice  rpr=0.0000  low=87 high=0  attempts=3  state=ON  metric=rpr
2026-10-07T12:37:10Z  OBSERVE  frontend->recommendationservice  rpr=0.0000  low=87 high=0  attempts=3  state=ON  metric=rpr
2026-10-07T12:37:10Z  OBSERVE  frontend->shippingservice  rpr=0.0000  low=86 high=0  attempts=3  state=ON  metric=rpr
2026-10-07T12:37:10Z  OBSERVE  checkoutservice->cartservice  rpr=0.0000  low=85 high=0  attempts=3  state=ON  metric=rpr
2026-10-07T12:37:10Z  OBSERVE  checkoutservice->currencyservice  rpr=0.0000  low=85 high=0  attempts=3  state=ON  metric=rpr
2026-10-07T12:37:10Z  OBSERVE  checkoutservice->emailservice  rpr=0.0000  low=83 high=0  attempts=3  state=ON  metric=rpr
2026-10-07T12:37:10Z  OBSERVE  checkoutservice->paymentservice  rpr=0.0000  low=85 high=0  attempts=3  state=ON  metric=rpr
2026-10-07T12:37:10Z  OBSERVE  checkoutservice->shippingservice  rpr=0.0000  low=85 high=0  attempts=3  state=ON  metric=rpr
2026-10-07T12:37:10Z  OBSERVE  recommendationservice->productcatalogservice  rpr=0.0000  low=86 high=0  attempts=3  state=ON  metric=rpr
2026-10-07T12:37:10Z  OBSERVE  checkoutservice  rejection=0.0442  low=1 high=0  state=OFF  metric=rejection
2026-10-07T12:37:11Z  OBSERVE  frontend->adservice  rpr=0.0000  low=87 high=0  attempts=3  state=ON  metric=rpr
2026-10-07T12:37:11Z  OBSERVE  frontend->cartservice  rpr=0.0000  low=88 high=0  attempts=3  state=ON  metric=rpr
2026-10-07T12:37:11Z  OBSERVE  frontend->currencyservice  rpr=0.0000  low=88 high=0  attempts=3  state=ON  metric=rpr
2026-10-07T12:37:11Z  OBSERVE  frontend->productcatalogservice  rpr=0.0000  low=88 high=0  attempts=3  state=ON  metric=rpr
2026-10-07T12:37:11Z  OBSERVE  frontend->recommendationservice  rpr=0.0000  low=88 high=0  attempts=3  state=ON  metric=rpr
2026-10-07T12:37:11Z  OBSERVE  frontend->shippingservice  rpr=0.0000  low=87 high=0  attempts=3  state=ON  metric=rpr
2026-10-07T12:37:11Z  OBSERVE  checkoutservice->cartservice  rpr=0.0000  low=86 high=0  attempts=3  state=ON  metric=rpr
2026-10-07T12:37:11Z  OBSERVE  checkoutservice->currencyservice  rpr=0.0000  low=86 high=0  attempts=3  state=ON  metric=rpr
2026-10-07T12:37:11Z  OBSERVE  checkoutservice->emailservice  rpr=0.0000  low=84 high=0  attempts=3  state=ON  metric=rpr
2026-10-07T12:37:11Z  OBSERVE  checkoutservice->paymentservice  rpr=0.0000  low=86 high=0  attempts=3  state=ON  metric=rpr
2026-10-07T12:37:11Z  OBSERVE  checkoutservice->shippingservice  rpr=0.0000  low=86 high=0  attempts=3  state=ON  metric=rpr
2026-10-07T12:37:11Z  OBSERVE  recommendationservice->productcatalogservice  rpr=0.0000  low=87 high=0  attempts=3  state=ON  metric=rpr
2026-10-07T12:37:11Z  OBSERVE  checkoutservice  rejection=0.3205  low=0 high=1  state=OFF  metric=rejection
2026-10-07T12:37:12Z  OBSERVE  frontend->adservice  rpr=0.0000  low=88 high=0  attempts=3  state=ON  metric=rpr
2026-10-07T12:37:12Z  OBSERVE  frontend->cartservice  rpr=0.0000  low=89 high=0  attempts=3  state=ON  metric=rpr
2026-10-07T12:37:12Z  OBSERVE  frontend->currencyservice  rpr=0.0000  low=89 high=0  attempts=3  state=ON  metric=rpr
2026-10-07T12:37:12Z  OBSERVE  frontend->productcatalogservice  rpr=0.0000  low=89 high=0  attempts=3  state=ON  metric=rpr
2026-10-07T12:37:12Z  OBSERVE  frontend->recommendationservice  rpr=0.0000  low=89 high=0  attempts=3  state=ON  metric=rpr
2026-10-07T12:37:12Z  OBSERVE  frontend->shippingservice  rpr=0.0000  low=88 high=0  attempts=3  state=ON  metric=rpr
2026-10-07T12:37:12Z  OBSERVE  checkoutservice->cartservice  rpr=0.0000  low=87 high=0  attempts=3  state=ON  metric=rpr
2026-10-07T12:37:12Z  OBSERVE  checkoutservice->currencyservice  rpr=0.0000  low=87 high=0  attempts=3  state=ON  metric=rpr
2026-10-07T12:37:12Z  OBSERVE  checkoutservice->emailservice  rpr=0.0000  low=85 high=0  attempts=3  state=ON  metric=rpr
2026-10-07T12:37:12Z  OBSERVE  checkoutservice->paymentservice  rpr=0.0000  low=87 high=0  attempts=3  state=ON  metric=rpr
2026-10-07T12:37:12Z  OBSERVE  checkoutservice->shippingservice  rpr=0.0000  low=87 high=0  attempts=3  state=ON  metric=rpr
2026-10-07T12:37:12Z  OBSERVE  recommendationservice->productcatalogservice  rpr=0.0000  low=88 high=0  attempts=3  state=ON  metric=rpr
2026-10-07T12:37:12Z  OBSERVE  checkoutservice  rejection=0.3646  low=0 high=2  state=OFF  metric=rejection
2026-10-07T12:37:13Z  OBSERVE  frontend->adservice  rpr=0.0000  low=89 high=0  attempts=3  state=ON  metric=rpr
2026-10-07T12:37:13Z  OBSERVE  frontend->cartservice  rpr=0.0000  low=90 high=0  attempts=3  state=ON  metric=rpr
2026-10-07T12:37:13Z  OBSERVE  frontend->currencyservice  rpr=0.0000  low=90 high=0  attempts=3  state=ON  metric=rpr
2026-10-07T12:37:13Z  OBSERVE  frontend->productcatalogservice  rpr=0.0000  low=90 high=0  attempts=3  state=ON  metric=rpr
2026-10-07T12:37:13Z  OBSERVE  frontend->recommendationservice  rpr=0.0000  low=90 high=0  attempts=3  state=ON  metric=rpr
2026-10-07T12:37:13Z  OBSERVE  frontend->shippingservice  rpr=0.0000  low=89 high=0  attempts=3  state=ON  metric=rpr
2026-10-07T12:37:13Z  OBSERVE  checkoutservice->cartservice  rpr=0.0000  low=88 high=0  attempts=3  state=ON  metric=rpr
2026-10-07T12:37:13Z  OBSERVE  checkoutservice->currencyservice  rpr=0.0000  low=88 high=0  attempts=3  state=ON  metric=rpr
2026-10-07T12:37:13Z  OBSERVE  checkoutservice->emailservice  rpr=0.0000  low=86 high=0  attempts=3  state=ON  metric=rpr
2026-10-07T12:37:13Z  OBSERVE  checkoutservice->paymentservice  rpr=0.0000  low=88 high=0  attempts=3  state=ON  metric=rpr
2026-10-07T12:37:13Z  OBSERVE  checkoutservice->shippingservice  rpr=0.0000  low=88 high=0  attempts=3  state=ON  metric=rpr
2026-10-07T12:37:13Z  OBSERVE  recommendationservice->productcatalogservice  rpr=0.0000  low=89 high=0  attempts=3  state=ON  metric=rpr
2026-10-07T12:37:13Z  OBSERVE  checkoutservice  rejection=0.2065  low=0 high=3  state=OFF  metric=rejection
2026-10-07T12:37:14Z  OBSERVE  frontend->adservice  rpr=0.0000  low=90 high=0  attempts=3  state=ON  metric=rpr
2026-10-07T12:37:14Z  OBSERVE  frontend->cartservice  rpr=0.0000  low=91 high=0  attempts=3  state=ON  metric=rpr
2026-10-07T12:37:14Z  OBSERVE  frontend->currencyservice  rpr=0.0000  low=91 high=0  attempts=3  state=ON  metric=rpr
2026-10-07T12:37:14Z  OBSERVE  frontend->productcatalogservice  rpr=0.0000  low=91 high=0  attempts=3  state=ON  metric=rpr
2026-10-07T12:37:14Z  OBSERVE  frontend->recommendationservice  rpr=0.0000  low=91 high=0  attempts=3  state=ON  metric=rpr
2026-10-07T12:37:14Z  OBSERVE  frontend->shippingservice  rpr=0.0000  low=90 high=0  attempts=3  state=ON  metric=rpr
2026-10-07T12:37:14Z  OBSERVE  checkoutservice->cartservice  rpr=0.0000  low=89 high=0  attempts=3  state=ON  metric=rpr
2026-10-07T12:37:14Z  OBSERVE  checkoutservice->currencyservice  rpr=0.0000  low=89 high=0  attempts=3  state=ON  metric=rpr
2026-10-07T12:37:14Z  OBSERVE  checkoutservice->emailservice  rpr=0.0000  low=87 high=0  attempts=3  state=ON  metric=rpr
2026-10-07T12:37:14Z  OBSERVE  checkoutservice->paymentservice  rpr=0.0000  low=89 high=0  attempts=3  state=ON  metric=rpr
2026-10-07T12:37:14Z  OBSERVE  checkoutservice->shippingservice  rpr=0.0000  low=89 high=0  attempts=3  state=ON  metric=rpr
2026-10-07T12:37:14Z  OBSERVE  recommendationservice->productcatalogservice  rpr=0.0000  low=90 high=0  attempts=3  state=ON  metric=rpr
2026-10-07T12:37:14Z  OBSERVE  checkoutservice  rejection=0.2644  low=0 high=4  state=OFF  metric=rejection
2026-10-07T12:37:15Z  OBSERVE  frontend->adservice  rpr=0.0000  low=91 high=0  attempts=3  state=ON  metric=rpr
2026-10-07T12:37:15Z  OBSERVE  frontend->cartservice  rpr=0.0000  low=92 high=0  attempts=3  state=ON  metric=rpr
2026-10-07T12:37:15Z  OBSERVE  frontend->currencyservice  rpr=0.0000  low=92 high=0  attempts=3  state=ON  metric=rpr
2026-10-07T12:37:15Z  OBSERVE  frontend->productcatalogservice  rpr=0.0000  low=92 high=0  attempts=3  state=ON  metric=rpr
2026-10-07T12:37:15Z  OBSERVE  frontend->recommendationservice  rpr=0.0000  low=92 high=0  attempts=3  state=ON  metric=rpr
2026-10-07T12:37:15Z  OBSERVE  frontend->shippingservice  rpr=0.0000  low=91 high=0  attempts=3  state=ON  metric=rpr
2026-10-07T12:37:15Z  OBSERVE  checkoutservice->cartservice  rpr=0.0000  low=90 high=0  attempts=3  state=ON  metric=rpr
2026-10-07T12:37:15Z  OBSERVE  checkoutservice->currencyservice  rpr=0.0000  low=90 high=0  attempts=3  state=ON  metric=rpr
2026-10-07T12:37:15Z  OBSERVE  checkoutservice->emailservice  rpr=0.0000  low=88 high=0  attempts=3  state=ON  metric=rpr
2026-10-07T12:37:15Z  OBSERVE  checkoutservice->paymentservice  rpr=0.0000  low=90 high=0  attempts=3  state=ON  metric=rpr
2026-10-07T12:37:15Z  OBSERVE  checkoutservice->shippingservice  rpr=0.0000  low=90 high=0  attempts=3  state=ON  metric=rpr
2026-10-07T12:37:15Z  OBSERVE  recommendationservice->productcatalogservice  rpr=0.0000  low=91 high=0  attempts=3  state=ON  metric=rpr
2026-10-07T12:37:15Z  OBSERVE  checkoutservice  rejection=0.2169  low=0 high=5  state=OFF  metric=rejection
2026-10-07T12:37:16Z  OBSERVE  frontend->adservice  rpr=0.0000  low=92 high=0  attempts=3  state=ON  metric=rpr
2026-10-07T12:37:16Z  OBSERVE  frontend->cartservice  rpr=0.0000  low=93 high=0  attempts=3  state=ON  metric=rpr
2026-10-07T12:37:16Z  OBSERVE  frontend->currencyservice  rpr=0.0000  low=93 high=0  attempts=3  state=ON  metric=rpr
2026-10-07T12:37:16Z  OBSERVE  frontend->productcatalogservice  rpr=0.0000  low=93 high=0  attempts=3  state=ON  metric=rpr
2026-10-07T12:37:16Z  OBSERVE  frontend->recommendationservice  rpr=0.0000  low=93 high=0  attempts=3  state=ON  metric=rpr
2026-10-07T12:37:16Z  OBSERVE  frontend->shippingservice  rpr=0.0000  low=92 high=0  attempts=3  state=ON  metric=rpr
2026-10-07T12:37:16Z  OBSERVE  checkoutservice->cartservice  rpr=0.0000  low=91 high=0  attempts=3  state=ON  metric=rpr
2026-10-07T12:37:16Z  OBSERVE  checkoutservice->currencyservice  rpr=0.0000  low=91 high=0  attempts=3  state=ON  metric=rpr
2026-10-07T12:37:16Z  OBSERVE  checkoutservice->emailservice  rpr=0.0000  low=89 high=0  attempts=3  state=ON  metric=rpr
2026-10-07T12:37:16Z  OBSERVE  checkoutservice->paymentservice  rpr=0.0000  low=91 high=0  attempts=3  state=ON  metric=rpr
2026-10-07T12:37:16Z  OBSERVE  checkoutservice->shippingservice  rpr=0.0000  low=91 high=0  attempts=3  state=ON  metric=rpr
2026-10-07T12:37:16Z  OBSERVE  recommendationservice->productcatalogservice  rpr=0.0000  low=92 high=0  attempts=3  state=ON  metric=rpr
2026-10-07T12:37:16Z  OBSERVE  checkoutservice  rejection=0.2093  low=0 high=6  state=OFF  metric=rejection
2026-10-07T12:37:17Z  OBSERVE  frontend->adservice  rpr=0.0000  low=93 high=0  attempts=3  state=ON  metric=rpr
2026-10-07T12:37:17Z  OBSERVE  frontend->cartservice  rpr=0.0000  low=94 high=0  attempts=3  state=ON  metric=rpr
2026-10-07T12:37:17Z  OBSERVE  frontend->currencyservice  rpr=0.0000  low=94 high=0  attempts=3  state=ON  metric=rpr
2026-10-07T12:37:17Z  OBSERVE  frontend->productcatalogservice  rpr=0.0000  low=94 high=0  attempts=3  state=ON  metric=rpr
2026-10-07T12:37:17Z  OBSERVE  frontend->recommendationservice  rpr=0.0000  low=94 high=0  attempts=3  state=ON  metric=rpr
2026-10-07T12:37:17Z  OBSERVE  frontend->shippingservice  rpr=0.0000  low=93 high=0  attempts=3  state=ON  metric=rpr
2026-10-07T12:37:17Z  OBSERVE  checkoutservice->cartservice  rpr=0.0000  low=92 high=0  attempts=3  state=ON  metric=rpr
2026-10-07T12:37:17Z  OBSERVE  checkoutservice->currencyservice  rpr=0.0000  low=92 high=0  attempts=3  state=ON  metric=rpr
2026-10-07T12:37:17Z  OBSERVE  checkoutservice->emailservice  rpr=0.0000  low=90 high=0  attempts=3  state=ON  metric=rpr
2026-10-07T12:37:17Z  OBSERVE  checkoutservice->paymentservice  rpr=0.0000  low=92 high=0  attempts=3  state=ON  metric=rpr
2026-10-07T12:37:17Z  OBSERVE  checkoutservice->shippingservice  rpr=0.0000  low=92 high=0  attempts=3  state=ON  metric=rpr
2026-10-07T12:37:17Z  OBSERVE  recommendationservice->productcatalogservice  rpr=0.0000  low=93 high=0  attempts=3  state=ON  metric=rpr
2026-10-07T12:37:17Z  OBSERVE  checkoutservice  rejection=0.2500  low=0 high=7  state=OFF  metric=rejection
2026-10-07T12:37:18Z  OBSERVE  frontend->adservice  rpr=0.0000  low=94 high=0  attempts=3  state=ON  metric=rpr
2026-10-07T12:37:18Z  OBSERVE  frontend->cartservice  rpr=0.0000  low=95 high=0  attempts=3  state=ON  metric=rpr
2026-10-07T12:37:18Z  OBSERVE  frontend->currencyservice  rpr=0.0000  low=95 high=0  attempts=3  state=ON  metric=rpr
2026-10-07T12:37:18Z  OBSERVE  frontend->productcatalogservice  rpr=0.0000  low=95 high=0  attempts=3  state=ON  metric=rpr
2026-10-07T12:37:18Z  OBSERVE  frontend->recommendationservice  rpr=0.0000  low=95 high=0  attempts=3  state=ON  metric=rpr
2026-10-07T12:37:18Z  OBSERVE  frontend->shippingservice  rpr=0.0000  low=94 high=0  attempts=3  state=ON  metric=rpr
2026-10-07T12:37:18Z  OBSERVE  checkoutservice->cartservice  rpr=0.0000  low=93 high=0  attempts=3  state=ON  metric=rpr
2026-10-07T12:37:18Z  OBSERVE  checkoutservice->currencyservice  rpr=0.0000  low=93 high=0  attempts=3  state=ON  metric=rpr
2026-10-07T12:37:18Z  OBSERVE  checkoutservice->emailservice  rpr=0.0000  low=91 high=0  attempts=3  state=ON  metric=rpr
2026-10-07T12:37:18Z  OBSERVE  checkoutservice->paymentservice  rpr=0.0000  low=93 high=0  attempts=3  state=ON  metric=rpr
2026-10-07T12:37:18Z  OBSERVE  checkoutservice->shippingservice  rpr=0.0000  low=93 high=0  attempts=3  state=ON  metric=rpr
2026-10-07T12:37:18Z  OBSERVE  recommendationservice->productcatalogservice  rpr=0.0000  low=94 high=0  attempts=3  state=ON  metric=rpr
2026-10-07T12:37:18Z  OBSERVE  checkoutservice  rejection=0.1667  low=0 high=8  state=OFF  metric=rejection
2026-10-07T12:37:19Z  OBSERVE  frontend->adservice  rpr=0.0000  low=95 high=0  attempts=3  state=ON  metric=rpr
2026-10-07T12:37:19Z  OBSERVE  frontend->cartservice  rpr=0.0000  low=96 high=0  attempts=3  state=ON  metric=rpr
2026-10-07T12:37:19Z  OBSERVE  frontend->currencyservice  rpr=0.0000  low=96 high=0  attempts=3  state=ON  metric=rpr
2026-10-07T12:37:19Z  OBSERVE  frontend->productcatalogservice  rpr=0.0000  low=96 high=0  attempts=3  state=ON  metric=rpr
2026-10-07T12:37:19Z  OBSERVE  frontend->recommendationservice  rpr=0.0000  low=96 high=0  attempts=3  state=ON  metric=rpr
2026-10-07T12:37:19Z  OBSERVE  frontend->shippingservice  rpr=0.0000  low=95 high=0  attempts=3  state=ON  metric=rpr
2026-10-07T12:37:19Z  OBSERVE  checkoutservice->cartservice  rpr=0.0000  low=94 high=0  attempts=3  state=ON  metric=rpr
2026-10-07T12:37:19Z  OBSERVE  checkoutservice->currencyservice  rpr=0.0000  low=94 high=0  attempts=3  state=ON  metric=rpr
2026-10-07T12:37:19Z  OBSERVE  checkoutservice->emailservice  rpr=0.0000  low=92 high=0  attempts=3  state=ON  metric=rpr
2026-10-07T12:37:19Z  OBSERVE  checkoutservice->paymentservice  rpr=0.0000  low=94 high=0  attempts=3  state=ON  metric=rpr
2026-10-07T12:37:19Z  OBSERVE  checkoutservice->shippingservice  rpr=0.0000  low=94 high=0  attempts=3  state=ON  metric=rpr
2026-10-07T12:37:19Z  OBSERVE  recommendationservice->productcatalogservice  rpr=0.0000  low=95 high=0  attempts=3  state=ON  metric=rpr
2026-10-07T12:37:19Z  OBSERVE  checkoutservice  rejection=0.1739  low=0 high=9  state=OFF  metric=rejection
2026-10-07T12:37:20Z  OBSERVE  frontend->adservice  rpr=0.0000  low=96 high=0  attempts=3  state=ON  metric=rpr
2026-10-07T12:37:20Z  OBSERVE  frontend->cartservice  rpr=0.0000  low=97 high=0  attempts=3  state=ON  metric=rpr
2026-10-07T12:37:20Z  OBSERVE  frontend->currencyservice  rpr=0.0000  low=97 high=0  attempts=3  state=ON  metric=rpr
2026-10-07T12:37:20Z  OBSERVE  frontend->productcatalogservice  rpr=0.0000  low=97 high=0  attempts=3  state=ON  metric=rpr
2026-10-07T12:37:20Z  OBSERVE  frontend->recommendationservice  rpr=0.0000  low=97 high=0  attempts=3  state=ON  metric=rpr
2026-10-07T12:37:20Z  OBSERVE  frontend->shippingservice  rpr=0.0000  low=96 high=0  attempts=3  state=ON  metric=rpr
2026-10-07T12:37:20Z  OBSERVE  checkoutservice->cartservice  rpr=0.0000  low=95 high=0  attempts=3  state=ON  metric=rpr
2026-10-07T12:37:20Z  OBSERVE  checkoutservice->currencyservice  rpr=0.0000  low=95 high=0  attempts=3  state=ON  metric=rpr
2026-10-07T12:37:20Z  OBSERVE  checkoutservice->emailservice  rpr=0.0000  low=93 high=0  attempts=3  state=ON  metric=rpr
2026-10-07T12:37:20Z  OBSERVE  checkoutservice->paymentservice  rpr=0.0000  low=95 high=0  attempts=3  state=ON  metric=rpr
2026-10-07T12:37:20Z  OBSERVE  checkoutservice->shippingservice  rpr=0.0000  low=95 high=0  attempts=3  state=ON  metric=rpr
2026-10-07T12:37:20Z  OBSERVE  recommendationservice->productcatalogservice  rpr=0.0000  low=96 high=0  attempts=3  state=ON  metric=rpr
2026-10-07T12:37:20Z  OBSERVE  checkoutservice  rejection=0.1905  low=0 high=10  state=OFF  metric=rejection
2026-10-07T12:37:21Z  OBSERVE  frontend->adservice  rpr=0.0000  low=97 high=0  attempts=3  state=ON  metric=rpr
2026-10-07T12:37:21Z  OBSERVE  frontend->cartservice  rpr=0.0000  low=98 high=0  attempts=3  state=ON  metric=rpr
2026-10-07T12:37:21Z  OBSERVE  frontend->currencyservice  rpr=0.0000  low=98 high=0  attempts=3  state=ON  metric=rpr
2026-10-07T12:37:21Z  OBSERVE  frontend->productcatalogservice  rpr=0.0000  low=98 high=0  attempts=3  state=ON  metric=rpr
2026-10-07T12:37:21Z  OBSERVE  frontend->recommendationservice  rpr=0.0000  low=98 high=0  attempts=3  state=ON  metric=rpr
2026-10-07T12:37:21Z  OBSERVE  frontend->shippingservice  rpr=0.0000  low=97 high=0  attempts=3  state=ON  metric=rpr
2026-10-07T12:37:21Z  OBSERVE  checkoutservice->cartservice  rpr=0.0000  low=96 high=0  attempts=3  state=ON  metric=rpr
2026-10-07T12:37:21Z  OBSERVE  checkoutservice->currencyservice  rpr=0.0000  low=96 high=0  attempts=3  state=ON  metric=rpr
2026-10-07T12:37:21Z  OBSERVE  checkoutservice->emailservice  rpr=0.0000  low=94 high=0  attempts=3  state=ON  metric=rpr
2026-10-07T12:37:21Z  OBSERVE  checkoutservice->paymentservice  rpr=0.0000  low=96 high=0  attempts=3  state=ON  metric=rpr
2026-10-07T12:37:21Z  OBSERVE  checkoutservice->shippingservice  rpr=0.0000  low=96 high=0  attempts=3  state=ON  metric=rpr
2026-10-07T12:37:21Z  OBSERVE  recommendationservice->productcatalogservice  rpr=0.0000  low=97 high=0  attempts=3  state=ON  metric=rpr
2026-10-07T12:37:21Z  OBSERVE  checkoutservice  rejection=0.0909  low=1 high=0  state=OFF  metric=rejection
2026-10-07T12:37:22Z  OBSERVE  frontend->adservice  rpr=0.0000  low=98 high=0  attempts=3  state=ON  metric=rpr
2026-10-07T12:37:22Z  OBSERVE  frontend->cartservice  rpr=0.0000  low=99 high=0  attempts=3  state=ON  metric=rpr
2026-10-07T12:37:22Z  OBSERVE  frontend->currencyservice  rpr=0.0000  low=99 high=0  attempts=3  state=ON  metric=rpr
2026-10-07T12:37:22Z  OBSERVE  frontend->productcatalogservice  rpr=0.0000  low=99 high=0  attempts=3  state=ON  metric=rpr
2026-10-07T12:37:22Z  OBSERVE  frontend->recommendationservice  rpr=0.0000  low=99 high=0  attempts=3  state=ON  metric=rpr
2026-10-07T12:37:22Z  OBSERVE  frontend->shippingservice  rpr=0.0000  low=98 high=0  attempts=3  state=ON  metric=rpr
2026-10-07T12:37:22Z  OBSERVE  checkoutservice->cartservice  rpr=0.0000  low=97 high=0  attempts=3  state=ON  metric=rpr
2026-10-07T12:37:22Z  OBSERVE  checkoutservice->currencyservice  rpr=0.0000  low=97 high=0  attempts=3  state=ON  metric=rpr
2026-10-07T12:37:22Z  OBSERVE  checkoutservice->emailservice  rpr=0.0000  low=95 high=0  attempts=3  state=ON  metric=rpr
2026-10-07T12:37:22Z  OBSERVE  checkoutservice->paymentservice  rpr=0.0000  low=97 high=0  attempts=3  state=ON  metric=rpr
2026-10-07T12:37:22Z  OBSERVE  checkoutservice->shippingservice  rpr=0.0000  low=97 high=0  attempts=3  state=ON  metric=rpr
2026-10-07T12:37:22Z  OBSERVE  recommendationservice->productcatalogservice  rpr=0.0000  low=98 high=0  attempts=3  state=ON  metric=rpr
2026-10-07T12:37:22Z  OBSERVE  checkoutservice  rejection=0.1782  low=0 high=1  state=OFF  metric=rejection
2026-10-07T12:37:23Z  OBSERVE  frontend->adservice  rpr=0.0000  low=99 high=0  attempts=3  state=ON  metric=rpr
2026-10-07T12:37:23Z  OBSERVE  frontend->cartservice  rpr=0.0000  low=100 high=0  attempts=3  state=ON  metric=rpr
2026-10-07T12:37:23Z  OBSERVE  frontend->currencyservice  rpr=0.0000  low=100 high=0  attempts=3  state=ON  metric=rpr
2026-10-07T12:37:23Z  OBSERVE  frontend->productcatalogservice  rpr=0.0000  low=100 high=0  attempts=3  state=ON  metric=rpr
2026-10-07T12:37:23Z  OBSERVE  frontend->recommendationservice  rpr=0.0000  low=100 high=0  attempts=3  state=ON  metric=rpr
2026-10-07T12:37:23Z  OBSERVE  frontend->shippingservice  rpr=0.0000  low=99 high=0  attempts=3  state=ON  metric=rpr
2026-10-07T12:37:23Z  OBSERVE  checkoutservice->cartservice  rpr=0.0000  low=98 high=0  attempts=3  state=ON  metric=rpr
2026-10-07T12:37:23Z  OBSERVE  checkoutservice->currencyservice  rpr=0.0000  low=98 high=0  attempts=3  state=ON  metric=rpr
2026-10-07T12:37:23Z  OBSERVE  checkoutservice->emailservice  rpr=0.0000  low=96 high=0  attempts=3  state=ON  metric=rpr
2026-10-07T12:37:23Z  OBSERVE  checkoutservice->paymentservice  rpr=0.0000  low=98 high=0  attempts=3  state=ON  metric=rpr
2026-10-07T12:37:23Z  OBSERVE  checkoutservice->shippingservice  rpr=0.0000  low=98 high=0  attempts=3  state=ON  metric=rpr
2026-10-07T12:37:23Z  OBSERVE  recommendationservice->productcatalogservice  rpr=0.0000  low=99 high=0  attempts=3  state=ON  metric=rpr
2026-10-07T12:37:23Z  OBSERVE  checkoutservice  rejection=0.1340  low=0 high=2  state=OFF  metric=rejection
2026-10-07T12:37:24Z  OBSERVE  frontend->adservice  rpr=0.0000  low=100 high=0  attempts=3  state=ON  metric=rpr
2026-10-07T12:37:24Z  OBSERVE  frontend->cartservice  rpr=0.0000  low=101 high=0  attempts=3  state=ON  metric=rpr
2026-10-07T12:37:24Z  OBSERVE  frontend->currencyservice  rpr=0.0000  low=101 high=0  attempts=3  state=ON  metric=rpr
2026-10-07T12:37:24Z  OBSERVE  frontend->productcatalogservice  rpr=0.0000  low=101 high=0  attempts=3  state=ON  metric=rpr
2026-10-07T12:37:24Z  OBSERVE  frontend->recommendationservice  rpr=0.0000  low=101 high=0  attempts=3  state=ON  metric=rpr
2026-10-07T12:37:24Z  OBSERVE  frontend->shippingservice  rpr=0.0000  low=100 high=0  attempts=3  state=ON  metric=rpr
2026-10-07T12:37:24Z  OBSERVE  checkoutservice->cartservice  rpr=0.0000  low=99 high=0  attempts=3  state=ON  metric=rpr
2026-10-07T12:37:24Z  OBSERVE  checkoutservice->currencyservice  rpr=0.0000  low=99 high=0  attempts=3  state=ON  metric=rpr
2026-10-07T12:37:24Z  OBSERVE  checkoutservice->emailservice  rpr=0.0000  low=97 high=0  attempts=3  state=ON  metric=rpr
2026-10-07T12:37:24Z  OBSERVE  checkoutservice->paymentservice  rpr=0.0000  low=99 high=0  attempts=3  state=ON  metric=rpr
2026-10-07T12:37:24Z  OBSERVE  checkoutservice->shippingservice  rpr=0.0000  low=99 high=0  attempts=3  state=ON  metric=rpr
2026-10-07T12:37:24Z  OBSERVE  recommendationservice->productcatalogservice  rpr=0.0000  low=100 high=0  attempts=3  state=ON  metric=rpr
2026-10-07T12:37:24Z  OBSERVE  checkoutservice  rejection=0.2308  low=0 high=3  state=OFF  metric=rejection
2026-10-07T12:37:25Z  OBSERVE  frontend->adservice  rpr=0.0000  low=101 high=0  attempts=3  state=ON  metric=rpr
2026-10-07T12:37:25Z  OBSERVE  frontend->cartservice  rpr=0.0000  low=102 high=0  attempts=3  state=ON  metric=rpr
2026-10-07T12:37:25Z  OBSERVE  frontend->currencyservice  rpr=0.0000  low=102 high=0  attempts=3  state=ON  metric=rpr
2026-10-07T12:37:25Z  OBSERVE  frontend->productcatalogservice  rpr=0.0000  low=102 high=0  attempts=3  state=ON  metric=rpr
2026-10-07T12:37:25Z  OBSERVE  frontend->recommendationservice  rpr=0.0000  low=102 high=0  attempts=3  state=ON  metric=rpr
2026-10-07T12:37:25Z  OBSERVE  frontend->shippingservice  rpr=0.0000  low=101 high=0  attempts=3  state=ON  metric=rpr
2026-10-07T12:37:25Z  OBSERVE  checkoutservice->cartservice  rpr=0.0000  low=100 high=0  attempts=3  state=ON  metric=rpr
2026-10-07T12:37:25Z  OBSERVE  checkoutservice->currencyservice  rpr=0.0000  low=100 high=0  attempts=3  state=ON  metric=rpr
2026-10-07T12:37:25Z  OBSERVE  checkoutservice->emailservice  rpr=0.0000  low=98 high=0  attempts=3  state=ON  metric=rpr
2026-10-07T12:37:25Z  OBSERVE  checkoutservice->paymentservice  rpr=0.0000  low=100 high=0  attempts=3  state=ON  metric=rpr
2026-10-07T12:37:25Z  OBSERVE  checkoutservice->shippingservice  rpr=0.0000  low=100 high=0  attempts=3  state=ON  metric=rpr
2026-10-07T12:37:25Z  OBSERVE  recommendationservice->productcatalogservice  rpr=0.0000  low=101 high=0  attempts=3  state=ON  metric=rpr
2026-10-07T12:37:25Z  OBSERVE  checkoutservice  rejection=0.0581  low=1 high=0  state=OFF  metric=rejection
2026-10-07T12:37:26Z  OBSERVE  frontend->adservice  rpr=0.0000  low=102 high=0  attempts=3  state=ON  metric=rpr
2026-10-07T12:37:26Z  OBSERVE  frontend->cartservice  rpr=0.0000  low=103 high=0  attempts=3  state=ON  metric=rpr
2026-10-07T12:37:26Z  OBSERVE  frontend->currencyservice  rpr=0.0000  low=103 high=0  attempts=3  state=ON  metric=rpr
2026-10-07T12:37:26Z  OBSERVE  frontend->productcatalogservice  rpr=0.0000  low=103 high=0  attempts=3  state=ON  metric=rpr
2026-10-07T12:37:26Z  OBSERVE  frontend->recommendationservice  rpr=0.0000  low=103 high=0  attempts=3  state=ON  metric=rpr
2026-10-07T12:37:26Z  OBSERVE  frontend->shippingservice  rpr=0.0000  low=102 high=0  attempts=3  state=ON  metric=rpr
2026-10-07T12:37:26Z  OBSERVE  checkoutservice->cartservice  rpr=0.0000  low=101 high=0  attempts=3  state=ON  metric=rpr
2026-10-07T12:37:26Z  OBSERVE  checkoutservice->currencyservice  rpr=0.0000  low=101 high=0  attempts=3  state=ON  metric=rpr
2026-10-07T12:37:26Z  OBSERVE  checkoutservice->emailservice  rpr=0.0000  low=99 high=0  attempts=3  state=ON  metric=rpr
2026-10-07T12:37:26Z  OBSERVE  checkoutservice->paymentservice  rpr=0.0000  low=101 high=0  attempts=3  state=ON  metric=rpr
2026-10-07T12:37:26Z  OBSERVE  checkoutservice->shippingservice  rpr=0.0000  low=101 high=0  attempts=3  state=ON  metric=rpr
2026-10-07T12:37:26Z  OBSERVE  recommendationservice->productcatalogservice  rpr=0.0000  low=102 high=0  attempts=3  state=ON  metric=rpr
2026-10-07T12:37:26Z  OBSERVE  checkoutservice  rejection=0.2292  low=0 high=1  state=OFF  metric=rejection
2026-10-07T12:37:27Z  OBSERVE  frontend->adservice  rpr=0.0000  low=103 high=0  attempts=3  state=ON  metric=rpr
2026-10-07T12:37:27Z  OBSERVE  frontend->cartservice  rpr=0.0000  low=104 high=0  attempts=3  state=ON  metric=rpr
2026-10-07T12:37:27Z  OBSERVE  frontend->currencyservice  rpr=0.0000  low=104 high=0  attempts=3  state=ON  metric=rpr
2026-10-07T12:37:27Z  OBSERVE  frontend->productcatalogservice  rpr=0.0000  low=104 high=0  attempts=3  state=ON  metric=rpr
2026-10-07T12:37:27Z  OBSERVE  frontend->recommendationservice  rpr=0.0000  low=104 high=0  attempts=3  state=ON  metric=rpr
2026-10-07T12:37:27Z  OBSERVE  frontend->shippingservice  rpr=0.0000  low=103 high=0  attempts=3  state=ON  metric=rpr
2026-10-07T12:37:27Z  OBSERVE  checkoutservice->cartservice  rpr=0.0000  low=102 high=0  attempts=3  state=ON  metric=rpr
2026-10-07T12:37:27Z  OBSERVE  checkoutservice->currencyservice  rpr=0.0000  low=102 high=0  attempts=3  state=ON  metric=rpr
2026-10-07T12:37:27Z  OBSERVE  checkoutservice->emailservice  rpr=0.0000  low=100 high=0  attempts=3  state=ON  metric=rpr
2026-10-07T12:37:27Z  OBSERVE  checkoutservice->paymentservice  rpr=0.0000  low=102 high=0  attempts=3  state=ON  metric=rpr
2026-10-07T12:37:27Z  OBSERVE  checkoutservice->shippingservice  rpr=0.0000  low=102 high=0  attempts=3  state=ON  metric=rpr
2026-10-07T12:37:27Z  OBSERVE  recommendationservice->productcatalogservice  rpr=0.0000  low=103 high=0  attempts=3  state=ON  metric=rpr
2026-10-07T12:37:27Z  OBSERVE  checkoutservice  rejection=0.1868  low=0 high=2  state=OFF  metric=rejection
2026-10-07T12:37:28Z  OBSERVE  frontend->adservice  rpr=0.0000  low=104 high=0  attempts=3  state=ON  metric=rpr
2026-10-07T12:37:28Z  OBSERVE  frontend->cartservice  rpr=0.0000  low=105 high=0  attempts=3  state=ON  metric=rpr
2026-10-07T12:37:28Z  OBSERVE  frontend->currencyservice  rpr=0.0000  low=105 high=0  attempts=3  state=ON  metric=rpr
2026-10-07T12:37:28Z  OBSERVE  frontend->productcatalogservice  rpr=0.0000  low=105 high=0  attempts=3  state=ON  metric=rpr
2026-10-07T12:37:28Z  OBSERVE  frontend->recommendationservice  rpr=0.0000  low=105 high=0  attempts=3  state=ON  metric=rpr
2026-10-07T12:37:28Z  OBSERVE  frontend->shippingservice  rpr=0.0000  low=104 high=0  attempts=3  state=ON  metric=rpr
2026-10-07T12:37:28Z  OBSERVE  checkoutservice->cartservice  rpr=0.0000  low=103 high=0  attempts=3  state=ON  metric=rpr
2026-10-07T12:37:28Z  OBSERVE  checkoutservice->currencyservice  rpr=0.0000  low=103 high=0  attempts=3  state=ON  metric=rpr
2026-10-07T12:37:28Z  OBSERVE  checkoutservice->emailservice  rpr=0.0000  low=101 high=0  attempts=3  state=ON  metric=rpr
2026-10-07T12:37:28Z  OBSERVE  checkoutservice->paymentservice  rpr=0.0000  low=103 high=0  attempts=3  state=ON  metric=rpr
2026-10-07T12:37:28Z  OBSERVE  checkoutservice->shippingservice  rpr=0.0000  low=103 high=0  attempts=3  state=ON  metric=rpr
2026-10-07T12:37:28Z  OBSERVE  recommendationservice->productcatalogservice  rpr=0.0000  low=104 high=0  attempts=3  state=ON  metric=rpr
2026-10-07T12:37:28Z  OBSERVE  checkoutservice  rejection=0.2527  low=0 high=3  state=OFF  metric=rejection
2026-10-07T12:37:29Z  OBSERVE  frontend->adservice  rpr=0.0000  low=105 high=0  attempts=3  state=ON  metric=rpr
2026-10-07T12:37:29Z  OBSERVE  frontend->cartservice  rpr=0.0000  low=106 high=0  attempts=3  state=ON  metric=rpr
2026-10-07T12:37:29Z  OBSERVE  frontend->currencyservice  rpr=0.0000  low=106 high=0  attempts=3  state=ON  metric=rpr
2026-10-07T12:37:29Z  OBSERVE  frontend->productcatalogservice  rpr=0.0000  low=106 high=0  attempts=3  state=ON  metric=rpr
2026-10-07T12:37:29Z  OBSERVE  frontend->recommendationservice  rpr=0.0000  low=106 high=0  attempts=3  state=ON  metric=rpr
2026-10-07T12:37:29Z  OBSERVE  frontend->shippingservice  rpr=0.0000  low=105 high=0  attempts=3  state=ON  metric=rpr
2026-10-07T12:37:29Z  OBSERVE  checkoutservice->cartservice  rpr=0.0000  low=104 high=0  attempts=3  state=ON  metric=rpr
2026-10-07T12:37:29Z  OBSERVE  checkoutservice->currencyservice  rpr=0.0000  low=104 high=0  attempts=3  state=ON  metric=rpr
2026-10-07T12:37:29Z  OBSERVE  checkoutservice->emailservice  rpr=0.0000  low=102 high=0  attempts=3  state=ON  metric=rpr
2026-10-07T12:37:29Z  OBSERVE  checkoutservice->paymentservice  rpr=0.0000  low=104 high=0  attempts=3  state=ON  metric=rpr
2026-10-07T12:37:29Z  OBSERVE  checkoutservice->shippingservice  rpr=0.0000  low=104 high=0  attempts=3  state=ON  metric=rpr
2026-10-07T12:37:29Z  OBSERVE  recommendationservice->productcatalogservice  rpr=0.0000  low=105 high=0  attempts=3  state=ON  metric=rpr
2026-10-07T12:37:29Z  OBSERVE  checkoutservice  rejection=0.3152  low=0 high=4  state=OFF  metric=rejection
2026-10-07T12:37:30Z  OBSERVE  frontend->adservice  rpr=0.0000  low=106 high=0  attempts=3  state=ON  metric=rpr
2026-10-07T12:37:30Z  OBSERVE  frontend->cartservice  rpr=0.0000  low=107 high=0  attempts=3  state=ON  metric=rpr
2026-10-07T12:37:30Z  OBSERVE  frontend->currencyservice  rpr=0.0000  low=107 high=0  attempts=3  state=ON  metric=rpr
2026-10-07T12:37:30Z  OBSERVE  frontend->productcatalogservice  rpr=0.0000  low=107 high=0  attempts=3  state=ON  metric=rpr
2026-10-07T12:37:30Z  OBSERVE  frontend->recommendationservice  rpr=0.0000  low=107 high=0  attempts=3  state=ON  metric=rpr
2026-10-07T12:37:30Z  OBSERVE  frontend->shippingservice  rpr=0.0000  low=106 high=0  attempts=3  state=ON  metric=rpr
2026-10-07T12:37:30Z  OBSERVE  checkoutservice->cartservice  rpr=0.0000  low=105 high=0  attempts=3  state=ON  metric=rpr
2026-10-07T12:37:30Z  OBSERVE  checkoutservice->currencyservice  rpr=0.0000  low=105 high=0  attempts=3  state=ON  metric=rpr
2026-10-07T12:37:30Z  OBSERVE  checkoutservice->emailservice  rpr=0.0000  low=103 high=0  attempts=3  state=ON  metric=rpr
2026-10-07T12:37:30Z  OBSERVE  checkoutservice->paymentservice  rpr=0.0000  low=105 high=0  attempts=3  state=ON  metric=rpr
2026-10-07T12:37:30Z  OBSERVE  checkoutservice->shippingservice  rpr=0.0000  low=105 high=0  attempts=3  state=ON  metric=rpr
2026-10-07T12:37:30Z  OBSERVE  recommendationservice->productcatalogservice  rpr=0.0000  low=106 high=0  attempts=3  state=ON  metric=rpr
2026-10-07T12:37:30Z  OBSERVE  checkoutservice  rejection=0.1294  low=0 high=5  state=OFF  metric=rejection
2026-10-07T12:37:31Z  OBSERVE  frontend->adservice  rpr=0.0000  low=107 high=0  attempts=3  state=ON  metric=rpr
2026-10-07T12:37:31Z  OBSERVE  frontend->cartservice  rpr=0.0000  low=108 high=0  attempts=3  state=ON  metric=rpr
2026-10-07T12:37:31Z  OBSERVE  frontend->currencyservice  rpr=0.0000  low=108 high=0  attempts=3  state=ON  metric=rpr
2026-10-07T12:37:31Z  OBSERVE  frontend->productcatalogservice  rpr=0.0000  low=108 high=0  attempts=3  state=ON  metric=rpr
2026-10-07T12:37:31Z  OBSERVE  frontend->recommendationservice  rpr=0.0000  low=108 high=0  attempts=3  state=ON  metric=rpr
2026-10-07T12:37:31Z  OBSERVE  frontend->shippingservice  rpr=0.0000  low=107 high=0  attempts=3  state=ON  metric=rpr
2026-10-07T12:37:31Z  OBSERVE  checkoutservice->cartservice  rpr=0.0000  low=106 high=0  attempts=3  state=ON  metric=rpr
2026-10-07T12:37:31Z  OBSERVE  checkoutservice->currencyservice  rpr=0.0000  low=106 high=0  attempts=3  state=ON  metric=rpr
2026-10-07T12:37:31Z  OBSERVE  checkoutservice->emailservice  rpr=0.0000  low=104 high=0  attempts=3  state=ON  metric=rpr
2026-10-07T12:37:31Z  OBSERVE  checkoutservice->paymentservice  rpr=0.0000  low=106 high=0  attempts=3  state=ON  metric=rpr
2026-10-07T12:37:31Z  OBSERVE  checkoutservice->shippingservice  rpr=0.0000  low=106 high=0  attempts=3  state=ON  metric=rpr
2026-10-07T12:37:31Z  OBSERVE  recommendationservice->productcatalogservice  rpr=0.0000  low=107 high=0  attempts=3  state=ON  metric=rpr
2026-10-07T12:37:31Z  OBSERVE  checkoutservice  rejection=0.2099  low=0 high=6  state=OFF  metric=rejection
2026-10-07T12:37:32Z  OBSERVE  frontend->adservice  rpr=0.0000  low=108 high=0  attempts=3  state=ON  metric=rpr
2026-10-07T12:37:32Z  OBSERVE  frontend->cartservice  rpr=0.0000  low=109 high=0  attempts=3  state=ON  metric=rpr
2026-10-07T12:37:32Z  OBSERVE  frontend->currencyservice  rpr=0.0000  low=109 high=0  attempts=3  state=ON  metric=rpr
2026-10-07T12:37:32Z  OBSERVE  frontend->productcatalogservice  rpr=0.0000  low=109 high=0  attempts=3  state=ON  metric=rpr
2026-10-07T12:37:32Z  OBSERVE  frontend->recommendationservice  rpr=0.0000  low=109 high=0  attempts=3  state=ON  metric=rpr
2026-10-07T12:37:32Z  OBSERVE  frontend->shippingservice  rpr=0.0000  low=108 high=0  attempts=3  state=ON  metric=rpr
2026-10-07T12:37:32Z  OBSERVE  checkoutservice->cartservice  rpr=0.0000  low=107 high=0  attempts=3  state=ON  metric=rpr
2026-10-07T12:37:32Z  OBSERVE  checkoutservice->currencyservice  rpr=0.0000  low=107 high=0  attempts=3  state=ON  metric=rpr
2026-10-07T12:37:32Z  OBSERVE  checkoutservice->emailservice  rpr=0.0000  low=105 high=0  attempts=3  state=ON  metric=rpr
2026-10-07T12:37:32Z  OBSERVE  checkoutservice->paymentservice  rpr=0.0000  low=107 high=0  attempts=3  state=ON  metric=rpr
2026-10-07T12:37:32Z  OBSERVE  checkoutservice->shippingservice  rpr=0.0000  low=107 high=0  attempts=3  state=ON  metric=rpr
2026-10-07T12:37:32Z  OBSERVE  recommendationservice->productcatalogservice  rpr=0.0000  low=108 high=0  attempts=3  state=ON  metric=rpr
2026-10-07T12:37:32Z  OBSERVE  checkoutservice  rejection=0.2821  low=0 high=7  state=OFF  metric=rejection
2026-10-07T12:37:33Z  OBSERVE  frontend->adservice  rpr=0.0000  low=109 high=0  attempts=3  state=ON  metric=rpr
2026-10-07T12:37:33Z  OBSERVE  frontend->cartservice  rpr=0.0000  low=110 high=0  attempts=3  state=ON  metric=rpr
2026-10-07T12:37:33Z  OBSERVE  frontend->currencyservice  rpr=0.0000  low=110 high=0  attempts=3  state=ON  metric=rpr
2026-10-07T12:37:33Z  OBSERVE  frontend->productcatalogservice  rpr=0.0000  low=110 high=0  attempts=3  state=ON  metric=rpr
2026-10-07T12:37:33Z  OBSERVE  frontend->recommendationservice  rpr=0.0000  low=110 high=0  attempts=3  state=ON  metric=rpr
2026-10-07T12:37:33Z  OBSERVE  frontend->shippingservice  rpr=0.0000  low=109 high=0  attempts=3  state=ON  metric=rpr
2026-10-07T12:37:33Z  OBSERVE  checkoutservice->cartservice  rpr=0.0000  low=108 high=0  attempts=3  state=ON  metric=rpr
2026-10-07T12:37:33Z  OBSERVE  checkoutservice->currencyservice  rpr=0.0000  low=108 high=0  attempts=3  state=ON  metric=rpr
2026-10-07T12:37:33Z  OBSERVE  checkoutservice->emailservice  rpr=0.0000  low=106 high=0  attempts=3  state=ON  metric=rpr
2026-10-07T12:37:33Z  OBSERVE  checkoutservice->paymentservice  rpr=0.0000  low=108 high=0  attempts=3  state=ON  metric=rpr
2026-10-07T12:37:33Z  OBSERVE  checkoutservice->shippingservice  rpr=0.0000  low=108 high=0  attempts=3  state=ON  metric=rpr
2026-10-07T12:37:33Z  OBSERVE  recommendationservice->productcatalogservice  rpr=0.0000  low=109 high=0  attempts=3  state=ON  metric=rpr
2026-10-07T12:37:33Z  OBSERVE  checkoutservice  rejection=0.2000  low=0 high=8  state=OFF  metric=rejection
2026-10-07T12:37:34Z  OBSERVE  frontend->adservice  rpr=0.0000  low=110 high=0  attempts=3  state=ON  metric=rpr
2026-10-07T12:37:34Z  OBSERVE  frontend->cartservice  rpr=0.0000  low=111 high=0  attempts=3  state=ON  metric=rpr
2026-10-07T12:37:34Z  OBSERVE  frontend->currencyservice  rpr=0.0000  low=111 high=0  attempts=3  state=ON  metric=rpr
2026-10-07T12:37:34Z  OBSERVE  frontend->productcatalogservice  rpr=0.0000  low=111 high=0  attempts=3  state=ON  metric=rpr
2026-10-07T12:37:34Z  OBSERVE  frontend->recommendationservice  rpr=0.0000  low=111 high=0  attempts=3  state=ON  metric=rpr
2026-10-07T12:37:34Z  OBSERVE  frontend->shippingservice  rpr=0.0000  low=110 high=0  attempts=3  state=ON  metric=rpr
2026-10-07T12:37:34Z  OBSERVE  checkoutservice->cartservice  rpr=0.0000  low=109 high=0  attempts=3  state=ON  metric=rpr
2026-10-07T12:37:34Z  OBSERVE  checkoutservice->currencyservice  rpr=0.0000  low=109 high=0  attempts=3  state=ON  metric=rpr
2026-10-07T12:37:34Z  OBSERVE  checkoutservice->emailservice  rpr=0.0000  low=107 high=0  attempts=3  state=ON  metric=rpr
2026-10-07T12:37:34Z  OBSERVE  checkoutservice->paymentservice  rpr=0.0000  low=109 high=0  attempts=3  state=ON  metric=rpr
2026-10-07T12:37:34Z  OBSERVE  checkoutservice->shippingservice  rpr=0.0000  low=109 high=0  attempts=3  state=ON  metric=rpr
2026-10-07T12:37:34Z  OBSERVE  recommendationservice->productcatalogservice  rpr=0.0000  low=110 high=0  attempts=3  state=ON  metric=rpr
2026-10-07T12:37:34Z  OBSERVE  checkoutservice  rejection=0.2841  low=0 high=9  state=OFF  metric=rejection
2026-10-07T12:37:35Z  OBSERVE  frontend->adservice  rpr=0.0000  low=111 high=0  attempts=3  state=ON  metric=rpr
2026-10-07T12:37:35Z  OBSERVE  frontend->cartservice  rpr=0.0000  low=112 high=0  attempts=3  state=ON  metric=rpr
2026-10-07T12:37:35Z  OBSERVE  frontend->currencyservice  rpr=0.0000  low=112 high=0  attempts=3  state=ON  metric=rpr
2026-10-07T12:37:35Z  OBSERVE  frontend->productcatalogservice  rpr=0.0000  low=112 high=0  attempts=3  state=ON  metric=rpr
2026-10-07T12:37:35Z  OBSERVE  frontend->recommendationservice  rpr=0.0000  low=112 high=0  attempts=3  state=ON  metric=rpr
2026-10-07T12:37:35Z  OBSERVE  frontend->shippingservice  rpr=0.0000  low=111 high=0  attempts=3  state=ON  metric=rpr
2026-10-07T12:37:35Z  OBSERVE  checkoutservice->cartservice  rpr=0.0000  low=110 high=0  attempts=3  state=ON  metric=rpr
2026-10-07T12:37:35Z  OBSERVE  checkoutservice->currencyservice  rpr=0.0000  low=110 high=0  attempts=3  state=ON  metric=rpr
2026-10-07T12:37:35Z  OBSERVE  checkoutservice->emailservice  rpr=0.0000  low=108 high=0  attempts=3  state=ON  metric=rpr
2026-10-07T12:37:35Z  OBSERVE  checkoutservice->paymentservice  rpr=0.0000  low=110 high=0  attempts=3  state=ON  metric=rpr
2026-10-07T12:37:35Z  OBSERVE  checkoutservice->shippingservice  rpr=0.0000  low=110 high=0  attempts=3  state=ON  metric=rpr
2026-10-07T12:37:35Z  OBSERVE  recommendationservice->productcatalogservice  rpr=0.0000  low=111 high=0  attempts=3  state=ON  metric=rpr
2026-10-07T12:37:35Z  OBSERVE  checkoutservice  rejection=0.2747  low=0 high=10  state=OFF  metric=rejection
2026-10-07T12:37:36Z  OBSERVE  frontend->adservice  rpr=0.0000  low=112 high=0  attempts=3  state=ON  metric=rpr
2026-10-07T12:37:36Z  OBSERVE  frontend->cartservice  rpr=0.0000  low=113 high=0  attempts=3  state=ON  metric=rpr
2026-10-07T12:37:36Z  OBSERVE  frontend->currencyservice  rpr=0.0000  low=113 high=0  attempts=3  state=ON  metric=rpr
2026-10-07T12:37:36Z  OBSERVE  frontend->productcatalogservice  rpr=0.0000  low=113 high=0  attempts=3  state=ON  metric=rpr
2026-10-07T12:37:36Z  OBSERVE  frontend->recommendationservice  rpr=0.0000  low=113 high=0  attempts=3  state=ON  metric=rpr
2026-10-07T12:37:36Z  OBSERVE  frontend->shippingservice  rpr=0.0000  low=112 high=0  attempts=3  state=ON  metric=rpr
2026-10-07T12:37:36Z  OBSERVE  checkoutservice->cartservice  rpr=0.0000  low=111 high=0  attempts=3  state=ON  metric=rpr
2026-10-07T12:37:36Z  OBSERVE  checkoutservice->currencyservice  rpr=0.0000  low=111 high=0  attempts=3  state=ON  metric=rpr
2026-10-07T12:37:36Z  OBSERVE  checkoutservice->emailservice  rpr=0.0000  low=109 high=0  attempts=3  state=ON  metric=rpr
2026-10-07T12:37:36Z  OBSERVE  checkoutservice->paymentservice  rpr=0.0000  low=111 high=0  attempts=3  state=ON  metric=rpr
2026-10-07T12:37:36Z  OBSERVE  checkoutservice->shippingservice  rpr=0.0000  low=111 high=0  attempts=3  state=ON  metric=rpr
2026-10-07T12:37:36Z  OBSERVE  recommendationservice->productcatalogservice  rpr=0.0000  low=112 high=0  attempts=3  state=ON  metric=rpr
2026-10-07T12:37:36Z  OBSERVE  checkoutservice  rejection=0.0833  low=1 high=0  state=OFF  metric=rejection
2026-10-07T12:37:37Z  OBSERVE  frontend->adservice  rpr=0.0000  low=113 high=0  attempts=3  state=ON  metric=rpr
2026-10-07T12:37:37Z  OBSERVE  frontend->cartservice  rpr=0.0000  low=114 high=0  attempts=3  state=ON  metric=rpr
2026-10-07T12:37:37Z  OBSERVE  frontend->currencyservice  rpr=0.0000  low=114 high=0  attempts=3  state=ON  metric=rpr
2026-10-07T12:37:37Z  OBSERVE  frontend->productcatalogservice  rpr=0.0000  low=114 high=0  attempts=3  state=ON  metric=rpr
2026-10-07T12:37:37Z  OBSERVE  frontend->recommendationservice  rpr=0.0000  low=114 high=0  attempts=3  state=ON  metric=rpr
2026-10-07T12:37:37Z  OBSERVE  frontend->shippingservice  rpr=0.0000  low=113 high=0  attempts=3  state=ON  metric=rpr
2026-10-07T12:37:37Z  OBSERVE  checkoutservice->cartservice  rpr=0.0000  low=112 high=0  attempts=3  state=ON  metric=rpr
2026-10-07T12:37:37Z  OBSERVE  checkoutservice->currencyservice  rpr=0.0000  low=112 high=0  attempts=3  state=ON  metric=rpr
2026-10-07T12:37:37Z  OBSERVE  checkoutservice->emailservice  rpr=0.0000  low=110 high=0  attempts=3  state=ON  metric=rpr
2026-10-07T12:37:37Z  OBSERVE  checkoutservice->paymentservice  rpr=0.0000  low=112 high=0  attempts=3  state=ON  metric=rpr
2026-10-07T12:37:37Z  OBSERVE  checkoutservice->shippingservice  rpr=0.0000  low=112 high=0  attempts=3  state=ON  metric=rpr
2026-10-07T12:37:37Z  OBSERVE  recommendationservice->productcatalogservice  rpr=0.0000  low=113 high=0  attempts=3  state=ON  metric=rpr
2026-10-07T12:37:37Z  OBSERVE  checkoutservice  rejection=0.4578  low=0 high=1  state=OFF  metric=rejection
2026-10-07T12:37:38Z  OBSERVE  frontend->adservice  rpr=0.0000  low=114 high=0  attempts=3  state=ON  metric=rpr
2026-10-07T12:37:38Z  OBSERVE  frontend->cartservice  rpr=0.0000  low=115 high=0  attempts=3  state=ON  metric=rpr
2026-10-07T12:37:38Z  OBSERVE  frontend->currencyservice  rpr=0.0000  low=115 high=0  attempts=3  state=ON  metric=rpr
2026-10-07T12:37:38Z  OBSERVE  frontend->productcatalogservice  rpr=0.0000  low=115 high=0  attempts=3  state=ON  metric=rpr
2026-10-07T12:37:38Z  OBSERVE  frontend->recommendationservice  rpr=0.0000  low=115 high=0  attempts=3  state=ON  metric=rpr
2026-10-07T12:37:38Z  OBSERVE  frontend->shippingservice  rpr=0.0000  low=114 high=0  attempts=3  state=ON  metric=rpr
2026-10-07T12:37:38Z  OBSERVE  checkoutservice->cartservice  rpr=0.0000  low=113 high=0  attempts=3  state=ON  metric=rpr
2026-10-07T12:37:38Z  OBSERVE  checkoutservice->currencyservice  rpr=0.0000  low=113 high=0  attempts=3  state=ON  metric=rpr
2026-10-07T12:37:38Z  OBSERVE  checkoutservice->emailservice  rpr=0.0000  low=111 high=0  attempts=3  state=ON  metric=rpr
2026-10-07T12:37:38Z  OBSERVE  checkoutservice->paymentservice  rpr=0.0000  low=113 high=0  attempts=3  state=ON  metric=rpr
2026-10-07T12:37:38Z  OBSERVE  checkoutservice->shippingservice  rpr=0.0000  low=113 high=0  attempts=3  state=ON  metric=rpr
2026-10-07T12:37:38Z  OBSERVE  recommendationservice->productcatalogservice  rpr=0.0000  low=114 high=0  attempts=3  state=ON  metric=rpr
2026-10-07T12:37:38Z  OBSERVE  checkoutservice  rejection=0.3182  low=0 high=2  state=OFF  metric=rejection
2026-10-07T12:37:39Z  OBSERVE  frontend->adservice  rpr=0.0000  low=115 high=0  attempts=3  state=ON  metric=rpr
2026-10-07T12:37:39Z  OBSERVE  frontend->cartservice  rpr=0.0000  low=116 high=0  attempts=3  state=ON  metric=rpr
2026-10-07T12:37:39Z  OBSERVE  frontend->currencyservice  rpr=0.0000  low=116 high=0  attempts=3  state=ON  metric=rpr
2026-10-07T12:37:39Z  OBSERVE  frontend->productcatalogservice  rpr=0.0000  low=116 high=0  attempts=3  state=ON  metric=rpr
2026-10-07T12:37:39Z  OBSERVE  frontend->recommendationservice  rpr=0.0000  low=116 high=0  attempts=3  state=ON  metric=rpr
2026-10-07T12:37:39Z  OBSERVE  frontend->shippingservice  rpr=0.0000  low=115 high=0  attempts=3  state=ON  metric=rpr
2026-10-07T12:37:39Z  OBSERVE  checkoutservice->cartservice  rpr=0.0000  low=114 high=0  attempts=3  state=ON  metric=rpr
2026-10-07T12:37:39Z  OBSERVE  checkoutservice->currencyservice  rpr=0.0000  low=114 high=0  attempts=3  state=ON  metric=rpr
2026-10-07T12:37:39Z  OBSERVE  checkoutservice->emailservice  rpr=0.0000  low=112 high=0  attempts=3  state=ON  metric=rpr
2026-10-07T12:37:39Z  OBSERVE  checkoutservice->paymentservice  rpr=0.0000  low=114 high=0  attempts=3  state=ON  metric=rpr
2026-10-07T12:37:39Z  OBSERVE  checkoutservice->shippingservice  rpr=0.0000  low=114 high=0  attempts=3  state=ON  metric=rpr
2026-10-07T12:37:39Z  OBSERVE  recommendationservice->productcatalogservice  rpr=0.0000  low=115 high=0  attempts=3  state=ON  metric=rpr
2026-10-07T12:37:39Z  OBSERVE  checkoutservice  rejection=0.2234  low=0 high=3  state=OFF  metric=rejection
2026-10-07T12:37:40Z  OBSERVE  frontend->adservice  rpr=0.0000  low=116 high=0  attempts=3  state=ON  metric=rpr
2026-10-07T12:37:40Z  OBSERVE  frontend->cartservice  rpr=0.0000  low=117 high=0  attempts=3  state=ON  metric=rpr
2026-10-07T12:37:40Z  OBSERVE  frontend->currencyservice  rpr=0.0000  low=117 high=0  attempts=3  state=ON  metric=rpr
2026-10-07T12:37:40Z  OBSERVE  frontend->productcatalogservice  rpr=0.0000  low=117 high=0  attempts=3  state=ON  metric=rpr
2026-10-07T12:37:40Z  OBSERVE  frontend->recommendationservice  rpr=0.0000  low=117 high=0  attempts=3  state=ON  metric=rpr
2026-10-07T12:37:40Z  OBSERVE  frontend->shippingservice  rpr=0.0000  low=116 high=0  attempts=3  state=ON  metric=rpr
2026-10-07T12:37:40Z  OBSERVE  checkoutservice->cartservice  rpr=0.0000  low=115 high=0  attempts=3  state=ON  metric=rpr
2026-10-07T12:37:40Z  OBSERVE  checkoutservice->currencyservice  rpr=0.0000  low=115 high=0  attempts=3  state=ON  metric=rpr
2026-10-07T12:37:40Z  OBSERVE  checkoutservice->emailservice  rpr=0.0000  low=113 high=0  attempts=3  state=ON  metric=rpr
2026-10-07T12:37:40Z  OBSERVE  checkoutservice->paymentservice  rpr=0.0000  low=115 high=0  attempts=3  state=ON  metric=rpr
2026-10-07T12:37:40Z  OBSERVE  checkoutservice->shippingservice  rpr=0.0000  low=115 high=0  attempts=3  state=ON  metric=rpr
2026-10-07T12:37:40Z  OBSERVE  recommendationservice->productcatalogservice  rpr=0.0000  low=116 high=0  attempts=3  state=ON  metric=rpr
2026-10-07T12:37:40Z  OBSERVE  checkoutservice  rejection=0.3750  low=0 high=4  state=OFF  metric=rejection
2026-10-07T12:37:41Z  OBSERVE  frontend->adservice  rpr=0.0000  low=117 high=0  attempts=3  state=ON  metric=rpr
2026-10-07T12:37:41Z  OBSERVE  frontend->cartservice  rpr=0.0000  low=118 high=0  attempts=3  state=ON  metric=rpr
2026-10-07T12:37:41Z  OBSERVE  frontend->currencyservice  rpr=0.0000  low=118 high=0  attempts=3  state=ON  metric=rpr
2026-10-07T12:37:41Z  OBSERVE  frontend->productcatalogservice  rpr=0.0000  low=118 high=0  attempts=3  state=ON  metric=rpr
2026-10-07T12:37:41Z  OBSERVE  frontend->recommendationservice  rpr=0.0000  low=118 high=0  attempts=3  state=ON  metric=rpr
2026-10-07T12:37:41Z  OBSERVE  frontend->shippingservice  rpr=0.0000  low=117 high=0  attempts=3  state=ON  metric=rpr
2026-10-07T12:37:41Z  OBSERVE  checkoutservice->cartservice  rpr=0.0000  low=116 high=0  attempts=3  state=ON  metric=rpr
2026-10-07T12:37:41Z  OBSERVE  checkoutservice->currencyservice  rpr=0.0000  low=116 high=0  attempts=3  state=ON  metric=rpr
2026-10-07T12:37:41Z  OBSERVE  checkoutservice->emailservice  rpr=0.0000  low=114 high=0  attempts=3  state=ON  metric=rpr
2026-10-07T12:37:41Z  OBSERVE  checkoutservice->paymentservice  rpr=0.0000  low=116 high=0  attempts=3  state=ON  metric=rpr
2026-10-07T12:37:41Z  OBSERVE  checkoutservice->shippingservice  rpr=0.0000  low=116 high=0  attempts=3  state=ON  metric=rpr
2026-10-07T12:37:41Z  OBSERVE  recommendationservice->productcatalogservice  rpr=0.0000  low=117 high=0  attempts=3  state=ON  metric=rpr
2026-10-07T12:37:41Z  OBSERVE  checkoutservice  rejection=0.1604  low=0 high=5  state=OFF  metric=rejection
2026-10-07T12:37:42Z  OBSERVE  frontend->adservice  rpr=0.0000  low=118 high=0  attempts=3  state=ON  metric=rpr
2026-10-07T12:37:42Z  OBSERVE  frontend->cartservice  rpr=0.0000  low=119 high=0  attempts=3  state=ON  metric=rpr
2026-10-07T12:37:42Z  OBSERVE  frontend->currencyservice  rpr=0.0000  low=119 high=0  attempts=3  state=ON  metric=rpr
2026-10-07T12:37:42Z  OBSERVE  frontend->productcatalogservice  rpr=0.0000  low=119 high=0  attempts=3  state=ON  metric=rpr
2026-10-07T12:37:42Z  OBSERVE  frontend->recommendationservice  rpr=0.0000  low=119 high=0  attempts=3  state=ON  metric=rpr
2026-10-07T12:37:42Z  OBSERVE  frontend->shippingservice  rpr=0.0000  low=118 high=0  attempts=3  state=ON  metric=rpr
2026-10-07T12:37:42Z  OBSERVE  checkoutservice->cartservice  rpr=0.0000  low=117 high=0  attempts=3  state=ON  metric=rpr
2026-10-07T12:37:42Z  OBSERVE  checkoutservice->currencyservice  rpr=0.0000  low=117 high=0  attempts=3  state=ON  metric=rpr
2026-10-07T12:37:42Z  OBSERVE  checkoutservice->emailservice  rpr=0.0000  low=115 high=0  attempts=3  state=ON  metric=rpr
2026-10-07T12:37:42Z  OBSERVE  checkoutservice->paymentservice  rpr=0.0000  low=117 high=0  attempts=3  state=ON  metric=rpr
2026-10-07T12:37:42Z  OBSERVE  checkoutservice->shippingservice  rpr=0.0000  low=117 high=0  attempts=3  state=ON  metric=rpr
2026-10-07T12:37:42Z  OBSERVE  recommendationservice->productcatalogservice  rpr=0.0000  low=118 high=0  attempts=3  state=ON  metric=rpr
2026-10-07T12:37:42Z  OBSERVE  checkoutservice  rejection=0.3146  low=0 high=6  state=OFF  metric=rejection
2026-10-07T12:37:43Z  OBSERVE  frontend->adservice  rpr=0.0000  low=119 high=0  attempts=3  state=ON  metric=rpr
2026-10-07T12:37:43Z  OBSERVE  frontend->cartservice  rpr=0.0000  low=120 high=0  attempts=3  state=ON  metric=rpr
2026-10-07T12:37:43Z  OBSERVE  frontend->currencyservice  rpr=0.0000  low=120 high=0  attempts=3  state=ON  metric=rpr
2026-10-07T12:37:43Z  OBSERVE  frontend->productcatalogservice  rpr=0.0000  low=120 high=0  attempts=3  state=ON  metric=rpr
2026-10-07T12:37:43Z  OBSERVE  frontend->recommendationservice  rpr=0.0000  low=120 high=0  attempts=3  state=ON  metric=rpr
2026-10-07T12:37:43Z  OBSERVE  frontend->shippingservice  rpr=0.0000  low=119 high=0  attempts=3  state=ON  metric=rpr
2026-10-07T12:37:43Z  OBSERVE  checkoutservice->cartservice  rpr=0.0000  low=118 high=0  attempts=3  state=ON  metric=rpr
2026-10-07T12:37:43Z  OBSERVE  checkoutservice->currencyservice  rpr=0.0000  low=118 high=0  attempts=3  state=ON  metric=rpr
2026-10-07T12:37:43Z  OBSERVE  checkoutservice->emailservice  rpr=0.0000  low=116 high=0  attempts=3  state=ON  metric=rpr
2026-10-07T12:37:43Z  OBSERVE  checkoutservice->paymentservice  rpr=0.0000  low=118 high=0  attempts=3  state=ON  metric=rpr
2026-10-07T12:37:43Z  OBSERVE  checkoutservice->shippingservice  rpr=0.0000  low=118 high=0  attempts=3  state=ON  metric=rpr
2026-10-07T12:37:43Z  OBSERVE  recommendationservice->productcatalogservice  rpr=0.0000  low=119 high=0  attempts=3  state=ON  metric=rpr
2026-10-07T12:37:43Z  OBSERVE  checkoutservice  rejection=0.2697  low=0 high=7  state=OFF  metric=rejection
2026-10-07T12:37:44Z  OBSERVE  frontend->adservice  rpr=0.0000  low=120 high=0  attempts=3  state=ON  metric=rpr
2026-10-07T12:37:44Z  OBSERVE  frontend->cartservice  rpr=0.0000  low=121 high=0  attempts=3  state=ON  metric=rpr
2026-10-07T12:37:44Z  OBSERVE  frontend->currencyservice  rpr=0.0000  low=121 high=0  attempts=3  state=ON  metric=rpr
2026-10-07T12:37:44Z  OBSERVE  frontend->productcatalogservice  rpr=0.0000  low=121 high=0  attempts=3  state=ON  metric=rpr
2026-10-07T12:37:44Z  OBSERVE  frontend->recommendationservice  rpr=0.0000  low=121 high=0  attempts=3  state=ON  metric=rpr
2026-10-07T12:37:44Z  OBSERVE  frontend->shippingservice  rpr=0.0000  low=120 high=0  attempts=3  state=ON  metric=rpr
2026-10-07T12:37:44Z  OBSERVE  checkoutservice->cartservice  rpr=0.0000  low=119 high=0  attempts=3  state=ON  metric=rpr
2026-10-07T12:37:44Z  OBSERVE  checkoutservice->currencyservice  rpr=0.0000  low=119 high=0  attempts=3  state=ON  metric=rpr
2026-10-07T12:37:44Z  OBSERVE  checkoutservice->emailservice  rpr=0.0000  low=117 high=0  attempts=3  state=ON  metric=rpr
2026-10-07T12:37:44Z  OBSERVE  checkoutservice->paymentservice  rpr=0.0000  low=119 high=0  attempts=3  state=ON  metric=rpr
2026-10-07T12:37:44Z  OBSERVE  checkoutservice->shippingservice  rpr=0.0000  low=119 high=0  attempts=3  state=ON  metric=rpr
2026-10-07T12:37:44Z  OBSERVE  recommendationservice->productcatalogservice  rpr=0.0000  low=120 high=0  attempts=3  state=ON  metric=rpr
2026-10-07T12:37:44Z  OBSERVE  checkoutservice  rejection=0.1975  low=0 high=8  state=OFF  metric=rejection
2026-10-07T12:37:45Z  OBSERVE  frontend->adservice  rpr=0.0000  low=121 high=0  attempts=3  state=ON  metric=rpr
2026-10-07T12:37:45Z  OBSERVE  frontend->cartservice  rpr=0.0000  low=122 high=0  attempts=3  state=ON  metric=rpr
2026-10-07T12:37:45Z  OBSERVE  frontend->currencyservice  rpr=0.0000  low=122 high=0  attempts=3  state=ON  metric=rpr
2026-10-07T12:37:45Z  OBSERVE  frontend->productcatalogservice  rpr=0.0000  low=122 high=0  attempts=3  state=ON  metric=rpr
2026-10-07T12:37:45Z  OBSERVE  frontend->recommendationservice  rpr=0.0000  low=122 high=0  attempts=3  state=ON  metric=rpr
2026-10-07T12:37:45Z  OBSERVE  frontend->shippingservice  rpr=0.0000  low=121 high=0  attempts=3  state=ON  metric=rpr
2026-10-07T12:37:45Z  OBSERVE  checkoutservice->cartservice  rpr=0.0000  low=120 high=0  attempts=3  state=ON  metric=rpr
2026-10-07T12:37:45Z  OBSERVE  checkoutservice->currencyservice  rpr=0.0000  low=120 high=0  attempts=3  state=ON  metric=rpr
2026-10-07T12:37:45Z  OBSERVE  checkoutservice->emailservice  rpr=0.0000  low=118 high=0  attempts=3  state=ON  metric=rpr
2026-10-07T12:37:45Z  OBSERVE  checkoutservice->paymentservice  rpr=0.0000  low=120 high=0  attempts=3  state=ON  metric=rpr
2026-10-07T12:37:45Z  OBSERVE  checkoutservice->shippingservice  rpr=0.0000  low=120 high=0  attempts=3  state=ON  metric=rpr
2026-10-07T12:37:45Z  OBSERVE  recommendationservice->productcatalogservice  rpr=0.0000  low=121 high=0  attempts=3  state=ON  metric=rpr
2026-10-07T12:37:45Z  OBSERVE  checkoutservice  rejection=0.1705  low=0 high=9  state=OFF  metric=rejection
2026-10-07T12:37:46Z  OBSERVE  frontend->adservice  rpr=0.0000  low=122 high=0  attempts=3  state=ON  metric=rpr
2026-10-07T12:37:46Z  OBSERVE  frontend->cartservice  rpr=0.0000  low=123 high=0  attempts=3  state=ON  metric=rpr
2026-10-07T12:37:46Z  OBSERVE  frontend->currencyservice  rpr=0.0000  low=123 high=0  attempts=3  state=ON  metric=rpr
2026-10-07T12:37:46Z  OBSERVE  frontend->productcatalogservice  rpr=0.0000  low=123 high=0  attempts=3  state=ON  metric=rpr
2026-10-07T12:37:46Z  OBSERVE  frontend->recommendationservice  rpr=0.0000  low=123 high=0  attempts=3  state=ON  metric=rpr
2026-10-07T12:37:46Z  OBSERVE  frontend->shippingservice  rpr=0.0000  low=122 high=0  attempts=3  state=ON  metric=rpr
2026-10-07T12:37:46Z  OBSERVE  checkoutservice->cartservice  rpr=0.0000  low=121 high=0  attempts=3  state=ON  metric=rpr
2026-10-07T12:37:46Z  OBSERVE  checkoutservice->currencyservice  rpr=0.0000  low=121 high=0  attempts=3  state=ON  metric=rpr
2026-10-07T12:37:46Z  OBSERVE  checkoutservice->emailservice  rpr=0.0000  low=119 high=0  attempts=3  state=ON  metric=rpr
2026-10-07T12:37:46Z  OBSERVE  checkoutservice->paymentservice  rpr=0.0000  low=121 high=0  attempts=3  state=ON  metric=rpr
2026-10-07T12:37:46Z  OBSERVE  checkoutservice->shippingservice  rpr=0.0000  low=121 high=0  attempts=3  state=ON  metric=rpr
2026-10-07T12:37:46Z  OBSERVE  recommendationservice->productcatalogservice  rpr=0.0000  low=122 high=0  attempts=3  state=ON  metric=rpr
2026-10-07T12:37:46Z  OBSERVE  checkoutservice  rejection=0.2273  low=0 high=10  state=OFF  metric=rejection
2026-10-07T12:37:47Z  OBSERVE  frontend->adservice  rpr=0.0000  low=123 high=0  attempts=3  state=ON  metric=rpr
2026-10-07T12:37:47Z  OBSERVE  frontend->cartservice  rpr=0.0000  low=124 high=0  attempts=3  state=ON  metric=rpr
2026-10-07T12:37:47Z  OBSERVE  frontend->currencyservice  rpr=0.0000  low=124 high=0  attempts=3  state=ON  metric=rpr
2026-10-07T12:37:47Z  OBSERVE  frontend->productcatalogservice  rpr=0.0000  low=124 high=0  attempts=3  state=ON  metric=rpr
2026-10-07T12:37:47Z  OBSERVE  frontend->recommendationservice  rpr=0.0000  low=124 high=0  attempts=3  state=ON  metric=rpr
2026-10-07T12:37:47Z  OBSERVE  frontend->shippingservice  rpr=0.0000  low=123 high=0  attempts=3  state=ON  metric=rpr
2026-10-07T12:37:47Z  OBSERVE  checkoutservice->cartservice  rpr=0.0000  low=122 high=0  attempts=3  state=ON  metric=rpr
2026-10-07T12:37:47Z  OBSERVE  checkoutservice->currencyservice  rpr=0.0000  low=122 high=0  attempts=3  state=ON  metric=rpr
2026-10-07T12:37:47Z  OBSERVE  checkoutservice->emailservice  rpr=0.0000  low=120 high=0  attempts=3  state=ON  metric=rpr
2026-10-07T12:37:47Z  OBSERVE  checkoutservice->paymentservice  rpr=0.0000  low=122 high=0  attempts=3  state=ON  metric=rpr
2026-10-07T12:37:47Z  OBSERVE  checkoutservice->shippingservice  rpr=0.0000  low=122 high=0  attempts=3  state=ON  metric=rpr
2026-10-07T12:37:47Z  OBSERVE  recommendationservice->productcatalogservice  rpr=0.0000  low=123 high=0  attempts=3  state=ON  metric=rpr
2026-10-07T12:37:47Z  OBSERVE  checkoutservice  rejection=0.3048  low=0 high=11  state=OFF  metric=rejection
2026-10-07T12:37:48Z  OBSERVE  frontend->adservice  rpr=0.0000  low=124 high=0  attempts=3  state=ON  metric=rpr
2026-10-07T12:37:48Z  OBSERVE  frontend->cartservice  rpr=0.0000  low=125 high=0  attempts=3  state=ON  metric=rpr
2026-10-07T12:37:48Z  OBSERVE  frontend->currencyservice  rpr=0.0000  low=125 high=0  attempts=3  state=ON  metric=rpr
2026-10-07T12:37:48Z  OBSERVE  frontend->productcatalogservice  rpr=0.0000  low=125 high=0  attempts=3  state=ON  metric=rpr
2026-10-07T12:37:48Z  OBSERVE  frontend->recommendationservice  rpr=0.0000  low=125 high=0  attempts=3  state=ON  metric=rpr
2026-10-07T12:37:48Z  OBSERVE  frontend->shippingservice  rpr=0.0000  low=124 high=0  attempts=3  state=ON  metric=rpr
2026-10-07T12:37:48Z  OBSERVE  checkoutservice->cartservice  rpr=0.0000  low=123 high=0  attempts=3  state=ON  metric=rpr
2026-10-07T12:37:48Z  OBSERVE  checkoutservice->currencyservice  rpr=0.0000  low=123 high=0  attempts=3  state=ON  metric=rpr
2026-10-07T12:37:48Z  OBSERVE  checkoutservice->emailservice  rpr=0.0000  low=121 high=0  attempts=3  state=ON  metric=rpr
2026-10-07T12:37:48Z  OBSERVE  checkoutservice->paymentservice  rpr=0.0000  low=123 high=0  attempts=3  state=ON  metric=rpr
2026-10-07T12:37:48Z  OBSERVE  checkoutservice->shippingservice  rpr=0.0000  low=123 high=0  attempts=3  state=ON  metric=rpr
2026-10-07T12:37:48Z  OBSERVE  recommendationservice->productcatalogservice  rpr=0.0000  low=124 high=0  attempts=3  state=ON  metric=rpr
2026-10-07T12:37:48Z  OBSERVE  checkoutservice  rejection=0.2333  low=0 high=12  state=OFF  metric=rejection
2026-10-07T12:37:50Z  OBSERVE  frontend->adservice  rpr=0.0000  low=125 high=0  attempts=3  state=ON  metric=rpr
2026-10-07T12:37:50Z  OBSERVE  frontend->cartservice  rpr=0.0000  low=126 high=0  attempts=3  state=ON  metric=rpr
2026-10-07T12:37:50Z  OBSERVE  frontend->currencyservice  rpr=0.0000  low=126 high=0  attempts=3  state=ON  metric=rpr
2026-10-07T12:37:50Z  OBSERVE  frontend->productcatalogservice  rpr=0.0000  low=126 high=0  attempts=3  state=ON  metric=rpr
2026-10-07T12:37:50Z  OBSERVE  frontend->recommendationservice  rpr=0.0000  low=126 high=0  attempts=3  state=ON  metric=rpr
2026-10-07T12:37:50Z  OBSERVE  frontend->shippingservice  rpr=0.0000  low=125 high=0  attempts=3  state=ON  metric=rpr
2026-10-07T12:37:50Z  OBSERVE  checkoutservice->cartservice  rpr=0.0000  low=124 high=0  attempts=3  state=ON  metric=rpr
2026-10-07T12:37:50Z  OBSERVE  checkoutservice->currencyservice  rpr=0.0000  low=124 high=0  attempts=3  state=ON  metric=rpr
2026-10-07T12:37:50Z  OBSERVE  checkoutservice->emailservice  rpr=0.0000  low=122 high=0  attempts=3  state=ON  metric=rpr
2026-10-07T12:37:50Z  OBSERVE  checkoutservice->paymentservice  rpr=0.0000  low=124 high=0  attempts=3  state=ON  metric=rpr
2026-10-07T12:37:50Z  OBSERVE  checkoutservice->shippingservice  rpr=0.0000  low=124 high=0  attempts=3  state=ON  metric=rpr
2026-10-07T12:37:50Z  OBSERVE  recommendationservice->productcatalogservice  rpr=0.0000  low=125 high=0  attempts=3  state=ON  metric=rpr
2026-10-07T12:37:50Z  OBSERVE  checkoutservice  rejection=0.1368  low=0 high=13  state=OFF  metric=rejection
2026-10-07T12:37:51Z  OBSERVE  frontend->adservice  rpr=0.0000  low=126 high=0  attempts=3  state=ON  metric=rpr
2026-10-07T12:37:51Z  OBSERVE  frontend->cartservice  rpr=0.0000  low=127 high=0  attempts=3  state=ON  metric=rpr
2026-10-07T12:37:51Z  OBSERVE  frontend->currencyservice  rpr=0.0000  low=127 high=0  attempts=3  state=ON  metric=rpr
2026-10-07T12:37:51Z  OBSERVE  frontend->productcatalogservice  rpr=0.0000  low=127 high=0  attempts=3  state=ON  metric=rpr
2026-10-07T12:37:51Z  OBSERVE  frontend->recommendationservice  rpr=0.0000  low=127 high=0  attempts=3  state=ON  metric=rpr
2026-10-07T12:37:51Z  OBSERVE  frontend->shippingservice  rpr=0.0000  low=126 high=0  attempts=3  state=ON  metric=rpr
2026-10-07T12:37:51Z  OBSERVE  checkoutservice->cartservice  rpr=0.0000  low=125 high=0  attempts=3  state=ON  metric=rpr
2026-10-07T12:37:51Z  OBSERVE  checkoutservice->currencyservice  rpr=0.0000  low=125 high=0  attempts=3  state=ON  metric=rpr
2026-10-07T12:37:51Z  OBSERVE  checkoutservice->emailservice  rpr=0.0000  low=123 high=0  attempts=3  state=ON  metric=rpr
2026-10-07T12:37:51Z  OBSERVE  checkoutservice->paymentservice  rpr=0.0000  low=125 high=0  attempts=3  state=ON  metric=rpr
2026-10-07T12:37:51Z  OBSERVE  checkoutservice->shippingservice  rpr=0.0000  low=125 high=0  attempts=3  state=ON  metric=rpr
2026-10-07T12:37:51Z  OBSERVE  recommendationservice->productcatalogservice  rpr=0.0000  low=126 high=0  attempts=3  state=ON  metric=rpr
2026-10-07T12:37:51Z  OBSERVE  checkoutservice  rejection=0.2326  low=0 high=14  state=OFF  metric=rejection
2026-10-07T12:37:52Z  OBSERVE  frontend->adservice  rpr=0.0000  low=127 high=0  attempts=3  state=ON  metric=rpr
2026-10-07T12:37:52Z  OBSERVE  frontend->cartservice  rpr=0.0000  low=128 high=0  attempts=3  state=ON  metric=rpr
2026-10-07T12:37:52Z  OBSERVE  frontend->currencyservice  rpr=0.0000  low=128 high=0  attempts=3  state=ON  metric=rpr
2026-10-07T12:37:52Z  OBSERVE  frontend->productcatalogservice  rpr=0.0000  low=128 high=0  attempts=3  state=ON  metric=rpr
2026-10-07T12:37:52Z  OBSERVE  frontend->recommendationservice  rpr=0.0000  low=128 high=0  attempts=3  state=ON  metric=rpr
2026-10-07T12:37:52Z  OBSERVE  frontend->shippingservice  rpr=0.0000  low=127 high=0  attempts=3  state=ON  metric=rpr
2026-10-07T12:37:52Z  OBSERVE  checkoutservice->cartservice  rpr=0.0000  low=126 high=0  attempts=3  state=ON  metric=rpr
2026-10-07T12:37:52Z  OBSERVE  checkoutservice->currencyservice  rpr=0.0000  low=126 high=0  attempts=3  state=ON  metric=rpr
2026-10-07T12:37:52Z  OBSERVE  checkoutservice->emailservice  rpr=0.0000  low=124 high=0  attempts=3  state=ON  metric=rpr
2026-10-07T12:37:52Z  OBSERVE  checkoutservice->paymentservice  rpr=0.0000  low=126 high=0  attempts=3  state=ON  metric=rpr
2026-10-07T12:37:52Z  OBSERVE  checkoutservice->shippingservice  rpr=0.0000  low=126 high=0  attempts=3  state=ON  metric=rpr
2026-10-07T12:37:52Z  OBSERVE  recommendationservice->productcatalogservice  rpr=0.0000  low=127 high=0  attempts=3  state=ON  metric=rpr
2026-10-07T12:37:52Z  OBSERVE  checkoutservice  rejection=0.3258  low=0 high=15  state=OFF  metric=rejection
2026-10-07T12:37:53Z  OBSERVE  frontend->adservice  rpr=0.0000  low=128 high=0  attempts=3  state=ON  metric=rpr
2026-10-07T12:37:53Z  OBSERVE  frontend->cartservice  rpr=0.0000  low=129 high=0  attempts=3  state=ON  metric=rpr
2026-10-07T12:37:53Z  OBSERVE  frontend->currencyservice  rpr=0.0000  low=129 high=0  attempts=3  state=ON  metric=rpr
2026-10-07T12:37:53Z  OBSERVE  frontend->productcatalogservice  rpr=0.0000  low=129 high=0  attempts=3  state=ON  metric=rpr
2026-10-07T12:37:53Z  OBSERVE  frontend->recommendationservice  rpr=0.0000  low=129 high=0  attempts=3  state=ON  metric=rpr
2026-10-07T12:37:53Z  OBSERVE  frontend->shippingservice  rpr=0.0000  low=128 high=0  attempts=3  state=ON  metric=rpr
2026-10-07T12:37:53Z  OBSERVE  checkoutservice->cartservice  rpr=0.0000  low=127 high=0  attempts=3  state=ON  metric=rpr
2026-10-07T12:37:53Z  OBSERVE  checkoutservice->currencyservice  rpr=0.0000  low=127 high=0  attempts=3  state=ON  metric=rpr
2026-10-07T12:37:53Z  OBSERVE  checkoutservice->emailservice  rpr=0.0000  low=125 high=0  attempts=3  state=ON  metric=rpr
2026-10-07T12:37:53Z  OBSERVE  checkoutservice->paymentservice  rpr=0.0000  low=127 high=0  attempts=3  state=ON  metric=rpr
2026-10-07T12:37:53Z  OBSERVE  checkoutservice->shippingservice  rpr=0.0000  low=127 high=0  attempts=3  state=ON  metric=rpr
2026-10-07T12:37:53Z  OBSERVE  recommendationservice->productcatalogservice  rpr=0.0000  low=128 high=0  attempts=3  state=ON  metric=rpr
2026-10-07T12:37:53Z  OBSERVE  checkoutservice  rejection=0.2973  low=0 high=16  state=OFF  metric=rejection
2026-10-07T12:37:54Z  OBSERVE  frontend->adservice  rpr=0.0000  low=129 high=0  attempts=3  state=ON  metric=rpr
2026-10-07T12:37:54Z  OBSERVE  frontend->cartservice  rpr=0.0000  low=130 high=0  attempts=3  state=ON  metric=rpr
2026-10-07T12:37:54Z  OBSERVE  frontend->currencyservice  rpr=0.0000  low=130 high=0  attempts=3  state=ON  metric=rpr
2026-10-07T12:37:54Z  OBSERVE  frontend->productcatalogservice  rpr=0.0000  low=130 high=0  attempts=3  state=ON  metric=rpr
2026-10-07T12:37:54Z  OBSERVE  frontend->recommendationservice  rpr=0.0000  low=130 high=0  attempts=3  state=ON  metric=rpr
2026-10-07T12:37:54Z  OBSERVE  frontend->shippingservice  rpr=0.0000  low=129 high=0  attempts=3  state=ON  metric=rpr
2026-10-07T12:37:54Z  OBSERVE  checkoutservice->cartservice  rpr=0.0000  low=128 high=0  attempts=3  state=ON  metric=rpr
2026-10-07T12:37:54Z  OBSERVE  checkoutservice->currencyservice  rpr=0.0000  low=128 high=0  attempts=3  state=ON  metric=rpr
2026-10-07T12:37:54Z  OBSERVE  checkoutservice->emailservice  rpr=0.0000  low=126 high=0  attempts=3  state=ON  metric=rpr
2026-10-07T12:37:54Z  OBSERVE  checkoutservice->paymentservice  rpr=0.0000  low=128 high=0  attempts=3  state=ON  metric=rpr
2026-10-07T12:37:54Z  OBSERVE  checkoutservice->shippingservice  rpr=0.0000  low=128 high=0  attempts=3  state=ON  metric=rpr
2026-10-07T12:37:54Z  OBSERVE  recommendationservice->productcatalogservice  rpr=0.0000  low=129 high=0  attempts=3  state=ON  metric=rpr
2026-10-07T12:37:54Z  OBSERVE  checkoutservice  rejection=0.1569  low=0 high=17  state=OFF  metric=rejection
2026-10-07T12:37:55Z  OBSERVE  frontend->adservice  rpr=0.0000  low=130 high=0  attempts=3  state=ON  metric=rpr
2026-10-07T12:37:55Z  OBSERVE  frontend->cartservice  rpr=0.0000  low=131 high=0  attempts=3  state=ON  metric=rpr
2026-10-07T12:37:55Z  OBSERVE  frontend->currencyservice  rpr=0.0000  low=131 high=0  attempts=3  state=ON  metric=rpr
2026-10-07T12:37:55Z  OBSERVE  frontend->productcatalogservice  rpr=0.0000  low=131 high=0  attempts=3  state=ON  metric=rpr
2026-10-07T12:37:55Z  OBSERVE  frontend->recommendationservice  rpr=0.0000  low=131 high=0  attempts=3  state=ON  metric=rpr
2026-10-07T12:37:55Z  OBSERVE  frontend->shippingservice  rpr=0.0000  low=130 high=0  attempts=3  state=ON  metric=rpr
2026-10-07T12:37:55Z  OBSERVE  checkoutservice->cartservice  rpr=0.0000  low=129 high=0  attempts=3  state=ON  metric=rpr
2026-10-07T12:37:55Z  OBSERVE  checkoutservice->currencyservice  rpr=0.0000  low=129 high=0  attempts=3  state=ON  metric=rpr
2026-10-07T12:37:55Z  OBSERVE  checkoutservice->emailservice  rpr=0.0000  low=127 high=0  attempts=3  state=ON  metric=rpr
2026-10-07T12:37:55Z  OBSERVE  checkoutservice->paymentservice  rpr=0.0000  low=129 high=0  attempts=3  state=ON  metric=rpr
2026-10-07T12:37:55Z  OBSERVE  checkoutservice->shippingservice  rpr=0.0000  low=129 high=0  attempts=3  state=ON  metric=rpr
2026-10-07T12:37:55Z  OBSERVE  recommendationservice->productcatalogservice  rpr=0.0000  low=130 high=0  attempts=3  state=ON  metric=rpr
2026-10-07T12:37:55Z  OBSERVE  checkoutservice  rejection=0.2059  low=0 high=18  state=OFF  metric=rejection
2026-10-07T12:37:56Z  OBSERVE  frontend->adservice  rpr=0.0000  low=131 high=0  attempts=3  state=ON  metric=rpr
2026-10-07T12:37:56Z  OBSERVE  frontend->cartservice  rpr=0.0000  low=132 high=0  attempts=3  state=ON  metric=rpr
2026-10-07T12:37:56Z  OBSERVE  frontend->currencyservice  rpr=0.0000  low=132 high=0  attempts=3  state=ON  metric=rpr
2026-10-07T12:37:56Z  OBSERVE  frontend->productcatalogservice  rpr=0.0000  low=132 high=0  attempts=3  state=ON  metric=rpr
2026-10-07T12:37:56Z  OBSERVE  frontend->recommendationservice  rpr=0.0000  low=132 high=0  attempts=3  state=ON  metric=rpr
2026-10-07T12:37:56Z  OBSERVE  frontend->shippingservice  rpr=0.0000  low=131 high=0  attempts=3  state=ON  metric=rpr
2026-10-07T12:37:56Z  OBSERVE  checkoutservice->cartservice  rpr=0.0000  low=130 high=0  attempts=3  state=ON  metric=rpr
2026-10-07T12:37:56Z  OBSERVE  checkoutservice->currencyservice  rpr=0.0000  low=130 high=0  attempts=3  state=ON  metric=rpr
2026-10-07T12:37:56Z  OBSERVE  checkoutservice->emailservice  rpr=0.0000  low=128 high=0  attempts=3  state=ON  metric=rpr
2026-10-07T12:37:56Z  OBSERVE  checkoutservice->paymentservice  rpr=0.0000  low=130 high=0  attempts=3  state=ON  metric=rpr
2026-10-07T12:37:56Z  OBSERVE  checkoutservice->shippingservice  rpr=0.0000  low=130 high=0  attempts=3  state=ON  metric=rpr
2026-10-07T12:37:56Z  OBSERVE  recommendationservice->productcatalogservice  rpr=0.0000  low=131 high=0  attempts=3  state=ON  metric=rpr
2026-10-07T12:37:56Z  OBSERVE  checkoutservice  rejection=0.3243  low=0 high=19  state=OFF  metric=rejection
2026-10-07T12:37:57Z  OBSERVE  frontend->adservice  rpr=0.0000  low=132 high=0  attempts=3  state=ON  metric=rpr
2026-10-07T12:37:57Z  OBSERVE  frontend->cartservice  rpr=0.0000  low=133 high=0  attempts=3  state=ON  metric=rpr
2026-10-07T12:37:57Z  OBSERVE  frontend->currencyservice  rpr=0.0000  low=133 high=0  attempts=3  state=ON  metric=rpr
2026-10-07T12:37:57Z  OBSERVE  frontend->productcatalogservice  rpr=0.0000  low=133 high=0  attempts=3  state=ON  metric=rpr
2026-10-07T12:37:57Z  OBSERVE  frontend->recommendationservice  rpr=0.0000  low=133 high=0  attempts=3  state=ON  metric=rpr
2026-10-07T12:37:57Z  OBSERVE  frontend->shippingservice  rpr=0.0000  low=132 high=0  attempts=3  state=ON  metric=rpr
2026-10-07T12:37:57Z  OBSERVE  checkoutservice->cartservice  rpr=0.0000  low=131 high=0  attempts=3  state=ON  metric=rpr
2026-10-07T12:37:57Z  OBSERVE  checkoutservice->currencyservice  rpr=0.0000  low=131 high=0  attempts=3  state=ON  metric=rpr
2026-10-07T12:37:57Z  OBSERVE  checkoutservice->emailservice  rpr=0.0000  low=129 high=0  attempts=3  state=ON  metric=rpr
2026-10-07T12:37:57Z  OBSERVE  checkoutservice->paymentservice  rpr=0.0000  low=131 high=0  attempts=3  state=ON  metric=rpr
2026-10-07T12:37:57Z  OBSERVE  checkoutservice->shippingservice  rpr=0.0000  low=131 high=0  attempts=3  state=ON  metric=rpr
2026-10-07T12:37:57Z  OBSERVE  recommendationservice->productcatalogservice  rpr=0.0000  low=132 high=0  attempts=3  state=ON  metric=rpr
2026-10-07T12:37:57Z  OBSERVE  checkoutservice  rejection=0.0625  low=1 high=0  state=OFF  metric=rejection
2026-10-07T12:37:58Z  OBSERVE  frontend->adservice  rpr=0.0000  low=133 high=0  attempts=3  state=ON  metric=rpr
2026-10-07T12:37:58Z  OBSERVE  frontend->cartservice  rpr=0.0000  low=134 high=0  attempts=3  state=ON  metric=rpr
2026-10-07T12:37:58Z  OBSERVE  frontend->currencyservice  rpr=0.0000  low=134 high=0  attempts=3  state=ON  metric=rpr
2026-10-07T12:37:58Z  OBSERVE  frontend->productcatalogservice  rpr=0.0000  low=134 high=0  attempts=3  state=ON  metric=rpr
2026-10-07T12:37:58Z  OBSERVE  frontend->recommendationservice  rpr=0.0000  low=134 high=0  attempts=3  state=ON  metric=rpr
2026-10-07T12:37:58Z  OBSERVE  frontend->shippingservice  rpr=0.0000  low=133 high=0  attempts=3  state=ON  metric=rpr
2026-10-07T12:37:58Z  OBSERVE  checkoutservice->cartservice  rpr=0.0000  low=132 high=0  attempts=3  state=ON  metric=rpr
2026-10-07T12:37:58Z  OBSERVE  checkoutservice->currencyservice  rpr=0.0000  low=132 high=0  attempts=3  state=ON  metric=rpr
2026-10-07T12:37:58Z  OBSERVE  checkoutservice->emailservice  rpr=0.0000  low=130 high=0  attempts=3  state=ON  metric=rpr
2026-10-07T12:37:58Z  OBSERVE  checkoutservice->paymentservice  rpr=0.0000  low=132 high=0  attempts=3  state=ON  metric=rpr
2026-10-07T12:37:58Z  OBSERVE  checkoutservice->shippingservice  rpr=0.0000  low=132 high=0  attempts=3  state=ON  metric=rpr
2026-10-07T12:37:58Z  OBSERVE  recommendationservice->productcatalogservice  rpr=0.0000  low=133 high=0  attempts=3  state=ON  metric=rpr
2026-10-07T12:37:58Z  OBSERVE  checkoutservice  rejection=0.1446  low=0 high=1  state=OFF  metric=rejection
2026-10-07T12:37:59Z  OBSERVE  frontend->adservice  rpr=0.0000  low=134 high=0  attempts=3  state=ON  metric=rpr
2026-10-07T12:37:59Z  OBSERVE  frontend->cartservice  rpr=0.0000  low=135 high=0  attempts=3  state=ON  metric=rpr
2026-10-07T12:37:59Z  OBSERVE  frontend->currencyservice  rpr=0.0000  low=135 high=0  attempts=3  state=ON  metric=rpr
2026-10-07T12:37:59Z  OBSERVE  frontend->productcatalogservice  rpr=0.0000  low=135 high=0  attempts=3  state=ON  metric=rpr
2026-10-07T12:37:59Z  OBSERVE  frontend->recommendationservice  rpr=0.0000  low=135 high=0  attempts=3  state=ON  metric=rpr
2026-10-07T12:37:59Z  OBSERVE  frontend->shippingservice  rpr=0.0000  low=134 high=0  attempts=3  state=ON  metric=rpr
2026-10-07T12:37:59Z  OBSERVE  checkoutservice->cartservice  rpr=0.0000  low=133 high=0  attempts=3  state=ON  metric=rpr
2026-10-07T12:37:59Z  OBSERVE  checkoutservice->currencyservice  rpr=0.0000  low=133 high=0  attempts=3  state=ON  metric=rpr
2026-10-07T12:37:59Z  OBSERVE  checkoutservice->emailservice  rpr=0.0000  low=131 high=0  attempts=3  state=ON  metric=rpr
2026-10-07T12:37:59Z  OBSERVE  checkoutservice->paymentservice  rpr=0.0000  low=133 high=0  attempts=3  state=ON  metric=rpr
2026-10-07T12:37:59Z  OBSERVE  checkoutservice->shippingservice  rpr=0.0000  low=133 high=0  attempts=3  state=ON  metric=rpr
2026-10-07T12:37:59Z  OBSERVE  recommendationservice->productcatalogservice  rpr=0.0000  low=134 high=0  attempts=3  state=ON  metric=rpr
2026-10-07T12:37:59Z  OBSERVE  checkoutservice  rejection=0.2532  low=0 high=2  state=OFF  metric=rejection
2026-10-07T12:38:00Z  OBSERVE  frontend->adservice  rpr=0.0000  low=135 high=0  attempts=3  state=ON  metric=rpr
2026-10-07T12:38:00Z  OBSERVE  frontend->cartservice  rpr=0.0000  low=136 high=0  attempts=3  state=ON  metric=rpr
2026-10-07T12:38:00Z  OBSERVE  frontend->currencyservice  rpr=0.0000  low=136 high=0  attempts=3  state=ON  metric=rpr
2026-10-07T12:38:00Z  OBSERVE  frontend->productcatalogservice  rpr=0.0000  low=136 high=0  attempts=3  state=ON  metric=rpr
2026-10-07T12:38:00Z  OBSERVE  frontend->recommendationservice  rpr=0.0000  low=136 high=0  attempts=3  state=ON  metric=rpr
2026-10-07T12:38:00Z  OBSERVE  frontend->shippingservice  rpr=0.0000  low=135 high=0  attempts=3  state=ON  metric=rpr
2026-10-07T12:38:00Z  OBSERVE  checkoutservice->cartservice  rpr=0.0000  low=134 high=0  attempts=3  state=ON  metric=rpr
2026-10-07T12:38:00Z  OBSERVE  checkoutservice->currencyservice  rpr=0.0000  low=134 high=0  attempts=3  state=ON  metric=rpr
2026-10-07T12:38:00Z  OBSERVE  checkoutservice->emailservice  rpr=0.0000  low=132 high=0  attempts=3  state=ON  metric=rpr
2026-10-07T12:38:00Z  OBSERVE  checkoutservice->paymentservice  rpr=0.0000  low=134 high=0  attempts=3  state=ON  metric=rpr
2026-10-07T12:38:00Z  OBSERVE  checkoutservice->shippingservice  rpr=0.0000  low=134 high=0  attempts=3  state=ON  metric=rpr
2026-10-07T12:38:00Z  OBSERVE  recommendationservice->productcatalogservice  rpr=0.0000  low=135 high=0  attempts=3  state=ON  metric=rpr
2026-10-07T12:38:00Z  OBSERVE  checkoutservice  rejection=0.1909  low=0 high=3  state=OFF  metric=rejection
2026-10-07T12:38:01Z  OBSERVE  frontend->adservice  rpr=0.0000  low=136 high=0  attempts=3  state=ON  metric=rpr
2026-10-07T12:38:01Z  OBSERVE  frontend->cartservice  rpr=0.0000  low=137 high=0  attempts=3  state=ON  metric=rpr
2026-10-07T12:38:01Z  OBSERVE  frontend->currencyservice  rpr=0.0000  low=137 high=0  attempts=3  state=ON  metric=rpr
2026-10-07T12:38:01Z  OBSERVE  frontend->productcatalogservice  rpr=0.0000  low=137 high=0  attempts=3  state=ON  metric=rpr
2026-10-07T12:38:01Z  OBSERVE  frontend->recommendationservice  rpr=0.0000  low=137 high=0  attempts=3  state=ON  metric=rpr
2026-10-07T12:38:01Z  OBSERVE  frontend->shippingservice  rpr=0.0000  low=136 high=0  attempts=3  state=ON  metric=rpr
2026-10-07T12:38:01Z  OBSERVE  checkoutservice->cartservice  rpr=0.0000  low=135 high=0  attempts=3  state=ON  metric=rpr
2026-10-07T12:38:01Z  OBSERVE  checkoutservice->currencyservice  rpr=0.0000  low=135 high=0  attempts=3  state=ON  metric=rpr
2026-10-07T12:38:01Z  OBSERVE  checkoutservice->emailservice  rpr=0.0000  low=133 high=0  attempts=3  state=ON  metric=rpr
2026-10-07T12:38:01Z  OBSERVE  checkoutservice->paymentservice  rpr=0.0000  low=135 high=0  attempts=3  state=ON  metric=rpr
2026-10-07T12:38:01Z  OBSERVE  checkoutservice->shippingservice  rpr=0.0000  low=135 high=0  attempts=3  state=ON  metric=rpr
2026-10-07T12:38:01Z  OBSERVE  recommendationservice->productcatalogservice  rpr=0.0000  low=136 high=0  attempts=3  state=ON  metric=rpr
2026-10-07T12:38:01Z  OBSERVE  checkoutservice  rejection=0.3882  low=0 high=4  state=OFF  metric=rejection
2026-10-07T12:38:02Z  OBSERVE  frontend->adservice  rpr=0.0000  low=137 high=0  attempts=3  state=ON  metric=rpr
2026-10-07T12:38:02Z  OBSERVE  frontend->cartservice  rpr=0.0000  low=138 high=0  attempts=3  state=ON  metric=rpr
2026-10-07T12:38:02Z  OBSERVE  frontend->currencyservice  rpr=0.0000  low=138 high=0  attempts=3  state=ON  metric=rpr
2026-10-07T12:38:02Z  OBSERVE  frontend->productcatalogservice  rpr=0.0000  low=138 high=0  attempts=3  state=ON  metric=rpr
2026-10-07T12:38:02Z  OBSERVE  frontend->recommendationservice  rpr=0.0000  low=138 high=0  attempts=3  state=ON  metric=rpr
2026-10-07T12:38:02Z  OBSERVE  frontend->shippingservice  rpr=0.0000  low=137 high=0  attempts=3  state=ON  metric=rpr
2026-10-07T12:38:02Z  OBSERVE  checkoutservice->cartservice  rpr=0.0000  low=136 high=0  attempts=3  state=ON  metric=rpr
2026-10-07T12:38:02Z  OBSERVE  checkoutservice->currencyservice  rpr=0.0000  low=136 high=0  attempts=3  state=ON  metric=rpr
2026-10-07T12:38:02Z  OBSERVE  checkoutservice->emailservice  rpr=0.0000  low=134 high=0  attempts=3  state=ON  metric=rpr
2026-10-07T12:38:02Z  OBSERVE  checkoutservice->paymentservice  rpr=0.0000  low=136 high=0  attempts=3  state=ON  metric=rpr
2026-10-07T12:38:02Z  OBSERVE  checkoutservice->shippingservice  rpr=0.0000  low=136 high=0  attempts=3  state=ON  metric=rpr
2026-10-07T12:38:02Z  OBSERVE  recommendationservice->productcatalogservice  rpr=0.0000  low=137 high=0  attempts=3  state=ON  metric=rpr
2026-10-07T12:38:02Z  OBSERVE  checkoutservice  rejection=0.2824  low=0 high=5  state=OFF  metric=rejection
2026-10-07T12:38:03Z  OBSERVE  frontend->adservice  rpr=0.0000  low=138 high=0  attempts=3  state=ON  metric=rpr
2026-10-07T12:38:03Z  OBSERVE  frontend->cartservice  rpr=0.0000  low=139 high=0  attempts=3  state=ON  metric=rpr
2026-10-07T12:38:03Z  OBSERVE  frontend->currencyservice  rpr=0.0000  low=139 high=0  attempts=3  state=ON  metric=rpr
2026-10-07T12:38:03Z  OBSERVE  frontend->productcatalogservice  rpr=0.0000  low=139 high=0  attempts=3  state=ON  metric=rpr
2026-10-07T12:38:03Z  OBSERVE  frontend->recommendationservice  rpr=0.0000  low=139 high=0  attempts=3  state=ON  metric=rpr
2026-10-07T12:38:03Z  OBSERVE  frontend->shippingservice  rpr=0.0000  low=138 high=0  attempts=3  state=ON  metric=rpr
2026-10-07T12:38:03Z  OBSERVE  checkoutservice->cartservice  rpr=0.0000  low=137 high=0  attempts=3  state=ON  metric=rpr
2026-10-07T12:38:03Z  OBSERVE  checkoutservice->currencyservice  rpr=0.0000  low=137 high=0  attempts=3  state=ON  metric=rpr
2026-10-07T12:38:03Z  OBSERVE  checkoutservice->emailservice  rpr=0.0000  low=135 high=0  attempts=3  state=ON  metric=rpr
2026-10-07T12:38:03Z  OBSERVE  checkoutservice->paymentservice  rpr=0.0000  low=137 high=0  attempts=3  state=ON  metric=rpr
2026-10-07T12:38:03Z  OBSERVE  checkoutservice->shippingservice  rpr=0.0000  low=137 high=0  attempts=3  state=ON  metric=rpr
2026-10-07T12:38:03Z  OBSERVE  recommendationservice->productcatalogservice  rpr=0.0000  low=138 high=0  attempts=3  state=ON  metric=rpr
2026-10-07T12:38:03Z  OBSERVE  checkoutservice  rejection=0.2958  low=0 high=6  state=OFF  metric=rejection
2026-10-07T12:38:04Z  OBSERVE  frontend->adservice  rpr=0.0000  low=139 high=0  attempts=3  state=ON  metric=rpr
2026-10-07T12:38:04Z  OBSERVE  frontend->cartservice  rpr=0.0000  low=140 high=0  attempts=3  state=ON  metric=rpr
2026-10-07T12:38:04Z  OBSERVE  frontend->currencyservice  rpr=0.0000  low=140 high=0  attempts=3  state=ON  metric=rpr
2026-10-07T12:38:04Z  OBSERVE  frontend->productcatalogservice  rpr=0.0000  low=140 high=0  attempts=3  state=ON  metric=rpr
2026-10-07T12:38:04Z  OBSERVE  frontend->recommendationservice  rpr=0.0000  low=140 high=0  attempts=3  state=ON  metric=rpr
2026-10-07T12:38:04Z  OBSERVE  frontend->shippingservice  rpr=0.0000  low=139 high=0  attempts=3  state=ON  metric=rpr
2026-10-07T12:38:04Z  OBSERVE  checkoutservice->cartservice  rpr=0.0000  low=138 high=0  attempts=3  state=ON  metric=rpr
2026-10-07T12:38:04Z  OBSERVE  checkoutservice->currencyservice  rpr=0.0000  low=138 high=0  attempts=3  state=ON  metric=rpr
2026-10-07T12:38:04Z  OBSERVE  checkoutservice->emailservice  rpr=0.0000  low=136 high=0  attempts=3  state=ON  metric=rpr
2026-10-07T12:38:04Z  OBSERVE  checkoutservice->paymentservice  rpr=0.0000  low=138 high=0  attempts=3  state=ON  metric=rpr
2026-10-07T12:38:04Z  OBSERVE  checkoutservice->shippingservice  rpr=0.0000  low=138 high=0  attempts=3  state=ON  metric=rpr
2026-10-07T12:38:04Z  OBSERVE  recommendationservice->productcatalogservice  rpr=0.0000  low=139 high=0  attempts=3  state=ON  metric=rpr
2026-10-07T12:38:04Z  OBSERVE  checkoutservice  rejection=0.2121  low=0 high=7  state=OFF  metric=rejection
2026-10-07T12:38:05Z  OBSERVE  frontend->adservice  rpr=0.0000  low=140 high=0  attempts=3  state=ON  metric=rpr
2026-10-07T12:38:05Z  OBSERVE  frontend->cartservice  rpr=0.0000  low=141 high=0  attempts=3  state=ON  metric=rpr
2026-10-07T12:38:05Z  OBSERVE  frontend->currencyservice  rpr=0.0000  low=141 high=0  attempts=3  state=ON  metric=rpr
2026-10-07T12:38:05Z  OBSERVE  frontend->productcatalogservice  rpr=0.0000  low=141 high=0  attempts=3  state=ON  metric=rpr
2026-10-07T12:38:05Z  OBSERVE  frontend->recommendationservice  rpr=0.0000  low=141 high=0  attempts=3  state=ON  metric=rpr
2026-10-07T12:38:05Z  OBSERVE  frontend->shippingservice  rpr=0.0000  low=140 high=0  attempts=3  state=ON  metric=rpr
2026-10-07T12:38:05Z  OBSERVE  checkoutservice->cartservice  rpr=0.0000  low=139 high=0  attempts=3  state=ON  metric=rpr
2026-10-07T12:38:05Z  OBSERVE  checkoutservice->currencyservice  rpr=0.0000  low=139 high=0  attempts=3  state=ON  metric=rpr
2026-10-07T12:38:05Z  OBSERVE  checkoutservice->emailservice  rpr=0.0000  low=137 high=0  attempts=3  state=ON  metric=rpr
2026-10-07T12:38:05Z  OBSERVE  checkoutservice->paymentservice  rpr=0.0000  low=139 high=0  attempts=3  state=ON  metric=rpr
2026-10-07T12:38:05Z  OBSERVE  checkoutservice->shippingservice  rpr=0.0000  low=139 high=0  attempts=3  state=ON  metric=rpr
2026-10-07T12:38:05Z  OBSERVE  recommendationservice->productcatalogservice  rpr=0.0000  low=140 high=0  attempts=3  state=ON  metric=rpr
2026-10-07T12:38:05Z  OBSERVE  checkoutservice  rejection=0.3951  low=0 high=8  state=OFF  metric=rejection
2026-10-07T12:38:06Z  OBSERVE  frontend->adservice  rpr=0.0000  low=141 high=0  attempts=3  state=ON  metric=rpr
2026-10-07T12:38:06Z  OBSERVE  frontend->cartservice  rpr=0.0000  low=142 high=0  attempts=3  state=ON  metric=rpr
2026-10-07T12:38:06Z  OBSERVE  frontend->currencyservice  rpr=0.0000  low=142 high=0  attempts=3  state=ON  metric=rpr
2026-10-07T12:38:06Z  OBSERVE  frontend->productcatalogservice  rpr=0.0000  low=142 high=0  attempts=3  state=ON  metric=rpr
2026-10-07T12:38:06Z  OBSERVE  frontend->recommendationservice  rpr=0.0000  low=142 high=0  attempts=3  state=ON  metric=rpr
2026-10-07T12:38:06Z  OBSERVE  frontend->shippingservice  rpr=0.0000  low=141 high=0  attempts=3  state=ON  metric=rpr
2026-10-07T12:38:06Z  OBSERVE  checkoutservice->cartservice  rpr=0.0000  low=140 high=0  attempts=3  state=ON  metric=rpr
2026-10-07T12:38:06Z  OBSERVE  checkoutservice->currencyservice  rpr=0.0000  low=140 high=0  attempts=3  state=ON  metric=rpr
2026-10-07T12:38:06Z  OBSERVE  checkoutservice->emailservice  rpr=0.0000  low=138 high=0  attempts=3  state=ON  metric=rpr
2026-10-07T12:38:06Z  OBSERVE  checkoutservice->paymentservice  rpr=0.0000  low=140 high=0  attempts=3  state=ON  metric=rpr
2026-10-07T12:38:06Z  OBSERVE  checkoutservice->shippingservice  rpr=0.0000  low=140 high=0  attempts=3  state=ON  metric=rpr
2026-10-07T12:38:06Z  OBSERVE  recommendationservice->productcatalogservice  rpr=0.0000  low=141 high=0  attempts=3  state=ON  metric=rpr
2026-10-07T12:38:06Z  OBSERVE  checkoutservice  rejection=0.2553  low=0 high=9  state=OFF  metric=rejection
2026-10-07T12:38:07Z  OBSERVE  frontend->adservice  rpr=0.0000  low=142 high=0  attempts=3  state=ON  metric=rpr
2026-10-07T12:38:07Z  OBSERVE  frontend->cartservice  rpr=0.0000  low=143 high=0  attempts=3  state=ON  metric=rpr
2026-10-07T12:38:07Z  OBSERVE  frontend->currencyservice  rpr=0.0000  low=143 high=0  attempts=3  state=ON  metric=rpr
2026-10-07T12:38:07Z  OBSERVE  frontend->productcatalogservice  rpr=0.0000  low=143 high=0  attempts=3  state=ON  metric=rpr
2026-10-07T12:38:07Z  OBSERVE  frontend->recommendationservice  rpr=0.0000  low=143 high=0  attempts=3  state=ON  metric=rpr
2026-10-07T12:38:07Z  OBSERVE  frontend->shippingservice  rpr=0.0000  low=142 high=0  attempts=3  state=ON  metric=rpr
2026-10-07T12:38:07Z  OBSERVE  checkoutservice->cartservice  rpr=0.0000  low=141 high=0  attempts=3  state=ON  metric=rpr
2026-10-07T12:38:07Z  OBSERVE  checkoutservice->currencyservice  rpr=0.0000  low=141 high=0  attempts=3  state=ON  metric=rpr
2026-10-07T12:38:07Z  OBSERVE  checkoutservice->emailservice  rpr=0.0000  low=139 high=0  attempts=3  state=ON  metric=rpr
2026-10-07T12:38:07Z  OBSERVE  checkoutservice->paymentservice  rpr=0.0000  low=141 high=0  attempts=3  state=ON  metric=rpr
2026-10-07T12:38:07Z  OBSERVE  checkoutservice->shippingservice  rpr=0.0000  low=141 high=0  attempts=3  state=ON  metric=rpr
2026-10-07T12:38:07Z  OBSERVE  recommendationservice->productcatalogservice  rpr=0.0000  low=142 high=0  attempts=3  state=ON  metric=rpr
2026-10-07T12:38:07Z  OBSERVE  checkoutservice  rejection=0.2696  low=0 high=10  state=OFF  metric=rejection
2026-10-07T12:38:08Z  OBSERVE  frontend->adservice  rpr=0.0000  low=143 high=0  attempts=3  state=ON  metric=rpr
2026-10-07T12:38:08Z  OBSERVE  frontend->cartservice  rpr=0.0000  low=144 high=0  attempts=3  state=ON  metric=rpr
2026-10-07T12:38:08Z  OBSERVE  frontend->currencyservice  rpr=0.0000  low=144 high=0  attempts=3  state=ON  metric=rpr
2026-10-07T12:38:08Z  OBSERVE  frontend->productcatalogservice  rpr=0.0000  low=144 high=0  attempts=3  state=ON  metric=rpr
2026-10-07T12:38:08Z  OBSERVE  frontend->recommendationservice  rpr=0.0000  low=144 high=0  attempts=3  state=ON  metric=rpr
2026-10-07T12:38:08Z  OBSERVE  frontend->shippingservice  rpr=0.0000  low=143 high=0  attempts=3  state=ON  metric=rpr
2026-10-07T12:38:08Z  OBSERVE  checkoutservice->cartservice  rpr=0.0000  low=142 high=0  attempts=3  state=ON  metric=rpr
2026-10-07T12:38:08Z  OBSERVE  checkoutservice->currencyservice  rpr=0.0000  low=142 high=0  attempts=3  state=ON  metric=rpr
2026-10-07T12:38:08Z  OBSERVE  checkoutservice->emailservice  rpr=0.0000  low=140 high=0  attempts=3  state=ON  metric=rpr
2026-10-07T12:38:08Z  OBSERVE  checkoutservice->paymentservice  rpr=0.0000  low=142 high=0  attempts=3  state=ON  metric=rpr
2026-10-07T12:38:08Z  OBSERVE  checkoutservice->shippingservice  rpr=0.0000  low=142 high=0  attempts=3  state=ON  metric=rpr
2026-10-07T12:38:08Z  OBSERVE  recommendationservice->productcatalogservice  rpr=0.0000  low=143 high=0  attempts=3  state=ON  metric=rpr
2026-10-07T12:38:08Z  OBSERVE  checkoutservice  rejection=0.5250  low=0 high=11  state=OFF  metric=rejection
2026-10-07T12:38:09Z  OBSERVE  frontend->adservice  rpr=0.0000  low=144 high=0  attempts=3  state=ON  metric=rpr
2026-10-07T12:38:09Z  OBSERVE  frontend->cartservice  rpr=0.0000  low=145 high=0  attempts=3  state=ON  metric=rpr
2026-10-07T12:38:09Z  OBSERVE  frontend->currencyservice  rpr=0.0000  low=145 high=0  attempts=3  state=ON  metric=rpr
2026-10-07T12:38:09Z  OBSERVE  frontend->productcatalogservice  rpr=0.0000  low=145 high=0  attempts=3  state=ON  metric=rpr
2026-10-07T12:38:09Z  OBSERVE  frontend->recommendationservice  rpr=0.0000  low=145 high=0  attempts=3  state=ON  metric=rpr
2026-10-07T12:38:09Z  OBSERVE  frontend->shippingservice  rpr=0.0000  low=144 high=0  attempts=3  state=ON  metric=rpr
2026-10-07T12:38:09Z  OBSERVE  checkoutservice->cartservice  rpr=0.0000  low=143 high=0  attempts=3  state=ON  metric=rpr
2026-10-07T12:38:09Z  OBSERVE  checkoutservice->currencyservice  rpr=0.0000  low=143 high=0  attempts=3  state=ON  metric=rpr
2026-10-07T12:38:09Z  OBSERVE  checkoutservice->emailservice  rpr=0.0000  low=141 high=0  attempts=3  state=ON  metric=rpr
2026-10-07T12:38:09Z  OBSERVE  checkoutservice->paymentservice  rpr=0.0000  low=143 high=0  attempts=3  state=ON  metric=rpr
2026-10-07T12:38:09Z  OBSERVE  checkoutservice->shippingservice  rpr=0.0000  low=143 high=0  attempts=3  state=ON  metric=rpr
2026-10-07T12:38:09Z  OBSERVE  recommendationservice->productcatalogservice  rpr=0.0000  low=144 high=0  attempts=3  state=ON  metric=rpr
2026-10-07T12:38:09Z  OBSERVE  checkoutservice  rejection=0.1134  low=0 high=12  state=OFF  metric=rejection
2026-10-07T12:38:10Z  OBSERVE  frontend->adservice  rpr=0.0000  low=145 high=0  attempts=3  state=ON  metric=rpr
2026-10-07T12:38:10Z  OBSERVE  frontend->cartservice  rpr=0.0000  low=146 high=0  attempts=3  state=ON  metric=rpr
2026-10-07T12:38:10Z  OBSERVE  frontend->currencyservice  rpr=0.0000  low=146 high=0  attempts=3  state=ON  metric=rpr
2026-10-07T12:38:10Z  OBSERVE  frontend->productcatalogservice  rpr=0.0000  low=146 high=0  attempts=3  state=ON  metric=rpr
2026-10-07T12:38:10Z  OBSERVE  frontend->recommendationservice  rpr=0.0000  low=146 high=0  attempts=3  state=ON  metric=rpr
2026-10-07T12:38:10Z  OBSERVE  frontend->shippingservice  rpr=0.0000  low=145 high=0  attempts=3  state=ON  metric=rpr
2026-10-07T12:38:10Z  OBSERVE  checkoutservice->cartservice  rpr=0.0000  low=144 high=0  attempts=3  state=ON  metric=rpr
2026-10-07T12:38:10Z  OBSERVE  checkoutservice->currencyservice  rpr=0.0000  low=144 high=0  attempts=3  state=ON  metric=rpr
2026-10-07T12:38:10Z  OBSERVE  checkoutservice->emailservice  rpr=0.0000  low=142 high=0  attempts=3  state=ON  metric=rpr
2026-10-07T12:38:10Z  OBSERVE  checkoutservice->paymentservice  rpr=0.0000  low=144 high=0  attempts=3  state=ON  metric=rpr
2026-10-07T12:38:10Z  OBSERVE  checkoutservice->shippingservice  rpr=0.0000  low=144 high=0  attempts=3  state=ON  metric=rpr
2026-10-07T12:38:10Z  OBSERVE  recommendationservice->productcatalogservice  rpr=0.0000  low=145 high=0  attempts=3  state=ON  metric=rpr
2026-10-07T12:38:10Z  OBSERVE  checkoutservice  rejection=0.2283  low=0 high=13  state=OFF  metric=rejection
2026-10-07T12:38:11Z  OBSERVE  frontend->adservice  rpr=0.0000  low=146 high=0  attempts=3  state=ON  metric=rpr
2026-10-07T12:38:11Z  OBSERVE  frontend->cartservice  rpr=0.0000  low=147 high=0  attempts=3  state=ON  metric=rpr
2026-10-07T12:38:11Z  OBSERVE  frontend->currencyservice  rpr=0.0000  low=147 high=0  attempts=3  state=ON  metric=rpr
2026-10-07T12:38:11Z  OBSERVE  frontend->productcatalogservice  rpr=0.0000  low=147 high=0  attempts=3  state=ON  metric=rpr
2026-10-07T12:38:11Z  OBSERVE  frontend->recommendationservice  rpr=0.0000  low=147 high=0  attempts=3  state=ON  metric=rpr
2026-10-07T12:38:11Z  OBSERVE  frontend->shippingservice  rpr=0.0000  low=146 high=0  attempts=3  state=ON  metric=rpr
2026-10-07T12:38:11Z  OBSERVE  checkoutservice->cartservice  rpr=0.0000  low=145 high=0  attempts=3  state=ON  metric=rpr
2026-10-07T12:38:11Z  OBSERVE  checkoutservice->currencyservice  rpr=0.0000  low=145 high=0  attempts=3  state=ON  metric=rpr
2026-10-07T12:38:11Z  OBSERVE  checkoutservice->emailservice  rpr=0.0000  low=143 high=0  attempts=3  state=ON  metric=rpr
2026-10-07T12:38:11Z  OBSERVE  checkoutservice->paymentservice  rpr=0.0000  low=145 high=0  attempts=3  state=ON  metric=rpr
2026-10-07T12:38:11Z  OBSERVE  checkoutservice->shippingservice  rpr=0.0000  low=145 high=0  attempts=3  state=ON  metric=rpr
2026-10-07T12:38:11Z  OBSERVE  recommendationservice->productcatalogservice  rpr=0.0000  low=146 high=0  attempts=3  state=ON  metric=rpr
2026-10-07T12:38:11Z  OBSERVE  checkoutservice  rejection=0.2667  low=0 high=14  state=OFF  metric=rejection
2026-10-07T12:38:12Z  OBSERVE  frontend->adservice  rpr=0.0000  low=147 high=0  attempts=3  state=ON  metric=rpr
2026-10-07T12:38:12Z  OBSERVE  frontend->cartservice  rpr=0.0000  low=148 high=0  attempts=3  state=ON  metric=rpr
2026-10-07T12:38:12Z  OBSERVE  frontend->currencyservice  rpr=0.0000  low=148 high=0  attempts=3  state=ON  metric=rpr
2026-10-07T12:38:12Z  OBSERVE  frontend->productcatalogservice  rpr=0.0000  low=148 high=0  attempts=3  state=ON  metric=rpr
2026-10-07T12:38:12Z  OBSERVE  frontend->recommendationservice  rpr=0.0000  low=148 high=0  attempts=3  state=ON  metric=rpr
2026-10-07T12:38:12Z  OBSERVE  frontend->shippingservice  rpr=0.0000  low=147 high=0  attempts=3  state=ON  metric=rpr
2026-10-07T12:38:12Z  OBSERVE  checkoutservice->cartservice  rpr=0.0000  low=146 high=0  attempts=3  state=ON  metric=rpr
2026-10-07T12:38:12Z  OBSERVE  checkoutservice->currencyservice  rpr=0.0000  low=146 high=0  attempts=3  state=ON  metric=rpr
2026-10-07T12:38:12Z  OBSERVE  checkoutservice->emailservice  rpr=0.0000  low=144 high=0  attempts=3  state=ON  metric=rpr
2026-10-07T12:38:12Z  OBSERVE  checkoutservice->paymentservice  rpr=0.0000  low=146 high=0  attempts=3  state=ON  metric=rpr
2026-10-07T12:38:12Z  OBSERVE  checkoutservice->shippingservice  rpr=0.0000  low=146 high=0  attempts=3  state=ON  metric=rpr
2026-10-07T12:38:12Z  OBSERVE  recommendationservice->productcatalogservice  rpr=0.0000  low=147 high=0  attempts=3  state=ON  metric=rpr
2026-10-07T12:38:12Z  OBSERVE  checkoutservice  rejection=0.0795  low=1 high=0  state=OFF  metric=rejection
2026-10-07T12:38:13Z  OBSERVE  frontend->adservice  rpr=0.0000  low=148 high=0  attempts=3  state=ON  metric=rpr
2026-10-07T12:38:13Z  OBSERVE  frontend->cartservice  rpr=0.0000  low=149 high=0  attempts=3  state=ON  metric=rpr
2026-10-07T12:38:13Z  OBSERVE  frontend->currencyservice  rpr=0.0000  low=149 high=0  attempts=3  state=ON  metric=rpr
2026-10-07T12:38:13Z  OBSERVE  frontend->productcatalogservice  rpr=0.0000  low=149 high=0  attempts=3  state=ON  metric=rpr
2026-10-07T12:38:13Z  OBSERVE  frontend->recommendationservice  rpr=0.0000  low=149 high=0  attempts=3  state=ON  metric=rpr
2026-10-07T12:38:13Z  OBSERVE  frontend->shippingservice  rpr=0.0000  low=148 high=0  attempts=3  state=ON  metric=rpr
2026-10-07T12:38:13Z  OBSERVE  checkoutservice->cartservice  rpr=0.0000  low=147 high=0  attempts=3  state=ON  metric=rpr
2026-10-07T12:38:13Z  OBSERVE  checkoutservice->currencyservice  rpr=0.0000  low=147 high=0  attempts=3  state=ON  metric=rpr
2026-10-07T12:38:13Z  OBSERVE  checkoutservice->emailservice  rpr=0.0000  low=145 high=0  attempts=3  state=ON  metric=rpr
2026-10-07T12:38:13Z  OBSERVE  checkoutservice->paymentservice  rpr=0.0000  low=147 high=0  attempts=3  state=ON  metric=rpr
2026-10-07T12:38:13Z  OBSERVE  checkoutservice->shippingservice  rpr=0.0000  low=147 high=0  attempts=3  state=ON  metric=rpr
2026-10-07T12:38:13Z  OBSERVE  recommendationservice->productcatalogservice  rpr=0.0000  low=148 high=0  attempts=3  state=ON  metric=rpr
2026-10-07T12:38:13Z  OBSERVE  checkoutservice  rejection=0.1932  low=0 high=1  state=OFF  metric=rejection
2026-10-07T12:38:14Z  OBSERVE  frontend->adservice  rpr=0.0000  low=149 high=0  attempts=3  state=ON  metric=rpr
2026-10-07T12:38:14Z  OBSERVE  frontend->cartservice  rpr=0.0000  low=150 high=0  attempts=3  state=ON  metric=rpr
2026-10-07T12:38:14Z  OBSERVE  frontend->currencyservice  rpr=0.0000  low=150 high=0  attempts=3  state=ON  metric=rpr
2026-10-07T12:38:14Z  OBSERVE  frontend->productcatalogservice  rpr=0.0000  low=150 high=0  attempts=3  state=ON  metric=rpr
2026-10-07T12:38:14Z  OBSERVE  frontend->recommendationservice  rpr=0.0000  low=150 high=0  attempts=3  state=ON  metric=rpr
2026-10-07T12:38:14Z  OBSERVE  frontend->shippingservice  rpr=0.0000  low=149 high=0  attempts=3  state=ON  metric=rpr
2026-10-07T12:38:14Z  OBSERVE  checkoutservice->cartservice  rpr=0.0000  low=148 high=0  attempts=3  state=ON  metric=rpr
2026-10-07T12:38:14Z  OBSERVE  checkoutservice->currencyservice  rpr=0.0000  low=148 high=0  attempts=3  state=ON  metric=rpr
2026-10-07T12:38:14Z  OBSERVE  checkoutservice->emailservice  rpr=0.0000  low=146 high=0  attempts=3  state=ON  metric=rpr
2026-10-07T12:38:14Z  OBSERVE  checkoutservice->paymentservice  rpr=0.0000  low=148 high=0  attempts=3  state=ON  metric=rpr
2026-10-07T12:38:14Z  OBSERVE  checkoutservice->shippingservice  rpr=0.0000  low=148 high=0  attempts=3  state=ON  metric=rpr
2026-10-07T12:38:14Z  OBSERVE  recommendationservice->productcatalogservice  rpr=0.0000  low=149 high=0  attempts=3  state=ON  metric=rpr
2026-10-07T12:38:14Z  OBSERVE  checkoutservice  rejection=0.1477  low=0 high=2  state=OFF  metric=rejection
2026-10-07T12:38:15Z  OBSERVE  frontend->adservice  rpr=0.0000  low=150 high=0  attempts=3  state=ON  metric=rpr
2026-10-07T12:38:15Z  OBSERVE  frontend->cartservice  rpr=0.0000  low=151 high=0  attempts=3  state=ON  metric=rpr
2026-10-07T12:38:15Z  OBSERVE  frontend->currencyservice  rpr=0.0000  low=151 high=0  attempts=3  state=ON  metric=rpr
2026-10-07T12:38:15Z  OBSERVE  frontend->productcatalogservice  rpr=0.0000  low=151 high=0  attempts=3  state=ON  metric=rpr
2026-10-07T12:38:15Z  OBSERVE  frontend->recommendationservice  rpr=0.0000  low=151 high=0  attempts=3  state=ON  metric=rpr
2026-10-07T12:38:15Z  OBSERVE  frontend->shippingservice  rpr=0.0000  low=150 high=0  attempts=3  state=ON  metric=rpr
2026-10-07T12:38:15Z  OBSERVE  checkoutservice->cartservice  rpr=0.0000  low=149 high=0  attempts=3  state=ON  metric=rpr
2026-10-07T12:38:15Z  OBSERVE  checkoutservice->currencyservice  rpr=0.0000  low=149 high=0  attempts=3  state=ON  metric=rpr
2026-10-07T12:38:15Z  OBSERVE  checkoutservice->emailservice  rpr=0.0000  low=147 high=0  attempts=3  state=ON  metric=rpr
2026-10-07T12:38:15Z  OBSERVE  checkoutservice->paymentservice  rpr=0.0000  low=149 high=0  attempts=3  state=ON  metric=rpr
2026-10-07T12:38:15Z  OBSERVE  checkoutservice->shippingservice  rpr=0.0000  low=149 high=0  attempts=3  state=ON  metric=rpr
2026-10-07T12:38:15Z  OBSERVE  recommendationservice->productcatalogservice  rpr=0.0000  low=150 high=0  attempts=3  state=ON  metric=rpr
2026-10-07T12:38:15Z  OBSERVE  checkoutservice  rejection=0.1667  low=0 high=3  state=OFF  metric=rejection
2026-10-07T12:38:16Z  OBSERVE  frontend->adservice  rpr=0.0000  low=151 high=0  attempts=3  state=ON  metric=rpr
2026-10-07T12:38:16Z  OBSERVE  frontend->cartservice  rpr=0.0000  low=152 high=0  attempts=3  state=ON  metric=rpr
2026-10-07T12:38:16Z  OBSERVE  frontend->currencyservice  rpr=0.0000  low=152 high=0  attempts=3  state=ON  metric=rpr
2026-10-07T12:38:16Z  OBSERVE  frontend->productcatalogservice  rpr=0.0000  low=152 high=0  attempts=3  state=ON  metric=rpr
2026-10-07T12:38:16Z  OBSERVE  frontend->recommendationservice  rpr=0.0000  low=152 high=0  attempts=3  state=ON  metric=rpr
2026-10-07T12:38:16Z  OBSERVE  frontend->shippingservice  rpr=0.0000  low=151 high=0  attempts=3  state=ON  metric=rpr
2026-10-07T12:38:16Z  OBSERVE  checkoutservice->cartservice  rpr=0.0000  low=150 high=0  attempts=3  state=ON  metric=rpr
2026-10-07T12:38:16Z  OBSERVE  checkoutservice->currencyservice  rpr=0.0000  low=150 high=0  attempts=3  state=ON  metric=rpr
2026-10-07T12:38:16Z  OBSERVE  checkoutservice->emailservice  rpr=0.0000  low=148 high=0  attempts=3  state=ON  metric=rpr
2026-10-07T12:38:16Z  OBSERVE  checkoutservice->paymentservice  rpr=0.0000  low=150 high=0  attempts=3  state=ON  metric=rpr
2026-10-07T12:38:16Z  OBSERVE  checkoutservice->shippingservice  rpr=0.0000  low=150 high=0  attempts=3  state=ON  metric=rpr
2026-10-07T12:38:16Z  OBSERVE  recommendationservice->productcatalogservice  rpr=0.0000  low=151 high=0  attempts=3  state=ON  metric=rpr
2026-10-07T12:38:16Z  OBSERVE  checkoutservice  rejection=0.1154  low=0 high=4  state=OFF  metric=rejection
2026-10-07T12:38:17Z  OBSERVE  frontend->adservice  rpr=0.0000  low=152 high=0  attempts=3  state=ON  metric=rpr
2026-10-07T12:38:17Z  OBSERVE  frontend->cartservice  rpr=0.0000  low=153 high=0  attempts=3  state=ON  metric=rpr
2026-10-07T12:38:17Z  OBSERVE  frontend->currencyservice  rpr=0.0000  low=153 high=0  attempts=3  state=ON  metric=rpr
2026-10-07T12:38:17Z  OBSERVE  frontend->productcatalogservice  rpr=0.0000  low=153 high=0  attempts=3  state=ON  metric=rpr
2026-10-07T12:38:17Z  OBSERVE  frontend->recommendationservice  rpr=0.0000  low=153 high=0  attempts=3  state=ON  metric=rpr
2026-10-07T12:38:17Z  OBSERVE  frontend->shippingservice  rpr=0.0000  low=152 high=0  attempts=3  state=ON  metric=rpr
2026-10-07T12:38:17Z  OBSERVE  checkoutservice->cartservice  rpr=0.0000  low=151 high=0  attempts=3  state=ON  metric=rpr
2026-10-07T12:38:17Z  OBSERVE  checkoutservice->currencyservice  rpr=0.0000  low=151 high=0  attempts=3  state=ON  metric=rpr
2026-10-07T12:38:17Z  OBSERVE  checkoutservice->emailservice  rpr=0.0000  low=149 high=0  attempts=3  state=ON  metric=rpr
2026-10-07T12:38:17Z  OBSERVE  checkoutservice->paymentservice  rpr=0.0000  low=151 high=0  attempts=3  state=ON  metric=rpr
2026-10-07T12:38:17Z  OBSERVE  checkoutservice->shippingservice  rpr=0.0000  low=151 high=0  attempts=3  state=ON  metric=rpr
2026-10-07T12:38:17Z  OBSERVE  recommendationservice->productcatalogservice  rpr=0.0000  low=152 high=0  attempts=3  state=ON  metric=rpr
2026-10-07T12:38:17Z  OBSERVE  checkoutservice  rejection=0.0482  low=1 high=0  state=OFF  metric=rejection
2026-10-07T12:38:18Z  OBSERVE  frontend->adservice  rpr=0.0000  low=153 high=0  attempts=3  state=ON  metric=rpr
2026-10-07T12:38:18Z  OBSERVE  frontend->cartservice  rpr=0.0000  low=154 high=0  attempts=3  state=ON  metric=rpr
2026-10-07T12:38:18Z  OBSERVE  frontend->currencyservice  rpr=0.0000  low=154 high=0  attempts=3  state=ON  metric=rpr
2026-10-07T12:38:18Z  OBSERVE  frontend->productcatalogservice  rpr=0.0000  low=154 high=0  attempts=3  state=ON  metric=rpr
2026-10-07T12:38:18Z  OBSERVE  frontend->recommendationservice  rpr=0.0000  low=154 high=0  attempts=3  state=ON  metric=rpr
2026-10-07T12:38:18Z  OBSERVE  frontend->shippingservice  rpr=0.0000  low=153 high=0  attempts=3  state=ON  metric=rpr
2026-10-07T12:38:18Z  OBSERVE  checkoutservice->cartservice  rpr=0.0000  low=152 high=0  attempts=3  state=ON  metric=rpr
2026-10-07T12:38:18Z  OBSERVE  checkoutservice->currencyservice  rpr=0.0000  low=152 high=0  attempts=3  state=ON  metric=rpr
2026-10-07T12:38:18Z  OBSERVE  checkoutservice->emailservice  rpr=0.0000  low=150 high=0  attempts=3  state=ON  metric=rpr
2026-10-07T12:38:18Z  OBSERVE  checkoutservice->paymentservice  rpr=0.0000  low=152 high=0  attempts=3  state=ON  metric=rpr
2026-10-07T12:38:18Z  OBSERVE  checkoutservice->shippingservice  rpr=0.0000  low=152 high=0  attempts=3  state=ON  metric=rpr
2026-10-07T12:38:18Z  OBSERVE  recommendationservice->productcatalogservice  rpr=0.0000  low=153 high=0  attempts=3  state=ON  metric=rpr
2026-10-07T12:38:18Z  OBSERVE  checkoutservice  rejection=0.2569  low=0 high=1  state=OFF  metric=rejection
2026-10-07T12:38:19Z  OBSERVE  frontend->adservice  rpr=0.0000  low=154 high=0  attempts=3  state=ON  metric=rpr
2026-10-07T12:38:19Z  OBSERVE  frontend->cartservice  rpr=0.0000  low=155 high=0  attempts=3  state=ON  metric=rpr
2026-10-07T12:38:19Z  OBSERVE  frontend->currencyservice  rpr=0.0000  low=155 high=0  attempts=3  state=ON  metric=rpr
2026-10-07T12:38:19Z  OBSERVE  frontend->productcatalogservice  rpr=0.0000  low=155 high=0  attempts=3  state=ON  metric=rpr
2026-10-07T12:38:19Z  OBSERVE  frontend->recommendationservice  rpr=0.0000  low=155 high=0  attempts=3  state=ON  metric=rpr
2026-10-07T12:38:19Z  OBSERVE  frontend->shippingservice  rpr=0.0000  low=154 high=0  attempts=3  state=ON  metric=rpr
2026-10-07T12:38:19Z  OBSERVE  checkoutservice->cartservice  rpr=0.0000  low=153 high=0  attempts=3  state=ON  metric=rpr
2026-10-07T12:38:19Z  OBSERVE  checkoutservice->currencyservice  rpr=0.0000  low=153 high=0  attempts=3  state=ON  metric=rpr
2026-10-07T12:38:19Z  OBSERVE  checkoutservice->emailservice  rpr=0.0000  low=151 high=0  attempts=3  state=ON  metric=rpr
2026-10-07T12:38:19Z  OBSERVE  checkoutservice->paymentservice  rpr=0.0000  low=153 high=0  attempts=3  state=ON  metric=rpr
2026-10-07T12:38:19Z  OBSERVE  checkoutservice->shippingservice  rpr=0.0000  low=153 high=0  attempts=3  state=ON  metric=rpr
2026-10-07T12:38:19Z  OBSERVE  recommendationservice->productcatalogservice  rpr=0.0000  low=154 high=0  attempts=3  state=ON  metric=rpr
2026-10-07T12:38:19Z  OBSERVE  checkoutservice  rejection=0.4742  low=0 high=2  state=OFF  metric=rejection
2026-10-07T12:38:20Z  OBSERVE  frontend->adservice  rpr=0.0000  low=155 high=0  attempts=3  state=ON  metric=rpr
2026-10-07T12:38:20Z  OBSERVE  frontend->cartservice  rpr=0.0000  low=156 high=0  attempts=3  state=ON  metric=rpr
2026-10-07T12:38:20Z  OBSERVE  frontend->currencyservice  rpr=0.0000  low=156 high=0  attempts=3  state=ON  metric=rpr
2026-10-07T12:38:20Z  OBSERVE  frontend->productcatalogservice  rpr=0.0000  low=156 high=0  attempts=3  state=ON  metric=rpr
2026-10-07T12:38:20Z  OBSERVE  frontend->recommendationservice  rpr=0.0000  low=156 high=0  attempts=3  state=ON  metric=rpr
2026-10-07T12:38:20Z  OBSERVE  frontend->shippingservice  rpr=0.0000  low=155 high=0  attempts=3  state=ON  metric=rpr
2026-10-07T12:38:20Z  OBSERVE  checkoutservice->cartservice  rpr=0.0000  low=154 high=0  attempts=3  state=ON  metric=rpr
2026-10-07T12:38:20Z  OBSERVE  checkoutservice->currencyservice  rpr=0.0000  low=154 high=0  attempts=3  state=ON  metric=rpr
2026-10-07T12:38:20Z  OBSERVE  checkoutservice->emailservice  rpr=0.0000  low=152 high=0  attempts=3  state=ON  metric=rpr
2026-10-07T12:38:20Z  OBSERVE  checkoutservice->paymentservice  rpr=0.0000  low=154 high=0  attempts=3  state=ON  metric=rpr
2026-10-07T12:38:20Z  OBSERVE  checkoutservice->shippingservice  rpr=0.0000  low=154 high=0  attempts=3  state=ON  metric=rpr
2026-10-07T12:38:20Z  OBSERVE  recommendationservice->productcatalogservice  rpr=0.0000  low=155 high=0  attempts=3  state=ON  metric=rpr
2026-10-07T12:38:20Z  OBSERVE  checkoutservice  rejection=0.2045  low=0 high=3  state=OFF  metric=rejection
2026-10-07T12:38:21Z  OBSERVE  frontend->adservice  rpr=0.0000  low=156 high=0  attempts=3  state=ON  metric=rpr
2026-10-07T12:38:21Z  OBSERVE  frontend->cartservice  rpr=0.0000  low=157 high=0  attempts=3  state=ON  metric=rpr
2026-10-07T12:38:21Z  OBSERVE  frontend->currencyservice  rpr=0.0000  low=157 high=0  attempts=3  state=ON  metric=rpr
2026-10-07T12:38:21Z  OBSERVE  frontend->productcatalogservice  rpr=0.0000  low=157 high=0  attempts=3  state=ON  metric=rpr
2026-10-07T12:38:21Z  OBSERVE  frontend->recommendationservice  rpr=0.0000  low=157 high=0  attempts=3  state=ON  metric=rpr
2026-10-07T12:38:21Z  OBSERVE  frontend->shippingservice  rpr=0.0000  low=156 high=0  attempts=3  state=ON  metric=rpr
2026-10-07T12:38:21Z  OBSERVE  checkoutservice->cartservice  rpr=0.0000  low=155 high=0  attempts=3  state=ON  metric=rpr
2026-10-07T12:38:21Z  OBSERVE  checkoutservice->currencyservice  rpr=0.0000  low=155 high=0  attempts=3  state=ON  metric=rpr
2026-10-07T12:38:21Z  OBSERVE  checkoutservice->emailservice  rpr=0.0000  low=153 high=0  attempts=3  state=ON  metric=rpr
2026-10-07T12:38:21Z  OBSERVE  checkoutservice->paymentservice  rpr=0.0000  low=155 high=0  attempts=3  state=ON  metric=rpr
2026-10-07T12:38:21Z  OBSERVE  checkoutservice->shippingservice  rpr=0.0000  low=155 high=0  attempts=3  state=ON  metric=rpr
2026-10-07T12:38:21Z  OBSERVE  recommendationservice->productcatalogservice  rpr=0.0000  low=156 high=0  attempts=3  state=ON  metric=rpr
2026-10-07T12:38:21Z  OBSERVE  checkoutservice  rejection=0.2474  low=0 high=4  state=OFF  metric=rejection
2026-10-07T12:38:22Z  OBSERVE  frontend->adservice  rpr=0.0000  low=157 high=0  attempts=3  state=ON  metric=rpr
2026-10-07T12:38:22Z  OBSERVE  frontend->cartservice  rpr=0.0000  low=158 high=0  attempts=3  state=ON  metric=rpr
2026-10-07T12:38:22Z  OBSERVE  frontend->currencyservice  rpr=0.0000  low=158 high=0  attempts=3  state=ON  metric=rpr
2026-10-07T12:38:22Z  OBSERVE  frontend->productcatalogservice  rpr=0.0000  low=158 high=0  attempts=3  state=ON  metric=rpr
2026-10-07T12:38:22Z  OBSERVE  frontend->recommendationservice  rpr=0.0000  low=158 high=0  attempts=3  state=ON  metric=rpr
2026-10-07T12:38:22Z  OBSERVE  frontend->shippingservice  rpr=0.0000  low=157 high=0  attempts=3  state=ON  metric=rpr
2026-10-07T12:38:22Z  OBSERVE  checkoutservice->cartservice  rpr=0.0000  low=156 high=0  attempts=3  state=ON  metric=rpr
2026-10-07T12:38:22Z  OBSERVE  checkoutservice->currencyservice  rpr=0.0000  low=156 high=0  attempts=3  state=ON  metric=rpr
2026-10-07T12:38:22Z  OBSERVE  checkoutservice->emailservice  rpr=0.0000  low=154 high=0  attempts=3  state=ON  metric=rpr
2026-10-07T12:38:22Z  OBSERVE  checkoutservice->paymentservice  rpr=0.0000  low=156 high=0  attempts=3  state=ON  metric=rpr
2026-10-07T12:38:22Z  OBSERVE  checkoutservice->shippingservice  rpr=0.0000  low=156 high=0  attempts=3  state=ON  metric=rpr
2026-10-07T12:38:22Z  OBSERVE  recommendationservice->productcatalogservice  rpr=0.0000  low=157 high=0  attempts=3  state=ON  metric=rpr
2026-10-07T12:38:22Z  OBSERVE  checkoutservice  rejection=0.0896  low=1 high=0  state=OFF  metric=rejection
2026-10-07T12:38:23Z  OBSERVE  frontend->adservice  rpr=0.0000  low=158 high=0  attempts=3  state=ON  metric=rpr
2026-10-07T12:38:23Z  OBSERVE  frontend->cartservice  rpr=0.0000  low=159 high=0  attempts=3  state=ON  metric=rpr
2026-10-07T12:38:23Z  OBSERVE  frontend->currencyservice  rpr=0.0000  low=159 high=0  attempts=3  state=ON  metric=rpr
2026-10-07T12:38:23Z  OBSERVE  frontend->productcatalogservice  rpr=0.0000  low=159 high=0  attempts=3  state=ON  metric=rpr
2026-10-07T12:38:23Z  OBSERVE  frontend->recommendationservice  rpr=0.0000  low=159 high=0  attempts=3  state=ON  metric=rpr
2026-10-07T12:38:23Z  OBSERVE  frontend->shippingservice  rpr=0.0000  low=158 high=0  attempts=3  state=ON  metric=rpr
2026-10-07T12:38:23Z  OBSERVE  checkoutservice->cartservice  rpr=0.0000  low=157 high=0  attempts=3  state=ON  metric=rpr
2026-10-07T12:38:23Z  OBSERVE  checkoutservice->currencyservice  rpr=0.0000  low=157 high=0  attempts=3  state=ON  metric=rpr
2026-10-07T12:38:23Z  OBSERVE  checkoutservice->emailservice  rpr=0.0000  low=155 high=0  attempts=3  state=ON  metric=rpr
2026-10-07T12:38:23Z  OBSERVE  checkoutservice->paymentservice  rpr=0.0000  low=157 high=0  attempts=3  state=ON  metric=rpr
2026-10-07T12:38:23Z  OBSERVE  checkoutservice->shippingservice  rpr=0.0000  low=157 high=0  attempts=3  state=ON  metric=rpr
2026-10-07T12:38:23Z  OBSERVE  recommendationservice->productcatalogservice  rpr=0.0000  low=158 high=0  attempts=3  state=ON  metric=rpr
2026-10-07T12:38:23Z  OBSERVE  checkoutservice  rejection=0.2340  low=0 high=1  state=OFF  metric=rejection
2026-10-07T12:38:24Z  OBSERVE  frontend->adservice  rpr=0.0000  low=159 high=0  attempts=3  state=ON  metric=rpr
2026-10-07T12:38:24Z  OBSERVE  frontend->cartservice  rpr=0.0000  low=160 high=0  attempts=3  state=ON  metric=rpr
2026-10-07T12:38:24Z  OBSERVE  frontend->currencyservice  rpr=0.0000  low=160 high=0  attempts=3  state=ON  metric=rpr
2026-10-07T12:38:24Z  OBSERVE  frontend->productcatalogservice  rpr=0.0000  low=160 high=0  attempts=3  state=ON  metric=rpr
2026-10-07T12:38:24Z  OBSERVE  frontend->recommendationservice  rpr=0.0000  low=160 high=0  attempts=3  state=ON  metric=rpr
2026-10-07T12:38:24Z  OBSERVE  frontend->shippingservice  rpr=0.0000  low=159 high=0  attempts=3  state=ON  metric=rpr
2026-10-07T12:38:24Z  OBSERVE  checkoutservice->cartservice  rpr=0.0000  low=158 high=0  attempts=3  state=ON  metric=rpr
2026-10-07T12:38:24Z  OBSERVE  checkoutservice->currencyservice  rpr=0.0000  low=158 high=0  attempts=3  state=ON  metric=rpr
2026-10-07T12:38:24Z  OBSERVE  checkoutservice->emailservice  rpr=0.0000  low=156 high=0  attempts=3  state=ON  metric=rpr
2026-10-07T12:38:24Z  OBSERVE  checkoutservice->paymentservice  rpr=0.0000  low=158 high=0  attempts=3  state=ON  metric=rpr
2026-10-07T12:38:24Z  OBSERVE  checkoutservice->shippingservice  rpr=0.0000  low=158 high=0  attempts=3  state=ON  metric=rpr
2026-10-07T12:38:24Z  OBSERVE  recommendationservice->productcatalogservice  rpr=0.0000  low=159 high=0  attempts=3  state=ON  metric=rpr
2026-10-07T12:38:24Z  OBSERVE  checkoutservice  rejection=0.2673  low=0 high=2  state=OFF  metric=rejection
2026-10-07T12:38:25Z  OBSERVE  frontend->adservice  rpr=0.0000  low=160 high=0  attempts=3  state=ON  metric=rpr
2026-10-07T12:38:25Z  OBSERVE  frontend->cartservice  rpr=0.0000  low=161 high=0  attempts=3  state=ON  metric=rpr
2026-10-07T12:38:25Z  OBSERVE  frontend->currencyservice  rpr=0.0000  low=161 high=0  attempts=3  state=ON  metric=rpr
2026-10-07T12:38:25Z  OBSERVE  frontend->productcatalogservice  rpr=0.0000  low=161 high=0  attempts=3  state=ON  metric=rpr
2026-10-07T12:38:25Z  OBSERVE  frontend->recommendationservice  rpr=0.0000  low=161 high=0  attempts=3  state=ON  metric=rpr
2026-10-07T12:38:25Z  OBSERVE  frontend->shippingservice  rpr=0.0000  low=160 high=0  attempts=3  state=ON  metric=rpr
2026-10-07T12:38:25Z  OBSERVE  checkoutservice->cartservice  rpr=0.0000  low=159 high=0  attempts=3  state=ON  metric=rpr
2026-10-07T12:38:25Z  OBSERVE  checkoutservice->currencyservice  rpr=0.0000  low=159 high=0  attempts=3  state=ON  metric=rpr
2026-10-07T12:38:25Z  OBSERVE  checkoutservice->emailservice  rpr=0.0000  low=157 high=0  attempts=3  state=ON  metric=rpr
2026-10-07T12:38:25Z  OBSERVE  checkoutservice->paymentservice  rpr=0.0000  low=159 high=0  attempts=3  state=ON  metric=rpr
2026-10-07T12:38:25Z  OBSERVE  checkoutservice->shippingservice  rpr=0.0000  low=159 high=0  attempts=3  state=ON  metric=rpr
2026-10-07T12:38:25Z  OBSERVE  recommendationservice->productcatalogservice  rpr=0.0000  low=160 high=0  attempts=3  state=ON  metric=rpr
2026-10-07T12:38:25Z  OBSERVE  checkoutservice  rejection=0.3626  low=0 high=3  state=OFF  metric=rejection
2026-10-07T12:38:26Z  OBSERVE  frontend->adservice  rpr=0.0000  low=161 high=0  attempts=3  state=ON  metric=rpr
2026-10-07T12:38:26Z  OBSERVE  frontend->cartservice  rpr=0.0000  low=162 high=0  attempts=3  state=ON  metric=rpr
2026-10-07T12:38:26Z  OBSERVE  frontend->currencyservice  rpr=0.0000  low=162 high=0  attempts=3  state=ON  metric=rpr
2026-10-07T12:38:26Z  OBSERVE  frontend->productcatalogservice  rpr=0.0000  low=162 high=0  attempts=3  state=ON  metric=rpr
2026-10-07T12:38:26Z  OBSERVE  frontend->recommendationservice  rpr=0.0000  low=162 high=0  attempts=3  state=ON  metric=rpr
2026-10-07T12:38:26Z  OBSERVE  frontend->shippingservice  rpr=0.0000  low=161 high=0  attempts=3  state=ON  metric=rpr
2026-10-07T12:38:26Z  OBSERVE  checkoutservice->cartservice  rpr=0.0000  low=160 high=0  attempts=3  state=ON  metric=rpr
2026-10-07T12:38:26Z  OBSERVE  checkoutservice->currencyservice  rpr=0.0000  low=160 high=0  attempts=3  state=ON  metric=rpr
2026-10-07T12:38:26Z  OBSERVE  checkoutservice->emailservice  rpr=0.0000  low=158 high=0  attempts=3  state=ON  metric=rpr
2026-10-07T12:38:26Z  OBSERVE  checkoutservice->paymentservice  rpr=0.0000  low=160 high=0  attempts=3  state=ON  metric=rpr
2026-10-07T12:38:26Z  OBSERVE  checkoutservice->shippingservice  rpr=0.0000  low=160 high=0  attempts=3  state=ON  metric=rpr
2026-10-07T12:38:26Z  OBSERVE  recommendationservice->productcatalogservice  rpr=0.0000  low=161 high=0  attempts=3  state=ON  metric=rpr
2026-10-07T12:38:26Z  OBSERVE  checkoutservice  rejection=0.2637  low=0 high=4  state=OFF  metric=rejection
2026-10-07T12:38:27Z  OBSERVE  frontend->adservice  rpr=0.0000  low=162 high=0  attempts=3  state=ON  metric=rpr
2026-10-07T12:38:27Z  OBSERVE  frontend->cartservice  rpr=0.0000  low=163 high=0  attempts=3  state=ON  metric=rpr
2026-10-07T12:38:27Z  OBSERVE  frontend->currencyservice  rpr=0.0000  low=163 high=0  attempts=3  state=ON  metric=rpr
2026-10-07T12:38:27Z  OBSERVE  frontend->productcatalogservice  rpr=0.0000  low=163 high=0  attempts=3  state=ON  metric=rpr
2026-10-07T12:38:27Z  OBSERVE  frontend->recommendationservice  rpr=0.0000  low=163 high=0  attempts=3  state=ON  metric=rpr
2026-10-07T12:38:27Z  OBSERVE  frontend->shippingservice  rpr=0.0000  low=162 high=0  attempts=3  state=ON  metric=rpr
2026-10-07T12:38:27Z  OBSERVE  checkoutservice->cartservice  rpr=0.0000  low=161 high=0  attempts=3  state=ON  metric=rpr
2026-10-07T12:38:27Z  OBSERVE  checkoutservice->currencyservice  rpr=0.0000  low=161 high=0  attempts=3  state=ON  metric=rpr
2026-10-07T12:38:27Z  OBSERVE  checkoutservice->emailservice  rpr=0.0000  low=159 high=0  attempts=3  state=ON  metric=rpr
2026-10-07T12:38:27Z  OBSERVE  checkoutservice->paymentservice  rpr=0.0000  low=161 high=0  attempts=3  state=ON  metric=rpr
2026-10-07T12:38:27Z  OBSERVE  checkoutservice->shippingservice  rpr=0.0000  low=161 high=0  attempts=3  state=ON  metric=rpr
2026-10-07T12:38:27Z  OBSERVE  recommendationservice->productcatalogservice  rpr=0.0000  low=162 high=0  attempts=3  state=ON  metric=rpr
2026-10-07T12:38:27Z  OBSERVE  checkoutservice  rejection=0.0745  low=1 high=0  state=OFF  metric=rejection
2026-10-07T12:38:28Z  OBSERVE  frontend->adservice  rpr=0.0000  low=163 high=0  attempts=3  state=ON  metric=rpr
2026-10-07T12:38:28Z  OBSERVE  frontend->cartservice  rpr=0.0000  low=164 high=0  attempts=3  state=ON  metric=rpr
2026-10-07T12:38:28Z  OBSERVE  frontend->currencyservice  rpr=0.0000  low=164 high=0  attempts=3  state=ON  metric=rpr
2026-10-07T12:38:28Z  OBSERVE  frontend->productcatalogservice  rpr=0.0000  low=164 high=0  attempts=3  state=ON  metric=rpr
2026-10-07T12:38:28Z  OBSERVE  frontend->recommendationservice  rpr=0.0000  low=164 high=0  attempts=3  state=ON  metric=rpr
2026-10-07T12:38:28Z  OBSERVE  frontend->shippingservice  rpr=0.0000  low=163 high=0  attempts=3  state=ON  metric=rpr
2026-10-07T12:38:28Z  OBSERVE  checkoutservice->cartservice  rpr=0.0000  low=162 high=0  attempts=3  state=ON  metric=rpr
2026-10-07T12:38:28Z  OBSERVE  checkoutservice->currencyservice  rpr=0.0000  low=162 high=0  attempts=3  state=ON  metric=rpr
2026-10-07T12:38:28Z  OBSERVE  checkoutservice->emailservice  rpr=0.0000  low=160 high=0  attempts=3  state=ON  metric=rpr
2026-10-07T12:38:28Z  OBSERVE  checkoutservice->paymentservice  rpr=0.0000  low=162 high=0  attempts=3  state=ON  metric=rpr
2026-10-07T12:38:28Z  OBSERVE  checkoutservice->shippingservice  rpr=0.0000  low=162 high=0  attempts=3  state=ON  metric=rpr
2026-10-07T12:38:28Z  OBSERVE  recommendationservice->productcatalogservice  rpr=0.0000  low=163 high=0  attempts=3  state=ON  metric=rpr
2026-10-07T12:38:28Z  OBSERVE  checkoutservice  rejection=0.2184  low=0 high=1  state=OFF  metric=rejection
2026-10-07T12:38:29Z  OBSERVE  frontend->adservice  rpr=0.0000  low=164 high=0  attempts=3  state=ON  metric=rpr
2026-10-07T12:38:29Z  OBSERVE  frontend->cartservice  rpr=0.0000  low=165 high=0  attempts=3  state=ON  metric=rpr
2026-10-07T12:38:29Z  OBSERVE  frontend->currencyservice  rpr=0.0000  low=165 high=0  attempts=3  state=ON  metric=rpr
2026-10-07T12:38:29Z  OBSERVE  frontend->productcatalogservice  rpr=0.0000  low=165 high=0  attempts=3  state=ON  metric=rpr
2026-10-07T12:38:29Z  OBSERVE  frontend->recommendationservice  rpr=0.0000  low=165 high=0  attempts=3  state=ON  metric=rpr
2026-10-07T12:38:29Z  OBSERVE  frontend->shippingservice  rpr=0.0000  low=164 high=0  attempts=3  state=ON  metric=rpr
2026-10-07T12:38:29Z  OBSERVE  checkoutservice->cartservice  rpr=0.0000  low=163 high=0  attempts=3  state=ON  metric=rpr
2026-10-07T12:38:29Z  OBSERVE  checkoutservice->currencyservice  rpr=0.0000  low=163 high=0  attempts=3  state=ON  metric=rpr
2026-10-07T12:38:29Z  OBSERVE  checkoutservice->emailservice  rpr=0.0000  low=161 high=0  attempts=3  state=ON  metric=rpr
2026-10-07T12:38:29Z  OBSERVE  checkoutservice->paymentservice  rpr=0.0000  low=163 high=0  attempts=3  state=ON  metric=rpr
2026-10-07T12:38:29Z  OBSERVE  checkoutservice->shippingservice  rpr=0.0000  low=163 high=0  attempts=3  state=ON  metric=rpr
2026-10-07T12:38:29Z  OBSERVE  recommendationservice->productcatalogservice  rpr=0.0000  low=164 high=0  attempts=3  state=ON  metric=rpr
2026-10-07T12:38:29Z  OBSERVE  checkoutservice  rejection=0.1341  low=0 high=2  state=OFF  metric=rejection
2026-10-07T12:38:30Z  OBSERVE  frontend->adservice  rpr=0.0000  low=165 high=0  attempts=3  state=ON  metric=rpr
2026-10-07T12:38:30Z  OBSERVE  frontend->cartservice  rpr=0.0000  low=166 high=0  attempts=3  state=ON  metric=rpr
2026-10-07T12:38:30Z  OBSERVE  frontend->currencyservice  rpr=0.0000  low=166 high=0  attempts=3  state=ON  metric=rpr
2026-10-07T12:38:30Z  OBSERVE  frontend->productcatalogservice  rpr=0.0000  low=166 high=0  attempts=3  state=ON  metric=rpr
2026-10-07T12:38:30Z  OBSERVE  frontend->recommendationservice  rpr=0.0000  low=166 high=0  attempts=3  state=ON  metric=rpr
2026-10-07T12:38:30Z  OBSERVE  frontend->shippingservice  rpr=0.0000  low=165 high=0  attempts=3  state=ON  metric=rpr
2026-10-07T12:38:30Z  OBSERVE  checkoutservice->cartservice  rpr=0.0000  low=164 high=0  attempts=3  state=ON  metric=rpr
2026-10-07T12:38:30Z  OBSERVE  checkoutservice->currencyservice  rpr=0.0000  low=164 high=0  attempts=3  state=ON  metric=rpr
2026-10-07T12:38:30Z  OBSERVE  checkoutservice->emailservice  rpr=0.0000  low=162 high=0  attempts=3  state=ON  metric=rpr
2026-10-07T12:38:30Z  OBSERVE  checkoutservice->paymentservice  rpr=0.0000  low=164 high=0  attempts=3  state=ON  metric=rpr
2026-10-07T12:38:30Z  OBSERVE  checkoutservice->shippingservice  rpr=0.0000  low=164 high=0  attempts=3  state=ON  metric=rpr
2026-10-07T12:38:30Z  OBSERVE  recommendationservice->productcatalogservice  rpr=0.0000  low=165 high=0  attempts=3  state=ON  metric=rpr
2026-10-07T12:38:30Z  OBSERVE  checkoutservice  rejection=0.1596  low=0 high=3  state=OFF  metric=rejection
2026-10-07T12:38:31Z  OBSERVE  frontend->adservice  rpr=0.0000  low=166 high=0  attempts=3  state=ON  metric=rpr
2026-10-07T12:38:31Z  OBSERVE  frontend->cartservice  rpr=0.0000  low=167 high=0  attempts=3  state=ON  metric=rpr
2026-10-07T12:38:31Z  OBSERVE  frontend->currencyservice  rpr=0.0000  low=167 high=0  attempts=3  state=ON  metric=rpr
2026-10-07T12:38:31Z  OBSERVE  frontend->productcatalogservice  rpr=0.0000  low=167 high=0  attempts=3  state=ON  metric=rpr
2026-10-07T12:38:31Z  OBSERVE  frontend->recommendationservice  rpr=0.0000  low=167 high=0  attempts=3  state=ON  metric=rpr
2026-10-07T12:38:31Z  OBSERVE  frontend->shippingservice  rpr=0.0000  low=166 high=0  attempts=3  state=ON  metric=rpr
2026-10-07T12:38:31Z  OBSERVE  checkoutservice->cartservice  rpr=0.0000  low=165 high=0  attempts=3  state=ON  metric=rpr
2026-10-07T12:38:31Z  OBSERVE  checkoutservice->currencyservice  rpr=0.0000  low=165 high=0  attempts=3  state=ON  metric=rpr
2026-10-07T12:38:31Z  OBSERVE  checkoutservice->emailservice  rpr=0.0000  low=163 high=0  attempts=3  state=ON  metric=rpr
2026-10-07T12:38:31Z  OBSERVE  checkoutservice->paymentservice  rpr=0.0000  low=165 high=0  attempts=3  state=ON  metric=rpr
2026-10-07T12:38:31Z  OBSERVE  checkoutservice->shippingservice  rpr=0.0000  low=165 high=0  attempts=3  state=ON  metric=rpr
2026-10-07T12:38:31Z  OBSERVE  recommendationservice->productcatalogservice  rpr=0.0000  low=166 high=0  attempts=3  state=ON  metric=rpr
2026-10-07T12:38:31Z  OBSERVE  checkoutservice  rejection=0.1569  low=0 high=4  state=OFF  metric=rejection
2026-10-07T12:38:32Z  OBSERVE  frontend->adservice  rpr=0.0000  low=167 high=0  attempts=3  state=ON  metric=rpr
2026-10-07T12:38:32Z  OBSERVE  frontend->cartservice  rpr=0.0000  low=168 high=0  attempts=3  state=ON  metric=rpr
2026-10-07T12:38:32Z  OBSERVE  frontend->currencyservice  rpr=0.0000  low=168 high=0  attempts=3  state=ON  metric=rpr
2026-10-07T12:38:32Z  OBSERVE  frontend->productcatalogservice  rpr=0.0000  low=168 high=0  attempts=3  state=ON  metric=rpr
2026-10-07T12:38:32Z  OBSERVE  frontend->recommendationservice  rpr=0.0000  low=168 high=0  attempts=3  state=ON  metric=rpr
2026-10-07T12:38:32Z  OBSERVE  frontend->shippingservice  rpr=0.0000  low=167 high=0  attempts=3  state=ON  metric=rpr
2026-10-07T12:38:32Z  OBSERVE  checkoutservice->cartservice  rpr=0.0000  low=166 high=0  attempts=3  state=ON  metric=rpr
2026-10-07T12:38:32Z  OBSERVE  checkoutservice->currencyservice  rpr=0.0000  low=166 high=0  attempts=3  state=ON  metric=rpr
2026-10-07T12:38:32Z  OBSERVE  checkoutservice->emailservice  rpr=0.0000  low=164 high=0  attempts=3  state=ON  metric=rpr
2026-10-07T12:38:32Z  OBSERVE  checkoutservice->paymentservice  rpr=0.0000  low=166 high=0  attempts=3  state=ON  metric=rpr
2026-10-07T12:38:32Z  OBSERVE  checkoutservice->shippingservice  rpr=0.0000  low=166 high=0  attempts=3  state=ON  metric=rpr
2026-10-07T12:38:32Z  OBSERVE  recommendationservice->productcatalogservice  rpr=0.0000  low=167 high=0  attempts=3  state=ON  metric=rpr
2026-10-07T12:38:32Z  OBSERVE  checkoutservice  rejection=0.1528  low=0 high=5  state=OFF  metric=rejection
2026-10-07T12:38:33Z  OBSERVE  frontend->adservice  rpr=0.0000  low=168 high=0  attempts=3  state=ON  metric=rpr
2026-10-07T12:38:33Z  OBSERVE  frontend->cartservice  rpr=0.0000  low=169 high=0  attempts=3  state=ON  metric=rpr
2026-10-07T12:38:33Z  OBSERVE  frontend->currencyservice  rpr=0.0000  low=169 high=0  attempts=3  state=ON  metric=rpr
2026-10-07T12:38:33Z  OBSERVE  frontend->productcatalogservice  rpr=0.0000  low=169 high=0  attempts=3  state=ON  metric=rpr
2026-10-07T12:38:33Z  OBSERVE  frontend->recommendationservice  rpr=0.0000  low=169 high=0  attempts=3  state=ON  metric=rpr
2026-10-07T12:38:33Z  OBSERVE  frontend->shippingservice  rpr=0.0000  low=168 high=0  attempts=3  state=ON  metric=rpr
2026-10-07T12:38:33Z  OBSERVE  checkoutservice->cartservice  rpr=0.0000  low=167 high=0  attempts=3  state=ON  metric=rpr
2026-10-07T12:38:33Z  OBSERVE  checkoutservice->currencyservice  rpr=0.0000  low=167 high=0  attempts=3  state=ON  metric=rpr
2026-10-07T12:38:33Z  OBSERVE  checkoutservice->emailservice  rpr=0.0000  low=165 high=0  attempts=3  state=ON  metric=rpr
2026-10-07T12:38:33Z  OBSERVE  checkoutservice->paymentservice  rpr=0.0000  low=167 high=0  attempts=3  state=ON  metric=rpr
2026-10-07T12:38:33Z  OBSERVE  checkoutservice->shippingservice  rpr=0.0000  low=167 high=0  attempts=3  state=ON  metric=rpr
2026-10-07T12:38:33Z  OBSERVE  recommendationservice->productcatalogservice  rpr=0.0000  low=168 high=0  attempts=3  state=ON  metric=rpr
2026-10-07T12:38:33Z  OBSERVE  checkoutservice  rejection=0.1277  low=0 high=6  state=OFF  metric=rejection
2026-10-07T12:38:34Z  OBSERVE  frontend->adservice  rpr=0.0000  low=169 high=0  attempts=3  state=ON  metric=rpr
2026-10-07T12:38:34Z  OBSERVE  frontend->cartservice  rpr=0.0000  low=170 high=0  attempts=3  state=ON  metric=rpr
2026-10-07T12:38:34Z  OBSERVE  frontend->currencyservice  rpr=0.0000  low=170 high=0  attempts=3  state=ON  metric=rpr
2026-10-07T12:38:34Z  OBSERVE  frontend->productcatalogservice  rpr=0.0000  low=170 high=0  attempts=3  state=ON  metric=rpr
2026-10-07T12:38:34Z  OBSERVE  frontend->recommendationservice  rpr=0.0000  low=170 high=0  attempts=3  state=ON  metric=rpr
2026-10-07T12:38:34Z  OBSERVE  frontend->shippingservice  rpr=0.0000  low=169 high=0  attempts=3  state=ON  metric=rpr
2026-10-07T12:38:34Z  OBSERVE  checkoutservice->cartservice  rpr=0.0000  low=168 high=0  attempts=3  state=ON  metric=rpr
2026-10-07T12:38:34Z  OBSERVE  checkoutservice->currencyservice  rpr=0.0000  low=168 high=0  attempts=3  state=ON  metric=rpr
2026-10-07T12:38:34Z  OBSERVE  checkoutservice->emailservice  rpr=0.0000  low=166 high=0  attempts=3  state=ON  metric=rpr
2026-10-07T12:38:34Z  OBSERVE  checkoutservice->paymentservice  rpr=0.0000  low=168 high=0  attempts=3  state=ON  metric=rpr
2026-10-07T12:38:34Z  OBSERVE  checkoutservice->shippingservice  rpr=0.0000  low=168 high=0  attempts=3  state=ON  metric=rpr
2026-10-07T12:38:34Z  OBSERVE  recommendationservice->productcatalogservice  rpr=0.0000  low=169 high=0  attempts=3  state=ON  metric=rpr
2026-10-07T12:38:34Z  OBSERVE  checkoutservice  rejection=0.2222  low=0 high=7  state=OFF  metric=rejection
2026-10-07T12:38:35Z  OBSERVE  frontend->adservice  rpr=0.0000  low=170 high=0  attempts=3  state=ON  metric=rpr
2026-10-07T12:38:35Z  OBSERVE  frontend->cartservice  rpr=0.0000  low=171 high=0  attempts=3  state=ON  metric=rpr
2026-10-07T12:38:35Z  OBSERVE  frontend->currencyservice  rpr=0.0000  low=171 high=0  attempts=3  state=ON  metric=rpr
2026-10-07T12:38:35Z  OBSERVE  frontend->productcatalogservice  rpr=0.0000  low=171 high=0  attempts=3  state=ON  metric=rpr
2026-10-07T12:38:35Z  OBSERVE  frontend->recommendationservice  rpr=0.0000  low=171 high=0  attempts=3  state=ON  metric=rpr
2026-10-07T12:38:35Z  OBSERVE  frontend->shippingservice  rpr=0.0000  low=170 high=0  attempts=3  state=ON  metric=rpr
2026-10-07T12:38:35Z  OBSERVE  checkoutservice->cartservice  rpr=0.0000  low=169 high=0  attempts=3  state=ON  metric=rpr
2026-10-07T12:38:35Z  OBSERVE  checkoutservice->currencyservice  rpr=0.0000  low=169 high=0  attempts=3  state=ON  metric=rpr
2026-10-07T12:38:35Z  OBSERVE  checkoutservice->emailservice  rpr=0.0000  low=167 high=0  attempts=3  state=ON  metric=rpr
2026-10-07T12:38:35Z  OBSERVE  checkoutservice->paymentservice  rpr=0.0000  low=169 high=0  attempts=3  state=ON  metric=rpr
2026-10-07T12:38:35Z  OBSERVE  checkoutservice->shippingservice  rpr=0.0000  low=169 high=0  attempts=3  state=ON  metric=rpr
2026-10-07T12:38:35Z  OBSERVE  recommendationservice->productcatalogservice  rpr=0.0000  low=170 high=0  attempts=3  state=ON  metric=rpr
2026-10-07T12:38:35Z  OBSERVE  checkoutservice  rejection=0.1529  low=0 high=8  state=OFF  metric=rejection
2026-10-07T12:38:36Z  OBSERVE  frontend->adservice  rpr=0.0000  low=171 high=0  attempts=3  state=ON  metric=rpr
2026-10-07T12:38:36Z  OBSERVE  frontend->cartservice  rpr=0.0000  low=172 high=0  attempts=3  state=ON  metric=rpr
2026-10-07T12:38:36Z  OBSERVE  frontend->currencyservice  rpr=0.0000  low=172 high=0  attempts=3  state=ON  metric=rpr
2026-10-07T12:38:36Z  OBSERVE  frontend->productcatalogservice  rpr=0.0000  low=172 high=0  attempts=3  state=ON  metric=rpr
2026-10-07T12:38:36Z  OBSERVE  frontend->recommendationservice  rpr=0.0000  low=172 high=0  attempts=3  state=ON  metric=rpr
2026-10-07T12:38:36Z  OBSERVE  frontend->shippingservice  rpr=0.0000  low=171 high=0  attempts=3  state=ON  metric=rpr
2026-10-07T12:38:36Z  OBSERVE  checkoutservice->cartservice  rpr=0.0000  low=170 high=0  attempts=3  state=ON  metric=rpr
2026-10-07T12:38:36Z  OBSERVE  checkoutservice->currencyservice  rpr=0.0000  low=170 high=0  attempts=3  state=ON  metric=rpr
2026-10-07T12:38:36Z  OBSERVE  checkoutservice->emailservice  rpr=0.0000  low=168 high=0  attempts=3  state=ON  metric=rpr
2026-10-07T12:38:36Z  OBSERVE  checkoutservice->paymentservice  rpr=0.0000  low=170 high=0  attempts=3  state=ON  metric=rpr
2026-10-07T12:38:36Z  OBSERVE  checkoutservice->shippingservice  rpr=0.0000  low=170 high=0  attempts=3  state=ON  metric=rpr
2026-10-07T12:38:36Z  OBSERVE  recommendationservice->productcatalogservice  rpr=0.0000  low=171 high=0  attempts=3  state=ON  metric=rpr
2026-10-07T12:38:36Z  OBSERVE  checkoutservice  rejection=0.2235  low=0 high=9  state=OFF  metric=rejection
2026-10-07T12:38:37Z  OBSERVE  frontend->adservice  rpr=0.0000  low=172 high=0  attempts=3  state=ON  metric=rpr
2026-10-07T12:38:37Z  OBSERVE  frontend->cartservice  rpr=0.0000  low=173 high=0  attempts=3  state=ON  metric=rpr
2026-10-07T12:38:37Z  OBSERVE  frontend->currencyservice  rpr=0.0000  low=173 high=0  attempts=3  state=ON  metric=rpr
2026-10-07T12:38:37Z  OBSERVE  frontend->productcatalogservice  rpr=0.0000  low=173 high=0  attempts=3  state=ON  metric=rpr
2026-10-07T12:38:37Z  OBSERVE  frontend->recommendationservice  rpr=0.0000  low=173 high=0  attempts=3  state=ON  metric=rpr
2026-10-07T12:38:37Z  OBSERVE  frontend->shippingservice  rpr=0.0000  low=172 high=0  attempts=3  state=ON  metric=rpr
2026-10-07T12:38:37Z  OBSERVE  checkoutservice->cartservice  rpr=0.0000  low=171 high=0  attempts=3  state=ON  metric=rpr
2026-10-07T12:38:37Z  OBSERVE  checkoutservice->currencyservice  rpr=0.0000  low=171 high=0  attempts=3  state=ON  metric=rpr
2026-10-07T12:38:37Z  OBSERVE  checkoutservice->emailservice  rpr=0.0000  low=169 high=0  attempts=3  state=ON  metric=rpr
2026-10-07T12:38:37Z  OBSERVE  checkoutservice->paymentservice  rpr=0.0000  low=171 high=0  attempts=3  state=ON  metric=rpr
2026-10-07T12:38:37Z  OBSERVE  checkoutservice->shippingservice  rpr=0.0000  low=171 high=0  attempts=3  state=ON  metric=rpr
2026-10-07T12:38:37Z  OBSERVE  recommendationservice->productcatalogservice  rpr=0.0000  low=172 high=0  attempts=3  state=ON  metric=rpr
2026-10-07T12:38:37Z  OBSERVE  checkoutservice  rejection=0.1263  low=0 high=10  state=OFF  metric=rejection
2026-10-07T12:38:38Z  OBSERVE  frontend->adservice  rpr=0.0000  low=173 high=0  attempts=3  state=ON  metric=rpr
2026-10-07T12:38:38Z  OBSERVE  frontend->cartservice  rpr=0.0000  low=174 high=0  attempts=3  state=ON  metric=rpr
2026-10-07T12:38:38Z  OBSERVE  frontend->currencyservice  rpr=0.0000  low=174 high=0  attempts=3  state=ON  metric=rpr
2026-10-07T12:38:38Z  OBSERVE  frontend->productcatalogservice  rpr=0.0000  low=174 high=0  attempts=3  state=ON  metric=rpr
2026-10-07T12:38:38Z  OBSERVE  frontend->recommendationservice  rpr=0.0000  low=174 high=0  attempts=3  state=ON  metric=rpr
2026-10-07T12:38:38Z  OBSERVE  frontend->shippingservice  rpr=0.0000  low=173 high=0  attempts=3  state=ON  metric=rpr
2026-10-07T12:38:38Z  OBSERVE  checkoutservice->cartservice  rpr=0.0000  low=172 high=0  attempts=3  state=ON  metric=rpr
2026-10-07T12:38:38Z  OBSERVE  checkoutservice->currencyservice  rpr=0.0000  low=172 high=0  attempts=3  state=ON  metric=rpr
2026-10-07T12:38:38Z  OBSERVE  checkoutservice->emailservice  rpr=0.0000  low=170 high=0  attempts=3  state=ON  metric=rpr
2026-10-07T12:38:38Z  OBSERVE  checkoutservice->paymentservice  rpr=0.0000  low=172 high=0  attempts=3  state=ON  metric=rpr
2026-10-07T12:38:38Z  OBSERVE  checkoutservice->shippingservice  rpr=0.0000  low=172 high=0  attempts=3  state=ON  metric=rpr
2026-10-07T12:38:38Z  OBSERVE  recommendationservice->productcatalogservice  rpr=0.0000  low=173 high=0  attempts=3  state=ON  metric=rpr
2026-10-07T12:38:38Z  OBSERVE  checkoutservice  rejection=0.1646  low=0 high=11  state=OFF  metric=rejection
2026-10-07T12:38:39Z  OBSERVE  frontend->adservice  rpr=0.0000  low=174 high=0  attempts=3  state=ON  metric=rpr
2026-10-07T12:38:39Z  OBSERVE  frontend->cartservice  rpr=0.0000  low=175 high=0  attempts=3  state=ON  metric=rpr
2026-10-07T12:38:39Z  OBSERVE  frontend->currencyservice  rpr=0.0000  low=175 high=0  attempts=3  state=ON  metric=rpr
2026-10-07T12:38:39Z  OBSERVE  frontend->productcatalogservice  rpr=0.0000  low=175 high=0  attempts=3  state=ON  metric=rpr
2026-10-07T12:38:39Z  OBSERVE  frontend->recommendationservice  rpr=0.0000  low=175 high=0  attempts=3  state=ON  metric=rpr
2026-10-07T12:38:39Z  OBSERVE  frontend->shippingservice  rpr=0.0000  low=174 high=0  attempts=3  state=ON  metric=rpr
2026-10-07T12:38:39Z  OBSERVE  checkoutservice->cartservice  rpr=0.0000  low=173 high=0  attempts=3  state=ON  metric=rpr
2026-10-07T12:38:39Z  OBSERVE  checkoutservice->currencyservice  rpr=0.0000  low=173 high=0  attempts=3  state=ON  metric=rpr
2026-10-07T12:38:39Z  OBSERVE  checkoutservice->emailservice  rpr=0.0000  low=171 high=0  attempts=3  state=ON  metric=rpr
2026-10-07T12:38:39Z  OBSERVE  checkoutservice->paymentservice  rpr=0.0000  low=173 high=0  attempts=3  state=ON  metric=rpr
2026-10-07T12:38:39Z  OBSERVE  checkoutservice->shippingservice  rpr=0.0000  low=173 high=0  attempts=3  state=ON  metric=rpr
2026-10-07T12:38:39Z  OBSERVE  recommendationservice->productcatalogservice  rpr=0.0000  low=174 high=0  attempts=3  state=ON  metric=rpr
2026-10-07T12:38:39Z  OBSERVE  checkoutservice  rejection=0.2212  low=0 high=12  state=OFF  metric=rejection
2026-10-07T12:38:40Z  OBSERVE  frontend->adservice  rpr=0.0000  low=175 high=0  attempts=3  state=ON  metric=rpr
2026-10-07T12:38:40Z  OBSERVE  frontend->cartservice  rpr=0.0000  low=176 high=0  attempts=3  state=ON  metric=rpr
2026-10-07T12:38:40Z  OBSERVE  frontend->currencyservice  rpr=0.0000  low=176 high=0  attempts=3  state=ON  metric=rpr
2026-10-07T12:38:40Z  OBSERVE  frontend->productcatalogservice  rpr=0.0000  low=176 high=0  attempts=3  state=ON  metric=rpr
2026-10-07T12:38:40Z  OBSERVE  frontend->recommendationservice  rpr=0.0000  low=176 high=0  attempts=3  state=ON  metric=rpr
2026-10-07T12:38:40Z  OBSERVE  frontend->shippingservice  rpr=0.0000  low=175 high=0  attempts=3  state=ON  metric=rpr
2026-10-07T12:38:40Z  OBSERVE  checkoutservice->cartservice  rpr=0.0000  low=174 high=0  attempts=3  state=ON  metric=rpr
2026-10-07T12:38:40Z  OBSERVE  checkoutservice->currencyservice  rpr=0.0000  low=174 high=0  attempts=3  state=ON  metric=rpr
2026-10-07T12:38:40Z  OBSERVE  checkoutservice->emailservice  rpr=0.0000  low=172 high=0  attempts=3  state=ON  metric=rpr
2026-10-07T12:38:40Z  OBSERVE  checkoutservice->paymentservice  rpr=0.0000  low=174 high=0  attempts=3  state=ON  metric=rpr
2026-10-07T12:38:40Z  OBSERVE  checkoutservice->shippingservice  rpr=0.0000  low=174 high=0  attempts=3  state=ON  metric=rpr
2026-10-07T12:38:40Z  OBSERVE  recommendationservice->productcatalogservice  rpr=0.0000  low=175 high=0  attempts=3  state=ON  metric=rpr
2026-10-07T12:38:40Z  OBSERVE  checkoutservice  rejection=0.0899  low=1 high=0  state=OFF  metric=rejection
2026-10-07T12:38:41Z  OBSERVE  frontend->adservice  rpr=0.0000  low=176 high=0  attempts=3  state=ON  metric=rpr
2026-10-07T12:38:41Z  OBSERVE  frontend->cartservice  rpr=0.0000  low=177 high=0  attempts=3  state=ON  metric=rpr
2026-10-07T12:38:41Z  OBSERVE  frontend->currencyservice  rpr=0.0000  low=177 high=0  attempts=3  state=ON  metric=rpr
2026-10-07T12:38:41Z  OBSERVE  frontend->productcatalogservice  rpr=0.0000  low=177 high=0  attempts=3  state=ON  metric=rpr
2026-10-07T12:38:41Z  OBSERVE  frontend->recommendationservice  rpr=0.0000  low=177 high=0  attempts=3  state=ON  metric=rpr
2026-10-07T12:38:41Z  OBSERVE  frontend->shippingservice  rpr=0.0000  low=176 high=0  attempts=3  state=ON  metric=rpr
2026-10-07T12:38:41Z  OBSERVE  checkoutservice->cartservice  rpr=0.0000  low=175 high=0  attempts=3  state=ON  metric=rpr
2026-10-07T12:38:41Z  OBSERVE  checkoutservice->currencyservice  rpr=0.0000  low=175 high=0  attempts=3  state=ON  metric=rpr
2026-10-07T12:38:41Z  OBSERVE  checkoutservice->emailservice  rpr=0.0000  low=173 high=0  attempts=3  state=ON  metric=rpr
2026-10-07T12:38:41Z  OBSERVE  checkoutservice->paymentservice  rpr=0.0000  low=175 high=0  attempts=3  state=ON  metric=rpr
2026-10-07T12:38:41Z  OBSERVE  checkoutservice->shippingservice  rpr=0.0000  low=175 high=0  attempts=3  state=ON  metric=rpr
2026-10-07T12:38:41Z  OBSERVE  recommendationservice->productcatalogservice  rpr=0.0000  low=176 high=0  attempts=3  state=ON  metric=rpr
2026-10-07T12:38:41Z  OBSERVE  checkoutservice  rejection=0.2000  low=0 high=1  state=OFF  metric=rejection
2026-10-07T12:38:42Z  OBSERVE  frontend->adservice  rpr=0.0000  low=177 high=0  attempts=3  state=ON  metric=rpr
2026-10-07T12:38:42Z  OBSERVE  frontend->cartservice  rpr=0.0000  low=178 high=0  attempts=3  state=ON  metric=rpr
2026-10-07T12:38:42Z  OBSERVE  frontend->currencyservice  rpr=0.0000  low=178 high=0  attempts=3  state=ON  metric=rpr
2026-10-07T12:38:42Z  OBSERVE  frontend->productcatalogservice  rpr=0.0000  low=178 high=0  attempts=3  state=ON  metric=rpr
2026-10-07T12:38:42Z  OBSERVE  frontend->recommendationservice  rpr=0.0000  low=178 high=0  attempts=3  state=ON  metric=rpr
2026-10-07T12:38:42Z  OBSERVE  frontend->shippingservice  rpr=0.0000  low=177 high=0  attempts=3  state=ON  metric=rpr
2026-10-07T12:38:42Z  OBSERVE  checkoutservice->cartservice  rpr=0.0000  low=176 high=0  attempts=3  state=ON  metric=rpr
2026-10-07T12:38:42Z  OBSERVE  checkoutservice->currencyservice  rpr=0.0000  low=176 high=0  attempts=3  state=ON  metric=rpr
2026-10-07T12:38:42Z  OBSERVE  checkoutservice->emailservice  rpr=0.0000  low=174 high=0  attempts=3  state=ON  metric=rpr
2026-10-07T12:38:42Z  OBSERVE  checkoutservice->paymentservice  rpr=0.0000  low=176 high=0  attempts=3  state=ON  metric=rpr
2026-10-07T12:38:42Z  OBSERVE  checkoutservice->shippingservice  rpr=0.0000  low=176 high=0  attempts=3  state=ON  metric=rpr
2026-10-07T12:38:42Z  OBSERVE  recommendationservice->productcatalogservice  rpr=0.0000  low=177 high=0  attempts=3  state=ON  metric=rpr
2026-10-07T12:38:42Z  OBSERVE  checkoutservice  rejection=0.0694  low=1 high=0  state=OFF  metric=rejection
2026-10-07T12:38:43Z  OBSERVE  frontend->adservice  rpr=0.0000  low=178 high=0  attempts=3  state=ON  metric=rpr
2026-10-07T12:38:43Z  OBSERVE  frontend->cartservice  rpr=0.0000  low=179 high=0  attempts=3  state=ON  metric=rpr
2026-10-07T12:38:43Z  OBSERVE  frontend->currencyservice  rpr=0.0000  low=179 high=0  attempts=3  state=ON  metric=rpr
2026-10-07T12:38:43Z  OBSERVE  frontend->productcatalogservice  rpr=0.0000  low=179 high=0  attempts=3  state=ON  metric=rpr
2026-10-07T12:38:43Z  OBSERVE  frontend->recommendationservice  rpr=0.0000  low=179 high=0  attempts=3  state=ON  metric=rpr
2026-10-07T12:38:43Z  OBSERVE  frontend->shippingservice  rpr=0.0000  low=178 high=0  attempts=3  state=ON  metric=rpr
2026-10-07T12:38:43Z  OBSERVE  checkoutservice->cartservice  rpr=0.0000  low=177 high=0  attempts=3  state=ON  metric=rpr
2026-10-07T12:38:43Z  OBSERVE  checkoutservice->currencyservice  rpr=0.0000  low=177 high=0  attempts=3  state=ON  metric=rpr
2026-10-07T12:38:43Z  OBSERVE  checkoutservice->emailservice  rpr=0.0000  low=175 high=0  attempts=3  state=ON  metric=rpr
2026-10-07T12:38:43Z  OBSERVE  checkoutservice->paymentservice  rpr=0.0000  low=177 high=0  attempts=3  state=ON  metric=rpr
2026-10-07T12:38:43Z  OBSERVE  checkoutservice->shippingservice  rpr=0.0000  low=177 high=0  attempts=3  state=ON  metric=rpr
2026-10-07T12:38:43Z  OBSERVE  recommendationservice->productcatalogservice  rpr=0.0000  low=178 high=0  attempts=3  state=ON  metric=rpr
2026-10-07T12:38:43Z  OBSERVE  checkoutservice  rejection=0.3542  low=0 high=1  state=OFF  metric=rejection
2026-10-07T12:38:44Z  OBSERVE  frontend->adservice  rpr=0.0000  low=179 high=0  attempts=3  state=ON  metric=rpr
2026-10-07T12:38:44Z  OBSERVE  frontend->cartservice  rpr=0.0000  low=180 high=0  attempts=3  state=ON  metric=rpr
2026-10-07T12:38:44Z  OBSERVE  frontend->currencyservice  rpr=0.0000  low=180 high=0  attempts=3  state=ON  metric=rpr
2026-10-07T12:38:44Z  OBSERVE  frontend->productcatalogservice  rpr=0.0000  low=180 high=0  attempts=3  state=ON  metric=rpr
2026-10-07T12:38:44Z  OBSERVE  frontend->recommendationservice  rpr=0.0000  low=180 high=0  attempts=3  state=ON  metric=rpr
2026-10-07T12:38:44Z  OBSERVE  frontend->shippingservice  rpr=0.0000  low=179 high=0  attempts=3  state=ON  metric=rpr
2026-10-07T12:38:44Z  OBSERVE  checkoutservice->cartservice  rpr=0.0000  low=178 high=0  attempts=3  state=ON  metric=rpr
2026-10-07T12:38:44Z  OBSERVE  checkoutservice->currencyservice  rpr=0.0000  low=178 high=0  attempts=3  state=ON  metric=rpr
2026-10-07T12:38:44Z  OBSERVE  checkoutservice->emailservice  rpr=0.0000  low=176 high=0  attempts=3  state=ON  metric=rpr
2026-10-07T12:38:44Z  OBSERVE  checkoutservice->paymentservice  rpr=0.0000  low=178 high=0  attempts=3  state=ON  metric=rpr
2026-10-07T12:38:44Z  OBSERVE  checkoutservice->shippingservice  rpr=0.0000  low=178 high=0  attempts=3  state=ON  metric=rpr
2026-10-07T12:38:44Z  OBSERVE  recommendationservice->productcatalogservice  rpr=0.0000  low=179 high=0  attempts=3  state=ON  metric=rpr
2026-10-07T12:38:44Z  OBSERVE  checkoutservice  rejection=0.3173  low=0 high=2  state=OFF  metric=rejection
2026-10-07T12:38:45Z  OBSERVE  frontend->adservice  rpr=0.0000  low=180 high=0  attempts=3  state=ON  metric=rpr
2026-10-07T12:38:45Z  OBSERVE  frontend->cartservice  rpr=0.0000  low=181 high=0  attempts=3  state=ON  metric=rpr
2026-10-07T12:38:45Z  OBSERVE  frontend->currencyservice  rpr=0.0000  low=181 high=0  attempts=3  state=ON  metric=rpr
2026-10-07T12:38:45Z  OBSERVE  frontend->productcatalogservice  rpr=0.0000  low=181 high=0  attempts=3  state=ON  metric=rpr
2026-10-07T12:38:45Z  OBSERVE  frontend->recommendationservice  rpr=0.0000  low=181 high=0  attempts=3  state=ON  metric=rpr
2026-10-07T12:38:45Z  OBSERVE  frontend->shippingservice  rpr=0.0000  low=180 high=0  attempts=3  state=ON  metric=rpr
2026-10-07T12:38:45Z  OBSERVE  checkoutservice->cartservice  rpr=0.0000  low=179 high=0  attempts=3  state=ON  metric=rpr
2026-10-07T12:38:45Z  OBSERVE  checkoutservice->currencyservice  rpr=0.0000  low=179 high=0  attempts=3  state=ON  metric=rpr
2026-10-07T12:38:45Z  OBSERVE  checkoutservice->emailservice  rpr=0.0000  low=177 high=0  attempts=3  state=ON  metric=rpr
2026-10-07T12:38:45Z  OBSERVE  checkoutservice->paymentservice  rpr=0.0000  low=179 high=0  attempts=3  state=ON  metric=rpr
2026-10-07T12:38:45Z  OBSERVE  checkoutservice->shippingservice  rpr=0.0000  low=179 high=0  attempts=3  state=ON  metric=rpr
2026-10-07T12:38:45Z  OBSERVE  recommendationservice->productcatalogservice  rpr=0.0000  low=180 high=0  attempts=3  state=ON  metric=rpr
2026-10-07T12:38:45Z  OBSERVE  checkoutservice  rejection=0.2959  low=0 high=3  state=OFF  metric=rejection
2026-10-07T12:38:46Z  OBSERVE  frontend->adservice  rpr=0.0000  low=181 high=0  attempts=3  state=ON  metric=rpr
2026-10-07T12:38:46Z  OBSERVE  frontend->cartservice  rpr=0.0000  low=182 high=0  attempts=3  state=ON  metric=rpr
2026-10-07T12:38:46Z  OBSERVE  frontend->currencyservice  rpr=0.0000  low=182 high=0  attempts=3  state=ON  metric=rpr
2026-10-07T12:38:46Z  OBSERVE  frontend->productcatalogservice  rpr=0.0000  low=182 high=0  attempts=3  state=ON  metric=rpr
2026-10-07T12:38:46Z  OBSERVE  frontend->recommendationservice  rpr=0.0000  low=182 high=0  attempts=3  state=ON  metric=rpr
2026-10-07T12:38:46Z  OBSERVE  frontend->shippingservice  rpr=0.0000  low=181 high=0  attempts=3  state=ON  metric=rpr
2026-10-07T12:38:46Z  OBSERVE  checkoutservice->cartservice  rpr=0.0000  low=180 high=0  attempts=3  state=ON  metric=rpr
2026-10-07T12:38:46Z  OBSERVE  checkoutservice->currencyservice  rpr=0.0000  low=180 high=0  attempts=3  state=ON  metric=rpr
2026-10-07T12:38:46Z  OBSERVE  checkoutservice->emailservice  rpr=0.0000  low=178 high=0  attempts=3  state=ON  metric=rpr
2026-10-07T12:38:46Z  OBSERVE  checkoutservice->paymentservice  rpr=0.0000  low=180 high=0  attempts=3  state=ON  metric=rpr
2026-10-07T12:38:46Z  OBSERVE  checkoutservice->shippingservice  rpr=0.0000  low=180 high=0  attempts=3  state=ON  metric=rpr
2026-10-07T12:38:46Z  OBSERVE  recommendationservice->productcatalogservice  rpr=0.0000  low=181 high=0  attempts=3  state=ON  metric=rpr
2026-10-07T12:38:46Z  OBSERVE  checkoutservice  rejection=0.1707  low=0 high=4  state=OFF  metric=rejection
2026-10-07T12:38:47Z  OBSERVE  frontend->adservice  rpr=0.0000  low=182 high=0  attempts=3  state=ON  metric=rpr
2026-10-07T12:38:47Z  OBSERVE  frontend->cartservice  rpr=0.0000  low=183 high=0  attempts=3  state=ON  metric=rpr
2026-10-07T12:38:47Z  OBSERVE  frontend->currencyservice  rpr=0.0000  low=183 high=0  attempts=3  state=ON  metric=rpr
2026-10-07T12:38:47Z  OBSERVE  frontend->productcatalogservice  rpr=0.0000  low=183 high=0  attempts=3  state=ON  metric=rpr
2026-10-07T12:38:47Z  OBSERVE  frontend->recommendationservice  rpr=0.0000  low=183 high=0  attempts=3  state=ON  metric=rpr
2026-10-07T12:38:47Z  OBSERVE  frontend->shippingservice  rpr=0.0000  low=182 high=0  attempts=3  state=ON  metric=rpr
2026-10-07T12:38:47Z  OBSERVE  checkoutservice->cartservice  rpr=0.0000  low=181 high=0  attempts=3  state=ON  metric=rpr
2026-10-07T12:38:47Z  OBSERVE  checkoutservice->currencyservice  rpr=0.0000  low=181 high=0  attempts=3  state=ON  metric=rpr
2026-10-07T12:38:47Z  OBSERVE  checkoutservice->emailservice  rpr=0.0000  low=179 high=0  attempts=3  state=ON  metric=rpr
2026-10-07T12:38:47Z  OBSERVE  checkoutservice->paymentservice  rpr=0.0000  low=181 high=0  attempts=3  state=ON  metric=rpr
2026-10-07T12:38:47Z  OBSERVE  checkoutservice->shippingservice  rpr=0.0000  low=181 high=0  attempts=3  state=ON  metric=rpr
2026-10-07T12:38:47Z  OBSERVE  recommendationservice->productcatalogservice  rpr=0.0000  low=182 high=0  attempts=3  state=ON  metric=rpr
2026-10-07T12:38:47Z  OBSERVE  checkoutservice  rejection=0.0649  low=1 high=0  state=OFF  metric=rejection
2026-10-07T12:38:48Z  OBSERVE  frontend->adservice  rpr=0.0000  low=183 high=0  attempts=3  state=ON  metric=rpr
2026-10-07T12:38:48Z  OBSERVE  frontend->cartservice  rpr=0.0000  low=184 high=0  attempts=3  state=ON  metric=rpr
2026-10-07T12:38:48Z  OBSERVE  frontend->currencyservice  rpr=0.0000  low=184 high=0  attempts=3  state=ON  metric=rpr
2026-10-07T12:38:48Z  OBSERVE  frontend->productcatalogservice  rpr=0.0000  low=184 high=0  attempts=3  state=ON  metric=rpr
2026-10-07T12:38:48Z  OBSERVE  frontend->recommendationservice  rpr=0.0000  low=184 high=0  attempts=3  state=ON  metric=rpr
2026-10-07T12:38:48Z  OBSERVE  frontend->shippingservice  rpr=0.0000  low=183 high=0  attempts=3  state=ON  metric=rpr
2026-10-07T12:38:48Z  OBSERVE  checkoutservice->cartservice  rpr=0.0000  low=182 high=0  attempts=3  state=ON  metric=rpr
2026-10-07T12:38:48Z  OBSERVE  checkoutservice->currencyservice  rpr=0.0000  low=182 high=0  attempts=3  state=ON  metric=rpr
2026-10-07T12:38:48Z  OBSERVE  checkoutservice->emailservice  rpr=0.0000  low=180 high=0  attempts=3  state=ON  metric=rpr
2026-10-07T12:38:48Z  OBSERVE  checkoutservice->paymentservice  rpr=0.0000  low=182 high=0  attempts=3  state=ON  metric=rpr
2026-10-07T12:38:48Z  OBSERVE  checkoutservice->shippingservice  rpr=0.0000  low=182 high=0  attempts=3  state=ON  metric=rpr
2026-10-07T12:38:48Z  OBSERVE  recommendationservice->productcatalogservice  rpr=0.0000  low=183 high=0  attempts=3  state=ON  metric=rpr
2026-10-07T12:38:48Z  OBSERVE  checkoutservice  rejection=0.2474  low=0 high=1  state=OFF  metric=rejection
2026-10-07T12:38:49Z  OBSERVE  frontend->adservice  rpr=0.0000  low=184 high=0  attempts=3  state=ON  metric=rpr
2026-10-07T12:38:49Z  OBSERVE  frontend->cartservice  rpr=0.0000  low=185 high=0  attempts=3  state=ON  metric=rpr
2026-10-07T12:38:49Z  OBSERVE  frontend->currencyservice  rpr=0.0000  low=185 high=0  attempts=3  state=ON  metric=rpr
2026-10-07T12:38:49Z  OBSERVE  frontend->productcatalogservice  rpr=0.0000  low=185 high=0  attempts=3  state=ON  metric=rpr
2026-10-07T12:38:49Z  OBSERVE  frontend->recommendationservice  rpr=0.0000  low=185 high=0  attempts=3  state=ON  metric=rpr
2026-10-07T12:38:49Z  OBSERVE  frontend->shippingservice  rpr=0.0000  low=184 high=0  attempts=3  state=ON  metric=rpr
2026-10-07T12:38:49Z  OBSERVE  checkoutservice->cartservice  rpr=0.0000  low=183 high=0  attempts=3  state=ON  metric=rpr
2026-10-07T12:38:49Z  OBSERVE  checkoutservice->currencyservice  rpr=0.0000  low=183 high=0  attempts=3  state=ON  metric=rpr
2026-10-07T12:38:49Z  OBSERVE  checkoutservice->emailservice  rpr=0.0000  low=181 high=0  attempts=3  state=ON  metric=rpr
2026-10-07T12:38:49Z  OBSERVE  checkoutservice->paymentservice  rpr=0.0000  low=183 high=0  attempts=3  state=ON  metric=rpr
2026-10-07T12:38:49Z  OBSERVE  checkoutservice->shippingservice  rpr=0.0000  low=183 high=0  attempts=3  state=ON  metric=rpr
2026-10-07T12:38:49Z  OBSERVE  recommendationservice->productcatalogservice  rpr=0.0000  low=184 high=0  attempts=3  state=ON  metric=rpr
2026-10-07T12:38:49Z  OBSERVE  checkoutservice  rejection=0.1942  low=0 high=2  state=OFF  metric=rejection
2026-10-07T12:38:50Z  OBSERVE  frontend->adservice  rpr=0.0000  low=185 high=0  attempts=3  state=ON  metric=rpr
2026-10-07T12:38:50Z  OBSERVE  frontend->cartservice  rpr=0.0000  low=186 high=0  attempts=3  state=ON  metric=rpr
2026-10-07T12:38:50Z  OBSERVE  frontend->currencyservice  rpr=0.0000  low=186 high=0  attempts=3  state=ON  metric=rpr
2026-10-07T12:38:50Z  OBSERVE  frontend->productcatalogservice  rpr=0.0000  low=186 high=0  attempts=3  state=ON  metric=rpr
2026-10-07T12:38:50Z  OBSERVE  frontend->recommendationservice  rpr=0.0000  low=186 high=0  attempts=3  state=ON  metric=rpr
2026-10-07T12:38:50Z  OBSERVE  frontend->shippingservice  rpr=0.0000  low=185 high=0  attempts=3  state=ON  metric=rpr
2026-10-07T12:38:50Z  OBSERVE  checkoutservice->cartservice  rpr=0.0000  low=184 high=0  attempts=3  state=ON  metric=rpr
2026-10-07T12:38:50Z  OBSERVE  checkoutservice->currencyservice  rpr=0.0000  low=184 high=0  attempts=3  state=ON  metric=rpr
2026-10-07T12:38:50Z  OBSERVE  checkoutservice->emailservice  rpr=0.0000  low=182 high=0  attempts=3  state=ON  metric=rpr
2026-10-07T12:38:50Z  OBSERVE  checkoutservice->paymentservice  rpr=0.0000  low=184 high=0  attempts=3  state=ON  metric=rpr
2026-10-07T12:38:50Z  OBSERVE  checkoutservice->shippingservice  rpr=0.0000  low=184 high=0  attempts=3  state=ON  metric=rpr
2026-10-07T12:38:50Z  OBSERVE  recommendationservice->productcatalogservice  rpr=0.0000  low=185 high=0  attempts=3  state=ON  metric=rpr
2026-10-07T12:38:50Z  OBSERVE  checkoutservice  rejection=0.2526  low=0 high=3  state=OFF  metric=rejection
2026-10-07T12:38:51Z  OBSERVE  frontend->adservice  rpr=0.0000  low=186 high=0  attempts=3  state=ON  metric=rpr
2026-10-07T12:38:51Z  OBSERVE  frontend->cartservice  rpr=0.0000  low=187 high=0  attempts=3  state=ON  metric=rpr
2026-10-07T12:38:51Z  OBSERVE  frontend->currencyservice  rpr=0.0000  low=187 high=0  attempts=3  state=ON  metric=rpr
2026-10-07T12:38:51Z  OBSERVE  frontend->productcatalogservice  rpr=0.0000  low=187 high=0  attempts=3  state=ON  metric=rpr
2026-10-07T12:38:51Z  OBSERVE  frontend->recommendationservice  rpr=0.0000  low=187 high=0  attempts=3  state=ON  metric=rpr
2026-10-07T12:38:51Z  OBSERVE  frontend->shippingservice  rpr=0.0000  low=186 high=0  attempts=3  state=ON  metric=rpr
2026-10-07T12:38:51Z  OBSERVE  checkoutservice->cartservice  rpr=0.0000  low=185 high=0  attempts=3  state=ON  metric=rpr
2026-10-07T12:38:51Z  OBSERVE  checkoutservice->currencyservice  rpr=0.0000  low=185 high=0  attempts=3  state=ON  metric=rpr
2026-10-07T12:38:51Z  OBSERVE  checkoutservice->emailservice  rpr=0.0000  low=183 high=0  attempts=3  state=ON  metric=rpr
2026-10-07T12:38:51Z  OBSERVE  checkoutservice->paymentservice  rpr=0.0000  low=185 high=0  attempts=3  state=ON  metric=rpr
2026-10-07T12:38:51Z  OBSERVE  checkoutservice->shippingservice  rpr=0.0000  low=185 high=0  attempts=3  state=ON  metric=rpr
2026-10-07T12:38:51Z  OBSERVE  recommendationservice->productcatalogservice  rpr=0.0000  low=186 high=0  attempts=3  state=ON  metric=rpr
2026-10-07T12:38:51Z  OBSERVE  checkoutservice  rejection=0.1889  low=0 high=4  state=OFF  metric=rejection
2026-10-07T12:38:52Z  OBSERVE  frontend->adservice  rpr=0.0000  low=187 high=0  attempts=3  state=ON  metric=rpr
2026-10-07T12:38:52Z  OBSERVE  frontend->cartservice  rpr=0.0000  low=188 high=0  attempts=3  state=ON  metric=rpr
2026-10-07T12:38:52Z  OBSERVE  frontend->currencyservice  rpr=0.0000  low=188 high=0  attempts=3  state=ON  metric=rpr
2026-10-07T12:38:52Z  OBSERVE  frontend->productcatalogservice  rpr=0.0000  low=188 high=0  attempts=3  state=ON  metric=rpr
2026-10-07T12:38:52Z  OBSERVE  frontend->recommendationservice  rpr=0.0000  low=188 high=0  attempts=3  state=ON  metric=rpr
2026-10-07T12:38:52Z  OBSERVE  frontend->shippingservice  rpr=0.0000  low=187 high=0  attempts=3  state=ON  metric=rpr
2026-10-07T12:38:52Z  OBSERVE  checkoutservice->cartservice  rpr=0.0000  low=186 high=0  attempts=3  state=ON  metric=rpr
2026-10-07T12:38:52Z  OBSERVE  checkoutservice->currencyservice  rpr=0.0000  low=186 high=0  attempts=3  state=ON  metric=rpr
2026-10-07T12:38:52Z  OBSERVE  checkoutservice->emailservice  rpr=0.0000  low=184 high=0  attempts=3  state=ON  metric=rpr
2026-10-07T12:38:52Z  OBSERVE  checkoutservice->paymentservice  rpr=0.0000  low=186 high=0  attempts=3  state=ON  metric=rpr
2026-10-07T12:38:52Z  OBSERVE  checkoutservice->shippingservice  rpr=0.0000  low=186 high=0  attempts=3  state=ON  metric=rpr
2026-10-07T12:38:52Z  OBSERVE  recommendationservice->productcatalogservice  rpr=0.0000  low=187 high=0  attempts=3  state=ON  metric=rpr
2026-10-07T12:38:52Z  OBSERVE  checkoutservice  rejection=0.3235  low=0 high=5  state=OFF  metric=rejection
2026-10-07T12:38:53Z  OBSERVE  frontend->adservice  rpr=0.0000  low=188 high=0  attempts=3  state=ON  metric=rpr
2026-10-07T12:38:53Z  OBSERVE  frontend->cartservice  rpr=0.0000  low=189 high=0  attempts=3  state=ON  metric=rpr
2026-10-07T12:38:53Z  OBSERVE  frontend->currencyservice  rpr=0.0000  low=189 high=0  attempts=3  state=ON  metric=rpr
2026-10-07T12:38:53Z  OBSERVE  frontend->productcatalogservice  rpr=0.0000  low=189 high=0  attempts=3  state=ON  metric=rpr
2026-10-07T12:38:53Z  OBSERVE  frontend->recommendationservice  rpr=0.0000  low=189 high=0  attempts=3  state=ON  metric=rpr
2026-10-07T12:38:53Z  OBSERVE  frontend->shippingservice  rpr=0.0000  low=188 high=0  attempts=3  state=ON  metric=rpr
2026-10-07T12:38:53Z  OBSERVE  checkoutservice->cartservice  rpr=0.0000  low=187 high=0  attempts=3  state=ON  metric=rpr
2026-10-07T12:38:53Z  OBSERVE  checkoutservice->currencyservice  rpr=0.0000  low=187 high=0  attempts=3  state=ON  metric=rpr
2026-10-07T12:38:53Z  OBSERVE  checkoutservice->emailservice  rpr=0.0000  low=185 high=0  attempts=3  state=ON  metric=rpr
2026-10-07T12:38:53Z  OBSERVE  checkoutservice->paymentservice  rpr=0.0000  low=187 high=0  attempts=3  state=ON  metric=rpr
2026-10-07T12:38:53Z  OBSERVE  checkoutservice->shippingservice  rpr=0.0000  low=187 high=0  attempts=3  state=ON  metric=rpr
2026-10-07T12:38:53Z  OBSERVE  recommendationservice->productcatalogservice  rpr=0.0000  low=188 high=0  attempts=3  state=ON  metric=rpr
2026-10-07T12:38:53Z  OBSERVE  checkoutservice  rejection=0.3469  low=0 high=6  state=OFF  metric=rejection
2026-10-07T12:38:54Z  OBSERVE  frontend->adservice  rpr=0.0000  low=189 high=0  attempts=3  state=ON  metric=rpr
2026-10-07T12:38:54Z  OBSERVE  frontend->cartservice  rpr=0.0000  low=190 high=0  attempts=3  state=ON  metric=rpr
2026-10-07T12:38:54Z  OBSERVE  frontend->currencyservice  rpr=0.0000  low=190 high=0  attempts=3  state=ON  metric=rpr
2026-10-07T12:38:54Z  OBSERVE  frontend->productcatalogservice  rpr=0.0000  low=190 high=0  attempts=3  state=ON  metric=rpr
2026-10-07T12:38:54Z  OBSERVE  frontend->recommendationservice  rpr=0.0000  low=190 high=0  attempts=3  state=ON  metric=rpr
2026-10-07T12:38:54Z  OBSERVE  frontend->shippingservice  rpr=0.0000  low=189 high=0  attempts=3  state=ON  metric=rpr
2026-10-07T12:38:54Z  OBSERVE  checkoutservice->cartservice  rpr=0.0000  low=188 high=0  attempts=3  state=ON  metric=rpr
2026-10-07T12:38:54Z  OBSERVE  checkoutservice->currencyservice  rpr=0.0000  low=188 high=0  attempts=3  state=ON  metric=rpr
2026-10-07T12:38:54Z  OBSERVE  checkoutservice->emailservice  rpr=0.0000  low=186 high=0  attempts=3  state=ON  metric=rpr
2026-10-07T12:38:54Z  OBSERVE  checkoutservice->paymentservice  rpr=0.0000  low=188 high=0  attempts=3  state=ON  metric=rpr
2026-10-07T12:38:54Z  OBSERVE  checkoutservice->shippingservice  rpr=0.0000  low=188 high=0  attempts=3  state=ON  metric=rpr
2026-10-07T12:38:54Z  OBSERVE  recommendationservice->productcatalogservice  rpr=0.0000  low=189 high=0  attempts=3  state=ON  metric=rpr
2026-10-07T12:38:54Z  OBSERVE  checkoutservice  rejection=0.3924  low=0 high=7  state=OFF  metric=rejection
2026-10-07T12:38:55Z  OBSERVE  frontend->adservice  rpr=0.0000  low=190 high=0  attempts=3  state=ON  metric=rpr
2026-10-07T12:38:55Z  OBSERVE  frontend->cartservice  rpr=0.0000  low=191 high=0  attempts=3  state=ON  metric=rpr
2026-10-07T12:38:55Z  OBSERVE  frontend->currencyservice  rpr=0.0000  low=191 high=0  attempts=3  state=ON  metric=rpr
2026-10-07T12:38:55Z  OBSERVE  frontend->productcatalogservice  rpr=0.0000  low=191 high=0  attempts=3  state=ON  metric=rpr
2026-10-07T12:38:55Z  OBSERVE  frontend->recommendationservice  rpr=0.0000  low=191 high=0  attempts=3  state=ON  metric=rpr
2026-10-07T12:38:55Z  OBSERVE  frontend->shippingservice  rpr=0.0000  low=190 high=0  attempts=3  state=ON  metric=rpr
2026-10-07T12:38:55Z  OBSERVE  checkoutservice->cartservice  rpr=0.0000  low=189 high=0  attempts=3  state=ON  metric=rpr
2026-10-07T12:38:55Z  OBSERVE  checkoutservice->currencyservice  rpr=0.0000  low=189 high=0  attempts=3  state=ON  metric=rpr
2026-10-07T12:38:55Z  OBSERVE  checkoutservice->emailservice  rpr=0.0000  low=187 high=0  attempts=3  state=ON  metric=rpr
2026-10-07T12:38:55Z  OBSERVE  checkoutservice->paymentservice  rpr=0.0000  low=189 high=0  attempts=3  state=ON  metric=rpr
2026-10-07T12:38:55Z  OBSERVE  checkoutservice->shippingservice  rpr=0.0000  low=189 high=0  attempts=3  state=ON  metric=rpr
2026-10-07T12:38:55Z  OBSERVE  recommendationservice->productcatalogservice  rpr=0.0000  low=190 high=0  attempts=3  state=ON  metric=rpr
2026-10-07T12:38:55Z  OBSERVE  checkoutservice  rejection=0.1981  low=0 high=8  state=OFF  metric=rejection
2026-10-07T12:38:56Z  OBSERVE  frontend->adservice  rpr=0.0000  low=191 high=0  attempts=3  state=ON  metric=rpr
2026-10-07T12:38:56Z  OBSERVE  frontend->cartservice  rpr=0.0000  low=192 high=0  attempts=3  state=ON  metric=rpr
2026-10-07T12:38:56Z  OBSERVE  frontend->currencyservice  rpr=0.0000  low=192 high=0  attempts=3  state=ON  metric=rpr
2026-10-07T12:38:56Z  OBSERVE  frontend->productcatalogservice  rpr=0.0000  low=192 high=0  attempts=3  state=ON  metric=rpr
2026-10-07T12:38:56Z  OBSERVE  frontend->recommendationservice  rpr=0.0000  low=192 high=0  attempts=3  state=ON  metric=rpr
2026-10-07T12:38:56Z  OBSERVE  frontend->shippingservice  rpr=0.0000  low=191 high=0  attempts=3  state=ON  metric=rpr
2026-10-07T12:38:56Z  OBSERVE  checkoutservice->cartservice  rpr=0.0000  low=190 high=0  attempts=3  state=ON  metric=rpr
2026-10-07T12:38:56Z  OBSERVE  checkoutservice->currencyservice  rpr=0.0000  low=190 high=0  attempts=3  state=ON  metric=rpr
2026-10-07T12:38:56Z  OBSERVE  checkoutservice->emailservice  rpr=0.0000  low=188 high=0  attempts=3  state=ON  metric=rpr
2026-10-07T12:38:56Z  OBSERVE  checkoutservice->paymentservice  rpr=0.0000  low=190 high=0  attempts=3  state=ON  metric=rpr
2026-10-07T12:38:56Z  OBSERVE  checkoutservice->shippingservice  rpr=0.0000  low=190 high=0  attempts=3  state=ON  metric=rpr
2026-10-07T12:38:56Z  OBSERVE  recommendationservice->productcatalogservice  rpr=0.0000  low=191 high=0  attempts=3  state=ON  metric=rpr
2026-10-07T12:38:56Z  OBSERVE  checkoutservice  rejection=0.1413  low=0 high=9  state=OFF  metric=rejection
2026-10-07T12:38:57Z  OBSERVE  frontend->adservice  rpr=0.0000  low=192 high=0  attempts=3  state=ON  metric=rpr
2026-10-07T12:38:57Z  OBSERVE  frontend->cartservice  rpr=0.0000  low=193 high=0  attempts=3  state=ON  metric=rpr
2026-10-07T12:38:57Z  OBSERVE  frontend->currencyservice  rpr=0.0000  low=193 high=0  attempts=3  state=ON  metric=rpr
2026-10-07T12:38:57Z  OBSERVE  frontend->productcatalogservice  rpr=0.0000  low=193 high=0  attempts=3  state=ON  metric=rpr
2026-10-07T12:38:57Z  OBSERVE  frontend->recommendationservice  rpr=0.0000  low=193 high=0  attempts=3  state=ON  metric=rpr
2026-10-07T12:38:57Z  OBSERVE  frontend->shippingservice  rpr=0.0000  low=192 high=0  attempts=3  state=ON  metric=rpr
2026-10-07T12:38:57Z  OBSERVE  checkoutservice->cartservice  rpr=0.0000  low=191 high=0  attempts=3  state=ON  metric=rpr
2026-10-07T12:38:57Z  OBSERVE  checkoutservice->currencyservice  rpr=0.0000  low=191 high=0  attempts=3  state=ON  metric=rpr
2026-10-07T12:38:57Z  OBSERVE  checkoutservice->emailservice  rpr=0.0000  low=189 high=0  attempts=3  state=ON  metric=rpr
2026-10-07T12:38:57Z  OBSERVE  checkoutservice->paymentservice  rpr=0.0000  low=191 high=0  attempts=3  state=ON  metric=rpr
2026-10-07T12:38:57Z  OBSERVE  checkoutservice->shippingservice  rpr=0.0000  low=191 high=0  attempts=3  state=ON  metric=rpr
2026-10-07T12:38:57Z  OBSERVE  recommendationservice->productcatalogservice  rpr=0.0000  low=192 high=0  attempts=3  state=ON  metric=rpr
2026-10-07T12:38:57Z  OBSERVE  checkoutservice  rejection=0.1494  low=0 high=10  state=OFF  metric=rejection
2026-10-07T12:38:58Z  OBSERVE  frontend->adservice  rpr=0.0000  low=193 high=0  attempts=3  state=ON  metric=rpr
2026-10-07T12:38:58Z  OBSERVE  frontend->cartservice  rpr=0.0000  low=194 high=0  attempts=3  state=ON  metric=rpr
2026-10-07T12:38:58Z  OBSERVE  frontend->currencyservice  rpr=0.0000  low=194 high=0  attempts=3  state=ON  metric=rpr
2026-10-07T12:38:58Z  OBSERVE  frontend->productcatalogservice  rpr=0.0000  low=194 high=0  attempts=3  state=ON  metric=rpr
2026-10-07T12:38:58Z  OBSERVE  frontend->recommendationservice  rpr=0.0000  low=194 high=0  attempts=3  state=ON  metric=rpr
2026-10-07T12:38:58Z  OBSERVE  frontend->shippingservice  rpr=0.0000  low=193 high=0  attempts=3  state=ON  metric=rpr
2026-10-07T12:38:58Z  OBSERVE  checkoutservice->cartservice  rpr=0.0000  low=192 high=0  attempts=3  state=ON  metric=rpr
2026-10-07T12:38:58Z  OBSERVE  checkoutservice->currencyservice  rpr=0.0000  low=192 high=0  attempts=3  state=ON  metric=rpr
2026-10-07T12:38:58Z  OBSERVE  checkoutservice->emailservice  rpr=0.0000  low=190 high=0  attempts=3  state=ON  metric=rpr
2026-10-07T12:38:58Z  OBSERVE  checkoutservice->paymentservice  rpr=0.0000  low=192 high=0  attempts=3  state=ON  metric=rpr
2026-10-07T12:38:58Z  OBSERVE  checkoutservice->shippingservice  rpr=0.0000  low=192 high=0  attempts=3  state=ON  metric=rpr
2026-10-07T12:38:58Z  OBSERVE  recommendationservice->productcatalogservice  rpr=0.0000  low=193 high=0  attempts=3  state=ON  metric=rpr
2026-10-07T12:38:58Z  OBSERVE  checkoutservice  rejection=0.2900  low=0 high=11  state=OFF  metric=rejection
2026-10-07T12:38:59Z  OBSERVE  frontend->adservice  rpr=0.0000  low=194 high=0  attempts=3  state=ON  metric=rpr
2026-10-07T12:38:59Z  OBSERVE  frontend->cartservice  rpr=0.0000  low=195 high=0  attempts=3  state=ON  metric=rpr
2026-10-07T12:38:59Z  OBSERVE  frontend->currencyservice  rpr=0.0000  low=195 high=0  attempts=3  state=ON  metric=rpr
2026-10-07T12:38:59Z  OBSERVE  frontend->productcatalogservice  rpr=0.0000  low=195 high=0  attempts=3  state=ON  metric=rpr
2026-10-07T12:38:59Z  OBSERVE  frontend->recommendationservice  rpr=0.0000  low=195 high=0  attempts=3  state=ON  metric=rpr
2026-10-07T12:38:59Z  OBSERVE  frontend->shippingservice  rpr=0.0000  low=194 high=0  attempts=3  state=ON  metric=rpr
2026-10-07T12:38:59Z  OBSERVE  checkoutservice->cartservice  rpr=0.0000  low=193 high=0  attempts=3  state=ON  metric=rpr
2026-10-07T12:38:59Z  OBSERVE  checkoutservice->currencyservice  rpr=0.0000  low=193 high=0  attempts=3  state=ON  metric=rpr
2026-10-07T12:38:59Z  OBSERVE  checkoutservice->emailservice  rpr=0.0000  low=191 high=0  attempts=3  state=ON  metric=rpr
2026-10-07T12:38:59Z  OBSERVE  checkoutservice->paymentservice  rpr=0.0000  low=193 high=0  attempts=3  state=ON  metric=rpr
2026-10-07T12:38:59Z  OBSERVE  checkoutservice->shippingservice  rpr=0.0000  low=193 high=0  attempts=3  state=ON  metric=rpr
2026-10-07T12:38:59Z  OBSERVE  recommendationservice->productcatalogservice  rpr=0.0000  low=194 high=0  attempts=3  state=ON  metric=rpr
2026-10-07T12:38:59Z  OBSERVE  checkoutservice  rejection=0.0946  low=1 high=0  state=OFF  metric=rejection
2026-10-07T12:39:00Z  OBSERVE  frontend->adservice  rpr=0.0000  low=195 high=0  attempts=3  state=ON  metric=rpr
2026-10-07T12:39:00Z  OBSERVE  frontend->cartservice  rpr=0.0000  low=196 high=0  attempts=3  state=ON  metric=rpr
2026-10-07T12:39:00Z  OBSERVE  frontend->currencyservice  rpr=0.0000  low=196 high=0  attempts=3  state=ON  metric=rpr
2026-10-07T12:39:00Z  OBSERVE  frontend->productcatalogservice  rpr=0.0000  low=196 high=0  attempts=3  state=ON  metric=rpr
2026-10-07T12:39:00Z  OBSERVE  frontend->recommendationservice  rpr=0.0000  low=196 high=0  attempts=3  state=ON  metric=rpr
2026-10-07T12:39:00Z  OBSERVE  frontend->shippingservice  rpr=0.0000  low=195 high=0  attempts=3  state=ON  metric=rpr
2026-10-07T12:39:00Z  OBSERVE  checkoutservice->cartservice  rpr=0.0000  low=194 high=0  attempts=3  state=ON  metric=rpr
2026-10-07T12:39:00Z  OBSERVE  checkoutservice->currencyservice  rpr=0.0000  low=194 high=0  attempts=3  state=ON  metric=rpr
2026-10-07T12:39:00Z  OBSERVE  checkoutservice->emailservice  rpr=0.0000  low=192 high=0  attempts=3  state=ON  metric=rpr
2026-10-07T12:39:00Z  OBSERVE  checkoutservice->paymentservice  rpr=0.0000  low=194 high=0  attempts=3  state=ON  metric=rpr
2026-10-07T12:39:00Z  OBSERVE  checkoutservice->shippingservice  rpr=0.0000  low=194 high=0  attempts=3  state=ON  metric=rpr
2026-10-07T12:39:00Z  OBSERVE  recommendationservice->productcatalogservice  rpr=0.0000  low=195 high=0  attempts=3  state=ON  metric=rpr
2026-10-07T12:39:00Z  OBSERVE  checkoutservice  rejection=0.2472  low=0 high=1  state=OFF  metric=rejection
2026-10-07T12:39:01Z  OBSERVE  frontend->adservice  rpr=0.0000  low=196 high=0  attempts=3  state=ON  metric=rpr
2026-10-07T12:39:01Z  OBSERVE  frontend->cartservice  rpr=0.0000  low=197 high=0  attempts=3  state=ON  metric=rpr
2026-10-07T12:39:01Z  OBSERVE  frontend->currencyservice  rpr=0.0000  low=197 high=0  attempts=3  state=ON  metric=rpr
2026-10-07T12:39:01Z  OBSERVE  frontend->productcatalogservice  rpr=0.0000  low=197 high=0  attempts=3  state=ON  metric=rpr
2026-10-07T12:39:01Z  OBSERVE  frontend->recommendationservice  rpr=0.0000  low=197 high=0  attempts=3  state=ON  metric=rpr
2026-10-07T12:39:01Z  OBSERVE  frontend->shippingservice  rpr=0.0000  low=196 high=0  attempts=3  state=ON  metric=rpr
2026-10-07T12:39:01Z  OBSERVE  checkoutservice->cartservice  rpr=0.0000  low=195 high=0  attempts=3  state=ON  metric=rpr
2026-10-07T12:39:01Z  OBSERVE  checkoutservice->currencyservice  rpr=0.0000  low=195 high=0  attempts=3  state=ON  metric=rpr
2026-10-07T12:39:01Z  OBSERVE  checkoutservice->emailservice  rpr=0.0000  low=193 high=0  attempts=3  state=ON  metric=rpr
2026-10-07T12:39:01Z  OBSERVE  checkoutservice->paymentservice  rpr=0.0000  low=195 high=0  attempts=3  state=ON  metric=rpr
2026-10-07T12:39:01Z  OBSERVE  checkoutservice->shippingservice  rpr=0.0000  low=195 high=0  attempts=3  state=ON  metric=rpr
2026-10-07T12:39:01Z  OBSERVE  recommendationservice->productcatalogservice  rpr=0.0000  low=196 high=0  attempts=3  state=ON  metric=rpr
2026-10-07T12:39:01Z  OBSERVE  checkoutservice  rejection=0.1226  low=0 high=2  state=OFF  metric=rejection
2026-10-07T12:39:02Z  OBSERVE  frontend->adservice  rpr=0.0000  low=197 high=0  attempts=3  state=ON  metric=rpr
2026-10-07T12:39:02Z  OBSERVE  frontend->cartservice  rpr=0.0000  low=198 high=0  attempts=3  state=ON  metric=rpr
2026-10-07T12:39:02Z  OBSERVE  frontend->currencyservice  rpr=0.0000  low=198 high=0  attempts=3  state=ON  metric=rpr
2026-10-07T12:39:02Z  OBSERVE  frontend->productcatalogservice  rpr=0.0000  low=198 high=0  attempts=3  state=ON  metric=rpr
2026-10-07T12:39:02Z  OBSERVE  frontend->recommendationservice  rpr=0.0000  low=198 high=0  attempts=3  state=ON  metric=rpr
2026-10-07T12:39:02Z  OBSERVE  frontend->shippingservice  rpr=0.0000  low=197 high=0  attempts=3  state=ON  metric=rpr
2026-10-07T12:39:02Z  OBSERVE  checkoutservice->cartservice  rpr=0.0000  low=196 high=0  attempts=3  state=ON  metric=rpr
2026-10-07T12:39:02Z  OBSERVE  checkoutservice->currencyservice  rpr=0.0000  low=196 high=0  attempts=3  state=ON  metric=rpr
2026-10-07T12:39:02Z  OBSERVE  checkoutservice->emailservice  rpr=0.0000  low=194 high=0  attempts=3  state=ON  metric=rpr
2026-10-07T12:39:02Z  OBSERVE  checkoutservice->paymentservice  rpr=0.0000  low=196 high=0  attempts=3  state=ON  metric=rpr
2026-10-07T12:39:02Z  OBSERVE  checkoutservice->shippingservice  rpr=0.0000  low=196 high=0  attempts=3  state=ON  metric=rpr
2026-10-07T12:39:02Z  OBSERVE  recommendationservice->productcatalogservice  rpr=0.0000  low=197 high=0  attempts=3  state=ON  metric=rpr
2026-10-07T12:39:02Z  OBSERVE  checkoutservice  rejection=0.2571  low=0 high=3  state=OFF  metric=rejection
2026-10-07T12:39:03Z  OBSERVE  frontend->adservice  rpr=0.0000  low=198 high=0  attempts=3  state=ON  metric=rpr
2026-10-07T12:39:03Z  OBSERVE  frontend->cartservice  rpr=0.0000  low=199 high=0  attempts=3  state=ON  metric=rpr
2026-10-07T12:39:03Z  OBSERVE  frontend->currencyservice  rpr=0.0000  low=199 high=0  attempts=3  state=ON  metric=rpr
2026-10-07T12:39:03Z  OBSERVE  frontend->productcatalogservice  rpr=0.0000  low=199 high=0  attempts=3  state=ON  metric=rpr
2026-10-07T12:39:03Z  OBSERVE  frontend->recommendationservice  rpr=0.0000  low=199 high=0  attempts=3  state=ON  metric=rpr
2026-10-07T12:39:03Z  OBSERVE  frontend->shippingservice  rpr=0.0000  low=198 high=0  attempts=3  state=ON  metric=rpr
2026-10-07T12:39:03Z  OBSERVE  checkoutservice->cartservice  rpr=0.0000  low=197 high=0  attempts=3  state=ON  metric=rpr
2026-10-07T12:39:03Z  OBSERVE  checkoutservice->currencyservice  rpr=0.0000  low=197 high=0  attempts=3  state=ON  metric=rpr
2026-10-07T12:39:03Z  OBSERVE  checkoutservice->emailservice  rpr=0.0000  low=195 high=0  attempts=3  state=ON  metric=rpr
2026-10-07T12:39:03Z  OBSERVE  checkoutservice->paymentservice  rpr=0.0000  low=197 high=0  attempts=3  state=ON  metric=rpr
2026-10-07T12:39:03Z  OBSERVE  checkoutservice->shippingservice  rpr=0.0000  low=197 high=0  attempts=3  state=ON  metric=rpr
2026-10-07T12:39:03Z  OBSERVE  recommendationservice->productcatalogservice  rpr=0.0000  low=198 high=0  attempts=3  state=ON  metric=rpr
2026-10-07T12:39:03Z  OBSERVE  checkoutservice  rejection=0.4750  low=0 high=4  state=OFF  metric=rejection
2026-10-07T12:39:04Z  OBSERVE  frontend->adservice  rpr=0.0000  low=199 high=0  attempts=3  state=ON  metric=rpr
2026-10-07T12:39:04Z  OBSERVE  frontend->cartservice  rpr=0.0000  low=200 high=0  attempts=3  state=ON  metric=rpr
2026-10-07T12:39:04Z  OBSERVE  frontend->currencyservice  rpr=0.0000  low=200 high=0  attempts=3  state=ON  metric=rpr
2026-10-07T12:39:04Z  OBSERVE  frontend->productcatalogservice  rpr=0.0000  low=200 high=0  attempts=3  state=ON  metric=rpr
2026-10-07T12:39:04Z  OBSERVE  frontend->recommendationservice  rpr=0.0000  low=200 high=0  attempts=3  state=ON  metric=rpr
2026-10-07T12:39:04Z  OBSERVE  frontend->shippingservice  rpr=0.0000  low=199 high=0  attempts=3  state=ON  metric=rpr
2026-10-07T12:39:04Z  OBSERVE  checkoutservice->cartservice  rpr=0.0000  low=198 high=0  attempts=3  state=ON  metric=rpr
2026-10-07T12:39:04Z  OBSERVE  checkoutservice->currencyservice  rpr=0.0000  low=198 high=0  attempts=3  state=ON  metric=rpr
2026-10-07T12:39:04Z  OBSERVE  checkoutservice->emailservice  rpr=0.0000  low=196 high=0  attempts=3  state=ON  metric=rpr
2026-10-07T12:39:04Z  OBSERVE  checkoutservice->paymentservice  rpr=0.0000  low=198 high=0  attempts=3  state=ON  metric=rpr
2026-10-07T12:39:04Z  OBSERVE  checkoutservice->shippingservice  rpr=0.0000  low=198 high=0  attempts=3  state=ON  metric=rpr
2026-10-07T12:39:04Z  OBSERVE  recommendationservice->productcatalogservice  rpr=0.0000  low=199 high=0  attempts=3  state=ON  metric=rpr
2026-10-07T12:39:04Z  OBSERVE  checkoutservice  rejection=0.0874  low=1 high=0  state=OFF  metric=rejection
2026-10-07T12:39:05Z  OBSERVE  frontend->adservice  rpr=0.0000  low=200 high=0  attempts=3  state=ON  metric=rpr
2026-10-07T12:39:05Z  OBSERVE  frontend->cartservice  rpr=0.0000  low=201 high=0  attempts=3  state=ON  metric=rpr
2026-10-07T12:39:05Z  OBSERVE  frontend->currencyservice  rpr=0.0000  low=201 high=0  attempts=3  state=ON  metric=rpr
2026-10-07T12:39:05Z  OBSERVE  frontend->productcatalogservice  rpr=0.0000  low=201 high=0  attempts=3  state=ON  metric=rpr
2026-10-07T12:39:05Z  OBSERVE  frontend->recommendationservice  rpr=0.0000  low=201 high=0  attempts=3  state=ON  metric=rpr
2026-10-07T12:39:05Z  OBSERVE  frontend->shippingservice  rpr=0.0000  low=200 high=0  attempts=3  state=ON  metric=rpr
2026-10-07T12:39:05Z  OBSERVE  checkoutservice->cartservice  rpr=0.0000  low=199 high=0  attempts=3  state=ON  metric=rpr
2026-10-07T12:39:05Z  OBSERVE  checkoutservice->currencyservice  rpr=0.0000  low=199 high=0  attempts=3  state=ON  metric=rpr
2026-10-07T12:39:05Z  OBSERVE  checkoutservice->emailservice  rpr=0.0000  low=197 high=0  attempts=3  state=ON  metric=rpr
2026-10-07T12:39:05Z  OBSERVE  checkoutservice->paymentservice  rpr=0.0000  low=199 high=0  attempts=3  state=ON  metric=rpr
2026-10-07T12:39:05Z  OBSERVE  checkoutservice->shippingservice  rpr=0.0000  low=199 high=0  attempts=3  state=ON  metric=rpr
2026-10-07T12:39:05Z  OBSERVE  recommendationservice->productcatalogservice  rpr=0.0000  low=200 high=0  attempts=3  state=ON  metric=rpr
2026-10-07T12:39:05Z  OBSERVE  checkoutservice  rejection=0.3820  low=0 high=1  state=OFF  metric=rejection
2026-10-07T12:39:06Z  OBSERVE  frontend->adservice  rpr=0.0000  low=201 high=0  attempts=3  state=ON  metric=rpr
2026-10-07T12:39:06Z  OBSERVE  frontend->cartservice  rpr=0.0000  low=202 high=0  attempts=3  state=ON  metric=rpr
2026-10-07T12:39:06Z  OBSERVE  frontend->currencyservice  rpr=0.0000  low=202 high=0  attempts=3  state=ON  metric=rpr
2026-10-07T12:39:06Z  OBSERVE  frontend->productcatalogservice  rpr=0.0000  low=202 high=0  attempts=3  state=ON  metric=rpr
2026-10-07T12:39:06Z  OBSERVE  frontend->recommendationservice  rpr=0.0000  low=202 high=0  attempts=3  state=ON  metric=rpr
2026-10-07T12:39:06Z  OBSERVE  frontend->shippingservice  rpr=0.0000  low=201 high=0  attempts=3  state=ON  metric=rpr
2026-10-07T12:39:06Z  OBSERVE  checkoutservice->cartservice  rpr=0.0000  low=200 high=0  attempts=3  state=ON  metric=rpr
2026-10-07T12:39:06Z  OBSERVE  checkoutservice->currencyservice  rpr=0.0000  low=200 high=0  attempts=3  state=ON  metric=rpr
2026-10-07T12:39:06Z  OBSERVE  checkoutservice->emailservice  rpr=0.0000  low=198 high=0  attempts=3  state=ON  metric=rpr
2026-10-07T12:39:06Z  OBSERVE  checkoutservice->paymentservice  rpr=0.0000  low=200 high=0  attempts=3  state=ON  metric=rpr
2026-10-07T12:39:06Z  OBSERVE  checkoutservice->shippingservice  rpr=0.0000  low=200 high=0  attempts=3  state=ON  metric=rpr
2026-10-07T12:39:06Z  OBSERVE  recommendationservice->productcatalogservice  rpr=0.0000  low=201 high=0  attempts=3  state=ON  metric=rpr
2026-10-07T12:39:06Z  OBSERVE  checkoutservice  rejection=0.1084  low=0 high=2  state=OFF  metric=rejection
2026-10-07T12:39:07Z  OBSERVE  frontend->adservice  rpr=0.0000  low=202 high=0  attempts=3  state=ON  metric=rpr
2026-10-07T12:39:07Z  OBSERVE  frontend->cartservice  rpr=0.0000  low=203 high=0  attempts=3  state=ON  metric=rpr
2026-10-07T12:39:07Z  OBSERVE  frontend->currencyservice  rpr=0.0000  low=203 high=0  attempts=3  state=ON  metric=rpr
2026-10-07T12:39:07Z  OBSERVE  frontend->productcatalogservice  rpr=0.0000  low=203 high=0  attempts=3  state=ON  metric=rpr
2026-10-07T12:39:07Z  OBSERVE  frontend->recommendationservice  rpr=0.0000  low=203 high=0  attempts=3  state=ON  metric=rpr
2026-10-07T12:39:07Z  OBSERVE  frontend->shippingservice  rpr=0.0000  low=202 high=0  attempts=3  state=ON  metric=rpr
2026-10-07T12:39:07Z  OBSERVE  checkoutservice->cartservice  rpr=0.0000  low=201 high=0  attempts=3  state=ON  metric=rpr
2026-10-07T12:39:07Z  OBSERVE  checkoutservice->currencyservice  rpr=0.0000  low=201 high=0  attempts=3  state=ON  metric=rpr
2026-10-07T12:39:07Z  OBSERVE  checkoutservice->emailservice  rpr=0.0000  low=199 high=0  attempts=3  state=ON  metric=rpr
2026-10-07T12:39:07Z  OBSERVE  checkoutservice->paymentservice  rpr=0.0000  low=201 high=0  attempts=3  state=ON  metric=rpr
2026-10-07T12:39:07Z  OBSERVE  checkoutservice->shippingservice  rpr=0.0000  low=201 high=0  attempts=3  state=ON  metric=rpr
2026-10-07T12:39:07Z  OBSERVE  recommendationservice->productcatalogservice  rpr=0.0000  low=202 high=0  attempts=3  state=ON  metric=rpr
2026-10-07T12:39:07Z  OBSERVE  checkoutservice  rejection=0.2143  low=0 high=3  state=OFF  metric=rejection
2026-10-07T12:39:08Z  OBSERVE  frontend->adservice  rpr=0.0000  low=203 high=0  attempts=3  state=ON  metric=rpr
2026-10-07T12:39:08Z  OBSERVE  frontend->cartservice  rpr=0.0000  low=204 high=0  attempts=3  state=ON  metric=rpr
2026-10-07T12:39:08Z  OBSERVE  frontend->currencyservice  rpr=0.0000  low=204 high=0  attempts=3  state=ON  metric=rpr
2026-10-07T12:39:08Z  OBSERVE  frontend->productcatalogservice  rpr=0.0000  low=204 high=0  attempts=3  state=ON  metric=rpr
2026-10-07T12:39:08Z  OBSERVE  frontend->recommendationservice  rpr=0.0000  low=204 high=0  attempts=3  state=ON  metric=rpr
2026-10-07T12:39:08Z  OBSERVE  frontend->shippingservice  rpr=0.0000  low=203 high=0  attempts=3  state=ON  metric=rpr
2026-10-07T12:39:08Z  OBSERVE  checkoutservice->cartservice  rpr=0.0000  low=202 high=0  attempts=3  state=ON  metric=rpr
2026-10-07T12:39:08Z  OBSERVE  checkoutservice->currencyservice  rpr=0.0000  low=202 high=0  attempts=3  state=ON  metric=rpr
2026-10-07T12:39:08Z  OBSERVE  checkoutservice->emailservice  rpr=0.0000  low=200 high=0  attempts=3  state=ON  metric=rpr
2026-10-07T12:39:08Z  OBSERVE  checkoutservice->paymentservice  rpr=0.0000  low=202 high=0  attempts=3  state=ON  metric=rpr
2026-10-07T12:39:08Z  OBSERVE  checkoutservice->shippingservice  rpr=0.0000  low=202 high=0  attempts=3  state=ON  metric=rpr
2026-10-07T12:39:08Z  OBSERVE  recommendationservice->productcatalogservice  rpr=0.0000  low=203 high=0  attempts=3  state=ON  metric=rpr
2026-10-07T12:39:08Z  OBSERVE  checkoutservice  rejection=0.3976  low=0 high=4  state=OFF  metric=rejection
2026-10-07T12:39:09Z  OBSERVE  frontend->adservice  rpr=0.0000  low=204 high=0  attempts=3  state=ON  metric=rpr
2026-10-07T12:39:09Z  OBSERVE  frontend->cartservice  rpr=0.0000  low=205 high=0  attempts=3  state=ON  metric=rpr
2026-10-07T12:39:09Z  OBSERVE  frontend->currencyservice  rpr=0.0000  low=205 high=0  attempts=3  state=ON  metric=rpr
2026-10-07T12:39:09Z  OBSERVE  frontend->productcatalogservice  rpr=0.0000  low=205 high=0  attempts=3  state=ON  metric=rpr
2026-10-07T12:39:09Z  OBSERVE  frontend->recommendationservice  rpr=0.0000  low=205 high=0  attempts=3  state=ON  metric=rpr
2026-10-07T12:39:09Z  OBSERVE  frontend->shippingservice  rpr=0.0000  low=204 high=0  attempts=3  state=ON  metric=rpr
2026-10-07T12:39:09Z  OBSERVE  checkoutservice->cartservice  rpr=0.0000  low=203 high=0  attempts=3  state=ON  metric=rpr
2026-10-07T12:39:09Z  OBSERVE  checkoutservice->currencyservice  rpr=0.0000  low=203 high=0  attempts=3  state=ON  metric=rpr
2026-10-07T12:39:09Z  OBSERVE  checkoutservice->emailservice  rpr=0.0000  low=201 high=0  attempts=3  state=ON  metric=rpr
2026-10-07T12:39:09Z  OBSERVE  checkoutservice->paymentservice  rpr=0.0000  low=203 high=0  attempts=3  state=ON  metric=rpr
2026-10-07T12:39:09Z  OBSERVE  checkoutservice->shippingservice  rpr=0.0000  low=203 high=0  attempts=3  state=ON  metric=rpr
2026-10-07T12:39:09Z  OBSERVE  recommendationservice->productcatalogservice  rpr=0.0000  low=204 high=0  attempts=3  state=ON  metric=rpr
2026-10-07T12:39:09Z  OBSERVE  checkoutservice  rejection=0.2778  low=0 high=5  state=OFF  metric=rejection
2026-10-07T12:39:10Z  OBSERVE  frontend->adservice  rpr=0.0000  low=205 high=0  attempts=3  state=ON  metric=rpr
2026-10-07T12:39:10Z  OBSERVE  frontend->cartservice  rpr=0.0000  low=206 high=0  attempts=3  state=ON  metric=rpr
2026-10-07T12:39:10Z  OBSERVE  frontend->currencyservice  rpr=0.0000  low=206 high=0  attempts=3  state=ON  metric=rpr
2026-10-07T12:39:10Z  OBSERVE  frontend->productcatalogservice  rpr=0.0000  low=206 high=0  attempts=3  state=ON  metric=rpr
2026-10-07T12:39:10Z  OBSERVE  frontend->recommendationservice  rpr=0.0000  low=206 high=0  attempts=3  state=ON  metric=rpr
2026-10-07T12:39:10Z  OBSERVE  frontend->shippingservice  rpr=0.0000  low=205 high=0  attempts=3  state=ON  metric=rpr
2026-10-07T12:39:10Z  OBSERVE  checkoutservice->cartservice  rpr=0.0000  low=204 high=0  attempts=3  state=ON  metric=rpr
2026-10-07T12:39:10Z  OBSERVE  checkoutservice->currencyservice  rpr=0.0000  low=204 high=0  attempts=3  state=ON  metric=rpr
2026-10-07T12:39:10Z  OBSERVE  checkoutservice->emailservice  rpr=0.0000  low=202 high=0  attempts=3  state=ON  metric=rpr
2026-10-07T12:39:10Z  OBSERVE  checkoutservice->paymentservice  rpr=0.0000  low=204 high=0  attempts=3  state=ON  metric=rpr
2026-10-07T12:39:10Z  OBSERVE  checkoutservice->shippingservice  rpr=0.0000  low=204 high=0  attempts=3  state=ON  metric=rpr
2026-10-07T12:39:10Z  OBSERVE  recommendationservice->productcatalogservice  rpr=0.0000  low=205 high=0  attempts=3  state=ON  metric=rpr
2026-10-07T12:39:10Z  OBSERVE  checkoutservice  rejection=0.3333  low=0 high=6  state=OFF  metric=rejection
2026-10-07T12:39:11Z  OBSERVE  frontend->adservice  rpr=0.0000  low=206 high=0  attempts=3  state=ON  metric=rpr
2026-10-07T12:39:11Z  OBSERVE  frontend->cartservice  rpr=0.0000  low=207 high=0  attempts=3  state=ON  metric=rpr
2026-10-07T12:39:11Z  OBSERVE  frontend->currencyservice  rpr=0.0000  low=207 high=0  attempts=3  state=ON  metric=rpr
2026-10-07T12:39:11Z  OBSERVE  frontend->productcatalogservice  rpr=0.0000  low=207 high=0  attempts=3  state=ON  metric=rpr
2026-10-07T12:39:11Z  OBSERVE  frontend->recommendationservice  rpr=0.0000  low=207 high=0  attempts=3  state=ON  metric=rpr
2026-10-07T12:39:11Z  OBSERVE  frontend->shippingservice  rpr=0.0000  low=206 high=0  attempts=3  state=ON  metric=rpr
2026-10-07T12:39:11Z  OBSERVE  checkoutservice->cartservice  rpr=0.0000  low=205 high=0  attempts=3  state=ON  metric=rpr
2026-10-07T12:39:11Z  OBSERVE  checkoutservice->currencyservice  rpr=0.0000  low=205 high=0  attempts=3  state=ON  metric=rpr
2026-10-07T12:39:11Z  OBSERVE  checkoutservice->emailservice  rpr=0.0000  low=203 high=0  attempts=3  state=ON  metric=rpr
2026-10-07T12:39:11Z  OBSERVE  checkoutservice->paymentservice  rpr=0.0000  low=205 high=0  attempts=3  state=ON  metric=rpr
2026-10-07T12:39:11Z  OBSERVE  checkoutservice->shippingservice  rpr=0.0000  low=205 high=0  attempts=3  state=ON  metric=rpr
2026-10-07T12:39:11Z  OBSERVE  recommendationservice->productcatalogservice  rpr=0.0000  low=206 high=0  attempts=3  state=ON  metric=rpr
2026-10-07T12:39:11Z  OBSERVE  checkoutservice  rejection=0.2062  low=0 high=7  state=OFF  metric=rejection
2026-10-07T12:39:12Z  OBSERVE  frontend->adservice  rpr=0.0000  low=207 high=0  attempts=3  state=ON  metric=rpr
2026-10-07T12:39:12Z  OBSERVE  frontend->cartservice  rpr=0.0000  low=208 high=0  attempts=3  state=ON  metric=rpr
2026-10-07T12:39:12Z  OBSERVE  frontend->currencyservice  rpr=0.0000  low=208 high=0  attempts=3  state=ON  metric=rpr
2026-10-07T12:39:12Z  OBSERVE  frontend->productcatalogservice  rpr=0.0000  low=208 high=0  attempts=3  state=ON  metric=rpr
2026-10-07T12:39:12Z  OBSERVE  frontend->recommendationservice  rpr=0.0000  low=208 high=0  attempts=3  state=ON  metric=rpr
2026-10-07T12:39:12Z  OBSERVE  frontend->shippingservice  rpr=0.0000  low=207 high=0  attempts=3  state=ON  metric=rpr
2026-10-07T12:39:12Z  OBSERVE  checkoutservice->cartservice  rpr=0.0000  low=206 high=0  attempts=3  state=ON  metric=rpr
2026-10-07T12:39:12Z  OBSERVE  checkoutservice->currencyservice  rpr=0.0000  low=206 high=0  attempts=3  state=ON  metric=rpr
2026-10-07T12:39:12Z  OBSERVE  checkoutservice->emailservice  rpr=0.0000  low=204 high=0  attempts=3  state=ON  metric=rpr
2026-10-07T12:39:12Z  OBSERVE  checkoutservice->paymentservice  rpr=0.0000  low=206 high=0  attempts=3  state=ON  metric=rpr
2026-10-07T12:39:12Z  OBSERVE  checkoutservice->shippingservice  rpr=0.0000  low=206 high=0  attempts=3  state=ON  metric=rpr
2026-10-07T12:39:12Z  OBSERVE  recommendationservice->productcatalogservice  rpr=0.0000  low=207 high=0  attempts=3  state=ON  metric=rpr
2026-10-07T12:39:12Z  OBSERVE  checkoutservice  rejection=0.0976  low=1 high=0  state=OFF  metric=rejection
2026-10-07T12:39:13Z  OBSERVE  frontend->adservice  rpr=0.0000  low=208 high=0  attempts=3  state=ON  metric=rpr
2026-10-07T12:39:13Z  OBSERVE  frontend->cartservice  rpr=0.0000  low=209 high=0  attempts=3  state=ON  metric=rpr
2026-10-07T12:39:13Z  OBSERVE  frontend->currencyservice  rpr=0.0000  low=209 high=0  attempts=3  state=ON  metric=rpr
2026-10-07T12:39:13Z  OBSERVE  frontend->productcatalogservice  rpr=0.0000  low=209 high=0  attempts=3  state=ON  metric=rpr
2026-10-07T12:39:13Z  OBSERVE  frontend->recommendationservice  rpr=0.0000  low=209 high=0  attempts=3  state=ON  metric=rpr
2026-10-07T12:39:13Z  OBSERVE  frontend->shippingservice  rpr=0.0000  low=208 high=0  attempts=3  state=ON  metric=rpr
2026-10-07T12:39:13Z  OBSERVE  checkoutservice->cartservice  rpr=0.0000  low=207 high=0  attempts=3  state=ON  metric=rpr
2026-10-07T12:39:13Z  OBSERVE  checkoutservice->currencyservice  rpr=0.0000  low=207 high=0  attempts=3  state=ON  metric=rpr
2026-10-07T12:39:13Z  OBSERVE  checkoutservice->emailservice  rpr=0.0000  low=205 high=0  attempts=3  state=ON  metric=rpr
2026-10-07T12:39:13Z  OBSERVE  checkoutservice->paymentservice  rpr=0.0000  low=207 high=0  attempts=3  state=ON  metric=rpr
2026-10-07T12:39:13Z  OBSERVE  checkoutservice->shippingservice  rpr=0.0000  low=207 high=0  attempts=3  state=ON  metric=rpr
2026-10-07T12:39:13Z  OBSERVE  recommendationservice->productcatalogservice  rpr=0.0000  low=208 high=0  attempts=3  state=ON  metric=rpr
2026-10-07T12:39:13Z  OBSERVE  checkoutservice  rejection=0.3750  low=0 high=1  state=OFF  metric=rejection
2026-10-07T12:39:14Z  OBSERVE  frontend->adservice  rpr=0.0000  low=209 high=0  attempts=3  state=ON  metric=rpr
2026-10-07T12:39:14Z  OBSERVE  frontend->cartservice  rpr=0.0000  low=210 high=0  attempts=3  state=ON  metric=rpr
2026-10-07T12:39:14Z  OBSERVE  frontend->currencyservice  rpr=0.0000  low=210 high=0  attempts=3  state=ON  metric=rpr
2026-10-07T12:39:14Z  OBSERVE  frontend->productcatalogservice  rpr=0.0000  low=210 high=0  attempts=3  state=ON  metric=rpr
2026-10-07T12:39:14Z  OBSERVE  frontend->recommendationservice  rpr=0.0000  low=210 high=0  attempts=3  state=ON  metric=rpr
2026-10-07T12:39:14Z  OBSERVE  frontend->shippingservice  rpr=0.0000  low=209 high=0  attempts=3  state=ON  metric=rpr
2026-10-07T12:39:14Z  OBSERVE  checkoutservice->cartservice  rpr=0.0000  low=208 high=0  attempts=3  state=ON  metric=rpr
2026-10-07T12:39:14Z  OBSERVE  checkoutservice->currencyservice  rpr=0.0000  low=208 high=0  attempts=3  state=ON  metric=rpr
2026-10-07T12:39:14Z  OBSERVE  checkoutservice->emailservice  rpr=0.0000  low=206 high=0  attempts=3  state=ON  metric=rpr
2026-10-07T12:39:14Z  OBSERVE  checkoutservice->paymentservice  rpr=0.0000  low=208 high=0  attempts=3  state=ON  metric=rpr
2026-10-07T12:39:14Z  OBSERVE  checkoutservice->shippingservice  rpr=0.0000  low=208 high=0  attempts=3  state=ON  metric=rpr
2026-10-07T12:39:14Z  OBSERVE  recommendationservice->productcatalogservice  rpr=0.0000  low=209 high=0  attempts=3  state=ON  metric=rpr
2026-10-07T12:39:14Z  OBSERVE  checkoutservice  rejection=0.2143  low=0 high=2  state=OFF  metric=rejection
2026-10-07T12:39:15Z  OBSERVE  frontend->adservice  rpr=0.0000  low=210 high=0  attempts=3  state=ON  metric=rpr
2026-10-07T12:39:15Z  OBSERVE  frontend->cartservice  rpr=0.0000  low=211 high=0  attempts=3  state=ON  metric=rpr
2026-10-07T12:39:15Z  OBSERVE  frontend->currencyservice  rpr=0.0000  low=211 high=0  attempts=3  state=ON  metric=rpr
2026-10-07T12:39:15Z  OBSERVE  frontend->productcatalogservice  rpr=0.0000  low=211 high=0  attempts=3  state=ON  metric=rpr
2026-10-07T12:39:15Z  OBSERVE  frontend->recommendationservice  rpr=0.0000  low=211 high=0  attempts=3  state=ON  metric=rpr
2026-10-07T12:39:15Z  OBSERVE  frontend->shippingservice  rpr=0.0000  low=210 high=0  attempts=3  state=ON  metric=rpr
2026-10-07T12:39:15Z  OBSERVE  checkoutservice->cartservice  rpr=0.0000  low=209 high=0  attempts=3  state=ON  metric=rpr
2026-10-07T12:39:15Z  OBSERVE  checkoutservice->currencyservice  rpr=0.0000  low=209 high=0  attempts=3  state=ON  metric=rpr
2026-10-07T12:39:15Z  OBSERVE  checkoutservice->emailservice  rpr=0.0000  low=207 high=0  attempts=3  state=ON  metric=rpr
2026-10-07T12:39:15Z  OBSERVE  checkoutservice->paymentservice  rpr=0.0000  low=209 high=0  attempts=3  state=ON  metric=rpr
2026-10-07T12:39:15Z  OBSERVE  checkoutservice->shippingservice  rpr=0.0000  low=209 high=0  attempts=3  state=ON  metric=rpr
2026-10-07T12:39:15Z  OBSERVE  recommendationservice->productcatalogservice  rpr=0.0000  low=210 high=0  attempts=3  state=ON  metric=rpr
2026-10-07T12:39:15Z  OBSERVE  checkoutservice  rejection=0.1364  low=0 high=3  state=OFF  metric=rejection
2026-10-07T12:39:16Z  OBSERVE  frontend->adservice  rpr=0.0000  low=211 high=0  attempts=3  state=ON  metric=rpr
2026-10-07T12:39:16Z  OBSERVE  frontend->cartservice  rpr=0.0000  low=212 high=0  attempts=3  state=ON  metric=rpr
2026-10-07T12:39:16Z  OBSERVE  frontend->currencyservice  rpr=0.0000  low=212 high=0  attempts=3  state=ON  metric=rpr
2026-10-07T12:39:16Z  OBSERVE  frontend->productcatalogservice  rpr=0.0000  low=212 high=0  attempts=3  state=ON  metric=rpr
2026-10-07T12:39:16Z  OBSERVE  frontend->recommendationservice  rpr=0.0000  low=212 high=0  attempts=3  state=ON  metric=rpr
2026-10-07T12:39:16Z  OBSERVE  frontend->shippingservice  rpr=0.0000  low=211 high=0  attempts=3  state=ON  metric=rpr
2026-10-07T12:39:16Z  OBSERVE  checkoutservice->cartservice  rpr=0.0000  low=210 high=0  attempts=3  state=ON  metric=rpr
2026-10-07T12:39:16Z  OBSERVE  checkoutservice->currencyservice  rpr=0.0000  low=210 high=0  attempts=3  state=ON  metric=rpr
2026-10-07T12:39:16Z  OBSERVE  checkoutservice->emailservice  rpr=0.0000  low=208 high=0  attempts=3  state=ON  metric=rpr
2026-10-07T12:39:16Z  OBSERVE  checkoutservice->paymentservice  rpr=0.0000  low=210 high=0  attempts=3  state=ON  metric=rpr
2026-10-07T12:39:16Z  OBSERVE  checkoutservice->shippingservice  rpr=0.0000  low=210 high=0  attempts=3  state=ON  metric=rpr
2026-10-07T12:39:16Z  OBSERVE  recommendationservice->productcatalogservice  rpr=0.0000  low=211 high=0  attempts=3  state=ON  metric=rpr
2026-10-07T12:39:16Z  OBSERVE  checkoutservice  rejection=0.2371  low=0 high=4  state=OFF  metric=rejection
2026-10-07T12:39:17Z  OBSERVE  frontend->adservice  rpr=0.0000  low=212 high=0  attempts=3  state=ON  metric=rpr
2026-10-07T12:39:17Z  OBSERVE  frontend->cartservice  rpr=0.0000  low=213 high=0  attempts=3  state=ON  metric=rpr
2026-10-07T12:39:17Z  OBSERVE  frontend->currencyservice  rpr=0.0000  low=213 high=0  attempts=3  state=ON  metric=rpr
2026-10-07T12:39:17Z  OBSERVE  frontend->productcatalogservice  rpr=0.0000  low=213 high=0  attempts=3  state=ON  metric=rpr
2026-10-07T12:39:17Z  OBSERVE  frontend->recommendationservice  rpr=0.0000  low=213 high=0  attempts=3  state=ON  metric=rpr
2026-10-07T12:39:17Z  OBSERVE  frontend->shippingservice  rpr=0.0000  low=212 high=0  attempts=3  state=ON  metric=rpr
2026-10-07T12:39:17Z  OBSERVE  checkoutservice->cartservice  rpr=0.0000  low=211 high=0  attempts=3  state=ON  metric=rpr
2026-10-07T12:39:17Z  OBSERVE  checkoutservice->currencyservice  rpr=0.0000  low=211 high=0  attempts=3  state=ON  metric=rpr
2026-10-07T12:39:17Z  OBSERVE  checkoutservice->emailservice  rpr=0.0000  low=209 high=0  attempts=3  state=ON  metric=rpr
2026-10-07T12:39:17Z  OBSERVE  checkoutservice->paymentservice  rpr=0.0000  low=211 high=0  attempts=3  state=ON  metric=rpr
2026-10-07T12:39:17Z  OBSERVE  checkoutservice->shippingservice  rpr=0.0000  low=211 high=0  attempts=3  state=ON  metric=rpr
2026-10-07T12:39:17Z  OBSERVE  recommendationservice->productcatalogservice  rpr=0.0000  low=212 high=0  attempts=3  state=ON  metric=rpr
2026-10-07T12:39:17Z  OBSERVE  checkoutservice  rejection=0.2404  low=0 high=5  state=OFF  metric=rejection
2026-10-07T12:39:18Z  OBSERVE  frontend->adservice  rpr=0.0000  low=213 high=0  attempts=3  state=ON  metric=rpr
2026-10-07T12:39:18Z  OBSERVE  frontend->cartservice  rpr=0.0000  low=214 high=0  attempts=3  state=ON  metric=rpr
2026-10-07T12:39:18Z  OBSERVE  frontend->currencyservice  rpr=0.0000  low=214 high=0  attempts=3  state=ON  metric=rpr
2026-10-07T12:39:18Z  OBSERVE  frontend->productcatalogservice  rpr=0.0000  low=214 high=0  attempts=3  state=ON  metric=rpr
2026-10-07T12:39:18Z  OBSERVE  frontend->recommendationservice  rpr=0.0000  low=214 high=0  attempts=3  state=ON  metric=rpr
2026-10-07T12:39:18Z  OBSERVE  frontend->shippingservice  rpr=0.0000  low=213 high=0  attempts=3  state=ON  metric=rpr
2026-10-07T12:39:18Z  OBSERVE  checkoutservice->cartservice  rpr=0.0000  low=212 high=0  attempts=3  state=ON  metric=rpr
2026-10-07T12:39:18Z  OBSERVE  checkoutservice->currencyservice  rpr=0.0000  low=212 high=0  attempts=3  state=ON  metric=rpr
2026-10-07T12:39:18Z  OBSERVE  checkoutservice->emailservice  rpr=0.0000  low=210 high=0  attempts=3  state=ON  metric=rpr
2026-10-07T12:39:18Z  OBSERVE  checkoutservice->paymentservice  rpr=0.0000  low=212 high=0  attempts=3  state=ON  metric=rpr
2026-10-07T12:39:18Z  OBSERVE  checkoutservice->shippingservice  rpr=0.0000  low=212 high=0  attempts=3  state=ON  metric=rpr
2026-10-07T12:39:18Z  OBSERVE  recommendationservice->productcatalogservice  rpr=0.0000  low=213 high=0  attempts=3  state=ON  metric=rpr
2026-10-07T12:39:18Z  OBSERVE  checkoutservice  rejection=0.4026  low=0 high=6  state=OFF  metric=rejection
2026-10-07T12:39:19Z  OBSERVE  frontend->adservice  rpr=0.0000  low=214 high=0  attempts=3  state=ON  metric=rpr
2026-10-07T12:39:19Z  OBSERVE  frontend->cartservice  rpr=0.0000  low=215 high=0  attempts=3  state=ON  metric=rpr
2026-10-07T12:39:19Z  OBSERVE  frontend->currencyservice  rpr=0.0000  low=215 high=0  attempts=3  state=ON  metric=rpr
2026-10-07T12:39:19Z  OBSERVE  frontend->productcatalogservice  rpr=0.0000  low=215 high=0  attempts=3  state=ON  metric=rpr
2026-10-07T12:39:19Z  OBSERVE  frontend->recommendationservice  rpr=0.0000  low=215 high=0  attempts=3  state=ON  metric=rpr
2026-10-07T12:39:19Z  OBSERVE  frontend->shippingservice  rpr=0.0000  low=214 high=0  attempts=3  state=ON  metric=rpr
2026-10-07T12:39:19Z  OBSERVE  checkoutservice->cartservice  rpr=0.0000  low=213 high=0  attempts=3  state=ON  metric=rpr
2026-10-07T12:39:19Z  OBSERVE  checkoutservice->currencyservice  rpr=0.0000  low=213 high=0  attempts=3  state=ON  metric=rpr
2026-10-07T12:39:19Z  OBSERVE  checkoutservice->emailservice  rpr=0.0000  low=211 high=0  attempts=3  state=ON  metric=rpr
2026-10-07T12:39:19Z  OBSERVE  checkoutservice->paymentservice  rpr=0.0000  low=213 high=0  attempts=3  state=ON  metric=rpr
2026-10-07T12:39:19Z  OBSERVE  checkoutservice->shippingservice  rpr=0.0000  low=213 high=0  attempts=3  state=ON  metric=rpr
2026-10-07T12:39:19Z  OBSERVE  recommendationservice->productcatalogservice  rpr=0.0000  low=214 high=0  attempts=3  state=ON  metric=rpr
2026-10-07T12:39:19Z  OBSERVE  checkoutservice  rejection=0.2095  low=0 high=7  state=OFF  metric=rejection
2026-10-07T12:39:20Z  OBSERVE  frontend->adservice  rpr=0.0000  low=215 high=0  attempts=3  state=ON  metric=rpr
2026-10-07T12:39:20Z  OBSERVE  frontend->cartservice  rpr=0.0000  low=216 high=0  attempts=3  state=ON  metric=rpr
2026-10-07T12:39:20Z  OBSERVE  frontend->currencyservice  rpr=0.0000  low=216 high=0  attempts=3  state=ON  metric=rpr
2026-10-07T12:39:20Z  OBSERVE  frontend->productcatalogservice  rpr=0.0000  low=216 high=0  attempts=3  state=ON  metric=rpr
2026-10-07T12:39:20Z  OBSERVE  frontend->recommendationservice  rpr=0.0000  low=216 high=0  attempts=3  state=ON  metric=rpr
2026-10-07T12:39:20Z  OBSERVE  frontend->shippingservice  rpr=0.0000  low=215 high=0  attempts=3  state=ON  metric=rpr
2026-10-07T12:39:20Z  OBSERVE  checkoutservice->cartservice  rpr=0.0000  low=214 high=0  attempts=3  state=ON  metric=rpr
2026-10-07T12:39:20Z  OBSERVE  checkoutservice->currencyservice  rpr=0.0000  low=214 high=0  attempts=3  state=ON  metric=rpr
2026-10-07T12:39:20Z  OBSERVE  checkoutservice->emailservice  rpr=0.0000  low=212 high=0  attempts=3  state=ON  metric=rpr
2026-10-07T12:39:20Z  OBSERVE  checkoutservice->paymentservice  rpr=0.0000  low=214 high=0  attempts=3  state=ON  metric=rpr
2026-10-07T12:39:20Z  OBSERVE  checkoutservice->shippingservice  rpr=0.0000  low=214 high=0  attempts=3  state=ON  metric=rpr
2026-10-07T12:39:20Z  OBSERVE  recommendationservice->productcatalogservice  rpr=0.0000  low=215 high=0  attempts=3  state=ON  metric=rpr
2026-10-07T12:39:20Z  OBSERVE  checkoutservice  rejection=0.2717  low=0 high=8  state=OFF  metric=rejection
2026-10-07T12:39:21Z  OBSERVE  frontend->adservice  rpr=0.0000  low=216 high=0  attempts=3  state=ON  metric=rpr
2026-10-07T12:39:21Z  OBSERVE  frontend->cartservice  rpr=0.0000  low=217 high=0  attempts=3  state=ON  metric=rpr
2026-10-07T12:39:21Z  OBSERVE  frontend->currencyservice  rpr=0.0000  low=217 high=0  attempts=3  state=ON  metric=rpr
2026-10-07T12:39:21Z  OBSERVE  frontend->productcatalogservice  rpr=0.0000  low=217 high=0  attempts=3  state=ON  metric=rpr
2026-10-07T12:39:21Z  OBSERVE  frontend->recommendationservice  rpr=0.0000  low=217 high=0  attempts=3  state=ON  metric=rpr
2026-10-07T12:39:21Z  OBSERVE  frontend->shippingservice  rpr=0.0000  low=216 high=0  attempts=3  state=ON  metric=rpr
2026-10-07T12:39:21Z  OBSERVE  checkoutservice->cartservice  rpr=0.0000  low=215 high=0  attempts=3  state=ON  metric=rpr
2026-10-07T12:39:21Z  OBSERVE  checkoutservice->currencyservice  rpr=0.0000  low=215 high=0  attempts=3  state=ON  metric=rpr
2026-10-07T12:39:21Z  OBSERVE  checkoutservice->emailservice  rpr=0.0000  low=213 high=0  attempts=3  state=ON  metric=rpr
2026-10-07T12:39:21Z  OBSERVE  checkoutservice->paymentservice  rpr=0.0000  low=215 high=0  attempts=3  state=ON  metric=rpr
2026-10-07T12:39:21Z  OBSERVE  checkoutservice->shippingservice  rpr=0.0000  low=215 high=0  attempts=3  state=ON  metric=rpr
2026-10-07T12:39:21Z  OBSERVE  recommendationservice->productcatalogservice  rpr=0.0000  low=216 high=0  attempts=3  state=ON  metric=rpr
2026-10-07T12:39:21Z  OBSERVE  checkoutservice  rejection=0.1831  low=0 high=9  state=OFF  metric=rejection
2026-10-07T12:39:22Z  OBSERVE  frontend->adservice  rpr=0.0000  low=217 high=0  attempts=3  state=ON  metric=rpr
2026-10-07T12:39:22Z  OBSERVE  frontend->cartservice  rpr=0.0000  low=218 high=0  attempts=3  state=ON  metric=rpr
2026-10-07T12:39:22Z  OBSERVE  frontend->currencyservice  rpr=0.0000  low=218 high=0  attempts=3  state=ON  metric=rpr
2026-10-07T12:39:22Z  OBSERVE  frontend->productcatalogservice  rpr=0.0000  low=218 high=0  attempts=3  state=ON  metric=rpr
2026-10-07T12:39:22Z  OBSERVE  frontend->recommendationservice  rpr=0.0000  low=218 high=0  attempts=3  state=ON  metric=rpr
2026-10-07T12:39:22Z  OBSERVE  frontend->shippingservice  rpr=0.0000  low=217 high=0  attempts=3  state=ON  metric=rpr
2026-10-07T12:39:22Z  OBSERVE  checkoutservice->cartservice  rpr=0.0000  low=216 high=0  attempts=3  state=ON  metric=rpr
2026-10-07T12:39:22Z  OBSERVE  checkoutservice->currencyservice  rpr=0.0000  low=216 high=0  attempts=3  state=ON  metric=rpr
2026-10-07T12:39:22Z  OBSERVE  checkoutservice->emailservice  rpr=0.0000  low=214 high=0  attempts=3  state=ON  metric=rpr
2026-10-07T12:39:22Z  OBSERVE  checkoutservice->paymentservice  rpr=0.0000  low=216 high=0  attempts=3  state=ON  metric=rpr
2026-10-07T12:39:22Z  OBSERVE  checkoutservice->shippingservice  rpr=0.0000  low=216 high=0  attempts=3  state=ON  metric=rpr
2026-10-07T12:39:22Z  OBSERVE  recommendationservice->productcatalogservice  rpr=0.0000  low=217 high=0  attempts=3  state=ON  metric=rpr
2026-10-07T12:39:22Z  OBSERVE  checkoutservice  rejection=0.0816  low=1 high=0  state=OFF  metric=rejection
2026-10-07T12:39:23Z  OBSERVE  frontend->adservice  rpr=0.0000  low=218 high=0  attempts=3  state=ON  metric=rpr
2026-10-07T12:39:23Z  OBSERVE  frontend->cartservice  rpr=0.0000  low=219 high=0  attempts=3  state=ON  metric=rpr
2026-10-07T12:39:23Z  OBSERVE  frontend->currencyservice  rpr=0.0000  low=219 high=0  attempts=3  state=ON  metric=rpr
2026-10-07T12:39:23Z  OBSERVE  frontend->productcatalogservice  rpr=0.0000  low=219 high=0  attempts=3  state=ON  metric=rpr
2026-10-07T12:39:23Z  OBSERVE  frontend->recommendationservice  rpr=0.0000  low=219 high=0  attempts=3  state=ON  metric=rpr
2026-10-07T12:39:23Z  OBSERVE  frontend->shippingservice  rpr=0.0000  low=218 high=0  attempts=3  state=ON  metric=rpr
2026-10-07T12:39:23Z  OBSERVE  checkoutservice->cartservice  rpr=0.0000  low=217 high=0  attempts=3  state=ON  metric=rpr
2026-10-07T12:39:23Z  OBSERVE  checkoutservice->currencyservice  rpr=0.0000  low=217 high=0  attempts=3  state=ON  metric=rpr
2026-10-07T12:39:23Z  OBSERVE  checkoutservice->emailservice  rpr=0.0000  low=215 high=0  attempts=3  state=ON  metric=rpr
2026-10-07T12:39:23Z  OBSERVE  checkoutservice->paymentservice  rpr=0.0000  low=217 high=0  attempts=3  state=ON  metric=rpr
2026-10-07T12:39:23Z  OBSERVE  checkoutservice->shippingservice  rpr=0.0000  low=217 high=0  attempts=3  state=ON  metric=rpr
2026-10-07T12:39:23Z  OBSERVE  recommendationservice->productcatalogservice  rpr=0.0000  low=218 high=0  attempts=3  state=ON  metric=rpr
2026-10-07T12:39:23Z  OBSERVE  checkoutservice  rejection=0.2338  low=0 high=1  state=OFF  metric=rejection
2026-10-07T12:39:24Z  OBSERVE  frontend->adservice  rpr=0.0000  low=219 high=0  attempts=3  state=ON  metric=rpr
2026-10-07T12:39:24Z  OBSERVE  frontend->cartservice  rpr=0.0000  low=220 high=0  attempts=3  state=ON  metric=rpr
2026-10-07T12:39:24Z  OBSERVE  frontend->currencyservice  rpr=0.0000  low=220 high=0  attempts=3  state=ON  metric=rpr
2026-10-07T12:39:24Z  OBSERVE  frontend->productcatalogservice  rpr=0.0000  low=220 high=0  attempts=3  state=ON  metric=rpr
2026-10-07T12:39:24Z  OBSERVE  frontend->recommendationservice  rpr=0.0000  low=220 high=0  attempts=3  state=ON  metric=rpr
2026-10-07T12:39:24Z  OBSERVE  frontend->shippingservice  rpr=0.0000  low=219 high=0  attempts=3  state=ON  metric=rpr
2026-10-07T12:39:24Z  OBSERVE  checkoutservice->cartservice  rpr=0.0000  low=218 high=0  attempts=3  state=ON  metric=rpr
2026-10-07T12:39:24Z  OBSERVE  checkoutservice->currencyservice  rpr=0.0000  low=218 high=0  attempts=3  state=ON  metric=rpr
2026-10-07T12:39:24Z  OBSERVE  checkoutservice->emailservice  rpr=0.0000  low=216 high=0  attempts=3  state=ON  metric=rpr
2026-10-07T12:39:24Z  OBSERVE  checkoutservice->paymentservice  rpr=0.0000  low=218 high=0  attempts=3  state=ON  metric=rpr
2026-10-07T12:39:24Z  OBSERVE  checkoutservice->shippingservice  rpr=0.0000  low=218 high=0  attempts=3  state=ON  metric=rpr
2026-10-07T12:39:24Z  OBSERVE  recommendationservice->productcatalogservice  rpr=0.0000  low=219 high=0  attempts=3  state=ON  metric=rpr
2026-10-07T12:39:24Z  OBSERVE  checkoutservice  rejection=0.1205  low=0 high=2  state=OFF  metric=rejection
2026-10-07T12:39:25Z  OBSERVE  frontend->adservice  rpr=0.0000  low=220 high=0  attempts=3  state=ON  metric=rpr
2026-10-07T12:39:25Z  OBSERVE  frontend->cartservice  rpr=0.0000  low=221 high=0  attempts=3  state=ON  metric=rpr
2026-10-07T12:39:25Z  OBSERVE  frontend->currencyservice  rpr=0.0000  low=221 high=0  attempts=3  state=ON  metric=rpr
2026-10-07T12:39:25Z  OBSERVE  frontend->productcatalogservice  rpr=0.0000  low=221 high=0  attempts=3  state=ON  metric=rpr
2026-10-07T12:39:25Z  OBSERVE  frontend->recommendationservice  rpr=0.0000  low=221 high=0  attempts=3  state=ON  metric=rpr
2026-10-07T12:39:25Z  OBSERVE  frontend->shippingservice  rpr=0.0000  low=220 high=0  attempts=3  state=ON  metric=rpr
2026-10-07T12:39:25Z  OBSERVE  checkoutservice->cartservice  rpr=0.0000  low=219 high=0  attempts=3  state=ON  metric=rpr
2026-10-07T12:39:25Z  OBSERVE  checkoutservice->currencyservice  rpr=0.0000  low=219 high=0  attempts=3  state=ON  metric=rpr
2026-10-07T12:39:25Z  OBSERVE  checkoutservice->emailservice  rpr=0.0000  low=217 high=0  attempts=3  state=ON  metric=rpr
2026-10-07T12:39:25Z  OBSERVE  checkoutservice->paymentservice  rpr=0.0000  low=219 high=0  attempts=3  state=ON  metric=rpr
2026-10-07T12:39:25Z  OBSERVE  checkoutservice->shippingservice  rpr=0.0000  low=219 high=0  attempts=3  state=ON  metric=rpr
2026-10-07T12:39:25Z  OBSERVE  recommendationservice->productcatalogservice  rpr=0.0000  low=220 high=0  attempts=3  state=ON  metric=rpr
2026-10-07T12:39:25Z  OBSERVE  checkoutservice  rejection=0.1609  low=0 high=3  state=OFF  metric=rejection
2026-10-07T12:39:26Z  OBSERVE  frontend->adservice  rpr=0.0000  low=221 high=0  attempts=3  state=ON  metric=rpr
2026-10-07T12:39:26Z  OBSERVE  frontend->cartservice  rpr=0.0000  low=222 high=0  attempts=3  state=ON  metric=rpr
2026-10-07T12:39:26Z  OBSERVE  frontend->currencyservice  rpr=0.0000  low=222 high=0  attempts=3  state=ON  metric=rpr
2026-10-07T12:39:26Z  OBSERVE  frontend->productcatalogservice  rpr=0.0000  low=222 high=0  attempts=3  state=ON  metric=rpr
2026-10-07T12:39:26Z  OBSERVE  frontend->recommendationservice  rpr=0.0000  low=222 high=0  attempts=3  state=ON  metric=rpr
2026-10-07T12:39:26Z  OBSERVE  frontend->shippingservice  rpr=0.0000  low=221 high=0  attempts=3  state=ON  metric=rpr
2026-10-07T12:39:26Z  OBSERVE  checkoutservice->cartservice  rpr=0.0000  low=220 high=0  attempts=3  state=ON  metric=rpr
2026-10-07T12:39:26Z  OBSERVE  checkoutservice->currencyservice  rpr=0.0000  low=220 high=0  attempts=3  state=ON  metric=rpr
2026-10-07T12:39:26Z  OBSERVE  checkoutservice->emailservice  rpr=0.0000  low=218 high=0  attempts=3  state=ON  metric=rpr
2026-10-07T12:39:26Z  OBSERVE  checkoutservice->paymentservice  rpr=0.0000  low=220 high=0  attempts=3  state=ON  metric=rpr
2026-10-07T12:39:26Z  OBSERVE  checkoutservice->shippingservice  rpr=0.0000  low=220 high=0  attempts=3  state=ON  metric=rpr
2026-10-07T12:39:26Z  OBSERVE  recommendationservice->productcatalogservice  rpr=0.0000  low=221 high=0  attempts=3  state=ON  metric=rpr
2026-10-07T12:39:26Z  OBSERVE  checkoutservice  rejection=0.0968  low=1 high=0  state=OFF  metric=rejection
2026-10-07T12:39:27Z  OBSERVE  frontend->adservice  rpr=0.0000  low=222 high=0  attempts=3  state=ON  metric=rpr
2026-10-07T12:39:27Z  OBSERVE  frontend->cartservice  rpr=0.0000  low=223 high=0  attempts=3  state=ON  metric=rpr
2026-10-07T12:39:27Z  OBSERVE  frontend->currencyservice  rpr=0.0000  low=223 high=0  attempts=3  state=ON  metric=rpr
2026-10-07T12:39:27Z  OBSERVE  frontend->productcatalogservice  rpr=0.0000  low=223 high=0  attempts=3  state=ON  metric=rpr
2026-10-07T12:39:27Z  OBSERVE  frontend->recommendationservice  rpr=0.0000  low=223 high=0  attempts=3  state=ON  metric=rpr
2026-10-07T12:39:27Z  OBSERVE  frontend->shippingservice  rpr=0.0000  low=222 high=0  attempts=3  state=ON  metric=rpr
2026-10-07T12:39:27Z  OBSERVE  checkoutservice->cartservice  rpr=0.0000  low=221 high=0  attempts=3  state=ON  metric=rpr
2026-10-07T12:39:27Z  OBSERVE  checkoutservice->currencyservice  rpr=0.0000  low=221 high=0  attempts=3  state=ON  metric=rpr
2026-10-07T12:39:27Z  OBSERVE  checkoutservice->emailservice  rpr=0.0000  low=219 high=0  attempts=3  state=ON  metric=rpr
2026-10-07T12:39:27Z  OBSERVE  checkoutservice->paymentservice  rpr=0.0000  low=221 high=0  attempts=3  state=ON  metric=rpr
2026-10-07T12:39:27Z  OBSERVE  checkoutservice->shippingservice  rpr=0.0000  low=221 high=0  attempts=3  state=ON  metric=rpr
2026-10-07T12:39:27Z  OBSERVE  recommendationservice->productcatalogservice  rpr=0.0000  low=222 high=0  attempts=3  state=ON  metric=rpr
2026-10-07T12:39:27Z  OBSERVE  checkoutservice  rejection=0.3267  low=0 high=1  state=OFF  metric=rejection
2026-10-07T12:39:28Z  OBSERVE  frontend->adservice  rpr=0.0000  low=223 high=0  attempts=3  state=ON  metric=rpr
2026-10-07T12:39:28Z  OBSERVE  frontend->cartservice  rpr=0.0000  low=224 high=0  attempts=3  state=ON  metric=rpr
2026-10-07T12:39:28Z  OBSERVE  frontend->currencyservice  rpr=0.0000  low=224 high=0  attempts=3  state=ON  metric=rpr
2026-10-07T12:39:28Z  OBSERVE  frontend->productcatalogservice  rpr=0.0000  low=224 high=0  attempts=3  state=ON  metric=rpr
2026-10-07T12:39:28Z  OBSERVE  frontend->recommendationservice  rpr=0.0000  low=224 high=0  attempts=3  state=ON  metric=rpr
2026-10-07T12:39:28Z  OBSERVE  frontend->shippingservice  rpr=0.0000  low=223 high=0  attempts=3  state=ON  metric=rpr
2026-10-07T12:39:28Z  OBSERVE  checkoutservice->cartservice  rpr=0.0000  low=222 high=0  attempts=3  state=ON  metric=rpr
2026-10-07T12:39:28Z  OBSERVE  checkoutservice->currencyservice  rpr=0.0000  low=222 high=0  attempts=3  state=ON  metric=rpr
2026-10-07T12:39:28Z  OBSERVE  checkoutservice->emailservice  rpr=0.0000  low=220 high=0  attempts=3  state=ON  metric=rpr
2026-10-07T12:39:28Z  OBSERVE  checkoutservice->paymentservice  rpr=0.0000  low=222 high=0  attempts=3  state=ON  metric=rpr
2026-10-07T12:39:28Z  OBSERVE  checkoutservice->shippingservice  rpr=0.0000  low=222 high=0  attempts=3  state=ON  metric=rpr
2026-10-07T12:39:28Z  OBSERVE  recommendationservice->productcatalogservice  rpr=0.0000  low=223 high=0  attempts=3  state=ON  metric=rpr
2026-10-07T12:39:28Z  OBSERVE  checkoutservice  rejection=0.3019  low=0 high=2  state=OFF  metric=rejection
2026-10-07T12:39:29Z  OBSERVE  frontend->adservice  rpr=0.0000  low=224 high=0  attempts=3  state=ON  metric=rpr
2026-10-07T12:39:29Z  OBSERVE  frontend->cartservice  rpr=0.0000  low=225 high=0  attempts=3  state=ON  metric=rpr
2026-10-07T12:39:29Z  OBSERVE  frontend->currencyservice  rpr=0.0000  low=225 high=0  attempts=3  state=ON  metric=rpr
2026-10-07T12:39:29Z  OBSERVE  frontend->productcatalogservice  rpr=0.0000  low=225 high=0  attempts=3  state=ON  metric=rpr
2026-10-07T12:39:29Z  OBSERVE  frontend->recommendationservice  rpr=0.0000  low=225 high=0  attempts=3  state=ON  metric=rpr
2026-10-07T12:39:29Z  OBSERVE  frontend->shippingservice  rpr=0.0000  low=224 high=0  attempts=3  state=ON  metric=rpr
2026-10-07T12:39:29Z  OBSERVE  checkoutservice->cartservice  rpr=0.0000  low=223 high=0  attempts=3  state=ON  metric=rpr
2026-10-07T12:39:29Z  OBSERVE  checkoutservice->currencyservice  rpr=0.0000  low=223 high=0  attempts=3  state=ON  metric=rpr
2026-10-07T12:39:29Z  OBSERVE  checkoutservice->emailservice  rpr=0.0000  low=221 high=0  attempts=3  state=ON  metric=rpr
2026-10-07T12:39:29Z  OBSERVE  checkoutservice->paymentservice  rpr=0.0000  low=223 high=0  attempts=3  state=ON  metric=rpr
2026-10-07T12:39:29Z  OBSERVE  checkoutservice->shippingservice  rpr=0.0000  low=223 high=0  attempts=3  state=ON  metric=rpr
2026-10-07T12:39:29Z  OBSERVE  recommendationservice->productcatalogservice  rpr=0.0000  low=224 high=0  attempts=3  state=ON  metric=rpr
2026-10-07T12:39:29Z  OBSERVE  checkoutservice  rejection=0.2857  low=0 high=3  state=OFF  metric=rejection
2026-10-07T12:39:30Z  OBSERVE  frontend->adservice  rpr=0.0000  low=225 high=0  attempts=3  state=ON  metric=rpr
2026-10-07T12:39:30Z  OBSERVE  frontend->cartservice  rpr=0.0000  low=226 high=0  attempts=3  state=ON  metric=rpr
2026-10-07T12:39:30Z  OBSERVE  frontend->currencyservice  rpr=0.0000  low=226 high=0  attempts=3  state=ON  metric=rpr
2026-10-07T12:39:30Z  OBSERVE  frontend->productcatalogservice  rpr=0.0000  low=226 high=0  attempts=3  state=ON  metric=rpr
2026-10-07T12:39:30Z  OBSERVE  frontend->recommendationservice  rpr=0.0000  low=226 high=0  attempts=3  state=ON  metric=rpr
2026-10-07T12:39:30Z  OBSERVE  frontend->shippingservice  rpr=0.0000  low=225 high=0  attempts=3  state=ON  metric=rpr
2026-10-07T12:39:30Z  OBSERVE  checkoutservice->cartservice  rpr=0.0000  low=224 high=0  attempts=3  state=ON  metric=rpr
2026-10-07T12:39:30Z  OBSERVE  checkoutservice->currencyservice  rpr=0.0000  low=224 high=0  attempts=3  state=ON  metric=rpr
2026-10-07T12:39:30Z  OBSERVE  checkoutservice->emailservice  rpr=0.0000  low=222 high=0  attempts=3  state=ON  metric=rpr
2026-10-07T12:39:30Z  OBSERVE  checkoutservice->paymentservice  rpr=0.0000  low=224 high=0  attempts=3  state=ON  metric=rpr
2026-10-07T12:39:30Z  OBSERVE  checkoutservice->shippingservice  rpr=0.0000  low=224 high=0  attempts=3  state=ON  metric=rpr
2026-10-07T12:39:30Z  OBSERVE  recommendationservice->productcatalogservice  rpr=0.0000  low=225 high=0  attempts=3  state=ON  metric=rpr
2026-10-07T12:39:30Z  OBSERVE  checkoutservice  rejection=0.1087  low=0 high=4  state=OFF  metric=rejection
2026-10-07T12:39:31Z  OBSERVE  frontend->adservice  rpr=0.0000  low=226 high=0  attempts=3  state=ON  metric=rpr
2026-10-07T12:39:31Z  OBSERVE  frontend->cartservice  rpr=0.0000  low=227 high=0  attempts=3  state=ON  metric=rpr
2026-10-07T12:39:31Z  OBSERVE  frontend->currencyservice  rpr=0.0000  low=227 high=0  attempts=3  state=ON  metric=rpr
2026-10-07T12:39:31Z  OBSERVE  frontend->productcatalogservice  rpr=0.0000  low=227 high=0  attempts=3  state=ON  metric=rpr
2026-10-07T12:39:31Z  OBSERVE  frontend->recommendationservice  rpr=0.0000  low=227 high=0  attempts=3  state=ON  metric=rpr
2026-10-07T12:39:31Z  OBSERVE  frontend->shippingservice  rpr=0.0000  low=226 high=0  attempts=3  state=ON  metric=rpr
2026-10-07T12:39:31Z  OBSERVE  checkoutservice->cartservice  rpr=0.0000  low=225 high=0  attempts=3  state=ON  metric=rpr
2026-10-07T12:39:31Z  OBSERVE  checkoutservice->currencyservice  rpr=0.0000  low=225 high=0  attempts=3  state=ON  metric=rpr
2026-10-07T12:39:31Z  OBSERVE  checkoutservice->emailservice  rpr=0.0000  low=223 high=0  attempts=3  state=ON  metric=rpr
2026-10-07T12:39:31Z  OBSERVE  checkoutservice->paymentservice  rpr=0.0000  low=225 high=0  attempts=3  state=ON  metric=rpr
2026-10-07T12:39:31Z  OBSERVE  checkoutservice->shippingservice  rpr=0.0000  low=225 high=0  attempts=3  state=ON  metric=rpr
2026-10-07T12:39:31Z  OBSERVE  recommendationservice->productcatalogservice  rpr=0.0000  low=226 high=0  attempts=3  state=ON  metric=rpr
2026-10-07T12:39:31Z  OBSERVE  checkoutservice  rejection=0.2581  low=0 high=5  state=OFF  metric=rejection
2026-10-07T12:39:32Z  OBSERVE  frontend->adservice  rpr=0.0000  low=227 high=0  attempts=3  state=ON  metric=rpr
2026-10-07T12:39:32Z  OBSERVE  frontend->cartservice  rpr=0.0000  low=228 high=0  attempts=3  state=ON  metric=rpr
2026-10-07T12:39:32Z  OBSERVE  frontend->currencyservice  rpr=0.0000  low=228 high=0  attempts=3  state=ON  metric=rpr
2026-10-07T12:39:32Z  OBSERVE  frontend->productcatalogservice  rpr=0.0000  low=228 high=0  attempts=3  state=ON  metric=rpr
2026-10-07T12:39:32Z  OBSERVE  frontend->recommendationservice  rpr=0.0000  low=228 high=0  attempts=3  state=ON  metric=rpr
2026-10-07T12:39:32Z  OBSERVE  frontend->shippingservice  rpr=0.0000  low=227 high=0  attempts=3  state=ON  metric=rpr
2026-10-07T12:39:32Z  OBSERVE  checkoutservice->cartservice  rpr=0.0000  low=226 high=0  attempts=3  state=ON  metric=rpr
2026-10-07T12:39:32Z  OBSERVE  checkoutservice->currencyservice  rpr=0.0000  low=226 high=0  attempts=3  state=ON  metric=rpr
2026-10-07T12:39:32Z  OBSERVE  checkoutservice->emailservice  rpr=0.0000  low=224 high=0  attempts=3  state=ON  metric=rpr
2026-10-07T12:39:32Z  OBSERVE  checkoutservice->paymentservice  rpr=0.0000  low=226 high=0  attempts=3  state=ON  metric=rpr
2026-10-07T12:39:32Z  OBSERVE  checkoutservice->shippingservice  rpr=0.0000  low=226 high=0  attempts=3  state=ON  metric=rpr
2026-10-07T12:39:32Z  OBSERVE  recommendationservice->productcatalogservice  rpr=0.0000  low=227 high=0  attempts=3  state=ON  metric=rpr
2026-10-07T12:39:32Z  OBSERVE  checkoutservice  rejection=0.1915  low=0 high=6  state=OFF  metric=rejection
2026-10-07T12:39:33Z  OBSERVE  frontend->adservice  rpr=0.0000  low=228 high=0  attempts=3  state=ON  metric=rpr
2026-10-07T12:39:33Z  OBSERVE  frontend->cartservice  rpr=0.0000  low=229 high=0  attempts=3  state=ON  metric=rpr
2026-10-07T12:39:33Z  OBSERVE  frontend->currencyservice  rpr=0.0000  low=229 high=0  attempts=3  state=ON  metric=rpr
2026-10-07T12:39:33Z  OBSERVE  frontend->productcatalogservice  rpr=0.0000  low=229 high=0  attempts=3  state=ON  metric=rpr
2026-10-07T12:39:33Z  OBSERVE  frontend->recommendationservice  rpr=0.0000  low=229 high=0  attempts=3  state=ON  metric=rpr
2026-10-07T12:39:33Z  OBSERVE  frontend->shippingservice  rpr=0.0000  low=228 high=0  attempts=3  state=ON  metric=rpr
2026-10-07T12:39:33Z  OBSERVE  checkoutservice->cartservice  rpr=0.0000  low=227 high=0  attempts=3  state=ON  metric=rpr
2026-10-07T12:39:33Z  OBSERVE  checkoutservice->currencyservice  rpr=0.0000  low=227 high=0  attempts=3  state=ON  metric=rpr
2026-10-07T12:39:33Z  OBSERVE  checkoutservice->emailservice  rpr=0.0000  low=225 high=0  attempts=3  state=ON  metric=rpr
2026-10-07T12:39:33Z  OBSERVE  checkoutservice->paymentservice  rpr=0.0000  low=227 high=0  attempts=3  state=ON  metric=rpr
2026-10-07T12:39:33Z  OBSERVE  checkoutservice->shippingservice  rpr=0.0000  low=227 high=0  attempts=3  state=ON  metric=rpr
2026-10-07T12:39:33Z  OBSERVE  recommendationservice->productcatalogservice  rpr=0.0000  low=228 high=0  attempts=3  state=ON  metric=rpr
2026-10-07T12:39:33Z  OBSERVE  checkoutservice  rejection=0.3768  low=0 high=7  state=OFF  metric=rejection
2026-10-07T12:39:34Z  OBSERVE  frontend->adservice  rpr=0.0000  low=229 high=0  attempts=3  state=ON  metric=rpr
2026-10-07T12:39:34Z  OBSERVE  frontend->cartservice  rpr=0.0000  low=230 high=0  attempts=3  state=ON  metric=rpr
2026-10-07T12:39:34Z  OBSERVE  frontend->currencyservice  rpr=0.0000  low=230 high=0  attempts=3  state=ON  metric=rpr
2026-10-07T12:39:34Z  OBSERVE  frontend->productcatalogservice  rpr=0.0000  low=230 high=0  attempts=3  state=ON  metric=rpr
2026-10-07T12:39:34Z  OBSERVE  frontend->recommendationservice  rpr=0.0000  low=230 high=0  attempts=3  state=ON  metric=rpr
2026-10-07T12:39:34Z  OBSERVE  frontend->shippingservice  rpr=0.0000  low=229 high=0  attempts=3  state=ON  metric=rpr
2026-10-07T12:39:34Z  OBSERVE  checkoutservice->cartservice  rpr=0.0000  low=228 high=0  attempts=3  state=ON  metric=rpr
2026-10-07T12:39:34Z  OBSERVE  checkoutservice->currencyservice  rpr=0.0000  low=228 high=0  attempts=3  state=ON  metric=rpr
2026-10-07T12:39:34Z  OBSERVE  checkoutservice->emailservice  rpr=0.0000  low=226 high=0  attempts=3  state=ON  metric=rpr
2026-10-07T12:39:34Z  OBSERVE  checkoutservice->paymentservice  rpr=0.0000  low=228 high=0  attempts=3  state=ON  metric=rpr
2026-10-07T12:39:34Z  OBSERVE  checkoutservice->shippingservice  rpr=0.0000  low=228 high=0  attempts=3  state=ON  metric=rpr
2026-10-07T12:39:34Z  OBSERVE  recommendationservice->productcatalogservice  rpr=0.0000  low=229 high=0  attempts=3  state=ON  metric=rpr
2026-10-07T12:39:34Z  OBSERVE  checkoutservice  rejection=0.1327  low=0 high=8  state=OFF  metric=rejection
2026-10-07T12:39:35Z  OBSERVE  frontend->adservice  rpr=0.0000  low=230 high=0  attempts=3  state=ON  metric=rpr
2026-10-07T12:39:35Z  OBSERVE  frontend->cartservice  rpr=0.0000  low=231 high=0  attempts=3  state=ON  metric=rpr
2026-10-07T12:39:35Z  OBSERVE  frontend->currencyservice  rpr=0.0000  low=231 high=0  attempts=3  state=ON  metric=rpr
2026-10-07T12:39:35Z  OBSERVE  frontend->productcatalogservice  rpr=0.0000  low=231 high=0  attempts=3  state=ON  metric=rpr
2026-10-07T12:39:35Z  OBSERVE  frontend->recommendationservice  rpr=0.0000  low=231 high=0  attempts=3  state=ON  metric=rpr
2026-10-07T12:39:35Z  OBSERVE  frontend->shippingservice  rpr=0.0000  low=230 high=0  attempts=3  state=ON  metric=rpr
2026-10-07T12:39:35Z  OBSERVE  checkoutservice->cartservice  rpr=0.0000  low=229 high=0  attempts=3  state=ON  metric=rpr
2026-10-07T12:39:35Z  OBSERVE  checkoutservice->currencyservice  rpr=0.0000  low=229 high=0  attempts=3  state=ON  metric=rpr
2026-10-07T12:39:35Z  OBSERVE  checkoutservice->emailservice  rpr=0.0000  low=227 high=0  attempts=3  state=ON  metric=rpr
2026-10-07T12:39:35Z  OBSERVE  checkoutservice->paymentservice  rpr=0.0000  low=229 high=0  attempts=3  state=ON  metric=rpr
2026-10-07T12:39:35Z  OBSERVE  checkoutservice->shippingservice  rpr=0.0000  low=229 high=0  attempts=3  state=ON  metric=rpr
2026-10-07T12:39:35Z  OBSERVE  recommendationservice->productcatalogservice  rpr=0.0000  low=230 high=0  attempts=3  state=ON  metric=rpr
2026-10-07T12:39:35Z  OBSERVE  checkoutservice  rejection=0.0612  low=1 high=0  state=OFF  metric=rejection
2026-10-07T12:39:36Z  OBSERVE  frontend->adservice  rpr=0.0000  low=231 high=0  attempts=3  state=ON  metric=rpr
2026-10-07T12:39:36Z  OBSERVE  frontend->cartservice  rpr=0.0000  low=232 high=0  attempts=3  state=ON  metric=rpr
2026-10-07T12:39:36Z  OBSERVE  frontend->currencyservice  rpr=0.0000  low=232 high=0  attempts=3  state=ON  metric=rpr
2026-10-07T12:39:36Z  OBSERVE  frontend->productcatalogservice  rpr=0.0000  low=232 high=0  attempts=3  state=ON  metric=rpr
2026-10-07T12:39:36Z  OBSERVE  frontend->recommendationservice  rpr=0.0000  low=232 high=0  attempts=3  state=ON  metric=rpr
2026-10-07T12:39:36Z  OBSERVE  frontend->shippingservice  rpr=0.0000  low=231 high=0  attempts=3  state=ON  metric=rpr
2026-10-07T12:39:36Z  OBSERVE  checkoutservice->cartservice  rpr=0.0000  low=230 high=0  attempts=3  state=ON  metric=rpr
2026-10-07T12:39:36Z  OBSERVE  checkoutservice->currencyservice  rpr=0.0000  low=230 high=0  attempts=3  state=ON  metric=rpr
2026-10-07T12:39:36Z  OBSERVE  checkoutservice->emailservice  rpr=0.0000  low=228 high=0  attempts=3  state=ON  metric=rpr
2026-10-07T12:39:36Z  OBSERVE  checkoutservice->paymentservice  rpr=0.0000  low=230 high=0  attempts=3  state=ON  metric=rpr
2026-10-07T12:39:36Z  OBSERVE  checkoutservice->shippingservice  rpr=0.0000  low=230 high=0  attempts=3  state=ON  metric=rpr
2026-10-07T12:39:36Z  OBSERVE  recommendationservice->productcatalogservice  rpr=0.0000  low=231 high=0  attempts=3  state=ON  metric=rpr
2026-10-07T12:39:36Z  OBSERVE  checkoutservice  rejection=0.2235  low=0 high=1  state=OFF  metric=rejection
2026-10-07T12:39:37Z  OBSERVE  frontend->adservice  rpr=0.0000  low=232 high=0  attempts=3  state=ON  metric=rpr
2026-10-07T12:39:37Z  OBSERVE  frontend->cartservice  rpr=0.0000  low=233 high=0  attempts=3  state=ON  metric=rpr
2026-10-07T12:39:37Z  OBSERVE  frontend->currencyservice  rpr=0.0000  low=233 high=0  attempts=3  state=ON  metric=rpr
2026-10-07T12:39:37Z  OBSERVE  frontend->productcatalogservice  rpr=0.0000  low=233 high=0  attempts=3  state=ON  metric=rpr
2026-10-07T12:39:37Z  OBSERVE  frontend->recommendationservice  rpr=0.0000  low=233 high=0  attempts=3  state=ON  metric=rpr
2026-10-07T12:39:37Z  OBSERVE  frontend->shippingservice  rpr=0.0000  low=232 high=0  attempts=3  state=ON  metric=rpr
2026-10-07T12:39:37Z  OBSERVE  checkoutservice->cartservice  rpr=0.0000  low=231 high=0  attempts=3  state=ON  metric=rpr
2026-10-07T12:39:37Z  OBSERVE  checkoutservice->currencyservice  rpr=0.0000  low=231 high=0  attempts=3  state=ON  metric=rpr
2026-10-07T12:39:37Z  OBSERVE  checkoutservice->emailservice  rpr=0.0000  low=229 high=0  attempts=3  state=ON  metric=rpr
2026-10-07T12:39:37Z  OBSERVE  checkoutservice->paymentservice  rpr=0.0000  low=231 high=0  attempts=3  state=ON  metric=rpr
2026-10-07T12:39:37Z  OBSERVE  checkoutservice->shippingservice  rpr=0.0000  low=231 high=0  attempts=3  state=ON  metric=rpr
2026-10-07T12:39:37Z  OBSERVE  recommendationservice->productcatalogservice  rpr=0.0000  low=232 high=0  attempts=3  state=ON  metric=rpr
2026-10-07T12:39:37Z  OBSERVE  checkoutservice  rejection=0.3333  low=0 high=2  state=OFF  metric=rejection
2026-10-07T12:39:38Z  OBSERVE  frontend->adservice  rpr=0.0000  low=233 high=0  attempts=3  state=ON  metric=rpr
2026-10-07T12:39:38Z  OBSERVE  frontend->cartservice  rpr=0.0000  low=234 high=0  attempts=3  state=ON  metric=rpr
2026-10-07T12:39:38Z  OBSERVE  frontend->currencyservice  rpr=0.0000  low=234 high=0  attempts=3  state=ON  metric=rpr
2026-10-07T12:39:38Z  OBSERVE  frontend->productcatalogservice  rpr=0.0000  low=234 high=0  attempts=3  state=ON  metric=rpr
2026-10-07T12:39:38Z  OBSERVE  frontend->recommendationservice  rpr=0.0000  low=234 high=0  attempts=3  state=ON  metric=rpr
2026-10-07T12:39:38Z  OBSERVE  frontend->shippingservice  rpr=0.0000  low=233 high=0  attempts=3  state=ON  metric=rpr
2026-10-07T12:39:38Z  OBSERVE  checkoutservice->cartservice  rpr=0.0000  low=232 high=0  attempts=3  state=ON  metric=rpr
2026-10-07T12:39:38Z  OBSERVE  checkoutservice->currencyservice  rpr=0.0000  low=232 high=0  attempts=3  state=ON  metric=rpr
2026-10-07T12:39:38Z  OBSERVE  checkoutservice->emailservice  rpr=0.0000  low=230 high=0  attempts=3  state=ON  metric=rpr
2026-10-07T12:39:38Z  OBSERVE  checkoutservice->paymentservice  rpr=0.0000  low=232 high=0  attempts=3  state=ON  metric=rpr
2026-10-07T12:39:38Z  OBSERVE  checkoutservice->shippingservice  rpr=0.0000  low=232 high=0  attempts=3  state=ON  metric=rpr
2026-10-07T12:39:38Z  OBSERVE  recommendationservice->productcatalogservice  rpr=0.0000  low=233 high=0  attempts=3  state=ON  metric=rpr
2026-10-07T12:39:38Z  OBSERVE  checkoutservice  rejection=0.2841  low=0 high=3  state=OFF  metric=rejection
2026-10-07T12:39:39Z  OBSERVE  frontend->adservice  rpr=0.0000  low=234 high=0  attempts=3  state=ON  metric=rpr
2026-10-07T12:39:39Z  OBSERVE  frontend->cartservice  rpr=0.0000  low=235 high=0  attempts=3  state=ON  metric=rpr
2026-10-07T12:39:39Z  OBSERVE  frontend->currencyservice  rpr=0.0000  low=235 high=0  attempts=3  state=ON  metric=rpr
2026-10-07T12:39:39Z  OBSERVE  frontend->productcatalogservice  rpr=0.0000  low=235 high=0  attempts=3  state=ON  metric=rpr
2026-10-07T12:39:39Z  OBSERVE  frontend->recommendationservice  rpr=0.0000  low=235 high=0  attempts=3  state=ON  metric=rpr
2026-10-07T12:39:39Z  OBSERVE  frontend->shippingservice  rpr=0.0000  low=234 high=0  attempts=3  state=ON  metric=rpr
2026-10-07T12:39:39Z  OBSERVE  checkoutservice->cartservice  rpr=0.0000  low=233 high=0  attempts=3  state=ON  metric=rpr
2026-10-07T12:39:39Z  OBSERVE  checkoutservice->currencyservice  rpr=0.0000  low=233 high=0  attempts=3  state=ON  metric=rpr
2026-10-07T12:39:39Z  OBSERVE  checkoutservice->emailservice  rpr=0.0000  low=231 high=0  attempts=3  state=ON  metric=rpr
2026-10-07T12:39:39Z  OBSERVE  checkoutservice->paymentservice  rpr=0.0000  low=233 high=0  attempts=3  state=ON  metric=rpr
2026-10-07T12:39:39Z  OBSERVE  checkoutservice->shippingservice  rpr=0.0000  low=233 high=0  attempts=3  state=ON  metric=rpr
2026-10-07T12:39:39Z  OBSERVE  recommendationservice->productcatalogservice  rpr=0.0000  low=234 high=0  attempts=3  state=ON  metric=rpr
2026-10-07T12:39:39Z  OBSERVE  checkoutservice  rejection=0.1702  low=0 high=4  state=OFF  metric=rejection
2026-10-07T12:39:40Z  OBSERVE  frontend->adservice  rpr=0.0000  low=235 high=0  attempts=3  state=ON  metric=rpr
2026-10-07T12:39:40Z  OBSERVE  frontend->cartservice  rpr=0.0000  low=236 high=0  attempts=3  state=ON  metric=rpr
2026-10-07T12:39:40Z  OBSERVE  frontend->currencyservice  rpr=0.0000  low=236 high=0  attempts=3  state=ON  metric=rpr
2026-10-07T12:39:40Z  OBSERVE  frontend->productcatalogservice  rpr=0.0000  low=236 high=0  attempts=3  state=ON  metric=rpr
2026-10-07T12:39:40Z  OBSERVE  frontend->recommendationservice  rpr=0.0000  low=236 high=0  attempts=3  state=ON  metric=rpr
2026-10-07T12:39:40Z  OBSERVE  frontend->shippingservice  rpr=0.0000  low=235 high=0  attempts=3  state=ON  metric=rpr
2026-10-07T12:39:40Z  OBSERVE  checkoutservice->cartservice  rpr=0.0000  low=234 high=0  attempts=3  state=ON  metric=rpr
2026-10-07T12:39:40Z  OBSERVE  checkoutservice->currencyservice  rpr=0.0000  low=234 high=0  attempts=3  state=ON  metric=rpr
2026-10-07T12:39:40Z  OBSERVE  checkoutservice->emailservice  rpr=0.0000  low=232 high=0  attempts=3  state=ON  metric=rpr
2026-10-07T12:39:40Z  OBSERVE  checkoutservice->paymentservice  rpr=0.0000  low=234 high=0  attempts=3  state=ON  metric=rpr
2026-10-07T12:39:40Z  OBSERVE  checkoutservice->shippingservice  rpr=0.0000  low=234 high=0  attempts=3  state=ON  metric=rpr
2026-10-07T12:39:40Z  OBSERVE  recommendationservice->productcatalogservice  rpr=0.0000  low=235 high=0  attempts=3  state=ON  metric=rpr
2026-10-07T12:39:40Z  OBSERVE  checkoutservice  rejection=0.1604  low=0 high=5  state=OFF  metric=rejection
2026-10-07T12:39:41Z  OBSERVE  frontend->adservice  rpr=0.0000  low=236 high=0  attempts=3  state=ON  metric=rpr
2026-10-07T12:39:41Z  OBSERVE  frontend->cartservice  rpr=0.0000  low=237 high=0  attempts=3  state=ON  metric=rpr
2026-10-07T12:39:41Z  OBSERVE  frontend->currencyservice  rpr=0.0000  low=237 high=0  attempts=3  state=ON  metric=rpr
2026-10-07T12:39:41Z  OBSERVE  frontend->productcatalogservice  rpr=0.0000  low=237 high=0  attempts=3  state=ON  metric=rpr
2026-10-07T12:39:41Z  OBSERVE  frontend->recommendationservice  rpr=0.0000  low=237 high=0  attempts=3  state=ON  metric=rpr
2026-10-07T12:39:41Z  OBSERVE  frontend->shippingservice  rpr=0.0000  low=236 high=0  attempts=3  state=ON  metric=rpr
2026-10-07T12:39:41Z  OBSERVE  checkoutservice->cartservice  rpr=0.0000  low=235 high=0  attempts=3  state=ON  metric=rpr
2026-10-07T12:39:41Z  OBSERVE  checkoutservice->currencyservice  rpr=0.0000  low=235 high=0  attempts=3  state=ON  metric=rpr
2026-10-07T12:39:41Z  OBSERVE  checkoutservice->emailservice  rpr=0.0000  low=233 high=0  attempts=3  state=ON  metric=rpr
2026-10-07T12:39:41Z  OBSERVE  checkoutservice->paymentservice  rpr=0.0000  low=235 high=0  attempts=3  state=ON  metric=rpr
2026-10-07T12:39:41Z  OBSERVE  checkoutservice->shippingservice  rpr=0.0000  low=235 high=0  attempts=3  state=ON  metric=rpr
2026-10-07T12:39:41Z  OBSERVE  recommendationservice->productcatalogservice  rpr=0.0000  low=236 high=0  attempts=3  state=ON  metric=rpr
2026-10-07T12:39:41Z  OBSERVE  checkoutservice  rejection=0.1882  low=0 high=6  state=OFF  metric=rejection
2026-10-07T12:39:42Z  OBSERVE  frontend->adservice  rpr=0.0000  low=237 high=0  attempts=3  state=ON  metric=rpr
2026-10-07T12:39:42Z  OBSERVE  frontend->cartservice  rpr=0.0000  low=238 high=0  attempts=3  state=ON  metric=rpr
2026-10-07T12:39:42Z  OBSERVE  frontend->currencyservice  rpr=0.0000  low=238 high=0  attempts=3  state=ON  metric=rpr
2026-10-07T12:39:42Z  OBSERVE  frontend->productcatalogservice  rpr=0.0000  low=238 high=0  attempts=3  state=ON  metric=rpr
2026-10-07T12:39:42Z  OBSERVE  frontend->recommendationservice  rpr=0.0000  low=238 high=0  attempts=3  state=ON  metric=rpr
2026-10-07T12:39:42Z  OBSERVE  frontend->shippingservice  rpr=0.0000  low=237 high=0  attempts=3  state=ON  metric=rpr
2026-10-07T12:39:42Z  OBSERVE  checkoutservice->cartservice  rpr=0.0000  low=236 high=0  attempts=3  state=ON  metric=rpr
2026-10-07T12:39:42Z  OBSERVE  checkoutservice->currencyservice  rpr=0.0000  low=236 high=0  attempts=3  state=ON  metric=rpr
2026-10-07T12:39:42Z  OBSERVE  checkoutservice->emailservice  rpr=0.0000  low=234 high=0  attempts=3  state=ON  metric=rpr
2026-10-07T12:39:42Z  OBSERVE  checkoutservice->paymentservice  rpr=0.0000  low=236 high=0  attempts=3  state=ON  metric=rpr
2026-10-07T12:39:42Z  OBSERVE  checkoutservice->shippingservice  rpr=0.0000  low=236 high=0  attempts=3  state=ON  metric=rpr
2026-10-07T12:39:42Z  OBSERVE  recommendationservice->productcatalogservice  rpr=0.0000  low=237 high=0  attempts=3  state=ON  metric=rpr
2026-10-07T12:39:42Z  OBSERVE  checkoutservice  rejection=0.2581  low=0 high=7  state=OFF  metric=rejection
2026-10-07T12:39:43Z  OBSERVE  frontend->adservice  rpr=0.0000  low=238 high=0  attempts=3  state=ON  metric=rpr
2026-10-07T12:39:43Z  OBSERVE  frontend->cartservice  rpr=0.0000  low=239 high=0  attempts=3  state=ON  metric=rpr
2026-10-07T12:39:43Z  OBSERVE  frontend->currencyservice  rpr=0.0000  low=239 high=0  attempts=3  state=ON  metric=rpr
2026-10-07T12:39:43Z  OBSERVE  frontend->productcatalogservice  rpr=0.0000  low=239 high=0  attempts=3  state=ON  metric=rpr
2026-10-07T12:39:43Z  OBSERVE  frontend->recommendationservice  rpr=0.0000  low=239 high=0  attempts=3  state=ON  metric=rpr
2026-10-07T12:39:43Z  OBSERVE  frontend->shippingservice  rpr=0.0000  low=238 high=0  attempts=3  state=ON  metric=rpr
2026-10-07T12:39:43Z  OBSERVE  checkoutservice->cartservice  rpr=0.0000  low=237 high=0  attempts=3  state=ON  metric=rpr
2026-10-07T12:39:43Z  OBSERVE  checkoutservice->currencyservice  rpr=0.0000  low=237 high=0  attempts=3  state=ON  metric=rpr
2026-10-07T12:39:43Z  OBSERVE  checkoutservice->emailservice  rpr=0.0000  low=235 high=0  attempts=3  state=ON  metric=rpr
2026-10-07T12:39:43Z  OBSERVE  checkoutservice->paymentservice  rpr=0.0000  low=237 high=0  attempts=3  state=ON  metric=rpr
2026-10-07T12:39:43Z  OBSERVE  checkoutservice->shippingservice  rpr=0.0000  low=237 high=0  attempts=3  state=ON  metric=rpr
2026-10-07T12:39:43Z  OBSERVE  recommendationservice->productcatalogservice  rpr=0.0000  low=238 high=0  attempts=3  state=ON  metric=rpr
2026-10-07T12:39:43Z  OBSERVE  checkoutservice  rejection=0.4730  low=0 high=8  state=OFF  metric=rejection
2026-10-07T12:39:44Z  OBSERVE  frontend->adservice  rpr=0.0000  low=239 high=0  attempts=3  state=ON  metric=rpr
2026-10-07T12:39:44Z  OBSERVE  frontend->cartservice  rpr=0.0000  low=240 high=0  attempts=3  state=ON  metric=rpr
2026-10-07T12:39:44Z  OBSERVE  frontend->currencyservice  rpr=0.0000  low=240 high=0  attempts=3  state=ON  metric=rpr
2026-10-07T12:39:44Z  OBSERVE  frontend->productcatalogservice  rpr=0.0000  low=240 high=0  attempts=3  state=ON  metric=rpr
2026-10-07T12:39:44Z  OBSERVE  frontend->recommendationservice  rpr=0.0000  low=240 high=0  attempts=3  state=ON  metric=rpr
2026-10-07T12:39:44Z  OBSERVE  frontend->shippingservice  rpr=0.0000  low=239 high=0  attempts=3  state=ON  metric=rpr
2026-10-07T12:39:44Z  OBSERVE  checkoutservice->cartservice  rpr=0.0000  low=238 high=0  attempts=3  state=ON  metric=rpr
2026-10-07T12:39:44Z  OBSERVE  checkoutservice->currencyservice  rpr=0.0000  low=238 high=0  attempts=3  state=ON  metric=rpr
2026-10-07T12:39:44Z  OBSERVE  checkoutservice->emailservice  rpr=0.0000  low=236 high=0  attempts=3  state=ON  metric=rpr
2026-10-07T12:39:44Z  OBSERVE  checkoutservice->paymentservice  rpr=0.0000  low=238 high=0  attempts=3  state=ON  metric=rpr
2026-10-07T12:39:44Z  OBSERVE  checkoutservice->shippingservice  rpr=0.0000  low=238 high=0  attempts=3  state=ON  metric=rpr
2026-10-07T12:39:44Z  OBSERVE  recommendationservice->productcatalogservice  rpr=0.0000  low=239 high=0  attempts=3  state=ON  metric=rpr
2026-10-07T12:39:44Z  OBSERVE  checkoutservice  rejection=0.0891  low=1 high=0  state=OFF  metric=rejection
2026-10-07T12:39:45Z  OBSERVE  frontend->adservice  rpr=0.0000  low=240 high=0  attempts=3  state=ON  metric=rpr
2026-10-07T12:39:45Z  OBSERVE  frontend->cartservice  rpr=0.0000  low=241 high=0  attempts=3  state=ON  metric=rpr
2026-10-07T12:39:45Z  OBSERVE  frontend->currencyservice  rpr=0.0000  low=241 high=0  attempts=3  state=ON  metric=rpr
2026-10-07T12:39:45Z  OBSERVE  frontend->productcatalogservice  rpr=0.0000  low=241 high=0  attempts=3  state=ON  metric=rpr
2026-10-07T12:39:45Z  OBSERVE  frontend->recommendationservice  rpr=0.0000  low=241 high=0  attempts=3  state=ON  metric=rpr
2026-10-07T12:39:45Z  OBSERVE  frontend->shippingservice  rpr=0.0000  low=240 high=0  attempts=3  state=ON  metric=rpr
2026-10-07T12:39:45Z  OBSERVE  checkoutservice->cartservice  rpr=0.0000  low=239 high=0  attempts=3  state=ON  metric=rpr
2026-10-07T12:39:45Z  OBSERVE  checkoutservice->currencyservice  rpr=0.0000  low=239 high=0  attempts=3  state=ON  metric=rpr
2026-10-07T12:39:45Z  OBSERVE  checkoutservice->emailservice  rpr=0.0000  low=237 high=0  attempts=3  state=ON  metric=rpr
2026-10-07T12:39:45Z  OBSERVE  checkoutservice->paymentservice  rpr=0.0000  low=239 high=0  attempts=3  state=ON  metric=rpr
2026-10-07T12:39:45Z  OBSERVE  checkoutservice->shippingservice  rpr=0.0000  low=239 high=0  attempts=3  state=ON  metric=rpr
2026-10-07T12:39:45Z  OBSERVE  recommendationservice->productcatalogservice  rpr=0.0000  low=240 high=0  attempts=3  state=ON  metric=rpr
2026-10-07T12:39:45Z  OBSERVE  checkoutservice  rejection=0.1300  low=0 high=1  state=OFF  metric=rejection
2026-10-07T12:39:46Z  OBSERVE  frontend->adservice  rpr=0.0000  low=241 high=0  attempts=3  state=ON  metric=rpr
2026-10-07T12:39:46Z  OBSERVE  frontend->cartservice  rpr=0.0000  low=242 high=0  attempts=3  state=ON  metric=rpr
2026-10-07T12:39:46Z  OBSERVE  frontend->currencyservice  rpr=0.0000  low=242 high=0  attempts=3  state=ON  metric=rpr
2026-10-07T12:39:46Z  OBSERVE  frontend->productcatalogservice  rpr=0.0000  low=242 high=0  attempts=3  state=ON  metric=rpr
2026-10-07T12:39:46Z  OBSERVE  frontend->recommendationservice  rpr=0.0000  low=242 high=0  attempts=3  state=ON  metric=rpr
2026-10-07T12:39:46Z  OBSERVE  frontend->shippingservice  rpr=0.0000  low=241 high=0  attempts=3  state=ON  metric=rpr
2026-10-07T12:39:46Z  OBSERVE  checkoutservice->cartservice  rpr=0.0000  low=240 high=0  attempts=3  state=ON  metric=rpr
2026-10-07T12:39:46Z  OBSERVE  checkoutservice->currencyservice  rpr=0.0000  low=240 high=0  attempts=3  state=ON  metric=rpr
2026-10-07T12:39:46Z  OBSERVE  checkoutservice->emailservice  rpr=0.0000  low=238 high=0  attempts=3  state=ON  metric=rpr
2026-10-07T12:39:46Z  OBSERVE  checkoutservice->paymentservice  rpr=0.0000  low=240 high=0  attempts=3  state=ON  metric=rpr
2026-10-07T12:39:46Z  OBSERVE  checkoutservice->shippingservice  rpr=0.0000  low=240 high=0  attempts=3  state=ON  metric=rpr
2026-10-07T12:39:46Z  OBSERVE  recommendationservice->productcatalogservice  rpr=0.0000  low=241 high=0  attempts=3  state=ON  metric=rpr
2026-10-07T12:39:46Z  OBSERVE  checkoutservice  rejection=0.3372  low=0 high=2  state=OFF  metric=rejection
2026-10-07T12:39:47Z  OBSERVE  frontend->adservice  rpr=0.0000  low=242 high=0  attempts=3  state=ON  metric=rpr
2026-10-07T12:39:47Z  OBSERVE  frontend->cartservice  rpr=0.0000  low=243 high=0  attempts=3  state=ON  metric=rpr
2026-10-07T12:39:47Z  OBSERVE  frontend->currencyservice  rpr=0.0000  low=243 high=0  attempts=3  state=ON  metric=rpr
2026-10-07T12:39:47Z  OBSERVE  frontend->productcatalogservice  rpr=0.0000  low=243 high=0  attempts=3  state=ON  metric=rpr
2026-10-07T12:39:47Z  OBSERVE  frontend->recommendationservice  rpr=0.0000  low=243 high=0  attempts=3  state=ON  metric=rpr
2026-10-07T12:39:47Z  OBSERVE  frontend->shippingservice  rpr=0.0000  low=242 high=0  attempts=3  state=ON  metric=rpr
2026-10-07T12:39:47Z  OBSERVE  checkoutservice->cartservice  rpr=0.0000  low=241 high=0  attempts=3  state=ON  metric=rpr
2026-10-07T12:39:47Z  OBSERVE  checkoutservice->currencyservice  rpr=0.0000  low=241 high=0  attempts=3  state=ON  metric=rpr
2026-10-07T12:39:47Z  OBSERVE  checkoutservice->emailservice  rpr=0.0000  low=239 high=0  attempts=3  state=ON  metric=rpr
2026-10-07T12:39:47Z  OBSERVE  checkoutservice->paymentservice  rpr=0.0000  low=241 high=0  attempts=3  state=ON  metric=rpr
2026-10-07T12:39:47Z  OBSERVE  checkoutservice->shippingservice  rpr=0.0000  low=241 high=0  attempts=3  state=ON  metric=rpr
2026-10-07T12:39:47Z  OBSERVE  recommendationservice->productcatalogservice  rpr=0.0000  low=242 high=0  attempts=3  state=ON  metric=rpr
2026-10-07T12:39:47Z  OBSERVE  checkoutservice  rejection=0.1444  low=0 high=3  state=OFF  metric=rejection
2026-10-07T12:39:48Z  OBSERVE  frontend->adservice  rpr=0.0000  low=243 high=0  attempts=3  state=ON  metric=rpr
2026-10-07T12:39:48Z  OBSERVE  frontend->cartservice  rpr=0.0000  low=244 high=0  attempts=3  state=ON  metric=rpr
2026-10-07T12:39:48Z  OBSERVE  frontend->currencyservice  rpr=0.0000  low=244 high=0  attempts=3  state=ON  metric=rpr
2026-10-07T12:39:48Z  OBSERVE  frontend->productcatalogservice  rpr=0.0000  low=244 high=0  attempts=3  state=ON  metric=rpr
2026-10-07T12:39:48Z  OBSERVE  frontend->recommendationservice  rpr=0.0000  low=244 high=0  attempts=3  state=ON  metric=rpr
2026-10-07T12:39:48Z  OBSERVE  frontend->shippingservice  rpr=0.0000  low=243 high=0  attempts=3  state=ON  metric=rpr
2026-10-07T12:39:48Z  OBSERVE  checkoutservice->cartservice  rpr=0.0000  low=242 high=0  attempts=3  state=ON  metric=rpr
2026-10-07T12:39:48Z  OBSERVE  checkoutservice->currencyservice  rpr=0.0000  low=242 high=0  attempts=3  state=ON  metric=rpr
2026-10-07T12:39:48Z  OBSERVE  checkoutservice->emailservice  rpr=0.0000  low=240 high=0  attempts=3  state=ON  metric=rpr
2026-10-07T12:39:48Z  OBSERVE  checkoutservice->paymentservice  rpr=0.0000  low=242 high=0  attempts=3  state=ON  metric=rpr
2026-10-07T12:39:48Z  OBSERVE  checkoutservice->shippingservice  rpr=0.0000  low=242 high=0  attempts=3  state=ON  metric=rpr
2026-10-07T12:39:48Z  OBSERVE  recommendationservice->productcatalogservice  rpr=0.0000  low=243 high=0  attempts=3  state=ON  metric=rpr
2026-10-07T12:39:48Z  OBSERVE  checkoutservice  rejection=0.2386  low=0 high=4  state=OFF  metric=rejection
2026-10-07T12:39:49Z  OBSERVE  frontend->adservice  rpr=0.0000  low=244 high=0  attempts=3  state=ON  metric=rpr
2026-10-07T12:39:49Z  OBSERVE  frontend->cartservice  rpr=0.0000  low=245 high=0  attempts=3  state=ON  metric=rpr
2026-10-07T12:39:49Z  OBSERVE  frontend->currencyservice  rpr=0.0000  low=245 high=0  attempts=3  state=ON  metric=rpr
2026-10-07T12:39:49Z  OBSERVE  frontend->productcatalogservice  rpr=0.0000  low=245 high=0  attempts=3  state=ON  metric=rpr
2026-10-07T12:39:49Z  OBSERVE  frontend->recommendationservice  rpr=0.0000  low=245 high=0  attempts=3  state=ON  metric=rpr
2026-10-07T12:39:49Z  OBSERVE  frontend->shippingservice  rpr=0.0000  low=244 high=0  attempts=3  state=ON  metric=rpr
2026-10-07T12:39:49Z  OBSERVE  checkoutservice->cartservice  rpr=0.0000  low=243 high=0  attempts=3  state=ON  metric=rpr
2026-10-07T12:39:49Z  OBSERVE  checkoutservice->currencyservice  rpr=0.0000  low=243 high=0  attempts=3  state=ON  metric=rpr
2026-10-07T12:39:49Z  OBSERVE  checkoutservice->emailservice  rpr=0.0000  low=241 high=0  attempts=3  state=ON  metric=rpr
2026-10-07T12:39:49Z  OBSERVE  checkoutservice->paymentservice  rpr=0.0000  low=243 high=0  attempts=3  state=ON  metric=rpr
2026-10-07T12:39:49Z  OBSERVE  checkoutservice->shippingservice  rpr=0.0000  low=243 high=0  attempts=3  state=ON  metric=rpr
2026-10-07T12:39:49Z  OBSERVE  recommendationservice->productcatalogservice  rpr=0.0000  low=244 high=0  attempts=3  state=ON  metric=rpr
2026-10-07T12:39:49Z  OBSERVE  checkoutservice  rejection=0.2208  low=0 high=5  state=OFF  metric=rejection
2026-10-07T12:39:50Z  OBSERVE  frontend->adservice  rpr=0.0000  low=245 high=0  attempts=3  state=ON  metric=rpr
2026-10-07T12:39:50Z  OBSERVE  frontend->cartservice  rpr=0.0000  low=246 high=0  attempts=3  state=ON  metric=rpr
2026-10-07T12:39:50Z  OBSERVE  frontend->currencyservice  rpr=0.0000  low=246 high=0  attempts=3  state=ON  metric=rpr
2026-10-07T12:39:50Z  OBSERVE  frontend->productcatalogservice  rpr=0.0000  low=246 high=0  attempts=3  state=ON  metric=rpr
2026-10-07T12:39:50Z  OBSERVE  frontend->recommendationservice  rpr=0.0000  low=246 high=0  attempts=3  state=ON  metric=rpr
2026-10-07T12:39:50Z  OBSERVE  frontend->shippingservice  rpr=0.0000  low=245 high=0  attempts=3  state=ON  metric=rpr
2026-10-07T12:39:50Z  OBSERVE  checkoutservice->cartservice  rpr=0.0000  low=244 high=0  attempts=3  state=ON  metric=rpr
2026-10-07T12:39:50Z  OBSERVE  checkoutservice->currencyservice  rpr=0.0000  low=244 high=0  attempts=3  state=ON  metric=rpr
2026-10-07T12:39:50Z  OBSERVE  checkoutservice->emailservice  rpr=0.0000  low=242 high=0  attempts=3  state=ON  metric=rpr
2026-10-07T12:39:50Z  OBSERVE  checkoutservice->paymentservice  rpr=0.0000  low=244 high=0  attempts=3  state=ON  metric=rpr
2026-10-07T12:39:50Z  OBSERVE  checkoutservice->shippingservice  rpr=0.0000  low=244 high=0  attempts=3  state=ON  metric=rpr
2026-10-07T12:39:50Z  OBSERVE  recommendationservice->productcatalogservice  rpr=0.0000  low=245 high=0  attempts=3  state=ON  metric=rpr
2026-10-07T12:39:50Z  OBSERVE  checkoutservice  rejection=0.2202  low=0 high=6  state=OFF  metric=rejection
2026-10-07T12:39:51Z  OBSERVE  frontend->adservice  rpr=0.0000  low=246 high=0  attempts=3  state=ON  metric=rpr
2026-10-07T12:39:51Z  OBSERVE  frontend->cartservice  rpr=0.0000  low=247 high=0  attempts=3  state=ON  metric=rpr
2026-10-07T12:39:51Z  OBSERVE  frontend->currencyservice  rpr=0.0000  low=247 high=0  attempts=3  state=ON  metric=rpr
2026-10-07T12:39:51Z  OBSERVE  frontend->productcatalogservice  rpr=0.0000  low=247 high=0  attempts=3  state=ON  metric=rpr
2026-10-07T12:39:51Z  OBSERVE  frontend->recommendationservice  rpr=0.0000  low=247 high=0  attempts=3  state=ON  metric=rpr
2026-10-07T12:39:51Z  OBSERVE  frontend->shippingservice  rpr=0.0000  low=246 high=0  attempts=3  state=ON  metric=rpr
2026-10-07T12:39:51Z  OBSERVE  checkoutservice->cartservice  rpr=0.0000  low=245 high=0  attempts=3  state=ON  metric=rpr
2026-10-07T12:39:51Z  OBSERVE  checkoutservice->currencyservice  rpr=0.0000  low=245 high=0  attempts=3  state=ON  metric=rpr
2026-10-07T12:39:51Z  OBSERVE  checkoutservice->emailservice  rpr=0.0000  low=243 high=0  attempts=3  state=ON  metric=rpr
2026-10-07T12:39:51Z  OBSERVE  checkoutservice->paymentservice  rpr=0.0000  low=245 high=0  attempts=3  state=ON  metric=rpr
2026-10-07T12:39:51Z  OBSERVE  checkoutservice->shippingservice  rpr=0.0000  low=245 high=0  attempts=3  state=ON  metric=rpr
2026-10-07T12:39:51Z  OBSERVE  recommendationservice->productcatalogservice  rpr=0.0000  low=246 high=0  attempts=3  state=ON  metric=rpr
2026-10-07T12:39:51Z  OBSERVE  checkoutservice  rejection=0.1778  low=0 high=7  state=OFF  metric=rejection
2026-10-07T12:39:52Z  OBSERVE  frontend->adservice  rpr=0.0000  low=247 high=0  attempts=3  state=ON  metric=rpr
2026-10-07T12:39:52Z  OBSERVE  frontend->cartservice  rpr=0.0000  low=248 high=0  attempts=3  state=ON  metric=rpr
2026-10-07T12:39:52Z  OBSERVE  frontend->currencyservice  rpr=0.0000  low=248 high=0  attempts=3  state=ON  metric=rpr
2026-10-07T12:39:52Z  OBSERVE  frontend->productcatalogservice  rpr=0.0000  low=248 high=0  attempts=3  state=ON  metric=rpr
2026-10-07T12:39:52Z  OBSERVE  frontend->recommendationservice  rpr=0.0000  low=248 high=0  attempts=3  state=ON  metric=rpr
2026-10-07T12:39:52Z  OBSERVE  frontend->shippingservice  rpr=0.0000  low=247 high=0  attempts=3  state=ON  metric=rpr
2026-10-07T12:39:52Z  OBSERVE  checkoutservice->cartservice  rpr=0.0000  low=246 high=0  attempts=3  state=ON  metric=rpr
2026-10-07T12:39:52Z  OBSERVE  checkoutservice->currencyservice  rpr=0.0000  low=246 high=0  attempts=3  state=ON  metric=rpr
2026-10-07T12:39:52Z  OBSERVE  checkoutservice->emailservice  rpr=0.0000  low=244 high=0  attempts=3  state=ON  metric=rpr
2026-10-07T12:39:52Z  OBSERVE  checkoutservice->paymentservice  rpr=0.0000  low=246 high=0  attempts=3  state=ON  metric=rpr
2026-10-07T12:39:52Z  OBSERVE  checkoutservice->shippingservice  rpr=0.0000  low=246 high=0  attempts=3  state=ON  metric=rpr
2026-10-07T12:39:52Z  OBSERVE  recommendationservice->productcatalogservice  rpr=0.0000  low=247 high=0  attempts=3  state=ON  metric=rpr
2026-10-07T12:39:52Z  OBSERVE  checkoutservice  rejection=0.1778  low=0 high=8  state=OFF  metric=rejection
2026-10-07T12:39:53Z  OBSERVE  frontend->adservice  rpr=0.0000  low=248 high=0  attempts=3  state=ON  metric=rpr
2026-10-07T12:39:53Z  OBSERVE  frontend->cartservice  rpr=0.0000  low=249 high=0  attempts=3  state=ON  metric=rpr
2026-10-07T12:39:53Z  OBSERVE  frontend->currencyservice  rpr=0.0000  low=249 high=0  attempts=3  state=ON  metric=rpr
2026-10-07T12:39:53Z  OBSERVE  frontend->productcatalogservice  rpr=0.0000  low=249 high=0  attempts=3  state=ON  metric=rpr
2026-10-07T12:39:53Z  OBSERVE  frontend->recommendationservice  rpr=0.0000  low=249 high=0  attempts=3  state=ON  metric=rpr
2026-10-07T12:39:53Z  OBSERVE  frontend->shippingservice  rpr=0.0000  low=248 high=0  attempts=3  state=ON  metric=rpr
2026-10-07T12:39:53Z  OBSERVE  checkoutservice->cartservice  rpr=0.0000  low=247 high=0  attempts=3  state=ON  metric=rpr
2026-10-07T12:39:53Z  OBSERVE  checkoutservice->currencyservice  rpr=0.0000  low=247 high=0  attempts=3  state=ON  metric=rpr
2026-10-07T12:39:53Z  OBSERVE  checkoutservice->emailservice  rpr=0.0000  low=245 high=0  attempts=3  state=ON  metric=rpr
2026-10-07T12:39:53Z  OBSERVE  checkoutservice->paymentservice  rpr=0.0000  low=247 high=0  attempts=3  state=ON  metric=rpr
2026-10-07T12:39:53Z  OBSERVE  checkoutservice->shippingservice  rpr=0.0000  low=247 high=0  attempts=3  state=ON  metric=rpr
2026-10-07T12:39:53Z  OBSERVE  recommendationservice->productcatalogservice  rpr=0.0000  low=248 high=0  attempts=3  state=ON  metric=rpr
2026-10-07T12:39:53Z  OBSERVE  checkoutservice  rejection=0.1882  low=0 high=9  state=OFF  metric=rejection
2026-10-07T12:39:54Z  OBSERVE  frontend->adservice  rpr=0.0000  low=249 high=0  attempts=3  state=ON  metric=rpr
2026-10-07T12:39:54Z  OBSERVE  frontend->cartservice  rpr=0.0000  low=250 high=0  attempts=3  state=ON  metric=rpr
2026-10-07T12:39:54Z  OBSERVE  frontend->currencyservice  rpr=0.0000  low=250 high=0  attempts=3  state=ON  metric=rpr
2026-10-07T12:39:54Z  OBSERVE  frontend->productcatalogservice  rpr=0.0000  low=250 high=0  attempts=3  state=ON  metric=rpr
2026-10-07T12:39:54Z  OBSERVE  frontend->recommendationservice  rpr=0.0000  low=250 high=0  attempts=3  state=ON  metric=rpr
2026-10-07T12:39:54Z  OBSERVE  frontend->shippingservice  rpr=0.0000  low=249 high=0  attempts=3  state=ON  metric=rpr
2026-10-07T12:39:54Z  OBSERVE  checkoutservice->cartservice  rpr=0.0000  low=248 high=0  attempts=3  state=ON  metric=rpr
2026-10-07T12:39:54Z  OBSERVE  checkoutservice->currencyservice  rpr=0.0000  low=248 high=0  attempts=3  state=ON  metric=rpr
2026-10-07T12:39:54Z  OBSERVE  checkoutservice->emailservice  rpr=0.0000  low=246 high=0  attempts=3  state=ON  metric=rpr
2026-10-07T12:39:54Z  OBSERVE  checkoutservice->paymentservice  rpr=0.0000  low=248 high=0  attempts=3  state=ON  metric=rpr
2026-10-07T12:39:54Z  OBSERVE  checkoutservice->shippingservice  rpr=0.0000  low=248 high=0  attempts=3  state=ON  metric=rpr
2026-10-07T12:39:54Z  OBSERVE  recommendationservice->productcatalogservice  rpr=0.0000  low=249 high=0  attempts=3  state=ON  metric=rpr
2026-10-07T12:39:54Z  OBSERVE  checkoutservice  rejection=0.0879  low=1 high=0  state=OFF  metric=rejection
2026-10-07T12:39:55Z  OBSERVE  frontend->adservice  rpr=0.0000  low=250 high=0  attempts=3  state=ON  metric=rpr
2026-10-07T12:39:55Z  OBSERVE  frontend->cartservice  rpr=0.0000  low=251 high=0  attempts=3  state=ON  metric=rpr
2026-10-07T12:39:55Z  OBSERVE  frontend->currencyservice  rpr=0.0000  low=251 high=0  attempts=3  state=ON  metric=rpr
2026-10-07T12:39:55Z  OBSERVE  frontend->productcatalogservice  rpr=0.0000  low=251 high=0  attempts=3  state=ON  metric=rpr
2026-10-07T12:39:55Z  OBSERVE  frontend->recommendationservice  rpr=0.0000  low=251 high=0  attempts=3  state=ON  metric=rpr
2026-10-07T12:39:55Z  OBSERVE  frontend->shippingservice  rpr=0.0000  low=250 high=0  attempts=3  state=ON  metric=rpr
2026-10-07T12:39:55Z  OBSERVE  checkoutservice->cartservice  rpr=0.0000  low=249 high=0  attempts=3  state=ON  metric=rpr
2026-10-07T12:39:55Z  OBSERVE  checkoutservice->currencyservice  rpr=0.0000  low=249 high=0  attempts=3  state=ON  metric=rpr
2026-10-07T12:39:55Z  OBSERVE  checkoutservice->emailservice  rpr=0.0000  low=247 high=0  attempts=3  state=ON  metric=rpr
2026-10-07T12:39:55Z  OBSERVE  checkoutservice->paymentservice  rpr=0.0000  low=249 high=0  attempts=3  state=ON  metric=rpr
2026-10-07T12:39:55Z  OBSERVE  checkoutservice->shippingservice  rpr=0.0000  low=249 high=0  attempts=3  state=ON  metric=rpr
2026-10-07T12:39:55Z  OBSERVE  recommendationservice->productcatalogservice  rpr=0.0000  low=250 high=0  attempts=3  state=ON  metric=rpr
2026-10-07T12:39:55Z  OBSERVE  checkoutservice  rejection=0.1711  low=0 high=1  state=OFF  metric=rejection
2026-10-07T12:39:56Z  OBSERVE  frontend->adservice  rpr=0.0000  low=251 high=0  attempts=3  state=ON  metric=rpr
2026-10-07T12:39:56Z  OBSERVE  frontend->cartservice  rpr=0.0000  low=252 high=0  attempts=3  state=ON  metric=rpr
2026-10-07T12:39:56Z  OBSERVE  frontend->currencyservice  rpr=0.0000  low=252 high=0  attempts=3  state=ON  metric=rpr
2026-10-07T12:39:56Z  OBSERVE  frontend->productcatalogservice  rpr=0.0000  low=252 high=0  attempts=3  state=ON  metric=rpr
2026-10-07T12:39:56Z  OBSERVE  frontend->recommendationservice  rpr=0.0000  low=252 high=0  attempts=3  state=ON  metric=rpr
2026-10-07T12:39:56Z  OBSERVE  frontend->shippingservice  rpr=0.0000  low=251 high=0  attempts=3  state=ON  metric=rpr
2026-10-07T12:39:56Z  OBSERVE  checkoutservice->cartservice  rpr=0.0000  low=250 high=0  attempts=3  state=ON  metric=rpr
2026-10-07T12:39:56Z  OBSERVE  checkoutservice->currencyservice  rpr=0.0000  low=250 high=0  attempts=3  state=ON  metric=rpr
2026-10-07T12:39:56Z  OBSERVE  checkoutservice->emailservice  rpr=0.0000  low=248 high=0  attempts=3  state=ON  metric=rpr
2026-10-07T12:39:56Z  OBSERVE  checkoutservice->paymentservice  rpr=0.0000  low=250 high=0  attempts=3  state=ON  metric=rpr
2026-10-07T12:39:56Z  OBSERVE  checkoutservice->shippingservice  rpr=0.0000  low=250 high=0  attempts=3  state=ON  metric=rpr
2026-10-07T12:39:56Z  OBSERVE  recommendationservice->productcatalogservice  rpr=0.0000  low=251 high=0  attempts=3  state=ON  metric=rpr
2026-10-07T12:39:56Z  OBSERVE  checkoutservice  rejection=0.1837  low=0 high=2  state=OFF  metric=rejection
2026-10-07T12:39:57Z  OBSERVE  frontend->adservice  rpr=0.0000  low=252 high=0  attempts=3  state=ON  metric=rpr
2026-10-07T12:39:57Z  OBSERVE  frontend->cartservice  rpr=0.0000  low=253 high=0  attempts=3  state=ON  metric=rpr
2026-10-07T12:39:57Z  OBSERVE  frontend->currencyservice  rpr=0.0000  low=253 high=0  attempts=3  state=ON  metric=rpr
2026-10-07T12:39:57Z  OBSERVE  frontend->productcatalogservice  rpr=0.0000  low=253 high=0  attempts=3  state=ON  metric=rpr
2026-10-07T12:39:57Z  OBSERVE  frontend->recommendationservice  rpr=0.0000  low=253 high=0  attempts=3  state=ON  metric=rpr
2026-10-07T12:39:57Z  OBSERVE  frontend->shippingservice  rpr=0.0000  low=252 high=0  attempts=3  state=ON  metric=rpr
2026-10-07T12:39:57Z  OBSERVE  checkoutservice->cartservice  rpr=0.0000  low=251 high=0  attempts=3  state=ON  metric=rpr
2026-10-07T12:39:57Z  OBSERVE  checkoutservice->currencyservice  rpr=0.0000  low=251 high=0  attempts=3  state=ON  metric=rpr
2026-10-07T12:39:57Z  OBSERVE  checkoutservice->emailservice  rpr=0.0000  low=249 high=0  attempts=3  state=ON  metric=rpr
2026-10-07T12:39:57Z  OBSERVE  checkoutservice->paymentservice  rpr=0.0000  low=251 high=0  attempts=3  state=ON  metric=rpr
2026-10-07T12:39:57Z  OBSERVE  checkoutservice->shippingservice  rpr=0.0000  low=251 high=0  attempts=3  state=ON  metric=rpr
2026-10-07T12:39:57Z  OBSERVE  recommendationservice->productcatalogservice  rpr=0.0000  low=252 high=0  attempts=3  state=ON  metric=rpr
2026-10-07T12:39:57Z  OBSERVE  checkoutservice  rejection=0.1200  low=0 high=3  state=OFF  metric=rejection
2026-10-07T12:39:58Z  OBSERVE  frontend->adservice  rpr=0.0000  low=253 high=0  attempts=3  state=ON  metric=rpr
2026-10-07T12:39:58Z  OBSERVE  frontend->cartservice  rpr=0.0000  low=254 high=0  attempts=3  state=ON  metric=rpr
2026-10-07T12:39:58Z  OBSERVE  frontend->currencyservice  rpr=0.0000  low=254 high=0  attempts=3  state=ON  metric=rpr
2026-10-07T12:39:58Z  OBSERVE  frontend->productcatalogservice  rpr=0.0000  low=254 high=0  attempts=3  state=ON  metric=rpr
2026-10-07T12:39:58Z  OBSERVE  frontend->recommendationservice  rpr=0.0000  low=254 high=0  attempts=3  state=ON  metric=rpr
2026-10-07T12:39:58Z  OBSERVE  frontend->shippingservice  rpr=0.0000  low=253 high=0  attempts=3  state=ON  metric=rpr
2026-10-07T12:39:58Z  OBSERVE  checkoutservice->cartservice  rpr=0.0000  low=252 high=0  attempts=3  state=ON  metric=rpr
2026-10-07T12:39:58Z  OBSERVE  checkoutservice->currencyservice  rpr=0.0000  low=252 high=0  attempts=3  state=ON  metric=rpr
2026-10-07T12:39:58Z  OBSERVE  checkoutservice->emailservice  rpr=0.0000  low=250 high=0  attempts=3  state=ON  metric=rpr
2026-10-07T12:39:58Z  OBSERVE  checkoutservice->paymentservice  rpr=0.0000  low=252 high=0  attempts=3  state=ON  metric=rpr
2026-10-07T12:39:58Z  OBSERVE  checkoutservice->shippingservice  rpr=0.0000  low=252 high=0  attempts=3  state=ON  metric=rpr
2026-10-07T12:39:58Z  OBSERVE  recommendationservice->productcatalogservice  rpr=0.0000  low=253 high=0  attempts=3  state=ON  metric=rpr
2026-10-07T12:39:58Z  OBSERVE  checkoutservice  rejection=0.2386  low=0 high=4  state=OFF  metric=rejection
2026-10-07T12:39:59Z  OBSERVE  frontend->adservice  rpr=0.0000  low=254 high=0  attempts=3  state=ON  metric=rpr
2026-10-07T12:39:59Z  OBSERVE  frontend->cartservice  rpr=0.0000  low=255 high=0  attempts=3  state=ON  metric=rpr
2026-10-07T12:39:59Z  OBSERVE  frontend->currencyservice  rpr=0.0000  low=255 high=0  attempts=3  state=ON  metric=rpr
2026-10-07T12:39:59Z  OBSERVE  frontend->productcatalogservice  rpr=0.0000  low=255 high=0  attempts=3  state=ON  metric=rpr
2026-10-07T12:39:59Z  OBSERVE  frontend->recommendationservice  rpr=0.0000  low=255 high=0  attempts=3  state=ON  metric=rpr
2026-10-07T12:39:59Z  OBSERVE  frontend->shippingservice  rpr=0.0000  low=254 high=0  attempts=3  state=ON  metric=rpr
2026-10-07T12:39:59Z  OBSERVE  checkoutservice->cartservice  rpr=0.0000  low=253 high=0  attempts=3  state=ON  metric=rpr
2026-10-07T12:39:59Z  OBSERVE  checkoutservice->currencyservice  rpr=0.0000  low=253 high=0  attempts=3  state=ON  metric=rpr
2026-10-07T12:39:59Z  OBSERVE  checkoutservice->emailservice  rpr=0.0000  low=251 high=0  attempts=3  state=ON  metric=rpr
2026-10-07T12:39:59Z  OBSERVE  checkoutservice->paymentservice  rpr=0.0000  low=253 high=0  attempts=3  state=ON  metric=rpr
2026-10-07T12:39:59Z  OBSERVE  checkoutservice->shippingservice  rpr=0.0000  low=253 high=0  attempts=3  state=ON  metric=rpr
2026-10-07T12:39:59Z  OBSERVE  recommendationservice->productcatalogservice  rpr=0.0000  low=254 high=0  attempts=3  state=ON  metric=rpr
2026-10-07T12:39:59Z  OBSERVE  checkoutservice  rejection=0.2637  low=0 high=5  state=OFF  metric=rejection
2026-10-07T12:40:00Z  OBSERVE  frontend->adservice  rpr=0.0000  low=255 high=0  attempts=3  state=ON  metric=rpr
2026-10-07T12:40:00Z  OBSERVE  frontend->cartservice  rpr=0.0000  low=256 high=0  attempts=3  state=ON  metric=rpr
2026-10-07T12:40:00Z  OBSERVE  frontend->currencyservice  rpr=0.0000  low=256 high=0  attempts=3  state=ON  metric=rpr
2026-10-07T12:40:00Z  OBSERVE  frontend->productcatalogservice  rpr=0.0000  low=256 high=0  attempts=3  state=ON  metric=rpr
2026-10-07T12:40:00Z  OBSERVE  frontend->recommendationservice  rpr=0.0000  low=256 high=0  attempts=3  state=ON  metric=rpr
2026-10-07T12:40:00Z  OBSERVE  frontend->shippingservice  rpr=0.0000  low=255 high=0  attempts=3  state=ON  metric=rpr
2026-10-07T12:40:00Z  OBSERVE  checkoutservice->cartservice  rpr=0.0000  low=254 high=0  attempts=3  state=ON  metric=rpr
2026-10-07T12:40:00Z  OBSERVE  checkoutservice->currencyservice  rpr=0.0000  low=254 high=0  attempts=3  state=ON  metric=rpr
2026-10-07T12:40:00Z  OBSERVE  checkoutservice->emailservice  rpr=0.0000  low=252 high=0  attempts=3  state=ON  metric=rpr
2026-10-07T12:40:00Z  OBSERVE  checkoutservice->paymentservice  rpr=0.0000  low=254 high=0  attempts=3  state=ON  metric=rpr
2026-10-07T12:40:00Z  OBSERVE  checkoutservice->shippingservice  rpr=0.0000  low=254 high=0  attempts=3  state=ON  metric=rpr
2026-10-07T12:40:00Z  OBSERVE  recommendationservice->productcatalogservice  rpr=0.0000  low=255 high=0  attempts=3  state=ON  metric=rpr
2026-10-07T12:40:00Z  OBSERVE  checkoutservice  rejection=0.0957  low=1 high=0  state=OFF  metric=rejection
2026-10-07T12:40:01Z  OBSERVE  frontend->adservice  rpr=0.0000  low=256 high=0  attempts=3  state=ON  metric=rpr
2026-10-07T12:40:01Z  OBSERVE  frontend->cartservice  rpr=0.0000  low=257 high=0  attempts=3  state=ON  metric=rpr
2026-10-07T12:40:01Z  OBSERVE  frontend->currencyservice  rpr=0.0000  low=257 high=0  attempts=3  state=ON  metric=rpr
2026-10-07T12:40:01Z  OBSERVE  frontend->productcatalogservice  rpr=0.0000  low=257 high=0  attempts=3  state=ON  metric=rpr
2026-10-07T12:40:01Z  OBSERVE  frontend->recommendationservice  rpr=0.0000  low=257 high=0  attempts=3  state=ON  metric=rpr
2026-10-07T12:40:01Z  OBSERVE  frontend->shippingservice  rpr=0.0000  low=256 high=0  attempts=3  state=ON  metric=rpr
2026-10-07T12:40:01Z  OBSERVE  checkoutservice->cartservice  rpr=0.0000  low=255 high=0  attempts=3  state=ON  metric=rpr
2026-10-07T12:40:01Z  OBSERVE  checkoutservice->currencyservice  rpr=0.0000  low=255 high=0  attempts=3  state=ON  metric=rpr
2026-10-07T12:40:01Z  OBSERVE  checkoutservice->emailservice  rpr=0.0000  low=253 high=0  attempts=3  state=ON  metric=rpr
2026-10-07T12:40:01Z  OBSERVE  checkoutservice->paymentservice  rpr=0.0000  low=255 high=0  attempts=3  state=ON  metric=rpr
2026-10-07T12:40:01Z  OBSERVE  checkoutservice->shippingservice  rpr=0.0000  low=255 high=0  attempts=3  state=ON  metric=rpr
2026-10-07T12:40:01Z  OBSERVE  recommendationservice->productcatalogservice  rpr=0.0000  low=256 high=0  attempts=3  state=ON  metric=rpr
2026-10-07T12:40:01Z  OBSERVE  checkoutservice  rejection=0.2381  low=0 high=1  state=OFF  metric=rejection
2026-10-07T12:40:02Z  OBSERVE  frontend->adservice  rpr=0.0000  low=257 high=0  attempts=3  state=ON  metric=rpr
2026-10-07T12:40:02Z  OBSERVE  frontend->cartservice  rpr=0.0000  low=258 high=0  attempts=3  state=ON  metric=rpr
2026-10-07T12:40:02Z  OBSERVE  frontend->currencyservice  rpr=0.0000  low=258 high=0  attempts=3  state=ON  metric=rpr
2026-10-07T12:40:02Z  OBSERVE  frontend->productcatalogservice  rpr=0.0000  low=258 high=0  attempts=3  state=ON  metric=rpr
2026-10-07T12:40:02Z  OBSERVE  frontend->recommendationservice  rpr=0.0000  low=258 high=0  attempts=3  state=ON  metric=rpr
2026-10-07T12:40:02Z  OBSERVE  frontend->shippingservice  rpr=0.0000  low=257 high=0  attempts=3  state=ON  metric=rpr
2026-10-07T12:40:02Z  OBSERVE  checkoutservice->cartservice  rpr=0.0000  low=256 high=0  attempts=3  state=ON  metric=rpr
2026-10-07T12:40:02Z  OBSERVE  checkoutservice->currencyservice  rpr=0.0000  low=256 high=0  attempts=3  state=ON  metric=rpr
2026-10-07T12:40:02Z  OBSERVE  checkoutservice->emailservice  rpr=0.0000  low=254 high=0  attempts=3  state=ON  metric=rpr
2026-10-07T12:40:02Z  OBSERVE  checkoutservice->paymentservice  rpr=0.0000  low=256 high=0  attempts=3  state=ON  metric=rpr
2026-10-07T12:40:02Z  OBSERVE  checkoutservice->shippingservice  rpr=0.0000  low=256 high=0  attempts=3  state=ON  metric=rpr
2026-10-07T12:40:02Z  OBSERVE  recommendationservice->productcatalogservice  rpr=0.0000  low=257 high=0  attempts=3  state=ON  metric=rpr
2026-10-07T12:40:02Z  OBSERVE  checkoutservice  rejection=0.1546  low=0 high=2  state=OFF  metric=rejection
2026-10-07T12:40:03Z  OBSERVE  frontend->adservice  rpr=0.0000  low=258 high=0  attempts=3  state=ON  metric=rpr
2026-10-07T12:40:03Z  OBSERVE  frontend->cartservice  rpr=0.0000  low=259 high=0  attempts=3  state=ON  metric=rpr
2026-10-07T12:40:03Z  OBSERVE  frontend->currencyservice  rpr=0.0000  low=259 high=0  attempts=3  state=ON  metric=rpr
2026-10-07T12:40:03Z  OBSERVE  frontend->productcatalogservice  rpr=0.0000  low=259 high=0  attempts=3  state=ON  metric=rpr
2026-10-07T12:40:03Z  OBSERVE  frontend->recommendationservice  rpr=0.0000  low=259 high=0  attempts=3  state=ON  metric=rpr
2026-10-07T12:40:03Z  OBSERVE  frontend->shippingservice  rpr=0.0000  low=258 high=0  attempts=3  state=ON  metric=rpr
2026-10-07T12:40:03Z  OBSERVE  checkoutservice->cartservice  rpr=0.0000  low=257 high=0  attempts=3  state=ON  metric=rpr
2026-10-07T12:40:03Z  OBSERVE  checkoutservice->currencyservice  rpr=0.0000  low=257 high=0  attempts=3  state=ON  metric=rpr
2026-10-07T12:40:03Z  OBSERVE  checkoutservice->emailservice  rpr=0.0000  low=255 high=0  attempts=3  state=ON  metric=rpr
2026-10-07T12:40:03Z  OBSERVE  checkoutservice->paymentservice  rpr=0.0000  low=257 high=0  attempts=3  state=ON  metric=rpr
2026-10-07T12:40:03Z  OBSERVE  checkoutservice->shippingservice  rpr=0.0000  low=257 high=0  attempts=3  state=ON  metric=rpr
2026-10-07T12:40:03Z  OBSERVE  recommendationservice->productcatalogservice  rpr=0.0000  low=258 high=0  attempts=3  state=ON  metric=rpr
2026-10-07T12:40:03Z  OBSERVE  checkoutservice  rejection=0.3253  low=0 high=3  state=OFF  metric=rejection
2026-10-07T12:40:04Z  OBSERVE  frontend->adservice  rpr=0.0000  low=259 high=0  attempts=3  state=ON  metric=rpr
2026-10-07T12:40:04Z  OBSERVE  frontend->cartservice  rpr=0.0000  low=260 high=0  attempts=3  state=ON  metric=rpr
2026-10-07T12:40:04Z  OBSERVE  frontend->currencyservice  rpr=0.0000  low=260 high=0  attempts=3  state=ON  metric=rpr
2026-10-07T12:40:04Z  OBSERVE  frontend->productcatalogservice  rpr=0.0000  low=260 high=0  attempts=3  state=ON  metric=rpr
2026-10-07T12:40:04Z  OBSERVE  frontend->recommendationservice  rpr=0.0000  low=260 high=0  attempts=3  state=ON  metric=rpr
2026-10-07T12:40:04Z  OBSERVE  frontend->shippingservice  rpr=0.0000  low=259 high=0  attempts=3  state=ON  metric=rpr
2026-10-07T12:40:04Z  OBSERVE  checkoutservice->cartservice  rpr=0.0000  low=258 high=0  attempts=3  state=ON  metric=rpr
2026-10-07T12:40:04Z  OBSERVE  checkoutservice->currencyservice  rpr=0.0000  low=258 high=0  attempts=3  state=ON  metric=rpr
2026-10-07T12:40:04Z  OBSERVE  checkoutservice->emailservice  rpr=0.0000  low=256 high=0  attempts=3  state=ON  metric=rpr
2026-10-07T12:40:04Z  OBSERVE  checkoutservice->paymentservice  rpr=0.0000  low=258 high=0  attempts=3  state=ON  metric=rpr
2026-10-07T12:40:04Z  OBSERVE  checkoutservice->shippingservice  rpr=0.0000  low=258 high=0  attempts=3  state=ON  metric=rpr
2026-10-07T12:40:04Z  OBSERVE  recommendationservice->productcatalogservice  rpr=0.0000  low=259 high=0  attempts=3  state=ON  metric=rpr
2026-10-07T12:40:04Z  OBSERVE  checkoutservice  rejection=0.1975  low=0 high=4  state=OFF  metric=rejection
2026-10-07T12:40:05Z  OBSERVE  frontend->adservice  rpr=0.0000  low=260 high=0  attempts=3  state=ON  metric=rpr
2026-10-07T12:40:05Z  OBSERVE  frontend->cartservice  rpr=0.0000  low=261 high=0  attempts=3  state=ON  metric=rpr
2026-10-07T12:40:05Z  OBSERVE  frontend->currencyservice  rpr=0.0000  low=261 high=0  attempts=3  state=ON  metric=rpr
2026-10-07T12:40:05Z  OBSERVE  frontend->productcatalogservice  rpr=0.0000  low=261 high=0  attempts=3  state=ON  metric=rpr
2026-10-07T12:40:05Z  OBSERVE  frontend->recommendationservice  rpr=0.0000  low=261 high=0  attempts=3  state=ON  metric=rpr
2026-10-07T12:40:05Z  OBSERVE  frontend->shippingservice  rpr=0.0000  low=260 high=0  attempts=3  state=ON  metric=rpr
2026-10-07T12:40:05Z  OBSERVE  checkoutservice->cartservice  rpr=0.0000  low=259 high=0  attempts=3  state=ON  metric=rpr
2026-10-07T12:40:05Z  OBSERVE  checkoutservice->currencyservice  rpr=0.0000  low=259 high=0  attempts=3  state=ON  metric=rpr
2026-10-07T12:40:05Z  OBSERVE  checkoutservice->emailservice  rpr=0.0000  low=257 high=0  attempts=3  state=ON  metric=rpr
2026-10-07T12:40:05Z  OBSERVE  checkoutservice->paymentservice  rpr=0.0000  low=259 high=0  attempts=3  state=ON  metric=rpr
2026-10-07T12:40:05Z  OBSERVE  checkoutservice->shippingservice  rpr=0.0000  low=259 high=0  attempts=3  state=ON  metric=rpr
2026-10-07T12:40:05Z  OBSERVE  recommendationservice->productcatalogservice  rpr=0.0000  low=260 high=0  attempts=3  state=ON  metric=rpr
2026-10-07T12:40:05Z  OBSERVE  checkoutservice  rejection=0.0625  low=1 high=0  state=OFF  metric=rejection
2026-10-07T12:40:06Z  OBSERVE  frontend->adservice  rpr=0.0000  low=261 high=0  attempts=3  state=ON  metric=rpr
2026-10-07T12:40:06Z  OBSERVE  frontend->cartservice  rpr=0.0000  low=262 high=0  attempts=3  state=ON  metric=rpr
2026-10-07T12:40:06Z  OBSERVE  frontend->currencyservice  rpr=0.0000  low=262 high=0  attempts=3  state=ON  metric=rpr
2026-10-07T12:40:06Z  OBSERVE  frontend->productcatalogservice  rpr=0.0000  low=262 high=0  attempts=3  state=ON  metric=rpr
2026-10-07T12:40:06Z  OBSERVE  frontend->recommendationservice  rpr=0.0000  low=262 high=0  attempts=3  state=ON  metric=rpr
2026-10-07T12:40:06Z  OBSERVE  frontend->shippingservice  rpr=0.0000  low=261 high=0  attempts=3  state=ON  metric=rpr
2026-10-07T12:40:06Z  OBSERVE  checkoutservice->cartservice  rpr=0.0000  low=260 high=0  attempts=3  state=ON  metric=rpr
2026-10-07T12:40:06Z  OBSERVE  checkoutservice->currencyservice  rpr=0.0000  low=260 high=0  attempts=3  state=ON  metric=rpr
2026-10-07T12:40:06Z  OBSERVE  checkoutservice->emailservice  rpr=0.0000  low=258 high=0  attempts=3  state=ON  metric=rpr
2026-10-07T12:40:06Z  OBSERVE  checkoutservice->paymentservice  rpr=0.0000  low=260 high=0  attempts=3  state=ON  metric=rpr
2026-10-07T12:40:06Z  OBSERVE  checkoutservice->shippingservice  rpr=0.0000  low=260 high=0  attempts=3  state=ON  metric=rpr
2026-10-07T12:40:06Z  OBSERVE  recommendationservice->productcatalogservice  rpr=0.0000  low=261 high=0  attempts=3  state=ON  metric=rpr
2026-10-07T12:40:06Z  OBSERVE  checkoutservice  rejection=0.2907  low=0 high=1  state=OFF  metric=rejection
2026-10-07T12:40:07Z  OBSERVE  frontend->adservice  rpr=0.0000  low=262 high=0  attempts=3  state=ON  metric=rpr
2026-10-07T12:40:07Z  OBSERVE  frontend->cartservice  rpr=0.0000  low=263 high=0  attempts=3  state=ON  metric=rpr
2026-10-07T12:40:07Z  OBSERVE  frontend->currencyservice  rpr=0.0000  low=263 high=0  attempts=3  state=ON  metric=rpr
2026-10-07T12:40:07Z  OBSERVE  frontend->productcatalogservice  rpr=0.0000  low=263 high=0  attempts=3  state=ON  metric=rpr
2026-10-07T12:40:07Z  OBSERVE  frontend->recommendationservice  rpr=0.0000  low=263 high=0  attempts=3  state=ON  metric=rpr
2026-10-07T12:40:07Z  OBSERVE  frontend->shippingservice  rpr=0.0000  low=262 high=0  attempts=3  state=ON  metric=rpr
2026-10-07T12:40:07Z  OBSERVE  checkoutservice->cartservice  rpr=0.0000  low=261 high=0  attempts=3  state=ON  metric=rpr
2026-10-07T12:40:07Z  OBSERVE  checkoutservice->currencyservice  rpr=0.0000  low=261 high=0  attempts=3  state=ON  metric=rpr
2026-10-07T12:40:07Z  OBSERVE  checkoutservice->emailservice  rpr=0.0000  low=259 high=0  attempts=3  state=ON  metric=rpr
2026-10-07T12:40:07Z  OBSERVE  checkoutservice->paymentservice  rpr=0.0000  low=261 high=0  attempts=3  state=ON  metric=rpr
2026-10-07T12:40:07Z  OBSERVE  checkoutservice->shippingservice  rpr=0.0000  low=261 high=0  attempts=3  state=ON  metric=rpr
2026-10-07T12:40:07Z  OBSERVE  recommendationservice->productcatalogservice  rpr=0.0000  low=262 high=0  attempts=3  state=ON  metric=rpr
2026-10-07T12:40:07Z  OBSERVE  checkoutservice  rejection=0.3421  low=0 high=2  state=OFF  metric=rejection
2026-10-07T12:40:08Z  OBSERVE  frontend->adservice  rpr=0.0000  low=263 high=0  attempts=3  state=ON  metric=rpr
2026-10-07T12:40:08Z  OBSERVE  frontend->cartservice  rpr=0.0000  low=264 high=0  attempts=3  state=ON  metric=rpr
2026-10-07T12:40:08Z  OBSERVE  frontend->currencyservice  rpr=0.0000  low=264 high=0  attempts=3  state=ON  metric=rpr
2026-10-07T12:40:08Z  OBSERVE  frontend->productcatalogservice  rpr=0.0000  low=264 high=0  attempts=3  state=ON  metric=rpr
2026-10-07T12:40:08Z  OBSERVE  frontend->recommendationservice  rpr=0.0000  low=264 high=0  attempts=3  state=ON  metric=rpr
2026-10-07T12:40:08Z  OBSERVE  frontend->shippingservice  rpr=0.0000  low=263 high=0  attempts=3  state=ON  metric=rpr
2026-10-07T12:40:08Z  OBSERVE  checkoutservice->cartservice  rpr=0.0000  low=262 high=0  attempts=3  state=ON  metric=rpr
2026-10-07T12:40:08Z  OBSERVE  checkoutservice->currencyservice  rpr=0.0000  low=262 high=0  attempts=3  state=ON  metric=rpr
2026-10-07T12:40:08Z  OBSERVE  checkoutservice->emailservice  rpr=0.0000  low=260 high=0  attempts=3  state=ON  metric=rpr
2026-10-07T12:40:08Z  OBSERVE  checkoutservice->paymentservice  rpr=0.0000  low=262 high=0  attempts=3  state=ON  metric=rpr
2026-10-07T12:40:08Z  OBSERVE  checkoutservice->shippingservice  rpr=0.0000  low=262 high=0  attempts=3  state=ON  metric=rpr
2026-10-07T12:40:08Z  OBSERVE  recommendationservice->productcatalogservice  rpr=0.0000  low=263 high=0  attempts=3  state=ON  metric=rpr
2026-10-07T12:40:08Z  OBSERVE  checkoutservice  rejection=0.3474  low=0 high=3  state=OFF  metric=rejection
2026-10-07T12:40:09Z  OBSERVE  frontend->adservice  rpr=0.0000  low=264 high=0  attempts=3  state=ON  metric=rpr
2026-10-07T12:40:09Z  OBSERVE  frontend->cartservice  rpr=0.0000  low=265 high=0  attempts=3  state=ON  metric=rpr
2026-10-07T12:40:09Z  OBSERVE  frontend->currencyservice  rpr=0.0000  low=265 high=0  attempts=3  state=ON  metric=rpr
2026-10-07T12:40:09Z  OBSERVE  frontend->productcatalogservice  rpr=0.0000  low=265 high=0  attempts=3  state=ON  metric=rpr
2026-10-07T12:40:09Z  OBSERVE  frontend->recommendationservice  rpr=0.0000  low=265 high=0  attempts=3  state=ON  metric=rpr
2026-10-07T12:40:09Z  OBSERVE  frontend->shippingservice  rpr=0.0000  low=264 high=0  attempts=3  state=ON  metric=rpr
2026-10-07T12:40:09Z  OBSERVE  checkoutservice->cartservice  rpr=0.0000  low=263 high=0  attempts=3  state=ON  metric=rpr
2026-10-07T12:40:09Z  OBSERVE  checkoutservice->currencyservice  rpr=0.0000  low=263 high=0  attempts=3  state=ON  metric=rpr
2026-10-07T12:40:09Z  OBSERVE  checkoutservice->emailservice  rpr=0.0000  low=261 high=0  attempts=3  state=ON  metric=rpr
2026-10-07T12:40:09Z  OBSERVE  checkoutservice->paymentservice  rpr=0.0000  low=263 high=0  attempts=3  state=ON  metric=rpr
2026-10-07T12:40:09Z  OBSERVE  checkoutservice->shippingservice  rpr=0.0000  low=263 high=0  attempts=3  state=ON  metric=rpr
2026-10-07T12:40:09Z  OBSERVE  recommendationservice->productcatalogservice  rpr=0.0000  low=264 high=0  attempts=3  state=ON  metric=rpr
2026-10-07T12:40:09Z  OBSERVE  checkoutservice  rejection=0.3750  low=0 high=4  state=OFF  metric=rejection
2026-10-07T12:40:10Z  OBSERVE  frontend->adservice  rpr=0.0000  low=265 high=0  attempts=3  state=ON  metric=rpr
2026-10-07T12:40:10Z  OBSERVE  frontend->cartservice  rpr=0.0000  low=266 high=0  attempts=3  state=ON  metric=rpr
2026-10-07T12:40:10Z  OBSERVE  frontend->currencyservice  rpr=0.0000  low=266 high=0  attempts=3  state=ON  metric=rpr
2026-10-07T12:40:10Z  OBSERVE  frontend->productcatalogservice  rpr=0.0000  low=266 high=0  attempts=3  state=ON  metric=rpr
2026-10-07T12:40:10Z  OBSERVE  frontend->recommendationservice  rpr=0.0000  low=266 high=0  attempts=3  state=ON  metric=rpr
2026-10-07T12:40:10Z  OBSERVE  frontend->shippingservice  rpr=0.0000  low=265 high=0  attempts=3  state=ON  metric=rpr
2026-10-07T12:40:10Z  OBSERVE  checkoutservice->cartservice  rpr=0.0000  low=264 high=0  attempts=3  state=ON  metric=rpr
2026-10-07T12:40:10Z  OBSERVE  checkoutservice->currencyservice  rpr=0.0000  low=264 high=0  attempts=3  state=ON  metric=rpr
2026-10-07T12:40:10Z  OBSERVE  checkoutservice->emailservice  rpr=0.0000  low=262 high=0  attempts=3  state=ON  metric=rpr
2026-10-07T12:40:10Z  OBSERVE  checkoutservice->paymentservice  rpr=0.0000  low=264 high=0  attempts=3  state=ON  metric=rpr
2026-10-07T12:40:10Z  OBSERVE  checkoutservice->shippingservice  rpr=0.0000  low=264 high=0  attempts=3  state=ON  metric=rpr
2026-10-07T12:40:10Z  OBSERVE  recommendationservice->productcatalogservice  rpr=0.0000  low=265 high=0  attempts=3  state=ON  metric=rpr
2026-10-07T12:40:10Z  OBSERVE  checkoutservice  rejection=0.1848  low=0 high=5  state=OFF  metric=rejection
2026-10-07T12:40:11Z  OBSERVE  frontend->adservice  rpr=0.0000  low=266 high=0  attempts=3  state=ON  metric=rpr
2026-10-07T12:40:11Z  OBSERVE  frontend->cartservice  rpr=0.0000  low=267 high=0  attempts=3  state=ON  metric=rpr
2026-10-07T12:40:11Z  OBSERVE  frontend->currencyservice  rpr=0.0000  low=267 high=0  attempts=3  state=ON  metric=rpr
2026-10-07T12:40:11Z  OBSERVE  frontend->productcatalogservice  rpr=0.0000  low=267 high=0  attempts=3  state=ON  metric=rpr
2026-10-07T12:40:11Z  OBSERVE  frontend->recommendationservice  rpr=0.0000  low=267 high=0  attempts=3  state=ON  metric=rpr
2026-10-07T12:40:11Z  OBSERVE  frontend->shippingservice  rpr=0.0000  low=266 high=0  attempts=3  state=ON  metric=rpr
2026-10-07T12:40:11Z  OBSERVE  checkoutservice->cartservice  rpr=0.0000  low=265 high=0  attempts=3  state=ON  metric=rpr
2026-10-07T12:40:11Z  OBSERVE  checkoutservice->currencyservice  rpr=0.0000  low=265 high=0  attempts=3  state=ON  metric=rpr
2026-10-07T12:40:11Z  OBSERVE  checkoutservice->emailservice  rpr=0.0000  low=263 high=0  attempts=3  state=ON  metric=rpr
2026-10-07T12:40:11Z  OBSERVE  checkoutservice->paymentservice  rpr=0.0000  low=265 high=0  attempts=3  state=ON  metric=rpr
2026-10-07T12:40:11Z  OBSERVE  checkoutservice->shippingservice  rpr=0.0000  low=265 high=0  attempts=3  state=ON  metric=rpr
2026-10-07T12:40:11Z  OBSERVE  recommendationservice->productcatalogservice  rpr=0.0000  low=266 high=0  attempts=3  state=ON  metric=rpr
2026-10-07T12:40:11Z  OBSERVE  checkoutservice  rejection=0.1224  low=0 high=6  state=OFF  metric=rejection
2026-10-07T12:40:12Z  OBSERVE  frontend->adservice  rpr=0.0000  low=267 high=0  attempts=3  state=ON  metric=rpr
2026-10-07T12:40:12Z  OBSERVE  frontend->cartservice  rpr=0.0000  low=268 high=0  attempts=3  state=ON  metric=rpr
2026-10-07T12:40:12Z  OBSERVE  frontend->currencyservice  rpr=0.0000  low=268 high=0  attempts=3  state=ON  metric=rpr
2026-10-07T12:40:12Z  OBSERVE  frontend->productcatalogservice  rpr=0.0000  low=268 high=0  attempts=3  state=ON  metric=rpr
2026-10-07T12:40:12Z  OBSERVE  frontend->recommendationservice  rpr=0.0000  low=268 high=0  attempts=3  state=ON  metric=rpr
2026-10-07T12:40:12Z  OBSERVE  frontend->shippingservice  rpr=0.0000  low=267 high=0  attempts=3  state=ON  metric=rpr
2026-10-07T12:40:12Z  OBSERVE  checkoutservice->cartservice  rpr=0.0000  low=266 high=0  attempts=3  state=ON  metric=rpr
2026-10-07T12:40:12Z  OBSERVE  checkoutservice->currencyservice  rpr=0.0000  low=266 high=0  attempts=3  state=ON  metric=rpr
2026-10-07T12:40:12Z  OBSERVE  checkoutservice->emailservice  rpr=0.0000  low=264 high=0  attempts=3  state=ON  metric=rpr
2026-10-07T12:40:12Z  OBSERVE  checkoutservice->paymentservice  rpr=0.0000  low=266 high=0  attempts=3  state=ON  metric=rpr
2026-10-07T12:40:12Z  OBSERVE  checkoutservice->shippingservice  rpr=0.0000  low=266 high=0  attempts=3  state=ON  metric=rpr
2026-10-07T12:40:12Z  OBSERVE  recommendationservice->productcatalogservice  rpr=0.0000  low=267 high=0  attempts=3  state=ON  metric=rpr
2026-10-07T12:40:12Z  OBSERVE  checkoutservice  rejection=0.1538  low=0 high=7  state=OFF  metric=rejection
2026-10-07T12:40:13Z  OBSERVE  frontend->adservice  rpr=0.0000  low=268 high=0  attempts=3  state=ON  metric=rpr
2026-10-07T12:40:13Z  OBSERVE  frontend->cartservice  rpr=0.0000  low=269 high=0  attempts=3  state=ON  metric=rpr
2026-10-07T12:40:13Z  OBSERVE  frontend->currencyservice  rpr=0.0000  low=269 high=0  attempts=3  state=ON  metric=rpr
2026-10-07T12:40:13Z  OBSERVE  frontend->productcatalogservice  rpr=0.0000  low=269 high=0  attempts=3  state=ON  metric=rpr
2026-10-07T12:40:13Z  OBSERVE  frontend->recommendationservice  rpr=0.0000  low=269 high=0  attempts=3  state=ON  metric=rpr
2026-10-07T12:40:13Z  OBSERVE  frontend->shippingservice  rpr=0.0000  low=268 high=0  attempts=3  state=ON  metric=rpr
2026-10-07T12:40:13Z  OBSERVE  checkoutservice->cartservice  rpr=0.0000  low=267 high=0  attempts=3  state=ON  metric=rpr
2026-10-07T12:40:13Z  OBSERVE  checkoutservice->currencyservice  rpr=0.0000  low=267 high=0  attempts=3  state=ON  metric=rpr
2026-10-07T12:40:13Z  OBSERVE  checkoutservice->emailservice  rpr=0.0000  low=265 high=0  attempts=3  state=ON  metric=rpr
2026-10-07T12:40:13Z  OBSERVE  checkoutservice->paymentservice  rpr=0.0000  low=267 high=0  attempts=3  state=ON  metric=rpr
2026-10-07T12:40:13Z  OBSERVE  checkoutservice->shippingservice  rpr=0.0000  low=267 high=0  attempts=3  state=ON  metric=rpr
2026-10-07T12:40:13Z  OBSERVE  recommendationservice->productcatalogservice  rpr=0.0000  low=268 high=0  attempts=3  state=ON  metric=rpr
2026-10-07T12:40:13Z  OBSERVE  checkoutservice  rejection=0.2899  low=0 high=8  state=OFF  metric=rejection
2026-10-07T12:40:14Z  OBSERVE  frontend->adservice  rpr=0.0000  low=269 high=0  attempts=3  state=ON  metric=rpr
2026-10-07T12:40:14Z  OBSERVE  frontend->cartservice  rpr=0.0000  low=270 high=0  attempts=3  state=ON  metric=rpr
2026-10-07T12:40:14Z  OBSERVE  frontend->currencyservice  rpr=0.0000  low=270 high=0  attempts=3  state=ON  metric=rpr
2026-10-07T12:40:14Z  OBSERVE  frontend->productcatalogservice  rpr=0.0000  low=270 high=0  attempts=3  state=ON  metric=rpr
2026-10-07T12:40:14Z  OBSERVE  frontend->recommendationservice  rpr=0.0000  low=270 high=0  attempts=3  state=ON  metric=rpr
2026-10-07T12:40:14Z  OBSERVE  frontend->shippingservice  rpr=0.0000  low=269 high=0  attempts=3  state=ON  metric=rpr
2026-10-07T12:40:14Z  OBSERVE  checkoutservice->cartservice  rpr=0.0000  low=268 high=0  attempts=3  state=ON  metric=rpr
2026-10-07T12:40:14Z  OBSERVE  checkoutservice->currencyservice  rpr=0.0000  low=268 high=0  attempts=3  state=ON  metric=rpr
2026-10-07T12:40:14Z  OBSERVE  checkoutservice->emailservice  rpr=0.0000  low=266 high=0  attempts=3  state=ON  metric=rpr
2026-10-07T12:40:14Z  OBSERVE  checkoutservice->paymentservice  rpr=0.0000  low=268 high=0  attempts=3  state=ON  metric=rpr
2026-10-07T12:40:14Z  OBSERVE  checkoutservice->shippingservice  rpr=0.0000  low=268 high=0  attempts=3  state=ON  metric=rpr
2026-10-07T12:40:14Z  OBSERVE  recommendationservice->productcatalogservice  rpr=0.0000  low=269 high=0  attempts=3  state=ON  metric=rpr
2026-10-07T12:40:14Z  OBSERVE  checkoutservice  rejection=0.0938  low=1 high=0  state=OFF  metric=rejection
2026-10-07T12:40:15Z  OBSERVE  frontend->adservice  rpr=0.0000  low=270 high=0  attempts=3  state=ON  metric=rpr
2026-10-07T12:40:15Z  OBSERVE  frontend->cartservice  rpr=0.0000  low=271 high=0  attempts=3  state=ON  metric=rpr
2026-10-07T12:40:15Z  OBSERVE  frontend->currencyservice  rpr=0.0000  low=271 high=0  attempts=3  state=ON  metric=rpr
2026-10-07T12:40:15Z  OBSERVE  frontend->productcatalogservice  rpr=0.0000  low=271 high=0  attempts=3  state=ON  metric=rpr
2026-10-07T12:40:15Z  OBSERVE  frontend->recommendationservice  rpr=0.0000  low=271 high=0  attempts=3  state=ON  metric=rpr
2026-10-07T12:40:15Z  OBSERVE  frontend->shippingservice  rpr=0.0000  low=270 high=0  attempts=3  state=ON  metric=rpr
2026-10-07T12:40:15Z  OBSERVE  checkoutservice->cartservice  rpr=0.0000  low=269 high=0  attempts=3  state=ON  metric=rpr
2026-10-07T12:40:15Z  OBSERVE  checkoutservice->currencyservice  rpr=0.0000  low=269 high=0  attempts=3  state=ON  metric=rpr
2026-10-07T12:40:15Z  OBSERVE  checkoutservice->emailservice  rpr=0.0000  low=267 high=0  attempts=3  state=ON  metric=rpr
2026-10-07T12:40:15Z  OBSERVE  checkoutservice->paymentservice  rpr=0.0000  low=269 high=0  attempts=3  state=ON  metric=rpr
2026-10-07T12:40:15Z  OBSERVE  checkoutservice->shippingservice  rpr=0.0000  low=269 high=0  attempts=3  state=ON  metric=rpr
2026-10-07T12:40:15Z  OBSERVE  recommendationservice->productcatalogservice  rpr=0.0000  low=270 high=0  attempts=3  state=ON  metric=rpr
2026-10-07T12:40:15Z  OBSERVE  checkoutservice  rejection=0.3036  low=0 high=1  state=OFF  metric=rejection
2026-10-07T12:40:16Z  OBSERVE  frontend->adservice  rpr=0.0000  low=271 high=0  attempts=3  state=ON  metric=rpr
2026-10-07T12:40:16Z  OBSERVE  frontend->cartservice  rpr=0.0000  low=272 high=0  attempts=3  state=ON  metric=rpr
2026-10-07T12:40:16Z  OBSERVE  frontend->currencyservice  rpr=0.0000  low=272 high=0  attempts=3  state=ON  metric=rpr
2026-10-07T12:40:16Z  OBSERVE  frontend->productcatalogservice  rpr=0.0000  low=272 high=0  attempts=3  state=ON  metric=rpr
2026-10-07T12:40:16Z  OBSERVE  frontend->recommendationservice  rpr=0.0000  low=272 high=0  attempts=3  state=ON  metric=rpr
2026-10-07T12:40:16Z  OBSERVE  frontend->shippingservice  rpr=0.0000  low=271 high=0  attempts=3  state=ON  metric=rpr
2026-10-07T12:40:16Z  OBSERVE  checkoutservice->cartservice  rpr=0.0000  low=270 high=0  attempts=3  state=ON  metric=rpr
2026-10-07T12:40:16Z  OBSERVE  checkoutservice->currencyservice  rpr=0.0000  low=270 high=0  attempts=3  state=ON  metric=rpr
2026-10-07T12:40:16Z  OBSERVE  checkoutservice->emailservice  rpr=0.0000  low=268 high=0  attempts=3  state=ON  metric=rpr
2026-10-07T12:40:16Z  OBSERVE  checkoutservice->paymentservice  rpr=0.0000  low=270 high=0  attempts=3  state=ON  metric=rpr
2026-10-07T12:40:16Z  OBSERVE  checkoutservice->shippingservice  rpr=0.0000  low=270 high=0  attempts=3  state=ON  metric=rpr
2026-10-07T12:40:16Z  OBSERVE  recommendationservice->productcatalogservice  rpr=0.0000  low=271 high=0  attempts=3  state=ON  metric=rpr
2026-10-07T12:40:16Z  OBSERVE  checkoutservice  rejection=0.3553  low=0 high=2  state=OFF  metric=rejection
2026-10-07T12:40:17Z  OBSERVE  frontend->adservice  rpr=0.0000  low=272 high=0  attempts=3  state=ON  metric=rpr
2026-10-07T12:40:17Z  OBSERVE  frontend->cartservice  rpr=0.0000  low=273 high=0  attempts=3  state=ON  metric=rpr
2026-10-07T12:40:17Z  OBSERVE  frontend->currencyservice  rpr=0.0000  low=273 high=0  attempts=3  state=ON  metric=rpr
2026-10-07T12:40:17Z  OBSERVE  frontend->productcatalogservice  rpr=0.0000  low=273 high=0  attempts=3  state=ON  metric=rpr
2026-10-07T12:40:17Z  OBSERVE  frontend->recommendationservice  rpr=0.0000  low=273 high=0  attempts=3  state=ON  metric=rpr
2026-10-07T12:40:17Z  OBSERVE  frontend->shippingservice  rpr=0.0000  low=272 high=0  attempts=3  state=ON  metric=rpr
2026-10-07T12:40:17Z  OBSERVE  checkoutservice->cartservice  rpr=0.0000  low=271 high=0  attempts=3  state=ON  metric=rpr
2026-10-07T12:40:17Z  OBSERVE  checkoutservice->currencyservice  rpr=0.0000  low=271 high=0  attempts=3  state=ON  metric=rpr
2026-10-07T12:40:17Z  OBSERVE  checkoutservice->emailservice  rpr=0.0000  low=269 high=0  attempts=3  state=ON  metric=rpr
2026-10-07T12:40:17Z  OBSERVE  checkoutservice->paymentservice  rpr=0.0000  low=271 high=0  attempts=3  state=ON  metric=rpr
2026-10-07T12:40:17Z  OBSERVE  checkoutservice->shippingservice  rpr=0.0000  low=271 high=0  attempts=3  state=ON  metric=rpr
2026-10-07T12:40:17Z  OBSERVE  recommendationservice->productcatalogservice  rpr=0.0000  low=272 high=0  attempts=3  state=ON  metric=rpr
2026-10-07T12:40:17Z  OBSERVE  checkoutservice  rejection=0.1923  low=0 high=3  state=OFF  metric=rejection
2026-10-07T12:40:18Z  OBSERVE  frontend->adservice  rpr=0.0000  low=273 high=0  attempts=3  state=ON  metric=rpr
2026-10-07T12:40:18Z  OBSERVE  frontend->cartservice  rpr=0.0000  low=274 high=0  attempts=3  state=ON  metric=rpr
2026-10-07T12:40:18Z  OBSERVE  frontend->currencyservice  rpr=0.0000  low=274 high=0  attempts=3  state=ON  metric=rpr
2026-10-07T12:40:18Z  OBSERVE  frontend->productcatalogservice  rpr=0.0000  low=274 high=0  attempts=3  state=ON  metric=rpr
2026-10-07T12:40:18Z  OBSERVE  frontend->recommendationservice  rpr=0.0000  low=274 high=0  attempts=3  state=ON  metric=rpr
2026-10-07T12:40:18Z  OBSERVE  frontend->shippingservice  rpr=0.0000  low=273 high=0  attempts=3  state=ON  metric=rpr
2026-10-07T12:40:18Z  OBSERVE  checkoutservice->cartservice  rpr=0.0000  low=272 high=0  attempts=3  state=ON  metric=rpr
2026-10-07T12:40:18Z  OBSERVE  checkoutservice->currencyservice  rpr=0.0000  low=272 high=0  attempts=3  state=ON  metric=rpr
2026-10-07T12:40:18Z  OBSERVE  checkoutservice->emailservice  rpr=0.0000  low=270 high=0  attempts=3  state=ON  metric=rpr
2026-10-07T12:40:18Z  OBSERVE  checkoutservice->paymentservice  rpr=0.0000  low=272 high=0  attempts=3  state=ON  metric=rpr
2026-10-07T12:40:18Z  OBSERVE  checkoutservice->shippingservice  rpr=0.0000  low=272 high=0  attempts=3  state=ON  metric=rpr
2026-10-07T12:40:18Z  OBSERVE  recommendationservice->productcatalogservice  rpr=0.0000  low=273 high=0  attempts=3  state=ON  metric=rpr
2026-10-07T12:40:18Z  OBSERVE  checkoutservice  rejection=0.3371  low=0 high=4  state=OFF  metric=rejection
2026-10-07T12:40:19Z  OBSERVE  frontend->adservice  rpr=0.0000  low=274 high=0  attempts=3  state=ON  metric=rpr
2026-10-07T12:40:19Z  OBSERVE  frontend->cartservice  rpr=0.0000  low=275 high=0  attempts=3  state=ON  metric=rpr
2026-10-07T12:40:19Z  OBSERVE  frontend->currencyservice  rpr=0.0000  low=275 high=0  attempts=3  state=ON  metric=rpr
2026-10-07T12:40:19Z  OBSERVE  frontend->productcatalogservice  rpr=0.0000  low=275 high=0  attempts=3  state=ON  metric=rpr
2026-10-07T12:40:19Z  OBSERVE  frontend->recommendationservice  rpr=0.0000  low=275 high=0  attempts=3  state=ON  metric=rpr
2026-10-07T12:40:19Z  OBSERVE  frontend->shippingservice  rpr=0.0000  low=274 high=0  attempts=3  state=ON  metric=rpr
2026-10-07T12:40:19Z  OBSERVE  checkoutservice->cartservice  rpr=0.0000  low=273 high=0  attempts=3  state=ON  metric=rpr
2026-10-07T12:40:19Z  OBSERVE  checkoutservice->currencyservice  rpr=0.0000  low=273 high=0  attempts=3  state=ON  metric=rpr
2026-10-07T12:40:19Z  OBSERVE  checkoutservice->emailservice  rpr=0.0000  low=271 high=0  attempts=3  state=ON  metric=rpr
2026-10-07T12:40:19Z  OBSERVE  checkoutservice->paymentservice  rpr=0.0000  low=273 high=0  attempts=3  state=ON  metric=rpr
2026-10-07T12:40:19Z  OBSERVE  checkoutservice->shippingservice  rpr=0.0000  low=273 high=0  attempts=3  state=ON  metric=rpr
2026-10-07T12:40:19Z  OBSERVE  recommendationservice->productcatalogservice  rpr=0.0000  low=274 high=0  attempts=3  state=ON  metric=rpr
2026-10-07T12:40:19Z  OBSERVE  checkoutservice  rejection=0.3134  low=0 high=5  state=OFF  metric=rejection
2026-10-07T12:40:20Z  OBSERVE  frontend->adservice  rpr=0.0000  low=275 high=0  attempts=3  state=ON  metric=rpr
2026-10-07T12:40:20Z  OBSERVE  frontend->cartservice  rpr=0.0000  low=276 high=0  attempts=3  state=ON  metric=rpr
2026-10-07T12:40:20Z  OBSERVE  frontend->currencyservice  rpr=0.0000  low=276 high=0  attempts=3  state=ON  metric=rpr
2026-10-07T12:40:20Z  OBSERVE  frontend->productcatalogservice  rpr=0.0000  low=276 high=0  attempts=3  state=ON  metric=rpr
2026-10-07T12:40:20Z  OBSERVE  frontend->recommendationservice  rpr=0.0000  low=276 high=0  attempts=3  state=ON  metric=rpr
2026-10-07T12:40:20Z  OBSERVE  frontend->shippingservice  rpr=0.0000  low=275 high=0  attempts=3  state=ON  metric=rpr
2026-10-07T12:40:20Z  OBSERVE  checkoutservice->cartservice  rpr=0.0000  low=274 high=0  attempts=3  state=ON  metric=rpr
2026-10-07T12:40:20Z  OBSERVE  checkoutservice->currencyservice  rpr=0.0000  low=274 high=0  attempts=3  state=ON  metric=rpr
2026-10-07T12:40:20Z  OBSERVE  checkoutservice->emailservice  rpr=0.0000  low=272 high=0  attempts=3  state=ON  metric=rpr
2026-10-07T12:40:20Z  OBSERVE  checkoutservice->paymentservice  rpr=0.0000  low=274 high=0  attempts=3  state=ON  metric=rpr
2026-10-07T12:40:20Z  OBSERVE  checkoutservice->shippingservice  rpr=0.0000  low=274 high=0  attempts=3  state=ON  metric=rpr
2026-10-07T12:40:20Z  OBSERVE  recommendationservice->productcatalogservice  rpr=0.0000  low=275 high=0  attempts=3  state=ON  metric=rpr
2026-10-07T12:40:20Z  OBSERVE  checkoutservice  rejection=0.1250  low=0 high=6  state=OFF  metric=rejection
2026-10-07T12:40:21Z  OBSERVE  frontend->adservice  rpr=0.0000  low=276 high=0  attempts=3  state=ON  metric=rpr
2026-10-07T12:40:21Z  OBSERVE  frontend->cartservice  rpr=0.0000  low=277 high=0  attempts=3  state=ON  metric=rpr
2026-10-07T12:40:21Z  OBSERVE  frontend->currencyservice  rpr=0.0000  low=277 high=0  attempts=3  state=ON  metric=rpr
2026-10-07T12:40:21Z  OBSERVE  frontend->productcatalogservice  rpr=0.0000  low=277 high=0  attempts=3  state=ON  metric=rpr
2026-10-07T12:40:21Z  OBSERVE  frontend->recommendationservice  rpr=0.0000  low=277 high=0  attempts=3  state=ON  metric=rpr
2026-10-07T12:40:21Z  OBSERVE  frontend->shippingservice  rpr=0.0000  low=276 high=0  attempts=3  state=ON  metric=rpr
2026-10-07T12:40:21Z  OBSERVE  checkoutservice->cartservice  rpr=0.0000  low=275 high=0  attempts=3  state=ON  metric=rpr
2026-10-07T12:40:21Z  OBSERVE  checkoutservice->currencyservice  rpr=0.0000  low=275 high=0  attempts=3  state=ON  metric=rpr
2026-10-07T12:40:21Z  OBSERVE  checkoutservice->emailservice  rpr=0.0000  low=273 high=0  attempts=3  state=ON  metric=rpr
2026-10-07T12:40:21Z  OBSERVE  checkoutservice->paymentservice  rpr=0.0000  low=275 high=0  attempts=3  state=ON  metric=rpr
2026-10-07T12:40:21Z  OBSERVE  checkoutservice->shippingservice  rpr=0.0000  low=275 high=0  attempts=3  state=ON  metric=rpr
2026-10-07T12:40:21Z  OBSERVE  recommendationservice->productcatalogservice  rpr=0.0000  low=276 high=0  attempts=3  state=ON  metric=rpr
2026-10-07T12:40:21Z  OBSERVE  checkoutservice  rejection=0.4100  low=0 high=7  state=OFF  metric=rejection
2026-10-07T12:40:22Z  OBSERVE  frontend->adservice  rpr=0.0000  low=277 high=0  attempts=3  state=ON  metric=rpr
2026-10-07T12:40:22Z  OBSERVE  frontend->cartservice  rpr=0.0000  low=278 high=0  attempts=3  state=ON  metric=rpr
2026-10-07T12:40:22Z  OBSERVE  frontend->currencyservice  rpr=0.0000  low=278 high=0  attempts=3  state=ON  metric=rpr
2026-10-07T12:40:22Z  OBSERVE  frontend->productcatalogservice  rpr=0.0000  low=278 high=0  attempts=3  state=ON  metric=rpr
2026-10-07T12:40:22Z  OBSERVE  frontend->recommendationservice  rpr=0.0000  low=278 high=0  attempts=3  state=ON  metric=rpr
2026-10-07T12:40:22Z  OBSERVE  frontend->shippingservice  rpr=0.0000  low=277 high=0  attempts=3  state=ON  metric=rpr
2026-10-07T12:40:22Z  OBSERVE  checkoutservice->cartservice  rpr=0.0000  low=276 high=0  attempts=3  state=ON  metric=rpr
2026-10-07T12:40:22Z  OBSERVE  checkoutservice->currencyservice  rpr=0.0000  low=276 high=0  attempts=3  state=ON  metric=rpr
2026-10-07T12:40:22Z  OBSERVE  checkoutservice->emailservice  rpr=0.0000  low=274 high=0  attempts=3  state=ON  metric=rpr
2026-10-07T12:40:22Z  OBSERVE  checkoutservice->paymentservice  rpr=0.0000  low=276 high=0  attempts=3  state=ON  metric=rpr
2026-10-07T12:40:22Z  OBSERVE  checkoutservice->shippingservice  rpr=0.0000  low=276 high=0  attempts=3  state=ON  metric=rpr
2026-10-07T12:40:22Z  OBSERVE  recommendationservice->productcatalogservice  rpr=0.0000  low=277 high=0  attempts=3  state=ON  metric=rpr
2026-10-07T12:40:22Z  OBSERVE  checkoutservice  rejection=0.4000  low=0 high=8  state=OFF  metric=rejection
2026-10-07T12:40:23Z  OBSERVE  frontend->adservice  rpr=0.0000  low=278 high=0  attempts=3  state=ON  metric=rpr
2026-10-07T12:40:23Z  OBSERVE  frontend->cartservice  rpr=0.0000  low=279 high=0  attempts=3  state=ON  metric=rpr
2026-10-07T12:40:23Z  OBSERVE  frontend->currencyservice  rpr=0.0000  low=279 high=0  attempts=3  state=ON  metric=rpr
2026-10-07T12:40:23Z  OBSERVE  frontend->productcatalogservice  rpr=0.0000  low=279 high=0  attempts=3  state=ON  metric=rpr
2026-10-07T12:40:23Z  OBSERVE  frontend->recommendationservice  rpr=0.0000  low=279 high=0  attempts=3  state=ON  metric=rpr
2026-10-07T12:40:23Z  OBSERVE  frontend->shippingservice  rpr=0.0000  low=278 high=0  attempts=3  state=ON  metric=rpr
2026-10-07T12:40:23Z  OBSERVE  checkoutservice->cartservice  rpr=0.0000  low=277 high=0  attempts=3  state=ON  metric=rpr
2026-10-07T12:40:23Z  OBSERVE  checkoutservice->currencyservice  rpr=0.0000  low=277 high=0  attempts=3  state=ON  metric=rpr
2026-10-07T12:40:23Z  OBSERVE  checkoutservice->emailservice  rpr=0.0000  low=275 high=0  attempts=3  state=ON  metric=rpr
2026-10-07T12:40:23Z  OBSERVE  checkoutservice->paymentservice  rpr=0.0000  low=277 high=0  attempts=3  state=ON  metric=rpr
2026-10-07T12:40:23Z  OBSERVE  checkoutservice->shippingservice  rpr=0.0000  low=277 high=0  attempts=3  state=ON  metric=rpr
2026-10-07T12:40:23Z  OBSERVE  recommendationservice->productcatalogservice  rpr=0.0000  low=278 high=0  attempts=3  state=ON  metric=rpr
2026-10-07T12:40:23Z  OBSERVE  checkoutservice  rejection=0.1860  low=0 high=9  state=OFF  metric=rejection
2026-10-07T12:40:24Z  OBSERVE  frontend->adservice  rpr=0.0000  low=279 high=0  attempts=3  state=ON  metric=rpr
2026-10-07T12:40:24Z  OBSERVE  frontend->cartservice  rpr=0.0000  low=280 high=0  attempts=3  state=ON  metric=rpr
2026-10-07T12:40:24Z  OBSERVE  frontend->currencyservice  rpr=0.0000  low=280 high=0  attempts=3  state=ON  metric=rpr
2026-10-07T12:40:24Z  OBSERVE  frontend->productcatalogservice  rpr=0.0000  low=280 high=0  attempts=3  state=ON  metric=rpr
2026-10-07T12:40:24Z  OBSERVE  frontend->recommendationservice  rpr=0.0000  low=280 high=0  attempts=3  state=ON  metric=rpr
2026-10-07T12:40:24Z  OBSERVE  frontend->shippingservice  rpr=0.0000  low=279 high=0  attempts=3  state=ON  metric=rpr
2026-10-07T12:40:24Z  OBSERVE  checkoutservice->cartservice  rpr=0.0000  low=278 high=0  attempts=3  state=ON  metric=rpr
2026-10-07T12:40:24Z  OBSERVE  checkoutservice->currencyservice  rpr=0.0000  low=278 high=0  attempts=3  state=ON  metric=rpr
2026-10-07T12:40:24Z  OBSERVE  checkoutservice->emailservice  rpr=0.0000  low=276 high=0  attempts=3  state=ON  metric=rpr
2026-10-07T12:40:24Z  OBSERVE  checkoutservice->paymentservice  rpr=0.0000  low=278 high=0  attempts=3  state=ON  metric=rpr
2026-10-07T12:40:24Z  OBSERVE  checkoutservice->shippingservice  rpr=0.0000  low=278 high=0  attempts=3  state=ON  metric=rpr
2026-10-07T12:40:24Z  OBSERVE  recommendationservice->productcatalogservice  rpr=0.0000  low=279 high=0  attempts=3  state=ON  metric=rpr
2026-10-07T12:40:24Z  OBSERVE  checkoutservice  rejection=0.2316  low=0 high=10  state=OFF  metric=rejection
2026-10-07T12:40:25Z  OBSERVE  frontend->adservice  rpr=0.0000  low=280 high=0  attempts=3  state=ON  metric=rpr
2026-10-07T12:40:25Z  OBSERVE  frontend->cartservice  rpr=0.0000  low=281 high=0  attempts=3  state=ON  metric=rpr
2026-10-07T12:40:25Z  OBSERVE  frontend->currencyservice  rpr=0.0000  low=281 high=0  attempts=3  state=ON  metric=rpr
2026-10-07T12:40:25Z  OBSERVE  frontend->productcatalogservice  rpr=0.0000  low=281 high=0  attempts=3  state=ON  metric=rpr
2026-10-07T12:40:25Z  OBSERVE  frontend->recommendationservice  rpr=0.0000  low=281 high=0  attempts=3  state=ON  metric=rpr
2026-10-07T12:40:25Z  OBSERVE  frontend->shippingservice  rpr=0.0000  low=280 high=0  attempts=3  state=ON  metric=rpr
2026-10-07T12:40:25Z  OBSERVE  checkoutservice->cartservice  rpr=0.0000  low=279 high=0  attempts=3  state=ON  metric=rpr
2026-10-07T12:40:25Z  OBSERVE  checkoutservice->currencyservice  rpr=0.0000  low=279 high=0  attempts=3  state=ON  metric=rpr
2026-10-07T12:40:25Z  OBSERVE  checkoutservice->emailservice  rpr=0.0000  low=277 high=0  attempts=3  state=ON  metric=rpr
2026-10-07T12:40:25Z  OBSERVE  checkoutservice->paymentservice  rpr=0.0000  low=279 high=0  attempts=3  state=ON  metric=rpr
2026-10-07T12:40:25Z  OBSERVE  checkoutservice->shippingservice  rpr=0.0000  low=279 high=0  attempts=3  state=ON  metric=rpr
2026-10-07T12:40:25Z  OBSERVE  recommendationservice->productcatalogservice  rpr=0.0000  low=280 high=0  attempts=3  state=ON  metric=rpr
2026-10-07T12:40:25Z  OBSERVE  checkoutservice  rejection=0.2692  low=0 high=11  state=OFF  metric=rejection
2026-10-07T12:40:26Z  OBSERVE  frontend->adservice  rpr=0.0000  low=281 high=0  attempts=3  state=ON  metric=rpr
2026-10-07T12:40:26Z  OBSERVE  frontend->cartservice  rpr=0.0000  low=282 high=0  attempts=3  state=ON  metric=rpr
2026-10-07T12:40:26Z  OBSERVE  frontend->currencyservice  rpr=0.0000  low=282 high=0  attempts=3  state=ON  metric=rpr
2026-10-07T12:40:26Z  OBSERVE  frontend->productcatalogservice  rpr=0.0000  low=282 high=0  attempts=3  state=ON  metric=rpr
2026-10-07T12:40:26Z  OBSERVE  frontend->recommendationservice  rpr=0.0000  low=282 high=0  attempts=3  state=ON  metric=rpr
2026-10-07T12:40:26Z  OBSERVE  frontend->shippingservice  rpr=0.0000  low=281 high=0  attempts=3  state=ON  metric=rpr
2026-10-07T12:40:26Z  OBSERVE  checkoutservice->cartservice  rpr=0.0000  low=280 high=0  attempts=3  state=ON  metric=rpr
2026-10-07T12:40:26Z  OBSERVE  checkoutservice->currencyservice  rpr=0.0000  low=280 high=0  attempts=3  state=ON  metric=rpr
2026-10-07T12:40:26Z  OBSERVE  checkoutservice->emailservice  rpr=0.0000  low=278 high=0  attempts=3  state=ON  metric=rpr
2026-10-07T12:40:26Z  OBSERVE  checkoutservice->paymentservice  rpr=0.0000  low=280 high=0  attempts=3  state=ON  metric=rpr
2026-10-07T12:40:26Z  OBSERVE  checkoutservice->shippingservice  rpr=0.0000  low=280 high=0  attempts=3  state=ON  metric=rpr
2026-10-07T12:40:26Z  OBSERVE  recommendationservice->productcatalogservice  rpr=0.0000  low=281 high=0  attempts=3  state=ON  metric=rpr
2026-10-07T12:40:26Z  OBSERVE  checkoutservice  rejection=0.0220  low=1 high=0  state=OFF  metric=rejection
2026-10-07T12:40:27Z  OBSERVE  frontend->adservice  rpr=0.0000  low=282 high=0  attempts=3  state=ON  metric=rpr
2026-10-07T12:40:27Z  OBSERVE  frontend->cartservice  rpr=0.0000  low=283 high=0  attempts=3  state=ON  metric=rpr
2026-10-07T12:40:27Z  OBSERVE  frontend->currencyservice  rpr=0.0000  low=283 high=0  attempts=3  state=ON  metric=rpr
2026-10-07T12:40:27Z  OBSERVE  frontend->productcatalogservice  rpr=0.0000  low=283 high=0  attempts=3  state=ON  metric=rpr
2026-10-07T12:40:27Z  OBSERVE  frontend->recommendationservice  rpr=0.0000  low=283 high=0  attempts=3  state=ON  metric=rpr
2026-10-07T12:40:27Z  OBSERVE  frontend->shippingservice  rpr=0.0000  low=282 high=0  attempts=3  state=ON  metric=rpr
2026-10-07T12:40:27Z  OBSERVE  checkoutservice->cartservice  rpr=0.0000  low=281 high=0  attempts=3  state=ON  metric=rpr
2026-10-07T12:40:27Z  OBSERVE  checkoutservice->currencyservice  rpr=0.0000  low=281 high=0  attempts=3  state=ON  metric=rpr
2026-10-07T12:40:27Z  OBSERVE  checkoutservice->emailservice  rpr=0.0000  low=279 high=0  attempts=3  state=ON  metric=rpr
2026-10-07T12:40:27Z  OBSERVE  checkoutservice->paymentservice  rpr=0.0000  low=281 high=0  attempts=3  state=ON  metric=rpr
2026-10-07T12:40:27Z  OBSERVE  checkoutservice->shippingservice  rpr=0.0000  low=281 high=0  attempts=3  state=ON  metric=rpr
2026-10-07T12:40:27Z  OBSERVE  recommendationservice->productcatalogservice  rpr=0.0000  low=282 high=0  attempts=3  state=ON  metric=rpr
2026-10-07T12:40:27Z  OBSERVE  checkoutservice  rejection=0.1282  low=0 high=1  state=OFF  metric=rejection
2026-10-07T12:40:28Z  OBSERVE  frontend->adservice  rpr=0.0000  low=283 high=0  attempts=3  state=ON  metric=rpr
2026-10-07T12:40:28Z  OBSERVE  frontend->cartservice  rpr=0.0000  low=284 high=0  attempts=3  state=ON  metric=rpr
2026-10-07T12:40:28Z  OBSERVE  frontend->currencyservice  rpr=0.0000  low=284 high=0  attempts=3  state=ON  metric=rpr
2026-10-07T12:40:28Z  OBSERVE  frontend->productcatalogservice  rpr=0.0000  low=284 high=0  attempts=3  state=ON  metric=rpr
2026-10-07T12:40:28Z  OBSERVE  frontend->recommendationservice  rpr=0.0000  low=284 high=0  attempts=3  state=ON  metric=rpr
2026-10-07T12:40:28Z  OBSERVE  frontend->shippingservice  rpr=0.0000  low=283 high=0  attempts=3  state=ON  metric=rpr
2026-10-07T12:40:28Z  OBSERVE  checkoutservice->cartservice  rpr=0.0000  low=282 high=0  attempts=3  state=ON  metric=rpr
2026-10-07T12:40:28Z  OBSERVE  checkoutservice->currencyservice  rpr=0.0000  low=282 high=0  attempts=3  state=ON  metric=rpr
2026-10-07T12:40:28Z  OBSERVE  checkoutservice->emailservice  rpr=0.0000  low=280 high=0  attempts=3  state=ON  metric=rpr
2026-10-07T12:40:28Z  OBSERVE  checkoutservice->paymentservice  rpr=0.0000  low=282 high=0  attempts=3  state=ON  metric=rpr
2026-10-07T12:40:28Z  OBSERVE  checkoutservice->shippingservice  rpr=0.0000  low=282 high=0  attempts=3  state=ON  metric=rpr
2026-10-07T12:40:28Z  OBSERVE  recommendationservice->productcatalogservice  rpr=0.0000  low=283 high=0  attempts=3  state=ON  metric=rpr
2026-10-07T12:40:28Z  OBSERVE  checkoutservice  rejection=0.4368  low=0 high=2  state=OFF  metric=rejection
2026-10-07T12:40:29Z  OBSERVE  frontend->adservice  rpr=0.0000  low=284 high=0  attempts=3  state=ON  metric=rpr
2026-10-07T12:40:29Z  OBSERVE  frontend->cartservice  rpr=0.0000  low=285 high=0  attempts=3  state=ON  metric=rpr
2026-10-07T12:40:29Z  OBSERVE  frontend->currencyservice  rpr=0.0000  low=285 high=0  attempts=3  state=ON  metric=rpr
2026-10-07T12:40:29Z  OBSERVE  frontend->productcatalogservice  rpr=0.0000  low=285 high=0  attempts=3  state=ON  metric=rpr
2026-10-07T12:40:29Z  OBSERVE  frontend->recommendationservice  rpr=0.0000  low=285 high=0  attempts=3  state=ON  metric=rpr
2026-10-07T12:40:29Z  OBSERVE  frontend->shippingservice  rpr=0.0000  low=284 high=0  attempts=3  state=ON  metric=rpr
2026-10-07T12:40:29Z  OBSERVE  checkoutservice->cartservice  rpr=0.0000  low=283 high=0  attempts=3  state=ON  metric=rpr
2026-10-07T12:40:29Z  OBSERVE  checkoutservice->currencyservice  rpr=0.0000  low=283 high=0  attempts=3  state=ON  metric=rpr
2026-10-07T12:40:29Z  OBSERVE  checkoutservice->emailservice  rpr=0.0000  low=281 high=0  attempts=3  state=ON  metric=rpr
2026-10-07T12:40:29Z  OBSERVE  checkoutservice->paymentservice  rpr=0.0000  low=283 high=0  attempts=3  state=ON  metric=rpr
2026-10-07T12:40:29Z  OBSERVE  checkoutservice->shippingservice  rpr=0.0000  low=283 high=0  attempts=3  state=ON  metric=rpr
2026-10-07T12:40:29Z  OBSERVE  recommendationservice->productcatalogservice  rpr=0.0000  low=284 high=0  attempts=3  state=ON  metric=rpr
2026-10-07T12:40:29Z  OBSERVE  checkoutservice  rejection=0.0811  low=1 high=0  state=OFF  metric=rejection
2026-10-07T12:40:30Z  OBSERVE  frontend->adservice  rpr=0.0000  low=285 high=0  attempts=3  state=ON  metric=rpr
2026-10-07T12:40:30Z  OBSERVE  frontend->cartservice  rpr=0.0000  low=286 high=0  attempts=3  state=ON  metric=rpr
2026-10-07T12:40:30Z  OBSERVE  frontend->currencyservice  rpr=0.0000  low=286 high=0  attempts=3  state=ON  metric=rpr
2026-10-07T12:40:30Z  OBSERVE  frontend->productcatalogservice  rpr=0.0000  low=286 high=0  attempts=3  state=ON  metric=rpr
2026-10-07T12:40:30Z  OBSERVE  frontend->recommendationservice  rpr=0.0000  low=286 high=0  attempts=3  state=ON  metric=rpr
2026-10-07T12:40:30Z  OBSERVE  frontend->shippingservice  rpr=0.0000  low=285 high=0  attempts=3  state=ON  metric=rpr
2026-10-07T12:40:30Z  OBSERVE  checkoutservice->cartservice  rpr=0.0000  low=284 high=0  attempts=3  state=ON  metric=rpr
2026-10-07T12:40:30Z  OBSERVE  checkoutservice->currencyservice  rpr=0.0000  low=284 high=0  attempts=3  state=ON  metric=rpr
2026-10-07T12:40:30Z  OBSERVE  checkoutservice->emailservice  rpr=0.0000  low=282 high=0  attempts=3  state=ON  metric=rpr
2026-10-07T12:40:30Z  OBSERVE  checkoutservice->paymentservice  rpr=0.0000  low=284 high=0  attempts=3  state=ON  metric=rpr
2026-10-07T12:40:30Z  OBSERVE  checkoutservice->shippingservice  rpr=0.0000  low=284 high=0  attempts=3  state=ON  metric=rpr
2026-10-07T12:40:30Z  OBSERVE  recommendationservice->productcatalogservice  rpr=0.0000  low=285 high=0  attempts=3  state=ON  metric=rpr
2026-10-07T12:40:30Z  OBSERVE  checkoutservice  rejection=0.3163  low=0 high=1  state=OFF  metric=rejection
2026-10-07T12:40:31Z  OBSERVE  frontend->adservice  rpr=0.0000  low=286 high=0  attempts=3  state=ON  metric=rpr
2026-10-07T12:40:31Z  OBSERVE  frontend->cartservice  rpr=0.0000  low=287 high=0  attempts=3  state=ON  metric=rpr
2026-10-07T12:40:31Z  OBSERVE  frontend->currencyservice  rpr=0.0000  low=287 high=0  attempts=3  state=ON  metric=rpr
2026-10-07T12:40:31Z  OBSERVE  frontend->productcatalogservice  rpr=0.0000  low=287 high=0  attempts=3  state=ON  metric=rpr
2026-10-07T12:40:31Z  OBSERVE  frontend->recommendationservice  rpr=0.0000  low=287 high=0  attempts=3  state=ON  metric=rpr
2026-10-07T12:40:31Z  OBSERVE  frontend->shippingservice  rpr=0.0000  low=286 high=0  attempts=3  state=ON  metric=rpr
2026-10-07T12:40:31Z  OBSERVE  checkoutservice->cartservice  rpr=0.0000  low=285 high=0  attempts=3  state=ON  metric=rpr
2026-10-07T12:40:31Z  OBSERVE  checkoutservice->currencyservice  rpr=0.0000  low=285 high=0  attempts=3  state=ON  metric=rpr
2026-10-07T12:40:31Z  OBSERVE  checkoutservice->emailservice  rpr=0.0000  low=283 high=0  attempts=3  state=ON  metric=rpr
2026-10-07T12:40:31Z  OBSERVE  checkoutservice->paymentservice  rpr=0.0000  low=285 high=0  attempts=3  state=ON  metric=rpr
2026-10-07T12:40:31Z  OBSERVE  checkoutservice->shippingservice  rpr=0.0000  low=285 high=0  attempts=3  state=ON  metric=rpr
2026-10-07T12:40:31Z  OBSERVE  recommendationservice->productcatalogservice  rpr=0.0000  low=286 high=0  attempts=3  state=ON  metric=rpr
2026-10-07T12:40:31Z  OBSERVE  checkoutservice  rejection=0.2118  low=0 high=2  state=OFF  metric=rejection
2026-10-07T12:40:32Z  OBSERVE  frontend->adservice  rpr=0.0000  low=287 high=0  attempts=3  state=ON  metric=rpr
2026-10-07T12:40:32Z  OBSERVE  frontend->cartservice  rpr=0.0000  low=288 high=0  attempts=3  state=ON  metric=rpr
2026-10-07T12:40:32Z  OBSERVE  frontend->currencyservice  rpr=0.0000  low=288 high=0  attempts=3  state=ON  metric=rpr
2026-10-07T12:40:32Z  OBSERVE  frontend->productcatalogservice  rpr=0.0000  low=288 high=0  attempts=3  state=ON  metric=rpr
2026-10-07T12:40:32Z  OBSERVE  frontend->recommendationservice  rpr=0.0000  low=288 high=0  attempts=3  state=ON  metric=rpr
2026-10-07T12:40:32Z  OBSERVE  frontend->shippingservice  rpr=0.0000  low=287 high=0  attempts=3  state=ON  metric=rpr
2026-10-07T12:40:32Z  OBSERVE  checkoutservice->cartservice  rpr=0.0000  low=286 high=0  attempts=3  state=ON  metric=rpr
2026-10-07T12:40:32Z  OBSERVE  checkoutservice->currencyservice  rpr=0.0000  low=286 high=0  attempts=3  state=ON  metric=rpr
2026-10-07T12:40:32Z  OBSERVE  checkoutservice->emailservice  rpr=0.0000  low=284 high=0  attempts=3  state=ON  metric=rpr
2026-10-07T12:40:32Z  OBSERVE  checkoutservice->paymentservice  rpr=0.0000  low=286 high=0  attempts=3  state=ON  metric=rpr
2026-10-07T12:40:32Z  OBSERVE  checkoutservice->shippingservice  rpr=0.0000  low=286 high=0  attempts=3  state=ON  metric=rpr
2026-10-07T12:40:32Z  OBSERVE  recommendationservice->productcatalogservice  rpr=0.0000  low=287 high=0  attempts=3  state=ON  metric=rpr
2026-10-07T12:40:32Z  OBSERVE  checkoutservice  rejection=0.1053  low=0 high=3  state=OFF  metric=rejection
2026-10-07T12:40:33Z  OBSERVE  frontend->adservice  rpr=0.0000  low=288 high=0  attempts=3  state=ON  metric=rpr
2026-10-07T12:40:33Z  OBSERVE  frontend->cartservice  rpr=0.0000  low=289 high=0  attempts=3  state=ON  metric=rpr
2026-10-07T12:40:33Z  OBSERVE  frontend->currencyservice  rpr=0.0000  low=289 high=0  attempts=3  state=ON  metric=rpr
2026-10-07T12:40:33Z  OBSERVE  frontend->productcatalogservice  rpr=0.0000  low=289 high=0  attempts=3  state=ON  metric=rpr
2026-10-07T12:40:33Z  OBSERVE  frontend->recommendationservice  rpr=0.0000  low=289 high=0  attempts=3  state=ON  metric=rpr
2026-10-07T12:40:33Z  OBSERVE  frontend->shippingservice  rpr=0.0000  low=288 high=0  attempts=3  state=ON  metric=rpr
2026-10-07T12:40:33Z  OBSERVE  checkoutservice->cartservice  rpr=0.0000  low=287 high=0  attempts=3  state=ON  metric=rpr
2026-10-07T12:40:33Z  OBSERVE  checkoutservice->currencyservice  rpr=0.0000  low=287 high=0  attempts=3  state=ON  metric=rpr
2026-10-07T12:40:33Z  OBSERVE  checkoutservice->emailservice  rpr=0.0000  low=285 high=0  attempts=3  state=ON  metric=rpr
2026-10-07T12:40:33Z  OBSERVE  checkoutservice->paymentservice  rpr=0.0000  low=287 high=0  attempts=3  state=ON  metric=rpr
2026-10-07T12:40:33Z  OBSERVE  checkoutservice->shippingservice  rpr=0.0000  low=287 high=0  attempts=3  state=ON  metric=rpr
2026-10-07T12:40:33Z  OBSERVE  recommendationservice->productcatalogservice  rpr=0.0000  low=288 high=0  attempts=3  state=ON  metric=rpr
2026-10-07T12:40:33Z  OBSERVE  checkoutservice  rejection=0.2929  low=0 high=4  state=OFF  metric=rejection
2026-10-07T12:40:34Z  OBSERVE  frontend->adservice  rpr=0.0000  low=289 high=0  attempts=3  state=ON  metric=rpr
2026-10-07T12:40:34Z  OBSERVE  frontend->cartservice  rpr=0.0000  low=290 high=0  attempts=3  state=ON  metric=rpr
2026-10-07T12:40:34Z  OBSERVE  frontend->currencyservice  rpr=0.0000  low=290 high=0  attempts=3  state=ON  metric=rpr
2026-10-07T12:40:34Z  OBSERVE  frontend->productcatalogservice  rpr=0.0000  low=290 high=0  attempts=3  state=ON  metric=rpr
2026-10-07T12:40:34Z  OBSERVE  frontend->recommendationservice  rpr=0.0000  low=290 high=0  attempts=3  state=ON  metric=rpr
2026-10-07T12:40:34Z  OBSERVE  frontend->shippingservice  rpr=0.0000  low=289 high=0  attempts=3  state=ON  metric=rpr
2026-10-07T12:40:34Z  OBSERVE  checkoutservice->cartservice  rpr=0.0000  low=288 high=0  attempts=3  state=ON  metric=rpr
2026-10-07T12:40:34Z  OBSERVE  checkoutservice->currencyservice  rpr=0.0000  low=288 high=0  attempts=3  state=ON  metric=rpr
2026-10-07T12:40:34Z  OBSERVE  checkoutservice->emailservice  rpr=0.0000  low=286 high=0  attempts=3  state=ON  metric=rpr
2026-10-07T12:40:34Z  OBSERVE  checkoutservice->paymentservice  rpr=0.0000  low=288 high=0  attempts=3  state=ON  metric=rpr
2026-10-07T12:40:34Z  OBSERVE  checkoutservice->shippingservice  rpr=0.0000  low=288 high=0  attempts=3  state=ON  metric=rpr
2026-10-07T12:40:34Z  OBSERVE  recommendationservice->productcatalogservice  rpr=0.0000  low=289 high=0  attempts=3  state=ON  metric=rpr
2026-10-07T12:40:34Z  OBSERVE  checkoutservice  rejection=0.1163  low=0 high=5  state=OFF  metric=rejection
2026-10-07T12:40:35Z  OBSERVE  frontend->adservice  rpr=0.0000  low=290 high=0  attempts=3  state=ON  metric=rpr
2026-10-07T12:40:35Z  OBSERVE  frontend->cartservice  rpr=0.0000  low=291 high=0  attempts=3  state=ON  metric=rpr
2026-10-07T12:40:35Z  OBSERVE  frontend->currencyservice  rpr=0.0000  low=291 high=0  attempts=3  state=ON  metric=rpr
2026-10-07T12:40:35Z  OBSERVE  frontend->productcatalogservice  rpr=0.0000  low=291 high=0  attempts=3  state=ON  metric=rpr
2026-10-07T12:40:35Z  OBSERVE  frontend->recommendationservice  rpr=0.0000  low=291 high=0  attempts=3  state=ON  metric=rpr
2026-10-07T12:40:35Z  OBSERVE  frontend->shippingservice  rpr=0.0000  low=290 high=0  attempts=3  state=ON  metric=rpr
2026-10-07T12:40:35Z  OBSERVE  checkoutservice->cartservice  rpr=0.0000  low=289 high=0  attempts=3  state=ON  metric=rpr
2026-10-07T12:40:35Z  OBSERVE  checkoutservice->currencyservice  rpr=0.0000  low=289 high=0  attempts=3  state=ON  metric=rpr
2026-10-07T12:40:35Z  OBSERVE  checkoutservice->emailservice  rpr=0.0000  low=287 high=0  attempts=3  state=ON  metric=rpr
2026-10-07T12:40:35Z  OBSERVE  checkoutservice->paymentservice  rpr=0.0000  low=289 high=0  attempts=3  state=ON  metric=rpr
2026-10-07T12:40:35Z  OBSERVE  checkoutservice->shippingservice  rpr=0.0000  low=289 high=0  attempts=3  state=ON  metric=rpr
2026-10-07T12:40:35Z  OBSERVE  recommendationservice->productcatalogservice  rpr=0.0000  low=290 high=0  attempts=3  state=ON  metric=rpr
2026-10-07T12:40:35Z  OBSERVE  checkoutservice  rejection=0.1263  low=0 high=6  state=OFF  metric=rejection
2026-10-07T12:40:36Z  OBSERVE  frontend->adservice  rpr=0.0000  low=291 high=0  attempts=3  state=ON  metric=rpr
2026-10-07T12:40:36Z  OBSERVE  frontend->cartservice  rpr=0.0000  low=292 high=0  attempts=3  state=ON  metric=rpr
2026-10-07T12:40:36Z  OBSERVE  frontend->currencyservice  rpr=0.0000  low=292 high=0  attempts=3  state=ON  metric=rpr
2026-10-07T12:40:36Z  OBSERVE  frontend->productcatalogservice  rpr=0.0000  low=292 high=0  attempts=3  state=ON  metric=rpr
2026-10-07T12:40:36Z  OBSERVE  frontend->recommendationservice  rpr=0.0000  low=292 high=0  attempts=3  state=ON  metric=rpr
2026-10-07T12:40:36Z  OBSERVE  frontend->shippingservice  rpr=0.0000  low=291 high=0  attempts=3  state=ON  metric=rpr
2026-10-07T12:40:36Z  OBSERVE  checkoutservice->cartservice  rpr=0.0000  low=290 high=0  attempts=3  state=ON  metric=rpr
2026-10-07T12:40:36Z  OBSERVE  checkoutservice->currencyservice  rpr=0.0000  low=290 high=0  attempts=3  state=ON  metric=rpr
2026-10-07T12:40:36Z  OBSERVE  checkoutservice->emailservice  rpr=0.0000  low=288 high=0  attempts=3  state=ON  metric=rpr
2026-10-07T12:40:36Z  OBSERVE  checkoutservice->paymentservice  rpr=0.0000  low=290 high=0  attempts=3  state=ON  metric=rpr
2026-10-07T12:40:36Z  OBSERVE  checkoutservice->shippingservice  rpr=0.0000  low=290 high=0  attempts=3  state=ON  metric=rpr
2026-10-07T12:40:36Z  OBSERVE  recommendationservice->productcatalogservice  rpr=0.0000  low=291 high=0  attempts=3  state=ON  metric=rpr
2026-10-07T12:40:36Z  OBSERVE  checkoutservice  rejection=0.1446  low=0 high=7  state=OFF  metric=rejection
2026-10-07T12:40:37Z  OBSERVE  frontend->adservice  rpr=0.0000  low=292 high=0  attempts=3  state=ON  metric=rpr
2026-10-07T12:40:37Z  OBSERVE  frontend->cartservice  rpr=0.0000  low=293 high=0  attempts=3  state=ON  metric=rpr
2026-10-07T12:40:37Z  OBSERVE  frontend->currencyservice  rpr=0.0000  low=293 high=0  attempts=3  state=ON  metric=rpr
2026-10-07T12:40:37Z  OBSERVE  frontend->productcatalogservice  rpr=0.0000  low=293 high=0  attempts=3  state=ON  metric=rpr
2026-10-07T12:40:37Z  OBSERVE  frontend->recommendationservice  rpr=0.0000  low=293 high=0  attempts=3  state=ON  metric=rpr
2026-10-07T12:40:37Z  OBSERVE  frontend->shippingservice  rpr=0.0000  low=292 high=0  attempts=3  state=ON  metric=rpr
2026-10-07T12:40:37Z  OBSERVE  checkoutservice->cartservice  rpr=0.0000  low=291 high=0  attempts=3  state=ON  metric=rpr
2026-10-07T12:40:37Z  OBSERVE  checkoutservice->currencyservice  rpr=0.0000  low=291 high=0  attempts=3  state=ON  metric=rpr
2026-10-07T12:40:37Z  OBSERVE  checkoutservice->emailservice  rpr=0.0000  low=289 high=0  attempts=3  state=ON  metric=rpr
2026-10-07T12:40:37Z  OBSERVE  checkoutservice->paymentservice  rpr=0.0000  low=291 high=0  attempts=3  state=ON  metric=rpr
2026-10-07T12:40:37Z  OBSERVE  checkoutservice->shippingservice  rpr=0.0000  low=291 high=0  attempts=3  state=ON  metric=rpr
2026-10-07T12:40:37Z  OBSERVE  recommendationservice->productcatalogservice  rpr=0.0000  low=292 high=0  attempts=3  state=ON  metric=rpr
2026-10-07T12:40:37Z  OBSERVE  checkoutservice  rejection=0.3000  low=0 high=8  state=OFF  metric=rejection
2026-10-07T12:40:38Z  OBSERVE  frontend->adservice  rpr=0.0000  low=293 high=0  attempts=3  state=ON  metric=rpr
2026-10-07T12:40:38Z  OBSERVE  frontend->cartservice  rpr=0.0000  low=294 high=0  attempts=3  state=ON  metric=rpr
2026-10-07T12:40:38Z  OBSERVE  frontend->currencyservice  rpr=0.0000  low=294 high=0  attempts=3  state=ON  metric=rpr
2026-10-07T12:40:38Z  OBSERVE  frontend->productcatalogservice  rpr=0.0000  low=294 high=0  attempts=3  state=ON  metric=rpr
2026-10-07T12:40:38Z  OBSERVE  frontend->recommendationservice  rpr=0.0000  low=294 high=0  attempts=3  state=ON  metric=rpr
2026-10-07T12:40:38Z  OBSERVE  frontend->shippingservice  rpr=0.0000  low=293 high=0  attempts=3  state=ON  metric=rpr
2026-10-07T12:40:38Z  OBSERVE  checkoutservice->cartservice  rpr=0.0000  low=292 high=0  attempts=3  state=ON  metric=rpr
2026-10-07T12:40:38Z  OBSERVE  checkoutservice->currencyservice  rpr=0.0000  low=292 high=0  attempts=3  state=ON  metric=rpr
2026-10-07T12:40:38Z  OBSERVE  checkoutservice->emailservice  rpr=0.0000  low=290 high=0  attempts=3  state=ON  metric=rpr
2026-10-07T12:40:38Z  OBSERVE  checkoutservice->paymentservice  rpr=0.0000  low=292 high=0  attempts=3  state=ON  metric=rpr
2026-10-07T12:40:38Z  OBSERVE  checkoutservice->shippingservice  rpr=0.0000  low=292 high=0  attempts=3  state=ON  metric=rpr
2026-10-07T12:40:38Z  OBSERVE  recommendationservice->productcatalogservice  rpr=0.0000  low=293 high=0  attempts=3  state=ON  metric=rpr
2026-10-07T12:40:38Z  OBSERVE  checkoutservice  rejection=0.2907  low=0 high=9  state=OFF  metric=rejection
2026-10-07T12:40:39Z  OBSERVE  frontend->adservice  rpr=0.0000  low=294 high=0  attempts=3  state=ON  metric=rpr
2026-10-07T12:40:39Z  OBSERVE  frontend->cartservice  rpr=0.0000  low=295 high=0  attempts=3  state=ON  metric=rpr
2026-10-07T12:40:39Z  OBSERVE  frontend->currencyservice  rpr=0.0000  low=295 high=0  attempts=3  state=ON  metric=rpr
2026-10-07T12:40:39Z  OBSERVE  frontend->productcatalogservice  rpr=0.0000  low=295 high=0  attempts=3  state=ON  metric=rpr
2026-10-07T12:40:39Z  OBSERVE  frontend->recommendationservice  rpr=0.0000  low=295 high=0  attempts=3  state=ON  metric=rpr
2026-10-07T12:40:39Z  OBSERVE  frontend->shippingservice  rpr=0.0000  low=294 high=0  attempts=3  state=ON  metric=rpr
2026-10-07T12:40:39Z  OBSERVE  checkoutservice->cartservice  rpr=0.0000  low=293 high=0  attempts=3  state=ON  metric=rpr
2026-10-07T12:40:39Z  OBSERVE  checkoutservice->currencyservice  rpr=0.0000  low=293 high=0  attempts=3  state=ON  metric=rpr
2026-10-07T12:40:39Z  OBSERVE  checkoutservice->emailservice  rpr=0.0000  low=291 high=0  attempts=3  state=ON  metric=rpr
2026-10-07T12:40:39Z  OBSERVE  checkoutservice->paymentservice  rpr=0.0000  low=293 high=0  attempts=3  state=ON  metric=rpr
2026-10-07T12:40:39Z  OBSERVE  checkoutservice->shippingservice  rpr=0.0000  low=293 high=0  attempts=3  state=ON  metric=rpr
2026-10-07T12:40:39Z  OBSERVE  recommendationservice->productcatalogservice  rpr=0.0000  low=294 high=0  attempts=3  state=ON  metric=rpr
2026-10-07T12:40:39Z  OBSERVE  checkoutservice  rejection=0.1064  low=0 high=10  state=OFF  metric=rejection
2026-10-07T12:40:40Z  OBSERVE  frontend->adservice  rpr=0.0000  low=295 high=0  attempts=3  state=ON  metric=rpr
2026-10-07T12:40:40Z  OBSERVE  frontend->cartservice  rpr=0.0000  low=296 high=0  attempts=3  state=ON  metric=rpr
2026-10-07T12:40:40Z  OBSERVE  frontend->currencyservice  rpr=0.0000  low=296 high=0  attempts=3  state=ON  metric=rpr
2026-10-07T12:40:40Z  OBSERVE  frontend->productcatalogservice  rpr=0.0000  low=296 high=0  attempts=3  state=ON  metric=rpr
2026-10-07T12:40:40Z  OBSERVE  frontend->recommendationservice  rpr=0.0000  low=296 high=0  attempts=3  state=ON  metric=rpr
2026-10-07T12:40:40Z  OBSERVE  frontend->shippingservice  rpr=0.0000  low=295 high=0  attempts=3  state=ON  metric=rpr
2026-10-07T12:40:40Z  OBSERVE  checkoutservice->cartservice  rpr=0.0000  low=294 high=0  attempts=3  state=ON  metric=rpr
2026-10-07T12:40:40Z  OBSERVE  checkoutservice->currencyservice  rpr=0.0000  low=294 high=0  attempts=3  state=ON  metric=rpr
2026-10-07T12:40:40Z  OBSERVE  checkoutservice->emailservice  rpr=0.0000  low=292 high=0  attempts=3  state=ON  metric=rpr
2026-10-07T12:40:40Z  OBSERVE  checkoutservice->paymentservice  rpr=0.0000  low=294 high=0  attempts=3  state=ON  metric=rpr
2026-10-07T12:40:40Z  OBSERVE  checkoutservice->shippingservice  rpr=0.0000  low=294 high=0  attempts=3  state=ON  metric=rpr
2026-10-07T12:40:40Z  OBSERVE  recommendationservice->productcatalogservice  rpr=0.0000  low=295 high=0  attempts=3  state=ON  metric=rpr
2026-10-07T12:40:40Z  OBSERVE  checkoutservice  rejection=0.2647  low=0 high=11  state=OFF  metric=rejection
2026-10-07T12:40:41Z  OBSERVE  frontend->adservice  rpr=0.0000  low=296 high=0  attempts=3  state=ON  metric=rpr
2026-10-07T12:40:41Z  OBSERVE  frontend->cartservice  rpr=0.0000  low=297 high=0  attempts=3  state=ON  metric=rpr
2026-10-07T12:40:41Z  OBSERVE  frontend->currencyservice  rpr=0.0000  low=297 high=0  attempts=3  state=ON  metric=rpr
2026-10-07T12:40:41Z  OBSERVE  frontend->productcatalogservice  rpr=0.0000  low=297 high=0  attempts=3  state=ON  metric=rpr
2026-10-07T12:40:41Z  OBSERVE  frontend->recommendationservice  rpr=0.0000  low=297 high=0  attempts=3  state=ON  metric=rpr
2026-10-07T12:40:41Z  OBSERVE  frontend->shippingservice  rpr=0.0000  low=296 high=0  attempts=3  state=ON  metric=rpr
2026-10-07T12:40:41Z  OBSERVE  checkoutservice->cartservice  rpr=0.0000  low=295 high=0  attempts=3  state=ON  metric=rpr
2026-10-07T12:40:41Z  OBSERVE  checkoutservice->currencyservice  rpr=0.0000  low=295 high=0  attempts=3  state=ON  metric=rpr
2026-10-07T12:40:41Z  OBSERVE  checkoutservice->emailservice  rpr=0.0000  low=293 high=0  attempts=3  state=ON  metric=rpr
2026-10-07T12:40:41Z  OBSERVE  checkoutservice->paymentservice  rpr=0.0000  low=295 high=0  attempts=3  state=ON  metric=rpr
2026-10-07T12:40:41Z  OBSERVE  checkoutservice->shippingservice  rpr=0.0000  low=295 high=0  attempts=3  state=ON  metric=rpr
2026-10-07T12:40:41Z  OBSERVE  recommendationservice->productcatalogservice  rpr=0.0000  low=296 high=0  attempts=3  state=ON  metric=rpr
2026-10-07T12:40:41Z  OBSERVE  checkoutservice  rejection=0.4000  low=0 high=12  state=OFF  metric=rejection
2026-10-07T12:40:42Z  OBSERVE  frontend->adservice  rpr=0.0000  low=297 high=0  attempts=3  state=ON  metric=rpr
2026-10-07T12:40:42Z  OBSERVE  frontend->cartservice  rpr=0.0000  low=298 high=0  attempts=3  state=ON  metric=rpr
2026-10-07T12:40:42Z  OBSERVE  frontend->currencyservice  rpr=0.0000  low=298 high=0  attempts=3  state=ON  metric=rpr
2026-10-07T12:40:42Z  OBSERVE  frontend->productcatalogservice  rpr=0.0000  low=298 high=0  attempts=3  state=ON  metric=rpr
2026-10-07T12:40:42Z  OBSERVE  frontend->recommendationservice  rpr=0.0000  low=298 high=0  attempts=3  state=ON  metric=rpr
2026-10-07T12:40:42Z  OBSERVE  frontend->shippingservice  rpr=0.0000  low=297 high=0  attempts=3  state=ON  metric=rpr
2026-10-07T12:40:42Z  OBSERVE  checkoutservice->cartservice  rpr=0.0000  low=296 high=0  attempts=3  state=ON  metric=rpr
2026-10-07T12:40:42Z  OBSERVE  checkoutservice->currencyservice  rpr=0.0000  low=296 high=0  attempts=3  state=ON  metric=rpr
2026-10-07T12:40:42Z  OBSERVE  checkoutservice->emailservice  rpr=0.0000  low=294 high=0  attempts=3  state=ON  metric=rpr
2026-10-07T12:40:42Z  OBSERVE  checkoutservice->paymentservice  rpr=0.0000  low=296 high=0  attempts=3  state=ON  metric=rpr
2026-10-07T12:40:42Z  OBSERVE  checkoutservice->shippingservice  rpr=0.0000  low=296 high=0  attempts=3  state=ON  metric=rpr
2026-10-07T12:40:42Z  OBSERVE  recommendationservice->productcatalogservice  rpr=0.0000  low=297 high=0  attempts=3  state=ON  metric=rpr
2026-10-07T12:40:42Z  OBSERVE  checkoutservice  rejection=0.0909  low=1 high=0  state=OFF  metric=rejection
2026-10-07T12:40:43Z  OBSERVE  frontend->adservice  rpr=0.0000  low=298 high=0  attempts=3  state=ON  metric=rpr
2026-10-07T12:40:43Z  OBSERVE  frontend->cartservice  rpr=0.0000  low=299 high=0  attempts=3  state=ON  metric=rpr
2026-10-07T12:40:43Z  OBSERVE  frontend->currencyservice  rpr=0.0000  low=299 high=0  attempts=3  state=ON  metric=rpr
2026-10-07T12:40:43Z  OBSERVE  frontend->productcatalogservice  rpr=0.0000  low=299 high=0  attempts=3  state=ON  metric=rpr
2026-10-07T12:40:43Z  OBSERVE  frontend->recommendationservice  rpr=0.0000  low=299 high=0  attempts=3  state=ON  metric=rpr
2026-10-07T12:40:43Z  OBSERVE  frontend->shippingservice  rpr=0.0000  low=298 high=0  attempts=3  state=ON  metric=rpr
2026-10-07T12:40:43Z  OBSERVE  checkoutservice->cartservice  rpr=0.0000  low=297 high=0  attempts=3  state=ON  metric=rpr
2026-10-07T12:40:43Z  OBSERVE  checkoutservice->currencyservice  rpr=0.0000  low=297 high=0  attempts=3  state=ON  metric=rpr
2026-10-07T12:40:43Z  OBSERVE  checkoutservice->emailservice  rpr=0.0000  low=295 high=0  attempts=3  state=ON  metric=rpr
2026-10-07T12:40:43Z  OBSERVE  checkoutservice->paymentservice  rpr=0.0000  low=297 high=0  attempts=3  state=ON  metric=rpr
2026-10-07T12:40:43Z  OBSERVE  checkoutservice->shippingservice  rpr=0.0000  low=297 high=0  attempts=3  state=ON  metric=rpr
2026-10-07T12:40:43Z  OBSERVE  recommendationservice->productcatalogservice  rpr=0.0000  low=298 high=0  attempts=3  state=ON  metric=rpr
2026-10-07T12:40:43Z  OBSERVE  checkoutservice  rejection=0.4000  low=0 high=1  state=OFF  metric=rejection
2026-10-07T12:40:44Z  OBSERVE  frontend->adservice  rpr=0.0000  low=299 high=0  attempts=3  state=ON  metric=rpr
2026-10-07T12:40:44Z  OBSERVE  frontend->cartservice  rpr=0.0000  low=300 high=0  attempts=3  state=ON  metric=rpr
2026-10-07T12:40:44Z  OBSERVE  frontend->currencyservice  rpr=0.0000  low=300 high=0  attempts=3  state=ON  metric=rpr
2026-10-07T12:40:44Z  OBSERVE  frontend->productcatalogservice  rpr=0.0000  low=300 high=0  attempts=3  state=ON  metric=rpr
2026-10-07T12:40:44Z  OBSERVE  frontend->recommendationservice  rpr=0.0000  low=300 high=0  attempts=3  state=ON  metric=rpr
2026-10-07T12:40:44Z  OBSERVE  frontend->shippingservice  rpr=0.0000  low=299 high=0  attempts=3  state=ON  metric=rpr
2026-10-07T12:40:44Z  OBSERVE  checkoutservice->cartservice  rpr=0.0000  low=298 high=0  attempts=3  state=ON  metric=rpr
2026-10-07T12:40:44Z  OBSERVE  checkoutservice->currencyservice  rpr=0.0000  low=298 high=0  attempts=3  state=ON  metric=rpr
2026-10-07T12:40:44Z  OBSERVE  checkoutservice->emailservice  rpr=0.0000  low=296 high=0  attempts=3  state=ON  metric=rpr
2026-10-07T12:40:44Z  OBSERVE  checkoutservice->paymentservice  rpr=0.0000  low=298 high=0  attempts=3  state=ON  metric=rpr
2026-10-07T12:40:44Z  OBSERVE  checkoutservice->shippingservice  rpr=0.0000  low=298 high=0  attempts=3  state=ON  metric=rpr
2026-10-07T12:40:44Z  OBSERVE  recommendationservice->productcatalogservice  rpr=0.0000  low=299 high=0  attempts=3  state=ON  metric=rpr
2026-10-07T12:40:44Z  OBSERVE  checkoutservice  rejection=0.3590  low=0 high=2  state=OFF  metric=rejection
2026-10-07T12:40:45Z  OBSERVE  frontend->adservice  rpr=0.0000  low=300 high=0  attempts=3  state=ON  metric=rpr
2026-10-07T12:40:45Z  OBSERVE  frontend->cartservice  rpr=0.0000  low=301 high=0  attempts=3  state=ON  metric=rpr
2026-10-07T12:40:45Z  OBSERVE  frontend->currencyservice  rpr=0.0000  low=301 high=0  attempts=3  state=ON  metric=rpr
2026-10-07T12:40:45Z  OBSERVE  frontend->productcatalogservice  rpr=0.0000  low=301 high=0  attempts=3  state=ON  metric=rpr
2026-10-07T12:40:45Z  OBSERVE  frontend->recommendationservice  rpr=0.0000  low=301 high=0  attempts=3  state=ON  metric=rpr
2026-10-07T12:40:45Z  OBSERVE  frontend->shippingservice  rpr=0.0000  low=300 high=0  attempts=3  state=ON  metric=rpr
2026-10-07T12:40:45Z  OBSERVE  checkoutservice->cartservice  rpr=0.0000  low=299 high=0  attempts=3  state=ON  metric=rpr
2026-10-07T12:40:45Z  OBSERVE  checkoutservice->currencyservice  rpr=0.0000  low=299 high=0  attempts=3  state=ON  metric=rpr
2026-10-07T12:40:45Z  OBSERVE  checkoutservice->emailservice  rpr=0.0000  low=297 high=0  attempts=3  state=ON  metric=rpr
2026-10-07T12:40:45Z  OBSERVE  checkoutservice->paymentservice  rpr=0.0000  low=299 high=0  attempts=3  state=ON  metric=rpr
2026-10-07T12:40:45Z  OBSERVE  checkoutservice->shippingservice  rpr=0.0000  low=299 high=0  attempts=3  state=ON  metric=rpr
2026-10-07T12:40:45Z  OBSERVE  recommendationservice->productcatalogservice  rpr=0.0000  low=300 high=0  attempts=3  state=ON  metric=rpr
2026-10-07T12:40:45Z  OBSERVE  checkoutservice  rejection=0.2234  low=0 high=3  state=OFF  metric=rejection
2026-10-07T12:40:46Z  OBSERVE  frontend->adservice  rpr=0.0000  low=301 high=0  attempts=3  state=ON  metric=rpr
2026-10-07T12:40:46Z  OBSERVE  frontend->cartservice  rpr=0.0000  low=302 high=0  attempts=3  state=ON  metric=rpr
2026-10-07T12:40:46Z  OBSERVE  frontend->currencyservice  rpr=0.0000  low=302 high=0  attempts=3  state=ON  metric=rpr
2026-10-07T12:40:46Z  OBSERVE  frontend->productcatalogservice  rpr=0.0000  low=302 high=0  attempts=3  state=ON  metric=rpr
2026-10-07T12:40:46Z  OBSERVE  frontend->recommendationservice  rpr=0.0000  low=302 high=0  attempts=3  state=ON  metric=rpr
2026-10-07T12:40:46Z  OBSERVE  frontend->shippingservice  rpr=0.0000  low=301 high=0  attempts=3  state=ON  metric=rpr
2026-10-07T12:40:46Z  OBSERVE  checkoutservice->cartservice  rpr=0.0000  low=300 high=0  attempts=3  state=ON  metric=rpr
2026-10-07T12:40:46Z  OBSERVE  checkoutservice->currencyservice  rpr=0.0000  low=300 high=0  attempts=3  state=ON  metric=rpr
2026-10-07T12:40:46Z  OBSERVE  checkoutservice->emailservice  rpr=0.0000  low=298 high=0  attempts=3  state=ON  metric=rpr
2026-10-07T12:40:46Z  OBSERVE  checkoutservice->paymentservice  rpr=0.0000  low=300 high=0  attempts=3  state=ON  metric=rpr
2026-10-07T12:40:46Z  OBSERVE  checkoutservice->shippingservice  rpr=0.0000  low=300 high=0  attempts=3  state=ON  metric=rpr
2026-10-07T12:40:46Z  OBSERVE  recommendationservice->productcatalogservice  rpr=0.0000  low=301 high=0  attempts=3  state=ON  metric=rpr
2026-10-07T12:40:46Z  OBSERVE  checkoutservice  rejection=0.0824  low=1 high=0  state=OFF  metric=rejection
2026-10-07T12:40:47Z  OBSERVE  frontend->adservice  rpr=0.0000  low=302 high=0  attempts=3  state=ON  metric=rpr
2026-10-07T12:40:47Z  OBSERVE  frontend->cartservice  rpr=0.0000  low=303 high=0  attempts=3  state=ON  metric=rpr
2026-10-07T12:40:47Z  OBSERVE  frontend->currencyservice  rpr=0.0000  low=303 high=0  attempts=3  state=ON  metric=rpr
2026-10-07T12:40:47Z  OBSERVE  frontend->productcatalogservice  rpr=0.0000  low=303 high=0  attempts=3  state=ON  metric=rpr
2026-10-07T12:40:47Z  OBSERVE  frontend->recommendationservice  rpr=0.0000  low=303 high=0  attempts=3  state=ON  metric=rpr
2026-10-07T12:40:47Z  OBSERVE  frontend->shippingservice  rpr=0.0000  low=302 high=0  attempts=3  state=ON  metric=rpr
2026-10-07T12:40:47Z  OBSERVE  checkoutservice->cartservice  rpr=0.0000  low=301 high=0  attempts=3  state=ON  metric=rpr
2026-10-07T12:40:47Z  OBSERVE  checkoutservice->currencyservice  rpr=0.0000  low=301 high=0  attempts=3  state=ON  metric=rpr
2026-10-07T12:40:47Z  OBSERVE  checkoutservice->emailservice  rpr=0.0000  low=299 high=0  attempts=3  state=ON  metric=rpr
2026-10-07T12:40:47Z  OBSERVE  checkoutservice->paymentservice  rpr=0.0000  low=301 high=0  attempts=3  state=ON  metric=rpr
2026-10-07T12:40:47Z  OBSERVE  checkoutservice->shippingservice  rpr=0.0000  low=301 high=0  attempts=3  state=ON  metric=rpr
2026-10-07T12:40:47Z  OBSERVE  recommendationservice->productcatalogservice  rpr=0.0000  low=302 high=0  attempts=3  state=ON  metric=rpr
2026-10-07T12:40:47Z  OBSERVE  checkoutservice  rejection=0.3298  low=0 high=1  state=OFF  metric=rejection
2026-10-07T12:40:48Z  OBSERVE  frontend->adservice  rpr=0.0000  low=303 high=0  attempts=3  state=ON  metric=rpr
2026-10-07T12:40:48Z  OBSERVE  frontend->cartservice  rpr=0.0000  low=304 high=0  attempts=3  state=ON  metric=rpr
2026-10-07T12:40:48Z  OBSERVE  frontend->currencyservice  rpr=0.0000  low=304 high=0  attempts=3  state=ON  metric=rpr
2026-10-07T12:40:48Z  OBSERVE  frontend->productcatalogservice  rpr=0.0000  low=304 high=0  attempts=3  state=ON  metric=rpr
2026-10-07T12:40:48Z  OBSERVE  frontend->recommendationservice  rpr=0.0000  low=304 high=0  attempts=3  state=ON  metric=rpr
2026-10-07T12:40:48Z  OBSERVE  frontend->shippingservice  rpr=0.0000  low=303 high=0  attempts=3  state=ON  metric=rpr
2026-10-07T12:40:48Z  OBSERVE  checkoutservice->cartservice  rpr=0.0000  low=302 high=0  attempts=3  state=ON  metric=rpr
2026-10-07T12:40:48Z  OBSERVE  checkoutservice->currencyservice  rpr=0.0000  low=302 high=0  attempts=3  state=ON  metric=rpr
2026-10-07T12:40:48Z  OBSERVE  checkoutservice->emailservice  rpr=0.0000  low=300 high=0  attempts=3  state=ON  metric=rpr
2026-10-07T12:40:48Z  OBSERVE  checkoutservice->paymentservice  rpr=0.0000  low=302 high=0  attempts=3  state=ON  metric=rpr
2026-10-07T12:40:48Z  OBSERVE  checkoutservice->shippingservice  rpr=0.0000  low=302 high=0  attempts=3  state=ON  metric=rpr
2026-10-07T12:40:48Z  OBSERVE  recommendationservice->productcatalogservice  rpr=0.0000  low=303 high=0  attempts=3  state=ON  metric=rpr
2026-10-07T12:40:48Z  OBSERVE  checkoutservice  rejection=0.3333  low=0 high=2  state=OFF  metric=rejection
2026-10-07T12:40:49Z  OBSERVE  frontend->adservice  rpr=0.0000  low=304 high=0  attempts=3  state=ON  metric=rpr
2026-10-07T12:40:49Z  OBSERVE  frontend->cartservice  rpr=0.0000  low=305 high=0  attempts=3  state=ON  metric=rpr
2026-10-07T12:40:49Z  OBSERVE  frontend->currencyservice  rpr=0.0000  low=305 high=0  attempts=3  state=ON  metric=rpr
2026-10-07T12:40:49Z  OBSERVE  frontend->productcatalogservice  rpr=0.0000  low=305 high=0  attempts=3  state=ON  metric=rpr
2026-10-07T12:40:49Z  OBSERVE  frontend->recommendationservice  rpr=0.0000  low=305 high=0  attempts=3  state=ON  metric=rpr
2026-10-07T12:40:49Z  OBSERVE  frontend->shippingservice  rpr=0.0000  low=304 high=0  attempts=3  state=ON  metric=rpr
2026-10-07T12:40:49Z  OBSERVE  checkoutservice->cartservice  rpr=0.0000  low=303 high=0  attempts=3  state=ON  metric=rpr
2026-10-07T12:40:49Z  OBSERVE  checkoutservice->currencyservice  rpr=0.0000  low=303 high=0  attempts=3  state=ON  metric=rpr
2026-10-07T12:40:49Z  OBSERVE  checkoutservice->emailservice  rpr=0.0000  low=301 high=0  attempts=3  state=ON  metric=rpr
2026-10-07T12:40:49Z  OBSERVE  checkoutservice->paymentservice  rpr=0.0000  low=303 high=0  attempts=3  state=ON  metric=rpr
2026-10-07T12:40:49Z  OBSERVE  checkoutservice->shippingservice  rpr=0.0000  low=303 high=0  attempts=3  state=ON  metric=rpr
2026-10-07T12:40:49Z  OBSERVE  recommendationservice->productcatalogservice  rpr=0.0000  low=304 high=0  attempts=3  state=ON  metric=rpr
2026-10-07T12:40:49Z  OBSERVE  checkoutservice  rejection=0.2471  low=0 high=3  state=OFF  metric=rejection
2026-10-07T12:40:50Z  OBSERVE  frontend->adservice  rpr=0.0000  low=305 high=0  attempts=3  state=ON  metric=rpr
2026-10-07T12:40:50Z  OBSERVE  frontend->cartservice  rpr=0.0000  low=306 high=0  attempts=3  state=ON  metric=rpr
2026-10-07T12:40:50Z  OBSERVE  frontend->currencyservice  rpr=0.0000  low=306 high=0  attempts=3  state=ON  metric=rpr
2026-10-07T12:40:50Z  OBSERVE  frontend->productcatalogservice  rpr=0.0000  low=306 high=0  attempts=3  state=ON  metric=rpr
2026-10-07T12:40:50Z  OBSERVE  frontend->recommendationservice  rpr=0.0000  low=306 high=0  attempts=3  state=ON  metric=rpr
2026-10-07T12:40:50Z  OBSERVE  frontend->shippingservice  rpr=0.0000  low=305 high=0  attempts=3  state=ON  metric=rpr
2026-10-07T12:40:50Z  OBSERVE  checkoutservice->cartservice  rpr=0.0000  low=304 high=0  attempts=3  state=ON  metric=rpr
2026-10-07T12:40:50Z  OBSERVE  checkoutservice->currencyservice  rpr=0.0000  low=304 high=0  attempts=3  state=ON  metric=rpr
2026-10-07T12:40:50Z  OBSERVE  checkoutservice->emailservice  rpr=0.0000  low=302 high=0  attempts=3  state=ON  metric=rpr
2026-10-07T12:40:50Z  OBSERVE  checkoutservice->paymentservice  rpr=0.0000  low=304 high=0  attempts=3  state=ON  metric=rpr
2026-10-07T12:40:50Z  OBSERVE  checkoutservice->shippingservice  rpr=0.0000  low=304 high=0  attempts=3  state=ON  metric=rpr
2026-10-07T12:40:50Z  OBSERVE  recommendationservice->productcatalogservice  rpr=0.0000  low=305 high=0  attempts=3  state=ON  metric=rpr
2026-10-07T12:40:50Z  OBSERVE  checkoutservice  rejection=0.0500  low=1 high=0  state=OFF  metric=rejection
2026-10-07T12:40:51Z  OBSERVE  frontend->adservice  rpr=0.0000  low=306 high=0  attempts=3  state=ON  metric=rpr
2026-10-07T12:40:51Z  OBSERVE  frontend->cartservice  rpr=0.0000  low=307 high=0  attempts=3  state=ON  metric=rpr
2026-10-07T12:40:51Z  OBSERVE  frontend->currencyservice  rpr=0.0000  low=307 high=0  attempts=3  state=ON  metric=rpr
2026-10-07T12:40:51Z  OBSERVE  frontend->productcatalogservice  rpr=0.0000  low=307 high=0  attempts=3  state=ON  metric=rpr
2026-10-07T12:40:51Z  OBSERVE  frontend->recommendationservice  rpr=0.0000  low=307 high=0  attempts=3  state=ON  metric=rpr
2026-10-07T12:40:51Z  OBSERVE  frontend->shippingservice  rpr=0.0000  low=306 high=0  attempts=3  state=ON  metric=rpr
2026-10-07T12:40:51Z  OBSERVE  checkoutservice->cartservice  rpr=0.0000  low=305 high=0  attempts=3  state=ON  metric=rpr
2026-10-07T12:40:51Z  OBSERVE  checkoutservice->currencyservice  rpr=0.0000  low=305 high=0  attempts=3  state=ON  metric=rpr
2026-10-07T12:40:51Z  OBSERVE  checkoutservice->emailservice  rpr=0.0000  low=303 high=0  attempts=3  state=ON  metric=rpr
2026-10-07T12:40:51Z  OBSERVE  checkoutservice->paymentservice  rpr=0.0000  low=305 high=0  attempts=3  state=ON  metric=rpr
2026-10-07T12:40:51Z  OBSERVE  checkoutservice->shippingservice  rpr=0.0000  low=305 high=0  attempts=3  state=ON  metric=rpr
2026-10-07T12:40:51Z  OBSERVE  recommendationservice->productcatalogservice  rpr=0.0000  low=306 high=0  attempts=3  state=ON  metric=rpr
2026-10-07T12:40:51Z  OBSERVE  checkoutservice  rejection=0.2043  low=0 high=1  state=OFF  metric=rejection
2026-10-07T12:40:52Z  OBSERVE  frontend->adservice  rpr=0.0000  low=307 high=0  attempts=3  state=ON  metric=rpr
2026-10-07T12:40:52Z  OBSERVE  frontend->cartservice  rpr=0.0000  low=308 high=0  attempts=3  state=ON  metric=rpr
2026-10-07T12:40:52Z  OBSERVE  frontend->currencyservice  rpr=0.0000  low=308 high=0  attempts=3  state=ON  metric=rpr
2026-10-07T12:40:52Z  OBSERVE  frontend->productcatalogservice  rpr=0.0000  low=308 high=0  attempts=3  state=ON  metric=rpr
2026-10-07T12:40:52Z  OBSERVE  frontend->recommendationservice  rpr=0.0000  low=308 high=0  attempts=3  state=ON  metric=rpr
2026-10-07T12:40:52Z  OBSERVE  frontend->shippingservice  rpr=0.0000  low=307 high=0  attempts=3  state=ON  metric=rpr
2026-10-07T12:40:52Z  OBSERVE  checkoutservice->cartservice  rpr=0.0000  low=306 high=0  attempts=3  state=ON  metric=rpr
2026-10-07T12:40:52Z  OBSERVE  checkoutservice->currencyservice  rpr=0.0000  low=306 high=0  attempts=3  state=ON  metric=rpr
2026-10-07T12:40:52Z  OBSERVE  checkoutservice->emailservice  rpr=0.0000  low=304 high=0  attempts=3  state=ON  metric=rpr
2026-10-07T12:40:52Z  OBSERVE  checkoutservice->paymentservice  rpr=0.0000  low=306 high=0  attempts=3  state=ON  metric=rpr
2026-10-07T12:40:52Z  OBSERVE  checkoutservice->shippingservice  rpr=0.0000  low=306 high=0  attempts=3  state=ON  metric=rpr
2026-10-07T12:40:52Z  OBSERVE  recommendationservice->productcatalogservice  rpr=0.0000  low=307 high=0  attempts=3  state=ON  metric=rpr
2026-10-07T12:40:52Z  OBSERVE  checkoutservice  rejection=0.2353  low=0 high=2  state=OFF  metric=rejection
2026-10-07T12:40:53Z  OBSERVE  frontend->adservice  rpr=0.0000  low=308 high=0  attempts=3  state=ON  metric=rpr
2026-10-07T12:40:53Z  OBSERVE  frontend->cartservice  rpr=0.0000  low=309 high=0  attempts=3  state=ON  metric=rpr
2026-10-07T12:40:53Z  OBSERVE  frontend->currencyservice  rpr=0.0000  low=309 high=0  attempts=3  state=ON  metric=rpr
2026-10-07T12:40:53Z  OBSERVE  frontend->productcatalogservice  rpr=0.0000  low=309 high=0  attempts=3  state=ON  metric=rpr
2026-10-07T12:40:53Z  OBSERVE  frontend->recommendationservice  rpr=0.0000  low=309 high=0  attempts=3  state=ON  metric=rpr
2026-10-07T12:40:53Z  OBSERVE  frontend->shippingservice  rpr=0.0000  low=308 high=0  attempts=3  state=ON  metric=rpr
2026-10-07T12:40:53Z  OBSERVE  checkoutservice->cartservice  rpr=0.0000  low=307 high=0  attempts=3  state=ON  metric=rpr
2026-10-07T12:40:53Z  OBSERVE  checkoutservice->currencyservice  rpr=0.0000  low=307 high=0  attempts=3  state=ON  metric=rpr
2026-10-07T12:40:53Z  OBSERVE  checkoutservice->emailservice  rpr=0.0000  low=305 high=0  attempts=3  state=ON  metric=rpr
2026-10-07T12:40:53Z  OBSERVE  checkoutservice->paymentservice  rpr=0.0000  low=307 high=0  attempts=3  state=ON  metric=rpr
2026-10-07T12:40:53Z  OBSERVE  checkoutservice->shippingservice  rpr=0.0000  low=307 high=0  attempts=3  state=ON  metric=rpr
2026-10-07T12:40:53Z  OBSERVE  recommendationservice->productcatalogservice  rpr=0.0000  low=308 high=0  attempts=3  state=ON  metric=rpr
2026-10-07T12:40:53Z  OBSERVE  checkoutservice  rejection=0.6000  low=0 high=3  state=OFF  metric=rejection
2026-10-07T12:40:54Z  OBSERVE  frontend->adservice  rpr=0.0000  low=309 high=0  attempts=3  state=ON  metric=rpr
2026-10-07T12:40:54Z  OBSERVE  frontend->cartservice  rpr=0.0000  low=310 high=0  attempts=3  state=ON  metric=rpr
2026-10-07T12:40:54Z  OBSERVE  frontend->currencyservice  rpr=0.0000  low=310 high=0  attempts=3  state=ON  metric=rpr
2026-10-07T12:40:54Z  OBSERVE  frontend->productcatalogservice  rpr=0.0000  low=310 high=0  attempts=3  state=ON  metric=rpr
2026-10-07T12:40:54Z  OBSERVE  frontend->recommendationservice  rpr=0.0000  low=310 high=0  attempts=3  state=ON  metric=rpr
2026-10-07T12:40:54Z  OBSERVE  frontend->shippingservice  rpr=0.0000  low=309 high=0  attempts=3  state=ON  metric=rpr
2026-10-07T12:40:54Z  OBSERVE  checkoutservice->cartservice  rpr=0.0000  low=308 high=0  attempts=3  state=ON  metric=rpr
2026-10-07T12:40:54Z  OBSERVE  checkoutservice->currencyservice  rpr=0.0000  low=308 high=0  attempts=3  state=ON  metric=rpr
2026-10-07T12:40:54Z  OBSERVE  checkoutservice->emailservice  rpr=0.0000  low=306 high=0  attempts=3  state=ON  metric=rpr
2026-10-07T12:40:54Z  OBSERVE  checkoutservice->paymentservice  rpr=0.0000  low=308 high=0  attempts=3  state=ON  metric=rpr
2026-10-07T12:40:54Z  OBSERVE  checkoutservice->shippingservice  rpr=0.0000  low=308 high=0  attempts=3  state=ON  metric=rpr
2026-10-07T12:40:54Z  OBSERVE  recommendationservice->productcatalogservice  rpr=0.0000  low=309 high=0  attempts=3  state=ON  metric=rpr
2026-10-07T12:40:54Z  OBSERVE  checkoutservice  rejection=0.4937  low=0 high=4  state=OFF  metric=rejection
2026-10-07T12:40:55Z  OBSERVE  frontend->adservice  rpr=0.0000  low=310 high=0  attempts=3  state=ON  metric=rpr
2026-10-07T12:40:55Z  OBSERVE  frontend->cartservice  rpr=0.0000  low=311 high=0  attempts=3  state=ON  metric=rpr
2026-10-07T12:40:55Z  OBSERVE  frontend->currencyservice  rpr=0.0000  low=311 high=0  attempts=3  state=ON  metric=rpr
2026-10-07T12:40:55Z  OBSERVE  frontend->productcatalogservice  rpr=0.0000  low=311 high=0  attempts=3  state=ON  metric=rpr
2026-10-07T12:40:55Z  OBSERVE  frontend->recommendationservice  rpr=0.0000  low=311 high=0  attempts=3  state=ON  metric=rpr
2026-10-07T12:40:55Z  OBSERVE  frontend->shippingservice  rpr=0.0000  low=310 high=0  attempts=3  state=ON  metric=rpr
2026-10-07T12:40:55Z  OBSERVE  checkoutservice->cartservice  rpr=0.0000  low=309 high=0  attempts=3  state=ON  metric=rpr
2026-10-07T12:40:55Z  OBSERVE  checkoutservice->currencyservice  rpr=0.0000  low=309 high=0  attempts=3  state=ON  metric=rpr
2026-10-07T12:40:55Z  OBSERVE  checkoutservice->emailservice  rpr=0.0000  low=307 high=0  attempts=3  state=ON  metric=rpr
2026-10-07T12:40:55Z  OBSERVE  checkoutservice->paymentservice  rpr=0.0000  low=309 high=0  attempts=3  state=ON  metric=rpr
2026-10-07T12:40:55Z  OBSERVE  checkoutservice->shippingservice  rpr=0.0000  low=309 high=0  attempts=3  state=ON  metric=rpr
2026-10-07T12:40:55Z  OBSERVE  recommendationservice->productcatalogservice  rpr=0.0000  low=310 high=0  attempts=3  state=ON  metric=rpr
2026-10-07T12:40:55Z  OBSERVE  checkoutservice  rejection=0.2673  low=0 high=5  state=OFF  metric=rejection
2026-10-07T12:40:56Z  OBSERVE  frontend->adservice  rpr=0.0000  low=311 high=0  attempts=3  state=ON  metric=rpr
2026-10-07T12:40:56Z  OBSERVE  frontend->cartservice  rpr=0.0000  low=312 high=0  attempts=3  state=ON  metric=rpr
2026-10-07T12:40:56Z  OBSERVE  frontend->currencyservice  rpr=0.0000  low=312 high=0  attempts=3  state=ON  metric=rpr
2026-10-07T12:40:56Z  OBSERVE  frontend->productcatalogservice  rpr=0.0000  low=312 high=0  attempts=3  state=ON  metric=rpr
2026-10-07T12:40:56Z  OBSERVE  frontend->recommendationservice  rpr=0.0000  low=312 high=0  attempts=3  state=ON  metric=rpr
2026-10-07T12:40:56Z  OBSERVE  frontend->shippingservice  rpr=0.0000  low=311 high=0  attempts=3  state=ON  metric=rpr
2026-10-07T12:40:56Z  OBSERVE  checkoutservice->cartservice  rpr=0.0000  low=310 high=0  attempts=3  state=ON  metric=rpr
2026-10-07T12:40:56Z  OBSERVE  checkoutservice->currencyservice  rpr=0.0000  low=310 high=0  attempts=3  state=ON  metric=rpr
2026-10-07T12:40:56Z  OBSERVE  checkoutservice->emailservice  rpr=0.0000  low=308 high=0  attempts=3  state=ON  metric=rpr
2026-10-07T12:40:56Z  OBSERVE  checkoutservice->paymentservice  rpr=0.0000  low=310 high=0  attempts=3  state=ON  metric=rpr
2026-10-07T12:40:56Z  OBSERVE  checkoutservice->shippingservice  rpr=0.0000  low=310 high=0  attempts=3  state=ON  metric=rpr
2026-10-07T12:40:56Z  OBSERVE  recommendationservice->productcatalogservice  rpr=0.0000  low=311 high=0  attempts=3  state=ON  metric=rpr
2026-10-07T12:40:56Z  OBSERVE  checkoutservice  rejection=0.0833  low=1 high=0  state=OFF  metric=rejection
2026-10-07T12:40:57Z  OBSERVE  frontend->adservice  rpr=0.0000  low=312 high=0  attempts=3  state=ON  metric=rpr
2026-10-07T12:40:57Z  OBSERVE  frontend->cartservice  rpr=0.0000  low=313 high=0  attempts=3  state=ON  metric=rpr
2026-10-07T12:40:57Z  OBSERVE  frontend->currencyservice  rpr=0.0000  low=313 high=0  attempts=3  state=ON  metric=rpr
2026-10-07T12:40:57Z  OBSERVE  frontend->productcatalogservice  rpr=0.0000  low=313 high=0  attempts=3  state=ON  metric=rpr
2026-10-07T12:40:57Z  OBSERVE  frontend->recommendationservice  rpr=0.0000  low=313 high=0  attempts=3  state=ON  metric=rpr
2026-10-07T12:40:57Z  OBSERVE  frontend->shippingservice  rpr=0.0000  low=312 high=0  attempts=3  state=ON  metric=rpr
2026-10-07T12:40:57Z  OBSERVE  checkoutservice->cartservice  rpr=0.0000  low=311 high=0  attempts=3  state=ON  metric=rpr
2026-10-07T12:40:57Z  OBSERVE  checkoutservice->currencyservice  rpr=0.0000  low=311 high=0  attempts=3  state=ON  metric=rpr
2026-10-07T12:40:57Z  OBSERVE  checkoutservice->emailservice  rpr=0.0000  low=309 high=0  attempts=3  state=ON  metric=rpr
2026-10-07T12:40:57Z  OBSERVE  checkoutservice->paymentservice  rpr=0.0000  low=311 high=0  attempts=3  state=ON  metric=rpr
2026-10-07T12:40:57Z  OBSERVE  checkoutservice->shippingservice  rpr=0.0000  low=311 high=0  attempts=3  state=ON  metric=rpr
2026-10-07T12:40:57Z  OBSERVE  recommendationservice->productcatalogservice  rpr=0.0000  low=312 high=0  attempts=3  state=ON  metric=rpr
2026-10-07T12:40:57Z  OBSERVE  checkoutservice  rejection=0.3333  low=0 high=1  state=OFF  metric=rejection
2026-10-07T12:40:58Z  OBSERVE  frontend->adservice  rpr=0.0000  low=313 high=0  attempts=3  state=ON  metric=rpr
2026-10-07T12:40:58Z  OBSERVE  frontend->cartservice  rpr=0.0000  low=314 high=0  attempts=3  state=ON  metric=rpr
2026-10-07T12:40:58Z  OBSERVE  frontend->currencyservice  rpr=0.0000  low=314 high=0  attempts=3  state=ON  metric=rpr
2026-10-07T12:40:58Z  OBSERVE  frontend->productcatalogservice  rpr=0.0000  low=314 high=0  attempts=3  state=ON  metric=rpr
2026-10-07T12:40:58Z  OBSERVE  frontend->recommendationservice  rpr=0.0000  low=314 high=0  attempts=3  state=ON  metric=rpr
2026-10-07T12:40:58Z  OBSERVE  frontend->shippingservice  rpr=0.0000  low=313 high=0  attempts=3  state=ON  metric=rpr
2026-10-07T12:40:58Z  OBSERVE  checkoutservice->cartservice  rpr=0.0000  low=312 high=0  attempts=3  state=ON  metric=rpr
2026-10-07T12:40:58Z  OBSERVE  checkoutservice->currencyservice  rpr=0.0000  low=312 high=0  attempts=3  state=ON  metric=rpr
2026-10-07T12:40:58Z  OBSERVE  checkoutservice->emailservice  rpr=0.0000  low=310 high=0  attempts=3  state=ON  metric=rpr
2026-10-07T12:40:58Z  OBSERVE  checkoutservice->paymentservice  rpr=0.0000  low=312 high=0  attempts=3  state=ON  metric=rpr
2026-10-07T12:40:58Z  OBSERVE  checkoutservice->shippingservice  rpr=0.0000  low=312 high=0  attempts=3  state=ON  metric=rpr
2026-10-07T12:40:58Z  OBSERVE  recommendationservice->productcatalogservice  rpr=0.0000  low=313 high=0  attempts=3  state=ON  metric=rpr
2026-10-07T12:40:58Z  OBSERVE  checkoutservice  rejection=0.2472  low=0 high=2  state=OFF  metric=rejection
2026-10-07T12:40:59Z  OBSERVE  frontend->adservice  rpr=0.0000  low=314 high=0  attempts=3  state=ON  metric=rpr
2026-10-07T12:40:59Z  OBSERVE  frontend->cartservice  rpr=0.0000  low=315 high=0  attempts=3  state=ON  metric=rpr
2026-10-07T12:40:59Z  OBSERVE  frontend->currencyservice  rpr=0.0000  low=315 high=0  attempts=3  state=ON  metric=rpr
2026-10-07T12:40:59Z  OBSERVE  frontend->productcatalogservice  rpr=0.0000  low=315 high=0  attempts=3  state=ON  metric=rpr
2026-10-07T12:40:59Z  OBSERVE  frontend->recommendationservice  rpr=0.0000  low=315 high=0  attempts=3  state=ON  metric=rpr
2026-10-07T12:40:59Z  OBSERVE  frontend->shippingservice  rpr=0.0000  low=314 high=0  attempts=3  state=ON  metric=rpr
2026-10-07T12:40:59Z  OBSERVE  checkoutservice->cartservice  rpr=0.0000  low=313 high=0  attempts=3  state=ON  metric=rpr
2026-10-07T12:40:59Z  OBSERVE  checkoutservice->currencyservice  rpr=0.0000  low=313 high=0  attempts=3  state=ON  metric=rpr
2026-10-07T12:40:59Z  OBSERVE  checkoutservice->emailservice  rpr=0.0000  low=311 high=0  attempts=3  state=ON  metric=rpr
2026-10-07T12:40:59Z  OBSERVE  checkoutservice->paymentservice  rpr=0.0000  low=313 high=0  attempts=3  state=ON  metric=rpr
2026-10-07T12:40:59Z  OBSERVE  checkoutservice->shippingservice  rpr=0.0000  low=313 high=0  attempts=3  state=ON  metric=rpr
2026-10-07T12:40:59Z  OBSERVE  recommendationservice->productcatalogservice  rpr=0.0000  low=314 high=0  attempts=3  state=ON  metric=rpr
2026-10-07T12:40:59Z  OBSERVE  checkoutservice  rejection=0.3882  low=0 high=3  state=OFF  metric=rejection
2026-10-07T12:41:00Z  OBSERVE  frontend->adservice  rpr=0.0000  low=315 high=0  attempts=3  state=ON  metric=rpr
2026-10-07T12:41:00Z  OBSERVE  frontend->cartservice  rpr=0.0000  low=316 high=0  attempts=3  state=ON  metric=rpr
2026-10-07T12:41:00Z  OBSERVE  frontend->currencyservice  rpr=0.0000  low=316 high=0  attempts=3  state=ON  metric=rpr
2026-10-07T12:41:00Z  OBSERVE  frontend->productcatalogservice  rpr=0.0000  low=316 high=0  attempts=3  state=ON  metric=rpr
2026-10-07T12:41:00Z  OBSERVE  frontend->recommendationservice  rpr=0.0000  low=316 high=0  attempts=3  state=ON  metric=rpr
2026-10-07T12:41:00Z  OBSERVE  frontend->shippingservice  rpr=0.0000  low=315 high=0  attempts=3  state=ON  metric=rpr
2026-10-07T12:41:00Z  OBSERVE  checkoutservice->cartservice  rpr=0.0000  low=314 high=0  attempts=3  state=ON  metric=rpr
2026-10-07T12:41:00Z  OBSERVE  checkoutservice->currencyservice  rpr=0.0000  low=314 high=0  attempts=3  state=ON  metric=rpr
2026-10-07T12:41:00Z  OBSERVE  checkoutservice->emailservice  rpr=0.0000  low=312 high=0  attempts=3  state=ON  metric=rpr
2026-10-07T12:41:00Z  OBSERVE  checkoutservice->paymentservice  rpr=0.0000  low=314 high=0  attempts=3  state=ON  metric=rpr
2026-10-07T12:41:00Z  OBSERVE  checkoutservice->shippingservice  rpr=0.0000  low=314 high=0  attempts=3  state=ON  metric=rpr
2026-10-07T12:41:00Z  OBSERVE  recommendationservice->productcatalogservice  rpr=0.0000  low=315 high=0  attempts=3  state=ON  metric=rpr
2026-10-07T12:41:00Z  OBSERVE  checkoutservice  rejection=0.2243  low=0 high=4  state=OFF  metric=rejection
2026-10-07T12:41:01Z  OBSERVE  frontend->adservice  rpr=0.0000  low=316 high=0  attempts=3  state=ON  metric=rpr
2026-10-07T12:41:01Z  OBSERVE  frontend->cartservice  rpr=0.0000  low=317 high=0  attempts=3  state=ON  metric=rpr
2026-10-07T12:41:01Z  OBSERVE  frontend->currencyservice  rpr=0.0000  low=317 high=0  attempts=3  state=ON  metric=rpr
2026-10-07T12:41:01Z  OBSERVE  frontend->productcatalogservice  rpr=0.0000  low=317 high=0  attempts=3  state=ON  metric=rpr
2026-10-07T12:41:01Z  OBSERVE  frontend->recommendationservice  rpr=0.0000  low=317 high=0  attempts=3  state=ON  metric=rpr
2026-10-07T12:41:01Z  OBSERVE  frontend->shippingservice  rpr=0.0000  low=316 high=0  attempts=3  state=ON  metric=rpr
2026-10-07T12:41:01Z  OBSERVE  checkoutservice->cartservice  rpr=0.0000  low=315 high=0  attempts=3  state=ON  metric=rpr
2026-10-07T12:41:01Z  OBSERVE  checkoutservice->currencyservice  rpr=0.0000  low=315 high=0  attempts=3  state=ON  metric=rpr
2026-10-07T12:41:01Z  OBSERVE  checkoutservice->emailservice  rpr=0.0000  low=313 high=0  attempts=3  state=ON  metric=rpr
2026-10-07T12:41:01Z  OBSERVE  checkoutservice->paymentservice  rpr=0.0000  low=315 high=0  attempts=3  state=ON  metric=rpr
2026-10-07T12:41:01Z  OBSERVE  checkoutservice->shippingservice  rpr=0.0000  low=315 high=0  attempts=3  state=ON  metric=rpr
2026-10-07T12:41:01Z  OBSERVE  recommendationservice->productcatalogservice  rpr=0.0000  low=316 high=0  attempts=3  state=ON  metric=rpr
2026-10-07T12:41:01Z  OBSERVE  checkoutservice  rejection=0.4639  low=0 high=5  state=OFF  metric=rejection
2026-10-07T12:41:02Z  OBSERVE  frontend->adservice  rpr=0.0000  low=317 high=0  attempts=3  state=ON  metric=rpr
2026-10-07T12:41:02Z  OBSERVE  frontend->cartservice  rpr=0.0000  low=318 high=0  attempts=3  state=ON  metric=rpr
2026-10-07T12:41:02Z  OBSERVE  frontend->currencyservice  rpr=0.0000  low=318 high=0  attempts=3  state=ON  metric=rpr
2026-10-07T12:41:02Z  OBSERVE  frontend->productcatalogservice  rpr=0.0000  low=318 high=0  attempts=3  state=ON  metric=rpr
2026-10-07T12:41:02Z  OBSERVE  frontend->recommendationservice  rpr=0.0000  low=318 high=0  attempts=3  state=ON  metric=rpr
2026-10-07T12:41:02Z  OBSERVE  frontend->shippingservice  rpr=0.0000  low=317 high=0  attempts=3  state=ON  metric=rpr
2026-10-07T12:41:02Z  OBSERVE  checkoutservice->cartservice  rpr=0.0000  low=316 high=0  attempts=3  state=ON  metric=rpr
2026-10-07T12:41:02Z  OBSERVE  checkoutservice->currencyservice  rpr=0.0000  low=316 high=0  attempts=3  state=ON  metric=rpr
2026-10-07T12:41:02Z  OBSERVE  checkoutservice->emailservice  rpr=0.0000  low=314 high=0  attempts=3  state=ON  metric=rpr
2026-10-07T12:41:02Z  OBSERVE  checkoutservice->paymentservice  rpr=0.0000  low=316 high=0  attempts=3  state=ON  metric=rpr
2026-10-07T12:41:02Z  OBSERVE  checkoutservice->shippingservice  rpr=0.0000  low=316 high=0  attempts=3  state=ON  metric=rpr
2026-10-07T12:41:02Z  OBSERVE  recommendationservice->productcatalogservice  rpr=0.0000  low=317 high=0  attempts=3  state=ON  metric=rpr
2026-10-07T12:41:02Z  OBSERVE  checkoutservice  rejection=0.4189  low=0 high=6  state=OFF  metric=rejection
2026-10-07T12:41:03Z  OBSERVE  frontend->adservice  rpr=0.0000  low=318 high=0  attempts=3  state=ON  metric=rpr
2026-10-07T12:41:03Z  OBSERVE  frontend->cartservice  rpr=0.0000  low=319 high=0  attempts=3  state=ON  metric=rpr
2026-10-07T12:41:03Z  OBSERVE  frontend->currencyservice  rpr=0.0000  low=319 high=0  attempts=3  state=ON  metric=rpr
2026-10-07T12:41:03Z  OBSERVE  frontend->productcatalogservice  rpr=0.0000  low=319 high=0  attempts=3  state=ON  metric=rpr
2026-10-07T12:41:03Z  OBSERVE  frontend->recommendationservice  rpr=0.0000  low=319 high=0  attempts=3  state=ON  metric=rpr
2026-10-07T12:41:03Z  OBSERVE  frontend->shippingservice  rpr=0.0000  low=318 high=0  attempts=3  state=ON  metric=rpr
2026-10-07T12:41:03Z  OBSERVE  checkoutservice->cartservice  rpr=0.0000  low=317 high=0  attempts=3  state=ON  metric=rpr
2026-10-07T12:41:03Z  OBSERVE  checkoutservice->currencyservice  rpr=0.0000  low=317 high=0  attempts=3  state=ON  metric=rpr
2026-10-07T12:41:03Z  OBSERVE  checkoutservice->emailservice  rpr=0.0000  low=315 high=0  attempts=3  state=ON  metric=rpr
2026-10-07T12:41:03Z  OBSERVE  checkoutservice->paymentservice  rpr=0.0000  low=317 high=0  attempts=3  state=ON  metric=rpr
2026-10-07T12:41:03Z  OBSERVE  checkoutservice->shippingservice  rpr=0.0000  low=317 high=0  attempts=3  state=ON  metric=rpr
2026-10-07T12:41:03Z  OBSERVE  recommendationservice->productcatalogservice  rpr=0.0000  low=318 high=0  attempts=3  state=ON  metric=rpr
2026-10-07T12:41:03Z  OBSERVE  checkoutservice  rejection=0.1786  low=0 high=7  state=OFF  metric=rejection
2026-10-07T12:41:04Z  OBSERVE  frontend->adservice  rpr=0.0000  low=319 high=0  attempts=3  state=ON  metric=rpr
2026-10-07T12:41:04Z  OBSERVE  frontend->cartservice  rpr=0.0000  low=320 high=0  attempts=3  state=ON  metric=rpr
2026-10-07T12:41:04Z  OBSERVE  frontend->currencyservice  rpr=0.0000  low=320 high=0  attempts=3  state=ON  metric=rpr
2026-10-07T12:41:04Z  OBSERVE  frontend->productcatalogservice  rpr=0.0000  low=320 high=0  attempts=3  state=ON  metric=rpr
2026-10-07T12:41:04Z  OBSERVE  frontend->recommendationservice  rpr=0.0000  low=320 high=0  attempts=3  state=ON  metric=rpr
2026-10-07T12:41:04Z  OBSERVE  frontend->shippingservice  rpr=0.0000  low=319 high=0  attempts=3  state=ON  metric=rpr
2026-10-07T12:41:04Z  OBSERVE  checkoutservice->cartservice  rpr=0.0000  low=318 high=0  attempts=3  state=ON  metric=rpr
2026-10-07T12:41:04Z  OBSERVE  checkoutservice->currencyservice  rpr=0.0000  low=318 high=0  attempts=3  state=ON  metric=rpr
2026-10-07T12:41:04Z  OBSERVE  checkoutservice->emailservice  rpr=0.0000  low=316 high=0  attempts=3  state=ON  metric=rpr
2026-10-07T12:41:04Z  OBSERVE  checkoutservice->paymentservice  rpr=0.0000  low=318 high=0  attempts=3  state=ON  metric=rpr
2026-10-07T12:41:04Z  OBSERVE  checkoutservice->shippingservice  rpr=0.0000  low=318 high=0  attempts=3  state=ON  metric=rpr
2026-10-07T12:41:04Z  OBSERVE  recommendationservice->productcatalogservice  rpr=0.0000  low=319 high=0  attempts=3  state=ON  metric=rpr
2026-10-07T12:41:04Z  OBSERVE  checkoutservice  rejection=0.3295  low=0 high=8  state=OFF  metric=rejection
2026-10-07T12:41:05Z  OBSERVE  frontend->adservice  rpr=0.0000  low=320 high=0  attempts=3  state=ON  metric=rpr
2026-10-07T12:41:05Z  OBSERVE  frontend->cartservice  rpr=0.0000  low=321 high=0  attempts=3  state=ON  metric=rpr
2026-10-07T12:41:05Z  OBSERVE  frontend->currencyservice  rpr=0.0000  low=321 high=0  attempts=3  state=ON  metric=rpr
2026-10-07T12:41:05Z  OBSERVE  frontend->productcatalogservice  rpr=0.0000  low=321 high=0  attempts=3  state=ON  metric=rpr
2026-10-07T12:41:05Z  OBSERVE  frontend->recommendationservice  rpr=0.0000  low=321 high=0  attempts=3  state=ON  metric=rpr
2026-10-07T12:41:05Z  OBSERVE  frontend->shippingservice  rpr=0.0000  low=320 high=0  attempts=3  state=ON  metric=rpr
2026-10-07T12:41:05Z  OBSERVE  checkoutservice->cartservice  rpr=0.0000  low=319 high=0  attempts=3  state=ON  metric=rpr
2026-10-07T12:41:05Z  OBSERVE  checkoutservice->currencyservice  rpr=0.0000  low=319 high=0  attempts=3  state=ON  metric=rpr
2026-10-07T12:41:05Z  OBSERVE  checkoutservice->emailservice  rpr=0.0000  low=317 high=0  attempts=3  state=ON  metric=rpr
2026-10-07T12:41:05Z  OBSERVE  checkoutservice->paymentservice  rpr=0.0000  low=319 high=0  attempts=3  state=ON  metric=rpr
2026-10-07T12:41:05Z  OBSERVE  checkoutservice->shippingservice  rpr=0.0000  low=319 high=0  attempts=3  state=ON  metric=rpr
2026-10-07T12:41:05Z  OBSERVE  recommendationservice->productcatalogservice  rpr=0.0000  low=320 high=0  attempts=3  state=ON  metric=rpr
2026-10-07T12:41:05Z  OBSERVE  checkoutservice  rejection=0.0353  low=1 high=0  state=OFF  metric=rejection
2026-10-07T12:41:06Z  OBSERVE  frontend->adservice  rpr=0.0000  low=321 high=0  attempts=3  state=ON  metric=rpr
2026-10-07T12:41:06Z  OBSERVE  frontend->cartservice  rpr=0.0000  low=322 high=0  attempts=3  state=ON  metric=rpr
2026-10-07T12:41:06Z  OBSERVE  frontend->currencyservice  rpr=0.0000  low=322 high=0  attempts=3  state=ON  metric=rpr
2026-10-07T12:41:06Z  OBSERVE  frontend->productcatalogservice  rpr=0.0000  low=322 high=0  attempts=3  state=ON  metric=rpr
2026-10-07T12:41:06Z  OBSERVE  frontend->recommendationservice  rpr=0.0000  low=322 high=0  attempts=3  state=ON  metric=rpr
2026-10-07T12:41:06Z  OBSERVE  frontend->shippingservice  rpr=0.0000  low=321 high=0  attempts=3  state=ON  metric=rpr
2026-10-07T12:41:06Z  OBSERVE  checkoutservice->cartservice  rpr=0.0000  low=320 high=0  attempts=3  state=ON  metric=rpr
2026-10-07T12:41:06Z  OBSERVE  checkoutservice->currencyservice  rpr=0.0000  low=320 high=0  attempts=3  state=ON  metric=rpr
2026-10-07T12:41:06Z  OBSERVE  checkoutservice->emailservice  rpr=0.0000  low=318 high=0  attempts=3  state=ON  metric=rpr
2026-10-07T12:41:06Z  OBSERVE  checkoutservice->paymentservice  rpr=0.0000  low=320 high=0  attempts=3  state=ON  metric=rpr
2026-10-07T12:41:06Z  OBSERVE  checkoutservice->shippingservice  rpr=0.0000  low=320 high=0  attempts=3  state=ON  metric=rpr
2026-10-07T12:41:06Z  OBSERVE  recommendationservice->productcatalogservice  rpr=0.0000  low=321 high=0  attempts=3  state=ON  metric=rpr
2026-10-07T12:41:06Z  OBSERVE  checkoutservice  rejection=0.3137  low=0 high=1  state=OFF  metric=rejection
2026-10-07T12:41:07Z  OBSERVE  frontend->adservice  rpr=0.0000  low=322 high=0  attempts=3  state=ON  metric=rpr
2026-10-07T12:41:07Z  OBSERVE  frontend->cartservice  rpr=0.0000  low=323 high=0  attempts=3  state=ON  metric=rpr
2026-10-07T12:41:07Z  OBSERVE  frontend->currencyservice  rpr=0.0000  low=323 high=0  attempts=3  state=ON  metric=rpr
2026-10-07T12:41:07Z  OBSERVE  frontend->productcatalogservice  rpr=0.0000  low=323 high=0  attempts=3  state=ON  metric=rpr
2026-10-07T12:41:07Z  OBSERVE  frontend->recommendationservice  rpr=0.0000  low=323 high=0  attempts=3  state=ON  metric=rpr
2026-10-07T12:41:07Z  OBSERVE  frontend->shippingservice  rpr=0.0000  low=322 high=0  attempts=3  state=ON  metric=rpr
2026-10-07T12:41:07Z  OBSERVE  checkoutservice->cartservice  rpr=0.0000  low=321 high=0  attempts=3  state=ON  metric=rpr
2026-10-07T12:41:07Z  OBSERVE  checkoutservice->currencyservice  rpr=0.0000  low=321 high=0  attempts=3  state=ON  metric=rpr
2026-10-07T12:41:07Z  OBSERVE  checkoutservice->emailservice  rpr=0.0000  low=319 high=0  attempts=3  state=ON  metric=rpr
2026-10-07T12:41:07Z  OBSERVE  checkoutservice->paymentservice  rpr=0.0000  low=321 high=0  attempts=3  state=ON  metric=rpr
2026-10-07T12:41:07Z  OBSERVE  checkoutservice->shippingservice  rpr=0.0000  low=321 high=0  attempts=3  state=ON  metric=rpr
2026-10-07T12:41:07Z  OBSERVE  recommendationservice->productcatalogservice  rpr=0.0000  low=322 high=0  attempts=3  state=ON  metric=rpr
2026-10-07T12:41:07Z  OBSERVE  checkoutservice  rejection=0.7065  low=0 high=2  state=OFF  metric=rejection
2026-10-07T12:41:08Z  OBSERVE  frontend->adservice  rpr=0.0000  low=323 high=0  attempts=3  state=ON  metric=rpr
2026-10-07T12:41:08Z  OBSERVE  frontend->cartservice  rpr=0.0000  low=324 high=0  attempts=3  state=ON  metric=rpr
2026-10-07T12:41:08Z  OBSERVE  frontend->currencyservice  rpr=0.0000  low=324 high=0  attempts=3  state=ON  metric=rpr
2026-10-07T12:41:08Z  OBSERVE  frontend->productcatalogservice  rpr=0.0000  low=324 high=0  attempts=3  state=ON  metric=rpr
2026-10-07T12:41:08Z  OBSERVE  frontend->recommendationservice  rpr=0.0000  low=324 high=0  attempts=3  state=ON  metric=rpr
2026-10-07T12:41:08Z  OBSERVE  frontend->shippingservice  rpr=0.0000  low=323 high=0  attempts=3  state=ON  metric=rpr
2026-10-07T12:41:08Z  OBSERVE  checkoutservice->cartservice  rpr=0.0000  low=322 high=0  attempts=3  state=ON  metric=rpr
2026-10-07T12:41:08Z  OBSERVE  checkoutservice->currencyservice  rpr=0.0000  low=322 high=0  attempts=3  state=ON  metric=rpr
2026-10-07T12:41:08Z  OBSERVE  checkoutservice->emailservice  rpr=0.0000  low=320 high=0  attempts=3  state=ON  metric=rpr
2026-10-07T12:41:08Z  OBSERVE  checkoutservice->paymentservice  rpr=0.0000  low=322 high=0  attempts=3  state=ON  metric=rpr
2026-10-07T12:41:08Z  OBSERVE  checkoutservice->shippingservice  rpr=0.0000  low=322 high=0  attempts=3  state=ON  metric=rpr
2026-10-07T12:41:08Z  OBSERVE  recommendationservice->productcatalogservice  rpr=0.0000  low=323 high=0  attempts=3  state=ON  metric=rpr
2026-10-07T12:41:08Z  OBSERVE  checkoutservice  rejection=0.4762  low=0 high=3  state=OFF  metric=rejection
2026-10-07T12:41:09Z  OBSERVE  frontend->adservice  rpr=0.0000  low=324 high=0  attempts=3  state=ON  metric=rpr
2026-10-07T12:41:09Z  OBSERVE  frontend->cartservice  rpr=0.0000  low=325 high=0  attempts=3  state=ON  metric=rpr
2026-10-07T12:41:09Z  OBSERVE  frontend->currencyservice  rpr=0.0000  low=325 high=0  attempts=3  state=ON  metric=rpr
2026-10-07T12:41:09Z  OBSERVE  frontend->productcatalogservice  rpr=0.0000  low=325 high=0  attempts=3  state=ON  metric=rpr
2026-10-07T12:41:09Z  OBSERVE  frontend->recommendationservice  rpr=0.0000  low=325 high=0  attempts=3  state=ON  metric=rpr
2026-10-07T12:41:09Z  OBSERVE  frontend->shippingservice  rpr=0.0000  low=324 high=0  attempts=3  state=ON  metric=rpr
2026-10-07T12:41:09Z  OBSERVE  checkoutservice->cartservice  rpr=0.0000  low=323 high=0  attempts=3  state=ON  metric=rpr
2026-10-07T12:41:09Z  OBSERVE  checkoutservice->currencyservice  rpr=0.0000  low=323 high=0  attempts=3  state=ON  metric=rpr
2026-10-07T12:41:09Z  OBSERVE  checkoutservice->emailservice  rpr=0.0000  low=321 high=0  attempts=3  state=ON  metric=rpr
2026-10-07T12:41:09Z  OBSERVE  checkoutservice->paymentservice  rpr=0.0000  low=323 high=0  attempts=3  state=ON  metric=rpr
2026-10-07T12:41:09Z  OBSERVE  checkoutservice->shippingservice  rpr=0.0000  low=323 high=0  attempts=3  state=ON  metric=rpr
2026-10-07T12:41:09Z  OBSERVE  recommendationservice->productcatalogservice  rpr=0.0000  low=324 high=0  attempts=3  state=ON  metric=rpr
2026-10-07T12:41:09Z  OBSERVE  checkoutservice  rejection=0.0968  low=1 high=0  state=OFF  metric=rejection
2026-10-07T12:41:10Z  OBSERVE  frontend->adservice  rpr=0.0000  low=325 high=0  attempts=3  state=ON  metric=rpr
2026-10-07T12:41:10Z  OBSERVE  frontend->cartservice  rpr=0.0000  low=326 high=0  attempts=3  state=ON  metric=rpr
2026-10-07T12:41:10Z  OBSERVE  frontend->currencyservice  rpr=0.0000  low=326 high=0  attempts=3  state=ON  metric=rpr
2026-10-07T12:41:10Z  OBSERVE  frontend->productcatalogservice  rpr=0.0000  low=326 high=0  attempts=3  state=ON  metric=rpr
2026-10-07T12:41:10Z  OBSERVE  frontend->recommendationservice  rpr=0.0000  low=326 high=0  attempts=3  state=ON  metric=rpr
2026-10-07T12:41:10Z  OBSERVE  frontend->shippingservice  rpr=0.0000  low=325 high=0  attempts=3  state=ON  metric=rpr
2026-10-07T12:41:10Z  OBSERVE  checkoutservice->cartservice  rpr=0.0000  low=324 high=0  attempts=3  state=ON  metric=rpr
2026-10-07T12:41:10Z  OBSERVE  checkoutservice->currencyservice  rpr=0.0000  low=324 high=0  attempts=3  state=ON  metric=rpr
2026-10-07T12:41:10Z  OBSERVE  checkoutservice->emailservice  rpr=0.0000  low=322 high=0  attempts=3  state=ON  metric=rpr
2026-10-07T12:41:10Z  OBSERVE  checkoutservice->paymentservice  rpr=0.0000  low=324 high=0  attempts=3  state=ON  metric=rpr
2026-10-07T12:41:10Z  OBSERVE  checkoutservice->shippingservice  rpr=0.0000  low=324 high=0  attempts=3  state=ON  metric=rpr
2026-10-07T12:41:10Z  OBSERVE  recommendationservice->productcatalogservice  rpr=0.0000  low=325 high=0  attempts=3  state=ON  metric=rpr
2026-10-07T12:41:10Z  OBSERVE  checkoutservice  rejection=0.2647  low=0 high=1  state=OFF  metric=rejection
2026-10-07T12:41:11Z  OBSERVE  frontend->adservice  rpr=0.0000  low=326 high=0  attempts=3  state=ON  metric=rpr
2026-10-07T12:41:11Z  OBSERVE  frontend->cartservice  rpr=0.0000  low=327 high=0  attempts=3  state=ON  metric=rpr
2026-10-07T12:41:11Z  OBSERVE  frontend->currencyservice  rpr=0.0000  low=327 high=0  attempts=3  state=ON  metric=rpr
2026-10-07T12:41:11Z  OBSERVE  frontend->productcatalogservice  rpr=0.0000  low=327 high=0  attempts=3  state=ON  metric=rpr
2026-10-07T12:41:11Z  OBSERVE  frontend->recommendationservice  rpr=0.0000  low=327 high=0  attempts=3  state=ON  metric=rpr
2026-10-07T12:41:11Z  OBSERVE  frontend->shippingservice  rpr=0.0000  low=326 high=0  attempts=3  state=ON  metric=rpr
2026-10-07T12:41:11Z  OBSERVE  checkoutservice->cartservice  rpr=0.0000  low=325 high=0  attempts=3  state=ON  metric=rpr
2026-10-07T12:41:11Z  OBSERVE  checkoutservice->currencyservice  rpr=0.0000  low=325 high=0  attempts=3  state=ON  metric=rpr
2026-10-07T12:41:11Z  OBSERVE  checkoutservice->emailservice  rpr=0.0000  low=323 high=0  attempts=3  state=ON  metric=rpr
2026-10-07T12:41:11Z  OBSERVE  checkoutservice->paymentservice  rpr=0.0000  low=325 high=0  attempts=3  state=ON  metric=rpr
2026-10-07T12:41:11Z  OBSERVE  checkoutservice->shippingservice  rpr=0.0000  low=325 high=0  attempts=3  state=ON  metric=rpr
2026-10-07T12:41:11Z  OBSERVE  recommendationservice->productcatalogservice  rpr=0.0000  low=326 high=0  attempts=3  state=ON  metric=rpr
2026-10-07T12:41:11Z  OBSERVE  checkoutservice  rejection=0.3913  low=0 high=2  state=OFF  metric=rejection
2026-10-07T12:41:12Z  OBSERVE  frontend->adservice  rpr=0.0000  low=327 high=0  attempts=3  state=ON  metric=rpr
2026-10-07T12:41:12Z  OBSERVE  frontend->cartservice  rpr=0.0000  low=328 high=0  attempts=3  state=ON  metric=rpr
2026-10-07T12:41:12Z  OBSERVE  frontend->currencyservice  rpr=0.0000  low=328 high=0  attempts=3  state=ON  metric=rpr
2026-10-07T12:41:12Z  OBSERVE  frontend->productcatalogservice  rpr=0.0000  low=328 high=0  attempts=3  state=ON  metric=rpr
2026-10-07T12:41:12Z  OBSERVE  frontend->recommendationservice  rpr=0.0000  low=328 high=0  attempts=3  state=ON  metric=rpr
2026-10-07T12:41:12Z  OBSERVE  frontend->shippingservice  rpr=0.0000  low=327 high=0  attempts=3  state=ON  metric=rpr
2026-10-07T12:41:12Z  OBSERVE  checkoutservice->cartservice  rpr=0.0000  low=326 high=0  attempts=3  state=ON  metric=rpr
2026-10-07T12:41:12Z  OBSERVE  checkoutservice->currencyservice  rpr=0.0000  low=326 high=0  attempts=3  state=ON  metric=rpr
2026-10-07T12:41:12Z  OBSERVE  checkoutservice->emailservice  rpr=0.0000  low=324 high=0  attempts=3  state=ON  metric=rpr
2026-10-07T12:41:12Z  OBSERVE  checkoutservice->paymentservice  rpr=0.0000  low=326 high=0  attempts=3  state=ON  metric=rpr
2026-10-07T12:41:12Z  OBSERVE  checkoutservice->shippingservice  rpr=0.0000  low=326 high=0  attempts=3  state=ON  metric=rpr
2026-10-07T12:41:12Z  OBSERVE  recommendationservice->productcatalogservice  rpr=0.0000  low=327 high=0  attempts=3  state=ON  metric=rpr
2026-10-07T12:41:12Z  OBSERVE  checkoutservice  rejection=0.3579  low=0 high=3  state=OFF  metric=rejection
2026-10-07T12:41:13Z  OBSERVE  frontend->adservice  rpr=0.0000  low=328 high=0  attempts=3  state=ON  metric=rpr
2026-10-07T12:41:13Z  OBSERVE  frontend->cartservice  rpr=0.0000  low=329 high=0  attempts=3  state=ON  metric=rpr
2026-10-07T12:41:13Z  OBSERVE  frontend->currencyservice  rpr=0.0000  low=329 high=0  attempts=3  state=ON  metric=rpr
2026-10-07T12:41:13Z  OBSERVE  frontend->productcatalogservice  rpr=0.0000  low=329 high=0  attempts=3  state=ON  metric=rpr
2026-10-07T12:41:13Z  OBSERVE  frontend->recommendationservice  rpr=0.0000  low=329 high=0  attempts=3  state=ON  metric=rpr
2026-10-07T12:41:13Z  OBSERVE  frontend->shippingservice  rpr=0.0000  low=328 high=0  attempts=3  state=ON  metric=rpr
2026-10-07T12:41:13Z  OBSERVE  checkoutservice->cartservice  rpr=0.0000  low=327 high=0  attempts=3  state=ON  metric=rpr
2026-10-07T12:41:13Z  OBSERVE  checkoutservice->currencyservice  rpr=0.0000  low=327 high=0  attempts=3  state=ON  metric=rpr
2026-10-07T12:41:13Z  OBSERVE  checkoutservice->emailservice  rpr=0.0000  low=325 high=0  attempts=3  state=ON  metric=rpr
2026-10-07T12:41:13Z  OBSERVE  checkoutservice->paymentservice  rpr=0.0000  low=327 high=0  attempts=3  state=ON  metric=rpr
2026-10-07T12:41:13Z  OBSERVE  checkoutservice->shippingservice  rpr=0.0000  low=327 high=0  attempts=3  state=ON  metric=rpr
2026-10-07T12:41:13Z  OBSERVE  recommendationservice->productcatalogservice  rpr=0.0000  low=328 high=0  attempts=3  state=ON  metric=rpr
2026-10-07T12:41:13Z  OBSERVE  checkoutservice  rejection=0.3421  low=0 high=4  state=OFF  metric=rejection
2026-10-07T12:41:14Z  OBSERVE  frontend->adservice  rpr=0.0000  low=329 high=0  attempts=3  state=ON  metric=rpr
2026-10-07T12:41:14Z  OBSERVE  frontend->cartservice  rpr=0.0000  low=330 high=0  attempts=3  state=ON  metric=rpr
2026-10-07T12:41:14Z  OBSERVE  frontend->currencyservice  rpr=0.0000  low=330 high=0  attempts=3  state=ON  metric=rpr
2026-10-07T12:41:14Z  OBSERVE  frontend->productcatalogservice  rpr=0.0000  low=330 high=0  attempts=3  state=ON  metric=rpr
2026-10-07T12:41:14Z  OBSERVE  frontend->recommendationservice  rpr=0.0000  low=330 high=0  attempts=3  state=ON  metric=rpr
2026-10-07T12:41:14Z  OBSERVE  frontend->shippingservice  rpr=0.0000  low=329 high=0  attempts=3  state=ON  metric=rpr
2026-10-07T12:41:14Z  OBSERVE  checkoutservice->cartservice  rpr=0.0000  low=328 high=0  attempts=3  state=ON  metric=rpr
2026-10-07T12:41:14Z  OBSERVE  checkoutservice->currencyservice  rpr=0.0000  low=328 high=0  attempts=3  state=ON  metric=rpr
2026-10-07T12:41:14Z  OBSERVE  checkoutservice->emailservice  rpr=0.0000  low=326 high=0  attempts=3  state=ON  metric=rpr
2026-10-07T12:41:14Z  OBSERVE  checkoutservice->paymentservice  rpr=0.0000  low=328 high=0  attempts=3  state=ON  metric=rpr
2026-10-07T12:41:14Z  OBSERVE  checkoutservice->shippingservice  rpr=0.0000  low=328 high=0  attempts=3  state=ON  metric=rpr
2026-10-07T12:41:14Z  OBSERVE  recommendationservice->productcatalogservice  rpr=0.0000  low=329 high=0  attempts=3  state=ON  metric=rpr
2026-10-07T12:41:14Z  OBSERVE  checkoutservice  rejection=0.1124  low=0 high=5  state=OFF  metric=rejection
2026-10-07T12:41:15Z  OBSERVE  frontend->adservice  rpr=0.0000  low=330 high=0  attempts=3  state=ON  metric=rpr
2026-10-07T12:41:15Z  OBSERVE  frontend->cartservice  rpr=0.0000  low=331 high=0  attempts=3  state=ON  metric=rpr
2026-10-07T12:41:15Z  OBSERVE  frontend->currencyservice  rpr=0.0000  low=331 high=0  attempts=3  state=ON  metric=rpr
2026-10-07T12:41:15Z  OBSERVE  frontend->productcatalogservice  rpr=0.0000  low=331 high=0  attempts=3  state=ON  metric=rpr
2026-10-07T12:41:15Z  OBSERVE  frontend->recommendationservice  rpr=0.0000  low=331 high=0  attempts=3  state=ON  metric=rpr
2026-10-07T12:41:15Z  OBSERVE  frontend->shippingservice  rpr=0.0000  low=330 high=0  attempts=3  state=ON  metric=rpr
2026-10-07T12:41:15Z  OBSERVE  checkoutservice->cartservice  rpr=0.0000  low=329 high=0  attempts=3  state=ON  metric=rpr
2026-10-07T12:41:15Z  OBSERVE  checkoutservice->currencyservice  rpr=0.0000  low=329 high=0  attempts=3  state=ON  metric=rpr
2026-10-07T12:41:15Z  OBSERVE  checkoutservice->emailservice  rpr=0.0000  low=327 high=0  attempts=3  state=ON  metric=rpr
2026-10-07T12:41:15Z  OBSERVE  checkoutservice->paymentservice  rpr=0.0000  low=329 high=0  attempts=3  state=ON  metric=rpr
2026-10-07T12:41:15Z  OBSERVE  checkoutservice->shippingservice  rpr=0.0000  low=329 high=0  attempts=3  state=ON  metric=rpr
2026-10-07T12:41:15Z  OBSERVE  recommendationservice->productcatalogservice  rpr=0.0000  low=330 high=0  attempts=3  state=ON  metric=rpr
2026-10-07T12:41:15Z  OBSERVE  checkoutservice  rejection=0.2000  low=0 high=6  state=OFF  metric=rejection
2026-10-07T12:41:16Z  OBSERVE  frontend->adservice  rpr=0.0000  low=331 high=0  attempts=3  state=ON  metric=rpr
2026-10-07T12:41:16Z  OBSERVE  frontend->cartservice  rpr=0.0000  low=332 high=0  attempts=3  state=ON  metric=rpr
2026-10-07T12:41:16Z  OBSERVE  frontend->currencyservice  rpr=0.0000  low=332 high=0  attempts=3  state=ON  metric=rpr
2026-10-07T12:41:16Z  OBSERVE  frontend->productcatalogservice  rpr=0.0000  low=332 high=0  attempts=3  state=ON  metric=rpr
2026-10-07T12:41:16Z  OBSERVE  frontend->recommendationservice  rpr=0.0000  low=332 high=0  attempts=3  state=ON  metric=rpr
2026-10-07T12:41:16Z  OBSERVE  frontend->shippingservice  rpr=0.0000  low=331 high=0  attempts=3  state=ON  metric=rpr
2026-10-07T12:41:16Z  OBSERVE  checkoutservice->cartservice  rpr=0.0000  low=330 high=0  attempts=3  state=ON  metric=rpr
2026-10-07T12:41:16Z  OBSERVE  checkoutservice->currencyservice  rpr=0.0000  low=330 high=0  attempts=3  state=ON  metric=rpr
2026-10-07T12:41:16Z  OBSERVE  checkoutservice->emailservice  rpr=0.0000  low=328 high=0  attempts=3  state=ON  metric=rpr
2026-10-07T12:41:16Z  OBSERVE  checkoutservice->paymentservice  rpr=0.0000  low=330 high=0  attempts=3  state=ON  metric=rpr
2026-10-07T12:41:16Z  OBSERVE  checkoutservice->shippingservice  rpr=0.0000  low=330 high=0  attempts=3  state=ON  metric=rpr
2026-10-07T12:41:16Z  OBSERVE  recommendationservice->productcatalogservice  rpr=0.0000  low=331 high=0  attempts=3  state=ON  metric=rpr
2026-10-07T12:41:16Z  OBSERVE  checkoutservice  rejection=0.2258  low=0 high=7  state=OFF  metric=rejection
2026-10-07T12:41:17Z  OBSERVE  frontend->adservice  rpr=0.0000  low=332 high=0  attempts=3  state=ON  metric=rpr
2026-10-07T12:41:17Z  OBSERVE  frontend->cartservice  rpr=0.0000  low=333 high=0  attempts=3  state=ON  metric=rpr
2026-10-07T12:41:17Z  OBSERVE  frontend->currencyservice  rpr=0.0000  low=333 high=0  attempts=3  state=ON  metric=rpr
2026-10-07T12:41:17Z  OBSERVE  frontend->productcatalogservice  rpr=0.0000  low=333 high=0  attempts=3  state=ON  metric=rpr
2026-10-07T12:41:17Z  OBSERVE  frontend->recommendationservice  rpr=0.0000  low=333 high=0  attempts=3  state=ON  metric=rpr
2026-10-07T12:41:17Z  OBSERVE  frontend->shippingservice  rpr=0.0000  low=332 high=0  attempts=3  state=ON  metric=rpr
2026-10-07T12:41:17Z  OBSERVE  checkoutservice->cartservice  rpr=0.0000  low=331 high=0  attempts=3  state=ON  metric=rpr
2026-10-07T12:41:17Z  OBSERVE  checkoutservice->currencyservice  rpr=0.0000  low=331 high=0  attempts=3  state=ON  metric=rpr
2026-10-07T12:41:17Z  OBSERVE  checkoutservice->emailservice  rpr=0.0000  low=329 high=0  attempts=3  state=ON  metric=rpr
2026-10-07T12:41:17Z  OBSERVE  checkoutservice->paymentservice  rpr=0.0000  low=331 high=0  attempts=3  state=ON  metric=rpr
2026-10-07T12:41:17Z  OBSERVE  checkoutservice->shippingservice  rpr=0.0000  low=331 high=0  attempts=3  state=ON  metric=rpr
2026-10-07T12:41:17Z  OBSERVE  recommendationservice->productcatalogservice  rpr=0.0000  low=332 high=0  attempts=3  state=ON  metric=rpr
2026-10-07T12:41:17Z  OBSERVE  checkoutservice  rejection=0.2900  low=0 high=8  state=OFF  metric=rejection
2026-10-07T12:41:18Z  OBSERVE  frontend->adservice  rpr=0.0000  low=333 high=0  attempts=3  state=ON  metric=rpr
2026-10-07T12:41:18Z  OBSERVE  frontend->cartservice  rpr=0.0000  low=334 high=0  attempts=3  state=ON  metric=rpr
2026-10-07T12:41:18Z  OBSERVE  frontend->currencyservice  rpr=0.0000  low=334 high=0  attempts=3  state=ON  metric=rpr
2026-10-07T12:41:18Z  OBSERVE  frontend->productcatalogservice  rpr=0.0000  low=334 high=0  attempts=3  state=ON  metric=rpr
2026-10-07T12:41:18Z  OBSERVE  frontend->recommendationservice  rpr=0.0000  low=334 high=0  attempts=3  state=ON  metric=rpr
2026-10-07T12:41:18Z  OBSERVE  frontend->shippingservice  rpr=0.0000  low=333 high=0  attempts=3  state=ON  metric=rpr
2026-10-07T12:41:18Z  OBSERVE  checkoutservice->cartservice  rpr=0.0000  low=332 high=0  attempts=3  state=ON  metric=rpr
2026-10-07T12:41:18Z  OBSERVE  checkoutservice->currencyservice  rpr=0.0000  low=332 high=0  attempts=3  state=ON  metric=rpr
2026-10-07T12:41:18Z  OBSERVE  checkoutservice->emailservice  rpr=0.0000  low=330 high=0  attempts=3  state=ON  metric=rpr
2026-10-07T12:41:18Z  OBSERVE  checkoutservice->paymentservice  rpr=0.0000  low=332 high=0  attempts=3  state=ON  metric=rpr
2026-10-07T12:41:18Z  OBSERVE  checkoutservice->shippingservice  rpr=0.0000  low=332 high=0  attempts=3  state=ON  metric=rpr
2026-10-07T12:41:18Z  OBSERVE  recommendationservice->productcatalogservice  rpr=0.0000  low=333 high=0  attempts=3  state=ON  metric=rpr
2026-10-07T12:41:18Z  OBSERVE  checkoutservice  rejection=0.3614  low=0 high=9  state=OFF  metric=rejection
2026-10-07T12:41:19Z  OBSERVE  frontend->adservice  rpr=0.0000  low=334 high=0  attempts=3  state=ON  metric=rpr
2026-10-07T12:41:19Z  OBSERVE  frontend->cartservice  rpr=0.0000  low=335 high=0  attempts=3  state=ON  metric=rpr
2026-10-07T12:41:19Z  OBSERVE  frontend->currencyservice  rpr=0.0000  low=335 high=0  attempts=3  state=ON  metric=rpr
2026-10-07T12:41:19Z  OBSERVE  frontend->productcatalogservice  rpr=0.0000  low=335 high=0  attempts=3  state=ON  metric=rpr
2026-10-07T12:41:19Z  OBSERVE  frontend->recommendationservice  rpr=0.0000  low=335 high=0  attempts=3  state=ON  metric=rpr
2026-10-07T12:41:19Z  OBSERVE  frontend->shippingservice  rpr=0.0000  low=334 high=0  attempts=3  state=ON  metric=rpr
2026-10-07T12:41:19Z  OBSERVE  checkoutservice->cartservice  rpr=0.0000  low=333 high=0  attempts=3  state=ON  metric=rpr
2026-10-07T12:41:19Z  OBSERVE  checkoutservice->currencyservice  rpr=0.0000  low=333 high=0  attempts=3  state=ON  metric=rpr
2026-10-07T12:41:19Z  OBSERVE  checkoutservice->emailservice  rpr=0.0000  low=331 high=0  attempts=3  state=ON  metric=rpr
2026-10-07T12:41:19Z  OBSERVE  checkoutservice->paymentservice  rpr=0.0000  low=333 high=0  attempts=3  state=ON  metric=rpr
2026-10-07T12:41:19Z  OBSERVE  checkoutservice->shippingservice  rpr=0.0000  low=333 high=0  attempts=3  state=ON  metric=rpr
2026-10-07T12:41:19Z  OBSERVE  recommendationservice->productcatalogservice  rpr=0.0000  low=334 high=0  attempts=3  state=ON  metric=rpr
2026-10-07T12:41:19Z  OBSERVE  checkoutservice  rejection=0.1548  low=0 high=10  state=OFF  metric=rejection
2026-10-07T12:41:20Z  OBSERVE  frontend->adservice  rpr=0.0000  low=335 high=0  attempts=3  state=ON  metric=rpr
2026-10-07T12:41:20Z  OBSERVE  frontend->cartservice  rpr=0.0000  low=336 high=0  attempts=3  state=ON  metric=rpr
2026-10-07T12:41:20Z  OBSERVE  frontend->currencyservice  rpr=0.0000  low=336 high=0  attempts=3  state=ON  metric=rpr
2026-10-07T12:41:20Z  OBSERVE  frontend->productcatalogservice  rpr=0.0000  low=336 high=0  attempts=3  state=ON  metric=rpr
2026-10-07T12:41:20Z  OBSERVE  frontend->recommendationservice  rpr=0.0000  low=336 high=0  attempts=3  state=ON  metric=rpr
2026-10-07T12:41:20Z  OBSERVE  frontend->shippingservice  rpr=0.0000  low=335 high=0  attempts=3  state=ON  metric=rpr
2026-10-07T12:41:20Z  OBSERVE  checkoutservice->cartservice  rpr=0.0000  low=334 high=0  attempts=3  state=ON  metric=rpr
2026-10-07T12:41:20Z  OBSERVE  checkoutservice->currencyservice  rpr=0.0000  low=334 high=0  attempts=3  state=ON  metric=rpr
2026-10-07T12:41:20Z  OBSERVE  checkoutservice->emailservice  rpr=0.0000  low=332 high=0  attempts=3  state=ON  metric=rpr
2026-10-07T12:41:20Z  OBSERVE  checkoutservice->paymentservice  rpr=0.0000  low=334 high=0  attempts=3  state=ON  metric=rpr
2026-10-07T12:41:20Z  OBSERVE  checkoutservice->shippingservice  rpr=0.0000  low=334 high=0  attempts=3  state=ON  metric=rpr
2026-10-07T12:41:20Z  OBSERVE  recommendationservice->productcatalogservice  rpr=0.0000  low=335 high=0  attempts=3  state=ON  metric=rpr
2026-10-07T12:41:20Z  OBSERVE  checkoutservice  rejection=0.1507  low=0 high=11  state=OFF  metric=rejection
2026-10-07T12:41:21Z  OBSERVE  frontend->adservice  rpr=0.0000  low=336 high=0  attempts=3  state=ON  metric=rpr
2026-10-07T12:41:21Z  OBSERVE  frontend->cartservice  rpr=0.0000  low=337 high=0  attempts=3  state=ON  metric=rpr
2026-10-07T12:41:21Z  OBSERVE  frontend->currencyservice  rpr=0.0000  low=337 high=0  attempts=3  state=ON  metric=rpr
2026-10-07T12:41:21Z  OBSERVE  frontend->productcatalogservice  rpr=0.0000  low=337 high=0  attempts=3  state=ON  metric=rpr
2026-10-07T12:41:21Z  OBSERVE  frontend->recommendationservice  rpr=0.0000  low=337 high=0  attempts=3  state=ON  metric=rpr
2026-10-07T12:41:21Z  OBSERVE  frontend->shippingservice  rpr=0.0000  low=336 high=0  attempts=3  state=ON  metric=rpr
2026-10-07T12:41:21Z  OBSERVE  checkoutservice->cartservice  rpr=0.0000  low=335 high=0  attempts=3  state=ON  metric=rpr
2026-10-07T12:41:21Z  OBSERVE  checkoutservice->currencyservice  rpr=0.0000  low=335 high=0  attempts=3  state=ON  metric=rpr
2026-10-07T12:41:21Z  OBSERVE  checkoutservice->emailservice  rpr=0.0000  low=333 high=0  attempts=3  state=ON  metric=rpr
2026-10-07T12:41:21Z  OBSERVE  checkoutservice->paymentservice  rpr=0.0000  low=335 high=0  attempts=3  state=ON  metric=rpr
2026-10-07T12:41:21Z  OBSERVE  checkoutservice->shippingservice  rpr=0.0000  low=335 high=0  attempts=3  state=ON  metric=rpr
2026-10-07T12:41:21Z  OBSERVE  recommendationservice->productcatalogservice  rpr=0.0000  low=336 high=0  attempts=3  state=ON  metric=rpr
2026-10-07T12:41:21Z  OBSERVE  checkoutservice  rejection=0.1868  low=0 high=12  state=OFF  metric=rejection
2026-10-07T12:41:22Z  OBSERVE  frontend->adservice  rpr=0.0000  low=337 high=0  attempts=3  state=ON  metric=rpr
2026-10-07T12:41:22Z  OBSERVE  frontend->cartservice  rpr=0.0000  low=338 high=0  attempts=3  state=ON  metric=rpr
2026-10-07T12:41:22Z  OBSERVE  frontend->currencyservice  rpr=0.0000  low=338 high=0  attempts=3  state=ON  metric=rpr
2026-10-07T12:41:22Z  OBSERVE  frontend->productcatalogservice  rpr=0.0000  low=338 high=0  attempts=3  state=ON  metric=rpr
2026-10-07T12:41:22Z  OBSERVE  frontend->recommendationservice  rpr=0.0000  low=338 high=0  attempts=3  state=ON  metric=rpr
2026-10-07T12:41:22Z  OBSERVE  frontend->shippingservice  rpr=0.0000  low=337 high=0  attempts=3  state=ON  metric=rpr
2026-10-07T12:41:22Z  OBSERVE  checkoutservice->cartservice  rpr=0.0000  low=336 high=0  attempts=3  state=ON  metric=rpr
2026-10-07T12:41:22Z  OBSERVE  checkoutservice->currencyservice  rpr=0.0000  low=336 high=0  attempts=3  state=ON  metric=rpr
2026-10-07T12:41:22Z  OBSERVE  checkoutservice->emailservice  rpr=0.0000  low=334 high=0  attempts=3  state=ON  metric=rpr
2026-10-07T12:41:22Z  OBSERVE  checkoutservice->paymentservice  rpr=0.0000  low=336 high=0  attempts=3  state=ON  metric=rpr
2026-10-07T12:41:22Z  OBSERVE  checkoutservice->shippingservice  rpr=0.0000  low=336 high=0  attempts=3  state=ON  metric=rpr
2026-10-07T12:41:22Z  OBSERVE  recommendationservice->productcatalogservice  rpr=0.0000  low=337 high=0  attempts=3  state=ON  metric=rpr
2026-10-07T12:41:22Z  OBSERVE  checkoutservice  rejection=0.1792  low=0 high=13  state=OFF  metric=rejection
2026-10-07T12:41:23Z  OBSERVE  frontend->adservice  rpr=0.0000  low=338 high=0  attempts=3  state=ON  metric=rpr
2026-10-07T12:41:23Z  OBSERVE  frontend->cartservice  rpr=0.0000  low=339 high=0  attempts=3  state=ON  metric=rpr
2026-10-07T12:41:23Z  OBSERVE  frontend->currencyservice  rpr=0.0000  low=339 high=0  attempts=3  state=ON  metric=rpr
2026-10-07T12:41:23Z  OBSERVE  frontend->productcatalogservice  rpr=0.0000  low=339 high=0  attempts=3  state=ON  metric=rpr
2026-10-07T12:41:23Z  OBSERVE  frontend->recommendationservice  rpr=0.0000  low=339 high=0  attempts=3  state=ON  metric=rpr
2026-10-07T12:41:23Z  OBSERVE  frontend->shippingservice  rpr=0.0000  low=338 high=0  attempts=3  state=ON  metric=rpr
2026-10-07T12:41:23Z  OBSERVE  checkoutservice->cartservice  rpr=0.0000  low=337 high=0  attempts=3  state=ON  metric=rpr
2026-10-07T12:41:23Z  OBSERVE  checkoutservice->currencyservice  rpr=0.0000  low=337 high=0  attempts=3  state=ON  metric=rpr
2026-10-07T12:41:23Z  OBSERVE  checkoutservice->emailservice  rpr=0.0000  low=335 high=0  attempts=3  state=ON  metric=rpr
2026-10-07T12:41:23Z  OBSERVE  checkoutservice->paymentservice  rpr=0.0000  low=337 high=0  attempts=3  state=ON  metric=rpr
2026-10-07T12:41:23Z  OBSERVE  checkoutservice->shippingservice  rpr=0.0000  low=337 high=0  attempts=3  state=ON  metric=rpr
2026-10-07T12:41:23Z  OBSERVE  recommendationservice->productcatalogservice  rpr=0.0000  low=338 high=0  attempts=3  state=ON  metric=rpr
2026-10-07T12:41:23Z  OBSERVE  checkoutservice  rejection=0.4333  low=0 high=14  state=OFF  metric=rejection
2026-10-07T12:41:24Z  OBSERVE  frontend->adservice  rpr=0.0000  low=339 high=0  attempts=3  state=ON  metric=rpr
2026-10-07T12:41:24Z  OBSERVE  frontend->cartservice  rpr=0.0000  low=340 high=0  attempts=3  state=ON  metric=rpr
2026-10-07T12:41:24Z  OBSERVE  frontend->currencyservice  rpr=0.0000  low=340 high=0  attempts=3  state=ON  metric=rpr
2026-10-07T12:41:24Z  OBSERVE  frontend->productcatalogservice  rpr=0.0000  low=340 high=0  attempts=3  state=ON  metric=rpr
2026-10-07T12:41:24Z  OBSERVE  frontend->recommendationservice  rpr=0.0000  low=340 high=0  attempts=3  state=ON  metric=rpr
2026-10-07T12:41:24Z  OBSERVE  frontend->shippingservice  rpr=0.0000  low=339 high=0  attempts=3  state=ON  metric=rpr
2026-10-07T12:41:24Z  OBSERVE  checkoutservice->cartservice  rpr=0.0000  low=338 high=0  attempts=3  state=ON  metric=rpr
2026-10-07T12:41:24Z  OBSERVE  checkoutservice->currencyservice  rpr=0.0000  low=338 high=0  attempts=3  state=ON  metric=rpr
2026-10-07T12:41:24Z  OBSERVE  checkoutservice->emailservice  rpr=0.0000  low=336 high=0  attempts=3  state=ON  metric=rpr
2026-10-07T12:41:24Z  OBSERVE  checkoutservice->paymentservice  rpr=0.0000  low=338 high=0  attempts=3  state=ON  metric=rpr
2026-10-07T12:41:24Z  OBSERVE  checkoutservice->shippingservice  rpr=0.0000  low=338 high=0  attempts=3  state=ON  metric=rpr
2026-10-07T12:41:24Z  OBSERVE  recommendationservice->productcatalogservice  rpr=0.0000  low=339 high=0  attempts=3  state=ON  metric=rpr
2026-10-07T12:41:24Z  OBSERVE  checkoutservice  rejection=0.3158  low=0 high=15  state=OFF  metric=rejection
2026-10-07T12:41:25Z  OBSERVE  frontend->adservice  rpr=0.0000  low=340 high=0  attempts=3  state=ON  metric=rpr
2026-10-07T12:41:25Z  OBSERVE  frontend->cartservice  rpr=0.0000  low=341 high=0  attempts=3  state=ON  metric=rpr
2026-10-07T12:41:25Z  OBSERVE  frontend->currencyservice  rpr=0.0000  low=341 high=0  attempts=3  state=ON  metric=rpr
2026-10-07T12:41:25Z  OBSERVE  frontend->productcatalogservice  rpr=0.0000  low=341 high=0  attempts=3  state=ON  metric=rpr
2026-10-07T12:41:25Z  OBSERVE  frontend->recommendationservice  rpr=0.0000  low=341 high=0  attempts=3  state=ON  metric=rpr
2026-10-07T12:41:25Z  OBSERVE  frontend->shippingservice  rpr=0.0000  low=340 high=0  attempts=3  state=ON  metric=rpr
2026-10-07T12:41:25Z  OBSERVE  checkoutservice->cartservice  rpr=0.0000  low=339 high=0  attempts=3  state=ON  metric=rpr
2026-10-07T12:41:25Z  OBSERVE  checkoutservice->currencyservice  rpr=0.0000  low=339 high=0  attempts=3  state=ON  metric=rpr
2026-10-07T12:41:25Z  OBSERVE  checkoutservice->emailservice  rpr=0.0000  low=337 high=0  attempts=3  state=ON  metric=rpr
2026-10-07T12:41:25Z  OBSERVE  checkoutservice->paymentservice  rpr=0.0000  low=339 high=0  attempts=3  state=ON  metric=rpr
2026-10-07T12:41:25Z  OBSERVE  checkoutservice->shippingservice  rpr=0.0000  low=339 high=0  attempts=3  state=ON  metric=rpr
2026-10-07T12:41:25Z  OBSERVE  recommendationservice->productcatalogservice  rpr=0.0000  low=340 high=0  attempts=3  state=ON  metric=rpr
2026-10-07T12:41:25Z  OBSERVE  checkoutservice  rejection=0.2840  low=0 high=16  state=OFF  metric=rejection
2026-10-07T12:41:26Z  OBSERVE  frontend->adservice  rpr=0.0000  low=341 high=0  attempts=3  state=ON  metric=rpr
2026-10-07T12:41:26Z  OBSERVE  frontend->cartservice  rpr=0.0000  low=342 high=0  attempts=3  state=ON  metric=rpr
2026-10-07T12:41:26Z  OBSERVE  frontend->currencyservice  rpr=0.0000  low=342 high=0  attempts=3  state=ON  metric=rpr
2026-10-07T12:41:26Z  OBSERVE  frontend->productcatalogservice  rpr=0.0000  low=342 high=0  attempts=3  state=ON  metric=rpr
2026-10-07T12:41:26Z  OBSERVE  frontend->recommendationservice  rpr=0.0000  low=342 high=0  attempts=3  state=ON  metric=rpr
2026-10-07T12:41:26Z  OBSERVE  frontend->shippingservice  rpr=0.0000  low=341 high=0  attempts=3  state=ON  metric=rpr
2026-10-07T12:41:26Z  OBSERVE  checkoutservice->cartservice  rpr=0.0000  low=340 high=0  attempts=3  state=ON  metric=rpr
2026-10-07T12:41:26Z  OBSERVE  checkoutservice->currencyservice  rpr=0.0000  low=340 high=0  attempts=3  state=ON  metric=rpr
2026-10-07T12:41:26Z  OBSERVE  checkoutservice->emailservice  rpr=0.0000  low=338 high=0  attempts=3  state=ON  metric=rpr
2026-10-07T12:41:26Z  OBSERVE  checkoutservice->paymentservice  rpr=0.0000  low=340 high=0  attempts=3  state=ON  metric=rpr
2026-10-07T12:41:26Z  OBSERVE  checkoutservice->shippingservice  rpr=0.0000  low=340 high=0  attempts=3  state=ON  metric=rpr
2026-10-07T12:41:26Z  OBSERVE  recommendationservice->productcatalogservice  rpr=0.0000  low=341 high=0  attempts=3  state=ON  metric=rpr
2026-10-07T12:41:26Z  OBSERVE  checkoutservice  rejection=0.0978  low=1 high=0  state=OFF  metric=rejection
2026-10-07T12:41:27Z  OBSERVE  frontend->adservice  rpr=0.0000  low=342 high=0  attempts=3  state=ON  metric=rpr
2026-10-07T12:41:27Z  OBSERVE  frontend->cartservice  rpr=0.0000  low=343 high=0  attempts=3  state=ON  metric=rpr
2026-10-07T12:41:27Z  OBSERVE  frontend->currencyservice  rpr=0.0000  low=343 high=0  attempts=3  state=ON  metric=rpr
2026-10-07T12:41:27Z  OBSERVE  frontend->productcatalogservice  rpr=0.0000  low=343 high=0  attempts=3  state=ON  metric=rpr
2026-10-07T12:41:27Z  OBSERVE  frontend->recommendationservice  rpr=0.0000  low=343 high=0  attempts=3  state=ON  metric=rpr
2026-10-07T12:41:27Z  OBSERVE  frontend->shippingservice  rpr=0.0000  low=342 high=0  attempts=3  state=ON  metric=rpr
2026-10-07T12:41:27Z  OBSERVE  checkoutservice->cartservice  rpr=0.0000  low=341 high=0  attempts=3  state=ON  metric=rpr
2026-10-07T12:41:27Z  OBSERVE  checkoutservice->currencyservice  rpr=0.0000  low=341 high=0  attempts=3  state=ON  metric=rpr
2026-10-07T12:41:27Z  OBSERVE  checkoutservice->emailservice  rpr=0.0000  low=339 high=0  attempts=3  state=ON  metric=rpr
2026-10-07T12:41:27Z  OBSERVE  checkoutservice->paymentservice  rpr=0.0000  low=341 high=0  attempts=3  state=ON  metric=rpr
2026-10-07T12:41:27Z  OBSERVE  checkoutservice->shippingservice  rpr=0.0000  low=341 high=0  attempts=3  state=ON  metric=rpr
2026-10-07T12:41:27Z  OBSERVE  recommendationservice->productcatalogservice  rpr=0.0000  low=342 high=0  attempts=3  state=ON  metric=rpr
2026-10-07T12:41:27Z  OBSERVE  checkoutservice  rejection=0.1939  low=0 high=1  state=OFF  metric=rejection
2026-10-07T12:41:28Z  OBSERVE  frontend->adservice  rpr=0.0000  low=343 high=0  attempts=3  state=ON  metric=rpr
2026-10-07T12:41:28Z  OBSERVE  frontend->cartservice  rpr=0.0000  low=344 high=0  attempts=3  state=ON  metric=rpr
2026-10-07T12:41:28Z  OBSERVE  frontend->currencyservice  rpr=0.0000  low=344 high=0  attempts=3  state=ON  metric=rpr
2026-10-07T12:41:28Z  OBSERVE  frontend->productcatalogservice  rpr=0.0000  low=344 high=0  attempts=3  state=ON  metric=rpr
2026-10-07T12:41:28Z  OBSERVE  frontend->recommendationservice  rpr=0.0000  low=344 high=0  attempts=3  state=ON  metric=rpr
2026-10-07T12:41:28Z  OBSERVE  frontend->shippingservice  rpr=0.0000  low=343 high=0  attempts=3  state=ON  metric=rpr
2026-10-07T12:41:28Z  OBSERVE  checkoutservice->cartservice  rpr=0.0000  low=342 high=0  attempts=3  state=ON  metric=rpr
2026-10-07T12:41:28Z  OBSERVE  checkoutservice->currencyservice  rpr=0.0000  low=342 high=0  attempts=3  state=ON  metric=rpr
2026-10-07T12:41:28Z  OBSERVE  checkoutservice->emailservice  rpr=0.0000  low=340 high=0  attempts=3  state=ON  metric=rpr
2026-10-07T12:41:28Z  OBSERVE  checkoutservice->paymentservice  rpr=0.0000  low=342 high=0  attempts=3  state=ON  metric=rpr
2026-10-07T12:41:28Z  OBSERVE  checkoutservice->shippingservice  rpr=0.0000  low=342 high=0  attempts=3  state=ON  metric=rpr
2026-10-07T12:41:28Z  OBSERVE  recommendationservice->productcatalogservice  rpr=0.0000  low=343 high=0  attempts=3  state=ON  metric=rpr
2026-10-07T12:41:28Z  OBSERVE  checkoutservice  rejection=0.3667  low=0 high=2  state=OFF  metric=rejection
2026-10-07T12:41:29Z  OBSERVE  frontend->adservice  rpr=0.0000  low=344 high=0  attempts=3  state=ON  metric=rpr
2026-10-07T12:41:29Z  OBSERVE  frontend->cartservice  rpr=0.0000  low=345 high=0  attempts=3  state=ON  metric=rpr
2026-10-07T12:41:29Z  OBSERVE  frontend->currencyservice  rpr=0.0000  low=345 high=0  attempts=3  state=ON  metric=rpr
2026-10-07T12:41:29Z  OBSERVE  frontend->productcatalogservice  rpr=0.0000  low=345 high=0  attempts=3  state=ON  metric=rpr
2026-10-07T12:41:29Z  OBSERVE  frontend->recommendationservice  rpr=0.0000  low=345 high=0  attempts=3  state=ON  metric=rpr
2026-10-07T12:41:29Z  OBSERVE  frontend->shippingservice  rpr=0.0000  low=344 high=0  attempts=3  state=ON  metric=rpr
2026-10-07T12:41:29Z  OBSERVE  checkoutservice->cartservice  rpr=0.0000  low=343 high=0  attempts=3  state=ON  metric=rpr
2026-10-07T12:41:29Z  OBSERVE  checkoutservice->currencyservice  rpr=0.0000  low=343 high=0  attempts=3  state=ON  metric=rpr
2026-10-07T12:41:29Z  OBSERVE  checkoutservice->emailservice  rpr=0.0000  low=341 high=0  attempts=3  state=ON  metric=rpr
2026-10-07T12:41:29Z  OBSERVE  checkoutservice->paymentservice  rpr=0.0000  low=343 high=0  attempts=3  state=ON  metric=rpr
2026-10-07T12:41:29Z  OBSERVE  checkoutservice->shippingservice  rpr=0.0000  low=343 high=0  attempts=3  state=ON  metric=rpr
2026-10-07T12:41:29Z  OBSERVE  recommendationservice->productcatalogservice  rpr=0.0000  low=344 high=0  attempts=3  state=ON  metric=rpr
2026-10-07T12:41:29Z  OBSERVE  checkoutservice  rejection=0.3864  low=0 high=3  state=OFF  metric=rejection
2026-10-07T12:41:30Z  OBSERVE  frontend->adservice  rpr=0.0000  low=345 high=0  attempts=3  state=ON  metric=rpr
2026-10-07T12:41:30Z  OBSERVE  frontend->cartservice  rpr=0.0000  low=346 high=0  attempts=3  state=ON  metric=rpr
2026-10-07T12:41:30Z  OBSERVE  frontend->currencyservice  rpr=0.0000  low=346 high=0  attempts=3  state=ON  metric=rpr
2026-10-07T12:41:30Z  OBSERVE  frontend->productcatalogservice  rpr=0.0000  low=346 high=0  attempts=3  state=ON  metric=rpr
2026-10-07T12:41:30Z  OBSERVE  frontend->recommendationservice  rpr=0.0000  low=346 high=0  attempts=3  state=ON  metric=rpr
2026-10-07T12:41:30Z  OBSERVE  frontend->shippingservice  rpr=0.0000  low=345 high=0  attempts=3  state=ON  metric=rpr
2026-10-07T12:41:30Z  OBSERVE  checkoutservice->cartservice  rpr=0.0000  low=344 high=0  attempts=3  state=ON  metric=rpr
2026-10-07T12:41:30Z  OBSERVE  checkoutservice->currencyservice  rpr=0.0000  low=344 high=0  attempts=3  state=ON  metric=rpr
2026-10-07T12:41:30Z  OBSERVE  checkoutservice->emailservice  rpr=0.0000  low=342 high=0  attempts=3  state=ON  metric=rpr
2026-10-07T12:41:30Z  OBSERVE  checkoutservice->paymentservice  rpr=0.0000  low=344 high=0  attempts=3  state=ON  metric=rpr
2026-10-07T12:41:30Z  OBSERVE  checkoutservice->shippingservice  rpr=0.0000  low=344 high=0  attempts=3  state=ON  metric=rpr
2026-10-07T12:41:30Z  OBSERVE  recommendationservice->productcatalogservice  rpr=0.0000  low=345 high=0  attempts=3  state=ON  metric=rpr
2026-10-07T12:41:30Z  OBSERVE  checkoutservice  rejection=0.1739  low=0 high=4  state=OFF  metric=rejection
2026-10-07T12:41:31Z  OBSERVE  frontend->adservice  rpr=0.0000  low=346 high=0  attempts=3  state=ON  metric=rpr
2026-10-07T12:41:31Z  OBSERVE  frontend->cartservice  rpr=0.0000  low=347 high=0  attempts=3  state=ON  metric=rpr
2026-10-07T12:41:31Z  OBSERVE  frontend->currencyservice  rpr=0.0000  low=347 high=0  attempts=3  state=ON  metric=rpr
2026-10-07T12:41:31Z  OBSERVE  frontend->productcatalogservice  rpr=0.0000  low=347 high=0  attempts=3  state=ON  metric=rpr
2026-10-07T12:41:31Z  OBSERVE  frontend->recommendationservice  rpr=0.0000  low=347 high=0  attempts=3  state=ON  metric=rpr
2026-10-07T12:41:31Z  OBSERVE  frontend->shippingservice  rpr=0.0000  low=346 high=0  attempts=3  state=ON  metric=rpr
2026-10-07T12:41:31Z  OBSERVE  checkoutservice->cartservice  rpr=0.0000  low=345 high=0  attempts=3  state=ON  metric=rpr
2026-10-07T12:41:31Z  OBSERVE  checkoutservice->currencyservice  rpr=0.0000  low=345 high=0  attempts=3  state=ON  metric=rpr
2026-10-07T12:41:31Z  OBSERVE  checkoutservice->emailservice  rpr=0.0000  low=343 high=0  attempts=3  state=ON  metric=rpr
2026-10-07T12:41:31Z  OBSERVE  checkoutservice->paymentservice  rpr=0.0000  low=345 high=0  attempts=3  state=ON  metric=rpr
2026-10-07T12:41:31Z  OBSERVE  checkoutservice->shippingservice  rpr=0.0000  low=345 high=0  attempts=3  state=ON  metric=rpr
2026-10-07T12:41:31Z  OBSERVE  recommendationservice->productcatalogservice  rpr=0.0000  low=346 high=0  attempts=3  state=ON  metric=rpr
2026-10-07T12:41:31Z  OBSERVE  checkoutservice  rejection=0.2803  low=0 high=5  state=OFF  metric=rejection
2026-10-07T12:41:33Z  OBSERVE  frontend->adservice  rpr=0.0000  low=347 high=0  attempts=3  state=ON  metric=rpr
2026-10-07T12:41:33Z  OBSERVE  frontend->cartservice  rpr=0.0000  low=348 high=0  attempts=3  state=ON  metric=rpr
2026-10-07T12:41:33Z  OBSERVE  frontend->currencyservice  rpr=0.0000  low=348 high=0  attempts=3  state=ON  metric=rpr
2026-10-07T12:41:33Z  OBSERVE  frontend->productcatalogservice  rpr=0.0000  low=348 high=0  attempts=3  state=ON  metric=rpr
2026-10-07T12:41:33Z  OBSERVE  frontend->recommendationservice  rpr=0.0000  low=348 high=0  attempts=3  state=ON  metric=rpr
2026-10-07T12:41:33Z  OBSERVE  frontend->shippingservice  rpr=0.0000  low=347 high=0  attempts=3  state=ON  metric=rpr
2026-10-07T12:41:33Z  OBSERVE  checkoutservice->cartservice  rpr=0.0000  low=346 high=0  attempts=3  state=ON  metric=rpr
2026-10-07T12:41:33Z  OBSERVE  checkoutservice->currencyservice  rpr=0.0000  low=346 high=0  attempts=3  state=ON  metric=rpr
2026-10-07T12:41:33Z  OBSERVE  checkoutservice->emailservice  rpr=0.0000  low=344 high=0  attempts=3  state=ON  metric=rpr
2026-10-07T12:41:33Z  OBSERVE  checkoutservice->paymentservice  rpr=0.0000  low=346 high=0  attempts=3  state=ON  metric=rpr
2026-10-07T12:41:33Z  OBSERVE  checkoutservice->shippingservice  rpr=0.0000  low=346 high=0  attempts=3  state=ON  metric=rpr
2026-10-07T12:41:33Z  OBSERVE  recommendationservice->productcatalogservice  rpr=0.0000  low=347 high=0  attempts=3  state=ON  metric=rpr
2026-10-07T12:41:33Z  OBSERVE  checkoutservice  rejection=0.4082  low=0 high=6  state=OFF  metric=rejection
2026-10-07T12:41:34Z  OBSERVE  frontend->adservice  rpr=0.0000  low=348 high=0  attempts=3  state=ON  metric=rpr
2026-10-07T12:41:34Z  OBSERVE  frontend->cartservice  rpr=0.0000  low=349 high=0  attempts=3  state=ON  metric=rpr
2026-10-07T12:41:34Z  OBSERVE  frontend->currencyservice  rpr=0.0000  low=349 high=0  attempts=3  state=ON  metric=rpr
2026-10-07T12:41:34Z  OBSERVE  frontend->productcatalogservice  rpr=0.0000  low=349 high=0  attempts=3  state=ON  metric=rpr
2026-10-07T12:41:34Z  OBSERVE  frontend->recommendationservice  rpr=0.0000  low=349 high=0  attempts=3  state=ON  metric=rpr
2026-10-07T12:41:34Z  OBSERVE  frontend->shippingservice  rpr=0.0000  low=348 high=0  attempts=3  state=ON  metric=rpr
2026-10-07T12:41:34Z  OBSERVE  checkoutservice->cartservice  rpr=0.0000  low=347 high=0  attempts=3  state=ON  metric=rpr
2026-10-07T12:41:34Z  OBSERVE  checkoutservice->currencyservice  rpr=0.0000  low=347 high=0  attempts=3  state=ON  metric=rpr
2026-10-07T12:41:34Z  OBSERVE  checkoutservice->emailservice  rpr=0.0000  low=345 high=0  attempts=3  state=ON  metric=rpr
2026-10-07T12:41:34Z  OBSERVE  checkoutservice->paymentservice  rpr=0.0000  low=347 high=0  attempts=3  state=ON  metric=rpr
2026-10-07T12:41:34Z  OBSERVE  checkoutservice->shippingservice  rpr=0.0000  low=347 high=0  attempts=3  state=ON  metric=rpr
2026-10-07T12:41:34Z  OBSERVE  recommendationservice->productcatalogservice  rpr=0.0000  low=348 high=0  attempts=3  state=ON  metric=rpr
2026-10-07T12:41:34Z  OBSERVE  checkoutservice  rejection=0.3918  low=0 high=7  state=OFF  metric=rejection
2026-10-07T12:41:35Z  OBSERVE  frontend->adservice  rpr=0.0000  low=349 high=0  attempts=3  state=ON  metric=rpr
2026-10-07T12:41:35Z  OBSERVE  frontend->cartservice  rpr=0.0000  low=350 high=0  attempts=3  state=ON  metric=rpr
2026-10-07T12:41:35Z  OBSERVE  frontend->currencyservice  rpr=0.0000  low=350 high=0  attempts=3  state=ON  metric=rpr
2026-10-07T12:41:35Z  OBSERVE  frontend->productcatalogservice  rpr=0.0000  low=350 high=0  attempts=3  state=ON  metric=rpr
2026-10-07T12:41:35Z  OBSERVE  frontend->recommendationservice  rpr=0.0000  low=350 high=0  attempts=3  state=ON  metric=rpr
2026-10-07T12:41:35Z  OBSERVE  frontend->shippingservice  rpr=0.0000  low=349 high=0  attempts=3  state=ON  metric=rpr
2026-10-07T12:41:35Z  OBSERVE  checkoutservice->cartservice  rpr=0.0000  low=348 high=0  attempts=3  state=ON  metric=rpr
2026-10-07T12:41:35Z  OBSERVE  checkoutservice->currencyservice  rpr=0.0000  low=348 high=0  attempts=3  state=ON  metric=rpr
2026-10-07T12:41:35Z  OBSERVE  checkoutservice->emailservice  rpr=0.0000  low=346 high=0  attempts=3  state=ON  metric=rpr
2026-10-07T12:41:35Z  OBSERVE  checkoutservice->paymentservice  rpr=0.0000  low=348 high=0  attempts=3  state=ON  metric=rpr
2026-10-07T12:41:35Z  OBSERVE  checkoutservice->shippingservice  rpr=0.0000  low=348 high=0  attempts=3  state=ON  metric=rpr
2026-10-07T12:41:35Z  OBSERVE  recommendationservice->productcatalogservice  rpr=0.0000  low=349 high=0  attempts=3  state=ON  metric=rpr
2026-10-07T12:41:35Z  OBSERVE  checkoutservice  rejection=0.2278  low=0 high=8  state=OFF  metric=rejection
2026-10-07T12:41:36Z  OBSERVE  frontend->adservice  rpr=0.0000  low=350 high=0  attempts=3  state=ON  metric=rpr
2026-10-07T12:41:36Z  OBSERVE  frontend->cartservice  rpr=0.0000  low=351 high=0  attempts=3  state=ON  metric=rpr
2026-10-07T12:41:36Z  OBSERVE  frontend->currencyservice  rpr=0.0000  low=351 high=0  attempts=3  state=ON  metric=rpr
2026-10-07T12:41:36Z  OBSERVE  frontend->productcatalogservice  rpr=0.0000  low=351 high=0  attempts=3  state=ON  metric=rpr
2026-10-07T12:41:36Z  OBSERVE  frontend->recommendationservice  rpr=0.0000  low=351 high=0  attempts=3  state=ON  metric=rpr
2026-10-07T12:41:36Z  OBSERVE  frontend->shippingservice  rpr=0.0000  low=350 high=0  attempts=3  state=ON  metric=rpr
2026-10-07T12:41:36Z  OBSERVE  checkoutservice->cartservice  rpr=0.0000  low=349 high=0  attempts=3  state=ON  metric=rpr
2026-10-07T12:41:36Z  OBSERVE  checkoutservice->currencyservice  rpr=0.0000  low=349 high=0  attempts=3  state=ON  metric=rpr
2026-10-07T12:41:36Z  OBSERVE  checkoutservice->emailservice  rpr=0.0000  low=347 high=0  attempts=3  state=ON  metric=rpr
2026-10-07T12:41:36Z  OBSERVE  checkoutservice->paymentservice  rpr=0.0000  low=349 high=0  attempts=3  state=ON  metric=rpr
2026-10-07T12:41:36Z  OBSERVE  checkoutservice->shippingservice  rpr=0.0000  low=349 high=0  attempts=3  state=ON  metric=rpr
2026-10-07T12:41:36Z  OBSERVE  recommendationservice->productcatalogservice  rpr=0.0000  low=350 high=0  attempts=3  state=ON  metric=rpr
2026-10-07T12:41:36Z  OBSERVE  checkoutservice  rejection=0.1319  low=0 high=9  state=OFF  metric=rejection
2026-10-07T12:41:37Z  OBSERVE  frontend->adservice  rpr=0.0000  low=351 high=0  attempts=3  state=ON  metric=rpr
2026-10-07T12:41:37Z  OBSERVE  frontend->cartservice  rpr=0.0000  low=352 high=0  attempts=3  state=ON  metric=rpr
2026-10-07T12:41:37Z  OBSERVE  frontend->currencyservice  rpr=0.0000  low=352 high=0  attempts=3  state=ON  metric=rpr
2026-10-07T12:41:37Z  OBSERVE  frontend->productcatalogservice  rpr=0.0000  low=352 high=0  attempts=3  state=ON  metric=rpr
2026-10-07T12:41:37Z  OBSERVE  frontend->recommendationservice  rpr=0.0000  low=352 high=0  attempts=3  state=ON  metric=rpr
2026-10-07T12:41:37Z  OBSERVE  frontend->shippingservice  rpr=0.0000  low=351 high=0  attempts=3  state=ON  metric=rpr
2026-10-07T12:41:37Z  OBSERVE  checkoutservice->cartservice  rpr=0.0000  low=350 high=0  attempts=3  state=ON  metric=rpr
2026-10-07T12:41:37Z  OBSERVE  checkoutservice->currencyservice  rpr=0.0000  low=350 high=0  attempts=3  state=ON  metric=rpr
2026-10-07T12:41:37Z  OBSERVE  checkoutservice->emailservice  rpr=0.0000  low=348 high=0  attempts=3  state=ON  metric=rpr
2026-10-07T12:41:37Z  OBSERVE  checkoutservice->paymentservice  rpr=0.0000  low=350 high=0  attempts=3  state=ON  metric=rpr
2026-10-07T12:41:37Z  OBSERVE  checkoutservice->shippingservice  rpr=0.0000  low=350 high=0  attempts=3  state=ON  metric=rpr
2026-10-07T12:41:37Z  OBSERVE  recommendationservice->productcatalogservice  rpr=0.0000  low=351 high=0  attempts=3  state=ON  metric=rpr
2026-10-07T12:41:37Z  OBSERVE  checkoutservice  rejection=0.2944  low=0 high=10  state=OFF  metric=rejection
2026-10-07T12:41:38Z  OBSERVE  frontend->adservice  rpr=0.0000  low=352 high=0  attempts=3  state=ON  metric=rpr
2026-10-07T12:41:38Z  OBSERVE  frontend->cartservice  rpr=0.0000  low=353 high=0  attempts=3  state=ON  metric=rpr
2026-10-07T12:41:38Z  OBSERVE  frontend->currencyservice  rpr=0.0000  low=353 high=0  attempts=3  state=ON  metric=rpr
2026-10-07T12:41:38Z  OBSERVE  frontend->productcatalogservice  rpr=0.0000  low=353 high=0  attempts=3  state=ON  metric=rpr
2026-10-07T12:41:38Z  OBSERVE  frontend->recommendationservice  rpr=0.0000  low=353 high=0  attempts=3  state=ON  metric=rpr
2026-10-07T12:41:38Z  OBSERVE  frontend->shippingservice  rpr=0.0000  low=352 high=0  attempts=3  state=ON  metric=rpr
2026-10-07T12:41:38Z  OBSERVE  checkoutservice->cartservice  rpr=0.0000  low=351 high=0  attempts=3  state=ON  metric=rpr
2026-10-07T12:41:38Z  OBSERVE  checkoutservice->currencyservice  rpr=0.0000  low=351 high=0  attempts=3  state=ON  metric=rpr
2026-10-07T12:41:38Z  OBSERVE  checkoutservice->emailservice  rpr=0.0000  low=349 high=0  attempts=3  state=ON  metric=rpr
2026-10-07T12:41:38Z  OBSERVE  checkoutservice->paymentservice  rpr=0.0000  low=351 high=0  attempts=3  state=ON  metric=rpr
2026-10-07T12:41:38Z  OBSERVE  checkoutservice->shippingservice  rpr=0.0000  low=351 high=0  attempts=3  state=ON  metric=rpr
2026-10-07T12:41:38Z  OBSERVE  recommendationservice->productcatalogservice  rpr=0.0000  low=352 high=0  attempts=3  state=ON  metric=rpr
2026-10-07T12:41:38Z  OBSERVE  checkoutservice  rejection=0.4286  low=0 high=11  state=OFF  metric=rejection
2026-10-07T12:41:39Z  OBSERVE  frontend->adservice  rpr=0.0000  low=353 high=0  attempts=3  state=ON  metric=rpr
2026-10-07T12:41:39Z  OBSERVE  frontend->cartservice  rpr=0.0000  low=354 high=0  attempts=3  state=ON  metric=rpr
2026-10-07T12:41:39Z  OBSERVE  frontend->currencyservice  rpr=0.0000  low=354 high=0  attempts=3  state=ON  metric=rpr
2026-10-07T12:41:39Z  OBSERVE  frontend->productcatalogservice  rpr=0.0000  low=354 high=0  attempts=3  state=ON  metric=rpr
2026-10-07T12:41:39Z  OBSERVE  frontend->recommendationservice  rpr=0.0000  low=354 high=0  attempts=3  state=ON  metric=rpr
2026-10-07T12:41:39Z  OBSERVE  frontend->shippingservice  rpr=0.0000  low=353 high=0  attempts=3  state=ON  metric=rpr
2026-10-07T12:41:39Z  OBSERVE  checkoutservice->cartservice  rpr=0.0000  low=352 high=0  attempts=3  state=ON  metric=rpr
2026-10-07T12:41:39Z  OBSERVE  checkoutservice->currencyservice  rpr=0.0000  low=352 high=0  attempts=3  state=ON  metric=rpr
2026-10-07T12:41:39Z  OBSERVE  checkoutservice->emailservice  rpr=0.0000  low=350 high=0  attempts=3  state=ON  metric=rpr
2026-10-07T12:41:39Z  OBSERVE  checkoutservice->paymentservice  rpr=0.0000  low=352 high=0  attempts=3  state=ON  metric=rpr
2026-10-07T12:41:39Z  OBSERVE  checkoutservice->shippingservice  rpr=0.0000  low=352 high=0  attempts=3  state=ON  metric=rpr
2026-10-07T12:41:39Z  OBSERVE  recommendationservice->productcatalogservice  rpr=0.0000  low=353 high=0  attempts=3  state=ON  metric=rpr
2026-10-07T12:41:39Z  OBSERVE  checkoutservice  rejection=0.1717  low=0 high=12  state=OFF  metric=rejection
2026-10-07T12:41:41Z  OBSERVE  frontend->adservice  rpr=0.0000  low=354 high=0  attempts=3  state=ON  metric=rpr
2026-10-07T12:41:41Z  OBSERVE  frontend->cartservice  rpr=0.0000  low=355 high=0  attempts=3  state=ON  metric=rpr
2026-10-07T12:41:41Z  OBSERVE  frontend->currencyservice  rpr=0.0000  low=355 high=0  attempts=3  state=ON  metric=rpr
2026-10-07T12:41:41Z  OBSERVE  frontend->productcatalogservice  rpr=0.0000  low=355 high=0  attempts=3  state=ON  metric=rpr
2026-10-07T12:41:41Z  OBSERVE  frontend->recommendationservice  rpr=0.0000  low=355 high=0  attempts=3  state=ON  metric=rpr
2026-10-07T12:41:41Z  OBSERVE  frontend->shippingservice  rpr=0.0000  low=354 high=0  attempts=3  state=ON  metric=rpr
2026-10-07T12:41:41Z  OBSERVE  checkoutservice->cartservice  rpr=0.0000  low=353 high=0  attempts=3  state=ON  metric=rpr
2026-10-07T12:41:41Z  OBSERVE  checkoutservice->currencyservice  rpr=0.0000  low=353 high=0  attempts=3  state=ON  metric=rpr
2026-10-07T12:41:41Z  OBSERVE  checkoutservice->emailservice  rpr=0.0000  low=351 high=0  attempts=3  state=ON  metric=rpr
2026-10-07T12:41:41Z  OBSERVE  checkoutservice->paymentservice  rpr=0.0000  low=353 high=0  attempts=3  state=ON  metric=rpr
2026-10-07T12:41:41Z  OBSERVE  checkoutservice->shippingservice  rpr=0.0000  low=353 high=0  attempts=3  state=ON  metric=rpr
2026-10-07T12:41:41Z  OBSERVE  recommendationservice->productcatalogservice  rpr=0.0000  low=354 high=0  attempts=3  state=ON  metric=rpr
2026-10-07T12:41:41Z  OBSERVE  checkoutservice  rejection=0.1685  low=0 high=13  state=OFF  metric=rejection
2026-10-07T12:41:43Z  OBSERVE  frontend->adservice  rpr=0.0000  low=355 high=0  attempts=3  state=ON  metric=rpr
2026-10-07T12:41:43Z  OBSERVE  frontend->cartservice  rpr=0.0000  low=356 high=0  attempts=3  state=ON  metric=rpr
2026-10-07T12:41:43Z  OBSERVE  frontend->currencyservice  rpr=0.0000  low=356 high=0  attempts=3  state=ON  metric=rpr
2026-10-07T12:41:43Z  OBSERVE  frontend->productcatalogservice  rpr=0.0000  low=356 high=0  attempts=3  state=ON  metric=rpr
2026-10-07T12:41:43Z  OBSERVE  frontend->recommendationservice  rpr=0.0000  low=356 high=0  attempts=3  state=ON  metric=rpr
2026-10-07T12:41:43Z  OBSERVE  frontend->shippingservice  rpr=0.0000  low=355 high=0  attempts=3  state=ON  metric=rpr
2026-10-07T12:41:43Z  OBSERVE  checkoutservice->cartservice  rpr=0.0000  low=354 high=0  attempts=3  state=ON  metric=rpr
2026-10-07T12:41:43Z  OBSERVE  checkoutservice->currencyservice  rpr=0.0000  low=354 high=0  attempts=3  state=ON  metric=rpr
2026-10-07T12:41:43Z  OBSERVE  checkoutservice->emailservice  rpr=0.0000  low=352 high=0  attempts=3  state=ON  metric=rpr
2026-10-07T12:41:43Z  OBSERVE  checkoutservice->paymentservice  rpr=0.0000  low=354 high=0  attempts=3  state=ON  metric=rpr
2026-10-07T12:41:43Z  OBSERVE  checkoutservice->shippingservice  rpr=0.0000  low=354 high=0  attempts=3  state=ON  metric=rpr
2026-10-07T12:41:43Z  OBSERVE  recommendationservice->productcatalogservice  rpr=0.0000  low=355 high=0  attempts=3  state=ON  metric=rpr
2026-10-07T12:41:43Z  OBSERVE  checkoutservice  rejection=0.3516  low=0 high=14  state=OFF  metric=rejection
2026-10-07T12:41:44Z  OBSERVE  frontend->adservice  rpr=0.0000  low=356 high=0  attempts=3  state=ON  metric=rpr
2026-10-07T12:41:44Z  OBSERVE  frontend->cartservice  rpr=0.0000  low=357 high=0  attempts=3  state=ON  metric=rpr
2026-10-07T12:41:44Z  OBSERVE  frontend->currencyservice  rpr=0.0000  low=357 high=0  attempts=3  state=ON  metric=rpr
2026-10-07T12:41:44Z  OBSERVE  frontend->productcatalogservice  rpr=0.0000  low=357 high=0  attempts=3  state=ON  metric=rpr
2026-10-07T12:41:44Z  OBSERVE  frontend->recommendationservice  rpr=0.0000  low=357 high=0  attempts=3  state=ON  metric=rpr
2026-10-07T12:41:44Z  OBSERVE  frontend->shippingservice  rpr=0.0000  low=356 high=0  attempts=3  state=ON  metric=rpr
2026-10-07T12:41:44Z  OBSERVE  checkoutservice->cartservice  rpr=0.0000  low=355 high=0  attempts=3  state=ON  metric=rpr
2026-10-07T12:41:44Z  OBSERVE  checkoutservice->currencyservice  rpr=0.0000  low=355 high=0  attempts=3  state=ON  metric=rpr
2026-10-07T12:41:44Z  OBSERVE  checkoutservice->emailservice  rpr=0.0000  low=353 high=0  attempts=3  state=ON  metric=rpr
2026-10-07T12:41:44Z  OBSERVE  checkoutservice->paymentservice  rpr=0.0000  low=355 high=0  attempts=3  state=ON  metric=rpr
2026-10-07T12:41:44Z  OBSERVE  checkoutservice->shippingservice  rpr=0.0000  low=355 high=0  attempts=3  state=ON  metric=rpr
2026-10-07T12:41:44Z  OBSERVE  recommendationservice->productcatalogservice  rpr=0.0000  low=356 high=0  attempts=3  state=ON  metric=rpr
2026-10-07T12:41:44Z  OBSERVE  checkoutservice  rejection=0.1734  low=0 high=15  state=OFF  metric=rejection
2026-10-07T12:41:46Z  OBSERVE  frontend->adservice  rpr=0.0000  low=357 high=0  attempts=3  state=ON  metric=rpr
2026-10-07T12:41:46Z  OBSERVE  frontend->cartservice  rpr=0.0000  low=358 high=0  attempts=3  state=ON  metric=rpr
2026-10-07T12:41:46Z  OBSERVE  frontend->currencyservice  rpr=0.0000  low=358 high=0  attempts=3  state=ON  metric=rpr
2026-10-07T12:41:46Z  OBSERVE  frontend->productcatalogservice  rpr=0.0000  low=358 high=0  attempts=3  state=ON  metric=rpr
2026-10-07T12:41:46Z  OBSERVE  frontend->recommendationservice  rpr=0.0000  low=358 high=0  attempts=3  state=ON  metric=rpr
2026-10-07T12:41:46Z  OBSERVE  frontend->shippingservice  rpr=0.0000  low=357 high=0  attempts=3  state=ON  metric=rpr
2026-10-07T12:41:46Z  OBSERVE  checkoutservice->cartservice  rpr=0.0000  low=356 high=0  attempts=3  state=ON  metric=rpr
2026-10-07T12:41:46Z  OBSERVE  checkoutservice->currencyservice  rpr=0.0000  low=356 high=0  attempts=3  state=ON  metric=rpr
2026-10-07T12:41:46Z  OBSERVE  checkoutservice->emailservice  rpr=0.0000  low=354 high=0  attempts=3  state=ON  metric=rpr
2026-10-07T12:41:46Z  OBSERVE  checkoutservice->paymentservice  rpr=0.0000  low=356 high=0  attempts=3  state=ON  metric=rpr
2026-10-07T12:41:46Z  OBSERVE  checkoutservice->shippingservice  rpr=0.0000  low=356 high=0  attempts=3  state=ON  metric=rpr
2026-10-07T12:41:46Z  OBSERVE  recommendationservice->productcatalogservice  rpr=0.0000  low=357 high=0  attempts=3  state=ON  metric=rpr
2026-10-07T12:41:46Z  OBSERVE  checkoutservice  rejection=0.1863  low=0 high=16  state=OFF  metric=rejection
2026-10-07T12:41:47Z  OBSERVE  frontend->adservice  rpr=0.0000  low=358 high=0  attempts=3  state=ON  metric=rpr
2026-10-07T12:41:47Z  OBSERVE  frontend->cartservice  rpr=0.0000  low=359 high=0  attempts=3  state=ON  metric=rpr
2026-10-07T12:41:47Z  OBSERVE  frontend->currencyservice  rpr=0.0000  low=359 high=0  attempts=3  state=ON  metric=rpr
2026-10-07T12:41:47Z  OBSERVE  frontend->productcatalogservice  rpr=0.0000  low=359 high=0  attempts=3  state=ON  metric=rpr
2026-10-07T12:41:47Z  OBSERVE  frontend->recommendationservice  rpr=0.0000  low=359 high=0  attempts=3  state=ON  metric=rpr
2026-10-07T12:41:47Z  OBSERVE  frontend->shippingservice  rpr=0.0000  low=358 high=0  attempts=3  state=ON  metric=rpr
2026-10-07T12:41:47Z  OBSERVE  checkoutservice->cartservice  rpr=0.0000  low=357 high=0  attempts=3  state=ON  metric=rpr
2026-10-07T12:41:47Z  OBSERVE  checkoutservice->currencyservice  rpr=0.0000  low=357 high=0  attempts=3  state=ON  metric=rpr
2026-10-07T12:41:47Z  OBSERVE  checkoutservice->emailservice  rpr=0.0000  low=355 high=0  attempts=3  state=ON  metric=rpr
2026-10-07T12:41:47Z  OBSERVE  checkoutservice->paymentservice  rpr=0.0000  low=357 high=0  attempts=3  state=ON  metric=rpr
2026-10-07T12:41:47Z  OBSERVE  checkoutservice->shippingservice  rpr=0.0000  low=357 high=0  attempts=3  state=ON  metric=rpr
2026-10-07T12:41:47Z  OBSERVE  recommendationservice->productcatalogservice  rpr=0.0000  low=358 high=0  attempts=3  state=ON  metric=rpr
2026-10-07T12:41:47Z  OBSERVE  checkoutservice  rejection=0.1754  low=0 high=17  state=OFF  metric=rejection
2026-10-07T12:41:49Z  OBSERVE  frontend->adservice  rpr=0.0000  low=359 high=0  attempts=3  state=ON  metric=rpr
2026-10-07T12:41:49Z  OBSERVE  frontend->cartservice  rpr=0.0000  low=360 high=0  attempts=3  state=ON  metric=rpr
2026-10-07T12:41:49Z  OBSERVE  frontend->currencyservice  rpr=0.0000  low=360 high=0  attempts=3  state=ON  metric=rpr
2026-10-07T12:41:49Z  OBSERVE  frontend->productcatalogservice  rpr=0.0000  low=360 high=0  attempts=3  state=ON  metric=rpr
2026-10-07T12:41:49Z  OBSERVE  frontend->recommendationservice  rpr=0.0000  low=360 high=0  attempts=3  state=ON  metric=rpr
2026-10-07T12:41:49Z  OBSERVE  frontend->shippingservice  rpr=0.0000  low=359 high=0  attempts=3  state=ON  metric=rpr
2026-10-07T12:41:49Z  OBSERVE  checkoutservice->cartservice  rpr=0.0000  low=358 high=0  attempts=3  state=ON  metric=rpr
2026-10-07T12:41:49Z  OBSERVE  checkoutservice->currencyservice  rpr=0.0000  low=358 high=0  attempts=3  state=ON  metric=rpr
2026-10-07T12:41:49Z  OBSERVE  checkoutservice->emailservice  rpr=0.0000  low=356 high=0  attempts=3  state=ON  metric=rpr
2026-10-07T12:41:49Z  OBSERVE  checkoutservice->paymentservice  rpr=0.0000  low=358 high=0  attempts=3  state=ON  metric=rpr
2026-10-07T12:41:49Z  OBSERVE  checkoutservice->shippingservice  rpr=0.0000  low=358 high=0  attempts=3  state=ON  metric=rpr
2026-10-07T12:41:49Z  OBSERVE  recommendationservice->productcatalogservice  rpr=0.0000  low=359 high=0  attempts=3  state=ON  metric=rpr
2026-10-07T12:41:49Z  OBSERVE  checkoutservice  rejection=0.2246  low=0 high=18  state=OFF  metric=rejection
2026-10-07T12:41:51Z  OBSERVE  frontend->adservice  rpr=0.0000  low=360 high=0  attempts=3  state=ON  metric=rpr
2026-10-07T12:41:51Z  OBSERVE  frontend->cartservice  rpr=0.0000  low=361 high=0  attempts=3  state=ON  metric=rpr
2026-10-07T12:41:51Z  OBSERVE  frontend->currencyservice  rpr=0.0000  low=361 high=0  attempts=3  state=ON  metric=rpr
2026-10-07T12:41:51Z  OBSERVE  frontend->productcatalogservice  rpr=0.0000  low=361 high=0  attempts=3  state=ON  metric=rpr
2026-10-07T12:41:51Z  OBSERVE  frontend->recommendationservice  rpr=0.0000  low=361 high=0  attempts=3  state=ON  metric=rpr
2026-10-07T12:41:51Z  OBSERVE  frontend->shippingservice  rpr=0.0000  low=360 high=0  attempts=3  state=ON  metric=rpr
2026-10-07T12:41:51Z  OBSERVE  checkoutservice->cartservice  rpr=0.0000  low=359 high=0  attempts=3  state=ON  metric=rpr
2026-10-07T12:41:51Z  OBSERVE  checkoutservice->currencyservice  rpr=0.0000  low=359 high=0  attempts=3  state=ON  metric=rpr
2026-10-07T12:41:51Z  OBSERVE  checkoutservice->emailservice  rpr=0.0000  low=357 high=0  attempts=3  state=ON  metric=rpr
2026-10-07T12:41:51Z  OBSERVE  checkoutservice->paymentservice  rpr=0.0000  low=359 high=0  attempts=3  state=ON  metric=rpr
2026-10-07T12:41:51Z  OBSERVE  checkoutservice->shippingservice  rpr=0.0000  low=359 high=0  attempts=3  state=ON  metric=rpr
2026-10-07T12:41:51Z  OBSERVE  recommendationservice->productcatalogservice  rpr=0.0000  low=360 high=0  attempts=3  state=ON  metric=rpr
2026-10-07T12:41:51Z  OBSERVE  checkoutservice  rejection=0.1461  low=0 high=19  state=OFF  metric=rejection
2026-10-07T12:41:52Z  OBSERVE  frontend->adservice  rpr=0.0000  low=361 high=0  attempts=3  state=ON  metric=rpr
2026-10-07T12:41:52Z  OBSERVE  frontend->cartservice  rpr=0.0000  low=362 high=0  attempts=3  state=ON  metric=rpr
2026-10-07T12:41:52Z  OBSERVE  frontend->currencyservice  rpr=0.0000  low=362 high=0  attempts=3  state=ON  metric=rpr
2026-10-07T12:41:52Z  OBSERVE  frontend->productcatalogservice  rpr=0.0000  low=362 high=0  attempts=3  state=ON  metric=rpr
2026-10-07T12:41:52Z  OBSERVE  frontend->recommendationservice  rpr=0.0000  low=362 high=0  attempts=3  state=ON  metric=rpr
2026-10-07T12:41:52Z  OBSERVE  frontend->shippingservice  rpr=0.0000  low=361 high=0  attempts=3  state=ON  metric=rpr
2026-10-07T12:41:52Z  OBSERVE  checkoutservice->cartservice  rpr=0.0000  low=360 high=0  attempts=3  state=ON  metric=rpr
2026-10-07T12:41:52Z  OBSERVE  checkoutservice->currencyservice  rpr=0.0000  low=360 high=0  attempts=3  state=ON  metric=rpr
2026-10-07T12:41:52Z  OBSERVE  checkoutservice->emailservice  rpr=0.0000  low=358 high=0  attempts=3  state=ON  metric=rpr
2026-10-07T12:41:52Z  OBSERVE  checkoutservice->paymentservice  rpr=0.0000  low=360 high=0  attempts=3  state=ON  metric=rpr
2026-10-07T12:41:52Z  OBSERVE  checkoutservice->shippingservice  rpr=0.0000  low=360 high=0  attempts=3  state=ON  metric=rpr
2026-10-07T12:41:52Z  OBSERVE  recommendationservice->productcatalogservice  rpr=0.0000  low=361 high=0  attempts=3  state=ON  metric=rpr
2026-10-07T12:41:52Z  OBSERVE  checkoutservice  rejection=0.2947  low=0 high=20  state=OFF  metric=rejection
2026-10-07T12:41:53Z  OBSERVE  frontend->adservice  rpr=0.0000  low=362 high=0  attempts=3  state=ON  metric=rpr
2026-10-07T12:41:53Z  OBSERVE  frontend->cartservice  rpr=0.0000  low=363 high=0  attempts=3  state=ON  metric=rpr
2026-10-07T12:41:53Z  OBSERVE  frontend->currencyservice  rpr=0.0000  low=363 high=0  attempts=3  state=ON  metric=rpr
2026-10-07T12:41:53Z  OBSERVE  frontend->productcatalogservice  rpr=0.0000  low=363 high=0  attempts=3  state=ON  metric=rpr
2026-10-07T12:41:53Z  OBSERVE  frontend->recommendationservice  rpr=0.0000  low=363 high=0  attempts=3  state=ON  metric=rpr
2026-10-07T12:41:53Z  OBSERVE  frontend->shippingservice  rpr=0.0000  low=362 high=0  attempts=3  state=ON  metric=rpr
2026-10-07T12:41:53Z  OBSERVE  checkoutservice->cartservice  rpr=0.0000  low=361 high=0  attempts=3  state=ON  metric=rpr
2026-10-07T12:41:53Z  OBSERVE  checkoutservice->currencyservice  rpr=0.0000  low=361 high=0  attempts=3  state=ON  metric=rpr
2026-10-07T12:41:53Z  OBSERVE  checkoutservice->emailservice  rpr=0.0000  low=359 high=0  attempts=3  state=ON  metric=rpr
2026-10-07T12:41:53Z  OBSERVE  checkoutservice->paymentservice  rpr=0.0000  low=361 high=0  attempts=3  state=ON  metric=rpr
2026-10-07T12:41:53Z  OBSERVE  checkoutservice->shippingservice  rpr=0.0000  low=361 high=0  attempts=3  state=ON  metric=rpr
2026-10-07T12:41:53Z  OBSERVE  recommendationservice->productcatalogservice  rpr=0.0000  low=362 high=0  attempts=3  state=ON  metric=rpr
2026-10-07T12:41:53Z  OBSERVE  checkoutservice  rejection=0.3372  low=0 high=21  state=OFF  metric=rejection
2026-10-07T12:41:54Z  OBSERVE  frontend->adservice  rpr=0.0000  low=363 high=0  attempts=3  state=ON  metric=rpr
2026-10-07T12:41:54Z  OBSERVE  frontend->cartservice  rpr=0.0000  low=364 high=0  attempts=3  state=ON  metric=rpr
2026-10-07T12:41:54Z  OBSERVE  frontend->currencyservice  rpr=0.0000  low=364 high=0  attempts=3  state=ON  metric=rpr
2026-10-07T12:41:54Z  OBSERVE  frontend->productcatalogservice  rpr=0.0000  low=364 high=0  attempts=3  state=ON  metric=rpr
2026-10-07T12:41:54Z  OBSERVE  frontend->recommendationservice  rpr=0.0000  low=364 high=0  attempts=3  state=ON  metric=rpr
2026-10-07T12:41:54Z  OBSERVE  frontend->shippingservice  rpr=0.0000  low=363 high=0  attempts=3  state=ON  metric=rpr
2026-10-07T12:41:54Z  OBSERVE  checkoutservice->cartservice  rpr=0.0000  low=362 high=0  attempts=3  state=ON  metric=rpr
2026-10-07T12:41:54Z  OBSERVE  checkoutservice->currencyservice  rpr=0.0000  low=362 high=0  attempts=3  state=ON  metric=rpr
2026-10-07T12:41:54Z  OBSERVE  checkoutservice->emailservice  rpr=0.0000  low=360 high=0  attempts=3  state=ON  metric=rpr
2026-10-07T12:41:54Z  OBSERVE  checkoutservice->paymentservice  rpr=0.0000  low=362 high=0  attempts=3  state=ON  metric=rpr
2026-10-07T12:41:54Z  OBSERVE  checkoutservice->shippingservice  rpr=0.0000  low=362 high=0  attempts=3  state=ON  metric=rpr
2026-10-07T12:41:54Z  OBSERVE  recommendationservice->productcatalogservice  rpr=0.0000  low=363 high=0  attempts=3  state=ON  metric=rpr
2026-10-07T12:41:54Z  OBSERVE  checkoutservice  rejection=0.3699  low=0 high=22  state=OFF  metric=rejection
2026-10-07T12:41:56Z  OBSERVE  frontend->adservice  rpr=0.0000  low=364 high=0  attempts=3  state=ON  metric=rpr
2026-10-07T12:41:56Z  OBSERVE  frontend->cartservice  rpr=0.0000  low=365 high=0  attempts=3  state=ON  metric=rpr
2026-10-07T12:41:56Z  OBSERVE  frontend->currencyservice  rpr=0.0000  low=365 high=0  attempts=3  state=ON  metric=rpr
2026-10-07T12:41:56Z  OBSERVE  frontend->productcatalogservice  rpr=0.0000  low=365 high=0  attempts=3  state=ON  metric=rpr
2026-10-07T12:41:56Z  OBSERVE  frontend->recommendationservice  rpr=0.0000  low=365 high=0  attempts=3  state=ON  metric=rpr
2026-10-07T12:41:56Z  OBSERVE  frontend->shippingservice  rpr=0.0000  low=364 high=0  attempts=3  state=ON  metric=rpr
2026-10-07T12:41:56Z  OBSERVE  checkoutservice->cartservice  rpr=0.0000  low=363 high=0  attempts=3  state=ON  metric=rpr
2026-10-07T12:41:56Z  OBSERVE  checkoutservice->currencyservice  rpr=0.0000  low=363 high=0  attempts=3  state=ON  metric=rpr
2026-10-07T12:41:56Z  OBSERVE  checkoutservice->emailservice  rpr=0.0000  low=361 high=0  attempts=3  state=ON  metric=rpr
2026-10-07T12:41:56Z  OBSERVE  checkoutservice->paymentservice  rpr=0.0000  low=363 high=0  attempts=3  state=ON  metric=rpr
2026-10-07T12:41:56Z  OBSERVE  checkoutservice->shippingservice  rpr=0.0000  low=363 high=0  attempts=3  state=ON  metric=rpr
2026-10-07T12:41:56Z  OBSERVE  recommendationservice->productcatalogservice  rpr=0.0000  low=364 high=0  attempts=3  state=ON  metric=rpr
2026-10-07T12:41:56Z  OBSERVE  checkoutservice  rejection=0.1484  low=0 high=23  state=OFF  metric=rejection
2026-10-07T12:41:57Z  OBSERVE  frontend->adservice  rpr=0.0000  low=365 high=0  attempts=3  state=ON  metric=rpr
2026-10-07T12:41:57Z  OBSERVE  frontend->cartservice  rpr=0.0000  low=366 high=0  attempts=3  state=ON  metric=rpr
2026-10-07T12:41:57Z  OBSERVE  frontend->currencyservice  rpr=0.0000  low=366 high=0  attempts=3  state=ON  metric=rpr
2026-10-07T12:41:57Z  OBSERVE  frontend->productcatalogservice  rpr=0.0000  low=366 high=0  attempts=3  state=ON  metric=rpr
2026-10-07T12:41:57Z  OBSERVE  frontend->recommendationservice  rpr=0.0000  low=366 high=0  attempts=3  state=ON  metric=rpr
2026-10-07T12:41:57Z  OBSERVE  frontend->shippingservice  rpr=0.0000  low=365 high=0  attempts=3  state=ON  metric=rpr
2026-10-07T12:41:57Z  OBSERVE  checkoutservice->cartservice  rpr=0.0000  low=364 high=0  attempts=3  state=ON  metric=rpr
2026-10-07T12:41:57Z  OBSERVE  checkoutservice->currencyservice  rpr=0.0000  low=364 high=0  attempts=3  state=ON  metric=rpr
2026-10-07T12:41:57Z  OBSERVE  checkoutservice->emailservice  rpr=0.0000  low=362 high=0  attempts=3  state=ON  metric=rpr
2026-10-07T12:41:57Z  OBSERVE  checkoutservice->paymentservice  rpr=0.0000  low=364 high=0  attempts=3  state=ON  metric=rpr
2026-10-07T12:41:57Z  OBSERVE  checkoutservice->shippingservice  rpr=0.0000  low=364 high=0  attempts=3  state=ON  metric=rpr
2026-10-07T12:41:57Z  OBSERVE  recommendationservice->productcatalogservice  rpr=0.0000  low=365 high=0  attempts=3  state=ON  metric=rpr
2026-10-07T12:41:57Z  OBSERVE  checkoutservice  rejection=0.4778  low=0 high=24  state=OFF  metric=rejection
2026-10-07T12:41:58Z  OBSERVE  frontend->adservice  rpr=0.0000  low=366 high=0  attempts=3  state=ON  metric=rpr
2026-10-07T12:41:58Z  OBSERVE  frontend->cartservice  rpr=0.0000  low=367 high=0  attempts=3  state=ON  metric=rpr
2026-10-07T12:41:58Z  OBSERVE  frontend->currencyservice  rpr=0.0000  low=367 high=0  attempts=3  state=ON  metric=rpr
2026-10-07T12:41:58Z  OBSERVE  frontend->productcatalogservice  rpr=0.0000  low=367 high=0  attempts=3  state=ON  metric=rpr
2026-10-07T12:41:58Z  OBSERVE  frontend->recommendationservice  rpr=0.0000  low=367 high=0  attempts=3  state=ON  metric=rpr
2026-10-07T12:41:58Z  OBSERVE  frontend->shippingservice  rpr=0.0000  low=366 high=0  attempts=3  state=ON  metric=rpr
2026-10-07T12:41:58Z  OBSERVE  checkoutservice->cartservice  rpr=0.0000  low=365 high=0  attempts=3  state=ON  metric=rpr
2026-10-07T12:41:58Z  OBSERVE  checkoutservice->currencyservice  rpr=0.0000  low=365 high=0  attempts=3  state=ON  metric=rpr
2026-10-07T12:41:58Z  OBSERVE  checkoutservice->emailservice  rpr=0.0000  low=363 high=0  attempts=3  state=ON  metric=rpr
2026-10-07T12:41:58Z  OBSERVE  checkoutservice->paymentservice  rpr=0.0000  low=365 high=0  attempts=3  state=ON  metric=rpr
2026-10-07T12:41:58Z  OBSERVE  checkoutservice->shippingservice  rpr=0.0000  low=365 high=0  attempts=3  state=ON  metric=rpr
2026-10-07T12:41:58Z  OBSERVE  recommendationservice->productcatalogservice  rpr=0.0000  low=366 high=0  attempts=3  state=ON  metric=rpr
2026-10-07T12:41:58Z  OBSERVE  checkoutservice  rejection=0.3750  low=0 high=25  state=OFF  metric=rejection
2026-10-07T12:41:59Z  OBSERVE  frontend->adservice  rpr=0.0000  low=367 high=0  attempts=3  state=ON  metric=rpr
2026-10-07T12:41:59Z  OBSERVE  frontend->cartservice  rpr=0.0000  low=368 high=0  attempts=3  state=ON  metric=rpr
2026-10-07T12:41:59Z  OBSERVE  frontend->currencyservice  rpr=0.0000  low=368 high=0  attempts=3  state=ON  metric=rpr
2026-10-07T12:41:59Z  OBSERVE  frontend->productcatalogservice  rpr=0.0000  low=368 high=0  attempts=3  state=ON  metric=rpr
2026-10-07T12:41:59Z  OBSERVE  frontend->recommendationservice  rpr=0.0000  low=368 high=0  attempts=3  state=ON  metric=rpr
2026-10-07T12:41:59Z  OBSERVE  frontend->shippingservice  rpr=0.0000  low=367 high=0  attempts=3  state=ON  metric=rpr
2026-10-07T12:41:59Z  OBSERVE  checkoutservice->cartservice  rpr=0.0000  low=366 high=0  attempts=3  state=ON  metric=rpr
2026-10-07T12:41:59Z  OBSERVE  checkoutservice->currencyservice  rpr=0.0000  low=366 high=0  attempts=3  state=ON  metric=rpr
2026-10-07T12:41:59Z  OBSERVE  checkoutservice->emailservice  rpr=0.0000  low=364 high=0  attempts=3  state=ON  metric=rpr
2026-10-07T12:41:59Z  OBSERVE  checkoutservice->paymentservice  rpr=0.0000  low=366 high=0  attempts=3  state=ON  metric=rpr
2026-10-07T12:41:59Z  OBSERVE  checkoutservice->shippingservice  rpr=0.0000  low=366 high=0  attempts=3  state=ON  metric=rpr
2026-10-07T12:41:59Z  OBSERVE  recommendationservice->productcatalogservice  rpr=0.0000  low=367 high=0  attempts=3  state=ON  metric=rpr
2026-10-07T12:41:59Z  OBSERVE  checkoutservice  rejection=0.3085  low=0 high=26  state=OFF  metric=rejection
2026-10-07T12:42:00Z  OBSERVE  frontend->adservice  rpr=0.0000  low=368 high=0  attempts=3  state=ON  metric=rpr
2026-10-07T12:42:00Z  OBSERVE  frontend->cartservice  rpr=0.0000  low=369 high=0  attempts=3  state=ON  metric=rpr
2026-10-07T12:42:00Z  OBSERVE  frontend->currencyservice  rpr=0.0000  low=369 high=0  attempts=3  state=ON  metric=rpr
2026-10-07T12:42:00Z  OBSERVE  frontend->productcatalogservice  rpr=0.0000  low=369 high=0  attempts=3  state=ON  metric=rpr
2026-10-07T12:42:00Z  OBSERVE  frontend->recommendationservice  rpr=0.0000  low=369 high=0  attempts=3  state=ON  metric=rpr
2026-10-07T12:42:00Z  OBSERVE  frontend->shippingservice  rpr=0.0000  low=368 high=0  attempts=3  state=ON  metric=rpr
2026-10-07T12:42:00Z  OBSERVE  checkoutservice->cartservice  rpr=0.0000  low=367 high=0  attempts=3  state=ON  metric=rpr
2026-10-07T12:42:00Z  OBSERVE  checkoutservice->currencyservice  rpr=0.0000  low=367 high=0  attempts=3  state=ON  metric=rpr
2026-10-07T12:42:00Z  OBSERVE  checkoutservice->emailservice  rpr=0.0000  low=365 high=0  attempts=3  state=ON  metric=rpr
2026-10-07T12:42:00Z  OBSERVE  checkoutservice->paymentservice  rpr=0.0000  low=367 high=0  attempts=3  state=ON  metric=rpr
2026-10-07T12:42:00Z  OBSERVE  checkoutservice->shippingservice  rpr=0.0000  low=367 high=0  attempts=3  state=ON  metric=rpr
2026-10-07T12:42:00Z  OBSERVE  recommendationservice->productcatalogservice  rpr=0.0000  low=368 high=0  attempts=3  state=ON  metric=rpr
2026-10-07T12:42:00Z  OBSERVE  checkoutservice  rejection=0.1972  low=0 high=27  state=OFF  metric=rejection
2026-10-07T12:42:01Z  OBSERVE  frontend->adservice  rpr=0.0000  low=369 high=0  attempts=3  state=ON  metric=rpr
2026-10-07T12:42:01Z  OBSERVE  frontend->cartservice  rpr=0.0000  low=370 high=0  attempts=3  state=ON  metric=rpr
2026-10-07T12:42:01Z  OBSERVE  frontend->currencyservice  rpr=0.0000  low=370 high=0  attempts=3  state=ON  metric=rpr
2026-10-07T12:42:01Z  OBSERVE  frontend->productcatalogservice  rpr=0.0000  low=370 high=0  attempts=3  state=ON  metric=rpr
2026-10-07T12:42:01Z  OBSERVE  frontend->recommendationservice  rpr=0.0000  low=370 high=0  attempts=3  state=ON  metric=rpr
2026-10-07T12:42:01Z  OBSERVE  frontend->shippingservice  rpr=0.0000  low=369 high=0  attempts=3  state=ON  metric=rpr
2026-10-07T12:42:01Z  OBSERVE  checkoutservice->cartservice  rpr=0.0000  low=368 high=0  attempts=3  state=ON  metric=rpr
2026-10-07T12:42:01Z  OBSERVE  checkoutservice->currencyservice  rpr=0.0000  low=368 high=0  attempts=3  state=ON  metric=rpr
2026-10-07T12:42:01Z  OBSERVE  checkoutservice->emailservice  rpr=0.0000  low=366 high=0  attempts=3  state=ON  metric=rpr
2026-10-07T12:42:01Z  OBSERVE  checkoutservice->paymentservice  rpr=0.0000  low=368 high=0  attempts=3  state=ON  metric=rpr
2026-10-07T12:42:01Z  OBSERVE  checkoutservice->shippingservice  rpr=0.0000  low=368 high=0  attempts=3  state=ON  metric=rpr
2026-10-07T12:42:01Z  OBSERVE  recommendationservice->productcatalogservice  rpr=0.0000  low=369 high=0  attempts=3  state=ON  metric=rpr
2026-10-07T12:42:01Z  OBSERVE  checkoutservice  rejection=0.1183  low=0 high=28  state=OFF  metric=rejection
2026-10-07T12:42:02Z  OBSERVE  frontend->adservice  rpr=0.0000  low=370 high=0  attempts=3  state=ON  metric=rpr
2026-10-07T12:42:02Z  OBSERVE  frontend->cartservice  rpr=0.0000  low=371 high=0  attempts=3  state=ON  metric=rpr
2026-10-07T12:42:02Z  OBSERVE  frontend->currencyservice  rpr=0.0000  low=371 high=0  attempts=3  state=ON  metric=rpr
2026-10-07T12:42:02Z  OBSERVE  frontend->productcatalogservice  rpr=0.0000  low=371 high=0  attempts=3  state=ON  metric=rpr
2026-10-07T12:42:02Z  OBSERVE  frontend->recommendationservice  rpr=0.0000  low=371 high=0  attempts=3  state=ON  metric=rpr
2026-10-07T12:42:02Z  OBSERVE  frontend->shippingservice  rpr=0.0000  low=370 high=0  attempts=3  state=ON  metric=rpr
2026-10-07T12:42:02Z  OBSERVE  checkoutservice->cartservice  rpr=0.0000  low=369 high=0  attempts=3  state=ON  metric=rpr
2026-10-07T12:42:02Z  OBSERVE  checkoutservice->currencyservice  rpr=0.0000  low=369 high=0  attempts=3  state=ON  metric=rpr
2026-10-07T12:42:02Z  OBSERVE  checkoutservice->emailservice  rpr=0.0000  low=367 high=0  attempts=3  state=ON  metric=rpr
2026-10-07T12:42:02Z  OBSERVE  checkoutservice->paymentservice  rpr=0.0000  low=369 high=0  attempts=3  state=ON  metric=rpr
2026-10-07T12:42:02Z  OBSERVE  checkoutservice->shippingservice  rpr=0.0000  low=369 high=0  attempts=3  state=ON  metric=rpr
2026-10-07T12:42:02Z  OBSERVE  recommendationservice->productcatalogservice  rpr=0.0000  low=370 high=0  attempts=3  state=ON  metric=rpr
2026-10-07T12:42:02Z  OBSERVE  checkoutservice  rejection=0.4023  low=0 high=29  state=OFF  metric=rejection
2026-10-07T12:42:03Z  OBSERVE  frontend->adservice  rpr=0.0000  low=371 high=0  attempts=3  state=ON  metric=rpr
2026-10-07T12:42:03Z  OBSERVE  frontend->cartservice  rpr=0.0000  low=372 high=0  attempts=3  state=ON  metric=rpr
2026-10-07T12:42:03Z  OBSERVE  frontend->currencyservice  rpr=0.0000  low=372 high=0  attempts=3  state=ON  metric=rpr
2026-10-07T12:42:03Z  OBSERVE  frontend->productcatalogservice  rpr=0.0000  low=372 high=0  attempts=3  state=ON  metric=rpr
2026-10-07T12:42:03Z  OBSERVE  frontend->recommendationservice  rpr=0.0000  low=372 high=0  attempts=3  state=ON  metric=rpr
2026-10-07T12:42:03Z  OBSERVE  frontend->shippingservice  rpr=0.0000  low=371 high=0  attempts=3  state=ON  metric=rpr
2026-10-07T12:42:03Z  OBSERVE  checkoutservice->cartservice  rpr=0.0000  low=370 high=0  attempts=3  state=ON  metric=rpr
2026-10-07T12:42:03Z  OBSERVE  checkoutservice->currencyservice  rpr=0.0000  low=370 high=0  attempts=3  state=ON  metric=rpr
2026-10-07T12:42:03Z  OBSERVE  checkoutservice->emailservice  rpr=0.0000  low=368 high=0  attempts=3  state=ON  metric=rpr
2026-10-07T12:42:03Z  OBSERVE  checkoutservice->paymentservice  rpr=0.0000  low=370 high=0  attempts=3  state=ON  metric=rpr
2026-10-07T12:42:03Z  OBSERVE  checkoutservice->shippingservice  rpr=0.0000  low=370 high=0  attempts=3  state=ON  metric=rpr
2026-10-07T12:42:03Z  OBSERVE  recommendationservice->productcatalogservice  rpr=0.0000  low=371 high=0  attempts=3  state=ON  metric=rpr
2026-10-07T12:42:03Z  OBSERVE  checkoutservice  rejection=0.3333  low=0 high=30  state=OFF  metric=rejection
2026-10-07T12:42:04Z  OBSERVE  frontend->adservice  rpr=0.0000  low=372 high=0  attempts=3  state=ON  metric=rpr
2026-10-07T12:42:04Z  OBSERVE  frontend->cartservice  rpr=0.0000  low=373 high=0  attempts=3  state=ON  metric=rpr
2026-10-07T12:42:04Z  OBSERVE  frontend->currencyservice  rpr=0.0000  low=373 high=0  attempts=3  state=ON  metric=rpr
2026-10-07T12:42:04Z  OBSERVE  frontend->productcatalogservice  rpr=0.0000  low=373 high=0  attempts=3  state=ON  metric=rpr
2026-10-07T12:42:04Z  OBSERVE  frontend->recommendationservice  rpr=0.0000  low=373 high=0  attempts=3  state=ON  metric=rpr
2026-10-07T12:42:04Z  OBSERVE  frontend->shippingservice  rpr=0.0000  low=372 high=0  attempts=3  state=ON  metric=rpr
2026-10-07T12:42:04Z  OBSERVE  checkoutservice->cartservice  rpr=0.0000  low=371 high=0  attempts=3  state=ON  metric=rpr
2026-10-07T12:42:04Z  OBSERVE  checkoutservice->currencyservice  rpr=0.0000  low=371 high=0  attempts=3  state=ON  metric=rpr
2026-10-07T12:42:04Z  OBSERVE  checkoutservice->emailservice  rpr=0.0000  low=369 high=0  attempts=3  state=ON  metric=rpr
2026-10-07T12:42:04Z  OBSERVE  checkoutservice->paymentservice  rpr=0.0000  low=371 high=0  attempts=3  state=ON  metric=rpr
2026-10-07T12:42:04Z  OBSERVE  checkoutservice->shippingservice  rpr=0.0000  low=371 high=0  attempts=3  state=ON  metric=rpr
2026-10-07T12:42:04Z  OBSERVE  recommendationservice->productcatalogservice  rpr=0.0000  low=372 high=0  attempts=3  state=ON  metric=rpr
2026-10-07T12:42:04Z  OBSERVE  checkoutservice  rejection=0.1957  low=0 high=31  state=OFF  metric=rejection
2026-10-07T12:42:05Z  OBSERVE  frontend->adservice  rpr=0.0000  low=373 high=0  attempts=3  state=ON  metric=rpr
2026-10-07T12:42:05Z  OBSERVE  frontend->cartservice  rpr=0.0000  low=374 high=0  attempts=3  state=ON  metric=rpr
2026-10-07T12:42:05Z  OBSERVE  frontend->currencyservice  rpr=0.0000  low=374 high=0  attempts=3  state=ON  metric=rpr
2026-10-07T12:42:05Z  OBSERVE  frontend->productcatalogservice  rpr=0.0000  low=374 high=0  attempts=3  state=ON  metric=rpr
2026-10-07T12:42:05Z  OBSERVE  frontend->recommendationservice  rpr=0.0000  low=374 high=0  attempts=3  state=ON  metric=rpr
2026-10-07T12:42:05Z  OBSERVE  frontend->shippingservice  rpr=0.0000  low=373 high=0  attempts=3  state=ON  metric=rpr
2026-10-07T12:42:05Z  OBSERVE  checkoutservice->cartservice  rpr=0.0000  low=372 high=0  attempts=3  state=ON  metric=rpr
2026-10-07T12:42:05Z  OBSERVE  checkoutservice->currencyservice  rpr=0.0000  low=372 high=0  attempts=3  state=ON  metric=rpr
2026-10-07T12:42:05Z  OBSERVE  checkoutservice->emailservice  rpr=0.0000  low=370 high=0  attempts=3  state=ON  metric=rpr
2026-10-07T12:42:05Z  OBSERVE  checkoutservice->paymentservice  rpr=0.0000  low=372 high=0  attempts=3  state=ON  metric=rpr
2026-10-07T12:42:05Z  OBSERVE  checkoutservice->shippingservice  rpr=0.0000  low=372 high=0  attempts=3  state=ON  metric=rpr
2026-10-07T12:42:05Z  OBSERVE  recommendationservice->productcatalogservice  rpr=0.0000  low=373 high=0  attempts=3  state=ON  metric=rpr
2026-10-07T12:42:05Z  OBSERVE  checkoutservice  rejection=0.2239  low=0 high=32  state=OFF  metric=rejection
2026-10-07T12:42:06Z  OBSERVE  frontend->adservice  rpr=0.0000  low=374 high=0  attempts=3  state=ON  metric=rpr
2026-10-07T12:42:06Z  OBSERVE  frontend->cartservice  rpr=0.0000  low=375 high=0  attempts=3  state=ON  metric=rpr
2026-10-07T12:42:06Z  OBSERVE  frontend->currencyservice  rpr=0.0000  low=375 high=0  attempts=3  state=ON  metric=rpr
2026-10-07T12:42:06Z  OBSERVE  frontend->productcatalogservice  rpr=0.0000  low=375 high=0  attempts=3  state=ON  metric=rpr
2026-10-07T12:42:06Z  OBSERVE  frontend->recommendationservice  rpr=0.0000  low=375 high=0  attempts=3  state=ON  metric=rpr
2026-10-07T12:42:06Z  OBSERVE  frontend->shippingservice  rpr=0.0000  low=374 high=0  attempts=3  state=ON  metric=rpr
2026-10-07T12:42:06Z  OBSERVE  checkoutservice->cartservice  rpr=0.0000  low=373 high=0  attempts=3  state=ON  metric=rpr
2026-10-07T12:42:06Z  OBSERVE  checkoutservice->currencyservice  rpr=0.0000  low=373 high=0  attempts=3  state=ON  metric=rpr
2026-10-07T12:42:06Z  OBSERVE  checkoutservice->emailservice  rpr=0.0000  low=371 high=0  attempts=3  state=ON  metric=rpr
2026-10-07T12:42:06Z  OBSERVE  checkoutservice->paymentservice  rpr=0.0000  low=373 high=0  attempts=3  state=ON  metric=rpr
2026-10-07T12:42:06Z  OBSERVE  checkoutservice->shippingservice  rpr=0.0000  low=373 high=0  attempts=3  state=ON  metric=rpr
2026-10-07T12:42:06Z  OBSERVE  recommendationservice->productcatalogservice  rpr=0.0000  low=374 high=0  attempts=3  state=ON  metric=rpr
2026-10-07T12:42:06Z  OBSERVE  checkoutservice  rejection=0.0698  low=1 high=0  state=OFF  metric=rejection
2026-10-07T12:42:07Z  OBSERVE  frontend->adservice  rpr=0.0000  low=375 high=0  attempts=3  state=ON  metric=rpr
2026-10-07T12:42:07Z  OBSERVE  frontend->cartservice  rpr=0.0000  low=376 high=0  attempts=3  state=ON  metric=rpr
2026-10-07T12:42:07Z  OBSERVE  frontend->currencyservice  rpr=0.0000  low=376 high=0  attempts=3  state=ON  metric=rpr
2026-10-07T12:42:07Z  OBSERVE  frontend->productcatalogservice  rpr=0.0000  low=376 high=0  attempts=3  state=ON  metric=rpr
2026-10-07T12:42:07Z  OBSERVE  frontend->recommendationservice  rpr=0.0000  low=376 high=0  attempts=3  state=ON  metric=rpr
2026-10-07T12:42:07Z  OBSERVE  frontend->shippingservice  rpr=0.0000  low=375 high=0  attempts=3  state=ON  metric=rpr
2026-10-07T12:42:07Z  OBSERVE  checkoutservice->cartservice  rpr=0.0000  low=374 high=0  attempts=3  state=ON  metric=rpr
2026-10-07T12:42:07Z  OBSERVE  checkoutservice->currencyservice  rpr=0.0000  low=374 high=0  attempts=3  state=ON  metric=rpr
2026-10-07T12:42:07Z  OBSERVE  checkoutservice->emailservice  rpr=0.0000  low=372 high=0  attempts=3  state=ON  metric=rpr
2026-10-07T12:42:07Z  OBSERVE  checkoutservice->paymentservice  rpr=0.0000  low=374 high=0  attempts=3  state=ON  metric=rpr
2026-10-07T12:42:07Z  OBSERVE  checkoutservice->shippingservice  rpr=0.0000  low=374 high=0  attempts=3  state=ON  metric=rpr
2026-10-07T12:42:07Z  OBSERVE  recommendationservice->productcatalogservice  rpr=0.0000  low=375 high=0  attempts=3  state=ON  metric=rpr
2026-10-07T12:42:07Z  OBSERVE  checkoutservice  rejection=0.1609  low=0 high=1  state=OFF  metric=rejection
2026-10-07T12:42:08Z  OBSERVE  frontend->adservice  rpr=0.0000  low=376 high=0  attempts=3  state=ON  metric=rpr
2026-10-07T12:42:08Z  OBSERVE  frontend->cartservice  rpr=0.0000  low=377 high=0  attempts=3  state=ON  metric=rpr
2026-10-07T12:42:08Z  OBSERVE  frontend->currencyservice  rpr=0.0000  low=377 high=0  attempts=3  state=ON  metric=rpr
2026-10-07T12:42:08Z  OBSERVE  frontend->productcatalogservice  rpr=0.0000  low=377 high=0  attempts=3  state=ON  metric=rpr
2026-10-07T12:42:08Z  OBSERVE  frontend->recommendationservice  rpr=0.0000  low=377 high=0  attempts=3  state=ON  metric=rpr
2026-10-07T12:42:08Z  OBSERVE  frontend->shippingservice  rpr=0.0000  low=376 high=0  attempts=3  state=ON  metric=rpr
2026-10-07T12:42:08Z  OBSERVE  checkoutservice->cartservice  rpr=0.0000  low=375 high=0  attempts=3  state=ON  metric=rpr
2026-10-07T12:42:08Z  OBSERVE  checkoutservice->currencyservice  rpr=0.0000  low=375 high=0  attempts=3  state=ON  metric=rpr
2026-10-07T12:42:08Z  OBSERVE  checkoutservice->emailservice  rpr=0.0000  low=373 high=0  attempts=3  state=ON  metric=rpr
2026-10-07T12:42:08Z  OBSERVE  checkoutservice->paymentservice  rpr=0.0000  low=375 high=0  attempts=3  state=ON  metric=rpr
2026-10-07T12:42:08Z  OBSERVE  checkoutservice->shippingservice  rpr=0.0000  low=375 high=0  attempts=3  state=ON  metric=rpr
2026-10-07T12:42:08Z  OBSERVE  recommendationservice->productcatalogservice  rpr=0.0000  low=376 high=0  attempts=3  state=ON  metric=rpr
2026-10-07T12:42:08Z  OBSERVE  checkoutservice  rejection=0.1444  low=0 high=2  state=OFF  metric=rejection
2026-10-07T12:42:09Z  OBSERVE  frontend->adservice  rpr=0.0000  low=377 high=0  attempts=3  state=ON  metric=rpr
2026-10-07T12:42:09Z  OBSERVE  frontend->cartservice  rpr=0.0000  low=378 high=0  attempts=3  state=ON  metric=rpr
2026-10-07T12:42:09Z  OBSERVE  frontend->currencyservice  rpr=0.0000  low=378 high=0  attempts=3  state=ON  metric=rpr
2026-10-07T12:42:09Z  OBSERVE  frontend->productcatalogservice  rpr=0.0000  low=378 high=0  attempts=3  state=ON  metric=rpr
2026-10-07T12:42:09Z  OBSERVE  frontend->recommendationservice  rpr=0.0000  low=378 high=0  attempts=3  state=ON  metric=rpr
2026-10-07T12:42:09Z  OBSERVE  frontend->shippingservice  rpr=0.0000  low=377 high=0  attempts=3  state=ON  metric=rpr
2026-10-07T12:42:09Z  OBSERVE  checkoutservice->cartservice  rpr=0.0000  low=376 high=0  attempts=3  state=ON  metric=rpr
2026-10-07T12:42:09Z  OBSERVE  checkoutservice->currencyservice  rpr=0.0000  low=376 high=0  attempts=3  state=ON  metric=rpr
2026-10-07T12:42:09Z  OBSERVE  checkoutservice->emailservice  rpr=0.0000  low=374 high=0  attempts=3  state=ON  metric=rpr
2026-10-07T12:42:09Z  OBSERVE  checkoutservice->paymentservice  rpr=0.0000  low=376 high=0  attempts=3  state=ON  metric=rpr
2026-10-07T12:42:09Z  OBSERVE  checkoutservice->shippingservice  rpr=0.0000  low=376 high=0  attempts=3  state=ON  metric=rpr
2026-10-07T12:42:09Z  OBSERVE  recommendationservice->productcatalogservice  rpr=0.0000  low=377 high=0  attempts=3  state=ON  metric=rpr
2026-10-07T12:42:09Z  OBSERVE  checkoutservice  rejection=0.3111  low=0 high=3  state=OFF  metric=rejection
2026-10-07T12:42:10Z  OBSERVE  frontend->adservice  rpr=0.0000  low=378 high=0  attempts=3  state=ON  metric=rpr
2026-10-07T12:42:10Z  OBSERVE  frontend->cartservice  rpr=0.0000  low=379 high=0  attempts=3  state=ON  metric=rpr
2026-10-07T12:42:10Z  OBSERVE  frontend->currencyservice  rpr=0.0000  low=379 high=0  attempts=3  state=ON  metric=rpr
2026-10-07T12:42:10Z  OBSERVE  frontend->productcatalogservice  rpr=0.0000  low=379 high=0  attempts=3  state=ON  metric=rpr
2026-10-07T12:42:10Z  OBSERVE  frontend->recommendationservice  rpr=0.0000  low=379 high=0  attempts=3  state=ON  metric=rpr
2026-10-07T12:42:10Z  OBSERVE  frontend->shippingservice  rpr=0.0000  low=378 high=0  attempts=3  state=ON  metric=rpr
2026-10-07T12:42:10Z  OBSERVE  checkoutservice->cartservice  rpr=0.0000  low=377 high=0  attempts=3  state=ON  metric=rpr
2026-10-07T12:42:10Z  OBSERVE  checkoutservice->currencyservice  rpr=0.0000  low=377 high=0  attempts=3  state=ON  metric=rpr
2026-10-07T12:42:10Z  OBSERVE  checkoutservice->emailservice  rpr=0.0000  low=375 high=0  attempts=3  state=ON  metric=rpr
2026-10-07T12:42:10Z  OBSERVE  checkoutservice->paymentservice  rpr=0.0000  low=377 high=0  attempts=3  state=ON  metric=rpr
2026-10-07T12:42:10Z  OBSERVE  checkoutservice->shippingservice  rpr=0.0000  low=377 high=0  attempts=3  state=ON  metric=rpr
2026-10-07T12:42:10Z  OBSERVE  recommendationservice->productcatalogservice  rpr=0.0000  low=378 high=0  attempts=3  state=ON  metric=rpr
2026-10-07T12:42:10Z  OBSERVE  checkoutservice  rejection=0.4945  low=0 high=4  state=OFF  metric=rejection
2026-10-07T12:42:11Z  OBSERVE  frontend->adservice  rpr=0.0000  low=379 high=0  attempts=3  state=ON  metric=rpr
2026-10-07T12:42:11Z  OBSERVE  frontend->cartservice  rpr=0.0000  low=380 high=0  attempts=3  state=ON  metric=rpr
2026-10-07T12:42:11Z  OBSERVE  frontend->currencyservice  rpr=0.0000  low=380 high=0  attempts=3  state=ON  metric=rpr
2026-10-07T12:42:11Z  OBSERVE  frontend->productcatalogservice  rpr=0.0000  low=380 high=0  attempts=3  state=ON  metric=rpr
2026-10-07T12:42:11Z  OBSERVE  frontend->recommendationservice  rpr=0.0000  low=380 high=0  attempts=3  state=ON  metric=rpr
2026-10-07T12:42:11Z  OBSERVE  frontend->shippingservice  rpr=0.0000  low=379 high=0  attempts=3  state=ON  metric=rpr
2026-10-07T12:42:11Z  OBSERVE  checkoutservice->cartservice  rpr=0.0000  low=378 high=0  attempts=3  state=ON  metric=rpr
2026-10-07T12:42:11Z  OBSERVE  checkoutservice->currencyservice  rpr=0.0000  low=378 high=0  attempts=3  state=ON  metric=rpr
2026-10-07T12:42:11Z  OBSERVE  checkoutservice->emailservice  rpr=0.0000  low=376 high=0  attempts=3  state=ON  metric=rpr
2026-10-07T12:42:11Z  OBSERVE  checkoutservice->paymentservice  rpr=0.0000  low=378 high=0  attempts=3  state=ON  metric=rpr
2026-10-07T12:42:11Z  OBSERVE  checkoutservice->shippingservice  rpr=0.0000  low=378 high=0  attempts=3  state=ON  metric=rpr
2026-10-07T12:42:11Z  OBSERVE  recommendationservice->productcatalogservice  rpr=0.0000  low=379 high=0  attempts=3  state=ON  metric=rpr
2026-10-07T12:42:11Z  OBSERVE  checkoutservice  rejection=0.0562  low=1 high=0  state=OFF  metric=rejection
2026-10-07T12:42:12Z  OBSERVE  frontend->adservice  rpr=0.0000  low=380 high=0  attempts=3  state=ON  metric=rpr
2026-10-07T12:42:12Z  OBSERVE  frontend->cartservice  rpr=0.0000  low=381 high=0  attempts=3  state=ON  metric=rpr
2026-10-07T12:42:12Z  OBSERVE  frontend->currencyservice  rpr=0.0000  low=381 high=0  attempts=3  state=ON  metric=rpr
2026-10-07T12:42:12Z  OBSERVE  frontend->productcatalogservice  rpr=0.0000  low=381 high=0  attempts=3  state=ON  metric=rpr
2026-10-07T12:42:12Z  OBSERVE  frontend->recommendationservice  rpr=0.0000  low=381 high=0  attempts=3  state=ON  metric=rpr
2026-10-07T12:42:12Z  OBSERVE  frontend->shippingservice  rpr=0.0000  low=380 high=0  attempts=3  state=ON  metric=rpr
2026-10-07T12:42:12Z  OBSERVE  checkoutservice->cartservice  rpr=0.0000  low=379 high=0  attempts=3  state=ON  metric=rpr
2026-10-07T12:42:12Z  OBSERVE  checkoutservice->currencyservice  rpr=0.0000  low=379 high=0  attempts=3  state=ON  metric=rpr
2026-10-07T12:42:12Z  OBSERVE  checkoutservice->emailservice  rpr=0.0000  low=377 high=0  attempts=3  state=ON  metric=rpr
2026-10-07T12:42:12Z  OBSERVE  checkoutservice->paymentservice  rpr=0.0000  low=379 high=0  attempts=3  state=ON  metric=rpr
2026-10-07T12:42:12Z  OBSERVE  checkoutservice->shippingservice  rpr=0.0000  low=379 high=0  attempts=3  state=ON  metric=rpr
2026-10-07T12:42:12Z  OBSERVE  recommendationservice->productcatalogservice  rpr=0.0000  low=380 high=0  attempts=3  state=ON  metric=rpr
2026-10-07T12:42:12Z  OBSERVE  checkoutservice  rejection=0.3511  low=0 high=1  state=OFF  metric=rejection
2026-10-07T12:42:13Z  OBSERVE  frontend->adservice  rpr=0.0000  low=381 high=0  attempts=3  state=ON  metric=rpr
2026-10-07T12:42:13Z  OBSERVE  frontend->cartservice  rpr=0.0000  low=382 high=0  attempts=3  state=ON  metric=rpr
2026-10-07T12:42:13Z  OBSERVE  frontend->currencyservice  rpr=0.0000  low=382 high=0  attempts=3  state=ON  metric=rpr
2026-10-07T12:42:13Z  OBSERVE  frontend->productcatalogservice  rpr=0.0000  low=382 high=0  attempts=3  state=ON  metric=rpr
2026-10-07T12:42:13Z  OBSERVE  frontend->recommendationservice  rpr=0.0000  low=382 high=0  attempts=3  state=ON  metric=rpr
2026-10-07T12:42:13Z  OBSERVE  frontend->shippingservice  rpr=0.0000  low=381 high=0  attempts=3  state=ON  metric=rpr
2026-10-07T12:42:13Z  OBSERVE  checkoutservice->cartservice  rpr=0.0000  low=380 high=0  attempts=3  state=ON  metric=rpr
2026-10-07T12:42:13Z  OBSERVE  checkoutservice->currencyservice  rpr=0.0000  low=380 high=0  attempts=3  state=ON  metric=rpr
2026-10-07T12:42:13Z  OBSERVE  checkoutservice->emailservice  rpr=0.0000  low=378 high=0  attempts=3  state=ON  metric=rpr
2026-10-07T12:42:13Z  OBSERVE  checkoutservice->paymentservice  rpr=0.0000  low=380 high=0  attempts=3  state=ON  metric=rpr
2026-10-07T12:42:13Z  OBSERVE  checkoutservice->shippingservice  rpr=0.0000  low=380 high=0  attempts=3  state=ON  metric=rpr
2026-10-07T12:42:13Z  OBSERVE  recommendationservice->productcatalogservice  rpr=0.0000  low=381 high=0  attempts=3  state=ON  metric=rpr
2026-10-07T12:42:13Z  OBSERVE  checkoutservice  rejection=0.3737  low=0 high=2  state=OFF  metric=rejection
2026-10-07T12:42:14Z  OBSERVE  frontend->adservice  rpr=0.0000  low=382 high=0  attempts=3  state=ON  metric=rpr
2026-10-07T12:42:14Z  OBSERVE  frontend->cartservice  rpr=0.0000  low=383 high=0  attempts=3  state=ON  metric=rpr
2026-10-07T12:42:14Z  OBSERVE  frontend->currencyservice  rpr=0.0000  low=383 high=0  attempts=3  state=ON  metric=rpr
2026-10-07T12:42:14Z  OBSERVE  frontend->productcatalogservice  rpr=0.0000  low=383 high=0  attempts=3  state=ON  metric=rpr
2026-10-07T12:42:14Z  OBSERVE  frontend->recommendationservice  rpr=0.0000  low=383 high=0  attempts=3  state=ON  metric=rpr
2026-10-07T12:42:14Z  OBSERVE  frontend->shippingservice  rpr=0.0000  low=382 high=0  attempts=3  state=ON  metric=rpr
2026-10-07T12:42:14Z  OBSERVE  checkoutservice->cartservice  rpr=0.0000  low=381 high=0  attempts=3  state=ON  metric=rpr
2026-10-07T12:42:14Z  OBSERVE  checkoutservice->currencyservice  rpr=0.0000  low=381 high=0  attempts=3  state=ON  metric=rpr
2026-10-07T12:42:14Z  OBSERVE  checkoutservice->emailservice  rpr=0.0000  low=379 high=0  attempts=3  state=ON  metric=rpr
2026-10-07T12:42:14Z  OBSERVE  checkoutservice->paymentservice  rpr=0.0000  low=381 high=0  attempts=3  state=ON  metric=rpr
2026-10-07T12:42:14Z  OBSERVE  checkoutservice->shippingservice  rpr=0.0000  low=381 high=0  attempts=3  state=ON  metric=rpr
2026-10-07T12:42:14Z  OBSERVE  recommendationservice->productcatalogservice  rpr=0.0000  low=382 high=0  attempts=3  state=ON  metric=rpr
2026-10-07T12:42:14Z  OBSERVE  checkoutservice  rejection=0.1368  low=0 high=3  state=OFF  metric=rejection
2026-10-07T12:42:15Z  OBSERVE  frontend->adservice  rpr=0.0000  low=383 high=0  attempts=3  state=ON  metric=rpr
2026-10-07T12:42:15Z  OBSERVE  frontend->cartservice  rpr=0.0000  low=384 high=0  attempts=3  state=ON  metric=rpr
2026-10-07T12:42:15Z  OBSERVE  frontend->currencyservice  rpr=0.0000  low=384 high=0  attempts=3  state=ON  metric=rpr
2026-10-07T12:42:15Z  OBSERVE  frontend->productcatalogservice  rpr=0.0000  low=384 high=0  attempts=3  state=ON  metric=rpr
2026-10-07T12:42:15Z  OBSERVE  frontend->recommendationservice  rpr=0.0000  low=384 high=0  attempts=3  state=ON  metric=rpr
2026-10-07T12:42:15Z  OBSERVE  frontend->shippingservice  rpr=0.0000  low=383 high=0  attempts=3  state=ON  metric=rpr
2026-10-07T12:42:15Z  OBSERVE  checkoutservice->cartservice  rpr=0.0000  low=382 high=0  attempts=3  state=ON  metric=rpr
2026-10-07T12:42:15Z  OBSERVE  checkoutservice->currencyservice  rpr=0.0000  low=382 high=0  attempts=3  state=ON  metric=rpr
2026-10-07T12:42:15Z  OBSERVE  checkoutservice->emailservice  rpr=0.0000  low=380 high=0  attempts=3  state=ON  metric=rpr
2026-10-07T12:42:15Z  OBSERVE  checkoutservice->paymentservice  rpr=0.0000  low=382 high=0  attempts=3  state=ON  metric=rpr
2026-10-07T12:42:15Z  OBSERVE  checkoutservice->shippingservice  rpr=0.0000  low=382 high=0  attempts=3  state=ON  metric=rpr
2026-10-07T12:42:15Z  OBSERVE  recommendationservice->productcatalogservice  rpr=0.0000  low=383 high=0  attempts=3  state=ON  metric=rpr
2026-10-07T12:42:15Z  OBSERVE  checkoutservice  rejection=0.0345  low=1 high=0  state=OFF  metric=rejection
2026-10-07T12:42:16Z  OBSERVE  frontend->adservice  rpr=0.0000  low=384 high=0  attempts=3  state=ON  metric=rpr
2026-10-07T12:42:16Z  OBSERVE  frontend->cartservice  rpr=0.0000  low=385 high=0  attempts=3  state=ON  metric=rpr
2026-10-07T12:42:16Z  OBSERVE  frontend->currencyservice  rpr=0.0000  low=385 high=0  attempts=3  state=ON  metric=rpr
2026-10-07T12:42:16Z  OBSERVE  frontend->productcatalogservice  rpr=0.0000  low=385 high=0  attempts=3  state=ON  metric=rpr
2026-10-07T12:42:16Z  OBSERVE  frontend->recommendationservice  rpr=0.0000  low=385 high=0  attempts=3  state=ON  metric=rpr
2026-10-07T12:42:16Z  OBSERVE  frontend->shippingservice  rpr=0.0000  low=384 high=0  attempts=3  state=ON  metric=rpr
2026-10-07T12:42:16Z  OBSERVE  checkoutservice->cartservice  rpr=0.0000  low=383 high=0  attempts=3  state=ON  metric=rpr
2026-10-07T12:42:16Z  OBSERVE  checkoutservice->currencyservice  rpr=0.0000  low=383 high=0  attempts=3  state=ON  metric=rpr
2026-10-07T12:42:16Z  OBSERVE  checkoutservice->emailservice  rpr=0.0000  low=381 high=0  attempts=3  state=ON  metric=rpr
2026-10-07T12:42:16Z  OBSERVE  checkoutservice->paymentservice  rpr=0.0000  low=383 high=0  attempts=3  state=ON  metric=rpr
2026-10-07T12:42:16Z  OBSERVE  checkoutservice->shippingservice  rpr=0.0000  low=383 high=0  attempts=3  state=ON  metric=rpr
2026-10-07T12:42:16Z  OBSERVE  recommendationservice->productcatalogservice  rpr=0.0000  low=384 high=0  attempts=3  state=ON  metric=rpr
2026-10-07T12:42:16Z  OBSERVE  checkoutservice  rejection=0.2268  low=0 high=1  state=OFF  metric=rejection
2026-10-07T12:42:17Z  OBSERVE  frontend->adservice  rpr=0.0000  low=385 high=0  attempts=3  state=ON  metric=rpr
2026-10-07T12:42:17Z  OBSERVE  frontend->cartservice  rpr=0.0000  low=386 high=0  attempts=3  state=ON  metric=rpr
2026-10-07T12:42:17Z  OBSERVE  frontend->currencyservice  rpr=0.0000  low=386 high=0  attempts=3  state=ON  metric=rpr
2026-10-07T12:42:17Z  OBSERVE  frontend->productcatalogservice  rpr=0.0000  low=386 high=0  attempts=3  state=ON  metric=rpr
2026-10-07T12:42:17Z  OBSERVE  frontend->recommendationservice  rpr=0.0000  low=386 high=0  attempts=3  state=ON  metric=rpr
2026-10-07T12:42:17Z  OBSERVE  frontend->shippingservice  rpr=0.0000  low=385 high=0  attempts=3  state=ON  metric=rpr
2026-10-07T12:42:17Z  OBSERVE  checkoutservice->cartservice  rpr=0.0000  low=384 high=0  attempts=3  state=ON  metric=rpr
2026-10-07T12:42:17Z  OBSERVE  checkoutservice->currencyservice  rpr=0.0000  low=384 high=0  attempts=3  state=ON  metric=rpr
2026-10-07T12:42:17Z  OBSERVE  checkoutservice->emailservice  rpr=0.0000  low=382 high=0  attempts=3  state=ON  metric=rpr
2026-10-07T12:42:17Z  OBSERVE  checkoutservice->paymentservice  rpr=0.0000  low=384 high=0  attempts=3  state=ON  metric=rpr
2026-10-07T12:42:17Z  OBSERVE  checkoutservice->shippingservice  rpr=0.0000  low=384 high=0  attempts=3  state=ON  metric=rpr
2026-10-07T12:42:17Z  OBSERVE  recommendationservice->productcatalogservice  rpr=0.0000  low=385 high=0  attempts=3  state=ON  metric=rpr
2026-10-07T12:42:17Z  OBSERVE  checkoutservice  rejection=0.3956  low=0 high=2  state=OFF  metric=rejection
2026-10-07T12:42:18Z  OBSERVE  frontend->adservice  rpr=0.0000  low=386 high=0  attempts=3  state=ON  metric=rpr
2026-10-07T12:42:18Z  OBSERVE  frontend->cartservice  rpr=0.0000  low=387 high=0  attempts=3  state=ON  metric=rpr
2026-10-07T12:42:18Z  OBSERVE  frontend->currencyservice  rpr=0.0000  low=387 high=0  attempts=3  state=ON  metric=rpr
2026-10-07T12:42:18Z  OBSERVE  frontend->productcatalogservice  rpr=0.0000  low=387 high=0  attempts=3  state=ON  metric=rpr
2026-10-07T12:42:18Z  OBSERVE  frontend->recommendationservice  rpr=0.0000  low=387 high=0  attempts=3  state=ON  metric=rpr
2026-10-07T12:42:18Z  OBSERVE  frontend->shippingservice  rpr=0.0000  low=386 high=0  attempts=3  state=ON  metric=rpr
2026-10-07T12:42:18Z  OBSERVE  checkoutservice->cartservice  rpr=0.0000  low=385 high=0  attempts=3  state=ON  metric=rpr
2026-10-07T12:42:18Z  OBSERVE  checkoutservice->currencyservice  rpr=0.0000  low=385 high=0  attempts=3  state=ON  metric=rpr
2026-10-07T12:42:18Z  OBSERVE  checkoutservice->emailservice  rpr=0.0000  low=383 high=0  attempts=3  state=ON  metric=rpr
2026-10-07T12:42:18Z  OBSERVE  checkoutservice->paymentservice  rpr=0.0000  low=385 high=0  attempts=3  state=ON  metric=rpr
2026-10-07T12:42:18Z  OBSERVE  checkoutservice->shippingservice  rpr=0.0000  low=385 high=0  attempts=3  state=ON  metric=rpr
2026-10-07T12:42:18Z  OBSERVE  recommendationservice->productcatalogservice  rpr=0.0000  low=386 high=0  attempts=3  state=ON  metric=rpr
2026-10-07T12:42:18Z  OBSERVE  checkoutservice  rejection=0.2195  low=0 high=3  state=OFF  metric=rejection
2026-10-07T12:42:19Z  OBSERVE  frontend->adservice  rpr=0.0000  low=387 high=0  attempts=3  state=ON  metric=rpr
2026-10-07T12:42:19Z  OBSERVE  frontend->cartservice  rpr=0.0000  low=388 high=0  attempts=3  state=ON  metric=rpr
2026-10-07T12:42:19Z  OBSERVE  frontend->currencyservice  rpr=0.0000  low=388 high=0  attempts=3  state=ON  metric=rpr
2026-10-07T12:42:19Z  OBSERVE  frontend->productcatalogservice  rpr=0.0000  low=388 high=0  attempts=3  state=ON  metric=rpr
2026-10-07T12:42:19Z  OBSERVE  frontend->recommendationservice  rpr=0.0000  low=388 high=0  attempts=3  state=ON  metric=rpr
2026-10-07T12:42:19Z  OBSERVE  frontend->shippingservice  rpr=0.0000  low=387 high=0  attempts=3  state=ON  metric=rpr
2026-10-07T12:42:19Z  OBSERVE  checkoutservice->cartservice  rpr=0.0000  low=386 high=0  attempts=3  state=ON  metric=rpr
2026-10-07T12:42:19Z  OBSERVE  checkoutservice->currencyservice  rpr=0.0000  low=386 high=0  attempts=3  state=ON  metric=rpr
2026-10-07T12:42:19Z  OBSERVE  checkoutservice->emailservice  rpr=0.0000  low=384 high=0  attempts=3  state=ON  metric=rpr
2026-10-07T12:42:19Z  OBSERVE  checkoutservice->paymentservice  rpr=0.0000  low=386 high=0  attempts=3  state=ON  metric=rpr
2026-10-07T12:42:19Z  OBSERVE  checkoutservice->shippingservice  rpr=0.0000  low=386 high=0  attempts=3  state=ON  metric=rpr
2026-10-07T12:42:19Z  OBSERVE  recommendationservice->productcatalogservice  rpr=0.0000  low=387 high=0  attempts=3  state=ON  metric=rpr
2026-10-07T12:42:19Z  OBSERVE  checkoutservice  rejection=0.0865  low=1 high=0  state=OFF  metric=rejection
2026-10-07T12:42:20Z  OBSERVE  frontend->adservice  rpr=0.0000  low=388 high=0  attempts=3  state=ON  metric=rpr
2026-10-07T12:42:20Z  OBSERVE  frontend->cartservice  rpr=0.0000  low=389 high=0  attempts=3  state=ON  metric=rpr
2026-10-07T12:42:20Z  OBSERVE  frontend->currencyservice  rpr=0.0000  low=389 high=0  attempts=3  state=ON  metric=rpr
2026-10-07T12:42:20Z  OBSERVE  frontend->productcatalogservice  rpr=0.0000  low=389 high=0  attempts=3  state=ON  metric=rpr
2026-10-07T12:42:20Z  OBSERVE  frontend->recommendationservice  rpr=0.0000  low=389 high=0  attempts=3  state=ON  metric=rpr
2026-10-07T12:42:20Z  OBSERVE  frontend->shippingservice  rpr=0.0000  low=388 high=0  attempts=3  state=ON  metric=rpr
2026-10-07T12:42:20Z  OBSERVE  checkoutservice->cartservice  rpr=0.0000  low=387 high=0  attempts=3  state=ON  metric=rpr
2026-10-07T12:42:20Z  OBSERVE  checkoutservice->currencyservice  rpr=0.0000  low=387 high=0  attempts=3  state=ON  metric=rpr
2026-10-07T12:42:20Z  OBSERVE  checkoutservice->emailservice  rpr=0.0000  low=385 high=0  attempts=3  state=ON  metric=rpr
2026-10-07T12:42:20Z  OBSERVE  checkoutservice->paymentservice  rpr=0.0000  low=387 high=0  attempts=3  state=ON  metric=rpr
2026-10-07T12:42:20Z  OBSERVE  checkoutservice->shippingservice  rpr=0.0000  low=387 high=0  attempts=3  state=ON  metric=rpr
2026-10-07T12:42:20Z  OBSERVE  recommendationservice->productcatalogservice  rpr=0.0000  low=388 high=0  attempts=3  state=ON  metric=rpr
2026-10-07T12:42:20Z  OBSERVE  checkoutservice  rejection=0.1839  low=0 high=1  state=OFF  metric=rejection
2026-10-07T12:42:21Z  OBSERVE  frontend->adservice  rpr=0.0000  low=389 high=0  attempts=3  state=ON  metric=rpr
2026-10-07T12:42:21Z  OBSERVE  frontend->cartservice  rpr=0.0000  low=390 high=0  attempts=3  state=ON  metric=rpr
2026-10-07T12:42:21Z  OBSERVE  frontend->currencyservice  rpr=0.0000  low=390 high=0  attempts=3  state=ON  metric=rpr
2026-10-07T12:42:21Z  OBSERVE  frontend->productcatalogservice  rpr=0.0000  low=390 high=0  attempts=3  state=ON  metric=rpr
2026-10-07T12:42:21Z  OBSERVE  frontend->recommendationservice  rpr=0.0000  low=390 high=0  attempts=3  state=ON  metric=rpr
2026-10-07T12:42:21Z  OBSERVE  frontend->shippingservice  rpr=0.0000  low=389 high=0  attempts=3  state=ON  metric=rpr
2026-10-07T12:42:21Z  OBSERVE  checkoutservice->cartservice  rpr=0.0000  low=388 high=0  attempts=3  state=ON  metric=rpr
2026-10-07T12:42:21Z  OBSERVE  checkoutservice->currencyservice  rpr=0.0000  low=388 high=0  attempts=3  state=ON  metric=rpr
2026-10-07T12:42:21Z  OBSERVE  checkoutservice->emailservice  rpr=0.0000  low=386 high=0  attempts=3  state=ON  metric=rpr
2026-10-07T12:42:21Z  OBSERVE  checkoutservice->paymentservice  rpr=0.0000  low=388 high=0  attempts=3  state=ON  metric=rpr
2026-10-07T12:42:21Z  OBSERVE  checkoutservice->shippingservice  rpr=0.0000  low=388 high=0  attempts=3  state=ON  metric=rpr
2026-10-07T12:42:21Z  OBSERVE  recommendationservice->productcatalogservice  rpr=0.0000  low=389 high=0  attempts=3  state=ON  metric=rpr
2026-10-07T12:42:21Z  OBSERVE  checkoutservice  rejection=0.2386  low=0 high=2  state=OFF  metric=rejection
2026-10-07T12:42:22Z  OBSERVE  frontend->adservice  rpr=0.0000  low=390 high=0  attempts=3  state=ON  metric=rpr
2026-10-07T12:42:22Z  OBSERVE  frontend->cartservice  rpr=0.0000  low=391 high=0  attempts=3  state=ON  metric=rpr
2026-10-07T12:42:22Z  OBSERVE  frontend->currencyservice  rpr=0.0000  low=391 high=0  attempts=3  state=ON  metric=rpr
2026-10-07T12:42:22Z  OBSERVE  frontend->productcatalogservice  rpr=0.0000  low=391 high=0  attempts=3  state=ON  metric=rpr
2026-10-07T12:42:22Z  OBSERVE  frontend->recommendationservice  rpr=0.0000  low=391 high=0  attempts=3  state=ON  metric=rpr
2026-10-07T12:42:22Z  OBSERVE  frontend->shippingservice  rpr=0.0000  low=390 high=0  attempts=3  state=ON  metric=rpr
2026-10-07T12:42:22Z  OBSERVE  checkoutservice->cartservice  rpr=0.0000  low=389 high=0  attempts=3  state=ON  metric=rpr
2026-10-07T12:42:22Z  OBSERVE  checkoutservice->currencyservice  rpr=0.0000  low=389 high=0  attempts=3  state=ON  metric=rpr
2026-10-07T12:42:22Z  OBSERVE  checkoutservice->emailservice  rpr=0.0000  low=387 high=0  attempts=3  state=ON  metric=rpr
2026-10-07T12:42:22Z  OBSERVE  checkoutservice->paymentservice  rpr=0.0000  low=389 high=0  attempts=3  state=ON  metric=rpr
2026-10-07T12:42:22Z  OBSERVE  checkoutservice->shippingservice  rpr=0.0000  low=389 high=0  attempts=3  state=ON  metric=rpr
2026-10-07T12:42:22Z  OBSERVE  recommendationservice->productcatalogservice  rpr=0.0000  low=390 high=0  attempts=3  state=ON  metric=rpr
2026-10-07T12:42:22Z  OBSERVE  checkoutservice  rejection=0.3118  low=0 high=3  state=OFF  metric=rejection
2026-10-07T12:42:23Z  OBSERVE  frontend->adservice  rpr=0.0000  low=391 high=0  attempts=3  state=ON  metric=rpr
2026-10-07T12:42:23Z  OBSERVE  frontend->cartservice  rpr=0.0000  low=392 high=0  attempts=3  state=ON  metric=rpr
2026-10-07T12:42:23Z  OBSERVE  frontend->currencyservice  rpr=0.0000  low=392 high=0  attempts=3  state=ON  metric=rpr
2026-10-07T12:42:23Z  OBSERVE  frontend->productcatalogservice  rpr=0.0000  low=392 high=0  attempts=3  state=ON  metric=rpr
2026-10-07T12:42:23Z  OBSERVE  frontend->recommendationservice  rpr=0.0000  low=392 high=0  attempts=3  state=ON  metric=rpr
2026-10-07T12:42:23Z  OBSERVE  frontend->shippingservice  rpr=0.0000  low=391 high=0  attempts=3  state=ON  metric=rpr
2026-10-07T12:42:23Z  OBSERVE  checkoutservice->cartservice  rpr=0.0000  low=390 high=0  attempts=3  state=ON  metric=rpr
2026-10-07T12:42:23Z  OBSERVE  checkoutservice->currencyservice  rpr=0.0000  low=390 high=0  attempts=3  state=ON  metric=rpr
2026-10-07T12:42:23Z  OBSERVE  checkoutservice->emailservice  rpr=0.0000  low=388 high=0  attempts=3  state=ON  metric=rpr
2026-10-07T12:42:23Z  OBSERVE  checkoutservice->paymentservice  rpr=0.0000  low=390 high=0  attempts=3  state=ON  metric=rpr
2026-10-07T12:42:23Z  OBSERVE  checkoutservice->shippingservice  rpr=0.0000  low=390 high=0  attempts=3  state=ON  metric=rpr
2026-10-07T12:42:23Z  OBSERVE  recommendationservice->productcatalogservice  rpr=0.0000  low=391 high=0  attempts=3  state=ON  metric=rpr
2026-10-07T12:42:23Z  OBSERVE  checkoutservice  rejection=0.2727  low=0 high=4  state=OFF  metric=rejection
2026-10-07T12:42:24Z  OBSERVE  frontend->adservice  rpr=0.0000  low=392 high=0  attempts=3  state=ON  metric=rpr
2026-10-07T12:42:24Z  OBSERVE  frontend->cartservice  rpr=0.0000  low=393 high=0  attempts=3  state=ON  metric=rpr
2026-10-07T12:42:24Z  OBSERVE  frontend->currencyservice  rpr=0.0000  low=393 high=0  attempts=3  state=ON  metric=rpr
2026-10-07T12:42:24Z  OBSERVE  frontend->productcatalogservice  rpr=0.0000  low=393 high=0  attempts=3  state=ON  metric=rpr
2026-10-07T12:42:24Z  OBSERVE  frontend->recommendationservice  rpr=0.0000  low=393 high=0  attempts=3  state=ON  metric=rpr
2026-10-07T12:42:24Z  OBSERVE  frontend->shippingservice  rpr=0.0000  low=392 high=0  attempts=3  state=ON  metric=rpr
2026-10-07T12:42:24Z  OBSERVE  checkoutservice->cartservice  rpr=0.0000  low=391 high=0  attempts=3  state=ON  metric=rpr
2026-10-07T12:42:24Z  OBSERVE  checkoutservice->currencyservice  rpr=0.0000  low=391 high=0  attempts=3  state=ON  metric=rpr
2026-10-07T12:42:24Z  OBSERVE  checkoutservice->emailservice  rpr=0.0000  low=389 high=0  attempts=3  state=ON  metric=rpr
2026-10-07T12:42:24Z  OBSERVE  checkoutservice->paymentservice  rpr=0.0000  low=391 high=0  attempts=3  state=ON  metric=rpr
2026-10-07T12:42:24Z  OBSERVE  checkoutservice->shippingservice  rpr=0.0000  low=391 high=0  attempts=3  state=ON  metric=rpr
2026-10-07T12:42:24Z  OBSERVE  recommendationservice->productcatalogservice  rpr=0.0000  low=392 high=0  attempts=3  state=ON  metric=rpr
2026-10-07T12:42:24Z  OBSERVE  checkoutservice  rejection=0.4557  low=0 high=5  state=OFF  metric=rejection
2026-10-07T12:42:25Z  OBSERVE  frontend->adservice  rpr=0.0000  low=393 high=0  attempts=3  state=ON  metric=rpr
2026-10-07T12:42:25Z  OBSERVE  frontend->cartservice  rpr=0.0000  low=394 high=0  attempts=3  state=ON  metric=rpr
2026-10-07T12:42:25Z  OBSERVE  frontend->currencyservice  rpr=0.0000  low=394 high=0  attempts=3  state=ON  metric=rpr
2026-10-07T12:42:25Z  OBSERVE  frontend->productcatalogservice  rpr=0.0000  low=394 high=0  attempts=3  state=ON  metric=rpr
2026-10-07T12:42:25Z  OBSERVE  frontend->recommendationservice  rpr=0.0000  low=394 high=0  attempts=3  state=ON  metric=rpr
2026-10-07T12:42:25Z  OBSERVE  frontend->shippingservice  rpr=0.0000  low=393 high=0  attempts=3  state=ON  metric=rpr
2026-10-07T12:42:25Z  OBSERVE  checkoutservice->cartservice  rpr=0.0000  low=392 high=0  attempts=3  state=ON  metric=rpr
2026-10-07T12:42:25Z  OBSERVE  checkoutservice->currencyservice  rpr=0.0000  low=392 high=0  attempts=3  state=ON  metric=rpr
2026-10-07T12:42:25Z  OBSERVE  checkoutservice->emailservice  rpr=0.0000  low=390 high=0  attempts=3  state=ON  metric=rpr
2026-10-07T12:42:25Z  OBSERVE  checkoutservice->paymentservice  rpr=0.0000  low=392 high=0  attempts=3  state=ON  metric=rpr
2026-10-07T12:42:25Z  OBSERVE  checkoutservice->shippingservice  rpr=0.0000  low=392 high=0  attempts=3  state=ON  metric=rpr
2026-10-07T12:42:25Z  OBSERVE  recommendationservice->productcatalogservice  rpr=0.0000  low=393 high=0  attempts=3  state=ON  metric=rpr
2026-10-07T12:42:25Z  OBSERVE  checkoutservice  rejection=0.1212  low=0 high=6  state=OFF  metric=rejection
2026-10-07T12:42:26Z  OBSERVE  frontend->adservice  rpr=0.0000  low=394 high=0  attempts=3  state=ON  metric=rpr
2026-10-07T12:42:26Z  OBSERVE  frontend->cartservice  rpr=0.0000  low=395 high=0  attempts=3  state=ON  metric=rpr
2026-10-07T12:42:26Z  OBSERVE  frontend->currencyservice  rpr=0.0000  low=395 high=0  attempts=3  state=ON  metric=rpr
2026-10-07T12:42:26Z  OBSERVE  frontend->productcatalogservice  rpr=0.0000  low=395 high=0  attempts=3  state=ON  metric=rpr
2026-10-07T12:42:26Z  OBSERVE  frontend->recommendationservice  rpr=0.0000  low=395 high=0  attempts=3  state=ON  metric=rpr
2026-10-07T12:42:26Z  OBSERVE  frontend->shippingservice  rpr=0.0000  low=394 high=0  attempts=3  state=ON  metric=rpr
2026-10-07T12:42:26Z  OBSERVE  checkoutservice->cartservice  rpr=0.0000  low=393 high=0  attempts=3  state=ON  metric=rpr
2026-10-07T12:42:26Z  OBSERVE  checkoutservice->currencyservice  rpr=0.0000  low=393 high=0  attempts=3  state=ON  metric=rpr
2026-10-07T12:42:26Z  OBSERVE  checkoutservice->emailservice  rpr=0.0000  low=391 high=0  attempts=3  state=ON  metric=rpr
2026-10-07T12:42:26Z  OBSERVE  checkoutservice->paymentservice  rpr=0.0000  low=393 high=0  attempts=3  state=ON  metric=rpr
2026-10-07T12:42:26Z  OBSERVE  checkoutservice->shippingservice  rpr=0.0000  low=393 high=0  attempts=3  state=ON  metric=rpr
2026-10-07T12:42:26Z  OBSERVE  recommendationservice->productcatalogservice  rpr=0.0000  low=394 high=0  attempts=3  state=ON  metric=rpr
2026-10-07T12:42:26Z  OBSERVE  checkoutservice  rejection=0.2637  low=0 high=7  state=OFF  metric=rejection
2026-10-07T12:42:27Z  OBSERVE  frontend->adservice  rpr=0.0000  low=395 high=0  attempts=3  state=ON  metric=rpr
2026-10-07T12:42:27Z  OBSERVE  frontend->cartservice  rpr=0.0000  low=396 high=0  attempts=3  state=ON  metric=rpr
2026-10-07T12:42:27Z  OBSERVE  frontend->currencyservice  rpr=0.0000  low=396 high=0  attempts=3  state=ON  metric=rpr
2026-10-07T12:42:27Z  OBSERVE  frontend->productcatalogservice  rpr=0.0000  low=396 high=0  attempts=3  state=ON  metric=rpr
2026-10-07T12:42:27Z  OBSERVE  frontend->recommendationservice  rpr=0.0000  low=396 high=0  attempts=3  state=ON  metric=rpr
2026-10-07T12:42:27Z  OBSERVE  frontend->shippingservice  rpr=0.0000  low=395 high=0  attempts=3  state=ON  metric=rpr
2026-10-07T12:42:27Z  OBSERVE  checkoutservice->cartservice  rpr=0.0000  low=394 high=0  attempts=3  state=ON  metric=rpr
2026-10-07T12:42:27Z  OBSERVE  checkoutservice->currencyservice  rpr=0.0000  low=394 high=0  attempts=3  state=ON  metric=rpr
2026-10-07T12:42:27Z  OBSERVE  checkoutservice->emailservice  rpr=0.0000  low=392 high=0  attempts=3  state=ON  metric=rpr
2026-10-07T12:42:27Z  OBSERVE  checkoutservice->paymentservice  rpr=0.0000  low=394 high=0  attempts=3  state=ON  metric=rpr
2026-10-07T12:42:27Z  OBSERVE  checkoutservice->shippingservice  rpr=0.0000  low=394 high=0  attempts=3  state=ON  metric=rpr
2026-10-07T12:42:27Z  OBSERVE  recommendationservice->productcatalogservice  rpr=0.0000  low=395 high=0  attempts=3  state=ON  metric=rpr
2026-10-07T12:42:27Z  OBSERVE  checkoutservice  rejection=0.1146  low=0 high=8  state=OFF  metric=rejection
2026-10-07T12:42:28Z  OBSERVE  frontend->adservice  rpr=0.0000  low=396 high=0  attempts=3  state=ON  metric=rpr
2026-10-07T12:42:28Z  OBSERVE  frontend->cartservice  rpr=0.0000  low=397 high=0  attempts=3  state=ON  metric=rpr
2026-10-07T12:42:28Z  OBSERVE  frontend->currencyservice  rpr=0.0000  low=397 high=0  attempts=3  state=ON  metric=rpr
2026-10-07T12:42:28Z  OBSERVE  frontend->productcatalogservice  rpr=0.0000  low=397 high=0  attempts=3  state=ON  metric=rpr
2026-10-07T12:42:28Z  OBSERVE  frontend->recommendationservice  rpr=0.0000  low=397 high=0  attempts=3  state=ON  metric=rpr
2026-10-07T12:42:28Z  OBSERVE  frontend->shippingservice  rpr=0.0000  low=396 high=0  attempts=3  state=ON  metric=rpr
2026-10-07T12:42:28Z  OBSERVE  checkoutservice->cartservice  rpr=0.0000  low=395 high=0  attempts=3  state=ON  metric=rpr
2026-10-07T12:42:28Z  OBSERVE  checkoutservice->currencyservice  rpr=0.0000  low=395 high=0  attempts=3  state=ON  metric=rpr
2026-10-07T12:42:28Z  OBSERVE  checkoutservice->emailservice  rpr=0.0000  low=393 high=0  attempts=3  state=ON  metric=rpr
2026-10-07T12:42:28Z  OBSERVE  checkoutservice->paymentservice  rpr=0.0000  low=395 high=0  attempts=3  state=ON  metric=rpr
2026-10-07T12:42:28Z  OBSERVE  checkoutservice->shippingservice  rpr=0.0000  low=395 high=0  attempts=3  state=ON  metric=rpr
2026-10-07T12:42:28Z  OBSERVE  recommendationservice->productcatalogservice  rpr=0.0000  low=396 high=0  attempts=3  state=ON  metric=rpr
2026-10-07T12:42:28Z  OBSERVE  checkoutservice  rejection=0.2840  low=0 high=9  state=OFF  metric=rejection
2026-10-07T12:42:29Z  OBSERVE  frontend->adservice  rpr=0.0000  low=397 high=0  attempts=3  state=ON  metric=rpr
2026-10-07T12:42:29Z  OBSERVE  frontend->cartservice  rpr=0.0000  low=398 high=0  attempts=3  state=ON  metric=rpr
2026-10-07T12:42:29Z  OBSERVE  frontend->currencyservice  rpr=0.0000  low=398 high=0  attempts=3  state=ON  metric=rpr
2026-10-07T12:42:29Z  OBSERVE  frontend->productcatalogservice  rpr=0.0000  low=398 high=0  attempts=3  state=ON  metric=rpr
2026-10-07T12:42:29Z  OBSERVE  frontend->recommendationservice  rpr=0.0000  low=398 high=0  attempts=3  state=ON  metric=rpr
2026-10-07T12:42:29Z  OBSERVE  frontend->shippingservice  rpr=0.0000  low=397 high=0  attempts=3  state=ON  metric=rpr
2026-10-07T12:42:29Z  OBSERVE  checkoutservice->cartservice  rpr=0.0000  low=396 high=0  attempts=3  state=ON  metric=rpr
2026-10-07T12:42:29Z  OBSERVE  checkoutservice->currencyservice  rpr=0.0000  low=396 high=0  attempts=3  state=ON  metric=rpr
2026-10-07T12:42:29Z  OBSERVE  checkoutservice->emailservice  rpr=0.0000  low=394 high=0  attempts=3  state=ON  metric=rpr
2026-10-07T12:42:29Z  OBSERVE  checkoutservice->paymentservice  rpr=0.0000  low=396 high=0  attempts=3  state=ON  metric=rpr
2026-10-07T12:42:29Z  OBSERVE  checkoutservice->shippingservice  rpr=0.0000  low=396 high=0  attempts=3  state=ON  metric=rpr
2026-10-07T12:42:29Z  OBSERVE  recommendationservice->productcatalogservice  rpr=0.0000  low=397 high=0  attempts=3  state=ON  metric=rpr
2026-10-07T12:42:29Z  OBSERVE  checkoutservice  rejection=0.2347  low=0 high=10  state=OFF  metric=rejection
2026-10-07T12:42:30Z  OBSERVE  frontend->adservice  rpr=0.0000  low=398 high=0  attempts=3  state=ON  metric=rpr
2026-10-07T12:42:30Z  OBSERVE  frontend->cartservice  rpr=0.0000  low=399 high=0  attempts=3  state=ON  metric=rpr
2026-10-07T12:42:30Z  OBSERVE  frontend->currencyservice  rpr=0.0000  low=399 high=0  attempts=3  state=ON  metric=rpr
2026-10-07T12:42:30Z  OBSERVE  frontend->productcatalogservice  rpr=0.0000  low=399 high=0  attempts=3  state=ON  metric=rpr
2026-10-07T12:42:30Z  OBSERVE  frontend->recommendationservice  rpr=0.0000  low=399 high=0  attempts=3  state=ON  metric=rpr
2026-10-07T12:42:30Z  OBSERVE  frontend->shippingservice  rpr=0.0000  low=398 high=0  attempts=3  state=ON  metric=rpr
2026-10-07T12:42:30Z  OBSERVE  checkoutservice->cartservice  rpr=0.0000  low=397 high=0  attempts=3  state=ON  metric=rpr
2026-10-07T12:42:30Z  OBSERVE  checkoutservice->currencyservice  rpr=0.0000  low=397 high=0  attempts=3  state=ON  metric=rpr
2026-10-07T12:42:30Z  OBSERVE  checkoutservice->emailservice  rpr=0.0000  low=395 high=0  attempts=3  state=ON  metric=rpr
2026-10-07T12:42:30Z  OBSERVE  checkoutservice->paymentservice  rpr=0.0000  low=397 high=0  attempts=3  state=ON  metric=rpr
2026-10-07T12:42:30Z  OBSERVE  checkoutservice->shippingservice  rpr=0.0000  low=397 high=0  attempts=3  state=ON  metric=rpr
2026-10-07T12:42:30Z  OBSERVE  recommendationservice->productcatalogservice  rpr=0.0000  low=398 high=0  attempts=3  state=ON  metric=rpr
2026-10-07T12:42:30Z  OBSERVE  checkoutservice  rejection=0.4286  low=0 high=11  state=OFF  metric=rejection
2026-10-07T12:42:31Z  OBSERVE  frontend->adservice  rpr=0.0000  low=399 high=0  attempts=3  state=ON  metric=rpr
2026-10-07T12:42:31Z  OBSERVE  frontend->cartservice  rpr=0.0000  low=400 high=0  attempts=3  state=ON  metric=rpr
2026-10-07T12:42:31Z  OBSERVE  frontend->currencyservice  rpr=0.0000  low=400 high=0  attempts=3  state=ON  metric=rpr
2026-10-07T12:42:31Z  OBSERVE  frontend->productcatalogservice  rpr=0.0000  low=400 high=0  attempts=3  state=ON  metric=rpr
2026-10-07T12:42:31Z  OBSERVE  frontend->recommendationservice  rpr=0.0000  low=400 high=0  attempts=3  state=ON  metric=rpr
2026-10-07T12:42:31Z  OBSERVE  frontend->shippingservice  rpr=0.0000  low=399 high=0  attempts=3  state=ON  metric=rpr
2026-10-07T12:42:31Z  OBSERVE  checkoutservice->cartservice  rpr=0.0000  low=398 high=0  attempts=3  state=ON  metric=rpr
2026-10-07T12:42:31Z  OBSERVE  checkoutservice->currencyservice  rpr=0.0000  low=398 high=0  attempts=3  state=ON  metric=rpr
2026-10-07T12:42:31Z  OBSERVE  checkoutservice->emailservice  rpr=0.0000  low=396 high=0  attempts=3  state=ON  metric=rpr
2026-10-07T12:42:31Z  OBSERVE  checkoutservice->paymentservice  rpr=0.0000  low=398 high=0  attempts=3  state=ON  metric=rpr
2026-10-07T12:42:31Z  OBSERVE  checkoutservice->shippingservice  rpr=0.0000  low=398 high=0  attempts=3  state=ON  metric=rpr
2026-10-07T12:42:31Z  OBSERVE  recommendationservice->productcatalogservice  rpr=0.0000  low=399 high=0  attempts=3  state=ON  metric=rpr
2026-10-07T12:42:31Z  OBSERVE  checkoutservice  rejection=0.1023  low=0 high=12  state=OFF  metric=rejection
2026-10-07T12:42:32Z  OBSERVE  frontend->adservice  rpr=0.0000  low=400 high=0  attempts=3  state=ON  metric=rpr
2026-10-07T12:42:32Z  OBSERVE  frontend->cartservice  rpr=0.0000  low=401 high=0  attempts=3  state=ON  metric=rpr
2026-10-07T12:42:32Z  OBSERVE  frontend->currencyservice  rpr=0.0000  low=401 high=0  attempts=3  state=ON  metric=rpr
2026-10-07T12:42:32Z  OBSERVE  frontend->productcatalogservice  rpr=0.0000  low=401 high=0  attempts=3  state=ON  metric=rpr
2026-10-07T12:42:32Z  OBSERVE  frontend->recommendationservice  rpr=0.0000  low=401 high=0  attempts=3  state=ON  metric=rpr
2026-10-07T12:42:32Z  OBSERVE  frontend->shippingservice  rpr=0.0000  low=400 high=0  attempts=3  state=ON  metric=rpr
2026-10-07T12:42:32Z  OBSERVE  checkoutservice->cartservice  rpr=0.0000  low=399 high=0  attempts=3  state=ON  metric=rpr
2026-10-07T12:42:32Z  OBSERVE  checkoutservice->currencyservice  rpr=0.0000  low=399 high=0  attempts=3  state=ON  metric=rpr
2026-10-07T12:42:32Z  OBSERVE  checkoutservice->emailservice  rpr=0.0000  low=397 high=0  attempts=3  state=ON  metric=rpr
2026-10-07T12:42:32Z  OBSERVE  checkoutservice->paymentservice  rpr=0.0000  low=399 high=0  attempts=3  state=ON  metric=rpr
2026-10-07T12:42:32Z  OBSERVE  checkoutservice->shippingservice  rpr=0.0000  low=399 high=0  attempts=3  state=ON  metric=rpr
2026-10-07T12:42:32Z  OBSERVE  recommendationservice->productcatalogservice  rpr=0.0000  low=400 high=0  attempts=3  state=ON  metric=rpr
2026-10-07T12:42:32Z  OBSERVE  checkoutservice  rejection=0.2683  low=0 high=13  state=OFF  metric=rejection
2026-10-07T12:42:33Z  OBSERVE  frontend->adservice  rpr=0.0000  low=401 high=0  attempts=3  state=ON  metric=rpr
2026-10-07T12:42:33Z  OBSERVE  frontend->cartservice  rpr=0.0000  low=402 high=0  attempts=3  state=ON  metric=rpr
2026-10-07T12:42:33Z  OBSERVE  frontend->currencyservice  rpr=0.0000  low=402 high=0  attempts=3  state=ON  metric=rpr
2026-10-07T12:42:33Z  OBSERVE  frontend->productcatalogservice  rpr=0.0000  low=402 high=0  attempts=3  state=ON  metric=rpr
2026-10-07T12:42:33Z  OBSERVE  frontend->recommendationservice  rpr=0.0000  low=402 high=0  attempts=3  state=ON  metric=rpr
2026-10-07T12:42:33Z  OBSERVE  frontend->shippingservice  rpr=0.0000  low=401 high=0  attempts=3  state=ON  metric=rpr
2026-10-07T12:42:33Z  OBSERVE  checkoutservice->cartservice  rpr=0.0000  low=400 high=0  attempts=3  state=ON  metric=rpr
2026-10-07T12:42:33Z  OBSERVE  checkoutservice->currencyservice  rpr=0.0000  low=400 high=0  attempts=3  state=ON  metric=rpr
2026-10-07T12:42:33Z  OBSERVE  checkoutservice->emailservice  rpr=0.0000  low=398 high=0  attempts=3  state=ON  metric=rpr
2026-10-07T12:42:33Z  OBSERVE  checkoutservice->paymentservice  rpr=0.0000  low=400 high=0  attempts=3  state=ON  metric=rpr
2026-10-07T12:42:33Z  OBSERVE  checkoutservice->shippingservice  rpr=0.0000  low=400 high=0  attempts=3  state=ON  metric=rpr
2026-10-07T12:42:33Z  OBSERVE  recommendationservice->productcatalogservice  rpr=0.0000  low=401 high=0  attempts=3  state=ON  metric=rpr
2026-10-07T12:42:33Z  OBSERVE  checkoutservice  rejection=0.2981  low=0 high=14  state=OFF  metric=rejection
2026-10-07T12:42:34Z  OBSERVE  frontend->adservice  rpr=0.0000  low=402 high=0  attempts=3  state=ON  metric=rpr
2026-10-07T12:42:34Z  OBSERVE  frontend->cartservice  rpr=0.0000  low=403 high=0  attempts=3  state=ON  metric=rpr
2026-10-07T12:42:34Z  OBSERVE  frontend->currencyservice  rpr=0.0000  low=403 high=0  attempts=3  state=ON  metric=rpr
2026-10-07T12:42:34Z  OBSERVE  frontend->productcatalogservice  rpr=0.0000  low=403 high=0  attempts=3  state=ON  metric=rpr
2026-10-07T12:42:34Z  OBSERVE  frontend->recommendationservice  rpr=0.0000  low=403 high=0  attempts=3  state=ON  metric=rpr
2026-10-07T12:42:34Z  OBSERVE  frontend->shippingservice  rpr=0.0000  low=402 high=0  attempts=3  state=ON  metric=rpr
2026-10-07T12:42:34Z  OBSERVE  checkoutservice->cartservice  rpr=0.0000  low=401 high=0  attempts=3  state=ON  metric=rpr
2026-10-07T12:42:34Z  OBSERVE  checkoutservice->currencyservice  rpr=0.0000  low=401 high=0  attempts=3  state=ON  metric=rpr
2026-10-07T12:42:34Z  OBSERVE  checkoutservice->emailservice  rpr=0.0000  low=399 high=0  attempts=3  state=ON  metric=rpr
2026-10-07T12:42:34Z  OBSERVE  checkoutservice->paymentservice  rpr=0.0000  low=401 high=0  attempts=3  state=ON  metric=rpr
2026-10-07T12:42:34Z  OBSERVE  checkoutservice->shippingservice  rpr=0.0000  low=401 high=0  attempts=3  state=ON  metric=rpr
2026-10-07T12:42:34Z  OBSERVE  recommendationservice->productcatalogservice  rpr=0.0000  low=402 high=0  attempts=3  state=ON  metric=rpr
2026-10-07T12:42:34Z  OBSERVE  checkoutservice  rejection=0.1566  low=0 high=15  state=OFF  metric=rejection
2026-10-07T12:42:35Z  OBSERVE  frontend->adservice  rpr=0.0000  low=403 high=0  attempts=3  state=ON  metric=rpr
2026-10-07T12:42:35Z  OBSERVE  frontend->cartservice  rpr=0.0000  low=404 high=0  attempts=3  state=ON  metric=rpr
2026-10-07T12:42:35Z  OBSERVE  frontend->currencyservice  rpr=0.0000  low=404 high=0  attempts=3  state=ON  metric=rpr
2026-10-07T12:42:35Z  OBSERVE  frontend->productcatalogservice  rpr=0.0000  low=404 high=0  attempts=3  state=ON  metric=rpr
2026-10-07T12:42:35Z  OBSERVE  frontend->recommendationservice  rpr=0.0000  low=404 high=0  attempts=3  state=ON  metric=rpr
2026-10-07T12:42:35Z  OBSERVE  frontend->shippingservice  rpr=0.0000  low=403 high=0  attempts=3  state=ON  metric=rpr
2026-10-07T12:42:35Z  OBSERVE  checkoutservice->cartservice  rpr=0.0000  low=402 high=0  attempts=3  state=ON  metric=rpr
2026-10-07T12:42:35Z  OBSERVE  checkoutservice->currencyservice  rpr=0.0000  low=402 high=0  attempts=3  state=ON  metric=rpr
2026-10-07T12:42:35Z  OBSERVE  checkoutservice->emailservice  rpr=0.0000  low=400 high=0  attempts=3  state=ON  metric=rpr
2026-10-07T12:42:35Z  OBSERVE  checkoutservice->paymentservice  rpr=0.0000  low=402 high=0  attempts=3  state=ON  metric=rpr
2026-10-07T12:42:35Z  OBSERVE  checkoutservice->shippingservice  rpr=0.0000  low=402 high=0  attempts=3  state=ON  metric=rpr
2026-10-07T12:42:35Z  OBSERVE  recommendationservice->productcatalogservice  rpr=0.0000  low=403 high=0  attempts=3  state=ON  metric=rpr
2026-10-07T12:42:35Z  OBSERVE  checkoutservice  rejection=0.0787  low=1 high=0  state=OFF  metric=rejection
2026-10-07T12:42:36Z  OBSERVE  frontend->adservice  rpr=0.0000  low=404 high=0  attempts=3  state=ON  metric=rpr
2026-10-07T12:42:36Z  OBSERVE  frontend->cartservice  rpr=0.0000  low=405 high=0  attempts=3  state=ON  metric=rpr
2026-10-07T12:42:36Z  OBSERVE  frontend->currencyservice  rpr=0.0000  low=405 high=0  attempts=3  state=ON  metric=rpr
2026-10-07T12:42:36Z  OBSERVE  frontend->productcatalogservice  rpr=0.0000  low=405 high=0  attempts=3  state=ON  metric=rpr
2026-10-07T12:42:36Z  OBSERVE  frontend->recommendationservice  rpr=0.0000  low=405 high=0  attempts=3  state=ON  metric=rpr
2026-10-07T12:42:36Z  OBSERVE  frontend->shippingservice  rpr=0.0000  low=404 high=0  attempts=3  state=ON  metric=rpr
2026-10-07T12:42:36Z  OBSERVE  checkoutservice->cartservice  rpr=0.0000  low=403 high=0  attempts=3  state=ON  metric=rpr
2026-10-07T12:42:36Z  OBSERVE  checkoutservice->currencyservice  rpr=0.0000  low=403 high=0  attempts=3  state=ON  metric=rpr
2026-10-07T12:42:36Z  OBSERVE  checkoutservice->emailservice  rpr=0.0000  low=401 high=0  attempts=3  state=ON  metric=rpr
2026-10-07T12:42:36Z  OBSERVE  checkoutservice->paymentservice  rpr=0.0000  low=403 high=0  attempts=3  state=ON  metric=rpr
2026-10-07T12:42:36Z  OBSERVE  checkoutservice->shippingservice  rpr=0.0000  low=403 high=0  attempts=3  state=ON  metric=rpr
2026-10-07T12:42:36Z  OBSERVE  recommendationservice->productcatalogservice  rpr=0.0000  low=404 high=0  attempts=3  state=ON  metric=rpr
2026-10-07T12:42:36Z  OBSERVE  checkoutservice  rejection=0.2360  low=0 high=1  state=OFF  metric=rejection
2026-10-07T12:42:37Z  OBSERVE  frontend->adservice  rpr=0.0000  low=405 high=0  attempts=3  state=ON  metric=rpr
2026-10-07T12:42:37Z  OBSERVE  frontend->cartservice  rpr=0.0000  low=406 high=0  attempts=3  state=ON  metric=rpr
2026-10-07T12:42:37Z  OBSERVE  frontend->currencyservice  rpr=0.0000  low=406 high=0  attempts=3  state=ON  metric=rpr
2026-10-07T12:42:37Z  OBSERVE  frontend->productcatalogservice  rpr=0.0000  low=406 high=0  attempts=3  state=ON  metric=rpr
2026-10-07T12:42:37Z  OBSERVE  frontend->recommendationservice  rpr=0.0000  low=406 high=0  attempts=3  state=ON  metric=rpr
2026-10-07T12:42:37Z  OBSERVE  frontend->shippingservice  rpr=0.0000  low=405 high=0  attempts=3  state=ON  metric=rpr
2026-10-07T12:42:37Z  OBSERVE  checkoutservice->cartservice  rpr=0.0000  low=404 high=0  attempts=3  state=ON  metric=rpr
2026-10-07T12:42:37Z  OBSERVE  checkoutservice->currencyservice  rpr=0.0000  low=404 high=0  attempts=3  state=ON  metric=rpr
2026-10-07T12:42:37Z  OBSERVE  checkoutservice->emailservice  rpr=0.0000  low=402 high=0  attempts=3  state=ON  metric=rpr
2026-10-07T12:42:37Z  OBSERVE  checkoutservice->paymentservice  rpr=0.0000  low=404 high=0  attempts=3  state=ON  metric=rpr
2026-10-07T12:42:37Z  OBSERVE  checkoutservice->shippingservice  rpr=0.0000  low=404 high=0  attempts=3  state=ON  metric=rpr
2026-10-07T12:42:37Z  OBSERVE  recommendationservice->productcatalogservice  rpr=0.0000  low=405 high=0  attempts=3  state=ON  metric=rpr
2026-10-07T12:42:37Z  OBSERVE  checkoutservice  rejection=0.4800  low=0 high=2  state=OFF  metric=rejection
2026-10-07T12:42:38Z  OBSERVE  frontend->adservice  rpr=0.0000  low=406 high=0  attempts=3  state=ON  metric=rpr
2026-10-07T12:42:38Z  OBSERVE  frontend->cartservice  rpr=0.0000  low=407 high=0  attempts=3  state=ON  metric=rpr
2026-10-07T12:42:38Z  OBSERVE  frontend->currencyservice  rpr=0.0000  low=407 high=0  attempts=3  state=ON  metric=rpr
2026-10-07T12:42:38Z  OBSERVE  frontend->productcatalogservice  rpr=0.0000  low=407 high=0  attempts=3  state=ON  metric=rpr
2026-10-07T12:42:38Z  OBSERVE  frontend->recommendationservice  rpr=0.0000  low=407 high=0  attempts=3  state=ON  metric=rpr
2026-10-07T12:42:38Z  OBSERVE  frontend->shippingservice  rpr=0.0000  low=406 high=0  attempts=3  state=ON  metric=rpr
2026-10-07T12:42:38Z  OBSERVE  checkoutservice->cartservice  rpr=0.0000  low=405 high=0  attempts=3  state=ON  metric=rpr
2026-10-07T12:42:38Z  OBSERVE  checkoutservice->currencyservice  rpr=0.0000  low=405 high=0  attempts=3  state=ON  metric=rpr
2026-10-07T12:42:38Z  OBSERVE  checkoutservice->emailservice  rpr=0.0000  low=403 high=0  attempts=3  state=ON  metric=rpr
2026-10-07T12:42:38Z  OBSERVE  checkoutservice->paymentservice  rpr=0.0000  low=405 high=0  attempts=3  state=ON  metric=rpr
2026-10-07T12:42:38Z  OBSERVE  checkoutservice->shippingservice  rpr=0.0000  low=405 high=0  attempts=3  state=ON  metric=rpr
2026-10-07T12:42:38Z  OBSERVE  recommendationservice->productcatalogservice  rpr=0.0000  low=406 high=0  attempts=3  state=ON  metric=rpr
2026-10-07T12:42:38Z  OBSERVE  checkoutservice  rejection=0.3178  low=0 high=3  state=OFF  metric=rejection
2026-10-07T12:42:39Z  OBSERVE  frontend->adservice  rpr=0.0000  low=407 high=0  attempts=3  state=ON  metric=rpr
2026-10-07T12:42:39Z  OBSERVE  frontend->cartservice  rpr=0.0000  low=408 high=0  attempts=3  state=ON  metric=rpr
2026-10-07T12:42:39Z  OBSERVE  frontend->currencyservice  rpr=0.0000  low=408 high=0  attempts=3  state=ON  metric=rpr
2026-10-07T12:42:39Z  OBSERVE  frontend->productcatalogservice  rpr=0.0000  low=408 high=0  attempts=3  state=ON  metric=rpr
2026-10-07T12:42:39Z  OBSERVE  frontend->recommendationservice  rpr=0.0000  low=408 high=0  attempts=3  state=ON  metric=rpr
2026-10-07T12:42:39Z  OBSERVE  frontend->shippingservice  rpr=0.0000  low=407 high=0  attempts=3  state=ON  metric=rpr
2026-10-07T12:42:39Z  OBSERVE  checkoutservice->cartservice  rpr=0.0000  low=406 high=0  attempts=3  state=ON  metric=rpr
2026-10-07T12:42:39Z  OBSERVE  checkoutservice->currencyservice  rpr=0.0000  low=406 high=0  attempts=3  state=ON  metric=rpr
2026-10-07T12:42:39Z  OBSERVE  checkoutservice->emailservice  rpr=0.0000  low=404 high=0  attempts=3  state=ON  metric=rpr
2026-10-07T12:42:39Z  OBSERVE  checkoutservice->paymentservice  rpr=0.0000  low=406 high=0  attempts=3  state=ON  metric=rpr
2026-10-07T12:42:39Z  OBSERVE  checkoutservice->shippingservice  rpr=0.0000  low=406 high=0  attempts=3  state=ON  metric=rpr
2026-10-07T12:42:39Z  OBSERVE  recommendationservice->productcatalogservice  rpr=0.0000  low=407 high=0  attempts=3  state=ON  metric=rpr
2026-10-07T12:42:39Z  OBSERVE  checkoutservice  rejection=0.2987  low=0 high=4  state=OFF  metric=rejection
2026-10-07T12:42:40Z  OBSERVE  frontend->adservice  rpr=0.0000  low=408 high=0  attempts=3  state=ON  metric=rpr
2026-10-07T12:42:40Z  OBSERVE  frontend->cartservice  rpr=0.0000  low=409 high=0  attempts=3  state=ON  metric=rpr
2026-10-07T12:42:40Z  OBSERVE  frontend->currencyservice  rpr=0.0000  low=409 high=0  attempts=3  state=ON  metric=rpr
2026-10-07T12:42:40Z  OBSERVE  frontend->productcatalogservice  rpr=0.0000  low=409 high=0  attempts=3  state=ON  metric=rpr
2026-10-07T12:42:40Z  OBSERVE  frontend->recommendationservice  rpr=0.0000  low=409 high=0  attempts=3  state=ON  metric=rpr
2026-10-07T12:42:40Z  OBSERVE  frontend->shippingservice  rpr=0.0000  low=408 high=0  attempts=3  state=ON  metric=rpr
2026-10-07T12:42:40Z  OBSERVE  checkoutservice->cartservice  rpr=0.0000  low=407 high=0  attempts=3  state=ON  metric=rpr
2026-10-07T12:42:40Z  OBSERVE  checkoutservice->currencyservice  rpr=0.0000  low=407 high=0  attempts=3  state=ON  metric=rpr
2026-10-07T12:42:40Z  OBSERVE  checkoutservice->emailservice  rpr=0.0000  low=405 high=0  attempts=3  state=ON  metric=rpr
2026-10-07T12:42:40Z  OBSERVE  checkoutservice->paymentservice  rpr=0.0000  low=407 high=0  attempts=3  state=ON  metric=rpr
2026-10-07T12:42:40Z  OBSERVE  checkoutservice->shippingservice  rpr=0.0000  low=407 high=0  attempts=3  state=ON  metric=rpr
2026-10-07T12:42:40Z  OBSERVE  recommendationservice->productcatalogservice  rpr=0.0000  low=408 high=0  attempts=3  state=ON  metric=rpr
2026-10-07T12:42:40Z  OBSERVE  checkoutservice  rejection=0.1875  low=0 high=5  state=OFF  metric=rejection
2026-10-07T12:42:41Z  OBSERVE  frontend->adservice  rpr=0.0000  low=409 high=0  attempts=3  state=ON  metric=rpr
2026-10-07T12:42:41Z  OBSERVE  frontend->cartservice  rpr=0.0000  low=410 high=0  attempts=3  state=ON  metric=rpr
2026-10-07T12:42:41Z  OBSERVE  frontend->currencyservice  rpr=0.0000  low=410 high=0  attempts=3  state=ON  metric=rpr
2026-10-07T12:42:41Z  OBSERVE  frontend->productcatalogservice  rpr=0.0000  low=410 high=0  attempts=3  state=ON  metric=rpr
2026-10-07T12:42:41Z  OBSERVE  frontend->recommendationservice  rpr=0.0000  low=410 high=0  attempts=3  state=ON  metric=rpr
2026-10-07T12:42:41Z  OBSERVE  frontend->shippingservice  rpr=0.0000  low=409 high=0  attempts=3  state=ON  metric=rpr
2026-10-07T12:42:41Z  OBSERVE  checkoutservice->cartservice  rpr=0.0000  low=408 high=0  attempts=3  state=ON  metric=rpr
2026-10-07T12:42:41Z  OBSERVE  checkoutservice->currencyservice  rpr=0.0000  low=408 high=0  attempts=3  state=ON  metric=rpr
2026-10-07T12:42:41Z  OBSERVE  checkoutservice->emailservice  rpr=0.0000  low=406 high=0  attempts=3  state=ON  metric=rpr
2026-10-07T12:42:41Z  OBSERVE  checkoutservice->paymentservice  rpr=0.0000  low=408 high=0  attempts=3  state=ON  metric=rpr
2026-10-07T12:42:41Z  OBSERVE  checkoutservice->shippingservice  rpr=0.0000  low=408 high=0  attempts=3  state=ON  metric=rpr
2026-10-07T12:42:41Z  OBSERVE  recommendationservice->productcatalogservice  rpr=0.0000  low=409 high=0  attempts=3  state=ON  metric=rpr
2026-10-07T12:42:41Z  OBSERVE  checkoutservice  rejection=0.2828  low=0 high=6  state=OFF  metric=rejection
2026-10-07T12:42:42Z  OBSERVE  frontend->adservice  rpr=0.0000  low=410 high=0  attempts=3  state=ON  metric=rpr
2026-10-07T12:42:42Z  OBSERVE  frontend->cartservice  rpr=0.0000  low=411 high=0  attempts=3  state=ON  metric=rpr
2026-10-07T12:42:42Z  OBSERVE  frontend->currencyservice  rpr=0.0000  low=411 high=0  attempts=3  state=ON  metric=rpr
2026-10-07T12:42:42Z  OBSERVE  frontend->productcatalogservice  rpr=0.0000  low=411 high=0  attempts=3  state=ON  metric=rpr
2026-10-07T12:42:42Z  OBSERVE  frontend->recommendationservice  rpr=0.0000  low=411 high=0  attempts=3  state=ON  metric=rpr
2026-10-07T12:42:42Z  OBSERVE  frontend->shippingservice  rpr=0.0000  low=410 high=0  attempts=3  state=ON  metric=rpr
2026-10-07T12:42:42Z  OBSERVE  checkoutservice->cartservice  rpr=0.0000  low=409 high=0  attempts=3  state=ON  metric=rpr
2026-10-07T12:42:42Z  OBSERVE  checkoutservice->currencyservice  rpr=0.0000  low=409 high=0  attempts=3  state=ON  metric=rpr
2026-10-07T12:42:42Z  OBSERVE  checkoutservice->emailservice  rpr=0.0000  low=407 high=0  attempts=3  state=ON  metric=rpr
2026-10-07T12:42:42Z  OBSERVE  checkoutservice->paymentservice  rpr=0.0000  low=409 high=0  attempts=3  state=ON  metric=rpr
2026-10-07T12:42:42Z  OBSERVE  checkoutservice->shippingservice  rpr=0.0000  low=409 high=0  attempts=3  state=ON  metric=rpr
2026-10-07T12:42:42Z  OBSERVE  recommendationservice->productcatalogservice  rpr=0.0000  low=410 high=0  attempts=3  state=ON  metric=rpr
2026-10-07T12:42:42Z  OBSERVE  checkoutservice  rejection=0.3875  low=0 high=7  state=OFF  metric=rejection
2026-10-07T12:42:43Z  OBSERVE  frontend->adservice  rpr=0.0000  low=411 high=0  attempts=3  state=ON  metric=rpr
2026-10-07T12:42:43Z  OBSERVE  frontend->cartservice  rpr=0.0000  low=412 high=0  attempts=3  state=ON  metric=rpr
2026-10-07T12:42:43Z  OBSERVE  frontend->currencyservice  rpr=0.0000  low=412 high=0  attempts=3  state=ON  metric=rpr
2026-10-07T12:42:43Z  OBSERVE  frontend->productcatalogservice  rpr=0.0000  low=412 high=0  attempts=3  state=ON  metric=rpr
2026-10-07T12:42:43Z  OBSERVE  frontend->recommendationservice  rpr=0.0000  low=412 high=0  attempts=3  state=ON  metric=rpr
2026-10-07T12:42:43Z  OBSERVE  frontend->shippingservice  rpr=0.0000  low=411 high=0  attempts=3  state=ON  metric=rpr
2026-10-07T12:42:43Z  OBSERVE  checkoutservice->cartservice  rpr=0.0000  low=410 high=0  attempts=3  state=ON  metric=rpr
2026-10-07T12:42:43Z  OBSERVE  checkoutservice->currencyservice  rpr=0.0000  low=410 high=0  attempts=3  state=ON  metric=rpr
2026-10-07T12:42:43Z  OBSERVE  checkoutservice->emailservice  rpr=0.0000  low=408 high=0  attempts=3  state=ON  metric=rpr
2026-10-07T12:42:43Z  OBSERVE  checkoutservice->paymentservice  rpr=0.0000  low=410 high=0  attempts=3  state=ON  metric=rpr
2026-10-07T12:42:43Z  OBSERVE  checkoutservice->shippingservice  rpr=0.0000  low=410 high=0  attempts=3  state=ON  metric=rpr
2026-10-07T12:42:43Z  OBSERVE  recommendationservice->productcatalogservice  rpr=0.0000  low=411 high=0  attempts=3  state=ON  metric=rpr
2026-10-07T12:42:43Z  OBSERVE  checkoutservice  rejection=0.0471  low=1 high=0  state=OFF  metric=rejection
2026-10-07T12:42:44Z  OBSERVE  frontend->adservice  rpr=0.0000  low=412 high=0  attempts=3  state=ON  metric=rpr
2026-10-07T12:42:44Z  OBSERVE  frontend->cartservice  rpr=0.0000  low=413 high=0  attempts=3  state=ON  metric=rpr
2026-10-07T12:42:44Z  OBSERVE  frontend->currencyservice  rpr=0.0000  low=413 high=0  attempts=3  state=ON  metric=rpr
2026-10-07T12:42:44Z  OBSERVE  frontend->productcatalogservice  rpr=0.0000  low=413 high=0  attempts=3  state=ON  metric=rpr
2026-10-07T12:42:44Z  OBSERVE  frontend->recommendationservice  rpr=0.0000  low=413 high=0  attempts=3  state=ON  metric=rpr
2026-10-07T12:42:44Z  OBSERVE  frontend->shippingservice  rpr=0.0000  low=412 high=0  attempts=3  state=ON  metric=rpr
2026-10-07T12:42:44Z  OBSERVE  checkoutservice->cartservice  rpr=0.0000  low=411 high=0  attempts=3  state=ON  metric=rpr
2026-10-07T12:42:44Z  OBSERVE  checkoutservice->currencyservice  rpr=0.0000  low=411 high=0  attempts=3  state=ON  metric=rpr
2026-10-07T12:42:44Z  OBSERVE  checkoutservice->emailservice  rpr=0.0000  low=409 high=0  attempts=3  state=ON  metric=rpr
2026-10-07T12:42:44Z  OBSERVE  checkoutservice->paymentservice  rpr=0.0000  low=411 high=0  attempts=3  state=ON  metric=rpr
2026-10-07T12:42:44Z  OBSERVE  checkoutservice->shippingservice  rpr=0.0000  low=411 high=0  attempts=3  state=ON  metric=rpr
2026-10-07T12:42:44Z  OBSERVE  recommendationservice->productcatalogservice  rpr=0.0000  low=412 high=0  attempts=3  state=ON  metric=rpr
2026-10-07T12:42:44Z  OBSERVE  checkoutservice  rejection=0.0968  low=2 high=0  state=OFF  metric=rejection
2026-10-07T12:42:45Z  OBSERVE  frontend->adservice  rpr=0.0000  low=413 high=0  attempts=3  state=ON  metric=rpr
2026-10-07T12:42:45Z  OBSERVE  frontend->cartservice  rpr=0.0000  low=414 high=0  attempts=3  state=ON  metric=rpr
2026-10-07T12:42:45Z  OBSERVE  frontend->currencyservice  rpr=0.0000  low=414 high=0  attempts=3  state=ON  metric=rpr
2026-10-07T12:42:45Z  OBSERVE  frontend->productcatalogservice  rpr=0.0000  low=414 high=0  attempts=3  state=ON  metric=rpr
2026-10-07T12:42:45Z  OBSERVE  frontend->recommendationservice  rpr=0.0000  low=414 high=0  attempts=3  state=ON  metric=rpr
2026-10-07T12:42:45Z  OBSERVE  frontend->shippingservice  rpr=0.0000  low=413 high=0  attempts=3  state=ON  metric=rpr
2026-10-07T12:42:45Z  OBSERVE  checkoutservice->cartservice  rpr=0.0000  low=412 high=0  attempts=3  state=ON  metric=rpr
2026-10-07T12:42:45Z  OBSERVE  checkoutservice->currencyservice  rpr=0.0000  low=412 high=0  attempts=3  state=ON  metric=rpr
2026-10-07T12:42:45Z  OBSERVE  checkoutservice->emailservice  rpr=0.0000  low=410 high=0  attempts=3  state=ON  metric=rpr
2026-10-07T12:42:45Z  OBSERVE  checkoutservice->paymentservice  rpr=0.0000  low=412 high=0  attempts=3  state=ON  metric=rpr
2026-10-07T12:42:45Z  OBSERVE  checkoutservice->shippingservice  rpr=0.0000  low=412 high=0  attempts=3  state=ON  metric=rpr
2026-10-07T12:42:45Z  OBSERVE  recommendationservice->productcatalogservice  rpr=0.0000  low=413 high=0  attempts=3  state=ON  metric=rpr
2026-10-07T12:42:45Z  OBSERVE  checkoutservice  rejection=0.2697  low=0 high=1  state=OFF  metric=rejection
2026-10-07T12:42:46Z  OBSERVE  frontend->adservice  rpr=0.0000  low=414 high=0  attempts=3  state=ON  metric=rpr
2026-10-07T12:42:46Z  OBSERVE  frontend->cartservice  rpr=0.0000  low=415 high=0  attempts=3  state=ON  metric=rpr
2026-10-07T12:42:46Z  OBSERVE  frontend->currencyservice  rpr=0.0000  low=415 high=0  attempts=3  state=ON  metric=rpr
2026-10-07T12:42:46Z  OBSERVE  frontend->productcatalogservice  rpr=0.0000  low=415 high=0  attempts=3  state=ON  metric=rpr
2026-10-07T12:42:46Z  OBSERVE  frontend->recommendationservice  rpr=0.0000  low=415 high=0  attempts=3  state=ON  metric=rpr
2026-10-07T12:42:46Z  OBSERVE  frontend->shippingservice  rpr=0.0000  low=414 high=0  attempts=3  state=ON  metric=rpr
2026-10-07T12:42:46Z  OBSERVE  checkoutservice->cartservice  rpr=0.0000  low=413 high=0  attempts=3  state=ON  metric=rpr
2026-10-07T12:42:46Z  OBSERVE  checkoutservice->currencyservice  rpr=0.0000  low=413 high=0  attempts=3  state=ON  metric=rpr
2026-10-07T12:42:46Z  OBSERVE  checkoutservice->emailservice  rpr=0.0000  low=411 high=0  attempts=3  state=ON  metric=rpr
2026-10-07T12:42:46Z  OBSERVE  checkoutservice->paymentservice  rpr=0.0000  low=413 high=0  attempts=3  state=ON  metric=rpr
2026-10-07T12:42:46Z  OBSERVE  checkoutservice->shippingservice  rpr=0.0000  low=413 high=0  attempts=3  state=ON  metric=rpr
2026-10-07T12:42:46Z  OBSERVE  recommendationservice->productcatalogservice  rpr=0.0000  low=414 high=0  attempts=3  state=ON  metric=rpr
2026-10-07T12:42:46Z  OBSERVE  checkoutservice  rejection=0.1139  low=0 high=2  state=OFF  metric=rejection
2026-10-07T12:42:47Z  OBSERVE  frontend->adservice  rpr=0.0000  low=415 high=0  attempts=3  state=ON  metric=rpr
2026-10-07T12:42:47Z  OBSERVE  frontend->cartservice  rpr=0.0000  low=416 high=0  attempts=3  state=ON  metric=rpr
2026-10-07T12:42:47Z  OBSERVE  frontend->currencyservice  rpr=0.0000  low=416 high=0  attempts=3  state=ON  metric=rpr
2026-10-07T12:42:47Z  OBSERVE  frontend->productcatalogservice  rpr=0.0000  low=416 high=0  attempts=3  state=ON  metric=rpr
2026-10-07T12:42:47Z  OBSERVE  frontend->recommendationservice  rpr=0.0000  low=416 high=0  attempts=3  state=ON  metric=rpr
2026-10-07T12:42:47Z  OBSERVE  frontend->shippingservice  rpr=0.0000  low=415 high=0  attempts=3  state=ON  metric=rpr
2026-10-07T12:42:47Z  OBSERVE  checkoutservice->cartservice  rpr=0.0000  low=414 high=0  attempts=3  state=ON  metric=rpr
2026-10-07T12:42:47Z  OBSERVE  checkoutservice->currencyservice  rpr=0.0000  low=414 high=0  attempts=3  state=ON  metric=rpr
2026-10-07T12:42:47Z  OBSERVE  checkoutservice->emailservice  rpr=0.0000  low=412 high=0  attempts=3  state=ON  metric=rpr
2026-10-07T12:42:47Z  OBSERVE  checkoutservice->paymentservice  rpr=0.0000  low=414 high=0  attempts=3  state=ON  metric=rpr
2026-10-07T12:42:47Z  OBSERVE  checkoutservice->shippingservice  rpr=0.0000  low=414 high=0  attempts=3  state=ON  metric=rpr
2026-10-07T12:42:47Z  OBSERVE  recommendationservice->productcatalogservice  rpr=0.0000  low=415 high=0  attempts=3  state=ON  metric=rpr
2026-10-07T12:42:47Z  OBSERVE  checkoutservice  rejection=0.2444  low=0 high=3  state=OFF  metric=rejection
2026-10-07T12:42:48Z  OBSERVE  frontend->adservice  rpr=0.0000  low=416 high=0  attempts=3  state=ON  metric=rpr
2026-10-07T12:42:48Z  OBSERVE  frontend->cartservice  rpr=0.0000  low=417 high=0  attempts=3  state=ON  metric=rpr
2026-10-07T12:42:48Z  OBSERVE  frontend->currencyservice  rpr=0.0000  low=417 high=0  attempts=3  state=ON  metric=rpr
2026-10-07T12:42:48Z  OBSERVE  frontend->productcatalogservice  rpr=0.0000  low=417 high=0  attempts=3  state=ON  metric=rpr
2026-10-07T12:42:48Z  OBSERVE  frontend->recommendationservice  rpr=0.0000  low=417 high=0  attempts=3  state=ON  metric=rpr
2026-10-07T12:42:48Z  OBSERVE  frontend->shippingservice  rpr=0.0000  low=416 high=0  attempts=3  state=ON  metric=rpr
2026-10-07T12:42:48Z  OBSERVE  checkoutservice->cartservice  rpr=0.0000  low=415 high=0  attempts=3  state=ON  metric=rpr
2026-10-07T12:42:48Z  OBSERVE  checkoutservice->currencyservice  rpr=0.0000  low=415 high=0  attempts=3  state=ON  metric=rpr
2026-10-07T12:42:48Z  OBSERVE  checkoutservice->emailservice  rpr=0.0000  low=413 high=0  attempts=3  state=ON  metric=rpr
2026-10-07T12:42:48Z  OBSERVE  checkoutservice->paymentservice  rpr=0.0000  low=415 high=0  attempts=3  state=ON  metric=rpr
2026-10-07T12:42:48Z  OBSERVE  checkoutservice->shippingservice  rpr=0.0000  low=415 high=0  attempts=3  state=ON  metric=rpr
2026-10-07T12:42:48Z  OBSERVE  recommendationservice->productcatalogservice  rpr=0.0000  low=416 high=0  attempts=3  state=ON  metric=rpr
2026-10-07T12:42:48Z  OBSERVE  checkoutservice  rejection=0.4333  low=0 high=4  state=OFF  metric=rejection
2026-10-07T12:42:49Z  OBSERVE  frontend->adservice  rpr=0.0000  low=417 high=0  attempts=3  state=ON  metric=rpr
2026-10-07T12:42:49Z  OBSERVE  frontend->cartservice  rpr=0.0000  low=418 high=0  attempts=3  state=ON  metric=rpr
2026-10-07T12:42:49Z  OBSERVE  frontend->currencyservice  rpr=0.0000  low=418 high=0  attempts=3  state=ON  metric=rpr
2026-10-07T12:42:49Z  OBSERVE  frontend->productcatalogservice  rpr=0.0000  low=418 high=0  attempts=3  state=ON  metric=rpr
2026-10-07T12:42:49Z  OBSERVE  frontend->recommendationservice  rpr=0.2479  low=418 high=0  attempts=3  state=ON  metric=rpr
2026-10-07T12:42:49Z  OBSERVE  frontend->shippingservice  rpr=0.0000  low=417 high=0  attempts=3  state=ON  metric=rpr
2026-10-07T12:42:49Z  OBSERVE  checkoutservice->cartservice  rpr=0.0000  low=416 high=0  attempts=3  state=ON  metric=rpr
2026-10-07T12:42:49Z  OBSERVE  checkoutservice->currencyservice  rpr=0.0000  low=416 high=0  attempts=3  state=ON  metric=rpr
2026-10-07T12:42:49Z  OBSERVE  checkoutservice->emailservice  rpr=0.0000  low=414 high=0  attempts=3  state=ON  metric=rpr
2026-10-07T12:42:49Z  OBSERVE  checkoutservice->paymentservice  rpr=0.0000  low=416 high=0  attempts=3  state=ON  metric=rpr
2026-10-07T12:42:49Z  OBSERVE  checkoutservice->shippingservice  rpr=0.0000  low=416 high=0  attempts=3  state=ON  metric=rpr
2026-10-07T12:42:49Z  OBSERVE  recommendationservice->productcatalogservice  rpr=0.0000  low=417 high=0  attempts=3  state=ON  metric=rpr
2026-10-07T12:42:49Z  OBSERVE  checkoutservice  rejection=0.1364  low=0 high=5  state=OFF  metric=rejection
2026-10-07T12:42:50Z  OBSERVE  frontend->adservice  rpr=0.0000  low=418 high=0  attempts=3  state=ON  metric=rpr
2026-10-07T12:42:50Z  OBSERVE  frontend->cartservice  rpr=0.0000  low=419 high=0  attempts=3  state=ON  metric=rpr
2026-10-07T12:42:50Z  OBSERVE  frontend->currencyservice  rpr=0.0000  low=419 high=0  attempts=3  state=ON  metric=rpr
2026-10-07T12:42:50Z  OBSERVE  frontend->productcatalogservice  rpr=0.0000  low=419 high=0  attempts=3  state=ON  metric=rpr
2026-10-07T12:42:50Z  OBSERVE  frontend->recommendationservice  rpr=0.6282  low=0 high=1  attempts=3  state=ON  metric=rpr
2026-10-07T12:42:50Z  OBSERVE  frontend->shippingservice  rpr=0.0000  low=418 high=0  attempts=3  state=ON  metric=rpr
2026-10-07T12:42:50Z  OBSERVE  checkoutservice->cartservice  rpr=0.0000  low=417 high=0  attempts=3  state=ON  metric=rpr
2026-10-07T12:42:50Z  OBSERVE  checkoutservice->currencyservice  rpr=0.0000  low=417 high=0  attempts=3  state=ON  metric=rpr
2026-10-07T12:42:50Z  OBSERVE  checkoutservice->emailservice  rpr=0.0000  low=415 high=0  attempts=3  state=ON  metric=rpr
2026-10-07T12:42:50Z  OBSERVE  checkoutservice->paymentservice  rpr=0.0000  low=417 high=0  attempts=3  state=ON  metric=rpr
2026-10-07T12:42:50Z  OBSERVE  checkoutservice->shippingservice  rpr=0.0000  low=417 high=0  attempts=3  state=ON  metric=rpr
2026-10-07T12:42:50Z  OBSERVE  recommendationservice->productcatalogservice  rpr=0.0000  low=418 high=0  attempts=3  state=ON  metric=rpr
2026-10-07T12:42:50Z  OBSERVE  checkoutservice  rejection=0.1846  low=0 high=6  state=OFF  metric=rejection
2026-10-07T12:42:51Z  OBSERVE  frontend->adservice  rpr=0.0000  low=419 high=0  attempts=3  state=ON  metric=rpr
2026-10-07T12:42:51Z  OBSERVE  frontend->cartservice  rpr=0.0000  low=420 high=0  attempts=3  state=ON  metric=rpr
2026-10-07T12:42:51Z  OBSERVE  frontend->currencyservice  rpr=0.0000  low=420 high=0  attempts=3  state=ON  metric=rpr
2026-10-07T12:42:51Z  OBSERVE  frontend->productcatalogservice  rpr=0.0000  low=420 high=0  attempts=3  state=ON  metric=rpr
2026-10-07T12:42:51Z  OBSERVE  frontend->recommendationservice  rpr=1.2857  low=0 high=2  attempts=3  state=ON  metric=rpr
2026-10-07T12:42:51Z  OBSERVE  frontend->shippingservice  rpr=0.0000  low=419 high=0  attempts=3  state=ON  metric=rpr
2026-10-07T12:42:51Z  OBSERVE  checkoutservice->cartservice  rpr=0.0000  low=418 high=0  attempts=3  state=ON  metric=rpr
2026-10-07T12:42:51Z  OBSERVE  checkoutservice->currencyservice  rpr=0.0000  low=418 high=0  attempts=3  state=ON  metric=rpr
2026-10-07T12:42:51Z  OBSERVE  checkoutservice->emailservice  rpr=0.0000  low=416 high=0  attempts=3  state=ON  metric=rpr
2026-10-07T12:42:51Z  OBSERVE  checkoutservice->paymentservice  rpr=0.0000  low=418 high=0  attempts=3  state=ON  metric=rpr
2026-10-07T12:42:51Z  OBSERVE  checkoutservice->shippingservice  rpr=0.0000  low=418 high=0  attempts=3  state=ON  metric=rpr
2026-10-07T12:42:51Z  OBSERVE  recommendationservice->productcatalogservice  rpr=0.0000  low=419 high=0  attempts=3  state=ON  metric=rpr
2026-10-07T12:42:51Z  OBSERVE  checkoutservice  rejection=0.0000  low=1 high=0  state=OFF  metric=rejection
2026-10-07T12:42:52Z  OBSERVE  frontend->adservice  rpr=0.0000  low=420 high=0  attempts=3  state=ON  metric=rpr
2026-10-07T12:42:52Z  OBSERVE  frontend->cartservice  rpr=0.0000  low=421 high=0  attempts=3  state=ON  metric=rpr
2026-10-07T12:42:52Z  OBSERVE  frontend->currencyservice  rpr=0.0000  low=421 high=0  attempts=3  state=ON  metric=rpr
2026-10-07T12:42:52Z  OBSERVE  frontend->productcatalogservice  rpr=0.0000  low=421 high=0  attempts=3  state=ON  metric=rpr
2026-10-07T12:42:52Z  OBSERVE  frontend->recommendationservice  rpr=0.9596  low=0 high=3  attempts=3  state=ON  metric=rpr
2026-10-07T12:42:52Z  OBSERVE  frontend->shippingservice  rpr=0.0000  low=420 high=0  attempts=3  state=ON  metric=rpr
2026-10-07T12:42:52Z  OBSERVE  checkoutservice->cartservice  rpr=0.0000  low=419 high=0  attempts=3  state=ON  metric=rpr
2026-10-07T12:42:52Z  OBSERVE  checkoutservice->currencyservice  rpr=0.0000  low=419 high=0  attempts=3  state=ON  metric=rpr
2026-10-07T12:42:52Z  OBSERVE  checkoutservice->emailservice  rpr=0.0000  low=417 high=0  attempts=3  state=ON  metric=rpr
2026-10-07T12:42:52Z  OBSERVE  checkoutservice->paymentservice  rpr=0.0000  low=419 high=0  attempts=3  state=ON  metric=rpr
2026-10-07T12:42:52Z  OBSERVE  checkoutservice->shippingservice  rpr=0.0000  low=419 high=0  attempts=3  state=ON  metric=rpr
2026-10-07T12:42:52Z  OBSERVE  recommendationservice->productcatalogservice  rpr=0.0000  low=420 high=0  attempts=3  state=ON  metric=rpr
2026-10-07T12:42:52Z  OBSERVE  checkoutservice  rejection=0.0000  low=2 high=0  state=OFF  metric=rejection
2026-10-07T12:42:53Z  OBSERVE  frontend->adservice  rpr=0.0000  low=421 high=0  attempts=3  state=ON  metric=rpr
2026-10-07T12:42:53Z  OBSERVE  frontend->cartservice  rpr=0.0000  low=422 high=0  attempts=3  state=ON  metric=rpr
2026-10-07T12:42:53Z  OBSERVE  frontend->currencyservice  rpr=0.0000  low=422 high=0  attempts=3  state=ON  metric=rpr
2026-10-07T12:42:53Z  OBSERVE  frontend->productcatalogservice  rpr=0.0000  low=422 high=0  attempts=3  state=ON  metric=rpr
2026-10-07T12:42:53Z  OBSERVE  frontend->recommendationservice  rpr=0.7603  low=0 high=4  attempts=3  state=ON  metric=rpr
2026-10-07T12:42:53Z  OBSERVE  frontend->shippingservice  rpr=0.0000  low=421 high=0  attempts=3  state=ON  metric=rpr
2026-10-07T12:42:53Z  OBSERVE  checkoutservice->cartservice  rpr=0.0000  low=420 high=0  attempts=3  state=ON  metric=rpr
2026-10-07T12:42:53Z  OBSERVE  checkoutservice->currencyservice  rpr=0.0000  low=420 high=0  attempts=3  state=ON  metric=rpr
2026-10-07T12:42:53Z  OBSERVE  checkoutservice->emailservice  rpr=0.0000  low=418 high=0  attempts=3  state=ON  metric=rpr
2026-10-07T12:42:53Z  OBSERVE  checkoutservice->paymentservice  rpr=0.0000  low=420 high=0  attempts=3  state=ON  metric=rpr
2026-10-07T12:42:53Z  OBSERVE  checkoutservice->shippingservice  rpr=0.0000  low=420 high=0  attempts=3  state=ON  metric=rpr
2026-10-07T12:42:53Z  OBSERVE  recommendationservice->productcatalogservice  rpr=0.0000  low=421 high=0  attempts=3  state=ON  metric=rpr
2026-10-07T12:42:53Z  OBSERVE  checkoutservice  rejection=0.0000  low=3 high=0  state=OFF  metric=rejection
2026-10-07T12:42:54Z  OBSERVE  frontend->adservice  rpr=0.0000  low=422 high=0  attempts=3  state=ON  metric=rpr
2026-10-07T12:42:54Z  OBSERVE  frontend->cartservice  rpr=0.0000  low=423 high=0  attempts=3  state=ON  metric=rpr
2026-10-07T12:42:54Z  OBSERVE  frontend->currencyservice  rpr=0.0000  low=423 high=0  attempts=3  state=ON  metric=rpr
2026-10-07T12:42:54Z  OBSERVE  frontend->productcatalogservice  rpr=0.0000  low=423 high=0  attempts=3  state=ON  metric=rpr
2026-10-07T12:42:54Z  OBSERVE  frontend->recommendationservice  rpr=0.5701  low=0 high=5  attempts=3  state=ON  metric=rpr
2026-10-07T12:42:54Z  OBSERVE  frontend->shippingservice  rpr=0.0000  low=422 high=0  attempts=3  state=ON  metric=rpr
2026-10-07T12:42:54Z  OBSERVE  checkoutservice->cartservice  rpr=0.0000  low=421 high=0  attempts=3  state=ON  metric=rpr
2026-10-07T12:42:54Z  OBSERVE  checkoutservice->currencyservice  rpr=0.0000  low=421 high=0  attempts=3  state=ON  metric=rpr
2026-10-07T12:42:54Z  OBSERVE  checkoutservice->emailservice  rpr=0.0000  low=419 high=0  attempts=3  state=ON  metric=rpr
2026-10-07T12:42:54Z  OBSERVE  checkoutservice->paymentservice  rpr=0.0000  low=421 high=0  attempts=3  state=ON  metric=rpr
2026-10-07T12:42:54Z  OBSERVE  checkoutservice->shippingservice  rpr=0.0000  low=421 high=0  attempts=3  state=ON  metric=rpr
2026-10-07T12:42:54Z  OBSERVE  recommendationservice->productcatalogservice  rpr=0.0000  low=422 high=0  attempts=3  state=ON  metric=rpr
2026-10-07T12:42:54Z  OBSERVE  checkoutservice  rejection=0.0000  low=4 high=0  state=OFF  metric=rejection
2026-10-07T12:42:55Z  OBSERVE  frontend->adservice  rpr=0.0000  low=423 high=0  attempts=3  state=ON  metric=rpr
2026-10-07T12:42:55Z  OBSERVE  frontend->cartservice  rpr=0.0000  low=424 high=0  attempts=3  state=ON  metric=rpr
2026-10-07T12:42:55Z  OBSERVE  frontend->currencyservice  rpr=0.0000  low=424 high=0  attempts=3  state=ON  metric=rpr
2026-10-07T12:42:55Z  OBSERVE  frontend->productcatalogservice  rpr=0.0000  low=424 high=0  attempts=3  state=ON  metric=rpr
2026-10-07T12:42:55Z  OBSERVE  frontend->recommendationservice  rpr=1.3230  low=0 high=6  attempts=3  state=ON  metric=rpr
2026-10-07T12:42:55Z  OBSERVE  frontend->shippingservice  rpr=0.0000  low=423 high=0  attempts=3  state=ON  metric=rpr
2026-10-07T12:42:55Z  OBSERVE  checkoutservice->cartservice  rpr=0.0000  low=422 high=0  attempts=3  state=ON  metric=rpr
2026-10-07T12:42:55Z  OBSERVE  checkoutservice->currencyservice  rpr=0.0000  low=422 high=0  attempts=3  state=ON  metric=rpr
2026-10-07T12:42:55Z  OBSERVE  checkoutservice->emailservice  rpr=0.0000  low=420 high=0  attempts=3  state=ON  metric=rpr
2026-10-07T12:42:55Z  OBSERVE  checkoutservice->paymentservice  rpr=0.0000  low=422 high=0  attempts=3  state=ON  metric=rpr
2026-10-07T12:42:55Z  OBSERVE  checkoutservice->shippingservice  rpr=0.0000  low=422 high=0  attempts=3  state=ON  metric=rpr
2026-10-07T12:42:55Z  OBSERVE  recommendationservice->productcatalogservice  rpr=0.0000  low=423 high=0  attempts=3  state=ON  metric=rpr
2026-10-07T12:42:55Z  OBSERVE  checkoutservice  rejection=0.0000  low=5 high=0  state=OFF  metric=rejection
2026-10-07T12:42:56Z  OBSERVE  frontend->adservice  rpr=0.0000  low=424 high=0  attempts=3  state=ON  metric=rpr
2026-10-07T12:42:56Z  OBSERVE  frontend->cartservice  rpr=0.0000  low=425 high=0  attempts=3  state=ON  metric=rpr
2026-10-07T12:42:56Z  OBSERVE  frontend->currencyservice  rpr=0.0000  low=425 high=0  attempts=3  state=ON  metric=rpr
2026-10-07T12:42:56Z  OBSERVE  frontend->productcatalogservice  rpr=0.0000  low=425 high=0  attempts=3  state=ON  metric=rpr
2026-10-07T12:42:56Z  OBSERVE  frontend->recommendationservice  rpr=1.1755  low=0 high=7  attempts=3  state=ON  metric=rpr
2026-10-07T12:42:56Z  OBSERVE  frontend->shippingservice  rpr=0.0000  low=424 high=0  attempts=3  state=ON  metric=rpr
2026-10-07T12:42:56Z  OBSERVE  checkoutservice->cartservice  rpr=0.0000  low=423 high=0  attempts=3  state=ON  metric=rpr
2026-10-07T12:42:56Z  OBSERVE  checkoutservice->currencyservice  rpr=0.0000  low=423 high=0  attempts=3  state=ON  metric=rpr
2026-10-07T12:42:56Z  OBSERVE  checkoutservice->emailservice  rpr=0.0000  low=421 high=0  attempts=3  state=ON  metric=rpr
2026-10-07T12:42:56Z  OBSERVE  checkoutservice->paymentservice  rpr=0.0000  low=423 high=0  attempts=3  state=ON  metric=rpr
2026-10-07T12:42:56Z  OBSERVE  checkoutservice->shippingservice  rpr=0.0000  low=423 high=0  attempts=3  state=ON  metric=rpr
2026-10-07T12:42:56Z  OBSERVE  recommendationservice->productcatalogservice  rpr=0.0000  low=424 high=0  attempts=3  state=ON  metric=rpr
2026-10-07T12:42:56Z  OBSERVE  checkoutservice  rejection=0.0000  low=6 high=0  state=OFF  metric=rejection
2026-10-07T12:42:57Z  OBSERVE  frontend->adservice  rpr=0.0000  low=425 high=0  attempts=3  state=ON  metric=rpr
2026-10-07T12:42:57Z  OBSERVE  frontend->cartservice  rpr=0.0000  low=426 high=0  attempts=3  state=ON  metric=rpr
2026-10-07T12:42:57Z  OBSERVE  frontend->currencyservice  rpr=0.0000  low=426 high=0  attempts=3  state=ON  metric=rpr
2026-10-07T12:42:57Z  OBSERVE  frontend->productcatalogservice  rpr=0.0000  low=426 high=0  attempts=3  state=ON  metric=rpr
2026-10-07T12:42:57Z  OBSERVE  frontend->recommendationservice  rpr=0.8820  low=0 high=8  attempts=3  state=ON  metric=rpr
2026-10-07T12:42:57Z  OBSERVE  frontend->shippingservice  rpr=0.0000  low=425 high=0  attempts=3  state=ON  metric=rpr
2026-10-07T12:42:57Z  OBSERVE  checkoutservice->cartservice  rpr=0.0000  low=424 high=0  attempts=3  state=ON  metric=rpr
2026-10-07T12:42:57Z  OBSERVE  checkoutservice->currencyservice  rpr=0.0000  low=424 high=0  attempts=3  state=ON  metric=rpr
2026-10-07T12:42:57Z  OBSERVE  checkoutservice->emailservice  rpr=0.0000  low=422 high=0  attempts=3  state=ON  metric=rpr
2026-10-07T12:42:57Z  OBSERVE  checkoutservice->paymentservice  rpr=0.0000  low=424 high=0  attempts=3  state=ON  metric=rpr
2026-10-07T12:42:57Z  OBSERVE  checkoutservice->shippingservice  rpr=0.0000  low=424 high=0  attempts=3  state=ON  metric=rpr
2026-10-07T12:42:57Z  OBSERVE  recommendationservice->productcatalogservice  rpr=0.0000  low=425 high=0  attempts=3  state=ON  metric=rpr
2026-10-07T12:42:57Z  OBSERVE  checkoutservice  rejection=0.0000  low=7 high=0  state=OFF  metric=rejection
2026-10-07T12:42:58Z  OBSERVE  frontend->adservice  rpr=0.0000  low=426 high=0  attempts=3  state=ON  metric=rpr
2026-10-07T12:42:58Z  OBSERVE  frontend->cartservice  rpr=0.0000  low=427 high=0  attempts=3  state=ON  metric=rpr
2026-10-07T12:42:58Z  OBSERVE  frontend->currencyservice  rpr=0.0000  low=427 high=0  attempts=3  state=ON  metric=rpr
2026-10-07T12:42:58Z  OBSERVE  frontend->productcatalogservice  rpr=0.0000  low=427 high=0  attempts=3  state=ON  metric=rpr
2026-10-07T12:42:58Z  OBSERVE  frontend->recommendationservice  rpr=0.5762  low=0 high=9  attempts=3  state=ON  metric=rpr
2026-10-07T12:42:58Z  OBSERVE  frontend->shippingservice  rpr=0.0000  low=426 high=0  attempts=3  state=ON  metric=rpr
2026-10-07T12:42:58Z  OBSERVE  checkoutservice->cartservice  rpr=0.0000  low=425 high=0  attempts=3  state=ON  metric=rpr
2026-10-07T12:42:58Z  OBSERVE  checkoutservice->currencyservice  rpr=0.0000  low=425 high=0  attempts=3  state=ON  metric=rpr
2026-10-07T12:42:58Z  OBSERVE  checkoutservice->emailservice  rpr=0.0000  low=423 high=0  attempts=3  state=ON  metric=rpr
2026-10-07T12:42:58Z  OBSERVE  checkoutservice->paymentservice  rpr=0.0000  low=425 high=0  attempts=3  state=ON  metric=rpr
2026-10-07T12:42:58Z  OBSERVE  checkoutservice->shippingservice  rpr=0.0000  low=425 high=0  attempts=3  state=ON  metric=rpr
2026-10-07T12:42:58Z  OBSERVE  recommendationservice->productcatalogservice  rpr=0.0000  low=426 high=0  attempts=3  state=ON  metric=rpr
2026-10-07T12:42:58Z  OBSERVE  checkoutservice  rejection=0.0000  low=8 high=0  state=OFF  metric=rejection
2026-10-07T12:42:59Z  OBSERVE  frontend->adservice  rpr=0.0000  low=427 high=0  attempts=3  state=ON  metric=rpr
2026-10-07T12:42:59Z  OBSERVE  frontend->cartservice  rpr=0.0000  low=428 high=0  attempts=3  state=ON  metric=rpr
2026-10-07T12:42:59Z  OBSERVE  frontend->currencyservice  rpr=0.0000  low=428 high=0  attempts=3  state=ON  metric=rpr
2026-10-07T12:42:59Z  OBSERVE  frontend->productcatalogservice  rpr=0.0000  low=428 high=0  attempts=3  state=ON  metric=rpr
2026-10-07T12:42:59Z  OBSERVE  frontend->recommendationservice  rpr=0.4502  low=1 high=0  attempts=3  state=ON  metric=rpr
2026-10-07T12:42:59Z  OBSERVE  frontend->shippingservice  rpr=0.0000  low=427 high=0  attempts=3  state=ON  metric=rpr
2026-10-07T12:42:59Z  OBSERVE  checkoutservice->cartservice  rpr=0.0000  low=426 high=0  attempts=3  state=ON  metric=rpr
2026-10-07T12:42:59Z  OBSERVE  checkoutservice->currencyservice  rpr=0.0000  low=426 high=0  attempts=3  state=ON  metric=rpr
2026-10-07T12:42:59Z  OBSERVE  checkoutservice->emailservice  rpr=0.0000  low=424 high=0  attempts=3  state=ON  metric=rpr
2026-10-07T12:42:59Z  OBSERVE  checkoutservice->paymentservice  rpr=0.0000  low=426 high=0  attempts=3  state=ON  metric=rpr
2026-10-07T12:42:59Z  OBSERVE  checkoutservice->shippingservice  rpr=0.0000  low=426 high=0  attempts=3  state=ON  metric=rpr
2026-10-07T12:42:59Z  OBSERVE  recommendationservice->productcatalogservice  rpr=0.0000  low=427 high=0  attempts=3  state=ON  metric=rpr
2026-10-07T12:42:59Z  OBSERVE  checkoutservice  rejection=0.0000  low=9 high=0  state=OFF  metric=rejection
2026-10-07T12:43:00Z  OBSERVE  frontend->adservice  rpr=0.0000  low=428 high=0  attempts=3  state=ON  metric=rpr
2026-10-07T12:43:00Z  OBSERVE  frontend->cartservice  rpr=0.0000  low=429 high=0  attempts=3  state=ON  metric=rpr
2026-10-07T12:43:00Z  OBSERVE  frontend->currencyservice  rpr=0.0000  low=429 high=0  attempts=3  state=ON  metric=rpr
2026-10-07T12:43:00Z  OBSERVE  frontend->productcatalogservice  rpr=0.0000  low=429 high=0  attempts=3  state=ON  metric=rpr
2026-10-07T12:43:00Z  OBSERVE  frontend->recommendationservice  rpr=0.5022  low=0 high=1  attempts=3  state=ON  metric=rpr
2026-10-07T12:43:00Z  OBSERVE  frontend->shippingservice  rpr=0.0000  low=428 high=0  attempts=3  state=ON  metric=rpr
2026-10-07T12:43:00Z  OBSERVE  checkoutservice->cartservice  rpr=0.0000  low=427 high=0  attempts=3  state=ON  metric=rpr
2026-10-07T12:43:00Z  OBSERVE  checkoutservice->currencyservice  rpr=0.0000  low=427 high=0  attempts=3  state=ON  metric=rpr
2026-10-07T12:43:00Z  OBSERVE  checkoutservice->emailservice  rpr=0.0000  low=425 high=0  attempts=3  state=ON  metric=rpr
2026-10-07T12:43:00Z  OBSERVE  checkoutservice->paymentservice  rpr=0.0000  low=427 high=0  attempts=3  state=ON  metric=rpr
2026-10-07T12:43:00Z  OBSERVE  checkoutservice->shippingservice  rpr=0.0000  low=427 high=0  attempts=3  state=ON  metric=rpr
2026-10-07T12:43:00Z  OBSERVE  recommendationservice->productcatalogservice  rpr=0.0000  low=428 high=0  attempts=3  state=ON  metric=rpr
2026-10-07T12:43:00Z  OBSERVE  checkoutservice  rejection=0.0000  low=10 high=0  state=OFF  metric=rejection
2026-10-07T12:43:01Z  OBSERVE  frontend->adservice  rpr=0.0000  low=429 high=0  attempts=3  state=ON  metric=rpr
2026-10-07T12:43:01Z  OBSERVE  frontend->cartservice  rpr=0.0000  low=430 high=0  attempts=3  state=ON  metric=rpr
2026-10-07T12:43:01Z  OBSERVE  frontend->currencyservice  rpr=0.0000  low=430 high=0  attempts=3  state=ON  metric=rpr
2026-10-07T12:43:01Z  OBSERVE  frontend->productcatalogservice  rpr=0.0000  low=430 high=0  attempts=3  state=ON  metric=rpr
2026-10-07T12:43:01Z  OBSERVE  frontend->recommendationservice  rpr=1.0980  low=0 high=2  attempts=3  state=ON  metric=rpr
2026-10-07T12:43:01Z  OBSERVE  frontend->shippingservice  rpr=0.0000  low=429 high=0  attempts=3  state=ON  metric=rpr
2026-10-07T12:43:01Z  OBSERVE  checkoutservice->cartservice  rpr=0.0000  low=428 high=0  attempts=3  state=ON  metric=rpr
2026-10-07T12:43:01Z  OBSERVE  checkoutservice->currencyservice  rpr=0.0000  low=428 high=0  attempts=3  state=ON  metric=rpr
2026-10-07T12:43:01Z  OBSERVE  checkoutservice->emailservice  rpr=0.0000  low=426 high=0  attempts=3  state=ON  metric=rpr
2026-10-07T12:43:01Z  OBSERVE  checkoutservice->paymentservice  rpr=0.0000  low=428 high=0  attempts=3  state=ON  metric=rpr
2026-10-07T12:43:01Z  OBSERVE  checkoutservice->shippingservice  rpr=0.0000  low=428 high=0  attempts=3  state=ON  metric=rpr
2026-10-07T12:43:01Z  OBSERVE  recommendationservice->productcatalogservice  rpr=0.0000  low=429 high=0  attempts=3  state=ON  metric=rpr
2026-10-07T12:43:01Z  OBSERVE  checkoutservice  rejection=0.0000  low=11 high=0  state=OFF  metric=rejection
2026-10-07T12:43:02Z  OBSERVE  frontend->adservice  rpr=0.0000  low=430 high=0  attempts=3  state=ON  metric=rpr
2026-10-07T12:43:02Z  OBSERVE  frontend->cartservice  rpr=0.0000  low=431 high=0  attempts=3  state=ON  metric=rpr
2026-10-07T12:43:02Z  OBSERVE  frontend->currencyservice  rpr=0.0000  low=431 high=0  attempts=3  state=ON  metric=rpr
2026-10-07T12:43:02Z  OBSERVE  frontend->productcatalogservice  rpr=0.0000  low=431 high=0  attempts=3  state=ON  metric=rpr
2026-10-07T12:43:02Z  OBSERVE  frontend->recommendationservice  rpr=1.0836  low=0 high=3  attempts=3  state=ON  metric=rpr
2026-10-07T12:43:02Z  OBSERVE  frontend->shippingservice  rpr=0.0000  low=430 high=0  attempts=3  state=ON  metric=rpr
2026-10-07T12:43:02Z  OBSERVE  checkoutservice->cartservice  rpr=0.0000  low=429 high=0  attempts=3  state=ON  metric=rpr
2026-10-07T12:43:02Z  OBSERVE  checkoutservice->currencyservice  rpr=0.0000  low=429 high=0  attempts=3  state=ON  metric=rpr
2026-10-07T12:43:02Z  OBSERVE  checkoutservice->emailservice  rpr=0.0000  low=427 high=0  attempts=3  state=ON  metric=rpr
2026-10-07T12:43:02Z  OBSERVE  checkoutservice->paymentservice  rpr=0.0000  low=429 high=0  attempts=3  state=ON  metric=rpr
2026-10-07T12:43:02Z  OBSERVE  checkoutservice->shippingservice  rpr=0.0000  low=429 high=0  attempts=3  state=ON  metric=rpr
2026-10-07T12:43:02Z  OBSERVE  recommendationservice->productcatalogservice  rpr=0.0000  low=430 high=0  attempts=3  state=ON  metric=rpr
2026-10-07T12:43:02Z  OBSERVE  checkoutservice  rejection=0.0000  low=12 high=0  state=OFF  metric=rejection
2026-10-07T12:43:03Z  OBSERVE  frontend->adservice  rpr=0.0000  low=431 high=0  attempts=3  state=ON  metric=rpr
2026-10-07T12:43:03Z  OBSERVE  frontend->cartservice  rpr=0.0000  low=432 high=0  attempts=3  state=ON  metric=rpr
2026-10-07T12:43:03Z  OBSERVE  frontend->currencyservice  rpr=0.0000  low=432 high=0  attempts=3  state=ON  metric=rpr
2026-10-07T12:43:03Z  OBSERVE  frontend->productcatalogservice  rpr=0.0000  low=432 high=0  attempts=3  state=ON  metric=rpr
2026-10-07T12:43:03Z  OBSERVE  frontend->recommendationservice  rpr=1.3333  low=0 high=4  attempts=3  state=ON  metric=rpr
2026-10-07T12:43:03Z  OBSERVE  frontend->shippingservice  rpr=0.0000  low=431 high=0  attempts=3  state=ON  metric=rpr
2026-10-07T12:43:03Z  OBSERVE  checkoutservice->cartservice  rpr=0.0000  low=430 high=0  attempts=3  state=ON  metric=rpr
2026-10-07T12:43:03Z  OBSERVE  checkoutservice->currencyservice  rpr=0.0000  low=430 high=0  attempts=3  state=ON  metric=rpr
2026-10-07T12:43:03Z  OBSERVE  checkoutservice->emailservice  rpr=0.0000  low=428 high=0  attempts=3  state=ON  metric=rpr
2026-10-07T12:43:03Z  OBSERVE  checkoutservice->paymentservice  rpr=0.0000  low=430 high=0  attempts=3  state=ON  metric=rpr
2026-10-07T12:43:03Z  OBSERVE  checkoutservice->shippingservice  rpr=0.0000  low=430 high=0  attempts=3  state=ON  metric=rpr
2026-10-07T12:43:03Z  OBSERVE  recommendationservice->productcatalogservice  rpr=0.0000  low=431 high=0  attempts=3  state=ON  metric=rpr
2026-10-07T12:43:03Z  OBSERVE  checkoutservice  rejection=0.0000  low=13 high=0  state=OFF  metric=rejection
2026-10-07T12:43:04Z  OBSERVE  frontend->adservice  rpr=0.0000  low=432 high=0  attempts=3  state=ON  metric=rpr
2026-10-07T12:43:04Z  OBSERVE  frontend->cartservice  rpr=0.0000  low=433 high=0  attempts=3  state=ON  metric=rpr
2026-10-07T12:43:04Z  OBSERVE  frontend->currencyservice  rpr=0.0000  low=433 high=0  attempts=3  state=ON  metric=rpr
2026-10-07T12:43:04Z  OBSERVE  frontend->productcatalogservice  rpr=0.0000  low=433 high=0  attempts=3  state=ON  metric=rpr
2026-10-07T12:43:04Z  OBSERVE  frontend->recommendationservice  rpr=1.0648  low=0 high=5  attempts=3  state=ON  metric=rpr
2026-10-07T12:43:04Z  OBSERVE  frontend->shippingservice  rpr=0.0000  low=432 high=0  attempts=3  state=ON  metric=rpr
2026-10-07T12:43:04Z  OBSERVE  checkoutservice->cartservice  rpr=0.0000  low=431 high=0  attempts=3  state=ON  metric=rpr
2026-10-07T12:43:04Z  OBSERVE  checkoutservice->currencyservice  rpr=0.0000  low=431 high=0  attempts=3  state=ON  metric=rpr
2026-10-07T12:43:04Z  OBSERVE  checkoutservice->emailservice  rpr=0.0000  low=429 high=0  attempts=3  state=ON  metric=rpr
2026-10-07T12:43:04Z  OBSERVE  checkoutservice->paymentservice  rpr=0.0000  low=431 high=0  attempts=3  state=ON  metric=rpr
2026-10-07T12:43:04Z  OBSERVE  checkoutservice->shippingservice  rpr=0.0000  low=431 high=0  attempts=3  state=ON  metric=rpr
2026-10-07T12:43:04Z  OBSERVE  recommendationservice->productcatalogservice  rpr=0.0000  low=432 high=0  attempts=3  state=ON  metric=rpr
2026-10-07T12:43:04Z  OBSERVE  checkoutservice  rejection=0.0000  low=14 high=0  state=OFF  metric=rejection
2026-10-07T12:43:05Z  OBSERVE  frontend->adservice  rpr=0.0000  low=433 high=0  attempts=3  state=ON  metric=rpr
2026-10-07T12:43:05Z  OBSERVE  frontend->cartservice  rpr=0.0000  low=434 high=0  attempts=3  state=ON  metric=rpr
2026-10-07T12:43:05Z  OBSERVE  frontend->currencyservice  rpr=0.0000  low=434 high=0  attempts=3  state=ON  metric=rpr
2026-10-07T12:43:05Z  OBSERVE  frontend->productcatalogservice  rpr=0.0000  low=434 high=0  attempts=3  state=ON  metric=rpr
2026-10-07T12:43:05Z  OBSERVE  frontend->recommendationservice  rpr=1.2348  low=0 high=6  attempts=3  state=ON  metric=rpr
2026-10-07T12:43:05Z  OBSERVE  frontend->shippingservice  rpr=0.0000  low=433 high=0  attempts=3  state=ON  metric=rpr
2026-10-07T12:43:05Z  OBSERVE  checkoutservice->cartservice  rpr=0.0000  low=432 high=0  attempts=3  state=ON  metric=rpr
2026-10-07T12:43:05Z  OBSERVE  checkoutservice->currencyservice  rpr=0.0000  low=432 high=0  attempts=3  state=ON  metric=rpr
2026-10-07T12:43:05Z  OBSERVE  checkoutservice->emailservice  rpr=0.0000  low=430 high=0  attempts=3  state=ON  metric=rpr
2026-10-07T12:43:05Z  OBSERVE  checkoutservice->paymentservice  rpr=0.0000  low=432 high=0  attempts=3  state=ON  metric=rpr
2026-10-07T12:43:05Z  OBSERVE  checkoutservice->shippingservice  rpr=0.0000  low=432 high=0  attempts=3  state=ON  metric=rpr
2026-10-07T12:43:05Z  OBSERVE  recommendationservice->productcatalogservice  rpr=0.0000  low=433 high=0  attempts=3  state=ON  metric=rpr
2026-10-07T12:43:05Z  OBSERVE  checkoutservice  rejection=0.0000  low=15 high=0  state=OFF  metric=rejection
2026-10-07T12:43:06Z  OBSERVE  frontend->adservice  rpr=0.0000  low=434 high=0  attempts=3  state=ON  metric=rpr
2026-10-07T12:43:06Z  OBSERVE  frontend->cartservice  rpr=0.0000  low=435 high=0  attempts=3  state=ON  metric=rpr
2026-10-07T12:43:06Z  OBSERVE  frontend->currencyservice  rpr=0.0000  low=435 high=0  attempts=3  state=ON  metric=rpr
2026-10-07T12:43:06Z  OBSERVE  frontend->productcatalogservice  rpr=0.0000  low=435 high=0  attempts=3  state=ON  metric=rpr
2026-10-07T12:43:06Z  OBSERVE  frontend->recommendationservice  rpr=1.0274  low=0 high=7  attempts=3  state=ON  metric=rpr
2026-10-07T12:43:06Z  OBSERVE  frontend->shippingservice  rpr=0.0000  low=434 high=0  attempts=3  state=ON  metric=rpr
2026-10-07T12:43:06Z  OBSERVE  checkoutservice->cartservice  rpr=0.0000  low=433 high=0  attempts=3  state=ON  metric=rpr
2026-10-07T12:43:06Z  OBSERVE  checkoutservice->currencyservice  rpr=0.0000  low=433 high=0  attempts=3  state=ON  metric=rpr
2026-10-07T12:43:06Z  OBSERVE  checkoutservice->emailservice  rpr=0.0000  low=431 high=0  attempts=3  state=ON  metric=rpr
2026-10-07T12:43:06Z  OBSERVE  checkoutservice->paymentservice  rpr=0.0000  low=433 high=0  attempts=3  state=ON  metric=rpr
2026-10-07T12:43:06Z  OBSERVE  checkoutservice->shippingservice  rpr=0.0000  low=433 high=0  attempts=3  state=ON  metric=rpr
2026-10-07T12:43:06Z  OBSERVE  recommendationservice->productcatalogservice  rpr=0.0000  low=434 high=0  attempts=3  state=ON  metric=rpr
2026-10-07T12:43:06Z  OBSERVE  checkoutservice  rejection=0.0000  low=16 high=0  state=OFF  metric=rejection
2026-10-07T12:43:07Z  OBSERVE  frontend->adservice  rpr=0.0000  low=435 high=0  attempts=3  state=ON  metric=rpr
2026-10-07T12:43:07Z  OBSERVE  frontend->cartservice  rpr=0.0000  low=436 high=0  attempts=3  state=ON  metric=rpr
2026-10-07T12:43:07Z  OBSERVE  frontend->currencyservice  rpr=0.0000  low=436 high=0  attempts=3  state=ON  metric=rpr
2026-10-07T12:43:07Z  OBSERVE  frontend->productcatalogservice  rpr=0.0000  low=436 high=0  attempts=3  state=ON  metric=rpr
2026-10-07T12:43:07Z  OBSERVE  frontend->recommendationservice  rpr=1.5077  low=0 high=8  attempts=3  state=ON  metric=rpr
2026-10-07T12:43:07Z  OBSERVE  frontend->shippingservice  rpr=0.0000  low=435 high=0  attempts=3  state=ON  metric=rpr
2026-10-07T12:43:07Z  OBSERVE  checkoutservice->cartservice  rpr=0.0000  low=434 high=0  attempts=3  state=ON  metric=rpr
2026-10-07T12:43:07Z  OBSERVE  checkoutservice->currencyservice  rpr=0.0000  low=434 high=0  attempts=3  state=ON  metric=rpr
2026-10-07T12:43:07Z  OBSERVE  checkoutservice->emailservice  rpr=0.0000  low=432 high=0  attempts=3  state=ON  metric=rpr
2026-10-07T12:43:07Z  OBSERVE  checkoutservice->paymentservice  rpr=0.0000  low=434 high=0  attempts=3  state=ON  metric=rpr
2026-10-07T12:43:07Z  OBSERVE  checkoutservice->shippingservice  rpr=0.0000  low=434 high=0  attempts=3  state=ON  metric=rpr
2026-10-07T12:43:07Z  OBSERVE  recommendationservice->productcatalogservice  rpr=0.0000  low=435 high=0  attempts=3  state=ON  metric=rpr
2026-10-07T12:43:07Z  OBSERVE  checkoutservice  rejection=0.0000  low=17 high=0  state=OFF  metric=rejection
2026-10-07T12:43:08Z  OBSERVE  frontend->adservice  rpr=0.0000  low=436 high=0  attempts=3  state=ON  metric=rpr
2026-10-07T12:43:08Z  OBSERVE  frontend->cartservice  rpr=0.0000  low=437 high=0  attempts=3  state=ON  metric=rpr
2026-10-07T12:43:08Z  OBSERVE  frontend->currencyservice  rpr=0.0000  low=437 high=0  attempts=3  state=ON  metric=rpr
2026-10-07T12:43:08Z  OBSERVE  frontend->productcatalogservice  rpr=0.0000  low=437 high=0  attempts=3  state=ON  metric=rpr
2026-10-07T12:43:08Z  OBSERVE  frontend->recommendationservice  rpr=1.0645  low=0 high=9  attempts=3  state=ON  metric=rpr
2026-10-07T12:43:08Z  OBSERVE  frontend->shippingservice  rpr=0.0000  low=436 high=0  attempts=3  state=ON  metric=rpr
2026-10-07T12:43:08Z  OBSERVE  checkoutservice->cartservice  rpr=0.0000  low=435 high=0  attempts=3  state=ON  metric=rpr
2026-10-07T12:43:08Z  OBSERVE  checkoutservice->currencyservice  rpr=0.0000  low=435 high=0  attempts=3  state=ON  metric=rpr
2026-10-07T12:43:08Z  OBSERVE  checkoutservice->emailservice  rpr=0.0000  low=433 high=0  attempts=3  state=ON  metric=rpr
2026-10-07T12:43:08Z  OBSERVE  checkoutservice->paymentservice  rpr=0.0000  low=435 high=0  attempts=3  state=ON  metric=rpr
2026-10-07T12:43:08Z  OBSERVE  checkoutservice->shippingservice  rpr=0.0000  low=435 high=0  attempts=3  state=ON  metric=rpr
2026-10-07T12:43:08Z  OBSERVE  recommendationservice->productcatalogservice  rpr=0.0000  low=436 high=0  attempts=3  state=ON  metric=rpr
2026-10-07T12:43:08Z  OBSERVE  checkoutservice  rejection=0.0000  low=18 high=0  state=OFF  metric=rejection
2026-10-07T12:43:09Z  OBSERVE  frontend->adservice  rpr=0.0000  low=437 high=0  attempts=3  state=ON  metric=rpr
2026-10-07T12:43:09Z  OBSERVE  frontend->cartservice  rpr=0.0000  low=438 high=0  attempts=3  state=ON  metric=rpr
2026-10-07T12:43:09Z  OBSERVE  frontend->currencyservice  rpr=0.0000  low=438 high=0  attempts=3  state=ON  metric=rpr
2026-10-07T12:43:09Z  OBSERVE  frontend->productcatalogservice  rpr=0.0000  low=438 high=0  attempts=3  state=ON  metric=rpr
2026-10-07T12:43:09Z  OBSERVE  frontend->recommendationservice  rpr=1.0057  low=0 high=10  attempts=3  state=ON  metric=rpr
2026-10-07T12:43:09Z  OBSERVE  frontend->shippingservice  rpr=0.0000  low=437 high=0  attempts=3  state=ON  metric=rpr
2026-10-07T12:43:09Z  OBSERVE  checkoutservice->cartservice  rpr=0.0000  low=436 high=0  attempts=3  state=ON  metric=rpr
2026-10-07T12:43:09Z  OBSERVE  checkoutservice->currencyservice  rpr=0.0000  low=436 high=0  attempts=3  state=ON  metric=rpr
2026-10-07T12:43:09Z  OBSERVE  checkoutservice->emailservice  rpr=0.0000  low=434 high=0  attempts=3  state=ON  metric=rpr
2026-10-07T12:43:09Z  OBSERVE  checkoutservice->paymentservice  rpr=0.0000  low=436 high=0  attempts=3  state=ON  metric=rpr
2026-10-07T12:43:09Z  OBSERVE  checkoutservice->shippingservice  rpr=0.0000  low=436 high=0  attempts=3  state=ON  metric=rpr
2026-10-07T12:43:09Z  OBSERVE  recommendationservice->productcatalogservice  rpr=0.0000  low=437 high=0  attempts=3  state=ON  metric=rpr
2026-10-07T12:43:09Z  OBSERVE  checkoutservice  rejection=0.0000  low=19 high=0  state=OFF  metric=rejection
2026-10-07T12:43:10Z  OBSERVE  frontend->adservice  rpr=0.0000  low=438 high=0  attempts=3  state=ON  metric=rpr
2026-10-07T12:43:10Z  OBSERVE  frontend->cartservice  rpr=0.0000  low=439 high=0  attempts=3  state=ON  metric=rpr
2026-10-07T12:43:10Z  OBSERVE  frontend->currencyservice  rpr=0.0000  low=439 high=0  attempts=3  state=ON  metric=rpr
2026-10-07T12:43:10Z  OBSERVE  frontend->productcatalogservice  rpr=0.0000  low=439 high=0  attempts=3  state=ON  metric=rpr
2026-10-07T12:43:10Z  OBSERVE  frontend->recommendationservice  rpr=0.6807  low=0 high=11  attempts=3  state=ON  metric=rpr
2026-10-07T12:43:10Z  OBSERVE  frontend->shippingservice  rpr=0.0000  low=438 high=0  attempts=3  state=ON  metric=rpr
2026-10-07T12:43:10Z  OBSERVE  checkoutservice->cartservice  rpr=0.0000  low=437 high=0  attempts=3  state=ON  metric=rpr
2026-10-07T12:43:10Z  OBSERVE  checkoutservice->currencyservice  rpr=0.0000  low=437 high=0  attempts=3  state=ON  metric=rpr
2026-10-07T12:43:10Z  OBSERVE  checkoutservice->emailservice  rpr=0.0000  low=435 high=0  attempts=3  state=ON  metric=rpr
2026-10-07T12:43:10Z  OBSERVE  checkoutservice->paymentservice  rpr=0.0000  low=437 high=0  attempts=3  state=ON  metric=rpr
2026-10-07T12:43:10Z  OBSERVE  checkoutservice->shippingservice  rpr=0.0000  low=437 high=0  attempts=3  state=ON  metric=rpr
2026-10-07T12:43:10Z  OBSERVE  recommendationservice->productcatalogservice  rpr=0.0000  low=438 high=0  attempts=3  state=ON  metric=rpr
2026-10-07T12:43:10Z  OBSERVE  checkoutservice  rejection=0.0000  low=20 high=0  state=OFF  metric=rejection
2026-10-07T12:43:11Z  OBSERVE  frontend->adservice  rpr=0.0000  low=439 high=0  attempts=3  state=ON  metric=rpr
2026-10-07T12:43:11Z  OBSERVE  frontend->cartservice  rpr=0.0000  low=440 high=0  attempts=3  state=ON  metric=rpr
2026-10-07T12:43:11Z  OBSERVE  frontend->currencyservice  rpr=0.0000  low=440 high=0  attempts=3  state=ON  metric=rpr
2026-10-07T12:43:11Z  OBSERVE  frontend->productcatalogservice  rpr=0.0000  low=440 high=0  attempts=3  state=ON  metric=rpr
2026-10-07T12:43:11Z  OBSERVE  frontend->recommendationservice  rpr=0.9342  low=0 high=12  attempts=3  state=ON  metric=rpr
2026-10-07T12:43:11Z  OBSERVE  frontend->shippingservice  rpr=0.0000  low=439 high=0  attempts=3  state=ON  metric=rpr
2026-10-07T12:43:11Z  OBSERVE  checkoutservice->cartservice  rpr=0.0000  low=438 high=0  attempts=3  state=ON  metric=rpr
2026-10-07T12:43:11Z  OBSERVE  checkoutservice->currencyservice  rpr=0.0000  low=438 high=0  attempts=3  state=ON  metric=rpr
2026-10-07T12:43:11Z  OBSERVE  checkoutservice->emailservice  rpr=0.0000  low=436 high=0  attempts=3  state=ON  metric=rpr
2026-10-07T12:43:11Z  OBSERVE  checkoutservice->paymentservice  rpr=0.0000  low=438 high=0  attempts=3  state=ON  metric=rpr
2026-10-07T12:43:11Z  OBSERVE  checkoutservice->shippingservice  rpr=0.0000  low=438 high=0  attempts=3  state=ON  metric=rpr
2026-10-07T12:43:11Z  OBSERVE  recommendationservice->productcatalogservice  rpr=0.0000  low=439 high=0  attempts=3  state=ON  metric=rpr
2026-10-07T12:43:11Z  OBSERVE  checkoutservice  rejection=0.0000  low=21 high=0  state=OFF  metric=rejection
2026-10-07T12:43:12Z  OBSERVE  frontend->adservice  rpr=0.0000  low=440 high=0  attempts=3  state=ON  metric=rpr
2026-10-07T12:43:12Z  OBSERVE  frontend->cartservice  rpr=0.0000  low=441 high=0  attempts=3  state=ON  metric=rpr
2026-10-07T12:43:12Z  OBSERVE  frontend->currencyservice  rpr=0.0000  low=441 high=0  attempts=3  state=ON  metric=rpr
2026-10-07T12:43:12Z  OBSERVE  frontend->productcatalogservice  rpr=0.0000  low=441 high=0  attempts=3  state=ON  metric=rpr
2026-10-07T12:43:12Z  OBSERVE  frontend->recommendationservice  rpr=1.0819  low=0 high=13  attempts=3  state=ON  metric=rpr
2026-10-07T12:43:12Z  OBSERVE  frontend->shippingservice  rpr=0.0000  low=440 high=0  attempts=3  state=ON  metric=rpr
2026-10-07T12:43:12Z  OBSERVE  checkoutservice->cartservice  rpr=0.0000  low=439 high=0  attempts=3  state=ON  metric=rpr
2026-10-07T12:43:12Z  OBSERVE  checkoutservice->currencyservice  rpr=0.0000  low=439 high=0  attempts=3  state=ON  metric=rpr
2026-10-07T12:43:12Z  OBSERVE  checkoutservice->emailservice  rpr=0.0000  low=437 high=0  attempts=3  state=ON  metric=rpr
2026-10-07T12:43:12Z  OBSERVE  checkoutservice->paymentservice  rpr=0.0000  low=439 high=0  attempts=3  state=ON  metric=rpr
2026-10-07T12:43:12Z  OBSERVE  checkoutservice->shippingservice  rpr=0.0000  low=439 high=0  attempts=3  state=ON  metric=rpr
2026-10-07T12:43:12Z  OBSERVE  recommendationservice->productcatalogservice  rpr=0.0000  low=440 high=0  attempts=3  state=ON  metric=rpr
2026-10-07T12:43:12Z  OBSERVE  checkoutservice  rejection=0.0000  low=22 high=0  state=OFF  metric=rejection
2026-10-07T12:43:13Z  OBSERVE  frontend->adservice  rpr=0.0000  low=441 high=0  attempts=3  state=ON  metric=rpr
2026-10-07T12:43:13Z  OBSERVE  frontend->cartservice  rpr=0.0000  low=442 high=0  attempts=3  state=ON  metric=rpr
2026-10-07T12:43:13Z  OBSERVE  frontend->currencyservice  rpr=0.0000  low=442 high=0  attempts=3  state=ON  metric=rpr
2026-10-07T12:43:13Z  OBSERVE  frontend->productcatalogservice  rpr=0.0000  low=442 high=0  attempts=3  state=ON  metric=rpr
2026-10-07T12:43:13Z  OBSERVE  frontend->recommendationservice  rpr=0.8971  low=0 high=14  attempts=3  state=ON  metric=rpr
2026-10-07T12:43:13Z  OBSERVE  frontend->shippingservice  rpr=0.0000  low=441 high=0  attempts=3  state=ON  metric=rpr
2026-10-07T12:43:13Z  OBSERVE  checkoutservice->cartservice  rpr=0.0000  low=440 high=0  attempts=3  state=ON  metric=rpr
2026-10-07T12:43:13Z  OBSERVE  checkoutservice->currencyservice  rpr=0.0000  low=440 high=0  attempts=3  state=ON  metric=rpr
2026-10-07T12:43:13Z  OBSERVE  checkoutservice->emailservice  rpr=0.0000  low=438 high=0  attempts=3  state=ON  metric=rpr
2026-10-07T12:43:13Z  OBSERVE  checkoutservice->paymentservice  rpr=0.0000  low=440 high=0  attempts=3  state=ON  metric=rpr
2026-10-07T12:43:13Z  OBSERVE  checkoutservice->shippingservice  rpr=0.0000  low=440 high=0  attempts=3  state=ON  metric=rpr
2026-10-07T12:43:13Z  OBSERVE  recommendationservice->productcatalogservice  rpr=0.0000  low=441 high=0  attempts=3  state=ON  metric=rpr
2026-10-07T12:43:13Z  OBSERVE  checkoutservice  rejection=0.0000  low=23 high=0  state=OFF  metric=rejection
2026-10-07T12:43:14Z  OBSERVE  frontend->adservice  rpr=0.0000  low=442 high=0  attempts=3  state=ON  metric=rpr
2026-10-07T12:43:14Z  OBSERVE  frontend->cartservice  rpr=0.0000  low=443 high=0  attempts=3  state=ON  metric=rpr
2026-10-07T12:43:14Z  OBSERVE  frontend->currencyservice  rpr=0.0000  low=443 high=0  attempts=3  state=ON  metric=rpr
2026-10-07T12:43:14Z  OBSERVE  frontend->productcatalogservice  rpr=0.0000  low=443 high=0  attempts=3  state=ON  metric=rpr
2026-10-07T12:43:14Z  OBSERVE  frontend->recommendationservice  rpr=0.6439  low=0 high=15  attempts=3  state=ON  metric=rpr
2026-10-07T12:43:14Z  OBSERVE  frontend->shippingservice  rpr=0.0000  low=442 high=0  attempts=3  state=ON  metric=rpr
2026-10-07T12:43:14Z  OBSERVE  checkoutservice->cartservice  rpr=0.0000  low=441 high=0  attempts=3  state=ON  metric=rpr
2026-10-07T12:43:14Z  OBSERVE  checkoutservice->currencyservice  rpr=0.0000  low=441 high=0  attempts=3  state=ON  metric=rpr
2026-10-07T12:43:14Z  OBSERVE  checkoutservice->emailservice  rpr=0.0000  low=439 high=0  attempts=3  state=ON  metric=rpr
2026-10-07T12:43:14Z  OBSERVE  checkoutservice->paymentservice  rpr=0.0000  low=441 high=0  attempts=3  state=ON  metric=rpr
2026-10-07T12:43:14Z  OBSERVE  checkoutservice->shippingservice  rpr=0.0000  low=441 high=0  attempts=3  state=ON  metric=rpr
2026-10-07T12:43:14Z  OBSERVE  recommendationservice->productcatalogservice  rpr=0.0000  low=442 high=0  attempts=3  state=ON  metric=rpr
2026-10-07T12:43:14Z  OBSERVE  checkoutservice  rejection=0.0000  low=24 high=0  state=OFF  metric=rejection
2026-10-07T12:43:15Z  OBSERVE  frontend->adservice  rpr=0.0000  low=443 high=0  attempts=3  state=ON  metric=rpr
2026-10-07T12:43:15Z  OBSERVE  frontend->cartservice  rpr=0.0000  low=444 high=0  attempts=3  state=ON  metric=rpr
2026-10-07T12:43:15Z  OBSERVE  frontend->currencyservice  rpr=0.0000  low=444 high=0  attempts=3  state=ON  metric=rpr
2026-10-07T12:43:15Z  OBSERVE  frontend->productcatalogservice  rpr=0.0000  low=444 high=0  attempts=3  state=ON  metric=rpr
2026-10-07T12:43:15Z  OBSERVE  frontend->recommendationservice  rpr=0.8759  low=0 high=16  attempts=3  state=ON  metric=rpr
2026-10-07T12:43:15Z  OBSERVE  frontend->shippingservice  rpr=0.0000  low=443 high=0  attempts=3  state=ON  metric=rpr
2026-10-07T12:43:15Z  OBSERVE  checkoutservice->cartservice  rpr=0.0000  low=442 high=0  attempts=3  state=ON  metric=rpr
2026-10-07T12:43:15Z  OBSERVE  checkoutservice->currencyservice  rpr=0.0000  low=442 high=0  attempts=3  state=ON  metric=rpr
2026-10-07T12:43:15Z  OBSERVE  checkoutservice->emailservice  rpr=0.0000  low=440 high=0  attempts=3  state=ON  metric=rpr
2026-10-07T12:43:15Z  OBSERVE  checkoutservice->paymentservice  rpr=0.0000  low=442 high=0  attempts=3  state=ON  metric=rpr
2026-10-07T12:43:15Z  OBSERVE  checkoutservice->shippingservice  rpr=0.0000  low=442 high=0  attempts=3  state=ON  metric=rpr
2026-10-07T12:43:15Z  OBSERVE  recommendationservice->productcatalogservice  rpr=0.0000  low=443 high=0  attempts=3  state=ON  metric=rpr
2026-10-07T12:43:15Z  OBSERVE  checkoutservice  rejection=0.0000  low=25 high=0  state=OFF  metric=rejection
2026-10-07T12:43:16Z  OBSERVE  frontend->adservice  rpr=0.0000  low=444 high=0  attempts=3  state=ON  metric=rpr
2026-10-07T12:43:16Z  OBSERVE  frontend->cartservice  rpr=0.0000  low=445 high=0  attempts=3  state=ON  metric=rpr
2026-10-07T12:43:16Z  OBSERVE  frontend->currencyservice  rpr=0.0000  low=445 high=0  attempts=3  state=ON  metric=rpr
2026-10-07T12:43:16Z  OBSERVE  frontend->productcatalogservice  rpr=0.0000  low=445 high=0  attempts=3  state=ON  metric=rpr
2026-10-07T12:43:16Z  OBSERVE  frontend->recommendationservice  rpr=1.1630  low=0 high=17  attempts=3  state=ON  metric=rpr
2026-10-07T12:43:16Z  OBSERVE  frontend->shippingservice  rpr=0.0000  low=444 high=0  attempts=3  state=ON  metric=rpr
2026-10-07T12:43:16Z  OBSERVE  checkoutservice->cartservice  rpr=0.0000  low=443 high=0  attempts=3  state=ON  metric=rpr
2026-10-07T12:43:16Z  OBSERVE  checkoutservice->currencyservice  rpr=0.0000  low=443 high=0  attempts=3  state=ON  metric=rpr
2026-10-07T12:43:16Z  OBSERVE  checkoutservice->emailservice  rpr=0.0000  low=441 high=0  attempts=3  state=ON  metric=rpr
2026-10-07T12:43:16Z  OBSERVE  checkoutservice->paymentservice  rpr=0.0000  low=443 high=0  attempts=3  state=ON  metric=rpr
2026-10-07T12:43:16Z  OBSERVE  checkoutservice->shippingservice  rpr=0.0000  low=443 high=0  attempts=3  state=ON  metric=rpr
2026-10-07T12:43:16Z  OBSERVE  recommendationservice->productcatalogservice  rpr=0.0000  low=444 high=0  attempts=3  state=ON  metric=rpr
2026-10-07T12:43:16Z  OBSERVE  checkoutservice  rejection=0.0000  low=26 high=0  state=OFF  metric=rejection
2026-10-07T12:43:17Z  OBSERVE  frontend->adservice  rpr=0.0000  low=445 high=0  attempts=3  state=ON  metric=rpr
2026-10-07T12:43:17Z  OBSERVE  frontend->cartservice  rpr=0.0000  low=446 high=0  attempts=3  state=ON  metric=rpr
2026-10-07T12:43:17Z  OBSERVE  frontend->currencyservice  rpr=0.0000  low=446 high=0  attempts=3  state=ON  metric=rpr
2026-10-07T12:43:17Z  OBSERVE  frontend->productcatalogservice  rpr=0.0000  low=446 high=0  attempts=3  state=ON  metric=rpr
2026-10-07T12:43:17Z  OBSERVE  frontend->recommendationservice  rpr=0.8080  low=0 high=18  attempts=3  state=ON  metric=rpr
2026-10-07T12:43:17Z  OBSERVE  frontend->shippingservice  rpr=0.0000  low=445 high=0  attempts=3  state=ON  metric=rpr
2026-10-07T12:43:17Z  OBSERVE  checkoutservice->cartservice  rpr=0.0000  low=444 high=0  attempts=3  state=ON  metric=rpr
2026-10-07T12:43:17Z  OBSERVE  checkoutservice->currencyservice  rpr=0.0000  low=444 high=0  attempts=3  state=ON  metric=rpr
2026-10-07T12:43:17Z  OBSERVE  checkoutservice->emailservice  rpr=0.0000  low=442 high=0  attempts=3  state=ON  metric=rpr
2026-10-07T12:43:17Z  OBSERVE  checkoutservice->paymentservice  rpr=0.0000  low=444 high=0  attempts=3  state=ON  metric=rpr
2026-10-07T12:43:17Z  OBSERVE  checkoutservice->shippingservice  rpr=0.0000  low=444 high=0  attempts=3  state=ON  metric=rpr
2026-10-07T12:43:17Z  OBSERVE  recommendationservice->productcatalogservice  rpr=0.0000  low=445 high=0  attempts=3  state=ON  metric=rpr
2026-10-07T12:43:17Z  OBSERVE  checkoutservice  rejection=0.0392  low=27 high=0  state=OFF  metric=rejection
2026-10-07T12:43:18Z  OBSERVE  frontend->adservice  rpr=0.0000  low=446 high=0  attempts=3  state=ON  metric=rpr
2026-10-07T12:43:18Z  OBSERVE  frontend->cartservice  rpr=0.0000  low=447 high=0  attempts=3  state=ON  metric=rpr
2026-10-07T12:43:18Z  OBSERVE  frontend->currencyservice  rpr=0.0000  low=447 high=0  attempts=3  state=ON  metric=rpr
2026-10-07T12:43:18Z  OBSERVE  frontend->productcatalogservice  rpr=0.0000  low=447 high=0  attempts=3  state=ON  metric=rpr
2026-10-07T12:43:18Z  OBSERVE  frontend->recommendationservice  rpr=0.9356  low=0 high=19  attempts=3  state=ON  metric=rpr
2026-10-07T12:43:18Z  OBSERVE  frontend->shippingservice  rpr=0.0000  low=446 high=0  attempts=3  state=ON  metric=rpr
2026-10-07T12:43:18Z  OBSERVE  checkoutservice->cartservice  rpr=0.0000  low=445 high=0  attempts=3  state=ON  metric=rpr
2026-10-07T12:43:18Z  OBSERVE  checkoutservice->currencyservice  rpr=0.0000  low=445 high=0  attempts=3  state=ON  metric=rpr
2026-10-07T12:43:18Z  OBSERVE  checkoutservice->emailservice  rpr=0.0000  low=443 high=0  attempts=3  state=ON  metric=rpr
2026-10-07T12:43:18Z  OBSERVE  checkoutservice->paymentservice  rpr=0.0000  low=445 high=0  attempts=3  state=ON  metric=rpr
2026-10-07T12:43:18Z  OBSERVE  checkoutservice->shippingservice  rpr=0.0000  low=445 high=0  attempts=3  state=ON  metric=rpr
2026-10-07T12:43:18Z  OBSERVE  recommendationservice->productcatalogservice  rpr=0.0000  low=446 high=0  attempts=3  state=ON  metric=rpr
2026-10-07T12:43:18Z  OBSERVE  checkoutservice  rejection=0.0000  low=28 high=0  state=OFF  metric=rejection
2026-10-07T12:43:19Z  OBSERVE  frontend->adservice  rpr=0.0000  low=447 high=0  attempts=3  state=ON  metric=rpr
2026-10-07T12:43:19Z  OBSERVE  frontend->cartservice  rpr=0.0000  low=448 high=0  attempts=3  state=ON  metric=rpr
2026-10-07T12:43:19Z  OBSERVE  frontend->currencyservice  rpr=0.0000  low=448 high=0  attempts=3  state=ON  metric=rpr
2026-10-07T12:43:19Z  OBSERVE  frontend->productcatalogservice  rpr=0.0000  low=448 high=0  attempts=3  state=ON  metric=rpr
2026-10-07T12:43:19Z  OBSERVE  frontend->recommendationservice  rpr=0.8247  low=0 high=20  attempts=3  state=ON  metric=rpr
2026-10-07T12:43:19Z  OBSERVE  frontend->shippingservice  rpr=0.0000  low=447 high=0  attempts=3  state=ON  metric=rpr
2026-10-07T12:43:19Z  OBSERVE  checkoutservice->cartservice  rpr=0.0000  low=446 high=0  attempts=3  state=ON  metric=rpr
2026-10-07T12:43:19Z  OBSERVE  checkoutservice->currencyservice  rpr=0.0000  low=446 high=0  attempts=3  state=ON  metric=rpr
2026-10-07T12:43:19Z  OBSERVE  checkoutservice->emailservice  rpr=0.0000  low=444 high=0  attempts=3  state=ON  metric=rpr
2026-10-07T12:43:19Z  OBSERVE  checkoutservice->paymentservice  rpr=0.0000  low=446 high=0  attempts=3  state=ON  metric=rpr
2026-10-07T12:43:19Z  OBSERVE  checkoutservice->shippingservice  rpr=0.0000  low=446 high=0  attempts=3  state=ON  metric=rpr
2026-10-07T12:43:19Z  OBSERVE  recommendationservice->productcatalogservice  rpr=0.0000  low=447 high=0  attempts=3  state=ON  metric=rpr
2026-10-07T12:43:19Z  OBSERVE  checkoutservice  rejection=0.0000  low=29 high=0  state=OFF  metric=rejection
2026-10-07T12:43:20Z  OBSERVE  frontend->adservice  rpr=0.0000  low=448 high=0  attempts=3  state=ON  metric=rpr
2026-10-07T12:43:20Z  OBSERVE  frontend->cartservice  rpr=0.0000  low=449 high=0  attempts=3  state=ON  metric=rpr
2026-10-07T12:43:20Z  OBSERVE  frontend->currencyservice  rpr=0.0000  low=449 high=0  attempts=3  state=ON  metric=rpr
2026-10-07T12:43:20Z  OBSERVE  frontend->productcatalogservice  rpr=0.0000  low=449 high=0  attempts=3  state=ON  metric=rpr
2026-10-07T12:43:20Z  OBSERVE  frontend->recommendationservice  rpr=0.8528  low=0 high=21  attempts=3  state=ON  metric=rpr
2026-10-07T12:43:20Z  OBSERVE  frontend->shippingservice  rpr=0.0000  low=448 high=0  attempts=3  state=ON  metric=rpr
2026-10-07T12:43:20Z  OBSERVE  checkoutservice->cartservice  rpr=0.0000  low=447 high=0  attempts=3  state=ON  metric=rpr
2026-10-07T12:43:20Z  OBSERVE  checkoutservice->currencyservice  rpr=0.0000  low=447 high=0  attempts=3  state=ON  metric=rpr
2026-10-07T12:43:20Z  OBSERVE  checkoutservice->emailservice  rpr=0.0000  low=445 high=0  attempts=3  state=ON  metric=rpr
2026-10-07T12:43:20Z  OBSERVE  checkoutservice->paymentservice  rpr=0.0000  low=447 high=0  attempts=3  state=ON  metric=rpr
2026-10-07T12:43:20Z  OBSERVE  checkoutservice->shippingservice  rpr=0.0000  low=447 high=0  attempts=3  state=ON  metric=rpr
2026-10-07T12:43:20Z  OBSERVE  recommendationservice->productcatalogservice  rpr=0.0000  low=448 high=0  attempts=3  state=ON  metric=rpr
2026-10-07T12:43:20Z  OBSERVE  checkoutservice  rejection=0.0000  low=30 high=0  state=OFF  metric=rejection
2026-10-07T12:43:21Z  checkoutservice  OFF→ON   rejection=0.00  consecutive_low=30  attempts=1  from_attempts=0  metric=rejection
2026-10-07T12:43:22Z  OBSERVE  frontend->adservice  rpr=0.0000  low=449 high=0  attempts=3  state=ON  metric=rpr
2026-10-07T12:43:22Z  OBSERVE  frontend->cartservice  rpr=0.0000  low=450 high=0  attempts=3  state=ON  metric=rpr
2026-10-07T12:43:22Z  OBSERVE  frontend->checkoutservice  rpr=0.0000  low=1 high=0  attempts=1  state=ON  metric=rpr
2026-10-07T12:43:22Z  OBSERVE  frontend->currencyservice  rpr=0.0000  low=450 high=0  attempts=3  state=ON  metric=rpr
2026-10-07T12:43:22Z  OBSERVE  frontend->productcatalogservice  rpr=0.0000  low=450 high=0  attempts=3  state=ON  metric=rpr
2026-10-07T12:43:22Z  OBSERVE  frontend->recommendationservice  rpr=0.7507  low=0 high=22  attempts=3  state=ON  metric=rpr
2026-10-07T12:43:22Z  OBSERVE  frontend->shippingservice  rpr=0.0000  low=449 high=0  attempts=3  state=ON  metric=rpr
2026-10-07T12:43:22Z  OBSERVE  checkoutservice->cartservice  rpr=0.0000  low=448 high=0  attempts=3  state=ON  metric=rpr
2026-10-07T12:43:22Z  OBSERVE  checkoutservice->currencyservice  rpr=0.0000  low=448 high=0  attempts=3  state=ON  metric=rpr
2026-10-07T12:43:22Z  OBSERVE  checkoutservice->emailservice  rpr=0.0000  low=446 high=0  attempts=3  state=ON  metric=rpr
2026-10-07T12:43:22Z  OBSERVE  checkoutservice->paymentservice  rpr=0.0000  low=448 high=0  attempts=3  state=ON  metric=rpr
2026-10-07T12:43:22Z  OBSERVE  checkoutservice->shippingservice  rpr=0.0000  low=448 high=0  attempts=3  state=ON  metric=rpr
2026-10-07T12:43:22Z  OBSERVE  recommendationservice->productcatalogservice  rpr=0.0000  low=449 high=0  attempts=3  state=ON  metric=rpr
2026-10-07T12:43:23Z  OBSERVE  frontend->adservice  rpr=0.0000  low=450 high=0  attempts=3  state=ON  metric=rpr
2026-10-07T12:43:23Z  OBSERVE  frontend->cartservice  rpr=0.0000  low=451 high=0  attempts=3  state=ON  metric=rpr
2026-10-07T12:43:23Z  OBSERVE  frontend->checkoutservice  rpr=0.0000  low=2 high=0  attempts=1  state=ON  metric=rpr
2026-10-07T12:43:23Z  OBSERVE  frontend->currencyservice  rpr=0.0000  low=451 high=0  attempts=3  state=ON  metric=rpr
2026-10-07T12:43:23Z  OBSERVE  frontend->productcatalogservice  rpr=0.0000  low=451 high=0  attempts=3  state=ON  metric=rpr
2026-10-07T12:43:23Z  OBSERVE  frontend->recommendationservice  rpr=1.2160  low=0 high=23  attempts=3  state=ON  metric=rpr
2026-10-07T12:43:23Z  OBSERVE  frontend->shippingservice  rpr=0.0000  low=450 high=0  attempts=3  state=ON  metric=rpr
2026-10-07T12:43:23Z  OBSERVE  checkoutservice->cartservice  rpr=0.0000  low=449 high=0  attempts=3  state=ON  metric=rpr
2026-10-07T12:43:23Z  OBSERVE  checkoutservice->currencyservice  rpr=0.0000  low=449 high=0  attempts=3  state=ON  metric=rpr
2026-10-07T12:43:23Z  OBSERVE  checkoutservice->emailservice  rpr=0.0000  low=447 high=0  attempts=3  state=ON  metric=rpr
2026-10-07T12:43:23Z  OBSERVE  checkoutservice->paymentservice  rpr=0.0000  low=449 high=0  attempts=3  state=ON  metric=rpr
2026-10-07T12:43:23Z  OBSERVE  checkoutservice->shippingservice  rpr=0.0000  low=449 high=0  attempts=3  state=ON  metric=rpr
2026-10-07T12:43:23Z  OBSERVE  recommendationservice->productcatalogservice  rpr=0.0000  low=450 high=0  attempts=3  state=ON  metric=rpr
2026-10-07T12:43:24Z  OBSERVE  frontend->adservice  rpr=0.0000  low=451 high=0  attempts=3  state=ON  metric=rpr
2026-10-07T12:43:24Z  OBSERVE  frontend->cartservice  rpr=0.0000  low=452 high=0  attempts=3  state=ON  metric=rpr
2026-10-07T12:43:24Z  OBSERVE  frontend->checkoutservice  rpr=0.0000  low=3 high=0  attempts=1  state=ON  metric=rpr
2026-10-07T12:43:24Z  OBSERVE  frontend->currencyservice  rpr=0.0000  low=452 high=0  attempts=3  state=ON  metric=rpr
2026-10-07T12:43:24Z  OBSERVE  frontend->productcatalogservice  rpr=0.0000  low=452 high=0  attempts=3  state=ON  metric=rpr
2026-10-07T12:43:24Z  OBSERVE  frontend->recommendationservice  rpr=0.8077  low=0 high=24  attempts=3  state=ON  metric=rpr
2026-10-07T12:43:24Z  OBSERVE  frontend->shippingservice  rpr=0.0000  low=451 high=0  attempts=3  state=ON  metric=rpr
2026-10-07T12:43:24Z  OBSERVE  checkoutservice->cartservice  rpr=0.0000  low=450 high=0  attempts=3  state=ON  metric=rpr
2026-10-07T12:43:24Z  OBSERVE  checkoutservice->currencyservice  rpr=0.0000  low=450 high=0  attempts=3  state=ON  metric=rpr
2026-10-07T12:43:24Z  OBSERVE  checkoutservice->emailservice  rpr=0.0000  low=448 high=0  attempts=3  state=ON  metric=rpr
2026-10-07T12:43:24Z  OBSERVE  checkoutservice->paymentservice  rpr=0.0000  low=450 high=0  attempts=3  state=ON  metric=rpr
2026-10-07T12:43:24Z  OBSERVE  checkoutservice->shippingservice  rpr=0.0000  low=450 high=0  attempts=3  state=ON  metric=rpr
2026-10-07T12:43:24Z  OBSERVE  recommendationservice->productcatalogservice  rpr=0.0000  low=451 high=0  attempts=3  state=ON  metric=rpr
2026-10-07T12:43:25Z  OBSERVE  frontend->adservice  rpr=0.0000  low=452 high=0  attempts=3  state=ON  metric=rpr
2026-10-07T12:43:25Z  OBSERVE  frontend->cartservice  rpr=0.0000  low=453 high=0  attempts=3  state=ON  metric=rpr
2026-10-07T12:43:25Z  OBSERVE  frontend->checkoutservice  rpr=0.0000  low=4 high=0  attempts=1  state=ON  metric=rpr
2026-10-07T12:43:25Z  OBSERVE  frontend->currencyservice  rpr=0.0000  low=453 high=0  attempts=3  state=ON  metric=rpr
2026-10-07T12:43:25Z  OBSERVE  frontend->productcatalogservice  rpr=0.0000  low=453 high=0  attempts=3  state=ON  metric=rpr
2026-10-07T12:43:25Z  OBSERVE  frontend->recommendationservice  rpr=1.2951  low=0 high=25  attempts=3  state=ON  metric=rpr
2026-10-07T12:43:25Z  OBSERVE  frontend->shippingservice  rpr=0.0000  low=452 high=0  attempts=3  state=ON  metric=rpr
2026-10-07T12:43:25Z  OBSERVE  checkoutservice->cartservice  rpr=0.0000  low=451 high=0  attempts=3  state=ON  metric=rpr
2026-10-07T12:43:25Z  OBSERVE  checkoutservice->currencyservice  rpr=0.0000  low=451 high=0  attempts=3  state=ON  metric=rpr
2026-10-07T12:43:25Z  OBSERVE  checkoutservice->emailservice  rpr=0.0000  low=449 high=0  attempts=3  state=ON  metric=rpr
2026-10-07T12:43:25Z  OBSERVE  checkoutservice->paymentservice  rpr=0.0000  low=451 high=0  attempts=3  state=ON  metric=rpr
2026-10-07T12:43:25Z  OBSERVE  checkoutservice->shippingservice  rpr=0.0000  low=451 high=0  attempts=3  state=ON  metric=rpr
2026-10-07T12:43:25Z  OBSERVE  recommendationservice->productcatalogservice  rpr=0.0000  low=452 high=0  attempts=3  state=ON  metric=rpr
2026-10-07T12:43:26Z  OBSERVE  frontend->adservice  rpr=0.0000  low=453 high=0  attempts=3  state=ON  metric=rpr
2026-10-07T12:43:26Z  OBSERVE  frontend->cartservice  rpr=0.0000  low=454 high=0  attempts=3  state=ON  metric=rpr
2026-10-07T12:43:26Z  OBSERVE  frontend->checkoutservice  rpr=0.0000  low=5 high=0  attempts=1  state=ON  metric=rpr
2026-10-07T12:43:26Z  OBSERVE  frontend->currencyservice  rpr=0.0000  low=454 high=0  attempts=3  state=ON  metric=rpr
2026-10-07T12:43:26Z  OBSERVE  frontend->productcatalogservice  rpr=0.0000  low=454 high=0  attempts=3  state=ON  metric=rpr
2026-10-07T12:43:26Z  OBSERVE  frontend->recommendationservice  rpr=1.0139  low=0 high=26  attempts=3  state=ON  metric=rpr
2026-10-07T12:43:26Z  OBSERVE  frontend->shippingservice  rpr=0.0000  low=453 high=0  attempts=3  state=ON  metric=rpr
2026-10-07T12:43:26Z  OBSERVE  checkoutservice->cartservice  rpr=0.0000  low=452 high=0  attempts=3  state=ON  metric=rpr
2026-10-07T12:43:26Z  OBSERVE  checkoutservice->currencyservice  rpr=0.0000  low=452 high=0  attempts=3  state=ON  metric=rpr
2026-10-07T12:43:26Z  OBSERVE  checkoutservice->emailservice  rpr=0.0000  low=450 high=0  attempts=3  state=ON  metric=rpr
2026-10-07T12:43:26Z  OBSERVE  checkoutservice->paymentservice  rpr=0.0000  low=452 high=0  attempts=3  state=ON  metric=rpr
2026-10-07T12:43:26Z  OBSERVE  checkoutservice->shippingservice  rpr=0.0000  low=452 high=0  attempts=3  state=ON  metric=rpr
2026-10-07T12:43:26Z  OBSERVE  recommendationservice->productcatalogservice  rpr=0.0000  low=453 high=0  attempts=3  state=ON  metric=rpr
2026-10-07T12:43:27Z  OBSERVE  frontend->adservice  rpr=0.0000  low=454 high=0  attempts=3  state=ON  metric=rpr
2026-10-07T12:43:27Z  OBSERVE  frontend->cartservice  rpr=0.0000  low=455 high=0  attempts=3  state=ON  metric=rpr
2026-10-07T12:43:27Z  OBSERVE  frontend->checkoutservice  rpr=0.0000  low=6 high=0  attempts=1  state=ON  metric=rpr
2026-10-07T12:43:27Z  OBSERVE  frontend->currencyservice  rpr=0.0000  low=455 high=0  attempts=3  state=ON  metric=rpr
2026-10-07T12:43:27Z  OBSERVE  frontend->productcatalogservice  rpr=0.0000  low=455 high=0  attempts=3  state=ON  metric=rpr
2026-10-07T12:43:27Z  OBSERVE  frontend->recommendationservice  rpr=1.2945  low=0 high=27  attempts=3  state=ON  metric=rpr
2026-10-07T12:43:27Z  OBSERVE  frontend->shippingservice  rpr=0.0000  low=454 high=0  attempts=3  state=ON  metric=rpr
2026-10-07T12:43:27Z  OBSERVE  checkoutservice->cartservice  rpr=0.0000  low=453 high=0  attempts=3  state=ON  metric=rpr
2026-10-07T12:43:27Z  OBSERVE  checkoutservice->currencyservice  rpr=0.0000  low=453 high=0  attempts=3  state=ON  metric=rpr
2026-10-07T12:43:27Z  OBSERVE  checkoutservice->emailservice  rpr=0.0000  low=451 high=0  attempts=3  state=ON  metric=rpr
2026-10-07T12:43:27Z  OBSERVE  checkoutservice->paymentservice  rpr=0.0000  low=453 high=0  attempts=3  state=ON  metric=rpr
2026-10-07T12:43:27Z  OBSERVE  checkoutservice->shippingservice  rpr=0.0000  low=453 high=0  attempts=3  state=ON  metric=rpr
2026-10-07T12:43:27Z  OBSERVE  recommendationservice->productcatalogservice  rpr=0.0000  low=454 high=0  attempts=3  state=ON  metric=rpr
2026-10-07T12:43:28Z  OBSERVE  frontend->adservice  rpr=0.0000  low=455 high=0  attempts=3  state=ON  metric=rpr
2026-10-07T12:43:28Z  OBSERVE  frontend->cartservice  rpr=0.0000  low=456 high=0  attempts=3  state=ON  metric=rpr
2026-10-07T12:43:28Z  OBSERVE  frontend->checkoutservice  rpr=0.0000  low=7 high=0  attempts=1  state=ON  metric=rpr
2026-10-07T12:43:28Z  OBSERVE  frontend->currencyservice  rpr=0.0000  low=456 high=0  attempts=3  state=ON  metric=rpr
2026-10-07T12:43:28Z  OBSERVE  frontend->productcatalogservice  rpr=0.0000  low=456 high=0  attempts=3  state=ON  metric=rpr
2026-10-07T12:43:28Z  OBSERVE  frontend->recommendationservice  rpr=1.0392  low=0 high=28  attempts=3  state=ON  metric=rpr
2026-10-07T12:43:28Z  OBSERVE  frontend->shippingservice  rpr=0.0000  low=455 high=0  attempts=3  state=ON  metric=rpr
2026-10-07T12:43:28Z  OBSERVE  checkoutservice->cartservice  rpr=0.0000  low=454 high=0  attempts=3  state=ON  metric=rpr
2026-10-07T12:43:28Z  OBSERVE  checkoutservice->currencyservice  rpr=0.0000  low=454 high=0  attempts=3  state=ON  metric=rpr
2026-10-07T12:43:28Z  OBSERVE  checkoutservice->emailservice  rpr=0.0000  low=452 high=0  attempts=3  state=ON  metric=rpr
2026-10-07T12:43:28Z  OBSERVE  checkoutservice->paymentservice  rpr=0.0000  low=454 high=0  attempts=3  state=ON  metric=rpr
2026-10-07T12:43:28Z  OBSERVE  checkoutservice->shippingservice  rpr=0.0000  low=454 high=0  attempts=3  state=ON  metric=rpr
2026-10-07T12:43:28Z  OBSERVE  recommendationservice->productcatalogservice  rpr=0.0000  low=455 high=0  attempts=3  state=ON  metric=rpr
2026-10-07T12:43:29Z  OBSERVE  frontend->adservice  rpr=0.0000  low=456 high=0  attempts=3  state=ON  metric=rpr
2026-10-07T12:43:29Z  OBSERVE  frontend->cartservice  rpr=0.0000  low=457 high=0  attempts=3  state=ON  metric=rpr
2026-10-07T12:43:29Z  OBSERVE  frontend->checkoutservice  rpr=0.0000  low=8 high=0  attempts=1  state=ON  metric=rpr
2026-10-07T12:43:29Z  OBSERVE  frontend->currencyservice  rpr=0.0000  low=457 high=0  attempts=3  state=ON  metric=rpr
2026-10-07T12:43:29Z  OBSERVE  frontend->productcatalogservice  rpr=0.0000  low=457 high=0  attempts=3  state=ON  metric=rpr
2026-10-07T12:43:29Z  OBSERVE  frontend->recommendationservice  rpr=0.9943  low=0 high=29  attempts=3  state=ON  metric=rpr
2026-10-07T12:43:29Z  OBSERVE  frontend->shippingservice  rpr=0.0000  low=456 high=0  attempts=3  state=ON  metric=rpr
2026-10-07T12:43:29Z  OBSERVE  checkoutservice->cartservice  rpr=0.0000  low=455 high=0  attempts=3  state=ON  metric=rpr
2026-10-07T12:43:29Z  OBSERVE  checkoutservice->currencyservice  rpr=0.0000  low=455 high=0  attempts=3  state=ON  metric=rpr
2026-10-07T12:43:29Z  OBSERVE  checkoutservice->emailservice  rpr=0.0000  low=453 high=0  attempts=3  state=ON  metric=rpr
2026-10-07T12:43:29Z  OBSERVE  checkoutservice->paymentservice  rpr=0.0000  low=455 high=0  attempts=3  state=ON  metric=rpr
2026-10-07T12:43:29Z  OBSERVE  checkoutservice->shippingservice  rpr=0.0000  low=455 high=0  attempts=3  state=ON  metric=rpr
2026-10-07T12:43:29Z  OBSERVE  recommendationservice->productcatalogservice  rpr=0.0000  low=456 high=0  attempts=3  state=ON  metric=rpr
2026-10-07T12:43:30Z  OBSERVE  frontend->adservice  rpr=0.0000  low=457 high=0  attempts=3  state=ON  metric=rpr
2026-10-07T12:43:30Z  OBSERVE  frontend->cartservice  rpr=0.0000  low=458 high=0  attempts=3  state=ON  metric=rpr
2026-10-07T12:43:30Z  OBSERVE  frontend->checkoutservice  rpr=0.0000  low=9 high=0  attempts=1  state=ON  metric=rpr
2026-10-07T12:43:30Z  OBSERVE  frontend->currencyservice  rpr=0.0000  low=458 high=0  attempts=3  state=ON  metric=rpr
2026-10-07T12:43:30Z  OBSERVE  frontend->productcatalogservice  rpr=0.0000  low=458 high=0  attempts=3  state=ON  metric=rpr
2026-10-07T12:43:30Z  OBSERVE  frontend->recommendationservice  rpr=0.4831  low=1 high=0  attempts=3  state=ON  metric=rpr
2026-10-07T12:43:30Z  OBSERVE  frontend->shippingservice  rpr=0.0000  low=457 high=0  attempts=3  state=ON  metric=rpr
2026-10-07T12:43:30Z  OBSERVE  checkoutservice->cartservice  rpr=0.0000  low=456 high=0  attempts=3  state=ON  metric=rpr
2026-10-07T12:43:30Z  OBSERVE  checkoutservice->currencyservice  rpr=0.0000  low=456 high=0  attempts=3  state=ON  metric=rpr
2026-10-07T12:43:30Z  OBSERVE  checkoutservice->emailservice  rpr=0.0000  low=454 high=0  attempts=3  state=ON  metric=rpr
2026-10-07T12:43:30Z  OBSERVE  checkoutservice->paymentservice  rpr=0.0000  low=456 high=0  attempts=3  state=ON  metric=rpr
2026-10-07T12:43:30Z  OBSERVE  checkoutservice->shippingservice  rpr=0.0000  low=456 high=0  attempts=3  state=ON  metric=rpr
2026-10-07T12:43:30Z  OBSERVE  recommendationservice->productcatalogservice  rpr=0.0000  low=457 high=0  attempts=3  state=ON  metric=rpr
2026-10-07T12:43:31Z  OBSERVE  frontend->adservice  rpr=0.0000  low=458 high=0  attempts=3  state=ON  metric=rpr
2026-10-07T12:43:31Z  OBSERVE  frontend->cartservice  rpr=0.0000  low=459 high=0  attempts=3  state=ON  metric=rpr
2026-10-07T12:43:31Z  OBSERVE  frontend->checkoutservice  rpr=0.0000  low=10 high=0  attempts=1  state=ON  metric=rpr
2026-10-07T12:43:31Z  OBSERVE  frontend->currencyservice  rpr=0.0000  low=459 high=0  attempts=3  state=ON  metric=rpr
2026-10-07T12:43:31Z  OBSERVE  frontend->productcatalogservice  rpr=0.0000  low=459 high=0  attempts=3  state=ON  metric=rpr
2026-10-07T12:43:31Z  OBSERVE  frontend->recommendationservice  rpr=0.9867  low=0 high=1  attempts=3  state=ON  metric=rpr
2026-10-07T12:43:31Z  OBSERVE  frontend->shippingservice  rpr=0.0000  low=458 high=0  attempts=3  state=ON  metric=rpr
2026-10-07T12:43:31Z  OBSERVE  checkoutservice->cartservice  rpr=0.0000  low=457 high=0  attempts=3  state=ON  metric=rpr
2026-10-07T12:43:31Z  OBSERVE  checkoutservice->currencyservice  rpr=0.0000  low=457 high=0  attempts=3  state=ON  metric=rpr
2026-10-07T12:43:31Z  OBSERVE  checkoutservice->emailservice  rpr=0.0000  low=455 high=0  attempts=3  state=ON  metric=rpr
2026-10-07T12:43:31Z  OBSERVE  checkoutservice->paymentservice  rpr=0.0000  low=457 high=0  attempts=3  state=ON  metric=rpr
2026-10-07T12:43:31Z  OBSERVE  checkoutservice->shippingservice  rpr=0.0000  low=457 high=0  attempts=3  state=ON  metric=rpr
2026-10-07T12:43:31Z  OBSERVE  recommendationservice->productcatalogservice  rpr=0.0000  low=458 high=0  attempts=3  state=ON  metric=rpr
2026-10-07T12:43:32Z  OBSERVE  frontend->adservice  rpr=0.0000  low=459 high=0  attempts=3  state=ON  metric=rpr
2026-10-07T12:43:32Z  OBSERVE  frontend->cartservice  rpr=0.0000  low=460 high=0  attempts=3  state=ON  metric=rpr
2026-10-07T12:43:32Z  OBSERVE  frontend->checkoutservice  rpr=0.0000  low=11 high=0  attempts=1  state=ON  metric=rpr
2026-10-07T12:43:32Z  OBSERVE  frontend->currencyservice  rpr=0.0000  low=460 high=0  attempts=3  state=ON  metric=rpr
2026-10-07T12:43:32Z  OBSERVE  frontend->productcatalogservice  rpr=0.0000  low=460 high=0  attempts=3  state=ON  metric=rpr
2026-10-07T12:43:32Z  OBSERVE  frontend->recommendationservice  rpr=1.5397  low=0 high=2  attempts=3  state=ON  metric=rpr
2026-10-07T12:43:32Z  OBSERVE  frontend->shippingservice  rpr=0.0000  low=459 high=0  attempts=3  state=ON  metric=rpr
2026-10-07T12:43:32Z  OBSERVE  checkoutservice->cartservice  rpr=0.0000  low=458 high=0  attempts=3  state=ON  metric=rpr
2026-10-07T12:43:32Z  OBSERVE  checkoutservice->currencyservice  rpr=0.0000  low=458 high=0  attempts=3  state=ON  metric=rpr
2026-10-07T12:43:32Z  OBSERVE  checkoutservice->emailservice  rpr=0.0000  low=456 high=0  attempts=3  state=ON  metric=rpr
2026-10-07T12:43:32Z  OBSERVE  checkoutservice->paymentservice  rpr=0.0000  low=458 high=0  attempts=3  state=ON  metric=rpr
2026-10-07T12:43:32Z  OBSERVE  checkoutservice->shippingservice  rpr=0.0000  low=458 high=0  attempts=3  state=ON  metric=rpr
2026-10-07T12:43:32Z  OBSERVE  recommendationservice->productcatalogservice  rpr=0.0000  low=459 high=0  attempts=3  state=ON  metric=rpr
2026-10-07T12:43:33Z  OBSERVE  frontend->adservice  rpr=0.0000  low=460 high=0  attempts=3  state=ON  metric=rpr
2026-10-07T12:43:33Z  OBSERVE  frontend->cartservice  rpr=0.0000  low=461 high=0  attempts=3  state=ON  metric=rpr
2026-10-07T12:43:33Z  OBSERVE  frontend->checkoutservice  rpr=0.0000  low=12 high=0  attempts=1  state=ON  metric=rpr
2026-10-07T12:43:33Z  OBSERVE  frontend->currencyservice  rpr=0.0000  low=461 high=0  attempts=3  state=ON  metric=rpr
2026-10-07T12:43:33Z  OBSERVE  frontend->productcatalogservice  rpr=0.0000  low=461 high=0  attempts=3  state=ON  metric=rpr
2026-10-07T12:43:33Z  OBSERVE  frontend->recommendationservice  rpr=1.0322  low=0 high=3  attempts=3  state=ON  metric=rpr
2026-10-07T12:43:33Z  OBSERVE  frontend->shippingservice  rpr=0.0000  low=460 high=0  attempts=3  state=ON  metric=rpr
2026-10-07T12:43:33Z  OBSERVE  checkoutservice->cartservice  rpr=0.0000  low=459 high=0  attempts=3  state=ON  metric=rpr
2026-10-07T12:43:33Z  OBSERVE  checkoutservice->currencyservice  rpr=0.0000  low=459 high=0  attempts=3  state=ON  metric=rpr
2026-10-07T12:43:33Z  OBSERVE  checkoutservice->emailservice  rpr=0.0000  low=457 high=0  attempts=3  state=ON  metric=rpr
2026-10-07T12:43:33Z  OBSERVE  checkoutservice->paymentservice  rpr=0.0000  low=459 high=0  attempts=3  state=ON  metric=rpr
2026-10-07T12:43:33Z  OBSERVE  checkoutservice->shippingservice  rpr=0.0000  low=459 high=0  attempts=3  state=ON  metric=rpr
2026-10-07T12:43:33Z  OBSERVE  recommendationservice->productcatalogservice  rpr=0.0000  low=460 high=0  attempts=3  state=ON  metric=rpr
2026-10-07T12:43:34Z  OBSERVE  frontend->adservice  rpr=0.0000  low=461 high=0  attempts=3  state=ON  metric=rpr
2026-10-07T12:43:34Z  OBSERVE  frontend->cartservice  rpr=0.0000  low=462 high=0  attempts=3  state=ON  metric=rpr
2026-10-07T12:43:34Z  OBSERVE  frontend->checkoutservice  rpr=0.0000  low=13 high=0  attempts=1  state=ON  metric=rpr
2026-10-07T12:43:34Z  OBSERVE  frontend->currencyservice  rpr=0.0000  low=462 high=0  attempts=3  state=ON  metric=rpr
2026-10-07T12:43:34Z  OBSERVE  frontend->productcatalogservice  rpr=0.0000  low=462 high=0  attempts=3  state=ON  metric=rpr
2026-10-07T12:43:34Z  OBSERVE  frontend->recommendationservice  rpr=1.1349  low=0 high=4  attempts=3  state=ON  metric=rpr
2026-10-07T12:43:34Z  OBSERVE  frontend->shippingservice  rpr=0.0000  low=461 high=0  attempts=3  state=ON  metric=rpr
2026-10-07T12:43:34Z  OBSERVE  checkoutservice->cartservice  rpr=0.0000  low=460 high=0  attempts=3  state=ON  metric=rpr
2026-10-07T12:43:34Z  OBSERVE  checkoutservice->currencyservice  rpr=0.0000  low=460 high=0  attempts=3  state=ON  metric=rpr
2026-10-07T12:43:34Z  OBSERVE  checkoutservice->emailservice  rpr=0.0000  low=458 high=0  attempts=3  state=ON  metric=rpr
2026-10-07T12:43:34Z  OBSERVE  checkoutservice->paymentservice  rpr=0.0000  low=460 high=0  attempts=3  state=ON  metric=rpr
2026-10-07T12:43:34Z  OBSERVE  checkoutservice->shippingservice  rpr=0.0000  low=460 high=0  attempts=3  state=ON  metric=rpr
2026-10-07T12:43:34Z  OBSERVE  recommendationservice->productcatalogservice  rpr=0.0000  low=461 high=0  attempts=3  state=ON  metric=rpr
2026-10-07T12:43:35Z  OBSERVE  frontend->adservice  rpr=0.0000  low=462 high=0  attempts=3  state=ON  metric=rpr
2026-10-07T12:43:35Z  OBSERVE  frontend->cartservice  rpr=0.0000  low=463 high=0  attempts=3  state=ON  metric=rpr
2026-10-07T12:43:35Z  OBSERVE  frontend->checkoutservice  rpr=0.0000  low=14 high=0  attempts=1  state=ON  metric=rpr
2026-10-07T12:43:35Z  OBSERVE  frontend->currencyservice  rpr=0.0000  low=463 high=0  attempts=3  state=ON  metric=rpr
2026-10-07T12:43:35Z  OBSERVE  frontend->productcatalogservice  rpr=0.0000  low=463 high=0  attempts=3  state=ON  metric=rpr
2026-10-07T12:43:35Z  OBSERVE  frontend->recommendationservice  rpr=1.5652  low=0 high=5  attempts=3  state=ON  metric=rpr
2026-10-07T12:43:35Z  OBSERVE  frontend->shippingservice  rpr=0.0000  low=462 high=0  attempts=3  state=ON  metric=rpr
2026-10-07T12:43:35Z  OBSERVE  checkoutservice->cartservice  rpr=0.0000  low=461 high=0  attempts=3  state=ON  metric=rpr
2026-10-07T12:43:35Z  OBSERVE  checkoutservice->currencyservice  rpr=0.0000  low=461 high=0  attempts=3  state=ON  metric=rpr
2026-10-07T12:43:35Z  OBSERVE  checkoutservice->emailservice  rpr=0.0000  low=459 high=0  attempts=3  state=ON  metric=rpr
2026-10-07T12:43:35Z  OBSERVE  checkoutservice->paymentservice  rpr=0.0000  low=461 high=0  attempts=3  state=ON  metric=rpr
2026-10-07T12:43:35Z  OBSERVE  checkoutservice->shippingservice  rpr=0.0000  low=461 high=0  attempts=3  state=ON  metric=rpr
2026-10-07T12:43:35Z  OBSERVE  recommendationservice->productcatalogservice  rpr=0.0000  low=462 high=0  attempts=3  state=ON  metric=rpr
2026-10-07T12:43:36Z  OBSERVE  frontend->adservice  rpr=0.0000  low=463 high=0  attempts=3  state=ON  metric=rpr
2026-10-07T12:43:36Z  OBSERVE  frontend->cartservice  rpr=0.0000  low=464 high=0  attempts=3  state=ON  metric=rpr
2026-10-07T12:43:36Z  OBSERVE  frontend->checkoutservice  rpr=0.0000  low=15 high=0  attempts=1  state=ON  metric=rpr
2026-10-07T12:43:36Z  OBSERVE  frontend->currencyservice  rpr=0.0000  low=464 high=0  attempts=3  state=ON  metric=rpr
2026-10-07T12:43:36Z  OBSERVE  frontend->productcatalogservice  rpr=0.0000  low=464 high=0  attempts=3  state=ON  metric=rpr
2026-10-07T12:43:36Z  OBSERVE  frontend->recommendationservice  rpr=1.2465  low=0 high=6  attempts=3  state=ON  metric=rpr
2026-10-07T12:43:36Z  OBSERVE  frontend->shippingservice  rpr=0.0000  low=463 high=0  attempts=3  state=ON  metric=rpr
2026-10-07T12:43:36Z  OBSERVE  checkoutservice->cartservice  rpr=0.0000  low=462 high=0  attempts=3  state=ON  metric=rpr
2026-10-07T12:43:36Z  OBSERVE  checkoutservice->currencyservice  rpr=0.0000  low=462 high=0  attempts=3  state=ON  metric=rpr
2026-10-07T12:43:36Z  OBSERVE  checkoutservice->emailservice  rpr=0.0000  low=460 high=0  attempts=3  state=ON  metric=rpr
2026-10-07T12:43:36Z  OBSERVE  checkoutservice->paymentservice  rpr=0.0000  low=462 high=0  attempts=3  state=ON  metric=rpr
2026-10-07T12:43:36Z  OBSERVE  checkoutservice->shippingservice  rpr=0.0000  low=462 high=0  attempts=3  state=ON  metric=rpr
2026-10-07T12:43:36Z  OBSERVE  recommendationservice->productcatalogservice  rpr=0.0000  low=463 high=0  attempts=3  state=ON  metric=rpr
2026-10-07T12:43:37Z  OBSERVE  frontend->adservice  rpr=0.0000  low=464 high=0  attempts=3  state=ON  metric=rpr
2026-10-07T12:43:37Z  OBSERVE  frontend->cartservice  rpr=0.0000  low=465 high=0  attempts=3  state=ON  metric=rpr
2026-10-07T12:43:37Z  OBSERVE  frontend->checkoutservice  rpr=0.0000  low=16 high=0  attempts=1  state=ON  metric=rpr
2026-10-07T12:43:37Z  OBSERVE  frontend->currencyservice  rpr=0.0000  low=465 high=0  attempts=3  state=ON  metric=rpr
2026-10-07T12:43:37Z  OBSERVE  frontend->productcatalogservice  rpr=0.0000  low=465 high=0  attempts=3  state=ON  metric=rpr
2026-10-07T12:43:37Z  OBSERVE  frontend->recommendationservice  rpr=2.0618  low=0 high=7  attempts=3  state=ON  metric=rpr
2026-10-07T12:43:37Z  OBSERVE  frontend->shippingservice  rpr=0.0000  low=464 high=0  attempts=3  state=ON  metric=rpr
2026-10-07T12:43:37Z  OBSERVE  checkoutservice->cartservice  rpr=0.0000  low=463 high=0  attempts=3  state=ON  metric=rpr
2026-10-07T12:43:37Z  OBSERVE  checkoutservice->currencyservice  rpr=0.0000  low=463 high=0  attempts=3  state=ON  metric=rpr
2026-10-07T12:43:37Z  OBSERVE  checkoutservice->emailservice  rpr=0.0000  low=461 high=0  attempts=3  state=ON  metric=rpr
2026-10-07T12:43:37Z  OBSERVE  checkoutservice->paymentservice  rpr=0.0000  low=463 high=0  attempts=3  state=ON  metric=rpr
2026-10-07T12:43:37Z  OBSERVE  checkoutservice->shippingservice  rpr=0.0000  low=463 high=0  attempts=3  state=ON  metric=rpr
2026-10-07T12:43:37Z  OBSERVE  recommendationservice->productcatalogservice  rpr=0.0000  low=464 high=0  attempts=3  state=ON  metric=rpr
2026-10-07T12:43:38Z  OBSERVE  frontend->adservice  rpr=0.0000  low=465 high=0  attempts=3  state=ON  metric=rpr
2026-10-07T12:43:38Z  OBSERVE  frontend->cartservice  rpr=0.0000  low=466 high=0  attempts=3  state=ON  metric=rpr
2026-10-07T12:43:38Z  OBSERVE  frontend->checkoutservice  rpr=0.0000  low=17 high=0  attempts=1  state=ON  metric=rpr
2026-10-07T12:43:38Z  OBSERVE  frontend->currencyservice  rpr=0.0000  low=466 high=0  attempts=3  state=ON  metric=rpr
2026-10-07T12:43:38Z  OBSERVE  frontend->productcatalogservice  rpr=0.0000  low=466 high=0  attempts=3  state=ON  metric=rpr
2026-10-07T12:43:38Z  OBSERVE  frontend->recommendationservice  rpr=1.3216  low=0 high=8  attempts=3  state=ON  metric=rpr
2026-10-07T12:43:38Z  OBSERVE  frontend->shippingservice  rpr=0.0000  low=465 high=0  attempts=3  state=ON  metric=rpr
2026-10-07T12:43:38Z  OBSERVE  checkoutservice->cartservice  rpr=0.0000  low=464 high=0  attempts=3  state=ON  metric=rpr
2026-10-07T12:43:38Z  OBSERVE  checkoutservice->currencyservice  rpr=0.0000  low=464 high=0  attempts=3  state=ON  metric=rpr
2026-10-07T12:43:38Z  OBSERVE  checkoutservice->emailservice  rpr=0.0000  low=462 high=0  attempts=3  state=ON  metric=rpr
2026-10-07T12:43:38Z  OBSERVE  checkoutservice->paymentservice  rpr=0.0000  low=464 high=0  attempts=3  state=ON  metric=rpr
2026-10-07T12:43:38Z  OBSERVE  checkoutservice->shippingservice  rpr=0.0000  low=464 high=0  attempts=3  state=ON  metric=rpr
2026-10-07T12:43:38Z  OBSERVE  recommendationservice->productcatalogservice  rpr=0.0000  low=465 high=0  attempts=3  state=ON  metric=rpr
2026-10-07T12:43:39Z  OBSERVE  frontend->adservice  rpr=0.0000  low=466 high=0  attempts=3  state=ON  metric=rpr
2026-10-07T12:43:39Z  OBSERVE  frontend->cartservice  rpr=0.0000  low=467 high=0  attempts=3  state=ON  metric=rpr
2026-10-07T12:43:39Z  OBSERVE  frontend->checkoutservice  rpr=0.0000  low=18 high=0  attempts=1  state=ON  metric=rpr
2026-10-07T12:43:39Z  OBSERVE  frontend->currencyservice  rpr=0.0000  low=467 high=0  attempts=3  state=ON  metric=rpr
2026-10-07T12:43:39Z  OBSERVE  frontend->productcatalogservice  rpr=0.0000  low=467 high=0  attempts=3  state=ON  metric=rpr
2026-10-07T12:43:39Z  OBSERVE  frontend->recommendationservice  rpr=1.1813  low=0 high=9  attempts=3  state=ON  metric=rpr
2026-10-07T12:43:39Z  OBSERVE  frontend->shippingservice  rpr=0.0000  low=466 high=0  attempts=3  state=ON  metric=rpr
2026-10-07T12:43:39Z  OBSERVE  checkoutservice->cartservice  rpr=0.0000  low=465 high=0  attempts=3  state=ON  metric=rpr
2026-10-07T12:43:39Z  OBSERVE  checkoutservice->currencyservice  rpr=0.0000  low=465 high=0  attempts=3  state=ON  metric=rpr
2026-10-07T12:43:39Z  OBSERVE  checkoutservice->emailservice  rpr=0.0000  low=463 high=0  attempts=3  state=ON  metric=rpr
2026-10-07T12:43:39Z  OBSERVE  checkoutservice->paymentservice  rpr=0.0000  low=465 high=0  attempts=3  state=ON  metric=rpr
2026-10-07T12:43:39Z  OBSERVE  checkoutservice->shippingservice  rpr=0.0000  low=465 high=0  attempts=3  state=ON  metric=rpr
2026-10-07T12:43:39Z  OBSERVE  recommendationservice->productcatalogservice  rpr=0.0000  low=466 high=0  attempts=3  state=ON  metric=rpr
2026-10-07T12:43:40Z  OBSERVE  frontend->adservice  rpr=0.0000  low=467 high=0  attempts=3  state=ON  metric=rpr
2026-10-07T12:43:40Z  OBSERVE  frontend->cartservice  rpr=0.0000  low=468 high=0  attempts=3  state=ON  metric=rpr
2026-10-07T12:43:40Z  OBSERVE  frontend->checkoutservice  rpr=0.0000  low=19 high=0  attempts=1  state=ON  metric=rpr
2026-10-07T12:43:40Z  OBSERVE  frontend->currencyservice  rpr=0.0000  low=468 high=0  attempts=3  state=ON  metric=rpr
2026-10-07T12:43:40Z  OBSERVE  frontend->productcatalogservice  rpr=0.0000  low=468 high=0  attempts=3  state=ON  metric=rpr
2026-10-07T12:43:40Z  OBSERVE  frontend->recommendationservice  rpr=0.6825  low=0 high=10  attempts=3  state=ON  metric=rpr
2026-10-07T12:43:40Z  OBSERVE  frontend->shippingservice  rpr=0.0000  low=467 high=0  attempts=3  state=ON  metric=rpr
2026-10-07T12:43:40Z  OBSERVE  checkoutservice->cartservice  rpr=0.0000  low=466 high=0  attempts=3  state=ON  metric=rpr
2026-10-07T12:43:40Z  OBSERVE  checkoutservice->currencyservice  rpr=0.0000  low=466 high=0  attempts=3  state=ON  metric=rpr
2026-10-07T12:43:40Z  OBSERVE  checkoutservice->emailservice  rpr=0.0000  low=464 high=0  attempts=3  state=ON  metric=rpr
2026-10-07T12:43:40Z  OBSERVE  checkoutservice->paymentservice  rpr=0.0000  low=466 high=0  attempts=3  state=ON  metric=rpr
2026-10-07T12:43:40Z  OBSERVE  checkoutservice->shippingservice  rpr=0.0000  low=466 high=0  attempts=3  state=ON  metric=rpr
2026-10-07T12:43:40Z  OBSERVE  recommendationservice->productcatalogservice  rpr=0.0000  low=467 high=0  attempts=3  state=ON  metric=rpr
2026-10-07T12:43:41Z  OBSERVE  frontend->adservice  rpr=0.0000  low=468 high=0  attempts=3  state=ON  metric=rpr
2026-10-07T12:43:41Z  OBSERVE  frontend->cartservice  rpr=0.0000  low=469 high=0  attempts=3  state=ON  metric=rpr
2026-10-07T12:43:41Z  OBSERVE  frontend->checkoutservice  rpr=0.0000  low=20 high=0  attempts=1  state=ON  metric=rpr
2026-10-07T12:43:41Z  OBSERVE  frontend->currencyservice  rpr=0.0000  low=469 high=0  attempts=3  state=ON  metric=rpr
2026-10-07T12:43:41Z  OBSERVE  frontend->productcatalogservice  rpr=0.0000  low=469 high=0  attempts=3  state=ON  metric=rpr
2026-10-07T12:43:41Z  OBSERVE  frontend->recommendationservice  rpr=1.2040  low=0 high=11  attempts=3  state=ON  metric=rpr
2026-10-07T12:43:41Z  OBSERVE  frontend->shippingservice  rpr=0.0000  low=468 high=0  attempts=3  state=ON  metric=rpr
2026-10-07T12:43:41Z  OBSERVE  checkoutservice->cartservice  rpr=0.0000  low=467 high=0  attempts=3  state=ON  metric=rpr
2026-10-07T12:43:41Z  OBSERVE  checkoutservice->currencyservice  rpr=0.0000  low=467 high=0  attempts=3  state=ON  metric=rpr
2026-10-07T12:43:41Z  OBSERVE  checkoutservice->emailservice  rpr=0.0000  low=465 high=0  attempts=3  state=ON  metric=rpr
2026-10-07T12:43:41Z  OBSERVE  checkoutservice->paymentservice  rpr=0.0000  low=467 high=0  attempts=3  state=ON  metric=rpr
2026-10-07T12:43:41Z  OBSERVE  checkoutservice->shippingservice  rpr=0.0000  low=467 high=0  attempts=3  state=ON  metric=rpr
2026-10-07T12:43:41Z  OBSERVE  recommendationservice->productcatalogservice  rpr=0.0000  low=468 high=0  attempts=3  state=ON  metric=rpr
2026-10-07T12:43:42Z  OBSERVE  frontend->adservice  rpr=0.0000  low=469 high=0  attempts=3  state=ON  metric=rpr
2026-10-07T12:43:42Z  OBSERVE  frontend->cartservice  rpr=0.0000  low=470 high=0  attempts=3  state=ON  metric=rpr
2026-10-07T12:43:42Z  OBSERVE  frontend->checkoutservice  rpr=0.0000  low=21 high=0  attempts=1  state=ON  metric=rpr
2026-10-07T12:43:42Z  OBSERVE  frontend->currencyservice  rpr=0.0000  low=470 high=0  attempts=3  state=ON  metric=rpr
2026-10-07T12:43:42Z  OBSERVE  frontend->productcatalogservice  rpr=0.0000  low=470 high=0  attempts=3  state=ON  metric=rpr
2026-10-07T12:43:42Z  OBSERVE  frontend->recommendationservice  rpr=0.8191  low=0 high=12  attempts=3  state=ON  metric=rpr
2026-10-07T12:43:42Z  OBSERVE  frontend->shippingservice  rpr=0.0000  low=469 high=0  attempts=3  state=ON  metric=rpr
2026-10-07T12:43:42Z  OBSERVE  checkoutservice->cartservice  rpr=0.0000  low=468 high=0  attempts=3  state=ON  metric=rpr
2026-10-07T12:43:42Z  OBSERVE  checkoutservice->currencyservice  rpr=0.0000  low=468 high=0  attempts=3  state=ON  metric=rpr
2026-10-07T12:43:42Z  OBSERVE  checkoutservice->emailservice  rpr=0.0000  low=466 high=0  attempts=3  state=ON  metric=rpr
2026-10-07T12:43:42Z  OBSERVE  checkoutservice->paymentservice  rpr=0.0000  low=468 high=0  attempts=3  state=ON  metric=rpr
2026-10-07T12:43:42Z  OBSERVE  checkoutservice->shippingservice  rpr=0.0000  low=468 high=0  attempts=3  state=ON  metric=rpr
2026-10-07T12:43:42Z  OBSERVE  recommendationservice->productcatalogservice  rpr=0.0000  low=469 high=0  attempts=3  state=ON  metric=rpr
2026-10-07T12:43:43Z  OBSERVE  frontend->adservice  rpr=0.0000  low=470 high=0  attempts=3  state=ON  metric=rpr
2026-10-07T12:43:43Z  OBSERVE  frontend->cartservice  rpr=0.0000  low=471 high=0  attempts=3  state=ON  metric=rpr
2026-10-07T12:43:43Z  OBSERVE  frontend->checkoutservice  rpr=0.0000  low=22 high=0  attempts=1  state=ON  metric=rpr
2026-10-07T12:43:43Z  OBSERVE  frontend->currencyservice  rpr=0.0000  low=471 high=0  attempts=3  state=ON  metric=rpr
2026-10-07T12:43:43Z  OBSERVE  frontend->productcatalogservice  rpr=0.0000  low=471 high=0  attempts=3  state=ON  metric=rpr
2026-10-07T12:43:43Z  OBSERVE  frontend->recommendationservice  rpr=1.1720  low=0 high=13  attempts=3  state=ON  metric=rpr
2026-10-07T12:43:43Z  OBSERVE  frontend->shippingservice  rpr=0.0000  low=470 high=0  attempts=3  state=ON  metric=rpr
2026-10-07T12:43:43Z  OBSERVE  checkoutservice->cartservice  rpr=0.0000  low=469 high=0  attempts=3  state=ON  metric=rpr
2026-10-07T12:43:43Z  OBSERVE  checkoutservice->currencyservice  rpr=0.0000  low=469 high=0  attempts=3  state=ON  metric=rpr
2026-10-07T12:43:43Z  OBSERVE  checkoutservice->emailservice  rpr=0.0000  low=467 high=0  attempts=3  state=ON  metric=rpr
2026-10-07T12:43:43Z  OBSERVE  checkoutservice->paymentservice  rpr=0.0000  low=469 high=0  attempts=3  state=ON  metric=rpr
2026-10-07T12:43:43Z  OBSERVE  checkoutservice->shippingservice  rpr=0.0000  low=469 high=0  attempts=3  state=ON  metric=rpr
2026-10-07T12:43:43Z  OBSERVE  recommendationservice->productcatalogservice  rpr=0.0000  low=470 high=0  attempts=3  state=ON  metric=rpr
2026-10-07T12:43:44Z  OBSERVE  frontend->adservice  rpr=0.0000  low=471 high=0  attempts=3  state=ON  metric=rpr
2026-10-07T12:43:44Z  OBSERVE  frontend->cartservice  rpr=0.0000  low=472 high=0  attempts=3  state=ON  metric=rpr
2026-10-07T12:43:44Z  OBSERVE  frontend->checkoutservice  rpr=0.0000  low=23 high=0  attempts=1  state=ON  metric=rpr
2026-10-07T12:43:44Z  OBSERVE  frontend->currencyservice  rpr=0.0000  low=472 high=0  attempts=3  state=ON  metric=rpr
2026-10-07T12:43:44Z  OBSERVE  frontend->productcatalogservice  rpr=0.0000  low=472 high=0  attempts=3  state=ON  metric=rpr
2026-10-07T12:43:44Z  OBSERVE  frontend->recommendationservice  rpr=0.7392  low=0 high=14  attempts=3  state=ON  metric=rpr
2026-10-07T12:43:44Z  OBSERVE  frontend->shippingservice  rpr=0.0000  low=471 high=0  attempts=3  state=ON  metric=rpr
2026-10-07T12:43:44Z  OBSERVE  checkoutservice->cartservice  rpr=0.0000  low=470 high=0  attempts=3  state=ON  metric=rpr
2026-10-07T12:43:44Z  OBSERVE  checkoutservice->currencyservice  rpr=0.0000  low=470 high=0  attempts=3  state=ON  metric=rpr
2026-10-07T12:43:44Z  OBSERVE  checkoutservice->emailservice  rpr=0.0000  low=468 high=0  attempts=3  state=ON  metric=rpr
2026-10-07T12:43:44Z  OBSERVE  checkoutservice->paymentservice  rpr=0.0000  low=470 high=0  attempts=3  state=ON  metric=rpr
2026-10-07T12:43:44Z  OBSERVE  checkoutservice->shippingservice  rpr=0.0000  low=470 high=0  attempts=3  state=ON  metric=rpr
2026-10-07T12:43:44Z  OBSERVE  recommendationservice->productcatalogservice  rpr=0.0000  low=471 high=0  attempts=3  state=ON  metric=rpr
2026-10-07T12:43:45Z  OBSERVE  frontend->adservice  rpr=0.0000  low=472 high=0  attempts=3  state=ON  metric=rpr
2026-10-07T12:43:45Z  OBSERVE  frontend->cartservice  rpr=0.0000  low=473 high=0  attempts=3  state=ON  metric=rpr
2026-10-07T12:43:45Z  OBSERVE  frontend->checkoutservice  rpr=0.0000  low=24 high=0  attempts=1  state=ON  metric=rpr
2026-10-07T12:43:45Z  OBSERVE  frontend->currencyservice  rpr=0.0000  low=473 high=0  attempts=3  state=ON  metric=rpr
2026-10-07T12:43:45Z  OBSERVE  frontend->productcatalogservice  rpr=0.0000  low=473 high=0  attempts=3  state=ON  metric=rpr
2026-10-07T12:43:45Z  OBSERVE  frontend->recommendationservice  rpr=0.5307  low=0 high=15  attempts=3  state=ON  metric=rpr
2026-10-07T12:43:45Z  OBSERVE  frontend->shippingservice  rpr=0.0000  low=472 high=0  attempts=3  state=ON  metric=rpr
2026-10-07T12:43:45Z  OBSERVE  checkoutservice->cartservice  rpr=0.0000  low=471 high=0  attempts=3  state=ON  metric=rpr
2026-10-07T12:43:45Z  OBSERVE  checkoutservice->currencyservice  rpr=0.0000  low=471 high=0  attempts=3  state=ON  metric=rpr
2026-10-07T12:43:45Z  OBSERVE  checkoutservice->emailservice  rpr=0.0000  low=469 high=0  attempts=3  state=ON  metric=rpr
2026-10-07T12:43:45Z  OBSERVE  checkoutservice->paymentservice  rpr=0.0000  low=471 high=0  attempts=3  state=ON  metric=rpr
2026-10-07T12:43:45Z  OBSERVE  checkoutservice->shippingservice  rpr=0.0000  low=471 high=0  attempts=3  state=ON  metric=rpr
2026-10-07T12:43:45Z  OBSERVE  recommendationservice->productcatalogservice  rpr=0.0000  low=472 high=0  attempts=3  state=ON  metric=rpr
2026-10-07T12:43:46Z  OBSERVE  frontend->adservice  rpr=0.0000  low=473 high=0  attempts=3  state=ON  metric=rpr
2026-10-07T12:43:46Z  OBSERVE  frontend->cartservice  rpr=0.0000  low=474 high=0  attempts=3  state=ON  metric=rpr
2026-10-07T12:43:46Z  OBSERVE  frontend->checkoutservice  rpr=0.0000  low=25 high=0  attempts=1  state=ON  metric=rpr
2026-10-07T12:43:46Z  OBSERVE  frontend->currencyservice  rpr=0.0000  low=474 high=0  attempts=3  state=ON  metric=rpr
2026-10-07T12:43:46Z  OBSERVE  frontend->productcatalogservice  rpr=0.0000  low=474 high=0  attempts=3  state=ON  metric=rpr
2026-10-07T12:43:46Z  OBSERVE  frontend->recommendationservice  rpr=0.7970  low=0 high=16  attempts=3  state=ON  metric=rpr
2026-10-07T12:43:46Z  OBSERVE  frontend->shippingservice  rpr=0.0000  low=473 high=0  attempts=3  state=ON  metric=rpr
2026-10-07T12:43:46Z  OBSERVE  checkoutservice->cartservice  rpr=0.0000  low=472 high=0  attempts=3  state=ON  metric=rpr
2026-10-07T12:43:46Z  OBSERVE  checkoutservice->currencyservice  rpr=0.0000  low=472 high=0  attempts=3  state=ON  metric=rpr
2026-10-07T12:43:46Z  OBSERVE  checkoutservice->emailservice  rpr=0.0000  low=470 high=0  attempts=3  state=ON  metric=rpr
2026-10-07T12:43:46Z  OBSERVE  checkoutservice->paymentservice  rpr=0.0000  low=472 high=0  attempts=3  state=ON  metric=rpr
2026-10-07T12:43:46Z  OBSERVE  checkoutservice->shippingservice  rpr=0.0000  low=472 high=0  attempts=3  state=ON  metric=rpr
2026-10-07T12:43:46Z  OBSERVE  recommendationservice->productcatalogservice  rpr=0.0000  low=473 high=0  attempts=3  state=ON  metric=rpr
2026-10-07T12:43:47Z  OBSERVE  frontend->adservice  rpr=0.0000  low=474 high=0  attempts=3  state=ON  metric=rpr
2026-10-07T12:43:47Z  OBSERVE  frontend->cartservice  rpr=0.0000  low=475 high=0  attempts=3  state=ON  metric=rpr
2026-10-07T12:43:47Z  OBSERVE  frontend->checkoutservice  rpr=0.0000  low=26 high=0  attempts=1  state=ON  metric=rpr
2026-10-07T12:43:47Z  OBSERVE  frontend->currencyservice  rpr=0.0000  low=475 high=0  attempts=3  state=ON  metric=rpr
2026-10-07T12:43:47Z  OBSERVE  frontend->productcatalogservice  rpr=0.0000  low=475 high=0  attempts=3  state=ON  metric=rpr
2026-10-07T12:43:47Z  OBSERVE  frontend->recommendationservice  rpr=1.0712  low=0 high=17  attempts=3  state=ON  metric=rpr
2026-10-07T12:43:47Z  OBSERVE  frontend->shippingservice  rpr=0.0000  low=474 high=0  attempts=3  state=ON  metric=rpr
2026-10-07T12:43:47Z  OBSERVE  checkoutservice->cartservice  rpr=0.0000  low=473 high=0  attempts=3  state=ON  metric=rpr
2026-10-07T12:43:47Z  OBSERVE  checkoutservice->currencyservice  rpr=0.0000  low=473 high=0  attempts=3  state=ON  metric=rpr
2026-10-07T12:43:47Z  OBSERVE  checkoutservice->emailservice  rpr=0.0000  low=471 high=0  attempts=3  state=ON  metric=rpr
2026-10-07T12:43:47Z  OBSERVE  checkoutservice->paymentservice  rpr=0.0000  low=473 high=0  attempts=3  state=ON  metric=rpr
2026-10-07T12:43:47Z  OBSERVE  checkoutservice->shippingservice  rpr=0.0000  low=473 high=0  attempts=3  state=ON  metric=rpr
2026-10-07T12:43:47Z  OBSERVE  recommendationservice->productcatalogservice  rpr=0.0000  low=474 high=0  attempts=3  state=ON  metric=rpr
2026-10-07T12:43:48Z  OBSERVE  frontend->adservice  rpr=0.0000  low=475 high=0  attempts=3  state=ON  metric=rpr
2026-10-07T12:43:48Z  OBSERVE  frontend->cartservice  rpr=0.0000  low=476 high=0  attempts=3  state=ON  metric=rpr
2026-10-07T12:43:48Z  OBSERVE  frontend->checkoutservice  rpr=0.0000  low=27 high=0  attempts=1  state=ON  metric=rpr
2026-10-07T12:43:48Z  OBSERVE  frontend->currencyservice  rpr=0.0000  low=476 high=0  attempts=3  state=ON  metric=rpr
2026-10-07T12:43:48Z  OBSERVE  frontend->productcatalogservice  rpr=0.0000  low=476 high=0  attempts=3  state=ON  metric=rpr
2026-10-07T12:43:48Z  OBSERVE  frontend->recommendationservice  rpr=0.7381  low=0 high=18  attempts=3  state=ON  metric=rpr
2026-10-07T12:43:48Z  OBSERVE  frontend->shippingservice  rpr=0.0000  low=475 high=0  attempts=3  state=ON  metric=rpr
2026-10-07T12:43:48Z  OBSERVE  checkoutservice->cartservice  rpr=0.0000  low=474 high=0  attempts=3  state=ON  metric=rpr
2026-10-07T12:43:48Z  OBSERVE  checkoutservice->currencyservice  rpr=0.0000  low=474 high=0  attempts=3  state=ON  metric=rpr
2026-10-07T12:43:48Z  OBSERVE  checkoutservice->emailservice  rpr=0.0000  low=472 high=0  attempts=3  state=ON  metric=rpr
2026-10-07T12:43:48Z  OBSERVE  checkoutservice->paymentservice  rpr=0.0000  low=474 high=0  attempts=3  state=ON  metric=rpr
2026-10-07T12:43:48Z  OBSERVE  checkoutservice->shippingservice  rpr=0.0000  low=474 high=0  attempts=3  state=ON  metric=rpr
2026-10-07T12:43:48Z  OBSERVE  recommendationservice->productcatalogservice  rpr=0.0000  low=475 high=0  attempts=3  state=ON  metric=rpr
2026-10-07T12:43:49Z  OBSERVE  frontend->adservice  rpr=0.0000  low=476 high=0  attempts=3  state=ON  metric=rpr
2026-10-07T12:43:49Z  OBSERVE  frontend->cartservice  rpr=0.0000  low=477 high=0  attempts=3  state=ON  metric=rpr
2026-10-07T12:43:49Z  OBSERVE  frontend->checkoutservice  rpr=0.0000  low=28 high=0  attempts=1  state=ON  metric=rpr
2026-10-07T12:43:49Z  OBSERVE  frontend->currencyservice  rpr=0.0000  low=477 high=0  attempts=3  state=ON  metric=rpr
2026-10-07T12:43:49Z  OBSERVE  frontend->productcatalogservice  rpr=0.0000  low=477 high=0  attempts=3  state=ON  metric=rpr
2026-10-07T12:43:49Z  OBSERVE  frontend->recommendationservice  rpr=0.5922  low=0 high=19  attempts=3  state=ON  metric=rpr
2026-10-07T12:43:49Z  OBSERVE  frontend->shippingservice  rpr=0.0000  low=476 high=0  attempts=3  state=ON  metric=rpr
2026-10-07T12:43:49Z  OBSERVE  checkoutservice->cartservice  rpr=0.0000  low=475 high=0  attempts=3  state=ON  metric=rpr
2026-10-07T12:43:49Z  OBSERVE  checkoutservice->currencyservice  rpr=0.0000  low=475 high=0  attempts=3  state=ON  metric=rpr
2026-10-07T12:43:49Z  OBSERVE  checkoutservice->emailservice  rpr=0.0000  low=473 high=0  attempts=3  state=ON  metric=rpr
2026-10-07T12:43:49Z  OBSERVE  checkoutservice->paymentservice  rpr=0.0000  low=475 high=0  attempts=3  state=ON  metric=rpr
2026-10-07T12:43:49Z  OBSERVE  checkoutservice->shippingservice  rpr=0.0000  low=475 high=0  attempts=3  state=ON  metric=rpr
2026-10-07T12:43:49Z  OBSERVE  recommendationservice->productcatalogservice  rpr=0.0000  low=476 high=0  attempts=3  state=ON  metric=rpr
2026-10-07T12:43:50Z  OBSERVE  frontend->adservice  rpr=0.0000  low=477 high=0  attempts=3  state=ON  metric=rpr
2026-10-07T12:43:50Z  OBSERVE  frontend->cartservice  rpr=0.0000  low=478 high=0  attempts=3  state=ON  metric=rpr
2026-10-07T12:43:50Z  OBSERVE  frontend->checkoutservice  rpr=0.0000  low=29 high=0  attempts=1  state=ON  metric=rpr
2026-10-07T12:43:50Z  OBSERVE  frontend->currencyservice  rpr=0.0000  low=478 high=0  attempts=3  state=ON  metric=rpr
2026-10-07T12:43:50Z  OBSERVE  frontend->productcatalogservice  rpr=0.0000  low=478 high=0  attempts=3  state=ON  metric=rpr
2026-10-07T12:43:50Z  OBSERVE  frontend->recommendationservice  rpr=0.5609  low=0 high=20  attempts=3  state=ON  metric=rpr
2026-10-07T12:43:50Z  OBSERVE  frontend->shippingservice  rpr=0.0000  low=477 high=0  attempts=3  state=ON  metric=rpr
2026-10-07T12:43:50Z  OBSERVE  checkoutservice->cartservice  rpr=0.0000  low=476 high=0  attempts=3  state=ON  metric=rpr
2026-10-07T12:43:50Z  OBSERVE  checkoutservice->currencyservice  rpr=0.0000  low=476 high=0  attempts=3  state=ON  metric=rpr
2026-10-07T12:43:50Z  OBSERVE  checkoutservice->emailservice  rpr=0.0000  low=474 high=0  attempts=3  state=ON  metric=rpr
2026-10-07T12:43:50Z  OBSERVE  checkoutservice->paymentservice  rpr=0.0000  low=476 high=0  attempts=3  state=ON  metric=rpr
2026-10-07T12:43:50Z  OBSERVE  checkoutservice->shippingservice  rpr=0.0000  low=476 high=0  attempts=3  state=ON  metric=rpr
2026-10-07T12:43:50Z  OBSERVE  recommendationservice->productcatalogservice  rpr=0.0000  low=477 high=0  attempts=3  state=ON  metric=rpr
2026-10-07T12:43:51Z  OBSERVE  frontend->adservice  rpr=0.0000  low=478 high=0  attempts=3  state=ON  metric=rpr
2026-10-07T12:43:51Z  OBSERVE  frontend->cartservice  rpr=0.0000  low=479 high=0  attempts=3  state=ON  metric=rpr
2026-10-07T12:43:51Z  OBSERVE  frontend->checkoutservice  rpr=0.0000  low=30 high=0  attempts=1  state=ON  metric=rpr
2026-10-07T12:43:51Z  OBSERVE  frontend->currencyservice  rpr=0.0000  low=479 high=0  attempts=3  state=ON  metric=rpr
2026-10-07T12:43:51Z  OBSERVE  frontend->productcatalogservice  rpr=0.0000  low=479 high=0  attempts=3  state=ON  metric=rpr
2026-10-07T12:43:51Z  OBSERVE  frontend->recommendationservice  rpr=0.5113  low=0 high=21  attempts=3  state=ON  metric=rpr
2026-10-07T12:43:51Z  OBSERVE  frontend->shippingservice  rpr=0.0000  low=478 high=0  attempts=3  state=ON  metric=rpr
2026-10-07T12:43:51Z  OBSERVE  checkoutservice->cartservice  rpr=0.0000  low=477 high=0  attempts=3  state=ON  metric=rpr
2026-10-07T12:43:51Z  OBSERVE  checkoutservice->currencyservice  rpr=0.0000  low=477 high=0  attempts=3  state=ON  metric=rpr
2026-10-07T12:43:51Z  OBSERVE  checkoutservice->emailservice  rpr=0.0000  low=475 high=0  attempts=3  state=ON  metric=rpr
2026-10-07T12:43:51Z  OBSERVE  checkoutservice->paymentservice  rpr=0.0000  low=477 high=0  attempts=3  state=ON  metric=rpr
2026-10-07T12:43:51Z  OBSERVE  checkoutservice->shippingservice  rpr=0.0000  low=477 high=0  attempts=3  state=ON  metric=rpr
2026-10-07T12:43:51Z  OBSERVE  recommendationservice->productcatalogservice  rpr=0.0000  low=478 high=0  attempts=3  state=ON  metric=rpr
2026-10-07T12:43:51Z  frontend->checkoutservice  1→2   rpr=0.00  consecutive_low=30  attempts=2  from_attempts=1  metric=rpr
2026-10-07T12:43:52Z  OBSERVE  frontend->adservice  rpr=0.0000  low=479 high=0  attempts=3  state=ON  metric=rpr
2026-10-07T12:43:52Z  OBSERVE  frontend->cartservice  rpr=0.0000  low=480 high=0  attempts=3  state=ON  metric=rpr
2026-10-07T12:43:52Z  OBSERVE  frontend->checkoutservice  rpr=0.0000  low=1 high=0  attempts=2  state=ON  metric=rpr
2026-10-07T12:43:52Z  OBSERVE  frontend->currencyservice  rpr=0.0000  low=480 high=0  attempts=3  state=ON  metric=rpr
2026-10-07T12:43:52Z  OBSERVE  frontend->productcatalogservice  rpr=0.0000  low=480 high=0  attempts=3  state=ON  metric=rpr
2026-10-07T12:43:52Z  OBSERVE  frontend->recommendationservice  rpr=0.8197  low=0 high=22  attempts=3  state=ON  metric=rpr
2026-10-07T12:43:52Z  OBSERVE  frontend->shippingservice  rpr=0.0000  low=479 high=0  attempts=3  state=ON  metric=rpr
2026-10-07T12:43:52Z  OBSERVE  checkoutservice->cartservice  rpr=0.0000  low=478 high=0  attempts=3  state=ON  metric=rpr
2026-10-07T12:43:52Z  OBSERVE  checkoutservice->currencyservice  rpr=0.0000  low=478 high=0  attempts=3  state=ON  metric=rpr
2026-10-07T12:43:52Z  OBSERVE  checkoutservice->emailservice  rpr=0.0000  low=476 high=0  attempts=3  state=ON  metric=rpr
2026-10-07T12:43:52Z  OBSERVE  checkoutservice->paymentservice  rpr=0.0000  low=478 high=0  attempts=3  state=ON  metric=rpr
2026-10-07T12:43:52Z  OBSERVE  checkoutservice->shippingservice  rpr=0.0000  low=478 high=0  attempts=3  state=ON  metric=rpr
2026-10-07T12:43:52Z  OBSERVE  recommendationservice->productcatalogservice  rpr=0.0000  low=479 high=0  attempts=3  state=ON  metric=rpr
2026-10-07T12:43:53Z  OBSERVE  frontend->adservice  rpr=0.0000  low=480 high=0  attempts=3  state=ON  metric=rpr
2026-10-07T12:43:53Z  OBSERVE  frontend->cartservice  rpr=0.0000  low=481 high=0  attempts=3  state=ON  metric=rpr
2026-10-07T12:43:53Z  OBSERVE  frontend->checkoutservice  rpr=0.0000  low=2 high=0  attempts=2  state=ON  metric=rpr
2026-10-07T12:43:53Z  OBSERVE  frontend->currencyservice  rpr=0.0000  low=481 high=0  attempts=3  state=ON  metric=rpr
2026-10-07T12:43:53Z  OBSERVE  frontend->productcatalogservice  rpr=0.0000  low=481 high=0  attempts=3  state=ON  metric=rpr
2026-10-07T12:43:53Z  OBSERVE  frontend->recommendationservice  rpr=0.6150  low=0 high=23  attempts=3  state=ON  metric=rpr
2026-10-07T12:43:53Z  OBSERVE  frontend->shippingservice  rpr=0.0000  low=480 high=0  attempts=3  state=ON  metric=rpr
2026-10-07T12:43:53Z  OBSERVE  checkoutservice->cartservice  rpr=0.0000  low=479 high=0  attempts=3  state=ON  metric=rpr
2026-10-07T12:43:53Z  OBSERVE  checkoutservice->currencyservice  rpr=0.0000  low=479 high=0  attempts=3  state=ON  metric=rpr
2026-10-07T12:43:53Z  OBSERVE  checkoutservice->emailservice  rpr=0.0000  low=477 high=0  attempts=3  state=ON  metric=rpr
2026-10-07T12:43:53Z  OBSERVE  checkoutservice->paymentservice  rpr=0.0000  low=479 high=0  attempts=3  state=ON  metric=rpr
2026-10-07T12:43:53Z  OBSERVE  checkoutservice->shippingservice  rpr=0.0000  low=479 high=0  attempts=3  state=ON  metric=rpr
2026-10-07T12:43:53Z  OBSERVE  recommendationservice->productcatalogservice  rpr=0.0000  low=480 high=0  attempts=3  state=ON  metric=rpr
2026-10-07T12:43:54Z  OBSERVE  frontend->adservice  rpr=0.0000  low=481 high=0  attempts=3  state=ON  metric=rpr
2026-10-07T12:43:54Z  OBSERVE  frontend->cartservice  rpr=0.0000  low=482 high=0  attempts=3  state=ON  metric=rpr
2026-10-07T12:43:54Z  OBSERVE  frontend->checkoutservice  rpr=0.0000  low=3 high=0  attempts=2  state=ON  metric=rpr
2026-10-07T12:43:54Z  OBSERVE  frontend->currencyservice  rpr=0.0000  low=482 high=0  attempts=3  state=ON  metric=rpr
2026-10-07T12:43:54Z  OBSERVE  frontend->productcatalogservice  rpr=0.0000  low=482 high=0  attempts=3  state=ON  metric=rpr
2026-10-07T12:43:54Z  OBSERVE  frontend->recommendationservice  rpr=0.5859  low=0 high=24  attempts=3  state=ON  metric=rpr
2026-10-07T12:43:54Z  OBSERVE  frontend->shippingservice  rpr=0.0000  low=481 high=0  attempts=3  state=ON  metric=rpr
2026-10-07T12:43:54Z  OBSERVE  checkoutservice->cartservice  rpr=0.0000  low=480 high=0  attempts=3  state=ON  metric=rpr
2026-10-07T12:43:54Z  OBSERVE  checkoutservice->currencyservice  rpr=0.0000  low=480 high=0  attempts=3  state=ON  metric=rpr
2026-10-07T12:43:54Z  OBSERVE  checkoutservice->emailservice  rpr=0.0000  low=478 high=0  attempts=3  state=ON  metric=rpr
2026-10-07T12:43:54Z  OBSERVE  checkoutservice->paymentservice  rpr=0.0000  low=480 high=0  attempts=3  state=ON  metric=rpr
2026-10-07T12:43:54Z  OBSERVE  checkoutservice->shippingservice  rpr=0.0000  low=480 high=0  attempts=3  state=ON  metric=rpr
2026-10-07T12:43:54Z  OBSERVE  recommendationservice->productcatalogservice  rpr=0.0000  low=481 high=0  attempts=3  state=ON  metric=rpr
2026-10-07T12:43:55Z  OBSERVE  frontend->adservice  rpr=0.0000  low=482 high=0  attempts=3  state=ON  metric=rpr
2026-10-07T12:43:55Z  OBSERVE  frontend->cartservice  rpr=0.0000  low=483 high=0  attempts=3  state=ON  metric=rpr
2026-10-07T12:43:55Z  OBSERVE  frontend->checkoutservice  rpr=0.0000  low=4 high=0  attempts=2  state=ON  metric=rpr
2026-10-07T12:43:55Z  OBSERVE  frontend->currencyservice  rpr=0.0000  low=483 high=0  attempts=3  state=ON  metric=rpr
2026-10-07T12:43:55Z  OBSERVE  frontend->productcatalogservice  rpr=0.0000  low=483 high=0  attempts=3  state=ON  metric=rpr
2026-10-07T12:43:55Z  OBSERVE  frontend->recommendationservice  rpr=0.6415  low=0 high=25  attempts=3  state=ON  metric=rpr
2026-10-07T12:43:55Z  OBSERVE  frontend->shippingservice  rpr=0.0000  low=482 high=0  attempts=3  state=ON  metric=rpr
2026-10-07T12:43:55Z  OBSERVE  checkoutservice->cartservice  rpr=0.0000  low=481 high=0  attempts=3  state=ON  metric=rpr
2026-10-07T12:43:55Z  OBSERVE  checkoutservice->currencyservice  rpr=0.0000  low=481 high=0  attempts=3  state=ON  metric=rpr
2026-10-07T12:43:55Z  OBSERVE  checkoutservice->emailservice  rpr=0.0000  low=479 high=0  attempts=3  state=ON  metric=rpr
2026-10-07T12:43:55Z  OBSERVE  checkoutservice->paymentservice  rpr=0.0000  low=481 high=0  attempts=3  state=ON  metric=rpr
2026-10-07T12:43:55Z  OBSERVE  checkoutservice->shippingservice  rpr=0.0000  low=481 high=0  attempts=3  state=ON  metric=rpr
2026-10-07T12:43:55Z  OBSERVE  recommendationservice->productcatalogservice  rpr=0.0000  low=482 high=0  attempts=3  state=ON  metric=rpr
2026-10-07T12:43:56Z  OBSERVE  frontend->adservice  rpr=0.0000  low=483 high=0  attempts=3  state=ON  metric=rpr
2026-10-07T12:43:56Z  OBSERVE  frontend->cartservice  rpr=0.0000  low=484 high=0  attempts=3  state=ON  metric=rpr
2026-10-07T12:43:56Z  OBSERVE  frontend->checkoutservice  rpr=0.0000  low=5 high=0  attempts=2  state=ON  metric=rpr
2026-10-07T12:43:56Z  OBSERVE  frontend->currencyservice  rpr=0.0000  low=484 high=0  attempts=3  state=ON  metric=rpr
2026-10-07T12:43:56Z  OBSERVE  frontend->productcatalogservice  rpr=0.0000  low=484 high=0  attempts=3  state=ON  metric=rpr
2026-10-07T12:43:56Z  OBSERVE  frontend->recommendationservice  rpr=0.7855  low=0 high=26  attempts=3  state=ON  metric=rpr
2026-10-07T12:43:56Z  OBSERVE  frontend->shippingservice  rpr=0.0000  low=483 high=0  attempts=3  state=ON  metric=rpr
2026-10-07T12:43:56Z  OBSERVE  checkoutservice->cartservice  rpr=0.0000  low=482 high=0  attempts=3  state=ON  metric=rpr
2026-10-07T12:43:56Z  OBSERVE  checkoutservice->currencyservice  rpr=0.0000  low=482 high=0  attempts=3  state=ON  metric=rpr
2026-10-07T12:43:56Z  OBSERVE  checkoutservice->emailservice  rpr=0.0000  low=480 high=0  attempts=3  state=ON  metric=rpr
2026-10-07T12:43:56Z  OBSERVE  checkoutservice->paymentservice  rpr=0.0000  low=482 high=0  attempts=3  state=ON  metric=rpr
2026-10-07T12:43:56Z  OBSERVE  checkoutservice->shippingservice  rpr=0.0000  low=482 high=0  attempts=3  state=ON  metric=rpr
2026-10-07T12:43:56Z  OBSERVE  recommendationservice->productcatalogservice  rpr=0.0000  low=483 high=0  attempts=3  state=ON  metric=rpr
2026-10-07T12:43:57Z  OBSERVE  frontend->adservice  rpr=0.0000  low=484 high=0  attempts=3  state=ON  metric=rpr
2026-10-07T12:43:57Z  OBSERVE  frontend->cartservice  rpr=0.0000  low=485 high=0  attempts=3  state=ON  metric=rpr
2026-10-07T12:43:57Z  OBSERVE  frontend->checkoutservice  rpr=0.0000  low=6 high=0  attempts=2  state=ON  metric=rpr
2026-10-07T12:43:57Z  OBSERVE  frontend->currencyservice  rpr=0.0000  low=485 high=0  attempts=3  state=ON  metric=rpr
2026-10-07T12:43:57Z  OBSERVE  frontend->productcatalogservice  rpr=0.0000  low=485 high=0  attempts=3  state=ON  metric=rpr
2026-10-07T12:43:57Z  OBSERVE  frontend->recommendationservice  rpr=0.7437  low=0 high=27  attempts=3  state=ON  metric=rpr
2026-10-07T12:43:57Z  OBSERVE  frontend->shippingservice  rpr=0.0000  low=484 high=0  attempts=3  state=ON  metric=rpr
2026-10-07T12:43:57Z  OBSERVE  checkoutservice->cartservice  rpr=0.0000  low=483 high=0  attempts=3  state=ON  metric=rpr
2026-10-07T12:43:57Z  OBSERVE  checkoutservice->currencyservice  rpr=0.0000  low=483 high=0  attempts=3  state=ON  metric=rpr
2026-10-07T12:43:57Z  OBSERVE  checkoutservice->emailservice  rpr=0.0000  low=481 high=0  attempts=3  state=ON  metric=rpr
2026-10-07T12:43:57Z  OBSERVE  checkoutservice->paymentservice  rpr=0.0000  low=483 high=0  attempts=3  state=ON  metric=rpr
2026-10-07T12:43:57Z  OBSERVE  checkoutservice->shippingservice  rpr=0.0000  low=483 high=0  attempts=3  state=ON  metric=rpr
2026-10-07T12:43:57Z  OBSERVE  recommendationservice->productcatalogservice  rpr=0.0000  low=484 high=0  attempts=3  state=ON  metric=rpr
2026-10-07T12:43:58Z  OBSERVE  frontend->adservice  rpr=0.0000  low=485 high=0  attempts=3  state=ON  metric=rpr
2026-10-07T12:43:58Z  OBSERVE  frontend->cartservice  rpr=0.0000  low=486 high=0  attempts=3  state=ON  metric=rpr
2026-10-07T12:43:58Z  OBSERVE  frontend->checkoutservice  rpr=0.0000  low=7 high=0  attempts=2  state=ON  metric=rpr
2026-10-07T12:43:58Z  OBSERVE  frontend->currencyservice  rpr=0.0000  low=486 high=0  attempts=3  state=ON  metric=rpr
2026-10-07T12:43:58Z  OBSERVE  frontend->productcatalogservice  rpr=0.0000  low=486 high=0  attempts=3  state=ON  metric=rpr
2026-10-07T12:43:58Z  OBSERVE  frontend->recommendationservice  rpr=0.4043  low=1 high=0  attempts=3  state=ON  metric=rpr
2026-10-07T12:43:58Z  OBSERVE  frontend->shippingservice  rpr=0.0000  low=485 high=0  attempts=3  state=ON  metric=rpr
2026-10-07T12:43:58Z  OBSERVE  checkoutservice->cartservice  rpr=0.0000  low=484 high=0  attempts=3  state=ON  metric=rpr
2026-10-07T12:43:58Z  OBSERVE  checkoutservice->currencyservice  rpr=0.0000  low=484 high=0  attempts=3  state=ON  metric=rpr
2026-10-07T12:43:58Z  OBSERVE  checkoutservice->emailservice  rpr=0.0000  low=482 high=0  attempts=3  state=ON  metric=rpr
2026-10-07T12:43:58Z  OBSERVE  checkoutservice->paymentservice  rpr=0.0000  low=484 high=0  attempts=3  state=ON  metric=rpr
2026-10-07T12:43:58Z  OBSERVE  checkoutservice->shippingservice  rpr=0.0000  low=484 high=0  attempts=3  state=ON  metric=rpr
2026-10-07T12:43:58Z  OBSERVE  recommendationservice->productcatalogservice  rpr=0.0000  low=485 high=0  attempts=3  state=ON  metric=rpr
2026-10-07T12:43:59Z  OBSERVE  frontend->adservice  rpr=0.0000  low=486 high=0  attempts=3  state=ON  metric=rpr
2026-10-07T12:43:59Z  OBSERVE  frontend->cartservice  rpr=0.0000  low=487 high=0  attempts=3  state=ON  metric=rpr
2026-10-07T12:43:59Z  OBSERVE  frontend->checkoutservice  rpr=0.0533  low=8 high=0  attempts=2  state=ON  metric=rpr
2026-10-07T12:43:59Z  OBSERVE  frontend->currencyservice  rpr=0.0000  low=487 high=0  attempts=3  state=ON  metric=rpr
2026-10-07T12:43:59Z  OBSERVE  frontend->productcatalogservice  rpr=0.0000  low=487 high=0  attempts=3  state=ON  metric=rpr
2026-10-07T12:43:59Z  OBSERVE  frontend->recommendationservice  rpr=0.4453  low=2 high=0  attempts=3  state=ON  metric=rpr
2026-10-07T12:43:59Z  OBSERVE  frontend->shippingservice  rpr=0.0000  low=486 high=0  attempts=3  state=ON  metric=rpr
2026-10-07T12:43:59Z  OBSERVE  checkoutservice->cartservice  rpr=0.0000  low=485 high=0  attempts=3  state=ON  metric=rpr
2026-10-07T12:43:59Z  OBSERVE  checkoutservice->currencyservice  rpr=0.0000  low=485 high=0  attempts=3  state=ON  metric=rpr
2026-10-07T12:43:59Z  OBSERVE  checkoutservice->emailservice  rpr=0.0000  low=483 high=0  attempts=3  state=ON  metric=rpr
2026-10-07T12:43:59Z  OBSERVE  checkoutservice->paymentservice  rpr=0.0000  low=485 high=0  attempts=3  state=ON  metric=rpr
2026-10-07T12:43:59Z  OBSERVE  checkoutservice->shippingservice  rpr=0.0000  low=485 high=0  attempts=3  state=ON  metric=rpr
2026-10-07T12:43:59Z  OBSERVE  recommendationservice->productcatalogservice  rpr=0.0000  low=486 high=0  attempts=3  state=ON  metric=rpr
2026-10-07T12:44:00Z  OBSERVE  frontend->adservice  rpr=0.0000  low=487 high=0  attempts=3  state=ON  metric=rpr
2026-10-07T12:44:00Z  OBSERVE  frontend->cartservice  rpr=0.0000  low=488 high=0  attempts=3  state=ON  metric=rpr
2026-10-07T12:44:00Z  OBSERVE  frontend->checkoutservice  rpr=0.1429  low=9 high=0  attempts=2  state=ON  metric=rpr
2026-10-07T12:44:00Z  OBSERVE  frontend->currencyservice  rpr=0.0000  low=488 high=0  attempts=3  state=ON  metric=rpr
2026-10-07T12:44:00Z  OBSERVE  frontend->productcatalogservice  rpr=0.0000  low=488 high=0  attempts=3  state=ON  metric=rpr
2026-10-07T12:44:00Z  OBSERVE  frontend->recommendationservice  rpr=0.9258  low=0 high=1  attempts=3  state=ON  metric=rpr
2026-10-07T12:44:00Z  OBSERVE  frontend->shippingservice  rpr=0.0000  low=487 high=0  attempts=3  state=ON  metric=rpr
2026-10-07T12:44:00Z  OBSERVE  checkoutservice->cartservice  rpr=0.0000  low=486 high=0  attempts=3  state=ON  metric=rpr
2026-10-07T12:44:00Z  OBSERVE  checkoutservice->currencyservice  rpr=0.0000  low=486 high=0  attempts=3  state=ON  metric=rpr
2026-10-07T12:44:00Z  OBSERVE  checkoutservice->emailservice  rpr=0.0000  low=484 high=0  attempts=3  state=ON  metric=rpr
2026-10-07T12:44:00Z  OBSERVE  checkoutservice->paymentservice  rpr=0.0000  low=486 high=0  attempts=3  state=ON  metric=rpr
2026-10-07T12:44:00Z  OBSERVE  checkoutservice->shippingservice  rpr=0.0000  low=486 high=0  attempts=3  state=ON  metric=rpr
2026-10-07T12:44:00Z  OBSERVE  recommendationservice->productcatalogservice  rpr=0.0000  low=487 high=0  attempts=3  state=ON  metric=rpr
2026-10-07T12:44:01Z  OBSERVE  frontend->adservice  rpr=0.0000  low=488 high=0  attempts=3  state=ON  metric=rpr
2026-10-07T12:44:01Z  OBSERVE  frontend->cartservice  rpr=0.0000  low=489 high=0  attempts=3  state=ON  metric=rpr
2026-10-07T12:44:01Z  OBSERVE  frontend->checkoutservice  rpr=0.0000  low=10 high=0  attempts=2  state=ON  metric=rpr
2026-10-07T12:44:01Z  OBSERVE  frontend->currencyservice  rpr=0.0000  low=489 high=0  attempts=3  state=ON  metric=rpr
2026-10-07T12:44:01Z  OBSERVE  frontend->productcatalogservice  rpr=0.0000  low=489 high=0  attempts=3  state=ON  metric=rpr
2026-10-07T12:44:01Z  OBSERVE  frontend->recommendationservice  rpr=1.0104  low=0 high=2  attempts=3  state=ON  metric=rpr
2026-10-07T12:44:01Z  OBSERVE  frontend->shippingservice  rpr=0.0000  low=488 high=0  attempts=3  state=ON  metric=rpr
2026-10-07T12:44:01Z  OBSERVE  checkoutservice->cartservice  rpr=0.0000  low=487 high=0  attempts=3  state=ON  metric=rpr
2026-10-07T12:44:01Z  OBSERVE  checkoutservice->currencyservice  rpr=0.0000  low=487 high=0  attempts=3  state=ON  metric=rpr
2026-10-07T12:44:01Z  OBSERVE  checkoutservice->emailservice  rpr=0.0000  low=485 high=0  attempts=3  state=ON  metric=rpr
2026-10-07T12:44:01Z  OBSERVE  checkoutservice->paymentservice  rpr=0.0000  low=487 high=0  attempts=3  state=ON  metric=rpr
2026-10-07T12:44:01Z  OBSERVE  checkoutservice->shippingservice  rpr=0.0000  low=487 high=0  attempts=3  state=ON  metric=rpr
2026-10-07T12:44:01Z  OBSERVE  recommendationservice->productcatalogservice  rpr=0.0000  low=488 high=0  attempts=3  state=ON  metric=rpr
2026-10-07T12:44:02Z  OBSERVE  frontend->adservice  rpr=0.0000  low=489 high=0  attempts=3  state=ON  metric=rpr
2026-10-07T12:44:02Z  OBSERVE  frontend->cartservice  rpr=0.0000  low=490 high=0  attempts=3  state=ON  metric=rpr
2026-10-07T12:44:02Z  OBSERVE  frontend->checkoutservice  rpr=0.0000  low=11 high=0  attempts=2  state=ON  metric=rpr
2026-10-07T12:44:02Z  OBSERVE  frontend->currencyservice  rpr=0.0000  low=490 high=0  attempts=3  state=ON  metric=rpr
2026-10-07T12:44:02Z  OBSERVE  frontend->productcatalogservice  rpr=0.0000  low=490 high=0  attempts=3  state=ON  metric=rpr
2026-10-07T12:44:02Z  OBSERVE  frontend->recommendationservice  rpr=0.6712  low=0 high=3  attempts=3  state=ON  metric=rpr
2026-10-07T12:44:02Z  OBSERVE  frontend->shippingservice  rpr=0.0000  low=489 high=0  attempts=3  state=ON  metric=rpr
2026-10-07T12:44:02Z  OBSERVE  checkoutservice->cartservice  rpr=0.0000  low=488 high=0  attempts=3  state=ON  metric=rpr
2026-10-07T12:44:02Z  OBSERVE  checkoutservice->currencyservice  rpr=0.0000  low=488 high=0  attempts=3  state=ON  metric=rpr
2026-10-07T12:44:02Z  OBSERVE  checkoutservice->emailservice  rpr=0.0000  low=486 high=0  attempts=3  state=ON  metric=rpr
2026-10-07T12:44:02Z  OBSERVE  checkoutservice->paymentservice  rpr=0.0000  low=488 high=0  attempts=3  state=ON  metric=rpr
2026-10-07T12:44:02Z  OBSERVE  checkoutservice->shippingservice  rpr=0.0000  low=488 high=0  attempts=3  state=ON  metric=rpr
2026-10-07T12:44:02Z  OBSERVE  recommendationservice->productcatalogservice  rpr=0.0000  low=489 high=0  attempts=3  state=ON  metric=rpr
2026-10-07T12:44:03Z  OBSERVE  frontend->adservice  rpr=0.0000  low=490 high=0  attempts=3  state=ON  metric=rpr
2026-10-07T12:44:03Z  OBSERVE  frontend->cartservice  rpr=0.0000  low=491 high=0  attempts=3  state=ON  metric=rpr
2026-10-07T12:44:03Z  OBSERVE  frontend->checkoutservice  rpr=0.0000  low=12 high=0  attempts=2  state=ON  metric=rpr
2026-10-07T12:44:03Z  OBSERVE  frontend->currencyservice  rpr=0.0000  low=491 high=0  attempts=3  state=ON  metric=rpr
2026-10-07T12:44:03Z  OBSERVE  frontend->productcatalogservice  rpr=0.0000  low=491 high=0  attempts=3  state=ON  metric=rpr
2026-10-07T12:44:03Z  OBSERVE  frontend->recommendationservice  rpr=0.9613  low=0 high=4  attempts=3  state=ON  metric=rpr
2026-10-07T12:44:03Z  OBSERVE  frontend->shippingservice  rpr=0.0000  low=490 high=0  attempts=3  state=ON  metric=rpr
2026-10-07T12:44:03Z  OBSERVE  checkoutservice->cartservice  rpr=0.0000  low=489 high=0  attempts=3  state=ON  metric=rpr
2026-10-07T12:44:03Z  OBSERVE  checkoutservice->currencyservice  rpr=0.0000  low=489 high=0  attempts=3  state=ON  metric=rpr
2026-10-07T12:44:03Z  OBSERVE  checkoutservice->emailservice  rpr=0.0000  low=487 high=0  attempts=3  state=ON  metric=rpr
2026-10-07T12:44:03Z  OBSERVE  checkoutservice->paymentservice  rpr=0.0000  low=489 high=0  attempts=3  state=ON  metric=rpr
2026-10-07T12:44:03Z  OBSERVE  checkoutservice->shippingservice  rpr=0.0000  low=489 high=0  attempts=3  state=ON  metric=rpr
2026-10-07T12:44:03Z  OBSERVE  recommendationservice->productcatalogservice  rpr=0.0000  low=490 high=0  attempts=3  state=ON  metric=rpr
2026-10-07T12:44:04Z  OBSERVE  frontend->adservice  rpr=0.0000  low=491 high=0  attempts=3  state=ON  metric=rpr
2026-10-07T12:44:04Z  OBSERVE  frontend->cartservice  rpr=0.0000  low=492 high=0  attempts=3  state=ON  metric=rpr
2026-10-07T12:44:04Z  OBSERVE  frontend->checkoutservice  rpr=0.0000  low=13 high=0  attempts=2  state=ON  metric=rpr
2026-10-07T12:44:04Z  OBSERVE  frontend->currencyservice  rpr=0.0000  low=492 high=0  attempts=3  state=ON  metric=rpr
2026-10-07T12:44:04Z  OBSERVE  frontend->productcatalogservice  rpr=0.0000  low=492 high=0  attempts=3  state=ON  metric=rpr
2026-10-07T12:44:04Z  OBSERVE  frontend->recommendationservice  rpr=0.8391  low=0 high=5  attempts=3  state=ON  metric=rpr
2026-10-07T12:44:04Z  OBSERVE  frontend->shippingservice  rpr=0.0000  low=491 high=0  attempts=3  state=ON  metric=rpr
2026-10-07T12:44:04Z  OBSERVE  checkoutservice->cartservice  rpr=0.0000  low=490 high=0  attempts=3  state=ON  metric=rpr
2026-10-07T12:44:04Z  OBSERVE  checkoutservice->currencyservice  rpr=0.0000  low=490 high=0  attempts=3  state=ON  metric=rpr
2026-10-07T12:44:04Z  OBSERVE  checkoutservice->emailservice  rpr=0.0000  low=488 high=0  attempts=3  state=ON  metric=rpr
2026-10-07T12:44:04Z  OBSERVE  checkoutservice->paymentservice  rpr=0.0000  low=490 high=0  attempts=3  state=ON  metric=rpr
2026-10-07T12:44:04Z  OBSERVE  checkoutservice->shippingservice  rpr=0.0000  low=490 high=0  attempts=3  state=ON  metric=rpr
2026-10-07T12:44:04Z  OBSERVE  recommendationservice->productcatalogservice  rpr=0.0000  low=491 high=0  attempts=3  state=ON  metric=rpr
2026-10-07T12:44:05Z  OBSERVE  frontend->adservice  rpr=0.0000  low=492 high=0  attempts=3  state=ON  metric=rpr
2026-10-07T12:44:05Z  OBSERVE  frontend->cartservice  rpr=0.0000  low=493 high=0  attempts=3  state=ON  metric=rpr
2026-10-07T12:44:05Z  OBSERVE  frontend->checkoutservice  rpr=0.0000  low=14 high=0  attempts=2  state=ON  metric=rpr
2026-10-07T12:44:05Z  OBSERVE  frontend->currencyservice  rpr=0.0000  low=493 high=0  attempts=3  state=ON  metric=rpr
2026-10-07T12:44:05Z  OBSERVE  frontend->productcatalogservice  rpr=0.0000  low=493 high=0  attempts=3  state=ON  metric=rpr
2026-10-07T12:44:05Z  OBSERVE  frontend->recommendationservice  rpr=1.0323  low=0 high=6  attempts=3  state=ON  metric=rpr
2026-10-07T12:44:05Z  OBSERVE  frontend->shippingservice  rpr=0.0000  low=492 high=0  attempts=3  state=ON  metric=rpr
2026-10-07T12:44:05Z  OBSERVE  checkoutservice->cartservice  rpr=0.0000  low=491 high=0  attempts=3  state=ON  metric=rpr
2026-10-07T12:44:05Z  OBSERVE  checkoutservice->currencyservice  rpr=0.0000  low=491 high=0  attempts=3  state=ON  metric=rpr
2026-10-07T12:44:05Z  OBSERVE  checkoutservice->emailservice  rpr=0.0000  low=489 high=0  attempts=3  state=ON  metric=rpr
2026-10-07T12:44:05Z  OBSERVE  checkoutservice->paymentservice  rpr=0.0000  low=491 high=0  attempts=3  state=ON  metric=rpr
2026-10-07T12:44:05Z  OBSERVE  checkoutservice->shippingservice  rpr=0.0000  low=491 high=0  attempts=3  state=ON  metric=rpr
2026-10-07T12:44:05Z  OBSERVE  recommendationservice->productcatalogservice  rpr=0.0000  low=492 high=0  attempts=3  state=ON  metric=rpr
2026-10-07T12:44:06Z  OBSERVE  frontend->adservice  rpr=0.0000  low=493 high=0  attempts=3  state=ON  metric=rpr
2026-10-07T12:44:06Z  OBSERVE  frontend->cartservice  rpr=0.0000  low=494 high=0  attempts=3  state=ON  metric=rpr
2026-10-07T12:44:06Z  OBSERVE  frontend->checkoutservice  rpr=0.0000  low=15 high=0  attempts=2  state=ON  metric=rpr
2026-10-07T12:44:06Z  OBSERVE  frontend->currencyservice  rpr=0.0000  low=494 high=0  attempts=3  state=ON  metric=rpr
2026-10-07T12:44:06Z  OBSERVE  frontend->productcatalogservice  rpr=0.0000  low=494 high=0  attempts=3  state=ON  metric=rpr
2026-10-07T12:44:06Z  OBSERVE  frontend->recommendationservice  rpr=0.8813  low=0 high=7  attempts=3  state=ON  metric=rpr
2026-10-07T12:44:06Z  OBSERVE  frontend->shippingservice  rpr=0.0000  low=493 high=0  attempts=3  state=ON  metric=rpr
2026-10-07T12:44:06Z  OBSERVE  checkoutservice->cartservice  rpr=0.0000  low=492 high=0  attempts=3  state=ON  metric=rpr
2026-10-07T12:44:06Z  OBSERVE  checkoutservice->currencyservice  rpr=0.0000  low=492 high=0  attempts=3  state=ON  metric=rpr
2026-10-07T12:44:06Z  OBSERVE  checkoutservice->emailservice  rpr=0.0000  low=490 high=0  attempts=3  state=ON  metric=rpr
2026-10-07T12:44:06Z  OBSERVE  checkoutservice->paymentservice  rpr=0.0000  low=492 high=0  attempts=3  state=ON  metric=rpr
2026-10-07T12:44:06Z  OBSERVE  checkoutservice->shippingservice  rpr=0.0000  low=492 high=0  attempts=3  state=ON  metric=rpr
2026-10-07T12:44:06Z  OBSERVE  recommendationservice->productcatalogservice  rpr=0.0000  low=493 high=0  attempts=3  state=ON  metric=rpr
2026-10-07T12:44:07Z  OBSERVE  frontend->adservice  rpr=0.0000  low=494 high=0  attempts=3  state=ON  metric=rpr
2026-10-07T12:44:07Z  OBSERVE  frontend->cartservice  rpr=0.0000  low=495 high=0  attempts=3  state=ON  metric=rpr
2026-10-07T12:44:07Z  OBSERVE  frontend->checkoutservice  rpr=0.0000  low=16 high=0  attempts=2  state=ON  metric=rpr
2026-10-07T12:44:07Z  OBSERVE  frontend->currencyservice  rpr=0.0000  low=495 high=0  attempts=3  state=ON  metric=rpr
2026-10-07T12:44:07Z  OBSERVE  frontend->productcatalogservice  rpr=0.0000  low=495 high=0  attempts=3  state=ON  metric=rpr
2026-10-07T12:44:07Z  OBSERVE  frontend->recommendationservice  rpr=0.9226  low=0 high=8  attempts=3  state=ON  metric=rpr
2026-10-07T12:44:07Z  OBSERVE  frontend->shippingservice  rpr=0.0000  low=494 high=0  attempts=3  state=ON  metric=rpr
2026-10-07T12:44:07Z  OBSERVE  checkoutservice->cartservice  rpr=0.0000  low=493 high=0  attempts=3  state=ON  metric=rpr
2026-10-07T12:44:07Z  OBSERVE  checkoutservice->currencyservice  rpr=0.0000  low=493 high=0  attempts=3  state=ON  metric=rpr
2026-10-07T12:44:07Z  OBSERVE  checkoutservice->emailservice  rpr=0.0000  low=491 high=0  attempts=3  state=ON  metric=rpr
2026-10-07T12:44:07Z  OBSERVE  checkoutservice->paymentservice  rpr=0.0000  low=493 high=0  attempts=3  state=ON  metric=rpr
2026-10-07T12:44:07Z  OBSERVE  checkoutservice->shippingservice  rpr=0.0000  low=493 high=0  attempts=3  state=ON  metric=rpr
2026-10-07T12:44:07Z  OBSERVE  recommendationservice->productcatalogservice  rpr=0.0000  low=494 high=0  attempts=3  state=ON  metric=rpr
2026-10-07T12:44:08Z  OBSERVE  frontend->adservice  rpr=0.0000  low=495 high=0  attempts=3  state=ON  metric=rpr
2026-10-07T12:44:08Z  OBSERVE  frontend->cartservice  rpr=0.0000  low=496 high=0  attempts=3  state=ON  metric=rpr
2026-10-07T12:44:08Z  OBSERVE  frontend->checkoutservice  rpr=0.0000  low=17 high=0  attempts=2  state=ON  metric=rpr
2026-10-07T12:44:08Z  OBSERVE  frontend->currencyservice  rpr=0.0000  low=496 high=0  attempts=3  state=ON  metric=rpr
2026-10-07T12:44:08Z  OBSERVE  frontend->productcatalogservice  rpr=0.0000  low=496 high=0  attempts=3  state=ON  metric=rpr
2026-10-07T12:44:08Z  OBSERVE  frontend->recommendationservice  rpr=1.0750  low=0 high=9  attempts=3  state=ON  metric=rpr
2026-10-07T12:44:08Z  OBSERVE  frontend->shippingservice  rpr=0.0000  low=495 high=0  attempts=3  state=ON  metric=rpr
2026-10-07T12:44:08Z  OBSERVE  checkoutservice->cartservice  rpr=0.0000  low=494 high=0  attempts=3  state=ON  metric=rpr
2026-10-07T12:44:08Z  OBSERVE  checkoutservice->currencyservice  rpr=0.0000  low=494 high=0  attempts=3  state=ON  metric=rpr
2026-10-07T12:44:08Z  OBSERVE  checkoutservice->emailservice  rpr=0.0000  low=492 high=0  attempts=3  state=ON  metric=rpr
2026-10-07T12:44:08Z  OBSERVE  checkoutservice->paymentservice  rpr=0.0000  low=494 high=0  attempts=3  state=ON  metric=rpr
2026-10-07T12:44:08Z  OBSERVE  checkoutservice->shippingservice  rpr=0.0000  low=494 high=0  attempts=3  state=ON  metric=rpr
2026-10-07T12:44:08Z  OBSERVE  recommendationservice->productcatalogservice  rpr=0.0000  low=495 high=0  attempts=3  state=ON  metric=rpr
2026-10-07T12:44:09Z  OBSERVE  frontend->adservice  rpr=0.0000  low=496 high=0  attempts=3  state=ON  metric=rpr
2026-10-07T12:44:09Z  OBSERVE  frontend->cartservice  rpr=0.0000  low=497 high=0  attempts=3  state=ON  metric=rpr
2026-10-07T12:44:09Z  OBSERVE  frontend->checkoutservice  rpr=0.0000  low=18 high=0  attempts=2  state=ON  metric=rpr
2026-10-07T12:44:09Z  OBSERVE  frontend->currencyservice  rpr=0.0000  low=497 high=0  attempts=3  state=ON  metric=rpr
2026-10-07T12:44:09Z  OBSERVE  frontend->productcatalogservice  rpr=0.0000  low=497 high=0  attempts=3  state=ON  metric=rpr
2026-10-07T12:44:09Z  OBSERVE  frontend->recommendationservice  rpr=1.2665  low=0 high=10  attempts=3  state=ON  metric=rpr
2026-10-07T12:44:09Z  OBSERVE  frontend->shippingservice  rpr=0.0000  low=496 high=0  attempts=3  state=ON  metric=rpr
2026-10-07T12:44:09Z  OBSERVE  checkoutservice->cartservice  rpr=0.0000  low=495 high=0  attempts=3  state=ON  metric=rpr
2026-10-07T12:44:09Z  OBSERVE  checkoutservice->currencyservice  rpr=0.0000  low=495 high=0  attempts=3  state=ON  metric=rpr
2026-10-07T12:44:09Z  OBSERVE  checkoutservice->emailservice  rpr=0.0000  low=493 high=0  attempts=3  state=ON  metric=rpr
2026-10-07T12:44:09Z  OBSERVE  checkoutservice->paymentservice  rpr=0.0000  low=495 high=0  attempts=3  state=ON  metric=rpr
2026-10-07T12:44:09Z  OBSERVE  checkoutservice->shippingservice  rpr=0.0000  low=495 high=0  attempts=3  state=ON  metric=rpr
2026-10-07T12:44:09Z  OBSERVE  recommendationservice->productcatalogservice  rpr=0.0000  low=496 high=0  attempts=3  state=ON  metric=rpr
2026-10-07T12:44:10Z  OBSERVE  frontend->adservice  rpr=0.0000  low=497 high=0  attempts=3  state=ON  metric=rpr
2026-10-07T12:44:10Z  OBSERVE  frontend->cartservice  rpr=0.0000  low=498 high=0  attempts=3  state=ON  metric=rpr
2026-10-07T12:44:10Z  OBSERVE  frontend->checkoutservice  rpr=0.0000  low=19 high=0  attempts=2  state=ON  metric=rpr
2026-10-07T12:44:10Z  OBSERVE  frontend->currencyservice  rpr=0.0000  low=498 high=0  attempts=3  state=ON  metric=rpr
2026-10-07T12:44:10Z  OBSERVE  frontend->productcatalogservice  rpr=0.0000  low=498 high=0  attempts=3  state=ON  metric=rpr
2026-10-07T12:44:10Z  OBSERVE  frontend->recommendationservice  rpr=1.0078  low=0 high=11  attempts=3  state=ON  metric=rpr
2026-10-07T12:44:10Z  OBSERVE  frontend->shippingservice  rpr=0.0000  low=497 high=0  attempts=3  state=ON  metric=rpr
2026-10-07T12:44:10Z  OBSERVE  checkoutservice->cartservice  rpr=0.0000  low=496 high=0  attempts=3  state=ON  metric=rpr
2026-10-07T12:44:10Z  OBSERVE  checkoutservice->currencyservice  rpr=0.0000  low=496 high=0  attempts=3  state=ON  metric=rpr
2026-10-07T12:44:10Z  OBSERVE  checkoutservice->emailservice  rpr=0.0000  low=494 high=0  attempts=3  state=ON  metric=rpr
2026-10-07T12:44:10Z  OBSERVE  checkoutservice->paymentservice  rpr=0.0000  low=496 high=0  attempts=3  state=ON  metric=rpr
2026-10-07T12:44:10Z  OBSERVE  checkoutservice->shippingservice  rpr=0.0000  low=496 high=0  attempts=3  state=ON  metric=rpr
2026-10-07T12:44:10Z  OBSERVE  recommendationservice->productcatalogservice  rpr=0.0000  low=497 high=0  attempts=3  state=ON  metric=rpr
2026-10-07T12:44:11Z  OBSERVE  frontend->adservice  rpr=0.0000  low=498 high=0  attempts=3  state=ON  metric=rpr
2026-10-07T12:44:11Z  OBSERVE  frontend->cartservice  rpr=0.0000  low=499 high=0  attempts=3  state=ON  metric=rpr
2026-10-07T12:44:11Z  OBSERVE  frontend->checkoutservice  rpr=0.0000  low=20 high=0  attempts=2  state=ON  metric=rpr
2026-10-07T12:44:11Z  OBSERVE  frontend->currencyservice  rpr=0.0000  low=499 high=0  attempts=3  state=ON  metric=rpr
2026-10-07T12:44:11Z  OBSERVE  frontend->productcatalogservice  rpr=0.0000  low=499 high=0  attempts=3  state=ON  metric=rpr
2026-10-07T12:44:11Z  OBSERVE  frontend->recommendationservice  rpr=0.8878  low=0 high=12  attempts=3  state=ON  metric=rpr
2026-10-07T12:44:11Z  OBSERVE  frontend->shippingservice  rpr=0.0000  low=498 high=0  attempts=3  state=ON  metric=rpr
2026-10-07T12:44:11Z  OBSERVE  checkoutservice->cartservice  rpr=0.0000  low=497 high=0  attempts=3  state=ON  metric=rpr
2026-10-07T12:44:11Z  OBSERVE  checkoutservice->currencyservice  rpr=0.0000  low=497 high=0  attempts=3  state=ON  metric=rpr
2026-10-07T12:44:11Z  OBSERVE  checkoutservice->emailservice  rpr=0.0000  low=495 high=0  attempts=3  state=ON  metric=rpr
2026-10-07T12:44:11Z  OBSERVE  checkoutservice->paymentservice  rpr=0.0000  low=497 high=0  attempts=3  state=ON  metric=rpr
2026-10-07T12:44:11Z  OBSERVE  checkoutservice->shippingservice  rpr=0.0000  low=497 high=0  attempts=3  state=ON  metric=rpr
2026-10-07T12:44:11Z  OBSERVE  recommendationservice->productcatalogservice  rpr=0.0000  low=498 high=0  attempts=3  state=ON  metric=rpr
2026-10-07T12:44:12Z  OBSERVE  frontend->adservice  rpr=0.0000  low=499 high=0  attempts=3  state=ON  metric=rpr
2026-10-07T12:44:12Z  OBSERVE  frontend->cartservice  rpr=0.0000  low=500 high=0  attempts=3  state=ON  metric=rpr
2026-10-07T12:44:12Z  OBSERVE  frontend->checkoutservice  rpr=0.0000  low=21 high=0  attempts=2  state=ON  metric=rpr
2026-10-07T12:44:12Z  OBSERVE  frontend->currencyservice  rpr=0.0000  low=500 high=0  attempts=3  state=ON  metric=rpr
2026-10-07T12:44:12Z  OBSERVE  frontend->productcatalogservice  rpr=0.0000  low=500 high=0  attempts=3  state=ON  metric=rpr
2026-10-07T12:44:12Z  OBSERVE  frontend->recommendationservice  rpr=1.1639  low=0 high=13  attempts=3  state=ON  metric=rpr
2026-10-07T12:44:12Z  OBSERVE  frontend->shippingservice  rpr=0.0000  low=499 high=0  attempts=3  state=ON  metric=rpr
2026-10-07T12:44:12Z  OBSERVE  checkoutservice->cartservice  rpr=0.0000  low=498 high=0  attempts=3  state=ON  metric=rpr
2026-10-07T12:44:12Z  OBSERVE  checkoutservice->currencyservice  rpr=0.0000  low=498 high=0  attempts=3  state=ON  metric=rpr
2026-10-07T12:44:12Z  OBSERVE  checkoutservice->emailservice  rpr=0.0000  low=496 high=0  attempts=3  state=ON  metric=rpr
2026-10-07T12:44:12Z  OBSERVE  checkoutservice->paymentservice  rpr=0.0000  low=498 high=0  attempts=3  state=ON  metric=rpr
2026-10-07T12:44:12Z  OBSERVE  checkoutservice->shippingservice  rpr=0.0000  low=498 high=0  attempts=3  state=ON  metric=rpr
2026-10-07T12:44:12Z  OBSERVE  recommendationservice->productcatalogservice  rpr=0.0000  low=499 high=0  attempts=3  state=ON  metric=rpr
2026-10-07T12:44:13Z  OBSERVE  frontend->adservice  rpr=0.0000  low=500 high=0  attempts=3  state=ON  metric=rpr
2026-10-07T12:44:13Z  OBSERVE  frontend->cartservice  rpr=0.0000  low=501 high=0  attempts=3  state=ON  metric=rpr
2026-10-07T12:44:13Z  OBSERVE  frontend->checkoutservice  rpr=0.0000  low=22 high=0  attempts=2  state=ON  metric=rpr
2026-10-07T12:44:13Z  OBSERVE  frontend->currencyservice  rpr=0.0000  low=501 high=0  attempts=3  state=ON  metric=rpr
2026-10-07T12:44:13Z  OBSERVE  frontend->productcatalogservice  rpr=0.0000  low=501 high=0  attempts=3  state=ON  metric=rpr
2026-10-07T12:44:13Z  OBSERVE  frontend->recommendationservice  rpr=0.8743  low=0 high=14  attempts=3  state=ON  metric=rpr
2026-10-07T12:44:13Z  OBSERVE  frontend->shippingservice  rpr=0.0000  low=500 high=0  attempts=3  state=ON  metric=rpr
2026-10-07T12:44:13Z  OBSERVE  checkoutservice->cartservice  rpr=0.0000  low=499 high=0  attempts=3  state=ON  metric=rpr
2026-10-07T12:44:13Z  OBSERVE  checkoutservice->currencyservice  rpr=0.0000  low=499 high=0  attempts=3  state=ON  metric=rpr
2026-10-07T12:44:13Z  OBSERVE  checkoutservice->emailservice  rpr=0.0000  low=497 high=0  attempts=3  state=ON  metric=rpr
2026-10-07T12:44:13Z  OBSERVE  checkoutservice->paymentservice  rpr=0.0000  low=499 high=0  attempts=3  state=ON  metric=rpr
2026-10-07T12:44:13Z  OBSERVE  checkoutservice->shippingservice  rpr=0.0000  low=499 high=0  attempts=3  state=ON  metric=rpr
2026-10-07T12:44:13Z  OBSERVE  recommendationservice->productcatalogservice  rpr=0.0000  low=500 high=0  attempts=3  state=ON  metric=rpr
2026-10-07T12:44:14Z  OBSERVE  frontend->adservice  rpr=0.0000  low=501 high=0  attempts=3  state=ON  metric=rpr
2026-10-07T12:44:14Z  OBSERVE  frontend->cartservice  rpr=0.0000  low=502 high=0  attempts=3  state=ON  metric=rpr
2026-10-07T12:44:14Z  OBSERVE  frontend->checkoutservice  rpr=0.0000  low=23 high=0  attempts=2  state=ON  metric=rpr
2026-10-07T12:44:14Z  OBSERVE  frontend->currencyservice  rpr=0.0000  low=502 high=0  attempts=3  state=ON  metric=rpr
2026-10-07T12:44:14Z  OBSERVE  frontend->productcatalogservice  rpr=0.0000  low=502 high=0  attempts=3  state=ON  metric=rpr
2026-10-07T12:44:14Z  OBSERVE  frontend->recommendationservice  rpr=0.7839  low=0 high=15  attempts=3  state=ON  metric=rpr
2026-10-07T12:44:14Z  OBSERVE  frontend->shippingservice  rpr=0.0000  low=501 high=0  attempts=3  state=ON  metric=rpr
2026-10-07T12:44:14Z  OBSERVE  checkoutservice->cartservice  rpr=0.0000  low=500 high=0  attempts=3  state=ON  metric=rpr
2026-10-07T12:44:14Z  OBSERVE  checkoutservice->currencyservice  rpr=0.0000  low=500 high=0  attempts=3  state=ON  metric=rpr
2026-10-07T12:44:14Z  OBSERVE  checkoutservice->emailservice  rpr=0.0000  low=498 high=0  attempts=3  state=ON  metric=rpr
2026-10-07T12:44:14Z  OBSERVE  checkoutservice->paymentservice  rpr=0.0000  low=500 high=0  attempts=3  state=ON  metric=rpr
2026-10-07T12:44:14Z  OBSERVE  checkoutservice->shippingservice  rpr=0.0000  low=500 high=0  attempts=3  state=ON  metric=rpr
2026-10-07T12:44:14Z  OBSERVE  recommendationservice->productcatalogservice  rpr=0.0000  low=501 high=0  attempts=3  state=ON  metric=rpr
2026-10-07T12:44:15Z  OBSERVE  frontend->adservice  rpr=0.0000  low=502 high=0  attempts=3  state=ON  metric=rpr
2026-10-07T12:44:15Z  OBSERVE  frontend->cartservice  rpr=0.0000  low=503 high=0  attempts=3  state=ON  metric=rpr
2026-10-07T12:44:15Z  OBSERVE  frontend->checkoutservice  rpr=0.0000  low=24 high=0  attempts=2  state=ON  metric=rpr
2026-10-07T12:44:15Z  OBSERVE  frontend->currencyservice  rpr=0.0000  low=503 high=0  attempts=3  state=ON  metric=rpr
2026-10-07T12:44:15Z  OBSERVE  frontend->productcatalogservice  rpr=0.0000  low=503 high=0  attempts=3  state=ON  metric=rpr
2026-10-07T12:44:15Z  OBSERVE  frontend->recommendationservice  rpr=0.3514  low=1 high=0  attempts=3  state=ON  metric=rpr
2026-10-07T12:44:15Z  OBSERVE  frontend->shippingservice  rpr=0.0000  low=502 high=0  attempts=3  state=ON  metric=rpr
2026-10-07T12:44:15Z  OBSERVE  checkoutservice->cartservice  rpr=0.0000  low=501 high=0  attempts=3  state=ON  metric=rpr
2026-10-07T12:44:15Z  OBSERVE  checkoutservice->currencyservice  rpr=0.0000  low=501 high=0  attempts=3  state=ON  metric=rpr
2026-10-07T12:44:15Z  OBSERVE  checkoutservice->emailservice  rpr=0.0000  low=499 high=0  attempts=3  state=ON  metric=rpr
2026-10-07T12:44:15Z  OBSERVE  checkoutservice->paymentservice  rpr=0.0000  low=501 high=0  attempts=3  state=ON  metric=rpr
2026-10-07T12:44:15Z  OBSERVE  checkoutservice->shippingservice  rpr=0.0000  low=501 high=0  attempts=3  state=ON  metric=rpr
2026-10-07T12:44:15Z  OBSERVE  recommendationservice->productcatalogservice  rpr=0.0000  low=502 high=0  attempts=3  state=ON  metric=rpr
2026-10-07T12:44:16Z  OBSERVE  frontend->adservice  rpr=0.0000  low=503 high=0  attempts=3  state=ON  metric=rpr
2026-10-07T12:44:16Z  OBSERVE  frontend->cartservice  rpr=0.0000  low=504 high=0  attempts=3  state=ON  metric=rpr
2026-10-07T12:44:16Z  OBSERVE  frontend->checkoutservice  rpr=0.0000  low=25 high=0  attempts=2  state=ON  metric=rpr
2026-10-07T12:44:16Z  OBSERVE  frontend->currencyservice  rpr=0.0000  low=504 high=0  attempts=3  state=ON  metric=rpr
2026-10-07T12:44:16Z  OBSERVE  frontend->productcatalogservice  rpr=0.0000  low=504 high=0  attempts=3  state=ON  metric=rpr
2026-10-07T12:44:16Z  OBSERVE  frontend->recommendationservice  rpr=1.0243  low=0 high=1  attempts=3  state=ON  metric=rpr
2026-10-07T12:44:16Z  OBSERVE  frontend->shippingservice  rpr=0.0000  low=503 high=0  attempts=3  state=ON  metric=rpr
2026-10-07T12:44:16Z  OBSERVE  checkoutservice->cartservice  rpr=0.0000  low=502 high=0  attempts=3  state=ON  metric=rpr
2026-10-07T12:44:16Z  OBSERVE  checkoutservice->currencyservice  rpr=0.0000  low=502 high=0  attempts=3  state=ON  metric=rpr
2026-10-07T12:44:16Z  OBSERVE  checkoutservice->emailservice  rpr=0.0000  low=500 high=0  attempts=3  state=ON  metric=rpr
2026-10-07T12:44:16Z  OBSERVE  checkoutservice->paymentservice  rpr=0.0000  low=502 high=0  attempts=3  state=ON  metric=rpr
2026-10-07T12:44:16Z  OBSERVE  checkoutservice->shippingservice  rpr=0.0000  low=502 high=0  attempts=3  state=ON  metric=rpr
2026-10-07T12:44:16Z  OBSERVE  recommendationservice->productcatalogservice  rpr=0.0000  low=503 high=0  attempts=3  state=ON  metric=rpr
2026-10-07T12:44:17Z  OBSERVE  frontend->adservice  rpr=0.0000  low=504 high=0  attempts=3  state=ON  metric=rpr
2026-10-07T12:44:17Z  OBSERVE  frontend->cartservice  rpr=0.0000  low=505 high=0  attempts=3  state=ON  metric=rpr
2026-10-07T12:44:17Z  OBSERVE  frontend->checkoutservice  rpr=0.0000  low=26 high=0  attempts=2  state=ON  metric=rpr
2026-10-07T12:44:17Z  OBSERVE  frontend->currencyservice  rpr=0.0000  low=505 high=0  attempts=3  state=ON  metric=rpr
2026-10-07T12:44:17Z  OBSERVE  frontend->productcatalogservice  rpr=0.0000  low=505 high=0  attempts=3  state=ON  metric=rpr
2026-10-07T12:44:17Z  OBSERVE  frontend->recommendationservice  rpr=1.5393  low=0 high=2  attempts=3  state=ON  metric=rpr
2026-10-07T12:44:17Z  OBSERVE  frontend->shippingservice  rpr=0.0000  low=504 high=0  attempts=3  state=ON  metric=rpr
2026-10-07T12:44:17Z  OBSERVE  checkoutservice->cartservice  rpr=0.0000  low=503 high=0  attempts=3  state=ON  metric=rpr
2026-10-07T12:44:17Z  OBSERVE  checkoutservice->currencyservice  rpr=0.0000  low=503 high=0  attempts=3  state=ON  metric=rpr
2026-10-07T12:44:17Z  OBSERVE  checkoutservice->emailservice  rpr=0.0000  low=501 high=0  attempts=3  state=ON  metric=rpr
2026-10-07T12:44:17Z  OBSERVE  checkoutservice->paymentservice  rpr=0.0000  low=503 high=0  attempts=3  state=ON  metric=rpr
2026-10-07T12:44:17Z  OBSERVE  checkoutservice->shippingservice  rpr=0.0000  low=503 high=0  attempts=3  state=ON  metric=rpr
2026-10-07T12:44:17Z  OBSERVE  recommendationservice->productcatalogservice  rpr=0.0000  low=504 high=0  attempts=3  state=ON  metric=rpr
2026-10-07T12:44:18Z  OBSERVE  frontend->adservice  rpr=0.0000  low=505 high=0  attempts=3  state=ON  metric=rpr
2026-10-07T12:44:18Z  OBSERVE  frontend->cartservice  rpr=0.0000  low=506 high=0  attempts=3  state=ON  metric=rpr
2026-10-07T12:44:18Z  OBSERVE  frontend->checkoutservice  rpr=0.0000  low=27 high=0  attempts=2  state=ON  metric=rpr
2026-10-07T12:44:18Z  OBSERVE  frontend->currencyservice  rpr=0.0000  low=506 high=0  attempts=3  state=ON  metric=rpr
2026-10-07T12:44:18Z  OBSERVE  frontend->productcatalogservice  rpr=0.0000  low=506 high=0  attempts=3  state=ON  metric=rpr
2026-10-07T12:44:18Z  OBSERVE  frontend->recommendationservice  rpr=0.7488  low=0 high=3  attempts=3  state=ON  metric=rpr
2026-10-07T12:44:18Z  OBSERVE  frontend->shippingservice  rpr=0.0000  low=505 high=0  attempts=3  state=ON  metric=rpr
2026-10-07T12:44:18Z  OBSERVE  checkoutservice->cartservice  rpr=0.0000  low=504 high=0  attempts=3  state=ON  metric=rpr
2026-10-07T12:44:18Z  OBSERVE  checkoutservice->currencyservice  rpr=0.0000  low=504 high=0  attempts=3  state=ON  metric=rpr
2026-10-07T12:44:18Z  OBSERVE  checkoutservice->emailservice  rpr=0.0000  low=502 high=0  attempts=3  state=ON  metric=rpr
2026-10-07T12:44:18Z  OBSERVE  checkoutservice->paymentservice  rpr=0.0000  low=504 high=0  attempts=3  state=ON  metric=rpr
2026-10-07T12:44:18Z  OBSERVE  checkoutservice->shippingservice  rpr=0.0000  low=504 high=0  attempts=3  state=ON  metric=rpr
2026-10-07T12:44:18Z  OBSERVE  recommendationservice->productcatalogservice  rpr=0.0000  low=505 high=0  attempts=3  state=ON  metric=rpr
2026-10-07T12:44:19Z  OBSERVE  frontend->adservice  rpr=0.0000  low=506 high=0  attempts=3  state=ON  metric=rpr
2026-10-07T12:44:19Z  OBSERVE  frontend->cartservice  rpr=0.0000  low=507 high=0  attempts=3  state=ON  metric=rpr
2026-10-07T12:44:19Z  OBSERVE  frontend->checkoutservice  rpr=0.0000  low=28 high=0  attempts=2  state=ON  metric=rpr
2026-10-07T12:44:19Z  OBSERVE  frontend->currencyservice  rpr=0.0000  low=507 high=0  attempts=3  state=ON  metric=rpr
2026-10-07T12:44:19Z  OBSERVE  frontend->productcatalogservice  rpr=0.0000  low=507 high=0  attempts=3  state=ON  metric=rpr
2026-10-07T12:44:19Z  OBSERVE  frontend->recommendationservice  rpr=0.5262  low=0 high=4  attempts=3  state=ON  metric=rpr
2026-10-07T12:44:19Z  OBSERVE  frontend->shippingservice  rpr=0.0000  low=506 high=0  attempts=3  state=ON  metric=rpr
2026-10-07T12:44:19Z  OBSERVE  checkoutservice->cartservice  rpr=0.0000  low=505 high=0  attempts=3  state=ON  metric=rpr
2026-10-07T12:44:19Z  OBSERVE  checkoutservice->currencyservice  rpr=0.0000  low=505 high=0  attempts=3  state=ON  metric=rpr
2026-10-07T12:44:19Z  OBSERVE  checkoutservice->emailservice  rpr=0.0000  low=503 high=0  attempts=3  state=ON  metric=rpr
2026-10-07T12:44:19Z  OBSERVE  checkoutservice->paymentservice  rpr=0.0000  low=505 high=0  attempts=3  state=ON  metric=rpr
2026-10-07T12:44:19Z  OBSERVE  checkoutservice->shippingservice  rpr=0.0000  low=505 high=0  attempts=3  state=ON  metric=rpr
2026-10-07T12:44:19Z  OBSERVE  recommendationservice->productcatalogservice  rpr=0.0000  low=506 high=0  attempts=3  state=ON  metric=rpr
2026-10-07T12:44:20Z  OBSERVE  frontend->adservice  rpr=0.0000  low=507 high=0  attempts=3  state=ON  metric=rpr
2026-10-07T12:44:20Z  OBSERVE  frontend->cartservice  rpr=0.0000  low=508 high=0  attempts=3  state=ON  metric=rpr
2026-10-07T12:44:20Z  OBSERVE  frontend->checkoutservice  rpr=0.0000  low=29 high=0  attempts=2  state=ON  metric=rpr
2026-10-07T12:44:20Z  OBSERVE  frontend->currencyservice  rpr=0.0000  low=508 high=0  attempts=3  state=ON  metric=rpr
2026-10-07T12:44:20Z  OBSERVE  frontend->productcatalogservice  rpr=0.0000  low=508 high=0  attempts=3  state=ON  metric=rpr
2026-10-07T12:44:20Z  OBSERVE  frontend->recommendationservice  rpr=0.8602  low=0 high=5  attempts=3  state=ON  metric=rpr
2026-10-07T12:44:20Z  OBSERVE  frontend->shippingservice  rpr=0.0000  low=507 high=0  attempts=3  state=ON  metric=rpr
2026-10-07T12:44:20Z  OBSERVE  checkoutservice->cartservice  rpr=0.0000  low=506 high=0  attempts=3  state=ON  metric=rpr
2026-10-07T12:44:20Z  OBSERVE  checkoutservice->currencyservice  rpr=0.0000  low=506 high=0  attempts=3  state=ON  metric=rpr
2026-10-07T12:44:20Z  OBSERVE  checkoutservice->emailservice  rpr=0.0000  low=504 high=0  attempts=3  state=ON  metric=rpr
2026-10-07T12:44:20Z  OBSERVE  checkoutservice->paymentservice  rpr=0.0000  low=506 high=0  attempts=3  state=ON  metric=rpr
2026-10-07T12:44:20Z  OBSERVE  checkoutservice->shippingservice  rpr=0.0000  low=506 high=0  attempts=3  state=ON  metric=rpr
2026-10-07T12:44:20Z  OBSERVE  recommendationservice->productcatalogservice  rpr=0.0000  low=507 high=0  attempts=3  state=ON  metric=rpr
2026-10-07T12:44:21Z  OBSERVE  frontend->adservice  rpr=0.0000  low=508 high=0  attempts=3  state=ON  metric=rpr
2026-10-07T12:44:21Z  OBSERVE  frontend->cartservice  rpr=0.0000  low=509 high=0  attempts=3  state=ON  metric=rpr
2026-10-07T12:44:21Z  OBSERVE  frontend->checkoutservice  rpr=0.0000  low=30 high=0  attempts=2  state=ON  metric=rpr
2026-10-07T12:44:21Z  OBSERVE  frontend->currencyservice  rpr=0.0000  low=509 high=0  attempts=3  state=ON  metric=rpr
2026-10-07T12:44:21Z  OBSERVE  frontend->productcatalogservice  rpr=0.0000  low=509 high=0  attempts=3  state=ON  metric=rpr
2026-10-07T12:44:21Z  OBSERVE  frontend->recommendationservice  rpr=0.7775  low=0 high=6  attempts=3  state=ON  metric=rpr
2026-10-07T12:44:21Z  OBSERVE  frontend->shippingservice  rpr=0.0000  low=508 high=0  attempts=3  state=ON  metric=rpr
2026-10-07T12:44:21Z  OBSERVE  checkoutservice->cartservice  rpr=0.0000  low=507 high=0  attempts=3  state=ON  metric=rpr
2026-10-07T12:44:21Z  OBSERVE  checkoutservice->currencyservice  rpr=0.0000  low=507 high=0  attempts=3  state=ON  metric=rpr
2026-10-07T12:44:21Z  OBSERVE  checkoutservice->emailservice  rpr=0.0000  low=505 high=0  attempts=3  state=ON  metric=rpr
2026-10-07T12:44:21Z  OBSERVE  checkoutservice->paymentservice  rpr=0.0000  low=507 high=0  attempts=3  state=ON  metric=rpr
2026-10-07T12:44:21Z  OBSERVE  checkoutservice->shippingservice  rpr=0.0000  low=507 high=0  attempts=3  state=ON  metric=rpr
2026-10-07T12:44:21Z  OBSERVE  recommendationservice->productcatalogservice  rpr=0.0000  low=508 high=0  attempts=3  state=ON  metric=rpr
2026-10-07T12:44:21Z  frontend->checkoutservice  2→3   rpr=0.00  consecutive_low=30  attempts=3  from_attempts=2  metric=rpr
2026-10-07T12:44:22Z  OBSERVE  frontend->adservice  rpr=0.0000  low=509 high=0  attempts=3  state=ON  metric=rpr
2026-10-07T12:44:22Z  OBSERVE  frontend->cartservice  rpr=0.0000  low=510 high=0  attempts=3  state=ON  metric=rpr
2026-10-07T12:44:22Z  OBSERVE  frontend->checkoutservice  rpr=0.0000  low=1 high=0  attempts=3  state=ON  metric=rpr
2026-10-07T12:44:22Z  OBSERVE  frontend->currencyservice  rpr=0.0000  low=510 high=0  attempts=3  state=ON  metric=rpr
2026-10-07T12:44:22Z  OBSERVE  frontend->productcatalogservice  rpr=0.0000  low=510 high=0  attempts=3  state=ON  metric=rpr
2026-10-07T12:44:22Z  OBSERVE  frontend->recommendationservice  rpr=1.0257  low=0 high=7  attempts=3  state=ON  metric=rpr
2026-10-07T12:44:22Z  OBSERVE  frontend->shippingservice  rpr=0.0000  low=509 high=0  attempts=3  state=ON  metric=rpr
2026-10-07T12:44:22Z  OBSERVE  checkoutservice->cartservice  rpr=0.0000  low=508 high=0  attempts=3  state=ON  metric=rpr
2026-10-07T12:44:22Z  OBSERVE  checkoutservice->currencyservice  rpr=0.0000  low=508 high=0  attempts=3  state=ON  metric=rpr
2026-10-07T12:44:22Z  OBSERVE  checkoutservice->emailservice  rpr=0.0000  low=506 high=0  attempts=3  state=ON  metric=rpr
2026-10-07T12:44:22Z  OBSERVE  checkoutservice->paymentservice  rpr=0.0000  low=508 high=0  attempts=3  state=ON  metric=rpr
2026-10-07T12:44:22Z  OBSERVE  checkoutservice->shippingservice  rpr=0.0000  low=508 high=0  attempts=3  state=ON  metric=rpr
2026-10-07T12:44:22Z  OBSERVE  recommendationservice->productcatalogservice  rpr=0.0000  low=509 high=0  attempts=3  state=ON  metric=rpr
2026-10-07T12:44:23Z  OBSERVE  frontend->adservice  rpr=0.0000  low=510 high=0  attempts=3  state=ON  metric=rpr
2026-10-07T12:44:23Z  OBSERVE  frontend->cartservice  rpr=0.0000  low=511 high=0  attempts=3  state=ON  metric=rpr
2026-10-07T12:44:23Z  OBSERVE  frontend->checkoutservice  rpr=0.0000  low=2 high=0  attempts=3  state=ON  metric=rpr
2026-10-07T12:44:23Z  OBSERVE  frontend->currencyservice  rpr=0.0000  low=511 high=0  attempts=3  state=ON  metric=rpr
2026-10-07T12:44:23Z  OBSERVE  frontend->productcatalogservice  rpr=0.0000  low=511 high=0  attempts=3  state=ON  metric=rpr
2026-10-07T12:44:23Z  OBSERVE  frontend->recommendationservice  rpr=0.9177  low=0 high=8  attempts=3  state=ON  metric=rpr
2026-10-07T12:44:23Z  OBSERVE  frontend->shippingservice  rpr=0.0000  low=510 high=0  attempts=3  state=ON  metric=rpr
2026-10-07T12:44:23Z  OBSERVE  checkoutservice->cartservice  rpr=0.0000  low=509 high=0  attempts=3  state=ON  metric=rpr
2026-10-07T12:44:23Z  OBSERVE  checkoutservice->currencyservice  rpr=0.0000  low=509 high=0  attempts=3  state=ON  metric=rpr
2026-10-07T12:44:23Z  OBSERVE  checkoutservice->emailservice  rpr=0.0000  low=507 high=0  attempts=3  state=ON  metric=rpr
2026-10-07T12:44:23Z  OBSERVE  checkoutservice->paymentservice  rpr=0.0000  low=509 high=0  attempts=3  state=ON  metric=rpr
2026-10-07T12:44:23Z  OBSERVE  checkoutservice->shippingservice  rpr=0.0000  low=509 high=0  attempts=3  state=ON  metric=rpr
2026-10-07T12:44:23Z  OBSERVE  recommendationservice->productcatalogservice  rpr=0.0000  low=510 high=0  attempts=3  state=ON  metric=rpr
2026-10-07T12:44:24Z  OBSERVE  frontend->adservice  rpr=0.0000  low=511 high=0  attempts=3  state=ON  metric=rpr
2026-10-07T12:44:24Z  OBSERVE  frontend->cartservice  rpr=0.0000  low=512 high=0  attempts=3  state=ON  metric=rpr
2026-10-07T12:44:24Z  OBSERVE  frontend->checkoutservice  rpr=0.0000  low=3 high=0  attempts=3  state=ON  metric=rpr
2026-10-07T12:44:24Z  OBSERVE  frontend->currencyservice  rpr=0.0000  low=512 high=0  attempts=3  state=ON  metric=rpr
2026-10-07T12:44:24Z  OBSERVE  frontend->productcatalogservice  rpr=0.0000  low=512 high=0  attempts=3  state=ON  metric=rpr
2026-10-07T12:44:24Z  OBSERVE  frontend->recommendationservice  rpr=1.7042  low=0 high=9  attempts=3  state=ON  metric=rpr
2026-10-07T12:44:24Z  OBSERVE  frontend->shippingservice  rpr=0.0000  low=511 high=0  attempts=3  state=ON  metric=rpr
2026-10-07T12:44:24Z  OBSERVE  checkoutservice->cartservice  rpr=0.0000  low=510 high=0  attempts=3  state=ON  metric=rpr
2026-10-07T12:44:24Z  OBSERVE  checkoutservice->currencyservice  rpr=0.0000  low=510 high=0  attempts=3  state=ON  metric=rpr
2026-10-07T12:44:24Z  OBSERVE  checkoutservice->emailservice  rpr=0.0000  low=508 high=0  attempts=3  state=ON  metric=rpr
2026-10-07T12:44:24Z  OBSERVE  checkoutservice->paymentservice  rpr=0.0000  low=510 high=0  attempts=3  state=ON  metric=rpr
2026-10-07T12:44:24Z  OBSERVE  checkoutservice->shippingservice  rpr=0.0000  low=510 high=0  attempts=3  state=ON  metric=rpr
2026-10-07T12:44:24Z  OBSERVE  recommendationservice->productcatalogservice  rpr=0.0000  low=511 high=0  attempts=3  state=ON  metric=rpr
2026-10-07T12:44:25Z  OBSERVE  frontend->adservice  rpr=0.0000  low=512 high=0  attempts=3  state=ON  metric=rpr
2026-10-07T12:44:25Z  OBSERVE  frontend->cartservice  rpr=0.0000  low=513 high=0  attempts=3  state=ON  metric=rpr
2026-10-07T12:44:25Z  OBSERVE  frontend->checkoutservice  rpr=0.0000  low=4 high=0  attempts=3  state=ON  metric=rpr
2026-10-07T12:44:25Z  OBSERVE  frontend->currencyservice  rpr=0.0000  low=513 high=0  attempts=3  state=ON  metric=rpr
2026-10-07T12:44:25Z  OBSERVE  frontend->productcatalogservice  rpr=0.0000  low=513 high=0  attempts=3  state=ON  metric=rpr
2026-10-07T12:44:25Z  OBSERVE  frontend->recommendationservice  rpr=0.8082  low=0 high=10  attempts=3  state=ON  metric=rpr
2026-10-07T12:44:25Z  OBSERVE  frontend->shippingservice  rpr=0.0000  low=512 high=0  attempts=3  state=ON  metric=rpr
2026-10-07T12:44:25Z  OBSERVE  checkoutservice->cartservice  rpr=0.0000  low=511 high=0  attempts=3  state=ON  metric=rpr
2026-10-07T12:44:25Z  OBSERVE  checkoutservice->currencyservice  rpr=0.0000  low=511 high=0  attempts=3  state=ON  metric=rpr
2026-10-07T12:44:25Z  OBSERVE  checkoutservice->emailservice  rpr=0.0000  low=509 high=0  attempts=3  state=ON  metric=rpr
2026-10-07T12:44:25Z  OBSERVE  checkoutservice->paymentservice  rpr=0.0000  low=511 high=0  attempts=3  state=ON  metric=rpr
2026-10-07T12:44:25Z  OBSERVE  checkoutservice->shippingservice  rpr=0.0000  low=511 high=0  attempts=3  state=ON  metric=rpr
2026-10-07T12:44:25Z  OBSERVE  recommendationservice->productcatalogservice  rpr=0.0000  low=512 high=0  attempts=3  state=ON  metric=rpr
2026-10-07T12:44:26Z  OBSERVE  frontend->adservice  rpr=0.0000  low=513 high=0  attempts=3  state=ON  metric=rpr
2026-10-07T12:44:26Z  OBSERVE  frontend->cartservice  rpr=0.0000  low=514 high=0  attempts=3  state=ON  metric=rpr
2026-10-07T12:44:26Z  OBSERVE  frontend->checkoutservice  rpr=0.0000  low=5 high=0  attempts=3  state=ON  metric=rpr
2026-10-07T12:44:26Z  OBSERVE  frontend->currencyservice  rpr=0.0000  low=514 high=0  attempts=3  state=ON  metric=rpr
2026-10-07T12:44:26Z  OBSERVE  frontend->productcatalogservice  rpr=0.0000  low=514 high=0  attempts=3  state=ON  metric=rpr
2026-10-07T12:44:26Z  OBSERVE  frontend->recommendationservice  rpr=0.9011  low=0 high=11  attempts=3  state=ON  metric=rpr
2026-10-07T12:44:26Z  OBSERVE  frontend->shippingservice  rpr=0.0000  low=513 high=0  attempts=3  state=ON  metric=rpr
2026-10-07T12:44:26Z  OBSERVE  checkoutservice->cartservice  rpr=0.0000  low=512 high=0  attempts=3  state=ON  metric=rpr
2026-10-07T12:44:26Z  OBSERVE  checkoutservice->currencyservice  rpr=0.0000  low=512 high=0  attempts=3  state=ON  metric=rpr
2026-10-07T12:44:26Z  OBSERVE  checkoutservice->emailservice  rpr=0.0000  low=510 high=0  attempts=3  state=ON  metric=rpr
2026-10-07T12:44:26Z  OBSERVE  checkoutservice->paymentservice  rpr=0.0000  low=512 high=0  attempts=3  state=ON  metric=rpr
2026-10-07T12:44:26Z  OBSERVE  checkoutservice->shippingservice  rpr=0.0000  low=512 high=0  attempts=3  state=ON  metric=rpr
2026-10-07T12:44:26Z  OBSERVE  recommendationservice->productcatalogservice  rpr=0.0000  low=513 high=0  attempts=3  state=ON  metric=rpr
2026-10-07T12:44:27Z  OBSERVE  frontend->adservice  rpr=0.0000  low=514 high=0  attempts=3  state=ON  metric=rpr
2026-10-07T12:44:27Z  OBSERVE  frontend->cartservice  rpr=0.0000  low=515 high=0  attempts=3  state=ON  metric=rpr
2026-10-07T12:44:27Z  OBSERVE  frontend->checkoutservice  rpr=0.0000  low=6 high=0  attempts=3  state=ON  metric=rpr
2026-10-07T12:44:27Z  OBSERVE  frontend->currencyservice  rpr=0.0000  low=515 high=0  attempts=3  state=ON  metric=rpr
2026-10-07T12:44:27Z  OBSERVE  frontend->productcatalogservice  rpr=0.0000  low=515 high=0  attempts=3  state=ON  metric=rpr
2026-10-07T12:44:27Z  OBSERVE  frontend->recommendationservice  rpr=0.8128  low=0 high=12  attempts=3  state=ON  metric=rpr
2026-10-07T12:44:27Z  OBSERVE  frontend->shippingservice  rpr=0.0000  low=514 high=0  attempts=3  state=ON  metric=rpr
2026-10-07T12:44:27Z  OBSERVE  checkoutservice->cartservice  rpr=0.0000  low=513 high=0  attempts=3  state=ON  metric=rpr
2026-10-07T12:44:27Z  OBSERVE  checkoutservice->currencyservice  rpr=0.0000  low=513 high=0  attempts=3  state=ON  metric=rpr
2026-10-07T12:44:27Z  OBSERVE  checkoutservice->emailservice  rpr=0.0000  low=511 high=0  attempts=3  state=ON  metric=rpr
2026-10-07T12:44:27Z  OBSERVE  checkoutservice->paymentservice  rpr=0.0000  low=513 high=0  attempts=3  state=ON  metric=rpr
2026-10-07T12:44:27Z  OBSERVE  checkoutservice->shippingservice  rpr=0.0000  low=513 high=0  attempts=3  state=ON  metric=rpr
2026-10-07T12:44:27Z  OBSERVE  recommendationservice->productcatalogservice  rpr=0.0000  low=514 high=0  attempts=3  state=ON  metric=rpr
2026-10-07T12:44:28Z  OBSERVE  frontend->adservice  rpr=0.0000  low=515 high=0  attempts=3  state=ON  metric=rpr
2026-10-07T12:44:28Z  OBSERVE  frontend->cartservice  rpr=0.0000  low=516 high=0  attempts=3  state=ON  metric=rpr
2026-10-07T12:44:28Z  OBSERVE  frontend->checkoutservice  rpr=0.0000  low=7 high=0  attempts=3  state=ON  metric=rpr
2026-10-07T12:44:28Z  OBSERVE  frontend->currencyservice  rpr=0.0000  low=516 high=0  attempts=3  state=ON  metric=rpr
2026-10-07T12:44:28Z  OBSERVE  frontend->productcatalogservice  rpr=0.0000  low=516 high=0  attempts=3  state=ON  metric=rpr
2026-10-07T12:44:28Z  OBSERVE  frontend->recommendationservice  rpr=1.0000  low=0 high=13  attempts=3  state=ON  metric=rpr
2026-10-07T12:44:28Z  OBSERVE  frontend->shippingservice  rpr=0.0000  low=515 high=0  attempts=3  state=ON  metric=rpr
2026-10-07T12:44:28Z  OBSERVE  checkoutservice->cartservice  rpr=0.0000  low=514 high=0  attempts=3  state=ON  metric=rpr
2026-10-07T12:44:28Z  OBSERVE  checkoutservice->currencyservice  rpr=0.0000  low=514 high=0  attempts=3  state=ON  metric=rpr
2026-10-07T12:44:28Z  OBSERVE  checkoutservice->emailservice  rpr=0.0000  low=512 high=0  attempts=3  state=ON  metric=rpr
2026-10-07T12:44:28Z  OBSERVE  checkoutservice->paymentservice  rpr=0.0000  low=514 high=0  attempts=3  state=ON  metric=rpr
2026-10-07T12:44:28Z  OBSERVE  checkoutservice->shippingservice  rpr=0.0000  low=514 high=0  attempts=3  state=ON  metric=rpr
2026-10-07T12:44:28Z  OBSERVE  recommendationservice->productcatalogservice  rpr=0.0000  low=515 high=0  attempts=3  state=ON  metric=rpr
2026-10-07T12:44:29Z  OBSERVE  frontend->adservice  rpr=0.0000  low=516 high=0  attempts=3  state=ON  metric=rpr
2026-10-07T12:44:29Z  OBSERVE  frontend->cartservice  rpr=0.0000  low=517 high=0  attempts=3  state=ON  metric=rpr
2026-10-07T12:44:29Z  OBSERVE  frontend->checkoutservice  rpr=0.0000  low=8 high=0  attempts=3  state=ON  metric=rpr
2026-10-07T12:44:29Z  OBSERVE  frontend->currencyservice  rpr=0.0000  low=517 high=0  attempts=3  state=ON  metric=rpr
2026-10-07T12:44:29Z  OBSERVE  frontend->productcatalogservice  rpr=0.0000  low=517 high=0  attempts=3  state=ON  metric=rpr
2026-10-07T12:44:29Z  OBSERVE  frontend->recommendationservice  rpr=0.9435  low=0 high=14  attempts=3  state=ON  metric=rpr
2026-10-07T12:44:29Z  OBSERVE  frontend->shippingservice  rpr=0.0000  low=516 high=0  attempts=3  state=ON  metric=rpr
2026-10-07T12:44:29Z  OBSERVE  checkoutservice->cartservice  rpr=0.0000  low=515 high=0  attempts=3  state=ON  metric=rpr
2026-10-07T12:44:29Z  OBSERVE  checkoutservice->currencyservice  rpr=0.0000  low=515 high=0  attempts=3  state=ON  metric=rpr
2026-10-07T12:44:29Z  OBSERVE  checkoutservice->emailservice  rpr=0.0000  low=513 high=0  attempts=3  state=ON  metric=rpr
2026-10-07T12:44:29Z  OBSERVE  checkoutservice->paymentservice  rpr=0.0000  low=515 high=0  attempts=3  state=ON  metric=rpr
2026-10-07T12:44:29Z  OBSERVE  checkoutservice->shippingservice  rpr=0.0000  low=515 high=0  attempts=3  state=ON  metric=rpr
2026-10-07T12:44:29Z  OBSERVE  recommendationservice->productcatalogservice  rpr=0.0000  low=516 high=0  attempts=3  state=ON  metric=rpr
2026-10-07T12:44:30Z  OBSERVE  frontend->adservice  rpr=0.0000  low=517 high=0  attempts=3  state=ON  metric=rpr
2026-10-07T12:44:30Z  OBSERVE  frontend->cartservice  rpr=0.0000  low=518 high=0  attempts=3  state=ON  metric=rpr
2026-10-07T12:44:30Z  OBSERVE  frontend->checkoutservice  rpr=0.0000  low=9 high=0  attempts=3  state=ON  metric=rpr
2026-10-07T12:44:30Z  OBSERVE  frontend->currencyservice  rpr=0.0000  low=518 high=0  attempts=3  state=ON  metric=rpr
2026-10-07T12:44:30Z  OBSERVE  frontend->productcatalogservice  rpr=0.0000  low=518 high=0  attempts=3  state=ON  metric=rpr
2026-10-07T12:44:30Z  OBSERVE  frontend->recommendationservice  rpr=0.4619  low=1 high=0  attempts=3  state=ON  metric=rpr
2026-10-07T12:44:30Z  OBSERVE  frontend->shippingservice  rpr=0.0000  low=517 high=0  attempts=3  state=ON  metric=rpr
2026-10-07T12:44:30Z  OBSERVE  checkoutservice->cartservice  rpr=0.0000  low=516 high=0  attempts=3  state=ON  metric=rpr
2026-10-07T12:44:30Z  OBSERVE  checkoutservice->currencyservice  rpr=0.0000  low=516 high=0  attempts=3  state=ON  metric=rpr
2026-10-07T12:44:30Z  OBSERVE  checkoutservice->emailservice  rpr=0.0000  low=514 high=0  attempts=3  state=ON  metric=rpr
2026-10-07T12:44:30Z  OBSERVE  checkoutservice->paymentservice  rpr=0.0000  low=516 high=0  attempts=3  state=ON  metric=rpr
2026-10-07T12:44:30Z  OBSERVE  checkoutservice->shippingservice  rpr=0.0000  low=516 high=0  attempts=3  state=ON  metric=rpr
2026-10-07T12:44:30Z  OBSERVE  recommendationservice->productcatalogservice  rpr=0.0000  low=517 high=0  attempts=3  state=ON  metric=rpr
2026-10-07T12:44:31Z  OBSERVE  frontend->adservice  rpr=0.0000  low=518 high=0  attempts=3  state=ON  metric=rpr
2026-10-07T12:44:31Z  OBSERVE  frontend->cartservice  rpr=0.0000  low=519 high=0  attempts=3  state=ON  metric=rpr
2026-10-07T12:44:31Z  OBSERVE  frontend->checkoutservice  rpr=0.0000  low=10 high=0  attempts=3  state=ON  metric=rpr
2026-10-07T12:44:31Z  OBSERVE  frontend->currencyservice  rpr=0.0000  low=519 high=0  attempts=3  state=ON  metric=rpr
2026-10-07T12:44:31Z  OBSERVE  frontend->productcatalogservice  rpr=0.0000  low=519 high=0  attempts=3  state=ON  metric=rpr
2026-10-07T12:44:31Z  OBSERVE  frontend->recommendationservice  rpr=0.6635  low=0 high=1  attempts=3  state=ON  metric=rpr
2026-10-07T12:44:31Z  OBSERVE  frontend->shippingservice  rpr=0.0000  low=518 high=0  attempts=3  state=ON  metric=rpr
2026-10-07T12:44:31Z  OBSERVE  checkoutservice->cartservice  rpr=0.0000  low=517 high=0  attempts=3  state=ON  metric=rpr
2026-10-07T12:44:31Z  OBSERVE  checkoutservice->currencyservice  rpr=0.0000  low=517 high=0  attempts=3  state=ON  metric=rpr
2026-10-07T12:44:31Z  OBSERVE  checkoutservice->emailservice  rpr=0.0000  low=515 high=0  attempts=3  state=ON  metric=rpr
2026-10-07T12:44:31Z  OBSERVE  checkoutservice->paymentservice  rpr=0.0000  low=517 high=0  attempts=3  state=ON  metric=rpr
2026-10-07T12:44:31Z  OBSERVE  checkoutservice->shippingservice  rpr=0.0000  low=517 high=0  attempts=3  state=ON  metric=rpr
2026-10-07T12:44:31Z  OBSERVE  recommendationservice->productcatalogservice  rpr=0.0000  low=518 high=0  attempts=3  state=ON  metric=rpr
2026-10-07T12:44:32Z  OBSERVE  frontend->adservice  rpr=0.0000  low=519 high=0  attempts=3  state=ON  metric=rpr
2026-10-07T12:44:32Z  OBSERVE  frontend->cartservice  rpr=0.0000  low=520 high=0  attempts=3  state=ON  metric=rpr
2026-10-07T12:44:32Z  OBSERVE  frontend->checkoutservice  rpr=0.0000  low=11 high=0  attempts=3  state=ON  metric=rpr
2026-10-07T12:44:32Z  OBSERVE  frontend->currencyservice  rpr=0.0000  low=520 high=0  attempts=3  state=ON  metric=rpr
2026-10-07T12:44:32Z  OBSERVE  frontend->productcatalogservice  rpr=0.0000  low=520 high=0  attempts=3  state=ON  metric=rpr
2026-10-07T12:44:32Z  OBSERVE  frontend->recommendationservice  rpr=1.3278  low=0 high=2  attempts=3  state=ON  metric=rpr
2026-10-07T12:44:32Z  OBSERVE  frontend->shippingservice  rpr=0.0000  low=519 high=0  attempts=3  state=ON  metric=rpr
2026-10-07T12:44:32Z  OBSERVE  checkoutservice->cartservice  rpr=0.0000  low=518 high=0  attempts=3  state=ON  metric=rpr
2026-10-07T12:44:32Z  OBSERVE  checkoutservice->currencyservice  rpr=0.0000  low=518 high=0  attempts=3  state=ON  metric=rpr
2026-10-07T12:44:32Z  OBSERVE  checkoutservice->emailservice  rpr=0.0000  low=516 high=0  attempts=3  state=ON  metric=rpr
2026-10-07T12:44:32Z  OBSERVE  checkoutservice->paymentservice  rpr=0.0000  low=518 high=0  attempts=3  state=ON  metric=rpr
2026-10-07T12:44:32Z  OBSERVE  checkoutservice->shippingservice  rpr=0.0000  low=518 high=0  attempts=3  state=ON  metric=rpr
2026-10-07T12:44:32Z  OBSERVE  recommendationservice->productcatalogservice  rpr=0.0000  low=519 high=0  attempts=3  state=ON  metric=rpr
2026-10-07T12:44:33Z  OBSERVE  frontend->adservice  rpr=0.0000  low=520 high=0  attempts=3  state=ON  metric=rpr
2026-10-07T12:44:33Z  OBSERVE  frontend->cartservice  rpr=0.0000  low=521 high=0  attempts=3  state=ON  metric=rpr
2026-10-07T12:44:33Z  OBSERVE  frontend->checkoutservice  rpr=0.0000  low=12 high=0  attempts=3  state=ON  metric=rpr
2026-10-07T12:44:33Z  OBSERVE  frontend->currencyservice  rpr=0.0000  low=521 high=0  attempts=3  state=ON  metric=rpr
2026-10-07T12:44:33Z  OBSERVE  frontend->productcatalogservice  rpr=0.0000  low=521 high=0  attempts=3  state=ON  metric=rpr
2026-10-07T12:44:33Z  OBSERVE  frontend->recommendationservice  rpr=0.9865  low=0 high=3  attempts=3  state=ON  metric=rpr
2026-10-07T12:44:33Z  OBSERVE  frontend->shippingservice  rpr=0.0000  low=520 high=0  attempts=3  state=ON  metric=rpr
2026-10-07T12:44:33Z  OBSERVE  checkoutservice->cartservice  rpr=0.0000  low=519 high=0  attempts=3  state=ON  metric=rpr
2026-10-07T12:44:33Z  OBSERVE  checkoutservice->currencyservice  rpr=0.0000  low=519 high=0  attempts=3  state=ON  metric=rpr
2026-10-07T12:44:33Z  OBSERVE  checkoutservice->emailservice  rpr=0.0000  low=517 high=0  attempts=3  state=ON  metric=rpr
2026-10-07T12:44:33Z  OBSERVE  checkoutservice->paymentservice  rpr=0.0000  low=519 high=0  attempts=3  state=ON  metric=rpr
2026-10-07T12:44:33Z  OBSERVE  checkoutservice->shippingservice  rpr=0.0000  low=519 high=0  attempts=3  state=ON  metric=rpr
2026-10-07T12:44:33Z  OBSERVE  recommendationservice->productcatalogservice  rpr=0.0000  low=520 high=0  attempts=3  state=ON  metric=rpr
2026-10-07T12:44:34Z  OBSERVE  frontend->adservice  rpr=0.0000  low=521 high=0  attempts=3  state=ON  metric=rpr
2026-10-07T12:44:34Z  OBSERVE  frontend->cartservice  rpr=0.0000  low=522 high=0  attempts=3  state=ON  metric=rpr
2026-10-07T12:44:34Z  OBSERVE  frontend->checkoutservice  rpr=0.0000  low=13 high=0  attempts=3  state=ON  metric=rpr
2026-10-07T12:44:34Z  OBSERVE  frontend->currencyservice  rpr=0.0000  low=522 high=0  attempts=3  state=ON  metric=rpr
2026-10-07T12:44:34Z  OBSERVE  frontend->productcatalogservice  rpr=0.0000  low=522 high=0  attempts=3  state=ON  metric=rpr
2026-10-07T12:44:34Z  OBSERVE  frontend->recommendationservice  rpr=1.5208  low=0 high=4  attempts=3  state=ON  metric=rpr
2026-10-07T12:44:34Z  OBSERVE  frontend->shippingservice  rpr=0.0000  low=521 high=0  attempts=3  state=ON  metric=rpr
2026-10-07T12:44:34Z  OBSERVE  checkoutservice->cartservice  rpr=0.0000  low=520 high=0  attempts=3  state=ON  metric=rpr
2026-10-07T12:44:34Z  OBSERVE  checkoutservice->currencyservice  rpr=0.0000  low=520 high=0  attempts=3  state=ON  metric=rpr
2026-10-07T12:44:34Z  OBSERVE  checkoutservice->emailservice  rpr=0.0000  low=518 high=0  attempts=3  state=ON  metric=rpr
2026-10-07T12:44:34Z  OBSERVE  checkoutservice->paymentservice  rpr=0.0000  low=520 high=0  attempts=3  state=ON  metric=rpr
2026-10-07T12:44:34Z  OBSERVE  checkoutservice->shippingservice  rpr=0.0000  low=520 high=0  attempts=3  state=ON  metric=rpr
2026-10-07T12:44:34Z  OBSERVE  recommendationservice->productcatalogservice  rpr=0.0000  low=521 high=0  attempts=3  state=ON  metric=rpr
2026-10-07T12:44:35Z  OBSERVE  frontend->adservice  rpr=0.0000  low=522 high=0  attempts=3  state=ON  metric=rpr
2026-10-07T12:44:35Z  OBSERVE  frontend->cartservice  rpr=0.0000  low=523 high=0  attempts=3  state=ON  metric=rpr
2026-10-07T12:44:35Z  OBSERVE  frontend->checkoutservice  rpr=0.0000  low=14 high=0  attempts=3  state=ON  metric=rpr
2026-10-07T12:44:35Z  OBSERVE  frontend->currencyservice  rpr=0.0000  low=523 high=0  attempts=3  state=ON  metric=rpr
2026-10-07T12:44:35Z  OBSERVE  frontend->productcatalogservice  rpr=0.0000  low=523 high=0  attempts=3  state=ON  metric=rpr
2026-10-07T12:44:35Z  OBSERVE  frontend->recommendationservice  rpr=1.5000  low=0 high=5  attempts=3  state=ON  metric=rpr
2026-10-07T12:44:35Z  OBSERVE  frontend->shippingservice  rpr=0.0000  low=522 high=0  attempts=3  state=ON  metric=rpr
2026-10-07T12:44:35Z  OBSERVE  checkoutservice->cartservice  rpr=0.0000  low=521 high=0  attempts=3  state=ON  metric=rpr
2026-10-07T12:44:35Z  OBSERVE  checkoutservice->currencyservice  rpr=0.0000  low=521 high=0  attempts=3  state=ON  metric=rpr
2026-10-07T12:44:35Z  OBSERVE  checkoutservice->emailservice  rpr=0.0000  low=519 high=0  attempts=3  state=ON  metric=rpr
2026-10-07T12:44:35Z  OBSERVE  checkoutservice->paymentservice  rpr=0.0000  low=521 high=0  attempts=3  state=ON  metric=rpr
2026-10-07T12:44:35Z  OBSERVE  checkoutservice->shippingservice  rpr=0.0000  low=521 high=0  attempts=3  state=ON  metric=rpr
2026-10-07T12:44:35Z  OBSERVE  recommendationservice->productcatalogservice  rpr=0.0000  low=522 high=0  attempts=3  state=ON  metric=rpr
2026-10-07T12:44:36Z  OBSERVE  frontend->adservice  rpr=0.0000  low=523 high=0  attempts=3  state=ON  metric=rpr
2026-10-07T12:44:36Z  OBSERVE  frontend->cartservice  rpr=0.0000  low=524 high=0  attempts=3  state=ON  metric=rpr
2026-10-07T12:44:36Z  OBSERVE  frontend->checkoutservice  rpr=0.0000  low=15 high=0  attempts=3  state=ON  metric=rpr
2026-10-07T12:44:36Z  OBSERVE  frontend->currencyservice  rpr=0.0000  low=524 high=0  attempts=3  state=ON  metric=rpr
2026-10-07T12:44:36Z  OBSERVE  frontend->productcatalogservice  rpr=0.0000  low=524 high=0  attempts=3  state=ON  metric=rpr
2026-10-07T12:44:36Z  OBSERVE  frontend->recommendationservice  rpr=1.2587  low=0 high=6  attempts=3  state=ON  metric=rpr
2026-10-07T12:44:36Z  OBSERVE  frontend->shippingservice  rpr=0.0000  low=523 high=0  attempts=3  state=ON  metric=rpr
2026-10-07T12:44:36Z  OBSERVE  checkoutservice->cartservice  rpr=0.0000  low=522 high=0  attempts=3  state=ON  metric=rpr
2026-10-07T12:44:36Z  OBSERVE  checkoutservice->currencyservice  rpr=0.0000  low=522 high=0  attempts=3  state=ON  metric=rpr
2026-10-07T12:44:36Z  OBSERVE  checkoutservice->emailservice  rpr=0.0000  low=520 high=0  attempts=3  state=ON  metric=rpr
2026-10-07T12:44:36Z  OBSERVE  checkoutservice->paymentservice  rpr=0.0000  low=522 high=0  attempts=3  state=ON  metric=rpr
2026-10-07T12:44:36Z  OBSERVE  checkoutservice->shippingservice  rpr=0.0000  low=522 high=0  attempts=3  state=ON  metric=rpr
2026-10-07T12:44:36Z  OBSERVE  recommendationservice->productcatalogservice  rpr=0.0000  low=523 high=0  attempts=3  state=ON  metric=rpr
2026-10-07T12:44:37Z  OBSERVE  frontend->adservice  rpr=0.0000  low=524 high=0  attempts=3  state=ON  metric=rpr
2026-10-07T12:44:37Z  OBSERVE  frontend->cartservice  rpr=0.0000  low=525 high=0  attempts=3  state=ON  metric=rpr
2026-10-07T12:44:37Z  OBSERVE  frontend->checkoutservice  rpr=0.0000  low=16 high=0  attempts=3  state=ON  metric=rpr
2026-10-07T12:44:37Z  OBSERVE  frontend->currencyservice  rpr=0.0000  low=525 high=0  attempts=3  state=ON  metric=rpr
2026-10-07T12:44:37Z  OBSERVE  frontend->productcatalogservice  rpr=0.0000  low=525 high=0  attempts=3  state=ON  metric=rpr
2026-10-07T12:44:37Z  OBSERVE  frontend->recommendationservice  rpr=0.8817  low=0 high=7  attempts=3  state=ON  metric=rpr
2026-10-07T12:44:37Z  OBSERVE  frontend->shippingservice  rpr=0.0000  low=524 high=0  attempts=3  state=ON  metric=rpr
2026-10-07T12:44:37Z  OBSERVE  checkoutservice->cartservice  rpr=0.0000  low=523 high=0  attempts=3  state=ON  metric=rpr
2026-10-07T12:44:37Z  OBSERVE  checkoutservice->currencyservice  rpr=0.0000  low=523 high=0  attempts=3  state=ON  metric=rpr
2026-10-07T12:44:37Z  OBSERVE  checkoutservice->emailservice  rpr=0.0000  low=521 high=0  attempts=3  state=ON  metric=rpr
2026-10-07T12:44:37Z  OBSERVE  checkoutservice->paymentservice  rpr=0.0000  low=523 high=0  attempts=3  state=ON  metric=rpr
2026-10-07T12:44:37Z  OBSERVE  checkoutservice->shippingservice  rpr=0.0000  low=523 high=0  attempts=3  state=ON  metric=rpr
2026-10-07T12:44:37Z  OBSERVE  recommendationservice->productcatalogservice  rpr=0.0000  low=524 high=0  attempts=3  state=ON  metric=rpr
2026-10-07T12:44:38Z  OBSERVE  frontend->adservice  rpr=0.0000  low=525 high=0  attempts=3  state=ON  metric=rpr
2026-10-07T12:44:38Z  OBSERVE  frontend->cartservice  rpr=0.0000  low=526 high=0  attempts=3  state=ON  metric=rpr
2026-10-07T12:44:38Z  OBSERVE  frontend->checkoutservice  rpr=0.0000  low=17 high=0  attempts=3  state=ON  metric=rpr
2026-10-07T12:44:38Z  OBSERVE  frontend->currencyservice  rpr=0.0000  low=526 high=0  attempts=3  state=ON  metric=rpr
2026-10-07T12:44:38Z  OBSERVE  frontend->productcatalogservice  rpr=0.0000  low=526 high=0  attempts=3  state=ON  metric=rpr
2026-10-07T12:44:38Z  OBSERVE  frontend->recommendationservice  rpr=1.5629  low=0 high=8  attempts=3  state=ON  metric=rpr
2026-10-07T12:44:38Z  OBSERVE  frontend->shippingservice  rpr=0.0000  low=525 high=0  attempts=3  state=ON  metric=rpr
2026-10-07T12:44:38Z  OBSERVE  checkoutservice->cartservice  rpr=0.0000  low=524 high=0  attempts=3  state=ON  metric=rpr
2026-10-07T12:44:38Z  OBSERVE  checkoutservice->currencyservice  rpr=0.0000  low=524 high=0  attempts=3  state=ON  metric=rpr
2026-10-07T12:44:38Z  OBSERVE  checkoutservice->emailservice  rpr=0.0000  low=522 high=0  attempts=3  state=ON  metric=rpr
2026-10-07T12:44:38Z  OBSERVE  checkoutservice->paymentservice  rpr=0.0000  low=524 high=0  attempts=3  state=ON  metric=rpr
2026-10-07T12:44:38Z  OBSERVE  checkoutservice->shippingservice  rpr=0.0000  low=524 high=0  attempts=3  state=ON  metric=rpr
2026-10-07T12:44:38Z  OBSERVE  recommendationservice->productcatalogservice  rpr=0.0000  low=525 high=0  attempts=3  state=ON  metric=rpr
2026-10-07T12:44:39Z  OBSERVE  frontend->adservice  rpr=0.0000  low=526 high=0  attempts=3  state=ON  metric=rpr
2026-10-07T12:44:39Z  OBSERVE  frontend->cartservice  rpr=0.0000  low=527 high=0  attempts=3  state=ON  metric=rpr
2026-10-07T12:44:39Z  OBSERVE  frontend->checkoutservice  rpr=0.0000  low=18 high=0  attempts=3  state=ON  metric=rpr
2026-10-07T12:44:39Z  OBSERVE  frontend->currencyservice  rpr=0.0000  low=527 high=0  attempts=3  state=ON  metric=rpr
2026-10-07T12:44:39Z  OBSERVE  frontend->productcatalogservice  rpr=0.0000  low=527 high=0  attempts=3  state=ON  metric=rpr
2026-10-07T12:44:39Z  OBSERVE  frontend->recommendationservice  rpr=1.1811  low=0 high=9  attempts=3  state=ON  metric=rpr
2026-10-07T12:44:39Z  OBSERVE  frontend->shippingservice  rpr=0.0000  low=526 high=0  attempts=3  state=ON  metric=rpr
2026-10-07T12:44:39Z  OBSERVE  checkoutservice->cartservice  rpr=0.0000  low=525 high=0  attempts=3  state=ON  metric=rpr
2026-10-07T12:44:39Z  OBSERVE  checkoutservice->currencyservice  rpr=0.0000  low=525 high=0  attempts=3  state=ON  metric=rpr
2026-10-07T12:44:39Z  OBSERVE  checkoutservice->emailservice  rpr=0.0000  low=523 high=0  attempts=3  state=ON  metric=rpr
2026-10-07T12:44:39Z  OBSERVE  checkoutservice->paymentservice  rpr=0.0000  low=525 high=0  attempts=3  state=ON  metric=rpr
2026-10-07T12:44:39Z  OBSERVE  checkoutservice->shippingservice  rpr=0.0000  low=525 high=0  attempts=3  state=ON  metric=rpr
2026-10-07T12:44:39Z  OBSERVE  recommendationservice->productcatalogservice  rpr=0.0000  low=526 high=0  attempts=3  state=ON  metric=rpr
2026-10-07T12:44:40Z  OBSERVE  frontend->adservice  rpr=0.0000  low=527 high=0  attempts=3  state=ON  metric=rpr
2026-10-07T12:44:40Z  OBSERVE  frontend->cartservice  rpr=0.0000  low=528 high=0  attempts=3  state=ON  metric=rpr
2026-10-07T12:44:40Z  OBSERVE  frontend->checkoutservice  rpr=0.0000  low=19 high=0  attempts=3  state=ON  metric=rpr
2026-10-07T12:44:40Z  OBSERVE  frontend->currencyservice  rpr=0.0000  low=528 high=0  attempts=3  state=ON  metric=rpr
2026-10-07T12:44:40Z  OBSERVE  frontend->productcatalogservice  rpr=0.0000  low=528 high=0  attempts=3  state=ON  metric=rpr
2026-10-07T12:44:40Z  OBSERVE  frontend->recommendationservice  rpr=1.0160  low=0 high=10  attempts=3  state=ON  metric=rpr
2026-10-07T12:44:40Z  OBSERVE  frontend->shippingservice  rpr=0.0000  low=527 high=0  attempts=3  state=ON  metric=rpr
2026-10-07T12:44:40Z  OBSERVE  checkoutservice->cartservice  rpr=0.0000  low=526 high=0  attempts=3  state=ON  metric=rpr
2026-10-07T12:44:40Z  OBSERVE  checkoutservice->currencyservice  rpr=0.0000  low=526 high=0  attempts=3  state=ON  metric=rpr
2026-10-07T12:44:40Z  OBSERVE  checkoutservice->emailservice  rpr=0.0000  low=524 high=0  attempts=3  state=ON  metric=rpr
2026-10-07T12:44:40Z  OBSERVE  checkoutservice->paymentservice  rpr=0.0000  low=526 high=0  attempts=3  state=ON  metric=rpr
2026-10-07T12:44:40Z  OBSERVE  checkoutservice->shippingservice  rpr=0.0000  low=526 high=0  attempts=3  state=ON  metric=rpr
2026-10-07T12:44:40Z  OBSERVE  recommendationservice->productcatalogservice  rpr=0.0000  low=527 high=0  attempts=3  state=ON  metric=rpr
2026-10-07T12:44:41Z  OBSERVE  frontend->adservice  rpr=0.0000  low=528 high=0  attempts=3  state=ON  metric=rpr
2026-10-07T12:44:41Z  OBSERVE  frontend->cartservice  rpr=0.0000  low=529 high=0  attempts=3  state=ON  metric=rpr
2026-10-07T12:44:41Z  OBSERVE  frontend->checkoutservice  rpr=0.0000  low=20 high=0  attempts=3  state=ON  metric=rpr
2026-10-07T12:44:41Z  OBSERVE  frontend->currencyservice  rpr=0.0000  low=529 high=0  attempts=3  state=ON  metric=rpr
2026-10-07T12:44:41Z  OBSERVE  frontend->productcatalogservice  rpr=0.0000  low=529 high=0  attempts=3  state=ON  metric=rpr
2026-10-07T12:44:41Z  OBSERVE  frontend->recommendationservice  rpr=0.9691  low=0 high=11  attempts=3  state=ON  metric=rpr
2026-10-07T12:44:41Z  OBSERVE  frontend->shippingservice  rpr=0.0000  low=528 high=0  attempts=3  state=ON  metric=rpr
2026-10-07T12:44:41Z  OBSERVE  checkoutservice->cartservice  rpr=0.0000  low=527 high=0  attempts=3  state=ON  metric=rpr
2026-10-07T12:44:41Z  OBSERVE  checkoutservice->currencyservice  rpr=0.0000  low=527 high=0  attempts=3  state=ON  metric=rpr
2026-10-07T12:44:41Z  OBSERVE  checkoutservice->emailservice  rpr=0.0000  low=525 high=0  attempts=3  state=ON  metric=rpr
2026-10-07T12:44:41Z  OBSERVE  checkoutservice->paymentservice  rpr=0.0000  low=527 high=0  attempts=3  state=ON  metric=rpr
2026-10-07T12:44:41Z  OBSERVE  checkoutservice->shippingservice  rpr=0.0000  low=527 high=0  attempts=3  state=ON  metric=rpr
2026-10-07T12:44:41Z  OBSERVE  recommendationservice->productcatalogservice  rpr=0.0000  low=528 high=0  attempts=3  state=ON  metric=rpr
2026-10-07T12:44:42Z  OBSERVE  frontend->adservice  rpr=0.0000  low=529 high=0  attempts=3  state=ON  metric=rpr
2026-10-07T12:44:42Z  OBSERVE  frontend->cartservice  rpr=0.0000  low=530 high=0  attempts=3  state=ON  metric=rpr
2026-10-07T12:44:42Z  OBSERVE  frontend->checkoutservice  rpr=0.0000  low=21 high=0  attempts=3  state=ON  metric=rpr
2026-10-07T12:44:42Z  OBSERVE  frontend->currencyservice  rpr=0.0000  low=530 high=0  attempts=3  state=ON  metric=rpr
2026-10-07T12:44:42Z  OBSERVE  frontend->productcatalogservice  rpr=0.0000  low=530 high=0  attempts=3  state=ON  metric=rpr
2026-10-07T12:44:42Z  OBSERVE  frontend->recommendationservice  rpr=0.7851  low=0 high=12  attempts=3  state=ON  metric=rpr
2026-10-07T12:44:42Z  OBSERVE  frontend->shippingservice  rpr=0.0000  low=529 high=0  attempts=3  state=ON  metric=rpr
2026-10-07T12:44:42Z  OBSERVE  checkoutservice->cartservice  rpr=0.0000  low=528 high=0  attempts=3  state=ON  metric=rpr
2026-10-07T12:44:42Z  OBSERVE  checkoutservice->currencyservice  rpr=0.0000  low=528 high=0  attempts=3  state=ON  metric=rpr
2026-10-07T12:44:42Z  OBSERVE  checkoutservice->emailservice  rpr=0.0000  low=526 high=0  attempts=3  state=ON  metric=rpr
2026-10-07T12:44:42Z  OBSERVE  checkoutservice->paymentservice  rpr=0.0000  low=528 high=0  attempts=3  state=ON  metric=rpr
2026-10-07T12:44:42Z  OBSERVE  checkoutservice->shippingservice  rpr=0.0000  low=528 high=0  attempts=3  state=ON  metric=rpr
2026-10-07T12:44:42Z  OBSERVE  recommendationservice->productcatalogservice  rpr=0.0000  low=529 high=0  attempts=3  state=ON  metric=rpr
2026-10-07T12:44:43Z  OBSERVE  frontend->adservice  rpr=0.0000  low=530 high=0  attempts=3  state=ON  metric=rpr
2026-10-07T12:44:43Z  OBSERVE  frontend->cartservice  rpr=0.0000  low=531 high=0  attempts=3  state=ON  metric=rpr
2026-10-07T12:44:43Z  OBSERVE  frontend->checkoutservice  rpr=0.0000  low=22 high=0  attempts=3  state=ON  metric=rpr
2026-10-07T12:44:43Z  OBSERVE  frontend->currencyservice  rpr=0.0000  low=531 high=0  attempts=3  state=ON  metric=rpr
2026-10-07T12:44:43Z  OBSERVE  frontend->productcatalogservice  rpr=0.0000  low=531 high=0  attempts=3  state=ON  metric=rpr
2026-10-07T12:44:43Z  OBSERVE  frontend->recommendationservice  rpr=1.0782  low=0 high=13  attempts=3  state=ON  metric=rpr
2026-10-07T12:44:43Z  OBSERVE  frontend->shippingservice  rpr=0.0000  low=530 high=0  attempts=3  state=ON  metric=rpr
2026-10-07T12:44:43Z  OBSERVE  checkoutservice->cartservice  rpr=0.0000  low=529 high=0  attempts=3  state=ON  metric=rpr
2026-10-07T12:44:43Z  OBSERVE  checkoutservice->currencyservice  rpr=0.0000  low=529 high=0  attempts=3  state=ON  metric=rpr
2026-10-07T12:44:43Z  OBSERVE  checkoutservice->emailservice  rpr=0.0000  low=527 high=0  attempts=3  state=ON  metric=rpr
2026-10-07T12:44:43Z  OBSERVE  checkoutservice->paymentservice  rpr=0.0000  low=529 high=0  attempts=3  state=ON  metric=rpr
2026-10-07T12:44:43Z  OBSERVE  checkoutservice->shippingservice  rpr=0.0000  low=529 high=0  attempts=3  state=ON  metric=rpr
2026-10-07T12:44:43Z  OBSERVE  recommendationservice->productcatalogservice  rpr=0.0000  low=530 high=0  attempts=3  state=ON  metric=rpr
2026-10-07T12:44:44Z  OBSERVE  frontend->adservice  rpr=0.0000  low=531 high=0  attempts=3  state=ON  metric=rpr
2026-10-07T12:44:44Z  OBSERVE  frontend->cartservice  rpr=0.0000  low=532 high=0  attempts=3  state=ON  metric=rpr
2026-10-07T12:44:44Z  OBSERVE  frontend->checkoutservice  rpr=0.0000  low=23 high=0  attempts=3  state=ON  metric=rpr
2026-10-07T12:44:44Z  OBSERVE  frontend->currencyservice  rpr=0.0000  low=532 high=0  attempts=3  state=ON  metric=rpr
2026-10-07T12:44:44Z  OBSERVE  frontend->productcatalogservice  rpr=0.0000  low=532 high=0  attempts=3  state=ON  metric=rpr
2026-10-07T12:44:44Z  OBSERVE  frontend->recommendationservice  rpr=0.8548  low=0 high=14  attempts=3  state=ON  metric=rpr
2026-10-07T12:44:44Z  OBSERVE  frontend->shippingservice  rpr=0.0000  low=531 high=0  attempts=3  state=ON  metric=rpr
2026-10-07T12:44:44Z  OBSERVE  checkoutservice->cartservice  rpr=0.0000  low=530 high=0  attempts=3  state=ON  metric=rpr
2026-10-07T12:44:44Z  OBSERVE  checkoutservice->currencyservice  rpr=0.0000  low=530 high=0  attempts=3  state=ON  metric=rpr
2026-10-07T12:44:44Z  OBSERVE  checkoutservice->emailservice  rpr=0.0000  low=528 high=0  attempts=3  state=ON  metric=rpr
2026-10-07T12:44:44Z  OBSERVE  checkoutservice->paymentservice  rpr=0.0000  low=530 high=0  attempts=3  state=ON  metric=rpr
2026-10-07T12:44:44Z  OBSERVE  checkoutservice->shippingservice  rpr=0.0000  low=530 high=0  attempts=3  state=ON  metric=rpr
2026-10-07T12:44:44Z  OBSERVE  recommendationservice->productcatalogservice  rpr=0.0000  low=531 high=0  attempts=3  state=ON  metric=rpr
2026-10-07T12:44:45Z  OBSERVE  frontend->adservice  rpr=0.0000  low=532 high=0  attempts=3  state=ON  metric=rpr
2026-10-07T12:44:45Z  OBSERVE  frontend->cartservice  rpr=0.0000  low=533 high=0  attempts=3  state=ON  metric=rpr
2026-10-07T12:44:45Z  OBSERVE  frontend->checkoutservice  rpr=0.0000  low=24 high=0  attempts=3  state=ON  metric=rpr
2026-10-07T12:44:45Z  OBSERVE  frontend->currencyservice  rpr=0.0000  low=533 high=0  attempts=3  state=ON  metric=rpr
2026-10-07T12:44:45Z  OBSERVE  frontend->productcatalogservice  rpr=0.0000  low=533 high=0  attempts=3  state=ON  metric=rpr
2026-10-07T12:44:45Z  OBSERVE  frontend->recommendationservice  rpr=0.6438  low=0 high=15  attempts=3  state=ON  metric=rpr
2026-10-07T12:44:45Z  OBSERVE  frontend->shippingservice  rpr=0.0000  low=532 high=0  attempts=3  state=ON  metric=rpr
2026-10-07T12:44:45Z  OBSERVE  checkoutservice->cartservice  rpr=0.0000  low=531 high=0  attempts=3  state=ON  metric=rpr
2026-10-07T12:44:45Z  OBSERVE  checkoutservice->currencyservice  rpr=0.0000  low=531 high=0  attempts=3  state=ON  metric=rpr
2026-10-07T12:44:45Z  OBSERVE  checkoutservice->emailservice  rpr=0.0000  low=529 high=0  attempts=3  state=ON  metric=rpr
2026-10-07T12:44:45Z  OBSERVE  checkoutservice->paymentservice  rpr=0.0000  low=531 high=0  attempts=3  state=ON  metric=rpr
2026-10-07T12:44:45Z  OBSERVE  checkoutservice->shippingservice  rpr=0.0000  low=531 high=0  attempts=3  state=ON  metric=rpr
2026-10-07T12:44:45Z  OBSERVE  recommendationservice->productcatalogservice  rpr=0.0000  low=532 high=0  attempts=3  state=ON  metric=rpr
2026-10-07T12:44:46Z  OBSERVE  frontend->adservice  rpr=0.0000  low=533 high=0  attempts=3  state=ON  metric=rpr
2026-10-07T12:44:46Z  OBSERVE  frontend->cartservice  rpr=0.0000  low=534 high=0  attempts=3  state=ON  metric=rpr
2026-10-07T12:44:46Z  OBSERVE  frontend->checkoutservice  rpr=0.0000  low=25 high=0  attempts=3  state=ON  metric=rpr
2026-10-07T12:44:46Z  OBSERVE  frontend->currencyservice  rpr=0.0000  low=534 high=0  attempts=3  state=ON  metric=rpr
2026-10-07T12:44:46Z  OBSERVE  frontend->productcatalogservice  rpr=0.0000  low=534 high=0  attempts=3  state=ON  metric=rpr
2026-10-07T12:44:46Z  OBSERVE  frontend->recommendationservice  rpr=0.4864  low=1 high=0  attempts=3  state=ON  metric=rpr
2026-10-07T12:44:46Z  OBSERVE  frontend->shippingservice  rpr=0.0000  low=533 high=0  attempts=3  state=ON  metric=rpr
2026-10-07T12:44:46Z  OBSERVE  checkoutservice->cartservice  rpr=0.0000  low=532 high=0  attempts=3  state=ON  metric=rpr
2026-10-07T12:44:46Z  OBSERVE  checkoutservice->currencyservice  rpr=0.0000  low=532 high=0  attempts=3  state=ON  metric=rpr
2026-10-07T12:44:46Z  OBSERVE  checkoutservice->emailservice  rpr=0.0000  low=530 high=0  attempts=3  state=ON  metric=rpr
2026-10-07T12:44:46Z  OBSERVE  checkoutservice->paymentservice  rpr=0.0000  low=532 high=0  attempts=3  state=ON  metric=rpr
2026-10-07T12:44:46Z  OBSERVE  checkoutservice->shippingservice  rpr=0.0000  low=532 high=0  attempts=3  state=ON  metric=rpr
2026-10-07T12:44:46Z  OBSERVE  recommendationservice->productcatalogservice  rpr=0.0000  low=533 high=0  attempts=3  state=ON  metric=rpr
2026-10-07T12:44:47Z  OBSERVE  frontend->adservice  rpr=0.0000  low=534 high=0  attempts=3  state=ON  metric=rpr
2026-10-07T12:44:47Z  OBSERVE  frontend->cartservice  rpr=0.0000  low=535 high=0  attempts=3  state=ON  metric=rpr
2026-10-07T12:44:47Z  OBSERVE  frontend->checkoutservice  rpr=0.0000  low=26 high=0  attempts=3  state=ON  metric=rpr
2026-10-07T12:44:47Z  OBSERVE  frontend->currencyservice  rpr=0.0000  low=535 high=0  attempts=3  state=ON  metric=rpr
2026-10-07T12:44:47Z  OBSERVE  frontend->productcatalogservice  rpr=0.0000  low=535 high=0  attempts=3  state=ON  metric=rpr
2026-10-07T12:44:47Z  OBSERVE  frontend->recommendationservice  rpr=0.6569  low=0 high=1  attempts=3  state=ON  metric=rpr
2026-10-07T12:44:47Z  OBSERVE  frontend->shippingservice  rpr=0.0000  low=534 high=0  attempts=3  state=ON  metric=rpr
2026-10-07T12:44:47Z  OBSERVE  checkoutservice->cartservice  rpr=0.0000  low=533 high=0  attempts=3  state=ON  metric=rpr
2026-10-07T12:44:47Z  OBSERVE  checkoutservice->currencyservice  rpr=0.0000  low=533 high=0  attempts=3  state=ON  metric=rpr
2026-10-07T12:44:47Z  OBSERVE  checkoutservice->emailservice  rpr=0.0000  low=531 high=0  attempts=3  state=ON  metric=rpr
2026-10-07T12:44:47Z  OBSERVE  checkoutservice->paymentservice  rpr=0.0000  low=533 high=0  attempts=3  state=ON  metric=rpr
2026-10-07T12:44:47Z  OBSERVE  checkoutservice->shippingservice  rpr=0.0000  low=533 high=0  attempts=3  state=ON  metric=rpr
2026-10-07T12:44:47Z  OBSERVE  recommendationservice->productcatalogservice  rpr=0.0000  low=534 high=0  attempts=3  state=ON  metric=rpr
2026-10-07T12:44:48Z  OBSERVE  frontend->adservice  rpr=0.0000  low=535 high=0  attempts=3  state=ON  metric=rpr
2026-10-07T12:44:48Z  OBSERVE  frontend->cartservice  rpr=0.0000  low=536 high=0  attempts=3  state=ON  metric=rpr
2026-10-07T12:44:48Z  OBSERVE  frontend->checkoutservice  rpr=0.0000  low=27 high=0  attempts=3  state=ON  metric=rpr
2026-10-07T12:44:48Z  OBSERVE  frontend->currencyservice  rpr=0.0000  low=536 high=0  attempts=3  state=ON  metric=rpr
2026-10-07T12:44:48Z  OBSERVE  frontend->productcatalogservice  rpr=0.0000  low=536 high=0  attempts=3  state=ON  metric=rpr
2026-10-07T12:44:48Z  OBSERVE  frontend->recommendationservice  rpr=0.8315  low=0 high=2  attempts=3  state=ON  metric=rpr
2026-10-07T12:44:48Z  OBSERVE  frontend->shippingservice  rpr=0.0000  low=535 high=0  attempts=3  state=ON  metric=rpr
2026-10-07T12:44:48Z  OBSERVE  checkoutservice->cartservice  rpr=0.0000  low=534 high=0  attempts=3  state=ON  metric=rpr
2026-10-07T12:44:48Z  OBSERVE  checkoutservice->currencyservice  rpr=0.0000  low=534 high=0  attempts=3  state=ON  metric=rpr
2026-10-07T12:44:48Z  OBSERVE  checkoutservice->emailservice  rpr=0.0000  low=532 high=0  attempts=3  state=ON  metric=rpr
2026-10-07T12:44:48Z  OBSERVE  checkoutservice->paymentservice  rpr=0.0000  low=534 high=0  attempts=3  state=ON  metric=rpr
2026-10-07T12:44:48Z  OBSERVE  checkoutservice->shippingservice  rpr=0.0000  low=534 high=0  attempts=3  state=ON  metric=rpr
2026-10-07T12:44:48Z  OBSERVE  recommendationservice->productcatalogservice  rpr=0.0000  low=535 high=0  attempts=3  state=ON  metric=rpr
2026-10-07T12:44:49Z  OBSERVE  frontend->adservice  rpr=0.0000  low=536 high=0  attempts=3  state=ON  metric=rpr
2026-10-07T12:44:49Z  OBSERVE  frontend->cartservice  rpr=0.0000  low=537 high=0  attempts=3  state=ON  metric=rpr
2026-10-07T12:44:49Z  OBSERVE  frontend->checkoutservice  rpr=0.0000  low=28 high=0  attempts=3  state=ON  metric=rpr
2026-10-07T12:44:49Z  OBSERVE  frontend->currencyservice  rpr=0.0000  low=537 high=0  attempts=3  state=ON  metric=rpr
2026-10-07T12:44:49Z  OBSERVE  frontend->productcatalogservice  rpr=0.0000  low=537 high=0  attempts=3  state=ON  metric=rpr
2026-10-07T12:44:49Z  OBSERVE  frontend->recommendationservice  rpr=0.7059  low=0 high=3  attempts=3  state=ON  metric=rpr
2026-10-07T12:44:49Z  OBSERVE  frontend->shippingservice  rpr=0.0000  low=536 high=0  attempts=3  state=ON  metric=rpr
2026-10-07T12:44:49Z  OBSERVE  checkoutservice->cartservice  rpr=0.0000  low=535 high=0  attempts=3  state=ON  metric=rpr
2026-10-07T12:44:49Z  OBSERVE  checkoutservice->currencyservice  rpr=0.0000  low=535 high=0  attempts=3  state=ON  metric=rpr
2026-10-07T12:44:49Z  OBSERVE  checkoutservice->emailservice  rpr=0.0000  low=533 high=0  attempts=3  state=ON  metric=rpr
2026-10-07T12:44:49Z  OBSERVE  checkoutservice->paymentservice  rpr=0.0000  low=535 high=0  attempts=3  state=ON  metric=rpr
2026-10-07T12:44:49Z  OBSERVE  checkoutservice->shippingservice  rpr=0.0000  low=535 high=0  attempts=3  state=ON  metric=rpr
2026-10-07T12:44:49Z  OBSERVE  recommendationservice->productcatalogservice  rpr=0.0000  low=536 high=0  attempts=3  state=ON  metric=rpr
2026-10-07T12:44:50Z  OBSERVE  frontend->adservice  rpr=0.0000  low=537 high=0  attempts=3  state=ON  metric=rpr
2026-10-07T12:44:50Z  OBSERVE  frontend->cartservice  rpr=0.0000  low=538 high=0  attempts=3  state=ON  metric=rpr
2026-10-07T12:44:50Z  OBSERVE  frontend->checkoutservice  rpr=0.0000  low=29 high=0  attempts=3  state=ON  metric=rpr
2026-10-07T12:44:50Z  OBSERVE  frontend->currencyservice  rpr=0.0000  low=538 high=0  attempts=3  state=ON  metric=rpr
2026-10-07T12:44:50Z  OBSERVE  frontend->productcatalogservice  rpr=0.0000  low=538 high=0  attempts=3  state=ON  metric=rpr
2026-10-07T12:44:50Z  OBSERVE  frontend->recommendationservice  rpr=1.1395  low=0 high=4  attempts=3  state=ON  metric=rpr
2026-10-07T12:44:50Z  OBSERVE  frontend->shippingservice  rpr=0.0000  low=537 high=0  attempts=3  state=ON  metric=rpr
2026-10-07T12:44:50Z  OBSERVE  checkoutservice->cartservice  rpr=0.0000  low=536 high=0  attempts=3  state=ON  metric=rpr
2026-10-07T12:44:50Z  OBSERVE  checkoutservice->currencyservice  rpr=0.0000  low=536 high=0  attempts=3  state=ON  metric=rpr
2026-10-07T12:44:50Z  OBSERVE  checkoutservice->emailservice  rpr=0.0000  low=534 high=0  attempts=3  state=ON  metric=rpr
2026-10-07T12:44:50Z  OBSERVE  checkoutservice->paymentservice  rpr=0.0000  low=536 high=0  attempts=3  state=ON  metric=rpr
2026-10-07T12:44:50Z  OBSERVE  checkoutservice->shippingservice  rpr=0.0000  low=536 high=0  attempts=3  state=ON  metric=rpr
2026-10-07T12:44:50Z  OBSERVE  recommendationservice->productcatalogservice  rpr=0.0000  low=537 high=0  attempts=3  state=ON  metric=rpr
2026-10-07T12:44:51Z  OBSERVE  frontend->adservice  rpr=0.0000  low=538 high=0  attempts=3  state=ON  metric=rpr
2026-10-07T12:44:51Z  OBSERVE  frontend->cartservice  rpr=0.0000  low=539 high=0  attempts=3  state=ON  metric=rpr
2026-10-07T12:44:51Z  OBSERVE  frontend->checkoutservice  rpr=0.0000  low=30 high=0  attempts=3  state=ON  metric=rpr
2026-10-07T12:44:51Z  OBSERVE  frontend->currencyservice  rpr=0.0000  low=539 high=0  attempts=3  state=ON  metric=rpr
2026-10-07T12:44:51Z  OBSERVE  frontend->productcatalogservice  rpr=0.0000  low=539 high=0  attempts=3  state=ON  metric=rpr
2026-10-07T12:44:51Z  OBSERVE  frontend->recommendationservice  rpr=0.6733  low=0 high=5  attempts=3  state=ON  metric=rpr
2026-10-07T12:44:51Z  OBSERVE  frontend->shippingservice  rpr=0.0000  low=538 high=0  attempts=3  state=ON  metric=rpr
2026-10-07T12:44:51Z  OBSERVE  checkoutservice->cartservice  rpr=0.0000  low=537 high=0  attempts=3  state=ON  metric=rpr
2026-10-07T12:44:51Z  OBSERVE  checkoutservice->currencyservice  rpr=0.0000  low=537 high=0  attempts=3  state=ON  metric=rpr
2026-10-07T12:44:51Z  OBSERVE  checkoutservice->emailservice  rpr=0.0000  low=535 high=0  attempts=3  state=ON  metric=rpr
2026-10-07T12:44:51Z  OBSERVE  checkoutservice->paymentservice  rpr=0.0000  low=537 high=0  attempts=3  state=ON  metric=rpr
2026-10-07T12:44:51Z  OBSERVE  checkoutservice->shippingservice  rpr=0.0000  low=537 high=0  attempts=3  state=ON  metric=rpr
2026-10-07T12:44:51Z  OBSERVE  recommendationservice->productcatalogservice  rpr=0.0000  low=538 high=0  attempts=3  state=ON  metric=rpr
2026-10-07T12:44:52Z  OBSERVE  frontend->adservice  rpr=0.0000  low=539 high=0  attempts=3  state=ON  metric=rpr
2026-10-07T12:44:52Z  OBSERVE  frontend->cartservice  rpr=0.0000  low=540 high=0  attempts=3  state=ON  metric=rpr
2026-10-07T12:44:52Z  OBSERVE  frontend->checkoutservice  rpr=0.0000  low=31 high=0  attempts=3  state=ON  metric=rpr
2026-10-07T12:44:52Z  OBSERVE  frontend->currencyservice  rpr=0.0000  low=540 high=0  attempts=3  state=ON  metric=rpr
2026-10-07T12:44:52Z  OBSERVE  frontend->productcatalogservice  rpr=0.0000  low=540 high=0  attempts=3  state=ON  metric=rpr
2026-10-07T12:44:52Z  OBSERVE  frontend->recommendationservice  rpr=0.7473  low=0 high=6  attempts=3  state=ON  metric=rpr
2026-10-07T12:44:52Z  OBSERVE  frontend->shippingservice  rpr=0.0000  low=539 high=0  attempts=3  state=ON  metric=rpr
2026-10-07T12:44:52Z  OBSERVE  checkoutservice->cartservice  rpr=0.0000  low=538 high=0  attempts=3  state=ON  metric=rpr
2026-10-07T12:44:52Z  OBSERVE  checkoutservice->currencyservice  rpr=0.0000  low=538 high=0  attempts=3  state=ON  metric=rpr
2026-10-07T12:44:52Z  OBSERVE  checkoutservice->emailservice  rpr=0.0000  low=536 high=0  attempts=3  state=ON  metric=rpr
2026-10-07T12:44:52Z  OBSERVE  checkoutservice->paymentservice  rpr=0.0000  low=538 high=0  attempts=3  state=ON  metric=rpr
2026-10-07T12:44:52Z  OBSERVE  checkoutservice->shippingservice  rpr=0.0000  low=538 high=0  attempts=3  state=ON  metric=rpr
2026-10-07T12:44:52Z  OBSERVE  recommendationservice->productcatalogservice  rpr=0.0000  low=539 high=0  attempts=3  state=ON  metric=rpr
2026-10-07T12:44:53Z  OBSERVE  frontend->adservice  rpr=0.0000  low=540 high=0  attempts=3  state=ON  metric=rpr
2026-10-07T12:44:53Z  OBSERVE  frontend->cartservice  rpr=0.0000  low=541 high=0  attempts=3  state=ON  metric=rpr
2026-10-07T12:44:53Z  OBSERVE  frontend->checkoutservice  rpr=0.0000  low=32 high=0  attempts=3  state=ON  metric=rpr
2026-10-07T12:44:53Z  OBSERVE  frontend->currencyservice  rpr=0.0000  low=541 high=0  attempts=3  state=ON  metric=rpr
2026-10-07T12:44:53Z  OBSERVE  frontend->productcatalogservice  rpr=0.0000  low=541 high=0  attempts=3  state=ON  metric=rpr
2026-10-07T12:44:53Z  OBSERVE  frontend->recommendationservice  rpr=0.7372  low=0 high=7  attempts=3  state=ON  metric=rpr
2026-10-07T12:44:53Z  OBSERVE  frontend->shippingservice  rpr=0.0000  low=540 high=0  attempts=3  state=ON  metric=rpr
2026-10-07T12:44:53Z  OBSERVE  checkoutservice->cartservice  rpr=0.0000  low=539 high=0  attempts=3  state=ON  metric=rpr
2026-10-07T12:44:53Z  OBSERVE  checkoutservice->currencyservice  rpr=0.0000  low=539 high=0  attempts=3  state=ON  metric=rpr
2026-10-07T12:44:53Z  OBSERVE  checkoutservice->emailservice  rpr=0.0000  low=537 high=0  attempts=3  state=ON  metric=rpr
2026-10-07T12:44:53Z  OBSERVE  checkoutservice->paymentservice  rpr=0.0000  low=539 high=0  attempts=3  state=ON  metric=rpr
2026-10-07T12:44:53Z  OBSERVE  checkoutservice->shippingservice  rpr=0.0000  low=539 high=0  attempts=3  state=ON  metric=rpr
2026-10-07T12:44:53Z  OBSERVE  recommendationservice->productcatalogservice  rpr=0.0000  low=540 high=0  attempts=3  state=ON  metric=rpr
2026-10-07T12:44:54Z  OBSERVE  frontend->adservice  rpr=0.0000  low=541 high=0  attempts=3  state=ON  metric=rpr
2026-10-07T12:44:54Z  OBSERVE  frontend->cartservice  rpr=0.0000  low=542 high=0  attempts=3  state=ON  metric=rpr
2026-10-07T12:44:54Z  OBSERVE  frontend->checkoutservice  rpr=0.0000  low=33 high=0  attempts=3  state=ON  metric=rpr
2026-10-07T12:44:54Z  OBSERVE  frontend->currencyservice  rpr=0.0000  low=542 high=0  attempts=3  state=ON  metric=rpr
2026-10-07T12:44:54Z  OBSERVE  frontend->productcatalogservice  rpr=0.0000  low=542 high=0  attempts=3  state=ON  metric=rpr
2026-10-07T12:44:54Z  OBSERVE  frontend->recommendationservice  rpr=0.8040  low=0 high=8  attempts=3  state=ON  metric=rpr
2026-10-07T12:44:54Z  OBSERVE  frontend->shippingservice  rpr=0.0000  low=541 high=0  attempts=3  state=ON  metric=rpr
2026-10-07T12:44:54Z  OBSERVE  checkoutservice->cartservice  rpr=0.0000  low=540 high=0  attempts=3  state=ON  metric=rpr
2026-10-07T12:44:54Z  OBSERVE  checkoutservice->currencyservice  rpr=0.0000  low=540 high=0  attempts=3  state=ON  metric=rpr
2026-10-07T12:44:54Z  OBSERVE  checkoutservice->emailservice  rpr=0.0000  low=538 high=0  attempts=3  state=ON  metric=rpr
2026-10-07T12:44:54Z  OBSERVE  checkoutservice->paymentservice  rpr=0.0000  low=540 high=0  attempts=3  state=ON  metric=rpr
2026-10-07T12:44:54Z  OBSERVE  checkoutservice->shippingservice  rpr=0.0000  low=540 high=0  attempts=3  state=ON  metric=rpr
2026-10-07T12:44:54Z  OBSERVE  recommendationservice->productcatalogservice  rpr=0.0000  low=541 high=0  attempts=3  state=ON  metric=rpr
2026-10-07T12:44:55Z  OBSERVE  frontend->adservice  rpr=0.0000  low=542 high=0  attempts=3  state=ON  metric=rpr
2026-10-07T12:44:55Z  OBSERVE  frontend->cartservice  rpr=0.0000  low=543 high=0  attempts=3  state=ON  metric=rpr
2026-10-07T12:44:55Z  OBSERVE  frontend->checkoutservice  rpr=0.0000  low=34 high=0  attempts=3  state=ON  metric=rpr
2026-10-07T12:44:55Z  OBSERVE  frontend->currencyservice  rpr=0.0000  low=543 high=0  attempts=3  state=ON  metric=rpr
2026-10-07T12:44:55Z  OBSERVE  frontend->productcatalogservice  rpr=0.0000  low=543 high=0  attempts=3  state=ON  metric=rpr
2026-10-07T12:44:55Z  OBSERVE  frontend->recommendationservice  rpr=0.6675  low=0 high=9  attempts=3  state=ON  metric=rpr
2026-10-07T12:44:55Z  OBSERVE  frontend->shippingservice  rpr=0.0000  low=542 high=0  attempts=3  state=ON  metric=rpr
2026-10-07T12:44:55Z  OBSERVE  checkoutservice->cartservice  rpr=0.0000  low=541 high=0  attempts=3  state=ON  metric=rpr
2026-10-07T12:44:55Z  OBSERVE  checkoutservice->currencyservice  rpr=0.0000  low=541 high=0  attempts=3  state=ON  metric=rpr
2026-10-07T12:44:55Z  OBSERVE  checkoutservice->emailservice  rpr=0.0000  low=539 high=0  attempts=3  state=ON  metric=rpr
2026-10-07T12:44:55Z  OBSERVE  checkoutservice->paymentservice  rpr=0.0000  low=541 high=0  attempts=3  state=ON  metric=rpr
2026-10-07T12:44:55Z  OBSERVE  checkoutservice->shippingservice  rpr=0.0000  low=541 high=0  attempts=3  state=ON  metric=rpr
2026-10-07T12:44:55Z  OBSERVE  recommendationservice->productcatalogservice  rpr=0.0000  low=542 high=0  attempts=3  state=ON  metric=rpr
2026-10-07T12:44:56Z  OBSERVE  frontend->adservice  rpr=0.0000  low=543 high=0  attempts=3  state=ON  metric=rpr
2026-10-07T12:44:56Z  OBSERVE  frontend->cartservice  rpr=0.0000  low=544 high=0  attempts=3  state=ON  metric=rpr
2026-10-07T12:44:56Z  OBSERVE  frontend->checkoutservice  rpr=0.0000  low=35 high=0  attempts=3  state=ON  metric=rpr
2026-10-07T12:44:56Z  OBSERVE  frontend->currencyservice  rpr=0.0000  low=544 high=0  attempts=3  state=ON  metric=rpr
2026-10-07T12:44:56Z  OBSERVE  frontend->productcatalogservice  rpr=0.0000  low=544 high=0  attempts=3  state=ON  metric=rpr
2026-10-07T12:44:56Z  OBSERVE  frontend->recommendationservice  rpr=0.6658  low=0 high=10  attempts=3  state=ON  metric=rpr
2026-10-07T12:44:56Z  OBSERVE  frontend->shippingservice  rpr=0.0000  low=543 high=0  attempts=3  state=ON  metric=rpr
2026-10-07T12:44:56Z  OBSERVE  checkoutservice->cartservice  rpr=0.0000  low=542 high=0  attempts=3  state=ON  metric=rpr
2026-10-07T12:44:56Z  OBSERVE  checkoutservice->currencyservice  rpr=0.0000  low=542 high=0  attempts=3  state=ON  metric=rpr
2026-10-07T12:44:56Z  OBSERVE  checkoutservice->emailservice  rpr=0.0000  low=540 high=0  attempts=3  state=ON  metric=rpr
2026-10-07T12:44:56Z  OBSERVE  checkoutservice->paymentservice  rpr=0.0000  low=542 high=0  attempts=3  state=ON  metric=rpr
2026-10-07T12:44:56Z  OBSERVE  checkoutservice->shippingservice  rpr=0.0000  low=542 high=0  attempts=3  state=ON  metric=rpr
2026-10-07T12:44:56Z  OBSERVE  recommendationservice->productcatalogservice  rpr=0.0000  low=543 high=0  attempts=3  state=ON  metric=rpr
2026-10-07T12:44:57Z  OBSERVE  frontend->adservice  rpr=0.0000  low=544 high=0  attempts=3  state=ON  metric=rpr
2026-10-07T12:44:57Z  OBSERVE  frontend->cartservice  rpr=0.0000  low=545 high=0  attempts=3  state=ON  metric=rpr
2026-10-07T12:44:57Z  OBSERVE  frontend->checkoutservice  rpr=0.0000  low=36 high=0  attempts=3  state=ON  metric=rpr
2026-10-07T12:44:57Z  OBSERVE  frontend->currencyservice  rpr=0.0000  low=545 high=0  attempts=3  state=ON  metric=rpr
2026-10-07T12:44:57Z  OBSERVE  frontend->productcatalogservice  rpr=0.0000  low=545 high=0  attempts=3  state=ON  metric=rpr
2026-10-07T12:44:57Z  OBSERVE  frontend->recommendationservice  rpr=0.8546  low=0 high=11  attempts=3  state=ON  metric=rpr
2026-10-07T12:44:57Z  OBSERVE  frontend->shippingservice  rpr=0.0000  low=544 high=0  attempts=3  state=ON  metric=rpr
2026-10-07T12:44:57Z  OBSERVE  checkoutservice->cartservice  rpr=0.0000  low=543 high=0  attempts=3  state=ON  metric=rpr
2026-10-07T12:44:57Z  OBSERVE  checkoutservice->currencyservice  rpr=0.0000  low=543 high=0  attempts=3  state=ON  metric=rpr
2026-10-07T12:44:57Z  OBSERVE  checkoutservice->emailservice  rpr=0.0000  low=541 high=0  attempts=3  state=ON  metric=rpr
2026-10-07T12:44:57Z  OBSERVE  checkoutservice->paymentservice  rpr=0.0000  low=543 high=0  attempts=3  state=ON  metric=rpr
2026-10-07T12:44:57Z  OBSERVE  checkoutservice->shippingservice  rpr=0.0000  low=543 high=0  attempts=3  state=ON  metric=rpr
2026-10-07T12:44:57Z  OBSERVE  recommendationservice->productcatalogservice  rpr=0.0000  low=544 high=0  attempts=3  state=ON  metric=rpr
2026-10-07T12:44:58Z  OBSERVE  frontend->adservice  rpr=0.0000  low=545 high=0  attempts=3  state=ON  metric=rpr
2026-10-07T12:44:58Z  OBSERVE  frontend->cartservice  rpr=0.0000  low=546 high=0  attempts=3  state=ON  metric=rpr
2026-10-07T12:44:58Z  OBSERVE  frontend->checkoutservice  rpr=0.0000  low=37 high=0  attempts=3  state=ON  metric=rpr
2026-10-07T12:44:58Z  OBSERVE  frontend->currencyservice  rpr=0.0000  low=546 high=0  attempts=3  state=ON  metric=rpr
2026-10-07T12:44:58Z  OBSERVE  frontend->productcatalogservice  rpr=0.0000  low=546 high=0  attempts=3  state=ON  metric=rpr
2026-10-07T12:44:58Z  OBSERVE  frontend->recommendationservice  rpr=0.8450  low=0 high=12  attempts=3  state=ON  metric=rpr
2026-10-07T12:44:58Z  OBSERVE  frontend->shippingservice  rpr=0.0000  low=545 high=0  attempts=3  state=ON  metric=rpr
2026-10-07T12:44:58Z  OBSERVE  checkoutservice->cartservice  rpr=0.0000  low=544 high=0  attempts=3  state=ON  metric=rpr
2026-10-07T12:44:58Z  OBSERVE  checkoutservice->currencyservice  rpr=0.0000  low=544 high=0  attempts=3  state=ON  metric=rpr
2026-10-07T12:44:58Z  OBSERVE  checkoutservice->emailservice  rpr=0.0000  low=542 high=0  attempts=3  state=ON  metric=rpr
2026-10-07T12:44:58Z  OBSERVE  checkoutservice->paymentservice  rpr=0.0000  low=544 high=0  attempts=3  state=ON  metric=rpr
2026-10-07T12:44:58Z  OBSERVE  checkoutservice->shippingservice  rpr=0.0000  low=544 high=0  attempts=3  state=ON  metric=rpr
2026-10-07T12:44:58Z  OBSERVE  recommendationservice->productcatalogservice  rpr=0.0000  low=545 high=0  attempts=3  state=ON  metric=rpr
2026-10-07T12:44:59Z  OBSERVE  frontend->adservice  rpr=0.0000  low=546 high=0  attempts=3  state=ON  metric=rpr
2026-10-07T12:44:59Z  OBSERVE  frontend->cartservice  rpr=0.0000  low=547 high=0  attempts=3  state=ON  metric=rpr
2026-10-07T12:44:59Z  OBSERVE  frontend->checkoutservice  rpr=0.0000  low=38 high=0  attempts=3  state=ON  metric=rpr
2026-10-07T12:44:59Z  OBSERVE  frontend->currencyservice  rpr=0.0000  low=547 high=0  attempts=3  state=ON  metric=rpr
2026-10-07T12:44:59Z  OBSERVE  frontend->productcatalogservice  rpr=0.0000  low=547 high=0  attempts=3  state=ON  metric=rpr
2026-10-07T12:44:59Z  OBSERVE  frontend->recommendationservice  rpr=0.7056  low=0 high=13  attempts=3  state=ON  metric=rpr
2026-10-07T12:44:59Z  OBSERVE  frontend->shippingservice  rpr=0.0000  low=546 high=0  attempts=3  state=ON  metric=rpr
2026-10-07T12:44:59Z  OBSERVE  checkoutservice->cartservice  rpr=0.0000  low=545 high=0  attempts=3  state=ON  metric=rpr
2026-10-07T12:44:59Z  OBSERVE  checkoutservice->currencyservice  rpr=0.0000  low=545 high=0  attempts=3  state=ON  metric=rpr
2026-10-07T12:44:59Z  OBSERVE  checkoutservice->emailservice  rpr=0.0000  low=543 high=0  attempts=3  state=ON  metric=rpr
2026-10-07T12:44:59Z  OBSERVE  checkoutservice->paymentservice  rpr=0.0000  low=545 high=0  attempts=3  state=ON  metric=rpr
2026-10-07T12:44:59Z  OBSERVE  checkoutservice->shippingservice  rpr=0.0000  low=545 high=0  attempts=3  state=ON  metric=rpr
2026-10-07T12:44:59Z  OBSERVE  recommendationservice->productcatalogservice  rpr=0.0000  low=546 high=0  attempts=3  state=ON  metric=rpr
2026-10-07T12:45:00Z  OBSERVE  frontend->adservice  rpr=0.0000  low=547 high=0  attempts=3  state=ON  metric=rpr
2026-10-07T12:45:00Z  OBSERVE  frontend->cartservice  rpr=0.0000  low=548 high=0  attempts=3  state=ON  metric=rpr
2026-10-07T12:45:00Z  OBSERVE  frontend->checkoutservice  rpr=0.0000  low=39 high=0  attempts=3  state=ON  metric=rpr
2026-10-07T12:45:00Z  OBSERVE  frontend->currencyservice  rpr=0.0000  low=548 high=0  attempts=3  state=ON  metric=rpr
2026-10-07T12:45:00Z  OBSERVE  frontend->productcatalogservice  rpr=0.0000  low=548 high=0  attempts=3  state=ON  metric=rpr
2026-10-07T12:45:00Z  OBSERVE  frontend->recommendationservice  rpr=0.7419  low=0 high=14  attempts=3  state=ON  metric=rpr
2026-10-07T12:45:00Z  OBSERVE  frontend->shippingservice  rpr=0.0000  low=547 high=0  attempts=3  state=ON  metric=rpr
2026-10-07T12:45:00Z  OBSERVE  checkoutservice->cartservice  rpr=0.0000  low=546 high=0  attempts=3  state=ON  metric=rpr
2026-10-07T12:45:00Z  OBSERVE  checkoutservice->currencyservice  rpr=0.0000  low=546 high=0  attempts=3  state=ON  metric=rpr
2026-10-07T12:45:00Z  OBSERVE  checkoutservice->emailservice  rpr=0.0000  low=544 high=0  attempts=3  state=ON  metric=rpr
2026-10-07T12:45:00Z  OBSERVE  checkoutservice->paymentservice  rpr=0.0000  low=546 high=0  attempts=3  state=ON  metric=rpr
2026-10-07T12:45:00Z  OBSERVE  checkoutservice->shippingservice  rpr=0.0000  low=546 high=0  attempts=3  state=ON  metric=rpr
2026-10-07T12:45:00Z  OBSERVE  recommendationservice->productcatalogservice  rpr=0.0000  low=547 high=0  attempts=3  state=ON  metric=rpr
2026-10-07T12:45:01Z  OBSERVE  frontend->adservice  rpr=0.0000  low=548 high=0  attempts=3  state=ON  metric=rpr
2026-10-07T12:45:01Z  OBSERVE  frontend->cartservice  rpr=0.0000  low=549 high=0  attempts=3  state=ON  metric=rpr
2026-10-07T12:45:01Z  OBSERVE  frontend->checkoutservice  rpr=0.0000  low=40 high=0  attempts=3  state=ON  metric=rpr
2026-10-07T12:45:01Z  OBSERVE  frontend->currencyservice  rpr=0.0000  low=549 high=0  attempts=3  state=ON  metric=rpr
2026-10-07T12:45:01Z  OBSERVE  frontend->productcatalogservice  rpr=0.0000  low=549 high=0  attempts=3  state=ON  metric=rpr
2026-10-07T12:45:01Z  OBSERVE  frontend->recommendationservice  rpr=0.4838  low=1 high=0  attempts=3  state=ON  metric=rpr
2026-10-07T12:45:01Z  OBSERVE  frontend->shippingservice  rpr=0.0000  low=548 high=0  attempts=3  state=ON  metric=rpr
2026-10-07T12:45:01Z  OBSERVE  checkoutservice->cartservice  rpr=0.0000  low=547 high=0  attempts=3  state=ON  metric=rpr
2026-10-07T12:45:01Z  OBSERVE  checkoutservice->currencyservice  rpr=0.0000  low=547 high=0  attempts=3  state=ON  metric=rpr
2026-10-07T12:45:01Z  OBSERVE  checkoutservice->emailservice  rpr=0.0000  low=545 high=0  attempts=3  state=ON  metric=rpr
2026-10-07T12:45:01Z  OBSERVE  checkoutservice->paymentservice  rpr=0.0000  low=547 high=0  attempts=3  state=ON  metric=rpr
2026-10-07T12:45:01Z  OBSERVE  checkoutservice->shippingservice  rpr=0.0000  low=547 high=0  attempts=3  state=ON  metric=rpr
2026-10-07T12:45:01Z  OBSERVE  recommendationservice->productcatalogservice  rpr=0.0000  low=548 high=0  attempts=3  state=ON  metric=rpr
2026-10-07T12:45:02Z  OBSERVE  frontend->adservice  rpr=0.0000  low=549 high=0  attempts=3  state=ON  metric=rpr
2026-10-07T12:45:02Z  OBSERVE  frontend->cartservice  rpr=0.0000  low=550 high=0  attempts=3  state=ON  metric=rpr
2026-10-07T12:45:02Z  OBSERVE  frontend->checkoutservice  rpr=0.0000  low=41 high=0  attempts=3  state=ON  metric=rpr
2026-10-07T12:45:02Z  OBSERVE  frontend->currencyservice  rpr=0.0000  low=550 high=0  attempts=3  state=ON  metric=rpr
2026-10-07T12:45:02Z  OBSERVE  frontend->productcatalogservice  rpr=0.0000  low=550 high=0  attempts=3  state=ON  metric=rpr
2026-10-07T12:45:02Z  OBSERVE  frontend->recommendationservice  rpr=0.5379  low=0 high=1  attempts=3  state=ON  metric=rpr
2026-10-07T12:45:02Z  OBSERVE  frontend->shippingservice  rpr=0.0000  low=549 high=0  attempts=3  state=ON  metric=rpr
2026-10-07T12:45:02Z  OBSERVE  checkoutservice->cartservice  rpr=0.0000  low=548 high=0  attempts=3  state=ON  metric=rpr
2026-10-07T12:45:02Z  OBSERVE  checkoutservice->currencyservice  rpr=0.0000  low=548 high=0  attempts=3  state=ON  metric=rpr
2026-10-07T12:45:02Z  OBSERVE  checkoutservice->emailservice  rpr=0.0000  low=546 high=0  attempts=3  state=ON  metric=rpr
2026-10-07T12:45:02Z  OBSERVE  checkoutservice->paymentservice  rpr=0.0000  low=548 high=0  attempts=3  state=ON  metric=rpr
2026-10-07T12:45:02Z  OBSERVE  checkoutservice->shippingservice  rpr=0.0000  low=548 high=0  attempts=3  state=ON  metric=rpr
2026-10-07T12:45:02Z  OBSERVE  recommendationservice->productcatalogservice  rpr=0.0000  low=549 high=0  attempts=3  state=ON  metric=rpr
2026-10-07T12:45:03Z  OBSERVE  frontend->adservice  rpr=0.0000  low=550 high=0  attempts=3  state=ON  metric=rpr
2026-10-07T12:45:03Z  OBSERVE  frontend->cartservice  rpr=0.0000  low=551 high=0  attempts=3  state=ON  metric=rpr
2026-10-07T12:45:03Z  OBSERVE  frontend->checkoutservice  rpr=0.0000  low=42 high=0  attempts=3  state=ON  metric=rpr
2026-10-07T12:45:03Z  OBSERVE  frontend->currencyservice  rpr=0.0000  low=551 high=0  attempts=3  state=ON  metric=rpr
2026-10-07T12:45:03Z  OBSERVE  frontend->productcatalogservice  rpr=0.0000  low=551 high=0  attempts=3  state=ON  metric=rpr
2026-10-07T12:45:03Z  OBSERVE  frontend->recommendationservice  rpr=1.2294  low=0 high=2  attempts=3  state=ON  metric=rpr
2026-10-07T12:45:03Z  OBSERVE  frontend->shippingservice  rpr=0.0000  low=550 high=0  attempts=3  state=ON  metric=rpr
2026-10-07T12:45:03Z  OBSERVE  checkoutservice->cartservice  rpr=0.0000  low=549 high=0  attempts=3  state=ON  metric=rpr
2026-10-07T12:45:03Z  OBSERVE  checkoutservice->currencyservice  rpr=0.0000  low=549 high=0  attempts=3  state=ON  metric=rpr
2026-10-07T12:45:03Z  OBSERVE  checkoutservice->emailservice  rpr=0.0000  low=547 high=0  attempts=3  state=ON  metric=rpr
2026-10-07T12:45:03Z  OBSERVE  checkoutservice->paymentservice  rpr=0.0000  low=549 high=0  attempts=3  state=ON  metric=rpr
2026-10-07T12:45:03Z  OBSERVE  checkoutservice->shippingservice  rpr=0.0000  low=549 high=0  attempts=3  state=ON  metric=rpr
2026-10-07T12:45:03Z  OBSERVE  recommendationservice->productcatalogservice  rpr=0.0000  low=550 high=0  attempts=3  state=ON  metric=rpr
2026-10-07T12:45:04Z  OBSERVE  frontend->adservice  rpr=0.0000  low=551 high=0  attempts=3  state=ON  metric=rpr
2026-10-07T12:45:04Z  OBSERVE  frontend->cartservice  rpr=0.0000  low=552 high=0  attempts=3  state=ON  metric=rpr
2026-10-07T12:45:04Z  OBSERVE  frontend->checkoutservice  rpr=0.0000  low=43 high=0  attempts=3  state=ON  metric=rpr
2026-10-07T12:45:04Z  OBSERVE  frontend->currencyservice  rpr=0.0000  low=552 high=0  attempts=3  state=ON  metric=rpr
2026-10-07T12:45:04Z  OBSERVE  frontend->productcatalogservice  rpr=0.0000  low=552 high=0  attempts=3  state=ON  metric=rpr
2026-10-07T12:45:04Z  OBSERVE  frontend->recommendationservice  rpr=0.9746  low=0 high=3  attempts=3  state=ON  metric=rpr
2026-10-07T12:45:04Z  OBSERVE  frontend->shippingservice  rpr=0.0000  low=551 high=0  attempts=3  state=ON  metric=rpr
2026-10-07T12:45:04Z  OBSERVE  checkoutservice->cartservice  rpr=0.0000  low=550 high=0  attempts=3  state=ON  metric=rpr
2026-10-07T12:45:04Z  OBSERVE  checkoutservice->currencyservice  rpr=0.0000  low=550 high=0  attempts=3  state=ON  metric=rpr
2026-10-07T12:45:04Z  OBSERVE  checkoutservice->emailservice  rpr=0.0000  low=548 high=0  attempts=3  state=ON  metric=rpr
2026-10-07T12:45:04Z  OBSERVE  checkoutservice->paymentservice  rpr=0.0000  low=550 high=0  attempts=3  state=ON  metric=rpr
2026-10-07T12:45:04Z  OBSERVE  checkoutservice->shippingservice  rpr=0.0000  low=550 high=0  attempts=3  state=ON  metric=rpr
2026-10-07T12:45:04Z  OBSERVE  recommendationservice->productcatalogservice  rpr=0.0000  low=551 high=0  attempts=3  state=ON  metric=rpr
2026-10-07T12:45:05Z  OBSERVE  frontend->adservice  rpr=0.0000  low=552 high=0  attempts=3  state=ON  metric=rpr
2026-10-07T12:45:05Z  OBSERVE  frontend->cartservice  rpr=0.0000  low=553 high=0  attempts=3  state=ON  metric=rpr
2026-10-07T12:45:05Z  OBSERVE  frontend->checkoutservice  rpr=0.0000  low=44 high=0  attempts=3  state=ON  metric=rpr
2026-10-07T12:45:05Z  OBSERVE  frontend->currencyservice  rpr=0.0000  low=553 high=0  attempts=3  state=ON  metric=rpr
2026-10-07T12:45:05Z  OBSERVE  frontend->productcatalogservice  rpr=0.0000  low=553 high=0  attempts=3  state=ON  metric=rpr
2026-10-07T12:45:05Z  OBSERVE  frontend->recommendationservice  rpr=0.6850  low=0 high=4  attempts=3  state=ON  metric=rpr
2026-10-07T12:45:05Z  OBSERVE  frontend->shippingservice  rpr=0.0000  low=552 high=0  attempts=3  state=ON  metric=rpr
2026-10-07T12:45:05Z  OBSERVE  checkoutservice->cartservice  rpr=0.0000  low=551 high=0  attempts=3  state=ON  metric=rpr
2026-10-07T12:45:05Z  OBSERVE  checkoutservice->currencyservice  rpr=0.0000  low=551 high=0  attempts=3  state=ON  metric=rpr
2026-10-07T12:45:05Z  OBSERVE  checkoutservice->emailservice  rpr=0.0000  low=549 high=0  attempts=3  state=ON  metric=rpr
2026-10-07T12:45:05Z  OBSERVE  checkoutservice->paymentservice  rpr=0.0000  low=551 high=0  attempts=3  state=ON  metric=rpr
2026-10-07T12:45:05Z  OBSERVE  checkoutservice->shippingservice  rpr=0.0000  low=551 high=0  attempts=3  state=ON  metric=rpr
2026-10-07T12:45:05Z  OBSERVE  recommendationservice->productcatalogservice  rpr=0.0000  low=552 high=0  attempts=3  state=ON  metric=rpr
2026-10-07T12:45:06Z  OBSERVE  frontend->adservice  rpr=0.0000  low=553 high=0  attempts=3  state=ON  metric=rpr
2026-10-07T12:45:06Z  OBSERVE  frontend->cartservice  rpr=0.0000  low=554 high=0  attempts=3  state=ON  metric=rpr
2026-10-07T12:45:06Z  OBSERVE  frontend->checkoutservice  rpr=0.0000  low=45 high=0  attempts=3  state=ON  metric=rpr
2026-10-07T12:45:06Z  OBSERVE  frontend->currencyservice  rpr=0.0000  low=554 high=0  attempts=3  state=ON  metric=rpr
2026-10-07T12:45:06Z  OBSERVE  frontend->productcatalogservice  rpr=0.0000  low=554 high=0  attempts=3  state=ON  metric=rpr
2026-10-07T12:45:06Z  OBSERVE  frontend->recommendationservice  rpr=0.5071  low=0 high=5  attempts=3  state=ON  metric=rpr
2026-10-07T12:45:06Z  OBSERVE  frontend->shippingservice  rpr=0.0000  low=553 high=0  attempts=3  state=ON  metric=rpr
2026-10-07T12:45:06Z  OBSERVE  checkoutservice->cartservice  rpr=0.0000  low=552 high=0  attempts=3  state=ON  metric=rpr
2026-10-07T12:45:06Z  OBSERVE  checkoutservice->currencyservice  rpr=0.0000  low=552 high=0  attempts=3  state=ON  metric=rpr
2026-10-07T12:45:06Z  OBSERVE  checkoutservice->emailservice  rpr=0.0000  low=550 high=0  attempts=3  state=ON  metric=rpr
2026-10-07T12:45:06Z  OBSERVE  checkoutservice->paymentservice  rpr=0.0000  low=552 high=0  attempts=3  state=ON  metric=rpr
2026-10-07T12:45:06Z  OBSERVE  checkoutservice->shippingservice  rpr=0.0000  low=552 high=0  attempts=3  state=ON  metric=rpr
2026-10-07T12:45:06Z  OBSERVE  recommendationservice->productcatalogservice  rpr=0.0000  low=553 high=0  attempts=3  state=ON  metric=rpr
2026-10-07T12:45:07Z  OBSERVE  frontend->adservice  rpr=0.0000  low=554 high=0  attempts=3  state=ON  metric=rpr
2026-10-07T12:45:07Z  OBSERVE  frontend->cartservice  rpr=0.0000  low=555 high=0  attempts=3  state=ON  metric=rpr
2026-10-07T12:45:07Z  OBSERVE  frontend->checkoutservice  rpr=0.0000  low=46 high=0  attempts=3  state=ON  metric=rpr
2026-10-07T12:45:07Z  OBSERVE  frontend->currencyservice  rpr=0.0000  low=555 high=0  attempts=3  state=ON  metric=rpr
2026-10-07T12:45:07Z  OBSERVE  frontend->productcatalogservice  rpr=0.0000  low=555 high=0  attempts=3  state=ON  metric=rpr
2026-10-07T12:45:07Z  OBSERVE  frontend->recommendationservice  rpr=1.1161  low=0 high=6  attempts=3  state=ON  metric=rpr
2026-10-07T12:45:07Z  OBSERVE  frontend->shippingservice  rpr=0.0000  low=554 high=0  attempts=3  state=ON  metric=rpr
2026-10-07T12:45:07Z  OBSERVE  checkoutservice->cartservice  rpr=0.0000  low=553 high=0  attempts=3  state=ON  metric=rpr
2026-10-07T12:45:07Z  OBSERVE  checkoutservice->currencyservice  rpr=0.0000  low=553 high=0  attempts=3  state=ON  metric=rpr
2026-10-07T12:45:07Z  OBSERVE  checkoutservice->emailservice  rpr=0.0000  low=551 high=0  attempts=3  state=ON  metric=rpr
2026-10-07T12:45:07Z  OBSERVE  checkoutservice->paymentservice  rpr=0.0000  low=553 high=0  attempts=3  state=ON  metric=rpr
2026-10-07T12:45:07Z  OBSERVE  checkoutservice->shippingservice  rpr=0.0000  low=553 high=0  attempts=3  state=ON  metric=rpr
2026-10-07T12:45:07Z  OBSERVE  recommendationservice->productcatalogservice  rpr=0.0000  low=554 high=0  attempts=3  state=ON  metric=rpr
2026-10-07T12:45:08Z  OBSERVE  frontend->adservice  rpr=0.0000  low=555 high=0  attempts=3  state=ON  metric=rpr
2026-10-07T12:45:08Z  OBSERVE  frontend->cartservice  rpr=0.0000  low=556 high=0  attempts=3  state=ON  metric=rpr
2026-10-07T12:45:08Z  OBSERVE  frontend->checkoutservice  rpr=0.0000  low=47 high=0  attempts=3  state=ON  metric=rpr
2026-10-07T12:45:08Z  OBSERVE  frontend->currencyservice  rpr=0.0000  low=556 high=0  attempts=3  state=ON  metric=rpr
2026-10-07T12:45:08Z  OBSERVE  frontend->productcatalogservice  rpr=0.0000  low=556 high=0  attempts=3  state=ON  metric=rpr
2026-10-07T12:45:08Z  OBSERVE  frontend->recommendationservice  rpr=0.9382  low=0 high=7  attempts=3  state=ON  metric=rpr
2026-10-07T12:45:08Z  OBSERVE  frontend->shippingservice  rpr=0.0000  low=555 high=0  attempts=3  state=ON  metric=rpr
2026-10-07T12:45:08Z  OBSERVE  checkoutservice->cartservice  rpr=0.0000  low=554 high=0  attempts=3  state=ON  metric=rpr
2026-10-07T12:45:08Z  OBSERVE  checkoutservice->currencyservice  rpr=0.0000  low=554 high=0  attempts=3  state=ON  metric=rpr
2026-10-07T12:45:08Z  OBSERVE  checkoutservice->emailservice  rpr=0.0000  low=552 high=0  attempts=3  state=ON  metric=rpr
2026-10-07T12:45:08Z  OBSERVE  checkoutservice->paymentservice  rpr=0.0000  low=554 high=0  attempts=3  state=ON  metric=rpr
2026-10-07T12:45:08Z  OBSERVE  checkoutservice->shippingservice  rpr=0.0000  low=554 high=0  attempts=3  state=ON  metric=rpr
2026-10-07T12:45:08Z  OBSERVE  recommendationservice->productcatalogservice  rpr=0.0000  low=555 high=0  attempts=3  state=ON  metric=rpr
2026-10-07T12:45:09Z  OBSERVE  frontend->adservice  rpr=0.0000  low=556 high=0  attempts=3  state=ON  metric=rpr
2026-10-07T12:45:09Z  OBSERVE  frontend->cartservice  rpr=0.0000  low=557 high=0  attempts=3  state=ON  metric=rpr
2026-10-07T12:45:09Z  OBSERVE  frontend->checkoutservice  rpr=0.0000  low=48 high=0  attempts=3  state=ON  metric=rpr
2026-10-07T12:45:09Z  OBSERVE  frontend->currencyservice  rpr=0.0000  low=557 high=0  attempts=3  state=ON  metric=rpr
2026-10-07T12:45:09Z  OBSERVE  frontend->productcatalogservice  rpr=0.0000  low=557 high=0  attempts=3  state=ON  metric=rpr
2026-10-07T12:45:09Z  OBSERVE  frontend->recommendationservice  rpr=0.7775  low=0 high=8  attempts=3  state=ON  metric=rpr
2026-10-07T12:45:09Z  OBSERVE  frontend->shippingservice  rpr=0.0000  low=556 high=0  attempts=3  state=ON  metric=rpr
2026-10-07T12:45:09Z  OBSERVE  checkoutservice->cartservice  rpr=0.0000  low=555 high=0  attempts=3  state=ON  metric=rpr
2026-10-07T12:45:09Z  OBSERVE  checkoutservice->currencyservice  rpr=0.0000  low=555 high=0  attempts=3  state=ON  metric=rpr
2026-10-07T12:45:09Z  OBSERVE  checkoutservice->emailservice  rpr=0.0000  low=553 high=0  attempts=3  state=ON  metric=rpr
2026-10-07T12:45:09Z  OBSERVE  checkoutservice->paymentservice  rpr=0.0000  low=555 high=0  attempts=3  state=ON  metric=rpr
2026-10-07T12:45:09Z  OBSERVE  checkoutservice->shippingservice  rpr=0.0000  low=555 high=0  attempts=3  state=ON  metric=rpr
2026-10-07T12:45:09Z  OBSERVE  recommendationservice->productcatalogservice  rpr=0.0000  low=556 high=0  attempts=3  state=ON  metric=rpr
2026-10-07T12:45:10Z  OBSERVE  frontend->adservice  rpr=0.0000  low=557 high=0  attempts=3  state=ON  metric=rpr
2026-10-07T12:45:10Z  OBSERVE  frontend->cartservice  rpr=0.0000  low=558 high=0  attempts=3  state=ON  metric=rpr
2026-10-07T12:45:10Z  OBSERVE  frontend->checkoutservice  rpr=0.0000  low=49 high=0  attempts=3  state=ON  metric=rpr
2026-10-07T12:45:10Z  OBSERVE  frontend->currencyservice  rpr=0.0000  low=558 high=0  attempts=3  state=ON  metric=rpr
2026-10-07T12:45:10Z  OBSERVE  frontend->productcatalogservice  rpr=0.0000  low=558 high=0  attempts=3  state=ON  metric=rpr
2026-10-07T12:45:10Z  OBSERVE  frontend->recommendationservice  rpr=0.7358  low=0 high=9  attempts=3  state=ON  metric=rpr
2026-10-07T12:45:10Z  OBSERVE  frontend->shippingservice  rpr=0.0000  low=557 high=0  attempts=3  state=ON  metric=rpr
2026-10-07T12:45:10Z  OBSERVE  checkoutservice->cartservice  rpr=0.0000  low=556 high=0  attempts=3  state=ON  metric=rpr
2026-10-07T12:45:10Z  OBSERVE  checkoutservice->currencyservice  rpr=0.0000  low=556 high=0  attempts=3  state=ON  metric=rpr
2026-10-07T12:45:10Z  OBSERVE  checkoutservice->emailservice  rpr=0.0000  low=554 high=0  attempts=3  state=ON  metric=rpr
2026-10-07T12:45:10Z  OBSERVE  checkoutservice->paymentservice  rpr=0.0000  low=556 high=0  attempts=3  state=ON  metric=rpr
2026-10-07T12:45:10Z  OBSERVE  checkoutservice->shippingservice  rpr=0.0000  low=556 high=0  attempts=3  state=ON  metric=rpr
2026-10-07T12:45:10Z  OBSERVE  recommendationservice->productcatalogservice  rpr=0.0000  low=557 high=0  attempts=3  state=ON  metric=rpr
2026-10-07T12:45:11Z  OBSERVE  frontend->adservice  rpr=0.0000  low=558 high=0  attempts=3  state=ON  metric=rpr
2026-10-07T12:45:11Z  OBSERVE  frontend->cartservice  rpr=0.0000  low=559 high=0  attempts=3  state=ON  metric=rpr
2026-10-07T12:45:11Z  OBSERVE  frontend->checkoutservice  rpr=0.0000  low=50 high=0  attempts=3  state=ON  metric=rpr
2026-10-07T12:45:11Z  OBSERVE  frontend->currencyservice  rpr=0.0000  low=559 high=0  attempts=3  state=ON  metric=rpr
2026-10-07T12:45:11Z  OBSERVE  frontend->productcatalogservice  rpr=0.0000  low=559 high=0  attempts=3  state=ON  metric=rpr
2026-10-07T12:45:11Z  OBSERVE  frontend->recommendationservice  rpr=0.8633  low=0 high=10  attempts=3  state=ON  metric=rpr
2026-10-07T12:45:11Z  OBSERVE  frontend->shippingservice  rpr=0.0000  low=558 high=0  attempts=3  state=ON  metric=rpr
2026-10-07T12:45:11Z  OBSERVE  checkoutservice->cartservice  rpr=0.0000  low=557 high=0  attempts=3  state=ON  metric=rpr
2026-10-07T12:45:11Z  OBSERVE  checkoutservice->currencyservice  rpr=0.0000  low=557 high=0  attempts=3  state=ON  metric=rpr
2026-10-07T12:45:11Z  OBSERVE  checkoutservice->emailservice  rpr=0.0000  low=555 high=0  attempts=3  state=ON  metric=rpr
2026-10-07T12:45:11Z  OBSERVE  checkoutservice->paymentservice  rpr=0.0000  low=557 high=0  attempts=3  state=ON  metric=rpr
2026-10-07T12:45:11Z  OBSERVE  checkoutservice->shippingservice  rpr=0.0000  low=557 high=0  attempts=3  state=ON  metric=rpr
2026-10-07T12:45:11Z  OBSERVE  recommendationservice->productcatalogservice  rpr=0.0000  low=558 high=0  attempts=3  state=ON  metric=rpr
2026-10-07T12:45:12Z  OBSERVE  frontend->adservice  rpr=0.0000  low=559 high=0  attempts=3  state=ON  metric=rpr
2026-10-07T12:45:12Z  OBSERVE  frontend->cartservice  rpr=0.0000  low=560 high=0  attempts=3  state=ON  metric=rpr
2026-10-07T12:45:12Z  OBSERVE  frontend->checkoutservice  rpr=0.0000  low=51 high=0  attempts=3  state=ON  metric=rpr
2026-10-07T12:45:12Z  OBSERVE  frontend->currencyservice  rpr=0.0000  low=560 high=0  attempts=3  state=ON  metric=rpr
2026-10-07T12:45:12Z  OBSERVE  frontend->productcatalogservice  rpr=0.0000  low=560 high=0  attempts=3  state=ON  metric=rpr
2026-10-07T12:45:12Z  OBSERVE  frontend->recommendationservice  rpr=0.6865  low=0 high=11  attempts=3  state=ON  metric=rpr
2026-10-07T12:45:12Z  OBSERVE  frontend->shippingservice  rpr=0.0000  low=559 high=0  attempts=3  state=ON  metric=rpr
2026-10-07T12:45:12Z  OBSERVE  checkoutservice->cartservice  rpr=0.0000  low=558 high=0  attempts=3  state=ON  metric=rpr
2026-10-07T12:45:12Z  OBSERVE  checkoutservice->currencyservice  rpr=0.0000  low=558 high=0  attempts=3  state=ON  metric=rpr
2026-10-07T12:45:12Z  OBSERVE  checkoutservice->emailservice  rpr=0.0000  low=556 high=0  attempts=3  state=ON  metric=rpr
2026-10-07T12:45:12Z  OBSERVE  checkoutservice->paymentservice  rpr=0.0000  low=558 high=0  attempts=3  state=ON  metric=rpr
2026-10-07T12:45:12Z  OBSERVE  checkoutservice->shippingservice  rpr=0.0000  low=558 high=0  attempts=3  state=ON  metric=rpr
2026-10-07T12:45:12Z  OBSERVE  recommendationservice->productcatalogservice  rpr=0.0000  low=559 high=0  attempts=3  state=ON  metric=rpr
2026-10-07T12:45:13Z  OBSERVE  frontend->adservice  rpr=0.0000  low=560 high=0  attempts=3  state=ON  metric=rpr
2026-10-07T12:45:13Z  OBSERVE  frontend->cartservice  rpr=0.0000  low=561 high=0  attempts=3  state=ON  metric=rpr
2026-10-07T12:45:13Z  OBSERVE  frontend->checkoutservice  rpr=0.0351  low=52 high=0  attempts=3  state=ON  metric=rpr
2026-10-07T12:45:13Z  OBSERVE  frontend->currencyservice  rpr=0.0000  low=561 high=0  attempts=3  state=ON  metric=rpr
2026-10-07T12:45:13Z  OBSERVE  frontend->productcatalogservice  rpr=0.0000  low=561 high=0  attempts=3  state=ON  metric=rpr
2026-10-07T12:45:13Z  OBSERVE  frontend->recommendationservice  rpr=0.5365  low=0 high=12  attempts=3  state=ON  metric=rpr
2026-10-07T12:45:13Z  OBSERVE  frontend->shippingservice  rpr=0.0000  low=560 high=0  attempts=3  state=ON  metric=rpr
2026-10-07T12:45:13Z  OBSERVE  checkoutservice->cartservice  rpr=0.0000  low=559 high=0  attempts=3  state=ON  metric=rpr
2026-10-07T12:45:13Z  OBSERVE  checkoutservice->currencyservice  rpr=0.0000  low=559 high=0  attempts=3  state=ON  metric=rpr
2026-10-07T12:45:13Z  OBSERVE  checkoutservice->emailservice  rpr=0.0000  low=557 high=0  attempts=3  state=ON  metric=rpr
2026-10-07T12:45:13Z  OBSERVE  checkoutservice->paymentservice  rpr=0.0000  low=559 high=0  attempts=3  state=ON  metric=rpr
2026-10-07T12:45:13Z  OBSERVE  checkoutservice->shippingservice  rpr=0.0000  low=559 high=0  attempts=3  state=ON  metric=rpr
2026-10-07T12:45:13Z  OBSERVE  recommendationservice->productcatalogservice  rpr=0.0000  low=560 high=0  attempts=3  state=ON  metric=rpr
2026-10-07T12:45:14Z  OBSERVE  frontend->adservice  rpr=0.0000  low=561 high=0  attempts=3  state=ON  metric=rpr
2026-10-07T12:45:14Z  OBSERVE  frontend->cartservice  rpr=0.0000  low=562 high=0  attempts=3  state=ON  metric=rpr
2026-10-07T12:45:14Z  OBSERVE  frontend->checkoutservice  rpr=0.0000  low=53 high=0  attempts=3  state=ON  metric=rpr
2026-10-07T12:45:14Z  OBSERVE  frontend->currencyservice  rpr=0.0000  low=562 high=0  attempts=3  state=ON  metric=rpr
2026-10-07T12:45:14Z  OBSERVE  frontend->productcatalogservice  rpr=0.0000  low=562 high=0  attempts=3  state=ON  metric=rpr
2026-10-07T12:45:14Z  OBSERVE  frontend->recommendationservice  rpr=0.6675  low=0 high=13  attempts=3  state=ON  metric=rpr
2026-10-07T12:45:14Z  OBSERVE  frontend->shippingservice  rpr=0.0000  low=561 high=0  attempts=3  state=ON  metric=rpr
2026-10-07T12:45:14Z  OBSERVE  checkoutservice->cartservice  rpr=0.0000  low=560 high=0  attempts=3  state=ON  metric=rpr
2026-10-07T12:45:14Z  OBSERVE  checkoutservice->currencyservice  rpr=0.0000  low=560 high=0  attempts=3  state=ON  metric=rpr
2026-10-07T12:45:14Z  OBSERVE  checkoutservice->emailservice  rpr=0.0000  low=558 high=0  attempts=3  state=ON  metric=rpr
2026-10-07T12:45:14Z  OBSERVE  checkoutservice->paymentservice  rpr=0.0000  low=560 high=0  attempts=3  state=ON  metric=rpr
2026-10-07T12:45:14Z  OBSERVE  checkoutservice->shippingservice  rpr=0.0000  low=560 high=0  attempts=3  state=ON  metric=rpr
2026-10-07T12:45:14Z  OBSERVE  recommendationservice->productcatalogservice  rpr=0.0000  low=561 high=0  attempts=3  state=ON  metric=rpr
2026-10-07T12:45:15Z  OBSERVE  frontend->adservice  rpr=0.0000  low=562 high=0  attempts=3  state=ON  metric=rpr
2026-10-07T12:45:15Z  OBSERVE  frontend->cartservice  rpr=0.0000  low=563 high=0  attempts=3  state=ON  metric=rpr
2026-10-07T12:45:15Z  OBSERVE  frontend->checkoutservice  rpr=0.0000  low=54 high=0  attempts=3  state=ON  metric=rpr
2026-10-07T12:45:15Z  OBSERVE  frontend->currencyservice  rpr=0.0000  low=563 high=0  attempts=3  state=ON  metric=rpr
2026-10-07T12:45:15Z  OBSERVE  frontend->productcatalogservice  rpr=0.0000  low=563 high=0  attempts=3  state=ON  metric=rpr
2026-10-07T12:45:15Z  OBSERVE  frontend->recommendationservice  rpr=0.5461  low=0 high=14  attempts=3  state=ON  metric=rpr
2026-10-07T12:45:15Z  OBSERVE  frontend->shippingservice  rpr=0.0000  low=562 high=0  attempts=3  state=ON  metric=rpr
2026-10-07T12:45:15Z  OBSERVE  checkoutservice->cartservice  rpr=0.0000  low=561 high=0  attempts=3  state=ON  metric=rpr
2026-10-07T12:45:15Z  OBSERVE  checkoutservice->currencyservice  rpr=0.0000  low=561 high=0  attempts=3  state=ON  metric=rpr
2026-10-07T12:45:15Z  OBSERVE  checkoutservice->emailservice  rpr=0.0000  low=559 high=0  attempts=3  state=ON  metric=rpr
2026-10-07T12:45:15Z  OBSERVE  checkoutservice->paymentservice  rpr=0.0000  low=561 high=0  attempts=3  state=ON  metric=rpr
2026-10-07T12:45:15Z  OBSERVE  checkoutservice->shippingservice  rpr=0.0000  low=561 high=0  attempts=3  state=ON  metric=rpr
2026-10-07T12:45:15Z  OBSERVE  recommendationservice->productcatalogservice  rpr=0.0000  low=562 high=0  attempts=3  state=ON  metric=rpr
2026-10-07T12:45:16Z  OBSERVE  frontend->adservice  rpr=0.0000  low=563 high=0  attempts=3  state=ON  metric=rpr
2026-10-07T12:45:16Z  OBSERVE  frontend->cartservice  rpr=0.0000  low=564 high=0  attempts=3  state=ON  metric=rpr
2026-10-07T12:45:16Z  OBSERVE  frontend->checkoutservice  rpr=0.0000  low=55 high=0  attempts=3  state=ON  metric=rpr
2026-10-07T12:45:16Z  OBSERVE  frontend->currencyservice  rpr=0.0000  low=564 high=0  attempts=3  state=ON  metric=rpr
2026-10-07T12:45:16Z  OBSERVE  frontend->productcatalogservice  rpr=0.0000  low=564 high=0  attempts=3  state=ON  metric=rpr
2026-10-07T12:45:16Z  OBSERVE  frontend->recommendationservice  rpr=0.6933  low=0 high=15  attempts=3  state=ON  metric=rpr
2026-10-07T12:45:16Z  OBSERVE  frontend->shippingservice  rpr=0.0000  low=563 high=0  attempts=3  state=ON  metric=rpr
2026-10-07T12:45:16Z  OBSERVE  checkoutservice->cartservice  rpr=0.0000  low=562 high=0  attempts=3  state=ON  metric=rpr
2026-10-07T12:45:16Z  OBSERVE  checkoutservice->currencyservice  rpr=0.0000  low=562 high=0  attempts=3  state=ON  metric=rpr
2026-10-07T12:45:16Z  OBSERVE  checkoutservice->emailservice  rpr=0.0000  low=560 high=0  attempts=3  state=ON  metric=rpr
2026-10-07T12:45:16Z  OBSERVE  checkoutservice->paymentservice  rpr=0.0000  low=562 high=0  attempts=3  state=ON  metric=rpr
2026-10-07T12:45:16Z  OBSERVE  checkoutservice->shippingservice  rpr=0.0000  low=562 high=0  attempts=3  state=ON  metric=rpr
2026-10-07T12:45:16Z  OBSERVE  recommendationservice->productcatalogservice  rpr=0.0000  low=563 high=0  attempts=3  state=ON  metric=rpr
2026-10-07T12:45:17Z  OBSERVE  frontend->adservice  rpr=0.0000  low=564 high=0  attempts=3  state=ON  metric=rpr
2026-10-07T12:45:17Z  OBSERVE  frontend->cartservice  rpr=0.0000  low=565 high=0  attempts=3  state=ON  metric=rpr
2026-10-07T12:45:17Z  OBSERVE  frontend->checkoutservice  rpr=0.0000  low=56 high=0  attempts=3  state=ON  metric=rpr
2026-10-07T12:45:17Z  OBSERVE  frontend->currencyservice  rpr=0.0000  low=565 high=0  attempts=3  state=ON  metric=rpr
2026-10-07T12:45:17Z  OBSERVE  frontend->productcatalogservice  rpr=0.0000  low=565 high=0  attempts=3  state=ON  metric=rpr
2026-10-07T12:45:17Z  OBSERVE  frontend->recommendationservice  rpr=1.5300  low=0 high=16  attempts=3  state=ON  metric=rpr
2026-10-07T12:45:17Z  OBSERVE  frontend->shippingservice  rpr=0.0000  low=564 high=0  attempts=3  state=ON  metric=rpr
2026-10-07T12:45:17Z  OBSERVE  checkoutservice->cartservice  rpr=0.0000  low=563 high=0  attempts=3  state=ON  metric=rpr
2026-10-07T12:45:17Z  OBSERVE  checkoutservice->currencyservice  rpr=0.0000  low=563 high=0  attempts=3  state=ON  metric=rpr
2026-10-07T12:45:17Z  OBSERVE  checkoutservice->emailservice  rpr=0.0000  low=561 high=0  attempts=3  state=ON  metric=rpr
2026-10-07T12:45:17Z  OBSERVE  checkoutservice->paymentservice  rpr=0.0000  low=563 high=0  attempts=3  state=ON  metric=rpr
2026-10-07T12:45:17Z  OBSERVE  checkoutservice->shippingservice  rpr=0.0000  low=563 high=0  attempts=3  state=ON  metric=rpr
2026-10-07T12:45:17Z  OBSERVE  recommendationservice->productcatalogservice  rpr=0.0000  low=564 high=0  attempts=3  state=ON  metric=rpr
2026-10-07T12:45:18Z  OBSERVE  frontend->adservice  rpr=0.0000  low=565 high=0  attempts=3  state=ON  metric=rpr
2026-10-07T12:45:18Z  OBSERVE  frontend->cartservice  rpr=0.0000  low=566 high=0  attempts=3  state=ON  metric=rpr
2026-10-07T12:45:18Z  OBSERVE  frontend->checkoutservice  rpr=0.0000  low=57 high=0  attempts=3  state=ON  metric=rpr
2026-10-07T12:45:18Z  OBSERVE  frontend->currencyservice  rpr=0.0000  low=566 high=0  attempts=3  state=ON  metric=rpr
2026-10-07T12:45:18Z  OBSERVE  frontend->productcatalogservice  rpr=0.0000  low=566 high=0  attempts=3  state=ON  metric=rpr
2026-10-07T12:45:18Z  OBSERVE  frontend->recommendationservice  rpr=1.0057  low=0 high=17  attempts=3  state=ON  metric=rpr
2026-10-07T12:45:18Z  OBSERVE  frontend->shippingservice  rpr=0.0000  low=565 high=0  attempts=3  state=ON  metric=rpr
2026-10-07T12:45:18Z  OBSERVE  checkoutservice->cartservice  rpr=0.0000  low=564 high=0  attempts=3  state=ON  metric=rpr
2026-10-07T12:45:18Z  OBSERVE  checkoutservice->currencyservice  rpr=0.0000  low=564 high=0  attempts=3  state=ON  metric=rpr
2026-10-07T12:45:18Z  OBSERVE  checkoutservice->emailservice  rpr=0.0000  low=562 high=0  attempts=3  state=ON  metric=rpr
2026-10-07T12:45:18Z  OBSERVE  checkoutservice->paymentservice  rpr=0.0000  low=564 high=0  attempts=3  state=ON  metric=rpr
2026-10-07T12:45:18Z  OBSERVE  checkoutservice->shippingservice  rpr=0.0000  low=564 high=0  attempts=3  state=ON  metric=rpr
2026-10-07T12:45:18Z  OBSERVE  recommendationservice->productcatalogservice  rpr=0.0000  low=565 high=0  attempts=3  state=ON  metric=rpr
2026-10-07T12:45:19Z  OBSERVE  frontend->adservice  rpr=0.0000  low=566 high=0  attempts=3  state=ON  metric=rpr
2026-10-07T12:45:19Z  OBSERVE  frontend->cartservice  rpr=0.0000  low=567 high=0  attempts=3  state=ON  metric=rpr
2026-10-07T12:45:19Z  OBSERVE  frontend->checkoutservice  rpr=0.0000  low=58 high=0  attempts=3  state=ON  metric=rpr
2026-10-07T12:45:19Z  OBSERVE  frontend->currencyservice  rpr=0.0000  low=567 high=0  attempts=3  state=ON  metric=rpr
2026-10-07T12:45:19Z  OBSERVE  frontend->productcatalogservice  rpr=0.0000  low=567 high=0  attempts=3  state=ON  metric=rpr
2026-10-07T12:45:19Z  OBSERVE  frontend->recommendationservice  rpr=0.9320  low=0 high=18  attempts=3  state=ON  metric=rpr
2026-10-07T12:45:19Z  OBSERVE  frontend->shippingservice  rpr=0.0000  low=566 high=0  attempts=3  state=ON  metric=rpr
2026-10-07T12:45:19Z  OBSERVE  checkoutservice->cartservice  rpr=0.0000  low=565 high=0  attempts=3  state=ON  metric=rpr
2026-10-07T12:45:19Z  OBSERVE  checkoutservice->currencyservice  rpr=0.0000  low=565 high=0  attempts=3  state=ON  metric=rpr
2026-10-07T12:45:19Z  OBSERVE  checkoutservice->emailservice  rpr=0.0000  low=563 high=0  attempts=3  state=ON  metric=rpr
2026-10-07T12:45:19Z  OBSERVE  checkoutservice->paymentservice  rpr=0.0000  low=565 high=0  attempts=3  state=ON  metric=rpr
2026-10-07T12:45:19Z  OBSERVE  checkoutservice->shippingservice  rpr=0.0000  low=565 high=0  attempts=3  state=ON  metric=rpr
2026-10-07T12:45:19Z  OBSERVE  recommendationservice->productcatalogservice  rpr=0.0000  low=566 high=0  attempts=3  state=ON  metric=rpr
2026-10-07T12:45:20Z  OBSERVE  frontend->adservice  rpr=0.0000  low=567 high=0  attempts=3  state=ON  metric=rpr
2026-10-07T12:45:20Z  OBSERVE  frontend->cartservice  rpr=0.0000  low=568 high=0  attempts=3  state=ON  metric=rpr
2026-10-07T12:45:20Z  OBSERVE  frontend->checkoutservice  rpr=0.0000  low=59 high=0  attempts=3  state=ON  metric=rpr
2026-10-07T12:45:20Z  OBSERVE  frontend->currencyservice  rpr=0.0000  low=568 high=0  attempts=3  state=ON  metric=rpr
2026-10-07T12:45:20Z  OBSERVE  frontend->productcatalogservice  rpr=0.0000  low=568 high=0  attempts=3  state=ON  metric=rpr
2026-10-07T12:45:20Z  OBSERVE  frontend->recommendationservice  rpr=0.7696  low=0 high=19  attempts=3  state=ON  metric=rpr
2026-10-07T12:45:20Z  OBSERVE  frontend->shippingservice  rpr=0.0000  low=567 high=0  attempts=3  state=ON  metric=rpr
2026-10-07T12:45:20Z  OBSERVE  checkoutservice->cartservice  rpr=0.0000  low=566 high=0  attempts=3  state=ON  metric=rpr
2026-10-07T12:45:20Z  OBSERVE  checkoutservice->currencyservice  rpr=0.0000  low=566 high=0  attempts=3  state=ON  metric=rpr
2026-10-07T12:45:20Z  OBSERVE  checkoutservice->emailservice  rpr=0.0000  low=564 high=0  attempts=3  state=ON  metric=rpr
2026-10-07T12:45:20Z  OBSERVE  checkoutservice->paymentservice  rpr=0.0000  low=566 high=0  attempts=3  state=ON  metric=rpr
2026-10-07T12:45:20Z  OBSERVE  checkoutservice->shippingservice  rpr=0.0000  low=566 high=0  attempts=3  state=ON  metric=rpr
2026-10-07T12:45:20Z  OBSERVE  recommendationservice->productcatalogservice  rpr=0.0000  low=567 high=0  attempts=3  state=ON  metric=rpr
2026-10-07T12:45:21Z  OBSERVE  frontend->adservice  rpr=0.0000  low=568 high=0  attempts=3  state=ON  metric=rpr
2026-10-07T12:45:21Z  OBSERVE  frontend->cartservice  rpr=0.0000  low=569 high=0  attempts=3  state=ON  metric=rpr
2026-10-07T12:45:21Z  OBSERVE  frontend->checkoutservice  rpr=0.0000  low=60 high=0  attempts=3  state=ON  metric=rpr
2026-10-07T12:45:21Z  OBSERVE  frontend->currencyservice  rpr=0.0000  low=569 high=0  attempts=3  state=ON  metric=rpr
2026-10-07T12:45:21Z  OBSERVE  frontend->productcatalogservice  rpr=0.0000  low=569 high=0  attempts=3  state=ON  metric=rpr
2026-10-07T12:45:21Z  OBSERVE  frontend->recommendationservice  rpr=0.7293  low=0 high=20  attempts=3  state=ON  metric=rpr
2026-10-07T12:45:21Z  OBSERVE  frontend->shippingservice  rpr=0.0000  low=568 high=0  attempts=3  state=ON  metric=rpr
2026-10-07T12:45:21Z  OBSERVE  checkoutservice->cartservice  rpr=0.0000  low=567 high=0  attempts=3  state=ON  metric=rpr
2026-10-07T12:45:21Z  OBSERVE  checkoutservice->currencyservice  rpr=0.0000  low=567 high=0  attempts=3  state=ON  metric=rpr
2026-10-07T12:45:21Z  OBSERVE  checkoutservice->emailservice  rpr=0.0000  low=565 high=0  attempts=3  state=ON  metric=rpr
2026-10-07T12:45:21Z  OBSERVE  checkoutservice->paymentservice  rpr=0.0000  low=567 high=0  attempts=3  state=ON  metric=rpr
2026-10-07T12:45:21Z  OBSERVE  checkoutservice->shippingservice  rpr=0.0000  low=567 high=0  attempts=3  state=ON  metric=rpr
2026-10-07T12:45:21Z  OBSERVE  recommendationservice->productcatalogservice  rpr=0.0000  low=568 high=0  attempts=3  state=ON  metric=rpr
2026-10-07T12:45:22Z  OBSERVE  frontend->adservice  rpr=0.0000  low=569 high=0  attempts=3  state=ON  metric=rpr
2026-10-07T12:45:22Z  OBSERVE  frontend->cartservice  rpr=0.0000  low=570 high=0  attempts=3  state=ON  metric=rpr
2026-10-07T12:45:22Z  OBSERVE  frontend->checkoutservice  rpr=0.0000  low=61 high=0  attempts=3  state=ON  metric=rpr
2026-10-07T12:45:22Z  OBSERVE  frontend->currencyservice  rpr=0.0000  low=570 high=0  attempts=3  state=ON  metric=rpr
2026-10-07T12:45:22Z  OBSERVE  frontend->productcatalogservice  rpr=0.0000  low=570 high=0  attempts=3  state=ON  metric=rpr
2026-10-07T12:45:22Z  OBSERVE  frontend->recommendationservice  rpr=0.8240  low=0 high=21  attempts=3  state=ON  metric=rpr
2026-10-07T12:45:22Z  OBSERVE  frontend->shippingservice  rpr=0.0000  low=569 high=0  attempts=3  state=ON  metric=rpr
2026-10-07T12:45:22Z  OBSERVE  checkoutservice->cartservice  rpr=0.0000  low=568 high=0  attempts=3  state=ON  metric=rpr
2026-10-07T12:45:22Z  OBSERVE  checkoutservice->currencyservice  rpr=0.0000  low=568 high=0  attempts=3  state=ON  metric=rpr
2026-10-07T12:45:22Z  OBSERVE  checkoutservice->emailservice  rpr=0.0000  low=566 high=0  attempts=3  state=ON  metric=rpr
2026-10-07T12:45:22Z  OBSERVE  checkoutservice->paymentservice  rpr=0.0000  low=568 high=0  attempts=3  state=ON  metric=rpr
2026-10-07T12:45:22Z  OBSERVE  checkoutservice->shippingservice  rpr=0.0000  low=568 high=0  attempts=3  state=ON  metric=rpr
2026-10-07T12:45:22Z  OBSERVE  recommendationservice->productcatalogservice  rpr=0.0000  low=569 high=0  attempts=3  state=ON  metric=rpr
2026-10-07T12:45:23Z  OBSERVE  frontend->adservice  rpr=0.0000  low=570 high=0  attempts=3  state=ON  metric=rpr
2026-10-07T12:45:23Z  OBSERVE  frontend->cartservice  rpr=0.0000  low=571 high=0  attempts=3  state=ON  metric=rpr
2026-10-07T12:45:23Z  OBSERVE  frontend->checkoutservice  rpr=0.0000  low=62 high=0  attempts=3  state=ON  metric=rpr
2026-10-07T12:45:23Z  OBSERVE  frontend->currencyservice  rpr=0.0000  low=571 high=0  attempts=3  state=ON  metric=rpr
2026-10-07T12:45:23Z  OBSERVE  frontend->productcatalogservice  rpr=0.0000  low=571 high=0  attempts=3  state=ON  metric=rpr
2026-10-07T12:45:23Z  OBSERVE  frontend->recommendationservice  rpr=0.9782  low=0 high=22  attempts=3  state=ON  metric=rpr
2026-10-07T12:45:23Z  OBSERVE  frontend->shippingservice  rpr=0.0000  low=570 high=0  attempts=3  state=ON  metric=rpr
2026-10-07T12:45:23Z  OBSERVE  checkoutservice->cartservice  rpr=0.0000  low=569 high=0  attempts=3  state=ON  metric=rpr
2026-10-07T12:45:23Z  OBSERVE  checkoutservice->currencyservice  rpr=0.0000  low=569 high=0  attempts=3  state=ON  metric=rpr
2026-10-07T12:45:23Z  OBSERVE  checkoutservice->emailservice  rpr=0.0000  low=567 high=0  attempts=3  state=ON  metric=rpr
2026-10-07T12:45:23Z  OBSERVE  checkoutservice->paymentservice  rpr=0.0000  low=569 high=0  attempts=3  state=ON  metric=rpr
2026-10-07T12:45:23Z  OBSERVE  checkoutservice->shippingservice  rpr=0.0000  low=569 high=0  attempts=3  state=ON  metric=rpr
2026-10-07T12:45:23Z  OBSERVE  recommendationservice->productcatalogservice  rpr=0.0000  low=570 high=0  attempts=3  state=ON  metric=rpr
2026-10-07T12:45:24Z  OBSERVE  frontend->adservice  rpr=0.0000  low=571 high=0  attempts=3  state=ON  metric=rpr
2026-10-07T12:45:24Z  OBSERVE  frontend->cartservice  rpr=0.0000  low=572 high=0  attempts=3  state=ON  metric=rpr
2026-10-07T12:45:24Z  OBSERVE  frontend->checkoutservice  rpr=0.0000  low=63 high=0  attempts=3  state=ON  metric=rpr
2026-10-07T12:45:24Z  OBSERVE  frontend->currencyservice  rpr=0.0000  low=572 high=0  attempts=3  state=ON  metric=rpr
2026-10-07T12:45:24Z  OBSERVE  frontend->productcatalogservice  rpr=0.0000  low=572 high=0  attempts=3  state=ON  metric=rpr
2026-10-07T12:45:24Z  OBSERVE  frontend->recommendationservice  rpr=0.7335  low=0 high=23  attempts=3  state=ON  metric=rpr
2026-10-07T12:45:24Z  OBSERVE  frontend->shippingservice  rpr=0.0000  low=571 high=0  attempts=3  state=ON  metric=rpr
2026-10-07T12:45:24Z  OBSERVE  checkoutservice->cartservice  rpr=0.0000  low=570 high=0  attempts=3  state=ON  metric=rpr
2026-10-07T12:45:24Z  OBSERVE  checkoutservice->currencyservice  rpr=0.0000  low=570 high=0  attempts=3  state=ON  metric=rpr
2026-10-07T12:45:24Z  OBSERVE  checkoutservice->emailservice  rpr=0.0000  low=568 high=0  attempts=3  state=ON  metric=rpr
2026-10-07T12:45:24Z  OBSERVE  checkoutservice->paymentservice  rpr=0.0000  low=570 high=0  attempts=3  state=ON  metric=rpr
2026-10-07T12:45:24Z  OBSERVE  checkoutservice->shippingservice  rpr=0.0000  low=570 high=0  attempts=3  state=ON  metric=rpr
2026-10-07T12:45:24Z  OBSERVE  recommendationservice->productcatalogservice  rpr=0.0000  low=571 high=0  attempts=3  state=ON  metric=rpr
2026-10-07T12:45:25Z  OBSERVE  frontend->adservice  rpr=0.0000  low=572 high=0  attempts=3  state=ON  metric=rpr
2026-10-07T12:45:25Z  OBSERVE  frontend->cartservice  rpr=0.0000  low=573 high=0  attempts=3  state=ON  metric=rpr
2026-10-07T12:45:25Z  OBSERVE  frontend->checkoutservice  rpr=0.0000  low=64 high=0  attempts=3  state=ON  metric=rpr
2026-10-07T12:45:25Z  OBSERVE  frontend->currencyservice  rpr=0.0000  low=573 high=0  attempts=3  state=ON  metric=rpr
2026-10-07T12:45:25Z  OBSERVE  frontend->productcatalogservice  rpr=0.0000  low=573 high=0  attempts=3  state=ON  metric=rpr
2026-10-07T12:45:25Z  OBSERVE  frontend->recommendationservice  rpr=0.4517  low=1 high=0  attempts=3  state=ON  metric=rpr
2026-10-07T12:45:25Z  OBSERVE  frontend->shippingservice  rpr=0.0000  low=572 high=0  attempts=3  state=ON  metric=rpr
2026-10-07T12:45:25Z  OBSERVE  checkoutservice->cartservice  rpr=0.0000  low=571 high=0  attempts=3  state=ON  metric=rpr
2026-10-07T12:45:25Z  OBSERVE  checkoutservice->currencyservice  rpr=0.0000  low=571 high=0  attempts=3  state=ON  metric=rpr
2026-10-07T12:45:25Z  OBSERVE  checkoutservice->emailservice  rpr=0.0000  low=569 high=0  attempts=3  state=ON  metric=rpr
2026-10-07T12:45:25Z  OBSERVE  checkoutservice->paymentservice  rpr=0.0000  low=571 high=0  attempts=3  state=ON  metric=rpr
2026-10-07T12:45:25Z  OBSERVE  checkoutservice->shippingservice  rpr=0.0000  low=571 high=0  attempts=3  state=ON  metric=rpr
2026-10-07T12:45:25Z  OBSERVE  recommendationservice->productcatalogservice  rpr=0.0000  low=572 high=0  attempts=3  state=ON  metric=rpr
2026-10-07T12:45:26Z  OBSERVE  frontend->adservice  rpr=0.0000  low=573 high=0  attempts=3  state=ON  metric=rpr
2026-10-07T12:45:26Z  OBSERVE  frontend->cartservice  rpr=0.0000  low=574 high=0  attempts=3  state=ON  metric=rpr
2026-10-07T12:45:26Z  OBSERVE  frontend->checkoutservice  rpr=0.0000  low=65 high=0  attempts=3  state=ON  metric=rpr
2026-10-07T12:45:26Z  OBSERVE  frontend->currencyservice  rpr=0.0000  low=574 high=0  attempts=3  state=ON  metric=rpr
2026-10-07T12:45:26Z  OBSERVE  frontend->productcatalogservice  rpr=0.0000  low=574 high=0  attempts=3  state=ON  metric=rpr
2026-10-07T12:45:26Z  OBSERVE  frontend->recommendationservice  rpr=0.6061  low=0 high=1  attempts=3  state=ON  metric=rpr
2026-10-07T12:45:26Z  OBSERVE  frontend->shippingservice  rpr=0.0000  low=573 high=0  attempts=3  state=ON  metric=rpr
2026-10-07T12:45:26Z  OBSERVE  checkoutservice->cartservice  rpr=0.0000  low=572 high=0  attempts=3  state=ON  metric=rpr
2026-10-07T12:45:26Z  OBSERVE  checkoutservice->currencyservice  rpr=0.0000  low=572 high=0  attempts=3  state=ON  metric=rpr
2026-10-07T12:45:26Z  OBSERVE  checkoutservice->emailservice  rpr=0.0000  low=570 high=0  attempts=3  state=ON  metric=rpr
2026-10-07T12:45:26Z  OBSERVE  checkoutservice->paymentservice  rpr=0.0000  low=572 high=0  attempts=3  state=ON  metric=rpr
2026-10-07T12:45:26Z  OBSERVE  checkoutservice->shippingservice  rpr=0.0000  low=572 high=0  attempts=3  state=ON  metric=rpr
2026-10-07T12:45:26Z  OBSERVE  recommendationservice->productcatalogservice  rpr=0.0000  low=573 high=0  attempts=3  state=ON  metric=rpr
2026-10-07T12:45:27Z  OBSERVE  frontend->adservice  rpr=0.0000  low=574 high=0  attempts=3  state=ON  metric=rpr
2026-10-07T12:45:27Z  OBSERVE  frontend->cartservice  rpr=0.0000  low=575 high=0  attempts=3  state=ON  metric=rpr
2026-10-07T12:45:27Z  OBSERVE  frontend->checkoutservice  rpr=0.0000  low=66 high=0  attempts=3  state=ON  metric=rpr
2026-10-07T12:45:27Z  OBSERVE  frontend->currencyservice  rpr=0.0000  low=575 high=0  attempts=3  state=ON  metric=rpr
2026-10-07T12:45:27Z  OBSERVE  frontend->productcatalogservice  rpr=0.0000  low=575 high=0  attempts=3  state=ON  metric=rpr
2026-10-07T12:45:27Z  OBSERVE  frontend->recommendationservice  rpr=0.5827  low=0 high=2  attempts=3  state=ON  metric=rpr
2026-10-07T12:45:27Z  OBSERVE  frontend->shippingservice  rpr=0.0000  low=574 high=0  attempts=3  state=ON  metric=rpr
2026-10-07T12:45:27Z  OBSERVE  checkoutservice->cartservice  rpr=0.0000  low=573 high=0  attempts=3  state=ON  metric=rpr
2026-10-07T12:45:27Z  OBSERVE  checkoutservice->currencyservice  rpr=0.0000  low=573 high=0  attempts=3  state=ON  metric=rpr
2026-10-07T12:45:27Z  OBSERVE  checkoutservice->emailservice  rpr=0.0000  low=571 high=0  attempts=3  state=ON  metric=rpr
2026-10-07T12:45:27Z  OBSERVE  checkoutservice->paymentservice  rpr=0.0000  low=573 high=0  attempts=3  state=ON  metric=rpr
2026-10-07T12:45:27Z  OBSERVE  checkoutservice->shippingservice  rpr=0.0000  low=573 high=0  attempts=3  state=ON  metric=rpr
2026-10-07T12:45:27Z  OBSERVE  recommendationservice->productcatalogservice  rpr=0.0000  low=574 high=0  attempts=3  state=ON  metric=rpr
2026-10-07T12:45:28Z  OBSERVE  frontend->adservice  rpr=0.0000  low=575 high=0  attempts=3  state=ON  metric=rpr
2026-10-07T12:45:28Z  OBSERVE  frontend->cartservice  rpr=0.0000  low=576 high=0  attempts=3  state=ON  metric=rpr
2026-10-07T12:45:28Z  OBSERVE  frontend->checkoutservice  rpr=0.0000  low=67 high=0  attempts=3  state=ON  metric=rpr
2026-10-07T12:45:28Z  OBSERVE  frontend->currencyservice  rpr=0.0000  low=576 high=0  attempts=3  state=ON  metric=rpr
2026-10-07T12:45:28Z  OBSERVE  frontend->productcatalogservice  rpr=0.0000  low=576 high=0  attempts=3  state=ON  metric=rpr
2026-10-07T12:45:28Z  OBSERVE  frontend->recommendationservice  rpr=0.5216  low=0 high=3  attempts=3  state=ON  metric=rpr
2026-10-07T12:45:28Z  OBSERVE  frontend->shippingservice  rpr=0.0000  low=575 high=0  attempts=3  state=ON  metric=rpr
2026-10-07T12:45:28Z  OBSERVE  checkoutservice->cartservice  rpr=0.0000  low=574 high=0  attempts=3  state=ON  metric=rpr
2026-10-07T12:45:28Z  OBSERVE  checkoutservice->currencyservice  rpr=0.0000  low=574 high=0  attempts=3  state=ON  metric=rpr
2026-10-07T12:45:28Z  OBSERVE  checkoutservice->emailservice  rpr=0.0000  low=572 high=0  attempts=3  state=ON  metric=rpr
2026-10-07T12:45:28Z  OBSERVE  checkoutservice->paymentservice  rpr=0.0000  low=574 high=0  attempts=3  state=ON  metric=rpr
2026-10-07T12:45:28Z  OBSERVE  checkoutservice->shippingservice  rpr=0.0000  low=574 high=0  attempts=3  state=ON  metric=rpr
2026-10-07T12:45:28Z  OBSERVE  recommendationservice->productcatalogservice  rpr=0.0000  low=575 high=0  attempts=3  state=ON  metric=rpr
2026-10-07T12:45:29Z  OBSERVE  frontend->adservice  rpr=0.0000  low=576 high=0  attempts=3  state=ON  metric=rpr
2026-10-07T12:45:29Z  OBSERVE  frontend->cartservice  rpr=0.0000  low=577 high=0  attempts=3  state=ON  metric=rpr
2026-10-07T12:45:29Z  OBSERVE  frontend->checkoutservice  rpr=0.0000  low=68 high=0  attempts=3  state=ON  metric=rpr
2026-10-07T12:45:29Z  OBSERVE  frontend->currencyservice  rpr=0.0000  low=577 high=0  attempts=3  state=ON  metric=rpr
2026-10-07T12:45:29Z  OBSERVE  frontend->productcatalogservice  rpr=0.0000  low=577 high=0  attempts=3  state=ON  metric=rpr
2026-10-07T12:45:29Z  OBSERVE  frontend->recommendationservice  rpr=1.0294  low=0 high=4  attempts=3  state=ON  metric=rpr
2026-10-07T12:45:29Z  OBSERVE  frontend->shippingservice  rpr=0.0000  low=576 high=0  attempts=3  state=ON  metric=rpr
2026-10-07T12:45:29Z  OBSERVE  checkoutservice->cartservice  rpr=0.0000  low=575 high=0  attempts=3  state=ON  metric=rpr
2026-10-07T12:45:29Z  OBSERVE  checkoutservice->currencyservice  rpr=0.0000  low=575 high=0  attempts=3  state=ON  metric=rpr
2026-10-07T12:45:29Z  OBSERVE  checkoutservice->emailservice  rpr=0.0000  low=573 high=0  attempts=3  state=ON  metric=rpr
2026-10-07T12:45:29Z  OBSERVE  checkoutservice->paymentservice  rpr=0.0000  low=575 high=0  attempts=3  state=ON  metric=rpr
2026-10-07T12:45:29Z  OBSERVE  checkoutservice->shippingservice  rpr=0.0000  low=575 high=0  attempts=3  state=ON  metric=rpr
2026-10-07T12:45:29Z  OBSERVE  recommendationservice->productcatalogservice  rpr=0.0000  low=576 high=0  attempts=3  state=ON  metric=rpr
2026-10-07T12:45:30Z  OBSERVE  frontend->adservice  rpr=0.0000  low=577 high=0  attempts=3  state=ON  metric=rpr
2026-10-07T12:45:30Z  OBSERVE  frontend->cartservice  rpr=0.0000  low=578 high=0  attempts=3  state=ON  metric=rpr
2026-10-07T12:45:30Z  OBSERVE  frontend->checkoutservice  rpr=0.0000  low=69 high=0  attempts=3  state=ON  metric=rpr
2026-10-07T12:45:30Z  OBSERVE  frontend->currencyservice  rpr=0.0000  low=578 high=0  attempts=3  state=ON  metric=rpr
2026-10-07T12:45:30Z  OBSERVE  frontend->productcatalogservice  rpr=0.0000  low=578 high=0  attempts=3  state=ON  metric=rpr
2026-10-07T12:45:30Z  OBSERVE  frontend->recommendationservice  rpr=0.6947  low=0 high=5  attempts=3  state=ON  metric=rpr
2026-10-07T12:45:30Z  OBSERVE  frontend->shippingservice  rpr=0.0000  low=577 high=0  attempts=3  state=ON  metric=rpr
2026-10-07T12:45:30Z  OBSERVE  checkoutservice->cartservice  rpr=0.0000  low=576 high=0  attempts=3  state=ON  metric=rpr
2026-10-07T12:45:30Z  OBSERVE  checkoutservice->currencyservice  rpr=0.0000  low=576 high=0  attempts=3  state=ON  metric=rpr
2026-10-07T12:45:30Z  OBSERVE  checkoutservice->emailservice  rpr=0.0000  low=574 high=0  attempts=3  state=ON  metric=rpr
2026-10-07T12:45:30Z  OBSERVE  checkoutservice->paymentservice  rpr=0.0000  low=576 high=0  attempts=3  state=ON  metric=rpr
2026-10-07T12:45:30Z  OBSERVE  checkoutservice->shippingservice  rpr=0.0000  low=576 high=0  attempts=3  state=ON  metric=rpr
2026-10-07T12:45:30Z  OBSERVE  recommendationservice->productcatalogservice  rpr=0.0000  low=577 high=0  attempts=3  state=ON  metric=rpr
2026-10-07T12:45:31Z  OBSERVE  frontend->adservice  rpr=0.0000  low=578 high=0  attempts=3  state=ON  metric=rpr
2026-10-07T12:45:31Z  OBSERVE  frontend->cartservice  rpr=0.0000  low=579 high=0  attempts=3  state=ON  metric=rpr
2026-10-07T12:45:31Z  OBSERVE  frontend->checkoutservice  rpr=0.0000  low=70 high=0  attempts=3  state=ON  metric=rpr
2026-10-07T12:45:31Z  OBSERVE  frontend->currencyservice  rpr=0.0000  low=579 high=0  attempts=3  state=ON  metric=rpr
2026-10-07T12:45:31Z  OBSERVE  frontend->productcatalogservice  rpr=0.0000  low=579 high=0  attempts=3  state=ON  metric=rpr
2026-10-07T12:45:31Z  OBSERVE  frontend->recommendationservice  rpr=0.5251  low=0 high=6  attempts=3  state=ON  metric=rpr
2026-10-07T12:45:31Z  OBSERVE  frontend->shippingservice  rpr=0.0000  low=578 high=0  attempts=3  state=ON  metric=rpr
2026-10-07T12:45:31Z  OBSERVE  checkoutservice->cartservice  rpr=0.0000  low=577 high=0  attempts=3  state=ON  metric=rpr
2026-10-07T12:45:31Z  OBSERVE  checkoutservice->currencyservice  rpr=0.0000  low=577 high=0  attempts=3  state=ON  metric=rpr
2026-10-07T12:45:31Z  OBSERVE  checkoutservice->emailservice  rpr=0.0000  low=575 high=0  attempts=3  state=ON  metric=rpr
2026-10-07T12:45:31Z  OBSERVE  checkoutservice->paymentservice  rpr=0.0000  low=577 high=0  attempts=3  state=ON  metric=rpr
2026-10-07T12:45:31Z  OBSERVE  checkoutservice->shippingservice  rpr=0.0000  low=577 high=0  attempts=3  state=ON  metric=rpr
2026-10-07T12:45:31Z  OBSERVE  recommendationservice->productcatalogservice  rpr=0.0000  low=578 high=0  attempts=3  state=ON  metric=rpr
2026-10-07T12:45:32Z  OBSERVE  frontend->adservice  rpr=0.0000  low=579 high=0  attempts=3  state=ON  metric=rpr
2026-10-07T12:45:32Z  OBSERVE  frontend->cartservice  rpr=0.0000  low=580 high=0  attempts=3  state=ON  metric=rpr
2026-10-07T12:45:32Z  OBSERVE  frontend->checkoutservice  rpr=0.0000  low=71 high=0  attempts=3  state=ON  metric=rpr
2026-10-07T12:45:32Z  OBSERVE  frontend->currencyservice  rpr=0.0000  low=580 high=0  attempts=3  state=ON  metric=rpr
2026-10-07T12:45:32Z  OBSERVE  frontend->productcatalogservice  rpr=0.0000  low=580 high=0  attempts=3  state=ON  metric=rpr
2026-10-07T12:45:32Z  OBSERVE  frontend->recommendationservice  rpr=0.7828  low=0 high=7  attempts=3  state=ON  metric=rpr
2026-10-07T12:45:32Z  OBSERVE  frontend->shippingservice  rpr=0.0000  low=579 high=0  attempts=3  state=ON  metric=rpr
2026-10-07T12:45:32Z  OBSERVE  checkoutservice->cartservice  rpr=0.0000  low=578 high=0  attempts=3  state=ON  metric=rpr
2026-10-07T12:45:32Z  OBSERVE  checkoutservice->currencyservice  rpr=0.0000  low=578 high=0  attempts=3  state=ON  metric=rpr
2026-10-07T12:45:32Z  OBSERVE  checkoutservice->emailservice  rpr=0.0000  low=576 high=0  attempts=3  state=ON  metric=rpr
2026-10-07T12:45:32Z  OBSERVE  checkoutservice->paymentservice  rpr=0.0000  low=578 high=0  attempts=3  state=ON  metric=rpr
2026-10-07T12:45:32Z  OBSERVE  checkoutservice->shippingservice  rpr=0.0000  low=578 high=0  attempts=3  state=ON  metric=rpr
2026-10-07T12:45:32Z  OBSERVE  recommendationservice->productcatalogservice  rpr=0.0000  low=579 high=0  attempts=3  state=ON  metric=rpr
2026-10-07T12:45:33Z  OBSERVE  frontend->adservice  rpr=0.0000  low=580 high=0  attempts=3  state=ON  metric=rpr
2026-10-07T12:45:33Z  OBSERVE  frontend->cartservice  rpr=0.0000  low=581 high=0  attempts=3  state=ON  metric=rpr
2026-10-07T12:45:33Z  OBSERVE  frontend->checkoutservice  rpr=0.0000  low=72 high=0  attempts=3  state=ON  metric=rpr
2026-10-07T12:45:33Z  OBSERVE  frontend->currencyservice  rpr=0.0000  low=581 high=0  attempts=3  state=ON  metric=rpr
2026-10-07T12:45:33Z  OBSERVE  frontend->productcatalogservice  rpr=0.0000  low=581 high=0  attempts=3  state=ON  metric=rpr
2026-10-07T12:45:33Z  OBSERVE  frontend->recommendationservice  rpr=1.0676  low=0 high=8  attempts=3  state=ON  metric=rpr
2026-10-07T12:45:33Z  OBSERVE  frontend->shippingservice  rpr=0.0000  low=580 high=0  attempts=3  state=ON  metric=rpr
2026-10-07T12:45:33Z  OBSERVE  checkoutservice->cartservice  rpr=0.0000  low=579 high=0  attempts=3  state=ON  metric=rpr
2026-10-07T12:45:33Z  OBSERVE  checkoutservice->currencyservice  rpr=0.0000  low=579 high=0  attempts=3  state=ON  metric=rpr
2026-10-07T12:45:33Z  OBSERVE  checkoutservice->emailservice  rpr=0.0000  low=577 high=0  attempts=3  state=ON  metric=rpr
2026-10-07T12:45:33Z  OBSERVE  checkoutservice->paymentservice  rpr=0.0000  low=579 high=0  attempts=3  state=ON  metric=rpr
2026-10-07T12:45:33Z  OBSERVE  checkoutservice->shippingservice  rpr=0.0000  low=579 high=0  attempts=3  state=ON  metric=rpr
2026-10-07T12:45:33Z  OBSERVE  recommendationservice->productcatalogservice  rpr=0.0000  low=580 high=0  attempts=3  state=ON  metric=rpr
2026-10-07T12:45:34Z  OBSERVE  frontend->adservice  rpr=0.0000  low=581 high=0  attempts=3  state=ON  metric=rpr
2026-10-07T12:45:34Z  OBSERVE  frontend->cartservice  rpr=0.0000  low=582 high=0  attempts=3  state=ON  metric=rpr
2026-10-07T12:45:34Z  OBSERVE  frontend->checkoutservice  rpr=0.0000  low=73 high=0  attempts=3  state=ON  metric=rpr
2026-10-07T12:45:34Z  OBSERVE  frontend->currencyservice  rpr=0.0000  low=582 high=0  attempts=3  state=ON  metric=rpr
2026-10-07T12:45:34Z  OBSERVE  frontend->productcatalogservice  rpr=0.0000  low=582 high=0  attempts=3  state=ON  metric=rpr
2026-10-07T12:45:34Z  OBSERVE  frontend->recommendationservice  rpr=1.0949  low=0 high=9  attempts=3  state=ON  metric=rpr
2026-10-07T12:45:34Z  OBSERVE  frontend->shippingservice  rpr=0.0000  low=581 high=0  attempts=3  state=ON  metric=rpr
2026-10-07T12:45:34Z  OBSERVE  checkoutservice->cartservice  rpr=0.0000  low=580 high=0  attempts=3  state=ON  metric=rpr
2026-10-07T12:45:34Z  OBSERVE  checkoutservice->currencyservice  rpr=0.0000  low=580 high=0  attempts=3  state=ON  metric=rpr
2026-10-07T12:45:34Z  OBSERVE  checkoutservice->emailservice  rpr=0.0000  low=578 high=0  attempts=3  state=ON  metric=rpr
2026-10-07T12:45:34Z  OBSERVE  checkoutservice->paymentservice  rpr=0.0000  low=580 high=0  attempts=3  state=ON  metric=rpr
2026-10-07T12:45:34Z  OBSERVE  checkoutservice->shippingservice  rpr=0.0000  low=580 high=0  attempts=3  state=ON  metric=rpr
2026-10-07T12:45:34Z  OBSERVE  recommendationservice->productcatalogservice  rpr=0.0000  low=581 high=0  attempts=3  state=ON  metric=rpr
2026-10-07T12:45:35Z  OBSERVE  frontend->adservice  rpr=0.0000  low=582 high=0  attempts=3  state=ON  metric=rpr
2026-10-07T12:45:35Z  OBSERVE  frontend->cartservice  rpr=0.0000  low=583 high=0  attempts=3  state=ON  metric=rpr
2026-10-07T12:45:35Z  OBSERVE  frontend->checkoutservice  rpr=0.0000  low=74 high=0  attempts=3  state=ON  metric=rpr
2026-10-07T12:45:35Z  OBSERVE  frontend->currencyservice  rpr=0.0000  low=583 high=0  attempts=3  state=ON  metric=rpr
2026-10-07T12:45:35Z  OBSERVE  frontend->productcatalogservice  rpr=0.0000  low=583 high=0  attempts=3  state=ON  metric=rpr
2026-10-07T12:45:35Z  OBSERVE  frontend->recommendationservice  rpr=0.6408  low=0 high=10  attempts=3  state=ON  metric=rpr
2026-10-07T12:45:35Z  OBSERVE  frontend->shippingservice  rpr=0.0000  low=582 high=0  attempts=3  state=ON  metric=rpr
2026-10-07T12:45:35Z  OBSERVE  checkoutservice->cartservice  rpr=0.0000  low=581 high=0  attempts=3  state=ON  metric=rpr
2026-10-07T12:45:35Z  OBSERVE  checkoutservice->currencyservice  rpr=0.0000  low=581 high=0  attempts=3  state=ON  metric=rpr
2026-10-07T12:45:35Z  OBSERVE  checkoutservice->emailservice  rpr=0.0000  low=579 high=0  attempts=3  state=ON  metric=rpr
2026-10-07T12:45:35Z  OBSERVE  checkoutservice->paymentservice  rpr=0.0000  low=581 high=0  attempts=3  state=ON  metric=rpr
2026-10-07T12:45:35Z  OBSERVE  checkoutservice->shippingservice  rpr=0.0000  low=581 high=0  attempts=3  state=ON  metric=rpr
2026-10-07T12:45:35Z  OBSERVE  recommendationservice->productcatalogservice  rpr=0.0000  low=582 high=0  attempts=3  state=ON  metric=rpr
2026-10-07T12:45:36Z  OBSERVE  frontend->adservice  rpr=0.0000  low=583 high=0  attempts=3  state=ON  metric=rpr
2026-10-07T12:45:36Z  OBSERVE  frontend->cartservice  rpr=0.0000  low=584 high=0  attempts=3  state=ON  metric=rpr
2026-10-07T12:45:36Z  OBSERVE  frontend->checkoutservice  rpr=0.0000  low=75 high=0  attempts=3  state=ON  metric=rpr
2026-10-07T12:45:36Z  OBSERVE  frontend->currencyservice  rpr=0.0000  low=584 high=0  attempts=3  state=ON  metric=rpr
2026-10-07T12:45:36Z  OBSERVE  frontend->productcatalogservice  rpr=0.0000  low=584 high=0  attempts=3  state=ON  metric=rpr
2026-10-07T12:45:36Z  OBSERVE  frontend->recommendationservice  rpr=0.6089  low=0 high=11  attempts=3  state=ON  metric=rpr
2026-10-07T12:45:36Z  OBSERVE  frontend->shippingservice  rpr=0.0000  low=583 high=0  attempts=3  state=ON  metric=rpr
2026-10-07T12:45:36Z  OBSERVE  checkoutservice->cartservice  rpr=0.0000  low=582 high=0  attempts=3  state=ON  metric=rpr
2026-10-07T12:45:36Z  OBSERVE  checkoutservice->currencyservice  rpr=0.0000  low=582 high=0  attempts=3  state=ON  metric=rpr
2026-10-07T12:45:36Z  OBSERVE  checkoutservice->emailservice  rpr=0.0000  low=580 high=0  attempts=3  state=ON  metric=rpr
2026-10-07T12:45:36Z  OBSERVE  checkoutservice->paymentservice  rpr=0.0000  low=582 high=0  attempts=3  state=ON  metric=rpr
2026-10-07T12:45:36Z  OBSERVE  checkoutservice->shippingservice  rpr=0.0000  low=582 high=0  attempts=3  state=ON  metric=rpr
2026-10-07T12:45:36Z  OBSERVE  recommendationservice->productcatalogservice  rpr=0.0000  low=583 high=0  attempts=3  state=ON  metric=rpr
2026-10-07T12:45:37Z  OBSERVE  frontend->adservice  rpr=0.0000  low=584 high=0  attempts=3  state=ON  metric=rpr
2026-10-07T12:45:37Z  OBSERVE  frontend->cartservice  rpr=0.0000  low=585 high=0  attempts=3  state=ON  metric=rpr
2026-10-07T12:45:37Z  OBSERVE  frontend->checkoutservice  rpr=0.0000  low=76 high=0  attempts=3  state=ON  metric=rpr
2026-10-07T12:45:37Z  OBSERVE  frontend->currencyservice  rpr=0.0000  low=585 high=0  attempts=3  state=ON  metric=rpr
2026-10-07T12:45:37Z  OBSERVE  frontend->productcatalogservice  rpr=0.0000  low=585 high=0  attempts=3  state=ON  metric=rpr
2026-10-07T12:45:37Z  OBSERVE  frontend->recommendationservice  rpr=1.0166  low=0 high=12  attempts=3  state=ON  metric=rpr
2026-10-07T12:45:37Z  OBSERVE  frontend->shippingservice  rpr=0.0000  low=584 high=0  attempts=3  state=ON  metric=rpr
2026-10-07T12:45:37Z  OBSERVE  checkoutservice->cartservice  rpr=0.0000  low=583 high=0  attempts=3  state=ON  metric=rpr
2026-10-07T12:45:37Z  OBSERVE  checkoutservice->currencyservice  rpr=0.0000  low=583 high=0  attempts=3  state=ON  metric=rpr
2026-10-07T12:45:37Z  OBSERVE  checkoutservice->emailservice  rpr=0.0000  low=581 high=0  attempts=3  state=ON  metric=rpr
2026-10-07T12:45:37Z  OBSERVE  checkoutservice->paymentservice  rpr=0.0000  low=583 high=0  attempts=3  state=ON  metric=rpr
2026-10-07T12:45:37Z  OBSERVE  checkoutservice->shippingservice  rpr=0.0000  low=583 high=0  attempts=3  state=ON  metric=rpr
2026-10-07T12:45:37Z  OBSERVE  recommendationservice->productcatalogservice  rpr=0.0000  low=584 high=0  attempts=3  state=ON  metric=rpr
2026-10-07T12:45:38Z  OBSERVE  frontend->adservice  rpr=0.0000  low=585 high=0  attempts=3  state=ON  metric=rpr
2026-10-07T12:45:38Z  OBSERVE  frontend->cartservice  rpr=0.0000  low=586 high=0  attempts=3  state=ON  metric=rpr
2026-10-07T12:45:38Z  OBSERVE  frontend->checkoutservice  rpr=0.0000  low=77 high=0  attempts=3  state=ON  metric=rpr
2026-10-07T12:45:38Z  OBSERVE  frontend->currencyservice  rpr=0.0000  low=586 high=0  attempts=3  state=ON  metric=rpr
2026-10-07T12:45:38Z  OBSERVE  frontend->productcatalogservice  rpr=0.0000  low=586 high=0  attempts=3  state=ON  metric=rpr
2026-10-07T12:45:38Z  OBSERVE  frontend->recommendationservice  rpr=0.9556  low=0 high=13  attempts=3  state=ON  metric=rpr
2026-10-07T12:45:38Z  OBSERVE  frontend->shippingservice  rpr=0.0000  low=585 high=0  attempts=3  state=ON  metric=rpr
2026-10-07T12:45:38Z  OBSERVE  checkoutservice->cartservice  rpr=0.0000  low=584 high=0  attempts=3  state=ON  metric=rpr
2026-10-07T12:45:38Z  OBSERVE  checkoutservice->currencyservice  rpr=0.0000  low=584 high=0  attempts=3  state=ON  metric=rpr
2026-10-07T12:45:38Z  OBSERVE  checkoutservice->emailservice  rpr=0.0000  low=582 high=0  attempts=3  state=ON  metric=rpr
2026-10-07T12:45:38Z  OBSERVE  checkoutservice->paymentservice  rpr=0.0000  low=584 high=0  attempts=3  state=ON  metric=rpr
2026-10-07T12:45:38Z  OBSERVE  checkoutservice->shippingservice  rpr=0.0000  low=584 high=0  attempts=3  state=ON  metric=rpr
2026-10-07T12:45:38Z  OBSERVE  recommendationservice->productcatalogservice  rpr=0.0000  low=585 high=0  attempts=3  state=ON  metric=rpr
2026-10-07T12:45:39Z  OBSERVE  frontend->adservice  rpr=0.0000  low=586 high=0  attempts=3  state=ON  metric=rpr
2026-10-07T12:45:39Z  OBSERVE  frontend->cartservice  rpr=0.0000  low=587 high=0  attempts=3  state=ON  metric=rpr
2026-10-07T12:45:39Z  OBSERVE  frontend->checkoutservice  rpr=0.0000  low=78 high=0  attempts=3  state=ON  metric=rpr
2026-10-07T12:45:39Z  OBSERVE  frontend->currencyservice  rpr=0.0000  low=587 high=0  attempts=3  state=ON  metric=rpr
2026-10-07T12:45:39Z  OBSERVE  frontend->productcatalogservice  rpr=0.0000  low=587 high=0  attempts=3  state=ON  metric=rpr
2026-10-07T12:45:39Z  OBSERVE  frontend->recommendationservice  rpr=1.0535  low=0 high=14  attempts=3  state=ON  metric=rpr
2026-10-07T12:45:39Z  OBSERVE  frontend->shippingservice  rpr=0.0000  low=586 high=0  attempts=3  state=ON  metric=rpr
2026-10-07T12:45:39Z  OBSERVE  checkoutservice->cartservice  rpr=0.0000  low=585 high=0  attempts=3  state=ON  metric=rpr
2026-10-07T12:45:39Z  OBSERVE  checkoutservice->currencyservice  rpr=0.0000  low=585 high=0  attempts=3  state=ON  metric=rpr
2026-10-07T12:45:39Z  OBSERVE  checkoutservice->emailservice  rpr=0.0000  low=583 high=0  attempts=3  state=ON  metric=rpr
2026-10-07T12:45:39Z  OBSERVE  checkoutservice->paymentservice  rpr=0.0000  low=585 high=0  attempts=3  state=ON  metric=rpr
2026-10-07T12:45:39Z  OBSERVE  checkoutservice->shippingservice  rpr=0.0000  low=585 high=0  attempts=3  state=ON  metric=rpr
2026-10-07T12:45:39Z  OBSERVE  recommendationservice->productcatalogservice  rpr=0.0000  low=586 high=0  attempts=3  state=ON  metric=rpr
2026-10-07T12:45:40Z  OBSERVE  frontend->adservice  rpr=0.0000  low=587 high=0  attempts=3  state=ON  metric=rpr
2026-10-07T12:45:40Z  OBSERVE  frontend->cartservice  rpr=0.0000  low=588 high=0  attempts=3  state=ON  metric=rpr
2026-10-07T12:45:40Z  OBSERVE  frontend->checkoutservice  rpr=0.0000  low=79 high=0  attempts=3  state=ON  metric=rpr
2026-10-07T12:45:40Z  OBSERVE  frontend->currencyservice  rpr=0.0000  low=588 high=0  attempts=3  state=ON  metric=rpr
2026-10-07T12:45:40Z  OBSERVE  frontend->productcatalogservice  rpr=0.0000  low=588 high=0  attempts=3  state=ON  metric=rpr
2026-10-07T12:45:40Z  OBSERVE  frontend->recommendationservice  rpr=1.0499  low=0 high=15  attempts=3  state=ON  metric=rpr
2026-10-07T12:45:40Z  OBSERVE  frontend->shippingservice  rpr=0.0000  low=587 high=0  attempts=3  state=ON  metric=rpr
2026-10-07T12:45:40Z  OBSERVE  checkoutservice->cartservice  rpr=0.0000  low=586 high=0  attempts=3  state=ON  metric=rpr
2026-10-07T12:45:40Z  OBSERVE  checkoutservice->currencyservice  rpr=0.0000  low=586 high=0  attempts=3  state=ON  metric=rpr
2026-10-07T12:45:40Z  OBSERVE  checkoutservice->emailservice  rpr=0.0000  low=584 high=0  attempts=3  state=ON  metric=rpr
2026-10-07T12:45:40Z  OBSERVE  checkoutservice->paymentservice  rpr=0.0000  low=586 high=0  attempts=3  state=ON  metric=rpr
2026-10-07T12:45:40Z  OBSERVE  checkoutservice->shippingservice  rpr=0.0000  low=586 high=0  attempts=3  state=ON  metric=rpr
2026-10-07T12:45:40Z  OBSERVE  recommendationservice->productcatalogservice  rpr=0.0000  low=587 high=0  attempts=3  state=ON  metric=rpr
2026-10-07T12:45:41Z  OBSERVE  frontend->adservice  rpr=0.0000  low=588 high=0  attempts=3  state=ON  metric=rpr
2026-10-07T12:45:41Z  OBSERVE  frontend->cartservice  rpr=0.0000  low=589 high=0  attempts=3  state=ON  metric=rpr
2026-10-07T12:45:41Z  OBSERVE  frontend->checkoutservice  rpr=0.0000  low=80 high=0  attempts=3  state=ON  metric=rpr
2026-10-07T12:45:41Z  OBSERVE  frontend->currencyservice  rpr=0.0000  low=589 high=0  attempts=3  state=ON  metric=rpr
2026-10-07T12:45:41Z  OBSERVE  frontend->productcatalogservice  rpr=0.0000  low=589 high=0  attempts=3  state=ON  metric=rpr
2026-10-07T12:45:41Z  OBSERVE  frontend->recommendationservice  rpr=0.7372  low=0 high=16  attempts=3  state=ON  metric=rpr
2026-10-07T12:45:41Z  OBSERVE  frontend->shippingservice  rpr=0.0000  low=588 high=0  attempts=3  state=ON  metric=rpr
2026-10-07T12:45:41Z  OBSERVE  checkoutservice->cartservice  rpr=0.0000  low=587 high=0  attempts=3  state=ON  metric=rpr
2026-10-07T12:45:41Z  OBSERVE  checkoutservice->currencyservice  rpr=0.0000  low=587 high=0  attempts=3  state=ON  metric=rpr
2026-10-07T12:45:41Z  OBSERVE  checkoutservice->emailservice  rpr=0.0000  low=585 high=0  attempts=3  state=ON  metric=rpr
2026-10-07T12:45:41Z  OBSERVE  checkoutservice->paymentservice  rpr=0.0000  low=587 high=0  attempts=3  state=ON  metric=rpr
2026-10-07T12:45:41Z  OBSERVE  checkoutservice->shippingservice  rpr=0.0000  low=587 high=0  attempts=3  state=ON  metric=rpr
2026-10-07T12:45:41Z  OBSERVE  recommendationservice->productcatalogservice  rpr=0.0000  low=588 high=0  attempts=3  state=ON  metric=rpr
2026-10-07T12:45:42Z  OBSERVE  frontend->adservice  rpr=0.0000  low=589 high=0  attempts=3  state=ON  metric=rpr
2026-10-07T12:45:42Z  OBSERVE  frontend->cartservice  rpr=0.0000  low=590 high=0  attempts=3  state=ON  metric=rpr
2026-10-07T12:45:42Z  OBSERVE  frontend->checkoutservice  rpr=0.0000  low=81 high=0  attempts=3  state=ON  metric=rpr
2026-10-07T12:45:42Z  OBSERVE  frontend->currencyservice  rpr=0.0000  low=590 high=0  attempts=3  state=ON  metric=rpr
2026-10-07T12:45:42Z  OBSERVE  frontend->productcatalogservice  rpr=0.0000  low=590 high=0  attempts=3  state=ON  metric=rpr
2026-10-07T12:45:42Z  OBSERVE  frontend->recommendationservice  rpr=0.7242  low=0 high=17  attempts=3  state=ON  metric=rpr
2026-10-07T12:45:42Z  OBSERVE  frontend->shippingservice  rpr=0.0000  low=589 high=0  attempts=3  state=ON  metric=rpr
2026-10-07T12:45:42Z  OBSERVE  checkoutservice->cartservice  rpr=0.0000  low=588 high=0  attempts=3  state=ON  metric=rpr
2026-10-07T12:45:42Z  OBSERVE  checkoutservice->currencyservice  rpr=0.0000  low=588 high=0  attempts=3  state=ON  metric=rpr
2026-10-07T12:45:42Z  OBSERVE  checkoutservice->emailservice  rpr=0.0000  low=586 high=0  attempts=3  state=ON  metric=rpr
2026-10-07T12:45:42Z  OBSERVE  checkoutservice->paymentservice  rpr=0.0000  low=588 high=0  attempts=3  state=ON  metric=rpr
2026-10-07T12:45:42Z  OBSERVE  checkoutservice->shippingservice  rpr=0.0000  low=588 high=0  attempts=3  state=ON  metric=rpr
2026-10-07T12:45:42Z  OBSERVE  recommendationservice->productcatalogservice  rpr=0.0000  low=589 high=0  attempts=3  state=ON  metric=rpr
2026-10-07T12:45:43Z  OBSERVE  frontend->adservice  rpr=0.0000  low=590 high=0  attempts=3  state=ON  metric=rpr
2026-10-07T12:45:43Z  OBSERVE  frontend->cartservice  rpr=0.0000  low=591 high=0  attempts=3  state=ON  metric=rpr
2026-10-07T12:45:43Z  OBSERVE  frontend->checkoutservice  rpr=0.0000  low=82 high=0  attempts=3  state=ON  metric=rpr
2026-10-07T12:45:43Z  OBSERVE  frontend->currencyservice  rpr=0.0000  low=591 high=0  attempts=3  state=ON  metric=rpr
2026-10-07T12:45:43Z  OBSERVE  frontend->productcatalogservice  rpr=0.0000  low=591 high=0  attempts=3  state=ON  metric=rpr
2026-10-07T12:45:43Z  OBSERVE  frontend->recommendationservice  rpr=0.5736  low=0 high=18  attempts=3  state=ON  metric=rpr
2026-10-07T12:45:43Z  OBSERVE  frontend->shippingservice  rpr=0.0000  low=590 high=0  attempts=3  state=ON  metric=rpr
2026-10-07T12:45:43Z  OBSERVE  checkoutservice->cartservice  rpr=0.0000  low=589 high=0  attempts=3  state=ON  metric=rpr
2026-10-07T12:45:43Z  OBSERVE  checkoutservice->currencyservice  rpr=0.0000  low=589 high=0  attempts=3  state=ON  metric=rpr
2026-10-07T12:45:43Z  OBSERVE  checkoutservice->emailservice  rpr=0.0000  low=587 high=0  attempts=3  state=ON  metric=rpr
2026-10-07T12:45:43Z  OBSERVE  checkoutservice->paymentservice  rpr=0.0000  low=589 high=0  attempts=3  state=ON  metric=rpr
2026-10-07T12:45:43Z  OBSERVE  checkoutservice->shippingservice  rpr=0.0000  low=589 high=0  attempts=3  state=ON  metric=rpr
2026-10-07T12:45:43Z  OBSERVE  recommendationservice->productcatalogservice  rpr=0.0000  low=590 high=0  attempts=3  state=ON  metric=rpr
2026-10-07T12:45:44Z  OBSERVE  frontend->adservice  rpr=0.0000  low=591 high=0  attempts=3  state=ON  metric=rpr
2026-10-07T12:45:44Z  OBSERVE  frontend->cartservice  rpr=0.0000  low=592 high=0  attempts=3  state=ON  metric=rpr
2026-10-07T12:45:44Z  OBSERVE  frontend->checkoutservice  rpr=0.0000  low=83 high=0  attempts=3  state=ON  metric=rpr
2026-10-07T12:45:44Z  OBSERVE  frontend->currencyservice  rpr=0.0000  low=592 high=0  attempts=3  state=ON  metric=rpr
2026-10-07T12:45:44Z  OBSERVE  frontend->productcatalogservice  rpr=0.0000  low=592 high=0  attempts=3  state=ON  metric=rpr
2026-10-07T12:45:44Z  OBSERVE  frontend->recommendationservice  rpr=0.5584  low=0 high=19  attempts=3  state=ON  metric=rpr
2026-10-07T12:45:44Z  OBSERVE  frontend->shippingservice  rpr=0.0000  low=591 high=0  attempts=3  state=ON  metric=rpr
2026-10-07T12:45:44Z  OBSERVE  checkoutservice->cartservice  rpr=0.0000  low=590 high=0  attempts=3  state=ON  metric=rpr
2026-10-07T12:45:44Z  OBSERVE  checkoutservice->currencyservice  rpr=0.0000  low=590 high=0  attempts=3  state=ON  metric=rpr
2026-10-07T12:45:44Z  OBSERVE  checkoutservice->emailservice  rpr=0.0000  low=588 high=0  attempts=3  state=ON  metric=rpr
2026-10-07T12:45:44Z  OBSERVE  checkoutservice->paymentservice  rpr=0.0000  low=590 high=0  attempts=3  state=ON  metric=rpr
2026-10-07T12:45:44Z  OBSERVE  checkoutservice->shippingservice  rpr=0.0000  low=590 high=0  attempts=3  state=ON  metric=rpr
2026-10-07T12:45:44Z  OBSERVE  recommendationservice->productcatalogservice  rpr=0.0000  low=591 high=0  attempts=3  state=ON  metric=rpr
2026-10-07T12:45:45Z  OBSERVE  frontend->adservice  rpr=0.0000  low=592 high=0  attempts=3  state=ON  metric=rpr
2026-10-07T12:45:45Z  OBSERVE  frontend->cartservice  rpr=0.0000  low=593 high=0  attempts=3  state=ON  metric=rpr
2026-10-07T12:45:45Z  OBSERVE  frontend->checkoutservice  rpr=0.0000  low=84 high=0  attempts=3  state=ON  metric=rpr
2026-10-07T12:45:45Z  OBSERVE  frontend->currencyservice  rpr=0.0000  low=593 high=0  attempts=3  state=ON  metric=rpr
2026-10-07T12:45:45Z  OBSERVE  frontend->productcatalogservice  rpr=0.0000  low=593 high=0  attempts=3  state=ON  metric=rpr
2026-10-07T12:45:45Z  OBSERVE  frontend->recommendationservice  rpr=0.6990  low=0 high=20  attempts=3  state=ON  metric=rpr
2026-10-07T12:45:45Z  OBSERVE  frontend->shippingservice  rpr=0.0000  low=592 high=0  attempts=3  state=ON  metric=rpr
2026-10-07T12:45:45Z  OBSERVE  checkoutservice->cartservice  rpr=0.0000  low=591 high=0  attempts=3  state=ON  metric=rpr
2026-10-07T12:45:45Z  OBSERVE  checkoutservice->currencyservice  rpr=0.0000  low=591 high=0  attempts=3  state=ON  metric=rpr
2026-10-07T12:45:45Z  OBSERVE  checkoutservice->emailservice  rpr=0.0000  low=589 high=0  attempts=3  state=ON  metric=rpr
2026-10-07T12:45:45Z  OBSERVE  checkoutservice->paymentservice  rpr=0.0000  low=591 high=0  attempts=3  state=ON  metric=rpr
2026-10-07T12:45:45Z  OBSERVE  checkoutservice->shippingservice  rpr=0.0000  low=591 high=0  attempts=3  state=ON  metric=rpr
2026-10-07T12:45:45Z  OBSERVE  recommendationservice->productcatalogservice  rpr=0.0000  low=592 high=0  attempts=3  state=ON  metric=rpr
2026-10-07T12:45:46Z  OBSERVE  frontend->adservice  rpr=0.0000  low=593 high=0  attempts=3  state=ON  metric=rpr
2026-10-07T12:45:46Z  OBSERVE  frontend->cartservice  rpr=0.0000  low=594 high=0  attempts=3  state=ON  metric=rpr
2026-10-07T12:45:46Z  OBSERVE  frontend->checkoutservice  rpr=0.0000  low=85 high=0  attempts=3  state=ON  metric=rpr
2026-10-07T12:45:46Z  OBSERVE  frontend->currencyservice  rpr=0.0000  low=594 high=0  attempts=3  state=ON  metric=rpr
2026-10-07T12:45:46Z  OBSERVE  frontend->productcatalogservice  rpr=0.0000  low=594 high=0  attempts=3  state=ON  metric=rpr
2026-10-07T12:45:46Z  OBSERVE  frontend->recommendationservice  rpr=0.6048  low=0 high=21  attempts=3  state=ON  metric=rpr
2026-10-07T12:45:46Z  OBSERVE  frontend->shippingservice  rpr=0.0000  low=593 high=0  attempts=3  state=ON  metric=rpr
2026-10-07T12:45:46Z  OBSERVE  checkoutservice->cartservice  rpr=0.0000  low=592 high=0  attempts=3  state=ON  metric=rpr
2026-10-07T12:45:46Z  OBSERVE  checkoutservice->currencyservice  rpr=0.0000  low=592 high=0  attempts=3  state=ON  metric=rpr
2026-10-07T12:45:46Z  OBSERVE  checkoutservice->emailservice  rpr=0.0000  low=590 high=0  attempts=3  state=ON  metric=rpr
2026-10-07T12:45:46Z  OBSERVE  checkoutservice->paymentservice  rpr=0.0000  low=592 high=0  attempts=3  state=ON  metric=rpr
2026-10-07T12:45:46Z  OBSERVE  checkoutservice->shippingservice  rpr=0.0000  low=592 high=0  attempts=3  state=ON  metric=rpr
2026-10-07T12:45:46Z  OBSERVE  recommendationservice->productcatalogservice  rpr=0.0000  low=593 high=0  attempts=3  state=ON  metric=rpr
2026-10-07T12:45:47Z  OBSERVE  frontend->adservice  rpr=0.0000  low=594 high=0  attempts=3  state=ON  metric=rpr
2026-10-07T12:45:47Z  OBSERVE  frontend->cartservice  rpr=0.0000  low=595 high=0  attempts=3  state=ON  metric=rpr
2026-10-07T12:45:47Z  OBSERVE  frontend->checkoutservice  rpr=0.0000  low=86 high=0  attempts=3  state=ON  metric=rpr
2026-10-07T12:45:47Z  OBSERVE  frontend->currencyservice  rpr=0.0000  low=595 high=0  attempts=3  state=ON  metric=rpr
2026-10-07T12:45:47Z  OBSERVE  frontend->productcatalogservice  rpr=0.0000  low=595 high=0  attempts=3  state=ON  metric=rpr
2026-10-07T12:45:47Z  OBSERVE  frontend->recommendationservice  rpr=0.5739  low=0 high=22  attempts=3  state=ON  metric=rpr
2026-10-07T12:45:47Z  OBSERVE  frontend->shippingservice  rpr=0.0000  low=594 high=0  attempts=3  state=ON  metric=rpr
2026-10-07T12:45:47Z  OBSERVE  checkoutservice->cartservice  rpr=0.0000  low=593 high=0  attempts=3  state=ON  metric=rpr
2026-10-07T12:45:47Z  OBSERVE  checkoutservice->currencyservice  rpr=0.0000  low=593 high=0  attempts=3  state=ON  metric=rpr
2026-10-07T12:45:47Z  OBSERVE  checkoutservice->emailservice  rpr=0.0000  low=591 high=0  attempts=3  state=ON  metric=rpr
2026-10-07T12:45:47Z  OBSERVE  checkoutservice->paymentservice  rpr=0.0000  low=593 high=0  attempts=3  state=ON  metric=rpr
2026-10-07T12:45:47Z  OBSERVE  checkoutservice->shippingservice  rpr=0.0000  low=593 high=0  attempts=3  state=ON  metric=rpr
2026-10-07T12:45:47Z  OBSERVE  recommendationservice->productcatalogservice  rpr=0.0000  low=594 high=0  attempts=3  state=ON  metric=rpr
2026-10-07T12:45:48Z  OBSERVE  frontend->adservice  rpr=0.0000  low=595 high=0  attempts=3  state=ON  metric=rpr
2026-10-07T12:45:48Z  OBSERVE  frontend->cartservice  rpr=0.0000  low=596 high=0  attempts=3  state=ON  metric=rpr
2026-10-07T12:45:48Z  OBSERVE  frontend->checkoutservice  rpr=0.0000  low=87 high=0  attempts=3  state=ON  metric=rpr
2026-10-07T12:45:48Z  OBSERVE  frontend->currencyservice  rpr=0.0000  low=596 high=0  attempts=3  state=ON  metric=rpr
2026-10-07T12:45:48Z  OBSERVE  frontend->productcatalogservice  rpr=0.0000  low=596 high=0  attempts=3  state=ON  metric=rpr
2026-10-07T12:45:48Z  OBSERVE  frontend->recommendationservice  rpr=0.6352  low=0 high=23  attempts=3  state=ON  metric=rpr
2026-10-07T12:45:48Z  OBSERVE  frontend->shippingservice  rpr=0.0000  low=595 high=0  attempts=3  state=ON  metric=rpr
2026-10-07T12:45:48Z  OBSERVE  checkoutservice->cartservice  rpr=0.0000  low=594 high=0  attempts=3  state=ON  metric=rpr
2026-10-07T12:45:48Z  OBSERVE  checkoutservice->currencyservice  rpr=0.0000  low=594 high=0  attempts=3  state=ON  metric=rpr
2026-10-07T12:45:48Z  OBSERVE  checkoutservice->emailservice  rpr=0.0000  low=592 high=0  attempts=3  state=ON  metric=rpr
2026-10-07T12:45:48Z  OBSERVE  checkoutservice->paymentservice  rpr=0.0000  low=594 high=0  attempts=3  state=ON  metric=rpr
2026-10-07T12:45:48Z  OBSERVE  checkoutservice->shippingservice  rpr=0.0000  low=594 high=0  attempts=3  state=ON  metric=rpr
2026-10-07T12:45:48Z  OBSERVE  recommendationservice->productcatalogservice  rpr=0.0000  low=595 high=0  attempts=3  state=ON  metric=rpr
2026-10-07T12:45:49Z  OBSERVE  frontend->adservice  rpr=0.0000  low=596 high=0  attempts=3  state=ON  metric=rpr
2026-10-07T12:45:49Z  OBSERVE  frontend->cartservice  rpr=0.0000  low=597 high=0  attempts=3  state=ON  metric=rpr
2026-10-07T12:45:49Z  OBSERVE  frontend->checkoutservice  rpr=0.0000  low=88 high=0  attempts=3  state=ON  metric=rpr
2026-10-07T12:45:49Z  OBSERVE  frontend->currencyservice  rpr=0.0000  low=597 high=0  attempts=3  state=ON  metric=rpr
2026-10-07T12:45:49Z  OBSERVE  frontend->productcatalogservice  rpr=0.0000  low=597 high=0  attempts=3  state=ON  metric=rpr
2026-10-07T12:45:49Z  OBSERVE  frontend->recommendationservice  rpr=0.6485  low=0 high=24  attempts=3  state=ON  metric=rpr
2026-10-07T12:45:49Z  OBSERVE  frontend->shippingservice  rpr=0.0000  low=596 high=0  attempts=3  state=ON  metric=rpr
2026-10-07T12:45:49Z  OBSERVE  checkoutservice->cartservice  rpr=0.0000  low=595 high=0  attempts=3  state=ON  metric=rpr
2026-10-07T12:45:49Z  OBSERVE  checkoutservice->currencyservice  rpr=0.0000  low=595 high=0  attempts=3  state=ON  metric=rpr
2026-10-07T12:45:49Z  OBSERVE  checkoutservice->emailservice  rpr=0.0000  low=593 high=0  attempts=3  state=ON  metric=rpr
2026-10-07T12:45:49Z  OBSERVE  checkoutservice->paymentservice  rpr=0.0000  low=595 high=0  attempts=3  state=ON  metric=rpr
2026-10-07T12:45:49Z  OBSERVE  checkoutservice->shippingservice  rpr=0.0000  low=595 high=0  attempts=3  state=ON  metric=rpr
2026-10-07T12:45:49Z  OBSERVE  recommendationservice->productcatalogservice  rpr=0.0000  low=596 high=0  attempts=3  state=ON  metric=rpr
2026-10-07T12:45:50Z  OBSERVE  frontend->adservice  rpr=0.0000  low=597 high=0  attempts=3  state=ON  metric=rpr
2026-10-07T12:45:50Z  OBSERVE  frontend->cartservice  rpr=0.0000  low=598 high=0  attempts=3  state=ON  metric=rpr
2026-10-07T12:45:50Z  OBSERVE  frontend->checkoutservice  rpr=0.0000  low=89 high=0  attempts=3  state=ON  metric=rpr
2026-10-07T12:45:50Z  OBSERVE  frontend->currencyservice  rpr=0.0000  low=598 high=0  attempts=3  state=ON  metric=rpr
2026-10-07T12:45:50Z  OBSERVE  frontend->productcatalogservice  rpr=0.0000  low=598 high=0  attempts=3  state=ON  metric=rpr
2026-10-07T12:45:50Z  OBSERVE  frontend->recommendationservice  rpr=0.4599  low=1 high=0  attempts=3  state=ON  metric=rpr
2026-10-07T12:45:50Z  OBSERVE  frontend->shippingservice  rpr=0.0000  low=597 high=0  attempts=3  state=ON  metric=rpr
2026-10-07T12:45:50Z  OBSERVE  checkoutservice->cartservice  rpr=0.0000  low=596 high=0  attempts=3  state=ON  metric=rpr
2026-10-07T12:45:50Z  OBSERVE  checkoutservice->currencyservice  rpr=0.0000  low=596 high=0  attempts=3  state=ON  metric=rpr
2026-10-07T12:45:50Z  OBSERVE  checkoutservice->emailservice  rpr=0.0000  low=594 high=0  attempts=3  state=ON  metric=rpr
2026-10-07T12:45:50Z  OBSERVE  checkoutservice->paymentservice  rpr=0.0000  low=596 high=0  attempts=3  state=ON  metric=rpr
2026-10-07T12:45:50Z  OBSERVE  checkoutservice->shippingservice  rpr=0.0000  low=596 high=0  attempts=3  state=ON  metric=rpr
2026-10-07T12:45:50Z  OBSERVE  recommendationservice->productcatalogservice  rpr=0.0000  low=597 high=0  attempts=3  state=ON  metric=rpr
2026-10-07T12:45:51Z  OBSERVE  frontend->adservice  rpr=0.0000  low=598 high=0  attempts=3  state=ON  metric=rpr
2026-10-07T12:45:51Z  OBSERVE  frontend->cartservice  rpr=0.0000  low=599 high=0  attempts=3  state=ON  metric=rpr
2026-10-07T12:45:51Z  OBSERVE  frontend->checkoutservice  rpr=0.0000  low=90 high=0  attempts=3  state=ON  metric=rpr
2026-10-07T12:45:51Z  OBSERVE  frontend->currencyservice  rpr=0.0000  low=599 high=0  attempts=3  state=ON  metric=rpr
2026-10-07T12:45:51Z  OBSERVE  frontend->productcatalogservice  rpr=0.0000  low=599 high=0  attempts=3  state=ON  metric=rpr
2026-10-07T12:45:51Z  OBSERVE  frontend->recommendationservice  rpr=0.9945  low=0 high=1  attempts=3  state=ON  metric=rpr
2026-10-07T12:45:51Z  OBSERVE  frontend->shippingservice  rpr=0.0000  low=598 high=0  attempts=3  state=ON  metric=rpr
2026-10-07T12:45:51Z  OBSERVE  checkoutservice->cartservice  rpr=0.0000  low=597 high=0  attempts=3  state=ON  metric=rpr
2026-10-07T12:45:51Z  OBSERVE  checkoutservice->currencyservice  rpr=0.0000  low=597 high=0  attempts=3  state=ON  metric=rpr
2026-10-07T12:45:51Z  OBSERVE  checkoutservice->emailservice  rpr=0.0000  low=595 high=0  attempts=3  state=ON  metric=rpr
2026-10-07T12:45:51Z  OBSERVE  checkoutservice->paymentservice  rpr=0.0000  low=597 high=0  attempts=3  state=ON  metric=rpr
2026-10-07T12:45:51Z  OBSERVE  checkoutservice->shippingservice  rpr=0.0000  low=597 high=0  attempts=3  state=ON  metric=rpr
2026-10-07T12:45:51Z  OBSERVE  recommendationservice->productcatalogservice  rpr=0.0000  low=598 high=0  attempts=3  state=ON  metric=rpr
2026-10-07T12:45:52Z  OBSERVE  frontend->adservice  rpr=0.0000  low=599 high=0  attempts=3  state=ON  metric=rpr
2026-10-07T12:45:52Z  OBSERVE  frontend->cartservice  rpr=0.0000  low=600 high=0  attempts=3  state=ON  metric=rpr
2026-10-07T12:45:52Z  OBSERVE  frontend->checkoutservice  rpr=0.0000  low=91 high=0  attempts=3  state=ON  metric=rpr
2026-10-07T12:45:52Z  OBSERVE  frontend->currencyservice  rpr=0.0000  low=600 high=0  attempts=3  state=ON  metric=rpr
2026-10-07T12:45:52Z  OBSERVE  frontend->productcatalogservice  rpr=0.0000  low=600 high=0  attempts=3  state=ON  metric=rpr
2026-10-07T12:45:52Z  OBSERVE  frontend->recommendationservice  rpr=0.5303  low=0 high=2  attempts=3  state=ON  metric=rpr
2026-10-07T12:45:52Z  OBSERVE  frontend->shippingservice  rpr=0.0000  low=599 high=0  attempts=3  state=ON  metric=rpr
2026-10-07T12:45:52Z  OBSERVE  checkoutservice->cartservice  rpr=0.0000  low=598 high=0  attempts=3  state=ON  metric=rpr
2026-10-07T12:45:52Z  OBSERVE  checkoutservice->currencyservice  rpr=0.0000  low=598 high=0  attempts=3  state=ON  metric=rpr
2026-10-07T12:45:52Z  OBSERVE  checkoutservice->emailservice  rpr=0.0000  low=596 high=0  attempts=3  state=ON  metric=rpr
2026-10-07T12:45:52Z  OBSERVE  checkoutservice->paymentservice  rpr=0.0000  low=598 high=0  attempts=3  state=ON  metric=rpr
2026-10-07T12:45:52Z  OBSERVE  checkoutservice->shippingservice  rpr=0.0000  low=598 high=0  attempts=3  state=ON  metric=rpr
2026-10-07T12:45:52Z  OBSERVE  recommendationservice->productcatalogservice  rpr=0.0000  low=599 high=0  attempts=3  state=ON  metric=rpr
2026-10-07T12:45:53Z  OBSERVE  frontend->adservice  rpr=0.0000  low=600 high=0  attempts=3  state=ON  metric=rpr
2026-10-07T12:45:53Z  OBSERVE  frontend->cartservice  rpr=0.0000  low=601 high=0  attempts=3  state=ON  metric=rpr
2026-10-07T12:45:53Z  OBSERVE  frontend->checkoutservice  rpr=0.0000  low=92 high=0  attempts=3  state=ON  metric=rpr
2026-10-07T12:45:53Z  OBSERVE  frontend->currencyservice  rpr=0.0000  low=601 high=0  attempts=3  state=ON  metric=rpr
2026-10-07T12:45:53Z  OBSERVE  frontend->productcatalogservice  rpr=0.0000  low=601 high=0  attempts=3  state=ON  metric=rpr
2026-10-07T12:45:53Z  OBSERVE  frontend->recommendationservice  rpr=0.6964  low=0 high=3  attempts=3  state=ON  metric=rpr
2026-10-07T12:45:53Z  OBSERVE  frontend->shippingservice  rpr=0.0000  low=600 high=0  attempts=3  state=ON  metric=rpr
2026-10-07T12:45:53Z  OBSERVE  checkoutservice->cartservice  rpr=0.0000  low=599 high=0  attempts=3  state=ON  metric=rpr
2026-10-07T12:45:53Z  OBSERVE  checkoutservice->currencyservice  rpr=0.0000  low=599 high=0  attempts=3  state=ON  metric=rpr
2026-10-07T12:45:53Z  OBSERVE  checkoutservice->emailservice  rpr=0.0000  low=597 high=0  attempts=3  state=ON  metric=rpr
2026-10-07T12:45:53Z  OBSERVE  checkoutservice->paymentservice  rpr=0.0000  low=599 high=0  attempts=3  state=ON  metric=rpr
2026-10-07T12:45:53Z  OBSERVE  checkoutservice->shippingservice  rpr=0.0000  low=599 high=0  attempts=3  state=ON  metric=rpr
2026-10-07T12:45:53Z  OBSERVE  recommendationservice->productcatalogservice  rpr=0.0000  low=600 high=0  attempts=3  state=ON  metric=rpr
2026-10-07T12:45:54Z  OBSERVE  frontend->adservice  rpr=0.0000  low=601 high=0  attempts=3  state=ON  metric=rpr
2026-10-07T12:45:54Z  OBSERVE  frontend->cartservice  rpr=0.0000  low=602 high=0  attempts=3  state=ON  metric=rpr
2026-10-07T12:45:54Z  OBSERVE  frontend->checkoutservice  rpr=0.0000  low=93 high=0  attempts=3  state=ON  metric=rpr
2026-10-07T12:45:54Z  OBSERVE  frontend->currencyservice  rpr=0.0000  low=602 high=0  attempts=3  state=ON  metric=rpr
2026-10-07T12:45:54Z  OBSERVE  frontend->productcatalogservice  rpr=0.0000  low=602 high=0  attempts=3  state=ON  metric=rpr
2026-10-07T12:45:54Z  OBSERVE  frontend->recommendationservice  rpr=0.6271  low=0 high=4  attempts=3  state=ON  metric=rpr
2026-10-07T12:45:54Z  OBSERVE  frontend->shippingservice  rpr=0.0000  low=601 high=0  attempts=3  state=ON  metric=rpr
2026-10-07T12:45:54Z  OBSERVE  checkoutservice->cartservice  rpr=0.0000  low=600 high=0  attempts=3  state=ON  metric=rpr
2026-10-07T12:45:54Z  OBSERVE  checkoutservice->currencyservice  rpr=0.0000  low=600 high=0  attempts=3  state=ON  metric=rpr
2026-10-07T12:45:54Z  OBSERVE  checkoutservice->emailservice  rpr=0.0000  low=598 high=0  attempts=3  state=ON  metric=rpr
2026-10-07T12:45:54Z  OBSERVE  checkoutservice->paymentservice  rpr=0.0000  low=600 high=0  attempts=3  state=ON  metric=rpr
2026-10-07T12:45:54Z  OBSERVE  checkoutservice->shippingservice  rpr=0.0000  low=600 high=0  attempts=3  state=ON  metric=rpr
2026-10-07T12:45:54Z  OBSERVE  recommendationservice->productcatalogservice  rpr=0.0000  low=601 high=0  attempts=3  state=ON  metric=rpr
2026-10-07T12:45:55Z  OBSERVE  frontend->adservice  rpr=0.0000  low=602 high=0  attempts=3  state=ON  metric=rpr
2026-10-07T12:45:55Z  OBSERVE  frontend->cartservice  rpr=0.0000  low=603 high=0  attempts=3  state=ON  metric=rpr
2026-10-07T12:45:55Z  OBSERVE  frontend->checkoutservice  rpr=0.0000  low=94 high=0  attempts=3  state=ON  metric=rpr
2026-10-07T12:45:55Z  OBSERVE  frontend->currencyservice  rpr=0.0000  low=603 high=0  attempts=3  state=ON  metric=rpr
2026-10-07T12:45:55Z  OBSERVE  frontend->productcatalogservice  rpr=0.0000  low=603 high=0  attempts=3  state=ON  metric=rpr
2026-10-07T12:45:55Z  OBSERVE  frontend->recommendationservice  rpr=0.5941  low=0 high=5  attempts=3  state=ON  metric=rpr
2026-10-07T12:45:55Z  OBSERVE  frontend->shippingservice  rpr=0.0000  low=602 high=0  attempts=3  state=ON  metric=rpr
2026-10-07T12:45:55Z  OBSERVE  checkoutservice->cartservice  rpr=0.0000  low=601 high=0  attempts=3  state=ON  metric=rpr
2026-10-07T12:45:55Z  OBSERVE  checkoutservice->currencyservice  rpr=0.0000  low=601 high=0  attempts=3  state=ON  metric=rpr
2026-10-07T12:45:55Z  OBSERVE  checkoutservice->emailservice  rpr=0.0000  low=599 high=0  attempts=3  state=ON  metric=rpr
2026-10-07T12:45:55Z  OBSERVE  checkoutservice->paymentservice  rpr=0.0000  low=601 high=0  attempts=3  state=ON  metric=rpr
2026-10-07T12:45:55Z  OBSERVE  checkoutservice->shippingservice  rpr=0.0000  low=601 high=0  attempts=3  state=ON  metric=rpr
2026-10-07T12:45:55Z  OBSERVE  recommendationservice->productcatalogservice  rpr=0.0000  low=602 high=0  attempts=3  state=ON  metric=rpr
2026-10-07T12:45:56Z  OBSERVE  frontend->adservice  rpr=0.0000  low=603 high=0  attempts=3  state=ON  metric=rpr
2026-10-07T12:45:56Z  OBSERVE  frontend->cartservice  rpr=0.0000  low=604 high=0  attempts=3  state=ON  metric=rpr
2026-10-07T12:45:56Z  OBSERVE  frontend->checkoutservice  rpr=0.0000  low=95 high=0  attempts=3  state=ON  metric=rpr
2026-10-07T12:45:56Z  OBSERVE  frontend->currencyservice  rpr=0.0000  low=604 high=0  attempts=3  state=ON  metric=rpr
2026-10-07T12:45:56Z  OBSERVE  frontend->productcatalogservice  rpr=0.0000  low=604 high=0  attempts=3  state=ON  metric=rpr
2026-10-07T12:45:56Z  OBSERVE  frontend->recommendationservice  rpr=0.4118  low=1 high=0  attempts=3  state=ON  metric=rpr
2026-10-07T12:45:56Z  OBSERVE  frontend->shippingservice  rpr=0.0000  low=603 high=0  attempts=3  state=ON  metric=rpr
2026-10-07T12:45:56Z  OBSERVE  checkoutservice->cartservice  rpr=0.0000  low=602 high=0  attempts=3  state=ON  metric=rpr
2026-10-07T12:45:56Z  OBSERVE  checkoutservice->currencyservice  rpr=0.0000  low=602 high=0  attempts=3  state=ON  metric=rpr
2026-10-07T12:45:56Z  OBSERVE  checkoutservice->emailservice  rpr=0.0000  low=600 high=0  attempts=3  state=ON  metric=rpr
2026-10-07T12:45:56Z  OBSERVE  checkoutservice->paymentservice  rpr=0.0000  low=602 high=0  attempts=3  state=ON  metric=rpr
2026-10-07T12:45:56Z  OBSERVE  checkoutservice->shippingservice  rpr=0.0000  low=602 high=0  attempts=3  state=ON  metric=rpr
2026-10-07T12:45:56Z  OBSERVE  recommendationservice->productcatalogservice  rpr=0.0000  low=603 high=0  attempts=3  state=ON  metric=rpr
2026-10-07T12:45:57Z  OBSERVE  frontend->adservice  rpr=0.0000  low=604 high=0  attempts=3  state=ON  metric=rpr
2026-10-07T12:45:57Z  OBSERVE  frontend->cartservice  rpr=0.0000  low=605 high=0  attempts=3  state=ON  metric=rpr
2026-10-07T12:45:57Z  OBSERVE  frontend->checkoutservice  rpr=0.0000  low=96 high=0  attempts=3  state=ON  metric=rpr
2026-10-07T12:45:57Z  OBSERVE  frontend->currencyservice  rpr=0.0000  low=605 high=0  attempts=3  state=ON  metric=rpr
2026-10-07T12:45:57Z  OBSERVE  frontend->productcatalogservice  rpr=0.0000  low=605 high=0  attempts=3  state=ON  metric=rpr
2026-10-07T12:45:57Z  OBSERVE  frontend->recommendationservice  rpr=0.7969  low=0 high=1  attempts=3  state=ON  metric=rpr
2026-10-07T12:45:57Z  OBSERVE  frontend->shippingservice  rpr=0.0000  low=604 high=0  attempts=3  state=ON  metric=rpr
2026-10-07T12:45:57Z  OBSERVE  checkoutservice->cartservice  rpr=0.0000  low=603 high=0  attempts=3  state=ON  metric=rpr
2026-10-07T12:45:57Z  OBSERVE  checkoutservice->currencyservice  rpr=0.0000  low=603 high=0  attempts=3  state=ON  metric=rpr
2026-10-07T12:45:57Z  OBSERVE  checkoutservice->emailservice  rpr=0.0000  low=601 high=0  attempts=3  state=ON  metric=rpr
2026-10-07T12:45:57Z  OBSERVE  checkoutservice->paymentservice  rpr=0.0000  low=603 high=0  attempts=3  state=ON  metric=rpr
2026-10-07T12:45:57Z  OBSERVE  checkoutservice->shippingservice  rpr=0.0000  low=603 high=0  attempts=3  state=ON  metric=rpr
2026-10-07T12:45:57Z  OBSERVE  recommendationservice->productcatalogservice  rpr=0.0000  low=604 high=0  attempts=3  state=ON  metric=rpr
2026-10-07T12:45:58Z  SHUTDOWN  signal=15
2026-10-07T12:45:58Z  EXIT
