2026-10-07T23:54:51Z  WAITING  for /home/idozacharia/TopFull/TopFull_master/online_boutique_scripts/src/logs/service_inbound.csv (timeout=60s)
2026-10-07T23:54:51Z  READY  found service_inbound.csv (880 rows)
2026-10-07T23:54:51Z  START  metric=edge_rpr rpr_threshold=0.50 rejection_threshold=0.20 reenable_rejection=0.10 sample_interval=1s interval_samples=30 edges=14 attempts_on=3
2026-10-07T23:55:16Z  OBSERVE  frontend->cartservice  rpr=0.0000  low=1 high=0  attempts=3  state=ON  metric=rpr
2026-10-07T23:55:16Z  OBSERVE  frontend->currencyservice  rpr=0.0000  low=1 high=0  attempts=3  state=ON  metric=rpr
2026-10-07T23:55:16Z  OBSERVE  frontend->productcatalogservice  rpr=0.0000  low=1 high=0  attempts=3  state=ON  metric=rpr
2026-10-07T23:55:16Z  OBSERVE  frontend->recommendationservice  rpr=0.0000  low=1 high=0  attempts=3  state=ON  metric=rpr
2026-10-07T23:55:16Z  OBSERVE  frontend->shippingservice  rpr=0.0000  low=1 high=0  attempts=3  state=ON  metric=rpr
2026-10-07T23:55:16Z  OBSERVE  recommendationservice->productcatalogservice  rpr=0.0000  low=1 high=0  attempts=3  state=ON  metric=rpr
2026-10-07T23:55:18Z  OBSERVE  frontend->adservice  rpr=0.0000  low=1 high=0  attempts=3  state=ON  metric=rpr
2026-10-07T23:55:18Z  OBSERVE  frontend->cartservice  rpr=0.0000  low=2 high=0  attempts=3  state=ON  metric=rpr
2026-10-07T23:55:18Z  OBSERVE  frontend->checkoutservice  rpr=0.0000  low=1 high=0  attempts=3  state=ON  metric=rpr
2026-10-07T23:55:18Z  OBSERVE  frontend->currencyservice  rpr=0.0000  low=2 high=0  attempts=3  state=ON  metric=rpr
2026-10-07T23:55:18Z  OBSERVE  frontend->productcatalogservice  rpr=0.0000  low=2 high=0  attempts=3  state=ON  metric=rpr
2026-10-07T23:55:18Z  OBSERVE  frontend->recommendationservice  rpr=0.0000  low=2 high=0  attempts=3  state=ON  metric=rpr
2026-10-07T23:55:18Z  OBSERVE  frontend->shippingservice  rpr=0.0000  low=2 high=0  attempts=3  state=ON  metric=rpr
2026-10-07T23:55:18Z  OBSERVE  checkoutservice->cartservice  rpr=0.0000  low=1 high=0  attempts=3  state=ON  metric=rpr
2026-10-07T23:55:18Z  OBSERVE  checkoutservice->currencyservice  rpr=0.0000  low=1 high=0  attempts=3  state=ON  metric=rpr
2026-10-07T23:55:18Z  OBSERVE  checkoutservice->emailservice  rpr=0.0000  low=1 high=0  attempts=3  state=ON  metric=rpr
2026-10-07T23:55:18Z  OBSERVE  checkoutservice->paymentservice  rpr=0.0000  low=1 high=0  attempts=3  state=ON  metric=rpr
2026-10-07T23:55:18Z  OBSERVE  checkoutservice->shippingservice  rpr=0.0000  low=1 high=0  attempts=3  state=ON  metric=rpr
2026-10-07T23:55:18Z  OBSERVE  recommendationservice->productcatalogservice  rpr=0.0000  low=2 high=0  attempts=3  state=ON  metric=rpr
2026-10-07T23:55:19Z  OBSERVE  frontend->adservice  rpr=0.0000  low=2 high=0  attempts=3  state=ON  metric=rpr
2026-10-07T23:55:19Z  OBSERVE  frontend->cartservice  rpr=0.0000  low=3 high=0  attempts=3  state=ON  metric=rpr
2026-10-07T23:55:19Z  OBSERVE  frontend->checkoutservice  rpr=0.0000  low=2 high=0  attempts=3  state=ON  metric=rpr
2026-10-07T23:55:19Z  OBSERVE  frontend->currencyservice  rpr=0.0000  low=3 high=0  attempts=3  state=ON  metric=rpr
2026-10-07T23:55:19Z  OBSERVE  frontend->productcatalogservice  rpr=0.0000  low=3 high=0  attempts=3  state=ON  metric=rpr
2026-10-07T23:55:19Z  OBSERVE  frontend->recommendationservice  rpr=0.0000  low=3 high=0  attempts=3  state=ON  metric=rpr
2026-10-07T23:55:19Z  OBSERVE  frontend->shippingservice  rpr=0.0000  low=3 high=0  attempts=3  state=ON  metric=rpr
2026-10-07T23:55:19Z  OBSERVE  checkoutservice->cartservice  rpr=0.0000  low=2 high=0  attempts=3  state=ON  metric=rpr
2026-10-07T23:55:19Z  OBSERVE  checkoutservice->currencyservice  rpr=0.0000  low=2 high=0  attempts=3  state=ON  metric=rpr
2026-10-07T23:55:19Z  OBSERVE  checkoutservice->emailservice  rpr=0.0000  low=2 high=0  attempts=3  state=ON  metric=rpr
2026-10-07T23:55:19Z  OBSERVE  checkoutservice->paymentservice  rpr=0.0000  low=2 high=0  attempts=3  state=ON  metric=rpr
2026-10-07T23:55:19Z  OBSERVE  checkoutservice->shippingservice  rpr=0.0000  low=2 high=0  attempts=3  state=ON  metric=rpr
2026-10-07T23:55:19Z  OBSERVE  recommendationservice->productcatalogservice  rpr=0.0000  low=3 high=0  attempts=3  state=ON  metric=rpr
2026-10-07T23:55:20Z  OBSERVE  frontend->adservice  rpr=0.0000  low=3 high=0  attempts=3  state=ON  metric=rpr
2026-10-07T23:55:20Z  OBSERVE  frontend->cartservice  rpr=0.0000  low=4 high=0  attempts=3  state=ON  metric=rpr
2026-10-07T23:55:20Z  OBSERVE  frontend->checkoutservice  rpr=0.0000  low=3 high=0  attempts=3  state=ON  metric=rpr
2026-10-07T23:55:20Z  OBSERVE  frontend->currencyservice  rpr=0.0000  low=4 high=0  attempts=3  state=ON  metric=rpr
2026-10-07T23:55:20Z  OBSERVE  frontend->productcatalogservice  rpr=0.0000  low=4 high=0  attempts=3  state=ON  metric=rpr
2026-10-07T23:55:20Z  OBSERVE  frontend->recommendationservice  rpr=0.0000  low=4 high=0  attempts=3  state=ON  metric=rpr
2026-10-07T23:55:20Z  OBSERVE  frontend->shippingservice  rpr=0.0000  low=4 high=0  attempts=3  state=ON  metric=rpr
2026-10-07T23:55:20Z  OBSERVE  checkoutservice->cartservice  rpr=0.0000  low=3 high=0  attempts=3  state=ON  metric=rpr
2026-10-07T23:55:20Z  OBSERVE  checkoutservice->currencyservice  rpr=0.0000  low=3 high=0  attempts=3  state=ON  metric=rpr
2026-10-07T23:55:20Z  OBSERVE  checkoutservice->emailservice  rpr=0.0000  low=3 high=0  attempts=3  state=ON  metric=rpr
2026-10-07T23:55:20Z  OBSERVE  checkoutservice->paymentservice  rpr=0.0000  low=3 high=0  attempts=3  state=ON  metric=rpr
2026-10-07T23:55:20Z  OBSERVE  checkoutservice->shippingservice  rpr=0.0000  low=3 high=0  attempts=3  state=ON  metric=rpr
2026-10-07T23:55:20Z  OBSERVE  recommendationservice->productcatalogservice  rpr=0.0000  low=4 high=0  attempts=3  state=ON  metric=rpr
2026-10-07T23:55:21Z  OBSERVE  frontend->adservice  rpr=0.0000  low=4 high=0  attempts=3  state=ON  metric=rpr
2026-10-07T23:55:21Z  OBSERVE  frontend->cartservice  rpr=0.0000  low=5 high=0  attempts=3  state=ON  metric=rpr
2026-10-07T23:55:21Z  OBSERVE  frontend->checkoutservice  rpr=0.0000  low=4 high=0  attempts=3  state=ON  metric=rpr
2026-10-07T23:55:21Z  OBSERVE  frontend->currencyservice  rpr=0.0000  low=5 high=0  attempts=3  state=ON  metric=rpr
2026-10-07T23:55:21Z  OBSERVE  frontend->productcatalogservice  rpr=0.0000  low=5 high=0  attempts=3  state=ON  metric=rpr
2026-10-07T23:55:21Z  OBSERVE  frontend->recommendationservice  rpr=0.0000  low=5 high=0  attempts=3  state=ON  metric=rpr
2026-10-07T23:55:21Z  OBSERVE  frontend->shippingservice  rpr=0.0000  low=5 high=0  attempts=3  state=ON  metric=rpr
2026-10-07T23:55:21Z  OBSERVE  checkoutservice->cartservice  rpr=0.0000  low=4 high=0  attempts=3  state=ON  metric=rpr
2026-10-07T23:55:21Z  OBSERVE  checkoutservice->currencyservice  rpr=0.0000  low=4 high=0  attempts=3  state=ON  metric=rpr
2026-10-07T23:55:21Z  OBSERVE  checkoutservice->emailservice  rpr=0.0000  low=4 high=0  attempts=3  state=ON  metric=rpr
2026-10-07T23:55:21Z  OBSERVE  checkoutservice->paymentservice  rpr=0.0000  low=4 high=0  attempts=3  state=ON  metric=rpr
2026-10-07T23:55:21Z  OBSERVE  checkoutservice->shippingservice  rpr=0.0000  low=4 high=0  attempts=3  state=ON  metric=rpr
2026-10-07T23:55:21Z  OBSERVE  recommendationservice->productcatalogservice  rpr=0.0000  low=5 high=0  attempts=3  state=ON  metric=rpr
2026-10-07T23:55:23Z  OBSERVE  frontend->adservice  rpr=0.0000  low=5 high=0  attempts=3  state=ON  metric=rpr
2026-10-07T23:55:23Z  OBSERVE  frontend->cartservice  rpr=0.0000  low=6 high=0  attempts=3  state=ON  metric=rpr
2026-10-07T23:55:23Z  OBSERVE  frontend->checkoutservice  rpr=0.0000  low=5 high=0  attempts=3  state=ON  metric=rpr
2026-10-07T23:55:23Z  OBSERVE  frontend->currencyservice  rpr=0.0000  low=6 high=0  attempts=3  state=ON  metric=rpr
2026-10-07T23:55:23Z  OBSERVE  frontend->productcatalogservice  rpr=0.0000  low=6 high=0  attempts=3  state=ON  metric=rpr
2026-10-07T23:55:23Z  OBSERVE  frontend->recommendationservice  rpr=0.0000  low=6 high=0  attempts=3  state=ON  metric=rpr
2026-10-07T23:55:23Z  OBSERVE  frontend->shippingservice  rpr=0.0000  low=6 high=0  attempts=3  state=ON  metric=rpr
2026-10-07T23:55:23Z  OBSERVE  checkoutservice->cartservice  rpr=0.0000  low=5 high=0  attempts=3  state=ON  metric=rpr
2026-10-07T23:55:23Z  OBSERVE  checkoutservice->currencyservice  rpr=0.0000  low=5 high=0  attempts=3  state=ON  metric=rpr
2026-10-07T23:55:23Z  OBSERVE  checkoutservice->emailservice  rpr=0.0000  low=5 high=0  attempts=3  state=ON  metric=rpr
2026-10-07T23:55:23Z  OBSERVE  checkoutservice->paymentservice  rpr=0.0000  low=5 high=0  attempts=3  state=ON  metric=rpr
2026-10-07T23:55:23Z  OBSERVE  checkoutservice->shippingservice  rpr=0.0000  low=5 high=0  attempts=3  state=ON  metric=rpr
2026-10-07T23:55:23Z  OBSERVE  recommendationservice->productcatalogservice  rpr=0.0000  low=6 high=0  attempts=3  state=ON  metric=rpr
2026-10-07T23:55:24Z  OBSERVE  frontend->adservice  rpr=0.0000  low=6 high=0  attempts=3  state=ON  metric=rpr
2026-10-07T23:55:24Z  OBSERVE  frontend->cartservice  rpr=0.0000  low=7 high=0  attempts=3  state=ON  metric=rpr
2026-10-07T23:55:24Z  OBSERVE  frontend->checkoutservice  rpr=0.0000  low=6 high=0  attempts=3  state=ON  metric=rpr
2026-10-07T23:55:24Z  OBSERVE  frontend->currencyservice  rpr=0.0000  low=7 high=0  attempts=3  state=ON  metric=rpr
2026-10-07T23:55:24Z  OBSERVE  frontend->productcatalogservice  rpr=0.0000  low=7 high=0  attempts=3  state=ON  metric=rpr
2026-10-07T23:55:24Z  OBSERVE  frontend->recommendationservice  rpr=0.0000  low=7 high=0  attempts=3  state=ON  metric=rpr
2026-10-07T23:55:24Z  OBSERVE  frontend->shippingservice  rpr=0.0000  low=7 high=0  attempts=3  state=ON  metric=rpr
2026-10-07T23:55:24Z  OBSERVE  checkoutservice->cartservice  rpr=0.0000  low=6 high=0  attempts=3  state=ON  metric=rpr
2026-10-07T23:55:24Z  OBSERVE  checkoutservice->currencyservice  rpr=0.0000  low=6 high=0  attempts=3  state=ON  metric=rpr
2026-10-07T23:55:24Z  OBSERVE  checkoutservice->emailservice  rpr=0.0000  low=6 high=0  attempts=3  state=ON  metric=rpr
2026-10-07T23:55:24Z  OBSERVE  checkoutservice->paymentservice  rpr=0.0000  low=6 high=0  attempts=3  state=ON  metric=rpr
2026-10-07T23:55:24Z  OBSERVE  checkoutservice->shippingservice  rpr=0.0000  low=6 high=0  attempts=3  state=ON  metric=rpr
2026-10-07T23:55:24Z  OBSERVE  recommendationservice->productcatalogservice  rpr=0.0000  low=7 high=0  attempts=3  state=ON  metric=rpr
2026-10-07T23:55:25Z  OBSERVE  frontend->adservice  rpr=0.0000  low=7 high=0  attempts=3  state=ON  metric=rpr
2026-10-07T23:55:25Z  OBSERVE  frontend->cartservice  rpr=0.0000  low=8 high=0  attempts=3  state=ON  metric=rpr
2026-10-07T23:55:25Z  OBSERVE  frontend->checkoutservice  rpr=0.0000  low=7 high=0  attempts=3  state=ON  metric=rpr
2026-10-07T23:55:25Z  OBSERVE  frontend->currencyservice  rpr=0.0000  low=8 high=0  attempts=3  state=ON  metric=rpr
2026-10-07T23:55:25Z  OBSERVE  frontend->productcatalogservice  rpr=0.0000  low=8 high=0  attempts=3  state=ON  metric=rpr
2026-10-07T23:55:25Z  OBSERVE  frontend->recommendationservice  rpr=0.0000  low=8 high=0  attempts=3  state=ON  metric=rpr
2026-10-07T23:55:25Z  OBSERVE  frontend->shippingservice  rpr=0.0000  low=8 high=0  attempts=3  state=ON  metric=rpr
2026-10-07T23:55:25Z  OBSERVE  checkoutservice->cartservice  rpr=0.0000  low=7 high=0  attempts=3  state=ON  metric=rpr
2026-10-07T23:55:25Z  OBSERVE  checkoutservice->currencyservice  rpr=0.0000  low=7 high=0  attempts=3  state=ON  metric=rpr
2026-10-07T23:55:25Z  OBSERVE  checkoutservice->emailservice  rpr=0.0000  low=7 high=0  attempts=3  state=ON  metric=rpr
2026-10-07T23:55:25Z  OBSERVE  checkoutservice->paymentservice  rpr=0.0000  low=7 high=0  attempts=3  state=ON  metric=rpr
2026-10-07T23:55:25Z  OBSERVE  checkoutservice->shippingservice  rpr=0.0000  low=7 high=0  attempts=3  state=ON  metric=rpr
2026-10-07T23:55:25Z  OBSERVE  recommendationservice->productcatalogservice  rpr=0.0000  low=8 high=0  attempts=3  state=ON  metric=rpr
2026-10-07T23:55:26Z  OBSERVE  frontend->adservice  rpr=0.0000  low=8 high=0  attempts=3  state=ON  metric=rpr
2026-10-07T23:55:26Z  OBSERVE  frontend->cartservice  rpr=0.0000  low=9 high=0  attempts=3  state=ON  metric=rpr
2026-10-07T23:55:26Z  OBSERVE  frontend->checkoutservice  rpr=0.0000  low=8 high=0  attempts=3  state=ON  metric=rpr
2026-10-07T23:55:26Z  OBSERVE  frontend->currencyservice  rpr=0.0000  low=9 high=0  attempts=3  state=ON  metric=rpr
2026-10-07T23:55:26Z  OBSERVE  frontend->productcatalogservice  rpr=0.0000  low=9 high=0  attempts=3  state=ON  metric=rpr
2026-10-07T23:55:26Z  OBSERVE  frontend->recommendationservice  rpr=0.0000  low=9 high=0  attempts=3  state=ON  metric=rpr
2026-10-07T23:55:26Z  OBSERVE  frontend->shippingservice  rpr=0.0000  low=9 high=0  attempts=3  state=ON  metric=rpr
2026-10-07T23:55:26Z  OBSERVE  checkoutservice->cartservice  rpr=0.0000  low=8 high=0  attempts=3  state=ON  metric=rpr
2026-10-07T23:55:26Z  OBSERVE  checkoutservice->currencyservice  rpr=0.0000  low=8 high=0  attempts=3  state=ON  metric=rpr
2026-10-07T23:55:26Z  OBSERVE  checkoutservice->emailservice  rpr=0.0000  low=8 high=0  attempts=3  state=ON  metric=rpr
2026-10-07T23:55:26Z  OBSERVE  checkoutservice->paymentservice  rpr=0.0000  low=8 high=0  attempts=3  state=ON  metric=rpr
2026-10-07T23:55:26Z  OBSERVE  checkoutservice->shippingservice  rpr=0.0000  low=8 high=0  attempts=3  state=ON  metric=rpr
2026-10-07T23:55:26Z  OBSERVE  recommendationservice->productcatalogservice  rpr=0.0000  low=9 high=0  attempts=3  state=ON  metric=rpr
2026-10-07T23:55:28Z  OBSERVE  frontend->adservice  rpr=0.0000  low=9 high=0  attempts=3  state=ON  metric=rpr
2026-10-07T23:55:28Z  OBSERVE  frontend->cartservice  rpr=0.0000  low=10 high=0  attempts=3  state=ON  metric=rpr
2026-10-07T23:55:28Z  OBSERVE  frontend->checkoutservice  rpr=0.0000  low=9 high=0  attempts=3  state=ON  metric=rpr
2026-10-07T23:55:28Z  OBSERVE  frontend->currencyservice  rpr=0.0000  low=10 high=0  attempts=3  state=ON  metric=rpr
2026-10-07T23:55:28Z  OBSERVE  frontend->productcatalogservice  rpr=0.0000  low=10 high=0  attempts=3  state=ON  metric=rpr
2026-10-07T23:55:28Z  OBSERVE  frontend->recommendationservice  rpr=0.0000  low=10 high=0  attempts=3  state=ON  metric=rpr
2026-10-07T23:55:28Z  OBSERVE  frontend->shippingservice  rpr=0.0000  low=10 high=0  attempts=3  state=ON  metric=rpr
2026-10-07T23:55:28Z  OBSERVE  checkoutservice->cartservice  rpr=0.0000  low=9 high=0  attempts=3  state=ON  metric=rpr
2026-10-07T23:55:28Z  OBSERVE  checkoutservice->currencyservice  rpr=0.0000  low=9 high=0  attempts=3  state=ON  metric=rpr
2026-10-07T23:55:28Z  OBSERVE  checkoutservice->emailservice  rpr=0.0000  low=9 high=0  attempts=3  state=ON  metric=rpr
2026-10-07T23:55:28Z  OBSERVE  checkoutservice->paymentservice  rpr=0.0000  low=9 high=0  attempts=3  state=ON  metric=rpr
2026-10-07T23:55:28Z  OBSERVE  checkoutservice->shippingservice  rpr=0.0000  low=9 high=0  attempts=3  state=ON  metric=rpr
2026-10-07T23:55:28Z  OBSERVE  recommendationservice->productcatalogservice  rpr=0.0000  low=10 high=0  attempts=3  state=ON  metric=rpr
2026-10-07T23:55:30Z  OBSERVE  frontend->adservice  rpr=0.0000  low=10 high=0  attempts=3  state=ON  metric=rpr
2026-10-07T23:55:30Z  OBSERVE  frontend->cartservice  rpr=0.0000  low=11 high=0  attempts=3  state=ON  metric=rpr
2026-10-07T23:55:30Z  OBSERVE  frontend->checkoutservice  rpr=0.0000  low=10 high=0  attempts=3  state=ON  metric=rpr
2026-10-07T23:55:30Z  OBSERVE  frontend->currencyservice  rpr=0.0000  low=11 high=0  attempts=3  state=ON  metric=rpr
2026-10-07T23:55:30Z  OBSERVE  frontend->productcatalogservice  rpr=0.0000  low=11 high=0  attempts=3  state=ON  metric=rpr
2026-10-07T23:55:30Z  OBSERVE  frontend->recommendationservice  rpr=0.0000  low=11 high=0  attempts=3  state=ON  metric=rpr
2026-10-07T23:55:30Z  OBSERVE  frontend->shippingservice  rpr=0.0000  low=11 high=0  attempts=3  state=ON  metric=rpr
2026-10-07T23:55:30Z  OBSERVE  checkoutservice->cartservice  rpr=0.0000  low=10 high=0  attempts=3  state=ON  metric=rpr
2026-10-07T23:55:30Z  OBSERVE  checkoutservice->currencyservice  rpr=0.0000  low=10 high=0  attempts=3  state=ON  metric=rpr
2026-10-07T23:55:30Z  OBSERVE  checkoutservice->emailservice  rpr=0.0000  low=10 high=0  attempts=3  state=ON  metric=rpr
2026-10-07T23:55:30Z  OBSERVE  checkoutservice->paymentservice  rpr=0.0000  low=10 high=0  attempts=3  state=ON  metric=rpr
2026-10-07T23:55:30Z  OBSERVE  checkoutservice->shippingservice  rpr=0.0000  low=10 high=0  attempts=3  state=ON  metric=rpr
2026-10-07T23:55:30Z  OBSERVE  recommendationservice->productcatalogservice  rpr=0.0000  low=11 high=0  attempts=3  state=ON  metric=rpr
2026-10-07T23:55:31Z  OBSERVE  frontend->adservice  rpr=0.0000  low=11 high=0  attempts=3  state=ON  metric=rpr
2026-10-07T23:55:31Z  OBSERVE  frontend->cartservice  rpr=0.0000  low=12 high=0  attempts=3  state=ON  metric=rpr
2026-10-07T23:55:31Z  OBSERVE  frontend->checkoutservice  rpr=0.0000  low=11 high=0  attempts=3  state=ON  metric=rpr
2026-10-07T23:55:31Z  OBSERVE  frontend->currencyservice  rpr=0.0000  low=12 high=0  attempts=3  state=ON  metric=rpr
2026-10-07T23:55:31Z  OBSERVE  frontend->productcatalogservice  rpr=0.0000  low=12 high=0  attempts=3  state=ON  metric=rpr
2026-10-07T23:55:31Z  OBSERVE  frontend->recommendationservice  rpr=0.0000  low=12 high=0  attempts=3  state=ON  metric=rpr
2026-10-07T23:55:31Z  OBSERVE  frontend->shippingservice  rpr=0.0000  low=12 high=0  attempts=3  state=ON  metric=rpr
2026-10-07T23:55:31Z  OBSERVE  checkoutservice->cartservice  rpr=0.0000  low=11 high=0  attempts=3  state=ON  metric=rpr
2026-10-07T23:55:31Z  OBSERVE  checkoutservice->currencyservice  rpr=0.0000  low=11 high=0  attempts=3  state=ON  metric=rpr
2026-10-07T23:55:31Z  OBSERVE  checkoutservice->emailservice  rpr=0.0000  low=11 high=0  attempts=3  state=ON  metric=rpr
2026-10-07T23:55:31Z  OBSERVE  checkoutservice->paymentservice  rpr=0.0000  low=11 high=0  attempts=3  state=ON  metric=rpr
2026-10-07T23:55:31Z  OBSERVE  checkoutservice->shippingservice  rpr=0.0000  low=11 high=0  attempts=3  state=ON  metric=rpr
2026-10-07T23:55:31Z  OBSERVE  recommendationservice->productcatalogservice  rpr=0.0000  low=12 high=0  attempts=3  state=ON  metric=rpr
2026-10-07T23:55:33Z  OBSERVE  frontend->adservice  rpr=0.0000  low=12 high=0  attempts=3  state=ON  metric=rpr
2026-10-07T23:55:33Z  OBSERVE  frontend->cartservice  rpr=0.0000  low=13 high=0  attempts=3  state=ON  metric=rpr
2026-10-07T23:55:33Z  OBSERVE  frontend->checkoutservice  rpr=0.0000  low=12 high=0  attempts=3  state=ON  metric=rpr
2026-10-07T23:55:33Z  OBSERVE  frontend->currencyservice  rpr=0.0000  low=13 high=0  attempts=3  state=ON  metric=rpr
2026-10-07T23:55:33Z  OBSERVE  frontend->productcatalogservice  rpr=0.0000  low=13 high=0  attempts=3  state=ON  metric=rpr
2026-10-07T23:55:33Z  OBSERVE  frontend->recommendationservice  rpr=0.0000  low=13 high=0  attempts=3  state=ON  metric=rpr
2026-10-07T23:55:33Z  OBSERVE  frontend->shippingservice  rpr=0.0000  low=13 high=0  attempts=3  state=ON  metric=rpr
2026-10-07T23:55:33Z  OBSERVE  checkoutservice->cartservice  rpr=0.0000  low=12 high=0  attempts=3  state=ON  metric=rpr
2026-10-07T23:55:33Z  OBSERVE  checkoutservice->currencyservice  rpr=0.0000  low=12 high=0  attempts=3  state=ON  metric=rpr
2026-10-07T23:55:33Z  OBSERVE  checkoutservice->emailservice  rpr=0.0000  low=12 high=0  attempts=3  state=ON  metric=rpr
2026-10-07T23:55:33Z  OBSERVE  checkoutservice->paymentservice  rpr=0.0000  low=12 high=0  attempts=3  state=ON  metric=rpr
2026-10-07T23:55:33Z  OBSERVE  checkoutservice->shippingservice  rpr=0.0000  low=12 high=0  attempts=3  state=ON  metric=rpr
2026-10-07T23:55:33Z  OBSERVE  recommendationservice->productcatalogservice  rpr=0.0000  low=13 high=0  attempts=3  state=ON  metric=rpr
2026-10-07T23:55:35Z  OBSERVE  frontend->adservice  rpr=0.0000  low=13 high=0  attempts=3  state=ON  metric=rpr
2026-10-07T23:55:35Z  OBSERVE  frontend->cartservice  rpr=0.0000  low=14 high=0  attempts=3  state=ON  metric=rpr
2026-10-07T23:55:35Z  OBSERVE  frontend->checkoutservice  rpr=0.0000  low=13 high=0  attempts=3  state=ON  metric=rpr
2026-10-07T23:55:35Z  OBSERVE  frontend->currencyservice  rpr=0.0000  low=14 high=0  attempts=3  state=ON  metric=rpr
2026-10-07T23:55:35Z  OBSERVE  frontend->productcatalogservice  rpr=0.0000  low=14 high=0  attempts=3  state=ON  metric=rpr
2026-10-07T23:55:35Z  OBSERVE  frontend->recommendationservice  rpr=0.0000  low=14 high=0  attempts=3  state=ON  metric=rpr
2026-10-07T23:55:35Z  OBSERVE  frontend->shippingservice  rpr=0.0000  low=14 high=0  attempts=3  state=ON  metric=rpr
2026-10-07T23:55:35Z  OBSERVE  checkoutservice->cartservice  rpr=0.0000  low=13 high=0  attempts=3  state=ON  metric=rpr
2026-10-07T23:55:35Z  OBSERVE  checkoutservice->currencyservice  rpr=0.0000  low=13 high=0  attempts=3  state=ON  metric=rpr
2026-10-07T23:55:35Z  OBSERVE  checkoutservice->emailservice  rpr=0.0000  low=13 high=0  attempts=3  state=ON  metric=rpr
2026-10-07T23:55:35Z  OBSERVE  checkoutservice->paymentservice  rpr=0.0000  low=13 high=0  attempts=3  state=ON  metric=rpr
2026-10-07T23:55:35Z  OBSERVE  checkoutservice->shippingservice  rpr=0.0000  low=13 high=0  attempts=3  state=ON  metric=rpr
2026-10-07T23:55:35Z  OBSERVE  recommendationservice->productcatalogservice  rpr=0.0000  low=14 high=0  attempts=3  state=ON  metric=rpr
2026-10-07T23:55:36Z  OBSERVE  frontend->adservice  rpr=0.0000  low=14 high=0  attempts=3  state=ON  metric=rpr
2026-10-07T23:55:36Z  OBSERVE  frontend->cartservice  rpr=0.0000  low=15 high=0  attempts=3  state=ON  metric=rpr
2026-10-07T23:55:36Z  OBSERVE  frontend->checkoutservice  rpr=0.0000  low=14 high=0  attempts=3  state=ON  metric=rpr
2026-10-07T23:55:36Z  OBSERVE  frontend->currencyservice  rpr=0.0000  low=15 high=0  attempts=3  state=ON  metric=rpr
2026-10-07T23:55:36Z  OBSERVE  frontend->productcatalogservice  rpr=0.0000  low=15 high=0  attempts=3  state=ON  metric=rpr
2026-10-07T23:55:36Z  OBSERVE  frontend->recommendationservice  rpr=0.0000  low=15 high=0  attempts=3  state=ON  metric=rpr
2026-10-07T23:55:36Z  OBSERVE  frontend->shippingservice  rpr=0.0000  low=15 high=0  attempts=3  state=ON  metric=rpr
2026-10-07T23:55:36Z  OBSERVE  checkoutservice->cartservice  rpr=0.0000  low=14 high=0  attempts=3  state=ON  metric=rpr
2026-10-07T23:55:36Z  OBSERVE  checkoutservice->currencyservice  rpr=0.0000  low=14 high=0  attempts=3  state=ON  metric=rpr
2026-10-07T23:55:36Z  OBSERVE  checkoutservice->emailservice  rpr=0.0000  low=14 high=0  attempts=3  state=ON  metric=rpr
2026-10-07T23:55:36Z  OBSERVE  checkoutservice->paymentservice  rpr=0.0000  low=14 high=0  attempts=3  state=ON  metric=rpr
2026-10-07T23:55:36Z  OBSERVE  checkoutservice->shippingservice  rpr=0.0000  low=14 high=0  attempts=3  state=ON  metric=rpr
2026-10-07T23:55:36Z  OBSERVE  recommendationservice->productcatalogservice  rpr=0.0000  low=15 high=0  attempts=3  state=ON  metric=rpr
2026-10-07T23:55:38Z  OBSERVE  frontend->adservice  rpr=0.0000  low=15 high=0  attempts=3  state=ON  metric=rpr
2026-10-07T23:55:38Z  OBSERVE  frontend->cartservice  rpr=0.0000  low=16 high=0  attempts=3  state=ON  metric=rpr
2026-10-07T23:55:38Z  OBSERVE  frontend->checkoutservice  rpr=0.0000  low=15 high=0  attempts=3  state=ON  metric=rpr
2026-10-07T23:55:38Z  OBSERVE  frontend->currencyservice  rpr=0.0000  low=16 high=0  attempts=3  state=ON  metric=rpr
2026-10-07T23:55:38Z  OBSERVE  frontend->productcatalogservice  rpr=0.0000  low=16 high=0  attempts=3  state=ON  metric=rpr
2026-10-07T23:55:38Z  OBSERVE  frontend->recommendationservice  rpr=0.0000  low=16 high=0  attempts=3  state=ON  metric=rpr
2026-10-07T23:55:38Z  OBSERVE  frontend->shippingservice  rpr=0.0000  low=16 high=0  attempts=3  state=ON  metric=rpr
2026-10-07T23:55:38Z  OBSERVE  checkoutservice->cartservice  rpr=0.0000  low=15 high=0  attempts=3  state=ON  metric=rpr
2026-10-07T23:55:38Z  OBSERVE  checkoutservice->currencyservice  rpr=0.0000  low=15 high=0  attempts=3  state=ON  metric=rpr
2026-10-07T23:55:38Z  OBSERVE  checkoutservice->emailservice  rpr=0.0000  low=15 high=0  attempts=3  state=ON  metric=rpr
2026-10-07T23:55:38Z  OBSERVE  checkoutservice->paymentservice  rpr=0.0000  low=15 high=0  attempts=3  state=ON  metric=rpr
2026-10-07T23:55:38Z  OBSERVE  checkoutservice->shippingservice  rpr=0.0000  low=15 high=0  attempts=3  state=ON  metric=rpr
2026-10-07T23:55:38Z  OBSERVE  recommendationservice->productcatalogservice  rpr=0.0000  low=16 high=0  attempts=3  state=ON  metric=rpr
2026-10-07T23:55:40Z  OBSERVE  frontend->adservice  rpr=0.0000  low=16 high=0  attempts=3  state=ON  metric=rpr
2026-10-07T23:55:40Z  OBSERVE  frontend->cartservice  rpr=0.0000  low=17 high=0  attempts=3  state=ON  metric=rpr
2026-10-07T23:55:40Z  OBSERVE  frontend->checkoutservice  rpr=0.0000  low=16 high=0  attempts=3  state=ON  metric=rpr
2026-10-07T23:55:40Z  OBSERVE  frontend->currencyservice  rpr=0.0000  low=17 high=0  attempts=3  state=ON  metric=rpr
2026-10-07T23:55:40Z  OBSERVE  frontend->productcatalogservice  rpr=0.0000  low=17 high=0  attempts=3  state=ON  metric=rpr
2026-10-07T23:55:40Z  OBSERVE  frontend->recommendationservice  rpr=0.0000  low=17 high=0  attempts=3  state=ON  metric=rpr
2026-10-07T23:55:40Z  OBSERVE  frontend->shippingservice  rpr=0.0000  low=17 high=0  attempts=3  state=ON  metric=rpr
2026-10-07T23:55:40Z  OBSERVE  checkoutservice->cartservice  rpr=0.0000  low=16 high=0  attempts=3  state=ON  metric=rpr
2026-10-07T23:55:40Z  OBSERVE  checkoutservice->currencyservice  rpr=0.0000  low=16 high=0  attempts=3  state=ON  metric=rpr
2026-10-07T23:55:40Z  OBSERVE  checkoutservice->emailservice  rpr=0.0000  low=16 high=0  attempts=3  state=ON  metric=rpr
2026-10-07T23:55:40Z  OBSERVE  checkoutservice->paymentservice  rpr=0.0000  low=16 high=0  attempts=3  state=ON  metric=rpr
2026-10-07T23:55:40Z  OBSERVE  checkoutservice->shippingservice  rpr=0.0000  low=16 high=0  attempts=3  state=ON  metric=rpr
2026-10-07T23:55:40Z  OBSERVE  recommendationservice->productcatalogservice  rpr=0.0000  low=17 high=0  attempts=3  state=ON  metric=rpr
2026-10-07T23:55:42Z  OBSERVE  frontend->adservice  rpr=0.0000  low=17 high=0  attempts=3  state=ON  metric=rpr
2026-10-07T23:55:42Z  OBSERVE  frontend->cartservice  rpr=0.0000  low=18 high=0  attempts=3  state=ON  metric=rpr
2026-10-07T23:55:42Z  OBSERVE  frontend->checkoutservice  rpr=0.0000  low=17 high=0  attempts=3  state=ON  metric=rpr
2026-10-07T23:55:42Z  OBSERVE  frontend->currencyservice  rpr=0.0000  low=18 high=0  attempts=3  state=ON  metric=rpr
2026-10-07T23:55:42Z  OBSERVE  frontend->productcatalogservice  rpr=0.0000  low=18 high=0  attempts=3  state=ON  metric=rpr
2026-10-07T23:55:42Z  OBSERVE  frontend->recommendationservice  rpr=0.0000  low=18 high=0  attempts=3  state=ON  metric=rpr
2026-10-07T23:55:42Z  OBSERVE  frontend->shippingservice  rpr=0.0000  low=18 high=0  attempts=3  state=ON  metric=rpr
2026-10-07T23:55:42Z  OBSERVE  checkoutservice->cartservice  rpr=0.0000  low=17 high=0  attempts=3  state=ON  metric=rpr
2026-10-07T23:55:42Z  OBSERVE  checkoutservice->currencyservice  rpr=0.0000  low=17 high=0  attempts=3  state=ON  metric=rpr
2026-10-07T23:55:42Z  OBSERVE  checkoutservice->emailservice  rpr=0.0000  low=17 high=0  attempts=3  state=ON  metric=rpr
2026-10-07T23:55:42Z  OBSERVE  checkoutservice->paymentservice  rpr=0.0000  low=17 high=0  attempts=3  state=ON  metric=rpr
2026-10-07T23:55:42Z  OBSERVE  checkoutservice->shippingservice  rpr=0.0000  low=17 high=0  attempts=3  state=ON  metric=rpr
2026-10-07T23:55:42Z  OBSERVE  recommendationservice->productcatalogservice  rpr=0.0000  low=18 high=0  attempts=3  state=ON  metric=rpr
2026-10-07T23:55:44Z  OBSERVE  frontend->adservice  rpr=0.0000  low=18 high=0  attempts=3  state=ON  metric=rpr
2026-10-07T23:55:44Z  OBSERVE  frontend->cartservice  rpr=0.0000  low=19 high=0  attempts=3  state=ON  metric=rpr
2026-10-07T23:55:44Z  OBSERVE  frontend->checkoutservice  rpr=0.0000  low=18 high=0  attempts=3  state=ON  metric=rpr
2026-10-07T23:55:44Z  OBSERVE  frontend->currencyservice  rpr=0.0000  low=19 high=0  attempts=3  state=ON  metric=rpr
2026-10-07T23:55:44Z  OBSERVE  frontend->productcatalogservice  rpr=0.0000  low=19 high=0  attempts=3  state=ON  metric=rpr
2026-10-07T23:55:44Z  OBSERVE  frontend->recommendationservice  rpr=0.0000  low=19 high=0  attempts=3  state=ON  metric=rpr
2026-10-07T23:55:44Z  OBSERVE  frontend->shippingservice  rpr=0.0000  low=19 high=0  attempts=3  state=ON  metric=rpr
2026-10-07T23:55:44Z  OBSERVE  checkoutservice->cartservice  rpr=0.0000  low=18 high=0  attempts=3  state=ON  metric=rpr
2026-10-07T23:55:44Z  OBSERVE  checkoutservice->currencyservice  rpr=0.0000  low=18 high=0  attempts=3  state=ON  metric=rpr
2026-10-07T23:55:44Z  OBSERVE  checkoutservice->emailservice  rpr=0.0000  low=18 high=0  attempts=3  state=ON  metric=rpr
2026-10-07T23:55:44Z  OBSERVE  checkoutservice->paymentservice  rpr=0.0000  low=18 high=0  attempts=3  state=ON  metric=rpr
2026-10-07T23:55:44Z  OBSERVE  checkoutservice->shippingservice  rpr=0.0000  low=18 high=0  attempts=3  state=ON  metric=rpr
2026-10-07T23:55:44Z  OBSERVE  recommendationservice->productcatalogservice  rpr=0.0000  low=19 high=0  attempts=3  state=ON  metric=rpr
2026-10-07T23:55:46Z  OBSERVE  frontend->adservice  rpr=0.0000  low=19 high=0  attempts=3  state=ON  metric=rpr
2026-10-07T23:55:46Z  OBSERVE  frontend->cartservice  rpr=0.0000  low=20 high=0  attempts=3  state=ON  metric=rpr
2026-10-07T23:55:46Z  OBSERVE  frontend->checkoutservice  rpr=0.0000  low=19 high=0  attempts=3  state=ON  metric=rpr
2026-10-07T23:55:46Z  OBSERVE  frontend->currencyservice  rpr=0.0000  low=20 high=0  attempts=3  state=ON  metric=rpr
2026-10-07T23:55:46Z  OBSERVE  frontend->productcatalogservice  rpr=0.0000  low=20 high=0  attempts=3  state=ON  metric=rpr
2026-10-07T23:55:46Z  OBSERVE  frontend->recommendationservice  rpr=0.0000  low=20 high=0  attempts=3  state=ON  metric=rpr
2026-10-07T23:55:46Z  OBSERVE  frontend->shippingservice  rpr=0.0000  low=20 high=0  attempts=3  state=ON  metric=rpr
2026-10-07T23:55:46Z  OBSERVE  checkoutservice->cartservice  rpr=0.0000  low=19 high=0  attempts=3  state=ON  metric=rpr
2026-10-07T23:55:46Z  OBSERVE  checkoutservice->currencyservice  rpr=0.0000  low=19 high=0  attempts=3  state=ON  metric=rpr
2026-10-07T23:55:46Z  OBSERVE  checkoutservice->emailservice  rpr=0.0000  low=19 high=0  attempts=3  state=ON  metric=rpr
2026-10-07T23:55:46Z  OBSERVE  checkoutservice->paymentservice  rpr=0.0000  low=19 high=0  attempts=3  state=ON  metric=rpr
2026-10-07T23:55:46Z  OBSERVE  checkoutservice->shippingservice  rpr=0.0000  low=19 high=0  attempts=3  state=ON  metric=rpr
2026-10-07T23:55:46Z  OBSERVE  recommendationservice->productcatalogservice  rpr=0.0000  low=20 high=0  attempts=3  state=ON  metric=rpr
2026-10-07T23:55:48Z  OBSERVE  frontend->adservice  rpr=0.0000  low=20 high=0  attempts=3  state=ON  metric=rpr
2026-10-07T23:55:48Z  OBSERVE  frontend->cartservice  rpr=0.0000  low=21 high=0  attempts=3  state=ON  metric=rpr
2026-10-07T23:55:48Z  OBSERVE  frontend->checkoutservice  rpr=0.0000  low=20 high=0  attempts=3  state=ON  metric=rpr
2026-10-07T23:55:48Z  OBSERVE  frontend->currencyservice  rpr=0.0000  low=21 high=0  attempts=3  state=ON  metric=rpr
2026-10-07T23:55:48Z  OBSERVE  frontend->productcatalogservice  rpr=0.0000  low=21 high=0  attempts=3  state=ON  metric=rpr
2026-10-07T23:55:48Z  OBSERVE  frontend->recommendationservice  rpr=0.0000  low=21 high=0  attempts=3  state=ON  metric=rpr
2026-10-07T23:55:48Z  OBSERVE  frontend->shippingservice  rpr=0.0000  low=21 high=0  attempts=3  state=ON  metric=rpr
2026-10-07T23:55:48Z  OBSERVE  checkoutservice->cartservice  rpr=0.0000  low=20 high=0  attempts=3  state=ON  metric=rpr
2026-10-07T23:55:48Z  OBSERVE  checkoutservice->currencyservice  rpr=0.0000  low=20 high=0  attempts=3  state=ON  metric=rpr
2026-10-07T23:55:48Z  OBSERVE  checkoutservice->emailservice  rpr=0.0000  low=20 high=0  attempts=3  state=ON  metric=rpr
2026-10-07T23:55:48Z  OBSERVE  checkoutservice->paymentservice  rpr=0.0000  low=20 high=0  attempts=3  state=ON  metric=rpr
2026-10-07T23:55:48Z  OBSERVE  checkoutservice->shippingservice  rpr=0.0000  low=20 high=0  attempts=3  state=ON  metric=rpr
2026-10-07T23:55:48Z  OBSERVE  recommendationservice->productcatalogservice  rpr=0.0000  low=21 high=0  attempts=3  state=ON  metric=rpr
2026-10-07T23:55:50Z  OBSERVE  frontend->adservice  rpr=0.0000  low=21 high=0  attempts=3  state=ON  metric=rpr
2026-10-07T23:55:50Z  OBSERVE  frontend->cartservice  rpr=0.0000  low=22 high=0  attempts=3  state=ON  metric=rpr
2026-10-07T23:55:50Z  OBSERVE  frontend->checkoutservice  rpr=0.0000  low=21 high=0  attempts=3  state=ON  metric=rpr
2026-10-07T23:55:50Z  OBSERVE  frontend->currencyservice  rpr=0.0000  low=22 high=0  attempts=3  state=ON  metric=rpr
2026-10-07T23:55:50Z  OBSERVE  frontend->productcatalogservice  rpr=0.0000  low=22 high=0  attempts=3  state=ON  metric=rpr
2026-10-07T23:55:50Z  OBSERVE  frontend->recommendationservice  rpr=0.0000  low=22 high=0  attempts=3  state=ON  metric=rpr
2026-10-07T23:55:50Z  OBSERVE  frontend->shippingservice  rpr=0.0000  low=22 high=0  attempts=3  state=ON  metric=rpr
2026-10-07T23:55:50Z  OBSERVE  checkoutservice->cartservice  rpr=0.0000  low=21 high=0  attempts=3  state=ON  metric=rpr
2026-10-07T23:55:50Z  OBSERVE  checkoutservice->currencyservice  rpr=0.0000  low=21 high=0  attempts=3  state=ON  metric=rpr
2026-10-07T23:55:50Z  OBSERVE  checkoutservice->emailservice  rpr=0.0000  low=21 high=0  attempts=3  state=ON  metric=rpr
2026-10-07T23:55:50Z  OBSERVE  checkoutservice->paymentservice  rpr=0.0000  low=21 high=0  attempts=3  state=ON  metric=rpr
2026-10-07T23:55:50Z  OBSERVE  checkoutservice->shippingservice  rpr=0.0000  low=21 high=0  attempts=3  state=ON  metric=rpr
2026-10-07T23:55:50Z  OBSERVE  recommendationservice->productcatalogservice  rpr=0.0000  low=22 high=0  attempts=3  state=ON  metric=rpr
2026-10-07T23:55:52Z  OBSERVE  frontend->adservice  rpr=0.0000  low=22 high=0  attempts=3  state=ON  metric=rpr
2026-10-07T23:55:52Z  OBSERVE  frontend->cartservice  rpr=0.0000  low=23 high=0  attempts=3  state=ON  metric=rpr
2026-10-07T23:55:52Z  OBSERVE  frontend->checkoutservice  rpr=0.0000  low=22 high=0  attempts=3  state=ON  metric=rpr
2026-10-07T23:55:52Z  OBSERVE  frontend->currencyservice  rpr=0.0000  low=23 high=0  attempts=3  state=ON  metric=rpr
2026-10-07T23:55:52Z  OBSERVE  frontend->productcatalogservice  rpr=0.0000  low=23 high=0  attempts=3  state=ON  metric=rpr
2026-10-07T23:55:52Z  OBSERVE  frontend->recommendationservice  rpr=0.0000  low=23 high=0  attempts=3  state=ON  metric=rpr
2026-10-07T23:55:52Z  OBSERVE  frontend->shippingservice  rpr=0.0000  low=23 high=0  attempts=3  state=ON  metric=rpr
2026-10-07T23:55:52Z  OBSERVE  checkoutservice->cartservice  rpr=0.0000  low=22 high=0  attempts=3  state=ON  metric=rpr
2026-10-07T23:55:52Z  OBSERVE  checkoutservice->currencyservice  rpr=0.0000  low=22 high=0  attempts=3  state=ON  metric=rpr
2026-10-07T23:55:52Z  OBSERVE  checkoutservice->emailservice  rpr=0.0000  low=22 high=0  attempts=3  state=ON  metric=rpr
2026-10-07T23:55:52Z  OBSERVE  checkoutservice->paymentservice  rpr=0.0000  low=22 high=0  attempts=3  state=ON  metric=rpr
2026-10-07T23:55:52Z  OBSERVE  checkoutservice->shippingservice  rpr=0.0000  low=22 high=0  attempts=3  state=ON  metric=rpr
2026-10-07T23:55:52Z  OBSERVE  recommendationservice->productcatalogservice  rpr=0.0000  low=23 high=0  attempts=3  state=ON  metric=rpr
2026-10-07T23:55:54Z  OBSERVE  frontend->adservice  rpr=0.0000  low=23 high=0  attempts=3  state=ON  metric=rpr
2026-10-07T23:55:54Z  OBSERVE  frontend->cartservice  rpr=0.0000  low=24 high=0  attempts=3  state=ON  metric=rpr
2026-10-07T23:55:54Z  OBSERVE  frontend->checkoutservice  rpr=0.0000  low=23 high=0  attempts=3  state=ON  metric=rpr
2026-10-07T23:55:54Z  OBSERVE  frontend->currencyservice  rpr=0.0000  low=24 high=0  attempts=3  state=ON  metric=rpr
2026-10-07T23:55:54Z  OBSERVE  frontend->productcatalogservice  rpr=0.0000  low=24 high=0  attempts=3  state=ON  metric=rpr
2026-10-07T23:55:54Z  OBSERVE  frontend->recommendationservice  rpr=0.0000  low=24 high=0  attempts=3  state=ON  metric=rpr
2026-10-07T23:55:54Z  OBSERVE  frontend->shippingservice  rpr=0.0000  low=24 high=0  attempts=3  state=ON  metric=rpr
2026-10-07T23:55:54Z  OBSERVE  checkoutservice->cartservice  rpr=0.0000  low=23 high=0  attempts=3  state=ON  metric=rpr
2026-10-07T23:55:54Z  OBSERVE  checkoutservice->currencyservice  rpr=0.0000  low=23 high=0  attempts=3  state=ON  metric=rpr
2026-10-07T23:55:54Z  OBSERVE  checkoutservice->emailservice  rpr=0.0000  low=23 high=0  attempts=3  state=ON  metric=rpr
2026-10-07T23:55:54Z  OBSERVE  checkoutservice->paymentservice  rpr=0.0000  low=23 high=0  attempts=3  state=ON  metric=rpr
2026-10-07T23:55:54Z  OBSERVE  checkoutservice->shippingservice  rpr=0.0000  low=23 high=0  attempts=3  state=ON  metric=rpr
2026-10-07T23:55:54Z  OBSERVE  recommendationservice->productcatalogservice  rpr=0.0000  low=24 high=0  attempts=3  state=ON  metric=rpr
2026-10-07T23:55:57Z  OBSERVE  frontend->adservice  rpr=0.0000  low=24 high=0  attempts=3  state=ON  metric=rpr
2026-10-07T23:55:57Z  OBSERVE  frontend->cartservice  rpr=0.0000  low=25 high=0  attempts=3  state=ON  metric=rpr
2026-10-07T23:55:57Z  OBSERVE  frontend->checkoutservice  rpr=0.0000  low=24 high=0  attempts=3  state=ON  metric=rpr
2026-10-07T23:55:57Z  OBSERVE  frontend->currencyservice  rpr=0.0000  low=25 high=0  attempts=3  state=ON  metric=rpr
2026-10-07T23:55:57Z  OBSERVE  frontend->productcatalogservice  rpr=0.0000  low=25 high=0  attempts=3  state=ON  metric=rpr
2026-10-07T23:55:57Z  OBSERVE  frontend->recommendationservice  rpr=0.0000  low=25 high=0  attempts=3  state=ON  metric=rpr
2026-10-07T23:55:57Z  OBSERVE  frontend->shippingservice  rpr=0.0000  low=25 high=0  attempts=3  state=ON  metric=rpr
2026-10-07T23:55:57Z  OBSERVE  checkoutservice->cartservice  rpr=0.0000  low=24 high=0  attempts=3  state=ON  metric=rpr
2026-10-07T23:55:57Z  OBSERVE  checkoutservice->currencyservice  rpr=0.0000  low=24 high=0  attempts=3  state=ON  metric=rpr
2026-10-07T23:55:57Z  OBSERVE  checkoutservice->emailservice  rpr=0.0000  low=24 high=0  attempts=3  state=ON  metric=rpr
2026-10-07T23:55:57Z  OBSERVE  checkoutservice->paymentservice  rpr=0.0000  low=24 high=0  attempts=3  state=ON  metric=rpr
2026-10-07T23:55:57Z  OBSERVE  checkoutservice->shippingservice  rpr=0.0000  low=24 high=0  attempts=3  state=ON  metric=rpr
2026-10-07T23:55:57Z  OBSERVE  recommendationservice->productcatalogservice  rpr=0.0000  low=25 high=0  attempts=3  state=ON  metric=rpr
2026-10-07T23:55:59Z  OBSERVE  frontend->adservice  rpr=0.0000  low=25 high=0  attempts=3  state=ON  metric=rpr
2026-10-07T23:55:59Z  OBSERVE  frontend->cartservice  rpr=0.0000  low=26 high=0  attempts=3  state=ON  metric=rpr
2026-10-07T23:55:59Z  OBSERVE  frontend->checkoutservice  rpr=0.1972  low=25 high=0  attempts=3  state=ON  metric=rpr
2026-10-07T23:55:59Z  OBSERVE  frontend->currencyservice  rpr=0.0000  low=26 high=0  attempts=3  state=ON  metric=rpr
2026-10-07T23:55:59Z  OBSERVE  frontend->productcatalogservice  rpr=0.0000  low=26 high=0  attempts=3  state=ON  metric=rpr
2026-10-07T23:55:59Z  OBSERVE  frontend->recommendationservice  rpr=0.0000  low=26 high=0  attempts=3  state=ON  metric=rpr
2026-10-07T23:55:59Z  OBSERVE  frontend->shippingservice  rpr=0.0000  low=26 high=0  attempts=3  state=ON  metric=rpr
2026-10-07T23:55:59Z  OBSERVE  checkoutservice->cartservice  rpr=0.0000  low=25 high=0  attempts=3  state=ON  metric=rpr
2026-10-07T23:55:59Z  OBSERVE  checkoutservice->currencyservice  rpr=0.0000  low=25 high=0  attempts=3  state=ON  metric=rpr
2026-10-07T23:55:59Z  OBSERVE  checkoutservice->emailservice  rpr=0.0000  low=25 high=0  attempts=3  state=ON  metric=rpr
2026-10-07T23:55:59Z  OBSERVE  checkoutservice->paymentservice  rpr=0.0000  low=25 high=0  attempts=3  state=ON  metric=rpr
2026-10-07T23:55:59Z  OBSERVE  checkoutservice->shippingservice  rpr=0.0000  low=25 high=0  attempts=3  state=ON  metric=rpr
2026-10-07T23:55:59Z  OBSERVE  recommendationservice->productcatalogservice  rpr=0.0000  low=26 high=0  attempts=3  state=ON  metric=rpr
2026-10-07T23:56:01Z  OBSERVE  frontend->adservice  rpr=0.0000  low=26 high=0  attempts=3  state=ON  metric=rpr
2026-10-07T23:56:01Z  OBSERVE  frontend->cartservice  rpr=0.0000  low=27 high=0  attempts=3  state=ON  metric=rpr
2026-10-07T23:56:01Z  OBSERVE  frontend->checkoutservice  rpr=0.1408  low=26 high=0  attempts=3  state=ON  metric=rpr
2026-10-07T23:56:01Z  OBSERVE  frontend->currencyservice  rpr=0.0000  low=27 high=0  attempts=3  state=ON  metric=rpr
2026-10-07T23:56:01Z  OBSERVE  frontend->productcatalogservice  rpr=0.0000  low=27 high=0  attempts=3  state=ON  metric=rpr
2026-10-07T23:56:01Z  OBSERVE  frontend->recommendationservice  rpr=0.0000  low=27 high=0  attempts=3  state=ON  metric=rpr
2026-10-07T23:56:01Z  OBSERVE  frontend->shippingservice  rpr=0.0000  low=27 high=0  attempts=3  state=ON  metric=rpr
2026-10-07T23:56:01Z  OBSERVE  checkoutservice->cartservice  rpr=0.0000  low=26 high=0  attempts=3  state=ON  metric=rpr
2026-10-07T23:56:01Z  OBSERVE  checkoutservice->currencyservice  rpr=0.0000  low=26 high=0  attempts=3  state=ON  metric=rpr
2026-10-07T23:56:01Z  OBSERVE  checkoutservice->emailservice  rpr=0.0000  low=26 high=0  attempts=3  state=ON  metric=rpr
2026-10-07T23:56:01Z  OBSERVE  checkoutservice->paymentservice  rpr=0.0000  low=26 high=0  attempts=3  state=ON  metric=rpr
2026-10-07T23:56:01Z  OBSERVE  checkoutservice->shippingservice  rpr=0.0000  low=26 high=0  attempts=3  state=ON  metric=rpr
2026-10-07T23:56:01Z  OBSERVE  recommendationservice->productcatalogservice  rpr=0.0000  low=27 high=0  attempts=3  state=ON  metric=rpr
2026-10-07T23:56:03Z  OBSERVE  frontend->adservice  rpr=0.0000  low=27 high=0  attempts=3  state=ON  metric=rpr
2026-10-07T23:56:03Z  OBSERVE  frontend->cartservice  rpr=0.0000  low=28 high=0  attempts=3  state=ON  metric=rpr
2026-10-07T23:56:03Z  OBSERVE  frontend->checkoutservice  rpr=0.1062  low=27 high=0  attempts=3  state=ON  metric=rpr
2026-10-07T23:56:03Z  OBSERVE  frontend->currencyservice  rpr=0.0000  low=28 high=0  attempts=3  state=ON  metric=rpr
2026-10-07T23:56:03Z  OBSERVE  frontend->productcatalogservice  rpr=0.0000  low=28 high=0  attempts=3  state=ON  metric=rpr
2026-10-07T23:56:03Z  OBSERVE  frontend->recommendationservice  rpr=0.0000  low=28 high=0  attempts=3  state=ON  metric=rpr
2026-10-07T23:56:03Z  OBSERVE  frontend->shippingservice  rpr=0.0000  low=28 high=0  attempts=3  state=ON  metric=rpr
2026-10-07T23:56:03Z  OBSERVE  checkoutservice->cartservice  rpr=0.0000  low=27 high=0  attempts=3  state=ON  metric=rpr
2026-10-07T23:56:03Z  OBSERVE  checkoutservice->currencyservice  rpr=0.0000  low=27 high=0  attempts=3  state=ON  metric=rpr
2026-10-07T23:56:03Z  OBSERVE  checkoutservice->emailservice  rpr=0.0000  low=27 high=0  attempts=3  state=ON  metric=rpr
2026-10-07T23:56:03Z  OBSERVE  checkoutservice->paymentservice  rpr=0.0000  low=27 high=0  attempts=3  state=ON  metric=rpr
2026-10-07T23:56:03Z  OBSERVE  checkoutservice->shippingservice  rpr=0.0000  low=27 high=0  attempts=3  state=ON  metric=rpr
2026-10-07T23:56:03Z  OBSERVE  recommendationservice->productcatalogservice  rpr=0.0000  low=28 high=0  attempts=3  state=ON  metric=rpr
2026-10-07T23:56:05Z  OBSERVE  frontend->adservice  rpr=0.0000  low=28 high=0  attempts=3  state=ON  metric=rpr
2026-10-07T23:56:05Z  OBSERVE  frontend->cartservice  rpr=0.0000  low=29 high=0  attempts=3  state=ON  metric=rpr
2026-10-07T23:56:05Z  OBSERVE  frontend->checkoutservice  rpr=2.3580  low=0 high=1  attempts=3  state=ON  metric=rpr
2026-10-07T23:56:05Z  OBSERVE  frontend->currencyservice  rpr=0.0000  low=29 high=0  attempts=3  state=ON  metric=rpr
2026-10-07T23:56:05Z  OBSERVE  frontend->productcatalogservice  rpr=0.0000  low=29 high=0  attempts=3  state=ON  metric=rpr
2026-10-07T23:56:05Z  OBSERVE  frontend->recommendationservice  rpr=0.0000  low=29 high=0  attempts=3  state=ON  metric=rpr
2026-10-07T23:56:05Z  OBSERVE  frontend->shippingservice  rpr=0.0000  low=29 high=0  attempts=3  state=ON  metric=rpr
2026-10-07T23:56:05Z  OBSERVE  checkoutservice->cartservice  rpr=0.0000  low=28 high=0  attempts=3  state=ON  metric=rpr
2026-10-07T23:56:05Z  OBSERVE  checkoutservice->currencyservice  rpr=0.0000  low=28 high=0  attempts=3  state=ON  metric=rpr
2026-10-07T23:56:05Z  OBSERVE  checkoutservice->emailservice  rpr=0.0000  low=28 high=0  attempts=3  state=ON  metric=rpr
2026-10-07T23:56:05Z  OBSERVE  checkoutservice->paymentservice  rpr=0.0000  low=28 high=0  attempts=3  state=ON  metric=rpr
2026-10-07T23:56:05Z  OBSERVE  checkoutservice->shippingservice  rpr=0.0000  low=28 high=0  attempts=3  state=ON  metric=rpr
2026-10-07T23:56:05Z  OBSERVE  recommendationservice->productcatalogservice  rpr=0.0000  low=29 high=0  attempts=3  state=ON  metric=rpr
2026-10-07T23:56:07Z  OBSERVE  frontend->adservice  rpr=0.0000  low=29 high=0  attempts=3  state=ON  metric=rpr
2026-10-07T23:56:07Z  OBSERVE  frontend->cartservice  rpr=0.0000  low=30 high=0  attempts=3  state=ON  metric=rpr
2026-10-07T23:56:07Z  OBSERVE  frontend->checkoutservice  rpr=2.2083  low=0 high=2  attempts=3  state=ON  metric=rpr
2026-10-07T23:56:07Z  OBSERVE  frontend->currencyservice  rpr=0.0000  low=30 high=0  attempts=3  state=ON  metric=rpr
2026-10-07T23:56:07Z  OBSERVE  frontend->productcatalogservice  rpr=0.0000  low=30 high=0  attempts=3  state=ON  metric=rpr
2026-10-07T23:56:07Z  OBSERVE  frontend->recommendationservice  rpr=0.0000  low=30 high=0  attempts=3  state=ON  metric=rpr
2026-10-07T23:56:07Z  OBSERVE  frontend->shippingservice  rpr=0.0000  low=30 high=0  attempts=3  state=ON  metric=rpr
2026-10-07T23:56:07Z  OBSERVE  checkoutservice->cartservice  rpr=0.0000  low=29 high=0  attempts=3  state=ON  metric=rpr
2026-10-07T23:56:07Z  OBSERVE  checkoutservice->currencyservice  rpr=0.0000  low=29 high=0  attempts=3  state=ON  metric=rpr
2026-10-07T23:56:07Z  OBSERVE  checkoutservice->emailservice  rpr=0.0000  low=29 high=0  attempts=3  state=ON  metric=rpr
2026-10-07T23:56:07Z  OBSERVE  checkoutservice->paymentservice  rpr=0.0000  low=29 high=0  attempts=3  state=ON  metric=rpr
2026-10-07T23:56:07Z  OBSERVE  checkoutservice->shippingservice  rpr=0.0000  low=29 high=0  attempts=3  state=ON  metric=rpr
2026-10-07T23:56:07Z  OBSERVE  recommendationservice->productcatalogservice  rpr=0.0000  low=30 high=0  attempts=3  state=ON  metric=rpr
2026-10-07T23:56:09Z  OBSERVE  frontend->adservice  rpr=0.0000  low=30 high=0  attempts=3  state=ON  metric=rpr
2026-10-07T23:56:09Z  OBSERVE  frontend->cartservice  rpr=0.0000  low=31 high=0  attempts=3  state=ON  metric=rpr
2026-10-07T23:56:09Z  OBSERVE  frontend->checkoutservice  rpr=2.5422  low=0 high=3  attempts=3  state=ON  metric=rpr
2026-10-07T23:56:09Z  OBSERVE  frontend->currencyservice  rpr=0.0000  low=31 high=0  attempts=3  state=ON  metric=rpr
2026-10-07T23:56:09Z  OBSERVE  frontend->productcatalogservice  rpr=0.0000  low=31 high=0  attempts=3  state=ON  metric=rpr
2026-10-07T23:56:09Z  OBSERVE  frontend->recommendationservice  rpr=0.0000  low=31 high=0  attempts=3  state=ON  metric=rpr
2026-10-07T23:56:09Z  OBSERVE  frontend->shippingservice  rpr=0.0000  low=31 high=0  attempts=3  state=ON  metric=rpr
2026-10-07T23:56:09Z  OBSERVE  checkoutservice->cartservice  rpr=0.0000  low=30 high=0  attempts=3  state=ON  metric=rpr
2026-10-07T23:56:09Z  OBSERVE  checkoutservice->currencyservice  rpr=0.0000  low=30 high=0  attempts=3  state=ON  metric=rpr
2026-10-07T23:56:09Z  OBSERVE  checkoutservice->emailservice  rpr=0.0000  low=30 high=0  attempts=3  state=ON  metric=rpr
2026-10-07T23:56:09Z  OBSERVE  checkoutservice->paymentservice  rpr=0.0000  low=30 high=0  attempts=3  state=ON  metric=rpr
2026-10-07T23:56:09Z  OBSERVE  checkoutservice->shippingservice  rpr=0.0000  low=30 high=0  attempts=3  state=ON  metric=rpr
2026-10-07T23:56:09Z  OBSERVE  recommendationservice->productcatalogservice  rpr=0.0000  low=31 high=0  attempts=3  state=ON  metric=rpr
2026-10-07T23:56:11Z  OBSERVE  frontend->adservice  rpr=0.0000  low=31 high=0  attempts=3  state=ON  metric=rpr
2026-10-07T23:56:11Z  OBSERVE  frontend->cartservice  rpr=0.0000  low=32 high=0  attempts=3  state=ON  metric=rpr
2026-10-07T23:56:11Z  OBSERVE  frontend->checkoutservice  rpr=2.0865  low=0 high=4  attempts=3  state=ON  metric=rpr
2026-10-07T23:56:11Z  OBSERVE  frontend->currencyservice  rpr=0.0000  low=32 high=0  attempts=3  state=ON  metric=rpr
2026-10-07T23:56:11Z  OBSERVE  frontend->productcatalogservice  rpr=0.0000  low=32 high=0  attempts=3  state=ON  metric=rpr
2026-10-07T23:56:11Z  OBSERVE  frontend->recommendationservice  rpr=0.0000  low=32 high=0  attempts=3  state=ON  metric=rpr
2026-10-07T23:56:11Z  OBSERVE  frontend->shippingservice  rpr=0.0000  low=32 high=0  attempts=3  state=ON  metric=rpr
2026-10-07T23:56:11Z  OBSERVE  checkoutservice->cartservice  rpr=0.0000  low=31 high=0  attempts=3  state=ON  metric=rpr
2026-10-07T23:56:11Z  OBSERVE  checkoutservice->currencyservice  rpr=0.0000  low=31 high=0  attempts=3  state=ON  metric=rpr
2026-10-07T23:56:11Z  OBSERVE  checkoutservice->emailservice  rpr=0.0000  low=31 high=0  attempts=3  state=ON  metric=rpr
2026-10-07T23:56:11Z  OBSERVE  checkoutservice->paymentservice  rpr=0.0000  low=31 high=0  attempts=3  state=ON  metric=rpr
2026-10-07T23:56:11Z  OBSERVE  checkoutservice->shippingservice  rpr=0.0000  low=31 high=0  attempts=3  state=ON  metric=rpr
2026-10-07T23:56:11Z  OBSERVE  recommendationservice->productcatalogservice  rpr=0.0000  low=32 high=0  attempts=3  state=ON  metric=rpr
2026-10-07T23:56:13Z  OBSERVE  frontend->adservice  rpr=0.0000  low=32 high=0  attempts=3  state=ON  metric=rpr
2026-10-07T23:56:13Z  OBSERVE  frontend->cartservice  rpr=0.0000  low=33 high=0  attempts=3  state=ON  metric=rpr
2026-10-07T23:56:13Z  OBSERVE  frontend->checkoutservice  rpr=2.2442  low=0 high=5  attempts=3  state=ON  metric=rpr
2026-10-07T23:56:13Z  OBSERVE  frontend->currencyservice  rpr=0.0000  low=33 high=0  attempts=3  state=ON  metric=rpr
2026-10-07T23:56:13Z  OBSERVE  frontend->productcatalogservice  rpr=0.0000  low=33 high=0  attempts=3  state=ON  metric=rpr
2026-10-07T23:56:13Z  OBSERVE  frontend->recommendationservice  rpr=0.0000  low=33 high=0  attempts=3  state=ON  metric=rpr
2026-10-07T23:56:13Z  OBSERVE  frontend->shippingservice  rpr=0.0000  low=33 high=0  attempts=3  state=ON  metric=rpr
2026-10-07T23:56:13Z  OBSERVE  checkoutservice->cartservice  rpr=0.0000  low=32 high=0  attempts=3  state=ON  metric=rpr
2026-10-07T23:56:13Z  OBSERVE  checkoutservice->currencyservice  rpr=0.0000  low=32 high=0  attempts=3  state=ON  metric=rpr
2026-10-07T23:56:13Z  OBSERVE  checkoutservice->emailservice  rpr=0.0000  low=32 high=0  attempts=3  state=ON  metric=rpr
2026-10-07T23:56:13Z  OBSERVE  checkoutservice->paymentservice  rpr=0.0000  low=32 high=0  attempts=3  state=ON  metric=rpr
2026-10-07T23:56:13Z  OBSERVE  checkoutservice->shippingservice  rpr=0.0000  low=32 high=0  attempts=3  state=ON  metric=rpr
2026-10-07T23:56:13Z  OBSERVE  recommendationservice->productcatalogservice  rpr=0.0000  low=33 high=0  attempts=3  state=ON  metric=rpr
2026-10-07T23:56:15Z  OBSERVE  frontend->adservice  rpr=0.0000  low=33 high=0  attempts=3  state=ON  metric=rpr
2026-10-07T23:56:15Z  OBSERVE  frontend->cartservice  rpr=0.0000  low=34 high=0  attempts=3  state=ON  metric=rpr
2026-10-07T23:56:15Z  OBSERVE  frontend->checkoutservice  rpr=2.6049  low=0 high=6  attempts=3  state=ON  metric=rpr
2026-10-07T23:56:15Z  OBSERVE  frontend->currencyservice  rpr=0.0000  low=34 high=0  attempts=3  state=ON  metric=rpr
2026-10-07T23:56:15Z  OBSERVE  frontend->productcatalogservice  rpr=0.0000  low=34 high=0  attempts=3  state=ON  metric=rpr
2026-10-07T23:56:15Z  OBSERVE  frontend->recommendationservice  rpr=0.0000  low=34 high=0  attempts=3  state=ON  metric=rpr
2026-10-07T23:56:15Z  OBSERVE  frontend->shippingservice  rpr=0.0000  low=34 high=0  attempts=3  state=ON  metric=rpr
2026-10-07T23:56:15Z  OBSERVE  checkoutservice->cartservice  rpr=0.0000  low=33 high=0  attempts=3  state=ON  metric=rpr
2026-10-07T23:56:15Z  OBSERVE  checkoutservice->currencyservice  rpr=0.0000  low=33 high=0  attempts=3  state=ON  metric=rpr
2026-10-07T23:56:15Z  OBSERVE  checkoutservice->emailservice  rpr=0.0000  low=33 high=0  attempts=3  state=ON  metric=rpr
2026-10-07T23:56:15Z  OBSERVE  checkoutservice->paymentservice  rpr=0.0000  low=33 high=0  attempts=3  state=ON  metric=rpr
2026-10-07T23:56:15Z  OBSERVE  checkoutservice->shippingservice  rpr=0.0000  low=33 high=0  attempts=3  state=ON  metric=rpr
2026-10-07T23:56:15Z  OBSERVE  recommendationservice->productcatalogservice  rpr=0.0000  low=34 high=0  attempts=3  state=ON  metric=rpr
2026-10-07T23:56:17Z  OBSERVE  frontend->adservice  rpr=0.0000  low=34 high=0  attempts=3  state=ON  metric=rpr
2026-10-07T23:56:17Z  OBSERVE  frontend->cartservice  rpr=0.0000  low=35 high=0  attempts=3  state=ON  metric=rpr
2026-10-07T23:56:17Z  OBSERVE  frontend->checkoutservice  rpr=2.5181  low=0 high=7  attempts=3  state=ON  metric=rpr
2026-10-07T23:56:17Z  OBSERVE  frontend->currencyservice  rpr=0.0000  low=35 high=0  attempts=3  state=ON  metric=rpr
2026-10-07T23:56:17Z  OBSERVE  frontend->productcatalogservice  rpr=0.0000  low=35 high=0  attempts=3  state=ON  metric=rpr
2026-10-07T23:56:17Z  OBSERVE  frontend->recommendationservice  rpr=0.0000  low=35 high=0  attempts=3  state=ON  metric=rpr
2026-10-07T23:56:17Z  OBSERVE  frontend->shippingservice  rpr=0.0000  low=35 high=0  attempts=3  state=ON  metric=rpr
2026-10-07T23:56:17Z  OBSERVE  checkoutservice->cartservice  rpr=0.0000  low=34 high=0  attempts=3  state=ON  metric=rpr
2026-10-07T23:56:17Z  OBSERVE  checkoutservice->currencyservice  rpr=0.0000  low=34 high=0  attempts=3  state=ON  metric=rpr
2026-10-07T23:56:17Z  OBSERVE  checkoutservice->emailservice  rpr=0.0000  low=34 high=0  attempts=3  state=ON  metric=rpr
2026-10-07T23:56:17Z  OBSERVE  checkoutservice->paymentservice  rpr=0.0000  low=34 high=0  attempts=3  state=ON  metric=rpr
2026-10-07T23:56:17Z  OBSERVE  checkoutservice->shippingservice  rpr=0.0000  low=34 high=0  attempts=3  state=ON  metric=rpr
2026-10-07T23:56:17Z  OBSERVE  recommendationservice->productcatalogservice  rpr=0.0000  low=35 high=0  attempts=3  state=ON  metric=rpr
2026-10-07T23:56:19Z  OBSERVE  frontend->adservice  rpr=0.0000  low=35 high=0  attempts=3  state=ON  metric=rpr
2026-10-07T23:56:19Z  OBSERVE  frontend->cartservice  rpr=0.0000  low=36 high=0  attempts=3  state=ON  metric=rpr
2026-10-07T23:56:19Z  OBSERVE  frontend->checkoutservice  rpr=1.9667  low=0 high=8  attempts=3  state=ON  metric=rpr
2026-10-07T23:56:19Z  OBSERVE  frontend->currencyservice  rpr=0.0000  low=36 high=0  attempts=3  state=ON  metric=rpr
2026-10-07T23:56:19Z  OBSERVE  frontend->productcatalogservice  rpr=0.0000  low=36 high=0  attempts=3  state=ON  metric=rpr
2026-10-07T23:56:19Z  OBSERVE  frontend->recommendationservice  rpr=0.0000  low=36 high=0  attempts=3  state=ON  metric=rpr
2026-10-07T23:56:19Z  OBSERVE  frontend->shippingservice  rpr=0.0000  low=36 high=0  attempts=3  state=ON  metric=rpr
2026-10-07T23:56:19Z  OBSERVE  checkoutservice->cartservice  rpr=0.0000  low=35 high=0  attempts=3  state=ON  metric=rpr
2026-10-07T23:56:19Z  OBSERVE  checkoutservice->currencyservice  rpr=0.0000  low=35 high=0  attempts=3  state=ON  metric=rpr
2026-10-07T23:56:19Z  OBSERVE  checkoutservice->emailservice  rpr=0.0000  low=35 high=0  attempts=3  state=ON  metric=rpr
2026-10-07T23:56:19Z  OBSERVE  checkoutservice->paymentservice  rpr=0.0000  low=35 high=0  attempts=3  state=ON  metric=rpr
2026-10-07T23:56:19Z  OBSERVE  checkoutservice->shippingservice  rpr=0.0000  low=35 high=0  attempts=3  state=ON  metric=rpr
2026-10-07T23:56:19Z  OBSERVE  recommendationservice->productcatalogservice  rpr=0.0000  low=36 high=0  attempts=3  state=ON  metric=rpr
2026-10-07T23:56:21Z  OBSERVE  frontend->adservice  rpr=0.0000  low=36 high=0  attempts=3  state=ON  metric=rpr
2026-10-07T23:56:21Z  OBSERVE  frontend->cartservice  rpr=0.0000  low=37 high=0  attempts=3  state=ON  metric=rpr
2026-10-07T23:56:21Z  OBSERVE  frontend->checkoutservice  rpr=2.4321  low=0 high=9  attempts=3  state=ON  metric=rpr
2026-10-07T23:56:21Z  OBSERVE  frontend->currencyservice  rpr=0.0000  low=37 high=0  attempts=3  state=ON  metric=rpr
2026-10-07T23:56:21Z  OBSERVE  frontend->productcatalogservice  rpr=0.0000  low=37 high=0  attempts=3  state=ON  metric=rpr
2026-10-07T23:56:21Z  OBSERVE  frontend->recommendationservice  rpr=0.0000  low=37 high=0  attempts=3  state=ON  metric=rpr
2026-10-07T23:56:21Z  OBSERVE  frontend->shippingservice  rpr=0.0000  low=37 high=0  attempts=3  state=ON  metric=rpr
2026-10-07T23:56:21Z  OBSERVE  checkoutservice->cartservice  rpr=0.0000  low=36 high=0  attempts=3  state=ON  metric=rpr
2026-10-07T23:56:21Z  OBSERVE  checkoutservice->currencyservice  rpr=0.0000  low=36 high=0  attempts=3  state=ON  metric=rpr
2026-10-07T23:56:21Z  OBSERVE  checkoutservice->paymentservice  rpr=0.0000  low=36 high=0  attempts=3  state=ON  metric=rpr
2026-10-07T23:56:21Z  OBSERVE  checkoutservice->shippingservice  rpr=0.0000  low=36 high=0  attempts=3  state=ON  metric=rpr
2026-10-07T23:56:21Z  OBSERVE  recommendationservice->productcatalogservice  rpr=0.0000  low=37 high=0  attempts=3  state=ON  metric=rpr
2026-10-07T23:56:23Z  OBSERVE  frontend->adservice  rpr=0.0000  low=37 high=0  attempts=3  state=ON  metric=rpr
2026-10-07T23:56:23Z  OBSERVE  frontend->cartservice  rpr=0.0000  low=38 high=0  attempts=3  state=ON  metric=rpr
2026-10-07T23:56:23Z  OBSERVE  frontend->checkoutservice  rpr=1.9787  low=0 high=10  attempts=3  state=ON  metric=rpr
2026-10-07T23:56:23Z  OBSERVE  frontend->currencyservice  rpr=0.0000  low=38 high=0  attempts=3  state=ON  metric=rpr
2026-10-07T23:56:23Z  OBSERVE  frontend->productcatalogservice  rpr=0.0000  low=38 high=0  attempts=3  state=ON  metric=rpr
2026-10-07T23:56:23Z  OBSERVE  frontend->recommendationservice  rpr=0.0000  low=38 high=0  attempts=3  state=ON  metric=rpr
2026-10-07T23:56:23Z  OBSERVE  frontend->shippingservice  rpr=0.0000  low=38 high=0  attempts=3  state=ON  metric=rpr
2026-10-07T23:56:23Z  OBSERVE  checkoutservice->cartservice  rpr=0.0000  low=37 high=0  attempts=3  state=ON  metric=rpr
2026-10-07T23:56:23Z  OBSERVE  checkoutservice->currencyservice  rpr=0.0000  low=37 high=0  attempts=3  state=ON  metric=rpr
2026-10-07T23:56:23Z  OBSERVE  checkoutservice->emailservice  rpr=0.0000  low=36 high=0  attempts=3  state=ON  metric=rpr
2026-10-07T23:56:23Z  OBSERVE  checkoutservice->paymentservice  rpr=0.0000  low=37 high=0  attempts=3  state=ON  metric=rpr
2026-10-07T23:56:23Z  OBSERVE  checkoutservice->shippingservice  rpr=0.0000  low=37 high=0  attempts=3  state=ON  metric=rpr
2026-10-07T23:56:23Z  OBSERVE  recommendationservice->productcatalogservice  rpr=0.0000  low=38 high=0  attempts=3  state=ON  metric=rpr
2026-10-07T23:56:25Z  OBSERVE  frontend->adservice  rpr=0.0000  low=38 high=0  attempts=3  state=ON  metric=rpr
2026-10-07T23:56:25Z  OBSERVE  frontend->cartservice  rpr=0.0000  low=39 high=0  attempts=3  state=ON  metric=rpr
2026-10-07T23:56:25Z  OBSERVE  frontend->checkoutservice  rpr=2.4512  low=0 high=11  attempts=3  state=ON  metric=rpr
2026-10-07T23:56:25Z  OBSERVE  frontend->currencyservice  rpr=0.0000  low=39 high=0  attempts=3  state=ON  metric=rpr
2026-10-07T23:56:25Z  OBSERVE  frontend->productcatalogservice  rpr=0.0000  low=39 high=0  attempts=3  state=ON  metric=rpr
2026-10-07T23:56:25Z  OBSERVE  frontend->recommendationservice  rpr=0.0000  low=39 high=0  attempts=3  state=ON  metric=rpr
2026-10-07T23:56:25Z  OBSERVE  frontend->shippingservice  rpr=0.0000  low=39 high=0  attempts=3  state=ON  metric=rpr
2026-10-07T23:56:25Z  OBSERVE  checkoutservice->cartservice  rpr=0.0000  low=38 high=0  attempts=3  state=ON  metric=rpr
2026-10-07T23:56:25Z  OBSERVE  checkoutservice->currencyservice  rpr=0.0000  low=38 high=0  attempts=3  state=ON  metric=rpr
2026-10-07T23:56:25Z  OBSERVE  checkoutservice->emailservice  rpr=0.0000  low=37 high=0  attempts=3  state=ON  metric=rpr
2026-10-07T23:56:25Z  OBSERVE  checkoutservice->paymentservice  rpr=0.0000  low=38 high=0  attempts=3  state=ON  metric=rpr
2026-10-07T23:56:25Z  OBSERVE  checkoutservice->shippingservice  rpr=0.0000  low=38 high=0  attempts=3  state=ON  metric=rpr
2026-10-07T23:56:25Z  OBSERVE  recommendationservice->productcatalogservice  rpr=0.0000  low=39 high=0  attempts=3  state=ON  metric=rpr
2026-10-07T23:56:27Z  OBSERVE  frontend->adservice  rpr=0.0000  low=39 high=0  attempts=3  state=ON  metric=rpr
2026-10-07T23:56:27Z  OBSERVE  frontend->cartservice  rpr=0.0000  low=40 high=0  attempts=3  state=ON  metric=rpr
2026-10-07T23:56:27Z  OBSERVE  frontend->checkoutservice  rpr=2.0667  low=0 high=12  attempts=3  state=ON  metric=rpr
2026-10-07T23:56:27Z  OBSERVE  frontend->currencyservice  rpr=0.0000  low=40 high=0  attempts=3  state=ON  metric=rpr
2026-10-07T23:56:27Z  OBSERVE  frontend->productcatalogservice  rpr=0.0000  low=40 high=0  attempts=3  state=ON  metric=rpr
2026-10-07T23:56:27Z  OBSERVE  frontend->recommendationservice  rpr=0.0000  low=40 high=0  attempts=3  state=ON  metric=rpr
2026-10-07T23:56:27Z  OBSERVE  frontend->shippingservice  rpr=0.0000  low=40 high=0  attempts=3  state=ON  metric=rpr
2026-10-07T23:56:27Z  OBSERVE  checkoutservice->cartservice  rpr=0.0000  low=39 high=0  attempts=3  state=ON  metric=rpr
2026-10-07T23:56:27Z  OBSERVE  checkoutservice->currencyservice  rpr=0.0000  low=39 high=0  attempts=3  state=ON  metric=rpr
2026-10-07T23:56:27Z  OBSERVE  checkoutservice->emailservice  rpr=0.0000  low=38 high=0  attempts=3  state=ON  metric=rpr
2026-10-07T23:56:27Z  OBSERVE  checkoutservice->paymentservice  rpr=0.0000  low=39 high=0  attempts=3  state=ON  metric=rpr
2026-10-07T23:56:27Z  OBSERVE  checkoutservice->shippingservice  rpr=0.0000  low=39 high=0  attempts=3  state=ON  metric=rpr
2026-10-07T23:56:27Z  OBSERVE  recommendationservice->productcatalogservice  rpr=0.0000  low=40 high=0  attempts=3  state=ON  metric=rpr
2026-10-07T23:56:29Z  OBSERVE  frontend->adservice  rpr=0.0000  low=40 high=0  attempts=3  state=ON  metric=rpr
2026-10-07T23:56:29Z  OBSERVE  frontend->cartservice  rpr=0.0000  low=41 high=0  attempts=3  state=ON  metric=rpr
2026-10-07T23:56:29Z  OBSERVE  frontend->checkoutservice  rpr=2.6351  low=0 high=13  attempts=3  state=ON  metric=rpr
2026-10-07T23:56:29Z  OBSERVE  frontend->currencyservice  rpr=0.0000  low=41 high=0  attempts=3  state=ON  metric=rpr
2026-10-07T23:56:29Z  OBSERVE  frontend->productcatalogservice  rpr=0.0000  low=41 high=0  attempts=3  state=ON  metric=rpr
2026-10-07T23:56:29Z  OBSERVE  frontend->recommendationservice  rpr=0.0000  low=41 high=0  attempts=3  state=ON  metric=rpr
2026-10-07T23:56:29Z  OBSERVE  frontend->shippingservice  rpr=0.0000  low=41 high=0  attempts=3  state=ON  metric=rpr
2026-10-07T23:56:29Z  OBSERVE  checkoutservice->cartservice  rpr=0.0000  low=40 high=0  attempts=3  state=ON  metric=rpr
2026-10-07T23:56:29Z  OBSERVE  checkoutservice->currencyservice  rpr=0.0000  low=40 high=0  attempts=3  state=ON  metric=rpr
2026-10-07T23:56:29Z  OBSERVE  checkoutservice->emailservice  rpr=0.0000  low=39 high=0  attempts=3  state=ON  metric=rpr
2026-10-07T23:56:29Z  OBSERVE  checkoutservice->paymentservice  rpr=0.0000  low=40 high=0  attempts=3  state=ON  metric=rpr
2026-10-07T23:56:29Z  OBSERVE  checkoutservice->shippingservice  rpr=0.0000  low=40 high=0  attempts=3  state=ON  metric=rpr
2026-10-07T23:56:29Z  OBSERVE  recommendationservice->productcatalogservice  rpr=0.0000  low=41 high=0  attempts=3  state=ON  metric=rpr
2026-10-07T23:56:31Z  OBSERVE  frontend->adservice  rpr=0.0000  low=41 high=0  attempts=3  state=ON  metric=rpr
2026-10-07T23:56:31Z  OBSERVE  frontend->cartservice  rpr=0.0000  low=42 high=0  attempts=3  state=ON  metric=rpr
2026-10-07T23:56:31Z  OBSERVE  frontend->checkoutservice  rpr=1.8300  low=0 high=14  attempts=3  state=ON  metric=rpr
2026-10-07T23:56:31Z  OBSERVE  frontend->currencyservice  rpr=0.0000  low=42 high=0  attempts=3  state=ON  metric=rpr
2026-10-07T23:56:31Z  OBSERVE  frontend->productcatalogservice  rpr=0.0000  low=42 high=0  attempts=3  state=ON  metric=rpr
2026-10-07T23:56:31Z  OBSERVE  frontend->recommendationservice  rpr=0.0000  low=42 high=0  attempts=3  state=ON  metric=rpr
2026-10-07T23:56:31Z  OBSERVE  frontend->shippingservice  rpr=0.0000  low=42 high=0  attempts=3  state=ON  metric=rpr
2026-10-07T23:56:31Z  OBSERVE  checkoutservice->cartservice  rpr=0.0000  low=41 high=0  attempts=3  state=ON  metric=rpr
2026-10-07T23:56:31Z  OBSERVE  checkoutservice->currencyservice  rpr=0.0000  low=41 high=0  attempts=3  state=ON  metric=rpr
2026-10-07T23:56:31Z  OBSERVE  checkoutservice->emailservice  rpr=0.0000  low=40 high=0  attempts=3  state=ON  metric=rpr
2026-10-07T23:56:31Z  OBSERVE  checkoutservice->paymentservice  rpr=0.0000  low=41 high=0  attempts=3  state=ON  metric=rpr
2026-10-07T23:56:31Z  OBSERVE  checkoutservice->shippingservice  rpr=0.0000  low=41 high=0  attempts=3  state=ON  metric=rpr
2026-10-07T23:56:31Z  OBSERVE  recommendationservice->productcatalogservice  rpr=0.0000  low=42 high=0  attempts=3  state=ON  metric=rpr
2026-10-07T23:56:33Z  OBSERVE  frontend->adservice  rpr=0.0000  low=42 high=0  attempts=3  state=ON  metric=rpr
2026-10-07T23:56:33Z  OBSERVE  frontend->cartservice  rpr=0.0000  low=43 high=0  attempts=3  state=ON  metric=rpr
2026-10-07T23:56:33Z  OBSERVE  frontend->checkoutservice  rpr=2.6479  low=0 high=15  attempts=3  state=ON  metric=rpr
2026-10-07T23:56:33Z  OBSERVE  frontend->currencyservice  rpr=0.0000  low=43 high=0  attempts=3  state=ON  metric=rpr
2026-10-07T23:56:33Z  OBSERVE  frontend->productcatalogservice  rpr=0.0000  low=43 high=0  attempts=3  state=ON  metric=rpr
2026-10-07T23:56:33Z  OBSERVE  frontend->recommendationservice  rpr=0.0426  low=43 high=0  attempts=3  state=ON  metric=rpr
2026-10-07T23:56:33Z  OBSERVE  frontend->shippingservice  rpr=0.0000  low=43 high=0  attempts=3  state=ON  metric=rpr
2026-10-07T23:56:33Z  OBSERVE  checkoutservice->cartservice  rpr=0.0000  low=42 high=0  attempts=3  state=ON  metric=rpr
2026-10-07T23:56:33Z  OBSERVE  checkoutservice->currencyservice  rpr=0.0000  low=42 high=0  attempts=3  state=ON  metric=rpr
2026-10-07T23:56:33Z  OBSERVE  checkoutservice->emailservice  rpr=0.0000  low=41 high=0  attempts=3  state=ON  metric=rpr
2026-10-07T23:56:33Z  OBSERVE  checkoutservice->paymentservice  rpr=0.0000  low=42 high=0  attempts=3  state=ON  metric=rpr
2026-10-07T23:56:33Z  OBSERVE  checkoutservice->shippingservice  rpr=0.0000  low=42 high=0  attempts=3  state=ON  metric=rpr
2026-10-07T23:56:33Z  OBSERVE  recommendationservice->productcatalogservice  rpr=0.0000  low=43 high=0  attempts=3  state=ON  metric=rpr
2026-10-07T23:56:35Z  OBSERVE  frontend->adservice  rpr=0.0000  low=43 high=0  attempts=3  state=ON  metric=rpr
2026-10-07T23:56:35Z  OBSERVE  frontend->cartservice  rpr=0.0000  low=44 high=0  attempts=3  state=ON  metric=rpr
2026-10-07T23:56:35Z  OBSERVE  frontend->checkoutservice  rpr=2.2600  low=0 high=16  attempts=3  state=ON  metric=rpr
2026-10-07T23:56:35Z  OBSERVE  frontend->currencyservice  rpr=0.0000  low=44 high=0  attempts=3  state=ON  metric=rpr
2026-10-07T23:56:35Z  OBSERVE  frontend->productcatalogservice  rpr=0.0000  low=44 high=0  attempts=3  state=ON  metric=rpr
2026-10-07T23:56:35Z  OBSERVE  frontend->recommendationservice  rpr=1.4097  low=0 high=1  attempts=3  state=ON  metric=rpr
2026-10-07T23:56:35Z  OBSERVE  frontend->shippingservice  rpr=0.0000  low=44 high=0  attempts=3  state=ON  metric=rpr
2026-10-07T23:56:35Z  OBSERVE  checkoutservice->cartservice  rpr=0.0000  low=43 high=0  attempts=3  state=ON  metric=rpr
2026-10-07T23:56:35Z  OBSERVE  checkoutservice->currencyservice  rpr=0.0000  low=43 high=0  attempts=3  state=ON  metric=rpr
2026-10-07T23:56:35Z  OBSERVE  checkoutservice->emailservice  rpr=0.0000  low=42 high=0  attempts=3  state=ON  metric=rpr
2026-10-07T23:56:35Z  OBSERVE  checkoutservice->paymentservice  rpr=0.0000  low=43 high=0  attempts=3  state=ON  metric=rpr
2026-10-07T23:56:35Z  OBSERVE  checkoutservice->shippingservice  rpr=0.0000  low=43 high=0  attempts=3  state=ON  metric=rpr
2026-10-07T23:56:35Z  OBSERVE  recommendationservice->productcatalogservice  rpr=0.0000  low=44 high=0  attempts=3  state=ON  metric=rpr
2026-10-07T23:56:37Z  OBSERVE  frontend->adservice  rpr=0.0000  low=44 high=0  attempts=3  state=ON  metric=rpr
2026-10-07T23:56:37Z  OBSERVE  frontend->cartservice  rpr=0.0000  low=45 high=0  attempts=3  state=ON  metric=rpr
2026-10-07T23:56:37Z  OBSERVE  frontend->checkoutservice  rpr=0.1200  low=1 high=0  attempts=3  state=ON  metric=rpr
2026-10-07T23:56:37Z  OBSERVE  frontend->currencyservice  rpr=0.0000  low=45 high=0  attempts=3  state=ON  metric=rpr
2026-10-07T23:56:37Z  OBSERVE  frontend->productcatalogservice  rpr=0.0000  low=45 high=0  attempts=3  state=ON  metric=rpr
2026-10-07T23:56:37Z  OBSERVE  frontend->recommendationservice  rpr=1.9502  low=0 high=2  attempts=3  state=ON  metric=rpr
2026-10-07T23:56:37Z  OBSERVE  frontend->shippingservice  rpr=0.0000  low=45 high=0  attempts=3  state=ON  metric=rpr
2026-10-07T23:56:37Z  OBSERVE  checkoutservice->cartservice  rpr=0.0000  low=44 high=0  attempts=3  state=ON  metric=rpr
2026-10-07T23:56:37Z  OBSERVE  checkoutservice->currencyservice  rpr=0.0000  low=44 high=0  attempts=3  state=ON  metric=rpr
2026-10-07T23:56:37Z  OBSERVE  checkoutservice->emailservice  rpr=0.0000  low=43 high=0  attempts=3  state=ON  metric=rpr
2026-10-07T23:56:37Z  OBSERVE  checkoutservice->paymentservice  rpr=0.0000  low=44 high=0  attempts=3  state=ON  metric=rpr
2026-10-07T23:56:37Z  OBSERVE  checkoutservice->shippingservice  rpr=0.0000  low=44 high=0  attempts=3  state=ON  metric=rpr
2026-10-07T23:56:37Z  OBSERVE  recommendationservice->productcatalogservice  rpr=0.0000  low=45 high=0  attempts=3  state=ON  metric=rpr
2026-10-07T23:56:39Z  OBSERVE  frontend->adservice  rpr=0.0000  low=45 high=0  attempts=3  state=ON  metric=rpr
2026-10-07T23:56:39Z  OBSERVE  frontend->cartservice  rpr=0.0000  low=46 high=0  attempts=3  state=ON  metric=rpr
2026-10-07T23:56:39Z  OBSERVE  frontend->checkoutservice  rpr=0.0000  low=2 high=0  attempts=3  state=ON  metric=rpr
2026-10-07T23:56:39Z  OBSERVE  frontend->currencyservice  rpr=0.0000  low=46 high=0  attempts=3  state=ON  metric=rpr
2026-10-07T23:56:39Z  OBSERVE  frontend->productcatalogservice  rpr=0.0000  low=46 high=0  attempts=3  state=ON  metric=rpr
2026-10-07T23:56:39Z  OBSERVE  frontend->recommendationservice  rpr=1.7612  low=0 high=3  attempts=3  state=ON  metric=rpr
2026-10-07T23:56:39Z  OBSERVE  frontend->shippingservice  rpr=0.0000  low=46 high=0  attempts=3  state=ON  metric=rpr
2026-10-07T23:56:39Z  OBSERVE  checkoutservice->cartservice  rpr=0.0000  low=45 high=0  attempts=3  state=ON  metric=rpr
2026-10-07T23:56:39Z  OBSERVE  checkoutservice->currencyservice  rpr=0.0000  low=45 high=0  attempts=3  state=ON  metric=rpr
2026-10-07T23:56:39Z  OBSERVE  checkoutservice->emailservice  rpr=0.0000  low=44 high=0  attempts=3  state=ON  metric=rpr
2026-10-07T23:56:39Z  OBSERVE  checkoutservice->paymentservice  rpr=0.0000  low=45 high=0  attempts=3  state=ON  metric=rpr
2026-10-07T23:56:39Z  OBSERVE  checkoutservice->shippingservice  rpr=0.0000  low=45 high=0  attempts=3  state=ON  metric=rpr
2026-10-07T23:56:39Z  OBSERVE  recommendationservice->productcatalogservice  rpr=0.0000  low=46 high=0  attempts=3  state=ON  metric=rpr
2026-10-07T23:56:40Z  OBSERVE  frontend->adservice  rpr=0.0000  low=46 high=0  attempts=3  state=ON  metric=rpr
2026-10-07T23:56:40Z  OBSERVE  frontend->cartservice  rpr=0.0000  low=47 high=0  attempts=3  state=ON  metric=rpr
2026-10-07T23:56:40Z  OBSERVE  frontend->checkoutservice  rpr=0.0000  low=3 high=0  attempts=3  state=ON  metric=rpr
2026-10-07T23:56:40Z  OBSERVE  frontend->currencyservice  rpr=0.0000  low=47 high=0  attempts=3  state=ON  metric=rpr
2026-10-07T23:56:40Z  OBSERVE  frontend->productcatalogservice  rpr=0.0000  low=47 high=0  attempts=3  state=ON  metric=rpr
2026-10-07T23:56:40Z  OBSERVE  frontend->recommendationservice  rpr=1.8094  low=0 high=4  attempts=3  state=ON  metric=rpr
2026-10-07T23:56:40Z  OBSERVE  frontend->shippingservice  rpr=0.0000  low=47 high=0  attempts=3  state=ON  metric=rpr
2026-10-07T23:56:40Z  OBSERVE  checkoutservice->cartservice  rpr=0.0000  low=46 high=0  attempts=3  state=ON  metric=rpr
2026-10-07T23:56:40Z  OBSERVE  checkoutservice->currencyservice  rpr=0.0000  low=46 high=0  attempts=3  state=ON  metric=rpr
2026-10-07T23:56:40Z  OBSERVE  checkoutservice->emailservice  rpr=0.0000  low=45 high=0  attempts=3  state=ON  metric=rpr
2026-10-07T23:56:40Z  OBSERVE  checkoutservice->paymentservice  rpr=0.0000  low=46 high=0  attempts=3  state=ON  metric=rpr
2026-10-07T23:56:40Z  OBSERVE  checkoutservice->shippingservice  rpr=0.0000  low=46 high=0  attempts=3  state=ON  metric=rpr
2026-10-07T23:56:40Z  OBSERVE  recommendationservice->productcatalogservice  rpr=0.0000  low=47 high=0  attempts=3  state=ON  metric=rpr
2026-10-07T23:56:43Z  OBSERVE  frontend->adservice  rpr=0.0000  low=47 high=0  attempts=3  state=ON  metric=rpr
2026-10-07T23:56:43Z  OBSERVE  frontend->cartservice  rpr=0.0000  low=48 high=0  attempts=3  state=ON  metric=rpr
2026-10-07T23:56:43Z  OBSERVE  frontend->checkoutservice  rpr=0.0000  low=4 high=0  attempts=3  state=ON  metric=rpr
2026-10-07T23:56:43Z  OBSERVE  frontend->currencyservice  rpr=0.0000  low=48 high=0  attempts=3  state=ON  metric=rpr
2026-10-07T23:56:43Z  OBSERVE  frontend->productcatalogservice  rpr=0.0000  low=48 high=0  attempts=3  state=ON  metric=rpr
2026-10-07T23:56:43Z  OBSERVE  frontend->recommendationservice  rpr=2.5574  low=0 high=5  attempts=3  state=ON  metric=rpr
2026-10-07T23:56:43Z  OBSERVE  frontend->shippingservice  rpr=0.0000  low=48 high=0  attempts=3  state=ON  metric=rpr
2026-10-07T23:56:43Z  OBSERVE  checkoutservice->cartservice  rpr=0.0000  low=47 high=0  attempts=3  state=ON  metric=rpr
2026-10-07T23:56:43Z  OBSERVE  checkoutservice->currencyservice  rpr=0.0000  low=47 high=0  attempts=3  state=ON  metric=rpr
2026-10-07T23:56:43Z  OBSERVE  checkoutservice->emailservice  rpr=0.0000  low=46 high=0  attempts=3  state=ON  metric=rpr
2026-10-07T23:56:43Z  OBSERVE  checkoutservice->paymentservice  rpr=0.0000  low=47 high=0  attempts=3  state=ON  metric=rpr
2026-10-07T23:56:43Z  OBSERVE  checkoutservice->shippingservice  rpr=0.0000  low=47 high=0  attempts=3  state=ON  metric=rpr
2026-10-07T23:56:43Z  OBSERVE  recommendationservice->productcatalogservice  rpr=0.0000  low=48 high=0  attempts=3  state=ON  metric=rpr
2026-10-07T23:56:44Z  OBSERVE  frontend->adservice  rpr=0.0000  low=48 high=0  attempts=3  state=ON  metric=rpr
2026-10-07T23:56:44Z  OBSERVE  frontend->cartservice  rpr=0.0000  low=49 high=0  attempts=3  state=ON  metric=rpr
2026-10-07T23:56:44Z  OBSERVE  frontend->checkoutservice  rpr=0.0000  low=5 high=0  attempts=3  state=ON  metric=rpr
2026-10-07T23:56:44Z  OBSERVE  frontend->currencyservice  rpr=0.0000  low=49 high=0  attempts=3  state=ON  metric=rpr
2026-10-07T23:56:44Z  OBSERVE  frontend->productcatalogservice  rpr=0.0000  low=49 high=0  attempts=3  state=ON  metric=rpr
2026-10-07T23:56:44Z  OBSERVE  frontend->recommendationservice  rpr=2.0131  low=0 high=6  attempts=3  state=ON  metric=rpr
2026-10-07T23:56:44Z  OBSERVE  frontend->shippingservice  rpr=0.0000  low=49 high=0  attempts=3  state=ON  metric=rpr
2026-10-07T23:56:44Z  OBSERVE  checkoutservice->cartservice  rpr=0.0000  low=48 high=0  attempts=3  state=ON  metric=rpr
2026-10-07T23:56:44Z  OBSERVE  checkoutservice->currencyservice  rpr=0.0000  low=48 high=0  attempts=3  state=ON  metric=rpr
2026-10-07T23:56:44Z  OBSERVE  checkoutservice->emailservice  rpr=0.0000  low=47 high=0  attempts=3  state=ON  metric=rpr
2026-10-07T23:56:44Z  OBSERVE  checkoutservice->paymentservice  rpr=0.0000  low=48 high=0  attempts=3  state=ON  metric=rpr
2026-10-07T23:56:44Z  OBSERVE  checkoutservice->shippingservice  rpr=0.0000  low=48 high=0  attempts=3  state=ON  metric=rpr
2026-10-07T23:56:44Z  OBSERVE  recommendationservice->productcatalogservice  rpr=0.0000  low=49 high=0  attempts=3  state=ON  metric=rpr
2026-10-07T23:56:46Z  OBSERVE  frontend->adservice  rpr=0.0000  low=49 high=0  attempts=3  state=ON  metric=rpr
2026-10-07T23:56:46Z  OBSERVE  frontend->cartservice  rpr=0.0000  low=50 high=0  attempts=3  state=ON  metric=rpr
2026-10-07T23:56:46Z  OBSERVE  frontend->checkoutservice  rpr=0.0000  low=6 high=0  attempts=3  state=ON  metric=rpr
2026-10-07T23:56:46Z  OBSERVE  frontend->currencyservice  rpr=0.0000  low=50 high=0  attempts=3  state=ON  metric=rpr
2026-10-07T23:56:46Z  OBSERVE  frontend->productcatalogservice  rpr=0.0000  low=50 high=0  attempts=3  state=ON  metric=rpr
2026-10-07T23:56:46Z  OBSERVE  frontend->recommendationservice  rpr=2.4948  low=0 high=7  attempts=3  state=ON  metric=rpr
2026-10-07T23:56:46Z  OBSERVE  frontend->shippingservice  rpr=0.0000  low=50 high=0  attempts=3  state=ON  metric=rpr
2026-10-07T23:56:46Z  OBSERVE  checkoutservice->cartservice  rpr=0.0000  low=49 high=0  attempts=3  state=ON  metric=rpr
2026-10-07T23:56:46Z  OBSERVE  checkoutservice->currencyservice  rpr=0.0000  low=49 high=0  attempts=3  state=ON  metric=rpr
2026-10-07T23:56:46Z  OBSERVE  checkoutservice->emailservice  rpr=0.0000  low=48 high=0  attempts=3  state=ON  metric=rpr
2026-10-07T23:56:46Z  OBSERVE  checkoutservice->paymentservice  rpr=0.0000  low=49 high=0  attempts=3  state=ON  metric=rpr
2026-10-07T23:56:46Z  OBSERVE  checkoutservice->shippingservice  rpr=0.0000  low=49 high=0  attempts=3  state=ON  metric=rpr
2026-10-07T23:56:46Z  OBSERVE  recommendationservice->productcatalogservice  rpr=0.0000  low=50 high=0  attempts=3  state=ON  metric=rpr
2026-10-07T23:56:48Z  OBSERVE  frontend->adservice  rpr=0.0000  low=50 high=0  attempts=3  state=ON  metric=rpr
2026-10-07T23:56:48Z  OBSERVE  frontend->cartservice  rpr=0.0000  low=51 high=0  attempts=3  state=ON  metric=rpr
2026-10-07T23:56:48Z  OBSERVE  frontend->checkoutservice  rpr=0.0000  low=7 high=0  attempts=3  state=ON  metric=rpr
2026-10-07T23:56:48Z  OBSERVE  frontend->currencyservice  rpr=0.0000  low=51 high=0  attempts=3  state=ON  metric=rpr
2026-10-07T23:56:48Z  OBSERVE  frontend->productcatalogservice  rpr=0.0000  low=51 high=0  attempts=3  state=ON  metric=rpr
2026-10-07T23:56:48Z  OBSERVE  frontend->recommendationservice  rpr=2.4309  low=0 high=8  attempts=3  state=ON  metric=rpr
2026-10-07T23:56:48Z  OBSERVE  frontend->shippingservice  rpr=0.0000  low=51 high=0  attempts=3  state=ON  metric=rpr
2026-10-07T23:56:48Z  OBSERVE  checkoutservice->cartservice  rpr=0.0000  low=50 high=0  attempts=3  state=ON  metric=rpr
2026-10-07T23:56:48Z  OBSERVE  checkoutservice->currencyservice  rpr=0.0000  low=50 high=0  attempts=3  state=ON  metric=rpr
2026-10-07T23:56:48Z  OBSERVE  checkoutservice->emailservice  rpr=0.0000  low=49 high=0  attempts=3  state=ON  metric=rpr
2026-10-07T23:56:48Z  OBSERVE  checkoutservice->paymentservice  rpr=0.0000  low=50 high=0  attempts=3  state=ON  metric=rpr
2026-10-07T23:56:48Z  OBSERVE  checkoutservice->shippingservice  rpr=0.0000  low=50 high=0  attempts=3  state=ON  metric=rpr
2026-10-07T23:56:48Z  OBSERVE  recommendationservice->productcatalogservice  rpr=0.0000  low=51 high=0  attempts=3  state=ON  metric=rpr
2026-10-07T23:56:50Z  OBSERVE  frontend->adservice  rpr=0.0000  low=51 high=0  attempts=3  state=ON  metric=rpr
2026-10-07T23:56:50Z  OBSERVE  frontend->cartservice  rpr=0.0000  low=52 high=0  attempts=3  state=ON  metric=rpr
2026-10-07T23:56:50Z  OBSERVE  frontend->checkoutservice  rpr=0.0000  low=8 high=0  attempts=3  state=ON  metric=rpr
2026-10-07T23:56:50Z  OBSERVE  frontend->currencyservice  rpr=0.0000  low=52 high=0  attempts=3  state=ON  metric=rpr
2026-10-07T23:56:50Z  OBSERVE  frontend->productcatalogservice  rpr=0.0000  low=52 high=0  attempts=3  state=ON  metric=rpr
2026-10-07T23:56:50Z  OBSERVE  frontend->recommendationservice  rpr=2.4447  low=0 high=9  attempts=3  state=ON  metric=rpr
2026-10-07T23:56:50Z  OBSERVE  frontend->shippingservice  rpr=0.0000  low=52 high=0  attempts=3  state=ON  metric=rpr
2026-10-07T23:56:50Z  OBSERVE  checkoutservice->cartservice  rpr=0.0000  low=51 high=0  attempts=3  state=ON  metric=rpr
2026-10-07T23:56:50Z  OBSERVE  checkoutservice->currencyservice  rpr=0.0000  low=51 high=0  attempts=3  state=ON  metric=rpr
2026-10-07T23:56:50Z  OBSERVE  checkoutservice->emailservice  rpr=0.0000  low=50 high=0  attempts=3  state=ON  metric=rpr
2026-10-07T23:56:50Z  OBSERVE  checkoutservice->paymentservice  rpr=0.0000  low=51 high=0  attempts=3  state=ON  metric=rpr
2026-10-07T23:56:50Z  OBSERVE  checkoutservice->shippingservice  rpr=0.0000  low=51 high=0  attempts=3  state=ON  metric=rpr
2026-10-07T23:56:50Z  OBSERVE  recommendationservice->productcatalogservice  rpr=0.0000  low=52 high=0  attempts=3  state=ON  metric=rpr
2026-10-07T23:56:52Z  OBSERVE  frontend->adservice  rpr=0.0000  low=52 high=0  attempts=3  state=ON  metric=rpr
2026-10-07T23:56:52Z  OBSERVE  frontend->cartservice  rpr=0.0000  low=53 high=0  attempts=3  state=ON  metric=rpr
2026-10-07T23:56:52Z  OBSERVE  frontend->checkoutservice  rpr=0.0000  low=9 high=0  attempts=3  state=ON  metric=rpr
2026-10-07T23:56:52Z  OBSERVE  frontend->currencyservice  rpr=0.0000  low=53 high=0  attempts=3  state=ON  metric=rpr
2026-10-07T23:56:52Z  OBSERVE  frontend->productcatalogservice  rpr=0.0000  low=53 high=0  attempts=3  state=ON  metric=rpr
2026-10-07T23:56:52Z  OBSERVE  frontend->recommendationservice  rpr=2.2376  low=0 high=10  attempts=3  state=ON  metric=rpr
2026-10-07T23:56:52Z  OBSERVE  frontend->shippingservice  rpr=0.0000  low=53 high=0  attempts=3  state=ON  metric=rpr
2026-10-07T23:56:52Z  OBSERVE  checkoutservice->cartservice  rpr=0.0000  low=52 high=0  attempts=3  state=ON  metric=rpr
2026-10-07T23:56:52Z  OBSERVE  checkoutservice->currencyservice  rpr=0.0000  low=52 high=0  attempts=3  state=ON  metric=rpr
2026-10-07T23:56:52Z  OBSERVE  checkoutservice->emailservice  rpr=0.0000  low=51 high=0  attempts=3  state=ON  metric=rpr
2026-10-07T23:56:52Z  OBSERVE  checkoutservice->paymentservice  rpr=0.0000  low=52 high=0  attempts=3  state=ON  metric=rpr
2026-10-07T23:56:52Z  OBSERVE  checkoutservice->shippingservice  rpr=0.0000  low=52 high=0  attempts=3  state=ON  metric=rpr
2026-10-07T23:56:52Z  OBSERVE  recommendationservice->productcatalogservice  rpr=0.0000  low=53 high=0  attempts=3  state=ON  metric=rpr
2026-10-07T23:56:54Z  OBSERVE  frontend->adservice  rpr=0.0000  low=53 high=0  attempts=3  state=ON  metric=rpr
2026-10-07T23:56:54Z  OBSERVE  frontend->cartservice  rpr=0.0000  low=54 high=0  attempts=3  state=ON  metric=rpr
2026-10-07T23:56:54Z  OBSERVE  frontend->checkoutservice  rpr=0.0000  low=10 high=0  attempts=3  state=ON  metric=rpr
2026-10-07T23:56:54Z  OBSERVE  frontend->currencyservice  rpr=0.0000  low=54 high=0  attempts=3  state=ON  metric=rpr
2026-10-07T23:56:54Z  OBSERVE  frontend->productcatalogservice  rpr=0.0000  low=54 high=0  attempts=3  state=ON  metric=rpr
2026-10-07T23:56:54Z  OBSERVE  frontend->recommendationservice  rpr=2.4292  low=0 high=11  attempts=3  state=ON  metric=rpr
2026-10-07T23:56:54Z  OBSERVE  frontend->shippingservice  rpr=0.0000  low=54 high=0  attempts=3  state=ON  metric=rpr
2026-10-07T23:56:54Z  OBSERVE  checkoutservice->cartservice  rpr=0.0000  low=53 high=0  attempts=3  state=ON  metric=rpr
2026-10-07T23:56:54Z  OBSERVE  checkoutservice->currencyservice  rpr=0.0000  low=53 high=0  attempts=3  state=ON  metric=rpr
2026-10-07T23:56:54Z  OBSERVE  checkoutservice->emailservice  rpr=0.0000  low=52 high=0  attempts=3  state=ON  metric=rpr
2026-10-07T23:56:54Z  OBSERVE  checkoutservice->paymentservice  rpr=0.0000  low=53 high=0  attempts=3  state=ON  metric=rpr
2026-10-07T23:56:54Z  OBSERVE  checkoutservice->shippingservice  rpr=0.0000  low=53 high=0  attempts=3  state=ON  metric=rpr
2026-10-07T23:56:54Z  OBSERVE  recommendationservice->productcatalogservice  rpr=0.0000  low=54 high=0  attempts=3  state=ON  metric=rpr
2026-10-07T23:56:57Z  OBSERVE  frontend->adservice  rpr=0.0000  low=54 high=0  attempts=3  state=ON  metric=rpr
2026-10-07T23:56:57Z  OBSERVE  frontend->cartservice  rpr=0.0000  low=55 high=0  attempts=3  state=ON  metric=rpr
2026-10-07T23:56:57Z  OBSERVE  frontend->checkoutservice  rpr=0.0000  low=11 high=0  attempts=3  state=ON  metric=rpr
2026-10-07T23:56:57Z  OBSERVE  frontend->currencyservice  rpr=0.0000  low=55 high=0  attempts=3  state=ON  metric=rpr
2026-10-07T23:56:57Z  OBSERVE  frontend->productcatalogservice  rpr=0.0000  low=55 high=0  attempts=3  state=ON  metric=rpr
2026-10-07T23:56:57Z  OBSERVE  frontend->recommendationservice  rpr=1.9668  low=0 high=12  attempts=3  state=ON  metric=rpr
2026-10-07T23:56:57Z  OBSERVE  frontend->shippingservice  rpr=0.0000  low=55 high=0  attempts=3  state=ON  metric=rpr
2026-10-07T23:56:57Z  OBSERVE  checkoutservice->cartservice  rpr=0.0000  low=54 high=0  attempts=3  state=ON  metric=rpr
2026-10-07T23:56:57Z  OBSERVE  checkoutservice->currencyservice  rpr=0.0000  low=54 high=0  attempts=3  state=ON  metric=rpr
2026-10-07T23:56:57Z  OBSERVE  checkoutservice->emailservice  rpr=0.0000  low=53 high=0  attempts=3  state=ON  metric=rpr
2026-10-07T23:56:57Z  OBSERVE  checkoutservice->paymentservice  rpr=0.0000  low=54 high=0  attempts=3  state=ON  metric=rpr
2026-10-07T23:56:57Z  OBSERVE  checkoutservice->shippingservice  rpr=0.0000  low=54 high=0  attempts=3  state=ON  metric=rpr
2026-10-07T23:56:57Z  OBSERVE  recommendationservice->productcatalogservice  rpr=0.0000  low=55 high=0  attempts=3  state=ON  metric=rpr
2026-10-07T23:56:58Z  OBSERVE  frontend->adservice  rpr=0.0000  low=55 high=0  attempts=3  state=ON  metric=rpr
2026-10-07T23:56:58Z  OBSERVE  frontend->cartservice  rpr=0.0000  low=56 high=0  attempts=3  state=ON  metric=rpr
2026-10-07T23:56:58Z  OBSERVE  frontend->checkoutservice  rpr=0.0000  low=12 high=0  attempts=3  state=ON  metric=rpr
2026-10-07T23:56:58Z  OBSERVE  frontend->currencyservice  rpr=0.0000  low=56 high=0  attempts=3  state=ON  metric=rpr
2026-10-07T23:56:58Z  OBSERVE  frontend->productcatalogservice  rpr=0.0000  low=56 high=0  attempts=3  state=ON  metric=rpr
2026-10-07T23:56:58Z  OBSERVE  frontend->recommendationservice  rpr=1.6143  low=0 high=13  attempts=3  state=ON  metric=rpr
2026-10-07T23:56:58Z  OBSERVE  frontend->shippingservice  rpr=0.0000  low=56 high=0  attempts=3  state=ON  metric=rpr
2026-10-07T23:56:58Z  OBSERVE  checkoutservice->cartservice  rpr=0.0000  low=55 high=0  attempts=3  state=ON  metric=rpr
2026-10-07T23:56:58Z  OBSERVE  checkoutservice->currencyservice  rpr=0.0000  low=55 high=0  attempts=3  state=ON  metric=rpr
2026-10-07T23:56:58Z  OBSERVE  checkoutservice->emailservice  rpr=0.0000  low=54 high=0  attempts=3  state=ON  metric=rpr
2026-10-07T23:56:58Z  OBSERVE  checkoutservice->paymentservice  rpr=0.0000  low=55 high=0  attempts=3  state=ON  metric=rpr
2026-10-07T23:56:58Z  OBSERVE  checkoutservice->shippingservice  rpr=0.0000  low=55 high=0  attempts=3  state=ON  metric=rpr
2026-10-07T23:56:58Z  OBSERVE  recommendationservice->productcatalogservice  rpr=0.0000  low=56 high=0  attempts=3  state=ON  metric=rpr
2026-10-07T23:57:00Z  OBSERVE  frontend->adservice  rpr=0.0000  low=56 high=0  attempts=3  state=ON  metric=rpr
2026-10-07T23:57:00Z  OBSERVE  frontend->cartservice  rpr=0.0000  low=57 high=0  attempts=3  state=ON  metric=rpr
2026-10-07T23:57:00Z  OBSERVE  frontend->checkoutservice  rpr=0.0000  low=13 high=0  attempts=3  state=ON  metric=rpr
2026-10-07T23:57:00Z  OBSERVE  frontend->currencyservice  rpr=0.0000  low=57 high=0  attempts=3  state=ON  metric=rpr
2026-10-07T23:57:00Z  OBSERVE  frontend->productcatalogservice  rpr=0.0000  low=57 high=0  attempts=3  state=ON  metric=rpr
2026-10-07T23:57:00Z  OBSERVE  frontend->recommendationservice  rpr=1.5008  low=0 high=14  attempts=3  state=ON  metric=rpr
2026-10-07T23:57:00Z  OBSERVE  frontend->shippingservice  rpr=0.0000  low=57 high=0  attempts=3  state=ON  metric=rpr
2026-10-07T23:57:00Z  OBSERVE  checkoutservice->cartservice  rpr=0.0000  low=56 high=0  attempts=3  state=ON  metric=rpr
2026-10-07T23:57:00Z  OBSERVE  checkoutservice->currencyservice  rpr=0.0000  low=56 high=0  attempts=3  state=ON  metric=rpr
2026-10-07T23:57:00Z  OBSERVE  checkoutservice->emailservice  rpr=0.0000  low=55 high=0  attempts=3  state=ON  metric=rpr
2026-10-07T23:57:00Z  OBSERVE  checkoutservice->paymentservice  rpr=0.0000  low=56 high=0  attempts=3  state=ON  metric=rpr
2026-10-07T23:57:00Z  OBSERVE  checkoutservice->shippingservice  rpr=0.0000  low=56 high=0  attempts=3  state=ON  metric=rpr
2026-10-07T23:57:00Z  OBSERVE  recommendationservice->productcatalogservice  rpr=0.0000  low=57 high=0  attempts=3  state=ON  metric=rpr
2026-10-07T23:57:03Z  OBSERVE  frontend->adservice  rpr=0.0000  low=57 high=0  attempts=3  state=ON  metric=rpr
2026-10-07T23:57:03Z  OBSERVE  frontend->cartservice  rpr=0.0000  low=58 high=0  attempts=3  state=ON  metric=rpr
2026-10-07T23:57:03Z  OBSERVE  frontend->checkoutservice  rpr=0.0000  low=14 high=0  attempts=3  state=ON  metric=rpr
2026-10-07T23:57:03Z  OBSERVE  frontend->currencyservice  rpr=0.0000  low=58 high=0  attempts=3  state=ON  metric=rpr
2026-10-07T23:57:03Z  OBSERVE  frontend->productcatalogservice  rpr=0.0000  low=58 high=0  attempts=3  state=ON  metric=rpr
2026-10-07T23:57:03Z  OBSERVE  frontend->recommendationservice  rpr=1.7301  low=0 high=15  attempts=3  state=ON  metric=rpr
2026-10-07T23:57:03Z  OBSERVE  frontend->shippingservice  rpr=0.0000  low=58 high=0  attempts=3  state=ON  metric=rpr
2026-10-07T23:57:03Z  OBSERVE  checkoutservice->cartservice  rpr=0.0000  low=57 high=0  attempts=3  state=ON  metric=rpr
2026-10-07T23:57:03Z  OBSERVE  checkoutservice->currencyservice  rpr=0.0000  low=57 high=0  attempts=3  state=ON  metric=rpr
2026-10-07T23:57:03Z  OBSERVE  checkoutservice->emailservice  rpr=0.0000  low=56 high=0  attempts=3  state=ON  metric=rpr
2026-10-07T23:57:03Z  OBSERVE  checkoutservice->paymentservice  rpr=0.0000  low=57 high=0  attempts=3  state=ON  metric=rpr
2026-10-07T23:57:03Z  OBSERVE  checkoutservice->shippingservice  rpr=0.0000  low=57 high=0  attempts=3  state=ON  metric=rpr
2026-10-07T23:57:03Z  OBSERVE  recommendationservice->productcatalogservice  rpr=0.0000  low=58 high=0  attempts=3  state=ON  metric=rpr
2026-10-07T23:57:04Z  OBSERVE  frontend->adservice  rpr=0.0000  low=58 high=0  attempts=3  state=ON  metric=rpr
2026-10-07T23:57:04Z  OBSERVE  frontend->cartservice  rpr=0.0000  low=59 high=0  attempts=3  state=ON  metric=rpr
2026-10-07T23:57:04Z  OBSERVE  frontend->checkoutservice  rpr=0.0000  low=15 high=0  attempts=3  state=ON  metric=rpr
2026-10-07T23:57:04Z  OBSERVE  frontend->currencyservice  rpr=0.0000  low=59 high=0  attempts=3  state=ON  metric=rpr
2026-10-07T23:57:04Z  OBSERVE  frontend->productcatalogservice  rpr=0.0000  low=59 high=0  attempts=3  state=ON  metric=rpr
2026-10-07T23:57:04Z  OBSERVE  frontend->recommendationservice  rpr=2.1431  low=0 high=16  attempts=3  state=ON  metric=rpr
2026-10-07T23:57:04Z  OBSERVE  frontend->shippingservice  rpr=0.0000  low=59 high=0  attempts=3  state=ON  metric=rpr
2026-10-07T23:57:04Z  OBSERVE  checkoutservice->cartservice  rpr=0.0000  low=58 high=0  attempts=3  state=ON  metric=rpr
2026-10-07T23:57:04Z  OBSERVE  checkoutservice->currencyservice  rpr=0.0000  low=58 high=0  attempts=3  state=ON  metric=rpr
2026-10-07T23:57:04Z  OBSERVE  checkoutservice->emailservice  rpr=0.0000  low=57 high=0  attempts=3  state=ON  metric=rpr
2026-10-07T23:57:04Z  OBSERVE  checkoutservice->paymentservice  rpr=0.0000  low=58 high=0  attempts=3  state=ON  metric=rpr
2026-10-07T23:57:04Z  OBSERVE  checkoutservice->shippingservice  rpr=0.0000  low=58 high=0  attempts=3  state=ON  metric=rpr
2026-10-07T23:57:04Z  OBSERVE  recommendationservice->productcatalogservice  rpr=0.0000  low=59 high=0  attempts=3  state=ON  metric=rpr
2026-10-07T23:57:07Z  OBSERVE  frontend->adservice  rpr=0.0000  low=59 high=0  attempts=3  state=ON  metric=rpr
2026-10-07T23:57:07Z  OBSERVE  frontend->cartservice  rpr=0.0000  low=60 high=0  attempts=3  state=ON  metric=rpr
2026-10-07T23:57:07Z  OBSERVE  frontend->checkoutservice  rpr=0.0000  low=16 high=0  attempts=3  state=ON  metric=rpr
2026-10-07T23:57:07Z  OBSERVE  frontend->currencyservice  rpr=0.0000  low=60 high=0  attempts=3  state=ON  metric=rpr
2026-10-07T23:57:07Z  OBSERVE  frontend->productcatalogservice  rpr=0.0000  low=60 high=0  attempts=3  state=ON  metric=rpr
2026-10-07T23:57:07Z  OBSERVE  frontend->recommendationservice  rpr=2.0563  low=0 high=17  attempts=3  state=ON  metric=rpr
2026-10-07T23:57:07Z  OBSERVE  frontend->shippingservice  rpr=0.0000  low=60 high=0  attempts=3  state=ON  metric=rpr
2026-10-07T23:57:07Z  OBSERVE  checkoutservice->cartservice  rpr=0.0000  low=59 high=0  attempts=3  state=ON  metric=rpr
2026-10-07T23:57:07Z  OBSERVE  checkoutservice->currencyservice  rpr=0.0000  low=59 high=0  attempts=3  state=ON  metric=rpr
2026-10-07T23:57:07Z  OBSERVE  checkoutservice->emailservice  rpr=0.0000  low=58 high=0  attempts=3  state=ON  metric=rpr
2026-10-07T23:57:07Z  OBSERVE  checkoutservice->paymentservice  rpr=0.0000  low=59 high=0  attempts=3  state=ON  metric=rpr
2026-10-07T23:57:07Z  OBSERVE  checkoutservice->shippingservice  rpr=0.0000  low=59 high=0  attempts=3  state=ON  metric=rpr
2026-10-07T23:57:07Z  OBSERVE  recommendationservice->productcatalogservice  rpr=0.0000  low=60 high=0  attempts=3  state=ON  metric=rpr
2026-10-07T23:57:08Z  OBSERVE  frontend->adservice  rpr=0.0000  low=60 high=0  attempts=3  state=ON  metric=rpr
2026-10-07T23:57:08Z  OBSERVE  frontend->cartservice  rpr=0.0000  low=61 high=0  attempts=3  state=ON  metric=rpr
2026-10-07T23:57:08Z  OBSERVE  frontend->checkoutservice  rpr=0.0000  low=17 high=0  attempts=3  state=ON  metric=rpr
2026-10-07T23:57:08Z  OBSERVE  frontend->currencyservice  rpr=0.0000  low=61 high=0  attempts=3  state=ON  metric=rpr
2026-10-07T23:57:08Z  OBSERVE  frontend->productcatalogservice  rpr=0.0000  low=61 high=0  attempts=3  state=ON  metric=rpr
2026-10-07T23:57:08Z  OBSERVE  frontend->recommendationservice  rpr=2.2928  low=0 high=18  attempts=3  state=ON  metric=rpr
2026-10-07T23:57:08Z  OBSERVE  frontend->shippingservice  rpr=0.0000  low=61 high=0  attempts=3  state=ON  metric=rpr
2026-10-07T23:57:08Z  OBSERVE  checkoutservice->cartservice  rpr=0.0000  low=60 high=0  attempts=3  state=ON  metric=rpr
2026-10-07T23:57:08Z  OBSERVE  checkoutservice->currencyservice  rpr=0.0000  low=60 high=0  attempts=3  state=ON  metric=rpr
2026-10-07T23:57:08Z  OBSERVE  checkoutservice->emailservice  rpr=0.0000  low=59 high=0  attempts=3  state=ON  metric=rpr
2026-10-07T23:57:08Z  OBSERVE  checkoutservice->paymentservice  rpr=0.0000  low=60 high=0  attempts=3  state=ON  metric=rpr
2026-10-07T23:57:08Z  OBSERVE  checkoutservice->shippingservice  rpr=0.0000  low=60 high=0  attempts=3  state=ON  metric=rpr
2026-10-07T23:57:08Z  OBSERVE  recommendationservice->productcatalogservice  rpr=0.0000  low=61 high=0  attempts=3  state=ON  metric=rpr
2026-10-07T23:57:11Z  OBSERVE  frontend->adservice  rpr=0.0000  low=61 high=0  attempts=3  state=ON  metric=rpr
2026-10-07T23:57:11Z  OBSERVE  frontend->cartservice  rpr=0.0000  low=62 high=0  attempts=3  state=ON  metric=rpr
2026-10-07T23:57:11Z  OBSERVE  frontend->checkoutservice  rpr=0.0000  low=18 high=0  attempts=3  state=ON  metric=rpr
2026-10-07T23:57:11Z  OBSERVE  frontend->currencyservice  rpr=0.0000  low=62 high=0  attempts=3  state=ON  metric=rpr
2026-10-07T23:57:11Z  OBSERVE  frontend->productcatalogservice  rpr=0.0000  low=62 high=0  attempts=3  state=ON  metric=rpr
2026-10-07T23:57:11Z  OBSERVE  frontend->recommendationservice  rpr=2.2553  low=0 high=19  attempts=3  state=ON  metric=rpr
2026-10-07T23:57:11Z  OBSERVE  frontend->shippingservice  rpr=0.0000  low=62 high=0  attempts=3  state=ON  metric=rpr
2026-10-07T23:57:11Z  OBSERVE  checkoutservice->cartservice  rpr=0.0000  low=61 high=0  attempts=3  state=ON  metric=rpr
2026-10-07T23:57:11Z  OBSERVE  checkoutservice->currencyservice  rpr=0.0000  low=61 high=0  attempts=3  state=ON  metric=rpr
2026-10-07T23:57:11Z  OBSERVE  checkoutservice->emailservice  rpr=0.0000  low=60 high=0  attempts=3  state=ON  metric=rpr
2026-10-07T23:57:11Z  OBSERVE  checkoutservice->paymentservice  rpr=0.0000  low=61 high=0  attempts=3  state=ON  metric=rpr
2026-10-07T23:57:11Z  OBSERVE  checkoutservice->shippingservice  rpr=0.0000  low=61 high=0  attempts=3  state=ON  metric=rpr
2026-10-07T23:57:11Z  OBSERVE  recommendationservice->productcatalogservice  rpr=0.0000  low=62 high=0  attempts=3  state=ON  metric=rpr
2026-10-07T23:57:12Z  OBSERVE  frontend->adservice  rpr=0.0000  low=62 high=0  attempts=3  state=ON  metric=rpr
2026-10-07T23:57:12Z  OBSERVE  frontend->cartservice  rpr=0.0000  low=63 high=0  attempts=3  state=ON  metric=rpr
2026-10-07T23:57:12Z  OBSERVE  frontend->checkoutservice  rpr=0.0000  low=19 high=0  attempts=3  state=ON  metric=rpr
2026-10-07T23:57:12Z  OBSERVE  frontend->currencyservice  rpr=0.0000  low=63 high=0  attempts=3  state=ON  metric=rpr
2026-10-07T23:57:12Z  OBSERVE  frontend->productcatalogservice  rpr=0.0000  low=63 high=0  attempts=3  state=ON  metric=rpr
2026-10-07T23:57:12Z  OBSERVE  frontend->recommendationservice  rpr=2.1332  low=0 high=20  attempts=3  state=ON  metric=rpr
2026-10-07T23:57:12Z  OBSERVE  frontend->shippingservice  rpr=0.0000  low=63 high=0  attempts=3  state=ON  metric=rpr
2026-10-07T23:57:12Z  OBSERVE  checkoutservice->cartservice  rpr=0.0000  low=62 high=0  attempts=3  state=ON  metric=rpr
2026-10-07T23:57:12Z  OBSERVE  checkoutservice->currencyservice  rpr=0.0000  low=62 high=0  attempts=3  state=ON  metric=rpr
2026-10-07T23:57:12Z  OBSERVE  checkoutservice->emailservice  rpr=0.0000  low=61 high=0  attempts=3  state=ON  metric=rpr
2026-10-07T23:57:12Z  OBSERVE  checkoutservice->paymentservice  rpr=0.0000  low=62 high=0  attempts=3  state=ON  metric=rpr
2026-10-07T23:57:12Z  OBSERVE  checkoutservice->shippingservice  rpr=0.0000  low=62 high=0  attempts=3  state=ON  metric=rpr
2026-10-07T23:57:12Z  OBSERVE  recommendationservice->productcatalogservice  rpr=0.0000  low=63 high=0  attempts=3  state=ON  metric=rpr
2026-10-07T23:57:14Z  OBSERVE  frontend->adservice  rpr=0.0000  low=63 high=0  attempts=3  state=ON  metric=rpr
2026-10-07T23:57:14Z  OBSERVE  frontend->cartservice  rpr=0.0000  low=64 high=0  attempts=3  state=ON  metric=rpr
2026-10-07T23:57:14Z  OBSERVE  frontend->checkoutservice  rpr=0.0000  low=20 high=0  attempts=3  state=ON  metric=rpr
2026-10-07T23:57:14Z  OBSERVE  frontend->currencyservice  rpr=0.0000  low=64 high=0  attempts=3  state=ON  metric=rpr
2026-10-07T23:57:14Z  OBSERVE  frontend->productcatalogservice  rpr=0.0000  low=64 high=0  attempts=3  state=ON  metric=rpr
2026-10-07T23:57:14Z  OBSERVE  frontend->recommendationservice  rpr=1.8107  low=0 high=21  attempts=3  state=ON  metric=rpr
2026-10-07T23:57:14Z  OBSERVE  frontend->shippingservice  rpr=0.0000  low=64 high=0  attempts=3  state=ON  metric=rpr
2026-10-07T23:57:14Z  OBSERVE  checkoutservice->cartservice  rpr=0.0000  low=63 high=0  attempts=3  state=ON  metric=rpr
2026-10-07T23:57:14Z  OBSERVE  checkoutservice->currencyservice  rpr=0.0000  low=63 high=0  attempts=3  state=ON  metric=rpr
2026-10-07T23:57:14Z  OBSERVE  checkoutservice->emailservice  rpr=0.0000  low=62 high=0  attempts=3  state=ON  metric=rpr
2026-10-07T23:57:14Z  OBSERVE  checkoutservice->paymentservice  rpr=0.0000  low=63 high=0  attempts=3  state=ON  metric=rpr
2026-10-07T23:57:14Z  OBSERVE  checkoutservice->shippingservice  rpr=0.0000  low=63 high=0  attempts=3  state=ON  metric=rpr
2026-10-07T23:57:14Z  OBSERVE  recommendationservice->productcatalogservice  rpr=0.0000  low=64 high=0  attempts=3  state=ON  metric=rpr
2026-10-07T23:57:16Z  OBSERVE  frontend->adservice  rpr=0.0000  low=64 high=0  attempts=3  state=ON  metric=rpr
2026-10-07T23:57:16Z  OBSERVE  frontend->cartservice  rpr=0.0000  low=65 high=0  attempts=3  state=ON  metric=rpr
2026-10-07T23:57:16Z  OBSERVE  frontend->checkoutservice  rpr=0.0000  low=21 high=0  attempts=3  state=ON  metric=rpr
2026-10-07T23:57:16Z  OBSERVE  frontend->currencyservice  rpr=0.0000  low=65 high=0  attempts=3  state=ON  metric=rpr
2026-10-07T23:57:16Z  OBSERVE  frontend->productcatalogservice  rpr=0.0000  low=65 high=0  attempts=3  state=ON  metric=rpr
2026-10-07T23:57:16Z  OBSERVE  frontend->recommendationservice  rpr=1.4297  low=0 high=22  attempts=3  state=ON  metric=rpr
2026-10-07T23:57:16Z  OBSERVE  frontend->shippingservice  rpr=0.0000  low=65 high=0  attempts=3  state=ON  metric=rpr
2026-10-07T23:57:16Z  OBSERVE  checkoutservice->cartservice  rpr=0.0000  low=64 high=0  attempts=3  state=ON  metric=rpr
2026-10-07T23:57:16Z  OBSERVE  checkoutservice->currencyservice  rpr=0.0000  low=64 high=0  attempts=3  state=ON  metric=rpr
2026-10-07T23:57:16Z  OBSERVE  checkoutservice->emailservice  rpr=0.0000  low=63 high=0  attempts=3  state=ON  metric=rpr
2026-10-07T23:57:16Z  OBSERVE  checkoutservice->paymentservice  rpr=0.0000  low=64 high=0  attempts=3  state=ON  metric=rpr
2026-10-07T23:57:16Z  OBSERVE  checkoutservice->shippingservice  rpr=0.0000  low=64 high=0  attempts=3  state=ON  metric=rpr
2026-10-07T23:57:16Z  OBSERVE  recommendationservice->productcatalogservice  rpr=0.0000  low=65 high=0  attempts=3  state=ON  metric=rpr
2026-10-07T23:57:18Z  OBSERVE  frontend->adservice  rpr=0.0000  low=65 high=0  attempts=3  state=ON  metric=rpr
2026-10-07T23:57:18Z  OBSERVE  frontend->cartservice  rpr=0.0000  low=66 high=0  attempts=3  state=ON  metric=rpr
2026-10-07T23:57:18Z  OBSERVE  frontend->checkoutservice  rpr=0.1047  low=22 high=0  attempts=3  state=ON  metric=rpr
2026-10-07T23:57:18Z  OBSERVE  frontend->currencyservice  rpr=0.0000  low=66 high=0  attempts=3  state=ON  metric=rpr
2026-10-07T23:57:18Z  OBSERVE  frontend->productcatalogservice  rpr=0.0000  low=66 high=0  attempts=3  state=ON  metric=rpr
2026-10-07T23:57:18Z  OBSERVE  frontend->recommendationservice  rpr=1.4605  low=0 high=23  attempts=3  state=ON  metric=rpr
2026-10-07T23:57:18Z  OBSERVE  frontend->shippingservice  rpr=0.0000  low=66 high=0  attempts=3  state=ON  metric=rpr
2026-10-07T23:57:18Z  OBSERVE  checkoutservice->cartservice  rpr=0.0000  low=65 high=0  attempts=3  state=ON  metric=rpr
2026-10-07T23:57:18Z  OBSERVE  checkoutservice->currencyservice  rpr=0.0000  low=65 high=0  attempts=3  state=ON  metric=rpr
2026-10-07T23:57:18Z  OBSERVE  checkoutservice->emailservice  rpr=0.0000  low=64 high=0  attempts=3  state=ON  metric=rpr
2026-10-07T23:57:18Z  OBSERVE  checkoutservice->paymentservice  rpr=0.0000  low=65 high=0  attempts=3  state=ON  metric=rpr
2026-10-07T23:57:18Z  OBSERVE  checkoutservice->shippingservice  rpr=0.0000  low=65 high=0  attempts=3  state=ON  metric=rpr
2026-10-07T23:57:18Z  OBSERVE  recommendationservice->productcatalogservice  rpr=0.0000  low=66 high=0  attempts=3  state=ON  metric=rpr
2026-10-07T23:57:20Z  OBSERVE  frontend->adservice  rpr=0.0000  low=66 high=0  attempts=3  state=ON  metric=rpr
2026-10-07T23:57:20Z  OBSERVE  frontend->cartservice  rpr=0.0000  low=67 high=0  attempts=3  state=ON  metric=rpr
2026-10-07T23:57:20Z  OBSERVE  frontend->checkoutservice  rpr=0.0000  low=23 high=0  attempts=3  state=ON  metric=rpr
2026-10-07T23:57:20Z  OBSERVE  frontend->currencyservice  rpr=0.0000  low=67 high=0  attempts=3  state=ON  metric=rpr
2026-10-07T23:57:20Z  OBSERVE  frontend->productcatalogservice  rpr=0.0000  low=67 high=0  attempts=3  state=ON  metric=rpr
2026-10-07T23:57:20Z  OBSERVE  frontend->recommendationservice  rpr=1.4329  low=0 high=24  attempts=3  state=ON  metric=rpr
2026-10-07T23:57:20Z  OBSERVE  frontend->shippingservice  rpr=0.0000  low=67 high=0  attempts=3  state=ON  metric=rpr
2026-10-07T23:57:20Z  OBSERVE  checkoutservice->cartservice  rpr=0.0000  low=66 high=0  attempts=3  state=ON  metric=rpr
2026-10-07T23:57:20Z  OBSERVE  checkoutservice->currencyservice  rpr=0.0000  low=66 high=0  attempts=3  state=ON  metric=rpr
2026-10-07T23:57:20Z  OBSERVE  checkoutservice->emailservice  rpr=0.0000  low=65 high=0  attempts=3  state=ON  metric=rpr
2026-10-07T23:57:20Z  OBSERVE  checkoutservice->paymentservice  rpr=0.0000  low=66 high=0  attempts=3  state=ON  metric=rpr
2026-10-07T23:57:20Z  OBSERVE  checkoutservice->shippingservice  rpr=0.0000  low=66 high=0  attempts=3  state=ON  metric=rpr
2026-10-07T23:57:20Z  OBSERVE  recommendationservice->productcatalogservice  rpr=0.0000  low=67 high=0  attempts=3  state=ON  metric=rpr
2026-10-07T23:57:22Z  OBSERVE  frontend->adservice  rpr=0.0000  low=67 high=0  attempts=3  state=ON  metric=rpr
2026-10-07T23:57:22Z  OBSERVE  frontend->cartservice  rpr=0.0000  low=68 high=0  attempts=3  state=ON  metric=rpr
2026-10-07T23:57:22Z  OBSERVE  frontend->checkoutservice  rpr=0.0000  low=24 high=0  attempts=3  state=ON  metric=rpr
2026-10-07T23:57:22Z  OBSERVE  frontend->currencyservice  rpr=0.0000  low=68 high=0  attempts=3  state=ON  metric=rpr
2026-10-07T23:57:22Z  OBSERVE  frontend->productcatalogservice  rpr=0.0000  low=68 high=0  attempts=3  state=ON  metric=rpr
2026-10-07T23:57:22Z  OBSERVE  frontend->recommendationservice  rpr=1.4286  low=0 high=25  attempts=3  state=ON  metric=rpr
2026-10-07T23:57:22Z  OBSERVE  frontend->shippingservice  rpr=0.0000  low=68 high=0  attempts=3  state=ON  metric=rpr
2026-10-07T23:57:22Z  OBSERVE  checkoutservice->cartservice  rpr=0.0000  low=67 high=0  attempts=3  state=ON  metric=rpr
2026-10-07T23:57:22Z  OBSERVE  checkoutservice->currencyservice  rpr=0.0000  low=67 high=0  attempts=3  state=ON  metric=rpr
2026-10-07T23:57:22Z  OBSERVE  checkoutservice->emailservice  rpr=0.0000  low=66 high=0  attempts=3  state=ON  metric=rpr
2026-10-07T23:57:22Z  OBSERVE  checkoutservice->paymentservice  rpr=0.0000  low=67 high=0  attempts=3  state=ON  metric=rpr
2026-10-07T23:57:22Z  OBSERVE  checkoutservice->shippingservice  rpr=0.0000  low=67 high=0  attempts=3  state=ON  metric=rpr
2026-10-07T23:57:22Z  OBSERVE  recommendationservice->productcatalogservice  rpr=0.0000  low=68 high=0  attempts=3  state=ON  metric=rpr
2026-10-07T23:57:24Z  OBSERVE  frontend->adservice  rpr=0.0000  low=68 high=0  attempts=3  state=ON  metric=rpr
2026-10-07T23:57:24Z  OBSERVE  frontend->cartservice  rpr=0.0000  low=69 high=0  attempts=3  state=ON  metric=rpr
2026-10-07T23:57:24Z  OBSERVE  frontend->checkoutservice  rpr=0.0000  low=25 high=0  attempts=3  state=ON  metric=rpr
2026-10-07T23:57:24Z  OBSERVE  frontend->currencyservice  rpr=0.0000  low=69 high=0  attempts=3  state=ON  metric=rpr
2026-10-07T23:57:24Z  OBSERVE  frontend->productcatalogservice  rpr=0.0000  low=69 high=0  attempts=3  state=ON  metric=rpr
2026-10-07T23:57:24Z  OBSERVE  frontend->recommendationservice  rpr=1.4110  low=0 high=26  attempts=3  state=ON  metric=rpr
2026-10-07T23:57:24Z  OBSERVE  frontend->shippingservice  rpr=0.0000  low=69 high=0  attempts=3  state=ON  metric=rpr
2026-10-07T23:57:24Z  OBSERVE  checkoutservice->cartservice  rpr=0.0000  low=68 high=0  attempts=3  state=ON  metric=rpr
2026-10-07T23:57:24Z  OBSERVE  checkoutservice->currencyservice  rpr=0.0000  low=68 high=0  attempts=3  state=ON  metric=rpr
2026-10-07T23:57:24Z  OBSERVE  checkoutservice->emailservice  rpr=0.0000  low=67 high=0  attempts=3  state=ON  metric=rpr
2026-10-07T23:57:24Z  OBSERVE  checkoutservice->paymentservice  rpr=0.0000  low=68 high=0  attempts=3  state=ON  metric=rpr
2026-10-07T23:57:24Z  OBSERVE  checkoutservice->shippingservice  rpr=0.0000  low=68 high=0  attempts=3  state=ON  metric=rpr
2026-10-07T23:57:24Z  OBSERVE  recommendationservice->productcatalogservice  rpr=0.0000  low=69 high=0  attempts=3  state=ON  metric=rpr
2026-10-07T23:57:26Z  OBSERVE  frontend->adservice  rpr=0.0000  low=69 high=0  attempts=3  state=ON  metric=rpr
2026-10-07T23:57:26Z  OBSERVE  frontend->cartservice  rpr=0.0000  low=70 high=0  attempts=3  state=ON  metric=rpr
2026-10-07T23:57:26Z  OBSERVE  frontend->checkoutservice  rpr=0.0000  low=26 high=0  attempts=3  state=ON  metric=rpr
2026-10-07T23:57:26Z  OBSERVE  frontend->currencyservice  rpr=0.0000  low=70 high=0  attempts=3  state=ON  metric=rpr
2026-10-07T23:57:26Z  OBSERVE  frontend->productcatalogservice  rpr=0.0000  low=70 high=0  attempts=3  state=ON  metric=rpr
2026-10-07T23:57:26Z  OBSERVE  frontend->recommendationservice  rpr=1.3653  low=0 high=27  attempts=3  state=ON  metric=rpr
2026-10-07T23:57:26Z  OBSERVE  frontend->shippingservice  rpr=0.0000  low=70 high=0  attempts=3  state=ON  metric=rpr
2026-10-07T23:57:26Z  OBSERVE  checkoutservice->cartservice  rpr=0.0000  low=69 high=0  attempts=3  state=ON  metric=rpr
2026-10-07T23:57:26Z  OBSERVE  checkoutservice->currencyservice  rpr=0.0000  low=69 high=0  attempts=3  state=ON  metric=rpr
2026-10-07T23:57:26Z  OBSERVE  checkoutservice->emailservice  rpr=0.0000  low=68 high=0  attempts=3  state=ON  metric=rpr
2026-10-07T23:57:26Z  OBSERVE  checkoutservice->paymentservice  rpr=0.0000  low=69 high=0  attempts=3  state=ON  metric=rpr
2026-10-07T23:57:26Z  OBSERVE  checkoutservice->shippingservice  rpr=0.0000  low=69 high=0  attempts=3  state=ON  metric=rpr
2026-10-07T23:57:26Z  OBSERVE  recommendationservice->productcatalogservice  rpr=0.0000  low=70 high=0  attempts=3  state=ON  metric=rpr
2026-10-07T23:57:28Z  OBSERVE  frontend->adservice  rpr=0.0000  low=70 high=0  attempts=3  state=ON  metric=rpr
2026-10-07T23:57:28Z  OBSERVE  frontend->cartservice  rpr=0.0000  low=71 high=0  attempts=3  state=ON  metric=rpr
2026-10-07T23:57:28Z  OBSERVE  frontend->checkoutservice  rpr=0.0000  low=27 high=0  attempts=3  state=ON  metric=rpr
2026-10-07T23:57:28Z  OBSERVE  frontend->currencyservice  rpr=0.0000  low=71 high=0  attempts=3  state=ON  metric=rpr
2026-10-07T23:57:28Z  OBSERVE  frontend->productcatalogservice  rpr=0.0000  low=71 high=0  attempts=3  state=ON  metric=rpr
2026-10-07T23:57:28Z  OBSERVE  frontend->recommendationservice  rpr=1.1730  low=0 high=28  attempts=3  state=ON  metric=rpr
2026-10-07T23:57:28Z  OBSERVE  frontend->shippingservice  rpr=0.0000  low=71 high=0  attempts=3  state=ON  metric=rpr
2026-10-07T23:57:28Z  OBSERVE  checkoutservice->cartservice  rpr=0.0000  low=70 high=0  attempts=3  state=ON  metric=rpr
2026-10-07T23:57:28Z  OBSERVE  checkoutservice->currencyservice  rpr=0.0000  low=70 high=0  attempts=3  state=ON  metric=rpr
2026-10-07T23:57:28Z  OBSERVE  checkoutservice->emailservice  rpr=0.0000  low=69 high=0  attempts=3  state=ON  metric=rpr
2026-10-07T23:57:28Z  OBSERVE  checkoutservice->paymentservice  rpr=0.0000  low=70 high=0  attempts=3  state=ON  metric=rpr
2026-10-07T23:57:28Z  OBSERVE  checkoutservice->shippingservice  rpr=0.0000  low=70 high=0  attempts=3  state=ON  metric=rpr
2026-10-07T23:57:28Z  OBSERVE  recommendationservice->productcatalogservice  rpr=0.0000  low=71 high=0  attempts=3  state=ON  metric=rpr
2026-10-07T23:57:30Z  OBSERVE  frontend->adservice  rpr=0.0000  low=71 high=0  attempts=3  state=ON  metric=rpr
2026-10-07T23:57:30Z  OBSERVE  frontend->cartservice  rpr=0.0000  low=72 high=0  attempts=3  state=ON  metric=rpr
2026-10-07T23:57:30Z  OBSERVE  frontend->checkoutservice  rpr=0.0000  low=28 high=0  attempts=3  state=ON  metric=rpr
2026-10-07T23:57:30Z  OBSERVE  frontend->currencyservice  rpr=0.0000  low=72 high=0  attempts=3  state=ON  metric=rpr
2026-10-07T23:57:30Z  OBSERVE  frontend->productcatalogservice  rpr=0.0000  low=72 high=0  attempts=3  state=ON  metric=rpr
2026-10-07T23:57:30Z  OBSERVE  frontend->recommendationservice  rpr=1.3072  low=0 high=29  attempts=3  state=ON  metric=rpr
2026-10-07T23:57:30Z  OBSERVE  frontend->shippingservice  rpr=0.0000  low=72 high=0  attempts=3  state=ON  metric=rpr
2026-10-07T23:57:30Z  OBSERVE  checkoutservice->cartservice  rpr=0.0000  low=71 high=0  attempts=3  state=ON  metric=rpr
2026-10-07T23:57:30Z  OBSERVE  checkoutservice->currencyservice  rpr=0.0000  low=71 high=0  attempts=3  state=ON  metric=rpr
2026-10-07T23:57:30Z  OBSERVE  checkoutservice->emailservice  rpr=0.0000  low=70 high=0  attempts=3  state=ON  metric=rpr
2026-10-07T23:57:30Z  OBSERVE  checkoutservice->paymentservice  rpr=0.0000  low=71 high=0  attempts=3  state=ON  metric=rpr
2026-10-07T23:57:30Z  OBSERVE  checkoutservice->shippingservice  rpr=0.0000  low=71 high=0  attempts=3  state=ON  metric=rpr
2026-10-07T23:57:30Z  OBSERVE  recommendationservice->productcatalogservice  rpr=0.0000  low=72 high=0  attempts=3  state=ON  metric=rpr
2026-10-07T23:57:32Z  OBSERVE  frontend->adservice  rpr=0.0000  low=72 high=0  attempts=3  state=ON  metric=rpr
2026-10-07T23:57:32Z  OBSERVE  frontend->cartservice  rpr=0.0000  low=73 high=0  attempts=3  state=ON  metric=rpr
2026-10-07T23:57:32Z  OBSERVE  frontend->checkoutservice  rpr=0.0000  low=29 high=0  attempts=3  state=ON  metric=rpr
2026-10-07T23:57:32Z  OBSERVE  frontend->currencyservice  rpr=0.0000  low=73 high=0  attempts=3  state=ON  metric=rpr
2026-10-07T23:57:32Z  OBSERVE  frontend->productcatalogservice  rpr=0.0000  low=73 high=0  attempts=3  state=ON  metric=rpr
2026-10-07T23:57:32Z  OBSERVE  frontend->recommendationservice  rpr=1.2480  low=0 high=30  attempts=3  state=ON  metric=rpr
2026-10-07T23:57:32Z  OBSERVE  frontend->shippingservice  rpr=0.0000  low=73 high=0  attempts=3  state=ON  metric=rpr
2026-10-07T23:57:32Z  OBSERVE  checkoutservice->cartservice  rpr=0.0000  low=72 high=0  attempts=3  state=ON  metric=rpr
2026-10-07T23:57:32Z  OBSERVE  checkoutservice->currencyservice  rpr=0.0000  low=72 high=0  attempts=3  state=ON  metric=rpr
2026-10-07T23:57:32Z  OBSERVE  checkoutservice->emailservice  rpr=0.0000  low=71 high=0  attempts=3  state=ON  metric=rpr
2026-10-07T23:57:32Z  OBSERVE  checkoutservice->paymentservice  rpr=0.0000  low=72 high=0  attempts=3  state=ON  metric=rpr
2026-10-07T23:57:32Z  OBSERVE  checkoutservice->shippingservice  rpr=0.0000  low=72 high=0  attempts=3  state=ON  metric=rpr
2026-10-07T23:57:32Z  OBSERVE  recommendationservice->productcatalogservice  rpr=0.0000  low=73 high=0  attempts=3  state=ON  metric=rpr
2026-10-07T23:57:32Z  frontend->recommendationservice  ON→OFF   rpr=1.25  consecutive_high=30  attempts=0  from_attempts=3  metric=rpr
2026-10-07T23:57:34Z  OBSERVE  frontend->adservice  rpr=0.0000  low=73 high=0  attempts=3  state=ON  metric=rpr
2026-10-07T23:57:34Z  OBSERVE  frontend->cartservice  rpr=0.0000  low=74 high=0  attempts=3  state=ON  metric=rpr
2026-10-07T23:57:34Z  OBSERVE  frontend->checkoutservice  rpr=0.0000  low=30 high=0  attempts=3  state=ON  metric=rpr
2026-10-07T23:57:34Z  OBSERVE  frontend->currencyservice  rpr=0.0000  low=74 high=0  attempts=3  state=ON  metric=rpr
2026-10-07T23:57:34Z  OBSERVE  frontend->productcatalogservice  rpr=0.0000  low=74 high=0  attempts=3  state=ON  metric=rpr
2026-10-07T23:57:34Z  OBSERVE  frontend->shippingservice  rpr=0.0000  low=74 high=0  attempts=3  state=ON  metric=rpr
2026-10-07T23:57:34Z  OBSERVE  checkoutservice->cartservice  rpr=0.0000  low=73 high=0  attempts=3  state=ON  metric=rpr
2026-10-07T23:57:34Z  OBSERVE  checkoutservice->currencyservice  rpr=0.0000  low=73 high=0  attempts=3  state=ON  metric=rpr
2026-10-07T23:57:34Z  OBSERVE  checkoutservice->emailservice  rpr=0.0000  low=72 high=0  attempts=3  state=ON  metric=rpr
2026-10-07T23:57:34Z  OBSERVE  checkoutservice->paymentservice  rpr=0.0000  low=73 high=0  attempts=3  state=ON  metric=rpr
2026-10-07T23:57:34Z  OBSERVE  checkoutservice->shippingservice  rpr=0.0000  low=73 high=0  attempts=3  state=ON  metric=rpr
2026-10-07T23:57:34Z  OBSERVE  recommendationservice->productcatalogservice  rpr=0.0000  low=74 high=0  attempts=3  state=ON  metric=rpr
2026-10-07T23:57:34Z  OBSERVE  recommendationservice  rejection=0.7843  low=0 high=1  state=OFF  metric=rejection
2026-10-07T23:57:36Z  OBSERVE  frontend->adservice  rpr=0.0000  low=74 high=0  attempts=3  state=ON  metric=rpr
2026-10-07T23:57:36Z  OBSERVE  frontend->cartservice  rpr=0.0000  low=75 high=0  attempts=3  state=ON  metric=rpr
2026-10-07T23:57:36Z  OBSERVE  frontend->checkoutservice  rpr=0.0000  low=31 high=0  attempts=3  state=ON  metric=rpr
2026-10-07T23:57:36Z  OBSERVE  frontend->currencyservice  rpr=0.0000  low=75 high=0  attempts=3  state=ON  metric=rpr
2026-10-07T23:57:36Z  OBSERVE  frontend->productcatalogservice  rpr=0.0000  low=75 high=0  attempts=3  state=ON  metric=rpr
2026-10-07T23:57:36Z  OBSERVE  frontend->shippingservice  rpr=0.0000  low=75 high=0  attempts=3  state=ON  metric=rpr
2026-10-07T23:57:36Z  OBSERVE  checkoutservice->cartservice  rpr=0.0000  low=74 high=0  attempts=3  state=ON  metric=rpr
2026-10-07T23:57:36Z  OBSERVE  checkoutservice->currencyservice  rpr=0.0000  low=74 high=0  attempts=3  state=ON  metric=rpr
2026-10-07T23:57:36Z  OBSERVE  checkoutservice->emailservice  rpr=0.0000  low=73 high=0  attempts=3  state=ON  metric=rpr
2026-10-07T23:57:36Z  OBSERVE  checkoutservice->paymentservice  rpr=0.0000  low=74 high=0  attempts=3  state=ON  metric=rpr
2026-10-07T23:57:36Z  OBSERVE  checkoutservice->shippingservice  rpr=0.0000  low=74 high=0  attempts=3  state=ON  metric=rpr
2026-10-07T23:57:36Z  OBSERVE  recommendationservice->productcatalogservice  rpr=0.0000  low=75 high=0  attempts=3  state=ON  metric=rpr
2026-10-07T23:57:36Z  OBSERVE  recommendationservice  rejection=0.5838  low=0 high=2  state=OFF  metric=rejection
2026-10-07T23:57:38Z  OBSERVE  frontend->adservice  rpr=0.0000  low=75 high=0  attempts=3  state=ON  metric=rpr
2026-10-07T23:57:38Z  OBSERVE  frontend->cartservice  rpr=0.0000  low=76 high=0  attempts=3  state=ON  metric=rpr
2026-10-07T23:57:38Z  OBSERVE  frontend->checkoutservice  rpr=0.0000  low=32 high=0  attempts=3  state=ON  metric=rpr
2026-10-07T23:57:38Z  OBSERVE  frontend->currencyservice  rpr=0.0000  low=76 high=0  attempts=3  state=ON  metric=rpr
2026-10-07T23:57:38Z  OBSERVE  frontend->productcatalogservice  rpr=0.0000  low=76 high=0  attempts=3  state=ON  metric=rpr
2026-10-07T23:57:38Z  OBSERVE  frontend->shippingservice  rpr=0.0000  low=76 high=0  attempts=3  state=ON  metric=rpr
2026-10-07T23:57:38Z  OBSERVE  checkoutservice->cartservice  rpr=0.0000  low=75 high=0  attempts=3  state=ON  metric=rpr
2026-10-07T23:57:38Z  OBSERVE  checkoutservice->currencyservice  rpr=0.0000  low=75 high=0  attempts=3  state=ON  metric=rpr
2026-10-07T23:57:38Z  OBSERVE  checkoutservice->emailservice  rpr=0.0000  low=74 high=0  attempts=3  state=ON  metric=rpr
2026-10-07T23:57:38Z  OBSERVE  checkoutservice->paymentservice  rpr=0.0000  low=75 high=0  attempts=3  state=ON  metric=rpr
2026-10-07T23:57:38Z  OBSERVE  checkoutservice->shippingservice  rpr=0.0000  low=75 high=0  attempts=3  state=ON  metric=rpr
2026-10-07T23:57:38Z  OBSERVE  recommendationservice->productcatalogservice  rpr=0.0000  low=76 high=0  attempts=3  state=ON  metric=rpr
2026-10-07T23:57:38Z  OBSERVE  recommendationservice  rejection=0.3624  low=0 high=3  state=OFF  metric=rejection
2026-10-07T23:57:40Z  OBSERVE  frontend->adservice  rpr=0.0000  low=76 high=0  attempts=3  state=ON  metric=rpr
2026-10-07T23:57:40Z  OBSERVE  frontend->cartservice  rpr=0.0000  low=77 high=0  attempts=3  state=ON  metric=rpr
2026-10-07T23:57:40Z  OBSERVE  frontend->checkoutservice  rpr=0.0000  low=33 high=0  attempts=3  state=ON  metric=rpr
2026-10-07T23:57:40Z  OBSERVE  frontend->currencyservice  rpr=0.0000  low=77 high=0  attempts=3  state=ON  metric=rpr
2026-10-07T23:57:40Z  OBSERVE  frontend->productcatalogservice  rpr=0.0000  low=77 high=0  attempts=3  state=ON  metric=rpr
2026-10-07T23:57:40Z  OBSERVE  frontend->shippingservice  rpr=0.0000  low=77 high=0  attempts=3  state=ON  metric=rpr
2026-10-07T23:57:40Z  OBSERVE  checkoutservice->cartservice  rpr=0.0000  low=76 high=0  attempts=3  state=ON  metric=rpr
2026-10-07T23:57:40Z  OBSERVE  checkoutservice->currencyservice  rpr=0.0000  low=76 high=0  attempts=3  state=ON  metric=rpr
2026-10-07T23:57:40Z  OBSERVE  checkoutservice->emailservice  rpr=0.0000  low=75 high=0  attempts=3  state=ON  metric=rpr
2026-10-07T23:57:40Z  OBSERVE  checkoutservice->paymentservice  rpr=0.0000  low=76 high=0  attempts=3  state=ON  metric=rpr
2026-10-07T23:57:40Z  OBSERVE  checkoutservice->shippingservice  rpr=0.0000  low=76 high=0  attempts=3  state=ON  metric=rpr
2026-10-07T23:57:40Z  OBSERVE  recommendationservice->productcatalogservice  rpr=0.0000  low=77 high=0  attempts=3  state=ON  metric=rpr
2026-10-07T23:57:40Z  OBSERVE  recommendationservice  rejection=0.3791  low=0 high=4  state=OFF  metric=rejection
2026-10-07T23:57:42Z  OBSERVE  frontend->adservice  rpr=0.0000  low=77 high=0  attempts=3  state=ON  metric=rpr
2026-10-07T23:57:42Z  OBSERVE  frontend->cartservice  rpr=0.0000  low=78 high=0  attempts=3  state=ON  metric=rpr
2026-10-07T23:57:42Z  OBSERVE  frontend->checkoutservice  rpr=0.0000  low=34 high=0  attempts=3  state=ON  metric=rpr
2026-10-07T23:57:42Z  OBSERVE  frontend->currencyservice  rpr=0.0000  low=78 high=0  attempts=3  state=ON  metric=rpr
2026-10-07T23:57:42Z  OBSERVE  frontend->productcatalogservice  rpr=0.0000  low=78 high=0  attempts=3  state=ON  metric=rpr
2026-10-07T23:57:42Z  OBSERVE  frontend->shippingservice  rpr=0.0000  low=78 high=0  attempts=3  state=ON  metric=rpr
2026-10-07T23:57:42Z  OBSERVE  checkoutservice->cartservice  rpr=0.0000  low=77 high=0  attempts=3  state=ON  metric=rpr
2026-10-07T23:57:42Z  OBSERVE  checkoutservice->currencyservice  rpr=0.0000  low=77 high=0  attempts=3  state=ON  metric=rpr
2026-10-07T23:57:42Z  OBSERVE  checkoutservice->emailservice  rpr=0.0000  low=76 high=0  attempts=3  state=ON  metric=rpr
2026-10-07T23:57:42Z  OBSERVE  checkoutservice->paymentservice  rpr=0.0000  low=77 high=0  attempts=3  state=ON  metric=rpr
2026-10-07T23:57:42Z  OBSERVE  checkoutservice->shippingservice  rpr=0.0000  low=77 high=0  attempts=3  state=ON  metric=rpr
2026-10-07T23:57:42Z  OBSERVE  recommendationservice->productcatalogservice  rpr=0.0000  low=78 high=0  attempts=3  state=ON  metric=rpr
2026-10-07T23:57:42Z  OBSERVE  recommendationservice  rejection=0.3272  low=0 high=5  state=OFF  metric=rejection
2026-10-07T23:57:44Z  OBSERVE  frontend->adservice  rpr=0.0000  low=78 high=0  attempts=3  state=ON  metric=rpr
2026-10-07T23:57:44Z  OBSERVE  frontend->cartservice  rpr=0.0000  low=79 high=0  attempts=3  state=ON  metric=rpr
2026-10-07T23:57:44Z  OBSERVE  frontend->checkoutservice  rpr=0.0000  low=35 high=0  attempts=3  state=ON  metric=rpr
2026-10-07T23:57:44Z  OBSERVE  frontend->currencyservice  rpr=0.0000  low=79 high=0  attempts=3  state=ON  metric=rpr
2026-10-07T23:57:44Z  OBSERVE  frontend->productcatalogservice  rpr=0.0000  low=79 high=0  attempts=3  state=ON  metric=rpr
2026-10-07T23:57:44Z  OBSERVE  frontend->shippingservice  rpr=0.0000  low=79 high=0  attempts=3  state=ON  metric=rpr
2026-10-07T23:57:44Z  OBSERVE  checkoutservice->cartservice  rpr=0.0000  low=78 high=0  attempts=3  state=ON  metric=rpr
2026-10-07T23:57:44Z  OBSERVE  checkoutservice->currencyservice  rpr=0.0000  low=78 high=0  attempts=3  state=ON  metric=rpr
2026-10-07T23:57:44Z  OBSERVE  checkoutservice->emailservice  rpr=0.0000  low=77 high=0  attempts=3  state=ON  metric=rpr
2026-10-07T23:57:44Z  OBSERVE  checkoutservice->paymentservice  rpr=0.0000  low=78 high=0  attempts=3  state=ON  metric=rpr
2026-10-07T23:57:44Z  OBSERVE  checkoutservice->shippingservice  rpr=0.0000  low=78 high=0  attempts=3  state=ON  metric=rpr
2026-10-07T23:57:44Z  OBSERVE  recommendationservice->productcatalogservice  rpr=0.0000  low=79 high=0  attempts=3  state=ON  metric=rpr
2026-10-07T23:57:44Z  OBSERVE  recommendationservice  rejection=0.2993  low=0 high=6  state=OFF  metric=rejection
2026-10-07T23:57:46Z  OBSERVE  frontend->adservice  rpr=0.0000  low=79 high=0  attempts=3  state=ON  metric=rpr
2026-10-07T23:57:46Z  OBSERVE  frontend->cartservice  rpr=0.0000  low=80 high=0  attempts=3  state=ON  metric=rpr
2026-10-07T23:57:46Z  OBSERVE  frontend->checkoutservice  rpr=0.0000  low=36 high=0  attempts=3  state=ON  metric=rpr
2026-10-07T23:57:46Z  OBSERVE  frontend->currencyservice  rpr=0.0000  low=80 high=0  attempts=3  state=ON  metric=rpr
2026-10-07T23:57:46Z  OBSERVE  frontend->productcatalogservice  rpr=0.0000  low=80 high=0  attempts=3  state=ON  metric=rpr
2026-10-07T23:57:46Z  OBSERVE  frontend->shippingservice  rpr=0.0000  low=80 high=0  attempts=3  state=ON  metric=rpr
2026-10-07T23:57:46Z  OBSERVE  checkoutservice->cartservice  rpr=0.0000  low=79 high=0  attempts=3  state=ON  metric=rpr
2026-10-07T23:57:46Z  OBSERVE  checkoutservice->currencyservice  rpr=0.0000  low=79 high=0  attempts=3  state=ON  metric=rpr
2026-10-07T23:57:46Z  OBSERVE  checkoutservice->emailservice  rpr=0.0000  low=78 high=0  attempts=3  state=ON  metric=rpr
2026-10-07T23:57:46Z  OBSERVE  checkoutservice->paymentservice  rpr=0.0000  low=79 high=0  attempts=3  state=ON  metric=rpr
2026-10-07T23:57:46Z  OBSERVE  checkoutservice->shippingservice  rpr=0.0000  low=79 high=0  attempts=3  state=ON  metric=rpr
2026-10-07T23:57:46Z  OBSERVE  recommendationservice->productcatalogservice  rpr=0.0000  low=80 high=0  attempts=3  state=ON  metric=rpr
2026-10-07T23:57:46Z  OBSERVE  recommendationservice  rejection=0.4002  low=0 high=7  state=OFF  metric=rejection
2026-10-07T23:57:48Z  OBSERVE  frontend->adservice  rpr=0.0000  low=80 high=0  attempts=3  state=ON  metric=rpr
2026-10-07T23:57:48Z  OBSERVE  frontend->cartservice  rpr=0.0000  low=81 high=0  attempts=3  state=ON  metric=rpr
2026-10-07T23:57:48Z  OBSERVE  frontend->checkoutservice  rpr=0.0000  low=37 high=0  attempts=3  state=ON  metric=rpr
2026-10-07T23:57:48Z  OBSERVE  frontend->currencyservice  rpr=0.0000  low=81 high=0  attempts=3  state=ON  metric=rpr
2026-10-07T23:57:48Z  OBSERVE  frontend->productcatalogservice  rpr=0.0000  low=81 high=0  attempts=3  state=ON  metric=rpr
2026-10-07T23:57:48Z  OBSERVE  frontend->shippingservice  rpr=0.0000  low=81 high=0  attempts=3  state=ON  metric=rpr
2026-10-07T23:57:48Z  OBSERVE  checkoutservice->cartservice  rpr=0.0000  low=80 high=0  attempts=3  state=ON  metric=rpr
2026-10-07T23:57:48Z  OBSERVE  checkoutservice->currencyservice  rpr=0.0000  low=80 high=0  attempts=3  state=ON  metric=rpr
2026-10-07T23:57:48Z  OBSERVE  checkoutservice->emailservice  rpr=0.0000  low=79 high=0  attempts=3  state=ON  metric=rpr
2026-10-07T23:57:48Z  OBSERVE  checkoutservice->paymentservice  rpr=0.0000  low=80 high=0  attempts=3  state=ON  metric=rpr
2026-10-07T23:57:48Z  OBSERVE  checkoutservice->shippingservice  rpr=0.0000  low=80 high=0  attempts=3  state=ON  metric=rpr
2026-10-07T23:57:48Z  OBSERVE  recommendationservice->productcatalogservice  rpr=0.0000  low=81 high=0  attempts=3  state=ON  metric=rpr
2026-10-07T23:57:48Z  OBSERVE  recommendationservice  rejection=0.2969  low=0 high=8  state=OFF  metric=rejection
2026-10-07T23:57:50Z  OBSERVE  frontend->adservice  rpr=0.0000  low=81 high=0  attempts=3  state=ON  metric=rpr
2026-10-07T23:57:50Z  OBSERVE  frontend->cartservice  rpr=0.0000  low=82 high=0  attempts=3  state=ON  metric=rpr
2026-10-07T23:57:50Z  OBSERVE  frontend->checkoutservice  rpr=0.0000  low=38 high=0  attempts=3  state=ON  metric=rpr
2026-10-07T23:57:50Z  OBSERVE  frontend->currencyservice  rpr=0.0000  low=82 high=0  attempts=3  state=ON  metric=rpr
2026-10-07T23:57:50Z  OBSERVE  frontend->productcatalogservice  rpr=0.0000  low=82 high=0  attempts=3  state=ON  metric=rpr
2026-10-07T23:57:50Z  OBSERVE  frontend->shippingservice  rpr=0.0000  low=82 high=0  attempts=3  state=ON  metric=rpr
2026-10-07T23:57:50Z  OBSERVE  checkoutservice->cartservice  rpr=0.0000  low=81 high=0  attempts=3  state=ON  metric=rpr
2026-10-07T23:57:50Z  OBSERVE  checkoutservice->currencyservice  rpr=0.0000  low=81 high=0  attempts=3  state=ON  metric=rpr
2026-10-07T23:57:50Z  OBSERVE  checkoutservice->emailservice  rpr=0.0000  low=80 high=0  attempts=3  state=ON  metric=rpr
2026-10-07T23:57:50Z  OBSERVE  checkoutservice->paymentservice  rpr=0.0000  low=81 high=0  attempts=3  state=ON  metric=rpr
2026-10-07T23:57:50Z  OBSERVE  checkoutservice->shippingservice  rpr=0.0000  low=81 high=0  attempts=3  state=ON  metric=rpr
2026-10-07T23:57:50Z  OBSERVE  recommendationservice->productcatalogservice  rpr=0.0000  low=82 high=0  attempts=3  state=ON  metric=rpr
2026-10-07T23:57:50Z  OBSERVE  recommendationservice  rejection=0.2942  low=0 high=9  state=OFF  metric=rejection
2026-10-07T23:57:52Z  OBSERVE  frontend->adservice  rpr=0.0000  low=82 high=0  attempts=3  state=ON  metric=rpr
2026-10-07T23:57:52Z  OBSERVE  frontend->cartservice  rpr=0.0000  low=83 high=0  attempts=3  state=ON  metric=rpr
2026-10-07T23:57:52Z  OBSERVE  frontend->checkoutservice  rpr=0.0000  low=39 high=0  attempts=3  state=ON  metric=rpr
2026-10-07T23:57:52Z  OBSERVE  frontend->currencyservice  rpr=0.0000  low=83 high=0  attempts=3  state=ON  metric=rpr
2026-10-07T23:57:52Z  OBSERVE  frontend->productcatalogservice  rpr=0.0000  low=83 high=0  attempts=3  state=ON  metric=rpr
2026-10-07T23:57:52Z  OBSERVE  frontend->shippingservice  rpr=0.0000  low=83 high=0  attempts=3  state=ON  metric=rpr
2026-10-07T23:57:52Z  OBSERVE  checkoutservice->cartservice  rpr=0.0000  low=82 high=0  attempts=3  state=ON  metric=rpr
2026-10-07T23:57:52Z  OBSERVE  checkoutservice->currencyservice  rpr=0.0000  low=82 high=0  attempts=3  state=ON  metric=rpr
2026-10-07T23:57:52Z  OBSERVE  checkoutservice->emailservice  rpr=0.0000  low=81 high=0  attempts=3  state=ON  metric=rpr
2026-10-07T23:57:52Z  OBSERVE  checkoutservice->paymentservice  rpr=0.0000  low=82 high=0  attempts=3  state=ON  metric=rpr
2026-10-07T23:57:52Z  OBSERVE  checkoutservice->shippingservice  rpr=0.0000  low=82 high=0  attempts=3  state=ON  metric=rpr
2026-10-07T23:57:52Z  OBSERVE  recommendationservice->productcatalogservice  rpr=0.0000  low=83 high=0  attempts=3  state=ON  metric=rpr
2026-10-07T23:57:52Z  OBSERVE  recommendationservice  rejection=0.3653  low=0 high=10  state=OFF  metric=rejection
2026-10-07T23:57:54Z  OBSERVE  frontend->adservice  rpr=0.0000  low=83 high=0  attempts=3  state=ON  metric=rpr
2026-10-07T23:57:54Z  OBSERVE  frontend->cartservice  rpr=0.0000  low=84 high=0  attempts=3  state=ON  metric=rpr
2026-10-07T23:57:54Z  OBSERVE  frontend->checkoutservice  rpr=0.0000  low=40 high=0  attempts=3  state=ON  metric=rpr
2026-10-07T23:57:54Z  OBSERVE  frontend->currencyservice  rpr=0.0000  low=84 high=0  attempts=3  state=ON  metric=rpr
2026-10-07T23:57:54Z  OBSERVE  frontend->productcatalogservice  rpr=0.0000  low=84 high=0  attempts=3  state=ON  metric=rpr
2026-10-07T23:57:54Z  OBSERVE  frontend->shippingservice  rpr=0.0000  low=84 high=0  attempts=3  state=ON  metric=rpr
2026-10-07T23:57:54Z  OBSERVE  checkoutservice->cartservice  rpr=0.0000  low=83 high=0  attempts=3  state=ON  metric=rpr
2026-10-07T23:57:54Z  OBSERVE  checkoutservice->currencyservice  rpr=0.0000  low=83 high=0  attempts=3  state=ON  metric=rpr
2026-10-07T23:57:54Z  OBSERVE  checkoutservice->emailservice  rpr=0.0000  low=82 high=0  attempts=3  state=ON  metric=rpr
2026-10-07T23:57:54Z  OBSERVE  checkoutservice->paymentservice  rpr=0.0000  low=83 high=0  attempts=3  state=ON  metric=rpr
2026-10-07T23:57:54Z  OBSERVE  checkoutservice->shippingservice  rpr=0.0000  low=83 high=0  attempts=3  state=ON  metric=rpr
2026-10-07T23:57:54Z  OBSERVE  recommendationservice->productcatalogservice  rpr=0.0000  low=84 high=0  attempts=3  state=ON  metric=rpr
2026-10-07T23:57:54Z  OBSERVE  recommendationservice  rejection=0.3914  low=0 high=11  state=OFF  metric=rejection
2026-10-07T23:57:56Z  OBSERVE  frontend->adservice  rpr=0.0000  low=84 high=0  attempts=3  state=ON  metric=rpr
2026-10-07T23:57:56Z  OBSERVE  frontend->cartservice  rpr=0.0000  low=85 high=0  attempts=3  state=ON  metric=rpr
2026-10-07T23:57:56Z  OBSERVE  frontend->checkoutservice  rpr=0.0000  low=41 high=0  attempts=3  state=ON  metric=rpr
2026-10-07T23:57:56Z  OBSERVE  frontend->currencyservice  rpr=0.0000  low=85 high=0  attempts=3  state=ON  metric=rpr
2026-10-07T23:57:56Z  OBSERVE  frontend->productcatalogservice  rpr=0.0000  low=85 high=0  attempts=3  state=ON  metric=rpr
2026-10-07T23:57:56Z  OBSERVE  frontend->shippingservice  rpr=0.0000  low=85 high=0  attempts=3  state=ON  metric=rpr
2026-10-07T23:57:56Z  OBSERVE  checkoutservice->cartservice  rpr=0.0000  low=84 high=0  attempts=3  state=ON  metric=rpr
2026-10-07T23:57:56Z  OBSERVE  checkoutservice->currencyservice  rpr=0.0000  low=84 high=0  attempts=3  state=ON  metric=rpr
2026-10-07T23:57:56Z  OBSERVE  checkoutservice->emailservice  rpr=0.0000  low=83 high=0  attempts=3  state=ON  metric=rpr
2026-10-07T23:57:56Z  OBSERVE  checkoutservice->paymentservice  rpr=0.0000  low=84 high=0  attempts=3  state=ON  metric=rpr
2026-10-07T23:57:56Z  OBSERVE  checkoutservice->shippingservice  rpr=0.0000  low=84 high=0  attempts=3  state=ON  metric=rpr
2026-10-07T23:57:56Z  OBSERVE  recommendationservice->productcatalogservice  rpr=0.0000  low=85 high=0  attempts=3  state=ON  metric=rpr
2026-10-07T23:57:56Z  OBSERVE  recommendationservice  rejection=0.2806  low=0 high=12  state=OFF  metric=rejection
2026-10-07T23:57:58Z  OBSERVE  frontend->adservice  rpr=0.0000  low=85 high=0  attempts=3  state=ON  metric=rpr
2026-10-07T23:57:58Z  OBSERVE  frontend->cartservice  rpr=0.0000  low=86 high=0  attempts=3  state=ON  metric=rpr
2026-10-07T23:57:58Z  OBSERVE  frontend->checkoutservice  rpr=0.0000  low=42 high=0  attempts=3  state=ON  metric=rpr
2026-10-07T23:57:58Z  OBSERVE  frontend->currencyservice  rpr=0.0000  low=86 high=0  attempts=3  state=ON  metric=rpr
2026-10-07T23:57:58Z  OBSERVE  frontend->productcatalogservice  rpr=0.0000  low=86 high=0  attempts=3  state=ON  metric=rpr
2026-10-07T23:57:58Z  OBSERVE  frontend->shippingservice  rpr=0.0000  low=86 high=0  attempts=3  state=ON  metric=rpr
2026-10-07T23:57:58Z  OBSERVE  checkoutservice->cartservice  rpr=0.0000  low=85 high=0  attempts=3  state=ON  metric=rpr
2026-10-07T23:57:58Z  OBSERVE  checkoutservice->currencyservice  rpr=0.0000  low=85 high=0  attempts=3  state=ON  metric=rpr
2026-10-07T23:57:58Z  OBSERVE  checkoutservice->emailservice  rpr=0.0000  low=84 high=0  attempts=3  state=ON  metric=rpr
2026-10-07T23:57:58Z  OBSERVE  checkoutservice->paymentservice  rpr=0.0000  low=85 high=0  attempts=3  state=ON  metric=rpr
2026-10-07T23:57:58Z  OBSERVE  checkoutservice->shippingservice  rpr=0.0000  low=85 high=0  attempts=3  state=ON  metric=rpr
2026-10-07T23:57:58Z  OBSERVE  recommendationservice->productcatalogservice  rpr=0.0000  low=86 high=0  attempts=3  state=ON  metric=rpr
2026-10-07T23:57:58Z  OBSERVE  recommendationservice  rejection=0.3153  low=0 high=13  state=OFF  metric=rejection
2026-10-07T23:58:00Z  OBSERVE  frontend->adservice  rpr=0.0000  low=86 high=0  attempts=3  state=ON  metric=rpr
2026-10-07T23:58:00Z  OBSERVE  frontend->cartservice  rpr=0.0000  low=87 high=0  attempts=3  state=ON  metric=rpr
2026-10-07T23:58:00Z  OBSERVE  frontend->checkoutservice  rpr=0.0000  low=43 high=0  attempts=3  state=ON  metric=rpr
2026-10-07T23:58:00Z  OBSERVE  frontend->currencyservice  rpr=0.0000  low=87 high=0  attempts=3  state=ON  metric=rpr
2026-10-07T23:58:00Z  OBSERVE  frontend->productcatalogservice  rpr=0.0000  low=87 high=0  attempts=3  state=ON  metric=rpr
2026-10-07T23:58:00Z  OBSERVE  frontend->shippingservice  rpr=0.0000  low=87 high=0  attempts=3  state=ON  metric=rpr
2026-10-07T23:58:00Z  OBSERVE  checkoutservice->cartservice  rpr=0.0000  low=86 high=0  attempts=3  state=ON  metric=rpr
2026-10-07T23:58:00Z  OBSERVE  checkoutservice->currencyservice  rpr=0.0000  low=86 high=0  attempts=3  state=ON  metric=rpr
2026-10-07T23:58:00Z  OBSERVE  checkoutservice->emailservice  rpr=0.0000  low=85 high=0  attempts=3  state=ON  metric=rpr
2026-10-07T23:58:00Z  OBSERVE  checkoutservice->paymentservice  rpr=0.0000  low=86 high=0  attempts=3  state=ON  metric=rpr
2026-10-07T23:58:00Z  OBSERVE  checkoutservice->shippingservice  rpr=0.0000  low=86 high=0  attempts=3  state=ON  metric=rpr
2026-10-07T23:58:00Z  OBSERVE  recommendationservice->productcatalogservice  rpr=0.0000  low=87 high=0  attempts=3  state=ON  metric=rpr
2026-10-07T23:58:00Z  OBSERVE  recommendationservice  rejection=0.2236  low=0 high=14  state=OFF  metric=rejection
2026-10-07T23:58:02Z  OBSERVE  frontend->adservice  rpr=0.0000  low=87 high=0  attempts=3  state=ON  metric=rpr
2026-10-07T23:58:02Z  OBSERVE  frontend->cartservice  rpr=0.0000  low=88 high=0  attempts=3  state=ON  metric=rpr
2026-10-07T23:58:02Z  OBSERVE  frontend->checkoutservice  rpr=0.0000  low=44 high=0  attempts=3  state=ON  metric=rpr
2026-10-07T23:58:02Z  OBSERVE  frontend->currencyservice  rpr=0.0000  low=88 high=0  attempts=3  state=ON  metric=rpr
2026-10-07T23:58:02Z  OBSERVE  frontend->productcatalogservice  rpr=0.0000  low=88 high=0  attempts=3  state=ON  metric=rpr
2026-10-07T23:58:02Z  OBSERVE  frontend->shippingservice  rpr=0.0000  low=88 high=0  attempts=3  state=ON  metric=rpr
2026-10-07T23:58:02Z  OBSERVE  checkoutservice->cartservice  rpr=0.0000  low=87 high=0  attempts=3  state=ON  metric=rpr
2026-10-07T23:58:02Z  OBSERVE  checkoutservice->currencyservice  rpr=0.0000  low=87 high=0  attempts=3  state=ON  metric=rpr
2026-10-07T23:58:02Z  OBSERVE  checkoutservice->emailservice  rpr=0.0000  low=86 high=0  attempts=3  state=ON  metric=rpr
2026-10-07T23:58:02Z  OBSERVE  checkoutservice->paymentservice  rpr=0.0000  low=87 high=0  attempts=3  state=ON  metric=rpr
2026-10-07T23:58:02Z  OBSERVE  checkoutservice->shippingservice  rpr=0.0000  low=87 high=0  attempts=3  state=ON  metric=rpr
2026-10-07T23:58:02Z  OBSERVE  recommendationservice->productcatalogservice  rpr=0.0000  low=88 high=0  attempts=3  state=ON  metric=rpr
2026-10-07T23:58:02Z  OBSERVE  recommendationservice  rejection=0.3435  low=0 high=15  state=OFF  metric=rejection
2026-10-07T23:58:04Z  OBSERVE  frontend->adservice  rpr=0.0000  low=88 high=0  attempts=3  state=ON  metric=rpr
2026-10-07T23:58:04Z  OBSERVE  frontend->cartservice  rpr=0.0000  low=89 high=0  attempts=3  state=ON  metric=rpr
2026-10-07T23:58:04Z  OBSERVE  frontend->checkoutservice  rpr=0.0000  low=45 high=0  attempts=3  state=ON  metric=rpr
2026-10-07T23:58:04Z  OBSERVE  frontend->currencyservice  rpr=0.0000  low=89 high=0  attempts=3  state=ON  metric=rpr
2026-10-07T23:58:04Z  OBSERVE  frontend->productcatalogservice  rpr=0.0000  low=89 high=0  attempts=3  state=ON  metric=rpr
2026-10-07T23:58:04Z  OBSERVE  frontend->shippingservice  rpr=0.0000  low=89 high=0  attempts=3  state=ON  metric=rpr
2026-10-07T23:58:04Z  OBSERVE  checkoutservice->cartservice  rpr=0.0000  low=88 high=0  attempts=3  state=ON  metric=rpr
2026-10-07T23:58:04Z  OBSERVE  checkoutservice->currencyservice  rpr=0.0000  low=88 high=0  attempts=3  state=ON  metric=rpr
2026-10-07T23:58:04Z  OBSERVE  checkoutservice->emailservice  rpr=0.0000  low=87 high=0  attempts=3  state=ON  metric=rpr
2026-10-07T23:58:04Z  OBSERVE  checkoutservice->paymentservice  rpr=0.0000  low=88 high=0  attempts=3  state=ON  metric=rpr
2026-10-07T23:58:04Z  OBSERVE  checkoutservice->shippingservice  rpr=0.0000  low=88 high=0  attempts=3  state=ON  metric=rpr
2026-10-07T23:58:04Z  OBSERVE  recommendationservice->productcatalogservice  rpr=0.0000  low=89 high=0  attempts=3  state=ON  metric=rpr
2026-10-07T23:58:04Z  OBSERVE  recommendationservice  rejection=0.2402  low=0 high=16  state=OFF  metric=rejection
2026-10-07T23:58:06Z  OBSERVE  frontend->adservice  rpr=0.0000  low=89 high=0  attempts=3  state=ON  metric=rpr
2026-10-07T23:58:06Z  OBSERVE  frontend->cartservice  rpr=0.0000  low=90 high=0  attempts=3  state=ON  metric=rpr
2026-10-07T23:58:06Z  OBSERVE  frontend->checkoutservice  rpr=0.0000  low=46 high=0  attempts=3  state=ON  metric=rpr
2026-10-07T23:58:06Z  OBSERVE  frontend->currencyservice  rpr=0.0000  low=90 high=0  attempts=3  state=ON  metric=rpr
2026-10-07T23:58:06Z  OBSERVE  frontend->productcatalogservice  rpr=0.0000  low=90 high=0  attempts=3  state=ON  metric=rpr
2026-10-07T23:58:06Z  OBSERVE  frontend->shippingservice  rpr=0.0000  low=90 high=0  attempts=3  state=ON  metric=rpr
2026-10-07T23:58:06Z  OBSERVE  checkoutservice->cartservice  rpr=0.0000  low=89 high=0  attempts=3  state=ON  metric=rpr
2026-10-07T23:58:06Z  OBSERVE  checkoutservice->currencyservice  rpr=0.0000  low=89 high=0  attempts=3  state=ON  metric=rpr
2026-10-07T23:58:06Z  OBSERVE  checkoutservice->emailservice  rpr=0.0000  low=88 high=0  attempts=3  state=ON  metric=rpr
2026-10-07T23:58:06Z  OBSERVE  checkoutservice->paymentservice  rpr=0.0000  low=89 high=0  attempts=3  state=ON  metric=rpr
2026-10-07T23:58:06Z  OBSERVE  checkoutservice->shippingservice  rpr=0.0000  low=89 high=0  attempts=3  state=ON  metric=rpr
2026-10-07T23:58:06Z  OBSERVE  recommendationservice->productcatalogservice  rpr=0.0000  low=90 high=0  attempts=3  state=ON  metric=rpr
2026-10-07T23:58:06Z  OBSERVE  recommendationservice  rejection=0.2788  low=0 high=17  state=OFF  metric=rejection
2026-10-07T23:58:08Z  OBSERVE  frontend->adservice  rpr=0.0000  low=90 high=0  attempts=3  state=ON  metric=rpr
2026-10-07T23:58:08Z  OBSERVE  frontend->cartservice  rpr=0.0000  low=91 high=0  attempts=3  state=ON  metric=rpr
2026-10-07T23:58:08Z  OBSERVE  frontend->checkoutservice  rpr=0.0074  low=47 high=0  attempts=3  state=ON  metric=rpr
2026-10-07T23:58:08Z  OBSERVE  frontend->currencyservice  rpr=0.0000  low=91 high=0  attempts=3  state=ON  metric=rpr
2026-10-07T23:58:08Z  OBSERVE  frontend->productcatalogservice  rpr=0.0000  low=91 high=0  attempts=3  state=ON  metric=rpr
2026-10-07T23:58:08Z  OBSERVE  frontend->shippingservice  rpr=0.0000  low=91 high=0  attempts=3  state=ON  metric=rpr
2026-10-07T23:58:08Z  OBSERVE  checkoutservice->cartservice  rpr=0.0000  low=90 high=0  attempts=3  state=ON  metric=rpr
2026-10-07T23:58:08Z  OBSERVE  checkoutservice->currencyservice  rpr=0.0000  low=90 high=0  attempts=3  state=ON  metric=rpr
2026-10-07T23:58:08Z  OBSERVE  checkoutservice->emailservice  rpr=0.0000  low=89 high=0  attempts=3  state=ON  metric=rpr
2026-10-07T23:58:08Z  OBSERVE  checkoutservice->paymentservice  rpr=0.0000  low=90 high=0  attempts=3  state=ON  metric=rpr
2026-10-07T23:58:08Z  OBSERVE  checkoutservice->shippingservice  rpr=0.0000  low=90 high=0  attempts=3  state=ON  metric=rpr
2026-10-07T23:58:08Z  OBSERVE  recommendationservice->productcatalogservice  rpr=0.0000  low=91 high=0  attempts=3  state=ON  metric=rpr
2026-10-07T23:58:08Z  OBSERVE  recommendationservice  rejection=0.2856  low=0 high=18  state=OFF  metric=rejection
2026-10-07T23:58:10Z  OBSERVE  frontend->adservice  rpr=0.0000  low=91 high=0  attempts=3  state=ON  metric=rpr
2026-10-07T23:58:10Z  OBSERVE  frontend->cartservice  rpr=0.0000  low=92 high=0  attempts=3  state=ON  metric=rpr
2026-10-07T23:58:10Z  OBSERVE  frontend->checkoutservice  rpr=0.0000  low=48 high=0  attempts=3  state=ON  metric=rpr
2026-10-07T23:58:10Z  OBSERVE  frontend->currencyservice  rpr=0.0000  low=92 high=0  attempts=3  state=ON  metric=rpr
2026-10-07T23:58:10Z  OBSERVE  frontend->productcatalogservice  rpr=0.0000  low=92 high=0  attempts=3  state=ON  metric=rpr
2026-10-07T23:58:10Z  OBSERVE  frontend->shippingservice  rpr=0.0000  low=92 high=0  attempts=3  state=ON  metric=rpr
2026-10-07T23:58:10Z  OBSERVE  checkoutservice->cartservice  rpr=0.0000  low=91 high=0  attempts=3  state=ON  metric=rpr
2026-10-07T23:58:10Z  OBSERVE  checkoutservice->currencyservice  rpr=0.0000  low=91 high=0  attempts=3  state=ON  metric=rpr
2026-10-07T23:58:10Z  OBSERVE  checkoutservice->emailservice  rpr=0.0000  low=90 high=0  attempts=3  state=ON  metric=rpr
2026-10-07T23:58:10Z  OBSERVE  checkoutservice->paymentservice  rpr=0.0000  low=91 high=0  attempts=3  state=ON  metric=rpr
2026-10-07T23:58:10Z  OBSERVE  checkoutservice->shippingservice  rpr=0.0000  low=91 high=0  attempts=3  state=ON  metric=rpr
2026-10-07T23:58:10Z  OBSERVE  recommendationservice->productcatalogservice  rpr=0.0000  low=92 high=0  attempts=3  state=ON  metric=rpr
2026-10-07T23:58:10Z  OBSERVE  recommendationservice  rejection=0.3242  low=0 high=19  state=OFF  metric=rejection
2026-10-07T23:58:12Z  OBSERVE  frontend->adservice  rpr=0.0000  low=92 high=0  attempts=3  state=ON  metric=rpr
2026-10-07T23:58:12Z  OBSERVE  frontend->cartservice  rpr=0.0000  low=93 high=0  attempts=3  state=ON  metric=rpr
2026-10-07T23:58:12Z  OBSERVE  frontend->checkoutservice  rpr=0.0000  low=49 high=0  attempts=3  state=ON  metric=rpr
2026-10-07T23:58:12Z  OBSERVE  frontend->currencyservice  rpr=0.0000  low=93 high=0  attempts=3  state=ON  metric=rpr
2026-10-07T23:58:12Z  OBSERVE  frontend->productcatalogservice  rpr=0.0000  low=93 high=0  attempts=3  state=ON  metric=rpr
2026-10-07T23:58:12Z  OBSERVE  frontend->shippingservice  rpr=0.0000  low=93 high=0  attempts=3  state=ON  metric=rpr
2026-10-07T23:58:12Z  OBSERVE  checkoutservice->cartservice  rpr=0.0000  low=92 high=0  attempts=3  state=ON  metric=rpr
2026-10-07T23:58:12Z  OBSERVE  checkoutservice->currencyservice  rpr=0.0000  low=92 high=0  attempts=3  state=ON  metric=rpr
2026-10-07T23:58:12Z  OBSERVE  checkoutservice->emailservice  rpr=0.0000  low=91 high=0  attempts=3  state=ON  metric=rpr
2026-10-07T23:58:12Z  OBSERVE  checkoutservice->paymentservice  rpr=0.0000  low=92 high=0  attempts=3  state=ON  metric=rpr
2026-10-07T23:58:12Z  OBSERVE  checkoutservice->shippingservice  rpr=0.0000  low=92 high=0  attempts=3  state=ON  metric=rpr
2026-10-07T23:58:12Z  OBSERVE  recommendationservice->productcatalogservice  rpr=0.0000  low=93 high=0  attempts=3  state=ON  metric=rpr
2026-10-07T23:58:12Z  OBSERVE  recommendationservice  rejection=0.3932  low=0 high=20  state=OFF  metric=rejection
2026-10-07T23:58:14Z  OBSERVE  frontend->adservice  rpr=0.0000  low=93 high=0  attempts=3  state=ON  metric=rpr
2026-10-07T23:58:14Z  OBSERVE  frontend->cartservice  rpr=0.0000  low=94 high=0  attempts=3  state=ON  metric=rpr
2026-10-07T23:58:14Z  OBSERVE  frontend->checkoutservice  rpr=0.0000  low=50 high=0  attempts=3  state=ON  metric=rpr
2026-10-07T23:58:14Z  OBSERVE  frontend->currencyservice  rpr=0.0000  low=94 high=0  attempts=3  state=ON  metric=rpr
2026-10-07T23:58:14Z  OBSERVE  frontend->productcatalogservice  rpr=0.0000  low=94 high=0  attempts=3  state=ON  metric=rpr
2026-10-07T23:58:14Z  OBSERVE  frontend->shippingservice  rpr=0.0000  low=94 high=0  attempts=3  state=ON  metric=rpr
2026-10-07T23:58:14Z  OBSERVE  checkoutservice->cartservice  rpr=0.0000  low=93 high=0  attempts=3  state=ON  metric=rpr
2026-10-07T23:58:14Z  OBSERVE  checkoutservice->currencyservice  rpr=0.0000  low=93 high=0  attempts=3  state=ON  metric=rpr
2026-10-07T23:58:14Z  OBSERVE  checkoutservice->emailservice  rpr=0.0000  low=92 high=0  attempts=3  state=ON  metric=rpr
2026-10-07T23:58:14Z  OBSERVE  checkoutservice->paymentservice  rpr=0.0000  low=93 high=0  attempts=3  state=ON  metric=rpr
2026-10-07T23:58:14Z  OBSERVE  checkoutservice->shippingservice  rpr=0.0000  low=93 high=0  attempts=3  state=ON  metric=rpr
2026-10-07T23:58:14Z  OBSERVE  recommendationservice->productcatalogservice  rpr=0.0000  low=94 high=0  attempts=3  state=ON  metric=rpr
2026-10-07T23:58:14Z  OBSERVE  recommendationservice  rejection=0.3640  low=0 high=21  state=OFF  metric=rejection
2026-10-07T23:58:16Z  OBSERVE  frontend->adservice  rpr=0.0000  low=94 high=0  attempts=3  state=ON  metric=rpr
2026-10-07T23:58:16Z  OBSERVE  frontend->cartservice  rpr=0.0000  low=95 high=0  attempts=3  state=ON  metric=rpr
2026-10-07T23:58:16Z  OBSERVE  frontend->checkoutservice  rpr=0.0000  low=51 high=0  attempts=3  state=ON  metric=rpr
2026-10-07T23:58:16Z  OBSERVE  frontend->currencyservice  rpr=0.0000  low=95 high=0  attempts=3  state=ON  metric=rpr
2026-10-07T23:58:16Z  OBSERVE  frontend->productcatalogservice  rpr=0.0000  low=95 high=0  attempts=3  state=ON  metric=rpr
2026-10-07T23:58:16Z  OBSERVE  frontend->shippingservice  rpr=0.0000  low=95 high=0  attempts=3  state=ON  metric=rpr
2026-10-07T23:58:16Z  OBSERVE  checkoutservice->cartservice  rpr=0.0000  low=94 high=0  attempts=3  state=ON  metric=rpr
2026-10-07T23:58:16Z  OBSERVE  checkoutservice->currencyservice  rpr=0.0000  low=94 high=0  attempts=3  state=ON  metric=rpr
2026-10-07T23:58:16Z  OBSERVE  checkoutservice->emailservice  rpr=0.0000  low=93 high=0  attempts=3  state=ON  metric=rpr
2026-10-07T23:58:16Z  OBSERVE  checkoutservice->paymentservice  rpr=0.0000  low=94 high=0  attempts=3  state=ON  metric=rpr
2026-10-07T23:58:16Z  OBSERVE  checkoutservice->shippingservice  rpr=0.0000  low=94 high=0  attempts=3  state=ON  metric=rpr
2026-10-07T23:58:16Z  OBSERVE  recommendationservice->productcatalogservice  rpr=0.0000  low=95 high=0  attempts=3  state=ON  metric=rpr
2026-10-07T23:58:16Z  OBSERVE  recommendationservice  rejection=0.3403  low=0 high=22  state=OFF  metric=rejection
2026-10-07T23:58:18Z  OBSERVE  frontend->adservice  rpr=0.0000  low=95 high=0  attempts=3  state=ON  metric=rpr
2026-10-07T23:58:18Z  OBSERVE  frontend->cartservice  rpr=0.0000  low=96 high=0  attempts=3  state=ON  metric=rpr
2026-10-07T23:58:18Z  OBSERVE  frontend->checkoutservice  rpr=0.0000  low=52 high=0  attempts=3  state=ON  metric=rpr
2026-10-07T23:58:18Z  OBSERVE  frontend->currencyservice  rpr=0.0000  low=96 high=0  attempts=3  state=ON  metric=rpr
2026-10-07T23:58:18Z  OBSERVE  frontend->productcatalogservice  rpr=0.0000  low=96 high=0  attempts=3  state=ON  metric=rpr
2026-10-07T23:58:18Z  OBSERVE  frontend->shippingservice  rpr=0.0000  low=96 high=0  attempts=3  state=ON  metric=rpr
2026-10-07T23:58:18Z  OBSERVE  checkoutservice->cartservice  rpr=0.0000  low=95 high=0  attempts=3  state=ON  metric=rpr
2026-10-07T23:58:18Z  OBSERVE  checkoutservice->currencyservice  rpr=0.0000  low=95 high=0  attempts=3  state=ON  metric=rpr
2026-10-07T23:58:18Z  OBSERVE  checkoutservice->emailservice  rpr=0.0000  low=94 high=0  attempts=3  state=ON  metric=rpr
2026-10-07T23:58:18Z  OBSERVE  checkoutservice->paymentservice  rpr=0.0000  low=95 high=0  attempts=3  state=ON  metric=rpr
2026-10-07T23:58:18Z  OBSERVE  checkoutservice->shippingservice  rpr=0.0000  low=95 high=0  attempts=3  state=ON  metric=rpr
2026-10-07T23:58:18Z  OBSERVE  recommendationservice->productcatalogservice  rpr=0.0000  low=96 high=0  attempts=3  state=ON  metric=rpr
2026-10-07T23:58:18Z  OBSERVE  recommendationservice  rejection=0.3344  low=0 high=23  state=OFF  metric=rejection
2026-10-07T23:58:20Z  OBSERVE  frontend->adservice  rpr=0.0000  low=96 high=0  attempts=3  state=ON  metric=rpr
2026-10-07T23:58:20Z  OBSERVE  frontend->cartservice  rpr=0.0000  low=97 high=0  attempts=3  state=ON  metric=rpr
2026-10-07T23:58:20Z  OBSERVE  frontend->checkoutservice  rpr=0.0000  low=53 high=0  attempts=3  state=ON  metric=rpr
2026-10-07T23:58:20Z  OBSERVE  frontend->currencyservice  rpr=0.0000  low=97 high=0  attempts=3  state=ON  metric=rpr
2026-10-07T23:58:20Z  OBSERVE  frontend->productcatalogservice  rpr=0.0000  low=97 high=0  attempts=3  state=ON  metric=rpr
2026-10-07T23:58:20Z  OBSERVE  frontend->shippingservice  rpr=0.0000  low=97 high=0  attempts=3  state=ON  metric=rpr
2026-10-07T23:58:20Z  OBSERVE  checkoutservice->cartservice  rpr=0.0000  low=96 high=0  attempts=3  state=ON  metric=rpr
2026-10-07T23:58:20Z  OBSERVE  checkoutservice->currencyservice  rpr=0.0000  low=96 high=0  attempts=3  state=ON  metric=rpr
2026-10-07T23:58:20Z  OBSERVE  checkoutservice->emailservice  rpr=0.0000  low=95 high=0  attempts=3  state=ON  metric=rpr
2026-10-07T23:58:20Z  OBSERVE  checkoutservice->paymentservice  rpr=0.0000  low=96 high=0  attempts=3  state=ON  metric=rpr
2026-10-07T23:58:20Z  OBSERVE  checkoutservice->shippingservice  rpr=0.0000  low=96 high=0  attempts=3  state=ON  metric=rpr
2026-10-07T23:58:20Z  OBSERVE  recommendationservice->productcatalogservice  rpr=0.0000  low=97 high=0  attempts=3  state=ON  metric=rpr
2026-10-07T23:58:20Z  OBSERVE  recommendationservice  rejection=0.2637  low=0 high=24  state=OFF  metric=rejection
2026-10-07T23:58:22Z  OBSERVE  frontend->adservice  rpr=0.0000  low=97 high=0  attempts=3  state=ON  metric=rpr
2026-10-07T23:58:22Z  OBSERVE  frontend->cartservice  rpr=0.0000  low=98 high=0  attempts=3  state=ON  metric=rpr
2026-10-07T23:58:22Z  OBSERVE  frontend->checkoutservice  rpr=0.0000  low=54 high=0  attempts=3  state=ON  metric=rpr
2026-10-07T23:58:22Z  OBSERVE  frontend->currencyservice  rpr=0.0000  low=98 high=0  attempts=3  state=ON  metric=rpr
2026-10-07T23:58:22Z  OBSERVE  frontend->productcatalogservice  rpr=0.0000  low=98 high=0  attempts=3  state=ON  metric=rpr
2026-10-07T23:58:22Z  OBSERVE  frontend->shippingservice  rpr=0.0000  low=98 high=0  attempts=3  state=ON  metric=rpr
2026-10-07T23:58:22Z  OBSERVE  checkoutservice->cartservice  rpr=0.0000  low=97 high=0  attempts=3  state=ON  metric=rpr
2026-10-07T23:58:22Z  OBSERVE  checkoutservice->currencyservice  rpr=0.0000  low=97 high=0  attempts=3  state=ON  metric=rpr
2026-10-07T23:58:22Z  OBSERVE  checkoutservice->emailservice  rpr=0.0000  low=96 high=0  attempts=3  state=ON  metric=rpr
2026-10-07T23:58:22Z  OBSERVE  checkoutservice->paymentservice  rpr=0.0000  low=97 high=0  attempts=3  state=ON  metric=rpr
2026-10-07T23:58:22Z  OBSERVE  checkoutservice->shippingservice  rpr=0.0000  low=97 high=0  attempts=3  state=ON  metric=rpr
2026-10-07T23:58:22Z  OBSERVE  recommendationservice->productcatalogservice  rpr=0.0000  low=98 high=0  attempts=3  state=ON  metric=rpr
2026-10-07T23:58:22Z  OBSERVE  recommendationservice  rejection=0.2606  low=0 high=25  state=OFF  metric=rejection
2026-10-07T23:58:24Z  OBSERVE  frontend->adservice  rpr=0.0000  low=98 high=0  attempts=3  state=ON  metric=rpr
2026-10-07T23:58:24Z  OBSERVE  frontend->cartservice  rpr=0.0000  low=99 high=0  attempts=3  state=ON  metric=rpr
2026-10-07T23:58:24Z  OBSERVE  frontend->checkoutservice  rpr=0.0000  low=55 high=0  attempts=3  state=ON  metric=rpr
2026-10-07T23:58:24Z  OBSERVE  frontend->currencyservice  rpr=0.0000  low=99 high=0  attempts=3  state=ON  metric=rpr
2026-10-07T23:58:24Z  OBSERVE  frontend->productcatalogservice  rpr=0.0000  low=99 high=0  attempts=3  state=ON  metric=rpr
2026-10-07T23:58:24Z  OBSERVE  frontend->shippingservice  rpr=0.0000  low=99 high=0  attempts=3  state=ON  metric=rpr
2026-10-07T23:58:24Z  OBSERVE  checkoutservice->cartservice  rpr=0.0000  low=98 high=0  attempts=3  state=ON  metric=rpr
2026-10-07T23:58:24Z  OBSERVE  checkoutservice->currencyservice  rpr=0.0000  low=98 high=0  attempts=3  state=ON  metric=rpr
2026-10-07T23:58:24Z  OBSERVE  checkoutservice->emailservice  rpr=0.0000  low=97 high=0  attempts=3  state=ON  metric=rpr
2026-10-07T23:58:24Z  OBSERVE  checkoutservice->paymentservice  rpr=0.0000  low=98 high=0  attempts=3  state=ON  metric=rpr
2026-10-07T23:58:24Z  OBSERVE  checkoutservice->shippingservice  rpr=0.0000  low=98 high=0  attempts=3  state=ON  metric=rpr
2026-10-07T23:58:24Z  OBSERVE  recommendationservice->productcatalogservice  rpr=0.0000  low=99 high=0  attempts=3  state=ON  metric=rpr
2026-10-07T23:58:24Z  OBSERVE  recommendationservice  rejection=0.3110  low=0 high=26  state=OFF  metric=rejection
2026-10-07T23:58:26Z  OBSERVE  frontend->adservice  rpr=0.0000  low=99 high=0  attempts=3  state=ON  metric=rpr
2026-10-07T23:58:26Z  OBSERVE  frontend->cartservice  rpr=0.0000  low=100 high=0  attempts=3  state=ON  metric=rpr
2026-10-07T23:58:26Z  OBSERVE  frontend->checkoutservice  rpr=0.0000  low=56 high=0  attempts=3  state=ON  metric=rpr
2026-10-07T23:58:26Z  OBSERVE  frontend->currencyservice  rpr=0.0000  low=100 high=0  attempts=3  state=ON  metric=rpr
2026-10-07T23:58:26Z  OBSERVE  frontend->productcatalogservice  rpr=0.0000  low=100 high=0  attempts=3  state=ON  metric=rpr
2026-10-07T23:58:26Z  OBSERVE  frontend->shippingservice  rpr=0.0000  low=100 high=0  attempts=3  state=ON  metric=rpr
2026-10-07T23:58:26Z  OBSERVE  checkoutservice->cartservice  rpr=0.0000  low=99 high=0  attempts=3  state=ON  metric=rpr
2026-10-07T23:58:26Z  OBSERVE  checkoutservice->currencyservice  rpr=0.0000  low=99 high=0  attempts=3  state=ON  metric=rpr
2026-10-07T23:58:26Z  OBSERVE  checkoutservice->emailservice  rpr=0.0000  low=98 high=0  attempts=3  state=ON  metric=rpr
2026-10-07T23:58:26Z  OBSERVE  checkoutservice->paymentservice  rpr=0.0000  low=99 high=0  attempts=3  state=ON  metric=rpr
2026-10-07T23:58:26Z  OBSERVE  checkoutservice->shippingservice  rpr=0.0000  low=99 high=0  attempts=3  state=ON  metric=rpr
2026-10-07T23:58:26Z  OBSERVE  recommendationservice->productcatalogservice  rpr=0.0000  low=100 high=0  attempts=3  state=ON  metric=rpr
2026-10-07T23:58:26Z  OBSERVE  recommendationservice  rejection=0.2881  low=0 high=27  state=OFF  metric=rejection
2026-10-07T23:58:28Z  OBSERVE  frontend->adservice  rpr=0.0000  low=100 high=0  attempts=3  state=ON  metric=rpr
2026-10-07T23:58:28Z  OBSERVE  frontend->cartservice  rpr=0.0000  low=101 high=0  attempts=3  state=ON  metric=rpr
2026-10-07T23:58:28Z  OBSERVE  frontend->checkoutservice  rpr=0.0000  low=57 high=0  attempts=3  state=ON  metric=rpr
2026-10-07T23:58:28Z  OBSERVE  frontend->currencyservice  rpr=0.0000  low=101 high=0  attempts=3  state=ON  metric=rpr
2026-10-07T23:58:28Z  OBSERVE  frontend->productcatalogservice  rpr=0.0000  low=101 high=0  attempts=3  state=ON  metric=rpr
2026-10-07T23:58:28Z  OBSERVE  frontend->shippingservice  rpr=0.0000  low=101 high=0  attempts=3  state=ON  metric=rpr
2026-10-07T23:58:28Z  OBSERVE  checkoutservice->cartservice  rpr=0.0000  low=100 high=0  attempts=3  state=ON  metric=rpr
2026-10-07T23:58:28Z  OBSERVE  checkoutservice->currencyservice  rpr=0.0000  low=100 high=0  attempts=3  state=ON  metric=rpr
2026-10-07T23:58:28Z  OBSERVE  checkoutservice->emailservice  rpr=0.0000  low=99 high=0  attempts=3  state=ON  metric=rpr
2026-10-07T23:58:28Z  OBSERVE  checkoutservice->paymentservice  rpr=0.0000  low=100 high=0  attempts=3  state=ON  metric=rpr
2026-10-07T23:58:28Z  OBSERVE  checkoutservice->shippingservice  rpr=0.0000  low=100 high=0  attempts=3  state=ON  metric=rpr
2026-10-07T23:58:28Z  OBSERVE  recommendationservice->productcatalogservice  rpr=0.0000  low=101 high=0  attempts=3  state=ON  metric=rpr
2026-10-07T23:58:28Z  OBSERVE  recommendationservice  rejection=0.2983  low=0 high=28  state=OFF  metric=rejection
2026-10-07T23:58:30Z  OBSERVE  frontend->adservice  rpr=0.0000  low=101 high=0  attempts=3  state=ON  metric=rpr
2026-10-07T23:58:30Z  OBSERVE  frontend->cartservice  rpr=0.0000  low=102 high=0  attempts=3  state=ON  metric=rpr
2026-10-07T23:58:30Z  OBSERVE  frontend->checkoutservice  rpr=0.0000  low=58 high=0  attempts=3  state=ON  metric=rpr
2026-10-07T23:58:30Z  OBSERVE  frontend->currencyservice  rpr=0.0000  low=102 high=0  attempts=3  state=ON  metric=rpr
2026-10-07T23:58:30Z  OBSERVE  frontend->productcatalogservice  rpr=0.0000  low=102 high=0  attempts=3  state=ON  metric=rpr
2026-10-07T23:58:30Z  OBSERVE  frontend->shippingservice  rpr=0.0000  low=102 high=0  attempts=3  state=ON  metric=rpr
2026-10-07T23:58:30Z  OBSERVE  checkoutservice->cartservice  rpr=0.0000  low=101 high=0  attempts=3  state=ON  metric=rpr
2026-10-07T23:58:30Z  OBSERVE  checkoutservice->currencyservice  rpr=0.0000  low=101 high=0  attempts=3  state=ON  metric=rpr
2026-10-07T23:58:30Z  OBSERVE  checkoutservice->emailservice  rpr=0.0000  low=100 high=0  attempts=3  state=ON  metric=rpr
2026-10-07T23:58:30Z  OBSERVE  checkoutservice->paymentservice  rpr=0.0000  low=101 high=0  attempts=3  state=ON  metric=rpr
2026-10-07T23:58:30Z  OBSERVE  checkoutservice->shippingservice  rpr=0.0000  low=101 high=0  attempts=3  state=ON  metric=rpr
2026-10-07T23:58:30Z  OBSERVE  recommendationservice->productcatalogservice  rpr=0.0000  low=102 high=0  attempts=3  state=ON  metric=rpr
2026-10-07T23:58:30Z  OBSERVE  recommendationservice  rejection=0.3359  low=0 high=29  state=OFF  metric=rejection
2026-10-07T23:58:32Z  OBSERVE  frontend->adservice  rpr=0.0000  low=102 high=0  attempts=3  state=ON  metric=rpr
2026-10-07T23:58:32Z  OBSERVE  frontend->cartservice  rpr=0.0000  low=103 high=0  attempts=3  state=ON  metric=rpr
2026-10-07T23:58:32Z  OBSERVE  frontend->checkoutservice  rpr=0.0000  low=59 high=0  attempts=3  state=ON  metric=rpr
2026-10-07T23:58:32Z  OBSERVE  frontend->currencyservice  rpr=0.0000  low=103 high=0  attempts=3  state=ON  metric=rpr
2026-10-07T23:58:32Z  OBSERVE  frontend->productcatalogservice  rpr=0.0000  low=103 high=0  attempts=3  state=ON  metric=rpr
2026-10-07T23:58:32Z  OBSERVE  frontend->shippingservice  rpr=0.0000  low=103 high=0  attempts=3  state=ON  metric=rpr
2026-10-07T23:58:32Z  OBSERVE  checkoutservice->cartservice  rpr=0.0000  low=102 high=0  attempts=3  state=ON  metric=rpr
2026-10-07T23:58:32Z  OBSERVE  checkoutservice->currencyservice  rpr=0.0000  low=102 high=0  attempts=3  state=ON  metric=rpr
2026-10-07T23:58:32Z  OBSERVE  checkoutservice->emailservice  rpr=0.0000  low=101 high=0  attempts=3  state=ON  metric=rpr
2026-10-07T23:58:32Z  OBSERVE  checkoutservice->paymentservice  rpr=0.0000  low=102 high=0  attempts=3  state=ON  metric=rpr
2026-10-07T23:58:32Z  OBSERVE  checkoutservice->shippingservice  rpr=0.0000  low=102 high=0  attempts=3  state=ON  metric=rpr
2026-10-07T23:58:32Z  OBSERVE  recommendationservice->productcatalogservice  rpr=0.0000  low=103 high=0  attempts=3  state=ON  metric=rpr
2026-10-07T23:58:32Z  OBSERVE  recommendationservice  rejection=0.2712  low=0 high=30  state=OFF  metric=rejection
2026-10-07T23:58:34Z  OBSERVE  frontend->adservice  rpr=0.0000  low=103 high=0  attempts=3  state=ON  metric=rpr
2026-10-07T23:58:34Z  OBSERVE  frontend->cartservice  rpr=0.0000  low=104 high=0  attempts=3  state=ON  metric=rpr
2026-10-07T23:58:34Z  OBSERVE  frontend->checkoutservice  rpr=0.0000  low=60 high=0  attempts=3  state=ON  metric=rpr
2026-10-07T23:58:34Z  OBSERVE  frontend->currencyservice  rpr=0.0000  low=104 high=0  attempts=3  state=ON  metric=rpr
2026-10-07T23:58:34Z  OBSERVE  frontend->productcatalogservice  rpr=0.0000  low=104 high=0  attempts=3  state=ON  metric=rpr
2026-10-07T23:58:34Z  OBSERVE  frontend->shippingservice  rpr=0.0000  low=104 high=0  attempts=3  state=ON  metric=rpr
2026-10-07T23:58:34Z  OBSERVE  checkoutservice->cartservice  rpr=0.0000  low=103 high=0  attempts=3  state=ON  metric=rpr
2026-10-07T23:58:34Z  OBSERVE  checkoutservice->currencyservice  rpr=0.0000  low=103 high=0  attempts=3  state=ON  metric=rpr
2026-10-07T23:58:34Z  OBSERVE  checkoutservice->emailservice  rpr=0.0000  low=102 high=0  attempts=3  state=ON  metric=rpr
2026-10-07T23:58:34Z  OBSERVE  checkoutservice->paymentservice  rpr=0.0000  low=103 high=0  attempts=3  state=ON  metric=rpr
2026-10-07T23:58:34Z  OBSERVE  checkoutservice->shippingservice  rpr=0.0000  low=103 high=0  attempts=3  state=ON  metric=rpr
2026-10-07T23:58:34Z  OBSERVE  recommendationservice->productcatalogservice  rpr=0.0000  low=104 high=0  attempts=3  state=ON  metric=rpr
2026-10-07T23:58:34Z  OBSERVE  recommendationservice  rejection=0.3113  low=0 high=31  state=OFF  metric=rejection
2026-10-07T23:58:36Z  OBSERVE  frontend->adservice  rpr=0.0000  low=104 high=0  attempts=3  state=ON  metric=rpr
2026-10-07T23:58:36Z  OBSERVE  frontend->cartservice  rpr=0.0000  low=105 high=0  attempts=3  state=ON  metric=rpr
2026-10-07T23:58:36Z  OBSERVE  frontend->checkoutservice  rpr=0.0000  low=61 high=0  attempts=3  state=ON  metric=rpr
2026-10-07T23:58:36Z  OBSERVE  frontend->currencyservice  rpr=0.0000  low=105 high=0  attempts=3  state=ON  metric=rpr
2026-10-07T23:58:36Z  OBSERVE  frontend->productcatalogservice  rpr=0.0000  low=105 high=0  attempts=3  state=ON  metric=rpr
2026-10-07T23:58:36Z  OBSERVE  frontend->shippingservice  rpr=0.0000  low=105 high=0  attempts=3  state=ON  metric=rpr
2026-10-07T23:58:36Z  OBSERVE  checkoutservice->cartservice  rpr=0.0000  low=104 high=0  attempts=3  state=ON  metric=rpr
2026-10-07T23:58:36Z  OBSERVE  checkoutservice->currencyservice  rpr=0.0000  low=104 high=0  attempts=3  state=ON  metric=rpr
2026-10-07T23:58:36Z  OBSERVE  checkoutservice->emailservice  rpr=0.0000  low=103 high=0  attempts=3  state=ON  metric=rpr
2026-10-07T23:58:36Z  OBSERVE  checkoutservice->paymentservice  rpr=0.0000  low=104 high=0  attempts=3  state=ON  metric=rpr
2026-10-07T23:58:36Z  OBSERVE  checkoutservice->shippingservice  rpr=0.0000  low=104 high=0  attempts=3  state=ON  metric=rpr
2026-10-07T23:58:36Z  OBSERVE  recommendationservice->productcatalogservice  rpr=0.0000  low=105 high=0  attempts=3  state=ON  metric=rpr
2026-10-07T23:58:36Z  OBSERVE  recommendationservice  rejection=0.2801  low=0 high=32  state=OFF  metric=rejection
2026-10-07T23:58:38Z  OBSERVE  frontend->adservice  rpr=0.0000  low=105 high=0  attempts=3  state=ON  metric=rpr
2026-10-07T23:58:38Z  OBSERVE  frontend->cartservice  rpr=0.0000  low=106 high=0  attempts=3  state=ON  metric=rpr
2026-10-07T23:58:38Z  OBSERVE  frontend->checkoutservice  rpr=0.0000  low=62 high=0  attempts=3  state=ON  metric=rpr
2026-10-07T23:58:38Z  OBSERVE  frontend->currencyservice  rpr=0.0000  low=106 high=0  attempts=3  state=ON  metric=rpr
2026-10-07T23:58:38Z  OBSERVE  frontend->productcatalogservice  rpr=0.0000  low=106 high=0  attempts=3  state=ON  metric=rpr
2026-10-07T23:58:38Z  OBSERVE  frontend->shippingservice  rpr=0.0000  low=106 high=0  attempts=3  state=ON  metric=rpr
2026-10-07T23:58:38Z  OBSERVE  checkoutservice->cartservice  rpr=0.0000  low=105 high=0  attempts=3  state=ON  metric=rpr
2026-10-07T23:58:38Z  OBSERVE  checkoutservice->currencyservice  rpr=0.0000  low=105 high=0  attempts=3  state=ON  metric=rpr
2026-10-07T23:58:38Z  OBSERVE  checkoutservice->emailservice  rpr=0.0000  low=104 high=0  attempts=3  state=ON  metric=rpr
2026-10-07T23:58:38Z  OBSERVE  checkoutservice->paymentservice  rpr=0.0000  low=105 high=0  attempts=3  state=ON  metric=rpr
2026-10-07T23:58:38Z  OBSERVE  checkoutservice->shippingservice  rpr=0.0000  low=105 high=0  attempts=3  state=ON  metric=rpr
2026-10-07T23:58:38Z  OBSERVE  recommendationservice->productcatalogservice  rpr=0.0000  low=106 high=0  attempts=3  state=ON  metric=rpr
2026-10-07T23:58:38Z  OBSERVE  recommendationservice  rejection=0.2887  low=0 high=33  state=OFF  metric=rejection
2026-10-07T23:58:40Z  OBSERVE  frontend->adservice  rpr=0.0000  low=106 high=0  attempts=3  state=ON  metric=rpr
2026-10-07T23:58:40Z  OBSERVE  frontend->cartservice  rpr=0.0000  low=107 high=0  attempts=3  state=ON  metric=rpr
2026-10-07T23:58:40Z  OBSERVE  frontend->checkoutservice  rpr=0.0000  low=63 high=0  attempts=3  state=ON  metric=rpr
2026-10-07T23:58:40Z  OBSERVE  frontend->currencyservice  rpr=0.0000  low=107 high=0  attempts=3  state=ON  metric=rpr
2026-10-07T23:58:40Z  OBSERVE  frontend->productcatalogservice  rpr=0.0000  low=107 high=0  attempts=3  state=ON  metric=rpr
2026-10-07T23:58:40Z  OBSERVE  frontend->shippingservice  rpr=0.0000  low=107 high=0  attempts=3  state=ON  metric=rpr
2026-10-07T23:58:40Z  OBSERVE  checkoutservice->cartservice  rpr=0.0000  low=106 high=0  attempts=3  state=ON  metric=rpr
2026-10-07T23:58:40Z  OBSERVE  checkoutservice->currencyservice  rpr=0.0000  low=106 high=0  attempts=3  state=ON  metric=rpr
2026-10-07T23:58:40Z  OBSERVE  checkoutservice->emailservice  rpr=0.0000  low=105 high=0  attempts=3  state=ON  metric=rpr
2026-10-07T23:58:40Z  OBSERVE  checkoutservice->paymentservice  rpr=0.0000  low=106 high=0  attempts=3  state=ON  metric=rpr
2026-10-07T23:58:40Z  OBSERVE  checkoutservice->shippingservice  rpr=0.0000  low=106 high=0  attempts=3  state=ON  metric=rpr
2026-10-07T23:58:40Z  OBSERVE  recommendationservice->productcatalogservice  rpr=0.0000  low=107 high=0  attempts=3  state=ON  metric=rpr
2026-10-07T23:58:40Z  OBSERVE  recommendationservice  rejection=0.3257  low=0 high=34  state=OFF  metric=rejection
2026-10-07T23:58:42Z  OBSERVE  frontend->adservice  rpr=0.0000  low=107 high=0  attempts=3  state=ON  metric=rpr
2026-10-07T23:58:42Z  OBSERVE  frontend->cartservice  rpr=0.0000  low=108 high=0  attempts=3  state=ON  metric=rpr
2026-10-07T23:58:42Z  OBSERVE  frontend->checkoutservice  rpr=0.0000  low=64 high=0  attempts=3  state=ON  metric=rpr
2026-10-07T23:58:42Z  OBSERVE  frontend->currencyservice  rpr=0.0000  low=108 high=0  attempts=3  state=ON  metric=rpr
2026-10-07T23:58:42Z  OBSERVE  frontend->productcatalogservice  rpr=0.0000  low=108 high=0  attempts=3  state=ON  metric=rpr
2026-10-07T23:58:42Z  OBSERVE  frontend->shippingservice  rpr=0.0000  low=108 high=0  attempts=3  state=ON  metric=rpr
2026-10-07T23:58:42Z  OBSERVE  checkoutservice->cartservice  rpr=0.0000  low=107 high=0  attempts=3  state=ON  metric=rpr
2026-10-07T23:58:42Z  OBSERVE  checkoutservice->currencyservice  rpr=0.0000  low=107 high=0  attempts=3  state=ON  metric=rpr
2026-10-07T23:58:42Z  OBSERVE  checkoutservice->emailservice  rpr=0.0000  low=106 high=0  attempts=3  state=ON  metric=rpr
2026-10-07T23:58:42Z  OBSERVE  checkoutservice->paymentservice  rpr=0.0000  low=107 high=0  attempts=3  state=ON  metric=rpr
2026-10-07T23:58:42Z  OBSERVE  checkoutservice->shippingservice  rpr=0.0000  low=107 high=0  attempts=3  state=ON  metric=rpr
2026-10-07T23:58:42Z  OBSERVE  recommendationservice->productcatalogservice  rpr=0.0000  low=108 high=0  attempts=3  state=ON  metric=rpr
2026-10-07T23:58:42Z  OBSERVE  recommendationservice  rejection=0.2992  low=0 high=35  state=OFF  metric=rejection
2026-10-07T23:58:44Z  OBSERVE  frontend->adservice  rpr=0.0000  low=108 high=0  attempts=3  state=ON  metric=rpr
2026-10-07T23:58:44Z  OBSERVE  frontend->cartservice  rpr=0.0000  low=109 high=0  attempts=3  state=ON  metric=rpr
2026-10-07T23:58:44Z  OBSERVE  frontend->checkoutservice  rpr=0.0000  low=65 high=0  attempts=3  state=ON  metric=rpr
2026-10-07T23:58:44Z  OBSERVE  frontend->currencyservice  rpr=0.0000  low=109 high=0  attempts=3  state=ON  metric=rpr
2026-10-07T23:58:44Z  OBSERVE  frontend->productcatalogservice  rpr=0.0000  low=109 high=0  attempts=3  state=ON  metric=rpr
2026-10-07T23:58:44Z  OBSERVE  frontend->shippingservice  rpr=0.0000  low=109 high=0  attempts=3  state=ON  metric=rpr
2026-10-07T23:58:44Z  OBSERVE  checkoutservice->cartservice  rpr=0.0000  low=108 high=0  attempts=3  state=ON  metric=rpr
2026-10-07T23:58:44Z  OBSERVE  checkoutservice->currencyservice  rpr=0.0000  low=108 high=0  attempts=3  state=ON  metric=rpr
2026-10-07T23:58:44Z  OBSERVE  checkoutservice->emailservice  rpr=0.0000  low=107 high=0  attempts=3  state=ON  metric=rpr
2026-10-07T23:58:44Z  OBSERVE  checkoutservice->paymentservice  rpr=0.0000  low=108 high=0  attempts=3  state=ON  metric=rpr
2026-10-07T23:58:44Z  OBSERVE  checkoutservice->shippingservice  rpr=0.0000  low=108 high=0  attempts=3  state=ON  metric=rpr
2026-10-07T23:58:44Z  OBSERVE  recommendationservice->productcatalogservice  rpr=0.0000  low=109 high=0  attempts=3  state=ON  metric=rpr
2026-10-07T23:58:44Z  OBSERVE  recommendationservice  rejection=0.3294  low=0 high=36  state=OFF  metric=rejection
2026-10-07T23:58:46Z  OBSERVE  frontend->adservice  rpr=0.0000  low=109 high=0  attempts=3  state=ON  metric=rpr
2026-10-07T23:58:46Z  OBSERVE  frontend->cartservice  rpr=0.0000  low=110 high=0  attempts=3  state=ON  metric=rpr
2026-10-07T23:58:46Z  OBSERVE  frontend->checkoutservice  rpr=0.0000  low=66 high=0  attempts=3  state=ON  metric=rpr
2026-10-07T23:58:46Z  OBSERVE  frontend->currencyservice  rpr=0.0000  low=110 high=0  attempts=3  state=ON  metric=rpr
2026-10-07T23:58:46Z  OBSERVE  frontend->productcatalogservice  rpr=0.0000  low=110 high=0  attempts=3  state=ON  metric=rpr
2026-10-07T23:58:46Z  OBSERVE  frontend->shippingservice  rpr=0.0000  low=110 high=0  attempts=3  state=ON  metric=rpr
2026-10-07T23:58:46Z  OBSERVE  checkoutservice->cartservice  rpr=0.0000  low=109 high=0  attempts=3  state=ON  metric=rpr
2026-10-07T23:58:46Z  OBSERVE  checkoutservice->currencyservice  rpr=0.0000  low=109 high=0  attempts=3  state=ON  metric=rpr
2026-10-07T23:58:46Z  OBSERVE  checkoutservice->emailservice  rpr=0.0000  low=108 high=0  attempts=3  state=ON  metric=rpr
2026-10-07T23:58:46Z  OBSERVE  checkoutservice->paymentservice  rpr=0.0000  low=109 high=0  attempts=3  state=ON  metric=rpr
2026-10-07T23:58:46Z  OBSERVE  checkoutservice->shippingservice  rpr=0.0000  low=109 high=0  attempts=3  state=ON  metric=rpr
2026-10-07T23:58:46Z  OBSERVE  recommendationservice->productcatalogservice  rpr=0.0000  low=110 high=0  attempts=3  state=ON  metric=rpr
2026-10-07T23:58:46Z  OBSERVE  recommendationservice  rejection=0.3235  low=0 high=37  state=OFF  metric=rejection
2026-10-07T23:58:48Z  OBSERVE  frontend->adservice  rpr=0.0000  low=110 high=0  attempts=3  state=ON  metric=rpr
2026-10-07T23:58:48Z  OBSERVE  frontend->cartservice  rpr=0.0000  low=111 high=0  attempts=3  state=ON  metric=rpr
2026-10-07T23:58:48Z  OBSERVE  frontend->checkoutservice  rpr=0.0000  low=67 high=0  attempts=3  state=ON  metric=rpr
2026-10-07T23:58:48Z  OBSERVE  frontend->currencyservice  rpr=0.0000  low=111 high=0  attempts=3  state=ON  metric=rpr
2026-10-07T23:58:48Z  OBSERVE  frontend->productcatalogservice  rpr=0.0000  low=111 high=0  attempts=3  state=ON  metric=rpr
2026-10-07T23:58:48Z  OBSERVE  frontend->shippingservice  rpr=0.0000  low=111 high=0  attempts=3  state=ON  metric=rpr
2026-10-07T23:58:48Z  OBSERVE  checkoutservice->cartservice  rpr=0.0000  low=110 high=0  attempts=3  state=ON  metric=rpr
2026-10-07T23:58:48Z  OBSERVE  checkoutservice->currencyservice  rpr=0.0000  low=110 high=0  attempts=3  state=ON  metric=rpr
2026-10-07T23:58:48Z  OBSERVE  checkoutservice->emailservice  rpr=0.0000  low=109 high=0  attempts=3  state=ON  metric=rpr
2026-10-07T23:58:48Z  OBSERVE  checkoutservice->paymentservice  rpr=0.0000  low=110 high=0  attempts=3  state=ON  metric=rpr
2026-10-07T23:58:48Z  OBSERVE  checkoutservice->shippingservice  rpr=0.0000  low=110 high=0  attempts=3  state=ON  metric=rpr
2026-10-07T23:58:48Z  OBSERVE  recommendationservice->productcatalogservice  rpr=0.0000  low=111 high=0  attempts=3  state=ON  metric=rpr
2026-10-07T23:58:48Z  OBSERVE  recommendationservice  rejection=0.2464  low=0 high=38  state=OFF  metric=rejection
2026-10-07T23:58:50Z  OBSERVE  frontend->adservice  rpr=0.0000  low=111 high=0  attempts=3  state=ON  metric=rpr
2026-10-07T23:58:50Z  OBSERVE  frontend->cartservice  rpr=0.0000  low=112 high=0  attempts=3  state=ON  metric=rpr
2026-10-07T23:58:50Z  OBSERVE  frontend->checkoutservice  rpr=0.0000  low=68 high=0  attempts=3  state=ON  metric=rpr
2026-10-07T23:58:50Z  OBSERVE  frontend->currencyservice  rpr=0.0000  low=112 high=0  attempts=3  state=ON  metric=rpr
2026-10-07T23:58:50Z  OBSERVE  frontend->productcatalogservice  rpr=0.0000  low=112 high=0  attempts=3  state=ON  metric=rpr
2026-10-07T23:58:50Z  OBSERVE  frontend->shippingservice  rpr=0.0000  low=112 high=0  attempts=3  state=ON  metric=rpr
2026-10-07T23:58:50Z  OBSERVE  checkoutservice->cartservice  rpr=0.0000  low=111 high=0  attempts=3  state=ON  metric=rpr
2026-10-07T23:58:50Z  OBSERVE  checkoutservice->currencyservice  rpr=0.0000  low=111 high=0  attempts=3  state=ON  metric=rpr
2026-10-07T23:58:50Z  OBSERVE  checkoutservice->emailservice  rpr=0.0000  low=110 high=0  attempts=3  state=ON  metric=rpr
2026-10-07T23:58:50Z  OBSERVE  checkoutservice->paymentservice  rpr=0.0000  low=111 high=0  attempts=3  state=ON  metric=rpr
2026-10-07T23:58:50Z  OBSERVE  checkoutservice->shippingservice  rpr=0.0000  low=111 high=0  attempts=3  state=ON  metric=rpr
2026-10-07T23:58:50Z  OBSERVE  recommendationservice->productcatalogservice  rpr=0.0000  low=112 high=0  attempts=3  state=ON  metric=rpr
2026-10-07T23:58:50Z  OBSERVE  recommendationservice  rejection=0.2883  low=0 high=39  state=OFF  metric=rejection
2026-10-07T23:58:52Z  OBSERVE  frontend->adservice  rpr=0.0000  low=112 high=0  attempts=3  state=ON  metric=rpr
2026-10-07T23:58:52Z  OBSERVE  frontend->cartservice  rpr=0.0000  low=113 high=0  attempts=3  state=ON  metric=rpr
2026-10-07T23:58:52Z  OBSERVE  frontend->checkoutservice  rpr=0.0000  low=69 high=0  attempts=3  state=ON  metric=rpr
2026-10-07T23:58:52Z  OBSERVE  frontend->currencyservice  rpr=0.0000  low=113 high=0  attempts=3  state=ON  metric=rpr
2026-10-07T23:58:52Z  OBSERVE  frontend->productcatalogservice  rpr=0.0000  low=113 high=0  attempts=3  state=ON  metric=rpr
2026-10-07T23:58:52Z  OBSERVE  frontend->shippingservice  rpr=0.0000  low=113 high=0  attempts=3  state=ON  metric=rpr
2026-10-07T23:58:52Z  OBSERVE  checkoutservice->cartservice  rpr=0.0000  low=112 high=0  attempts=3  state=ON  metric=rpr
2026-10-07T23:58:52Z  OBSERVE  checkoutservice->currencyservice  rpr=0.0000  low=112 high=0  attempts=3  state=ON  metric=rpr
2026-10-07T23:58:52Z  OBSERVE  checkoutservice->emailservice  rpr=0.0000  low=111 high=0  attempts=3  state=ON  metric=rpr
2026-10-07T23:58:52Z  OBSERVE  checkoutservice->paymentservice  rpr=0.0000  low=112 high=0  attempts=3  state=ON  metric=rpr
2026-10-07T23:58:52Z  OBSERVE  checkoutservice->shippingservice  rpr=0.0000  low=112 high=0  attempts=3  state=ON  metric=rpr
2026-10-07T23:58:52Z  OBSERVE  recommendationservice->productcatalogservice  rpr=0.0000  low=113 high=0  attempts=3  state=ON  metric=rpr
2026-10-07T23:58:52Z  OBSERVE  recommendationservice  rejection=0.2342  low=0 high=40  state=OFF  metric=rejection
2026-10-07T23:58:54Z  OBSERVE  frontend->adservice  rpr=0.0000  low=113 high=0  attempts=3  state=ON  metric=rpr
2026-10-07T23:58:54Z  OBSERVE  frontend->cartservice  rpr=0.0000  low=114 high=0  attempts=3  state=ON  metric=rpr
2026-10-07T23:58:54Z  OBSERVE  frontend->checkoutservice  rpr=0.0000  low=70 high=0  attempts=3  state=ON  metric=rpr
2026-10-07T23:58:54Z  OBSERVE  frontend->currencyservice  rpr=0.0000  low=114 high=0  attempts=3  state=ON  metric=rpr
2026-10-07T23:58:54Z  OBSERVE  frontend->productcatalogservice  rpr=0.0000  low=114 high=0  attempts=3  state=ON  metric=rpr
2026-10-07T23:58:54Z  OBSERVE  frontend->shippingservice  rpr=0.0000  low=114 high=0  attempts=3  state=ON  metric=rpr
2026-10-07T23:58:54Z  OBSERVE  checkoutservice->cartservice  rpr=0.0000  low=113 high=0  attempts=3  state=ON  metric=rpr
2026-10-07T23:58:54Z  OBSERVE  checkoutservice->currencyservice  rpr=0.0000  low=113 high=0  attempts=3  state=ON  metric=rpr
2026-10-07T23:58:54Z  OBSERVE  checkoutservice->emailservice  rpr=0.0000  low=112 high=0  attempts=3  state=ON  metric=rpr
2026-10-07T23:58:54Z  OBSERVE  checkoutservice->paymentservice  rpr=0.0000  low=113 high=0  attempts=3  state=ON  metric=rpr
2026-10-07T23:58:54Z  OBSERVE  checkoutservice->shippingservice  rpr=0.0000  low=113 high=0  attempts=3  state=ON  metric=rpr
2026-10-07T23:58:54Z  OBSERVE  recommendationservice->productcatalogservice  rpr=0.0000  low=114 high=0  attempts=3  state=ON  metric=rpr
2026-10-07T23:58:54Z  OBSERVE  recommendationservice  rejection=0.3087  low=0 high=41  state=OFF  metric=rejection
2026-10-07T23:58:56Z  OBSERVE  frontend->adservice  rpr=0.0000  low=114 high=0  attempts=3  state=ON  metric=rpr
2026-10-07T23:58:56Z  OBSERVE  frontend->cartservice  rpr=0.0000  low=115 high=0  attempts=3  state=ON  metric=rpr
2026-10-07T23:58:56Z  OBSERVE  frontend->checkoutservice  rpr=0.0000  low=71 high=0  attempts=3  state=ON  metric=rpr
2026-10-07T23:58:56Z  OBSERVE  frontend->currencyservice  rpr=0.0000  low=115 high=0  attempts=3  state=ON  metric=rpr
2026-10-07T23:58:56Z  OBSERVE  frontend->productcatalogservice  rpr=0.0000  low=115 high=0  attempts=3  state=ON  metric=rpr
2026-10-07T23:58:56Z  OBSERVE  frontend->shippingservice  rpr=0.0000  low=115 high=0  attempts=3  state=ON  metric=rpr
2026-10-07T23:58:56Z  OBSERVE  checkoutservice->cartservice  rpr=0.0000  low=114 high=0  attempts=3  state=ON  metric=rpr
2026-10-07T23:58:56Z  OBSERVE  checkoutservice->currencyservice  rpr=0.0000  low=114 high=0  attempts=3  state=ON  metric=rpr
2026-10-07T23:58:56Z  OBSERVE  checkoutservice->emailservice  rpr=0.0000  low=113 high=0  attempts=3  state=ON  metric=rpr
2026-10-07T23:58:56Z  OBSERVE  checkoutservice->paymentservice  rpr=0.0000  low=114 high=0  attempts=3  state=ON  metric=rpr
2026-10-07T23:58:56Z  OBSERVE  checkoutservice->shippingservice  rpr=0.0000  low=114 high=0  attempts=3  state=ON  metric=rpr
2026-10-07T23:58:56Z  OBSERVE  recommendationservice->productcatalogservice  rpr=0.0000  low=115 high=0  attempts=3  state=ON  metric=rpr
2026-10-07T23:58:56Z  OBSERVE  recommendationservice  rejection=0.3344  low=0 high=42  state=OFF  metric=rejection
2026-10-07T23:58:58Z  OBSERVE  frontend->adservice  rpr=0.0000  low=115 high=0  attempts=3  state=ON  metric=rpr
2026-10-07T23:58:58Z  OBSERVE  frontend->cartservice  rpr=0.0000  low=116 high=0  attempts=3  state=ON  metric=rpr
2026-10-07T23:58:58Z  OBSERVE  frontend->checkoutservice  rpr=0.0000  low=72 high=0  attempts=3  state=ON  metric=rpr
2026-10-07T23:58:58Z  OBSERVE  frontend->currencyservice  rpr=0.0000  low=116 high=0  attempts=3  state=ON  metric=rpr
2026-10-07T23:58:58Z  OBSERVE  frontend->productcatalogservice  rpr=0.0000  low=116 high=0  attempts=3  state=ON  metric=rpr
2026-10-07T23:58:58Z  OBSERVE  frontend->shippingservice  rpr=0.0000  low=116 high=0  attempts=3  state=ON  metric=rpr
2026-10-07T23:58:58Z  OBSERVE  checkoutservice->cartservice  rpr=0.0000  low=115 high=0  attempts=3  state=ON  metric=rpr
2026-10-07T23:58:58Z  OBSERVE  checkoutservice->currencyservice  rpr=0.0000  low=115 high=0  attempts=3  state=ON  metric=rpr
2026-10-07T23:58:58Z  OBSERVE  checkoutservice->emailservice  rpr=0.0000  low=114 high=0  attempts=3  state=ON  metric=rpr
2026-10-07T23:58:58Z  OBSERVE  checkoutservice->paymentservice  rpr=0.0000  low=115 high=0  attempts=3  state=ON  metric=rpr
2026-10-07T23:58:58Z  OBSERVE  checkoutservice->shippingservice  rpr=0.0000  low=115 high=0  attempts=3  state=ON  metric=rpr
2026-10-07T23:58:58Z  OBSERVE  recommendationservice->productcatalogservice  rpr=0.0000  low=116 high=0  attempts=3  state=ON  metric=rpr
2026-10-07T23:58:58Z  OBSERVE  recommendationservice  rejection=0.2315  low=0 high=43  state=OFF  metric=rejection
2026-10-07T23:59:00Z  OBSERVE  frontend->adservice  rpr=0.0000  low=116 high=0  attempts=3  state=ON  metric=rpr
2026-10-07T23:59:00Z  OBSERVE  frontend->cartservice  rpr=0.0000  low=117 high=0  attempts=3  state=ON  metric=rpr
2026-10-07T23:59:00Z  OBSERVE  frontend->checkoutservice  rpr=0.0000  low=73 high=0  attempts=3  state=ON  metric=rpr
2026-10-07T23:59:00Z  OBSERVE  frontend->currencyservice  rpr=0.0000  low=117 high=0  attempts=3  state=ON  metric=rpr
2026-10-07T23:59:00Z  OBSERVE  frontend->productcatalogservice  rpr=0.0000  low=117 high=0  attempts=3  state=ON  metric=rpr
2026-10-07T23:59:00Z  OBSERVE  frontend->shippingservice  rpr=0.0000  low=117 high=0  attempts=3  state=ON  metric=rpr
2026-10-07T23:59:00Z  OBSERVE  checkoutservice->cartservice  rpr=0.0000  low=116 high=0  attempts=3  state=ON  metric=rpr
2026-10-07T23:59:00Z  OBSERVE  checkoutservice->currencyservice  rpr=0.0000  low=116 high=0  attempts=3  state=ON  metric=rpr
2026-10-07T23:59:00Z  OBSERVE  checkoutservice->emailservice  rpr=0.0000  low=115 high=0  attempts=3  state=ON  metric=rpr
2026-10-07T23:59:00Z  OBSERVE  checkoutservice->paymentservice  rpr=0.0000  low=116 high=0  attempts=3  state=ON  metric=rpr
2026-10-07T23:59:00Z  OBSERVE  checkoutservice->shippingservice  rpr=0.0000  low=116 high=0  attempts=3  state=ON  metric=rpr
2026-10-07T23:59:00Z  OBSERVE  recommendationservice->productcatalogservice  rpr=0.0000  low=117 high=0  attempts=3  state=ON  metric=rpr
2026-10-07T23:59:00Z  OBSERVE  recommendationservice  rejection=0.2617  low=0 high=44  state=OFF  metric=rejection
2026-10-07T23:59:02Z  OBSERVE  frontend->adservice  rpr=0.0000  low=117 high=0  attempts=3  state=ON  metric=rpr
2026-10-07T23:59:02Z  OBSERVE  frontend->cartservice  rpr=0.0000  low=118 high=0  attempts=3  state=ON  metric=rpr
2026-10-07T23:59:02Z  OBSERVE  frontend->checkoutservice  rpr=0.0000  low=74 high=0  attempts=3  state=ON  metric=rpr
2026-10-07T23:59:02Z  OBSERVE  frontend->currencyservice  rpr=0.0000  low=118 high=0  attempts=3  state=ON  metric=rpr
2026-10-07T23:59:02Z  OBSERVE  frontend->productcatalogservice  rpr=0.0000  low=118 high=0  attempts=3  state=ON  metric=rpr
2026-10-07T23:59:02Z  OBSERVE  frontend->shippingservice  rpr=0.0000  low=118 high=0  attempts=3  state=ON  metric=rpr
2026-10-07T23:59:02Z  OBSERVE  checkoutservice->cartservice  rpr=0.0000  low=117 high=0  attempts=3  state=ON  metric=rpr
2026-10-07T23:59:02Z  OBSERVE  checkoutservice->currencyservice  rpr=0.0000  low=117 high=0  attempts=3  state=ON  metric=rpr
2026-10-07T23:59:02Z  OBSERVE  checkoutservice->emailservice  rpr=0.0000  low=116 high=0  attempts=3  state=ON  metric=rpr
2026-10-07T23:59:02Z  OBSERVE  checkoutservice->paymentservice  rpr=0.0000  low=117 high=0  attempts=3  state=ON  metric=rpr
2026-10-07T23:59:02Z  OBSERVE  checkoutservice->shippingservice  rpr=0.0000  low=117 high=0  attempts=3  state=ON  metric=rpr
2026-10-07T23:59:02Z  OBSERVE  recommendationservice->productcatalogservice  rpr=0.0000  low=118 high=0  attempts=3  state=ON  metric=rpr
2026-10-07T23:59:02Z  OBSERVE  recommendationservice  rejection=0.2441  low=0 high=45  state=OFF  metric=rejection
2026-10-07T23:59:04Z  OBSERVE  frontend->adservice  rpr=0.0000  low=118 high=0  attempts=3  state=ON  metric=rpr
2026-10-07T23:59:04Z  OBSERVE  frontend->cartservice  rpr=0.0000  low=119 high=0  attempts=3  state=ON  metric=rpr
2026-10-07T23:59:04Z  OBSERVE  frontend->checkoutservice  rpr=0.0000  low=75 high=0  attempts=3  state=ON  metric=rpr
2026-10-07T23:59:04Z  OBSERVE  frontend->currencyservice  rpr=0.0000  low=119 high=0  attempts=3  state=ON  metric=rpr
2026-10-07T23:59:04Z  OBSERVE  frontend->productcatalogservice  rpr=0.0000  low=119 high=0  attempts=3  state=ON  metric=rpr
2026-10-07T23:59:04Z  OBSERVE  frontend->shippingservice  rpr=0.0000  low=119 high=0  attempts=3  state=ON  metric=rpr
2026-10-07T23:59:04Z  OBSERVE  checkoutservice->cartservice  rpr=0.0000  low=118 high=0  attempts=3  state=ON  metric=rpr
2026-10-07T23:59:04Z  OBSERVE  checkoutservice->currencyservice  rpr=0.0000  low=118 high=0  attempts=3  state=ON  metric=rpr
2026-10-07T23:59:04Z  OBSERVE  checkoutservice->emailservice  rpr=0.0000  low=117 high=0  attempts=3  state=ON  metric=rpr
2026-10-07T23:59:04Z  OBSERVE  checkoutservice->paymentservice  rpr=0.0000  low=118 high=0  attempts=3  state=ON  metric=rpr
2026-10-07T23:59:04Z  OBSERVE  checkoutservice->shippingservice  rpr=0.0000  low=118 high=0  attempts=3  state=ON  metric=rpr
2026-10-07T23:59:04Z  OBSERVE  recommendationservice->productcatalogservice  rpr=0.0000  low=119 high=0  attempts=3  state=ON  metric=rpr
2026-10-07T23:59:04Z  OBSERVE  recommendationservice  rejection=0.2812  low=0 high=46  state=OFF  metric=rejection
2026-10-07T23:59:06Z  OBSERVE  frontend->adservice  rpr=0.0000  low=119 high=0  attempts=3  state=ON  metric=rpr
2026-10-07T23:59:06Z  OBSERVE  frontend->cartservice  rpr=0.0000  low=120 high=0  attempts=3  state=ON  metric=rpr
2026-10-07T23:59:06Z  OBSERVE  frontend->checkoutservice  rpr=0.0000  low=76 high=0  attempts=3  state=ON  metric=rpr
2026-10-07T23:59:06Z  OBSERVE  frontend->currencyservice  rpr=0.0000  low=120 high=0  attempts=3  state=ON  metric=rpr
2026-10-07T23:59:06Z  OBSERVE  frontend->productcatalogservice  rpr=0.0000  low=120 high=0  attempts=3  state=ON  metric=rpr
2026-10-07T23:59:06Z  OBSERVE  frontend->shippingservice  rpr=0.0000  low=120 high=0  attempts=3  state=ON  metric=rpr
2026-10-07T23:59:06Z  OBSERVE  checkoutservice->cartservice  rpr=0.0000  low=119 high=0  attempts=3  state=ON  metric=rpr
2026-10-07T23:59:06Z  OBSERVE  checkoutservice->currencyservice  rpr=0.0000  low=119 high=0  attempts=3  state=ON  metric=rpr
2026-10-07T23:59:06Z  OBSERVE  checkoutservice->emailservice  rpr=0.0000  low=118 high=0  attempts=3  state=ON  metric=rpr
2026-10-07T23:59:06Z  OBSERVE  checkoutservice->paymentservice  rpr=0.0000  low=119 high=0  attempts=3  state=ON  metric=rpr
2026-10-07T23:59:06Z  OBSERVE  checkoutservice->shippingservice  rpr=0.0000  low=119 high=0  attempts=3  state=ON  metric=rpr
2026-10-07T23:59:06Z  OBSERVE  recommendationservice->productcatalogservice  rpr=0.0000  low=120 high=0  attempts=3  state=ON  metric=rpr
2026-10-07T23:59:06Z  OBSERVE  recommendationservice  rejection=0.2263  low=0 high=47  state=OFF  metric=rejection
2026-10-07T23:59:08Z  OBSERVE  frontend->adservice  rpr=0.0000  low=120 high=0  attempts=3  state=ON  metric=rpr
2026-10-07T23:59:08Z  OBSERVE  frontend->cartservice  rpr=0.0000  low=121 high=0  attempts=3  state=ON  metric=rpr
2026-10-07T23:59:08Z  OBSERVE  frontend->checkoutservice  rpr=0.0000  low=77 high=0  attempts=3  state=ON  metric=rpr
2026-10-07T23:59:08Z  OBSERVE  frontend->currencyservice  rpr=0.0000  low=121 high=0  attempts=3  state=ON  metric=rpr
2026-10-07T23:59:08Z  OBSERVE  frontend->productcatalogservice  rpr=0.0000  low=121 high=0  attempts=3  state=ON  metric=rpr
2026-10-07T23:59:08Z  OBSERVE  frontend->shippingservice  rpr=0.0000  low=121 high=0  attempts=3  state=ON  metric=rpr
2026-10-07T23:59:08Z  OBSERVE  checkoutservice->cartservice  rpr=0.0000  low=120 high=0  attempts=3  state=ON  metric=rpr
2026-10-07T23:59:08Z  OBSERVE  checkoutservice->currencyservice  rpr=0.0000  low=120 high=0  attempts=3  state=ON  metric=rpr
2026-10-07T23:59:08Z  OBSERVE  checkoutservice->emailservice  rpr=0.0000  low=119 high=0  attempts=3  state=ON  metric=rpr
2026-10-07T23:59:08Z  OBSERVE  checkoutservice->paymentservice  rpr=0.0000  low=120 high=0  attempts=3  state=ON  metric=rpr
2026-10-07T23:59:08Z  OBSERVE  checkoutservice->shippingservice  rpr=0.0000  low=120 high=0  attempts=3  state=ON  metric=rpr
2026-10-07T23:59:08Z  OBSERVE  recommendationservice->productcatalogservice  rpr=0.0000  low=121 high=0  attempts=3  state=ON  metric=rpr
2026-10-07T23:59:08Z  OBSERVE  recommendationservice  rejection=0.2845  low=0 high=48  state=OFF  metric=rejection
2026-10-07T23:59:10Z  OBSERVE  frontend->adservice  rpr=0.0000  low=121 high=0  attempts=3  state=ON  metric=rpr
2026-10-07T23:59:10Z  OBSERVE  frontend->cartservice  rpr=0.0000  low=122 high=0  attempts=3  state=ON  metric=rpr
2026-10-07T23:59:10Z  OBSERVE  frontend->checkoutservice  rpr=0.0000  low=78 high=0  attempts=3  state=ON  metric=rpr
2026-10-07T23:59:10Z  OBSERVE  frontend->currencyservice  rpr=0.0000  low=122 high=0  attempts=3  state=ON  metric=rpr
2026-10-07T23:59:10Z  OBSERVE  frontend->productcatalogservice  rpr=0.0000  low=122 high=0  attempts=3  state=ON  metric=rpr
2026-10-07T23:59:10Z  OBSERVE  frontend->shippingservice  rpr=0.0000  low=122 high=0  attempts=3  state=ON  metric=rpr
2026-10-07T23:59:10Z  OBSERVE  checkoutservice->cartservice  rpr=0.0000  low=121 high=0  attempts=3  state=ON  metric=rpr
2026-10-07T23:59:10Z  OBSERVE  checkoutservice->currencyservice  rpr=0.0000  low=121 high=0  attempts=3  state=ON  metric=rpr
2026-10-07T23:59:10Z  OBSERVE  checkoutservice->emailservice  rpr=0.0000  low=120 high=0  attempts=3  state=ON  metric=rpr
2026-10-07T23:59:10Z  OBSERVE  checkoutservice->paymentservice  rpr=0.0000  low=121 high=0  attempts=3  state=ON  metric=rpr
2026-10-07T23:59:10Z  OBSERVE  checkoutservice->shippingservice  rpr=0.0000  low=121 high=0  attempts=3  state=ON  metric=rpr
2026-10-07T23:59:10Z  OBSERVE  recommendationservice->productcatalogservice  rpr=0.0000  low=122 high=0  attempts=3  state=ON  metric=rpr
2026-10-07T23:59:10Z  OBSERVE  recommendationservice  rejection=0.2086  low=0 high=49  state=OFF  metric=rejection
2026-10-07T23:59:12Z  OBSERVE  frontend->adservice  rpr=0.0000  low=122 high=0  attempts=3  state=ON  metric=rpr
2026-10-07T23:59:12Z  OBSERVE  frontend->cartservice  rpr=0.0000  low=123 high=0  attempts=3  state=ON  metric=rpr
2026-10-07T23:59:12Z  OBSERVE  frontend->checkoutservice  rpr=0.0000  low=79 high=0  attempts=3  state=ON  metric=rpr
2026-10-07T23:59:12Z  OBSERVE  frontend->currencyservice  rpr=0.0000  low=123 high=0  attempts=3  state=ON  metric=rpr
2026-10-07T23:59:12Z  OBSERVE  frontend->productcatalogservice  rpr=0.0000  low=123 high=0  attempts=3  state=ON  metric=rpr
2026-10-07T23:59:12Z  OBSERVE  frontend->shippingservice  rpr=0.0000  low=123 high=0  attempts=3  state=ON  metric=rpr
2026-10-07T23:59:12Z  OBSERVE  checkoutservice->cartservice  rpr=0.0000  low=122 high=0  attempts=3  state=ON  metric=rpr
2026-10-07T23:59:12Z  OBSERVE  checkoutservice->currencyservice  rpr=0.0000  low=122 high=0  attempts=3  state=ON  metric=rpr
2026-10-07T23:59:12Z  OBSERVE  checkoutservice->emailservice  rpr=0.0000  low=121 high=0  attempts=3  state=ON  metric=rpr
2026-10-07T23:59:12Z  OBSERVE  checkoutservice->paymentservice  rpr=0.0000  low=122 high=0  attempts=3  state=ON  metric=rpr
2026-10-07T23:59:12Z  OBSERVE  checkoutservice->shippingservice  rpr=0.0000  low=122 high=0  attempts=3  state=ON  metric=rpr
2026-10-07T23:59:12Z  OBSERVE  recommendationservice->productcatalogservice  rpr=0.0000  low=123 high=0  attempts=3  state=ON  metric=rpr
2026-10-07T23:59:12Z  OBSERVE  recommendationservice  rejection=0.2903  low=0 high=50  state=OFF  metric=rejection
2026-10-07T23:59:14Z  OBSERVE  frontend->adservice  rpr=0.0000  low=123 high=0  attempts=3  state=ON  metric=rpr
2026-10-07T23:59:14Z  OBSERVE  frontend->cartservice  rpr=0.0000  low=124 high=0  attempts=3  state=ON  metric=rpr
2026-10-07T23:59:14Z  OBSERVE  frontend->checkoutservice  rpr=0.0000  low=80 high=0  attempts=3  state=ON  metric=rpr
2026-10-07T23:59:14Z  OBSERVE  frontend->currencyservice  rpr=0.0000  low=124 high=0  attempts=3  state=ON  metric=rpr
2026-10-07T23:59:14Z  OBSERVE  frontend->productcatalogservice  rpr=0.0000  low=124 high=0  attempts=3  state=ON  metric=rpr
2026-10-07T23:59:14Z  OBSERVE  frontend->shippingservice  rpr=0.0000  low=124 high=0  attempts=3  state=ON  metric=rpr
2026-10-07T23:59:14Z  OBSERVE  checkoutservice->cartservice  rpr=0.0000  low=123 high=0  attempts=3  state=ON  metric=rpr
2026-10-07T23:59:14Z  OBSERVE  checkoutservice->currencyservice  rpr=0.0000  low=123 high=0  attempts=3  state=ON  metric=rpr
2026-10-07T23:59:14Z  OBSERVE  checkoutservice->emailservice  rpr=0.0000  low=122 high=0  attempts=3  state=ON  metric=rpr
2026-10-07T23:59:14Z  OBSERVE  checkoutservice->paymentservice  rpr=0.0000  low=123 high=0  attempts=3  state=ON  metric=rpr
2026-10-07T23:59:14Z  OBSERVE  checkoutservice->shippingservice  rpr=0.0000  low=123 high=0  attempts=3  state=ON  metric=rpr
2026-10-07T23:59:14Z  OBSERVE  recommendationservice->productcatalogservice  rpr=0.0000  low=124 high=0  attempts=3  state=ON  metric=rpr
2026-10-07T23:59:14Z  OBSERVE  recommendationservice  rejection=0.2927  low=0 high=51  state=OFF  metric=rejection
2026-10-07T23:59:16Z  OBSERVE  frontend->adservice  rpr=0.0000  low=124 high=0  attempts=3  state=ON  metric=rpr
2026-10-07T23:59:16Z  OBSERVE  frontend->cartservice  rpr=0.0000  low=125 high=0  attempts=3  state=ON  metric=rpr
2026-10-07T23:59:16Z  OBSERVE  frontend->checkoutservice  rpr=0.0000  low=81 high=0  attempts=3  state=ON  metric=rpr
2026-10-07T23:59:16Z  OBSERVE  frontend->currencyservice  rpr=0.0000  low=125 high=0  attempts=3  state=ON  metric=rpr
2026-10-07T23:59:16Z  OBSERVE  frontend->productcatalogservice  rpr=0.0000  low=125 high=0  attempts=3  state=ON  metric=rpr
2026-10-07T23:59:16Z  OBSERVE  frontend->shippingservice  rpr=0.0000  low=125 high=0  attempts=3  state=ON  metric=rpr
2026-10-07T23:59:16Z  OBSERVE  checkoutservice->cartservice  rpr=0.0000  low=124 high=0  attempts=3  state=ON  metric=rpr
2026-10-07T23:59:16Z  OBSERVE  checkoutservice->currencyservice  rpr=0.0000  low=124 high=0  attempts=3  state=ON  metric=rpr
2026-10-07T23:59:16Z  OBSERVE  checkoutservice->emailservice  rpr=0.0000  low=123 high=0  attempts=3  state=ON  metric=rpr
2026-10-07T23:59:16Z  OBSERVE  checkoutservice->paymentservice  rpr=0.0000  low=124 high=0  attempts=3  state=ON  metric=rpr
2026-10-07T23:59:16Z  OBSERVE  checkoutservice->shippingservice  rpr=0.0000  low=124 high=0  attempts=3  state=ON  metric=rpr
2026-10-07T23:59:16Z  OBSERVE  recommendationservice->productcatalogservice  rpr=0.0000  low=125 high=0  attempts=3  state=ON  metric=rpr
2026-10-07T23:59:16Z  OBSERVE  recommendationservice  rejection=0.1787  low=0 high=52  state=OFF  metric=rejection
2026-10-07T23:59:18Z  OBSERVE  frontend->adservice  rpr=0.0000  low=125 high=0  attempts=3  state=ON  metric=rpr
2026-10-07T23:59:18Z  OBSERVE  frontend->cartservice  rpr=0.0000  low=126 high=0  attempts=3  state=ON  metric=rpr
2026-10-07T23:59:18Z  OBSERVE  frontend->checkoutservice  rpr=0.0000  low=82 high=0  attempts=3  state=ON  metric=rpr
2026-10-07T23:59:18Z  OBSERVE  frontend->currencyservice  rpr=0.0000  low=126 high=0  attempts=3  state=ON  metric=rpr
2026-10-07T23:59:18Z  OBSERVE  frontend->productcatalogservice  rpr=0.0000  low=126 high=0  attempts=3  state=ON  metric=rpr
2026-10-07T23:59:18Z  OBSERVE  frontend->shippingservice  rpr=0.0000  low=126 high=0  attempts=3  state=ON  metric=rpr
2026-10-07T23:59:18Z  OBSERVE  checkoutservice->cartservice  rpr=0.0000  low=125 high=0  attempts=3  state=ON  metric=rpr
2026-10-07T23:59:18Z  OBSERVE  checkoutservice->currencyservice  rpr=0.0000  low=125 high=0  attempts=3  state=ON  metric=rpr
2026-10-07T23:59:18Z  OBSERVE  checkoutservice->emailservice  rpr=0.0000  low=124 high=0  attempts=3  state=ON  metric=rpr
2026-10-07T23:59:18Z  OBSERVE  checkoutservice->paymentservice  rpr=0.0000  low=125 high=0  attempts=3  state=ON  metric=rpr
2026-10-07T23:59:18Z  OBSERVE  checkoutservice->shippingservice  rpr=0.0000  low=125 high=0  attempts=3  state=ON  metric=rpr
2026-10-07T23:59:18Z  OBSERVE  recommendationservice->productcatalogservice  rpr=0.0000  low=126 high=0  attempts=3  state=ON  metric=rpr
2026-10-07T23:59:18Z  OBSERVE  recommendationservice  rejection=0.2357  low=0 high=53  state=OFF  metric=rejection
2026-10-07T23:59:20Z  OBSERVE  frontend->adservice  rpr=0.0000  low=126 high=0  attempts=3  state=ON  metric=rpr
2026-10-07T23:59:20Z  OBSERVE  frontend->cartservice  rpr=0.0000  low=127 high=0  attempts=3  state=ON  metric=rpr
2026-10-07T23:59:20Z  OBSERVE  frontend->checkoutservice  rpr=0.0000  low=83 high=0  attempts=3  state=ON  metric=rpr
2026-10-07T23:59:20Z  OBSERVE  frontend->currencyservice  rpr=0.0000  low=127 high=0  attempts=3  state=ON  metric=rpr
2026-10-07T23:59:20Z  OBSERVE  frontend->productcatalogservice  rpr=0.0000  low=127 high=0  attempts=3  state=ON  metric=rpr
2026-10-07T23:59:20Z  OBSERVE  frontend->shippingservice  rpr=0.0000  low=127 high=0  attempts=3  state=ON  metric=rpr
2026-10-07T23:59:20Z  OBSERVE  checkoutservice->cartservice  rpr=0.0000  low=126 high=0  attempts=3  state=ON  metric=rpr
2026-10-07T23:59:20Z  OBSERVE  checkoutservice->currencyservice  rpr=0.0000  low=126 high=0  attempts=3  state=ON  metric=rpr
2026-10-07T23:59:20Z  OBSERVE  checkoutservice->emailservice  rpr=0.0000  low=125 high=0  attempts=3  state=ON  metric=rpr
2026-10-07T23:59:20Z  OBSERVE  checkoutservice->paymentservice  rpr=0.0000  low=126 high=0  attempts=3  state=ON  metric=rpr
2026-10-07T23:59:20Z  OBSERVE  checkoutservice->shippingservice  rpr=0.0000  low=126 high=0  attempts=3  state=ON  metric=rpr
2026-10-07T23:59:20Z  OBSERVE  recommendationservice->productcatalogservice  rpr=0.0000  low=127 high=0  attempts=3  state=ON  metric=rpr
2026-10-07T23:59:20Z  OBSERVE  recommendationservice  rejection=0.3593  low=0 high=54  state=OFF  metric=rejection
2026-10-07T23:59:22Z  OBSERVE  frontend->adservice  rpr=0.0000  low=127 high=0  attempts=3  state=ON  metric=rpr
2026-10-07T23:59:22Z  OBSERVE  frontend->cartservice  rpr=0.0000  low=128 high=0  attempts=3  state=ON  metric=rpr
2026-10-07T23:59:22Z  OBSERVE  frontend->checkoutservice  rpr=0.0000  low=84 high=0  attempts=3  state=ON  metric=rpr
2026-10-07T23:59:22Z  OBSERVE  frontend->currencyservice  rpr=0.0000  low=128 high=0  attempts=3  state=ON  metric=rpr
2026-10-07T23:59:22Z  OBSERVE  frontend->productcatalogservice  rpr=0.0000  low=128 high=0  attempts=3  state=ON  metric=rpr
2026-10-07T23:59:22Z  OBSERVE  frontend->shippingservice  rpr=0.0000  low=128 high=0  attempts=3  state=ON  metric=rpr
2026-10-07T23:59:22Z  OBSERVE  checkoutservice->cartservice  rpr=0.0000  low=127 high=0  attempts=3  state=ON  metric=rpr
2026-10-07T23:59:22Z  OBSERVE  checkoutservice->currencyservice  rpr=0.0000  low=127 high=0  attempts=3  state=ON  metric=rpr
2026-10-07T23:59:22Z  OBSERVE  checkoutservice->emailservice  rpr=0.0000  low=126 high=0  attempts=3  state=ON  metric=rpr
2026-10-07T23:59:22Z  OBSERVE  checkoutservice->paymentservice  rpr=0.0000  low=127 high=0  attempts=3  state=ON  metric=rpr
2026-10-07T23:59:22Z  OBSERVE  checkoutservice->shippingservice  rpr=0.0000  low=127 high=0  attempts=3  state=ON  metric=rpr
2026-10-07T23:59:22Z  OBSERVE  recommendationservice->productcatalogservice  rpr=0.0000  low=128 high=0  attempts=3  state=ON  metric=rpr
2026-10-07T23:59:22Z  OBSERVE  recommendationservice  rejection=0.3089  low=0 high=55  state=OFF  metric=rejection
2026-10-07T23:59:24Z  OBSERVE  frontend->adservice  rpr=0.0000  low=128 high=0  attempts=3  state=ON  metric=rpr
2026-10-07T23:59:24Z  OBSERVE  frontend->cartservice  rpr=0.0000  low=129 high=0  attempts=3  state=ON  metric=rpr
2026-10-07T23:59:24Z  OBSERVE  frontend->checkoutservice  rpr=0.0000  low=85 high=0  attempts=3  state=ON  metric=rpr
2026-10-07T23:59:24Z  OBSERVE  frontend->currencyservice  rpr=0.0000  low=129 high=0  attempts=3  state=ON  metric=rpr
2026-10-07T23:59:24Z  OBSERVE  frontend->productcatalogservice  rpr=0.0000  low=129 high=0  attempts=3  state=ON  metric=rpr
2026-10-07T23:59:24Z  OBSERVE  frontend->shippingservice  rpr=0.0000  low=129 high=0  attempts=3  state=ON  metric=rpr
2026-10-07T23:59:24Z  OBSERVE  checkoutservice->cartservice  rpr=0.0000  low=128 high=0  attempts=3  state=ON  metric=rpr
2026-10-07T23:59:24Z  OBSERVE  checkoutservice->currencyservice  rpr=0.0000  low=128 high=0  attempts=3  state=ON  metric=rpr
2026-10-07T23:59:24Z  OBSERVE  checkoutservice->emailservice  rpr=0.0000  low=127 high=0  attempts=3  state=ON  metric=rpr
2026-10-07T23:59:24Z  OBSERVE  checkoutservice->paymentservice  rpr=0.0000  low=128 high=0  attempts=3  state=ON  metric=rpr
2026-10-07T23:59:24Z  OBSERVE  checkoutservice->shippingservice  rpr=0.0000  low=128 high=0  attempts=3  state=ON  metric=rpr
2026-10-07T23:59:24Z  OBSERVE  recommendationservice->productcatalogservice  rpr=0.0000  low=129 high=0  attempts=3  state=ON  metric=rpr
2026-10-07T23:59:24Z  OBSERVE  recommendationservice  rejection=0.3276  low=0 high=56  state=OFF  metric=rejection
2026-10-07T23:59:26Z  OBSERVE  frontend->adservice  rpr=0.0000  low=129 high=0  attempts=3  state=ON  metric=rpr
2026-10-07T23:59:26Z  OBSERVE  frontend->cartservice  rpr=0.0000  low=130 high=0  attempts=3  state=ON  metric=rpr
2026-10-07T23:59:26Z  OBSERVE  frontend->checkoutservice  rpr=0.0000  low=86 high=0  attempts=3  state=ON  metric=rpr
2026-10-07T23:59:26Z  OBSERVE  frontend->currencyservice  rpr=0.0000  low=130 high=0  attempts=3  state=ON  metric=rpr
2026-10-07T23:59:26Z  OBSERVE  frontend->productcatalogservice  rpr=0.0000  low=130 high=0  attempts=3  state=ON  metric=rpr
2026-10-07T23:59:26Z  OBSERVE  frontend->shippingservice  rpr=0.0000  low=130 high=0  attempts=3  state=ON  metric=rpr
2026-10-07T23:59:26Z  OBSERVE  checkoutservice->cartservice  rpr=0.0000  low=129 high=0  attempts=3  state=ON  metric=rpr
2026-10-07T23:59:26Z  OBSERVE  checkoutservice->currencyservice  rpr=0.0000  low=129 high=0  attempts=3  state=ON  metric=rpr
2026-10-07T23:59:26Z  OBSERVE  checkoutservice->emailservice  rpr=0.0000  low=128 high=0  attempts=3  state=ON  metric=rpr
2026-10-07T23:59:26Z  OBSERVE  checkoutservice->paymentservice  rpr=0.0000  low=129 high=0  attempts=3  state=ON  metric=rpr
2026-10-07T23:59:26Z  OBSERVE  checkoutservice->shippingservice  rpr=0.0000  low=129 high=0  attempts=3  state=ON  metric=rpr
2026-10-07T23:59:26Z  OBSERVE  recommendationservice->productcatalogservice  rpr=0.0000  low=130 high=0  attempts=3  state=ON  metric=rpr
2026-10-07T23:59:26Z  OBSERVE  recommendationservice  rejection=0.2447  low=0 high=57  state=OFF  metric=rejection
2026-10-07T23:59:28Z  OBSERVE  frontend->adservice  rpr=0.0000  low=130 high=0  attempts=3  state=ON  metric=rpr
2026-10-07T23:59:28Z  OBSERVE  frontend->cartservice  rpr=0.0000  low=131 high=0  attempts=3  state=ON  metric=rpr
2026-10-07T23:59:28Z  OBSERVE  frontend->checkoutservice  rpr=0.0000  low=87 high=0  attempts=3  state=ON  metric=rpr
2026-10-07T23:59:28Z  OBSERVE  frontend->currencyservice  rpr=0.0000  low=131 high=0  attempts=3  state=ON  metric=rpr
2026-10-07T23:59:28Z  OBSERVE  frontend->productcatalogservice  rpr=0.0000  low=131 high=0  attempts=3  state=ON  metric=rpr
2026-10-07T23:59:28Z  OBSERVE  frontend->shippingservice  rpr=0.0000  low=131 high=0  attempts=3  state=ON  metric=rpr
2026-10-07T23:59:28Z  OBSERVE  checkoutservice->cartservice  rpr=0.0000  low=130 high=0  attempts=3  state=ON  metric=rpr
2026-10-07T23:59:28Z  OBSERVE  checkoutservice->currencyservice  rpr=0.0000  low=130 high=0  attempts=3  state=ON  metric=rpr
2026-10-07T23:59:28Z  OBSERVE  checkoutservice->emailservice  rpr=0.0000  low=129 high=0  attempts=3  state=ON  metric=rpr
2026-10-07T23:59:28Z  OBSERVE  checkoutservice->paymentservice  rpr=0.0000  low=130 high=0  attempts=3  state=ON  metric=rpr
2026-10-07T23:59:28Z  OBSERVE  checkoutservice->shippingservice  rpr=0.0000  low=130 high=0  attempts=3  state=ON  metric=rpr
2026-10-07T23:59:28Z  OBSERVE  recommendationservice->productcatalogservice  rpr=0.0000  low=131 high=0  attempts=3  state=ON  metric=rpr
2026-10-07T23:59:28Z  OBSERVE  recommendationservice  rejection=0.2660  low=0 high=58  state=OFF  metric=rejection
2026-10-07T23:59:30Z  OBSERVE  frontend->adservice  rpr=0.0000  low=131 high=0  attempts=3  state=ON  metric=rpr
2026-10-07T23:59:30Z  OBSERVE  frontend->cartservice  rpr=0.0000  low=132 high=0  attempts=3  state=ON  metric=rpr
2026-10-07T23:59:30Z  OBSERVE  frontend->checkoutservice  rpr=0.0000  low=88 high=0  attempts=3  state=ON  metric=rpr
2026-10-07T23:59:30Z  OBSERVE  frontend->currencyservice  rpr=0.0000  low=132 high=0  attempts=3  state=ON  metric=rpr
2026-10-07T23:59:30Z  OBSERVE  frontend->productcatalogservice  rpr=0.0000  low=132 high=0  attempts=3  state=ON  metric=rpr
2026-10-07T23:59:30Z  OBSERVE  frontend->shippingservice  rpr=0.0000  low=132 high=0  attempts=3  state=ON  metric=rpr
2026-10-07T23:59:30Z  OBSERVE  checkoutservice->cartservice  rpr=0.0000  low=131 high=0  attempts=3  state=ON  metric=rpr
2026-10-07T23:59:30Z  OBSERVE  checkoutservice->currencyservice  rpr=0.0000  low=131 high=0  attempts=3  state=ON  metric=rpr
2026-10-07T23:59:30Z  OBSERVE  checkoutservice->emailservice  rpr=0.0000  low=130 high=0  attempts=3  state=ON  metric=rpr
2026-10-07T23:59:30Z  OBSERVE  checkoutservice->paymentservice  rpr=0.0000  low=131 high=0  attempts=3  state=ON  metric=rpr
2026-10-07T23:59:30Z  OBSERVE  checkoutservice->shippingservice  rpr=0.0000  low=131 high=0  attempts=3  state=ON  metric=rpr
2026-10-07T23:59:30Z  OBSERVE  recommendationservice->productcatalogservice  rpr=0.0000  low=132 high=0  attempts=3  state=ON  metric=rpr
2026-10-07T23:59:30Z  OBSERVE  recommendationservice  rejection=0.3169  low=0 high=59  state=OFF  metric=rejection
2026-10-07T23:59:32Z  OBSERVE  frontend->adservice  rpr=0.0000  low=132 high=0  attempts=3  state=ON  metric=rpr
2026-10-07T23:59:32Z  OBSERVE  frontend->cartservice  rpr=0.0000  low=133 high=0  attempts=3  state=ON  metric=rpr
2026-10-07T23:59:32Z  OBSERVE  frontend->checkoutservice  rpr=0.0000  low=89 high=0  attempts=3  state=ON  metric=rpr
2026-10-07T23:59:32Z  OBSERVE  frontend->currencyservice  rpr=0.0000  low=133 high=0  attempts=3  state=ON  metric=rpr
2026-10-07T23:59:32Z  OBSERVE  frontend->productcatalogservice  rpr=0.0000  low=133 high=0  attempts=3  state=ON  metric=rpr
2026-10-07T23:59:32Z  OBSERVE  frontend->shippingservice  rpr=0.0000  low=133 high=0  attempts=3  state=ON  metric=rpr
2026-10-07T23:59:32Z  OBSERVE  checkoutservice->cartservice  rpr=0.0000  low=132 high=0  attempts=3  state=ON  metric=rpr
2026-10-07T23:59:32Z  OBSERVE  checkoutservice->currencyservice  rpr=0.0000  low=132 high=0  attempts=3  state=ON  metric=rpr
2026-10-07T23:59:32Z  OBSERVE  checkoutservice->emailservice  rpr=0.0000  low=131 high=0  attempts=3  state=ON  metric=rpr
2026-10-07T23:59:32Z  OBSERVE  checkoutservice->paymentservice  rpr=0.0000  low=132 high=0  attempts=3  state=ON  metric=rpr
2026-10-07T23:59:32Z  OBSERVE  checkoutservice->shippingservice  rpr=0.0000  low=132 high=0  attempts=3  state=ON  metric=rpr
2026-10-07T23:59:32Z  OBSERVE  recommendationservice->productcatalogservice  rpr=0.0000  low=133 high=0  attempts=3  state=ON  metric=rpr
2026-10-07T23:59:32Z  OBSERVE  recommendationservice  rejection=0.2692  low=0 high=60  state=OFF  metric=rejection
2026-10-07T23:59:34Z  OBSERVE  frontend->adservice  rpr=0.0000  low=133 high=0  attempts=3  state=ON  metric=rpr
2026-10-07T23:59:34Z  OBSERVE  frontend->cartservice  rpr=0.0000  low=134 high=0  attempts=3  state=ON  metric=rpr
2026-10-07T23:59:34Z  OBSERVE  frontend->checkoutservice  rpr=0.0167  low=90 high=0  attempts=3  state=ON  metric=rpr
2026-10-07T23:59:34Z  OBSERVE  frontend->currencyservice  rpr=0.0000  low=134 high=0  attempts=3  state=ON  metric=rpr
2026-10-07T23:59:34Z  OBSERVE  frontend->productcatalogservice  rpr=0.0000  low=134 high=0  attempts=3  state=ON  metric=rpr
2026-10-07T23:59:34Z  OBSERVE  frontend->shippingservice  rpr=0.0000  low=134 high=0  attempts=3  state=ON  metric=rpr
2026-10-07T23:59:34Z  OBSERVE  checkoutservice->cartservice  rpr=0.0000  low=133 high=0  attempts=3  state=ON  metric=rpr
2026-10-07T23:59:34Z  OBSERVE  checkoutservice->currencyservice  rpr=0.0000  low=133 high=0  attempts=3  state=ON  metric=rpr
2026-10-07T23:59:34Z  OBSERVE  checkoutservice->emailservice  rpr=0.0000  low=132 high=0  attempts=3  state=ON  metric=rpr
2026-10-07T23:59:34Z  OBSERVE  checkoutservice->paymentservice  rpr=0.0000  low=133 high=0  attempts=3  state=ON  metric=rpr
2026-10-07T23:59:34Z  OBSERVE  checkoutservice->shippingservice  rpr=0.0000  low=133 high=0  attempts=3  state=ON  metric=rpr
2026-10-07T23:59:34Z  OBSERVE  recommendationservice->productcatalogservice  rpr=0.0000  low=134 high=0  attempts=3  state=ON  metric=rpr
2026-10-07T23:59:34Z  OBSERVE  recommendationservice  rejection=0.2628  low=0 high=61  state=OFF  metric=rejection
2026-10-07T23:59:36Z  OBSERVE  frontend->adservice  rpr=0.0000  low=134 high=0  attempts=3  state=ON  metric=rpr
2026-10-07T23:59:36Z  OBSERVE  frontend->cartservice  rpr=0.0000  low=135 high=0  attempts=3  state=ON  metric=rpr
2026-10-07T23:59:36Z  OBSERVE  frontend->checkoutservice  rpr=0.0000  low=91 high=0  attempts=3  state=ON  metric=rpr
2026-10-07T23:59:36Z  OBSERVE  frontend->currencyservice  rpr=0.0000  low=135 high=0  attempts=3  state=ON  metric=rpr
2026-10-07T23:59:36Z  OBSERVE  frontend->productcatalogservice  rpr=0.0000  low=135 high=0  attempts=3  state=ON  metric=rpr
2026-10-07T23:59:36Z  OBSERVE  frontend->shippingservice  rpr=0.0000  low=135 high=0  attempts=3  state=ON  metric=rpr
2026-10-07T23:59:36Z  OBSERVE  checkoutservice->cartservice  rpr=0.0000  low=134 high=0  attempts=3  state=ON  metric=rpr
2026-10-07T23:59:36Z  OBSERVE  checkoutservice->currencyservice  rpr=0.0000  low=134 high=0  attempts=3  state=ON  metric=rpr
2026-10-07T23:59:36Z  OBSERVE  checkoutservice->emailservice  rpr=0.0000  low=133 high=0  attempts=3  state=ON  metric=rpr
2026-10-07T23:59:36Z  OBSERVE  checkoutservice->paymentservice  rpr=0.0000  low=134 high=0  attempts=3  state=ON  metric=rpr
2026-10-07T23:59:36Z  OBSERVE  checkoutservice->shippingservice  rpr=0.0000  low=134 high=0  attempts=3  state=ON  metric=rpr
2026-10-07T23:59:36Z  OBSERVE  recommendationservice->productcatalogservice  rpr=0.0000  low=135 high=0  attempts=3  state=ON  metric=rpr
2026-10-07T23:59:36Z  OBSERVE  recommendationservice  rejection=0.2918  low=0 high=62  state=OFF  metric=rejection
2026-10-07T23:59:38Z  OBSERVE  frontend->adservice  rpr=0.0000  low=135 high=0  attempts=3  state=ON  metric=rpr
2026-10-07T23:59:38Z  OBSERVE  frontend->cartservice  rpr=0.0000  low=136 high=0  attempts=3  state=ON  metric=rpr
2026-10-07T23:59:38Z  OBSERVE  frontend->checkoutservice  rpr=0.0000  low=92 high=0  attempts=3  state=ON  metric=rpr
2026-10-07T23:59:38Z  OBSERVE  frontend->currencyservice  rpr=0.0000  low=136 high=0  attempts=3  state=ON  metric=rpr
2026-10-07T23:59:38Z  OBSERVE  frontend->productcatalogservice  rpr=0.0000  low=136 high=0  attempts=3  state=ON  metric=rpr
2026-10-07T23:59:38Z  OBSERVE  frontend->shippingservice  rpr=0.0000  low=136 high=0  attempts=3  state=ON  metric=rpr
2026-10-07T23:59:38Z  OBSERVE  checkoutservice->cartservice  rpr=0.0000  low=135 high=0  attempts=3  state=ON  metric=rpr
2026-10-07T23:59:38Z  OBSERVE  checkoutservice->currencyservice  rpr=0.0000  low=135 high=0  attempts=3  state=ON  metric=rpr
2026-10-07T23:59:38Z  OBSERVE  checkoutservice->emailservice  rpr=0.0000  low=134 high=0  attempts=3  state=ON  metric=rpr
2026-10-07T23:59:38Z  OBSERVE  checkoutservice->paymentservice  rpr=0.0000  low=135 high=0  attempts=3  state=ON  metric=rpr
2026-10-07T23:59:38Z  OBSERVE  checkoutservice->shippingservice  rpr=0.0000  low=135 high=0  attempts=3  state=ON  metric=rpr
2026-10-07T23:59:38Z  OBSERVE  recommendationservice->productcatalogservice  rpr=0.0000  low=136 high=0  attempts=3  state=ON  metric=rpr
2026-10-07T23:59:38Z  OBSERVE  recommendationservice  rejection=0.2971  low=0 high=63  state=OFF  metric=rejection
2026-10-07T23:59:40Z  OBSERVE  frontend->adservice  rpr=0.0000  low=136 high=0  attempts=3  state=ON  metric=rpr
2026-10-07T23:59:40Z  OBSERVE  frontend->cartservice  rpr=0.0000  low=137 high=0  attempts=3  state=ON  metric=rpr
2026-10-07T23:59:40Z  OBSERVE  frontend->checkoutservice  rpr=0.0000  low=93 high=0  attempts=3  state=ON  metric=rpr
2026-10-07T23:59:40Z  OBSERVE  frontend->currencyservice  rpr=0.0000  low=137 high=0  attempts=3  state=ON  metric=rpr
2026-10-07T23:59:40Z  OBSERVE  frontend->productcatalogservice  rpr=0.0000  low=137 high=0  attempts=3  state=ON  metric=rpr
2026-10-07T23:59:40Z  OBSERVE  frontend->shippingservice  rpr=0.0000  low=137 high=0  attempts=3  state=ON  metric=rpr
2026-10-07T23:59:40Z  OBSERVE  checkoutservice->cartservice  rpr=0.0000  low=136 high=0  attempts=3  state=ON  metric=rpr
2026-10-07T23:59:40Z  OBSERVE  checkoutservice->currencyservice  rpr=0.0000  low=136 high=0  attempts=3  state=ON  metric=rpr
2026-10-07T23:59:40Z  OBSERVE  checkoutservice->emailservice  rpr=0.0000  low=135 high=0  attempts=3  state=ON  metric=rpr
2026-10-07T23:59:40Z  OBSERVE  checkoutservice->paymentservice  rpr=0.0000  low=136 high=0  attempts=3  state=ON  metric=rpr
2026-10-07T23:59:40Z  OBSERVE  checkoutservice->shippingservice  rpr=0.0000  low=136 high=0  attempts=3  state=ON  metric=rpr
2026-10-07T23:59:40Z  OBSERVE  recommendationservice->productcatalogservice  rpr=0.0000  low=137 high=0  attempts=3  state=ON  metric=rpr
2026-10-07T23:59:40Z  OBSERVE  recommendationservice  rejection=0.3112  low=0 high=64  state=OFF  metric=rejection
2026-10-07T23:59:42Z  OBSERVE  frontend->adservice  rpr=0.0000  low=137 high=0  attempts=3  state=ON  metric=rpr
2026-10-07T23:59:42Z  OBSERVE  frontend->cartservice  rpr=0.0000  low=138 high=0  attempts=3  state=ON  metric=rpr
2026-10-07T23:59:42Z  OBSERVE  frontend->checkoutservice  rpr=0.0000  low=94 high=0  attempts=3  state=ON  metric=rpr
2026-10-07T23:59:42Z  OBSERVE  frontend->currencyservice  rpr=0.0000  low=138 high=0  attempts=3  state=ON  metric=rpr
2026-10-07T23:59:42Z  OBSERVE  frontend->productcatalogservice  rpr=0.0000  low=138 high=0  attempts=3  state=ON  metric=rpr
2026-10-07T23:59:42Z  OBSERVE  frontend->shippingservice  rpr=0.0000  low=138 high=0  attempts=3  state=ON  metric=rpr
2026-10-07T23:59:42Z  OBSERVE  checkoutservice->cartservice  rpr=0.0000  low=137 high=0  attempts=3  state=ON  metric=rpr
2026-10-07T23:59:42Z  OBSERVE  checkoutservice->currencyservice  rpr=0.0000  low=137 high=0  attempts=3  state=ON  metric=rpr
2026-10-07T23:59:42Z  OBSERVE  checkoutservice->emailservice  rpr=0.0000  low=136 high=0  attempts=3  state=ON  metric=rpr
2026-10-07T23:59:42Z  OBSERVE  checkoutservice->paymentservice  rpr=0.0000  low=137 high=0  attempts=3  state=ON  metric=rpr
2026-10-07T23:59:42Z  OBSERVE  checkoutservice->shippingservice  rpr=0.0000  low=137 high=0  attempts=3  state=ON  metric=rpr
2026-10-07T23:59:42Z  OBSERVE  recommendationservice->productcatalogservice  rpr=0.0000  low=138 high=0  attempts=3  state=ON  metric=rpr
2026-10-07T23:59:42Z  OBSERVE  recommendationservice  rejection=0.2862  low=0 high=65  state=OFF  metric=rejection
2026-10-07T23:59:44Z  OBSERVE  frontend->adservice  rpr=0.0000  low=138 high=0  attempts=3  state=ON  metric=rpr
2026-10-07T23:59:44Z  OBSERVE  frontend->cartservice  rpr=0.0000  low=139 high=0  attempts=3  state=ON  metric=rpr
2026-10-07T23:59:44Z  OBSERVE  frontend->checkoutservice  rpr=0.0000  low=95 high=0  attempts=3  state=ON  metric=rpr
2026-10-07T23:59:44Z  OBSERVE  frontend->currencyservice  rpr=0.0000  low=139 high=0  attempts=3  state=ON  metric=rpr
2026-10-07T23:59:44Z  OBSERVE  frontend->productcatalogservice  rpr=0.0000  low=139 high=0  attempts=3  state=ON  metric=rpr
2026-10-07T23:59:44Z  OBSERVE  frontend->shippingservice  rpr=0.0000  low=139 high=0  attempts=3  state=ON  metric=rpr
2026-10-07T23:59:44Z  OBSERVE  checkoutservice->cartservice  rpr=0.0000  low=138 high=0  attempts=3  state=ON  metric=rpr
2026-10-07T23:59:44Z  OBSERVE  checkoutservice->currencyservice  rpr=0.0000  low=138 high=0  attempts=3  state=ON  metric=rpr
2026-10-07T23:59:44Z  OBSERVE  checkoutservice->emailservice  rpr=0.0000  low=137 high=0  attempts=3  state=ON  metric=rpr
2026-10-07T23:59:44Z  OBSERVE  checkoutservice->paymentservice  rpr=0.0000  low=138 high=0  attempts=3  state=ON  metric=rpr
2026-10-07T23:59:44Z  OBSERVE  checkoutservice->shippingservice  rpr=0.0000  low=138 high=0  attempts=3  state=ON  metric=rpr
2026-10-07T23:59:44Z  OBSERVE  recommendationservice->productcatalogservice  rpr=0.0000  low=139 high=0  attempts=3  state=ON  metric=rpr
2026-10-07T23:59:44Z  OBSERVE  recommendationservice  rejection=0.3372  low=0 high=66  state=OFF  metric=rejection
2026-10-07T23:59:46Z  OBSERVE  frontend->adservice  rpr=0.0000  low=139 high=0  attempts=3  state=ON  metric=rpr
2026-10-07T23:59:46Z  OBSERVE  frontend->cartservice  rpr=0.0000  low=140 high=0  attempts=3  state=ON  metric=rpr
2026-10-07T23:59:46Z  OBSERVE  frontend->checkoutservice  rpr=0.0000  low=96 high=0  attempts=3  state=ON  metric=rpr
2026-10-07T23:59:46Z  OBSERVE  frontend->currencyservice  rpr=0.0000  low=140 high=0  attempts=3  state=ON  metric=rpr
2026-10-07T23:59:46Z  OBSERVE  frontend->productcatalogservice  rpr=0.0000  low=140 high=0  attempts=3  state=ON  metric=rpr
2026-10-07T23:59:46Z  OBSERVE  frontend->shippingservice  rpr=0.0000  low=140 high=0  attempts=3  state=ON  metric=rpr
2026-10-07T23:59:46Z  OBSERVE  checkoutservice->cartservice  rpr=0.0000  low=139 high=0  attempts=3  state=ON  metric=rpr
2026-10-07T23:59:46Z  OBSERVE  checkoutservice->currencyservice  rpr=0.0000  low=139 high=0  attempts=3  state=ON  metric=rpr
2026-10-07T23:59:46Z  OBSERVE  checkoutservice->emailservice  rpr=0.0000  low=138 high=0  attempts=3  state=ON  metric=rpr
2026-10-07T23:59:46Z  OBSERVE  checkoutservice->paymentservice  rpr=0.0000  low=139 high=0  attempts=3  state=ON  metric=rpr
2026-10-07T23:59:46Z  OBSERVE  checkoutservice->shippingservice  rpr=0.0000  low=139 high=0  attempts=3  state=ON  metric=rpr
2026-10-07T23:59:46Z  OBSERVE  recommendationservice->productcatalogservice  rpr=0.0000  low=140 high=0  attempts=3  state=ON  metric=rpr
2026-10-07T23:59:46Z  OBSERVE  recommendationservice  rejection=0.2136  low=0 high=67  state=OFF  metric=rejection
2026-10-07T23:59:48Z  OBSERVE  frontend->adservice  rpr=0.0000  low=140 high=0  attempts=3  state=ON  metric=rpr
2026-10-07T23:59:48Z  OBSERVE  frontend->cartservice  rpr=0.0000  low=141 high=0  attempts=3  state=ON  metric=rpr
2026-10-07T23:59:48Z  OBSERVE  frontend->checkoutservice  rpr=0.0000  low=97 high=0  attempts=3  state=ON  metric=rpr
2026-10-07T23:59:48Z  OBSERVE  frontend->currencyservice  rpr=0.0000  low=141 high=0  attempts=3  state=ON  metric=rpr
2026-10-07T23:59:48Z  OBSERVE  frontend->productcatalogservice  rpr=0.0000  low=141 high=0  attempts=3  state=ON  metric=rpr
2026-10-07T23:59:48Z  OBSERVE  frontend->shippingservice  rpr=0.0000  low=141 high=0  attempts=3  state=ON  metric=rpr
2026-10-07T23:59:48Z  OBSERVE  checkoutservice->cartservice  rpr=0.0000  low=140 high=0  attempts=3  state=ON  metric=rpr
2026-10-07T23:59:48Z  OBSERVE  checkoutservice->currencyservice  rpr=0.0000  low=140 high=0  attempts=3  state=ON  metric=rpr
2026-10-07T23:59:48Z  OBSERVE  checkoutservice->emailservice  rpr=0.0000  low=139 high=0  attempts=3  state=ON  metric=rpr
2026-10-07T23:59:48Z  OBSERVE  checkoutservice->paymentservice  rpr=0.0000  low=140 high=0  attempts=3  state=ON  metric=rpr
2026-10-07T23:59:48Z  OBSERVE  checkoutservice->shippingservice  rpr=0.0000  low=140 high=0  attempts=3  state=ON  metric=rpr
2026-10-07T23:59:48Z  OBSERVE  recommendationservice->productcatalogservice  rpr=0.0000  low=141 high=0  attempts=3  state=ON  metric=rpr
2026-10-07T23:59:48Z  OBSERVE  recommendationservice  rejection=0.2165  low=0 high=68  state=OFF  metric=rejection
2026-10-07T23:59:50Z  OBSERVE  frontend->adservice  rpr=0.0000  low=141 high=0  attempts=3  state=ON  metric=rpr
2026-10-07T23:59:50Z  OBSERVE  frontend->cartservice  rpr=0.0000  low=142 high=0  attempts=3  state=ON  metric=rpr
2026-10-07T23:59:50Z  OBSERVE  frontend->checkoutservice  rpr=0.0000  low=98 high=0  attempts=3  state=ON  metric=rpr
2026-10-07T23:59:50Z  OBSERVE  frontend->currencyservice  rpr=0.0000  low=142 high=0  attempts=3  state=ON  metric=rpr
2026-10-07T23:59:50Z  OBSERVE  frontend->productcatalogservice  rpr=0.0000  low=142 high=0  attempts=3  state=ON  metric=rpr
2026-10-07T23:59:50Z  OBSERVE  frontend->shippingservice  rpr=0.0000  low=142 high=0  attempts=3  state=ON  metric=rpr
2026-10-07T23:59:50Z  OBSERVE  checkoutservice->cartservice  rpr=0.0000  low=141 high=0  attempts=3  state=ON  metric=rpr
2026-10-07T23:59:50Z  OBSERVE  checkoutservice->currencyservice  rpr=0.0000  low=141 high=0  attempts=3  state=ON  metric=rpr
2026-10-07T23:59:50Z  OBSERVE  checkoutservice->emailservice  rpr=0.0000  low=140 high=0  attempts=3  state=ON  metric=rpr
2026-10-07T23:59:50Z  OBSERVE  checkoutservice->paymentservice  rpr=0.0000  low=141 high=0  attempts=3  state=ON  metric=rpr
2026-10-07T23:59:50Z  OBSERVE  checkoutservice->shippingservice  rpr=0.0000  low=141 high=0  attempts=3  state=ON  metric=rpr
2026-10-07T23:59:50Z  OBSERVE  recommendationservice->productcatalogservice  rpr=0.0000  low=142 high=0  attempts=3  state=ON  metric=rpr
2026-10-07T23:59:50Z  OBSERVE  recommendationservice  rejection=0.2252  low=0 high=69  state=OFF  metric=rejection
2026-10-07T23:59:52Z  OBSERVE  frontend->adservice  rpr=0.0000  low=142 high=0  attempts=3  state=ON  metric=rpr
2026-10-07T23:59:52Z  OBSERVE  frontend->cartservice  rpr=0.0000  low=143 high=0  attempts=3  state=ON  metric=rpr
2026-10-07T23:59:52Z  OBSERVE  frontend->checkoutservice  rpr=0.0000  low=99 high=0  attempts=3  state=ON  metric=rpr
2026-10-07T23:59:52Z  OBSERVE  frontend->currencyservice  rpr=0.0000  low=143 high=0  attempts=3  state=ON  metric=rpr
2026-10-07T23:59:52Z  OBSERVE  frontend->productcatalogservice  rpr=0.0000  low=143 high=0  attempts=3  state=ON  metric=rpr
2026-10-07T23:59:52Z  OBSERVE  frontend->shippingservice  rpr=0.0000  low=143 high=0  attempts=3  state=ON  metric=rpr
2026-10-07T23:59:52Z  OBSERVE  checkoutservice->cartservice  rpr=0.0000  low=142 high=0  attempts=3  state=ON  metric=rpr
2026-10-07T23:59:52Z  OBSERVE  checkoutservice->currencyservice  rpr=0.0000  low=142 high=0  attempts=3  state=ON  metric=rpr
2026-10-07T23:59:52Z  OBSERVE  checkoutservice->emailservice  rpr=0.0000  low=141 high=0  attempts=3  state=ON  metric=rpr
2026-10-07T23:59:52Z  OBSERVE  checkoutservice->paymentservice  rpr=0.0000  low=142 high=0  attempts=3  state=ON  metric=rpr
2026-10-07T23:59:52Z  OBSERVE  checkoutservice->shippingservice  rpr=0.0000  low=142 high=0  attempts=3  state=ON  metric=rpr
2026-10-07T23:59:52Z  OBSERVE  recommendationservice->productcatalogservice  rpr=0.0000  low=143 high=0  attempts=3  state=ON  metric=rpr
2026-10-07T23:59:52Z  OBSERVE  recommendationservice  rejection=0.3211  low=0 high=70  state=OFF  metric=rejection
2026-10-07T23:59:54Z  OBSERVE  frontend->adservice  rpr=0.0000  low=143 high=0  attempts=3  state=ON  metric=rpr
2026-10-07T23:59:54Z  OBSERVE  frontend->cartservice  rpr=0.0000  low=144 high=0  attempts=3  state=ON  metric=rpr
2026-10-07T23:59:54Z  OBSERVE  frontend->checkoutservice  rpr=0.0000  low=100 high=0  attempts=3  state=ON  metric=rpr
2026-10-07T23:59:54Z  OBSERVE  frontend->currencyservice  rpr=0.0000  low=144 high=0  attempts=3  state=ON  metric=rpr
2026-10-07T23:59:54Z  OBSERVE  frontend->productcatalogservice  rpr=0.0000  low=144 high=0  attempts=3  state=ON  metric=rpr
2026-10-07T23:59:54Z  OBSERVE  frontend->shippingservice  rpr=0.0000  low=144 high=0  attempts=3  state=ON  metric=rpr
2026-10-07T23:59:54Z  OBSERVE  checkoutservice->cartservice  rpr=0.0000  low=143 high=0  attempts=3  state=ON  metric=rpr
2026-10-07T23:59:54Z  OBSERVE  checkoutservice->currencyservice  rpr=0.0000  low=143 high=0  attempts=3  state=ON  metric=rpr
2026-10-07T23:59:54Z  OBSERVE  checkoutservice->emailservice  rpr=0.0000  low=142 high=0  attempts=3  state=ON  metric=rpr
2026-10-07T23:59:54Z  OBSERVE  checkoutservice->paymentservice  rpr=0.0000  low=143 high=0  attempts=3  state=ON  metric=rpr
2026-10-07T23:59:54Z  OBSERVE  checkoutservice->shippingservice  rpr=0.0000  low=143 high=0  attempts=3  state=ON  metric=rpr
2026-10-07T23:59:54Z  OBSERVE  recommendationservice->productcatalogservice  rpr=0.0000  low=144 high=0  attempts=3  state=ON  metric=rpr
2026-10-07T23:59:54Z  OBSERVE  recommendationservice  rejection=0.2586  low=0 high=71  state=OFF  metric=rejection
2026-10-07T23:59:56Z  OBSERVE  frontend->adservice  rpr=0.0000  low=144 high=0  attempts=3  state=ON  metric=rpr
2026-10-07T23:59:56Z  OBSERVE  frontend->cartservice  rpr=0.0000  low=145 high=0  attempts=3  state=ON  metric=rpr
2026-10-07T23:59:56Z  OBSERVE  frontend->checkoutservice  rpr=0.0000  low=101 high=0  attempts=3  state=ON  metric=rpr
2026-10-07T23:59:56Z  OBSERVE  frontend->currencyservice  rpr=0.0000  low=145 high=0  attempts=3  state=ON  metric=rpr
2026-10-07T23:59:56Z  OBSERVE  frontend->productcatalogservice  rpr=0.0000  low=145 high=0  attempts=3  state=ON  metric=rpr
2026-10-07T23:59:56Z  OBSERVE  frontend->shippingservice  rpr=0.0000  low=145 high=0  attempts=3  state=ON  metric=rpr
2026-10-07T23:59:56Z  OBSERVE  checkoutservice->cartservice  rpr=0.0000  low=144 high=0  attempts=3  state=ON  metric=rpr
2026-10-07T23:59:56Z  OBSERVE  checkoutservice->currencyservice  rpr=0.0000  low=144 high=0  attempts=3  state=ON  metric=rpr
2026-10-07T23:59:56Z  OBSERVE  checkoutservice->emailservice  rpr=0.0000  low=143 high=0  attempts=3  state=ON  metric=rpr
2026-10-07T23:59:56Z  OBSERVE  checkoutservice->paymentservice  rpr=0.0000  low=144 high=0  attempts=3  state=ON  metric=rpr
2026-10-07T23:59:56Z  OBSERVE  checkoutservice->shippingservice  rpr=0.0000  low=144 high=0  attempts=3  state=ON  metric=rpr
2026-10-07T23:59:56Z  OBSERVE  recommendationservice->productcatalogservice  rpr=0.0000  low=145 high=0  attempts=3  state=ON  metric=rpr
2026-10-07T23:59:56Z  OBSERVE  recommendationservice  rejection=0.2269  low=0 high=72  state=OFF  metric=rejection
2026-10-07T23:59:58Z  OBSERVE  frontend->adservice  rpr=0.0000  low=145 high=0  attempts=3  state=ON  metric=rpr
2026-10-07T23:59:58Z  OBSERVE  frontend->cartservice  rpr=0.0000  low=146 high=0  attempts=3  state=ON  metric=rpr
2026-10-07T23:59:58Z  OBSERVE  frontend->checkoutservice  rpr=0.0000  low=102 high=0  attempts=3  state=ON  metric=rpr
2026-10-07T23:59:58Z  OBSERVE  frontend->currencyservice  rpr=0.0000  low=146 high=0  attempts=3  state=ON  metric=rpr
2026-10-07T23:59:58Z  OBSERVE  frontend->productcatalogservice  rpr=0.0000  low=146 high=0  attempts=3  state=ON  metric=rpr
2026-10-07T23:59:58Z  OBSERVE  frontend->shippingservice  rpr=0.0000  low=146 high=0  attempts=3  state=ON  metric=rpr
2026-10-07T23:59:58Z  OBSERVE  checkoutservice->cartservice  rpr=0.0000  low=145 high=0  attempts=3  state=ON  metric=rpr
2026-10-07T23:59:58Z  OBSERVE  checkoutservice->currencyservice  rpr=0.0000  low=145 high=0  attempts=3  state=ON  metric=rpr
2026-10-07T23:59:58Z  OBSERVE  checkoutservice->emailservice  rpr=0.0000  low=144 high=0  attempts=3  state=ON  metric=rpr
2026-10-07T23:59:58Z  OBSERVE  checkoutservice->paymentservice  rpr=0.0000  low=145 high=0  attempts=3  state=ON  metric=rpr
2026-10-07T23:59:58Z  OBSERVE  checkoutservice->shippingservice  rpr=0.0000  low=145 high=0  attempts=3  state=ON  metric=rpr
2026-10-07T23:59:58Z  OBSERVE  recommendationservice->productcatalogservice  rpr=0.0000  low=146 high=0  attempts=3  state=ON  metric=rpr
2026-10-07T23:59:58Z  OBSERVE  recommendationservice  rejection=0.2628  low=0 high=73  state=OFF  metric=rejection
2026-10-08T00:00:00Z  OBSERVE  frontend->adservice  rpr=0.0000  low=146 high=0  attempts=3  state=ON  metric=rpr
2026-10-08T00:00:00Z  OBSERVE  frontend->cartservice  rpr=0.0000  low=147 high=0  attempts=3  state=ON  metric=rpr
2026-10-08T00:00:00Z  OBSERVE  frontend->checkoutservice  rpr=0.0000  low=103 high=0  attempts=3  state=ON  metric=rpr
2026-10-08T00:00:00Z  OBSERVE  frontend->currencyservice  rpr=0.0000  low=147 high=0  attempts=3  state=ON  metric=rpr
2026-10-08T00:00:00Z  OBSERVE  frontend->productcatalogservice  rpr=0.0000  low=147 high=0  attempts=3  state=ON  metric=rpr
2026-10-08T00:00:00Z  OBSERVE  frontend->shippingservice  rpr=0.0000  low=147 high=0  attempts=3  state=ON  metric=rpr
2026-10-08T00:00:00Z  OBSERVE  checkoutservice->cartservice  rpr=0.0000  low=146 high=0  attempts=3  state=ON  metric=rpr
2026-10-08T00:00:00Z  OBSERVE  checkoutservice->currencyservice  rpr=0.0000  low=146 high=0  attempts=3  state=ON  metric=rpr
2026-10-08T00:00:00Z  OBSERVE  checkoutservice->emailservice  rpr=0.0000  low=145 high=0  attempts=3  state=ON  metric=rpr
2026-10-08T00:00:00Z  OBSERVE  checkoutservice->paymentservice  rpr=0.0000  low=146 high=0  attempts=3  state=ON  metric=rpr
2026-10-08T00:00:00Z  OBSERVE  checkoutservice->shippingservice  rpr=0.0000  low=146 high=0  attempts=3  state=ON  metric=rpr
2026-10-08T00:00:00Z  OBSERVE  recommendationservice->productcatalogservice  rpr=0.0000  low=147 high=0  attempts=3  state=ON  metric=rpr
2026-10-08T00:00:00Z  OBSERVE  recommendationservice  rejection=0.2584  low=0 high=74  state=OFF  metric=rejection
2026-10-08T00:00:02Z  OBSERVE  frontend->adservice  rpr=0.0000  low=147 high=0  attempts=3  state=ON  metric=rpr
2026-10-08T00:00:02Z  OBSERVE  frontend->cartservice  rpr=0.0000  low=148 high=0  attempts=3  state=ON  metric=rpr
2026-10-08T00:00:02Z  OBSERVE  frontend->checkoutservice  rpr=0.0000  low=104 high=0  attempts=3  state=ON  metric=rpr
2026-10-08T00:00:02Z  OBSERVE  frontend->currencyservice  rpr=0.0000  low=148 high=0  attempts=3  state=ON  metric=rpr
2026-10-08T00:00:02Z  OBSERVE  frontend->productcatalogservice  rpr=0.0000  low=148 high=0  attempts=3  state=ON  metric=rpr
2026-10-08T00:00:02Z  OBSERVE  frontend->shippingservice  rpr=0.0000  low=148 high=0  attempts=3  state=ON  metric=rpr
2026-10-08T00:00:02Z  OBSERVE  checkoutservice->cartservice  rpr=0.0000  low=147 high=0  attempts=3  state=ON  metric=rpr
2026-10-08T00:00:02Z  OBSERVE  checkoutservice->currencyservice  rpr=0.0000  low=147 high=0  attempts=3  state=ON  metric=rpr
2026-10-08T00:00:02Z  OBSERVE  checkoutservice->emailservice  rpr=0.0000  low=146 high=0  attempts=3  state=ON  metric=rpr
2026-10-08T00:00:02Z  OBSERVE  checkoutservice->paymentservice  rpr=0.0000  low=147 high=0  attempts=3  state=ON  metric=rpr
2026-10-08T00:00:02Z  OBSERVE  checkoutservice->shippingservice  rpr=0.0000  low=147 high=0  attempts=3  state=ON  metric=rpr
2026-10-08T00:00:02Z  OBSERVE  recommendationservice->productcatalogservice  rpr=0.0000  low=148 high=0  attempts=3  state=ON  metric=rpr
2026-10-08T00:00:02Z  OBSERVE  recommendationservice  rejection=0.3904  low=0 high=75  state=OFF  metric=rejection
2026-10-08T00:00:04Z  OBSERVE  frontend->adservice  rpr=0.0000  low=148 high=0  attempts=3  state=ON  metric=rpr
2026-10-08T00:00:04Z  OBSERVE  frontend->cartservice  rpr=0.0000  low=149 high=0  attempts=3  state=ON  metric=rpr
2026-10-08T00:00:04Z  OBSERVE  frontend->checkoutservice  rpr=0.0000  low=105 high=0  attempts=3  state=ON  metric=rpr
2026-10-08T00:00:04Z  OBSERVE  frontend->currencyservice  rpr=0.0000  low=149 high=0  attempts=3  state=ON  metric=rpr
2026-10-08T00:00:04Z  OBSERVE  frontend->productcatalogservice  rpr=0.0000  low=149 high=0  attempts=3  state=ON  metric=rpr
2026-10-08T00:00:04Z  OBSERVE  frontend->shippingservice  rpr=0.0000  low=149 high=0  attempts=3  state=ON  metric=rpr
2026-10-08T00:00:04Z  OBSERVE  checkoutservice->cartservice  rpr=0.0000  low=148 high=0  attempts=3  state=ON  metric=rpr
2026-10-08T00:00:04Z  OBSERVE  checkoutservice->currencyservice  rpr=0.0000  low=148 high=0  attempts=3  state=ON  metric=rpr
2026-10-08T00:00:04Z  OBSERVE  checkoutservice->emailservice  rpr=0.0000  low=147 high=0  attempts=3  state=ON  metric=rpr
2026-10-08T00:00:04Z  OBSERVE  checkoutservice->paymentservice  rpr=0.0000  low=148 high=0  attempts=3  state=ON  metric=rpr
2026-10-08T00:00:04Z  OBSERVE  checkoutservice->shippingservice  rpr=0.0000  low=148 high=0  attempts=3  state=ON  metric=rpr
2026-10-08T00:00:04Z  OBSERVE  recommendationservice->productcatalogservice  rpr=0.0000  low=149 high=0  attempts=3  state=ON  metric=rpr
2026-10-08T00:00:04Z  OBSERVE  recommendationservice  rejection=0.5481  low=0 high=76  state=OFF  metric=rejection
2026-10-08T00:00:06Z  OBSERVE  frontend->adservice  rpr=0.0000  low=149 high=0  attempts=3  state=ON  metric=rpr
2026-10-08T00:00:06Z  OBSERVE  frontend->cartservice  rpr=0.0000  low=150 high=0  attempts=3  state=ON  metric=rpr
2026-10-08T00:00:06Z  OBSERVE  frontend->checkoutservice  rpr=0.0000  low=106 high=0  attempts=3  state=ON  metric=rpr
2026-10-08T00:00:06Z  OBSERVE  frontend->currencyservice  rpr=0.0000  low=150 high=0  attempts=3  state=ON  metric=rpr
2026-10-08T00:00:06Z  OBSERVE  frontend->productcatalogservice  rpr=0.0000  low=150 high=0  attempts=3  state=ON  metric=rpr
2026-10-08T00:00:06Z  OBSERVE  frontend->shippingservice  rpr=0.0000  low=150 high=0  attempts=3  state=ON  metric=rpr
2026-10-08T00:00:06Z  OBSERVE  checkoutservice->cartservice  rpr=0.0000  low=149 high=0  attempts=3  state=ON  metric=rpr
2026-10-08T00:00:06Z  OBSERVE  checkoutservice->currencyservice  rpr=0.0000  low=149 high=0  attempts=3  state=ON  metric=rpr
2026-10-08T00:00:06Z  OBSERVE  checkoutservice->emailservice  rpr=0.0000  low=148 high=0  attempts=3  state=ON  metric=rpr
2026-10-08T00:00:06Z  OBSERVE  checkoutservice->paymentservice  rpr=0.0000  low=149 high=0  attempts=3  state=ON  metric=rpr
2026-10-08T00:00:06Z  OBSERVE  checkoutservice->shippingservice  rpr=0.0000  low=149 high=0  attempts=3  state=ON  metric=rpr
2026-10-08T00:00:06Z  OBSERVE  recommendationservice->productcatalogservice  rpr=0.0000  low=150 high=0  attempts=3  state=ON  metric=rpr
2026-10-08T00:00:06Z  OBSERVE  recommendationservice  rejection=0.4866  low=0 high=77  state=OFF  metric=rejection
2026-10-08T00:00:08Z  OBSERVE  frontend->adservice  rpr=0.0000  low=150 high=0  attempts=3  state=ON  metric=rpr
2026-10-08T00:00:08Z  OBSERVE  frontend->cartservice  rpr=0.0000  low=151 high=0  attempts=3  state=ON  metric=rpr
2026-10-08T00:00:08Z  OBSERVE  frontend->checkoutservice  rpr=0.0000  low=107 high=0  attempts=3  state=ON  metric=rpr
2026-10-08T00:00:08Z  OBSERVE  frontend->currencyservice  rpr=0.0000  low=151 high=0  attempts=3  state=ON  metric=rpr
2026-10-08T00:00:08Z  OBSERVE  frontend->productcatalogservice  rpr=0.0000  low=151 high=0  attempts=3  state=ON  metric=rpr
2026-10-08T00:00:08Z  OBSERVE  frontend->shippingservice  rpr=0.0000  low=151 high=0  attempts=3  state=ON  metric=rpr
2026-10-08T00:00:08Z  OBSERVE  checkoutservice->cartservice  rpr=0.0000  low=150 high=0  attempts=3  state=ON  metric=rpr
2026-10-08T00:00:08Z  OBSERVE  checkoutservice->currencyservice  rpr=0.0000  low=150 high=0  attempts=3  state=ON  metric=rpr
2026-10-08T00:00:08Z  OBSERVE  checkoutservice->emailservice  rpr=0.0000  low=149 high=0  attempts=3  state=ON  metric=rpr
2026-10-08T00:00:08Z  OBSERVE  checkoutservice->paymentservice  rpr=0.0000  low=150 high=0  attempts=3  state=ON  metric=rpr
2026-10-08T00:00:08Z  OBSERVE  checkoutservice->shippingservice  rpr=0.0000  low=150 high=0  attempts=3  state=ON  metric=rpr
2026-10-08T00:00:08Z  OBSERVE  recommendationservice->productcatalogservice  rpr=0.0000  low=151 high=0  attempts=3  state=ON  metric=rpr
2026-10-08T00:00:08Z  OBSERVE  recommendationservice  rejection=0.4177  low=0 high=78  state=OFF  metric=rejection
2026-10-08T00:00:10Z  OBSERVE  frontend->adservice  rpr=0.0000  low=151 high=0  attempts=3  state=ON  metric=rpr
2026-10-08T00:00:10Z  OBSERVE  frontend->cartservice  rpr=0.0000  low=152 high=0  attempts=3  state=ON  metric=rpr
2026-10-08T00:00:10Z  OBSERVE  frontend->checkoutservice  rpr=0.0000  low=108 high=0  attempts=3  state=ON  metric=rpr
2026-10-08T00:00:10Z  OBSERVE  frontend->currencyservice  rpr=0.0000  low=152 high=0  attempts=3  state=ON  metric=rpr
2026-10-08T00:00:10Z  OBSERVE  frontend->productcatalogservice  rpr=0.0000  low=152 high=0  attempts=3  state=ON  metric=rpr
2026-10-08T00:00:10Z  OBSERVE  frontend->shippingservice  rpr=0.0000  low=152 high=0  attempts=3  state=ON  metric=rpr
2026-10-08T00:00:10Z  OBSERVE  checkoutservice->cartservice  rpr=0.0000  low=151 high=0  attempts=3  state=ON  metric=rpr
2026-10-08T00:00:10Z  OBSERVE  checkoutservice->currencyservice  rpr=0.0000  low=151 high=0  attempts=3  state=ON  metric=rpr
2026-10-08T00:00:10Z  OBSERVE  checkoutservice->emailservice  rpr=0.0000  low=150 high=0  attempts=3  state=ON  metric=rpr
2026-10-08T00:00:10Z  OBSERVE  checkoutservice->paymentservice  rpr=0.0000  low=151 high=0  attempts=3  state=ON  metric=rpr
2026-10-08T00:00:10Z  OBSERVE  checkoutservice->shippingservice  rpr=0.0000  low=151 high=0  attempts=3  state=ON  metric=rpr
2026-10-08T00:00:10Z  OBSERVE  recommendationservice->productcatalogservice  rpr=0.0000  low=152 high=0  attempts=3  state=ON  metric=rpr
2026-10-08T00:00:10Z  OBSERVE  recommendationservice  rejection=0.2641  low=0 high=79  state=OFF  metric=rejection
2026-10-08T00:00:12Z  OBSERVE  frontend->adservice  rpr=0.0000  low=152 high=0  attempts=3  state=ON  metric=rpr
2026-10-08T00:00:12Z  OBSERVE  frontend->cartservice  rpr=0.0000  low=153 high=0  attempts=3  state=ON  metric=rpr
2026-10-08T00:00:12Z  OBSERVE  frontend->checkoutservice  rpr=0.0000  low=109 high=0  attempts=3  state=ON  metric=rpr
2026-10-08T00:00:12Z  OBSERVE  frontend->currencyservice  rpr=0.0000  low=153 high=0  attempts=3  state=ON  metric=rpr
2026-10-08T00:00:12Z  OBSERVE  frontend->productcatalogservice  rpr=0.0000  low=153 high=0  attempts=3  state=ON  metric=rpr
2026-10-08T00:00:12Z  OBSERVE  frontend->shippingservice  rpr=0.0000  low=153 high=0  attempts=3  state=ON  metric=rpr
2026-10-08T00:00:12Z  OBSERVE  checkoutservice->cartservice  rpr=0.0000  low=152 high=0  attempts=3  state=ON  metric=rpr
2026-10-08T00:00:12Z  OBSERVE  checkoutservice->currencyservice  rpr=0.0000  low=152 high=0  attempts=3  state=ON  metric=rpr
2026-10-08T00:00:12Z  OBSERVE  checkoutservice->emailservice  rpr=0.0000  low=151 high=0  attempts=3  state=ON  metric=rpr
2026-10-08T00:00:12Z  OBSERVE  checkoutservice->paymentservice  rpr=0.0000  low=152 high=0  attempts=3  state=ON  metric=rpr
2026-10-08T00:00:12Z  OBSERVE  checkoutservice->shippingservice  rpr=0.0000  low=152 high=0  attempts=3  state=ON  metric=rpr
2026-10-08T00:00:12Z  OBSERVE  recommendationservice->productcatalogservice  rpr=0.0000  low=153 high=0  attempts=3  state=ON  metric=rpr
2026-10-08T00:00:12Z  OBSERVE  recommendationservice  rejection=0.3522  low=0 high=80  state=OFF  metric=rejection
2026-10-08T00:00:14Z  OBSERVE  frontend->adservice  rpr=0.0000  low=153 high=0  attempts=3  state=ON  metric=rpr
2026-10-08T00:00:14Z  OBSERVE  frontend->cartservice  rpr=0.0000  low=154 high=0  attempts=3  state=ON  metric=rpr
2026-10-08T00:00:14Z  OBSERVE  frontend->checkoutservice  rpr=0.0000  low=110 high=0  attempts=3  state=ON  metric=rpr
2026-10-08T00:00:14Z  OBSERVE  frontend->currencyservice  rpr=0.0000  low=154 high=0  attempts=3  state=ON  metric=rpr
2026-10-08T00:00:14Z  OBSERVE  frontend->productcatalogservice  rpr=0.0000  low=154 high=0  attempts=3  state=ON  metric=rpr
2026-10-08T00:00:14Z  OBSERVE  frontend->shippingservice  rpr=0.0000  low=154 high=0  attempts=3  state=ON  metric=rpr
2026-10-08T00:00:14Z  OBSERVE  checkoutservice->cartservice  rpr=0.0000  low=153 high=0  attempts=3  state=ON  metric=rpr
2026-10-08T00:00:14Z  OBSERVE  checkoutservice->currencyservice  rpr=0.0000  low=153 high=0  attempts=3  state=ON  metric=rpr
2026-10-08T00:00:14Z  OBSERVE  checkoutservice->emailservice  rpr=0.0000  low=152 high=0  attempts=3  state=ON  metric=rpr
2026-10-08T00:00:14Z  OBSERVE  checkoutservice->paymentservice  rpr=0.0000  low=153 high=0  attempts=3  state=ON  metric=rpr
2026-10-08T00:00:14Z  OBSERVE  checkoutservice->shippingservice  rpr=0.0000  low=153 high=0  attempts=3  state=ON  metric=rpr
2026-10-08T00:00:14Z  OBSERVE  recommendationservice->productcatalogservice  rpr=0.0000  low=154 high=0  attempts=3  state=ON  metric=rpr
2026-10-08T00:00:14Z  OBSERVE  recommendationservice  rejection=0.4124  low=0 high=81  state=OFF  metric=rejection
2026-10-08T00:00:16Z  OBSERVE  frontend->adservice  rpr=0.0000  low=154 high=0  attempts=3  state=ON  metric=rpr
2026-10-08T00:00:16Z  OBSERVE  frontend->cartservice  rpr=0.0000  low=155 high=0  attempts=3  state=ON  metric=rpr
2026-10-08T00:00:16Z  OBSERVE  frontend->checkoutservice  rpr=0.0000  low=111 high=0  attempts=3  state=ON  metric=rpr
2026-10-08T00:00:16Z  OBSERVE  frontend->currencyservice  rpr=0.0000  low=155 high=0  attempts=3  state=ON  metric=rpr
2026-10-08T00:00:16Z  OBSERVE  frontend->productcatalogservice  rpr=0.0000  low=155 high=0  attempts=3  state=ON  metric=rpr
2026-10-08T00:00:16Z  OBSERVE  frontend->shippingservice  rpr=0.0000  low=155 high=0  attempts=3  state=ON  metric=rpr
2026-10-08T00:00:16Z  OBSERVE  checkoutservice->cartservice  rpr=0.0000  low=154 high=0  attempts=3  state=ON  metric=rpr
2026-10-08T00:00:16Z  OBSERVE  checkoutservice->currencyservice  rpr=0.0000  low=154 high=0  attempts=3  state=ON  metric=rpr
2026-10-08T00:00:16Z  OBSERVE  checkoutservice->emailservice  rpr=0.0000  low=153 high=0  attempts=3  state=ON  metric=rpr
2026-10-08T00:00:16Z  OBSERVE  checkoutservice->paymentservice  rpr=0.0000  low=154 high=0  attempts=3  state=ON  metric=rpr
2026-10-08T00:00:16Z  OBSERVE  checkoutservice->shippingservice  rpr=0.0000  low=154 high=0  attempts=3  state=ON  metric=rpr
2026-10-08T00:00:16Z  OBSERVE  recommendationservice->productcatalogservice  rpr=0.0000  low=155 high=0  attempts=3  state=ON  metric=rpr
2026-10-08T00:00:16Z  OBSERVE  recommendationservice  rejection=0.4122  low=0 high=82  state=OFF  metric=rejection
2026-10-08T00:00:18Z  OBSERVE  frontend->adservice  rpr=0.0000  low=155 high=0  attempts=3  state=ON  metric=rpr
2026-10-08T00:00:18Z  OBSERVE  frontend->cartservice  rpr=0.0000  low=156 high=0  attempts=3  state=ON  metric=rpr
2026-10-08T00:00:18Z  OBSERVE  frontend->checkoutservice  rpr=0.0000  low=112 high=0  attempts=3  state=ON  metric=rpr
2026-10-08T00:00:18Z  OBSERVE  frontend->currencyservice  rpr=0.0000  low=156 high=0  attempts=3  state=ON  metric=rpr
2026-10-08T00:00:18Z  OBSERVE  frontend->productcatalogservice  rpr=0.0000  low=156 high=0  attempts=3  state=ON  metric=rpr
2026-10-08T00:00:18Z  OBSERVE  frontend->shippingservice  rpr=0.0000  low=156 high=0  attempts=3  state=ON  metric=rpr
2026-10-08T00:00:18Z  OBSERVE  checkoutservice->cartservice  rpr=0.0000  low=155 high=0  attempts=3  state=ON  metric=rpr
2026-10-08T00:00:18Z  OBSERVE  checkoutservice->currencyservice  rpr=0.0000  low=155 high=0  attempts=3  state=ON  metric=rpr
2026-10-08T00:00:18Z  OBSERVE  checkoutservice->emailservice  rpr=0.0000  low=154 high=0  attempts=3  state=ON  metric=rpr
2026-10-08T00:00:18Z  OBSERVE  checkoutservice->paymentservice  rpr=0.0000  low=155 high=0  attempts=3  state=ON  metric=rpr
2026-10-08T00:00:18Z  OBSERVE  checkoutservice->shippingservice  rpr=0.0000  low=155 high=0  attempts=3  state=ON  metric=rpr
2026-10-08T00:00:18Z  OBSERVE  recommendationservice->productcatalogservice  rpr=0.0000  low=156 high=0  attempts=3  state=ON  metric=rpr
2026-10-08T00:00:18Z  OBSERVE  recommendationservice  rejection=0.3931  low=0 high=83  state=OFF  metric=rejection
2026-10-08T00:00:20Z  OBSERVE  frontend->adservice  rpr=0.0000  low=156 high=0  attempts=3  state=ON  metric=rpr
2026-10-08T00:00:20Z  OBSERVE  frontend->cartservice  rpr=0.0000  low=157 high=0  attempts=3  state=ON  metric=rpr
2026-10-08T00:00:20Z  OBSERVE  frontend->checkoutservice  rpr=0.0000  low=113 high=0  attempts=3  state=ON  metric=rpr
2026-10-08T00:00:20Z  OBSERVE  frontend->currencyservice  rpr=0.0000  low=157 high=0  attempts=3  state=ON  metric=rpr
2026-10-08T00:00:20Z  OBSERVE  frontend->productcatalogservice  rpr=0.0000  low=157 high=0  attempts=3  state=ON  metric=rpr
2026-10-08T00:00:20Z  OBSERVE  frontend->shippingservice  rpr=0.0000  low=157 high=0  attempts=3  state=ON  metric=rpr
2026-10-08T00:00:20Z  OBSERVE  checkoutservice->cartservice  rpr=0.0000  low=156 high=0  attempts=3  state=ON  metric=rpr
2026-10-08T00:00:20Z  OBSERVE  checkoutservice->currencyservice  rpr=0.0000  low=156 high=0  attempts=3  state=ON  metric=rpr
2026-10-08T00:00:20Z  OBSERVE  checkoutservice->emailservice  rpr=0.0000  low=155 high=0  attempts=3  state=ON  metric=rpr
2026-10-08T00:00:20Z  OBSERVE  checkoutservice->paymentservice  rpr=0.0000  low=156 high=0  attempts=3  state=ON  metric=rpr
2026-10-08T00:00:20Z  OBSERVE  checkoutservice->shippingservice  rpr=0.0000  low=156 high=0  attempts=3  state=ON  metric=rpr
2026-10-08T00:00:20Z  OBSERVE  recommendationservice->productcatalogservice  rpr=0.0000  low=157 high=0  attempts=3  state=ON  metric=rpr
2026-10-08T00:00:20Z  OBSERVE  recommendationservice  rejection=0.3038  low=0 high=84  state=OFF  metric=rejection
2026-10-08T00:00:22Z  OBSERVE  frontend->adservice  rpr=0.0000  low=157 high=0  attempts=3  state=ON  metric=rpr
2026-10-08T00:00:22Z  OBSERVE  frontend->cartservice  rpr=0.0000  low=158 high=0  attempts=3  state=ON  metric=rpr
2026-10-08T00:00:22Z  OBSERVE  frontend->checkoutservice  rpr=0.0000  low=114 high=0  attempts=3  state=ON  metric=rpr
2026-10-08T00:00:22Z  OBSERVE  frontend->currencyservice  rpr=0.0000  low=158 high=0  attempts=3  state=ON  metric=rpr
2026-10-08T00:00:22Z  OBSERVE  frontend->productcatalogservice  rpr=0.0000  low=158 high=0  attempts=3  state=ON  metric=rpr
2026-10-08T00:00:22Z  OBSERVE  frontend->shippingservice  rpr=0.0000  low=158 high=0  attempts=3  state=ON  metric=rpr
2026-10-08T00:00:22Z  OBSERVE  checkoutservice->cartservice  rpr=0.0000  low=157 high=0  attempts=3  state=ON  metric=rpr
2026-10-08T00:00:22Z  OBSERVE  checkoutservice->currencyservice  rpr=0.0000  low=157 high=0  attempts=3  state=ON  metric=rpr
2026-10-08T00:00:22Z  OBSERVE  checkoutservice->emailservice  rpr=0.0000  low=156 high=0  attempts=3  state=ON  metric=rpr
2026-10-08T00:00:22Z  OBSERVE  checkoutservice->paymentservice  rpr=0.0000  low=157 high=0  attempts=3  state=ON  metric=rpr
2026-10-08T00:00:22Z  OBSERVE  checkoutservice->shippingservice  rpr=0.0000  low=157 high=0  attempts=3  state=ON  metric=rpr
2026-10-08T00:00:22Z  OBSERVE  recommendationservice->productcatalogservice  rpr=0.0000  low=158 high=0  attempts=3  state=ON  metric=rpr
2026-10-08T00:00:22Z  OBSERVE  recommendationservice  rejection=0.3308  low=0 high=85  state=OFF  metric=rejection
2026-10-08T00:00:24Z  OBSERVE  frontend->adservice  rpr=0.0000  low=158 high=0  attempts=3  state=ON  metric=rpr
2026-10-08T00:00:24Z  OBSERVE  frontend->cartservice  rpr=0.0000  low=159 high=0  attempts=3  state=ON  metric=rpr
2026-10-08T00:00:24Z  OBSERVE  frontend->checkoutservice  rpr=0.0000  low=115 high=0  attempts=3  state=ON  metric=rpr
2026-10-08T00:00:24Z  OBSERVE  frontend->currencyservice  rpr=0.0000  low=159 high=0  attempts=3  state=ON  metric=rpr
2026-10-08T00:00:24Z  OBSERVE  frontend->productcatalogservice  rpr=0.0000  low=159 high=0  attempts=3  state=ON  metric=rpr
2026-10-08T00:00:24Z  OBSERVE  frontend->shippingservice  rpr=0.0000  low=159 high=0  attempts=3  state=ON  metric=rpr
2026-10-08T00:00:24Z  OBSERVE  checkoutservice->cartservice  rpr=0.0000  low=158 high=0  attempts=3  state=ON  metric=rpr
2026-10-08T00:00:24Z  OBSERVE  checkoutservice->currencyservice  rpr=0.0000  low=158 high=0  attempts=3  state=ON  metric=rpr
2026-10-08T00:00:24Z  OBSERVE  checkoutservice->emailservice  rpr=0.0000  low=157 high=0  attempts=3  state=ON  metric=rpr
2026-10-08T00:00:24Z  OBSERVE  checkoutservice->paymentservice  rpr=0.0000  low=158 high=0  attempts=3  state=ON  metric=rpr
2026-10-08T00:00:24Z  OBSERVE  checkoutservice->shippingservice  rpr=0.0000  low=158 high=0  attempts=3  state=ON  metric=rpr
2026-10-08T00:00:24Z  OBSERVE  recommendationservice->productcatalogservice  rpr=0.0000  low=159 high=0  attempts=3  state=ON  metric=rpr
2026-10-08T00:00:24Z  OBSERVE  recommendationservice  rejection=0.3344  low=0 high=86  state=OFF  metric=rejection
2026-10-08T00:00:26Z  OBSERVE  frontend->adservice  rpr=0.0000  low=159 high=0  attempts=3  state=ON  metric=rpr
2026-10-08T00:00:26Z  OBSERVE  frontend->cartservice  rpr=0.0000  low=160 high=0  attempts=3  state=ON  metric=rpr
2026-10-08T00:00:26Z  OBSERVE  frontend->checkoutservice  rpr=0.0000  low=116 high=0  attempts=3  state=ON  metric=rpr
2026-10-08T00:00:26Z  OBSERVE  frontend->currencyservice  rpr=0.0000  low=160 high=0  attempts=3  state=ON  metric=rpr
2026-10-08T00:00:26Z  OBSERVE  frontend->productcatalogservice  rpr=0.0000  low=160 high=0  attempts=3  state=ON  metric=rpr
2026-10-08T00:00:26Z  OBSERVE  frontend->shippingservice  rpr=0.0000  low=160 high=0  attempts=3  state=ON  metric=rpr
2026-10-08T00:00:26Z  OBSERVE  checkoutservice->cartservice  rpr=0.0000  low=159 high=0  attempts=3  state=ON  metric=rpr
2026-10-08T00:00:26Z  OBSERVE  checkoutservice->currencyservice  rpr=0.0000  low=159 high=0  attempts=3  state=ON  metric=rpr
2026-10-08T00:00:26Z  OBSERVE  checkoutservice->emailservice  rpr=0.0000  low=158 high=0  attempts=3  state=ON  metric=rpr
2026-10-08T00:00:26Z  OBSERVE  checkoutservice->paymentservice  rpr=0.0000  low=159 high=0  attempts=3  state=ON  metric=rpr
2026-10-08T00:00:26Z  OBSERVE  checkoutservice->shippingservice  rpr=0.0000  low=159 high=0  attempts=3  state=ON  metric=rpr
2026-10-08T00:00:26Z  OBSERVE  recommendationservice->productcatalogservice  rpr=0.0000  low=160 high=0  attempts=3  state=ON  metric=rpr
2026-10-08T00:00:26Z  OBSERVE  recommendationservice  rejection=0.3291  low=0 high=87  state=OFF  metric=rejection
2026-10-08T00:00:28Z  OBSERVE  frontend->adservice  rpr=0.0000  low=160 high=0  attempts=3  state=ON  metric=rpr
2026-10-08T00:00:28Z  OBSERVE  frontend->cartservice  rpr=0.0000  low=161 high=0  attempts=3  state=ON  metric=rpr
2026-10-08T00:00:28Z  OBSERVE  frontend->checkoutservice  rpr=0.0000  low=117 high=0  attempts=3  state=ON  metric=rpr
2026-10-08T00:00:28Z  OBSERVE  frontend->currencyservice  rpr=0.0000  low=161 high=0  attempts=3  state=ON  metric=rpr
2026-10-08T00:00:28Z  OBSERVE  frontend->productcatalogservice  rpr=0.0000  low=161 high=0  attempts=3  state=ON  metric=rpr
2026-10-08T00:00:28Z  OBSERVE  frontend->shippingservice  rpr=0.0000  low=161 high=0  attempts=3  state=ON  metric=rpr
2026-10-08T00:00:28Z  OBSERVE  checkoutservice->cartservice  rpr=0.0000  low=160 high=0  attempts=3  state=ON  metric=rpr
2026-10-08T00:00:28Z  OBSERVE  checkoutservice->currencyservice  rpr=0.0000  low=160 high=0  attempts=3  state=ON  metric=rpr
2026-10-08T00:00:28Z  OBSERVE  checkoutservice->emailservice  rpr=0.0000  low=159 high=0  attempts=3  state=ON  metric=rpr
2026-10-08T00:00:28Z  OBSERVE  checkoutservice->paymentservice  rpr=0.0000  low=160 high=0  attempts=3  state=ON  metric=rpr
2026-10-08T00:00:28Z  OBSERVE  checkoutservice->shippingservice  rpr=0.0000  low=160 high=0  attempts=3  state=ON  metric=rpr
2026-10-08T00:00:28Z  OBSERVE  recommendationservice->productcatalogservice  rpr=0.0000  low=161 high=0  attempts=3  state=ON  metric=rpr
2026-10-08T00:00:28Z  OBSERVE  recommendationservice  rejection=0.2950  low=0 high=88  state=OFF  metric=rejection
2026-10-08T00:00:30Z  OBSERVE  frontend->adservice  rpr=0.0000  low=161 high=0  attempts=3  state=ON  metric=rpr
2026-10-08T00:00:30Z  OBSERVE  frontend->cartservice  rpr=0.0000  low=162 high=0  attempts=3  state=ON  metric=rpr
2026-10-08T00:00:30Z  OBSERVE  frontend->checkoutservice  rpr=0.0000  low=118 high=0  attempts=3  state=ON  metric=rpr
2026-10-08T00:00:30Z  OBSERVE  frontend->currencyservice  rpr=0.0000  low=162 high=0  attempts=3  state=ON  metric=rpr
2026-10-08T00:00:30Z  OBSERVE  frontend->productcatalogservice  rpr=0.0000  low=162 high=0  attempts=3  state=ON  metric=rpr
2026-10-08T00:00:30Z  OBSERVE  frontend->shippingservice  rpr=0.0000  low=162 high=0  attempts=3  state=ON  metric=rpr
2026-10-08T00:00:30Z  OBSERVE  checkoutservice->cartservice  rpr=0.0000  low=161 high=0  attempts=3  state=ON  metric=rpr
2026-10-08T00:00:30Z  OBSERVE  checkoutservice->currencyservice  rpr=0.0000  low=161 high=0  attempts=3  state=ON  metric=rpr
2026-10-08T00:00:30Z  OBSERVE  checkoutservice->emailservice  rpr=0.0000  low=160 high=0  attempts=3  state=ON  metric=rpr
2026-10-08T00:00:30Z  OBSERVE  checkoutservice->paymentservice  rpr=0.0000  low=161 high=0  attempts=3  state=ON  metric=rpr
2026-10-08T00:00:30Z  OBSERVE  checkoutservice->shippingservice  rpr=0.0000  low=161 high=0  attempts=3  state=ON  metric=rpr
2026-10-08T00:00:30Z  OBSERVE  recommendationservice->productcatalogservice  rpr=0.0000  low=162 high=0  attempts=3  state=ON  metric=rpr
2026-10-08T00:00:30Z  OBSERVE  recommendationservice  rejection=0.3929  low=0 high=89  state=OFF  metric=rejection
2026-10-08T00:00:32Z  OBSERVE  frontend->adservice  rpr=0.0000  low=162 high=0  attempts=3  state=ON  metric=rpr
2026-10-08T00:00:32Z  OBSERVE  frontend->cartservice  rpr=0.0000  low=163 high=0  attempts=3  state=ON  metric=rpr
2026-10-08T00:00:32Z  OBSERVE  frontend->checkoutservice  rpr=0.0000  low=119 high=0  attempts=3  state=ON  metric=rpr
2026-10-08T00:00:32Z  OBSERVE  frontend->currencyservice  rpr=0.0000  low=163 high=0  attempts=3  state=ON  metric=rpr
2026-10-08T00:00:32Z  OBSERVE  frontend->productcatalogservice  rpr=0.0000  low=163 high=0  attempts=3  state=ON  metric=rpr
2026-10-08T00:00:32Z  OBSERVE  frontend->shippingservice  rpr=0.0000  low=163 high=0  attempts=3  state=ON  metric=rpr
2026-10-08T00:00:32Z  OBSERVE  checkoutservice->cartservice  rpr=0.0000  low=162 high=0  attempts=3  state=ON  metric=rpr
2026-10-08T00:00:32Z  OBSERVE  checkoutservice->currencyservice  rpr=0.0000  low=162 high=0  attempts=3  state=ON  metric=rpr
2026-10-08T00:00:32Z  OBSERVE  checkoutservice->emailservice  rpr=0.0000  low=161 high=0  attempts=3  state=ON  metric=rpr
2026-10-08T00:00:32Z  OBSERVE  checkoutservice->paymentservice  rpr=0.0000  low=162 high=0  attempts=3  state=ON  metric=rpr
2026-10-08T00:00:32Z  OBSERVE  checkoutservice->shippingservice  rpr=0.0000  low=162 high=0  attempts=3  state=ON  metric=rpr
2026-10-08T00:00:32Z  OBSERVE  recommendationservice->productcatalogservice  rpr=0.0000  low=163 high=0  attempts=3  state=ON  metric=rpr
2026-10-08T00:00:32Z  OBSERVE  recommendationservice  rejection=0.2902  low=0 high=90  state=OFF  metric=rejection
2026-10-08T00:00:34Z  OBSERVE  frontend->adservice  rpr=0.0000  low=163 high=0  attempts=3  state=ON  metric=rpr
2026-10-08T00:00:34Z  OBSERVE  frontend->cartservice  rpr=0.0000  low=164 high=0  attempts=3  state=ON  metric=rpr
2026-10-08T00:00:34Z  OBSERVE  frontend->checkoutservice  rpr=0.0000  low=120 high=0  attempts=3  state=ON  metric=rpr
2026-10-08T00:00:34Z  OBSERVE  frontend->currencyservice  rpr=0.0000  low=164 high=0  attempts=3  state=ON  metric=rpr
2026-10-08T00:00:34Z  OBSERVE  frontend->productcatalogservice  rpr=0.0000  low=164 high=0  attempts=3  state=ON  metric=rpr
2026-10-08T00:00:34Z  OBSERVE  frontend->shippingservice  rpr=0.0000  low=164 high=0  attempts=3  state=ON  metric=rpr
2026-10-08T00:00:34Z  OBSERVE  checkoutservice->cartservice  rpr=0.0000  low=163 high=0  attempts=3  state=ON  metric=rpr
2026-10-08T00:00:34Z  OBSERVE  checkoutservice->currencyservice  rpr=0.0000  low=163 high=0  attempts=3  state=ON  metric=rpr
2026-10-08T00:00:34Z  OBSERVE  checkoutservice->emailservice  rpr=0.0000  low=162 high=0  attempts=3  state=ON  metric=rpr
2026-10-08T00:00:34Z  OBSERVE  checkoutservice->paymentservice  rpr=0.0000  low=163 high=0  attempts=3  state=ON  metric=rpr
2026-10-08T00:00:34Z  OBSERVE  checkoutservice->shippingservice  rpr=0.0000  low=163 high=0  attempts=3  state=ON  metric=rpr
2026-10-08T00:00:34Z  OBSERVE  recommendationservice->productcatalogservice  rpr=0.0000  low=164 high=0  attempts=3  state=ON  metric=rpr
2026-10-08T00:00:34Z  OBSERVE  recommendationservice  rejection=0.2471  low=0 high=91  state=OFF  metric=rejection
2026-10-08T00:00:36Z  OBSERVE  frontend->adservice  rpr=0.0000  low=164 high=0  attempts=3  state=ON  metric=rpr
2026-10-08T00:00:36Z  OBSERVE  frontend->cartservice  rpr=0.0000  low=165 high=0  attempts=3  state=ON  metric=rpr
2026-10-08T00:00:36Z  OBSERVE  frontend->checkoutservice  rpr=0.0000  low=121 high=0  attempts=3  state=ON  metric=rpr
2026-10-08T00:00:36Z  OBSERVE  frontend->currencyservice  rpr=0.0000  low=165 high=0  attempts=3  state=ON  metric=rpr
2026-10-08T00:00:36Z  OBSERVE  frontend->productcatalogservice  rpr=0.0000  low=165 high=0  attempts=3  state=ON  metric=rpr
2026-10-08T00:00:36Z  OBSERVE  frontend->shippingservice  rpr=0.0000  low=165 high=0  attempts=3  state=ON  metric=rpr
2026-10-08T00:00:36Z  OBSERVE  checkoutservice->cartservice  rpr=0.0000  low=164 high=0  attempts=3  state=ON  metric=rpr
2026-10-08T00:00:36Z  OBSERVE  checkoutservice->currencyservice  rpr=0.0000  low=164 high=0  attempts=3  state=ON  metric=rpr
2026-10-08T00:00:36Z  OBSERVE  checkoutservice->emailservice  rpr=0.0000  low=163 high=0  attempts=3  state=ON  metric=rpr
2026-10-08T00:00:36Z  OBSERVE  checkoutservice->paymentservice  rpr=0.0000  low=164 high=0  attempts=3  state=ON  metric=rpr
2026-10-08T00:00:36Z  OBSERVE  checkoutservice->shippingservice  rpr=0.0000  low=164 high=0  attempts=3  state=ON  metric=rpr
2026-10-08T00:00:36Z  OBSERVE  recommendationservice->productcatalogservice  rpr=0.0000  low=165 high=0  attempts=3  state=ON  metric=rpr
2026-10-08T00:00:36Z  OBSERVE  recommendationservice  rejection=0.3085  low=0 high=92  state=OFF  metric=rejection
2026-10-08T00:00:38Z  OBSERVE  frontend->adservice  rpr=0.0000  low=165 high=0  attempts=3  state=ON  metric=rpr
2026-10-08T00:00:38Z  OBSERVE  frontend->cartservice  rpr=0.0000  low=166 high=0  attempts=3  state=ON  metric=rpr
2026-10-08T00:00:38Z  OBSERVE  frontend->checkoutservice  rpr=0.0000  low=122 high=0  attempts=3  state=ON  metric=rpr
2026-10-08T00:00:38Z  OBSERVE  frontend->currencyservice  rpr=0.0000  low=166 high=0  attempts=3  state=ON  metric=rpr
2026-10-08T00:00:38Z  OBSERVE  frontend->productcatalogservice  rpr=0.0000  low=166 high=0  attempts=3  state=ON  metric=rpr
2026-10-08T00:00:38Z  OBSERVE  frontend->shippingservice  rpr=0.0000  low=166 high=0  attempts=3  state=ON  metric=rpr
2026-10-08T00:00:38Z  OBSERVE  checkoutservice->cartservice  rpr=0.0000  low=165 high=0  attempts=3  state=ON  metric=rpr
2026-10-08T00:00:38Z  OBSERVE  checkoutservice->currencyservice  rpr=0.0000  low=165 high=0  attempts=3  state=ON  metric=rpr
2026-10-08T00:00:38Z  OBSERVE  checkoutservice->emailservice  rpr=0.0000  low=164 high=0  attempts=3  state=ON  metric=rpr
2026-10-08T00:00:38Z  OBSERVE  checkoutservice->paymentservice  rpr=0.0000  low=165 high=0  attempts=3  state=ON  metric=rpr
2026-10-08T00:00:38Z  OBSERVE  checkoutservice->shippingservice  rpr=0.0000  low=165 high=0  attempts=3  state=ON  metric=rpr
2026-10-08T00:00:38Z  OBSERVE  recommendationservice->productcatalogservice  rpr=0.0000  low=166 high=0  attempts=3  state=ON  metric=rpr
2026-10-08T00:00:38Z  OBSERVE  recommendationservice  rejection=0.3266  low=0 high=93  state=OFF  metric=rejection
2026-10-08T00:00:40Z  OBSERVE  frontend->adservice  rpr=0.0000  low=166 high=0  attempts=3  state=ON  metric=rpr
2026-10-08T00:00:40Z  OBSERVE  frontend->cartservice  rpr=0.0000  low=167 high=0  attempts=3  state=ON  metric=rpr
2026-10-08T00:00:40Z  OBSERVE  frontend->checkoutservice  rpr=0.0000  low=123 high=0  attempts=3  state=ON  metric=rpr
2026-10-08T00:00:40Z  OBSERVE  frontend->currencyservice  rpr=0.0000  low=167 high=0  attempts=3  state=ON  metric=rpr
2026-10-08T00:00:40Z  OBSERVE  frontend->productcatalogservice  rpr=0.0000  low=167 high=0  attempts=3  state=ON  metric=rpr
2026-10-08T00:00:40Z  OBSERVE  frontend->shippingservice  rpr=0.0000  low=167 high=0  attempts=3  state=ON  metric=rpr
2026-10-08T00:00:40Z  OBSERVE  checkoutservice->cartservice  rpr=0.0000  low=166 high=0  attempts=3  state=ON  metric=rpr
2026-10-08T00:00:40Z  OBSERVE  checkoutservice->currencyservice  rpr=0.0000  low=166 high=0  attempts=3  state=ON  metric=rpr
2026-10-08T00:00:40Z  OBSERVE  checkoutservice->emailservice  rpr=0.0000  low=165 high=0  attempts=3  state=ON  metric=rpr
2026-10-08T00:00:40Z  OBSERVE  checkoutservice->paymentservice  rpr=0.0000  low=166 high=0  attempts=3  state=ON  metric=rpr
2026-10-08T00:00:40Z  OBSERVE  checkoutservice->shippingservice  rpr=0.0000  low=166 high=0  attempts=3  state=ON  metric=rpr
2026-10-08T00:00:40Z  OBSERVE  recommendationservice->productcatalogservice  rpr=0.0000  low=167 high=0  attempts=3  state=ON  metric=rpr
2026-10-08T00:00:40Z  OBSERVE  recommendationservice  rejection=0.3045  low=0 high=94  state=OFF  metric=rejection
2026-10-08T00:00:42Z  OBSERVE  frontend->adservice  rpr=0.0000  low=167 high=0  attempts=3  state=ON  metric=rpr
2026-10-08T00:00:42Z  OBSERVE  frontend->cartservice  rpr=0.0000  low=168 high=0  attempts=3  state=ON  metric=rpr
2026-10-08T00:00:42Z  OBSERVE  frontend->checkoutservice  rpr=0.0000  low=124 high=0  attempts=3  state=ON  metric=rpr
2026-10-08T00:00:42Z  OBSERVE  frontend->currencyservice  rpr=0.0000  low=168 high=0  attempts=3  state=ON  metric=rpr
2026-10-08T00:00:42Z  OBSERVE  frontend->productcatalogservice  rpr=0.0000  low=168 high=0  attempts=3  state=ON  metric=rpr
2026-10-08T00:00:42Z  OBSERVE  frontend->shippingservice  rpr=0.0000  low=168 high=0  attempts=3  state=ON  metric=rpr
2026-10-08T00:00:42Z  OBSERVE  checkoutservice->cartservice  rpr=0.0000  low=167 high=0  attempts=3  state=ON  metric=rpr
2026-10-08T00:00:42Z  OBSERVE  checkoutservice->currencyservice  rpr=0.0000  low=167 high=0  attempts=3  state=ON  metric=rpr
2026-10-08T00:00:42Z  OBSERVE  checkoutservice->emailservice  rpr=0.0000  low=166 high=0  attempts=3  state=ON  metric=rpr
2026-10-08T00:00:42Z  OBSERVE  checkoutservice->paymentservice  rpr=0.0000  low=167 high=0  attempts=3  state=ON  metric=rpr
2026-10-08T00:00:42Z  OBSERVE  checkoutservice->shippingservice  rpr=0.0000  low=167 high=0  attempts=3  state=ON  metric=rpr
2026-10-08T00:00:42Z  OBSERVE  recommendationservice->productcatalogservice  rpr=0.0000  low=168 high=0  attempts=3  state=ON  metric=rpr
2026-10-08T00:00:42Z  OBSERVE  recommendationservice  rejection=0.3622  low=0 high=95  state=OFF  metric=rejection
2026-10-08T00:00:44Z  OBSERVE  frontend->adservice  rpr=0.0000  low=168 high=0  attempts=3  state=ON  metric=rpr
2026-10-08T00:00:44Z  OBSERVE  frontend->cartservice  rpr=0.0000  low=169 high=0  attempts=3  state=ON  metric=rpr
2026-10-08T00:00:44Z  OBSERVE  frontend->checkoutservice  rpr=0.0000  low=125 high=0  attempts=3  state=ON  metric=rpr
2026-10-08T00:00:44Z  OBSERVE  frontend->currencyservice  rpr=0.0000  low=169 high=0  attempts=3  state=ON  metric=rpr
2026-10-08T00:00:44Z  OBSERVE  frontend->productcatalogservice  rpr=0.0000  low=169 high=0  attempts=3  state=ON  metric=rpr
2026-10-08T00:00:44Z  OBSERVE  frontend->shippingservice  rpr=0.0000  low=169 high=0  attempts=3  state=ON  metric=rpr
2026-10-08T00:00:44Z  OBSERVE  checkoutservice->cartservice  rpr=0.0000  low=168 high=0  attempts=3  state=ON  metric=rpr
2026-10-08T00:00:44Z  OBSERVE  checkoutservice->currencyservice  rpr=0.0000  low=168 high=0  attempts=3  state=ON  metric=rpr
2026-10-08T00:00:44Z  OBSERVE  checkoutservice->emailservice  rpr=0.0000  low=167 high=0  attempts=3  state=ON  metric=rpr
2026-10-08T00:00:44Z  OBSERVE  checkoutservice->paymentservice  rpr=0.0000  low=168 high=0  attempts=3  state=ON  metric=rpr
2026-10-08T00:00:44Z  OBSERVE  checkoutservice->shippingservice  rpr=0.0000  low=168 high=0  attempts=3  state=ON  metric=rpr
2026-10-08T00:00:44Z  OBSERVE  recommendationservice->productcatalogservice  rpr=0.0000  low=169 high=0  attempts=3  state=ON  metric=rpr
2026-10-08T00:00:44Z  OBSERVE  recommendationservice  rejection=0.2583  low=0 high=96  state=OFF  metric=rejection
2026-10-08T00:00:46Z  OBSERVE  frontend->adservice  rpr=0.0000  low=169 high=0  attempts=3  state=ON  metric=rpr
2026-10-08T00:00:46Z  OBSERVE  frontend->cartservice  rpr=0.0000  low=170 high=0  attempts=3  state=ON  metric=rpr
2026-10-08T00:00:46Z  OBSERVE  frontend->checkoutservice  rpr=0.0000  low=126 high=0  attempts=3  state=ON  metric=rpr
2026-10-08T00:00:46Z  OBSERVE  frontend->currencyservice  rpr=0.0000  low=170 high=0  attempts=3  state=ON  metric=rpr
2026-10-08T00:00:46Z  OBSERVE  frontend->productcatalogservice  rpr=0.0000  low=170 high=0  attempts=3  state=ON  metric=rpr
2026-10-08T00:00:46Z  OBSERVE  frontend->shippingservice  rpr=0.0000  low=170 high=0  attempts=3  state=ON  metric=rpr
2026-10-08T00:00:46Z  OBSERVE  checkoutservice->cartservice  rpr=0.0000  low=169 high=0  attempts=3  state=ON  metric=rpr
2026-10-08T00:00:46Z  OBSERVE  checkoutservice->currencyservice  rpr=0.0000  low=169 high=0  attempts=3  state=ON  metric=rpr
2026-10-08T00:00:46Z  OBSERVE  checkoutservice->emailservice  rpr=0.0000  low=168 high=0  attempts=3  state=ON  metric=rpr
2026-10-08T00:00:46Z  OBSERVE  checkoutservice->paymentservice  rpr=0.0000  low=169 high=0  attempts=3  state=ON  metric=rpr
2026-10-08T00:00:46Z  OBSERVE  checkoutservice->shippingservice  rpr=0.0000  low=169 high=0  attempts=3  state=ON  metric=rpr
2026-10-08T00:00:46Z  OBSERVE  recommendationservice->productcatalogservice  rpr=0.0000  low=170 high=0  attempts=3  state=ON  metric=rpr
2026-10-08T00:00:46Z  OBSERVE  recommendationservice  rejection=0.2953  low=0 high=97  state=OFF  metric=rejection
2026-10-08T00:00:48Z  OBSERVE  frontend->adservice  rpr=0.0000  low=170 high=0  attempts=3  state=ON  metric=rpr
2026-10-08T00:00:48Z  OBSERVE  frontend->cartservice  rpr=0.0000  low=171 high=0  attempts=3  state=ON  metric=rpr
2026-10-08T00:00:48Z  OBSERVE  frontend->checkoutservice  rpr=0.0175  low=127 high=0  attempts=3  state=ON  metric=rpr
2026-10-08T00:00:48Z  OBSERVE  frontend->currencyservice  rpr=0.0000  low=171 high=0  attempts=3  state=ON  metric=rpr
2026-10-08T00:00:48Z  OBSERVE  frontend->productcatalogservice  rpr=0.0000  low=171 high=0  attempts=3  state=ON  metric=rpr
2026-10-08T00:00:48Z  OBSERVE  frontend->shippingservice  rpr=0.0000  low=171 high=0  attempts=3  state=ON  metric=rpr
2026-10-08T00:00:48Z  OBSERVE  checkoutservice->cartservice  rpr=0.0000  low=170 high=0  attempts=3  state=ON  metric=rpr
2026-10-08T00:00:48Z  OBSERVE  checkoutservice->currencyservice  rpr=0.0000  low=170 high=0  attempts=3  state=ON  metric=rpr
2026-10-08T00:00:48Z  OBSERVE  checkoutservice->emailservice  rpr=0.0000  low=169 high=0  attempts=3  state=ON  metric=rpr
2026-10-08T00:00:48Z  OBSERVE  checkoutservice->paymentservice  rpr=0.0000  low=170 high=0  attempts=3  state=ON  metric=rpr
2026-10-08T00:00:48Z  OBSERVE  checkoutservice->shippingservice  rpr=0.0000  low=170 high=0  attempts=3  state=ON  metric=rpr
2026-10-08T00:00:48Z  OBSERVE  recommendationservice->productcatalogservice  rpr=0.0000  low=171 high=0  attempts=3  state=ON  metric=rpr
2026-10-08T00:00:48Z  OBSERVE  recommendationservice  rejection=0.2508  low=0 high=98  state=OFF  metric=rejection
2026-10-08T00:00:50Z  OBSERVE  frontend->adservice  rpr=0.0000  low=171 high=0  attempts=3  state=ON  metric=rpr
2026-10-08T00:00:50Z  OBSERVE  frontend->cartservice  rpr=0.0000  low=172 high=0  attempts=3  state=ON  metric=rpr
2026-10-08T00:00:50Z  OBSERVE  frontend->checkoutservice  rpr=0.0000  low=128 high=0  attempts=3  state=ON  metric=rpr
2026-10-08T00:00:50Z  OBSERVE  frontend->currencyservice  rpr=0.0000  low=172 high=0  attempts=3  state=ON  metric=rpr
2026-10-08T00:00:50Z  OBSERVE  frontend->productcatalogservice  rpr=0.0000  low=172 high=0  attempts=3  state=ON  metric=rpr
2026-10-08T00:00:50Z  OBSERVE  frontend->shippingservice  rpr=0.0000  low=172 high=0  attempts=3  state=ON  metric=rpr
2026-10-08T00:00:50Z  OBSERVE  checkoutservice->cartservice  rpr=0.0000  low=171 high=0  attempts=3  state=ON  metric=rpr
2026-10-08T00:00:50Z  OBSERVE  checkoutservice->currencyservice  rpr=0.0000  low=171 high=0  attempts=3  state=ON  metric=rpr
2026-10-08T00:00:50Z  OBSERVE  checkoutservice->emailservice  rpr=0.0000  low=170 high=0  attempts=3  state=ON  metric=rpr
2026-10-08T00:00:50Z  OBSERVE  checkoutservice->paymentservice  rpr=0.0000  low=171 high=0  attempts=3  state=ON  metric=rpr
2026-10-08T00:00:50Z  OBSERVE  checkoutservice->shippingservice  rpr=0.0000  low=171 high=0  attempts=3  state=ON  metric=rpr
2026-10-08T00:00:50Z  OBSERVE  recommendationservice->productcatalogservice  rpr=0.0000  low=172 high=0  attempts=3  state=ON  metric=rpr
2026-10-08T00:00:50Z  OBSERVE  recommendationservice  rejection=0.2986  low=0 high=99  state=OFF  metric=rejection
2026-10-08T00:00:52Z  OBSERVE  frontend->adservice  rpr=0.0000  low=172 high=0  attempts=3  state=ON  metric=rpr
2026-10-08T00:00:52Z  OBSERVE  frontend->cartservice  rpr=0.0000  low=173 high=0  attempts=3  state=ON  metric=rpr
2026-10-08T00:00:52Z  OBSERVE  frontend->checkoutservice  rpr=0.0000  low=129 high=0  attempts=3  state=ON  metric=rpr
2026-10-08T00:00:52Z  OBSERVE  frontend->currencyservice  rpr=0.0000  low=173 high=0  attempts=3  state=ON  metric=rpr
2026-10-08T00:00:52Z  OBSERVE  frontend->productcatalogservice  rpr=0.0000  low=173 high=0  attempts=3  state=ON  metric=rpr
2026-10-08T00:00:52Z  OBSERVE  frontend->shippingservice  rpr=0.0000  low=173 high=0  attempts=3  state=ON  metric=rpr
2026-10-08T00:00:52Z  OBSERVE  checkoutservice->cartservice  rpr=0.0000  low=172 high=0  attempts=3  state=ON  metric=rpr
2026-10-08T00:00:52Z  OBSERVE  checkoutservice->currencyservice  rpr=0.0000  low=172 high=0  attempts=3  state=ON  metric=rpr
2026-10-08T00:00:52Z  OBSERVE  checkoutservice->emailservice  rpr=0.0000  low=171 high=0  attempts=3  state=ON  metric=rpr
2026-10-08T00:00:52Z  OBSERVE  checkoutservice->paymentservice  rpr=0.0000  low=172 high=0  attempts=3  state=ON  metric=rpr
2026-10-08T00:00:52Z  OBSERVE  checkoutservice->shippingservice  rpr=0.0000  low=172 high=0  attempts=3  state=ON  metric=rpr
2026-10-08T00:00:52Z  OBSERVE  recommendationservice->productcatalogservice  rpr=0.0000  low=173 high=0  attempts=3  state=ON  metric=rpr
2026-10-08T00:00:52Z  OBSERVE  recommendationservice  rejection=0.2428  low=0 high=100  state=OFF  metric=rejection
2026-10-08T00:00:54Z  OBSERVE  frontend->adservice  rpr=0.0000  low=173 high=0  attempts=3  state=ON  metric=rpr
2026-10-08T00:00:54Z  OBSERVE  frontend->cartservice  rpr=0.0000  low=174 high=0  attempts=3  state=ON  metric=rpr
2026-10-08T00:00:54Z  OBSERVE  frontend->checkoutservice  rpr=0.0000  low=130 high=0  attempts=3  state=ON  metric=rpr
2026-10-08T00:00:54Z  OBSERVE  frontend->currencyservice  rpr=0.0000  low=174 high=0  attempts=3  state=ON  metric=rpr
2026-10-08T00:00:54Z  OBSERVE  frontend->productcatalogservice  rpr=0.0000  low=174 high=0  attempts=3  state=ON  metric=rpr
2026-10-08T00:00:54Z  OBSERVE  frontend->shippingservice  rpr=0.0000  low=174 high=0  attempts=3  state=ON  metric=rpr
2026-10-08T00:00:54Z  OBSERVE  checkoutservice->cartservice  rpr=0.0000  low=173 high=0  attempts=3  state=ON  metric=rpr
2026-10-08T00:00:54Z  OBSERVE  checkoutservice->currencyservice  rpr=0.0000  low=173 high=0  attempts=3  state=ON  metric=rpr
2026-10-08T00:00:54Z  OBSERVE  checkoutservice->emailservice  rpr=0.0000  low=172 high=0  attempts=3  state=ON  metric=rpr
2026-10-08T00:00:54Z  OBSERVE  checkoutservice->paymentservice  rpr=0.0000  low=173 high=0  attempts=3  state=ON  metric=rpr
2026-10-08T00:00:54Z  OBSERVE  checkoutservice->shippingservice  rpr=0.0000  low=173 high=0  attempts=3  state=ON  metric=rpr
2026-10-08T00:00:54Z  OBSERVE  recommendationservice->productcatalogservice  rpr=0.0000  low=174 high=0  attempts=3  state=ON  metric=rpr
2026-10-08T00:00:54Z  OBSERVE  recommendationservice  rejection=0.2717  low=0 high=101  state=OFF  metric=rejection
2026-10-08T00:00:56Z  OBSERVE  frontend->adservice  rpr=0.0000  low=174 high=0  attempts=3  state=ON  metric=rpr
2026-10-08T00:00:56Z  OBSERVE  frontend->cartservice  rpr=0.0000  low=175 high=0  attempts=3  state=ON  metric=rpr
2026-10-08T00:00:56Z  OBSERVE  frontend->checkoutservice  rpr=0.0000  low=131 high=0  attempts=3  state=ON  metric=rpr
2026-10-08T00:00:56Z  OBSERVE  frontend->currencyservice  rpr=0.0000  low=175 high=0  attempts=3  state=ON  metric=rpr
2026-10-08T00:00:56Z  OBSERVE  frontend->productcatalogservice  rpr=0.0000  low=175 high=0  attempts=3  state=ON  metric=rpr
2026-10-08T00:00:56Z  OBSERVE  frontend->shippingservice  rpr=0.0000  low=175 high=0  attempts=3  state=ON  metric=rpr
2026-10-08T00:00:56Z  OBSERVE  checkoutservice->cartservice  rpr=0.0000  low=174 high=0  attempts=3  state=ON  metric=rpr
2026-10-08T00:00:56Z  OBSERVE  checkoutservice->currencyservice  rpr=0.0000  low=174 high=0  attempts=3  state=ON  metric=rpr
2026-10-08T00:00:56Z  OBSERVE  checkoutservice->emailservice  rpr=0.0000  low=173 high=0  attempts=3  state=ON  metric=rpr
2026-10-08T00:00:56Z  OBSERVE  checkoutservice->paymentservice  rpr=0.0000  low=174 high=0  attempts=3  state=ON  metric=rpr
2026-10-08T00:00:56Z  OBSERVE  checkoutservice->shippingservice  rpr=0.0000  low=174 high=0  attempts=3  state=ON  metric=rpr
2026-10-08T00:00:56Z  OBSERVE  recommendationservice->productcatalogservice  rpr=0.0000  low=175 high=0  attempts=3  state=ON  metric=rpr
2026-10-08T00:00:56Z  OBSERVE  recommendationservice  rejection=0.3446  low=0 high=102  state=OFF  metric=rejection
2026-10-08T00:00:58Z  OBSERVE  frontend->adservice  rpr=0.0000  low=175 high=0  attempts=3  state=ON  metric=rpr
2026-10-08T00:00:58Z  OBSERVE  frontend->cartservice  rpr=0.0000  low=176 high=0  attempts=3  state=ON  metric=rpr
2026-10-08T00:00:58Z  OBSERVE  frontend->checkoutservice  rpr=0.0000  low=132 high=0  attempts=3  state=ON  metric=rpr
2026-10-08T00:00:58Z  OBSERVE  frontend->currencyservice  rpr=0.0000  low=176 high=0  attempts=3  state=ON  metric=rpr
2026-10-08T00:00:58Z  OBSERVE  frontend->productcatalogservice  rpr=0.0000  low=176 high=0  attempts=3  state=ON  metric=rpr
2026-10-08T00:00:58Z  OBSERVE  frontend->shippingservice  rpr=0.0000  low=176 high=0  attempts=3  state=ON  metric=rpr
2026-10-08T00:00:58Z  OBSERVE  checkoutservice->cartservice  rpr=0.0000  low=175 high=0  attempts=3  state=ON  metric=rpr
2026-10-08T00:00:58Z  OBSERVE  checkoutservice->currencyservice  rpr=0.0000  low=175 high=0  attempts=3  state=ON  metric=rpr
2026-10-08T00:00:58Z  OBSERVE  checkoutservice->emailservice  rpr=0.0000  low=174 high=0  attempts=3  state=ON  metric=rpr
2026-10-08T00:00:58Z  OBSERVE  checkoutservice->paymentservice  rpr=0.0000  low=175 high=0  attempts=3  state=ON  metric=rpr
2026-10-08T00:00:58Z  OBSERVE  checkoutservice->shippingservice  rpr=0.0000  low=175 high=0  attempts=3  state=ON  metric=rpr
2026-10-08T00:00:58Z  OBSERVE  recommendationservice->productcatalogservice  rpr=0.0000  low=176 high=0  attempts=3  state=ON  metric=rpr
2026-10-08T00:00:58Z  OBSERVE  recommendationservice  rejection=0.2248  low=0 high=103  state=OFF  metric=rejection
2026-10-08T00:01:00Z  OBSERVE  frontend->adservice  rpr=0.0000  low=176 high=0  attempts=3  state=ON  metric=rpr
2026-10-08T00:01:00Z  OBSERVE  frontend->cartservice  rpr=0.0000  low=177 high=0  attempts=3  state=ON  metric=rpr
2026-10-08T00:01:00Z  OBSERVE  frontend->checkoutservice  rpr=0.0000  low=133 high=0  attempts=3  state=ON  metric=rpr
2026-10-08T00:01:00Z  OBSERVE  frontend->currencyservice  rpr=0.0000  low=177 high=0  attempts=3  state=ON  metric=rpr
2026-10-08T00:01:00Z  OBSERVE  frontend->productcatalogservice  rpr=0.0000  low=177 high=0  attempts=3  state=ON  metric=rpr
2026-10-08T00:01:00Z  OBSERVE  frontend->shippingservice  rpr=0.0000  low=177 high=0  attempts=3  state=ON  metric=rpr
2026-10-08T00:01:00Z  OBSERVE  checkoutservice->cartservice  rpr=0.0000  low=176 high=0  attempts=3  state=ON  metric=rpr
2026-10-08T00:01:00Z  OBSERVE  checkoutservice->currencyservice  rpr=0.0000  low=176 high=0  attempts=3  state=ON  metric=rpr
2026-10-08T00:01:00Z  OBSERVE  checkoutservice->emailservice  rpr=0.0000  low=175 high=0  attempts=3  state=ON  metric=rpr
2026-10-08T00:01:00Z  OBSERVE  checkoutservice->paymentservice  rpr=0.0000  low=176 high=0  attempts=3  state=ON  metric=rpr
2026-10-08T00:01:00Z  OBSERVE  checkoutservice->shippingservice  rpr=0.0000  low=176 high=0  attempts=3  state=ON  metric=rpr
2026-10-08T00:01:00Z  OBSERVE  recommendationservice->productcatalogservice  rpr=0.0000  low=177 high=0  attempts=3  state=ON  metric=rpr
2026-10-08T00:01:00Z  OBSERVE  recommendationservice  rejection=0.2277  low=0 high=104  state=OFF  metric=rejection
2026-10-08T00:01:02Z  OBSERVE  frontend->adservice  rpr=0.0000  low=177 high=0  attempts=3  state=ON  metric=rpr
2026-10-08T00:01:02Z  OBSERVE  frontend->cartservice  rpr=0.0000  low=178 high=0  attempts=3  state=ON  metric=rpr
2026-10-08T00:01:02Z  OBSERVE  frontend->checkoutservice  rpr=0.0000  low=134 high=0  attempts=3  state=ON  metric=rpr
2026-10-08T00:01:02Z  OBSERVE  frontend->currencyservice  rpr=0.0000  low=178 high=0  attempts=3  state=ON  metric=rpr
2026-10-08T00:01:02Z  OBSERVE  frontend->productcatalogservice  rpr=0.0000  low=178 high=0  attempts=3  state=ON  metric=rpr
2026-10-08T00:01:02Z  OBSERVE  frontend->shippingservice  rpr=0.0000  low=178 high=0  attempts=3  state=ON  metric=rpr
2026-10-08T00:01:02Z  OBSERVE  checkoutservice->cartservice  rpr=0.0000  low=177 high=0  attempts=3  state=ON  metric=rpr
2026-10-08T00:01:02Z  OBSERVE  checkoutservice->currencyservice  rpr=0.0000  low=177 high=0  attempts=3  state=ON  metric=rpr
2026-10-08T00:01:02Z  OBSERVE  checkoutservice->emailservice  rpr=0.0000  low=176 high=0  attempts=3  state=ON  metric=rpr
2026-10-08T00:01:02Z  OBSERVE  checkoutservice->paymentservice  rpr=0.0000  low=177 high=0  attempts=3  state=ON  metric=rpr
2026-10-08T00:01:02Z  OBSERVE  checkoutservice->shippingservice  rpr=0.0000  low=177 high=0  attempts=3  state=ON  metric=rpr
2026-10-08T00:01:02Z  OBSERVE  recommendationservice->productcatalogservice  rpr=0.0000  low=178 high=0  attempts=3  state=ON  metric=rpr
2026-10-08T00:01:02Z  OBSERVE  recommendationservice  rejection=0.4221  low=0 high=105  state=OFF  metric=rejection
2026-10-08T00:01:04Z  OBSERVE  frontend->adservice  rpr=0.0000  low=178 high=0  attempts=3  state=ON  metric=rpr
2026-10-08T00:01:04Z  OBSERVE  frontend->cartservice  rpr=0.0000  low=179 high=0  attempts=3  state=ON  metric=rpr
2026-10-08T00:01:04Z  OBSERVE  frontend->checkoutservice  rpr=0.0000  low=135 high=0  attempts=3  state=ON  metric=rpr
2026-10-08T00:01:04Z  OBSERVE  frontend->currencyservice  rpr=0.0000  low=179 high=0  attempts=3  state=ON  metric=rpr
2026-10-08T00:01:04Z  OBSERVE  frontend->productcatalogservice  rpr=0.0000  low=179 high=0  attempts=3  state=ON  metric=rpr
2026-10-08T00:01:04Z  OBSERVE  frontend->shippingservice  rpr=0.0000  low=179 high=0  attempts=3  state=ON  metric=rpr
2026-10-08T00:01:04Z  OBSERVE  checkoutservice->cartservice  rpr=0.0000  low=178 high=0  attempts=3  state=ON  metric=rpr
2026-10-08T00:01:04Z  OBSERVE  checkoutservice->currencyservice  rpr=0.0000  low=178 high=0  attempts=3  state=ON  metric=rpr
2026-10-08T00:01:04Z  OBSERVE  checkoutservice->emailservice  rpr=0.0000  low=177 high=0  attempts=3  state=ON  metric=rpr
2026-10-08T00:01:04Z  OBSERVE  checkoutservice->paymentservice  rpr=0.0000  low=178 high=0  attempts=3  state=ON  metric=rpr
2026-10-08T00:01:04Z  OBSERVE  checkoutservice->shippingservice  rpr=0.0000  low=178 high=0  attempts=3  state=ON  metric=rpr
2026-10-08T00:01:04Z  OBSERVE  recommendationservice->productcatalogservice  rpr=0.0000  low=179 high=0  attempts=3  state=ON  metric=rpr
2026-10-08T00:01:04Z  OBSERVE  recommendationservice  rejection=0.3550  low=0 high=106  state=OFF  metric=rejection
2026-10-08T00:01:06Z  OBSERVE  frontend->adservice  rpr=0.0000  low=179 high=0  attempts=3  state=ON  metric=rpr
2026-10-08T00:01:06Z  OBSERVE  frontend->cartservice  rpr=0.0000  low=180 high=0  attempts=3  state=ON  metric=rpr
2026-10-08T00:01:06Z  OBSERVE  frontend->checkoutservice  rpr=0.0000  low=136 high=0  attempts=3  state=ON  metric=rpr
2026-10-08T00:01:06Z  OBSERVE  frontend->currencyservice  rpr=0.0000  low=180 high=0  attempts=3  state=ON  metric=rpr
2026-10-08T00:01:06Z  OBSERVE  frontend->productcatalogservice  rpr=0.0000  low=180 high=0  attempts=3  state=ON  metric=rpr
2026-10-08T00:01:06Z  OBSERVE  frontend->shippingservice  rpr=0.0000  low=180 high=0  attempts=3  state=ON  metric=rpr
2026-10-08T00:01:06Z  OBSERVE  checkoutservice->cartservice  rpr=0.0000  low=179 high=0  attempts=3  state=ON  metric=rpr
2026-10-08T00:01:06Z  OBSERVE  checkoutservice->currencyservice  rpr=0.0000  low=179 high=0  attempts=3  state=ON  metric=rpr
2026-10-08T00:01:06Z  OBSERVE  checkoutservice->emailservice  rpr=0.0000  low=178 high=0  attempts=3  state=ON  metric=rpr
2026-10-08T00:01:06Z  OBSERVE  checkoutservice->paymentservice  rpr=0.0000  low=179 high=0  attempts=3  state=ON  metric=rpr
2026-10-08T00:01:06Z  OBSERVE  checkoutservice->shippingservice  rpr=0.0000  low=179 high=0  attempts=3  state=ON  metric=rpr
2026-10-08T00:01:06Z  OBSERVE  recommendationservice->productcatalogservice  rpr=0.0000  low=180 high=0  attempts=3  state=ON  metric=rpr
2026-10-08T00:01:06Z  OBSERVE  recommendationservice  rejection=0.3189  low=0 high=107  state=OFF  metric=rejection
2026-10-08T00:01:08Z  OBSERVE  frontend->adservice  rpr=0.0000  low=180 high=0  attempts=3  state=ON  metric=rpr
2026-10-08T00:01:08Z  OBSERVE  frontend->cartservice  rpr=0.0000  low=181 high=0  attempts=3  state=ON  metric=rpr
2026-10-08T00:01:08Z  OBSERVE  frontend->checkoutservice  rpr=0.0000  low=137 high=0  attempts=3  state=ON  metric=rpr
2026-10-08T00:01:08Z  OBSERVE  frontend->currencyservice  rpr=0.0000  low=181 high=0  attempts=3  state=ON  metric=rpr
2026-10-08T00:01:08Z  OBSERVE  frontend->productcatalogservice  rpr=0.0000  low=181 high=0  attempts=3  state=ON  metric=rpr
2026-10-08T00:01:08Z  OBSERVE  frontend->shippingservice  rpr=0.0000  low=181 high=0  attempts=3  state=ON  metric=rpr
2026-10-08T00:01:08Z  OBSERVE  checkoutservice->cartservice  rpr=0.0000  low=180 high=0  attempts=3  state=ON  metric=rpr
2026-10-08T00:01:08Z  OBSERVE  checkoutservice->currencyservice  rpr=0.0000  low=180 high=0  attempts=3  state=ON  metric=rpr
2026-10-08T00:01:08Z  OBSERVE  checkoutservice->emailservice  rpr=0.0000  low=179 high=0  attempts=3  state=ON  metric=rpr
2026-10-08T00:01:08Z  OBSERVE  checkoutservice->paymentservice  rpr=0.0000  low=180 high=0  attempts=3  state=ON  metric=rpr
2026-10-08T00:01:08Z  OBSERVE  checkoutservice->shippingservice  rpr=0.0000  low=180 high=0  attempts=3  state=ON  metric=rpr
2026-10-08T00:01:08Z  OBSERVE  recommendationservice->productcatalogservice  rpr=0.0000  low=181 high=0  attempts=3  state=ON  metric=rpr
2026-10-08T00:01:08Z  OBSERVE  recommendationservice  rejection=0.2992  low=0 high=108  state=OFF  metric=rejection
2026-10-08T00:01:10Z  OBSERVE  frontend->adservice  rpr=0.0000  low=181 high=0  attempts=3  state=ON  metric=rpr
2026-10-08T00:01:10Z  OBSERVE  frontend->cartservice  rpr=0.0000  low=182 high=0  attempts=3  state=ON  metric=rpr
2026-10-08T00:01:10Z  OBSERVE  frontend->checkoutservice  rpr=0.0000  low=138 high=0  attempts=3  state=ON  metric=rpr
2026-10-08T00:01:10Z  OBSERVE  frontend->currencyservice  rpr=0.0000  low=182 high=0  attempts=3  state=ON  metric=rpr
2026-10-08T00:01:10Z  OBSERVE  frontend->productcatalogservice  rpr=0.0000  low=182 high=0  attempts=3  state=ON  metric=rpr
2026-10-08T00:01:10Z  OBSERVE  frontend->shippingservice  rpr=0.0000  low=182 high=0  attempts=3  state=ON  metric=rpr
2026-10-08T00:01:10Z  OBSERVE  checkoutservice->cartservice  rpr=0.0000  low=181 high=0  attempts=3  state=ON  metric=rpr
2026-10-08T00:01:10Z  OBSERVE  checkoutservice->currencyservice  rpr=0.0000  low=181 high=0  attempts=3  state=ON  metric=rpr
2026-10-08T00:01:10Z  OBSERVE  checkoutservice->emailservice  rpr=0.0000  low=180 high=0  attempts=3  state=ON  metric=rpr
2026-10-08T00:01:10Z  OBSERVE  checkoutservice->paymentservice  rpr=0.0000  low=181 high=0  attempts=3  state=ON  metric=rpr
2026-10-08T00:01:10Z  OBSERVE  checkoutservice->shippingservice  rpr=0.0000  low=181 high=0  attempts=3  state=ON  metric=rpr
2026-10-08T00:01:10Z  OBSERVE  recommendationservice->productcatalogservice  rpr=0.0000  low=182 high=0  attempts=3  state=ON  metric=rpr
2026-10-08T00:01:10Z  OBSERVE  recommendationservice  rejection=0.2800  low=0 high=109  state=OFF  metric=rejection
2026-10-08T00:01:12Z  OBSERVE  frontend->adservice  rpr=0.0000  low=182 high=0  attempts=3  state=ON  metric=rpr
2026-10-08T00:01:12Z  OBSERVE  frontend->cartservice  rpr=0.0000  low=183 high=0  attempts=3  state=ON  metric=rpr
2026-10-08T00:01:12Z  OBSERVE  frontend->checkoutservice  rpr=0.0000  low=139 high=0  attempts=3  state=ON  metric=rpr
2026-10-08T00:01:12Z  OBSERVE  frontend->currencyservice  rpr=0.0000  low=183 high=0  attempts=3  state=ON  metric=rpr
2026-10-08T00:01:12Z  OBSERVE  frontend->productcatalogservice  rpr=0.0000  low=183 high=0  attempts=3  state=ON  metric=rpr
2026-10-08T00:01:12Z  OBSERVE  frontend->shippingservice  rpr=0.0000  low=183 high=0  attempts=3  state=ON  metric=rpr
2026-10-08T00:01:12Z  OBSERVE  checkoutservice->cartservice  rpr=0.0000  low=182 high=0  attempts=3  state=ON  metric=rpr
2026-10-08T00:01:12Z  OBSERVE  checkoutservice->currencyservice  rpr=0.0000  low=182 high=0  attempts=3  state=ON  metric=rpr
2026-10-08T00:01:12Z  OBSERVE  checkoutservice->emailservice  rpr=0.0000  low=181 high=0  attempts=3  state=ON  metric=rpr
2026-10-08T00:01:12Z  OBSERVE  checkoutservice->paymentservice  rpr=0.0000  low=182 high=0  attempts=3  state=ON  metric=rpr
2026-10-08T00:01:12Z  OBSERVE  checkoutservice->shippingservice  rpr=0.0000  low=182 high=0  attempts=3  state=ON  metric=rpr
2026-10-08T00:01:12Z  OBSERVE  recommendationservice->productcatalogservice  rpr=0.0000  low=183 high=0  attempts=3  state=ON  metric=rpr
2026-10-08T00:01:12Z  OBSERVE  recommendationservice  rejection=0.2637  low=0 high=110  state=OFF  metric=rejection
2026-10-08T00:01:14Z  OBSERVE  frontend->adservice  rpr=0.0000  low=183 high=0  attempts=3  state=ON  metric=rpr
2026-10-08T00:01:14Z  OBSERVE  frontend->cartservice  rpr=0.0000  low=184 high=0  attempts=3  state=ON  metric=rpr
2026-10-08T00:01:14Z  OBSERVE  frontend->checkoutservice  rpr=0.0000  low=140 high=0  attempts=3  state=ON  metric=rpr
2026-10-08T00:01:14Z  OBSERVE  frontend->currencyservice  rpr=0.0000  low=184 high=0  attempts=3  state=ON  metric=rpr
2026-10-08T00:01:14Z  OBSERVE  frontend->productcatalogservice  rpr=0.0000  low=184 high=0  attempts=3  state=ON  metric=rpr
2026-10-08T00:01:14Z  OBSERVE  frontend->shippingservice  rpr=0.0000  low=184 high=0  attempts=3  state=ON  metric=rpr
2026-10-08T00:01:14Z  OBSERVE  checkoutservice->cartservice  rpr=0.0000  low=183 high=0  attempts=3  state=ON  metric=rpr
2026-10-08T00:01:14Z  OBSERVE  checkoutservice->currencyservice  rpr=0.0000  low=183 high=0  attempts=3  state=ON  metric=rpr
2026-10-08T00:01:14Z  OBSERVE  checkoutservice->emailservice  rpr=0.0000  low=182 high=0  attempts=3  state=ON  metric=rpr
2026-10-08T00:01:14Z  OBSERVE  checkoutservice->paymentservice  rpr=0.0000  low=183 high=0  attempts=3  state=ON  metric=rpr
2026-10-08T00:01:14Z  OBSERVE  checkoutservice->shippingservice  rpr=0.0000  low=183 high=0  attempts=3  state=ON  metric=rpr
2026-10-08T00:01:14Z  OBSERVE  recommendationservice->productcatalogservice  rpr=0.0000  low=184 high=0  attempts=3  state=ON  metric=rpr
2026-10-08T00:01:14Z  OBSERVE  recommendationservice  rejection=0.2687  low=0 high=111  state=OFF  metric=rejection
2026-10-08T00:01:16Z  OBSERVE  frontend->adservice  rpr=0.0000  low=184 high=0  attempts=3  state=ON  metric=rpr
2026-10-08T00:01:16Z  OBSERVE  frontend->cartservice  rpr=0.0000  low=185 high=0  attempts=3  state=ON  metric=rpr
2026-10-08T00:01:16Z  OBSERVE  frontend->checkoutservice  rpr=0.0000  low=141 high=0  attempts=3  state=ON  metric=rpr
2026-10-08T00:01:16Z  OBSERVE  frontend->currencyservice  rpr=0.0000  low=185 high=0  attempts=3  state=ON  metric=rpr
2026-10-08T00:01:16Z  OBSERVE  frontend->productcatalogservice  rpr=0.0000  low=185 high=0  attempts=3  state=ON  metric=rpr
2026-10-08T00:01:16Z  OBSERVE  frontend->shippingservice  rpr=0.0000  low=185 high=0  attempts=3  state=ON  metric=rpr
2026-10-08T00:01:16Z  OBSERVE  checkoutservice->cartservice  rpr=0.0000  low=184 high=0  attempts=3  state=ON  metric=rpr
2026-10-08T00:01:16Z  OBSERVE  checkoutservice->currencyservice  rpr=0.0000  low=184 high=0  attempts=3  state=ON  metric=rpr
2026-10-08T00:01:16Z  OBSERVE  checkoutservice->emailservice  rpr=0.0000  low=183 high=0  attempts=3  state=ON  metric=rpr
2026-10-08T00:01:16Z  OBSERVE  checkoutservice->paymentservice  rpr=0.0000  low=184 high=0  attempts=3  state=ON  metric=rpr
2026-10-08T00:01:16Z  OBSERVE  checkoutservice->shippingservice  rpr=0.0000  low=184 high=0  attempts=3  state=ON  metric=rpr
2026-10-08T00:01:16Z  OBSERVE  recommendationservice->productcatalogservice  rpr=0.0000  low=185 high=0  attempts=3  state=ON  metric=rpr
2026-10-08T00:01:16Z  OBSERVE  recommendationservice  rejection=0.3544  low=0 high=112  state=OFF  metric=rejection
2026-10-08T00:01:18Z  OBSERVE  frontend->adservice  rpr=0.0000  low=185 high=0  attempts=3  state=ON  metric=rpr
2026-10-08T00:01:18Z  OBSERVE  frontend->cartservice  rpr=0.0000  low=186 high=0  attempts=3  state=ON  metric=rpr
2026-10-08T00:01:18Z  OBSERVE  frontend->checkoutservice  rpr=0.0000  low=142 high=0  attempts=3  state=ON  metric=rpr
2026-10-08T00:01:18Z  OBSERVE  frontend->currencyservice  rpr=0.0000  low=186 high=0  attempts=3  state=ON  metric=rpr
2026-10-08T00:01:18Z  OBSERVE  frontend->productcatalogservice  rpr=0.0000  low=186 high=0  attempts=3  state=ON  metric=rpr
2026-10-08T00:01:18Z  OBSERVE  frontend->shippingservice  rpr=0.0000  low=186 high=0  attempts=3  state=ON  metric=rpr
2026-10-08T00:01:18Z  OBSERVE  checkoutservice->cartservice  rpr=0.0000  low=185 high=0  attempts=3  state=ON  metric=rpr
2026-10-08T00:01:18Z  OBSERVE  checkoutservice->currencyservice  rpr=0.0000  low=185 high=0  attempts=3  state=ON  metric=rpr
2026-10-08T00:01:18Z  OBSERVE  checkoutservice->emailservice  rpr=0.0000  low=184 high=0  attempts=3  state=ON  metric=rpr
2026-10-08T00:01:18Z  OBSERVE  checkoutservice->paymentservice  rpr=0.0000  low=185 high=0  attempts=3  state=ON  metric=rpr
2026-10-08T00:01:18Z  OBSERVE  checkoutservice->shippingservice  rpr=0.0000  low=185 high=0  attempts=3  state=ON  metric=rpr
2026-10-08T00:01:18Z  OBSERVE  recommendationservice->productcatalogservice  rpr=0.0000  low=186 high=0  attempts=3  state=ON  metric=rpr
2026-10-08T00:01:18Z  OBSERVE  recommendationservice  rejection=0.2257  low=0 high=113  state=OFF  metric=rejection
2026-10-08T00:01:20Z  OBSERVE  frontend->adservice  rpr=0.0000  low=186 high=0  attempts=3  state=ON  metric=rpr
2026-10-08T00:01:20Z  OBSERVE  frontend->cartservice  rpr=0.0000  low=187 high=0  attempts=3  state=ON  metric=rpr
2026-10-08T00:01:20Z  OBSERVE  frontend->checkoutservice  rpr=0.0000  low=143 high=0  attempts=3  state=ON  metric=rpr
2026-10-08T00:01:20Z  OBSERVE  frontend->currencyservice  rpr=0.0000  low=187 high=0  attempts=3  state=ON  metric=rpr
2026-10-08T00:01:20Z  OBSERVE  frontend->productcatalogservice  rpr=0.0000  low=187 high=0  attempts=3  state=ON  metric=rpr
2026-10-08T00:01:20Z  OBSERVE  frontend->shippingservice  rpr=0.0000  low=187 high=0  attempts=3  state=ON  metric=rpr
2026-10-08T00:01:20Z  OBSERVE  checkoutservice->cartservice  rpr=0.0000  low=186 high=0  attempts=3  state=ON  metric=rpr
2026-10-08T00:01:20Z  OBSERVE  checkoutservice->currencyservice  rpr=0.0000  low=186 high=0  attempts=3  state=ON  metric=rpr
2026-10-08T00:01:20Z  OBSERVE  checkoutservice->emailservice  rpr=0.0000  low=185 high=0  attempts=3  state=ON  metric=rpr
2026-10-08T00:01:20Z  OBSERVE  checkoutservice->paymentservice  rpr=0.0000  low=186 high=0  attempts=3  state=ON  metric=rpr
2026-10-08T00:01:20Z  OBSERVE  checkoutservice->shippingservice  rpr=0.0000  low=186 high=0  attempts=3  state=ON  metric=rpr
2026-10-08T00:01:20Z  OBSERVE  recommendationservice->productcatalogservice  rpr=0.0000  low=187 high=0  attempts=3  state=ON  metric=rpr
2026-10-08T00:01:20Z  OBSERVE  recommendationservice  rejection=0.2527  low=0 high=114  state=OFF  metric=rejection
2026-10-08T00:01:22Z  OBSERVE  frontend->adservice  rpr=0.0000  low=187 high=0  attempts=3  state=ON  metric=rpr
2026-10-08T00:01:22Z  OBSERVE  frontend->cartservice  rpr=0.0000  low=188 high=0  attempts=3  state=ON  metric=rpr
2026-10-08T00:01:22Z  OBSERVE  frontend->checkoutservice  rpr=0.0000  low=144 high=0  attempts=3  state=ON  metric=rpr
2026-10-08T00:01:22Z  OBSERVE  frontend->currencyservice  rpr=0.0000  low=188 high=0  attempts=3  state=ON  metric=rpr
2026-10-08T00:01:22Z  OBSERVE  frontend->productcatalogservice  rpr=0.0000  low=188 high=0  attempts=3  state=ON  metric=rpr
2026-10-08T00:01:22Z  OBSERVE  frontend->shippingservice  rpr=0.0000  low=188 high=0  attempts=3  state=ON  metric=rpr
2026-10-08T00:01:22Z  OBSERVE  checkoutservice->cartservice  rpr=0.0000  low=187 high=0  attempts=3  state=ON  metric=rpr
2026-10-08T00:01:22Z  OBSERVE  checkoutservice->currencyservice  rpr=0.0000  low=187 high=0  attempts=3  state=ON  metric=rpr
2026-10-08T00:01:22Z  OBSERVE  checkoutservice->emailservice  rpr=0.0000  low=186 high=0  attempts=3  state=ON  metric=rpr
2026-10-08T00:01:22Z  OBSERVE  checkoutservice->paymentservice  rpr=0.0000  low=187 high=0  attempts=3  state=ON  metric=rpr
2026-10-08T00:01:22Z  OBSERVE  checkoutservice->shippingservice  rpr=0.0000  low=187 high=0  attempts=3  state=ON  metric=rpr
2026-10-08T00:01:22Z  OBSERVE  recommendationservice->productcatalogservice  rpr=0.0000  low=188 high=0  attempts=3  state=ON  metric=rpr
2026-10-08T00:01:22Z  OBSERVE  recommendationservice  rejection=0.2513  low=0 high=115  state=OFF  metric=rejection
2026-10-08T00:01:24Z  OBSERVE  frontend->adservice  rpr=0.0000  low=188 high=0  attempts=3  state=ON  metric=rpr
2026-10-08T00:01:24Z  OBSERVE  frontend->cartservice  rpr=0.0000  low=189 high=0  attempts=3  state=ON  metric=rpr
2026-10-08T00:01:24Z  OBSERVE  frontend->checkoutservice  rpr=0.0000  low=145 high=0  attempts=3  state=ON  metric=rpr
2026-10-08T00:01:24Z  OBSERVE  frontend->currencyservice  rpr=0.0000  low=189 high=0  attempts=3  state=ON  metric=rpr
2026-10-08T00:01:24Z  OBSERVE  frontend->productcatalogservice  rpr=0.0000  low=189 high=0  attempts=3  state=ON  metric=rpr
2026-10-08T00:01:24Z  OBSERVE  frontend->shippingservice  rpr=0.0000  low=189 high=0  attempts=3  state=ON  metric=rpr
2026-10-08T00:01:24Z  OBSERVE  checkoutservice->cartservice  rpr=0.0000  low=188 high=0  attempts=3  state=ON  metric=rpr
2026-10-08T00:01:24Z  OBSERVE  checkoutservice->currencyservice  rpr=0.0000  low=188 high=0  attempts=3  state=ON  metric=rpr
2026-10-08T00:01:24Z  OBSERVE  checkoutservice->emailservice  rpr=0.0000  low=187 high=0  attempts=3  state=ON  metric=rpr
2026-10-08T00:01:24Z  OBSERVE  checkoutservice->paymentservice  rpr=0.0000  low=188 high=0  attempts=3  state=ON  metric=rpr
2026-10-08T00:01:24Z  OBSERVE  checkoutservice->shippingservice  rpr=0.0000  low=188 high=0  attempts=3  state=ON  metric=rpr
2026-10-08T00:01:24Z  OBSERVE  recommendationservice->productcatalogservice  rpr=0.0000  low=189 high=0  attempts=3  state=ON  metric=rpr
2026-10-08T00:01:24Z  OBSERVE  recommendationservice  rejection=0.2549  low=0 high=116  state=OFF  metric=rejection
2026-10-08T00:01:26Z  OBSERVE  frontend->adservice  rpr=0.0000  low=189 high=0  attempts=3  state=ON  metric=rpr
2026-10-08T00:01:26Z  OBSERVE  frontend->cartservice  rpr=0.0000  low=190 high=0  attempts=3  state=ON  metric=rpr
2026-10-08T00:01:26Z  OBSERVE  frontend->checkoutservice  rpr=0.0000  low=146 high=0  attempts=3  state=ON  metric=rpr
2026-10-08T00:01:26Z  OBSERVE  frontend->currencyservice  rpr=0.0000  low=190 high=0  attempts=3  state=ON  metric=rpr
2026-10-08T00:01:26Z  OBSERVE  frontend->productcatalogservice  rpr=0.0000  low=190 high=0  attempts=3  state=ON  metric=rpr
2026-10-08T00:01:26Z  OBSERVE  frontend->shippingservice  rpr=0.0000  low=190 high=0  attempts=3  state=ON  metric=rpr
2026-10-08T00:01:26Z  OBSERVE  checkoutservice->cartservice  rpr=0.0000  low=189 high=0  attempts=3  state=ON  metric=rpr
2026-10-08T00:01:26Z  OBSERVE  checkoutservice->currencyservice  rpr=0.0000  low=189 high=0  attempts=3  state=ON  metric=rpr
2026-10-08T00:01:26Z  OBSERVE  checkoutservice->emailservice  rpr=0.0000  low=188 high=0  attempts=3  state=ON  metric=rpr
2026-10-08T00:01:26Z  OBSERVE  checkoutservice->paymentservice  rpr=0.0000  low=189 high=0  attempts=3  state=ON  metric=rpr
2026-10-08T00:01:26Z  OBSERVE  checkoutservice->shippingservice  rpr=0.0000  low=189 high=0  attempts=3  state=ON  metric=rpr
2026-10-08T00:01:26Z  OBSERVE  recommendationservice->productcatalogservice  rpr=0.0000  low=190 high=0  attempts=3  state=ON  metric=rpr
2026-10-08T00:01:26Z  OBSERVE  recommendationservice  rejection=0.4072  low=0 high=117  state=OFF  metric=rejection
2026-10-08T00:01:28Z  OBSERVE  frontend->adservice  rpr=0.0000  low=190 high=0  attempts=3  state=ON  metric=rpr
2026-10-08T00:01:28Z  OBSERVE  frontend->cartservice  rpr=0.0000  low=191 high=0  attempts=3  state=ON  metric=rpr
2026-10-08T00:01:28Z  OBSERVE  frontend->checkoutservice  rpr=0.0000  low=147 high=0  attempts=3  state=ON  metric=rpr
2026-10-08T00:01:28Z  OBSERVE  frontend->currencyservice  rpr=0.0000  low=191 high=0  attempts=3  state=ON  metric=rpr
2026-10-08T00:01:28Z  OBSERVE  frontend->productcatalogservice  rpr=0.0000  low=191 high=0  attempts=3  state=ON  metric=rpr
2026-10-08T00:01:28Z  OBSERVE  frontend->shippingservice  rpr=0.0000  low=191 high=0  attempts=3  state=ON  metric=rpr
2026-10-08T00:01:28Z  OBSERVE  checkoutservice->cartservice  rpr=0.0000  low=190 high=0  attempts=3  state=ON  metric=rpr
2026-10-08T00:01:28Z  OBSERVE  checkoutservice->currencyservice  rpr=0.0000  low=190 high=0  attempts=3  state=ON  metric=rpr
2026-10-08T00:01:28Z  OBSERVE  checkoutservice->emailservice  rpr=0.0000  low=189 high=0  attempts=3  state=ON  metric=rpr
2026-10-08T00:01:28Z  OBSERVE  checkoutservice->paymentservice  rpr=0.0000  low=190 high=0  attempts=3  state=ON  metric=rpr
2026-10-08T00:01:28Z  OBSERVE  checkoutservice->shippingservice  rpr=0.0000  low=190 high=0  attempts=3  state=ON  metric=rpr
2026-10-08T00:01:28Z  OBSERVE  recommendationservice->productcatalogservice  rpr=0.0000  low=191 high=0  attempts=3  state=ON  metric=rpr
2026-10-08T00:01:28Z  OBSERVE  recommendationservice  rejection=0.3649  low=0 high=118  state=OFF  metric=rejection
2026-10-08T00:01:30Z  OBSERVE  frontend->adservice  rpr=0.0000  low=191 high=0  attempts=3  state=ON  metric=rpr
2026-10-08T00:01:30Z  OBSERVE  frontend->cartservice  rpr=0.0000  low=192 high=0  attempts=3  state=ON  metric=rpr
2026-10-08T00:01:30Z  OBSERVE  frontend->checkoutservice  rpr=0.0000  low=148 high=0  attempts=3  state=ON  metric=rpr
2026-10-08T00:01:30Z  OBSERVE  frontend->currencyservice  rpr=0.0000  low=192 high=0  attempts=3  state=ON  metric=rpr
2026-10-08T00:01:30Z  OBSERVE  frontend->productcatalogservice  rpr=0.0000  low=192 high=0  attempts=3  state=ON  metric=rpr
2026-10-08T00:01:30Z  OBSERVE  frontend->shippingservice  rpr=0.0000  low=192 high=0  attempts=3  state=ON  metric=rpr
2026-10-08T00:01:30Z  OBSERVE  checkoutservice->cartservice  rpr=0.0000  low=191 high=0  attempts=3  state=ON  metric=rpr
2026-10-08T00:01:30Z  OBSERVE  checkoutservice->currencyservice  rpr=0.0000  low=191 high=0  attempts=3  state=ON  metric=rpr
2026-10-08T00:01:30Z  OBSERVE  checkoutservice->emailservice  rpr=0.0000  low=190 high=0  attempts=3  state=ON  metric=rpr
2026-10-08T00:01:30Z  OBSERVE  checkoutservice->paymentservice  rpr=0.0000  low=191 high=0  attempts=3  state=ON  metric=rpr
2026-10-08T00:01:30Z  OBSERVE  checkoutservice->shippingservice  rpr=0.0000  low=191 high=0  attempts=3  state=ON  metric=rpr
2026-10-08T00:01:30Z  OBSERVE  recommendationservice->productcatalogservice  rpr=0.0000  low=192 high=0  attempts=3  state=ON  metric=rpr
2026-10-08T00:01:30Z  OBSERVE  recommendationservice  rejection=0.2920  low=0 high=119  state=OFF  metric=rejection
2026-10-08T00:01:32Z  OBSERVE  frontend->adservice  rpr=0.0000  low=192 high=0  attempts=3  state=ON  metric=rpr
2026-10-08T00:01:32Z  OBSERVE  frontend->cartservice  rpr=0.0000  low=193 high=0  attempts=3  state=ON  metric=rpr
2026-10-08T00:01:32Z  OBSERVE  frontend->checkoutservice  rpr=0.0000  low=149 high=0  attempts=3  state=ON  metric=rpr
2026-10-08T00:01:32Z  OBSERVE  frontend->currencyservice  rpr=0.0000  low=193 high=0  attempts=3  state=ON  metric=rpr
2026-10-08T00:01:32Z  OBSERVE  frontend->productcatalogservice  rpr=0.0000  low=193 high=0  attempts=3  state=ON  metric=rpr
2026-10-08T00:01:32Z  OBSERVE  frontend->shippingservice  rpr=0.0000  low=193 high=0  attempts=3  state=ON  metric=rpr
2026-10-08T00:01:32Z  OBSERVE  checkoutservice->cartservice  rpr=0.0000  low=192 high=0  attempts=3  state=ON  metric=rpr
2026-10-08T00:01:32Z  OBSERVE  checkoutservice->currencyservice  rpr=0.0000  low=192 high=0  attempts=3  state=ON  metric=rpr
2026-10-08T00:01:32Z  OBSERVE  checkoutservice->emailservice  rpr=0.0000  low=191 high=0  attempts=3  state=ON  metric=rpr
2026-10-08T00:01:32Z  OBSERVE  checkoutservice->paymentservice  rpr=0.0000  low=192 high=0  attempts=3  state=ON  metric=rpr
2026-10-08T00:01:32Z  OBSERVE  checkoutservice->shippingservice  rpr=0.0000  low=192 high=0  attempts=3  state=ON  metric=rpr
2026-10-08T00:01:32Z  OBSERVE  recommendationservice->productcatalogservice  rpr=0.0000  low=193 high=0  attempts=3  state=ON  metric=rpr
2026-10-08T00:01:32Z  OBSERVE  recommendationservice  rejection=0.2784  low=0 high=120  state=OFF  metric=rejection
2026-10-08T00:01:34Z  OBSERVE  frontend->adservice  rpr=0.0000  low=193 high=0  attempts=3  state=ON  metric=rpr
2026-10-08T00:01:34Z  OBSERVE  frontend->cartservice  rpr=0.0000  low=194 high=0  attempts=3  state=ON  metric=rpr
2026-10-08T00:01:34Z  OBSERVE  frontend->checkoutservice  rpr=0.0000  low=150 high=0  attempts=3  state=ON  metric=rpr
2026-10-08T00:01:34Z  OBSERVE  frontend->currencyservice  rpr=0.0000  low=194 high=0  attempts=3  state=ON  metric=rpr
2026-10-08T00:01:34Z  OBSERVE  frontend->productcatalogservice  rpr=0.0000  low=194 high=0  attempts=3  state=ON  metric=rpr
2026-10-08T00:01:34Z  OBSERVE  frontend->shippingservice  rpr=0.0000  low=194 high=0  attempts=3  state=ON  metric=rpr
2026-10-08T00:01:34Z  OBSERVE  checkoutservice->cartservice  rpr=0.0000  low=193 high=0  attempts=3  state=ON  metric=rpr
2026-10-08T00:01:34Z  OBSERVE  checkoutservice->currencyservice  rpr=0.0000  low=193 high=0  attempts=3  state=ON  metric=rpr
2026-10-08T00:01:34Z  OBSERVE  checkoutservice->emailservice  rpr=0.0000  low=192 high=0  attempts=3  state=ON  metric=rpr
2026-10-08T00:01:34Z  OBSERVE  checkoutservice->paymentservice  rpr=0.0000  low=193 high=0  attempts=3  state=ON  metric=rpr
2026-10-08T00:01:34Z  OBSERVE  checkoutservice->shippingservice  rpr=0.0000  low=193 high=0  attempts=3  state=ON  metric=rpr
2026-10-08T00:01:34Z  OBSERVE  recommendationservice->productcatalogservice  rpr=0.0000  low=194 high=0  attempts=3  state=ON  metric=rpr
2026-10-08T00:01:34Z  OBSERVE  recommendationservice  rejection=0.2591  low=0 high=121  state=OFF  metric=rejection
2026-10-08T00:01:36Z  OBSERVE  frontend->adservice  rpr=0.0000  low=194 high=0  attempts=3  state=ON  metric=rpr
2026-10-08T00:01:36Z  OBSERVE  frontend->cartservice  rpr=0.0000  low=195 high=0  attempts=3  state=ON  metric=rpr
2026-10-08T00:01:36Z  OBSERVE  frontend->checkoutservice  rpr=0.0000  low=151 high=0  attempts=3  state=ON  metric=rpr
2026-10-08T00:01:36Z  OBSERVE  frontend->currencyservice  rpr=0.0000  low=195 high=0  attempts=3  state=ON  metric=rpr
2026-10-08T00:01:36Z  OBSERVE  frontend->productcatalogservice  rpr=0.0000  low=195 high=0  attempts=3  state=ON  metric=rpr
2026-10-08T00:01:36Z  OBSERVE  frontend->shippingservice  rpr=0.0000  low=195 high=0  attempts=3  state=ON  metric=rpr
2026-10-08T00:01:36Z  OBSERVE  checkoutservice->cartservice  rpr=0.0000  low=194 high=0  attempts=3  state=ON  metric=rpr
2026-10-08T00:01:36Z  OBSERVE  checkoutservice->currencyservice  rpr=0.0000  low=194 high=0  attempts=3  state=ON  metric=rpr
2026-10-08T00:01:36Z  OBSERVE  checkoutservice->emailservice  rpr=0.0000  low=193 high=0  attempts=3  state=ON  metric=rpr
2026-10-08T00:01:36Z  OBSERVE  checkoutservice->paymentservice  rpr=0.0000  low=194 high=0  attempts=3  state=ON  metric=rpr
2026-10-08T00:01:36Z  OBSERVE  checkoutservice->shippingservice  rpr=0.0000  low=194 high=0  attempts=3  state=ON  metric=rpr
2026-10-08T00:01:36Z  OBSERVE  recommendationservice->productcatalogservice  rpr=0.0000  low=195 high=0  attempts=3  state=ON  metric=rpr
2026-10-08T00:01:36Z  OBSERVE  recommendationservice  rejection=0.3115  low=0 high=122  state=OFF  metric=rejection
2026-10-08T00:01:38Z  OBSERVE  frontend->adservice  rpr=0.0000  low=195 high=0  attempts=3  state=ON  metric=rpr
2026-10-08T00:01:38Z  OBSERVE  frontend->cartservice  rpr=0.0000  low=196 high=0  attempts=3  state=ON  metric=rpr
2026-10-08T00:01:38Z  OBSERVE  frontend->checkoutservice  rpr=0.0000  low=152 high=0  attempts=3  state=ON  metric=rpr
2026-10-08T00:01:38Z  OBSERVE  frontend->currencyservice  rpr=0.0000  low=196 high=0  attempts=3  state=ON  metric=rpr
2026-10-08T00:01:38Z  OBSERVE  frontend->productcatalogservice  rpr=0.0000  low=196 high=0  attempts=3  state=ON  metric=rpr
2026-10-08T00:01:38Z  OBSERVE  frontend->shippingservice  rpr=0.0000  low=196 high=0  attempts=3  state=ON  metric=rpr
2026-10-08T00:01:38Z  OBSERVE  checkoutservice->cartservice  rpr=0.0000  low=195 high=0  attempts=3  state=ON  metric=rpr
2026-10-08T00:01:38Z  OBSERVE  checkoutservice->currencyservice  rpr=0.0000  low=195 high=0  attempts=3  state=ON  metric=rpr
2026-10-08T00:01:38Z  OBSERVE  checkoutservice->emailservice  rpr=0.0000  low=194 high=0  attempts=3  state=ON  metric=rpr
2026-10-08T00:01:38Z  OBSERVE  checkoutservice->paymentservice  rpr=0.0000  low=195 high=0  attempts=3  state=ON  metric=rpr
2026-10-08T00:01:38Z  OBSERVE  checkoutservice->shippingservice  rpr=0.0000  low=195 high=0  attempts=3  state=ON  metric=rpr
2026-10-08T00:01:38Z  OBSERVE  recommendationservice->productcatalogservice  rpr=0.0000  low=196 high=0  attempts=3  state=ON  metric=rpr
2026-10-08T00:01:38Z  OBSERVE  recommendationservice  rejection=0.3031  low=0 high=123  state=OFF  metric=rejection
2026-10-08T00:01:40Z  OBSERVE  frontend->adservice  rpr=0.0000  low=196 high=0  attempts=3  state=ON  metric=rpr
2026-10-08T00:01:40Z  OBSERVE  frontend->cartservice  rpr=0.0000  low=197 high=0  attempts=3  state=ON  metric=rpr
2026-10-08T00:01:40Z  OBSERVE  frontend->checkoutservice  rpr=0.0000  low=153 high=0  attempts=3  state=ON  metric=rpr
2026-10-08T00:01:40Z  OBSERVE  frontend->currencyservice  rpr=0.0000  low=197 high=0  attempts=3  state=ON  metric=rpr
2026-10-08T00:01:40Z  OBSERVE  frontend->productcatalogservice  rpr=0.0000  low=197 high=0  attempts=3  state=ON  metric=rpr
2026-10-08T00:01:40Z  OBSERVE  frontend->shippingservice  rpr=0.0000  low=197 high=0  attempts=3  state=ON  metric=rpr
2026-10-08T00:01:40Z  OBSERVE  checkoutservice->cartservice  rpr=0.0000  low=196 high=0  attempts=3  state=ON  metric=rpr
2026-10-08T00:01:40Z  OBSERVE  checkoutservice->currencyservice  rpr=0.0000  low=196 high=0  attempts=3  state=ON  metric=rpr
2026-10-08T00:01:40Z  OBSERVE  checkoutservice->emailservice  rpr=0.0000  low=195 high=0  attempts=3  state=ON  metric=rpr
2026-10-08T00:01:40Z  OBSERVE  checkoutservice->paymentservice  rpr=0.0000  low=196 high=0  attempts=3  state=ON  metric=rpr
2026-10-08T00:01:40Z  OBSERVE  checkoutservice->shippingservice  rpr=0.0000  low=196 high=0  attempts=3  state=ON  metric=rpr
2026-10-08T00:01:40Z  OBSERVE  recommendationservice->productcatalogservice  rpr=0.0000  low=197 high=0  attempts=3  state=ON  metric=rpr
2026-10-08T00:01:40Z  OBSERVE  recommendationservice  rejection=0.2879  low=0 high=124  state=OFF  metric=rejection
2026-10-08T00:01:42Z  OBSERVE  frontend->adservice  rpr=0.0000  low=197 high=0  attempts=3  state=ON  metric=rpr
2026-10-08T00:01:42Z  OBSERVE  frontend->cartservice  rpr=0.0000  low=198 high=0  attempts=3  state=ON  metric=rpr
2026-10-08T00:01:42Z  OBSERVE  frontend->checkoutservice  rpr=0.0000  low=154 high=0  attempts=3  state=ON  metric=rpr
2026-10-08T00:01:42Z  OBSERVE  frontend->currencyservice  rpr=0.0000  low=198 high=0  attempts=3  state=ON  metric=rpr
2026-10-08T00:01:42Z  OBSERVE  frontend->productcatalogservice  rpr=0.0000  low=198 high=0  attempts=3  state=ON  metric=rpr
2026-10-08T00:01:42Z  OBSERVE  frontend->shippingservice  rpr=0.0000  low=198 high=0  attempts=3  state=ON  metric=rpr
2026-10-08T00:01:42Z  OBSERVE  checkoutservice->cartservice  rpr=0.0000  low=197 high=0  attempts=3  state=ON  metric=rpr
2026-10-08T00:01:42Z  OBSERVE  checkoutservice->currencyservice  rpr=0.0000  low=197 high=0  attempts=3  state=ON  metric=rpr
2026-10-08T00:01:42Z  OBSERVE  checkoutservice->emailservice  rpr=0.0000  low=196 high=0  attempts=3  state=ON  metric=rpr
2026-10-08T00:01:42Z  OBSERVE  checkoutservice->paymentservice  rpr=0.0000  low=197 high=0  attempts=3  state=ON  metric=rpr
2026-10-08T00:01:42Z  OBSERVE  checkoutservice->shippingservice  rpr=0.0000  low=197 high=0  attempts=3  state=ON  metric=rpr
2026-10-08T00:01:42Z  OBSERVE  recommendationservice->productcatalogservice  rpr=0.0000  low=198 high=0  attempts=3  state=ON  metric=rpr
2026-10-08T00:01:42Z  OBSERVE  recommendationservice  rejection=0.3160  low=0 high=125  state=OFF  metric=rejection
2026-10-08T00:01:44Z  OBSERVE  frontend->adservice  rpr=0.0000  low=198 high=0  attempts=3  state=ON  metric=rpr
2026-10-08T00:01:44Z  OBSERVE  frontend->cartservice  rpr=0.0000  low=199 high=0  attempts=3  state=ON  metric=rpr
2026-10-08T00:01:44Z  OBSERVE  frontend->checkoutservice  rpr=0.0000  low=155 high=0  attempts=3  state=ON  metric=rpr
2026-10-08T00:01:44Z  OBSERVE  frontend->currencyservice  rpr=0.0000  low=199 high=0  attempts=3  state=ON  metric=rpr
2026-10-08T00:01:44Z  OBSERVE  frontend->productcatalogservice  rpr=0.0000  low=199 high=0  attempts=3  state=ON  metric=rpr
2026-10-08T00:01:44Z  OBSERVE  frontend->shippingservice  rpr=0.0000  low=199 high=0  attempts=3  state=ON  metric=rpr
2026-10-08T00:01:44Z  OBSERVE  checkoutservice->cartservice  rpr=0.0000  low=198 high=0  attempts=3  state=ON  metric=rpr
2026-10-08T00:01:44Z  OBSERVE  checkoutservice->currencyservice  rpr=0.0000  low=198 high=0  attempts=3  state=ON  metric=rpr
2026-10-08T00:01:44Z  OBSERVE  checkoutservice->emailservice  rpr=0.0000  low=197 high=0  attempts=3  state=ON  metric=rpr
2026-10-08T00:01:44Z  OBSERVE  checkoutservice->paymentservice  rpr=0.0000  low=198 high=0  attempts=3  state=ON  metric=rpr
2026-10-08T00:01:44Z  OBSERVE  checkoutservice->shippingservice  rpr=0.0000  low=198 high=0  attempts=3  state=ON  metric=rpr
2026-10-08T00:01:44Z  OBSERVE  recommendationservice->productcatalogservice  rpr=0.0000  low=199 high=0  attempts=3  state=ON  metric=rpr
2026-10-08T00:01:44Z  OBSERVE  recommendationservice  rejection=0.3197  low=0 high=126  state=OFF  metric=rejection
2026-10-08T00:01:46Z  OBSERVE  frontend->adservice  rpr=0.0000  low=199 high=0  attempts=3  state=ON  metric=rpr
2026-10-08T00:01:46Z  OBSERVE  frontend->cartservice  rpr=0.0000  low=200 high=0  attempts=3  state=ON  metric=rpr
2026-10-08T00:01:46Z  OBSERVE  frontend->checkoutservice  rpr=0.0000  low=156 high=0  attempts=3  state=ON  metric=rpr
2026-10-08T00:01:46Z  OBSERVE  frontend->currencyservice  rpr=0.0000  low=200 high=0  attempts=3  state=ON  metric=rpr
2026-10-08T00:01:46Z  OBSERVE  frontend->productcatalogservice  rpr=0.0000  low=200 high=0  attempts=3  state=ON  metric=rpr
2026-10-08T00:01:46Z  OBSERVE  frontend->shippingservice  rpr=0.0000  low=200 high=0  attempts=3  state=ON  metric=rpr
2026-10-08T00:01:46Z  OBSERVE  checkoutservice->cartservice  rpr=0.0000  low=199 high=0  attempts=3  state=ON  metric=rpr
2026-10-08T00:01:46Z  OBSERVE  checkoutservice->currencyservice  rpr=0.0000  low=199 high=0  attempts=3  state=ON  metric=rpr
2026-10-08T00:01:46Z  OBSERVE  checkoutservice->emailservice  rpr=0.0000  low=198 high=0  attempts=3  state=ON  metric=rpr
2026-10-08T00:01:46Z  OBSERVE  checkoutservice->paymentservice  rpr=0.0000  low=199 high=0  attempts=3  state=ON  metric=rpr
2026-10-08T00:01:46Z  OBSERVE  checkoutservice->shippingservice  rpr=0.0000  low=199 high=0  attempts=3  state=ON  metric=rpr
2026-10-08T00:01:46Z  OBSERVE  recommendationservice->productcatalogservice  rpr=0.0000  low=200 high=0  attempts=3  state=ON  metric=rpr
2026-10-08T00:01:46Z  OBSERVE  recommendationservice  rejection=0.4444  low=0 high=127  state=OFF  metric=rejection
2026-10-08T00:01:48Z  OBSERVE  frontend->adservice  rpr=0.0000  low=200 high=0  attempts=3  state=ON  metric=rpr
2026-10-08T00:01:48Z  OBSERVE  frontend->cartservice  rpr=0.0000  low=201 high=0  attempts=3  state=ON  metric=rpr
2026-10-08T00:01:48Z  OBSERVE  frontend->checkoutservice  rpr=0.0000  low=157 high=0  attempts=3  state=ON  metric=rpr
2026-10-08T00:01:48Z  OBSERVE  frontend->currencyservice  rpr=0.0000  low=201 high=0  attempts=3  state=ON  metric=rpr
2026-10-08T00:01:48Z  OBSERVE  frontend->productcatalogservice  rpr=0.0000  low=201 high=0  attempts=3  state=ON  metric=rpr
2026-10-08T00:01:48Z  OBSERVE  frontend->shippingservice  rpr=0.0000  low=201 high=0  attempts=3  state=ON  metric=rpr
2026-10-08T00:01:48Z  OBSERVE  checkoutservice->cartservice  rpr=0.0000  low=200 high=0  attempts=3  state=ON  metric=rpr
2026-10-08T00:01:48Z  OBSERVE  checkoutservice->currencyservice  rpr=0.0000  low=200 high=0  attempts=3  state=ON  metric=rpr
2026-10-08T00:01:48Z  OBSERVE  checkoutservice->emailservice  rpr=0.0000  low=199 high=0  attempts=3  state=ON  metric=rpr
2026-10-08T00:01:48Z  OBSERVE  checkoutservice->paymentservice  rpr=0.0000  low=200 high=0  attempts=3  state=ON  metric=rpr
2026-10-08T00:01:48Z  OBSERVE  checkoutservice->shippingservice  rpr=0.0000  low=200 high=0  attempts=3  state=ON  metric=rpr
2026-10-08T00:01:48Z  OBSERVE  recommendationservice->productcatalogservice  rpr=0.0000  low=201 high=0  attempts=3  state=ON  metric=rpr
2026-10-08T00:01:48Z  OBSERVE  recommendationservice  rejection=0.2421  low=0 high=128  state=OFF  metric=rejection
2026-10-08T00:01:50Z  OBSERVE  frontend->adservice  rpr=0.0000  low=201 high=0  attempts=3  state=ON  metric=rpr
2026-10-08T00:01:50Z  OBSERVE  frontend->cartservice  rpr=0.0000  low=202 high=0  attempts=3  state=ON  metric=rpr
2026-10-08T00:01:50Z  OBSERVE  frontend->checkoutservice  rpr=0.0000  low=158 high=0  attempts=3  state=ON  metric=rpr
2026-10-08T00:01:50Z  OBSERVE  frontend->currencyservice  rpr=0.0000  low=202 high=0  attempts=3  state=ON  metric=rpr
2026-10-08T00:01:50Z  OBSERVE  frontend->productcatalogservice  rpr=0.0000  low=202 high=0  attempts=3  state=ON  metric=rpr
2026-10-08T00:01:50Z  OBSERVE  frontend->shippingservice  rpr=0.0000  low=202 high=0  attempts=3  state=ON  metric=rpr
2026-10-08T00:01:50Z  OBSERVE  checkoutservice->cartservice  rpr=0.0000  low=201 high=0  attempts=3  state=ON  metric=rpr
2026-10-08T00:01:50Z  OBSERVE  checkoutservice->currencyservice  rpr=0.0000  low=201 high=0  attempts=3  state=ON  metric=rpr
2026-10-08T00:01:50Z  OBSERVE  checkoutservice->emailservice  rpr=0.0000  low=200 high=0  attempts=3  state=ON  metric=rpr
2026-10-08T00:01:50Z  OBSERVE  checkoutservice->paymentservice  rpr=0.0000  low=201 high=0  attempts=3  state=ON  metric=rpr
2026-10-08T00:01:50Z  OBSERVE  checkoutservice->shippingservice  rpr=0.0000  low=201 high=0  attempts=3  state=ON  metric=rpr
2026-10-08T00:01:50Z  OBSERVE  recommendationservice->productcatalogservice  rpr=0.0000  low=202 high=0  attempts=3  state=ON  metric=rpr
2026-10-08T00:01:50Z  OBSERVE  recommendationservice  rejection=0.4268  low=0 high=129  state=OFF  metric=rejection
2026-10-08T00:01:52Z  OBSERVE  frontend->adservice  rpr=0.0000  low=202 high=0  attempts=3  state=ON  metric=rpr
2026-10-08T00:01:52Z  OBSERVE  frontend->cartservice  rpr=0.0000  low=203 high=0  attempts=3  state=ON  metric=rpr
2026-10-08T00:01:52Z  OBSERVE  frontend->checkoutservice  rpr=0.0000  low=159 high=0  attempts=3  state=ON  metric=rpr
2026-10-08T00:01:52Z  OBSERVE  frontend->currencyservice  rpr=0.0000  low=203 high=0  attempts=3  state=ON  metric=rpr
2026-10-08T00:01:52Z  OBSERVE  frontend->productcatalogservice  rpr=0.0000  low=203 high=0  attempts=3  state=ON  metric=rpr
2026-10-08T00:01:52Z  OBSERVE  frontend->shippingservice  rpr=0.0000  low=203 high=0  attempts=3  state=ON  metric=rpr
2026-10-08T00:01:52Z  OBSERVE  checkoutservice->cartservice  rpr=0.0000  low=202 high=0  attempts=3  state=ON  metric=rpr
2026-10-08T00:01:52Z  OBSERVE  checkoutservice->currencyservice  rpr=0.0000  low=202 high=0  attempts=3  state=ON  metric=rpr
2026-10-08T00:01:52Z  OBSERVE  checkoutservice->emailservice  rpr=0.0000  low=201 high=0  attempts=3  state=ON  metric=rpr
2026-10-08T00:01:52Z  OBSERVE  checkoutservice->paymentservice  rpr=0.0000  low=202 high=0  attempts=3  state=ON  metric=rpr
2026-10-08T00:01:52Z  OBSERVE  checkoutservice->shippingservice  rpr=0.0000  low=202 high=0  attempts=3  state=ON  metric=rpr
2026-10-08T00:01:52Z  OBSERVE  recommendationservice->productcatalogservice  rpr=0.0000  low=203 high=0  attempts=3  state=ON  metric=rpr
2026-10-08T00:01:52Z  OBSERVE  recommendationservice  rejection=0.2819  low=0 high=130  state=OFF  metric=rejection
2026-10-08T00:01:54Z  OBSERVE  frontend->adservice  rpr=0.0000  low=203 high=0  attempts=3  state=ON  metric=rpr
2026-10-08T00:01:54Z  OBSERVE  frontend->cartservice  rpr=0.0000  low=204 high=0  attempts=3  state=ON  metric=rpr
2026-10-08T00:01:54Z  OBSERVE  frontend->checkoutservice  rpr=0.0000  low=160 high=0  attempts=3  state=ON  metric=rpr
2026-10-08T00:01:54Z  OBSERVE  frontend->currencyservice  rpr=0.0000  low=204 high=0  attempts=3  state=ON  metric=rpr
2026-10-08T00:01:54Z  OBSERVE  frontend->productcatalogservice  rpr=0.0000  low=204 high=0  attempts=3  state=ON  metric=rpr
2026-10-08T00:01:54Z  OBSERVE  frontend->shippingservice  rpr=0.0000  low=204 high=0  attempts=3  state=ON  metric=rpr
2026-10-08T00:01:54Z  OBSERVE  checkoutservice->cartservice  rpr=0.0000  low=203 high=0  attempts=3  state=ON  metric=rpr
2026-10-08T00:01:54Z  OBSERVE  checkoutservice->currencyservice  rpr=0.0000  low=203 high=0  attempts=3  state=ON  metric=rpr
2026-10-08T00:01:54Z  OBSERVE  checkoutservice->emailservice  rpr=0.0000  low=202 high=0  attempts=3  state=ON  metric=rpr
2026-10-08T00:01:54Z  OBSERVE  checkoutservice->paymentservice  rpr=0.0000  low=203 high=0  attempts=3  state=ON  metric=rpr
2026-10-08T00:01:54Z  OBSERVE  checkoutservice->shippingservice  rpr=0.0000  low=203 high=0  attempts=3  state=ON  metric=rpr
2026-10-08T00:01:54Z  OBSERVE  recommendationservice->productcatalogservice  rpr=0.0000  low=204 high=0  attempts=3  state=ON  metric=rpr
2026-10-08T00:01:54Z  OBSERVE  recommendationservice  rejection=0.3952  low=0 high=131  state=OFF  metric=rejection
2026-10-08T00:01:56Z  OBSERVE  frontend->adservice  rpr=0.0000  low=204 high=0  attempts=3  state=ON  metric=rpr
2026-10-08T00:01:56Z  OBSERVE  frontend->cartservice  rpr=0.0000  low=205 high=0  attempts=3  state=ON  metric=rpr
2026-10-08T00:01:56Z  OBSERVE  frontend->checkoutservice  rpr=0.0000  low=161 high=0  attempts=3  state=ON  metric=rpr
2026-10-08T00:01:56Z  OBSERVE  frontend->currencyservice  rpr=0.0000  low=205 high=0  attempts=3  state=ON  metric=rpr
2026-10-08T00:01:56Z  OBSERVE  frontend->productcatalogservice  rpr=0.0000  low=205 high=0  attempts=3  state=ON  metric=rpr
2026-10-08T00:01:56Z  OBSERVE  frontend->shippingservice  rpr=0.0000  low=205 high=0  attempts=3  state=ON  metric=rpr
2026-10-08T00:01:56Z  OBSERVE  checkoutservice->cartservice  rpr=0.0000  low=204 high=0  attempts=3  state=ON  metric=rpr
2026-10-08T00:01:56Z  OBSERVE  checkoutservice->currencyservice  rpr=0.0000  low=204 high=0  attempts=3  state=ON  metric=rpr
2026-10-08T00:01:56Z  OBSERVE  checkoutservice->emailservice  rpr=0.0000  low=203 high=0  attempts=3  state=ON  metric=rpr
2026-10-08T00:01:56Z  OBSERVE  checkoutservice->paymentservice  rpr=0.0000  low=204 high=0  attempts=3  state=ON  metric=rpr
2026-10-08T00:01:56Z  OBSERVE  checkoutservice->shippingservice  rpr=0.0000  low=204 high=0  attempts=3  state=ON  metric=rpr
2026-10-08T00:01:56Z  OBSERVE  recommendationservice->productcatalogservice  rpr=0.0000  low=205 high=0  attempts=3  state=ON  metric=rpr
2026-10-08T00:01:56Z  OBSERVE  recommendationservice  rejection=0.4111  low=0 high=132  state=OFF  metric=rejection
2026-10-08T00:01:58Z  OBSERVE  frontend->adservice  rpr=0.0000  low=205 high=0  attempts=3  state=ON  metric=rpr
2026-10-08T00:01:58Z  OBSERVE  frontend->cartservice  rpr=0.0000  low=206 high=0  attempts=3  state=ON  metric=rpr
2026-10-08T00:01:58Z  OBSERVE  frontend->checkoutservice  rpr=0.0000  low=162 high=0  attempts=3  state=ON  metric=rpr
2026-10-08T00:01:58Z  OBSERVE  frontend->currencyservice  rpr=0.0000  low=206 high=0  attempts=3  state=ON  metric=rpr
2026-10-08T00:01:58Z  OBSERVE  frontend->productcatalogservice  rpr=0.0000  low=206 high=0  attempts=3  state=ON  metric=rpr
2026-10-08T00:01:58Z  OBSERVE  frontend->shippingservice  rpr=0.0000  low=206 high=0  attempts=3  state=ON  metric=rpr
2026-10-08T00:01:58Z  OBSERVE  checkoutservice->cartservice  rpr=0.0000  low=205 high=0  attempts=3  state=ON  metric=rpr
2026-10-08T00:01:58Z  OBSERVE  checkoutservice->currencyservice  rpr=0.0000  low=205 high=0  attempts=3  state=ON  metric=rpr
2026-10-08T00:01:58Z  OBSERVE  checkoutservice->emailservice  rpr=0.0000  low=204 high=0  attempts=3  state=ON  metric=rpr
2026-10-08T00:01:58Z  OBSERVE  checkoutservice->paymentservice  rpr=0.0000  low=205 high=0  attempts=3  state=ON  metric=rpr
2026-10-08T00:01:58Z  OBSERVE  checkoutservice->shippingservice  rpr=0.0000  low=205 high=0  attempts=3  state=ON  metric=rpr
2026-10-08T00:01:58Z  OBSERVE  recommendationservice->productcatalogservice  rpr=0.0000  low=206 high=0  attempts=3  state=ON  metric=rpr
2026-10-08T00:01:58Z  OBSERVE  recommendationservice  rejection=0.2678  low=0 high=133  state=OFF  metric=rejection
2026-10-08T00:02:00Z  OBSERVE  frontend->adservice  rpr=0.0000  low=206 high=0  attempts=3  state=ON  metric=rpr
2026-10-08T00:02:00Z  OBSERVE  frontend->cartservice  rpr=0.0000  low=207 high=0  attempts=3  state=ON  metric=rpr
2026-10-08T00:02:00Z  OBSERVE  frontend->checkoutservice  rpr=0.0000  low=163 high=0  attempts=3  state=ON  metric=rpr
2026-10-08T00:02:00Z  OBSERVE  frontend->currencyservice  rpr=0.0000  low=207 high=0  attempts=3  state=ON  metric=rpr
2026-10-08T00:02:00Z  OBSERVE  frontend->productcatalogservice  rpr=0.0000  low=207 high=0  attempts=3  state=ON  metric=rpr
2026-10-08T00:02:00Z  OBSERVE  frontend->shippingservice  rpr=0.0000  low=207 high=0  attempts=3  state=ON  metric=rpr
2026-10-08T00:02:00Z  OBSERVE  checkoutservice->cartservice  rpr=0.0000  low=206 high=0  attempts=3  state=ON  metric=rpr
2026-10-08T00:02:00Z  OBSERVE  checkoutservice->currencyservice  rpr=0.0000  low=206 high=0  attempts=3  state=ON  metric=rpr
2026-10-08T00:02:00Z  OBSERVE  checkoutservice->emailservice  rpr=0.0000  low=205 high=0  attempts=3  state=ON  metric=rpr
2026-10-08T00:02:00Z  OBSERVE  checkoutservice->paymentservice  rpr=0.0000  low=206 high=0  attempts=3  state=ON  metric=rpr
2026-10-08T00:02:00Z  OBSERVE  checkoutservice->shippingservice  rpr=0.0000  low=206 high=0  attempts=3  state=ON  metric=rpr
2026-10-08T00:02:00Z  OBSERVE  recommendationservice->productcatalogservice  rpr=0.0000  low=207 high=0  attempts=3  state=ON  metric=rpr
2026-10-08T00:02:00Z  OBSERVE  recommendationservice  rejection=0.3842  low=0 high=134  state=OFF  metric=rejection
2026-10-08T00:02:02Z  OBSERVE  frontend->adservice  rpr=0.0000  low=207 high=0  attempts=3  state=ON  metric=rpr
2026-10-08T00:02:02Z  OBSERVE  frontend->cartservice  rpr=0.0000  low=208 high=0  attempts=3  state=ON  metric=rpr
2026-10-08T00:02:02Z  OBSERVE  frontend->checkoutservice  rpr=0.0000  low=164 high=0  attempts=3  state=ON  metric=rpr
2026-10-08T00:02:02Z  OBSERVE  frontend->currencyservice  rpr=0.0000  low=208 high=0  attempts=3  state=ON  metric=rpr
2026-10-08T00:02:02Z  OBSERVE  frontend->productcatalogservice  rpr=0.0000  low=208 high=0  attempts=3  state=ON  metric=rpr
2026-10-08T00:02:02Z  OBSERVE  frontend->shippingservice  rpr=0.0000  low=208 high=0  attempts=3  state=ON  metric=rpr
2026-10-08T00:02:02Z  OBSERVE  checkoutservice->cartservice  rpr=0.0000  low=207 high=0  attempts=3  state=ON  metric=rpr
2026-10-08T00:02:02Z  OBSERVE  checkoutservice->currencyservice  rpr=0.0000  low=207 high=0  attempts=3  state=ON  metric=rpr
2026-10-08T00:02:02Z  OBSERVE  checkoutservice->emailservice  rpr=0.0000  low=206 high=0  attempts=3  state=ON  metric=rpr
2026-10-08T00:02:02Z  OBSERVE  checkoutservice->paymentservice  rpr=0.0000  low=207 high=0  attempts=3  state=ON  metric=rpr
2026-10-08T00:02:02Z  OBSERVE  checkoutservice->shippingservice  rpr=0.0000  low=207 high=0  attempts=3  state=ON  metric=rpr
2026-10-08T00:02:02Z  OBSERVE  recommendationservice->productcatalogservice  rpr=0.0000  low=208 high=0  attempts=3  state=ON  metric=rpr
2026-10-08T00:02:02Z  OBSERVE  recommendationservice  rejection=0.4255  low=0 high=135  state=OFF  metric=rejection
2026-10-08T00:02:04Z  OBSERVE  frontend->adservice  rpr=0.0000  low=208 high=0  attempts=3  state=ON  metric=rpr
2026-10-08T00:02:04Z  OBSERVE  frontend->cartservice  rpr=0.0000  low=209 high=0  attempts=3  state=ON  metric=rpr
2026-10-08T00:02:04Z  OBSERVE  frontend->checkoutservice  rpr=0.0000  low=165 high=0  attempts=3  state=ON  metric=rpr
2026-10-08T00:02:04Z  OBSERVE  frontend->currencyservice  rpr=0.0000  low=209 high=0  attempts=3  state=ON  metric=rpr
2026-10-08T00:02:04Z  OBSERVE  frontend->productcatalogservice  rpr=0.0000  low=209 high=0  attempts=3  state=ON  metric=rpr
2026-10-08T00:02:04Z  OBSERVE  frontend->shippingservice  rpr=0.0000  low=209 high=0  attempts=3  state=ON  metric=rpr
2026-10-08T00:02:04Z  OBSERVE  checkoutservice->cartservice  rpr=0.0000  low=208 high=0  attempts=3  state=ON  metric=rpr
2026-10-08T00:02:04Z  OBSERVE  checkoutservice->currencyservice  rpr=0.0000  low=208 high=0  attempts=3  state=ON  metric=rpr
2026-10-08T00:02:04Z  OBSERVE  checkoutservice->emailservice  rpr=0.0000  low=207 high=0  attempts=3  state=ON  metric=rpr
2026-10-08T00:02:04Z  OBSERVE  checkoutservice->paymentservice  rpr=0.0000  low=208 high=0  attempts=3  state=ON  metric=rpr
2026-10-08T00:02:04Z  OBSERVE  checkoutservice->shippingservice  rpr=0.0000  low=208 high=0  attempts=3  state=ON  metric=rpr
2026-10-08T00:02:04Z  OBSERVE  recommendationservice->productcatalogservice  rpr=0.0000  low=209 high=0  attempts=3  state=ON  metric=rpr
2026-10-08T00:02:04Z  OBSERVE  recommendationservice  rejection=0.2772  low=0 high=136  state=OFF  metric=rejection
2026-10-08T00:02:06Z  OBSERVE  frontend->adservice  rpr=0.0000  low=209 high=0  attempts=3  state=ON  metric=rpr
2026-10-08T00:02:06Z  OBSERVE  frontend->cartservice  rpr=0.0000  low=210 high=0  attempts=3  state=ON  metric=rpr
2026-10-08T00:02:06Z  OBSERVE  frontend->checkoutservice  rpr=0.0000  low=166 high=0  attempts=3  state=ON  metric=rpr
2026-10-08T00:02:06Z  OBSERVE  frontend->currencyservice  rpr=0.0000  low=210 high=0  attempts=3  state=ON  metric=rpr
2026-10-08T00:02:06Z  OBSERVE  frontend->productcatalogservice  rpr=0.0000  low=210 high=0  attempts=3  state=ON  metric=rpr
2026-10-08T00:02:06Z  OBSERVE  frontend->shippingservice  rpr=0.0000  low=210 high=0  attempts=3  state=ON  metric=rpr
2026-10-08T00:02:06Z  OBSERVE  checkoutservice->cartservice  rpr=0.0000  low=209 high=0  attempts=3  state=ON  metric=rpr
2026-10-08T00:02:06Z  OBSERVE  checkoutservice->currencyservice  rpr=0.0000  low=209 high=0  attempts=3  state=ON  metric=rpr
2026-10-08T00:02:06Z  OBSERVE  checkoutservice->emailservice  rpr=0.0000  low=208 high=0  attempts=3  state=ON  metric=rpr
2026-10-08T00:02:06Z  OBSERVE  checkoutservice->paymentservice  rpr=0.0000  low=209 high=0  attempts=3  state=ON  metric=rpr
2026-10-08T00:02:06Z  OBSERVE  checkoutservice->shippingservice  rpr=0.0000  low=209 high=0  attempts=3  state=ON  metric=rpr
2026-10-08T00:02:06Z  OBSERVE  recommendationservice->productcatalogservice  rpr=0.0000  low=210 high=0  attempts=3  state=ON  metric=rpr
2026-10-08T00:02:06Z  OBSERVE  recommendationservice  rejection=0.2995  low=0 high=137  state=OFF  metric=rejection
2026-10-08T00:02:08Z  OBSERVE  frontend->adservice  rpr=0.0000  low=210 high=0  attempts=3  state=ON  metric=rpr
2026-10-08T00:02:08Z  OBSERVE  frontend->cartservice  rpr=0.0000  low=211 high=0  attempts=3  state=ON  metric=rpr
2026-10-08T00:02:08Z  OBSERVE  frontend->checkoutservice  rpr=0.0000  low=167 high=0  attempts=3  state=ON  metric=rpr
2026-10-08T00:02:08Z  OBSERVE  frontend->currencyservice  rpr=0.0000  low=211 high=0  attempts=3  state=ON  metric=rpr
2026-10-08T00:02:08Z  OBSERVE  frontend->productcatalogservice  rpr=0.0000  low=211 high=0  attempts=3  state=ON  metric=rpr
2026-10-08T00:02:08Z  OBSERVE  frontend->shippingservice  rpr=0.0000  low=211 high=0  attempts=3  state=ON  metric=rpr
2026-10-08T00:02:08Z  OBSERVE  checkoutservice->cartservice  rpr=0.0000  low=210 high=0  attempts=3  state=ON  metric=rpr
2026-10-08T00:02:08Z  OBSERVE  checkoutservice->currencyservice  rpr=0.0000  low=210 high=0  attempts=3  state=ON  metric=rpr
2026-10-08T00:02:08Z  OBSERVE  checkoutservice->emailservice  rpr=0.0000  low=209 high=0  attempts=3  state=ON  metric=rpr
2026-10-08T00:02:08Z  OBSERVE  checkoutservice->paymentservice  rpr=0.0000  low=210 high=0  attempts=3  state=ON  metric=rpr
2026-10-08T00:02:08Z  OBSERVE  checkoutservice->shippingservice  rpr=0.0000  low=210 high=0  attempts=3  state=ON  metric=rpr
2026-10-08T00:02:08Z  OBSERVE  recommendationservice->productcatalogservice  rpr=0.0000  low=211 high=0  attempts=3  state=ON  metric=rpr
2026-10-08T00:02:08Z  OBSERVE  recommendationservice  rejection=0.3129  low=0 high=138  state=OFF  metric=rejection
2026-10-08T00:02:10Z  OBSERVE  frontend->adservice  rpr=0.0000  low=211 high=0  attempts=3  state=ON  metric=rpr
2026-10-08T00:02:10Z  OBSERVE  frontend->cartservice  rpr=0.0000  low=212 high=0  attempts=3  state=ON  metric=rpr
2026-10-08T00:02:10Z  OBSERVE  frontend->checkoutservice  rpr=0.0000  low=168 high=0  attempts=3  state=ON  metric=rpr
2026-10-08T00:02:10Z  OBSERVE  frontend->currencyservice  rpr=0.0000  low=212 high=0  attempts=3  state=ON  metric=rpr
2026-10-08T00:02:10Z  OBSERVE  frontend->productcatalogservice  rpr=0.0000  low=212 high=0  attempts=3  state=ON  metric=rpr
2026-10-08T00:02:10Z  OBSERVE  frontend->shippingservice  rpr=0.0000  low=212 high=0  attempts=3  state=ON  metric=rpr
2026-10-08T00:02:10Z  OBSERVE  checkoutservice->cartservice  rpr=0.0000  low=211 high=0  attempts=3  state=ON  metric=rpr
2026-10-08T00:02:10Z  OBSERVE  checkoutservice->currencyservice  rpr=0.0000  low=211 high=0  attempts=3  state=ON  metric=rpr
2026-10-08T00:02:10Z  OBSERVE  checkoutservice->emailservice  rpr=0.0000  low=210 high=0  attempts=3  state=ON  metric=rpr
2026-10-08T00:02:10Z  OBSERVE  checkoutservice->paymentservice  rpr=0.0000  low=211 high=0  attempts=3  state=ON  metric=rpr
2026-10-08T00:02:10Z  OBSERVE  checkoutservice->shippingservice  rpr=0.0000  low=211 high=0  attempts=3  state=ON  metric=rpr
2026-10-08T00:02:10Z  OBSERVE  recommendationservice->productcatalogservice  rpr=0.0000  low=212 high=0  attempts=3  state=ON  metric=rpr
2026-10-08T00:02:10Z  OBSERVE  recommendationservice  rejection=0.3421  low=0 high=139  state=OFF  metric=rejection
2026-10-08T00:02:12Z  OBSERVE  frontend->adservice  rpr=0.0000  low=212 high=0  attempts=3  state=ON  metric=rpr
2026-10-08T00:02:12Z  OBSERVE  frontend->cartservice  rpr=0.0000  low=213 high=0  attempts=3  state=ON  metric=rpr
2026-10-08T00:02:12Z  OBSERVE  frontend->checkoutservice  rpr=0.0000  low=169 high=0  attempts=3  state=ON  metric=rpr
2026-10-08T00:02:12Z  OBSERVE  frontend->currencyservice  rpr=0.0000  low=213 high=0  attempts=3  state=ON  metric=rpr
2026-10-08T00:02:12Z  OBSERVE  frontend->productcatalogservice  rpr=0.0000  low=213 high=0  attempts=3  state=ON  metric=rpr
2026-10-08T00:02:12Z  OBSERVE  frontend->shippingservice  rpr=0.0000  low=213 high=0  attempts=3  state=ON  metric=rpr
2026-10-08T00:02:12Z  OBSERVE  checkoutservice->cartservice  rpr=0.0000  low=212 high=0  attempts=3  state=ON  metric=rpr
2026-10-08T00:02:12Z  OBSERVE  checkoutservice->currencyservice  rpr=0.0000  low=212 high=0  attempts=3  state=ON  metric=rpr
2026-10-08T00:02:12Z  OBSERVE  checkoutservice->emailservice  rpr=0.0000  low=211 high=0  attempts=3  state=ON  metric=rpr
2026-10-08T00:02:12Z  OBSERVE  checkoutservice->paymentservice  rpr=0.0000  low=212 high=0  attempts=3  state=ON  metric=rpr
2026-10-08T00:02:12Z  OBSERVE  checkoutservice->shippingservice  rpr=0.0000  low=212 high=0  attempts=3  state=ON  metric=rpr
2026-10-08T00:02:12Z  OBSERVE  recommendationservice->productcatalogservice  rpr=0.0000  low=213 high=0  attempts=3  state=ON  metric=rpr
2026-10-08T00:02:12Z  OBSERVE  recommendationservice  rejection=0.3173  low=0 high=140  state=OFF  metric=rejection
2026-10-08T00:02:14Z  OBSERVE  frontend->adservice  rpr=0.0000  low=213 high=0  attempts=3  state=ON  metric=rpr
2026-10-08T00:02:14Z  OBSERVE  frontend->cartservice  rpr=0.0000  low=214 high=0  attempts=3  state=ON  metric=rpr
2026-10-08T00:02:14Z  OBSERVE  frontend->checkoutservice  rpr=0.0000  low=170 high=0  attempts=3  state=ON  metric=rpr
2026-10-08T00:02:14Z  OBSERVE  frontend->currencyservice  rpr=0.0000  low=214 high=0  attempts=3  state=ON  metric=rpr
2026-10-08T00:02:14Z  OBSERVE  frontend->productcatalogservice  rpr=0.0000  low=214 high=0  attempts=3  state=ON  metric=rpr
2026-10-08T00:02:14Z  OBSERVE  frontend->shippingservice  rpr=0.0000  low=214 high=0  attempts=3  state=ON  metric=rpr
2026-10-08T00:02:14Z  OBSERVE  checkoutservice->cartservice  rpr=0.0000  low=213 high=0  attempts=3  state=ON  metric=rpr
2026-10-08T00:02:14Z  OBSERVE  checkoutservice->currencyservice  rpr=0.0000  low=213 high=0  attempts=3  state=ON  metric=rpr
2026-10-08T00:02:14Z  OBSERVE  checkoutservice->emailservice  rpr=0.0000  low=212 high=0  attempts=3  state=ON  metric=rpr
2026-10-08T00:02:14Z  OBSERVE  checkoutservice->paymentservice  rpr=0.0000  low=213 high=0  attempts=3  state=ON  metric=rpr
2026-10-08T00:02:14Z  OBSERVE  checkoutservice->shippingservice  rpr=0.0000  low=213 high=0  attempts=3  state=ON  metric=rpr
2026-10-08T00:02:14Z  OBSERVE  recommendationservice->productcatalogservice  rpr=0.0000  low=214 high=0  attempts=3  state=ON  metric=rpr
2026-10-08T00:02:14Z  OBSERVE  recommendationservice  rejection=0.2823  low=0 high=141  state=OFF  metric=rejection
2026-10-08T00:02:16Z  OBSERVE  frontend->adservice  rpr=0.0000  low=214 high=0  attempts=3  state=ON  metric=rpr
2026-10-08T00:02:16Z  OBSERVE  frontend->cartservice  rpr=0.0000  low=215 high=0  attempts=3  state=ON  metric=rpr
2026-10-08T00:02:16Z  OBSERVE  frontend->checkoutservice  rpr=0.0000  low=171 high=0  attempts=3  state=ON  metric=rpr
2026-10-08T00:02:16Z  OBSERVE  frontend->currencyservice  rpr=0.0000  low=215 high=0  attempts=3  state=ON  metric=rpr
2026-10-08T00:02:16Z  OBSERVE  frontend->productcatalogservice  rpr=0.0000  low=215 high=0  attempts=3  state=ON  metric=rpr
2026-10-08T00:02:16Z  OBSERVE  frontend->shippingservice  rpr=0.0000  low=215 high=0  attempts=3  state=ON  metric=rpr
2026-10-08T00:02:16Z  OBSERVE  checkoutservice->cartservice  rpr=0.0000  low=214 high=0  attempts=3  state=ON  metric=rpr
2026-10-08T00:02:16Z  OBSERVE  checkoutservice->currencyservice  rpr=0.0000  low=214 high=0  attempts=3  state=ON  metric=rpr
2026-10-08T00:02:16Z  OBSERVE  checkoutservice->emailservice  rpr=0.0000  low=213 high=0  attempts=3  state=ON  metric=rpr
2026-10-08T00:02:16Z  OBSERVE  checkoutservice->paymentservice  rpr=0.0000  low=214 high=0  attempts=3  state=ON  metric=rpr
2026-10-08T00:02:16Z  OBSERVE  checkoutservice->shippingservice  rpr=0.0000  low=214 high=0  attempts=3  state=ON  metric=rpr
2026-10-08T00:02:16Z  OBSERVE  recommendationservice->productcatalogservice  rpr=0.0000  low=215 high=0  attempts=3  state=ON  metric=rpr
2026-10-08T00:02:16Z  OBSERVE  recommendationservice  rejection=0.2860  low=0 high=142  state=OFF  metric=rejection
2026-10-08T00:02:18Z  OBSERVE  frontend->adservice  rpr=0.0000  low=215 high=0  attempts=3  state=ON  metric=rpr
2026-10-08T00:02:18Z  OBSERVE  frontend->cartservice  rpr=0.0000  low=216 high=0  attempts=3  state=ON  metric=rpr
2026-10-08T00:02:18Z  OBSERVE  frontend->checkoutservice  rpr=0.0000  low=172 high=0  attempts=3  state=ON  metric=rpr
2026-10-08T00:02:18Z  OBSERVE  frontend->currencyservice  rpr=0.0000  low=216 high=0  attempts=3  state=ON  metric=rpr
2026-10-08T00:02:18Z  OBSERVE  frontend->productcatalogservice  rpr=0.0000  low=216 high=0  attempts=3  state=ON  metric=rpr
2026-10-08T00:02:18Z  OBSERVE  frontend->shippingservice  rpr=0.0000  low=216 high=0  attempts=3  state=ON  metric=rpr
2026-10-08T00:02:18Z  OBSERVE  checkoutservice->cartservice  rpr=0.0000  low=215 high=0  attempts=3  state=ON  metric=rpr
2026-10-08T00:02:18Z  OBSERVE  checkoutservice->currencyservice  rpr=0.0000  low=215 high=0  attempts=3  state=ON  metric=rpr
2026-10-08T00:02:18Z  OBSERVE  checkoutservice->emailservice  rpr=0.0000  low=214 high=0  attempts=3  state=ON  metric=rpr
2026-10-08T00:02:18Z  OBSERVE  checkoutservice->paymentservice  rpr=0.0000  low=215 high=0  attempts=3  state=ON  metric=rpr
2026-10-08T00:02:18Z  OBSERVE  checkoutservice->shippingservice  rpr=0.0000  low=215 high=0  attempts=3  state=ON  metric=rpr
2026-10-08T00:02:18Z  OBSERVE  recommendationservice->productcatalogservice  rpr=0.0000  low=216 high=0  attempts=3  state=ON  metric=rpr
2026-10-08T00:02:18Z  OBSERVE  recommendationservice  rejection=0.2333  low=0 high=143  state=OFF  metric=rejection
2026-10-08T00:02:20Z  OBSERVE  frontend->adservice  rpr=0.0000  low=216 high=0  attempts=3  state=ON  metric=rpr
2026-10-08T00:02:20Z  OBSERVE  frontend->cartservice  rpr=0.0000  low=217 high=0  attempts=3  state=ON  metric=rpr
2026-10-08T00:02:20Z  OBSERVE  frontend->checkoutservice  rpr=0.0000  low=173 high=0  attempts=3  state=ON  metric=rpr
2026-10-08T00:02:20Z  OBSERVE  frontend->currencyservice  rpr=0.0000  low=217 high=0  attempts=3  state=ON  metric=rpr
2026-10-08T00:02:20Z  OBSERVE  frontend->productcatalogservice  rpr=0.0000  low=217 high=0  attempts=3  state=ON  metric=rpr
2026-10-08T00:02:20Z  OBSERVE  frontend->shippingservice  rpr=0.0000  low=217 high=0  attempts=3  state=ON  metric=rpr
2026-10-08T00:02:20Z  OBSERVE  checkoutservice->cartservice  rpr=0.0000  low=216 high=0  attempts=3  state=ON  metric=rpr
2026-10-08T00:02:20Z  OBSERVE  checkoutservice->currencyservice  rpr=0.0000  low=216 high=0  attempts=3  state=ON  metric=rpr
2026-10-08T00:02:20Z  OBSERVE  checkoutservice->emailservice  rpr=0.0000  low=215 high=0  attempts=3  state=ON  metric=rpr
2026-10-08T00:02:20Z  OBSERVE  checkoutservice->paymentservice  rpr=0.0000  low=216 high=0  attempts=3  state=ON  metric=rpr
2026-10-08T00:02:20Z  OBSERVE  checkoutservice->shippingservice  rpr=0.0000  low=216 high=0  attempts=3  state=ON  metric=rpr
2026-10-08T00:02:20Z  OBSERVE  recommendationservice->productcatalogservice  rpr=0.0000  low=217 high=0  attempts=3  state=ON  metric=rpr
2026-10-08T00:02:20Z  OBSERVE  recommendationservice  rejection=0.2879  low=0 high=144  state=OFF  metric=rejection
2026-10-08T00:02:22Z  OBSERVE  frontend->adservice  rpr=0.0000  low=217 high=0  attempts=3  state=ON  metric=rpr
2026-10-08T00:02:22Z  OBSERVE  frontend->cartservice  rpr=0.0000  low=218 high=0  attempts=3  state=ON  metric=rpr
2026-10-08T00:02:22Z  OBSERVE  frontend->checkoutservice  rpr=0.0000  low=174 high=0  attempts=3  state=ON  metric=rpr
2026-10-08T00:02:22Z  OBSERVE  frontend->currencyservice  rpr=0.0000  low=218 high=0  attempts=3  state=ON  metric=rpr
2026-10-08T00:02:22Z  OBSERVE  frontend->productcatalogservice  rpr=0.0000  low=218 high=0  attempts=3  state=ON  metric=rpr
2026-10-08T00:02:22Z  OBSERVE  frontend->shippingservice  rpr=0.0000  low=218 high=0  attempts=3  state=ON  metric=rpr
2026-10-08T00:02:22Z  OBSERVE  checkoutservice->cartservice  rpr=0.0000  low=217 high=0  attempts=3  state=ON  metric=rpr
2026-10-08T00:02:22Z  OBSERVE  checkoutservice->currencyservice  rpr=0.0000  low=217 high=0  attempts=3  state=ON  metric=rpr
2026-10-08T00:02:22Z  OBSERVE  checkoutservice->emailservice  rpr=0.0000  low=216 high=0  attempts=3  state=ON  metric=rpr
2026-10-08T00:02:22Z  OBSERVE  checkoutservice->paymentservice  rpr=0.0000  low=217 high=0  attempts=3  state=ON  metric=rpr
2026-10-08T00:02:22Z  OBSERVE  checkoutservice->shippingservice  rpr=0.0000  low=217 high=0  attempts=3  state=ON  metric=rpr
2026-10-08T00:02:22Z  OBSERVE  recommendationservice->productcatalogservice  rpr=0.0000  low=218 high=0  attempts=3  state=ON  metric=rpr
2026-10-08T00:02:22Z  OBSERVE  recommendationservice  rejection=0.4054  low=0 high=145  state=OFF  metric=rejection
2026-10-08T00:02:24Z  OBSERVE  frontend->adservice  rpr=0.0000  low=218 high=0  attempts=3  state=ON  metric=rpr
2026-10-08T00:02:24Z  OBSERVE  frontend->cartservice  rpr=0.0000  low=219 high=0  attempts=3  state=ON  metric=rpr
2026-10-08T00:02:24Z  OBSERVE  frontend->checkoutservice  rpr=0.0000  low=175 high=0  attempts=3  state=ON  metric=rpr
2026-10-08T00:02:24Z  OBSERVE  frontend->currencyservice  rpr=0.0000  low=219 high=0  attempts=3  state=ON  metric=rpr
2026-10-08T00:02:24Z  OBSERVE  frontend->productcatalogservice  rpr=0.0000  low=219 high=0  attempts=3  state=ON  metric=rpr
2026-10-08T00:02:24Z  OBSERVE  frontend->shippingservice  rpr=0.0000  low=219 high=0  attempts=3  state=ON  metric=rpr
2026-10-08T00:02:24Z  OBSERVE  checkoutservice->cartservice  rpr=0.0000  low=218 high=0  attempts=3  state=ON  metric=rpr
2026-10-08T00:02:24Z  OBSERVE  checkoutservice->currencyservice  rpr=0.0000  low=218 high=0  attempts=3  state=ON  metric=rpr
2026-10-08T00:02:24Z  OBSERVE  checkoutservice->emailservice  rpr=0.0000  low=217 high=0  attempts=3  state=ON  metric=rpr
2026-10-08T00:02:24Z  OBSERVE  checkoutservice->paymentservice  rpr=0.0000  low=218 high=0  attempts=3  state=ON  metric=rpr
2026-10-08T00:02:24Z  OBSERVE  checkoutservice->shippingservice  rpr=0.0000  low=218 high=0  attempts=3  state=ON  metric=rpr
2026-10-08T00:02:24Z  OBSERVE  recommendationservice->productcatalogservice  rpr=0.0000  low=219 high=0  attempts=3  state=ON  metric=rpr
2026-10-08T00:02:24Z  OBSERVE  recommendationservice  rejection=0.3198  low=0 high=146  state=OFF  metric=rejection
2026-10-08T00:02:26Z  OBSERVE  frontend->adservice  rpr=0.0000  low=219 high=0  attempts=3  state=ON  metric=rpr
2026-10-08T00:02:26Z  OBSERVE  frontend->cartservice  rpr=0.0000  low=220 high=0  attempts=3  state=ON  metric=rpr
2026-10-08T00:02:26Z  OBSERVE  frontend->checkoutservice  rpr=0.0000  low=176 high=0  attempts=3  state=ON  metric=rpr
2026-10-08T00:02:26Z  OBSERVE  frontend->currencyservice  rpr=0.0000  low=220 high=0  attempts=3  state=ON  metric=rpr
2026-10-08T00:02:26Z  OBSERVE  frontend->productcatalogservice  rpr=0.0000  low=220 high=0  attempts=3  state=ON  metric=rpr
2026-10-08T00:02:26Z  OBSERVE  frontend->shippingservice  rpr=0.0000  low=220 high=0  attempts=3  state=ON  metric=rpr
2026-10-08T00:02:26Z  OBSERVE  checkoutservice->cartservice  rpr=0.0000  low=219 high=0  attempts=3  state=ON  metric=rpr
2026-10-08T00:02:26Z  OBSERVE  checkoutservice->currencyservice  rpr=0.0000  low=219 high=0  attempts=3  state=ON  metric=rpr
2026-10-08T00:02:26Z  OBSERVE  checkoutservice->emailservice  rpr=0.0000  low=218 high=0  attempts=3  state=ON  metric=rpr
2026-10-08T00:02:26Z  OBSERVE  checkoutservice->paymentservice  rpr=0.0000  low=219 high=0  attempts=3  state=ON  metric=rpr
2026-10-08T00:02:26Z  OBSERVE  checkoutservice->shippingservice  rpr=0.0000  low=219 high=0  attempts=3  state=ON  metric=rpr
2026-10-08T00:02:26Z  OBSERVE  recommendationservice->productcatalogservice  rpr=0.0000  low=220 high=0  attempts=3  state=ON  metric=rpr
2026-10-08T00:02:26Z  OBSERVE  recommendationservice  rejection=0.3765  low=0 high=147  state=OFF  metric=rejection
2026-10-08T00:02:28Z  OBSERVE  frontend->adservice  rpr=0.0000  low=220 high=0  attempts=3  state=ON  metric=rpr
2026-10-08T00:02:28Z  OBSERVE  frontend->cartservice  rpr=0.0000  low=221 high=0  attempts=3  state=ON  metric=rpr
2026-10-08T00:02:28Z  OBSERVE  frontend->checkoutservice  rpr=0.0000  low=177 high=0  attempts=3  state=ON  metric=rpr
2026-10-08T00:02:28Z  OBSERVE  frontend->currencyservice  rpr=0.0000  low=221 high=0  attempts=3  state=ON  metric=rpr
2026-10-08T00:02:28Z  OBSERVE  frontend->productcatalogservice  rpr=0.0000  low=221 high=0  attempts=3  state=ON  metric=rpr
2026-10-08T00:02:28Z  OBSERVE  frontend->shippingservice  rpr=0.0000  low=221 high=0  attempts=3  state=ON  metric=rpr
2026-10-08T00:02:28Z  OBSERVE  checkoutservice->cartservice  rpr=0.0000  low=220 high=0  attempts=3  state=ON  metric=rpr
2026-10-08T00:02:28Z  OBSERVE  checkoutservice->currencyservice  rpr=0.0000  low=220 high=0  attempts=3  state=ON  metric=rpr
2026-10-08T00:02:28Z  OBSERVE  checkoutservice->emailservice  rpr=0.0000  low=219 high=0  attempts=3  state=ON  metric=rpr
2026-10-08T00:02:28Z  OBSERVE  checkoutservice->paymentservice  rpr=0.0000  low=220 high=0  attempts=3  state=ON  metric=rpr
2026-10-08T00:02:28Z  OBSERVE  checkoutservice->shippingservice  rpr=0.0000  low=220 high=0  attempts=3  state=ON  metric=rpr
2026-10-08T00:02:28Z  OBSERVE  recommendationservice->productcatalogservice  rpr=0.0000  low=221 high=0  attempts=3  state=ON  metric=rpr
2026-10-08T00:02:28Z  OBSERVE  recommendationservice  rejection=0.4240  low=0 high=148  state=OFF  metric=rejection
2026-10-08T00:02:30Z  OBSERVE  frontend->adservice  rpr=0.0000  low=221 high=0  attempts=3  state=ON  metric=rpr
2026-10-08T00:02:30Z  OBSERVE  frontend->cartservice  rpr=0.0000  low=222 high=0  attempts=3  state=ON  metric=rpr
2026-10-08T00:02:30Z  OBSERVE  frontend->checkoutservice  rpr=0.0000  low=178 high=0  attempts=3  state=ON  metric=rpr
2026-10-08T00:02:30Z  OBSERVE  frontend->currencyservice  rpr=0.0000  low=222 high=0  attempts=3  state=ON  metric=rpr
2026-10-08T00:02:30Z  OBSERVE  frontend->productcatalogservice  rpr=0.0000  low=222 high=0  attempts=3  state=ON  metric=rpr
2026-10-08T00:02:30Z  OBSERVE  frontend->shippingservice  rpr=0.0000  low=222 high=0  attempts=3  state=ON  metric=rpr
2026-10-08T00:02:30Z  OBSERVE  checkoutservice->cartservice  rpr=0.0000  low=221 high=0  attempts=3  state=ON  metric=rpr
2026-10-08T00:02:30Z  OBSERVE  checkoutservice->currencyservice  rpr=0.0000  low=221 high=0  attempts=3  state=ON  metric=rpr
2026-10-08T00:02:30Z  OBSERVE  checkoutservice->emailservice  rpr=0.0000  low=220 high=0  attempts=3  state=ON  metric=rpr
2026-10-08T00:02:30Z  OBSERVE  checkoutservice->paymentservice  rpr=0.0000  low=221 high=0  attempts=3  state=ON  metric=rpr
2026-10-08T00:02:30Z  OBSERVE  checkoutservice->shippingservice  rpr=0.0000  low=221 high=0  attempts=3  state=ON  metric=rpr
2026-10-08T00:02:30Z  OBSERVE  recommendationservice->productcatalogservice  rpr=0.0000  low=222 high=0  attempts=3  state=ON  metric=rpr
2026-10-08T00:02:30Z  OBSERVE  recommendationservice  rejection=0.3243  low=0 high=149  state=OFF  metric=rejection
2026-10-08T00:02:32Z  OBSERVE  frontend->adservice  rpr=0.0000  low=222 high=0  attempts=3  state=ON  metric=rpr
2026-10-08T00:02:32Z  OBSERVE  frontend->cartservice  rpr=0.0000  low=223 high=0  attempts=3  state=ON  metric=rpr
2026-10-08T00:02:32Z  OBSERVE  frontend->checkoutservice  rpr=0.0000  low=179 high=0  attempts=3  state=ON  metric=rpr
2026-10-08T00:02:32Z  OBSERVE  frontend->currencyservice  rpr=0.0000  low=223 high=0  attempts=3  state=ON  metric=rpr
2026-10-08T00:02:32Z  OBSERVE  frontend->productcatalogservice  rpr=0.0000  low=223 high=0  attempts=3  state=ON  metric=rpr
2026-10-08T00:02:32Z  OBSERVE  frontend->shippingservice  rpr=0.0000  low=223 high=0  attempts=3  state=ON  metric=rpr
2026-10-08T00:02:32Z  OBSERVE  checkoutservice->cartservice  rpr=0.0000  low=222 high=0  attempts=3  state=ON  metric=rpr
2026-10-08T00:02:32Z  OBSERVE  checkoutservice->currencyservice  rpr=0.0000  low=222 high=0  attempts=3  state=ON  metric=rpr
2026-10-08T00:02:32Z  OBSERVE  checkoutservice->emailservice  rpr=0.0000  low=221 high=0  attempts=3  state=ON  metric=rpr
2026-10-08T00:02:32Z  OBSERVE  checkoutservice->paymentservice  rpr=0.0000  low=222 high=0  attempts=3  state=ON  metric=rpr
2026-10-08T00:02:32Z  OBSERVE  checkoutservice->shippingservice  rpr=0.0000  low=222 high=0  attempts=3  state=ON  metric=rpr
2026-10-08T00:02:32Z  OBSERVE  recommendationservice->productcatalogservice  rpr=0.0000  low=223 high=0  attempts=3  state=ON  metric=rpr
2026-10-08T00:02:32Z  OBSERVE  recommendationservice  rejection=0.4711  low=0 high=150  state=OFF  metric=rejection
2026-10-08T00:02:34Z  OBSERVE  frontend->adservice  rpr=0.0000  low=223 high=0  attempts=3  state=ON  metric=rpr
2026-10-08T00:02:34Z  OBSERVE  frontend->cartservice  rpr=0.0000  low=224 high=0  attempts=3  state=ON  metric=rpr
2026-10-08T00:02:34Z  OBSERVE  frontend->checkoutservice  rpr=0.0000  low=180 high=0  attempts=3  state=ON  metric=rpr
2026-10-08T00:02:34Z  OBSERVE  frontend->currencyservice  rpr=0.0000  low=224 high=0  attempts=3  state=ON  metric=rpr
2026-10-08T00:02:34Z  OBSERVE  frontend->productcatalogservice  rpr=0.0000  low=224 high=0  attempts=3  state=ON  metric=rpr
2026-10-08T00:02:34Z  OBSERVE  frontend->shippingservice  rpr=0.0000  low=224 high=0  attempts=3  state=ON  metric=rpr
2026-10-08T00:02:34Z  OBSERVE  checkoutservice->cartservice  rpr=0.0000  low=223 high=0  attempts=3  state=ON  metric=rpr
2026-10-08T00:02:34Z  OBSERVE  checkoutservice->currencyservice  rpr=0.0000  low=223 high=0  attempts=3  state=ON  metric=rpr
2026-10-08T00:02:34Z  OBSERVE  checkoutservice->emailservice  rpr=0.0000  low=222 high=0  attempts=3  state=ON  metric=rpr
2026-10-08T00:02:34Z  OBSERVE  checkoutservice->paymentservice  rpr=0.0000  low=223 high=0  attempts=3  state=ON  metric=rpr
2026-10-08T00:02:34Z  OBSERVE  checkoutservice->shippingservice  rpr=0.0000  low=223 high=0  attempts=3  state=ON  metric=rpr
2026-10-08T00:02:34Z  OBSERVE  recommendationservice->productcatalogservice  rpr=0.0000  low=224 high=0  attempts=3  state=ON  metric=rpr
2026-10-08T00:02:34Z  OBSERVE  recommendationservice  rejection=0.3718  low=0 high=151  state=OFF  metric=rejection
2026-10-08T00:02:36Z  OBSERVE  frontend->adservice  rpr=0.0000  low=224 high=0  attempts=3  state=ON  metric=rpr
2026-10-08T00:02:36Z  OBSERVE  frontend->cartservice  rpr=0.0000  low=225 high=0  attempts=3  state=ON  metric=rpr
2026-10-08T00:02:36Z  OBSERVE  frontend->checkoutservice  rpr=0.0000  low=181 high=0  attempts=3  state=ON  metric=rpr
2026-10-08T00:02:36Z  OBSERVE  frontend->currencyservice  rpr=0.0000  low=225 high=0  attempts=3  state=ON  metric=rpr
2026-10-08T00:02:36Z  OBSERVE  frontend->productcatalogservice  rpr=0.0000  low=225 high=0  attempts=3  state=ON  metric=rpr
2026-10-08T00:02:36Z  OBSERVE  frontend->shippingservice  rpr=0.0000  low=225 high=0  attempts=3  state=ON  metric=rpr
2026-10-08T00:02:36Z  OBSERVE  checkoutservice->cartservice  rpr=0.0000  low=224 high=0  attempts=3  state=ON  metric=rpr
2026-10-08T00:02:36Z  OBSERVE  checkoutservice->currencyservice  rpr=0.0000  low=224 high=0  attempts=3  state=ON  metric=rpr
2026-10-08T00:02:36Z  OBSERVE  checkoutservice->emailservice  rpr=0.0000  low=223 high=0  attempts=3  state=ON  metric=rpr
2026-10-08T00:02:36Z  OBSERVE  checkoutservice->paymentservice  rpr=0.0000  low=224 high=0  attempts=3  state=ON  metric=rpr
2026-10-08T00:02:36Z  OBSERVE  checkoutservice->shippingservice  rpr=0.0000  low=224 high=0  attempts=3  state=ON  metric=rpr
2026-10-08T00:02:36Z  OBSERVE  recommendationservice->productcatalogservice  rpr=0.0000  low=225 high=0  attempts=3  state=ON  metric=rpr
2026-10-08T00:02:36Z  OBSERVE  recommendationservice  rejection=0.2992  low=0 high=152  state=OFF  metric=rejection
2026-10-08T00:02:38Z  OBSERVE  frontend->adservice  rpr=0.0000  low=225 high=0  attempts=3  state=ON  metric=rpr
2026-10-08T00:02:38Z  OBSERVE  frontend->cartservice  rpr=0.0000  low=226 high=0  attempts=3  state=ON  metric=rpr
2026-10-08T00:02:38Z  OBSERVE  frontend->checkoutservice  rpr=0.0000  low=182 high=0  attempts=3  state=ON  metric=rpr
2026-10-08T00:02:38Z  OBSERVE  frontend->currencyservice  rpr=0.0000  low=226 high=0  attempts=3  state=ON  metric=rpr
2026-10-08T00:02:38Z  OBSERVE  frontend->productcatalogservice  rpr=0.0000  low=226 high=0  attempts=3  state=ON  metric=rpr
2026-10-08T00:02:38Z  OBSERVE  frontend->shippingservice  rpr=0.0000  low=226 high=0  attempts=3  state=ON  metric=rpr
2026-10-08T00:02:38Z  OBSERVE  checkoutservice->cartservice  rpr=0.0000  low=225 high=0  attempts=3  state=ON  metric=rpr
2026-10-08T00:02:38Z  OBSERVE  checkoutservice->currencyservice  rpr=0.0000  low=225 high=0  attempts=3  state=ON  metric=rpr
2026-10-08T00:02:38Z  OBSERVE  checkoutservice->emailservice  rpr=0.0000  low=224 high=0  attempts=3  state=ON  metric=rpr
2026-10-08T00:02:38Z  OBSERVE  checkoutservice->paymentservice  rpr=0.0000  low=225 high=0  attempts=3  state=ON  metric=rpr
2026-10-08T00:02:38Z  OBSERVE  checkoutservice->shippingservice  rpr=0.0000  low=225 high=0  attempts=3  state=ON  metric=rpr
2026-10-08T00:02:38Z  OBSERVE  recommendationservice->productcatalogservice  rpr=0.0000  low=226 high=0  attempts=3  state=ON  metric=rpr
2026-10-08T00:02:38Z  OBSERVE  recommendationservice  rejection=0.3807  low=0 high=153  state=OFF  metric=rejection
2026-10-08T00:02:40Z  OBSERVE  frontend->adservice  rpr=0.0000  low=226 high=0  attempts=3  state=ON  metric=rpr
2026-10-08T00:02:40Z  OBSERVE  frontend->cartservice  rpr=0.0000  low=227 high=0  attempts=3  state=ON  metric=rpr
2026-10-08T00:02:40Z  OBSERVE  frontend->checkoutservice  rpr=0.0000  low=183 high=0  attempts=3  state=ON  metric=rpr
2026-10-08T00:02:40Z  OBSERVE  frontend->currencyservice  rpr=0.0000  low=227 high=0  attempts=3  state=ON  metric=rpr
2026-10-08T00:02:40Z  OBSERVE  frontend->productcatalogservice  rpr=0.0000  low=227 high=0  attempts=3  state=ON  metric=rpr
2026-10-08T00:02:40Z  OBSERVE  frontend->shippingservice  rpr=0.0000  low=227 high=0  attempts=3  state=ON  metric=rpr
2026-10-08T00:02:40Z  OBSERVE  checkoutservice->cartservice  rpr=0.0000  low=226 high=0  attempts=3  state=ON  metric=rpr
2026-10-08T00:02:40Z  OBSERVE  checkoutservice->currencyservice  rpr=0.0000  low=226 high=0  attempts=3  state=ON  metric=rpr
2026-10-08T00:02:40Z  OBSERVE  checkoutservice->emailservice  rpr=0.0000  low=225 high=0  attempts=3  state=ON  metric=rpr
2026-10-08T00:02:40Z  OBSERVE  checkoutservice->paymentservice  rpr=0.0000  low=226 high=0  attempts=3  state=ON  metric=rpr
2026-10-08T00:02:40Z  OBSERVE  checkoutservice->shippingservice  rpr=0.0000  low=226 high=0  attempts=3  state=ON  metric=rpr
2026-10-08T00:02:40Z  OBSERVE  recommendationservice->productcatalogservice  rpr=0.0000  low=227 high=0  attempts=3  state=ON  metric=rpr
2026-10-08T00:02:40Z  OBSERVE  recommendationservice  rejection=0.4155  low=0 high=154  state=OFF  metric=rejection
2026-10-08T00:02:42Z  OBSERVE  frontend->adservice  rpr=0.0000  low=227 high=0  attempts=3  state=ON  metric=rpr
2026-10-08T00:02:42Z  OBSERVE  frontend->cartservice  rpr=0.0000  low=228 high=0  attempts=3  state=ON  metric=rpr
2026-10-08T00:02:42Z  OBSERVE  frontend->checkoutservice  rpr=0.0000  low=184 high=0  attempts=3  state=ON  metric=rpr
2026-10-08T00:02:42Z  OBSERVE  frontend->currencyservice  rpr=0.0000  low=228 high=0  attempts=3  state=ON  metric=rpr
2026-10-08T00:02:42Z  OBSERVE  frontend->productcatalogservice  rpr=0.0000  low=228 high=0  attempts=3  state=ON  metric=rpr
2026-10-08T00:02:42Z  OBSERVE  frontend->shippingservice  rpr=0.0000  low=228 high=0  attempts=3  state=ON  metric=rpr
2026-10-08T00:02:42Z  OBSERVE  checkoutservice->cartservice  rpr=0.0000  low=227 high=0  attempts=3  state=ON  metric=rpr
2026-10-08T00:02:42Z  OBSERVE  checkoutservice->currencyservice  rpr=0.0000  low=227 high=0  attempts=3  state=ON  metric=rpr
2026-10-08T00:02:42Z  OBSERVE  checkoutservice->emailservice  rpr=0.0000  low=226 high=0  attempts=3  state=ON  metric=rpr
2026-10-08T00:02:42Z  OBSERVE  checkoutservice->paymentservice  rpr=0.0000  low=227 high=0  attempts=3  state=ON  metric=rpr
2026-10-08T00:02:42Z  OBSERVE  checkoutservice->shippingservice  rpr=0.0000  low=227 high=0  attempts=3  state=ON  metric=rpr
2026-10-08T00:02:42Z  OBSERVE  recommendationservice->productcatalogservice  rpr=0.0000  low=228 high=0  attempts=3  state=ON  metric=rpr
2026-10-08T00:02:42Z  OBSERVE  recommendationservice  rejection=0.3219  low=0 high=155  state=OFF  metric=rejection
2026-10-08T00:02:45Z  OBSERVE  frontend->adservice  rpr=0.0000  low=228 high=0  attempts=3  state=ON  metric=rpr
2026-10-08T00:02:45Z  OBSERVE  frontend->cartservice  rpr=0.0000  low=229 high=0  attempts=3  state=ON  metric=rpr
2026-10-08T00:02:45Z  OBSERVE  frontend->checkoutservice  rpr=0.0000  low=185 high=0  attempts=3  state=ON  metric=rpr
2026-10-08T00:02:45Z  OBSERVE  frontend->currencyservice  rpr=0.0000  low=229 high=0  attempts=3  state=ON  metric=rpr
2026-10-08T00:02:45Z  OBSERVE  frontend->productcatalogservice  rpr=0.0000  low=229 high=0  attempts=3  state=ON  metric=rpr
2026-10-08T00:02:45Z  OBSERVE  frontend->shippingservice  rpr=0.0000  low=229 high=0  attempts=3  state=ON  metric=rpr
2026-10-08T00:02:45Z  OBSERVE  checkoutservice->cartservice  rpr=0.0000  low=228 high=0  attempts=3  state=ON  metric=rpr
2026-10-08T00:02:45Z  OBSERVE  checkoutservice->currencyservice  rpr=0.0000  low=228 high=0  attempts=3  state=ON  metric=rpr
2026-10-08T00:02:45Z  OBSERVE  checkoutservice->emailservice  rpr=0.0000  low=227 high=0  attempts=3  state=ON  metric=rpr
2026-10-08T00:02:45Z  OBSERVE  checkoutservice->paymentservice  rpr=0.0000  low=228 high=0  attempts=3  state=ON  metric=rpr
2026-10-08T00:02:45Z  OBSERVE  checkoutservice->shippingservice  rpr=0.0000  low=228 high=0  attempts=3  state=ON  metric=rpr
2026-10-08T00:02:45Z  OBSERVE  recommendationservice->productcatalogservice  rpr=0.0000  low=229 high=0  attempts=3  state=ON  metric=rpr
2026-10-08T00:02:45Z  OBSERVE  recommendationservice  rejection=0.3114  low=0 high=156  state=OFF  metric=rejection
2026-10-08T00:02:47Z  OBSERVE  frontend->adservice  rpr=0.0000  low=229 high=0  attempts=3  state=ON  metric=rpr
2026-10-08T00:02:47Z  OBSERVE  frontend->cartservice  rpr=0.0000  low=230 high=0  attempts=3  state=ON  metric=rpr
2026-10-08T00:02:47Z  OBSERVE  frontend->checkoutservice  rpr=0.0000  low=186 high=0  attempts=3  state=ON  metric=rpr
2026-10-08T00:02:47Z  OBSERVE  frontend->currencyservice  rpr=0.0000  low=230 high=0  attempts=3  state=ON  metric=rpr
2026-10-08T00:02:47Z  OBSERVE  frontend->productcatalogservice  rpr=0.0000  low=230 high=0  attempts=3  state=ON  metric=rpr
2026-10-08T00:02:47Z  OBSERVE  frontend->shippingservice  rpr=0.0000  low=230 high=0  attempts=3  state=ON  metric=rpr
2026-10-08T00:02:47Z  OBSERVE  checkoutservice->cartservice  rpr=0.0000  low=229 high=0  attempts=3  state=ON  metric=rpr
2026-10-08T00:02:47Z  OBSERVE  checkoutservice->currencyservice  rpr=0.0000  low=229 high=0  attempts=3  state=ON  metric=rpr
2026-10-08T00:02:47Z  OBSERVE  checkoutservice->emailservice  rpr=0.0000  low=228 high=0  attempts=3  state=ON  metric=rpr
2026-10-08T00:02:47Z  OBSERVE  checkoutservice->paymentservice  rpr=0.0000  low=229 high=0  attempts=3  state=ON  metric=rpr
2026-10-08T00:02:47Z  OBSERVE  checkoutservice->shippingservice  rpr=0.0000  low=229 high=0  attempts=3  state=ON  metric=rpr
2026-10-08T00:02:47Z  OBSERVE  recommendationservice->productcatalogservice  rpr=0.0000  low=230 high=0  attempts=3  state=ON  metric=rpr
2026-10-08T00:02:47Z  OBSERVE  recommendationservice  rejection=0.4320  low=0 high=157  state=OFF  metric=rejection
2026-10-08T00:02:49Z  OBSERVE  frontend->adservice  rpr=0.0000  low=230 high=0  attempts=3  state=ON  metric=rpr
2026-10-08T00:02:49Z  OBSERVE  frontend->cartservice  rpr=0.0000  low=231 high=0  attempts=3  state=ON  metric=rpr
2026-10-08T00:02:49Z  OBSERVE  frontend->checkoutservice  rpr=0.0000  low=187 high=0  attempts=3  state=ON  metric=rpr
2026-10-08T00:02:49Z  OBSERVE  frontend->currencyservice  rpr=0.0000  low=231 high=0  attempts=3  state=ON  metric=rpr
2026-10-08T00:02:49Z  OBSERVE  frontend->productcatalogservice  rpr=0.0000  low=231 high=0  attempts=3  state=ON  metric=rpr
2026-10-08T00:02:49Z  OBSERVE  frontend->shippingservice  rpr=0.0000  low=231 high=0  attempts=3  state=ON  metric=rpr
2026-10-08T00:02:49Z  OBSERVE  checkoutservice->cartservice  rpr=0.0000  low=230 high=0  attempts=3  state=ON  metric=rpr
2026-10-08T00:02:49Z  OBSERVE  checkoutservice->currencyservice  rpr=0.0000  low=230 high=0  attempts=3  state=ON  metric=rpr
2026-10-08T00:02:49Z  OBSERVE  checkoutservice->emailservice  rpr=0.0000  low=229 high=0  attempts=3  state=ON  metric=rpr
2026-10-08T00:02:49Z  OBSERVE  checkoutservice->paymentservice  rpr=0.0000  low=230 high=0  attempts=3  state=ON  metric=rpr
2026-10-08T00:02:49Z  OBSERVE  checkoutservice->shippingservice  rpr=0.0000  low=230 high=0  attempts=3  state=ON  metric=rpr
2026-10-08T00:02:49Z  OBSERVE  recommendationservice->productcatalogservice  rpr=0.0000  low=231 high=0  attempts=3  state=ON  metric=rpr
2026-10-08T00:02:49Z  OBSERVE  recommendationservice  rejection=0.3635  low=0 high=158  state=OFF  metric=rejection
2026-10-08T00:02:51Z  OBSERVE  frontend->adservice  rpr=0.0000  low=231 high=0  attempts=3  state=ON  metric=rpr
2026-10-08T00:02:51Z  OBSERVE  frontend->cartservice  rpr=0.0000  low=232 high=0  attempts=3  state=ON  metric=rpr
2026-10-08T00:02:51Z  OBSERVE  frontend->checkoutservice  rpr=0.0000  low=188 high=0  attempts=3  state=ON  metric=rpr
2026-10-08T00:02:51Z  OBSERVE  frontend->currencyservice  rpr=0.0000  low=232 high=0  attempts=3  state=ON  metric=rpr
2026-10-08T00:02:51Z  OBSERVE  frontend->productcatalogservice  rpr=0.0000  low=232 high=0  attempts=3  state=ON  metric=rpr
2026-10-08T00:02:51Z  OBSERVE  frontend->shippingservice  rpr=0.0000  low=232 high=0  attempts=3  state=ON  metric=rpr
2026-10-08T00:02:51Z  OBSERVE  checkoutservice->cartservice  rpr=0.0000  low=231 high=0  attempts=3  state=ON  metric=rpr
2026-10-08T00:02:51Z  OBSERVE  checkoutservice->currencyservice  rpr=0.0000  low=231 high=0  attempts=3  state=ON  metric=rpr
2026-10-08T00:02:51Z  OBSERVE  checkoutservice->emailservice  rpr=0.0000  low=230 high=0  attempts=3  state=ON  metric=rpr
2026-10-08T00:02:51Z  OBSERVE  checkoutservice->paymentservice  rpr=0.0000  low=231 high=0  attempts=3  state=ON  metric=rpr
2026-10-08T00:02:51Z  OBSERVE  checkoutservice->shippingservice  rpr=0.0000  low=231 high=0  attempts=3  state=ON  metric=rpr
2026-10-08T00:02:51Z  OBSERVE  recommendationservice->productcatalogservice  rpr=0.0000  low=232 high=0  attempts=3  state=ON  metric=rpr
2026-10-08T00:02:51Z  OBSERVE  recommendationservice  rejection=0.2293  low=0 high=159  state=OFF  metric=rejection
2026-10-08T00:02:53Z  OBSERVE  frontend->adservice  rpr=0.0000  low=232 high=0  attempts=3  state=ON  metric=rpr
2026-10-08T00:02:53Z  OBSERVE  frontend->cartservice  rpr=0.0000  low=233 high=0  attempts=3  state=ON  metric=rpr
2026-10-08T00:02:53Z  OBSERVE  frontend->checkoutservice  rpr=0.0000  low=189 high=0  attempts=3  state=ON  metric=rpr
2026-10-08T00:02:53Z  OBSERVE  frontend->currencyservice  rpr=0.0000  low=233 high=0  attempts=3  state=ON  metric=rpr
2026-10-08T00:02:53Z  OBSERVE  frontend->productcatalogservice  rpr=0.0000  low=233 high=0  attempts=3  state=ON  metric=rpr
2026-10-08T00:02:53Z  OBSERVE  frontend->shippingservice  rpr=0.0000  low=233 high=0  attempts=3  state=ON  metric=rpr
2026-10-08T00:02:53Z  OBSERVE  checkoutservice->cartservice  rpr=0.0000  low=232 high=0  attempts=3  state=ON  metric=rpr
2026-10-08T00:02:53Z  OBSERVE  checkoutservice->currencyservice  rpr=0.0000  low=232 high=0  attempts=3  state=ON  metric=rpr
2026-10-08T00:02:53Z  OBSERVE  checkoutservice->emailservice  rpr=0.0000  low=231 high=0  attempts=3  state=ON  metric=rpr
2026-10-08T00:02:53Z  OBSERVE  checkoutservice->paymentservice  rpr=0.0000  low=232 high=0  attempts=3  state=ON  metric=rpr
2026-10-08T00:02:53Z  OBSERVE  checkoutservice->shippingservice  rpr=0.0000  low=232 high=0  attempts=3  state=ON  metric=rpr
2026-10-08T00:02:53Z  OBSERVE  recommendationservice->productcatalogservice  rpr=0.0000  low=233 high=0  attempts=3  state=ON  metric=rpr
2026-10-08T00:02:53Z  OBSERVE  recommendationservice  rejection=0.3487  low=0 high=160  state=OFF  metric=rejection
2026-10-08T00:02:55Z  OBSERVE  frontend->adservice  rpr=0.0000  low=233 high=0  attempts=3  state=ON  metric=rpr
2026-10-08T00:02:55Z  OBSERVE  frontend->cartservice  rpr=0.0000  low=234 high=0  attempts=3  state=ON  metric=rpr
2026-10-08T00:02:55Z  OBSERVE  frontend->checkoutservice  rpr=0.0000  low=190 high=0  attempts=3  state=ON  metric=rpr
2026-10-08T00:02:55Z  OBSERVE  frontend->currencyservice  rpr=0.0000  low=234 high=0  attempts=3  state=ON  metric=rpr
2026-10-08T00:02:55Z  OBSERVE  frontend->productcatalogservice  rpr=0.0000  low=234 high=0  attempts=3  state=ON  metric=rpr
2026-10-08T00:02:55Z  OBSERVE  frontend->shippingservice  rpr=0.0000  low=234 high=0  attempts=3  state=ON  metric=rpr
2026-10-08T00:02:55Z  OBSERVE  checkoutservice->cartservice  rpr=0.0000  low=233 high=0  attempts=3  state=ON  metric=rpr
2026-10-08T00:02:55Z  OBSERVE  checkoutservice->currencyservice  rpr=0.0000  low=233 high=0  attempts=3  state=ON  metric=rpr
2026-10-08T00:02:55Z  OBSERVE  checkoutservice->emailservice  rpr=0.0000  low=232 high=0  attempts=3  state=ON  metric=rpr
2026-10-08T00:02:55Z  OBSERVE  checkoutservice->paymentservice  rpr=0.0000  low=233 high=0  attempts=3  state=ON  metric=rpr
2026-10-08T00:02:55Z  OBSERVE  checkoutservice->shippingservice  rpr=0.0000  low=233 high=0  attempts=3  state=ON  metric=rpr
2026-10-08T00:02:55Z  OBSERVE  recommendationservice->productcatalogservice  rpr=0.0000  low=234 high=0  attempts=3  state=ON  metric=rpr
2026-10-08T00:02:55Z  OBSERVE  recommendationservice  rejection=0.3269  low=0 high=161  state=OFF  metric=rejection
2026-10-08T00:02:57Z  OBSERVE  frontend->adservice  rpr=0.0000  low=234 high=0  attempts=3  state=ON  metric=rpr
2026-10-08T00:02:57Z  OBSERVE  frontend->cartservice  rpr=0.0000  low=235 high=0  attempts=3  state=ON  metric=rpr
2026-10-08T00:02:57Z  OBSERVE  frontend->checkoutservice  rpr=0.0000  low=191 high=0  attempts=3  state=ON  metric=rpr
2026-10-08T00:02:57Z  OBSERVE  frontend->currencyservice  rpr=0.0000  low=235 high=0  attempts=3  state=ON  metric=rpr
2026-10-08T00:02:57Z  OBSERVE  frontend->productcatalogservice  rpr=0.0000  low=235 high=0  attempts=3  state=ON  metric=rpr
2026-10-08T00:02:57Z  OBSERVE  frontend->shippingservice  rpr=0.0000  low=235 high=0  attempts=3  state=ON  metric=rpr
2026-10-08T00:02:57Z  OBSERVE  checkoutservice->cartservice  rpr=0.0000  low=234 high=0  attempts=3  state=ON  metric=rpr
2026-10-08T00:02:57Z  OBSERVE  checkoutservice->currencyservice  rpr=0.0000  low=234 high=0  attempts=3  state=ON  metric=rpr
2026-10-08T00:02:57Z  OBSERVE  checkoutservice->emailservice  rpr=0.0000  low=233 high=0  attempts=3  state=ON  metric=rpr
2026-10-08T00:02:57Z  OBSERVE  checkoutservice->paymentservice  rpr=0.0000  low=234 high=0  attempts=3  state=ON  metric=rpr
2026-10-08T00:02:57Z  OBSERVE  checkoutservice->shippingservice  rpr=0.0000  low=234 high=0  attempts=3  state=ON  metric=rpr
2026-10-08T00:02:57Z  OBSERVE  recommendationservice->productcatalogservice  rpr=0.0000  low=235 high=0  attempts=3  state=ON  metric=rpr
2026-10-08T00:02:57Z  OBSERVE  recommendationservice  rejection=0.3494  low=0 high=162  state=OFF  metric=rejection
2026-10-08T00:02:59Z  OBSERVE  frontend->adservice  rpr=0.0000  low=235 high=0  attempts=3  state=ON  metric=rpr
2026-10-08T00:02:59Z  OBSERVE  frontend->cartservice  rpr=0.0000  low=236 high=0  attempts=3  state=ON  metric=rpr
2026-10-08T00:02:59Z  OBSERVE  frontend->checkoutservice  rpr=0.0000  low=192 high=0  attempts=3  state=ON  metric=rpr
2026-10-08T00:02:59Z  OBSERVE  frontend->currencyservice  rpr=0.0000  low=236 high=0  attempts=3  state=ON  metric=rpr
2026-10-08T00:02:59Z  OBSERVE  frontend->productcatalogservice  rpr=0.0000  low=236 high=0  attempts=3  state=ON  metric=rpr
2026-10-08T00:02:59Z  OBSERVE  frontend->shippingservice  rpr=0.0000  low=236 high=0  attempts=3  state=ON  metric=rpr
2026-10-08T00:02:59Z  OBSERVE  checkoutservice->cartservice  rpr=0.0000  low=235 high=0  attempts=3  state=ON  metric=rpr
2026-10-08T00:02:59Z  OBSERVE  checkoutservice->currencyservice  rpr=0.0000  low=235 high=0  attempts=3  state=ON  metric=rpr
2026-10-08T00:02:59Z  OBSERVE  checkoutservice->emailservice  rpr=0.0000  low=234 high=0  attempts=3  state=ON  metric=rpr
2026-10-08T00:02:59Z  OBSERVE  checkoutservice->paymentservice  rpr=0.0000  low=235 high=0  attempts=3  state=ON  metric=rpr
2026-10-08T00:02:59Z  OBSERVE  checkoutservice->shippingservice  rpr=0.0000  low=235 high=0  attempts=3  state=ON  metric=rpr
2026-10-08T00:02:59Z  OBSERVE  recommendationservice->productcatalogservice  rpr=0.0000  low=236 high=0  attempts=3  state=ON  metric=rpr
2026-10-08T00:02:59Z  OBSERVE  recommendationservice  rejection=0.2777  low=0 high=163  state=OFF  metric=rejection
2026-10-08T00:03:01Z  OBSERVE  frontend->adservice  rpr=0.0000  low=236 high=0  attempts=3  state=ON  metric=rpr
2026-10-08T00:03:01Z  OBSERVE  frontend->cartservice  rpr=0.0000  low=237 high=0  attempts=3  state=ON  metric=rpr
2026-10-08T00:03:01Z  OBSERVE  frontend->checkoutservice  rpr=0.0000  low=193 high=0  attempts=3  state=ON  metric=rpr
2026-10-08T00:03:01Z  OBSERVE  frontend->currencyservice  rpr=0.0000  low=237 high=0  attempts=3  state=ON  metric=rpr
2026-10-08T00:03:01Z  OBSERVE  frontend->productcatalogservice  rpr=0.0000  low=237 high=0  attempts=3  state=ON  metric=rpr
2026-10-08T00:03:01Z  OBSERVE  frontend->shippingservice  rpr=0.0000  low=237 high=0  attempts=3  state=ON  metric=rpr
2026-10-08T00:03:01Z  OBSERVE  checkoutservice->cartservice  rpr=0.0000  low=236 high=0  attempts=3  state=ON  metric=rpr
2026-10-08T00:03:01Z  OBSERVE  checkoutservice->currencyservice  rpr=0.0000  low=236 high=0  attempts=3  state=ON  metric=rpr
2026-10-08T00:03:01Z  OBSERVE  checkoutservice->emailservice  rpr=0.0000  low=235 high=0  attempts=3  state=ON  metric=rpr
2026-10-08T00:03:01Z  OBSERVE  checkoutservice->paymentservice  rpr=0.0000  low=236 high=0  attempts=3  state=ON  metric=rpr
2026-10-08T00:03:01Z  OBSERVE  checkoutservice->shippingservice  rpr=0.0000  low=236 high=0  attempts=3  state=ON  metric=rpr
2026-10-08T00:03:01Z  OBSERVE  recommendationservice->productcatalogservice  rpr=0.0000  low=237 high=0  attempts=3  state=ON  metric=rpr
2026-10-08T00:03:01Z  OBSERVE  recommendationservice  rejection=0.3861  low=0 high=164  state=OFF  metric=rejection
2026-10-08T00:03:03Z  OBSERVE  frontend->adservice  rpr=0.0000  low=237 high=0  attempts=3  state=ON  metric=rpr
2026-10-08T00:03:03Z  OBSERVE  frontend->cartservice  rpr=0.0000  low=238 high=0  attempts=3  state=ON  metric=rpr
2026-10-08T00:03:03Z  OBSERVE  frontend->checkoutservice  rpr=0.0000  low=194 high=0  attempts=3  state=ON  metric=rpr
2026-10-08T00:03:03Z  OBSERVE  frontend->currencyservice  rpr=0.0000  low=238 high=0  attempts=3  state=ON  metric=rpr
2026-10-08T00:03:03Z  OBSERVE  frontend->productcatalogservice  rpr=0.0000  low=238 high=0  attempts=3  state=ON  metric=rpr
2026-10-08T00:03:03Z  OBSERVE  frontend->shippingservice  rpr=0.0000  low=238 high=0  attempts=3  state=ON  metric=rpr
2026-10-08T00:03:03Z  OBSERVE  checkoutservice->cartservice  rpr=0.0000  low=237 high=0  attempts=3  state=ON  metric=rpr
2026-10-08T00:03:03Z  OBSERVE  checkoutservice->currencyservice  rpr=0.0000  low=237 high=0  attempts=3  state=ON  metric=rpr
2026-10-08T00:03:03Z  OBSERVE  checkoutservice->emailservice  rpr=0.0000  low=236 high=0  attempts=3  state=ON  metric=rpr
2026-10-08T00:03:03Z  OBSERVE  checkoutservice->paymentservice  rpr=0.0000  low=237 high=0  attempts=3  state=ON  metric=rpr
2026-10-08T00:03:03Z  OBSERVE  checkoutservice->shippingservice  rpr=0.0000  low=237 high=0  attempts=3  state=ON  metric=rpr
2026-10-08T00:03:03Z  OBSERVE  recommendationservice->productcatalogservice  rpr=0.0000  low=238 high=0  attempts=3  state=ON  metric=rpr
2026-10-08T00:03:03Z  OBSERVE  recommendationservice  rejection=0.5300  low=0 high=165  state=OFF  metric=rejection
2026-10-08T00:03:05Z  OBSERVE  frontend->adservice  rpr=0.0000  low=238 high=0  attempts=3  state=ON  metric=rpr
2026-10-08T00:03:05Z  OBSERVE  frontend->cartservice  rpr=0.0000  low=239 high=0  attempts=3  state=ON  metric=rpr
2026-10-08T00:03:05Z  OBSERVE  frontend->checkoutservice  rpr=0.0000  low=195 high=0  attempts=3  state=ON  metric=rpr
2026-10-08T00:03:05Z  OBSERVE  frontend->currencyservice  rpr=0.0000  low=239 high=0  attempts=3  state=ON  metric=rpr
2026-10-08T00:03:05Z  OBSERVE  frontend->productcatalogservice  rpr=0.0000  low=239 high=0  attempts=3  state=ON  metric=rpr
2026-10-08T00:03:05Z  OBSERVE  frontend->shippingservice  rpr=0.0000  low=239 high=0  attempts=3  state=ON  metric=rpr
2026-10-08T00:03:05Z  OBSERVE  checkoutservice->cartservice  rpr=0.0000  low=238 high=0  attempts=3  state=ON  metric=rpr
2026-10-08T00:03:05Z  OBSERVE  checkoutservice->currencyservice  rpr=0.0000  low=238 high=0  attempts=3  state=ON  metric=rpr
2026-10-08T00:03:05Z  OBSERVE  checkoutservice->emailservice  rpr=0.0000  low=237 high=0  attempts=3  state=ON  metric=rpr
2026-10-08T00:03:05Z  OBSERVE  checkoutservice->paymentservice  rpr=0.0000  low=238 high=0  attempts=3  state=ON  metric=rpr
2026-10-08T00:03:05Z  OBSERVE  checkoutservice->shippingservice  rpr=0.0000  low=238 high=0  attempts=3  state=ON  metric=rpr
2026-10-08T00:03:05Z  OBSERVE  recommendationservice->productcatalogservice  rpr=0.0000  low=239 high=0  attempts=3  state=ON  metric=rpr
2026-10-08T00:03:05Z  OBSERVE  recommendationservice  rejection=0.4300  low=0 high=166  state=OFF  metric=rejection
2026-10-08T00:03:07Z  OBSERVE  frontend->adservice  rpr=0.0000  low=239 high=0  attempts=3  state=ON  metric=rpr
2026-10-08T00:03:07Z  OBSERVE  frontend->cartservice  rpr=0.0000  low=240 high=0  attempts=3  state=ON  metric=rpr
2026-10-08T00:03:07Z  OBSERVE  frontend->checkoutservice  rpr=0.0000  low=196 high=0  attempts=3  state=ON  metric=rpr
2026-10-08T00:03:07Z  OBSERVE  frontend->currencyservice  rpr=0.0000  low=240 high=0  attempts=3  state=ON  metric=rpr
2026-10-08T00:03:07Z  OBSERVE  frontend->productcatalogservice  rpr=0.0000  low=240 high=0  attempts=3  state=ON  metric=rpr
2026-10-08T00:03:07Z  OBSERVE  frontend->shippingservice  rpr=0.0000  low=240 high=0  attempts=3  state=ON  metric=rpr
2026-10-08T00:03:07Z  OBSERVE  checkoutservice->cartservice  rpr=0.0000  low=239 high=0  attempts=3  state=ON  metric=rpr
2026-10-08T00:03:07Z  OBSERVE  checkoutservice->currencyservice  rpr=0.0000  low=239 high=0  attempts=3  state=ON  metric=rpr
2026-10-08T00:03:07Z  OBSERVE  checkoutservice->emailservice  rpr=0.0000  low=238 high=0  attempts=3  state=ON  metric=rpr
2026-10-08T00:03:07Z  OBSERVE  checkoutservice->paymentservice  rpr=0.0000  low=239 high=0  attempts=3  state=ON  metric=rpr
2026-10-08T00:03:07Z  OBSERVE  checkoutservice->shippingservice  rpr=0.0000  low=239 high=0  attempts=3  state=ON  metric=rpr
2026-10-08T00:03:07Z  OBSERVE  recommendationservice->productcatalogservice  rpr=0.0000  low=240 high=0  attempts=3  state=ON  metric=rpr
2026-10-08T00:03:07Z  OBSERVE  recommendationservice  rejection=0.4460  low=0 high=167  state=OFF  metric=rejection
2026-10-08T00:03:09Z  OBSERVE  frontend->adservice  rpr=0.0000  low=240 high=0  attempts=3  state=ON  metric=rpr
2026-10-08T00:03:09Z  OBSERVE  frontend->cartservice  rpr=0.0000  low=241 high=0  attempts=3  state=ON  metric=rpr
2026-10-08T00:03:09Z  OBSERVE  frontend->checkoutservice  rpr=0.0119  low=197 high=0  attempts=3  state=ON  metric=rpr
2026-10-08T00:03:09Z  OBSERVE  frontend->currencyservice  rpr=0.0000  low=241 high=0  attempts=3  state=ON  metric=rpr
2026-10-08T00:03:09Z  OBSERVE  frontend->productcatalogservice  rpr=0.0000  low=241 high=0  attempts=3  state=ON  metric=rpr
2026-10-08T00:03:09Z  OBSERVE  frontend->shippingservice  rpr=0.0000  low=241 high=0  attempts=3  state=ON  metric=rpr
2026-10-08T00:03:09Z  OBSERVE  checkoutservice->cartservice  rpr=0.0000  low=240 high=0  attempts=3  state=ON  metric=rpr
2026-10-08T00:03:09Z  OBSERVE  checkoutservice->currencyservice  rpr=0.0000  low=240 high=0  attempts=3  state=ON  metric=rpr
2026-10-08T00:03:09Z  OBSERVE  checkoutservice->emailservice  rpr=0.0000  low=239 high=0  attempts=3  state=ON  metric=rpr
2026-10-08T00:03:09Z  OBSERVE  checkoutservice->paymentservice  rpr=0.0000  low=240 high=0  attempts=3  state=ON  metric=rpr
2026-10-08T00:03:09Z  OBSERVE  checkoutservice->shippingservice  rpr=0.0000  low=240 high=0  attempts=3  state=ON  metric=rpr
2026-10-08T00:03:09Z  OBSERVE  recommendationservice->productcatalogservice  rpr=0.0000  low=241 high=0  attempts=3  state=ON  metric=rpr
2026-10-08T00:03:09Z  OBSERVE  recommendationservice  rejection=0.4371  low=0 high=168  state=OFF  metric=rejection
2026-10-08T00:03:11Z  OBSERVE  frontend->adservice  rpr=0.0000  low=241 high=0  attempts=3  state=ON  metric=rpr
2026-10-08T00:03:11Z  OBSERVE  frontend->cartservice  rpr=0.0000  low=242 high=0  attempts=3  state=ON  metric=rpr
2026-10-08T00:03:11Z  OBSERVE  frontend->checkoutservice  rpr=0.0120  low=198 high=0  attempts=3  state=ON  metric=rpr
2026-10-08T00:03:11Z  OBSERVE  frontend->currencyservice  rpr=0.0000  low=242 high=0  attempts=3  state=ON  metric=rpr
2026-10-08T00:03:11Z  OBSERVE  frontend->productcatalogservice  rpr=0.0000  low=242 high=0  attempts=3  state=ON  metric=rpr
2026-10-08T00:03:11Z  OBSERVE  frontend->shippingservice  rpr=0.0000  low=242 high=0  attempts=3  state=ON  metric=rpr
2026-10-08T00:03:11Z  OBSERVE  checkoutservice->cartservice  rpr=0.0000  low=241 high=0  attempts=3  state=ON  metric=rpr
2026-10-08T00:03:11Z  OBSERVE  checkoutservice->currencyservice  rpr=0.0000  low=241 high=0  attempts=3  state=ON  metric=rpr
2026-10-08T00:03:11Z  OBSERVE  checkoutservice->emailservice  rpr=0.0000  low=240 high=0  attempts=3  state=ON  metric=rpr
2026-10-08T00:03:11Z  OBSERVE  checkoutservice->paymentservice  rpr=0.0000  low=241 high=0  attempts=3  state=ON  metric=rpr
2026-10-08T00:03:11Z  OBSERVE  checkoutservice->shippingservice  rpr=0.0000  low=241 high=0  attempts=3  state=ON  metric=rpr
2026-10-08T00:03:11Z  OBSERVE  recommendationservice->productcatalogservice  rpr=0.0000  low=242 high=0  attempts=3  state=ON  metric=rpr
2026-10-08T00:03:11Z  OBSERVE  recommendationservice  rejection=0.4816  low=0 high=169  state=OFF  metric=rejection
2026-10-08T00:03:13Z  OBSERVE  frontend->adservice  rpr=0.0000  low=242 high=0  attempts=3  state=ON  metric=rpr
2026-10-08T00:03:13Z  OBSERVE  frontend->cartservice  rpr=0.0000  low=243 high=0  attempts=3  state=ON  metric=rpr
2026-10-08T00:03:13Z  OBSERVE  frontend->checkoutservice  rpr=0.0000  low=199 high=0  attempts=3  state=ON  metric=rpr
2026-10-08T00:03:13Z  OBSERVE  frontend->currencyservice  rpr=0.0000  low=243 high=0  attempts=3  state=ON  metric=rpr
2026-10-08T00:03:13Z  OBSERVE  frontend->productcatalogservice  rpr=0.0000  low=243 high=0  attempts=3  state=ON  metric=rpr
2026-10-08T00:03:13Z  OBSERVE  frontend->shippingservice  rpr=0.0000  low=243 high=0  attempts=3  state=ON  metric=rpr
2026-10-08T00:03:13Z  OBSERVE  checkoutservice->cartservice  rpr=0.0000  low=242 high=0  attempts=3  state=ON  metric=rpr
2026-10-08T00:03:13Z  OBSERVE  checkoutservice->currencyservice  rpr=0.0000  low=242 high=0  attempts=3  state=ON  metric=rpr
2026-10-08T00:03:13Z  OBSERVE  checkoutservice->emailservice  rpr=0.0000  low=241 high=0  attempts=3  state=ON  metric=rpr
2026-10-08T00:03:13Z  OBSERVE  checkoutservice->paymentservice  rpr=0.0000  low=242 high=0  attempts=3  state=ON  metric=rpr
2026-10-08T00:03:13Z  OBSERVE  checkoutservice->shippingservice  rpr=0.0000  low=242 high=0  attempts=3  state=ON  metric=rpr
2026-10-08T00:03:13Z  OBSERVE  recommendationservice->productcatalogservice  rpr=0.0000  low=243 high=0  attempts=3  state=ON  metric=rpr
2026-10-08T00:03:13Z  OBSERVE  recommendationservice  rejection=0.5193  low=0 high=170  state=OFF  metric=rejection
2026-10-08T00:03:15Z  OBSERVE  frontend->adservice  rpr=0.0000  low=243 high=0  attempts=3  state=ON  metric=rpr
2026-10-08T00:03:15Z  OBSERVE  frontend->cartservice  rpr=0.0000  low=244 high=0  attempts=3  state=ON  metric=rpr
2026-10-08T00:03:15Z  OBSERVE  frontend->checkoutservice  rpr=0.0000  low=200 high=0  attempts=3  state=ON  metric=rpr
2026-10-08T00:03:15Z  OBSERVE  frontend->currencyservice  rpr=0.0000  low=244 high=0  attempts=3  state=ON  metric=rpr
2026-10-08T00:03:15Z  OBSERVE  frontend->productcatalogservice  rpr=0.0000  low=244 high=0  attempts=3  state=ON  metric=rpr
2026-10-08T00:03:15Z  OBSERVE  frontend->shippingservice  rpr=0.0000  low=244 high=0  attempts=3  state=ON  metric=rpr
2026-10-08T00:03:15Z  OBSERVE  checkoutservice->cartservice  rpr=0.0000  low=243 high=0  attempts=3  state=ON  metric=rpr
2026-10-08T00:03:15Z  OBSERVE  checkoutservice->currencyservice  rpr=0.0000  low=243 high=0  attempts=3  state=ON  metric=rpr
2026-10-08T00:03:15Z  OBSERVE  checkoutservice->emailservice  rpr=0.0000  low=242 high=0  attempts=3  state=ON  metric=rpr
2026-10-08T00:03:15Z  OBSERVE  checkoutservice->paymentservice  rpr=0.0000  low=243 high=0  attempts=3  state=ON  metric=rpr
2026-10-08T00:03:15Z  OBSERVE  checkoutservice->shippingservice  rpr=0.0000  low=243 high=0  attempts=3  state=ON  metric=rpr
2026-10-08T00:03:15Z  OBSERVE  recommendationservice->productcatalogservice  rpr=0.0000  low=244 high=0  attempts=3  state=ON  metric=rpr
2026-10-08T00:03:15Z  OBSERVE  recommendationservice  rejection=0.3469  low=0 high=171  state=OFF  metric=rejection
2026-10-08T00:03:17Z  OBSERVE  frontend->adservice  rpr=0.0000  low=244 high=0  attempts=3  state=ON  metric=rpr
2026-10-08T00:03:17Z  OBSERVE  frontend->cartservice  rpr=0.0000  low=245 high=0  attempts=3  state=ON  metric=rpr
2026-10-08T00:03:17Z  OBSERVE  frontend->checkoutservice  rpr=0.0000  low=201 high=0  attempts=3  state=ON  metric=rpr
2026-10-08T00:03:17Z  OBSERVE  frontend->currencyservice  rpr=0.0000  low=245 high=0  attempts=3  state=ON  metric=rpr
2026-10-08T00:03:17Z  OBSERVE  frontend->productcatalogservice  rpr=0.0000  low=245 high=0  attempts=3  state=ON  metric=rpr
2026-10-08T00:03:17Z  OBSERVE  frontend->shippingservice  rpr=0.0000  low=245 high=0  attempts=3  state=ON  metric=rpr
2026-10-08T00:03:17Z  OBSERVE  checkoutservice->cartservice  rpr=0.0000  low=244 high=0  attempts=3  state=ON  metric=rpr
2026-10-08T00:03:17Z  OBSERVE  checkoutservice->currencyservice  rpr=0.0000  low=244 high=0  attempts=3  state=ON  metric=rpr
2026-10-08T00:03:17Z  OBSERVE  checkoutservice->emailservice  rpr=0.0000  low=243 high=0  attempts=3  state=ON  metric=rpr
2026-10-08T00:03:17Z  OBSERVE  checkoutservice->paymentservice  rpr=0.0000  low=244 high=0  attempts=3  state=ON  metric=rpr
2026-10-08T00:03:17Z  OBSERVE  checkoutservice->shippingservice  rpr=0.0000  low=244 high=0  attempts=3  state=ON  metric=rpr
2026-10-08T00:03:17Z  OBSERVE  recommendationservice->productcatalogservice  rpr=0.0000  low=245 high=0  attempts=3  state=ON  metric=rpr
2026-10-08T00:03:17Z  OBSERVE  recommendationservice  rejection=0.3149  low=0 high=172  state=OFF  metric=rejection
2026-10-08T00:03:19Z  OBSERVE  frontend->adservice  rpr=0.0000  low=245 high=0  attempts=3  state=ON  metric=rpr
2026-10-08T00:03:19Z  OBSERVE  frontend->cartservice  rpr=0.0000  low=246 high=0  attempts=3  state=ON  metric=rpr
2026-10-08T00:03:19Z  OBSERVE  frontend->checkoutservice  rpr=0.0000  low=202 high=0  attempts=3  state=ON  metric=rpr
2026-10-08T00:03:19Z  OBSERVE  frontend->currencyservice  rpr=0.0000  low=246 high=0  attempts=3  state=ON  metric=rpr
2026-10-08T00:03:19Z  OBSERVE  frontend->productcatalogservice  rpr=0.0000  low=246 high=0  attempts=3  state=ON  metric=rpr
2026-10-08T00:03:19Z  OBSERVE  frontend->shippingservice  rpr=0.0000  low=246 high=0  attempts=3  state=ON  metric=rpr
2026-10-08T00:03:19Z  OBSERVE  checkoutservice->cartservice  rpr=0.0000  low=245 high=0  attempts=3  state=ON  metric=rpr
2026-10-08T00:03:19Z  OBSERVE  checkoutservice->currencyservice  rpr=0.0000  low=245 high=0  attempts=3  state=ON  metric=rpr
2026-10-08T00:03:19Z  OBSERVE  checkoutservice->emailservice  rpr=0.0000  low=244 high=0  attempts=3  state=ON  metric=rpr
2026-10-08T00:03:19Z  OBSERVE  checkoutservice->paymentservice  rpr=0.0000  low=245 high=0  attempts=3  state=ON  metric=rpr
2026-10-08T00:03:19Z  OBSERVE  checkoutservice->shippingservice  rpr=0.0000  low=245 high=0  attempts=3  state=ON  metric=rpr
2026-10-08T00:03:19Z  OBSERVE  recommendationservice->productcatalogservice  rpr=0.0000  low=246 high=0  attempts=3  state=ON  metric=rpr
2026-10-08T00:03:19Z  OBSERVE  recommendationservice  rejection=0.2757  low=0 high=173  state=OFF  metric=rejection
2026-10-08T00:03:21Z  OBSERVE  frontend->adservice  rpr=0.0000  low=246 high=0  attempts=3  state=ON  metric=rpr
2026-10-08T00:03:21Z  OBSERVE  frontend->cartservice  rpr=0.0000  low=247 high=0  attempts=3  state=ON  metric=rpr
2026-10-08T00:03:21Z  OBSERVE  frontend->checkoutservice  rpr=0.0000  low=203 high=0  attempts=3  state=ON  metric=rpr
2026-10-08T00:03:21Z  OBSERVE  frontend->currencyservice  rpr=0.0000  low=247 high=0  attempts=3  state=ON  metric=rpr
2026-10-08T00:03:21Z  OBSERVE  frontend->productcatalogservice  rpr=0.0000  low=247 high=0  attempts=3  state=ON  metric=rpr
2026-10-08T00:03:21Z  OBSERVE  frontend->shippingservice  rpr=0.0000  low=247 high=0  attempts=3  state=ON  metric=rpr
2026-10-08T00:03:21Z  OBSERVE  checkoutservice->cartservice  rpr=0.0000  low=246 high=0  attempts=3  state=ON  metric=rpr
2026-10-08T00:03:21Z  OBSERVE  checkoutservice->currencyservice  rpr=0.0000  low=246 high=0  attempts=3  state=ON  metric=rpr
2026-10-08T00:03:21Z  OBSERVE  checkoutservice->emailservice  rpr=0.0000  low=245 high=0  attempts=3  state=ON  metric=rpr
2026-10-08T00:03:21Z  OBSERVE  checkoutservice->paymentservice  rpr=0.0000  low=246 high=0  attempts=3  state=ON  metric=rpr
2026-10-08T00:03:21Z  OBSERVE  checkoutservice->shippingservice  rpr=0.0000  low=246 high=0  attempts=3  state=ON  metric=rpr
2026-10-08T00:03:21Z  OBSERVE  recommendationservice->productcatalogservice  rpr=0.0000  low=247 high=0  attempts=3  state=ON  metric=rpr
2026-10-08T00:03:21Z  OBSERVE  recommendationservice  rejection=0.3609  low=0 high=174  state=OFF  metric=rejection
2026-10-08T00:03:23Z  OBSERVE  frontend->adservice  rpr=0.0000  low=247 high=0  attempts=3  state=ON  metric=rpr
2026-10-08T00:03:23Z  OBSERVE  frontend->cartservice  rpr=0.0000  low=248 high=0  attempts=3  state=ON  metric=rpr
2026-10-08T00:03:23Z  OBSERVE  frontend->checkoutservice  rpr=0.0000  low=204 high=0  attempts=3  state=ON  metric=rpr
2026-10-08T00:03:23Z  OBSERVE  frontend->currencyservice  rpr=0.0000  low=248 high=0  attempts=3  state=ON  metric=rpr
2026-10-08T00:03:23Z  OBSERVE  frontend->productcatalogservice  rpr=0.0000  low=248 high=0  attempts=3  state=ON  metric=rpr
2026-10-08T00:03:23Z  OBSERVE  frontend->shippingservice  rpr=0.0000  low=248 high=0  attempts=3  state=ON  metric=rpr
2026-10-08T00:03:23Z  OBSERVE  checkoutservice->cartservice  rpr=0.0000  low=247 high=0  attempts=3  state=ON  metric=rpr
2026-10-08T00:03:23Z  OBSERVE  checkoutservice->currencyservice  rpr=0.0000  low=247 high=0  attempts=3  state=ON  metric=rpr
2026-10-08T00:03:23Z  OBSERVE  checkoutservice->emailservice  rpr=0.0000  low=246 high=0  attempts=3  state=ON  metric=rpr
2026-10-08T00:03:23Z  OBSERVE  checkoutservice->paymentservice  rpr=0.0000  low=247 high=0  attempts=3  state=ON  metric=rpr
2026-10-08T00:03:23Z  OBSERVE  checkoutservice->shippingservice  rpr=0.0000  low=247 high=0  attempts=3  state=ON  metric=rpr
2026-10-08T00:03:23Z  OBSERVE  recommendationservice->productcatalogservice  rpr=0.0000  low=248 high=0  attempts=3  state=ON  metric=rpr
2026-10-08T00:03:23Z  OBSERVE  recommendationservice  rejection=0.3373  low=0 high=175  state=OFF  metric=rejection
2026-10-08T00:03:25Z  OBSERVE  frontend->adservice  rpr=0.0000  low=248 high=0  attempts=3  state=ON  metric=rpr
2026-10-08T00:03:25Z  OBSERVE  frontend->cartservice  rpr=0.0000  low=249 high=0  attempts=3  state=ON  metric=rpr
2026-10-08T00:03:25Z  OBSERVE  frontend->checkoutservice  rpr=0.0000  low=205 high=0  attempts=3  state=ON  metric=rpr
2026-10-08T00:03:25Z  OBSERVE  frontend->currencyservice  rpr=0.0000  low=249 high=0  attempts=3  state=ON  metric=rpr
2026-10-08T00:03:25Z  OBSERVE  frontend->productcatalogservice  rpr=0.0000  low=249 high=0  attempts=3  state=ON  metric=rpr
2026-10-08T00:03:25Z  OBSERVE  frontend->shippingservice  rpr=0.0000  low=249 high=0  attempts=3  state=ON  metric=rpr
2026-10-08T00:03:25Z  OBSERVE  checkoutservice->cartservice  rpr=0.0000  low=248 high=0  attempts=3  state=ON  metric=rpr
2026-10-08T00:03:25Z  OBSERVE  checkoutservice->currencyservice  rpr=0.0000  low=248 high=0  attempts=3  state=ON  metric=rpr
2026-10-08T00:03:25Z  OBSERVE  checkoutservice->emailservice  rpr=0.0000  low=247 high=0  attempts=3  state=ON  metric=rpr
2026-10-08T00:03:25Z  OBSERVE  checkoutservice->paymentservice  rpr=0.0000  low=248 high=0  attempts=3  state=ON  metric=rpr
2026-10-08T00:03:25Z  OBSERVE  checkoutservice->shippingservice  rpr=0.0000  low=248 high=0  attempts=3  state=ON  metric=rpr
2026-10-08T00:03:25Z  OBSERVE  recommendationservice->productcatalogservice  rpr=0.0000  low=249 high=0  attempts=3  state=ON  metric=rpr
2026-10-08T00:03:25Z  OBSERVE  recommendationservice  rejection=0.3747  low=0 high=176  state=OFF  metric=rejection
2026-10-08T00:03:27Z  OBSERVE  frontend->adservice  rpr=0.0000  low=249 high=0  attempts=3  state=ON  metric=rpr
2026-10-08T00:03:27Z  OBSERVE  frontend->cartservice  rpr=0.0000  low=250 high=0  attempts=3  state=ON  metric=rpr
2026-10-08T00:03:27Z  OBSERVE  frontend->checkoutservice  rpr=0.0000  low=206 high=0  attempts=3  state=ON  metric=rpr
2026-10-08T00:03:27Z  OBSERVE  frontend->currencyservice  rpr=0.0000  low=250 high=0  attempts=3  state=ON  metric=rpr
2026-10-08T00:03:27Z  OBSERVE  frontend->productcatalogservice  rpr=0.0000  low=250 high=0  attempts=3  state=ON  metric=rpr
2026-10-08T00:03:27Z  OBSERVE  frontend->shippingservice  rpr=0.0000  low=250 high=0  attempts=3  state=ON  metric=rpr
2026-10-08T00:03:27Z  OBSERVE  checkoutservice->cartservice  rpr=0.0000  low=249 high=0  attempts=3  state=ON  metric=rpr
2026-10-08T00:03:27Z  OBSERVE  checkoutservice->currencyservice  rpr=0.0000  low=249 high=0  attempts=3  state=ON  metric=rpr
2026-10-08T00:03:27Z  OBSERVE  checkoutservice->emailservice  rpr=0.0000  low=248 high=0  attempts=3  state=ON  metric=rpr
2026-10-08T00:03:27Z  OBSERVE  checkoutservice->paymentservice  rpr=0.0000  low=249 high=0  attempts=3  state=ON  metric=rpr
2026-10-08T00:03:27Z  OBSERVE  checkoutservice->shippingservice  rpr=0.0000  low=249 high=0  attempts=3  state=ON  metric=rpr
2026-10-08T00:03:27Z  OBSERVE  recommendationservice->productcatalogservice  rpr=0.0000  low=250 high=0  attempts=3  state=ON  metric=rpr
2026-10-08T00:03:27Z  OBSERVE  recommendationservice  rejection=0.3101  low=0 high=177  state=OFF  metric=rejection
2026-10-08T00:03:29Z  OBSERVE  frontend->adservice  rpr=0.0000  low=250 high=0  attempts=3  state=ON  metric=rpr
2026-10-08T00:03:29Z  OBSERVE  frontend->cartservice  rpr=0.0000  low=251 high=0  attempts=3  state=ON  metric=rpr
2026-10-08T00:03:29Z  OBSERVE  frontend->checkoutservice  rpr=0.0000  low=207 high=0  attempts=3  state=ON  metric=rpr
2026-10-08T00:03:29Z  OBSERVE  frontend->currencyservice  rpr=0.0000  low=251 high=0  attempts=3  state=ON  metric=rpr
2026-10-08T00:03:29Z  OBSERVE  frontend->productcatalogservice  rpr=0.0000  low=251 high=0  attempts=3  state=ON  metric=rpr
2026-10-08T00:03:29Z  OBSERVE  frontend->shippingservice  rpr=0.0000  low=251 high=0  attempts=3  state=ON  metric=rpr
2026-10-08T00:03:29Z  OBSERVE  checkoutservice->cartservice  rpr=0.0000  low=250 high=0  attempts=3  state=ON  metric=rpr
2026-10-08T00:03:29Z  OBSERVE  checkoutservice->currencyservice  rpr=0.0000  low=250 high=0  attempts=3  state=ON  metric=rpr
2026-10-08T00:03:29Z  OBSERVE  checkoutservice->emailservice  rpr=0.0000  low=249 high=0  attempts=3  state=ON  metric=rpr
2026-10-08T00:03:29Z  OBSERVE  checkoutservice->paymentservice  rpr=0.0000  low=250 high=0  attempts=3  state=ON  metric=rpr
2026-10-08T00:03:29Z  OBSERVE  checkoutservice->shippingservice  rpr=0.0000  low=250 high=0  attempts=3  state=ON  metric=rpr
2026-10-08T00:03:29Z  OBSERVE  recommendationservice->productcatalogservice  rpr=0.0000  low=251 high=0  attempts=3  state=ON  metric=rpr
2026-10-08T00:03:29Z  OBSERVE  recommendationservice  rejection=0.3103  low=0 high=178  state=OFF  metric=rejection
2026-10-08T00:03:31Z  OBSERVE  frontend->adservice  rpr=0.0000  low=251 high=0  attempts=3  state=ON  metric=rpr
2026-10-08T00:03:31Z  OBSERVE  frontend->cartservice  rpr=0.0000  low=252 high=0  attempts=3  state=ON  metric=rpr
2026-10-08T00:03:31Z  OBSERVE  frontend->checkoutservice  rpr=0.0000  low=208 high=0  attempts=3  state=ON  metric=rpr
2026-10-08T00:03:31Z  OBSERVE  frontend->currencyservice  rpr=0.0000  low=252 high=0  attempts=3  state=ON  metric=rpr
2026-10-08T00:03:31Z  OBSERVE  frontend->productcatalogservice  rpr=0.0000  low=252 high=0  attempts=3  state=ON  metric=rpr
2026-10-08T00:03:31Z  OBSERVE  frontend->shippingservice  rpr=0.0000  low=252 high=0  attempts=3  state=ON  metric=rpr
2026-10-08T00:03:31Z  OBSERVE  checkoutservice->cartservice  rpr=0.0000  low=251 high=0  attempts=3  state=ON  metric=rpr
2026-10-08T00:03:31Z  OBSERVE  checkoutservice->currencyservice  rpr=0.0000  low=251 high=0  attempts=3  state=ON  metric=rpr
2026-10-08T00:03:31Z  OBSERVE  checkoutservice->emailservice  rpr=0.0000  low=250 high=0  attempts=3  state=ON  metric=rpr
2026-10-08T00:03:31Z  OBSERVE  checkoutservice->paymentservice  rpr=0.0000  low=251 high=0  attempts=3  state=ON  metric=rpr
2026-10-08T00:03:31Z  OBSERVE  checkoutservice->shippingservice  rpr=0.0000  low=251 high=0  attempts=3  state=ON  metric=rpr
2026-10-08T00:03:31Z  OBSERVE  recommendationservice->productcatalogservice  rpr=0.0000  low=252 high=0  attempts=3  state=ON  metric=rpr
2026-10-08T00:03:31Z  OBSERVE  recommendationservice  rejection=0.3069  low=0 high=179  state=OFF  metric=rejection
2026-10-08T00:03:33Z  OBSERVE  frontend->adservice  rpr=0.0000  low=252 high=0  attempts=3  state=ON  metric=rpr
2026-10-08T00:03:33Z  OBSERVE  frontend->cartservice  rpr=0.0000  low=253 high=0  attempts=3  state=ON  metric=rpr
2026-10-08T00:03:33Z  OBSERVE  frontend->checkoutservice  rpr=0.0000  low=209 high=0  attempts=3  state=ON  metric=rpr
2026-10-08T00:03:33Z  OBSERVE  frontend->currencyservice  rpr=0.0000  low=253 high=0  attempts=3  state=ON  metric=rpr
2026-10-08T00:03:33Z  OBSERVE  frontend->productcatalogservice  rpr=0.0000  low=253 high=0  attempts=3  state=ON  metric=rpr
2026-10-08T00:03:33Z  OBSERVE  frontend->shippingservice  rpr=0.0000  low=253 high=0  attempts=3  state=ON  metric=rpr
2026-10-08T00:03:33Z  OBSERVE  checkoutservice->cartservice  rpr=0.0000  low=252 high=0  attempts=3  state=ON  metric=rpr
2026-10-08T00:03:33Z  OBSERVE  checkoutservice->currencyservice  rpr=0.0000  low=252 high=0  attempts=3  state=ON  metric=rpr
2026-10-08T00:03:33Z  OBSERVE  checkoutservice->emailservice  rpr=0.0000  low=251 high=0  attempts=3  state=ON  metric=rpr
2026-10-08T00:03:33Z  OBSERVE  checkoutservice->paymentservice  rpr=0.0000  low=252 high=0  attempts=3  state=ON  metric=rpr
2026-10-08T00:03:33Z  OBSERVE  checkoutservice->shippingservice  rpr=0.0000  low=252 high=0  attempts=3  state=ON  metric=rpr
2026-10-08T00:03:33Z  OBSERVE  recommendationservice->productcatalogservice  rpr=0.0000  low=253 high=0  attempts=3  state=ON  metric=rpr
2026-10-08T00:03:33Z  OBSERVE  recommendationservice  rejection=0.3939  low=0 high=180  state=OFF  metric=rejection
2026-10-08T00:03:35Z  OBSERVE  frontend->adservice  rpr=0.0000  low=253 high=0  attempts=3  state=ON  metric=rpr
2026-10-08T00:03:35Z  OBSERVE  frontend->cartservice  rpr=0.0000  low=254 high=0  attempts=3  state=ON  metric=rpr
2026-10-08T00:03:35Z  OBSERVE  frontend->checkoutservice  rpr=0.0000  low=210 high=0  attempts=3  state=ON  metric=rpr
2026-10-08T00:03:35Z  OBSERVE  frontend->currencyservice  rpr=0.0000  low=254 high=0  attempts=3  state=ON  metric=rpr
2026-10-08T00:03:35Z  OBSERVE  frontend->productcatalogservice  rpr=0.0000  low=254 high=0  attempts=3  state=ON  metric=rpr
2026-10-08T00:03:35Z  OBSERVE  frontend->shippingservice  rpr=0.0000  low=254 high=0  attempts=3  state=ON  metric=rpr
2026-10-08T00:03:35Z  OBSERVE  checkoutservice->cartservice  rpr=0.0000  low=253 high=0  attempts=3  state=ON  metric=rpr
2026-10-08T00:03:35Z  OBSERVE  checkoutservice->currencyservice  rpr=0.0000  low=253 high=0  attempts=3  state=ON  metric=rpr
2026-10-08T00:03:35Z  OBSERVE  checkoutservice->emailservice  rpr=0.0000  low=252 high=0  attempts=3  state=ON  metric=rpr
2026-10-08T00:03:35Z  OBSERVE  checkoutservice->paymentservice  rpr=0.0000  low=253 high=0  attempts=3  state=ON  metric=rpr
2026-10-08T00:03:35Z  OBSERVE  checkoutservice->shippingservice  rpr=0.0000  low=253 high=0  attempts=3  state=ON  metric=rpr
2026-10-08T00:03:35Z  OBSERVE  recommendationservice->productcatalogservice  rpr=0.0000  low=254 high=0  attempts=3  state=ON  metric=rpr
2026-10-08T00:03:35Z  OBSERVE  recommendationservice  rejection=0.3271  low=0 high=181  state=OFF  metric=rejection
2026-10-08T00:03:37Z  OBSERVE  frontend->adservice  rpr=0.0000  low=254 high=0  attempts=3  state=ON  metric=rpr
2026-10-08T00:03:37Z  OBSERVE  frontend->cartservice  rpr=0.0000  low=255 high=0  attempts=3  state=ON  metric=rpr
2026-10-08T00:03:37Z  OBSERVE  frontend->checkoutservice  rpr=0.0000  low=211 high=0  attempts=3  state=ON  metric=rpr
2026-10-08T00:03:37Z  OBSERVE  frontend->currencyservice  rpr=0.0000  low=255 high=0  attempts=3  state=ON  metric=rpr
2026-10-08T00:03:37Z  OBSERVE  frontend->productcatalogservice  rpr=0.0000  low=255 high=0  attempts=3  state=ON  metric=rpr
2026-10-08T00:03:37Z  OBSERVE  frontend->shippingservice  rpr=0.0000  low=255 high=0  attempts=3  state=ON  metric=rpr
2026-10-08T00:03:37Z  OBSERVE  checkoutservice->cartservice  rpr=0.0000  low=254 high=0  attempts=3  state=ON  metric=rpr
2026-10-08T00:03:37Z  OBSERVE  checkoutservice->currencyservice  rpr=0.0000  low=254 high=0  attempts=3  state=ON  metric=rpr
2026-10-08T00:03:37Z  OBSERVE  checkoutservice->emailservice  rpr=0.0000  low=253 high=0  attempts=3  state=ON  metric=rpr
2026-10-08T00:03:37Z  OBSERVE  checkoutservice->paymentservice  rpr=0.0000  low=254 high=0  attempts=3  state=ON  metric=rpr
2026-10-08T00:03:37Z  OBSERVE  checkoutservice->shippingservice  rpr=0.0000  low=254 high=0  attempts=3  state=ON  metric=rpr
2026-10-08T00:03:37Z  OBSERVE  recommendationservice->productcatalogservice  rpr=0.0000  low=255 high=0  attempts=3  state=ON  metric=rpr
2026-10-08T00:03:37Z  OBSERVE  recommendationservice  rejection=0.3725  low=0 high=182  state=OFF  metric=rejection
2026-10-08T00:03:39Z  OBSERVE  frontend->adservice  rpr=0.0000  low=255 high=0  attempts=3  state=ON  metric=rpr
2026-10-08T00:03:39Z  OBSERVE  frontend->cartservice  rpr=0.0000  low=256 high=0  attempts=3  state=ON  metric=rpr
2026-10-08T00:03:39Z  OBSERVE  frontend->checkoutservice  rpr=0.0000  low=212 high=0  attempts=3  state=ON  metric=rpr
2026-10-08T00:03:39Z  OBSERVE  frontend->currencyservice  rpr=0.0000  low=256 high=0  attempts=3  state=ON  metric=rpr
2026-10-08T00:03:39Z  OBSERVE  frontend->productcatalogservice  rpr=0.0000  low=256 high=0  attempts=3  state=ON  metric=rpr
2026-10-08T00:03:39Z  OBSERVE  frontend->shippingservice  rpr=0.0000  low=256 high=0  attempts=3  state=ON  metric=rpr
2026-10-08T00:03:39Z  OBSERVE  checkoutservice->cartservice  rpr=0.0000  low=255 high=0  attempts=3  state=ON  metric=rpr
2026-10-08T00:03:39Z  OBSERVE  checkoutservice->currencyservice  rpr=0.0000  low=255 high=0  attempts=3  state=ON  metric=rpr
2026-10-08T00:03:39Z  OBSERVE  checkoutservice->emailservice  rpr=0.0000  low=254 high=0  attempts=3  state=ON  metric=rpr
2026-10-08T00:03:39Z  OBSERVE  checkoutservice->paymentservice  rpr=0.0000  low=255 high=0  attempts=3  state=ON  metric=rpr
2026-10-08T00:03:39Z  OBSERVE  checkoutservice->shippingservice  rpr=0.0000  low=255 high=0  attempts=3  state=ON  metric=rpr
2026-10-08T00:03:39Z  OBSERVE  recommendationservice->productcatalogservice  rpr=0.0000  low=256 high=0  attempts=3  state=ON  metric=rpr
2026-10-08T00:03:39Z  OBSERVE  recommendationservice  rejection=0.3612  low=0 high=183  state=OFF  metric=rejection
2026-10-08T00:03:41Z  OBSERVE  frontend->adservice  rpr=0.0000  low=256 high=0  attempts=3  state=ON  metric=rpr
2026-10-08T00:03:41Z  OBSERVE  frontend->cartservice  rpr=0.0000  low=257 high=0  attempts=3  state=ON  metric=rpr
2026-10-08T00:03:41Z  OBSERVE  frontend->checkoutservice  rpr=0.0000  low=213 high=0  attempts=3  state=ON  metric=rpr
2026-10-08T00:03:41Z  OBSERVE  frontend->currencyservice  rpr=0.0000  low=257 high=0  attempts=3  state=ON  metric=rpr
2026-10-08T00:03:41Z  OBSERVE  frontend->productcatalogservice  rpr=0.0000  low=257 high=0  attempts=3  state=ON  metric=rpr
2026-10-08T00:03:41Z  OBSERVE  frontend->shippingservice  rpr=0.0000  low=257 high=0  attempts=3  state=ON  metric=rpr
2026-10-08T00:03:41Z  OBSERVE  checkoutservice->cartservice  rpr=0.0000  low=256 high=0  attempts=3  state=ON  metric=rpr
2026-10-08T00:03:41Z  OBSERVE  checkoutservice->currencyservice  rpr=0.0000  low=256 high=0  attempts=3  state=ON  metric=rpr
2026-10-08T00:03:41Z  OBSERVE  checkoutservice->emailservice  rpr=0.0000  low=255 high=0  attempts=3  state=ON  metric=rpr
2026-10-08T00:03:41Z  OBSERVE  checkoutservice->paymentservice  rpr=0.0000  low=256 high=0  attempts=3  state=ON  metric=rpr
2026-10-08T00:03:41Z  OBSERVE  checkoutservice->shippingservice  rpr=0.0000  low=256 high=0  attempts=3  state=ON  metric=rpr
2026-10-08T00:03:41Z  OBSERVE  recommendationservice->productcatalogservice  rpr=0.0000  low=257 high=0  attempts=3  state=ON  metric=rpr
2026-10-08T00:03:41Z  OBSERVE  recommendationservice  rejection=0.4060  low=0 high=184  state=OFF  metric=rejection
2026-10-08T00:03:43Z  OBSERVE  frontend->adservice  rpr=0.0000  low=257 high=0  attempts=3  state=ON  metric=rpr
2026-10-08T00:03:43Z  OBSERVE  frontend->cartservice  rpr=0.0000  low=258 high=0  attempts=3  state=ON  metric=rpr
2026-10-08T00:03:43Z  OBSERVE  frontend->checkoutservice  rpr=0.0000  low=214 high=0  attempts=3  state=ON  metric=rpr
2026-10-08T00:03:43Z  OBSERVE  frontend->currencyservice  rpr=0.0000  low=258 high=0  attempts=3  state=ON  metric=rpr
2026-10-08T00:03:43Z  OBSERVE  frontend->productcatalogservice  rpr=0.0000  low=258 high=0  attempts=3  state=ON  metric=rpr
2026-10-08T00:03:43Z  OBSERVE  frontend->shippingservice  rpr=0.0000  low=258 high=0  attempts=3  state=ON  metric=rpr
2026-10-08T00:03:43Z  OBSERVE  checkoutservice->cartservice  rpr=0.0000  low=257 high=0  attempts=3  state=ON  metric=rpr
2026-10-08T00:03:43Z  OBSERVE  checkoutservice->currencyservice  rpr=0.0000  low=257 high=0  attempts=3  state=ON  metric=rpr
2026-10-08T00:03:43Z  OBSERVE  checkoutservice->emailservice  rpr=0.0000  low=256 high=0  attempts=3  state=ON  metric=rpr
2026-10-08T00:03:43Z  OBSERVE  checkoutservice->paymentservice  rpr=0.0000  low=257 high=0  attempts=3  state=ON  metric=rpr
2026-10-08T00:03:43Z  OBSERVE  checkoutservice->shippingservice  rpr=0.0000  low=257 high=0  attempts=3  state=ON  metric=rpr
2026-10-08T00:03:43Z  OBSERVE  recommendationservice->productcatalogservice  rpr=0.0000  low=258 high=0  attempts=3  state=ON  metric=rpr
2026-10-08T00:03:43Z  OBSERVE  recommendationservice  rejection=0.4068  low=0 high=185  state=OFF  metric=rejection
2026-10-08T00:03:45Z  OBSERVE  frontend->adservice  rpr=0.0000  low=258 high=0  attempts=3  state=ON  metric=rpr
2026-10-08T00:03:45Z  OBSERVE  frontend->cartservice  rpr=0.0000  low=259 high=0  attempts=3  state=ON  metric=rpr
2026-10-08T00:03:45Z  OBSERVE  frontend->checkoutservice  rpr=0.0000  low=215 high=0  attempts=3  state=ON  metric=rpr
2026-10-08T00:03:45Z  OBSERVE  frontend->currencyservice  rpr=0.0000  low=259 high=0  attempts=3  state=ON  metric=rpr
2026-10-08T00:03:45Z  OBSERVE  frontend->productcatalogservice  rpr=0.0000  low=259 high=0  attempts=3  state=ON  metric=rpr
2026-10-08T00:03:45Z  OBSERVE  frontend->shippingservice  rpr=0.0000  low=259 high=0  attempts=3  state=ON  metric=rpr
2026-10-08T00:03:45Z  OBSERVE  checkoutservice->cartservice  rpr=0.0000  low=258 high=0  attempts=3  state=ON  metric=rpr
2026-10-08T00:03:45Z  OBSERVE  checkoutservice->currencyservice  rpr=0.0000  low=258 high=0  attempts=3  state=ON  metric=rpr
2026-10-08T00:03:45Z  OBSERVE  checkoutservice->emailservice  rpr=0.0000  low=257 high=0  attempts=3  state=ON  metric=rpr
2026-10-08T00:03:45Z  OBSERVE  checkoutservice->paymentservice  rpr=0.0000  low=258 high=0  attempts=3  state=ON  metric=rpr
2026-10-08T00:03:45Z  OBSERVE  checkoutservice->shippingservice  rpr=0.0000  low=258 high=0  attempts=3  state=ON  metric=rpr
2026-10-08T00:03:45Z  OBSERVE  recommendationservice->productcatalogservice  rpr=0.0000  low=259 high=0  attempts=3  state=ON  metric=rpr
2026-10-08T00:03:45Z  OBSERVE  recommendationservice  rejection=0.4036  low=0 high=186  state=OFF  metric=rejection
2026-10-08T00:03:47Z  OBSERVE  frontend->adservice  rpr=0.0000  low=259 high=0  attempts=3  state=ON  metric=rpr
2026-10-08T00:03:47Z  OBSERVE  frontend->cartservice  rpr=0.0000  low=260 high=0  attempts=3  state=ON  metric=rpr
2026-10-08T00:03:47Z  OBSERVE  frontend->checkoutservice  rpr=0.0000  low=216 high=0  attempts=3  state=ON  metric=rpr
2026-10-08T00:03:47Z  OBSERVE  frontend->currencyservice  rpr=0.0000  low=260 high=0  attempts=3  state=ON  metric=rpr
2026-10-08T00:03:47Z  OBSERVE  frontend->productcatalogservice  rpr=0.0000  low=260 high=0  attempts=3  state=ON  metric=rpr
2026-10-08T00:03:47Z  OBSERVE  frontend->shippingservice  rpr=0.0000  low=260 high=0  attempts=3  state=ON  metric=rpr
2026-10-08T00:03:47Z  OBSERVE  checkoutservice->cartservice  rpr=0.0000  low=259 high=0  attempts=3  state=ON  metric=rpr
2026-10-08T00:03:47Z  OBSERVE  checkoutservice->currencyservice  rpr=0.0000  low=259 high=0  attempts=3  state=ON  metric=rpr
2026-10-08T00:03:47Z  OBSERVE  checkoutservice->emailservice  rpr=0.0000  low=258 high=0  attempts=3  state=ON  metric=rpr
2026-10-08T00:03:47Z  OBSERVE  checkoutservice->paymentservice  rpr=0.0000  low=259 high=0  attempts=3  state=ON  metric=rpr
2026-10-08T00:03:47Z  OBSERVE  checkoutservice->shippingservice  rpr=0.0000  low=259 high=0  attempts=3  state=ON  metric=rpr
2026-10-08T00:03:47Z  OBSERVE  recommendationservice->productcatalogservice  rpr=0.0000  low=260 high=0  attempts=3  state=ON  metric=rpr
2026-10-08T00:03:47Z  OBSERVE  recommendationservice  rejection=0.3396  low=0 high=187  state=OFF  metric=rejection
2026-10-08T00:03:48Z  OBSERVE  frontend->adservice  rpr=0.0000  low=260 high=0  attempts=3  state=ON  metric=rpr
2026-10-08T00:03:48Z  OBSERVE  frontend->cartservice  rpr=0.0000  low=261 high=0  attempts=3  state=ON  metric=rpr
2026-10-08T00:03:48Z  OBSERVE  frontend->checkoutservice  rpr=0.0000  low=217 high=0  attempts=3  state=ON  metric=rpr
2026-10-08T00:03:48Z  OBSERVE  frontend->currencyservice  rpr=0.0000  low=261 high=0  attempts=3  state=ON  metric=rpr
2026-10-08T00:03:48Z  OBSERVE  frontend->productcatalogservice  rpr=0.0000  low=261 high=0  attempts=3  state=ON  metric=rpr
2026-10-08T00:03:48Z  OBSERVE  frontend->shippingservice  rpr=0.0000  low=261 high=0  attempts=3  state=ON  metric=rpr
2026-10-08T00:03:48Z  OBSERVE  checkoutservice->cartservice  rpr=0.0000  low=260 high=0  attempts=3  state=ON  metric=rpr
2026-10-08T00:03:48Z  OBSERVE  checkoutservice->currencyservice  rpr=0.0000  low=260 high=0  attempts=3  state=ON  metric=rpr
2026-10-08T00:03:48Z  OBSERVE  checkoutservice->emailservice  rpr=0.0000  low=259 high=0  attempts=3  state=ON  metric=rpr
2026-10-08T00:03:48Z  OBSERVE  checkoutservice->paymentservice  rpr=0.0000  low=260 high=0  attempts=3  state=ON  metric=rpr
2026-10-08T00:03:48Z  OBSERVE  checkoutservice->shippingservice  rpr=0.0000  low=260 high=0  attempts=3  state=ON  metric=rpr
2026-10-08T00:03:48Z  OBSERVE  recommendationservice->productcatalogservice  rpr=0.0000  low=261 high=0  attempts=3  state=ON  metric=rpr
2026-10-08T00:03:48Z  OBSERVE  recommendationservice  rejection=0.3377  low=0 high=188  state=OFF  metric=rejection
2026-10-08T00:03:50Z  OBSERVE  frontend->adservice  rpr=0.0000  low=261 high=0  attempts=3  state=ON  metric=rpr
2026-10-08T00:03:50Z  OBSERVE  frontend->cartservice  rpr=0.0000  low=262 high=0  attempts=3  state=ON  metric=rpr
2026-10-08T00:03:50Z  OBSERVE  frontend->checkoutservice  rpr=0.0000  low=218 high=0  attempts=3  state=ON  metric=rpr
2026-10-08T00:03:50Z  OBSERVE  frontend->currencyservice  rpr=0.0000  low=262 high=0  attempts=3  state=ON  metric=rpr
2026-10-08T00:03:50Z  OBSERVE  frontend->productcatalogservice  rpr=0.0000  low=262 high=0  attempts=3  state=ON  metric=rpr
2026-10-08T00:03:50Z  OBSERVE  frontend->shippingservice  rpr=0.0000  low=262 high=0  attempts=3  state=ON  metric=rpr
2026-10-08T00:03:50Z  OBSERVE  checkoutservice->cartservice  rpr=0.0000  low=261 high=0  attempts=3  state=ON  metric=rpr
2026-10-08T00:03:50Z  OBSERVE  checkoutservice->currencyservice  rpr=0.0000  low=261 high=0  attempts=3  state=ON  metric=rpr
2026-10-08T00:03:50Z  OBSERVE  checkoutservice->emailservice  rpr=0.0000  low=260 high=0  attempts=3  state=ON  metric=rpr
2026-10-08T00:03:50Z  OBSERVE  checkoutservice->paymentservice  rpr=0.0000  low=261 high=0  attempts=3  state=ON  metric=rpr
2026-10-08T00:03:50Z  OBSERVE  checkoutservice->shippingservice  rpr=0.0000  low=261 high=0  attempts=3  state=ON  metric=rpr
2026-10-08T00:03:50Z  OBSERVE  recommendationservice->productcatalogservice  rpr=0.0000  low=262 high=0  attempts=3  state=ON  metric=rpr
2026-10-08T00:03:50Z  OBSERVE  recommendationservice  rejection=0.3635  low=0 high=189  state=OFF  metric=rejection
2026-10-08T00:03:52Z  OBSERVE  frontend->adservice  rpr=0.0000  low=262 high=0  attempts=3  state=ON  metric=rpr
2026-10-08T00:03:52Z  OBSERVE  frontend->cartservice  rpr=0.0000  low=263 high=0  attempts=3  state=ON  metric=rpr
2026-10-08T00:03:52Z  OBSERVE  frontend->checkoutservice  rpr=0.0000  low=219 high=0  attempts=3  state=ON  metric=rpr
2026-10-08T00:03:52Z  OBSERVE  frontend->currencyservice  rpr=0.0000  low=263 high=0  attempts=3  state=ON  metric=rpr
2026-10-08T00:03:52Z  OBSERVE  frontend->productcatalogservice  rpr=0.0000  low=263 high=0  attempts=3  state=ON  metric=rpr
2026-10-08T00:03:52Z  OBSERVE  frontend->shippingservice  rpr=0.0000  low=263 high=0  attempts=3  state=ON  metric=rpr
2026-10-08T00:03:52Z  OBSERVE  checkoutservice->cartservice  rpr=0.0000  low=262 high=0  attempts=3  state=ON  metric=rpr
2026-10-08T00:03:52Z  OBSERVE  checkoutservice->currencyservice  rpr=0.0000  low=262 high=0  attempts=3  state=ON  metric=rpr
2026-10-08T00:03:52Z  OBSERVE  checkoutservice->emailservice  rpr=0.0000  low=261 high=0  attempts=3  state=ON  metric=rpr
2026-10-08T00:03:52Z  OBSERVE  checkoutservice->paymentservice  rpr=0.0000  low=262 high=0  attempts=3  state=ON  metric=rpr
2026-10-08T00:03:52Z  OBSERVE  checkoutservice->shippingservice  rpr=0.0000  low=262 high=0  attempts=3  state=ON  metric=rpr
2026-10-08T00:03:52Z  OBSERVE  recommendationservice->productcatalogservice  rpr=0.0000  low=263 high=0  attempts=3  state=ON  metric=rpr
2026-10-08T00:03:52Z  OBSERVE  recommendationservice  rejection=0.4093  low=0 high=190  state=OFF  metric=rejection
2026-10-08T00:03:54Z  OBSERVE  frontend->adservice  rpr=0.0000  low=263 high=0  attempts=3  state=ON  metric=rpr
2026-10-08T00:03:54Z  OBSERVE  frontend->cartservice  rpr=0.0000  low=264 high=0  attempts=3  state=ON  metric=rpr
2026-10-08T00:03:54Z  OBSERVE  frontend->checkoutservice  rpr=0.0000  low=220 high=0  attempts=3  state=ON  metric=rpr
2026-10-08T00:03:54Z  OBSERVE  frontend->currencyservice  rpr=0.0000  low=264 high=0  attempts=3  state=ON  metric=rpr
2026-10-08T00:03:54Z  OBSERVE  frontend->productcatalogservice  rpr=0.0000  low=264 high=0  attempts=3  state=ON  metric=rpr
2026-10-08T00:03:54Z  OBSERVE  frontend->shippingservice  rpr=0.0000  low=264 high=0  attempts=3  state=ON  metric=rpr
2026-10-08T00:03:54Z  OBSERVE  checkoutservice->cartservice  rpr=0.0000  low=263 high=0  attempts=3  state=ON  metric=rpr
2026-10-08T00:03:54Z  OBSERVE  checkoutservice->currencyservice  rpr=0.0000  low=263 high=0  attempts=3  state=ON  metric=rpr
2026-10-08T00:03:54Z  OBSERVE  checkoutservice->emailservice  rpr=0.0000  low=262 high=0  attempts=3  state=ON  metric=rpr
2026-10-08T00:03:54Z  OBSERVE  checkoutservice->paymentservice  rpr=0.0000  low=263 high=0  attempts=3  state=ON  metric=rpr
2026-10-08T00:03:54Z  OBSERVE  checkoutservice->shippingservice  rpr=0.0000  low=263 high=0  attempts=3  state=ON  metric=rpr
2026-10-08T00:03:54Z  OBSERVE  recommendationservice->productcatalogservice  rpr=0.0000  low=264 high=0  attempts=3  state=ON  metric=rpr
2026-10-08T00:03:54Z  OBSERVE  recommendationservice  rejection=0.2468  low=0 high=191  state=OFF  metric=rejection
2026-10-08T00:03:57Z  OBSERVE  frontend->adservice  rpr=0.0000  low=264 high=0  attempts=3  state=ON  metric=rpr
2026-10-08T00:03:57Z  OBSERVE  frontend->cartservice  rpr=0.0000  low=265 high=0  attempts=3  state=ON  metric=rpr
2026-10-08T00:03:57Z  OBSERVE  frontend->checkoutservice  rpr=0.0000  low=221 high=0  attempts=3  state=ON  metric=rpr
2026-10-08T00:03:57Z  OBSERVE  frontend->currencyservice  rpr=0.0000  low=265 high=0  attempts=3  state=ON  metric=rpr
2026-10-08T00:03:57Z  OBSERVE  frontend->productcatalogservice  rpr=0.0000  low=265 high=0  attempts=3  state=ON  metric=rpr
2026-10-08T00:03:57Z  OBSERVE  frontend->shippingservice  rpr=0.0000  low=265 high=0  attempts=3  state=ON  metric=rpr
2026-10-08T00:03:57Z  OBSERVE  checkoutservice->cartservice  rpr=0.0000  low=264 high=0  attempts=3  state=ON  metric=rpr
2026-10-08T00:03:57Z  OBSERVE  checkoutservice->currencyservice  rpr=0.0000  low=264 high=0  attempts=3  state=ON  metric=rpr
2026-10-08T00:03:57Z  OBSERVE  checkoutservice->emailservice  rpr=0.0000  low=263 high=0  attempts=3  state=ON  metric=rpr
2026-10-08T00:03:57Z  OBSERVE  checkoutservice->paymentservice  rpr=0.0000  low=264 high=0  attempts=3  state=ON  metric=rpr
2026-10-08T00:03:57Z  OBSERVE  checkoutservice->shippingservice  rpr=0.0000  low=264 high=0  attempts=3  state=ON  metric=rpr
2026-10-08T00:03:57Z  OBSERVE  recommendationservice->productcatalogservice  rpr=0.0000  low=265 high=0  attempts=3  state=ON  metric=rpr
2026-10-08T00:03:57Z  OBSERVE  recommendationservice  rejection=0.2956  low=0 high=192  state=OFF  metric=rejection
2026-10-08T00:03:58Z  OBSERVE  frontend->adservice  rpr=0.0000  low=265 high=0  attempts=3  state=ON  metric=rpr
2026-10-08T00:03:58Z  OBSERVE  frontend->cartservice  rpr=0.0000  low=266 high=0  attempts=3  state=ON  metric=rpr
2026-10-08T00:03:58Z  OBSERVE  frontend->checkoutservice  rpr=0.0000  low=222 high=0  attempts=3  state=ON  metric=rpr
2026-10-08T00:03:58Z  OBSERVE  frontend->currencyservice  rpr=0.0000  low=266 high=0  attempts=3  state=ON  metric=rpr
2026-10-08T00:03:58Z  OBSERVE  frontend->productcatalogservice  rpr=0.0000  low=266 high=0  attempts=3  state=ON  metric=rpr
2026-10-08T00:03:58Z  OBSERVE  frontend->shippingservice  rpr=0.0000  low=266 high=0  attempts=3  state=ON  metric=rpr
2026-10-08T00:03:58Z  OBSERVE  checkoutservice->cartservice  rpr=0.0000  low=265 high=0  attempts=3  state=ON  metric=rpr
2026-10-08T00:03:58Z  OBSERVE  checkoutservice->currencyservice  rpr=0.0000  low=265 high=0  attempts=3  state=ON  metric=rpr
2026-10-08T00:03:58Z  OBSERVE  checkoutservice->emailservice  rpr=0.0000  low=264 high=0  attempts=3  state=ON  metric=rpr
2026-10-08T00:03:58Z  OBSERVE  checkoutservice->paymentservice  rpr=0.0000  low=265 high=0  attempts=3  state=ON  metric=rpr
2026-10-08T00:03:58Z  OBSERVE  checkoutservice->shippingservice  rpr=0.0000  low=265 high=0  attempts=3  state=ON  metric=rpr
2026-10-08T00:03:58Z  OBSERVE  recommendationservice->productcatalogservice  rpr=0.0000  low=266 high=0  attempts=3  state=ON  metric=rpr
2026-10-08T00:03:58Z  OBSERVE  recommendationservice  rejection=0.3029  low=0 high=193  state=OFF  metric=rejection
2026-10-08T00:04:00Z  OBSERVE  frontend->adservice  rpr=0.0000  low=266 high=0  attempts=3  state=ON  metric=rpr
2026-10-08T00:04:00Z  OBSERVE  frontend->cartservice  rpr=0.0000  low=267 high=0  attempts=3  state=ON  metric=rpr
2026-10-08T00:04:00Z  OBSERVE  frontend->checkoutservice  rpr=0.0000  low=223 high=0  attempts=3  state=ON  metric=rpr
2026-10-08T00:04:00Z  OBSERVE  frontend->currencyservice  rpr=0.0000  low=267 high=0  attempts=3  state=ON  metric=rpr
2026-10-08T00:04:00Z  OBSERVE  frontend->productcatalogservice  rpr=0.0000  low=267 high=0  attempts=3  state=ON  metric=rpr
2026-10-08T00:04:00Z  OBSERVE  frontend->shippingservice  rpr=0.0000  low=267 high=0  attempts=3  state=ON  metric=rpr
2026-10-08T00:04:00Z  OBSERVE  checkoutservice->cartservice  rpr=0.0000  low=266 high=0  attempts=3  state=ON  metric=rpr
2026-10-08T00:04:00Z  OBSERVE  checkoutservice->currencyservice  rpr=0.0000  low=266 high=0  attempts=3  state=ON  metric=rpr
2026-10-08T00:04:00Z  OBSERVE  checkoutservice->emailservice  rpr=0.0000  low=265 high=0  attempts=3  state=ON  metric=rpr
2026-10-08T00:04:00Z  OBSERVE  checkoutservice->paymentservice  rpr=0.0000  low=266 high=0  attempts=3  state=ON  metric=rpr
2026-10-08T00:04:00Z  OBSERVE  checkoutservice->shippingservice  rpr=0.0000  low=266 high=0  attempts=3  state=ON  metric=rpr
2026-10-08T00:04:00Z  OBSERVE  recommendationservice->productcatalogservice  rpr=0.0000  low=267 high=0  attempts=3  state=ON  metric=rpr
2026-10-08T00:04:00Z  OBSERVE  recommendationservice  rejection=0.3236  low=0 high=194  state=OFF  metric=rejection
2026-10-08T00:04:02Z  OBSERVE  frontend->adservice  rpr=0.0000  low=267 high=0  attempts=3  state=ON  metric=rpr
2026-10-08T00:04:02Z  OBSERVE  frontend->cartservice  rpr=0.0000  low=268 high=0  attempts=3  state=ON  metric=rpr
2026-10-08T00:04:02Z  OBSERVE  frontend->checkoutservice  rpr=0.0000  low=224 high=0  attempts=3  state=ON  metric=rpr
2026-10-08T00:04:02Z  OBSERVE  frontend->currencyservice  rpr=0.0000  low=268 high=0  attempts=3  state=ON  metric=rpr
2026-10-08T00:04:02Z  OBSERVE  frontend->productcatalogservice  rpr=0.0000  low=268 high=0  attempts=3  state=ON  metric=rpr
2026-10-08T00:04:02Z  OBSERVE  frontend->shippingservice  rpr=0.0000  low=268 high=0  attempts=3  state=ON  metric=rpr
2026-10-08T00:04:02Z  OBSERVE  checkoutservice->cartservice  rpr=0.0000  low=267 high=0  attempts=3  state=ON  metric=rpr
2026-10-08T00:04:02Z  OBSERVE  checkoutservice->currencyservice  rpr=0.0000  low=267 high=0  attempts=3  state=ON  metric=rpr
2026-10-08T00:04:02Z  OBSERVE  checkoutservice->emailservice  rpr=0.0000  low=266 high=0  attempts=3  state=ON  metric=rpr
2026-10-08T00:04:02Z  OBSERVE  checkoutservice->paymentservice  rpr=0.0000  low=267 high=0  attempts=3  state=ON  metric=rpr
2026-10-08T00:04:02Z  OBSERVE  checkoutservice->shippingservice  rpr=0.0000  low=267 high=0  attempts=3  state=ON  metric=rpr
2026-10-08T00:04:03Z  OBSERVE  recommendationservice->productcatalogservice  rpr=0.0000  low=268 high=0  attempts=3  state=ON  metric=rpr
2026-10-08T00:04:03Z  OBSERVE  recommendationservice  rejection=0.4101  low=0 high=195  state=OFF  metric=rejection
2026-10-08T00:04:04Z  OBSERVE  frontend->adservice  rpr=0.0000  low=268 high=0  attempts=3  state=ON  metric=rpr
2026-10-08T00:04:04Z  OBSERVE  frontend->cartservice  rpr=0.0000  low=269 high=0  attempts=3  state=ON  metric=rpr
2026-10-08T00:04:04Z  OBSERVE  frontend->checkoutservice  rpr=0.0000  low=225 high=0  attempts=3  state=ON  metric=rpr
2026-10-08T00:04:04Z  OBSERVE  frontend->currencyservice  rpr=0.0000  low=269 high=0  attempts=3  state=ON  metric=rpr
2026-10-08T00:04:04Z  OBSERVE  frontend->productcatalogservice  rpr=0.0000  low=269 high=0  attempts=3  state=ON  metric=rpr
2026-10-08T00:04:04Z  OBSERVE  frontend->shippingservice  rpr=0.0000  low=269 high=0  attempts=3  state=ON  metric=rpr
2026-10-08T00:04:04Z  OBSERVE  checkoutservice->cartservice  rpr=0.0000  low=268 high=0  attempts=3  state=ON  metric=rpr
2026-10-08T00:04:04Z  OBSERVE  checkoutservice->currencyservice  rpr=0.0000  low=268 high=0  attempts=3  state=ON  metric=rpr
2026-10-08T00:04:04Z  OBSERVE  checkoutservice->emailservice  rpr=0.0000  low=267 high=0  attempts=3  state=ON  metric=rpr
2026-10-08T00:04:04Z  OBSERVE  checkoutservice->paymentservice  rpr=0.0000  low=268 high=0  attempts=3  state=ON  metric=rpr
2026-10-08T00:04:04Z  OBSERVE  checkoutservice->shippingservice  rpr=0.0000  low=268 high=0  attempts=3  state=ON  metric=rpr
2026-10-08T00:04:04Z  OBSERVE  recommendationservice->productcatalogservice  rpr=0.0000  low=269 high=0  attempts=3  state=ON  metric=rpr
2026-10-08T00:04:04Z  OBSERVE  recommendationservice  rejection=0.2985  low=0 high=196  state=OFF  metric=rejection
2026-10-08T00:04:07Z  OBSERVE  frontend->adservice  rpr=0.0000  low=269 high=0  attempts=3  state=ON  metric=rpr
2026-10-08T00:04:07Z  OBSERVE  frontend->cartservice  rpr=0.0000  low=270 high=0  attempts=3  state=ON  metric=rpr
2026-10-08T00:04:07Z  OBSERVE  frontend->checkoutservice  rpr=0.0000  low=226 high=0  attempts=3  state=ON  metric=rpr
2026-10-08T00:04:07Z  OBSERVE  frontend->currencyservice  rpr=0.0000  low=270 high=0  attempts=3  state=ON  metric=rpr
2026-10-08T00:04:07Z  OBSERVE  frontend->productcatalogservice  rpr=0.0000  low=270 high=0  attempts=3  state=ON  metric=rpr
2026-10-08T00:04:07Z  OBSERVE  frontend->shippingservice  rpr=0.0000  low=270 high=0  attempts=3  state=ON  metric=rpr
2026-10-08T00:04:07Z  OBSERVE  checkoutservice->cartservice  rpr=0.0000  low=269 high=0  attempts=3  state=ON  metric=rpr
2026-10-08T00:04:07Z  OBSERVE  checkoutservice->currencyservice  rpr=0.0000  low=269 high=0  attempts=3  state=ON  metric=rpr
2026-10-08T00:04:07Z  OBSERVE  checkoutservice->emailservice  rpr=0.0000  low=268 high=0  attempts=3  state=ON  metric=rpr
2026-10-08T00:04:07Z  OBSERVE  checkoutservice->paymentservice  rpr=0.0000  low=269 high=0  attempts=3  state=ON  metric=rpr
2026-10-08T00:04:07Z  OBSERVE  checkoutservice->shippingservice  rpr=0.0000  low=269 high=0  attempts=3  state=ON  metric=rpr
2026-10-08T00:04:07Z  OBSERVE  recommendationservice->productcatalogservice  rpr=0.0000  low=270 high=0  attempts=3  state=ON  metric=rpr
2026-10-08T00:04:07Z  OBSERVE  recommendationservice  rejection=0.2854  low=0 high=197  state=OFF  metric=rejection
2026-10-08T00:04:08Z  OBSERVE  frontend->adservice  rpr=0.0000  low=270 high=0  attempts=3  state=ON  metric=rpr
2026-10-08T00:04:08Z  OBSERVE  frontend->cartservice  rpr=0.0000  low=271 high=0  attempts=3  state=ON  metric=rpr
2026-10-08T00:04:08Z  OBSERVE  frontend->checkoutservice  rpr=0.0000  low=227 high=0  attempts=3  state=ON  metric=rpr
2026-10-08T00:04:08Z  OBSERVE  frontend->currencyservice  rpr=0.0000  low=271 high=0  attempts=3  state=ON  metric=rpr
2026-10-08T00:04:08Z  OBSERVE  frontend->productcatalogservice  rpr=0.0000  low=271 high=0  attempts=3  state=ON  metric=rpr
2026-10-08T00:04:08Z  OBSERVE  frontend->shippingservice  rpr=0.0000  low=271 high=0  attempts=3  state=ON  metric=rpr
2026-10-08T00:04:08Z  OBSERVE  checkoutservice->cartservice  rpr=0.0000  low=270 high=0  attempts=3  state=ON  metric=rpr
2026-10-08T00:04:08Z  OBSERVE  checkoutservice->currencyservice  rpr=0.0000  low=270 high=0  attempts=3  state=ON  metric=rpr
2026-10-08T00:04:08Z  OBSERVE  checkoutservice->emailservice  rpr=0.0000  low=269 high=0  attempts=3  state=ON  metric=rpr
2026-10-08T00:04:08Z  OBSERVE  checkoutservice->paymentservice  rpr=0.0000  low=270 high=0  attempts=3  state=ON  metric=rpr
2026-10-08T00:04:08Z  OBSERVE  checkoutservice->shippingservice  rpr=0.0000  low=270 high=0  attempts=3  state=ON  metric=rpr
2026-10-08T00:04:08Z  OBSERVE  recommendationservice->productcatalogservice  rpr=0.0000  low=271 high=0  attempts=3  state=ON  metric=rpr
2026-10-08T00:04:08Z  OBSERVE  recommendationservice  rejection=0.3684  low=0 high=198  state=OFF  metric=rejection
2026-10-08T00:04:11Z  OBSERVE  frontend->adservice  rpr=0.0000  low=271 high=0  attempts=3  state=ON  metric=rpr
2026-10-08T00:04:11Z  OBSERVE  frontend->cartservice  rpr=0.0000  low=272 high=0  attempts=3  state=ON  metric=rpr
2026-10-08T00:04:11Z  OBSERVE  frontend->checkoutservice  rpr=0.0000  low=228 high=0  attempts=3  state=ON  metric=rpr
2026-10-08T00:04:11Z  OBSERVE  frontend->currencyservice  rpr=0.0000  low=272 high=0  attempts=3  state=ON  metric=rpr
2026-10-08T00:04:11Z  OBSERVE  frontend->productcatalogservice  rpr=0.0000  low=272 high=0  attempts=3  state=ON  metric=rpr
2026-10-08T00:04:11Z  OBSERVE  frontend->shippingservice  rpr=0.0000  low=272 high=0  attempts=3  state=ON  metric=rpr
2026-10-08T00:04:11Z  OBSERVE  checkoutservice->cartservice  rpr=0.0000  low=271 high=0  attempts=3  state=ON  metric=rpr
2026-10-08T00:04:11Z  OBSERVE  checkoutservice->currencyservice  rpr=0.0000  low=271 high=0  attempts=3  state=ON  metric=rpr
2026-10-08T00:04:11Z  OBSERVE  checkoutservice->emailservice  rpr=0.0000  low=270 high=0  attempts=3  state=ON  metric=rpr
2026-10-08T00:04:11Z  OBSERVE  checkoutservice->paymentservice  rpr=0.0000  low=271 high=0  attempts=3  state=ON  metric=rpr
2026-10-08T00:04:11Z  OBSERVE  checkoutservice->shippingservice  rpr=0.0000  low=271 high=0  attempts=3  state=ON  metric=rpr
2026-10-08T00:04:11Z  OBSERVE  recommendationservice->productcatalogservice  rpr=0.0000  low=272 high=0  attempts=3  state=ON  metric=rpr
2026-10-08T00:04:11Z  OBSERVE  recommendationservice  rejection=0.4635  low=0 high=199  state=OFF  metric=rejection
2026-10-08T00:04:12Z  OBSERVE  frontend->adservice  rpr=0.0000  low=272 high=0  attempts=3  state=ON  metric=rpr
2026-10-08T00:04:12Z  OBSERVE  frontend->cartservice  rpr=0.0000  low=273 high=0  attempts=3  state=ON  metric=rpr
2026-10-08T00:04:12Z  OBSERVE  frontend->checkoutservice  rpr=0.0000  low=229 high=0  attempts=3  state=ON  metric=rpr
2026-10-08T00:04:12Z  OBSERVE  frontend->currencyservice  rpr=0.0000  low=273 high=0  attempts=3  state=ON  metric=rpr
2026-10-08T00:04:12Z  OBSERVE  frontend->productcatalogservice  rpr=0.0000  low=273 high=0  attempts=3  state=ON  metric=rpr
2026-10-08T00:04:12Z  OBSERVE  frontend->shippingservice  rpr=0.0000  low=273 high=0  attempts=3  state=ON  metric=rpr
2026-10-08T00:04:12Z  OBSERVE  checkoutservice->cartservice  rpr=0.0000  low=272 high=0  attempts=3  state=ON  metric=rpr
2026-10-08T00:04:12Z  OBSERVE  checkoutservice->currencyservice  rpr=0.0000  low=272 high=0  attempts=3  state=ON  metric=rpr
2026-10-08T00:04:12Z  OBSERVE  checkoutservice->emailservice  rpr=0.0000  low=271 high=0  attempts=3  state=ON  metric=rpr
2026-10-08T00:04:12Z  OBSERVE  checkoutservice->paymentservice  rpr=0.0000  low=272 high=0  attempts=3  state=ON  metric=rpr
2026-10-08T00:04:12Z  OBSERVE  checkoutservice->shippingservice  rpr=0.0000  low=272 high=0  attempts=3  state=ON  metric=rpr
2026-10-08T00:04:12Z  OBSERVE  recommendationservice->productcatalogservice  rpr=0.0000  low=273 high=0  attempts=3  state=ON  metric=rpr
2026-10-08T00:04:12Z  OBSERVE  recommendationservice  rejection=0.3252  low=0 high=200  state=OFF  metric=rejection
2026-10-08T00:04:14Z  OBSERVE  frontend->adservice  rpr=0.0000  low=273 high=0  attempts=3  state=ON  metric=rpr
2026-10-08T00:04:14Z  OBSERVE  frontend->cartservice  rpr=0.0000  low=274 high=0  attempts=3  state=ON  metric=rpr
2026-10-08T00:04:14Z  OBSERVE  frontend->checkoutservice  rpr=0.0000  low=230 high=0  attempts=3  state=ON  metric=rpr
2026-10-08T00:04:14Z  OBSERVE  frontend->currencyservice  rpr=0.0000  low=274 high=0  attempts=3  state=ON  metric=rpr
2026-10-08T00:04:14Z  OBSERVE  frontend->productcatalogservice  rpr=0.0000  low=274 high=0  attempts=3  state=ON  metric=rpr
2026-10-08T00:04:14Z  OBSERVE  frontend->shippingservice  rpr=0.0000  low=274 high=0  attempts=3  state=ON  metric=rpr
2026-10-08T00:04:14Z  OBSERVE  checkoutservice->cartservice  rpr=0.0000  low=273 high=0  attempts=3  state=ON  metric=rpr
2026-10-08T00:04:14Z  OBSERVE  checkoutservice->currencyservice  rpr=0.0000  low=273 high=0  attempts=3  state=ON  metric=rpr
2026-10-08T00:04:14Z  OBSERVE  checkoutservice->emailservice  rpr=0.0000  low=272 high=0  attempts=3  state=ON  metric=rpr
2026-10-08T00:04:14Z  OBSERVE  checkoutservice->paymentservice  rpr=0.0000  low=273 high=0  attempts=3  state=ON  metric=rpr
2026-10-08T00:04:14Z  OBSERVE  checkoutservice->shippingservice  rpr=0.0000  low=273 high=0  attempts=3  state=ON  metric=rpr
2026-10-08T00:04:14Z  OBSERVE  recommendationservice->productcatalogservice  rpr=0.0000  low=274 high=0  attempts=3  state=ON  metric=rpr
2026-10-08T00:04:14Z  OBSERVE  recommendationservice  rejection=0.3623  low=0 high=201  state=OFF  metric=rejection
2026-10-08T00:04:17Z  OBSERVE  frontend->adservice  rpr=0.0000  low=274 high=0  attempts=3  state=ON  metric=rpr
2026-10-08T00:04:17Z  OBSERVE  frontend->cartservice  rpr=0.0000  low=275 high=0  attempts=3  state=ON  metric=rpr
2026-10-08T00:04:17Z  OBSERVE  frontend->checkoutservice  rpr=0.0000  low=231 high=0  attempts=3  state=ON  metric=rpr
2026-10-08T00:04:17Z  OBSERVE  frontend->currencyservice  rpr=0.0000  low=275 high=0  attempts=3  state=ON  metric=rpr
2026-10-08T00:04:17Z  OBSERVE  frontend->productcatalogservice  rpr=0.0000  low=275 high=0  attempts=3  state=ON  metric=rpr
2026-10-08T00:04:17Z  OBSERVE  frontend->shippingservice  rpr=0.0000  low=275 high=0  attempts=3  state=ON  metric=rpr
2026-10-08T00:04:17Z  OBSERVE  checkoutservice->cartservice  rpr=0.0000  low=274 high=0  attempts=3  state=ON  metric=rpr
2026-10-08T00:04:17Z  OBSERVE  checkoutservice->currencyservice  rpr=0.0000  low=274 high=0  attempts=3  state=ON  metric=rpr
2026-10-08T00:04:17Z  OBSERVE  checkoutservice->emailservice  rpr=0.0000  low=273 high=0  attempts=3  state=ON  metric=rpr
2026-10-08T00:04:17Z  OBSERVE  checkoutservice->paymentservice  rpr=0.0000  low=274 high=0  attempts=3  state=ON  metric=rpr
2026-10-08T00:04:17Z  OBSERVE  checkoutservice->shippingservice  rpr=0.0000  low=274 high=0  attempts=3  state=ON  metric=rpr
2026-10-08T00:04:17Z  OBSERVE  recommendationservice->productcatalogservice  rpr=0.0000  low=275 high=0  attempts=3  state=ON  metric=rpr
2026-10-08T00:04:17Z  OBSERVE  recommendationservice  rejection=0.2706  low=0 high=202  state=OFF  metric=rejection
2026-10-08T00:04:18Z  OBSERVE  frontend->adservice  rpr=0.0000  low=275 high=0  attempts=3  state=ON  metric=rpr
2026-10-08T00:04:18Z  OBSERVE  frontend->cartservice  rpr=0.0000  low=276 high=0  attempts=3  state=ON  metric=rpr
2026-10-08T00:04:18Z  OBSERVE  frontend->checkoutservice  rpr=0.0000  low=232 high=0  attempts=3  state=ON  metric=rpr
2026-10-08T00:04:18Z  OBSERVE  frontend->currencyservice  rpr=0.0000  low=276 high=0  attempts=3  state=ON  metric=rpr
2026-10-08T00:04:18Z  OBSERVE  frontend->productcatalogservice  rpr=0.0000  low=276 high=0  attempts=3  state=ON  metric=rpr
2026-10-08T00:04:18Z  OBSERVE  frontend->shippingservice  rpr=0.0000  low=276 high=0  attempts=3  state=ON  metric=rpr
2026-10-08T00:04:18Z  OBSERVE  checkoutservice->cartservice  rpr=0.0000  low=275 high=0  attempts=3  state=ON  metric=rpr
2026-10-08T00:04:18Z  OBSERVE  checkoutservice->currencyservice  rpr=0.0000  low=275 high=0  attempts=3  state=ON  metric=rpr
2026-10-08T00:04:18Z  OBSERVE  checkoutservice->emailservice  rpr=0.0000  low=274 high=0  attempts=3  state=ON  metric=rpr
2026-10-08T00:04:18Z  OBSERVE  checkoutservice->paymentservice  rpr=0.0000  low=275 high=0  attempts=3  state=ON  metric=rpr
2026-10-08T00:04:18Z  OBSERVE  checkoutservice->shippingservice  rpr=0.0000  low=275 high=0  attempts=3  state=ON  metric=rpr
2026-10-08T00:04:18Z  OBSERVE  recommendationservice->productcatalogservice  rpr=0.0000  low=276 high=0  attempts=3  state=ON  metric=rpr
2026-10-08T00:04:18Z  OBSERVE  recommendationservice  rejection=0.4334  low=0 high=203  state=OFF  metric=rejection
2026-10-08T00:04:20Z  OBSERVE  frontend->adservice  rpr=0.0000  low=276 high=0  attempts=3  state=ON  metric=rpr
2026-10-08T00:04:20Z  OBSERVE  frontend->cartservice  rpr=0.0000  low=277 high=0  attempts=3  state=ON  metric=rpr
2026-10-08T00:04:20Z  OBSERVE  frontend->checkoutservice  rpr=0.0000  low=233 high=0  attempts=3  state=ON  metric=rpr
2026-10-08T00:04:20Z  OBSERVE  frontend->currencyservice  rpr=0.0000  low=277 high=0  attempts=3  state=ON  metric=rpr
2026-10-08T00:04:20Z  OBSERVE  frontend->productcatalogservice  rpr=0.0000  low=277 high=0  attempts=3  state=ON  metric=rpr
2026-10-08T00:04:20Z  OBSERVE  frontend->shippingservice  rpr=0.0000  low=277 high=0  attempts=3  state=ON  metric=rpr
2026-10-08T00:04:20Z  OBSERVE  checkoutservice->cartservice  rpr=0.0000  low=276 high=0  attempts=3  state=ON  metric=rpr
2026-10-08T00:04:20Z  OBSERVE  checkoutservice->currencyservice  rpr=0.0000  low=276 high=0  attempts=3  state=ON  metric=rpr
2026-10-08T00:04:20Z  OBSERVE  checkoutservice->emailservice  rpr=0.0000  low=275 high=0  attempts=3  state=ON  metric=rpr
2026-10-08T00:04:20Z  OBSERVE  checkoutservice->paymentservice  rpr=0.0000  low=276 high=0  attempts=3  state=ON  metric=rpr
2026-10-08T00:04:20Z  OBSERVE  checkoutservice->shippingservice  rpr=0.0000  low=276 high=0  attempts=3  state=ON  metric=rpr
2026-10-08T00:04:20Z  OBSERVE  recommendationservice->productcatalogservice  rpr=0.0000  low=277 high=0  attempts=3  state=ON  metric=rpr
2026-10-08T00:04:20Z  OBSERVE  recommendationservice  rejection=0.4831  low=0 high=204  state=OFF  metric=rejection
2026-10-08T00:04:22Z  OBSERVE  frontend->adservice  rpr=0.0000  low=277 high=0  attempts=3  state=ON  metric=rpr
2026-10-08T00:04:22Z  OBSERVE  frontend->cartservice  rpr=0.0000  low=278 high=0  attempts=3  state=ON  metric=rpr
2026-10-08T00:04:22Z  OBSERVE  frontend->checkoutservice  rpr=0.0000  low=234 high=0  attempts=3  state=ON  metric=rpr
2026-10-08T00:04:22Z  OBSERVE  frontend->currencyservice  rpr=0.0000  low=278 high=0  attempts=3  state=ON  metric=rpr
2026-10-08T00:04:22Z  OBSERVE  frontend->productcatalogservice  rpr=0.0000  low=278 high=0  attempts=3  state=ON  metric=rpr
2026-10-08T00:04:22Z  OBSERVE  frontend->shippingservice  rpr=0.0000  low=278 high=0  attempts=3  state=ON  metric=rpr
2026-10-08T00:04:22Z  OBSERVE  checkoutservice->cartservice  rpr=0.0000  low=277 high=0  attempts=3  state=ON  metric=rpr
2026-10-08T00:04:22Z  OBSERVE  checkoutservice->currencyservice  rpr=0.0000  low=277 high=0  attempts=3  state=ON  metric=rpr
2026-10-08T00:04:22Z  OBSERVE  checkoutservice->emailservice  rpr=0.0000  low=276 high=0  attempts=3  state=ON  metric=rpr
2026-10-08T00:04:22Z  OBSERVE  checkoutservice->paymentservice  rpr=0.0000  low=277 high=0  attempts=3  state=ON  metric=rpr
2026-10-08T00:04:22Z  OBSERVE  checkoutservice->shippingservice  rpr=0.0000  low=277 high=0  attempts=3  state=ON  metric=rpr
2026-10-08T00:04:22Z  OBSERVE  recommendationservice->productcatalogservice  rpr=0.0000  low=278 high=0  attempts=3  state=ON  metric=rpr
2026-10-08T00:04:22Z  OBSERVE  recommendationservice  rejection=0.5636  low=0 high=205  state=OFF  metric=rejection
2026-10-08T00:04:24Z  OBSERVE  frontend->adservice  rpr=0.0000  low=278 high=0  attempts=3  state=ON  metric=rpr
2026-10-08T00:04:24Z  OBSERVE  frontend->cartservice  rpr=0.0000  low=279 high=0  attempts=3  state=ON  metric=rpr
2026-10-08T00:04:24Z  OBSERVE  frontend->checkoutservice  rpr=0.0000  low=235 high=0  attempts=3  state=ON  metric=rpr
2026-10-08T00:04:24Z  OBSERVE  frontend->currencyservice  rpr=0.0000  low=279 high=0  attempts=3  state=ON  metric=rpr
2026-10-08T00:04:24Z  OBSERVE  frontend->productcatalogservice  rpr=0.0000  low=279 high=0  attempts=3  state=ON  metric=rpr
2026-10-08T00:04:24Z  OBSERVE  frontend->shippingservice  rpr=0.0000  low=279 high=0  attempts=3  state=ON  metric=rpr
2026-10-08T00:04:24Z  OBSERVE  checkoutservice->cartservice  rpr=0.0000  low=278 high=0  attempts=3  state=ON  metric=rpr
2026-10-08T00:04:24Z  OBSERVE  checkoutservice->currencyservice  rpr=0.0000  low=278 high=0  attempts=3  state=ON  metric=rpr
2026-10-08T00:04:24Z  OBSERVE  checkoutservice->emailservice  rpr=0.0000  low=277 high=0  attempts=3  state=ON  metric=rpr
2026-10-08T00:04:24Z  OBSERVE  checkoutservice->paymentservice  rpr=0.0000  low=278 high=0  attempts=3  state=ON  metric=rpr
2026-10-08T00:04:24Z  OBSERVE  checkoutservice->shippingservice  rpr=0.0000  low=278 high=0  attempts=3  state=ON  metric=rpr
2026-10-08T00:04:24Z  OBSERVE  recommendationservice->productcatalogservice  rpr=0.0000  low=279 high=0  attempts=3  state=ON  metric=rpr
2026-10-08T00:04:24Z  OBSERVE  recommendationservice  rejection=0.4755  low=0 high=206  state=OFF  metric=rejection
2026-10-08T00:04:26Z  OBSERVE  frontend->adservice  rpr=0.0000  low=279 high=0  attempts=3  state=ON  metric=rpr
2026-10-08T00:04:26Z  OBSERVE  frontend->cartservice  rpr=0.0000  low=280 high=0  attempts=3  state=ON  metric=rpr
2026-10-08T00:04:26Z  OBSERVE  frontend->checkoutservice  rpr=0.0000  low=236 high=0  attempts=3  state=ON  metric=rpr
2026-10-08T00:04:26Z  OBSERVE  frontend->currencyservice  rpr=0.0000  low=280 high=0  attempts=3  state=ON  metric=rpr
2026-10-08T00:04:26Z  OBSERVE  frontend->productcatalogservice  rpr=0.0000  low=280 high=0  attempts=3  state=ON  metric=rpr
2026-10-08T00:04:26Z  OBSERVE  frontend->shippingservice  rpr=0.0000  low=280 high=0  attempts=3  state=ON  metric=rpr
2026-10-08T00:04:26Z  OBSERVE  checkoutservice->cartservice  rpr=0.0000  low=279 high=0  attempts=3  state=ON  metric=rpr
2026-10-08T00:04:26Z  OBSERVE  checkoutservice->currencyservice  rpr=0.0000  low=279 high=0  attempts=3  state=ON  metric=rpr
2026-10-08T00:04:26Z  OBSERVE  checkoutservice->emailservice  rpr=0.0000  low=278 high=0  attempts=3  state=ON  metric=rpr
2026-10-08T00:04:26Z  OBSERVE  checkoutservice->paymentservice  rpr=0.0000  low=279 high=0  attempts=3  state=ON  metric=rpr
2026-10-08T00:04:26Z  OBSERVE  checkoutservice->shippingservice  rpr=0.0000  low=279 high=0  attempts=3  state=ON  metric=rpr
2026-10-08T00:04:26Z  OBSERVE  recommendationservice->productcatalogservice  rpr=0.0000  low=280 high=0  attempts=3  state=ON  metric=rpr
2026-10-08T00:04:26Z  OBSERVE  recommendationservice  rejection=0.3990  low=0 high=207  state=OFF  metric=rejection
2026-10-08T00:04:28Z  OBSERVE  frontend->adservice  rpr=0.0000  low=280 high=0  attempts=3  state=ON  metric=rpr
2026-10-08T00:04:28Z  OBSERVE  frontend->cartservice  rpr=0.0000  low=281 high=0  attempts=3  state=ON  metric=rpr
2026-10-08T00:04:28Z  OBSERVE  frontend->checkoutservice  rpr=0.0000  low=237 high=0  attempts=3  state=ON  metric=rpr
2026-10-08T00:04:28Z  OBSERVE  frontend->currencyservice  rpr=0.0000  low=281 high=0  attempts=3  state=ON  metric=rpr
2026-10-08T00:04:28Z  OBSERVE  frontend->productcatalogservice  rpr=0.0000  low=281 high=0  attempts=3  state=ON  metric=rpr
2026-10-08T00:04:28Z  OBSERVE  frontend->shippingservice  rpr=0.0000  low=281 high=0  attempts=3  state=ON  metric=rpr
2026-10-08T00:04:28Z  OBSERVE  checkoutservice->cartservice  rpr=0.0000  low=280 high=0  attempts=3  state=ON  metric=rpr
2026-10-08T00:04:28Z  OBSERVE  checkoutservice->currencyservice  rpr=0.0000  low=280 high=0  attempts=3  state=ON  metric=rpr
2026-10-08T00:04:28Z  OBSERVE  checkoutservice->emailservice  rpr=0.0000  low=279 high=0  attempts=3  state=ON  metric=rpr
2026-10-08T00:04:28Z  OBSERVE  checkoutservice->paymentservice  rpr=0.0000  low=280 high=0  attempts=3  state=ON  metric=rpr
2026-10-08T00:04:28Z  OBSERVE  checkoutservice->shippingservice  rpr=0.0000  low=280 high=0  attempts=3  state=ON  metric=rpr
2026-10-08T00:04:28Z  OBSERVE  recommendationservice->productcatalogservice  rpr=0.0000  low=281 high=0  attempts=3  state=ON  metric=rpr
2026-10-08T00:04:28Z  OBSERVE  recommendationservice  rejection=0.4441  low=0 high=208  state=OFF  metric=rejection
2026-10-08T00:04:30Z  OBSERVE  frontend->adservice  rpr=0.0000  low=281 high=0  attempts=3  state=ON  metric=rpr
2026-10-08T00:04:30Z  OBSERVE  frontend->cartservice  rpr=0.0000  low=282 high=0  attempts=3  state=ON  metric=rpr
2026-10-08T00:04:30Z  OBSERVE  frontend->checkoutservice  rpr=0.0000  low=238 high=0  attempts=3  state=ON  metric=rpr
2026-10-08T00:04:30Z  OBSERVE  frontend->currencyservice  rpr=0.0000  low=282 high=0  attempts=3  state=ON  metric=rpr
2026-10-08T00:04:30Z  OBSERVE  frontend->productcatalogservice  rpr=0.0000  low=282 high=0  attempts=3  state=ON  metric=rpr
2026-10-08T00:04:30Z  OBSERVE  frontend->shippingservice  rpr=0.0000  low=282 high=0  attempts=3  state=ON  metric=rpr
2026-10-08T00:04:30Z  OBSERVE  checkoutservice->cartservice  rpr=0.0000  low=281 high=0  attempts=3  state=ON  metric=rpr
2026-10-08T00:04:30Z  OBSERVE  checkoutservice->currencyservice  rpr=0.0000  low=281 high=0  attempts=3  state=ON  metric=rpr
2026-10-08T00:04:30Z  OBSERVE  checkoutservice->emailservice  rpr=0.0000  low=280 high=0  attempts=3  state=ON  metric=rpr
2026-10-08T00:04:30Z  OBSERVE  checkoutservice->paymentservice  rpr=0.0000  low=281 high=0  attempts=3  state=ON  metric=rpr
2026-10-08T00:04:30Z  OBSERVE  checkoutservice->shippingservice  rpr=0.0000  low=281 high=0  attempts=3  state=ON  metric=rpr
2026-10-08T00:04:30Z  OBSERVE  recommendationservice->productcatalogservice  rpr=0.0000  low=282 high=0  attempts=3  state=ON  metric=rpr
2026-10-08T00:04:30Z  OBSERVE  recommendationservice  rejection=0.3983  low=0 high=209  state=OFF  metric=rejection
2026-10-08T00:04:32Z  OBSERVE  frontend->adservice  rpr=0.0000  low=282 high=0  attempts=3  state=ON  metric=rpr
2026-10-08T00:04:32Z  OBSERVE  frontend->cartservice  rpr=0.0000  low=283 high=0  attempts=3  state=ON  metric=rpr
2026-10-08T00:04:32Z  OBSERVE  frontend->checkoutservice  rpr=0.0000  low=239 high=0  attempts=3  state=ON  metric=rpr
2026-10-08T00:04:32Z  OBSERVE  frontend->currencyservice  rpr=0.0000  low=283 high=0  attempts=3  state=ON  metric=rpr
2026-10-08T00:04:32Z  OBSERVE  frontend->productcatalogservice  rpr=0.0000  low=283 high=0  attempts=3  state=ON  metric=rpr
2026-10-08T00:04:32Z  OBSERVE  frontend->shippingservice  rpr=0.0000  low=283 high=0  attempts=3  state=ON  metric=rpr
2026-10-08T00:04:32Z  OBSERVE  checkoutservice->cartservice  rpr=0.0000  low=282 high=0  attempts=3  state=ON  metric=rpr
2026-10-08T00:04:32Z  OBSERVE  checkoutservice->currencyservice  rpr=0.0000  low=282 high=0  attempts=3  state=ON  metric=rpr
2026-10-08T00:04:32Z  OBSERVE  checkoutservice->emailservice  rpr=0.0000  low=281 high=0  attempts=3  state=ON  metric=rpr
2026-10-08T00:04:32Z  OBSERVE  checkoutservice->paymentservice  rpr=0.0000  low=282 high=0  attempts=3  state=ON  metric=rpr
2026-10-08T00:04:32Z  OBSERVE  checkoutservice->shippingservice  rpr=0.0000  low=282 high=0  attempts=3  state=ON  metric=rpr
2026-10-08T00:04:32Z  OBSERVE  recommendationservice->productcatalogservice  rpr=0.0000  low=283 high=0  attempts=3  state=ON  metric=rpr
2026-10-08T00:04:32Z  OBSERVE  recommendationservice  rejection=0.4858  low=0 high=210  state=OFF  metric=rejection
2026-10-08T00:04:34Z  OBSERVE  frontend->adservice  rpr=0.0000  low=283 high=0  attempts=3  state=ON  metric=rpr
2026-10-08T00:04:34Z  OBSERVE  frontend->cartservice  rpr=0.0000  low=284 high=0  attempts=3  state=ON  metric=rpr
2026-10-08T00:04:34Z  OBSERVE  frontend->checkoutservice  rpr=0.0000  low=240 high=0  attempts=3  state=ON  metric=rpr
2026-10-08T00:04:34Z  OBSERVE  frontend->currencyservice  rpr=0.0000  low=284 high=0  attempts=3  state=ON  metric=rpr
2026-10-08T00:04:34Z  OBSERVE  frontend->productcatalogservice  rpr=0.0000  low=284 high=0  attempts=3  state=ON  metric=rpr
2026-10-08T00:04:34Z  OBSERVE  frontend->shippingservice  rpr=0.0000  low=284 high=0  attempts=3  state=ON  metric=rpr
2026-10-08T00:04:34Z  OBSERVE  checkoutservice->cartservice  rpr=0.0000  low=283 high=0  attempts=3  state=ON  metric=rpr
2026-10-08T00:04:34Z  OBSERVE  checkoutservice->currencyservice  rpr=0.0000  low=283 high=0  attempts=3  state=ON  metric=rpr
2026-10-08T00:04:34Z  OBSERVE  checkoutservice->emailservice  rpr=0.0000  low=282 high=0  attempts=3  state=ON  metric=rpr
2026-10-08T00:04:34Z  OBSERVE  checkoutservice->paymentservice  rpr=0.0000  low=283 high=0  attempts=3  state=ON  metric=rpr
2026-10-08T00:04:34Z  OBSERVE  checkoutservice->shippingservice  rpr=0.0000  low=283 high=0  attempts=3  state=ON  metric=rpr
2026-10-08T00:04:34Z  OBSERVE  recommendationservice->productcatalogservice  rpr=0.0000  low=284 high=0  attempts=3  state=ON  metric=rpr
2026-10-08T00:04:34Z  OBSERVE  recommendationservice  rejection=0.5385  low=0 high=211  state=OFF  metric=rejection
2026-10-08T00:04:36Z  OBSERVE  frontend->adservice  rpr=0.0000  low=284 high=0  attempts=3  state=ON  metric=rpr
2026-10-08T00:04:36Z  OBSERVE  frontend->cartservice  rpr=0.0000  low=285 high=0  attempts=3  state=ON  metric=rpr
2026-10-08T00:04:36Z  OBSERVE  frontend->checkoutservice  rpr=0.0000  low=241 high=0  attempts=3  state=ON  metric=rpr
2026-10-08T00:04:36Z  OBSERVE  frontend->currencyservice  rpr=0.0000  low=285 high=0  attempts=3  state=ON  metric=rpr
2026-10-08T00:04:36Z  OBSERVE  frontend->productcatalogservice  rpr=0.0000  low=285 high=0  attempts=3  state=ON  metric=rpr
2026-10-08T00:04:36Z  OBSERVE  frontend->shippingservice  rpr=0.0000  low=285 high=0  attempts=3  state=ON  metric=rpr
2026-10-08T00:04:36Z  OBSERVE  checkoutservice->cartservice  rpr=0.0000  low=284 high=0  attempts=3  state=ON  metric=rpr
2026-10-08T00:04:36Z  OBSERVE  checkoutservice->currencyservice  rpr=0.0000  low=284 high=0  attempts=3  state=ON  metric=rpr
2026-10-08T00:04:36Z  OBSERVE  checkoutservice->emailservice  rpr=0.0000  low=283 high=0  attempts=3  state=ON  metric=rpr
2026-10-08T00:04:36Z  OBSERVE  checkoutservice->paymentservice  rpr=0.0000  low=284 high=0  attempts=3  state=ON  metric=rpr
2026-10-08T00:04:36Z  OBSERVE  checkoutservice->shippingservice  rpr=0.0000  low=284 high=0  attempts=3  state=ON  metric=rpr
2026-10-08T00:04:36Z  OBSERVE  recommendationservice->productcatalogservice  rpr=0.0000  low=285 high=0  attempts=3  state=ON  metric=rpr
2026-10-08T00:04:36Z  OBSERVE  recommendationservice  rejection=0.4198  low=0 high=212  state=OFF  metric=rejection
2026-10-08T00:04:38Z  OBSERVE  frontend->adservice  rpr=0.0000  low=285 high=0  attempts=3  state=ON  metric=rpr
2026-10-08T00:04:38Z  OBSERVE  frontend->cartservice  rpr=0.0000  low=286 high=0  attempts=3  state=ON  metric=rpr
2026-10-08T00:04:38Z  OBSERVE  frontend->checkoutservice  rpr=0.0000  low=242 high=0  attempts=3  state=ON  metric=rpr
2026-10-08T00:04:38Z  OBSERVE  frontend->currencyservice  rpr=0.0000  low=286 high=0  attempts=3  state=ON  metric=rpr
2026-10-08T00:04:38Z  OBSERVE  frontend->productcatalogservice  rpr=0.0000  low=286 high=0  attempts=3  state=ON  metric=rpr
2026-10-08T00:04:38Z  OBSERVE  frontend->shippingservice  rpr=0.0000  low=286 high=0  attempts=3  state=ON  metric=rpr
2026-10-08T00:04:38Z  OBSERVE  checkoutservice->cartservice  rpr=0.0000  low=285 high=0  attempts=3  state=ON  metric=rpr
2026-10-08T00:04:38Z  OBSERVE  checkoutservice->currencyservice  rpr=0.0000  low=285 high=0  attempts=3  state=ON  metric=rpr
2026-10-08T00:04:38Z  OBSERVE  checkoutservice->emailservice  rpr=0.0000  low=284 high=0  attempts=3  state=ON  metric=rpr
2026-10-08T00:04:38Z  OBSERVE  checkoutservice->paymentservice  rpr=0.0000  low=285 high=0  attempts=3  state=ON  metric=rpr
2026-10-08T00:04:38Z  OBSERVE  checkoutservice->shippingservice  rpr=0.0000  low=285 high=0  attempts=3  state=ON  metric=rpr
2026-10-08T00:04:38Z  OBSERVE  recommendationservice->productcatalogservice  rpr=0.0000  low=286 high=0  attempts=3  state=ON  metric=rpr
2026-10-08T00:04:38Z  OBSERVE  recommendationservice  rejection=0.4866  low=0 high=213  state=OFF  metric=rejection
2026-10-08T00:04:40Z  OBSERVE  frontend->adservice  rpr=0.0000  low=286 high=0  attempts=3  state=ON  metric=rpr
2026-10-08T00:04:40Z  OBSERVE  frontend->cartservice  rpr=0.0000  low=287 high=0  attempts=3  state=ON  metric=rpr
2026-10-08T00:04:40Z  OBSERVE  frontend->checkoutservice  rpr=0.0000  low=243 high=0  attempts=3  state=ON  metric=rpr
2026-10-08T00:04:40Z  OBSERVE  frontend->currencyservice  rpr=0.0000  low=287 high=0  attempts=3  state=ON  metric=rpr
2026-10-08T00:04:40Z  OBSERVE  frontend->productcatalogservice  rpr=0.0000  low=287 high=0  attempts=3  state=ON  metric=rpr
2026-10-08T00:04:40Z  OBSERVE  frontend->shippingservice  rpr=0.0000  low=287 high=0  attempts=3  state=ON  metric=rpr
2026-10-08T00:04:40Z  OBSERVE  checkoutservice->cartservice  rpr=0.0000  low=286 high=0  attempts=3  state=ON  metric=rpr
2026-10-08T00:04:40Z  OBSERVE  checkoutservice->currencyservice  rpr=0.0000  low=286 high=0  attempts=3  state=ON  metric=rpr
2026-10-08T00:04:40Z  OBSERVE  checkoutservice->emailservice  rpr=0.0000  low=285 high=0  attempts=3  state=ON  metric=rpr
2026-10-08T00:04:40Z  OBSERVE  checkoutservice->paymentservice  rpr=0.0000  low=286 high=0  attempts=3  state=ON  metric=rpr
2026-10-08T00:04:40Z  OBSERVE  checkoutservice->shippingservice  rpr=0.0000  low=286 high=0  attempts=3  state=ON  metric=rpr
2026-10-08T00:04:40Z  OBSERVE  recommendationservice->productcatalogservice  rpr=0.0000  low=287 high=0  attempts=3  state=ON  metric=rpr
2026-10-08T00:04:40Z  OBSERVE  recommendationservice  rejection=0.4075  low=0 high=214  state=OFF  metric=rejection
2026-10-08T00:04:42Z  OBSERVE  frontend->adservice  rpr=0.0000  low=287 high=0  attempts=3  state=ON  metric=rpr
2026-10-08T00:04:42Z  OBSERVE  frontend->cartservice  rpr=0.0000  low=288 high=0  attempts=3  state=ON  metric=rpr
2026-10-08T00:04:42Z  OBSERVE  frontend->checkoutservice  rpr=0.0000  low=244 high=0  attempts=3  state=ON  metric=rpr
2026-10-08T00:04:42Z  OBSERVE  frontend->currencyservice  rpr=0.0000  low=288 high=0  attempts=3  state=ON  metric=rpr
2026-10-08T00:04:42Z  OBSERVE  frontend->productcatalogservice  rpr=0.0000  low=288 high=0  attempts=3  state=ON  metric=rpr
2026-10-08T00:04:42Z  OBSERVE  frontend->shippingservice  rpr=0.0000  low=288 high=0  attempts=3  state=ON  metric=rpr
2026-10-08T00:04:42Z  OBSERVE  checkoutservice->cartservice  rpr=0.0000  low=287 high=0  attempts=3  state=ON  metric=rpr
2026-10-08T00:04:42Z  OBSERVE  checkoutservice->currencyservice  rpr=0.0000  low=287 high=0  attempts=3  state=ON  metric=rpr
2026-10-08T00:04:42Z  OBSERVE  checkoutservice->emailservice  rpr=0.0000  low=286 high=0  attempts=3  state=ON  metric=rpr
2026-10-08T00:04:42Z  OBSERVE  checkoutservice->paymentservice  rpr=0.0000  low=287 high=0  attempts=3  state=ON  metric=rpr
2026-10-08T00:04:42Z  OBSERVE  checkoutservice->shippingservice  rpr=0.0000  low=287 high=0  attempts=3  state=ON  metric=rpr
2026-10-08T00:04:42Z  OBSERVE  recommendationservice->productcatalogservice  rpr=0.0000  low=288 high=0  attempts=3  state=ON  metric=rpr
2026-10-08T00:04:42Z  OBSERVE  recommendationservice  rejection=0.4226  low=0 high=215  state=OFF  metric=rejection
2026-10-08T00:04:44Z  OBSERVE  frontend->adservice  rpr=0.0000  low=288 high=0  attempts=3  state=ON  metric=rpr
2026-10-08T00:04:44Z  OBSERVE  frontend->cartservice  rpr=0.0000  low=289 high=0  attempts=3  state=ON  metric=rpr
2026-10-08T00:04:44Z  OBSERVE  frontend->checkoutservice  rpr=0.0000  low=245 high=0  attempts=3  state=ON  metric=rpr
2026-10-08T00:04:44Z  OBSERVE  frontend->currencyservice  rpr=0.0000  low=289 high=0  attempts=3  state=ON  metric=rpr
2026-10-08T00:04:44Z  OBSERVE  frontend->productcatalogservice  rpr=0.0000  low=289 high=0  attempts=3  state=ON  metric=rpr
2026-10-08T00:04:44Z  OBSERVE  frontend->shippingservice  rpr=0.0000  low=289 high=0  attempts=3  state=ON  metric=rpr
2026-10-08T00:04:44Z  OBSERVE  checkoutservice->cartservice  rpr=0.0000  low=288 high=0  attempts=3  state=ON  metric=rpr
2026-10-08T00:04:44Z  OBSERVE  checkoutservice->currencyservice  rpr=0.0000  low=288 high=0  attempts=3  state=ON  metric=rpr
2026-10-08T00:04:44Z  OBSERVE  checkoutservice->emailservice  rpr=0.0000  low=287 high=0  attempts=3  state=ON  metric=rpr
2026-10-08T00:04:44Z  OBSERVE  checkoutservice->paymentservice  rpr=0.0000  low=288 high=0  attempts=3  state=ON  metric=rpr
2026-10-08T00:04:44Z  OBSERVE  checkoutservice->shippingservice  rpr=0.0000  low=288 high=0  attempts=3  state=ON  metric=rpr
2026-10-08T00:04:44Z  OBSERVE  recommendationservice->productcatalogservice  rpr=0.0000  low=289 high=0  attempts=3  state=ON  metric=rpr
2026-10-08T00:04:44Z  OBSERVE  recommendationservice  rejection=0.3584  low=0 high=216  state=OFF  metric=rejection
2026-10-08T00:04:46Z  OBSERVE  frontend->adservice  rpr=0.0000  low=289 high=0  attempts=3  state=ON  metric=rpr
2026-10-08T00:04:46Z  OBSERVE  frontend->cartservice  rpr=0.0000  low=290 high=0  attempts=3  state=ON  metric=rpr
2026-10-08T00:04:46Z  OBSERVE  frontend->checkoutservice  rpr=0.0000  low=246 high=0  attempts=3  state=ON  metric=rpr
2026-10-08T00:04:46Z  OBSERVE  frontend->currencyservice  rpr=0.0000  low=290 high=0  attempts=3  state=ON  metric=rpr
2026-10-08T00:04:46Z  OBSERVE  frontend->productcatalogservice  rpr=0.0000  low=290 high=0  attempts=3  state=ON  metric=rpr
2026-10-08T00:04:46Z  OBSERVE  frontend->shippingservice  rpr=0.0000  low=290 high=0  attempts=3  state=ON  metric=rpr
2026-10-08T00:04:46Z  OBSERVE  checkoutservice->cartservice  rpr=0.0000  low=289 high=0  attempts=3  state=ON  metric=rpr
2026-10-08T00:04:46Z  OBSERVE  checkoutservice->currencyservice  rpr=0.0000  low=289 high=0  attempts=3  state=ON  metric=rpr
2026-10-08T00:04:46Z  OBSERVE  checkoutservice->emailservice  rpr=0.0000  low=288 high=0  attempts=3  state=ON  metric=rpr
2026-10-08T00:04:46Z  OBSERVE  checkoutservice->paymentservice  rpr=0.0000  low=289 high=0  attempts=3  state=ON  metric=rpr
2026-10-08T00:04:46Z  OBSERVE  checkoutservice->shippingservice  rpr=0.0000  low=289 high=0  attempts=3  state=ON  metric=rpr
2026-10-08T00:04:46Z  OBSERVE  recommendationservice->productcatalogservice  rpr=0.0000  low=290 high=0  attempts=3  state=ON  metric=rpr
2026-10-08T00:04:46Z  OBSERVE  recommendationservice  rejection=0.3013  low=0 high=217  state=OFF  metric=rejection
2026-10-08T00:04:48Z  OBSERVE  frontend->adservice  rpr=0.0000  low=290 high=0  attempts=3  state=ON  metric=rpr
2026-10-08T00:04:48Z  OBSERVE  frontend->cartservice  rpr=0.0000  low=291 high=0  attempts=3  state=ON  metric=rpr
2026-10-08T00:04:48Z  OBSERVE  frontend->checkoutservice  rpr=0.0000  low=247 high=0  attempts=3  state=ON  metric=rpr
2026-10-08T00:04:48Z  OBSERVE  frontend->currencyservice  rpr=0.0000  low=291 high=0  attempts=3  state=ON  metric=rpr
2026-10-08T00:04:48Z  OBSERVE  frontend->productcatalogservice  rpr=0.0000  low=291 high=0  attempts=3  state=ON  metric=rpr
2026-10-08T00:04:48Z  OBSERVE  frontend->shippingservice  rpr=0.0000  low=291 high=0  attempts=3  state=ON  metric=rpr
2026-10-08T00:04:48Z  OBSERVE  checkoutservice->cartservice  rpr=0.0000  low=290 high=0  attempts=3  state=ON  metric=rpr
2026-10-08T00:04:48Z  OBSERVE  checkoutservice->currencyservice  rpr=0.0000  low=290 high=0  attempts=3  state=ON  metric=rpr
2026-10-08T00:04:48Z  OBSERVE  checkoutservice->emailservice  rpr=0.0000  low=289 high=0  attempts=3  state=ON  metric=rpr
2026-10-08T00:04:48Z  OBSERVE  checkoutservice->paymentservice  rpr=0.0000  low=290 high=0  attempts=3  state=ON  metric=rpr
2026-10-08T00:04:48Z  OBSERVE  checkoutservice->shippingservice  rpr=0.0000  low=290 high=0  attempts=3  state=ON  metric=rpr
2026-10-08T00:04:48Z  OBSERVE  recommendationservice->productcatalogservice  rpr=0.0000  low=291 high=0  attempts=3  state=ON  metric=rpr
2026-10-08T00:04:48Z  OBSERVE  recommendationservice  rejection=0.2680  low=0 high=218  state=OFF  metric=rejection
2026-10-08T00:04:50Z  OBSERVE  frontend->adservice  rpr=0.0000  low=291 high=0  attempts=3  state=ON  metric=rpr
2026-10-08T00:04:50Z  OBSERVE  frontend->cartservice  rpr=0.0000  low=292 high=0  attempts=3  state=ON  metric=rpr
2026-10-08T00:04:50Z  OBSERVE  frontend->checkoutservice  rpr=0.0000  low=248 high=0  attempts=3  state=ON  metric=rpr
2026-10-08T00:04:50Z  OBSERVE  frontend->currencyservice  rpr=0.0000  low=292 high=0  attempts=3  state=ON  metric=rpr
2026-10-08T00:04:50Z  OBSERVE  frontend->productcatalogservice  rpr=0.0000  low=292 high=0  attempts=3  state=ON  metric=rpr
2026-10-08T00:04:50Z  OBSERVE  frontend->shippingservice  rpr=0.0000  low=292 high=0  attempts=3  state=ON  metric=rpr
2026-10-08T00:04:50Z  OBSERVE  checkoutservice->cartservice  rpr=0.0000  low=291 high=0  attempts=3  state=ON  metric=rpr
2026-10-08T00:04:50Z  OBSERVE  checkoutservice->currencyservice  rpr=0.0000  low=291 high=0  attempts=3  state=ON  metric=rpr
2026-10-08T00:04:50Z  OBSERVE  checkoutservice->emailservice  rpr=0.0000  low=290 high=0  attempts=3  state=ON  metric=rpr
2026-10-08T00:04:50Z  OBSERVE  checkoutservice->paymentservice  rpr=0.0000  low=291 high=0  attempts=3  state=ON  metric=rpr
2026-10-08T00:04:50Z  OBSERVE  checkoutservice->shippingservice  rpr=0.0000  low=291 high=0  attempts=3  state=ON  metric=rpr
2026-10-08T00:04:50Z  OBSERVE  recommendationservice->productcatalogservice  rpr=0.0000  low=292 high=0  attempts=3  state=ON  metric=rpr
2026-10-08T00:04:50Z  OBSERVE  recommendationservice  rejection=0.2432  low=0 high=219  state=OFF  metric=rejection
2026-10-08T00:04:52Z  OBSERVE  frontend->adservice  rpr=0.0000  low=292 high=0  attempts=3  state=ON  metric=rpr
2026-10-08T00:04:52Z  OBSERVE  frontend->cartservice  rpr=0.0000  low=293 high=0  attempts=3  state=ON  metric=rpr
2026-10-08T00:04:52Z  OBSERVE  frontend->checkoutservice  rpr=0.0000  low=249 high=0  attempts=3  state=ON  metric=rpr
2026-10-08T00:04:52Z  OBSERVE  frontend->currencyservice  rpr=0.0000  low=293 high=0  attempts=3  state=ON  metric=rpr
2026-10-08T00:04:52Z  OBSERVE  frontend->productcatalogservice  rpr=0.0000  low=293 high=0  attempts=3  state=ON  metric=rpr
2026-10-08T00:04:52Z  OBSERVE  frontend->shippingservice  rpr=0.0000  low=293 high=0  attempts=3  state=ON  metric=rpr
2026-10-08T00:04:52Z  OBSERVE  checkoutservice->cartservice  rpr=0.0000  low=292 high=0  attempts=3  state=ON  metric=rpr
2026-10-08T00:04:52Z  OBSERVE  checkoutservice->currencyservice  rpr=0.0000  low=292 high=0  attempts=3  state=ON  metric=rpr
2026-10-08T00:04:52Z  OBSERVE  checkoutservice->emailservice  rpr=0.0000  low=291 high=0  attempts=3  state=ON  metric=rpr
2026-10-08T00:04:52Z  OBSERVE  checkoutservice->paymentservice  rpr=0.0000  low=292 high=0  attempts=3  state=ON  metric=rpr
2026-10-08T00:04:52Z  OBSERVE  checkoutservice->shippingservice  rpr=0.0000  low=292 high=0  attempts=3  state=ON  metric=rpr
2026-10-08T00:04:52Z  OBSERVE  recommendationservice->productcatalogservice  rpr=0.0000  low=293 high=0  attempts=3  state=ON  metric=rpr
2026-10-08T00:04:52Z  OBSERVE  recommendationservice  rejection=0.3431  low=0 high=220  state=OFF  metric=rejection
2026-10-08T00:04:54Z  OBSERVE  frontend->adservice  rpr=0.0000  low=293 high=0  attempts=3  state=ON  metric=rpr
2026-10-08T00:04:54Z  OBSERVE  frontend->cartservice  rpr=0.0000  low=294 high=0  attempts=3  state=ON  metric=rpr
2026-10-08T00:04:54Z  OBSERVE  frontend->checkoutservice  rpr=0.0000  low=250 high=0  attempts=3  state=ON  metric=rpr
2026-10-08T00:04:54Z  OBSERVE  frontend->currencyservice  rpr=0.0000  low=294 high=0  attempts=3  state=ON  metric=rpr
2026-10-08T00:04:54Z  OBSERVE  frontend->productcatalogservice  rpr=0.0000  low=294 high=0  attempts=3  state=ON  metric=rpr
2026-10-08T00:04:54Z  OBSERVE  frontend->shippingservice  rpr=0.0000  low=294 high=0  attempts=3  state=ON  metric=rpr
2026-10-08T00:04:54Z  OBSERVE  checkoutservice->cartservice  rpr=0.0000  low=293 high=0  attempts=3  state=ON  metric=rpr
2026-10-08T00:04:54Z  OBSERVE  checkoutservice->currencyservice  rpr=0.0000  low=293 high=0  attempts=3  state=ON  metric=rpr
2026-10-08T00:04:54Z  OBSERVE  checkoutservice->emailservice  rpr=0.0000  low=292 high=0  attempts=3  state=ON  metric=rpr
2026-10-08T00:04:54Z  OBSERVE  checkoutservice->paymentservice  rpr=0.0000  low=293 high=0  attempts=3  state=ON  metric=rpr
2026-10-08T00:04:54Z  OBSERVE  checkoutservice->shippingservice  rpr=0.0000  low=293 high=0  attempts=3  state=ON  metric=rpr
2026-10-08T00:04:54Z  OBSERVE  recommendationservice->productcatalogservice  rpr=0.0000  low=294 high=0  attempts=3  state=ON  metric=rpr
2026-10-08T00:04:54Z  OBSERVE  recommendationservice  rejection=0.2307  low=0 high=221  state=OFF  metric=rejection
2026-10-08T00:04:56Z  OBSERVE  frontend->adservice  rpr=0.0000  low=294 high=0  attempts=3  state=ON  metric=rpr
2026-10-08T00:04:56Z  OBSERVE  frontend->cartservice  rpr=0.0000  low=295 high=0  attempts=3  state=ON  metric=rpr
2026-10-08T00:04:56Z  OBSERVE  frontend->checkoutservice  rpr=0.0000  low=251 high=0  attempts=3  state=ON  metric=rpr
2026-10-08T00:04:56Z  OBSERVE  frontend->currencyservice  rpr=0.0000  low=295 high=0  attempts=3  state=ON  metric=rpr
2026-10-08T00:04:56Z  OBSERVE  frontend->productcatalogservice  rpr=0.0000  low=295 high=0  attempts=3  state=ON  metric=rpr
2026-10-08T00:04:56Z  OBSERVE  frontend->shippingservice  rpr=0.0000  low=295 high=0  attempts=3  state=ON  metric=rpr
2026-10-08T00:04:56Z  OBSERVE  checkoutservice->cartservice  rpr=0.0000  low=294 high=0  attempts=3  state=ON  metric=rpr
2026-10-08T00:04:56Z  OBSERVE  checkoutservice->currencyservice  rpr=0.0000  low=294 high=0  attempts=3  state=ON  metric=rpr
2026-10-08T00:04:56Z  OBSERVE  checkoutservice->emailservice  rpr=0.0000  low=293 high=0  attempts=3  state=ON  metric=rpr
2026-10-08T00:04:56Z  OBSERVE  checkoutservice->paymentservice  rpr=0.0000  low=294 high=0  attempts=3  state=ON  metric=rpr
2026-10-08T00:04:56Z  OBSERVE  checkoutservice->shippingservice  rpr=0.0000  low=294 high=0  attempts=3  state=ON  metric=rpr
2026-10-08T00:04:56Z  OBSERVE  recommendationservice->productcatalogservice  rpr=0.0000  low=295 high=0  attempts=3  state=ON  metric=rpr
2026-10-08T00:04:56Z  OBSERVE  recommendationservice  rejection=0.3835  low=0 high=222  state=OFF  metric=rejection
2026-10-08T00:04:58Z  OBSERVE  frontend->adservice  rpr=0.0000  low=295 high=0  attempts=3  state=ON  metric=rpr
2026-10-08T00:04:58Z  OBSERVE  frontend->cartservice  rpr=0.0000  low=296 high=0  attempts=3  state=ON  metric=rpr
2026-10-08T00:04:58Z  OBSERVE  frontend->checkoutservice  rpr=0.0000  low=252 high=0  attempts=3  state=ON  metric=rpr
2026-10-08T00:04:58Z  OBSERVE  frontend->currencyservice  rpr=0.0000  low=296 high=0  attempts=3  state=ON  metric=rpr
2026-10-08T00:04:58Z  OBSERVE  frontend->productcatalogservice  rpr=0.0000  low=296 high=0  attempts=3  state=ON  metric=rpr
2026-10-08T00:04:58Z  OBSERVE  frontend->shippingservice  rpr=0.0000  low=296 high=0  attempts=3  state=ON  metric=rpr
2026-10-08T00:04:58Z  OBSERVE  checkoutservice->cartservice  rpr=0.0000  low=295 high=0  attempts=3  state=ON  metric=rpr
2026-10-08T00:04:58Z  OBSERVE  checkoutservice->currencyservice  rpr=0.0000  low=295 high=0  attempts=3  state=ON  metric=rpr
2026-10-08T00:04:58Z  OBSERVE  checkoutservice->emailservice  rpr=0.0000  low=294 high=0  attempts=3  state=ON  metric=rpr
2026-10-08T00:04:58Z  OBSERVE  checkoutservice->paymentservice  rpr=0.0000  low=295 high=0  attempts=3  state=ON  metric=rpr
2026-10-08T00:04:58Z  OBSERVE  checkoutservice->shippingservice  rpr=0.0000  low=295 high=0  attempts=3  state=ON  metric=rpr
2026-10-08T00:04:58Z  OBSERVE  recommendationservice->productcatalogservice  rpr=0.0000  low=296 high=0  attempts=3  state=ON  metric=rpr
2026-10-08T00:04:58Z  OBSERVE  recommendationservice  rejection=0.3582  low=0 high=223  state=OFF  metric=rejection
2026-10-08T00:05:00Z  OBSERVE  frontend->adservice  rpr=0.0000  low=296 high=0  attempts=3  state=ON  metric=rpr
2026-10-08T00:05:00Z  OBSERVE  frontend->cartservice  rpr=0.0000  low=297 high=0  attempts=3  state=ON  metric=rpr
2026-10-08T00:05:00Z  OBSERVE  frontend->checkoutservice  rpr=0.0000  low=253 high=0  attempts=3  state=ON  metric=rpr
2026-10-08T00:05:00Z  OBSERVE  frontend->currencyservice  rpr=0.0000  low=297 high=0  attempts=3  state=ON  metric=rpr
2026-10-08T00:05:00Z  OBSERVE  frontend->productcatalogservice  rpr=0.0000  low=297 high=0  attempts=3  state=ON  metric=rpr
2026-10-08T00:05:00Z  OBSERVE  frontend->shippingservice  rpr=0.0000  low=297 high=0  attempts=3  state=ON  metric=rpr
2026-10-08T00:05:00Z  OBSERVE  checkoutservice->cartservice  rpr=0.0000  low=296 high=0  attempts=3  state=ON  metric=rpr
2026-10-08T00:05:00Z  OBSERVE  checkoutservice->currencyservice  rpr=0.0000  low=296 high=0  attempts=3  state=ON  metric=rpr
2026-10-08T00:05:00Z  OBSERVE  checkoutservice->emailservice  rpr=0.0000  low=295 high=0  attempts=3  state=ON  metric=rpr
2026-10-08T00:05:00Z  OBSERVE  checkoutservice->paymentservice  rpr=0.0000  low=296 high=0  attempts=3  state=ON  metric=rpr
2026-10-08T00:05:00Z  OBSERVE  checkoutservice->shippingservice  rpr=0.0000  low=296 high=0  attempts=3  state=ON  metric=rpr
2026-10-08T00:05:00Z  OBSERVE  recommendationservice->productcatalogservice  rpr=0.0000  low=297 high=0  attempts=3  state=ON  metric=rpr
2026-10-08T00:05:00Z  OBSERVE  recommendationservice  rejection=0.3698  low=0 high=224  state=OFF  metric=rejection
2026-10-08T00:05:02Z  OBSERVE  frontend->adservice  rpr=0.0000  low=297 high=0  attempts=3  state=ON  metric=rpr
2026-10-08T00:05:02Z  OBSERVE  frontend->cartservice  rpr=0.0000  low=298 high=0  attempts=3  state=ON  metric=rpr
2026-10-08T00:05:02Z  OBSERVE  frontend->checkoutservice  rpr=0.0000  low=254 high=0  attempts=3  state=ON  metric=rpr
2026-10-08T00:05:02Z  OBSERVE  frontend->currencyservice  rpr=0.0000  low=298 high=0  attempts=3  state=ON  metric=rpr
2026-10-08T00:05:02Z  OBSERVE  frontend->productcatalogservice  rpr=0.0000  low=298 high=0  attempts=3  state=ON  metric=rpr
2026-10-08T00:05:02Z  OBSERVE  frontend->shippingservice  rpr=0.0000  low=298 high=0  attempts=3  state=ON  metric=rpr
2026-10-08T00:05:02Z  OBSERVE  checkoutservice->cartservice  rpr=0.0000  low=297 high=0  attempts=3  state=ON  metric=rpr
2026-10-08T00:05:02Z  OBSERVE  checkoutservice->currencyservice  rpr=0.0000  low=297 high=0  attempts=3  state=ON  metric=rpr
2026-10-08T00:05:02Z  OBSERVE  checkoutservice->emailservice  rpr=0.0000  low=296 high=0  attempts=3  state=ON  metric=rpr
2026-10-08T00:05:02Z  OBSERVE  checkoutservice->paymentservice  rpr=0.0000  low=297 high=0  attempts=3  state=ON  metric=rpr
2026-10-08T00:05:02Z  OBSERVE  checkoutservice->shippingservice  rpr=0.0000  low=297 high=0  attempts=3  state=ON  metric=rpr
2026-10-08T00:05:02Z  OBSERVE  recommendationservice->productcatalogservice  rpr=0.0000  low=298 high=0  attempts=3  state=ON  metric=rpr
2026-10-08T00:05:02Z  OBSERVE  recommendationservice  rejection=0.5027  low=0 high=225  state=OFF  metric=rejection
2026-10-08T00:05:04Z  OBSERVE  frontend->adservice  rpr=0.0000  low=298 high=0  attempts=3  state=ON  metric=rpr
2026-10-08T00:05:04Z  OBSERVE  frontend->cartservice  rpr=0.0000  low=299 high=0  attempts=3  state=ON  metric=rpr
2026-10-08T00:05:04Z  OBSERVE  frontend->checkoutservice  rpr=0.0000  low=255 high=0  attempts=3  state=ON  metric=rpr
2026-10-08T00:05:04Z  OBSERVE  frontend->currencyservice  rpr=0.0000  low=299 high=0  attempts=3  state=ON  metric=rpr
2026-10-08T00:05:04Z  OBSERVE  frontend->productcatalogservice  rpr=0.0000  low=299 high=0  attempts=3  state=ON  metric=rpr
2026-10-08T00:05:04Z  OBSERVE  frontend->shippingservice  rpr=0.0000  low=299 high=0  attempts=3  state=ON  metric=rpr
2026-10-08T00:05:04Z  OBSERVE  checkoutservice->cartservice  rpr=0.0000  low=298 high=0  attempts=3  state=ON  metric=rpr
2026-10-08T00:05:04Z  OBSERVE  checkoutservice->currencyservice  rpr=0.0000  low=298 high=0  attempts=3  state=ON  metric=rpr
2026-10-08T00:05:04Z  OBSERVE  checkoutservice->emailservice  rpr=0.0000  low=297 high=0  attempts=3  state=ON  metric=rpr
2026-10-08T00:05:04Z  OBSERVE  checkoutservice->paymentservice  rpr=0.0000  low=298 high=0  attempts=3  state=ON  metric=rpr
2026-10-08T00:05:04Z  OBSERVE  checkoutservice->shippingservice  rpr=0.0000  low=298 high=0  attempts=3  state=ON  metric=rpr
2026-10-08T00:05:04Z  OBSERVE  recommendationservice->productcatalogservice  rpr=0.0000  low=299 high=0  attempts=3  state=ON  metric=rpr
2026-10-08T00:05:04Z  OBSERVE  recommendationservice  rejection=0.3404  low=0 high=226  state=OFF  metric=rejection
2026-10-08T00:05:06Z  OBSERVE  frontend->adservice  rpr=0.0000  low=299 high=0  attempts=3  state=ON  metric=rpr
2026-10-08T00:05:06Z  OBSERVE  frontend->cartservice  rpr=0.0000  low=300 high=0  attempts=3  state=ON  metric=rpr
2026-10-08T00:05:06Z  OBSERVE  frontend->checkoutservice  rpr=0.0000  low=256 high=0  attempts=3  state=ON  metric=rpr
2026-10-08T00:05:06Z  OBSERVE  frontend->currencyservice  rpr=0.0000  low=300 high=0  attempts=3  state=ON  metric=rpr
2026-10-08T00:05:06Z  OBSERVE  frontend->productcatalogservice  rpr=0.0000  low=300 high=0  attempts=3  state=ON  metric=rpr
2026-10-08T00:05:06Z  OBSERVE  frontend->shippingservice  rpr=0.0000  low=300 high=0  attempts=3  state=ON  metric=rpr
2026-10-08T00:05:06Z  OBSERVE  checkoutservice->cartservice  rpr=0.0000  low=299 high=0  attempts=3  state=ON  metric=rpr
2026-10-08T00:05:06Z  OBSERVE  checkoutservice->currencyservice  rpr=0.0000  low=299 high=0  attempts=3  state=ON  metric=rpr
2026-10-08T00:05:06Z  OBSERVE  checkoutservice->emailservice  rpr=0.0000  low=298 high=0  attempts=3  state=ON  metric=rpr
2026-10-08T00:05:06Z  OBSERVE  checkoutservice->paymentservice  rpr=0.0000  low=299 high=0  attempts=3  state=ON  metric=rpr
2026-10-08T00:05:06Z  OBSERVE  checkoutservice->shippingservice  rpr=0.0000  low=299 high=0  attempts=3  state=ON  metric=rpr
2026-10-08T00:05:06Z  OBSERVE  recommendationservice->productcatalogservice  rpr=0.0000  low=300 high=0  attempts=3  state=ON  metric=rpr
2026-10-08T00:05:06Z  OBSERVE  recommendationservice  rejection=0.3454  low=0 high=227  state=OFF  metric=rejection
2026-10-08T00:05:08Z  OBSERVE  frontend->adservice  rpr=0.0000  low=300 high=0  attempts=3  state=ON  metric=rpr
2026-10-08T00:05:08Z  OBSERVE  frontend->cartservice  rpr=0.0000  low=301 high=0  attempts=3  state=ON  metric=rpr
2026-10-08T00:05:08Z  OBSERVE  frontend->checkoutservice  rpr=0.0000  low=257 high=0  attempts=3  state=ON  metric=rpr
2026-10-08T00:05:08Z  OBSERVE  frontend->currencyservice  rpr=0.0000  low=301 high=0  attempts=3  state=ON  metric=rpr
2026-10-08T00:05:08Z  OBSERVE  frontend->productcatalogservice  rpr=0.0000  low=301 high=0  attempts=3  state=ON  metric=rpr
2026-10-08T00:05:08Z  OBSERVE  frontend->shippingservice  rpr=0.0000  low=301 high=0  attempts=3  state=ON  metric=rpr
2026-10-08T00:05:08Z  OBSERVE  checkoutservice->cartservice  rpr=0.0000  low=300 high=0  attempts=3  state=ON  metric=rpr
2026-10-08T00:05:08Z  OBSERVE  checkoutservice->currencyservice  rpr=0.0000  low=300 high=0  attempts=3  state=ON  metric=rpr
2026-10-08T00:05:08Z  OBSERVE  checkoutservice->emailservice  rpr=0.0000  low=299 high=0  attempts=3  state=ON  metric=rpr
2026-10-08T00:05:08Z  OBSERVE  checkoutservice->paymentservice  rpr=0.0000  low=300 high=0  attempts=3  state=ON  metric=rpr
2026-10-08T00:05:08Z  OBSERVE  checkoutservice->shippingservice  rpr=0.0000  low=300 high=0  attempts=3  state=ON  metric=rpr
2026-10-08T00:05:08Z  OBSERVE  recommendationservice->productcatalogservice  rpr=0.0000  low=301 high=0  attempts=3  state=ON  metric=rpr
2026-10-08T00:05:08Z  OBSERVE  recommendationservice  rejection=0.4083  low=0 high=228  state=OFF  metric=rejection
2026-10-08T00:05:10Z  OBSERVE  frontend->adservice  rpr=0.0000  low=301 high=0  attempts=3  state=ON  metric=rpr
2026-10-08T00:05:10Z  OBSERVE  frontend->cartservice  rpr=0.0000  low=302 high=0  attempts=3  state=ON  metric=rpr
2026-10-08T00:05:10Z  OBSERVE  frontend->checkoutservice  rpr=0.0000  low=258 high=0  attempts=3  state=ON  metric=rpr
2026-10-08T00:05:10Z  OBSERVE  frontend->currencyservice  rpr=0.0000  low=302 high=0  attempts=3  state=ON  metric=rpr
2026-10-08T00:05:10Z  OBSERVE  frontend->productcatalogservice  rpr=0.0000  low=302 high=0  attempts=3  state=ON  metric=rpr
2026-10-08T00:05:10Z  OBSERVE  frontend->shippingservice  rpr=0.0000  low=302 high=0  attempts=3  state=ON  metric=rpr
2026-10-08T00:05:10Z  OBSERVE  checkoutservice->cartservice  rpr=0.0000  low=301 high=0  attempts=3  state=ON  metric=rpr
2026-10-08T00:05:10Z  OBSERVE  checkoutservice->currencyservice  rpr=0.0000  low=301 high=0  attempts=3  state=ON  metric=rpr
2026-10-08T00:05:10Z  OBSERVE  checkoutservice->emailservice  rpr=0.0000  low=300 high=0  attempts=3  state=ON  metric=rpr
2026-10-08T00:05:10Z  OBSERVE  checkoutservice->paymentservice  rpr=0.0000  low=301 high=0  attempts=3  state=ON  metric=rpr
2026-10-08T00:05:10Z  OBSERVE  checkoutservice->shippingservice  rpr=0.0000  low=301 high=0  attempts=3  state=ON  metric=rpr
2026-10-08T00:05:10Z  OBSERVE  recommendationservice->productcatalogservice  rpr=0.0000  low=302 high=0  attempts=3  state=ON  metric=rpr
2026-10-08T00:05:10Z  OBSERVE  recommendationservice  rejection=0.3527  low=0 high=229  state=OFF  metric=rejection
2026-10-08T00:05:12Z  OBSERVE  frontend->adservice  rpr=0.0000  low=302 high=0  attempts=3  state=ON  metric=rpr
2026-10-08T00:05:12Z  OBSERVE  frontend->cartservice  rpr=0.0000  low=303 high=0  attempts=3  state=ON  metric=rpr
2026-10-08T00:05:12Z  OBSERVE  frontend->checkoutservice  rpr=0.0000  low=259 high=0  attempts=3  state=ON  metric=rpr
2026-10-08T00:05:12Z  OBSERVE  frontend->currencyservice  rpr=0.0000  low=303 high=0  attempts=3  state=ON  metric=rpr
2026-10-08T00:05:12Z  OBSERVE  frontend->productcatalogservice  rpr=0.0000  low=303 high=0  attempts=3  state=ON  metric=rpr
2026-10-08T00:05:12Z  OBSERVE  frontend->shippingservice  rpr=0.0000  low=303 high=0  attempts=3  state=ON  metric=rpr
2026-10-08T00:05:12Z  OBSERVE  checkoutservice->cartservice  rpr=0.0000  low=302 high=0  attempts=3  state=ON  metric=rpr
2026-10-08T00:05:12Z  OBSERVE  checkoutservice->currencyservice  rpr=0.0000  low=302 high=0  attempts=3  state=ON  metric=rpr
2026-10-08T00:05:12Z  OBSERVE  checkoutservice->emailservice  rpr=0.0000  low=301 high=0  attempts=3  state=ON  metric=rpr
2026-10-08T00:05:12Z  OBSERVE  checkoutservice->paymentservice  rpr=0.0000  low=302 high=0  attempts=3  state=ON  metric=rpr
2026-10-08T00:05:12Z  OBSERVE  checkoutservice->shippingservice  rpr=0.0000  low=302 high=0  attempts=3  state=ON  metric=rpr
2026-10-08T00:05:12Z  OBSERVE  recommendationservice->productcatalogservice  rpr=0.0000  low=303 high=0  attempts=3  state=ON  metric=rpr
2026-10-08T00:05:12Z  OBSERVE  recommendationservice  rejection=0.3061  low=0 high=230  state=OFF  metric=rejection
2026-10-08T00:05:14Z  OBSERVE  frontend->adservice  rpr=0.0000  low=303 high=0  attempts=3  state=ON  metric=rpr
2026-10-08T00:05:14Z  OBSERVE  frontend->cartservice  rpr=0.0000  low=304 high=0  attempts=3  state=ON  metric=rpr
2026-10-08T00:05:14Z  OBSERVE  frontend->checkoutservice  rpr=0.0000  low=260 high=0  attempts=3  state=ON  metric=rpr
2026-10-08T00:05:14Z  OBSERVE  frontend->currencyservice  rpr=0.0000  low=304 high=0  attempts=3  state=ON  metric=rpr
2026-10-08T00:05:14Z  OBSERVE  frontend->productcatalogservice  rpr=0.0000  low=304 high=0  attempts=3  state=ON  metric=rpr
2026-10-08T00:05:14Z  OBSERVE  frontend->shippingservice  rpr=0.0000  low=304 high=0  attempts=3  state=ON  metric=rpr
2026-10-08T00:05:14Z  OBSERVE  checkoutservice->cartservice  rpr=0.0000  low=303 high=0  attempts=3  state=ON  metric=rpr
2026-10-08T00:05:14Z  OBSERVE  checkoutservice->currencyservice  rpr=0.0000  low=303 high=0  attempts=3  state=ON  metric=rpr
2026-10-08T00:05:14Z  OBSERVE  checkoutservice->emailservice  rpr=0.0000  low=302 high=0  attempts=3  state=ON  metric=rpr
2026-10-08T00:05:14Z  OBSERVE  checkoutservice->paymentservice  rpr=0.0000  low=303 high=0  attempts=3  state=ON  metric=rpr
2026-10-08T00:05:14Z  OBSERVE  checkoutservice->shippingservice  rpr=0.0000  low=303 high=0  attempts=3  state=ON  metric=rpr
2026-10-08T00:05:14Z  OBSERVE  recommendationservice->productcatalogservice  rpr=0.0000  low=304 high=0  attempts=3  state=ON  metric=rpr
2026-10-08T00:05:14Z  OBSERVE  recommendationservice  rejection=0.3538  low=0 high=231  state=OFF  metric=rejection
2026-10-08T00:05:16Z  OBSERVE  frontend->adservice  rpr=0.0000  low=304 high=0  attempts=3  state=ON  metric=rpr
2026-10-08T00:05:16Z  OBSERVE  frontend->cartservice  rpr=0.0000  low=305 high=0  attempts=3  state=ON  metric=rpr
2026-10-08T00:05:16Z  OBSERVE  frontend->checkoutservice  rpr=0.0000  low=261 high=0  attempts=3  state=ON  metric=rpr
2026-10-08T00:05:16Z  OBSERVE  frontend->currencyservice  rpr=0.0000  low=305 high=0  attempts=3  state=ON  metric=rpr
2026-10-08T00:05:16Z  OBSERVE  frontend->productcatalogservice  rpr=0.0000  low=305 high=0  attempts=3  state=ON  metric=rpr
2026-10-08T00:05:16Z  OBSERVE  frontend->shippingservice  rpr=0.0000  low=305 high=0  attempts=3  state=ON  metric=rpr
2026-10-08T00:05:16Z  OBSERVE  checkoutservice->cartservice  rpr=0.0000  low=304 high=0  attempts=3  state=ON  metric=rpr
2026-10-08T00:05:16Z  OBSERVE  checkoutservice->currencyservice  rpr=0.0000  low=304 high=0  attempts=3  state=ON  metric=rpr
2026-10-08T00:05:16Z  OBSERVE  checkoutservice->emailservice  rpr=0.0000  low=303 high=0  attempts=3  state=ON  metric=rpr
2026-10-08T00:05:16Z  OBSERVE  checkoutservice->paymentservice  rpr=0.0000  low=304 high=0  attempts=3  state=ON  metric=rpr
2026-10-08T00:05:16Z  OBSERVE  checkoutservice->shippingservice  rpr=0.0000  low=304 high=0  attempts=3  state=ON  metric=rpr
2026-10-08T00:05:16Z  OBSERVE  recommendationservice->productcatalogservice  rpr=0.0000  low=305 high=0  attempts=3  state=ON  metric=rpr
2026-10-08T00:05:16Z  OBSERVE  recommendationservice  rejection=0.3985  low=0 high=232  state=OFF  metric=rejection
2026-10-08T00:05:18Z  OBSERVE  frontend->adservice  rpr=0.0000  low=305 high=0  attempts=3  state=ON  metric=rpr
2026-10-08T00:05:18Z  OBSERVE  frontend->cartservice  rpr=0.0000  low=306 high=0  attempts=3  state=ON  metric=rpr
2026-10-08T00:05:18Z  OBSERVE  frontend->checkoutservice  rpr=0.0000  low=262 high=0  attempts=3  state=ON  metric=rpr
2026-10-08T00:05:18Z  OBSERVE  frontend->currencyservice  rpr=0.0000  low=306 high=0  attempts=3  state=ON  metric=rpr
2026-10-08T00:05:18Z  OBSERVE  frontend->productcatalogservice  rpr=0.0000  low=306 high=0  attempts=3  state=ON  metric=rpr
2026-10-08T00:05:18Z  OBSERVE  frontend->shippingservice  rpr=0.0000  low=306 high=0  attempts=3  state=ON  metric=rpr
2026-10-08T00:05:18Z  OBSERVE  checkoutservice->cartservice  rpr=0.0000  low=305 high=0  attempts=3  state=ON  metric=rpr
2026-10-08T00:05:18Z  OBSERVE  checkoutservice->currencyservice  rpr=0.0000  low=305 high=0  attempts=3  state=ON  metric=rpr
2026-10-08T00:05:18Z  OBSERVE  checkoutservice->emailservice  rpr=0.0000  low=304 high=0  attempts=3  state=ON  metric=rpr
2026-10-08T00:05:18Z  OBSERVE  checkoutservice->paymentservice  rpr=0.0000  low=305 high=0  attempts=3  state=ON  metric=rpr
2026-10-08T00:05:18Z  OBSERVE  checkoutservice->shippingservice  rpr=0.0000  low=305 high=0  attempts=3  state=ON  metric=rpr
2026-10-08T00:05:18Z  OBSERVE  recommendationservice->productcatalogservice  rpr=0.0000  low=306 high=0  attempts=3  state=ON  metric=rpr
2026-10-08T00:05:18Z  OBSERVE  recommendationservice  rejection=0.3447  low=0 high=233  state=OFF  metric=rejection
2026-10-08T00:05:20Z  OBSERVE  frontend->adservice  rpr=0.0000  low=306 high=0  attempts=3  state=ON  metric=rpr
2026-10-08T00:05:20Z  OBSERVE  frontend->cartservice  rpr=0.0000  low=307 high=0  attempts=3  state=ON  metric=rpr
2026-10-08T00:05:20Z  OBSERVE  frontend->checkoutservice  rpr=0.0000  low=263 high=0  attempts=3  state=ON  metric=rpr
2026-10-08T00:05:20Z  OBSERVE  frontend->currencyservice  rpr=0.0000  low=307 high=0  attempts=3  state=ON  metric=rpr
2026-10-08T00:05:20Z  OBSERVE  frontend->productcatalogservice  rpr=0.0000  low=307 high=0  attempts=3  state=ON  metric=rpr
2026-10-08T00:05:20Z  OBSERVE  frontend->shippingservice  rpr=0.0000  low=307 high=0  attempts=3  state=ON  metric=rpr
2026-10-08T00:05:20Z  OBSERVE  checkoutservice->cartservice  rpr=0.0000  low=306 high=0  attempts=3  state=ON  metric=rpr
2026-10-08T00:05:20Z  OBSERVE  checkoutservice->currencyservice  rpr=0.0000  low=306 high=0  attempts=3  state=ON  metric=rpr
2026-10-08T00:05:20Z  OBSERVE  checkoutservice->emailservice  rpr=0.0000  low=305 high=0  attempts=3  state=ON  metric=rpr
2026-10-08T00:05:20Z  OBSERVE  checkoutservice->paymentservice  rpr=0.0000  low=306 high=0  attempts=3  state=ON  metric=rpr
2026-10-08T00:05:20Z  OBSERVE  checkoutservice->shippingservice  rpr=0.0000  low=306 high=0  attempts=3  state=ON  metric=rpr
2026-10-08T00:05:20Z  OBSERVE  recommendationservice->productcatalogservice  rpr=0.0000  low=307 high=0  attempts=3  state=ON  metric=rpr
2026-10-08T00:05:20Z  OBSERVE  recommendationservice  rejection=0.3884  low=0 high=234  state=OFF  metric=rejection
2026-10-08T00:05:22Z  OBSERVE  frontend->adservice  rpr=0.0000  low=307 high=0  attempts=3  state=ON  metric=rpr
2026-10-08T00:05:22Z  OBSERVE  frontend->cartservice  rpr=0.0000  low=308 high=0  attempts=3  state=ON  metric=rpr
2026-10-08T00:05:22Z  OBSERVE  frontend->checkoutservice  rpr=0.0000  low=264 high=0  attempts=3  state=ON  metric=rpr
2026-10-08T00:05:22Z  OBSERVE  frontend->currencyservice  rpr=0.0000  low=308 high=0  attempts=3  state=ON  metric=rpr
2026-10-08T00:05:22Z  OBSERVE  frontend->productcatalogservice  rpr=0.0000  low=308 high=0  attempts=3  state=ON  metric=rpr
2026-10-08T00:05:22Z  OBSERVE  frontend->shippingservice  rpr=0.0000  low=308 high=0  attempts=3  state=ON  metric=rpr
2026-10-08T00:05:22Z  OBSERVE  checkoutservice->cartservice  rpr=0.0000  low=307 high=0  attempts=3  state=ON  metric=rpr
2026-10-08T00:05:22Z  OBSERVE  checkoutservice->currencyservice  rpr=0.0000  low=307 high=0  attempts=3  state=ON  metric=rpr
2026-10-08T00:05:22Z  OBSERVE  checkoutservice->emailservice  rpr=0.0000  low=306 high=0  attempts=3  state=ON  metric=rpr
2026-10-08T00:05:22Z  OBSERVE  checkoutservice->paymentservice  rpr=0.0000  low=307 high=0  attempts=3  state=ON  metric=rpr
2026-10-08T00:05:22Z  OBSERVE  checkoutservice->shippingservice  rpr=0.0000  low=307 high=0  attempts=3  state=ON  metric=rpr
2026-10-08T00:05:22Z  OBSERVE  recommendationservice->productcatalogservice  rpr=0.0000  low=308 high=0  attempts=3  state=ON  metric=rpr
2026-10-08T00:05:22Z  OBSERVE  recommendationservice  rejection=0.3663  low=0 high=235  state=OFF  metric=rejection
2026-10-08T00:05:24Z  OBSERVE  frontend->adservice  rpr=0.0000  low=308 high=0  attempts=3  state=ON  metric=rpr
2026-10-08T00:05:24Z  OBSERVE  frontend->cartservice  rpr=0.0000  low=309 high=0  attempts=3  state=ON  metric=rpr
2026-10-08T00:05:24Z  OBSERVE  frontend->checkoutservice  rpr=0.0000  low=265 high=0  attempts=3  state=ON  metric=rpr
2026-10-08T00:05:24Z  OBSERVE  frontend->currencyservice  rpr=0.0000  low=309 high=0  attempts=3  state=ON  metric=rpr
2026-10-08T00:05:24Z  OBSERVE  frontend->productcatalogservice  rpr=0.0000  low=309 high=0  attempts=3  state=ON  metric=rpr
2026-10-08T00:05:24Z  OBSERVE  frontend->shippingservice  rpr=0.0000  low=309 high=0  attempts=3  state=ON  metric=rpr
2026-10-08T00:05:24Z  OBSERVE  checkoutservice->cartservice  rpr=0.0000  low=308 high=0  attempts=3  state=ON  metric=rpr
2026-10-08T00:05:24Z  OBSERVE  checkoutservice->currencyservice  rpr=0.0000  low=308 high=0  attempts=3  state=ON  metric=rpr
2026-10-08T00:05:24Z  OBSERVE  checkoutservice->emailservice  rpr=0.0000  low=307 high=0  attempts=3  state=ON  metric=rpr
2026-10-08T00:05:24Z  OBSERVE  checkoutservice->paymentservice  rpr=0.0000  low=308 high=0  attempts=3  state=ON  metric=rpr
2026-10-08T00:05:24Z  OBSERVE  checkoutservice->shippingservice  rpr=0.0000  low=308 high=0  attempts=3  state=ON  metric=rpr
2026-10-08T00:05:24Z  OBSERVE  recommendationservice->productcatalogservice  rpr=0.0000  low=309 high=0  attempts=3  state=ON  metric=rpr
2026-10-08T00:05:24Z  OBSERVE  recommendationservice  rejection=0.4069  low=0 high=236  state=OFF  metric=rejection
2026-10-08T00:05:26Z  OBSERVE  frontend->adservice  rpr=0.0000  low=309 high=0  attempts=3  state=ON  metric=rpr
2026-10-08T00:05:26Z  OBSERVE  frontend->cartservice  rpr=0.0000  low=310 high=0  attempts=3  state=ON  metric=rpr
2026-10-08T00:05:26Z  OBSERVE  frontend->checkoutservice  rpr=0.0000  low=266 high=0  attempts=3  state=ON  metric=rpr
2026-10-08T00:05:26Z  OBSERVE  frontend->currencyservice  rpr=0.0000  low=310 high=0  attempts=3  state=ON  metric=rpr
2026-10-08T00:05:26Z  OBSERVE  frontend->productcatalogservice  rpr=0.0000  low=310 high=0  attempts=3  state=ON  metric=rpr
2026-10-08T00:05:26Z  OBSERVE  frontend->shippingservice  rpr=0.0000  low=310 high=0  attempts=3  state=ON  metric=rpr
2026-10-08T00:05:26Z  OBSERVE  checkoutservice->cartservice  rpr=0.0000  low=309 high=0  attempts=3  state=ON  metric=rpr
2026-10-08T00:05:26Z  OBSERVE  checkoutservice->currencyservice  rpr=0.0000  low=309 high=0  attempts=3  state=ON  metric=rpr
2026-10-08T00:05:26Z  OBSERVE  checkoutservice->emailservice  rpr=0.0000  low=308 high=0  attempts=3  state=ON  metric=rpr
2026-10-08T00:05:26Z  OBSERVE  checkoutservice->paymentservice  rpr=0.0000  low=309 high=0  attempts=3  state=ON  metric=rpr
2026-10-08T00:05:26Z  OBSERVE  checkoutservice->shippingservice  rpr=0.0000  low=309 high=0  attempts=3  state=ON  metric=rpr
2026-10-08T00:05:26Z  OBSERVE  recommendationservice->productcatalogservice  rpr=0.0000  low=310 high=0  attempts=3  state=ON  metric=rpr
2026-10-08T00:05:26Z  OBSERVE  recommendationservice  rejection=0.4025  low=0 high=237  state=OFF  metric=rejection
2026-10-08T00:05:28Z  OBSERVE  frontend->adservice  rpr=0.0000  low=310 high=0  attempts=3  state=ON  metric=rpr
2026-10-08T00:05:28Z  OBSERVE  frontend->cartservice  rpr=0.0000  low=311 high=0  attempts=3  state=ON  metric=rpr
2026-10-08T00:05:28Z  OBSERVE  frontend->checkoutservice  rpr=0.0000  low=267 high=0  attempts=3  state=ON  metric=rpr
2026-10-08T00:05:28Z  OBSERVE  frontend->currencyservice  rpr=0.0000  low=311 high=0  attempts=3  state=ON  metric=rpr
2026-10-08T00:05:28Z  OBSERVE  frontend->productcatalogservice  rpr=0.0000  low=311 high=0  attempts=3  state=ON  metric=rpr
2026-10-08T00:05:28Z  OBSERVE  frontend->shippingservice  rpr=0.0000  low=311 high=0  attempts=3  state=ON  metric=rpr
2026-10-08T00:05:28Z  OBSERVE  checkoutservice->cartservice  rpr=0.0000  low=310 high=0  attempts=3  state=ON  metric=rpr
2026-10-08T00:05:28Z  OBSERVE  checkoutservice->currencyservice  rpr=0.0000  low=310 high=0  attempts=3  state=ON  metric=rpr
2026-10-08T00:05:28Z  OBSERVE  checkoutservice->emailservice  rpr=0.0000  low=309 high=0  attempts=3  state=ON  metric=rpr
2026-10-08T00:05:28Z  OBSERVE  checkoutservice->paymentservice  rpr=0.0000  low=310 high=0  attempts=3  state=ON  metric=rpr
2026-10-08T00:05:28Z  OBSERVE  checkoutservice->shippingservice  rpr=0.0000  low=310 high=0  attempts=3  state=ON  metric=rpr
2026-10-08T00:05:28Z  OBSERVE  recommendationservice->productcatalogservice  rpr=0.0000  low=311 high=0  attempts=3  state=ON  metric=rpr
2026-10-08T00:05:28Z  OBSERVE  recommendationservice  rejection=0.3127  low=0 high=238  state=OFF  metric=rejection
2026-10-08T00:05:30Z  SHUTDOWN  signal=15
2026-10-08T00:05:30Z  EXIT
