2026-10-07T16:53:02Z  WAITING  for /home/idozacharia/TopFull/TopFull_master/online_boutique_scripts/src/logs/service_inbound.csv (timeout=60s)
2026-10-07T16:53:02Z  READY  found service_inbound.csv (946 rows)
2026-10-07T16:53:02Z  START  metric=edge_rpr rpr_threshold=0.50 rejection_threshold=0.20 reenable_rejection=0.10 sample_interval=1s interval_samples=30 edges=14 attempts_on=3
2026-10-07T16:53:26Z  OBSERVE  frontend->cartservice  rpr=0.0000  low=1 high=0  attempts=3  state=ON  metric=rpr
2026-10-07T16:53:26Z  OBSERVE  frontend->currencyservice  rpr=0.0000  low=1 high=0  attempts=3  state=ON  metric=rpr
2026-10-07T16:53:26Z  OBSERVE  frontend->recommendationservice  rpr=0.0000  low=1 high=0  attempts=3  state=ON  metric=rpr
2026-10-07T16:53:27Z  OBSERVE  frontend->cartservice  rpr=0.0000  low=2 high=0  attempts=3  state=ON  metric=rpr
2026-10-07T16:53:27Z  OBSERVE  frontend->checkoutservice  rpr=0.0000  low=1 high=0  attempts=3  state=ON  metric=rpr
2026-10-07T16:53:27Z  OBSERVE  frontend->currencyservice  rpr=0.0000  low=2 high=0  attempts=3  state=ON  metric=rpr
2026-10-07T16:53:27Z  OBSERVE  frontend->productcatalogservice  rpr=0.0000  low=1 high=0  attempts=3  state=ON  metric=rpr
2026-10-07T16:53:27Z  OBSERVE  frontend->recommendationservice  rpr=0.0000  low=2 high=0  attempts=3  state=ON  metric=rpr
2026-10-07T16:53:27Z  OBSERVE  frontend->shippingservice  rpr=0.0000  low=1 high=0  attempts=3  state=ON  metric=rpr
2026-10-07T16:53:27Z  OBSERVE  recommendationservice->productcatalogservice  rpr=0.0000  low=1 high=0  attempts=3  state=ON  metric=rpr
2026-10-07T16:53:28Z  OBSERVE  frontend->adservice  rpr=0.0000  low=1 high=0  attempts=3  state=ON  metric=rpr
2026-10-07T16:53:28Z  OBSERVE  frontend->cartservice  rpr=0.0000  low=3 high=0  attempts=3  state=ON  metric=rpr
2026-10-07T16:53:28Z  OBSERVE  frontend->checkoutservice  rpr=0.0000  low=2 high=0  attempts=3  state=ON  metric=rpr
2026-10-07T16:53:28Z  OBSERVE  frontend->currencyservice  rpr=0.0000  low=3 high=0  attempts=3  state=ON  metric=rpr
2026-10-07T16:53:28Z  OBSERVE  frontend->productcatalogservice  rpr=0.0000  low=2 high=0  attempts=3  state=ON  metric=rpr
2026-10-07T16:53:28Z  OBSERVE  frontend->recommendationservice  rpr=0.0000  low=3 high=0  attempts=3  state=ON  metric=rpr
2026-10-07T16:53:28Z  OBSERVE  frontend->shippingservice  rpr=0.0000  low=2 high=0  attempts=3  state=ON  metric=rpr
2026-10-07T16:53:28Z  OBSERVE  checkoutservice->cartservice  rpr=0.0000  low=1 high=0  attempts=3  state=ON  metric=rpr
2026-10-07T16:53:28Z  OBSERVE  checkoutservice->currencyservice  rpr=0.0000  low=1 high=0  attempts=3  state=ON  metric=rpr
2026-10-07T16:53:28Z  OBSERVE  checkoutservice->emailservice  rpr=0.0000  low=1 high=0  attempts=3  state=ON  metric=rpr
2026-10-07T16:53:28Z  OBSERVE  checkoutservice->paymentservice  rpr=0.0000  low=1 high=0  attempts=3  state=ON  metric=rpr
2026-10-07T16:53:28Z  OBSERVE  checkoutservice->shippingservice  rpr=0.0000  low=1 high=0  attempts=3  state=ON  metric=rpr
2026-10-07T16:53:28Z  OBSERVE  recommendationservice->productcatalogservice  rpr=0.0000  low=2 high=0  attempts=3  state=ON  metric=rpr
2026-10-07T16:53:29Z  OBSERVE  frontend->adservice  rpr=0.0000  low=2 high=0  attempts=3  state=ON  metric=rpr
2026-10-07T16:53:29Z  OBSERVE  frontend->cartservice  rpr=0.0000  low=4 high=0  attempts=3  state=ON  metric=rpr
2026-10-07T16:53:29Z  OBSERVE  frontend->checkoutservice  rpr=0.0000  low=3 high=0  attempts=3  state=ON  metric=rpr
2026-10-07T16:53:29Z  OBSERVE  frontend->currencyservice  rpr=0.0000  low=4 high=0  attempts=3  state=ON  metric=rpr
2026-10-07T16:53:29Z  OBSERVE  frontend->productcatalogservice  rpr=0.0000  low=3 high=0  attempts=3  state=ON  metric=rpr
2026-10-07T16:53:29Z  OBSERVE  frontend->recommendationservice  rpr=0.0000  low=4 high=0  attempts=3  state=ON  metric=rpr
2026-10-07T16:53:29Z  OBSERVE  frontend->shippingservice  rpr=0.0000  low=3 high=0  attempts=3  state=ON  metric=rpr
2026-10-07T16:53:29Z  OBSERVE  checkoutservice->cartservice  rpr=0.0000  low=2 high=0  attempts=3  state=ON  metric=rpr
2026-10-07T16:53:29Z  OBSERVE  checkoutservice->currencyservice  rpr=0.0000  low=2 high=0  attempts=3  state=ON  metric=rpr
2026-10-07T16:53:29Z  OBSERVE  checkoutservice->emailservice  rpr=0.0000  low=2 high=0  attempts=3  state=ON  metric=rpr
2026-10-07T16:53:29Z  OBSERVE  checkoutservice->paymentservice  rpr=0.0000  low=2 high=0  attempts=3  state=ON  metric=rpr
2026-10-07T16:53:29Z  OBSERVE  checkoutservice->shippingservice  rpr=0.0000  low=2 high=0  attempts=3  state=ON  metric=rpr
2026-10-07T16:53:29Z  OBSERVE  recommendationservice->productcatalogservice  rpr=0.0000  low=3 high=0  attempts=3  state=ON  metric=rpr
2026-10-07T16:53:30Z  OBSERVE  frontend->adservice  rpr=0.0000  low=3 high=0  attempts=3  state=ON  metric=rpr
2026-10-07T16:53:30Z  OBSERVE  frontend->cartservice  rpr=0.0000  low=5 high=0  attempts=3  state=ON  metric=rpr
2026-10-07T16:53:30Z  OBSERVE  frontend->checkoutservice  rpr=0.0000  low=4 high=0  attempts=3  state=ON  metric=rpr
2026-10-07T16:53:30Z  OBSERVE  frontend->currencyservice  rpr=0.0000  low=5 high=0  attempts=3  state=ON  metric=rpr
2026-10-07T16:53:30Z  OBSERVE  frontend->productcatalogservice  rpr=0.0000  low=4 high=0  attempts=3  state=ON  metric=rpr
2026-10-07T16:53:30Z  OBSERVE  frontend->recommendationservice  rpr=0.0000  low=5 high=0  attempts=3  state=ON  metric=rpr
2026-10-07T16:53:30Z  OBSERVE  frontend->shippingservice  rpr=0.0000  low=4 high=0  attempts=3  state=ON  metric=rpr
2026-10-07T16:53:30Z  OBSERVE  checkoutservice->cartservice  rpr=0.0000  low=3 high=0  attempts=3  state=ON  metric=rpr
2026-10-07T16:53:30Z  OBSERVE  checkoutservice->currencyservice  rpr=0.0000  low=3 high=0  attempts=3  state=ON  metric=rpr
2026-10-07T16:53:30Z  OBSERVE  checkoutservice->emailservice  rpr=0.0000  low=3 high=0  attempts=3  state=ON  metric=rpr
2026-10-07T16:53:30Z  OBSERVE  checkoutservice->paymentservice  rpr=0.0000  low=3 high=0  attempts=3  state=ON  metric=rpr
2026-10-07T16:53:30Z  OBSERVE  checkoutservice->shippingservice  rpr=0.0000  low=3 high=0  attempts=3  state=ON  metric=rpr
2026-10-07T16:53:30Z  OBSERVE  recommendationservice->productcatalogservice  rpr=0.0000  low=4 high=0  attempts=3  state=ON  metric=rpr
2026-10-07T16:53:31Z  OBSERVE  frontend->adservice  rpr=0.0000  low=4 high=0  attempts=3  state=ON  metric=rpr
2026-10-07T16:53:31Z  OBSERVE  frontend->cartservice  rpr=0.0000  low=6 high=0  attempts=3  state=ON  metric=rpr
2026-10-07T16:53:31Z  OBSERVE  frontend->checkoutservice  rpr=0.0000  low=5 high=0  attempts=3  state=ON  metric=rpr
2026-10-07T16:53:31Z  OBSERVE  frontend->currencyservice  rpr=0.0000  low=6 high=0  attempts=3  state=ON  metric=rpr
2026-10-07T16:53:31Z  OBSERVE  frontend->productcatalogservice  rpr=0.0000  low=5 high=0  attempts=3  state=ON  metric=rpr
2026-10-07T16:53:31Z  OBSERVE  frontend->recommendationservice  rpr=0.0000  low=6 high=0  attempts=3  state=ON  metric=rpr
2026-10-07T16:53:31Z  OBSERVE  frontend->shippingservice  rpr=0.0000  low=5 high=0  attempts=3  state=ON  metric=rpr
2026-10-07T16:53:31Z  OBSERVE  checkoutservice->cartservice  rpr=0.0000  low=4 high=0  attempts=3  state=ON  metric=rpr
2026-10-07T16:53:31Z  OBSERVE  checkoutservice->currencyservice  rpr=0.0000  low=4 high=0  attempts=3  state=ON  metric=rpr
2026-10-07T16:53:31Z  OBSERVE  checkoutservice->emailservice  rpr=0.0000  low=4 high=0  attempts=3  state=ON  metric=rpr
2026-10-07T16:53:31Z  OBSERVE  checkoutservice->paymentservice  rpr=0.0000  low=4 high=0  attempts=3  state=ON  metric=rpr
2026-10-07T16:53:31Z  OBSERVE  checkoutservice->shippingservice  rpr=0.0000  low=4 high=0  attempts=3  state=ON  metric=rpr
2026-10-07T16:53:31Z  OBSERVE  recommendationservice->productcatalogservice  rpr=0.0000  low=5 high=0  attempts=3  state=ON  metric=rpr
2026-10-07T16:53:32Z  OBSERVE  frontend->adservice  rpr=0.0000  low=5 high=0  attempts=3  state=ON  metric=rpr
2026-10-07T16:53:32Z  OBSERVE  frontend->cartservice  rpr=0.0000  low=7 high=0  attempts=3  state=ON  metric=rpr
2026-10-07T16:53:32Z  OBSERVE  frontend->checkoutservice  rpr=0.0000  low=6 high=0  attempts=3  state=ON  metric=rpr
2026-10-07T16:53:32Z  OBSERVE  frontend->currencyservice  rpr=0.0000  low=7 high=0  attempts=3  state=ON  metric=rpr
2026-10-07T16:53:32Z  OBSERVE  frontend->productcatalogservice  rpr=0.0000  low=6 high=0  attempts=3  state=ON  metric=rpr
2026-10-07T16:53:32Z  OBSERVE  frontend->recommendationservice  rpr=0.0000  low=7 high=0  attempts=3  state=ON  metric=rpr
2026-10-07T16:53:32Z  OBSERVE  frontend->shippingservice  rpr=0.0000  low=6 high=0  attempts=3  state=ON  metric=rpr
2026-10-07T16:53:32Z  OBSERVE  checkoutservice->cartservice  rpr=0.0000  low=5 high=0  attempts=3  state=ON  metric=rpr
2026-10-07T16:53:32Z  OBSERVE  checkoutservice->currencyservice  rpr=0.0000  low=5 high=0  attempts=3  state=ON  metric=rpr
2026-10-07T16:53:32Z  OBSERVE  checkoutservice->emailservice  rpr=0.0000  low=5 high=0  attempts=3  state=ON  metric=rpr
2026-10-07T16:53:32Z  OBSERVE  checkoutservice->paymentservice  rpr=0.0000  low=5 high=0  attempts=3  state=ON  metric=rpr
2026-10-07T16:53:32Z  OBSERVE  checkoutservice->shippingservice  rpr=0.0000  low=5 high=0  attempts=3  state=ON  metric=rpr
2026-10-07T16:53:32Z  OBSERVE  recommendationservice->productcatalogservice  rpr=0.0000  low=6 high=0  attempts=3  state=ON  metric=rpr
2026-10-07T16:53:33Z  OBSERVE  frontend->adservice  rpr=0.0000  low=6 high=0  attempts=3  state=ON  metric=rpr
2026-10-07T16:53:33Z  OBSERVE  frontend->cartservice  rpr=0.0000  low=8 high=0  attempts=3  state=ON  metric=rpr
2026-10-07T16:53:33Z  OBSERVE  frontend->checkoutservice  rpr=0.0000  low=7 high=0  attempts=3  state=ON  metric=rpr
2026-10-07T16:53:33Z  OBSERVE  frontend->currencyservice  rpr=0.0000  low=8 high=0  attempts=3  state=ON  metric=rpr
2026-10-07T16:53:33Z  OBSERVE  frontend->productcatalogservice  rpr=0.0000  low=7 high=0  attempts=3  state=ON  metric=rpr
2026-10-07T16:53:33Z  OBSERVE  frontend->recommendationservice  rpr=0.0000  low=8 high=0  attempts=3  state=ON  metric=rpr
2026-10-07T16:53:33Z  OBSERVE  frontend->shippingservice  rpr=0.0000  low=7 high=0  attempts=3  state=ON  metric=rpr
2026-10-07T16:53:33Z  OBSERVE  checkoutservice->cartservice  rpr=0.0000  low=6 high=0  attempts=3  state=ON  metric=rpr
2026-10-07T16:53:33Z  OBSERVE  checkoutservice->currencyservice  rpr=0.0000  low=6 high=0  attempts=3  state=ON  metric=rpr
2026-10-07T16:53:33Z  OBSERVE  checkoutservice->emailservice  rpr=0.0000  low=6 high=0  attempts=3  state=ON  metric=rpr
2026-10-07T16:53:33Z  OBSERVE  checkoutservice->paymentservice  rpr=0.0000  low=6 high=0  attempts=3  state=ON  metric=rpr
2026-10-07T16:53:33Z  OBSERVE  checkoutservice->shippingservice  rpr=0.0000  low=6 high=0  attempts=3  state=ON  metric=rpr
2026-10-07T16:53:33Z  OBSERVE  recommendationservice->productcatalogservice  rpr=0.0000  low=7 high=0  attempts=3  state=ON  metric=rpr
2026-10-07T16:53:34Z  OBSERVE  frontend->adservice  rpr=0.0000  low=7 high=0  attempts=3  state=ON  metric=rpr
2026-10-07T16:53:34Z  OBSERVE  frontend->cartservice  rpr=0.0000  low=9 high=0  attempts=3  state=ON  metric=rpr
2026-10-07T16:53:34Z  OBSERVE  frontend->checkoutservice  rpr=0.0000  low=8 high=0  attempts=3  state=ON  metric=rpr
2026-10-07T16:53:34Z  OBSERVE  frontend->currencyservice  rpr=0.0000  low=9 high=0  attempts=3  state=ON  metric=rpr
2026-10-07T16:53:34Z  OBSERVE  frontend->productcatalogservice  rpr=0.0000  low=8 high=0  attempts=3  state=ON  metric=rpr
2026-10-07T16:53:34Z  OBSERVE  frontend->recommendationservice  rpr=0.0000  low=9 high=0  attempts=3  state=ON  metric=rpr
2026-10-07T16:53:34Z  OBSERVE  frontend->shippingservice  rpr=0.0000  low=8 high=0  attempts=3  state=ON  metric=rpr
2026-10-07T16:53:34Z  OBSERVE  checkoutservice->cartservice  rpr=0.0000  low=7 high=0  attempts=3  state=ON  metric=rpr
2026-10-07T16:53:34Z  OBSERVE  checkoutservice->currencyservice  rpr=0.0000  low=7 high=0  attempts=3  state=ON  metric=rpr
2026-10-07T16:53:34Z  OBSERVE  checkoutservice->emailservice  rpr=0.0000  low=7 high=0  attempts=3  state=ON  metric=rpr
2026-10-07T16:53:34Z  OBSERVE  checkoutservice->paymentservice  rpr=0.0000  low=7 high=0  attempts=3  state=ON  metric=rpr
2026-10-07T16:53:34Z  OBSERVE  checkoutservice->shippingservice  rpr=0.0000  low=7 high=0  attempts=3  state=ON  metric=rpr
2026-10-07T16:53:34Z  OBSERVE  recommendationservice->productcatalogservice  rpr=0.0000  low=8 high=0  attempts=3  state=ON  metric=rpr
2026-10-07T16:53:35Z  OBSERVE  frontend->adservice  rpr=0.0000  low=8 high=0  attempts=3  state=ON  metric=rpr
2026-10-07T16:53:35Z  OBSERVE  frontend->cartservice  rpr=0.0000  low=10 high=0  attempts=3  state=ON  metric=rpr
2026-10-07T16:53:35Z  OBSERVE  frontend->checkoutservice  rpr=0.0000  low=9 high=0  attempts=3  state=ON  metric=rpr
2026-10-07T16:53:35Z  OBSERVE  frontend->currencyservice  rpr=0.0000  low=10 high=0  attempts=3  state=ON  metric=rpr
2026-10-07T16:53:35Z  OBSERVE  frontend->productcatalogservice  rpr=0.0000  low=9 high=0  attempts=3  state=ON  metric=rpr
2026-10-07T16:53:35Z  OBSERVE  frontend->recommendationservice  rpr=0.0000  low=10 high=0  attempts=3  state=ON  metric=rpr
2026-10-07T16:53:35Z  OBSERVE  frontend->shippingservice  rpr=0.0000  low=9 high=0  attempts=3  state=ON  metric=rpr
2026-10-07T16:53:35Z  OBSERVE  checkoutservice->cartservice  rpr=0.0000  low=8 high=0  attempts=3  state=ON  metric=rpr
2026-10-07T16:53:35Z  OBSERVE  checkoutservice->currencyservice  rpr=0.0000  low=8 high=0  attempts=3  state=ON  metric=rpr
2026-10-07T16:53:35Z  OBSERVE  checkoutservice->emailservice  rpr=0.0000  low=8 high=0  attempts=3  state=ON  metric=rpr
2026-10-07T16:53:35Z  OBSERVE  checkoutservice->paymentservice  rpr=0.0000  low=8 high=0  attempts=3  state=ON  metric=rpr
2026-10-07T16:53:35Z  OBSERVE  checkoutservice->shippingservice  rpr=0.0000  low=8 high=0  attempts=3  state=ON  metric=rpr
2026-10-07T16:53:35Z  OBSERVE  recommendationservice->productcatalogservice  rpr=0.0000  low=9 high=0  attempts=3  state=ON  metric=rpr
2026-10-07T16:53:36Z  OBSERVE  frontend->adservice  rpr=0.0000  low=9 high=0  attempts=3  state=ON  metric=rpr
2026-10-07T16:53:36Z  OBSERVE  frontend->cartservice  rpr=0.0000  low=11 high=0  attempts=3  state=ON  metric=rpr
2026-10-07T16:53:36Z  OBSERVE  frontend->checkoutservice  rpr=0.0000  low=10 high=0  attempts=3  state=ON  metric=rpr
2026-10-07T16:53:36Z  OBSERVE  frontend->currencyservice  rpr=0.0000  low=11 high=0  attempts=3  state=ON  metric=rpr
2026-10-07T16:53:36Z  OBSERVE  frontend->productcatalogservice  rpr=0.0000  low=10 high=0  attempts=3  state=ON  metric=rpr
2026-10-07T16:53:36Z  OBSERVE  frontend->recommendationservice  rpr=0.0000  low=11 high=0  attempts=3  state=ON  metric=rpr
2026-10-07T16:53:36Z  OBSERVE  frontend->shippingservice  rpr=0.0000  low=10 high=0  attempts=3  state=ON  metric=rpr
2026-10-07T16:53:36Z  OBSERVE  checkoutservice->cartservice  rpr=0.0000  low=9 high=0  attempts=3  state=ON  metric=rpr
2026-10-07T16:53:36Z  OBSERVE  checkoutservice->currencyservice  rpr=0.0000  low=9 high=0  attempts=3  state=ON  metric=rpr
2026-10-07T16:53:36Z  OBSERVE  checkoutservice->emailservice  rpr=0.0000  low=9 high=0  attempts=3  state=ON  metric=rpr
2026-10-07T16:53:36Z  OBSERVE  checkoutservice->paymentservice  rpr=0.0000  low=9 high=0  attempts=3  state=ON  metric=rpr
2026-10-07T16:53:36Z  OBSERVE  checkoutservice->shippingservice  rpr=0.0000  low=9 high=0  attempts=3  state=ON  metric=rpr
2026-10-07T16:53:36Z  OBSERVE  recommendationservice->productcatalogservice  rpr=0.0000  low=10 high=0  attempts=3  state=ON  metric=rpr
2026-10-07T16:53:37Z  OBSERVE  frontend->adservice  rpr=0.0000  low=10 high=0  attempts=3  state=ON  metric=rpr
2026-10-07T16:53:37Z  OBSERVE  frontend->cartservice  rpr=0.0000  low=12 high=0  attempts=3  state=ON  metric=rpr
2026-10-07T16:53:37Z  OBSERVE  frontend->checkoutservice  rpr=0.0000  low=11 high=0  attempts=3  state=ON  metric=rpr
2026-10-07T16:53:37Z  OBSERVE  frontend->currencyservice  rpr=0.0000  low=12 high=0  attempts=3  state=ON  metric=rpr
2026-10-07T16:53:37Z  OBSERVE  frontend->productcatalogservice  rpr=0.0000  low=11 high=0  attempts=3  state=ON  metric=rpr
2026-10-07T16:53:37Z  OBSERVE  frontend->recommendationservice  rpr=0.0000  low=12 high=0  attempts=3  state=ON  metric=rpr
2026-10-07T16:53:37Z  OBSERVE  frontend->shippingservice  rpr=0.0000  low=11 high=0  attempts=3  state=ON  metric=rpr
2026-10-07T16:53:37Z  OBSERVE  checkoutservice->cartservice  rpr=0.0000  low=10 high=0  attempts=3  state=ON  metric=rpr
2026-10-07T16:53:37Z  OBSERVE  checkoutservice->currencyservice  rpr=0.0000  low=10 high=0  attempts=3  state=ON  metric=rpr
2026-10-07T16:53:37Z  OBSERVE  checkoutservice->emailservice  rpr=0.0000  low=10 high=0  attempts=3  state=ON  metric=rpr
2026-10-07T16:53:37Z  OBSERVE  checkoutservice->paymentservice  rpr=0.0000  low=10 high=0  attempts=3  state=ON  metric=rpr
2026-10-07T16:53:37Z  OBSERVE  checkoutservice->shippingservice  rpr=0.0000  low=10 high=0  attempts=3  state=ON  metric=rpr
2026-10-07T16:53:37Z  OBSERVE  recommendationservice->productcatalogservice  rpr=0.0000  low=11 high=0  attempts=3  state=ON  metric=rpr
2026-10-07T16:53:38Z  OBSERVE  frontend->adservice  rpr=0.0000  low=11 high=0  attempts=3  state=ON  metric=rpr
2026-10-07T16:53:38Z  OBSERVE  frontend->cartservice  rpr=0.0000  low=13 high=0  attempts=3  state=ON  metric=rpr
2026-10-07T16:53:38Z  OBSERVE  frontend->checkoutservice  rpr=0.0000  low=12 high=0  attempts=3  state=ON  metric=rpr
2026-10-07T16:53:38Z  OBSERVE  frontend->currencyservice  rpr=0.0000  low=13 high=0  attempts=3  state=ON  metric=rpr
2026-10-07T16:53:38Z  OBSERVE  frontend->productcatalogservice  rpr=0.0000  low=12 high=0  attempts=3  state=ON  metric=rpr
2026-10-07T16:53:38Z  OBSERVE  frontend->recommendationservice  rpr=0.0000  low=13 high=0  attempts=3  state=ON  metric=rpr
2026-10-07T16:53:38Z  OBSERVE  frontend->shippingservice  rpr=0.0000  low=12 high=0  attempts=3  state=ON  metric=rpr
2026-10-07T16:53:38Z  OBSERVE  checkoutservice->cartservice  rpr=0.0000  low=11 high=0  attempts=3  state=ON  metric=rpr
2026-10-07T16:53:38Z  OBSERVE  checkoutservice->currencyservice  rpr=0.0000  low=11 high=0  attempts=3  state=ON  metric=rpr
2026-10-07T16:53:38Z  OBSERVE  checkoutservice->emailservice  rpr=0.0000  low=11 high=0  attempts=3  state=ON  metric=rpr
2026-10-07T16:53:38Z  OBSERVE  checkoutservice->paymentservice  rpr=0.0000  low=11 high=0  attempts=3  state=ON  metric=rpr
2026-10-07T16:53:38Z  OBSERVE  checkoutservice->shippingservice  rpr=0.0000  low=11 high=0  attempts=3  state=ON  metric=rpr
2026-10-07T16:53:38Z  OBSERVE  recommendationservice->productcatalogservice  rpr=0.0000  low=12 high=0  attempts=3  state=ON  metric=rpr
2026-10-07T16:53:39Z  OBSERVE  frontend->adservice  rpr=0.0000  low=12 high=0  attempts=3  state=ON  metric=rpr
2026-10-07T16:53:39Z  OBSERVE  frontend->cartservice  rpr=0.0000  low=14 high=0  attempts=3  state=ON  metric=rpr
2026-10-07T16:53:39Z  OBSERVE  frontend->checkoutservice  rpr=0.0000  low=13 high=0  attempts=3  state=ON  metric=rpr
2026-10-07T16:53:39Z  OBSERVE  frontend->currencyservice  rpr=0.0000  low=14 high=0  attempts=3  state=ON  metric=rpr
2026-10-07T16:53:39Z  OBSERVE  frontend->productcatalogservice  rpr=0.0000  low=13 high=0  attempts=3  state=ON  metric=rpr
2026-10-07T16:53:39Z  OBSERVE  frontend->recommendationservice  rpr=0.0000  low=14 high=0  attempts=3  state=ON  metric=rpr
2026-10-07T16:53:39Z  OBSERVE  frontend->shippingservice  rpr=0.0000  low=13 high=0  attempts=3  state=ON  metric=rpr
2026-10-07T16:53:39Z  OBSERVE  checkoutservice->cartservice  rpr=0.0000  low=12 high=0  attempts=3  state=ON  metric=rpr
2026-10-07T16:53:39Z  OBSERVE  checkoutservice->currencyservice  rpr=0.0000  low=12 high=0  attempts=3  state=ON  metric=rpr
2026-10-07T16:53:39Z  OBSERVE  checkoutservice->emailservice  rpr=0.0000  low=12 high=0  attempts=3  state=ON  metric=rpr
2026-10-07T16:53:39Z  OBSERVE  checkoutservice->paymentservice  rpr=0.0000  low=12 high=0  attempts=3  state=ON  metric=rpr
2026-10-07T16:53:39Z  OBSERVE  checkoutservice->shippingservice  rpr=0.0000  low=12 high=0  attempts=3  state=ON  metric=rpr
2026-10-07T16:53:39Z  OBSERVE  recommendationservice->productcatalogservice  rpr=0.0000  low=13 high=0  attempts=3  state=ON  metric=rpr
2026-10-07T16:53:40Z  OBSERVE  frontend->adservice  rpr=0.0000  low=13 high=0  attempts=3  state=ON  metric=rpr
2026-10-07T16:53:40Z  OBSERVE  frontend->cartservice  rpr=0.0000  low=15 high=0  attempts=3  state=ON  metric=rpr
2026-10-07T16:53:40Z  OBSERVE  frontend->checkoutservice  rpr=0.0000  low=14 high=0  attempts=3  state=ON  metric=rpr
2026-10-07T16:53:40Z  OBSERVE  frontend->currencyservice  rpr=0.0000  low=15 high=0  attempts=3  state=ON  metric=rpr
2026-10-07T16:53:40Z  OBSERVE  frontend->productcatalogservice  rpr=0.0000  low=14 high=0  attempts=3  state=ON  metric=rpr
2026-10-07T16:53:40Z  OBSERVE  frontend->recommendationservice  rpr=0.0000  low=15 high=0  attempts=3  state=ON  metric=rpr
2026-10-07T16:53:40Z  OBSERVE  frontend->shippingservice  rpr=0.0000  low=14 high=0  attempts=3  state=ON  metric=rpr
2026-10-07T16:53:40Z  OBSERVE  checkoutservice->cartservice  rpr=0.0000  low=13 high=0  attempts=3  state=ON  metric=rpr
2026-10-07T16:53:40Z  OBSERVE  checkoutservice->currencyservice  rpr=0.0000  low=13 high=0  attempts=3  state=ON  metric=rpr
2026-10-07T16:53:40Z  OBSERVE  checkoutservice->emailservice  rpr=0.0000  low=13 high=0  attempts=3  state=ON  metric=rpr
2026-10-07T16:53:40Z  OBSERVE  checkoutservice->paymentservice  rpr=0.0000  low=13 high=0  attempts=3  state=ON  metric=rpr
2026-10-07T16:53:40Z  OBSERVE  checkoutservice->shippingservice  rpr=0.0000  low=13 high=0  attempts=3  state=ON  metric=rpr
2026-10-07T16:53:40Z  OBSERVE  recommendationservice->productcatalogservice  rpr=0.0000  low=14 high=0  attempts=3  state=ON  metric=rpr
2026-10-07T16:53:41Z  OBSERVE  frontend->adservice  rpr=0.0000  low=14 high=0  attempts=3  state=ON  metric=rpr
2026-10-07T16:53:41Z  OBSERVE  frontend->cartservice  rpr=0.0000  low=16 high=0  attempts=3  state=ON  metric=rpr
2026-10-07T16:53:41Z  OBSERVE  frontend->checkoutservice  rpr=0.0000  low=15 high=0  attempts=3  state=ON  metric=rpr
2026-10-07T16:53:41Z  OBSERVE  frontend->currencyservice  rpr=0.0000  low=16 high=0  attempts=3  state=ON  metric=rpr
2026-10-07T16:53:41Z  OBSERVE  frontend->productcatalogservice  rpr=0.0000  low=15 high=0  attempts=3  state=ON  metric=rpr
2026-10-07T16:53:41Z  OBSERVE  frontend->recommendationservice  rpr=0.0000  low=16 high=0  attempts=3  state=ON  metric=rpr
2026-10-07T16:53:41Z  OBSERVE  frontend->shippingservice  rpr=0.0000  low=15 high=0  attempts=3  state=ON  metric=rpr
2026-10-07T16:53:41Z  OBSERVE  checkoutservice->cartservice  rpr=0.0000  low=14 high=0  attempts=3  state=ON  metric=rpr
2026-10-07T16:53:41Z  OBSERVE  checkoutservice->currencyservice  rpr=0.0000  low=14 high=0  attempts=3  state=ON  metric=rpr
2026-10-07T16:53:41Z  OBSERVE  checkoutservice->emailservice  rpr=0.0000  low=14 high=0  attempts=3  state=ON  metric=rpr
2026-10-07T16:53:41Z  OBSERVE  checkoutservice->paymentservice  rpr=0.0000  low=14 high=0  attempts=3  state=ON  metric=rpr
2026-10-07T16:53:41Z  OBSERVE  checkoutservice->shippingservice  rpr=0.0000  low=14 high=0  attempts=3  state=ON  metric=rpr
2026-10-07T16:53:41Z  OBSERVE  recommendationservice->productcatalogservice  rpr=0.0000  low=15 high=0  attempts=3  state=ON  metric=rpr
2026-10-07T16:53:42Z  OBSERVE  frontend->adservice  rpr=0.0000  low=15 high=0  attempts=3  state=ON  metric=rpr
2026-10-07T16:53:42Z  OBSERVE  frontend->cartservice  rpr=0.0000  low=17 high=0  attempts=3  state=ON  metric=rpr
2026-10-07T16:53:42Z  OBSERVE  frontend->checkoutservice  rpr=0.0000  low=16 high=0  attempts=3  state=ON  metric=rpr
2026-10-07T16:53:42Z  OBSERVE  frontend->currencyservice  rpr=0.0000  low=17 high=0  attempts=3  state=ON  metric=rpr
2026-10-07T16:53:42Z  OBSERVE  frontend->productcatalogservice  rpr=0.0000  low=16 high=0  attempts=3  state=ON  metric=rpr
2026-10-07T16:53:42Z  OBSERVE  frontend->recommendationservice  rpr=0.0000  low=17 high=0  attempts=3  state=ON  metric=rpr
2026-10-07T16:53:42Z  OBSERVE  frontend->shippingservice  rpr=0.0000  low=16 high=0  attempts=3  state=ON  metric=rpr
2026-10-07T16:53:42Z  OBSERVE  checkoutservice->cartservice  rpr=0.0000  low=15 high=0  attempts=3  state=ON  metric=rpr
2026-10-07T16:53:42Z  OBSERVE  checkoutservice->currencyservice  rpr=0.0000  low=15 high=0  attempts=3  state=ON  metric=rpr
2026-10-07T16:53:42Z  OBSERVE  checkoutservice->emailservice  rpr=0.0000  low=15 high=0  attempts=3  state=ON  metric=rpr
2026-10-07T16:53:42Z  OBSERVE  checkoutservice->paymentservice  rpr=0.0000  low=15 high=0  attempts=3  state=ON  metric=rpr
2026-10-07T16:53:42Z  OBSERVE  checkoutservice->shippingservice  rpr=0.0000  low=15 high=0  attempts=3  state=ON  metric=rpr
2026-10-07T16:53:42Z  OBSERVE  recommendationservice->productcatalogservice  rpr=0.0000  low=16 high=0  attempts=3  state=ON  metric=rpr
2026-10-07T16:53:43Z  OBSERVE  frontend->adservice  rpr=0.0000  low=16 high=0  attempts=3  state=ON  metric=rpr
2026-10-07T16:53:43Z  OBSERVE  frontend->cartservice  rpr=0.0000  low=18 high=0  attempts=3  state=ON  metric=rpr
2026-10-07T16:53:43Z  OBSERVE  frontend->checkoutservice  rpr=0.0000  low=17 high=0  attempts=3  state=ON  metric=rpr
2026-10-07T16:53:43Z  OBSERVE  frontend->currencyservice  rpr=0.0000  low=18 high=0  attempts=3  state=ON  metric=rpr
2026-10-07T16:53:43Z  OBSERVE  frontend->productcatalogservice  rpr=0.0000  low=17 high=0  attempts=3  state=ON  metric=rpr
2026-10-07T16:53:43Z  OBSERVE  frontend->recommendationservice  rpr=0.0000  low=18 high=0  attempts=3  state=ON  metric=rpr
2026-10-07T16:53:43Z  OBSERVE  frontend->shippingservice  rpr=0.0000  low=17 high=0  attempts=3  state=ON  metric=rpr
2026-10-07T16:53:43Z  OBSERVE  checkoutservice->cartservice  rpr=0.0000  low=16 high=0  attempts=3  state=ON  metric=rpr
2026-10-07T16:53:43Z  OBSERVE  checkoutservice->currencyservice  rpr=0.0000  low=16 high=0  attempts=3  state=ON  metric=rpr
2026-10-07T16:53:43Z  OBSERVE  checkoutservice->emailservice  rpr=0.0000  low=16 high=0  attempts=3  state=ON  metric=rpr
2026-10-07T16:53:43Z  OBSERVE  checkoutservice->paymentservice  rpr=0.0000  low=16 high=0  attempts=3  state=ON  metric=rpr
2026-10-07T16:53:43Z  OBSERVE  checkoutservice->shippingservice  rpr=0.0000  low=16 high=0  attempts=3  state=ON  metric=rpr
2026-10-07T16:53:43Z  OBSERVE  recommendationservice->productcatalogservice  rpr=0.0000  low=17 high=0  attempts=3  state=ON  metric=rpr
2026-10-07T16:53:44Z  OBSERVE  frontend->adservice  rpr=0.0000  low=17 high=0  attempts=3  state=ON  metric=rpr
2026-10-07T16:53:44Z  OBSERVE  frontend->cartservice  rpr=0.0000  low=19 high=0  attempts=3  state=ON  metric=rpr
2026-10-07T16:53:44Z  OBSERVE  frontend->checkoutservice  rpr=0.0000  low=18 high=0  attempts=3  state=ON  metric=rpr
2026-10-07T16:53:44Z  OBSERVE  frontend->currencyservice  rpr=0.0000  low=19 high=0  attempts=3  state=ON  metric=rpr
2026-10-07T16:53:44Z  OBSERVE  frontend->productcatalogservice  rpr=0.0000  low=18 high=0  attempts=3  state=ON  metric=rpr
2026-10-07T16:53:44Z  OBSERVE  frontend->recommendationservice  rpr=0.0000  low=19 high=0  attempts=3  state=ON  metric=rpr
2026-10-07T16:53:44Z  OBSERVE  frontend->shippingservice  rpr=0.0000  low=18 high=0  attempts=3  state=ON  metric=rpr
2026-10-07T16:53:44Z  OBSERVE  checkoutservice->cartservice  rpr=0.0000  low=17 high=0  attempts=3  state=ON  metric=rpr
2026-10-07T16:53:44Z  OBSERVE  checkoutservice->currencyservice  rpr=0.0000  low=17 high=0  attempts=3  state=ON  metric=rpr
2026-10-07T16:53:44Z  OBSERVE  checkoutservice->emailservice  rpr=0.0000  low=17 high=0  attempts=3  state=ON  metric=rpr
2026-10-07T16:53:44Z  OBSERVE  checkoutservice->paymentservice  rpr=0.0000  low=17 high=0  attempts=3  state=ON  metric=rpr
2026-10-07T16:53:44Z  OBSERVE  checkoutservice->shippingservice  rpr=0.0000  low=17 high=0  attempts=3  state=ON  metric=rpr
2026-10-07T16:53:44Z  OBSERVE  recommendationservice->productcatalogservice  rpr=0.0000  low=18 high=0  attempts=3  state=ON  metric=rpr
2026-10-07T16:53:45Z  OBSERVE  frontend->adservice  rpr=0.0000  low=18 high=0  attempts=3  state=ON  metric=rpr
2026-10-07T16:53:45Z  OBSERVE  frontend->cartservice  rpr=0.0000  low=20 high=0  attempts=3  state=ON  metric=rpr
2026-10-07T16:53:45Z  OBSERVE  frontend->checkoutservice  rpr=0.0000  low=19 high=0  attempts=3  state=ON  metric=rpr
2026-10-07T16:53:45Z  OBSERVE  frontend->currencyservice  rpr=0.0000  low=20 high=0  attempts=3  state=ON  metric=rpr
2026-10-07T16:53:45Z  OBSERVE  frontend->productcatalogservice  rpr=0.0000  low=19 high=0  attempts=3  state=ON  metric=rpr
2026-10-07T16:53:45Z  OBSERVE  frontend->recommendationservice  rpr=0.0000  low=20 high=0  attempts=3  state=ON  metric=rpr
2026-10-07T16:53:45Z  OBSERVE  frontend->shippingservice  rpr=0.0000  low=19 high=0  attempts=3  state=ON  metric=rpr
2026-10-07T16:53:45Z  OBSERVE  checkoutservice->cartservice  rpr=0.0000  low=18 high=0  attempts=3  state=ON  metric=rpr
2026-10-07T16:53:45Z  OBSERVE  checkoutservice->currencyservice  rpr=0.0000  low=18 high=0  attempts=3  state=ON  metric=rpr
2026-10-07T16:53:45Z  OBSERVE  checkoutservice->emailservice  rpr=0.0000  low=18 high=0  attempts=3  state=ON  metric=rpr
2026-10-07T16:53:45Z  OBSERVE  checkoutservice->paymentservice  rpr=0.0000  low=18 high=0  attempts=3  state=ON  metric=rpr
2026-10-07T16:53:45Z  OBSERVE  checkoutservice->shippingservice  rpr=0.0000  low=18 high=0  attempts=3  state=ON  metric=rpr
2026-10-07T16:53:45Z  OBSERVE  recommendationservice->productcatalogservice  rpr=0.0000  low=19 high=0  attempts=3  state=ON  metric=rpr
2026-10-07T16:53:46Z  OBSERVE  frontend->adservice  rpr=0.0000  low=19 high=0  attempts=3  state=ON  metric=rpr
2026-10-07T16:53:46Z  OBSERVE  frontend->cartservice  rpr=0.0000  low=21 high=0  attempts=3  state=ON  metric=rpr
2026-10-07T16:53:46Z  OBSERVE  frontend->checkoutservice  rpr=0.0000  low=20 high=0  attempts=3  state=ON  metric=rpr
2026-10-07T16:53:46Z  OBSERVE  frontend->currencyservice  rpr=0.0000  low=21 high=0  attempts=3  state=ON  metric=rpr
2026-10-07T16:53:46Z  OBSERVE  frontend->productcatalogservice  rpr=0.0000  low=20 high=0  attempts=3  state=ON  metric=rpr
2026-10-07T16:53:46Z  OBSERVE  frontend->recommendationservice  rpr=0.0000  low=21 high=0  attempts=3  state=ON  metric=rpr
2026-10-07T16:53:46Z  OBSERVE  frontend->shippingservice  rpr=0.0000  low=20 high=0  attempts=3  state=ON  metric=rpr
2026-10-07T16:53:46Z  OBSERVE  checkoutservice->cartservice  rpr=0.0000  low=19 high=0  attempts=3  state=ON  metric=rpr
2026-10-07T16:53:46Z  OBSERVE  checkoutservice->currencyservice  rpr=0.0000  low=19 high=0  attempts=3  state=ON  metric=rpr
2026-10-07T16:53:46Z  OBSERVE  checkoutservice->emailservice  rpr=0.0000  low=19 high=0  attempts=3  state=ON  metric=rpr
2026-10-07T16:53:46Z  OBSERVE  checkoutservice->paymentservice  rpr=0.0000  low=19 high=0  attempts=3  state=ON  metric=rpr
2026-10-07T16:53:46Z  OBSERVE  checkoutservice->shippingservice  rpr=0.0000  low=19 high=0  attempts=3  state=ON  metric=rpr
2026-10-07T16:53:46Z  OBSERVE  recommendationservice->productcatalogservice  rpr=0.0000  low=20 high=0  attempts=3  state=ON  metric=rpr
2026-10-07T16:53:47Z  OBSERVE  frontend->adservice  rpr=0.0000  low=20 high=0  attempts=3  state=ON  metric=rpr
2026-10-07T16:53:47Z  OBSERVE  frontend->cartservice  rpr=0.0000  low=22 high=0  attempts=3  state=ON  metric=rpr
2026-10-07T16:53:47Z  OBSERVE  frontend->checkoutservice  rpr=0.0000  low=21 high=0  attempts=3  state=ON  metric=rpr
2026-10-07T16:53:47Z  OBSERVE  frontend->currencyservice  rpr=0.0000  low=22 high=0  attempts=3  state=ON  metric=rpr
2026-10-07T16:53:47Z  OBSERVE  frontend->productcatalogservice  rpr=0.0000  low=21 high=0  attempts=3  state=ON  metric=rpr
2026-10-07T16:53:47Z  OBSERVE  frontend->recommendationservice  rpr=0.0000  low=22 high=0  attempts=3  state=ON  metric=rpr
2026-10-07T16:53:47Z  OBSERVE  frontend->shippingservice  rpr=0.0000  low=21 high=0  attempts=3  state=ON  metric=rpr
2026-10-07T16:53:47Z  OBSERVE  checkoutservice->cartservice  rpr=0.0000  low=20 high=0  attempts=3  state=ON  metric=rpr
2026-10-07T16:53:47Z  OBSERVE  checkoutservice->currencyservice  rpr=0.0000  low=20 high=0  attempts=3  state=ON  metric=rpr
2026-10-07T16:53:47Z  OBSERVE  checkoutservice->emailservice  rpr=0.0000  low=20 high=0  attempts=3  state=ON  metric=rpr
2026-10-07T16:53:47Z  OBSERVE  checkoutservice->paymentservice  rpr=0.0000  low=20 high=0  attempts=3  state=ON  metric=rpr
2026-10-07T16:53:47Z  OBSERVE  checkoutservice->shippingservice  rpr=0.0000  low=20 high=0  attempts=3  state=ON  metric=rpr
2026-10-07T16:53:47Z  OBSERVE  recommendationservice->productcatalogservice  rpr=0.0000  low=21 high=0  attempts=3  state=ON  metric=rpr
2026-10-07T16:53:48Z  OBSERVE  frontend->adservice  rpr=0.0000  low=21 high=0  attempts=3  state=ON  metric=rpr
2026-10-07T16:53:48Z  OBSERVE  frontend->cartservice  rpr=0.0000  low=23 high=0  attempts=3  state=ON  metric=rpr
2026-10-07T16:53:48Z  OBSERVE  frontend->checkoutservice  rpr=0.0000  low=22 high=0  attempts=3  state=ON  metric=rpr
2026-10-07T16:53:48Z  OBSERVE  frontend->currencyservice  rpr=0.0000  low=23 high=0  attempts=3  state=ON  metric=rpr
2026-10-07T16:53:48Z  OBSERVE  frontend->productcatalogservice  rpr=0.0000  low=22 high=0  attempts=3  state=ON  metric=rpr
2026-10-07T16:53:48Z  OBSERVE  frontend->recommendationservice  rpr=0.0000  low=23 high=0  attempts=3  state=ON  metric=rpr
2026-10-07T16:53:48Z  OBSERVE  frontend->shippingservice  rpr=0.0000  low=22 high=0  attempts=3  state=ON  metric=rpr
2026-10-07T16:53:48Z  OBSERVE  checkoutservice->cartservice  rpr=0.0000  low=21 high=0  attempts=3  state=ON  metric=rpr
2026-10-07T16:53:48Z  OBSERVE  checkoutservice->currencyservice  rpr=0.0000  low=21 high=0  attempts=3  state=ON  metric=rpr
2026-10-07T16:53:48Z  OBSERVE  checkoutservice->emailservice  rpr=0.0000  low=21 high=0  attempts=3  state=ON  metric=rpr
2026-10-07T16:53:48Z  OBSERVE  checkoutservice->paymentservice  rpr=0.0000  low=21 high=0  attempts=3  state=ON  metric=rpr
2026-10-07T16:53:48Z  OBSERVE  checkoutservice->shippingservice  rpr=0.0000  low=21 high=0  attempts=3  state=ON  metric=rpr
2026-10-07T16:53:48Z  OBSERVE  recommendationservice->productcatalogservice  rpr=0.0000  low=22 high=0  attempts=3  state=ON  metric=rpr
2026-10-07T16:53:49Z  OBSERVE  frontend->adservice  rpr=0.0000  low=22 high=0  attempts=3  state=ON  metric=rpr
2026-10-07T16:53:49Z  OBSERVE  frontend->cartservice  rpr=0.0000  low=24 high=0  attempts=3  state=ON  metric=rpr
2026-10-07T16:53:49Z  OBSERVE  frontend->checkoutservice  rpr=0.0000  low=23 high=0  attempts=3  state=ON  metric=rpr
2026-10-07T16:53:49Z  OBSERVE  frontend->currencyservice  rpr=0.0000  low=24 high=0  attempts=3  state=ON  metric=rpr
2026-10-07T16:53:49Z  OBSERVE  frontend->productcatalogservice  rpr=0.0000  low=23 high=0  attempts=3  state=ON  metric=rpr
2026-10-07T16:53:49Z  OBSERVE  frontend->recommendationservice  rpr=0.0000  low=24 high=0  attempts=3  state=ON  metric=rpr
2026-10-07T16:53:49Z  OBSERVE  frontend->shippingservice  rpr=0.0000  low=23 high=0  attempts=3  state=ON  metric=rpr
2026-10-07T16:53:49Z  OBSERVE  checkoutservice->cartservice  rpr=0.0000  low=22 high=0  attempts=3  state=ON  metric=rpr
2026-10-07T16:53:49Z  OBSERVE  checkoutservice->currencyservice  rpr=0.0000  low=22 high=0  attempts=3  state=ON  metric=rpr
2026-10-07T16:53:49Z  OBSERVE  checkoutservice->emailservice  rpr=0.0000  low=22 high=0  attempts=3  state=ON  metric=rpr
2026-10-07T16:53:49Z  OBSERVE  checkoutservice->paymentservice  rpr=0.0000  low=22 high=0  attempts=3  state=ON  metric=rpr
2026-10-07T16:53:49Z  OBSERVE  checkoutservice->shippingservice  rpr=0.0000  low=22 high=0  attempts=3  state=ON  metric=rpr
2026-10-07T16:53:49Z  OBSERVE  recommendationservice->productcatalogservice  rpr=0.0000  low=23 high=0  attempts=3  state=ON  metric=rpr
2026-10-07T16:53:50Z  OBSERVE  frontend->adservice  rpr=0.0000  low=23 high=0  attempts=3  state=ON  metric=rpr
2026-10-07T16:53:50Z  OBSERVE  frontend->cartservice  rpr=0.0000  low=25 high=0  attempts=3  state=ON  metric=rpr
2026-10-07T16:53:50Z  OBSERVE  frontend->checkoutservice  rpr=0.0000  low=24 high=0  attempts=3  state=ON  metric=rpr
2026-10-07T16:53:50Z  OBSERVE  frontend->currencyservice  rpr=0.0000  low=25 high=0  attempts=3  state=ON  metric=rpr
2026-10-07T16:53:50Z  OBSERVE  frontend->productcatalogservice  rpr=0.0000  low=24 high=0  attempts=3  state=ON  metric=rpr
2026-10-07T16:53:50Z  OBSERVE  frontend->recommendationservice  rpr=0.0000  low=25 high=0  attempts=3  state=ON  metric=rpr
2026-10-07T16:53:50Z  OBSERVE  frontend->shippingservice  rpr=0.0000  low=24 high=0  attempts=3  state=ON  metric=rpr
2026-10-07T16:53:50Z  OBSERVE  checkoutservice->cartservice  rpr=0.0000  low=23 high=0  attempts=3  state=ON  metric=rpr
2026-10-07T16:53:50Z  OBSERVE  checkoutservice->currencyservice  rpr=0.0000  low=23 high=0  attempts=3  state=ON  metric=rpr
2026-10-07T16:53:50Z  OBSERVE  checkoutservice->emailservice  rpr=0.0000  low=23 high=0  attempts=3  state=ON  metric=rpr
2026-10-07T16:53:50Z  OBSERVE  checkoutservice->paymentservice  rpr=0.0000  low=23 high=0  attempts=3  state=ON  metric=rpr
2026-10-07T16:53:50Z  OBSERVE  checkoutservice->shippingservice  rpr=0.0000  low=23 high=0  attempts=3  state=ON  metric=rpr
2026-10-07T16:53:50Z  OBSERVE  recommendationservice->productcatalogservice  rpr=0.0000  low=24 high=0  attempts=3  state=ON  metric=rpr
2026-10-07T16:53:51Z  OBSERVE  frontend->adservice  rpr=0.0000  low=24 high=0  attempts=3  state=ON  metric=rpr
2026-10-07T16:53:51Z  OBSERVE  frontend->cartservice  rpr=0.0000  low=26 high=0  attempts=3  state=ON  metric=rpr
2026-10-07T16:53:51Z  OBSERVE  frontend->checkoutservice  rpr=0.0000  low=25 high=0  attempts=3  state=ON  metric=rpr
2026-10-07T16:53:51Z  OBSERVE  frontend->currencyservice  rpr=0.0000  low=26 high=0  attempts=3  state=ON  metric=rpr
2026-10-07T16:53:51Z  OBSERVE  frontend->productcatalogservice  rpr=0.0000  low=25 high=0  attempts=3  state=ON  metric=rpr
2026-10-07T16:53:51Z  OBSERVE  frontend->recommendationservice  rpr=0.0000  low=26 high=0  attempts=3  state=ON  metric=rpr
2026-10-07T16:53:51Z  OBSERVE  frontend->shippingservice  rpr=0.0000  low=25 high=0  attempts=3  state=ON  metric=rpr
2026-10-07T16:53:51Z  OBSERVE  checkoutservice->cartservice  rpr=0.0000  low=24 high=0  attempts=3  state=ON  metric=rpr
2026-10-07T16:53:51Z  OBSERVE  checkoutservice->currencyservice  rpr=0.0000  low=24 high=0  attempts=3  state=ON  metric=rpr
2026-10-07T16:53:51Z  OBSERVE  checkoutservice->emailservice  rpr=0.0000  low=24 high=0  attempts=3  state=ON  metric=rpr
2026-10-07T16:53:51Z  OBSERVE  checkoutservice->paymentservice  rpr=0.0000  low=24 high=0  attempts=3  state=ON  metric=rpr
2026-10-07T16:53:51Z  OBSERVE  checkoutservice->shippingservice  rpr=0.0000  low=24 high=0  attempts=3  state=ON  metric=rpr
2026-10-07T16:53:51Z  OBSERVE  recommendationservice->productcatalogservice  rpr=0.0000  low=25 high=0  attempts=3  state=ON  metric=rpr
2026-10-07T16:53:52Z  OBSERVE  frontend->adservice  rpr=0.0000  low=25 high=0  attempts=3  state=ON  metric=rpr
2026-10-07T16:53:52Z  OBSERVE  frontend->cartservice  rpr=0.0000  low=27 high=0  attempts=3  state=ON  metric=rpr
2026-10-07T16:53:52Z  OBSERVE  frontend->checkoutservice  rpr=0.0000  low=26 high=0  attempts=3  state=ON  metric=rpr
2026-10-07T16:53:52Z  OBSERVE  frontend->currencyservice  rpr=0.0000  low=27 high=0  attempts=3  state=ON  metric=rpr
2026-10-07T16:53:52Z  OBSERVE  frontend->productcatalogservice  rpr=0.0000  low=26 high=0  attempts=3  state=ON  metric=rpr
2026-10-07T16:53:52Z  OBSERVE  frontend->recommendationservice  rpr=0.0000  low=27 high=0  attempts=3  state=ON  metric=rpr
2026-10-07T16:53:52Z  OBSERVE  frontend->shippingservice  rpr=0.0000  low=26 high=0  attempts=3  state=ON  metric=rpr
2026-10-07T16:53:52Z  OBSERVE  checkoutservice->cartservice  rpr=0.0000  low=25 high=0  attempts=3  state=ON  metric=rpr
2026-10-07T16:53:52Z  OBSERVE  checkoutservice->currencyservice  rpr=0.0000  low=25 high=0  attempts=3  state=ON  metric=rpr
2026-10-07T16:53:52Z  OBSERVE  checkoutservice->emailservice  rpr=0.0000  low=25 high=0  attempts=3  state=ON  metric=rpr
2026-10-07T16:53:52Z  OBSERVE  checkoutservice->paymentservice  rpr=0.0000  low=25 high=0  attempts=3  state=ON  metric=rpr
2026-10-07T16:53:52Z  OBSERVE  checkoutservice->shippingservice  rpr=0.0000  low=25 high=0  attempts=3  state=ON  metric=rpr
2026-10-07T16:53:52Z  OBSERVE  recommendationservice->productcatalogservice  rpr=0.0000  low=26 high=0  attempts=3  state=ON  metric=rpr
2026-10-07T16:53:53Z  OBSERVE  frontend->adservice  rpr=0.0000  low=26 high=0  attempts=3  state=ON  metric=rpr
2026-10-07T16:53:53Z  OBSERVE  frontend->cartservice  rpr=0.0000  low=28 high=0  attempts=3  state=ON  metric=rpr
2026-10-07T16:53:53Z  OBSERVE  frontend->checkoutservice  rpr=0.0000  low=27 high=0  attempts=3  state=ON  metric=rpr
2026-10-07T16:53:53Z  OBSERVE  frontend->currencyservice  rpr=0.0000  low=28 high=0  attempts=3  state=ON  metric=rpr
2026-10-07T16:53:53Z  OBSERVE  frontend->productcatalogservice  rpr=0.0000  low=27 high=0  attempts=3  state=ON  metric=rpr
2026-10-07T16:53:53Z  OBSERVE  frontend->recommendationservice  rpr=0.0000  low=28 high=0  attempts=3  state=ON  metric=rpr
2026-10-07T16:53:53Z  OBSERVE  frontend->shippingservice  rpr=0.0000  low=27 high=0  attempts=3  state=ON  metric=rpr
2026-10-07T16:53:53Z  OBSERVE  checkoutservice->cartservice  rpr=0.0000  low=26 high=0  attempts=3  state=ON  metric=rpr
2026-10-07T16:53:53Z  OBSERVE  checkoutservice->currencyservice  rpr=0.0000  low=26 high=0  attempts=3  state=ON  metric=rpr
2026-10-07T16:53:53Z  OBSERVE  checkoutservice->emailservice  rpr=0.0000  low=26 high=0  attempts=3  state=ON  metric=rpr
2026-10-07T16:53:53Z  OBSERVE  checkoutservice->paymentservice  rpr=0.0000  low=26 high=0  attempts=3  state=ON  metric=rpr
2026-10-07T16:53:53Z  OBSERVE  checkoutservice->shippingservice  rpr=0.0000  low=26 high=0  attempts=3  state=ON  metric=rpr
2026-10-07T16:53:53Z  OBSERVE  recommendationservice->productcatalogservice  rpr=0.0000  low=27 high=0  attempts=3  state=ON  metric=rpr
2026-10-07T16:53:54Z  OBSERVE  frontend->adservice  rpr=0.0000  low=27 high=0  attempts=3  state=ON  metric=rpr
2026-10-07T16:53:54Z  OBSERVE  frontend->cartservice  rpr=0.0000  low=29 high=0  attempts=3  state=ON  metric=rpr
2026-10-07T16:53:54Z  OBSERVE  frontend->checkoutservice  rpr=0.0000  low=28 high=0  attempts=3  state=ON  metric=rpr
2026-10-07T16:53:54Z  OBSERVE  frontend->currencyservice  rpr=0.0000  low=29 high=0  attempts=3  state=ON  metric=rpr
2026-10-07T16:53:54Z  OBSERVE  frontend->productcatalogservice  rpr=0.0000  low=28 high=0  attempts=3  state=ON  metric=rpr
2026-10-07T16:53:54Z  OBSERVE  frontend->recommendationservice  rpr=0.0000  low=29 high=0  attempts=3  state=ON  metric=rpr
2026-10-07T16:53:54Z  OBSERVE  frontend->shippingservice  rpr=0.0000  low=28 high=0  attempts=3  state=ON  metric=rpr
2026-10-07T16:53:54Z  OBSERVE  checkoutservice->cartservice  rpr=0.0000  low=27 high=0  attempts=3  state=ON  metric=rpr
2026-10-07T16:53:54Z  OBSERVE  checkoutservice->currencyservice  rpr=0.0000  low=27 high=0  attempts=3  state=ON  metric=rpr
2026-10-07T16:53:54Z  OBSERVE  checkoutservice->emailservice  rpr=0.0000  low=27 high=0  attempts=3  state=ON  metric=rpr
2026-10-07T16:53:54Z  OBSERVE  checkoutservice->paymentservice  rpr=0.0000  low=27 high=0  attempts=3  state=ON  metric=rpr
2026-10-07T16:53:54Z  OBSERVE  checkoutservice->shippingservice  rpr=0.0000  low=27 high=0  attempts=3  state=ON  metric=rpr
2026-10-07T16:53:54Z  OBSERVE  recommendationservice->productcatalogservice  rpr=0.0000  low=28 high=0  attempts=3  state=ON  metric=rpr
2026-10-07T16:53:55Z  OBSERVE  frontend->adservice  rpr=0.0000  low=28 high=0  attempts=3  state=ON  metric=rpr
2026-10-07T16:53:55Z  OBSERVE  frontend->cartservice  rpr=0.0000  low=30 high=0  attempts=3  state=ON  metric=rpr
2026-10-07T16:53:55Z  OBSERVE  frontend->checkoutservice  rpr=0.0000  low=29 high=0  attempts=3  state=ON  metric=rpr
2026-10-07T16:53:55Z  OBSERVE  frontend->currencyservice  rpr=0.0000  low=30 high=0  attempts=3  state=ON  metric=rpr
2026-10-07T16:53:55Z  OBSERVE  frontend->productcatalogservice  rpr=0.0000  low=29 high=0  attempts=3  state=ON  metric=rpr
2026-10-07T16:53:55Z  OBSERVE  frontend->recommendationservice  rpr=0.0000  low=30 high=0  attempts=3  state=ON  metric=rpr
2026-10-07T16:53:55Z  OBSERVE  frontend->shippingservice  rpr=0.0000  low=29 high=0  attempts=3  state=ON  metric=rpr
2026-10-07T16:53:55Z  OBSERVE  checkoutservice->cartservice  rpr=0.0000  low=28 high=0  attempts=3  state=ON  metric=rpr
2026-10-07T16:53:55Z  OBSERVE  checkoutservice->currencyservice  rpr=0.0000  low=28 high=0  attempts=3  state=ON  metric=rpr
2026-10-07T16:53:55Z  OBSERVE  checkoutservice->emailservice  rpr=0.0000  low=28 high=0  attempts=3  state=ON  metric=rpr
2026-10-07T16:53:55Z  OBSERVE  checkoutservice->paymentservice  rpr=0.0000  low=28 high=0  attempts=3  state=ON  metric=rpr
2026-10-07T16:53:55Z  OBSERVE  checkoutservice->shippingservice  rpr=0.0000  low=28 high=0  attempts=3  state=ON  metric=rpr
2026-10-07T16:53:55Z  OBSERVE  recommendationservice->productcatalogservice  rpr=0.0000  low=29 high=0  attempts=3  state=ON  metric=rpr
2026-10-07T16:53:56Z  OBSERVE  frontend->adservice  rpr=0.0000  low=29 high=0  attempts=3  state=ON  metric=rpr
2026-10-07T16:53:56Z  OBSERVE  frontend->cartservice  rpr=0.0000  low=31 high=0  attempts=3  state=ON  metric=rpr
2026-10-07T16:53:56Z  OBSERVE  frontend->checkoutservice  rpr=0.0000  low=30 high=0  attempts=3  state=ON  metric=rpr
2026-10-07T16:53:56Z  OBSERVE  frontend->currencyservice  rpr=0.0000  low=31 high=0  attempts=3  state=ON  metric=rpr
2026-10-07T16:53:56Z  OBSERVE  frontend->productcatalogservice  rpr=0.0000  low=30 high=0  attempts=3  state=ON  metric=rpr
2026-10-07T16:53:56Z  OBSERVE  frontend->recommendationservice  rpr=0.0000  low=31 high=0  attempts=3  state=ON  metric=rpr
2026-10-07T16:53:56Z  OBSERVE  frontend->shippingservice  rpr=0.0000  low=30 high=0  attempts=3  state=ON  metric=rpr
2026-10-07T16:53:56Z  OBSERVE  checkoutservice->cartservice  rpr=0.0000  low=29 high=0  attempts=3  state=ON  metric=rpr
2026-10-07T16:53:56Z  OBSERVE  checkoutservice->currencyservice  rpr=0.0000  low=29 high=0  attempts=3  state=ON  metric=rpr
2026-10-07T16:53:56Z  OBSERVE  checkoutservice->emailservice  rpr=0.0000  low=29 high=0  attempts=3  state=ON  metric=rpr
2026-10-07T16:53:56Z  OBSERVE  checkoutservice->paymentservice  rpr=0.0000  low=29 high=0  attempts=3  state=ON  metric=rpr
2026-10-07T16:53:56Z  OBSERVE  checkoutservice->shippingservice  rpr=0.0000  low=29 high=0  attempts=3  state=ON  metric=rpr
2026-10-07T16:53:56Z  OBSERVE  recommendationservice->productcatalogservice  rpr=0.0000  low=30 high=0  attempts=3  state=ON  metric=rpr
2026-10-07T16:53:58Z  OBSERVE  frontend->adservice  rpr=0.0000  low=30 high=0  attempts=3  state=ON  metric=rpr
2026-10-07T16:53:58Z  OBSERVE  frontend->cartservice  rpr=0.0000  low=32 high=0  attempts=3  state=ON  metric=rpr
2026-10-07T16:53:58Z  OBSERVE  frontend->checkoutservice  rpr=0.0207  low=31 high=0  attempts=3  state=ON  metric=rpr
2026-10-07T16:53:58Z  OBSERVE  frontend->currencyservice  rpr=0.0000  low=32 high=0  attempts=3  state=ON  metric=rpr
2026-10-07T16:53:58Z  OBSERVE  frontend->productcatalogservice  rpr=0.0000  low=31 high=0  attempts=3  state=ON  metric=rpr
2026-10-07T16:53:58Z  OBSERVE  frontend->recommendationservice  rpr=0.0000  low=32 high=0  attempts=3  state=ON  metric=rpr
2026-10-07T16:53:58Z  OBSERVE  frontend->shippingservice  rpr=0.0000  low=31 high=0  attempts=3  state=ON  metric=rpr
2026-10-07T16:53:58Z  OBSERVE  checkoutservice->cartservice  rpr=0.0000  low=30 high=0  attempts=3  state=ON  metric=rpr
2026-10-07T16:53:58Z  OBSERVE  checkoutservice->currencyservice  rpr=0.0000  low=30 high=0  attempts=3  state=ON  metric=rpr
2026-10-07T16:53:58Z  OBSERVE  checkoutservice->emailservice  rpr=0.0000  low=30 high=0  attempts=3  state=ON  metric=rpr
2026-10-07T16:53:58Z  OBSERVE  checkoutservice->paymentservice  rpr=0.0000  low=30 high=0  attempts=3  state=ON  metric=rpr
2026-10-07T16:53:58Z  OBSERVE  checkoutservice->shippingservice  rpr=0.0000  low=30 high=0  attempts=3  state=ON  metric=rpr
2026-10-07T16:53:58Z  OBSERVE  recommendationservice->productcatalogservice  rpr=0.0000  low=31 high=0  attempts=3  state=ON  metric=rpr
2026-10-07T16:53:59Z  OBSERVE  frontend->adservice  rpr=0.0000  low=31 high=0  attempts=3  state=ON  metric=rpr
2026-10-07T16:53:59Z  OBSERVE  frontend->cartservice  rpr=0.0000  low=33 high=0  attempts=3  state=ON  metric=rpr
2026-10-07T16:53:59Z  OBSERVE  frontend->checkoutservice  rpr=0.0469  low=32 high=0  attempts=3  state=ON  metric=rpr
2026-10-07T16:53:59Z  OBSERVE  frontend->currencyservice  rpr=0.0000  low=33 high=0  attempts=3  state=ON  metric=rpr
2026-10-07T16:53:59Z  OBSERVE  frontend->productcatalogservice  rpr=0.0000  low=32 high=0  attempts=3  state=ON  metric=rpr
2026-10-07T16:53:59Z  OBSERVE  frontend->recommendationservice  rpr=0.0000  low=33 high=0  attempts=3  state=ON  metric=rpr
2026-10-07T16:53:59Z  OBSERVE  frontend->shippingservice  rpr=0.0000  low=32 high=0  attempts=3  state=ON  metric=rpr
2026-10-07T16:53:59Z  OBSERVE  checkoutservice->cartservice  rpr=0.0000  low=31 high=0  attempts=3  state=ON  metric=rpr
2026-10-07T16:53:59Z  OBSERVE  checkoutservice->currencyservice  rpr=0.0000  low=31 high=0  attempts=3  state=ON  metric=rpr
2026-10-07T16:53:59Z  OBSERVE  checkoutservice->emailservice  rpr=0.0000  low=31 high=0  attempts=3  state=ON  metric=rpr
2026-10-07T16:53:59Z  OBSERVE  checkoutservice->paymentservice  rpr=0.0000  low=31 high=0  attempts=3  state=ON  metric=rpr
2026-10-07T16:53:59Z  OBSERVE  checkoutservice->shippingservice  rpr=0.0000  low=31 high=0  attempts=3  state=ON  metric=rpr
2026-10-07T16:53:59Z  OBSERVE  recommendationservice->productcatalogservice  rpr=0.0000  low=32 high=0  attempts=3  state=ON  metric=rpr
2026-10-07T16:54:00Z  OBSERVE  frontend->adservice  rpr=0.0000  low=32 high=0  attempts=3  state=ON  metric=rpr
2026-10-07T16:54:00Z  OBSERVE  frontend->cartservice  rpr=0.0000  low=34 high=0  attempts=3  state=ON  metric=rpr
2026-10-07T16:54:00Z  OBSERVE  frontend->checkoutservice  rpr=0.1739  low=33 high=0  attempts=3  state=ON  metric=rpr
2026-10-07T16:54:00Z  OBSERVE  frontend->currencyservice  rpr=0.0000  low=34 high=0  attempts=3  state=ON  metric=rpr
2026-10-07T16:54:00Z  OBSERVE  frontend->productcatalogservice  rpr=0.0000  low=33 high=0  attempts=3  state=ON  metric=rpr
2026-10-07T16:54:00Z  OBSERVE  frontend->recommendationservice  rpr=0.0000  low=34 high=0  attempts=3  state=ON  metric=rpr
2026-10-07T16:54:00Z  OBSERVE  frontend->shippingservice  rpr=0.0000  low=33 high=0  attempts=3  state=ON  metric=rpr
2026-10-07T16:54:00Z  OBSERVE  checkoutservice->cartservice  rpr=0.0000  low=32 high=0  attempts=3  state=ON  metric=rpr
2026-10-07T16:54:00Z  OBSERVE  checkoutservice->currencyservice  rpr=0.0000  low=32 high=0  attempts=3  state=ON  metric=rpr
2026-10-07T16:54:00Z  OBSERVE  checkoutservice->emailservice  rpr=0.0000  low=32 high=0  attempts=3  state=ON  metric=rpr
2026-10-07T16:54:00Z  OBSERVE  checkoutservice->paymentservice  rpr=0.0000  low=32 high=0  attempts=3  state=ON  metric=rpr
2026-10-07T16:54:00Z  OBSERVE  checkoutservice->shippingservice  rpr=0.0000  low=32 high=0  attempts=3  state=ON  metric=rpr
2026-10-07T16:54:00Z  OBSERVE  recommendationservice->productcatalogservice  rpr=0.0000  low=33 high=0  attempts=3  state=ON  metric=rpr
2026-10-07T16:54:01Z  OBSERVE  frontend->adservice  rpr=0.0000  low=33 high=0  attempts=3  state=ON  metric=rpr
2026-10-07T16:54:01Z  OBSERVE  frontend->cartservice  rpr=0.0000  low=35 high=0  attempts=3  state=ON  metric=rpr
2026-10-07T16:54:01Z  OBSERVE  frontend->checkoutservice  rpr=0.5882  low=0 high=1  attempts=3  state=ON  metric=rpr
2026-10-07T16:54:01Z  OBSERVE  frontend->currencyservice  rpr=0.0000  low=35 high=0  attempts=3  state=ON  metric=rpr
2026-10-07T16:54:01Z  OBSERVE  frontend->productcatalogservice  rpr=0.0000  low=34 high=0  attempts=3  state=ON  metric=rpr
2026-10-07T16:54:01Z  OBSERVE  frontend->recommendationservice  rpr=0.0000  low=35 high=0  attempts=3  state=ON  metric=rpr
2026-10-07T16:54:01Z  OBSERVE  frontend->shippingservice  rpr=0.0000  low=34 high=0  attempts=3  state=ON  metric=rpr
2026-10-07T16:54:01Z  OBSERVE  checkoutservice->cartservice  rpr=0.0000  low=33 high=0  attempts=3  state=ON  metric=rpr
2026-10-07T16:54:01Z  OBSERVE  checkoutservice->currencyservice  rpr=0.0000  low=33 high=0  attempts=3  state=ON  metric=rpr
2026-10-07T16:54:01Z  OBSERVE  checkoutservice->emailservice  rpr=0.0000  low=33 high=0  attempts=3  state=ON  metric=rpr
2026-10-07T16:54:01Z  OBSERVE  checkoutservice->paymentservice  rpr=0.0000  low=33 high=0  attempts=3  state=ON  metric=rpr
2026-10-07T16:54:01Z  OBSERVE  checkoutservice->shippingservice  rpr=0.0000  low=33 high=0  attempts=3  state=ON  metric=rpr
2026-10-07T16:54:01Z  OBSERVE  recommendationservice->productcatalogservice  rpr=0.0000  low=34 high=0  attempts=3  state=ON  metric=rpr
2026-10-07T16:54:02Z  OBSERVE  frontend->adservice  rpr=0.0000  low=34 high=0  attempts=3  state=ON  metric=rpr
2026-10-07T16:54:02Z  OBSERVE  frontend->cartservice  rpr=0.0000  low=36 high=0  attempts=3  state=ON  metric=rpr
2026-10-07T16:54:02Z  OBSERVE  frontend->checkoutservice  rpr=2.8857  low=0 high=2  attempts=3  state=ON  metric=rpr
2026-10-07T16:54:02Z  OBSERVE  frontend->currencyservice  rpr=0.0000  low=36 high=0  attempts=3  state=ON  metric=rpr
2026-10-07T16:54:02Z  OBSERVE  frontend->productcatalogservice  rpr=0.0000  low=35 high=0  attempts=3  state=ON  metric=rpr
2026-10-07T16:54:02Z  OBSERVE  frontend->recommendationservice  rpr=0.0000  low=36 high=0  attempts=3  state=ON  metric=rpr
2026-10-07T16:54:02Z  OBSERVE  frontend->shippingservice  rpr=0.0000  low=35 high=0  attempts=3  state=ON  metric=rpr
2026-10-07T16:54:02Z  OBSERVE  checkoutservice->cartservice  rpr=0.0000  low=34 high=0  attempts=3  state=ON  metric=rpr
2026-10-07T16:54:02Z  OBSERVE  checkoutservice->currencyservice  rpr=0.0000  low=34 high=0  attempts=3  state=ON  metric=rpr
2026-10-07T16:54:02Z  OBSERVE  checkoutservice->emailservice  rpr=0.0000  low=34 high=0  attempts=3  state=ON  metric=rpr
2026-10-07T16:54:02Z  OBSERVE  checkoutservice->paymentservice  rpr=0.0000  low=34 high=0  attempts=3  state=ON  metric=rpr
2026-10-07T16:54:02Z  OBSERVE  checkoutservice->shippingservice  rpr=0.0000  low=34 high=0  attempts=3  state=ON  metric=rpr
2026-10-07T16:54:02Z  OBSERVE  recommendationservice->productcatalogservice  rpr=0.0000  low=35 high=0  attempts=3  state=ON  metric=rpr
2026-10-07T16:54:03Z  OBSERVE  frontend->adservice  rpr=0.0000  low=35 high=0  attempts=3  state=ON  metric=rpr
2026-10-07T16:54:03Z  OBSERVE  frontend->cartservice  rpr=0.0000  low=37 high=0  attempts=3  state=ON  metric=rpr
2026-10-07T16:54:03Z  OBSERVE  frontend->checkoutservice  rpr=2.0238  low=0 high=3  attempts=3  state=ON  metric=rpr
2026-10-07T16:54:03Z  OBSERVE  frontend->currencyservice  rpr=0.0000  low=37 high=0  attempts=3  state=ON  metric=rpr
2026-10-07T16:54:03Z  OBSERVE  frontend->productcatalogservice  rpr=0.0000  low=36 high=0  attempts=3  state=ON  metric=rpr
2026-10-07T16:54:03Z  OBSERVE  frontend->recommendationservice  rpr=0.0000  low=37 high=0  attempts=3  state=ON  metric=rpr
2026-10-07T16:54:03Z  OBSERVE  frontend->shippingservice  rpr=0.0000  low=36 high=0  attempts=3  state=ON  metric=rpr
2026-10-07T16:54:03Z  OBSERVE  checkoutservice->cartservice  rpr=0.0000  low=35 high=0  attempts=3  state=ON  metric=rpr
2026-10-07T16:54:03Z  OBSERVE  checkoutservice->currencyservice  rpr=0.0000  low=35 high=0  attempts=3  state=ON  metric=rpr
2026-10-07T16:54:03Z  OBSERVE  checkoutservice->emailservice  rpr=0.0000  low=35 high=0  attempts=3  state=ON  metric=rpr
2026-10-07T16:54:03Z  OBSERVE  checkoutservice->paymentservice  rpr=0.0000  low=35 high=0  attempts=3  state=ON  metric=rpr
2026-10-07T16:54:03Z  OBSERVE  checkoutservice->shippingservice  rpr=0.0000  low=35 high=0  attempts=3  state=ON  metric=rpr
2026-10-07T16:54:03Z  OBSERVE  recommendationservice->productcatalogservice  rpr=0.0000  low=36 high=0  attempts=3  state=ON  metric=rpr
2026-10-07T16:54:05Z  OBSERVE  frontend->adservice  rpr=0.0000  low=36 high=0  attempts=3  state=ON  metric=rpr
2026-10-07T16:54:05Z  OBSERVE  frontend->cartservice  rpr=0.0000  low=38 high=0  attempts=3  state=ON  metric=rpr
2026-10-07T16:54:05Z  OBSERVE  frontend->checkoutservice  rpr=2.0521  low=0 high=4  attempts=3  state=ON  metric=rpr
2026-10-07T16:54:05Z  OBSERVE  frontend->currencyservice  rpr=0.0000  low=38 high=0  attempts=3  state=ON  metric=rpr
2026-10-07T16:54:05Z  OBSERVE  frontend->productcatalogservice  rpr=0.0000  low=37 high=0  attempts=3  state=ON  metric=rpr
2026-10-07T16:54:05Z  OBSERVE  frontend->recommendationservice  rpr=0.0000  low=38 high=0  attempts=3  state=ON  metric=rpr
2026-10-07T16:54:05Z  OBSERVE  frontend->shippingservice  rpr=0.0000  low=37 high=0  attempts=3  state=ON  metric=rpr
2026-10-07T16:54:05Z  OBSERVE  checkoutservice->cartservice  rpr=0.0000  low=36 high=0  attempts=3  state=ON  metric=rpr
2026-10-07T16:54:05Z  OBSERVE  checkoutservice->currencyservice  rpr=0.0000  low=36 high=0  attempts=3  state=ON  metric=rpr
2026-10-07T16:54:05Z  OBSERVE  checkoutservice->emailservice  rpr=0.0000  low=36 high=0  attempts=3  state=ON  metric=rpr
2026-10-07T16:54:05Z  OBSERVE  checkoutservice->paymentservice  rpr=0.0000  low=36 high=0  attempts=3  state=ON  metric=rpr
2026-10-07T16:54:05Z  OBSERVE  checkoutservice->shippingservice  rpr=0.0000  low=36 high=0  attempts=3  state=ON  metric=rpr
2026-10-07T16:54:05Z  OBSERVE  recommendationservice->productcatalogservice  rpr=0.0000  low=37 high=0  attempts=3  state=ON  metric=rpr
2026-10-07T16:54:06Z  OBSERVE  frontend->adservice  rpr=0.0000  low=37 high=0  attempts=3  state=ON  metric=rpr
2026-10-07T16:54:06Z  OBSERVE  frontend->cartservice  rpr=0.0000  low=39 high=0  attempts=3  state=ON  metric=rpr
2026-10-07T16:54:06Z  OBSERVE  frontend->checkoutservice  rpr=2.0930  low=0 high=5  attempts=3  state=ON  metric=rpr
2026-10-07T16:54:06Z  OBSERVE  frontend->currencyservice  rpr=0.0000  low=39 high=0  attempts=3  state=ON  metric=rpr
2026-10-07T16:54:06Z  OBSERVE  frontend->productcatalogservice  rpr=0.0000  low=38 high=0  attempts=3  state=ON  metric=rpr
2026-10-07T16:54:06Z  OBSERVE  frontend->recommendationservice  rpr=0.0000  low=39 high=0  attempts=3  state=ON  metric=rpr
2026-10-07T16:54:06Z  OBSERVE  frontend->shippingservice  rpr=0.0000  low=38 high=0  attempts=3  state=ON  metric=rpr
2026-10-07T16:54:06Z  OBSERVE  checkoutservice->cartservice  rpr=0.0000  low=37 high=0  attempts=3  state=ON  metric=rpr
2026-10-07T16:54:06Z  OBSERVE  checkoutservice->currencyservice  rpr=0.0000  low=37 high=0  attempts=3  state=ON  metric=rpr
2026-10-07T16:54:06Z  OBSERVE  checkoutservice->emailservice  rpr=0.0000  low=37 high=0  attempts=3  state=ON  metric=rpr
2026-10-07T16:54:06Z  OBSERVE  checkoutservice->paymentservice  rpr=0.0000  low=37 high=0  attempts=3  state=ON  metric=rpr
2026-10-07T16:54:06Z  OBSERVE  checkoutservice->shippingservice  rpr=0.0000  low=37 high=0  attempts=3  state=ON  metric=rpr
2026-10-07T16:54:06Z  OBSERVE  recommendationservice->productcatalogservice  rpr=0.0000  low=38 high=0  attempts=3  state=ON  metric=rpr
2026-10-07T16:54:08Z  OBSERVE  frontend->adservice  rpr=0.0000  low=38 high=0  attempts=3  state=ON  metric=rpr
2026-10-07T16:54:08Z  OBSERVE  frontend->cartservice  rpr=0.0000  low=40 high=0  attempts=3  state=ON  metric=rpr
2026-10-07T16:54:08Z  OBSERVE  frontend->checkoutservice  rpr=2.1979  low=0 high=6  attempts=3  state=ON  metric=rpr
2026-10-07T16:54:08Z  OBSERVE  frontend->currencyservice  rpr=0.0000  low=40 high=0  attempts=3  state=ON  metric=rpr
2026-10-07T16:54:08Z  OBSERVE  frontend->productcatalogservice  rpr=0.0000  low=39 high=0  attempts=3  state=ON  metric=rpr
2026-10-07T16:54:08Z  OBSERVE  frontend->recommendationservice  rpr=0.0000  low=40 high=0  attempts=3  state=ON  metric=rpr
2026-10-07T16:54:08Z  OBSERVE  frontend->shippingservice  rpr=0.0000  low=39 high=0  attempts=3  state=ON  metric=rpr
2026-10-07T16:54:08Z  OBSERVE  checkoutservice->cartservice  rpr=0.0000  low=38 high=0  attempts=3  state=ON  metric=rpr
2026-10-07T16:54:08Z  OBSERVE  checkoutservice->currencyservice  rpr=0.0000  low=38 high=0  attempts=3  state=ON  metric=rpr
2026-10-07T16:54:08Z  OBSERVE  checkoutservice->emailservice  rpr=0.0000  low=38 high=0  attempts=3  state=ON  metric=rpr
2026-10-07T16:54:08Z  OBSERVE  checkoutservice->paymentservice  rpr=0.0000  low=38 high=0  attempts=3  state=ON  metric=rpr
2026-10-07T16:54:08Z  OBSERVE  checkoutservice->shippingservice  rpr=0.0000  low=38 high=0  attempts=3  state=ON  metric=rpr
2026-10-07T16:54:08Z  OBSERVE  recommendationservice->productcatalogservice  rpr=0.0000  low=39 high=0  attempts=3  state=ON  metric=rpr
2026-10-07T16:54:09Z  OBSERVE  frontend->adservice  rpr=0.0000  low=39 high=0  attempts=3  state=ON  metric=rpr
2026-10-07T16:54:09Z  OBSERVE  frontend->cartservice  rpr=0.0000  low=41 high=0  attempts=3  state=ON  metric=rpr
2026-10-07T16:54:09Z  OBSERVE  frontend->checkoutservice  rpr=2.5610  low=0 high=7  attempts=3  state=ON  metric=rpr
2026-10-07T16:54:09Z  OBSERVE  frontend->currencyservice  rpr=0.0000  low=41 high=0  attempts=3  state=ON  metric=rpr
2026-10-07T16:54:09Z  OBSERVE  frontend->productcatalogservice  rpr=0.0000  low=40 high=0  attempts=3  state=ON  metric=rpr
2026-10-07T16:54:09Z  OBSERVE  frontend->recommendationservice  rpr=0.0000  low=41 high=0  attempts=3  state=ON  metric=rpr
2026-10-07T16:54:09Z  OBSERVE  frontend->shippingservice  rpr=0.0000  low=40 high=0  attempts=3  state=ON  metric=rpr
2026-10-07T16:54:09Z  OBSERVE  checkoutservice->cartservice  rpr=0.0000  low=39 high=0  attempts=3  state=ON  metric=rpr
2026-10-07T16:54:09Z  OBSERVE  checkoutservice->currencyservice  rpr=0.0000  low=39 high=0  attempts=3  state=ON  metric=rpr
2026-10-07T16:54:09Z  OBSERVE  checkoutservice->emailservice  rpr=0.0000  low=39 high=0  attempts=3  state=ON  metric=rpr
2026-10-07T16:54:09Z  OBSERVE  checkoutservice->paymentservice  rpr=0.0000  low=39 high=0  attempts=3  state=ON  metric=rpr
2026-10-07T16:54:09Z  OBSERVE  checkoutservice->shippingservice  rpr=0.0000  low=39 high=0  attempts=3  state=ON  metric=rpr
2026-10-07T16:54:09Z  OBSERVE  recommendationservice->productcatalogservice  rpr=0.0000  low=40 high=0  attempts=3  state=ON  metric=rpr
2026-10-07T16:54:11Z  OBSERVE  frontend->adservice  rpr=0.0000  low=40 high=0  attempts=3  state=ON  metric=rpr
2026-10-07T16:54:11Z  OBSERVE  frontend->cartservice  rpr=0.0000  low=42 high=0  attempts=3  state=ON  metric=rpr
2026-10-07T16:54:11Z  OBSERVE  frontend->checkoutservice  rpr=2.2500  low=0 high=8  attempts=3  state=ON  metric=rpr
2026-10-07T16:54:11Z  OBSERVE  frontend->currencyservice  rpr=0.0000  low=42 high=0  attempts=3  state=ON  metric=rpr
2026-10-07T16:54:11Z  OBSERVE  frontend->productcatalogservice  rpr=0.0000  low=41 high=0  attempts=3  state=ON  metric=rpr
2026-10-07T16:54:11Z  OBSERVE  frontend->recommendationservice  rpr=0.0814  low=42 high=0  attempts=3  state=ON  metric=rpr
2026-10-07T16:54:11Z  OBSERVE  frontend->shippingservice  rpr=0.0000  low=41 high=0  attempts=3  state=ON  metric=rpr
2026-10-07T16:54:11Z  OBSERVE  checkoutservice->cartservice  rpr=0.0000  low=40 high=0  attempts=3  state=ON  metric=rpr
2026-10-07T16:54:11Z  OBSERVE  checkoutservice->currencyservice  rpr=0.0000  low=40 high=0  attempts=3  state=ON  metric=rpr
2026-10-07T16:54:11Z  OBSERVE  checkoutservice->paymentservice  rpr=0.0000  low=40 high=0  attempts=3  state=ON  metric=rpr
2026-10-07T16:54:11Z  OBSERVE  checkoutservice->shippingservice  rpr=0.0000  low=40 high=0  attempts=3  state=ON  metric=rpr
2026-10-07T16:54:11Z  OBSERVE  recommendationservice->productcatalogservice  rpr=0.0000  low=41 high=0  attempts=3  state=ON  metric=rpr
2026-10-07T16:54:13Z  OBSERVE  frontend->adservice  rpr=0.0000  low=41 high=0  attempts=3  state=ON  metric=rpr
2026-10-07T16:54:13Z  OBSERVE  frontend->cartservice  rpr=0.0000  low=43 high=0  attempts=3  state=ON  metric=rpr
2026-10-07T16:54:13Z  OBSERVE  frontend->checkoutservice  rpr=3.8000  low=0 high=9  attempts=3  state=ON  metric=rpr
2026-10-07T16:54:13Z  OBSERVE  frontend->currencyservice  rpr=0.0000  low=43 high=0  attempts=3  state=ON  metric=rpr
2026-10-07T16:54:13Z  OBSERVE  frontend->productcatalogservice  rpr=0.0000  low=42 high=0  attempts=3  state=ON  metric=rpr
2026-10-07T16:54:13Z  OBSERVE  frontend->recommendationservice  rpr=1.0041  low=0 high=1  attempts=3  state=ON  metric=rpr
2026-10-07T16:54:13Z  OBSERVE  frontend->shippingservice  rpr=0.0000  low=42 high=0  attempts=3  state=ON  metric=rpr
2026-10-07T16:54:13Z  OBSERVE  checkoutservice->cartservice  rpr=0.0000  low=41 high=0  attempts=3  state=ON  metric=rpr
2026-10-07T16:54:13Z  OBSERVE  checkoutservice->currencyservice  rpr=0.0000  low=41 high=0  attempts=3  state=ON  metric=rpr
2026-10-07T16:54:13Z  OBSERVE  checkoutservice->emailservice  rpr=0.0000  low=40 high=0  attempts=3  state=ON  metric=rpr
2026-10-07T16:54:13Z  OBSERVE  checkoutservice->paymentservice  rpr=0.0000  low=41 high=0  attempts=3  state=ON  metric=rpr
2026-10-07T16:54:13Z  OBSERVE  checkoutservice->shippingservice  rpr=0.0000  low=41 high=0  attempts=3  state=ON  metric=rpr
2026-10-07T16:54:13Z  OBSERVE  recommendationservice->productcatalogservice  rpr=0.0000  low=42 high=0  attempts=3  state=ON  metric=rpr
2026-10-07T16:54:15Z  OBSERVE  frontend->adservice  rpr=0.0000  low=42 high=0  attempts=3  state=ON  metric=rpr
2026-10-07T16:54:15Z  OBSERVE  frontend->cartservice  rpr=0.0000  low=44 high=0  attempts=3  state=ON  metric=rpr
2026-10-07T16:54:15Z  OBSERVE  frontend->checkoutservice  rpr=0.0513  low=1 high=0  attempts=3  state=ON  metric=rpr
2026-10-07T16:54:15Z  OBSERVE  frontend->currencyservice  rpr=0.0000  low=44 high=0  attempts=3  state=ON  metric=rpr
2026-10-07T16:54:15Z  OBSERVE  frontend->productcatalogservice  rpr=0.0000  low=43 high=0  attempts=3  state=ON  metric=rpr
2026-10-07T16:54:15Z  OBSERVE  frontend->recommendationservice  rpr=1.4950  low=0 high=2  attempts=3  state=ON  metric=rpr
2026-10-07T16:54:15Z  OBSERVE  frontend->shippingservice  rpr=0.0000  low=43 high=0  attempts=3  state=ON  metric=rpr
2026-10-07T16:54:15Z  OBSERVE  checkoutservice->cartservice  rpr=0.0000  low=42 high=0  attempts=3  state=ON  metric=rpr
2026-10-07T16:54:15Z  OBSERVE  checkoutservice->currencyservice  rpr=0.0000  low=42 high=0  attempts=3  state=ON  metric=rpr
2026-10-07T16:54:15Z  OBSERVE  checkoutservice->emailservice  rpr=0.0000  low=41 high=0  attempts=3  state=ON  metric=rpr
2026-10-07T16:54:15Z  OBSERVE  checkoutservice->paymentservice  rpr=0.0000  low=42 high=0  attempts=3  state=ON  metric=rpr
2026-10-07T16:54:15Z  OBSERVE  checkoutservice->shippingservice  rpr=0.0000  low=42 high=0  attempts=3  state=ON  metric=rpr
2026-10-07T16:54:15Z  OBSERVE  recommendationservice->productcatalogservice  rpr=0.0000  low=43 high=0  attempts=3  state=ON  metric=rpr
2026-10-07T16:54:16Z  OBSERVE  frontend->adservice  rpr=0.0000  low=43 high=0  attempts=3  state=ON  metric=rpr
2026-10-07T16:54:16Z  OBSERVE  frontend->cartservice  rpr=0.0000  low=45 high=0  attempts=3  state=ON  metric=rpr
2026-10-07T16:54:16Z  OBSERVE  frontend->checkoutservice  rpr=0.0000  low=2 high=0  attempts=3  state=ON  metric=rpr
2026-10-07T16:54:16Z  OBSERVE  frontend->currencyservice  rpr=0.0000  low=45 high=0  attempts=3  state=ON  metric=rpr
2026-10-07T16:54:16Z  OBSERVE  frontend->productcatalogservice  rpr=0.0000  low=44 high=0  attempts=3  state=ON  metric=rpr
2026-10-07T16:54:16Z  OBSERVE  frontend->recommendationservice  rpr=1.3654  low=0 high=3  attempts=3  state=ON  metric=rpr
2026-10-07T16:54:16Z  OBSERVE  frontend->shippingservice  rpr=0.0000  low=44 high=0  attempts=3  state=ON  metric=rpr
2026-10-07T16:54:16Z  OBSERVE  checkoutservice->cartservice  rpr=0.0000  low=43 high=0  attempts=3  state=ON  metric=rpr
2026-10-07T16:54:16Z  OBSERVE  checkoutservice->currencyservice  rpr=0.0000  low=43 high=0  attempts=3  state=ON  metric=rpr
2026-10-07T16:54:16Z  OBSERVE  checkoutservice->emailservice  rpr=0.0000  low=42 high=0  attempts=3  state=ON  metric=rpr
2026-10-07T16:54:16Z  OBSERVE  checkoutservice->paymentservice  rpr=0.0000  low=43 high=0  attempts=3  state=ON  metric=rpr
2026-10-07T16:54:16Z  OBSERVE  checkoutservice->shippingservice  rpr=0.0000  low=43 high=0  attempts=3  state=ON  metric=rpr
2026-10-07T16:54:16Z  OBSERVE  recommendationservice->productcatalogservice  rpr=0.0000  low=44 high=0  attempts=3  state=ON  metric=rpr
2026-10-07T16:54:18Z  OBSERVE  frontend->adservice  rpr=0.0000  low=44 high=0  attempts=3  state=ON  metric=rpr
2026-10-07T16:54:18Z  OBSERVE  frontend->cartservice  rpr=0.0000  low=46 high=0  attempts=3  state=ON  metric=rpr
2026-10-07T16:54:18Z  OBSERVE  frontend->checkoutservice  rpr=0.0000  low=3 high=0  attempts=3  state=ON  metric=rpr
2026-10-07T16:54:18Z  OBSERVE  frontend->currencyservice  rpr=0.0000  low=46 high=0  attempts=3  state=ON  metric=rpr
2026-10-07T16:54:18Z  OBSERVE  frontend->productcatalogservice  rpr=0.0000  low=45 high=0  attempts=3  state=ON  metric=rpr
2026-10-07T16:54:18Z  OBSERVE  frontend->recommendationservice  rpr=1.3262  low=0 high=4  attempts=3  state=ON  metric=rpr
2026-10-07T16:54:18Z  OBSERVE  frontend->shippingservice  rpr=0.0000  low=45 high=0  attempts=3  state=ON  metric=rpr
2026-10-07T16:54:18Z  OBSERVE  checkoutservice->cartservice  rpr=0.0000  low=44 high=0  attempts=3  state=ON  metric=rpr
2026-10-07T16:54:18Z  OBSERVE  checkoutservice->currencyservice  rpr=0.0000  low=44 high=0  attempts=3  state=ON  metric=rpr
2026-10-07T16:54:18Z  OBSERVE  checkoutservice->emailservice  rpr=0.0000  low=43 high=0  attempts=3  state=ON  metric=rpr
2026-10-07T16:54:18Z  OBSERVE  checkoutservice->paymentservice  rpr=0.0000  low=44 high=0  attempts=3  state=ON  metric=rpr
2026-10-07T16:54:18Z  OBSERVE  checkoutservice->shippingservice  rpr=0.0000  low=44 high=0  attempts=3  state=ON  metric=rpr
2026-10-07T16:54:18Z  OBSERVE  recommendationservice->productcatalogservice  rpr=0.0000  low=45 high=0  attempts=3  state=ON  metric=rpr
2026-10-07T16:54:19Z  OBSERVE  frontend->adservice  rpr=0.0000  low=45 high=0  attempts=3  state=ON  metric=rpr
2026-10-07T16:54:19Z  OBSERVE  frontend->cartservice  rpr=0.0000  low=47 high=0  attempts=3  state=ON  metric=rpr
2026-10-07T16:54:19Z  OBSERVE  frontend->checkoutservice  rpr=0.0000  low=4 high=0  attempts=3  state=ON  metric=rpr
2026-10-07T16:54:19Z  OBSERVE  frontend->currencyservice  rpr=0.0000  low=47 high=0  attempts=3  state=ON  metric=rpr
2026-10-07T16:54:19Z  OBSERVE  frontend->productcatalogservice  rpr=0.0000  low=46 high=0  attempts=3  state=ON  metric=rpr
2026-10-07T16:54:19Z  OBSERVE  frontend->recommendationservice  rpr=1.6169  low=0 high=5  attempts=3  state=ON  metric=rpr
2026-10-07T16:54:19Z  OBSERVE  frontend->shippingservice  rpr=0.0000  low=46 high=0  attempts=3  state=ON  metric=rpr
2026-10-07T16:54:19Z  OBSERVE  checkoutservice->cartservice  rpr=0.0000  low=45 high=0  attempts=3  state=ON  metric=rpr
2026-10-07T16:54:19Z  OBSERVE  checkoutservice->currencyservice  rpr=0.0000  low=45 high=0  attempts=3  state=ON  metric=rpr
2026-10-07T16:54:19Z  OBSERVE  checkoutservice->emailservice  rpr=0.0000  low=44 high=0  attempts=3  state=ON  metric=rpr
2026-10-07T16:54:19Z  OBSERVE  checkoutservice->paymentservice  rpr=0.0000  low=45 high=0  attempts=3  state=ON  metric=rpr
2026-10-07T16:54:19Z  OBSERVE  checkoutservice->shippingservice  rpr=0.0000  low=45 high=0  attempts=3  state=ON  metric=rpr
2026-10-07T16:54:19Z  OBSERVE  recommendationservice->productcatalogservice  rpr=0.0000  low=46 high=0  attempts=3  state=ON  metric=rpr
2026-10-07T16:54:20Z  OBSERVE  frontend->adservice  rpr=0.0000  low=46 high=0  attempts=3  state=ON  metric=rpr
2026-10-07T16:54:20Z  OBSERVE  frontend->cartservice  rpr=0.0000  low=48 high=0  attempts=3  state=ON  metric=rpr
2026-10-07T16:54:20Z  OBSERVE  frontend->checkoutservice  rpr=0.0000  low=5 high=0  attempts=3  state=ON  metric=rpr
2026-10-07T16:54:20Z  OBSERVE  frontend->currencyservice  rpr=0.0000  low=48 high=0  attempts=3  state=ON  metric=rpr
2026-10-07T16:54:20Z  OBSERVE  frontend->productcatalogservice  rpr=0.0000  low=47 high=0  attempts=3  state=ON  metric=rpr
2026-10-07T16:54:20Z  OBSERVE  frontend->recommendationservice  rpr=1.2853  low=0 high=6  attempts=3  state=ON  metric=rpr
2026-10-07T16:54:20Z  OBSERVE  frontend->shippingservice  rpr=0.0000  low=47 high=0  attempts=3  state=ON  metric=rpr
2026-10-07T16:54:20Z  OBSERVE  checkoutservice->cartservice  rpr=0.0000  low=46 high=0  attempts=3  state=ON  metric=rpr
2026-10-07T16:54:20Z  OBSERVE  checkoutservice->currencyservice  rpr=0.0000  low=46 high=0  attempts=3  state=ON  metric=rpr
2026-10-07T16:54:20Z  OBSERVE  checkoutservice->emailservice  rpr=0.0000  low=45 high=0  attempts=3  state=ON  metric=rpr
2026-10-07T16:54:20Z  OBSERVE  checkoutservice->paymentservice  rpr=0.0000  low=46 high=0  attempts=3  state=ON  metric=rpr
2026-10-07T16:54:20Z  OBSERVE  checkoutservice->shippingservice  rpr=0.0000  low=46 high=0  attempts=3  state=ON  metric=rpr
2026-10-07T16:54:20Z  OBSERVE  recommendationservice->productcatalogservice  rpr=0.0000  low=47 high=0  attempts=3  state=ON  metric=rpr
2026-10-07T16:54:21Z  OBSERVE  frontend->adservice  rpr=0.0000  low=47 high=0  attempts=3  state=ON  metric=rpr
2026-10-07T16:54:21Z  OBSERVE  frontend->cartservice  rpr=0.0000  low=49 high=0  attempts=3  state=ON  metric=rpr
2026-10-07T16:54:21Z  OBSERVE  frontend->checkoutservice  rpr=0.0000  low=6 high=0  attempts=3  state=ON  metric=rpr
2026-10-07T16:54:21Z  OBSERVE  frontend->currencyservice  rpr=0.0000  low=49 high=0  attempts=3  state=ON  metric=rpr
2026-10-07T16:54:21Z  OBSERVE  frontend->productcatalogservice  rpr=0.0000  low=48 high=0  attempts=3  state=ON  metric=rpr
2026-10-07T16:54:21Z  OBSERVE  frontend->recommendationservice  rpr=1.5896  low=0 high=7  attempts=3  state=ON  metric=rpr
2026-10-07T16:54:21Z  OBSERVE  frontend->shippingservice  rpr=0.0000  low=48 high=0  attempts=3  state=ON  metric=rpr
2026-10-07T16:54:21Z  OBSERVE  checkoutservice->cartservice  rpr=0.0000  low=47 high=0  attempts=3  state=ON  metric=rpr
2026-10-07T16:54:21Z  OBSERVE  checkoutservice->currencyservice  rpr=0.0000  low=47 high=0  attempts=3  state=ON  metric=rpr
2026-10-07T16:54:21Z  OBSERVE  checkoutservice->emailservice  rpr=0.0000  low=46 high=0  attempts=3  state=ON  metric=rpr
2026-10-07T16:54:21Z  OBSERVE  checkoutservice->paymentservice  rpr=0.0000  low=47 high=0  attempts=3  state=ON  metric=rpr
2026-10-07T16:54:21Z  OBSERVE  checkoutservice->shippingservice  rpr=0.0000  low=47 high=0  attempts=3  state=ON  metric=rpr
2026-10-07T16:54:21Z  OBSERVE  recommendationservice->productcatalogservice  rpr=0.0000  low=48 high=0  attempts=3  state=ON  metric=rpr
2026-10-07T16:54:23Z  OBSERVE  frontend->adservice  rpr=0.0000  low=48 high=0  attempts=3  state=ON  metric=rpr
2026-10-07T16:54:23Z  OBSERVE  frontend->cartservice  rpr=0.0000  low=50 high=0  attempts=3  state=ON  metric=rpr
2026-10-07T16:54:23Z  OBSERVE  frontend->checkoutservice  rpr=0.0000  low=7 high=0  attempts=3  state=ON  metric=rpr
2026-10-07T16:54:23Z  OBSERVE  frontend->currencyservice  rpr=0.0000  low=50 high=0  attempts=3  state=ON  metric=rpr
2026-10-07T16:54:23Z  OBSERVE  frontend->productcatalogservice  rpr=0.0000  low=49 high=0  attempts=3  state=ON  metric=rpr
2026-10-07T16:54:23Z  OBSERVE  frontend->recommendationservice  rpr=1.5587  low=0 high=8  attempts=3  state=ON  metric=rpr
2026-10-07T16:54:23Z  OBSERVE  frontend->shippingservice  rpr=0.0000  low=49 high=0  attempts=3  state=ON  metric=rpr
2026-10-07T16:54:23Z  OBSERVE  checkoutservice->cartservice  rpr=0.0000  low=48 high=0  attempts=3  state=ON  metric=rpr
2026-10-07T16:54:23Z  OBSERVE  checkoutservice->currencyservice  rpr=0.0000  low=48 high=0  attempts=3  state=ON  metric=rpr
2026-10-07T16:54:23Z  OBSERVE  checkoutservice->emailservice  rpr=0.0000  low=47 high=0  attempts=3  state=ON  metric=rpr
2026-10-07T16:54:23Z  OBSERVE  checkoutservice->paymentservice  rpr=0.0000  low=48 high=0  attempts=3  state=ON  metric=rpr
2026-10-07T16:54:23Z  OBSERVE  checkoutservice->shippingservice  rpr=0.0000  low=48 high=0  attempts=3  state=ON  metric=rpr
2026-10-07T16:54:23Z  OBSERVE  recommendationservice->productcatalogservice  rpr=0.0000  low=49 high=0  attempts=3  state=ON  metric=rpr
2026-10-07T16:54:25Z  OBSERVE  frontend->adservice  rpr=0.0000  low=49 high=0  attempts=3  state=ON  metric=rpr
2026-10-07T16:54:25Z  OBSERVE  frontend->cartservice  rpr=0.0000  low=51 high=0  attempts=3  state=ON  metric=rpr
2026-10-07T16:54:25Z  OBSERVE  frontend->checkoutservice  rpr=0.0000  low=8 high=0  attempts=3  state=ON  metric=rpr
2026-10-07T16:54:25Z  OBSERVE  frontend->currencyservice  rpr=0.0000  low=51 high=0  attempts=3  state=ON  metric=rpr
2026-10-07T16:54:25Z  OBSERVE  frontend->productcatalogservice  rpr=0.0000  low=50 high=0  attempts=3  state=ON  metric=rpr
2026-10-07T16:54:25Z  OBSERVE  frontend->recommendationservice  rpr=1.4777  low=0 high=9  attempts=3  state=ON  metric=rpr
2026-10-07T16:54:25Z  OBSERVE  frontend->shippingservice  rpr=0.0000  low=50 high=0  attempts=3  state=ON  metric=rpr
2026-10-07T16:54:25Z  OBSERVE  checkoutservice->cartservice  rpr=0.0000  low=49 high=0  attempts=3  state=ON  metric=rpr
2026-10-07T16:54:25Z  OBSERVE  checkoutservice->currencyservice  rpr=0.0000  low=49 high=0  attempts=3  state=ON  metric=rpr
2026-10-07T16:54:25Z  OBSERVE  checkoutservice->emailservice  rpr=0.0000  low=48 high=0  attempts=3  state=ON  metric=rpr
2026-10-07T16:54:25Z  OBSERVE  checkoutservice->paymentservice  rpr=0.0000  low=49 high=0  attempts=3  state=ON  metric=rpr
2026-10-07T16:54:25Z  OBSERVE  checkoutservice->shippingservice  rpr=0.0000  low=49 high=0  attempts=3  state=ON  metric=rpr
2026-10-07T16:54:25Z  OBSERVE  recommendationservice->productcatalogservice  rpr=0.0000  low=50 high=0  attempts=3  state=ON  metric=rpr
2026-10-07T16:54:26Z  OBSERVE  frontend->adservice  rpr=0.0000  low=50 high=0  attempts=3  state=ON  metric=rpr
2026-10-07T16:54:26Z  OBSERVE  frontend->cartservice  rpr=0.0000  low=52 high=0  attempts=3  state=ON  metric=rpr
2026-10-07T16:54:26Z  OBSERVE  frontend->checkoutservice  rpr=0.0000  low=9 high=0  attempts=3  state=ON  metric=rpr
2026-10-07T16:54:26Z  OBSERVE  frontend->currencyservice  rpr=0.0000  low=52 high=0  attempts=3  state=ON  metric=rpr
2026-10-07T16:54:26Z  OBSERVE  frontend->productcatalogservice  rpr=0.0000  low=51 high=0  attempts=3  state=ON  metric=rpr
2026-10-07T16:54:26Z  OBSERVE  frontend->recommendationservice  rpr=1.1412  low=0 high=10  attempts=3  state=ON  metric=rpr
2026-10-07T16:54:26Z  OBSERVE  frontend->shippingservice  rpr=0.0000  low=51 high=0  attempts=3  state=ON  metric=rpr
2026-10-07T16:54:26Z  OBSERVE  checkoutservice->cartservice  rpr=0.0000  low=50 high=0  attempts=3  state=ON  metric=rpr
2026-10-07T16:54:26Z  OBSERVE  checkoutservice->currencyservice  rpr=0.0000  low=50 high=0  attempts=3  state=ON  metric=rpr
2026-10-07T16:54:26Z  OBSERVE  checkoutservice->emailservice  rpr=0.0000  low=49 high=0  attempts=3  state=ON  metric=rpr
2026-10-07T16:54:26Z  OBSERVE  checkoutservice->paymentservice  rpr=0.0000  low=50 high=0  attempts=3  state=ON  metric=rpr
2026-10-07T16:54:26Z  OBSERVE  checkoutservice->shippingservice  rpr=0.0000  low=50 high=0  attempts=3  state=ON  metric=rpr
2026-10-07T16:54:26Z  OBSERVE  recommendationservice->productcatalogservice  rpr=0.0000  low=51 high=0  attempts=3  state=ON  metric=rpr
2026-10-07T16:54:28Z  OBSERVE  frontend->adservice  rpr=0.0000  low=51 high=0  attempts=3  state=ON  metric=rpr
2026-10-07T16:54:28Z  OBSERVE  frontend->cartservice  rpr=0.0000  low=53 high=0  attempts=3  state=ON  metric=rpr
2026-10-07T16:54:28Z  OBSERVE  frontend->checkoutservice  rpr=0.0000  low=10 high=0  attempts=3  state=ON  metric=rpr
2026-10-07T16:54:28Z  OBSERVE  frontend->currencyservice  rpr=0.0000  low=53 high=0  attempts=3  state=ON  metric=rpr
2026-10-07T16:54:28Z  OBSERVE  frontend->productcatalogservice  rpr=0.0000  low=52 high=0  attempts=3  state=ON  metric=rpr
2026-10-07T16:54:28Z  OBSERVE  frontend->recommendationservice  rpr=1.3147  low=0 high=11  attempts=3  state=ON  metric=rpr
2026-10-07T16:54:28Z  OBSERVE  frontend->shippingservice  rpr=0.0000  low=52 high=0  attempts=3  state=ON  metric=rpr
2026-10-07T16:54:28Z  OBSERVE  checkoutservice->cartservice  rpr=0.0000  low=51 high=0  attempts=3  state=ON  metric=rpr
2026-10-07T16:54:28Z  OBSERVE  checkoutservice->currencyservice  rpr=0.0000  low=51 high=0  attempts=3  state=ON  metric=rpr
2026-10-07T16:54:28Z  OBSERVE  checkoutservice->emailservice  rpr=0.0000  low=50 high=0  attempts=3  state=ON  metric=rpr
2026-10-07T16:54:28Z  OBSERVE  checkoutservice->paymentservice  rpr=0.0000  low=51 high=0  attempts=3  state=ON  metric=rpr
2026-10-07T16:54:28Z  OBSERVE  checkoutservice->shippingservice  rpr=0.0000  low=51 high=0  attempts=3  state=ON  metric=rpr
2026-10-07T16:54:28Z  OBSERVE  recommendationservice->productcatalogservice  rpr=0.0000  low=52 high=0  attempts=3  state=ON  metric=rpr
2026-10-07T16:54:30Z  OBSERVE  frontend->adservice  rpr=0.0000  low=52 high=0  attempts=3  state=ON  metric=rpr
2026-10-07T16:54:30Z  OBSERVE  frontend->cartservice  rpr=0.0000  low=54 high=0  attempts=3  state=ON  metric=rpr
2026-10-07T16:54:30Z  OBSERVE  frontend->checkoutservice  rpr=0.0000  low=11 high=0  attempts=3  state=ON  metric=rpr
2026-10-07T16:54:30Z  OBSERVE  frontend->currencyservice  rpr=0.0000  low=54 high=0  attempts=3  state=ON  metric=rpr
2026-10-07T16:54:30Z  OBSERVE  frontend->productcatalogservice  rpr=0.0000  low=53 high=0  attempts=3  state=ON  metric=rpr
2026-10-07T16:54:30Z  OBSERVE  frontend->recommendationservice  rpr=1.5265  low=0 high=12  attempts=3  state=ON  metric=rpr
2026-10-07T16:54:30Z  OBSERVE  frontend->shippingservice  rpr=0.0000  low=53 high=0  attempts=3  state=ON  metric=rpr
2026-10-07T16:54:30Z  OBSERVE  checkoutservice->cartservice  rpr=0.0000  low=52 high=0  attempts=3  state=ON  metric=rpr
2026-10-07T16:54:30Z  OBSERVE  checkoutservice->currencyservice  rpr=0.0000  low=52 high=0  attempts=3  state=ON  metric=rpr
2026-10-07T16:54:30Z  OBSERVE  checkoutservice->emailservice  rpr=0.0000  low=51 high=0  attempts=3  state=ON  metric=rpr
2026-10-07T16:54:30Z  OBSERVE  checkoutservice->paymentservice  rpr=0.0000  low=52 high=0  attempts=3  state=ON  metric=rpr
2026-10-07T16:54:30Z  OBSERVE  checkoutservice->shippingservice  rpr=0.0000  low=52 high=0  attempts=3  state=ON  metric=rpr
2026-10-07T16:54:30Z  OBSERVE  recommendationservice->productcatalogservice  rpr=0.0000  low=53 high=0  attempts=3  state=ON  metric=rpr
2026-10-07T16:54:31Z  OBSERVE  frontend->adservice  rpr=0.0000  low=53 high=0  attempts=3  state=ON  metric=rpr
2026-10-07T16:54:31Z  OBSERVE  frontend->cartservice  rpr=0.0000  low=55 high=0  attempts=3  state=ON  metric=rpr
2026-10-07T16:54:31Z  OBSERVE  frontend->checkoutservice  rpr=0.0000  low=12 high=0  attempts=3  state=ON  metric=rpr
2026-10-07T16:54:31Z  OBSERVE  frontend->currencyservice  rpr=0.0000  low=55 high=0  attempts=3  state=ON  metric=rpr
2026-10-07T16:54:31Z  OBSERVE  frontend->productcatalogservice  rpr=0.0000  low=54 high=0  attempts=3  state=ON  metric=rpr
2026-10-07T16:54:31Z  OBSERVE  frontend->recommendationservice  rpr=1.2388  low=0 high=13  attempts=3  state=ON  metric=rpr
2026-10-07T16:54:31Z  OBSERVE  frontend->shippingservice  rpr=0.0000  low=54 high=0  attempts=3  state=ON  metric=rpr
2026-10-07T16:54:31Z  OBSERVE  checkoutservice->cartservice  rpr=0.0000  low=53 high=0  attempts=3  state=ON  metric=rpr
2026-10-07T16:54:31Z  OBSERVE  checkoutservice->currencyservice  rpr=0.0000  low=53 high=0  attempts=3  state=ON  metric=rpr
2026-10-07T16:54:31Z  OBSERVE  checkoutservice->emailservice  rpr=0.0000  low=52 high=0  attempts=3  state=ON  metric=rpr
2026-10-07T16:54:31Z  OBSERVE  checkoutservice->paymentservice  rpr=0.0000  low=53 high=0  attempts=3  state=ON  metric=rpr
2026-10-07T16:54:31Z  OBSERVE  checkoutservice->shippingservice  rpr=0.0000  low=53 high=0  attempts=3  state=ON  metric=rpr
2026-10-07T16:54:31Z  OBSERVE  recommendationservice->productcatalogservice  rpr=0.0000  low=54 high=0  attempts=3  state=ON  metric=rpr
2026-10-07T16:54:33Z  OBSERVE  frontend->adservice  rpr=0.0000  low=54 high=0  attempts=3  state=ON  metric=rpr
2026-10-07T16:54:33Z  OBSERVE  frontend->cartservice  rpr=0.0000  low=56 high=0  attempts=3  state=ON  metric=rpr
2026-10-07T16:54:33Z  OBSERVE  frontend->checkoutservice  rpr=0.0000  low=13 high=0  attempts=3  state=ON  metric=rpr
2026-10-07T16:54:33Z  OBSERVE  frontend->currencyservice  rpr=0.0000  low=56 high=0  attempts=3  state=ON  metric=rpr
2026-10-07T16:54:33Z  OBSERVE  frontend->productcatalogservice  rpr=0.0000  low=55 high=0  attempts=3  state=ON  metric=rpr
2026-10-07T16:54:33Z  OBSERVE  frontend->recommendationservice  rpr=1.6099  low=0 high=14  attempts=3  state=ON  metric=rpr
2026-10-07T16:54:33Z  OBSERVE  frontend->shippingservice  rpr=0.0000  low=55 high=0  attempts=3  state=ON  metric=rpr
2026-10-07T16:54:33Z  OBSERVE  checkoutservice->cartservice  rpr=0.0000  low=54 high=0  attempts=3  state=ON  metric=rpr
2026-10-07T16:54:33Z  OBSERVE  checkoutservice->currencyservice  rpr=0.0000  low=54 high=0  attempts=3  state=ON  metric=rpr
2026-10-07T16:54:33Z  OBSERVE  checkoutservice->emailservice  rpr=0.0000  low=53 high=0  attempts=3  state=ON  metric=rpr
2026-10-07T16:54:33Z  OBSERVE  checkoutservice->paymentservice  rpr=0.0000  low=54 high=0  attempts=3  state=ON  metric=rpr
2026-10-07T16:54:33Z  OBSERVE  checkoutservice->shippingservice  rpr=0.0000  low=54 high=0  attempts=3  state=ON  metric=rpr
2026-10-07T16:54:33Z  OBSERVE  recommendationservice->productcatalogservice  rpr=0.0000  low=55 high=0  attempts=3  state=ON  metric=rpr
2026-10-07T16:54:34Z  OBSERVE  frontend->adservice  rpr=0.0000  low=55 high=0  attempts=3  state=ON  metric=rpr
2026-10-07T16:54:34Z  OBSERVE  frontend->cartservice  rpr=0.0000  low=57 high=0  attempts=3  state=ON  metric=rpr
2026-10-07T16:54:34Z  OBSERVE  frontend->checkoutservice  rpr=0.0000  low=14 high=0  attempts=3  state=ON  metric=rpr
2026-10-07T16:54:34Z  OBSERVE  frontend->currencyservice  rpr=0.0000  low=57 high=0  attempts=3  state=ON  metric=rpr
2026-10-07T16:54:34Z  OBSERVE  frontend->productcatalogservice  rpr=0.0000  low=56 high=0  attempts=3  state=ON  metric=rpr
2026-10-07T16:54:34Z  OBSERVE  frontend->recommendationservice  rpr=1.7581  low=0 high=15  attempts=3  state=ON  metric=rpr
2026-10-07T16:54:34Z  OBSERVE  frontend->shippingservice  rpr=0.0000  low=56 high=0  attempts=3  state=ON  metric=rpr
2026-10-07T16:54:34Z  OBSERVE  checkoutservice->cartservice  rpr=0.0000  low=55 high=0  attempts=3  state=ON  metric=rpr
2026-10-07T16:54:34Z  OBSERVE  checkoutservice->currencyservice  rpr=0.0000  low=55 high=0  attempts=3  state=ON  metric=rpr
2026-10-07T16:54:34Z  OBSERVE  checkoutservice->emailservice  rpr=0.0000  low=54 high=0  attempts=3  state=ON  metric=rpr
2026-10-07T16:54:34Z  OBSERVE  checkoutservice->paymentservice  rpr=0.0000  low=55 high=0  attempts=3  state=ON  metric=rpr
2026-10-07T16:54:34Z  OBSERVE  checkoutservice->shippingservice  rpr=0.0000  low=55 high=0  attempts=3  state=ON  metric=rpr
2026-10-07T16:54:34Z  OBSERVE  recommendationservice->productcatalogservice  rpr=0.0000  low=56 high=0  attempts=3  state=ON  metric=rpr
2026-10-07T16:54:36Z  OBSERVE  frontend->adservice  rpr=0.0000  low=56 high=0  attempts=3  state=ON  metric=rpr
2026-10-07T16:54:36Z  OBSERVE  frontend->cartservice  rpr=0.0000  low=58 high=0  attempts=3  state=ON  metric=rpr
2026-10-07T16:54:36Z  OBSERVE  frontend->checkoutservice  rpr=0.0000  low=15 high=0  attempts=3  state=ON  metric=rpr
2026-10-07T16:54:36Z  OBSERVE  frontend->currencyservice  rpr=0.0000  low=58 high=0  attempts=3  state=ON  metric=rpr
2026-10-07T16:54:36Z  OBSERVE  frontend->productcatalogservice  rpr=0.0000  low=57 high=0  attempts=3  state=ON  metric=rpr
2026-10-07T16:54:36Z  OBSERVE  frontend->recommendationservice  rpr=1.4622  low=0 high=16  attempts=3  state=ON  metric=rpr
2026-10-07T16:54:36Z  OBSERVE  frontend->shippingservice  rpr=0.0000  low=57 high=0  attempts=3  state=ON  metric=rpr
2026-10-07T16:54:36Z  OBSERVE  checkoutservice->cartservice  rpr=0.0000  low=56 high=0  attempts=3  state=ON  metric=rpr
2026-10-07T16:54:36Z  OBSERVE  checkoutservice->currencyservice  rpr=0.0000  low=56 high=0  attempts=3  state=ON  metric=rpr
2026-10-07T16:54:36Z  OBSERVE  checkoutservice->emailservice  rpr=0.0000  low=55 high=0  attempts=3  state=ON  metric=rpr
2026-10-07T16:54:36Z  OBSERVE  checkoutservice->paymentservice  rpr=0.0000  low=56 high=0  attempts=3  state=ON  metric=rpr
2026-10-07T16:54:36Z  OBSERVE  checkoutservice->shippingservice  rpr=0.0000  low=56 high=0  attempts=3  state=ON  metric=rpr
2026-10-07T16:54:36Z  OBSERVE  recommendationservice->productcatalogservice  rpr=0.0000  low=57 high=0  attempts=3  state=ON  metric=rpr
2026-10-07T16:54:38Z  OBSERVE  frontend->adservice  rpr=0.0000  low=57 high=0  attempts=3  state=ON  metric=rpr
2026-10-07T16:54:38Z  OBSERVE  frontend->cartservice  rpr=0.0000  low=59 high=0  attempts=3  state=ON  metric=rpr
2026-10-07T16:54:38Z  OBSERVE  frontend->checkoutservice  rpr=0.0000  low=16 high=0  attempts=3  state=ON  metric=rpr
2026-10-07T16:54:38Z  OBSERVE  frontend->currencyservice  rpr=0.0000  low=59 high=0  attempts=3  state=ON  metric=rpr
2026-10-07T16:54:38Z  OBSERVE  frontend->productcatalogservice  rpr=0.0000  low=58 high=0  attempts=3  state=ON  metric=rpr
2026-10-07T16:54:38Z  OBSERVE  frontend->recommendationservice  rpr=1.1375  low=0 high=17  attempts=3  state=ON  metric=rpr
2026-10-07T16:54:38Z  OBSERVE  frontend->shippingservice  rpr=0.0000  low=58 high=0  attempts=3  state=ON  metric=rpr
2026-10-07T16:54:38Z  OBSERVE  checkoutservice->cartservice  rpr=0.0000  low=57 high=0  attempts=3  state=ON  metric=rpr
2026-10-07T16:54:38Z  OBSERVE  checkoutservice->currencyservice  rpr=0.0000  low=57 high=0  attempts=3  state=ON  metric=rpr
2026-10-07T16:54:38Z  OBSERVE  checkoutservice->emailservice  rpr=0.0000  low=56 high=0  attempts=3  state=ON  metric=rpr
2026-10-07T16:54:38Z  OBSERVE  checkoutservice->paymentservice  rpr=0.0000  low=57 high=0  attempts=3  state=ON  metric=rpr
2026-10-07T16:54:38Z  OBSERVE  checkoutservice->shippingservice  rpr=0.0000  low=57 high=0  attempts=3  state=ON  metric=rpr
2026-10-07T16:54:38Z  OBSERVE  recommendationservice->productcatalogservice  rpr=0.0000  low=58 high=0  attempts=3  state=ON  metric=rpr
2026-10-07T16:54:39Z  OBSERVE  frontend->adservice  rpr=0.0000  low=58 high=0  attempts=3  state=ON  metric=rpr
2026-10-07T16:54:39Z  OBSERVE  frontend->cartservice  rpr=0.0000  low=60 high=0  attempts=3  state=ON  metric=rpr
2026-10-07T16:54:39Z  OBSERVE  frontend->checkoutservice  rpr=0.0000  low=17 high=0  attempts=3  state=ON  metric=rpr
2026-10-07T16:54:39Z  OBSERVE  frontend->currencyservice  rpr=0.0000  low=60 high=0  attempts=3  state=ON  metric=rpr
2026-10-07T16:54:39Z  OBSERVE  frontend->productcatalogservice  rpr=0.0000  low=59 high=0  attempts=3  state=ON  metric=rpr
2026-10-07T16:54:39Z  OBSERVE  frontend->recommendationservice  rpr=1.6851  low=0 high=18  attempts=3  state=ON  metric=rpr
2026-10-07T16:54:39Z  OBSERVE  frontend->shippingservice  rpr=0.0000  low=59 high=0  attempts=3  state=ON  metric=rpr
2026-10-07T16:54:39Z  OBSERVE  checkoutservice->cartservice  rpr=0.0000  low=58 high=0  attempts=3  state=ON  metric=rpr
2026-10-07T16:54:39Z  OBSERVE  checkoutservice->currencyservice  rpr=0.0000  low=58 high=0  attempts=3  state=ON  metric=rpr
2026-10-07T16:54:39Z  OBSERVE  checkoutservice->emailservice  rpr=0.0000  low=57 high=0  attempts=3  state=ON  metric=rpr
2026-10-07T16:54:39Z  OBSERVE  checkoutservice->paymentservice  rpr=0.0000  low=58 high=0  attempts=3  state=ON  metric=rpr
2026-10-07T16:54:39Z  OBSERVE  checkoutservice->shippingservice  rpr=0.0000  low=58 high=0  attempts=3  state=ON  metric=rpr
2026-10-07T16:54:39Z  OBSERVE  recommendationservice->productcatalogservice  rpr=0.0000  low=59 high=0  attempts=3  state=ON  metric=rpr
2026-10-07T16:54:40Z  OBSERVE  frontend->adservice  rpr=0.0000  low=59 high=0  attempts=3  state=ON  metric=rpr
2026-10-07T16:54:40Z  OBSERVE  frontend->cartservice  rpr=0.0000  low=61 high=0  attempts=3  state=ON  metric=rpr
2026-10-07T16:54:40Z  OBSERVE  frontend->checkoutservice  rpr=0.0000  low=18 high=0  attempts=3  state=ON  metric=rpr
2026-10-07T16:54:40Z  OBSERVE  frontend->currencyservice  rpr=0.0000  low=61 high=0  attempts=3  state=ON  metric=rpr
2026-10-07T16:54:40Z  OBSERVE  frontend->productcatalogservice  rpr=0.0000  low=60 high=0  attempts=3  state=ON  metric=rpr
2026-10-07T16:54:40Z  OBSERVE  frontend->recommendationservice  rpr=1.3534  low=0 high=19  attempts=3  state=ON  metric=rpr
2026-10-07T16:54:40Z  OBSERVE  frontend->shippingservice  rpr=0.0000  low=60 high=0  attempts=3  state=ON  metric=rpr
2026-10-07T16:54:40Z  OBSERVE  checkoutservice->cartservice  rpr=0.0000  low=59 high=0  attempts=3  state=ON  metric=rpr
2026-10-07T16:54:40Z  OBSERVE  checkoutservice->currencyservice  rpr=0.0000  low=59 high=0  attempts=3  state=ON  metric=rpr
2026-10-07T16:54:40Z  OBSERVE  checkoutservice->emailservice  rpr=0.0000  low=58 high=0  attempts=3  state=ON  metric=rpr
2026-10-07T16:54:40Z  OBSERVE  checkoutservice->paymentservice  rpr=0.0000  low=59 high=0  attempts=3  state=ON  metric=rpr
2026-10-07T16:54:40Z  OBSERVE  checkoutservice->shippingservice  rpr=0.0000  low=59 high=0  attempts=3  state=ON  metric=rpr
2026-10-07T16:54:40Z  OBSERVE  recommendationservice->productcatalogservice  rpr=0.0000  low=60 high=0  attempts=3  state=ON  metric=rpr
2026-10-07T16:54:42Z  OBSERVE  frontend->adservice  rpr=0.0000  low=60 high=0  attempts=3  state=ON  metric=rpr
2026-10-07T16:54:42Z  OBSERVE  frontend->cartservice  rpr=0.0000  low=62 high=0  attempts=3  state=ON  metric=rpr
2026-10-07T16:54:42Z  OBSERVE  frontend->checkoutservice  rpr=0.0000  low=19 high=0  attempts=3  state=ON  metric=rpr
2026-10-07T16:54:42Z  OBSERVE  frontend->currencyservice  rpr=0.0000  low=62 high=0  attempts=3  state=ON  metric=rpr
2026-10-07T16:54:42Z  OBSERVE  frontend->productcatalogservice  rpr=0.0000  low=61 high=0  attempts=3  state=ON  metric=rpr
2026-10-07T16:54:42Z  OBSERVE  frontend->recommendationservice  rpr=1.5351  low=0 high=20  attempts=3  state=ON  metric=rpr
2026-10-07T16:54:42Z  OBSERVE  frontend->shippingservice  rpr=0.0000  low=61 high=0  attempts=3  state=ON  metric=rpr
2026-10-07T16:54:42Z  OBSERVE  checkoutservice->cartservice  rpr=0.0000  low=60 high=0  attempts=3  state=ON  metric=rpr
2026-10-07T16:54:42Z  OBSERVE  checkoutservice->currencyservice  rpr=0.0000  low=60 high=0  attempts=3  state=ON  metric=rpr
2026-10-07T16:54:42Z  OBSERVE  checkoutservice->emailservice  rpr=0.0000  low=59 high=0  attempts=3  state=ON  metric=rpr
2026-10-07T16:54:42Z  OBSERVE  checkoutservice->paymentservice  rpr=0.0000  low=60 high=0  attempts=3  state=ON  metric=rpr
2026-10-07T16:54:42Z  OBSERVE  checkoutservice->shippingservice  rpr=0.0000  low=60 high=0  attempts=3  state=ON  metric=rpr
2026-10-07T16:54:42Z  OBSERVE  recommendationservice->productcatalogservice  rpr=0.0000  low=61 high=0  attempts=3  state=ON  metric=rpr
2026-10-07T16:54:43Z  OBSERVE  frontend->adservice  rpr=0.0000  low=61 high=0  attempts=3  state=ON  metric=rpr
2026-10-07T16:54:43Z  OBSERVE  frontend->cartservice  rpr=0.0000  low=63 high=0  attempts=3  state=ON  metric=rpr
2026-10-07T16:54:43Z  OBSERVE  frontend->checkoutservice  rpr=0.0000  low=20 high=0  attempts=3  state=ON  metric=rpr
2026-10-07T16:54:43Z  OBSERVE  frontend->currencyservice  rpr=0.0000  low=63 high=0  attempts=3  state=ON  metric=rpr
2026-10-07T16:54:43Z  OBSERVE  frontend->productcatalogservice  rpr=0.0000  low=62 high=0  attempts=3  state=ON  metric=rpr
2026-10-07T16:54:43Z  OBSERVE  frontend->recommendationservice  rpr=1.6763  low=0 high=21  attempts=3  state=ON  metric=rpr
2026-10-07T16:54:43Z  OBSERVE  frontend->shippingservice  rpr=0.0000  low=62 high=0  attempts=3  state=ON  metric=rpr
2026-10-07T16:54:43Z  OBSERVE  checkoutservice->cartservice  rpr=0.0000  low=61 high=0  attempts=3  state=ON  metric=rpr
2026-10-07T16:54:43Z  OBSERVE  checkoutservice->currencyservice  rpr=0.0000  low=61 high=0  attempts=3  state=ON  metric=rpr
2026-10-07T16:54:43Z  OBSERVE  checkoutservice->emailservice  rpr=0.0000  low=60 high=0  attempts=3  state=ON  metric=rpr
2026-10-07T16:54:43Z  OBSERVE  checkoutservice->paymentservice  rpr=0.0000  low=61 high=0  attempts=3  state=ON  metric=rpr
2026-10-07T16:54:43Z  OBSERVE  checkoutservice->shippingservice  rpr=0.0000  low=61 high=0  attempts=3  state=ON  metric=rpr
2026-10-07T16:54:43Z  OBSERVE  recommendationservice->productcatalogservice  rpr=0.0000  low=62 high=0  attempts=3  state=ON  metric=rpr
2026-10-07T16:54:45Z  OBSERVE  frontend->adservice  rpr=0.0000  low=62 high=0  attempts=3  state=ON  metric=rpr
2026-10-07T16:54:45Z  OBSERVE  frontend->cartservice  rpr=0.0000  low=64 high=0  attempts=3  state=ON  metric=rpr
2026-10-07T16:54:45Z  OBSERVE  frontend->checkoutservice  rpr=0.0000  low=21 high=0  attempts=3  state=ON  metric=rpr
2026-10-07T16:54:45Z  OBSERVE  frontend->currencyservice  rpr=0.0000  low=64 high=0  attempts=3  state=ON  metric=rpr
2026-10-07T16:54:45Z  OBSERVE  frontend->productcatalogservice  rpr=0.0000  low=63 high=0  attempts=3  state=ON  metric=rpr
2026-10-07T16:54:45Z  OBSERVE  frontend->recommendationservice  rpr=1.4207  low=0 high=22  attempts=3  state=ON  metric=rpr
2026-10-07T16:54:45Z  OBSERVE  frontend->shippingservice  rpr=0.0000  low=63 high=0  attempts=3  state=ON  metric=rpr
2026-10-07T16:54:45Z  OBSERVE  checkoutservice->cartservice  rpr=0.0000  low=62 high=0  attempts=3  state=ON  metric=rpr
2026-10-07T16:54:45Z  OBSERVE  checkoutservice->currencyservice  rpr=0.0000  low=62 high=0  attempts=3  state=ON  metric=rpr
2026-10-07T16:54:45Z  OBSERVE  checkoutservice->emailservice  rpr=0.0000  low=61 high=0  attempts=3  state=ON  metric=rpr
2026-10-07T16:54:45Z  OBSERVE  checkoutservice->paymentservice  rpr=0.0000  low=62 high=0  attempts=3  state=ON  metric=rpr
2026-10-07T16:54:45Z  OBSERVE  checkoutservice->shippingservice  rpr=0.0000  low=62 high=0  attempts=3  state=ON  metric=rpr
2026-10-07T16:54:45Z  OBSERVE  recommendationservice->productcatalogservice  rpr=0.0000  low=63 high=0  attempts=3  state=ON  metric=rpr
2026-10-07T16:54:46Z  OBSERVE  frontend->adservice  rpr=0.0000  low=63 high=0  attempts=3  state=ON  metric=rpr
2026-10-07T16:54:46Z  OBSERVE  frontend->cartservice  rpr=0.0000  low=65 high=0  attempts=3  state=ON  metric=rpr
2026-10-07T16:54:46Z  OBSERVE  frontend->checkoutservice  rpr=0.0000  low=22 high=0  attempts=3  state=ON  metric=rpr
2026-10-07T16:54:46Z  OBSERVE  frontend->currencyservice  rpr=0.0000  low=65 high=0  attempts=3  state=ON  metric=rpr
2026-10-07T16:54:46Z  OBSERVE  frontend->productcatalogservice  rpr=0.0000  low=64 high=0  attempts=3  state=ON  metric=rpr
2026-10-07T16:54:46Z  OBSERVE  frontend->recommendationservice  rpr=1.4282  low=0 high=23  attempts=3  state=ON  metric=rpr
2026-10-07T16:54:46Z  OBSERVE  frontend->shippingservice  rpr=0.0000  low=64 high=0  attempts=3  state=ON  metric=rpr
2026-10-07T16:54:46Z  OBSERVE  checkoutservice->cartservice  rpr=0.0000  low=63 high=0  attempts=3  state=ON  metric=rpr
2026-10-07T16:54:46Z  OBSERVE  checkoutservice->currencyservice  rpr=0.0000  low=63 high=0  attempts=3  state=ON  metric=rpr
2026-10-07T16:54:46Z  OBSERVE  checkoutservice->emailservice  rpr=0.0000  low=62 high=0  attempts=3  state=ON  metric=rpr
2026-10-07T16:54:46Z  OBSERVE  checkoutservice->paymentservice  rpr=0.0000  low=63 high=0  attempts=3  state=ON  metric=rpr
2026-10-07T16:54:46Z  OBSERVE  checkoutservice->shippingservice  rpr=0.0000  low=63 high=0  attempts=3  state=ON  metric=rpr
2026-10-07T16:54:46Z  OBSERVE  recommendationservice->productcatalogservice  rpr=0.0000  low=64 high=0  attempts=3  state=ON  metric=rpr
2026-10-07T16:54:48Z  OBSERVE  frontend->adservice  rpr=0.0000  low=64 high=0  attempts=3  state=ON  metric=rpr
2026-10-07T16:54:48Z  OBSERVE  frontend->cartservice  rpr=0.0000  low=66 high=0  attempts=3  state=ON  metric=rpr
2026-10-07T16:54:48Z  OBSERVE  frontend->checkoutservice  rpr=0.0000  low=23 high=0  attempts=3  state=ON  metric=rpr
2026-10-07T16:54:48Z  OBSERVE  frontend->currencyservice  rpr=0.0000  low=66 high=0  attempts=3  state=ON  metric=rpr
2026-10-07T16:54:48Z  OBSERVE  frontend->productcatalogservice  rpr=0.0000  low=65 high=0  attempts=3  state=ON  metric=rpr
2026-10-07T16:54:48Z  OBSERVE  frontend->recommendationservice  rpr=1.1247  low=0 high=24  attempts=3  state=ON  metric=rpr
2026-10-07T16:54:48Z  OBSERVE  frontend->shippingservice  rpr=0.0000  low=65 high=0  attempts=3  state=ON  metric=rpr
2026-10-07T16:54:48Z  OBSERVE  checkoutservice->cartservice  rpr=0.0000  low=64 high=0  attempts=3  state=ON  metric=rpr
2026-10-07T16:54:48Z  OBSERVE  checkoutservice->currencyservice  rpr=0.0000  low=64 high=0  attempts=3  state=ON  metric=rpr
2026-10-07T16:54:48Z  OBSERVE  checkoutservice->emailservice  rpr=0.0000  low=63 high=0  attempts=3  state=ON  metric=rpr
2026-10-07T16:54:48Z  OBSERVE  checkoutservice->paymentservice  rpr=0.0000  low=64 high=0  attempts=3  state=ON  metric=rpr
2026-10-07T16:54:48Z  OBSERVE  checkoutservice->shippingservice  rpr=0.0000  low=64 high=0  attempts=3  state=ON  metric=rpr
2026-10-07T16:54:48Z  OBSERVE  recommendationservice->productcatalogservice  rpr=0.0000  low=65 high=0  attempts=3  state=ON  metric=rpr
2026-10-07T16:54:50Z  OBSERVE  frontend->adservice  rpr=0.0000  low=65 high=0  attempts=3  state=ON  metric=rpr
2026-10-07T16:54:50Z  OBSERVE  frontend->cartservice  rpr=0.0000  low=67 high=0  attempts=3  state=ON  metric=rpr
2026-10-07T16:54:50Z  OBSERVE  frontend->checkoutservice  rpr=0.0000  low=24 high=0  attempts=3  state=ON  metric=rpr
2026-10-07T16:54:50Z  OBSERVE  frontend->currencyservice  rpr=0.0000  low=67 high=0  attempts=3  state=ON  metric=rpr
2026-10-07T16:54:50Z  OBSERVE  frontend->productcatalogservice  rpr=0.0000  low=66 high=0  attempts=3  state=ON  metric=rpr
2026-10-07T16:54:50Z  OBSERVE  frontend->recommendationservice  rpr=1.3306  low=0 high=25  attempts=3  state=ON  metric=rpr
2026-10-07T16:54:50Z  OBSERVE  frontend->shippingservice  rpr=0.0000  low=66 high=0  attempts=3  state=ON  metric=rpr
2026-10-07T16:54:50Z  OBSERVE  checkoutservice->cartservice  rpr=0.0000  low=65 high=0  attempts=3  state=ON  metric=rpr
2026-10-07T16:54:50Z  OBSERVE  checkoutservice->currencyservice  rpr=0.0000  low=65 high=0  attempts=3  state=ON  metric=rpr
2026-10-07T16:54:50Z  OBSERVE  checkoutservice->emailservice  rpr=0.0000  low=64 high=0  attempts=3  state=ON  metric=rpr
2026-10-07T16:54:50Z  OBSERVE  checkoutservice->paymentservice  rpr=0.0000  low=65 high=0  attempts=3  state=ON  metric=rpr
2026-10-07T16:54:50Z  OBSERVE  checkoutservice->shippingservice  rpr=0.0000  low=65 high=0  attempts=3  state=ON  metric=rpr
2026-10-07T16:54:50Z  OBSERVE  recommendationservice->productcatalogservice  rpr=0.0000  low=66 high=0  attempts=3  state=ON  metric=rpr
2026-10-07T16:54:52Z  OBSERVE  frontend->adservice  rpr=0.0000  low=66 high=0  attempts=3  state=ON  metric=rpr
2026-10-07T16:54:52Z  OBSERVE  frontend->cartservice  rpr=0.0000  low=68 high=0  attempts=3  state=ON  metric=rpr
2026-10-07T16:54:52Z  OBSERVE  frontend->checkoutservice  rpr=0.0000  low=25 high=0  attempts=3  state=ON  metric=rpr
2026-10-07T16:54:52Z  OBSERVE  frontend->currencyservice  rpr=0.0000  low=68 high=0  attempts=3  state=ON  metric=rpr
2026-10-07T16:54:52Z  OBSERVE  frontend->productcatalogservice  rpr=0.0000  low=67 high=0  attempts=3  state=ON  metric=rpr
2026-10-07T16:54:52Z  OBSERVE  frontend->recommendationservice  rpr=1.5874  low=0 high=26  attempts=3  state=ON  metric=rpr
2026-10-07T16:54:52Z  OBSERVE  frontend->shippingservice  rpr=0.0000  low=67 high=0  attempts=3  state=ON  metric=rpr
2026-10-07T16:54:52Z  OBSERVE  checkoutservice->cartservice  rpr=0.0000  low=66 high=0  attempts=3  state=ON  metric=rpr
2026-10-07T16:54:52Z  OBSERVE  checkoutservice->currencyservice  rpr=0.0000  low=66 high=0  attempts=3  state=ON  metric=rpr
2026-10-07T16:54:52Z  OBSERVE  checkoutservice->emailservice  rpr=0.0000  low=65 high=0  attempts=3  state=ON  metric=rpr
2026-10-07T16:54:52Z  OBSERVE  checkoutservice->paymentservice  rpr=0.0000  low=66 high=0  attempts=3  state=ON  metric=rpr
2026-10-07T16:54:52Z  OBSERVE  checkoutservice->shippingservice  rpr=0.0000  low=66 high=0  attempts=3  state=ON  metric=rpr
2026-10-07T16:54:52Z  OBSERVE  recommendationservice->productcatalogservice  rpr=0.0000  low=67 high=0  attempts=3  state=ON  metric=rpr
2026-10-07T16:54:53Z  OBSERVE  frontend->adservice  rpr=0.0000  low=67 high=0  attempts=3  state=ON  metric=rpr
2026-10-07T16:54:53Z  OBSERVE  frontend->cartservice  rpr=0.0000  low=69 high=0  attempts=3  state=ON  metric=rpr
2026-10-07T16:54:53Z  OBSERVE  frontend->checkoutservice  rpr=0.0000  low=26 high=0  attempts=3  state=ON  metric=rpr
2026-10-07T16:54:53Z  OBSERVE  frontend->currencyservice  rpr=0.0000  low=69 high=0  attempts=3  state=ON  metric=rpr
2026-10-07T16:54:53Z  OBSERVE  frontend->productcatalogservice  rpr=0.0000  low=68 high=0  attempts=3  state=ON  metric=rpr
2026-10-07T16:54:53Z  OBSERVE  frontend->recommendationservice  rpr=1.2327  low=0 high=27  attempts=3  state=ON  metric=rpr
2026-10-07T16:54:53Z  OBSERVE  frontend->shippingservice  rpr=0.0000  low=68 high=0  attempts=3  state=ON  metric=rpr
2026-10-07T16:54:53Z  OBSERVE  checkoutservice->cartservice  rpr=0.0000  low=67 high=0  attempts=3  state=ON  metric=rpr
2026-10-07T16:54:53Z  OBSERVE  checkoutservice->currencyservice  rpr=0.0000  low=67 high=0  attempts=3  state=ON  metric=rpr
2026-10-07T16:54:53Z  OBSERVE  checkoutservice->emailservice  rpr=0.0000  low=66 high=0  attempts=3  state=ON  metric=rpr
2026-10-07T16:54:53Z  OBSERVE  checkoutservice->paymentservice  rpr=0.0000  low=67 high=0  attempts=3  state=ON  metric=rpr
2026-10-07T16:54:53Z  OBSERVE  checkoutservice->shippingservice  rpr=0.0000  low=67 high=0  attempts=3  state=ON  metric=rpr
2026-10-07T16:54:53Z  OBSERVE  recommendationservice->productcatalogservice  rpr=0.0000  low=68 high=0  attempts=3  state=ON  metric=rpr
2026-10-07T16:54:54Z  OBSERVE  frontend->adservice  rpr=0.0000  low=68 high=0  attempts=3  state=ON  metric=rpr
2026-10-07T16:54:54Z  OBSERVE  frontend->cartservice  rpr=0.0000  low=70 high=0  attempts=3  state=ON  metric=rpr
2026-10-07T16:54:54Z  OBSERVE  frontend->checkoutservice  rpr=0.0000  low=27 high=0  attempts=3  state=ON  metric=rpr
2026-10-07T16:54:54Z  OBSERVE  frontend->currencyservice  rpr=0.0000  low=70 high=0  attempts=3  state=ON  metric=rpr
2026-10-07T16:54:54Z  OBSERVE  frontend->productcatalogservice  rpr=0.0000  low=69 high=0  attempts=3  state=ON  metric=rpr
2026-10-07T16:54:54Z  OBSERVE  frontend->recommendationservice  rpr=1.4222  low=0 high=28  attempts=3  state=ON  metric=rpr
2026-10-07T16:54:54Z  OBSERVE  frontend->shippingservice  rpr=0.0000  low=69 high=0  attempts=3  state=ON  metric=rpr
2026-10-07T16:54:54Z  OBSERVE  checkoutservice->cartservice  rpr=0.0000  low=68 high=0  attempts=3  state=ON  metric=rpr
2026-10-07T16:54:54Z  OBSERVE  checkoutservice->currencyservice  rpr=0.0000  low=68 high=0  attempts=3  state=ON  metric=rpr
2026-10-07T16:54:54Z  OBSERVE  checkoutservice->emailservice  rpr=0.0000  low=67 high=0  attempts=3  state=ON  metric=rpr
2026-10-07T16:54:54Z  OBSERVE  checkoutservice->paymentservice  rpr=0.0000  low=68 high=0  attempts=3  state=ON  metric=rpr
2026-10-07T16:54:54Z  OBSERVE  checkoutservice->shippingservice  rpr=0.0000  low=68 high=0  attempts=3  state=ON  metric=rpr
2026-10-07T16:54:54Z  OBSERVE  recommendationservice->productcatalogservice  rpr=0.0000  low=69 high=0  attempts=3  state=ON  metric=rpr
2026-10-07T16:54:55Z  OBSERVE  frontend->adservice  rpr=0.0000  low=69 high=0  attempts=3  state=ON  metric=rpr
2026-10-07T16:54:55Z  OBSERVE  frontend->cartservice  rpr=0.0000  low=71 high=0  attempts=3  state=ON  metric=rpr
2026-10-07T16:54:55Z  OBSERVE  frontend->checkoutservice  rpr=0.0000  low=28 high=0  attempts=3  state=ON  metric=rpr
2026-10-07T16:54:55Z  OBSERVE  frontend->currencyservice  rpr=0.0000  low=71 high=0  attempts=3  state=ON  metric=rpr
2026-10-07T16:54:55Z  OBSERVE  frontend->productcatalogservice  rpr=0.0000  low=70 high=0  attempts=3  state=ON  metric=rpr
2026-10-07T16:54:55Z  OBSERVE  frontend->recommendationservice  rpr=1.3940  low=0 high=29  attempts=3  state=ON  metric=rpr
2026-10-07T16:54:55Z  OBSERVE  frontend->shippingservice  rpr=0.0000  low=70 high=0  attempts=3  state=ON  metric=rpr
2026-10-07T16:54:55Z  OBSERVE  checkoutservice->cartservice  rpr=0.0000  low=69 high=0  attempts=3  state=ON  metric=rpr
2026-10-07T16:54:55Z  OBSERVE  checkoutservice->currencyservice  rpr=0.0000  low=69 high=0  attempts=3  state=ON  metric=rpr
2026-10-07T16:54:55Z  OBSERVE  checkoutservice->emailservice  rpr=0.0000  low=68 high=0  attempts=3  state=ON  metric=rpr
2026-10-07T16:54:55Z  OBSERVE  checkoutservice->paymentservice  rpr=0.0000  low=69 high=0  attempts=3  state=ON  metric=rpr
2026-10-07T16:54:55Z  OBSERVE  checkoutservice->shippingservice  rpr=0.0000  low=69 high=0  attempts=3  state=ON  metric=rpr
2026-10-07T16:54:55Z  OBSERVE  recommendationservice->productcatalogservice  rpr=0.0000  low=70 high=0  attempts=3  state=ON  metric=rpr
2026-10-07T16:54:57Z  OBSERVE  frontend->adservice  rpr=0.0000  low=70 high=0  attempts=3  state=ON  metric=rpr
2026-10-07T16:54:57Z  OBSERVE  frontend->cartservice  rpr=0.0000  low=72 high=0  attempts=3  state=ON  metric=rpr
2026-10-07T16:54:57Z  OBSERVE  frontend->checkoutservice  rpr=0.0000  low=29 high=0  attempts=3  state=ON  metric=rpr
2026-10-07T16:54:57Z  OBSERVE  frontend->currencyservice  rpr=0.0000  low=72 high=0  attempts=3  state=ON  metric=rpr
2026-10-07T16:54:57Z  OBSERVE  frontend->productcatalogservice  rpr=0.0000  low=71 high=0  attempts=3  state=ON  metric=rpr
2026-10-07T16:54:57Z  OBSERVE  frontend->recommendationservice  rpr=1.4718  low=0 high=30  attempts=3  state=ON  metric=rpr
2026-10-07T16:54:57Z  OBSERVE  frontend->shippingservice  rpr=0.0000  low=71 high=0  attempts=3  state=ON  metric=rpr
2026-10-07T16:54:57Z  OBSERVE  checkoutservice->cartservice  rpr=0.0000  low=70 high=0  attempts=3  state=ON  metric=rpr
2026-10-07T16:54:57Z  OBSERVE  checkoutservice->currencyservice  rpr=0.0000  low=70 high=0  attempts=3  state=ON  metric=rpr
2026-10-07T16:54:57Z  OBSERVE  checkoutservice->emailservice  rpr=0.0000  low=69 high=0  attempts=3  state=ON  metric=rpr
2026-10-07T16:54:57Z  OBSERVE  checkoutservice->paymentservice  rpr=0.0000  low=70 high=0  attempts=3  state=ON  metric=rpr
2026-10-07T16:54:57Z  OBSERVE  checkoutservice->shippingservice  rpr=0.0000  low=70 high=0  attempts=3  state=ON  metric=rpr
2026-10-07T16:54:57Z  OBSERVE  recommendationservice->productcatalogservice  rpr=0.0000  low=71 high=0  attempts=3  state=ON  metric=rpr
2026-10-07T16:54:57Z  frontend->recommendationservice  ON→OFF   rpr=1.47  consecutive_high=30  attempts=0  from_attempts=3  metric=rpr
2026-10-07T16:54:58Z  OBSERVE  frontend->adservice  rpr=0.0000  low=71 high=0  attempts=3  state=ON  metric=rpr
2026-10-07T16:54:58Z  OBSERVE  frontend->cartservice  rpr=0.0000  low=73 high=0  attempts=3  state=ON  metric=rpr
2026-10-07T16:54:58Z  OBSERVE  frontend->checkoutservice  rpr=0.0000  low=30 high=0  attempts=3  state=ON  metric=rpr
2026-10-07T16:54:58Z  OBSERVE  frontend->currencyservice  rpr=0.0000  low=73 high=0  attempts=3  state=ON  metric=rpr
2026-10-07T16:54:58Z  OBSERVE  frontend->productcatalogservice  rpr=0.0000  low=72 high=0  attempts=3  state=ON  metric=rpr
2026-10-07T16:54:58Z  OBSERVE  frontend->shippingservice  rpr=0.0000  low=72 high=0  attempts=3  state=ON  metric=rpr
2026-10-07T16:54:58Z  OBSERVE  checkoutservice->cartservice  rpr=0.0000  low=71 high=0  attempts=3  state=ON  metric=rpr
2026-10-07T16:54:58Z  OBSERVE  checkoutservice->currencyservice  rpr=0.0000  low=71 high=0  attempts=3  state=ON  metric=rpr
2026-10-07T16:54:58Z  OBSERVE  checkoutservice->emailservice  rpr=0.0000  low=70 high=0  attempts=3  state=ON  metric=rpr
2026-10-07T16:54:58Z  OBSERVE  checkoutservice->paymentservice  rpr=0.0000  low=71 high=0  attempts=3  state=ON  metric=rpr
2026-10-07T16:54:58Z  OBSERVE  checkoutservice->shippingservice  rpr=0.0000  low=71 high=0  attempts=3  state=ON  metric=rpr
2026-10-07T16:54:58Z  OBSERVE  recommendationservice->productcatalogservice  rpr=0.0000  low=72 high=0  attempts=3  state=ON  metric=rpr
2026-10-07T16:54:58Z  OBSERVE  recommendationservice  rejection=0.2786  low=0 high=1  state=OFF  metric=rejection
2026-10-07T16:55:00Z  OBSERVE  frontend->adservice  rpr=0.0000  low=72 high=0  attempts=3  state=ON  metric=rpr
2026-10-07T16:55:00Z  OBSERVE  frontend->cartservice  rpr=0.0000  low=74 high=0  attempts=3  state=ON  metric=rpr
2026-10-07T16:55:00Z  OBSERVE  frontend->checkoutservice  rpr=0.0000  low=31 high=0  attempts=3  state=ON  metric=rpr
2026-10-07T16:55:00Z  OBSERVE  frontend->currencyservice  rpr=0.0000  low=74 high=0  attempts=3  state=ON  metric=rpr
2026-10-07T16:55:00Z  OBSERVE  frontend->productcatalogservice  rpr=0.0000  low=73 high=0  attempts=3  state=ON  metric=rpr
2026-10-07T16:55:00Z  OBSERVE  frontend->shippingservice  rpr=0.0000  low=73 high=0  attempts=3  state=ON  metric=rpr
2026-10-07T16:55:00Z  OBSERVE  checkoutservice->cartservice  rpr=0.0000  low=72 high=0  attempts=3  state=ON  metric=rpr
2026-10-07T16:55:00Z  OBSERVE  checkoutservice->currencyservice  rpr=0.0000  low=72 high=0  attempts=3  state=ON  metric=rpr
2026-10-07T16:55:00Z  OBSERVE  checkoutservice->emailservice  rpr=0.0000  low=71 high=0  attempts=3  state=ON  metric=rpr
2026-10-07T16:55:00Z  OBSERVE  checkoutservice->paymentservice  rpr=0.0000  low=72 high=0  attempts=3  state=ON  metric=rpr
2026-10-07T16:55:00Z  OBSERVE  checkoutservice->shippingservice  rpr=0.0000  low=72 high=0  attempts=3  state=ON  metric=rpr
2026-10-07T16:55:00Z  OBSERVE  recommendationservice->productcatalogservice  rpr=0.0000  low=73 high=0  attempts=3  state=ON  metric=rpr
2026-10-07T16:55:00Z  OBSERVE  recommendationservice  rejection=0.1963  low=0 high=2  state=OFF  metric=rejection
2026-10-07T16:55:02Z  OBSERVE  frontend->adservice  rpr=0.0000  low=73 high=0  attempts=3  state=ON  metric=rpr
2026-10-07T16:55:02Z  OBSERVE  frontend->cartservice  rpr=0.0000  low=75 high=0  attempts=3  state=ON  metric=rpr
2026-10-07T16:55:02Z  OBSERVE  frontend->checkoutservice  rpr=0.0000  low=32 high=0  attempts=3  state=ON  metric=rpr
2026-10-07T16:55:02Z  OBSERVE  frontend->currencyservice  rpr=0.0000  low=75 high=0  attempts=3  state=ON  metric=rpr
2026-10-07T16:55:02Z  OBSERVE  frontend->productcatalogservice  rpr=0.0000  low=74 high=0  attempts=3  state=ON  metric=rpr
2026-10-07T16:55:02Z  OBSERVE  frontend->shippingservice  rpr=0.0000  low=74 high=0  attempts=3  state=ON  metric=rpr
2026-10-07T16:55:02Z  OBSERVE  checkoutservice->cartservice  rpr=0.0000  low=73 high=0  attempts=3  state=ON  metric=rpr
2026-10-07T16:55:02Z  OBSERVE  checkoutservice->currencyservice  rpr=0.0000  low=73 high=0  attempts=3  state=ON  metric=rpr
2026-10-07T16:55:02Z  OBSERVE  checkoutservice->emailservice  rpr=0.0000  low=72 high=0  attempts=3  state=ON  metric=rpr
2026-10-07T16:55:02Z  OBSERVE  checkoutservice->paymentservice  rpr=0.0000  low=73 high=0  attempts=3  state=ON  metric=rpr
2026-10-07T16:55:02Z  OBSERVE  checkoutservice->shippingservice  rpr=0.0000  low=73 high=0  attempts=3  state=ON  metric=rpr
2026-10-07T16:55:02Z  OBSERVE  recommendationservice->productcatalogservice  rpr=0.0000  low=74 high=0  attempts=3  state=ON  metric=rpr
2026-10-07T16:55:02Z  OBSERVE  recommendationservice  rejection=0.2399  low=0 high=3  state=OFF  metric=rejection
2026-10-07T16:55:04Z  OBSERVE  frontend->adservice  rpr=0.0000  low=74 high=0  attempts=3  state=ON  metric=rpr
2026-10-07T16:55:04Z  OBSERVE  frontend->cartservice  rpr=0.0000  low=76 high=0  attempts=3  state=ON  metric=rpr
2026-10-07T16:55:04Z  OBSERVE  frontend->checkoutservice  rpr=0.0263  low=33 high=0  attempts=3  state=ON  metric=rpr
2026-10-07T16:55:04Z  OBSERVE  frontend->currencyservice  rpr=0.0000  low=76 high=0  attempts=3  state=ON  metric=rpr
2026-10-07T16:55:04Z  OBSERVE  frontend->productcatalogservice  rpr=0.0000  low=75 high=0  attempts=3  state=ON  metric=rpr
2026-10-07T16:55:04Z  OBSERVE  frontend->shippingservice  rpr=0.0000  low=75 high=0  attempts=3  state=ON  metric=rpr
2026-10-07T16:55:04Z  OBSERVE  checkoutservice->cartservice  rpr=0.0000  low=74 high=0  attempts=3  state=ON  metric=rpr
2026-10-07T16:55:04Z  OBSERVE  checkoutservice->currencyservice  rpr=0.0000  low=74 high=0  attempts=3  state=ON  metric=rpr
2026-10-07T16:55:04Z  OBSERVE  checkoutservice->emailservice  rpr=0.0000  low=73 high=0  attempts=3  state=ON  metric=rpr
2026-10-07T16:55:04Z  OBSERVE  checkoutservice->paymentservice  rpr=0.0000  low=74 high=0  attempts=3  state=ON  metric=rpr
2026-10-07T16:55:04Z  OBSERVE  checkoutservice->shippingservice  rpr=0.0000  low=74 high=0  attempts=3  state=ON  metric=rpr
2026-10-07T16:55:04Z  OBSERVE  recommendationservice->productcatalogservice  rpr=0.0000  low=75 high=0  attempts=3  state=ON  metric=rpr
2026-10-07T16:55:04Z  OBSERVE  recommendationservice  rejection=0.2834  low=0 high=4  state=OFF  metric=rejection
2026-10-07T16:55:06Z  OBSERVE  frontend->adservice  rpr=0.0000  low=75 high=0  attempts=3  state=ON  metric=rpr
2026-10-07T16:55:06Z  OBSERVE  frontend->cartservice  rpr=0.0000  low=77 high=0  attempts=3  state=ON  metric=rpr
2026-10-07T16:55:06Z  OBSERVE  frontend->checkoutservice  rpr=0.0000  low=34 high=0  attempts=3  state=ON  metric=rpr
2026-10-07T16:55:06Z  OBSERVE  frontend->currencyservice  rpr=0.0000  low=77 high=0  attempts=3  state=ON  metric=rpr
2026-10-07T16:55:06Z  OBSERVE  frontend->productcatalogservice  rpr=0.0000  low=76 high=0  attempts=3  state=ON  metric=rpr
2026-10-07T16:55:06Z  OBSERVE  frontend->shippingservice  rpr=0.0000  low=76 high=0  attempts=3  state=ON  metric=rpr
2026-10-07T16:55:06Z  OBSERVE  checkoutservice->cartservice  rpr=0.0000  low=75 high=0  attempts=3  state=ON  metric=rpr
2026-10-07T16:55:06Z  OBSERVE  checkoutservice->currencyservice  rpr=0.0000  low=75 high=0  attempts=3  state=ON  metric=rpr
2026-10-07T16:55:06Z  OBSERVE  checkoutservice->emailservice  rpr=0.0000  low=74 high=0  attempts=3  state=ON  metric=rpr
2026-10-07T16:55:06Z  OBSERVE  checkoutservice->paymentservice  rpr=0.0000  low=75 high=0  attempts=3  state=ON  metric=rpr
2026-10-07T16:55:06Z  OBSERVE  checkoutservice->shippingservice  rpr=0.0000  low=75 high=0  attempts=3  state=ON  metric=rpr
2026-10-07T16:55:06Z  OBSERVE  recommendationservice->productcatalogservice  rpr=0.0000  low=76 high=0  attempts=3  state=ON  metric=rpr
2026-10-07T16:55:06Z  OBSERVE  recommendationservice  rejection=0.2029  low=0 high=5  state=OFF  metric=rejection
2026-10-07T16:55:08Z  OBSERVE  frontend->adservice  rpr=0.0000  low=76 high=0  attempts=3  state=ON  metric=rpr
2026-10-07T16:55:08Z  OBSERVE  frontend->cartservice  rpr=0.0000  low=78 high=0  attempts=3  state=ON  metric=rpr
2026-10-07T16:55:08Z  OBSERVE  frontend->checkoutservice  rpr=0.0072  low=35 high=0  attempts=3  state=ON  metric=rpr
2026-10-07T16:55:08Z  OBSERVE  frontend->currencyservice  rpr=0.0000  low=78 high=0  attempts=3  state=ON  metric=rpr
2026-10-07T16:55:08Z  OBSERVE  frontend->productcatalogservice  rpr=0.0000  low=77 high=0  attempts=3  state=ON  metric=rpr
2026-10-07T16:55:08Z  OBSERVE  frontend->shippingservice  rpr=0.0000  low=77 high=0  attempts=3  state=ON  metric=rpr
2026-10-07T16:55:08Z  OBSERVE  checkoutservice->cartservice  rpr=0.0000  low=76 high=0  attempts=3  state=ON  metric=rpr
2026-10-07T16:55:08Z  OBSERVE  checkoutservice->currencyservice  rpr=0.0000  low=76 high=0  attempts=3  state=ON  metric=rpr
2026-10-07T16:55:08Z  OBSERVE  checkoutservice->emailservice  rpr=0.0000  low=75 high=0  attempts=3  state=ON  metric=rpr
2026-10-07T16:55:08Z  OBSERVE  checkoutservice->paymentservice  rpr=0.0000  low=76 high=0  attempts=3  state=ON  metric=rpr
2026-10-07T16:55:08Z  OBSERVE  checkoutservice->shippingservice  rpr=0.0000  low=76 high=0  attempts=3  state=ON  metric=rpr
2026-10-07T16:55:08Z  OBSERVE  recommendationservice->productcatalogservice  rpr=0.0000  low=77 high=0  attempts=3  state=ON  metric=rpr
2026-10-07T16:55:08Z  OBSERVE  recommendationservice  rejection=0.1929  low=0 high=6  state=OFF  metric=rejection
2026-10-07T16:55:10Z  OBSERVE  frontend->adservice  rpr=0.0000  low=77 high=0  attempts=3  state=ON  metric=rpr
2026-10-07T16:55:10Z  OBSERVE  frontend->cartservice  rpr=0.0000  low=79 high=0  attempts=3  state=ON  metric=rpr
2026-10-07T16:55:10Z  OBSERVE  frontend->checkoutservice  rpr=0.0000  low=36 high=0  attempts=3  state=ON  metric=rpr
2026-10-07T16:55:10Z  OBSERVE  frontend->currencyservice  rpr=0.0000  low=79 high=0  attempts=3  state=ON  metric=rpr
2026-10-07T16:55:10Z  OBSERVE  frontend->productcatalogservice  rpr=0.0000  low=78 high=0  attempts=3  state=ON  metric=rpr
2026-10-07T16:55:10Z  OBSERVE  frontend->shippingservice  rpr=0.0000  low=78 high=0  attempts=3  state=ON  metric=rpr
2026-10-07T16:55:10Z  OBSERVE  checkoutservice->cartservice  rpr=0.0000  low=77 high=0  attempts=3  state=ON  metric=rpr
2026-10-07T16:55:10Z  OBSERVE  checkoutservice->currencyservice  rpr=0.0000  low=77 high=0  attempts=3  state=ON  metric=rpr
2026-10-07T16:55:10Z  OBSERVE  checkoutservice->emailservice  rpr=0.0000  low=76 high=0  attempts=3  state=ON  metric=rpr
2026-10-07T16:55:10Z  OBSERVE  checkoutservice->paymentservice  rpr=0.0000  low=77 high=0  attempts=3  state=ON  metric=rpr
2026-10-07T16:55:10Z  OBSERVE  checkoutservice->shippingservice  rpr=0.0000  low=77 high=0  attempts=3  state=ON  metric=rpr
2026-10-07T16:55:10Z  OBSERVE  recommendationservice->productcatalogservice  rpr=0.0000  low=78 high=0  attempts=3  state=ON  metric=rpr
2026-10-07T16:55:10Z  OBSERVE  recommendationservice  rejection=0.2567  low=0 high=7  state=OFF  metric=rejection
2026-10-07T16:55:12Z  OBSERVE  frontend->adservice  rpr=0.0000  low=78 high=0  attempts=3  state=ON  metric=rpr
2026-10-07T16:55:12Z  OBSERVE  frontend->cartservice  rpr=0.0000  low=80 high=0  attempts=3  state=ON  metric=rpr
2026-10-07T16:55:12Z  OBSERVE  frontend->checkoutservice  rpr=0.0000  low=37 high=0  attempts=3  state=ON  metric=rpr
2026-10-07T16:55:12Z  OBSERVE  frontend->currencyservice  rpr=0.0000  low=80 high=0  attempts=3  state=ON  metric=rpr
2026-10-07T16:55:12Z  OBSERVE  frontend->productcatalogservice  rpr=0.0000  low=79 high=0  attempts=3  state=ON  metric=rpr
2026-10-07T16:55:12Z  OBSERVE  frontend->shippingservice  rpr=0.0000  low=79 high=0  attempts=3  state=ON  metric=rpr
2026-10-07T16:55:12Z  OBSERVE  checkoutservice->cartservice  rpr=0.0000  low=78 high=0  attempts=3  state=ON  metric=rpr
2026-10-07T16:55:12Z  OBSERVE  checkoutservice->currencyservice  rpr=0.0000  low=78 high=0  attempts=3  state=ON  metric=rpr
2026-10-07T16:55:12Z  OBSERVE  checkoutservice->emailservice  rpr=0.0000  low=77 high=0  attempts=3  state=ON  metric=rpr
2026-10-07T16:55:12Z  OBSERVE  checkoutservice->paymentservice  rpr=0.0000  low=78 high=0  attempts=3  state=ON  metric=rpr
2026-10-07T16:55:12Z  OBSERVE  checkoutservice->shippingservice  rpr=0.0000  low=78 high=0  attempts=3  state=ON  metric=rpr
2026-10-07T16:55:12Z  OBSERVE  recommendationservice->productcatalogservice  rpr=0.0000  low=79 high=0  attempts=3  state=ON  metric=rpr
2026-10-07T16:55:12Z  OBSERVE  recommendationservice  rejection=0.1753  low=0 high=8  state=OFF  metric=rejection
2026-10-07T16:55:14Z  OBSERVE  frontend->adservice  rpr=0.0000  low=79 high=0  attempts=3  state=ON  metric=rpr
2026-10-07T16:55:14Z  OBSERVE  frontend->cartservice  rpr=0.0000  low=81 high=0  attempts=3  state=ON  metric=rpr
2026-10-07T16:55:14Z  OBSERVE  frontend->checkoutservice  rpr=0.0000  low=38 high=0  attempts=3  state=ON  metric=rpr
2026-10-07T16:55:14Z  OBSERVE  frontend->currencyservice  rpr=0.0000  low=81 high=0  attempts=3  state=ON  metric=rpr
2026-10-07T16:55:14Z  OBSERVE  frontend->productcatalogservice  rpr=0.0000  low=80 high=0  attempts=3  state=ON  metric=rpr
2026-10-07T16:55:14Z  OBSERVE  frontend->shippingservice  rpr=0.0000  low=80 high=0  attempts=3  state=ON  metric=rpr
2026-10-07T16:55:14Z  OBSERVE  checkoutservice->cartservice  rpr=0.0000  low=79 high=0  attempts=3  state=ON  metric=rpr
2026-10-07T16:55:14Z  OBSERVE  checkoutservice->currencyservice  rpr=0.0000  low=79 high=0  attempts=3  state=ON  metric=rpr
2026-10-07T16:55:14Z  OBSERVE  checkoutservice->emailservice  rpr=0.0000  low=78 high=0  attempts=3  state=ON  metric=rpr
2026-10-07T16:55:14Z  OBSERVE  checkoutservice->paymentservice  rpr=0.0000  low=79 high=0  attempts=3  state=ON  metric=rpr
2026-10-07T16:55:14Z  OBSERVE  checkoutservice->shippingservice  rpr=0.0000  low=79 high=0  attempts=3  state=ON  metric=rpr
2026-10-07T16:55:14Z  OBSERVE  recommendationservice->productcatalogservice  rpr=0.0000  low=80 high=0  attempts=3  state=ON  metric=rpr
2026-10-07T16:55:14Z  OBSERVE  recommendationservice  rejection=0.1667  low=0 high=9  state=OFF  metric=rejection
2026-10-07T16:55:16Z  OBSERVE  frontend->adservice  rpr=0.0000  low=80 high=0  attempts=3  state=ON  metric=rpr
2026-10-07T16:55:16Z  OBSERVE  frontend->cartservice  rpr=0.0000  low=82 high=0  attempts=3  state=ON  metric=rpr
2026-10-07T16:55:16Z  OBSERVE  frontend->checkoutservice  rpr=0.0000  low=39 high=0  attempts=3  state=ON  metric=rpr
2026-10-07T16:55:16Z  OBSERVE  frontend->currencyservice  rpr=0.0000  low=82 high=0  attempts=3  state=ON  metric=rpr
2026-10-07T16:55:16Z  OBSERVE  frontend->productcatalogservice  rpr=0.0000  low=81 high=0  attempts=3  state=ON  metric=rpr
2026-10-07T16:55:16Z  OBSERVE  frontend->shippingservice  rpr=0.0000  low=81 high=0  attempts=3  state=ON  metric=rpr
2026-10-07T16:55:16Z  OBSERVE  checkoutservice->cartservice  rpr=0.0000  low=80 high=0  attempts=3  state=ON  metric=rpr
2026-10-07T16:55:16Z  OBSERVE  checkoutservice->currencyservice  rpr=0.0000  low=80 high=0  attempts=3  state=ON  metric=rpr
2026-10-07T16:55:16Z  OBSERVE  checkoutservice->emailservice  rpr=0.0000  low=79 high=0  attempts=3  state=ON  metric=rpr
2026-10-07T16:55:16Z  OBSERVE  checkoutservice->paymentservice  rpr=0.0000  low=80 high=0  attempts=3  state=ON  metric=rpr
2026-10-07T16:55:16Z  OBSERVE  checkoutservice->shippingservice  rpr=0.0000  low=80 high=0  attempts=3  state=ON  metric=rpr
2026-10-07T16:55:16Z  OBSERVE  recommendationservice->productcatalogservice  rpr=0.0000  low=81 high=0  attempts=3  state=ON  metric=rpr
2026-10-07T16:55:16Z  OBSERVE  recommendationservice  rejection=0.1928  low=0 high=10  state=OFF  metric=rejection
2026-10-07T16:55:18Z  OBSERVE  frontend->adservice  rpr=0.0000  low=81 high=0  attempts=3  state=ON  metric=rpr
2026-10-07T16:55:18Z  OBSERVE  frontend->cartservice  rpr=0.0000  low=83 high=0  attempts=3  state=ON  metric=rpr
2026-10-07T16:55:18Z  OBSERVE  frontend->checkoutservice  rpr=0.0000  low=40 high=0  attempts=3  state=ON  metric=rpr
2026-10-07T16:55:18Z  OBSERVE  frontend->currencyservice  rpr=0.0000  low=83 high=0  attempts=3  state=ON  metric=rpr
2026-10-07T16:55:18Z  OBSERVE  frontend->productcatalogservice  rpr=0.0000  low=82 high=0  attempts=3  state=ON  metric=rpr
2026-10-07T16:55:18Z  OBSERVE  frontend->shippingservice  rpr=0.0000  low=82 high=0  attempts=3  state=ON  metric=rpr
2026-10-07T16:55:18Z  OBSERVE  checkoutservice->cartservice  rpr=0.0000  low=81 high=0  attempts=3  state=ON  metric=rpr
2026-10-07T16:55:18Z  OBSERVE  checkoutservice->currencyservice  rpr=0.0000  low=81 high=0  attempts=3  state=ON  metric=rpr
2026-10-07T16:55:18Z  OBSERVE  checkoutservice->emailservice  rpr=0.0000  low=80 high=0  attempts=3  state=ON  metric=rpr
2026-10-07T16:55:18Z  OBSERVE  checkoutservice->paymentservice  rpr=0.0000  low=81 high=0  attempts=3  state=ON  metric=rpr
2026-10-07T16:55:18Z  OBSERVE  checkoutservice->shippingservice  rpr=0.0000  low=81 high=0  attempts=3  state=ON  metric=rpr
2026-10-07T16:55:18Z  OBSERVE  recommendationservice->productcatalogservice  rpr=0.0000  low=82 high=0  attempts=3  state=ON  metric=rpr
2026-10-07T16:55:18Z  OBSERVE  recommendationservice  rejection=0.1899  low=0 high=11  state=OFF  metric=rejection
2026-10-07T16:55:20Z  OBSERVE  frontend->adservice  rpr=0.0000  low=82 high=0  attempts=3  state=ON  metric=rpr
2026-10-07T16:55:20Z  OBSERVE  frontend->cartservice  rpr=0.0000  low=84 high=0  attempts=3  state=ON  metric=rpr
2026-10-07T16:55:20Z  OBSERVE  frontend->checkoutservice  rpr=0.0000  low=41 high=0  attempts=3  state=ON  metric=rpr
2026-10-07T16:55:20Z  OBSERVE  frontend->currencyservice  rpr=0.0000  low=84 high=0  attempts=3  state=ON  metric=rpr
2026-10-07T16:55:20Z  OBSERVE  frontend->productcatalogservice  rpr=0.0000  low=83 high=0  attempts=3  state=ON  metric=rpr
2026-10-07T16:55:20Z  OBSERVE  frontend->shippingservice  rpr=0.0000  low=83 high=0  attempts=3  state=ON  metric=rpr
2026-10-07T16:55:20Z  OBSERVE  checkoutservice->cartservice  rpr=0.0000  low=82 high=0  attempts=3  state=ON  metric=rpr
2026-10-07T16:55:20Z  OBSERVE  checkoutservice->currencyservice  rpr=0.0000  low=82 high=0  attempts=3  state=ON  metric=rpr
2026-10-07T16:55:20Z  OBSERVE  checkoutservice->emailservice  rpr=0.0000  low=81 high=0  attempts=3  state=ON  metric=rpr
2026-10-07T16:55:20Z  OBSERVE  checkoutservice->paymentservice  rpr=0.0000  low=82 high=0  attempts=3  state=ON  metric=rpr
2026-10-07T16:55:20Z  OBSERVE  checkoutservice->shippingservice  rpr=0.0000  low=82 high=0  attempts=3  state=ON  metric=rpr
2026-10-07T16:55:20Z  OBSERVE  recommendationservice->productcatalogservice  rpr=0.0000  low=83 high=0  attempts=3  state=ON  metric=rpr
2026-10-07T16:55:20Z  OBSERVE  recommendationservice  rejection=0.1868  low=0 high=12  state=OFF  metric=rejection
2026-10-07T16:55:22Z  OBSERVE  frontend->adservice  rpr=0.0000  low=83 high=0  attempts=3  state=ON  metric=rpr
2026-10-07T16:55:22Z  OBSERVE  frontend->cartservice  rpr=0.0000  low=85 high=0  attempts=3  state=ON  metric=rpr
2026-10-07T16:55:22Z  OBSERVE  frontend->checkoutservice  rpr=0.0000  low=42 high=0  attempts=3  state=ON  metric=rpr
2026-10-07T16:55:22Z  OBSERVE  frontend->currencyservice  rpr=0.0000  low=85 high=0  attempts=3  state=ON  metric=rpr
2026-10-07T16:55:22Z  OBSERVE  frontend->productcatalogservice  rpr=0.0000  low=84 high=0  attempts=3  state=ON  metric=rpr
2026-10-07T16:55:22Z  OBSERVE  frontend->shippingservice  rpr=0.0000  low=84 high=0  attempts=3  state=ON  metric=rpr
2026-10-07T16:55:22Z  OBSERVE  checkoutservice->cartservice  rpr=0.0000  low=83 high=0  attempts=3  state=ON  metric=rpr
2026-10-07T16:55:22Z  OBSERVE  checkoutservice->currencyservice  rpr=0.0000  low=83 high=0  attempts=3  state=ON  metric=rpr
2026-10-07T16:55:22Z  OBSERVE  checkoutservice->emailservice  rpr=0.0000  low=82 high=0  attempts=3  state=ON  metric=rpr
2026-10-07T16:55:22Z  OBSERVE  checkoutservice->paymentservice  rpr=0.0000  low=83 high=0  attempts=3  state=ON  metric=rpr
2026-10-07T16:55:22Z  OBSERVE  checkoutservice->shippingservice  rpr=0.0000  low=83 high=0  attempts=3  state=ON  metric=rpr
2026-10-07T16:55:22Z  OBSERVE  recommendationservice->productcatalogservice  rpr=0.0000  low=84 high=0  attempts=3  state=ON  metric=rpr
2026-10-07T16:55:22Z  OBSERVE  recommendationservice  rejection=0.1914  low=0 high=13  state=OFF  metric=rejection
2026-10-07T16:55:24Z  OBSERVE  frontend->adservice  rpr=0.0000  low=84 high=0  attempts=3  state=ON  metric=rpr
2026-10-07T16:55:24Z  OBSERVE  frontend->cartservice  rpr=0.0000  low=86 high=0  attempts=3  state=ON  metric=rpr
2026-10-07T16:55:24Z  OBSERVE  frontend->checkoutservice  rpr=0.0000  low=43 high=0  attempts=3  state=ON  metric=rpr
2026-10-07T16:55:24Z  OBSERVE  frontend->currencyservice  rpr=0.0000  low=86 high=0  attempts=3  state=ON  metric=rpr
2026-10-07T16:55:24Z  OBSERVE  frontend->productcatalogservice  rpr=0.0000  low=85 high=0  attempts=3  state=ON  metric=rpr
2026-10-07T16:55:24Z  OBSERVE  frontend->shippingservice  rpr=0.0000  low=85 high=0  attempts=3  state=ON  metric=rpr
2026-10-07T16:55:24Z  OBSERVE  checkoutservice->cartservice  rpr=0.0000  low=84 high=0  attempts=3  state=ON  metric=rpr
2026-10-07T16:55:24Z  OBSERVE  checkoutservice->currencyservice  rpr=0.0000  low=84 high=0  attempts=3  state=ON  metric=rpr
2026-10-07T16:55:24Z  OBSERVE  checkoutservice->emailservice  rpr=0.0000  low=83 high=0  attempts=3  state=ON  metric=rpr
2026-10-07T16:55:24Z  OBSERVE  checkoutservice->paymentservice  rpr=0.0000  low=84 high=0  attempts=3  state=ON  metric=rpr
2026-10-07T16:55:24Z  OBSERVE  checkoutservice->shippingservice  rpr=0.0000  low=84 high=0  attempts=3  state=ON  metric=rpr
2026-10-07T16:55:24Z  OBSERVE  recommendationservice->productcatalogservice  rpr=0.0000  low=85 high=0  attempts=3  state=ON  metric=rpr
2026-10-07T16:55:24Z  OBSERVE  recommendationservice  rejection=0.2562  low=0 high=14  state=OFF  metric=rejection
2026-10-07T16:55:26Z  OBSERVE  frontend->adservice  rpr=0.0000  low=85 high=0  attempts=3  state=ON  metric=rpr
2026-10-07T16:55:26Z  OBSERVE  frontend->cartservice  rpr=0.0000  low=87 high=0  attempts=3  state=ON  metric=rpr
2026-10-07T16:55:26Z  OBSERVE  frontend->checkoutservice  rpr=0.0000  low=44 high=0  attempts=3  state=ON  metric=rpr
2026-10-07T16:55:26Z  OBSERVE  frontend->currencyservice  rpr=0.0000  low=87 high=0  attempts=3  state=ON  metric=rpr
2026-10-07T16:55:26Z  OBSERVE  frontend->productcatalogservice  rpr=0.0000  low=86 high=0  attempts=3  state=ON  metric=rpr
2026-10-07T16:55:26Z  OBSERVE  frontend->shippingservice  rpr=0.0000  low=86 high=0  attempts=3  state=ON  metric=rpr
2026-10-07T16:55:26Z  OBSERVE  checkoutservice->cartservice  rpr=0.0000  low=85 high=0  attempts=3  state=ON  metric=rpr
2026-10-07T16:55:26Z  OBSERVE  checkoutservice->currencyservice  rpr=0.0000  low=85 high=0  attempts=3  state=ON  metric=rpr
2026-10-07T16:55:26Z  OBSERVE  checkoutservice->emailservice  rpr=0.0000  low=84 high=0  attempts=3  state=ON  metric=rpr
2026-10-07T16:55:26Z  OBSERVE  checkoutservice->paymentservice  rpr=0.0000  low=85 high=0  attempts=3  state=ON  metric=rpr
2026-10-07T16:55:26Z  OBSERVE  checkoutservice->shippingservice  rpr=0.0000  low=85 high=0  attempts=3  state=ON  metric=rpr
2026-10-07T16:55:26Z  OBSERVE  recommendationservice->productcatalogservice  rpr=0.0000  low=86 high=0  attempts=3  state=ON  metric=rpr
2026-10-07T16:55:26Z  OBSERVE  recommendationservice  rejection=0.1929  low=0 high=15  state=OFF  metric=rejection
2026-10-07T16:55:28Z  OBSERVE  frontend->adservice  rpr=0.0000  low=86 high=0  attempts=3  state=ON  metric=rpr
2026-10-07T16:55:28Z  OBSERVE  frontend->cartservice  rpr=0.0000  low=88 high=0  attempts=3  state=ON  metric=rpr
2026-10-07T16:55:28Z  OBSERVE  frontend->checkoutservice  rpr=0.0000  low=45 high=0  attempts=3  state=ON  metric=rpr
2026-10-07T16:55:28Z  OBSERVE  frontend->currencyservice  rpr=0.0000  low=88 high=0  attempts=3  state=ON  metric=rpr
2026-10-07T16:55:28Z  OBSERVE  frontend->productcatalogservice  rpr=0.0000  low=87 high=0  attempts=3  state=ON  metric=rpr
2026-10-07T16:55:28Z  OBSERVE  frontend->shippingservice  rpr=0.0000  low=87 high=0  attempts=3  state=ON  metric=rpr
2026-10-07T16:55:28Z  OBSERVE  checkoutservice->cartservice  rpr=0.0000  low=86 high=0  attempts=3  state=ON  metric=rpr
2026-10-07T16:55:28Z  OBSERVE  checkoutservice->currencyservice  rpr=0.0000  low=86 high=0  attempts=3  state=ON  metric=rpr
2026-10-07T16:55:28Z  OBSERVE  checkoutservice->emailservice  rpr=0.0000  low=85 high=0  attempts=3  state=ON  metric=rpr
2026-10-07T16:55:28Z  OBSERVE  checkoutservice->paymentservice  rpr=0.0000  low=86 high=0  attempts=3  state=ON  metric=rpr
2026-10-07T16:55:28Z  OBSERVE  checkoutservice->shippingservice  rpr=0.0000  low=86 high=0  attempts=3  state=ON  metric=rpr
2026-10-07T16:55:28Z  OBSERVE  recommendationservice->productcatalogservice  rpr=0.0000  low=87 high=0  attempts=3  state=ON  metric=rpr
2026-10-07T16:55:28Z  OBSERVE  recommendationservice  rejection=0.2310  low=0 high=16  state=OFF  metric=rejection
2026-10-07T16:55:30Z  OBSERVE  frontend->adservice  rpr=0.0000  low=87 high=0  attempts=3  state=ON  metric=rpr
2026-10-07T16:55:30Z  OBSERVE  frontend->cartservice  rpr=0.0000  low=89 high=0  attempts=3  state=ON  metric=rpr
2026-10-07T16:55:30Z  OBSERVE  frontend->checkoutservice  rpr=0.0000  low=46 high=0  attempts=3  state=ON  metric=rpr
2026-10-07T16:55:30Z  OBSERVE  frontend->currencyservice  rpr=0.0000  low=89 high=0  attempts=3  state=ON  metric=rpr
2026-10-07T16:55:30Z  OBSERVE  frontend->productcatalogservice  rpr=0.0000  low=88 high=0  attempts=3  state=ON  metric=rpr
2026-10-07T16:55:30Z  OBSERVE  frontend->shippingservice  rpr=0.0000  low=88 high=0  attempts=3  state=ON  metric=rpr
2026-10-07T16:55:30Z  OBSERVE  checkoutservice->cartservice  rpr=0.0000  low=87 high=0  attempts=3  state=ON  metric=rpr
2026-10-07T16:55:30Z  OBSERVE  checkoutservice->currencyservice  rpr=0.0000  low=87 high=0  attempts=3  state=ON  metric=rpr
2026-10-07T16:55:30Z  OBSERVE  checkoutservice->emailservice  rpr=0.0000  low=86 high=0  attempts=3  state=ON  metric=rpr
2026-10-07T16:55:30Z  OBSERVE  checkoutservice->paymentservice  rpr=0.0000  low=87 high=0  attempts=3  state=ON  metric=rpr
2026-10-07T16:55:30Z  OBSERVE  checkoutservice->shippingservice  rpr=0.0000  low=87 high=0  attempts=3  state=ON  metric=rpr
2026-10-07T16:55:30Z  OBSERVE  recommendationservice->productcatalogservice  rpr=0.0000  low=88 high=0  attempts=3  state=ON  metric=rpr
2026-10-07T16:55:30Z  OBSERVE  recommendationservice  rejection=0.2523  low=0 high=17  state=OFF  metric=rejection
2026-10-07T16:55:32Z  OBSERVE  frontend->adservice  rpr=0.0000  low=88 high=0  attempts=3  state=ON  metric=rpr
2026-10-07T16:55:32Z  OBSERVE  frontend->cartservice  rpr=0.0000  low=90 high=0  attempts=3  state=ON  metric=rpr
2026-10-07T16:55:32Z  OBSERVE  frontend->checkoutservice  rpr=0.0000  low=47 high=0  attempts=3  state=ON  metric=rpr
2026-10-07T16:55:32Z  OBSERVE  frontend->currencyservice  rpr=0.0000  low=90 high=0  attempts=3  state=ON  metric=rpr
2026-10-07T16:55:32Z  OBSERVE  frontend->productcatalogservice  rpr=0.0000  low=89 high=0  attempts=3  state=ON  metric=rpr
2026-10-07T16:55:32Z  OBSERVE  frontend->shippingservice  rpr=0.0000  low=89 high=0  attempts=3  state=ON  metric=rpr
2026-10-07T16:55:32Z  OBSERVE  checkoutservice->cartservice  rpr=0.0000  low=88 high=0  attempts=3  state=ON  metric=rpr
2026-10-07T16:55:32Z  OBSERVE  checkoutservice->currencyservice  rpr=0.0000  low=88 high=0  attempts=3  state=ON  metric=rpr
2026-10-07T16:55:32Z  OBSERVE  checkoutservice->emailservice  rpr=0.0000  low=87 high=0  attempts=3  state=ON  metric=rpr
2026-10-07T16:55:32Z  OBSERVE  checkoutservice->paymentservice  rpr=0.0000  low=88 high=0  attempts=3  state=ON  metric=rpr
2026-10-07T16:55:32Z  OBSERVE  checkoutservice->shippingservice  rpr=0.0000  low=88 high=0  attempts=3  state=ON  metric=rpr
2026-10-07T16:55:32Z  OBSERVE  recommendationservice->productcatalogservice  rpr=0.0000  low=89 high=0  attempts=3  state=ON  metric=rpr
2026-10-07T16:55:32Z  OBSERVE  recommendationservice  rejection=0.1998  low=0 high=18  state=OFF  metric=rejection
2026-10-07T16:55:34Z  OBSERVE  frontend->adservice  rpr=0.0000  low=89 high=0  attempts=3  state=ON  metric=rpr
2026-10-07T16:55:34Z  OBSERVE  frontend->cartservice  rpr=0.0000  low=91 high=0  attempts=3  state=ON  metric=rpr
2026-10-07T16:55:34Z  OBSERVE  frontend->checkoutservice  rpr=0.0000  low=48 high=0  attempts=3  state=ON  metric=rpr
2026-10-07T16:55:34Z  OBSERVE  frontend->currencyservice  rpr=0.0000  low=91 high=0  attempts=3  state=ON  metric=rpr
2026-10-07T16:55:34Z  OBSERVE  frontend->productcatalogservice  rpr=0.0000  low=90 high=0  attempts=3  state=ON  metric=rpr
2026-10-07T16:55:34Z  OBSERVE  frontend->shippingservice  rpr=0.0000  low=90 high=0  attempts=3  state=ON  metric=rpr
2026-10-07T16:55:34Z  OBSERVE  checkoutservice->cartservice  rpr=0.0000  low=89 high=0  attempts=3  state=ON  metric=rpr
2026-10-07T16:55:34Z  OBSERVE  checkoutservice->currencyservice  rpr=0.0000  low=89 high=0  attempts=3  state=ON  metric=rpr
2026-10-07T16:55:34Z  OBSERVE  checkoutservice->emailservice  rpr=0.0000  low=88 high=0  attempts=3  state=ON  metric=rpr
2026-10-07T16:55:34Z  OBSERVE  checkoutservice->paymentservice  rpr=0.0000  low=89 high=0  attempts=3  state=ON  metric=rpr
2026-10-07T16:55:34Z  OBSERVE  checkoutservice->shippingservice  rpr=0.0000  low=89 high=0  attempts=3  state=ON  metric=rpr
2026-10-07T16:55:34Z  OBSERVE  recommendationservice->productcatalogservice  rpr=0.0000  low=90 high=0  attempts=3  state=ON  metric=rpr
2026-10-07T16:55:34Z  OBSERVE  recommendationservice  rejection=0.1731  low=0 high=19  state=OFF  metric=rejection
2026-10-07T16:55:36Z  OBSERVE  frontend->adservice  rpr=0.0000  low=90 high=0  attempts=3  state=ON  metric=rpr
2026-10-07T16:55:36Z  OBSERVE  frontend->cartservice  rpr=0.0000  low=92 high=0  attempts=3  state=ON  metric=rpr
2026-10-07T16:55:36Z  OBSERVE  frontend->checkoutservice  rpr=0.0000  low=49 high=0  attempts=3  state=ON  metric=rpr
2026-10-07T16:55:36Z  OBSERVE  frontend->currencyservice  rpr=0.0000  low=92 high=0  attempts=3  state=ON  metric=rpr
2026-10-07T16:55:36Z  OBSERVE  frontend->productcatalogservice  rpr=0.0000  low=91 high=0  attempts=3  state=ON  metric=rpr
2026-10-07T16:55:36Z  OBSERVE  frontend->shippingservice  rpr=0.0000  low=91 high=0  attempts=3  state=ON  metric=rpr
2026-10-07T16:55:36Z  OBSERVE  checkoutservice->cartservice  rpr=0.0000  low=90 high=0  attempts=3  state=ON  metric=rpr
2026-10-07T16:55:36Z  OBSERVE  checkoutservice->currencyservice  rpr=0.0000  low=90 high=0  attempts=3  state=ON  metric=rpr
2026-10-07T16:55:36Z  OBSERVE  checkoutservice->emailservice  rpr=0.0000  low=89 high=0  attempts=3  state=ON  metric=rpr
2026-10-07T16:55:36Z  OBSERVE  checkoutservice->paymentservice  rpr=0.0000  low=90 high=0  attempts=3  state=ON  metric=rpr
2026-10-07T16:55:36Z  OBSERVE  checkoutservice->shippingservice  rpr=0.0000  low=90 high=0  attempts=3  state=ON  metric=rpr
2026-10-07T16:55:36Z  OBSERVE  recommendationservice->productcatalogservice  rpr=0.0000  low=91 high=0  attempts=3  state=ON  metric=rpr
2026-10-07T16:55:36Z  OBSERVE  recommendationservice  rejection=0.1578  low=0 high=20  state=OFF  metric=rejection
2026-10-07T16:55:38Z  OBSERVE  frontend->adservice  rpr=0.0000  low=91 high=0  attempts=3  state=ON  metric=rpr
2026-10-07T16:55:38Z  OBSERVE  frontend->cartservice  rpr=0.0000  low=93 high=0  attempts=3  state=ON  metric=rpr
2026-10-07T16:55:38Z  OBSERVE  frontend->checkoutservice  rpr=0.0000  low=50 high=0  attempts=3  state=ON  metric=rpr
2026-10-07T16:55:38Z  OBSERVE  frontend->currencyservice  rpr=0.0000  low=93 high=0  attempts=3  state=ON  metric=rpr
2026-10-07T16:55:38Z  OBSERVE  frontend->productcatalogservice  rpr=0.0000  low=92 high=0  attempts=3  state=ON  metric=rpr
2026-10-07T16:55:38Z  OBSERVE  frontend->shippingservice  rpr=0.0000  low=92 high=0  attempts=3  state=ON  metric=rpr
2026-10-07T16:55:38Z  OBSERVE  checkoutservice->cartservice  rpr=0.0000  low=91 high=0  attempts=3  state=ON  metric=rpr
2026-10-07T16:55:38Z  OBSERVE  checkoutservice->currencyservice  rpr=0.0000  low=91 high=0  attempts=3  state=ON  metric=rpr
2026-10-07T16:55:38Z  OBSERVE  checkoutservice->emailservice  rpr=0.0000  low=90 high=0  attempts=3  state=ON  metric=rpr
2026-10-07T16:55:38Z  OBSERVE  checkoutservice->paymentservice  rpr=0.0000  low=91 high=0  attempts=3  state=ON  metric=rpr
2026-10-07T16:55:38Z  OBSERVE  checkoutservice->shippingservice  rpr=0.0000  low=91 high=0  attempts=3  state=ON  metric=rpr
2026-10-07T16:55:38Z  OBSERVE  recommendationservice->productcatalogservice  rpr=0.0000  low=92 high=0  attempts=3  state=ON  metric=rpr
2026-10-07T16:55:38Z  OBSERVE  recommendationservice  rejection=0.1954  low=0 high=21  state=OFF  metric=rejection
2026-10-07T16:55:40Z  OBSERVE  frontend->adservice  rpr=0.0000  low=92 high=0  attempts=3  state=ON  metric=rpr
2026-10-07T16:55:40Z  OBSERVE  frontend->cartservice  rpr=0.0000  low=94 high=0  attempts=3  state=ON  metric=rpr
2026-10-07T16:55:40Z  OBSERVE  frontend->checkoutservice  rpr=0.0000  low=51 high=0  attempts=3  state=ON  metric=rpr
2026-10-07T16:55:40Z  OBSERVE  frontend->currencyservice  rpr=0.0000  low=94 high=0  attempts=3  state=ON  metric=rpr
2026-10-07T16:55:40Z  OBSERVE  frontend->productcatalogservice  rpr=0.0000  low=93 high=0  attempts=3  state=ON  metric=rpr
2026-10-07T16:55:40Z  OBSERVE  frontend->shippingservice  rpr=0.0000  low=93 high=0  attempts=3  state=ON  metric=rpr
2026-10-07T16:55:40Z  OBSERVE  checkoutservice->cartservice  rpr=0.0000  low=92 high=0  attempts=3  state=ON  metric=rpr
2026-10-07T16:55:40Z  OBSERVE  checkoutservice->currencyservice  rpr=0.0000  low=92 high=0  attempts=3  state=ON  metric=rpr
2026-10-07T16:55:40Z  OBSERVE  checkoutservice->emailservice  rpr=0.0000  low=91 high=0  attempts=3  state=ON  metric=rpr
2026-10-07T16:55:40Z  OBSERVE  checkoutservice->paymentservice  rpr=0.0000  low=92 high=0  attempts=3  state=ON  metric=rpr
2026-10-07T16:55:40Z  OBSERVE  checkoutservice->shippingservice  rpr=0.0000  low=92 high=0  attempts=3  state=ON  metric=rpr
2026-10-07T16:55:40Z  OBSERVE  recommendationservice->productcatalogservice  rpr=0.0000  low=93 high=0  attempts=3  state=ON  metric=rpr
2026-10-07T16:55:40Z  OBSERVE  recommendationservice  rejection=0.1772  low=0 high=22  state=OFF  metric=rejection
2026-10-07T16:55:42Z  OBSERVE  frontend->adservice  rpr=0.0000  low=93 high=0  attempts=3  state=ON  metric=rpr
2026-10-07T16:55:42Z  OBSERVE  frontend->cartservice  rpr=0.0000  low=95 high=0  attempts=3  state=ON  metric=rpr
2026-10-07T16:55:42Z  OBSERVE  frontend->checkoutservice  rpr=0.0000  low=52 high=0  attempts=3  state=ON  metric=rpr
2026-10-07T16:55:42Z  OBSERVE  frontend->currencyservice  rpr=0.0000  low=95 high=0  attempts=3  state=ON  metric=rpr
2026-10-07T16:55:42Z  OBSERVE  frontend->productcatalogservice  rpr=0.0000  low=94 high=0  attempts=3  state=ON  metric=rpr
2026-10-07T16:55:42Z  OBSERVE  frontend->shippingservice  rpr=0.0000  low=94 high=0  attempts=3  state=ON  metric=rpr
2026-10-07T16:55:42Z  OBSERVE  checkoutservice->cartservice  rpr=0.0000  low=93 high=0  attempts=3  state=ON  metric=rpr
2026-10-07T16:55:42Z  OBSERVE  checkoutservice->currencyservice  rpr=0.0000  low=93 high=0  attempts=3  state=ON  metric=rpr
2026-10-07T16:55:42Z  OBSERVE  checkoutservice->emailservice  rpr=0.0000  low=92 high=0  attempts=3  state=ON  metric=rpr
2026-10-07T16:55:42Z  OBSERVE  checkoutservice->paymentservice  rpr=0.0000  low=93 high=0  attempts=3  state=ON  metric=rpr
2026-10-07T16:55:42Z  OBSERVE  checkoutservice->shippingservice  rpr=0.0000  low=93 high=0  attempts=3  state=ON  metric=rpr
2026-10-07T16:55:42Z  OBSERVE  recommendationservice->productcatalogservice  rpr=0.0000  low=94 high=0  attempts=3  state=ON  metric=rpr
2026-10-07T16:55:42Z  OBSERVE  recommendationservice  rejection=0.1888  low=0 high=23  state=OFF  metric=rejection
2026-10-07T16:55:44Z  OBSERVE  frontend->adservice  rpr=0.0000  low=94 high=0  attempts=3  state=ON  metric=rpr
2026-10-07T16:55:44Z  OBSERVE  frontend->cartservice  rpr=0.0000  low=96 high=0  attempts=3  state=ON  metric=rpr
2026-10-07T16:55:44Z  OBSERVE  frontend->checkoutservice  rpr=0.0000  low=53 high=0  attempts=3  state=ON  metric=rpr
2026-10-07T16:55:44Z  OBSERVE  frontend->currencyservice  rpr=0.0000  low=96 high=0  attempts=3  state=ON  metric=rpr
2026-10-07T16:55:44Z  OBSERVE  frontend->productcatalogservice  rpr=0.0000  low=95 high=0  attempts=3  state=ON  metric=rpr
2026-10-07T16:55:44Z  OBSERVE  frontend->shippingservice  rpr=0.0000  low=95 high=0  attempts=3  state=ON  metric=rpr
2026-10-07T16:55:44Z  OBSERVE  checkoutservice->cartservice  rpr=0.0000  low=94 high=0  attempts=3  state=ON  metric=rpr
2026-10-07T16:55:44Z  OBSERVE  checkoutservice->currencyservice  rpr=0.0000  low=94 high=0  attempts=3  state=ON  metric=rpr
2026-10-07T16:55:44Z  OBSERVE  checkoutservice->emailservice  rpr=0.0000  low=93 high=0  attempts=3  state=ON  metric=rpr
2026-10-07T16:55:44Z  OBSERVE  checkoutservice->paymentservice  rpr=0.0000  low=94 high=0  attempts=3  state=ON  metric=rpr
2026-10-07T16:55:44Z  OBSERVE  checkoutservice->shippingservice  rpr=0.0000  low=94 high=0  attempts=3  state=ON  metric=rpr
2026-10-07T16:55:44Z  OBSERVE  recommendationservice->productcatalogservice  rpr=0.0000  low=95 high=0  attempts=3  state=ON  metric=rpr
2026-10-07T16:55:44Z  OBSERVE  recommendationservice  rejection=0.1368  low=0 high=24  state=OFF  metric=rejection
2026-10-07T16:55:46Z  OBSERVE  frontend->adservice  rpr=0.0000  low=95 high=0  attempts=3  state=ON  metric=rpr
2026-10-07T16:55:46Z  OBSERVE  frontend->cartservice  rpr=0.0000  low=97 high=0  attempts=3  state=ON  metric=rpr
2026-10-07T16:55:46Z  OBSERVE  frontend->checkoutservice  rpr=0.0000  low=54 high=0  attempts=3  state=ON  metric=rpr
2026-10-07T16:55:46Z  OBSERVE  frontend->currencyservice  rpr=0.0000  low=97 high=0  attempts=3  state=ON  metric=rpr
2026-10-07T16:55:46Z  OBSERVE  frontend->productcatalogservice  rpr=0.0000  low=96 high=0  attempts=3  state=ON  metric=rpr
2026-10-07T16:55:46Z  OBSERVE  frontend->shippingservice  rpr=0.0000  low=96 high=0  attempts=3  state=ON  metric=rpr
2026-10-07T16:55:46Z  OBSERVE  checkoutservice->cartservice  rpr=0.0000  low=95 high=0  attempts=3  state=ON  metric=rpr
2026-10-07T16:55:46Z  OBSERVE  checkoutservice->currencyservice  rpr=0.0000  low=95 high=0  attempts=3  state=ON  metric=rpr
2026-10-07T16:55:46Z  OBSERVE  checkoutservice->emailservice  rpr=0.0000  low=94 high=0  attempts=3  state=ON  metric=rpr
2026-10-07T16:55:46Z  OBSERVE  checkoutservice->paymentservice  rpr=0.0000  low=95 high=0  attempts=3  state=ON  metric=rpr
2026-10-07T16:55:46Z  OBSERVE  checkoutservice->shippingservice  rpr=0.0000  low=95 high=0  attempts=3  state=ON  metric=rpr
2026-10-07T16:55:46Z  OBSERVE  recommendationservice->productcatalogservice  rpr=0.0000  low=96 high=0  attempts=3  state=ON  metric=rpr
2026-10-07T16:55:46Z  OBSERVE  recommendationservice  rejection=0.1834  low=0 high=25  state=OFF  metric=rejection
2026-10-07T16:55:48Z  OBSERVE  frontend->adservice  rpr=0.0000  low=96 high=0  attempts=3  state=ON  metric=rpr
2026-10-07T16:55:48Z  OBSERVE  frontend->cartservice  rpr=0.0000  low=98 high=0  attempts=3  state=ON  metric=rpr
2026-10-07T16:55:48Z  OBSERVE  frontend->checkoutservice  rpr=0.0000  low=55 high=0  attempts=3  state=ON  metric=rpr
2026-10-07T16:55:48Z  OBSERVE  frontend->currencyservice  rpr=0.0000  low=98 high=0  attempts=3  state=ON  metric=rpr
2026-10-07T16:55:48Z  OBSERVE  frontend->productcatalogservice  rpr=0.0000  low=97 high=0  attempts=3  state=ON  metric=rpr
2026-10-07T16:55:48Z  OBSERVE  frontend->shippingservice  rpr=0.0000  low=97 high=0  attempts=3  state=ON  metric=rpr
2026-10-07T16:55:48Z  OBSERVE  checkoutservice->cartservice  rpr=0.0000  low=96 high=0  attempts=3  state=ON  metric=rpr
2026-10-07T16:55:48Z  OBSERVE  checkoutservice->currencyservice  rpr=0.0000  low=96 high=0  attempts=3  state=ON  metric=rpr
2026-10-07T16:55:48Z  OBSERVE  checkoutservice->emailservice  rpr=0.0000  low=95 high=0  attempts=3  state=ON  metric=rpr
2026-10-07T16:55:48Z  OBSERVE  checkoutservice->paymentservice  rpr=0.0000  low=96 high=0  attempts=3  state=ON  metric=rpr
2026-10-07T16:55:48Z  OBSERVE  checkoutservice->shippingservice  rpr=0.0000  low=96 high=0  attempts=3  state=ON  metric=rpr
2026-10-07T16:55:48Z  OBSERVE  recommendationservice->productcatalogservice  rpr=0.0000  low=97 high=0  attempts=3  state=ON  metric=rpr
2026-10-07T16:55:48Z  OBSERVE  recommendationservice  rejection=0.1402  low=0 high=26  state=OFF  metric=rejection
2026-10-07T16:55:50Z  OBSERVE  frontend->adservice  rpr=0.0000  low=97 high=0  attempts=3  state=ON  metric=rpr
2026-10-07T16:55:50Z  OBSERVE  frontend->cartservice  rpr=0.0000  low=99 high=0  attempts=3  state=ON  metric=rpr
2026-10-07T16:55:50Z  OBSERVE  frontend->checkoutservice  rpr=0.0000  low=56 high=0  attempts=3  state=ON  metric=rpr
2026-10-07T16:55:50Z  OBSERVE  frontend->currencyservice  rpr=0.0000  low=99 high=0  attempts=3  state=ON  metric=rpr
2026-10-07T16:55:50Z  OBSERVE  frontend->productcatalogservice  rpr=0.0000  low=98 high=0  attempts=3  state=ON  metric=rpr
2026-10-07T16:55:50Z  OBSERVE  frontend->shippingservice  rpr=0.0000  low=98 high=0  attempts=3  state=ON  metric=rpr
2026-10-07T16:55:50Z  OBSERVE  checkoutservice->cartservice  rpr=0.0000  low=97 high=0  attempts=3  state=ON  metric=rpr
2026-10-07T16:55:50Z  OBSERVE  checkoutservice->currencyservice  rpr=0.0000  low=97 high=0  attempts=3  state=ON  metric=rpr
2026-10-07T16:55:50Z  OBSERVE  checkoutservice->emailservice  rpr=0.0000  low=96 high=0  attempts=3  state=ON  metric=rpr
2026-10-07T16:55:50Z  OBSERVE  checkoutservice->paymentservice  rpr=0.0000  low=97 high=0  attempts=3  state=ON  metric=rpr
2026-10-07T16:55:50Z  OBSERVE  checkoutservice->shippingservice  rpr=0.0000  low=97 high=0  attempts=3  state=ON  metric=rpr
2026-10-07T16:55:50Z  OBSERVE  recommendationservice->productcatalogservice  rpr=0.0000  low=98 high=0  attempts=3  state=ON  metric=rpr
2026-10-07T16:55:50Z  OBSERVE  recommendationservice  rejection=0.1773  low=0 high=27  state=OFF  metric=rejection
2026-10-07T16:55:52Z  OBSERVE  frontend->adservice  rpr=0.0000  low=98 high=0  attempts=3  state=ON  metric=rpr
2026-10-07T16:55:52Z  OBSERVE  frontend->cartservice  rpr=0.0000  low=100 high=0  attempts=3  state=ON  metric=rpr
2026-10-07T16:55:52Z  OBSERVE  frontend->checkoutservice  rpr=0.0000  low=57 high=0  attempts=3  state=ON  metric=rpr
2026-10-07T16:55:52Z  OBSERVE  frontend->currencyservice  rpr=0.0000  low=100 high=0  attempts=3  state=ON  metric=rpr
2026-10-07T16:55:52Z  OBSERVE  frontend->productcatalogservice  rpr=0.0000  low=99 high=0  attempts=3  state=ON  metric=rpr
2026-10-07T16:55:52Z  OBSERVE  frontend->shippingservice  rpr=0.0000  low=99 high=0  attempts=3  state=ON  metric=rpr
2026-10-07T16:55:52Z  OBSERVE  checkoutservice->cartservice  rpr=0.0000  low=98 high=0  attempts=3  state=ON  metric=rpr
2026-10-07T16:55:52Z  OBSERVE  checkoutservice->currencyservice  rpr=0.0000  low=98 high=0  attempts=3  state=ON  metric=rpr
2026-10-07T16:55:52Z  OBSERVE  checkoutservice->emailservice  rpr=0.0000  low=97 high=0  attempts=3  state=ON  metric=rpr
2026-10-07T16:55:52Z  OBSERVE  checkoutservice->paymentservice  rpr=0.0000  low=98 high=0  attempts=3  state=ON  metric=rpr
2026-10-07T16:55:52Z  OBSERVE  checkoutservice->shippingservice  rpr=0.0000  low=98 high=0  attempts=3  state=ON  metric=rpr
2026-10-07T16:55:52Z  OBSERVE  recommendationservice->productcatalogservice  rpr=0.0000  low=99 high=0  attempts=3  state=ON  metric=rpr
2026-10-07T16:55:52Z  OBSERVE  recommendationservice  rejection=0.1724  low=0 high=28  state=OFF  metric=rejection
2026-10-07T16:55:54Z  OBSERVE  frontend->adservice  rpr=0.0000  low=99 high=0  attempts=3  state=ON  metric=rpr
2026-10-07T16:55:54Z  OBSERVE  frontend->cartservice  rpr=0.0000  low=101 high=0  attempts=3  state=ON  metric=rpr
2026-10-07T16:55:54Z  OBSERVE  frontend->checkoutservice  rpr=0.0000  low=58 high=0  attempts=3  state=ON  metric=rpr
2026-10-07T16:55:54Z  OBSERVE  frontend->currencyservice  rpr=0.0000  low=101 high=0  attempts=3  state=ON  metric=rpr
2026-10-07T16:55:54Z  OBSERVE  frontend->productcatalogservice  rpr=0.0000  low=100 high=0  attempts=3  state=ON  metric=rpr
2026-10-07T16:55:54Z  OBSERVE  frontend->shippingservice  rpr=0.0000  low=100 high=0  attempts=3  state=ON  metric=rpr
2026-10-07T16:55:54Z  OBSERVE  checkoutservice->cartservice  rpr=0.0000  low=99 high=0  attempts=3  state=ON  metric=rpr
2026-10-07T16:55:54Z  OBSERVE  checkoutservice->currencyservice  rpr=0.0000  low=99 high=0  attempts=3  state=ON  metric=rpr
2026-10-07T16:55:54Z  OBSERVE  checkoutservice->emailservice  rpr=0.0000  low=98 high=0  attempts=3  state=ON  metric=rpr
2026-10-07T16:55:54Z  OBSERVE  checkoutservice->paymentservice  rpr=0.0000  low=99 high=0  attempts=3  state=ON  metric=rpr
2026-10-07T16:55:54Z  OBSERVE  checkoutservice->shippingservice  rpr=0.0000  low=99 high=0  attempts=3  state=ON  metric=rpr
2026-10-07T16:55:54Z  OBSERVE  recommendationservice->productcatalogservice  rpr=0.0000  low=100 high=0  attempts=3  state=ON  metric=rpr
2026-10-07T16:55:54Z  OBSERVE  recommendationservice  rejection=0.2106  low=0 high=29  state=OFF  metric=rejection
2026-10-07T16:55:56Z  OBSERVE  frontend->adservice  rpr=0.0000  low=100 high=0  attempts=3  state=ON  metric=rpr
2026-10-07T16:55:56Z  OBSERVE  frontend->cartservice  rpr=0.0000  low=102 high=0  attempts=3  state=ON  metric=rpr
2026-10-07T16:55:56Z  OBSERVE  frontend->checkoutservice  rpr=0.0000  low=59 high=0  attempts=3  state=ON  metric=rpr
2026-10-07T16:55:56Z  OBSERVE  frontend->currencyservice  rpr=0.0000  low=102 high=0  attempts=3  state=ON  metric=rpr
2026-10-07T16:55:56Z  OBSERVE  frontend->productcatalogservice  rpr=0.0000  low=101 high=0  attempts=3  state=ON  metric=rpr
2026-10-07T16:55:56Z  OBSERVE  frontend->shippingservice  rpr=0.0000  low=101 high=0  attempts=3  state=ON  metric=rpr
2026-10-07T16:55:56Z  OBSERVE  checkoutservice->cartservice  rpr=0.0000  low=100 high=0  attempts=3  state=ON  metric=rpr
2026-10-07T16:55:56Z  OBSERVE  checkoutservice->currencyservice  rpr=0.0000  low=100 high=0  attempts=3  state=ON  metric=rpr
2026-10-07T16:55:56Z  OBSERVE  checkoutservice->emailservice  rpr=0.0000  low=99 high=0  attempts=3  state=ON  metric=rpr
2026-10-07T16:55:56Z  OBSERVE  checkoutservice->paymentservice  rpr=0.0000  low=100 high=0  attempts=3  state=ON  metric=rpr
2026-10-07T16:55:56Z  OBSERVE  checkoutservice->shippingservice  rpr=0.0000  low=100 high=0  attempts=3  state=ON  metric=rpr
2026-10-07T16:55:56Z  OBSERVE  recommendationservice->productcatalogservice  rpr=0.0000  low=101 high=0  attempts=3  state=ON  metric=rpr
2026-10-07T16:55:56Z  OBSERVE  recommendationservice  rejection=0.1951  low=0 high=30  state=OFF  metric=rejection
2026-10-07T16:55:58Z  OBSERVE  frontend->adservice  rpr=0.0000  low=101 high=0  attempts=3  state=ON  metric=rpr
2026-10-07T16:55:58Z  OBSERVE  frontend->cartservice  rpr=0.0000  low=103 high=0  attempts=3  state=ON  metric=rpr
2026-10-07T16:55:58Z  OBSERVE  frontend->checkoutservice  rpr=0.0000  low=60 high=0  attempts=3  state=ON  metric=rpr
2026-10-07T16:55:58Z  OBSERVE  frontend->currencyservice  rpr=0.0000  low=103 high=0  attempts=3  state=ON  metric=rpr
2026-10-07T16:55:58Z  OBSERVE  frontend->productcatalogservice  rpr=0.0000  low=102 high=0  attempts=3  state=ON  metric=rpr
2026-10-07T16:55:58Z  OBSERVE  frontend->shippingservice  rpr=0.0000  low=102 high=0  attempts=3  state=ON  metric=rpr
2026-10-07T16:55:58Z  OBSERVE  checkoutservice->cartservice  rpr=0.0000  low=101 high=0  attempts=3  state=ON  metric=rpr
2026-10-07T16:55:58Z  OBSERVE  checkoutservice->currencyservice  rpr=0.0000  low=101 high=0  attempts=3  state=ON  metric=rpr
2026-10-07T16:55:58Z  OBSERVE  checkoutservice->emailservice  rpr=0.0000  low=100 high=0  attempts=3  state=ON  metric=rpr
2026-10-07T16:55:58Z  OBSERVE  checkoutservice->paymentservice  rpr=0.0000  low=101 high=0  attempts=3  state=ON  metric=rpr
2026-10-07T16:55:58Z  OBSERVE  checkoutservice->shippingservice  rpr=0.0000  low=101 high=0  attempts=3  state=ON  metric=rpr
2026-10-07T16:55:58Z  OBSERVE  recommendationservice->productcatalogservice  rpr=0.0000  low=102 high=0  attempts=3  state=ON  metric=rpr
2026-10-07T16:55:58Z  OBSERVE  recommendationservice  rejection=0.1292  low=0 high=31  state=OFF  metric=rejection
2026-10-07T16:56:00Z  OBSERVE  frontend->adservice  rpr=0.0000  low=102 high=0  attempts=3  state=ON  metric=rpr
2026-10-07T16:56:00Z  OBSERVE  frontend->cartservice  rpr=0.0000  low=104 high=0  attempts=3  state=ON  metric=rpr
2026-10-07T16:56:00Z  OBSERVE  frontend->checkoutservice  rpr=0.0000  low=61 high=0  attempts=3  state=ON  metric=rpr
2026-10-07T16:56:00Z  OBSERVE  frontend->currencyservice  rpr=0.0000  low=104 high=0  attempts=3  state=ON  metric=rpr
2026-10-07T16:56:00Z  OBSERVE  frontend->productcatalogservice  rpr=0.0000  low=103 high=0  attempts=3  state=ON  metric=rpr
2026-10-07T16:56:00Z  OBSERVE  frontend->shippingservice  rpr=0.0000  low=103 high=0  attempts=3  state=ON  metric=rpr
2026-10-07T16:56:00Z  OBSERVE  checkoutservice->cartservice  rpr=0.0000  low=102 high=0  attempts=3  state=ON  metric=rpr
2026-10-07T16:56:00Z  OBSERVE  checkoutservice->currencyservice  rpr=0.0000  low=102 high=0  attempts=3  state=ON  metric=rpr
2026-10-07T16:56:00Z  OBSERVE  checkoutservice->emailservice  rpr=0.0000  low=101 high=0  attempts=3  state=ON  metric=rpr
2026-10-07T16:56:00Z  OBSERVE  checkoutservice->paymentservice  rpr=0.0000  low=102 high=0  attempts=3  state=ON  metric=rpr
2026-10-07T16:56:00Z  OBSERVE  checkoutservice->shippingservice  rpr=0.0000  low=102 high=0  attempts=3  state=ON  metric=rpr
2026-10-07T16:56:00Z  OBSERVE  recommendationservice->productcatalogservice  rpr=0.0000  low=103 high=0  attempts=3  state=ON  metric=rpr
2026-10-07T16:56:00Z  OBSERVE  recommendationservice  rejection=0.1509  low=0 high=32  state=OFF  metric=rejection
2026-10-07T16:56:02Z  OBSERVE  frontend->adservice  rpr=0.0000  low=103 high=0  attempts=3  state=ON  metric=rpr
2026-10-07T16:56:02Z  OBSERVE  frontend->cartservice  rpr=0.0000  low=105 high=0  attempts=3  state=ON  metric=rpr
2026-10-07T16:56:02Z  OBSERVE  frontend->checkoutservice  rpr=0.0000  low=62 high=0  attempts=3  state=ON  metric=rpr
2026-10-07T16:56:02Z  OBSERVE  frontend->currencyservice  rpr=0.0000  low=105 high=0  attempts=3  state=ON  metric=rpr
2026-10-07T16:56:02Z  OBSERVE  frontend->productcatalogservice  rpr=0.0000  low=104 high=0  attempts=3  state=ON  metric=rpr
2026-10-07T16:56:02Z  OBSERVE  frontend->shippingservice  rpr=0.0000  low=104 high=0  attempts=3  state=ON  metric=rpr
2026-10-07T16:56:02Z  OBSERVE  checkoutservice->cartservice  rpr=0.0000  low=103 high=0  attempts=3  state=ON  metric=rpr
2026-10-07T16:56:02Z  OBSERVE  checkoutservice->currencyservice  rpr=0.0000  low=103 high=0  attempts=3  state=ON  metric=rpr
2026-10-07T16:56:02Z  OBSERVE  checkoutservice->emailservice  rpr=0.0000  low=102 high=0  attempts=3  state=ON  metric=rpr
2026-10-07T16:56:02Z  OBSERVE  checkoutservice->paymentservice  rpr=0.0000  low=103 high=0  attempts=3  state=ON  metric=rpr
2026-10-07T16:56:02Z  OBSERVE  checkoutservice->shippingservice  rpr=0.0000  low=103 high=0  attempts=3  state=ON  metric=rpr
2026-10-07T16:56:02Z  OBSERVE  recommendationservice->productcatalogservice  rpr=0.0000  low=104 high=0  attempts=3  state=ON  metric=rpr
2026-10-07T16:56:02Z  OBSERVE  recommendationservice  rejection=0.2063  low=0 high=33  state=OFF  metric=rejection
2026-10-07T16:56:04Z  OBSERVE  frontend->adservice  rpr=0.0000  low=104 high=0  attempts=3  state=ON  metric=rpr
2026-10-07T16:56:04Z  OBSERVE  frontend->cartservice  rpr=0.0000  low=106 high=0  attempts=3  state=ON  metric=rpr
2026-10-07T16:56:04Z  OBSERVE  frontend->checkoutservice  rpr=0.0087  low=63 high=0  attempts=3  state=ON  metric=rpr
2026-10-07T16:56:04Z  OBSERVE  frontend->currencyservice  rpr=0.0000  low=106 high=0  attempts=3  state=ON  metric=rpr
2026-10-07T16:56:04Z  OBSERVE  frontend->productcatalogservice  rpr=0.0000  low=105 high=0  attempts=3  state=ON  metric=rpr
2026-10-07T16:56:04Z  OBSERVE  frontend->shippingservice  rpr=0.0000  low=105 high=0  attempts=3  state=ON  metric=rpr
2026-10-07T16:56:04Z  OBSERVE  checkoutservice->cartservice  rpr=0.0000  low=104 high=0  attempts=3  state=ON  metric=rpr
2026-10-07T16:56:04Z  OBSERVE  checkoutservice->currencyservice  rpr=0.0000  low=104 high=0  attempts=3  state=ON  metric=rpr
2026-10-07T16:56:04Z  OBSERVE  checkoutservice->emailservice  rpr=0.0000  low=103 high=0  attempts=3  state=ON  metric=rpr
2026-10-07T16:56:04Z  OBSERVE  checkoutservice->paymentservice  rpr=0.0000  low=104 high=0  attempts=3  state=ON  metric=rpr
2026-10-07T16:56:04Z  OBSERVE  checkoutservice->shippingservice  rpr=0.0000  low=104 high=0  attempts=3  state=ON  metric=rpr
2026-10-07T16:56:04Z  OBSERVE  recommendationservice->productcatalogservice  rpr=0.0000  low=105 high=0  attempts=3  state=ON  metric=rpr
2026-10-07T16:56:04Z  OBSERVE  recommendationservice  rejection=0.1860  low=0 high=34  state=OFF  metric=rejection
2026-10-07T16:56:06Z  OBSERVE  frontend->adservice  rpr=0.0000  low=105 high=0  attempts=3  state=ON  metric=rpr
2026-10-07T16:56:06Z  OBSERVE  frontend->cartservice  rpr=0.0000  low=107 high=0  attempts=3  state=ON  metric=rpr
2026-10-07T16:56:06Z  OBSERVE  frontend->checkoutservice  rpr=0.0000  low=64 high=0  attempts=3  state=ON  metric=rpr
2026-10-07T16:56:06Z  OBSERVE  frontend->currencyservice  rpr=0.0000  low=107 high=0  attempts=3  state=ON  metric=rpr
2026-10-07T16:56:06Z  OBSERVE  frontend->productcatalogservice  rpr=0.0000  low=106 high=0  attempts=3  state=ON  metric=rpr
2026-10-07T16:56:06Z  OBSERVE  frontend->shippingservice  rpr=0.0000  low=106 high=0  attempts=3  state=ON  metric=rpr
2026-10-07T16:56:06Z  OBSERVE  checkoutservice->cartservice  rpr=0.0000  low=105 high=0  attempts=3  state=ON  metric=rpr
2026-10-07T16:56:06Z  OBSERVE  checkoutservice->currencyservice  rpr=0.0000  low=105 high=0  attempts=3  state=ON  metric=rpr
2026-10-07T16:56:06Z  OBSERVE  checkoutservice->emailservice  rpr=0.0000  low=104 high=0  attempts=3  state=ON  metric=rpr
2026-10-07T16:56:06Z  OBSERVE  checkoutservice->paymentservice  rpr=0.0000  low=105 high=0  attempts=3  state=ON  metric=rpr
2026-10-07T16:56:06Z  OBSERVE  checkoutservice->shippingservice  rpr=0.0000  low=105 high=0  attempts=3  state=ON  metric=rpr
2026-10-07T16:56:06Z  OBSERVE  recommendationservice->productcatalogservice  rpr=0.0000  low=106 high=0  attempts=3  state=ON  metric=rpr
2026-10-07T16:56:06Z  OBSERVE  recommendationservice  rejection=0.1310  low=0 high=35  state=OFF  metric=rejection
2026-10-07T16:56:08Z  OBSERVE  frontend->adservice  rpr=0.0000  low=106 high=0  attempts=3  state=ON  metric=rpr
2026-10-07T16:56:08Z  OBSERVE  frontend->cartservice  rpr=0.0000  low=108 high=0  attempts=3  state=ON  metric=rpr
2026-10-07T16:56:08Z  OBSERVE  frontend->checkoutservice  rpr=0.0000  low=65 high=0  attempts=3  state=ON  metric=rpr
2026-10-07T16:56:08Z  OBSERVE  frontend->currencyservice  rpr=0.0000  low=108 high=0  attempts=3  state=ON  metric=rpr
2026-10-07T16:56:08Z  OBSERVE  frontend->productcatalogservice  rpr=0.0000  low=107 high=0  attempts=3  state=ON  metric=rpr
2026-10-07T16:56:08Z  OBSERVE  frontend->shippingservice  rpr=0.0000  low=107 high=0  attempts=3  state=ON  metric=rpr
2026-10-07T16:56:08Z  OBSERVE  checkoutservice->cartservice  rpr=0.0000  low=106 high=0  attempts=3  state=ON  metric=rpr
2026-10-07T16:56:08Z  OBSERVE  checkoutservice->currencyservice  rpr=0.0000  low=106 high=0  attempts=3  state=ON  metric=rpr
2026-10-07T16:56:08Z  OBSERVE  checkoutservice->emailservice  rpr=0.0000  low=105 high=0  attempts=3  state=ON  metric=rpr
2026-10-07T16:56:08Z  OBSERVE  checkoutservice->paymentservice  rpr=0.0000  low=106 high=0  attempts=3  state=ON  metric=rpr
2026-10-07T16:56:08Z  OBSERVE  checkoutservice->shippingservice  rpr=0.0000  low=106 high=0  attempts=3  state=ON  metric=rpr
2026-10-07T16:56:08Z  OBSERVE  recommendationservice->productcatalogservice  rpr=0.0000  low=107 high=0  attempts=3  state=ON  metric=rpr
2026-10-07T16:56:08Z  OBSERVE  recommendationservice  rejection=0.1358  low=0 high=36  state=OFF  metric=rejection
2026-10-07T16:56:10Z  OBSERVE  frontend->adservice  rpr=0.0000  low=107 high=0  attempts=3  state=ON  metric=rpr
2026-10-07T16:56:10Z  OBSERVE  frontend->cartservice  rpr=0.0000  low=109 high=0  attempts=3  state=ON  metric=rpr
2026-10-07T16:56:10Z  OBSERVE  frontend->checkoutservice  rpr=0.0000  low=66 high=0  attempts=3  state=ON  metric=rpr
2026-10-07T16:56:10Z  OBSERVE  frontend->currencyservice  rpr=0.0000  low=109 high=0  attempts=3  state=ON  metric=rpr
2026-10-07T16:56:10Z  OBSERVE  frontend->productcatalogservice  rpr=0.0000  low=108 high=0  attempts=3  state=ON  metric=rpr
2026-10-07T16:56:10Z  OBSERVE  frontend->shippingservice  rpr=0.0000  low=108 high=0  attempts=3  state=ON  metric=rpr
2026-10-07T16:56:10Z  OBSERVE  checkoutservice->cartservice  rpr=0.0000  low=107 high=0  attempts=3  state=ON  metric=rpr
2026-10-07T16:56:10Z  OBSERVE  checkoutservice->currencyservice  rpr=0.0000  low=107 high=0  attempts=3  state=ON  metric=rpr
2026-10-07T16:56:10Z  OBSERVE  checkoutservice->emailservice  rpr=0.0000  low=106 high=0  attempts=3  state=ON  metric=rpr
2026-10-07T16:56:10Z  OBSERVE  checkoutservice->paymentservice  rpr=0.0000  low=107 high=0  attempts=3  state=ON  metric=rpr
2026-10-07T16:56:10Z  OBSERVE  checkoutservice->shippingservice  rpr=0.0000  low=107 high=0  attempts=3  state=ON  metric=rpr
2026-10-07T16:56:10Z  OBSERVE  recommendationservice->productcatalogservice  rpr=0.0000  low=108 high=0  attempts=3  state=ON  metric=rpr
2026-10-07T16:56:10Z  OBSERVE  recommendationservice  rejection=0.2074  low=0 high=37  state=OFF  metric=rejection
2026-10-07T16:56:12Z  OBSERVE  frontend->adservice  rpr=0.0000  low=108 high=0  attempts=3  state=ON  metric=rpr
2026-10-07T16:56:12Z  OBSERVE  frontend->cartservice  rpr=0.0000  low=110 high=0  attempts=3  state=ON  metric=rpr
2026-10-07T16:56:12Z  OBSERVE  frontend->checkoutservice  rpr=0.0000  low=67 high=0  attempts=3  state=ON  metric=rpr
2026-10-07T16:56:12Z  OBSERVE  frontend->currencyservice  rpr=0.0000  low=110 high=0  attempts=3  state=ON  metric=rpr
2026-10-07T16:56:12Z  OBSERVE  frontend->productcatalogservice  rpr=0.0000  low=109 high=0  attempts=3  state=ON  metric=rpr
2026-10-07T16:56:12Z  OBSERVE  frontend->shippingservice  rpr=0.0000  low=109 high=0  attempts=3  state=ON  metric=rpr
2026-10-07T16:56:12Z  OBSERVE  checkoutservice->cartservice  rpr=0.0000  low=108 high=0  attempts=3  state=ON  metric=rpr
2026-10-07T16:56:12Z  OBSERVE  checkoutservice->currencyservice  rpr=0.0000  low=108 high=0  attempts=3  state=ON  metric=rpr
2026-10-07T16:56:12Z  OBSERVE  checkoutservice->emailservice  rpr=0.0000  low=107 high=0  attempts=3  state=ON  metric=rpr
2026-10-07T16:56:12Z  OBSERVE  checkoutservice->paymentservice  rpr=0.0000  low=108 high=0  attempts=3  state=ON  metric=rpr
2026-10-07T16:56:12Z  OBSERVE  checkoutservice->shippingservice  rpr=0.0000  low=108 high=0  attempts=3  state=ON  metric=rpr
2026-10-07T16:56:12Z  OBSERVE  recommendationservice->productcatalogservice  rpr=0.0000  low=109 high=0  attempts=3  state=ON  metric=rpr
2026-10-07T16:56:12Z  OBSERVE  recommendationservice  rejection=0.1560  low=0 high=38  state=OFF  metric=rejection
2026-10-07T16:56:14Z  OBSERVE  frontend->adservice  rpr=0.0000  low=109 high=0  attempts=3  state=ON  metric=rpr
2026-10-07T16:56:14Z  OBSERVE  frontend->cartservice  rpr=0.0000  low=111 high=0  attempts=3  state=ON  metric=rpr
2026-10-07T16:56:14Z  OBSERVE  frontend->checkoutservice  rpr=0.0000  low=68 high=0  attempts=3  state=ON  metric=rpr
2026-10-07T16:56:14Z  OBSERVE  frontend->currencyservice  rpr=0.0000  low=111 high=0  attempts=3  state=ON  metric=rpr
2026-10-07T16:56:14Z  OBSERVE  frontend->productcatalogservice  rpr=0.0000  low=110 high=0  attempts=3  state=ON  metric=rpr
2026-10-07T16:56:14Z  OBSERVE  frontend->shippingservice  rpr=0.0000  low=110 high=0  attempts=3  state=ON  metric=rpr
2026-10-07T16:56:14Z  OBSERVE  checkoutservice->cartservice  rpr=0.0000  low=109 high=0  attempts=3  state=ON  metric=rpr
2026-10-07T16:56:14Z  OBSERVE  checkoutservice->currencyservice  rpr=0.0000  low=109 high=0  attempts=3  state=ON  metric=rpr
2026-10-07T16:56:14Z  OBSERVE  checkoutservice->emailservice  rpr=0.0000  low=108 high=0  attempts=3  state=ON  metric=rpr
2026-10-07T16:56:14Z  OBSERVE  checkoutservice->paymentservice  rpr=0.0000  low=109 high=0  attempts=3  state=ON  metric=rpr
2026-10-07T16:56:14Z  OBSERVE  checkoutservice->shippingservice  rpr=0.0000  low=109 high=0  attempts=3  state=ON  metric=rpr
2026-10-07T16:56:14Z  OBSERVE  recommendationservice->productcatalogservice  rpr=0.0000  low=110 high=0  attempts=3  state=ON  metric=rpr
2026-10-07T16:56:14Z  OBSERVE  recommendationservice  rejection=0.1577  low=0 high=39  state=OFF  metric=rejection
2026-10-07T16:56:16Z  OBSERVE  frontend->adservice  rpr=0.0000  low=110 high=0  attempts=3  state=ON  metric=rpr
2026-10-07T16:56:16Z  OBSERVE  frontend->cartservice  rpr=0.0000  low=112 high=0  attempts=3  state=ON  metric=rpr
2026-10-07T16:56:16Z  OBSERVE  frontend->checkoutservice  rpr=0.0000  low=69 high=0  attempts=3  state=ON  metric=rpr
2026-10-07T16:56:16Z  OBSERVE  frontend->currencyservice  rpr=0.0000  low=112 high=0  attempts=3  state=ON  metric=rpr
2026-10-07T16:56:16Z  OBSERVE  frontend->productcatalogservice  rpr=0.0000  low=111 high=0  attempts=3  state=ON  metric=rpr
2026-10-07T16:56:16Z  OBSERVE  frontend->shippingservice  rpr=0.0000  low=111 high=0  attempts=3  state=ON  metric=rpr
2026-10-07T16:56:16Z  OBSERVE  checkoutservice->cartservice  rpr=0.0000  low=110 high=0  attempts=3  state=ON  metric=rpr
2026-10-07T16:56:16Z  OBSERVE  checkoutservice->currencyservice  rpr=0.0000  low=110 high=0  attempts=3  state=ON  metric=rpr
2026-10-07T16:56:16Z  OBSERVE  checkoutservice->emailservice  rpr=0.0000  low=109 high=0  attempts=3  state=ON  metric=rpr
2026-10-07T16:56:16Z  OBSERVE  checkoutservice->paymentservice  rpr=0.0000  low=110 high=0  attempts=3  state=ON  metric=rpr
2026-10-07T16:56:16Z  OBSERVE  checkoutservice->shippingservice  rpr=0.0000  low=110 high=0  attempts=3  state=ON  metric=rpr
2026-10-07T16:56:16Z  OBSERVE  recommendationservice->productcatalogservice  rpr=0.0000  low=111 high=0  attempts=3  state=ON  metric=rpr
2026-10-07T16:56:16Z  OBSERVE  recommendationservice  rejection=0.1984  low=0 high=40  state=OFF  metric=rejection
2026-10-07T16:56:18Z  OBSERVE  frontend->adservice  rpr=0.0000  low=111 high=0  attempts=3  state=ON  metric=rpr
2026-10-07T16:56:18Z  OBSERVE  frontend->cartservice  rpr=0.0000  low=113 high=0  attempts=3  state=ON  metric=rpr
2026-10-07T16:56:18Z  OBSERVE  frontend->checkoutservice  rpr=0.0000  low=70 high=0  attempts=3  state=ON  metric=rpr
2026-10-07T16:56:18Z  OBSERVE  frontend->currencyservice  rpr=0.0000  low=113 high=0  attempts=3  state=ON  metric=rpr
2026-10-07T16:56:18Z  OBSERVE  frontend->productcatalogservice  rpr=0.0000  low=112 high=0  attempts=3  state=ON  metric=rpr
2026-10-07T16:56:18Z  OBSERVE  frontend->shippingservice  rpr=0.0000  low=112 high=0  attempts=3  state=ON  metric=rpr
2026-10-07T16:56:18Z  OBSERVE  checkoutservice->cartservice  rpr=0.0000  low=111 high=0  attempts=3  state=ON  metric=rpr
2026-10-07T16:56:18Z  OBSERVE  checkoutservice->currencyservice  rpr=0.0000  low=111 high=0  attempts=3  state=ON  metric=rpr
2026-10-07T16:56:18Z  OBSERVE  checkoutservice->emailservice  rpr=0.0000  low=110 high=0  attempts=3  state=ON  metric=rpr
2026-10-07T16:56:18Z  OBSERVE  checkoutservice->paymentservice  rpr=0.0000  low=111 high=0  attempts=3  state=ON  metric=rpr
2026-10-07T16:56:18Z  OBSERVE  checkoutservice->shippingservice  rpr=0.0000  low=111 high=0  attempts=3  state=ON  metric=rpr
2026-10-07T16:56:18Z  OBSERVE  recommendationservice->productcatalogservice  rpr=0.0000  low=112 high=0  attempts=3  state=ON  metric=rpr
2026-10-07T16:56:18Z  OBSERVE  recommendationservice  rejection=0.1757  low=0 high=41  state=OFF  metric=rejection
2026-10-07T16:56:20Z  OBSERVE  frontend->adservice  rpr=0.0000  low=112 high=0  attempts=3  state=ON  metric=rpr
2026-10-07T16:56:20Z  OBSERVE  frontend->cartservice  rpr=0.0000  low=114 high=0  attempts=3  state=ON  metric=rpr
2026-10-07T16:56:20Z  OBSERVE  frontend->checkoutservice  rpr=0.0000  low=71 high=0  attempts=3  state=ON  metric=rpr
2026-10-07T16:56:20Z  OBSERVE  frontend->currencyservice  rpr=0.0000  low=114 high=0  attempts=3  state=ON  metric=rpr
2026-10-07T16:56:20Z  OBSERVE  frontend->productcatalogservice  rpr=0.0000  low=113 high=0  attempts=3  state=ON  metric=rpr
2026-10-07T16:56:20Z  OBSERVE  frontend->shippingservice  rpr=0.0000  low=113 high=0  attempts=3  state=ON  metric=rpr
2026-10-07T16:56:20Z  OBSERVE  checkoutservice->cartservice  rpr=0.0000  low=112 high=0  attempts=3  state=ON  metric=rpr
2026-10-07T16:56:20Z  OBSERVE  checkoutservice->currencyservice  rpr=0.0000  low=112 high=0  attempts=3  state=ON  metric=rpr
2026-10-07T16:56:20Z  OBSERVE  checkoutservice->emailservice  rpr=0.0000  low=111 high=0  attempts=3  state=ON  metric=rpr
2026-10-07T16:56:20Z  OBSERVE  checkoutservice->paymentservice  rpr=0.0000  low=112 high=0  attempts=3  state=ON  metric=rpr
2026-10-07T16:56:20Z  OBSERVE  checkoutservice->shippingservice  rpr=0.0000  low=112 high=0  attempts=3  state=ON  metric=rpr
2026-10-07T16:56:20Z  OBSERVE  recommendationservice->productcatalogservice  rpr=0.0000  low=113 high=0  attempts=3  state=ON  metric=rpr
2026-10-07T16:56:20Z  OBSERVE  recommendationservice  rejection=0.2154  low=0 high=42  state=OFF  metric=rejection
2026-10-07T16:56:22Z  OBSERVE  frontend->adservice  rpr=0.0000  low=113 high=0  attempts=3  state=ON  metric=rpr
2026-10-07T16:56:22Z  OBSERVE  frontend->cartservice  rpr=0.0000  low=115 high=0  attempts=3  state=ON  metric=rpr
2026-10-07T16:56:22Z  OBSERVE  frontend->checkoutservice  rpr=0.0000  low=72 high=0  attempts=3  state=ON  metric=rpr
2026-10-07T16:56:22Z  OBSERVE  frontend->currencyservice  rpr=0.0000  low=115 high=0  attempts=3  state=ON  metric=rpr
2026-10-07T16:56:22Z  OBSERVE  frontend->productcatalogservice  rpr=0.0000  low=114 high=0  attempts=3  state=ON  metric=rpr
2026-10-07T16:56:22Z  OBSERVE  frontend->shippingservice  rpr=0.0000  low=114 high=0  attempts=3  state=ON  metric=rpr
2026-10-07T16:56:22Z  OBSERVE  checkoutservice->cartservice  rpr=0.0000  low=113 high=0  attempts=3  state=ON  metric=rpr
2026-10-07T16:56:22Z  OBSERVE  checkoutservice->currencyservice  rpr=0.0000  low=113 high=0  attempts=3  state=ON  metric=rpr
2026-10-07T16:56:22Z  OBSERVE  checkoutservice->emailservice  rpr=0.0000  low=112 high=0  attempts=3  state=ON  metric=rpr
2026-10-07T16:56:22Z  OBSERVE  checkoutservice->paymentservice  rpr=0.0000  low=113 high=0  attempts=3  state=ON  metric=rpr
2026-10-07T16:56:22Z  OBSERVE  checkoutservice->shippingservice  rpr=0.0000  low=113 high=0  attempts=3  state=ON  metric=rpr
2026-10-07T16:56:22Z  OBSERVE  recommendationservice->productcatalogservice  rpr=0.0000  low=114 high=0  attempts=3  state=ON  metric=rpr
2026-10-07T16:56:22Z  OBSERVE  recommendationservice  rejection=0.1801  low=0 high=43  state=OFF  metric=rejection
2026-10-07T16:56:24Z  OBSERVE  frontend->adservice  rpr=0.0000  low=114 high=0  attempts=3  state=ON  metric=rpr
2026-10-07T16:56:24Z  OBSERVE  frontend->cartservice  rpr=0.0000  low=116 high=0  attempts=3  state=ON  metric=rpr
2026-10-07T16:56:24Z  OBSERVE  frontend->checkoutservice  rpr=0.0000  low=73 high=0  attempts=3  state=ON  metric=rpr
2026-10-07T16:56:24Z  OBSERVE  frontend->currencyservice  rpr=0.0000  low=116 high=0  attempts=3  state=ON  metric=rpr
2026-10-07T16:56:24Z  OBSERVE  frontend->productcatalogservice  rpr=0.0000  low=115 high=0  attempts=3  state=ON  metric=rpr
2026-10-07T16:56:24Z  OBSERVE  frontend->shippingservice  rpr=0.0000  low=115 high=0  attempts=3  state=ON  metric=rpr
2026-10-07T16:56:24Z  OBSERVE  checkoutservice->cartservice  rpr=0.0000  low=114 high=0  attempts=3  state=ON  metric=rpr
2026-10-07T16:56:24Z  OBSERVE  checkoutservice->currencyservice  rpr=0.0000  low=114 high=0  attempts=3  state=ON  metric=rpr
2026-10-07T16:56:24Z  OBSERVE  checkoutservice->emailservice  rpr=0.0000  low=113 high=0  attempts=3  state=ON  metric=rpr
2026-10-07T16:56:24Z  OBSERVE  checkoutservice->paymentservice  rpr=0.0000  low=114 high=0  attempts=3  state=ON  metric=rpr
2026-10-07T16:56:24Z  OBSERVE  checkoutservice->shippingservice  rpr=0.0000  low=114 high=0  attempts=3  state=ON  metric=rpr
2026-10-07T16:56:24Z  OBSERVE  recommendationservice->productcatalogservice  rpr=0.0000  low=115 high=0  attempts=3  state=ON  metric=rpr
2026-10-07T16:56:24Z  OBSERVE  recommendationservice  rejection=0.2142  low=0 high=44  state=OFF  metric=rejection
2026-10-07T16:56:26Z  OBSERVE  frontend->adservice  rpr=0.0000  low=115 high=0  attempts=3  state=ON  metric=rpr
2026-10-07T16:56:26Z  OBSERVE  frontend->cartservice  rpr=0.0000  low=117 high=0  attempts=3  state=ON  metric=rpr
2026-10-07T16:56:26Z  OBSERVE  frontend->checkoutservice  rpr=0.0000  low=74 high=0  attempts=3  state=ON  metric=rpr
2026-10-07T16:56:26Z  OBSERVE  frontend->currencyservice  rpr=0.0000  low=117 high=0  attempts=3  state=ON  metric=rpr
2026-10-07T16:56:26Z  OBSERVE  frontend->productcatalogservice  rpr=0.0000  low=116 high=0  attempts=3  state=ON  metric=rpr
2026-10-07T16:56:26Z  OBSERVE  frontend->shippingservice  rpr=0.0000  low=116 high=0  attempts=3  state=ON  metric=rpr
2026-10-07T16:56:26Z  OBSERVE  checkoutservice->cartservice  rpr=0.0000  low=115 high=0  attempts=3  state=ON  metric=rpr
2026-10-07T16:56:26Z  OBSERVE  checkoutservice->currencyservice  rpr=0.0000  low=115 high=0  attempts=3  state=ON  metric=rpr
2026-10-07T16:56:26Z  OBSERVE  checkoutservice->emailservice  rpr=0.0000  low=114 high=0  attempts=3  state=ON  metric=rpr
2026-10-07T16:56:26Z  OBSERVE  checkoutservice->paymentservice  rpr=0.0000  low=115 high=0  attempts=3  state=ON  metric=rpr
2026-10-07T16:56:26Z  OBSERVE  checkoutservice->shippingservice  rpr=0.0000  low=115 high=0  attempts=3  state=ON  metric=rpr
2026-10-07T16:56:26Z  OBSERVE  recommendationservice->productcatalogservice  rpr=0.0000  low=116 high=0  attempts=3  state=ON  metric=rpr
2026-10-07T16:56:26Z  OBSERVE  recommendationservice  rejection=0.1893  low=0 high=45  state=OFF  metric=rejection
2026-10-07T16:56:28Z  OBSERVE  frontend->adservice  rpr=0.0000  low=116 high=0  attempts=3  state=ON  metric=rpr
2026-10-07T16:56:28Z  OBSERVE  frontend->cartservice  rpr=0.0000  low=118 high=0  attempts=3  state=ON  metric=rpr
2026-10-07T16:56:28Z  OBSERVE  frontend->checkoutservice  rpr=0.0000  low=75 high=0  attempts=3  state=ON  metric=rpr
2026-10-07T16:56:28Z  OBSERVE  frontend->currencyservice  rpr=0.0000  low=118 high=0  attempts=3  state=ON  metric=rpr
2026-10-07T16:56:28Z  OBSERVE  frontend->productcatalogservice  rpr=0.0000  low=117 high=0  attempts=3  state=ON  metric=rpr
2026-10-07T16:56:28Z  OBSERVE  frontend->shippingservice  rpr=0.0000  low=117 high=0  attempts=3  state=ON  metric=rpr
2026-10-07T16:56:28Z  OBSERVE  checkoutservice->cartservice  rpr=0.0000  low=116 high=0  attempts=3  state=ON  metric=rpr
2026-10-07T16:56:28Z  OBSERVE  checkoutservice->currencyservice  rpr=0.0000  low=116 high=0  attempts=3  state=ON  metric=rpr
2026-10-07T16:56:28Z  OBSERVE  checkoutservice->emailservice  rpr=0.0000  low=115 high=0  attempts=3  state=ON  metric=rpr
2026-10-07T16:56:28Z  OBSERVE  checkoutservice->paymentservice  rpr=0.0000  low=116 high=0  attempts=3  state=ON  metric=rpr
2026-10-07T16:56:28Z  OBSERVE  checkoutservice->shippingservice  rpr=0.0000  low=116 high=0  attempts=3  state=ON  metric=rpr
2026-10-07T16:56:28Z  OBSERVE  recommendationservice->productcatalogservice  rpr=0.0000  low=117 high=0  attempts=3  state=ON  metric=rpr
2026-10-07T16:56:28Z  OBSERVE  recommendationservice  rejection=0.2148  low=0 high=46  state=OFF  metric=rejection
2026-10-07T16:56:30Z  OBSERVE  frontend->adservice  rpr=0.0000  low=117 high=0  attempts=3  state=ON  metric=rpr
2026-10-07T16:56:30Z  OBSERVE  frontend->cartservice  rpr=0.0000  low=119 high=0  attempts=3  state=ON  metric=rpr
2026-10-07T16:56:30Z  OBSERVE  frontend->checkoutservice  rpr=0.0000  low=76 high=0  attempts=3  state=ON  metric=rpr
2026-10-07T16:56:30Z  OBSERVE  frontend->currencyservice  rpr=0.0000  low=119 high=0  attempts=3  state=ON  metric=rpr
2026-10-07T16:56:30Z  OBSERVE  frontend->productcatalogservice  rpr=0.0000  low=118 high=0  attempts=3  state=ON  metric=rpr
2026-10-07T16:56:30Z  OBSERVE  frontend->shippingservice  rpr=0.0000  low=118 high=0  attempts=3  state=ON  metric=rpr
2026-10-07T16:56:30Z  OBSERVE  checkoutservice->cartservice  rpr=0.0000  low=117 high=0  attempts=3  state=ON  metric=rpr
2026-10-07T16:56:30Z  OBSERVE  checkoutservice->currencyservice  rpr=0.0000  low=117 high=0  attempts=3  state=ON  metric=rpr
2026-10-07T16:56:30Z  OBSERVE  checkoutservice->emailservice  rpr=0.0000  low=116 high=0  attempts=3  state=ON  metric=rpr
2026-10-07T16:56:30Z  OBSERVE  checkoutservice->paymentservice  rpr=0.0000  low=117 high=0  attempts=3  state=ON  metric=rpr
2026-10-07T16:56:30Z  OBSERVE  checkoutservice->shippingservice  rpr=0.0000  low=117 high=0  attempts=3  state=ON  metric=rpr
2026-10-07T16:56:30Z  OBSERVE  recommendationservice->productcatalogservice  rpr=0.0000  low=118 high=0  attempts=3  state=ON  metric=rpr
2026-10-07T16:56:30Z  OBSERVE  recommendationservice  rejection=0.2335  low=0 high=47  state=OFF  metric=rejection
2026-10-07T16:56:32Z  OBSERVE  frontend->adservice  rpr=0.0000  low=118 high=0  attempts=3  state=ON  metric=rpr
2026-10-07T16:56:32Z  OBSERVE  frontend->cartservice  rpr=0.0000  low=120 high=0  attempts=3  state=ON  metric=rpr
2026-10-07T16:56:32Z  OBSERVE  frontend->checkoutservice  rpr=0.0000  low=77 high=0  attempts=3  state=ON  metric=rpr
2026-10-07T16:56:32Z  OBSERVE  frontend->currencyservice  rpr=0.0000  low=120 high=0  attempts=3  state=ON  metric=rpr
2026-10-07T16:56:32Z  OBSERVE  frontend->productcatalogservice  rpr=0.0000  low=119 high=0  attempts=3  state=ON  metric=rpr
2026-10-07T16:56:32Z  OBSERVE  frontend->shippingservice  rpr=0.0000  low=119 high=0  attempts=3  state=ON  metric=rpr
2026-10-07T16:56:32Z  OBSERVE  checkoutservice->cartservice  rpr=0.0000  low=118 high=0  attempts=3  state=ON  metric=rpr
2026-10-07T16:56:32Z  OBSERVE  checkoutservice->currencyservice  rpr=0.0000  low=118 high=0  attempts=3  state=ON  metric=rpr
2026-10-07T16:56:32Z  OBSERVE  checkoutservice->emailservice  rpr=0.0000  low=117 high=0  attempts=3  state=ON  metric=rpr
2026-10-07T16:56:32Z  OBSERVE  checkoutservice->paymentservice  rpr=0.0000  low=118 high=0  attempts=3  state=ON  metric=rpr
2026-10-07T16:56:32Z  OBSERVE  checkoutservice->shippingservice  rpr=0.0000  low=118 high=0  attempts=3  state=ON  metric=rpr
2026-10-07T16:56:32Z  OBSERVE  recommendationservice->productcatalogservice  rpr=0.0000  low=119 high=0  attempts=3  state=ON  metric=rpr
2026-10-07T16:56:32Z  OBSERVE  recommendationservice  rejection=0.1740  low=0 high=48  state=OFF  metric=rejection
2026-10-07T16:56:34Z  OBSERVE  frontend->adservice  rpr=0.0000  low=119 high=0  attempts=3  state=ON  metric=rpr
2026-10-07T16:56:34Z  OBSERVE  frontend->cartservice  rpr=0.0000  low=121 high=0  attempts=3  state=ON  metric=rpr
2026-10-07T16:56:34Z  OBSERVE  frontend->checkoutservice  rpr=0.0000  low=78 high=0  attempts=3  state=ON  metric=rpr
2026-10-07T16:56:34Z  OBSERVE  frontend->currencyservice  rpr=0.0000  low=121 high=0  attempts=3  state=ON  metric=rpr
2026-10-07T16:56:34Z  OBSERVE  frontend->productcatalogservice  rpr=0.0000  low=120 high=0  attempts=3  state=ON  metric=rpr
2026-10-07T16:56:34Z  OBSERVE  frontend->shippingservice  rpr=0.0000  low=120 high=0  attempts=3  state=ON  metric=rpr
2026-10-07T16:56:34Z  OBSERVE  checkoutservice->cartservice  rpr=0.0000  low=119 high=0  attempts=3  state=ON  metric=rpr
2026-10-07T16:56:34Z  OBSERVE  checkoutservice->currencyservice  rpr=0.0000  low=119 high=0  attempts=3  state=ON  metric=rpr
2026-10-07T16:56:34Z  OBSERVE  checkoutservice->emailservice  rpr=0.0000  low=118 high=0  attempts=3  state=ON  metric=rpr
2026-10-07T16:56:34Z  OBSERVE  checkoutservice->paymentservice  rpr=0.0000  low=119 high=0  attempts=3  state=ON  metric=rpr
2026-10-07T16:56:34Z  OBSERVE  checkoutservice->shippingservice  rpr=0.0000  low=119 high=0  attempts=3  state=ON  metric=rpr
2026-10-07T16:56:34Z  OBSERVE  recommendationservice->productcatalogservice  rpr=0.0000  low=120 high=0  attempts=3  state=ON  metric=rpr
2026-10-07T16:56:34Z  OBSERVE  recommendationservice  rejection=0.1962  low=0 high=49  state=OFF  metric=rejection
2026-10-07T16:56:36Z  OBSERVE  frontend->adservice  rpr=0.0000  low=120 high=0  attempts=3  state=ON  metric=rpr
2026-10-07T16:56:36Z  OBSERVE  frontend->cartservice  rpr=0.0000  low=122 high=0  attempts=3  state=ON  metric=rpr
2026-10-07T16:56:36Z  OBSERVE  frontend->checkoutservice  rpr=0.0000  low=79 high=0  attempts=3  state=ON  metric=rpr
2026-10-07T16:56:36Z  OBSERVE  frontend->currencyservice  rpr=0.0000  low=122 high=0  attempts=3  state=ON  metric=rpr
2026-10-07T16:56:36Z  OBSERVE  frontend->productcatalogservice  rpr=0.0000  low=121 high=0  attempts=3  state=ON  metric=rpr
2026-10-07T16:56:36Z  OBSERVE  frontend->shippingservice  rpr=0.0000  low=121 high=0  attempts=3  state=ON  metric=rpr
2026-10-07T16:56:36Z  OBSERVE  checkoutservice->cartservice  rpr=0.0000  low=120 high=0  attempts=3  state=ON  metric=rpr
2026-10-07T16:56:36Z  OBSERVE  checkoutservice->currencyservice  rpr=0.0000  low=120 high=0  attempts=3  state=ON  metric=rpr
2026-10-07T16:56:36Z  OBSERVE  checkoutservice->emailservice  rpr=0.0000  low=119 high=0  attempts=3  state=ON  metric=rpr
2026-10-07T16:56:36Z  OBSERVE  checkoutservice->paymentservice  rpr=0.0000  low=120 high=0  attempts=3  state=ON  metric=rpr
2026-10-07T16:56:36Z  OBSERVE  checkoutservice->shippingservice  rpr=0.0000  low=120 high=0  attempts=3  state=ON  metric=rpr
2026-10-07T16:56:36Z  OBSERVE  recommendationservice->productcatalogservice  rpr=0.0000  low=121 high=0  attempts=3  state=ON  metric=rpr
2026-10-07T16:56:36Z  OBSERVE  recommendationservice  rejection=0.2636  low=0 high=50  state=OFF  metric=rejection
2026-10-07T16:56:38Z  OBSERVE  frontend->adservice  rpr=0.0000  low=121 high=0  attempts=3  state=ON  metric=rpr
2026-10-07T16:56:38Z  OBSERVE  frontend->cartservice  rpr=0.0000  low=123 high=0  attempts=3  state=ON  metric=rpr
2026-10-07T16:56:38Z  OBSERVE  frontend->checkoutservice  rpr=0.0000  low=80 high=0  attempts=3  state=ON  metric=rpr
2026-10-07T16:56:38Z  OBSERVE  frontend->currencyservice  rpr=0.0000  low=123 high=0  attempts=3  state=ON  metric=rpr
2026-10-07T16:56:38Z  OBSERVE  frontend->productcatalogservice  rpr=0.0000  low=122 high=0  attempts=3  state=ON  metric=rpr
2026-10-07T16:56:38Z  OBSERVE  frontend->shippingservice  rpr=0.0000  low=122 high=0  attempts=3  state=ON  metric=rpr
2026-10-07T16:56:38Z  OBSERVE  checkoutservice->cartservice  rpr=0.0000  low=121 high=0  attempts=3  state=ON  metric=rpr
2026-10-07T16:56:38Z  OBSERVE  checkoutservice->currencyservice  rpr=0.0000  low=121 high=0  attempts=3  state=ON  metric=rpr
2026-10-07T16:56:38Z  OBSERVE  checkoutservice->emailservice  rpr=0.0000  low=120 high=0  attempts=3  state=ON  metric=rpr
2026-10-07T16:56:38Z  OBSERVE  checkoutservice->paymentservice  rpr=0.0000  low=121 high=0  attempts=3  state=ON  metric=rpr
2026-10-07T16:56:38Z  OBSERVE  checkoutservice->shippingservice  rpr=0.0000  low=121 high=0  attempts=3  state=ON  metric=rpr
2026-10-07T16:56:38Z  OBSERVE  recommendationservice->productcatalogservice  rpr=0.0000  low=122 high=0  attempts=3  state=ON  metric=rpr
2026-10-07T16:56:38Z  OBSERVE  recommendationservice  rejection=0.2181  low=0 high=51  state=OFF  metric=rejection
2026-10-07T16:56:40Z  OBSERVE  frontend->adservice  rpr=0.0000  low=122 high=0  attempts=3  state=ON  metric=rpr
2026-10-07T16:56:40Z  OBSERVE  frontend->cartservice  rpr=0.0000  low=124 high=0  attempts=3  state=ON  metric=rpr
2026-10-07T16:56:40Z  OBSERVE  frontend->checkoutservice  rpr=0.0000  low=81 high=0  attempts=3  state=ON  metric=rpr
2026-10-07T16:56:40Z  OBSERVE  frontend->currencyservice  rpr=0.0000  low=124 high=0  attempts=3  state=ON  metric=rpr
2026-10-07T16:56:40Z  OBSERVE  frontend->productcatalogservice  rpr=0.0000  low=123 high=0  attempts=3  state=ON  metric=rpr
2026-10-07T16:56:40Z  OBSERVE  frontend->shippingservice  rpr=0.0000  low=123 high=0  attempts=3  state=ON  metric=rpr
2026-10-07T16:56:40Z  OBSERVE  checkoutservice->cartservice  rpr=0.0000  low=122 high=0  attempts=3  state=ON  metric=rpr
2026-10-07T16:56:40Z  OBSERVE  checkoutservice->currencyservice  rpr=0.0000  low=122 high=0  attempts=3  state=ON  metric=rpr
2026-10-07T16:56:40Z  OBSERVE  checkoutservice->emailservice  rpr=0.0000  low=121 high=0  attempts=3  state=ON  metric=rpr
2026-10-07T16:56:40Z  OBSERVE  checkoutservice->paymentservice  rpr=0.0000  low=122 high=0  attempts=3  state=ON  metric=rpr
2026-10-07T16:56:40Z  OBSERVE  checkoutservice->shippingservice  rpr=0.0000  low=122 high=0  attempts=3  state=ON  metric=rpr
2026-10-07T16:56:40Z  OBSERVE  recommendationservice->productcatalogservice  rpr=0.0000  low=123 high=0  attempts=3  state=ON  metric=rpr
2026-10-07T16:56:40Z  OBSERVE  recommendationservice  rejection=0.2107  low=0 high=52  state=OFF  metric=rejection
2026-10-07T16:56:42Z  OBSERVE  frontend->adservice  rpr=0.0000  low=123 high=0  attempts=3  state=ON  metric=rpr
2026-10-07T16:56:42Z  OBSERVE  frontend->cartservice  rpr=0.0000  low=125 high=0  attempts=3  state=ON  metric=rpr
2026-10-07T16:56:42Z  OBSERVE  frontend->checkoutservice  rpr=0.0000  low=82 high=0  attempts=3  state=ON  metric=rpr
2026-10-07T16:56:42Z  OBSERVE  frontend->currencyservice  rpr=0.0000  low=125 high=0  attempts=3  state=ON  metric=rpr
2026-10-07T16:56:42Z  OBSERVE  frontend->productcatalogservice  rpr=0.0000  low=124 high=0  attempts=3  state=ON  metric=rpr
2026-10-07T16:56:42Z  OBSERVE  frontend->shippingservice  rpr=0.0000  low=124 high=0  attempts=3  state=ON  metric=rpr
2026-10-07T16:56:42Z  OBSERVE  checkoutservice->cartservice  rpr=0.0000  low=123 high=0  attempts=3  state=ON  metric=rpr
2026-10-07T16:56:42Z  OBSERVE  checkoutservice->currencyservice  rpr=0.0000  low=123 high=0  attempts=3  state=ON  metric=rpr
2026-10-07T16:56:42Z  OBSERVE  checkoutservice->emailservice  rpr=0.0000  low=122 high=0  attempts=3  state=ON  metric=rpr
2026-10-07T16:56:42Z  OBSERVE  checkoutservice->paymentservice  rpr=0.0000  low=123 high=0  attempts=3  state=ON  metric=rpr
2026-10-07T16:56:42Z  OBSERVE  checkoutservice->shippingservice  rpr=0.0000  low=123 high=0  attempts=3  state=ON  metric=rpr
2026-10-07T16:56:42Z  OBSERVE  recommendationservice->productcatalogservice  rpr=0.0000  low=124 high=0  attempts=3  state=ON  metric=rpr
2026-10-07T16:56:42Z  OBSERVE  recommendationservice  rejection=0.1769  low=0 high=53  state=OFF  metric=rejection
2026-10-07T16:56:43Z  OBSERVE  frontend->adservice  rpr=0.0000  low=124 high=0  attempts=3  state=ON  metric=rpr
2026-10-07T16:56:43Z  OBSERVE  frontend->cartservice  rpr=0.0000  low=126 high=0  attempts=3  state=ON  metric=rpr
2026-10-07T16:56:43Z  OBSERVE  frontend->checkoutservice  rpr=0.0000  low=83 high=0  attempts=3  state=ON  metric=rpr
2026-10-07T16:56:43Z  OBSERVE  frontend->currencyservice  rpr=0.0000  low=126 high=0  attempts=3  state=ON  metric=rpr
2026-10-07T16:56:43Z  OBSERVE  frontend->productcatalogservice  rpr=0.0000  low=125 high=0  attempts=3  state=ON  metric=rpr
2026-10-07T16:56:43Z  OBSERVE  frontend->shippingservice  rpr=0.0000  low=125 high=0  attempts=3  state=ON  metric=rpr
2026-10-07T16:56:43Z  OBSERVE  checkoutservice->cartservice  rpr=0.0000  low=124 high=0  attempts=3  state=ON  metric=rpr
2026-10-07T16:56:43Z  OBSERVE  checkoutservice->currencyservice  rpr=0.0000  low=124 high=0  attempts=3  state=ON  metric=rpr
2026-10-07T16:56:43Z  OBSERVE  checkoutservice->emailservice  rpr=0.0000  low=123 high=0  attempts=3  state=ON  metric=rpr
2026-10-07T16:56:43Z  OBSERVE  checkoutservice->paymentservice  rpr=0.0000  low=124 high=0  attempts=3  state=ON  metric=rpr
2026-10-07T16:56:43Z  OBSERVE  checkoutservice->shippingservice  rpr=0.0000  low=124 high=0  attempts=3  state=ON  metric=rpr
2026-10-07T16:56:43Z  OBSERVE  recommendationservice->productcatalogservice  rpr=0.0000  low=125 high=0  attempts=3  state=ON  metric=rpr
2026-10-07T16:56:43Z  OBSERVE  recommendationservice  rejection=0.3038  low=0 high=54  state=OFF  metric=rejection
2026-10-07T16:56:45Z  OBSERVE  frontend->adservice  rpr=0.0000  low=125 high=0  attempts=3  state=ON  metric=rpr
2026-10-07T16:56:45Z  OBSERVE  frontend->cartservice  rpr=0.0000  low=127 high=0  attempts=3  state=ON  metric=rpr
2026-10-07T16:56:45Z  OBSERVE  frontend->checkoutservice  rpr=0.0000  low=84 high=0  attempts=3  state=ON  metric=rpr
2026-10-07T16:56:45Z  OBSERVE  frontend->currencyservice  rpr=0.0000  low=127 high=0  attempts=3  state=ON  metric=rpr
2026-10-07T16:56:45Z  OBSERVE  frontend->productcatalogservice  rpr=0.0000  low=126 high=0  attempts=3  state=ON  metric=rpr
2026-10-07T16:56:45Z  OBSERVE  frontend->shippingservice  rpr=0.0000  low=126 high=0  attempts=3  state=ON  metric=rpr
2026-10-07T16:56:45Z  OBSERVE  checkoutservice->cartservice  rpr=0.0000  low=125 high=0  attempts=3  state=ON  metric=rpr
2026-10-07T16:56:45Z  OBSERVE  checkoutservice->currencyservice  rpr=0.0000  low=125 high=0  attempts=3  state=ON  metric=rpr
2026-10-07T16:56:45Z  OBSERVE  checkoutservice->emailservice  rpr=0.0000  low=124 high=0  attempts=3  state=ON  metric=rpr
2026-10-07T16:56:45Z  OBSERVE  checkoutservice->paymentservice  rpr=0.0000  low=125 high=0  attempts=3  state=ON  metric=rpr
2026-10-07T16:56:45Z  OBSERVE  checkoutservice->shippingservice  rpr=0.0000  low=125 high=0  attempts=3  state=ON  metric=rpr
2026-10-07T16:56:45Z  OBSERVE  recommendationservice->productcatalogservice  rpr=0.0000  low=126 high=0  attempts=3  state=ON  metric=rpr
2026-10-07T16:56:45Z  OBSERVE  recommendationservice  rejection=0.1394  low=0 high=55  state=OFF  metric=rejection
2026-10-07T16:56:47Z  OBSERVE  frontend->adservice  rpr=0.0000  low=126 high=0  attempts=3  state=ON  metric=rpr
2026-10-07T16:56:47Z  OBSERVE  frontend->cartservice  rpr=0.0000  low=128 high=0  attempts=3  state=ON  metric=rpr
2026-10-07T16:56:47Z  OBSERVE  frontend->checkoutservice  rpr=0.0000  low=85 high=0  attempts=3  state=ON  metric=rpr
2026-10-07T16:56:47Z  OBSERVE  frontend->currencyservice  rpr=0.0000  low=128 high=0  attempts=3  state=ON  metric=rpr
2026-10-07T16:56:47Z  OBSERVE  frontend->productcatalogservice  rpr=0.0000  low=127 high=0  attempts=3  state=ON  metric=rpr
2026-10-07T16:56:47Z  OBSERVE  frontend->shippingservice  rpr=0.0000  low=127 high=0  attempts=3  state=ON  metric=rpr
2026-10-07T16:56:47Z  OBSERVE  checkoutservice->cartservice  rpr=0.0000  low=126 high=0  attempts=3  state=ON  metric=rpr
2026-10-07T16:56:47Z  OBSERVE  checkoutservice->currencyservice  rpr=0.0000  low=126 high=0  attempts=3  state=ON  metric=rpr
2026-10-07T16:56:47Z  OBSERVE  checkoutservice->emailservice  rpr=0.0000  low=125 high=0  attempts=3  state=ON  metric=rpr
2026-10-07T16:56:47Z  OBSERVE  checkoutservice->paymentservice  rpr=0.0000  low=126 high=0  attempts=3  state=ON  metric=rpr
2026-10-07T16:56:47Z  OBSERVE  checkoutservice->shippingservice  rpr=0.0000  low=126 high=0  attempts=3  state=ON  metric=rpr
2026-10-07T16:56:47Z  OBSERVE  recommendationservice->productcatalogservice  rpr=0.0000  low=127 high=0  attempts=3  state=ON  metric=rpr
2026-10-07T16:56:47Z  OBSERVE  recommendationservice  rejection=0.1867  low=0 high=56  state=OFF  metric=rejection
2026-10-07T16:56:49Z  OBSERVE  frontend->adservice  rpr=0.0000  low=127 high=0  attempts=3  state=ON  metric=rpr
2026-10-07T16:56:49Z  OBSERVE  frontend->cartservice  rpr=0.0000  low=129 high=0  attempts=3  state=ON  metric=rpr
2026-10-07T16:56:49Z  OBSERVE  frontend->checkoutservice  rpr=0.0000  low=86 high=0  attempts=3  state=ON  metric=rpr
2026-10-07T16:56:49Z  OBSERVE  frontend->currencyservice  rpr=0.0000  low=129 high=0  attempts=3  state=ON  metric=rpr
2026-10-07T16:56:49Z  OBSERVE  frontend->productcatalogservice  rpr=0.0000  low=128 high=0  attempts=3  state=ON  metric=rpr
2026-10-07T16:56:49Z  OBSERVE  frontend->shippingservice  rpr=0.0000  low=128 high=0  attempts=3  state=ON  metric=rpr
2026-10-07T16:56:49Z  OBSERVE  checkoutservice->cartservice  rpr=0.0000  low=127 high=0  attempts=3  state=ON  metric=rpr
2026-10-07T16:56:49Z  OBSERVE  checkoutservice->currencyservice  rpr=0.0000  low=127 high=0  attempts=3  state=ON  metric=rpr
2026-10-07T16:56:49Z  OBSERVE  checkoutservice->emailservice  rpr=0.0000  low=126 high=0  attempts=3  state=ON  metric=rpr
2026-10-07T16:56:49Z  OBSERVE  checkoutservice->paymentservice  rpr=0.0000  low=127 high=0  attempts=3  state=ON  metric=rpr
2026-10-07T16:56:49Z  OBSERVE  checkoutservice->shippingservice  rpr=0.0000  low=127 high=0  attempts=3  state=ON  metric=rpr
2026-10-07T16:56:49Z  OBSERVE  recommendationservice->productcatalogservice  rpr=0.0000  low=128 high=0  attempts=3  state=ON  metric=rpr
2026-10-07T16:56:49Z  OBSERVE  recommendationservice  rejection=0.2111  low=0 high=57  state=OFF  metric=rejection
2026-10-07T16:56:51Z  OBSERVE  frontend->adservice  rpr=0.0000  low=128 high=0  attempts=3  state=ON  metric=rpr
2026-10-07T16:56:51Z  OBSERVE  frontend->cartservice  rpr=0.0000  low=130 high=0  attempts=3  state=ON  metric=rpr
2026-10-07T16:56:51Z  OBSERVE  frontend->checkoutservice  rpr=0.0000  low=87 high=0  attempts=3  state=ON  metric=rpr
2026-10-07T16:56:51Z  OBSERVE  frontend->currencyservice  rpr=0.0000  low=130 high=0  attempts=3  state=ON  metric=rpr
2026-10-07T16:56:51Z  OBSERVE  frontend->productcatalogservice  rpr=0.0000  low=129 high=0  attempts=3  state=ON  metric=rpr
2026-10-07T16:56:51Z  OBSERVE  frontend->shippingservice  rpr=0.0000  low=129 high=0  attempts=3  state=ON  metric=rpr
2026-10-07T16:56:51Z  OBSERVE  checkoutservice->cartservice  rpr=0.0000  low=128 high=0  attempts=3  state=ON  metric=rpr
2026-10-07T16:56:51Z  OBSERVE  checkoutservice->currencyservice  rpr=0.0000  low=128 high=0  attempts=3  state=ON  metric=rpr
2026-10-07T16:56:51Z  OBSERVE  checkoutservice->emailservice  rpr=0.0000  low=127 high=0  attempts=3  state=ON  metric=rpr
2026-10-07T16:56:51Z  OBSERVE  checkoutservice->paymentservice  rpr=0.0000  low=128 high=0  attempts=3  state=ON  metric=rpr
2026-10-07T16:56:51Z  OBSERVE  checkoutservice->shippingservice  rpr=0.0000  low=128 high=0  attempts=3  state=ON  metric=rpr
2026-10-07T16:56:51Z  OBSERVE  recommendationservice->productcatalogservice  rpr=0.0000  low=129 high=0  attempts=3  state=ON  metric=rpr
2026-10-07T16:56:51Z  OBSERVE  recommendationservice  rejection=0.1989  low=0 high=58  state=OFF  metric=rejection
2026-10-07T16:56:53Z  OBSERVE  frontend->adservice  rpr=0.0000  low=129 high=0  attempts=3  state=ON  metric=rpr
2026-10-07T16:56:53Z  OBSERVE  frontend->cartservice  rpr=0.0000  low=131 high=0  attempts=3  state=ON  metric=rpr
2026-10-07T16:56:53Z  OBSERVE  frontend->checkoutservice  rpr=0.0000  low=88 high=0  attempts=3  state=ON  metric=rpr
2026-10-07T16:56:53Z  OBSERVE  frontend->currencyservice  rpr=0.0000  low=131 high=0  attempts=3  state=ON  metric=rpr
2026-10-07T16:56:53Z  OBSERVE  frontend->productcatalogservice  rpr=0.0000  low=130 high=0  attempts=3  state=ON  metric=rpr
2026-10-07T16:56:53Z  OBSERVE  frontend->shippingservice  rpr=0.0000  low=130 high=0  attempts=3  state=ON  metric=rpr
2026-10-07T16:56:53Z  OBSERVE  checkoutservice->cartservice  rpr=0.0000  low=129 high=0  attempts=3  state=ON  metric=rpr
2026-10-07T16:56:53Z  OBSERVE  checkoutservice->currencyservice  rpr=0.0000  low=129 high=0  attempts=3  state=ON  metric=rpr
2026-10-07T16:56:53Z  OBSERVE  checkoutservice->emailservice  rpr=0.0000  low=128 high=0  attempts=3  state=ON  metric=rpr
2026-10-07T16:56:53Z  OBSERVE  checkoutservice->paymentservice  rpr=0.0000  low=129 high=0  attempts=3  state=ON  metric=rpr
2026-10-07T16:56:53Z  OBSERVE  checkoutservice->shippingservice  rpr=0.0000  low=129 high=0  attempts=3  state=ON  metric=rpr
2026-10-07T16:56:53Z  OBSERVE  recommendationservice->productcatalogservice  rpr=0.0000  low=130 high=0  attempts=3  state=ON  metric=rpr
2026-10-07T16:56:53Z  OBSERVE  recommendationservice  rejection=0.1859  low=0 high=59  state=OFF  metric=rejection
2026-10-07T16:56:55Z  OBSERVE  frontend->adservice  rpr=0.0000  low=130 high=0  attempts=3  state=ON  metric=rpr
2026-10-07T16:56:55Z  OBSERVE  frontend->cartservice  rpr=0.0000  low=132 high=0  attempts=3  state=ON  metric=rpr
2026-10-07T16:56:55Z  OBSERVE  frontend->checkoutservice  rpr=0.0000  low=89 high=0  attempts=3  state=ON  metric=rpr
2026-10-07T16:56:55Z  OBSERVE  frontend->currencyservice  rpr=0.0000  low=132 high=0  attempts=3  state=ON  metric=rpr
2026-10-07T16:56:55Z  OBSERVE  frontend->productcatalogservice  rpr=0.0000  low=131 high=0  attempts=3  state=ON  metric=rpr
2026-10-07T16:56:55Z  OBSERVE  frontend->shippingservice  rpr=0.0000  low=131 high=0  attempts=3  state=ON  metric=rpr
2026-10-07T16:56:55Z  OBSERVE  checkoutservice->cartservice  rpr=0.0000  low=130 high=0  attempts=3  state=ON  metric=rpr
2026-10-07T16:56:55Z  OBSERVE  checkoutservice->currencyservice  rpr=0.0000  low=130 high=0  attempts=3  state=ON  metric=rpr
2026-10-07T16:56:55Z  OBSERVE  checkoutservice->emailservice  rpr=0.0000  low=129 high=0  attempts=3  state=ON  metric=rpr
2026-10-07T16:56:55Z  OBSERVE  checkoutservice->paymentservice  rpr=0.0000  low=130 high=0  attempts=3  state=ON  metric=rpr
2026-10-07T16:56:55Z  OBSERVE  checkoutservice->shippingservice  rpr=0.0000  low=130 high=0  attempts=3  state=ON  metric=rpr
2026-10-07T16:56:55Z  OBSERVE  recommendationservice->productcatalogservice  rpr=0.0000  low=131 high=0  attempts=3  state=ON  metric=rpr
2026-10-07T16:56:55Z  OBSERVE  recommendationservice  rejection=0.1751  low=0 high=60  state=OFF  metric=rejection
2026-10-07T16:56:57Z  OBSERVE  frontend->adservice  rpr=0.0000  low=131 high=0  attempts=3  state=ON  metric=rpr
2026-10-07T16:56:57Z  OBSERVE  frontend->cartservice  rpr=0.0000  low=133 high=0  attempts=3  state=ON  metric=rpr
2026-10-07T16:56:57Z  OBSERVE  frontend->checkoutservice  rpr=0.0000  low=90 high=0  attempts=3  state=ON  metric=rpr
2026-10-07T16:56:57Z  OBSERVE  frontend->currencyservice  rpr=0.0000  low=133 high=0  attempts=3  state=ON  metric=rpr
2026-10-07T16:56:57Z  OBSERVE  frontend->productcatalogservice  rpr=0.0000  low=132 high=0  attempts=3  state=ON  metric=rpr
2026-10-07T16:56:57Z  OBSERVE  frontend->shippingservice  rpr=0.0000  low=132 high=0  attempts=3  state=ON  metric=rpr
2026-10-07T16:56:57Z  OBSERVE  checkoutservice->cartservice  rpr=0.0000  low=131 high=0  attempts=3  state=ON  metric=rpr
2026-10-07T16:56:57Z  OBSERVE  checkoutservice->currencyservice  rpr=0.0000  low=131 high=0  attempts=3  state=ON  metric=rpr
2026-10-07T16:56:57Z  OBSERVE  checkoutservice->emailservice  rpr=0.0000  low=130 high=0  attempts=3  state=ON  metric=rpr
2026-10-07T16:56:57Z  OBSERVE  checkoutservice->paymentservice  rpr=0.0000  low=131 high=0  attempts=3  state=ON  metric=rpr
2026-10-07T16:56:57Z  OBSERVE  checkoutservice->shippingservice  rpr=0.0000  low=131 high=0  attempts=3  state=ON  metric=rpr
2026-10-07T16:56:57Z  OBSERVE  recommendationservice->productcatalogservice  rpr=0.0000  low=132 high=0  attempts=3  state=ON  metric=rpr
2026-10-07T16:56:57Z  OBSERVE  recommendationservice  rejection=0.1941  low=0 high=61  state=OFF  metric=rejection
2026-10-07T16:56:59Z  OBSERVE  frontend->adservice  rpr=0.0000  low=132 high=0  attempts=3  state=ON  metric=rpr
2026-10-07T16:56:59Z  OBSERVE  frontend->cartservice  rpr=0.0000  low=134 high=0  attempts=3  state=ON  metric=rpr
2026-10-07T16:56:59Z  OBSERVE  frontend->checkoutservice  rpr=0.0000  low=91 high=0  attempts=3  state=ON  metric=rpr
2026-10-07T16:56:59Z  OBSERVE  frontend->currencyservice  rpr=0.0000  low=134 high=0  attempts=3  state=ON  metric=rpr
2026-10-07T16:56:59Z  OBSERVE  frontend->productcatalogservice  rpr=0.0000  low=133 high=0  attempts=3  state=ON  metric=rpr
2026-10-07T16:56:59Z  OBSERVE  frontend->shippingservice  rpr=0.0000  low=133 high=0  attempts=3  state=ON  metric=rpr
2026-10-07T16:56:59Z  OBSERVE  checkoutservice->cartservice  rpr=0.0000  low=132 high=0  attempts=3  state=ON  metric=rpr
2026-10-07T16:56:59Z  OBSERVE  checkoutservice->currencyservice  rpr=0.0000  low=132 high=0  attempts=3  state=ON  metric=rpr
2026-10-07T16:56:59Z  OBSERVE  checkoutservice->emailservice  rpr=0.0000  low=131 high=0  attempts=3  state=ON  metric=rpr
2026-10-07T16:56:59Z  OBSERVE  checkoutservice->paymentservice  rpr=0.0000  low=132 high=0  attempts=3  state=ON  metric=rpr
2026-10-07T16:56:59Z  OBSERVE  checkoutservice->shippingservice  rpr=0.0000  low=132 high=0  attempts=3  state=ON  metric=rpr
2026-10-07T16:56:59Z  OBSERVE  recommendationservice->productcatalogservice  rpr=0.0000  low=133 high=0  attempts=3  state=ON  metric=rpr
2026-10-07T16:56:59Z  OBSERVE  recommendationservice  rejection=0.2068  low=0 high=62  state=OFF  metric=rejection
2026-10-07T16:57:01Z  OBSERVE  frontend->adservice  rpr=0.0000  low=133 high=0  attempts=3  state=ON  metric=rpr
2026-10-07T16:57:01Z  OBSERVE  frontend->cartservice  rpr=0.0000  low=135 high=0  attempts=3  state=ON  metric=rpr
2026-10-07T16:57:01Z  OBSERVE  frontend->checkoutservice  rpr=0.0000  low=92 high=0  attempts=3  state=ON  metric=rpr
2026-10-07T16:57:01Z  OBSERVE  frontend->currencyservice  rpr=0.0000  low=135 high=0  attempts=3  state=ON  metric=rpr
2026-10-07T16:57:01Z  OBSERVE  frontend->productcatalogservice  rpr=0.0000  low=134 high=0  attempts=3  state=ON  metric=rpr
2026-10-07T16:57:01Z  OBSERVE  frontend->shippingservice  rpr=0.0000  low=134 high=0  attempts=3  state=ON  metric=rpr
2026-10-07T16:57:01Z  OBSERVE  checkoutservice->cartservice  rpr=0.0000  low=133 high=0  attempts=3  state=ON  metric=rpr
2026-10-07T16:57:01Z  OBSERVE  checkoutservice->currencyservice  rpr=0.0000  low=133 high=0  attempts=3  state=ON  metric=rpr
2026-10-07T16:57:01Z  OBSERVE  checkoutservice->emailservice  rpr=0.0000  low=132 high=0  attempts=3  state=ON  metric=rpr
2026-10-07T16:57:01Z  OBSERVE  checkoutservice->paymentservice  rpr=0.0000  low=133 high=0  attempts=3  state=ON  metric=rpr
2026-10-07T16:57:01Z  OBSERVE  checkoutservice->shippingservice  rpr=0.0000  low=133 high=0  attempts=3  state=ON  metric=rpr
2026-10-07T16:57:01Z  OBSERVE  recommendationservice->productcatalogservice  rpr=0.0000  low=134 high=0  attempts=3  state=ON  metric=rpr
2026-10-07T16:57:01Z  OBSERVE  recommendationservice  rejection=0.2189  low=0 high=63  state=OFF  metric=rejection
2026-10-07T16:57:03Z  OBSERVE  frontend->adservice  rpr=0.0000  low=134 high=0  attempts=3  state=ON  metric=rpr
2026-10-07T16:57:03Z  OBSERVE  frontend->cartservice  rpr=0.0000  low=136 high=0  attempts=3  state=ON  metric=rpr
2026-10-07T16:57:03Z  OBSERVE  frontend->checkoutservice  rpr=0.0000  low=93 high=0  attempts=3  state=ON  metric=rpr
2026-10-07T16:57:03Z  OBSERVE  frontend->currencyservice  rpr=0.0000  low=136 high=0  attempts=3  state=ON  metric=rpr
2026-10-07T16:57:03Z  OBSERVE  frontend->productcatalogservice  rpr=0.0000  low=135 high=0  attempts=3  state=ON  metric=rpr
2026-10-07T16:57:03Z  OBSERVE  frontend->shippingservice  rpr=0.0000  low=135 high=0  attempts=3  state=ON  metric=rpr
2026-10-07T16:57:03Z  OBSERVE  checkoutservice->cartservice  rpr=0.0000  low=134 high=0  attempts=3  state=ON  metric=rpr
2026-10-07T16:57:03Z  OBSERVE  checkoutservice->currencyservice  rpr=0.0000  low=134 high=0  attempts=3  state=ON  metric=rpr
2026-10-07T16:57:03Z  OBSERVE  checkoutservice->emailservice  rpr=0.0000  low=133 high=0  attempts=3  state=ON  metric=rpr
2026-10-07T16:57:03Z  OBSERVE  checkoutservice->paymentservice  rpr=0.0000  low=134 high=0  attempts=3  state=ON  metric=rpr
2026-10-07T16:57:03Z  OBSERVE  checkoutservice->shippingservice  rpr=0.0000  low=134 high=0  attempts=3  state=ON  metric=rpr
2026-10-07T16:57:03Z  OBSERVE  recommendationservice->productcatalogservice  rpr=0.0000  low=135 high=0  attempts=3  state=ON  metric=rpr
2026-10-07T16:57:03Z  OBSERVE  recommendationservice  rejection=0.2458  low=0 high=64  state=OFF  metric=rejection
2026-10-07T16:57:05Z  OBSERVE  frontend->adservice  rpr=0.0000  low=135 high=0  attempts=3  state=ON  metric=rpr
2026-10-07T16:57:05Z  OBSERVE  frontend->cartservice  rpr=0.0000  low=137 high=0  attempts=3  state=ON  metric=rpr
2026-10-07T16:57:05Z  OBSERVE  frontend->checkoutservice  rpr=0.0000  low=94 high=0  attempts=3  state=ON  metric=rpr
2026-10-07T16:57:05Z  OBSERVE  frontend->currencyservice  rpr=0.0000  low=137 high=0  attempts=3  state=ON  metric=rpr
2026-10-07T16:57:05Z  OBSERVE  frontend->productcatalogservice  rpr=0.0000  low=136 high=0  attempts=3  state=ON  metric=rpr
2026-10-07T16:57:05Z  OBSERVE  frontend->shippingservice  rpr=0.0000  low=136 high=0  attempts=3  state=ON  metric=rpr
2026-10-07T16:57:05Z  OBSERVE  checkoutservice->cartservice  rpr=0.0000  low=135 high=0  attempts=3  state=ON  metric=rpr
2026-10-07T16:57:05Z  OBSERVE  checkoutservice->currencyservice  rpr=0.0000  low=135 high=0  attempts=3  state=ON  metric=rpr
2026-10-07T16:57:05Z  OBSERVE  checkoutservice->emailservice  rpr=0.0000  low=134 high=0  attempts=3  state=ON  metric=rpr
2026-10-07T16:57:05Z  OBSERVE  checkoutservice->paymentservice  rpr=0.0000  low=135 high=0  attempts=3  state=ON  metric=rpr
2026-10-07T16:57:05Z  OBSERVE  checkoutservice->shippingservice  rpr=0.0000  low=135 high=0  attempts=3  state=ON  metric=rpr
2026-10-07T16:57:05Z  OBSERVE  recommendationservice->productcatalogservice  rpr=0.0000  low=136 high=0  attempts=3  state=ON  metric=rpr
2026-10-07T16:57:05Z  OBSERVE  recommendationservice  rejection=0.1927  low=0 high=65  state=OFF  metric=rejection
2026-10-07T16:57:07Z  OBSERVE  frontend->adservice  rpr=0.0000  low=136 high=0  attempts=3  state=ON  metric=rpr
2026-10-07T16:57:07Z  OBSERVE  frontend->cartservice  rpr=0.0000  low=138 high=0  attempts=3  state=ON  metric=rpr
2026-10-07T16:57:07Z  OBSERVE  frontend->checkoutservice  rpr=0.0000  low=95 high=0  attempts=3  state=ON  metric=rpr
2026-10-07T16:57:07Z  OBSERVE  frontend->currencyservice  rpr=0.0000  low=138 high=0  attempts=3  state=ON  metric=rpr
2026-10-07T16:57:07Z  OBSERVE  frontend->productcatalogservice  rpr=0.0000  low=137 high=0  attempts=3  state=ON  metric=rpr
2026-10-07T16:57:07Z  OBSERVE  frontend->shippingservice  rpr=0.0000  low=137 high=0  attempts=3  state=ON  metric=rpr
2026-10-07T16:57:07Z  OBSERVE  checkoutservice->cartservice  rpr=0.0000  low=136 high=0  attempts=3  state=ON  metric=rpr
2026-10-07T16:57:07Z  OBSERVE  checkoutservice->currencyservice  rpr=0.0000  low=136 high=0  attempts=3  state=ON  metric=rpr
2026-10-07T16:57:07Z  OBSERVE  checkoutservice->emailservice  rpr=0.0000  low=135 high=0  attempts=3  state=ON  metric=rpr
2026-10-07T16:57:07Z  OBSERVE  checkoutservice->paymentservice  rpr=0.0000  low=136 high=0  attempts=3  state=ON  metric=rpr
2026-10-07T16:57:07Z  OBSERVE  checkoutservice->shippingservice  rpr=0.0000  low=136 high=0  attempts=3  state=ON  metric=rpr
2026-10-07T16:57:07Z  OBSERVE  recommendationservice->productcatalogservice  rpr=0.0000  low=137 high=0  attempts=3  state=ON  metric=rpr
2026-10-07T16:57:07Z  OBSERVE  recommendationservice  rejection=0.2099  low=0 high=66  state=OFF  metric=rejection
2026-10-07T16:57:09Z  OBSERVE  frontend->adservice  rpr=0.0000  low=137 high=0  attempts=3  state=ON  metric=rpr
2026-10-07T16:57:09Z  OBSERVE  frontend->cartservice  rpr=0.0000  low=139 high=0  attempts=3  state=ON  metric=rpr
2026-10-07T16:57:09Z  OBSERVE  frontend->checkoutservice  rpr=0.0000  low=96 high=0  attempts=3  state=ON  metric=rpr
2026-10-07T16:57:09Z  OBSERVE  frontend->currencyservice  rpr=0.0000  low=139 high=0  attempts=3  state=ON  metric=rpr
2026-10-07T16:57:09Z  OBSERVE  frontend->productcatalogservice  rpr=0.0000  low=138 high=0  attempts=3  state=ON  metric=rpr
2026-10-07T16:57:09Z  OBSERVE  frontend->shippingservice  rpr=0.0000  low=138 high=0  attempts=3  state=ON  metric=rpr
2026-10-07T16:57:09Z  OBSERVE  checkoutservice->cartservice  rpr=0.0000  low=137 high=0  attempts=3  state=ON  metric=rpr
2026-10-07T16:57:09Z  OBSERVE  checkoutservice->currencyservice  rpr=0.0000  low=137 high=0  attempts=3  state=ON  metric=rpr
2026-10-07T16:57:09Z  OBSERVE  checkoutservice->emailservice  rpr=0.0000  low=136 high=0  attempts=3  state=ON  metric=rpr
2026-10-07T16:57:09Z  OBSERVE  checkoutservice->paymentservice  rpr=0.0000  low=137 high=0  attempts=3  state=ON  metric=rpr
2026-10-07T16:57:09Z  OBSERVE  checkoutservice->shippingservice  rpr=0.0000  low=137 high=0  attempts=3  state=ON  metric=rpr
2026-10-07T16:57:09Z  OBSERVE  recommendationservice->productcatalogservice  rpr=0.0000  low=138 high=0  attempts=3  state=ON  metric=rpr
2026-10-07T16:57:09Z  OBSERVE  recommendationservice  rejection=0.1661  low=0 high=67  state=OFF  metric=rejection
2026-10-07T16:57:11Z  OBSERVE  frontend->adservice  rpr=0.0000  low=138 high=0  attempts=3  state=ON  metric=rpr
2026-10-07T16:57:11Z  OBSERVE  frontend->cartservice  rpr=0.0000  low=140 high=0  attempts=3  state=ON  metric=rpr
2026-10-07T16:57:11Z  OBSERVE  frontend->checkoutservice  rpr=0.0000  low=97 high=0  attempts=3  state=ON  metric=rpr
2026-10-07T16:57:11Z  OBSERVE  frontend->currencyservice  rpr=0.0000  low=140 high=0  attempts=3  state=ON  metric=rpr
2026-10-07T16:57:11Z  OBSERVE  frontend->productcatalogservice  rpr=0.0000  low=139 high=0  attempts=3  state=ON  metric=rpr
2026-10-07T16:57:11Z  OBSERVE  frontend->shippingservice  rpr=0.0000  low=139 high=0  attempts=3  state=ON  metric=rpr
2026-10-07T16:57:11Z  OBSERVE  checkoutservice->cartservice  rpr=0.0000  low=138 high=0  attempts=3  state=ON  metric=rpr
2026-10-07T16:57:11Z  OBSERVE  checkoutservice->currencyservice  rpr=0.0000  low=138 high=0  attempts=3  state=ON  metric=rpr
2026-10-07T16:57:11Z  OBSERVE  checkoutservice->emailservice  rpr=0.0000  low=137 high=0  attempts=3  state=ON  metric=rpr
2026-10-07T16:57:11Z  OBSERVE  checkoutservice->paymentservice  rpr=0.0000  low=138 high=0  attempts=3  state=ON  metric=rpr
2026-10-07T16:57:11Z  OBSERVE  checkoutservice->shippingservice  rpr=0.0000  low=138 high=0  attempts=3  state=ON  metric=rpr
2026-10-07T16:57:11Z  OBSERVE  recommendationservice->productcatalogservice  rpr=0.0000  low=139 high=0  attempts=3  state=ON  metric=rpr
2026-10-07T16:57:11Z  OBSERVE  recommendationservice  rejection=0.1769  low=0 high=68  state=OFF  metric=rejection
2026-10-07T16:57:13Z  OBSERVE  frontend->adservice  rpr=0.0000  low=139 high=0  attempts=3  state=ON  metric=rpr
2026-10-07T16:57:13Z  OBSERVE  frontend->cartservice  rpr=0.0000  low=141 high=0  attempts=3  state=ON  metric=rpr
2026-10-07T16:57:13Z  OBSERVE  frontend->checkoutservice  rpr=0.0000  low=98 high=0  attempts=3  state=ON  metric=rpr
2026-10-07T16:57:13Z  OBSERVE  frontend->currencyservice  rpr=0.0000  low=141 high=0  attempts=3  state=ON  metric=rpr
2026-10-07T16:57:13Z  OBSERVE  frontend->productcatalogservice  rpr=0.0000  low=140 high=0  attempts=3  state=ON  metric=rpr
2026-10-07T16:57:13Z  OBSERVE  frontend->shippingservice  rpr=0.0000  low=140 high=0  attempts=3  state=ON  metric=rpr
2026-10-07T16:57:13Z  OBSERVE  checkoutservice->cartservice  rpr=0.0000  low=139 high=0  attempts=3  state=ON  metric=rpr
2026-10-07T16:57:13Z  OBSERVE  checkoutservice->currencyservice  rpr=0.0000  low=139 high=0  attempts=3  state=ON  metric=rpr
2026-10-07T16:57:13Z  OBSERVE  checkoutservice->emailservice  rpr=0.0000  low=138 high=0  attempts=3  state=ON  metric=rpr
2026-10-07T16:57:13Z  OBSERVE  checkoutservice->paymentservice  rpr=0.0000  low=139 high=0  attempts=3  state=ON  metric=rpr
2026-10-07T16:57:13Z  OBSERVE  checkoutservice->shippingservice  rpr=0.0000  low=139 high=0  attempts=3  state=ON  metric=rpr
2026-10-07T16:57:13Z  OBSERVE  recommendationservice->productcatalogservice  rpr=0.0000  low=140 high=0  attempts=3  state=ON  metric=rpr
2026-10-07T16:57:13Z  OBSERVE  recommendationservice  rejection=0.2038  low=0 high=69  state=OFF  metric=rejection
2026-10-07T16:57:15Z  OBSERVE  frontend->adservice  rpr=0.0000  low=140 high=0  attempts=3  state=ON  metric=rpr
2026-10-07T16:57:15Z  OBSERVE  frontend->cartservice  rpr=0.0000  low=142 high=0  attempts=3  state=ON  metric=rpr
2026-10-07T16:57:15Z  OBSERVE  frontend->checkoutservice  rpr=0.0000  low=99 high=0  attempts=3  state=ON  metric=rpr
2026-10-07T16:57:15Z  OBSERVE  frontend->currencyservice  rpr=0.0000  low=142 high=0  attempts=3  state=ON  metric=rpr
2026-10-07T16:57:15Z  OBSERVE  frontend->productcatalogservice  rpr=0.0000  low=141 high=0  attempts=3  state=ON  metric=rpr
2026-10-07T16:57:15Z  OBSERVE  frontend->shippingservice  rpr=0.0000  low=141 high=0  attempts=3  state=ON  metric=rpr
2026-10-07T16:57:15Z  OBSERVE  checkoutservice->cartservice  rpr=0.0000  low=140 high=0  attempts=3  state=ON  metric=rpr
2026-10-07T16:57:15Z  OBSERVE  checkoutservice->currencyservice  rpr=0.0000  low=140 high=0  attempts=3  state=ON  metric=rpr
2026-10-07T16:57:15Z  OBSERVE  checkoutservice->emailservice  rpr=0.0000  low=139 high=0  attempts=3  state=ON  metric=rpr
2026-10-07T16:57:15Z  OBSERVE  checkoutservice->paymentservice  rpr=0.0000  low=140 high=0  attempts=3  state=ON  metric=rpr
2026-10-07T16:57:15Z  OBSERVE  checkoutservice->shippingservice  rpr=0.0000  low=140 high=0  attempts=3  state=ON  metric=rpr
2026-10-07T16:57:15Z  OBSERVE  recommendationservice->productcatalogservice  rpr=0.0000  low=141 high=0  attempts=3  state=ON  metric=rpr
2026-10-07T16:57:15Z  OBSERVE  recommendationservice  rejection=0.1820  low=0 high=70  state=OFF  metric=rejection
2026-10-07T16:57:17Z  OBSERVE  frontend->adservice  rpr=0.0000  low=141 high=0  attempts=3  state=ON  metric=rpr
2026-10-07T16:57:17Z  OBSERVE  frontend->cartservice  rpr=0.0000  low=143 high=0  attempts=3  state=ON  metric=rpr
2026-10-07T16:57:17Z  OBSERVE  frontend->checkoutservice  rpr=0.0000  low=100 high=0  attempts=3  state=ON  metric=rpr
2026-10-07T16:57:17Z  OBSERVE  frontend->currencyservice  rpr=0.0000  low=143 high=0  attempts=3  state=ON  metric=rpr
2026-10-07T16:57:17Z  OBSERVE  frontend->productcatalogservice  rpr=0.0000  low=142 high=0  attempts=3  state=ON  metric=rpr
2026-10-07T16:57:17Z  OBSERVE  frontend->shippingservice  rpr=0.0000  low=142 high=0  attempts=3  state=ON  metric=rpr
2026-10-07T16:57:17Z  OBSERVE  checkoutservice->cartservice  rpr=0.0000  low=141 high=0  attempts=3  state=ON  metric=rpr
2026-10-07T16:57:17Z  OBSERVE  checkoutservice->currencyservice  rpr=0.0000  low=141 high=0  attempts=3  state=ON  metric=rpr
2026-10-07T16:57:17Z  OBSERVE  checkoutservice->emailservice  rpr=0.0000  low=140 high=0  attempts=3  state=ON  metric=rpr
2026-10-07T16:57:17Z  OBSERVE  checkoutservice->paymentservice  rpr=0.0000  low=141 high=0  attempts=3  state=ON  metric=rpr
2026-10-07T16:57:17Z  OBSERVE  checkoutservice->shippingservice  rpr=0.0000  low=141 high=0  attempts=3  state=ON  metric=rpr
2026-10-07T16:57:17Z  OBSERVE  recommendationservice->productcatalogservice  rpr=0.0000  low=142 high=0  attempts=3  state=ON  metric=rpr
2026-10-07T16:57:17Z  OBSERVE  recommendationservice  rejection=0.1901  low=0 high=71  state=OFF  metric=rejection
2026-10-07T16:57:19Z  OBSERVE  frontend->adservice  rpr=0.0000  low=142 high=0  attempts=3  state=ON  metric=rpr
2026-10-07T16:57:19Z  OBSERVE  frontend->cartservice  rpr=0.0000  low=144 high=0  attempts=3  state=ON  metric=rpr
2026-10-07T16:57:19Z  OBSERVE  frontend->checkoutservice  rpr=0.0000  low=101 high=0  attempts=3  state=ON  metric=rpr
2026-10-07T16:57:19Z  OBSERVE  frontend->currencyservice  rpr=0.0000  low=144 high=0  attempts=3  state=ON  metric=rpr
2026-10-07T16:57:19Z  OBSERVE  frontend->productcatalogservice  rpr=0.0000  low=143 high=0  attempts=3  state=ON  metric=rpr
2026-10-07T16:57:19Z  OBSERVE  frontend->shippingservice  rpr=0.0000  low=143 high=0  attempts=3  state=ON  metric=rpr
2026-10-07T16:57:19Z  OBSERVE  checkoutservice->cartservice  rpr=0.0000  low=142 high=0  attempts=3  state=ON  metric=rpr
2026-10-07T16:57:19Z  OBSERVE  checkoutservice->currencyservice  rpr=0.0000  low=142 high=0  attempts=3  state=ON  metric=rpr
2026-10-07T16:57:19Z  OBSERVE  checkoutservice->emailservice  rpr=0.0000  low=141 high=0  attempts=3  state=ON  metric=rpr
2026-10-07T16:57:19Z  OBSERVE  checkoutservice->paymentservice  rpr=0.0000  low=142 high=0  attempts=3  state=ON  metric=rpr
2026-10-07T16:57:19Z  OBSERVE  checkoutservice->shippingservice  rpr=0.0000  low=142 high=0  attempts=3  state=ON  metric=rpr
2026-10-07T16:57:19Z  OBSERVE  recommendationservice->productcatalogservice  rpr=0.0000  low=143 high=0  attempts=3  state=ON  metric=rpr
2026-10-07T16:57:19Z  OBSERVE  recommendationservice  rejection=0.2514  low=0 high=72  state=OFF  metric=rejection
2026-10-07T16:57:21Z  OBSERVE  frontend->adservice  rpr=0.0000  low=143 high=0  attempts=3  state=ON  metric=rpr
2026-10-07T16:57:21Z  OBSERVE  frontend->cartservice  rpr=0.0000  low=145 high=0  attempts=3  state=ON  metric=rpr
2026-10-07T16:57:21Z  OBSERVE  frontend->checkoutservice  rpr=0.0000  low=102 high=0  attempts=3  state=ON  metric=rpr
2026-10-07T16:57:21Z  OBSERVE  frontend->currencyservice  rpr=0.0000  low=145 high=0  attempts=3  state=ON  metric=rpr
2026-10-07T16:57:21Z  OBSERVE  frontend->productcatalogservice  rpr=0.0000  low=144 high=0  attempts=3  state=ON  metric=rpr
2026-10-07T16:57:21Z  OBSERVE  frontend->shippingservice  rpr=0.0000  low=144 high=0  attempts=3  state=ON  metric=rpr
2026-10-07T16:57:21Z  OBSERVE  checkoutservice->cartservice  rpr=0.0000  low=143 high=0  attempts=3  state=ON  metric=rpr
2026-10-07T16:57:21Z  OBSERVE  checkoutservice->currencyservice  rpr=0.0000  low=143 high=0  attempts=3  state=ON  metric=rpr
2026-10-07T16:57:21Z  OBSERVE  checkoutservice->emailservice  rpr=0.0000  low=142 high=0  attempts=3  state=ON  metric=rpr
2026-10-07T16:57:21Z  OBSERVE  checkoutservice->paymentservice  rpr=0.0000  low=143 high=0  attempts=3  state=ON  metric=rpr
2026-10-07T16:57:21Z  OBSERVE  checkoutservice->shippingservice  rpr=0.0000  low=143 high=0  attempts=3  state=ON  metric=rpr
2026-10-07T16:57:21Z  OBSERVE  recommendationservice->productcatalogservice  rpr=0.0000  low=144 high=0  attempts=3  state=ON  metric=rpr
2026-10-07T16:57:21Z  OBSERVE  recommendationservice  rejection=0.1805  low=0 high=73  state=OFF  metric=rejection
2026-10-07T16:57:23Z  OBSERVE  frontend->adservice  rpr=0.0000  low=144 high=0  attempts=3  state=ON  metric=rpr
2026-10-07T16:57:23Z  OBSERVE  frontend->cartservice  rpr=0.0000  low=146 high=0  attempts=3  state=ON  metric=rpr
2026-10-07T16:57:23Z  OBSERVE  frontend->checkoutservice  rpr=0.0093  low=103 high=0  attempts=3  state=ON  metric=rpr
2026-10-07T16:57:23Z  OBSERVE  frontend->currencyservice  rpr=0.0000  low=146 high=0  attempts=3  state=ON  metric=rpr
2026-10-07T16:57:23Z  OBSERVE  frontend->productcatalogservice  rpr=0.0000  low=145 high=0  attempts=3  state=ON  metric=rpr
2026-10-07T16:57:23Z  OBSERVE  frontend->shippingservice  rpr=0.0000  low=145 high=0  attempts=3  state=ON  metric=rpr
2026-10-07T16:57:23Z  OBSERVE  checkoutservice->cartservice  rpr=0.0000  low=144 high=0  attempts=3  state=ON  metric=rpr
2026-10-07T16:57:23Z  OBSERVE  checkoutservice->currencyservice  rpr=0.0000  low=144 high=0  attempts=3  state=ON  metric=rpr
2026-10-07T16:57:23Z  OBSERVE  checkoutservice->emailservice  rpr=0.0000  low=143 high=0  attempts=3  state=ON  metric=rpr
2026-10-07T16:57:23Z  OBSERVE  checkoutservice->paymentservice  rpr=0.0000  low=144 high=0  attempts=3  state=ON  metric=rpr
2026-10-07T16:57:23Z  OBSERVE  checkoutservice->shippingservice  rpr=0.0000  low=144 high=0  attempts=3  state=ON  metric=rpr
2026-10-07T16:57:23Z  OBSERVE  recommendationservice->productcatalogservice  rpr=0.0000  low=145 high=0  attempts=3  state=ON  metric=rpr
2026-10-07T16:57:23Z  OBSERVE  recommendationservice  rejection=0.2307  low=0 high=74  state=OFF  metric=rejection
2026-10-07T16:57:25Z  OBSERVE  frontend->adservice  rpr=0.0000  low=145 high=0  attempts=3  state=ON  metric=rpr
2026-10-07T16:57:25Z  OBSERVE  frontend->cartservice  rpr=0.0000  low=147 high=0  attempts=3  state=ON  metric=rpr
2026-10-07T16:57:25Z  OBSERVE  frontend->checkoutservice  rpr=0.0000  low=104 high=0  attempts=3  state=ON  metric=rpr
2026-10-07T16:57:25Z  OBSERVE  frontend->currencyservice  rpr=0.0000  low=147 high=0  attempts=3  state=ON  metric=rpr
2026-10-07T16:57:25Z  OBSERVE  frontend->productcatalogservice  rpr=0.0000  low=146 high=0  attempts=3  state=ON  metric=rpr
2026-10-07T16:57:25Z  OBSERVE  frontend->shippingservice  rpr=0.0000  low=146 high=0  attempts=3  state=ON  metric=rpr
2026-10-07T16:57:25Z  OBSERVE  checkoutservice->cartservice  rpr=0.0000  low=145 high=0  attempts=3  state=ON  metric=rpr
2026-10-07T16:57:25Z  OBSERVE  checkoutservice->currencyservice  rpr=0.0000  low=145 high=0  attempts=3  state=ON  metric=rpr
2026-10-07T16:57:25Z  OBSERVE  checkoutservice->emailservice  rpr=0.0000  low=144 high=0  attempts=3  state=ON  metric=rpr
2026-10-07T16:57:25Z  OBSERVE  checkoutservice->paymentservice  rpr=0.0000  low=145 high=0  attempts=3  state=ON  metric=rpr
2026-10-07T16:57:25Z  OBSERVE  checkoutservice->shippingservice  rpr=0.0000  low=145 high=0  attempts=3  state=ON  metric=rpr
2026-10-07T16:57:25Z  OBSERVE  recommendationservice->productcatalogservice  rpr=0.0000  low=146 high=0  attempts=3  state=ON  metric=rpr
2026-10-07T16:57:25Z  OBSERVE  recommendationservice  rejection=0.2077  low=0 high=75  state=OFF  metric=rejection
2026-10-07T16:57:27Z  OBSERVE  frontend->adservice  rpr=0.0000  low=146 high=0  attempts=3  state=ON  metric=rpr
2026-10-07T16:57:27Z  OBSERVE  frontend->cartservice  rpr=0.0000  low=148 high=0  attempts=3  state=ON  metric=rpr
2026-10-07T16:57:27Z  OBSERVE  frontend->checkoutservice  rpr=0.0000  low=105 high=0  attempts=3  state=ON  metric=rpr
2026-10-07T16:57:27Z  OBSERVE  frontend->currencyservice  rpr=0.0000  low=148 high=0  attempts=3  state=ON  metric=rpr
2026-10-07T16:57:27Z  OBSERVE  frontend->productcatalogservice  rpr=0.0000  low=147 high=0  attempts=3  state=ON  metric=rpr
2026-10-07T16:57:27Z  OBSERVE  frontend->shippingservice  rpr=0.0000  low=147 high=0  attempts=3  state=ON  metric=rpr
2026-10-07T16:57:27Z  OBSERVE  checkoutservice->cartservice  rpr=0.0000  low=146 high=0  attempts=3  state=ON  metric=rpr
2026-10-07T16:57:27Z  OBSERVE  checkoutservice->currencyservice  rpr=0.0000  low=146 high=0  attempts=3  state=ON  metric=rpr
2026-10-07T16:57:27Z  OBSERVE  checkoutservice->emailservice  rpr=0.0000  low=145 high=0  attempts=3  state=ON  metric=rpr
2026-10-07T16:57:27Z  OBSERVE  checkoutservice->paymentservice  rpr=0.0000  low=146 high=0  attempts=3  state=ON  metric=rpr
2026-10-07T16:57:27Z  OBSERVE  checkoutservice->shippingservice  rpr=0.0000  low=146 high=0  attempts=3  state=ON  metric=rpr
2026-10-07T16:57:27Z  OBSERVE  recommendationservice->productcatalogservice  rpr=0.0000  low=147 high=0  attempts=3  state=ON  metric=rpr
2026-10-07T16:57:27Z  OBSERVE  recommendationservice  rejection=0.2493  low=0 high=76  state=OFF  metric=rejection
2026-10-07T16:57:29Z  OBSERVE  frontend->adservice  rpr=0.0000  low=147 high=0  attempts=3  state=ON  metric=rpr
2026-10-07T16:57:29Z  OBSERVE  frontend->cartservice  rpr=0.0000  low=149 high=0  attempts=3  state=ON  metric=rpr
2026-10-07T16:57:29Z  OBSERVE  frontend->checkoutservice  rpr=0.0000  low=106 high=0  attempts=3  state=ON  metric=rpr
2026-10-07T16:57:29Z  OBSERVE  frontend->currencyservice  rpr=0.0000  low=149 high=0  attempts=3  state=ON  metric=rpr
2026-10-07T16:57:29Z  OBSERVE  frontend->productcatalogservice  rpr=0.0000  low=148 high=0  attempts=3  state=ON  metric=rpr
2026-10-07T16:57:29Z  OBSERVE  frontend->shippingservice  rpr=0.0000  low=148 high=0  attempts=3  state=ON  metric=rpr
2026-10-07T16:57:29Z  OBSERVE  checkoutservice->cartservice  rpr=0.0000  low=147 high=0  attempts=3  state=ON  metric=rpr
2026-10-07T16:57:29Z  OBSERVE  checkoutservice->currencyservice  rpr=0.0000  low=147 high=0  attempts=3  state=ON  metric=rpr
2026-10-07T16:57:29Z  OBSERVE  checkoutservice->emailservice  rpr=0.0000  low=146 high=0  attempts=3  state=ON  metric=rpr
2026-10-07T16:57:29Z  OBSERVE  checkoutservice->paymentservice  rpr=0.0000  low=147 high=0  attempts=3  state=ON  metric=rpr
2026-10-07T16:57:29Z  OBSERVE  checkoutservice->shippingservice  rpr=0.0000  low=147 high=0  attempts=3  state=ON  metric=rpr
2026-10-07T16:57:29Z  OBSERVE  recommendationservice->productcatalogservice  rpr=0.0000  low=148 high=0  attempts=3  state=ON  metric=rpr
2026-10-07T16:57:29Z  OBSERVE  recommendationservice  rejection=0.2477  low=0 high=77  state=OFF  metric=rejection
2026-10-07T16:57:31Z  OBSERVE  frontend->adservice  rpr=0.0000  low=148 high=0  attempts=3  state=ON  metric=rpr
2026-10-07T16:57:31Z  OBSERVE  frontend->cartservice  rpr=0.0000  low=150 high=0  attempts=3  state=ON  metric=rpr
2026-10-07T16:57:31Z  OBSERVE  frontend->checkoutservice  rpr=0.0000  low=107 high=0  attempts=3  state=ON  metric=rpr
2026-10-07T16:57:31Z  OBSERVE  frontend->currencyservice  rpr=0.0000  low=150 high=0  attempts=3  state=ON  metric=rpr
2026-10-07T16:57:31Z  OBSERVE  frontend->productcatalogservice  rpr=0.0000  low=149 high=0  attempts=3  state=ON  metric=rpr
2026-10-07T16:57:31Z  OBSERVE  frontend->shippingservice  rpr=0.0000  low=149 high=0  attempts=3  state=ON  metric=rpr
2026-10-07T16:57:31Z  OBSERVE  checkoutservice->cartservice  rpr=0.0000  low=148 high=0  attempts=3  state=ON  metric=rpr
2026-10-07T16:57:31Z  OBSERVE  checkoutservice->currencyservice  rpr=0.0000  low=148 high=0  attempts=3  state=ON  metric=rpr
2026-10-07T16:57:31Z  OBSERVE  checkoutservice->emailservice  rpr=0.0000  low=147 high=0  attempts=3  state=ON  metric=rpr
2026-10-07T16:57:31Z  OBSERVE  checkoutservice->paymentservice  rpr=0.0000  low=148 high=0  attempts=3  state=ON  metric=rpr
2026-10-07T16:57:31Z  OBSERVE  checkoutservice->shippingservice  rpr=0.0000  low=148 high=0  attempts=3  state=ON  metric=rpr
2026-10-07T16:57:31Z  OBSERVE  recommendationservice->productcatalogservice  rpr=0.0000  low=149 high=0  attempts=3  state=ON  metric=rpr
2026-10-07T16:57:31Z  OBSERVE  recommendationservice  rejection=0.1755  low=0 high=78  state=OFF  metric=rejection
2026-10-07T16:57:33Z  OBSERVE  frontend->adservice  rpr=0.0000  low=149 high=0  attempts=3  state=ON  metric=rpr
2026-10-07T16:57:33Z  OBSERVE  frontend->cartservice  rpr=0.0000  low=151 high=0  attempts=3  state=ON  metric=rpr
2026-10-07T16:57:33Z  OBSERVE  frontend->checkoutservice  rpr=0.0182  low=108 high=0  attempts=3  state=ON  metric=rpr
2026-10-07T16:57:33Z  OBSERVE  frontend->currencyservice  rpr=0.0000  low=151 high=0  attempts=3  state=ON  metric=rpr
2026-10-07T16:57:33Z  OBSERVE  frontend->productcatalogservice  rpr=0.0000  low=150 high=0  attempts=3  state=ON  metric=rpr
2026-10-07T16:57:33Z  OBSERVE  frontend->shippingservice  rpr=0.0000  low=150 high=0  attempts=3  state=ON  metric=rpr
2026-10-07T16:57:33Z  OBSERVE  checkoutservice->cartservice  rpr=0.0000  low=149 high=0  attempts=3  state=ON  metric=rpr
2026-10-07T16:57:33Z  OBSERVE  checkoutservice->currencyservice  rpr=0.0000  low=149 high=0  attempts=3  state=ON  metric=rpr
2026-10-07T16:57:33Z  OBSERVE  checkoutservice->emailservice  rpr=0.0000  low=148 high=0  attempts=3  state=ON  metric=rpr
2026-10-07T16:57:33Z  OBSERVE  checkoutservice->paymentservice  rpr=0.0000  low=149 high=0  attempts=3  state=ON  metric=rpr
2026-10-07T16:57:33Z  OBSERVE  checkoutservice->shippingservice  rpr=0.0000  low=149 high=0  attempts=3  state=ON  metric=rpr
2026-10-07T16:57:33Z  OBSERVE  recommendationservice->productcatalogservice  rpr=0.0000  low=150 high=0  attempts=3  state=ON  metric=rpr
2026-10-07T16:57:33Z  OBSERVE  recommendationservice  rejection=0.2467  low=0 high=79  state=OFF  metric=rejection
2026-10-07T16:57:35Z  OBSERVE  frontend->adservice  rpr=0.0000  low=150 high=0  attempts=3  state=ON  metric=rpr
2026-10-07T16:57:35Z  OBSERVE  frontend->cartservice  rpr=0.0000  low=152 high=0  attempts=3  state=ON  metric=rpr
2026-10-07T16:57:35Z  OBSERVE  frontend->checkoutservice  rpr=0.0000  low=109 high=0  attempts=3  state=ON  metric=rpr
2026-10-07T16:57:35Z  OBSERVE  frontend->currencyservice  rpr=0.0000  low=152 high=0  attempts=3  state=ON  metric=rpr
2026-10-07T16:57:35Z  OBSERVE  frontend->productcatalogservice  rpr=0.0000  low=151 high=0  attempts=3  state=ON  metric=rpr
2026-10-07T16:57:35Z  OBSERVE  frontend->shippingservice  rpr=0.0000  low=151 high=0  attempts=3  state=ON  metric=rpr
2026-10-07T16:57:35Z  OBSERVE  checkoutservice->cartservice  rpr=0.0000  low=150 high=0  attempts=3  state=ON  metric=rpr
2026-10-07T16:57:35Z  OBSERVE  checkoutservice->currencyservice  rpr=0.0000  low=150 high=0  attempts=3  state=ON  metric=rpr
2026-10-07T16:57:35Z  OBSERVE  checkoutservice->emailservice  rpr=0.0000  low=149 high=0  attempts=3  state=ON  metric=rpr
2026-10-07T16:57:35Z  OBSERVE  checkoutservice->paymentservice  rpr=0.0000  low=150 high=0  attempts=3  state=ON  metric=rpr
2026-10-07T16:57:35Z  OBSERVE  checkoutservice->shippingservice  rpr=0.0000  low=150 high=0  attempts=3  state=ON  metric=rpr
2026-10-07T16:57:35Z  OBSERVE  recommendationservice->productcatalogservice  rpr=0.0000  low=151 high=0  attempts=3  state=ON  metric=rpr
2026-10-07T16:57:35Z  OBSERVE  recommendationservice  rejection=0.2428  low=0 high=80  state=OFF  metric=rejection
2026-10-07T16:57:37Z  OBSERVE  frontend->adservice  rpr=0.0000  low=151 high=0  attempts=3  state=ON  metric=rpr
2026-10-07T16:57:37Z  OBSERVE  frontend->cartservice  rpr=0.0000  low=153 high=0  attempts=3  state=ON  metric=rpr
2026-10-07T16:57:37Z  OBSERVE  frontend->checkoutservice  rpr=0.0000  low=110 high=0  attempts=3  state=ON  metric=rpr
2026-10-07T16:57:37Z  OBSERVE  frontend->currencyservice  rpr=0.0000  low=153 high=0  attempts=3  state=ON  metric=rpr
2026-10-07T16:57:37Z  OBSERVE  frontend->productcatalogservice  rpr=0.0000  low=152 high=0  attempts=3  state=ON  metric=rpr
2026-10-07T16:57:37Z  OBSERVE  frontend->shippingservice  rpr=0.0000  low=152 high=0  attempts=3  state=ON  metric=rpr
2026-10-07T16:57:37Z  OBSERVE  checkoutservice->cartservice  rpr=0.0000  low=151 high=0  attempts=3  state=ON  metric=rpr
2026-10-07T16:57:37Z  OBSERVE  checkoutservice->currencyservice  rpr=0.0000  low=151 high=0  attempts=3  state=ON  metric=rpr
2026-10-07T16:57:37Z  OBSERVE  checkoutservice->emailservice  rpr=0.0000  low=150 high=0  attempts=3  state=ON  metric=rpr
2026-10-07T16:57:37Z  OBSERVE  checkoutservice->paymentservice  rpr=0.0000  low=151 high=0  attempts=3  state=ON  metric=rpr
2026-10-07T16:57:37Z  OBSERVE  checkoutservice->shippingservice  rpr=0.0000  low=151 high=0  attempts=3  state=ON  metric=rpr
2026-10-07T16:57:37Z  OBSERVE  recommendationservice->productcatalogservice  rpr=0.0000  low=152 high=0  attempts=3  state=ON  metric=rpr
2026-10-07T16:57:37Z  OBSERVE  recommendationservice  rejection=0.1657  low=0 high=81  state=OFF  metric=rejection
2026-10-07T16:57:39Z  OBSERVE  frontend->adservice  rpr=0.0000  low=152 high=0  attempts=3  state=ON  metric=rpr
2026-10-07T16:57:39Z  OBSERVE  frontend->cartservice  rpr=0.0000  low=154 high=0  attempts=3  state=ON  metric=rpr
2026-10-07T16:57:39Z  OBSERVE  frontend->checkoutservice  rpr=0.0000  low=111 high=0  attempts=3  state=ON  metric=rpr
2026-10-07T16:57:39Z  OBSERVE  frontend->currencyservice  rpr=0.0000  low=154 high=0  attempts=3  state=ON  metric=rpr
2026-10-07T16:57:39Z  OBSERVE  frontend->productcatalogservice  rpr=0.0000  low=153 high=0  attempts=3  state=ON  metric=rpr
2026-10-07T16:57:39Z  OBSERVE  frontend->shippingservice  rpr=0.0000  low=153 high=0  attempts=3  state=ON  metric=rpr
2026-10-07T16:57:39Z  OBSERVE  checkoutservice->cartservice  rpr=0.0000  low=152 high=0  attempts=3  state=ON  metric=rpr
2026-10-07T16:57:39Z  OBSERVE  checkoutservice->currencyservice  rpr=0.0000  low=152 high=0  attempts=3  state=ON  metric=rpr
2026-10-07T16:57:39Z  OBSERVE  checkoutservice->emailservice  rpr=0.0000  low=151 high=0  attempts=3  state=ON  metric=rpr
2026-10-07T16:57:39Z  OBSERVE  checkoutservice->paymentservice  rpr=0.0000  low=152 high=0  attempts=3  state=ON  metric=rpr
2026-10-07T16:57:39Z  OBSERVE  checkoutservice->shippingservice  rpr=0.0000  low=152 high=0  attempts=3  state=ON  metric=rpr
2026-10-07T16:57:39Z  OBSERVE  recommendationservice->productcatalogservice  rpr=0.0000  low=153 high=0  attempts=3  state=ON  metric=rpr
2026-10-07T16:57:39Z  OBSERVE  recommendationservice  rejection=0.1742  low=0 high=82  state=OFF  metric=rejection
2026-10-07T16:57:41Z  OBSERVE  frontend->adservice  rpr=0.0000  low=153 high=0  attempts=3  state=ON  metric=rpr
2026-10-07T16:57:41Z  OBSERVE  frontend->cartservice  rpr=0.0000  low=155 high=0  attempts=3  state=ON  metric=rpr
2026-10-07T16:57:41Z  OBSERVE  frontend->checkoutservice  rpr=0.0000  low=112 high=0  attempts=3  state=ON  metric=rpr
2026-10-07T16:57:41Z  OBSERVE  frontend->currencyservice  rpr=0.0000  low=155 high=0  attempts=3  state=ON  metric=rpr
2026-10-07T16:57:41Z  OBSERVE  frontend->productcatalogservice  rpr=0.0000  low=154 high=0  attempts=3  state=ON  metric=rpr
2026-10-07T16:57:41Z  OBSERVE  frontend->shippingservice  rpr=0.0000  low=154 high=0  attempts=3  state=ON  metric=rpr
2026-10-07T16:57:41Z  OBSERVE  checkoutservice->cartservice  rpr=0.0000  low=153 high=0  attempts=3  state=ON  metric=rpr
2026-10-07T16:57:41Z  OBSERVE  checkoutservice->currencyservice  rpr=0.0000  low=153 high=0  attempts=3  state=ON  metric=rpr
2026-10-07T16:57:41Z  OBSERVE  checkoutservice->emailservice  rpr=0.0000  low=152 high=0  attempts=3  state=ON  metric=rpr
2026-10-07T16:57:41Z  OBSERVE  checkoutservice->paymentservice  rpr=0.0000  low=153 high=0  attempts=3  state=ON  metric=rpr
2026-10-07T16:57:41Z  OBSERVE  checkoutservice->shippingservice  rpr=0.0000  low=153 high=0  attempts=3  state=ON  metric=rpr
2026-10-07T16:57:41Z  OBSERVE  recommendationservice->productcatalogservice  rpr=0.0000  low=154 high=0  attempts=3  state=ON  metric=rpr
2026-10-07T16:57:41Z  OBSERVE  recommendationservice  rejection=0.1978  low=0 high=83  state=OFF  metric=rejection
2026-10-07T16:57:43Z  OBSERVE  frontend->adservice  rpr=0.0000  low=154 high=0  attempts=3  state=ON  metric=rpr
2026-10-07T16:57:43Z  OBSERVE  frontend->cartservice  rpr=0.0000  low=156 high=0  attempts=3  state=ON  metric=rpr
2026-10-07T16:57:43Z  OBSERVE  frontend->checkoutservice  rpr=0.0000  low=113 high=0  attempts=3  state=ON  metric=rpr
2026-10-07T16:57:43Z  OBSERVE  frontend->currencyservice  rpr=0.0000  low=156 high=0  attempts=3  state=ON  metric=rpr
2026-10-07T16:57:43Z  OBSERVE  frontend->productcatalogservice  rpr=0.0000  low=155 high=0  attempts=3  state=ON  metric=rpr
2026-10-07T16:57:43Z  OBSERVE  frontend->shippingservice  rpr=0.0000  low=155 high=0  attempts=3  state=ON  metric=rpr
2026-10-07T16:57:43Z  OBSERVE  checkoutservice->cartservice  rpr=0.0000  low=154 high=0  attempts=3  state=ON  metric=rpr
2026-10-07T16:57:43Z  OBSERVE  checkoutservice->currencyservice  rpr=0.0000  low=154 high=0  attempts=3  state=ON  metric=rpr
2026-10-07T16:57:43Z  OBSERVE  checkoutservice->emailservice  rpr=0.0000  low=153 high=0  attempts=3  state=ON  metric=rpr
2026-10-07T16:57:43Z  OBSERVE  checkoutservice->paymentservice  rpr=0.0000  low=154 high=0  attempts=3  state=ON  metric=rpr
2026-10-07T16:57:43Z  OBSERVE  checkoutservice->shippingservice  rpr=0.0000  low=154 high=0  attempts=3  state=ON  metric=rpr
2026-10-07T16:57:43Z  OBSERVE  recommendationservice->productcatalogservice  rpr=0.0000  low=155 high=0  attempts=3  state=ON  metric=rpr
2026-10-07T16:57:43Z  OBSERVE  recommendationservice  rejection=0.2156  low=0 high=84  state=OFF  metric=rejection
2026-10-07T16:57:45Z  OBSERVE  frontend->adservice  rpr=0.0000  low=155 high=0  attempts=3  state=ON  metric=rpr
2026-10-07T16:57:45Z  OBSERVE  frontend->cartservice  rpr=0.0000  low=157 high=0  attempts=3  state=ON  metric=rpr
2026-10-07T16:57:45Z  OBSERVE  frontend->checkoutservice  rpr=0.0000  low=114 high=0  attempts=3  state=ON  metric=rpr
2026-10-07T16:57:45Z  OBSERVE  frontend->currencyservice  rpr=0.0000  low=157 high=0  attempts=3  state=ON  metric=rpr
2026-10-07T16:57:45Z  OBSERVE  frontend->productcatalogservice  rpr=0.0000  low=156 high=0  attempts=3  state=ON  metric=rpr
2026-10-07T16:57:45Z  OBSERVE  frontend->shippingservice  rpr=0.0000  low=156 high=0  attempts=3  state=ON  metric=rpr
2026-10-07T16:57:45Z  OBSERVE  checkoutservice->cartservice  rpr=0.0000  low=155 high=0  attempts=3  state=ON  metric=rpr
2026-10-07T16:57:45Z  OBSERVE  checkoutservice->currencyservice  rpr=0.0000  low=155 high=0  attempts=3  state=ON  metric=rpr
2026-10-07T16:57:45Z  OBSERVE  checkoutservice->emailservice  rpr=0.0000  low=154 high=0  attempts=3  state=ON  metric=rpr
2026-10-07T16:57:45Z  OBSERVE  checkoutservice->paymentservice  rpr=0.0000  low=155 high=0  attempts=3  state=ON  metric=rpr
2026-10-07T16:57:45Z  OBSERVE  checkoutservice->shippingservice  rpr=0.0000  low=155 high=0  attempts=3  state=ON  metric=rpr
2026-10-07T16:57:45Z  OBSERVE  recommendationservice->productcatalogservice  rpr=0.0000  low=156 high=0  attempts=3  state=ON  metric=rpr
2026-10-07T16:57:45Z  OBSERVE  recommendationservice  rejection=0.1929  low=0 high=85  state=OFF  metric=rejection
2026-10-07T16:57:47Z  OBSERVE  frontend->adservice  rpr=0.0000  low=156 high=0  attempts=3  state=ON  metric=rpr
2026-10-07T16:57:47Z  OBSERVE  frontend->cartservice  rpr=0.0000  low=158 high=0  attempts=3  state=ON  metric=rpr
2026-10-07T16:57:47Z  OBSERVE  frontend->checkoutservice  rpr=0.0000  low=115 high=0  attempts=3  state=ON  metric=rpr
2026-10-07T16:57:47Z  OBSERVE  frontend->currencyservice  rpr=0.0000  low=158 high=0  attempts=3  state=ON  metric=rpr
2026-10-07T16:57:47Z  OBSERVE  frontend->productcatalogservice  rpr=0.0000  low=157 high=0  attempts=3  state=ON  metric=rpr
2026-10-07T16:57:47Z  OBSERVE  frontend->shippingservice  rpr=0.0000  low=157 high=0  attempts=3  state=ON  metric=rpr
2026-10-07T16:57:47Z  OBSERVE  checkoutservice->cartservice  rpr=0.0000  low=156 high=0  attempts=3  state=ON  metric=rpr
2026-10-07T16:57:47Z  OBSERVE  checkoutservice->currencyservice  rpr=0.0000  low=156 high=0  attempts=3  state=ON  metric=rpr
2026-10-07T16:57:47Z  OBSERVE  checkoutservice->emailservice  rpr=0.0000  low=155 high=0  attempts=3  state=ON  metric=rpr
2026-10-07T16:57:47Z  OBSERVE  checkoutservice->paymentservice  rpr=0.0000  low=156 high=0  attempts=3  state=ON  metric=rpr
2026-10-07T16:57:47Z  OBSERVE  checkoutservice->shippingservice  rpr=0.0000  low=156 high=0  attempts=3  state=ON  metric=rpr
2026-10-07T16:57:47Z  OBSERVE  recommendationservice->productcatalogservice  rpr=0.0000  low=157 high=0  attempts=3  state=ON  metric=rpr
2026-10-07T16:57:47Z  OBSERVE  recommendationservice  rejection=0.1988  low=0 high=86  state=OFF  metric=rejection
2026-10-07T16:57:49Z  OBSERVE  frontend->adservice  rpr=0.0000  low=157 high=0  attempts=3  state=ON  metric=rpr
2026-10-07T16:57:49Z  OBSERVE  frontend->cartservice  rpr=0.0000  low=159 high=0  attempts=3  state=ON  metric=rpr
2026-10-07T16:57:49Z  OBSERVE  frontend->checkoutservice  rpr=0.0000  low=116 high=0  attempts=3  state=ON  metric=rpr
2026-10-07T16:57:49Z  OBSERVE  frontend->currencyservice  rpr=0.0000  low=159 high=0  attempts=3  state=ON  metric=rpr
2026-10-07T16:57:49Z  OBSERVE  frontend->productcatalogservice  rpr=0.0000  low=158 high=0  attempts=3  state=ON  metric=rpr
2026-10-07T16:57:49Z  OBSERVE  frontend->shippingservice  rpr=0.0000  low=158 high=0  attempts=3  state=ON  metric=rpr
2026-10-07T16:57:49Z  OBSERVE  checkoutservice->cartservice  rpr=0.0000  low=157 high=0  attempts=3  state=ON  metric=rpr
2026-10-07T16:57:49Z  OBSERVE  checkoutservice->currencyservice  rpr=0.0000  low=157 high=0  attempts=3  state=ON  metric=rpr
2026-10-07T16:57:49Z  OBSERVE  checkoutservice->emailservice  rpr=0.0000  low=156 high=0  attempts=3  state=ON  metric=rpr
2026-10-07T16:57:49Z  OBSERVE  checkoutservice->paymentservice  rpr=0.0000  low=157 high=0  attempts=3  state=ON  metric=rpr
2026-10-07T16:57:49Z  OBSERVE  checkoutservice->shippingservice  rpr=0.0000  low=157 high=0  attempts=3  state=ON  metric=rpr
2026-10-07T16:57:49Z  OBSERVE  recommendationservice->productcatalogservice  rpr=0.0000  low=158 high=0  attempts=3  state=ON  metric=rpr
2026-10-07T16:57:49Z  OBSERVE  recommendationservice  rejection=0.1482  low=0 high=87  state=OFF  metric=rejection
2026-10-07T16:57:51Z  OBSERVE  frontend->adservice  rpr=0.0000  low=158 high=0  attempts=3  state=ON  metric=rpr
2026-10-07T16:57:51Z  OBSERVE  frontend->cartservice  rpr=0.0000  low=160 high=0  attempts=3  state=ON  metric=rpr
2026-10-07T16:57:51Z  OBSERVE  frontend->checkoutservice  rpr=0.0000  low=117 high=0  attempts=3  state=ON  metric=rpr
2026-10-07T16:57:51Z  OBSERVE  frontend->currencyservice  rpr=0.0000  low=160 high=0  attempts=3  state=ON  metric=rpr
2026-10-07T16:57:51Z  OBSERVE  frontend->productcatalogservice  rpr=0.0000  low=159 high=0  attempts=3  state=ON  metric=rpr
2026-10-07T16:57:51Z  OBSERVE  frontend->shippingservice  rpr=0.0000  low=159 high=0  attempts=3  state=ON  metric=rpr
2026-10-07T16:57:51Z  OBSERVE  checkoutservice->cartservice  rpr=0.0000  low=158 high=0  attempts=3  state=ON  metric=rpr
2026-10-07T16:57:51Z  OBSERVE  checkoutservice->currencyservice  rpr=0.0000  low=158 high=0  attempts=3  state=ON  metric=rpr
2026-10-07T16:57:51Z  OBSERVE  checkoutservice->emailservice  rpr=0.0000  low=157 high=0  attempts=3  state=ON  metric=rpr
2026-10-07T16:57:51Z  OBSERVE  checkoutservice->paymentservice  rpr=0.0000  low=158 high=0  attempts=3  state=ON  metric=rpr
2026-10-07T16:57:51Z  OBSERVE  checkoutservice->shippingservice  rpr=0.0000  low=158 high=0  attempts=3  state=ON  metric=rpr
2026-10-07T16:57:51Z  OBSERVE  recommendationservice->productcatalogservice  rpr=0.0000  low=159 high=0  attempts=3  state=ON  metric=rpr
2026-10-07T16:57:51Z  OBSERVE  recommendationservice  rejection=0.2171  low=0 high=88  state=OFF  metric=rejection
2026-10-07T16:57:53Z  OBSERVE  frontend->adservice  rpr=0.0000  low=159 high=0  attempts=3  state=ON  metric=rpr
2026-10-07T16:57:53Z  OBSERVE  frontend->cartservice  rpr=0.0000  low=161 high=0  attempts=3  state=ON  metric=rpr
2026-10-07T16:57:53Z  OBSERVE  frontend->checkoutservice  rpr=0.0000  low=118 high=0  attempts=3  state=ON  metric=rpr
2026-10-07T16:57:53Z  OBSERVE  frontend->currencyservice  rpr=0.0000  low=161 high=0  attempts=3  state=ON  metric=rpr
2026-10-07T16:57:53Z  OBSERVE  frontend->productcatalogservice  rpr=0.0000  low=160 high=0  attempts=3  state=ON  metric=rpr
2026-10-07T16:57:53Z  OBSERVE  frontend->shippingservice  rpr=0.0000  low=160 high=0  attempts=3  state=ON  metric=rpr
2026-10-07T16:57:53Z  OBSERVE  checkoutservice->cartservice  rpr=0.0000  low=159 high=0  attempts=3  state=ON  metric=rpr
2026-10-07T16:57:53Z  OBSERVE  checkoutservice->currencyservice  rpr=0.0000  low=159 high=0  attempts=3  state=ON  metric=rpr
2026-10-07T16:57:53Z  OBSERVE  checkoutservice->emailservice  rpr=0.0000  low=158 high=0  attempts=3  state=ON  metric=rpr
2026-10-07T16:57:53Z  OBSERVE  checkoutservice->paymentservice  rpr=0.0000  low=159 high=0  attempts=3  state=ON  metric=rpr
2026-10-07T16:57:53Z  OBSERVE  checkoutservice->shippingservice  rpr=0.0000  low=159 high=0  attempts=3  state=ON  metric=rpr
2026-10-07T16:57:53Z  OBSERVE  recommendationservice->productcatalogservice  rpr=0.0000  low=160 high=0  attempts=3  state=ON  metric=rpr
2026-10-07T16:57:53Z  OBSERVE  recommendationservice  rejection=0.2189  low=0 high=89  state=OFF  metric=rejection
2026-10-07T16:57:55Z  OBSERVE  frontend->adservice  rpr=0.0000  low=160 high=0  attempts=3  state=ON  metric=rpr
2026-10-07T16:57:55Z  OBSERVE  frontend->cartservice  rpr=0.0000  low=162 high=0  attempts=3  state=ON  metric=rpr
2026-10-07T16:57:55Z  OBSERVE  frontend->checkoutservice  rpr=0.0000  low=119 high=0  attempts=3  state=ON  metric=rpr
2026-10-07T16:57:55Z  OBSERVE  frontend->currencyservice  rpr=0.0000  low=162 high=0  attempts=3  state=ON  metric=rpr
2026-10-07T16:57:55Z  OBSERVE  frontend->productcatalogservice  rpr=0.0000  low=161 high=0  attempts=3  state=ON  metric=rpr
2026-10-07T16:57:55Z  OBSERVE  frontend->shippingservice  rpr=0.0000  low=161 high=0  attempts=3  state=ON  metric=rpr
2026-10-07T16:57:55Z  OBSERVE  checkoutservice->cartservice  rpr=0.0000  low=160 high=0  attempts=3  state=ON  metric=rpr
2026-10-07T16:57:55Z  OBSERVE  checkoutservice->currencyservice  rpr=0.0000  low=160 high=0  attempts=3  state=ON  metric=rpr
2026-10-07T16:57:55Z  OBSERVE  checkoutservice->emailservice  rpr=0.0000  low=159 high=0  attempts=3  state=ON  metric=rpr
2026-10-07T16:57:55Z  OBSERVE  checkoutservice->paymentservice  rpr=0.0000  low=160 high=0  attempts=3  state=ON  metric=rpr
2026-10-07T16:57:55Z  OBSERVE  checkoutservice->shippingservice  rpr=0.0000  low=160 high=0  attempts=3  state=ON  metric=rpr
2026-10-07T16:57:55Z  OBSERVE  recommendationservice->productcatalogservice  rpr=0.0000  low=161 high=0  attempts=3  state=ON  metric=rpr
2026-10-07T16:57:55Z  OBSERVE  recommendationservice  rejection=0.1989  low=0 high=90  state=OFF  metric=rejection
2026-10-07T16:57:57Z  OBSERVE  frontend->adservice  rpr=0.0000  low=161 high=0  attempts=3  state=ON  metric=rpr
2026-10-07T16:57:57Z  OBSERVE  frontend->cartservice  rpr=0.0000  low=163 high=0  attempts=3  state=ON  metric=rpr
2026-10-07T16:57:57Z  OBSERVE  frontend->checkoutservice  rpr=0.0000  low=120 high=0  attempts=3  state=ON  metric=rpr
2026-10-07T16:57:57Z  OBSERVE  frontend->currencyservice  rpr=0.0000  low=163 high=0  attempts=3  state=ON  metric=rpr
2026-10-07T16:57:57Z  OBSERVE  frontend->productcatalogservice  rpr=0.0000  low=162 high=0  attempts=3  state=ON  metric=rpr
2026-10-07T16:57:57Z  OBSERVE  frontend->shippingservice  rpr=0.0000  low=162 high=0  attempts=3  state=ON  metric=rpr
2026-10-07T16:57:57Z  OBSERVE  checkoutservice->cartservice  rpr=0.0000  low=161 high=0  attempts=3  state=ON  metric=rpr
2026-10-07T16:57:57Z  OBSERVE  checkoutservice->currencyservice  rpr=0.0000  low=161 high=0  attempts=3  state=ON  metric=rpr
2026-10-07T16:57:57Z  OBSERVE  checkoutservice->emailservice  rpr=0.0000  low=160 high=0  attempts=3  state=ON  metric=rpr
2026-10-07T16:57:57Z  OBSERVE  checkoutservice->paymentservice  rpr=0.0000  low=161 high=0  attempts=3  state=ON  metric=rpr
2026-10-07T16:57:57Z  OBSERVE  checkoutservice->shippingservice  rpr=0.0000  low=161 high=0  attempts=3  state=ON  metric=rpr
2026-10-07T16:57:57Z  OBSERVE  recommendationservice->productcatalogservice  rpr=0.0000  low=162 high=0  attempts=3  state=ON  metric=rpr
2026-10-07T16:57:57Z  OBSERVE  recommendationservice  rejection=0.1564  low=0 high=91  state=OFF  metric=rejection
2026-10-07T16:57:59Z  OBSERVE  frontend->adservice  rpr=0.0000  low=162 high=0  attempts=3  state=ON  metric=rpr
2026-10-07T16:57:59Z  OBSERVE  frontend->cartservice  rpr=0.0000  low=164 high=0  attempts=3  state=ON  metric=rpr
2026-10-07T16:57:59Z  OBSERVE  frontend->checkoutservice  rpr=0.0000  low=121 high=0  attempts=3  state=ON  metric=rpr
2026-10-07T16:57:59Z  OBSERVE  frontend->currencyservice  rpr=0.0000  low=164 high=0  attempts=3  state=ON  metric=rpr
2026-10-07T16:57:59Z  OBSERVE  frontend->productcatalogservice  rpr=0.0000  low=163 high=0  attempts=3  state=ON  metric=rpr
2026-10-07T16:57:59Z  OBSERVE  frontend->shippingservice  rpr=0.0000  low=163 high=0  attempts=3  state=ON  metric=rpr
2026-10-07T16:57:59Z  OBSERVE  checkoutservice->cartservice  rpr=0.0000  low=162 high=0  attempts=3  state=ON  metric=rpr
2026-10-07T16:57:59Z  OBSERVE  checkoutservice->currencyservice  rpr=0.0000  low=162 high=0  attempts=3  state=ON  metric=rpr
2026-10-07T16:57:59Z  OBSERVE  checkoutservice->emailservice  rpr=0.0000  low=161 high=0  attempts=3  state=ON  metric=rpr
2026-10-07T16:57:59Z  OBSERVE  checkoutservice->paymentservice  rpr=0.0000  low=162 high=0  attempts=3  state=ON  metric=rpr
2026-10-07T16:57:59Z  OBSERVE  checkoutservice->shippingservice  rpr=0.0000  low=162 high=0  attempts=3  state=ON  metric=rpr
2026-10-07T16:57:59Z  OBSERVE  recommendationservice->productcatalogservice  rpr=0.0000  low=163 high=0  attempts=3  state=ON  metric=rpr
2026-10-07T16:57:59Z  OBSERVE  recommendationservice  rejection=0.1636  low=0 high=92  state=OFF  metric=rejection
2026-10-07T16:58:01Z  OBSERVE  frontend->adservice  rpr=0.0000  low=163 high=0  attempts=3  state=ON  metric=rpr
2026-10-07T16:58:01Z  OBSERVE  frontend->cartservice  rpr=0.0000  low=165 high=0  attempts=3  state=ON  metric=rpr
2026-10-07T16:58:01Z  OBSERVE  frontend->checkoutservice  rpr=0.0000  low=122 high=0  attempts=3  state=ON  metric=rpr
2026-10-07T16:58:01Z  OBSERVE  frontend->currencyservice  rpr=0.0000  low=165 high=0  attempts=3  state=ON  metric=rpr
2026-10-07T16:58:01Z  OBSERVE  frontend->productcatalogservice  rpr=0.0000  low=164 high=0  attempts=3  state=ON  metric=rpr
2026-10-07T16:58:01Z  OBSERVE  frontend->shippingservice  rpr=0.0000  low=164 high=0  attempts=3  state=ON  metric=rpr
2026-10-07T16:58:01Z  OBSERVE  checkoutservice->cartservice  rpr=0.0000  low=163 high=0  attempts=3  state=ON  metric=rpr
2026-10-07T16:58:01Z  OBSERVE  checkoutservice->currencyservice  rpr=0.0000  low=163 high=0  attempts=3  state=ON  metric=rpr
2026-10-07T16:58:01Z  OBSERVE  checkoutservice->emailservice  rpr=0.0000  low=162 high=0  attempts=3  state=ON  metric=rpr
2026-10-07T16:58:01Z  OBSERVE  checkoutservice->paymentservice  rpr=0.0000  low=163 high=0  attempts=3  state=ON  metric=rpr
2026-10-07T16:58:01Z  OBSERVE  checkoutservice->shippingservice  rpr=0.0000  low=163 high=0  attempts=3  state=ON  metric=rpr
2026-10-07T16:58:01Z  OBSERVE  recommendationservice->productcatalogservice  rpr=0.0000  low=164 high=0  attempts=3  state=ON  metric=rpr
2026-10-07T16:58:01Z  OBSERVE  recommendationservice  rejection=0.1641  low=0 high=93  state=OFF  metric=rejection
2026-10-07T16:58:03Z  OBSERVE  frontend->adservice  rpr=0.0000  low=164 high=0  attempts=3  state=ON  metric=rpr
2026-10-07T16:58:03Z  OBSERVE  frontend->cartservice  rpr=0.0000  low=166 high=0  attempts=3  state=ON  metric=rpr
2026-10-07T16:58:03Z  OBSERVE  frontend->checkoutservice  rpr=0.0000  low=123 high=0  attempts=3  state=ON  metric=rpr
2026-10-07T16:58:03Z  OBSERVE  frontend->currencyservice  rpr=0.0000  low=166 high=0  attempts=3  state=ON  metric=rpr
2026-10-07T16:58:03Z  OBSERVE  frontend->productcatalogservice  rpr=0.0000  low=165 high=0  attempts=3  state=ON  metric=rpr
2026-10-07T16:58:03Z  OBSERVE  frontend->shippingservice  rpr=0.0000  low=165 high=0  attempts=3  state=ON  metric=rpr
2026-10-07T16:58:03Z  OBSERVE  checkoutservice->cartservice  rpr=0.0000  low=164 high=0  attempts=3  state=ON  metric=rpr
2026-10-07T16:58:03Z  OBSERVE  checkoutservice->currencyservice  rpr=0.0000  low=164 high=0  attempts=3  state=ON  metric=rpr
2026-10-07T16:58:03Z  OBSERVE  checkoutservice->emailservice  rpr=0.0000  low=163 high=0  attempts=3  state=ON  metric=rpr
2026-10-07T16:58:03Z  OBSERVE  checkoutservice->paymentservice  rpr=0.0000  low=164 high=0  attempts=3  state=ON  metric=rpr
2026-10-07T16:58:03Z  OBSERVE  checkoutservice->shippingservice  rpr=0.0000  low=164 high=0  attempts=3  state=ON  metric=rpr
2026-10-07T16:58:03Z  OBSERVE  recommendationservice->productcatalogservice  rpr=0.0000  low=165 high=0  attempts=3  state=ON  metric=rpr
2026-10-07T16:58:03Z  OBSERVE  recommendationservice  rejection=0.2558  low=0 high=94  state=OFF  metric=rejection
2026-10-07T16:58:05Z  OBSERVE  frontend->adservice  rpr=0.0000  low=165 high=0  attempts=3  state=ON  metric=rpr
2026-10-07T16:58:05Z  OBSERVE  frontend->cartservice  rpr=0.0000  low=167 high=0  attempts=3  state=ON  metric=rpr
2026-10-07T16:58:05Z  OBSERVE  frontend->checkoutservice  rpr=0.0000  low=124 high=0  attempts=3  state=ON  metric=rpr
2026-10-07T16:58:05Z  OBSERVE  frontend->currencyservice  rpr=0.0000  low=167 high=0  attempts=3  state=ON  metric=rpr
2026-10-07T16:58:05Z  OBSERVE  frontend->productcatalogservice  rpr=0.0000  low=166 high=0  attempts=3  state=ON  metric=rpr
2026-10-07T16:58:05Z  OBSERVE  frontend->shippingservice  rpr=0.0000  low=166 high=0  attempts=3  state=ON  metric=rpr
2026-10-07T16:58:05Z  OBSERVE  checkoutservice->cartservice  rpr=0.0000  low=165 high=0  attempts=3  state=ON  metric=rpr
2026-10-07T16:58:05Z  OBSERVE  checkoutservice->currencyservice  rpr=0.0000  low=165 high=0  attempts=3  state=ON  metric=rpr
2026-10-07T16:58:05Z  OBSERVE  checkoutservice->emailservice  rpr=0.0000  low=164 high=0  attempts=3  state=ON  metric=rpr
2026-10-07T16:58:05Z  OBSERVE  checkoutservice->paymentservice  rpr=0.0000  low=165 high=0  attempts=3  state=ON  metric=rpr
2026-10-07T16:58:05Z  OBSERVE  checkoutservice->shippingservice  rpr=0.0000  low=165 high=0  attempts=3  state=ON  metric=rpr
2026-10-07T16:58:05Z  OBSERVE  recommendationservice->productcatalogservice  rpr=0.0000  low=166 high=0  attempts=3  state=ON  metric=rpr
2026-10-07T16:58:05Z  OBSERVE  recommendationservice  rejection=0.2158  low=0 high=95  state=OFF  metric=rejection
2026-10-07T16:58:07Z  OBSERVE  frontend->adservice  rpr=0.0000  low=166 high=0  attempts=3  state=ON  metric=rpr
2026-10-07T16:58:07Z  OBSERVE  frontend->cartservice  rpr=0.0000  low=168 high=0  attempts=3  state=ON  metric=rpr
2026-10-07T16:58:07Z  OBSERVE  frontend->checkoutservice  rpr=0.0000  low=125 high=0  attempts=3  state=ON  metric=rpr
2026-10-07T16:58:07Z  OBSERVE  frontend->currencyservice  rpr=0.0000  low=168 high=0  attempts=3  state=ON  metric=rpr
2026-10-07T16:58:07Z  OBSERVE  frontend->productcatalogservice  rpr=0.0000  low=167 high=0  attempts=3  state=ON  metric=rpr
2026-10-07T16:58:07Z  OBSERVE  frontend->shippingservice  rpr=0.0000  low=167 high=0  attempts=3  state=ON  metric=rpr
2026-10-07T16:58:07Z  OBSERVE  checkoutservice->cartservice  rpr=0.0000  low=166 high=0  attempts=3  state=ON  metric=rpr
2026-10-07T16:58:07Z  OBSERVE  checkoutservice->currencyservice  rpr=0.0000  low=166 high=0  attempts=3  state=ON  metric=rpr
2026-10-07T16:58:07Z  OBSERVE  checkoutservice->emailservice  rpr=0.0000  low=165 high=0  attempts=3  state=ON  metric=rpr
2026-10-07T16:58:07Z  OBSERVE  checkoutservice->paymentservice  rpr=0.0000  low=166 high=0  attempts=3  state=ON  metric=rpr
2026-10-07T16:58:07Z  OBSERVE  checkoutservice->shippingservice  rpr=0.0000  low=166 high=0  attempts=3  state=ON  metric=rpr
2026-10-07T16:58:07Z  OBSERVE  recommendationservice->productcatalogservice  rpr=0.0000  low=167 high=0  attempts=3  state=ON  metric=rpr
2026-10-07T16:58:07Z  OBSERVE  recommendationservice  rejection=0.2243  low=0 high=96  state=OFF  metric=rejection
2026-10-07T16:58:09Z  OBSERVE  frontend->adservice  rpr=0.0000  low=167 high=0  attempts=3  state=ON  metric=rpr
2026-10-07T16:58:09Z  OBSERVE  frontend->cartservice  rpr=0.0000  low=169 high=0  attempts=3  state=ON  metric=rpr
2026-10-07T16:58:09Z  OBSERVE  frontend->checkoutservice  rpr=0.0000  low=126 high=0  attempts=3  state=ON  metric=rpr
2026-10-07T16:58:09Z  OBSERVE  frontend->currencyservice  rpr=0.0000  low=169 high=0  attempts=3  state=ON  metric=rpr
2026-10-07T16:58:09Z  OBSERVE  frontend->productcatalogservice  rpr=0.0000  low=168 high=0  attempts=3  state=ON  metric=rpr
2026-10-07T16:58:09Z  OBSERVE  frontend->shippingservice  rpr=0.0000  low=168 high=0  attempts=3  state=ON  metric=rpr
2026-10-07T16:58:09Z  OBSERVE  checkoutservice->cartservice  rpr=0.0000  low=167 high=0  attempts=3  state=ON  metric=rpr
2026-10-07T16:58:09Z  OBSERVE  checkoutservice->currencyservice  rpr=0.0000  low=167 high=0  attempts=3  state=ON  metric=rpr
2026-10-07T16:58:09Z  OBSERVE  checkoutservice->emailservice  rpr=0.0000  low=166 high=0  attempts=3  state=ON  metric=rpr
2026-10-07T16:58:09Z  OBSERVE  checkoutservice->paymentservice  rpr=0.0000  low=167 high=0  attempts=3  state=ON  metric=rpr
2026-10-07T16:58:09Z  OBSERVE  checkoutservice->shippingservice  rpr=0.0000  low=167 high=0  attempts=3  state=ON  metric=rpr
2026-10-07T16:58:09Z  OBSERVE  recommendationservice->productcatalogservice  rpr=0.0000  low=168 high=0  attempts=3  state=ON  metric=rpr
2026-10-07T16:58:09Z  OBSERVE  recommendationservice  rejection=0.1810  low=0 high=97  state=OFF  metric=rejection
2026-10-07T16:58:11Z  OBSERVE  frontend->adservice  rpr=0.0000  low=168 high=0  attempts=3  state=ON  metric=rpr
2026-10-07T16:58:11Z  OBSERVE  frontend->cartservice  rpr=0.0000  low=170 high=0  attempts=3  state=ON  metric=rpr
2026-10-07T16:58:11Z  OBSERVE  frontend->checkoutservice  rpr=0.0000  low=127 high=0  attempts=3  state=ON  metric=rpr
2026-10-07T16:58:11Z  OBSERVE  frontend->currencyservice  rpr=0.0000  low=170 high=0  attempts=3  state=ON  metric=rpr
2026-10-07T16:58:11Z  OBSERVE  frontend->productcatalogservice  rpr=0.0000  low=169 high=0  attempts=3  state=ON  metric=rpr
2026-10-07T16:58:11Z  OBSERVE  frontend->shippingservice  rpr=0.0000  low=169 high=0  attempts=3  state=ON  metric=rpr
2026-10-07T16:58:11Z  OBSERVE  checkoutservice->cartservice  rpr=0.0000  low=168 high=0  attempts=3  state=ON  metric=rpr
2026-10-07T16:58:11Z  OBSERVE  checkoutservice->currencyservice  rpr=0.0000  low=168 high=0  attempts=3  state=ON  metric=rpr
2026-10-07T16:58:11Z  OBSERVE  checkoutservice->emailservice  rpr=0.0000  low=167 high=0  attempts=3  state=ON  metric=rpr
2026-10-07T16:58:11Z  OBSERVE  checkoutservice->paymentservice  rpr=0.0000  low=168 high=0  attempts=3  state=ON  metric=rpr
2026-10-07T16:58:11Z  OBSERVE  checkoutservice->shippingservice  rpr=0.0000  low=168 high=0  attempts=3  state=ON  metric=rpr
2026-10-07T16:58:11Z  OBSERVE  recommendationservice->productcatalogservice  rpr=0.0000  low=169 high=0  attempts=3  state=ON  metric=rpr
2026-10-07T16:58:11Z  OBSERVE  recommendationservice  rejection=0.1970  low=0 high=98  state=OFF  metric=rejection
2026-10-07T16:58:13Z  OBSERVE  frontend->adservice  rpr=0.0000  low=169 high=0  attempts=3  state=ON  metric=rpr
2026-10-07T16:58:13Z  OBSERVE  frontend->cartservice  rpr=0.0000  low=171 high=0  attempts=3  state=ON  metric=rpr
2026-10-07T16:58:13Z  OBSERVE  frontend->checkoutservice  rpr=0.0000  low=128 high=0  attempts=3  state=ON  metric=rpr
2026-10-07T16:58:13Z  OBSERVE  frontend->currencyservice  rpr=0.0000  low=171 high=0  attempts=3  state=ON  metric=rpr
2026-10-07T16:58:13Z  OBSERVE  frontend->productcatalogservice  rpr=0.0000  low=170 high=0  attempts=3  state=ON  metric=rpr
2026-10-07T16:58:13Z  OBSERVE  frontend->shippingservice  rpr=0.0000  low=170 high=0  attempts=3  state=ON  metric=rpr
2026-10-07T16:58:13Z  OBSERVE  checkoutservice->cartservice  rpr=0.0000  low=169 high=0  attempts=3  state=ON  metric=rpr
2026-10-07T16:58:13Z  OBSERVE  checkoutservice->currencyservice  rpr=0.0000  low=169 high=0  attempts=3  state=ON  metric=rpr
2026-10-07T16:58:13Z  OBSERVE  checkoutservice->emailservice  rpr=0.0000  low=168 high=0  attempts=3  state=ON  metric=rpr
2026-10-07T16:58:13Z  OBSERVE  checkoutservice->paymentservice  rpr=0.0000  low=169 high=0  attempts=3  state=ON  metric=rpr
2026-10-07T16:58:13Z  OBSERVE  checkoutservice->shippingservice  rpr=0.0000  low=169 high=0  attempts=3  state=ON  metric=rpr
2026-10-07T16:58:13Z  OBSERVE  recommendationservice->productcatalogservice  rpr=0.0000  low=170 high=0  attempts=3  state=ON  metric=rpr
2026-10-07T16:58:13Z  OBSERVE  recommendationservice  rejection=0.2341  low=0 high=99  state=OFF  metric=rejection
2026-10-07T16:58:15Z  OBSERVE  frontend->adservice  rpr=0.0000  low=170 high=0  attempts=3  state=ON  metric=rpr
2026-10-07T16:58:15Z  OBSERVE  frontend->cartservice  rpr=0.0000  low=172 high=0  attempts=3  state=ON  metric=rpr
2026-10-07T16:58:15Z  OBSERVE  frontend->checkoutservice  rpr=0.0000  low=129 high=0  attempts=3  state=ON  metric=rpr
2026-10-07T16:58:15Z  OBSERVE  frontend->currencyservice  rpr=0.0000  low=172 high=0  attempts=3  state=ON  metric=rpr
2026-10-07T16:58:15Z  OBSERVE  frontend->productcatalogservice  rpr=0.0000  low=171 high=0  attempts=3  state=ON  metric=rpr
2026-10-07T16:58:15Z  OBSERVE  frontend->shippingservice  rpr=0.0000  low=171 high=0  attempts=3  state=ON  metric=rpr
2026-10-07T16:58:15Z  OBSERVE  checkoutservice->cartservice  rpr=0.0000  low=170 high=0  attempts=3  state=ON  metric=rpr
2026-10-07T16:58:15Z  OBSERVE  checkoutservice->currencyservice  rpr=0.0000  low=170 high=0  attempts=3  state=ON  metric=rpr
2026-10-07T16:58:15Z  OBSERVE  checkoutservice->emailservice  rpr=0.0000  low=169 high=0  attempts=3  state=ON  metric=rpr
2026-10-07T16:58:15Z  OBSERVE  checkoutservice->paymentservice  rpr=0.0000  low=170 high=0  attempts=3  state=ON  metric=rpr
2026-10-07T16:58:15Z  OBSERVE  checkoutservice->shippingservice  rpr=0.0000  low=170 high=0  attempts=3  state=ON  metric=rpr
2026-10-07T16:58:15Z  OBSERVE  recommendationservice->productcatalogservice  rpr=0.0000  low=171 high=0  attempts=3  state=ON  metric=rpr
2026-10-07T16:58:15Z  OBSERVE  recommendationservice  rejection=0.1687  low=0 high=100  state=OFF  metric=rejection
2026-10-07T16:58:17Z  OBSERVE  frontend->adservice  rpr=0.0000  low=171 high=0  attempts=3  state=ON  metric=rpr
2026-10-07T16:58:17Z  OBSERVE  frontend->cartservice  rpr=0.0000  low=173 high=0  attempts=3  state=ON  metric=rpr
2026-10-07T16:58:17Z  OBSERVE  frontend->checkoutservice  rpr=0.0000  low=130 high=0  attempts=3  state=ON  metric=rpr
2026-10-07T16:58:17Z  OBSERVE  frontend->currencyservice  rpr=0.0000  low=173 high=0  attempts=3  state=ON  metric=rpr
2026-10-07T16:58:17Z  OBSERVE  frontend->productcatalogservice  rpr=0.0000  low=172 high=0  attempts=3  state=ON  metric=rpr
2026-10-07T16:58:17Z  OBSERVE  frontend->shippingservice  rpr=0.0000  low=172 high=0  attempts=3  state=ON  metric=rpr
2026-10-07T16:58:17Z  OBSERVE  checkoutservice->cartservice  rpr=0.0000  low=171 high=0  attempts=3  state=ON  metric=rpr
2026-10-07T16:58:17Z  OBSERVE  checkoutservice->currencyservice  rpr=0.0000  low=171 high=0  attempts=3  state=ON  metric=rpr
2026-10-07T16:58:17Z  OBSERVE  checkoutservice->emailservice  rpr=0.0000  low=170 high=0  attempts=3  state=ON  metric=rpr
2026-10-07T16:58:17Z  OBSERVE  checkoutservice->paymentservice  rpr=0.0000  low=171 high=0  attempts=3  state=ON  metric=rpr
2026-10-07T16:58:17Z  OBSERVE  checkoutservice->shippingservice  rpr=0.0000  low=171 high=0  attempts=3  state=ON  metric=rpr
2026-10-07T16:58:17Z  OBSERVE  recommendationservice->productcatalogservice  rpr=0.0000  low=172 high=0  attempts=3  state=ON  metric=rpr
2026-10-07T16:58:17Z  OBSERVE  recommendationservice  rejection=0.1872  low=0 high=101  state=OFF  metric=rejection
2026-10-07T16:58:19Z  OBSERVE  frontend->adservice  rpr=0.0000  low=172 high=0  attempts=3  state=ON  metric=rpr
2026-10-07T16:58:19Z  OBSERVE  frontend->cartservice  rpr=0.0000  low=174 high=0  attempts=3  state=ON  metric=rpr
2026-10-07T16:58:19Z  OBSERVE  frontend->checkoutservice  rpr=0.0000  low=131 high=0  attempts=3  state=ON  metric=rpr
2026-10-07T16:58:19Z  OBSERVE  frontend->currencyservice  rpr=0.0000  low=174 high=0  attempts=3  state=ON  metric=rpr
2026-10-07T16:58:19Z  OBSERVE  frontend->productcatalogservice  rpr=0.0000  low=173 high=0  attempts=3  state=ON  metric=rpr
2026-10-07T16:58:19Z  OBSERVE  frontend->shippingservice  rpr=0.0000  low=173 high=0  attempts=3  state=ON  metric=rpr
2026-10-07T16:58:19Z  OBSERVE  checkoutservice->cartservice  rpr=0.0000  low=172 high=0  attempts=3  state=ON  metric=rpr
2026-10-07T16:58:19Z  OBSERVE  checkoutservice->currencyservice  rpr=0.0000  low=172 high=0  attempts=3  state=ON  metric=rpr
2026-10-07T16:58:19Z  OBSERVE  checkoutservice->emailservice  rpr=0.0000  low=171 high=0  attempts=3  state=ON  metric=rpr
2026-10-07T16:58:19Z  OBSERVE  checkoutservice->paymentservice  rpr=0.0000  low=172 high=0  attempts=3  state=ON  metric=rpr
2026-10-07T16:58:19Z  OBSERVE  checkoutservice->shippingservice  rpr=0.0000  low=172 high=0  attempts=3  state=ON  metric=rpr
2026-10-07T16:58:19Z  OBSERVE  recommendationservice->productcatalogservice  rpr=0.0000  low=173 high=0  attempts=3  state=ON  metric=rpr
2026-10-07T16:58:19Z  OBSERVE  recommendationservice  rejection=0.1865  low=0 high=102  state=OFF  metric=rejection
2026-10-07T16:58:21Z  OBSERVE  frontend->adservice  rpr=0.0000  low=173 high=0  attempts=3  state=ON  metric=rpr
2026-10-07T16:58:21Z  OBSERVE  frontend->cartservice  rpr=0.0000  low=175 high=0  attempts=3  state=ON  metric=rpr
2026-10-07T16:58:21Z  OBSERVE  frontend->checkoutservice  rpr=0.0000  low=132 high=0  attempts=3  state=ON  metric=rpr
2026-10-07T16:58:21Z  OBSERVE  frontend->currencyservice  rpr=0.0000  low=175 high=0  attempts=3  state=ON  metric=rpr
2026-10-07T16:58:21Z  OBSERVE  frontend->productcatalogservice  rpr=0.0000  low=174 high=0  attempts=3  state=ON  metric=rpr
2026-10-07T16:58:21Z  OBSERVE  frontend->shippingservice  rpr=0.0000  low=174 high=0  attempts=3  state=ON  metric=rpr
2026-10-07T16:58:21Z  OBSERVE  checkoutservice->cartservice  rpr=0.0000  low=173 high=0  attempts=3  state=ON  metric=rpr
2026-10-07T16:58:21Z  OBSERVE  checkoutservice->currencyservice  rpr=0.0000  low=173 high=0  attempts=3  state=ON  metric=rpr
2026-10-07T16:58:21Z  OBSERVE  checkoutservice->emailservice  rpr=0.0000  low=172 high=0  attempts=3  state=ON  metric=rpr
2026-10-07T16:58:21Z  OBSERVE  checkoutservice->paymentservice  rpr=0.0000  low=173 high=0  attempts=3  state=ON  metric=rpr
2026-10-07T16:58:21Z  OBSERVE  checkoutservice->shippingservice  rpr=0.0000  low=173 high=0  attempts=3  state=ON  metric=rpr
2026-10-07T16:58:21Z  OBSERVE  recommendationservice->productcatalogservice  rpr=0.0000  low=174 high=0  attempts=3  state=ON  metric=rpr
2026-10-07T16:58:21Z  OBSERVE  recommendationservice  rejection=0.1538  low=0 high=103  state=OFF  metric=rejection
2026-10-07T16:58:23Z  OBSERVE  frontend->adservice  rpr=0.0000  low=174 high=0  attempts=3  state=ON  metric=rpr
2026-10-07T16:58:23Z  OBSERVE  frontend->cartservice  rpr=0.0000  low=176 high=0  attempts=3  state=ON  metric=rpr
2026-10-07T16:58:23Z  OBSERVE  frontend->checkoutservice  rpr=0.0000  low=133 high=0  attempts=3  state=ON  metric=rpr
2026-10-07T16:58:23Z  OBSERVE  frontend->currencyservice  rpr=0.0000  low=176 high=0  attempts=3  state=ON  metric=rpr
2026-10-07T16:58:23Z  OBSERVE  frontend->productcatalogservice  rpr=0.0000  low=175 high=0  attempts=3  state=ON  metric=rpr
2026-10-07T16:58:23Z  OBSERVE  frontend->shippingservice  rpr=0.0000  low=175 high=0  attempts=3  state=ON  metric=rpr
2026-10-07T16:58:23Z  OBSERVE  checkoutservice->cartservice  rpr=0.0000  low=174 high=0  attempts=3  state=ON  metric=rpr
2026-10-07T16:58:23Z  OBSERVE  checkoutservice->currencyservice  rpr=0.0000  low=174 high=0  attempts=3  state=ON  metric=rpr
2026-10-07T16:58:23Z  OBSERVE  checkoutservice->emailservice  rpr=0.0000  low=173 high=0  attempts=3  state=ON  metric=rpr
2026-10-07T16:58:23Z  OBSERVE  checkoutservice->paymentservice  rpr=0.0000  low=174 high=0  attempts=3  state=ON  metric=rpr
2026-10-07T16:58:23Z  OBSERVE  checkoutservice->shippingservice  rpr=0.0000  low=174 high=0  attempts=3  state=ON  metric=rpr
2026-10-07T16:58:23Z  OBSERVE  recommendationservice->productcatalogservice  rpr=0.0000  low=175 high=0  attempts=3  state=ON  metric=rpr
2026-10-07T16:58:23Z  OBSERVE  recommendationservice  rejection=0.2076  low=0 high=104  state=OFF  metric=rejection
2026-10-07T16:58:25Z  OBSERVE  frontend->adservice  rpr=0.0000  low=175 high=0  attempts=3  state=ON  metric=rpr
2026-10-07T16:58:25Z  OBSERVE  frontend->cartservice  rpr=0.0000  low=177 high=0  attempts=3  state=ON  metric=rpr
2026-10-07T16:58:25Z  OBSERVE  frontend->checkoutservice  rpr=0.0000  low=134 high=0  attempts=3  state=ON  metric=rpr
2026-10-07T16:58:25Z  OBSERVE  frontend->currencyservice  rpr=0.0000  low=177 high=0  attempts=3  state=ON  metric=rpr
2026-10-07T16:58:25Z  OBSERVE  frontend->productcatalogservice  rpr=0.0000  low=176 high=0  attempts=3  state=ON  metric=rpr
2026-10-07T16:58:25Z  OBSERVE  frontend->shippingservice  rpr=0.0000  low=176 high=0  attempts=3  state=ON  metric=rpr
2026-10-07T16:58:25Z  OBSERVE  checkoutservice->cartservice  rpr=0.0000  low=175 high=0  attempts=3  state=ON  metric=rpr
2026-10-07T16:58:25Z  OBSERVE  checkoutservice->currencyservice  rpr=0.0000  low=175 high=0  attempts=3  state=ON  metric=rpr
2026-10-07T16:58:25Z  OBSERVE  checkoutservice->emailservice  rpr=0.0000  low=174 high=0  attempts=3  state=ON  metric=rpr
2026-10-07T16:58:25Z  OBSERVE  checkoutservice->paymentservice  rpr=0.0000  low=175 high=0  attempts=3  state=ON  metric=rpr
2026-10-07T16:58:25Z  OBSERVE  checkoutservice->shippingservice  rpr=0.0000  low=175 high=0  attempts=3  state=ON  metric=rpr
2026-10-07T16:58:25Z  OBSERVE  recommendationservice->productcatalogservice  rpr=0.0000  low=176 high=0  attempts=3  state=ON  metric=rpr
2026-10-07T16:58:25Z  OBSERVE  recommendationservice  rejection=0.1694  low=0 high=105  state=OFF  metric=rejection
2026-10-07T16:58:27Z  OBSERVE  frontend->adservice  rpr=0.0000  low=176 high=0  attempts=3  state=ON  metric=rpr
2026-10-07T16:58:27Z  OBSERVE  frontend->cartservice  rpr=0.0000  low=178 high=0  attempts=3  state=ON  metric=rpr
2026-10-07T16:58:27Z  OBSERVE  frontend->checkoutservice  rpr=0.0000  low=135 high=0  attempts=3  state=ON  metric=rpr
2026-10-07T16:58:27Z  OBSERVE  frontend->currencyservice  rpr=0.0000  low=178 high=0  attempts=3  state=ON  metric=rpr
2026-10-07T16:58:27Z  OBSERVE  frontend->productcatalogservice  rpr=0.0000  low=177 high=0  attempts=3  state=ON  metric=rpr
2026-10-07T16:58:27Z  OBSERVE  frontend->shippingservice  rpr=0.0000  low=177 high=0  attempts=3  state=ON  metric=rpr
2026-10-07T16:58:27Z  OBSERVE  checkoutservice->cartservice  rpr=0.0000  low=176 high=0  attempts=3  state=ON  metric=rpr
2026-10-07T16:58:27Z  OBSERVE  checkoutservice->currencyservice  rpr=0.0000  low=176 high=0  attempts=3  state=ON  metric=rpr
2026-10-07T16:58:27Z  OBSERVE  checkoutservice->emailservice  rpr=0.0000  low=175 high=0  attempts=3  state=ON  metric=rpr
2026-10-07T16:58:27Z  OBSERVE  checkoutservice->paymentservice  rpr=0.0000  low=176 high=0  attempts=3  state=ON  metric=rpr
2026-10-07T16:58:27Z  OBSERVE  checkoutservice->shippingservice  rpr=0.0000  low=176 high=0  attempts=3  state=ON  metric=rpr
2026-10-07T16:58:27Z  OBSERVE  recommendationservice->productcatalogservice  rpr=0.0000  low=177 high=0  attempts=3  state=ON  metric=rpr
2026-10-07T16:58:27Z  OBSERVE  recommendationservice  rejection=0.2145  low=0 high=106  state=OFF  metric=rejection
2026-10-07T16:58:29Z  OBSERVE  frontend->adservice  rpr=0.0000  low=177 high=0  attempts=3  state=ON  metric=rpr
2026-10-07T16:58:29Z  OBSERVE  frontend->cartservice  rpr=0.0000  low=179 high=0  attempts=3  state=ON  metric=rpr
2026-10-07T16:58:29Z  OBSERVE  frontend->checkoutservice  rpr=0.0000  low=136 high=0  attempts=3  state=ON  metric=rpr
2026-10-07T16:58:29Z  OBSERVE  frontend->currencyservice  rpr=0.0000  low=179 high=0  attempts=3  state=ON  metric=rpr
2026-10-07T16:58:29Z  OBSERVE  frontend->productcatalogservice  rpr=0.0000  low=178 high=0  attempts=3  state=ON  metric=rpr
2026-10-07T16:58:29Z  OBSERVE  frontend->shippingservice  rpr=0.0000  low=178 high=0  attempts=3  state=ON  metric=rpr
2026-10-07T16:58:29Z  OBSERVE  checkoutservice->cartservice  rpr=0.0000  low=177 high=0  attempts=3  state=ON  metric=rpr
2026-10-07T16:58:29Z  OBSERVE  checkoutservice->currencyservice  rpr=0.0000  low=177 high=0  attempts=3  state=ON  metric=rpr
2026-10-07T16:58:29Z  OBSERVE  checkoutservice->emailservice  rpr=0.0000  low=176 high=0  attempts=3  state=ON  metric=rpr
2026-10-07T16:58:29Z  OBSERVE  checkoutservice->paymentservice  rpr=0.0000  low=177 high=0  attempts=3  state=ON  metric=rpr
2026-10-07T16:58:29Z  OBSERVE  checkoutservice->shippingservice  rpr=0.0000  low=177 high=0  attempts=3  state=ON  metric=rpr
2026-10-07T16:58:29Z  OBSERVE  recommendationservice->productcatalogservice  rpr=0.0000  low=178 high=0  attempts=3  state=ON  metric=rpr
2026-10-07T16:58:29Z  OBSERVE  recommendationservice  rejection=0.1758  low=0 high=107  state=OFF  metric=rejection
2026-10-07T16:58:31Z  OBSERVE  frontend->adservice  rpr=0.0000  low=178 high=0  attempts=3  state=ON  metric=rpr
2026-10-07T16:58:31Z  OBSERVE  frontend->cartservice  rpr=0.0000  low=180 high=0  attempts=3  state=ON  metric=rpr
2026-10-07T16:58:31Z  OBSERVE  frontend->checkoutservice  rpr=0.0000  low=137 high=0  attempts=3  state=ON  metric=rpr
2026-10-07T16:58:31Z  OBSERVE  frontend->currencyservice  rpr=0.0000  low=180 high=0  attempts=3  state=ON  metric=rpr
2026-10-07T16:58:31Z  OBSERVE  frontend->productcatalogservice  rpr=0.0000  low=179 high=0  attempts=3  state=ON  metric=rpr
2026-10-07T16:58:31Z  OBSERVE  frontend->shippingservice  rpr=0.0000  low=179 high=0  attempts=3  state=ON  metric=rpr
2026-10-07T16:58:31Z  OBSERVE  checkoutservice->cartservice  rpr=0.0000  low=178 high=0  attempts=3  state=ON  metric=rpr
2026-10-07T16:58:31Z  OBSERVE  checkoutservice->currencyservice  rpr=0.0000  low=178 high=0  attempts=3  state=ON  metric=rpr
2026-10-07T16:58:31Z  OBSERVE  checkoutservice->emailservice  rpr=0.0000  low=177 high=0  attempts=3  state=ON  metric=rpr
2026-10-07T16:58:31Z  OBSERVE  checkoutservice->paymentservice  rpr=0.0000  low=178 high=0  attempts=3  state=ON  metric=rpr
2026-10-07T16:58:31Z  OBSERVE  checkoutservice->shippingservice  rpr=0.0000  low=178 high=0  attempts=3  state=ON  metric=rpr
2026-10-07T16:58:31Z  OBSERVE  recommendationservice->productcatalogservice  rpr=0.0000  low=179 high=0  attempts=3  state=ON  metric=rpr
2026-10-07T16:58:31Z  OBSERVE  recommendationservice  rejection=0.2159  low=0 high=108  state=OFF  metric=rejection
2026-10-07T16:58:33Z  OBSERVE  frontend->adservice  rpr=0.0000  low=179 high=0  attempts=3  state=ON  metric=rpr
2026-10-07T16:58:33Z  OBSERVE  frontend->cartservice  rpr=0.0000  low=181 high=0  attempts=3  state=ON  metric=rpr
2026-10-07T16:58:33Z  OBSERVE  frontend->checkoutservice  rpr=0.0109  low=138 high=0  attempts=3  state=ON  metric=rpr
2026-10-07T16:58:33Z  OBSERVE  frontend->currencyservice  rpr=0.0000  low=181 high=0  attempts=3  state=ON  metric=rpr
2026-10-07T16:58:33Z  OBSERVE  frontend->productcatalogservice  rpr=0.0000  low=180 high=0  attempts=3  state=ON  metric=rpr
2026-10-07T16:58:33Z  OBSERVE  frontend->shippingservice  rpr=0.0000  low=180 high=0  attempts=3  state=ON  metric=rpr
2026-10-07T16:58:33Z  OBSERVE  checkoutservice->cartservice  rpr=0.0000  low=179 high=0  attempts=3  state=ON  metric=rpr
2026-10-07T16:58:33Z  OBSERVE  checkoutservice->currencyservice  rpr=0.0000  low=179 high=0  attempts=3  state=ON  metric=rpr
2026-10-07T16:58:33Z  OBSERVE  checkoutservice->emailservice  rpr=0.0000  low=178 high=0  attempts=3  state=ON  metric=rpr
2026-10-07T16:58:33Z  OBSERVE  checkoutservice->paymentservice  rpr=0.0000  low=179 high=0  attempts=3  state=ON  metric=rpr
2026-10-07T16:58:33Z  OBSERVE  checkoutservice->shippingservice  rpr=0.0000  low=179 high=0  attempts=3  state=ON  metric=rpr
2026-10-07T16:58:33Z  OBSERVE  recommendationservice->productcatalogservice  rpr=0.0000  low=180 high=0  attempts=3  state=ON  metric=rpr
2026-10-07T16:58:33Z  OBSERVE  recommendationservice  rejection=0.2474  low=0 high=109  state=OFF  metric=rejection
2026-10-07T16:58:35Z  OBSERVE  frontend->adservice  rpr=0.0000  low=180 high=0  attempts=3  state=ON  metric=rpr
2026-10-07T16:58:35Z  OBSERVE  frontend->cartservice  rpr=0.0000  low=182 high=0  attempts=3  state=ON  metric=rpr
2026-10-07T16:58:35Z  OBSERVE  frontend->checkoutservice  rpr=0.0000  low=139 high=0  attempts=3  state=ON  metric=rpr
2026-10-07T16:58:35Z  OBSERVE  frontend->currencyservice  rpr=0.0000  low=182 high=0  attempts=3  state=ON  metric=rpr
2026-10-07T16:58:35Z  OBSERVE  frontend->productcatalogservice  rpr=0.0000  low=181 high=0  attempts=3  state=ON  metric=rpr
2026-10-07T16:58:35Z  OBSERVE  frontend->shippingservice  rpr=0.0000  low=181 high=0  attempts=3  state=ON  metric=rpr
2026-10-07T16:58:35Z  OBSERVE  checkoutservice->cartservice  rpr=0.0000  low=180 high=0  attempts=3  state=ON  metric=rpr
2026-10-07T16:58:35Z  OBSERVE  checkoutservice->currencyservice  rpr=0.0000  low=180 high=0  attempts=3  state=ON  metric=rpr
2026-10-07T16:58:35Z  OBSERVE  checkoutservice->emailservice  rpr=0.0000  low=179 high=0  attempts=3  state=ON  metric=rpr
2026-10-07T16:58:35Z  OBSERVE  checkoutservice->paymentservice  rpr=0.0000  low=180 high=0  attempts=3  state=ON  metric=rpr
2026-10-07T16:58:35Z  OBSERVE  checkoutservice->shippingservice  rpr=0.0000  low=180 high=0  attempts=3  state=ON  metric=rpr
2026-10-07T16:58:35Z  OBSERVE  recommendationservice->productcatalogservice  rpr=0.0000  low=181 high=0  attempts=3  state=ON  metric=rpr
2026-10-07T16:58:35Z  OBSERVE  recommendationservice  rejection=0.2128  low=0 high=110  state=OFF  metric=rejection
2026-10-07T16:58:37Z  OBSERVE  frontend->adservice  rpr=0.0000  low=181 high=0  attempts=3  state=ON  metric=rpr
2026-10-07T16:58:37Z  OBSERVE  frontend->cartservice  rpr=0.0000  low=183 high=0  attempts=3  state=ON  metric=rpr
2026-10-07T16:58:37Z  OBSERVE  frontend->checkoutservice  rpr=0.0000  low=140 high=0  attempts=3  state=ON  metric=rpr
2026-10-07T16:58:37Z  OBSERVE  frontend->currencyservice  rpr=0.0000  low=183 high=0  attempts=3  state=ON  metric=rpr
2026-10-07T16:58:37Z  OBSERVE  frontend->productcatalogservice  rpr=0.0000  low=182 high=0  attempts=3  state=ON  metric=rpr
2026-10-07T16:58:37Z  OBSERVE  frontend->shippingservice  rpr=0.0000  low=182 high=0  attempts=3  state=ON  metric=rpr
2026-10-07T16:58:37Z  OBSERVE  checkoutservice->cartservice  rpr=0.0000  low=181 high=0  attempts=3  state=ON  metric=rpr
2026-10-07T16:58:37Z  OBSERVE  checkoutservice->currencyservice  rpr=0.0000  low=181 high=0  attempts=3  state=ON  metric=rpr
2026-10-07T16:58:37Z  OBSERVE  checkoutservice->emailservice  rpr=0.0000  low=180 high=0  attempts=3  state=ON  metric=rpr
2026-10-07T16:58:37Z  OBSERVE  checkoutservice->paymentservice  rpr=0.0000  low=181 high=0  attempts=3  state=ON  metric=rpr
2026-10-07T16:58:37Z  OBSERVE  checkoutservice->shippingservice  rpr=0.0000  low=181 high=0  attempts=3  state=ON  metric=rpr
2026-10-07T16:58:37Z  OBSERVE  recommendationservice->productcatalogservice  rpr=0.0000  low=182 high=0  attempts=3  state=ON  metric=rpr
2026-10-07T16:58:37Z  OBSERVE  recommendationservice  rejection=0.1824  low=0 high=111  state=OFF  metric=rejection
2026-10-07T16:58:39Z  OBSERVE  frontend->adservice  rpr=0.0000  low=182 high=0  attempts=3  state=ON  metric=rpr
2026-10-07T16:58:39Z  OBSERVE  frontend->cartservice  rpr=0.0000  low=184 high=0  attempts=3  state=ON  metric=rpr
2026-10-07T16:58:39Z  OBSERVE  frontend->checkoutservice  rpr=0.0000  low=141 high=0  attempts=3  state=ON  metric=rpr
2026-10-07T16:58:39Z  OBSERVE  frontend->currencyservice  rpr=0.0000  low=184 high=0  attempts=3  state=ON  metric=rpr
2026-10-07T16:58:39Z  OBSERVE  frontend->productcatalogservice  rpr=0.0000  low=183 high=0  attempts=3  state=ON  metric=rpr
2026-10-07T16:58:39Z  OBSERVE  frontend->shippingservice  rpr=0.0000  low=183 high=0  attempts=3  state=ON  metric=rpr
2026-10-07T16:58:39Z  OBSERVE  checkoutservice->cartservice  rpr=0.0000  low=182 high=0  attempts=3  state=ON  metric=rpr
2026-10-07T16:58:39Z  OBSERVE  checkoutservice->currencyservice  rpr=0.0000  low=182 high=0  attempts=3  state=ON  metric=rpr
2026-10-07T16:58:39Z  OBSERVE  checkoutservice->emailservice  rpr=0.0000  low=181 high=0  attempts=3  state=ON  metric=rpr
2026-10-07T16:58:39Z  OBSERVE  checkoutservice->paymentservice  rpr=0.0000  low=182 high=0  attempts=3  state=ON  metric=rpr
2026-10-07T16:58:39Z  OBSERVE  checkoutservice->shippingservice  rpr=0.0000  low=182 high=0  attempts=3  state=ON  metric=rpr
2026-10-07T16:58:39Z  OBSERVE  recommendationservice->productcatalogservice  rpr=0.0000  low=183 high=0  attempts=3  state=ON  metric=rpr
2026-10-07T16:58:39Z  OBSERVE  recommendationservice  rejection=0.2255  low=0 high=112  state=OFF  metric=rejection
2026-10-07T16:58:41Z  OBSERVE  frontend->adservice  rpr=0.0000  low=183 high=0  attempts=3  state=ON  metric=rpr
2026-10-07T16:58:41Z  OBSERVE  frontend->cartservice  rpr=0.0000  low=185 high=0  attempts=3  state=ON  metric=rpr
2026-10-07T16:58:41Z  OBSERVE  frontend->checkoutservice  rpr=0.0000  low=142 high=0  attempts=3  state=ON  metric=rpr
2026-10-07T16:58:41Z  OBSERVE  frontend->currencyservice  rpr=0.0000  low=185 high=0  attempts=3  state=ON  metric=rpr
2026-10-07T16:58:41Z  OBSERVE  frontend->productcatalogservice  rpr=0.0000  low=184 high=0  attempts=3  state=ON  metric=rpr
2026-10-07T16:58:41Z  OBSERVE  frontend->shippingservice  rpr=0.0000  low=184 high=0  attempts=3  state=ON  metric=rpr
2026-10-07T16:58:41Z  OBSERVE  checkoutservice->cartservice  rpr=0.0000  low=183 high=0  attempts=3  state=ON  metric=rpr
2026-10-07T16:58:41Z  OBSERVE  checkoutservice->currencyservice  rpr=0.0000  low=183 high=0  attempts=3  state=ON  metric=rpr
2026-10-07T16:58:41Z  OBSERVE  checkoutservice->emailservice  rpr=0.0000  low=182 high=0  attempts=3  state=ON  metric=rpr
2026-10-07T16:58:41Z  OBSERVE  checkoutservice->paymentservice  rpr=0.0000  low=183 high=0  attempts=3  state=ON  metric=rpr
2026-10-07T16:58:41Z  OBSERVE  checkoutservice->shippingservice  rpr=0.0000  low=183 high=0  attempts=3  state=ON  metric=rpr
2026-10-07T16:58:41Z  OBSERVE  recommendationservice->productcatalogservice  rpr=0.0000  low=184 high=0  attempts=3  state=ON  metric=rpr
2026-10-07T16:58:41Z  OBSERVE  recommendationservice  rejection=0.2151  low=0 high=113  state=OFF  metric=rejection
2026-10-07T16:58:44Z  OBSERVE  frontend->adservice  rpr=0.0000  low=184 high=0  attempts=3  state=ON  metric=rpr
2026-10-07T16:58:44Z  OBSERVE  frontend->cartservice  rpr=0.0000  low=186 high=0  attempts=3  state=ON  metric=rpr
2026-10-07T16:58:44Z  OBSERVE  frontend->checkoutservice  rpr=0.0000  low=143 high=0  attempts=3  state=ON  metric=rpr
2026-10-07T16:58:44Z  OBSERVE  frontend->currencyservice  rpr=0.0000  low=186 high=0  attempts=3  state=ON  metric=rpr
2026-10-07T16:58:44Z  OBSERVE  frontend->productcatalogservice  rpr=0.0000  low=185 high=0  attempts=3  state=ON  metric=rpr
2026-10-07T16:58:44Z  OBSERVE  frontend->shippingservice  rpr=0.0000  low=185 high=0  attempts=3  state=ON  metric=rpr
2026-10-07T16:58:44Z  OBSERVE  checkoutservice->cartservice  rpr=0.0000  low=184 high=0  attempts=3  state=ON  metric=rpr
2026-10-07T16:58:44Z  OBSERVE  checkoutservice->currencyservice  rpr=0.0000  low=184 high=0  attempts=3  state=ON  metric=rpr
2026-10-07T16:58:44Z  OBSERVE  checkoutservice->emailservice  rpr=0.0000  low=183 high=0  attempts=3  state=ON  metric=rpr
2026-10-07T16:58:44Z  OBSERVE  checkoutservice->paymentservice  rpr=0.0000  low=184 high=0  attempts=3  state=ON  metric=rpr
2026-10-07T16:58:44Z  OBSERVE  checkoutservice->shippingservice  rpr=0.0000  low=184 high=0  attempts=3  state=ON  metric=rpr
2026-10-07T16:58:44Z  OBSERVE  recommendationservice->productcatalogservice  rpr=0.0000  low=185 high=0  attempts=3  state=ON  metric=rpr
2026-10-07T16:58:44Z  OBSERVE  recommendationservice  rejection=0.2806  low=0 high=114  state=OFF  metric=rejection
2026-10-07T16:58:46Z  OBSERVE  frontend->adservice  rpr=0.0000  low=185 high=0  attempts=3  state=ON  metric=rpr
2026-10-07T16:58:46Z  OBSERVE  frontend->cartservice  rpr=0.0000  low=187 high=0  attempts=3  state=ON  metric=rpr
2026-10-07T16:58:46Z  OBSERVE  frontend->checkoutservice  rpr=0.0000  low=144 high=0  attempts=3  state=ON  metric=rpr
2026-10-07T16:58:46Z  OBSERVE  frontend->currencyservice  rpr=0.0000  low=187 high=0  attempts=3  state=ON  metric=rpr
2026-10-07T16:58:46Z  OBSERVE  frontend->productcatalogservice  rpr=0.0000  low=186 high=0  attempts=3  state=ON  metric=rpr
2026-10-07T16:58:46Z  OBSERVE  frontend->shippingservice  rpr=0.0000  low=186 high=0  attempts=3  state=ON  metric=rpr
2026-10-07T16:58:46Z  OBSERVE  checkoutservice->cartservice  rpr=0.0000  low=185 high=0  attempts=3  state=ON  metric=rpr
2026-10-07T16:58:46Z  OBSERVE  checkoutservice->currencyservice  rpr=0.0000  low=185 high=0  attempts=3  state=ON  metric=rpr
2026-10-07T16:58:46Z  OBSERVE  checkoutservice->emailservice  rpr=0.0000  low=184 high=0  attempts=3  state=ON  metric=rpr
2026-10-07T16:58:46Z  OBSERVE  checkoutservice->paymentservice  rpr=0.0000  low=185 high=0  attempts=3  state=ON  metric=rpr
2026-10-07T16:58:46Z  OBSERVE  checkoutservice->shippingservice  rpr=0.0000  low=185 high=0  attempts=3  state=ON  metric=rpr
2026-10-07T16:58:46Z  OBSERVE  recommendationservice->productcatalogservice  rpr=0.0000  low=186 high=0  attempts=3  state=ON  metric=rpr
2026-10-07T16:58:46Z  OBSERVE  recommendationservice  rejection=0.2214  low=0 high=115  state=OFF  metric=rejection
2026-10-07T16:58:48Z  OBSERVE  frontend->adservice  rpr=0.0000  low=186 high=0  attempts=3  state=ON  metric=rpr
2026-10-07T16:58:48Z  OBSERVE  frontend->cartservice  rpr=0.0000  low=188 high=0  attempts=3  state=ON  metric=rpr
2026-10-07T16:58:48Z  OBSERVE  frontend->checkoutservice  rpr=0.0000  low=145 high=0  attempts=3  state=ON  metric=rpr
2026-10-07T16:58:48Z  OBSERVE  frontend->currencyservice  rpr=0.0000  low=188 high=0  attempts=3  state=ON  metric=rpr
2026-10-07T16:58:48Z  OBSERVE  frontend->productcatalogservice  rpr=0.0000  low=187 high=0  attempts=3  state=ON  metric=rpr
2026-10-07T16:58:48Z  OBSERVE  frontend->shippingservice  rpr=0.0000  low=187 high=0  attempts=3  state=ON  metric=rpr
2026-10-07T16:58:48Z  OBSERVE  checkoutservice->cartservice  rpr=0.0000  low=186 high=0  attempts=3  state=ON  metric=rpr
2026-10-07T16:58:48Z  OBSERVE  checkoutservice->currencyservice  rpr=0.0000  low=186 high=0  attempts=3  state=ON  metric=rpr
2026-10-07T16:58:48Z  OBSERVE  checkoutservice->emailservice  rpr=0.0000  low=185 high=0  attempts=3  state=ON  metric=rpr
2026-10-07T16:58:48Z  OBSERVE  checkoutservice->paymentservice  rpr=0.0000  low=186 high=0  attempts=3  state=ON  metric=rpr
2026-10-07T16:58:48Z  OBSERVE  checkoutservice->shippingservice  rpr=0.0000  low=186 high=0  attempts=3  state=ON  metric=rpr
2026-10-07T16:58:48Z  OBSERVE  recommendationservice->productcatalogservice  rpr=0.0000  low=187 high=0  attempts=3  state=ON  metric=rpr
2026-10-07T16:58:48Z  OBSERVE  recommendationservice  rejection=0.2613  low=0 high=116  state=OFF  metric=rejection
2026-10-07T16:58:50Z  OBSERVE  frontend->adservice  rpr=0.0000  low=187 high=0  attempts=3  state=ON  metric=rpr
2026-10-07T16:58:50Z  OBSERVE  frontend->cartservice  rpr=0.0000  low=189 high=0  attempts=3  state=ON  metric=rpr
2026-10-07T16:58:50Z  OBSERVE  frontend->checkoutservice  rpr=0.0000  low=146 high=0  attempts=3  state=ON  metric=rpr
2026-10-07T16:58:50Z  OBSERVE  frontend->currencyservice  rpr=0.0000  low=189 high=0  attempts=3  state=ON  metric=rpr
2026-10-07T16:58:50Z  OBSERVE  frontend->productcatalogservice  rpr=0.0000  low=188 high=0  attempts=3  state=ON  metric=rpr
2026-10-07T16:58:50Z  OBSERVE  frontend->shippingservice  rpr=0.0000  low=188 high=0  attempts=3  state=ON  metric=rpr
2026-10-07T16:58:50Z  OBSERVE  checkoutservice->cartservice  rpr=0.0000  low=187 high=0  attempts=3  state=ON  metric=rpr
2026-10-07T16:58:50Z  OBSERVE  checkoutservice->currencyservice  rpr=0.0000  low=187 high=0  attempts=3  state=ON  metric=rpr
2026-10-07T16:58:50Z  OBSERVE  checkoutservice->emailservice  rpr=0.0000  low=186 high=0  attempts=3  state=ON  metric=rpr
2026-10-07T16:58:50Z  OBSERVE  checkoutservice->paymentservice  rpr=0.0000  low=187 high=0  attempts=3  state=ON  metric=rpr
2026-10-07T16:58:50Z  OBSERVE  checkoutservice->shippingservice  rpr=0.0000  low=187 high=0  attempts=3  state=ON  metric=rpr
2026-10-07T16:58:50Z  OBSERVE  recommendationservice->productcatalogservice  rpr=0.0000  low=188 high=0  attempts=3  state=ON  metric=rpr
2026-10-07T16:58:50Z  OBSERVE  recommendationservice  rejection=0.1879  low=0 high=117  state=OFF  metric=rejection
2026-10-07T16:58:52Z  OBSERVE  frontend->adservice  rpr=0.0000  low=188 high=0  attempts=3  state=ON  metric=rpr
2026-10-07T16:58:52Z  OBSERVE  frontend->cartservice  rpr=0.0000  low=190 high=0  attempts=3  state=ON  metric=rpr
2026-10-07T16:58:52Z  OBSERVE  frontend->checkoutservice  rpr=0.0000  low=147 high=0  attempts=3  state=ON  metric=rpr
2026-10-07T16:58:52Z  OBSERVE  frontend->currencyservice  rpr=0.0000  low=190 high=0  attempts=3  state=ON  metric=rpr
2026-10-07T16:58:52Z  OBSERVE  frontend->productcatalogservice  rpr=0.0000  low=189 high=0  attempts=3  state=ON  metric=rpr
2026-10-07T16:58:52Z  OBSERVE  frontend->shippingservice  rpr=0.0000  low=189 high=0  attempts=3  state=ON  metric=rpr
2026-10-07T16:58:52Z  OBSERVE  checkoutservice->cartservice  rpr=0.0000  low=188 high=0  attempts=3  state=ON  metric=rpr
2026-10-07T16:58:52Z  OBSERVE  checkoutservice->currencyservice  rpr=0.0000  low=188 high=0  attempts=3  state=ON  metric=rpr
2026-10-07T16:58:52Z  OBSERVE  checkoutservice->emailservice  rpr=0.0000  low=187 high=0  attempts=3  state=ON  metric=rpr
2026-10-07T16:58:52Z  OBSERVE  checkoutservice->paymentservice  rpr=0.0000  low=188 high=0  attempts=3  state=ON  metric=rpr
2026-10-07T16:58:52Z  OBSERVE  checkoutservice->shippingservice  rpr=0.0000  low=188 high=0  attempts=3  state=ON  metric=rpr
2026-10-07T16:58:52Z  OBSERVE  recommendationservice->productcatalogservice  rpr=0.0000  low=189 high=0  attempts=3  state=ON  metric=rpr
2026-10-07T16:58:52Z  OBSERVE  recommendationservice  rejection=0.1776  low=0 high=118  state=OFF  metric=rejection
2026-10-07T16:58:54Z  OBSERVE  frontend->adservice  rpr=0.0000  low=189 high=0  attempts=3  state=ON  metric=rpr
2026-10-07T16:58:54Z  OBSERVE  frontend->cartservice  rpr=0.0000  low=191 high=0  attempts=3  state=ON  metric=rpr
2026-10-07T16:58:54Z  OBSERVE  frontend->checkoutservice  rpr=0.0000  low=148 high=0  attempts=3  state=ON  metric=rpr
2026-10-07T16:58:54Z  OBSERVE  frontend->currencyservice  rpr=0.0000  low=191 high=0  attempts=3  state=ON  metric=rpr
2026-10-07T16:58:54Z  OBSERVE  frontend->productcatalogservice  rpr=0.0000  low=190 high=0  attempts=3  state=ON  metric=rpr
2026-10-07T16:58:54Z  OBSERVE  frontend->shippingservice  rpr=0.0000  low=190 high=0  attempts=3  state=ON  metric=rpr
2026-10-07T16:58:54Z  OBSERVE  checkoutservice->cartservice  rpr=0.0000  low=189 high=0  attempts=3  state=ON  metric=rpr
2026-10-07T16:58:54Z  OBSERVE  checkoutservice->currencyservice  rpr=0.0000  low=189 high=0  attempts=3  state=ON  metric=rpr
2026-10-07T16:58:54Z  OBSERVE  checkoutservice->emailservice  rpr=0.0000  low=188 high=0  attempts=3  state=ON  metric=rpr
2026-10-07T16:58:54Z  OBSERVE  checkoutservice->paymentservice  rpr=0.0000  low=189 high=0  attempts=3  state=ON  metric=rpr
2026-10-07T16:58:54Z  OBSERVE  checkoutservice->shippingservice  rpr=0.0000  low=189 high=0  attempts=3  state=ON  metric=rpr
2026-10-07T16:58:54Z  OBSERVE  recommendationservice->productcatalogservice  rpr=0.0000  low=190 high=0  attempts=3  state=ON  metric=rpr
2026-10-07T16:58:54Z  OBSERVE  recommendationservice  rejection=0.1573  low=0 high=119  state=OFF  metric=rejection
2026-10-07T16:58:56Z  OBSERVE  frontend->adservice  rpr=0.0000  low=190 high=0  attempts=3  state=ON  metric=rpr
2026-10-07T16:58:56Z  OBSERVE  frontend->cartservice  rpr=0.0000  low=192 high=0  attempts=3  state=ON  metric=rpr
2026-10-07T16:58:56Z  OBSERVE  frontend->checkoutservice  rpr=0.0000  low=149 high=0  attempts=3  state=ON  metric=rpr
2026-10-07T16:58:56Z  OBSERVE  frontend->currencyservice  rpr=0.0000  low=192 high=0  attempts=3  state=ON  metric=rpr
2026-10-07T16:58:56Z  OBSERVE  frontend->productcatalogservice  rpr=0.0000  low=191 high=0  attempts=3  state=ON  metric=rpr
2026-10-07T16:58:56Z  OBSERVE  frontend->shippingservice  rpr=0.0000  low=191 high=0  attempts=3  state=ON  metric=rpr
2026-10-07T16:58:56Z  OBSERVE  checkoutservice->cartservice  rpr=0.0000  low=190 high=0  attempts=3  state=ON  metric=rpr
2026-10-07T16:58:56Z  OBSERVE  checkoutservice->currencyservice  rpr=0.0000  low=190 high=0  attempts=3  state=ON  metric=rpr
2026-10-07T16:58:56Z  OBSERVE  checkoutservice->emailservice  rpr=0.0000  low=189 high=0  attempts=3  state=ON  metric=rpr
2026-10-07T16:58:56Z  OBSERVE  checkoutservice->paymentservice  rpr=0.0000  low=190 high=0  attempts=3  state=ON  metric=rpr
2026-10-07T16:58:56Z  OBSERVE  checkoutservice->shippingservice  rpr=0.0000  low=190 high=0  attempts=3  state=ON  metric=rpr
2026-10-07T16:58:56Z  OBSERVE  recommendationservice->productcatalogservice  rpr=0.0000  low=191 high=0  attempts=3  state=ON  metric=rpr
2026-10-07T16:58:56Z  OBSERVE  recommendationservice  rejection=0.2505  low=0 high=120  state=OFF  metric=rejection
2026-10-07T16:58:58Z  OBSERVE  frontend->adservice  rpr=0.0000  low=191 high=0  attempts=3  state=ON  metric=rpr
2026-10-07T16:58:58Z  OBSERVE  frontend->cartservice  rpr=0.0000  low=193 high=0  attempts=3  state=ON  metric=rpr
2026-10-07T16:58:58Z  OBSERVE  frontend->checkoutservice  rpr=0.0000  low=150 high=0  attempts=3  state=ON  metric=rpr
2026-10-07T16:58:58Z  OBSERVE  frontend->currencyservice  rpr=0.0000  low=193 high=0  attempts=3  state=ON  metric=rpr
2026-10-07T16:58:58Z  OBSERVE  frontend->productcatalogservice  rpr=0.0000  low=192 high=0  attempts=3  state=ON  metric=rpr
2026-10-07T16:58:58Z  OBSERVE  frontend->shippingservice  rpr=0.0000  low=192 high=0  attempts=3  state=ON  metric=rpr
2026-10-07T16:58:58Z  OBSERVE  checkoutservice->cartservice  rpr=0.0000  low=191 high=0  attempts=3  state=ON  metric=rpr
2026-10-07T16:58:58Z  OBSERVE  checkoutservice->currencyservice  rpr=0.0000  low=191 high=0  attempts=3  state=ON  metric=rpr
2026-10-07T16:58:58Z  OBSERVE  checkoutservice->emailservice  rpr=0.0000  low=190 high=0  attempts=3  state=ON  metric=rpr
2026-10-07T16:58:58Z  OBSERVE  checkoutservice->paymentservice  rpr=0.0000  low=191 high=0  attempts=3  state=ON  metric=rpr
2026-10-07T16:58:58Z  OBSERVE  checkoutservice->shippingservice  rpr=0.0000  low=191 high=0  attempts=3  state=ON  metric=rpr
2026-10-07T16:58:58Z  OBSERVE  recommendationservice->productcatalogservice  rpr=0.0000  low=192 high=0  attempts=3  state=ON  metric=rpr
2026-10-07T16:58:58Z  OBSERVE  recommendationservice  rejection=0.2124  low=0 high=121  state=OFF  metric=rejection
2026-10-07T16:59:00Z  OBSERVE  frontend->adservice  rpr=0.0000  low=192 high=0  attempts=3  state=ON  metric=rpr
2026-10-07T16:59:00Z  OBSERVE  frontend->cartservice  rpr=0.0000  low=194 high=0  attempts=3  state=ON  metric=rpr
2026-10-07T16:59:00Z  OBSERVE  frontend->checkoutservice  rpr=0.0000  low=151 high=0  attempts=3  state=ON  metric=rpr
2026-10-07T16:59:00Z  OBSERVE  frontend->currencyservice  rpr=0.0000  low=194 high=0  attempts=3  state=ON  metric=rpr
2026-10-07T16:59:00Z  OBSERVE  frontend->productcatalogservice  rpr=0.0000  low=193 high=0  attempts=3  state=ON  metric=rpr
2026-10-07T16:59:00Z  OBSERVE  frontend->shippingservice  rpr=0.0000  low=193 high=0  attempts=3  state=ON  metric=rpr
2026-10-07T16:59:00Z  OBSERVE  checkoutservice->cartservice  rpr=0.0000  low=192 high=0  attempts=3  state=ON  metric=rpr
2026-10-07T16:59:00Z  OBSERVE  checkoutservice->currencyservice  rpr=0.0000  low=192 high=0  attempts=3  state=ON  metric=rpr
2026-10-07T16:59:00Z  OBSERVE  checkoutservice->emailservice  rpr=0.0000  low=191 high=0  attempts=3  state=ON  metric=rpr
2026-10-07T16:59:00Z  OBSERVE  checkoutservice->paymentservice  rpr=0.0000  low=192 high=0  attempts=3  state=ON  metric=rpr
2026-10-07T16:59:00Z  OBSERVE  checkoutservice->shippingservice  rpr=0.0000  low=192 high=0  attempts=3  state=ON  metric=rpr
2026-10-07T16:59:00Z  OBSERVE  recommendationservice->productcatalogservice  rpr=0.0000  low=193 high=0  attempts=3  state=ON  metric=rpr
2026-10-07T16:59:00Z  OBSERVE  recommendationservice  rejection=0.1902  low=0 high=122  state=OFF  metric=rejection
2026-10-07T16:59:02Z  OBSERVE  frontend->adservice  rpr=0.0000  low=193 high=0  attempts=3  state=ON  metric=rpr
2026-10-07T16:59:02Z  OBSERVE  frontend->cartservice  rpr=0.0000  low=195 high=0  attempts=3  state=ON  metric=rpr
2026-10-07T16:59:02Z  OBSERVE  frontend->checkoutservice  rpr=0.0000  low=152 high=0  attempts=3  state=ON  metric=rpr
2026-10-07T16:59:02Z  OBSERVE  frontend->currencyservice  rpr=0.0000  low=195 high=0  attempts=3  state=ON  metric=rpr
2026-10-07T16:59:02Z  OBSERVE  frontend->productcatalogservice  rpr=0.0000  low=194 high=0  attempts=3  state=ON  metric=rpr
2026-10-07T16:59:02Z  OBSERVE  frontend->shippingservice  rpr=0.0000  low=194 high=0  attempts=3  state=ON  metric=rpr
2026-10-07T16:59:02Z  OBSERVE  checkoutservice->cartservice  rpr=0.0000  low=193 high=0  attempts=3  state=ON  metric=rpr
2026-10-07T16:59:02Z  OBSERVE  checkoutservice->currencyservice  rpr=0.0000  low=193 high=0  attempts=3  state=ON  metric=rpr
2026-10-07T16:59:02Z  OBSERVE  checkoutservice->emailservice  rpr=0.0000  low=192 high=0  attempts=3  state=ON  metric=rpr
2026-10-07T16:59:02Z  OBSERVE  checkoutservice->paymentservice  rpr=0.0000  low=193 high=0  attempts=3  state=ON  metric=rpr
2026-10-07T16:59:02Z  OBSERVE  checkoutservice->shippingservice  rpr=0.0000  low=193 high=0  attempts=3  state=ON  metric=rpr
2026-10-07T16:59:02Z  OBSERVE  recommendationservice->productcatalogservice  rpr=0.0000  low=194 high=0  attempts=3  state=ON  metric=rpr
2026-10-07T16:59:02Z  OBSERVE  recommendationservice  rejection=0.1963  low=0 high=123  state=OFF  metric=rejection
2026-10-07T16:59:04Z  OBSERVE  frontend->adservice  rpr=0.0000  low=194 high=0  attempts=3  state=ON  metric=rpr
2026-10-07T16:59:04Z  OBSERVE  frontend->cartservice  rpr=0.0000  low=196 high=0  attempts=3  state=ON  metric=rpr
2026-10-07T16:59:04Z  OBSERVE  frontend->checkoutservice  rpr=0.0000  low=153 high=0  attempts=3  state=ON  metric=rpr
2026-10-07T16:59:04Z  OBSERVE  frontend->currencyservice  rpr=0.0000  low=196 high=0  attempts=3  state=ON  metric=rpr
2026-10-07T16:59:04Z  OBSERVE  frontend->productcatalogservice  rpr=0.0000  low=195 high=0  attempts=3  state=ON  metric=rpr
2026-10-07T16:59:04Z  OBSERVE  frontend->shippingservice  rpr=0.0000  low=195 high=0  attempts=3  state=ON  metric=rpr
2026-10-07T16:59:04Z  OBSERVE  checkoutservice->cartservice  rpr=0.0000  low=194 high=0  attempts=3  state=ON  metric=rpr
2026-10-07T16:59:04Z  OBSERVE  checkoutservice->currencyservice  rpr=0.0000  low=194 high=0  attempts=3  state=ON  metric=rpr
2026-10-07T16:59:04Z  OBSERVE  checkoutservice->emailservice  rpr=0.0000  low=193 high=0  attempts=3  state=ON  metric=rpr
2026-10-07T16:59:04Z  OBSERVE  checkoutservice->paymentservice  rpr=0.0000  low=194 high=0  attempts=3  state=ON  metric=rpr
2026-10-07T16:59:04Z  OBSERVE  checkoutservice->shippingservice  rpr=0.0000  low=194 high=0  attempts=3  state=ON  metric=rpr
2026-10-07T16:59:04Z  OBSERVE  recommendationservice->productcatalogservice  rpr=0.0000  low=195 high=0  attempts=3  state=ON  metric=rpr
2026-10-07T16:59:04Z  OBSERVE  recommendationservice  rejection=0.2340  low=0 high=124  state=OFF  metric=rejection
2026-10-07T16:59:06Z  OBSERVE  frontend->adservice  rpr=0.0000  low=195 high=0  attempts=3  state=ON  metric=rpr
2026-10-07T16:59:06Z  OBSERVE  frontend->cartservice  rpr=0.0000  low=197 high=0  attempts=3  state=ON  metric=rpr
2026-10-07T16:59:06Z  OBSERVE  frontend->checkoutservice  rpr=0.0000  low=154 high=0  attempts=3  state=ON  metric=rpr
2026-10-07T16:59:06Z  OBSERVE  frontend->currencyservice  rpr=0.0000  low=197 high=0  attempts=3  state=ON  metric=rpr
2026-10-07T16:59:06Z  OBSERVE  frontend->productcatalogservice  rpr=0.0000  low=196 high=0  attempts=3  state=ON  metric=rpr
2026-10-07T16:59:06Z  OBSERVE  frontend->shippingservice  rpr=0.0000  low=196 high=0  attempts=3  state=ON  metric=rpr
2026-10-07T16:59:06Z  OBSERVE  checkoutservice->cartservice  rpr=0.0000  low=195 high=0  attempts=3  state=ON  metric=rpr
2026-10-07T16:59:06Z  OBSERVE  checkoutservice->currencyservice  rpr=0.0000  low=195 high=0  attempts=3  state=ON  metric=rpr
2026-10-07T16:59:06Z  OBSERVE  checkoutservice->emailservice  rpr=0.0000  low=194 high=0  attempts=3  state=ON  metric=rpr
2026-10-07T16:59:06Z  OBSERVE  checkoutservice->paymentservice  rpr=0.0000  low=195 high=0  attempts=3  state=ON  metric=rpr
2026-10-07T16:59:06Z  OBSERVE  checkoutservice->shippingservice  rpr=0.0000  low=195 high=0  attempts=3  state=ON  metric=rpr
2026-10-07T16:59:06Z  OBSERVE  recommendationservice->productcatalogservice  rpr=0.0000  low=196 high=0  attempts=3  state=ON  metric=rpr
2026-10-07T16:59:06Z  OBSERVE  recommendationservice  rejection=0.1873  low=0 high=125  state=OFF  metric=rejection
2026-10-07T16:59:07Z  OBSERVE  frontend->adservice  rpr=0.0000  low=196 high=0  attempts=3  state=ON  metric=rpr
2026-10-07T16:59:07Z  OBSERVE  frontend->cartservice  rpr=0.0000  low=198 high=0  attempts=3  state=ON  metric=rpr
2026-10-07T16:59:07Z  OBSERVE  frontend->checkoutservice  rpr=0.0000  low=155 high=0  attempts=3  state=ON  metric=rpr
2026-10-07T16:59:07Z  OBSERVE  frontend->currencyservice  rpr=0.0000  low=198 high=0  attempts=3  state=ON  metric=rpr
2026-10-07T16:59:07Z  OBSERVE  frontend->productcatalogservice  rpr=0.0000  low=197 high=0  attempts=3  state=ON  metric=rpr
2026-10-07T16:59:07Z  OBSERVE  frontend->shippingservice  rpr=0.0000  low=197 high=0  attempts=3  state=ON  metric=rpr
2026-10-07T16:59:07Z  OBSERVE  checkoutservice->cartservice  rpr=0.0000  low=196 high=0  attempts=3  state=ON  metric=rpr
2026-10-07T16:59:07Z  OBSERVE  checkoutservice->currencyservice  rpr=0.0000  low=196 high=0  attempts=3  state=ON  metric=rpr
2026-10-07T16:59:07Z  OBSERVE  checkoutservice->emailservice  rpr=0.0000  low=195 high=0  attempts=3  state=ON  metric=rpr
2026-10-07T16:59:07Z  OBSERVE  checkoutservice->paymentservice  rpr=0.0000  low=196 high=0  attempts=3  state=ON  metric=rpr
2026-10-07T16:59:07Z  OBSERVE  checkoutservice->shippingservice  rpr=0.0000  low=196 high=0  attempts=3  state=ON  metric=rpr
2026-10-07T16:59:07Z  OBSERVE  recommendationservice->productcatalogservice  rpr=0.0000  low=197 high=0  attempts=3  state=ON  metric=rpr
2026-10-07T16:59:07Z  OBSERVE  recommendationservice  rejection=0.2096  low=0 high=126  state=OFF  metric=rejection
2026-10-07T16:59:09Z  OBSERVE  frontend->adservice  rpr=0.0000  low=197 high=0  attempts=3  state=ON  metric=rpr
2026-10-07T16:59:09Z  OBSERVE  frontend->cartservice  rpr=0.0000  low=199 high=0  attempts=3  state=ON  metric=rpr
2026-10-07T16:59:09Z  OBSERVE  frontend->checkoutservice  rpr=0.0000  low=156 high=0  attempts=3  state=ON  metric=rpr
2026-10-07T16:59:09Z  OBSERVE  frontend->currencyservice  rpr=0.0000  low=199 high=0  attempts=3  state=ON  metric=rpr
2026-10-07T16:59:09Z  OBSERVE  frontend->productcatalogservice  rpr=0.0000  low=198 high=0  attempts=3  state=ON  metric=rpr
2026-10-07T16:59:09Z  OBSERVE  frontend->shippingservice  rpr=0.0000  low=198 high=0  attempts=3  state=ON  metric=rpr
2026-10-07T16:59:09Z  OBSERVE  checkoutservice->cartservice  rpr=0.0000  low=197 high=0  attempts=3  state=ON  metric=rpr
2026-10-07T16:59:09Z  OBSERVE  checkoutservice->currencyservice  rpr=0.0000  low=197 high=0  attempts=3  state=ON  metric=rpr
2026-10-07T16:59:09Z  OBSERVE  checkoutservice->emailservice  rpr=0.0000  low=196 high=0  attempts=3  state=ON  metric=rpr
2026-10-07T16:59:09Z  OBSERVE  checkoutservice->paymentservice  rpr=0.0000  low=197 high=0  attempts=3  state=ON  metric=rpr
2026-10-07T16:59:09Z  OBSERVE  checkoutservice->shippingservice  rpr=0.0000  low=197 high=0  attempts=3  state=ON  metric=rpr
2026-10-07T16:59:09Z  OBSERVE  recommendationservice->productcatalogservice  rpr=0.0000  low=198 high=0  attempts=3  state=ON  metric=rpr
2026-10-07T16:59:09Z  OBSERVE  recommendationservice  rejection=0.2303  low=0 high=127  state=OFF  metric=rejection
2026-10-07T16:59:12Z  OBSERVE  frontend->adservice  rpr=0.0000  low=198 high=0  attempts=3  state=ON  metric=rpr
2026-10-07T16:59:12Z  OBSERVE  frontend->cartservice  rpr=0.0000  low=200 high=0  attempts=3  state=ON  metric=rpr
2026-10-07T16:59:12Z  OBSERVE  frontend->checkoutservice  rpr=0.0000  low=157 high=0  attempts=3  state=ON  metric=rpr
2026-10-07T16:59:12Z  OBSERVE  frontend->currencyservice  rpr=0.0000  low=200 high=0  attempts=3  state=ON  metric=rpr
2026-10-07T16:59:12Z  OBSERVE  frontend->productcatalogservice  rpr=0.0000  low=199 high=0  attempts=3  state=ON  metric=rpr
2026-10-07T16:59:12Z  OBSERVE  frontend->shippingservice  rpr=0.0000  low=199 high=0  attempts=3  state=ON  metric=rpr
2026-10-07T16:59:12Z  OBSERVE  checkoutservice->cartservice  rpr=0.0000  low=198 high=0  attempts=3  state=ON  metric=rpr
2026-10-07T16:59:12Z  OBSERVE  checkoutservice->currencyservice  rpr=0.0000  low=198 high=0  attempts=3  state=ON  metric=rpr
2026-10-07T16:59:12Z  OBSERVE  checkoutservice->emailservice  rpr=0.0000  low=197 high=0  attempts=3  state=ON  metric=rpr
2026-10-07T16:59:12Z  OBSERVE  checkoutservice->paymentservice  rpr=0.0000  low=198 high=0  attempts=3  state=ON  metric=rpr
2026-10-07T16:59:12Z  OBSERVE  checkoutservice->shippingservice  rpr=0.0000  low=198 high=0  attempts=3  state=ON  metric=rpr
2026-10-07T16:59:12Z  OBSERVE  recommendationservice->productcatalogservice  rpr=0.0000  low=199 high=0  attempts=3  state=ON  metric=rpr
2026-10-07T16:59:12Z  OBSERVE  recommendationservice  rejection=0.1561  low=0 high=128  state=OFF  metric=rejection
2026-10-07T16:59:13Z  OBSERVE  frontend->adservice  rpr=0.0000  low=199 high=0  attempts=3  state=ON  metric=rpr
2026-10-07T16:59:13Z  OBSERVE  frontend->cartservice  rpr=0.0000  low=201 high=0  attempts=3  state=ON  metric=rpr
2026-10-07T16:59:13Z  OBSERVE  frontend->checkoutservice  rpr=0.0000  low=158 high=0  attempts=3  state=ON  metric=rpr
2026-10-07T16:59:13Z  OBSERVE  frontend->currencyservice  rpr=0.0000  low=201 high=0  attempts=3  state=ON  metric=rpr
2026-10-07T16:59:13Z  OBSERVE  frontend->productcatalogservice  rpr=0.0000  low=200 high=0  attempts=3  state=ON  metric=rpr
2026-10-07T16:59:13Z  OBSERVE  frontend->shippingservice  rpr=0.0000  low=200 high=0  attempts=3  state=ON  metric=rpr
2026-10-07T16:59:13Z  OBSERVE  checkoutservice->cartservice  rpr=0.0000  low=199 high=0  attempts=3  state=ON  metric=rpr
2026-10-07T16:59:13Z  OBSERVE  checkoutservice->currencyservice  rpr=0.0000  low=199 high=0  attempts=3  state=ON  metric=rpr
2026-10-07T16:59:13Z  OBSERVE  checkoutservice->emailservice  rpr=0.0000  low=198 high=0  attempts=3  state=ON  metric=rpr
2026-10-07T16:59:13Z  OBSERVE  checkoutservice->paymentservice  rpr=0.0000  low=199 high=0  attempts=3  state=ON  metric=rpr
2026-10-07T16:59:13Z  OBSERVE  checkoutservice->shippingservice  rpr=0.0000  low=199 high=0  attempts=3  state=ON  metric=rpr
2026-10-07T16:59:13Z  OBSERVE  recommendationservice->productcatalogservice  rpr=0.0000  low=200 high=0  attempts=3  state=ON  metric=rpr
2026-10-07T16:59:13Z  OBSERVE  recommendationservice  rejection=0.1814  low=0 high=129  state=OFF  metric=rejection
2026-10-07T16:59:15Z  OBSERVE  frontend->adservice  rpr=0.0000  low=200 high=0  attempts=3  state=ON  metric=rpr
2026-10-07T16:59:15Z  OBSERVE  frontend->cartservice  rpr=0.0000  low=202 high=0  attempts=3  state=ON  metric=rpr
2026-10-07T16:59:15Z  OBSERVE  frontend->checkoutservice  rpr=0.0000  low=159 high=0  attempts=3  state=ON  metric=rpr
2026-10-07T16:59:15Z  OBSERVE  frontend->currencyservice  rpr=0.0000  low=202 high=0  attempts=3  state=ON  metric=rpr
2026-10-07T16:59:15Z  OBSERVE  frontend->productcatalogservice  rpr=0.0000  low=201 high=0  attempts=3  state=ON  metric=rpr
2026-10-07T16:59:15Z  OBSERVE  frontend->shippingservice  rpr=0.0000  low=201 high=0  attempts=3  state=ON  metric=rpr
2026-10-07T16:59:15Z  OBSERVE  checkoutservice->cartservice  rpr=0.0000  low=200 high=0  attempts=3  state=ON  metric=rpr
2026-10-07T16:59:15Z  OBSERVE  checkoutservice->currencyservice  rpr=0.0000  low=200 high=0  attempts=3  state=ON  metric=rpr
2026-10-07T16:59:15Z  OBSERVE  checkoutservice->emailservice  rpr=0.0000  low=199 high=0  attempts=3  state=ON  metric=rpr
2026-10-07T16:59:15Z  OBSERVE  checkoutservice->paymentservice  rpr=0.0000  low=200 high=0  attempts=3  state=ON  metric=rpr
2026-10-07T16:59:15Z  OBSERVE  checkoutservice->shippingservice  rpr=0.0000  low=200 high=0  attempts=3  state=ON  metric=rpr
2026-10-07T16:59:15Z  OBSERVE  recommendationservice->productcatalogservice  rpr=0.0000  low=201 high=0  attempts=3  state=ON  metric=rpr
2026-10-07T16:59:15Z  OBSERVE  recommendationservice  rejection=0.1455  low=0 high=130  state=OFF  metric=rejection
2026-10-07T16:59:17Z  OBSERVE  frontend->adservice  rpr=0.0000  low=201 high=0  attempts=3  state=ON  metric=rpr
2026-10-07T16:59:17Z  OBSERVE  frontend->cartservice  rpr=0.0000  low=203 high=0  attempts=3  state=ON  metric=rpr
2026-10-07T16:59:17Z  OBSERVE  frontend->checkoutservice  rpr=0.0000  low=160 high=0  attempts=3  state=ON  metric=rpr
2026-10-07T16:59:17Z  OBSERVE  frontend->currencyservice  rpr=0.0000  low=203 high=0  attempts=3  state=ON  metric=rpr
2026-10-07T16:59:17Z  OBSERVE  frontend->productcatalogservice  rpr=0.0000  low=202 high=0  attempts=3  state=ON  metric=rpr
2026-10-07T16:59:17Z  OBSERVE  frontend->shippingservice  rpr=0.0000  low=202 high=0  attempts=3  state=ON  metric=rpr
2026-10-07T16:59:17Z  OBSERVE  checkoutservice->cartservice  rpr=0.0000  low=201 high=0  attempts=3  state=ON  metric=rpr
2026-10-07T16:59:17Z  OBSERVE  checkoutservice->currencyservice  rpr=0.0000  low=201 high=0  attempts=3  state=ON  metric=rpr
2026-10-07T16:59:17Z  OBSERVE  checkoutservice->emailservice  rpr=0.0000  low=200 high=0  attempts=3  state=ON  metric=rpr
2026-10-07T16:59:17Z  OBSERVE  checkoutservice->paymentservice  rpr=0.0000  low=201 high=0  attempts=3  state=ON  metric=rpr
2026-10-07T16:59:17Z  OBSERVE  checkoutservice->shippingservice  rpr=0.0000  low=201 high=0  attempts=3  state=ON  metric=rpr
2026-10-07T16:59:17Z  OBSERVE  recommendationservice->productcatalogservice  rpr=0.0000  low=202 high=0  attempts=3  state=ON  metric=rpr
2026-10-07T16:59:17Z  OBSERVE  recommendationservice  rejection=0.1574  low=0 high=131  state=OFF  metric=rejection
2026-10-07T16:59:19Z  OBSERVE  frontend->adservice  rpr=0.0000  low=202 high=0  attempts=3  state=ON  metric=rpr
2026-10-07T16:59:19Z  OBSERVE  frontend->cartservice  rpr=0.0000  low=204 high=0  attempts=3  state=ON  metric=rpr
2026-10-07T16:59:19Z  OBSERVE  frontend->checkoutservice  rpr=0.0000  low=161 high=0  attempts=3  state=ON  metric=rpr
2026-10-07T16:59:19Z  OBSERVE  frontend->currencyservice  rpr=0.0000  low=204 high=0  attempts=3  state=ON  metric=rpr
2026-10-07T16:59:19Z  OBSERVE  frontend->productcatalogservice  rpr=0.0000  low=203 high=0  attempts=3  state=ON  metric=rpr
2026-10-07T16:59:19Z  OBSERVE  frontend->shippingservice  rpr=0.0000  low=203 high=0  attempts=3  state=ON  metric=rpr
2026-10-07T16:59:19Z  OBSERVE  checkoutservice->cartservice  rpr=0.0000  low=202 high=0  attempts=3  state=ON  metric=rpr
2026-10-07T16:59:19Z  OBSERVE  checkoutservice->currencyservice  rpr=0.0000  low=202 high=0  attempts=3  state=ON  metric=rpr
2026-10-07T16:59:19Z  OBSERVE  checkoutservice->emailservice  rpr=0.0000  low=201 high=0  attempts=3  state=ON  metric=rpr
2026-10-07T16:59:19Z  OBSERVE  checkoutservice->paymentservice  rpr=0.0000  low=202 high=0  attempts=3  state=ON  metric=rpr
2026-10-07T16:59:19Z  OBSERVE  checkoutservice->shippingservice  rpr=0.0000  low=202 high=0  attempts=3  state=ON  metric=rpr
2026-10-07T16:59:19Z  OBSERVE  recommendationservice->productcatalogservice  rpr=0.0000  low=203 high=0  attempts=3  state=ON  metric=rpr
2026-10-07T16:59:19Z  OBSERVE  recommendationservice  rejection=0.2374  low=0 high=132  state=OFF  metric=rejection
2026-10-07T16:59:21Z  OBSERVE  frontend->adservice  rpr=0.0000  low=203 high=0  attempts=3  state=ON  metric=rpr
2026-10-07T16:59:21Z  OBSERVE  frontend->cartservice  rpr=0.0000  low=205 high=0  attempts=3  state=ON  metric=rpr
2026-10-07T16:59:21Z  OBSERVE  frontend->checkoutservice  rpr=0.0000  low=162 high=0  attempts=3  state=ON  metric=rpr
2026-10-07T16:59:21Z  OBSERVE  frontend->currencyservice  rpr=0.0000  low=205 high=0  attempts=3  state=ON  metric=rpr
2026-10-07T16:59:21Z  OBSERVE  frontend->productcatalogservice  rpr=0.0000  low=204 high=0  attempts=3  state=ON  metric=rpr
2026-10-07T16:59:21Z  OBSERVE  frontend->shippingservice  rpr=0.0000  low=204 high=0  attempts=3  state=ON  metric=rpr
2026-10-07T16:59:21Z  OBSERVE  checkoutservice->cartservice  rpr=0.0000  low=203 high=0  attempts=3  state=ON  metric=rpr
2026-10-07T16:59:21Z  OBSERVE  checkoutservice->currencyservice  rpr=0.0000  low=203 high=0  attempts=3  state=ON  metric=rpr
2026-10-07T16:59:21Z  OBSERVE  checkoutservice->emailservice  rpr=0.0000  low=202 high=0  attempts=3  state=ON  metric=rpr
2026-10-07T16:59:21Z  OBSERVE  checkoutservice->paymentservice  rpr=0.0000  low=203 high=0  attempts=3  state=ON  metric=rpr
2026-10-07T16:59:21Z  OBSERVE  checkoutservice->shippingservice  rpr=0.0000  low=203 high=0  attempts=3  state=ON  metric=rpr
2026-10-07T16:59:21Z  OBSERVE  recommendationservice->productcatalogservice  rpr=0.0000  low=204 high=0  attempts=3  state=ON  metric=rpr
2026-10-07T16:59:21Z  OBSERVE  recommendationservice  rejection=0.2054  low=0 high=133  state=OFF  metric=rejection
2026-10-07T16:59:23Z  OBSERVE  frontend->adservice  rpr=0.0000  low=204 high=0  attempts=3  state=ON  metric=rpr
2026-10-07T16:59:23Z  OBSERVE  frontend->cartservice  rpr=0.0000  low=206 high=0  attempts=3  state=ON  metric=rpr
2026-10-07T16:59:23Z  OBSERVE  frontend->checkoutservice  rpr=0.0000  low=163 high=0  attempts=3  state=ON  metric=rpr
2026-10-07T16:59:23Z  OBSERVE  frontend->currencyservice  rpr=0.0000  low=206 high=0  attempts=3  state=ON  metric=rpr
2026-10-07T16:59:23Z  OBSERVE  frontend->productcatalogservice  rpr=0.0000  low=205 high=0  attempts=3  state=ON  metric=rpr
2026-10-07T16:59:23Z  OBSERVE  frontend->shippingservice  rpr=0.0000  low=205 high=0  attempts=3  state=ON  metric=rpr
2026-10-07T16:59:23Z  OBSERVE  checkoutservice->cartservice  rpr=0.0000  low=204 high=0  attempts=3  state=ON  metric=rpr
2026-10-07T16:59:23Z  OBSERVE  checkoutservice->currencyservice  rpr=0.0000  low=204 high=0  attempts=3  state=ON  metric=rpr
2026-10-07T16:59:23Z  OBSERVE  checkoutservice->emailservice  rpr=0.0000  low=203 high=0  attempts=3  state=ON  metric=rpr
2026-10-07T16:59:23Z  OBSERVE  checkoutservice->paymentservice  rpr=0.0000  low=204 high=0  attempts=3  state=ON  metric=rpr
2026-10-07T16:59:23Z  OBSERVE  checkoutservice->shippingservice  rpr=0.0000  low=204 high=0  attempts=3  state=ON  metric=rpr
2026-10-07T16:59:23Z  OBSERVE  recommendationservice->productcatalogservice  rpr=0.0000  low=205 high=0  attempts=3  state=ON  metric=rpr
2026-10-07T16:59:23Z  OBSERVE  recommendationservice  rejection=0.1793  low=0 high=134  state=OFF  metric=rejection
2026-10-07T16:59:25Z  OBSERVE  frontend->adservice  rpr=0.0000  low=205 high=0  attempts=3  state=ON  metric=rpr
2026-10-07T16:59:25Z  OBSERVE  frontend->cartservice  rpr=0.0000  low=207 high=0  attempts=3  state=ON  metric=rpr
2026-10-07T16:59:25Z  OBSERVE  frontend->checkoutservice  rpr=0.0000  low=164 high=0  attempts=3  state=ON  metric=rpr
2026-10-07T16:59:25Z  OBSERVE  frontend->currencyservice  rpr=0.0000  low=207 high=0  attempts=3  state=ON  metric=rpr
2026-10-07T16:59:25Z  OBSERVE  frontend->productcatalogservice  rpr=0.0000  low=206 high=0  attempts=3  state=ON  metric=rpr
2026-10-07T16:59:25Z  OBSERVE  frontend->shippingservice  rpr=0.0000  low=206 high=0  attempts=3  state=ON  metric=rpr
2026-10-07T16:59:25Z  OBSERVE  checkoutservice->cartservice  rpr=0.0000  low=205 high=0  attempts=3  state=ON  metric=rpr
2026-10-07T16:59:25Z  OBSERVE  checkoutservice->currencyservice  rpr=0.0000  low=205 high=0  attempts=3  state=ON  metric=rpr
2026-10-07T16:59:25Z  OBSERVE  checkoutservice->emailservice  rpr=0.0000  low=204 high=0  attempts=3  state=ON  metric=rpr
2026-10-07T16:59:25Z  OBSERVE  checkoutservice->paymentservice  rpr=0.0000  low=205 high=0  attempts=3  state=ON  metric=rpr
2026-10-07T16:59:25Z  OBSERVE  checkoutservice->shippingservice  rpr=0.0000  low=205 high=0  attempts=3  state=ON  metric=rpr
2026-10-07T16:59:25Z  OBSERVE  recommendationservice->productcatalogservice  rpr=0.0000  low=206 high=0  attempts=3  state=ON  metric=rpr
2026-10-07T16:59:25Z  OBSERVE  recommendationservice  rejection=0.1308  low=0 high=135  state=OFF  metric=rejection
2026-10-07T16:59:27Z  OBSERVE  frontend->adservice  rpr=0.0000  low=206 high=0  attempts=3  state=ON  metric=rpr
2026-10-07T16:59:27Z  OBSERVE  frontend->cartservice  rpr=0.0000  low=208 high=0  attempts=3  state=ON  metric=rpr
2026-10-07T16:59:27Z  OBSERVE  frontend->checkoutservice  rpr=0.0000  low=165 high=0  attempts=3  state=ON  metric=rpr
2026-10-07T16:59:27Z  OBSERVE  frontend->currencyservice  rpr=0.0000  low=208 high=0  attempts=3  state=ON  metric=rpr
2026-10-07T16:59:27Z  OBSERVE  frontend->productcatalogservice  rpr=0.0000  low=207 high=0  attempts=3  state=ON  metric=rpr
2026-10-07T16:59:27Z  OBSERVE  frontend->shippingservice  rpr=0.0000  low=207 high=0  attempts=3  state=ON  metric=rpr
2026-10-07T16:59:27Z  OBSERVE  checkoutservice->cartservice  rpr=0.0000  low=206 high=0  attempts=3  state=ON  metric=rpr
2026-10-07T16:59:27Z  OBSERVE  checkoutservice->currencyservice  rpr=0.0000  low=206 high=0  attempts=3  state=ON  metric=rpr
2026-10-07T16:59:27Z  OBSERVE  checkoutservice->emailservice  rpr=0.0000  low=205 high=0  attempts=3  state=ON  metric=rpr
2026-10-07T16:59:27Z  OBSERVE  checkoutservice->paymentservice  rpr=0.0000  low=206 high=0  attempts=3  state=ON  metric=rpr
2026-10-07T16:59:27Z  OBSERVE  checkoutservice->shippingservice  rpr=0.0000  low=206 high=0  attempts=3  state=ON  metric=rpr
2026-10-07T16:59:27Z  OBSERVE  recommendationservice->productcatalogservice  rpr=0.0000  low=207 high=0  attempts=3  state=ON  metric=rpr
2026-10-07T16:59:27Z  OBSERVE  recommendationservice  rejection=0.2355  low=0 high=136  state=OFF  metric=rejection
2026-10-07T16:59:29Z  OBSERVE  frontend->adservice  rpr=0.0000  low=207 high=0  attempts=3  state=ON  metric=rpr
2026-10-07T16:59:29Z  OBSERVE  frontend->cartservice  rpr=0.0000  low=209 high=0  attempts=3  state=ON  metric=rpr
2026-10-07T16:59:29Z  OBSERVE  frontend->checkoutservice  rpr=0.0099  low=166 high=0  attempts=3  state=ON  metric=rpr
2026-10-07T16:59:29Z  OBSERVE  frontend->currencyservice  rpr=0.0000  low=209 high=0  attempts=3  state=ON  metric=rpr
2026-10-07T16:59:29Z  OBSERVE  frontend->productcatalogservice  rpr=0.0000  low=208 high=0  attempts=3  state=ON  metric=rpr
2026-10-07T16:59:29Z  OBSERVE  frontend->shippingservice  rpr=0.0000  low=208 high=0  attempts=3  state=ON  metric=rpr
2026-10-07T16:59:29Z  OBSERVE  checkoutservice->cartservice  rpr=0.0000  low=207 high=0  attempts=3  state=ON  metric=rpr
2026-10-07T16:59:29Z  OBSERVE  checkoutservice->currencyservice  rpr=0.0000  low=207 high=0  attempts=3  state=ON  metric=rpr
2026-10-07T16:59:29Z  OBSERVE  checkoutservice->emailservice  rpr=0.0000  low=206 high=0  attempts=3  state=ON  metric=rpr
2026-10-07T16:59:29Z  OBSERVE  checkoutservice->paymentservice  rpr=0.0000  low=207 high=0  attempts=3  state=ON  metric=rpr
2026-10-07T16:59:29Z  OBSERVE  checkoutservice->shippingservice  rpr=0.0000  low=207 high=0  attempts=3  state=ON  metric=rpr
2026-10-07T16:59:29Z  OBSERVE  recommendationservice->productcatalogservice  rpr=0.0000  low=208 high=0  attempts=3  state=ON  metric=rpr
2026-10-07T16:59:29Z  OBSERVE  recommendationservice  rejection=0.1531  low=0 high=137  state=OFF  metric=rejection
2026-10-07T16:59:32Z  OBSERVE  frontend->adservice  rpr=0.0000  low=208 high=0  attempts=3  state=ON  metric=rpr
2026-10-07T16:59:32Z  OBSERVE  frontend->cartservice  rpr=0.0000  low=210 high=0  attempts=3  state=ON  metric=rpr
2026-10-07T16:59:32Z  OBSERVE  frontend->checkoutservice  rpr=0.0000  low=167 high=0  attempts=3  state=ON  metric=rpr
2026-10-07T16:59:32Z  OBSERVE  frontend->currencyservice  rpr=0.0000  low=210 high=0  attempts=3  state=ON  metric=rpr
2026-10-07T16:59:32Z  OBSERVE  frontend->productcatalogservice  rpr=0.0000  low=209 high=0  attempts=3  state=ON  metric=rpr
2026-10-07T16:59:32Z  OBSERVE  frontend->shippingservice  rpr=0.0000  low=209 high=0  attempts=3  state=ON  metric=rpr
2026-10-07T16:59:32Z  OBSERVE  checkoutservice->cartservice  rpr=0.0000  low=208 high=0  attempts=3  state=ON  metric=rpr
2026-10-07T16:59:32Z  OBSERVE  checkoutservice->currencyservice  rpr=0.0000  low=208 high=0  attempts=3  state=ON  metric=rpr
2026-10-07T16:59:32Z  OBSERVE  checkoutservice->emailservice  rpr=0.0000  low=207 high=0  attempts=3  state=ON  metric=rpr
2026-10-07T16:59:32Z  OBSERVE  checkoutservice->paymentservice  rpr=0.0000  low=208 high=0  attempts=3  state=ON  metric=rpr
2026-10-07T16:59:32Z  OBSERVE  checkoutservice->shippingservice  rpr=0.0000  low=208 high=0  attempts=3  state=ON  metric=rpr
2026-10-07T16:59:32Z  OBSERVE  recommendationservice->productcatalogservice  rpr=0.0000  low=209 high=0  attempts=3  state=ON  metric=rpr
2026-10-07T16:59:32Z  OBSERVE  recommendationservice  rejection=0.2334  low=0 high=138  state=OFF  metric=rejection
2026-10-07T16:59:33Z  OBSERVE  frontend->adservice  rpr=0.0000  low=209 high=0  attempts=3  state=ON  metric=rpr
2026-10-07T16:59:33Z  OBSERVE  frontend->cartservice  rpr=0.0000  low=211 high=0  attempts=3  state=ON  metric=rpr
2026-10-07T16:59:33Z  OBSERVE  frontend->checkoutservice  rpr=0.0000  low=168 high=0  attempts=3  state=ON  metric=rpr
2026-10-07T16:59:33Z  OBSERVE  frontend->currencyservice  rpr=0.0000  low=211 high=0  attempts=3  state=ON  metric=rpr
2026-10-07T16:59:33Z  OBSERVE  frontend->productcatalogservice  rpr=0.0000  low=210 high=0  attempts=3  state=ON  metric=rpr
2026-10-07T16:59:33Z  OBSERVE  frontend->shippingservice  rpr=0.0000  low=210 high=0  attempts=3  state=ON  metric=rpr
2026-10-07T16:59:33Z  OBSERVE  checkoutservice->cartservice  rpr=0.0000  low=209 high=0  attempts=3  state=ON  metric=rpr
2026-10-07T16:59:33Z  OBSERVE  checkoutservice->currencyservice  rpr=0.0000  low=209 high=0  attempts=3  state=ON  metric=rpr
2026-10-07T16:59:33Z  OBSERVE  checkoutservice->emailservice  rpr=0.0000  low=208 high=0  attempts=3  state=ON  metric=rpr
2026-10-07T16:59:33Z  OBSERVE  checkoutservice->paymentservice  rpr=0.0000  low=209 high=0  attempts=3  state=ON  metric=rpr
2026-10-07T16:59:33Z  OBSERVE  checkoutservice->shippingservice  rpr=0.0000  low=209 high=0  attempts=3  state=ON  metric=rpr
2026-10-07T16:59:33Z  OBSERVE  recommendationservice->productcatalogservice  rpr=0.0000  low=210 high=0  attempts=3  state=ON  metric=rpr
2026-10-07T16:59:33Z  OBSERVE  recommendationservice  rejection=0.1939  low=0 high=139  state=OFF  metric=rejection
2026-10-07T16:59:35Z  OBSERVE  frontend->adservice  rpr=0.0000  low=210 high=0  attempts=3  state=ON  metric=rpr
2026-10-07T16:59:35Z  OBSERVE  frontend->cartservice  rpr=0.0000  low=212 high=0  attempts=3  state=ON  metric=rpr
2026-10-07T16:59:35Z  OBSERVE  frontend->checkoutservice  rpr=0.0000  low=169 high=0  attempts=3  state=ON  metric=rpr
2026-10-07T16:59:35Z  OBSERVE  frontend->currencyservice  rpr=0.0000  low=212 high=0  attempts=3  state=ON  metric=rpr
2026-10-07T16:59:35Z  OBSERVE  frontend->productcatalogservice  rpr=0.0000  low=211 high=0  attempts=3  state=ON  metric=rpr
2026-10-07T16:59:35Z  OBSERVE  frontend->shippingservice  rpr=0.0000  low=211 high=0  attempts=3  state=ON  metric=rpr
2026-10-07T16:59:35Z  OBSERVE  checkoutservice->cartservice  rpr=0.0000  low=210 high=0  attempts=3  state=ON  metric=rpr
2026-10-07T16:59:35Z  OBSERVE  checkoutservice->currencyservice  rpr=0.0000  low=210 high=0  attempts=3  state=ON  metric=rpr
2026-10-07T16:59:35Z  OBSERVE  checkoutservice->emailservice  rpr=0.0000  low=209 high=0  attempts=3  state=ON  metric=rpr
2026-10-07T16:59:35Z  OBSERVE  checkoutservice->paymentservice  rpr=0.0000  low=210 high=0  attempts=3  state=ON  metric=rpr
2026-10-07T16:59:35Z  OBSERVE  checkoutservice->shippingservice  rpr=0.0000  low=210 high=0  attempts=3  state=ON  metric=rpr
2026-10-07T16:59:35Z  OBSERVE  recommendationservice->productcatalogservice  rpr=0.0000  low=211 high=0  attempts=3  state=ON  metric=rpr
2026-10-07T16:59:35Z  OBSERVE  recommendationservice  rejection=0.1937  low=0 high=140  state=OFF  metric=rejection
2026-10-07T16:59:37Z  OBSERVE  frontend->adservice  rpr=0.0000  low=211 high=0  attempts=3  state=ON  metric=rpr
2026-10-07T16:59:37Z  OBSERVE  frontend->cartservice  rpr=0.0000  low=213 high=0  attempts=3  state=ON  metric=rpr
2026-10-07T16:59:37Z  OBSERVE  frontend->checkoutservice  rpr=0.0000  low=170 high=0  attempts=3  state=ON  metric=rpr
2026-10-07T16:59:37Z  OBSERVE  frontend->currencyservice  rpr=0.0000  low=213 high=0  attempts=3  state=ON  metric=rpr
2026-10-07T16:59:37Z  OBSERVE  frontend->productcatalogservice  rpr=0.0000  low=212 high=0  attempts=3  state=ON  metric=rpr
2026-10-07T16:59:37Z  OBSERVE  frontend->shippingservice  rpr=0.0000  low=212 high=0  attempts=3  state=ON  metric=rpr
2026-10-07T16:59:37Z  OBSERVE  checkoutservice->cartservice  rpr=0.0000  low=211 high=0  attempts=3  state=ON  metric=rpr
2026-10-07T16:59:37Z  OBSERVE  checkoutservice->currencyservice  rpr=0.0000  low=211 high=0  attempts=3  state=ON  metric=rpr
2026-10-07T16:59:37Z  OBSERVE  checkoutservice->emailservice  rpr=0.0000  low=210 high=0  attempts=3  state=ON  metric=rpr
2026-10-07T16:59:37Z  OBSERVE  checkoutservice->paymentservice  rpr=0.0000  low=211 high=0  attempts=3  state=ON  metric=rpr
2026-10-07T16:59:37Z  OBSERVE  checkoutservice->shippingservice  rpr=0.0000  low=211 high=0  attempts=3  state=ON  metric=rpr
2026-10-07T16:59:37Z  OBSERVE  recommendationservice->productcatalogservice  rpr=0.0000  low=212 high=0  attempts=3  state=ON  metric=rpr
2026-10-07T16:59:37Z  OBSERVE  recommendationservice  rejection=0.1834  low=0 high=141  state=OFF  metric=rejection
2026-10-07T16:59:39Z  OBSERVE  frontend->adservice  rpr=0.0000  low=212 high=0  attempts=3  state=ON  metric=rpr
2026-10-07T16:59:39Z  OBSERVE  frontend->cartservice  rpr=0.0000  low=214 high=0  attempts=3  state=ON  metric=rpr
2026-10-07T16:59:39Z  OBSERVE  frontend->checkoutservice  rpr=0.0000  low=171 high=0  attempts=3  state=ON  metric=rpr
2026-10-07T16:59:39Z  OBSERVE  frontend->currencyservice  rpr=0.0000  low=214 high=0  attempts=3  state=ON  metric=rpr
2026-10-07T16:59:39Z  OBSERVE  frontend->productcatalogservice  rpr=0.0000  low=213 high=0  attempts=3  state=ON  metric=rpr
2026-10-07T16:59:39Z  OBSERVE  frontend->shippingservice  rpr=0.0000  low=213 high=0  attempts=3  state=ON  metric=rpr
2026-10-07T16:59:39Z  OBSERVE  checkoutservice->cartservice  rpr=0.0000  low=212 high=0  attempts=3  state=ON  metric=rpr
2026-10-07T16:59:39Z  OBSERVE  checkoutservice->currencyservice  rpr=0.0000  low=212 high=0  attempts=3  state=ON  metric=rpr
2026-10-07T16:59:39Z  OBSERVE  checkoutservice->emailservice  rpr=0.0000  low=211 high=0  attempts=3  state=ON  metric=rpr
2026-10-07T16:59:39Z  OBSERVE  checkoutservice->paymentservice  rpr=0.0000  low=212 high=0  attempts=3  state=ON  metric=rpr
2026-10-07T16:59:39Z  OBSERVE  checkoutservice->shippingservice  rpr=0.0000  low=212 high=0  attempts=3  state=ON  metric=rpr
2026-10-07T16:59:39Z  OBSERVE  recommendationservice->productcatalogservice  rpr=0.0000  low=213 high=0  attempts=3  state=ON  metric=rpr
2026-10-07T16:59:39Z  OBSERVE  recommendationservice  rejection=0.2206  low=0 high=142  state=OFF  metric=rejection
2026-10-07T16:59:41Z  OBSERVE  frontend->adservice  rpr=0.0000  low=213 high=0  attempts=3  state=ON  metric=rpr
2026-10-07T16:59:41Z  OBSERVE  frontend->cartservice  rpr=0.0000  low=215 high=0  attempts=3  state=ON  metric=rpr
2026-10-07T16:59:41Z  OBSERVE  frontend->checkoutservice  rpr=0.0000  low=172 high=0  attempts=3  state=ON  metric=rpr
2026-10-07T16:59:41Z  OBSERVE  frontend->currencyservice  rpr=0.0000  low=215 high=0  attempts=3  state=ON  metric=rpr
2026-10-07T16:59:41Z  OBSERVE  frontend->productcatalogservice  rpr=0.0000  low=214 high=0  attempts=3  state=ON  metric=rpr
2026-10-07T16:59:41Z  OBSERVE  frontend->shippingservice  rpr=0.0000  low=214 high=0  attempts=3  state=ON  metric=rpr
2026-10-07T16:59:41Z  OBSERVE  checkoutservice->cartservice  rpr=0.0000  low=213 high=0  attempts=3  state=ON  metric=rpr
2026-10-07T16:59:41Z  OBSERVE  checkoutservice->currencyservice  rpr=0.0000  low=213 high=0  attempts=3  state=ON  metric=rpr
2026-10-07T16:59:41Z  OBSERVE  checkoutservice->emailservice  rpr=0.0000  low=212 high=0  attempts=3  state=ON  metric=rpr
2026-10-07T16:59:41Z  OBSERVE  checkoutservice->paymentservice  rpr=0.0000  low=213 high=0  attempts=3  state=ON  metric=rpr
2026-10-07T16:59:41Z  OBSERVE  checkoutservice->shippingservice  rpr=0.0000  low=213 high=0  attempts=3  state=ON  metric=rpr
2026-10-07T16:59:41Z  OBSERVE  recommendationservice->productcatalogservice  rpr=0.0000  low=214 high=0  attempts=3  state=ON  metric=rpr
2026-10-07T16:59:41Z  OBSERVE  recommendationservice  rejection=0.1721  low=0 high=143  state=OFF  metric=rejection
2026-10-07T16:59:43Z  OBSERVE  frontend->adservice  rpr=0.0000  low=214 high=0  attempts=3  state=ON  metric=rpr
2026-10-07T16:59:43Z  OBSERVE  frontend->cartservice  rpr=0.0000  low=216 high=0  attempts=3  state=ON  metric=rpr
2026-10-07T16:59:43Z  OBSERVE  frontend->checkoutservice  rpr=0.0000  low=173 high=0  attempts=3  state=ON  metric=rpr
2026-10-07T16:59:43Z  OBSERVE  frontend->currencyservice  rpr=0.0000  low=216 high=0  attempts=3  state=ON  metric=rpr
2026-10-07T16:59:43Z  OBSERVE  frontend->productcatalogservice  rpr=0.0000  low=215 high=0  attempts=3  state=ON  metric=rpr
2026-10-07T16:59:43Z  OBSERVE  frontend->shippingservice  rpr=0.0000  low=215 high=0  attempts=3  state=ON  metric=rpr
2026-10-07T16:59:43Z  OBSERVE  checkoutservice->cartservice  rpr=0.0000  low=214 high=0  attempts=3  state=ON  metric=rpr
2026-10-07T16:59:43Z  OBSERVE  checkoutservice->currencyservice  rpr=0.0000  low=214 high=0  attempts=3  state=ON  metric=rpr
2026-10-07T16:59:43Z  OBSERVE  checkoutservice->emailservice  rpr=0.0000  low=213 high=0  attempts=3  state=ON  metric=rpr
2026-10-07T16:59:43Z  OBSERVE  checkoutservice->paymentservice  rpr=0.0000  low=214 high=0  attempts=3  state=ON  metric=rpr
2026-10-07T16:59:43Z  OBSERVE  checkoutservice->shippingservice  rpr=0.0000  low=214 high=0  attempts=3  state=ON  metric=rpr
2026-10-07T16:59:43Z  OBSERVE  recommendationservice->productcatalogservice  rpr=0.0000  low=215 high=0  attempts=3  state=ON  metric=rpr
2026-10-07T16:59:43Z  OBSERVE  recommendationservice  rejection=0.2175  low=0 high=144  state=OFF  metric=rejection
2026-10-07T16:59:45Z  OBSERVE  frontend->adservice  rpr=0.0000  low=215 high=0  attempts=3  state=ON  metric=rpr
2026-10-07T16:59:45Z  OBSERVE  frontend->cartservice  rpr=0.0000  low=217 high=0  attempts=3  state=ON  metric=rpr
2026-10-07T16:59:45Z  OBSERVE  frontend->checkoutservice  rpr=0.0000  low=174 high=0  attempts=3  state=ON  metric=rpr
2026-10-07T16:59:45Z  OBSERVE  frontend->currencyservice  rpr=0.0000  low=217 high=0  attempts=3  state=ON  metric=rpr
2026-10-07T16:59:45Z  OBSERVE  frontend->productcatalogservice  rpr=0.0000  low=216 high=0  attempts=3  state=ON  metric=rpr
2026-10-07T16:59:45Z  OBSERVE  frontend->shippingservice  rpr=0.0000  low=216 high=0  attempts=3  state=ON  metric=rpr
2026-10-07T16:59:45Z  OBSERVE  checkoutservice->cartservice  rpr=0.0000  low=215 high=0  attempts=3  state=ON  metric=rpr
2026-10-07T16:59:45Z  OBSERVE  checkoutservice->currencyservice  rpr=0.0000  low=215 high=0  attempts=3  state=ON  metric=rpr
2026-10-07T16:59:45Z  OBSERVE  checkoutservice->emailservice  rpr=0.0000  low=214 high=0  attempts=3  state=ON  metric=rpr
2026-10-07T16:59:45Z  OBSERVE  checkoutservice->paymentservice  rpr=0.0000  low=215 high=0  attempts=3  state=ON  metric=rpr
2026-10-07T16:59:45Z  OBSERVE  checkoutservice->shippingservice  rpr=0.0000  low=215 high=0  attempts=3  state=ON  metric=rpr
2026-10-07T16:59:45Z  OBSERVE  recommendationservice->productcatalogservice  rpr=0.0000  low=216 high=0  attempts=3  state=ON  metric=rpr
2026-10-07T16:59:45Z  OBSERVE  recommendationservice  rejection=0.1779  low=0 high=145  state=OFF  metric=rejection
2026-10-07T16:59:47Z  OBSERVE  frontend->adservice  rpr=0.0000  low=216 high=0  attempts=3  state=ON  metric=rpr
2026-10-07T16:59:47Z  OBSERVE  frontend->cartservice  rpr=0.0000  low=218 high=0  attempts=3  state=ON  metric=rpr
2026-10-07T16:59:47Z  OBSERVE  frontend->checkoutservice  rpr=0.0000  low=175 high=0  attempts=3  state=ON  metric=rpr
2026-10-07T16:59:47Z  OBSERVE  frontend->currencyservice  rpr=0.0000  low=218 high=0  attempts=3  state=ON  metric=rpr
2026-10-07T16:59:47Z  OBSERVE  frontend->productcatalogservice  rpr=0.0000  low=217 high=0  attempts=3  state=ON  metric=rpr
2026-10-07T16:59:47Z  OBSERVE  frontend->shippingservice  rpr=0.0000  low=217 high=0  attempts=3  state=ON  metric=rpr
2026-10-07T16:59:47Z  OBSERVE  checkoutservice->cartservice  rpr=0.0000  low=216 high=0  attempts=3  state=ON  metric=rpr
2026-10-07T16:59:47Z  OBSERVE  checkoutservice->currencyservice  rpr=0.0000  low=216 high=0  attempts=3  state=ON  metric=rpr
2026-10-07T16:59:47Z  OBSERVE  checkoutservice->emailservice  rpr=0.0000  low=215 high=0  attempts=3  state=ON  metric=rpr
2026-10-07T16:59:47Z  OBSERVE  checkoutservice->paymentservice  rpr=0.0000  low=216 high=0  attempts=3  state=ON  metric=rpr
2026-10-07T16:59:47Z  OBSERVE  checkoutservice->shippingservice  rpr=0.0000  low=216 high=0  attempts=3  state=ON  metric=rpr
2026-10-07T16:59:47Z  OBSERVE  recommendationservice->productcatalogservice  rpr=0.0000  low=217 high=0  attempts=3  state=ON  metric=rpr
2026-10-07T16:59:47Z  OBSERVE  recommendationservice  rejection=0.2167  low=0 high=146  state=OFF  metric=rejection
2026-10-07T16:59:49Z  OBSERVE  frontend->adservice  rpr=0.0000  low=217 high=0  attempts=3  state=ON  metric=rpr
2026-10-07T16:59:49Z  OBSERVE  frontend->cartservice  rpr=0.0000  low=219 high=0  attempts=3  state=ON  metric=rpr
2026-10-07T16:59:49Z  OBSERVE  frontend->checkoutservice  rpr=0.0000  low=176 high=0  attempts=3  state=ON  metric=rpr
2026-10-07T16:59:49Z  OBSERVE  frontend->currencyservice  rpr=0.0000  low=219 high=0  attempts=3  state=ON  metric=rpr
2026-10-07T16:59:49Z  OBSERVE  frontend->productcatalogservice  rpr=0.0000  low=218 high=0  attempts=3  state=ON  metric=rpr
2026-10-07T16:59:49Z  OBSERVE  frontend->shippingservice  rpr=0.0000  low=218 high=0  attempts=3  state=ON  metric=rpr
2026-10-07T16:59:49Z  OBSERVE  checkoutservice->cartservice  rpr=0.0000  low=217 high=0  attempts=3  state=ON  metric=rpr
2026-10-07T16:59:49Z  OBSERVE  checkoutservice->currencyservice  rpr=0.0000  low=217 high=0  attempts=3  state=ON  metric=rpr
2026-10-07T16:59:49Z  OBSERVE  checkoutservice->emailservice  rpr=0.0000  low=216 high=0  attempts=3  state=ON  metric=rpr
2026-10-07T16:59:49Z  OBSERVE  checkoutservice->paymentservice  rpr=0.0000  low=217 high=0  attempts=3  state=ON  metric=rpr
2026-10-07T16:59:49Z  OBSERVE  checkoutservice->shippingservice  rpr=0.0000  low=217 high=0  attempts=3  state=ON  metric=rpr
2026-10-07T16:59:49Z  OBSERVE  recommendationservice->productcatalogservice  rpr=0.0000  low=218 high=0  attempts=3  state=ON  metric=rpr
2026-10-07T16:59:49Z  OBSERVE  recommendationservice  rejection=0.1816  low=0 high=147  state=OFF  metric=rejection
2026-10-07T16:59:51Z  OBSERVE  frontend->adservice  rpr=0.0000  low=218 high=0  attempts=3  state=ON  metric=rpr
2026-10-07T16:59:51Z  OBSERVE  frontend->cartservice  rpr=0.0000  low=220 high=0  attempts=3  state=ON  metric=rpr
2026-10-07T16:59:51Z  OBSERVE  frontend->checkoutservice  rpr=0.0000  low=177 high=0  attempts=3  state=ON  metric=rpr
2026-10-07T16:59:51Z  OBSERVE  frontend->currencyservice  rpr=0.0000  low=220 high=0  attempts=3  state=ON  metric=rpr
2026-10-07T16:59:51Z  OBSERVE  frontend->productcatalogservice  rpr=0.0000  low=219 high=0  attempts=3  state=ON  metric=rpr
2026-10-07T16:59:51Z  OBSERVE  frontend->shippingservice  rpr=0.0000  low=219 high=0  attempts=3  state=ON  metric=rpr
2026-10-07T16:59:51Z  OBSERVE  checkoutservice->cartservice  rpr=0.0000  low=218 high=0  attempts=3  state=ON  metric=rpr
2026-10-07T16:59:51Z  OBSERVE  checkoutservice->currencyservice  rpr=0.0000  low=218 high=0  attempts=3  state=ON  metric=rpr
2026-10-07T16:59:51Z  OBSERVE  checkoutservice->emailservice  rpr=0.0000  low=217 high=0  attempts=3  state=ON  metric=rpr
2026-10-07T16:59:51Z  OBSERVE  checkoutservice->paymentservice  rpr=0.0000  low=218 high=0  attempts=3  state=ON  metric=rpr
2026-10-07T16:59:51Z  OBSERVE  checkoutservice->shippingservice  rpr=0.0000  low=218 high=0  attempts=3  state=ON  metric=rpr
2026-10-07T16:59:51Z  OBSERVE  recommendationservice->productcatalogservice  rpr=0.0000  low=219 high=0  attempts=3  state=ON  metric=rpr
2026-10-07T16:59:51Z  OBSERVE  recommendationservice  rejection=0.2110  low=0 high=148  state=OFF  metric=rejection
2026-10-07T16:59:53Z  OBSERVE  frontend->adservice  rpr=0.0000  low=219 high=0  attempts=3  state=ON  metric=rpr
2026-10-07T16:59:53Z  OBSERVE  frontend->cartservice  rpr=0.0000  low=221 high=0  attempts=3  state=ON  metric=rpr
2026-10-07T16:59:53Z  OBSERVE  frontend->checkoutservice  rpr=0.0000  low=178 high=0  attempts=3  state=ON  metric=rpr
2026-10-07T16:59:53Z  OBSERVE  frontend->currencyservice  rpr=0.0000  low=221 high=0  attempts=3  state=ON  metric=rpr
2026-10-07T16:59:53Z  OBSERVE  frontend->productcatalogservice  rpr=0.0000  low=220 high=0  attempts=3  state=ON  metric=rpr
2026-10-07T16:59:53Z  OBSERVE  frontend->shippingservice  rpr=0.0000  low=220 high=0  attempts=3  state=ON  metric=rpr
2026-10-07T16:59:53Z  OBSERVE  checkoutservice->cartservice  rpr=0.0000  low=219 high=0  attempts=3  state=ON  metric=rpr
2026-10-07T16:59:53Z  OBSERVE  checkoutservice->currencyservice  rpr=0.0000  low=219 high=0  attempts=3  state=ON  metric=rpr
2026-10-07T16:59:53Z  OBSERVE  checkoutservice->emailservice  rpr=0.0000  low=218 high=0  attempts=3  state=ON  metric=rpr
2026-10-07T16:59:53Z  OBSERVE  checkoutservice->paymentservice  rpr=0.0000  low=219 high=0  attempts=3  state=ON  metric=rpr
2026-10-07T16:59:53Z  OBSERVE  checkoutservice->shippingservice  rpr=0.0000  low=219 high=0  attempts=3  state=ON  metric=rpr
2026-10-07T16:59:53Z  OBSERVE  recommendationservice->productcatalogservice  rpr=0.0000  low=220 high=0  attempts=3  state=ON  metric=rpr
2026-10-07T16:59:53Z  OBSERVE  recommendationservice  rejection=0.2317  low=0 high=149  state=OFF  metric=rejection
2026-10-07T16:59:55Z  OBSERVE  frontend->adservice  rpr=0.0000  low=220 high=0  attempts=3  state=ON  metric=rpr
2026-10-07T16:59:55Z  OBSERVE  frontend->cartservice  rpr=0.0000  low=222 high=0  attempts=3  state=ON  metric=rpr
2026-10-07T16:59:55Z  OBSERVE  frontend->checkoutservice  rpr=0.0000  low=179 high=0  attempts=3  state=ON  metric=rpr
2026-10-07T16:59:55Z  OBSERVE  frontend->currencyservice  rpr=0.0000  low=222 high=0  attempts=3  state=ON  metric=rpr
2026-10-07T16:59:55Z  OBSERVE  frontend->productcatalogservice  rpr=0.0000  low=221 high=0  attempts=3  state=ON  metric=rpr
2026-10-07T16:59:55Z  OBSERVE  frontend->shippingservice  rpr=0.0000  low=221 high=0  attempts=3  state=ON  metric=rpr
2026-10-07T16:59:55Z  OBSERVE  checkoutservice->cartservice  rpr=0.0000  low=220 high=0  attempts=3  state=ON  metric=rpr
2026-10-07T16:59:55Z  OBSERVE  checkoutservice->currencyservice  rpr=0.0000  low=220 high=0  attempts=3  state=ON  metric=rpr
2026-10-07T16:59:55Z  OBSERVE  checkoutservice->emailservice  rpr=0.0000  low=219 high=0  attempts=3  state=ON  metric=rpr
2026-10-07T16:59:55Z  OBSERVE  checkoutservice->paymentservice  rpr=0.0000  low=220 high=0  attempts=3  state=ON  metric=rpr
2026-10-07T16:59:55Z  OBSERVE  checkoutservice->shippingservice  rpr=0.0000  low=220 high=0  attempts=3  state=ON  metric=rpr
2026-10-07T16:59:55Z  OBSERVE  recommendationservice->productcatalogservice  rpr=0.0000  low=221 high=0  attempts=3  state=ON  metric=rpr
2026-10-07T16:59:55Z  OBSERVE  recommendationservice  rejection=0.2151  low=0 high=150  state=OFF  metric=rejection
2026-10-07T16:59:57Z  OBSERVE  frontend->adservice  rpr=0.0000  low=221 high=0  attempts=3  state=ON  metric=rpr
2026-10-07T16:59:57Z  OBSERVE  frontend->cartservice  rpr=0.0000  low=223 high=0  attempts=3  state=ON  metric=rpr
2026-10-07T16:59:57Z  OBSERVE  frontend->checkoutservice  rpr=0.0000  low=180 high=0  attempts=3  state=ON  metric=rpr
2026-10-07T16:59:57Z  OBSERVE  frontend->currencyservice  rpr=0.0000  low=223 high=0  attempts=3  state=ON  metric=rpr
2026-10-07T16:59:57Z  OBSERVE  frontend->productcatalogservice  rpr=0.0000  low=222 high=0  attempts=3  state=ON  metric=rpr
2026-10-07T16:59:57Z  OBSERVE  frontend->shippingservice  rpr=0.0000  low=222 high=0  attempts=3  state=ON  metric=rpr
2026-10-07T16:59:57Z  OBSERVE  checkoutservice->cartservice  rpr=0.0000  low=221 high=0  attempts=3  state=ON  metric=rpr
2026-10-07T16:59:57Z  OBSERVE  checkoutservice->currencyservice  rpr=0.0000  low=221 high=0  attempts=3  state=ON  metric=rpr
2026-10-07T16:59:57Z  OBSERVE  checkoutservice->emailservice  rpr=0.0000  low=220 high=0  attempts=3  state=ON  metric=rpr
2026-10-07T16:59:57Z  OBSERVE  checkoutservice->paymentservice  rpr=0.0000  low=221 high=0  attempts=3  state=ON  metric=rpr
2026-10-07T16:59:57Z  OBSERVE  checkoutservice->shippingservice  rpr=0.0000  low=221 high=0  attempts=3  state=ON  metric=rpr
2026-10-07T16:59:57Z  OBSERVE  recommendationservice->productcatalogservice  rpr=0.0000  low=222 high=0  attempts=3  state=ON  metric=rpr
2026-10-07T16:59:57Z  OBSERVE  recommendationservice  rejection=0.2004  low=0 high=151  state=OFF  metric=rejection
2026-10-07T16:59:59Z  OBSERVE  frontend->adservice  rpr=0.0000  low=222 high=0  attempts=3  state=ON  metric=rpr
2026-10-07T16:59:59Z  OBSERVE  frontend->cartservice  rpr=0.0000  low=224 high=0  attempts=3  state=ON  metric=rpr
2026-10-07T16:59:59Z  OBSERVE  frontend->checkoutservice  rpr=0.0000  low=181 high=0  attempts=3  state=ON  metric=rpr
2026-10-07T16:59:59Z  OBSERVE  frontend->currencyservice  rpr=0.0000  low=224 high=0  attempts=3  state=ON  metric=rpr
2026-10-07T16:59:59Z  OBSERVE  frontend->productcatalogservice  rpr=0.0000  low=223 high=0  attempts=3  state=ON  metric=rpr
2026-10-07T16:59:59Z  OBSERVE  frontend->shippingservice  rpr=0.0000  low=223 high=0  attempts=3  state=ON  metric=rpr
2026-10-07T16:59:59Z  OBSERVE  checkoutservice->cartservice  rpr=0.0000  low=222 high=0  attempts=3  state=ON  metric=rpr
2026-10-07T16:59:59Z  OBSERVE  checkoutservice->currencyservice  rpr=0.0000  low=222 high=0  attempts=3  state=ON  metric=rpr
2026-10-07T16:59:59Z  OBSERVE  checkoutservice->emailservice  rpr=0.0000  low=221 high=0  attempts=3  state=ON  metric=rpr
2026-10-07T16:59:59Z  OBSERVE  checkoutservice->paymentservice  rpr=0.0000  low=222 high=0  attempts=3  state=ON  metric=rpr
2026-10-07T16:59:59Z  OBSERVE  checkoutservice->shippingservice  rpr=0.0000  low=222 high=0  attempts=3  state=ON  metric=rpr
2026-10-07T16:59:59Z  OBSERVE  recommendationservice->productcatalogservice  rpr=0.0000  low=223 high=0  attempts=3  state=ON  metric=rpr
2026-10-07T16:59:59Z  OBSERVE  recommendationservice  rejection=0.1944  low=0 high=152  state=OFF  metric=rejection
2026-10-07T17:00:01Z  OBSERVE  frontend->adservice  rpr=0.0000  low=223 high=0  attempts=3  state=ON  metric=rpr
2026-10-07T17:00:01Z  OBSERVE  frontend->cartservice  rpr=0.0000  low=225 high=0  attempts=3  state=ON  metric=rpr
2026-10-07T17:00:01Z  OBSERVE  frontend->checkoutservice  rpr=0.0000  low=182 high=0  attempts=3  state=ON  metric=rpr
2026-10-07T17:00:01Z  OBSERVE  frontend->currencyservice  rpr=0.0000  low=225 high=0  attempts=3  state=ON  metric=rpr
2026-10-07T17:00:01Z  OBSERVE  frontend->productcatalogservice  rpr=0.0000  low=224 high=0  attempts=3  state=ON  metric=rpr
2026-10-07T17:00:01Z  OBSERVE  frontend->shippingservice  rpr=0.0000  low=224 high=0  attempts=3  state=ON  metric=rpr
2026-10-07T17:00:01Z  OBSERVE  checkoutservice->cartservice  rpr=0.0000  low=223 high=0  attempts=3  state=ON  metric=rpr
2026-10-07T17:00:01Z  OBSERVE  checkoutservice->currencyservice  rpr=0.0000  low=223 high=0  attempts=3  state=ON  metric=rpr
2026-10-07T17:00:01Z  OBSERVE  checkoutservice->emailservice  rpr=0.0000  low=222 high=0  attempts=3  state=ON  metric=rpr
2026-10-07T17:00:01Z  OBSERVE  checkoutservice->paymentservice  rpr=0.0000  low=223 high=0  attempts=3  state=ON  metric=rpr
2026-10-07T17:00:01Z  OBSERVE  checkoutservice->shippingservice  rpr=0.0000  low=223 high=0  attempts=3  state=ON  metric=rpr
2026-10-07T17:00:01Z  OBSERVE  recommendationservice->productcatalogservice  rpr=0.0000  low=224 high=0  attempts=3  state=ON  metric=rpr
2026-10-07T17:00:01Z  OBSERVE  recommendationservice  rejection=0.2228  low=0 high=153  state=OFF  metric=rejection
2026-10-07T17:00:03Z  OBSERVE  frontend->adservice  rpr=0.0000  low=224 high=0  attempts=3  state=ON  metric=rpr
2026-10-07T17:00:03Z  OBSERVE  frontend->cartservice  rpr=0.0000  low=226 high=0  attempts=3  state=ON  metric=rpr
2026-10-07T17:00:03Z  OBSERVE  frontend->checkoutservice  rpr=0.0000  low=183 high=0  attempts=3  state=ON  metric=rpr
2026-10-07T17:00:03Z  OBSERVE  frontend->currencyservice  rpr=0.0000  low=226 high=0  attempts=3  state=ON  metric=rpr
2026-10-07T17:00:03Z  OBSERVE  frontend->productcatalogservice  rpr=0.0000  low=225 high=0  attempts=3  state=ON  metric=rpr
2026-10-07T17:00:03Z  OBSERVE  frontend->shippingservice  rpr=0.0000  low=225 high=0  attempts=3  state=ON  metric=rpr
2026-10-07T17:00:03Z  OBSERVE  checkoutservice->cartservice  rpr=0.0000  low=224 high=0  attempts=3  state=ON  metric=rpr
2026-10-07T17:00:03Z  OBSERVE  checkoutservice->currencyservice  rpr=0.0000  low=224 high=0  attempts=3  state=ON  metric=rpr
2026-10-07T17:00:03Z  OBSERVE  checkoutservice->emailservice  rpr=0.0000  low=223 high=0  attempts=3  state=ON  metric=rpr
2026-10-07T17:00:03Z  OBSERVE  checkoutservice->paymentservice  rpr=0.0000  low=224 high=0  attempts=3  state=ON  metric=rpr
2026-10-07T17:00:03Z  OBSERVE  checkoutservice->shippingservice  rpr=0.0000  low=224 high=0  attempts=3  state=ON  metric=rpr
2026-10-07T17:00:03Z  OBSERVE  recommendationservice->productcatalogservice  rpr=0.0000  low=225 high=0  attempts=3  state=ON  metric=rpr
2026-10-07T17:00:03Z  OBSERVE  recommendationservice  rejection=0.2198  low=0 high=154  state=OFF  metric=rejection
2026-10-07T17:00:05Z  OBSERVE  frontend->adservice  rpr=0.0000  low=225 high=0  attempts=3  state=ON  metric=rpr
2026-10-07T17:00:05Z  OBSERVE  frontend->cartservice  rpr=0.0000  low=227 high=0  attempts=3  state=ON  metric=rpr
2026-10-07T17:00:05Z  OBSERVE  frontend->checkoutservice  rpr=0.0000  low=184 high=0  attempts=3  state=ON  metric=rpr
2026-10-07T17:00:05Z  OBSERVE  frontend->currencyservice  rpr=0.0000  low=227 high=0  attempts=3  state=ON  metric=rpr
2026-10-07T17:00:05Z  OBSERVE  frontend->productcatalogservice  rpr=0.0000  low=226 high=0  attempts=3  state=ON  metric=rpr
2026-10-07T17:00:05Z  OBSERVE  frontend->shippingservice  rpr=0.0000  low=226 high=0  attempts=3  state=ON  metric=rpr
2026-10-07T17:00:05Z  OBSERVE  checkoutservice->cartservice  rpr=0.0000  low=225 high=0  attempts=3  state=ON  metric=rpr
2026-10-07T17:00:05Z  OBSERVE  checkoutservice->currencyservice  rpr=0.0000  low=225 high=0  attempts=3  state=ON  metric=rpr
2026-10-07T17:00:05Z  OBSERVE  checkoutservice->emailservice  rpr=0.0000  low=224 high=0  attempts=3  state=ON  metric=rpr
2026-10-07T17:00:05Z  OBSERVE  checkoutservice->paymentservice  rpr=0.0000  low=225 high=0  attempts=3  state=ON  metric=rpr
2026-10-07T17:00:05Z  OBSERVE  checkoutservice->shippingservice  rpr=0.0000  low=225 high=0  attempts=3  state=ON  metric=rpr
2026-10-07T17:00:05Z  OBSERVE  recommendationservice->productcatalogservice  rpr=0.0000  low=226 high=0  attempts=3  state=ON  metric=rpr
2026-10-07T17:00:05Z  OBSERVE  recommendationservice  rejection=0.2635  low=0 high=155  state=OFF  metric=rejection
2026-10-07T17:00:07Z  OBSERVE  frontend->adservice  rpr=0.0000  low=226 high=0  attempts=3  state=ON  metric=rpr
2026-10-07T17:00:07Z  OBSERVE  frontend->cartservice  rpr=0.0000  low=228 high=0  attempts=3  state=ON  metric=rpr
2026-10-07T17:00:07Z  OBSERVE  frontend->checkoutservice  rpr=0.0000  low=185 high=0  attempts=3  state=ON  metric=rpr
2026-10-07T17:00:07Z  OBSERVE  frontend->currencyservice  rpr=0.0000  low=228 high=0  attempts=3  state=ON  metric=rpr
2026-10-07T17:00:07Z  OBSERVE  frontend->productcatalogservice  rpr=0.0000  low=227 high=0  attempts=3  state=ON  metric=rpr
2026-10-07T17:00:07Z  OBSERVE  frontend->shippingservice  rpr=0.0000  low=227 high=0  attempts=3  state=ON  metric=rpr
2026-10-07T17:00:07Z  OBSERVE  checkoutservice->cartservice  rpr=0.0000  low=226 high=0  attempts=3  state=ON  metric=rpr
2026-10-07T17:00:07Z  OBSERVE  checkoutservice->currencyservice  rpr=0.0000  low=226 high=0  attempts=3  state=ON  metric=rpr
2026-10-07T17:00:07Z  OBSERVE  checkoutservice->emailservice  rpr=0.0000  low=225 high=0  attempts=3  state=ON  metric=rpr
2026-10-07T17:00:07Z  OBSERVE  checkoutservice->paymentservice  rpr=0.0000  low=226 high=0  attempts=3  state=ON  metric=rpr
2026-10-07T17:00:07Z  OBSERVE  checkoutservice->shippingservice  rpr=0.0000  low=226 high=0  attempts=3  state=ON  metric=rpr
2026-10-07T17:00:07Z  OBSERVE  recommendationservice->productcatalogservice  rpr=0.0000  low=227 high=0  attempts=3  state=ON  metric=rpr
2026-10-07T17:00:07Z  OBSERVE  recommendationservice  rejection=0.2069  low=0 high=156  state=OFF  metric=rejection
2026-10-07T17:00:09Z  OBSERVE  frontend->adservice  rpr=0.0000  low=227 high=0  attempts=3  state=ON  metric=rpr
2026-10-07T17:00:09Z  OBSERVE  frontend->cartservice  rpr=0.0000  low=229 high=0  attempts=3  state=ON  metric=rpr
2026-10-07T17:00:09Z  OBSERVE  frontend->checkoutservice  rpr=0.0000  low=186 high=0  attempts=3  state=ON  metric=rpr
2026-10-07T17:00:09Z  OBSERVE  frontend->currencyservice  rpr=0.0000  low=229 high=0  attempts=3  state=ON  metric=rpr
2026-10-07T17:00:09Z  OBSERVE  frontend->productcatalogservice  rpr=0.0000  low=228 high=0  attempts=3  state=ON  metric=rpr
2026-10-07T17:00:09Z  OBSERVE  frontend->shippingservice  rpr=0.0000  low=228 high=0  attempts=3  state=ON  metric=rpr
2026-10-07T17:00:09Z  OBSERVE  checkoutservice->cartservice  rpr=0.0000  low=227 high=0  attempts=3  state=ON  metric=rpr
2026-10-07T17:00:09Z  OBSERVE  checkoutservice->currencyservice  rpr=0.0000  low=227 high=0  attempts=3  state=ON  metric=rpr
2026-10-07T17:00:09Z  OBSERVE  checkoutservice->emailservice  rpr=0.0000  low=226 high=0  attempts=3  state=ON  metric=rpr
2026-10-07T17:00:09Z  OBSERVE  checkoutservice->paymentservice  rpr=0.0000  low=227 high=0  attempts=3  state=ON  metric=rpr
2026-10-07T17:00:09Z  OBSERVE  checkoutservice->shippingservice  rpr=0.0000  low=227 high=0  attempts=3  state=ON  metric=rpr
2026-10-07T17:00:09Z  OBSERVE  recommendationservice->productcatalogservice  rpr=0.0000  low=228 high=0  attempts=3  state=ON  metric=rpr
2026-10-07T17:00:09Z  OBSERVE  recommendationservice  rejection=0.2637  low=0 high=157  state=OFF  metric=rejection
2026-10-07T17:00:11Z  OBSERVE  frontend->adservice  rpr=0.0000  low=228 high=0  attempts=3  state=ON  metric=rpr
2026-10-07T17:00:11Z  OBSERVE  frontend->cartservice  rpr=0.0000  low=230 high=0  attempts=3  state=ON  metric=rpr
2026-10-07T17:00:11Z  OBSERVE  frontend->checkoutservice  rpr=0.0000  low=187 high=0  attempts=3  state=ON  metric=rpr
2026-10-07T17:00:11Z  OBSERVE  frontend->currencyservice  rpr=0.0000  low=230 high=0  attempts=3  state=ON  metric=rpr
2026-10-07T17:00:11Z  OBSERVE  frontend->productcatalogservice  rpr=0.0000  low=229 high=0  attempts=3  state=ON  metric=rpr
2026-10-07T17:00:11Z  OBSERVE  frontend->shippingservice  rpr=0.0000  low=229 high=0  attempts=3  state=ON  metric=rpr
2026-10-07T17:00:11Z  OBSERVE  checkoutservice->cartservice  rpr=0.0000  low=228 high=0  attempts=3  state=ON  metric=rpr
2026-10-07T17:00:11Z  OBSERVE  checkoutservice->currencyservice  rpr=0.0000  low=228 high=0  attempts=3  state=ON  metric=rpr
2026-10-07T17:00:11Z  OBSERVE  checkoutservice->emailservice  rpr=0.0000  low=227 high=0  attempts=3  state=ON  metric=rpr
2026-10-07T17:00:11Z  OBSERVE  checkoutservice->paymentservice  rpr=0.0000  low=228 high=0  attempts=3  state=ON  metric=rpr
2026-10-07T17:00:11Z  OBSERVE  checkoutservice->shippingservice  rpr=0.0000  low=228 high=0  attempts=3  state=ON  metric=rpr
2026-10-07T17:00:11Z  OBSERVE  recommendationservice->productcatalogservice  rpr=0.0000  low=229 high=0  attempts=3  state=ON  metric=rpr
2026-10-07T17:00:11Z  OBSERVE  recommendationservice  rejection=0.1977  low=0 high=158  state=OFF  metric=rejection
2026-10-07T17:00:13Z  OBSERVE  frontend->adservice  rpr=0.0000  low=229 high=0  attempts=3  state=ON  metric=rpr
2026-10-07T17:00:13Z  OBSERVE  frontend->cartservice  rpr=0.0000  low=231 high=0  attempts=3  state=ON  metric=rpr
2026-10-07T17:00:13Z  OBSERVE  frontend->checkoutservice  rpr=0.0000  low=188 high=0  attempts=3  state=ON  metric=rpr
2026-10-07T17:00:13Z  OBSERVE  frontend->currencyservice  rpr=0.0000  low=231 high=0  attempts=3  state=ON  metric=rpr
2026-10-07T17:00:13Z  OBSERVE  frontend->productcatalogservice  rpr=0.0000  low=230 high=0  attempts=3  state=ON  metric=rpr
2026-10-07T17:00:13Z  OBSERVE  frontend->shippingservice  rpr=0.0000  low=230 high=0  attempts=3  state=ON  metric=rpr
2026-10-07T17:00:13Z  OBSERVE  checkoutservice->cartservice  rpr=0.0000  low=229 high=0  attempts=3  state=ON  metric=rpr
2026-10-07T17:00:13Z  OBSERVE  checkoutservice->currencyservice  rpr=0.0000  low=229 high=0  attempts=3  state=ON  metric=rpr
2026-10-07T17:00:13Z  OBSERVE  checkoutservice->emailservice  rpr=0.0000  low=228 high=0  attempts=3  state=ON  metric=rpr
2026-10-07T17:00:13Z  OBSERVE  checkoutservice->paymentservice  rpr=0.0000  low=229 high=0  attempts=3  state=ON  metric=rpr
2026-10-07T17:00:13Z  OBSERVE  checkoutservice->shippingservice  rpr=0.0000  low=229 high=0  attempts=3  state=ON  metric=rpr
2026-10-07T17:00:13Z  OBSERVE  recommendationservice->productcatalogservice  rpr=0.0000  low=230 high=0  attempts=3  state=ON  metric=rpr
2026-10-07T17:00:13Z  OBSERVE  recommendationservice  rejection=0.2440  low=0 high=159  state=OFF  metric=rejection
2026-10-07T17:00:15Z  OBSERVE  frontend->adservice  rpr=0.0000  low=230 high=0  attempts=3  state=ON  metric=rpr
2026-10-07T17:00:15Z  OBSERVE  frontend->cartservice  rpr=0.0000  low=232 high=0  attempts=3  state=ON  metric=rpr
2026-10-07T17:00:15Z  OBSERVE  frontend->checkoutservice  rpr=0.0000  low=189 high=0  attempts=3  state=ON  metric=rpr
2026-10-07T17:00:15Z  OBSERVE  frontend->currencyservice  rpr=0.0000  low=232 high=0  attempts=3  state=ON  metric=rpr
2026-10-07T17:00:15Z  OBSERVE  frontend->productcatalogservice  rpr=0.0000  low=231 high=0  attempts=3  state=ON  metric=rpr
2026-10-07T17:00:15Z  OBSERVE  frontend->shippingservice  rpr=0.0000  low=231 high=0  attempts=3  state=ON  metric=rpr
2026-10-07T17:00:15Z  OBSERVE  checkoutservice->cartservice  rpr=0.0000  low=230 high=0  attempts=3  state=ON  metric=rpr
2026-10-07T17:00:15Z  OBSERVE  checkoutservice->currencyservice  rpr=0.0000  low=230 high=0  attempts=3  state=ON  metric=rpr
2026-10-07T17:00:15Z  OBSERVE  checkoutservice->emailservice  rpr=0.0000  low=229 high=0  attempts=3  state=ON  metric=rpr
2026-10-07T17:00:15Z  OBSERVE  checkoutservice->paymentservice  rpr=0.0000  low=230 high=0  attempts=3  state=ON  metric=rpr
2026-10-07T17:00:15Z  OBSERVE  checkoutservice->shippingservice  rpr=0.0000  low=230 high=0  attempts=3  state=ON  metric=rpr
2026-10-07T17:00:15Z  OBSERVE  recommendationservice->productcatalogservice  rpr=0.0000  low=231 high=0  attempts=3  state=ON  metric=rpr
2026-10-07T17:00:15Z  OBSERVE  recommendationservice  rejection=0.2350  low=0 high=160  state=OFF  metric=rejection
2026-10-07T17:00:17Z  OBSERVE  frontend->adservice  rpr=0.0000  low=231 high=0  attempts=3  state=ON  metric=rpr
2026-10-07T17:00:17Z  OBSERVE  frontend->cartservice  rpr=0.0000  low=233 high=0  attempts=3  state=ON  metric=rpr
2026-10-07T17:00:17Z  OBSERVE  frontend->checkoutservice  rpr=0.0000  low=190 high=0  attempts=3  state=ON  metric=rpr
2026-10-07T17:00:17Z  OBSERVE  frontend->currencyservice  rpr=0.0000  low=233 high=0  attempts=3  state=ON  metric=rpr
2026-10-07T17:00:17Z  OBSERVE  frontend->productcatalogservice  rpr=0.0000  low=232 high=0  attempts=3  state=ON  metric=rpr
2026-10-07T17:00:17Z  OBSERVE  frontend->shippingservice  rpr=0.0000  low=232 high=0  attempts=3  state=ON  metric=rpr
2026-10-07T17:00:17Z  OBSERVE  checkoutservice->cartservice  rpr=0.0000  low=231 high=0  attempts=3  state=ON  metric=rpr
2026-10-07T17:00:17Z  OBSERVE  checkoutservice->currencyservice  rpr=0.0000  low=231 high=0  attempts=3  state=ON  metric=rpr
2026-10-07T17:00:17Z  OBSERVE  checkoutservice->emailservice  rpr=0.0000  low=230 high=0  attempts=3  state=ON  metric=rpr
2026-10-07T17:00:17Z  OBSERVE  checkoutservice->paymentservice  rpr=0.0000  low=231 high=0  attempts=3  state=ON  metric=rpr
2026-10-07T17:00:17Z  OBSERVE  checkoutservice->shippingservice  rpr=0.0000  low=231 high=0  attempts=3  state=ON  metric=rpr
2026-10-07T17:00:17Z  OBSERVE  recommendationservice->productcatalogservice  rpr=0.0000  low=232 high=0  attempts=3  state=ON  metric=rpr
2026-10-07T17:00:17Z  OBSERVE  recommendationservice  rejection=0.2144  low=0 high=161  state=OFF  metric=rejection
2026-10-07T17:00:19Z  OBSERVE  frontend->adservice  rpr=0.0000  low=232 high=0  attempts=3  state=ON  metric=rpr
2026-10-07T17:00:19Z  OBSERVE  frontend->cartservice  rpr=0.0000  low=234 high=0  attempts=3  state=ON  metric=rpr
2026-10-07T17:00:19Z  OBSERVE  frontend->checkoutservice  rpr=0.0000  low=191 high=0  attempts=3  state=ON  metric=rpr
2026-10-07T17:00:19Z  OBSERVE  frontend->currencyservice  rpr=0.0000  low=234 high=0  attempts=3  state=ON  metric=rpr
2026-10-07T17:00:19Z  OBSERVE  frontend->productcatalogservice  rpr=0.0000  low=233 high=0  attempts=3  state=ON  metric=rpr
2026-10-07T17:00:19Z  OBSERVE  frontend->shippingservice  rpr=0.0000  low=233 high=0  attempts=3  state=ON  metric=rpr
2026-10-07T17:00:19Z  OBSERVE  checkoutservice->cartservice  rpr=0.0000  low=232 high=0  attempts=3  state=ON  metric=rpr
2026-10-07T17:00:19Z  OBSERVE  checkoutservice->currencyservice  rpr=0.0000  low=232 high=0  attempts=3  state=ON  metric=rpr
2026-10-07T17:00:19Z  OBSERVE  checkoutservice->emailservice  rpr=0.0000  low=231 high=0  attempts=3  state=ON  metric=rpr
2026-10-07T17:00:19Z  OBSERVE  checkoutservice->paymentservice  rpr=0.0000  low=232 high=0  attempts=3  state=ON  metric=rpr
2026-10-07T17:00:19Z  OBSERVE  checkoutservice->shippingservice  rpr=0.0000  low=232 high=0  attempts=3  state=ON  metric=rpr
2026-10-07T17:00:19Z  OBSERVE  recommendationservice->productcatalogservice  rpr=0.0000  low=233 high=0  attempts=3  state=ON  metric=rpr
2026-10-07T17:00:19Z  OBSERVE  recommendationservice  rejection=0.2137  low=0 high=162  state=OFF  metric=rejection
2026-10-07T17:00:21Z  OBSERVE  frontend->adservice  rpr=0.0000  low=233 high=0  attempts=3  state=ON  metric=rpr
2026-10-07T17:00:21Z  OBSERVE  frontend->cartservice  rpr=0.0000  low=235 high=0  attempts=3  state=ON  metric=rpr
2026-10-07T17:00:21Z  OBSERVE  frontend->checkoutservice  rpr=0.0000  low=192 high=0  attempts=3  state=ON  metric=rpr
2026-10-07T17:00:21Z  OBSERVE  frontend->currencyservice  rpr=0.0000  low=235 high=0  attempts=3  state=ON  metric=rpr
2026-10-07T17:00:21Z  OBSERVE  frontend->productcatalogservice  rpr=0.0000  low=234 high=0  attempts=3  state=ON  metric=rpr
2026-10-07T17:00:21Z  OBSERVE  frontend->shippingservice  rpr=0.0000  low=234 high=0  attempts=3  state=ON  metric=rpr
2026-10-07T17:00:21Z  OBSERVE  checkoutservice->cartservice  rpr=0.0000  low=233 high=0  attempts=3  state=ON  metric=rpr
2026-10-07T17:00:21Z  OBSERVE  checkoutservice->currencyservice  rpr=0.0000  low=233 high=0  attempts=3  state=ON  metric=rpr
2026-10-07T17:00:21Z  OBSERVE  checkoutservice->emailservice  rpr=0.0000  low=232 high=0  attempts=3  state=ON  metric=rpr
2026-10-07T17:00:21Z  OBSERVE  checkoutservice->paymentservice  rpr=0.0000  low=233 high=0  attempts=3  state=ON  metric=rpr
2026-10-07T17:00:21Z  OBSERVE  checkoutservice->shippingservice  rpr=0.0000  low=233 high=0  attempts=3  state=ON  metric=rpr
2026-10-07T17:00:21Z  OBSERVE  recommendationservice->productcatalogservice  rpr=0.0000  low=234 high=0  attempts=3  state=ON  metric=rpr
2026-10-07T17:00:21Z  OBSERVE  recommendationservice  rejection=0.2249  low=0 high=163  state=OFF  metric=rejection
2026-10-07T17:00:23Z  OBSERVE  frontend->adservice  rpr=0.0000  low=234 high=0  attempts=3  state=ON  metric=rpr
2026-10-07T17:00:23Z  OBSERVE  frontend->cartservice  rpr=0.0000  low=236 high=0  attempts=3  state=ON  metric=rpr
2026-10-07T17:00:23Z  OBSERVE  frontend->checkoutservice  rpr=0.0000  low=193 high=0  attempts=3  state=ON  metric=rpr
2026-10-07T17:00:23Z  OBSERVE  frontend->currencyservice  rpr=0.0000  low=236 high=0  attempts=3  state=ON  metric=rpr
2026-10-07T17:00:23Z  OBSERVE  frontend->productcatalogservice  rpr=0.0000  low=235 high=0  attempts=3  state=ON  metric=rpr
2026-10-07T17:00:23Z  OBSERVE  frontend->shippingservice  rpr=0.0000  low=235 high=0  attempts=3  state=ON  metric=rpr
2026-10-07T17:00:23Z  OBSERVE  checkoutservice->cartservice  rpr=0.0000  low=234 high=0  attempts=3  state=ON  metric=rpr
2026-10-07T17:00:23Z  OBSERVE  checkoutservice->currencyservice  rpr=0.0000  low=234 high=0  attempts=3  state=ON  metric=rpr
2026-10-07T17:00:23Z  OBSERVE  checkoutservice->emailservice  rpr=0.0000  low=233 high=0  attempts=3  state=ON  metric=rpr
2026-10-07T17:00:23Z  OBSERVE  checkoutservice->paymentservice  rpr=0.0000  low=234 high=0  attempts=3  state=ON  metric=rpr
2026-10-07T17:00:23Z  OBSERVE  checkoutservice->shippingservice  rpr=0.0000  low=234 high=0  attempts=3  state=ON  metric=rpr
2026-10-07T17:00:23Z  OBSERVE  recommendationservice->productcatalogservice  rpr=0.0000  low=235 high=0  attempts=3  state=ON  metric=rpr
2026-10-07T17:00:23Z  OBSERVE  recommendationservice  rejection=0.2421  low=0 high=164  state=OFF  metric=rejection
2026-10-07T17:00:25Z  OBSERVE  frontend->adservice  rpr=0.0000  low=235 high=0  attempts=3  state=ON  metric=rpr
2026-10-07T17:00:25Z  OBSERVE  frontend->cartservice  rpr=0.0000  low=237 high=0  attempts=3  state=ON  metric=rpr
2026-10-07T17:00:25Z  OBSERVE  frontend->checkoutservice  rpr=0.0000  low=194 high=0  attempts=3  state=ON  metric=rpr
2026-10-07T17:00:25Z  OBSERVE  frontend->currencyservice  rpr=0.0000  low=237 high=0  attempts=3  state=ON  metric=rpr
2026-10-07T17:00:25Z  OBSERVE  frontend->productcatalogservice  rpr=0.0000  low=236 high=0  attempts=3  state=ON  metric=rpr
2026-10-07T17:00:25Z  OBSERVE  frontend->shippingservice  rpr=0.0000  low=236 high=0  attempts=3  state=ON  metric=rpr
2026-10-07T17:00:25Z  OBSERVE  checkoutservice->cartservice  rpr=0.0000  low=235 high=0  attempts=3  state=ON  metric=rpr
2026-10-07T17:00:25Z  OBSERVE  checkoutservice->currencyservice  rpr=0.0000  low=235 high=0  attempts=3  state=ON  metric=rpr
2026-10-07T17:00:25Z  OBSERVE  checkoutservice->emailservice  rpr=0.0000  low=234 high=0  attempts=3  state=ON  metric=rpr
2026-10-07T17:00:25Z  OBSERVE  checkoutservice->paymentservice  rpr=0.0000  low=235 high=0  attempts=3  state=ON  metric=rpr
2026-10-07T17:00:25Z  OBSERVE  checkoutservice->shippingservice  rpr=0.0000  low=235 high=0  attempts=3  state=ON  metric=rpr
2026-10-07T17:00:25Z  OBSERVE  recommendationservice->productcatalogservice  rpr=0.0000  low=236 high=0  attempts=3  state=ON  metric=rpr
2026-10-07T17:00:25Z  OBSERVE  recommendationservice  rejection=0.2577  low=0 high=165  state=OFF  metric=rejection
2026-10-07T17:00:27Z  OBSERVE  frontend->adservice  rpr=0.0000  low=236 high=0  attempts=3  state=ON  metric=rpr
2026-10-07T17:00:27Z  OBSERVE  frontend->cartservice  rpr=0.0000  low=238 high=0  attempts=3  state=ON  metric=rpr
2026-10-07T17:00:27Z  OBSERVE  frontend->checkoutservice  rpr=0.0000  low=195 high=0  attempts=3  state=ON  metric=rpr
2026-10-07T17:00:27Z  OBSERVE  frontend->currencyservice  rpr=0.0000  low=238 high=0  attempts=3  state=ON  metric=rpr
2026-10-07T17:00:27Z  OBSERVE  frontend->productcatalogservice  rpr=0.0000  low=237 high=0  attempts=3  state=ON  metric=rpr
2026-10-07T17:00:27Z  OBSERVE  frontend->shippingservice  rpr=0.0000  low=237 high=0  attempts=3  state=ON  metric=rpr
2026-10-07T17:00:27Z  OBSERVE  checkoutservice->cartservice  rpr=0.0000  low=236 high=0  attempts=3  state=ON  metric=rpr
2026-10-07T17:00:27Z  OBSERVE  checkoutservice->currencyservice  rpr=0.0000  low=236 high=0  attempts=3  state=ON  metric=rpr
2026-10-07T17:00:27Z  OBSERVE  checkoutservice->emailservice  rpr=0.0000  low=235 high=0  attempts=3  state=ON  metric=rpr
2026-10-07T17:00:27Z  OBSERVE  checkoutservice->paymentservice  rpr=0.0000  low=236 high=0  attempts=3  state=ON  metric=rpr
2026-10-07T17:00:27Z  OBSERVE  checkoutservice->shippingservice  rpr=0.0000  low=236 high=0  attempts=3  state=ON  metric=rpr
2026-10-07T17:00:27Z  OBSERVE  recommendationservice->productcatalogservice  rpr=0.0000  low=237 high=0  attempts=3  state=ON  metric=rpr
2026-10-07T17:00:27Z  OBSERVE  recommendationservice  rejection=0.2464  low=0 high=166  state=OFF  metric=rejection
2026-10-07T17:00:29Z  OBSERVE  frontend->adservice  rpr=0.0000  low=237 high=0  attempts=3  state=ON  metric=rpr
2026-10-07T17:00:29Z  OBSERVE  frontend->cartservice  rpr=0.0000  low=239 high=0  attempts=3  state=ON  metric=rpr
2026-10-07T17:00:29Z  OBSERVE  frontend->checkoutservice  rpr=0.0000  low=196 high=0  attempts=3  state=ON  metric=rpr
2026-10-07T17:00:29Z  OBSERVE  frontend->currencyservice  rpr=0.0000  low=239 high=0  attempts=3  state=ON  metric=rpr
2026-10-07T17:00:29Z  OBSERVE  frontend->productcatalogservice  rpr=0.0000  low=238 high=0  attempts=3  state=ON  metric=rpr
2026-10-07T17:00:29Z  OBSERVE  frontend->shippingservice  rpr=0.0000  low=238 high=0  attempts=3  state=ON  metric=rpr
2026-10-07T17:00:29Z  OBSERVE  checkoutservice->cartservice  rpr=0.0000  low=237 high=0  attempts=3  state=ON  metric=rpr
2026-10-07T17:00:29Z  OBSERVE  checkoutservice->currencyservice  rpr=0.0000  low=237 high=0  attempts=3  state=ON  metric=rpr
2026-10-07T17:00:29Z  OBSERVE  checkoutservice->emailservice  rpr=0.0000  low=236 high=0  attempts=3  state=ON  metric=rpr
2026-10-07T17:00:29Z  OBSERVE  checkoutservice->paymentservice  rpr=0.0000  low=237 high=0  attempts=3  state=ON  metric=rpr
2026-10-07T17:00:29Z  OBSERVE  checkoutservice->shippingservice  rpr=0.0000  low=237 high=0  attempts=3  state=ON  metric=rpr
2026-10-07T17:00:29Z  OBSERVE  recommendationservice->productcatalogservice  rpr=0.0000  low=238 high=0  attempts=3  state=ON  metric=rpr
2026-10-07T17:00:29Z  OBSERVE  recommendationservice  rejection=0.2447  low=0 high=167  state=OFF  metric=rejection
2026-10-07T17:00:31Z  OBSERVE  frontend->adservice  rpr=0.0000  low=238 high=0  attempts=3  state=ON  metric=rpr
2026-10-07T17:00:31Z  OBSERVE  frontend->cartservice  rpr=0.0000  low=240 high=0  attempts=3  state=ON  metric=rpr
2026-10-07T17:00:31Z  OBSERVE  frontend->checkoutservice  rpr=0.0000  low=197 high=0  attempts=3  state=ON  metric=rpr
2026-10-07T17:00:31Z  OBSERVE  frontend->currencyservice  rpr=0.0000  low=240 high=0  attempts=3  state=ON  metric=rpr
2026-10-07T17:00:31Z  OBSERVE  frontend->productcatalogservice  rpr=0.0000  low=239 high=0  attempts=3  state=ON  metric=rpr
2026-10-07T17:00:31Z  OBSERVE  frontend->shippingservice  rpr=0.0000  low=239 high=0  attempts=3  state=ON  metric=rpr
2026-10-07T17:00:31Z  OBSERVE  checkoutservice->cartservice  rpr=0.0000  low=238 high=0  attempts=3  state=ON  metric=rpr
2026-10-07T17:00:31Z  OBSERVE  checkoutservice->currencyservice  rpr=0.0000  low=238 high=0  attempts=3  state=ON  metric=rpr
2026-10-07T17:00:31Z  OBSERVE  checkoutservice->emailservice  rpr=0.0000  low=237 high=0  attempts=3  state=ON  metric=rpr
2026-10-07T17:00:31Z  OBSERVE  checkoutservice->paymentservice  rpr=0.0000  low=238 high=0  attempts=3  state=ON  metric=rpr
2026-10-07T17:00:31Z  OBSERVE  checkoutservice->shippingservice  rpr=0.0000  low=238 high=0  attempts=3  state=ON  metric=rpr
2026-10-07T17:00:31Z  OBSERVE  recommendationservice->productcatalogservice  rpr=0.0000  low=239 high=0  attempts=3  state=ON  metric=rpr
2026-10-07T17:00:31Z  OBSERVE  recommendationservice  rejection=0.1812  low=0 high=168  state=OFF  metric=rejection
2026-10-07T17:00:33Z  OBSERVE  frontend->adservice  rpr=0.0000  low=239 high=0  attempts=3  state=ON  metric=rpr
2026-10-07T17:00:33Z  OBSERVE  frontend->cartservice  rpr=0.0000  low=241 high=0  attempts=3  state=ON  metric=rpr
2026-10-07T17:00:33Z  OBSERVE  frontend->checkoutservice  rpr=0.0000  low=198 high=0  attempts=3  state=ON  metric=rpr
2026-10-07T17:00:33Z  OBSERVE  frontend->currencyservice  rpr=0.0000  low=241 high=0  attempts=3  state=ON  metric=rpr
2026-10-07T17:00:33Z  OBSERVE  frontend->productcatalogservice  rpr=0.0000  low=240 high=0  attempts=3  state=ON  metric=rpr
2026-10-07T17:00:33Z  OBSERVE  frontend->shippingservice  rpr=0.0000  low=240 high=0  attempts=3  state=ON  metric=rpr
2026-10-07T17:00:33Z  OBSERVE  checkoutservice->cartservice  rpr=0.0000  low=239 high=0  attempts=3  state=ON  metric=rpr
2026-10-07T17:00:33Z  OBSERVE  checkoutservice->currencyservice  rpr=0.0000  low=239 high=0  attempts=3  state=ON  metric=rpr
2026-10-07T17:00:33Z  OBSERVE  checkoutservice->emailservice  rpr=0.0000  low=238 high=0  attempts=3  state=ON  metric=rpr
2026-10-07T17:00:33Z  OBSERVE  checkoutservice->paymentservice  rpr=0.0000  low=239 high=0  attempts=3  state=ON  metric=rpr
2026-10-07T17:00:33Z  OBSERVE  checkoutservice->shippingservice  rpr=0.0000  low=239 high=0  attempts=3  state=ON  metric=rpr
2026-10-07T17:00:33Z  OBSERVE  recommendationservice->productcatalogservice  rpr=0.0000  low=240 high=0  attempts=3  state=ON  metric=rpr
2026-10-07T17:00:33Z  OBSERVE  recommendationservice  rejection=0.2346  low=0 high=169  state=OFF  metric=rejection
2026-10-07T17:00:35Z  OBSERVE  frontend->adservice  rpr=0.0000  low=240 high=0  attempts=3  state=ON  metric=rpr
2026-10-07T17:00:35Z  OBSERVE  frontend->cartservice  rpr=0.0000  low=242 high=0  attempts=3  state=ON  metric=rpr
2026-10-07T17:00:35Z  OBSERVE  frontend->checkoutservice  rpr=0.0000  low=199 high=0  attempts=3  state=ON  metric=rpr
2026-10-07T17:00:35Z  OBSERVE  frontend->currencyservice  rpr=0.0000  low=242 high=0  attempts=3  state=ON  metric=rpr
2026-10-07T17:00:35Z  OBSERVE  frontend->productcatalogservice  rpr=0.0000  low=241 high=0  attempts=3  state=ON  metric=rpr
2026-10-07T17:00:35Z  OBSERVE  frontend->shippingservice  rpr=0.0000  low=241 high=0  attempts=3  state=ON  metric=rpr
2026-10-07T17:00:35Z  OBSERVE  checkoutservice->cartservice  rpr=0.0000  low=240 high=0  attempts=3  state=ON  metric=rpr
2026-10-07T17:00:35Z  OBSERVE  checkoutservice->currencyservice  rpr=0.0000  low=240 high=0  attempts=3  state=ON  metric=rpr
2026-10-07T17:00:35Z  OBSERVE  checkoutservice->emailservice  rpr=0.0000  low=239 high=0  attempts=3  state=ON  metric=rpr
2026-10-07T17:00:35Z  OBSERVE  checkoutservice->paymentservice  rpr=0.0000  low=240 high=0  attempts=3  state=ON  metric=rpr
2026-10-07T17:00:35Z  OBSERVE  checkoutservice->shippingservice  rpr=0.0000  low=240 high=0  attempts=3  state=ON  metric=rpr
2026-10-07T17:00:35Z  OBSERVE  recommendationservice->productcatalogservice  rpr=0.0000  low=241 high=0  attempts=3  state=ON  metric=rpr
2026-10-07T17:00:35Z  OBSERVE  recommendationservice  rejection=0.2708  low=0 high=170  state=OFF  metric=rejection
2026-10-07T17:00:37Z  OBSERVE  frontend->adservice  rpr=0.0000  low=241 high=0  attempts=3  state=ON  metric=rpr
2026-10-07T17:00:37Z  OBSERVE  frontend->cartservice  rpr=0.0000  low=243 high=0  attempts=3  state=ON  metric=rpr
2026-10-07T17:00:37Z  OBSERVE  frontend->checkoutservice  rpr=0.0000  low=200 high=0  attempts=3  state=ON  metric=rpr
2026-10-07T17:00:37Z  OBSERVE  frontend->currencyservice  rpr=0.0000  low=243 high=0  attempts=3  state=ON  metric=rpr
2026-10-07T17:00:37Z  OBSERVE  frontend->productcatalogservice  rpr=0.0000  low=242 high=0  attempts=3  state=ON  metric=rpr
2026-10-07T17:00:37Z  OBSERVE  frontend->shippingservice  rpr=0.0000  low=242 high=0  attempts=3  state=ON  metric=rpr
2026-10-07T17:00:37Z  OBSERVE  checkoutservice->cartservice  rpr=0.0000  low=241 high=0  attempts=3  state=ON  metric=rpr
2026-10-07T17:00:37Z  OBSERVE  checkoutservice->currencyservice  rpr=0.0000  low=241 high=0  attempts=3  state=ON  metric=rpr
2026-10-07T17:00:37Z  OBSERVE  checkoutservice->emailservice  rpr=0.0000  low=240 high=0  attempts=3  state=ON  metric=rpr
2026-10-07T17:00:37Z  OBSERVE  checkoutservice->paymentservice  rpr=0.0000  low=241 high=0  attempts=3  state=ON  metric=rpr
2026-10-07T17:00:37Z  OBSERVE  checkoutservice->shippingservice  rpr=0.0000  low=241 high=0  attempts=3  state=ON  metric=rpr
2026-10-07T17:00:37Z  OBSERVE  recommendationservice->productcatalogservice  rpr=0.0000  low=242 high=0  attempts=3  state=ON  metric=rpr
2026-10-07T17:00:37Z  OBSERVE  recommendationservice  rejection=0.1980  low=0 high=171  state=OFF  metric=rejection
2026-10-07T17:00:39Z  OBSERVE  frontend->adservice  rpr=0.0000  low=242 high=0  attempts=3  state=ON  metric=rpr
2026-10-07T17:00:39Z  OBSERVE  frontend->cartservice  rpr=0.0000  low=244 high=0  attempts=3  state=ON  metric=rpr
2026-10-07T17:00:39Z  OBSERVE  frontend->checkoutservice  rpr=0.0000  low=201 high=0  attempts=3  state=ON  metric=rpr
2026-10-07T17:00:39Z  OBSERVE  frontend->currencyservice  rpr=0.0000  low=244 high=0  attempts=3  state=ON  metric=rpr
2026-10-07T17:00:39Z  OBSERVE  frontend->productcatalogservice  rpr=0.0000  low=243 high=0  attempts=3  state=ON  metric=rpr
2026-10-07T17:00:39Z  OBSERVE  frontend->shippingservice  rpr=0.0000  low=243 high=0  attempts=3  state=ON  metric=rpr
2026-10-07T17:00:39Z  OBSERVE  checkoutservice->cartservice  rpr=0.0000  low=242 high=0  attempts=3  state=ON  metric=rpr
2026-10-07T17:00:39Z  OBSERVE  checkoutservice->currencyservice  rpr=0.0000  low=242 high=0  attempts=3  state=ON  metric=rpr
2026-10-07T17:00:39Z  OBSERVE  checkoutservice->emailservice  rpr=0.0000  low=241 high=0  attempts=3  state=ON  metric=rpr
2026-10-07T17:00:39Z  OBSERVE  checkoutservice->paymentservice  rpr=0.0000  low=242 high=0  attempts=3  state=ON  metric=rpr
2026-10-07T17:00:39Z  OBSERVE  checkoutservice->shippingservice  rpr=0.0000  low=242 high=0  attempts=3  state=ON  metric=rpr
2026-10-07T17:00:39Z  OBSERVE  recommendationservice->productcatalogservice  rpr=0.0000  low=243 high=0  attempts=3  state=ON  metric=rpr
2026-10-07T17:00:39Z  OBSERVE  recommendationservice  rejection=0.2613  low=0 high=172  state=OFF  metric=rejection
2026-10-07T17:00:41Z  OBSERVE  frontend->adservice  rpr=0.0000  low=243 high=0  attempts=3  state=ON  metric=rpr
2026-10-07T17:00:41Z  OBSERVE  frontend->cartservice  rpr=0.0000  low=245 high=0  attempts=3  state=ON  metric=rpr
2026-10-07T17:00:41Z  OBSERVE  frontend->checkoutservice  rpr=0.0000  low=202 high=0  attempts=3  state=ON  metric=rpr
2026-10-07T17:00:41Z  OBSERVE  frontend->currencyservice  rpr=0.0000  low=245 high=0  attempts=3  state=ON  metric=rpr
2026-10-07T17:00:41Z  OBSERVE  frontend->productcatalogservice  rpr=0.0000  low=244 high=0  attempts=3  state=ON  metric=rpr
2026-10-07T17:00:41Z  OBSERVE  frontend->shippingservice  rpr=0.0000  low=244 high=0  attempts=3  state=ON  metric=rpr
2026-10-07T17:00:41Z  OBSERVE  checkoutservice->cartservice  rpr=0.0000  low=243 high=0  attempts=3  state=ON  metric=rpr
2026-10-07T17:00:41Z  OBSERVE  checkoutservice->currencyservice  rpr=0.0000  low=243 high=0  attempts=3  state=ON  metric=rpr
2026-10-07T17:00:41Z  OBSERVE  checkoutservice->emailservice  rpr=0.0000  low=242 high=0  attempts=3  state=ON  metric=rpr
2026-10-07T17:00:41Z  OBSERVE  checkoutservice->paymentservice  rpr=0.0000  low=243 high=0  attempts=3  state=ON  metric=rpr
2026-10-07T17:00:41Z  OBSERVE  checkoutservice->shippingservice  rpr=0.0000  low=243 high=0  attempts=3  state=ON  metric=rpr
2026-10-07T17:00:41Z  OBSERVE  recommendationservice->productcatalogservice  rpr=0.0000  low=244 high=0  attempts=3  state=ON  metric=rpr
2026-10-07T17:00:41Z  OBSERVE  recommendationservice  rejection=0.2246  low=0 high=173  state=OFF  metric=rejection
2026-10-07T17:00:43Z  OBSERVE  frontend->adservice  rpr=0.0000  low=244 high=0  attempts=3  state=ON  metric=rpr
2026-10-07T17:00:43Z  OBSERVE  frontend->cartservice  rpr=0.0000  low=246 high=0  attempts=3  state=ON  metric=rpr
2026-10-07T17:00:43Z  OBSERVE  frontend->checkoutservice  rpr=0.0000  low=203 high=0  attempts=3  state=ON  metric=rpr
2026-10-07T17:00:43Z  OBSERVE  frontend->currencyservice  rpr=0.0000  low=246 high=0  attempts=3  state=ON  metric=rpr
2026-10-07T17:00:43Z  OBSERVE  frontend->productcatalogservice  rpr=0.0000  low=245 high=0  attempts=3  state=ON  metric=rpr
2026-10-07T17:00:43Z  OBSERVE  frontend->shippingservice  rpr=0.0000  low=245 high=0  attempts=3  state=ON  metric=rpr
2026-10-07T17:00:43Z  OBSERVE  checkoutservice->cartservice  rpr=0.0000  low=244 high=0  attempts=3  state=ON  metric=rpr
2026-10-07T17:00:43Z  OBSERVE  checkoutservice->currencyservice  rpr=0.0000  low=244 high=0  attempts=3  state=ON  metric=rpr
2026-10-07T17:00:43Z  OBSERVE  checkoutservice->emailservice  rpr=0.0000  low=243 high=0  attempts=3  state=ON  metric=rpr
2026-10-07T17:00:43Z  OBSERVE  checkoutservice->paymentservice  rpr=0.0000  low=244 high=0  attempts=3  state=ON  metric=rpr
2026-10-07T17:00:43Z  OBSERVE  checkoutservice->shippingservice  rpr=0.0000  low=244 high=0  attempts=3  state=ON  metric=rpr
2026-10-07T17:00:43Z  OBSERVE  recommendationservice->productcatalogservice  rpr=0.0000  low=245 high=0  attempts=3  state=ON  metric=rpr
2026-10-07T17:00:43Z  OBSERVE  recommendationservice  rejection=0.2840  low=0 high=174  state=OFF  metric=rejection
2026-10-07T17:00:45Z  OBSERVE  frontend->adservice  rpr=0.0000  low=245 high=0  attempts=3  state=ON  metric=rpr
2026-10-07T17:00:45Z  OBSERVE  frontend->cartservice  rpr=0.0000  low=247 high=0  attempts=3  state=ON  metric=rpr
2026-10-07T17:00:45Z  OBSERVE  frontend->checkoutservice  rpr=0.0000  low=204 high=0  attempts=3  state=ON  metric=rpr
2026-10-07T17:00:45Z  OBSERVE  frontend->currencyservice  rpr=0.0000  low=247 high=0  attempts=3  state=ON  metric=rpr
2026-10-07T17:00:45Z  OBSERVE  frontend->productcatalogservice  rpr=0.0000  low=246 high=0  attempts=3  state=ON  metric=rpr
2026-10-07T17:00:45Z  OBSERVE  frontend->shippingservice  rpr=0.0000  low=246 high=0  attempts=3  state=ON  metric=rpr
2026-10-07T17:00:45Z  OBSERVE  checkoutservice->cartservice  rpr=0.0000  low=245 high=0  attempts=3  state=ON  metric=rpr
2026-10-07T17:00:45Z  OBSERVE  checkoutservice->currencyservice  rpr=0.0000  low=245 high=0  attempts=3  state=ON  metric=rpr
2026-10-07T17:00:45Z  OBSERVE  checkoutservice->emailservice  rpr=0.0000  low=244 high=0  attempts=3  state=ON  metric=rpr
2026-10-07T17:00:45Z  OBSERVE  checkoutservice->paymentservice  rpr=0.0000  low=245 high=0  attempts=3  state=ON  metric=rpr
2026-10-07T17:00:45Z  OBSERVE  checkoutservice->shippingservice  rpr=0.0000  low=245 high=0  attempts=3  state=ON  metric=rpr
2026-10-07T17:00:45Z  OBSERVE  recommendationservice->productcatalogservice  rpr=0.0000  low=246 high=0  attempts=3  state=ON  metric=rpr
2026-10-07T17:00:45Z  OBSERVE  recommendationservice  rejection=0.1972  low=0 high=175  state=OFF  metric=rejection
2026-10-07T17:00:47Z  OBSERVE  frontend->adservice  rpr=0.0000  low=246 high=0  attempts=3  state=ON  metric=rpr
2026-10-07T17:00:47Z  OBSERVE  frontend->cartservice  rpr=0.0000  low=248 high=0  attempts=3  state=ON  metric=rpr
2026-10-07T17:00:47Z  OBSERVE  frontend->checkoutservice  rpr=0.0000  low=205 high=0  attempts=3  state=ON  metric=rpr
2026-10-07T17:00:47Z  OBSERVE  frontend->currencyservice  rpr=0.0000  low=248 high=0  attempts=3  state=ON  metric=rpr
2026-10-07T17:00:47Z  OBSERVE  frontend->productcatalogservice  rpr=0.0000  low=247 high=0  attempts=3  state=ON  metric=rpr
2026-10-07T17:00:47Z  OBSERVE  frontend->shippingservice  rpr=0.0000  low=247 high=0  attempts=3  state=ON  metric=rpr
2026-10-07T17:00:47Z  OBSERVE  checkoutservice->cartservice  rpr=0.0000  low=246 high=0  attempts=3  state=ON  metric=rpr
2026-10-07T17:00:47Z  OBSERVE  checkoutservice->currencyservice  rpr=0.0000  low=246 high=0  attempts=3  state=ON  metric=rpr
2026-10-07T17:00:47Z  OBSERVE  checkoutservice->emailservice  rpr=0.0000  low=245 high=0  attempts=3  state=ON  metric=rpr
2026-10-07T17:00:47Z  OBSERVE  checkoutservice->paymentservice  rpr=0.0000  low=246 high=0  attempts=3  state=ON  metric=rpr
2026-10-07T17:00:47Z  OBSERVE  checkoutservice->shippingservice  rpr=0.0000  low=246 high=0  attempts=3  state=ON  metric=rpr
2026-10-07T17:00:47Z  OBSERVE  recommendationservice->productcatalogservice  rpr=0.0000  low=247 high=0  attempts=3  state=ON  metric=rpr
2026-10-07T17:00:47Z  OBSERVE  recommendationservice  rejection=0.1913  low=0 high=176  state=OFF  metric=rejection
2026-10-07T17:00:49Z  OBSERVE  frontend->adservice  rpr=0.0000  low=247 high=0  attempts=3  state=ON  metric=rpr
2026-10-07T17:00:49Z  OBSERVE  frontend->cartservice  rpr=0.0000  low=249 high=0  attempts=3  state=ON  metric=rpr
2026-10-07T17:00:49Z  OBSERVE  frontend->checkoutservice  rpr=0.0000  low=206 high=0  attempts=3  state=ON  metric=rpr
2026-10-07T17:00:49Z  OBSERVE  frontend->currencyservice  rpr=0.0000  low=249 high=0  attempts=3  state=ON  metric=rpr
2026-10-07T17:00:49Z  OBSERVE  frontend->productcatalogservice  rpr=0.0000  low=248 high=0  attempts=3  state=ON  metric=rpr
2026-10-07T17:00:49Z  OBSERVE  frontend->shippingservice  rpr=0.0000  low=248 high=0  attempts=3  state=ON  metric=rpr
2026-10-07T17:00:49Z  OBSERVE  checkoutservice->cartservice  rpr=0.0000  low=247 high=0  attempts=3  state=ON  metric=rpr
2026-10-07T17:00:49Z  OBSERVE  checkoutservice->currencyservice  rpr=0.0000  low=247 high=0  attempts=3  state=ON  metric=rpr
2026-10-07T17:00:49Z  OBSERVE  checkoutservice->emailservice  rpr=0.0000  low=246 high=0  attempts=3  state=ON  metric=rpr
2026-10-07T17:00:49Z  OBSERVE  checkoutservice->paymentservice  rpr=0.0000  low=247 high=0  attempts=3  state=ON  metric=rpr
2026-10-07T17:00:49Z  OBSERVE  checkoutservice->shippingservice  rpr=0.0000  low=247 high=0  attempts=3  state=ON  metric=rpr
2026-10-07T17:00:49Z  OBSERVE  recommendationservice->productcatalogservice  rpr=0.0000  low=248 high=0  attempts=3  state=ON  metric=rpr
2026-10-07T17:00:49Z  OBSERVE  recommendationservice  rejection=0.1845  low=0 high=177  state=OFF  metric=rejection
2026-10-07T17:00:51Z  OBSERVE  frontend->adservice  rpr=0.0000  low=248 high=0  attempts=3  state=ON  metric=rpr
2026-10-07T17:00:51Z  OBSERVE  frontend->cartservice  rpr=0.0000  low=250 high=0  attempts=3  state=ON  metric=rpr
2026-10-07T17:00:51Z  OBSERVE  frontend->checkoutservice  rpr=0.0000  low=207 high=0  attempts=3  state=ON  metric=rpr
2026-10-07T17:00:51Z  OBSERVE  frontend->currencyservice  rpr=0.0000  low=250 high=0  attempts=3  state=ON  metric=rpr
2026-10-07T17:00:51Z  OBSERVE  frontend->productcatalogservice  rpr=0.0000  low=249 high=0  attempts=3  state=ON  metric=rpr
2026-10-07T17:00:51Z  OBSERVE  frontend->shippingservice  rpr=0.0000  low=249 high=0  attempts=3  state=ON  metric=rpr
2026-10-07T17:00:51Z  OBSERVE  checkoutservice->cartservice  rpr=0.0000  low=248 high=0  attempts=3  state=ON  metric=rpr
2026-10-07T17:00:51Z  OBSERVE  checkoutservice->currencyservice  rpr=0.0000  low=248 high=0  attempts=3  state=ON  metric=rpr
2026-10-07T17:00:51Z  OBSERVE  checkoutservice->emailservice  rpr=0.0000  low=247 high=0  attempts=3  state=ON  metric=rpr
2026-10-07T17:00:51Z  OBSERVE  checkoutservice->paymentservice  rpr=0.0000  low=248 high=0  attempts=3  state=ON  metric=rpr
2026-10-07T17:00:51Z  OBSERVE  checkoutservice->shippingservice  rpr=0.0000  low=248 high=0  attempts=3  state=ON  metric=rpr
2026-10-07T17:00:51Z  OBSERVE  recommendationservice->productcatalogservice  rpr=0.0000  low=249 high=0  attempts=3  state=ON  metric=rpr
2026-10-07T17:00:51Z  OBSERVE  recommendationservice  rejection=0.2164  low=0 high=178  state=OFF  metric=rejection
2026-10-07T17:00:53Z  OBSERVE  frontend->adservice  rpr=0.0000  low=249 high=0  attempts=3  state=ON  metric=rpr
2026-10-07T17:00:53Z  OBSERVE  frontend->cartservice  rpr=0.0000  low=251 high=0  attempts=3  state=ON  metric=rpr
2026-10-07T17:00:53Z  OBSERVE  frontend->checkoutservice  rpr=0.0000  low=208 high=0  attempts=3  state=ON  metric=rpr
2026-10-07T17:00:53Z  OBSERVE  frontend->currencyservice  rpr=0.0000  low=251 high=0  attempts=3  state=ON  metric=rpr
2026-10-07T17:00:53Z  OBSERVE  frontend->productcatalogservice  rpr=0.0000  low=250 high=0  attempts=3  state=ON  metric=rpr
2026-10-07T17:00:53Z  OBSERVE  frontend->shippingservice  rpr=0.0000  low=250 high=0  attempts=3  state=ON  metric=rpr
2026-10-07T17:00:53Z  OBSERVE  checkoutservice->cartservice  rpr=0.0000  low=249 high=0  attempts=3  state=ON  metric=rpr
2026-10-07T17:00:53Z  OBSERVE  checkoutservice->currencyservice  rpr=0.0000  low=249 high=0  attempts=3  state=ON  metric=rpr
2026-10-07T17:00:53Z  OBSERVE  checkoutservice->emailservice  rpr=0.0000  low=248 high=0  attempts=3  state=ON  metric=rpr
2026-10-07T17:00:53Z  OBSERVE  checkoutservice->paymentservice  rpr=0.0000  low=249 high=0  attempts=3  state=ON  metric=rpr
2026-10-07T17:00:53Z  OBSERVE  checkoutservice->shippingservice  rpr=0.0000  low=249 high=0  attempts=3  state=ON  metric=rpr
2026-10-07T17:00:53Z  OBSERVE  recommendationservice->productcatalogservice  rpr=0.0000  low=250 high=0  attempts=3  state=ON  metric=rpr
2026-10-07T17:00:53Z  OBSERVE  recommendationservice  rejection=0.2122  low=0 high=179  state=OFF  metric=rejection
2026-10-07T17:00:55Z  OBSERVE  frontend->adservice  rpr=0.0000  low=250 high=0  attempts=3  state=ON  metric=rpr
2026-10-07T17:00:55Z  OBSERVE  frontend->cartservice  rpr=0.0000  low=252 high=0  attempts=3  state=ON  metric=rpr
2026-10-07T17:00:55Z  OBSERVE  frontend->checkoutservice  rpr=0.0000  low=209 high=0  attempts=3  state=ON  metric=rpr
2026-10-07T17:00:55Z  OBSERVE  frontend->currencyservice  rpr=0.0000  low=252 high=0  attempts=3  state=ON  metric=rpr
2026-10-07T17:00:55Z  OBSERVE  frontend->productcatalogservice  rpr=0.0000  low=251 high=0  attempts=3  state=ON  metric=rpr
2026-10-07T17:00:55Z  OBSERVE  frontend->shippingservice  rpr=0.0000  low=251 high=0  attempts=3  state=ON  metric=rpr
2026-10-07T17:00:55Z  OBSERVE  checkoutservice->cartservice  rpr=0.0000  low=250 high=0  attempts=3  state=ON  metric=rpr
2026-10-07T17:00:55Z  OBSERVE  checkoutservice->currencyservice  rpr=0.0000  low=250 high=0  attempts=3  state=ON  metric=rpr
2026-10-07T17:00:55Z  OBSERVE  checkoutservice->emailservice  rpr=0.0000  low=249 high=0  attempts=3  state=ON  metric=rpr
2026-10-07T17:00:55Z  OBSERVE  checkoutservice->paymentservice  rpr=0.0000  low=250 high=0  attempts=3  state=ON  metric=rpr
2026-10-07T17:00:55Z  OBSERVE  checkoutservice->shippingservice  rpr=0.0000  low=250 high=0  attempts=3  state=ON  metric=rpr
2026-10-07T17:00:55Z  OBSERVE  recommendationservice->productcatalogservice  rpr=0.0000  low=251 high=0  attempts=3  state=ON  metric=rpr
2026-10-07T17:00:55Z  OBSERVE  recommendationservice  rejection=0.1953  low=0 high=180  state=OFF  metric=rejection
2026-10-07T17:00:57Z  OBSERVE  frontend->adservice  rpr=0.0000  low=251 high=0  attempts=3  state=ON  metric=rpr
2026-10-07T17:00:57Z  OBSERVE  frontend->cartservice  rpr=0.0000  low=253 high=0  attempts=3  state=ON  metric=rpr
2026-10-07T17:00:57Z  OBSERVE  frontend->checkoutservice  rpr=0.0000  low=210 high=0  attempts=3  state=ON  metric=rpr
2026-10-07T17:00:57Z  OBSERVE  frontend->currencyservice  rpr=0.0000  low=253 high=0  attempts=3  state=ON  metric=rpr
2026-10-07T17:00:57Z  OBSERVE  frontend->productcatalogservice  rpr=0.0000  low=252 high=0  attempts=3  state=ON  metric=rpr
2026-10-07T17:00:57Z  OBSERVE  frontend->shippingservice  rpr=0.0000  low=252 high=0  attempts=3  state=ON  metric=rpr
2026-10-07T17:00:57Z  OBSERVE  checkoutservice->cartservice  rpr=0.0000  low=251 high=0  attempts=3  state=ON  metric=rpr
2026-10-07T17:00:57Z  OBSERVE  checkoutservice->currencyservice  rpr=0.0000  low=251 high=0  attempts=3  state=ON  metric=rpr
2026-10-07T17:00:57Z  OBSERVE  checkoutservice->emailservice  rpr=0.0000  low=250 high=0  attempts=3  state=ON  metric=rpr
2026-10-07T17:00:57Z  OBSERVE  checkoutservice->paymentservice  rpr=0.0000  low=251 high=0  attempts=3  state=ON  metric=rpr
2026-10-07T17:00:57Z  OBSERVE  checkoutservice->shippingservice  rpr=0.0000  low=251 high=0  attempts=3  state=ON  metric=rpr
2026-10-07T17:00:57Z  OBSERVE  recommendationservice->productcatalogservice  rpr=0.0000  low=252 high=0  attempts=3  state=ON  metric=rpr
2026-10-07T17:00:57Z  OBSERVE  recommendationservice  rejection=0.2436  low=0 high=181  state=OFF  metric=rejection
2026-10-07T17:00:59Z  OBSERVE  frontend->adservice  rpr=0.0000  low=252 high=0  attempts=3  state=ON  metric=rpr
2026-10-07T17:00:59Z  OBSERVE  frontend->cartservice  rpr=0.0000  low=254 high=0  attempts=3  state=ON  metric=rpr
2026-10-07T17:00:59Z  OBSERVE  frontend->checkoutservice  rpr=0.0000  low=211 high=0  attempts=3  state=ON  metric=rpr
2026-10-07T17:00:59Z  OBSERVE  frontend->currencyservice  rpr=0.0000  low=254 high=0  attempts=3  state=ON  metric=rpr
2026-10-07T17:00:59Z  OBSERVE  frontend->productcatalogservice  rpr=0.0000  low=253 high=0  attempts=3  state=ON  metric=rpr
2026-10-07T17:00:59Z  OBSERVE  frontend->shippingservice  rpr=0.0000  low=253 high=0  attempts=3  state=ON  metric=rpr
2026-10-07T17:00:59Z  OBSERVE  checkoutservice->cartservice  rpr=0.0000  low=252 high=0  attempts=3  state=ON  metric=rpr
2026-10-07T17:00:59Z  OBSERVE  checkoutservice->currencyservice  rpr=0.0000  low=252 high=0  attempts=3  state=ON  metric=rpr
2026-10-07T17:00:59Z  OBSERVE  checkoutservice->emailservice  rpr=0.0000  low=251 high=0  attempts=3  state=ON  metric=rpr
2026-10-07T17:00:59Z  OBSERVE  checkoutservice->paymentservice  rpr=0.0000  low=252 high=0  attempts=3  state=ON  metric=rpr
2026-10-07T17:00:59Z  OBSERVE  checkoutservice->shippingservice  rpr=0.0000  low=252 high=0  attempts=3  state=ON  metric=rpr
2026-10-07T17:00:59Z  OBSERVE  recommendationservice->productcatalogservice  rpr=0.0000  low=253 high=0  attempts=3  state=ON  metric=rpr
2026-10-07T17:00:59Z  OBSERVE  recommendationservice  rejection=0.1926  low=0 high=182  state=OFF  metric=rejection
2026-10-07T17:01:01Z  OBSERVE  frontend->adservice  rpr=0.0000  low=253 high=0  attempts=3  state=ON  metric=rpr
2026-10-07T17:01:01Z  OBSERVE  frontend->cartservice  rpr=0.0000  low=255 high=0  attempts=3  state=ON  metric=rpr
2026-10-07T17:01:01Z  OBSERVE  frontend->checkoutservice  rpr=0.0000  low=212 high=0  attempts=3  state=ON  metric=rpr
2026-10-07T17:01:01Z  OBSERVE  frontend->currencyservice  rpr=0.0000  low=255 high=0  attempts=3  state=ON  metric=rpr
2026-10-07T17:01:01Z  OBSERVE  frontend->productcatalogservice  rpr=0.0000  low=254 high=0  attempts=3  state=ON  metric=rpr
2026-10-07T17:01:01Z  OBSERVE  frontend->shippingservice  rpr=0.0000  low=254 high=0  attempts=3  state=ON  metric=rpr
2026-10-07T17:01:01Z  OBSERVE  checkoutservice->cartservice  rpr=0.0000  low=253 high=0  attempts=3  state=ON  metric=rpr
2026-10-07T17:01:01Z  OBSERVE  checkoutservice->currencyservice  rpr=0.0000  low=253 high=0  attempts=3  state=ON  metric=rpr
2026-10-07T17:01:01Z  OBSERVE  checkoutservice->emailservice  rpr=0.0000  low=252 high=0  attempts=3  state=ON  metric=rpr
2026-10-07T17:01:01Z  OBSERVE  checkoutservice->paymentservice  rpr=0.0000  low=253 high=0  attempts=3  state=ON  metric=rpr
2026-10-07T17:01:01Z  OBSERVE  checkoutservice->shippingservice  rpr=0.0000  low=253 high=0  attempts=3  state=ON  metric=rpr
2026-10-07T17:01:01Z  OBSERVE  recommendationservice->productcatalogservice  rpr=0.0000  low=254 high=0  attempts=3  state=ON  metric=rpr
2026-10-07T17:01:01Z  OBSERVE  recommendationservice  rejection=0.2082  low=0 high=183  state=OFF  metric=rejection
2026-10-07T17:01:03Z  OBSERVE  frontend->adservice  rpr=0.0000  low=254 high=0  attempts=3  state=ON  metric=rpr
2026-10-07T17:01:03Z  OBSERVE  frontend->cartservice  rpr=0.0000  low=256 high=0  attempts=3  state=ON  metric=rpr
2026-10-07T17:01:03Z  OBSERVE  frontend->checkoutservice  rpr=0.0000  low=213 high=0  attempts=3  state=ON  metric=rpr
2026-10-07T17:01:03Z  OBSERVE  frontend->currencyservice  rpr=0.0000  low=256 high=0  attempts=3  state=ON  metric=rpr
2026-10-07T17:01:03Z  OBSERVE  frontend->productcatalogservice  rpr=0.0000  low=255 high=0  attempts=3  state=ON  metric=rpr
2026-10-07T17:01:03Z  OBSERVE  frontend->shippingservice  rpr=0.0000  low=255 high=0  attempts=3  state=ON  metric=rpr
2026-10-07T17:01:03Z  OBSERVE  checkoutservice->cartservice  rpr=0.0000  low=254 high=0  attempts=3  state=ON  metric=rpr
2026-10-07T17:01:03Z  OBSERVE  checkoutservice->currencyservice  rpr=0.0000  low=254 high=0  attempts=3  state=ON  metric=rpr
2026-10-07T17:01:03Z  OBSERVE  checkoutservice->emailservice  rpr=0.0000  low=253 high=0  attempts=3  state=ON  metric=rpr
2026-10-07T17:01:03Z  OBSERVE  checkoutservice->paymentservice  rpr=0.0000  low=254 high=0  attempts=3  state=ON  metric=rpr
2026-10-07T17:01:03Z  OBSERVE  checkoutservice->shippingservice  rpr=0.0000  low=254 high=0  attempts=3  state=ON  metric=rpr
2026-10-07T17:01:03Z  OBSERVE  recommendationservice->productcatalogservice  rpr=0.0000  low=255 high=0  attempts=3  state=ON  metric=rpr
2026-10-07T17:01:03Z  OBSERVE  recommendationservice  rejection=0.2639  low=0 high=184  state=OFF  metric=rejection
2026-10-07T17:01:05Z  OBSERVE  frontend->adservice  rpr=0.0000  low=255 high=0  attempts=3  state=ON  metric=rpr
2026-10-07T17:01:05Z  OBSERVE  frontend->cartservice  rpr=0.0000  low=257 high=0  attempts=3  state=ON  metric=rpr
2026-10-07T17:01:05Z  OBSERVE  frontend->checkoutservice  rpr=0.0000  low=214 high=0  attempts=3  state=ON  metric=rpr
2026-10-07T17:01:05Z  OBSERVE  frontend->currencyservice  rpr=0.0000  low=257 high=0  attempts=3  state=ON  metric=rpr
2026-10-07T17:01:05Z  OBSERVE  frontend->productcatalogservice  rpr=0.0000  low=256 high=0  attempts=3  state=ON  metric=rpr
2026-10-07T17:01:05Z  OBSERVE  frontend->shippingservice  rpr=0.0000  low=256 high=0  attempts=3  state=ON  metric=rpr
2026-10-07T17:01:05Z  OBSERVE  checkoutservice->cartservice  rpr=0.0000  low=255 high=0  attempts=3  state=ON  metric=rpr
2026-10-07T17:01:05Z  OBSERVE  checkoutservice->currencyservice  rpr=0.0000  low=255 high=0  attempts=3  state=ON  metric=rpr
2026-10-07T17:01:05Z  OBSERVE  checkoutservice->emailservice  rpr=0.0000  low=254 high=0  attempts=3  state=ON  metric=rpr
2026-10-07T17:01:05Z  OBSERVE  checkoutservice->paymentservice  rpr=0.0000  low=255 high=0  attempts=3  state=ON  metric=rpr
2026-10-07T17:01:05Z  OBSERVE  checkoutservice->shippingservice  rpr=0.0000  low=255 high=0  attempts=3  state=ON  metric=rpr
2026-10-07T17:01:05Z  OBSERVE  recommendationservice->productcatalogservice  rpr=0.0000  low=256 high=0  attempts=3  state=ON  metric=rpr
2026-10-07T17:01:05Z  OBSERVE  recommendationservice  rejection=0.2169  low=0 high=185  state=OFF  metric=rejection
2026-10-07T17:01:07Z  OBSERVE  frontend->adservice  rpr=0.0000  low=256 high=0  attempts=3  state=ON  metric=rpr
2026-10-07T17:01:07Z  OBSERVE  frontend->cartservice  rpr=0.0000  low=258 high=0  attempts=3  state=ON  metric=rpr
2026-10-07T17:01:07Z  OBSERVE  frontend->checkoutservice  rpr=0.0000  low=215 high=0  attempts=3  state=ON  metric=rpr
2026-10-07T17:01:07Z  OBSERVE  frontend->currencyservice  rpr=0.0000  low=258 high=0  attempts=3  state=ON  metric=rpr
2026-10-07T17:01:07Z  OBSERVE  frontend->productcatalogservice  rpr=0.0000  low=257 high=0  attempts=3  state=ON  metric=rpr
2026-10-07T17:01:07Z  OBSERVE  frontend->shippingservice  rpr=0.0000  low=257 high=0  attempts=3  state=ON  metric=rpr
2026-10-07T17:01:07Z  OBSERVE  checkoutservice->cartservice  rpr=0.0000  low=256 high=0  attempts=3  state=ON  metric=rpr
2026-10-07T17:01:07Z  OBSERVE  checkoutservice->currencyservice  rpr=0.0000  low=256 high=0  attempts=3  state=ON  metric=rpr
2026-10-07T17:01:07Z  OBSERVE  checkoutservice->emailservice  rpr=0.0000  low=255 high=0  attempts=3  state=ON  metric=rpr
2026-10-07T17:01:07Z  OBSERVE  checkoutservice->paymentservice  rpr=0.0000  low=256 high=0  attempts=3  state=ON  metric=rpr
2026-10-07T17:01:07Z  OBSERVE  checkoutservice->shippingservice  rpr=0.0000  low=256 high=0  attempts=3  state=ON  metric=rpr
2026-10-07T17:01:07Z  OBSERVE  recommendationservice->productcatalogservice  rpr=0.0000  low=257 high=0  attempts=3  state=ON  metric=rpr
2026-10-07T17:01:07Z  OBSERVE  recommendationservice  rejection=0.1998  low=0 high=186  state=OFF  metric=rejection
2026-10-07T17:01:09Z  OBSERVE  frontend->adservice  rpr=0.0000  low=257 high=0  attempts=3  state=ON  metric=rpr
2026-10-07T17:01:09Z  OBSERVE  frontend->cartservice  rpr=0.0000  low=259 high=0  attempts=3  state=ON  metric=rpr
2026-10-07T17:01:09Z  OBSERVE  frontend->checkoutservice  rpr=0.0000  low=216 high=0  attempts=3  state=ON  metric=rpr
2026-10-07T17:01:09Z  OBSERVE  frontend->currencyservice  rpr=0.0000  low=259 high=0  attempts=3  state=ON  metric=rpr
2026-10-07T17:01:09Z  OBSERVE  frontend->productcatalogservice  rpr=0.0000  low=258 high=0  attempts=3  state=ON  metric=rpr
2026-10-07T17:01:09Z  OBSERVE  frontend->shippingservice  rpr=0.0000  low=258 high=0  attempts=3  state=ON  metric=rpr
2026-10-07T17:01:09Z  OBSERVE  checkoutservice->cartservice  rpr=0.0000  low=257 high=0  attempts=3  state=ON  metric=rpr
2026-10-07T17:01:09Z  OBSERVE  checkoutservice->currencyservice  rpr=0.0000  low=257 high=0  attempts=3  state=ON  metric=rpr
2026-10-07T17:01:09Z  OBSERVE  checkoutservice->emailservice  rpr=0.0000  low=256 high=0  attempts=3  state=ON  metric=rpr
2026-10-07T17:01:09Z  OBSERVE  checkoutservice->paymentservice  rpr=0.0000  low=257 high=0  attempts=3  state=ON  metric=rpr
2026-10-07T17:01:09Z  OBSERVE  checkoutservice->shippingservice  rpr=0.0000  low=257 high=0  attempts=3  state=ON  metric=rpr
2026-10-07T17:01:09Z  OBSERVE  recommendationservice->productcatalogservice  rpr=0.0000  low=258 high=0  attempts=3  state=ON  metric=rpr
2026-10-07T17:01:09Z  OBSERVE  recommendationservice  rejection=0.1634  low=0 high=187  state=OFF  metric=rejection
2026-10-07T17:01:11Z  OBSERVE  frontend->adservice  rpr=0.0000  low=258 high=0  attempts=3  state=ON  metric=rpr
2026-10-07T17:01:11Z  OBSERVE  frontend->cartservice  rpr=0.0000  low=260 high=0  attempts=3  state=ON  metric=rpr
2026-10-07T17:01:11Z  OBSERVE  frontend->checkoutservice  rpr=0.0000  low=217 high=0  attempts=3  state=ON  metric=rpr
2026-10-07T17:01:11Z  OBSERVE  frontend->currencyservice  rpr=0.0000  low=260 high=0  attempts=3  state=ON  metric=rpr
2026-10-07T17:01:11Z  OBSERVE  frontend->productcatalogservice  rpr=0.0000  low=259 high=0  attempts=3  state=ON  metric=rpr
2026-10-07T17:01:11Z  OBSERVE  frontend->shippingservice  rpr=0.0000  low=259 high=0  attempts=3  state=ON  metric=rpr
2026-10-07T17:01:11Z  OBSERVE  checkoutservice->cartservice  rpr=0.0000  low=258 high=0  attempts=3  state=ON  metric=rpr
2026-10-07T17:01:11Z  OBSERVE  checkoutservice->currencyservice  rpr=0.0000  low=258 high=0  attempts=3  state=ON  metric=rpr
2026-10-07T17:01:11Z  OBSERVE  checkoutservice->emailservice  rpr=0.0000  low=257 high=0  attempts=3  state=ON  metric=rpr
2026-10-07T17:01:11Z  OBSERVE  checkoutservice->paymentservice  rpr=0.0000  low=258 high=0  attempts=3  state=ON  metric=rpr
2026-10-07T17:01:11Z  OBSERVE  checkoutservice->shippingservice  rpr=0.0000  low=258 high=0  attempts=3  state=ON  metric=rpr
2026-10-07T17:01:11Z  OBSERVE  recommendationservice->productcatalogservice  rpr=0.0000  low=259 high=0  attempts=3  state=ON  metric=rpr
2026-10-07T17:01:11Z  OBSERVE  recommendationservice  rejection=0.1823  low=0 high=188  state=OFF  metric=rejection
2026-10-07T17:01:13Z  OBSERVE  frontend->adservice  rpr=0.0000  low=259 high=0  attempts=3  state=ON  metric=rpr
2026-10-07T17:01:13Z  OBSERVE  frontend->cartservice  rpr=0.0000  low=261 high=0  attempts=3  state=ON  metric=rpr
2026-10-07T17:01:13Z  OBSERVE  frontend->checkoutservice  rpr=0.0000  low=218 high=0  attempts=3  state=ON  metric=rpr
2026-10-07T17:01:13Z  OBSERVE  frontend->currencyservice  rpr=0.0000  low=261 high=0  attempts=3  state=ON  metric=rpr
2026-10-07T17:01:13Z  OBSERVE  frontend->productcatalogservice  rpr=0.0000  low=260 high=0  attempts=3  state=ON  metric=rpr
2026-10-07T17:01:13Z  OBSERVE  frontend->shippingservice  rpr=0.0000  low=260 high=0  attempts=3  state=ON  metric=rpr
2026-10-07T17:01:13Z  OBSERVE  checkoutservice->cartservice  rpr=0.0000  low=259 high=0  attempts=3  state=ON  metric=rpr
2026-10-07T17:01:13Z  OBSERVE  checkoutservice->currencyservice  rpr=0.0000  low=259 high=0  attempts=3  state=ON  metric=rpr
2026-10-07T17:01:13Z  OBSERVE  checkoutservice->emailservice  rpr=0.0000  low=258 high=0  attempts=3  state=ON  metric=rpr
2026-10-07T17:01:13Z  OBSERVE  checkoutservice->paymentservice  rpr=0.0000  low=259 high=0  attempts=3  state=ON  metric=rpr
2026-10-07T17:01:13Z  OBSERVE  checkoutservice->shippingservice  rpr=0.0000  low=259 high=0  attempts=3  state=ON  metric=rpr
2026-10-07T17:01:13Z  OBSERVE  recommendationservice->productcatalogservice  rpr=0.0000  low=260 high=0  attempts=3  state=ON  metric=rpr
2026-10-07T17:01:13Z  OBSERVE  recommendationservice  rejection=0.2268  low=0 high=189  state=OFF  metric=rejection
2026-10-07T17:01:15Z  OBSERVE  frontend->adservice  rpr=0.0000  low=260 high=0  attempts=3  state=ON  metric=rpr
2026-10-07T17:01:15Z  OBSERVE  frontend->cartservice  rpr=0.0000  low=262 high=0  attempts=3  state=ON  metric=rpr
2026-10-07T17:01:15Z  OBSERVE  frontend->checkoutservice  rpr=0.0000  low=219 high=0  attempts=3  state=ON  metric=rpr
2026-10-07T17:01:15Z  OBSERVE  frontend->currencyservice  rpr=0.0000  low=262 high=0  attempts=3  state=ON  metric=rpr
2026-10-07T17:01:15Z  OBSERVE  frontend->productcatalogservice  rpr=0.0000  low=261 high=0  attempts=3  state=ON  metric=rpr
2026-10-07T17:01:15Z  OBSERVE  frontend->shippingservice  rpr=0.0000  low=261 high=0  attempts=3  state=ON  metric=rpr
2026-10-07T17:01:15Z  OBSERVE  checkoutservice->cartservice  rpr=0.0000  low=260 high=0  attempts=3  state=ON  metric=rpr
2026-10-07T17:01:15Z  OBSERVE  checkoutservice->currencyservice  rpr=0.0000  low=260 high=0  attempts=3  state=ON  metric=rpr
2026-10-07T17:01:15Z  OBSERVE  checkoutservice->emailservice  rpr=0.0000  low=259 high=0  attempts=3  state=ON  metric=rpr
2026-10-07T17:01:15Z  OBSERVE  checkoutservice->paymentservice  rpr=0.0000  low=260 high=0  attempts=3  state=ON  metric=rpr
2026-10-07T17:01:15Z  OBSERVE  checkoutservice->shippingservice  rpr=0.0000  low=260 high=0  attempts=3  state=ON  metric=rpr
2026-10-07T17:01:15Z  OBSERVE  recommendationservice->productcatalogservice  rpr=0.0000  low=261 high=0  attempts=3  state=ON  metric=rpr
2026-10-07T17:01:15Z  OBSERVE  recommendationservice  rejection=0.2166  low=0 high=190  state=OFF  metric=rejection
2026-10-07T17:01:17Z  OBSERVE  frontend->adservice  rpr=0.0000  low=261 high=0  attempts=3  state=ON  metric=rpr
2026-10-07T17:01:17Z  OBSERVE  frontend->cartservice  rpr=0.0000  low=263 high=0  attempts=3  state=ON  metric=rpr
2026-10-07T17:01:17Z  OBSERVE  frontend->checkoutservice  rpr=0.0000  low=220 high=0  attempts=3  state=ON  metric=rpr
2026-10-07T17:01:17Z  OBSERVE  frontend->currencyservice  rpr=0.0000  low=263 high=0  attempts=3  state=ON  metric=rpr
2026-10-07T17:01:17Z  OBSERVE  frontend->productcatalogservice  rpr=0.0000  low=262 high=0  attempts=3  state=ON  metric=rpr
2026-10-07T17:01:17Z  OBSERVE  frontend->shippingservice  rpr=0.0000  low=262 high=0  attempts=3  state=ON  metric=rpr
2026-10-07T17:01:17Z  OBSERVE  checkoutservice->cartservice  rpr=0.0000  low=261 high=0  attempts=3  state=ON  metric=rpr
2026-10-07T17:01:17Z  OBSERVE  checkoutservice->currencyservice  rpr=0.0000  low=261 high=0  attempts=3  state=ON  metric=rpr
2026-10-07T17:01:17Z  OBSERVE  checkoutservice->emailservice  rpr=0.0000  low=260 high=0  attempts=3  state=ON  metric=rpr
2026-10-07T17:01:17Z  OBSERVE  checkoutservice->paymentservice  rpr=0.0000  low=261 high=0  attempts=3  state=ON  metric=rpr
2026-10-07T17:01:17Z  OBSERVE  checkoutservice->shippingservice  rpr=0.0000  low=261 high=0  attempts=3  state=ON  metric=rpr
2026-10-07T17:01:17Z  OBSERVE  recommendationservice->productcatalogservice  rpr=0.0000  low=262 high=0  attempts=3  state=ON  metric=rpr
2026-10-07T17:01:17Z  OBSERVE  recommendationservice  rejection=0.1919  low=0 high=191  state=OFF  metric=rejection
2026-10-07T17:01:19Z  OBSERVE  frontend->adservice  rpr=0.0000  low=262 high=0  attempts=3  state=ON  metric=rpr
2026-10-07T17:01:19Z  OBSERVE  frontend->cartservice  rpr=0.0000  low=264 high=0  attempts=3  state=ON  metric=rpr
2026-10-07T17:01:19Z  OBSERVE  frontend->checkoutservice  rpr=0.0000  low=221 high=0  attempts=3  state=ON  metric=rpr
2026-10-07T17:01:19Z  OBSERVE  frontend->currencyservice  rpr=0.0000  low=264 high=0  attempts=3  state=ON  metric=rpr
2026-10-07T17:01:19Z  OBSERVE  frontend->productcatalogservice  rpr=0.0000  low=263 high=0  attempts=3  state=ON  metric=rpr
2026-10-07T17:01:19Z  OBSERVE  frontend->shippingservice  rpr=0.0000  low=263 high=0  attempts=3  state=ON  metric=rpr
2026-10-07T17:01:19Z  OBSERVE  checkoutservice->cartservice  rpr=0.0000  low=262 high=0  attempts=3  state=ON  metric=rpr
2026-10-07T17:01:19Z  OBSERVE  checkoutservice->currencyservice  rpr=0.0000  low=262 high=0  attempts=3  state=ON  metric=rpr
2026-10-07T17:01:19Z  OBSERVE  checkoutservice->emailservice  rpr=0.0000  low=261 high=0  attempts=3  state=ON  metric=rpr
2026-10-07T17:01:19Z  OBSERVE  checkoutservice->paymentservice  rpr=0.0000  low=262 high=0  attempts=3  state=ON  metric=rpr
2026-10-07T17:01:19Z  OBSERVE  checkoutservice->shippingservice  rpr=0.0000  low=262 high=0  attempts=3  state=ON  metric=rpr
2026-10-07T17:01:19Z  OBSERVE  recommendationservice->productcatalogservice  rpr=0.0000  low=263 high=0  attempts=3  state=ON  metric=rpr
2026-10-07T17:01:19Z  OBSERVE  recommendationservice  rejection=0.1970  low=0 high=192  state=OFF  metric=rejection
2026-10-07T17:01:21Z  OBSERVE  frontend->adservice  rpr=0.0000  low=263 high=0  attempts=3  state=ON  metric=rpr
2026-10-07T17:01:21Z  OBSERVE  frontend->cartservice  rpr=0.0000  low=265 high=0  attempts=3  state=ON  metric=rpr
2026-10-07T17:01:21Z  OBSERVE  frontend->checkoutservice  rpr=0.0000  low=222 high=0  attempts=3  state=ON  metric=rpr
2026-10-07T17:01:21Z  OBSERVE  frontend->currencyservice  rpr=0.0000  low=265 high=0  attempts=3  state=ON  metric=rpr
2026-10-07T17:01:21Z  OBSERVE  frontend->productcatalogservice  rpr=0.0000  low=264 high=0  attempts=3  state=ON  metric=rpr
2026-10-07T17:01:21Z  OBSERVE  frontend->shippingservice  rpr=0.0000  low=264 high=0  attempts=3  state=ON  metric=rpr
2026-10-07T17:01:21Z  OBSERVE  checkoutservice->cartservice  rpr=0.0000  low=263 high=0  attempts=3  state=ON  metric=rpr
2026-10-07T17:01:21Z  OBSERVE  checkoutservice->currencyservice  rpr=0.0000  low=263 high=0  attempts=3  state=ON  metric=rpr
2026-10-07T17:01:21Z  OBSERVE  checkoutservice->emailservice  rpr=0.0000  low=262 high=0  attempts=3  state=ON  metric=rpr
2026-10-07T17:01:21Z  OBSERVE  checkoutservice->paymentservice  rpr=0.0000  low=263 high=0  attempts=3  state=ON  metric=rpr
2026-10-07T17:01:21Z  OBSERVE  checkoutservice->shippingservice  rpr=0.0000  low=263 high=0  attempts=3  state=ON  metric=rpr
2026-10-07T17:01:21Z  OBSERVE  recommendationservice->productcatalogservice  rpr=0.0000  low=264 high=0  attempts=3  state=ON  metric=rpr
2026-10-07T17:01:21Z  OBSERVE  recommendationservice  rejection=0.2011  low=0 high=193  state=OFF  metric=rejection
2026-10-07T17:01:23Z  OBSERVE  frontend->adservice  rpr=0.0000  low=264 high=0  attempts=3  state=ON  metric=rpr
2026-10-07T17:01:23Z  OBSERVE  frontend->cartservice  rpr=0.0000  low=266 high=0  attempts=3  state=ON  metric=rpr
2026-10-07T17:01:23Z  OBSERVE  frontend->checkoutservice  rpr=0.0000  low=223 high=0  attempts=3  state=ON  metric=rpr
2026-10-07T17:01:23Z  OBSERVE  frontend->currencyservice  rpr=0.0000  low=266 high=0  attempts=3  state=ON  metric=rpr
2026-10-07T17:01:23Z  OBSERVE  frontend->productcatalogservice  rpr=0.0000  low=265 high=0  attempts=3  state=ON  metric=rpr
2026-10-07T17:01:23Z  OBSERVE  frontend->shippingservice  rpr=0.0000  low=265 high=0  attempts=3  state=ON  metric=rpr
2026-10-07T17:01:23Z  OBSERVE  checkoutservice->cartservice  rpr=0.0000  low=264 high=0  attempts=3  state=ON  metric=rpr
2026-10-07T17:01:23Z  OBSERVE  checkoutservice->currencyservice  rpr=0.0000  low=264 high=0  attempts=3  state=ON  metric=rpr
2026-10-07T17:01:23Z  OBSERVE  checkoutservice->emailservice  rpr=0.0000  low=263 high=0  attempts=3  state=ON  metric=rpr
2026-10-07T17:01:23Z  OBSERVE  checkoutservice->paymentservice  rpr=0.0000  low=264 high=0  attempts=3  state=ON  metric=rpr
2026-10-07T17:01:23Z  OBSERVE  checkoutservice->shippingservice  rpr=0.0000  low=264 high=0  attempts=3  state=ON  metric=rpr
2026-10-07T17:01:23Z  OBSERVE  recommendationservice->productcatalogservice  rpr=0.0000  low=265 high=0  attempts=3  state=ON  metric=rpr
2026-10-07T17:01:23Z  OBSERVE  recommendationservice  rejection=0.2613  low=0 high=194  state=OFF  metric=rejection
2026-10-07T17:01:25Z  OBSERVE  frontend->adservice  rpr=0.0000  low=265 high=0  attempts=3  state=ON  metric=rpr
2026-10-07T17:01:25Z  OBSERVE  frontend->cartservice  rpr=0.0000  low=267 high=0  attempts=3  state=ON  metric=rpr
2026-10-07T17:01:25Z  OBSERVE  frontend->checkoutservice  rpr=0.0000  low=224 high=0  attempts=3  state=ON  metric=rpr
2026-10-07T17:01:25Z  OBSERVE  frontend->currencyservice  rpr=0.0000  low=267 high=0  attempts=3  state=ON  metric=rpr
2026-10-07T17:01:25Z  OBSERVE  frontend->productcatalogservice  rpr=0.0000  low=266 high=0  attempts=3  state=ON  metric=rpr
2026-10-07T17:01:25Z  OBSERVE  frontend->shippingservice  rpr=0.0000  low=266 high=0  attempts=3  state=ON  metric=rpr
2026-10-07T17:01:25Z  OBSERVE  checkoutservice->cartservice  rpr=0.0000  low=265 high=0  attempts=3  state=ON  metric=rpr
2026-10-07T17:01:25Z  OBSERVE  checkoutservice->currencyservice  rpr=0.0000  low=265 high=0  attempts=3  state=ON  metric=rpr
2026-10-07T17:01:25Z  OBSERVE  checkoutservice->emailservice  rpr=0.0000  low=264 high=0  attempts=3  state=ON  metric=rpr
2026-10-07T17:01:25Z  OBSERVE  checkoutservice->paymentservice  rpr=0.0000  low=265 high=0  attempts=3  state=ON  metric=rpr
2026-10-07T17:01:25Z  OBSERVE  checkoutservice->shippingservice  rpr=0.0000  low=265 high=0  attempts=3  state=ON  metric=rpr
2026-10-07T17:01:25Z  OBSERVE  recommendationservice->productcatalogservice  rpr=0.0000  low=266 high=0  attempts=3  state=ON  metric=rpr
2026-10-07T17:01:25Z  OBSERVE  recommendationservice  rejection=0.2800  low=0 high=195  state=OFF  metric=rejection
2026-10-07T17:01:27Z  OBSERVE  frontend->adservice  rpr=0.0000  low=266 high=0  attempts=3  state=ON  metric=rpr
2026-10-07T17:01:27Z  OBSERVE  frontend->cartservice  rpr=0.0000  low=268 high=0  attempts=3  state=ON  metric=rpr
2026-10-07T17:01:27Z  OBSERVE  frontend->checkoutservice  rpr=0.0000  low=225 high=0  attempts=3  state=ON  metric=rpr
2026-10-07T17:01:27Z  OBSERVE  frontend->currencyservice  rpr=0.0000  low=268 high=0  attempts=3  state=ON  metric=rpr
2026-10-07T17:01:27Z  OBSERVE  frontend->productcatalogservice  rpr=0.0000  low=267 high=0  attempts=3  state=ON  metric=rpr
2026-10-07T17:01:27Z  OBSERVE  frontend->shippingservice  rpr=0.0000  low=267 high=0  attempts=3  state=ON  metric=rpr
2026-10-07T17:01:27Z  OBSERVE  checkoutservice->cartservice  rpr=0.0000  low=266 high=0  attempts=3  state=ON  metric=rpr
2026-10-07T17:01:27Z  OBSERVE  checkoutservice->currencyservice  rpr=0.0000  low=266 high=0  attempts=3  state=ON  metric=rpr
2026-10-07T17:01:27Z  OBSERVE  checkoutservice->emailservice  rpr=0.0000  low=265 high=0  attempts=3  state=ON  metric=rpr
2026-10-07T17:01:27Z  OBSERVE  checkoutservice->paymentservice  rpr=0.0000  low=266 high=0  attempts=3  state=ON  metric=rpr
2026-10-07T17:01:27Z  OBSERVE  checkoutservice->shippingservice  rpr=0.0000  low=266 high=0  attempts=3  state=ON  metric=rpr
2026-10-07T17:01:27Z  OBSERVE  recommendationservice->productcatalogservice  rpr=0.0000  low=267 high=0  attempts=3  state=ON  metric=rpr
2026-10-07T17:01:27Z  OBSERVE  recommendationservice  rejection=0.2371  low=0 high=196  state=OFF  metric=rejection
2026-10-07T17:01:29Z  OBSERVE  frontend->adservice  rpr=0.0000  low=267 high=0  attempts=3  state=ON  metric=rpr
2026-10-07T17:01:29Z  OBSERVE  frontend->cartservice  rpr=0.0000  low=269 high=0  attempts=3  state=ON  metric=rpr
2026-10-07T17:01:29Z  OBSERVE  frontend->checkoutservice  rpr=0.0000  low=226 high=0  attempts=3  state=ON  metric=rpr
2026-10-07T17:01:29Z  OBSERVE  frontend->currencyservice  rpr=0.0000  low=269 high=0  attempts=3  state=ON  metric=rpr
2026-10-07T17:01:29Z  OBSERVE  frontend->productcatalogservice  rpr=0.0000  low=268 high=0  attempts=3  state=ON  metric=rpr
2026-10-07T17:01:29Z  OBSERVE  frontend->shippingservice  rpr=0.0000  low=268 high=0  attempts=3  state=ON  metric=rpr
2026-10-07T17:01:29Z  OBSERVE  checkoutservice->cartservice  rpr=0.0000  low=267 high=0  attempts=3  state=ON  metric=rpr
2026-10-07T17:01:29Z  OBSERVE  checkoutservice->currencyservice  rpr=0.0000  low=267 high=0  attempts=3  state=ON  metric=rpr
2026-10-07T17:01:29Z  OBSERVE  checkoutservice->emailservice  rpr=0.0000  low=266 high=0  attempts=3  state=ON  metric=rpr
2026-10-07T17:01:29Z  OBSERVE  checkoutservice->paymentservice  rpr=0.0000  low=267 high=0  attempts=3  state=ON  metric=rpr
2026-10-07T17:01:29Z  OBSERVE  checkoutservice->shippingservice  rpr=0.0000  low=267 high=0  attempts=3  state=ON  metric=rpr
2026-10-07T17:01:29Z  OBSERVE  recommendationservice->productcatalogservice  rpr=0.0000  low=268 high=0  attempts=3  state=ON  metric=rpr
2026-10-07T17:01:29Z  OBSERVE  recommendationservice  rejection=0.2201  low=0 high=197  state=OFF  metric=rejection
2026-10-07T17:01:31Z  OBSERVE  frontend->adservice  rpr=0.0000  low=268 high=0  attempts=3  state=ON  metric=rpr
2026-10-07T17:01:31Z  OBSERVE  frontend->cartservice  rpr=0.0000  low=270 high=0  attempts=3  state=ON  metric=rpr
2026-10-07T17:01:31Z  OBSERVE  frontend->checkoutservice  rpr=0.0000  low=227 high=0  attempts=3  state=ON  metric=rpr
2026-10-07T17:01:31Z  OBSERVE  frontend->currencyservice  rpr=0.0000  low=270 high=0  attempts=3  state=ON  metric=rpr
2026-10-07T17:01:31Z  OBSERVE  frontend->productcatalogservice  rpr=0.0000  low=269 high=0  attempts=3  state=ON  metric=rpr
2026-10-07T17:01:31Z  OBSERVE  frontend->shippingservice  rpr=0.0000  low=269 high=0  attempts=3  state=ON  metric=rpr
2026-10-07T17:01:31Z  OBSERVE  checkoutservice->cartservice  rpr=0.0000  low=268 high=0  attempts=3  state=ON  metric=rpr
2026-10-07T17:01:31Z  OBSERVE  checkoutservice->currencyservice  rpr=0.0000  low=268 high=0  attempts=3  state=ON  metric=rpr
2026-10-07T17:01:31Z  OBSERVE  checkoutservice->emailservice  rpr=0.0000  low=267 high=0  attempts=3  state=ON  metric=rpr
2026-10-07T17:01:31Z  OBSERVE  checkoutservice->paymentservice  rpr=0.0000  low=268 high=0  attempts=3  state=ON  metric=rpr
2026-10-07T17:01:31Z  OBSERVE  checkoutservice->shippingservice  rpr=0.0000  low=268 high=0  attempts=3  state=ON  metric=rpr
2026-10-07T17:01:31Z  OBSERVE  recommendationservice->productcatalogservice  rpr=0.0000  low=269 high=0  attempts=3  state=ON  metric=rpr
2026-10-07T17:01:31Z  OBSERVE  recommendationservice  rejection=0.2023  low=0 high=198  state=OFF  metric=rejection
2026-10-07T17:01:33Z  OBSERVE  frontend->adservice  rpr=0.0000  low=269 high=0  attempts=3  state=ON  metric=rpr
2026-10-07T17:01:33Z  OBSERVE  frontend->cartservice  rpr=0.0000  low=271 high=0  attempts=3  state=ON  metric=rpr
2026-10-07T17:01:33Z  OBSERVE  frontend->checkoutservice  rpr=0.0000  low=228 high=0  attempts=3  state=ON  metric=rpr
2026-10-07T17:01:33Z  OBSERVE  frontend->currencyservice  rpr=0.0000  low=271 high=0  attempts=3  state=ON  metric=rpr
2026-10-07T17:01:33Z  OBSERVE  frontend->productcatalogservice  rpr=0.0000  low=270 high=0  attempts=3  state=ON  metric=rpr
2026-10-07T17:01:33Z  OBSERVE  frontend->shippingservice  rpr=0.0000  low=270 high=0  attempts=3  state=ON  metric=rpr
2026-10-07T17:01:33Z  OBSERVE  checkoutservice->cartservice  rpr=0.0000  low=269 high=0  attempts=3  state=ON  metric=rpr
2026-10-07T17:01:33Z  OBSERVE  checkoutservice->currencyservice  rpr=0.0000  low=269 high=0  attempts=3  state=ON  metric=rpr
2026-10-07T17:01:33Z  OBSERVE  checkoutservice->emailservice  rpr=0.0000  low=268 high=0  attempts=3  state=ON  metric=rpr
2026-10-07T17:01:33Z  OBSERVE  checkoutservice->paymentservice  rpr=0.0000  low=269 high=0  attempts=3  state=ON  metric=rpr
2026-10-07T17:01:33Z  OBSERVE  checkoutservice->shippingservice  rpr=0.0000  low=269 high=0  attempts=3  state=ON  metric=rpr
2026-10-07T17:01:33Z  OBSERVE  recommendationservice->productcatalogservice  rpr=0.0000  low=270 high=0  attempts=3  state=ON  metric=rpr
2026-10-07T17:01:33Z  OBSERVE  recommendationservice  rejection=0.1812  low=0 high=199  state=OFF  metric=rejection
2026-10-07T17:01:35Z  OBSERVE  frontend->adservice  rpr=0.0000  low=270 high=0  attempts=3  state=ON  metric=rpr
2026-10-07T17:01:35Z  OBSERVE  frontend->cartservice  rpr=0.0000  low=272 high=0  attempts=3  state=ON  metric=rpr
2026-10-07T17:01:35Z  OBSERVE  frontend->checkoutservice  rpr=0.0000  low=229 high=0  attempts=3  state=ON  metric=rpr
2026-10-07T17:01:35Z  OBSERVE  frontend->currencyservice  rpr=0.0000  low=272 high=0  attempts=3  state=ON  metric=rpr
2026-10-07T17:01:35Z  OBSERVE  frontend->productcatalogservice  rpr=0.0000  low=271 high=0  attempts=3  state=ON  metric=rpr
2026-10-07T17:01:35Z  OBSERVE  frontend->shippingservice  rpr=0.0000  low=271 high=0  attempts=3  state=ON  metric=rpr
2026-10-07T17:01:35Z  OBSERVE  checkoutservice->cartservice  rpr=0.0000  low=270 high=0  attempts=3  state=ON  metric=rpr
2026-10-07T17:01:35Z  OBSERVE  checkoutservice->currencyservice  rpr=0.0000  low=270 high=0  attempts=3  state=ON  metric=rpr
2026-10-07T17:01:35Z  OBSERVE  checkoutservice->emailservice  rpr=0.0000  low=269 high=0  attempts=3  state=ON  metric=rpr
2026-10-07T17:01:35Z  OBSERVE  checkoutservice->paymentservice  rpr=0.0000  low=270 high=0  attempts=3  state=ON  metric=rpr
2026-10-07T17:01:35Z  OBSERVE  checkoutservice->shippingservice  rpr=0.0000  low=270 high=0  attempts=3  state=ON  metric=rpr
2026-10-07T17:01:35Z  OBSERVE  recommendationservice->productcatalogservice  rpr=0.0000  low=271 high=0  attempts=3  state=ON  metric=rpr
2026-10-07T17:01:35Z  OBSERVE  recommendationservice  rejection=0.1785  low=0 high=200  state=OFF  metric=rejection
2026-10-07T17:01:37Z  OBSERVE  frontend->adservice  rpr=0.0000  low=271 high=0  attempts=3  state=ON  metric=rpr
2026-10-07T17:01:37Z  OBSERVE  frontend->cartservice  rpr=0.0000  low=273 high=0  attempts=3  state=ON  metric=rpr
2026-10-07T17:01:37Z  OBSERVE  frontend->checkoutservice  rpr=0.0000  low=230 high=0  attempts=3  state=ON  metric=rpr
2026-10-07T17:01:37Z  OBSERVE  frontend->currencyservice  rpr=0.0000  low=273 high=0  attempts=3  state=ON  metric=rpr
2026-10-07T17:01:37Z  OBSERVE  frontend->productcatalogservice  rpr=0.0000  low=272 high=0  attempts=3  state=ON  metric=rpr
2026-10-07T17:01:37Z  OBSERVE  frontend->shippingservice  rpr=0.0000  low=272 high=0  attempts=3  state=ON  metric=rpr
2026-10-07T17:01:37Z  OBSERVE  checkoutservice->cartservice  rpr=0.0000  low=271 high=0  attempts=3  state=ON  metric=rpr
2026-10-07T17:01:37Z  OBSERVE  checkoutservice->currencyservice  rpr=0.0000  low=271 high=0  attempts=3  state=ON  metric=rpr
2026-10-07T17:01:37Z  OBSERVE  checkoutservice->emailservice  rpr=0.0000  low=270 high=0  attempts=3  state=ON  metric=rpr
2026-10-07T17:01:37Z  OBSERVE  checkoutservice->paymentservice  rpr=0.0000  low=271 high=0  attempts=3  state=ON  metric=rpr
2026-10-07T17:01:37Z  OBSERVE  checkoutservice->shippingservice  rpr=0.0000  low=271 high=0  attempts=3  state=ON  metric=rpr
2026-10-07T17:01:37Z  OBSERVE  recommendationservice->productcatalogservice  rpr=0.0000  low=272 high=0  attempts=3  state=ON  metric=rpr
2026-10-07T17:01:37Z  OBSERVE  recommendationservice  rejection=0.2163  low=0 high=201  state=OFF  metric=rejection
2026-10-07T17:01:39Z  OBSERVE  frontend->adservice  rpr=0.0000  low=272 high=0  attempts=3  state=ON  metric=rpr
2026-10-07T17:01:39Z  OBSERVE  frontend->cartservice  rpr=0.0000  low=274 high=0  attempts=3  state=ON  metric=rpr
2026-10-07T17:01:39Z  OBSERVE  frontend->checkoutservice  rpr=0.0000  low=231 high=0  attempts=3  state=ON  metric=rpr
2026-10-07T17:01:39Z  OBSERVE  frontend->currencyservice  rpr=0.0000  low=274 high=0  attempts=3  state=ON  metric=rpr
2026-10-07T17:01:39Z  OBSERVE  frontend->productcatalogservice  rpr=0.0000  low=273 high=0  attempts=3  state=ON  metric=rpr
2026-10-07T17:01:39Z  OBSERVE  frontend->shippingservice  rpr=0.0000  low=273 high=0  attempts=3  state=ON  metric=rpr
2026-10-07T17:01:39Z  OBSERVE  checkoutservice->cartservice  rpr=0.0000  low=272 high=0  attempts=3  state=ON  metric=rpr
2026-10-07T17:01:39Z  OBSERVE  checkoutservice->currencyservice  rpr=0.0000  low=272 high=0  attempts=3  state=ON  metric=rpr
2026-10-07T17:01:39Z  OBSERVE  checkoutservice->emailservice  rpr=0.0000  low=271 high=0  attempts=3  state=ON  metric=rpr
2026-10-07T17:01:39Z  OBSERVE  checkoutservice->paymentservice  rpr=0.0000  low=272 high=0  attempts=3  state=ON  metric=rpr
2026-10-07T17:01:39Z  OBSERVE  checkoutservice->shippingservice  rpr=0.0000  low=272 high=0  attempts=3  state=ON  metric=rpr
2026-10-07T17:01:39Z  OBSERVE  recommendationservice->productcatalogservice  rpr=0.0000  low=273 high=0  attempts=3  state=ON  metric=rpr
2026-10-07T17:01:39Z  OBSERVE  recommendationservice  rejection=0.2477  low=0 high=202  state=OFF  metric=rejection
2026-10-07T17:01:41Z  OBSERVE  frontend->adservice  rpr=0.0000  low=273 high=0  attempts=3  state=ON  metric=rpr
2026-10-07T17:01:41Z  OBSERVE  frontend->cartservice  rpr=0.0000  low=275 high=0  attempts=3  state=ON  metric=rpr
2026-10-07T17:01:41Z  OBSERVE  frontend->checkoutservice  rpr=0.0000  low=232 high=0  attempts=3  state=ON  metric=rpr
2026-10-07T17:01:41Z  OBSERVE  frontend->currencyservice  rpr=0.0000  low=275 high=0  attempts=3  state=ON  metric=rpr
2026-10-07T17:01:41Z  OBSERVE  frontend->productcatalogservice  rpr=0.0000  low=274 high=0  attempts=3  state=ON  metric=rpr
2026-10-07T17:01:41Z  OBSERVE  frontend->shippingservice  rpr=0.0000  low=274 high=0  attempts=3  state=ON  metric=rpr
2026-10-07T17:01:41Z  OBSERVE  checkoutservice->cartservice  rpr=0.0000  low=273 high=0  attempts=3  state=ON  metric=rpr
2026-10-07T17:01:41Z  OBSERVE  checkoutservice->currencyservice  rpr=0.0000  low=273 high=0  attempts=3  state=ON  metric=rpr
2026-10-07T17:01:41Z  OBSERVE  checkoutservice->emailservice  rpr=0.0000  low=272 high=0  attempts=3  state=ON  metric=rpr
2026-10-07T17:01:41Z  OBSERVE  checkoutservice->paymentservice  rpr=0.0000  low=273 high=0  attempts=3  state=ON  metric=rpr
2026-10-07T17:01:41Z  OBSERVE  checkoutservice->shippingservice  rpr=0.0000  low=273 high=0  attempts=3  state=ON  metric=rpr
2026-10-07T17:01:41Z  OBSERVE  recommendationservice->productcatalogservice  rpr=0.0000  low=274 high=0  attempts=3  state=ON  metric=rpr
2026-10-07T17:01:41Z  OBSERVE  recommendationservice  rejection=0.2200  low=0 high=203  state=OFF  metric=rejection
2026-10-07T17:01:43Z  OBSERVE  frontend->adservice  rpr=0.0000  low=274 high=0  attempts=3  state=ON  metric=rpr
2026-10-07T17:01:43Z  OBSERVE  frontend->cartservice  rpr=0.0000  low=276 high=0  attempts=3  state=ON  metric=rpr
2026-10-07T17:01:43Z  OBSERVE  frontend->checkoutservice  rpr=0.0000  low=233 high=0  attempts=3  state=ON  metric=rpr
2026-10-07T17:01:43Z  OBSERVE  frontend->currencyservice  rpr=0.0000  low=276 high=0  attempts=3  state=ON  metric=rpr
2026-10-07T17:01:43Z  OBSERVE  frontend->productcatalogservice  rpr=0.0000  low=275 high=0  attempts=3  state=ON  metric=rpr
2026-10-07T17:01:43Z  OBSERVE  frontend->shippingservice  rpr=0.0000  low=275 high=0  attempts=3  state=ON  metric=rpr
2026-10-07T17:01:43Z  OBSERVE  checkoutservice->cartservice  rpr=0.0000  low=274 high=0  attempts=3  state=ON  metric=rpr
2026-10-07T17:01:43Z  OBSERVE  checkoutservice->currencyservice  rpr=0.0000  low=274 high=0  attempts=3  state=ON  metric=rpr
2026-10-07T17:01:43Z  OBSERVE  checkoutservice->emailservice  rpr=0.0000  low=273 high=0  attempts=3  state=ON  metric=rpr
2026-10-07T17:01:43Z  OBSERVE  checkoutservice->paymentservice  rpr=0.0000  low=274 high=0  attempts=3  state=ON  metric=rpr
2026-10-07T17:01:43Z  OBSERVE  checkoutservice->shippingservice  rpr=0.0000  low=274 high=0  attempts=3  state=ON  metric=rpr
2026-10-07T17:01:43Z  OBSERVE  recommendationservice->productcatalogservice  rpr=0.0000  low=275 high=0  attempts=3  state=ON  metric=rpr
2026-10-07T17:01:43Z  OBSERVE  recommendationservice  rejection=0.2216  low=0 high=204  state=OFF  metric=rejection
2026-10-07T17:01:45Z  OBSERVE  frontend->adservice  rpr=0.0000  low=275 high=0  attempts=3  state=ON  metric=rpr
2026-10-07T17:01:45Z  OBSERVE  frontend->cartservice  rpr=0.0000  low=277 high=0  attempts=3  state=ON  metric=rpr
2026-10-07T17:01:45Z  OBSERVE  frontend->checkoutservice  rpr=0.0000  low=234 high=0  attempts=3  state=ON  metric=rpr
2026-10-07T17:01:45Z  OBSERVE  frontend->currencyservice  rpr=0.0000  low=277 high=0  attempts=3  state=ON  metric=rpr
2026-10-07T17:01:45Z  OBSERVE  frontend->productcatalogservice  rpr=0.0000  low=276 high=0  attempts=3  state=ON  metric=rpr
2026-10-07T17:01:45Z  OBSERVE  frontend->shippingservice  rpr=0.0000  low=276 high=0  attempts=3  state=ON  metric=rpr
2026-10-07T17:01:45Z  OBSERVE  checkoutservice->cartservice  rpr=0.0000  low=275 high=0  attempts=3  state=ON  metric=rpr
2026-10-07T17:01:45Z  OBSERVE  checkoutservice->currencyservice  rpr=0.0000  low=275 high=0  attempts=3  state=ON  metric=rpr
2026-10-07T17:01:45Z  OBSERVE  checkoutservice->emailservice  rpr=0.0000  low=274 high=0  attempts=3  state=ON  metric=rpr
2026-10-07T17:01:45Z  OBSERVE  checkoutservice->paymentservice  rpr=0.0000  low=275 high=0  attempts=3  state=ON  metric=rpr
2026-10-07T17:01:45Z  OBSERVE  checkoutservice->shippingservice  rpr=0.0000  low=275 high=0  attempts=3  state=ON  metric=rpr
2026-10-07T17:01:45Z  OBSERVE  recommendationservice->productcatalogservice  rpr=0.0000  low=276 high=0  attempts=3  state=ON  metric=rpr
2026-10-07T17:01:45Z  OBSERVE  recommendationservice  rejection=0.1683  low=0 high=205  state=OFF  metric=rejection
2026-10-07T17:01:47Z  OBSERVE  frontend->adservice  rpr=0.0000  low=276 high=0  attempts=3  state=ON  metric=rpr
2026-10-07T17:01:47Z  OBSERVE  frontend->cartservice  rpr=0.0000  low=278 high=0  attempts=3  state=ON  metric=rpr
2026-10-07T17:01:47Z  OBSERVE  frontend->checkoutservice  rpr=0.0000  low=235 high=0  attempts=3  state=ON  metric=rpr
2026-10-07T17:01:47Z  OBSERVE  frontend->currencyservice  rpr=0.0000  low=278 high=0  attempts=3  state=ON  metric=rpr
2026-10-07T17:01:47Z  OBSERVE  frontend->productcatalogservice  rpr=0.0000  low=277 high=0  attempts=3  state=ON  metric=rpr
2026-10-07T17:01:47Z  OBSERVE  frontend->shippingservice  rpr=0.0000  low=277 high=0  attempts=3  state=ON  metric=rpr
2026-10-07T17:01:47Z  OBSERVE  checkoutservice->cartservice  rpr=0.0000  low=276 high=0  attempts=3  state=ON  metric=rpr
2026-10-07T17:01:47Z  OBSERVE  checkoutservice->currencyservice  rpr=0.0000  low=276 high=0  attempts=3  state=ON  metric=rpr
2026-10-07T17:01:47Z  OBSERVE  checkoutservice->emailservice  rpr=0.0000  low=275 high=0  attempts=3  state=ON  metric=rpr
2026-10-07T17:01:47Z  OBSERVE  checkoutservice->paymentservice  rpr=0.0000  low=276 high=0  attempts=3  state=ON  metric=rpr
2026-10-07T17:01:47Z  OBSERVE  checkoutservice->shippingservice  rpr=0.0000  low=276 high=0  attempts=3  state=ON  metric=rpr
2026-10-07T17:01:47Z  OBSERVE  recommendationservice->productcatalogservice  rpr=0.0000  low=277 high=0  attempts=3  state=ON  metric=rpr
2026-10-07T17:01:47Z  OBSERVE  recommendationservice  rejection=0.1691  low=0 high=206  state=OFF  metric=rejection
2026-10-07T17:01:49Z  OBSERVE  frontend->adservice  rpr=0.0000  low=277 high=0  attempts=3  state=ON  metric=rpr
2026-10-07T17:01:49Z  OBSERVE  frontend->cartservice  rpr=0.0000  low=279 high=0  attempts=3  state=ON  metric=rpr
2026-10-07T17:01:49Z  OBSERVE  frontend->checkoutservice  rpr=0.0000  low=236 high=0  attempts=3  state=ON  metric=rpr
2026-10-07T17:01:49Z  OBSERVE  frontend->currencyservice  rpr=0.0000  low=279 high=0  attempts=3  state=ON  metric=rpr
2026-10-07T17:01:49Z  OBSERVE  frontend->productcatalogservice  rpr=0.0000  low=278 high=0  attempts=3  state=ON  metric=rpr
2026-10-07T17:01:49Z  OBSERVE  frontend->shippingservice  rpr=0.0000  low=278 high=0  attempts=3  state=ON  metric=rpr
2026-10-07T17:01:49Z  OBSERVE  checkoutservice->cartservice  rpr=0.0000  low=277 high=0  attempts=3  state=ON  metric=rpr
2026-10-07T17:01:49Z  OBSERVE  checkoutservice->currencyservice  rpr=0.0000  low=277 high=0  attempts=3  state=ON  metric=rpr
2026-10-07T17:01:49Z  OBSERVE  checkoutservice->emailservice  rpr=0.0000  low=276 high=0  attempts=3  state=ON  metric=rpr
2026-10-07T17:01:49Z  OBSERVE  checkoutservice->paymentservice  rpr=0.0000  low=277 high=0  attempts=3  state=ON  metric=rpr
2026-10-07T17:01:49Z  OBSERVE  checkoutservice->shippingservice  rpr=0.0000  low=277 high=0  attempts=3  state=ON  metric=rpr
2026-10-07T17:01:49Z  OBSERVE  recommendationservice->productcatalogservice  rpr=0.0000  low=278 high=0  attempts=3  state=ON  metric=rpr
2026-10-07T17:01:49Z  OBSERVE  recommendationservice  rejection=0.1877  low=0 high=207  state=OFF  metric=rejection
2026-10-07T17:01:51Z  OBSERVE  frontend->adservice  rpr=0.0000  low=278 high=0  attempts=3  state=ON  metric=rpr
2026-10-07T17:01:51Z  OBSERVE  frontend->cartservice  rpr=0.0000  low=280 high=0  attempts=3  state=ON  metric=rpr
2026-10-07T17:01:51Z  OBSERVE  frontend->checkoutservice  rpr=0.0000  low=237 high=0  attempts=3  state=ON  metric=rpr
2026-10-07T17:01:51Z  OBSERVE  frontend->currencyservice  rpr=0.0000  low=280 high=0  attempts=3  state=ON  metric=rpr
2026-10-07T17:01:51Z  OBSERVE  frontend->productcatalogservice  rpr=0.0000  low=279 high=0  attempts=3  state=ON  metric=rpr
2026-10-07T17:01:51Z  OBSERVE  frontend->shippingservice  rpr=0.0000  low=279 high=0  attempts=3  state=ON  metric=rpr
2026-10-07T17:01:51Z  OBSERVE  checkoutservice->cartservice  rpr=0.0000  low=278 high=0  attempts=3  state=ON  metric=rpr
2026-10-07T17:01:51Z  OBSERVE  checkoutservice->currencyservice  rpr=0.0000  low=278 high=0  attempts=3  state=ON  metric=rpr
2026-10-07T17:01:51Z  OBSERVE  checkoutservice->emailservice  rpr=0.0000  low=277 high=0  attempts=3  state=ON  metric=rpr
2026-10-07T17:01:51Z  OBSERVE  checkoutservice->paymentservice  rpr=0.0000  low=278 high=0  attempts=3  state=ON  metric=rpr
2026-10-07T17:01:51Z  OBSERVE  checkoutservice->shippingservice  rpr=0.0000  low=278 high=0  attempts=3  state=ON  metric=rpr
2026-10-07T17:01:51Z  OBSERVE  recommendationservice->productcatalogservice  rpr=0.0000  low=279 high=0  attempts=3  state=ON  metric=rpr
2026-10-07T17:01:51Z  OBSERVE  recommendationservice  rejection=0.2106  low=0 high=208  state=OFF  metric=rejection
2026-10-07T17:01:53Z  OBSERVE  frontend->adservice  rpr=0.0000  low=279 high=0  attempts=3  state=ON  metric=rpr
2026-10-07T17:01:53Z  OBSERVE  frontend->cartservice  rpr=0.0000  low=281 high=0  attempts=3  state=ON  metric=rpr
2026-10-07T17:01:53Z  OBSERVE  frontend->checkoutservice  rpr=0.0000  low=238 high=0  attempts=3  state=ON  metric=rpr
2026-10-07T17:01:53Z  OBSERVE  frontend->currencyservice  rpr=0.0000  low=281 high=0  attempts=3  state=ON  metric=rpr
2026-10-07T17:01:53Z  OBSERVE  frontend->productcatalogservice  rpr=0.0000  low=280 high=0  attempts=3  state=ON  metric=rpr
2026-10-07T17:01:53Z  OBSERVE  frontend->shippingservice  rpr=0.0000  low=280 high=0  attempts=3  state=ON  metric=rpr
2026-10-07T17:01:53Z  OBSERVE  checkoutservice->cartservice  rpr=0.0000  low=279 high=0  attempts=3  state=ON  metric=rpr
2026-10-07T17:01:53Z  OBSERVE  checkoutservice->currencyservice  rpr=0.0000  low=279 high=0  attempts=3  state=ON  metric=rpr
2026-10-07T17:01:53Z  OBSERVE  checkoutservice->emailservice  rpr=0.0000  low=278 high=0  attempts=3  state=ON  metric=rpr
2026-10-07T17:01:53Z  OBSERVE  checkoutservice->paymentservice  rpr=0.0000  low=279 high=0  attempts=3  state=ON  metric=rpr
2026-10-07T17:01:53Z  OBSERVE  checkoutservice->shippingservice  rpr=0.0000  low=279 high=0  attempts=3  state=ON  metric=rpr
2026-10-07T17:01:53Z  OBSERVE  recommendationservice->productcatalogservice  rpr=0.0000  low=280 high=0  attempts=3  state=ON  metric=rpr
2026-10-07T17:01:53Z  OBSERVE  recommendationservice  rejection=0.2065  low=0 high=209  state=OFF  metric=rejection
2026-10-07T17:01:55Z  OBSERVE  frontend->adservice  rpr=0.0000  low=280 high=0  attempts=3  state=ON  metric=rpr
2026-10-07T17:01:55Z  OBSERVE  frontend->cartservice  rpr=0.0000  low=282 high=0  attempts=3  state=ON  metric=rpr
2026-10-07T17:01:55Z  OBSERVE  frontend->checkoutservice  rpr=0.0000  low=239 high=0  attempts=3  state=ON  metric=rpr
2026-10-07T17:01:55Z  OBSERVE  frontend->currencyservice  rpr=0.0000  low=282 high=0  attempts=3  state=ON  metric=rpr
2026-10-07T17:01:55Z  OBSERVE  frontend->productcatalogservice  rpr=0.0000  low=281 high=0  attempts=3  state=ON  metric=rpr
2026-10-07T17:01:55Z  OBSERVE  frontend->shippingservice  rpr=0.0000  low=281 high=0  attempts=3  state=ON  metric=rpr
2026-10-07T17:01:55Z  OBSERVE  checkoutservice->cartservice  rpr=0.0000  low=280 high=0  attempts=3  state=ON  metric=rpr
2026-10-07T17:01:55Z  OBSERVE  checkoutservice->currencyservice  rpr=0.0000  low=280 high=0  attempts=3  state=ON  metric=rpr
2026-10-07T17:01:55Z  OBSERVE  checkoutservice->emailservice  rpr=0.0000  low=279 high=0  attempts=3  state=ON  metric=rpr
2026-10-07T17:01:55Z  OBSERVE  checkoutservice->paymentservice  rpr=0.0000  low=280 high=0  attempts=3  state=ON  metric=rpr
2026-10-07T17:01:55Z  OBSERVE  checkoutservice->shippingservice  rpr=0.0000  low=280 high=0  attempts=3  state=ON  metric=rpr
2026-10-07T17:01:55Z  OBSERVE  recommendationservice->productcatalogservice  rpr=0.0000  low=281 high=0  attempts=3  state=ON  metric=rpr
2026-10-07T17:01:55Z  OBSERVE  recommendationservice  rejection=0.2176  low=0 high=210  state=OFF  metric=rejection
2026-10-07T17:01:57Z  OBSERVE  frontend->adservice  rpr=0.0000  low=281 high=0  attempts=3  state=ON  metric=rpr
2026-10-07T17:01:57Z  OBSERVE  frontend->cartservice  rpr=0.0000  low=283 high=0  attempts=3  state=ON  metric=rpr
2026-10-07T17:01:57Z  OBSERVE  frontend->checkoutservice  rpr=0.0000  low=240 high=0  attempts=3  state=ON  metric=rpr
2026-10-07T17:01:57Z  OBSERVE  frontend->currencyservice  rpr=0.0000  low=283 high=0  attempts=3  state=ON  metric=rpr
2026-10-07T17:01:57Z  OBSERVE  frontend->productcatalogservice  rpr=0.0000  low=282 high=0  attempts=3  state=ON  metric=rpr
2026-10-07T17:01:57Z  OBSERVE  frontend->shippingservice  rpr=0.0000  low=282 high=0  attempts=3  state=ON  metric=rpr
2026-10-07T17:01:57Z  OBSERVE  checkoutservice->cartservice  rpr=0.0000  low=281 high=0  attempts=3  state=ON  metric=rpr
2026-10-07T17:01:57Z  OBSERVE  checkoutservice->currencyservice  rpr=0.0000  low=281 high=0  attempts=3  state=ON  metric=rpr
2026-10-07T17:01:57Z  OBSERVE  checkoutservice->emailservice  rpr=0.0000  low=280 high=0  attempts=3  state=ON  metric=rpr
2026-10-07T17:01:57Z  OBSERVE  checkoutservice->paymentservice  rpr=0.0000  low=281 high=0  attempts=3  state=ON  metric=rpr
2026-10-07T17:01:57Z  OBSERVE  checkoutservice->shippingservice  rpr=0.0000  low=281 high=0  attempts=3  state=ON  metric=rpr
2026-10-07T17:01:57Z  OBSERVE  recommendationservice->productcatalogservice  rpr=0.0000  low=282 high=0  attempts=3  state=ON  metric=rpr
2026-10-07T17:01:57Z  OBSERVE  recommendationservice  rejection=0.2373  low=0 high=211  state=OFF  metric=rejection
2026-10-07T17:01:59Z  OBSERVE  frontend->adservice  rpr=0.0000  low=282 high=0  attempts=3  state=ON  metric=rpr
2026-10-07T17:01:59Z  OBSERVE  frontend->cartservice  rpr=0.0000  low=284 high=0  attempts=3  state=ON  metric=rpr
2026-10-07T17:01:59Z  OBSERVE  frontend->checkoutservice  rpr=0.0000  low=241 high=0  attempts=3  state=ON  metric=rpr
2026-10-07T17:01:59Z  OBSERVE  frontend->currencyservice  rpr=0.0000  low=284 high=0  attempts=3  state=ON  metric=rpr
2026-10-07T17:01:59Z  OBSERVE  frontend->productcatalogservice  rpr=0.0000  low=283 high=0  attempts=3  state=ON  metric=rpr
2026-10-07T17:01:59Z  OBSERVE  frontend->shippingservice  rpr=0.0000  low=283 high=0  attempts=3  state=ON  metric=rpr
2026-10-07T17:01:59Z  OBSERVE  checkoutservice->cartservice  rpr=0.0000  low=282 high=0  attempts=3  state=ON  metric=rpr
2026-10-07T17:01:59Z  OBSERVE  checkoutservice->currencyservice  rpr=0.0000  low=282 high=0  attempts=3  state=ON  metric=rpr
2026-10-07T17:01:59Z  OBSERVE  checkoutservice->emailservice  rpr=0.0000  low=281 high=0  attempts=3  state=ON  metric=rpr
2026-10-07T17:01:59Z  OBSERVE  checkoutservice->paymentservice  rpr=0.0000  low=282 high=0  attempts=3  state=ON  metric=rpr
2026-10-07T17:01:59Z  OBSERVE  checkoutservice->shippingservice  rpr=0.0000  low=282 high=0  attempts=3  state=ON  metric=rpr
2026-10-07T17:01:59Z  OBSERVE  recommendationservice->productcatalogservice  rpr=0.0000  low=283 high=0  attempts=3  state=ON  metric=rpr
2026-10-07T17:01:59Z  OBSERVE  recommendationservice  rejection=0.1969  low=0 high=212  state=OFF  metric=rejection
2026-10-07T17:02:01Z  OBSERVE  frontend->adservice  rpr=0.0000  low=283 high=0  attempts=3  state=ON  metric=rpr
2026-10-07T17:02:01Z  OBSERVE  frontend->cartservice  rpr=0.0000  low=285 high=0  attempts=3  state=ON  metric=rpr
2026-10-07T17:02:01Z  OBSERVE  frontend->checkoutservice  rpr=0.0000  low=242 high=0  attempts=3  state=ON  metric=rpr
2026-10-07T17:02:01Z  OBSERVE  frontend->currencyservice  rpr=0.0000  low=285 high=0  attempts=3  state=ON  metric=rpr
2026-10-07T17:02:01Z  OBSERVE  frontend->productcatalogservice  rpr=0.0000  low=284 high=0  attempts=3  state=ON  metric=rpr
2026-10-07T17:02:01Z  OBSERVE  frontend->shippingservice  rpr=0.0000  low=284 high=0  attempts=3  state=ON  metric=rpr
2026-10-07T17:02:01Z  OBSERVE  checkoutservice->cartservice  rpr=0.0000  low=283 high=0  attempts=3  state=ON  metric=rpr
2026-10-07T17:02:01Z  OBSERVE  checkoutservice->currencyservice  rpr=0.0000  low=283 high=0  attempts=3  state=ON  metric=rpr
2026-10-07T17:02:01Z  OBSERVE  checkoutservice->emailservice  rpr=0.0000  low=282 high=0  attempts=3  state=ON  metric=rpr
2026-10-07T17:02:01Z  OBSERVE  checkoutservice->paymentservice  rpr=0.0000  low=283 high=0  attempts=3  state=ON  metric=rpr
2026-10-07T17:02:01Z  OBSERVE  checkoutservice->shippingservice  rpr=0.0000  low=283 high=0  attempts=3  state=ON  metric=rpr
2026-10-07T17:02:01Z  OBSERVE  recommendationservice->productcatalogservice  rpr=0.0000  low=284 high=0  attempts=3  state=ON  metric=rpr
2026-10-07T17:02:01Z  OBSERVE  recommendationservice  rejection=0.2357  low=0 high=213  state=OFF  metric=rejection
2026-10-07T17:02:03Z  OBSERVE  frontend->adservice  rpr=0.0000  low=284 high=0  attempts=3  state=ON  metric=rpr
2026-10-07T17:02:03Z  OBSERVE  frontend->cartservice  rpr=0.0000  low=286 high=0  attempts=3  state=ON  metric=rpr
2026-10-07T17:02:03Z  OBSERVE  frontend->checkoutservice  rpr=0.0000  low=243 high=0  attempts=3  state=ON  metric=rpr
2026-10-07T17:02:03Z  OBSERVE  frontend->currencyservice  rpr=0.0000  low=286 high=0  attempts=3  state=ON  metric=rpr
2026-10-07T17:02:03Z  OBSERVE  frontend->productcatalogservice  rpr=0.0000  low=285 high=0  attempts=3  state=ON  metric=rpr
2026-10-07T17:02:03Z  OBSERVE  frontend->shippingservice  rpr=0.0000  low=285 high=0  attempts=3  state=ON  metric=rpr
2026-10-07T17:02:03Z  OBSERVE  checkoutservice->cartservice  rpr=0.0000  low=284 high=0  attempts=3  state=ON  metric=rpr
2026-10-07T17:02:03Z  OBSERVE  checkoutservice->currencyservice  rpr=0.0000  low=284 high=0  attempts=3  state=ON  metric=rpr
2026-10-07T17:02:03Z  OBSERVE  checkoutservice->emailservice  rpr=0.0000  low=283 high=0  attempts=3  state=ON  metric=rpr
2026-10-07T17:02:03Z  OBSERVE  checkoutservice->paymentservice  rpr=0.0000  low=284 high=0  attempts=3  state=ON  metric=rpr
2026-10-07T17:02:03Z  OBSERVE  checkoutservice->shippingservice  rpr=0.0000  low=284 high=0  attempts=3  state=ON  metric=rpr
2026-10-07T17:02:03Z  OBSERVE  recommendationservice->productcatalogservice  rpr=0.0000  low=285 high=0  attempts=3  state=ON  metric=rpr
2026-10-07T17:02:03Z  OBSERVE  recommendationservice  rejection=0.2223  low=0 high=214  state=OFF  metric=rejection
2026-10-07T17:02:05Z  OBSERVE  frontend->adservice  rpr=0.0000  low=285 high=0  attempts=3  state=ON  metric=rpr
2026-10-07T17:02:05Z  OBSERVE  frontend->cartservice  rpr=0.0000  low=287 high=0  attempts=3  state=ON  metric=rpr
2026-10-07T17:02:05Z  OBSERVE  frontend->checkoutservice  rpr=0.0000  low=244 high=0  attempts=3  state=ON  metric=rpr
2026-10-07T17:02:05Z  OBSERVE  frontend->currencyservice  rpr=0.0000  low=287 high=0  attempts=3  state=ON  metric=rpr
2026-10-07T17:02:05Z  OBSERVE  frontend->productcatalogservice  rpr=0.0000  low=286 high=0  attempts=3  state=ON  metric=rpr
2026-10-07T17:02:05Z  OBSERVE  frontend->shippingservice  rpr=0.0000  low=286 high=0  attempts=3  state=ON  metric=rpr
2026-10-07T17:02:05Z  OBSERVE  checkoutservice->cartservice  rpr=0.0000  low=285 high=0  attempts=3  state=ON  metric=rpr
2026-10-07T17:02:05Z  OBSERVE  checkoutservice->currencyservice  rpr=0.0000  low=285 high=0  attempts=3  state=ON  metric=rpr
2026-10-07T17:02:05Z  OBSERVE  checkoutservice->emailservice  rpr=0.0000  low=284 high=0  attempts=3  state=ON  metric=rpr
2026-10-07T17:02:05Z  OBSERVE  checkoutservice->paymentservice  rpr=0.0000  low=285 high=0  attempts=3  state=ON  metric=rpr
2026-10-07T17:02:05Z  OBSERVE  checkoutservice->shippingservice  rpr=0.0000  low=285 high=0  attempts=3  state=ON  metric=rpr
2026-10-07T17:02:05Z  OBSERVE  recommendationservice->productcatalogservice  rpr=0.0000  low=286 high=0  attempts=3  state=ON  metric=rpr
2026-10-07T17:02:05Z  OBSERVE  recommendationservice  rejection=0.1880  low=0 high=215  state=OFF  metric=rejection
2026-10-07T17:02:07Z  OBSERVE  frontend->adservice  rpr=0.0000  low=286 high=0  attempts=3  state=ON  metric=rpr
2026-10-07T17:02:07Z  OBSERVE  frontend->cartservice  rpr=0.0000  low=288 high=0  attempts=3  state=ON  metric=rpr
2026-10-07T17:02:07Z  OBSERVE  frontend->checkoutservice  rpr=0.0000  low=245 high=0  attempts=3  state=ON  metric=rpr
2026-10-07T17:02:07Z  OBSERVE  frontend->currencyservice  rpr=0.0000  low=288 high=0  attempts=3  state=ON  metric=rpr
2026-10-07T17:02:07Z  OBSERVE  frontend->productcatalogservice  rpr=0.0000  low=287 high=0  attempts=3  state=ON  metric=rpr
2026-10-07T17:02:07Z  OBSERVE  frontend->shippingservice  rpr=0.0000  low=287 high=0  attempts=3  state=ON  metric=rpr
2026-10-07T17:02:07Z  OBSERVE  checkoutservice->cartservice  rpr=0.0000  low=286 high=0  attempts=3  state=ON  metric=rpr
2026-10-07T17:02:07Z  OBSERVE  checkoutservice->currencyservice  rpr=0.0000  low=286 high=0  attempts=3  state=ON  metric=rpr
2026-10-07T17:02:07Z  OBSERVE  checkoutservice->emailservice  rpr=0.0000  low=285 high=0  attempts=3  state=ON  metric=rpr
2026-10-07T17:02:07Z  OBSERVE  checkoutservice->paymentservice  rpr=0.0000  low=286 high=0  attempts=3  state=ON  metric=rpr
2026-10-07T17:02:07Z  OBSERVE  checkoutservice->shippingservice  rpr=0.0000  low=286 high=0  attempts=3  state=ON  metric=rpr
2026-10-07T17:02:07Z  OBSERVE  recommendationservice->productcatalogservice  rpr=0.0000  low=287 high=0  attempts=3  state=ON  metric=rpr
2026-10-07T17:02:07Z  OBSERVE  recommendationservice  rejection=0.2111  low=0 high=216  state=OFF  metric=rejection
2026-10-07T17:02:09Z  OBSERVE  frontend->adservice  rpr=0.0000  low=287 high=0  attempts=3  state=ON  metric=rpr
2026-10-07T17:02:09Z  OBSERVE  frontend->cartservice  rpr=0.0000  low=289 high=0  attempts=3  state=ON  metric=rpr
2026-10-07T17:02:09Z  OBSERVE  frontend->checkoutservice  rpr=0.0000  low=246 high=0  attempts=3  state=ON  metric=rpr
2026-10-07T17:02:09Z  OBSERVE  frontend->currencyservice  rpr=0.0000  low=289 high=0  attempts=3  state=ON  metric=rpr
2026-10-07T17:02:09Z  OBSERVE  frontend->productcatalogservice  rpr=0.0000  low=288 high=0  attempts=3  state=ON  metric=rpr
2026-10-07T17:02:09Z  OBSERVE  frontend->shippingservice  rpr=0.0000  low=288 high=0  attempts=3  state=ON  metric=rpr
2026-10-07T17:02:09Z  OBSERVE  checkoutservice->cartservice  rpr=0.0000  low=287 high=0  attempts=3  state=ON  metric=rpr
2026-10-07T17:02:09Z  OBSERVE  checkoutservice->currencyservice  rpr=0.0000  low=287 high=0  attempts=3  state=ON  metric=rpr
2026-10-07T17:02:09Z  OBSERVE  checkoutservice->emailservice  rpr=0.0000  low=286 high=0  attempts=3  state=ON  metric=rpr
2026-10-07T17:02:09Z  OBSERVE  checkoutservice->paymentservice  rpr=0.0000  low=287 high=0  attempts=3  state=ON  metric=rpr
2026-10-07T17:02:09Z  OBSERVE  checkoutservice->shippingservice  rpr=0.0000  low=287 high=0  attempts=3  state=ON  metric=rpr
2026-10-07T17:02:09Z  OBSERVE  recommendationservice->productcatalogservice  rpr=0.0000  low=288 high=0  attempts=3  state=ON  metric=rpr
2026-10-07T17:02:09Z  OBSERVE  recommendationservice  rejection=0.1778  low=0 high=217  state=OFF  metric=rejection
2026-10-07T17:02:11Z  OBSERVE  frontend->adservice  rpr=0.0000  low=288 high=0  attempts=3  state=ON  metric=rpr
2026-10-07T17:02:11Z  OBSERVE  frontend->cartservice  rpr=0.0000  low=290 high=0  attempts=3  state=ON  metric=rpr
2026-10-07T17:02:11Z  OBSERVE  frontend->checkoutservice  rpr=0.0000  low=247 high=0  attempts=3  state=ON  metric=rpr
2026-10-07T17:02:11Z  OBSERVE  frontend->currencyservice  rpr=0.0000  low=290 high=0  attempts=3  state=ON  metric=rpr
2026-10-07T17:02:11Z  OBSERVE  frontend->productcatalogservice  rpr=0.0000  low=289 high=0  attempts=3  state=ON  metric=rpr
2026-10-07T17:02:11Z  OBSERVE  frontend->shippingservice  rpr=0.0000  low=289 high=0  attempts=3  state=ON  metric=rpr
2026-10-07T17:02:11Z  OBSERVE  checkoutservice->cartservice  rpr=0.0000  low=288 high=0  attempts=3  state=ON  metric=rpr
2026-10-07T17:02:11Z  OBSERVE  checkoutservice->currencyservice  rpr=0.0000  low=288 high=0  attempts=3  state=ON  metric=rpr
2026-10-07T17:02:11Z  OBSERVE  checkoutservice->emailservice  rpr=0.0000  low=287 high=0  attempts=3  state=ON  metric=rpr
2026-10-07T17:02:11Z  OBSERVE  checkoutservice->paymentservice  rpr=0.0000  low=288 high=0  attempts=3  state=ON  metric=rpr
2026-10-07T17:02:11Z  OBSERVE  checkoutservice->shippingservice  rpr=0.0000  low=288 high=0  attempts=3  state=ON  metric=rpr
2026-10-07T17:02:11Z  OBSERVE  recommendationservice->productcatalogservice  rpr=0.0000  low=289 high=0  attempts=3  state=ON  metric=rpr
2026-10-07T17:02:11Z  OBSERVE  recommendationservice  rejection=0.2452  low=0 high=218  state=OFF  metric=rejection
2026-10-07T17:02:13Z  OBSERVE  frontend->adservice  rpr=0.0000  low=289 high=0  attempts=3  state=ON  metric=rpr
2026-10-07T17:02:13Z  OBSERVE  frontend->cartservice  rpr=0.0000  low=291 high=0  attempts=3  state=ON  metric=rpr
2026-10-07T17:02:13Z  OBSERVE  frontend->checkoutservice  rpr=0.0000  low=248 high=0  attempts=3  state=ON  metric=rpr
2026-10-07T17:02:13Z  OBSERVE  frontend->currencyservice  rpr=0.0000  low=291 high=0  attempts=3  state=ON  metric=rpr
2026-10-07T17:02:13Z  OBSERVE  frontend->productcatalogservice  rpr=0.0000  low=290 high=0  attempts=3  state=ON  metric=rpr
2026-10-07T17:02:13Z  OBSERVE  frontend->shippingservice  rpr=0.0000  low=290 high=0  attempts=3  state=ON  metric=rpr
2026-10-07T17:02:13Z  OBSERVE  checkoutservice->cartservice  rpr=0.0000  low=289 high=0  attempts=3  state=ON  metric=rpr
2026-10-07T17:02:13Z  OBSERVE  checkoutservice->currencyservice  rpr=0.0000  low=289 high=0  attempts=3  state=ON  metric=rpr
2026-10-07T17:02:13Z  OBSERVE  checkoutservice->emailservice  rpr=0.0000  low=288 high=0  attempts=3  state=ON  metric=rpr
2026-10-07T17:02:13Z  OBSERVE  checkoutservice->paymentservice  rpr=0.0000  low=289 high=0  attempts=3  state=ON  metric=rpr
2026-10-07T17:02:13Z  OBSERVE  checkoutservice->shippingservice  rpr=0.0000  low=289 high=0  attempts=3  state=ON  metric=rpr
2026-10-07T17:02:13Z  OBSERVE  recommendationservice->productcatalogservice  rpr=0.0000  low=290 high=0  attempts=3  state=ON  metric=rpr
2026-10-07T17:02:13Z  OBSERVE  recommendationservice  rejection=0.2275  low=0 high=219  state=OFF  metric=rejection
2026-10-07T17:02:15Z  OBSERVE  frontend->adservice  rpr=0.0000  low=290 high=0  attempts=3  state=ON  metric=rpr
2026-10-07T17:02:15Z  OBSERVE  frontend->cartservice  rpr=0.0000  low=292 high=0  attempts=3  state=ON  metric=rpr
2026-10-07T17:02:15Z  OBSERVE  frontend->checkoutservice  rpr=0.0000  low=249 high=0  attempts=3  state=ON  metric=rpr
2026-10-07T17:02:15Z  OBSERVE  frontend->currencyservice  rpr=0.0000  low=292 high=0  attempts=3  state=ON  metric=rpr
2026-10-07T17:02:15Z  OBSERVE  frontend->productcatalogservice  rpr=0.0000  low=291 high=0  attempts=3  state=ON  metric=rpr
2026-10-07T17:02:15Z  OBSERVE  frontend->shippingservice  rpr=0.0000  low=291 high=0  attempts=3  state=ON  metric=rpr
2026-10-07T17:02:15Z  OBSERVE  checkoutservice->cartservice  rpr=0.0000  low=290 high=0  attempts=3  state=ON  metric=rpr
2026-10-07T17:02:15Z  OBSERVE  checkoutservice->currencyservice  rpr=0.0000  low=290 high=0  attempts=3  state=ON  metric=rpr
2026-10-07T17:02:15Z  OBSERVE  checkoutservice->emailservice  rpr=0.0000  low=289 high=0  attempts=3  state=ON  metric=rpr
2026-10-07T17:02:15Z  OBSERVE  checkoutservice->paymentservice  rpr=0.0000  low=290 high=0  attempts=3  state=ON  metric=rpr
2026-10-07T17:02:15Z  OBSERVE  checkoutservice->shippingservice  rpr=0.0000  low=290 high=0  attempts=3  state=ON  metric=rpr
2026-10-07T17:02:15Z  OBSERVE  recommendationservice->productcatalogservice  rpr=0.0000  low=291 high=0  attempts=3  state=ON  metric=rpr
2026-10-07T17:02:15Z  OBSERVE  recommendationservice  rejection=0.2379  low=0 high=220  state=OFF  metric=rejection
2026-10-07T17:02:17Z  OBSERVE  frontend->adservice  rpr=0.0000  low=291 high=0  attempts=3  state=ON  metric=rpr
2026-10-07T17:02:17Z  OBSERVE  frontend->cartservice  rpr=0.0000  low=293 high=0  attempts=3  state=ON  metric=rpr
2026-10-07T17:02:17Z  OBSERVE  frontend->checkoutservice  rpr=0.0000  low=250 high=0  attempts=3  state=ON  metric=rpr
2026-10-07T17:02:17Z  OBSERVE  frontend->currencyservice  rpr=0.0000  low=293 high=0  attempts=3  state=ON  metric=rpr
2026-10-07T17:02:17Z  OBSERVE  frontend->productcatalogservice  rpr=0.0000  low=292 high=0  attempts=3  state=ON  metric=rpr
2026-10-07T17:02:17Z  OBSERVE  frontend->shippingservice  rpr=0.0000  low=292 high=0  attempts=3  state=ON  metric=rpr
2026-10-07T17:02:17Z  OBSERVE  checkoutservice->cartservice  rpr=0.0000  low=291 high=0  attempts=3  state=ON  metric=rpr
2026-10-07T17:02:17Z  OBSERVE  checkoutservice->currencyservice  rpr=0.0000  low=291 high=0  attempts=3  state=ON  metric=rpr
2026-10-07T17:02:17Z  OBSERVE  checkoutservice->emailservice  rpr=0.0000  low=290 high=0  attempts=3  state=ON  metric=rpr
2026-10-07T17:02:17Z  OBSERVE  checkoutservice->paymentservice  rpr=0.0000  low=291 high=0  attempts=3  state=ON  metric=rpr
2026-10-07T17:02:17Z  OBSERVE  checkoutservice->shippingservice  rpr=0.0000  low=291 high=0  attempts=3  state=ON  metric=rpr
2026-10-07T17:02:17Z  OBSERVE  recommendationservice->productcatalogservice  rpr=0.0000  low=292 high=0  attempts=3  state=ON  metric=rpr
2026-10-07T17:02:17Z  OBSERVE  recommendationservice  rejection=0.2043  low=0 high=221  state=OFF  metric=rejection
2026-10-07T17:02:19Z  OBSERVE  frontend->adservice  rpr=0.0000  low=292 high=0  attempts=3  state=ON  metric=rpr
2026-10-07T17:02:19Z  OBSERVE  frontend->cartservice  rpr=0.0000  low=294 high=0  attempts=3  state=ON  metric=rpr
2026-10-07T17:02:19Z  OBSERVE  frontend->checkoutservice  rpr=0.0000  low=251 high=0  attempts=3  state=ON  metric=rpr
2026-10-07T17:02:19Z  OBSERVE  frontend->currencyservice  rpr=0.0000  low=294 high=0  attempts=3  state=ON  metric=rpr
2026-10-07T17:02:19Z  OBSERVE  frontend->productcatalogservice  rpr=0.0000  low=293 high=0  attempts=3  state=ON  metric=rpr
2026-10-07T17:02:19Z  OBSERVE  frontend->shippingservice  rpr=0.0000  low=293 high=0  attempts=3  state=ON  metric=rpr
2026-10-07T17:02:19Z  OBSERVE  checkoutservice->cartservice  rpr=0.0000  low=292 high=0  attempts=3  state=ON  metric=rpr
2026-10-07T17:02:19Z  OBSERVE  checkoutservice->currencyservice  rpr=0.0000  low=292 high=0  attempts=3  state=ON  metric=rpr
2026-10-07T17:02:19Z  OBSERVE  checkoutservice->emailservice  rpr=0.0000  low=291 high=0  attempts=3  state=ON  metric=rpr
2026-10-07T17:02:19Z  OBSERVE  checkoutservice->paymentservice  rpr=0.0000  low=292 high=0  attempts=3  state=ON  metric=rpr
2026-10-07T17:02:19Z  OBSERVE  checkoutservice->shippingservice  rpr=0.0000  low=292 high=0  attempts=3  state=ON  metric=rpr
2026-10-07T17:02:19Z  OBSERVE  recommendationservice->productcatalogservice  rpr=0.0000  low=293 high=0  attempts=3  state=ON  metric=rpr
2026-10-07T17:02:19Z  OBSERVE  recommendationservice  rejection=0.1677  low=0 high=222  state=OFF  metric=rejection
2026-10-07T17:02:21Z  OBSERVE  frontend->adservice  rpr=0.0000  low=293 high=0  attempts=3  state=ON  metric=rpr
2026-10-07T17:02:21Z  OBSERVE  frontend->cartservice  rpr=0.0000  low=295 high=0  attempts=3  state=ON  metric=rpr
2026-10-07T17:02:21Z  OBSERVE  frontend->checkoutservice  rpr=0.0000  low=252 high=0  attempts=3  state=ON  metric=rpr
2026-10-07T17:02:21Z  OBSERVE  frontend->currencyservice  rpr=0.0000  low=295 high=0  attempts=3  state=ON  metric=rpr
2026-10-07T17:02:21Z  OBSERVE  frontend->productcatalogservice  rpr=0.0000  low=294 high=0  attempts=3  state=ON  metric=rpr
2026-10-07T17:02:21Z  OBSERVE  frontend->shippingservice  rpr=0.0000  low=294 high=0  attempts=3  state=ON  metric=rpr
2026-10-07T17:02:21Z  OBSERVE  checkoutservice->cartservice  rpr=0.0000  low=293 high=0  attempts=3  state=ON  metric=rpr
2026-10-07T17:02:21Z  OBSERVE  checkoutservice->currencyservice  rpr=0.0000  low=293 high=0  attempts=3  state=ON  metric=rpr
2026-10-07T17:02:21Z  OBSERVE  checkoutservice->emailservice  rpr=0.0000  low=292 high=0  attempts=3  state=ON  metric=rpr
2026-10-07T17:02:21Z  OBSERVE  checkoutservice->paymentservice  rpr=0.0000  low=293 high=0  attempts=3  state=ON  metric=rpr
2026-10-07T17:02:21Z  OBSERVE  checkoutservice->shippingservice  rpr=0.0000  low=293 high=0  attempts=3  state=ON  metric=rpr
2026-10-07T17:02:21Z  OBSERVE  recommendationservice->productcatalogservice  rpr=0.0000  low=294 high=0  attempts=3  state=ON  metric=rpr
2026-10-07T17:02:21Z  OBSERVE  recommendationservice  rejection=0.2115  low=0 high=223  state=OFF  metric=rejection
2026-10-07T17:02:23Z  OBSERVE  frontend->adservice  rpr=0.0000  low=294 high=0  attempts=3  state=ON  metric=rpr
2026-10-07T17:02:23Z  OBSERVE  frontend->cartservice  rpr=0.0000  low=296 high=0  attempts=3  state=ON  metric=rpr
2026-10-07T17:02:23Z  OBSERVE  frontend->checkoutservice  rpr=0.0000  low=253 high=0  attempts=3  state=ON  metric=rpr
2026-10-07T17:02:23Z  OBSERVE  frontend->currencyservice  rpr=0.0000  low=296 high=0  attempts=3  state=ON  metric=rpr
2026-10-07T17:02:23Z  OBSERVE  frontend->productcatalogservice  rpr=0.0000  low=295 high=0  attempts=3  state=ON  metric=rpr
2026-10-07T17:02:23Z  OBSERVE  frontend->shippingservice  rpr=0.0000  low=295 high=0  attempts=3  state=ON  metric=rpr
2026-10-07T17:02:23Z  OBSERVE  checkoutservice->cartservice  rpr=0.0000  low=294 high=0  attempts=3  state=ON  metric=rpr
2026-10-07T17:02:23Z  OBSERVE  checkoutservice->currencyservice  rpr=0.0000  low=294 high=0  attempts=3  state=ON  metric=rpr
2026-10-07T17:02:23Z  OBSERVE  checkoutservice->emailservice  rpr=0.0000  low=293 high=0  attempts=3  state=ON  metric=rpr
2026-10-07T17:02:23Z  OBSERVE  checkoutservice->paymentservice  rpr=0.0000  low=294 high=0  attempts=3  state=ON  metric=rpr
2026-10-07T17:02:23Z  OBSERVE  checkoutservice->shippingservice  rpr=0.0000  low=294 high=0  attempts=3  state=ON  metric=rpr
2026-10-07T17:02:23Z  OBSERVE  recommendationservice->productcatalogservice  rpr=0.0000  low=295 high=0  attempts=3  state=ON  metric=rpr
2026-10-07T17:02:23Z  OBSERVE  recommendationservice  rejection=0.2020  low=0 high=224  state=OFF  metric=rejection
2026-10-07T17:02:25Z  OBSERVE  frontend->adservice  rpr=0.0000  low=295 high=0  attempts=3  state=ON  metric=rpr
2026-10-07T17:02:25Z  OBSERVE  frontend->cartservice  rpr=0.0000  low=297 high=0  attempts=3  state=ON  metric=rpr
2026-10-07T17:02:25Z  OBSERVE  frontend->checkoutservice  rpr=0.0000  low=254 high=0  attempts=3  state=ON  metric=rpr
2026-10-07T17:02:25Z  OBSERVE  frontend->currencyservice  rpr=0.0000  low=297 high=0  attempts=3  state=ON  metric=rpr
2026-10-07T17:02:25Z  OBSERVE  frontend->productcatalogservice  rpr=0.0000  low=296 high=0  attempts=3  state=ON  metric=rpr
2026-10-07T17:02:25Z  OBSERVE  frontend->shippingservice  rpr=0.0000  low=296 high=0  attempts=3  state=ON  metric=rpr
2026-10-07T17:02:25Z  OBSERVE  checkoutservice->cartservice  rpr=0.0000  low=295 high=0  attempts=3  state=ON  metric=rpr
2026-10-07T17:02:25Z  OBSERVE  checkoutservice->currencyservice  rpr=0.0000  low=295 high=0  attempts=3  state=ON  metric=rpr
2026-10-07T17:02:25Z  OBSERVE  checkoutservice->emailservice  rpr=0.0000  low=294 high=0  attempts=3  state=ON  metric=rpr
2026-10-07T17:02:25Z  OBSERVE  checkoutservice->paymentservice  rpr=0.0000  low=295 high=0  attempts=3  state=ON  metric=rpr
2026-10-07T17:02:25Z  OBSERVE  checkoutservice->shippingservice  rpr=0.0000  low=295 high=0  attempts=3  state=ON  metric=rpr
2026-10-07T17:02:25Z  OBSERVE  recommendationservice->productcatalogservice  rpr=0.0000  low=296 high=0  attempts=3  state=ON  metric=rpr
2026-10-07T17:02:25Z  OBSERVE  recommendationservice  rejection=0.1959  low=0 high=225  state=OFF  metric=rejection
2026-10-07T17:02:27Z  OBSERVE  frontend->adservice  rpr=0.0000  low=296 high=0  attempts=3  state=ON  metric=rpr
2026-10-07T17:02:27Z  OBSERVE  frontend->cartservice  rpr=0.0000  low=298 high=0  attempts=3  state=ON  metric=rpr
2026-10-07T17:02:27Z  OBSERVE  frontend->checkoutservice  rpr=0.0000  low=255 high=0  attempts=3  state=ON  metric=rpr
2026-10-07T17:02:27Z  OBSERVE  frontend->currencyservice  rpr=0.0000  low=298 high=0  attempts=3  state=ON  metric=rpr
2026-10-07T17:02:27Z  OBSERVE  frontend->productcatalogservice  rpr=0.0000  low=297 high=0  attempts=3  state=ON  metric=rpr
2026-10-07T17:02:27Z  OBSERVE  frontend->shippingservice  rpr=0.0000  low=297 high=0  attempts=3  state=ON  metric=rpr
2026-10-07T17:02:27Z  OBSERVE  checkoutservice->cartservice  rpr=0.0000  low=296 high=0  attempts=3  state=ON  metric=rpr
2026-10-07T17:02:27Z  OBSERVE  checkoutservice->currencyservice  rpr=0.0000  low=296 high=0  attempts=3  state=ON  metric=rpr
2026-10-07T17:02:27Z  OBSERVE  checkoutservice->emailservice  rpr=0.0000  low=295 high=0  attempts=3  state=ON  metric=rpr
2026-10-07T17:02:27Z  OBSERVE  checkoutservice->paymentservice  rpr=0.0000  low=296 high=0  attempts=3  state=ON  metric=rpr
2026-10-07T17:02:27Z  OBSERVE  checkoutservice->shippingservice  rpr=0.0000  low=296 high=0  attempts=3  state=ON  metric=rpr
2026-10-07T17:02:27Z  OBSERVE  recommendationservice->productcatalogservice  rpr=0.0000  low=297 high=0  attempts=3  state=ON  metric=rpr
2026-10-07T17:02:27Z  OBSERVE  recommendationservice  rejection=0.2817  low=0 high=226  state=OFF  metric=rejection
2026-10-07T17:02:29Z  OBSERVE  frontend->adservice  rpr=0.0000  low=297 high=0  attempts=3  state=ON  metric=rpr
2026-10-07T17:02:29Z  OBSERVE  frontend->cartservice  rpr=0.0000  low=299 high=0  attempts=3  state=ON  metric=rpr
2026-10-07T17:02:29Z  OBSERVE  frontend->checkoutservice  rpr=0.0000  low=256 high=0  attempts=3  state=ON  metric=rpr
2026-10-07T17:02:29Z  OBSERVE  frontend->currencyservice  rpr=0.0000  low=299 high=0  attempts=3  state=ON  metric=rpr
2026-10-07T17:02:29Z  OBSERVE  frontend->productcatalogservice  rpr=0.0000  low=298 high=0  attempts=3  state=ON  metric=rpr
2026-10-07T17:02:29Z  OBSERVE  frontend->shippingservice  rpr=0.0000  low=298 high=0  attempts=3  state=ON  metric=rpr
2026-10-07T17:02:29Z  OBSERVE  checkoutservice->cartservice  rpr=0.0000  low=297 high=0  attempts=3  state=ON  metric=rpr
2026-10-07T17:02:29Z  OBSERVE  checkoutservice->currencyservice  rpr=0.0000  low=297 high=0  attempts=3  state=ON  metric=rpr
2026-10-07T17:02:29Z  OBSERVE  checkoutservice->emailservice  rpr=0.0000  low=296 high=0  attempts=3  state=ON  metric=rpr
2026-10-07T17:02:29Z  OBSERVE  checkoutservice->paymentservice  rpr=0.0000  low=297 high=0  attempts=3  state=ON  metric=rpr
2026-10-07T17:02:29Z  OBSERVE  checkoutservice->shippingservice  rpr=0.0000  low=297 high=0  attempts=3  state=ON  metric=rpr
2026-10-07T17:02:29Z  OBSERVE  recommendationservice->productcatalogservice  rpr=0.0000  low=298 high=0  attempts=3  state=ON  metric=rpr
2026-10-07T17:02:29Z  OBSERVE  recommendationservice  rejection=0.1770  low=0 high=227  state=OFF  metric=rejection
2026-10-07T17:02:31Z  OBSERVE  frontend->adservice  rpr=0.0000  low=298 high=0  attempts=3  state=ON  metric=rpr
2026-10-07T17:02:31Z  OBSERVE  frontend->cartservice  rpr=0.0000  low=300 high=0  attempts=3  state=ON  metric=rpr
2026-10-07T17:02:31Z  OBSERVE  frontend->checkoutservice  rpr=0.0000  low=257 high=0  attempts=3  state=ON  metric=rpr
2026-10-07T17:02:31Z  OBSERVE  frontend->currencyservice  rpr=0.0000  low=300 high=0  attempts=3  state=ON  metric=rpr
2026-10-07T17:02:31Z  OBSERVE  frontend->productcatalogservice  rpr=0.0000  low=299 high=0  attempts=3  state=ON  metric=rpr
2026-10-07T17:02:31Z  OBSERVE  frontend->shippingservice  rpr=0.0000  low=299 high=0  attempts=3  state=ON  metric=rpr
2026-10-07T17:02:31Z  OBSERVE  checkoutservice->cartservice  rpr=0.0000  low=298 high=0  attempts=3  state=ON  metric=rpr
2026-10-07T17:02:31Z  OBSERVE  checkoutservice->currencyservice  rpr=0.0000  low=298 high=0  attempts=3  state=ON  metric=rpr
2026-10-07T17:02:31Z  OBSERVE  checkoutservice->emailservice  rpr=0.0000  low=297 high=0  attempts=3  state=ON  metric=rpr
2026-10-07T17:02:31Z  OBSERVE  checkoutservice->paymentservice  rpr=0.0000  low=298 high=0  attempts=3  state=ON  metric=rpr
2026-10-07T17:02:31Z  OBSERVE  checkoutservice->shippingservice  rpr=0.0000  low=298 high=0  attempts=3  state=ON  metric=rpr
2026-10-07T17:02:31Z  OBSERVE  recommendationservice->productcatalogservice  rpr=0.0000  low=299 high=0  attempts=3  state=ON  metric=rpr
2026-10-07T17:02:31Z  OBSERVE  recommendationservice  rejection=0.2040  low=0 high=228  state=OFF  metric=rejection
2026-10-07T17:02:33Z  OBSERVE  frontend->adservice  rpr=0.0000  low=299 high=0  attempts=3  state=ON  metric=rpr
2026-10-07T17:02:33Z  OBSERVE  frontend->cartservice  rpr=0.0000  low=301 high=0  attempts=3  state=ON  metric=rpr
2026-10-07T17:02:33Z  OBSERVE  frontend->checkoutservice  rpr=0.0000  low=258 high=0  attempts=3  state=ON  metric=rpr
2026-10-07T17:02:33Z  OBSERVE  frontend->currencyservice  rpr=0.0000  low=301 high=0  attempts=3  state=ON  metric=rpr
2026-10-07T17:02:33Z  OBSERVE  frontend->productcatalogservice  rpr=0.0000  low=300 high=0  attempts=3  state=ON  metric=rpr
2026-10-07T17:02:33Z  OBSERVE  frontend->shippingservice  rpr=0.0000  low=300 high=0  attempts=3  state=ON  metric=rpr
2026-10-07T17:02:33Z  OBSERVE  checkoutservice->cartservice  rpr=0.0000  low=299 high=0  attempts=3  state=ON  metric=rpr
2026-10-07T17:02:33Z  OBSERVE  checkoutservice->currencyservice  rpr=0.0000  low=299 high=0  attempts=3  state=ON  metric=rpr
2026-10-07T17:02:33Z  OBSERVE  checkoutservice->emailservice  rpr=0.0000  low=298 high=0  attempts=3  state=ON  metric=rpr
2026-10-07T17:02:33Z  OBSERVE  checkoutservice->paymentservice  rpr=0.0000  low=299 high=0  attempts=3  state=ON  metric=rpr
2026-10-07T17:02:33Z  OBSERVE  checkoutservice->shippingservice  rpr=0.0000  low=299 high=0  attempts=3  state=ON  metric=rpr
2026-10-07T17:02:33Z  OBSERVE  recommendationservice->productcatalogservice  rpr=0.0000  low=300 high=0  attempts=3  state=ON  metric=rpr
2026-10-07T17:02:33Z  OBSERVE  recommendationservice  rejection=0.2408  low=0 high=229  state=OFF  metric=rejection
2026-10-07T17:02:35Z  OBSERVE  frontend->adservice  rpr=0.0000  low=300 high=0  attempts=3  state=ON  metric=rpr
2026-10-07T17:02:35Z  OBSERVE  frontend->cartservice  rpr=0.0000  low=302 high=0  attempts=3  state=ON  metric=rpr
2026-10-07T17:02:35Z  OBSERVE  frontend->checkoutservice  rpr=0.0000  low=259 high=0  attempts=3  state=ON  metric=rpr
2026-10-07T17:02:35Z  OBSERVE  frontend->currencyservice  rpr=0.0000  low=302 high=0  attempts=3  state=ON  metric=rpr
2026-10-07T17:02:35Z  OBSERVE  frontend->productcatalogservice  rpr=0.0000  low=301 high=0  attempts=3  state=ON  metric=rpr
2026-10-07T17:02:35Z  OBSERVE  frontend->shippingservice  rpr=0.0000  low=301 high=0  attempts=3  state=ON  metric=rpr
2026-10-07T17:02:35Z  OBSERVE  checkoutservice->cartservice  rpr=0.0000  low=300 high=0  attempts=3  state=ON  metric=rpr
2026-10-07T17:02:35Z  OBSERVE  checkoutservice->currencyservice  rpr=0.0000  low=300 high=0  attempts=3  state=ON  metric=rpr
2026-10-07T17:02:35Z  OBSERVE  checkoutservice->emailservice  rpr=0.0000  low=299 high=0  attempts=3  state=ON  metric=rpr
2026-10-07T17:02:35Z  OBSERVE  checkoutservice->paymentservice  rpr=0.0000  low=300 high=0  attempts=3  state=ON  metric=rpr
2026-10-07T17:02:35Z  OBSERVE  checkoutservice->shippingservice  rpr=0.0000  low=300 high=0  attempts=3  state=ON  metric=rpr
2026-10-07T17:02:35Z  OBSERVE  recommendationservice->productcatalogservice  rpr=0.0000  low=301 high=0  attempts=3  state=ON  metric=rpr
2026-10-07T17:02:35Z  OBSERVE  recommendationservice  rejection=0.2475  low=0 high=230  state=OFF  metric=rejection
2026-10-07T17:02:37Z  OBSERVE  frontend->adservice  rpr=0.0000  low=301 high=0  attempts=3  state=ON  metric=rpr
2026-10-07T17:02:37Z  OBSERVE  frontend->cartservice  rpr=0.0000  low=303 high=0  attempts=3  state=ON  metric=rpr
2026-10-07T17:02:37Z  OBSERVE  frontend->checkoutservice  rpr=0.0000  low=260 high=0  attempts=3  state=ON  metric=rpr
2026-10-07T17:02:37Z  OBSERVE  frontend->currencyservice  rpr=0.0000  low=303 high=0  attempts=3  state=ON  metric=rpr
2026-10-07T17:02:37Z  OBSERVE  frontend->productcatalogservice  rpr=0.0000  low=302 high=0  attempts=3  state=ON  metric=rpr
2026-10-07T17:02:37Z  OBSERVE  frontend->shippingservice  rpr=0.0000  low=302 high=0  attempts=3  state=ON  metric=rpr
2026-10-07T17:02:37Z  OBSERVE  checkoutservice->cartservice  rpr=0.0000  low=301 high=0  attempts=3  state=ON  metric=rpr
2026-10-07T17:02:37Z  OBSERVE  checkoutservice->currencyservice  rpr=0.0000  low=301 high=0  attempts=3  state=ON  metric=rpr
2026-10-07T17:02:37Z  OBSERVE  checkoutservice->emailservice  rpr=0.0000  low=300 high=0  attempts=3  state=ON  metric=rpr
2026-10-07T17:02:37Z  OBSERVE  checkoutservice->paymentservice  rpr=0.0000  low=301 high=0  attempts=3  state=ON  metric=rpr
2026-10-07T17:02:37Z  OBSERVE  checkoutservice->shippingservice  rpr=0.0000  low=301 high=0  attempts=3  state=ON  metric=rpr
2026-10-07T17:02:37Z  OBSERVE  recommendationservice->productcatalogservice  rpr=0.0000  low=302 high=0  attempts=3  state=ON  metric=rpr
2026-10-07T17:02:37Z  OBSERVE  recommendationservice  rejection=0.2058  low=0 high=231  state=OFF  metric=rejection
2026-10-07T17:02:39Z  OBSERVE  frontend->adservice  rpr=0.0000  low=302 high=0  attempts=3  state=ON  metric=rpr
2026-10-07T17:02:39Z  OBSERVE  frontend->cartservice  rpr=0.0000  low=304 high=0  attempts=3  state=ON  metric=rpr
2026-10-07T17:02:39Z  OBSERVE  frontend->checkoutservice  rpr=0.0000  low=261 high=0  attempts=3  state=ON  metric=rpr
2026-10-07T17:02:39Z  OBSERVE  frontend->currencyservice  rpr=0.0000  low=304 high=0  attempts=3  state=ON  metric=rpr
2026-10-07T17:02:39Z  OBSERVE  frontend->productcatalogservice  rpr=0.0000  low=303 high=0  attempts=3  state=ON  metric=rpr
2026-10-07T17:02:39Z  OBSERVE  frontend->shippingservice  rpr=0.0000  low=303 high=0  attempts=3  state=ON  metric=rpr
2026-10-07T17:02:39Z  OBSERVE  checkoutservice->cartservice  rpr=0.0000  low=302 high=0  attempts=3  state=ON  metric=rpr
2026-10-07T17:02:39Z  OBSERVE  checkoutservice->currencyservice  rpr=0.0000  low=302 high=0  attempts=3  state=ON  metric=rpr
2026-10-07T17:02:39Z  OBSERVE  checkoutservice->emailservice  rpr=0.0000  low=301 high=0  attempts=3  state=ON  metric=rpr
2026-10-07T17:02:39Z  OBSERVE  checkoutservice->paymentservice  rpr=0.0000  low=302 high=0  attempts=3  state=ON  metric=rpr
2026-10-07T17:02:39Z  OBSERVE  checkoutservice->shippingservice  rpr=0.0000  low=302 high=0  attempts=3  state=ON  metric=rpr
2026-10-07T17:02:39Z  OBSERVE  recommendationservice->productcatalogservice  rpr=0.0000  low=303 high=0  attempts=3  state=ON  metric=rpr
2026-10-07T17:02:39Z  OBSERVE  recommendationservice  rejection=0.1743  low=0 high=232  state=OFF  metric=rejection
2026-10-07T17:02:41Z  OBSERVE  frontend->adservice  rpr=0.0000  low=303 high=0  attempts=3  state=ON  metric=rpr
2026-10-07T17:02:41Z  OBSERVE  frontend->cartservice  rpr=0.0000  low=305 high=0  attempts=3  state=ON  metric=rpr
2026-10-07T17:02:41Z  OBSERVE  frontend->checkoutservice  rpr=0.0000  low=262 high=0  attempts=3  state=ON  metric=rpr
2026-10-07T17:02:41Z  OBSERVE  frontend->currencyservice  rpr=0.0000  low=305 high=0  attempts=3  state=ON  metric=rpr
2026-10-07T17:02:41Z  OBSERVE  frontend->productcatalogservice  rpr=0.0000  low=304 high=0  attempts=3  state=ON  metric=rpr
2026-10-07T17:02:41Z  OBSERVE  frontend->shippingservice  rpr=0.0000  low=304 high=0  attempts=3  state=ON  metric=rpr
2026-10-07T17:02:41Z  OBSERVE  checkoutservice->cartservice  rpr=0.0000  low=303 high=0  attempts=3  state=ON  metric=rpr
2026-10-07T17:02:41Z  OBSERVE  checkoutservice->currencyservice  rpr=0.0000  low=303 high=0  attempts=3  state=ON  metric=rpr
2026-10-07T17:02:41Z  OBSERVE  checkoutservice->emailservice  rpr=0.0000  low=302 high=0  attempts=3  state=ON  metric=rpr
2026-10-07T17:02:41Z  OBSERVE  checkoutservice->paymentservice  rpr=0.0000  low=303 high=0  attempts=3  state=ON  metric=rpr
2026-10-07T17:02:41Z  OBSERVE  checkoutservice->shippingservice  rpr=0.0000  low=303 high=0  attempts=3  state=ON  metric=rpr
2026-10-07T17:02:41Z  OBSERVE  recommendationservice->productcatalogservice  rpr=0.0000  low=304 high=0  attempts=3  state=ON  metric=rpr
2026-10-07T17:02:41Z  OBSERVE  recommendationservice  rejection=0.2002  low=0 high=233  state=OFF  metric=rejection
2026-10-07T17:02:43Z  OBSERVE  frontend->adservice  rpr=0.0000  low=304 high=0  attempts=3  state=ON  metric=rpr
2026-10-07T17:02:43Z  OBSERVE  frontend->cartservice  rpr=0.0000  low=306 high=0  attempts=3  state=ON  metric=rpr
2026-10-07T17:02:43Z  OBSERVE  frontend->checkoutservice  rpr=0.0000  low=263 high=0  attempts=3  state=ON  metric=rpr
2026-10-07T17:02:43Z  OBSERVE  frontend->currencyservice  rpr=0.0000  low=306 high=0  attempts=3  state=ON  metric=rpr
2026-10-07T17:02:43Z  OBSERVE  frontend->productcatalogservice  rpr=0.0000  low=305 high=0  attempts=3  state=ON  metric=rpr
2026-10-07T17:02:43Z  OBSERVE  frontend->shippingservice  rpr=0.0000  low=305 high=0  attempts=3  state=ON  metric=rpr
2026-10-07T17:02:43Z  OBSERVE  checkoutservice->cartservice  rpr=0.0000  low=304 high=0  attempts=3  state=ON  metric=rpr
2026-10-07T17:02:43Z  OBSERVE  checkoutservice->currencyservice  rpr=0.0000  low=304 high=0  attempts=3  state=ON  metric=rpr
2026-10-07T17:02:43Z  OBSERVE  checkoutservice->emailservice  rpr=0.0000  low=303 high=0  attempts=3  state=ON  metric=rpr
2026-10-07T17:02:43Z  OBSERVE  checkoutservice->paymentservice  rpr=0.0000  low=304 high=0  attempts=3  state=ON  metric=rpr
2026-10-07T17:02:43Z  OBSERVE  checkoutservice->shippingservice  rpr=0.0000  low=304 high=0  attempts=3  state=ON  metric=rpr
2026-10-07T17:02:43Z  OBSERVE  recommendationservice->productcatalogservice  rpr=0.0000  low=305 high=0  attempts=3  state=ON  metric=rpr
2026-10-07T17:02:43Z  OBSERVE  recommendationservice  rejection=0.2544  low=0 high=234  state=OFF  metric=rejection
2026-10-07T17:02:45Z  OBSERVE  frontend->adservice  rpr=0.0000  low=305 high=0  attempts=3  state=ON  metric=rpr
2026-10-07T17:02:45Z  OBSERVE  frontend->cartservice  rpr=0.0000  low=307 high=0  attempts=3  state=ON  metric=rpr
2026-10-07T17:02:45Z  OBSERVE  frontend->checkoutservice  rpr=0.0000  low=264 high=0  attempts=3  state=ON  metric=rpr
2026-10-07T17:02:45Z  OBSERVE  frontend->currencyservice  rpr=0.0000  low=307 high=0  attempts=3  state=ON  metric=rpr
2026-10-07T17:02:45Z  OBSERVE  frontend->productcatalogservice  rpr=0.0000  low=306 high=0  attempts=3  state=ON  metric=rpr
2026-10-07T17:02:45Z  OBSERVE  frontend->shippingservice  rpr=0.0000  low=306 high=0  attempts=3  state=ON  metric=rpr
2026-10-07T17:02:45Z  OBSERVE  checkoutservice->cartservice  rpr=0.0000  low=305 high=0  attempts=3  state=ON  metric=rpr
2026-10-07T17:02:45Z  OBSERVE  checkoutservice->currencyservice  rpr=0.0000  low=305 high=0  attempts=3  state=ON  metric=rpr
2026-10-07T17:02:45Z  OBSERVE  checkoutservice->emailservice  rpr=0.0000  low=304 high=0  attempts=3  state=ON  metric=rpr
2026-10-07T17:02:45Z  OBSERVE  checkoutservice->paymentservice  rpr=0.0000  low=305 high=0  attempts=3  state=ON  metric=rpr
2026-10-07T17:02:45Z  OBSERVE  checkoutservice->shippingservice  rpr=0.0000  low=305 high=0  attempts=3  state=ON  metric=rpr
2026-10-07T17:02:45Z  OBSERVE  recommendationservice->productcatalogservice  rpr=0.0000  low=306 high=0  attempts=3  state=ON  metric=rpr
2026-10-07T17:02:45Z  OBSERVE  recommendationservice  rejection=0.2675  low=0 high=235  state=OFF  metric=rejection
2026-10-07T17:02:47Z  OBSERVE  frontend->adservice  rpr=0.0000  low=306 high=0  attempts=3  state=ON  metric=rpr
2026-10-07T17:02:47Z  OBSERVE  frontend->cartservice  rpr=0.0000  low=308 high=0  attempts=3  state=ON  metric=rpr
2026-10-07T17:02:47Z  OBSERVE  frontend->checkoutservice  rpr=0.0000  low=265 high=0  attempts=3  state=ON  metric=rpr
2026-10-07T17:02:47Z  OBSERVE  frontend->currencyservice  rpr=0.0000  low=308 high=0  attempts=3  state=ON  metric=rpr
2026-10-07T17:02:47Z  OBSERVE  frontend->productcatalogservice  rpr=0.0000  low=307 high=0  attempts=3  state=ON  metric=rpr
2026-10-07T17:02:47Z  OBSERVE  frontend->shippingservice  rpr=0.0000  low=307 high=0  attempts=3  state=ON  metric=rpr
2026-10-07T17:02:47Z  OBSERVE  checkoutservice->cartservice  rpr=0.0000  low=306 high=0  attempts=3  state=ON  metric=rpr
2026-10-07T17:02:47Z  OBSERVE  checkoutservice->currencyservice  rpr=0.0000  low=306 high=0  attempts=3  state=ON  metric=rpr
2026-10-07T17:02:47Z  OBSERVE  checkoutservice->emailservice  rpr=0.0000  low=305 high=0  attempts=3  state=ON  metric=rpr
2026-10-07T17:02:47Z  OBSERVE  checkoutservice->paymentservice  rpr=0.0000  low=306 high=0  attempts=3  state=ON  metric=rpr
2026-10-07T17:02:47Z  OBSERVE  checkoutservice->shippingservice  rpr=0.0000  low=306 high=0  attempts=3  state=ON  metric=rpr
2026-10-07T17:02:47Z  OBSERVE  recommendationservice->productcatalogservice  rpr=0.0000  low=307 high=0  attempts=3  state=ON  metric=rpr
2026-10-07T17:02:47Z  OBSERVE  recommendationservice  rejection=0.1772  low=0 high=236  state=OFF  metric=rejection
2026-10-07T17:02:49Z  OBSERVE  frontend->adservice  rpr=0.0000  low=307 high=0  attempts=3  state=ON  metric=rpr
2026-10-07T17:02:49Z  OBSERVE  frontend->cartservice  rpr=0.0000  low=309 high=0  attempts=3  state=ON  metric=rpr
2026-10-07T17:02:49Z  OBSERVE  frontend->checkoutservice  rpr=0.0000  low=266 high=0  attempts=3  state=ON  metric=rpr
2026-10-07T17:02:49Z  OBSERVE  frontend->currencyservice  rpr=0.0000  low=309 high=0  attempts=3  state=ON  metric=rpr
2026-10-07T17:02:49Z  OBSERVE  frontend->productcatalogservice  rpr=0.0000  low=308 high=0  attempts=3  state=ON  metric=rpr
2026-10-07T17:02:49Z  OBSERVE  frontend->shippingservice  rpr=0.0000  low=308 high=0  attempts=3  state=ON  metric=rpr
2026-10-07T17:02:49Z  OBSERVE  checkoutservice->cartservice  rpr=0.0000  low=307 high=0  attempts=3  state=ON  metric=rpr
2026-10-07T17:02:49Z  OBSERVE  checkoutservice->currencyservice  rpr=0.0000  low=307 high=0  attempts=3  state=ON  metric=rpr
2026-10-07T17:02:49Z  OBSERVE  checkoutservice->emailservice  rpr=0.0000  low=306 high=0  attempts=3  state=ON  metric=rpr
2026-10-07T17:02:49Z  OBSERVE  checkoutservice->paymentservice  rpr=0.0000  low=307 high=0  attempts=3  state=ON  metric=rpr
2026-10-07T17:02:49Z  OBSERVE  checkoutservice->shippingservice  rpr=0.0000  low=307 high=0  attempts=3  state=ON  metric=rpr
2026-10-07T17:02:49Z  OBSERVE  recommendationservice->productcatalogservice  rpr=0.0000  low=308 high=0  attempts=3  state=ON  metric=rpr
2026-10-07T17:02:49Z  OBSERVE  recommendationservice  rejection=0.1522  low=0 high=237  state=OFF  metric=rejection
2026-10-07T17:02:51Z  OBSERVE  frontend->adservice  rpr=0.0000  low=308 high=0  attempts=3  state=ON  metric=rpr
2026-10-07T17:02:51Z  OBSERVE  frontend->cartservice  rpr=0.0000  low=310 high=0  attempts=3  state=ON  metric=rpr
2026-10-07T17:02:51Z  OBSERVE  frontend->checkoutservice  rpr=0.0000  low=267 high=0  attempts=3  state=ON  metric=rpr
2026-10-07T17:02:51Z  OBSERVE  frontend->currencyservice  rpr=0.0000  low=310 high=0  attempts=3  state=ON  metric=rpr
2026-10-07T17:02:51Z  OBSERVE  frontend->productcatalogservice  rpr=0.0000  low=309 high=0  attempts=3  state=ON  metric=rpr
2026-10-07T17:02:51Z  OBSERVE  frontend->shippingservice  rpr=0.0000  low=309 high=0  attempts=3  state=ON  metric=rpr
2026-10-07T17:02:51Z  OBSERVE  checkoutservice->cartservice  rpr=0.0000  low=308 high=0  attempts=3  state=ON  metric=rpr
2026-10-07T17:02:51Z  OBSERVE  checkoutservice->currencyservice  rpr=0.0000  low=308 high=0  attempts=3  state=ON  metric=rpr
2026-10-07T17:02:51Z  OBSERVE  checkoutservice->emailservice  rpr=0.0000  low=307 high=0  attempts=3  state=ON  metric=rpr
2026-10-07T17:02:51Z  OBSERVE  checkoutservice->paymentservice  rpr=0.0000  low=308 high=0  attempts=3  state=ON  metric=rpr
2026-10-07T17:02:51Z  OBSERVE  checkoutservice->shippingservice  rpr=0.0000  low=308 high=0  attempts=3  state=ON  metric=rpr
2026-10-07T17:02:51Z  OBSERVE  recommendationservice->productcatalogservice  rpr=0.0000  low=309 high=0  attempts=3  state=ON  metric=rpr
2026-10-07T17:02:51Z  OBSERVE  recommendationservice  rejection=0.2139  low=0 high=238  state=OFF  metric=rejection
2026-10-07T17:02:53Z  OBSERVE  frontend->adservice  rpr=0.0000  low=309 high=0  attempts=3  state=ON  metric=rpr
2026-10-07T17:02:53Z  OBSERVE  frontend->cartservice  rpr=0.0000  low=311 high=0  attempts=3  state=ON  metric=rpr
2026-10-07T17:02:53Z  OBSERVE  frontend->checkoutservice  rpr=0.0000  low=268 high=0  attempts=3  state=ON  metric=rpr
2026-10-07T17:02:53Z  OBSERVE  frontend->currencyservice  rpr=0.0000  low=311 high=0  attempts=3  state=ON  metric=rpr
2026-10-07T17:02:53Z  OBSERVE  frontend->productcatalogservice  rpr=0.0000  low=310 high=0  attempts=3  state=ON  metric=rpr
2026-10-07T17:02:53Z  OBSERVE  frontend->shippingservice  rpr=0.0000  low=310 high=0  attempts=3  state=ON  metric=rpr
2026-10-07T17:02:53Z  OBSERVE  checkoutservice->cartservice  rpr=0.0000  low=309 high=0  attempts=3  state=ON  metric=rpr
2026-10-07T17:02:53Z  OBSERVE  checkoutservice->currencyservice  rpr=0.0000  low=309 high=0  attempts=3  state=ON  metric=rpr
2026-10-07T17:02:53Z  OBSERVE  checkoutservice->emailservice  rpr=0.0000  low=308 high=0  attempts=3  state=ON  metric=rpr
2026-10-07T17:02:53Z  OBSERVE  checkoutservice->paymentservice  rpr=0.0000  low=309 high=0  attempts=3  state=ON  metric=rpr
2026-10-07T17:02:53Z  OBSERVE  checkoutservice->shippingservice  rpr=0.0000  low=309 high=0  attempts=3  state=ON  metric=rpr
2026-10-07T17:02:53Z  OBSERVE  recommendationservice->productcatalogservice  rpr=0.0000  low=310 high=0  attempts=3  state=ON  metric=rpr
2026-10-07T17:02:53Z  OBSERVE  recommendationservice  rejection=0.3040  low=0 high=239  state=OFF  metric=rejection
2026-10-07T17:02:55Z  OBSERVE  frontend->adservice  rpr=0.0000  low=310 high=0  attempts=3  state=ON  metric=rpr
2026-10-07T17:02:55Z  OBSERVE  frontend->cartservice  rpr=0.0000  low=312 high=0  attempts=3  state=ON  metric=rpr
2026-10-07T17:02:55Z  OBSERVE  frontend->checkoutservice  rpr=0.0000  low=269 high=0  attempts=3  state=ON  metric=rpr
2026-10-07T17:02:55Z  OBSERVE  frontend->currencyservice  rpr=0.0000  low=312 high=0  attempts=3  state=ON  metric=rpr
2026-10-07T17:02:55Z  OBSERVE  frontend->productcatalogservice  rpr=0.0000  low=311 high=0  attempts=3  state=ON  metric=rpr
2026-10-07T17:02:55Z  OBSERVE  frontend->shippingservice  rpr=0.0000  low=311 high=0  attempts=3  state=ON  metric=rpr
2026-10-07T17:02:55Z  OBSERVE  checkoutservice->cartservice  rpr=0.0000  low=310 high=0  attempts=3  state=ON  metric=rpr
2026-10-07T17:02:55Z  OBSERVE  checkoutservice->currencyservice  rpr=0.0000  low=310 high=0  attempts=3  state=ON  metric=rpr
2026-10-07T17:02:55Z  OBSERVE  checkoutservice->emailservice  rpr=0.0000  low=309 high=0  attempts=3  state=ON  metric=rpr
2026-10-07T17:02:55Z  OBSERVE  checkoutservice->paymentservice  rpr=0.0000  low=310 high=0  attempts=3  state=ON  metric=rpr
2026-10-07T17:02:55Z  OBSERVE  checkoutservice->shippingservice  rpr=0.0000  low=310 high=0  attempts=3  state=ON  metric=rpr
2026-10-07T17:02:55Z  OBSERVE  recommendationservice->productcatalogservice  rpr=0.0000  low=311 high=0  attempts=3  state=ON  metric=rpr
2026-10-07T17:02:55Z  OBSERVE  recommendationservice  rejection=0.2495  low=0 high=240  state=OFF  metric=rejection
2026-10-07T17:02:57Z  OBSERVE  frontend->adservice  rpr=0.0000  low=311 high=0  attempts=3  state=ON  metric=rpr
2026-10-07T17:02:57Z  OBSERVE  frontend->cartservice  rpr=0.0000  low=313 high=0  attempts=3  state=ON  metric=rpr
2026-10-07T17:02:57Z  OBSERVE  frontend->checkoutservice  rpr=0.0000  low=270 high=0  attempts=3  state=ON  metric=rpr
2026-10-07T17:02:57Z  OBSERVE  frontend->currencyservice  rpr=0.0000  low=313 high=0  attempts=3  state=ON  metric=rpr
2026-10-07T17:02:57Z  OBSERVE  frontend->productcatalogservice  rpr=0.0000  low=312 high=0  attempts=3  state=ON  metric=rpr
2026-10-07T17:02:57Z  OBSERVE  frontend->shippingservice  rpr=0.0000  low=312 high=0  attempts=3  state=ON  metric=rpr
2026-10-07T17:02:57Z  OBSERVE  checkoutservice->cartservice  rpr=0.0000  low=311 high=0  attempts=3  state=ON  metric=rpr
2026-10-07T17:02:57Z  OBSERVE  checkoutservice->currencyservice  rpr=0.0000  low=311 high=0  attempts=3  state=ON  metric=rpr
2026-10-07T17:02:57Z  OBSERVE  checkoutservice->emailservice  rpr=0.0000  low=310 high=0  attempts=3  state=ON  metric=rpr
2026-10-07T17:02:57Z  OBSERVE  checkoutservice->paymentservice  rpr=0.0000  low=311 high=0  attempts=3  state=ON  metric=rpr
2026-10-07T17:02:57Z  OBSERVE  checkoutservice->shippingservice  rpr=0.0000  low=311 high=0  attempts=3  state=ON  metric=rpr
2026-10-07T17:02:57Z  OBSERVE  recommendationservice->productcatalogservice  rpr=0.0000  low=312 high=0  attempts=3  state=ON  metric=rpr
2026-10-07T17:02:57Z  OBSERVE  recommendationservice  rejection=0.2274  low=0 high=241  state=OFF  metric=rejection
2026-10-07T17:02:59Z  OBSERVE  frontend->adservice  rpr=0.0000  low=312 high=0  attempts=3  state=ON  metric=rpr
2026-10-07T17:02:59Z  OBSERVE  frontend->cartservice  rpr=0.0000  low=314 high=0  attempts=3  state=ON  metric=rpr
2026-10-07T17:02:59Z  OBSERVE  frontend->checkoutservice  rpr=0.0000  low=271 high=0  attempts=3  state=ON  metric=rpr
2026-10-07T17:02:59Z  OBSERVE  frontend->currencyservice  rpr=0.0000  low=314 high=0  attempts=3  state=ON  metric=rpr
2026-10-07T17:02:59Z  OBSERVE  frontend->productcatalogservice  rpr=0.0000  low=313 high=0  attempts=3  state=ON  metric=rpr
2026-10-07T17:02:59Z  OBSERVE  frontend->shippingservice  rpr=0.0000  low=313 high=0  attempts=3  state=ON  metric=rpr
2026-10-07T17:02:59Z  OBSERVE  checkoutservice->cartservice  rpr=0.0000  low=312 high=0  attempts=3  state=ON  metric=rpr
2026-10-07T17:02:59Z  OBSERVE  checkoutservice->currencyservice  rpr=0.0000  low=312 high=0  attempts=3  state=ON  metric=rpr
2026-10-07T17:02:59Z  OBSERVE  checkoutservice->emailservice  rpr=0.0000  low=311 high=0  attempts=3  state=ON  metric=rpr
2026-10-07T17:02:59Z  OBSERVE  checkoutservice->paymentservice  rpr=0.0000  low=312 high=0  attempts=3  state=ON  metric=rpr
2026-10-07T17:02:59Z  OBSERVE  checkoutservice->shippingservice  rpr=0.0000  low=312 high=0  attempts=3  state=ON  metric=rpr
2026-10-07T17:02:59Z  OBSERVE  recommendationservice->productcatalogservice  rpr=0.0000  low=313 high=0  attempts=3  state=ON  metric=rpr
2026-10-07T17:02:59Z  OBSERVE  recommendationservice  rejection=0.2663  low=0 high=242  state=OFF  metric=rejection
2026-10-07T17:03:01Z  OBSERVE  frontend->adservice  rpr=0.0000  low=313 high=0  attempts=3  state=ON  metric=rpr
2026-10-07T17:03:01Z  OBSERVE  frontend->cartservice  rpr=0.0000  low=315 high=0  attempts=3  state=ON  metric=rpr
2026-10-07T17:03:01Z  OBSERVE  frontend->checkoutservice  rpr=0.0000  low=272 high=0  attempts=3  state=ON  metric=rpr
2026-10-07T17:03:01Z  OBSERVE  frontend->currencyservice  rpr=0.0000  low=315 high=0  attempts=3  state=ON  metric=rpr
2026-10-07T17:03:01Z  OBSERVE  frontend->productcatalogservice  rpr=0.0000  low=314 high=0  attempts=3  state=ON  metric=rpr
2026-10-07T17:03:01Z  OBSERVE  frontend->shippingservice  rpr=0.0000  low=314 high=0  attempts=3  state=ON  metric=rpr
2026-10-07T17:03:01Z  OBSERVE  checkoutservice->cartservice  rpr=0.0000  low=313 high=0  attempts=3  state=ON  metric=rpr
2026-10-07T17:03:01Z  OBSERVE  checkoutservice->currencyservice  rpr=0.0000  low=313 high=0  attempts=3  state=ON  metric=rpr
2026-10-07T17:03:01Z  OBSERVE  checkoutservice->emailservice  rpr=0.0000  low=312 high=0  attempts=3  state=ON  metric=rpr
2026-10-07T17:03:01Z  OBSERVE  checkoutservice->paymentservice  rpr=0.0000  low=313 high=0  attempts=3  state=ON  metric=rpr
2026-10-07T17:03:01Z  OBSERVE  checkoutservice->shippingservice  rpr=0.0000  low=313 high=0  attempts=3  state=ON  metric=rpr
2026-10-07T17:03:01Z  OBSERVE  recommendationservice->productcatalogservice  rpr=0.0000  low=314 high=0  attempts=3  state=ON  metric=rpr
2026-10-07T17:03:01Z  OBSERVE  recommendationservice  rejection=0.2753  low=0 high=243  state=OFF  metric=rejection
2026-10-07T17:03:03Z  OBSERVE  frontend->adservice  rpr=0.0000  low=314 high=0  attempts=3  state=ON  metric=rpr
2026-10-07T17:03:03Z  OBSERVE  frontend->cartservice  rpr=0.0000  low=316 high=0  attempts=3  state=ON  metric=rpr
2026-10-07T17:03:03Z  OBSERVE  frontend->checkoutservice  rpr=0.0000  low=273 high=0  attempts=3  state=ON  metric=rpr
2026-10-07T17:03:03Z  OBSERVE  frontend->currencyservice  rpr=0.0000  low=316 high=0  attempts=3  state=ON  metric=rpr
2026-10-07T17:03:03Z  OBSERVE  frontend->productcatalogservice  rpr=0.0000  low=315 high=0  attempts=3  state=ON  metric=rpr
2026-10-07T17:03:03Z  OBSERVE  frontend->shippingservice  rpr=0.0000  low=315 high=0  attempts=3  state=ON  metric=rpr
2026-10-07T17:03:03Z  OBSERVE  checkoutservice->cartservice  rpr=0.0000  low=314 high=0  attempts=3  state=ON  metric=rpr
2026-10-07T17:03:03Z  OBSERVE  checkoutservice->currencyservice  rpr=0.0000  low=314 high=0  attempts=3  state=ON  metric=rpr
2026-10-07T17:03:03Z  OBSERVE  checkoutservice->emailservice  rpr=0.0000  low=313 high=0  attempts=3  state=ON  metric=rpr
2026-10-07T17:03:03Z  OBSERVE  checkoutservice->paymentservice  rpr=0.0000  low=314 high=0  attempts=3  state=ON  metric=rpr
2026-10-07T17:03:03Z  OBSERVE  checkoutservice->shippingservice  rpr=0.0000  low=314 high=0  attempts=3  state=ON  metric=rpr
2026-10-07T17:03:03Z  OBSERVE  recommendationservice->productcatalogservice  rpr=0.0000  low=315 high=0  attempts=3  state=ON  metric=rpr
2026-10-07T17:03:03Z  OBSERVE  recommendationservice  rejection=0.2795  low=0 high=244  state=OFF  metric=rejection
2026-10-07T17:03:05Z  OBSERVE  frontend->adservice  rpr=0.0000  low=315 high=0  attempts=3  state=ON  metric=rpr
2026-10-07T17:03:05Z  OBSERVE  frontend->cartservice  rpr=0.0000  low=317 high=0  attempts=3  state=ON  metric=rpr
2026-10-07T17:03:05Z  OBSERVE  frontend->checkoutservice  rpr=0.0000  low=274 high=0  attempts=3  state=ON  metric=rpr
2026-10-07T17:03:05Z  OBSERVE  frontend->currencyservice  rpr=0.0000  low=317 high=0  attempts=3  state=ON  metric=rpr
2026-10-07T17:03:05Z  OBSERVE  frontend->productcatalogservice  rpr=0.0000  low=316 high=0  attempts=3  state=ON  metric=rpr
2026-10-07T17:03:05Z  OBSERVE  frontend->shippingservice  rpr=0.0000  low=316 high=0  attempts=3  state=ON  metric=rpr
2026-10-07T17:03:05Z  OBSERVE  checkoutservice->cartservice  rpr=0.0000  low=315 high=0  attempts=3  state=ON  metric=rpr
2026-10-07T17:03:05Z  OBSERVE  checkoutservice->currencyservice  rpr=0.0000  low=315 high=0  attempts=3  state=ON  metric=rpr
2026-10-07T17:03:05Z  OBSERVE  checkoutservice->emailservice  rpr=0.0000  low=314 high=0  attempts=3  state=ON  metric=rpr
2026-10-07T17:03:05Z  OBSERVE  checkoutservice->paymentservice  rpr=0.0000  low=315 high=0  attempts=3  state=ON  metric=rpr
2026-10-07T17:03:05Z  OBSERVE  checkoutservice->shippingservice  rpr=0.0000  low=315 high=0  attempts=3  state=ON  metric=rpr
2026-10-07T17:03:05Z  OBSERVE  recommendationservice->productcatalogservice  rpr=0.0000  low=316 high=0  attempts=3  state=ON  metric=rpr
2026-10-07T17:03:05Z  OBSERVE  recommendationservice  rejection=0.1746  low=0 high=245  state=OFF  metric=rejection
2026-10-07T17:03:07Z  OBSERVE  frontend->adservice  rpr=0.0000  low=316 high=0  attempts=3  state=ON  metric=rpr
2026-10-07T17:03:07Z  OBSERVE  frontend->cartservice  rpr=0.0000  low=318 high=0  attempts=3  state=ON  metric=rpr
2026-10-07T17:03:07Z  OBSERVE  frontend->checkoutservice  rpr=0.0000  low=275 high=0  attempts=3  state=ON  metric=rpr
2026-10-07T17:03:07Z  OBSERVE  frontend->currencyservice  rpr=0.0000  low=318 high=0  attempts=3  state=ON  metric=rpr
2026-10-07T17:03:07Z  OBSERVE  frontend->productcatalogservice  rpr=0.0000  low=317 high=0  attempts=3  state=ON  metric=rpr
2026-10-07T17:03:07Z  OBSERVE  frontend->shippingservice  rpr=0.0000  low=317 high=0  attempts=3  state=ON  metric=rpr
2026-10-07T17:03:07Z  OBSERVE  checkoutservice->cartservice  rpr=0.0000  low=316 high=0  attempts=3  state=ON  metric=rpr
2026-10-07T17:03:07Z  OBSERVE  checkoutservice->currencyservice  rpr=0.0000  low=316 high=0  attempts=3  state=ON  metric=rpr
2026-10-07T17:03:07Z  OBSERVE  checkoutservice->emailservice  rpr=0.0000  low=315 high=0  attempts=3  state=ON  metric=rpr
2026-10-07T17:03:07Z  OBSERVE  checkoutservice->paymentservice  rpr=0.0000  low=316 high=0  attempts=3  state=ON  metric=rpr
2026-10-07T17:03:07Z  OBSERVE  checkoutservice->shippingservice  rpr=0.0000  low=316 high=0  attempts=3  state=ON  metric=rpr
2026-10-07T17:03:07Z  OBSERVE  recommendationservice->productcatalogservice  rpr=0.0000  low=317 high=0  attempts=3  state=ON  metric=rpr
2026-10-07T17:03:07Z  OBSERVE  recommendationservice  rejection=0.1547  low=0 high=246  state=OFF  metric=rejection
2026-10-07T17:03:09Z  OBSERVE  frontend->adservice  rpr=0.0000  low=317 high=0  attempts=3  state=ON  metric=rpr
2026-10-07T17:03:09Z  OBSERVE  frontend->cartservice  rpr=0.0000  low=319 high=0  attempts=3  state=ON  metric=rpr
2026-10-07T17:03:09Z  OBSERVE  frontend->checkoutservice  rpr=0.0000  low=276 high=0  attempts=3  state=ON  metric=rpr
2026-10-07T17:03:09Z  OBSERVE  frontend->currencyservice  rpr=0.0000  low=319 high=0  attempts=3  state=ON  metric=rpr
2026-10-07T17:03:09Z  OBSERVE  frontend->productcatalogservice  rpr=0.0000  low=318 high=0  attempts=3  state=ON  metric=rpr
2026-10-07T17:03:09Z  OBSERVE  frontend->shippingservice  rpr=0.0000  low=318 high=0  attempts=3  state=ON  metric=rpr
2026-10-07T17:03:09Z  OBSERVE  checkoutservice->cartservice  rpr=0.0000  low=317 high=0  attempts=3  state=ON  metric=rpr
2026-10-07T17:03:09Z  OBSERVE  checkoutservice->currencyservice  rpr=0.0000  low=317 high=0  attempts=3  state=ON  metric=rpr
2026-10-07T17:03:09Z  OBSERVE  checkoutservice->emailservice  rpr=0.0000  low=316 high=0  attempts=3  state=ON  metric=rpr
2026-10-07T17:03:09Z  OBSERVE  checkoutservice->paymentservice  rpr=0.0000  low=317 high=0  attempts=3  state=ON  metric=rpr
2026-10-07T17:03:09Z  OBSERVE  checkoutservice->shippingservice  rpr=0.0000  low=317 high=0  attempts=3  state=ON  metric=rpr
2026-10-07T17:03:09Z  OBSERVE  recommendationservice->productcatalogservice  rpr=0.0000  low=318 high=0  attempts=3  state=ON  metric=rpr
2026-10-07T17:03:09Z  OBSERVE  recommendationservice  rejection=0.1763  low=0 high=247  state=OFF  metric=rejection
2026-10-07T17:03:11Z  OBSERVE  frontend->adservice  rpr=0.0000  low=318 high=0  attempts=3  state=ON  metric=rpr
2026-10-07T17:03:11Z  OBSERVE  frontend->cartservice  rpr=0.0000  low=320 high=0  attempts=3  state=ON  metric=rpr
2026-10-07T17:03:11Z  OBSERVE  frontend->checkoutservice  rpr=0.0000  low=277 high=0  attempts=3  state=ON  metric=rpr
2026-10-07T17:03:11Z  OBSERVE  frontend->currencyservice  rpr=0.0000  low=320 high=0  attempts=3  state=ON  metric=rpr
2026-10-07T17:03:11Z  OBSERVE  frontend->productcatalogservice  rpr=0.0000  low=319 high=0  attempts=3  state=ON  metric=rpr
2026-10-07T17:03:11Z  OBSERVE  frontend->shippingservice  rpr=0.0000  low=319 high=0  attempts=3  state=ON  metric=rpr
2026-10-07T17:03:11Z  OBSERVE  checkoutservice->cartservice  rpr=0.0000  low=318 high=0  attempts=3  state=ON  metric=rpr
2026-10-07T17:03:11Z  OBSERVE  checkoutservice->currencyservice  rpr=0.0000  low=318 high=0  attempts=3  state=ON  metric=rpr
2026-10-07T17:03:11Z  OBSERVE  checkoutservice->emailservice  rpr=0.0000  low=317 high=0  attempts=3  state=ON  metric=rpr
2026-10-07T17:03:11Z  OBSERVE  checkoutservice->paymentservice  rpr=0.0000  low=318 high=0  attempts=3  state=ON  metric=rpr
2026-10-07T17:03:11Z  OBSERVE  checkoutservice->shippingservice  rpr=0.0000  low=318 high=0  attempts=3  state=ON  metric=rpr
2026-10-07T17:03:11Z  OBSERVE  recommendationservice->productcatalogservice  rpr=0.0000  low=319 high=0  attempts=3  state=ON  metric=rpr
2026-10-07T17:03:11Z  OBSERVE  recommendationservice  rejection=0.2145  low=0 high=248  state=OFF  metric=rejection
2026-10-07T17:03:13Z  OBSERVE  frontend->adservice  rpr=0.0000  low=319 high=0  attempts=3  state=ON  metric=rpr
2026-10-07T17:03:13Z  OBSERVE  frontend->cartservice  rpr=0.0000  low=321 high=0  attempts=3  state=ON  metric=rpr
2026-10-07T17:03:13Z  OBSERVE  frontend->checkoutservice  rpr=0.0000  low=278 high=0  attempts=3  state=ON  metric=rpr
2026-10-07T17:03:13Z  OBSERVE  frontend->currencyservice  rpr=0.0000  low=321 high=0  attempts=3  state=ON  metric=rpr
2026-10-07T17:03:13Z  OBSERVE  frontend->productcatalogservice  rpr=0.0000  low=320 high=0  attempts=3  state=ON  metric=rpr
2026-10-07T17:03:13Z  OBSERVE  frontend->shippingservice  rpr=0.0000  low=320 high=0  attempts=3  state=ON  metric=rpr
2026-10-07T17:03:13Z  OBSERVE  checkoutservice->cartservice  rpr=0.0000  low=319 high=0  attempts=3  state=ON  metric=rpr
2026-10-07T17:03:13Z  OBSERVE  checkoutservice->currencyservice  rpr=0.0000  low=319 high=0  attempts=3  state=ON  metric=rpr
2026-10-07T17:03:13Z  OBSERVE  checkoutservice->emailservice  rpr=0.0000  low=318 high=0  attempts=3  state=ON  metric=rpr
2026-10-07T17:03:13Z  OBSERVE  checkoutservice->paymentservice  rpr=0.0000  low=319 high=0  attempts=3  state=ON  metric=rpr
2026-10-07T17:03:13Z  OBSERVE  checkoutservice->shippingservice  rpr=0.0000  low=319 high=0  attempts=3  state=ON  metric=rpr
2026-10-07T17:03:13Z  OBSERVE  recommendationservice->productcatalogservice  rpr=0.0000  low=320 high=0  attempts=3  state=ON  metric=rpr
2026-10-07T17:03:13Z  OBSERVE  recommendationservice  rejection=0.2403  low=0 high=249  state=OFF  metric=rejection
2026-10-07T17:03:15Z  OBSERVE  frontend->adservice  rpr=0.0000  low=320 high=0  attempts=3  state=ON  metric=rpr
2026-10-07T17:03:15Z  OBSERVE  frontend->cartservice  rpr=0.0000  low=322 high=0  attempts=3  state=ON  metric=rpr
2026-10-07T17:03:15Z  OBSERVE  frontend->checkoutservice  rpr=0.0000  low=279 high=0  attempts=3  state=ON  metric=rpr
2026-10-07T17:03:15Z  OBSERVE  frontend->currencyservice  rpr=0.0000  low=322 high=0  attempts=3  state=ON  metric=rpr
2026-10-07T17:03:15Z  OBSERVE  frontend->productcatalogservice  rpr=0.0000  low=321 high=0  attempts=3  state=ON  metric=rpr
2026-10-07T17:03:15Z  OBSERVE  frontend->shippingservice  rpr=0.0000  low=321 high=0  attempts=3  state=ON  metric=rpr
2026-10-07T17:03:15Z  OBSERVE  checkoutservice->cartservice  rpr=0.0000  low=320 high=0  attempts=3  state=ON  metric=rpr
2026-10-07T17:03:15Z  OBSERVE  checkoutservice->currencyservice  rpr=0.0000  low=320 high=0  attempts=3  state=ON  metric=rpr
2026-10-07T17:03:15Z  OBSERVE  checkoutservice->emailservice  rpr=0.0000  low=319 high=0  attempts=3  state=ON  metric=rpr
2026-10-07T17:03:15Z  OBSERVE  checkoutservice->paymentservice  rpr=0.0000  low=320 high=0  attempts=3  state=ON  metric=rpr
2026-10-07T17:03:15Z  OBSERVE  checkoutservice->shippingservice  rpr=0.0000  low=320 high=0  attempts=3  state=ON  metric=rpr
2026-10-07T17:03:15Z  OBSERVE  recommendationservice->productcatalogservice  rpr=0.0000  low=321 high=0  attempts=3  state=ON  metric=rpr
2026-10-07T17:03:15Z  OBSERVE  recommendationservice  rejection=0.2449  low=0 high=250  state=OFF  metric=rejection
2026-10-07T17:03:17Z  OBSERVE  frontend->adservice  rpr=0.0000  low=321 high=0  attempts=3  state=ON  metric=rpr
2026-10-07T17:03:17Z  OBSERVE  frontend->cartservice  rpr=0.0000  low=323 high=0  attempts=3  state=ON  metric=rpr
2026-10-07T17:03:17Z  OBSERVE  frontend->checkoutservice  rpr=0.0000  low=280 high=0  attempts=3  state=ON  metric=rpr
2026-10-07T17:03:17Z  OBSERVE  frontend->currencyservice  rpr=0.0000  low=323 high=0  attempts=3  state=ON  metric=rpr
2026-10-07T17:03:17Z  OBSERVE  frontend->productcatalogservice  rpr=0.0000  low=322 high=0  attempts=3  state=ON  metric=rpr
2026-10-07T17:03:17Z  OBSERVE  frontend->shippingservice  rpr=0.0000  low=322 high=0  attempts=3  state=ON  metric=rpr
2026-10-07T17:03:17Z  OBSERVE  checkoutservice->cartservice  rpr=0.0000  low=321 high=0  attempts=3  state=ON  metric=rpr
2026-10-07T17:03:17Z  OBSERVE  checkoutservice->currencyservice  rpr=0.0000  low=321 high=0  attempts=3  state=ON  metric=rpr
2026-10-07T17:03:17Z  OBSERVE  checkoutservice->emailservice  rpr=0.0000  low=320 high=0  attempts=3  state=ON  metric=rpr
2026-10-07T17:03:17Z  OBSERVE  checkoutservice->paymentservice  rpr=0.0000  low=321 high=0  attempts=3  state=ON  metric=rpr
2026-10-07T17:03:17Z  OBSERVE  checkoutservice->shippingservice  rpr=0.0000  low=321 high=0  attempts=3  state=ON  metric=rpr
2026-10-07T17:03:17Z  OBSERVE  recommendationservice->productcatalogservice  rpr=0.0000  low=322 high=0  attempts=3  state=ON  metric=rpr
2026-10-07T17:03:17Z  OBSERVE  recommendationservice  rejection=0.1949  low=0 high=251  state=OFF  metric=rejection
2026-10-07T17:03:19Z  OBSERVE  frontend->adservice  rpr=0.0000  low=322 high=0  attempts=3  state=ON  metric=rpr
2026-10-07T17:03:19Z  OBSERVE  frontend->cartservice  rpr=0.0000  low=324 high=0  attempts=3  state=ON  metric=rpr
2026-10-07T17:03:19Z  OBSERVE  frontend->checkoutservice  rpr=0.0000  low=281 high=0  attempts=3  state=ON  metric=rpr
2026-10-07T17:03:19Z  OBSERVE  frontend->currencyservice  rpr=0.0000  low=324 high=0  attempts=3  state=ON  metric=rpr
2026-10-07T17:03:19Z  OBSERVE  frontend->productcatalogservice  rpr=0.0000  low=323 high=0  attempts=3  state=ON  metric=rpr
2026-10-07T17:03:19Z  OBSERVE  frontend->shippingservice  rpr=0.0000  low=323 high=0  attempts=3  state=ON  metric=rpr
2026-10-07T17:03:19Z  OBSERVE  checkoutservice->cartservice  rpr=0.0000  low=322 high=0  attempts=3  state=ON  metric=rpr
2026-10-07T17:03:19Z  OBSERVE  checkoutservice->currencyservice  rpr=0.0000  low=322 high=0  attempts=3  state=ON  metric=rpr
2026-10-07T17:03:19Z  OBSERVE  checkoutservice->emailservice  rpr=0.0000  low=321 high=0  attempts=3  state=ON  metric=rpr
2026-10-07T17:03:19Z  OBSERVE  checkoutservice->paymentservice  rpr=0.0000  low=322 high=0  attempts=3  state=ON  metric=rpr
2026-10-07T17:03:19Z  OBSERVE  checkoutservice->shippingservice  rpr=0.0000  low=322 high=0  attempts=3  state=ON  metric=rpr
2026-10-07T17:03:19Z  OBSERVE  recommendationservice->productcatalogservice  rpr=0.0000  low=323 high=0  attempts=3  state=ON  metric=rpr
2026-10-07T17:03:19Z  OBSERVE  recommendationservice  rejection=0.2260  low=0 high=252  state=OFF  metric=rejection
2026-10-07T17:03:21Z  OBSERVE  frontend->adservice  rpr=0.0000  low=323 high=0  attempts=3  state=ON  metric=rpr
2026-10-07T17:03:21Z  OBSERVE  frontend->cartservice  rpr=0.0000  low=325 high=0  attempts=3  state=ON  metric=rpr
2026-10-07T17:03:21Z  OBSERVE  frontend->checkoutservice  rpr=0.0000  low=282 high=0  attempts=3  state=ON  metric=rpr
2026-10-07T17:03:21Z  OBSERVE  frontend->currencyservice  rpr=0.0000  low=325 high=0  attempts=3  state=ON  metric=rpr
2026-10-07T17:03:21Z  OBSERVE  frontend->productcatalogservice  rpr=0.0000  low=324 high=0  attempts=3  state=ON  metric=rpr
2026-10-07T17:03:21Z  OBSERVE  frontend->shippingservice  rpr=0.0000  low=324 high=0  attempts=3  state=ON  metric=rpr
2026-10-07T17:03:21Z  OBSERVE  checkoutservice->cartservice  rpr=0.0000  low=323 high=0  attempts=3  state=ON  metric=rpr
2026-10-07T17:03:21Z  OBSERVE  checkoutservice->currencyservice  rpr=0.0000  low=323 high=0  attempts=3  state=ON  metric=rpr
2026-10-07T17:03:21Z  OBSERVE  checkoutservice->emailservice  rpr=0.0000  low=322 high=0  attempts=3  state=ON  metric=rpr
2026-10-07T17:03:21Z  OBSERVE  checkoutservice->paymentservice  rpr=0.0000  low=323 high=0  attempts=3  state=ON  metric=rpr
2026-10-07T17:03:21Z  OBSERVE  checkoutservice->shippingservice  rpr=0.0000  low=323 high=0  attempts=3  state=ON  metric=rpr
2026-10-07T17:03:21Z  OBSERVE  recommendationservice->productcatalogservice  rpr=0.0000  low=324 high=0  attempts=3  state=ON  metric=rpr
2026-10-07T17:03:21Z  OBSERVE  recommendationservice  rejection=0.2572  low=0 high=253  state=OFF  metric=rejection
2026-10-07T17:03:23Z  OBSERVE  frontend->adservice  rpr=0.0000  low=324 high=0  attempts=3  state=ON  metric=rpr
2026-10-07T17:03:23Z  OBSERVE  frontend->cartservice  rpr=0.0000  low=326 high=0  attempts=3  state=ON  metric=rpr
2026-10-07T17:03:23Z  OBSERVE  frontend->checkoutservice  rpr=0.0000  low=283 high=0  attempts=3  state=ON  metric=rpr
2026-10-07T17:03:23Z  OBSERVE  frontend->currencyservice  rpr=0.0000  low=326 high=0  attempts=3  state=ON  metric=rpr
2026-10-07T17:03:23Z  OBSERVE  frontend->productcatalogservice  rpr=0.0000  low=325 high=0  attempts=3  state=ON  metric=rpr
2026-10-07T17:03:23Z  OBSERVE  frontend->shippingservice  rpr=0.0000  low=325 high=0  attempts=3  state=ON  metric=rpr
2026-10-07T17:03:23Z  OBSERVE  checkoutservice->cartservice  rpr=0.0000  low=324 high=0  attempts=3  state=ON  metric=rpr
2026-10-07T17:03:23Z  OBSERVE  checkoutservice->currencyservice  rpr=0.0000  low=324 high=0  attempts=3  state=ON  metric=rpr
2026-10-07T17:03:23Z  OBSERVE  checkoutservice->emailservice  rpr=0.0000  low=323 high=0  attempts=3  state=ON  metric=rpr
2026-10-07T17:03:23Z  OBSERVE  checkoutservice->paymentservice  rpr=0.0000  low=324 high=0  attempts=3  state=ON  metric=rpr
2026-10-07T17:03:23Z  OBSERVE  checkoutservice->shippingservice  rpr=0.0000  low=324 high=0  attempts=3  state=ON  metric=rpr
2026-10-07T17:03:23Z  OBSERVE  recommendationservice->productcatalogservice  rpr=0.0000  low=325 high=0  attempts=3  state=ON  metric=rpr
2026-10-07T17:03:23Z  OBSERVE  recommendationservice  rejection=0.2122  low=0 high=254  state=OFF  metric=rejection
2026-10-07T17:03:25Z  OBSERVE  frontend->adservice  rpr=0.0000  low=325 high=0  attempts=3  state=ON  metric=rpr
2026-10-07T17:03:25Z  OBSERVE  frontend->cartservice  rpr=0.0000  low=327 high=0  attempts=3  state=ON  metric=rpr
2026-10-07T17:03:25Z  OBSERVE  frontend->checkoutservice  rpr=0.0000  low=284 high=0  attempts=3  state=ON  metric=rpr
2026-10-07T17:03:25Z  OBSERVE  frontend->currencyservice  rpr=0.0000  low=327 high=0  attempts=3  state=ON  metric=rpr
2026-10-07T17:03:25Z  OBSERVE  frontend->productcatalogservice  rpr=0.0000  low=326 high=0  attempts=3  state=ON  metric=rpr
2026-10-07T17:03:25Z  OBSERVE  frontend->shippingservice  rpr=0.0000  low=326 high=0  attempts=3  state=ON  metric=rpr
2026-10-07T17:03:25Z  OBSERVE  checkoutservice->cartservice  rpr=0.0000  low=325 high=0  attempts=3  state=ON  metric=rpr
2026-10-07T17:03:25Z  OBSERVE  checkoutservice->currencyservice  rpr=0.0000  low=325 high=0  attempts=3  state=ON  metric=rpr
2026-10-07T17:03:25Z  OBSERVE  checkoutservice->emailservice  rpr=0.0000  low=324 high=0  attempts=3  state=ON  metric=rpr
2026-10-07T17:03:25Z  OBSERVE  checkoutservice->paymentservice  rpr=0.0000  low=325 high=0  attempts=3  state=ON  metric=rpr
2026-10-07T17:03:25Z  OBSERVE  checkoutservice->shippingservice  rpr=0.0000  low=325 high=0  attempts=3  state=ON  metric=rpr
2026-10-07T17:03:25Z  OBSERVE  recommendationservice->productcatalogservice  rpr=0.0000  low=326 high=0  attempts=3  state=ON  metric=rpr
2026-10-07T17:03:25Z  OBSERVE  recommendationservice  rejection=0.1792  low=0 high=255  state=OFF  metric=rejection
2026-10-07T17:03:27Z  OBSERVE  frontend->adservice  rpr=0.0000  low=326 high=0  attempts=3  state=ON  metric=rpr
2026-10-07T17:03:27Z  OBSERVE  frontend->cartservice  rpr=0.0000  low=328 high=0  attempts=3  state=ON  metric=rpr
2026-10-07T17:03:27Z  OBSERVE  frontend->checkoutservice  rpr=0.0000  low=285 high=0  attempts=3  state=ON  metric=rpr
2026-10-07T17:03:27Z  OBSERVE  frontend->currencyservice  rpr=0.0000  low=328 high=0  attempts=3  state=ON  metric=rpr
2026-10-07T17:03:27Z  OBSERVE  frontend->productcatalogservice  rpr=0.0000  low=327 high=0  attempts=3  state=ON  metric=rpr
2026-10-07T17:03:27Z  OBSERVE  frontend->shippingservice  rpr=0.0000  low=327 high=0  attempts=3  state=ON  metric=rpr
2026-10-07T17:03:27Z  OBSERVE  checkoutservice->cartservice  rpr=0.0000  low=326 high=0  attempts=3  state=ON  metric=rpr
2026-10-07T17:03:27Z  OBSERVE  checkoutservice->currencyservice  rpr=0.0000  low=326 high=0  attempts=3  state=ON  metric=rpr
2026-10-07T17:03:27Z  OBSERVE  checkoutservice->emailservice  rpr=0.0000  low=325 high=0  attempts=3  state=ON  metric=rpr
2026-10-07T17:03:27Z  OBSERVE  checkoutservice->paymentservice  rpr=0.0000  low=326 high=0  attempts=3  state=ON  metric=rpr
2026-10-07T17:03:27Z  OBSERVE  checkoutservice->shippingservice  rpr=0.0000  low=326 high=0  attempts=3  state=ON  metric=rpr
2026-10-07T17:03:27Z  OBSERVE  recommendationservice->productcatalogservice  rpr=0.0000  low=327 high=0  attempts=3  state=ON  metric=rpr
2026-10-07T17:03:27Z  OBSERVE  recommendationservice  rejection=0.2305  low=0 high=256  state=OFF  metric=rejection
2026-10-07T17:03:29Z  OBSERVE  frontend->adservice  rpr=0.0000  low=327 high=0  attempts=3  state=ON  metric=rpr
2026-10-07T17:03:29Z  OBSERVE  frontend->cartservice  rpr=0.0000  low=329 high=0  attempts=3  state=ON  metric=rpr
2026-10-07T17:03:29Z  OBSERVE  frontend->checkoutservice  rpr=0.0000  low=286 high=0  attempts=3  state=ON  metric=rpr
2026-10-07T17:03:29Z  OBSERVE  frontend->currencyservice  rpr=0.0000  low=329 high=0  attempts=3  state=ON  metric=rpr
2026-10-07T17:03:29Z  OBSERVE  frontend->productcatalogservice  rpr=0.0000  low=328 high=0  attempts=3  state=ON  metric=rpr
2026-10-07T17:03:29Z  OBSERVE  frontend->shippingservice  rpr=0.0000  low=328 high=0  attempts=3  state=ON  metric=rpr
2026-10-07T17:03:29Z  OBSERVE  checkoutservice->cartservice  rpr=0.0000  low=327 high=0  attempts=3  state=ON  metric=rpr
2026-10-07T17:03:29Z  OBSERVE  checkoutservice->currencyservice  rpr=0.0000  low=327 high=0  attempts=3  state=ON  metric=rpr
2026-10-07T17:03:29Z  OBSERVE  checkoutservice->emailservice  rpr=0.0000  low=326 high=0  attempts=3  state=ON  metric=rpr
2026-10-07T17:03:29Z  OBSERVE  checkoutservice->paymentservice  rpr=0.0000  low=327 high=0  attempts=3  state=ON  metric=rpr
2026-10-07T17:03:29Z  OBSERVE  checkoutservice->shippingservice  rpr=0.0000  low=327 high=0  attempts=3  state=ON  metric=rpr
2026-10-07T17:03:29Z  OBSERVE  recommendationservice->productcatalogservice  rpr=0.0000  low=328 high=0  attempts=3  state=ON  metric=rpr
2026-10-07T17:03:29Z  OBSERVE  recommendationservice  rejection=0.1915  low=0 high=257  state=OFF  metric=rejection
2026-10-07T17:03:31Z  OBSERVE  frontend->adservice  rpr=0.0000  low=328 high=0  attempts=3  state=ON  metric=rpr
2026-10-07T17:03:31Z  OBSERVE  frontend->cartservice  rpr=0.0000  low=330 high=0  attempts=3  state=ON  metric=rpr
2026-10-07T17:03:31Z  OBSERVE  frontend->checkoutservice  rpr=0.0000  low=287 high=0  attempts=3  state=ON  metric=rpr
2026-10-07T17:03:31Z  OBSERVE  frontend->currencyservice  rpr=0.0000  low=330 high=0  attempts=3  state=ON  metric=rpr
2026-10-07T17:03:31Z  OBSERVE  frontend->productcatalogservice  rpr=0.0000  low=329 high=0  attempts=3  state=ON  metric=rpr
2026-10-07T17:03:31Z  OBSERVE  frontend->shippingservice  rpr=0.0000  low=329 high=0  attempts=3  state=ON  metric=rpr
2026-10-07T17:03:31Z  OBSERVE  checkoutservice->cartservice  rpr=0.0000  low=328 high=0  attempts=3  state=ON  metric=rpr
2026-10-07T17:03:31Z  OBSERVE  checkoutservice->currencyservice  rpr=0.0000  low=328 high=0  attempts=3  state=ON  metric=rpr
2026-10-07T17:03:31Z  OBSERVE  checkoutservice->emailservice  rpr=0.0000  low=327 high=0  attempts=3  state=ON  metric=rpr
2026-10-07T17:03:31Z  OBSERVE  checkoutservice->paymentservice  rpr=0.0000  low=328 high=0  attempts=3  state=ON  metric=rpr
2026-10-07T17:03:31Z  OBSERVE  checkoutservice->shippingservice  rpr=0.0000  low=328 high=0  attempts=3  state=ON  metric=rpr
2026-10-07T17:03:31Z  OBSERVE  recommendationservice->productcatalogservice  rpr=0.0000  low=329 high=0  attempts=3  state=ON  metric=rpr
2026-10-07T17:03:31Z  OBSERVE  recommendationservice  rejection=0.2073  low=0 high=258  state=OFF  metric=rejection
2026-10-07T17:03:33Z  OBSERVE  frontend->adservice  rpr=0.0000  low=329 high=0  attempts=3  state=ON  metric=rpr
2026-10-07T17:03:33Z  OBSERVE  frontend->cartservice  rpr=0.0000  low=331 high=0  attempts=3  state=ON  metric=rpr
2026-10-07T17:03:33Z  OBSERVE  frontend->checkoutservice  rpr=0.0000  low=288 high=0  attempts=3  state=ON  metric=rpr
2026-10-07T17:03:33Z  OBSERVE  frontend->currencyservice  rpr=0.0000  low=331 high=0  attempts=3  state=ON  metric=rpr
2026-10-07T17:03:33Z  OBSERVE  frontend->productcatalogservice  rpr=0.0000  low=330 high=0  attempts=3  state=ON  metric=rpr
2026-10-07T17:03:33Z  OBSERVE  frontend->shippingservice  rpr=0.0000  low=330 high=0  attempts=3  state=ON  metric=rpr
2026-10-07T17:03:33Z  OBSERVE  checkoutservice->cartservice  rpr=0.0000  low=329 high=0  attempts=3  state=ON  metric=rpr
2026-10-07T17:03:33Z  OBSERVE  checkoutservice->currencyservice  rpr=0.0000  low=329 high=0  attempts=3  state=ON  metric=rpr
2026-10-07T17:03:33Z  OBSERVE  checkoutservice->emailservice  rpr=0.0000  low=328 high=0  attempts=3  state=ON  metric=rpr
2026-10-07T17:03:33Z  OBSERVE  checkoutservice->paymentservice  rpr=0.0000  low=329 high=0  attempts=3  state=ON  metric=rpr
2026-10-07T17:03:33Z  OBSERVE  checkoutservice->shippingservice  rpr=0.0000  low=329 high=0  attempts=3  state=ON  metric=rpr
2026-10-07T17:03:33Z  OBSERVE  recommendationservice->productcatalogservice  rpr=0.0000  low=330 high=0  attempts=3  state=ON  metric=rpr
2026-10-07T17:03:33Z  OBSERVE  recommendationservice  rejection=0.2456  low=0 high=259  state=OFF  metric=rejection
2026-10-07T17:03:35Z  OBSERVE  frontend->adservice  rpr=0.0000  low=330 high=0  attempts=3  state=ON  metric=rpr
2026-10-07T17:03:35Z  OBSERVE  frontend->cartservice  rpr=0.0000  low=332 high=0  attempts=3  state=ON  metric=rpr
2026-10-07T17:03:35Z  OBSERVE  frontend->checkoutservice  rpr=0.0000  low=289 high=0  attempts=3  state=ON  metric=rpr
2026-10-07T17:03:35Z  OBSERVE  frontend->currencyservice  rpr=0.0000  low=332 high=0  attempts=3  state=ON  metric=rpr
2026-10-07T17:03:35Z  OBSERVE  frontend->productcatalogservice  rpr=0.0000  low=331 high=0  attempts=3  state=ON  metric=rpr
2026-10-07T17:03:35Z  OBSERVE  frontend->shippingservice  rpr=0.0000  low=331 high=0  attempts=3  state=ON  metric=rpr
2026-10-07T17:03:35Z  OBSERVE  checkoutservice->cartservice  rpr=0.0000  low=330 high=0  attempts=3  state=ON  metric=rpr
2026-10-07T17:03:35Z  OBSERVE  checkoutservice->currencyservice  rpr=0.0000  low=330 high=0  attempts=3  state=ON  metric=rpr
2026-10-07T17:03:35Z  OBSERVE  checkoutservice->emailservice  rpr=0.0000  low=329 high=0  attempts=3  state=ON  metric=rpr
2026-10-07T17:03:35Z  OBSERVE  checkoutservice->paymentservice  rpr=0.0000  low=330 high=0  attempts=3  state=ON  metric=rpr
2026-10-07T17:03:35Z  OBSERVE  checkoutservice->shippingservice  rpr=0.0000  low=330 high=0  attempts=3  state=ON  metric=rpr
2026-10-07T17:03:35Z  OBSERVE  recommendationservice->productcatalogservice  rpr=0.0000  low=331 high=0  attempts=3  state=ON  metric=rpr
2026-10-07T17:03:35Z  OBSERVE  recommendationservice  rejection=0.2823  low=0 high=260  state=OFF  metric=rejection
2026-10-07T17:03:37Z  OBSERVE  frontend->adservice  rpr=0.0000  low=331 high=0  attempts=3  state=ON  metric=rpr
2026-10-07T17:03:37Z  OBSERVE  frontend->cartservice  rpr=0.0000  low=333 high=0  attempts=3  state=ON  metric=rpr
2026-10-07T17:03:37Z  OBSERVE  frontend->checkoutservice  rpr=0.0000  low=290 high=0  attempts=3  state=ON  metric=rpr
2026-10-07T17:03:37Z  OBSERVE  frontend->currencyservice  rpr=0.0000  low=333 high=0  attempts=3  state=ON  metric=rpr
2026-10-07T17:03:37Z  OBSERVE  frontend->productcatalogservice  rpr=0.0000  low=332 high=0  attempts=3  state=ON  metric=rpr
2026-10-07T17:03:37Z  OBSERVE  frontend->shippingservice  rpr=0.0000  low=332 high=0  attempts=3  state=ON  metric=rpr
2026-10-07T17:03:37Z  OBSERVE  checkoutservice->cartservice  rpr=0.0000  low=331 high=0  attempts=3  state=ON  metric=rpr
2026-10-07T17:03:37Z  OBSERVE  checkoutservice->currencyservice  rpr=0.0000  low=331 high=0  attempts=3  state=ON  metric=rpr
2026-10-07T17:03:37Z  OBSERVE  checkoutservice->emailservice  rpr=0.0000  low=330 high=0  attempts=3  state=ON  metric=rpr
2026-10-07T17:03:37Z  OBSERVE  checkoutservice->paymentservice  rpr=0.0000  low=331 high=0  attempts=3  state=ON  metric=rpr
2026-10-07T17:03:37Z  OBSERVE  checkoutservice->shippingservice  rpr=0.0000  low=331 high=0  attempts=3  state=ON  metric=rpr
2026-10-07T17:03:37Z  OBSERVE  recommendationservice->productcatalogservice  rpr=0.0000  low=332 high=0  attempts=3  state=ON  metric=rpr
2026-10-07T17:03:37Z  OBSERVE  recommendationservice  rejection=0.1877  low=0 high=261  state=OFF  metric=rejection
2026-10-07T17:03:39Z  OBSERVE  frontend->adservice  rpr=0.0000  low=332 high=0  attempts=3  state=ON  metric=rpr
2026-10-07T17:03:39Z  OBSERVE  frontend->cartservice  rpr=0.0000  low=334 high=0  attempts=3  state=ON  metric=rpr
2026-10-07T17:03:39Z  OBSERVE  frontend->checkoutservice  rpr=0.0000  low=291 high=0  attempts=3  state=ON  metric=rpr
2026-10-07T17:03:39Z  OBSERVE  frontend->currencyservice  rpr=0.0000  low=334 high=0  attempts=3  state=ON  metric=rpr
2026-10-07T17:03:39Z  OBSERVE  frontend->productcatalogservice  rpr=0.0000  low=333 high=0  attempts=3  state=ON  metric=rpr
2026-10-07T17:03:39Z  OBSERVE  frontend->shippingservice  rpr=0.0000  low=333 high=0  attempts=3  state=ON  metric=rpr
2026-10-07T17:03:39Z  OBSERVE  checkoutservice->cartservice  rpr=0.0000  low=332 high=0  attempts=3  state=ON  metric=rpr
2026-10-07T17:03:39Z  OBSERVE  checkoutservice->currencyservice  rpr=0.0000  low=332 high=0  attempts=3  state=ON  metric=rpr
2026-10-07T17:03:39Z  OBSERVE  checkoutservice->emailservice  rpr=0.0000  low=331 high=0  attempts=3  state=ON  metric=rpr
2026-10-07T17:03:39Z  OBSERVE  checkoutservice->paymentservice  rpr=0.0000  low=332 high=0  attempts=3  state=ON  metric=rpr
2026-10-07T17:03:39Z  OBSERVE  checkoutservice->shippingservice  rpr=0.0000  low=332 high=0  attempts=3  state=ON  metric=rpr
2026-10-07T17:03:39Z  OBSERVE  recommendationservice->productcatalogservice  rpr=0.0000  low=333 high=0  attempts=3  state=ON  metric=rpr
2026-10-07T17:03:39Z  OBSERVE  recommendationservice  rejection=0.6941  low=0 high=262  state=OFF  metric=rejection
2026-10-07T17:03:39Z  SHUTDOWN  signal=15
2026-10-07T17:03:40Z  EXIT
