timestamp,service,cadvisor_cpu,quota,alpha,utilization,overloaded
2026-09-22T23:35:35Z,frontend,516.0,1150,0.8,0.44869565217391305,0
2026-09-22T23:35:35Z,cartservice,329.0,1920,0.95,0.17135416666666667,0
2026-09-22T23:35:35Z,checkoutservice,343.0,615,0.8,0.5577235772357724,0
2026-09-22T23:35:35Z,productcatalogservice,227.0,1535,0.95,0.14788273615635178,0
2026-09-22T23:35:35Z,paymentservice,20.0,155,0.8,0.12903225806451613,0
2026-09-22T23:35:35Z,recommendationservice,273.0,1150,0.8,0.2373913043478261,0
2026-09-22T23:35:35Z,shippingservice,55.0,770,0.8,0.07142857142857142,0
2026-09-22T23:35:35Z,currencyservice,137.0,770,0.8,0.17792207792207793,0
2026-09-22T23:35:35Z,emailservice,57.0,155,0.8,0.36774193548387096,0
2026-09-22T23:35:35Z,adservice,43.0,1150,0.8,0.03739130434782609,0
2026-09-22T23:35:35Z,redis-cart,22.0,540,0.8,0.040740740740740744,0
2026-09-22T23:35:36Z,frontend,515.0,1150,0.8,0.44782608695652176,0
2026-09-22T23:35:36Z,cartservice,293.0,1920,0.95,0.15260416666666668,0
2026-09-22T23:35:36Z,checkoutservice,343.0,615,0.8,0.5577235772357724,0
2026-09-22T23:35:36Z,productcatalogservice,196.0,1535,0.95,0.1276872964169381,0
2026-09-22T23:35:36Z,paymentservice,14.0,155,0.8,0.09032258064516129,0
2026-09-22T23:35:36Z,recommendationservice,211.0,1150,0.8,0.18347826086956523,0
2026-09-22T23:35:36Z,shippingservice,55.0,770,0.8,0.07142857142857142,0
2026-09-22T23:35:36Z,currencyservice,137.0,770,0.8,0.17792207792207793,0
2026-09-22T23:35:36Z,emailservice,57.0,155,0.8,0.36774193548387096,0
2026-09-22T23:35:36Z,adservice,38.0,1150,0.8,0.03304347826086956,0
2026-09-22T23:35:36Z,redis-cart,20.0,540,0.8,0.037037037037037035,0
2026-09-22T23:35:37Z,frontend,541.0,1150,0.8,0.47043478260869565,0
2026-09-22T23:35:37Z,cartservice,293.0,1920,0.95,0.15260416666666668,0
2026-09-22T23:35:37Z,checkoutservice,317.0,615,0.8,0.5154471544715448,0
2026-09-22T23:35:37Z,productcatalogservice,202.0,1535,0.95,0.13159609120521173,0
2026-09-22T23:35:37Z,paymentservice,17.0,155,0.8,0.10967741935483871,0
2026-09-22T23:35:37Z,recommendationservice,211.0,1150,0.8,0.18347826086956523,0
2026-09-22T23:35:37Z,shippingservice,93.0,770,0.8,0.12077922077922078,0
2026-09-22T23:35:37Z,currencyservice,137.0,770,0.8,0.17792207792207793,0
2026-09-22T23:35:37Z,emailservice,32.0,155,0.8,0.2064516129032258,0
2026-09-22T23:35:37Z,adservice,47.0,1150,0.8,0.0408695652173913,0
2026-09-22T23:35:37Z,redis-cart,23.0,540,0.8,0.04259259259259259,0
2026-09-22T23:35:38Z,frontend,541.0,1150,0.8,0.47043478260869565,0
2026-09-22T23:35:38Z,cartservice,293.0,1920,0.95,0.15260416666666668,0
2026-09-22T23:35:38Z,checkoutservice,322.0,615,0.8,0.5235772357723577,0
2026-09-22T23:35:38Z,productcatalogservice,202.0,1535,0.95,0.13159609120521173,0
2026-09-22T23:35:38Z,paymentservice,17.0,155,0.8,0.10967741935483871,0
2026-09-22T23:35:38Z,recommendationservice,282.0,1150,0.8,0.24521739130434783,0
2026-09-22T23:35:38Z,shippingservice,58.0,770,0.8,0.07532467532467532,0
2026-09-22T23:35:38Z,currencyservice,147.0,770,0.8,0.19090909090909092,0
2026-09-22T23:35:38Z,emailservice,53.0,155,0.8,0.3419354838709677,0
2026-09-22T23:35:38Z,adservice,43.0,1150,0.8,0.03739130434782609,0
2026-09-22T23:35:38Z,redis-cart,23.0,540,0.8,0.04259259259259259,0
2026-09-22T23:35:39Z,frontend,545.0,1150,0.8,0.47391304347826085,0
2026-09-22T23:35:39Z,cartservice,293.0,1920,0.95,0.15260416666666668,0
2026-09-22T23:35:39Z,checkoutservice,291.0,615,0.8,0.47317073170731705,0
2026-09-22T23:35:39Z,productcatalogservice,243.0,1535,0.95,0.15830618892508144,0
2026-09-22T23:35:39Z,paymentservice,13.0,155,0.8,0.08387096774193549,0
2026-09-22T23:35:39Z,recommendationservice,257.0,1150,0.8,0.2234782608695652,0
2026-09-22T23:35:39Z,shippingservice,58.0,770,0.8,0.07532467532467532,0
2026-09-22T23:35:39Z,currencyservice,164.0,770,0.8,0.21298701298701297,0
2026-09-22T23:35:39Z,emailservice,53.0,155,0.8,0.3419354838709677,0
2026-09-22T23:35:39Z,adservice,43.0,1150,0.8,0.03739130434782609,0
2026-09-22T23:35:39Z,redis-cart,25.0,540,0.8,0.046296296296296294,0
2026-09-22T23:35:40Z,frontend,545.0,1150,0.8,0.47391304347826085,0
2026-09-22T23:35:40Z,cartservice,266.0,1920,0.95,0.13854166666666667,0
2026-09-22T23:35:40Z,checkoutservice,291.0,615,0.8,0.47317073170731705,0
2026-09-22T23:35:40Z,productcatalogservice,217.0,1535,0.95,0.14136807817589578,0
2026-09-22T23:35:40Z,paymentservice,17.0,155,0.8,0.10967741935483871,0
2026-09-22T23:35:40Z,recommendationservice,257.0,1150,0.8,0.2234782608695652,0
2026-09-22T23:35:40Z,shippingservice,50.0,770,0.8,0.06493506493506493,0
2026-09-22T23:35:40Z,currencyservice,164.0,770,0.8,0.21298701298701297,0
2026-09-22T23:35:40Z,emailservice,45.0,155,0.8,0.2903225806451613,0
2026-09-22T23:35:40Z,adservice,53.0,1150,0.8,0.04608695652173913,0
2026-09-22T23:35:40Z,redis-cart,25.0,540,0.8,0.046296296296296294,0
2026-09-22T23:35:41Z,frontend,560.0,1150,0.8,0.48695652173913045,0
2026-09-22T23:35:41Z,cartservice,254.0,1920,0.95,0.13229166666666667,0
2026-09-22T23:35:41Z,checkoutservice,368.0,615,0.8,0.5983739837398374,0
2026-09-22T23:35:41Z,productcatalogservice,217.0,1535,0.95,0.14136807817589578,0
2026-09-22T23:35:41Z,paymentservice,17.0,155,0.8,0.10967741935483871,0
2026-09-22T23:35:41Z,recommendationservice,230.0,1150,0.8,0.2,0
2026-09-22T23:35:41Z,shippingservice,74.0,770,0.8,0.09610389610389611,0
2026-09-22T23:35:41Z,currencyservice,172.0,770,0.8,0.22337662337662337,0
2026-09-22T23:35:41Z,emailservice,45.0,155,0.8,0.2903225806451613,0
2026-09-22T23:35:41Z,adservice,53.0,1150,0.8,0.04608695652173913,0
2026-09-22T23:35:41Z,redis-cart,25.0,540,0.8,0.046296296296296294,0
2026-09-22T23:35:42Z,frontend,531.0,1150,0.8,0.4617391304347826,0
2026-09-22T23:35:42Z,cartservice,254.0,1920,0.95,0.13229166666666667,0
2026-09-22T23:35:42Z,checkoutservice,290.0,615,0.8,0.4715447154471545,0
2026-09-22T23:35:42Z,productcatalogservice,243.0,1535,0.95,0.15830618892508144,0
2026-09-22T23:35:42Z,paymentservice,14.0,155,0.8,0.09032258064516129,0
2026-09-22T23:35:42Z,recommendationservice,360.0,1150,0.8,0.3130434782608696,0
2026-09-22T23:35:42Z,shippingservice,74.0,770,0.8,0.09610389610389611,0
2026-09-22T23:35:42Z,currencyservice,172.0,770,0.8,0.22337662337662337,0
2026-09-22T23:35:42Z,emailservice,56.0,155,0.8,0.36129032258064514,0
2026-09-22T23:35:42Z,adservice,59.0,1150,0.8,0.051304347826086956,0
2026-09-22T23:35:42Z,redis-cart,22.0,540,0.8,0.040740740740740744,0
2026-09-22T23:35:43Z,frontend,531.0,1150,0.8,0.4617391304347826,0
2026-09-22T23:35:43Z,cartservice,225.0,1920,0.95,0.1171875,0
2026-09-22T23:35:43Z,checkoutservice,290.0,615,0.8,0.4715447154471545,0
2026-09-22T23:35:43Z,productcatalogservice,243.0,1535,0.95,0.15830618892508144,0
2026-09-22T23:35:43Z,paymentservice,38.0,155,0.8,0.24516129032258063,0
2026-09-22T23:35:43Z,recommendationservice,242.0,1150,0.8,0.21043478260869566,0
2026-09-22T23:35:43Z,shippingservice,63.0,770,0.8,0.08181818181818182,0
2026-09-22T23:35:43Z,currencyservice,154.0,770,0.8,0.2,0
2026-09-22T23:35:43Z,emailservice,36.0,155,0.8,0.23225806451612904,0
2026-09-22T23:35:43Z,adservice,47.0,1150,0.8,0.0408695652173913,0
2026-09-22T23:35:43Z,redis-cart,22.0,540,0.8,0.040740740740740744,0
2026-09-22T23:35:44Z,frontend,485.0,1150,0.8,0.4217391304347826,0
2026-09-22T23:35:44Z,cartservice,292.0,1920,0.95,0.15208333333333332,0
2026-09-22T23:35:44Z,checkoutservice,324.0,615,0.8,0.526829268292683,0
2026-09-22T23:35:44Z,productcatalogservice,202.0,1535,0.95,0.13159609120521173,0
2026-09-22T23:35:44Z,paymentservice,38.0,155,0.8,0.24516129032258063,0
2026-09-22T23:35:44Z,recommendationservice,242.0,1150,0.8,0.21043478260869566,0
2026-09-22T23:35:44Z,shippingservice,63.0,770,0.8,0.08181818181818182,0
2026-09-22T23:35:44Z,currencyservice,183.0,770,0.8,0.23766233766233766,0
2026-09-22T23:35:44Z,emailservice,36.0,155,0.8,0.23225806451612904,0
2026-09-22T23:35:44Z,adservice,39.0,1150,0.8,0.03391304347826087,0
2026-09-22T23:35:44Z,redis-cart,22.0,540,0.8,0.040740740740740744,0
2026-09-22T23:35:45Z,frontend,585.0,1150,0.8,0.508695652173913,0
2026-09-22T23:35:45Z,cartservice,276.0,1920,0.95,0.14375,0
2026-09-22T23:35:45Z,checkoutservice,324.0,615,0.8,0.526829268292683,0
2026-09-22T23:35:45Z,productcatalogservice,202.0,1535,0.95,0.13159609120521173,0
2026-09-22T23:35:45Z,paymentservice,28.0,155,0.8,0.18064516129032257,0
2026-09-22T23:35:45Z,recommendationservice,248.0,1150,0.8,0.21565217391304348,0
2026-09-22T23:35:45Z,shippingservice,63.0,770,0.8,0.08181818181818182,0
2026-09-22T23:35:45Z,currencyservice,183.0,770,0.8,0.23766233766233766,0
2026-09-22T23:35:45Z,emailservice,49.0,155,0.8,0.3161290322580645,0
2026-09-22T23:35:45Z,adservice,39.0,1150,0.8,0.03391304347826087,0
2026-09-22T23:35:45Z,redis-cart,26.0,540,0.8,0.04814814814814815,0
2026-09-22T23:35:46Z,frontend,585.0,1150,0.8,0.508695652173913,0
2026-09-22T23:35:46Z,cartservice,276.0,1920,0.95,0.14375,0
2026-09-22T23:35:46Z,checkoutservice,371.0,615,0.8,0.6032520325203252,0
2026-09-22T23:35:46Z,productcatalogservice,236.0,1535,0.95,0.15374592833876222,0
2026-09-22T23:35:46Z,paymentservice,28.0,155,0.8,0.18064516129032257,0
2026-09-22T23:35:46Z,recommendationservice,294.0,1150,0.8,0.25565217391304346,0
2026-09-22T23:35:46Z,shippingservice,106.0,770,0.8,0.13766233766233765,0
2026-09-22T23:35:46Z,currencyservice,136.0,770,0.8,0.17662337662337663,0
2026-09-22T23:35:46Z,emailservice,49.0,155,0.8,0.3161290322580645,0
2026-09-22T23:35:46Z,adservice,46.0,1150,0.8,0.04,0
2026-09-22T23:35:46Z,redis-cart,26.0,540,0.8,0.04814814814814815,0
2026-09-22T23:35:47Z,frontend,531.0,1150,0.8,0.4617391304347826,0
2026-09-22T23:35:47Z,cartservice,282.0,1920,0.95,0.146875,0
2026-09-22T23:35:47Z,checkoutservice,371.0,615,0.8,0.6032520325203252,0
2026-09-22T23:35:47Z,productcatalogservice,216.0,1535,0.95,0.14071661237785016,0
2026-09-22T23:35:47Z,paymentservice,17.0,155,0.8,0.10967741935483871,0
2026-09-22T23:35:47Z,recommendationservice,294.0,1150,0.8,0.25565217391304346,0
2026-09-22T23:35:47Z,shippingservice,51.0,770,0.8,0.06623376623376623,0
2026-09-22T23:35:47Z,currencyservice,148.0,770,0.8,0.19220779220779222,0
2026-09-22T23:35:47Z,emailservice,57.0,155,0.8,0.36774193548387096,0
2026-09-22T23:35:47Z,adservice,44.0,1150,0.8,0.03826086956521739,0
2026-09-22T23:35:47Z,redis-cart,23.0,540,0.8,0.04259259259259259,0
2026-09-22T23:35:48Z,frontend,531.0,1150,0.8,0.4617391304347826,0
2026-09-22T23:35:48Z,cartservice,245.0,1920,0.95,0.12760416666666666,0
2026-09-22T23:35:48Z,checkoutservice,345.0,615,0.8,0.5609756097560976,0
2026-09-22T23:35:48Z,productcatalogservice,216.0,1535,0.95,0.14071661237785016,0
2026-09-22T23:35:48Z,paymentservice,13.0,155,0.8,0.08387096774193549,0
2026-09-22T23:35:48Z,recommendationservice,274.0,1150,0.8,0.2382608695652174,0
2026-09-22T23:35:48Z,shippingservice,60.0,770,0.8,0.07792207792207792,0
2026-09-22T23:35:48Z,currencyservice,148.0,770,0.8,0.19220779220779222,0
2026-09-22T23:35:48Z,emailservice,39.0,155,0.8,0.25161290322580643,0
2026-09-22T23:35:48Z,adservice,44.0,1150,0.8,0.03826086956521739,0
2026-09-22T23:35:48Z,redis-cart,23.0,540,0.8,0.04259259259259259,0
2026-09-22T23:35:49Z,frontend,495.0,1150,0.8,0.43043478260869567,0
2026-09-22T23:35:49Z,cartservice,245.0,1920,0.95,0.12760416666666666,0
2026-09-22T23:35:49Z,checkoutservice,301.0,615,0.8,0.4894308943089431,0
2026-09-22T23:35:49Z,productcatalogservice,231.0,1535,0.95,0.1504885993485342,0
2026-09-22T23:35:49Z,paymentservice,16.0,155,0.8,0.1032258064516129,0
2026-09-22T23:35:49Z,recommendationservice,266.0,1150,0.8,0.23130434782608697,0
2026-09-22T23:35:49Z,shippingservice,60.0,770,0.8,0.07792207792207792,0
2026-09-22T23:35:49Z,currencyservice,152.0,770,0.8,0.1974025974025974,0
2026-09-22T23:35:49Z,emailservice,39.0,155,0.8,0.25161290322580643,0
2026-09-22T23:35:49Z,adservice,41.0,1150,0.8,0.035652173913043476,0
2026-09-22T23:35:49Z,redis-cart,22.0,540,0.8,0.040740740740740744,0
2026-09-22T23:35:50Z,frontend,577.0,1150,0.8,0.5017391304347826,0
2026-09-22T23:35:50Z,cartservice,315.0,1920,0.95,0.1640625,0
2026-09-22T23:35:50Z,checkoutservice,301.0,615,0.8,0.4894308943089431,0
2026-09-22T23:35:50Z,productcatalogservice,234.0,1535,0.95,0.152442996742671,0
2026-09-22T23:35:50Z,paymentservice,16.0,155,0.8,0.1032258064516129,0
2026-09-22T23:35:50Z,recommendationservice,266.0,1150,0.8,0.23130434782608697,0
2026-09-22T23:35:50Z,shippingservice,71.0,770,0.8,0.09220779220779221,0
2026-09-22T23:35:50Z,currencyservice,152.0,770,0.8,0.1974025974025974,0
2026-09-22T23:35:50Z,emailservice,49.0,155,0.8,0.3161290322580645,0
2026-09-22T23:35:50Z,adservice,42.0,1150,0.8,0.036521739130434785,0
2026-09-22T23:35:50Z,redis-cart,30.0,540,0.8,0.05555555555555555,0
2026-09-22T23:35:51Z,frontend,577.0,1150,0.8,0.5017391304347826,0
2026-09-22T23:35:51Z,cartservice,315.0,1920,0.95,0.1640625,0
2026-09-22T23:35:51Z,checkoutservice,315.0,615,0.8,0.5121951219512195,0
2026-09-22T23:35:51Z,productcatalogservice,234.0,1535,0.95,0.152442996742671,0
2026-09-22T23:35:51Z,paymentservice,16.0,155,0.8,0.1032258064516129,0
2026-09-22T23:35:51Z,recommendationservice,242.0,1150,0.8,0.21043478260869566,0
2026-09-22T23:35:51Z,shippingservice,73.0,770,0.8,0.09480519480519481,0
2026-09-22T23:35:51Z,currencyservice,152.0,770,0.8,0.1974025974025974,0
2026-09-22T23:35:51Z,emailservice,32.0,155,0.8,0.2064516129032258,0
2026-09-22T23:35:51Z,adservice,42.0,1150,0.8,0.036521739130434785,0
2026-09-22T23:35:51Z,redis-cart,24.0,540,0.8,0.044444444444444446,0
2026-09-22T23:35:52Z,frontend,558.0,1150,0.8,0.4852173913043478,0
2026-09-22T23:35:52Z,cartservice,261.0,1920,0.95,0.1359375,0
2026-09-22T23:35:52Z,checkoutservice,323.0,615,0.8,0.5252032520325203,0
2026-09-22T23:35:52Z,productcatalogservice,224.0,1535,0.95,0.14592833876221498,0
2026-09-22T23:35:52Z,paymentservice,16.0,155,0.8,0.1032258064516129,0
2026-09-22T23:35:52Z,recommendationservice,290.0,1150,0.8,0.25217391304347825,0
2026-09-22T23:35:52Z,shippingservice,73.0,770,0.8,0.09480519480519481,0
2026-09-22T23:35:52Z,currencyservice,158.0,770,0.8,0.2051948051948052,0
2026-09-22T23:35:52Z,emailservice,32.0,155,0.8,0.2064516129032258,0
2026-09-22T23:35:52Z,adservice,40.0,1150,0.8,0.034782608695652174,0
2026-09-22T23:35:52Z,redis-cart,25.0,540,0.8,0.046296296296296294,0
2026-09-22T23:35:53Z,frontend,558.0,1150,0.8,0.4852173913043478,0
2026-09-22T23:35:53Z,cartservice,261.0,1920,0.95,0.1359375,0
2026-09-22T23:35:53Z,checkoutservice,406.0,615,0.8,0.6601626016260163,0
2026-09-22T23:35:53Z,productcatalogservice,224.0,1535,0.95,0.14592833876221498,0
2026-09-22T23:35:53Z,paymentservice,34.0,155,0.8,0.21935483870967742,0
2026-09-22T23:35:53Z,recommendationservice,240.0,1150,0.8,0.20869565217391303,0
2026-09-22T23:35:53Z,shippingservice,58.0,770,0.8,0.07532467532467532,0
2026-09-22T23:35:53Z,currencyservice,167.0,770,0.8,0.21688311688311687,0
2026-09-22T23:35:53Z,emailservice,53.0,155,0.8,0.3419354838709677,0
2026-09-22T23:35:53Z,adservice,44.0,1150,0.8,0.03826086956521739,0
2026-09-22T23:35:53Z,redis-cart,25.0,540,0.8,0.046296296296296294,0
2026-09-22T23:35:54Z,frontend,489.0,1150,0.8,0.4252173913043478,0
2026-09-22T23:35:54Z,cartservice,291.0,1920,0.95,0.1515625,0
2026-09-22T23:35:54Z,checkoutservice,406.0,615,0.8,0.6601626016260163,0
2026-09-22T23:35:54Z,productcatalogservice,203.0,1535,0.95,0.13224755700325733,0
2026-09-22T23:35:54Z,paymentservice,29.0,155,0.8,0.1870967741935484,0
2026-09-22T23:35:54Z,recommendationservice,300.0,1150,0.8,0.2608695652173913,0
2026-09-22T23:35:54Z,shippingservice,60.0,770,0.8,0.07792207792207792,0
2026-09-22T23:35:54Z,currencyservice,146.0,770,0.8,0.18961038961038962,0
2026-09-22T23:35:54Z,emailservice,50.0,155,0.8,0.3225806451612903,0
2026-09-22T23:35:54Z,adservice,65.0,1150,0.8,0.05652173913043478,0
2026-09-22T23:35:54Z,redis-cart,24.0,540,0.8,0.044444444444444446,0
2026-09-22T23:35:55Z,frontend,563.0,1150,0.8,0.4895652173913044,0
2026-09-22T23:35:55Z,cartservice,289.0,1920,0.95,0.15052083333333333,0
2026-09-22T23:35:55Z,checkoutservice,288.0,615,0.8,0.4682926829268293,0
2026-09-22T23:35:55Z,productcatalogservice,249.0,1535,0.95,0.16221498371335505,0
2026-09-22T23:35:55Z,paymentservice,29.0,155,0.8,0.1870967741935484,0
2026-09-22T23:35:55Z,recommendationservice,300.0,1150,0.8,0.2608695652173913,0
2026-09-22T23:35:55Z,shippingservice,60.0,770,0.8,0.07792207792207792,0
2026-09-22T23:35:55Z,currencyservice,146.0,770,0.8,0.18961038961038962,0
2026-09-22T23:35:55Z,emailservice,50.0,155,0.8,0.3225806451612903,0
2026-09-22T23:35:55Z,adservice,65.0,1150,0.8,0.05652173913043478,0
2026-09-22T23:35:55Z,redis-cart,26.0,540,0.8,0.04814814814814815,0
2026-09-22T23:35:56Z,frontend,563.0,1150,0.8,0.4895652173913044,0
2026-09-22T23:35:56Z,cartservice,289.0,1920,0.95,0.15052083333333333,0
2026-09-22T23:35:56Z,checkoutservice,288.0,615,0.8,0.4682926829268293,0
2026-09-22T23:35:56Z,productcatalogservice,249.0,1535,0.95,0.16221498371335505,0
2026-09-22T23:35:56Z,paymentservice,21.0,155,0.8,0.13548387096774195,0
2026-09-22T23:35:56Z,recommendationservice,267.0,1150,0.8,0.23217391304347826,0
2026-09-22T23:35:56Z,shippingservice,70.0,770,0.8,0.09090909090909091,0
2026-09-22T23:35:56Z,currencyservice,148.0,770,0.8,0.19220779220779222,0
2026-09-22T23:35:56Z,emailservice,33.0,155,0.8,0.2129032258064516,0
2026-09-22T23:35:56Z,adservice,56.0,1150,0.8,0.04869565217391304,0
2026-09-22T23:35:56Z,redis-cart,23.0,540,0.8,0.04259259259259259,0
2026-09-22T23:35:57Z,frontend,533.0,1150,0.8,0.46347826086956523,0
2026-09-22T23:35:57Z,cartservice,289.0,1920,0.95,0.15052083333333333,0
2026-09-22T23:35:57Z,checkoutservice,390.0,615,0.8,0.6341463414634146,0
2026-09-22T23:35:57Z,productcatalogservice,210.0,1535,0.95,0.13680781758957655,0
2026-09-22T23:35:57Z,paymentservice,14.0,155,0.8,0.09032258064516129,0
2026-09-22T23:35:57Z,recommendationservice,267.0,1150,0.8,0.23217391304347826,0
2026-09-22T23:35:57Z,shippingservice,67.0,770,0.8,0.08701298701298701,0
2026-09-22T23:35:57Z,currencyservice,140.0,770,0.8,0.18181818181818182,0
2026-09-22T23:35:57Z,emailservice,33.0,155,0.8,0.2129032258064516,0
2026-09-22T23:35:57Z,adservice,56.0,1150,0.8,0.04869565217391304,0
2026-09-22T23:35:57Z,redis-cart,23.0,540,0.8,0.04259259259259259,0
2026-09-22T23:35:58Z,frontend,539.0,1150,0.8,0.46869565217391307,0
2026-09-22T23:35:58Z,cartservice,304.0,1920,0.95,0.15833333333333333,0
2026-09-22T23:35:58Z,checkoutservice,304.0,615,0.8,0.4943089430894309,0
2026-09-22T23:35:58Z,productcatalogservice,210.0,1535,0.95,0.13680781758957655,0
2026-09-22T23:35:58Z,paymentservice,14.0,155,0.8,0.09032258064516129,0
2026-09-22T23:35:58Z,recommendationservice,246.0,1150,0.8,0.21391304347826087,0
2026-09-22T23:35:58Z,shippingservice,67.0,770,0.8,0.08701298701298701,0
2026-09-22T23:35:58Z,currencyservice,140.0,770,0.8,0.18181818181818182,0
2026-09-22T23:35:58Z,emailservice,53.0,155,0.8,0.3419354838709677,0
2026-09-22T23:35:58Z,adservice,41.0,1150,0.8,0.035652173913043476,0
2026-09-22T23:35:58Z,redis-cart,23.0,540,0.8,0.04259259259259259,0
2026-09-22T23:35:59Z,frontend,546.0,1150,0.8,0.4747826086956522,0
2026-09-22T23:35:59Z,cartservice,304.0,1920,0.95,0.15833333333333333,0
2026-09-22T23:35:59Z,checkoutservice,304.0,615,0.8,0.4943089430894309,0
2026-09-22T23:35:59Z,productcatalogservice,213.0,1535,0.95,0.13876221498371336,0
2026-09-22T23:35:59Z,paymentservice,14.0,155,0.8,0.09032258064516129,0
2026-09-22T23:35:59Z,recommendationservice,276.0,1150,0.8,0.24,0
2026-09-22T23:35:59Z,shippingservice,56.0,770,0.8,0.07272727272727272,0
2026-09-22T23:35:59Z,currencyservice,159.0,770,0.8,0.2064935064935065,0
2026-09-22T23:35:59Z,emailservice,33.0,155,0.8,0.2129032258064516,0
2026-09-22T23:35:59Z,adservice,41.0,1150,0.8,0.035652173913043476,0
2026-09-22T23:35:59Z,redis-cart,25.0,540,0.8,0.046296296296296294,0
2026-09-22T23:36:00Z,frontend,556.0,1150,0.8,0.4834782608695652,0
2026-09-22T23:36:00Z,cartservice,235.0,1920,0.95,0.12239583333333333,0
2026-09-22T23:36:00Z,checkoutservice,268.0,615,0.8,0.43577235772357725,0
2026-09-22T23:36:00Z,productcatalogservice,237.0,1535,0.95,0.1543973941368078,0
2026-09-22T23:36:00Z,paymentservice,13.0,155,0.8,0.08387096774193549,0
2026-09-22T23:36:00Z,recommendationservice,260.0,1150,0.8,0.22608695652173913,0
2026-09-22T23:36:00Z,shippingservice,60.0,770,0.8,0.07792207792207792,0
2026-09-22T23:36:00Z,currencyservice,128.0,770,0.8,0.16623376623376623,0
2026-09-22T23:36:00Z,emailservice,52.0,155,0.8,0.33548387096774196,0
2026-09-22T23:36:00Z,adservice,44.0,1150,0.8,0.03826086956521739,0
2026-09-22T23:36:00Z,redis-cart,22.0,540,0.8,0.040740740740740744,0
2026-09-22T23:36:01Z,frontend,556.0,1150,0.8,0.4834782608695652,0
2026-09-22T23:36:01Z,cartservice,298.0,1920,0.95,0.15520833333333334,0
2026-09-22T23:36:01Z,checkoutservice,365.0,615,0.8,0.5934959349593496,0
2026-09-22T23:36:01Z,productcatalogservice,237.0,1535,0.95,0.1543973941368078,0
2026-09-22T23:36:01Z,paymentservice,20.0,155,0.8,0.12903225806451613,0
2026-09-22T23:36:01Z,recommendationservice,260.0,1150,0.8,0.22608695652173913,0
2026-09-22T23:36:01Z,shippingservice,60.0,770,0.8,0.07792207792207792,0
2026-09-22T23:36:01Z,currencyservice,128.0,770,0.8,0.16623376623376623,0
2026-09-22T23:36:01Z,emailservice,52.0,155,0.8,0.33548387096774196,0
2026-09-22T23:36:01Z,adservice,44.0,1150,0.8,0.03826086956521739,0
2026-09-22T23:36:01Z,redis-cart,21.0,540,0.8,0.03888888888888889,0
2026-09-22T23:36:02Z,frontend,532.0,1150,0.8,0.46260869565217394,0
2026-09-22T23:36:02Z,cartservice,305.0,1920,0.95,0.15885416666666666,0
2026-09-22T23:36:02Z,checkoutservice,363.0,615,0.8,0.5902439024390244,0
2026-09-22T23:36:02Z,productcatalogservice,215.0,1535,0.95,0.14006514657980457,0
2026-09-22T23:36:02Z,paymentservice,20.0,155,0.8,0.12903225806451613,0
2026-09-22T23:36:02Z,recommendationservice,281.0,1150,0.8,0.24434782608695652,0
2026-09-22T23:36:02Z,shippingservice,63.0,770,0.8,0.08181818181818182,0
2026-09-22T23:36:02Z,currencyservice,161.0,770,0.8,0.20909090909090908,0
2026-09-22T23:36:02Z,emailservice,40.0,155,0.8,0.25806451612903225,0
2026-09-22T23:36:02Z,adservice,42.0,1150,0.8,0.036521739130434785,0
2026-09-22T23:36:02Z,redis-cart,21.0,540,0.8,0.03888888888888889,0
2026-09-22T23:36:03Z,frontend,532.0,1150,0.8,0.46260869565217394,0
2026-09-22T23:36:03Z,cartservice,305.0,1920,0.95,0.15885416666666666,0
2026-09-22T23:36:03Z,checkoutservice,363.0,615,0.8,0.5902439024390244,0
2026-09-22T23:36:03Z,productcatalogservice,212.0,1535,0.95,0.13811074918566776,0
2026-09-22T23:36:03Z,paymentservice,30.0,155,0.8,0.1935483870967742,0
2026-09-22T23:36:03Z,recommendationservice,247.0,1150,0.8,0.21478260869565216,0
2026-09-22T23:36:03Z,shippingservice,74.0,770,0.8,0.09610389610389611,0
2026-09-22T23:36:03Z,currencyservice,145.0,770,0.8,0.18831168831168832,0
2026-09-22T23:36:03Z,emailservice,51.0,155,0.8,0.32903225806451614,0
2026-09-22T23:36:03Z,adservice,44.0,1150,0.8,0.03826086956521739,0
2026-09-22T23:36:03Z,redis-cart,24.0,540,0.8,0.044444444444444446,0
2026-09-22T23:36:04Z,frontend,512.0,1150,0.8,0.44521739130434784,0
2026-09-22T23:36:04Z,cartservice,305.0,1920,0.95,0.15885416666666666,0
2026-09-22T23:36:04Z,checkoutservice,348.0,615,0.8,0.5658536585365853,0
2026-09-22T23:36:04Z,productcatalogservice,212.0,1535,0.95,0.13811074918566776,0
2026-09-22T23:36:04Z,paymentservice,39.0,155,0.8,0.25161290322580643,0
2026-09-22T23:36:04Z,recommendationservice,276.0,1150,0.8,0.24,0
2026-09-22T23:36:04Z,shippingservice,47.0,770,0.8,0.06103896103896104,0
2026-09-22T23:36:04Z,currencyservice,142.0,770,0.8,0.18441558441558442,0
2026-09-22T23:36:04Z,emailservice,49.0,155,0.8,0.3161290322580645,0
2026-09-22T23:36:04Z,adservice,44.0,1150,0.8,0.03826086956521739,0
2026-09-22T23:36:04Z,redis-cart,24.0,540,0.8,0.044444444444444446,0
2026-09-22T23:36:05Z,frontend,534.0,1150,0.8,0.4643478260869565,0
2026-09-22T23:36:05Z,cartservice,305.0,1920,0.95,0.15885416666666666,0
2026-09-22T23:36:05Z,checkoutservice,315.0,615,0.8,0.5121951219512195,0
2026-09-22T23:36:05Z,productcatalogservice,238.0,1535,0.95,0.15504885993485343,0
2026-09-22T23:36:05Z,paymentservice,39.0,155,0.8,0.25161290322580643,0
2026-09-22T23:36:05Z,recommendationservice,276.0,1150,0.8,0.24,0
2026-09-22T23:36:05Z,shippingservice,47.0,770,0.8,0.06103896103896104,0
2026-09-22T23:36:05Z,currencyservice,142.0,770,0.8,0.18441558441558442,0
2026-09-22T23:36:05Z,emailservice,48.0,155,0.8,0.3096774193548387,0
2026-09-22T23:36:05Z,adservice,43.0,1150,0.8,0.03739130434782609,0
2026-09-22T23:36:05Z,redis-cart,22.0,540,0.8,0.040740740740740744,0
2026-09-22T23:36:06Z,frontend,514.0,1150,0.8,0.4469565217391304,0
2026-09-22T23:36:06Z,cartservice,304.0,1920,0.95,0.15833333333333333,0
2026-09-22T23:36:06Z,checkoutservice,315.0,615,0.8,0.5121951219512195,0
2026-09-22T23:36:06Z,productcatalogservice,223.0,1535,0.95,0.14527687296416938,0
2026-09-22T23:36:06Z,paymentservice,11.0,155,0.8,0.07096774193548387,0
2026-09-22T23:36:06Z,recommendationservice,245.0,1150,0.8,0.21304347826086956,0
2026-09-22T23:36:06Z,shippingservice,93.0,770,0.8,0.12077922077922078,0
2026-09-22T23:36:06Z,currencyservice,148.0,770,0.8,0.19220779220779222,0
2026-09-22T23:36:06Z,emailservice,48.0,155,0.8,0.3096774193548387,0
2026-09-22T23:36:06Z,adservice,45.0,1150,0.8,0.0391304347826087,0
2026-09-22T23:36:06Z,redis-cart,27.0,540,0.8,0.05,0
2026-09-22T23:36:07Z,frontend,583.0,1150,0.8,0.5069565217391304,0
2026-09-22T23:36:07Z,cartservice,304.0,1920,0.95,0.15833333333333333,0
2026-09-22T23:36:07Z,checkoutservice,301.0,615,0.8,0.4894308943089431,0
2026-09-22T23:36:07Z,productcatalogservice,230.0,1535,0.95,0.1498371335504886,0
2026-09-22T23:36:07Z,paymentservice,15.0,155,0.8,0.0967741935483871,0
2026-09-22T23:36:07Z,recommendationservice,253.0,1150,0.8,0.22,0
2026-09-22T23:36:07Z,shippingservice,93.0,770,0.8,0.12077922077922078,0
2026-09-22T23:36:07Z,currencyservice,148.0,770,0.8,0.19220779220779222,0
2026-09-22T23:36:07Z,emailservice,37.0,155,0.8,0.23870967741935484,0
2026-09-22T23:36:07Z,adservice,44.0,1150,0.8,0.03826086956521739,0
2026-09-22T23:36:07Z,redis-cart,27.0,540,0.8,0.05,0
2026-09-22T23:36:08Z,frontend,504.0,1150,0.8,0.43826086956521737,0
2026-09-22T23:36:08Z,cartservice,226.0,1920,0.95,0.11770833333333333,0
2026-09-22T23:36:08Z,checkoutservice,387.0,615,0.8,0.6292682926829268,0
2026-09-22T23:36:08Z,productcatalogservice,222.0,1535,0.95,0.14462540716612377,0
2026-09-22T23:36:08Z,paymentservice,15.0,155,0.8,0.0967741935483871,0
2026-09-22T23:36:08Z,recommendationservice,253.0,1150,0.8,0.22,0
2026-09-22T23:36:08Z,shippingservice,60.0,770,0.8,0.07792207792207792,0
2026-09-22T23:36:08Z,currencyservice,166.0,770,0.8,0.21558441558441557,0
2026-09-22T23:36:08Z,emailservice,52.0,155,0.8,0.33548387096774196,0
2026-09-22T23:36:08Z,adservice,44.0,1150,0.8,0.03826086956521739,0
2026-09-22T23:36:08Z,redis-cart,24.0,540,0.8,0.044444444444444446,0
2026-09-22T23:36:09Z,frontend,504.0,1150,0.8,0.43826086956521737,0
2026-09-22T23:36:09Z,cartservice,259.0,1920,0.95,0.13489583333333333,0
2026-09-22T23:36:09Z,checkoutservice,387.0,615,0.8,0.6292682926829268,0
2026-09-22T23:36:09Z,productcatalogservice,222.0,1535,0.95,0.14462540716612377,0
2026-09-22T23:36:09Z,paymentservice,17.0,155,0.8,0.10967741935483871,0
2026-09-22T23:36:09Z,recommendationservice,283.0,1150,0.8,0.24608695652173912,0
2026-09-22T23:36:09Z,shippingservice,55.0,770,0.8,0.07142857142857142,0
2026-09-22T23:36:09Z,currencyservice,183.0,770,0.8,0.23766233766233766,0
2026-09-22T23:36:09Z,emailservice,52.0,155,0.8,0.33548387096774196,0
2026-09-22T23:36:09Z,adservice,41.0,1150,0.8,0.035652173913043476,0
2026-09-22T23:36:09Z,redis-cart,23.0,540,0.8,0.04259259259259259,0
2026-09-22T23:36:10Z,frontend,538.0,1150,0.8,0.4678260869565217,0
2026-09-22T23:36:10Z,cartservice,259.0,1920,0.95,0.13489583333333333,0
2026-09-22T23:36:10Z,checkoutservice,290.0,615,0.8,0.4715447154471545,0
2026-09-22T23:36:10Z,productcatalogservice,221.0,1535,0.95,0.14397394136807817,0
2026-09-22T23:36:10Z,paymentservice,17.0,155,0.8,0.10967741935483871,0
2026-09-22T23:36:10Z,recommendationservice,244.0,1150,0.8,0.21217391304347827,0
2026-09-22T23:36:10Z,shippingservice,55.0,770,0.8,0.07142857142857142,0
2026-09-22T23:36:10Z,currencyservice,130.0,770,0.8,0.16883116883116883,0
2026-09-22T23:36:10Z,emailservice,52.0,155,0.8,0.33548387096774196,0
2026-09-22T23:36:10Z,adservice,57.0,1150,0.8,0.049565217391304345,0
2026-09-22T23:36:10Z,redis-cart,22.0,540,0.8,0.040740740740740744,0
2026-09-22T23:36:11Z,frontend,538.0,1150,0.8,0.4678260869565217,0
2026-09-22T23:36:11Z,cartservice,258.0,1920,0.95,0.134375,0
2026-09-22T23:36:11Z,checkoutservice,284.0,615,0.8,0.46178861788617886,0
2026-09-22T23:36:11Z,productcatalogservice,217.0,1535,0.95,0.14136807817589578,0
2026-09-22T23:36:11Z,paymentservice,12.0,155,0.8,0.07741935483870968,0
2026-09-22T23:36:11Z,recommendationservice,238.0,1150,0.8,0.20695652173913043,0
2026-09-22T23:36:11Z,shippingservice,80.0,770,0.8,0.1038961038961039,0
2026-09-22T23:36:11Z,currencyservice,130.0,770,0.8,0.16883116883116883,0
2026-09-22T23:36:11Z,emailservice,35.0,155,0.8,0.22580645161290322,0
2026-09-22T23:36:11Z,adservice,63.0,1150,0.8,0.05478260869565217,0
2026-09-22T23:36:11Z,redis-cart,22.0,540,0.8,0.040740740740740744,0
2026-09-22T23:36:12Z,frontend,506.0,1150,0.8,0.44,0
2026-09-22T23:36:12Z,cartservice,258.0,1920,0.95,0.134375,0
2026-09-22T23:36:12Z,checkoutservice,284.0,615,0.8,0.46178861788617886,0
2026-09-22T23:36:12Z,productcatalogservice,217.0,1535,0.95,0.14136807817589578,0
2026-09-22T23:36:12Z,paymentservice,12.0,155,0.8,0.07741935483870968,0
2026-09-22T23:36:12Z,recommendationservice,238.0,1150,0.8,0.20695652173913043,0
2026-09-22T23:36:12Z,shippingservice,80.0,770,0.8,0.1038961038961039,0
2026-09-22T23:36:12Z,currencyservice,155.0,770,0.8,0.2012987012987013,0
2026-09-22T23:36:12Z,emailservice,57.0,155,0.8,0.36774193548387096,0
2026-09-22T23:36:12Z,adservice,63.0,1150,0.8,0.05478260869565217,0
2026-09-22T23:36:12Z,redis-cart,26.0,540,0.8,0.04814814814814815,0
2026-09-22T23:36:13Z,frontend,561.0,1150,0.8,0.48782608695652174,0
2026-09-22T23:36:13Z,cartservice,256.0,1920,0.95,0.13333333333333333,0
2026-09-22T23:36:13Z,checkoutservice,306.0,615,0.8,0.4975609756097561,0
2026-09-22T23:36:13Z,productcatalogservice,196.0,1535,0.95,0.1276872964169381,0
2026-09-22T23:36:13Z,paymentservice,31.0,155,0.8,0.2,0
2026-09-22T23:36:13Z,recommendationservice,272.0,1150,0.8,0.23652173913043478,0
2026-09-22T23:36:13Z,shippingservice,55.0,770,0.8,0.07142857142857142,0
2026-09-22T23:36:13Z,currencyservice,155.0,770,0.8,0.2012987012987013,0
2026-09-22T23:36:13Z,emailservice,57.0,155,0.8,0.36774193548387096,0
2026-09-22T23:36:13Z,adservice,40.0,1150,0.8,0.034782608695652174,0
2026-09-22T23:36:13Z,redis-cart,22.0,540,0.8,0.040740740740740744,0
2026-09-22T23:36:14Z,frontend,561.0,1150,0.8,0.48782608695652174,0
2026-09-22T23:36:14Z,cartservice,269.0,1920,0.95,0.14010416666666667,0
2026-09-22T23:36:14Z,checkoutservice,346.0,615,0.8,0.5626016260162602,0
2026-09-22T23:36:14Z,productcatalogservice,196.0,1535,0.95,0.1276872964169381,0
2026-09-22T23:36:14Z,paymentservice,31.0,155,0.8,0.2,0
2026-09-22T23:36:14Z,recommendationservice,243.0,1150,0.8,0.21130434782608695,0
2026-09-22T23:36:14Z,shippingservice,50.0,770,0.8,0.06493506493506493,0
2026-09-22T23:36:14Z,currencyservice,137.0,770,0.8,0.17792207792207793,0
2026-09-22T23:36:14Z,emailservice,38.0,155,0.8,0.24516129032258063,0
2026-09-22T23:36:14Z,adservice,45.0,1150,0.8,0.0391304347826087,0
2026-09-22T23:36:14Z,redis-cart,22.0,540,0.8,0.040740740740740744,0
2026-09-22T23:36:15Z,frontend,541.0,1150,0.8,0.47043478260869565,0
2026-09-22T23:36:15Z,cartservice,234.0,1920,0.95,0.121875,0
2026-09-22T23:36:15Z,checkoutservice,304.0,615,0.8,0.4943089430894309,0
2026-09-22T23:36:15Z,productcatalogservice,244.0,1535,0.95,0.15895765472312703,0
2026-09-22T23:36:15Z,paymentservice,31.0,155,0.8,0.2,0
2026-09-22T23:36:15Z,recommendationservice,243.0,1150,0.8,0.21130434782608695,0
2026-09-22T23:36:15Z,shippingservice,50.0,770,0.8,0.06493506493506493,0
2026-09-22T23:36:15Z,currencyservice,140.0,770,0.8,0.18181818181818182,0
2026-09-22T23:36:15Z,emailservice,38.0,155,0.8,0.24516129032258063,0
2026-09-22T23:36:15Z,adservice,45.0,1150,0.8,0.0391304347826087,0
2026-09-22T23:36:15Z,redis-cart,25.0,540,0.8,0.046296296296296294,0
2026-09-22T23:36:16Z,frontend,541.0,1150,0.8,0.47043478260869565,0
2026-09-22T23:36:16Z,cartservice,234.0,1920,0.95,0.121875,0
2026-09-22T23:36:16Z,checkoutservice,304.0,615,0.8,0.4943089430894309,0
2026-09-22T23:36:16Z,productcatalogservice,244.0,1535,0.95,0.15895765472312703,0
2026-09-22T23:36:16Z,paymentservice,17.0,155,0.8,0.10967741935483871,0
2026-09-22T23:36:16Z,recommendationservice,272.0,1150,0.8,0.23652173913043478,0
2026-09-22T23:36:16Z,shippingservice,91.0,770,0.8,0.11818181818181818,0
2026-09-22T23:36:16Z,currencyservice,140.0,770,0.8,0.18181818181818182,0
2026-09-22T23:36:16Z,emailservice,48.0,155,0.8,0.3096774193548387,0
2026-09-22T23:36:16Z,adservice,43.0,1150,0.8,0.03739130434782609,0
2026-09-22T23:36:16Z,redis-cart,25.0,540,0.8,0.046296296296296294,0
2026-09-22T23:36:17Z,frontend,522.0,1150,0.8,0.4539130434782609,0
2026-09-22T23:36:17Z,cartservice,291.0,1920,0.95,0.1515625,0
2026-09-22T23:36:17Z,checkoutservice,360.0,615,0.8,0.5853658536585366,0
2026-09-22T23:36:17Z,productcatalogservice,213.0,1535,0.95,0.13876221498371336,0
2026-09-22T23:36:17Z,paymentservice,17.0,155,0.8,0.10967741935483871,0
2026-09-22T23:36:17Z,recommendationservice,272.0,1150,0.8,0.23652173913043478,0
2026-09-22T23:36:17Z,shippingservice,91.0,770,0.8,0.11818181818181818,0
2026-09-22T23:36:17Z,currencyservice,145.0,770,0.8,0.18831168831168832,0
2026-09-22T23:36:17Z,emailservice,45.0,155,0.8,0.2903225806451613,0
2026-09-22T23:36:17Z,adservice,39.0,1150,0.8,0.03391304347826087,0
2026-09-22T23:36:17Z,redis-cart,25.0,540,0.8,0.046296296296296294,0
2026-09-22T23:36:18Z,frontend,589.0,1150,0.8,0.5121739130434783,0
2026-09-22T23:36:18Z,cartservice,291.0,1920,0.95,0.1515625,0
2026-09-22T23:36:18Z,checkoutservice,360.0,615,0.8,0.5853658536585366,0
2026-09-22T23:36:18Z,productcatalogservice,222.0,1535,0.95,0.14462540716612377,0
2026-09-22T23:36:18Z,paymentservice,12.0,155,0.8,0.07741935483870968,0
2026-09-22T23:36:18Z,recommendationservice,272.0,1150,0.8,0.23652173913043478,0
2026-09-22T23:36:18Z,shippingservice,62.0,770,0.8,0.08051948051948052,0
2026-09-22T23:36:18Z,currencyservice,149.0,770,0.8,0.19350649350649352,0
2026-09-22T23:36:18Z,emailservice,45.0,155,0.8,0.2903225806451613,0
2026-09-22T23:36:18Z,adservice,42.0,1150,0.8,0.036521739130434785,0
2026-09-22T23:36:18Z,redis-cart,25.0,540,0.8,0.046296296296296294,0
2026-09-22T23:36:19Z,frontend,498.0,1150,0.8,0.4330434782608696,0
2026-09-22T23:36:19Z,cartservice,196.0,1920,0.95,0.10208333333333333,0
2026-09-22T23:36:19Z,checkoutservice,311.0,615,0.8,0.5056910569105691,0
2026-09-22T23:36:19Z,productcatalogservice,222.0,1535,0.95,0.14462540716612377,0
2026-09-22T23:36:19Z,paymentservice,15.0,155,0.8,0.0967741935483871,0
2026-09-22T23:36:19Z,recommendationservice,267.0,1150,0.8,0.23217391304347826,0
2026-09-22T23:36:19Z,shippingservice,62.0,770,0.8,0.08051948051948052,0
2026-09-22T23:36:19Z,currencyservice,149.0,770,0.8,0.19350649350649352,0
2026-09-22T23:36:19Z,emailservice,48.0,155,0.8,0.3096774193548387,0
2026-09-22T23:36:19Z,adservice,42.0,1150,0.8,0.036521739130434785,0
2026-09-22T23:36:19Z,redis-cart,24.0,540,0.8,0.044444444444444446,0
2026-09-22T23:36:20Z,frontend,498.0,1150,0.8,0.4330434782608696,0
2026-09-22T23:36:20Z,cartservice,336.0,1920,0.95,0.175,0
2026-09-22T23:36:20Z,checkoutservice,363.0,615,0.8,0.5902439024390244,0
2026-09-22T23:36:20Z,productcatalogservice,253.0,1535,0.95,0.16482084690553747,0
2026-09-22T23:36:20Z,paymentservice,14.0,155,0.8,0.09032258064516129,0
2026-09-22T23:36:20Z,recommendationservice,244.0,1150,0.8,0.21217391304347827,0
2026-09-22T23:36:20Z,shippingservice,60.0,770,0.8,0.07792207792207792,0
2026-09-22T23:36:20Z,currencyservice,193.0,770,0.8,0.2506493506493506,0
2026-09-22T23:36:20Z,emailservice,47.0,155,0.8,0.3032258064516129,0
2026-09-22T23:36:20Z,adservice,44.0,1150,0.8,0.03826086956521739,0
2026-09-22T23:36:20Z,redis-cart,25.0,540,0.8,0.046296296296296294,0
2026-09-22T23:36:21Z,frontend,535.0,1150,0.8,0.4652173913043478,0
2026-09-22T23:36:21Z,cartservice,336.0,1920,0.95,0.175,0
2026-09-22T23:36:21Z,checkoutservice,327.0,615,0.8,0.5317073170731708,0
2026-09-22T23:36:21Z,productcatalogservice,206.0,1535,0.95,0.13420195439739413,0
2026-09-22T23:36:21Z,paymentservice,14.0,155,0.8,0.09032258064516129,0
2026-09-22T23:36:21Z,recommendationservice,244.0,1150,0.8,0.21217391304347827,0
2026-09-22T23:36:21Z,shippingservice,64.0,770,0.8,0.08311688311688312,0
2026-09-22T23:36:21Z,currencyservice,193.0,770,0.8,0.2506493506493506,0
2026-09-22T23:36:21Z,emailservice,47.0,155,0.8,0.3032258064516129,0
2026-09-22T23:36:21Z,adservice,45.0,1150,0.8,0.0391304347826087,0
2026-09-22T23:36:21Z,redis-cart,25.0,540,0.8,0.046296296296296294,0
2026-09-22T23:36:22Z,frontend,535.0,1150,0.8,0.4652173913043478,0
2026-09-22T23:36:22Z,cartservice,221.0,1920,0.95,0.11510416666666666,0
2026-09-22T23:36:22Z,checkoutservice,327.0,615,0.8,0.5317073170731708,0
2026-09-22T23:36:22Z,productcatalogservice,206.0,1535,0.95,0.13420195439739413,0
2026-09-22T23:36:22Z,paymentservice,27.0,155,0.8,0.17419354838709677,0
2026-09-22T23:36:22Z,recommendationservice,293.0,1150,0.8,0.25478260869565217,0
2026-09-22T23:36:22Z,shippingservice,64.0,770,0.8,0.08311688311688312,0
2026-09-22T23:36:22Z,currencyservice,161.0,770,0.8,0.20909090909090908,0
2026-09-22T23:36:22Z,emailservice,50.0,155,0.8,0.3225806451612903,0
2026-09-22T23:36:22Z,adservice,49.0,1150,0.8,0.042608695652173914,0
2026-09-22T23:36:22Z,redis-cart,33.0,540,0.8,0.06111111111111111,0
2026-09-22T23:36:23Z,frontend,588.0,1150,0.8,0.5113043478260869,0
2026-09-22T23:36:23Z,cartservice,321.0,1920,0.95,0.1671875,0
2026-09-22T23:36:23Z,checkoutservice,318.0,615,0.8,0.5170731707317073,0
2026-09-22T23:36:23Z,productcatalogservice,220.0,1535,0.95,0.14332247557003258,0
2026-09-22T23:36:23Z,paymentservice,49.0,155,0.8,0.3161290322580645,0
2026-09-22T23:36:23Z,recommendationservice,249.0,1150,0.8,0.2165217391304348,0
2026-09-22T23:36:23Z,shippingservice,57.0,770,0.8,0.07402597402597402,0
2026-09-22T23:36:23Z,currencyservice,161.0,770,0.8,0.20909090909090908,0
2026-09-22T23:36:23Z,emailservice,34.0,155,0.8,0.21935483870967742,0
2026-09-22T23:36:23Z,adservice,41.0,1150,0.8,0.035652173913043476,0
2026-09-22T23:36:23Z,redis-cart,33.0,540,0.8,0.06111111111111111,0
2026-09-22T23:36:24Z,frontend,531.0,1150,0.8,0.4617391304347826,0
2026-09-22T23:36:24Z,cartservice,275.0,1920,0.95,0.14322916666666666,0
2026-09-22T23:36:24Z,checkoutservice,323.0,615,0.8,0.5252032520325203,0
2026-09-22T23:36:24Z,productcatalogservice,220.0,1535,0.95,0.14332247557003258,0
2026-09-22T23:36:24Z,paymentservice,49.0,155,0.8,0.3161290322580645,0
2026-09-22T23:36:24Z,recommendationservice,249.0,1150,0.8,0.2165217391304348,0
2026-09-22T23:36:24Z,shippingservice,57.0,770,0.8,0.07402597402597402,0
2026-09-22T23:36:24Z,currencyservice,141.0,770,0.8,0.18311688311688312,0
2026-09-22T23:36:24Z,emailservice,66.0,155,0.8,0.4258064516129032,0
2026-09-22T23:36:24Z,adservice,66.0,1150,0.8,0.057391304347826085,0
2026-09-22T23:36:24Z,redis-cart,20.0,540,0.8,0.037037037037037035,0
2026-09-22T23:36:25Z,frontend,531.0,1150,0.8,0.4617391304347826,0
2026-09-22T23:36:25Z,cartservice,275.0,1920,0.95,0.14322916666666666,0
2026-09-22T23:36:25Z,checkoutservice,384.0,615,0.8,0.624390243902439,0
2026-09-22T23:36:25Z,productcatalogservice,243.0,1535,0.95,0.15830618892508144,0
2026-09-22T23:36:25Z,paymentservice,16.0,155,0.8,0.1032258064516129,0
2026-09-22T23:36:25Z,recommendationservice,258.0,1150,0.8,0.22434782608695653,0
2026-09-22T23:36:25Z,shippingservice,66.0,770,0.8,0.08571428571428572,0
2026-09-22T23:36:25Z,currencyservice,152.0,770,0.8,0.1974025974025974,0
2026-09-22T23:36:25Z,emailservice,66.0,155,0.8,0.4258064516129032,0
2026-09-22T23:36:25Z,adservice,46.0,1150,0.8,0.04,0
2026-09-22T23:36:25Z,redis-cart,33.0,540,0.8,0.06111111111111111,0
2026-09-22T23:36:26Z,frontend,529.0,1150,0.8,0.46,0
2026-09-22T23:36:26Z,cartservice,299.0,1920,0.95,0.15572916666666667,0
2026-09-22T23:36:26Z,checkoutservice,384.0,615,0.8,0.624390243902439,0
2026-09-22T23:36:26Z,productcatalogservice,216.0,1535,0.95,0.14071661237785016,0
2026-09-22T23:36:26Z,paymentservice,16.0,155,0.8,0.1032258064516129,0
2026-09-22T23:36:26Z,recommendationservice,243.0,1150,0.8,0.21130434782608695,0
2026-09-22T23:36:26Z,shippingservice,66.0,770,0.8,0.08571428571428572,0
2026-09-22T23:36:26Z,currencyservice,144.0,770,0.8,0.18701298701298702,0
2026-09-22T23:36:26Z,emailservice,36.0,155,0.8,0.23225806451612904,0
2026-09-22T23:36:26Z,adservice,46.0,1150,0.8,0.04,0
2026-09-22T23:36:26Z,redis-cart,20.0,540,0.8,0.037037037037037035,0
2026-09-22T23:36:27Z,frontend,549.0,1150,0.8,0.47739130434782606,0
2026-09-22T23:36:27Z,cartservice,227.0,1920,0.95,0.11822916666666666,0
2026-09-22T23:36:27Z,checkoutservice,317.0,615,0.8,0.5154471544715448,0
2026-09-22T23:36:27Z,productcatalogservice,216.0,1535,0.95,0.14071661237785016,0
2026-09-22T23:36:27Z,paymentservice,15.0,155,0.8,0.0967741935483871,0
2026-09-22T23:36:27Z,recommendationservice,243.0,1150,0.8,0.21130434782608695,0
2026-09-22T23:36:27Z,shippingservice,76.0,770,0.8,0.0987012987012987,0
2026-09-22T23:36:27Z,currencyservice,144.0,770,0.8,0.18701298701298702,0
2026-09-22T23:36:27Z,emailservice,58.0,155,0.8,0.3741935483870968,0
2026-09-22T23:36:27Z,adservice,57.0,1150,0.8,0.049565217391304345,0
2026-09-22T23:36:27Z,redis-cart,20.0,540,0.8,0.037037037037037035,0
2026-09-22T23:36:28Z,frontend,549.0,1150,0.8,0.47739130434782606,0
2026-09-22T23:36:28Z,cartservice,227.0,1920,0.95,0.11822916666666666,0
2026-09-22T23:36:28Z,checkoutservice,295.0,615,0.8,0.4796747967479675,0
2026-09-22T23:36:28Z,productcatalogservice,231.0,1535,0.95,0.1504885993485342,0
2026-09-22T23:36:28Z,paymentservice,16.0,155,0.8,0.1032258064516129,0
2026-09-22T23:36:28Z,recommendationservice,300.0,1150,0.8,0.2608695652173913,0
2026-09-22T23:36:28Z,shippingservice,62.0,770,0.8,0.08051948051948052,0
2026-09-22T23:36:28Z,currencyservice,146.0,770,0.8,0.18961038961038962,0
2026-09-22T23:36:28Z,emailservice,33.0,155,0.8,0.2129032258064516,0
2026-09-22T23:36:28Z,adservice,49.0,1150,0.8,0.042608695652173914,0
2026-09-22T23:36:28Z,redis-cart,25.0,540,0.8,0.046296296296296294,0
2026-09-22T23:36:29Z,frontend,588.0,1150,0.8,0.5113043478260869,0
2026-09-22T23:36:29Z,cartservice,219.0,1920,0.95,0.1140625,0
2026-09-22T23:36:29Z,checkoutservice,295.0,615,0.8,0.4796747967479675,0
2026-09-22T23:36:29Z,productcatalogservice,270.0,1535,0.95,0.1758957654723127,0
2026-09-22T23:36:29Z,paymentservice,16.0,155,0.8,0.1032258064516129,0
2026-09-22T23:36:29Z,recommendationservice,300.0,1150,0.8,0.2608695652173913,0
2026-09-22T23:36:29Z,shippingservice,62.0,770,0.8,0.08051948051948052,0
2026-09-22T23:36:29Z,currencyservice,146.0,770,0.8,0.18961038961038962,0
2026-09-22T23:36:29Z,emailservice,59.0,155,0.8,0.38064516129032255,0
2026-09-22T23:36:29Z,adservice,48.0,1150,0.8,0.04173913043478261,0
2026-09-22T23:36:29Z,redis-cart,29.0,540,0.8,0.053703703703703705,0
2026-09-22T23:36:30Z,frontend,576.0,1150,0.8,0.5008695652173913,0
2026-09-22T23:36:30Z,cartservice,274.0,1920,0.95,0.14270833333333333,0
2026-09-22T23:36:30Z,checkoutservice,337.0,615,0.8,0.5479674796747968,0
2026-09-22T23:36:30Z,productcatalogservice,270.0,1535,0.95,0.1758957654723127,0
2026-09-22T23:36:30Z,paymentservice,17.0,155,0.8,0.10967741935483871,0
2026-09-22T23:36:30Z,recommendationservice,279.0,1150,0.8,0.2426086956521739,0
2026-09-22T23:36:30Z,shippingservice,66.0,770,0.8,0.08571428571428572,0
2026-09-22T23:36:30Z,currencyservice,190.0,770,0.8,0.24675324675324675,0
2026-09-22T23:36:30Z,emailservice,59.0,155,0.8,0.38064516129032255,0
2026-09-22T23:36:30Z,adservice,48.0,1150,0.8,0.04173913043478261,0
2026-09-22T23:36:30Z,redis-cart,29.0,540,0.8,0.053703703703703705,0
2026-09-22T23:36:31Z,frontend,492.0,1150,0.8,0.42782608695652175,0
2026-09-22T23:36:31Z,cartservice,274.0,1920,0.95,0.14270833333333333,0
2026-09-22T23:36:31Z,checkoutservice,375.0,615,0.8,0.6097560975609756,0
2026-09-22T23:36:31Z,productcatalogservice,234.0,1535,0.95,0.152442996742671,0
2026-09-22T23:36:31Z,paymentservice,17.0,155,0.8,0.10967741935483871,0
2026-09-22T23:36:31Z,recommendationservice,271.0,1150,0.8,0.23565217391304347,0
2026-09-22T23:36:31Z,shippingservice,66.0,770,0.8,0.08571428571428572,0
2026-09-22T23:36:31Z,currencyservice,190.0,770,0.8,0.24675324675324675,0
2026-09-22T23:36:31Z,emailservice,50.0,155,0.8,0.3225806451612903,0
2026-09-22T23:36:31Z,adservice,45.0,1150,0.8,0.0391304347826087,0
2026-09-22T23:36:31Z,redis-cart,22.0,540,0.8,0.040740740740740744,0
2026-09-22T23:36:32Z,frontend,492.0,1150,0.8,0.42782608695652175,0
2026-09-22T23:36:32Z,cartservice,225.0,1920,0.95,0.1171875,0
2026-09-22T23:36:32Z,checkoutservice,375.0,615,0.8,0.6097560975609756,0
2026-09-22T23:36:32Z,productcatalogservice,240.0,1535,0.95,0.1563517915309446,0
2026-09-22T23:36:32Z,paymentservice,32.0,155,0.8,0.2064516129032258,0
2026-09-22T23:36:32Z,recommendationservice,299.0,1150,0.8,0.26,0
2026-09-22T23:36:32Z,shippingservice,64.0,770,0.8,0.08311688311688312,0
2026-09-22T23:36:32Z,currencyservice,165.0,770,0.8,0.21428571428571427,0
2026-09-22T23:36:32Z,emailservice,50.0,155,0.8,0.3225806451612903,0
2026-09-22T23:36:32Z,adservice,45.0,1150,0.8,0.0391304347826087,0
2026-09-22T23:36:32Z,redis-cart,27.0,540,0.8,0.05,0
2026-09-22T23:36:33Z,frontend,543.0,1150,0.8,0.4721739130434783,0
2026-09-22T23:36:33Z,cartservice,245.0,1920,0.95,0.12760416666666666,0
2026-09-22T23:36:33Z,checkoutservice,311.0,615,0.8,0.5056910569105691,0
2026-09-22T23:36:33Z,productcatalogservice,207.0,1535,0.95,0.13485342019543975,0
2026-09-22T23:36:33Z,paymentservice,32.0,155,0.8,0.2064516129032258,0
2026-09-22T23:36:33Z,recommendationservice,299.0,1150,0.8,0.26,0
2026-09-22T23:36:33Z,shippingservice,58.0,770,0.8,0.07532467532467532,0
2026-09-22T23:36:33Z,currencyservice,175.0,770,0.8,0.22727272727272727,0
2026-09-22T23:36:33Z,emailservice,46.0,155,0.8,0.2967741935483871,0
2026-09-22T23:36:33Z,adservice,46.0,1150,0.8,0.04,0
2026-09-22T23:36:33Z,redis-cart,27.0,540,0.8,0.05,0
2026-09-22T23:36:34Z,frontend,543.0,1150,0.8,0.4721739130434783,0
2026-09-22T23:36:34Z,cartservice,245.0,1920,0.95,0.12760416666666666,0
2026-09-22T23:36:34Z,checkoutservice,307.0,615,0.8,0.4991869918699187,0
2026-09-22T23:36:34Z,productcatalogservice,207.0,1535,0.95,0.13485342019543975,0
2026-09-22T23:36:34Z,paymentservice,28.0,155,0.8,0.18064516129032257,0
2026-09-22T23:36:34Z,recommendationservice,261.0,1150,0.8,0.22695652173913045,0
2026-09-22T23:36:34Z,shippingservice,58.0,770,0.8,0.07532467532467532,0
2026-09-22T23:36:34Z,currencyservice,149.0,770,0.8,0.19350649350649352,0
2026-09-22T23:36:34Z,emailservice,36.0,155,0.8,0.23225806451612904,0
2026-09-22T23:36:34Z,adservice,46.0,1150,0.8,0.04,0
2026-09-22T23:36:34Z,redis-cart,21.0,540,0.8,0.03888888888888889,0
2026-09-22T23:36:35Z,frontend,577.0,1150,0.8,0.5017391304347826,0
2026-09-22T23:36:35Z,cartservice,300.0,1920,0.95,0.15625,0
2026-09-22T23:36:35Z,checkoutservice,307.0,615,0.8,0.4991869918699187,0
2026-09-22T23:36:35Z,productcatalogservice,235.0,1535,0.95,0.15309446254071662,0
2026-09-22T23:36:35Z,paymentservice,28.0,155,0.8,0.18064516129032257,0
2026-09-22T23:36:35Z,recommendationservice,235.0,1150,0.8,0.20434782608695654,0
2026-09-22T23:36:35Z,shippingservice,62.0,770,0.8,0.08051948051948052,0
2026-09-22T23:36:35Z,currencyservice,149.0,770,0.8,0.19350649350649352,0
2026-09-22T23:36:35Z,emailservice,36.0,155,0.8,0.23225806451612904,0
2026-09-22T23:36:35Z,adservice,40.0,1150,0.8,0.034782608695652174,0
2026-09-22T23:36:35Z,redis-cart,26.0,540,0.8,0.04814814814814815,0
2026-09-22T23:36:36Z,frontend,494.0,1150,0.8,0.4295652173913043,0
2026-09-22T23:36:36Z,cartservice,226.0,1920,0.95,0.11770833333333333,0
2026-09-22T23:36:36Z,checkoutservice,348.0,615,0.8,0.5658536585365853,0
2026-09-22T23:36:36Z,productcatalogservice,216.0,1535,0.95,0.14071661237785016,0
2026-09-22T23:36:36Z,paymentservice,14.0,155,0.8,0.09032258064516129,0
2026-09-22T23:36:36Z,recommendationservice,271.0,1150,0.8,0.23565217391304347,0
2026-09-22T23:36:36Z,shippingservice,84.0,770,0.8,0.10909090909090909,0
2026-09-22T23:36:36Z,currencyservice,147.0,770,0.8,0.19090909090909092,0
2026-09-22T23:36:36Z,emailservice,49.0,155,0.8,0.3161290322580645,0
2026-09-22T23:36:36Z,adservice,43.0,1150,0.8,0.03739130434782609,0
2026-09-22T23:36:36Z,redis-cart,26.0,540,0.8,0.04814814814814815,0
2026-09-22T23:36:37Z,frontend,494.0,1150,0.8,0.4295652173913043,0
2026-09-22T23:36:37Z,cartservice,226.0,1920,0.95,0.11770833333333333,0
2026-09-22T23:36:37Z,checkoutservice,348.0,615,0.8,0.5658536585365853,0
2026-09-22T23:36:37Z,productcatalogservice,216.0,1535,0.95,0.14071661237785016,0
2026-09-22T23:36:37Z,paymentservice,14.0,155,0.8,0.09032258064516129,0
2026-09-22T23:36:37Z,recommendationservice,271.0,1150,0.8,0.23565217391304347,0
2026-09-22T23:36:37Z,shippingservice,84.0,770,0.8,0.10909090909090909,0
2026-09-22T23:36:37Z,currencyservice,147.0,770,0.8,0.19090909090909092,0
2026-09-22T23:36:37Z,emailservice,55.0,155,0.8,0.3548387096774194,0
2026-09-22T23:36:37Z,adservice,43.0,1150,0.8,0.03739130434782609,0
2026-09-22T23:36:37Z,redis-cart,25.0,540,0.8,0.046296296296296294,0
2026-09-22T23:36:38Z,frontend,554.0,1150,0.8,0.4817391304347826,0
2026-09-22T23:36:38Z,cartservice,277.0,1920,0.95,0.14427083333333332,0
2026-09-22T23:36:38Z,checkoutservice,328.0,615,0.8,0.5333333333333333,0
2026-09-22T23:36:38Z,productcatalogservice,217.0,1535,0.95,0.14136807817589578,0
2026-09-22T23:36:38Z,paymentservice,14.0,155,0.8,0.09032258064516129,0
2026-09-22T23:36:38Z,recommendationservice,255.0,1150,0.8,0.2217391304347826,0
2026-09-22T23:36:38Z,shippingservice,62.0,770,0.8,0.08051948051948052,0
2026-09-22T23:36:38Z,currencyservice,143.0,770,0.8,0.18571428571428572,0
2026-09-22T23:36:38Z,emailservice,43.0,155,0.8,0.27741935483870966,0
2026-09-22T23:36:38Z,adservice,43.0,1150,0.8,0.03739130434782609,0
2026-09-22T23:36:38Z,redis-cart,25.0,540,0.8,0.046296296296296294,0
2026-09-22T23:36:39Z,frontend,514.0,1150,0.8,0.4469565217391304,0
2026-09-22T23:36:39Z,cartservice,277.0,1920,0.95,0.14427083333333332,0
2026-09-22T23:36:39Z,checkoutservice,323.0,615,0.8,0.5252032520325203,0
2026-09-22T23:36:39Z,productcatalogservice,217.0,1535,0.95,0.14136807817589578,0
2026-09-22T23:36:39Z,paymentservice,18.0,155,0.8,0.11612903225806452,0
2026-09-22T23:36:39Z,recommendationservice,257.0,1150,0.8,0.2234782608695652,0
2026-09-22T23:36:39Z,shippingservice,54.0,770,0.8,0.07012987012987013,0
2026-09-22T23:36:39Z,currencyservice,143.0,770,0.8,0.18571428571428572,0
2026-09-22T23:36:39Z,emailservice,43.0,155,0.8,0.27741935483870966,0
2026-09-22T23:36:39Z,adservice,61.0,1150,0.8,0.05304347826086957,0
2026-09-22T23:36:39Z,redis-cart,24.0,540,0.8,0.044444444444444446,0
2026-09-22T23:36:40Z,frontend,495.0,1150,0.8,0.43043478260869567,0
2026-09-22T23:36:40Z,cartservice,282.0,1920,0.95,0.146875,0
2026-09-22T23:36:40Z,checkoutservice,323.0,615,0.8,0.5252032520325203,0
2026-09-22T23:36:40Z,productcatalogservice,223.0,1535,0.95,0.14527687296416938,0
2026-09-22T23:36:40Z,paymentservice,18.0,155,0.8,0.11612903225806452,0
2026-09-22T23:36:40Z,recommendationservice,257.0,1150,0.8,0.2234782608695652,0
2026-09-22T23:36:40Z,shippingservice,54.0,770,0.8,0.07012987012987013,0
2026-09-22T23:36:40Z,currencyservice,153.0,770,0.8,0.1987012987012987,0
2026-09-22T23:36:40Z,emailservice,50.0,155,0.8,0.3225806451612903,0
2026-09-22T23:36:40Z,adservice,48.0,1150,0.8,0.04173913043478261,0
2026-09-22T23:36:40Z,redis-cart,24.0,540,0.8,0.044444444444444446,0
2026-09-22T23:36:41Z,frontend,495.0,1150,0.8,0.43043478260869567,0
2026-09-22T23:36:41Z,cartservice,304.0,1920,0.95,0.15833333333333333,0
2026-09-22T23:36:41Z,checkoutservice,296.0,615,0.8,0.4813008130081301,0
2026-09-22T23:36:41Z,productcatalogservice,235.0,1535,0.95,0.15309446254071662,0
2026-09-22T23:36:41Z,paymentservice,13.0,155,0.8,0.08387096774193549,0
2026-09-22T23:36:41Z,recommendationservice,276.0,1150,0.8,0.24,0
2026-09-22T23:36:41Z,shippingservice,67.0,770,0.8,0.08701298701298701,0
2026-09-22T23:36:41Z,currencyservice,158.0,770,0.8,0.2051948051948052,0
2026-09-22T23:36:41Z,emailservice,50.0,155,0.8,0.3225806451612903,0
2026-09-22T23:36:41Z,adservice,48.0,1150,0.8,0.04173913043478261,0
2026-09-22T23:36:41Z,redis-cart,26.0,540,0.8,0.04814814814814815,0
2026-09-22T23:36:42Z,frontend,607.0,1150,0.8,0.5278260869565218,0
2026-09-22T23:36:42Z,cartservice,304.0,1920,0.95,0.15833333333333333,0
2026-09-22T23:36:42Z,checkoutservice,296.0,615,0.8,0.4813008130081301,0
2026-09-22T23:36:42Z,productcatalogservice,235.0,1535,0.95,0.15309446254071662,0
2026-09-22T23:36:42Z,paymentservice,32.0,155,0.8,0.2064516129032258,0
2026-09-22T23:36:42Z,recommendationservice,276.0,1150,0.8,0.24,0
2026-09-22T23:36:42Z,shippingservice,57.0,770,0.8,0.07402597402597402,0
2026-09-22T23:36:42Z,currencyservice,158.0,770,0.8,0.2051948051948052,0
2026-09-22T23:36:42Z,emailservice,39.0,155,0.8,0.25161290322580643,0
2026-09-22T23:36:42Z,adservice,69.0,1150,0.8,0.06,0
2026-09-22T23:36:42Z,redis-cart,26.0,540,0.8,0.04814814814814815,0
2026-09-22T23:36:43Z,frontend,510.0,1150,0.8,0.4434782608695652,0
2026-09-22T23:36:43Z,cartservice,276.0,1920,0.95,0.14375,0
2026-09-22T23:36:43Z,checkoutservice,350.0,615,0.8,0.5691056910569106,0
2026-09-22T23:36:43Z,productcatalogservice,233.0,1535,0.95,0.1517915309446254,0
2026-09-22T23:36:43Z,paymentservice,32.0,155,0.8,0.2064516129032258,0
2026-09-22T23:36:43Z,recommendationservice,274.0,1150,0.8,0.2382608695652174,0
2026-09-22T23:36:43Z,shippingservice,65.0,770,0.8,0.08441558441558442,0
2026-09-22T23:36:43Z,currencyservice,166.0,770,0.8,0.21558441558441557,0
2026-09-22T23:36:43Z,emailservice,59.0,155,0.8,0.38064516129032255,0
2026-09-22T23:36:43Z,adservice,69.0,1150,0.8,0.06,0
2026-09-22T23:36:43Z,redis-cart,24.0,540,0.8,0.044444444444444446,0
2026-09-22T23:36:44Z,frontend,510.0,1150,0.8,0.4434782608695652,0
2026-09-22T23:36:44Z,cartservice,333.0,1920,0.95,0.1734375,0
2026-09-22T23:36:44Z,checkoutservice,333.0,615,0.8,0.5414634146341464,0
2026-09-22T23:36:44Z,productcatalogservice,225.0,1535,0.95,0.1465798045602606,0
2026-09-22T23:36:44Z,paymentservice,25.0,155,0.8,0.16129032258064516,0
2026-09-22T23:36:44Z,recommendationservice,281.0,1150,0.8,0.24434782608695652,0
2026-09-22T23:36:44Z,shippingservice,51.0,770,0.8,0.06623376623376623,0
2026-09-22T23:36:44Z,currencyservice,166.0,770,0.8,0.21558441558441557,0
2026-09-22T23:36:44Z,emailservice,33.0,155,0.8,0.2129032258064516,0
2026-09-22T23:36:44Z,adservice,45.0,1150,0.8,0.0391304347826087,0
2026-09-22T23:36:44Z,redis-cart,22.0,540,0.8,0.040740740740740744,0
2026-09-22T23:36:45Z,frontend,484.0,1150,0.8,0.42086956521739133,0
2026-09-22T23:36:45Z,cartservice,333.0,1920,0.95,0.1734375,0
2026-09-22T23:36:45Z,checkoutservice,333.0,615,0.8,0.5414634146341464,0
2026-09-22T23:36:45Z,productcatalogservice,225.0,1535,0.95,0.1465798045602606,0
2026-09-22T23:36:45Z,paymentservice,25.0,155,0.8,0.16129032258064516,0
2026-09-22T23:36:45Z,recommendationservice,281.0,1150,0.8,0.24434782608695652,0
2026-09-22T23:36:45Z,shippingservice,51.0,770,0.8,0.06623376623376623,0
2026-09-22T23:36:45Z,currencyservice,168.0,770,0.8,0.21818181818181817,0
2026-09-22T23:36:45Z,emailservice,33.0,155,0.8,0.2129032258064516,0
2026-09-22T23:36:45Z,adservice,47.0,1150,0.8,0.0408695652173913,0
2026-09-22T23:36:45Z,redis-cart,22.0,540,0.8,0.040740740740740744,0
2026-09-22T23:36:46Z,frontend,579.0,1150,0.8,0.5034782608695653,0
2026-09-22T23:36:46Z,cartservice,333.0,1920,0.95,0.1734375,0
2026-09-22T23:36:46Z,checkoutservice,347.0,615,0.8,0.5642276422764227,0
2026-09-22T23:36:46Z,productcatalogservice,230.0,1535,0.95,0.1498371335504886,0
2026-09-22T23:36:46Z,paymentservice,17.0,155,0.8,0.10967741935483871,0
2026-09-22T23:36:46Z,recommendationservice,213.0,1150,0.8,0.18521739130434783,0
2026-09-22T23:36:46Z,shippingservice,91.0,770,0.8,0.11818181818181818,0
2026-09-22T23:36:46Z,currencyservice,168.0,770,0.8,0.21818181818181817,0
2026-09-22T23:36:46Z,emailservice,48.0,155,0.8,0.3096774193548387,0
2026-09-22T23:36:46Z,adservice,47.0,1150,0.8,0.0408695652173913,0
2026-09-22T23:36:46Z,redis-cart,28.0,540,0.8,0.05185185185185185,0
2026-09-22T23:36:47Z,frontend,507.0,1150,0.8,0.4408695652173913,0
2026-09-22T23:36:47Z,cartservice,333.0,1920,0.95,0.1734375,0
2026-09-22T23:36:47Z,checkoutservice,347.0,615,0.8,0.5642276422764227,0
2026-09-22T23:36:47Z,productcatalogservice,230.0,1535,0.95,0.1498371335504886,0
2026-09-22T23:36:47Z,paymentservice,18.0,155,0.8,0.11612903225806452,0
2026-09-22T23:36:47Z,recommendationservice,291.0,1150,0.8,0.2530434782608696,0
2026-09-22T23:36:47Z,shippingservice,91.0,770,0.8,0.11818181818181818,0
2026-09-22T23:36:47Z,currencyservice,139.0,770,0.8,0.18051948051948052,0
2026-09-22T23:36:47Z,emailservice,48.0,155,0.8,0.3096774193548387,0
2026-09-22T23:36:47Z,adservice,43.0,1150,0.8,0.03739130434782609,0
2026-09-22T23:36:47Z,redis-cart,21.0,540,0.8,0.03888888888888889,0
2026-09-22T23:36:48Z,frontend,556.0,1150,0.8,0.4834782608695652,0
2026-09-22T23:36:48Z,cartservice,217.0,1920,0.95,0.11302083333333333,0
2026-09-22T23:36:48Z,checkoutservice,340.0,615,0.8,0.5528455284552846,0
2026-09-22T23:36:48Z,productcatalogservice,213.0,1535,0.95,0.13876221498371336,0
2026-09-22T23:36:48Z,paymentservice,18.0,155,0.8,0.11612903225806452,0
2026-09-22T23:36:48Z,recommendationservice,291.0,1150,0.8,0.2530434782608696,0
2026-09-22T23:36:48Z,shippingservice,63.0,770,0.8,0.08181818181818182,0
2026-09-22T23:36:48Z,currencyservice,144.0,770,0.8,0.18701298701298702,0
2026-09-22T23:36:48Z,emailservice,49.0,155,0.8,0.3161290322580645,0
2026-09-22T23:36:48Z,adservice,43.0,1150,0.8,0.03739130434782609,0
2026-09-22T23:36:48Z,redis-cart,21.0,540,0.8,0.03888888888888889,0
2026-09-22T23:36:49Z,frontend,556.0,1150,0.8,0.4834782608695652,0
2026-09-22T23:36:49Z,cartservice,298.0,1920,0.95,0.15520833333333334,0
2026-09-22T23:36:49Z,checkoutservice,313.0,615,0.8,0.5089430894308943,0
2026-09-22T23:36:49Z,productcatalogservice,245.0,1535,0.95,0.15960912052117263,0
2026-09-22T23:36:49Z,paymentservice,48.0,155,0.8,0.3096774193548387,0
2026-09-22T23:36:49Z,recommendationservice,242.0,1150,0.8,0.21043478260869566,0
2026-09-22T23:36:49Z,shippingservice,63.0,770,0.8,0.08181818181818182,0
2026-09-22T23:36:49Z,currencyservice,152.0,770,0.8,0.1974025974025974,0
2026-09-22T23:36:49Z,emailservice,49.0,155,0.8,0.3161290322580645,0
2026-09-22T23:36:49Z,adservice,43.0,1150,0.8,0.03739130434782609,0
2026-09-22T23:36:49Z,redis-cart,27.0,540,0.8,0.05,0
2026-09-22T23:36:50Z,frontend,555.0,1150,0.8,0.4826086956521739,0
2026-09-22T23:36:50Z,cartservice,298.0,1920,0.95,0.15520833333333334,0
2026-09-22T23:36:50Z,checkoutservice,270.0,615,0.8,0.43902439024390244,0
2026-09-22T23:36:50Z,productcatalogservice,231.0,1535,0.95,0.1504885993485342,0
2026-09-22T23:36:50Z,paymentservice,15.0,155,0.8,0.0967741935483871,0
2026-09-22T23:36:50Z,recommendationservice,273.0,1150,0.8,0.2373913043478261,0
2026-09-22T23:36:50Z,shippingservice,56.0,770,0.8,0.07272727272727272,0
2026-09-22T23:36:50Z,currencyservice,152.0,770,0.8,0.1974025974025974,0
2026-09-22T23:36:50Z,emailservice,47.0,155,0.8,0.3032258064516129,0
2026-09-22T23:36:50Z,adservice,43.0,1150,0.8,0.03739130434782609,0
2026-09-22T23:36:50Z,redis-cart,27.0,540,0.8,0.05,0
2026-09-22T23:36:51Z,frontend,524.0,1150,0.8,0.45565217391304347,0
2026-09-22T23:36:51Z,cartservice,198.0,1920,0.95,0.103125,0
2026-09-22T23:36:51Z,checkoutservice,270.0,615,0.8,0.43902439024390244,0
2026-09-22T23:36:51Z,productcatalogservice,231.0,1535,0.95,0.1504885993485342,0
2026-09-22T23:36:51Z,paymentservice,15.0,155,0.8,0.0967741935483871,0
2026-09-22T23:36:51Z,recommendationservice,273.0,1150,0.8,0.2373913043478261,0
2026-09-22T23:36:51Z,shippingservice,56.0,770,0.8,0.07272727272727272,0
2026-09-22T23:36:51Z,currencyservice,150.0,770,0.8,0.19480519480519481,0
2026-09-22T23:36:51Z,emailservice,47.0,155,0.8,0.3032258064516129,0
2026-09-22T23:36:51Z,adservice,43.0,1150,0.8,0.03739130434782609,0
2026-09-22T23:36:51Z,redis-cart,21.0,540,0.8,0.03888888888888889,0
2026-09-22T23:36:52Z,frontend,524.0,1150,0.8,0.45565217391304347,0
2026-09-22T23:36:52Z,cartservice,274.0,1920,0.95,0.14270833333333333,0
2026-09-22T23:36:52Z,checkoutservice,337.0,615,0.8,0.5479674796747968,0
2026-09-22T23:36:52Z,productcatalogservice,210.0,1535,0.95,0.13680781758957655,0
2026-09-22T23:36:52Z,paymentservice,30.0,155,0.8,0.1935483870967742,0
2026-09-22T23:36:52Z,recommendationservice,252.0,1150,0.8,0.21913043478260869,0
2026-09-22T23:36:52Z,shippingservice,67.0,770,0.8,0.08701298701298701,0
2026-09-22T23:36:52Z,currencyservice,150.0,770,0.8,0.19480519480519481,0
2026-09-22T23:36:52Z,emailservice,34.0,155,0.8,0.21935483870967742,0
2026-09-22T23:36:52Z,adservice,40.0,1150,0.8,0.034782608695652174,0
2026-09-22T23:36:52Z,redis-cart,23.0,540,0.8,0.04259259259259259,0
2026-09-22T23:36:53Z,frontend,537.0,1150,0.8,0.46695652173913044,0
2026-09-22T23:36:53Z,cartservice,274.0,1920,0.95,0.14270833333333333,0
2026-09-22T23:36:53Z,checkoutservice,355.0,615,0.8,0.5772357723577236,0
2026-09-22T23:36:53Z,productcatalogservice,210.0,1535,0.95,0.13680781758957655,0
2026-09-22T23:36:53Z,paymentservice,30.0,155,0.8,0.1935483870967742,0
2026-09-22T23:36:53Z,recommendationservice,292.0,1150,0.8,0.2539130434782609,0
2026-09-22T23:36:53Z,shippingservice,58.0,770,0.8,0.07532467532467532,0
2026-09-22T23:36:53Z,currencyservice,147.0,770,0.8,0.19090909090909092,0
2026-09-22T23:36:53Z,emailservice,59.0,155,0.8,0.38064516129032255,0
2026-09-22T23:36:53Z,adservice,45.0,1150,0.8,0.0391304347826087,0
2026-09-22T23:36:53Z,redis-cart,23.0,540,0.8,0.04259259259259259,0
2026-09-22T23:36:54Z,frontend,532.0,1150,0.8,0.46260869565217394,0
2026-09-22T23:36:54Z,cartservice,272.0,1920,0.95,0.14166666666666666,0
2026-09-22T23:36:54Z,checkoutservice,317.0,615,0.8,0.5154471544715448,0
2026-09-22T23:36:54Z,productcatalogservice,224.0,1535,0.95,0.14592833876221498,0
2026-09-22T23:36:54Z,paymentservice,32.0,155,0.8,0.2064516129032258,0
2026-09-22T23:36:54Z,recommendationservice,240.0,1150,0.8,0.20869565217391303,0
2026-09-22T23:36:54Z,shippingservice,58.0,770,0.8,0.07532467532467532,0
2026-09-22T23:36:54Z,currencyservice,129.0,770,0.8,0.16753246753246753,0
2026-09-22T23:36:54Z,emailservice,32.0,155,0.8,0.2064516129032258,0
2026-09-22T23:36:54Z,adservice,45.0,1150,0.8,0.0391304347826087,0
2026-09-22T23:36:54Z,redis-cart,22.0,540,0.8,0.040740740740740744,0
2026-09-22T23:36:55Z,frontend,532.0,1150,0.8,0.46260869565217394,0
2026-09-22T23:36:55Z,cartservice,272.0,1920,0.95,0.14166666666666666,0
2026-09-22T23:36:55Z,checkoutservice,317.0,615,0.8,0.5154471544715448,0
2026-09-22T23:36:55Z,productcatalogservice,235.0,1535,0.95,0.15309446254071662,0
2026-09-22T23:36:55Z,paymentservice,13.0,155,0.8,0.08387096774193549,0
2026-09-22T23:36:55Z,recommendationservice,240.0,1150,0.8,0.20869565217391303,0
2026-09-22T23:36:55Z,shippingservice,61.0,770,0.8,0.07922077922077922,0
2026-09-22T23:36:55Z,currencyservice,129.0,770,0.8,0.16753246753246753,0
2026-09-22T23:36:55Z,emailservice,64.0,155,0.8,0.4129032258064516,0
2026-09-22T23:36:55Z,adservice,59.0,1150,0.8,0.051304347826086956,0
2026-09-22T23:36:55Z,redis-cart,22.0,540,0.8,0.040740740740740744,0
2026-09-22T23:36:56Z,frontend,515.0,1150,0.8,0.44782608695652176,0
2026-09-22T23:36:56Z,cartservice,254.0,1920,0.95,0.13229166666666667,0
2026-09-22T23:36:56Z,checkoutservice,327.0,615,0.8,0.5317073170731708,0
2026-09-22T23:36:56Z,productcatalogservice,220.0,1535,0.95,0.14332247557003258,0
2026-09-22T23:36:56Z,paymentservice,14.0,155,0.8,0.09032258064516129,0
2026-09-22T23:36:56Z,recommendationservice,251.0,1150,0.8,0.2182608695652174,0
2026-09-22T23:36:56Z,shippingservice,90.0,770,0.8,0.11688311688311688,0
2026-09-22T23:36:56Z,currencyservice,143.0,770,0.8,0.18571428571428572,0
2026-09-22T23:36:56Z,emailservice,64.0,155,0.8,0.4129032258064516,0
2026-09-22T23:36:56Z,adservice,56.0,1150,0.8,0.04869565217391304,0
2026-09-22T23:36:56Z,redis-cart,24.0,540,0.8,0.044444444444444446,0
2026-09-22T23:36:57Z,frontend,513.0,1150,0.8,0.44608695652173913,0
2026-09-22T23:36:57Z,cartservice,404.0,1920,0.95,0.21041666666666667,0
2026-09-22T23:36:57Z,checkoutservice,316.0,615,0.8,0.5138211382113821,0
2026-09-22T23:36:57Z,productcatalogservice,220.0,1535,0.95,0.14332247557003258,0
2026-09-22T23:36:57Z,paymentservice,14.0,155,0.8,0.09032258064516129,0
2026-09-22T23:36:57Z,recommendationservice,251.0,1150,0.8,0.2182608695652174,0
2026-09-22T23:36:57Z,shippingservice,90.0,770,0.8,0.11688311688311688,0
2026-09-22T23:36:57Z,currencyservice,143.0,770,0.8,0.18571428571428572,0
2026-09-22T23:36:57Z,emailservice,46.0,155,0.8,0.2967741935483871,0
2026-09-22T23:36:57Z,adservice,56.0,1150,0.8,0.04869565217391304,0
2026-09-22T23:36:57Z,redis-cart,25.0,540,0.8,0.046296296296296294,0
2026-09-22T23:36:58Z,frontend,575.0,1150,0.8,0.5,0
2026-09-22T23:36:58Z,cartservice,244.0,1920,0.95,0.12708333333333333,0
2026-09-22T23:36:58Z,checkoutservice,316.0,615,0.8,0.5138211382113821,0
2026-09-22T23:36:58Z,productcatalogservice,239.0,1535,0.95,0.15570032573289902,0
2026-09-22T23:36:58Z,paymentservice,21.0,155,0.8,0.13548387096774195,0
2026-09-22T23:36:58Z,recommendationservice,269.0,1150,0.8,0.23391304347826086,0
2026-09-22T23:36:58Z,shippingservice,56.0,770,0.8,0.07272727272727272,0
2026-09-22T23:36:58Z,currencyservice,147.0,770,0.8,0.19090909090909092,0
2026-09-22T23:36:58Z,emailservice,38.0,155,0.8,0.24516129032258063,0
2026-09-22T23:36:58Z,adservice,42.0,1150,0.8,0.036521739130434785,0
2026-09-22T23:36:58Z,redis-cart,25.0,540,0.8,0.046296296296296294,0
2026-09-22T23:36:59Z,frontend,575.0,1150,0.8,0.5,0
2026-09-22T23:36:59Z,cartservice,244.0,1920,0.95,0.12708333333333333,0
2026-09-22T23:36:59Z,checkoutservice,350.0,615,0.8,0.5691056910569106,0
2026-09-22T23:36:59Z,productcatalogservice,239.0,1535,0.95,0.15570032573289902,0
2026-09-22T23:36:59Z,paymentservice,21.0,155,0.8,0.13548387096774195,0
2026-09-22T23:36:59Z,recommendationservice,255.0,1150,0.8,0.2217391304347826,0
2026-09-22T23:36:59Z,shippingservice,56.0,770,0.8,0.07272727272727272,0
2026-09-22T23:36:59Z,currencyservice,147.0,770,0.8,0.19090909090909092,0
2026-09-22T23:36:59Z,emailservice,38.0,155,0.8,0.24516129032258063,0
2026-09-22T23:36:59Z,adservice,42.0,1150,0.8,0.036521739130434785,0
2026-09-22T23:36:59Z,redis-cart,25.0,540,0.8,0.046296296296296294,0
2026-09-22T23:40:38Z,frontend,0.0,1150,0.8,0.0,0
2026-09-22T23:40:38Z,cartservice,0.0,1920,0.95,0.0,0
2026-09-22T23:40:38Z,checkoutservice,0.0,615,0.8,0.0,0
2026-09-22T23:40:38Z,productcatalogservice,0.0,1535,0.95,0.0,0
2026-09-22T23:40:38Z,paymentservice,0.0,155,0.8,0.0,0
2026-09-22T23:40:38Z,recommendationservice,28.0,1150,0.8,0.02434782608695652,0
2026-09-22T23:40:38Z,shippingservice,0.0,770,0.8,0.0,0
2026-09-22T23:40:38Z,currencyservice,0.0,770,0.8,0.0,0
2026-09-22T23:40:38Z,emailservice,14.0,155,0.8,0.09032258064516129,0
2026-09-22T23:40:38Z,adservice,26.0,1150,0.8,0.022608695652173914,0
2026-09-22T23:40:38Z,redis-cart,5.0,540,0.8,0.009259259259259259,0
2026-09-22T23:40:39Z,frontend,0.0,1150,0.8,0.0,0
2026-09-22T23:40:39Z,cartservice,0.0,1920,0.95,0.0,0
2026-09-22T23:40:39Z,checkoutservice,0.0,615,0.8,0.0,0
2026-09-22T23:40:39Z,productcatalogservice,16.0,1535,0.95,0.010423452768729642,0
2026-09-22T23:40:39Z,paymentservice,0.0,155,0.8,0.0,0
2026-09-22T23:40:39Z,recommendationservice,0.0,1150,0.8,0.0,0
2026-09-22T23:40:39Z,shippingservice,0.0,770,0.8,0.0,0
2026-09-22T23:40:39Z,currencyservice,15.0,770,0.8,0.01948051948051948,0
2026-09-22T23:40:39Z,emailservice,0.0,155,0.8,0.0,0
2026-09-22T23:40:39Z,adservice,43.0,1150,0.8,0.03739130434782609,0
2026-09-22T23:40:39Z,redis-cart,5.0,540,0.8,0.009259259259259259,0
2026-09-22T23:40:40Z,frontend,0.0,1150,0.8,0.0,0
2026-09-22T23:40:40Z,cartservice,0.0,1920,0.95,0.0,0
2026-09-22T23:40:40Z,checkoutservice,0.0,615,0.8,0.0,0
2026-09-22T23:40:40Z,productcatalogservice,16.0,1535,0.95,0.010423452768729642,0
2026-09-22T23:40:40Z,paymentservice,0.0,155,0.8,0.0,0
2026-09-22T23:40:40Z,recommendationservice,0.0,1150,0.8,0.0,0
2026-09-22T23:40:40Z,shippingservice,0.0,770,0.8,0.0,0
2026-09-22T23:40:40Z,currencyservice,15.0,770,0.8,0.01948051948051948,0
2026-09-22T23:40:40Z,emailservice,16.0,155,0.8,0.1032258064516129,0
2026-09-22T23:40:40Z,adservice,25.0,1150,0.8,0.021739130434782608,0
2026-09-22T23:40:40Z,redis-cart,5.0,540,0.8,0.009259259259259259,0
2026-09-22T23:40:41Z,frontend,0.0,1150,0.8,0.0,0
2026-09-22T23:40:41Z,cartservice,0.0,1920,0.95,0.0,0
2026-09-22T23:40:41Z,checkoutservice,0.0,615,0.8,0.0,0
2026-09-22T23:40:41Z,productcatalogservice,0.0,1535,0.95,0.0,0
2026-09-22T23:40:41Z,paymentservice,0.0,155,0.8,0.0,0
2026-09-22T23:40:41Z,recommendationservice,0.0,1150,0.8,0.0,0
2026-09-22T23:40:41Z,shippingservice,11.0,770,0.8,0.014285714285714285,0
2026-09-22T23:40:41Z,currencyservice,0.0,770,0.8,0.0,0
2026-09-22T23:40:41Z,emailservice,0.0,155,0.8,0.0,0
2026-09-22T23:40:41Z,adservice,25.0,1150,0.8,0.021739130434782608,0
2026-09-22T23:40:41Z,redis-cart,6.0,540,0.8,0.011111111111111112,0
2026-09-22T23:40:42Z,frontend,0.0,1150,0.8,0.0,0
2026-09-22T23:40:42Z,cartservice,0.0,1920,0.95,0.0,0
2026-09-22T23:40:42Z,checkoutservice,13.0,615,0.8,0.02113821138211382,0
2026-09-22T23:40:42Z,productcatalogservice,0.0,1535,0.95,0.0,0
2026-09-22T23:40:42Z,paymentservice,0.0,155,0.8,0.0,0
2026-09-22T23:40:42Z,recommendationservice,36.0,1150,0.8,0.03130434782608696,0
2026-09-22T23:40:42Z,shippingservice,0.0,770,0.8,0.0,0
2026-09-22T23:40:42Z,currencyservice,0.0,770,0.8,0.0,0
2026-09-22T23:40:42Z,emailservice,0.0,155,0.8,0.0,0
2026-09-22T23:40:42Z,adservice,36.0,1150,0.8,0.03130434782608696,0
2026-09-22T23:40:42Z,redis-cart,6.0,540,0.8,0.011111111111111112,0
2026-09-22T23:40:43Z,frontend,0.0,1150,0.8,0.0,0
2026-09-22T23:40:43Z,cartservice,0.0,1920,0.95,0.0,0
2026-09-22T23:40:43Z,checkoutservice,13.0,615,0.8,0.02113821138211382,0
2026-09-22T23:40:43Z,productcatalogservice,0.0,1535,0.95,0.0,0
2026-09-22T23:40:43Z,paymentservice,18.0,155,0.8,0.11612903225806452,0
2026-09-22T23:40:43Z,recommendationservice,36.0,1150,0.8,0.03130434782608696,0
2026-09-22T23:40:43Z,shippingservice,0.0,770,0.8,0.0,0
2026-09-22T23:40:43Z,currencyservice,11.0,770,0.8,0.014285714285714285,0
2026-09-22T23:40:43Z,emailservice,15.0,155,0.8,0.0967741935483871,0
2026-09-22T23:40:43Z,adservice,36.0,1150,0.8,0.03130434782608696,0
2026-09-22T23:40:43Z,redis-cart,5.0,540,0.8,0.009259259259259259,0
2026-09-22T23:40:44Z,frontend,0.0,1150,0.8,0.0,0
2026-09-22T23:40:44Z,cartservice,0.0,1920,0.95,0.0,0
2026-09-22T23:40:44Z,checkoutservice,0.0,615,0.8,0.0,0
2026-09-22T23:40:44Z,productcatalogservice,0.0,1535,0.95,0.0,0
2026-09-22T23:40:44Z,paymentservice,18.0,155,0.8,0.11612903225806452,0
2026-09-22T23:40:44Z,recommendationservice,0.0,1150,0.8,0.0,0
2026-09-22T23:40:44Z,shippingservice,0.0,770,0.8,0.0,0
2026-09-22T23:40:44Z,currencyservice,0.0,770,0.8,0.0,0
2026-09-22T23:40:44Z,emailservice,15.0,155,0.8,0.0967741935483871,0
2026-09-22T23:40:44Z,adservice,26.0,1150,0.8,0.022608695652173914,0
2026-09-22T23:40:44Z,redis-cart,5.0,540,0.8,0.009259259259259259,0
2026-09-22T23:40:45Z,frontend,0.0,1150,0.8,0.0,0
2026-09-22T23:40:45Z,cartservice,15.0,1920,0.95,0.0078125,0
2026-09-22T23:40:45Z,checkoutservice,0.0,615,0.8,0.0,0
2026-09-22T23:40:45Z,productcatalogservice,0.0,1535,0.95,0.0,0
2026-09-22T23:40:45Z,paymentservice,18.0,155,0.8,0.11612903225806452,0
2026-09-22T23:40:45Z,recommendationservice,0.0,1150,0.8,0.0,0
2026-09-22T23:40:45Z,shippingservice,0.0,770,0.8,0.0,0
2026-09-22T23:40:45Z,currencyservice,0.0,770,0.8,0.0,0
2026-09-22T23:40:45Z,emailservice,14.0,155,0.8,0.09032258064516129,0
2026-09-22T23:40:45Z,adservice,26.0,1150,0.8,0.022608695652173914,0
2026-09-22T23:40:45Z,redis-cart,5.0,540,0.8,0.009259259259259259,0
2026-09-22T23:40:46Z,frontend,0.0,1150,0.8,0.0,0
2026-09-22T23:40:46Z,cartservice,15.0,1920,0.95,0.0078125,0
2026-09-22T23:40:46Z,checkoutservice,13.0,615,0.8,0.02113821138211382,0
2026-09-22T23:40:46Z,productcatalogservice,10.0,1535,0.95,0.006514657980456026,0
2026-09-22T23:40:46Z,paymentservice,0.0,155,0.8,0.0,0
2026-09-22T23:40:46Z,recommendationservice,0.0,1150,0.8,0.0,0
2026-09-22T23:40:46Z,shippingservice,14.0,770,0.8,0.01818181818181818,0
2026-09-22T23:40:46Z,currencyservice,0.0,770,0.8,0.0,0
2026-09-22T23:40:46Z,emailservice,14.0,155,0.8,0.09032258064516129,0
2026-09-22T23:40:46Z,adservice,27.0,1150,0.8,0.023478260869565216,0
2026-09-22T23:40:46Z,redis-cart,5.0,540,0.8,0.009259259259259259,0
2026-09-22T23:40:47Z,frontend,0.0,1150,0.8,0.0,0
2026-09-22T23:40:47Z,cartservice,17.0,1920,0.95,0.008854166666666666,0
2026-09-22T23:40:47Z,checkoutservice,0.0,615,0.8,0.0,0
2026-09-22T23:40:47Z,productcatalogservice,0.0,1535,0.95,0.0,0
2026-09-22T23:40:47Z,paymentservice,0.0,155,0.8,0.0,0
2026-09-22T23:40:47Z,recommendationservice,0.0,1150,0.8,0.0,0
2026-09-22T23:40:47Z,shippingservice,12.0,770,0.8,0.015584415584415584,0
2026-09-22T23:40:47Z,currencyservice,0.0,770,0.8,0.0,0
2026-09-22T23:40:47Z,emailservice,0.0,155,0.8,0.0,0
2026-09-22T23:40:47Z,adservice,27.0,1150,0.8,0.023478260869565216,0
2026-09-22T23:40:47Z,redis-cart,5.0,540,0.8,0.009259259259259259,0
2026-09-22T23:40:48Z,frontend,0.0,1150,0.8,0.0,0
2026-09-22T23:40:48Z,cartservice,0.0,1920,0.95,0.0,0
2026-09-22T23:40:48Z,checkoutservice,0.0,615,0.8,0.0,0
2026-09-22T23:40:48Z,productcatalogservice,0.0,1535,0.95,0.0,0
2026-09-22T23:40:48Z,paymentservice,0.0,155,0.8,0.0,0
2026-09-22T23:40:48Z,recommendationservice,32.0,1150,0.8,0.02782608695652174,0
2026-09-22T23:40:48Z,shippingservice,12.0,770,0.8,0.015584415584415584,0
2026-09-22T23:40:48Z,currencyservice,0.0,770,0.8,0.0,0
2026-09-22T23:40:48Z,emailservice,23.0,155,0.8,0.14838709677419354,0
2026-09-22T23:40:48Z,adservice,27.0,1150,0.8,0.023478260869565216,0
2026-09-22T23:40:48Z,redis-cart,5.0,540,0.8,0.009259259259259259,0
2026-09-22T23:40:49Z,frontend,0.0,1150,0.8,0.0,0
2026-09-22T23:40:49Z,cartservice,0.0,1920,0.95,0.0,0
2026-09-22T23:40:49Z,checkoutservice,0.0,615,0.8,0.0,0
2026-09-22T23:40:49Z,productcatalogservice,15.0,1535,0.95,0.009771986970684038,0
2026-09-22T23:40:49Z,paymentservice,0.0,155,0.8,0.0,0
2026-09-22T23:40:49Z,recommendationservice,0.0,1150,0.8,0.0,0
2026-09-22T23:40:49Z,shippingservice,0.0,770,0.8,0.0,0
2026-09-22T23:40:49Z,currencyservice,13.0,770,0.8,0.016883116883116882,0
2026-09-22T23:40:49Z,emailservice,16.0,155,0.8,0.1032258064516129,0
2026-09-22T23:40:49Z,adservice,27.0,1150,0.8,0.023478260869565216,0
2026-09-22T23:40:49Z,redis-cart,5.0,540,0.8,0.009259259259259259,0
2026-09-22T23:40:50Z,frontend,0.0,1150,0.8,0.0,0
2026-09-22T23:40:50Z,cartservice,0.0,1920,0.95,0.0,0
2026-09-22T23:40:50Z,checkoutservice,0.0,615,0.8,0.0,0
2026-09-22T23:40:50Z,productcatalogservice,0.0,1535,0.95,0.0,0
2026-09-22T23:40:50Z,paymentservice,0.0,155,0.8,0.0,0
2026-09-22T23:40:50Z,recommendationservice,0.0,1150,0.8,0.0,0
2026-09-22T23:40:50Z,shippingservice,0.0,770,0.8,0.0,0
2026-09-22T23:40:50Z,currencyservice,0.0,770,0.8,0.0,0
2026-09-22T23:40:50Z,emailservice,16.0,155,0.8,0.1032258064516129,0
2026-09-22T23:40:50Z,adservice,25.0,1150,0.8,0.021739130434782608,0
2026-09-22T23:40:50Z,redis-cart,5.0,540,0.8,0.009259259259259259,0
2026-09-22T23:40:51Z,frontend,0.0,1150,0.8,0.0,0
2026-09-22T23:40:51Z,cartservice,0.0,1920,0.95,0.0,0
2026-09-22T23:40:51Z,checkoutservice,0.0,615,0.8,0.0,0
2026-09-22T23:40:51Z,productcatalogservice,0.0,1535,0.95,0.0,0
2026-09-22T23:40:51Z,paymentservice,0.0,155,0.8,0.0,0
2026-09-22T23:40:51Z,recommendationservice,0.0,1150,0.8,0.0,0
2026-09-22T23:40:51Z,shippingservice,0.0,770,0.8,0.0,0
2026-09-22T23:40:51Z,currencyservice,0.0,770,0.8,0.0,0
2026-09-22T23:40:51Z,emailservice,0.0,155,0.8,0.0,0
2026-09-22T23:40:51Z,adservice,25.0,1150,0.8,0.021739130434782608,0
2026-09-22T23:40:51Z,redis-cart,6.0,540,0.8,0.011111111111111112,0
2026-09-22T23:40:52Z,frontend,0.0,1150,0.8,0.0,0
2026-09-22T23:40:52Z,cartservice,0.0,1920,0.95,0.0,0
2026-09-22T23:40:52Z,checkoutservice,14.0,615,0.8,0.022764227642276424,0
2026-09-22T23:40:52Z,productcatalogservice,0.0,1535,0.95,0.0,0
2026-09-22T23:40:52Z,paymentservice,0.0,155,0.8,0.0,0
2026-09-22T23:40:52Z,recommendationservice,24.0,1150,0.8,0.020869565217391306,0
2026-09-22T23:40:52Z,shippingservice,15.0,770,0.8,0.01948051948051948,0
2026-09-22T23:40:52Z,currencyservice,11.0,770,0.8,0.014285714285714285,0
2026-09-22T23:40:52Z,emailservice,19.0,155,0.8,0.12258064516129032,0
2026-09-22T23:40:52Z,adservice,24.0,1150,0.8,0.020869565217391306,0
2026-09-22T23:40:52Z,redis-cart,6.0,540,0.8,0.011111111111111112,0
2026-09-22T23:40:53Z,frontend,0.0,1150,0.8,0.0,0
2026-09-22T23:40:53Z,cartservice,0.0,1920,0.95,0.0,0
2026-09-22T23:40:53Z,checkoutservice,0.0,615,0.8,0.0,0
2026-09-22T23:40:53Z,productcatalogservice,0.0,1535,0.95,0.0,0
2026-09-22T23:40:53Z,paymentservice,13.0,155,0.8,0.08387096774193549,0
2026-09-22T23:40:53Z,recommendationservice,0.0,1150,0.8,0.0,0
2026-09-22T23:40:53Z,shippingservice,0.0,770,0.8,0.0,0
2026-09-22T23:40:53Z,currencyservice,11.0,770,0.8,0.014285714285714285,0
2026-09-22T23:40:53Z,emailservice,19.0,155,0.8,0.12258064516129032,0
2026-09-22T23:40:53Z,adservice,25.0,1150,0.8,0.021739130434782608,0
2026-09-22T23:40:53Z,redis-cart,5.0,540,0.8,0.009259259259259259,0
2026-09-22T23:40:54Z,frontend,0.0,1150,0.8,0.0,0
2026-09-22T23:40:54Z,cartservice,13.0,1920,0.95,0.0067708333333333336,0
2026-09-22T23:40:54Z,checkoutservice,0.0,615,0.8,0.0,0
2026-09-22T23:40:54Z,productcatalogservice,0.0,1535,0.95,0.0,0
2026-09-22T23:40:54Z,paymentservice,18.0,155,0.8,0.11612903225806452,0
2026-09-22T23:40:54Z,recommendationservice,0.0,1150,0.8,0.0,0
2026-09-22T23:40:54Z,shippingservice,0.0,770,0.8,0.0,0
2026-09-22T23:40:54Z,currencyservice,0.0,770,0.8,0.0,0
2026-09-22T23:40:54Z,emailservice,0.0,155,0.8,0.0,0
2026-09-22T23:40:54Z,adservice,25.0,1150,0.8,0.021739130434782608,0
2026-09-22T23:40:54Z,redis-cart,6.0,540,0.8,0.011111111111111112,0
2026-09-22T23:40:55Z,frontend,0.0,1150,0.8,0.0,0
2026-09-22T23:40:55Z,cartservice,0.0,1920,0.95,0.0,0
2026-09-22T23:40:55Z,checkoutservice,0.0,615,0.8,0.0,0
2026-09-22T23:40:55Z,productcatalogservice,13.0,1535,0.95,0.008469055374592834,0
2026-09-22T23:40:55Z,paymentservice,18.0,155,0.8,0.11612903225806452,0
2026-09-22T23:40:55Z,recommendationservice,0.0,1150,0.8,0.0,0
2026-09-22T23:40:55Z,shippingservice,0.0,770,0.8,0.0,0
2026-09-22T23:40:55Z,currencyservice,0.0,770,0.8,0.0,0
2026-09-22T23:40:55Z,emailservice,20.0,155,0.8,0.12903225806451613,0
2026-09-22T23:40:55Z,adservice,40.0,1150,0.8,0.034782608695652174,0
2026-09-22T23:40:55Z,redis-cart,6.0,540,0.8,0.011111111111111112,0
2026-09-22T23:40:56Z,frontend,0.0,1150,0.8,0.0,0
2026-09-22T23:40:56Z,cartservice,0.0,1920,0.95,0.0,0
2026-09-22T23:40:56Z,checkoutservice,22.0,615,0.8,0.03577235772357724,0
2026-09-22T23:40:56Z,productcatalogservice,13.0,1535,0.95,0.008469055374592834,0
2026-09-22T23:40:56Z,paymentservice,0.0,155,0.8,0.0,0
2026-09-22T23:40:56Z,recommendationservice,0.0,1150,0.8,0.0,0
2026-09-22T23:40:56Z,shippingservice,31.0,770,0.8,0.04025974025974026,0
2026-09-22T23:40:56Z,currencyservice,0.0,770,0.8,0.0,0
2026-09-22T23:40:56Z,emailservice,0.0,155,0.8,0.0,0
2026-09-22T23:40:56Z,adservice,39.0,1150,0.8,0.03391304347826087,0
2026-09-22T23:40:56Z,redis-cart,5.0,540,0.8,0.009259259259259259,0
2026-09-22T23:40:57Z,frontend,0.0,1150,0.8,0.0,0
2026-09-22T23:40:57Z,cartservice,17.0,1920,0.95,0.008854166666666666,0
2026-09-22T23:40:57Z,checkoutservice,22.0,615,0.8,0.03577235772357724,0
2026-09-22T23:40:57Z,productcatalogservice,0.0,1535,0.95,0.0,0
2026-09-22T23:40:57Z,paymentservice,0.0,155,0.8,0.0,0
2026-09-22T23:40:57Z,recommendationservice,0.0,1150,0.8,0.0,0
2026-09-22T23:40:57Z,shippingservice,31.0,770,0.8,0.04025974025974026,0
2026-09-22T23:40:57Z,currencyservice,0.0,770,0.8,0.0,0
2026-09-22T23:40:57Z,emailservice,20.0,155,0.8,0.12903225806451613,0
2026-09-22T23:40:57Z,adservice,39.0,1150,0.8,0.03391304347826087,0
2026-09-22T23:40:57Z,redis-cart,5.0,540,0.8,0.009259259259259259,0
2026-09-22T23:40:58Z,frontend,0.0,1150,0.8,0.0,0
2026-09-22T23:40:58Z,cartservice,0.0,1920,0.95,0.0,0
2026-09-22T23:40:58Z,checkoutservice,0.0,615,0.8,0.0,0
2026-09-22T23:40:58Z,productcatalogservice,0.0,1535,0.95,0.0,0
2026-09-22T23:40:58Z,paymentservice,0.0,155,0.8,0.0,0
2026-09-22T23:40:58Z,recommendationservice,33.0,1150,0.8,0.028695652173913042,0
2026-09-22T23:40:58Z,shippingservice,0.0,770,0.8,0.0,0
2026-09-22T23:40:58Z,currencyservice,0.0,770,0.8,0.0,0
2026-09-22T23:40:58Z,emailservice,20.0,155,0.8,0.12903225806451613,0
2026-09-22T23:40:58Z,adservice,25.0,1150,0.8,0.021739130434782608,0
2026-09-22T23:40:58Z,redis-cart,5.0,540,0.8,0.009259259259259259,0
2026-09-22T23:40:59Z,frontend,0.0,1150,0.8,0.0,0
2026-09-22T23:40:59Z,cartservice,0.0,1920,0.95,0.0,0
2026-09-22T23:40:59Z,checkoutservice,0.0,615,0.8,0.0,0
2026-09-22T23:40:59Z,productcatalogservice,21.0,1535,0.95,0.013680781758957655,0
2026-09-22T23:40:59Z,paymentservice,0.0,155,0.8,0.0,0
2026-09-22T23:40:59Z,recommendationservice,0.0,1150,0.8,0.0,0
2026-09-22T23:40:59Z,shippingservice,0.0,770,0.8,0.0,0
2026-09-22T23:40:59Z,currencyservice,0.0,770,0.8,0.0,0
2026-09-22T23:40:59Z,emailservice,0.0,155,0.8,0.0,0
2026-09-22T23:40:59Z,adservice,26.0,1150,0.8,0.022608695652173914,0
2026-09-22T23:40:59Z,redis-cart,6.0,540,0.8,0.011111111111111112,0
2026-09-22T23:41:00Z,frontend,0.0,1150,0.8,0.0,0
2026-09-22T23:41:00Z,cartservice,0.0,1920,0.95,0.0,0
2026-09-22T23:41:00Z,checkoutservice,0.0,615,0.8,0.0,0
2026-09-22T23:41:00Z,productcatalogservice,0.0,1535,0.95,0.0,0
2026-09-22T23:41:00Z,paymentservice,0.0,155,0.8,0.0,0
2026-09-22T23:41:00Z,recommendationservice,0.0,1150,0.8,0.0,0
2026-09-22T23:41:00Z,shippingservice,0.0,770,0.8,0.0,0
2026-09-22T23:41:00Z,currencyservice,14.0,770,0.8,0.01818181818181818,0
2026-09-22T23:41:00Z,emailservice,14.0,155,0.8,0.09032258064516129,0
2026-09-22T23:41:00Z,adservice,26.0,1150,0.8,0.022608695652173914,0
2026-09-22T23:41:00Z,redis-cart,6.0,540,0.8,0.011111111111111112,0
2026-09-22T23:41:01Z,frontend,0.0,1150,0.8,0.0,0
2026-09-22T23:41:01Z,cartservice,0.0,1920,0.95,0.0,0
2026-09-22T23:41:01Z,checkoutservice,0.0,615,0.8,0.0,0
2026-09-22T23:41:01Z,productcatalogservice,0.0,1535,0.95,0.0,0
2026-09-22T23:41:01Z,paymentservice,0.0,155,0.8,0.0,0
2026-09-22T23:41:01Z,recommendationservice,0.0,1150,0.8,0.0,0
2026-09-22T23:41:01Z,shippingservice,18.0,770,0.8,0.023376623376623377,0
2026-09-22T23:41:01Z,currencyservice,14.0,770,0.8,0.01818181818181818,0
2026-09-22T23:41:01Z,emailservice,14.0,155,0.8,0.09032258064516129,0
2026-09-22T23:41:01Z,adservice,26.0,1150,0.8,0.022608695652173914,0
2026-09-22T23:41:01Z,redis-cart,6.0,540,0.8,0.011111111111111112,0
2026-09-22T23:41:02Z,frontend,0.0,1150,0.8,0.0,0
2026-09-22T23:41:02Z,cartservice,0.0,1920,0.95,0.0,0
2026-09-22T23:41:02Z,checkoutservice,11.0,615,0.8,0.01788617886178862,0
2026-09-22T23:41:02Z,productcatalogservice,0.0,1535,0.95,0.0,0
2026-09-22T23:41:02Z,paymentservice,14.0,155,0.8,0.09032258064516129,0
2026-09-22T23:41:02Z,recommendationservice,0.0,1150,0.8,0.0,0
2026-09-22T23:41:02Z,shippingservice,18.0,770,0.8,0.023376623376623377,0
2026-09-22T23:41:02Z,currencyservice,11.0,770,0.8,0.014285714285714285,0
2026-09-22T23:41:02Z,emailservice,12.0,155,0.8,0.07741935483870968,0
2026-09-22T23:41:02Z,adservice,25.0,1150,0.8,0.021739130434782608,0
2026-09-22T23:41:02Z,redis-cart,5.0,540,0.8,0.009259259259259259,0
2026-09-22T23:41:03Z,frontend,0.0,1150,0.8,0.0,0
2026-09-22T23:41:03Z,cartservice,0.0,1920,0.95,0.0,0
2026-09-22T23:41:03Z,checkoutservice,11.0,615,0.8,0.01788617886178862,0
2026-09-22T23:41:03Z,productcatalogservice,0.0,1535,0.95,0.0,0
2026-09-22T23:41:03Z,paymentservice,0.0,155,0.8,0.0,0
2026-09-22T23:41:03Z,recommendationservice,25.0,1150,0.8,0.021739130434782608,0
2026-09-22T23:41:03Z,shippingservice,0.0,770,0.8,0.0,0
2026-09-22T23:41:03Z,currencyservice,0.0,770,0.8,0.0,0
2026-09-22T23:41:03Z,emailservice,12.0,155,0.8,0.07741935483870968,0
2026-09-22T23:41:03Z,adservice,25.0,1150,0.8,0.021739130434782608,0
2026-09-22T23:41:03Z,redis-cart,5.0,540,0.8,0.009259259259259259,0
2026-09-22T23:41:04Z,frontend,0.0,1150,0.8,0.0,0
2026-09-22T23:41:04Z,cartservice,24.0,1920,0.95,0.0125,0
2026-09-22T23:41:04Z,checkoutservice,0.0,615,0.8,0.0,0
2026-09-22T23:41:04Z,productcatalogservice,0.0,1535,0.95,0.0,0
2026-09-22T23:41:04Z,paymentservice,0.0,155,0.8,0.0,0
2026-09-22T23:41:04Z,recommendationservice,0.0,1150,0.8,0.0,0
2026-09-22T23:41:04Z,shippingservice,0.0,770,0.8,0.0,0
2026-09-22T23:41:04Z,currencyservice,0.0,770,0.8,0.0,0
2026-09-22T23:41:04Z,emailservice,0.0,155,0.8,0.0,0
2026-09-22T23:41:04Z,adservice,25.0,1150,0.8,0.021739130434782608,0
2026-09-22T23:41:04Z,redis-cart,6.0,540,0.8,0.011111111111111112,0
2026-09-22T23:41:05Z,frontend,0.0,1150,0.8,0.0,0
2026-09-22T23:41:05Z,cartservice,24.0,1920,0.95,0.0125,0
2026-09-22T23:41:05Z,checkoutservice,0.0,615,0.8,0.0,0
2026-09-22T23:41:05Z,productcatalogservice,12.0,1535,0.95,0.007817589576547232,0
2026-09-22T23:41:05Z,paymentservice,15.0,155,0.8,0.0967741935483871,0
2026-09-22T23:41:05Z,recommendationservice,0.0,1150,0.8,0.0,0
2026-09-22T23:41:05Z,shippingservice,0.0,770,0.8,0.0,0
2026-09-22T23:41:05Z,currencyservice,0.0,770,0.8,0.0,0
2026-09-22T23:41:05Z,emailservice,17.0,155,0.8,0.10967741935483871,0
2026-09-22T23:41:05Z,adservice,27.0,1150,0.8,0.023478260869565216,0
2026-09-22T23:41:05Z,redis-cart,6.0,540,0.8,0.011111111111111112,0
2026-09-22T23:41:06Z,frontend,0.0,1150,0.8,0.0,0
2026-09-22T23:41:06Z,cartservice,0.0,1920,0.95,0.0,0
2026-09-22T23:41:06Z,checkoutservice,15.0,615,0.8,0.024390243902439025,0
2026-09-22T23:41:06Z,productcatalogservice,12.0,1535,0.95,0.007817589576547232,0
2026-09-22T23:41:06Z,paymentservice,0.0,155,0.8,0.0,0
2026-09-22T23:41:06Z,recommendationservice,0.0,1150,0.8,0.0,0
2026-09-22T23:41:06Z,shippingservice,37.0,770,0.8,0.048051948051948054,0
2026-09-22T23:41:06Z,currencyservice,0.0,770,0.8,0.0,0
2026-09-22T23:41:06Z,emailservice,17.0,155,0.8,0.10967741935483871,0
2026-09-22T23:41:06Z,adservice,27.0,1150,0.8,0.023478260869565216,0
2026-09-22T23:41:06Z,redis-cart,5.0,540,0.8,0.009259259259259259,0
2026-09-22T23:41:07Z,frontend,0.0,1150,0.8,0.0,0
2026-09-22T23:41:07Z,cartservice,16.0,1920,0.95,0.008333333333333333,0
2026-09-22T23:41:07Z,checkoutservice,15.0,615,0.8,0.024390243902439025,0
2026-09-22T23:41:07Z,productcatalogservice,0.0,1535,0.95,0.0,0
2026-09-22T23:41:07Z,paymentservice,0.0,155,0.8,0.0,0
2026-09-22T23:41:07Z,recommendationservice,0.0,1150,0.8,0.0,0
2026-09-22T23:41:07Z,shippingservice,37.0,770,0.8,0.048051948051948054,0
2026-09-22T23:41:07Z,currencyservice,0.0,770,0.8,0.0,0
2026-09-22T23:41:07Z,emailservice,16.0,155,0.8,0.1032258064516129,0
2026-09-22T23:41:07Z,adservice,26.0,1150,0.8,0.022608695652173914,0
2026-09-22T23:41:07Z,redis-cart,5.0,540,0.8,0.009259259259259259,0
2026-09-22T23:41:08Z,frontend,0.0,1150,0.8,0.0,0
2026-09-22T23:41:08Z,cartservice,0.0,1920,0.95,0.0,0
2026-09-22T23:41:08Z,checkoutservice,0.0,615,0.8,0.0,0
2026-09-22T23:41:08Z,productcatalogservice,0.0,1535,0.95,0.0,0
2026-09-22T23:41:08Z,paymentservice,0.0,155,0.8,0.0,0
2026-09-22T23:41:08Z,recommendationservice,0.0,1150,0.8,0.0,0
2026-09-22T23:41:08Z,shippingservice,0.0,770,0.8,0.0,0
2026-09-22T23:41:08Z,currencyservice,0.0,770,0.8,0.0,0
2026-09-22T23:41:08Z,emailservice,4.0,155,0.8,0.025806451612903226,0
2026-09-22T23:41:08Z,adservice,26.0,1150,0.8,0.022608695652173914,0
2026-09-22T23:41:08Z,redis-cart,5.0,540,0.8,0.009259259259259259,0
2026-09-22T23:41:09Z,frontend,0.0,1150,0.8,0.0,0
2026-09-22T23:41:09Z,cartservice,0.0,1920,0.95,0.0,0
2026-09-22T23:41:09Z,checkoutservice,0.0,615,0.8,0.0,0
2026-09-22T23:41:09Z,productcatalogservice,13.0,1535,0.95,0.008469055374592834,0
2026-09-22T23:41:09Z,paymentservice,0.0,155,0.8,0.0,0
2026-09-22T23:41:09Z,recommendationservice,27.0,1150,0.8,0.023478260869565216,0
2026-09-22T23:41:09Z,shippingservice,0.0,770,0.8,0.0,0
2026-09-22T23:41:09Z,currencyservice,17.0,770,0.8,0.02207792207792208,0
2026-09-22T23:41:09Z,emailservice,4.0,155,0.8,0.025806451612903226,0
2026-09-22T23:41:09Z,adservice,37.0,1150,0.8,0.03217391304347826,0
2026-09-22T23:41:09Z,redis-cart,6.0,540,0.8,0.011111111111111112,0
2026-09-22T23:41:10Z,frontend,0.0,1150,0.8,0.0,0
2026-09-22T23:41:10Z,cartservice,0.0,1920,0.95,0.0,0
2026-09-22T23:41:10Z,checkoutservice,0.0,615,0.8,0.0,0
2026-09-22T23:41:10Z,productcatalogservice,13.0,1535,0.95,0.008469055374592834,0
2026-09-22T23:41:10Z,paymentservice,0.0,155,0.8,0.0,0
2026-09-22T23:41:10Z,recommendationservice,0.0,1150,0.8,0.0,0
2026-09-22T23:41:10Z,shippingservice,0.0,770,0.8,0.0,0
2026-09-22T23:41:10Z,currencyservice,0.0,770,0.8,0.0,0
2026-09-22T23:41:10Z,emailservice,11.0,155,0.8,0.07096774193548387,0
2026-09-22T23:41:10Z,adservice,37.0,1150,0.8,0.03217391304347826,0
2026-09-22T23:41:10Z,redis-cart,5.0,540,0.8,0.009259259259259259,0
2026-09-22T23:41:11Z,frontend,0.0,1150,0.8,0.0,0
2026-09-22T23:41:11Z,cartservice,0.0,1920,0.95,0.0,0
2026-09-22T23:41:11Z,checkoutservice,32.0,615,0.8,0.05203252032520325,0
2026-09-22T23:41:11Z,productcatalogservice,0.0,1535,0.95,0.0,0
2026-09-22T23:41:11Z,paymentservice,0.0,155,0.8,0.0,0
2026-09-22T23:41:11Z,recommendationservice,0.0,1150,0.8,0.0,0
2026-09-22T23:41:11Z,shippingservice,0.0,770,0.8,0.0,0
2026-09-22T23:41:11Z,currencyservice,0.0,770,0.8,0.0,0
2026-09-22T23:41:11Z,emailservice,0.0,155,0.8,0.0,0
2026-09-22T23:41:11Z,adservice,37.0,1150,0.8,0.03217391304347826,0
2026-09-22T23:41:11Z,redis-cart,5.0,540,0.8,0.009259259259259259,0
2026-09-22T23:41:12Z,frontend,0.0,1150,0.8,0.0,0
2026-09-22T23:41:12Z,cartservice,0.0,1920,0.95,0.0,0
2026-09-22T23:41:12Z,checkoutservice,32.0,615,0.8,0.05203252032520325,0
2026-09-22T23:41:12Z,productcatalogservice,0.0,1535,0.95,0.0,0
2026-09-22T23:41:12Z,paymentservice,14.0,155,0.8,0.09032258064516129,0
2026-09-22T23:41:12Z,recommendationservice,33.0,1150,0.8,0.028695652173913042,0
2026-09-22T23:41:12Z,shippingservice,10.0,770,0.8,0.012987012987012988,0
2026-09-22T23:41:12Z,currencyservice,13.0,770,0.8,0.016883116883116882,0
2026-09-22T23:41:12Z,emailservice,21.0,155,0.8,0.13548387096774195,0
2026-09-22T23:41:12Z,adservice,37.0,1150,0.8,0.03217391304347826,0
2026-09-22T23:41:12Z,redis-cart,6.0,540,0.8,0.011111111111111112,0
2026-09-22T23:41:13Z,frontend,0.0,1150,0.8,0.0,0
2026-09-22T23:41:13Z,cartservice,0.0,1920,0.95,0.0,0
2026-09-22T23:41:13Z,checkoutservice,0.0,615,0.8,0.0,0
2026-09-22T23:41:13Z,productcatalogservice,0.0,1535,0.95,0.0,0
2026-09-22T23:41:13Z,paymentservice,0.0,155,0.8,0.0,0
2026-09-22T23:41:13Z,recommendationservice,33.0,1150,0.8,0.028695652173913042,0
2026-09-22T23:41:13Z,shippingservice,0.0,770,0.8,0.0,0
2026-09-22T23:41:13Z,currencyservice,13.0,770,0.8,0.016883116883116882,0
2026-09-22T23:41:13Z,emailservice,21.0,155,0.8,0.13548387096774195,0
2026-09-22T23:41:13Z,adservice,25.0,1150,0.8,0.021739130434782608,0
2026-09-22T23:41:13Z,redis-cart,6.0,540,0.8,0.011111111111111112,0
2026-09-22T23:41:14Z,frontend,0.0,1150,0.8,0.0,0
2026-09-22T23:41:14Z,cartservice,20.0,1920,0.95,0.010416666666666666,0
2026-09-22T23:41:14Z,checkoutservice,0.0,615,0.8,0.0,0
2026-09-22T23:41:14Z,productcatalogservice,19.0,1535,0.95,0.012377850162866449,0
2026-09-22T23:41:14Z,paymentservice,0.0,155,0.8,0.0,0
2026-09-22T23:41:14Z,recommendationservice,0.0,1150,0.8,0.0,0
2026-09-22T23:41:14Z,shippingservice,0.0,770,0.8,0.0,0
2026-09-22T23:41:14Z,currencyservice,0.0,770,0.8,0.0,0
2026-09-22T23:41:14Z,emailservice,13.0,155,0.8,0.08387096774193549,0
2026-09-22T23:41:14Z,adservice,26.0,1150,0.8,0.022608695652173914,0
2026-09-22T23:41:14Z,redis-cart,5.0,540,0.8,0.009259259259259259,0
2026-09-22T23:41:15Z,frontend,0.0,1150,0.8,0.0,0
2026-09-22T23:41:15Z,cartservice,0.0,1920,0.95,0.0,0
2026-09-22T23:41:15Z,checkoutservice,17.0,615,0.8,0.027642276422764227,0
2026-09-22T23:41:15Z,productcatalogservice,19.0,1535,0.95,0.012377850162866449,0
2026-09-22T23:41:15Z,paymentservice,11.0,155,0.8,0.07096774193548387,0
2026-09-22T23:41:15Z,recommendationservice,0.0,1150,0.8,0.0,0
2026-09-22T23:41:15Z,shippingservice,0.0,770,0.8,0.0,0
2026-09-22T23:41:15Z,currencyservice,0.0,770,0.8,0.0,0
2026-09-22T23:41:15Z,emailservice,13.0,155,0.8,0.08387096774193549,0
2026-09-22T23:41:15Z,adservice,26.0,1150,0.8,0.022608695652173914,0
2026-09-22T23:41:15Z,redis-cart,5.0,540,0.8,0.009259259259259259,0
2026-09-22T23:41:16Z,frontend,0.0,1150,0.8,0.0,0
2026-09-22T23:41:16Z,cartservice,24.0,1920,0.95,0.0125,0
2026-09-22T23:41:16Z,checkoutservice,17.0,615,0.8,0.027642276422764227,0
2026-09-22T23:41:16Z,productcatalogservice,0.0,1535,0.95,0.0,0
2026-09-22T23:41:16Z,paymentservice,0.0,155,0.8,0.0,0
2026-09-22T23:41:16Z,recommendationservice,0.0,1150,0.8,0.0,0
2026-09-22T23:41:16Z,shippingservice,26.0,770,0.8,0.033766233766233764,0
2026-09-22T23:41:16Z,currencyservice,0.0,770,0.8,0.0,0
2026-09-22T23:41:16Z,emailservice,0.0,155,0.8,0.0,0
2026-09-22T23:41:16Z,adservice,25.0,1150,0.8,0.021739130434782608,0
2026-09-22T23:41:16Z,redis-cart,6.0,540,0.8,0.011111111111111112,0
2026-09-22T23:41:17Z,frontend,0.0,1150,0.8,0.0,0
2026-09-22T23:41:17Z,cartservice,24.0,1920,0.95,0.0125,0
2026-09-22T23:41:17Z,checkoutservice,0.0,615,0.8,0.0,0
2026-09-22T23:41:17Z,productcatalogservice,0.0,1535,0.95,0.0,0
2026-09-22T23:41:17Z,paymentservice,0.0,155,0.8,0.0,0
2026-09-22T23:41:17Z,recommendationservice,28.0,1150,0.8,0.02434782608695652,0
2026-09-22T23:41:17Z,shippingservice,0.0,770,0.8,0.0,0
2026-09-22T23:41:17Z,currencyservice,0.0,770,0.8,0.0,0
2026-09-22T23:41:17Z,emailservice,16.0,155,0.8,0.1032258064516129,0
2026-09-22T23:41:17Z,adservice,25.0,1150,0.8,0.021739130434782608,0
2026-09-22T23:41:17Z,redis-cart,5.0,540,0.8,0.009259259259259259,0
2026-09-22T23:41:18Z,frontend,0.0,1150,0.8,0.0,0
2026-09-22T23:41:18Z,cartservice,0.0,1920,0.95,0.0,0
2026-09-22T23:41:18Z,checkoutservice,0.0,615,0.8,0.0,0
2026-09-22T23:41:18Z,productcatalogservice,0.0,1535,0.95,0.0,0
2026-09-22T23:41:18Z,paymentservice,0.0,155,0.8,0.0,0
2026-09-22T23:41:18Z,recommendationservice,28.0,1150,0.8,0.02434782608695652,0
2026-09-22T23:41:18Z,shippingservice,0.0,770,0.8,0.0,0
2026-09-22T23:41:18Z,currencyservice,0.0,770,0.8,0.0,0
2026-09-22T23:41:18Z,emailservice,16.0,155,0.8,0.1032258064516129,0
2026-09-22T23:41:18Z,adservice,24.0,1150,0.8,0.020869565217391306,0
2026-09-22T23:41:18Z,redis-cart,5.0,540,0.8,0.009259259259259259,0
2026-09-22T23:41:19Z,frontend,0.0,1150,0.8,0.0,0
2026-09-22T23:41:19Z,cartservice,0.0,1920,0.95,0.0,0
2026-09-22T23:41:19Z,checkoutservice,0.0,615,0.8,0.0,0
2026-09-22T23:41:19Z,productcatalogservice,0.0,1535,0.95,0.0,0
2026-09-22T23:41:19Z,paymentservice,0.0,155,0.8,0.0,0
2026-09-22T23:41:19Z,recommendationservice,0.0,1150,0.8,0.0,0
2026-09-22T23:41:19Z,shippingservice,0.0,770,0.8,0.0,0
2026-09-22T23:41:19Z,currencyservice,21.0,770,0.8,0.02727272727272727,0
2026-09-22T23:41:19Z,emailservice,0.0,155,0.8,0.0,0
2026-09-22T23:41:19Z,adservice,24.0,1150,0.8,0.020869565217391306,0
2026-09-22T23:41:19Z,redis-cart,5.0,540,0.8,0.009259259259259259,0
2026-09-22T23:41:20Z,frontend,0.0,1150,0.8,0.0,0
2026-09-22T23:41:20Z,cartservice,0.0,1920,0.95,0.0,0
2026-09-22T23:41:20Z,checkoutservice,0.0,615,0.8,0.0,0
2026-09-22T23:41:20Z,productcatalogservice,11.0,1535,0.95,0.0071661237785016286,0
2026-09-22T23:41:20Z,paymentservice,0.0,155,0.8,0.0,0
2026-09-22T23:41:20Z,recommendationservice,0.0,1150,0.8,0.0,0
2026-09-22T23:41:20Z,shippingservice,0.0,770,0.8,0.0,0
2026-09-22T23:41:20Z,currencyservice,21.0,770,0.8,0.02727272727272727,0
2026-09-22T23:41:20Z,emailservice,14.0,155,0.8,0.09032258064516129,0
2026-09-22T23:41:20Z,adservice,24.0,1150,0.8,0.020869565217391306,0
2026-09-22T23:41:20Z,redis-cart,6.0,540,0.8,0.011111111111111112,0
2026-09-22T23:41:21Z,frontend,0.0,1150,0.8,0.0,0
2026-09-22T23:41:21Z,cartservice,0.0,1920,0.95,0.0,0
2026-09-22T23:41:21Z,checkoutservice,13.0,615,0.8,0.02113821138211382,0
2026-09-22T23:41:21Z,productcatalogservice,11.0,1535,0.95,0.0071661237785016286,0
2026-09-22T23:41:21Z,paymentservice,0.0,155,0.8,0.0,0
2026-09-22T23:41:21Z,recommendationservice,0.0,1150,0.8,0.0,0
2026-09-22T23:41:21Z,shippingservice,12.0,770,0.8,0.015584415584415584,0
2026-09-22T23:41:21Z,currencyservice,0.0,770,0.8,0.0,0
2026-09-22T23:41:21Z,emailservice,14.0,155,0.8,0.09032258064516129,0
2026-09-22T23:41:21Z,adservice,25.0,1150,0.8,0.021739130434782608,0
2026-09-22T23:41:21Z,redis-cart,5.0,540,0.8,0.009259259259259259,0
2026-09-22T23:41:22Z,frontend,0.0,1150,0.8,0.0,0
2026-09-22T23:41:22Z,cartservice,0.0,1920,0.95,0.0,0
2026-09-22T23:41:22Z,checkoutservice,13.0,615,0.8,0.02113821138211382,0
2026-09-22T23:41:22Z,productcatalogservice,0.0,1535,0.95,0.0,0
2026-09-22T23:41:22Z,paymentservice,19.0,155,0.8,0.12258064516129032,0
2026-09-22T23:41:22Z,recommendationservice,24.0,1150,0.8,0.020869565217391306,0
2026-09-22T23:41:22Z,shippingservice,12.0,770,0.8,0.015584415584415584,0
2026-09-22T23:41:22Z,currencyservice,15.0,770,0.8,0.01948051948051948,0
2026-09-22T23:41:22Z,emailservice,13.0,155,0.8,0.08387096774193549,0
2026-09-22T23:41:22Z,adservice,24.0,1150,0.8,0.020869565217391306,0
2026-09-22T23:41:22Z,redis-cart,5.0,540,0.8,0.009259259259259259,0
2026-09-22T23:41:23Z,frontend,0.0,1150,0.8,0.0,0
2026-09-22T23:41:23Z,cartservice,0.0,1920,0.95,0.0,0
2026-09-22T23:41:23Z,checkoutservice,0.0,615,0.8,0.0,0
2026-09-22T23:41:23Z,productcatalogservice,0.0,1535,0.95,0.0,0
2026-09-22T23:41:23Z,paymentservice,19.0,155,0.8,0.12258064516129032,0
2026-09-22T23:41:23Z,recommendationservice,0.0,1150,0.8,0.0,0
2026-09-22T23:41:23Z,shippingservice,0.0,770,0.8,0.0,0
2026-09-22T23:41:23Z,currencyservice,15.0,770,0.8,0.01948051948051948,0
2026-09-22T23:41:23Z,emailservice,0.0,155,0.8,0.0,0
2026-09-22T23:41:23Z,adservice,24.0,1150,0.8,0.020869565217391306,0
2026-09-22T23:41:23Z,redis-cart,6.0,540,0.8,0.011111111111111112,0
2026-09-22T23:41:24Z,frontend,0.0,1150,0.8,0.0,0
2026-09-22T23:41:24Z,cartservice,0.0,1920,0.95,0.0,0
2026-09-22T23:41:24Z,checkoutservice,0.0,615,0.8,0.0,0
2026-09-22T23:41:24Z,productcatalogservice,16.0,1535,0.95,0.010423452768729642,0
2026-09-22T23:41:24Z,paymentservice,11.0,155,0.8,0.07096774193548387,0
2026-09-22T23:41:24Z,recommendationservice,0.0,1150,0.8,0.0,0
2026-09-22T23:41:24Z,shippingservice,0.0,770,0.8,0.0,0
2026-09-22T23:41:24Z,currencyservice,0.0,770,0.8,0.0,0
2026-09-22T23:41:24Z,emailservice,0.0,155,0.8,0.0,0
2026-09-22T23:41:24Z,adservice,26.0,1150,0.8,0.022608695652173914,0
2026-09-22T23:41:24Z,redis-cart,5.0,540,0.8,0.009259259259259259,0
2026-09-22T23:41:25Z,frontend,0.0,1150,0.8,0.0,0
2026-09-22T23:41:25Z,cartservice,16.0,1920,0.95,0.008333333333333333,0
2026-09-22T23:41:25Z,checkoutservice,0.0,615,0.8,0.0,0
2026-09-22T23:41:25Z,productcatalogservice,16.0,1535,0.95,0.010423452768729642,0
2026-09-22T23:41:25Z,paymentservice,0.0,155,0.8,0.0,0
2026-09-22T23:41:25Z,recommendationservice,0.0,1150,0.8,0.0,0
2026-09-22T23:41:25Z,shippingservice,0.0,770,0.8,0.0,0
2026-09-22T23:41:25Z,currencyservice,0.0,770,0.8,0.0,0
2026-09-22T23:41:25Z,emailservice,11.0,155,0.8,0.07096774193548387,0
2026-09-22T23:41:25Z,adservice,43.0,1150,0.8,0.03739130434782609,0
2026-09-22T23:41:25Z,redis-cart,5.0,540,0.8,0.009259259259259259,0
2026-09-22T23:41:26Z,frontend,0.0,1150,0.8,0.0,0
2026-09-22T23:41:26Z,cartservice,16.0,1920,0.95,0.008333333333333333,0
2026-09-22T23:41:26Z,checkoutservice,15.0,615,0.8,0.024390243902439025,0
2026-09-22T23:41:26Z,productcatalogservice,0.0,1535,0.95,0.0,0
2026-09-22T23:41:26Z,paymentservice,0.0,155,0.8,0.0,0
2026-09-22T23:41:26Z,recommendationservice,0.0,1150,0.8,0.0,0
2026-09-22T23:41:26Z,shippingservice,37.0,770,0.8,0.048051948051948054,0
2026-09-22T23:41:26Z,currencyservice,0.0,770,0.8,0.0,0
2026-09-22T23:41:26Z,emailservice,0.0,155,0.8,0.0,0
2026-09-22T23:41:26Z,adservice,45.0,1150,0.8,0.0391304347826087,0
2026-09-22T23:41:26Z,redis-cart,6.0,540,0.8,0.011111111111111112,0
2026-09-22T23:41:27Z,frontend,0.0,1150,0.8,0.0,0
2026-09-22T23:41:27Z,cartservice,15.0,1920,0.95,0.0078125,0
2026-09-22T23:41:27Z,checkoutservice,15.0,615,0.8,0.024390243902439025,0
2026-09-22T23:41:27Z,productcatalogservice,0.0,1535,0.95,0.0,0
2026-09-22T23:41:27Z,paymentservice,0.0,155,0.8,0.0,0
2026-09-22T23:41:27Z,recommendationservice,0.0,1150,0.8,0.0,0
2026-09-22T23:41:27Z,shippingservice,0.0,770,0.8,0.0,0
2026-09-22T23:41:27Z,currencyservice,0.0,770,0.8,0.0,0
2026-09-22T23:41:27Z,emailservice,0.0,155,0.8,0.0,0
2026-09-22T23:41:27Z,adservice,25.0,1150,0.8,0.021739130434782608,0
2026-09-22T23:41:27Z,redis-cart,5.0,540,0.8,0.009259259259259259,0
2026-09-22T23:41:28Z,frontend,0.0,1150,0.8,0.0,0
2026-09-22T23:41:28Z,cartservice,15.0,1920,0.95,0.0078125,0
2026-09-22T23:41:28Z,checkoutservice,0.0,615,0.8,0.0,0
2026-09-22T23:41:28Z,productcatalogservice,0.0,1535,0.95,0.0,0
2026-09-22T23:41:28Z,paymentservice,0.0,155,0.8,0.0,0
2026-09-22T23:41:28Z,recommendationservice,36.0,1150,0.8,0.03130434782608696,0
2026-09-22T23:41:28Z,shippingservice,0.0,770,0.8,0.0,0
2026-09-22T23:41:28Z,currencyservice,0.0,770,0.8,0.0,0
2026-09-22T23:41:28Z,emailservice,13.0,155,0.8,0.08387096774193549,0
2026-09-22T23:41:28Z,adservice,25.0,1150,0.8,0.021739130434782608,0
2026-09-22T23:41:28Z,redis-cart,5.0,540,0.8,0.009259259259259259,0
2026-09-22T23:41:29Z,frontend,12.0,1150,0.8,0.010434782608695653,0
2026-09-22T23:41:29Z,cartservice,0.0,1920,0.95,0.0,0
2026-09-22T23:41:29Z,checkoutservice,0.0,615,0.8,0.0,0
2026-09-22T23:41:29Z,productcatalogservice,12.0,1535,0.95,0.007817589576547232,0
2026-09-22T23:41:29Z,paymentservice,0.0,155,0.8,0.0,0
2026-09-22T23:41:29Z,recommendationservice,0.0,1150,0.8,0.0,0
2026-09-22T23:41:29Z,shippingservice,0.0,770,0.8,0.0,0
2026-09-22T23:41:29Z,currencyservice,0.0,770,0.8,0.0,0
2026-09-22T23:41:29Z,emailservice,0.0,155,0.8,0.0,0
2026-09-22T23:41:29Z,adservice,25.0,1150,0.8,0.021739130434782608,0
2026-09-22T23:41:29Z,redis-cart,5.0,540,0.8,0.009259259259259259,0
2026-09-22T23:41:30Z,frontend,0.0,1150,0.8,0.0,0
2026-09-22T23:41:30Z,cartservice,0.0,1920,0.95,0.0,0
2026-09-22T23:41:30Z,checkoutservice,0.0,615,0.8,0.0,0
2026-09-22T23:41:30Z,productcatalogservice,12.0,1535,0.95,0.007817589576547232,0
2026-09-22T23:41:30Z,paymentservice,0.0,155,0.8,0.0,0
2026-09-22T23:41:30Z,recommendationservice,0.0,1150,0.8,0.0,0
2026-09-22T23:41:30Z,shippingservice,0.0,770,0.8,0.0,0
2026-09-22T23:41:30Z,currencyservice,12.0,770,0.8,0.015584415584415584,0
2026-09-22T23:41:30Z,emailservice,19.0,155,0.8,0.12258064516129032,0
2026-09-22T23:41:30Z,adservice,25.0,1150,0.8,0.021739130434782608,0
2026-09-22T23:41:30Z,redis-cart,6.0,540,0.8,0.011111111111111112,0
2026-09-22T23:41:31Z,frontend,0.0,1150,0.8,0.0,0
2026-09-22T23:41:31Z,cartservice,0.0,1920,0.95,0.0,0
2026-09-22T23:41:31Z,checkoutservice,0.0,615,0.8,0.0,0
2026-09-22T23:41:31Z,productcatalogservice,0.0,1535,0.95,0.0,0
2026-09-22T23:41:31Z,paymentservice,0.0,155,0.8,0.0,0
2026-09-22T23:41:31Z,recommendationservice,0.0,1150,0.8,0.0,0
2026-09-22T23:41:31Z,shippingservice,11.0,770,0.8,0.014285714285714285,0
2026-09-22T23:41:31Z,currencyservice,0.0,770,0.8,0.0,0
2026-09-22T23:41:31Z,emailservice,19.0,155,0.8,0.12258064516129032,0
2026-09-22T23:41:31Z,adservice,25.0,1150,0.8,0.021739130434782608,0
2026-09-22T23:41:31Z,redis-cart,5.0,540,0.8,0.009259259259259259,0
2026-09-22T23:41:32Z,frontend,3.0,1150,0.8,0.0026086956521739132,0
2026-09-22T23:41:32Z,cartservice,0.0,1920,0.95,0.0,0
2026-09-22T23:41:32Z,checkoutservice,19.0,615,0.8,0.030894308943089432,0
2026-09-22T23:41:32Z,productcatalogservice,0.0,1535,0.95,0.0,0
2026-09-22T23:41:32Z,paymentservice,12.0,155,0.8,0.07741935483870968,0
2026-09-22T23:41:32Z,recommendationservice,49.0,1150,0.8,0.042608695652173914,0
2026-09-22T23:41:32Z,shippingservice,0.0,770,0.8,0.0,0
2026-09-22T23:41:32Z,currencyservice,0.0,770,0.8,0.0,0
2026-09-22T23:41:32Z,emailservice,10.0,155,0.8,0.06451612903225806,0
2026-09-22T23:41:32Z,adservice,25.0,1150,0.8,0.021739130434782608,0
2026-09-22T23:41:32Z,redis-cart,5.0,540,0.8,0.009259259259259259,0
2026-09-22T23:41:33Z,frontend,3.0,1150,0.8,0.0026086956521739132,0
2026-09-22T23:41:33Z,cartservice,0.0,1920,0.95,0.0,0
2026-09-22T23:41:33Z,checkoutservice,0.0,615,0.8,0.0,0
2026-09-22T23:41:33Z,productcatalogservice,0.0,1535,0.95,0.0,0
2026-09-22T23:41:33Z,paymentservice,12.0,155,0.8,0.07741935483870968,0
2026-09-22T23:41:33Z,recommendationservice,49.0,1150,0.8,0.042608695652173914,0
2026-09-22T23:41:33Z,shippingservice,0.0,770,0.8,0.0,0
2026-09-22T23:41:33Z,currencyservice,11.0,770,0.8,0.014285714285714285,0
2026-09-22T23:41:33Z,emailservice,11.0,155,0.8,0.07096774193548387,0
2026-09-22T23:41:33Z,adservice,25.0,1150,0.8,0.021739130434782608,0
2026-09-22T23:41:33Z,redis-cart,6.0,540,0.8,0.011111111111111112,0
2026-09-22T23:41:34Z,frontend,0.0,1150,0.8,0.0,0
2026-09-22T23:41:34Z,cartservice,14.0,1920,0.95,0.007291666666666667,0
2026-09-22T23:41:34Z,checkoutservice,0.0,615,0.8,0.0,0
2026-09-22T23:41:34Z,productcatalogservice,0.0,1535,0.95,0.0,0
2026-09-22T23:41:34Z,paymentservice,10.0,155,0.8,0.06451612903225806,0
2026-09-22T23:41:34Z,recommendationservice,0.0,1150,0.8,0.0,0
2026-09-22T23:41:34Z,shippingservice,0.0,770,0.8,0.0,0
2026-09-22T23:41:34Z,currencyservice,0.0,770,0.8,0.0,0
2026-09-22T23:41:34Z,emailservice,0.0,155,0.8,0.0,0
2026-09-22T23:41:34Z,adservice,25.0,1150,0.8,0.021739130434782608,0
2026-09-22T23:41:34Z,redis-cart,6.0,540,0.8,0.011111111111111112,0
2026-09-22T23:41:35Z,frontend,0.0,1150,0.8,0.0,0
2026-09-22T23:41:35Z,cartservice,0.0,1920,0.95,0.0,0
2026-09-22T23:41:35Z,checkoutservice,12.0,615,0.8,0.01951219512195122,0
2026-09-22T23:41:35Z,productcatalogservice,16.0,1535,0.95,0.010423452768729642,0
2026-09-22T23:41:35Z,paymentservice,10.0,155,0.8,0.06451612903225806,0
2026-09-22T23:41:35Z,recommendationservice,0.0,1150,0.8,0.0,0
2026-09-22T23:41:35Z,shippingservice,0.0,770,0.8,0.0,0
2026-09-22T23:41:35Z,currencyservice,0.0,770,0.8,0.0,0
2026-09-22T23:41:35Z,emailservice,18.0,155,0.8,0.11612903225806452,0
2026-09-22T23:41:35Z,adservice,25.0,1150,0.8,0.021739130434782608,0
2026-09-22T23:41:35Z,redis-cart,5.0,540,0.8,0.009259259259259259,0
2026-09-22T23:41:36Z,frontend,4.0,1150,0.8,0.0034782608695652175,0
2026-09-22T23:41:36Z,cartservice,0.0,1920,0.95,0.0,0
2026-09-22T23:41:36Z,checkoutservice,12.0,615,0.8,0.01951219512195122,0
2026-09-22T23:41:36Z,productcatalogservice,16.0,1535,0.95,0.010423452768729642,0
2026-09-22T23:41:36Z,paymentservice,0.0,155,0.8,0.0,0
2026-09-22T23:41:36Z,recommendationservice,0.0,1150,0.8,0.0,0
2026-09-22T23:41:36Z,shippingservice,0.0,770,0.8,0.0,0
2026-09-22T23:41:36Z,currencyservice,0.0,770,0.8,0.0,0
2026-09-22T23:41:36Z,emailservice,0.0,155,0.8,0.0,0
2026-09-22T23:41:36Z,adservice,26.0,1150,0.8,0.022608695652173914,0
2026-09-22T23:41:36Z,redis-cart,6.0,540,0.8,0.011111111111111112,0
2026-09-22T23:41:37Z,frontend,4.0,1150,0.8,0.0034782608695652175,0
2026-09-22T23:41:37Z,cartservice,18.0,1920,0.95,0.009375,0
2026-09-22T23:41:37Z,checkoutservice,0.0,615,0.8,0.0,0
2026-09-22T23:41:37Z,productcatalogservice,0.0,1535,0.95,0.0,0
2026-09-22T23:41:37Z,paymentservice,0.0,155,0.8,0.0,0
2026-09-22T23:41:37Z,recommendationservice,29.0,1150,0.8,0.025217391304347827,0
2026-09-22T23:41:37Z,shippingservice,30.0,770,0.8,0.03896103896103896,0
2026-09-22T23:41:37Z,currencyservice,0.0,770,0.8,0.0,0
2026-09-22T23:41:37Z,emailservice,0.0,155,0.8,0.0,0
2026-09-22T23:41:37Z,adservice,26.0,1150,0.8,0.022608695652173914,0
2026-09-22T23:41:37Z,redis-cart,6.0,540,0.8,0.011111111111111112,0
2026-09-22T23:41:38Z,frontend,0.0,1150,0.8,0.0,0
2026-09-22T23:41:38Z,cartservice,18.0,1920,0.95,0.009375,0
2026-09-22T23:41:38Z,checkoutservice,0.0,615,0.8,0.0,0
2026-09-22T23:41:38Z,productcatalogservice,0.0,1535,0.95,0.0,0
2026-09-22T23:41:38Z,paymentservice,0.0,155,0.8,0.0,0
2026-09-22T23:41:38Z,recommendationservice,29.0,1150,0.8,0.025217391304347827,0
2026-09-22T23:41:38Z,shippingservice,0.0,770,0.8,0.0,0
2026-09-22T23:41:38Z,currencyservice,0.0,770,0.8,0.0,0
2026-09-22T23:41:38Z,emailservice,12.0,155,0.8,0.07741935483870968,0
2026-09-22T23:41:38Z,adservice,24.0,1150,0.8,0.020869565217391306,0
2026-09-22T23:41:38Z,redis-cart,5.0,540,0.8,0.009259259259259259,0
2026-09-22T23:41:39Z,frontend,0.0,1150,0.8,0.0,0
2026-09-22T23:41:39Z,cartservice,0.0,1920,0.95,0.0,0
2026-09-22T23:41:39Z,checkoutservice,0.0,615,0.8,0.0,0
2026-09-22T23:41:39Z,productcatalogservice,0.0,1535,0.95,0.0,0
2026-09-22T23:41:39Z,paymentservice,0.0,155,0.8,0.0,0
2026-09-22T23:41:39Z,recommendationservice,0.0,1150,0.8,0.0,0
2026-09-22T23:41:39Z,shippingservice,0.0,770,0.8,0.0,0
2026-09-22T23:41:39Z,currencyservice,13.0,770,0.8,0.016883116883116882,0
2026-09-22T23:41:39Z,emailservice,12.0,155,0.8,0.07741935483870968,0
2026-09-22T23:41:39Z,adservice,34.0,1150,0.8,0.029565217391304348,0
2026-09-22T23:41:39Z,redis-cart,5.0,540,0.8,0.009259259259259259,0
2026-09-22T23:41:40Z,frontend,0.0,1150,0.8,0.0,0
2026-09-22T23:41:40Z,cartservice,0.0,1920,0.95,0.0,0
2026-09-22T23:41:40Z,checkoutservice,0.0,615,0.8,0.0,0
2026-09-22T23:41:40Z,productcatalogservice,12.0,1535,0.95,0.007817589576547232,0
2026-09-22T23:41:40Z,paymentservice,0.0,155,0.8,0.0,0
2026-09-22T23:41:40Z,recommendationservice,0.0,1150,0.8,0.0,0
2026-09-22T23:41:40Z,shippingservice,0.0,770,0.8,0.0,0
2026-09-22T23:41:40Z,currencyservice,0.0,770,0.8,0.0,0
2026-09-22T23:41:40Z,emailservice,17.0,155,0.8,0.10967741935483871,0
2026-09-22T23:41:40Z,adservice,25.0,1150,0.8,0.021739130434782608,0
2026-09-22T23:41:40Z,redis-cart,5.0,540,0.8,0.009259259259259259,0
2026-09-22T23:41:41Z,frontend,0.0,1150,0.8,0.0,0
2026-09-22T23:41:41Z,cartservice,0.0,1920,0.95,0.0,0
2026-09-22T23:41:41Z,checkoutservice,13.0,615,0.8,0.02113821138211382,0
2026-09-22T23:41:41Z,productcatalogservice,0.0,1535,0.95,0.0,0
2026-09-22T23:41:41Z,paymentservice,0.0,155,0.8,0.0,0
2026-09-22T23:41:41Z,recommendationservice,0.0,1150,0.8,0.0,0
2026-09-22T23:41:41Z,shippingservice,0.0,770,0.8,0.0,0
2026-09-22T23:41:41Z,currencyservice,0.0,770,0.8,0.0,0
2026-09-22T23:41:41Z,emailservice,0.0,155,0.8,0.0,0
2026-09-22T23:41:41Z,adservice,25.0,1150,0.8,0.021739130434782608,0
2026-09-22T23:41:41Z,redis-cart,6.0,540,0.8,0.011111111111111112,0
2026-09-22T23:41:42Z,frontend,0.0,1150,0.8,0.0,0
2026-09-22T23:41:42Z,cartservice,0.0,1920,0.95,0.0,0
2026-09-22T23:41:42Z,checkoutservice,13.0,615,0.8,0.02113821138211382,0
2026-09-22T23:41:42Z,productcatalogservice,0.0,1535,0.95,0.0,0
2026-09-22T23:41:42Z,paymentservice,0.0,155,0.8,0.0,0
2026-09-22T23:41:42Z,recommendationservice,23.0,1150,0.8,0.02,0
2026-09-22T23:41:42Z,shippingservice,11.0,770,0.8,0.014285714285714285,0
2026-09-22T23:41:42Z,currencyservice,12.0,770,0.8,0.015584415584415584,0
2026-09-22T23:41:42Z,emailservice,0.0,155,0.8,0.0,0
2026-09-22T23:41:42Z,adservice,36.0,1150,0.8,0.03130434782608696,0
2026-09-22T23:41:42Z,redis-cart,6.0,540,0.8,0.011111111111111112,0
2026-09-22T23:41:43Z,frontend,0.0,1150,0.8,0.0,0
2026-09-22T23:41:43Z,cartservice,0.0,1920,0.95,0.0,0
2026-09-22T23:41:43Z,checkoutservice,0.0,615,0.8,0.0,0
2026-09-22T23:41:43Z,productcatalogservice,0.0,1535,0.95,0.0,0
2026-09-22T23:41:43Z,paymentservice,17.0,155,0.8,0.10967741935483871,0
2026-09-22T23:41:43Z,recommendationservice,23.0,1150,0.8,0.02,0
2026-09-22T23:41:43Z,shippingservice,11.0,770,0.8,0.014285714285714285,0
2026-09-22T23:41:43Z,currencyservice,12.0,770,0.8,0.015584415584415584,0
2026-09-22T23:41:43Z,emailservice,14.0,155,0.8,0.09032258064516129,0
2026-09-22T23:41:43Z,adservice,36.0,1150,0.8,0.03130434782608696,0
2026-09-22T23:41:43Z,redis-cart,6.0,540,0.8,0.011111111111111112,0
2026-09-22T23:41:44Z,frontend,0.0,1150,0.8,0.0,0
2026-09-22T23:41:44Z,cartservice,0.0,1920,0.95,0.0,0
2026-09-22T23:41:44Z,checkoutservice,0.0,615,0.8,0.0,0
2026-09-22T23:41:44Z,productcatalogservice,15.0,1535,0.95,0.009771986970684038,0
2026-09-22T23:41:44Z,paymentservice,10.0,155,0.8,0.06451612903225806,0
2026-09-22T23:41:44Z,recommendationservice,0.0,1150,0.8,0.0,0
2026-09-22T23:41:44Z,shippingservice,0.0,770,0.8,0.0,0
2026-09-22T23:41:44Z,currencyservice,0.0,770,0.8,0.0,0
2026-09-22T23:41:44Z,emailservice,14.0,155,0.8,0.09032258064516129,0
2026-09-22T23:41:44Z,adservice,23.0,1150,0.8,0.02,0
2026-09-22T23:41:44Z,redis-cart,5.0,540,0.8,0.009259259259259259,0
2026-09-22T23:41:45Z,frontend,0.0,1150,0.8,0.0,0
2026-09-22T23:41:45Z,cartservice,13.0,1920,0.95,0.0067708333333333336,0
2026-09-22T23:41:45Z,checkoutservice,0.0,615,0.8,0.0,0
2026-09-22T23:41:45Z,productcatalogservice,0.0,1535,0.95,0.0,0
2026-09-22T23:41:45Z,paymentservice,10.0,155,0.8,0.06451612903225806,0
2026-09-22T23:41:45Z,recommendationservice,0.0,1150,0.8,0.0,0
2026-09-22T23:41:45Z,shippingservice,0.0,770,0.8,0.0,0
2026-09-22T23:41:45Z,currencyservice,0.0,770,0.8,0.0,0
2026-09-22T23:41:45Z,emailservice,12.0,155,0.8,0.07741935483870968,0
2026-09-22T23:41:45Z,adservice,26.0,1150,0.8,0.022608695652173914,0
2026-09-22T23:41:45Z,redis-cart,5.0,540,0.8,0.009259259259259259,0
2026-09-22T23:41:46Z,frontend,0.0,1150,0.8,0.0,0
2026-09-22T23:41:46Z,cartservice,13.0,1920,0.95,0.0067708333333333336,0
2026-09-22T23:41:46Z,checkoutservice,12.0,615,0.8,0.01951219512195122,0
2026-09-22T23:41:46Z,productcatalogservice,0.0,1535,0.95,0.0,0
2026-09-22T23:41:46Z,paymentservice,0.0,155,0.8,0.0,0
2026-09-22T23:41:46Z,recommendationservice,0.0,1150,0.8,0.0,0
2026-09-22T23:41:46Z,shippingservice,13.0,770,0.8,0.016883116883116882,0
2026-09-22T23:41:46Z,currencyservice,0.0,770,0.8,0.0,0
2026-09-22T23:41:46Z,emailservice,12.0,155,0.8,0.07741935483870968,0
2026-09-22T23:41:46Z,adservice,25.0,1150,0.8,0.021739130434782608,0
2026-09-22T23:41:46Z,redis-cart,6.0,540,0.8,0.011111111111111112,0
2026-09-22T23:41:47Z,frontend,0.0,1150,0.8,0.0,0
2026-09-22T23:41:47Z,cartservice,15.0,1920,0.95,0.0078125,0
2026-09-22T23:41:47Z,checkoutservice,0.0,615,0.8,0.0,0
2026-09-22T23:41:47Z,productcatalogservice,0.0,1535,0.95,0.0,0
2026-09-22T23:41:47Z,paymentservice,0.0,155,0.8,0.0,0
2026-09-22T23:41:47Z,recommendationservice,0.0,1150,0.8,0.0,0
2026-09-22T23:41:47Z,shippingservice,16.0,770,0.8,0.02077922077922078,0
2026-09-22T23:41:47Z,currencyservice,0.0,770,0.8,0.0,0
2026-09-22T23:41:47Z,emailservice,13.0,155,0.8,0.08387096774193549,0
2026-09-22T23:41:47Z,adservice,25.0,1150,0.8,0.021739130434782608,0
2026-09-22T23:41:47Z,redis-cart,6.0,540,0.8,0.011111111111111112,0
2026-09-22T23:41:48Z,frontend,0.0,1150,0.8,0.0,0
2026-09-22T23:41:48Z,cartservice,0.0,1920,0.95,0.0,0
2026-09-22T23:41:48Z,checkoutservice,0.0,615,0.8,0.0,0
2026-09-22T23:41:48Z,productcatalogservice,0.0,1535,0.95,0.0,0
2026-09-22T23:41:48Z,paymentservice,0.0,155,0.8,0.0,0
2026-09-22T23:41:48Z,recommendationservice,24.0,1150,0.8,0.020869565217391306,0
2026-09-22T23:41:48Z,shippingservice,0.0,770,0.8,0.0,0
2026-09-22T23:41:48Z,currencyservice,0.0,770,0.8,0.0,0
2026-09-22T23:41:48Z,emailservice,0.0,155,0.8,0.0,0
2026-09-22T23:41:48Z,adservice,25.0,1150,0.8,0.021739130434782608,0
2026-09-22T23:41:48Z,redis-cart,6.0,540,0.8,0.011111111111111112,0
2026-09-22T23:41:49Z,frontend,0.0,1150,0.8,0.0,0
2026-09-22T23:41:49Z,cartservice,0.0,1920,0.95,0.0,0
2026-09-22T23:41:49Z,checkoutservice,0.0,615,0.8,0.0,0
2026-09-22T23:41:49Z,productcatalogservice,12.0,1535,0.95,0.007817589576547232,0
2026-09-22T23:41:49Z,paymentservice,0.0,155,0.8,0.0,0
2026-09-22T23:41:49Z,recommendationservice,0.0,1150,0.8,0.0,0
2026-09-22T23:41:49Z,shippingservice,0.0,770,0.8,0.0,0
2026-09-22T23:41:49Z,currencyservice,13.0,770,0.8,0.016883116883116882,0
2026-09-22T23:41:49Z,emailservice,0.0,155,0.8,0.0,0
2026-09-22T23:41:49Z,adservice,25.0,1150,0.8,0.021739130434782608,0
2026-09-22T23:41:49Z,redis-cart,6.0,540,0.8,0.011111111111111112,0
2026-09-22T23:41:50Z,frontend,0.0,1150,0.8,0.0,0
2026-09-22T23:41:50Z,cartservice,0.0,1920,0.95,0.0,0
2026-09-22T23:41:50Z,checkoutservice,0.0,615,0.8,0.0,0
2026-09-22T23:41:50Z,productcatalogservice,0.0,1535,0.95,0.0,0
2026-09-22T23:41:50Z,paymentservice,0.0,155,0.8,0.0,0
2026-09-22T23:41:50Z,recommendationservice,0.0,1150,0.8,0.0,0
2026-09-22T23:41:50Z,shippingservice,0.0,770,0.8,0.0,0
2026-09-22T23:41:50Z,currencyservice,0.0,770,0.8,0.0,0
2026-09-22T23:41:50Z,emailservice,12.0,155,0.8,0.07741935483870968,0
2026-09-22T23:41:50Z,adservice,26.0,1150,0.8,0.022608695652173914,0
2026-09-22T23:41:50Z,redis-cart,6.0,540,0.8,0.011111111111111112,0
2026-09-22T23:41:51Z,frontend,0.0,1150,0.8,0.0,0
2026-09-22T23:41:51Z,cartservice,0.0,1920,0.95,0.0,0
2026-09-22T23:41:51Z,checkoutservice,0.0,615,0.8,0.0,0
2026-09-22T23:41:51Z,productcatalogservice,0.0,1535,0.95,0.0,0
2026-09-22T23:41:51Z,paymentservice,0.0,155,0.8,0.0,0
2026-09-22T23:41:51Z,recommendationservice,0.0,1150,0.8,0.0,0
2026-09-22T23:41:51Z,shippingservice,0.0,770,0.8,0.0,0
2026-09-22T23:41:51Z,currencyservice,0.0,770,0.8,0.0,0
2026-09-22T23:41:51Z,emailservice,0.0,155,0.8,0.0,0
2026-09-22T23:41:51Z,adservice,26.0,1150,0.8,0.022608695652173914,0
2026-09-22T23:41:51Z,redis-cart,6.0,540,0.8,0.011111111111111112,0
2026-09-22T23:41:52Z,frontend,0.0,1150,0.8,0.0,0
2026-09-22T23:41:52Z,cartservice,0.0,1920,0.95,0.0,0
2026-09-22T23:41:52Z,checkoutservice,12.0,615,0.8,0.01951219512195122,0
2026-09-22T23:41:52Z,productcatalogservice,0.0,1535,0.95,0.0,0
2026-09-22T23:41:52Z,paymentservice,0.0,155,0.8,0.0,0
2026-09-22T23:41:52Z,recommendationservice,27.0,1150,0.8,0.023478260869565216,0
2026-09-22T23:41:52Z,shippingservice,12.0,770,0.8,0.015584415584415584,0
2026-09-22T23:41:52Z,currencyservice,9.0,770,0.8,0.011688311688311689,0
2026-09-22T23:41:52Z,emailservice,0.0,155,0.8,0.0,0
2026-09-22T23:41:52Z,adservice,26.0,1150,0.8,0.022608695652173914,0
2026-09-22T23:41:52Z,redis-cart,6.0,540,0.8,0.011111111111111112,0
2026-09-22T23:41:53Z,frontend,0.0,1150,0.8,0.0,0
2026-09-22T23:41:53Z,cartservice,0.0,1920,0.95,0.0,0
2026-09-22T23:41:53Z,checkoutservice,12.0,615,0.8,0.01951219512195122,0
2026-09-22T23:41:53Z,productcatalogservice,0.0,1535,0.95,0.0,0
2026-09-22T23:41:53Z,paymentservice,15.0,155,0.8,0.0967741935483871,0
2026-09-22T23:41:53Z,recommendationservice,0.0,1150,0.8,0.0,0
2026-09-22T23:41:53Z,shippingservice,12.0,770,0.8,0.015584415584415584,0
2026-09-22T23:41:53Z,currencyservice,0.0,770,0.8,0.0,0
2026-09-22T23:41:53Z,emailservice,18.0,155,0.8,0.11612903225806452,0
2026-09-22T23:41:53Z,adservice,25.0,1150,0.8,0.021739130434782608,0
2026-09-22T23:41:53Z,redis-cart,5.0,540,0.8,0.009259259259259259,0
2026-09-22T23:41:54Z,frontend,0.0,1150,0.8,0.0,0
2026-09-22T23:41:54Z,cartservice,12.0,1920,0.95,0.00625,0
2026-09-22T23:41:54Z,checkoutservice,0.0,615,0.8,0.0,0
2026-09-22T23:41:54Z,productcatalogservice,0.0,1535,0.95,0.0,0
2026-09-22T23:41:54Z,paymentservice,15.0,155,0.8,0.0967741935483871,0
2026-09-22T23:41:54Z,recommendationservice,0.0,1150,0.8,0.0,0
2026-09-22T23:41:54Z,shippingservice,0.0,770,0.8,0.0,0
2026-09-22T23:41:54Z,currencyservice,0.0,770,0.8,0.0,0
2026-09-22T23:41:54Z,emailservice,15.0,155,0.8,0.0967741935483871,0
2026-09-22T23:41:54Z,adservice,43.0,1150,0.8,0.03739130434782609,0
2026-09-22T23:41:54Z,redis-cart,5.0,540,0.8,0.009259259259259259,0
2026-09-22T23:41:55Z,frontend,0.0,1150,0.8,0.0,0
2026-09-22T23:41:55Z,cartservice,12.0,1920,0.95,0.00625,0
2026-09-22T23:41:55Z,checkoutservice,13.0,615,0.8,0.02113821138211382,0
2026-09-22T23:41:55Z,productcatalogservice,16.0,1535,0.95,0.010423452768729642,0
2026-09-22T23:41:55Z,paymentservice,11.0,155,0.8,0.07096774193548387,0
2026-09-22T23:41:55Z,recommendationservice,0.0,1150,0.8,0.0,0
2026-09-22T23:41:55Z,shippingservice,0.0,770,0.8,0.0,0
2026-09-22T23:41:55Z,currencyservice,0.0,770,0.8,0.0,0
2026-09-22T23:41:55Z,emailservice,15.0,155,0.8,0.0967741935483871,0
2026-09-22T23:41:55Z,adservice,26.0,1150,0.8,0.022608695652173914,0
2026-09-22T23:41:55Z,redis-cart,6.0,540,0.8,0.011111111111111112,0
2026-09-22T23:41:56Z,frontend,0.0,1150,0.8,0.0,0
2026-09-22T23:41:56Z,cartservice,16.0,1920,0.95,0.008333333333333333,0
2026-09-22T23:41:56Z,checkoutservice,13.0,615,0.8,0.02113821138211382,0
2026-09-22T23:41:56Z,productcatalogservice,0.0,1535,0.95,0.0,0
2026-09-22T23:41:56Z,paymentservice,0.0,155,0.8,0.0,0
2026-09-22T23:41:56Z,recommendationservice,0.0,1150,0.8,0.0,0
2026-09-22T23:41:56Z,shippingservice,0.0,770,0.8,0.0,0
2026-09-22T23:41:56Z,currencyservice,0.0,770,0.8,0.0,0
2026-09-22T23:41:56Z,emailservice,0.0,155,0.8,0.0,0
2026-09-22T23:41:56Z,adservice,26.0,1150,0.8,0.022608695652173914,0
2026-09-22T23:41:56Z,redis-cart,6.0,540,0.8,0.011111111111111112,0
2026-09-22T23:41:57Z,frontend,0.0,1150,0.8,0.0,0
2026-09-22T23:41:57Z,cartservice,0.0,1920,0.95,0.0,0
2026-09-22T23:41:57Z,checkoutservice,0.0,615,0.8,0.0,0
2026-09-22T23:41:57Z,productcatalogservice,0.0,1535,0.95,0.0,0
2026-09-22T23:41:57Z,paymentservice,0.0,155,0.8,0.0,0
2026-09-22T23:41:57Z,recommendationservice,0.0,1150,0.8,0.0,0
2026-09-22T23:41:57Z,shippingservice,25.0,770,0.8,0.032467532467532464,0
2026-09-22T23:41:57Z,currencyservice,0.0,770,0.8,0.0,0
2026-09-22T23:41:57Z,emailservice,0.0,155,0.8,0.0,0
2026-09-22T23:41:57Z,adservice,39.0,1150,0.8,0.03391304347826087,0
2026-09-22T23:41:57Z,redis-cart,6.0,540,0.8,0.011111111111111112,0
2026-09-22T23:41:58Z,frontend,0.0,1150,0.8,0.0,0
2026-09-22T23:41:58Z,cartservice,0.0,1920,0.95,0.0,0
2026-09-22T23:41:58Z,checkoutservice,0.0,615,0.8,0.0,0
2026-09-22T23:41:58Z,productcatalogservice,0.0,1535,0.95,0.0,0
2026-09-22T23:41:58Z,paymentservice,0.0,155,0.8,0.0,0
2026-09-22T23:41:58Z,recommendationservice,32.0,1150,0.8,0.02782608695652174,0
2026-09-22T23:41:58Z,shippingservice,0.0,770,0.8,0.0,0
2026-09-22T23:41:58Z,currencyservice,0.0,770,0.8,0.0,0
2026-09-22T23:41:58Z,emailservice,19.0,155,0.8,0.12258064516129032,0
2026-09-22T23:41:58Z,adservice,26.0,1150,0.8,0.022608695652173914,0
2026-09-22T23:41:58Z,redis-cart,5.0,540,0.8,0.009259259259259259,0
2026-09-22T23:41:59Z,frontend,0.0,1150,0.8,0.0,0
2026-09-22T23:41:59Z,cartservice,0.0,1920,0.95,0.0,0
2026-09-22T23:41:59Z,checkoutservice,0.0,615,0.8,0.0,0
2026-09-22T23:41:59Z,productcatalogservice,18.0,1535,0.95,0.011726384364820847,0
2026-09-22T23:41:59Z,paymentservice,0.0,155,0.8,0.0,0
2026-09-22T23:41:59Z,recommendationservice,0.0,1150,0.8,0.0,0
2026-09-22T23:41:59Z,shippingservice,0.0,770,0.8,0.0,0
2026-09-22T23:41:59Z,currencyservice,18.0,770,0.8,0.023376623376623377,0
2026-09-22T23:41:59Z,emailservice,19.0,155,0.8,0.12258064516129032,0
2026-09-22T23:41:59Z,adservice,26.0,1150,0.8,0.022608695652173914,0
2026-09-22T23:41:59Z,redis-cart,6.0,540,0.8,0.011111111111111112,0
2026-09-22T23:42:00Z,frontend,0.0,1150,0.8,0.0,0
2026-09-22T23:42:00Z,cartservice,0.0,1920,0.95,0.0,0
2026-09-22T23:42:00Z,checkoutservice,0.0,615,0.8,0.0,0
2026-09-22T23:42:00Z,productcatalogservice,18.0,1535,0.95,0.011726384364820847,0
2026-09-22T23:42:00Z,paymentservice,0.0,155,0.8,0.0,0
2026-09-22T23:42:00Z,recommendationservice,0.0,1150,0.8,0.0,0
2026-09-22T23:42:00Z,shippingservice,0.0,770,0.8,0.0,0
2026-09-22T23:42:00Z,currencyservice,18.0,770,0.8,0.023376623376623377,0
2026-09-22T23:42:00Z,emailservice,13.0,155,0.8,0.08387096774193549,0
2026-09-22T23:42:00Z,adservice,26.0,1150,0.8,0.022608695652173914,0
2026-09-22T23:42:00Z,redis-cart,6.0,540,0.8,0.011111111111111112,0
2026-09-22T23:42:01Z,frontend,0.0,1150,0.8,0.0,0
2026-09-22T23:42:01Z,cartservice,0.0,1920,0.95,0.0,0
2026-09-22T23:42:01Z,checkoutservice,17.0,615,0.8,0.027642276422764227,0
2026-09-22T23:42:01Z,productcatalogservice,0.0,1535,0.95,0.0,0
2026-09-22T23:42:01Z,paymentservice,0.0,155,0.8,0.0,0
2026-09-22T23:42:01Z,recommendationservice,0.0,1150,0.8,0.0,0
2026-09-22T23:42:01Z,shippingservice,15.0,770,0.8,0.01948051948051948,0
2026-09-22T23:42:01Z,currencyservice,0.0,770,0.8,0.0,0
2026-09-22T23:42:01Z,emailservice,0.0,155,0.8,0.0,0
2026-09-22T23:42:01Z,adservice,25.0,1150,0.8,0.021739130434782608,0
2026-09-22T23:42:01Z,redis-cart,5.0,540,0.8,0.009259259259259259,0
2026-09-22T23:42:02Z,frontend,0.0,1150,0.8,0.0,0
2026-09-22T23:42:02Z,cartservice,0.0,1920,0.95,0.0,0
2026-09-22T23:42:02Z,checkoutservice,17.0,615,0.8,0.027642276422764227,0
2026-09-22T23:42:02Z,productcatalogservice,0.0,1535,0.95,0.0,0
2026-09-22T23:42:02Z,paymentservice,0.0,155,0.8,0.0,0
2026-09-22T23:42:02Z,recommendationservice,0.0,1150,0.8,0.0,0
2026-09-22T23:42:02Z,shippingservice,15.0,770,0.8,0.01948051948051948,0
2026-09-22T23:42:02Z,currencyservice,13.0,770,0.8,0.016883116883116882,0
2026-09-22T23:42:02Z,emailservice,19.0,155,0.8,0.12258064516129032,0
2026-09-22T23:42:02Z,adservice,26.0,1150,0.8,0.022608695652173914,0
2026-09-22T23:42:02Z,redis-cart,5.0,540,0.8,0.009259259259259259,0
2026-09-22T23:42:03Z,frontend,0.0,1150,0.8,0.0,0
2026-09-22T23:42:03Z,cartservice,20.0,1920,0.95,0.010416666666666666,0
2026-09-22T23:42:03Z,checkoutservice,0.0,615,0.8,0.0,0
2026-09-22T23:42:03Z,productcatalogservice,0.0,1535,0.95,0.0,0
2026-09-22T23:42:03Z,paymentservice,15.0,155,0.8,0.0967741935483871,0
2026-09-22T23:42:03Z,recommendationservice,31.0,1150,0.8,0.026956521739130435,0
2026-09-22T23:42:03Z,shippingservice,0.0,770,0.8,0.0,0
2026-09-22T23:42:03Z,currencyservice,13.0,770,0.8,0.016883116883116882,0
2026-09-22T23:42:03Z,emailservice,19.0,155,0.8,0.12258064516129032,0
2026-09-22T23:42:03Z,adservice,26.0,1150,0.8,0.022608695652173914,0
2026-09-22T23:42:03Z,redis-cart,5.0,540,0.8,0.009259259259259259,0
2026-09-22T23:42:04Z,frontend,0.0,1150,0.8,0.0,0
2026-09-22T23:42:04Z,cartservice,20.0,1920,0.95,0.010416666666666666,0
2026-09-22T23:42:04Z,checkoutservice,0.0,615,0.8,0.0,0
2026-09-22T23:42:04Z,productcatalogservice,0.0,1535,0.95,0.0,0
2026-09-22T23:42:04Z,paymentservice,15.0,155,0.8,0.0967741935483871,0
2026-09-22T23:42:04Z,recommendationservice,31.0,1150,0.8,0.026956521739130435,0
2026-09-22T23:42:04Z,shippingservice,0.0,770,0.8,0.0,0
2026-09-22T23:42:04Z,currencyservice,0.0,770,0.8,0.0,0
2026-09-22T23:42:04Z,emailservice,0.0,155,0.8,0.0,0
2026-09-22T23:42:04Z,adservice,26.0,1150,0.8,0.022608695652173914,0
2026-09-22T23:42:04Z,redis-cart,5.0,540,0.8,0.009259259259259259,0
2026-09-22T23:42:05Z,frontend,0.0,1150,0.8,0.0,0
2026-09-22T23:42:05Z,cartservice,0.0,1920,0.95,0.0,0
2026-09-22T23:42:05Z,checkoutservice,16.0,615,0.8,0.026016260162601626,0
2026-09-22T23:42:05Z,productcatalogservice,17.0,1535,0.95,0.011074918566775244,0
2026-09-22T23:42:05Z,paymentservice,12.0,155,0.8,0.07741935483870968,0
2026-09-22T23:42:05Z,recommendationservice,0.0,1150,0.8,0.0,0
2026-09-22T23:42:05Z,shippingservice,0.0,770,0.8,0.0,0
2026-09-22T23:42:05Z,currencyservice,0.0,770,0.8,0.0,0
2026-09-22T23:42:05Z,emailservice,17.0,155,0.8,0.10967741935483871,0
2026-09-22T23:42:05Z,adservice,26.0,1150,0.8,0.022608695652173914,0
2026-09-22T23:42:05Z,redis-cart,6.0,540,0.8,0.011111111111111112,0
2026-09-22T23:42:06Z,frontend,0.0,1150,0.8,0.0,0
2026-09-22T23:42:06Z,cartservice,21.0,1920,0.95,0.0109375,0
2026-09-22T23:42:06Z,checkoutservice,16.0,615,0.8,0.026016260162601626,0
2026-09-22T23:42:06Z,productcatalogservice,0.0,1535,0.95,0.0,0
2026-09-22T23:42:06Z,paymentservice,0.0,155,0.8,0.0,0
2026-09-22T23:42:06Z,recommendationservice,0.0,1150,0.8,0.0,0
2026-09-22T23:42:06Z,shippingservice,0.0,770,0.8,0.0,0
2026-09-22T23:42:06Z,currencyservice,0.0,770,0.8,0.0,0
2026-09-22T23:42:06Z,emailservice,17.0,155,0.8,0.10967741935483871,0
2026-09-22T23:42:06Z,adservice,26.0,1150,0.8,0.022608695652173914,0
2026-09-22T23:42:06Z,redis-cart,6.0,540,0.8,0.011111111111111112,0
2026-09-22T23:42:07Z,frontend,0.0,1150,0.8,0.0,0
2026-09-22T23:42:07Z,cartservice,21.0,1920,0.95,0.0109375,0
2026-09-22T23:42:07Z,checkoutservice,0.0,615,0.8,0.0,0
2026-09-22T23:42:07Z,productcatalogservice,0.0,1535,0.95,0.0,0
2026-09-22T23:42:07Z,paymentservice,0.0,155,0.8,0.0,0
2026-09-22T23:42:07Z,recommendationservice,0.0,1150,0.8,0.0,0
2026-09-22T23:42:07Z,shippingservice,28.0,770,0.8,0.03636363636363636,0
2026-09-22T23:42:07Z,currencyservice,0.0,770,0.8,0.0,0
2026-09-22T23:42:07Z,emailservice,15.0,155,0.8,0.0967741935483871,0
2026-09-22T23:42:07Z,adservice,28.0,1150,0.8,0.02434782608695652,0
2026-09-22T23:42:07Z,redis-cart,5.0,540,0.8,0.009259259259259259,0
2026-09-22T23:42:08Z,frontend,0.0,1150,0.8,0.0,0
2026-09-22T23:42:08Z,cartservice,0.0,1920,0.95,0.0,0
2026-09-22T23:42:08Z,checkoutservice,0.0,615,0.8,0.0,0
2026-09-22T23:42:08Z,productcatalogservice,0.0,1535,0.95,0.0,0
2026-09-22T23:42:08Z,paymentservice,0.0,155,0.8,0.0,0
2026-09-22T23:42:08Z,recommendationservice,39.0,1150,0.8,0.03391304347826087,0
2026-09-22T23:42:08Z,shippingservice,0.0,770,0.8,0.0,0
2026-09-22T23:42:08Z,currencyservice,0.0,770,0.8,0.0,0
2026-09-22T23:42:08Z,emailservice,15.0,155,0.8,0.0967741935483871,0
2026-09-22T23:42:08Z,adservice,26.0,1150,0.8,0.022608695652173914,0
2026-09-22T23:42:08Z,redis-cart,6.0,540,0.8,0.011111111111111112,0
2026-09-22T23:42:09Z,frontend,0.0,1150,0.8,0.0,0
2026-09-22T23:42:09Z,cartservice,0.0,1920,0.95,0.0,0
2026-09-22T23:42:09Z,checkoutservice,0.0,615,0.8,0.0,0
2026-09-22T23:42:09Z,productcatalogservice,14.0,1535,0.95,0.009120521172638436,0
2026-09-22T23:42:09Z,paymentservice,0.0,155,0.8,0.0,0
2026-09-22T23:42:09Z,recommendationservice,39.0,1150,0.8,0.03391304347826087,0
2026-09-22T23:42:09Z,shippingservice,0.0,770,0.8,0.0,0
2026-09-22T23:42:09Z,currencyservice,0.0,770,0.8,0.0,0
2026-09-22T23:42:09Z,emailservice,4.0,155,0.8,0.025806451612903226,0
2026-09-22T23:42:09Z,adservice,26.0,1150,0.8,0.022608695652173914,0
2026-09-22T23:42:09Z,redis-cart,5.0,540,0.8,0.009259259259259259,0
2026-09-22T23:42:10Z,frontend,0.0,1150,0.8,0.0,0
2026-09-22T23:42:10Z,cartservice,0.0,1920,0.95,0.0,0
2026-09-22T23:42:10Z,checkoutservice,0.0,615,0.8,0.0,0
2026-09-22T23:42:10Z,productcatalogservice,0.0,1535,0.95,0.0,0
2026-09-22T23:42:10Z,paymentservice,0.0,155,0.8,0.0,0
2026-09-22T23:42:10Z,recommendationservice,0.0,1150,0.8,0.0,0
2026-09-22T23:42:10Z,shippingservice,0.0,770,0.8,0.0,0
2026-09-22T23:42:10Z,currencyservice,12.0,770,0.8,0.015584415584415584,0
2026-09-22T23:42:10Z,emailservice,14.0,155,0.8,0.09032258064516129,0
2026-09-22T23:42:10Z,adservice,41.0,1150,0.8,0.035652173913043476,0
2026-09-22T23:42:10Z,redis-cart,5.0,540,0.8,0.009259259259259259,0
2026-09-22T23:42:11Z,frontend,0.0,1150,0.8,0.0,0
2026-09-22T23:42:11Z,cartservice,0.0,1920,0.95,0.0,0
2026-09-22T23:42:11Z,checkoutservice,0.0,615,0.8,0.0,0
2026-09-22T23:42:11Z,productcatalogservice,0.0,1535,0.95,0.0,0
2026-09-22T23:42:11Z,paymentservice,0.0,155,0.8,0.0,0
2026-09-22T23:42:11Z,recommendationservice,0.0,1150,0.8,0.0,0
2026-09-22T23:42:11Z,shippingservice,12.0,770,0.8,0.015584415584415584,0
2026-09-22T23:42:11Z,currencyservice,12.0,770,0.8,0.015584415584415584,0
2026-09-22T23:42:11Z,emailservice,14.0,155,0.8,0.09032258064516129,0
2026-09-22T23:42:11Z,adservice,44.0,1150,0.8,0.03826086956521739,0
2026-09-22T23:42:11Z,redis-cart,6.0,540,0.8,0.011111111111111112,0
2026-09-22T23:42:12Z,frontend,0.0,1150,0.8,0.0,0
2026-09-22T23:42:12Z,cartservice,0.0,1920,0.95,0.0,0
2026-09-22T23:42:12Z,checkoutservice,12.0,615,0.8,0.01951219512195122,0
2026-09-22T23:42:12Z,productcatalogservice,0.0,1535,0.95,0.0,0
2026-09-22T23:42:12Z,paymentservice,0.0,155,0.8,0.0,0
2026-09-22T23:42:12Z,recommendationservice,0.0,1150,0.8,0.0,0
2026-09-22T23:42:12Z,shippingservice,0.0,770,0.8,0.0,0
2026-09-22T23:42:12Z,currencyservice,12.0,770,0.8,0.015584415584415584,0
2026-09-22T23:42:12Z,emailservice,18.0,155,0.8,0.11612903225806452,0
2026-09-22T23:42:12Z,adservice,27.0,1150,0.8,0.023478260869565216,0
2026-09-22T23:42:12Z,redis-cart,6.0,540,0.8,0.011111111111111112,0
2026-09-22T23:42:13Z,frontend,0.0,1150,0.8,0.0,0
2026-09-22T23:42:13Z,cartservice,19.0,1920,0.95,0.009895833333333333,0
2026-09-22T23:42:13Z,checkoutservice,0.0,615,0.8,0.0,0
2026-09-22T23:42:13Z,productcatalogservice,0.0,1535,0.95,0.0,0
2026-09-22T23:42:13Z,paymentservice,13.0,155,0.8,0.08387096774193549,0
2026-09-22T23:42:13Z,recommendationservice,30.0,1150,0.8,0.02608695652173913,0
2026-09-22T23:42:13Z,shippingservice,0.0,770,0.8,0.0,0
2026-09-22T23:42:13Z,currencyservice,0.0,770,0.8,0.0,0
2026-09-22T23:42:13Z,emailservice,0.0,155,0.8,0.0,0
2026-09-22T23:42:13Z,adservice,28.0,1150,0.8,0.02434782608695652,0
2026-09-22T23:42:13Z,redis-cart,5.0,540,0.8,0.009259259259259259,0
2026-09-22T23:42:14Z,frontend,0.0,1150,0.8,0.0,0
2026-09-22T23:42:14Z,cartservice,19.0,1920,0.95,0.009895833333333333,0
2026-09-22T23:42:14Z,checkoutservice,0.0,615,0.8,0.0,0
2026-09-22T23:42:14Z,productcatalogservice,0.0,1535,0.95,0.0,0
2026-09-22T23:42:14Z,paymentservice,18.0,155,0.8,0.11612903225806452,0
2026-09-22T23:42:14Z,recommendationservice,0.0,1150,0.8,0.0,0
2026-09-22T23:42:14Z,shippingservice,0.0,770,0.8,0.0,0
2026-09-22T23:42:14Z,currencyservice,0.0,770,0.8,0.0,0
2026-09-22T23:42:14Z,emailservice,0.0,155,0.8,0.0,0
2026-09-22T23:42:14Z,adservice,28.0,1150,0.8,0.02434782608695652,0
2026-09-22T23:42:14Z,redis-cart,5.0,540,0.8,0.009259259259259259,0
2026-09-22T23:42:15Z,frontend,0.0,1150,0.8,0.0,0
2026-09-22T23:42:15Z,cartservice,0.0,1920,0.95,0.0,0
2026-09-22T23:42:15Z,checkoutservice,13.0,615,0.8,0.02113821138211382,0
2026-09-22T23:42:15Z,productcatalogservice,14.0,1535,0.95,0.009120521172638436,0
2026-09-22T23:42:15Z,paymentservice,0.0,155,0.8,0.0,0
2026-09-22T23:42:15Z,recommendationservice,0.0,1150,0.8,0.0,0
2026-09-22T23:42:15Z,shippingservice,0.0,770,0.8,0.0,0
2026-09-22T23:42:15Z,currencyservice,0.0,770,0.8,0.0,0
2026-09-22T23:42:15Z,emailservice,16.0,155,0.8,0.1032258064516129,0
2026-09-22T23:42:15Z,adservice,30.0,1150,0.8,0.02608695652173913,0
2026-09-22T23:42:15Z,redis-cart,5.0,540,0.8,0.009259259259259259,0
2026-09-22T23:42:16Z,frontend,0.0,1150,0.8,0.0,0
2026-09-22T23:42:16Z,cartservice,0.0,1920,0.95,0.0,0
2026-09-22T23:42:16Z,checkoutservice,13.0,615,0.8,0.02113821138211382,0
2026-09-22T23:42:16Z,productcatalogservice,0.0,1535,0.95,0.0,0
2026-09-22T23:42:16Z,paymentservice,0.0,155,0.8,0.0,0
2026-09-22T23:42:16Z,recommendationservice,0.0,1150,0.8,0.0,0
2026-09-22T23:42:16Z,shippingservice,19.0,770,0.8,0.024675324675324677,0
2026-09-22T23:42:16Z,currencyservice,0.0,770,0.8,0.0,0
2026-09-22T23:42:16Z,emailservice,0.0,155,0.8,0.0,0
2026-09-22T23:42:16Z,adservice,30.0,1150,0.8,0.02608695652173913,0
2026-09-22T23:42:16Z,redis-cart,6.0,540,0.8,0.011111111111111112,0
2026-09-22T23:42:17Z,frontend,0.0,1150,0.8,0.0,0
2026-09-22T23:42:17Z,cartservice,18.0,1920,0.95,0.009375,0
2026-09-22T23:42:17Z,checkoutservice,0.0,615,0.8,0.0,0
2026-09-22T23:42:17Z,productcatalogservice,0.0,1535,0.95,0.0,0
2026-09-22T23:42:17Z,paymentservice,0.0,155,0.8,0.0,0
2026-09-22T23:42:17Z,recommendationservice,0.0,1150,0.8,0.0,0
2026-09-22T23:42:17Z,shippingservice,23.0,770,0.8,0.02987012987012987,0
2026-09-22T23:42:17Z,currencyservice,0.0,770,0.8,0.0,0
2026-09-22T23:42:17Z,emailservice,0.0,155,0.8,0.0,0
2026-09-22T23:42:17Z,adservice,29.0,1150,0.8,0.025217391304347827,0
2026-09-22T23:42:17Z,redis-cart,6.0,540,0.8,0.011111111111111112,0
2026-09-22T23:42:18Z,frontend,0.0,1150,0.8,0.0,0
2026-09-22T23:42:18Z,cartservice,18.0,1920,0.95,0.009375,0
2026-09-22T23:42:18Z,checkoutservice,0.0,615,0.8,0.0,0
2026-09-22T23:42:18Z,productcatalogservice,0.0,1535,0.95,0.0,0
2026-09-22T23:42:18Z,paymentservice,0.0,155,0.8,0.0,0
2026-09-22T23:42:18Z,recommendationservice,28.0,1150,0.8,0.02434782608695652,0
2026-09-22T23:42:18Z,shippingservice,0.0,770,0.8,0.0,0
2026-09-22T23:42:18Z,currencyservice,0.0,770,0.8,0.0,0
2026-09-22T23:42:18Z,emailservice,17.0,155,0.8,0.10967741935483871,0
2026-09-22T23:42:18Z,adservice,27.0,1150,0.8,0.023478260869565216,0
2026-09-22T23:42:18Z,redis-cart,6.0,540,0.8,0.011111111111111112,0
2026-09-22T23:42:19Z,frontend,0.0,1150,0.8,0.0,0
2026-09-22T23:42:19Z,cartservice,0.0,1920,0.95,0.0,0
2026-09-22T23:42:19Z,checkoutservice,0.0,615,0.8,0.0,0
2026-09-22T23:42:19Z,productcatalogservice,11.0,1535,0.95,0.0071661237785016286,0
2026-09-22T23:42:19Z,paymentservice,0.0,155,0.8,0.0,0
2026-09-22T23:42:19Z,recommendationservice,28.0,1150,0.8,0.02434782608695652,0
2026-09-22T23:42:19Z,shippingservice,0.0,770,0.8,0.0,0
2026-09-22T23:42:19Z,currencyservice,11.0,770,0.8,0.014285714285714285,0
2026-09-22T23:42:19Z,emailservice,17.0,155,0.8,0.10967741935483871,0
2026-09-22T23:42:19Z,adservice,26.0,1150,0.8,0.022608695652173914,0
2026-09-22T23:42:19Z,redis-cart,5.0,540,0.8,0.009259259259259259,0
2026-09-22T23:42:20Z,frontend,0.0,1150,0.8,0.0,0
2026-09-22T23:42:20Z,cartservice,0.0,1920,0.95,0.0,0
2026-09-22T23:42:20Z,checkoutservice,0.0,615,0.8,0.0,0
2026-09-22T23:42:20Z,productcatalogservice,11.0,1535,0.95,0.0071661237785016286,0
2026-09-22T23:42:20Z,paymentservice,0.0,155,0.8,0.0,0
2026-09-22T23:42:20Z,recommendationservice,0.0,1150,0.8,0.0,0
2026-09-22T23:42:20Z,shippingservice,0.0,770,0.8,0.0,0
2026-09-22T23:42:20Z,currencyservice,0.0,770,0.8,0.0,0
2026-09-22T23:42:20Z,emailservice,13.0,155,0.8,0.08387096774193549,0
2026-09-22T23:42:20Z,adservice,26.0,1150,0.8,0.022608695652173914,0
2026-09-22T23:42:20Z,redis-cart,5.0,540,0.8,0.009259259259259259,0
2026-09-22T23:42:21Z,frontend,0.0,1150,0.8,0.0,0
2026-09-22T23:42:21Z,cartservice,0.0,1920,0.95,0.0,0
2026-09-22T23:42:21Z,checkoutservice,12.0,615,0.8,0.01951219512195122,0
2026-09-22T23:42:21Z,productcatalogservice,0.0,1535,0.95,0.0,0
2026-09-22T23:42:21Z,paymentservice,0.0,155,0.8,0.0,0
2026-09-22T23:42:21Z,recommendationservice,0.0,1150,0.8,0.0,0
2026-09-22T23:42:21Z,shippingservice,22.0,770,0.8,0.02857142857142857,0
2026-09-22T23:42:21Z,currencyservice,14.0,770,0.8,0.01818181818181818,0
2026-09-22T23:42:21Z,emailservice,13.0,155,0.8,0.08387096774193549,0
2026-09-22T23:42:21Z,adservice,27.0,1150,0.8,0.023478260869565216,0
2026-09-22T23:42:21Z,redis-cart,5.0,540,0.8,0.009259259259259259,0
2026-09-22T23:42:22Z,frontend,0.0,1150,0.8,0.0,0
2026-09-22T23:42:22Z,cartservice,0.0,1920,0.95,0.0,0
2026-09-22T23:42:22Z,checkoutservice,12.0,615,0.8,0.01951219512195122,0
2026-09-22T23:42:22Z,productcatalogservice,0.0,1535,0.95,0.0,0
2026-09-22T23:42:22Z,paymentservice,10.0,155,0.8,0.06451612903225806,0
2026-09-22T23:42:22Z,recommendationservice,0.0,1150,0.8,0.0,0
2026-09-22T23:42:22Z,shippingservice,0.0,770,0.8,0.0,0
2026-09-22T23:42:22Z,currencyservice,0.0,770,0.8,0.0,0
2026-09-22T23:42:22Z,emailservice,0.0,155,0.8,0.0,0
2026-09-22T23:42:22Z,adservice,28.0,1150,0.8,0.02434782608695652,0
2026-09-22T23:42:22Z,redis-cart,6.0,540,0.8,0.011111111111111112,0
2026-09-22T23:42:23Z,frontend,0.0,1150,0.8,0.0,0
2026-09-22T23:42:23Z,cartservice,0.0,1920,0.95,0.0,0
2026-09-22T23:42:23Z,checkoutservice,0.0,615,0.8,0.0,0
2026-09-22T23:42:23Z,productcatalogservice,0.0,1535,0.95,0.0,0
2026-09-22T23:42:23Z,paymentservice,6.0,155,0.8,0.03870967741935484,0
2026-09-22T23:42:23Z,recommendationservice,36.0,1150,0.8,0.03130434782608696,0
2026-09-22T23:42:23Z,shippingservice,0.0,770,0.8,0.0,0
2026-09-22T23:42:23Z,currencyservice,0.0,770,0.8,0.0,0
2026-09-22T23:42:23Z,emailservice,19.0,155,0.8,0.12258064516129032,0
2026-09-22T23:42:23Z,adservice,28.0,1150,0.8,0.02434782608695652,0
2026-09-22T23:42:23Z,redis-cart,5.0,540,0.8,0.009259259259259259,0
2026-09-22T23:42:24Z,frontend,0.0,1150,0.8,0.0,0
2026-09-22T23:42:24Z,cartservice,0.0,1920,0.95,0.0,0
2026-09-22T23:42:24Z,checkoutservice,0.0,615,0.8,0.0,0
2026-09-22T23:42:24Z,productcatalogservice,12.0,1535,0.95,0.007817589576547232,0
2026-09-22T23:42:24Z,paymentservice,17.0,155,0.8,0.10967741935483871,0
2026-09-22T23:42:24Z,recommendationservice,0.0,1150,0.8,0.0,0
2026-09-22T23:42:24Z,shippingservice,0.0,770,0.8,0.0,0
2026-09-22T23:42:24Z,currencyservice,0.0,770,0.8,0.0,0
2026-09-22T23:42:24Z,emailservice,17.0,155,0.8,0.10967741935483871,0
2026-09-22T23:42:24Z,adservice,27.0,1150,0.8,0.023478260869565216,0
2026-09-22T23:42:24Z,redis-cart,5.0,540,0.8,0.009259259259259259,0
2026-09-22T23:42:25Z,frontend,0.0,1150,0.8,0.0,0
2026-09-22T23:42:25Z,cartservice,12.0,1920,0.95,0.00625,0
2026-09-22T23:42:25Z,checkoutservice,0.0,615,0.8,0.0,0
2026-09-22T23:42:25Z,productcatalogservice,0.0,1535,0.95,0.0,0
2026-09-22T23:42:25Z,paymentservice,17.0,155,0.8,0.10967741935483871,0
2026-09-22T23:42:25Z,recommendationservice,0.0,1150,0.8,0.0,0
2026-09-22T23:42:25Z,shippingservice,0.0,770,0.8,0.0,0
2026-09-22T23:42:25Z,currencyservice,0.0,770,0.8,0.0,0
2026-09-22T23:42:25Z,emailservice,17.0,155,0.8,0.10967741935483871,0
2026-09-22T23:42:25Z,adservice,37.0,1150,0.8,0.03217391304347826,0
2026-09-22T23:42:25Z,redis-cart,14.0,540,0.8,0.025925925925925925,0
2026-09-22T23:42:26Z,frontend,0.0,1150,0.8,0.0,0
2026-09-22T23:42:26Z,cartservice,30.0,1920,0.95,0.015625,0
2026-09-22T23:42:26Z,checkoutservice,13.0,615,0.8,0.02113821138211382,0
2026-09-22T23:42:26Z,productcatalogservice,0.0,1535,0.95,0.0,0
2026-09-22T23:42:26Z,paymentservice,0.0,155,0.8,0.0,0
2026-09-22T23:42:26Z,recommendationservice,0.0,1150,0.8,0.0,0
2026-09-22T23:42:26Z,shippingservice,0.0,770,0.8,0.0,0
2026-09-22T23:42:26Z,currencyservice,0.0,770,0.8,0.0,0
2026-09-22T23:42:26Z,emailservice,0.0,155,0.8,0.0,0
2026-09-22T23:42:26Z,adservice,37.0,1150,0.8,0.03217391304347826,0
2026-09-22T23:42:26Z,redis-cart,6.0,540,0.8,0.011111111111111112,0
2026-09-22T23:42:27Z,frontend,0.0,1150,0.8,0.0,0
2026-09-22T23:42:27Z,cartservice,0.0,1920,0.95,0.0,0
2026-09-22T23:42:27Z,checkoutservice,0.0,615,0.8,0.0,0
2026-09-22T23:42:27Z,productcatalogservice,0.0,1535,0.95,0.0,0
2026-09-22T23:42:27Z,paymentservice,0.0,155,0.8,0.0,0
2026-09-22T23:42:27Z,recommendationservice,33.0,1150,0.8,0.028695652173913042,0
2026-09-22T23:42:27Z,shippingservice,26.0,770,0.8,0.033766233766233764,0
2026-09-22T23:42:27Z,currencyservice,0.0,770,0.8,0.0,0
2026-09-22T23:42:27Z,emailservice,26.0,155,0.8,0.16774193548387098,0
2026-09-22T23:42:27Z,adservice,44.0,1150,0.8,0.03826086956521739,0
2026-09-22T23:42:27Z,redis-cart,5.0,540,0.8,0.009259259259259259,0
2026-09-22T23:42:28Z,frontend,0.0,1150,0.8,0.0,0
2026-09-22T23:42:28Z,cartservice,0.0,1920,0.95,0.0,0
2026-09-22T23:42:28Z,checkoutservice,0.0,615,0.8,0.0,0
2026-09-22T23:42:28Z,productcatalogservice,0.0,1535,0.95,0.0,0
2026-09-22T23:42:28Z,paymentservice,0.0,155,0.8,0.0,0
2026-09-22T23:42:28Z,recommendationservice,0.0,1150,0.8,0.0,0
2026-09-22T23:42:28Z,shippingservice,0.0,770,0.8,0.0,0
2026-09-22T23:42:28Z,currencyservice,0.0,770,0.8,0.0,0
2026-09-22T23:42:28Z,emailservice,0.0,155,0.8,0.0,0
2026-09-22T23:42:28Z,adservice,27.0,1150,0.8,0.023478260869565216,0
2026-09-22T23:42:28Z,redis-cart,5.0,540,0.8,0.009259259259259259,0
2026-09-22T23:42:29Z,frontend,0.0,1150,0.8,0.0,0
2026-09-22T23:42:29Z,cartservice,0.0,1920,0.95,0.0,0
2026-09-22T23:42:29Z,checkoutservice,0.0,615,0.8,0.0,0
2026-09-22T23:42:29Z,productcatalogservice,0.0,1535,0.95,0.0,0
2026-09-22T23:42:29Z,paymentservice,0.0,155,0.8,0.0,0
2026-09-22T23:42:29Z,recommendationservice,0.0,1150,0.8,0.0,0
2026-09-22T23:42:29Z,shippingservice,0.0,770,0.8,0.0,0
2026-09-22T23:42:29Z,currencyservice,0.0,770,0.8,0.0,0
2026-09-22T23:42:29Z,emailservice,0.0,155,0.8,0.0,0
2026-09-22T23:42:29Z,adservice,28.0,1150,0.8,0.02434782608695652,0
2026-09-22T23:42:29Z,redis-cart,5.0,540,0.8,0.009259259259259259,0
2026-09-22T23:42:30Z,frontend,0.0,1150,0.8,0.0,0
2026-09-22T23:42:30Z,cartservice,0.0,1920,0.95,0.0,0
2026-09-22T23:42:30Z,checkoutservice,0.0,615,0.8,0.0,0
2026-09-22T23:42:30Z,productcatalogservice,13.0,1535,0.95,0.008469055374592834,0
2026-09-22T23:42:30Z,paymentservice,0.0,155,0.8,0.0,0
2026-09-22T23:42:30Z,recommendationservice,0.0,1150,0.8,0.0,0
2026-09-22T23:42:30Z,shippingservice,0.0,770,0.8,0.0,0
2026-09-22T23:42:30Z,currencyservice,13.0,770,0.8,0.016883116883116882,0
2026-09-22T23:42:30Z,emailservice,16.0,155,0.8,0.1032258064516129,0
2026-09-22T23:42:30Z,adservice,28.0,1150,0.8,0.02434782608695652,0
2026-09-22T23:42:30Z,redis-cart,5.0,540,0.8,0.009259259259259259,0
2026-09-22T23:42:31Z,frontend,0.0,1150,0.8,0.0,0
2026-09-22T23:42:31Z,cartservice,0.0,1920,0.95,0.0,0
2026-09-22T23:42:31Z,checkoutservice,15.0,615,0.8,0.024390243902439025,0
2026-09-22T23:42:31Z,productcatalogservice,0.0,1535,0.95,0.0,0
2026-09-22T23:42:31Z,paymentservice,0.0,155,0.8,0.0,0
2026-09-22T23:42:31Z,recommendationservice,0.0,1150,0.8,0.0,0
2026-09-22T23:42:31Z,shippingservice,30.0,770,0.8,0.03896103896103896,0
2026-09-22T23:42:31Z,currencyservice,13.0,770,0.8,0.016883116883116882,0
2026-09-22T23:42:31Z,emailservice,0.0,155,0.8,0.0,0
2026-09-22T23:42:31Z,adservice,27.0,1150,0.8,0.023478260869565216,0
2026-09-22T23:42:31Z,redis-cart,6.0,540,0.8,0.011111111111111112,0
2026-09-22T23:42:32Z,frontend,0.0,1150,0.8,0.0,0
2026-09-22T23:42:32Z,cartservice,0.0,1920,0.95,0.0,0
2026-09-22T23:42:32Z,checkoutservice,15.0,615,0.8,0.024390243902439025,0
2026-09-22T23:42:32Z,productcatalogservice,0.0,1535,0.95,0.0,0
2026-09-22T23:42:32Z,paymentservice,21.0,155,0.8,0.13548387096774195,0
2026-09-22T23:42:32Z,recommendationservice,0.0,1150,0.8,0.0,0
2026-09-22T23:42:32Z,shippingservice,0.0,770,0.8,0.0,0
2026-09-22T23:42:32Z,currencyservice,11.0,770,0.8,0.014285714285714285,0
2026-09-22T23:42:32Z,emailservice,21.0,155,0.8,0.13548387096774195,0
2026-09-22T23:42:32Z,adservice,26.0,1150,0.8,0.022608695652173914,0
2026-09-22T23:42:32Z,redis-cart,5.0,540,0.8,0.009259259259259259,0
2026-09-22T23:42:33Z,frontend,0.0,1150,0.8,0.0,0
2026-09-22T23:42:33Z,cartservice,0.0,1920,0.95,0.0,0
2026-09-22T23:42:33Z,checkoutservice,0.0,615,0.8,0.0,0
2026-09-22T23:42:33Z,productcatalogservice,0.0,1535,0.95,0.0,0
2026-09-22T23:42:33Z,paymentservice,21.0,155,0.8,0.13548387096774195,0
2026-09-22T23:42:33Z,recommendationservice,32.0,1150,0.8,0.02782608695652174,0
2026-09-22T23:42:33Z,shippingservice,0.0,770,0.8,0.0,0
2026-09-22T23:42:33Z,currencyservice,0.0,770,0.8,0.0,0
2026-09-22T23:42:33Z,emailservice,21.0,155,0.8,0.13548387096774195,0
2026-09-22T23:42:33Z,adservice,26.0,1150,0.8,0.022608695652173914,0
2026-09-22T23:42:33Z,redis-cart,5.0,540,0.8,0.009259259259259259,0
2026-09-22T23:42:34Z,frontend,0.0,1150,0.8,0.0,0
2026-09-22T23:42:34Z,cartservice,16.0,1920,0.95,0.008333333333333333,0
2026-09-22T23:42:34Z,checkoutservice,0.0,615,0.8,0.0,0
2026-09-22T23:42:34Z,productcatalogservice,11.0,1535,0.95,0.0071661237785016286,0
2026-09-22T23:42:34Z,paymentservice,11.0,155,0.8,0.07096774193548387,0
2026-09-22T23:42:34Z,recommendationservice,0.0,1150,0.8,0.0,0
2026-09-22T23:42:34Z,shippingservice,0.0,770,0.8,0.0,0
2026-09-22T23:42:34Z,currencyservice,0.0,770,0.8,0.0,0
2026-09-22T23:42:34Z,emailservice,0.0,155,0.8,0.0,0
2026-09-22T23:42:34Z,adservice,26.0,1150,0.8,0.022608695652173914,0
2026-09-22T23:42:34Z,redis-cart,5.0,540,0.8,0.009259259259259259,0
2026-09-22T23:42:35Z,frontend,0.0,1150,0.8,0.0,0
2026-09-22T23:42:35Z,cartservice,0.0,1920,0.95,0.0,0
2026-09-22T23:42:35Z,checkoutservice,0.0,615,0.8,0.0,0
2026-09-22T23:42:35Z,productcatalogservice,11.0,1535,0.95,0.0071661237785016286,0
2026-09-22T23:42:35Z,paymentservice,0.0,155,0.8,0.0,0
2026-09-22T23:42:35Z,recommendationservice,0.0,1150,0.8,0.0,0
2026-09-22T23:42:35Z,shippingservice,0.0,770,0.8,0.0,0
2026-09-22T23:42:35Z,currencyservice,0.0,770,0.8,0.0,0
2026-09-22T23:42:35Z,emailservice,0.0,155,0.8,0.0,0
2026-09-22T23:42:35Z,adservice,28.0,1150,0.8,0.02434782608695652,0
2026-09-22T23:42:35Z,redis-cart,6.0,540,0.8,0.011111111111111112,0
2026-09-22T23:42:36Z,frontend,0.0,1150,0.8,0.0,0
2026-09-22T23:42:36Z,cartservice,23.0,1920,0.95,0.011979166666666667,0
2026-09-22T23:42:36Z,checkoutservice,20.0,615,0.8,0.032520325203252036,0
2026-09-22T23:42:36Z,productcatalogservice,0.0,1535,0.95,0.0,0
2026-09-22T23:42:36Z,paymentservice,0.0,155,0.8,0.0,0
2026-09-22T23:42:36Z,recommendationservice,0.0,1150,0.8,0.0,0
2026-09-22T23:42:36Z,shippingservice,0.0,770,0.8,0.0,0
2026-09-22T23:42:36Z,currencyservice,0.0,770,0.8,0.0,0
2026-09-22T23:42:36Z,emailservice,14.0,155,0.8,0.09032258064516129,0
2026-09-22T23:42:36Z,adservice,28.0,1150,0.8,0.02434782608695652,0
2026-09-22T23:42:36Z,redis-cart,6.0,540,0.8,0.011111111111111112,0
2026-09-22T23:42:37Z,frontend,0.0,1150,0.8,0.0,0
2026-09-22T23:42:37Z,cartservice,23.0,1920,0.95,0.011979166666666667,0
2026-09-22T23:42:37Z,checkoutservice,0.0,615,0.8,0.0,0
2026-09-22T23:42:37Z,productcatalogservice,0.0,1535,0.95,0.0,0
2026-09-22T23:42:37Z,paymentservice,0.0,155,0.8,0.0,0
2026-09-22T23:42:37Z,recommendationservice,26.0,1150,0.8,0.022608695652173914,0
2026-09-22T23:42:37Z,shippingservice,29.0,770,0.8,0.03766233766233766,0
2026-09-22T23:42:37Z,currencyservice,0.0,770,0.8,0.0,0
2026-09-22T23:42:37Z,emailservice,13.0,155,0.8,0.08387096774193549,0
2026-09-22T23:42:37Z,adservice,25.0,1150,0.8,0.021739130434782608,0
2026-09-22T23:42:37Z,redis-cart,6.0,540,0.8,0.011111111111111112,0
2026-09-22T23:42:38Z,frontend,0.0,1150,0.8,0.0,0
2026-09-22T23:42:38Z,cartservice,0.0,1920,0.95,0.0,0
2026-09-22T23:42:38Z,checkoutservice,0.0,615,0.8,0.0,0
2026-09-22T23:42:38Z,productcatalogservice,0.0,1535,0.95,0.0,0
2026-09-22T23:42:38Z,paymentservice,0.0,155,0.8,0.0,0
2026-09-22T23:42:38Z,recommendationservice,0.0,1150,0.8,0.0,0
2026-09-22T23:42:38Z,shippingservice,29.0,770,0.8,0.03766233766233766,0
2026-09-22T23:42:38Z,currencyservice,0.0,770,0.8,0.0,0
2026-09-22T23:42:38Z,emailservice,0.0,155,0.8,0.0,0
2026-09-22T23:42:38Z,adservice,24.0,1150,0.8,0.020869565217391306,0
2026-09-22T23:42:38Z,redis-cart,5.0,540,0.8,0.009259259259259259,0
2026-09-22T23:42:39Z,frontend,0.0,1150,0.8,0.0,0
2026-09-22T23:42:39Z,cartservice,0.0,1920,0.95,0.0,0
2026-09-22T23:42:39Z,checkoutservice,0.0,615,0.8,0.0,0
2026-09-22T23:42:39Z,productcatalogservice,10.0,1535,0.95,0.006514657980456026,0
2026-09-22T23:42:39Z,paymentservice,0.0,155,0.8,0.0,0
2026-09-22T23:42:39Z,recommendationservice,0.0,1150,0.8,0.0,0
2026-09-22T23:42:39Z,shippingservice,0.0,770,0.8,0.0,0
2026-09-22T23:42:39Z,currencyservice,0.0,770,0.8,0.0,0
2026-09-22T23:42:39Z,emailservice,0.0,155,0.8,0.0,0
2026-09-22T23:42:39Z,adservice,24.0,1150,0.8,0.020869565217391306,0
2026-09-22T23:42:39Z,redis-cart,5.0,540,0.8,0.009259259259259259,0
2026-09-22T23:42:40Z,frontend,0.0,1150,0.8,0.0,0
2026-09-22T23:42:40Z,cartservice,0.0,1920,0.95,0.0,0
2026-09-22T23:42:40Z,checkoutservice,0.0,615,0.8,0.0,0
2026-09-22T23:42:40Z,productcatalogservice,10.0,1535,0.95,0.006514657980456026,0
2026-09-22T23:42:40Z,paymentservice,0.0,155,0.8,0.0,0
2026-09-22T23:42:40Z,recommendationservice,0.0,1150,0.8,0.0,0
2026-09-22T23:42:40Z,shippingservice,0.0,770,0.8,0.0,0
2026-09-22T23:42:40Z,currencyservice,11.0,770,0.8,0.014285714285714285,0
2026-09-22T23:42:40Z,emailservice,12.0,155,0.8,0.07741935483870968,0
2026-09-22T23:42:40Z,adservice,36.0,1150,0.8,0.03130434782608696,0
2026-09-22T23:42:40Z,redis-cart,6.0,540,0.8,0.011111111111111112,0
2026-09-22T23:42:41Z,frontend,0.0,1150,0.8,0.0,0
2026-09-22T23:42:41Z,cartservice,0.0,1920,0.95,0.0,0
2026-09-22T23:42:41Z,checkoutservice,16.0,615,0.8,0.026016260162601626,0
2026-09-22T23:42:41Z,productcatalogservice,0.0,1535,0.95,0.0,0
2026-09-22T23:42:41Z,paymentservice,0.0,155,0.8,0.0,0
2026-09-22T23:42:41Z,recommendationservice,0.0,1150,0.8,0.0,0
2026-09-22T23:42:41Z,shippingservice,16.0,770,0.8,0.02077922077922078,0
2026-09-22T23:42:41Z,currencyservice,11.0,770,0.8,0.014285714285714285,0
2026-09-22T23:42:41Z,emailservice,12.0,155,0.8,0.07741935483870968,0
2026-09-22T23:42:41Z,adservice,36.0,1150,0.8,0.03130434782608696,0
2026-09-22T23:42:41Z,redis-cart,6.0,540,0.8,0.011111111111111112,0
2026-09-22T23:42:42Z,frontend,0.0,1150,0.8,0.0,0
2026-09-22T23:42:42Z,cartservice,0.0,1920,0.95,0.0,0
2026-09-22T23:42:42Z,checkoutservice,0.0,615,0.8,0.0,0
2026-09-22T23:42:42Z,productcatalogservice,0.0,1535,0.95,0.0,0
2026-09-22T23:42:42Z,paymentservice,20.0,155,0.8,0.12903225806451613,0
2026-09-22T23:42:42Z,recommendationservice,44.0,1150,0.8,0.03826086956521739,0
2026-09-22T23:42:42Z,shippingservice,16.0,770,0.8,0.02077922077922078,0
2026-09-22T23:42:42Z,currencyservice,12.0,770,0.8,0.015584415584415584,0
2026-09-22T23:42:42Z,emailservice,0.0,155,0.8,0.0,0
2026-09-22T23:42:42Z,adservice,34.0,1150,0.8,0.029565217391304348,0
2026-09-22T23:42:42Z,redis-cart,5.0,540,0.8,0.009259259259259259,0
2026-09-22T23:42:43Z,frontend,0.0,1150,0.8,0.0,0
2026-09-22T23:42:43Z,cartservice,0.0,1920,0.95,0.0,0
2026-09-22T23:42:43Z,checkoutservice,0.0,615,0.8,0.0,0
2026-09-22T23:42:43Z,productcatalogservice,0.0,1535,0.95,0.0,0
2026-09-22T23:42:43Z,paymentservice,13.0,155,0.8,0.08387096774193549,0
2026-09-22T23:42:43Z,recommendationservice,0.0,1150,0.8,0.0,0
2026-09-22T23:42:43Z,shippingservice,0.0,770,0.8,0.0,0
2026-09-22T23:42:43Z,currencyservice,12.0,770,0.8,0.015584415584415584,0
2026-09-22T23:42:43Z,emailservice,21.0,155,0.8,0.13548387096774195,0
2026-09-22T23:42:43Z,adservice,34.0,1150,0.8,0.029565217391304348,0
2026-09-22T23:42:43Z,redis-cart,5.0,540,0.8,0.009259259259259259,0
2026-09-22T23:42:44Z,frontend,0.0,1150,0.8,0.0,0
2026-09-22T23:42:44Z,cartservice,21.0,1920,0.95,0.0109375,0
2026-09-22T23:42:44Z,checkoutservice,0.0,615,0.8,0.0,0
2026-09-22T23:42:44Z,productcatalogservice,11.0,1535,0.95,0.0071661237785016286,0
2026-09-22T23:42:44Z,paymentservice,13.0,155,0.8,0.08387096774193549,0
2026-09-22T23:42:44Z,recommendationservice,0.0,1150,0.8,0.0,0
2026-09-22T23:42:44Z,shippingservice,0.0,770,0.8,0.0,0
2026-09-22T23:42:44Z,currencyservice,0.0,770,0.8,0.0,0
2026-09-22T23:42:44Z,emailservice,0.0,155,0.8,0.0,0
2026-09-22T23:42:44Z,adservice,25.0,1150,0.8,0.021739130434782608,0
2026-09-22T23:42:44Z,redis-cart,5.0,540,0.8,0.009259259259259259,0
2026-09-22T23:42:45Z,frontend,0.0,1150,0.8,0.0,0
2026-09-22T23:42:45Z,cartservice,0.0,1920,0.95,0.0,0
2026-09-22T23:42:45Z,checkoutservice,0.0,615,0.8,0.0,0
2026-09-22T23:42:45Z,productcatalogservice,0.0,1535,0.95,0.0,0
2026-09-22T23:42:45Z,paymentservice,0.0,155,0.8,0.0,0
2026-09-22T23:42:45Z,recommendationservice,0.0,1150,0.8,0.0,0
2026-09-22T23:42:45Z,shippingservice,0.0,770,0.8,0.0,0
2026-09-22T23:42:45Z,currencyservice,0.0,770,0.8,0.0,0
2026-09-22T23:42:45Z,emailservice,0.0,155,0.8,0.0,0
2026-09-22T23:42:45Z,adservice,25.0,1150,0.8,0.021739130434782608,0
2026-09-22T23:42:45Z,redis-cart,6.0,540,0.8,0.011111111111111112,0
2026-09-22T23:42:46Z,frontend,0.0,1150,0.8,0.0,0
2026-09-22T23:42:46Z,cartservice,22.0,1920,0.95,0.011458333333333333,0
2026-09-22T23:42:46Z,checkoutservice,11.0,615,0.8,0.01788617886178862,0
2026-09-22T23:42:46Z,productcatalogservice,0.0,1535,0.95,0.0,0
2026-09-22T23:42:46Z,paymentservice,0.0,155,0.8,0.0,0
2026-09-22T23:42:46Z,recommendationservice,0.0,1150,0.8,0.0,0
2026-09-22T23:42:46Z,shippingservice,39.0,770,0.8,0.05064935064935065,0
2026-09-22T23:42:46Z,currencyservice,0.0,770,0.8,0.0,0
2026-09-22T23:42:46Z,emailservice,13.0,155,0.8,0.08387096774193549,0
2026-09-22T23:42:46Z,adservice,26.0,1150,0.8,0.022608695652173914,0
2026-09-22T23:42:46Z,redis-cart,5.0,540,0.8,0.009259259259259259,0
2026-09-22T23:42:47Z,frontend,0.0,1150,0.8,0.0,0
2026-09-22T23:42:47Z,cartservice,22.0,1920,0.95,0.011458333333333333,0
2026-09-22T23:42:47Z,checkoutservice,0.0,615,0.8,0.0,0
2026-09-22T23:42:47Z,productcatalogservice,0.0,1535,0.95,0.0,0
2026-09-22T23:42:47Z,paymentservice,0.0,155,0.8,0.0,0
2026-09-22T23:42:47Z,recommendationservice,0.0,1150,0.8,0.0,0
2026-09-22T23:42:47Z,shippingservice,0.0,770,0.8,0.0,0
2026-09-22T23:42:47Z,currencyservice,0.0,770,0.8,0.0,0
2026-09-22T23:42:47Z,emailservice,20.0,155,0.8,0.12903225806451613,0
2026-09-22T23:42:47Z,adservice,26.0,1150,0.8,0.022608695652173914,0
2026-09-22T23:42:47Z,redis-cart,5.0,540,0.8,0.009259259259259259,0
2026-09-22T23:42:48Z,frontend,0.0,1150,0.8,0.0,0
2026-09-22T23:42:48Z,cartservice,0.0,1920,0.95,0.0,0
2026-09-22T23:42:48Z,checkoutservice,0.0,615,0.8,0.0,0
2026-09-22T23:42:48Z,productcatalogservice,0.0,1535,0.95,0.0,0
2026-09-22T23:42:48Z,paymentservice,0.0,155,0.8,0.0,0
2026-09-22T23:42:48Z,recommendationservice,27.0,1150,0.8,0.023478260869565216,0
2026-09-22T23:42:48Z,shippingservice,0.0,770,0.8,0.0,0
2026-09-22T23:42:48Z,currencyservice,0.0,770,0.8,0.0,0
2026-09-22T23:42:48Z,emailservice,0.0,155,0.8,0.0,0
2026-09-22T23:42:48Z,adservice,25.0,1150,0.8,0.021739130434782608,0
2026-09-22T23:42:48Z,redis-cart,6.0,540,0.8,0.011111111111111112,0
2026-09-22T23:42:49Z,frontend,0.0,1150,0.8,0.0,0
2026-09-22T23:42:49Z,cartservice,0.0,1920,0.95,0.0,0
2026-09-22T23:42:49Z,checkoutservice,0.0,615,0.8,0.0,0
2026-09-22T23:42:49Z,productcatalogservice,13.0,1535,0.95,0.008469055374592834,0
2026-09-22T23:42:49Z,paymentservice,0.0,155,0.8,0.0,0
2026-09-22T23:42:49Z,recommendationservice,27.0,1150,0.8,0.023478260869565216,0
2026-09-22T23:42:49Z,shippingservice,0.0,770,0.8,0.0,0
2026-09-22T23:42:49Z,currencyservice,19.0,770,0.8,0.024675324675324677,0
2026-09-22T23:42:49Z,emailservice,0.0,155,0.8,0.0,0
2026-09-22T23:42:49Z,adservice,25.0,1150,0.8,0.021739130434782608,0
2026-09-22T23:42:49Z,redis-cart,5.0,540,0.8,0.009259259259259259,0
2026-09-22T23:42:50Z,frontend,0.0,1150,0.8,0.0,0
2026-09-22T23:42:50Z,cartservice,0.0,1920,0.95,0.0,0
2026-09-22T23:42:50Z,checkoutservice,0.0,615,0.8,0.0,0
2026-09-22T23:42:50Z,productcatalogservice,0.0,1535,0.95,0.0,0
2026-09-22T23:42:50Z,paymentservice,0.0,155,0.8,0.0,0
2026-09-22T23:42:50Z,recommendationservice,0.0,1150,0.8,0.0,0
2026-09-22T23:42:50Z,shippingservice,0.0,770,0.8,0.0,0
2026-09-22T23:42:50Z,currencyservice,0.0,770,0.8,0.0,0
2026-09-22T23:42:50Z,emailservice,14.0,155,0.8,0.09032258064516129,0
2026-09-22T23:42:50Z,adservice,25.0,1150,0.8,0.021739130434782608,0
2026-09-22T23:42:50Z,redis-cart,5.0,540,0.8,0.009259259259259259,0
2026-09-22T23:42:51Z,frontend,0.0,1150,0.8,0.0,0
2026-09-22T23:42:51Z,cartservice,0.0,1920,0.95,0.0,0
2026-09-22T23:42:51Z,checkoutservice,0.0,615,0.8,0.0,0
2026-09-22T23:42:51Z,productcatalogservice,0.0,1535,0.95,0.0,0
2026-09-22T23:42:51Z,paymentservice,0.0,155,0.8,0.0,0
2026-09-22T23:42:51Z,recommendationservice,0.0,1150,0.8,0.0,0
2026-09-22T23:42:51Z,shippingservice,16.0,770,0.8,0.02077922077922078,0
2026-09-22T23:42:51Z,currencyservice,13.0,770,0.8,0.016883116883116882,0
2026-09-22T23:42:51Z,emailservice,0.0,155,0.8,0.0,0
2026-09-22T23:42:51Z,adservice,26.0,1150,0.8,0.022608695652173914,0
2026-09-22T23:42:51Z,redis-cart,5.0,540,0.8,0.009259259259259259,0
2026-09-22T23:42:52Z,frontend,0.0,1150,0.8,0.0,0
2026-09-22T23:42:52Z,cartservice,0.0,1920,0.95,0.0,0
2026-09-22T23:42:52Z,checkoutservice,14.0,615,0.8,0.022764227642276424,0
2026-09-22T23:42:52Z,productcatalogservice,0.0,1535,0.95,0.0,0
2026-09-22T23:42:52Z,paymentservice,19.0,155,0.8,0.12258064516129032,0
2026-09-22T23:42:52Z,recommendationservice,0.0,1150,0.8,0.0,0
2026-09-22T23:42:52Z,shippingservice,16.0,770,0.8,0.02077922077922078,0
2026-09-22T23:42:52Z,currencyservice,13.0,770,0.8,0.016883116883116882,0
2026-09-22T23:42:52Z,emailservice,21.0,155,0.8,0.13548387096774195,0
2026-09-22T23:42:52Z,adservice,25.0,1150,0.8,0.021739130434782608,0
2026-09-22T23:42:52Z,redis-cart,6.0,540,0.8,0.011111111111111112,0
2026-09-22T23:42:53Z,frontend,0.0,1150,0.8,0.0,0
2026-09-22T23:42:53Z,cartservice,0.0,1920,0.95,0.0,0
2026-09-22T23:42:53Z,checkoutservice,0.0,615,0.8,0.0,0
2026-09-22T23:42:53Z,productcatalogservice,0.0,1535,0.95,0.0,0
2026-09-22T23:42:53Z,paymentservice,0.0,155,0.8,0.0,0
2026-09-22T23:42:53Z,recommendationservice,27.0,1150,0.8,0.023478260869565216,0
2026-09-22T23:42:53Z,shippingservice,0.0,770,0.8,0.0,0
2026-09-22T23:42:53Z,currencyservice,0.0,770,0.8,0.0,0
2026-09-22T23:42:53Z,emailservice,21.0,155,0.8,0.13548387096774195,0
2026-09-22T23:42:53Z,adservice,25.0,1150,0.8,0.021739130434782608,0
2026-09-22T23:42:53Z,redis-cart,6.0,540,0.8,0.011111111111111112,0
2026-09-22T23:42:54Z,frontend,0.0,1150,0.8,0.0,0
2026-09-22T23:42:54Z,cartservice,15.0,1920,0.95,0.0078125,0
2026-09-22T23:42:54Z,checkoutservice,0.0,615,0.8,0.0,0
2026-09-22T23:42:54Z,productcatalogservice,18.0,1535,0.95,0.011726384364820847,0
2026-09-22T23:42:54Z,paymentservice,17.0,155,0.8,0.10967741935483871,0
2026-09-22T23:42:54Z,recommendationservice,0.0,1150,0.8,0.0,0
2026-09-22T23:42:54Z,shippingservice,0.0,770,0.8,0.0,0
2026-09-22T23:42:54Z,currencyservice,0.0,770,0.8,0.0,0
2026-09-22T23:42:54Z,emailservice,0.0,155,0.8,0.0,0
2026-09-22T23:42:54Z,adservice,26.0,1150,0.8,0.022608695652173914,0
2026-09-22T23:42:54Z,redis-cart,5.0,540,0.8,0.009259259259259259,0
2026-09-22T23:42:55Z,frontend,0.0,1150,0.8,0.0,0
2026-09-22T23:42:55Z,cartservice,15.0,1920,0.95,0.0078125,0
2026-09-22T23:42:55Z,checkoutservice,10.0,615,0.8,0.016260162601626018,0
2026-09-22T23:42:55Z,productcatalogservice,18.0,1535,0.95,0.011726384364820847,0
2026-09-22T23:42:55Z,paymentservice,17.0,155,0.8,0.10967741935483871,0
2026-09-22T23:42:55Z,recommendationservice,0.0,1150,0.8,0.0,0
2026-09-22T23:42:55Z,shippingservice,0.0,770,0.8,0.0,0
2026-09-22T23:42:55Z,currencyservice,0.0,770,0.8,0.0,0
2026-09-22T23:42:55Z,emailservice,0.0,155,0.8,0.0,0
2026-09-22T23:42:55Z,adservice,41.0,1150,0.8,0.035652173913043476,0
2026-09-22T23:42:55Z,redis-cart,5.0,540,0.8,0.009259259259259259,0
2026-09-22T23:42:56Z,frontend,0.0,1150,0.8,0.0,0
2026-09-22T23:42:56Z,cartservice,19.0,1920,0.95,0.009895833333333333,0
2026-09-22T23:42:56Z,checkoutservice,0.0,615,0.8,0.0,0
2026-09-22T23:42:56Z,productcatalogservice,0.0,1535,0.95,0.0,0
2026-09-22T23:42:56Z,paymentservice,0.0,155,0.8,0.0,0
2026-09-22T23:42:56Z,recommendationservice,0.0,1150,0.8,0.0,0
2026-09-22T23:42:56Z,shippingservice,28.0,770,0.8,0.03636363636363636,0
2026-09-22T23:42:56Z,currencyservice,0.0,770,0.8,0.0,0
2026-09-22T23:42:56Z,emailservice,12.0,155,0.8,0.07741935483870968,0
2026-09-22T23:42:56Z,adservice,41.0,1150,0.8,0.035652173913043476,0
2026-09-22T23:42:56Z,redis-cart,6.0,540,0.8,0.011111111111111112,0
2026-09-22T23:42:57Z,frontend,0.0,1150,0.8,0.0,0
2026-09-22T23:42:57Z,cartservice,0.0,1920,0.95,0.0,0
2026-09-22T23:42:57Z,checkoutservice,0.0,615,0.8,0.0,0
2026-09-22T23:42:57Z,productcatalogservice,0.0,1535,0.95,0.0,0
2026-09-22T23:42:57Z,paymentservice,0.0,155,0.8,0.0,0
2026-09-22T23:42:57Z,recommendationservice,42.0,1150,0.8,0.036521739130434785,0
2026-09-22T23:42:57Z,shippingservice,28.0,770,0.8,0.03636363636363636,0
2026-09-22T23:42:57Z,currencyservice,0.0,770,0.8,0.0,0
2026-09-22T23:42:57Z,emailservice,12.0,155,0.8,0.07741935483870968,0
2026-09-22T23:42:57Z,adservice,39.0,1150,0.8,0.03391304347826087,0
2026-09-22T23:42:57Z,redis-cart,5.0,540,0.8,0.009259259259259259,0
2026-09-22T23:42:58Z,frontend,0.0,1150,0.8,0.0,0
2026-09-22T23:42:58Z,cartservice,0.0,1920,0.95,0.0,0
2026-09-22T23:42:58Z,checkoutservice,0.0,615,0.8,0.0,0
2026-09-22T23:42:58Z,productcatalogservice,0.0,1535,0.95,0.0,0
2026-09-22T23:42:58Z,paymentservice,0.0,155,0.8,0.0,0
2026-09-22T23:42:58Z,recommendationservice,0.0,1150,0.8,0.0,0
2026-09-22T23:42:58Z,shippingservice,0.0,770,0.8,0.0,0
2026-09-22T23:42:58Z,currencyservice,0.0,770,0.8,0.0,0
2026-09-22T23:42:58Z,emailservice,12.0,155,0.8,0.07741935483870968,0
2026-09-22T23:42:58Z,adservice,25.0,1150,0.8,0.021739130434782608,0
2026-09-22T23:42:58Z,redis-cart,5.0,540,0.8,0.009259259259259259,0
2026-09-22T23:42:59Z,frontend,0.0,1150,0.8,0.0,0
2026-09-22T23:42:59Z,cartservice,0.0,1920,0.95,0.0,0
2026-09-22T23:42:59Z,checkoutservice,0.0,615,0.8,0.0,0
2026-09-22T23:42:59Z,productcatalogservice,15.0,1535,0.95,0.009771986970684038,0
2026-09-22T23:42:59Z,paymentservice,0.0,155,0.8,0.0,0
2026-09-22T23:42:59Z,recommendationservice,0.0,1150,0.8,0.0,0
2026-09-22T23:42:59Z,shippingservice,0.0,770,0.8,0.0,0
2026-09-22T23:42:59Z,currencyservice,18.0,770,0.8,0.023376623376623377,0
2026-09-22T23:42:59Z,emailservice,12.0,155,0.8,0.07741935483870968,0
2026-09-22T23:42:59Z,adservice,25.0,1150,0.8,0.021739130434782608,0
2026-09-22T23:42:59Z,redis-cart,5.0,540,0.8,0.009259259259259259,0
2026-09-22T23:43:00Z,frontend,0.0,1150,0.8,0.0,0
2026-09-22T23:43:00Z,cartservice,0.0,1920,0.95,0.0,0
2026-09-22T23:43:00Z,checkoutservice,0.0,615,0.8,0.0,0
2026-09-22T23:43:00Z,productcatalogservice,0.0,1535,0.95,0.0,0
2026-09-22T23:43:00Z,paymentservice,0.0,155,0.8,0.0,0
2026-09-22T23:43:00Z,recommendationservice,0.0,1150,0.8,0.0,0
2026-09-22T23:43:00Z,shippingservice,0.0,770,0.8,0.0,0
2026-09-22T23:43:00Z,currencyservice,18.0,770,0.8,0.023376623376623377,0
2026-09-22T23:43:00Z,emailservice,13.0,155,0.8,0.08387096774193549,0
2026-09-22T23:43:00Z,adservice,26.0,1150,0.8,0.022608695652173914,0
2026-09-22T23:43:00Z,redis-cart,5.0,540,0.8,0.009259259259259259,0
2026-09-22T23:43:01Z,frontend,0.0,1150,0.8,0.0,0
2026-09-22T23:43:01Z,cartservice,0.0,1920,0.95,0.0,0
2026-09-22T23:43:01Z,checkoutservice,17.0,615,0.8,0.027642276422764227,0
2026-09-22T23:43:01Z,productcatalogservice,0.0,1535,0.95,0.0,0
2026-09-22T23:43:01Z,paymentservice,0.0,155,0.8,0.0,0
2026-09-22T23:43:01Z,recommendationservice,0.0,1150,0.8,0.0,0
2026-09-22T23:43:01Z,shippingservice,20.0,770,0.8,0.025974025974025976,0
2026-09-22T23:43:01Z,currencyservice,0.0,770,0.8,0.0,0
2026-09-22T23:43:01Z,emailservice,0.0,155,0.8,0.0,0
2026-09-22T23:43:01Z,adservice,26.0,1150,0.8,0.022608695652173914,0
2026-09-22T23:43:01Z,redis-cart,6.0,540,0.8,0.011111111111111112,0
2026-09-22T23:43:02Z,frontend,0.0,1150,0.8,0.0,0
2026-09-22T23:43:02Z,cartservice,0.0,1920,0.95,0.0,0
2026-09-22T23:43:02Z,checkoutservice,17.0,615,0.8,0.027642276422764227,0
2026-09-22T23:43:02Z,productcatalogservice,0.0,1535,0.95,0.0,0
2026-09-22T23:43:02Z,paymentservice,0.0,155,0.8,0.0,0
2026-09-22T23:43:02Z,recommendationservice,0.0,1150,0.8,0.0,0
2026-09-22T23:43:02Z,shippingservice,0.0,770,0.8,0.0,0
2026-09-22T23:43:02Z,currencyservice,0.0,770,0.8,0.0,0
2026-09-22T23:43:02Z,emailservice,0.0,155,0.8,0.0,0
2026-09-22T23:43:02Z,adservice,25.0,1150,0.8,0.021739130434782608,0
2026-09-22T23:43:02Z,redis-cart,6.0,540,0.8,0.011111111111111112,0
2026-09-22T23:43:03Z,frontend,0.0,1150,0.8,0.0,0
2026-09-22T23:43:03Z,cartservice,0.0,1920,0.95,0.0,0
2026-09-22T23:43:03Z,checkoutservice,0.0,615,0.8,0.0,0
2026-09-22T23:43:03Z,productcatalogservice,0.0,1535,0.95,0.0,0
2026-09-22T23:43:03Z,paymentservice,20.0,155,0.8,0.12903225806451613,0
2026-09-22T23:43:03Z,recommendationservice,35.0,1150,0.8,0.030434782608695653,0
2026-09-22T23:43:03Z,shippingservice,0.0,770,0.8,0.0,0
2026-09-22T23:43:03Z,currencyservice,11.0,770,0.8,0.014285714285714285,0
2026-09-22T23:43:03Z,emailservice,16.0,155,0.8,0.1032258064516129,0
2026-09-22T23:43:03Z,adservice,26.0,1150,0.8,0.022608695652173914,0
2026-09-22T23:43:03Z,redis-cart,5.0,540,0.8,0.009259259259259259,0
2026-09-22T23:43:04Z,frontend,0.0,1150,0.8,0.0,0
2026-09-22T23:43:04Z,cartservice,17.0,1920,0.95,0.008854166666666666,0
2026-09-22T23:43:04Z,checkoutservice,0.0,615,0.8,0.0,0
2026-09-22T23:43:04Z,productcatalogservice,0.0,1535,0.95,0.0,0
2026-09-22T23:43:04Z,paymentservice,12.0,155,0.8,0.07741935483870968,0
2026-09-22T23:43:04Z,recommendationservice,0.0,1150,0.8,0.0,0
2026-09-22T23:43:04Z,shippingservice,0.0,770,0.8,0.0,0
2026-09-22T23:43:04Z,currencyservice,0.0,770,0.8,0.0,0
2026-09-22T23:43:04Z,emailservice,18.0,155,0.8,0.11612903225806452,0
2026-09-22T23:43:04Z,adservice,26.0,1150,0.8,0.022608695652173914,0
2026-09-22T23:43:04Z,redis-cart,5.0,540,0.8,0.009259259259259259,0
2026-09-22T23:43:05Z,frontend,0.0,1150,0.8,0.0,0
2026-09-22T23:43:05Z,cartservice,17.0,1920,0.95,0.008854166666666666,0
2026-09-22T23:43:05Z,checkoutservice,0.0,615,0.8,0.0,0
2026-09-22T23:43:05Z,productcatalogservice,14.0,1535,0.95,0.009120521172638436,0
2026-09-22T23:43:05Z,paymentservice,12.0,155,0.8,0.07741935483870968,0
2026-09-22T23:43:05Z,recommendationservice,0.0,1150,0.8,0.0,0
2026-09-22T23:43:05Z,shippingservice,0.0,770,0.8,0.0,0
2026-09-22T23:43:05Z,currencyservice,0.0,770,0.8,0.0,0
2026-09-22T23:43:05Z,emailservice,18.0,155,0.8,0.11612903225806452,0
2026-09-22T23:43:05Z,adservice,26.0,1150,0.8,0.022608695652173914,0
2026-09-22T23:43:05Z,redis-cart,5.0,540,0.8,0.009259259259259259,0
2026-09-22T23:43:06Z,frontend,0.0,1150,0.8,0.0,0
2026-09-22T23:43:06Z,cartservice,0.0,1920,0.95,0.0,0
2026-09-22T23:43:06Z,checkoutservice,17.0,615,0.8,0.027642276422764227,0
2026-09-22T23:43:06Z,productcatalogservice,0.0,1535,0.95,0.0,0
2026-09-22T23:43:06Z,paymentservice,0.0,155,0.8,0.0,0
2026-09-22T23:43:06Z,recommendationservice,0.0,1150,0.8,0.0,0
2026-09-22T23:43:06Z,shippingservice,0.0,770,0.8,0.0,0
2026-09-22T23:43:06Z,currencyservice,0.0,770,0.8,0.0,0
2026-09-22T23:43:06Z,emailservice,0.0,155,0.8,0.0,0
2026-09-22T23:43:06Z,adservice,31.0,1150,0.8,0.026956521739130435,0
2026-09-22T23:43:06Z,redis-cart,5.0,540,0.8,0.009259259259259259,0
2026-09-22T23:43:07Z,frontend,0.0,1150,0.8,0.0,0
2026-09-22T23:43:07Z,cartservice,37.0,1920,0.95,0.019270833333333334,0
2026-09-22T23:43:07Z,checkoutservice,0.0,615,0.8,0.0,0
2026-09-22T23:43:07Z,productcatalogservice,0.0,1535,0.95,0.0,0
2026-09-22T23:43:07Z,paymentservice,0.0,155,0.8,0.0,0
2026-09-22T23:43:07Z,recommendationservice,0.0,1150,0.8,0.0,0
2026-09-22T23:43:07Z,shippingservice,38.0,770,0.8,0.04935064935064935,0
2026-09-22T23:43:07Z,currencyservice,0.0,770,0.8,0.0,0
2026-09-22T23:43:07Z,emailservice,22.0,155,0.8,0.14193548387096774,0
2026-09-22T23:43:07Z,adservice,31.0,1150,0.8,0.026956521739130435,0
2026-09-22T23:43:07Z,redis-cart,6.0,540,0.8,0.011111111111111112,0
2026-09-22T23:43:08Z,frontend,0.0,1150,0.8,0.0,0
2026-09-22T23:43:08Z,cartservice,0.0,1920,0.95,0.0,0
2026-09-22T23:43:08Z,checkoutservice,0.0,615,0.8,0.0,0
2026-09-22T23:43:08Z,productcatalogservice,0.0,1535,0.95,0.0,0
2026-09-22T23:43:08Z,paymentservice,0.0,155,0.8,0.0,0
2026-09-22T23:43:08Z,recommendationservice,37.0,1150,0.8,0.03217391304347826,0
2026-09-22T23:43:08Z,shippingservice,0.0,770,0.8,0.0,0
2026-09-22T23:43:08Z,currencyservice,0.0,770,0.8,0.0,0
2026-09-22T23:43:08Z,emailservice,22.0,155,0.8,0.14193548387096774,0
2026-09-22T23:43:08Z,adservice,30.0,1150,0.8,0.02608695652173913,0
2026-09-22T23:43:08Z,redis-cart,6.0,540,0.8,0.011111111111111112,0
2026-09-22T23:43:09Z,frontend,0.0,1150,0.8,0.0,0
2026-09-22T23:43:09Z,cartservice,0.0,1920,0.95,0.0,0
2026-09-22T23:43:09Z,checkoutservice,0.0,615,0.8,0.0,0
2026-09-22T23:43:09Z,productcatalogservice,0.0,1535,0.95,0.0,0
2026-09-22T23:43:09Z,paymentservice,0.0,155,0.8,0.0,0
2026-09-22T23:43:09Z,recommendationservice,37.0,1150,0.8,0.03217391304347826,0
2026-09-22T23:43:09Z,shippingservice,0.0,770,0.8,0.0,0
2026-09-22T23:43:09Z,currencyservice,24.0,770,0.8,0.03116883116883117,0
2026-09-22T23:43:09Z,emailservice,0.0,155,0.8,0.0,0
2026-09-22T23:43:09Z,adservice,45.0,1150,0.8,0.0391304347826087,0
2026-09-22T23:43:09Z,redis-cart,5.0,540,0.8,0.009259259259259259,0
2026-09-22T23:43:10Z,frontend,0.0,1150,0.8,0.0,0
2026-09-22T23:43:10Z,cartservice,0.0,1920,0.95,0.0,0
2026-09-22T23:43:10Z,checkoutservice,0.0,615,0.8,0.0,0
2026-09-22T23:43:10Z,productcatalogservice,17.0,1535,0.95,0.011074918566775244,0
2026-09-22T23:43:10Z,paymentservice,0.0,155,0.8,0.0,0
2026-09-22T23:43:10Z,recommendationservice,0.0,1150,0.8,0.0,0
2026-09-22T23:43:10Z,shippingservice,0.0,770,0.8,0.0,0
2026-09-22T23:43:10Z,currencyservice,24.0,770,0.8,0.03116883116883117,0
2026-09-22T23:43:10Z,emailservice,20.0,155,0.8,0.12903225806451613,0
2026-09-22T23:43:10Z,adservice,26.0,1150,0.8,0.022608695652173914,0
2026-09-22T23:43:10Z,redis-cart,6.0,540,0.8,0.011111111111111112,0
2026-09-22T23:43:11Z,frontend,0.0,1150,0.8,0.0,0
2026-09-22T23:43:11Z,cartservice,0.0,1920,0.95,0.0,0
2026-09-22T23:43:11Z,checkoutservice,0.0,615,0.8,0.0,0
2026-09-22T23:43:11Z,productcatalogservice,17.0,1535,0.95,0.011074918566775244,0
2026-09-22T23:43:11Z,paymentservice,0.0,155,0.8,0.0,0
2026-09-22T23:43:11Z,recommendationservice,0.0,1150,0.8,0.0,0
2026-09-22T23:43:11Z,shippingservice,0.0,770,0.8,0.0,0
2026-09-22T23:43:11Z,currencyservice,11.0,770,0.8,0.014285714285714285,0
2026-09-22T23:43:11Z,emailservice,0.0,155,0.8,0.0,0
2026-09-22T23:43:11Z,adservice,26.0,1150,0.8,0.022608695652173914,0
2026-09-22T23:43:11Z,redis-cart,6.0,540,0.8,0.011111111111111112,0
2026-09-22T23:43:12Z,frontend,0.0,1150,0.8,0.0,0
2026-09-22T23:43:12Z,cartservice,0.0,1920,0.95,0.0,0
2026-09-22T23:43:12Z,checkoutservice,15.0,615,0.8,0.024390243902439025,0
2026-09-22T23:43:12Z,productcatalogservice,0.0,1535,0.95,0.0,0
2026-09-22T23:43:12Z,paymentservice,11.0,155,0.8,0.07096774193548387,0
2026-09-22T23:43:12Z,recommendationservice,39.0,1150,0.8,0.03391304347826087,0
2026-09-22T23:43:12Z,shippingservice,12.0,770,0.8,0.015584415584415584,0
2026-09-22T23:43:12Z,currencyservice,11.0,770,0.8,0.014285714285714285,0
2026-09-22T23:43:12Z,emailservice,0.0,155,0.8,0.0,0
2026-09-22T23:43:12Z,adservice,42.0,1150,0.8,0.036521739130434785,0
2026-09-22T23:43:12Z,redis-cart,6.0,540,0.8,0.011111111111111112,0
2026-09-22T23:43:13Z,frontend,0.0,1150,0.8,0.0,0
2026-09-22T23:43:13Z,cartservice,0.0,1920,0.95,0.0,0
2026-09-22T23:43:13Z,checkoutservice,15.0,615,0.8,0.024390243902439025,0
2026-09-22T23:43:13Z,productcatalogservice,0.0,1535,0.95,0.0,0
2026-09-22T23:43:13Z,paymentservice,0.0,155,0.8,0.0,0
2026-09-22T23:43:13Z,recommendationservice,39.0,1150,0.8,0.03391304347826087,0
2026-09-22T23:43:13Z,shippingservice,0.0,770,0.8,0.0,0
2026-09-22T23:43:13Z,currencyservice,0.0,770,0.8,0.0,0
2026-09-22T23:43:13Z,emailservice,14.0,155,0.8,0.09032258064516129,0
2026-09-22T23:43:13Z,adservice,26.0,1150,0.8,0.022608695652173914,0
2026-09-22T23:43:13Z,redis-cart,5.0,540,0.8,0.009259259259259259,0
2026-09-22T23:43:14Z,frontend,0.0,1150,0.8,0.0,0
2026-09-22T23:43:14Z,cartservice,0.0,1920,0.95,0.0,0
2026-09-22T23:43:14Z,checkoutservice,0.0,615,0.8,0.0,0
2026-09-22T23:43:14Z,productcatalogservice,0.0,1535,0.95,0.0,0
2026-09-22T23:43:14Z,paymentservice,19.0,155,0.8,0.12258064516129032,0
2026-09-22T23:43:14Z,recommendationservice,0.0,1150,0.8,0.0,0
2026-09-22T23:43:14Z,shippingservice,0.0,770,0.8,0.0,0
2026-09-22T23:43:14Z,currencyservice,0.0,770,0.8,0.0,0
2026-09-22T23:43:14Z,emailservice,14.0,155,0.8,0.09032258064516129,0
2026-09-22T23:43:14Z,adservice,26.0,1150,0.8,0.022608695652173914,0
2026-09-22T23:43:14Z,redis-cart,5.0,540,0.8,0.009259259259259259,0
2026-09-22T23:43:15Z,frontend,0.0,1150,0.8,0.0,0
2026-09-22T23:43:15Z,cartservice,13.0,1920,0.95,0.0067708333333333336,0
2026-09-22T23:43:15Z,checkoutservice,11.0,615,0.8,0.01788617886178862,0
2026-09-22T23:43:15Z,productcatalogservice,13.0,1535,0.95,0.008469055374592834,0
2026-09-22T23:43:15Z,paymentservice,19.0,155,0.8,0.12258064516129032,0
2026-09-22T23:43:15Z,recommendationservice,0.0,1150,0.8,0.0,0
2026-09-22T23:43:15Z,shippingservice,0.0,770,0.8,0.0,0
2026-09-22T23:43:15Z,currencyservice,0.0,770,0.8,0.0,0
2026-09-22T23:43:15Z,emailservice,16.0,155,0.8,0.1032258064516129,0
2026-09-22T23:43:15Z,adservice,26.0,1150,0.8,0.022608695652173914,0
2026-09-22T23:43:15Z,redis-cart,5.0,540,0.8,0.009259259259259259,0
2026-09-22T23:43:16Z,frontend,0.0,1150,0.8,0.0,0
2026-09-22T23:43:16Z,cartservice,13.0,1920,0.95,0.0067708333333333336,0
2026-09-22T23:43:16Z,checkoutservice,11.0,615,0.8,0.01788617886178862,0
2026-09-22T23:43:16Z,productcatalogservice,0.0,1535,0.95,0.0,0
2026-09-22T23:43:16Z,paymentservice,0.0,155,0.8,0.0,0
2026-09-22T23:43:16Z,recommendationservice,0.0,1150,0.8,0.0,0
2026-09-22T23:43:16Z,shippingservice,21.0,770,0.8,0.02727272727272727,0
2026-09-22T23:43:16Z,currencyservice,0.0,770,0.8,0.0,0
2026-09-22T23:43:16Z,emailservice,16.0,155,0.8,0.1032258064516129,0
2026-09-22T23:43:16Z,adservice,27.0,1150,0.8,0.023478260869565216,0
2026-09-22T23:43:16Z,redis-cart,6.0,540,0.8,0.011111111111111112,0
2026-09-22T23:43:17Z,frontend,0.0,1150,0.8,0.0,0
2026-09-22T23:43:17Z,cartservice,20.0,1920,0.95,0.010416666666666666,0
2026-09-22T23:43:17Z,checkoutservice,0.0,615,0.8,0.0,0
2026-09-22T23:43:17Z,productcatalogservice,0.0,1535,0.95,0.0,0
2026-09-22T23:43:17Z,paymentservice,0.0,155,0.8,0.0,0
2026-09-22T23:43:17Z,recommendationservice,45.0,1150,0.8,0.0391304347826087,0
2026-09-22T23:43:17Z,shippingservice,21.0,770,0.8,0.02727272727272727,0
2026-09-22T23:43:17Z,currencyservice,0.0,770,0.8,0.0,0
2026-09-22T23:43:17Z,emailservice,0.0,155,0.8,0.0,0
2026-09-22T23:43:17Z,adservice,27.0,1150,0.8,0.023478260869565216,0
2026-09-22T23:43:17Z,redis-cart,6.0,540,0.8,0.011111111111111112,0
2026-09-22T23:43:18Z,frontend,0.0,1150,0.8,0.0,0
2026-09-22T23:43:18Z,cartservice,20.0,1920,0.95,0.010416666666666666,0
2026-09-22T23:43:18Z,checkoutservice,0.0,615,0.8,0.0,0
2026-09-22T23:43:18Z,productcatalogservice,0.0,1535,0.95,0.0,0
2026-09-22T23:43:18Z,paymentservice,0.0,155,0.8,0.0,0
2026-09-22T23:43:18Z,recommendationservice,45.0,1150,0.8,0.0391304347826087,0
2026-09-22T23:43:18Z,shippingservice,0.0,770,0.8,0.0,0
2026-09-22T23:43:18Z,currencyservice,0.0,770,0.8,0.0,0
2026-09-22T23:43:18Z,emailservice,18.0,155,0.8,0.11612903225806452,0
2026-09-22T23:43:18Z,adservice,24.0,1150,0.8,0.020869565217391306,0
2026-09-22T23:43:18Z,redis-cart,6.0,540,0.8,0.011111111111111112,0
2026-09-22T23:43:19Z,frontend,0.0,1150,0.8,0.0,0
2026-09-22T23:43:19Z,cartservice,0.0,1920,0.95,0.0,0
2026-09-22T23:43:19Z,checkoutservice,0.0,615,0.8,0.0,0
2026-09-22T23:43:19Z,productcatalogservice,0.0,1535,0.95,0.0,0
2026-09-22T23:43:19Z,paymentservice,0.0,155,0.8,0.0,0
2026-09-22T23:43:19Z,recommendationservice,0.0,1150,0.8,0.0,0
2026-09-22T23:43:19Z,shippingservice,0.0,770,0.8,0.0,0
2026-09-22T23:43:19Z,currencyservice,11.0,770,0.8,0.014285714285714285,0
2026-09-22T23:43:19Z,emailservice,0.0,155,0.8,0.0,0
2026-09-22T23:43:19Z,adservice,26.0,1150,0.8,0.022608695652173914,0
2026-09-22T23:43:19Z,redis-cart,5.0,540,0.8,0.009259259259259259,0
2026-09-22T23:43:20Z,frontend,0.0,1150,0.8,0.0,0
2026-09-22T23:43:20Z,cartservice,0.0,1920,0.95,0.0,0
2026-09-22T23:43:20Z,checkoutservice,0.0,615,0.8,0.0,0
2026-09-22T23:43:20Z,productcatalogservice,12.0,1535,0.95,0.007817589576547232,0
2026-09-22T23:43:20Z,paymentservice,0.0,155,0.8,0.0,0
2026-09-22T23:43:20Z,recommendationservice,0.0,1150,0.8,0.0,0
2026-09-22T23:43:20Z,shippingservice,0.0,770,0.8,0.0,0
2026-09-22T23:43:20Z,currencyservice,13.0,770,0.8,0.016883116883116882,0
2026-09-22T23:43:20Z,emailservice,0.0,155,0.8,0.0,0
2026-09-22T23:43:20Z,adservice,26.0,1150,0.8,0.022608695652173914,0
2026-09-22T23:43:20Z,redis-cart,5.0,540,0.8,0.009259259259259259,0
2026-09-22T23:43:21Z,frontend,0.0,1150,0.8,0.0,0
2026-09-22T23:43:21Z,cartservice,0.0,1920,0.95,0.0,0
2026-09-22T23:43:21Z,checkoutservice,0.0,615,0.8,0.0,0
2026-09-22T23:43:21Z,productcatalogservice,0.0,1535,0.95,0.0,0
2026-09-22T23:43:21Z,paymentservice,0.0,155,0.8,0.0,0
2026-09-22T23:43:21Z,recommendationservice,0.0,1150,0.8,0.0,0
2026-09-22T23:43:21Z,shippingservice,13.0,770,0.8,0.016883116883116882,0
2026-09-22T23:43:21Z,currencyservice,0.0,770,0.8,0.0,0
2026-09-22T23:43:21Z,emailservice,17.0,155,0.8,0.10967741935483871,0
2026-09-22T23:43:21Z,adservice,26.0,1150,0.8,0.022608695652173914,0
2026-09-22T23:43:21Z,redis-cart,5.0,540,0.8,0.009259259259259259,0
2026-09-22T23:43:22Z,frontend,0.0,1150,0.8,0.0,0
2026-09-22T23:43:22Z,cartservice,0.0,1920,0.95,0.0,0
2026-09-22T23:43:22Z,checkoutservice,12.0,615,0.8,0.01951219512195122,0
2026-09-22T23:43:22Z,productcatalogservice,0.0,1535,0.95,0.0,0
2026-09-22T23:43:22Z,paymentservice,14.0,155,0.8,0.09032258064516129,0
2026-09-22T23:43:22Z,recommendationservice,36.0,1150,0.8,0.03130434782608696,0
2026-09-22T23:43:22Z,shippingservice,0.0,770,0.8,0.0,0
2026-09-22T23:43:22Z,currencyservice,15.0,770,0.8,0.01948051948051948,0
2026-09-22T23:43:22Z,emailservice,17.0,155,0.8,0.10967741935483871,0
2026-09-22T23:43:22Z,adservice,26.0,1150,0.8,0.022608695652173914,0
2026-09-22T23:43:22Z,redis-cart,6.0,540,0.8,0.011111111111111112,0
2026-09-22T23:43:23Z,frontend,0.0,1150,0.8,0.0,0
2026-09-22T23:43:23Z,cartservice,0.0,1920,0.95,0.0,0
2026-09-22T23:43:23Z,checkoutservice,0.0,615,0.8,0.0,0
2026-09-22T23:43:23Z,productcatalogservice,0.0,1535,0.95,0.0,0
2026-09-22T23:43:23Z,paymentservice,17.0,155,0.8,0.10967741935483871,0
2026-09-22T23:43:23Z,recommendationservice,36.0,1150,0.8,0.03130434782608696,0
2026-09-22T23:43:23Z,shippingservice,0.0,770,0.8,0.0,0
2026-09-22T23:43:23Z,currencyservice,15.0,770,0.8,0.01948051948051948,0
2026-09-22T23:43:23Z,emailservice,12.0,155,0.8,0.07741935483870968,0
2026-09-22T23:43:23Z,adservice,25.0,1150,0.8,0.021739130434782608,0
2026-09-22T23:43:23Z,redis-cart,5.0,540,0.8,0.009259259259259259,0
2026-09-22T23:43:24Z,frontend,0.0,1150,0.8,0.0,0
2026-09-22T23:43:24Z,cartservice,0.0,1920,0.95,0.0,0
2026-09-22T23:43:24Z,checkoutservice,0.0,615,0.8,0.0,0
2026-09-22T23:43:24Z,productcatalogservice,0.0,1535,0.95,0.0,0
2026-09-22T23:43:24Z,paymentservice,17.0,155,0.8,0.10967741935483871,0
2026-09-22T23:43:24Z,recommendationservice,0.0,1150,0.8,0.0,0
2026-09-22T23:43:24Z,shippingservice,0.0,770,0.8,0.0,0
2026-09-22T23:43:24Z,currencyservice,0.0,770,0.8,0.0,0
2026-09-22T23:43:24Z,emailservice,0.0,155,0.8,0.0,0
2026-09-22T23:43:24Z,adservice,25.0,1150,0.8,0.021739130434782608,0
2026-09-22T23:43:24Z,redis-cart,5.0,540,0.8,0.009259259259259259,0
2026-09-22T23:43:25Z,frontend,0.0,1150,0.8,0.0,0
2026-09-22T23:43:25Z,cartservice,13.0,1920,0.95,0.0067708333333333336,0
2026-09-22T23:43:25Z,checkoutservice,13.0,615,0.8,0.02113821138211382,0
2026-09-22T23:43:25Z,productcatalogservice,13.0,1535,0.95,0.008469055374592834,0
2026-09-22T23:43:25Z,paymentservice,0.0,155,0.8,0.0,0
2026-09-22T23:43:25Z,recommendationservice,0.0,1150,0.8,0.0,0
2026-09-22T23:43:25Z,shippingservice,0.0,770,0.8,0.0,0
2026-09-22T23:43:25Z,currencyservice,0.0,770,0.8,0.0,0
2026-09-22T23:43:25Z,emailservice,0.0,155,0.8,0.0,0
2026-09-22T23:43:25Z,adservice,37.0,1150,0.8,0.03217391304347826,0
2026-09-22T23:43:25Z,redis-cart,5.0,540,0.8,0.009259259259259259,0
2026-09-22T23:43:26Z,frontend,0.0,1150,0.8,0.0,0
2026-09-22T23:43:26Z,cartservice,13.0,1920,0.95,0.0067708333333333336,0
2026-09-22T23:43:26Z,checkoutservice,0.0,615,0.8,0.0,0
2026-09-22T23:43:26Z,productcatalogservice,13.0,1535,0.95,0.008469055374592834,0
2026-09-22T23:43:26Z,paymentservice,0.0,155,0.8,0.0,0
2026-09-22T23:43:26Z,recommendationservice,0.0,1150,0.8,0.0,0
2026-09-22T23:43:26Z,shippingservice,0.0,770,0.8,0.0,0
2026-09-22T23:43:26Z,currencyservice,0.0,770,0.8,0.0,0
2026-09-22T23:43:26Z,emailservice,13.0,155,0.8,0.08387096774193549,0
2026-09-22T23:43:26Z,adservice,37.0,1150,0.8,0.03217391304347826,0
2026-09-22T23:43:26Z,redis-cart,6.0,540,0.8,0.011111111111111112,0
2026-09-22T23:43:27Z,frontend,0.0,1150,0.8,0.0,0
2026-09-22T23:43:27Z,cartservice,17.0,1920,0.95,0.008854166666666666,0
2026-09-22T23:43:27Z,checkoutservice,0.0,615,0.8,0.0,0
2026-09-22T23:43:27Z,productcatalogservice,0.0,1535,0.95,0.0,0
2026-09-22T23:43:27Z,paymentservice,0.0,155,0.8,0.0,0
2026-09-22T23:43:27Z,recommendationservice,0.0,1150,0.8,0.0,0
2026-09-22T23:43:27Z,shippingservice,42.0,770,0.8,0.05454545454545454,0
2026-09-22T23:43:27Z,currencyservice,0.0,770,0.8,0.0,0
2026-09-22T23:43:27Z,emailservice,14.0,155,0.8,0.09032258064516129,0
2026-09-22T23:43:27Z,adservice,40.0,1150,0.8,0.034782608695652174,0
2026-09-22T23:43:27Z,redis-cart,6.0,540,0.8,0.011111111111111112,0
2026-09-22T23:43:28Z,frontend,0.0,1150,0.8,0.0,0
2026-09-22T23:43:28Z,cartservice,17.0,1920,0.95,0.008854166666666666,0
2026-09-22T23:43:28Z,checkoutservice,0.0,615,0.8,0.0,0
2026-09-22T23:43:28Z,productcatalogservice,0.0,1535,0.95,0.0,0
2026-09-22T23:43:28Z,paymentservice,0.0,155,0.8,0.0,0
2026-09-22T23:43:28Z,recommendationservice,29.0,1150,0.8,0.025217391304347827,0
2026-09-22T23:43:28Z,shippingservice,0.0,770,0.8,0.0,0
2026-09-22T23:43:28Z,currencyservice,0.0,770,0.8,0.0,0
2026-09-22T23:43:28Z,emailservice,14.0,155,0.8,0.09032258064516129,0
2026-09-22T23:43:28Z,adservice,40.0,1150,0.8,0.034782608695652174,0
2026-09-22T23:43:28Z,redis-cart,6.0,540,0.8,0.011111111111111112,0
2026-09-22T23:43:29Z,frontend,0.0,1150,0.8,0.0,0
2026-09-22T23:43:29Z,cartservice,0.0,1920,0.95,0.0,0
2026-09-22T23:43:29Z,checkoutservice,0.0,615,0.8,0.0,0
2026-09-22T23:43:29Z,productcatalogservice,18.0,1535,0.95,0.011726384364820847,0
2026-09-22T23:43:29Z,paymentservice,0.0,155,0.8,0.0,0
2026-09-22T23:43:29Z,recommendationservice,0.0,1150,0.8,0.0,0
2026-09-22T23:43:29Z,shippingservice,0.0,770,0.8,0.0,0
2026-09-22T23:43:29Z,currencyservice,0.0,770,0.8,0.0,0
2026-09-22T23:43:29Z,emailservice,0.0,155,0.8,0.0,0
2026-09-22T23:43:29Z,adservice,25.0,1150,0.8,0.021739130434782608,0
2026-09-22T23:43:29Z,redis-cart,6.0,540,0.8,0.011111111111111112,0
2026-09-22T23:43:30Z,frontend,0.0,1150,0.8,0.0,0
2026-09-22T23:43:30Z,cartservice,0.0,1920,0.95,0.0,0
2026-09-22T23:43:30Z,checkoutservice,0.0,615,0.8,0.0,0
2026-09-22T23:43:30Z,productcatalogservice,18.0,1535,0.95,0.011726384364820847,0
2026-09-22T23:43:30Z,paymentservice,0.0,155,0.8,0.0,0
2026-09-22T23:43:30Z,recommendationservice,0.0,1150,0.8,0.0,0
2026-09-22T23:43:30Z,shippingservice,0.0,770,0.8,0.0,0
2026-09-22T23:43:30Z,currencyservice,12.0,770,0.8,0.015584415584415584,0
2026-09-22T23:43:30Z,emailservice,17.0,155,0.8,0.10967741935483871,0
2026-09-22T23:43:30Z,adservice,25.0,1150,0.8,0.021739130434782608,0
2026-09-22T23:43:30Z,redis-cart,6.0,540,0.8,0.011111111111111112,0
2026-09-22T23:43:31Z,frontend,0.0,1150,0.8,0.0,0
2026-09-22T23:43:31Z,cartservice,0.0,1920,0.95,0.0,0
2026-09-22T23:43:31Z,checkoutservice,0.0,615,0.8,0.0,0
2026-09-22T23:43:31Z,productcatalogservice,0.0,1535,0.95,0.0,0
2026-09-22T23:43:31Z,paymentservice,0.0,155,0.8,0.0,0
2026-09-22T23:43:31Z,recommendationservice,0.0,1150,0.8,0.0,0
2026-09-22T23:43:31Z,shippingservice,0.0,770,0.8,0.0,0
2026-09-22T23:43:31Z,currencyservice,11.0,770,0.8,0.014285714285714285,0
2026-09-22T23:43:31Z,emailservice,17.0,155,0.8,0.10967741935483871,0
2026-09-22T23:43:31Z,adservice,25.0,1150,0.8,0.021739130434782608,0
2026-09-22T23:43:31Z,redis-cart,5.0,540,0.8,0.009259259259259259,0
2026-09-22T23:43:32Z,frontend,10.0,1150,0.8,0.008695652173913044,0
2026-09-22T23:43:32Z,cartservice,0.0,1920,0.95,0.0,0
2026-09-22T23:43:32Z,checkoutservice,12.0,615,0.8,0.01951219512195122,0
2026-09-22T23:43:32Z,productcatalogservice,0.0,1535,0.95,0.0,0
2026-09-22T23:43:32Z,paymentservice,12.0,155,0.8,0.07741935483870968,0
2026-09-22T23:43:32Z,recommendationservice,39.0,1150,0.8,0.03391304347826087,0
2026-09-22T23:43:32Z,shippingservice,23.0,770,0.8,0.02987012987012987,0
2026-09-22T23:43:32Z,currencyservice,11.0,770,0.8,0.014285714285714285,0
2026-09-22T23:43:32Z,emailservice,0.0,155,0.8,0.0,0
2026-09-22T23:43:32Z,adservice,25.0,1150,0.8,0.021739130434782608,0
2026-09-22T23:43:32Z,redis-cart,5.0,540,0.8,0.009259259259259259,0
2026-09-22T23:43:33Z,frontend,0.0,1150,0.8,0.0,0
2026-09-22T23:43:33Z,cartservice,0.0,1920,0.95,0.0,0
2026-09-22T23:43:33Z,checkoutservice,0.0,615,0.8,0.0,0
2026-09-22T23:43:33Z,productcatalogservice,0.0,1535,0.95,0.0,0
2026-09-22T23:43:33Z,paymentservice,12.0,155,0.8,0.07741935483870968,0
2026-09-22T23:43:33Z,recommendationservice,39.0,1150,0.8,0.03391304347826087,0
2026-09-22T23:43:33Z,shippingservice,0.0,770,0.8,0.0,0
2026-09-22T23:43:33Z,currencyservice,0.0,770,0.8,0.0,0
2026-09-22T23:43:33Z,emailservice,17.0,155,0.8,0.10967741935483871,0
2026-09-22T23:43:33Z,adservice,25.0,1150,0.8,0.021739130434782608,0
2026-09-22T23:43:33Z,redis-cart,5.0,540,0.8,0.009259259259259259,0
2026-09-22T23:43:34Z,frontend,0.0,1150,0.8,0.0,0
2026-09-22T23:43:34Z,cartservice,14.0,1920,0.95,0.007291666666666667,0
2026-09-22T23:43:34Z,checkoutservice,0.0,615,0.8,0.0,0
2026-09-22T23:43:34Z,productcatalogservice,0.0,1535,0.95,0.0,0
2026-09-22T23:43:34Z,paymentservice,12.0,155,0.8,0.07741935483870968,0
2026-09-22T23:43:34Z,recommendationservice,0.0,1150,0.8,0.0,0
2026-09-22T23:43:34Z,shippingservice,0.0,770,0.8,0.0,0
2026-09-22T23:43:34Z,currencyservice,0.0,770,0.8,0.0,0
2026-09-22T23:43:34Z,emailservice,17.0,155,0.8,0.10967741935483871,0
2026-09-22T23:43:34Z,adservice,25.0,1150,0.8,0.021739130434782608,0
2026-09-22T23:43:34Z,redis-cart,5.0,540,0.8,0.009259259259259259,0
2026-09-22T23:43:35Z,frontend,0.0,1150,0.8,0.0,0
2026-09-22T23:43:35Z,cartservice,0.0,1920,0.95,0.0,0
2026-09-22T23:43:35Z,checkoutservice,0.0,615,0.8,0.0,0
2026-09-22T23:43:35Z,productcatalogservice,15.0,1535,0.95,0.009771986970684038,0
2026-09-22T23:43:35Z,paymentservice,12.0,155,0.8,0.07741935483870968,0
2026-09-22T23:43:35Z,recommendationservice,0.0,1150,0.8,0.0,0
2026-09-22T23:43:35Z,shippingservice,0.0,770,0.8,0.0,0
2026-09-22T23:43:35Z,currencyservice,0.0,770,0.8,0.0,0
2026-09-22T23:43:35Z,emailservice,17.0,155,0.8,0.10967741935483871,0
2026-09-22T23:43:35Z,adservice,26.0,1150,0.8,0.022608695652173914,0
2026-09-22T23:43:35Z,redis-cart,5.0,540,0.8,0.009259259259259259,0
2026-09-22T23:43:36Z,frontend,0.0,1150,0.8,0.0,0
2026-09-22T23:43:36Z,cartservice,0.0,1920,0.95,0.0,0
2026-09-22T23:43:36Z,checkoutservice,10.0,615,0.8,0.016260162601626018,0
2026-09-22T23:43:36Z,productcatalogservice,15.0,1535,0.95,0.009771986970684038,0
2026-09-22T23:43:36Z,paymentservice,0.0,155,0.8,0.0,0
2026-09-22T23:43:36Z,recommendationservice,0.0,1150,0.8,0.0,0
2026-09-22T23:43:36Z,shippingservice,0.0,770,0.8,0.0,0
2026-09-22T23:43:36Z,currencyservice,0.0,770,0.8,0.0,0
2026-09-22T23:43:36Z,emailservice,0.0,155,0.8,0.0,0
2026-09-22T23:43:36Z,adservice,28.0,1150,0.8,0.02434782608695652,0
2026-09-22T23:43:36Z,redis-cart,6.0,540,0.8,0.011111111111111112,0
2026-09-22T23:43:37Z,frontend,0.0,1150,0.8,0.0,0
2026-09-22T23:43:37Z,cartservice,19.0,1920,0.95,0.009895833333333333,0
2026-09-22T23:43:37Z,checkoutservice,0.0,615,0.8,0.0,0
2026-09-22T23:43:37Z,productcatalogservice,0.0,1535,0.95,0.0,0
2026-09-22T23:43:37Z,paymentservice,0.0,155,0.8,0.0,0
2026-09-22T23:43:37Z,recommendationservice,0.0,1150,0.8,0.0,0
2026-09-22T23:43:37Z,shippingservice,29.0,770,0.8,0.03766233766233766,0
2026-09-22T23:43:37Z,currencyservice,0.0,770,0.8,0.0,0
2026-09-22T23:43:37Z,emailservice,16.0,155,0.8,0.1032258064516129,0
2026-09-22T23:43:37Z,adservice,28.0,1150,0.8,0.02434782608695652,0
2026-09-22T23:43:37Z,redis-cart,6.0,540,0.8,0.011111111111111112,0
2026-09-22T23:43:38Z,frontend,0.0,1150,0.8,0.0,0
2026-09-22T23:43:38Z,cartservice,0.0,1920,0.95,0.0,0
2026-09-22T23:43:38Z,checkoutservice,0.0,615,0.8,0.0,0
2026-09-22T23:43:38Z,productcatalogservice,0.0,1535,0.95,0.0,0
2026-09-22T23:43:38Z,paymentservice,0.0,155,0.8,0.0,0
2026-09-22T23:43:38Z,recommendationservice,27.0,1150,0.8,0.023478260869565216,0
2026-09-22T23:43:38Z,shippingservice,0.0,770,0.8,0.0,0
2026-09-22T23:43:38Z,currencyservice,0.0,770,0.8,0.0,0
2026-09-22T23:43:38Z,emailservice,0.0,155,0.8,0.0,0
2026-09-22T23:43:38Z,adservice,26.0,1150,0.8,0.022608695652173914,0
2026-09-22T23:43:38Z,redis-cart,5.0,540,0.8,0.009259259259259259,0
2026-09-22T23:43:39Z,frontend,0.0,1150,0.8,0.0,0
2026-09-22T23:43:39Z,cartservice,0.0,1920,0.95,0.0,0
2026-09-22T23:43:39Z,checkoutservice,0.0,615,0.8,0.0,0
2026-09-22T23:43:39Z,productcatalogservice,20.0,1535,0.95,0.013029315960912053,0
2026-09-22T23:43:39Z,paymentservice,0.0,155,0.8,0.0,0
2026-09-22T23:43:39Z,recommendationservice,0.0,1150,0.8,0.0,0
2026-09-22T23:43:39Z,shippingservice,0.0,770,0.8,0.0,0
2026-09-22T23:43:39Z,currencyservice,21.0,770,0.8,0.02727272727272727,0
2026-09-22T23:43:39Z,emailservice,23.0,155,0.8,0.14838709677419354,0
2026-09-22T23:43:39Z,adservice,46.0,1150,0.8,0.04,0
2026-09-22T23:43:39Z,redis-cart,5.0,540,0.8,0.009259259259259259,0
2026-09-22T23:43:40Z,frontend,0.0,1150,0.8,0.0,0
2026-09-22T23:43:40Z,cartservice,0.0,1920,0.95,0.0,0
2026-09-22T23:43:40Z,checkoutservice,0.0,615,0.8,0.0,0
2026-09-22T23:43:40Z,productcatalogservice,20.0,1535,0.95,0.013029315960912053,0
2026-09-22T23:43:40Z,paymentservice,0.0,155,0.8,0.0,0
2026-09-22T23:43:40Z,recommendationservice,0.0,1150,0.8,0.0,0
2026-09-22T23:43:40Z,shippingservice,0.0,770,0.8,0.0,0
2026-09-22T23:43:40Z,currencyservice,0.0,770,0.8,0.0,0
2026-09-22T23:43:40Z,emailservice,23.0,155,0.8,0.14838709677419354,0
2026-09-22T23:43:40Z,adservice,26.0,1150,0.8,0.022608695652173914,0
2026-09-22T23:43:40Z,redis-cart,5.0,540,0.8,0.009259259259259259,0
2026-09-22T23:43:41Z,frontend,0.0,1150,0.8,0.0,0
2026-09-22T23:43:41Z,cartservice,0.0,1920,0.95,0.0,0
2026-09-22T23:43:41Z,checkoutservice,0.0,615,0.8,0.0,0
2026-09-22T23:43:41Z,productcatalogservice,0.0,1535,0.95,0.0,0
2026-09-22T23:43:41Z,paymentservice,0.0,155,0.8,0.0,0
2026-09-22T23:43:41Z,recommendationservice,0.0,1150,0.8,0.0,0
2026-09-22T23:43:41Z,shippingservice,21.0,770,0.8,0.02727272727272727,0
2026-09-22T23:43:41Z,currencyservice,17.0,770,0.8,0.02207792207792208,0
2026-09-22T23:43:41Z,emailservice,0.0,155,0.8,0.0,0
2026-09-22T23:43:41Z,adservice,26.0,1150,0.8,0.022608695652173914,0
2026-09-22T23:43:41Z,redis-cart,6.0,540,0.8,0.011111111111111112,0
2026-09-22T23:43:42Z,frontend,0.0,1150,0.8,0.0,0
2026-09-22T23:43:42Z,cartservice,0.0,1920,0.95,0.0,0
2026-09-22T23:43:42Z,checkoutservice,13.0,615,0.8,0.02113821138211382,0
2026-09-22T23:43:42Z,productcatalogservice,0.0,1535,0.95,0.0,0
2026-09-22T23:43:42Z,paymentservice,0.0,155,0.8,0.0,0
2026-09-22T23:43:42Z,recommendationservice,0.0,1150,0.8,0.0,0
2026-09-22T23:43:42Z,shippingservice,21.0,770,0.8,0.02727272727272727,0
2026-09-22T23:43:42Z,currencyservice,17.0,770,0.8,0.02207792207792208,0
2026-09-22T23:43:42Z,emailservice,23.0,155,0.8,0.14838709677419354,0
2026-09-22T23:43:42Z,adservice,38.0,1150,0.8,0.03304347826086956,0
2026-09-22T23:43:42Z,redis-cart,6.0,540,0.8,0.011111111111111112,0
2026-09-22T23:43:43Z,frontend,0.0,1150,0.8,0.0,0
2026-09-22T23:43:43Z,cartservice,0.0,1920,0.95,0.0,0
2026-09-22T23:43:43Z,checkoutservice,0.0,615,0.8,0.0,0
2026-09-22T23:43:43Z,productcatalogservice,0.0,1535,0.95,0.0,0
2026-09-22T23:43:43Z,paymentservice,14.0,155,0.8,0.09032258064516129,0
2026-09-22T23:43:43Z,recommendationservice,26.0,1150,0.8,0.022608695652173914,0
2026-09-22T23:43:43Z,shippingservice,0.0,770,0.8,0.0,0
2026-09-22T23:43:43Z,currencyservice,0.0,770,0.8,0.0,0
2026-09-22T23:43:43Z,emailservice,23.0,155,0.8,0.14838709677419354,0
2026-09-22T23:43:43Z,adservice,38.0,1150,0.8,0.03304347826086956,0
2026-09-22T23:43:43Z,redis-cart,6.0,540,0.8,0.011111111111111112,0
2026-09-22T23:43:44Z,frontend,0.0,1150,0.8,0.0,0
2026-09-22T23:43:44Z,cartservice,18.0,1920,0.95,0.009375,0
2026-09-22T23:43:44Z,checkoutservice,0.0,615,0.8,0.0,0
2026-09-22T23:43:44Z,productcatalogservice,0.0,1535,0.95,0.0,0
2026-09-22T23:43:44Z,paymentservice,14.0,155,0.8,0.09032258064516129,0
2026-09-22T23:43:44Z,recommendationservice,0.0,1150,0.8,0.0,0
2026-09-22T23:43:44Z,shippingservice,0.0,770,0.8,0.0,0
2026-09-22T23:43:44Z,currencyservice,0.0,770,0.8,0.0,0
2026-09-22T23:43:44Z,emailservice,0.0,155,0.8,0.0,0
2026-09-22T23:43:44Z,adservice,25.0,1150,0.8,0.021739130434782608,0
2026-09-22T23:43:44Z,redis-cart,6.0,540,0.8,0.011111111111111112,0
2026-09-22T23:43:45Z,frontend,0.0,1150,0.8,0.0,0
2026-09-22T23:43:45Z,cartservice,18.0,1920,0.95,0.009375,0
2026-09-22T23:43:45Z,checkoutservice,18.0,615,0.8,0.02926829268292683,0
2026-09-22T23:43:45Z,productcatalogservice,11.0,1535,0.95,0.0071661237785016286,0
2026-09-22T23:43:45Z,paymentservice,17.0,155,0.8,0.10967741935483871,0
2026-09-22T23:43:45Z,recommendationservice,0.0,1150,0.8,0.0,0
2026-09-22T23:43:45Z,shippingservice,0.0,770,0.8,0.0,0
2026-09-22T23:43:45Z,currencyservice,0.0,770,0.8,0.0,0
2026-09-22T23:43:45Z,emailservice,16.0,155,0.8,0.1032258064516129,0
2026-09-22T23:43:45Z,adservice,25.0,1150,0.8,0.021739130434782608,0
2026-09-22T23:43:45Z,redis-cart,6.0,540,0.8,0.011111111111111112,0
2026-09-22T23:43:46Z,frontend,0.0,1150,0.8,0.0,0
2026-09-22T23:43:46Z,cartservice,0.0,1920,0.95,0.0,0
2026-09-22T23:43:46Z,checkoutservice,18.0,615,0.8,0.02926829268292683,0
2026-09-22T23:43:46Z,productcatalogservice,0.0,1535,0.95,0.0,0
2026-09-22T23:43:46Z,paymentservice,0.0,155,0.8,0.0,0
2026-09-22T23:43:46Z,recommendationservice,0.0,1150,0.8,0.0,0
2026-09-22T23:43:46Z,shippingservice,25.0,770,0.8,0.032467532467532464,0
2026-09-22T23:43:46Z,currencyservice,0.0,770,0.8,0.0,0
2026-09-22T23:43:46Z,emailservice,16.0,155,0.8,0.1032258064516129,0
2026-09-22T23:43:46Z,adservice,26.0,1150,0.8,0.022608695652173914,0
2026-09-22T23:43:46Z,redis-cart,6.0,540,0.8,0.011111111111111112,0
2026-09-22T23:43:47Z,frontend,0.0,1150,0.8,0.0,0
2026-09-22T23:43:47Z,cartservice,21.0,1920,0.95,0.0109375,0
2026-09-22T23:43:47Z,checkoutservice,0.0,615,0.8,0.0,0
2026-09-22T23:43:47Z,productcatalogservice,0.0,1535,0.95,0.0,0
2026-09-22T23:43:47Z,paymentservice,0.0,155,0.8,0.0,0
2026-09-22T23:43:47Z,recommendationservice,0.0,1150,0.8,0.0,0
2026-09-22T23:43:47Z,shippingservice,25.0,770,0.8,0.032467532467532464,0
2026-09-22T23:43:47Z,currencyservice,0.0,770,0.8,0.0,0
2026-09-22T23:43:47Z,emailservice,15.0,155,0.8,0.0967741935483871,0
2026-09-22T23:43:47Z,adservice,26.0,1150,0.8,0.022608695652173914,0
2026-09-22T23:43:47Z,redis-cart,6.0,540,0.8,0.011111111111111112,0
2026-09-22T23:43:48Z,frontend,0.0,1150,0.8,0.0,0
2026-09-22T23:43:48Z,cartservice,0.0,1920,0.95,0.0,0
2026-09-22T23:43:48Z,checkoutservice,0.0,615,0.8,0.0,0
2026-09-22T23:43:48Z,productcatalogservice,0.0,1535,0.95,0.0,0
2026-09-22T23:43:48Z,paymentservice,0.0,155,0.8,0.0,0
2026-09-22T23:43:48Z,recommendationservice,26.0,1150,0.8,0.022608695652173914,0
2026-09-22T23:43:48Z,shippingservice,0.0,770,0.8,0.0,0
2026-09-22T23:43:48Z,currencyservice,0.0,770,0.8,0.0,0
2026-09-22T23:43:48Z,emailservice,0.0,155,0.8,0.0,0
2026-09-22T23:43:48Z,adservice,26.0,1150,0.8,0.022608695652173914,0
2026-09-22T23:43:48Z,redis-cart,5.0,540,0.8,0.009259259259259259,0
2026-09-22T23:43:49Z,frontend,0.0,1150,0.8,0.0,0
2026-09-22T23:43:49Z,cartservice,0.0,1920,0.95,0.0,0
2026-09-22T23:43:49Z,checkoutservice,0.0,615,0.8,0.0,0
2026-09-22T23:43:49Z,productcatalogservice,11.0,1535,0.95,0.0071661237785016286,0
2026-09-22T23:43:49Z,paymentservice,0.0,155,0.8,0.0,0
2026-09-22T23:43:49Z,recommendationservice,0.0,1150,0.8,0.0,0
2026-09-22T23:43:49Z,shippingservice,0.0,770,0.8,0.0,0
2026-09-22T23:43:49Z,currencyservice,13.0,770,0.8,0.016883116883116882,0
2026-09-22T23:43:49Z,emailservice,0.0,155,0.8,0.0,0
2026-09-22T23:43:49Z,adservice,26.0,1150,0.8,0.022608695652173914,0
2026-09-22T23:43:49Z,redis-cart,5.0,540,0.8,0.009259259259259259,0
2026-09-22T23:43:50Z,frontend,0.0,1150,0.8,0.0,0
2026-09-22T23:43:50Z,cartservice,0.0,1920,0.95,0.0,0
2026-09-22T23:43:50Z,checkoutservice,0.0,615,0.8,0.0,0
2026-09-22T23:43:50Z,productcatalogservice,11.0,1535,0.95,0.0071661237785016286,0
2026-09-22T23:43:50Z,paymentservice,0.0,155,0.8,0.0,0
2026-09-22T23:43:50Z,recommendationservice,0.0,1150,0.8,0.0,0
2026-09-22T23:43:50Z,shippingservice,0.0,770,0.8,0.0,0
2026-09-22T23:43:50Z,currencyservice,13.0,770,0.8,0.016883116883116882,0
2026-09-22T23:43:50Z,emailservice,14.0,155,0.8,0.09032258064516129,0
2026-09-22T23:43:50Z,adservice,25.0,1150,0.8,0.021739130434782608,0
2026-09-22T23:43:50Z,redis-cart,5.0,540,0.8,0.009259259259259259,0
2026-09-22T23:43:51Z,frontend,0.0,1150,0.8,0.0,0
2026-09-22T23:43:51Z,cartservice,0.0,1920,0.95,0.0,0
2026-09-22T23:43:51Z,checkoutservice,17.0,615,0.8,0.027642276422764227,0
2026-09-22T23:43:51Z,productcatalogservice,0.0,1535,0.95,0.0,0
2026-09-22T23:43:51Z,paymentservice,0.0,155,0.8,0.0,0
2026-09-22T23:43:51Z,recommendationservice,0.0,1150,0.8,0.0,0
2026-09-22T23:43:51Z,shippingservice,13.0,770,0.8,0.016883116883116882,0
2026-09-22T23:43:51Z,currencyservice,0.0,770,0.8,0.0,0
2026-09-22T23:43:51Z,emailservice,0.0,155,0.8,0.0,0
2026-09-22T23:43:51Z,adservice,26.0,1150,0.8,0.022608695652173914,0
2026-09-22T23:43:51Z,redis-cart,5.0,540,0.8,0.009259259259259259,0
2026-09-22T23:43:52Z,frontend,0.0,1150,0.8,0.0,0
2026-09-22T23:43:52Z,cartservice,0.0,1920,0.95,0.0,0
2026-09-22T23:43:52Z,checkoutservice,17.0,615,0.8,0.027642276422764227,0
2026-09-22T23:43:52Z,productcatalogservice,0.0,1535,0.95,0.0,0
2026-09-22T23:43:52Z,paymentservice,0.0,155,0.8,0.0,0
2026-09-22T23:43:52Z,recommendationservice,0.0,1150,0.8,0.0,0
2026-09-22T23:43:52Z,shippingservice,13.0,770,0.8,0.016883116883116882,0
2026-09-22T23:43:52Z,currencyservice,13.0,770,0.8,0.016883116883116882,0
2026-09-22T23:43:52Z,emailservice,0.0,155,0.8,0.0,0
2026-09-22T23:43:52Z,adservice,27.0,1150,0.8,0.023478260869565216,0
2026-09-22T23:43:52Z,redis-cart,5.0,540,0.8,0.009259259259259259,0
2026-09-22T23:43:53Z,frontend,0.0,1150,0.8,0.0,0
2026-09-22T23:43:53Z,cartservice,0.0,1920,0.95,0.0,0
2026-09-22T23:43:53Z,checkoutservice,0.0,615,0.8,0.0,0
2026-09-22T23:43:53Z,productcatalogservice,0.0,1535,0.95,0.0,0
2026-09-22T23:43:53Z,paymentservice,15.0,155,0.8,0.0967741935483871,0
2026-09-22T23:43:53Z,recommendationservice,38.0,1150,0.8,0.03304347826086956,0
2026-09-22T23:43:53Z,shippingservice,0.0,770,0.8,0.0,0
2026-09-22T23:43:53Z,currencyservice,13.0,770,0.8,0.016883116883116882,0
2026-09-22T23:43:53Z,emailservice,22.0,155,0.8,0.14193548387096774,0
2026-09-22T23:43:53Z,adservice,27.0,1150,0.8,0.023478260869565216,0
2026-09-22T23:43:53Z,redis-cart,6.0,540,0.8,0.011111111111111112,0
2026-09-22T23:43:54Z,frontend,0.0,1150,0.8,0.0,0
2026-09-22T23:43:54Z,cartservice,18.0,1920,0.95,0.009375,0
2026-09-22T23:43:54Z,checkoutservice,0.0,615,0.8,0.0,0
2026-09-22T23:43:54Z,productcatalogservice,0.0,1535,0.95,0.0,0
2026-09-22T23:43:54Z,paymentservice,15.0,155,0.8,0.0967741935483871,0
2026-09-22T23:43:54Z,recommendationservice,0.0,1150,0.8,0.0,0
2026-09-22T23:43:54Z,shippingservice,0.0,770,0.8,0.0,0
2026-09-22T23:43:54Z,currencyservice,0.0,770,0.8,0.0,0
2026-09-22T23:43:54Z,emailservice,0.0,155,0.8,0.0,0
2026-09-22T23:43:54Z,adservice,26.0,1150,0.8,0.022608695652173914,0
2026-09-22T23:43:54Z,redis-cart,6.0,540,0.8,0.011111111111111112,0
2026-09-22T23:43:55Z,frontend,0.0,1150,0.8,0.0,0
2026-09-22T23:43:55Z,cartservice,0.0,1920,0.95,0.0,0
2026-09-22T23:43:55Z,checkoutservice,12.0,615,0.8,0.01951219512195122,0
2026-09-22T23:43:55Z,productcatalogservice,0.0,1535,0.95,0.0,0
2026-09-22T23:43:55Z,paymentservice,14.0,155,0.8,0.09032258064516129,0
2026-09-22T23:43:55Z,recommendationservice,0.0,1150,0.8,0.0,0
2026-09-22T23:43:55Z,shippingservice,0.0,770,0.8,0.0,0
2026-09-22T23:43:55Z,currencyservice,0.0,770,0.8,0.0,0
2026-09-22T23:43:55Z,emailservice,0.0,155,0.8,0.0,0
2026-09-22T23:43:55Z,adservice,41.0,1150,0.8,0.035652173913043476,0
2026-09-22T23:43:55Z,redis-cart,6.0,540,0.8,0.011111111111111112,0
2026-09-22T23:43:56Z,frontend,0.0,1150,0.8,0.0,0
2026-09-22T23:43:56Z,cartservice,0.0,1920,0.95,0.0,0
2026-09-22T23:43:56Z,checkoutservice,12.0,615,0.8,0.01951219512195122,0
2026-09-22T23:43:56Z,productcatalogservice,11.0,1535,0.95,0.0071661237785016286,0
2026-09-22T23:43:56Z,paymentservice,0.0,155,0.8,0.0,0
2026-09-22T23:43:56Z,recommendationservice,0.0,1150,0.8,0.0,0
2026-09-22T23:43:56Z,shippingservice,15.0,770,0.8,0.01948051948051948,0
2026-09-22T23:43:56Z,currencyservice,0.0,770,0.8,0.0,0
2026-09-22T23:43:56Z,emailservice,12.0,155,0.8,0.07741935483870968,0
2026-09-22T23:43:56Z,adservice,46.0,1150,0.8,0.04,0
2026-09-22T23:43:56Z,redis-cart,5.0,540,0.8,0.009259259259259259,0
2026-09-22T23:43:57Z,frontend,0.0,1150,0.8,0.0,0
2026-09-22T23:43:57Z,cartservice,22.0,1920,0.95,0.011458333333333333,0
2026-09-22T23:43:57Z,checkoutservice,0.0,615,0.8,0.0,0
2026-09-22T23:43:57Z,productcatalogservice,11.0,1535,0.95,0.0071661237785016286,0
2026-09-22T23:43:57Z,paymentservice,0.0,155,0.8,0.0,0
2026-09-22T23:43:57Z,recommendationservice,42.0,1150,0.8,0.036521739130434785,0
2026-09-22T23:43:57Z,shippingservice,15.0,770,0.8,0.01948051948051948,0
2026-09-22T23:43:57Z,currencyservice,0.0,770,0.8,0.0,0
2026-09-22T23:43:57Z,emailservice,15.0,155,0.8,0.0967741935483871,0
2026-09-22T23:43:57Z,adservice,46.0,1150,0.8,0.04,0
2026-09-22T23:43:57Z,redis-cart,5.0,540,0.8,0.009259259259259259,0
2026-09-22T23:43:58Z,frontend,0.0,1150,0.8,0.0,0
2026-09-22T23:43:58Z,cartservice,0.0,1920,0.95,0.0,0
2026-09-22T23:43:58Z,checkoutservice,0.0,615,0.8,0.0,0
2026-09-22T23:43:58Z,productcatalogservice,0.0,1535,0.95,0.0,0
2026-09-22T23:43:58Z,paymentservice,0.0,155,0.8,0.0,0
2026-09-22T23:43:58Z,recommendationservice,42.0,1150,0.8,0.036521739130434785,0
2026-09-22T23:43:58Z,shippingservice,10.0,770,0.8,0.012987012987012988,0
2026-09-22T23:43:58Z,currencyservice,0.0,770,0.8,0.0,0
2026-09-22T23:43:58Z,emailservice,15.0,155,0.8,0.0967741935483871,0
2026-09-22T23:43:58Z,adservice,26.0,1150,0.8,0.022608695652173914,0
2026-09-22T23:43:58Z,redis-cart,5.0,540,0.8,0.009259259259259259,0
2026-09-22T23:43:59Z,frontend,0.0,1150,0.8,0.0,0
2026-09-22T23:43:59Z,cartservice,0.0,1920,0.95,0.0,0
2026-09-22T23:43:59Z,checkoutservice,0.0,615,0.8,0.0,0
2026-09-22T23:43:59Z,productcatalogservice,0.0,1535,0.95,0.0,0
2026-09-22T23:43:59Z,paymentservice,0.0,155,0.8,0.0,0
2026-09-22T23:43:59Z,recommendationservice,0.0,1150,0.8,0.0,0
2026-09-22T23:43:59Z,shippingservice,0.0,770,0.8,0.0,0
2026-09-22T23:43:59Z,currencyservice,18.0,770,0.8,0.023376623376623377,0
2026-09-22T23:43:59Z,emailservice,0.0,155,0.8,0.0,0
2026-09-22T23:43:59Z,adservice,27.0,1150,0.8,0.023478260869565216,0
2026-09-22T23:43:59Z,redis-cart,5.0,540,0.8,0.009259259259259259,0
2026-09-22T23:44:00Z,frontend,0.0,1150,0.8,0.0,0
2026-09-22T23:44:00Z,cartservice,0.0,1920,0.95,0.0,0
2026-09-22T23:44:00Z,checkoutservice,0.0,615,0.8,0.0,0
2026-09-22T23:44:00Z,productcatalogservice,15.0,1535,0.95,0.009771986970684038,0
2026-09-22T23:44:00Z,paymentservice,0.0,155,0.8,0.0,0
2026-09-22T23:44:00Z,recommendationservice,0.0,1150,0.8,0.0,0
2026-09-22T23:44:00Z,shippingservice,0.0,770,0.8,0.0,0
2026-09-22T23:44:00Z,currencyservice,18.0,770,0.8,0.023376623376623377,0
2026-09-22T23:44:00Z,emailservice,16.0,155,0.8,0.1032258064516129,0
2026-09-22T23:44:00Z,adservice,26.0,1150,0.8,0.022608695652173914,0
2026-09-22T23:44:00Z,redis-cart,5.0,540,0.8,0.009259259259259259,0
2026-09-22T23:44:01Z,frontend,0.0,1150,0.8,0.0,0
2026-09-22T23:44:01Z,cartservice,0.0,1920,0.95,0.0,0
2026-09-22T23:44:01Z,checkoutservice,18.0,615,0.8,0.02926829268292683,0
2026-09-22T23:44:01Z,productcatalogservice,0.0,1535,0.95,0.0,0
2026-09-22T23:44:01Z,paymentservice,0.0,155,0.8,0.0,0
2026-09-22T23:44:01Z,recommendationservice,0.0,1150,0.8,0.0,0
2026-09-22T23:44:01Z,shippingservice,0.0,770,0.8,0.0,0
2026-09-22T23:44:01Z,currencyservice,0.0,770,0.8,0.0,0
2026-09-22T23:44:01Z,emailservice,0.0,155,0.8,0.0,0
2026-09-22T23:44:01Z,adservice,26.0,1150,0.8,0.022608695652173914,0
2026-09-22T23:44:01Z,redis-cart,6.0,540,0.8,0.011111111111111112,0
2026-09-22T23:44:02Z,frontend,0.0,1150,0.8,0.0,0
2026-09-22T23:44:02Z,cartservice,0.0,1920,0.95,0.0,0
2026-09-22T23:44:02Z,checkoutservice,18.0,615,0.8,0.02926829268292683,0
2026-09-22T23:44:02Z,productcatalogservice,0.0,1535,0.95,0.0,0
2026-09-22T23:44:02Z,paymentservice,0.0,155,0.8,0.0,0
2026-09-22T23:44:02Z,recommendationservice,33.0,1150,0.8,0.028695652173913042,0
2026-09-22T23:44:02Z,shippingservice,13.0,770,0.8,0.016883116883116882,0
2026-09-22T23:44:02Z,currencyservice,17.0,770,0.8,0.02207792207792208,0
2026-09-22T23:44:02Z,emailservice,0.0,155,0.8,0.0,0
2026-09-22T23:44:02Z,adservice,25.0,1150,0.8,0.021739130434782608,0
2026-09-22T23:44:02Z,redis-cart,6.0,540,0.8,0.011111111111111112,0
2026-09-22T23:44:03Z,frontend,0.0,1150,0.8,0.0,0
2026-09-22T23:44:03Z,cartservice,0.0,1920,0.95,0.0,0
2026-09-22T23:44:03Z,checkoutservice,0.0,615,0.8,0.0,0
2026-09-22T23:44:03Z,productcatalogservice,0.0,1535,0.95,0.0,0
2026-09-22T23:44:03Z,paymentservice,14.0,155,0.8,0.09032258064516129,0
2026-09-22T23:44:03Z,recommendationservice,33.0,1150,0.8,0.028695652173913042,0
2026-09-22T23:44:03Z,shippingservice,0.0,770,0.8,0.0,0
2026-09-22T23:44:03Z,currencyservice,17.0,770,0.8,0.02207792207792208,0
2026-09-22T23:44:03Z,emailservice,13.0,155,0.8,0.08387096774193549,0
2026-09-22T23:44:03Z,adservice,25.0,1150,0.8,0.021739130434782608,0
2026-09-22T23:44:03Z,redis-cart,5.0,540,0.8,0.009259259259259259,0
2026-09-22T23:44:04Z,frontend,0.0,1150,0.8,0.0,0
2026-09-22T23:44:04Z,cartservice,13.0,1920,0.95,0.0067708333333333336,0
2026-09-22T23:44:04Z,checkoutservice,0.0,615,0.8,0.0,0
2026-09-22T23:44:04Z,productcatalogservice,0.0,1535,0.95,0.0,0
2026-09-22T23:44:04Z,paymentservice,16.0,155,0.8,0.1032258064516129,0
2026-09-22T23:44:04Z,recommendationservice,0.0,1150,0.8,0.0,0
2026-09-22T23:44:04Z,shippingservice,0.0,770,0.8,0.0,0
2026-09-22T23:44:04Z,currencyservice,0.0,770,0.8,0.0,0
2026-09-22T23:44:04Z,emailservice,22.0,155,0.8,0.14193548387096774,0
2026-09-22T23:44:04Z,adservice,25.0,1150,0.8,0.021739130434782608,0
2026-09-22T23:44:04Z,redis-cart,5.0,540,0.8,0.009259259259259259,0
2026-09-22T23:44:05Z,frontend,0.0,1150,0.8,0.0,0
2026-09-22T23:44:05Z,cartservice,13.0,1920,0.95,0.0067708333333333336,0
2026-09-22T23:44:05Z,checkoutservice,17.0,615,0.8,0.027642276422764227,0
2026-09-22T23:44:05Z,productcatalogservice,12.0,1535,0.95,0.007817589576547232,0
2026-09-22T23:44:05Z,paymentservice,16.0,155,0.8,0.1032258064516129,0
2026-09-22T23:44:05Z,recommendationservice,0.0,1150,0.8,0.0,0
2026-09-22T23:44:05Z,shippingservice,0.0,770,0.8,0.0,0
2026-09-22T23:44:05Z,currencyservice,0.0,770,0.8,0.0,0
2026-09-22T23:44:05Z,emailservice,22.0,155,0.8,0.14193548387096774,0
2026-09-22T23:44:05Z,adservice,26.0,1150,0.8,0.022608695652173914,0
2026-09-22T23:44:05Z,redis-cart,6.0,540,0.8,0.011111111111111112,0
2026-09-22T23:44:06Z,frontend,0.0,1150,0.8,0.0,0
2026-09-22T23:44:06Z,cartservice,25.0,1920,0.95,0.013020833333333334,0
2026-09-22T23:44:06Z,checkoutservice,17.0,615,0.8,0.027642276422764227,0
2026-09-22T23:44:06Z,productcatalogservice,0.0,1535,0.95,0.0,0
2026-09-22T23:44:06Z,paymentservice,0.0,155,0.8,0.0,0
2026-09-22T23:44:06Z,recommendationservice,0.0,1150,0.8,0.0,0
2026-09-22T23:44:06Z,shippingservice,29.0,770,0.8,0.03766233766233766,0
2026-09-22T23:44:06Z,currencyservice,0.0,770,0.8,0.0,0
2026-09-22T23:44:06Z,emailservice,0.0,155,0.8,0.0,0
2026-09-22T23:44:06Z,adservice,27.0,1150,0.8,0.023478260869565216,0
2026-09-22T23:44:06Z,redis-cart,6.0,540,0.8,0.011111111111111112,0
2026-09-22T23:44:07Z,frontend,0.0,1150,0.8,0.0,0
2026-09-22T23:44:07Z,cartservice,25.0,1920,0.95,0.013020833333333334,0
2026-09-22T23:44:07Z,checkoutservice,0.0,615,0.8,0.0,0
2026-09-22T23:44:07Z,productcatalogservice,0.0,1535,0.95,0.0,0
2026-09-22T23:44:07Z,paymentservice,0.0,155,0.8,0.0,0
2026-09-22T23:44:07Z,recommendationservice,0.0,1150,0.8,0.0,0
2026-09-22T23:44:07Z,shippingservice,29.0,770,0.8,0.03766233766233766,0
2026-09-22T23:44:07Z,currencyservice,0.0,770,0.8,0.0,0
2026-09-22T23:44:07Z,emailservice,0.0,155,0.8,0.0,0
2026-09-22T23:44:07Z,adservice,27.0,1150,0.8,0.023478260869565216,0
2026-09-22T23:44:07Z,redis-cart,6.0,540,0.8,0.011111111111111112,0
2026-09-22T23:44:08Z,frontend,0.0,1150,0.8,0.0,0
2026-09-22T23:44:08Z,cartservice,0.0,1920,0.95,0.0,0
2026-09-22T23:44:08Z,checkoutservice,0.0,615,0.8,0.0,0
2026-09-22T23:44:08Z,productcatalogservice,0.0,1535,0.95,0.0,0
2026-09-22T23:44:08Z,paymentservice,0.0,155,0.8,0.0,0
2026-09-22T23:44:08Z,recommendationservice,41.0,1150,0.8,0.035652173913043476,0
2026-09-22T23:44:08Z,shippingservice,0.0,770,0.8,0.0,0
2026-09-22T23:44:08Z,currencyservice,0.0,770,0.8,0.0,0
2026-09-22T23:44:08Z,emailservice,16.0,155,0.8,0.1032258064516129,0
2026-09-22T23:44:08Z,adservice,25.0,1150,0.8,0.021739130434782608,0
2026-09-22T23:44:08Z,redis-cart,5.0,540,0.8,0.009259259259259259,0
2026-09-22T23:44:09Z,frontend,0.0,1150,0.8,0.0,0
2026-09-22T23:44:09Z,cartservice,0.0,1920,0.95,0.0,0
2026-09-22T23:44:09Z,checkoutservice,0.0,615,0.8,0.0,0
2026-09-22T23:44:09Z,productcatalogservice,17.0,1535,0.95,0.011074918566775244,0
2026-09-22T23:44:09Z,paymentservice,0.0,155,0.8,0.0,0
2026-09-22T23:44:09Z,recommendationservice,41.0,1150,0.8,0.035652173913043476,0
2026-09-22T23:44:09Z,shippingservice,0.0,770,0.8,0.0,0
2026-09-22T23:44:09Z,currencyservice,11.0,770,0.8,0.014285714285714285,0
2026-09-22T23:44:09Z,emailservice,15.0,155,0.8,0.0967741935483871,0
2026-09-22T23:44:09Z,adservice,25.0,1150,0.8,0.021739130434782608,0
2026-09-22T23:44:09Z,redis-cart,5.0,540,0.8,0.009259259259259259,0
2026-09-22T23:44:10Z,frontend,0.0,1150,0.8,0.0,0
2026-09-22T23:44:10Z,cartservice,0.0,1920,0.95,0.0,0
2026-09-22T23:44:10Z,checkoutservice,0.0,615,0.8,0.0,0
2026-09-22T23:44:10Z,productcatalogservice,17.0,1535,0.95,0.011074918566775244,0
2026-09-22T23:44:10Z,paymentservice,0.0,155,0.8,0.0,0
2026-09-22T23:44:10Z,recommendationservice,0.0,1150,0.8,0.0,0
2026-09-22T23:44:10Z,shippingservice,0.0,770,0.8,0.0,0
2026-09-22T23:44:10Z,currencyservice,11.0,770,0.8,0.014285714285714285,0
2026-09-22T23:44:10Z,emailservice,15.0,155,0.8,0.0967741935483871,0
2026-09-22T23:44:10Z,adservice,36.0,1150,0.8,0.03130434782608696,0
2026-09-22T23:44:10Z,redis-cart,5.0,540,0.8,0.009259259259259259,0
2026-09-22T23:44:11Z,frontend,0.0,1150,0.8,0.0,0
2026-09-22T23:44:11Z,cartservice,0.0,1920,0.95,0.0,0
2026-09-22T23:44:11Z,checkoutservice,12.0,615,0.8,0.01951219512195122,0
2026-09-22T23:44:11Z,productcatalogservice,0.0,1535,0.95,0.0,0
2026-09-22T23:44:11Z,paymentservice,0.0,155,0.8,0.0,0
2026-09-22T23:44:11Z,recommendationservice,0.0,1150,0.8,0.0,0
2026-09-22T23:44:11Z,shippingservice,21.0,770,0.8,0.02727272727272727,0
2026-09-22T23:44:11Z,currencyservice,11.0,770,0.8,0.014285714285714285,0
2026-09-22T23:44:11Z,emailservice,3.0,155,0.8,0.01935483870967742,0
2026-09-22T23:44:11Z,adservice,40.0,1150,0.8,0.034782608695652174,0
2026-09-22T23:44:11Z,redis-cart,6.0,540,0.8,0.011111111111111112,0
2026-09-22T23:44:12Z,frontend,0.0,1150,0.8,0.0,0
2026-09-22T23:44:12Z,cartservice,0.0,1920,0.95,0.0,0
2026-09-22T23:44:12Z,checkoutservice,0.0,615,0.8,0.0,0
2026-09-22T23:44:12Z,productcatalogservice,0.0,1535,0.95,0.0,0
2026-09-22T23:44:12Z,paymentservice,0.0,155,0.8,0.0,0
2026-09-22T23:44:12Z,recommendationservice,0.0,1150,0.8,0.0,0
2026-09-22T23:44:12Z,shippingservice,21.0,770,0.8,0.02727272727272727,0
2026-09-22T23:44:12Z,currencyservice,11.0,770,0.8,0.014285714285714285,0
2026-09-22T23:44:12Z,emailservice,3.0,155,0.8,0.01935483870967742,0
2026-09-22T23:44:12Z,adservice,40.0,1150,0.8,0.034782608695652174,0
2026-09-22T23:44:12Z,redis-cart,6.0,540,0.8,0.011111111111111112,0
2026-09-22T23:44:13Z,frontend,0.0,1150,0.8,0.0,0
2026-09-22T23:44:13Z,cartservice,0.0,1920,0.95,0.0,0
2026-09-22T23:44:13Z,checkoutservice,0.0,615,0.8,0.0,0
2026-09-22T23:44:13Z,productcatalogservice,0.0,1535,0.95,0.0,0
2026-09-22T23:44:13Z,paymentservice,15.0,155,0.8,0.0967741935483871,0
2026-09-22T23:44:13Z,recommendationservice,30.0,1150,0.8,0.02608695652173913,0
2026-09-22T23:44:13Z,shippingservice,0.0,770,0.8,0.0,0
2026-09-22T23:44:13Z,currencyservice,0.0,770,0.8,0.0,0
2026-09-22T23:44:13Z,emailservice,13.0,155,0.8,0.08387096774193549,0
2026-09-22T23:44:13Z,adservice,24.0,1150,0.8,0.020869565217391306,0
2026-09-22T23:44:13Z,redis-cart,5.0,540,0.8,0.009259259259259259,0
2026-09-22T23:44:14Z,frontend,0.0,1150,0.8,0.0,0
2026-09-22T23:44:14Z,cartservice,19.0,1920,0.95,0.009895833333333333,0
2026-09-22T23:44:14Z,checkoutservice,0.0,615,0.8,0.0,0
2026-09-22T23:44:14Z,productcatalogservice,0.0,1535,0.95,0.0,0
2026-09-22T23:44:14Z,paymentservice,15.0,155,0.8,0.0967741935483871,0
2026-09-22T23:44:14Z,recommendationservice,0.0,1150,0.8,0.0,0
2026-09-22T23:44:14Z,shippingservice,0.0,770,0.8,0.0,0
2026-09-22T23:44:14Z,currencyservice,0.0,770,0.8,0.0,0
2026-09-22T23:44:14Z,emailservice,13.0,155,0.8,0.08387096774193549,0
2026-09-22T23:44:14Z,adservice,25.0,1150,0.8,0.021739130434782608,0
2026-09-22T23:44:14Z,redis-cart,5.0,540,0.8,0.009259259259259259,0
2026-09-22T23:44:15Z,frontend,0.0,1150,0.8,0.0,0
2026-09-22T23:44:15Z,cartservice,0.0,1920,0.95,0.0,0
2026-09-22T23:44:15Z,checkoutservice,0.0,615,0.8,0.0,0
2026-09-22T23:44:15Z,productcatalogservice,14.0,1535,0.95,0.009120521172638436,0
2026-09-22T23:44:15Z,paymentservice,14.0,155,0.8,0.09032258064516129,0
2026-09-22T23:44:15Z,recommendationservice,0.0,1150,0.8,0.0,0
2026-09-22T23:44:15Z,shippingservice,0.0,770,0.8,0.0,0
2026-09-22T23:44:15Z,currencyservice,0.0,770,0.8,0.0,0
2026-09-22T23:44:15Z,emailservice,14.0,155,0.8,0.09032258064516129,0
2026-09-22T23:44:15Z,adservice,25.0,1150,0.8,0.021739130434782608,0
2026-09-22T23:44:15Z,redis-cart,6.0,540,0.8,0.011111111111111112,0
2026-09-22T23:44:16Z,frontend,0.0,1150,0.8,0.0,0
2026-09-22T23:44:16Z,cartservice,0.0,1920,0.95,0.0,0
2026-09-22T23:44:16Z,checkoutservice,11.0,615,0.8,0.01788617886178862,0
2026-09-22T23:44:16Z,productcatalogservice,14.0,1535,0.95,0.009120521172638436,0
2026-09-22T23:44:16Z,paymentservice,0.0,155,0.8,0.0,0
2026-09-22T23:44:16Z,recommendationservice,0.0,1150,0.8,0.0,0
2026-09-22T23:44:16Z,shippingservice,18.0,770,0.8,0.023376623376623377,0
2026-09-22T23:44:16Z,currencyservice,0.0,770,0.8,0.0,0
2026-09-22T23:44:16Z,emailservice,14.0,155,0.8,0.09032258064516129,0
2026-09-22T23:44:16Z,adservice,26.0,1150,0.8,0.022608695652173914,0
2026-09-22T23:44:16Z,redis-cart,6.0,540,0.8,0.011111111111111112,0
2026-09-22T23:44:17Z,frontend,0.0,1150,0.8,0.0,0
2026-09-22T23:44:17Z,cartservice,15.0,1920,0.95,0.0078125,0
2026-09-22T23:44:17Z,checkoutservice,11.0,615,0.8,0.01788617886178862,0
2026-09-22T23:44:17Z,productcatalogservice,0.0,1535,0.95,0.0,0
2026-09-22T23:44:17Z,paymentservice,0.0,155,0.8,0.0,0
2026-09-22T23:44:17Z,recommendationservice,29.0,1150,0.8,0.025217391304347827,0
2026-09-22T23:44:17Z,shippingservice,12.0,770,0.8,0.015584415584415584,0
2026-09-22T23:44:17Z,currencyservice,0.0,770,0.8,0.0,0
2026-09-22T23:44:17Z,emailservice,14.0,155,0.8,0.09032258064516129,0
2026-09-22T23:44:17Z,adservice,26.0,1150,0.8,0.022608695652173914,0
2026-09-22T23:44:17Z,redis-cart,6.0,540,0.8,0.011111111111111112,0
2026-09-22T23:44:18Z,frontend,0.0,1150,0.8,0.0,0
2026-09-22T23:44:18Z,cartservice,0.0,1920,0.95,0.0,0
2026-09-22T23:44:18Z,checkoutservice,0.0,615,0.8,0.0,0
2026-09-22T23:44:18Z,productcatalogservice,0.0,1535,0.95,0.0,0
2026-09-22T23:44:18Z,paymentservice,0.0,155,0.8,0.0,0
2026-09-22T23:44:18Z,recommendationservice,0.0,1150,0.8,0.0,0
2026-09-22T23:44:18Z,shippingservice,12.0,770,0.8,0.015584415584415584,0
2026-09-22T23:44:18Z,currencyservice,0.0,770,0.8,0.0,0
2026-09-22T23:44:18Z,emailservice,0.0,155,0.8,0.0,0
2026-09-22T23:44:18Z,adservice,25.0,1150,0.8,0.021739130434782608,0
2026-09-22T23:44:18Z,redis-cart,6.0,540,0.8,0.011111111111111112,0
2026-09-22T23:44:19Z,frontend,0.0,1150,0.8,0.0,0
2026-09-22T23:44:19Z,cartservice,0.0,1920,0.95,0.0,0
2026-09-22T23:44:19Z,checkoutservice,0.0,615,0.8,0.0,0
2026-09-22T23:44:19Z,productcatalogservice,9.0,1535,0.95,0.005863192182410423,0
2026-09-22T23:44:19Z,paymentservice,0.0,155,0.8,0.0,0
2026-09-22T23:44:19Z,recommendationservice,0.0,1150,0.8,0.0,0
2026-09-22T23:44:19Z,shippingservice,0.0,770,0.8,0.0,0
2026-09-22T23:44:19Z,currencyservice,18.0,770,0.8,0.023376623376623377,0
2026-09-22T23:44:19Z,emailservice,17.0,155,0.8,0.10967741935483871,0
2026-09-22T23:44:19Z,adservice,25.0,1150,0.8,0.021739130434782608,0
2026-09-22T23:44:19Z,redis-cart,6.0,540,0.8,0.011111111111111112,0
2026-09-22T23:44:20Z,frontend,0.0,1150,0.8,0.0,0
2026-09-22T23:44:20Z,cartservice,0.0,1920,0.95,0.0,0
2026-09-22T23:44:20Z,checkoutservice,0.0,615,0.8,0.0,0
2026-09-22T23:44:20Z,productcatalogservice,0.0,1535,0.95,0.0,0
2026-09-22T23:44:20Z,paymentservice,0.0,155,0.8,0.0,0
2026-09-22T23:44:20Z,recommendationservice,0.0,1150,0.8,0.0,0
2026-09-22T23:44:20Z,shippingservice,0.0,770,0.8,0.0,0
2026-09-22T23:44:20Z,currencyservice,18.0,770,0.8,0.023376623376623377,0
2026-09-22T23:44:20Z,emailservice,0.0,155,0.8,0.0,0
2026-09-22T23:44:20Z,adservice,24.0,1150,0.8,0.020869565217391306,0
2026-09-22T23:44:20Z,redis-cart,6.0,540,0.8,0.011111111111111112,0
2026-09-22T23:44:21Z,frontend,0.0,1150,0.8,0.0,0
2026-09-22T23:44:21Z,cartservice,0.0,1920,0.95,0.0,0
2026-09-22T23:44:21Z,checkoutservice,0.0,615,0.8,0.0,0
2026-09-22T23:44:21Z,productcatalogservice,0.0,1535,0.95,0.0,0
2026-09-22T23:44:21Z,paymentservice,0.0,155,0.8,0.0,0
2026-09-22T23:44:21Z,recommendationservice,0.0,1150,0.8,0.0,0
2026-09-22T23:44:21Z,shippingservice,12.0,770,0.8,0.015584415584415584,0
2026-09-22T23:44:21Z,currencyservice,10.0,770,0.8,0.012987012987012988,0
2026-09-22T23:44:21Z,emailservice,0.0,155,0.8,0.0,0
2026-09-22T23:44:21Z,adservice,23.0,1150,0.8,0.02,0
2026-09-22T23:44:21Z,redis-cart,5.0,540,0.8,0.009259259259259259,0
2026-09-22T23:44:22Z,frontend,0.0,1150,0.8,0.0,0
2026-09-22T23:44:22Z,cartservice,0.0,1920,0.95,0.0,0
2026-09-22T23:44:22Z,checkoutservice,16.0,615,0.8,0.026016260162601626,0
2026-09-22T23:44:22Z,productcatalogservice,0.0,1535,0.95,0.0,0
2026-09-22T23:44:22Z,paymentservice,20.0,155,0.8,0.12903225806451613,0
2026-09-22T23:44:22Z,recommendationservice,48.0,1150,0.8,0.04173913043478261,0
2026-09-22T23:44:22Z,shippingservice,12.0,770,0.8,0.015584415584415584,0
2026-09-22T23:44:22Z,currencyservice,0.0,770,0.8,0.0,0
2026-09-22T23:44:22Z,emailservice,14.0,155,0.8,0.09032258064516129,0
2026-09-22T23:44:22Z,adservice,23.0,1150,0.8,0.02,0
2026-09-22T23:44:22Z,redis-cart,5.0,540,0.8,0.009259259259259259,0
2026-09-22T23:44:23Z,frontend,0.0,1150,0.8,0.0,0
2026-09-22T23:44:23Z,cartservice,0.0,1920,0.95,0.0,0
2026-09-22T23:44:23Z,checkoutservice,16.0,615,0.8,0.026016260162601626,0
2026-09-22T23:44:23Z,productcatalogservice,0.0,1535,0.95,0.0,0
2026-09-22T23:44:23Z,paymentservice,20.0,155,0.8,0.12903225806451613,0
2026-09-22T23:44:23Z,recommendationservice,0.0,1150,0.8,0.0,0
2026-09-22T23:44:23Z,shippingservice,0.0,770,0.8,0.0,0
2026-09-22T23:44:23Z,currencyservice,0.0,770,0.8,0.0,0
2026-09-22T23:44:23Z,emailservice,4.0,155,0.8,0.025806451612903226,0
2026-09-22T23:44:23Z,adservice,25.0,1150,0.8,0.021739130434782608,0
2026-09-22T23:44:23Z,redis-cart,5.0,540,0.8,0.009259259259259259,0
2026-09-22T23:44:24Z,frontend,0.0,1150,0.8,0.0,0
2026-09-22T23:44:24Z,cartservice,15.0,1920,0.95,0.0078125,0
2026-09-22T23:44:24Z,checkoutservice,0.0,615,0.8,0.0,0
2026-09-22T23:44:24Z,productcatalogservice,0.0,1535,0.95,0.0,0
2026-09-22T23:44:24Z,paymentservice,12.0,155,0.8,0.07741935483870968,0
2026-09-22T23:44:24Z,recommendationservice,0.0,1150,0.8,0.0,0
2026-09-22T23:44:24Z,shippingservice,0.0,770,0.8,0.0,0
2026-09-22T23:44:24Z,currencyservice,0.0,770,0.8,0.0,0
2026-09-22T23:44:24Z,emailservice,0.0,155,0.8,0.0,0
2026-09-22T23:44:24Z,adservice,25.0,1150,0.8,0.021739130434782608,0
2026-09-22T23:44:24Z,redis-cart,6.0,540,0.8,0.011111111111111112,0
2026-09-22T23:44:25Z,frontend,0.0,1150,0.8,0.0,0
2026-09-22T23:44:25Z,cartservice,0.0,1920,0.95,0.0,0
2026-09-22T23:44:25Z,checkoutservice,6.0,615,0.8,0.00975609756097561,0
2026-09-22T23:44:25Z,productcatalogservice,10.0,1535,0.95,0.006514657980456026,0
2026-09-22T23:44:25Z,paymentservice,0.0,155,0.8,0.0,0
2026-09-22T23:44:25Z,recommendationservice,0.0,1150,0.8,0.0,0
2026-09-22T23:44:25Z,shippingservice,0.0,770,0.8,0.0,0
2026-09-22T23:44:25Z,currencyservice,0.0,770,0.8,0.0,0
2026-09-22T23:44:25Z,emailservice,23.0,155,0.8,0.14838709677419354,0
2026-09-22T23:44:25Z,adservice,37.0,1150,0.8,0.03217391304347826,0
2026-09-22T23:44:25Z,redis-cart,5.0,540,0.8,0.009259259259259259,0
2026-09-22T23:44:26Z,frontend,0.0,1150,0.8,0.0,0
2026-09-22T23:44:26Z,cartservice,0.0,1920,0.95,0.0,0
2026-09-22T23:44:26Z,checkoutservice,13.0,615,0.8,0.02113821138211382,0
2026-09-22T23:44:26Z,productcatalogservice,10.0,1535,0.95,0.006514657980456026,0
2026-09-22T23:44:26Z,paymentservice,0.0,155,0.8,0.0,0
2026-09-22T23:44:26Z,recommendationservice,0.0,1150,0.8,0.0,0
2026-09-22T23:44:26Z,shippingservice,25.0,770,0.8,0.032467532467532464,0
2026-09-22T23:44:26Z,currencyservice,0.0,770,0.8,0.0,0
2026-09-22T23:44:26Z,emailservice,0.0,155,0.8,0.0,0
2026-09-22T23:44:26Z,adservice,43.0,1150,0.8,0.03739130434782609,0
2026-09-22T23:44:26Z,redis-cart,6.0,540,0.8,0.011111111111111112,0
2026-09-22T23:44:27Z,frontend,0.0,1150,0.8,0.0,0
2026-09-22T23:44:27Z,cartservice,17.0,1920,0.95,0.008854166666666666,0
2026-09-22T23:44:27Z,checkoutservice,0.0,615,0.8,0.0,0
2026-09-22T23:44:27Z,productcatalogservice,0.0,1535,0.95,0.0,0
2026-09-22T23:44:27Z,paymentservice,0.0,155,0.8,0.0,0
2026-09-22T23:44:27Z,recommendationservice,0.0,1150,0.8,0.0,0
2026-09-22T23:44:27Z,shippingservice,0.0,770,0.8,0.0,0
2026-09-22T23:44:27Z,currencyservice,0.0,770,0.8,0.0,0
2026-09-22T23:44:27Z,emailservice,0.0,155,0.8,0.0,0
2026-09-22T23:44:27Z,adservice,43.0,1150,0.8,0.03739130434782609,0
2026-09-22T23:44:27Z,redis-cart,6.0,540,0.8,0.011111111111111112,0
2026-09-22T23:44:28Z,frontend,0.0,1150,0.8,0.0,0
2026-09-22T23:44:28Z,cartservice,17.0,1920,0.95,0.008854166666666666,0
2026-09-22T23:44:28Z,checkoutservice,0.0,615,0.8,0.0,0
2026-09-22T23:44:28Z,productcatalogservice,0.0,1535,0.95,0.0,0
2026-09-22T23:44:28Z,paymentservice,0.0,155,0.8,0.0,0
2026-09-22T23:44:28Z,recommendationservice,39.0,1150,0.8,0.03391304347826087,0
2026-09-22T23:44:28Z,shippingservice,0.0,770,0.8,0.0,0
2026-09-22T23:44:28Z,currencyservice,0.0,770,0.8,0.0,0
2026-09-22T23:44:28Z,emailservice,16.0,155,0.8,0.1032258064516129,0
2026-09-22T23:44:28Z,adservice,27.0,1150,0.8,0.023478260869565216,0
2026-09-22T23:44:28Z,redis-cart,6.0,540,0.8,0.011111111111111112,0
2026-09-22T23:44:29Z,frontend,0.0,1150,0.8,0.0,0
2026-09-22T23:44:29Z,cartservice,0.0,1920,0.95,0.0,0
2026-09-22T23:44:29Z,checkoutservice,0.0,615,0.8,0.0,0
2026-09-22T23:44:29Z,productcatalogservice,15.0,1535,0.95,0.009771986970684038,0
2026-09-22T23:44:29Z,paymentservice,0.0,155,0.8,0.0,0
2026-09-22T23:44:29Z,recommendationservice,0.0,1150,0.8,0.0,0
2026-09-22T23:44:29Z,shippingservice,0.0,770,0.8,0.0,0
2026-09-22T23:44:29Z,currencyservice,20.0,770,0.8,0.025974025974025976,0
2026-09-22T23:44:29Z,emailservice,15.0,155,0.8,0.0967741935483871,0
2026-09-22T23:44:29Z,adservice,26.0,1150,0.8,0.022608695652173914,0
2026-09-22T23:44:29Z,redis-cart,5.0,540,0.8,0.009259259259259259,0
2026-09-22T23:44:30Z,frontend,0.0,1150,0.8,0.0,0
2026-09-22T23:44:30Z,cartservice,0.0,1920,0.95,0.0,0
2026-09-22T23:44:30Z,checkoutservice,0.0,615,0.8,0.0,0
2026-09-22T23:44:30Z,productcatalogservice,0.0,1535,0.95,0.0,0
2026-09-22T23:44:30Z,paymentservice,0.0,155,0.8,0.0,0
2026-09-22T23:44:30Z,recommendationservice,0.0,1150,0.8,0.0,0
2026-09-22T23:44:30Z,shippingservice,0.0,770,0.8,0.0,0
2026-09-22T23:44:30Z,currencyservice,0.0,770,0.8,0.0,0
2026-09-22T23:44:30Z,emailservice,15.0,155,0.8,0.0967741935483871,0
2026-09-22T23:44:30Z,adservice,26.0,1150,0.8,0.022608695652173914,0
2026-09-22T23:44:30Z,redis-cart,5.0,540,0.8,0.009259259259259259,0
2026-09-22T23:44:31Z,frontend,0.0,1150,0.8,0.0,0
2026-09-22T23:44:31Z,cartservice,0.0,1920,0.95,0.0,0
2026-09-22T23:44:31Z,checkoutservice,0.0,615,0.8,0.0,0
2026-09-22T23:44:31Z,productcatalogservice,0.0,1535,0.95,0.0,0
2026-09-22T23:44:31Z,paymentservice,0.0,155,0.8,0.0,0
2026-09-22T23:44:31Z,recommendationservice,0.0,1150,0.8,0.0,0
2026-09-22T23:44:31Z,shippingservice,12.0,770,0.8,0.015584415584415584,0
2026-09-22T23:44:31Z,currencyservice,0.0,770,0.8,0.0,0
2026-09-22T23:44:31Z,emailservice,0.0,155,0.8,0.0,0
2026-09-22T23:44:31Z,adservice,27.0,1150,0.8,0.023478260869565216,0
2026-09-22T23:44:31Z,redis-cart,6.0,540,0.8,0.011111111111111112,0
2026-09-22T23:44:32Z,frontend,0.0,1150,0.8,0.0,0
2026-09-22T23:44:32Z,cartservice,0.0,1920,0.95,0.0,0
2026-09-22T23:44:32Z,checkoutservice,14.0,615,0.8,0.022764227642276424,0
2026-09-22T23:44:32Z,productcatalogservice,0.0,1535,0.95,0.0,0
2026-09-22T23:44:32Z,paymentservice,14.0,155,0.8,0.09032258064516129,0
2026-09-22T23:44:32Z,recommendationservice,51.0,1150,0.8,0.04434782608695652,0
2026-09-22T23:44:32Z,shippingservice,0.0,770,0.8,0.0,0
2026-09-22T23:44:32Z,currencyservice,13.0,770,0.8,0.016883116883116882,0
2026-09-22T23:44:32Z,emailservice,0.0,155,0.8,0.0,0
2026-09-22T23:44:32Z,adservice,27.0,1150,0.8,0.023478260869565216,0
2026-09-22T23:44:32Z,redis-cart,6.0,540,0.8,0.011111111111111112,0
2026-09-22T23:44:33Z,frontend,0.0,1150,0.8,0.0,0
2026-09-22T23:44:33Z,cartservice,0.0,1920,0.95,0.0,0
2026-09-22T23:44:33Z,checkoutservice,0.0,615,0.8,0.0,0
2026-09-22T23:44:33Z,productcatalogservice,0.0,1535,0.95,0.0,0
2026-09-22T23:44:33Z,paymentservice,0.0,155,0.8,0.0,0
2026-09-22T23:44:33Z,recommendationservice,0.0,1150,0.8,0.0,0
2026-09-22T23:44:33Z,shippingservice,0.0,770,0.8,0.0,0
2026-09-22T23:44:33Z,currencyservice,13.0,770,0.8,0.016883116883116882,0
2026-09-22T23:44:33Z,emailservice,13.0,155,0.8,0.08387096774193549,0
2026-09-22T23:44:33Z,adservice,26.0,1150,0.8,0.022608695652173914,0
2026-09-22T23:44:33Z,redis-cart,6.0,540,0.8,0.011111111111111112,0
2026-09-22T23:44:34Z,frontend,0.0,1150,0.8,0.0,0
2026-09-22T23:44:34Z,cartservice,16.0,1920,0.95,0.008333333333333333,0
2026-09-22T23:44:34Z,checkoutservice,0.0,615,0.8,0.0,0
2026-09-22T23:44:34Z,productcatalogservice,0.0,1535,0.95,0.0,0
2026-09-22T23:44:34Z,paymentservice,0.0,155,0.8,0.0,0
2026-09-22T23:44:34Z,recommendationservice,0.0,1150,0.8,0.0,0
2026-09-22T23:44:34Z,shippingservice,0.0,770,0.8,0.0,0
2026-09-22T23:44:34Z,currencyservice,0.0,770,0.8,0.0,0
2026-09-22T23:44:34Z,emailservice,13.0,155,0.8,0.08387096774193549,0
2026-09-22T23:44:34Z,adservice,26.0,1150,0.8,0.022608695652173914,0
2026-09-22T23:44:34Z,redis-cart,5.0,540,0.8,0.009259259259259259,0
2026-09-22T23:44:35Z,frontend,0.0,1150,0.8,0.0,0
2026-09-22T23:44:35Z,cartservice,0.0,1920,0.95,0.0,0
2026-09-22T23:44:35Z,checkoutservice,0.0,615,0.8,0.0,0
2026-09-22T23:44:35Z,productcatalogservice,14.0,1535,0.95,0.009120521172638436,0
2026-09-22T23:44:35Z,paymentservice,16.0,155,0.8,0.1032258064516129,0
2026-09-22T23:44:35Z,recommendationservice,0.0,1150,0.8,0.0,0
2026-09-22T23:44:35Z,shippingservice,0.0,770,0.8,0.0,0
2026-09-22T23:44:35Z,currencyservice,0.0,770,0.8,0.0,0
2026-09-22T23:44:35Z,emailservice,13.0,155,0.8,0.08387096774193549,0
2026-09-22T23:44:35Z,adservice,26.0,1150,0.8,0.022608695652173914,0
2026-09-22T23:44:35Z,redis-cart,5.0,540,0.8,0.009259259259259259,0
2026-09-22T23:44:36Z,frontend,0.0,1150,0.8,0.0,0
2026-09-22T23:44:36Z,cartservice,0.0,1920,0.95,0.0,0
2026-09-22T23:44:36Z,checkoutservice,15.0,615,0.8,0.024390243902439025,0
2026-09-22T23:44:36Z,productcatalogservice,14.0,1535,0.95,0.009120521172638436,0
2026-09-22T23:44:36Z,paymentservice,0.0,155,0.8,0.0,0
2026-09-22T23:44:36Z,recommendationservice,0.0,1150,0.8,0.0,0
2026-09-22T23:44:36Z,shippingservice,42.0,770,0.8,0.05454545454545454,0
2026-09-22T23:44:36Z,currencyservice,0.0,770,0.8,0.0,0
2026-09-22T23:44:36Z,emailservice,0.0,155,0.8,0.0,0
2026-09-22T23:44:36Z,adservice,26.0,1150,0.8,0.022608695652173914,0
2026-09-22T23:44:36Z,redis-cart,6.0,540,0.8,0.011111111111111112,0
2026-09-22T23:44:37Z,frontend,0.0,1150,0.8,0.0,0
2026-09-22T23:44:37Z,cartservice,17.0,1920,0.95,0.008854166666666666,0
2026-09-22T23:44:37Z,checkoutservice,0.0,615,0.8,0.0,0
2026-09-22T23:44:37Z,productcatalogservice,0.0,1535,0.95,0.0,0
2026-09-22T23:44:37Z,paymentservice,0.0,155,0.8,0.0,0
2026-09-22T23:44:37Z,recommendationservice,0.0,1150,0.8,0.0,0
2026-09-22T23:44:37Z,shippingservice,0.0,770,0.8,0.0,0
2026-09-22T23:44:37Z,currencyservice,0.0,770,0.8,0.0,0
2026-09-22T23:44:37Z,emailservice,0.0,155,0.8,0.0,0
2026-09-22T23:44:37Z,adservice,26.0,1150,0.8,0.022608695652173914,0
2026-09-22T23:44:37Z,redis-cart,6.0,540,0.8,0.011111111111111112,0
2026-09-22T23:44:38Z,frontend,0.0,1150,0.8,0.0,0
2026-09-22T23:44:38Z,cartservice,17.0,1920,0.95,0.008854166666666666,0
2026-09-22T23:44:38Z,checkoutservice,0.0,615,0.8,0.0,0
2026-09-22T23:44:38Z,productcatalogservice,0.0,1535,0.95,0.0,0
2026-09-22T23:44:38Z,paymentservice,0.0,155,0.8,0.0,0
2026-09-22T23:44:38Z,recommendationservice,23.0,1150,0.8,0.02,0
2026-09-22T23:44:38Z,shippingservice,0.0,770,0.8,0.0,0
2026-09-22T23:44:38Z,currencyservice,0.0,770,0.8,0.0,0
2026-09-22T23:44:38Z,emailservice,13.0,155,0.8,0.08387096774193549,0
2026-09-22T23:44:38Z,adservice,26.0,1150,0.8,0.022608695652173914,0
2026-09-22T23:44:38Z,redis-cart,6.0,540,0.8,0.011111111111111112,0
2026-09-22T23:44:39Z,frontend,0.0,1150,0.8,0.0,0
2026-09-22T23:44:39Z,cartservice,0.0,1920,0.95,0.0,0
2026-09-22T23:44:39Z,checkoutservice,0.0,615,0.8,0.0,0
2026-09-22T23:44:39Z,productcatalogservice,20.0,1535,0.95,0.013029315960912053,0
2026-09-22T23:44:39Z,paymentservice,0.0,155,0.8,0.0,0
2026-09-22T23:44:39Z,recommendationservice,23.0,1150,0.8,0.02,0
2026-09-22T23:44:39Z,shippingservice,0.0,770,0.8,0.0,0
2026-09-22T23:44:39Z,currencyservice,0.0,770,0.8,0.0,0
2026-09-22T23:44:39Z,emailservice,13.0,155,0.8,0.08387096774193549,0
2026-09-22T23:44:39Z,adservice,26.0,1150,0.8,0.022608695652173914,0
2026-09-22T23:44:39Z,redis-cart,6.0,540,0.8,0.011111111111111112,0
2026-09-22T23:44:40Z,frontend,0.0,1150,0.8,0.0,0
2026-09-22T23:44:40Z,cartservice,0.0,1920,0.95,0.0,0
2026-09-22T23:44:40Z,checkoutservice,0.0,615,0.8,0.0,0
2026-09-22T23:44:40Z,productcatalogservice,0.0,1535,0.95,0.0,0
2026-09-22T23:44:40Z,paymentservice,0.0,155,0.8,0.0,0
2026-09-22T23:44:40Z,recommendationservice,0.0,1150,0.8,0.0,0
2026-09-22T23:44:40Z,shippingservice,0.0,770,0.8,0.0,0
2026-09-22T23:44:40Z,currencyservice,12.0,770,0.8,0.015584415584415584,0
2026-09-22T23:44:40Z,emailservice,11.0,155,0.8,0.07096774193548387,0
2026-09-22T23:44:40Z,adservice,38.0,1150,0.8,0.03304347826086956,0
2026-09-22T23:44:40Z,redis-cart,6.0,540,0.8,0.011111111111111112,0
2026-09-22T23:44:41Z,frontend,0.0,1150,0.8,0.0,0
2026-09-22T23:44:41Z,cartservice,0.0,1920,0.95,0.0,0
2026-09-22T23:44:41Z,checkoutservice,0.0,615,0.8,0.0,0
2026-09-22T23:44:41Z,productcatalogservice,0.0,1535,0.95,0.0,0
2026-09-22T23:44:41Z,paymentservice,0.0,155,0.8,0.0,0
2026-09-22T23:44:41Z,recommendationservice,0.0,1150,0.8,0.0,0
2026-09-22T23:44:41Z,shippingservice,15.0,770,0.8,0.01948051948051948,0
2026-09-22T23:44:41Z,currencyservice,16.0,770,0.8,0.02077922077922078,0
2026-09-22T23:44:41Z,emailservice,11.0,155,0.8,0.07096774193548387,0
2026-09-22T23:44:41Z,adservice,46.0,1150,0.8,0.04,0
2026-09-22T23:44:41Z,redis-cart,6.0,540,0.8,0.011111111111111112,0
2026-09-22T23:44:42Z,frontend,0.0,1150,0.8,0.0,0
2026-09-22T23:44:42Z,cartservice,0.0,1920,0.95,0.0,0
2026-09-22T23:44:42Z,checkoutservice,0.0,615,0.8,0.0,0
2026-09-22T23:44:42Z,productcatalogservice,0.0,1535,0.95,0.0,0
2026-09-22T23:44:42Z,paymentservice,15.0,155,0.8,0.0967741935483871,0
2026-09-22T23:44:42Z,recommendationservice,0.0,1150,0.8,0.0,0
2026-09-22T23:44:42Z,shippingservice,15.0,770,0.8,0.01948051948051948,0
2026-09-22T23:44:42Z,currencyservice,16.0,770,0.8,0.02077922077922078,0
2026-09-22T23:44:42Z,emailservice,12.0,155,0.8,0.07741935483870968,0
2026-09-22T23:44:42Z,adservice,46.0,1150,0.8,0.04,0
2026-09-22T23:44:42Z,redis-cart,5.0,540,0.8,0.009259259259259259,0
2026-09-22T23:44:43Z,frontend,0.0,1150,0.8,0.0,0
2026-09-22T23:44:43Z,cartservice,0.0,1920,0.95,0.0,0
2026-09-22T23:44:43Z,checkoutservice,12.0,615,0.8,0.01951219512195122,0
2026-09-22T23:44:43Z,productcatalogservice,0.0,1535,0.95,0.0,0
2026-09-22T23:44:43Z,paymentservice,15.0,155,0.8,0.0967741935483871,0
2026-09-22T23:44:43Z,recommendationservice,33.0,1150,0.8,0.028695652173913042,0
2026-09-22T23:44:43Z,shippingservice,0.0,770,0.8,0.0,0
2026-09-22T23:44:43Z,currencyservice,0.0,770,0.8,0.0,0
2026-09-22T23:44:43Z,emailservice,8.0,155,0.8,0.05161290322580645,0
2026-09-22T23:44:43Z,adservice,25.0,1150,0.8,0.021739130434782608,0
2026-09-22T23:44:43Z,redis-cart,5.0,540,0.8,0.009259259259259259,0
2026-09-22T23:44:44Z,frontend,0.0,1150,0.8,0.0,0
2026-09-22T23:44:44Z,cartservice,15.0,1920,0.95,0.0078125,0
2026-09-22T23:44:44Z,checkoutservice,0.0,615,0.8,0.0,0
2026-09-22T23:44:44Z,productcatalogservice,0.0,1535,0.95,0.0,0
2026-09-22T23:44:44Z,paymentservice,12.0,155,0.8,0.07741935483870968,0
2026-09-22T23:44:44Z,recommendationservice,0.0,1150,0.8,0.0,0
2026-09-22T23:44:44Z,shippingservice,0.0,770,0.8,0.0,0
2026-09-22T23:44:44Z,currencyservice,0.0,770,0.8,0.0,0
2026-09-22T23:44:44Z,emailservice,8.0,155,0.8,0.05161290322580645,0
2026-09-22T23:44:44Z,adservice,25.0,1150,0.8,0.021739130434782608,0
2026-09-22T23:44:44Z,redis-cart,5.0,540,0.8,0.009259259259259259,0
2026-09-22T23:44:45Z,frontend,0.0,1150,0.8,0.0,0
2026-09-22T23:44:45Z,cartservice,15.0,1920,0.95,0.0078125,0
2026-09-22T23:44:45Z,checkoutservice,13.0,615,0.8,0.02113821138211382,0
2026-09-22T23:44:45Z,productcatalogservice,12.0,1535,0.95,0.007817589576547232,0
2026-09-22T23:44:45Z,paymentservice,0.0,155,0.8,0.0,0
2026-09-22T23:44:45Z,recommendationservice,0.0,1150,0.8,0.0,0
2026-09-22T23:44:45Z,shippingservice,0.0,770,0.8,0.0,0
2026-09-22T23:44:45Z,currencyservice,0.0,770,0.8,0.0,0
2026-09-22T23:44:45Z,emailservice,12.0,155,0.8,0.07741935483870968,0
2026-09-22T23:44:45Z,adservice,25.0,1150,0.8,0.021739130434782608,0
2026-09-22T23:44:45Z,redis-cart,6.0,540,0.8,0.011111111111111112,0
2026-09-22T23:44:46Z,frontend,0.0,1150,0.8,0.0,0
2026-09-22T23:44:46Z,cartservice,16.0,1920,0.95,0.008333333333333333,0
2026-09-22T23:44:46Z,checkoutservice,13.0,615,0.8,0.02113821138211382,0
2026-09-22T23:44:46Z,productcatalogservice,12.0,1535,0.95,0.007817589576547232,0
2026-09-22T23:44:46Z,paymentservice,0.0,155,0.8,0.0,0
2026-09-22T23:44:46Z,recommendationservice,0.0,1150,0.8,0.0,0
2026-09-22T23:44:46Z,shippingservice,26.0,770,0.8,0.033766233766233764,0
2026-09-22T23:44:46Z,currencyservice,0.0,770,0.8,0.0,0
2026-09-22T23:44:46Z,emailservice,0.0,155,0.8,0.0,0
2026-09-22T23:44:46Z,adservice,25.0,1150,0.8,0.021739130434782608,0
2026-09-22T23:44:46Z,redis-cart,6.0,540,0.8,0.011111111111111112,0
2026-09-22T23:44:47Z,frontend,0.0,1150,0.8,0.0,0
2026-09-22T23:44:47Z,cartservice,0.0,1920,0.95,0.0,0
2026-09-22T23:44:47Z,checkoutservice,0.0,615,0.8,0.0,0
2026-09-22T23:44:47Z,productcatalogservice,0.0,1535,0.95,0.0,0
2026-09-22T23:44:47Z,paymentservice,0.0,155,0.8,0.0,0
2026-09-22T23:44:47Z,recommendationservice,30.0,1150,0.8,0.02608695652173913,0
2026-09-22T23:44:47Z,shippingservice,0.0,770,0.8,0.0,0
2026-09-22T23:44:47Z,currencyservice,0.0,770,0.8,0.0,0
2026-09-22T23:44:47Z,emailservice,0.0,155,0.8,0.0,0
2026-09-22T23:44:47Z,adservice,25.0,1150,0.8,0.021739130434782608,0
2026-09-22T23:44:47Z,redis-cart,5.0,540,0.8,0.009259259259259259,0
2026-09-22T23:44:48Z,frontend,0.0,1150,0.8,0.0,0
2026-09-22T23:44:48Z,cartservice,0.0,1920,0.95,0.0,0
2026-09-22T23:44:48Z,checkoutservice,0.0,615,0.8,0.0,0
2026-09-22T23:44:48Z,productcatalogservice,0.0,1535,0.95,0.0,0
2026-09-22T23:44:48Z,paymentservice,0.0,155,0.8,0.0,0
2026-09-22T23:44:48Z,recommendationservice,30.0,1150,0.8,0.02608695652173913,0
2026-09-22T23:44:48Z,shippingservice,0.0,770,0.8,0.0,0
2026-09-22T23:44:48Z,currencyservice,0.0,770,0.8,0.0,0
2026-09-22T23:44:48Z,emailservice,11.0,155,0.8,0.07096774193548387,0
2026-09-22T23:44:48Z,adservice,25.0,1150,0.8,0.021739130434782608,0
2026-09-22T23:44:48Z,redis-cart,6.0,540,0.8,0.011111111111111112,0
2026-09-22T23:44:49Z,frontend,0.0,1150,0.8,0.0,0
2026-09-22T23:44:49Z,cartservice,0.0,1920,0.95,0.0,0
2026-09-22T23:44:49Z,checkoutservice,0.0,615,0.8,0.0,0
2026-09-22T23:44:49Z,productcatalogservice,10.0,1535,0.95,0.006514657980456026,0
2026-09-22T23:44:49Z,paymentservice,0.0,155,0.8,0.0,0
2026-09-22T23:44:49Z,recommendationservice,0.0,1150,0.8,0.0,0
2026-09-22T23:44:49Z,shippingservice,0.0,770,0.8,0.0,0
2026-09-22T23:44:49Z,currencyservice,11.0,770,0.8,0.014285714285714285,0
2026-09-22T23:44:49Z,emailservice,0.0,155,0.8,0.0,0
2026-09-22T23:44:49Z,adservice,24.0,1150,0.8,0.020869565217391306,0
2026-09-22T23:44:49Z,redis-cart,6.0,540,0.8,0.011111111111111112,0
2026-09-22T23:44:50Z,frontend,0.0,1150,0.8,0.0,0
2026-09-22T23:44:50Z,cartservice,0.0,1920,0.95,0.0,0
2026-09-22T23:44:50Z,checkoutservice,0.0,615,0.8,0.0,0
2026-09-22T23:44:50Z,productcatalogservice,10.0,1535,0.95,0.006514657980456026,0
2026-09-22T23:44:50Z,paymentservice,0.0,155,0.8,0.0,0
2026-09-22T23:44:50Z,recommendationservice,0.0,1150,0.8,0.0,0
2026-09-22T23:44:50Z,shippingservice,0.0,770,0.8,0.0,0
2026-09-22T23:44:50Z,currencyservice,11.0,770,0.8,0.014285714285714285,0
2026-09-22T23:44:50Z,emailservice,21.0,155,0.8,0.13548387096774195,0
2026-09-22T23:44:50Z,adservice,24.0,1150,0.8,0.020869565217391306,0
2026-09-22T23:44:50Z,redis-cart,5.0,540,0.8,0.009259259259259259,0
2026-09-22T23:44:51Z,frontend,0.0,1150,0.8,0.0,0
2026-09-22T23:44:51Z,cartservice,0.0,1920,0.95,0.0,0
2026-09-22T23:44:51Z,checkoutservice,0.0,615,0.8,0.0,0
2026-09-22T23:44:51Z,productcatalogservice,0.0,1535,0.95,0.0,0
2026-09-22T23:44:51Z,paymentservice,0.0,155,0.8,0.0,0
2026-09-22T23:44:51Z,recommendationservice,0.0,1150,0.8,0.0,0
2026-09-22T23:44:51Z,shippingservice,14.0,770,0.8,0.01818181818181818,0
2026-09-22T23:44:51Z,currencyservice,0.0,770,0.8,0.0,0
2026-09-22T23:44:51Z,emailservice,0.0,155,0.8,0.0,0
2026-09-22T23:44:51Z,adservice,25.0,1150,0.8,0.021739130434782608,0
2026-09-22T23:44:51Z,redis-cart,5.0,540,0.8,0.009259259259259259,0
2026-09-22T23:44:52Z,frontend,0.0,1150,0.8,0.0,0
2026-09-22T23:44:52Z,cartservice,0.0,1920,0.95,0.0,0
2026-09-22T23:44:52Z,checkoutservice,0.0,615,0.8,0.0,0
2026-09-22T23:44:52Z,productcatalogservice,0.0,1535,0.95,0.0,0
2026-09-22T23:44:52Z,paymentservice,24.0,155,0.8,0.15483870967741936,0
2026-09-22T23:44:52Z,recommendationservice,37.0,1150,0.8,0.03217391304347826,0
2026-09-22T23:44:52Z,shippingservice,14.0,770,0.8,0.01818181818181818,0
2026-09-22T23:44:52Z,currencyservice,13.0,770,0.8,0.016883116883116882,0
2026-09-22T23:44:52Z,emailservice,23.0,155,0.8,0.14838709677419354,0
2026-09-22T23:44:52Z,adservice,25.0,1150,0.8,0.021739130434782608,0
2026-09-22T23:44:52Z,redis-cart,5.0,540,0.8,0.009259259259259259,0
2026-09-22T23:44:53Z,frontend,0.0,1150,0.8,0.0,0
2026-09-22T23:44:53Z,cartservice,0.0,1920,0.95,0.0,0
2026-09-22T23:44:53Z,checkoutservice,11.0,615,0.8,0.01788617886178862,0
2026-09-22T23:44:53Z,productcatalogservice,0.0,1535,0.95,0.0,0
2026-09-22T23:44:53Z,paymentservice,24.0,155,0.8,0.15483870967741936,0
2026-09-22T23:44:53Z,recommendationservice,37.0,1150,0.8,0.03217391304347826,0
2026-09-22T23:44:53Z,shippingservice,0.0,770,0.8,0.0,0
2026-09-22T23:44:53Z,currencyservice,13.0,770,0.8,0.016883116883116882,0
2026-09-22T23:44:53Z,emailservice,23.0,155,0.8,0.14838709677419354,0
2026-09-22T23:44:53Z,adservice,25.0,1150,0.8,0.021739130434782608,0
2026-09-22T23:44:53Z,redis-cart,5.0,540,0.8,0.009259259259259259,0
2026-09-22T23:44:54Z,frontend,0.0,1150,0.8,0.0,0
2026-09-22T23:44:54Z,cartservice,0.0,1920,0.95,0.0,0
2026-09-22T23:44:54Z,checkoutservice,0.0,615,0.8,0.0,0
2026-09-22T23:44:54Z,productcatalogservice,12.0,1535,0.95,0.007817589576547232,0
2026-09-22T23:44:54Z,paymentservice,14.0,155,0.8,0.09032258064516129,0
2026-09-22T23:44:54Z,recommendationservice,0.0,1150,0.8,0.0,0
2026-09-22T23:44:54Z,shippingservice,0.0,770,0.8,0.0,0
2026-09-22T23:44:54Z,currencyservice,0.0,770,0.8,0.0,0
2026-09-22T23:44:54Z,emailservice,0.0,155,0.8,0.0,0
2026-09-22T23:44:54Z,adservice,48.0,1150,0.8,0.04173913043478261,0
2026-09-22T23:44:54Z,redis-cart,5.0,540,0.8,0.009259259259259259,0
2026-09-22T23:44:55Z,frontend,0.0,1150,0.8,0.0,0
2026-09-22T23:44:55Z,cartservice,15.0,1920,0.95,0.0078125,0
2026-09-22T23:44:55Z,checkoutservice,0.0,615,0.8,0.0,0
2026-09-22T23:44:55Z,productcatalogservice,12.0,1535,0.95,0.007817589576547232,0
2026-09-22T23:44:55Z,paymentservice,0.0,155,0.8,0.0,0
2026-09-22T23:44:55Z,recommendationservice,0.0,1150,0.8,0.0,0
2026-09-22T23:44:55Z,shippingservice,0.0,770,0.8,0.0,0
2026-09-22T23:44:55Z,currencyservice,0.0,770,0.8,0.0,0
2026-09-22T23:44:55Z,emailservice,20.0,155,0.8,0.12903225806451613,0
2026-09-22T23:44:55Z,adservice,48.0,1150,0.8,0.04173913043478261,0
2026-09-22T23:44:55Z,redis-cart,5.0,540,0.8,0.009259259259259259,0
2026-09-22T23:44:56Z,frontend,0.0,1150,0.8,0.0,0
2026-09-22T23:44:56Z,cartservice,17.0,1920,0.95,0.008854166666666666,0
2026-09-22T23:44:56Z,checkoutservice,14.0,615,0.8,0.022764227642276424,0
2026-09-22T23:44:56Z,productcatalogservice,0.0,1535,0.95,0.0,0
2026-09-22T23:44:56Z,paymentservice,0.0,155,0.8,0.0,0
2026-09-22T23:44:56Z,recommendationservice,0.0,1150,0.8,0.0,0
2026-09-22T23:44:56Z,shippingservice,0.0,770,0.8,0.0,0
2026-09-22T23:44:56Z,currencyservice,0.0,770,0.8,0.0,0
2026-09-22T23:44:56Z,emailservice,20.0,155,0.8,0.12903225806451613,0
2026-09-22T23:44:56Z,adservice,39.0,1150,0.8,0.03391304347826087,0
2026-09-22T23:44:56Z,redis-cart,6.0,540,0.8,0.011111111111111112,0
2026-09-22T23:44:57Z,frontend,0.0,1150,0.8,0.0,0
2026-09-22T23:44:57Z,cartservice,17.0,1920,0.95,0.008854166666666666,0
2026-09-22T23:44:57Z,checkoutservice,0.0,615,0.8,0.0,0
2026-09-22T23:44:57Z,productcatalogservice,0.0,1535,0.95,0.0,0
2026-09-22T23:44:57Z,paymentservice,0.0,155,0.8,0.0,0
2026-09-22T23:44:57Z,recommendationservice,28.0,1150,0.8,0.02434782608695652,0
2026-09-22T23:44:57Z,shippingservice,25.0,770,0.8,0.032467532467532464,0
2026-09-22T23:44:57Z,currencyservice,0.0,770,0.8,0.0,0
2026-09-22T23:44:57Z,emailservice,0.0,155,0.8,0.0,0
2026-09-22T23:44:57Z,adservice,39.0,1150,0.8,0.03391304347826087,0
2026-09-22T23:44:57Z,redis-cart,6.0,540,0.8,0.011111111111111112,0
2026-09-22T23:44:58Z,frontend,0.0,1150,0.8,0.0,0
2026-09-22T23:44:58Z,cartservice,0.0,1920,0.95,0.0,0
2026-09-22T23:44:58Z,checkoutservice,0.0,615,0.8,0.0,0
2026-09-22T23:44:58Z,productcatalogservice,0.0,1535,0.95,0.0,0
2026-09-22T23:44:58Z,paymentservice,0.0,155,0.8,0.0,0
2026-09-22T23:44:58Z,recommendationservice,28.0,1150,0.8,0.02434782608695652,0
2026-09-22T23:44:58Z,shippingservice,0.0,770,0.8,0.0,0
2026-09-22T23:44:58Z,currencyservice,0.0,770,0.8,0.0,0
2026-09-22T23:44:58Z,emailservice,13.0,155,0.8,0.08387096774193549,0
2026-09-22T23:44:58Z,adservice,29.0,1150,0.8,0.025217391304347827,0
2026-09-22T23:44:58Z,redis-cart,6.0,540,0.8,0.011111111111111112,0
2026-09-22T23:44:59Z,frontend,0.0,1150,0.8,0.0,0
2026-09-22T23:44:59Z,cartservice,0.0,1920,0.95,0.0,0
2026-09-22T23:44:59Z,checkoutservice,0.0,615,0.8,0.0,0
2026-09-22T23:44:59Z,productcatalogservice,15.0,1535,0.95,0.009771986970684038,0
2026-09-22T23:44:59Z,paymentservice,0.0,155,0.8,0.0,0
2026-09-22T23:44:59Z,recommendationservice,0.0,1150,0.8,0.0,0
2026-09-22T23:44:59Z,shippingservice,0.0,770,0.8,0.0,0
2026-09-22T23:44:59Z,currencyservice,0.0,770,0.8,0.0,0
2026-09-22T23:44:59Z,emailservice,13.0,155,0.8,0.08387096774193549,0
2026-09-22T23:44:59Z,adservice,28.0,1150,0.8,0.02434782608695652,0
2026-09-22T23:44:59Z,redis-cart,5.0,540,0.8,0.009259259259259259,0
2026-09-22T23:45:00Z,frontend,0.0,1150,0.8,0.0,0
2026-09-22T23:45:00Z,cartservice,0.0,1920,0.95,0.0,0
2026-09-22T23:45:00Z,checkoutservice,0.0,615,0.8,0.0,0
2026-09-22T23:45:00Z,productcatalogservice,0.0,1535,0.95,0.0,0
2026-09-22T23:45:00Z,paymentservice,0.0,155,0.8,0.0,0
2026-09-22T23:45:00Z,recommendationservice,0.0,1150,0.8,0.0,0
2026-09-22T23:45:00Z,shippingservice,0.0,770,0.8,0.0,0
2026-09-22T23:45:00Z,currencyservice,15.0,770,0.8,0.01948051948051948,0
2026-09-22T23:45:00Z,emailservice,13.0,155,0.8,0.08387096774193549,0
2026-09-22T23:45:00Z,adservice,27.0,1150,0.8,0.023478260869565216,0
2026-09-22T23:45:00Z,redis-cart,5.0,540,0.8,0.009259259259259259,0
2026-09-22T23:45:01Z,frontend,0.0,1150,0.8,0.0,0
2026-09-22T23:45:01Z,cartservice,0.0,1920,0.95,0.0,0
2026-09-22T23:45:01Z,checkoutservice,0.0,615,0.8,0.0,0
2026-09-22T23:45:01Z,productcatalogservice,0.0,1535,0.95,0.0,0
2026-09-22T23:45:01Z,paymentservice,0.0,155,0.8,0.0,0
2026-09-22T23:45:01Z,recommendationservice,0.0,1150,0.8,0.0,0
2026-09-22T23:45:01Z,shippingservice,18.0,770,0.8,0.023376623376623377,0
2026-09-22T23:45:01Z,currencyservice,15.0,770,0.8,0.01948051948051948,0
2026-09-22T23:45:01Z,emailservice,0.0,155,0.8,0.0,0
2026-09-22T23:45:01Z,adservice,26.0,1150,0.8,0.022608695652173914,0
2026-09-22T23:45:01Z,redis-cart,6.0,540,0.8,0.011111111111111112,0
2026-09-22T23:45:02Z,frontend,0.0,1150,0.8,0.0,0
2026-09-22T23:45:02Z,cartservice,0.0,1920,0.95,0.0,0
2026-09-22T23:45:02Z,checkoutservice,12.0,615,0.8,0.01951219512195122,0
2026-09-22T23:45:02Z,productcatalogservice,0.0,1535,0.95,0.0,0
2026-09-22T23:45:02Z,paymentservice,22.0,155,0.8,0.14193548387096774,0
2026-09-22T23:45:02Z,recommendationservice,0.0,1150,0.8,0.0,0
2026-09-22T23:45:02Z,shippingservice,0.0,770,0.8,0.0,0
2026-09-22T23:45:02Z,currencyservice,14.0,770,0.8,0.01818181818181818,0
2026-09-22T23:45:02Z,emailservice,24.0,155,0.8,0.15483870967741936,0
2026-09-22T23:45:02Z,adservice,26.0,1150,0.8,0.022608695652173914,0
2026-09-22T23:45:02Z,redis-cart,5.0,540,0.8,0.009259259259259259,0
2026-09-22T23:45:03Z,frontend,0.0,1150,0.8,0.0,0
2026-09-22T23:45:03Z,cartservice,0.0,1920,0.95,0.0,0
2026-09-22T23:45:03Z,checkoutservice,0.0,615,0.8,0.0,0
2026-09-22T23:45:03Z,productcatalogservice,0.0,1535,0.95,0.0,0
2026-09-22T23:45:03Z,paymentservice,22.0,155,0.8,0.14193548387096774,0
2026-09-22T23:45:03Z,recommendationservice,37.0,1150,0.8,0.03217391304347826,0
2026-09-22T23:45:03Z,shippingservice,0.0,770,0.8,0.0,0
2026-09-22T23:45:03Z,currencyservice,14.0,770,0.8,0.01818181818181818,0
2026-09-22T23:45:03Z,emailservice,0.0,155,0.8,0.0,0
2026-09-22T23:45:03Z,adservice,26.0,1150,0.8,0.022608695652173914,0
2026-09-22T23:45:03Z,redis-cart,5.0,540,0.8,0.009259259259259259,0
2026-09-22T23:45:04Z,frontend,0.0,1150,0.8,0.0,0
2026-09-22T23:45:04Z,cartservice,14.0,1920,0.95,0.007291666666666667,0
2026-09-22T23:45:04Z,checkoutservice,0.0,615,0.8,0.0,0
2026-09-22T23:45:04Z,productcatalogservice,0.0,1535,0.95,0.0,0
2026-09-22T23:45:04Z,paymentservice,15.0,155,0.8,0.0967741935483871,0
2026-09-22T23:45:04Z,recommendationservice,0.0,1150,0.8,0.0,0
2026-09-22T23:45:04Z,shippingservice,0.0,770,0.8,0.0,0
2026-09-22T23:45:04Z,currencyservice,0.0,770,0.8,0.0,0
2026-09-22T23:45:04Z,emailservice,0.0,155,0.8,0.0,0
2026-09-22T23:45:04Z,adservice,26.0,1150,0.8,0.022608695652173914,0
2026-09-22T23:45:04Z,redis-cart,5.0,540,0.8,0.009259259259259259,0
2026-09-22T23:45:05Z,frontend,0.0,1150,0.8,0.0,0
2026-09-22T23:45:05Z,cartservice,14.0,1920,0.95,0.007291666666666667,0
2026-09-22T23:45:05Z,checkoutservice,0.0,615,0.8,0.0,0
2026-09-22T23:45:05Z,productcatalogservice,14.0,1535,0.95,0.009120521172638436,0
2026-09-22T23:45:05Z,paymentservice,0.0,155,0.8,0.0,0
2026-09-22T23:45:05Z,recommendationservice,0.0,1150,0.8,0.0,0
2026-09-22T23:45:05Z,shippingservice,0.0,770,0.8,0.0,0
2026-09-22T23:45:05Z,currencyservice,0.0,770,0.8,0.0,0
2026-09-22T23:45:05Z,emailservice,14.0,155,0.8,0.09032258064516129,0
2026-09-22T23:45:05Z,adservice,25.0,1150,0.8,0.021739130434782608,0
2026-09-22T23:45:05Z,redis-cart,6.0,540,0.8,0.011111111111111112,0
2026-09-22T23:45:06Z,frontend,0.0,1150,0.8,0.0,0
2026-09-22T23:45:06Z,cartservice,0.0,1920,0.95,0.0,0
2026-09-22T23:45:06Z,checkoutservice,16.0,615,0.8,0.026016260162601626,0
2026-09-22T23:45:06Z,productcatalogservice,14.0,1535,0.95,0.009120521172638436,0
2026-09-22T23:45:06Z,paymentservice,0.0,155,0.8,0.0,0
2026-09-22T23:45:06Z,recommendationservice,0.0,1150,0.8,0.0,0
2026-09-22T23:45:06Z,shippingservice,0.0,770,0.8,0.0,0
2026-09-22T23:45:06Z,currencyservice,0.0,770,0.8,0.0,0
2026-09-22T23:45:06Z,emailservice,0.0,155,0.8,0.0,0
2026-09-22T23:45:06Z,adservice,27.0,1150,0.8,0.023478260869565216,0
2026-09-22T23:45:06Z,redis-cart,6.0,540,0.8,0.011111111111111112,0
2026-09-22T23:45:07Z,frontend,0.0,1150,0.8,0.0,0
2026-09-22T23:45:07Z,cartservice,20.0,1920,0.95,0.010416666666666666,0
2026-09-22T23:45:07Z,checkoutservice,16.0,615,0.8,0.026016260162601626,0
2026-09-22T23:45:07Z,productcatalogservice,0.0,1535,0.95,0.0,0
2026-09-22T23:45:07Z,paymentservice,0.0,155,0.8,0.0,0
2026-09-22T23:45:07Z,recommendationservice,35.0,1150,0.8,0.030434782608695653,0
2026-09-22T23:45:07Z,shippingservice,39.0,770,0.8,0.05064935064935065,0
2026-09-22T23:45:07Z,currencyservice,0.0,770,0.8,0.0,0
2026-09-22T23:45:07Z,emailservice,22.0,155,0.8,0.14193548387096774,0
2026-09-22T23:45:07Z,adservice,25.0,1150,0.8,0.021739130434782608,0
2026-09-22T23:45:07Z,redis-cart,6.0,540,0.8,0.011111111111111112,0
2026-09-22T23:45:08Z,frontend,0.0,1150,0.8,0.0,0
2026-09-22T23:45:08Z,cartservice,20.0,1920,0.95,0.010416666666666666,0
2026-09-22T23:45:08Z,checkoutservice,0.0,615,0.8,0.0,0
2026-09-22T23:45:08Z,productcatalogservice,0.0,1535,0.95,0.0,0
2026-09-22T23:45:08Z,paymentservice,0.0,155,0.8,0.0,0
2026-09-22T23:45:08Z,recommendationservice,35.0,1150,0.8,0.030434782608695653,0
2026-09-22T23:45:08Z,shippingservice,0.0,770,0.8,0.0,0
2026-09-22T23:45:08Z,currencyservice,0.0,770,0.8,0.0,0
2026-09-22T23:45:08Z,emailservice,22.0,155,0.8,0.14193548387096774,0
2026-09-22T23:45:08Z,adservice,25.0,1150,0.8,0.021739130434782608,0
2026-09-22T23:45:08Z,redis-cart,6.0,540,0.8,0.011111111111111112,0
2026-09-22T23:45:09Z,frontend,0.0,1150,0.8,0.0,0
2026-09-22T23:45:09Z,cartservice,0.0,1920,0.95,0.0,0
2026-09-22T23:45:09Z,checkoutservice,0.0,615,0.8,0.0,0
2026-09-22T23:45:09Z,productcatalogservice,20.0,1535,0.95,0.013029315960912053,0
2026-09-22T23:45:09Z,paymentservice,0.0,155,0.8,0.0,0
2026-09-22T23:45:09Z,recommendationservice,0.0,1150,0.8,0.0,0
2026-09-22T23:45:09Z,shippingservice,0.0,770,0.8,0.0,0
2026-09-22T23:45:09Z,currencyservice,0.0,770,0.8,0.0,0
2026-09-22T23:45:09Z,emailservice,0.0,155,0.8,0.0,0
2026-09-22T23:45:09Z,adservice,37.0,1150,0.8,0.03217391304347826,0
2026-09-22T23:45:09Z,redis-cart,5.0,540,0.8,0.009259259259259259,0
2026-09-22T23:45:10Z,frontend,0.0,1150,0.8,0.0,0
2026-09-22T23:45:10Z,cartservice,0.0,1920,0.95,0.0,0
2026-09-22T23:45:10Z,checkoutservice,0.0,615,0.8,0.0,0
2026-09-22T23:45:10Z,productcatalogservice,20.0,1535,0.95,0.013029315960912053,0
2026-09-22T23:45:10Z,paymentservice,0.0,155,0.8,0.0,0
2026-09-22T23:45:10Z,recommendationservice,0.0,1150,0.8,0.0,0
2026-09-22T23:45:10Z,shippingservice,0.0,770,0.8,0.0,0
2026-09-22T23:45:10Z,currencyservice,13.0,770,0.8,0.016883116883116882,0
2026-09-22T23:45:10Z,emailservice,0.0,155,0.8,0.0,0
2026-09-22T23:45:10Z,adservice,37.0,1150,0.8,0.03217391304347826,0
2026-09-22T23:45:10Z,redis-cart,5.0,540,0.8,0.009259259259259259,0
2026-09-22T23:45:11Z,frontend,0.0,1150,0.8,0.0,0
2026-09-22T23:45:11Z,cartservice,0.0,1920,0.95,0.0,0
2026-09-22T23:45:11Z,checkoutservice,0.0,615,0.8,0.0,0
2026-09-22T23:45:11Z,productcatalogservice,0.0,1535,0.95,0.0,0
2026-09-22T23:45:11Z,paymentservice,0.0,155,0.8,0.0,0
2026-09-22T23:45:11Z,recommendationservice,0.0,1150,0.8,0.0,0
2026-09-22T23:45:11Z,shippingservice,15.0,770,0.8,0.01948051948051948,0
2026-09-22T23:45:11Z,currencyservice,13.0,770,0.8,0.016883116883116882,0
2026-09-22T23:45:11Z,emailservice,13.0,155,0.8,0.08387096774193549,0
2026-09-22T23:45:11Z,adservice,26.0,1150,0.8,0.022608695652173914,0
2026-09-22T23:45:11Z,redis-cart,6.0,540,0.8,0.011111111111111112,0
2026-09-22T23:45:12Z,frontend,0.0,1150,0.8,0.0,0
2026-09-22T23:45:12Z,cartservice,0.0,1920,0.95,0.0,0
2026-09-22T23:45:12Z,checkoutservice,11.0,615,0.8,0.01788617886178862,0
2026-09-22T23:45:12Z,productcatalogservice,0.0,1535,0.95,0.0,0
2026-09-22T23:45:12Z,paymentservice,0.0,155,0.8,0.0,0
2026-09-22T23:45:12Z,recommendationservice,0.0,1150,0.8,0.0,0
2026-09-22T23:45:12Z,shippingservice,0.0,770,0.8,0.0,0
2026-09-22T23:45:12Z,currencyservice,11.0,770,0.8,0.014285714285714285,0
2026-09-22T23:45:12Z,emailservice,18.0,155,0.8,0.11612903225806452,0
2026-09-22T23:45:12Z,adservice,26.0,1150,0.8,0.022608695652173914,0
2026-09-22T23:45:12Z,redis-cart,5.0,540,0.8,0.009259259259259259,0
2026-09-22T23:45:13Z,frontend,0.0,1150,0.8,0.0,0
2026-09-22T23:45:13Z,cartservice,0.0,1920,0.95,0.0,0
2026-09-22T23:45:13Z,checkoutservice,11.0,615,0.8,0.01788617886178862,0
2026-09-22T23:45:13Z,productcatalogservice,0.0,1535,0.95,0.0,0
2026-09-22T23:45:13Z,paymentservice,16.0,155,0.8,0.1032258064516129,0
2026-09-22T23:45:13Z,recommendationservice,29.0,1150,0.8,0.025217391304347827,0
2026-09-22T23:45:13Z,shippingservice,0.0,770,0.8,0.0,0
2026-09-22T23:45:13Z,currencyservice,11.0,770,0.8,0.014285714285714285,0
2026-09-22T23:45:13Z,emailservice,0.0,155,0.8,0.0,0
2026-09-22T23:45:13Z,adservice,36.0,1150,0.8,0.03130434782608696,0
2026-09-22T23:45:13Z,redis-cart,5.0,540,0.8,0.009259259259259259,0
2026-09-22T23:45:14Z,frontend,0.0,1150,0.8,0.0,0
2026-09-22T23:45:14Z,cartservice,14.0,1920,0.95,0.007291666666666667,0
2026-09-22T23:45:14Z,checkoutservice,0.0,615,0.8,0.0,0
2026-09-22T23:45:14Z,productcatalogservice,0.0,1535,0.95,0.0,0
2026-09-22T23:45:14Z,paymentservice,16.0,155,0.8,0.1032258064516129,0
2026-09-22T23:45:14Z,recommendationservice,0.0,1150,0.8,0.0,0
2026-09-22T23:45:14Z,shippingservice,0.0,770,0.8,0.0,0
2026-09-22T23:45:14Z,currencyservice,0.0,770,0.8,0.0,0
2026-09-22T23:45:14Z,emailservice,19.0,155,0.8,0.12258064516129032,0
2026-09-22T23:45:14Z,adservice,25.0,1150,0.8,0.021739130434782608,0
2026-09-22T23:45:14Z,redis-cart,5.0,540,0.8,0.009259259259259259,0
2026-09-22T23:45:15Z,frontend,0.0,1150,0.8,0.0,0
2026-09-22T23:45:15Z,cartservice,0.0,1920,0.95,0.0,0
2026-09-22T23:45:15Z,checkoutservice,26.0,615,0.8,0.04227642276422764,0
2026-09-22T23:45:15Z,productcatalogservice,18.0,1535,0.95,0.011726384364820847,0
2026-09-22T23:45:15Z,paymentservice,12.0,155,0.8,0.07741935483870968,0
2026-09-22T23:45:15Z,recommendationservice,0.0,1150,0.8,0.0,0
2026-09-22T23:45:15Z,shippingservice,0.0,770,0.8,0.0,0
2026-09-22T23:45:15Z,currencyservice,0.0,770,0.8,0.0,0
2026-09-22T23:45:15Z,emailservice,19.0,155,0.8,0.12258064516129032,0
2026-09-22T23:45:15Z,adservice,25.0,1150,0.8,0.021739130434782608,0
2026-09-22T23:45:15Z,redis-cart,5.0,540,0.8,0.009259259259259259,0
2026-09-22T23:45:16Z,frontend,0.0,1150,0.8,0.0,0
2026-09-22T23:45:16Z,cartservice,0.0,1920,0.95,0.0,0
2026-09-22T23:45:16Z,checkoutservice,26.0,615,0.8,0.04227642276422764,0
2026-09-22T23:45:16Z,productcatalogservice,0.0,1535,0.95,0.0,0
2026-09-22T23:45:16Z,paymentservice,0.0,155,0.8,0.0,0
2026-09-22T23:45:16Z,recommendationservice,0.0,1150,0.8,0.0,0
2026-09-22T23:45:16Z,shippingservice,14.0,770,0.8,0.01818181818181818,0
2026-09-22T23:45:16Z,currencyservice,0.0,770,0.8,0.0,0
2026-09-22T23:45:16Z,emailservice,0.0,155,0.8,0.0,0
2026-09-22T23:45:16Z,adservice,27.0,1150,0.8,0.023478260869565216,0
2026-09-22T23:45:16Z,redis-cart,5.0,540,0.8,0.009259259259259259,0
2026-09-22T23:45:17Z,frontend,0.0,1150,0.8,0.0,0
2026-09-22T23:45:17Z,cartservice,24.0,1920,0.95,0.0125,0
2026-09-22T23:45:17Z,checkoutservice,0.0,615,0.8,0.0,0
2026-09-22T23:45:17Z,productcatalogservice,0.0,1535,0.95,0.0,0
2026-09-22T23:45:17Z,paymentservice,0.0,155,0.8,0.0,0
2026-09-22T23:45:17Z,recommendationservice,38.0,1150,0.8,0.03304347826086956,0
2026-09-22T23:45:17Z,shippingservice,17.0,770,0.8,0.02207792207792208,0
2026-09-22T23:45:17Z,currencyservice,0.0,770,0.8,0.0,0
2026-09-22T23:45:17Z,emailservice,0.0,155,0.8,0.0,0
2026-09-22T23:45:17Z,adservice,27.0,1150,0.8,0.023478260869565216,0
2026-09-22T23:45:17Z,redis-cart,5.0,540,0.8,0.009259259259259259,0
2026-09-22T23:45:18Z,frontend,0.0,1150,0.8,0.0,0
2026-09-22T23:45:18Z,cartservice,0.0,1920,0.95,0.0,0
2026-09-22T23:45:18Z,checkoutservice,0.0,615,0.8,0.0,0
2026-09-22T23:45:18Z,productcatalogservice,0.0,1535,0.95,0.0,0
2026-09-22T23:45:18Z,paymentservice,0.0,155,0.8,0.0,0
2026-09-22T23:45:18Z,recommendationservice,0.0,1150,0.8,0.0,0
2026-09-22T23:45:18Z,shippingservice,17.0,770,0.8,0.02207792207792208,0
2026-09-22T23:45:18Z,currencyservice,0.0,770,0.8,0.0,0
2026-09-22T23:45:18Z,emailservice,14.0,155,0.8,0.09032258064516129,0
2026-09-22T23:45:18Z,adservice,26.0,1150,0.8,0.022608695652173914,0
2026-09-22T23:45:18Z,redis-cart,5.0,540,0.8,0.009259259259259259,0
2026-09-22T23:45:19Z,frontend,0.0,1150,0.8,0.0,0
2026-09-22T23:45:19Z,cartservice,0.0,1920,0.95,0.0,0
2026-09-22T23:45:19Z,checkoutservice,0.0,615,0.8,0.0,0
2026-09-22T23:45:19Z,productcatalogservice,17.0,1535,0.95,0.011074918566775244,0
2026-09-22T23:45:19Z,paymentservice,0.0,155,0.8,0.0,0
2026-09-22T23:45:19Z,recommendationservice,0.0,1150,0.8,0.0,0
2026-09-22T23:45:19Z,shippingservice,0.0,770,0.8,0.0,0
2026-09-22T23:45:19Z,currencyservice,13.0,770,0.8,0.016883116883116882,0
2026-09-22T23:45:19Z,emailservice,15.0,155,0.8,0.0967741935483871,0
2026-09-22T23:45:19Z,adservice,26.0,1150,0.8,0.022608695652173914,0
2026-09-22T23:45:19Z,redis-cart,5.0,540,0.8,0.009259259259259259,0
2026-09-22T23:45:20Z,frontend,0.0,1150,0.8,0.0,0
2026-09-22T23:45:20Z,cartservice,0.0,1920,0.95,0.0,0
2026-09-22T23:45:20Z,checkoutservice,0.0,615,0.8,0.0,0
2026-09-22T23:45:20Z,productcatalogservice,0.0,1535,0.95,0.0,0
2026-09-22T23:45:20Z,paymentservice,0.0,155,0.8,0.0,0
2026-09-22T23:45:20Z,recommendationservice,0.0,1150,0.8,0.0,0
2026-09-22T23:45:20Z,shippingservice,0.0,770,0.8,0.0,0
2026-09-22T23:45:20Z,currencyservice,13.0,770,0.8,0.016883116883116882,0
2026-09-22T23:45:20Z,emailservice,15.0,155,0.8,0.0967741935483871,0
2026-09-22T23:45:20Z,adservice,26.0,1150,0.8,0.022608695652173914,0
2026-09-22T23:45:20Z,redis-cart,5.0,540,0.8,0.009259259259259259,0
2026-09-22T23:45:21Z,frontend,0.0,1150,0.8,0.0,0
2026-09-22T23:45:21Z,cartservice,0.0,1920,0.95,0.0,0
2026-09-22T23:45:21Z,checkoutservice,0.0,615,0.8,0.0,0
2026-09-22T23:45:21Z,productcatalogservice,0.0,1535,0.95,0.0,0
2026-09-22T23:45:21Z,paymentservice,0.0,155,0.8,0.0,0
2026-09-22T23:45:21Z,recommendationservice,0.0,1150,0.8,0.0,0
2026-09-22T23:45:21Z,shippingservice,0.0,770,0.8,0.0,0
2026-09-22T23:45:21Z,currencyservice,0.0,770,0.8,0.0,0
2026-09-22T23:45:21Z,emailservice,0.0,155,0.8,0.0,0
2026-09-22T23:45:21Z,adservice,26.0,1150,0.8,0.022608695652173914,0
2026-09-22T23:45:21Z,redis-cart,6.0,540,0.8,0.011111111111111112,0
2026-09-22T23:45:22Z,frontend,0.0,1150,0.8,0.0,0
2026-09-22T23:45:22Z,cartservice,0.0,1920,0.95,0.0,0
2026-09-22T23:45:22Z,checkoutservice,11.0,615,0.8,0.01788617886178862,0
2026-09-22T23:45:22Z,productcatalogservice,0.0,1535,0.95,0.0,0
2026-09-22T23:45:22Z,paymentservice,21.0,155,0.8,0.13548387096774195,0
2026-09-22T23:45:22Z,recommendationservice,0.0,1150,0.8,0.0,0
2026-09-22T23:45:22Z,shippingservice,13.0,770,0.8,0.016883116883116882,0
2026-09-22T23:45:22Z,currencyservice,16.0,770,0.8,0.02077922077922078,0
2026-09-22T23:45:22Z,emailservice,20.0,155,0.8,0.12903225806451613,0
2026-09-22T23:45:22Z,adservice,26.0,1150,0.8,0.022608695652173914,0
2026-09-22T23:45:22Z,redis-cart,6.0,540,0.8,0.011111111111111112,0
2026-09-22T23:45:23Z,frontend,0.0,1150,0.8,0.0,0
2026-09-22T23:45:23Z,cartservice,0.0,1920,0.95,0.0,0
2026-09-22T23:45:23Z,checkoutservice,0.0,615,0.8,0.0,0
2026-09-22T23:45:23Z,productcatalogservice,0.0,1535,0.95,0.0,0
2026-09-22T23:45:23Z,paymentservice,21.0,155,0.8,0.13548387096774195,0
2026-09-22T23:45:23Z,recommendationservice,28.0,1150,0.8,0.02434782608695652,0
2026-09-22T23:45:23Z,shippingservice,0.0,770,0.8,0.0,0
2026-09-22T23:45:23Z,currencyservice,0.0,770,0.8,0.0,0
2026-09-22T23:45:23Z,emailservice,0.0,155,0.8,0.0,0
2026-09-22T23:45:23Z,adservice,26.0,1150,0.8,0.022608695652173914,0
2026-09-22T23:45:23Z,redis-cart,6.0,540,0.8,0.011111111111111112,0
2026-09-22T23:45:24Z,frontend,0.0,1150,0.8,0.0,0
2026-09-22T23:45:24Z,cartservice,19.0,1920,0.95,0.009895833333333333,0
2026-09-22T23:45:24Z,checkoutservice,0.0,615,0.8,0.0,0
2026-09-22T23:45:24Z,productcatalogservice,0.0,1535,0.95,0.0,0
2026-09-22T23:45:24Z,paymentservice,20.0,155,0.8,0.12903225806451613,0
2026-09-22T23:45:24Z,recommendationservice,28.0,1150,0.8,0.02434782608695652,0
2026-09-22T23:45:24Z,shippingservice,0.0,770,0.8,0.0,0
2026-09-22T23:45:24Z,currencyservice,0.0,770,0.8,0.0,0
2026-09-22T23:45:24Z,emailservice,0.0,155,0.8,0.0,0
2026-09-22T23:45:24Z,adservice,26.0,1150,0.8,0.022608695652173914,0
2026-09-22T23:45:24Z,redis-cart,5.0,540,0.8,0.009259259259259259,0
2026-09-22T23:45:25Z,frontend,0.0,1150,0.8,0.0,0
2026-09-22T23:45:25Z,cartservice,0.0,1920,0.95,0.0,0
2026-09-22T23:45:25Z,checkoutservice,0.0,615,0.8,0.0,0
2026-09-22T23:45:25Z,productcatalogservice,11.0,1535,0.95,0.0071661237785016286,0
2026-09-22T23:45:25Z,paymentservice,0.0,155,0.8,0.0,0
2026-09-22T23:45:25Z,recommendationservice,0.0,1150,0.8,0.0,0
2026-09-22T23:45:25Z,shippingservice,0.0,770,0.8,0.0,0
2026-09-22T23:45:25Z,currencyservice,0.0,770,0.8,0.0,0
2026-09-22T23:45:25Z,emailservice,14.0,155,0.8,0.09032258064516129,0
2026-09-22T23:45:25Z,adservice,42.0,1150,0.8,0.036521739130434785,0
2026-09-22T23:45:25Z,redis-cart,6.0,540,0.8,0.011111111111111112,0
2026-09-22T23:45:26Z,frontend,0.0,1150,0.8,0.0,0
2026-09-22T23:45:26Z,cartservice,27.0,1920,0.95,0.0140625,0
2026-09-22T23:45:26Z,checkoutservice,19.0,615,0.8,0.030894308943089432,0
2026-09-22T23:45:26Z,productcatalogservice,11.0,1535,0.95,0.0071661237785016286,0
2026-09-22T23:45:26Z,paymentservice,0.0,155,0.8,0.0,0
2026-09-22T23:45:26Z,recommendationservice,0.0,1150,0.8,0.0,0
2026-09-22T23:45:26Z,shippingservice,44.0,770,0.8,0.05714285714285714,0
2026-09-22T23:45:26Z,currencyservice,0.0,770,0.8,0.0,0
2026-09-22T23:45:26Z,emailservice,14.0,155,0.8,0.09032258064516129,0
2026-09-22T23:45:26Z,adservice,42.0,1150,0.8,0.036521739130434785,0
2026-09-22T23:45:26Z,redis-cart,6.0,540,0.8,0.011111111111111112,0
2026-09-22T23:45:27Z,frontend,0.0,1150,0.8,0.0,0
2026-09-22T23:45:27Z,cartservice,27.0,1920,0.95,0.0140625,0
2026-09-22T23:45:27Z,checkoutservice,0.0,615,0.8,0.0,0
2026-09-22T23:45:27Z,productcatalogservice,0.0,1535,0.95,0.0,0
2026-09-22T23:45:27Z,paymentservice,0.0,155,0.8,0.0,0
2026-09-22T23:45:27Z,recommendationservice,0.0,1150,0.8,0.0,0
2026-09-22T23:45:27Z,shippingservice,0.0,770,0.8,0.0,0
2026-09-22T23:45:27Z,currencyservice,0.0,770,0.8,0.0,0
2026-09-22T23:45:27Z,emailservice,0.0,155,0.8,0.0,0
2026-09-22T23:45:27Z,adservice,41.0,1150,0.8,0.035652173913043476,0
2026-09-22T23:45:27Z,redis-cart,6.0,540,0.8,0.011111111111111112,0
2026-09-22T23:45:28Z,frontend,0.0,1150,0.8,0.0,0
2026-09-22T23:45:28Z,cartservice,0.0,1920,0.95,0.0,0
2026-09-22T23:45:28Z,checkoutservice,0.0,615,0.8,0.0,0
2026-09-22T23:45:28Z,productcatalogservice,0.0,1535,0.95,0.0,0
2026-09-22T23:45:28Z,paymentservice,0.0,155,0.8,0.0,0
2026-09-22T23:45:28Z,recommendationservice,38.0,1150,0.8,0.03304347826086956,0
2026-09-22T23:45:28Z,shippingservice,0.0,770,0.8,0.0,0
2026-09-22T23:45:28Z,currencyservice,0.0,770,0.8,0.0,0
2026-09-22T23:45:28Z,emailservice,19.0,155,0.8,0.12258064516129032,0
2026-09-22T23:45:28Z,adservice,26.0,1150,0.8,0.022608695652173914,0
2026-09-22T23:45:28Z,redis-cart,6.0,540,0.8,0.011111111111111112,0
2026-09-22T23:45:29Z,frontend,0.0,1150,0.8,0.0,0
2026-09-22T23:45:29Z,cartservice,0.0,1920,0.95,0.0,0
2026-09-22T23:45:29Z,checkoutservice,0.0,615,0.8,0.0,0
2026-09-22T23:45:29Z,productcatalogservice,22.0,1535,0.95,0.014332247557003257,0
2026-09-22T23:45:29Z,paymentservice,0.0,155,0.8,0.0,0
2026-09-22T23:45:29Z,recommendationservice,38.0,1150,0.8,0.03304347826086956,0
2026-09-22T23:45:29Z,shippingservice,0.0,770,0.8,0.0,0
2026-09-22T23:45:29Z,currencyservice,19.0,770,0.8,0.024675324675324677,0
2026-09-22T23:45:29Z,emailservice,19.0,155,0.8,0.12258064516129032,0
2026-09-22T23:45:29Z,adservice,26.0,1150,0.8,0.022608695652173914,0
2026-09-22T23:45:29Z,redis-cart,6.0,540,0.8,0.011111111111111112,0
2026-09-22T23:45:30Z,frontend,0.0,1150,0.8,0.0,0
2026-09-22T23:45:30Z,cartservice,0.0,1920,0.95,0.0,0
2026-09-22T23:45:30Z,checkoutservice,0.0,615,0.8,0.0,0
2026-09-22T23:45:30Z,productcatalogservice,22.0,1535,0.95,0.014332247557003257,0
2026-09-22T23:45:30Z,paymentservice,0.0,155,0.8,0.0,0
2026-09-22T23:45:30Z,recommendationservice,0.0,1150,0.8,0.0,0
2026-09-22T23:45:30Z,shippingservice,0.0,770,0.8,0.0,0
2026-09-22T23:45:30Z,currencyservice,19.0,770,0.8,0.024675324675324677,0
2026-09-22T23:45:30Z,emailservice,14.0,155,0.8,0.09032258064516129,0
2026-09-22T23:45:30Z,adservice,27.0,1150,0.8,0.023478260869565216,0
2026-09-22T23:45:30Z,redis-cart,5.0,540,0.8,0.009259259259259259,0
2026-09-22T23:45:31Z,frontend,0.0,1150,0.8,0.0,0
2026-09-22T23:45:31Z,cartservice,0.0,1920,0.95,0.0,0
2026-09-22T23:45:31Z,checkoutservice,0.0,615,0.8,0.0,0
2026-09-22T23:45:31Z,productcatalogservice,0.0,1535,0.95,0.0,0
2026-09-22T23:45:31Z,paymentservice,0.0,155,0.8,0.0,0
2026-09-22T23:45:31Z,recommendationservice,0.0,1150,0.8,0.0,0
2026-09-22T23:45:31Z,shippingservice,12.0,770,0.8,0.015584415584415584,0
2026-09-22T23:45:31Z,currencyservice,0.0,770,0.8,0.0,0
2026-09-22T23:45:31Z,emailservice,0.0,155,0.8,0.0,0
2026-09-22T23:45:31Z,adservice,27.0,1150,0.8,0.023478260869565216,0
2026-09-22T23:45:31Z,redis-cart,6.0,540,0.8,0.011111111111111112,0
2026-09-22T23:45:32Z,frontend,15.0,1150,0.8,0.013043478260869565,0
2026-09-22T23:45:32Z,cartservice,0.0,1920,0.95,0.0,0
2026-09-22T23:45:32Z,checkoutservice,0.0,615,0.8,0.0,0
2026-09-22T23:45:32Z,productcatalogservice,0.0,1535,0.95,0.0,0
2026-09-22T23:45:32Z,paymentservice,15.0,155,0.8,0.0967741935483871,0
2026-09-22T23:45:32Z,recommendationservice,33.0,1150,0.8,0.028695652173913042,0
2026-09-22T23:45:32Z,shippingservice,0.0,770,0.8,0.0,0
2026-09-22T23:45:32Z,currencyservice,12.0,770,0.8,0.015584415584415584,0
2026-09-22T23:45:32Z,emailservice,16.0,155,0.8,0.1032258064516129,0
2026-09-22T23:45:32Z,adservice,25.0,1150,0.8,0.021739130434782608,0
2026-09-22T23:45:32Z,redis-cart,6.0,540,0.8,0.011111111111111112,0
2026-09-22T23:45:33Z,frontend,15.0,1150,0.8,0.013043478260869565,0
2026-09-22T23:45:33Z,cartservice,0.0,1920,0.95,0.0,0
2026-09-22T23:45:33Z,checkoutservice,13.0,615,0.8,0.02113821138211382,0
2026-09-22T23:45:33Z,productcatalogservice,0.0,1535,0.95,0.0,0
2026-09-22T23:45:33Z,paymentservice,16.0,155,0.8,0.1032258064516129,0
2026-09-22T23:45:33Z,recommendationservice,0.0,1150,0.8,0.0,0
2026-09-22T23:45:33Z,shippingservice,0.0,770,0.8,0.0,0
2026-09-22T23:45:33Z,currencyservice,12.0,770,0.8,0.015584415584415584,0
2026-09-22T23:45:33Z,emailservice,16.0,155,0.8,0.1032258064516129,0
2026-09-22T23:45:33Z,adservice,25.0,1150,0.8,0.021739130434782608,0
2026-09-22T23:45:33Z,redis-cart,5.0,540,0.8,0.009259259259259259,0
2026-09-22T23:45:34Z,frontend,0.0,1150,0.8,0.0,0
2026-09-22T23:45:34Z,cartservice,16.0,1920,0.95,0.008333333333333333,0
2026-09-22T23:45:34Z,checkoutservice,0.0,615,0.8,0.0,0
2026-09-22T23:45:34Z,productcatalogservice,0.0,1535,0.95,0.0,0
2026-09-22T23:45:34Z,paymentservice,16.0,155,0.8,0.1032258064516129,0
2026-09-22T23:45:34Z,recommendationservice,0.0,1150,0.8,0.0,0
2026-09-22T23:45:34Z,shippingservice,0.0,770,0.8,0.0,0
2026-09-22T23:45:34Z,currencyservice,0.0,770,0.8,0.0,0
2026-09-22T23:45:34Z,emailservice,0.0,155,0.8,0.0,0
2026-09-22T23:45:34Z,adservice,26.0,1150,0.8,0.022608695652173914,0
2026-09-22T23:45:34Z,redis-cart,5.0,540,0.8,0.009259259259259259,0
2026-09-22T23:45:35Z,frontend,0.0,1150,0.8,0.0,0
2026-09-22T23:45:35Z,cartservice,16.0,1920,0.95,0.008333333333333333,0
2026-09-22T23:45:35Z,checkoutservice,16.0,615,0.8,0.026016260162601626,0
2026-09-22T23:45:35Z,productcatalogservice,19.0,1535,0.95,0.012377850162866449,0
2026-09-22T23:45:35Z,paymentservice,0.0,155,0.8,0.0,0
2026-09-22T23:45:35Z,recommendationservice,0.0,1150,0.8,0.0,0
2026-09-22T23:45:35Z,shippingservice,0.0,770,0.8,0.0,0
2026-09-22T23:45:35Z,currencyservice,0.0,770,0.8,0.0,0
2026-09-22T23:45:35Z,emailservice,0.0,155,0.8,0.0,0
2026-09-22T23:45:35Z,adservice,25.0,1150,0.8,0.021739130434782608,0
2026-09-22T23:45:35Z,redis-cart,5.0,540,0.8,0.009259259259259259,0
2026-09-22T23:45:36Z,frontend,0.0,1150,0.8,0.0,0
2026-09-22T23:45:36Z,cartservice,14.0,1920,0.95,0.007291666666666667,0
2026-09-22T23:45:36Z,checkoutservice,16.0,615,0.8,0.026016260162601626,0
2026-09-22T23:45:36Z,productcatalogservice,19.0,1535,0.95,0.012377850162866449,0
2026-09-22T23:45:36Z,paymentservice,0.0,155,0.8,0.0,0
2026-09-22T23:45:36Z,recommendationservice,0.0,1150,0.8,0.0,0
2026-09-22T23:45:36Z,shippingservice,15.0,770,0.8,0.01948051948051948,0
2026-09-22T23:45:36Z,currencyservice,0.0,770,0.8,0.0,0
2026-09-22T23:45:36Z,emailservice,12.0,155,0.8,0.07741935483870968,0
2026-09-22T23:45:36Z,adservice,25.0,1150,0.8,0.021739130434782608,0
2026-09-22T23:45:36Z,redis-cart,6.0,540,0.8,0.011111111111111112,0
2026-09-22T23:45:37Z,frontend,0.0,1150,0.8,0.0,0
2026-09-22T23:45:37Z,cartservice,0.0,1920,0.95,0.0,0
2026-09-22T23:45:37Z,checkoutservice,0.0,615,0.8,0.0,0
2026-09-22T23:45:37Z,productcatalogservice,0.0,1535,0.95,0.0,0
2026-09-22T23:45:37Z,paymentservice,0.0,155,0.8,0.0,0
2026-09-22T23:45:37Z,recommendationservice,0.0,1150,0.8,0.0,0
2026-09-22T23:45:37Z,shippingservice,15.0,770,0.8,0.01948051948051948,0
2026-09-22T23:45:37Z,currencyservice,0.0,770,0.8,0.0,0
2026-09-22T23:45:37Z,emailservice,12.0,155,0.8,0.07741935483870968,0
2026-09-22T23:45:37Z,adservice,25.0,1150,0.8,0.021739130434782608,0
2026-09-22T23:45:37Z,redis-cart,5.0,540,0.8,0.009259259259259259,0
2026-09-22T23:45:38Z,frontend,0.0,1150,0.8,0.0,0
2026-09-22T23:45:38Z,cartservice,0.0,1920,0.95,0.0,0
2026-09-22T23:45:38Z,checkoutservice,0.0,615,0.8,0.0,0
2026-09-22T23:45:38Z,productcatalogservice,0.0,1535,0.95,0.0,0
2026-09-22T23:45:38Z,paymentservice,0.0,155,0.8,0.0,0
2026-09-22T23:45:38Z,recommendationservice,32.0,1150,0.8,0.02782608695652174,0
2026-09-22T23:45:38Z,shippingservice,11.0,770,0.8,0.014285714285714285,0
2026-09-22T23:45:38Z,currencyservice,0.0,770,0.8,0.0,0
2026-09-22T23:45:38Z,emailservice,12.0,155,0.8,0.07741935483870968,0
2026-09-22T23:45:38Z,adservice,24.0,1150,0.8,0.020869565217391306,0
2026-09-22T23:45:38Z,redis-cart,5.0,540,0.8,0.009259259259259259,0
2026-09-22T23:45:39Z,frontend,0.0,1150,0.8,0.0,0
2026-09-22T23:45:39Z,cartservice,0.0,1920,0.95,0.0,0
2026-09-22T23:45:39Z,checkoutservice,0.0,615,0.8,0.0,0
2026-09-22T23:45:39Z,productcatalogservice,21.0,1535,0.95,0.013680781758957655,0
2026-09-22T23:45:39Z,paymentservice,0.0,155,0.8,0.0,0
2026-09-22T23:45:39Z,recommendationservice,0.0,1150,0.8,0.0,0
2026-09-22T23:45:39Z,shippingservice,0.0,770,0.8,0.0,0
2026-09-22T23:45:39Z,currencyservice,0.0,770,0.8,0.0,0
2026-09-22T23:45:39Z,emailservice,16.0,155,0.8,0.1032258064516129,0
2026-09-22T23:45:39Z,adservice,38.0,1150,0.8,0.03304347826086956,0
2026-09-22T23:45:39Z,redis-cart,5.0,540,0.8,0.009259259259259259,0
2026-09-22T23:45:40Z,frontend,0.0,1150,0.8,0.0,0
2026-09-22T23:45:40Z,cartservice,0.0,1920,0.95,0.0,0
2026-09-22T23:45:40Z,checkoutservice,0.0,615,0.8,0.0,0
2026-09-22T23:45:40Z,productcatalogservice,21.0,1535,0.95,0.013680781758957655,0
2026-09-22T23:45:40Z,paymentservice,0.0,155,0.8,0.0,0
2026-09-22T23:45:40Z,recommendationservice,0.0,1150,0.8,0.0,0
2026-09-22T23:45:40Z,shippingservice,0.0,770,0.8,0.0,0
2026-09-22T23:45:40Z,currencyservice,12.0,770,0.8,0.015584415584415584,0
2026-09-22T23:45:40Z,emailservice,16.0,155,0.8,0.1032258064516129,0
2026-09-22T23:45:40Z,adservice,38.0,1150,0.8,0.03304347826086956,0
2026-09-22T23:45:40Z,redis-cart,5.0,540,0.8,0.009259259259259259,0
2026-09-22T23:45:41Z,frontend,0.0,1150,0.8,0.0,0
2026-09-22T23:45:41Z,cartservice,0.0,1920,0.95,0.0,0
2026-09-22T23:45:41Z,checkoutservice,0.0,615,0.8,0.0,0
2026-09-22T23:45:41Z,productcatalogservice,0.0,1535,0.95,0.0,0
2026-09-22T23:45:41Z,paymentservice,0.0,155,0.8,0.0,0
2026-09-22T23:45:41Z,recommendationservice,0.0,1150,0.8,0.0,0
2026-09-22T23:45:41Z,shippingservice,12.0,770,0.8,0.015584415584415584,0
2026-09-22T23:45:41Z,currencyservice,12.0,770,0.8,0.015584415584415584,0
2026-09-22T23:45:41Z,emailservice,0.0,155,0.8,0.0,0
2026-09-22T23:45:41Z,adservice,42.0,1150,0.8,0.036521739130434785,0
2026-09-22T23:45:41Z,redis-cart,6.0,540,0.8,0.011111111111111112,0
2026-09-22T23:45:42Z,frontend,0.0,1150,0.8,0.0,0
2026-09-22T23:45:42Z,cartservice,0.0,1920,0.95,0.0,0
2026-09-22T23:45:42Z,checkoutservice,12.0,615,0.8,0.01951219512195122,0
2026-09-22T23:45:42Z,productcatalogservice,0.0,1535,0.95,0.0,0
2026-09-22T23:45:42Z,paymentservice,17.0,155,0.8,0.10967741935483871,0
2026-09-22T23:45:42Z,recommendationservice,33.0,1150,0.8,0.028695652173913042,0
2026-09-22T23:45:42Z,shippingservice,0.0,770,0.8,0.0,0
2026-09-22T23:45:42Z,currencyservice,12.0,770,0.8,0.015584415584415584,0
2026-09-22T23:45:42Z,emailservice,18.0,155,0.8,0.11612903225806452,0
2026-09-22T23:45:42Z,adservice,42.0,1150,0.8,0.036521739130434785,0
2026-09-22T23:45:42Z,redis-cart,6.0,540,0.8,0.011111111111111112,0
2026-09-22T23:45:43Z,frontend,0.0,1150,0.8,0.0,0
2026-09-22T23:45:43Z,cartservice,0.0,1920,0.95,0.0,0
2026-09-22T23:45:43Z,checkoutservice,12.0,615,0.8,0.01951219512195122,0
2026-09-22T23:45:43Z,productcatalogservice,0.0,1535,0.95,0.0,0
2026-09-22T23:45:43Z,paymentservice,17.0,155,0.8,0.10967741935483871,0
2026-09-22T23:45:43Z,recommendationservice,33.0,1150,0.8,0.028695652173913042,0
2026-09-22T23:45:43Z,shippingservice,0.0,770,0.8,0.0,0
2026-09-22T23:45:43Z,currencyservice,0.0,770,0.8,0.0,0
2026-09-22T23:45:43Z,emailservice,4.0,155,0.8,0.025806451612903226,0
2026-09-22T23:45:43Z,adservice,26.0,1150,0.8,0.022608695652173914,0
2026-09-22T23:45:43Z,redis-cart,6.0,540,0.8,0.011111111111111112,0
2026-09-22T23:45:44Z,frontend,0.0,1150,0.8,0.0,0
2026-09-22T23:45:44Z,cartservice,20.0,1920,0.95,0.010416666666666666,0
2026-09-22T23:45:44Z,checkoutservice,0.0,615,0.8,0.0,0
2026-09-22T23:45:44Z,productcatalogservice,11.0,1535,0.95,0.0071661237785016286,0
2026-09-22T23:45:44Z,paymentservice,13.0,155,0.8,0.08387096774193549,0
2026-09-22T23:45:44Z,recommendationservice,0.0,1150,0.8,0.0,0
2026-09-22T23:45:44Z,shippingservice,0.0,770,0.8,0.0,0
2026-09-22T23:45:44Z,currencyservice,0.0,770,0.8,0.0,0
2026-09-22T23:45:44Z,emailservice,14.0,155,0.8,0.09032258064516129,0
2026-09-22T23:45:44Z,adservice,25.0,1150,0.8,0.021739130434782608,0
2026-09-22T23:45:44Z,redis-cart,6.0,540,0.8,0.011111111111111112,0
2026-09-22T23:45:45Z,frontend,0.0,1150,0.8,0.0,0
2026-09-22T23:45:45Z,cartservice,20.0,1920,0.95,0.010416666666666666,0
2026-09-22T23:45:45Z,checkoutservice,0.0,615,0.8,0.0,0
2026-09-22T23:45:45Z,productcatalogservice,11.0,1535,0.95,0.0071661237785016286,0
2026-09-22T23:45:45Z,paymentservice,0.0,155,0.8,0.0,0
2026-09-22T23:45:45Z,recommendationservice,0.0,1150,0.8,0.0,0
2026-09-22T23:45:45Z,shippingservice,0.0,770,0.8,0.0,0
2026-09-22T23:45:45Z,currencyservice,0.0,770,0.8,0.0,0
2026-09-22T23:45:45Z,emailservice,14.0,155,0.8,0.09032258064516129,0
2026-09-22T23:45:45Z,adservice,25.0,1150,0.8,0.021739130434782608,0
2026-09-22T23:45:45Z,redis-cart,6.0,540,0.8,0.011111111111111112,0
2026-09-22T23:45:46Z,frontend,0.0,1150,0.8,0.0,0
2026-09-22T23:45:46Z,cartservice,14.0,1920,0.95,0.007291666666666667,0
2026-09-22T23:45:46Z,checkoutservice,17.0,615,0.8,0.027642276422764227,0
2026-09-22T23:45:46Z,productcatalogservice,0.0,1535,0.95,0.0,0
2026-09-22T23:45:46Z,paymentservice,0.0,155,0.8,0.0,0
2026-09-22T23:45:46Z,recommendationservice,0.0,1150,0.8,0.0,0
2026-09-22T23:45:46Z,shippingservice,42.0,770,0.8,0.05454545454545454,0
2026-09-22T23:45:46Z,currencyservice,0.0,770,0.8,0.0,0
2026-09-22T23:45:46Z,emailservice,0.0,155,0.8,0.0,0
2026-09-22T23:45:46Z,adservice,25.0,1150,0.8,0.021739130434782608,0
2026-09-22T23:45:46Z,redis-cart,6.0,540,0.8,0.011111111111111112,0
2026-09-22T23:45:47Z,frontend,0.0,1150,0.8,0.0,0
2026-09-22T23:45:47Z,cartservice,14.0,1920,0.95,0.007291666666666667,0
2026-09-22T23:45:47Z,checkoutservice,0.0,615,0.8,0.0,0
2026-09-22T23:45:47Z,productcatalogservice,0.0,1535,0.95,0.0,0
2026-09-22T23:45:47Z,paymentservice,0.0,155,0.8,0.0,0
2026-09-22T23:45:47Z,recommendationservice,0.0,1150,0.8,0.0,0
2026-09-22T23:45:47Z,shippingservice,42.0,770,0.8,0.05454545454545454,0
2026-09-22T23:45:47Z,currencyservice,0.0,770,0.8,0.0,0
2026-09-22T23:45:47Z,emailservice,0.0,155,0.8,0.0,0
2026-09-22T23:45:47Z,adservice,25.0,1150,0.8,0.021739130434782608,0
2026-09-22T23:45:47Z,redis-cart,5.0,540,0.8,0.009259259259259259,0
2026-09-22T23:45:48Z,frontend,0.0,1150,0.8,0.0,0
2026-09-22T23:45:48Z,cartservice,0.0,1920,0.95,0.0,0
2026-09-22T23:45:48Z,checkoutservice,0.0,615,0.8,0.0,0
2026-09-22T23:45:48Z,productcatalogservice,0.0,1535,0.95,0.0,0
2026-09-22T23:45:48Z,paymentservice,0.0,155,0.8,0.0,0
2026-09-22T23:45:48Z,recommendationservice,26.0,1150,0.8,0.022608695652173914,0
2026-09-22T23:45:48Z,shippingservice,0.0,770,0.8,0.0,0
2026-09-22T23:45:48Z,currencyservice,0.0,770,0.8,0.0,0
2026-09-22T23:45:48Z,emailservice,15.0,155,0.8,0.0967741935483871,0
2026-09-22T23:45:48Z,adservice,24.0,1150,0.8,0.020869565217391306,0
2026-09-22T23:45:48Z,redis-cart,5.0,540,0.8,0.009259259259259259,0
2026-09-22T23:45:49Z,frontend,0.0,1150,0.8,0.0,0
2026-09-22T23:45:49Z,cartservice,0.0,1920,0.95,0.0,0
2026-09-22T23:45:49Z,checkoutservice,0.0,615,0.8,0.0,0
2026-09-22T23:45:49Z,productcatalogservice,0.0,1535,0.95,0.0,0
2026-09-22T23:45:49Z,paymentservice,0.0,155,0.8,0.0,0
2026-09-22T23:45:49Z,recommendationservice,0.0,1150,0.8,0.0,0
2026-09-22T23:45:49Z,shippingservice,0.0,770,0.8,0.0,0
2026-09-22T23:45:49Z,currencyservice,15.0,770,0.8,0.01948051948051948,0
2026-09-22T23:45:49Z,emailservice,15.0,155,0.8,0.0967741935483871,0
2026-09-22T23:45:49Z,adservice,24.0,1150,0.8,0.020869565217391306,0
2026-09-22T23:45:49Z,redis-cart,5.0,540,0.8,0.009259259259259259,0
2026-09-22T23:45:50Z,frontend,0.0,1150,0.8,0.0,0
2026-09-22T23:45:50Z,cartservice,0.0,1920,0.95,0.0,0
2026-09-22T23:45:50Z,checkoutservice,0.0,615,0.8,0.0,0
2026-09-22T23:45:50Z,productcatalogservice,17.0,1535,0.95,0.011074918566775244,0
2026-09-22T23:45:50Z,paymentservice,0.0,155,0.8,0.0,0
2026-09-22T23:45:50Z,recommendationservice,0.0,1150,0.8,0.0,0
2026-09-22T23:45:50Z,shippingservice,0.0,770,0.8,0.0,0
2026-09-22T23:45:50Z,currencyservice,0.0,770,0.8,0.0,0
2026-09-22T23:45:50Z,emailservice,13.0,155,0.8,0.08387096774193549,0
2026-09-22T23:45:50Z,adservice,23.0,1150,0.8,0.02,0
2026-09-22T23:45:50Z,redis-cart,5.0,540,0.8,0.009259259259259259,0
2026-09-22T23:45:51Z,frontend,0.0,1150,0.8,0.0,0
2026-09-22T23:45:51Z,cartservice,0.0,1920,0.95,0.0,0
2026-09-22T23:45:51Z,checkoutservice,0.0,615,0.8,0.0,0
2026-09-22T23:45:51Z,productcatalogservice,0.0,1535,0.95,0.0,0
2026-09-22T23:45:51Z,paymentservice,0.0,155,0.8,0.0,0
2026-09-22T23:45:51Z,recommendationservice,0.0,1150,0.8,0.0,0
2026-09-22T23:45:51Z,shippingservice,16.0,770,0.8,0.02077922077922078,0
2026-09-22T23:45:51Z,currencyservice,0.0,770,0.8,0.0,0
2026-09-22T23:45:51Z,emailservice,0.0,155,0.8,0.0,0
2026-09-22T23:45:51Z,adservice,23.0,1150,0.8,0.02,0
2026-09-22T23:45:51Z,redis-cart,5.0,540,0.8,0.009259259259259259,0
2026-09-22T23:45:52Z,frontend,0.0,1150,0.8,0.0,0
2026-09-22T23:45:52Z,cartservice,0.0,1920,0.95,0.0,0
2026-09-22T23:45:52Z,checkoutservice,15.0,615,0.8,0.024390243902439025,0
2026-09-22T23:45:52Z,productcatalogservice,0.0,1535,0.95,0.0,0
2026-09-22T23:45:52Z,paymentservice,18.0,155,0.8,0.11612903225806452,0
2026-09-22T23:45:52Z,recommendationservice,0.0,1150,0.8,0.0,0
2026-09-22T23:45:52Z,shippingservice,0.0,770,0.8,0.0,0
2026-09-22T23:45:52Z,currencyservice,17.0,770,0.8,0.02207792207792208,0
2026-09-22T23:45:52Z,emailservice,15.0,155,0.8,0.0967741935483871,0
2026-09-22T23:45:52Z,adservice,25.0,1150,0.8,0.021739130434782608,0
2026-09-22T23:45:52Z,redis-cart,5.0,540,0.8,0.009259259259259259,0
2026-09-22T23:45:53Z,frontend,0.0,1150,0.8,0.0,0
2026-09-22T23:45:53Z,cartservice,0.0,1920,0.95,0.0,0
2026-09-22T23:45:53Z,checkoutservice,15.0,615,0.8,0.024390243902439025,0
2026-09-22T23:45:53Z,productcatalogservice,0.0,1535,0.95,0.0,0
2026-09-22T23:45:53Z,paymentservice,18.0,155,0.8,0.11612903225806452,0
2026-09-22T23:45:53Z,recommendationservice,35.0,1150,0.8,0.030434782608695653,0
2026-09-22T23:45:53Z,shippingservice,0.0,770,0.8,0.0,0
2026-09-22T23:45:53Z,currencyservice,0.0,770,0.8,0.0,0
2026-09-22T23:45:53Z,emailservice,15.0,155,0.8,0.0967741935483871,0
2026-09-22T23:45:53Z,adservice,25.0,1150,0.8,0.021739130434782608,0
2026-09-22T23:45:53Z,redis-cart,5.0,540,0.8,0.009259259259259259,0
2026-09-22T23:45:54Z,frontend,0.0,1150,0.8,0.0,0
2026-09-22T23:45:54Z,cartservice,0.0,1920,0.95,0.0,0
2026-09-22T23:45:54Z,checkoutservice,0.0,615,0.8,0.0,0
2026-09-22T23:45:54Z,productcatalogservice,12.0,1535,0.95,0.007817589576547232,0
2026-09-22T23:45:54Z,paymentservice,13.0,155,0.8,0.08387096774193549,0
2026-09-22T23:45:54Z,recommendationservice,0.0,1150,0.8,0.0,0
2026-09-22T23:45:54Z,shippingservice,0.0,770,0.8,0.0,0
2026-09-22T23:45:54Z,currencyservice,0.0,770,0.8,0.0,0
2026-09-22T23:45:54Z,emailservice,0.0,155,0.8,0.0,0
2026-09-22T23:45:54Z,adservice,24.0,1150,0.8,0.020869565217391306,0
2026-09-22T23:45:54Z,redis-cart,5.0,540,0.8,0.009259259259259259,0
2026-09-22T23:45:55Z,frontend,0.0,1150,0.8,0.0,0
2026-09-22T23:45:55Z,cartservice,15.0,1920,0.95,0.0078125,0
2026-09-22T23:45:55Z,checkoutservice,14.0,615,0.8,0.022764227642276424,0
2026-09-22T23:45:55Z,productcatalogservice,0.0,1535,0.95,0.0,0
2026-09-22T23:45:55Z,paymentservice,0.0,155,0.8,0.0,0
2026-09-22T23:45:55Z,recommendationservice,0.0,1150,0.8,0.0,0
2026-09-22T23:45:55Z,shippingservice,0.0,770,0.8,0.0,0
2026-09-22T23:45:55Z,currencyservice,0.0,770,0.8,0.0,0
2026-09-22T23:45:55Z,emailservice,0.0,155,0.8,0.0,0
2026-09-22T23:45:55Z,adservice,44.0,1150,0.8,0.03826086956521739,0
2026-09-22T23:45:55Z,redis-cart,5.0,540,0.8,0.009259259259259259,0
2026-09-22T23:45:56Z,frontend,0.0,1150,0.8,0.0,0
2026-09-22T23:45:56Z,cartservice,15.0,1920,0.95,0.0078125,0
2026-09-22T23:45:56Z,checkoutservice,0.0,615,0.8,0.0,0
2026-09-22T23:45:56Z,productcatalogservice,0.0,1535,0.95,0.0,0
2026-09-22T23:45:56Z,paymentservice,0.0,155,0.8,0.0,0
2026-09-22T23:45:56Z,recommendationservice,0.0,1150,0.8,0.0,0
2026-09-22T23:45:56Z,shippingservice,23.0,770,0.8,0.02987012987012987,0
2026-09-22T23:45:56Z,currencyservice,0.0,770,0.8,0.0,0
2026-09-22T23:45:56Z,emailservice,12.0,155,0.8,0.07741935483870968,0
2026-09-22T23:45:56Z,adservice,37.0,1150,0.8,0.03217391304347826,0
2026-09-22T23:45:56Z,redis-cart,5.0,540,0.8,0.009259259259259259,0
2026-09-22T23:45:57Z,frontend,0.0,1150,0.8,0.0,0
2026-09-22T23:45:57Z,cartservice,15.0,1920,0.95,0.0078125,0
2026-09-22T23:45:57Z,checkoutservice,0.0,615,0.8,0.0,0
2026-09-22T23:45:57Z,productcatalogservice,0.0,1535,0.95,0.0,0
2026-09-22T23:45:57Z,paymentservice,0.0,155,0.8,0.0,0
2026-09-22T23:45:57Z,recommendationservice,30.0,1150,0.8,0.02608695652173913,0
2026-09-22T23:45:57Z,shippingservice,0.0,770,0.8,0.0,0
2026-09-22T23:45:57Z,currencyservice,0.0,770,0.8,0.0,0
2026-09-22T23:45:57Z,emailservice,17.0,155,0.8,0.10967741935483871,0
2026-09-22T23:45:57Z,adservice,37.0,1150,0.8,0.03217391304347826,0
2026-09-22T23:45:57Z,redis-cart,5.0,540,0.8,0.009259259259259259,0
2026-09-22T23:45:58Z,frontend,0.0,1150,0.8,0.0,0
2026-09-22T23:45:58Z,cartservice,15.0,1920,0.95,0.0078125,0
2026-09-22T23:45:58Z,checkoutservice,0.0,615,0.8,0.0,0
2026-09-22T23:45:58Z,productcatalogservice,0.0,1535,0.95,0.0,0
2026-09-22T23:45:58Z,paymentservice,0.0,155,0.8,0.0,0
2026-09-22T23:45:58Z,recommendationservice,30.0,1150,0.8,0.02608695652173913,0
2026-09-22T23:45:58Z,shippingservice,0.0,770,0.8,0.0,0
2026-09-22T23:45:58Z,currencyservice,0.0,770,0.8,0.0,0
2026-09-22T23:45:58Z,emailservice,0.0,155,0.8,0.0,0
2026-09-22T23:45:58Z,adservice,26.0,1150,0.8,0.022608695652173914,0
2026-09-22T23:45:58Z,redis-cart,5.0,540,0.8,0.009259259259259259,0
2026-09-22T23:45:59Z,frontend,0.0,1150,0.8,0.0,0
2026-09-22T23:45:59Z,cartservice,0.0,1920,0.95,0.0,0
2026-09-22T23:45:59Z,checkoutservice,0.0,615,0.8,0.0,0
2026-09-22T23:45:59Z,productcatalogservice,20.0,1535,0.95,0.013029315960912053,0
2026-09-22T23:45:59Z,paymentservice,0.0,155,0.8,0.0,0
2026-09-22T23:45:59Z,recommendationservice,0.0,1150,0.8,0.0,0
2026-09-22T23:45:59Z,shippingservice,0.0,770,0.8,0.0,0
2026-09-22T23:45:59Z,currencyservice,19.0,770,0.8,0.024675324675324677,0
2026-09-22T23:45:59Z,emailservice,18.0,155,0.8,0.11612903225806452,0
2026-09-22T23:45:59Z,adservice,26.0,1150,0.8,0.022608695652173914,0
2026-09-22T23:45:59Z,redis-cart,5.0,540,0.8,0.009259259259259259,0
2026-09-22T23:46:00Z,frontend,0.0,1150,0.8,0.0,0
2026-09-22T23:46:00Z,cartservice,0.0,1920,0.95,0.0,0
2026-09-22T23:46:00Z,checkoutservice,0.0,615,0.8,0.0,0
2026-09-22T23:46:00Z,productcatalogservice,0.0,1535,0.95,0.0,0
2026-09-22T23:46:00Z,paymentservice,0.0,155,0.8,0.0,0
2026-09-22T23:46:00Z,recommendationservice,0.0,1150,0.8,0.0,0
2026-09-22T23:46:00Z,shippingservice,0.0,770,0.8,0.0,0
2026-09-22T23:46:00Z,currencyservice,19.0,770,0.8,0.024675324675324677,0
2026-09-22T23:46:00Z,emailservice,18.0,155,0.8,0.11612903225806452,0
2026-09-22T23:46:00Z,adservice,25.0,1150,0.8,0.021739130434782608,0
2026-09-22T23:46:00Z,redis-cart,5.0,540,0.8,0.009259259259259259,0
2026-09-22T23:46:01Z,frontend,0.0,1150,0.8,0.0,0
2026-09-22T23:46:01Z,cartservice,0.0,1920,0.95,0.0,0
2026-09-22T23:46:01Z,checkoutservice,16.0,615,0.8,0.026016260162601626,0
2026-09-22T23:46:01Z,productcatalogservice,0.0,1535,0.95,0.0,0
2026-09-22T23:46:01Z,paymentservice,0.0,155,0.8,0.0,0
2026-09-22T23:46:01Z,recommendationservice,0.0,1150,0.8,0.0,0
2026-09-22T23:46:01Z,shippingservice,0.0,770,0.8,0.0,0
2026-09-22T23:46:01Z,currencyservice,10.0,770,0.8,0.012987012987012988,0
2026-09-22T23:46:01Z,emailservice,0.0,155,0.8,0.0,0
2026-09-22T23:46:01Z,adservice,25.0,1150,0.8,0.021739130434782608,0
2026-09-22T23:46:01Z,redis-cart,5.0,540,0.8,0.009259259259259259,0
2026-09-22T23:46:02Z,frontend,0.0,1150,0.8,0.0,0
2026-09-22T23:46:02Z,cartservice,0.0,1920,0.95,0.0,0
2026-09-22T23:46:02Z,checkoutservice,16.0,615,0.8,0.026016260162601626,0
2026-09-22T23:46:02Z,productcatalogservice,0.0,1535,0.95,0.0,0
2026-09-22T23:46:02Z,paymentservice,4.0,155,0.8,0.025806451612903226,0
2026-09-22T23:46:02Z,recommendationservice,33.0,1150,0.8,0.028695652173913042,0
2026-09-22T23:46:02Z,shippingservice,13.0,770,0.8,0.016883116883116882,0
2026-09-22T23:46:02Z,currencyservice,10.0,770,0.8,0.012987012987012988,0
2026-09-22T23:46:02Z,emailservice,22.0,155,0.8,0.14193548387096774,0
2026-09-22T23:46:02Z,adservice,26.0,1150,0.8,0.022608695652173914,0
2026-09-22T23:46:02Z,redis-cart,6.0,540,0.8,0.011111111111111112,0
2026-09-22T23:46:03Z,frontend,0.0,1150,0.8,0.0,0
2026-09-22T23:46:03Z,cartservice,0.0,1920,0.95,0.0,0
2026-09-22T23:46:03Z,checkoutservice,0.0,615,0.8,0.0,0
2026-09-22T23:46:03Z,productcatalogservice,0.0,1535,0.95,0.0,0
2026-09-22T23:46:03Z,paymentservice,19.0,155,0.8,0.12258064516129032,0
2026-09-22T23:46:03Z,recommendationservice,0.0,1150,0.8,0.0,0
2026-09-22T23:46:03Z,shippingservice,13.0,770,0.8,0.016883116883116882,0
2026-09-22T23:46:03Z,currencyservice,0.0,770,0.8,0.0,0
2026-09-22T23:46:03Z,emailservice,0.0,155,0.8,0.0,0
2026-09-22T23:46:03Z,adservice,25.0,1150,0.8,0.021739130434782608,0
2026-09-22T23:46:03Z,redis-cart,6.0,540,0.8,0.011111111111111112,0
2026-09-22T23:46:04Z,frontend,0.0,1150,0.8,0.0,0
2026-09-22T23:46:04Z,cartservice,13.0,1920,0.95,0.0067708333333333336,0
2026-09-22T23:46:04Z,checkoutservice,0.0,615,0.8,0.0,0
2026-09-22T23:46:04Z,productcatalogservice,10.0,1535,0.95,0.006514657980456026,0
2026-09-22T23:46:04Z,paymentservice,19.0,155,0.8,0.12258064516129032,0
2026-09-22T23:46:04Z,recommendationservice,0.0,1150,0.8,0.0,0
2026-09-22T23:46:04Z,shippingservice,0.0,770,0.8,0.0,0
2026-09-22T23:46:04Z,currencyservice,0.0,770,0.8,0.0,0
2026-09-22T23:46:04Z,emailservice,0.0,155,0.8,0.0,0
2026-09-22T23:46:04Z,adservice,25.0,1150,0.8,0.021739130434782608,0
2026-09-22T23:46:04Z,redis-cart,5.0,540,0.8,0.009259259259259259,0
2026-09-22T23:46:05Z,frontend,0.0,1150,0.8,0.0,0
2026-09-22T23:46:05Z,cartservice,0.0,1920,0.95,0.0,0
2026-09-22T23:46:05Z,checkoutservice,23.0,615,0.8,0.03739837398373984,0
2026-09-22T23:46:05Z,productcatalogservice,0.0,1535,0.95,0.0,0
2026-09-22T23:46:05Z,paymentservice,12.0,155,0.8,0.07741935483870968,0
2026-09-22T23:46:05Z,recommendationservice,0.0,1150,0.8,0.0,0
2026-09-22T23:46:05Z,shippingservice,0.0,770,0.8,0.0,0
2026-09-22T23:46:05Z,currencyservice,0.0,770,0.8,0.0,0
2026-09-22T23:46:05Z,emailservice,21.0,155,0.8,0.13548387096774195,0
2026-09-22T23:46:05Z,adservice,26.0,1150,0.8,0.022608695652173914,0
2026-09-22T23:46:05Z,redis-cart,6.0,540,0.8,0.011111111111111112,0
2026-09-22T23:46:06Z,frontend,0.0,1150,0.8,0.0,0
2026-09-22T23:46:06Z,cartservice,28.0,1920,0.95,0.014583333333333334,0
2026-09-22T23:46:06Z,checkoutservice,0.0,615,0.8,0.0,0
2026-09-22T23:46:06Z,productcatalogservice,0.0,1535,0.95,0.0,0
2026-09-22T23:46:06Z,paymentservice,0.0,155,0.8,0.0,0
2026-09-22T23:46:06Z,recommendationservice,0.0,1150,0.8,0.0,0
2026-09-22T23:46:06Z,shippingservice,13.0,770,0.8,0.016883116883116882,0
2026-09-22T23:46:06Z,currencyservice,0.0,770,0.8,0.0,0
2026-09-22T23:46:06Z,emailservice,0.0,155,0.8,0.0,0
2026-09-22T23:46:06Z,adservice,26.0,1150,0.8,0.022608695652173914,0
2026-09-22T23:46:06Z,redis-cart,6.0,540,0.8,0.011111111111111112,0
2026-09-22T23:46:07Z,frontend,0.0,1150,0.8,0.0,0
2026-09-22T23:46:07Z,cartservice,0.0,1920,0.95,0.0,0
2026-09-22T23:46:07Z,checkoutservice,0.0,615,0.8,0.0,0
2026-09-22T23:46:07Z,productcatalogservice,0.0,1535,0.95,0.0,0
2026-09-22T23:46:07Z,paymentservice,0.0,155,0.8,0.0,0
2026-09-22T23:46:07Z,recommendationservice,44.0,1150,0.8,0.03826086956521739,0
2026-09-22T23:46:07Z,shippingservice,11.0,770,0.8,0.014285714285714285,0
2026-09-22T23:46:07Z,currencyservice,0.0,770,0.8,0.0,0
2026-09-22T23:46:07Z,emailservice,0.0,155,0.8,0.0,0
2026-09-22T23:46:07Z,adservice,26.0,1150,0.8,0.022608695652173914,0
2026-09-22T23:46:07Z,redis-cart,6.0,540,0.8,0.011111111111111112,0
2026-09-22T23:46:08Z,frontend,0.0,1150,0.8,0.0,0
2026-09-22T23:46:08Z,cartservice,0.0,1920,0.95,0.0,0
2026-09-22T23:46:08Z,checkoutservice,0.0,615,0.8,0.0,0
2026-09-22T23:46:08Z,productcatalogservice,0.0,1535,0.95,0.0,0
2026-09-22T23:46:08Z,paymentservice,0.0,155,0.8,0.0,0
2026-09-22T23:46:08Z,recommendationservice,44.0,1150,0.8,0.03826086956521739,0
2026-09-22T23:46:08Z,shippingservice,0.0,770,0.8,0.0,0
2026-09-22T23:46:08Z,currencyservice,0.0,770,0.8,0.0,0
2026-09-22T23:46:08Z,emailservice,13.0,155,0.8,0.08387096774193549,0
2026-09-22T23:46:08Z,adservice,25.0,1150,0.8,0.021739130434782608,0
2026-09-22T23:46:08Z,redis-cart,6.0,540,0.8,0.011111111111111112,0
2026-09-22T23:46:09Z,frontend,0.0,1150,0.8,0.0,0
2026-09-22T23:46:09Z,cartservice,0.0,1920,0.95,0.0,0
2026-09-22T23:46:09Z,checkoutservice,0.0,615,0.8,0.0,0
2026-09-22T23:46:09Z,productcatalogservice,0.0,1535,0.95,0.0,0
2026-09-22T23:46:09Z,paymentservice,0.0,155,0.8,0.0,0
2026-09-22T23:46:09Z,recommendationservice,0.0,1150,0.8,0.0,0
2026-09-22T23:46:09Z,shippingservice,0.0,770,0.8,0.0,0
2026-09-22T23:46:09Z,currencyservice,12.0,770,0.8,0.015584415584415584,0
2026-09-22T23:46:09Z,emailservice,13.0,155,0.8,0.08387096774193549,0
2026-09-22T23:46:09Z,adservice,25.0,1150,0.8,0.021739130434782608,0
2026-09-22T23:46:09Z,redis-cart,6.0,540,0.8,0.011111111111111112,0
2026-09-22T23:46:10Z,frontend,0.0,1150,0.8,0.0,0
2026-09-22T23:46:10Z,cartservice,0.0,1920,0.95,0.0,0
2026-09-22T23:46:10Z,checkoutservice,0.0,615,0.8,0.0,0
2026-09-22T23:46:10Z,productcatalogservice,13.0,1535,0.95,0.008469055374592834,0
2026-09-22T23:46:10Z,paymentservice,0.0,155,0.8,0.0,0
2026-09-22T23:46:10Z,recommendationservice,0.0,1150,0.8,0.0,0
2026-09-22T23:46:10Z,shippingservice,0.0,770,0.8,0.0,0
2026-09-22T23:46:10Z,currencyservice,12.0,770,0.8,0.015584415584415584,0
2026-09-22T23:46:10Z,emailservice,13.0,155,0.8,0.08387096774193549,0
2026-09-22T23:46:10Z,adservice,42.0,1150,0.8,0.036521739130434785,0
2026-09-22T23:46:10Z,redis-cart,5.0,540,0.8,0.009259259259259259,0
2026-09-22T23:46:11Z,frontend,0.0,1150,0.8,0.0,0
2026-09-22T23:46:11Z,cartservice,0.0,1920,0.95,0.0,0
2026-09-22T23:46:11Z,checkoutservice,0.0,615,0.8,0.0,0
2026-09-22T23:46:11Z,productcatalogservice,13.0,1535,0.95,0.008469055374592834,0
2026-09-22T23:46:11Z,paymentservice,0.0,155,0.8,0.0,0
2026-09-22T23:46:11Z,recommendationservice,0.0,1150,0.8,0.0,0
2026-09-22T23:46:11Z,shippingservice,23.0,770,0.8,0.02987012987012987,0
2026-09-22T23:46:11Z,currencyservice,0.0,770,0.8,0.0,0
2026-09-22T23:46:11Z,emailservice,13.0,155,0.8,0.08387096774193549,0
2026-09-22T23:46:11Z,adservice,47.0,1150,0.8,0.0408695652173913,0
2026-09-22T23:46:11Z,redis-cart,5.0,540,0.8,0.009259259259259259,0
2026-09-22T23:46:12Z,frontend,0.0,1150,0.8,0.0,0
2026-09-22T23:46:12Z,cartservice,0.0,1920,0.95,0.0,0
2026-09-22T23:46:12Z,checkoutservice,15.0,615,0.8,0.024390243902439025,0
2026-09-22T23:46:12Z,productcatalogservice,0.0,1535,0.95,0.0,0
2026-09-22T23:46:12Z,paymentservice,0.0,155,0.8,0.0,0
2026-09-22T23:46:12Z,recommendationservice,26.0,1150,0.8,0.022608695652173914,0
2026-09-22T23:46:12Z,shippingservice,23.0,770,0.8,0.02987012987012987,0
2026-09-22T23:46:12Z,currencyservice,0.0,770,0.8,0.0,0
2026-09-22T23:46:12Z,emailservice,0.0,155,0.8,0.0,0
2026-09-22T23:46:12Z,adservice,47.0,1150,0.8,0.0408695652173913,0
2026-09-22T23:46:12Z,redis-cart,5.0,540,0.8,0.009259259259259259,0
2026-09-22T23:46:13Z,frontend,0.0,1150,0.8,0.0,0
2026-09-22T23:46:13Z,cartservice,6.0,1920,0.95,0.003125,0
2026-09-22T23:46:13Z,checkoutservice,0.0,615,0.8,0.0,0
2026-09-22T23:46:13Z,productcatalogservice,0.0,1535,0.95,0.0,0
2026-09-22T23:46:13Z,paymentservice,16.0,155,0.8,0.1032258064516129,0
2026-09-22T23:46:13Z,recommendationservice,26.0,1150,0.8,0.022608695652173914,0
2026-09-22T23:46:13Z,shippingservice,0.0,770,0.8,0.0,0
2026-09-22T23:46:13Z,currencyservice,11.0,770,0.8,0.014285714285714285,0
2026-09-22T23:46:13Z,emailservice,0.0,155,0.8,0.0,0
2026-09-22T23:46:13Z,adservice,25.0,1150,0.8,0.021739130434782608,0
2026-09-22T23:46:13Z,redis-cart,5.0,540,0.8,0.009259259259259259,0
2026-09-22T23:46:14Z,frontend,0.0,1150,0.8,0.0,0
2026-09-22T23:46:14Z,cartservice,6.0,1920,0.95,0.003125,0
2026-09-22T23:46:14Z,checkoutservice,0.0,615,0.8,0.0,0
2026-09-22T23:46:14Z,productcatalogservice,0.0,1535,0.95,0.0,0
2026-09-22T23:46:14Z,paymentservice,18.0,155,0.8,0.11612903225806452,0
2026-09-22T23:46:14Z,recommendationservice,0.0,1150,0.8,0.0,0
2026-09-22T23:46:14Z,shippingservice,0.0,770,0.8,0.0,0
2026-09-22T23:46:14Z,currencyservice,11.0,770,0.8,0.014285714285714285,0
2026-09-22T23:46:14Z,emailservice,14.0,155,0.8,0.09032258064516129,0
2026-09-22T23:46:14Z,adservice,28.0,1150,0.8,0.02434782608695652,0
2026-09-22T23:46:14Z,redis-cart,5.0,540,0.8,0.009259259259259259,0
