timestamp,service,cadvisor_cpu,quota,alpha,utilization,overloaded
2026-09-24T11:15:59Z,frontend,0.0,1150,0.8,0.0,0
2026-09-24T11:15:59Z,cartservice,0.0,1920,0.95,0.0,0
2026-09-24T11:15:59Z,checkoutservice,0.0,615,0.8,0.0,0
2026-09-24T11:15:59Z,productcatalogservice,0.0,1535,0.95,0.0,0
2026-09-24T11:15:59Z,paymentservice,0.0,155,0.8,0.0,0
2026-09-24T11:15:59Z,recommendationservice,0.0,1150,0.8,0.0,0
2026-09-24T11:15:59Z,shippingservice,0.0,770,0.8,0.0,0
2026-09-24T11:15:59Z,currencyservice,19.0,770,0.8,0.024675324675324677,0
2026-09-24T11:15:59Z,emailservice,0.0,155,0.8,0.0,0
2026-09-24T11:15:59Z,adservice,18.0,1150,0.8,0.01565217391304348,0
2026-09-24T11:15:59Z,redis-cart,5.0,540,0.8,0.009259259259259259,0
2026-09-24T11:16:00Z,frontend,0.0,1150,0.8,0.0,0
2026-09-24T11:16:00Z,cartservice,0.0,1920,0.95,0.0,0
2026-09-24T11:16:00Z,checkoutservice,0.0,615,0.8,0.0,0
2026-09-24T11:16:00Z,productcatalogservice,25.0,1535,0.95,0.016286644951140065,0
2026-09-24T11:16:00Z,paymentservice,0.0,155,0.8,0.0,0
2026-09-24T11:16:00Z,recommendationservice,30.0,1150,0.8,0.02608695652173913,0
2026-09-24T11:16:00Z,shippingservice,0.0,770,0.8,0.0,0
2026-09-24T11:16:00Z,currencyservice,19.0,770,0.8,0.024675324675324677,0
2026-09-24T11:16:00Z,emailservice,27.0,155,0.8,0.17419354838709677,0
2026-09-24T11:16:00Z,adservice,18.0,1150,0.8,0.01565217391304348,0
2026-09-24T11:16:00Z,redis-cart,5.0,540,0.8,0.009259259259259259,0
2026-09-24T11:16:01Z,frontend,0.0,1150,0.8,0.0,0
2026-09-24T11:16:01Z,cartservice,0.0,1920,0.95,0.0,0
2026-09-24T11:16:01Z,checkoutservice,0.0,615,0.8,0.0,0
2026-09-24T11:16:01Z,productcatalogservice,25.0,1535,0.95,0.016286644951140065,0
2026-09-24T11:16:01Z,paymentservice,25.0,155,0.8,0.16129032258064516,0
2026-09-24T11:16:01Z,recommendationservice,30.0,1150,0.8,0.02608695652173913,0
2026-09-24T11:16:01Z,shippingservice,0.0,770,0.8,0.0,0
2026-09-24T11:16:01Z,currencyservice,0.0,770,0.8,0.0,0
2026-09-24T11:16:01Z,emailservice,0.0,155,0.8,0.0,0
2026-09-24T11:16:01Z,adservice,21.0,1150,0.8,0.018260869565217393,0
2026-09-24T11:16:01Z,redis-cart,5.0,540,0.8,0.009259259259259259,0
2026-09-24T11:16:02Z,frontend,0.0,1150,0.8,0.0,0
2026-09-24T11:16:02Z,cartservice,0.0,1920,0.95,0.0,0
2026-09-24T11:16:02Z,checkoutservice,0.0,615,0.8,0.0,0
2026-09-24T11:16:02Z,productcatalogservice,0.0,1535,0.95,0.0,0
2026-09-24T11:16:02Z,paymentservice,25.0,155,0.8,0.16129032258064516,0
2026-09-24T11:16:02Z,recommendationservice,0.0,1150,0.8,0.0,0
2026-09-24T11:16:02Z,shippingservice,0.0,770,0.8,0.0,0
2026-09-24T11:16:02Z,currencyservice,0.0,770,0.8,0.0,0
2026-09-24T11:16:02Z,emailservice,0.0,155,0.8,0.0,0
2026-09-24T11:16:02Z,adservice,21.0,1150,0.8,0.018260869565217393,0
2026-09-24T11:16:02Z,redis-cart,5.0,540,0.8,0.009259259259259259,0
2026-09-24T11:16:03Z,frontend,3.0,1150,0.8,0.0026086956521739132,0
2026-09-24T11:16:03Z,cartservice,0.0,1920,0.95,0.0,0
2026-09-24T11:16:03Z,checkoutservice,24.0,615,0.8,0.03902439024390244,0
2026-09-24T11:16:03Z,productcatalogservice,0.0,1535,0.95,0.0,0
2026-09-24T11:16:03Z,paymentservice,0.0,155,0.8,0.0,0
2026-09-24T11:16:03Z,recommendationservice,0.0,1150,0.8,0.0,0
2026-09-24T11:16:03Z,shippingservice,0.0,770,0.8,0.0,0
2026-09-24T11:16:03Z,currencyservice,0.0,770,0.8,0.0,0
2026-09-24T11:16:03Z,emailservice,0.0,155,0.8,0.0,0
2026-09-24T11:16:03Z,adservice,24.0,1150,0.8,0.020869565217391306,0
2026-09-24T11:16:03Z,redis-cart,5.0,540,0.8,0.009259259259259259,0
2026-09-24T11:16:04Z,frontend,3.0,1150,0.8,0.0026086956521739132,0
2026-09-24T11:16:04Z,cartservice,0.0,1920,0.95,0.0,0
2026-09-24T11:16:04Z,checkoutservice,0.0,615,0.8,0.0,0
2026-09-24T11:16:04Z,productcatalogservice,0.0,1535,0.95,0.0,0
2026-09-24T11:16:04Z,paymentservice,0.0,155,0.8,0.0,0
2026-09-24T11:16:04Z,recommendationservice,0.0,1150,0.8,0.0,0
2026-09-24T11:16:04Z,shippingservice,12.0,770,0.8,0.015584415584415584,0
2026-09-24T11:16:04Z,currencyservice,0.0,770,0.8,0.0,0
2026-09-24T11:16:04Z,emailservice,0.0,155,0.8,0.0,0
2026-09-24T11:16:04Z,adservice,22.0,1150,0.8,0.019130434782608695,0
2026-09-24T11:16:04Z,redis-cart,5.0,540,0.8,0.009259259259259259,0
2026-09-24T11:16:05Z,frontend,7.0,1150,0.8,0.00608695652173913,0
2026-09-24T11:16:05Z,cartservice,0.0,1920,0.95,0.0,0
2026-09-24T11:16:05Z,checkoutservice,0.0,615,0.8,0.0,0
2026-09-24T11:16:05Z,productcatalogservice,0.0,1535,0.95,0.0,0
2026-09-24T11:16:05Z,paymentservice,0.0,155,0.8,0.0,0
2026-09-24T11:16:05Z,recommendationservice,0.0,1150,0.8,0.0,0
2026-09-24T11:16:05Z,shippingservice,0.0,770,0.8,0.0,0
2026-09-24T11:16:05Z,currencyservice,0.0,770,0.8,0.0,0
2026-09-24T11:16:05Z,emailservice,0.0,155,0.8,0.0,0
2026-09-24T11:16:05Z,adservice,22.0,1150,0.8,0.019130434782608695,0
2026-09-24T11:16:05Z,redis-cart,5.0,540,0.8,0.009259259259259259,0
2026-09-24T11:16:06Z,frontend,0.0,1150,0.8,0.0,0
2026-09-24T11:16:06Z,cartservice,0.0,1920,0.95,0.0,0
2026-09-24T11:16:06Z,checkoutservice,0.0,615,0.8,0.0,0
2026-09-24T11:16:06Z,productcatalogservice,0.0,1535,0.95,0.0,0
2026-09-24T11:16:06Z,paymentservice,0.0,155,0.8,0.0,0
2026-09-24T11:16:06Z,recommendationservice,26.0,1150,0.8,0.022608695652173914,0
2026-09-24T11:16:06Z,shippingservice,0.0,770,0.8,0.0,0
2026-09-24T11:16:06Z,currencyservice,0.0,770,0.8,0.0,0
2026-09-24T11:16:06Z,emailservice,26.0,155,0.8,0.16774193548387098,0
2026-09-24T11:16:06Z,adservice,22.0,1150,0.8,0.019130434782608695,0
2026-09-24T11:16:06Z,redis-cart,5.0,540,0.8,0.009259259259259259,0
2026-09-24T11:16:07Z,frontend,0.0,1150,0.8,0.0,0
2026-09-24T11:16:07Z,cartservice,0.0,1920,0.95,0.0,0
2026-09-24T11:16:07Z,checkoutservice,0.0,615,0.8,0.0,0
2026-09-24T11:16:07Z,productcatalogservice,0.0,1535,0.95,0.0,0
2026-09-24T11:16:07Z,paymentservice,0.0,155,0.8,0.0,0
2026-09-24T11:16:07Z,recommendationservice,0.0,1150,0.8,0.0,0
2026-09-24T11:16:07Z,shippingservice,0.0,770,0.8,0.0,0
2026-09-24T11:16:07Z,currencyservice,0.0,770,0.8,0.0,0
2026-09-24T11:16:07Z,emailservice,0.0,155,0.8,0.0,0
2026-09-24T11:16:07Z,adservice,18.0,1150,0.8,0.01565217391304348,0
2026-09-24T11:16:07Z,redis-cart,4.0,540,0.8,0.007407407407407408,0
2026-09-24T11:16:08Z,frontend,0.0,1150,0.8,0.0,0
2026-09-24T11:16:08Z,cartservice,28.0,1920,0.95,0.014583333333333334,0
2026-09-24T11:16:08Z,checkoutservice,0.0,615,0.8,0.0,0
2026-09-24T11:16:08Z,productcatalogservice,0.0,1535,0.95,0.0,0
2026-09-24T11:16:08Z,paymentservice,0.0,155,0.8,0.0,0
2026-09-24T11:16:08Z,recommendationservice,0.0,1150,0.8,0.0,0
2026-09-24T11:16:08Z,shippingservice,27.0,770,0.8,0.03506493506493506,0
2026-09-24T11:16:08Z,currencyservice,0.0,770,0.8,0.0,0
2026-09-24T11:16:08Z,emailservice,0.0,155,0.8,0.0,0
2026-09-24T11:16:08Z,adservice,18.0,1150,0.8,0.01565217391304348,0
2026-09-24T11:16:08Z,redis-cart,4.0,540,0.8,0.007407407407407408,0
2026-09-24T11:16:09Z,frontend,0.0,1150,0.8,0.0,0
2026-09-24T11:16:09Z,cartservice,0.0,1920,0.95,0.0,0
2026-09-24T11:16:09Z,checkoutservice,0.0,615,0.8,0.0,0
2026-09-24T11:16:09Z,productcatalogservice,0.0,1535,0.95,0.0,0
2026-09-24T11:16:09Z,paymentservice,0.0,155,0.8,0.0,0
2026-09-24T11:16:09Z,recommendationservice,0.0,1150,0.8,0.0,0
2026-09-24T11:16:09Z,shippingservice,27.0,770,0.8,0.03506493506493506,0
2026-09-24T11:16:09Z,currencyservice,0.0,770,0.8,0.0,0
2026-09-24T11:16:09Z,emailservice,0.0,155,0.8,0.0,0
2026-09-24T11:16:09Z,adservice,18.0,1150,0.8,0.01565217391304348,0
2026-09-24T11:16:09Z,redis-cart,5.0,540,0.8,0.009259259259259259,0
2026-09-24T11:16:10Z,frontend,0.0,1150,0.8,0.0,0
2026-09-24T11:16:10Z,cartservice,0.0,1920,0.95,0.0,0
2026-09-24T11:16:10Z,checkoutservice,0.0,615,0.8,0.0,0
2026-09-24T11:16:10Z,productcatalogservice,0.0,1535,0.95,0.0,0
2026-09-24T11:16:10Z,paymentservice,41.0,155,0.8,0.2645161290322581,0
2026-09-24T11:16:10Z,recommendationservice,24.0,1150,0.8,0.020869565217391306,0
2026-09-24T11:16:10Z,shippingservice,0.0,770,0.8,0.0,0
2026-09-24T11:16:10Z,currencyservice,34.0,770,0.8,0.04415584415584416,0
2026-09-24T11:16:10Z,emailservice,26.0,155,0.8,0.16774193548387098,0
2026-09-24T11:16:10Z,adservice,62.0,1150,0.8,0.05391304347826087,0
2026-09-24T11:16:10Z,redis-cart,5.0,540,0.8,0.009259259259259259,0
2026-09-24T11:16:11Z,frontend,0.0,1150,0.8,0.0,0
2026-09-24T11:16:11Z,cartservice,0.0,1920,0.95,0.0,0
2026-09-24T11:16:11Z,checkoutservice,0.0,615,0.8,0.0,0
2026-09-24T11:16:11Z,productcatalogservice,0.0,1535,0.95,0.0,0
2026-09-24T11:16:11Z,paymentservice,41.0,155,0.8,0.2645161290322581,0
2026-09-24T11:16:11Z,recommendationservice,24.0,1150,0.8,0.020869565217391306,0
2026-09-24T11:16:11Z,shippingservice,0.0,770,0.8,0.0,0
2026-09-24T11:16:11Z,currencyservice,34.0,770,0.8,0.04415584415584416,0
2026-09-24T11:16:11Z,emailservice,26.0,155,0.8,0.16774193548387098,0
2026-09-24T11:16:11Z,adservice,24.0,1150,0.8,0.020869565217391306,0
2026-09-24T11:16:11Z,redis-cart,5.0,540,0.8,0.009259259259259259,0
2026-09-24T11:16:12Z,frontend,3.0,1150,0.8,0.0026086956521739132,0
2026-09-24T11:16:12Z,cartservice,0.0,1920,0.95,0.0,0
2026-09-24T11:16:12Z,checkoutservice,26.0,615,0.8,0.04227642276422764,0
2026-09-24T11:16:12Z,productcatalogservice,20.0,1535,0.95,0.013029315960912053,0
2026-09-24T11:16:12Z,paymentservice,0.0,155,0.8,0.0,0
2026-09-24T11:16:12Z,recommendationservice,0.0,1150,0.8,0.0,0
2026-09-24T11:16:12Z,shippingservice,0.0,770,0.8,0.0,0
2026-09-24T11:16:12Z,currencyservice,0.0,770,0.8,0.0,0
2026-09-24T11:16:12Z,emailservice,0.0,155,0.8,0.0,0
2026-09-24T11:16:12Z,adservice,24.0,1150,0.8,0.020869565217391306,0
2026-09-24T11:16:12Z,redis-cart,5.0,540,0.8,0.009259259259259259,0
2026-09-24T11:16:13Z,frontend,3.0,1150,0.8,0.0026086956521739132,0
2026-09-24T11:16:13Z,cartservice,0.0,1920,0.95,0.0,0
2026-09-24T11:16:13Z,checkoutservice,26.0,615,0.8,0.04227642276422764,0
2026-09-24T11:16:13Z,productcatalogservice,0.0,1535,0.95,0.0,0
2026-09-24T11:16:13Z,paymentservice,0.0,155,0.8,0.0,0
2026-09-24T11:16:13Z,recommendationservice,0.0,1150,0.8,0.0,0
2026-09-24T11:16:13Z,shippingservice,11.0,770,0.8,0.014285714285714285,0
2026-09-24T11:16:13Z,currencyservice,0.0,770,0.8,0.0,0
2026-09-24T11:16:13Z,emailservice,0.0,155,0.8,0.0,0
2026-09-24T11:16:13Z,adservice,24.0,1150,0.8,0.020869565217391306,0
2026-09-24T11:16:13Z,redis-cart,5.0,540,0.8,0.009259259259259259,0
2026-09-24T11:16:14Z,frontend,3.0,1150,0.8,0.0026086956521739132,0
2026-09-24T11:16:14Z,cartservice,0.0,1920,0.95,0.0,0
2026-09-24T11:16:14Z,checkoutservice,0.0,615,0.8,0.0,0
2026-09-24T11:16:14Z,productcatalogservice,0.0,1535,0.95,0.0,0
2026-09-24T11:16:14Z,paymentservice,0.0,155,0.8,0.0,0
2026-09-24T11:16:14Z,recommendationservice,0.0,1150,0.8,0.0,0
2026-09-24T11:16:14Z,shippingservice,0.0,770,0.8,0.0,0
2026-09-24T11:16:14Z,currencyservice,0.0,770,0.8,0.0,0
2026-09-24T11:16:14Z,emailservice,0.0,155,0.8,0.0,0
2026-09-24T11:16:14Z,adservice,22.0,1150,0.8,0.019130434782608695,0
2026-09-24T11:16:14Z,redis-cart,5.0,540,0.8,0.009259259259259259,0
2026-09-24T11:16:15Z,frontend,0.0,1150,0.8,0.0,0
2026-09-24T11:16:15Z,cartservice,0.0,1920,0.95,0.0,0
2026-09-24T11:16:15Z,checkoutservice,0.0,615,0.8,0.0,0
2026-09-24T11:16:15Z,productcatalogservice,0.0,1535,0.95,0.0,0
2026-09-24T11:16:15Z,paymentservice,0.0,155,0.8,0.0,0
2026-09-24T11:16:15Z,recommendationservice,0.0,1150,0.8,0.0,0
2026-09-24T11:16:15Z,shippingservice,0.0,770,0.8,0.0,0
2026-09-24T11:16:15Z,currencyservice,0.0,770,0.8,0.0,0
2026-09-24T11:16:15Z,emailservice,38.0,155,0.8,0.24516129032258063,0
2026-09-24T11:16:15Z,adservice,18.0,1150,0.8,0.01565217391304348,0
2026-09-24T11:16:15Z,redis-cart,5.0,540,0.8,0.009259259259259259,0
2026-09-24T11:16:16Z,frontend,0.0,1150,0.8,0.0,0
2026-09-24T11:16:16Z,cartservice,0.0,1920,0.95,0.0,0
2026-09-24T11:16:16Z,checkoutservice,0.0,615,0.8,0.0,0
2026-09-24T11:16:16Z,productcatalogservice,0.0,1535,0.95,0.0,0
2026-09-24T11:16:16Z,paymentservice,0.0,155,0.8,0.0,0
2026-09-24T11:16:16Z,recommendationservice,32.0,1150,0.8,0.02782608695652174,0
2026-09-24T11:16:16Z,shippingservice,0.0,770,0.8,0.0,0
2026-09-24T11:16:16Z,currencyservice,0.0,770,0.8,0.0,0
2026-09-24T11:16:16Z,emailservice,0.0,155,0.8,0.0,0
2026-09-24T11:16:16Z,adservice,18.0,1150,0.8,0.01565217391304348,0
2026-09-24T11:16:16Z,redis-cart,5.0,540,0.8,0.009259259259259259,0
2026-09-24T11:16:17Z,frontend,0.0,1150,0.8,0.0,0
2026-09-24T11:16:17Z,cartservice,0.0,1920,0.95,0.0,0
2026-09-24T11:16:17Z,checkoutservice,0.0,615,0.8,0.0,0
2026-09-24T11:16:17Z,productcatalogservice,0.0,1535,0.95,0.0,0
2026-09-24T11:16:17Z,paymentservice,0.0,155,0.8,0.0,0
2026-09-24T11:16:17Z,recommendationservice,0.0,1150,0.8,0.0,0
2026-09-24T11:16:17Z,shippingservice,0.0,770,0.8,0.0,0
2026-09-24T11:16:17Z,currencyservice,0.0,770,0.8,0.0,0
2026-09-24T11:16:17Z,emailservice,0.0,155,0.8,0.0,0
2026-09-24T11:16:17Z,adservice,22.0,1150,0.8,0.019130434782608695,0
2026-09-24T11:16:17Z,redis-cart,5.0,540,0.8,0.009259259259259259,0
2026-09-24T11:16:18Z,frontend,0.0,1150,0.8,0.0,0
2026-09-24T11:16:18Z,cartservice,33.0,1920,0.95,0.0171875,0
2026-09-24T11:16:18Z,checkoutservice,0.0,615,0.8,0.0,0
2026-09-24T11:16:18Z,productcatalogservice,0.0,1535,0.95,0.0,0
2026-09-24T11:16:18Z,paymentservice,0.0,155,0.8,0.0,0
2026-09-24T11:16:18Z,recommendationservice,0.0,1150,0.8,0.0,0
2026-09-24T11:16:18Z,shippingservice,0.0,770,0.8,0.0,0
2026-09-24T11:16:18Z,currencyservice,0.0,770,0.8,0.0,0
2026-09-24T11:16:18Z,emailservice,0.0,155,0.8,0.0,0
2026-09-24T11:16:18Z,adservice,24.0,1150,0.8,0.020869565217391306,0
2026-09-24T11:16:18Z,redis-cart,5.0,540,0.8,0.009259259259259259,0
2026-09-24T11:16:19Z,frontend,0.0,1150,0.8,0.0,0
2026-09-24T11:16:19Z,cartservice,0.0,1920,0.95,0.0,0
2026-09-24T11:16:19Z,checkoutservice,0.0,615,0.8,0.0,0
2026-09-24T11:16:19Z,productcatalogservice,0.0,1535,0.95,0.0,0
2026-09-24T11:16:19Z,paymentservice,0.0,155,0.8,0.0,0
2026-09-24T11:16:19Z,recommendationservice,0.0,1150,0.8,0.0,0
2026-09-24T11:16:19Z,shippingservice,27.0,770,0.8,0.03506493506493506,0
2026-09-24T11:16:19Z,currencyservice,0.0,770,0.8,0.0,0
2026-09-24T11:16:19Z,emailservice,0.0,155,0.8,0.0,0
2026-09-24T11:16:19Z,adservice,24.0,1150,0.8,0.020869565217391306,0
2026-09-24T11:16:19Z,redis-cart,5.0,540,0.8,0.009259259259259259,0
2026-09-24T11:16:20Z,frontend,0.0,1150,0.8,0.0,0
2026-09-24T11:16:20Z,cartservice,0.0,1920,0.95,0.0,0
2026-09-24T11:16:20Z,checkoutservice,0.0,615,0.8,0.0,0
2026-09-24T11:16:20Z,productcatalogservice,0.0,1535,0.95,0.0,0
2026-09-24T11:16:20Z,paymentservice,0.0,155,0.8,0.0,0
2026-09-24T11:16:20Z,recommendationservice,40.0,1150,0.8,0.034782608695652174,0
2026-09-24T11:16:20Z,shippingservice,0.0,770,0.8,0.0,0
2026-09-24T11:16:20Z,currencyservice,21.0,770,0.8,0.02727272727272727,0
2026-09-24T11:16:20Z,emailservice,19.0,155,0.8,0.12258064516129032,0
2026-09-24T11:16:20Z,adservice,23.0,1150,0.8,0.02,0
2026-09-24T11:16:20Z,redis-cart,5.0,540,0.8,0.009259259259259259,0
2026-09-24T11:16:21Z,frontend,0.0,1150,0.8,0.0,0
2026-09-24T11:16:21Z,cartservice,0.0,1920,0.95,0.0,0
2026-09-24T11:16:21Z,checkoutservice,0.0,615,0.8,0.0,0
2026-09-24T11:16:21Z,productcatalogservice,22.0,1535,0.95,0.014332247557003257,0
2026-09-24T11:16:21Z,paymentservice,34.0,155,0.8,0.21935483870967742,0
2026-09-24T11:16:21Z,recommendationservice,40.0,1150,0.8,0.034782608695652174,0
2026-09-24T11:16:21Z,shippingservice,0.0,770,0.8,0.0,0
2026-09-24T11:16:21Z,currencyservice,21.0,770,0.8,0.02727272727272727,0
2026-09-24T11:16:21Z,emailservice,12.0,155,0.8,0.07741935483870968,0
2026-09-24T11:16:21Z,adservice,23.0,1150,0.8,0.02,0
2026-09-24T11:16:21Z,redis-cart,5.0,540,0.8,0.009259259259259259,0
2026-09-24T11:16:22Z,frontend,0.0,1150,0.8,0.0,0
2026-09-24T11:16:22Z,cartservice,0.0,1920,0.95,0.0,0
2026-09-24T11:16:22Z,checkoutservice,0.0,615,0.8,0.0,0
2026-09-24T11:16:22Z,productcatalogservice,0.0,1535,0.95,0.0,0
2026-09-24T11:16:22Z,paymentservice,0.0,155,0.8,0.0,0
2026-09-24T11:16:22Z,recommendationservice,0.0,1150,0.8,0.0,0
2026-09-24T11:16:22Z,shippingservice,0.0,770,0.8,0.0,0
2026-09-24T11:16:22Z,currencyservice,0.0,770,0.8,0.0,0
2026-09-24T11:16:22Z,emailservice,0.0,155,0.8,0.0,0
2026-09-24T11:16:22Z,adservice,20.0,1150,0.8,0.017391304347826087,0
2026-09-24T11:16:22Z,redis-cart,5.0,540,0.8,0.009259259259259259,0
2026-09-24T11:16:23Z,frontend,3.0,1150,0.8,0.0026086956521739132,0
2026-09-24T11:16:23Z,cartservice,9.0,1920,0.95,0.0046875,0
2026-09-24T11:16:23Z,checkoutservice,0.0,615,0.8,0.0,0
2026-09-24T11:16:23Z,productcatalogservice,0.0,1535,0.95,0.0,0
2026-09-24T11:16:23Z,paymentservice,0.0,155,0.8,0.0,0
2026-09-24T11:16:23Z,recommendationservice,0.0,1150,0.8,0.0,0
2026-09-24T11:16:23Z,shippingservice,10.0,770,0.8,0.012987012987012988,0
2026-09-24T11:16:23Z,currencyservice,3.0,770,0.8,0.003896103896103896,0
2026-09-24T11:16:23Z,emailservice,0.0,155,0.8,0.0,0
2026-09-24T11:16:23Z,adservice,21.0,1150,0.8,0.018260869565217393,0
2026-09-24T11:16:23Z,redis-cart,5.0,540,0.8,0.009259259259259259,0
2026-09-24T11:16:24Z,frontend,35.0,1150,0.8,0.030434782608695653,0
2026-09-24T11:16:24Z,cartservice,28.0,1920,0.95,0.014583333333333334,0
2026-09-24T11:16:24Z,checkoutservice,43.0,615,0.8,0.06991869918699187,0
2026-09-24T11:16:24Z,productcatalogservice,43.0,1535,0.95,0.028013029315960912,0
2026-09-24T11:16:24Z,paymentservice,0.0,155,0.8,0.0,0
2026-09-24T11:16:24Z,recommendationservice,24.0,1150,0.8,0.020869565217391306,0
2026-09-24T11:16:24Z,shippingservice,7.0,770,0.8,0.00909090909090909,0
2026-09-24T11:16:24Z,currencyservice,3.0,770,0.8,0.003896103896103896,0
2026-09-24T11:16:24Z,emailservice,20.0,155,0.8,0.12903225806451613,0
2026-09-24T11:16:24Z,adservice,21.0,1150,0.8,0.018260869565217393,0
2026-09-24T11:16:24Z,redis-cart,5.0,540,0.8,0.009259259259259259,0
2026-09-24T11:16:25Z,frontend,32.5,1150,0.8,0.02826086956521739,0
2026-09-24T11:16:25Z,cartservice,63.0,1920,0.95,0.0328125,0
2026-09-24T11:16:25Z,checkoutservice,41.0,615,0.8,0.06666666666666667,0
2026-09-24T11:16:25Z,productcatalogservice,43.0,1535,0.95,0.028013029315960912,0
2026-09-24T11:16:25Z,paymentservice,0.0,155,0.8,0.0,0
2026-09-24T11:16:25Z,recommendationservice,24.0,1150,0.8,0.020869565217391306,0
2026-09-24T11:16:25Z,shippingservice,7.0,770,0.8,0.00909090909090909,0
2026-09-24T11:16:25Z,currencyservice,33.0,770,0.8,0.04285714285714286,0
2026-09-24T11:16:25Z,emailservice,20.0,155,0.8,0.12903225806451613,0
2026-09-24T11:16:25Z,adservice,57.0,1150,0.8,0.049565217391304345,0
2026-09-24T11:16:25Z,redis-cart,8.0,540,0.8,0.014814814814814815,0
2026-09-24T11:16:26Z,frontend,49.5,1150,0.8,0.043043478260869565,0
2026-09-24T11:16:26Z,cartservice,72.0,1920,0.95,0.0375,0
2026-09-24T11:16:26Z,checkoutservice,41.0,615,0.8,0.06666666666666667,0
2026-09-24T11:16:26Z,productcatalogservice,80.0,1535,0.95,0.05211726384364821,0
2026-09-24T11:16:26Z,paymentservice,0.0,155,0.8,0.0,0
2026-09-24T11:16:26Z,recommendationservice,95.0,1150,0.8,0.08260869565217391,0
2026-09-24T11:16:26Z,shippingservice,18.0,770,0.8,0.023376623376623377,0
2026-09-24T11:16:26Z,currencyservice,54.0,770,0.8,0.07012987012987013,0
2026-09-24T11:16:26Z,emailservice,43.0,155,0.8,0.27741935483870966,0
2026-09-24T11:16:26Z,adservice,57.0,1150,0.8,0.049565217391304345,0
2026-09-24T11:16:26Z,redis-cart,8.0,540,0.8,0.014814814814814815,0
2026-09-24T11:16:27Z,frontend,56.25,1150,0.8,0.04891304347826087,0
2026-09-24T11:16:27Z,cartservice,72.0,1920,0.95,0.0375,0
2026-09-24T11:16:27Z,checkoutservice,146.0,615,0.8,0.23739837398373984,0
2026-09-24T11:16:27Z,productcatalogservice,82.0,1535,0.95,0.053420195439739415,0
2026-09-24T11:16:27Z,paymentservice,7.0,155,0.8,0.04516129032258064,0
2026-09-24T11:16:27Z,recommendationservice,82.0,1150,0.8,0.07130434782608695,0
2026-09-24T11:16:27Z,shippingservice,18.0,770,0.8,0.023376623376623377,0
2026-09-24T11:16:27Z,currencyservice,54.0,770,0.8,0.07012987012987013,0
2026-09-24T11:16:27Z,emailservice,12.0,155,0.8,0.07741935483870968,0
2026-09-24T11:16:27Z,adservice,47.0,1150,0.8,0.0408695652173913,0
2026-09-24T11:16:27Z,redis-cart,11.0,540,0.8,0.020370370370370372,0
2026-09-24T11:16:28Z,frontend,77.5,1150,0.8,0.06739130434782609,0
2026-09-24T11:16:28Z,cartservice,168.0,1920,0.95,0.0875,0
2026-09-24T11:16:28Z,checkoutservice,111.0,615,0.8,0.18048780487804877,0
2026-09-24T11:16:28Z,productcatalogservice,82.0,1535,0.95,0.053420195439739415,0
2026-09-24T11:16:28Z,paymentservice,7.0,155,0.8,0.04516129032258064,0
2026-09-24T11:16:28Z,recommendationservice,82.0,1150,0.8,0.07130434782608695,0
2026-09-24T11:16:28Z,shippingservice,50.0,770,0.8,0.06493506493506493,0
2026-09-24T11:16:28Z,currencyservice,69.0,770,0.8,0.08961038961038961,0
2026-09-24T11:16:28Z,emailservice,13.0,155,0.8,0.08387096774193549,0
2026-09-24T11:16:28Z,adservice,44.0,1150,0.8,0.03826086956521739,0
2026-09-24T11:16:28Z,redis-cart,11.0,540,0.8,0.020370370370370372,0
2026-09-24T11:16:29Z,frontend,98.0,1150,0.8,0.08521739130434783,0
2026-09-24T11:16:29Z,cartservice,123.0,1920,0.95,0.0640625,0
2026-09-24T11:16:29Z,checkoutservice,111.0,615,0.8,0.18048780487804877,0
2026-09-24T11:16:29Z,productcatalogservice,160.0,1535,0.95,0.10423452768729642,0
2026-09-24T11:16:29Z,paymentservice,10.0,155,0.8,0.06451612903225806,0
2026-09-24T11:16:29Z,recommendationservice,202.0,1150,0.8,0.17565217391304347,0
2026-09-24T11:16:29Z,shippingservice,50.0,770,0.8,0.06493506493506493,0
2026-09-24T11:16:29Z,currencyservice,92.0,770,0.8,0.11948051948051948,0
2026-09-24T11:16:29Z,emailservice,13.0,155,0.8,0.08387096774193549,0
2026-09-24T11:16:29Z,adservice,35.0,1150,0.8,0.030434782608695653,0
2026-09-24T11:16:29Z,redis-cart,11.0,540,0.8,0.020370370370370372,0
2026-09-24T11:16:30Z,frontend,104.25,1150,0.8,0.09065217391304348,0
2026-09-24T11:16:30Z,cartservice,123.0,1920,0.95,0.0640625,0
2026-09-24T11:16:30Z,checkoutservice,265.0,615,0.8,0.43089430894308944,0
2026-09-24T11:16:30Z,productcatalogservice,139.0,1535,0.95,0.09055374592833876,0
2026-09-24T11:16:30Z,paymentservice,10.0,155,0.8,0.06451612903225806,0
2026-09-24T11:16:30Z,recommendationservice,145.0,1150,0.8,0.12608695652173912,0
2026-09-24T11:16:30Z,shippingservice,25.0,770,0.8,0.032467532467532464,0
2026-09-24T11:16:30Z,currencyservice,92.0,770,0.8,0.11948051948051948,0
2026-09-24T11:16:30Z,emailservice,40.0,155,0.8,0.25806451612903225,0
2026-09-24T11:16:30Z,adservice,35.0,1150,0.8,0.030434782608695653,0
2026-09-24T11:16:30Z,redis-cart,11.0,540,0.8,0.020370370370370372,0
2026-09-24T11:16:31Z,frontend,88.25,1150,0.8,0.07673913043478262,0
2026-09-24T11:16:31Z,cartservice,134.0,1920,0.95,0.06979166666666667,0
2026-09-24T11:16:31Z,checkoutservice,168.0,615,0.8,0.2731707317073171,0
2026-09-24T11:16:31Z,productcatalogservice,139.0,1535,0.95,0.09055374592833876,0
2026-09-24T11:16:31Z,paymentservice,37.0,155,0.8,0.23870967741935484,0
2026-09-24T11:16:31Z,recommendationservice,145.0,1150,0.8,0.12608695652173912,0
2026-09-24T11:16:31Z,shippingservice,39.0,770,0.8,0.05064935064935065,0
2026-09-24T11:16:31Z,currencyservice,154.0,770,0.8,0.2,0
2026-09-24T11:16:31Z,emailservice,31.0,155,0.8,0.2,0
2026-09-24T11:16:31Z,adservice,57.0,1150,0.8,0.049565217391304345,0
2026-09-24T11:16:31Z,redis-cart,11.0,540,0.8,0.020370370370370372,0
2026-09-24T11:16:32Z,frontend,116.0,1150,0.8,0.10086956521739131,0
2026-09-24T11:16:32Z,cartservice,133.0,1920,0.95,0.06927083333333334,0
2026-09-24T11:16:32Z,checkoutservice,168.0,615,0.8,0.2731707317073171,0
2026-09-24T11:16:32Z,productcatalogservice,213.0,1535,0.95,0.13876221498371336,0
2026-09-24T11:16:32Z,paymentservice,12.0,155,0.8,0.07741935483870968,0
2026-09-24T11:16:32Z,recommendationservice,242.0,1150,0.8,0.21043478260869566,0
2026-09-24T11:16:32Z,shippingservice,47.0,770,0.8,0.06103896103896104,0
2026-09-24T11:16:32Z,currencyservice,154.0,770,0.8,0.2,0
2026-09-24T11:16:32Z,emailservice,31.0,155,0.8,0.2,0
2026-09-24T11:16:32Z,adservice,57.0,1150,0.8,0.049565217391304345,0
2026-09-24T11:16:32Z,redis-cart,12.0,540,0.8,0.022222222222222223,0
2026-09-24T11:16:33Z,frontend,126.0,1150,0.8,0.10956521739130434,0
2026-09-24T11:16:33Z,cartservice,171.0,1920,0.95,0.0890625,0
2026-09-24T11:16:33Z,checkoutservice,426.0,615,0.8,0.6926829268292682,0
2026-09-24T11:16:33Z,productcatalogservice,251.0,1535,0.95,0.16351791530944626,0
2026-09-24T11:16:33Z,paymentservice,12.0,155,0.8,0.07741935483870968,0
2026-09-24T11:16:33Z,recommendationservice,242.0,1150,0.8,0.21043478260869566,0
2026-09-24T11:16:33Z,shippingservice,83.0,770,0.8,0.10779220779220779,0
2026-09-24T11:16:33Z,currencyservice,138.0,770,0.8,0.17922077922077922,0
2026-09-24T11:16:33Z,emailservice,35.0,155,0.8,0.22580645161290322,0
2026-09-24T11:16:33Z,adservice,75.0,1150,0.8,0.06521739130434782,0
2026-09-24T11:16:33Z,redis-cart,12.0,540,0.8,0.022222222222222223,0
2026-09-24T11:16:34Z,frontend,165.25,1150,0.8,0.14369565217391303,0
2026-09-24T11:16:34Z,cartservice,171.0,1920,0.95,0.0890625,0
2026-09-24T11:16:34Z,checkoutservice,228.0,615,0.8,0.37073170731707317,0
2026-09-24T11:16:34Z,productcatalogservice,251.0,1535,0.95,0.16351791530944626,0
2026-09-24T11:16:34Z,paymentservice,17.0,155,0.8,0.10967741935483871,0
2026-09-24T11:16:34Z,recommendationservice,275.0,1150,0.8,0.2391304347826087,0
2026-09-24T11:16:34Z,shippingservice,50.0,770,0.8,0.06493506493506493,0
2026-09-24T11:16:34Z,currencyservice,138.0,770,0.8,0.17922077922077922,0
2026-09-24T11:16:34Z,emailservice,49.0,155,0.8,0.3161290322580645,0
2026-09-24T11:16:34Z,adservice,75.0,1150,0.8,0.06521739130434782,0
2026-09-24T11:16:34Z,redis-cart,14.0,540,0.8,0.025925925925925925,0
2026-09-24T11:16:35Z,frontend,150.5,1150,0.8,0.1308695652173913,0
2026-09-24T11:16:35Z,cartservice,196.0,1920,0.95,0.10208333333333333,0
2026-09-24T11:16:35Z,checkoutservice,228.0,615,0.8,0.37073170731707317,0
2026-09-24T11:16:35Z,productcatalogservice,272.0,1535,0.95,0.1771986970684039,0
2026-09-24T11:16:35Z,paymentservice,17.0,155,0.8,0.10967741935483871,0
2026-09-24T11:16:35Z,recommendationservice,275.0,1150,0.8,0.2391304347826087,0
2026-09-24T11:16:35Z,shippingservice,50.0,770,0.8,0.06493506493506493,0
2026-09-24T11:16:35Z,currencyservice,179.0,770,0.8,0.23246753246753246,0
2026-09-24T11:16:35Z,emailservice,65.0,155,0.8,0.41935483870967744,0
2026-09-24T11:16:35Z,adservice,58.0,1150,0.8,0.050434782608695654,0
2026-09-24T11:16:35Z,redis-cart,14.0,540,0.8,0.025925925925925925,0
2026-09-24T11:16:36Z,frontend,158.0,1150,0.8,0.1373913043478261,0
2026-09-24T11:16:36Z,cartservice,194.0,1920,0.95,0.10104166666666667,0
2026-09-24T11:16:36Z,checkoutservice,340.0,615,0.8,0.5528455284552846,0
2026-09-24T11:16:36Z,productcatalogservice,265.0,1535,0.95,0.17263843648208468,0
2026-09-24T11:16:36Z,paymentservice,24.0,155,0.8,0.15483870967741936,0
2026-09-24T11:16:36Z,recommendationservice,380.0,1150,0.8,0.33043478260869563,0
2026-09-24T11:16:36Z,shippingservice,60.0,770,0.8,0.07792207792207792,0
2026-09-24T11:16:36Z,currencyservice,155.0,770,0.8,0.2012987012987013,0
2026-09-24T11:16:36Z,emailservice,65.0,155,0.8,0.41935483870967744,0
2026-09-24T11:16:36Z,adservice,71.0,1150,0.8,0.06173913043478261,0
2026-09-24T11:16:36Z,redis-cart,13.0,540,0.8,0.024074074074074074,0
2026-09-24T11:16:37Z,frontend,191.25,1150,0.8,0.16630434782608697,0
2026-09-24T11:16:37Z,cartservice,243.0,1920,0.95,0.1265625,0
2026-09-24T11:16:37Z,checkoutservice,406.0,615,0.8,0.6601626016260163,0
2026-09-24T11:16:37Z,productcatalogservice,265.0,1535,0.95,0.17263843648208468,0
2026-09-24T11:16:37Z,paymentservice,20.0,155,0.8,0.12903225806451613,0
2026-09-24T11:16:37Z,recommendationservice,269.0,1150,0.8,0.23391304347826086,0
2026-09-24T11:16:37Z,shippingservice,79.0,770,0.8,0.1025974025974026,0
2026-09-24T11:16:37Z,currencyservice,155.0,770,0.8,0.2012987012987013,0
2026-09-24T11:16:37Z,emailservice,31.0,155,0.8,0.2,0
2026-09-24T11:16:37Z,adservice,56.0,1150,0.8,0.04869565217391304,0
2026-09-24T11:16:37Z,redis-cart,13.0,540,0.8,0.024074074074074074,0
2026-09-24T11:16:38Z,frontend,184.25,1150,0.8,0.16021739130434784,0
2026-09-24T11:16:38Z,cartservice,243.0,1920,0.95,0.1265625,0
2026-09-24T11:16:38Z,checkoutservice,462.0,615,0.8,0.751219512195122,0
2026-09-24T11:16:38Z,productcatalogservice,317.0,1535,0.95,0.206514657980456,0
2026-09-24T11:16:38Z,paymentservice,20.0,155,0.8,0.12903225806451613,0
2026-09-24T11:16:38Z,recommendationservice,269.0,1150,0.8,0.23391304347826086,0
2026-09-24T11:16:38Z,shippingservice,79.0,770,0.8,0.1025974025974026,0
2026-09-24T11:16:38Z,currencyservice,198.0,770,0.8,0.2571428571428571,0
2026-09-24T11:16:38Z,emailservice,31.0,155,0.8,0.2,0
2026-09-24T11:16:38Z,adservice,56.0,1150,0.8,0.04869565217391304,0
2026-09-24T11:16:38Z,redis-cart,15.0,540,0.8,0.027777777777777776,0
2026-09-24T11:16:39Z,frontend,222.75,1150,0.8,0.19369565217391305,0
2026-09-24T11:16:39Z,cartservice,235.0,1920,0.95,0.12239583333333333,0
2026-09-24T11:16:39Z,checkoutservice,462.0,615,0.8,0.751219512195122,0
2026-09-24T11:16:39Z,productcatalogservice,317.0,1535,0.95,0.206514657980456,0
2026-09-24T11:16:39Z,paymentservice,28.0,155,0.8,0.18064516129032257,0
2026-09-24T11:16:39Z,recommendationservice,400.0,1150,0.8,0.34782608695652173,0
2026-09-24T11:16:39Z,shippingservice,95.0,770,0.8,0.12337662337662338,0
2026-09-24T11:16:39Z,currencyservice,177.0,770,0.8,0.22987012987012986,0
2026-09-24T11:16:39Z,emailservice,52.0,155,0.8,0.33548387096774196,0
2026-09-24T11:16:39Z,adservice,95.0,1150,0.8,0.08260869565217391,0
2026-09-24T11:16:39Z,redis-cart,15.0,540,0.8,0.027777777777777776,0
2026-09-24T11:16:40Z,frontend,203.0,1150,0.8,0.17652173913043478,0
2026-09-24T11:16:40Z,cartservice,236.0,1920,0.95,0.12291666666666666,0
2026-09-24T11:16:40Z,checkoutservice,451.0,615,0.8,0.7333333333333333,0
2026-09-24T11:16:40Z,productcatalogservice,377.0,1535,0.95,0.24560260586319219,0
2026-09-24T11:16:40Z,paymentservice,64.0,155,0.8,0.4129032258064516,0
2026-09-24T11:16:40Z,recommendationservice,434.0,1150,0.8,0.3773913043478261,0
2026-09-24T11:16:40Z,shippingservice,95.0,770,0.8,0.12337662337662338,0
2026-09-24T11:16:40Z,currencyservice,278.0,770,0.8,0.36103896103896105,0
2026-09-24T11:16:40Z,emailservice,110.0,155,0.8,0.7096774193548387,0
2026-09-24T11:16:40Z,adservice,92.0,1150,0.8,0.08,0
2026-09-24T11:16:40Z,redis-cart,15.0,540,0.8,0.027777777777777776,0
2026-09-24T11:16:41Z,frontend,204.75,1150,0.8,0.17804347826086955,0
2026-09-24T11:16:41Z,cartservice,236.0,1920,0.95,0.12291666666666666,0
2026-09-24T11:16:41Z,checkoutservice,487.0,615,0.8,0.791869918699187,0
2026-09-24T11:16:41Z,productcatalogservice,398.0,1535,0.95,0.25928338762214986,0
2026-09-24T11:16:41Z,paymentservice,64.0,155,0.8,0.4129032258064516,0
2026-09-24T11:16:41Z,recommendationservice,434.0,1150,0.8,0.3773913043478261,0
2026-09-24T11:16:41Z,shippingservice,81.0,770,0.8,0.10519480519480519,0
2026-09-24T11:16:41Z,currencyservice,278.0,770,0.8,0.36103896103896105,0
2026-09-24T11:16:41Z,emailservice,110.0,155,0.8,0.7096774193548387,0
2026-09-24T11:16:41Z,adservice,92.0,1150,0.8,0.08,0
2026-09-24T11:16:41Z,redis-cart,17.0,540,0.8,0.03148148148148148,0
2026-09-24T11:16:42Z,frontend,230.75,1150,0.8,0.2006521739130435,0
2026-09-24T11:16:42Z,cartservice,310.0,1920,0.95,0.16145833333333334,0
2026-09-24T11:16:42Z,checkoutservice,598.0,615,0.8,0.9723577235772358,1
2026-09-24T11:16:42Z,productcatalogservice,359.0,1535,0.95,0.23387622149837134,0
2026-09-24T11:16:42Z,paymentservice,28.0,155,0.8,0.18064516129032257,0
2026-09-24T11:16:42Z,recommendationservice,416.0,1150,0.8,0.3617391304347826,0
2026-09-24T11:16:42Z,shippingservice,81.0,770,0.8,0.10519480519480519,0
2026-09-24T11:16:42Z,currencyservice,231.0,770,0.8,0.3,0
2026-09-24T11:16:42Z,emailservice,49.0,155,0.8,0.3161290322580645,0
2026-09-24T11:16:42Z,adservice,89.0,1150,0.8,0.07739130434782608,0
2026-09-24T11:16:42Z,redis-cart,19.0,540,0.8,0.03518518518518519,0
2026-09-24T11:16:43Z,frontend,282.0,1150,0.8,0.24521739130434783,0
2026-09-24T11:16:43Z,cartservice,319.0,1920,0.95,0.16614583333333333,0
2026-09-24T11:16:43Z,checkoutservice,605.0,615,0.8,0.983739837398374,1
2026-09-24T11:16:43Z,productcatalogservice,359.0,1535,0.95,0.23387622149837134,0
2026-09-24T11:16:43Z,paymentservice,38.0,155,0.8,0.24516129032258063,0
2026-09-24T11:16:43Z,recommendationservice,407.0,1150,0.8,0.35391304347826086,0
2026-09-24T11:16:43Z,shippingservice,104.0,770,0.8,0.13506493506493505,0
2026-09-24T11:16:43Z,currencyservice,231.0,770,0.8,0.3,0
2026-09-24T11:16:43Z,emailservice,49.0,155,0.8,0.3161290322580645,0
2026-09-24T11:16:43Z,adservice,89.0,1150,0.8,0.07739130434782608,0
2026-09-24T11:16:43Z,redis-cart,19.0,540,0.8,0.03518518518518519,0
2026-09-24T11:16:44Z,frontend,251.0,1150,0.8,0.2182608695652174,0
2026-09-24T11:16:44Z,cartservice,283.0,1920,0.95,0.14739583333333334,0
2026-09-24T11:16:44Z,checkoutservice,605.0,615,0.8,0.983739837398374,1
2026-09-24T11:16:44Z,productcatalogservice,428.0,1535,0.95,0.2788273615635179,0
2026-09-24T11:16:44Z,paymentservice,38.0,155,0.8,0.24516129032258063,0
2026-09-24T11:16:44Z,recommendationservice,407.0,1150,0.8,0.35391304347826086,0
2026-09-24T11:16:44Z,shippingservice,98.0,770,0.8,0.12727272727272726,0
2026-09-24T11:16:44Z,currencyservice,243.0,770,0.8,0.3155844155844156,0
2026-09-24T11:16:44Z,emailservice,38.0,155,0.8,0.24516129032258063,0
2026-09-24T11:16:44Z,adservice,92.0,1150,0.8,0.08,0
2026-09-24T11:16:44Z,redis-cart,19.0,540,0.8,0.03518518518518519,0
2026-09-24T11:16:45Z,frontend,213.5,1150,0.8,0.18565217391304348,0
2026-09-24T11:16:45Z,cartservice,283.0,1920,0.95,0.14739583333333334,0
2026-09-24T11:16:45Z,checkoutservice,614.0,615,0.8,0.9983739837398374,1
2026-09-24T11:16:45Z,productcatalogservice,428.0,1535,0.95,0.2788273615635179,0
2026-09-24T11:16:45Z,paymentservice,52.0,155,0.8,0.33548387096774196,0
2026-09-24T11:16:45Z,recommendationservice,489.0,1150,0.8,0.4252173913043478,0
2026-09-24T11:16:45Z,shippingservice,98.0,770,0.8,0.12727272727272726,0
2026-09-24T11:16:45Z,currencyservice,243.0,770,0.8,0.3155844155844156,0
2026-09-24T11:16:45Z,emailservice,68.0,155,0.8,0.43870967741935485,0
2026-09-24T11:16:45Z,adservice,72.0,1150,0.8,0.06260869565217392,0
2026-09-24T11:16:45Z,redis-cart,18.0,540,0.8,0.03333333333333333,0
2026-09-24T11:16:46Z,frontend,234.0,1150,0.8,0.20347826086956522,0
2026-09-24T11:16:46Z,cartservice,285.0,1920,0.95,0.1484375,0
2026-09-24T11:16:46Z,checkoutservice,614.0,615,0.8,0.9983739837398374,1
2026-09-24T11:16:46Z,productcatalogservice,416.0,1535,0.95,0.2710097719869707,0
2026-09-24T11:16:46Z,paymentservice,47.0,155,0.8,0.3032258064516129,0
2026-09-24T11:16:46Z,recommendationservice,489.0,1150,0.8,0.4252173913043478,0
2026-09-24T11:16:46Z,shippingservice,97.0,770,0.8,0.12597402597402596,0
2026-09-24T11:16:46Z,currencyservice,281.0,770,0.8,0.36493506493506495,0
2026-09-24T11:16:46Z,emailservice,68.0,155,0.8,0.43870967741935485,0
2026-09-24T11:16:46Z,adservice,72.0,1150,0.8,0.06260869565217392,0
2026-09-24T11:16:46Z,redis-cart,18.0,540,0.8,0.03333333333333333,0
2026-09-24T11:16:47Z,frontend,274.0,1150,0.8,0.2382608695652174,0
2026-09-24T11:16:47Z,cartservice,298.0,1920,0.95,0.15520833333333334,0
2026-09-24T11:16:47Z,checkoutservice,614.0,615,0.8,0.9983739837398374,1
2026-09-24T11:16:47Z,productcatalogservice,464.0,1535,0.95,0.3022801302931596,0
2026-09-24T11:16:47Z,paymentservice,47.0,155,0.8,0.3032258064516129,0
2026-09-24T11:16:47Z,recommendationservice,461.0,1150,0.8,0.4008695652173913,0
2026-09-24T11:16:47Z,shippingservice,97.0,770,0.8,0.12597402597402596,0
2026-09-24T11:16:47Z,currencyservice,281.0,770,0.8,0.36493506493506495,0
2026-09-24T11:16:47Z,emailservice,18.0,155,0.8,0.11612903225806452,0
2026-09-24T11:16:47Z,adservice,98.0,1150,0.8,0.08521739130434783,0
2026-09-24T11:16:47Z,redis-cart,19.0,540,0.8,0.03518518518518519,0
2026-09-24T11:16:48Z,frontend,300.5,1150,0.8,0.26130434782608697,0
2026-09-24T11:16:48Z,cartservice,335.0,1920,0.95,0.17447916666666666,0
2026-09-24T11:16:48Z,checkoutservice,631.0,615,0.8,1.0260162601626017,1
2026-09-24T11:16:48Z,productcatalogservice,489.0,1535,0.95,0.31856677524429966,0
2026-09-24T11:16:48Z,paymentservice,45.0,155,0.8,0.2903225806451613,0
2026-09-24T11:16:48Z,recommendationservice,613.0,1150,0.8,0.5330434782608696,0
2026-09-24T11:16:48Z,shippingservice,149.0,770,0.8,0.19350649350649352,0
2026-09-24T11:16:48Z,currencyservice,334.0,770,0.8,0.43376623376623374,0
2026-09-24T11:16:48Z,emailservice,7.0,155,0.8,0.04516129032258064,0
2026-09-24T11:16:48Z,adservice,98.0,1150,0.8,0.08521739130434783,0
2026-09-24T11:16:48Z,redis-cart,19.0,540,0.8,0.03518518518518519,0
2026-09-24T11:16:49Z,frontend,300.75,1150,0.8,0.2615217391304348,0
2026-09-24T11:16:49Z,cartservice,335.0,1920,0.95,0.17447916666666666,0
2026-09-24T11:16:49Z,checkoutservice,580.0,615,0.8,0.943089430894309,1
2026-09-24T11:16:49Z,productcatalogservice,489.0,1535,0.95,0.31856677524429966,0
2026-09-24T11:16:49Z,paymentservice,45.0,155,0.8,0.2903225806451613,0
2026-09-24T11:16:49Z,recommendationservice,613.0,1150,0.8,0.5330434782608696,0
2026-09-24T11:16:49Z,shippingservice,149.0,770,0.8,0.19350649350649352,0
2026-09-24T11:16:49Z,currencyservice,334.0,770,0.8,0.43376623376623374,0
2026-09-24T11:16:49Z,emailservice,7.0,155,0.8,0.04516129032258064,0
2026-09-24T11:16:49Z,adservice,92.0,1150,0.8,0.08,0
2026-09-24T11:16:49Z,redis-cart,21.0,540,0.8,0.03888888888888889,0
2026-09-24T11:16:50Z,frontend,323.0,1150,0.8,0.2808695652173913,0
2026-09-24T11:16:50Z,cartservice,267.0,1920,0.95,0.1390625,0
2026-09-24T11:16:50Z,checkoutservice,626.0,615,0.8,1.0178861788617886,1
2026-09-24T11:16:50Z,productcatalogservice,554.0,1535,0.95,0.36091205211726385,0
2026-09-24T11:16:50Z,paymentservice,52.0,155,0.8,0.33548387096774196,0
2026-09-24T11:16:50Z,recommendationservice,610.0,1150,0.8,0.5304347826086957,0
2026-09-24T11:16:50Z,shippingservice,117.0,770,0.8,0.15194805194805194,0
2026-09-24T11:16:50Z,currencyservice,342.0,770,0.8,0.44415584415584414,0
2026-09-24T11:16:50Z,emailservice,30.0,155,0.8,0.1935483870967742,0
2026-09-24T11:16:50Z,adservice,107.0,1150,0.8,0.09304347826086956,0
2026-09-24T11:16:50Z,redis-cart,20.0,540,0.8,0.037037037037037035,0
2026-09-24T11:16:51Z,frontend,322.0,1150,0.8,0.28,0
2026-09-24T11:16:51Z,cartservice,267.0,1920,0.95,0.1390625,0
2026-09-24T11:16:51Z,checkoutservice,626.0,615,0.8,1.0178861788617886,1
2026-09-24T11:16:51Z,productcatalogservice,538.0,1535,0.95,0.3504885993485342,0
2026-09-24T11:16:51Z,paymentservice,72.0,155,0.8,0.4645161290322581,0
2026-09-24T11:16:51Z,recommendationservice,659.0,1150,0.8,0.5730434782608695,0
2026-09-24T11:16:51Z,shippingservice,117.0,770,0.8,0.15194805194805194,0
2026-09-24T11:16:51Z,currencyservice,339.0,770,0.8,0.44025974025974024,0
2026-09-24T11:16:51Z,emailservice,3.0,155,0.8,0.01935483870967742,0
2026-09-24T11:16:51Z,adservice,107.0,1150,0.8,0.09304347826086956,0
2026-09-24T11:16:51Z,redis-cart,20.0,540,0.8,0.037037037037037035,0
2026-09-24T11:16:52Z,frontend,327.5,1150,0.8,0.2847826086956522,0
2026-09-24T11:16:52Z,cartservice,271.0,1920,0.95,0.14114583333333333,0
2026-09-24T11:16:52Z,checkoutservice,606.0,615,0.8,0.9853658536585366,1
2026-09-24T11:16:52Z,productcatalogservice,538.0,1535,0.95,0.3504885993485342,0
2026-09-24T11:16:52Z,paymentservice,50.0,155,0.8,0.3225806451612903,0
2026-09-24T11:16:52Z,recommendationservice,609.0,1150,0.8,0.5295652173913044,0
2026-09-24T11:16:52Z,shippingservice,114.0,770,0.8,0.14805194805194805,0
2026-09-24T11:16:52Z,currencyservice,304.0,770,0.8,0.3948051948051948,0
2026-09-24T11:16:52Z,emailservice,3.0,155,0.8,0.01935483870967742,0
2026-09-24T11:16:52Z,adservice,119.0,1150,0.8,0.10347826086956521,0
2026-09-24T11:16:52Z,redis-cart,21.0,540,0.8,0.03888888888888889,0
2026-09-24T11:16:53Z,frontend,341.0,1150,0.8,0.2965217391304348,0
2026-09-24T11:16:53Z,cartservice,267.0,1920,0.95,0.1390625,0
2026-09-24T11:16:53Z,checkoutservice,606.0,615,0.8,0.9853658536585366,1
2026-09-24T11:16:53Z,productcatalogservice,542.0,1535,0.95,0.35309446254071664,0
2026-09-24T11:16:53Z,paymentservice,50.0,155,0.8,0.3225806451612903,0
2026-09-24T11:16:53Z,recommendationservice,602.0,1150,0.8,0.5234782608695652,0
2026-09-24T11:16:53Z,shippingservice,144.0,770,0.8,0.18701298701298702,0
2026-09-24T11:16:53Z,currencyservice,304.0,770,0.8,0.3948051948051948,0
2026-09-24T11:16:53Z,emailservice,0.0,155,0.8,0.0,0
2026-09-24T11:16:53Z,adservice,119.0,1150,0.8,0.10347826086956521,0
2026-09-24T11:16:53Z,redis-cart,21.0,540,0.8,0.03888888888888889,0
2026-09-24T11:16:54Z,frontend,298.75,1150,0.8,0.2597826086956522,0
2026-09-24T11:16:54Z,cartservice,267.0,1920,0.95,0.1390625,0
2026-09-24T11:16:54Z,checkoutservice,592.0,615,0.8,0.9626016260162602,1
2026-09-24T11:16:54Z,productcatalogservice,537.0,1535,0.95,0.3498371335504886,0
2026-09-24T11:16:54Z,paymentservice,54.0,155,0.8,0.34838709677419355,0
2026-09-24T11:16:54Z,recommendationservice,602.0,1150,0.8,0.5234782608695652,0
2026-09-24T11:16:54Z,shippingservice,144.0,770,0.8,0.18701298701298702,0
2026-09-24T11:16:54Z,currencyservice,363.0,770,0.8,0.4714285714285714,0
2026-09-24T11:16:54Z,emailservice,0.0,155,0.8,0.0,0
2026-09-24T11:16:54Z,adservice,100.0,1150,0.8,0.08695652173913043,0
2026-09-24T11:16:54Z,redis-cart,20.0,540,0.8,0.037037037037037035,0
2026-09-24T11:16:55Z,frontend,318.0,1150,0.8,0.27652173913043476,0
2026-09-24T11:16:55Z,cartservice,242.0,1920,0.95,0.12604166666666666,0
2026-09-24T11:16:55Z,checkoutservice,591.0,615,0.8,0.9609756097560975,1
2026-09-24T11:16:55Z,productcatalogservice,593.0,1535,0.95,0.3863192182410424,0
2026-09-24T11:16:55Z,paymentservice,44.0,155,0.8,0.2838709677419355,0
2026-09-24T11:16:55Z,recommendationservice,732.0,1150,0.8,0.6365217391304347,0
2026-09-24T11:16:55Z,shippingservice,111.0,770,0.8,0.14415584415584415,0
2026-09-24T11:16:55Z,currencyservice,336.0,770,0.8,0.43636363636363634,0
2026-09-24T11:16:55Z,emailservice,24.0,155,0.8,0.15483870967741936,0
2026-09-24T11:16:55Z,adservice,149.0,1150,0.8,0.12956521739130436,0
2026-09-24T11:16:55Z,redis-cart,21.0,540,0.8,0.03888888888888889,0
2026-09-24T11:16:56Z,frontend,361.0,1150,0.8,0.3139130434782609,0
2026-09-24T11:16:56Z,cartservice,276.0,1920,0.95,0.14375,0
2026-09-24T11:16:56Z,checkoutservice,591.0,615,0.8,0.9609756097560975,1
2026-09-24T11:16:56Z,productcatalogservice,583.0,1535,0.95,0.37980456026058634,0
2026-09-24T11:16:56Z,paymentservice,44.0,155,0.8,0.2838709677419355,0
2026-09-24T11:16:56Z,recommendationservice,732.0,1150,0.8,0.6365217391304347,0
2026-09-24T11:16:56Z,shippingservice,111.0,770,0.8,0.14415584415584415,0
2026-09-24T11:16:56Z,currencyservice,336.0,770,0.8,0.43636363636363634,0
2026-09-24T11:16:56Z,emailservice,24.0,155,0.8,0.15483870967741936,0
2026-09-24T11:16:56Z,adservice,149.0,1150,0.8,0.12956521739130436,0
2026-09-24T11:16:56Z,redis-cart,21.0,540,0.8,0.03888888888888889,0
2026-09-24T11:16:57Z,frontend,385.5,1150,0.8,0.3352173913043478,0
2026-09-24T11:16:57Z,cartservice,276.0,1920,0.95,0.14375,0
2026-09-24T11:16:57Z,checkoutservice,631.0,615,0.8,1.0260162601626017,1
2026-09-24T11:16:57Z,productcatalogservice,569.0,1535,0.95,0.3706840390879479,0
2026-09-24T11:16:57Z,paymentservice,50.0,155,0.8,0.3225806451612903,0
2026-09-24T11:16:57Z,recommendationservice,743.0,1150,0.8,0.6460869565217391,0
2026-09-24T11:16:57Z,shippingservice,118.0,770,0.8,0.15324675324675324,0
2026-09-24T11:16:57Z,currencyservice,410.0,770,0.8,0.5324675324675324,0
2026-09-24T11:16:57Z,emailservice,0.0,155,0.8,0.0,0
2026-09-24T11:16:57Z,adservice,116.0,1150,0.8,0.10086956521739131,0
2026-09-24T11:16:57Z,redis-cart,23.0,540,0.8,0.04259259259259259,0
2026-09-24T11:16:58Z,frontend,354.75,1150,0.8,0.3084782608695652,0
2026-09-24T11:16:58Z,cartservice,289.0,1920,0.95,0.15052083333333333,0
2026-09-24T11:16:58Z,checkoutservice,631.0,615,0.8,1.0260162601626017,1
2026-09-24T11:16:58Z,productcatalogservice,569.0,1535,0.95,0.3706840390879479,0
2026-09-24T11:16:58Z,paymentservice,49.0,155,0.8,0.3161290322580645,0
2026-09-24T11:16:58Z,recommendationservice,830.0,1150,0.8,0.7217391304347827,0
2026-09-24T11:16:58Z,shippingservice,118.0,770,0.8,0.15324675324675324,0
2026-09-24T11:16:58Z,currencyservice,410.0,770,0.8,0.5324675324675324,0
2026-09-24T11:16:58Z,emailservice,0.0,155,0.8,0.0,0
2026-09-24T11:16:58Z,adservice,158.0,1150,0.8,0.1373913043478261,0
2026-09-24T11:16:58Z,redis-cart,22.0,540,0.8,0.040740740740740744,0
2026-09-24T11:16:59Z,frontend,401.0,1150,0.8,0.348695652173913,0
2026-09-24T11:16:59Z,cartservice,289.0,1920,0.95,0.15052083333333333,0
2026-09-24T11:16:59Z,checkoutservice,593.0,615,0.8,0.9642276422764228,1
2026-09-24T11:16:59Z,productcatalogservice,580.0,1535,0.95,0.3778501628664495,0
2026-09-24T11:16:59Z,paymentservice,49.0,155,0.8,0.3161290322580645,0
2026-09-24T11:16:59Z,recommendationservice,830.0,1150,0.8,0.7217391304347827,0
2026-09-24T11:16:59Z,shippingservice,156.0,770,0.8,0.2025974025974026,0
2026-09-24T11:16:59Z,currencyservice,444.0,770,0.8,0.5766233766233766,0
2026-09-24T11:16:59Z,emailservice,0.0,155,0.8,0.0,0
2026-09-24T11:16:59Z,adservice,158.0,1150,0.8,0.1373913043478261,0
2026-09-24T11:16:59Z,redis-cart,22.0,540,0.8,0.040740740740740744,0
2026-09-24T11:17:00Z,frontend,360.75,1150,0.8,0.31369565217391304,0
2026-09-24T11:17:00Z,cartservice,300.0,1920,0.95,0.15625,0
2026-09-24T11:17:00Z,checkoutservice,596.0,615,0.8,0.9691056910569106,1
2026-09-24T11:17:00Z,productcatalogservice,580.0,1535,0.95,0.3778501628664495,0
2026-09-24T11:17:00Z,paymentservice,69.0,155,0.8,0.44516129032258067,0
2026-09-24T11:17:00Z,recommendationservice,760.0,1150,0.8,0.6608695652173913,0
2026-09-24T11:17:00Z,shippingservice,110.0,770,0.8,0.14285714285714285,0
2026-09-24T11:17:00Z,currencyservice,439.0,770,0.8,0.5701298701298702,0
2026-09-24T11:17:00Z,emailservice,26.0,155,0.8,0.16774193548387098,0
2026-09-24T11:17:00Z,adservice,122.0,1150,0.8,0.10608695652173913,0
2026-09-24T11:17:00Z,redis-cart,21.0,540,0.8,0.03888888888888889,0
2026-09-24T11:17:01Z,frontend,371.0,1150,0.8,0.3226086956521739,0
2026-09-24T11:17:01Z,cartservice,310.0,1920,0.95,0.16145833333333334,0
2026-09-24T11:17:01Z,checkoutservice,618.0,615,0.8,1.0048780487804878,1
2026-09-24T11:17:01Z,productcatalogservice,600.0,1535,0.95,0.39087947882736157,0
2026-09-24T11:17:01Z,paymentservice,69.0,155,0.8,0.44516129032258067,0
2026-09-24T11:17:01Z,recommendationservice,760.0,1150,0.8,0.6608695652173913,0
2026-09-24T11:17:01Z,shippingservice,112.0,770,0.8,0.14545454545454545,0
2026-09-24T11:17:01Z,currencyservice,439.0,770,0.8,0.5701298701298702,0
2026-09-24T11:17:01Z,emailservice,9.0,155,0.8,0.05806451612903226,0
2026-09-24T11:17:01Z,adservice,122.0,1150,0.8,0.10608695652173913,0
2026-09-24T11:17:01Z,redis-cart,22.0,540,0.8,0.040740740740740744,0
2026-09-24T11:17:02Z,frontend,329.0,1150,0.8,0.28608695652173916,0
2026-09-24T11:17:02Z,cartservice,310.0,1920,0.95,0.16145833333333334,0
2026-09-24T11:17:02Z,checkoutservice,618.0,615,0.8,1.0048780487804878,1
2026-09-24T11:17:02Z,productcatalogservice,574.0,1535,0.95,0.3739413680781759,0
2026-09-24T11:17:02Z,paymentservice,49.0,155,0.8,0.3161290322580645,0
2026-09-24T11:17:02Z,recommendationservice,789.0,1150,0.8,0.6860869565217391,0
2026-09-24T11:17:02Z,shippingservice,112.0,770,0.8,0.14545454545454545,0
2026-09-24T11:17:02Z,currencyservice,441.0,770,0.8,0.5727272727272728,0
2026-09-24T11:17:02Z,emailservice,9.0,155,0.8,0.05806451612903226,0
2026-09-24T11:17:02Z,adservice,107.0,1150,0.8,0.09304347826086956,0
2026-09-24T11:17:02Z,redis-cart,22.0,540,0.8,0.040740740740740744,0
2026-09-24T11:17:03Z,frontend,326.0,1150,0.8,0.28347826086956524,0
2026-09-24T11:17:03Z,cartservice,334.0,1920,0.95,0.17395833333333333,0
2026-09-24T11:17:03Z,checkoutservice,607.0,615,0.8,0.9869918699186991,1
2026-09-24T11:17:03Z,productcatalogservice,574.0,1535,0.95,0.3739413680781759,0
2026-09-24T11:17:03Z,paymentservice,35.0,155,0.8,0.22580645161290322,0
2026-09-24T11:17:03Z,recommendationservice,779.0,1150,0.8,0.6773913043478261,0
2026-09-24T11:17:03Z,shippingservice,137.0,770,0.8,0.17792207792207793,0
2026-09-24T11:17:03Z,currencyservice,420.0,770,0.8,0.5454545454545454,0
2026-09-24T11:17:03Z,emailservice,0.0,155,0.8,0.0,0
2026-09-24T11:17:03Z,adservice,152.0,1150,0.8,0.13217391304347825,0
2026-09-24T11:17:03Z,redis-cart,24.0,540,0.8,0.044444444444444446,0
2026-09-24T11:17:04Z,frontend,349.0,1150,0.8,0.3034782608695652,0
2026-09-24T11:17:04Z,cartservice,320.0,1920,0.95,0.16666666666666666,0
2026-09-24T11:17:04Z,checkoutservice,612.0,615,0.8,0.9951219512195122,1
2026-09-24T11:17:04Z,productcatalogservice,569.0,1535,0.95,0.3706840390879479,0
2026-09-24T11:17:04Z,paymentservice,35.0,155,0.8,0.22580645161290322,0
2026-09-24T11:17:04Z,recommendationservice,885.0,1150,0.8,0.7695652173913043,0
2026-09-24T11:17:04Z,shippingservice,119.0,770,0.8,0.15454545454545454,0
2026-09-24T11:17:04Z,currencyservice,420.0,770,0.8,0.5454545454545454,0
2026-09-24T11:17:04Z,emailservice,0.0,155,0.8,0.0,0
2026-09-24T11:17:04Z,adservice,152.0,1150,0.8,0.13217391304347825,0
2026-09-24T11:17:04Z,redis-cart,23.0,540,0.8,0.04259259259259259,0
2026-09-24T11:17:05Z,frontend,369.25,1150,0.8,0.32108695652173913,0
2026-09-24T11:17:05Z,cartservice,320.0,1920,0.95,0.16666666666666666,0
2026-09-24T11:17:05Z,checkoutservice,619.0,615,0.8,1.0065040650406505,1
2026-09-24T11:17:05Z,productcatalogservice,611.0,1535,0.95,0.3980456026058632,0
2026-09-24T11:17:05Z,paymentservice,42.0,155,0.8,0.2709677419354839,0
2026-09-24T11:17:05Z,recommendationservice,885.0,1150,0.8,0.7695652173913043,0
2026-09-24T11:17:05Z,shippingservice,98.0,770,0.8,0.12727272727272726,0
2026-09-24T11:17:05Z,currencyservice,480.0,770,0.8,0.6233766233766234,0
2026-09-24T11:17:05Z,emailservice,41.0,155,0.8,0.2645161290322581,0
2026-09-24T11:17:05Z,adservice,136.0,1150,0.8,0.11826086956521739,0
2026-09-24T11:17:05Z,redis-cart,23.0,540,0.8,0.04259259259259259,0
2026-09-24T11:17:06Z,frontend,383.0,1150,0.8,0.33304347826086955,0
2026-09-24T11:17:06Z,cartservice,328.0,1920,0.95,0.17083333333333334,0
2026-09-24T11:17:06Z,checkoutservice,590.0,615,0.8,0.959349593495935,1
2026-09-24T11:17:06Z,productcatalogservice,611.0,1535,0.95,0.3980456026058632,0
2026-09-24T11:17:06Z,paymentservice,24.0,155,0.8,0.15483870967741936,0
2026-09-24T11:17:06Z,recommendationservice,911.0,1150,0.8,0.7921739130434783,0
2026-09-24T11:17:06Z,shippingservice,98.0,770,0.8,0.12727272727272726,0
2026-09-24T11:17:06Z,currencyservice,480.0,770,0.8,0.6233766233766234,0
2026-09-24T11:17:06Z,emailservice,0.0,155,0.8,0.0,0
2026-09-24T11:17:06Z,adservice,150.0,1150,0.8,0.13043478260869565,0
2026-09-24T11:17:06Z,redis-cart,24.0,540,0.8,0.044444444444444446,0
2026-09-24T11:17:07Z,frontend,347.5,1150,0.8,0.30217391304347824,0
2026-09-24T11:17:07Z,cartservice,351.0,1920,0.95,0.1828125,0
2026-09-24T11:17:07Z,checkoutservice,590.0,615,0.8,0.959349593495935,1
2026-09-24T11:17:07Z,productcatalogservice,578.0,1535,0.95,0.37654723127035833,0
2026-09-24T11:17:07Z,paymentservice,28.0,155,0.8,0.18064516129032257,0
2026-09-24T11:17:07Z,recommendationservice,911.0,1150,0.8,0.7921739130434783,0
2026-09-24T11:17:07Z,shippingservice,131.0,770,0.8,0.17012987012987013,0
2026-09-24T11:17:07Z,currencyservice,488.0,770,0.8,0.6337662337662338,0
2026-09-24T11:17:07Z,emailservice,0.0,155,0.8,0.0,0
2026-09-24T11:17:07Z,adservice,172.0,1150,0.8,0.14956521739130435,0
2026-09-24T11:17:07Z,redis-cart,21.0,540,0.8,0.03888888888888889,0
2026-09-24T11:17:08Z,frontend,347.0,1150,0.8,0.3017391304347826,0
2026-09-24T11:17:08Z,cartservice,351.0,1920,0.95,0.1828125,0
2026-09-24T11:17:08Z,checkoutservice,603.0,615,0.8,0.9804878048780488,1
2026-09-24T11:17:08Z,productcatalogservice,578.0,1535,0.95,0.37654723127035833,0
2026-09-24T11:17:08Z,paymentservice,28.0,155,0.8,0.18064516129032257,0
2026-09-24T11:17:08Z,recommendationservice,794.0,1150,0.8,0.6904347826086956,0
2026-09-24T11:17:08Z,shippingservice,142.0,770,0.8,0.18441558441558442,0
2026-09-24T11:17:08Z,currencyservice,400.0,770,0.8,0.5194805194805194,0
2026-09-24T11:17:08Z,emailservice,0.0,155,0.8,0.0,0
2026-09-24T11:17:08Z,adservice,172.0,1150,0.8,0.14956521739130435,0
2026-09-24T11:17:08Z,redis-cart,21.0,540,0.8,0.03888888888888889,0
2026-09-24T11:17:09Z,frontend,364.5,1150,0.8,0.3169565217391304,0
2026-09-24T11:17:09Z,cartservice,344.0,1920,0.95,0.17916666666666667,0
2026-09-24T11:17:09Z,checkoutservice,603.0,615,0.8,0.9804878048780488,1
2026-09-24T11:17:09Z,productcatalogservice,609.0,1535,0.95,0.396742671009772,0
2026-09-24T11:17:09Z,paymentservice,37.0,155,0.8,0.23870967741935484,0
2026-09-24T11:17:09Z,recommendationservice,906.0,1150,0.8,0.7878260869565218,0
2026-09-24T11:17:09Z,shippingservice,142.0,770,0.8,0.18441558441558442,0
2026-09-24T11:17:09Z,currencyservice,400.0,770,0.8,0.5194805194805194,0
2026-09-24T11:17:09Z,emailservice,0.0,155,0.8,0.0,0
2026-09-24T11:17:09Z,adservice,139.0,1150,0.8,0.1208695652173913,0
2026-09-24T11:17:09Z,redis-cart,24.0,540,0.8,0.044444444444444446,0
2026-09-24T11:17:10Z,frontend,356.25,1150,0.8,0.30978260869565216,0
2026-09-24T11:17:10Z,cartservice,344.0,1920,0.95,0.17916666666666667,0
2026-09-24T11:17:10Z,checkoutservice,608.0,615,0.8,0.9886178861788618,1
2026-09-24T11:17:10Z,productcatalogservice,555.0,1535,0.95,0.36156351791530944,0
2026-09-24T11:17:10Z,paymentservice,76.0,155,0.8,0.49032258064516127,0
2026-09-24T11:17:10Z,recommendationservice,884.0,1150,0.8,0.768695652173913,0
2026-09-24T11:17:10Z,shippingservice,124.0,770,0.8,0.16103896103896104,0
2026-09-24T11:17:10Z,currencyservice,492.0,770,0.8,0.638961038961039,0
2026-09-24T11:17:10Z,emailservice,23.0,155,0.8,0.14838709677419354,0
2026-09-24T11:17:10Z,adservice,139.0,1150,0.8,0.1208695652173913,0
2026-09-24T11:17:10Z,redis-cart,26.0,540,0.8,0.04814814814814815,0
2026-09-24T11:17:11Z,frontend,354.5,1150,0.8,0.30826086956521737,0
2026-09-24T11:17:11Z,cartservice,320.0,1920,0.95,0.16666666666666666,0
2026-09-24T11:17:11Z,checkoutservice,608.0,615,0.8,0.9886178861788618,1
2026-09-24T11:17:11Z,productcatalogservice,555.0,1535,0.95,0.36156351791530944,0
2026-09-24T11:17:11Z,paymentservice,43.0,155,0.8,0.27741935483870966,0
2026-09-24T11:17:11Z,recommendationservice,884.0,1150,0.8,0.768695652173913,0
2026-09-24T11:17:11Z,shippingservice,112.0,770,0.8,0.14545454545454545,0
2026-09-24T11:17:11Z,currencyservice,452.0,770,0.8,0.587012987012987,0
2026-09-24T11:17:11Z,emailservice,0.0,155,0.8,0.0,0
2026-09-24T11:17:11Z,adservice,153.0,1150,0.8,0.13304347826086957,0
2026-09-24T11:17:11Z,redis-cart,22.0,540,0.8,0.040740740740740744,0
2026-09-24T11:17:12Z,frontend,357.25,1150,0.8,0.3106521739130435,0
2026-09-24T11:17:12Z,cartservice,317.0,1920,0.95,0.16510416666666666,0
2026-09-24T11:17:12Z,checkoutservice,617.0,615,0.8,1.0032520325203251,1
2026-09-24T11:17:12Z,productcatalogservice,608.0,1535,0.95,0.39609120521172636,0
2026-09-24T11:17:12Z,paymentservice,43.0,155,0.8,0.27741935483870966,0
2026-09-24T11:17:12Z,recommendationservice,890.0,1150,0.8,0.7739130434782608,0
2026-09-24T11:17:12Z,shippingservice,137.0,770,0.8,0.17792207792207793,0
2026-09-24T11:17:12Z,currencyservice,401.0,770,0.8,0.5207792207792208,0
2026-09-24T11:17:12Z,emailservice,0.0,155,0.8,0.0,0
2026-09-24T11:17:12Z,adservice,153.0,1150,0.8,0.13304347826086957,0
2026-09-24T11:17:12Z,redis-cart,22.0,540,0.8,0.040740740740740744,0
2026-09-24T11:17:13Z,frontend,366.75,1150,0.8,0.3189130434782609,0
2026-09-24T11:17:13Z,cartservice,317.0,1920,0.95,0.16510416666666666,0
2026-09-24T11:17:13Z,checkoutservice,602.0,615,0.8,0.9788617886178862,1
2026-09-24T11:17:13Z,productcatalogservice,608.0,1535,0.95,0.39609120521172636,0
2026-09-24T11:17:13Z,paymentservice,29.0,155,0.8,0.1870967741935484,0
2026-09-24T11:17:13Z,recommendationservice,909.0,1150,0.8,0.7904347826086957,0
2026-09-24T11:17:13Z,shippingservice,137.0,770,0.8,0.17792207792207793,0
2026-09-24T11:17:13Z,currencyservice,401.0,770,0.8,0.5207792207792208,0
2026-09-24T11:17:13Z,emailservice,0.0,155,0.8,0.0,0
2026-09-24T11:17:13Z,adservice,154.0,1150,0.8,0.13391304347826086,0
2026-09-24T11:17:13Z,redis-cart,22.0,540,0.8,0.040740740740740744,0
2026-09-24T11:17:14Z,frontend,353.25,1150,0.8,0.30717391304347824,0
2026-09-24T11:17:14Z,cartservice,314.0,1920,0.95,0.16354166666666667,0
2026-09-24T11:17:14Z,checkoutservice,628.0,615,0.8,1.021138211382114,1
2026-09-24T11:17:14Z,productcatalogservice,616.0,1535,0.95,0.4013029315960912,0
2026-09-24T11:17:14Z,paymentservice,50.0,155,0.8,0.3225806451612903,0
2026-09-24T11:17:14Z,recommendationservice,909.0,1150,0.8,0.7904347826086957,0
2026-09-24T11:17:14Z,shippingservice,137.0,770,0.8,0.17792207792207793,0
2026-09-24T11:17:14Z,currencyservice,534.0,770,0.8,0.6935064935064935,0
2026-09-24T11:17:14Z,emailservice,0.0,155,0.8,0.0,0
2026-09-24T11:17:14Z,adservice,167.0,1150,0.8,0.14521739130434783,0
2026-09-24T11:17:14Z,redis-cart,23.0,540,0.8,0.04259259259259259,0
2026-09-24T11:17:15Z,frontend,378.5,1150,0.8,0.32913043478260867,0
2026-09-24T11:17:15Z,cartservice,327.0,1920,0.95,0.1703125,0
2026-09-24T11:17:15Z,checkoutservice,628.0,615,0.8,1.021138211382114,1
2026-09-24T11:17:15Z,productcatalogservice,609.0,1535,0.95,0.396742671009772,0
2026-09-24T11:17:15Z,paymentservice,50.0,155,0.8,0.3225806451612903,0
2026-09-24T11:17:15Z,recommendationservice,897.0,1150,0.8,0.78,0
2026-09-24T11:17:15Z,shippingservice,137.0,770,0.8,0.17792207792207793,0
2026-09-24T11:17:15Z,currencyservice,406.0,770,0.8,0.5272727272727272,0
2026-09-24T11:17:15Z,emailservice,27.0,155,0.8,0.17419354838709677,0
2026-09-24T11:17:15Z,adservice,167.0,1150,0.8,0.14521739130434783,0
2026-09-24T11:17:15Z,redis-cart,23.0,540,0.8,0.04259259259259259,0
2026-09-24T11:17:16Z,frontend,376.25,1150,0.8,0.32717391304347826,0
2026-09-24T11:17:16Z,cartservice,327.0,1920,0.95,0.1703125,0
2026-09-24T11:17:16Z,checkoutservice,605.0,615,0.8,0.983739837398374,1
2026-09-24T11:17:16Z,productcatalogservice,609.0,1535,0.95,0.396742671009772,0
2026-09-24T11:17:16Z,paymentservice,46.0,155,0.8,0.2967741935483871,0
2026-09-24T11:17:16Z,recommendationservice,968.0,1150,0.8,0.8417391304347827,1
2026-09-24T11:17:16Z,shippingservice,125.0,770,0.8,0.16233766233766234,0
2026-09-24T11:17:16Z,currencyservice,428.0,770,0.8,0.5558441558441558,0
2026-09-24T11:17:16Z,emailservice,27.0,155,0.8,0.17419354838709677,0
2026-09-24T11:17:16Z,adservice,136.0,1150,0.8,0.11826086956521739,0
2026-09-24T11:17:16Z,redis-cart,22.0,540,0.8,0.040740740740740744,0
2026-09-24T11:17:17Z,frontend,383.25,1150,0.8,0.3332608695652174,0
2026-09-24T11:17:17Z,cartservice,342.0,1920,0.95,0.178125,0
2026-09-24T11:17:17Z,checkoutservice,605.0,615,0.8,0.983739837398374,1
2026-09-24T11:17:17Z,productcatalogservice,616.0,1535,0.95,0.4013029315960912,0
2026-09-24T11:17:17Z,paymentservice,41.0,155,0.8,0.2645161290322581,0
2026-09-24T11:17:17Z,recommendationservice,968.0,1150,0.8,0.8417391304347827,1
2026-09-24T11:17:17Z,shippingservice,106.0,770,0.8,0.13766233766233765,0
2026-09-24T11:17:17Z,currencyservice,508.0,770,0.8,0.6597402597402597,0
2026-09-24T11:17:17Z,emailservice,0.0,155,0.8,0.0,0
2026-09-24T11:17:17Z,adservice,162.0,1150,0.8,0.1408695652173913,0
2026-09-24T11:17:17Z,redis-cart,22.0,540,0.8,0.040740740740740744,0
2026-09-24T11:17:18Z,frontend,376.75,1150,0.8,0.32760869565217393,0
2026-09-24T11:17:18Z,cartservice,425.0,1920,0.95,0.22135416666666666,0
2026-09-24T11:17:18Z,checkoutservice,618.0,615,0.8,1.0048780487804878,1
2026-09-24T11:17:18Z,productcatalogservice,616.0,1535,0.95,0.4013029315960912,0
2026-09-24T11:17:18Z,paymentservice,41.0,155,0.8,0.2645161290322581,0
2026-09-24T11:17:18Z,recommendationservice,832.0,1150,0.8,0.7234782608695652,0
2026-09-24T11:17:18Z,shippingservice,106.0,770,0.8,0.13766233766233765,0
2026-09-24T11:17:18Z,currencyservice,508.0,770,0.8,0.6597402597402597,0
2026-09-24T11:17:18Z,emailservice,0.0,155,0.8,0.0,0
2026-09-24T11:17:18Z,adservice,162.0,1150,0.8,0.1408695652173913,0
2026-09-24T11:17:18Z,redis-cart,24.0,540,0.8,0.044444444444444446,0
2026-09-24T11:17:19Z,frontend,396.0,1150,0.8,0.3443478260869565,0
2026-09-24T11:17:19Z,cartservice,425.0,1920,0.95,0.22135416666666666,0
2026-09-24T11:17:19Z,checkoutservice,601.0,615,0.8,0.9772357723577236,1
2026-09-24T11:17:19Z,productcatalogservice,617.0,1535,0.95,0.4019543973941368,0
2026-09-24T11:17:19Z,paymentservice,41.0,155,0.8,0.2645161290322581,0
2026-09-24T11:17:19Z,recommendationservice,908.0,1150,0.8,0.7895652173913044,0
2026-09-24T11:17:19Z,shippingservice,156.0,770,0.8,0.2025974025974026,0
2026-09-24T11:17:19Z,currencyservice,481.0,770,0.8,0.6246753246753247,0
2026-09-24T11:17:19Z,emailservice,0.0,155,0.8,0.0,0
2026-09-24T11:17:19Z,adservice,151.0,1150,0.8,0.13130434782608696,0
2026-09-24T11:17:19Z,redis-cart,24.0,540,0.8,0.044444444444444446,0
2026-09-24T11:17:20Z,frontend,372.25,1150,0.8,0.32369565217391305,0
2026-09-24T11:17:20Z,cartservice,333.0,1920,0.95,0.1734375,0
2026-09-24T11:17:20Z,checkoutservice,601.0,615,0.8,0.9772357723577236,1
2026-09-24T11:17:20Z,productcatalogservice,589.0,1535,0.95,0.38371335504885995,0
2026-09-24T11:17:20Z,paymentservice,41.0,155,0.8,0.2645161290322581,0
2026-09-24T11:17:20Z,recommendationservice,899.0,1150,0.8,0.7817391304347826,0
2026-09-24T11:17:20Z,shippingservice,119.0,770,0.8,0.15454545454545454,0
2026-09-24T11:17:20Z,currencyservice,481.0,770,0.8,0.6246753246753247,0
2026-09-24T11:17:20Z,emailservice,26.0,155,0.8,0.16774193548387098,0
2026-09-24T11:17:20Z,adservice,150.0,1150,0.8,0.13043478260869565,0
2026-09-24T11:17:20Z,redis-cart,25.0,540,0.8,0.046296296296296294,0
2026-09-24T11:17:21Z,frontend,382.0,1150,0.8,0.33217391304347826,0
2026-09-24T11:17:21Z,cartservice,319.0,1920,0.95,0.16614583333333333,0
2026-09-24T11:17:21Z,checkoutservice,597.0,615,0.8,0.9707317073170731,1
2026-09-24T11:17:21Z,productcatalogservice,589.0,1535,0.95,0.38371335504885995,0
2026-09-24T11:17:21Z,paymentservice,102.0,155,0.8,0.6580645161290323,0
2026-09-24T11:17:21Z,recommendationservice,899.0,1150,0.8,0.7817391304347826,0
2026-09-24T11:17:21Z,shippingservice,119.0,770,0.8,0.15454545454545454,0
2026-09-24T11:17:21Z,currencyservice,543.0,770,0.8,0.7051948051948052,0
2026-09-24T11:17:21Z,emailservice,26.0,155,0.8,0.16774193548387098,0
2026-09-24T11:17:21Z,adservice,150.0,1150,0.8,0.13043478260869565,0
2026-09-24T11:17:21Z,redis-cart,25.0,540,0.8,0.046296296296296294,0
2026-09-24T11:17:22Z,frontend,390.5,1150,0.8,0.33956521739130435,0
2026-09-24T11:17:22Z,cartservice,348.0,1920,0.95,0.18125,0
2026-09-24T11:17:22Z,checkoutservice,625.0,615,0.8,1.016260162601626,1
2026-09-24T11:17:22Z,productcatalogservice,596.0,1535,0.95,0.38827361563517915,0
2026-09-24T11:17:22Z,paymentservice,49.0,155,0.8,0.3161290322580645,0
2026-09-24T11:17:22Z,recommendationservice,851.0,1150,0.8,0.74,0
2026-09-24T11:17:22Z,shippingservice,134.0,770,0.8,0.17402597402597403,0
2026-09-24T11:17:22Z,currencyservice,543.0,770,0.8,0.7051948051948052,0
2026-09-24T11:17:22Z,emailservice,0.0,155,0.8,0.0,0
2026-09-24T11:17:22Z,adservice,137.0,1150,0.8,0.1191304347826087,0
2026-09-24T11:17:22Z,redis-cart,25.0,540,0.8,0.046296296296296294,0
2026-09-24T11:17:23Z,frontend,377.25,1150,0.8,0.32804347826086955,0
2026-09-24T11:17:23Z,cartservice,348.0,1920,0.95,0.18125,0
2026-09-24T11:17:23Z,checkoutservice,599.0,615,0.8,0.9739837398373984,1
2026-09-24T11:17:23Z,productcatalogservice,608.0,1535,0.95,0.39609120521172636,0
2026-09-24T11:17:23Z,paymentservice,49.0,155,0.8,0.3161290322580645,0
2026-09-24T11:17:23Z,recommendationservice,851.0,1150,0.8,0.74,0
2026-09-24T11:17:23Z,shippingservice,134.0,770,0.8,0.17402597402597403,0
2026-09-24T11:17:23Z,currencyservice,406.0,770,0.8,0.5272727272727272,0
2026-09-24T11:17:23Z,emailservice,0.0,155,0.8,0.0,0
2026-09-24T11:17:23Z,adservice,160.0,1150,0.8,0.1391304347826087,0
2026-09-24T11:17:23Z,redis-cart,23.0,540,0.8,0.04259259259259259,0
2026-09-24T11:17:24Z,frontend,389.75,1150,0.8,0.33891304347826084,0
2026-09-24T11:17:24Z,cartservice,325.0,1920,0.95,0.16927083333333334,0
2026-09-24T11:17:24Z,checkoutservice,644.0,615,0.8,1.0471544715447154,1
2026-09-24T11:17:24Z,productcatalogservice,588.0,1535,0.95,0.38306188925081436,0
2026-09-24T11:17:24Z,paymentservice,38.0,155,0.8,0.24516129032258063,0
2026-09-24T11:17:24Z,recommendationservice,870.0,1150,0.8,0.7565217391304347,0
2026-09-24T11:17:24Z,shippingservice,143.0,770,0.8,0.18571428571428572,0
2026-09-24T11:17:24Z,currencyservice,512.0,770,0.8,0.6649350649350649,0
2026-09-24T11:17:24Z,emailservice,12.0,155,0.8,0.07741935483870968,0
2026-09-24T11:17:24Z,adservice,160.0,1150,0.8,0.1391304347826087,0
2026-09-24T11:17:24Z,redis-cart,26.0,540,0.8,0.04814814814814815,0
2026-09-24T11:17:25Z,frontend,395.25,1150,0.8,0.34369565217391307,0
2026-09-24T11:17:25Z,cartservice,325.0,1920,0.95,0.16927083333333334,0
2026-09-24T11:17:25Z,checkoutservice,644.0,615,0.8,1.0471544715447154,1
2026-09-24T11:17:25Z,productcatalogservice,588.0,1535,0.95,0.38306188925081436,0
2026-09-24T11:17:25Z,paymentservice,32.0,155,0.8,0.2064516129032258,0
2026-09-24T11:17:25Z,recommendationservice,889.0,1150,0.8,0.7730434782608696,0
2026-09-24T11:17:25Z,shippingservice,133.0,770,0.8,0.17272727272727273,0
2026-09-24T11:17:25Z,currencyservice,512.0,770,0.8,0.6649350649350649,0
2026-09-24T11:17:25Z,emailservice,26.0,155,0.8,0.16774193548387098,0
2026-09-24T11:17:25Z,adservice,170.0,1150,0.8,0.14782608695652175,0
2026-09-24T11:17:25Z,redis-cart,24.0,540,0.8,0.044444444444444446,0
2026-09-24T11:17:26Z,frontend,371.25,1150,0.8,0.32282608695652176,0
2026-09-24T11:17:26Z,cartservice,323.0,1920,0.95,0.16822916666666668,0
2026-09-24T11:17:26Z,checkoutservice,616.0,615,0.8,1.0016260162601627,1
2026-09-24T11:17:26Z,productcatalogservice,584.0,1535,0.95,0.38045602605863194,0
2026-09-24T11:17:26Z,paymentservice,32.0,155,0.8,0.2064516129032258,0
2026-09-24T11:17:26Z,recommendationservice,889.0,1150,0.8,0.7730434782608696,0
2026-09-24T11:17:26Z,shippingservice,133.0,770,0.8,0.17272727272727273,0
2026-09-24T11:17:26Z,currencyservice,422.0,770,0.8,0.548051948051948,0
2026-09-24T11:17:26Z,emailservice,26.0,155,0.8,0.16774193548387098,0
2026-09-24T11:17:26Z,adservice,162.0,1150,0.8,0.1408695652173913,0
2026-09-24T11:17:26Z,redis-cart,24.0,540,0.8,0.044444444444444446,0
2026-09-24T11:17:27Z,frontend,372.25,1150,0.8,0.32369565217391305,0
2026-09-24T11:17:27Z,cartservice,373.0,1920,0.95,0.19427083333333334,0
2026-09-24T11:17:27Z,checkoutservice,585.0,615,0.8,0.9512195121951219,1
2026-09-24T11:17:27Z,productcatalogservice,625.0,1535,0.95,0.40716612377850164,0
2026-09-24T11:17:27Z,paymentservice,43.0,155,0.8,0.27741935483870966,0
2026-09-24T11:17:27Z,recommendationservice,838.0,1150,0.8,0.7286956521739131,0
2026-09-24T11:17:27Z,shippingservice,117.0,770,0.8,0.15194805194805194,0
2026-09-24T11:17:27Z,currencyservice,540.0,770,0.8,0.7012987012987013,0
2026-09-24T11:17:27Z,emailservice,0.0,155,0.8,0.0,0
2026-09-24T11:17:27Z,adservice,155.0,1150,0.8,0.13478260869565217,0
2026-09-24T11:17:27Z,redis-cart,24.0,540,0.8,0.044444444444444446,0
2026-09-24T11:17:28Z,frontend,390.75,1150,0.8,0.3397826086956522,0
2026-09-24T11:17:28Z,cartservice,331.0,1920,0.95,0.17239583333333333,0
2026-09-24T11:17:28Z,checkoutservice,585.0,615,0.8,0.9512195121951219,1
2026-09-24T11:17:28Z,productcatalogservice,625.0,1535,0.95,0.40716612377850164,0
2026-09-24T11:17:28Z,paymentservice,40.0,155,0.8,0.25806451612903225,0
2026-09-24T11:17:28Z,recommendationservice,838.0,1150,0.8,0.7286956521739131,0
2026-09-24T11:17:28Z,shippingservice,151.0,770,0.8,0.1961038961038961,0
2026-09-24T11:17:28Z,currencyservice,434.0,770,0.8,0.5636363636363636,0
2026-09-24T11:17:28Z,emailservice,0.0,155,0.8,0.0,0
2026-09-24T11:17:28Z,adservice,163.0,1150,0.8,0.14173913043478262,0
2026-09-24T11:17:28Z,redis-cart,23.0,540,0.8,0.04259259259259259,0
2026-09-24T11:17:29Z,frontend,394.0,1150,0.8,0.3426086956521739,0
2026-09-24T11:17:29Z,cartservice,331.0,1920,0.95,0.17239583333333333,0
2026-09-24T11:17:29Z,checkoutservice,616.0,615,0.8,1.0016260162601627,1
2026-09-24T11:17:29Z,productcatalogservice,624.0,1535,0.95,0.40651465798045605,0
2026-09-24T11:17:29Z,paymentservice,40.0,155,0.8,0.25806451612903225,0
2026-09-24T11:17:29Z,recommendationservice,866.0,1150,0.8,0.7530434782608696,0
2026-09-24T11:17:29Z,shippingservice,126.0,770,0.8,0.16363636363636364,0
2026-09-24T11:17:29Z,currencyservice,434.0,770,0.8,0.5636363636363636,0
2026-09-24T11:17:29Z,emailservice,0.0,155,0.8,0.0,0
2026-09-24T11:17:29Z,adservice,163.0,1150,0.8,0.14173913043478262,0
2026-09-24T11:17:29Z,redis-cart,27.0,540,0.8,0.05,0
2026-09-24T11:17:30Z,frontend,385.25,1150,0.8,0.335,0
2026-09-24T11:17:30Z,cartservice,343.0,1920,0.95,0.17864583333333334,0
2026-09-24T11:17:30Z,checkoutservice,616.0,615,0.8,1.0016260162601627,1
2026-09-24T11:17:30Z,productcatalogservice,562.0,1535,0.95,0.36612377850162864,0
2026-09-24T11:17:30Z,paymentservice,36.0,155,0.8,0.23225806451612904,0
2026-09-24T11:17:30Z,recommendationservice,924.0,1150,0.8,0.8034782608695652,1
2026-09-24T11:17:30Z,shippingservice,126.0,770,0.8,0.16363636363636364,0
2026-09-24T11:17:30Z,currencyservice,510.0,770,0.8,0.6623376623376623,0
2026-09-24T11:17:30Z,emailservice,24.0,155,0.8,0.15483870967741936,0
2026-09-24T11:17:30Z,adservice,135.0,1150,0.8,0.11739130434782609,0
2026-09-24T11:17:30Z,redis-cart,27.0,540,0.8,0.05,0
2026-09-24T11:17:31Z,frontend,354.0,1150,0.8,0.30782608695652175,0
2026-09-24T11:17:31Z,cartservice,343.0,1920,0.95,0.17864583333333334,0
2026-09-24T11:17:31Z,checkoutservice,607.0,615,0.8,0.9869918699186991,1
2026-09-24T11:17:31Z,productcatalogservice,562.0,1535,0.95,0.36612377850162864,0
2026-09-24T11:17:31Z,paymentservice,54.0,155,0.8,0.34838709677419355,0
2026-09-24T11:17:31Z,recommendationservice,924.0,1150,0.8,0.8034782608695652,1
2026-09-24T11:17:31Z,shippingservice,115.0,770,0.8,0.14935064935064934,0
2026-09-24T11:17:31Z,currencyservice,510.0,770,0.8,0.6623376623376623,0
2026-09-24T11:17:31Z,emailservice,24.0,155,0.8,0.15483870967741936,0
2026-09-24T11:17:31Z,adservice,153.0,1150,0.8,0.13304347826086957,0
2026-09-24T11:17:31Z,redis-cart,23.0,540,0.8,0.04259259259259259,0
2026-09-24T11:17:32Z,frontend,399.5,1150,0.8,0.3473913043478261,0
2026-09-24T11:17:32Z,cartservice,331.0,1920,0.95,0.17239583333333333,0
2026-09-24T11:17:32Z,checkoutservice,605.0,615,0.8,0.983739837398374,1
2026-09-24T11:17:32Z,productcatalogservice,612.0,1535,0.95,0.3986970684039088,0
2026-09-24T11:17:32Z,paymentservice,54.0,155,0.8,0.34838709677419355,0
2026-09-24T11:17:32Z,recommendationservice,803.0,1150,0.8,0.6982608695652174,0
2026-09-24T11:17:32Z,shippingservice,115.0,770,0.8,0.14935064935064934,0
2026-09-24T11:17:32Z,currencyservice,473.0,770,0.8,0.6142857142857143,0
2026-09-24T11:17:32Z,emailservice,0.0,155,0.8,0.0,0
2026-09-24T11:17:32Z,adservice,159.0,1150,0.8,0.13826086956521738,0
2026-09-24T11:17:32Z,redis-cart,23.0,540,0.8,0.04259259259259259,0
2026-09-24T11:17:33Z,frontend,424.0,1150,0.8,0.36869565217391304,0
2026-09-24T11:17:33Z,cartservice,331.0,1920,0.95,0.17239583333333333,0
2026-09-24T11:17:33Z,checkoutservice,612.0,615,0.8,0.9951219512195122,1
2026-09-24T11:17:33Z,productcatalogservice,619.0,1535,0.95,0.40325732899022804,0
2026-09-24T11:17:33Z,paymentservice,32.0,155,0.8,0.2064516129032258,0
2026-09-24T11:17:33Z,recommendationservice,932.0,1150,0.8,0.8104347826086956,1
2026-09-24T11:17:33Z,shippingservice,136.0,770,0.8,0.17662337662337663,0
2026-09-24T11:17:33Z,currencyservice,481.0,770,0.8,0.6246753246753247,0
2026-09-24T11:17:33Z,emailservice,0.0,155,0.8,0.0,0
2026-09-24T11:17:33Z,adservice,159.0,1150,0.8,0.13826086956521738,0
2026-09-24T11:17:33Z,redis-cart,26.0,540,0.8,0.04814814814814815,0
2026-09-24T11:17:34Z,frontend,401.5,1150,0.8,0.3491304347826087,0
2026-09-24T11:17:34Z,cartservice,333.0,1920,0.95,0.1734375,0
2026-09-24T11:17:34Z,checkoutservice,612.0,615,0.8,0.9951219512195122,1
2026-09-24T11:17:34Z,productcatalogservice,619.0,1535,0.95,0.40325732899022804,0
2026-09-24T11:17:34Z,paymentservice,32.0,155,0.8,0.2064516129032258,0
2026-09-24T11:17:34Z,recommendationservice,932.0,1150,0.8,0.8104347826086956,1
2026-09-24T11:17:34Z,shippingservice,120.0,770,0.8,0.15584415584415584,0
2026-09-24T11:17:34Z,currencyservice,427.0,770,0.8,0.5545454545454546,0
2026-09-24T11:17:34Z,emailservice,17.0,155,0.8,0.10967741935483871,0
2026-09-24T11:17:34Z,adservice,147.0,1150,0.8,0.12782608695652173,0
2026-09-24T11:17:34Z,redis-cart,24.0,540,0.8,0.044444444444444446,0
2026-09-24T11:17:35Z,frontend,395.0,1150,0.8,0.34347826086956523,0
2026-09-24T11:17:35Z,cartservice,344.0,1920,0.95,0.17916666666666667,0
2026-09-24T11:17:35Z,checkoutservice,585.0,615,0.8,0.9512195121951219,1
2026-09-24T11:17:35Z,productcatalogservice,614.0,1535,0.95,0.4,0
2026-09-24T11:17:35Z,paymentservice,39.0,155,0.8,0.25161290322580643,0
2026-09-24T11:17:35Z,recommendationservice,904.0,1150,0.8,0.7860869565217391,0
2026-09-24T11:17:35Z,shippingservice,120.0,770,0.8,0.15584415584415584,0
2026-09-24T11:17:35Z,currencyservice,427.0,770,0.8,0.5545454545454546,0
2026-09-24T11:17:35Z,emailservice,17.0,155,0.8,0.10967741935483871,0
2026-09-24T11:17:35Z,adservice,168.0,1150,0.8,0.14608695652173914,0
2026-09-24T11:17:35Z,redis-cart,22.0,540,0.8,0.040740740740740744,0
2026-09-24T11:17:36Z,frontend,392.25,1150,0.8,0.34108695652173915,0
2026-09-24T11:17:36Z,cartservice,298.0,1920,0.95,0.15520833333333334,0
2026-09-24T11:17:36Z,checkoutservice,585.0,615,0.8,0.9512195121951219,1
2026-09-24T11:17:36Z,productcatalogservice,614.0,1535,0.95,0.4,0
2026-09-24T11:17:36Z,paymentservice,40.0,155,0.8,0.25806451612903225,0
2026-09-24T11:17:36Z,recommendationservice,949.0,1150,0.8,0.8252173913043478,1
2026-09-24T11:17:36Z,shippingservice,136.0,770,0.8,0.17662337662337663,0
2026-09-24T11:17:36Z,currencyservice,463.0,770,0.8,0.6012987012987013,0
2026-09-24T11:17:36Z,emailservice,15.0,155,0.8,0.0967741935483871,0
2026-09-24T11:17:36Z,adservice,168.0,1150,0.8,0.14608695652173914,0
2026-09-24T11:17:36Z,redis-cart,22.0,540,0.8,0.040740740740740744,0
2026-09-24T11:17:37Z,frontend,379.25,1150,0.8,0.3297826086956522,0
2026-09-24T11:17:37Z,cartservice,298.0,1920,0.95,0.15520833333333334,0
2026-09-24T11:17:37Z,checkoutservice,617.0,615,0.8,1.0032520325203251,1
2026-09-24T11:17:37Z,productcatalogservice,608.0,1535,0.95,0.39609120521172636,0
2026-09-24T11:17:37Z,paymentservice,40.0,155,0.8,0.25806451612903225,0
2026-09-24T11:17:37Z,recommendationservice,898.0,1150,0.8,0.7808695652173913,0
2026-09-24T11:17:37Z,shippingservice,136.0,770,0.8,0.17662337662337663,0
2026-09-24T11:17:37Z,currencyservice,463.0,770,0.8,0.6012987012987013,0
2026-09-24T11:17:37Z,emailservice,15.0,155,0.8,0.0967741935483871,0
2026-09-24T11:17:37Z,adservice,131.0,1150,0.8,0.11391304347826087,0
2026-09-24T11:17:37Z,redis-cart,27.0,540,0.8,0.05,0
2026-09-24T11:17:38Z,frontend,392.0,1150,0.8,0.3408695652173913,0
2026-09-24T11:17:38Z,cartservice,350.0,1920,0.95,0.18229166666666666,0
2026-09-24T11:17:38Z,checkoutservice,624.0,615,0.8,1.0146341463414634,1
2026-09-24T11:17:38Z,productcatalogservice,608.0,1535,0.95,0.39609120521172636,0
2026-09-24T11:17:38Z,paymentservice,40.0,155,0.8,0.25806451612903225,0
2026-09-24T11:17:38Z,recommendationservice,898.0,1150,0.8,0.7808695652173913,0
2026-09-24T11:17:38Z,shippingservice,141.0,770,0.8,0.18311688311688312,0
2026-09-24T11:17:38Z,currencyservice,474.0,770,0.8,0.6155844155844156,0
2026-09-24T11:17:38Z,emailservice,0.0,155,0.8,0.0,0
2026-09-24T11:17:38Z,adservice,145.0,1150,0.8,0.12608695652173912,0
2026-09-24T11:17:38Z,redis-cart,22.0,540,0.8,0.040740740740740744,0
2026-09-24T11:17:39Z,frontend,395.75,1150,0.8,0.3441304347826087,0
2026-09-24T11:17:39Z,cartservice,350.0,1920,0.95,0.18229166666666666,0
2026-09-24T11:17:39Z,checkoutservice,624.0,615,0.8,1.0146341463414634,1
2026-09-24T11:17:39Z,productcatalogservice,627.0,1535,0.95,0.4084690553745928,0
2026-09-24T11:17:39Z,paymentservice,22.0,155,0.8,0.14193548387096774,0
2026-09-24T11:17:39Z,recommendationservice,849.0,1150,0.8,0.7382608695652174,0
2026-09-24T11:17:39Z,shippingservice,121.0,770,0.8,0.15714285714285714,0
2026-09-24T11:17:39Z,currencyservice,540.0,770,0.8,0.7012987012987013,0
2026-09-24T11:17:39Z,emailservice,0.0,155,0.8,0.0,0
2026-09-24T11:17:39Z,adservice,145.0,1150,0.8,0.12608695652173912,0
2026-09-24T11:17:39Z,redis-cart,22.0,540,0.8,0.040740740740740744,0
2026-09-24T11:17:40Z,frontend,394.0,1150,0.8,0.3426086956521739,0
2026-09-24T11:17:40Z,cartservice,328.0,1920,0.95,0.17083333333333334,0
2026-09-24T11:17:40Z,checkoutservice,620.0,615,0.8,1.008130081300813,1
2026-09-24T11:17:40Z,productcatalogservice,596.0,1535,0.95,0.38827361563517915,0
2026-09-24T11:17:40Z,paymentservice,22.0,155,0.8,0.14193548387096774,0
2026-09-24T11:17:40Z,recommendationservice,849.0,1150,0.8,0.7382608695652174,0
2026-09-24T11:17:40Z,shippingservice,131.0,770,0.8,0.17012987012987013,0
2026-09-24T11:17:40Z,currencyservice,540.0,770,0.8,0.7012987012987013,0
2026-09-24T11:17:40Z,emailservice,27.0,155,0.8,0.17419354838709677,0
2026-09-24T11:17:40Z,adservice,180.0,1150,0.8,0.1565217391304348,0
2026-09-24T11:17:40Z,redis-cart,26.0,540,0.8,0.04814814814814815,0
2026-09-24T11:17:41Z,frontend,394.0,1150,0.8,0.3426086956521739,0
2026-09-24T11:17:41Z,cartservice,333.0,1920,0.95,0.1734375,0
2026-09-24T11:17:41Z,checkoutservice,620.0,615,0.8,1.008130081300813,1
2026-09-24T11:17:41Z,productcatalogservice,616.0,1535,0.95,0.4013029315960912,0
2026-09-24T11:17:41Z,paymentservice,55.0,155,0.8,0.3548387096774194,0
2026-09-24T11:17:41Z,recommendationservice,894.0,1150,0.8,0.7773913043478261,0
2026-09-24T11:17:41Z,shippingservice,131.0,770,0.8,0.17012987012987013,0
2026-09-24T11:17:41Z,currencyservice,477.0,770,0.8,0.6194805194805195,0
2026-09-24T11:17:41Z,emailservice,27.0,155,0.8,0.17419354838709677,0
2026-09-24T11:17:41Z,adservice,180.0,1150,0.8,0.1565217391304348,0
2026-09-24T11:17:41Z,redis-cart,24.0,540,0.8,0.044444444444444446,0
2026-09-24T11:17:42Z,frontend,384.5,1150,0.8,0.3343478260869565,0
2026-09-24T11:17:42Z,cartservice,333.0,1920,0.95,0.1734375,0
2026-09-24T11:17:42Z,checkoutservice,586.0,615,0.8,0.9528455284552846,1
2026-09-24T11:17:42Z,productcatalogservice,616.0,1535,0.95,0.4013029315960912,0
2026-09-24T11:17:42Z,paymentservice,23.0,155,0.8,0.14838709677419354,0
2026-09-24T11:17:42Z,recommendationservice,874.0,1150,0.8,0.76,0
2026-09-24T11:17:42Z,shippingservice,129.0,770,0.8,0.16753246753246753,0
2026-09-24T11:17:42Z,currencyservice,477.0,770,0.8,0.6194805194805195,0
2026-09-24T11:17:42Z,emailservice,0.0,155,0.8,0.0,0
2026-09-24T11:17:42Z,adservice,150.0,1150,0.8,0.13043478260869565,0
2026-09-24T11:17:42Z,redis-cart,24.0,540,0.8,0.044444444444444446,0
2026-09-24T11:17:43Z,frontend,380.75,1150,0.8,0.33108695652173914,0
2026-09-24T11:17:43Z,cartservice,303.0,1920,0.95,0.1578125,0
2026-09-24T11:17:43Z,checkoutservice,599.0,615,0.8,0.9739837398373984,1
2026-09-24T11:17:43Z,productcatalogservice,605.0,1535,0.95,0.3941368078175896,0
2026-09-24T11:17:43Z,paymentservice,23.0,155,0.8,0.14838709677419354,0
2026-09-24T11:17:43Z,recommendationservice,912.0,1150,0.8,0.7930434782608695,0
2026-09-24T11:17:43Z,shippingservice,129.0,770,0.8,0.16753246753246753,0
2026-09-24T11:17:43Z,currencyservice,538.0,770,0.8,0.6987012987012987,0
2026-09-24T11:17:43Z,emailservice,0.0,155,0.8,0.0,0
2026-09-24T11:17:43Z,adservice,193.0,1150,0.8,0.16782608695652174,0
2026-09-24T11:17:43Z,redis-cart,24.0,540,0.8,0.044444444444444446,0
2026-09-24T11:17:44Z,frontend,386.25,1150,0.8,0.3358695652173913,0
2026-09-24T11:17:44Z,cartservice,310.0,1920,0.95,0.16145833333333334,0
2026-09-24T11:17:44Z,checkoutservice,599.0,615,0.8,0.9739837398373984,1
2026-09-24T11:17:44Z,productcatalogservice,578.0,1535,0.95,0.37654723127035833,0
2026-09-24T11:17:44Z,paymentservice,28.0,155,0.8,0.18064516129032257,0
2026-09-24T11:17:44Z,recommendationservice,856.0,1150,0.8,0.7443478260869565,0
2026-09-24T11:17:44Z,shippingservice,144.0,770,0.8,0.18701298701298702,0
2026-09-24T11:17:44Z,currencyservice,451.0,770,0.8,0.5857142857142857,0
2026-09-24T11:17:44Z,emailservice,0.0,155,0.8,0.0,0
2026-09-24T11:17:44Z,adservice,193.0,1150,0.8,0.16782608695652174,0
2026-09-24T11:17:44Z,redis-cart,24.0,540,0.8,0.044444444444444446,0
2026-09-24T11:17:45Z,frontend,378.75,1150,0.8,0.3293478260869565,0
2026-09-24T11:17:45Z,cartservice,310.0,1920,0.95,0.16145833333333334,0
2026-09-24T11:17:45Z,checkoutservice,615.0,615,0.8,1.0,1
2026-09-24T11:17:45Z,productcatalogservice,620.0,1535,0.95,0.40390879478827363,0
2026-09-24T11:17:45Z,paymentservice,28.0,155,0.8,0.18064516129032257,0
2026-09-24T11:17:45Z,recommendationservice,894.0,1150,0.8,0.7773913043478261,0
2026-09-24T11:17:45Z,shippingservice,112.0,770,0.8,0.14545454545454545,0
2026-09-24T11:17:45Z,currencyservice,426.0,770,0.8,0.5532467532467532,0
2026-09-24T11:17:45Z,emailservice,29.0,155,0.8,0.1870967741935484,0
2026-09-24T11:17:45Z,adservice,116.0,1150,0.8,0.10086956521739131,0
2026-09-24T11:17:45Z,redis-cart,24.0,540,0.8,0.044444444444444446,0
2026-09-24T11:17:46Z,frontend,391.0,1150,0.8,0.34,0
2026-09-24T11:17:46Z,cartservice,317.0,1920,0.95,0.16510416666666666,0
2026-09-24T11:17:46Z,checkoutservice,596.0,615,0.8,0.9691056910569106,1
2026-09-24T11:17:46Z,productcatalogservice,620.0,1535,0.95,0.40390879478827363,0
2026-09-24T11:17:46Z,paymentservice,45.0,155,0.8,0.2903225806451613,0
2026-09-24T11:17:46Z,recommendationservice,894.0,1150,0.8,0.7773913043478261,0
2026-09-24T11:17:46Z,shippingservice,159.0,770,0.8,0.2064935064935065,0
2026-09-24T11:17:46Z,currencyservice,426.0,770,0.8,0.5532467532467532,0
2026-09-24T11:17:46Z,emailservice,0.0,155,0.8,0.0,0
2026-09-24T11:17:46Z,adservice,163.0,1150,0.8,0.14173913043478262,0
2026-09-24T11:17:46Z,redis-cart,24.0,540,0.8,0.044444444444444446,0
2026-09-24T11:17:47Z,frontend,384.5,1150,0.8,0.3343478260869565,0
2026-09-24T11:17:47Z,cartservice,317.0,1920,0.95,0.16510416666666666,0
2026-09-24T11:17:47Z,checkoutservice,596.0,615,0.8,0.9691056910569106,1
2026-09-24T11:17:47Z,productcatalogservice,601.0,1535,0.95,0.39153094462540716,0
2026-09-24T11:17:47Z,paymentservice,33.0,155,0.8,0.2129032258064516,0
2026-09-24T11:17:47Z,recommendationservice,886.0,1150,0.8,0.7704347826086957,0
2026-09-24T11:17:47Z,shippingservice,159.0,770,0.8,0.2064935064935065,0
2026-09-24T11:17:47Z,currencyservice,488.0,770,0.8,0.6337662337662338,0
2026-09-24T11:17:47Z,emailservice,0.0,155,0.8,0.0,0
2026-09-24T11:17:47Z,adservice,163.0,1150,0.8,0.14173913043478262,0
2026-09-24T11:17:47Z,redis-cart,24.0,540,0.8,0.044444444444444446,0
2026-09-24T11:17:48Z,frontend,379.0,1150,0.8,0.32956521739130434,0
2026-09-24T11:17:48Z,cartservice,354.0,1920,0.95,0.184375,0
2026-09-24T11:17:48Z,checkoutservice,634.0,615,0.8,1.0308943089430895,1
2026-09-24T11:17:48Z,productcatalogservice,616.0,1535,0.95,0.4013029315960912,0
2026-09-24T11:17:48Z,paymentservice,33.0,155,0.8,0.2129032258064516,0
2026-09-24T11:17:48Z,recommendationservice,886.0,1150,0.8,0.7704347826086957,0
2026-09-24T11:17:48Z,shippingservice,151.0,770,0.8,0.1961038961038961,0
2026-09-24T11:17:48Z,currencyservice,488.0,770,0.8,0.6337662337662338,0
2026-09-24T11:17:48Z,emailservice,0.0,155,0.8,0.0,0
2026-09-24T11:17:48Z,adservice,130.0,1150,0.8,0.11304347826086956,0
2026-09-24T11:17:48Z,redis-cart,25.0,540,0.8,0.046296296296296294,0
2026-09-24T11:17:49Z,frontend,389.5,1150,0.8,0.33869565217391306,0
2026-09-24T11:17:49Z,cartservice,322.0,1920,0.95,0.16770833333333332,0
2026-09-24T11:17:49Z,checkoutservice,581.0,615,0.8,0.9447154471544715,1
2026-09-24T11:17:49Z,productcatalogservice,616.0,1535,0.95,0.4013029315960912,0
2026-09-24T11:17:49Z,paymentservice,42.0,155,0.8,0.2709677419354839,0
2026-09-24T11:17:49Z,recommendationservice,884.0,1150,0.8,0.768695652173913,0
2026-09-24T11:17:49Z,shippingservice,151.0,770,0.8,0.1961038961038961,0
2026-09-24T11:17:49Z,currencyservice,497.0,770,0.8,0.6454545454545455,0
2026-09-24T11:17:49Z,emailservice,0.0,155,0.8,0.0,0
2026-09-24T11:17:49Z,adservice,163.0,1150,0.8,0.14173913043478262,0
2026-09-24T11:17:49Z,redis-cart,25.0,540,0.8,0.046296296296296294,0
2026-09-24T11:17:50Z,frontend,389.25,1150,0.8,0.33847826086956523,0
2026-09-24T11:17:50Z,cartservice,322.0,1920,0.95,0.16770833333333332,0
2026-09-24T11:17:50Z,checkoutservice,644.0,615,0.8,1.0471544715447154,1
2026-09-24T11:17:50Z,productcatalogservice,626.0,1535,0.95,0.40781758957654723,0
2026-09-24T11:17:50Z,paymentservice,46.0,155,0.8,0.2967741935483871,0
2026-09-24T11:17:50Z,recommendationservice,949.0,1150,0.8,0.8252173913043478,1
2026-09-24T11:17:50Z,shippingservice,129.0,770,0.8,0.16753246753246753,0
2026-09-24T11:17:50Z,currencyservice,497.0,770,0.8,0.6454545454545455,0
2026-09-24T11:17:50Z,emailservice,21.0,155,0.8,0.13548387096774195,0
2026-09-24T11:17:50Z,adservice,148.0,1150,0.8,0.12869565217391304,0
2026-09-24T11:17:50Z,redis-cart,25.0,540,0.8,0.046296296296296294,0
2026-09-24T11:17:51Z,frontend,383.5,1150,0.8,0.3334782608695652,0
2026-09-24T11:17:51Z,cartservice,321.0,1920,0.95,0.1671875,0
2026-09-24T11:17:51Z,checkoutservice,644.0,615,0.8,1.0471544715447154,1
2026-09-24T11:17:51Z,productcatalogservice,605.0,1535,0.95,0.3941368078175896,0
2026-09-24T11:17:51Z,paymentservice,64.0,155,0.8,0.4129032258064516,0
2026-09-24T11:17:51Z,recommendationservice,949.0,1150,0.8,0.8252173913043478,1
2026-09-24T11:17:51Z,shippingservice,109.0,770,0.8,0.14155844155844155,0
2026-09-24T11:17:51Z,currencyservice,484.0,770,0.8,0.6285714285714286,0
2026-09-24T11:17:51Z,emailservice,6.0,155,0.8,0.03870967741935484,0
2026-09-24T11:17:51Z,adservice,148.0,1150,0.8,0.12869565217391304,0
2026-09-24T11:17:51Z,redis-cart,22.0,540,0.8,0.040740740740740744,0
2026-09-24T11:17:52Z,frontend,385.0,1150,0.8,0.3347826086956522,0
2026-09-24T11:17:52Z,cartservice,321.0,1920,0.95,0.1671875,0
2026-09-24T11:17:52Z,checkoutservice,597.0,615,0.8,0.9707317073170731,1
2026-09-24T11:17:52Z,productcatalogservice,614.0,1535,0.95,0.4,0
2026-09-24T11:17:52Z,paymentservice,64.0,155,0.8,0.4129032258064516,0
2026-09-24T11:17:52Z,recommendationservice,795.0,1150,0.8,0.691304347826087,0
2026-09-24T11:17:52Z,shippingservice,109.0,770,0.8,0.14155844155844155,0
2026-09-24T11:17:52Z,currencyservice,441.0,770,0.8,0.5727272727272728,0
2026-09-24T11:17:52Z,emailservice,6.0,155,0.8,0.03870967741935484,0
2026-09-24T11:17:52Z,adservice,152.0,1150,0.8,0.13217391304347825,0
2026-09-24T11:17:52Z,redis-cart,24.0,540,0.8,0.044444444444444446,0
2026-09-24T11:17:53Z,frontend,383.5,1150,0.8,0.3334782608695652,0
2026-09-24T11:17:53Z,cartservice,304.0,1920,0.95,0.15833333333333333,0
2026-09-24T11:17:53Z,checkoutservice,597.0,615,0.8,0.9707317073170731,1
2026-09-24T11:17:53Z,productcatalogservice,605.0,1535,0.95,0.3941368078175896,0
2026-09-24T11:17:53Z,paymentservice,26.0,155,0.8,0.16774193548387098,0
2026-09-24T11:17:53Z,recommendationservice,795.0,1150,0.8,0.691304347826087,0
2026-09-24T11:17:53Z,shippingservice,119.0,770,0.8,0.15454545454545454,0
2026-09-24T11:17:53Z,currencyservice,441.0,770,0.8,0.5727272727272728,0
2026-09-24T11:17:53Z,emailservice,0.0,155,0.8,0.0,0
2026-09-24T11:17:53Z,adservice,152.0,1150,0.8,0.13217391304347825,0
2026-09-24T11:17:53Z,redis-cart,24.0,540,0.8,0.044444444444444446,0
2026-09-24T11:17:54Z,frontend,380.0,1150,0.8,0.33043478260869563,0
2026-09-24T11:17:54Z,cartservice,311.0,1920,0.95,0.16197916666666667,0
2026-09-24T11:17:54Z,checkoutservice,609.0,615,0.8,0.9902439024390244,1
2026-09-24T11:17:54Z,productcatalogservice,605.0,1535,0.95,0.3941368078175896,0
2026-09-24T11:17:54Z,paymentservice,26.0,155,0.8,0.16774193548387098,0
2026-09-24T11:17:54Z,recommendationservice,883.0,1150,0.8,0.7678260869565218,0
2026-09-24T11:17:54Z,shippingservice,129.0,770,0.8,0.16753246753246753,0
2026-09-24T11:17:54Z,currencyservice,518.0,770,0.8,0.6727272727272727,0
2026-09-24T11:17:54Z,emailservice,0.0,155,0.8,0.0,0
2026-09-24T11:17:54Z,adservice,160.0,1150,0.8,0.1391304347826087,0
2026-09-24T11:17:54Z,redis-cart,22.0,540,0.8,0.040740740740740744,0
2026-09-24T11:17:55Z,frontend,383.0,1150,0.8,0.33304347826086955,0
2026-09-24T11:17:55Z,cartservice,311.0,1920,0.95,0.16197916666666667,0
2026-09-24T11:17:55Z,checkoutservice,586.0,615,0.8,0.9528455284552846,1
2026-09-24T11:17:55Z,productcatalogservice,585.0,1535,0.95,0.3811074918566775,0
2026-09-24T11:17:55Z,paymentservice,23.0,155,0.8,0.14838709677419354,0
2026-09-24T11:17:55Z,recommendationservice,930.0,1150,0.8,0.808695652173913,1
2026-09-24T11:17:55Z,shippingservice,134.0,770,0.8,0.17402597402597403,0
2026-09-24T11:17:55Z,currencyservice,518.0,770,0.8,0.6727272727272727,0
2026-09-24T11:17:55Z,emailservice,34.0,155,0.8,0.21935483870967742,0
2026-09-24T11:17:55Z,adservice,160.0,1150,0.8,0.1391304347826087,0
2026-09-24T11:17:55Z,redis-cart,27.0,540,0.8,0.05,0
2026-09-24T11:17:56Z,frontend,390.0,1150,0.8,0.3391304347826087,0
2026-09-24T11:17:56Z,cartservice,332.0,1920,0.95,0.17291666666666666,0
2026-09-24T11:17:56Z,checkoutservice,586.0,615,0.8,0.9528455284552846,1
2026-09-24T11:17:56Z,productcatalogservice,585.0,1535,0.95,0.3811074918566775,0
2026-09-24T11:17:56Z,paymentservice,29.0,155,0.8,0.1870967741935484,0
2026-09-24T11:17:56Z,recommendationservice,930.0,1150,0.8,0.808695652173913,1
2026-09-24T11:17:56Z,shippingservice,120.0,770,0.8,0.15584415584415584,0
2026-09-24T11:17:56Z,currencyservice,508.0,770,0.8,0.6597402597402597,0
2026-09-24T11:17:56Z,emailservice,34.0,155,0.8,0.21935483870967742,0
2026-09-24T11:17:56Z,adservice,158.0,1150,0.8,0.1373913043478261,0
2026-09-24T11:17:56Z,redis-cart,23.0,540,0.8,0.04259259259259259,0
2026-09-24T11:17:57Z,frontend,383.75,1150,0.8,0.33369565217391306,0
2026-09-24T11:17:57Z,cartservice,363.0,1920,0.95,0.1890625,0
2026-09-24T11:17:57Z,checkoutservice,631.0,615,0.8,1.0260162601626017,1
2026-09-24T11:17:57Z,productcatalogservice,597.0,1535,0.95,0.38892508143322474,0
2026-09-24T11:17:57Z,paymentservice,29.0,155,0.8,0.1870967741935484,0
2026-09-24T11:17:57Z,recommendationservice,895.0,1150,0.8,0.7782608695652173,0
2026-09-24T11:17:57Z,shippingservice,121.0,770,0.8,0.15714285714285714,0
2026-09-24T11:17:57Z,currencyservice,508.0,770,0.8,0.6597402597402597,0
2026-09-24T11:17:57Z,emailservice,0.0,155,0.8,0.0,0
2026-09-24T11:17:57Z,adservice,175.0,1150,0.8,0.15217391304347827,0
2026-09-24T11:17:57Z,redis-cart,23.0,540,0.8,0.04259259259259259,0
2026-09-24T11:17:58Z,frontend,375.75,1150,0.8,0.3267391304347826,0
2026-09-24T11:17:58Z,cartservice,363.0,1920,0.95,0.1890625,0
2026-09-24T11:17:58Z,checkoutservice,631.0,615,0.8,1.0260162601626017,1
2026-09-24T11:17:58Z,productcatalogservice,609.0,1535,0.95,0.396742671009772,0
2026-09-24T11:17:58Z,paymentservice,40.0,155,0.8,0.25806451612903225,0
2026-09-24T11:17:58Z,recommendationservice,895.0,1150,0.8,0.7782608695652173,0
2026-09-24T11:17:58Z,shippingservice,121.0,770,0.8,0.15714285714285714,0
2026-09-24T11:17:58Z,currencyservice,424.0,770,0.8,0.5506493506493506,0
2026-09-24T11:17:58Z,emailservice,0.0,155,0.8,0.0,0
2026-09-24T11:17:58Z,adservice,175.0,1150,0.8,0.15217391304347827,0
2026-09-24T11:17:58Z,redis-cart,26.0,540,0.8,0.04814814814814815,0
2026-09-24T11:17:59Z,frontend,384.75,1150,0.8,0.33456521739130435,0
2026-09-24T11:17:59Z,cartservice,274.0,1920,0.95,0.14270833333333333,0
2026-09-24T11:17:59Z,checkoutservice,601.0,615,0.8,0.9772357723577236,1
2026-09-24T11:17:59Z,productcatalogservice,609.0,1535,0.95,0.396742671009772,0
2026-09-24T11:17:59Z,paymentservice,40.0,155,0.8,0.25806451612903225,0
2026-09-24T11:17:59Z,recommendationservice,888.0,1150,0.8,0.7721739130434783,0
2026-09-24T11:17:59Z,shippingservice,145.0,770,0.8,0.18831168831168832,0
2026-09-24T11:17:59Z,currencyservice,463.0,770,0.8,0.6012987012987013,0
2026-09-24T11:17:59Z,emailservice,0.0,155,0.8,0.0,0
2026-09-24T11:17:59Z,adservice,134.0,1150,0.8,0.11652173913043479,0
2026-09-24T11:17:59Z,redis-cart,23.0,540,0.8,0.04259259259259259,0
2026-09-24T11:18:00Z,frontend,382.75,1150,0.8,0.3328260869565217,0
2026-09-24T11:18:00Z,cartservice,323.0,1920,0.95,0.16822916666666668,0
2026-09-24T11:18:00Z,checkoutservice,593.0,615,0.8,0.9642276422764228,1
2026-09-24T11:18:00Z,productcatalogservice,601.0,1535,0.95,0.39153094462540716,0
2026-09-24T11:18:00Z,paymentservice,35.0,155,0.8,0.22580645161290322,0
2026-09-24T11:18:00Z,recommendationservice,888.0,1150,0.8,0.7721739130434783,0
2026-09-24T11:18:00Z,shippingservice,145.0,770,0.8,0.18831168831168832,0
2026-09-24T11:18:00Z,currencyservice,496.0,770,0.8,0.6441558441558441,0
2026-09-24T11:18:00Z,emailservice,14.0,155,0.8,0.09032258064516129,0
2026-09-24T11:18:00Z,adservice,169.0,1150,0.8,0.14695652173913043,0
2026-09-24T11:18:00Z,redis-cart,23.0,540,0.8,0.04259259259259259,0
2026-09-24T11:18:01Z,frontend,380.75,1150,0.8,0.33108695652173914,0
2026-09-24T11:18:01Z,cartservice,323.0,1920,0.95,0.16822916666666668,0
2026-09-24T11:18:01Z,checkoutservice,628.0,615,0.8,1.021138211382114,1
2026-09-24T11:18:01Z,productcatalogservice,632.0,1535,0.95,0.41172638436482084,0
2026-09-24T11:18:01Z,paymentservice,66.0,155,0.8,0.4258064516129032,0
2026-09-24T11:18:01Z,recommendationservice,890.0,1150,0.8,0.7739130434782608,0
2026-09-24T11:18:01Z,shippingservice,129.0,770,0.8,0.16753246753246753,0
2026-09-24T11:18:01Z,currencyservice,496.0,770,0.8,0.6441558441558441,0
2026-09-24T11:18:01Z,emailservice,15.0,155,0.8,0.0967741935483871,0
2026-09-24T11:18:01Z,adservice,169.0,1150,0.8,0.14695652173913043,0
2026-09-24T11:18:01Z,redis-cart,24.0,540,0.8,0.044444444444444446,0
2026-09-24T11:18:02Z,frontend,377.0,1150,0.8,0.3278260869565217,0
2026-09-24T11:18:02Z,cartservice,315.0,1920,0.95,0.1640625,0
2026-09-24T11:18:02Z,checkoutservice,628.0,615,0.8,1.021138211382114,1
2026-09-24T11:18:02Z,productcatalogservice,632.0,1535,0.95,0.41172638436482084,0
2026-09-24T11:18:02Z,paymentservice,25.0,155,0.8,0.16129032258064516,0
2026-09-24T11:18:02Z,recommendationservice,835.0,1150,0.8,0.7260869565217392,0
2026-09-24T11:18:02Z,shippingservice,120.0,770,0.8,0.15584415584415584,0
2026-09-24T11:18:02Z,currencyservice,491.0,770,0.8,0.6376623376623377,0
2026-09-24T11:18:02Z,emailservice,15.0,155,0.8,0.0967741935483871,0
2026-09-24T11:18:02Z,adservice,133.0,1150,0.8,0.11565217391304349,0
2026-09-24T11:18:02Z,redis-cart,24.0,540,0.8,0.044444444444444446,0
2026-09-24T11:18:03Z,frontend,382.0,1150,0.8,0.33217391304347826,0
2026-09-24T11:18:03Z,cartservice,338.0,1920,0.95,0.17604166666666668,0
2026-09-24T11:18:03Z,checkoutservice,607.0,615,0.8,0.9869918699186991,1
2026-09-24T11:18:03Z,productcatalogservice,555.0,1535,0.95,0.36156351791530944,0
2026-09-24T11:18:03Z,paymentservice,25.0,155,0.8,0.16129032258064516,0
2026-09-24T11:18:03Z,recommendationservice,835.0,1150,0.8,0.7260869565217392,0
2026-09-24T11:18:03Z,shippingservice,120.0,770,0.8,0.15584415584415584,0
2026-09-24T11:18:03Z,currencyservice,491.0,770,0.8,0.6376623376623377,0
2026-09-24T11:18:03Z,emailservice,0.0,155,0.8,0.0,0
2026-09-24T11:18:03Z,adservice,162.0,1150,0.8,0.1408695652173913,0
2026-09-24T11:18:03Z,redis-cart,32.0,540,0.8,0.05925925925925926,0
2026-09-24T11:18:04Z,frontend,383.25,1150,0.8,0.3332608695652174,0
2026-09-24T11:18:04Z,cartservice,321.0,1920,0.95,0.1671875,0
2026-09-24T11:18:04Z,checkoutservice,595.0,615,0.8,0.967479674796748,1
2026-09-24T11:18:04Z,productcatalogservice,555.0,1535,0.95,0.36156351791530944,0
2026-09-24T11:18:04Z,paymentservice,27.0,155,0.8,0.17419354838709677,0
2026-09-24T11:18:04Z,recommendationservice,894.0,1150,0.8,0.7773913043478261,0
2026-09-24T11:18:04Z,shippingservice,131.0,770,0.8,0.17012987012987013,0
2026-09-24T11:18:04Z,currencyservice,546.0,770,0.8,0.7090909090909091,0
2026-09-24T11:18:04Z,emailservice,0.0,155,0.8,0.0,0
2026-09-24T11:18:04Z,adservice,162.0,1150,0.8,0.1408695652173913,0
2026-09-24T11:18:04Z,redis-cart,24.0,540,0.8,0.044444444444444446,0
2026-09-24T11:18:05Z,frontend,373.75,1150,0.8,0.325,0
2026-09-24T11:18:05Z,cartservice,321.0,1920,0.95,0.1671875,0
2026-09-24T11:18:05Z,checkoutservice,625.0,615,0.8,1.016260162601626,1
2026-09-24T11:18:05Z,productcatalogservice,596.0,1535,0.95,0.38827361563517915,0
2026-09-24T11:18:05Z,paymentservice,43.0,155,0.8,0.27741935483870966,0
2026-09-24T11:18:05Z,recommendationservice,1043.0,1150,0.8,0.9069565217391304,1
2026-09-24T11:18:05Z,shippingservice,108.0,770,0.8,0.14025974025974025,0
2026-09-24T11:18:05Z,currencyservice,397.0,770,0.8,0.5155844155844156,0
2026-09-24T11:18:05Z,emailservice,22.0,155,0.8,0.14193548387096774,0
2026-09-24T11:18:05Z,adservice,135.0,1150,0.8,0.11739130434782609,0
2026-09-24T11:18:05Z,redis-cart,26.0,540,0.8,0.04814814814814815,0
2026-09-24T11:18:06Z,frontend,367.0,1150,0.8,0.3191304347826087,0
2026-09-24T11:18:06Z,cartservice,355.0,1920,0.95,0.18489583333333334,0
2026-09-24T11:18:06Z,checkoutservice,625.0,615,0.8,1.016260162601626,1
2026-09-24T11:18:06Z,productcatalogservice,550.0,1535,0.95,0.3583061889250814,0
2026-09-24T11:18:06Z,paymentservice,43.0,155,0.8,0.27741935483870966,0
2026-09-24T11:18:06Z,recommendationservice,1043.0,1150,0.8,0.9069565217391304,1
2026-09-24T11:18:06Z,shippingservice,127.0,770,0.8,0.16493506493506493,0
2026-09-24T11:18:06Z,currencyservice,397.0,770,0.8,0.5155844155844156,0
2026-09-24T11:18:06Z,emailservice,0.0,155,0.8,0.0,0
2026-09-24T11:18:06Z,adservice,118.0,1150,0.8,0.10260869565217391,0
2026-09-24T11:18:06Z,redis-cart,26.0,540,0.8,0.04814814814814815,0
2026-09-24T11:18:07Z,frontend,363.25,1150,0.8,0.3158695652173913,0
2026-09-24T11:18:07Z,cartservice,420.0,1920,0.95,0.21875,0
2026-09-24T11:18:07Z,checkoutservice,604.0,615,0.8,0.9821138211382113,1
2026-09-24T11:18:07Z,productcatalogservice,550.0,1535,0.95,0.3583061889250814,0
2026-09-24T11:18:07Z,paymentservice,56.0,155,0.8,0.36129032258064514,0
2026-09-24T11:18:07Z,recommendationservice,991.0,1150,0.8,0.8617391304347826,1
2026-09-24T11:18:07Z,shippingservice,127.0,770,0.8,0.16493506493506493,0
2026-09-24T11:18:07Z,currencyservice,456.0,770,0.8,0.5922077922077922,0
2026-09-24T11:18:07Z,emailservice,0.0,155,0.8,0.0,0
2026-09-24T11:18:07Z,adservice,118.0,1150,0.8,0.10260869565217391,0
2026-09-24T11:18:07Z,redis-cart,27.0,540,0.8,0.05,0
2026-09-24T11:18:08Z,frontend,372.75,1150,0.8,0.3241304347826087,0
2026-09-24T11:18:08Z,cartservice,451.0,1920,0.95,0.23489583333333333,0
2026-09-24T11:18:08Z,checkoutservice,623.0,615,0.8,1.0130081300813008,1
2026-09-24T11:18:08Z,productcatalogservice,558.0,1535,0.95,0.36351791530944627,0
2026-09-24T11:18:08Z,paymentservice,56.0,155,0.8,0.36129032258064514,0
2026-09-24T11:18:08Z,recommendationservice,972.0,1150,0.8,0.8452173913043478,1
2026-09-24T11:18:08Z,shippingservice,142.0,770,0.8,0.18441558441558442,0
2026-09-24T11:18:08Z,currencyservice,428.0,770,0.8,0.5558441558441558,0
2026-09-24T11:18:08Z,emailservice,4.0,155,0.8,0.025806451612903226,0
2026-09-24T11:18:08Z,adservice,132.0,1150,0.8,0.11478260869565217,0
2026-09-24T11:18:08Z,redis-cart,30.0,540,0.8,0.05555555555555555,0
2026-09-24T11:18:09Z,frontend,366.5,1150,0.8,0.31869565217391305,0
2026-09-24T11:18:09Z,cartservice,451.0,1920,0.95,0.23489583333333333,0
2026-09-24T11:18:09Z,checkoutservice,596.0,615,0.8,0.9691056910569106,1
2026-09-24T11:18:09Z,productcatalogservice,558.0,1535,0.95,0.36351791530944627,0
2026-09-24T11:18:09Z,paymentservice,57.0,155,0.8,0.36774193548387096,0
2026-09-24T11:18:09Z,recommendationservice,972.0,1150,0.8,0.8452173913043478,1
2026-09-24T11:18:09Z,shippingservice,125.0,770,0.8,0.16233766233766234,0
2026-09-24T11:18:09Z,currencyservice,455.0,770,0.8,0.5909090909090909,0
2026-09-24T11:18:09Z,emailservice,4.0,155,0.8,0.025806451612903226,0
2026-09-24T11:18:09Z,adservice,112.0,1150,0.8,0.09739130434782609,0
2026-09-24T11:18:09Z,redis-cart,30.0,540,0.8,0.05555555555555555,0
2026-09-24T11:18:10Z,frontend,350.0,1150,0.8,0.30434782608695654,0
2026-09-24T11:18:10Z,cartservice,444.0,1920,0.95,0.23125,0
2026-09-24T11:18:10Z,checkoutservice,596.0,615,0.8,0.9691056910569106,1
2026-09-24T11:18:10Z,productcatalogservice,483.0,1535,0.95,0.31465798045602605,0
2026-09-24T11:18:10Z,paymentservice,57.0,155,0.8,0.36774193548387096,0
2026-09-24T11:18:10Z,recommendationservice,1043.0,1150,0.8,0.9069565217391304,1
2026-09-24T11:18:10Z,shippingservice,125.0,770,0.8,0.16233766233766234,0
2026-09-24T11:18:10Z,currencyservice,455.0,770,0.8,0.5909090909090909,0
2026-09-24T11:18:10Z,emailservice,17.0,155,0.8,0.10967741935483871,0
2026-09-24T11:18:10Z,adservice,134.0,1150,0.8,0.11652173913043479,0
2026-09-24T11:18:10Z,redis-cart,34.0,540,0.8,0.06296296296296296,0
2026-09-24T11:18:11Z,frontend,300.25,1150,0.8,0.26108695652173913,0
2026-09-24T11:18:11Z,cartservice,444.0,1920,0.95,0.23125,0
2026-09-24T11:18:11Z,checkoutservice,545.0,615,0.8,0.8861788617886179,1
2026-09-24T11:18:11Z,productcatalogservice,431.0,1535,0.95,0.2807817589576547,0
2026-09-24T11:18:11Z,paymentservice,70.0,155,0.8,0.45161290322580644,0
2026-09-24T11:18:11Z,recommendationservice,1141.0,1150,0.8,0.9921739130434782,1
2026-09-24T11:18:11Z,shippingservice,75.0,770,0.8,0.09740259740259741,0
2026-09-24T11:18:11Z,currencyservice,429.0,770,0.8,0.5571428571428572,0
2026-09-24T11:18:11Z,emailservice,49.0,155,0.8,0.3161290322580645,0
2026-09-24T11:18:11Z,adservice,134.0,1150,0.8,0.11652173913043479,0
2026-09-24T11:18:11Z,redis-cart,34.0,540,0.8,0.06296296296296296,0
2026-09-24T11:18:12Z,frontend,274.5,1150,0.8,0.23869565217391303,0
2026-09-24T11:18:12Z,cartservice,428.0,1920,0.95,0.22291666666666668,0
2026-09-24T11:18:12Z,checkoutservice,71.0,615,0.8,0.11544715447154472,0
2026-09-24T11:18:12Z,productcatalogservice,431.0,1535,0.95,0.2807817589576547,0
2026-09-24T11:18:12Z,paymentservice,4.0,155,0.8,0.025806451612903226,0
2026-09-24T11:18:12Z,recommendationservice,1141.0,1150,0.8,0.9921739130434782,1
2026-09-24T11:18:12Z,shippingservice,75.0,770,0.8,0.09740259740259741,0
2026-09-24T11:18:12Z,currencyservice,303.0,770,0.8,0.3935064935064935,0
2026-09-24T11:18:12Z,emailservice,49.0,155,0.8,0.3161290322580645,0
2026-09-24T11:18:12Z,adservice,46.0,1150,0.8,0.04,0
2026-09-24T11:18:12Z,redis-cart,32.0,540,0.8,0.05925925925925926,0
2026-09-24T11:18:13Z,frontend,246.75,1150,0.8,0.21456521739130435,0
2026-09-24T11:18:13Z,cartservice,428.0,1920,0.95,0.22291666666666668,0
2026-09-24T11:18:13Z,checkoutservice,48.0,615,0.8,0.07804878048780488,0
2026-09-24T11:18:13Z,productcatalogservice,378.0,1535,0.95,0.24625407166123778,0
2026-09-24T11:18:13Z,paymentservice,0.0,155,0.8,0.0,0
2026-09-24T11:18:13Z,recommendationservice,1151.0,1150,0.8,1.0008695652173913,1
2026-09-24T11:18:13Z,shippingservice,29.0,770,0.8,0.03766233766233766,0
2026-09-24T11:18:13Z,currencyservice,303.0,770,0.8,0.3935064935064935,0
2026-09-24T11:18:13Z,emailservice,3.0,155,0.8,0.01935483870967742,0
2026-09-24T11:18:13Z,adservice,46.0,1150,0.8,0.04,0
2026-09-24T11:18:13Z,redis-cart,29.0,540,0.8,0.053703703703703705,0
2026-09-24T11:18:14Z,frontend,249.25,1150,0.8,0.2167391304347826,0
2026-09-24T11:18:14Z,cartservice,409.0,1920,0.95,0.21302083333333333,0
2026-09-24T11:18:14Z,checkoutservice,48.0,615,0.8,0.07804878048780488,0
2026-09-24T11:18:14Z,productcatalogservice,327.0,1535,0.95,0.21302931596091204,0
2026-09-24T11:18:14Z,paymentservice,0.0,155,0.8,0.0,0
2026-09-24T11:18:14Z,recommendationservice,1149.0,1150,0.8,0.9991304347826087,1
2026-09-24T11:18:14Z,shippingservice,10.0,770,0.8,0.012987012987012988,0
2026-09-24T11:18:14Z,currencyservice,283.0,770,0.8,0.36753246753246754,0
2026-09-24T11:18:14Z,emailservice,3.0,155,0.8,0.01935483870967742,0
2026-09-24T11:18:14Z,adservice,37.0,1150,0.8,0.03217391304347826,0
2026-09-24T11:18:14Z,redis-cart,29.0,540,0.8,0.053703703703703705,0
2026-09-24T11:18:15Z,frontend,247.0,1150,0.8,0.21478260869565216,0
2026-09-24T11:18:15Z,cartservice,418.0,1920,0.95,0.21770833333333334,0
2026-09-24T11:18:15Z,checkoutservice,148.0,615,0.8,0.24065040650406505,0
2026-09-24T11:18:15Z,productcatalogservice,327.0,1535,0.95,0.21302931596091204,0
2026-09-24T11:18:15Z,paymentservice,8.0,155,0.8,0.05161290322580645,0
2026-09-24T11:18:15Z,recommendationservice,1149.0,1150,0.8,0.9991304347826087,1
2026-09-24T11:18:15Z,shippingservice,10.0,770,0.8,0.012987012987012988,0
2026-09-24T11:18:15Z,currencyservice,283.0,770,0.8,0.36753246753246754,0
2026-09-24T11:18:15Z,emailservice,42.0,155,0.8,0.2709677419354839,0
2026-09-24T11:18:15Z,adservice,37.0,1150,0.8,0.03217391304347826,0
2026-09-24T11:18:15Z,redis-cart,32.0,540,0.8,0.05925925925925926,0
2026-09-24T11:18:16Z,frontend,280.25,1150,0.8,0.24369565217391304,0
2026-09-24T11:18:16Z,cartservice,441.0,1920,0.95,0.2296875,0
2026-09-24T11:18:16Z,checkoutservice,174.0,615,0.8,0.28292682926829266,0
2026-09-24T11:18:16Z,productcatalogservice,391.0,1535,0.95,0.2547231270358306,0
2026-09-24T11:18:16Z,paymentservice,8.0,155,0.8,0.05161290322580645,0
2026-09-24T11:18:16Z,recommendationservice,1145.0,1150,0.8,0.9956521739130435,1
2026-09-24T11:18:16Z,shippingservice,20.0,770,0.8,0.025974025974025976,0
2026-09-24T11:18:16Z,currencyservice,307.0,770,0.8,0.3987012987012987,0
2026-09-24T11:18:16Z,emailservice,42.0,155,0.8,0.2709677419354839,0
2026-09-24T11:18:16Z,adservice,46.0,1150,0.8,0.04,0
2026-09-24T11:18:16Z,redis-cart,29.0,540,0.8,0.053703703703703705,0
2026-09-24T11:18:17Z,frontend,277.75,1150,0.8,0.2415217391304348,0
2026-09-24T11:18:17Z,cartservice,463.0,1920,0.95,0.24114583333333334,0
2026-09-24T11:18:17Z,checkoutservice,174.0,615,0.8,0.28292682926829266,0
2026-09-24T11:18:17Z,productcatalogservice,378.0,1535,0.95,0.24625407166123778,0
2026-09-24T11:18:17Z,paymentservice,17.0,155,0.8,0.10967741935483871,0
2026-09-24T11:18:17Z,recommendationservice,1123.0,1150,0.8,0.9765217391304348,1
2026-09-24T11:18:17Z,shippingservice,39.0,770,0.8,0.05064935064935065,0
2026-09-24T11:18:17Z,currencyservice,388.0,770,0.8,0.5038961038961038,0
2026-09-24T11:18:17Z,emailservice,29.0,155,0.8,0.1870967741935484,0
2026-09-24T11:18:17Z,adservice,46.0,1150,0.8,0.04,0
2026-09-24T11:18:17Z,redis-cart,33.0,540,0.8,0.06111111111111111,0
2026-09-24T11:18:18Z,frontend,256.75,1150,0.8,0.2232608695652174,0
2026-09-24T11:18:18Z,cartservice,463.0,1920,0.95,0.24114583333333334,0
2026-09-24T11:18:18Z,checkoutservice,259.0,615,0.8,0.4211382113821138,0
2026-09-24T11:18:18Z,productcatalogservice,378.0,1535,0.95,0.24625407166123778,0
2026-09-24T11:18:18Z,paymentservice,4.0,155,0.8,0.025806451612903226,0
2026-09-24T11:18:18Z,recommendationservice,1123.0,1150,0.8,0.9765217391304348,1
2026-09-24T11:18:18Z,shippingservice,39.0,770,0.8,0.05064935064935065,0
2026-09-24T11:18:18Z,currencyservice,388.0,770,0.8,0.5038961038961038,0
2026-09-24T11:18:18Z,emailservice,29.0,155,0.8,0.1870967741935484,0
2026-09-24T11:18:18Z,adservice,61.0,1150,0.8,0.05304347826086957,0
2026-09-24T11:18:18Z,redis-cart,34.0,540,0.8,0.06296296296296296,0
2026-09-24T11:18:19Z,frontend,255.5,1150,0.8,0.22217391304347825,0
2026-09-24T11:18:19Z,cartservice,409.0,1920,0.95,0.21302083333333333,0
2026-09-24T11:18:19Z,checkoutservice,333.0,615,0.8,0.5414634146341464,0
2026-09-24T11:18:19Z,productcatalogservice,370.0,1535,0.95,0.24104234527687296,0
2026-09-24T11:18:19Z,paymentservice,12.0,155,0.8,0.07741935483870968,0
2026-09-24T11:18:19Z,recommendationservice,1159.0,1150,0.8,1.0078260869565216,1
2026-09-24T11:18:19Z,shippingservice,60.0,770,0.8,0.07792207792207792,0
2026-09-24T11:18:19Z,currencyservice,291.0,770,0.8,0.37792207792207794,0
2026-09-24T11:18:19Z,emailservice,13.0,155,0.8,0.08387096774193549,0
2026-09-24T11:18:19Z,adservice,69.0,1150,0.8,0.06,0
2026-09-24T11:18:19Z,redis-cart,34.0,540,0.8,0.06296296296296296,0
2026-09-24T11:18:20Z,frontend,303.75,1150,0.8,0.26413043478260867,0
2026-09-24T11:18:20Z,cartservice,409.0,1920,0.95,0.21302083333333333,0
2026-09-24T11:18:20Z,checkoutservice,333.0,615,0.8,0.5414634146341464,0
2026-09-24T11:18:20Z,productcatalogservice,404.0,1535,0.95,0.26319218241042347,0
2026-09-24T11:18:20Z,paymentservice,44.0,155,0.8,0.2838709677419355,0
2026-09-24T11:18:20Z,recommendationservice,1159.0,1150,0.8,1.0078260869565216,1
2026-09-24T11:18:20Z,shippingservice,35.0,770,0.8,0.045454545454545456,0
2026-09-24T11:18:20Z,currencyservice,389.0,770,0.8,0.5051948051948052,0
2026-09-24T11:18:20Z,emailservice,56.0,155,0.8,0.36129032258064514,0
2026-09-24T11:18:20Z,adservice,54.0,1150,0.8,0.04695652173913043,0
2026-09-24T11:18:20Z,redis-cart,35.0,540,0.8,0.06481481481481481,0
2026-09-24T11:18:21Z,frontend,264.25,1150,0.8,0.22978260869565217,0
2026-09-24T11:18:21Z,cartservice,437.0,1920,0.95,0.22760416666666666,0
2026-09-24T11:18:21Z,checkoutservice,151.0,615,0.8,0.24552845528455283,0
2026-09-24T11:18:21Z,productcatalogservice,404.0,1535,0.95,0.26319218241042347,0
2026-09-24T11:18:21Z,paymentservice,44.0,155,0.8,0.2838709677419355,0
2026-09-24T11:18:21Z,recommendationservice,1142.0,1150,0.8,0.9930434782608696,1
2026-09-24T11:18:21Z,shippingservice,35.0,770,0.8,0.045454545454545456,0
2026-09-24T11:18:21Z,currencyservice,389.0,770,0.8,0.5051948051948052,0
2026-09-24T11:18:21Z,emailservice,56.0,155,0.8,0.36129032258064514,0
2026-09-24T11:18:21Z,adservice,54.0,1150,0.8,0.04695652173913043,0
2026-09-24T11:18:21Z,redis-cart,31.0,540,0.8,0.05740740740740741,0
2026-09-24T11:18:22Z,frontend,238.25,1150,0.8,0.20717391304347826,0
2026-09-24T11:18:22Z,cartservice,437.0,1920,0.95,0.22760416666666666,0
2026-09-24T11:18:22Z,checkoutservice,151.0,615,0.8,0.24552845528455283,0
2026-09-24T11:18:22Z,productcatalogservice,310.0,1535,0.95,0.20195439739413681,0
2026-09-24T11:18:22Z,paymentservice,0.0,155,0.8,0.0,0
2026-09-24T11:18:22Z,recommendationservice,1142.0,1150,0.8,0.9930434782608696,1
2026-09-24T11:18:22Z,shippingservice,0.0,770,0.8,0.0,0
2026-09-24T11:18:22Z,currencyservice,290.0,770,0.8,0.37662337662337664,0
2026-09-24T11:18:22Z,emailservice,0.0,155,0.8,0.0,0
2026-09-24T11:18:22Z,adservice,31.0,1150,0.8,0.026956521739130435,0
2026-09-24T11:18:22Z,redis-cart,30.0,540,0.8,0.05555555555555555,0
2026-09-24T11:18:23Z,frontend,244.25,1150,0.8,0.21239130434782608,0
2026-09-24T11:18:23Z,cartservice,455.0,1920,0.95,0.23697916666666666,0
2026-09-24T11:18:23Z,checkoutservice,29.0,615,0.8,0.04715447154471545,0
2026-09-24T11:18:23Z,productcatalogservice,310.0,1535,0.95,0.20195439739413681,0
2026-09-24T11:18:23Z,paymentservice,0.0,155,0.8,0.0,0
2026-09-24T11:18:23Z,recommendationservice,1153.0,1150,0.8,1.0026086956521738,1
2026-09-24T11:18:23Z,shippingservice,0.0,770,0.8,0.0,0
2026-09-24T11:18:23Z,currencyservice,290.0,770,0.8,0.37662337662337664,0
2026-09-24T11:18:23Z,emailservice,0.0,155,0.8,0.0,0
2026-09-24T11:18:23Z,adservice,31.0,1150,0.8,0.026956521739130435,0
2026-09-24T11:18:23Z,redis-cart,30.0,540,0.8,0.05555555555555555,0
2026-09-24T11:18:24Z,frontend,240.5,1150,0.8,0.2091304347826087,0
2026-09-24T11:18:24Z,cartservice,445.0,1920,0.95,0.23177083333333334,0
2026-09-24T11:18:24Z,checkoutservice,29.0,615,0.8,0.04715447154471545,0
2026-09-24T11:18:24Z,productcatalogservice,310.0,1535,0.95,0.20195439739413681,0
2026-09-24T11:18:24Z,paymentservice,0.0,155,0.8,0.0,0
2026-09-24T11:18:24Z,recommendationservice,1153.0,1150,0.8,1.0026086956521738,1
2026-09-24T11:18:24Z,shippingservice,12.0,770,0.8,0.015584415584415584,0
2026-09-24T11:18:24Z,currencyservice,271.0,770,0.8,0.35194805194805195,0
2026-09-24T11:18:24Z,emailservice,0.0,155,0.8,0.0,0
2026-09-24T11:18:24Z,adservice,31.0,1150,0.8,0.026956521739130435,0
2026-09-24T11:18:24Z,redis-cart,30.0,540,0.8,0.05555555555555555,0
2026-09-24T11:18:25Z,frontend,240.5,1150,0.8,0.2091304347826087,0
2026-09-24T11:18:25Z,cartservice,451.0,1920,0.95,0.23489583333333333,0
2026-09-24T11:18:25Z,checkoutservice,8.0,615,0.8,0.013008130081300813,0
2026-09-24T11:18:25Z,productcatalogservice,345.0,1535,0.95,0.2247557003257329,0
2026-09-24T11:18:25Z,paymentservice,6.0,155,0.8,0.03870967741935484,0
2026-09-24T11:18:25Z,recommendationservice,1147.0,1150,0.8,0.9973913043478261,1
2026-09-24T11:18:25Z,shippingservice,5.0,770,0.8,0.006493506493506494,0
2026-09-24T11:18:25Z,currencyservice,331.0,770,0.8,0.42987012987012985,0
2026-09-24T11:18:25Z,emailservice,32.0,155,0.8,0.2064516129032258,0
2026-09-24T11:18:25Z,adservice,61.0,1150,0.8,0.05304347826086957,0
2026-09-24T11:18:25Z,redis-cart,32.0,540,0.8,0.05925925925925926,0
2026-09-24T11:18:26Z,frontend,275.0,1150,0.8,0.2391304347826087,0
2026-09-24T11:18:26Z,cartservice,424.0,1920,0.95,0.22083333333333333,0
2026-09-24T11:18:26Z,checkoutservice,336.0,615,0.8,0.5463414634146342,0
2026-09-24T11:18:26Z,productcatalogservice,345.0,1535,0.95,0.2247557003257329,0
2026-09-24T11:18:26Z,paymentservice,6.0,155,0.8,0.03870967741935484,0
2026-09-24T11:18:26Z,recommendationservice,1128.0,1150,0.8,0.9808695652173913,1
2026-09-24T11:18:26Z,shippingservice,61.0,770,0.8,0.07922077922077922,0
2026-09-24T11:18:26Z,currencyservice,331.0,770,0.8,0.42987012987012985,0
2026-09-24T11:18:26Z,emailservice,32.0,155,0.8,0.2064516129032258,0
2026-09-24T11:18:26Z,adservice,61.0,1150,0.8,0.05304347826086957,0
2026-09-24T11:18:26Z,redis-cart,33.0,540,0.8,0.06111111111111111,0
2026-09-24T11:18:27Z,frontend,247.0,1150,0.8,0.21478260869565216,0
2026-09-24T11:18:27Z,cartservice,424.0,1920,0.95,0.22083333333333333,0
2026-09-24T11:18:27Z,checkoutservice,336.0,615,0.8,0.5463414634146342,0
2026-09-24T11:18:27Z,productcatalogservice,360.0,1535,0.95,0.23452768729641693,0
2026-09-24T11:18:27Z,paymentservice,13.0,155,0.8,0.08387096774193549,0
2026-09-24T11:18:27Z,recommendationservice,1150.0,1150,0.8,1.0,1
2026-09-24T11:18:27Z,shippingservice,61.0,770,0.8,0.07922077922077922,0
2026-09-24T11:18:27Z,currencyservice,312.0,770,0.8,0.4051948051948052,0
2026-09-24T11:18:27Z,emailservice,31.0,155,0.8,0.2,0
2026-09-24T11:18:27Z,adservice,52.0,1150,0.8,0.04521739130434783,0
2026-09-24T11:18:27Z,redis-cart,33.0,540,0.8,0.06111111111111111,0
2026-09-24T11:18:28Z,frontend,263.25,1150,0.8,0.22891304347826086,0
2026-09-24T11:18:28Z,cartservice,467.0,1920,0.95,0.24322916666666666,0
2026-09-24T11:18:28Z,checkoutservice,59.0,615,0.8,0.0959349593495935,0
2026-09-24T11:18:28Z,productcatalogservice,360.0,1535,0.95,0.23452768729641693,0
2026-09-24T11:18:28Z,paymentservice,0.0,155,0.8,0.0,0
2026-09-24T11:18:28Z,recommendationservice,1153.0,1150,0.8,1.0026086956521738,1
2026-09-24T11:18:28Z,shippingservice,26.0,770,0.8,0.033766233766233764,0
2026-09-24T11:18:28Z,currencyservice,312.0,770,0.8,0.4051948051948052,0
2026-09-24T11:18:28Z,emailservice,0.0,155,0.8,0.0,0
2026-09-24T11:18:28Z,adservice,31.0,1150,0.8,0.026956521739130435,0
2026-09-24T11:18:28Z,redis-cart,31.0,540,0.8,0.05740740740740741,0
2026-09-24T11:18:29Z,frontend,275.25,1150,0.8,0.2393478260869565,0
2026-09-24T11:18:29Z,cartservice,473.0,1920,0.95,0.24635416666666668,0
2026-09-24T11:18:29Z,checkoutservice,162.0,615,0.8,0.2634146341463415,0
2026-09-24T11:18:29Z,productcatalogservice,322.0,1535,0.95,0.20977198697068403,0
2026-09-24T11:18:29Z,paymentservice,13.0,155,0.8,0.08387096774193549,0
2026-09-24T11:18:29Z,recommendationservice,1153.0,1150,0.8,1.0026086956521738,1
2026-09-24T11:18:29Z,shippingservice,18.0,770,0.8,0.023376623376623377,0
2026-09-24T11:18:29Z,currencyservice,311.0,770,0.8,0.4038961038961039,0
2026-09-24T11:18:29Z,emailservice,0.0,155,0.8,0.0,0
2026-09-24T11:18:29Z,adservice,31.0,1150,0.8,0.026956521739130435,0
2026-09-24T11:18:29Z,redis-cart,32.0,540,0.8,0.05925925925925926,0
2026-09-24T11:18:30Z,frontend,255.5,1150,0.8,0.22217391304347825,0
2026-09-24T11:18:30Z,cartservice,473.0,1920,0.95,0.24635416666666668,0
2026-09-24T11:18:30Z,checkoutservice,162.0,615,0.8,0.2634146341463415,0
2026-09-24T11:18:30Z,productcatalogservice,322.0,1535,0.95,0.20977198697068403,0
2026-09-24T11:18:30Z,paymentservice,13.0,155,0.8,0.08387096774193549,0
2026-09-24T11:18:30Z,recommendationservice,1136.0,1150,0.8,0.9878260869565217,1
2026-09-24T11:18:30Z,shippingservice,34.0,770,0.8,0.04415584415584416,0
2026-09-24T11:18:30Z,currencyservice,311.0,770,0.8,0.4038961038961039,0
2026-09-24T11:18:30Z,emailservice,46.0,155,0.8,0.2967741935483871,0
2026-09-24T11:18:30Z,adservice,55.0,1150,0.8,0.04782608695652174,0
2026-09-24T11:18:30Z,redis-cart,29.0,540,0.8,0.053703703703703705,0
2026-09-24T11:18:31Z,frontend,246.5,1150,0.8,0.21434782608695652,0
2026-09-24T11:18:31Z,cartservice,454.0,1920,0.95,0.23645833333333333,0
2026-09-24T11:18:31Z,checkoutservice,203.0,615,0.8,0.3300813008130081,0
2026-09-24T11:18:31Z,productcatalogservice,398.0,1535,0.95,0.25928338762214986,0
2026-09-24T11:18:31Z,paymentservice,38.0,155,0.8,0.24516129032258063,0
2026-09-24T11:18:31Z,recommendationservice,1136.0,1150,0.8,0.9878260869565217,1
2026-09-24T11:18:31Z,shippingservice,34.0,770,0.8,0.04415584415584416,0
2026-09-24T11:18:31Z,currencyservice,317.0,770,0.8,0.4116883116883117,0
2026-09-24T11:18:31Z,emailservice,11.0,155,0.8,0.07096774193548387,0
2026-09-24T11:18:31Z,adservice,55.0,1150,0.8,0.04782608695652174,0
2026-09-24T11:18:31Z,redis-cart,29.0,540,0.8,0.053703703703703705,0
2026-09-24T11:18:32Z,frontend,210.75,1150,0.8,0.1832608695652174,0
2026-09-24T11:18:32Z,cartservice,417.0,1920,0.95,0.2171875,0
2026-09-24T11:18:32Z,checkoutservice,203.0,615,0.8,0.3300813008130081,0
2026-09-24T11:18:32Z,productcatalogservice,324.0,1535,0.95,0.21107491856677524,0
2026-09-24T11:18:32Z,paymentservice,7.0,155,0.8,0.04516129032258064,0
2026-09-24T11:18:32Z,recommendationservice,1160.0,1150,0.8,1.008695652173913,1
2026-09-24T11:18:32Z,shippingservice,0.0,770,0.8,0.0,0
2026-09-24T11:18:32Z,currencyservice,317.0,770,0.8,0.4116883116883117,0
2026-09-24T11:18:32Z,emailservice,7.0,155,0.8,0.04516129032258064,0
2026-09-24T11:18:32Z,adservice,37.0,1150,0.8,0.03217391304347826,0
2026-09-24T11:18:32Z,redis-cart,29.0,540,0.8,0.053703703703703705,0
2026-09-24T11:18:33Z,frontend,273.75,1150,0.8,0.23804347826086958,0
2026-09-24T11:18:33Z,cartservice,424.0,1920,0.95,0.22083333333333333,0
2026-09-24T11:18:33Z,checkoutservice,146.0,615,0.8,0.23739837398373984,0
2026-09-24T11:18:33Z,productcatalogservice,324.0,1535,0.95,0.21107491856677524,0
2026-09-24T11:18:33Z,paymentservice,7.0,155,0.8,0.04516129032258064,0
2026-09-24T11:18:33Z,recommendationservice,1143.0,1150,0.8,0.9939130434782608,1
2026-09-24T11:18:33Z,shippingservice,42.0,770,0.8,0.05454545454545454,0
2026-09-24T11:18:33Z,currencyservice,310.0,770,0.8,0.4025974025974026,0
2026-09-24T11:18:33Z,emailservice,7.0,155,0.8,0.04516129032258064,0
2026-09-24T11:18:33Z,adservice,59.0,1150,0.8,0.051304347826086956,0
2026-09-24T11:18:33Z,redis-cart,29.0,540,0.8,0.053703703703703705,0
2026-09-24T11:18:34Z,frontend,222.25,1150,0.8,0.1932608695652174,0
2026-09-24T11:18:34Z,cartservice,381.0,1920,0.95,0.1984375,0
2026-09-24T11:18:34Z,checkoutservice,0.0,615,0.8,0.0,0
2026-09-24T11:18:34Z,productcatalogservice,325.0,1535,0.95,0.21172638436482086,0
2026-09-24T11:18:34Z,paymentservice,0.0,155,0.8,0.0,0
2026-09-24T11:18:34Z,recommendationservice,1143.0,1150,0.8,0.9939130434782608,1
2026-09-24T11:18:34Z,shippingservice,0.0,770,0.8,0.0,0
2026-09-24T11:18:34Z,currencyservice,250.0,770,0.8,0.3246753246753247,0
2026-09-24T11:18:34Z,emailservice,14.0,155,0.8,0.09032258064516129,0
2026-09-24T11:18:34Z,adservice,59.0,1150,0.8,0.051304347826086956,0
2026-09-24T11:18:34Z,redis-cart,28.0,540,0.8,0.05185185185185185,0
2026-09-24T11:18:35Z,frontend,235.25,1150,0.8,0.20456521739130434,0
2026-09-24T11:18:35Z,cartservice,381.0,1920,0.95,0.1984375,0
2026-09-24T11:18:35Z,checkoutservice,5.0,615,0.8,0.008130081300813009,0
2026-09-24T11:18:35Z,productcatalogservice,325.0,1535,0.95,0.21172638436482086,0
2026-09-24T11:18:35Z,paymentservice,0.0,155,0.8,0.0,0
2026-09-24T11:18:35Z,recommendationservice,1140.0,1150,0.8,0.991304347826087,1
2026-09-24T11:18:35Z,shippingservice,0.0,770,0.8,0.0,0
2026-09-24T11:18:35Z,currencyservice,284.0,770,0.8,0.36883116883116884,0
2026-09-24T11:18:35Z,emailservice,24.0,155,0.8,0.15483870967741936,0
2026-09-24T11:18:35Z,adservice,32.0,1150,0.8,0.02782608695652174,0
2026-09-24T11:18:35Z,redis-cart,28.0,540,0.8,0.05185185185185185,0
2026-09-24T11:18:36Z,frontend,253.75,1150,0.8,0.22065217391304348,0
2026-09-24T11:18:36Z,cartservice,443.0,1920,0.95,0.23072916666666668,0
2026-09-24T11:18:36Z,checkoutservice,21.0,615,0.8,0.03414634146341464,0
2026-09-24T11:18:36Z,productcatalogservice,281.0,1535,0.95,0.18306188925081432,0
2026-09-24T11:18:36Z,paymentservice,0.0,155,0.8,0.0,0
2026-09-24T11:18:36Z,recommendationservice,1155.0,1150,0.8,1.0043478260869565,1
2026-09-24T11:18:36Z,shippingservice,0.0,770,0.8,0.0,0
2026-09-24T11:18:36Z,currencyservice,284.0,770,0.8,0.36883116883116884,0
2026-09-24T11:18:36Z,emailservice,24.0,155,0.8,0.15483870967741936,0
2026-09-24T11:18:36Z,adservice,33.0,1150,0.8,0.028695652173913042,0
2026-09-24T11:18:36Z,redis-cart,31.0,540,0.8,0.05740740740740741,0
2026-09-24T11:18:37Z,frontend,280.75,1150,0.8,0.2441304347826087,0
2026-09-24T11:18:37Z,cartservice,521.0,1920,0.95,0.2713541666666667,0
2026-09-24T11:18:37Z,checkoutservice,21.0,615,0.8,0.03414634146341464,0
2026-09-24T11:18:37Z,productcatalogservice,417.0,1535,0.95,0.2716612377850163,0
2026-09-24T11:18:37Z,paymentservice,0.0,155,0.8,0.0,0
2026-09-24T11:18:37Z,recommendationservice,1127.0,1150,0.8,0.98,1
2026-09-24T11:18:37Z,shippingservice,23.0,770,0.8,0.02987012987012987,0
2026-09-24T11:18:37Z,currencyservice,310.0,770,0.8,0.4025974025974026,0
2026-09-24T11:18:37Z,emailservice,17.0,155,0.8,0.10967741935483871,0
2026-09-24T11:18:37Z,adservice,33.0,1150,0.8,0.028695652173913042,0
2026-09-24T11:18:37Z,redis-cart,31.0,540,0.8,0.05740740740740741,0
2026-09-24T11:18:38Z,frontend,297.75,1150,0.8,0.2589130434782609,0
2026-09-24T11:18:38Z,cartservice,521.0,1920,0.95,0.2713541666666667,0
2026-09-24T11:18:38Z,checkoutservice,370.0,615,0.8,0.6016260162601627,0
2026-09-24T11:18:38Z,productcatalogservice,417.0,1535,0.95,0.2716612377850163,0
2026-09-24T11:18:38Z,paymentservice,24.0,155,0.8,0.15483870967741936,0
2026-09-24T11:18:38Z,recommendationservice,1127.0,1150,0.8,0.98,1
2026-09-24T11:18:38Z,shippingservice,76.0,770,0.8,0.0987012987012987,0
2026-09-24T11:18:38Z,currencyservice,326.0,770,0.8,0.42337662337662335,0
2026-09-24T11:18:38Z,emailservice,37.0,155,0.8,0.23870967741935484,0
2026-09-24T11:18:38Z,adservice,66.0,1150,0.8,0.057391304347826085,0
2026-09-24T11:18:38Z,redis-cart,31.0,540,0.8,0.05740740740740741,0
2026-09-24T11:18:39Z,frontend,275.75,1150,0.8,0.23978260869565218,0
2026-09-24T11:18:39Z,cartservice,468.0,1920,0.95,0.24375,0
2026-09-24T11:18:39Z,checkoutservice,400.0,615,0.8,0.6504065040650406,0
2026-09-24T11:18:39Z,productcatalogservice,431.0,1535,0.95,0.2807817589576547,0
2026-09-24T11:18:39Z,paymentservice,22.0,155,0.8,0.14193548387096774,0
2026-09-24T11:18:39Z,recommendationservice,1142.0,1150,0.8,0.9930434782608696,1
2026-09-24T11:18:39Z,shippingservice,76.0,770,0.8,0.0987012987012987,0
2026-09-24T11:18:39Z,currencyservice,326.0,770,0.8,0.42337662337662335,0
2026-09-24T11:18:39Z,emailservice,37.0,155,0.8,0.23870967741935484,0
2026-09-24T11:18:39Z,adservice,78.0,1150,0.8,0.06782608695652174,0
2026-09-24T11:18:39Z,redis-cart,32.0,540,0.8,0.05925925925925926,0
2026-09-24T11:18:40Z,frontend,265.5,1150,0.8,0.2308695652173913,0
2026-09-24T11:18:40Z,cartservice,437.0,1920,0.95,0.22760416666666666,0
2026-09-24T11:18:40Z,checkoutservice,400.0,615,0.8,0.6504065040650406,0
2026-09-24T11:18:40Z,productcatalogservice,431.0,1535,0.95,0.2807817589576547,0
2026-09-24T11:18:40Z,paymentservice,12.0,155,0.8,0.07741935483870968,0
2026-09-24T11:18:40Z,recommendationservice,1142.0,1150,0.8,0.9930434782608696,1
2026-09-24T11:18:40Z,shippingservice,35.0,770,0.8,0.045454545454545456,0
2026-09-24T11:18:40Z,currencyservice,363.0,770,0.8,0.4714285714285714,0
2026-09-24T11:18:40Z,emailservice,59.0,155,0.8,0.38064516129032255,0
2026-09-24T11:18:40Z,adservice,78.0,1150,0.8,0.06782608695652174,0
2026-09-24T11:18:40Z,redis-cart,32.0,540,0.8,0.05925925925925926,0
2026-09-24T11:18:41Z,frontend,251.75,1150,0.8,0.21891304347826088,0
2026-09-24T11:18:41Z,cartservice,437.0,1920,0.95,0.22760416666666666,0
2026-09-24T11:18:41Z,checkoutservice,55.0,615,0.8,0.08943089430894309,0
2026-09-24T11:18:41Z,productcatalogservice,363.0,1535,0.95,0.23648208469055373,0
2026-09-24T11:18:41Z,paymentservice,33.0,155,0.8,0.2129032258064516,0
2026-09-24T11:18:41Z,recommendationservice,1152.0,1150,0.8,1.0017391304347827,1
2026-09-24T11:18:41Z,shippingservice,3.0,770,0.8,0.003896103896103896,0
2026-09-24T11:18:41Z,currencyservice,363.0,770,0.8,0.4714285714285714,0
2026-09-24T11:18:41Z,emailservice,7.0,155,0.8,0.04516129032258064,0
2026-09-24T11:18:41Z,adservice,68.0,1150,0.8,0.059130434782608696,0
2026-09-24T11:18:41Z,redis-cart,30.0,540,0.8,0.05555555555555555,0
2026-09-24T11:18:42Z,frontend,264.25,1150,0.8,0.22978260869565217,0
2026-09-24T11:18:42Z,cartservice,474.0,1920,0.95,0.246875,0
2026-09-24T11:18:42Z,checkoutservice,55.0,615,0.8,0.08943089430894309,0
2026-09-24T11:18:42Z,productcatalogservice,412.0,1535,0.95,0.26840390879478826,0
2026-09-24T11:18:42Z,paymentservice,33.0,155,0.8,0.2129032258064516,0
2026-09-24T11:18:42Z,recommendationservice,1152.0,1150,0.8,1.0017391304347827,1
2026-09-24T11:18:42Z,shippingservice,3.0,770,0.8,0.003896103896103896,0
2026-09-24T11:18:42Z,currencyservice,302.0,770,0.8,0.3922077922077922,0
2026-09-24T11:18:42Z,emailservice,7.0,155,0.8,0.04516129032258064,0
2026-09-24T11:18:42Z,adservice,68.0,1150,0.8,0.059130434782608696,0
2026-09-24T11:18:42Z,redis-cart,30.0,540,0.8,0.05555555555555555,0
2026-09-24T11:18:43Z,frontend,287.0,1150,0.8,0.24956521739130436,0
2026-09-24T11:18:43Z,cartservice,474.0,1920,0.95,0.246875,0
2026-09-24T11:18:43Z,checkoutservice,209.0,615,0.8,0.33983739837398375,0
2026-09-24T11:18:43Z,productcatalogservice,311.0,1535,0.95,0.2026058631921824,0
2026-09-24T11:18:43Z,paymentservice,13.0,155,0.8,0.08387096774193549,0
2026-09-24T11:18:43Z,recommendationservice,1146.0,1150,0.8,0.9965217391304347,1
2026-09-24T11:18:43Z,shippingservice,41.0,770,0.8,0.053246753246753244,0
2026-09-24T11:18:43Z,currencyservice,312.0,770,0.8,0.4051948051948052,0
2026-09-24T11:18:43Z,emailservice,21.0,155,0.8,0.13548387096774195,0
2026-09-24T11:18:43Z,adservice,68.0,1150,0.8,0.059130434782608696,0
2026-09-24T11:18:43Z,redis-cart,32.0,540,0.8,0.05925925925925926,0
2026-09-24T11:18:44Z,frontend,257.25,1150,0.8,0.22369565217391305,0
2026-09-24T11:18:44Z,cartservice,451.0,1920,0.95,0.23489583333333333,0
2026-09-24T11:18:44Z,checkoutservice,176.0,615,0.8,0.2861788617886179,0
2026-09-24T11:18:44Z,productcatalogservice,311.0,1535,0.95,0.2026058631921824,0
2026-09-24T11:18:44Z,paymentservice,10.0,155,0.8,0.06451612903225806,0
2026-09-24T11:18:44Z,recommendationservice,1150.0,1150,0.8,1.0,1
2026-09-24T11:18:44Z,shippingservice,41.0,770,0.8,0.053246753246753244,0
2026-09-24T11:18:44Z,currencyservice,312.0,770,0.8,0.4051948051948052,0
2026-09-24T11:18:44Z,emailservice,21.0,155,0.8,0.13548387096774195,0
2026-09-24T11:18:44Z,adservice,47.0,1150,0.8,0.0408695652173913,0
2026-09-24T11:18:44Z,redis-cart,32.0,540,0.8,0.05925925925925926,0
2026-09-24T11:18:45Z,frontend,250.75,1150,0.8,0.21804347826086956,0
2026-09-24T11:18:45Z,cartservice,456.0,1920,0.95,0.2375,0
2026-09-24T11:18:45Z,checkoutservice,176.0,615,0.8,0.2861788617886179,0
2026-09-24T11:18:45Z,productcatalogservice,347.0,1535,0.95,0.2260586319218241,0
2026-09-24T11:18:45Z,paymentservice,10.0,155,0.8,0.06451612903225806,0
2026-09-24T11:18:45Z,recommendationservice,1150.0,1150,0.8,1.0,1
2026-09-24T11:18:45Z,shippingservice,17.0,770,0.8,0.02207792207792208,0
2026-09-24T11:18:45Z,currencyservice,286.0,770,0.8,0.37142857142857144,0
2026-09-24T11:18:45Z,emailservice,21.0,155,0.8,0.13548387096774195,0
2026-09-24T11:18:45Z,adservice,47.0,1150,0.8,0.0408695652173913,0
2026-09-24T11:18:45Z,redis-cart,31.0,540,0.8,0.05740740740740741,0
2026-09-24T11:18:46Z,frontend,248.5,1150,0.8,0.21608695652173912,0
2026-09-24T11:18:46Z,cartservice,456.0,1920,0.95,0.2375,0
2026-09-24T11:18:46Z,checkoutservice,226.0,615,0.8,0.367479674796748,0
2026-09-24T11:18:46Z,productcatalogservice,395.0,1535,0.95,0.25732899022801303,0
2026-09-24T11:18:46Z,paymentservice,12.0,155,0.8,0.07741935483870968,0
2026-09-24T11:18:46Z,recommendationservice,1130.0,1150,0.8,0.9826086956521739,1
2026-09-24T11:18:46Z,shippingservice,17.0,770,0.8,0.02207792207792208,0
2026-09-24T11:18:46Z,currencyservice,312.0,770,0.8,0.4051948051948052,0
2026-09-24T11:18:46Z,emailservice,64.0,155,0.8,0.4129032258064516,0
2026-09-24T11:18:46Z,adservice,47.0,1150,0.8,0.0408695652173913,0
2026-09-24T11:18:46Z,redis-cart,29.0,540,0.8,0.053703703703703705,0
2026-09-24T11:18:47Z,frontend,222.75,1150,0.8,0.19369565217391305,0
2026-09-24T11:18:47Z,cartservice,486.0,1920,0.95,0.253125,0
2026-09-24T11:18:47Z,checkoutservice,226.0,615,0.8,0.367479674796748,0
2026-09-24T11:18:47Z,productcatalogservice,340.0,1535,0.95,0.22149837133550487,0
2026-09-24T11:18:47Z,paymentservice,12.0,155,0.8,0.07741935483870968,0
2026-09-24T11:18:47Z,recommendationservice,1149.0,1150,0.8,0.9991304347826087,1
2026-09-24T11:18:47Z,shippingservice,29.0,770,0.8,0.03766233766233766,0
2026-09-24T11:18:47Z,currencyservice,312.0,770,0.8,0.4051948051948052,0
2026-09-24T11:18:47Z,emailservice,12.0,155,0.8,0.07741935483870968,0
2026-09-24T11:18:47Z,adservice,47.0,1150,0.8,0.0408695652173913,0
2026-09-24T11:18:47Z,redis-cart,30.0,540,0.8,0.05555555555555555,0
2026-09-24T11:18:48Z,frontend,229.0,1150,0.8,0.1991304347826087,0
2026-09-24T11:18:48Z,cartservice,421.0,1920,0.95,0.21927083333333333,0
2026-09-24T11:18:48Z,checkoutservice,185.0,615,0.8,0.3008130081300813,0
2026-09-24T11:18:48Z,productcatalogservice,340.0,1535,0.95,0.22149837133550487,0
2026-09-24T11:18:48Z,paymentservice,9.0,155,0.8,0.05806451612903226,0
2026-09-24T11:18:48Z,recommendationservice,1149.0,1150,0.8,0.9991304347826087,1
2026-09-24T11:18:48Z,shippingservice,46.0,770,0.8,0.05974025974025974,0
2026-09-24T11:18:48Z,currencyservice,349.0,770,0.8,0.45324675324675323,0
2026-09-24T11:18:48Z,emailservice,24.0,155,0.8,0.15483870967741936,0
2026-09-24T11:18:48Z,adservice,50.0,1150,0.8,0.043478260869565216,0
2026-09-24T11:18:48Z,redis-cart,30.0,540,0.8,0.05555555555555555,0
2026-09-24T11:18:49Z,frontend,244.25,1150,0.8,0.21239130434782608,0
2026-09-24T11:18:49Z,cartservice,421.0,1920,0.95,0.21927083333333333,0
2026-09-24T11:18:49Z,checkoutservice,185.0,615,0.8,0.3008130081300813,0
2026-09-24T11:18:49Z,productcatalogservice,338.0,1535,0.95,0.2201954397394137,0
2026-09-24T11:18:49Z,paymentservice,9.0,155,0.8,0.05806451612903226,0
2026-09-24T11:18:49Z,recommendationservice,1144.0,1150,0.8,0.9947826086956522,1
2026-09-24T11:18:49Z,shippingservice,46.0,770,0.8,0.05974025974025974,0
2026-09-24T11:18:49Z,currencyservice,349.0,770,0.8,0.45324675324675323,0
2026-09-24T11:18:49Z,emailservice,14.0,155,0.8,0.09032258064516129,0
2026-09-24T11:18:49Z,adservice,30.0,1150,0.8,0.02608695652173913,0
2026-09-24T11:18:49Z,redis-cart,30.0,540,0.8,0.05555555555555555,0
2026-09-24T11:18:50Z,frontend,255.25,1150,0.8,0.22195652173913044,0
2026-09-24T11:18:50Z,cartservice,464.0,1920,0.95,0.24166666666666667,0
2026-09-24T11:18:50Z,checkoutservice,4.0,615,0.8,0.0065040650406504065,0
2026-09-24T11:18:50Z,productcatalogservice,296.0,1535,0.95,0.19283387622149836,0
2026-09-24T11:18:50Z,paymentservice,0.0,155,0.8,0.0,0
2026-09-24T11:18:50Z,recommendationservice,1143.0,1150,0.8,0.9939130434782608,1
2026-09-24T11:18:50Z,shippingservice,0.0,770,0.8,0.0,0
2026-09-24T11:18:50Z,currencyservice,275.0,770,0.8,0.35714285714285715,0
2026-09-24T11:18:50Z,emailservice,14.0,155,0.8,0.09032258064516129,0
2026-09-24T11:18:50Z,adservice,30.0,1150,0.8,0.02608695652173913,0
2026-09-24T11:18:50Z,redis-cart,31.0,540,0.8,0.05740740740740741,0
2026-09-24T11:18:51Z,frontend,266.0,1150,0.8,0.23130434782608697,0
2026-09-24T11:18:51Z,cartservice,464.0,1920,0.95,0.24166666666666667,0
2026-09-24T11:18:51Z,checkoutservice,0.0,615,0.8,0.0,0
2026-09-24T11:18:51Z,productcatalogservice,296.0,1535,0.95,0.19283387622149836,0
2026-09-24T11:18:51Z,paymentservice,31.0,155,0.8,0.2,0
2026-09-24T11:18:51Z,recommendationservice,1143.0,1150,0.8,0.9939130434782608,1
2026-09-24T11:18:51Z,shippingservice,0.0,770,0.8,0.0,0
2026-09-24T11:18:51Z,currencyservice,295.0,770,0.8,0.38311688311688313,0
2026-09-24T11:18:51Z,emailservice,26.0,155,0.8,0.16774193548387098,0
2026-09-24T11:18:51Z,adservice,31.0,1150,0.8,0.026956521739130435,0
2026-09-24T11:18:51Z,redis-cart,32.0,540,0.8,0.05925925925925926,0
2026-09-24T11:18:52Z,frontend,258.5,1150,0.8,0.22478260869565217,0
2026-09-24T11:18:52Z,cartservice,521.0,1920,0.95,0.2713541666666667,0
2026-09-24T11:18:52Z,checkoutservice,37.0,615,0.8,0.06016260162601626,0
2026-09-24T11:18:52Z,productcatalogservice,330.0,1535,0.95,0.21498371335504887,0
2026-09-24T11:18:52Z,paymentservice,31.0,155,0.8,0.2,0
2026-09-24T11:18:52Z,recommendationservice,1158.0,1150,0.8,1.0069565217391305,1
2026-09-24T11:18:52Z,shippingservice,0.0,770,0.8,0.0,0
2026-09-24T11:18:52Z,currencyservice,295.0,770,0.8,0.38311688311688313,0
2026-09-24T11:18:52Z,emailservice,26.0,155,0.8,0.16774193548387098,0
2026-09-24T11:18:52Z,adservice,31.0,1150,0.8,0.026956521739130435,0
2026-09-24T11:18:52Z,redis-cart,31.0,540,0.8,0.05740740740740741,0
2026-09-24T11:18:53Z,frontend,229.5,1150,0.8,0.19956521739130434,0
2026-09-24T11:18:53Z,cartservice,534.0,1920,0.95,0.278125,0
2026-09-24T11:18:53Z,checkoutservice,37.0,615,0.8,0.06016260162601626,0
2026-09-24T11:18:53Z,productcatalogservice,362.0,1535,0.95,0.23583061889250814,0
2026-09-24T11:18:53Z,paymentservice,0.0,155,0.8,0.0,0
2026-09-24T11:18:53Z,recommendationservice,1158.0,1150,0.8,1.0069565217391305,1
2026-09-24T11:18:53Z,shippingservice,32.0,770,0.8,0.04155844155844156,0
2026-09-24T11:18:53Z,currencyservice,294.0,770,0.8,0.38181818181818183,0
2026-09-24T11:18:53Z,emailservice,3.0,155,0.8,0.01935483870967742,0
2026-09-24T11:18:53Z,adservice,33.0,1150,0.8,0.028695652173913042,0
2026-09-24T11:18:53Z,redis-cart,31.0,540,0.8,0.05740740740740741,0
2026-09-24T11:18:54Z,frontend,255.75,1150,0.8,0.22239130434782609,0
2026-09-24T11:18:54Z,cartservice,534.0,1920,0.95,0.278125,0
2026-09-24T11:18:54Z,checkoutservice,159.0,615,0.8,0.25853658536585367,0
2026-09-24T11:18:54Z,productcatalogservice,334.0,1535,0.95,0.21758957654723127,0
2026-09-24T11:18:54Z,paymentservice,9.0,155,0.8,0.05806451612903226,0
2026-09-24T11:18:54Z,recommendationservice,1144.0,1150,0.8,0.9947826086956522,1
2026-09-24T11:18:54Z,shippingservice,12.0,770,0.8,0.015584415584415584,0
2026-09-24T11:18:54Z,currencyservice,294.0,770,0.8,0.38181818181818183,0
2026-09-24T11:18:54Z,emailservice,23.0,155,0.8,0.14838709677419354,0
2026-09-24T11:18:54Z,adservice,48.0,1150,0.8,0.04173913043478261,0
2026-09-24T11:18:54Z,redis-cart,30.0,540,0.8,0.05555555555555555,0
2026-09-24T11:18:55Z,frontend,271.75,1150,0.8,0.23630434782608695,0
2026-09-24T11:18:55Z,cartservice,545.0,1920,0.95,0.2838541666666667,0
2026-09-24T11:18:55Z,checkoutservice,237.0,615,0.8,0.3853658536585366,0
2026-09-24T11:18:55Z,productcatalogservice,334.0,1535,0.95,0.21758957654723127,0
2026-09-24T11:18:55Z,paymentservice,9.0,155,0.8,0.05806451612903226,0
2026-09-24T11:18:55Z,recommendationservice,1139.0,1150,0.8,0.9904347826086957,1
2026-09-24T11:18:55Z,shippingservice,34.0,770,0.8,0.04415584415584416,0
2026-09-24T11:18:55Z,currencyservice,297.0,770,0.8,0.38571428571428573,0
2026-09-24T11:18:55Z,emailservice,23.0,155,0.8,0.14838709677419354,0
2026-09-24T11:18:55Z,adservice,86.0,1150,0.8,0.07478260869565218,0
2026-09-24T11:18:55Z,redis-cart,33.0,540,0.8,0.06111111111111111,0
2026-09-24T11:18:56Z,frontend,256.0,1150,0.8,0.22260869565217392,0
2026-09-24T11:18:56Z,cartservice,545.0,1920,0.95,0.2838541666666667,0
2026-09-24T11:18:56Z,checkoutservice,237.0,615,0.8,0.3853658536585366,0
2026-09-24T11:18:56Z,productcatalogservice,333.0,1535,0.95,0.21693811074918568,0
2026-09-24T11:18:56Z,paymentservice,11.0,155,0.8,0.07096774193548387,0
2026-09-24T11:18:56Z,recommendationservice,1128.0,1150,0.8,0.9808695652173913,1
2026-09-24T11:18:56Z,shippingservice,15.0,770,0.8,0.01948051948051948,0
2026-09-24T11:18:56Z,currencyservice,297.0,770,0.8,0.38571428571428573,0
2026-09-24T11:18:56Z,emailservice,43.0,155,0.8,0.27741935483870966,0
2026-09-24T11:18:56Z,adservice,86.0,1150,0.8,0.07478260869565218,0
2026-09-24T11:18:56Z,redis-cart,29.0,540,0.8,0.053703703703703705,0
2026-09-24T11:18:57Z,frontend,278.25,1150,0.8,0.24195652173913043,0
2026-09-24T11:18:57Z,cartservice,598.0,1920,0.95,0.31145833333333334,0
2026-09-24T11:18:57Z,checkoutservice,350.0,615,0.8,0.5691056910569106,0
2026-09-24T11:18:57Z,productcatalogservice,333.0,1535,0.95,0.21693811074918568,0
2026-09-24T11:18:57Z,paymentservice,11.0,155,0.8,0.07096774193548387,0
2026-09-24T11:18:57Z,recommendationservice,1153.0,1150,0.8,1.0026086956521738,1
2026-09-24T11:18:57Z,shippingservice,15.0,770,0.8,0.01948051948051948,0
2026-09-24T11:18:57Z,currencyservice,327.0,770,0.8,0.42467532467532465,0
2026-09-24T11:18:57Z,emailservice,43.0,155,0.8,0.27741935483870966,0
2026-09-24T11:18:57Z,adservice,68.0,1150,0.8,0.059130434782608696,0
2026-09-24T11:18:57Z,redis-cart,29.0,540,0.8,0.053703703703703705,0
2026-09-24T11:18:58Z,frontend,268.5,1150,0.8,0.23347826086956522,0
2026-09-24T11:18:58Z,cartservice,618.0,1920,0.95,0.321875,0
2026-09-24T11:18:58Z,checkoutservice,269.0,615,0.8,0.4373983739837398,0
2026-09-24T11:18:58Z,productcatalogservice,415.0,1535,0.95,0.2703583061889251,0
2026-09-24T11:18:58Z,paymentservice,19.0,155,0.8,0.12258064516129032,0
2026-09-24T11:18:58Z,recommendationservice,1153.0,1150,0.8,1.0026086956521738,1
2026-09-24T11:18:58Z,shippingservice,71.0,770,0.8,0.09220779220779221,0
2026-09-24T11:18:58Z,currencyservice,316.0,770,0.8,0.4103896103896104,0
2026-09-24T11:18:58Z,emailservice,31.0,155,0.8,0.2,0
2026-09-24T11:18:58Z,adservice,68.0,1150,0.8,0.059130434782608696,0
2026-09-24T11:18:58Z,redis-cart,33.0,540,0.8,0.06111111111111111,0
2026-09-24T11:18:59Z,frontend,259.5,1150,0.8,0.22565217391304349,0
2026-09-24T11:18:59Z,cartservice,491.0,1920,0.95,0.2557291666666667,0
2026-09-24T11:18:59Z,checkoutservice,8.0,615,0.8,0.013008130081300813,0
2026-09-24T11:18:59Z,productcatalogservice,415.0,1535,0.95,0.2703583061889251,0
2026-09-24T11:18:59Z,paymentservice,10.0,155,0.8,0.06451612903225806,0
2026-09-24T11:18:59Z,recommendationservice,1144.0,1150,0.8,0.9947826086956522,1
2026-09-24T11:18:59Z,shippingservice,11.0,770,0.8,0.014285714285714285,0
2026-09-24T11:18:59Z,currencyservice,316.0,770,0.8,0.4103896103896104,0
2026-09-24T11:18:59Z,emailservice,26.0,155,0.8,0.16774193548387098,0
2026-09-24T11:18:59Z,adservice,57.0,1150,0.8,0.049565217391304345,0
2026-09-24T11:18:59Z,redis-cart,33.0,540,0.8,0.06111111111111111,0
2026-09-24T11:19:00Z,frontend,228.0,1150,0.8,0.19826086956521738,0
2026-09-24T11:19:00Z,cartservice,491.0,1920,0.95,0.2557291666666667,0
2026-09-24T11:19:00Z,checkoutservice,8.0,615,0.8,0.013008130081300813,0
2026-09-24T11:19:00Z,productcatalogservice,308.0,1535,0.95,0.2006514657980456,0
2026-09-24T11:19:00Z,paymentservice,10.0,155,0.8,0.06451612903225806,0
2026-09-24T11:19:00Z,recommendationservice,1144.0,1150,0.8,0.9947826086956522,1
2026-09-24T11:19:00Z,shippingservice,11.0,770,0.8,0.014285714285714285,0
2026-09-24T11:19:00Z,currencyservice,297.0,770,0.8,0.38571428571428573,0
2026-09-24T11:19:00Z,emailservice,43.0,155,0.8,0.27741935483870966,0
2026-09-24T11:19:00Z,adservice,31.0,1150,0.8,0.026956521739130435,0
2026-09-24T11:19:00Z,redis-cart,29.0,540,0.8,0.053703703703703705,0
2026-09-24T11:19:01Z,frontend,227.25,1150,0.8,0.19760869565217393,0
2026-09-24T11:19:01Z,cartservice,573.0,1920,0.95,0.2984375,0
2026-09-24T11:19:01Z,checkoutservice,0.0,615,0.8,0.0,0
2026-09-24T11:19:01Z,productcatalogservice,308.0,1535,0.95,0.2006514657980456,0
2026-09-24T11:19:01Z,paymentservice,27.0,155,0.8,0.17419354838709677,0
2026-09-24T11:19:01Z,recommendationservice,1157.0,1150,0.8,1.0060869565217392,1
2026-09-24T11:19:01Z,shippingservice,0.0,770,0.8,0.0,0
2026-09-24T11:19:01Z,currencyservice,297.0,770,0.8,0.38571428571428573,0
2026-09-24T11:19:01Z,emailservice,0.0,155,0.8,0.0,0
2026-09-24T11:19:01Z,adservice,29.0,1150,0.8,0.025217391304347827,0
2026-09-24T11:19:01Z,redis-cart,29.0,540,0.8,0.053703703703703705,0
2026-09-24T11:19:02Z,frontend,258.75,1150,0.8,0.225,0
2026-09-24T11:19:02Z,cartservice,573.0,1920,0.95,0.2984375,0
2026-09-24T11:19:02Z,checkoutservice,273.0,615,0.8,0.44390243902439025,0
2026-09-24T11:19:02Z,productcatalogservice,321.0,1535,0.95,0.20912052117263843,0
2026-09-24T11:19:02Z,paymentservice,0.0,155,0.8,0.0,0
2026-09-24T11:19:02Z,recommendationservice,1135.0,1150,0.8,0.9869565217391304,1
2026-09-24T11:19:02Z,shippingservice,0.0,770,0.8,0.0,0
2026-09-24T11:19:02Z,currencyservice,286.0,770,0.8,0.37142857142857144,0
2026-09-24T11:19:02Z,emailservice,0.0,155,0.8,0.0,0
2026-09-24T11:19:02Z,adservice,53.0,1150,0.8,0.04608695652173913,0
2026-09-24T11:19:02Z,redis-cart,33.0,540,0.8,0.06111111111111111,0
2026-09-24T11:19:03Z,frontend,229.25,1150,0.8,0.19934782608695653,0
2026-09-24T11:19:03Z,cartservice,582.0,1920,0.95,0.303125,0
2026-09-24T11:19:03Z,checkoutservice,34.0,615,0.8,0.055284552845528454,0
2026-09-24T11:19:03Z,productcatalogservice,369.0,1535,0.95,0.24039087947882737,0
2026-09-24T11:19:03Z,paymentservice,0.0,155,0.8,0.0,0
2026-09-24T11:19:03Z,recommendationservice,1135.0,1150,0.8,0.9869565217391304,1
2026-09-24T11:19:03Z,shippingservice,33.0,770,0.8,0.04285714285714286,0
2026-09-24T11:19:03Z,currencyservice,304.0,770,0.8,0.3948051948051948,0
2026-09-24T11:19:03Z,emailservice,17.0,155,0.8,0.10967741935483871,0
2026-09-24T11:19:03Z,adservice,53.0,1150,0.8,0.04608695652173913,0
2026-09-24T11:19:03Z,redis-cart,33.0,540,0.8,0.06111111111111111,0
2026-09-24T11:19:04Z,frontend,235.75,1150,0.8,0.205,0
2026-09-24T11:19:04Z,cartservice,592.0,1920,0.95,0.30833333333333335,0
2026-09-24T11:19:04Z,checkoutservice,34.0,615,0.8,0.055284552845528454,0
2026-09-24T11:19:04Z,productcatalogservice,299.0,1535,0.95,0.19478827361563517,0
2026-09-24T11:19:04Z,paymentservice,8.0,155,0.8,0.05161290322580645,0
2026-09-24T11:19:04Z,recommendationservice,1150.0,1150,0.8,1.0,1
2026-09-24T11:19:04Z,shippingservice,0.0,770,0.8,0.0,0
2026-09-24T11:19:04Z,currencyservice,304.0,770,0.8,0.3948051948051948,0
2026-09-24T11:19:04Z,emailservice,17.0,155,0.8,0.10967741935483871,0
2026-09-24T11:19:04Z,adservice,31.0,1150,0.8,0.026956521739130435,0
2026-09-24T11:19:04Z,redis-cart,29.0,540,0.8,0.053703703703703705,0
2026-09-24T11:19:05Z,frontend,248.75,1150,0.8,0.21630434782608696,0
2026-09-24T11:19:05Z,cartservice,591.0,1920,0.95,0.3078125,0
2026-09-24T11:19:05Z,checkoutservice,64.0,615,0.8,0.1040650406504065,0
2026-09-24T11:19:05Z,productcatalogservice,349.0,1535,0.95,0.2273615635179153,0
2026-09-24T11:19:05Z,paymentservice,11.0,155,0.8,0.07096774193548387,0
2026-09-24T11:19:05Z,recommendationservice,1150.0,1150,0.8,1.0,1
2026-09-24T11:19:05Z,shippingservice,20.0,770,0.8,0.025974025974025976,0
2026-09-24T11:19:05Z,currencyservice,324.0,770,0.8,0.42077922077922075,0
2026-09-24T11:19:05Z,emailservice,41.0,155,0.8,0.2645161290322581,0
2026-09-24T11:19:05Z,adservice,55.0,1150,0.8,0.04782608695652174,0
2026-09-24T11:19:05Z,redis-cart,29.0,540,0.8,0.053703703703703705,0
2026-09-24T11:19:06Z,frontend,262.5,1150,0.8,0.22826086956521738,0
2026-09-24T11:19:06Z,cartservice,534.0,1920,0.95,0.278125,0
2026-09-24T11:19:06Z,checkoutservice,244.0,615,0.8,0.3967479674796748,0
2026-09-24T11:19:06Z,productcatalogservice,349.0,1535,0.95,0.2273615635179153,0
2026-09-24T11:19:06Z,paymentservice,11.0,155,0.8,0.07096774193548387,0
2026-09-24T11:19:06Z,recommendationservice,1150.0,1150,0.8,1.0,1
2026-09-24T11:19:06Z,shippingservice,20.0,770,0.8,0.025974025974025976,0
2026-09-24T11:19:06Z,currencyservice,287.0,770,0.8,0.37272727272727274,0
2026-09-24T11:19:06Z,emailservice,41.0,155,0.8,0.2645161290322581,0
2026-09-24T11:19:06Z,adservice,55.0,1150,0.8,0.04782608695652174,0
2026-09-24T11:19:06Z,redis-cart,30.0,540,0.8,0.05555555555555555,0
2026-09-24T11:19:07Z,frontend,261.0,1150,0.8,0.22695652173913045,0
2026-09-24T11:19:07Z,cartservice,534.0,1920,0.95,0.278125,0
2026-09-24T11:19:07Z,checkoutservice,244.0,615,0.8,0.3967479674796748,0
2026-09-24T11:19:07Z,productcatalogservice,356.0,1535,0.95,0.23192182410423454,0
2026-09-24T11:19:07Z,paymentservice,5.0,155,0.8,0.03225806451612903,0
2026-09-24T11:19:07Z,recommendationservice,1143.0,1150,0.8,0.9939130434782608,1
2026-09-24T11:19:07Z,shippingservice,16.0,770,0.8,0.02077922077922078,0
2026-09-24T11:19:07Z,currencyservice,287.0,770,0.8,0.37272727272727274,0
2026-09-24T11:19:07Z,emailservice,12.0,155,0.8,0.07741935483870968,0
2026-09-24T11:19:07Z,adservice,41.0,1150,0.8,0.035652173913043476,0
2026-09-24T11:19:07Z,redis-cart,31.0,540,0.8,0.05740740740740741,0
2026-09-24T11:19:08Z,frontend,217.25,1150,0.8,0.18891304347826088,0
2026-09-24T11:19:08Z,cartservice,587.0,1920,0.95,0.30572916666666666,0
2026-09-24T11:19:08Z,checkoutservice,5.0,615,0.8,0.008130081300813009,0
2026-09-24T11:19:08Z,productcatalogservice,356.0,1535,0.95,0.23192182410423454,0
2026-09-24T11:19:08Z,paymentservice,5.0,155,0.8,0.03225806451612903,0
2026-09-24T11:19:08Z,recommendationservice,1163.0,1150,0.8,1.011304347826087,1
2026-09-24T11:19:08Z,shippingservice,16.0,770,0.8,0.02077922077922078,0
2026-09-24T11:19:08Z,currencyservice,261.0,770,0.8,0.33896103896103896,0
2026-09-24T11:19:08Z,emailservice,12.0,155,0.8,0.07741935483870968,0
2026-09-24T11:19:08Z,adservice,28.0,1150,0.8,0.02434782608695652,0
2026-09-24T11:19:08Z,redis-cart,31.0,540,0.8,0.05740740740740741,0
2026-09-24T11:19:09Z,frontend,260.25,1150,0.8,0.22630434782608697,0
2026-09-24T11:19:09Z,cartservice,576.0,1920,0.95,0.3,0
2026-09-24T11:19:09Z,checkoutservice,5.0,615,0.8,0.008130081300813009,0
2026-09-24T11:19:09Z,productcatalogservice,342.0,1535,0.95,0.22280130293159608,0
2026-09-24T11:19:09Z,paymentservice,0.0,155,0.8,0.0,0
2026-09-24T11:19:09Z,recommendationservice,1163.0,1150,0.8,1.011304347826087,1
2026-09-24T11:19:09Z,shippingservice,24.0,770,0.8,0.03116883116883117,0
2026-09-24T11:19:09Z,currencyservice,261.0,770,0.8,0.33896103896103896,0
2026-09-24T11:19:09Z,emailservice,0.0,155,0.8,0.0,0
2026-09-24T11:19:09Z,adservice,28.0,1150,0.8,0.02434782608695652,0
2026-09-24T11:19:09Z,redis-cart,29.0,540,0.8,0.053703703703703705,0
2026-09-24T11:19:10Z,frontend,274.75,1150,0.8,0.23891304347826087,0
2026-09-24T11:19:10Z,cartservice,576.0,1920,0.95,0.3,0
2026-09-24T11:19:10Z,checkoutservice,143.0,615,0.8,0.23252032520325203,0
2026-09-24T11:19:10Z,productcatalogservice,392.0,1535,0.95,0.2553745928338762,0
2026-09-24T11:19:10Z,paymentservice,59.0,155,0.8,0.38064516129032255,0
2026-09-24T11:19:10Z,recommendationservice,1133.0,1150,0.8,0.9852173913043478,1
2026-09-24T11:19:10Z,shippingservice,56.0,770,0.8,0.07272727272727272,0
2026-09-24T11:19:10Z,currencyservice,339.0,770,0.8,0.44025974025974024,0
2026-09-24T11:19:10Z,emailservice,56.0,155,0.8,0.36129032258064514,0
2026-09-24T11:19:10Z,adservice,82.0,1150,0.8,0.07130434782608695,0
2026-09-24T11:19:10Z,redis-cart,29.0,540,0.8,0.053703703703703705,0
2026-09-24T11:19:11Z,frontend,260.0,1150,0.8,0.22608695652173913,0
2026-09-24T11:19:11Z,cartservice,623.0,1920,0.95,0.32447916666666665,0
2026-09-24T11:19:11Z,checkoutservice,126.0,615,0.8,0.2048780487804878,0
2026-09-24T11:19:11Z,productcatalogservice,392.0,1535,0.95,0.2553745928338762,0
2026-09-24T11:19:11Z,paymentservice,11.0,155,0.8,0.07096774193548387,0
2026-09-24T11:19:11Z,recommendationservice,1135.0,1150,0.8,0.9869565217391304,1
2026-09-24T11:19:11Z,shippingservice,56.0,770,0.8,0.07272727272727272,0
2026-09-24T11:19:11Z,currencyservice,297.0,770,0.8,0.38571428571428573,0
2026-09-24T11:19:11Z,emailservice,56.0,155,0.8,0.36129032258064514,0
2026-09-24T11:19:11Z,adservice,33.0,1150,0.8,0.028695652173913042,0
2026-09-24T11:19:11Z,redis-cart,32.0,540,0.8,0.05925925925925926,0
2026-09-24T11:19:12Z,frontend,259.25,1150,0.8,0.22543478260869565,0
2026-09-24T11:19:12Z,cartservice,554.0,1920,0.95,0.28854166666666664,0
2026-09-24T11:19:12Z,checkoutservice,126.0,615,0.8,0.2048780487804878,0
2026-09-24T11:19:12Z,productcatalogservice,341.0,1535,0.95,0.2221498371335505,0
2026-09-24T11:19:12Z,paymentservice,11.0,155,0.8,0.07096774193548387,0
2026-09-24T11:19:12Z,recommendationservice,1137.0,1150,0.8,0.9886956521739131,1
2026-09-24T11:19:12Z,shippingservice,12.0,770,0.8,0.015584415584415584,0
2026-09-24T11:19:12Z,currencyservice,297.0,770,0.8,0.38571428571428573,0
2026-09-24T11:19:12Z,emailservice,14.0,155,0.8,0.09032258064516129,0
2026-09-24T11:19:12Z,adservice,33.0,1150,0.8,0.028695652173913042,0
2026-09-24T11:19:12Z,redis-cart,29.0,540,0.8,0.053703703703703705,0
2026-09-24T11:19:13Z,frontend,283.75,1150,0.8,0.2467391304347826,0
2026-09-24T11:19:13Z,cartservice,554.0,1920,0.95,0.28854166666666664,0
2026-09-24T11:19:13Z,checkoutservice,316.0,615,0.8,0.5138211382113821,0
2026-09-24T11:19:13Z,productcatalogservice,374.0,1535,0.95,0.24364820846905538,0
2026-09-24T11:19:13Z,paymentservice,17.0,155,0.8,0.10967741935483871,0
2026-09-24T11:19:13Z,recommendationservice,1137.0,1150,0.8,0.9886956521739131,1
2026-09-24T11:19:13Z,shippingservice,49.0,770,0.8,0.06363636363636363,0
2026-09-24T11:19:13Z,currencyservice,345.0,770,0.8,0.44805194805194803,0
2026-09-24T11:19:13Z,emailservice,14.0,155,0.8,0.09032258064516129,0
2026-09-24T11:19:13Z,adservice,63.0,1150,0.8,0.05478260869565217,0
2026-09-24T11:19:13Z,redis-cart,30.0,540,0.8,0.05555555555555555,0
2026-09-24T11:19:14Z,frontend,292.0,1150,0.8,0.2539130434782609,0
2026-09-24T11:19:14Z,cartservice,545.0,1920,0.95,0.2838541666666667,0
2026-09-24T11:19:14Z,checkoutservice,316.0,615,0.8,0.5138211382113821,0
2026-09-24T11:19:14Z,productcatalogservice,374.0,1535,0.95,0.24364820846905538,0
2026-09-24T11:19:14Z,paymentservice,0.0,155,0.8,0.0,0
2026-09-24T11:19:14Z,recommendationservice,1141.0,1150,0.8,0.9921739130434782,1
2026-09-24T11:19:14Z,shippingservice,17.0,770,0.8,0.02207792207792208,0
2026-09-24T11:19:14Z,currencyservice,261.0,770,0.8,0.33896103896103896,0
2026-09-24T11:19:14Z,emailservice,20.0,155,0.8,0.12903225806451613,0
2026-09-24T11:19:14Z,adservice,45.0,1150,0.8,0.0391304347826087,0
2026-09-24T11:19:14Z,redis-cart,30.0,540,0.8,0.05555555555555555,0
2026-09-24T11:19:15Z,frontend,253.75,1150,0.8,0.22065217391304348,0
2026-09-24T11:19:15Z,cartservice,545.0,1920,0.95,0.2838541666666667,0
2026-09-24T11:19:15Z,checkoutservice,122.0,615,0.8,0.1983739837398374,0
2026-09-24T11:19:15Z,productcatalogservice,365.0,1535,0.95,0.23778501628664495,0
2026-09-24T11:19:15Z,paymentservice,0.0,155,0.8,0.0,0
2026-09-24T11:19:15Z,recommendationservice,1128.0,1150,0.8,0.9808695652173913,1
2026-09-24T11:19:15Z,shippingservice,33.0,770,0.8,0.04285714285714286,0
2026-09-24T11:19:15Z,currencyservice,261.0,770,0.8,0.33896103896103896,0
2026-09-24T11:19:15Z,emailservice,59.0,155,0.8,0.38064516129032255,0
2026-09-24T11:19:15Z,adservice,45.0,1150,0.8,0.0391304347826087,0
2026-09-24T11:19:15Z,redis-cart,29.0,540,0.8,0.053703703703703705,0
2026-09-24T11:19:16Z,frontend,238.5,1150,0.8,0.2073913043478261,0
2026-09-24T11:19:16Z,cartservice,587.0,1920,0.95,0.30572916666666666,0
2026-09-24T11:19:16Z,checkoutservice,122.0,615,0.8,0.1983739837398374,0
2026-09-24T11:19:16Z,productcatalogservice,347.0,1535,0.95,0.2260586319218241,0
2026-09-24T11:19:16Z,paymentservice,15.0,155,0.8,0.0967741935483871,0
2026-09-24T11:19:16Z,recommendationservice,1130.0,1150,0.8,0.9826086956521739,1
2026-09-24T11:19:16Z,shippingservice,33.0,770,0.8,0.04285714285714286,0
2026-09-24T11:19:16Z,currencyservice,315.0,770,0.8,0.4090909090909091,0
2026-09-24T11:19:16Z,emailservice,59.0,155,0.8,0.38064516129032255,0
2026-09-24T11:19:16Z,adservice,60.0,1150,0.8,0.05217391304347826,0
2026-09-24T11:19:16Z,redis-cart,30.0,540,0.8,0.05555555555555555,0
2026-09-24T11:19:17Z,frontend,236.0,1150,0.8,0.20521739130434782,0
2026-09-24T11:19:17Z,cartservice,625.0,1920,0.95,0.3255208333333333,0
2026-09-24T11:19:17Z,checkoutservice,261.0,615,0.8,0.424390243902439,0
2026-09-24T11:19:17Z,productcatalogservice,347.0,1535,0.95,0.2260586319218241,0
2026-09-24T11:19:17Z,paymentservice,15.0,155,0.8,0.0967741935483871,0
2026-09-24T11:19:17Z,recommendationservice,1139.0,1150,0.8,0.9904347826086957,1
2026-09-24T11:19:17Z,shippingservice,38.0,770,0.8,0.04935064935064935,0
2026-09-24T11:19:17Z,currencyservice,328.0,770,0.8,0.42597402597402595,0
2026-09-24T11:19:17Z,emailservice,32.0,155,0.8,0.2064516129032258,0
2026-09-24T11:19:17Z,adservice,74.0,1150,0.8,0.06434782608695652,0
2026-09-24T11:19:17Z,redis-cart,30.0,540,0.8,0.05555555555555555,0
2026-09-24T11:19:18Z,frontend,291.75,1150,0.8,0.25369565217391304,0
2026-09-24T11:19:18Z,cartservice,625.0,1920,0.95,0.3255208333333333,0
2026-09-24T11:19:18Z,checkoutservice,286.0,615,0.8,0.46504065040650405,0
2026-09-24T11:19:18Z,productcatalogservice,404.0,1535,0.95,0.26319218241042347,0
2026-09-24T11:19:18Z,paymentservice,15.0,155,0.8,0.0967741935483871,0
2026-09-24T11:19:18Z,recommendationservice,1139.0,1150,0.8,0.9904347826086957,1
2026-09-24T11:19:18Z,shippingservice,38.0,770,0.8,0.04935064935064935,0
2026-09-24T11:19:18Z,currencyservice,328.0,770,0.8,0.42597402597402595,0
2026-09-24T11:19:18Z,emailservice,34.0,155,0.8,0.21935483870967742,0
2026-09-24T11:19:18Z,adservice,74.0,1150,0.8,0.06434782608695652,0
2026-09-24T11:19:18Z,redis-cart,33.0,540,0.8,0.06111111111111111,0
2026-09-24T11:19:19Z,frontend,251.0,1150,0.8,0.2182608695652174,0
2026-09-24T11:19:19Z,cartservice,637.0,1920,0.95,0.33177083333333335,0
2026-09-24T11:19:19Z,checkoutservice,286.0,615,0.8,0.46504065040650405,0
2026-09-24T11:19:19Z,productcatalogservice,368.0,1535,0.95,0.23973941368078175,0
2026-09-24T11:19:19Z,paymentservice,14.0,155,0.8,0.09032258064516129,0
2026-09-24T11:19:19Z,recommendationservice,1142.0,1150,0.8,0.9930434782608696,1
2026-09-24T11:19:19Z,shippingservice,48.0,770,0.8,0.06233766233766234,0
2026-09-24T11:19:19Z,currencyservice,363.0,770,0.8,0.4714285714285714,0
2026-09-24T11:19:19Z,emailservice,7.0,155,0.8,0.04516129032258064,0
2026-09-24T11:19:19Z,adservice,59.0,1150,0.8,0.051304347826086956,0
2026-09-24T11:19:19Z,redis-cart,29.0,540,0.8,0.053703703703703705,0
2026-09-24T11:19:20Z,frontend,268.75,1150,0.8,0.23369565217391305,0
2026-09-24T11:19:20Z,cartservice,455.0,1920,0.95,0.23697916666666666,0
2026-09-24T11:19:20Z,checkoutservice,146.0,615,0.8,0.23739837398373984,0
2026-09-24T11:19:20Z,productcatalogservice,368.0,1535,0.95,0.23973941368078175,0
2026-09-24T11:19:20Z,paymentservice,14.0,155,0.8,0.09032258064516129,0
2026-09-24T11:19:20Z,recommendationservice,1142.0,1150,0.8,0.9930434782608696,1
2026-09-24T11:19:20Z,shippingservice,0.0,770,0.8,0.0,0
2026-09-24T11:19:20Z,currencyservice,281.0,770,0.8,0.36493506493506495,0
2026-09-24T11:19:20Z,emailservice,7.0,155,0.8,0.04516129032258064,0
2026-09-24T11:19:20Z,adservice,31.0,1150,0.8,0.026956521739130435,0
2026-09-24T11:19:20Z,redis-cart,29.0,540,0.8,0.053703703703703705,0
2026-09-24T11:19:21Z,frontend,242.25,1150,0.8,0.21065217391304347,0
2026-09-24T11:19:21Z,cartservice,513.0,1920,0.95,0.2671875,0
2026-09-24T11:19:21Z,checkoutservice,0.0,615,0.8,0.0,0
2026-09-24T11:19:21Z,productcatalogservice,328.0,1535,0.95,0.21368078175895766,0
2026-09-24T11:19:21Z,paymentservice,24.0,155,0.8,0.15483870967741936,0
2026-09-24T11:19:21Z,recommendationservice,1155.0,1150,0.8,1.0043478260869565,1
2026-09-24T11:19:21Z,shippingservice,0.0,770,0.8,0.0,0
2026-09-24T11:19:21Z,currencyservice,281.0,770,0.8,0.36493506493506495,0
2026-09-24T11:19:21Z,emailservice,36.0,155,0.8,0.23225806451612904,0
2026-09-24T11:19:21Z,adservice,31.0,1150,0.8,0.026956521739130435,0
2026-09-24T11:19:21Z,redis-cart,30.0,540,0.8,0.05555555555555555,0
2026-09-24T11:19:22Z,frontend,229.75,1150,0.8,0.19978260869565218,0
2026-09-24T11:19:22Z,cartservice,513.0,1920,0.95,0.2671875,0
2026-09-24T11:19:22Z,checkoutservice,0.0,615,0.8,0.0,0
2026-09-24T11:19:22Z,productcatalogservice,328.0,1535,0.95,0.21368078175895766,0
2026-09-24T11:19:22Z,paymentservice,0.0,155,0.8,0.0,0
2026-09-24T11:19:22Z,recommendationservice,1155.0,1150,0.8,1.0043478260869565,1
2026-09-24T11:19:22Z,shippingservice,0.0,770,0.8,0.0,0
2026-09-24T11:19:22Z,currencyservice,276.0,770,0.8,0.35844155844155845,0
2026-09-24T11:19:22Z,emailservice,0.0,155,0.8,0.0,0
2026-09-24T11:19:22Z,adservice,29.0,1150,0.8,0.025217391304347827,0
2026-09-24T11:19:22Z,redis-cart,29.0,540,0.8,0.053703703703703705,0
2026-09-24T11:19:23Z,frontend,227.5,1150,0.8,0.19782608695652174,0
2026-09-24T11:19:23Z,cartservice,555.0,1920,0.95,0.2890625,0
2026-09-24T11:19:23Z,checkoutservice,38.0,615,0.8,0.061788617886178863,0
2026-09-24T11:19:23Z,productcatalogservice,335.0,1535,0.95,0.2182410423452769,0
2026-09-24T11:19:23Z,paymentservice,0.0,155,0.8,0.0,0
2026-09-24T11:19:23Z,recommendationservice,1146.0,1150,0.8,0.9965217391304347,1
2026-09-24T11:19:23Z,shippingservice,23.0,770,0.8,0.02987012987012987,0
2026-09-24T11:19:23Z,currencyservice,293.0,770,0.8,0.38051948051948054,0
2026-09-24T11:19:23Z,emailservice,0.0,155,0.8,0.0,0
2026-09-24T11:19:23Z,adservice,46.0,1150,0.8,0.04,0
2026-09-24T11:19:23Z,redis-cart,29.0,540,0.8,0.053703703703703705,0
2026-09-24T11:19:24Z,frontend,246.75,1150,0.8,0.21456521739130435,0
2026-09-24T11:19:24Z,cartservice,546.0,1920,0.95,0.284375,0
2026-09-24T11:19:24Z,checkoutservice,242.0,615,0.8,0.3934959349593496,0
2026-09-24T11:19:24Z,productcatalogservice,354.0,1535,0.95,0.23061889250814332,0
2026-09-24T11:19:24Z,paymentservice,8.0,155,0.8,0.05161290322580645,0
2026-09-24T11:19:24Z,recommendationservice,1144.0,1150,0.8,0.9947826086956522,1
2026-09-24T11:19:24Z,shippingservice,23.0,770,0.8,0.02987012987012987,0
2026-09-24T11:19:24Z,currencyservice,293.0,770,0.8,0.38051948051948054,0
2026-09-24T11:19:24Z,emailservice,18.0,155,0.8,0.11612903225806452,0
2026-09-24T11:19:24Z,adservice,62.0,1150,0.8,0.05391304347826087,0
2026-09-24T11:19:24Z,redis-cart,33.0,540,0.8,0.06111111111111111,0
2026-09-24T11:19:25Z,frontend,277.75,1150,0.8,0.2415217391304348,0
2026-09-24T11:19:25Z,cartservice,540.0,1920,0.95,0.28125,0
2026-09-24T11:19:25Z,checkoutservice,307.0,615,0.8,0.4991869918699187,0
2026-09-24T11:19:25Z,productcatalogservice,354.0,1535,0.95,0.23061889250814332,0
2026-09-24T11:19:25Z,paymentservice,12.0,155,0.8,0.07741935483870968,0
2026-09-24T11:19:25Z,recommendationservice,1144.0,1150,0.8,0.9947826086956522,1
2026-09-24T11:19:25Z,shippingservice,32.0,770,0.8,0.04155844155844156,0
2026-09-24T11:19:25Z,currencyservice,300.0,770,0.8,0.38961038961038963,0
2026-09-24T11:19:25Z,emailservice,62.0,155,0.8,0.4,0
2026-09-24T11:19:25Z,adservice,62.0,1150,0.8,0.05391304347826087,0
2026-09-24T11:19:25Z,redis-cart,33.0,540,0.8,0.06111111111111111,0
2026-09-24T11:19:26Z,frontend,262.25,1150,0.8,0.22804347826086957,0
2026-09-24T11:19:26Z,cartservice,540.0,1920,0.95,0.28125,0
2026-09-24T11:19:26Z,checkoutservice,307.0,615,0.8,0.4991869918699187,0
2026-09-24T11:19:26Z,productcatalogservice,357.0,1535,0.95,0.23257328990228013,0
2026-09-24T11:19:26Z,paymentservice,15.0,155,0.8,0.0967741935483871,0
2026-09-24T11:19:26Z,recommendationservice,1138.0,1150,0.8,0.9895652173913043,1
2026-09-24T11:19:26Z,shippingservice,32.0,770,0.8,0.04155844155844156,0
2026-09-24T11:19:26Z,currencyservice,300.0,770,0.8,0.38961038961038963,0
2026-09-24T11:19:26Z,emailservice,62.0,155,0.8,0.4,0
2026-09-24T11:19:26Z,adservice,76.0,1150,0.8,0.06608695652173913,0
2026-09-24T11:19:26Z,redis-cart,30.0,540,0.8,0.05555555555555555,0
2026-09-24T11:19:27Z,frontend,272.5,1150,0.8,0.23695652173913043,0
2026-09-24T11:19:27Z,cartservice,510.0,1920,0.95,0.265625,0
2026-09-24T11:19:27Z,checkoutservice,299.0,615,0.8,0.4861788617886179,0
2026-09-24T11:19:27Z,productcatalogservice,354.0,1535,0.95,0.23061889250814332,0
2026-09-24T11:19:27Z,paymentservice,15.0,155,0.8,0.0967741935483871,0
2026-09-24T11:19:27Z,recommendationservice,1138.0,1150,0.8,0.9895652173913043,1
2026-09-24T11:19:27Z,shippingservice,33.0,770,0.8,0.04285714285714286,0
2026-09-24T11:19:27Z,currencyservice,357.0,770,0.8,0.4636363636363636,0
2026-09-24T11:19:27Z,emailservice,33.0,155,0.8,0.2129032258064516,0
2026-09-24T11:19:27Z,adservice,53.0,1150,0.8,0.04608695652173913,0
2026-09-24T11:19:27Z,redis-cart,29.0,540,0.8,0.053703703703703705,0
2026-09-24T11:19:28Z,frontend,272.5,1150,0.8,0.23695652173913043,0
2026-09-24T11:19:28Z,cartservice,501.0,1920,0.95,0.2609375,0
2026-09-24T11:19:28Z,checkoutservice,153.0,615,0.8,0.24878048780487805,0
2026-09-24T11:19:28Z,productcatalogservice,350.0,1535,0.95,0.2280130293159609,0
2026-09-24T11:19:28Z,paymentservice,15.0,155,0.8,0.0967741935483871,0
2026-09-24T11:19:28Z,recommendationservice,1125.0,1150,0.8,0.9782608695652174,1
2026-09-24T11:19:28Z,shippingservice,33.0,770,0.8,0.04285714285714286,0
2026-09-24T11:19:28Z,currencyservice,275.0,770,0.8,0.35714285714285715,0
2026-09-24T11:19:28Z,emailservice,25.0,155,0.8,0.16129032258064516,0
2026-09-24T11:19:28Z,adservice,53.0,1150,0.8,0.04608695652173913,0
2026-09-24T11:19:28Z,redis-cart,30.0,540,0.8,0.05555555555555555,0
2026-09-24T11:19:29Z,frontend,244.75,1150,0.8,0.21282608695652175,0
2026-09-24T11:19:29Z,cartservice,501.0,1920,0.95,0.2609375,0
2026-09-24T11:19:29Z,checkoutservice,153.0,615,0.8,0.24878048780487805,0
2026-09-24T11:19:29Z,productcatalogservice,350.0,1535,0.95,0.2280130293159609,0
2026-09-24T11:19:29Z,paymentservice,6.0,155,0.8,0.03870967741935484,0
2026-09-24T11:19:29Z,recommendationservice,1150.0,1150,0.8,1.0,1
2026-09-24T11:19:29Z,shippingservice,44.0,770,0.8,0.05714285714285714,0
2026-09-24T11:19:29Z,currencyservice,275.0,770,0.8,0.35714285714285715,0
2026-09-24T11:19:29Z,emailservice,0.0,155,0.8,0.0,0
2026-09-24T11:19:29Z,adservice,46.0,1150,0.8,0.04,0
2026-09-24T11:19:29Z,redis-cart,30.0,540,0.8,0.05555555555555555,0
2026-09-24T11:19:30Z,frontend,237.0,1150,0.8,0.20608695652173914,0
2026-09-24T11:19:30Z,cartservice,542.0,1920,0.95,0.28229166666666666,0
2026-09-24T11:19:30Z,checkoutservice,52.0,615,0.8,0.08455284552845528,0
2026-09-24T11:19:30Z,productcatalogservice,316.0,1535,0.95,0.20586319218241042,0
2026-09-24T11:19:30Z,paymentservice,27.0,155,0.8,0.17419354838709677,0
2026-09-24T11:19:30Z,recommendationservice,1150.0,1150,0.8,1.0,1
2026-09-24T11:19:30Z,shippingservice,44.0,770,0.8,0.05714285714285714,0
2026-09-24T11:19:30Z,currencyservice,292.0,770,0.8,0.37922077922077924,0
2026-09-24T11:19:30Z,emailservice,0.0,155,0.8,0.0,0
2026-09-24T11:19:30Z,adservice,32.0,1150,0.8,0.02782608695652174,0
2026-09-24T11:19:30Z,redis-cart,32.0,540,0.8,0.05925925925925926,0
2026-09-24T11:19:31Z,frontend,295.75,1150,0.8,0.25717391304347825,0
2026-09-24T11:19:31Z,cartservice,542.0,1920,0.95,0.28229166666666666,0
2026-09-24T11:19:31Z,checkoutservice,52.0,615,0.8,0.08455284552845528,0
2026-09-24T11:19:31Z,productcatalogservice,389.0,1535,0.95,0.2534201954397394,0
2026-09-24T11:19:31Z,paymentservice,27.0,155,0.8,0.17419354838709677,0
2026-09-24T11:19:31Z,recommendationservice,1133.0,1150,0.8,0.9852173913043478,1
2026-09-24T11:19:31Z,shippingservice,14.0,770,0.8,0.01818181818181818,0
2026-09-24T11:19:31Z,currencyservice,313.0,770,0.8,0.4064935064935065,0
2026-09-24T11:19:31Z,emailservice,39.0,155,0.8,0.25161290322580643,0
2026-09-24T11:19:31Z,adservice,78.0,1150,0.8,0.06782608695652174,0
2026-09-24T11:19:31Z,redis-cart,32.0,540,0.8,0.05925925925925926,0
2026-09-24T11:19:32Z,frontend,307.0,1150,0.8,0.2669565217391304,0
2026-09-24T11:19:32Z,cartservice,582.0,1920,0.95,0.303125,0
2026-09-24T11:19:32Z,checkoutservice,292.0,615,0.8,0.47479674796747967,0
2026-09-24T11:19:32Z,productcatalogservice,389.0,1535,0.95,0.2534201954397394,0
2026-09-24T11:19:32Z,paymentservice,19.0,155,0.8,0.12258064516129032,0
2026-09-24T11:19:32Z,recommendationservice,1133.0,1150,0.8,0.9852173913043478,1
2026-09-24T11:19:32Z,shippingservice,27.0,770,0.8,0.03506493506493506,0
2026-09-24T11:19:32Z,currencyservice,313.0,770,0.8,0.4064935064935065,0
2026-09-24T11:19:32Z,emailservice,41.0,155,0.8,0.2645161290322581,0
2026-09-24T11:19:32Z,adservice,78.0,1150,0.8,0.06782608695652174,0
2026-09-24T11:19:32Z,redis-cart,32.0,540,0.8,0.05925925925925926,0
2026-09-24T11:19:33Z,frontend,242.5,1150,0.8,0.2108695652173913,0
2026-09-24T11:19:33Z,cartservice,526.0,1920,0.95,0.27395833333333336,0
2026-09-24T11:19:33Z,checkoutservice,292.0,615,0.8,0.47479674796747967,0
2026-09-24T11:19:33Z,productcatalogservice,338.0,1535,0.95,0.2201954397394137,0
2026-09-24T11:19:33Z,paymentservice,0.0,155,0.8,0.0,0
2026-09-24T11:19:33Z,recommendationservice,1158.0,1150,0.8,1.0069565217391305,1
2026-09-24T11:19:33Z,shippingservice,27.0,770,0.8,0.03506493506493506,0
2026-09-24T11:19:33Z,currencyservice,307.0,770,0.8,0.3987012987012987,0
2026-09-24T11:19:33Z,emailservice,41.0,155,0.8,0.2645161290322581,0
2026-09-24T11:19:33Z,adservice,31.0,1150,0.8,0.026956521739130435,0
2026-09-24T11:19:33Z,redis-cart,31.0,540,0.8,0.05740740740740741,0
2026-09-24T11:19:34Z,frontend,239.75,1150,0.8,0.20847826086956522,0
2026-09-24T11:19:34Z,cartservice,517.0,1920,0.95,0.26927083333333335,0
2026-09-24T11:19:34Z,checkoutservice,31.0,615,0.8,0.05040650406504065,0
2026-09-24T11:19:34Z,productcatalogservice,299.0,1535,0.95,0.19478827361563517,0
2026-09-24T11:19:34Z,paymentservice,0.0,155,0.8,0.0,0
2026-09-24T11:19:34Z,recommendationservice,1151.0,1150,0.8,1.0008695652173913,1
2026-09-24T11:19:34Z,shippingservice,11.0,770,0.8,0.014285714285714285,0
2026-09-24T11:19:34Z,currencyservice,319.0,770,0.8,0.4142857142857143,0
2026-09-24T11:19:34Z,emailservice,0.0,155,0.8,0.0,0
2026-09-24T11:19:34Z,adservice,31.0,1150,0.8,0.026956521739130435,0
2026-09-24T11:19:34Z,redis-cart,31.0,540,0.8,0.05740740740740741,0
2026-09-24T11:19:35Z,frontend,242.25,1150,0.8,0.21065217391304347,0
2026-09-24T11:19:35Z,cartservice,517.0,1920,0.95,0.26927083333333335,0
2026-09-24T11:19:35Z,checkoutservice,171.0,615,0.8,0.2780487804878049,0
2026-09-24T11:19:35Z,productcatalogservice,299.0,1535,0.95,0.19478827361563517,0
2026-09-24T11:19:35Z,paymentservice,0.0,155,0.8,0.0,0
2026-09-24T11:19:35Z,recommendationservice,1151.0,1150,0.8,1.0008695652173913,1
2026-09-24T11:19:35Z,shippingservice,0.0,770,0.8,0.0,0
2026-09-24T11:19:35Z,currencyservice,319.0,770,0.8,0.4142857142857143,0
2026-09-24T11:19:35Z,emailservice,0.0,155,0.8,0.0,0
2026-09-24T11:19:35Z,adservice,32.0,1150,0.8,0.02782608695652174,0
2026-09-24T11:19:35Z,redis-cart,30.0,540,0.8,0.05555555555555555,0
2026-09-24T11:19:36Z,frontend,291.5,1150,0.8,0.2534782608695652,0
2026-09-24T11:19:36Z,cartservice,525.0,1920,0.95,0.2734375,0
2026-09-24T11:19:36Z,checkoutservice,171.0,615,0.8,0.2780487804878049,0
2026-09-24T11:19:36Z,productcatalogservice,364.0,1535,0.95,0.23713355048859935,0
2026-09-24T11:19:36Z,paymentservice,18.0,155,0.8,0.11612903225806452,0
2026-09-24T11:19:36Z,recommendationservice,1128.0,1150,0.8,0.9808695652173913,1
2026-09-24T11:19:36Z,shippingservice,0.0,770,0.8,0.0,0
2026-09-24T11:19:36Z,currencyservice,309.0,770,0.8,0.4012987012987013,0
2026-09-24T11:19:36Z,emailservice,42.0,155,0.8,0.2709677419354839,0
2026-09-24T11:19:36Z,adservice,60.0,1150,0.8,0.05217391304347826,0
2026-09-24T11:19:36Z,redis-cart,30.0,540,0.8,0.05555555555555555,0
2026-09-24T11:19:37Z,frontend,252.5,1150,0.8,0.21956521739130436,0
2026-09-24T11:19:37Z,cartservice,575.0,1920,0.95,0.2994791666666667,0
2026-09-24T11:19:37Z,checkoutservice,272.0,615,0.8,0.44227642276422763,0
2026-09-24T11:19:37Z,productcatalogservice,397.0,1535,0.95,0.2586319218241042,0
2026-09-24T11:19:37Z,paymentservice,14.0,155,0.8,0.09032258064516129,0
2026-09-24T11:19:37Z,recommendationservice,1128.0,1150,0.8,0.9808695652173913,1
2026-09-24T11:19:37Z,shippingservice,49.0,770,0.8,0.06363636363636363,0
2026-09-24T11:19:37Z,currencyservice,309.0,770,0.8,0.4012987012987013,0
2026-09-24T11:19:37Z,emailservice,33.0,155,0.8,0.2129032258064516,0
2026-09-24T11:19:37Z,adservice,47.0,1150,0.8,0.0408695652173913,0
2026-09-24T11:19:37Z,redis-cart,30.0,540,0.8,0.05555555555555555,0
2026-09-24T11:19:38Z,frontend,259.0,1150,0.8,0.2252173913043478,0
2026-09-24T11:19:38Z,cartservice,575.0,1920,0.95,0.2994791666666667,0
2026-09-24T11:19:38Z,checkoutservice,272.0,615,0.8,0.44227642276422763,0
2026-09-24T11:19:38Z,productcatalogservice,397.0,1535,0.95,0.2586319218241042,0
2026-09-24T11:19:38Z,paymentservice,13.0,155,0.8,0.08387096774193549,0
2026-09-24T11:19:38Z,recommendationservice,1136.0,1150,0.8,0.9878260869565217,1
2026-09-24T11:19:38Z,shippingservice,49.0,770,0.8,0.06363636363636363,0
2026-09-24T11:19:38Z,currencyservice,306.0,770,0.8,0.3974025974025974,0
2026-09-24T11:19:38Z,emailservice,33.0,155,0.8,0.2129032258064516,0
2026-09-24T11:19:38Z,adservice,53.0,1150,0.8,0.04608695652173913,0
2026-09-24T11:19:38Z,redis-cart,30.0,540,0.8,0.05555555555555555,0
2026-09-24T11:19:39Z,frontend,276.5,1150,0.8,0.24043478260869566,0
2026-09-24T11:19:39Z,cartservice,551.0,1920,0.95,0.2869791666666667,0
2026-09-24T11:19:39Z,checkoutservice,348.0,615,0.8,0.5658536585365853,0
2026-09-24T11:19:39Z,productcatalogservice,439.0,1535,0.95,0.28599348534201957,0
2026-09-24T11:19:39Z,paymentservice,13.0,155,0.8,0.08387096774193549,0
2026-09-24T11:19:39Z,recommendationservice,1134.0,1150,0.8,0.9860869565217392,1
2026-09-24T11:19:39Z,shippingservice,61.0,770,0.8,0.07922077922077922,0
2026-09-24T11:19:39Z,currencyservice,327.0,770,0.8,0.42467532467532465,0
2026-09-24T11:19:39Z,emailservice,34.0,155,0.8,0.21935483870967742,0
2026-09-24T11:19:39Z,adservice,51.0,1150,0.8,0.04434782608695652,0
2026-09-24T11:19:39Z,redis-cart,31.0,540,0.8,0.05740740740740741,0
2026-09-24T11:19:40Z,frontend,258.25,1150,0.8,0.22456521739130436,0
2026-09-24T11:19:40Z,cartservice,498.0,1920,0.95,0.259375,0
2026-09-24T11:19:40Z,checkoutservice,348.0,615,0.8,0.5658536585365853,0
2026-09-24T11:19:40Z,productcatalogservice,353.0,1535,0.95,0.22996742671009773,0
2026-09-24T11:19:40Z,paymentservice,36.0,155,0.8,0.23225806451612904,0
2026-09-24T11:19:40Z,recommendationservice,1145.0,1150,0.8,0.9956521739130435,1
2026-09-24T11:19:40Z,shippingservice,29.0,770,0.8,0.03766233766233766,0
2026-09-24T11:19:40Z,currencyservice,327.0,770,0.8,0.42467532467532465,0
2026-09-24T11:19:40Z,emailservice,64.0,155,0.8,0.4129032258064516,0
2026-09-24T11:19:40Z,adservice,51.0,1150,0.8,0.04434782608695652,0
2026-09-24T11:19:40Z,redis-cart,31.0,540,0.8,0.05740740740740741,0
2026-09-24T11:19:41Z,frontend,250.5,1150,0.8,0.21782608695652175,0
2026-09-24T11:19:41Z,cartservice,511.0,1920,0.95,0.26614583333333336,0
2026-09-24T11:19:41Z,checkoutservice,178.0,615,0.8,0.2894308943089431,0
2026-09-24T11:19:41Z,productcatalogservice,384.0,1535,0.95,0.2501628664495114,0
2026-09-24T11:19:41Z,paymentservice,36.0,155,0.8,0.23225806451612904,0
2026-09-24T11:19:41Z,recommendationservice,1150.0,1150,0.8,1.0,1
2026-09-24T11:19:41Z,shippingservice,42.0,770,0.8,0.05454545454545454,0
2026-09-24T11:19:41Z,currencyservice,335.0,770,0.8,0.43506493506493504,0
2026-09-24T11:19:41Z,emailservice,21.0,155,0.8,0.13548387096774195,0
2026-09-24T11:19:41Z,adservice,84.0,1150,0.8,0.07304347826086957,0
2026-09-24T11:19:41Z,redis-cart,31.0,540,0.8,0.05740740740740741,0
2026-09-24T11:19:42Z,frontend,249.75,1150,0.8,0.21717391304347827,0
2026-09-24T11:19:42Z,cartservice,511.0,1920,0.95,0.26614583333333336,0
2026-09-24T11:19:42Z,checkoutservice,251.0,615,0.8,0.408130081300813,0
2026-09-24T11:19:42Z,productcatalogservice,384.0,1535,0.95,0.2501628664495114,0
2026-09-24T11:19:42Z,paymentservice,8.0,155,0.8,0.05161290322580645,0
2026-09-24T11:19:42Z,recommendationservice,1150.0,1150,0.8,1.0,1
2026-09-24T11:19:42Z,shippingservice,42.0,770,0.8,0.05454545454545454,0
2026-09-24T11:19:42Z,currencyservice,311.0,770,0.8,0.4038961038961039,0
2026-09-24T11:19:42Z,emailservice,21.0,155,0.8,0.13548387096774195,0
2026-09-24T11:19:42Z,adservice,63.0,1150,0.8,0.05478260869565217,0
2026-09-24T11:19:42Z,redis-cart,31.0,540,0.8,0.05740740740740741,0
2026-09-24T11:19:43Z,frontend,242.0,1150,0.8,0.21043478260869566,0
2026-09-24T11:19:43Z,cartservice,494.0,1920,0.95,0.25729166666666664,0
2026-09-24T11:19:43Z,checkoutservice,251.0,615,0.8,0.408130081300813,0
2026-09-24T11:19:43Z,productcatalogservice,353.0,1535,0.95,0.22996742671009773,0
2026-09-24T11:19:43Z,paymentservice,8.0,155,0.8,0.05161290322580645,0
2026-09-24T11:19:43Z,recommendationservice,1149.0,1150,0.8,0.9991304347826087,1
2026-09-24T11:19:43Z,shippingservice,29.0,770,0.8,0.03766233766233766,0
2026-09-24T11:19:43Z,currencyservice,300.0,770,0.8,0.38961038961038963,0
2026-09-24T11:19:43Z,emailservice,22.0,155,0.8,0.14193548387096774,0
2026-09-24T11:19:43Z,adservice,63.0,1150,0.8,0.05478260869565217,0
2026-09-24T11:19:43Z,redis-cart,30.0,540,0.8,0.05555555555555555,0
2026-09-24T11:19:44Z,frontend,276.25,1150,0.8,0.24021739130434783,0
2026-09-24T11:19:44Z,cartservice,521.0,1920,0.95,0.2713541666666667,0
2026-09-24T11:19:44Z,checkoutservice,274.0,615,0.8,0.44552845528455287,0
2026-09-24T11:19:44Z,productcatalogservice,353.0,1535,0.95,0.22996742671009773,0
2026-09-24T11:19:44Z,paymentservice,15.0,155,0.8,0.0967741935483871,0
2026-09-24T11:19:44Z,recommendationservice,1144.0,1150,0.8,0.9947826086956522,1
2026-09-24T11:19:44Z,shippingservice,29.0,770,0.8,0.03766233766233766,0
2026-09-24T11:19:44Z,currencyservice,300.0,770,0.8,0.38961038961038963,0
2026-09-24T11:19:44Z,emailservice,22.0,155,0.8,0.14193548387096774,0
2026-09-24T11:19:44Z,adservice,55.0,1150,0.8,0.04782608695652174,0
2026-09-24T11:19:44Z,redis-cart,30.0,540,0.8,0.05555555555555555,0
2026-09-24T11:19:45Z,frontend,229.75,1150,0.8,0.19978260869565218,0
2026-09-24T11:19:45Z,cartservice,521.0,1920,0.95,0.2713541666666667,0
2026-09-24T11:19:45Z,checkoutservice,223.0,615,0.8,0.36260162601626017,0
2026-09-24T11:19:45Z,productcatalogservice,343.0,1535,0.95,0.2234527687296417,0
2026-09-24T11:19:45Z,paymentservice,0.0,155,0.8,0.0,0
2026-09-24T11:19:45Z,recommendationservice,1138.0,1150,0.8,0.9895652173913043,1
2026-09-24T11:19:45Z,shippingservice,23.0,770,0.8,0.02987012987012987,0
2026-09-24T11:19:45Z,currencyservice,281.0,770,0.8,0.36493506493506495,0
2026-09-24T11:19:45Z,emailservice,49.0,155,0.8,0.3161290322580645,0
2026-09-24T11:19:45Z,adservice,45.0,1150,0.8,0.0391304347826087,0
2026-09-24T11:19:45Z,redis-cart,28.0,540,0.8,0.05185185185185185,0
2026-09-24T11:19:46Z,frontend,246.5,1150,0.8,0.21434782608695652,0
2026-09-24T11:19:46Z,cartservice,480.0,1920,0.95,0.25,0
2026-09-24T11:19:46Z,checkoutservice,223.0,615,0.8,0.36260162601626017,0
2026-09-24T11:19:46Z,productcatalogservice,343.0,1535,0.95,0.2234527687296417,0
2026-09-24T11:19:46Z,paymentservice,7.0,155,0.8,0.04516129032258064,0
2026-09-24T11:19:46Z,recommendationservice,1138.0,1150,0.8,0.9895652173913043,1
2026-09-24T11:19:46Z,shippingservice,32.0,770,0.8,0.04155844155844156,0
2026-09-24T11:19:46Z,currencyservice,308.0,770,0.8,0.4,0
2026-09-24T11:19:46Z,emailservice,49.0,155,0.8,0.3161290322580645,0
2026-09-24T11:19:46Z,adservice,45.0,1150,0.8,0.0391304347826087,0
2026-09-24T11:19:46Z,redis-cart,28.0,540,0.8,0.05185185185185185,0
2026-09-24T11:19:47Z,frontend,242.25,1150,0.8,0.21065217391304347,0
2026-09-24T11:19:47Z,cartservice,568.0,1920,0.95,0.29583333333333334,0
2026-09-24T11:19:47Z,checkoutservice,175.0,615,0.8,0.2845528455284553,0
2026-09-24T11:19:47Z,productcatalogservice,359.0,1535,0.95,0.23387622149837134,0
2026-09-24T11:19:47Z,paymentservice,7.0,155,0.8,0.04516129032258064,0
2026-09-24T11:19:47Z,recommendationservice,1138.0,1150,0.8,0.9895652173913043,1
2026-09-24T11:19:47Z,shippingservice,23.0,770,0.8,0.02987012987012987,0
2026-09-24T11:19:47Z,currencyservice,308.0,770,0.8,0.4,0
2026-09-24T11:19:47Z,emailservice,8.0,155,0.8,0.05161290322580645,0
2026-09-24T11:19:47Z,adservice,49.0,1150,0.8,0.042608695652173914,0
2026-09-24T11:19:47Z,redis-cart,28.0,540,0.8,0.05185185185185185,0
2026-09-24T11:19:48Z,frontend,261.25,1150,0.8,0.22717391304347825,0
2026-09-24T11:19:48Z,cartservice,568.0,1920,0.95,0.29583333333333334,0
2026-09-24T11:19:48Z,checkoutservice,135.0,615,0.8,0.21951219512195122,0
2026-09-24T11:19:48Z,productcatalogservice,384.0,1535,0.95,0.2501628664495114,0
2026-09-24T11:19:48Z,paymentservice,16.0,155,0.8,0.1032258064516129,0
2026-09-24T11:19:48Z,recommendationservice,1140.0,1150,0.8,0.991304347826087,1
2026-09-24T11:19:48Z,shippingservice,63.0,770,0.8,0.08181818181818182,0
2026-09-24T11:19:48Z,currencyservice,318.0,770,0.8,0.412987012987013,0
2026-09-24T11:19:48Z,emailservice,24.0,155,0.8,0.15483870967741936,0
2026-09-24T11:19:48Z,adservice,49.0,1150,0.8,0.042608695652173914,0
2026-09-24T11:19:48Z,redis-cart,28.0,540,0.8,0.05185185185185185,0
2026-09-24T11:19:49Z,frontend,276.0,1150,0.8,0.24,0
2026-09-24T11:19:49Z,cartservice,462.0,1920,0.95,0.240625,0
2026-09-24T11:19:49Z,checkoutservice,135.0,615,0.8,0.21951219512195122,0
2026-09-24T11:19:49Z,productcatalogservice,384.0,1535,0.95,0.2501628664495114,0
2026-09-24T11:19:49Z,paymentservice,16.0,155,0.8,0.1032258064516129,0
2026-09-24T11:19:49Z,recommendationservice,1155.0,1150,0.8,1.0043478260869565,1
2026-09-24T11:19:49Z,shippingservice,63.0,770,0.8,0.08181818181818182,0
2026-09-24T11:19:49Z,currencyservice,318.0,770,0.8,0.412987012987013,0
2026-09-24T11:19:49Z,emailservice,24.0,155,0.8,0.15483870967741936,0
2026-09-24T11:19:49Z,adservice,52.0,1150,0.8,0.04521739130434783,0
2026-09-24T11:19:49Z,redis-cart,28.0,540,0.8,0.05185185185185185,0
2026-09-24T11:19:50Z,frontend,271.25,1150,0.8,0.2358695652173913,0
2026-09-24T11:19:50Z,cartservice,462.0,1920,0.95,0.240625,0
2026-09-24T11:19:50Z,checkoutservice,222.0,615,0.8,0.36097560975609755,0
2026-09-24T11:19:50Z,productcatalogservice,350.0,1535,0.95,0.2280130293159609,0
2026-09-24T11:19:50Z,paymentservice,6.0,155,0.8,0.03870967741935484,0
2026-09-24T11:19:50Z,recommendationservice,1132.0,1150,0.8,0.9843478260869565,1
2026-09-24T11:19:50Z,shippingservice,29.0,770,0.8,0.03766233766233766,0
2026-09-24T11:19:50Z,currencyservice,309.0,770,0.8,0.4012987012987013,0
2026-09-24T11:19:50Z,emailservice,43.0,155,0.8,0.27741935483870966,0
2026-09-24T11:19:50Z,adservice,62.0,1150,0.8,0.05391304347826087,0
2026-09-24T11:19:50Z,redis-cart,30.0,540,0.8,0.05555555555555555,0
2026-09-24T11:19:51Z,frontend,269.25,1150,0.8,0.2341304347826087,0
2026-09-24T11:19:51Z,cartservice,519.0,1920,0.95,0.2703125,0
2026-09-24T11:19:51Z,checkoutservice,191.0,615,0.8,0.3105691056910569,0
2026-09-24T11:19:51Z,productcatalogservice,442.0,1535,0.95,0.28794788273615635,0
2026-09-24T11:19:51Z,paymentservice,32.0,155,0.8,0.2064516129032258,0
2026-09-24T11:19:51Z,recommendationservice,1132.0,1150,0.8,0.9843478260869565,1
2026-09-24T11:19:51Z,shippingservice,29.0,770,0.8,0.03766233766233766,0
2026-09-24T11:19:51Z,currencyservice,331.0,770,0.8,0.42987012987012985,0
2026-09-24T11:19:51Z,emailservice,45.0,155,0.8,0.2903225806451613,0
2026-09-24T11:19:51Z,adservice,62.0,1150,0.8,0.05391304347826087,0
2026-09-24T11:19:51Z,redis-cart,30.0,540,0.8,0.05555555555555555,0
2026-09-24T11:19:52Z,frontend,282.75,1150,0.8,0.2458695652173913,0
2026-09-24T11:19:52Z,cartservice,551.0,1920,0.95,0.2869791666666667,0
2026-09-24T11:19:52Z,checkoutservice,191.0,615,0.8,0.3105691056910569,0
2026-09-24T11:19:52Z,productcatalogservice,442.0,1535,0.95,0.28794788273615635,0
2026-09-24T11:19:52Z,paymentservice,32.0,155,0.8,0.2064516129032258,0
2026-09-24T11:19:52Z,recommendationservice,1148.0,1150,0.8,0.9982608695652174,1
2026-09-24T11:19:52Z,shippingservice,39.0,770,0.8,0.05064935064935065,0
2026-09-24T11:19:52Z,currencyservice,331.0,770,0.8,0.42987012987012985,0
2026-09-24T11:19:52Z,emailservice,16.0,155,0.8,0.1032258064516129,0
2026-09-24T11:19:52Z,adservice,71.0,1150,0.8,0.06173913043478261,0
2026-09-24T11:19:52Z,redis-cart,31.0,540,0.8,0.05740740740740741,0
2026-09-24T11:19:53Z,frontend,254.25,1150,0.8,0.22108695652173913,0
2026-09-24T11:19:53Z,cartservice,551.0,1920,0.95,0.2869791666666667,0
2026-09-24T11:19:53Z,checkoutservice,166.0,615,0.8,0.26991869918699185,0
2026-09-24T11:19:53Z,productcatalogservice,382.0,1535,0.95,0.2488599348534202,0
2026-09-24T11:19:53Z,paymentservice,9.0,155,0.8,0.05806451612903226,0
2026-09-24T11:19:53Z,recommendationservice,1148.0,1150,0.8,0.9982608695652174,1
2026-09-24T11:19:53Z,shippingservice,32.0,770,0.8,0.04155844155844156,0
2026-09-24T11:19:53Z,currencyservice,326.0,770,0.8,0.42337662337662335,0
2026-09-24T11:19:53Z,emailservice,16.0,155,0.8,0.1032258064516129,0
2026-09-24T11:19:53Z,adservice,30.0,1150,0.8,0.02608695652173913,0
2026-09-24T11:19:53Z,redis-cart,29.0,540,0.8,0.053703703703703705,0
2026-09-24T11:19:54Z,frontend,254.5,1150,0.8,0.22130434782608696,0
2026-09-24T11:19:54Z,cartservice,446.0,1920,0.95,0.23229166666666667,0
2026-09-24T11:19:54Z,checkoutservice,166.0,615,0.8,0.26991869918699185,0
2026-09-24T11:19:54Z,productcatalogservice,364.0,1535,0.95,0.23713355048859935,0
2026-09-24T11:19:54Z,paymentservice,3.0,155,0.8,0.01935483870967742,0
2026-09-24T11:19:54Z,recommendationservice,1153.0,1150,0.8,1.0026086956521738,1
2026-09-24T11:19:54Z,shippingservice,32.0,770,0.8,0.04155844155844156,0
2026-09-24T11:19:54Z,currencyservice,280.0,770,0.8,0.36363636363636365,0
2026-09-24T11:19:54Z,emailservice,6.0,155,0.8,0.03870967741935484,0
2026-09-24T11:19:54Z,adservice,62.0,1150,0.8,0.05391304347826087,0
2026-09-24T11:19:54Z,redis-cart,33.0,540,0.8,0.06111111111111111,0
2026-09-24T11:19:55Z,frontend,311.0,1150,0.8,0.27043478260869563,0
2026-09-24T11:19:55Z,cartservice,407.0,1920,0.95,0.21197916666666666,0
2026-09-24T11:19:55Z,checkoutservice,95.0,615,0.8,0.15447154471544716,0
2026-09-24T11:19:55Z,productcatalogservice,433.0,1535,0.95,0.2820846905537459,0
2026-09-24T11:19:55Z,paymentservice,59.0,155,0.8,0.38064516129032255,0
2026-09-24T11:19:55Z,recommendationservice,1138.0,1150,0.8,0.9895652173913043,1
2026-09-24T11:19:55Z,shippingservice,26.0,770,0.8,0.033766233766233764,0
2026-09-24T11:19:55Z,currencyservice,280.0,770,0.8,0.36363636363636365,0
2026-09-24T11:19:55Z,emailservice,75.0,155,0.8,0.4838709677419355,0
2026-09-24T11:19:55Z,adservice,189.0,1150,0.8,0.16434782608695653,0
2026-09-24T11:19:55Z,redis-cart,33.0,540,0.8,0.06111111111111111,0
2026-09-24T11:19:56Z,frontend,301.5,1150,0.8,0.26217391304347826,0
2026-09-24T11:19:56Z,cartservice,405.0,1920,0.95,0.2109375,0
2026-09-24T11:19:56Z,checkoutservice,226.0,615,0.8,0.367479674796748,0
2026-09-24T11:19:56Z,productcatalogservice,433.0,1535,0.95,0.2820846905537459,0
2026-09-24T11:19:56Z,paymentservice,59.0,155,0.8,0.38064516129032255,0
2026-09-24T11:19:56Z,recommendationservice,1152.0,1150,0.8,1.0017391304347827,1
2026-09-24T11:19:56Z,shippingservice,27.0,770,0.8,0.03506493506493506,0
2026-09-24T11:19:56Z,currencyservice,353.0,770,0.8,0.4584415584415584,0
2026-09-24T11:19:56Z,emailservice,75.0,155,0.8,0.4838709677419355,0
2026-09-24T11:19:56Z,adservice,189.0,1150,0.8,0.16434782608695653,0
2026-09-24T11:19:56Z,redis-cart,31.0,540,0.8,0.05740740740740741,0
2026-09-24T11:19:57Z,frontend,255.25,1150,0.8,0.22195652173913044,0
2026-09-24T11:19:57Z,cartservice,405.0,1920,0.95,0.2109375,0
2026-09-24T11:19:57Z,checkoutservice,226.0,615,0.8,0.367479674796748,0
2026-09-24T11:19:57Z,productcatalogservice,310.0,1535,0.95,0.20195439739413681,0
2026-09-24T11:19:57Z,paymentservice,0.0,155,0.8,0.0,0
2026-09-24T11:19:57Z,recommendationservice,1152.0,1150,0.8,1.0017391304347827,1
2026-09-24T11:19:57Z,shippingservice,0.0,770,0.8,0.0,0
2026-09-24T11:19:57Z,currencyservice,261.0,770,0.8,0.33896103896103896,0
2026-09-24T11:19:57Z,emailservice,0.0,155,0.8,0.0,0
2026-09-24T11:19:57Z,adservice,32.0,1150,0.8,0.02782608695652174,0
2026-09-24T11:19:57Z,redis-cart,31.0,540,0.8,0.05740740740740741,0
2026-09-24T11:19:58Z,frontend,250.25,1150,0.8,0.21760869565217392,0
2026-09-24T11:19:58Z,cartservice,435.0,1920,0.95,0.2265625,0
2026-09-24T11:19:58Z,checkoutservice,35.0,615,0.8,0.056910569105691054,0
2026-09-24T11:19:58Z,productcatalogservice,310.0,1535,0.95,0.20195439739413681,0
2026-09-24T11:19:58Z,paymentservice,15.0,155,0.8,0.0967741935483871,0
2026-09-24T11:19:58Z,recommendationservice,1150.0,1150,0.8,1.0,1
2026-09-24T11:19:58Z,shippingservice,0.0,770,0.8,0.0,0
2026-09-24T11:19:58Z,currencyservice,261.0,770,0.8,0.33896103896103896,0
2026-09-24T11:19:58Z,emailservice,0.0,155,0.8,0.0,0
2026-09-24T11:19:58Z,adservice,32.0,1150,0.8,0.02782608695652174,0
2026-09-24T11:19:58Z,redis-cart,31.0,540,0.8,0.05740740740740741,0
2026-09-24T11:19:59Z,frontend,245.5,1150,0.8,0.21347826086956523,0
2026-09-24T11:19:59Z,cartservice,437.0,1920,0.95,0.22760416666666666,0
2026-09-24T11:19:59Z,checkoutservice,35.0,615,0.8,0.056910569105691054,0
2026-09-24T11:19:59Z,productcatalogservice,374.0,1535,0.95,0.24364820846905538,0
2026-09-24T11:19:59Z,paymentservice,15.0,155,0.8,0.0967741935483871,0
2026-09-24T11:19:59Z,recommendationservice,1142.0,1150,0.8,0.9930434782608696,1
2026-09-24T11:19:59Z,shippingservice,55.0,770,0.8,0.07142857142857142,0
2026-09-24T11:19:59Z,currencyservice,338.0,770,0.8,0.43896103896103894,0
2026-09-24T11:19:59Z,emailservice,26.0,155,0.8,0.16774193548387098,0
2026-09-24T11:19:59Z,adservice,69.0,1150,0.8,0.06,0
2026-09-24T11:19:59Z,redis-cart,30.0,540,0.8,0.05555555555555555,0
2026-09-24T11:20:00Z,frontend,271.0,1150,0.8,0.23565217391304347,0
2026-09-24T11:20:00Z,cartservice,380.0,1920,0.95,0.19791666666666666,0
2026-09-24T11:20:00Z,checkoutservice,292.0,615,0.8,0.47479674796747967,0
2026-09-24T11:20:00Z,productcatalogservice,398.0,1535,0.95,0.25928338762214986,0
2026-09-24T11:20:00Z,paymentservice,36.0,155,0.8,0.23225806451612904,0
2026-09-24T11:20:00Z,recommendationservice,1140.0,1150,0.8,0.991304347826087,1
2026-09-24T11:20:00Z,shippingservice,33.0,770,0.8,0.04285714285714286,0
2026-09-24T11:20:00Z,currencyservice,332.0,770,0.8,0.43116883116883115,0
2026-09-24T11:20:00Z,emailservice,26.0,155,0.8,0.16774193548387098,0
2026-09-24T11:20:00Z,adservice,60.0,1150,0.8,0.05217391304347826,0
2026-09-24T11:20:00Z,redis-cart,30.0,540,0.8,0.05555555555555555,0
2026-09-24T11:20:01Z,frontend,266.25,1150,0.8,0.23152173913043478,0
2026-09-24T11:20:01Z,cartservice,380.0,1920,0.95,0.19791666666666666,0
2026-09-24T11:20:01Z,checkoutservice,309.0,615,0.8,0.5024390243902439,0
2026-09-24T11:20:01Z,productcatalogservice,398.0,1535,0.95,0.25928338762214986,0
2026-09-24T11:20:01Z,paymentservice,36.0,155,0.8,0.23225806451612904,0
2026-09-24T11:20:01Z,recommendationservice,1140.0,1150,0.8,0.991304347826087,1
2026-09-24T11:20:01Z,shippingservice,33.0,770,0.8,0.04285714285714286,0
2026-09-24T11:20:01Z,currencyservice,332.0,770,0.8,0.43116883116883115,0
2026-09-24T11:20:01Z,emailservice,52.0,155,0.8,0.33548387096774196,0
2026-09-24T11:20:01Z,adservice,60.0,1150,0.8,0.05217391304347826,0
2026-09-24T11:20:01Z,redis-cart,31.0,540,0.8,0.05740740740740741,0
2026-09-24T11:20:02Z,frontend,273.25,1150,0.8,0.2376086956521739,0
2026-09-24T11:20:02Z,cartservice,448.0,1920,0.95,0.23333333333333334,0
2026-09-24T11:20:02Z,checkoutservice,309.0,615,0.8,0.5024390243902439,0
2026-09-24T11:20:02Z,productcatalogservice,374.0,1535,0.95,0.24364820846905538,0
2026-09-24T11:20:02Z,paymentservice,18.0,155,0.8,0.11612903225806452,0
2026-09-24T11:20:02Z,recommendationservice,1148.0,1150,0.8,0.9982608695652174,1
2026-09-24T11:20:02Z,shippingservice,31.0,770,0.8,0.04025974025974026,0
2026-09-24T11:20:02Z,currencyservice,327.0,770,0.8,0.42467532467532465,0
2026-09-24T11:20:02Z,emailservice,29.0,155,0.8,0.1870967741935484,0
2026-09-24T11:20:02Z,adservice,57.0,1150,0.8,0.049565217391304345,0
2026-09-24T11:20:02Z,redis-cart,33.0,540,0.8,0.06111111111111111,0
2026-09-24T11:20:03Z,frontend,262.25,1150,0.8,0.22804347826086957,0
2026-09-24T11:20:03Z,cartservice,438.0,1920,0.95,0.228125,0
2026-09-24T11:20:03Z,checkoutservice,233.0,615,0.8,0.37886178861788616,0
2026-09-24T11:20:03Z,productcatalogservice,374.0,1535,0.95,0.24364820846905538,0
2026-09-24T11:20:03Z,paymentservice,0.0,155,0.8,0.0,0
2026-09-24T11:20:03Z,recommendationservice,1148.0,1150,0.8,0.9982608695652174,1
2026-09-24T11:20:03Z,shippingservice,31.0,770,0.8,0.04025974025974026,0
2026-09-24T11:20:03Z,currencyservice,258.0,770,0.8,0.33506493506493507,0
2026-09-24T11:20:03Z,emailservice,29.0,155,0.8,0.1870967741935484,0
2026-09-24T11:20:03Z,adservice,57.0,1150,0.8,0.049565217391304345,0
2026-09-24T11:20:03Z,redis-cart,33.0,540,0.8,0.06111111111111111,0
2026-09-24T11:20:04Z,frontend,256.25,1150,0.8,0.22282608695652173,0
2026-09-24T11:20:04Z,cartservice,465.0,1920,0.95,0.2421875,0
2026-09-24T11:20:04Z,checkoutservice,233.0,615,0.8,0.37886178861788616,0
2026-09-24T11:20:04Z,productcatalogservice,361.0,1535,0.95,0.23517915309446255,0
2026-09-24T11:20:04Z,paymentservice,20.0,155,0.8,0.12903225806451613,0
2026-09-24T11:20:04Z,recommendationservice,1125.0,1150,0.8,0.9782608695652174,1
2026-09-24T11:20:04Z,shippingservice,44.0,770,0.8,0.05714285714285714,0
2026-09-24T11:20:04Z,currencyservice,375.0,770,0.8,0.487012987012987,0
2026-09-24T11:20:04Z,emailservice,34.0,155,0.8,0.21935483870967742,0
2026-09-24T11:20:04Z,adservice,53.0,1150,0.8,0.04608695652173913,0
2026-09-24T11:20:04Z,redis-cart,32.0,540,0.8,0.05925925925925926,0
2026-09-24T11:20:05Z,frontend,289.75,1150,0.8,0.2519565217391304,0
2026-09-24T11:20:05Z,cartservice,465.0,1920,0.95,0.2421875,0
2026-09-24T11:20:05Z,checkoutservice,366.0,615,0.8,0.5951219512195122,0
2026-09-24T11:20:05Z,productcatalogservice,361.0,1535,0.95,0.23517915309446255,0
2026-09-24T11:20:05Z,paymentservice,20.0,155,0.8,0.12903225806451613,0
2026-09-24T11:20:05Z,recommendationservice,1125.0,1150,0.8,0.9782608695652174,1
2026-09-24T11:20:05Z,shippingservice,23.0,770,0.8,0.02987012987012987,0
2026-09-24T11:20:05Z,currencyservice,375.0,770,0.8,0.487012987012987,0
2026-09-24T11:20:05Z,emailservice,67.0,155,0.8,0.432258064516129,0
2026-09-24T11:20:05Z,adservice,67.0,1150,0.8,0.058260869565217394,0
2026-09-24T11:20:05Z,redis-cart,33.0,540,0.8,0.06111111111111111,0
2026-09-24T11:20:06Z,frontend,290.25,1150,0.8,0.2523913043478261,0
2026-09-24T11:20:06Z,cartservice,424.0,1920,0.95,0.22083333333333333,0
2026-09-24T11:20:06Z,checkoutservice,33.0,615,0.8,0.05365853658536585,0
2026-09-24T11:20:06Z,productcatalogservice,360.0,1535,0.95,0.23452768729641693,0
2026-09-24T11:20:06Z,paymentservice,7.0,155,0.8,0.04516129032258064,0
2026-09-24T11:20:06Z,recommendationservice,1149.0,1150,0.8,0.9991304347826087,1
2026-09-24T11:20:06Z,shippingservice,23.0,770,0.8,0.02987012987012987,0
2026-09-24T11:20:06Z,currencyservice,323.0,770,0.8,0.41948051948051945,0
2026-09-24T11:20:06Z,emailservice,0.0,155,0.8,0.0,0
2026-09-24T11:20:06Z,adservice,67.0,1150,0.8,0.058260869565217394,0
2026-09-24T11:20:06Z,redis-cart,27.0,540,0.8,0.05,0
2026-09-24T11:20:07Z,frontend,234.5,1150,0.8,0.20391304347826086,0
2026-09-24T11:20:07Z,cartservice,424.0,1920,0.95,0.22083333333333333,0
2026-09-24T11:20:07Z,checkoutservice,33.0,615,0.8,0.05365853658536585,0
2026-09-24T11:20:07Z,productcatalogservice,334.0,1535,0.95,0.21758957654723127,0
2026-09-24T11:20:07Z,paymentservice,7.0,155,0.8,0.04516129032258064,0
2026-09-24T11:20:07Z,recommendationservice,1144.0,1150,0.8,0.9947826086956522,1
2026-09-24T11:20:07Z,shippingservice,20.0,770,0.8,0.025974025974025976,0
2026-09-24T11:20:07Z,currencyservice,268.0,770,0.8,0.34805194805194806,0
2026-09-24T11:20:07Z,emailservice,0.0,155,0.8,0.0,0
2026-09-24T11:20:07Z,adservice,47.0,1150,0.8,0.0408695652173913,0
2026-09-24T11:20:07Z,redis-cart,27.0,540,0.8,0.05,0
2026-09-24T11:20:08Z,frontend,246.5,1150,0.8,0.21434782608695652,0
2026-09-24T11:20:08Z,cartservice,484.0,1920,0.95,0.2520833333333333,0
2026-09-24T11:20:08Z,checkoutservice,205.0,615,0.8,0.3333333333333333,0
2026-09-24T11:20:08Z,productcatalogservice,334.0,1535,0.95,0.21758957654723127,0
2026-09-24T11:20:08Z,paymentservice,10.0,155,0.8,0.06451612903225806,0
2026-09-24T11:20:08Z,recommendationservice,1144.0,1150,0.8,0.9947826086956522,1
2026-09-24T11:20:08Z,shippingservice,29.0,770,0.8,0.03766233766233766,0
2026-09-24T11:20:08Z,currencyservice,278.0,770,0.8,0.36103896103896105,0
2026-09-24T11:20:08Z,emailservice,16.0,155,0.8,0.1032258064516129,0
2026-09-24T11:20:08Z,adservice,39.0,1150,0.8,0.03391304347826087,0
2026-09-24T11:20:08Z,redis-cart,31.0,540,0.8,0.05740740740740741,0
2026-09-24T11:20:09Z,frontend,225.25,1150,0.8,0.1958695652173913,0
2026-09-24T11:20:09Z,cartservice,427.0,1920,0.95,0.22239583333333332,0
2026-09-24T11:20:09Z,checkoutservice,4.0,615,0.8,0.0065040650406504065,0
2026-09-24T11:20:09Z,productcatalogservice,314.0,1535,0.95,0.2045602605863192,0
2026-09-24T11:20:09Z,paymentservice,0.0,155,0.8,0.0,0
2026-09-24T11:20:09Z,recommendationservice,1164.0,1150,0.8,1.0121739130434784,1
2026-09-24T11:20:09Z,shippingservice,29.0,770,0.8,0.03766233766233766,0
2026-09-24T11:20:09Z,currencyservice,264.0,770,0.8,0.34285714285714286,0
2026-09-24T11:20:09Z,emailservice,16.0,155,0.8,0.1032258064516129,0
2026-09-24T11:20:09Z,adservice,32.0,1150,0.8,0.02782608695652174,0
2026-09-24T11:20:09Z,redis-cart,30.0,540,0.8,0.05555555555555555,0
2026-09-24T11:20:10Z,frontend,301.25,1150,0.8,0.2619565217391304,0
2026-09-24T11:20:10Z,cartservice,427.0,1920,0.95,0.22239583333333332,0
2026-09-24T11:20:10Z,checkoutservice,4.0,615,0.8,0.0065040650406504065,0
2026-09-24T11:20:10Z,productcatalogservice,314.0,1535,0.95,0.2045602605863192,0
2026-09-24T11:20:10Z,paymentservice,45.0,155,0.8,0.2903225806451613,0
2026-09-24T11:20:10Z,recommendationservice,1122.0,1150,0.8,0.9756521739130435,1
2026-09-24T11:20:10Z,shippingservice,19.0,770,0.8,0.024675324675324677,0
2026-09-24T11:20:10Z,currencyservice,381.0,770,0.8,0.4948051948051948,0
2026-09-24T11:20:10Z,emailservice,38.0,155,0.8,0.24516129032258063,0
2026-09-24T11:20:10Z,adservice,32.0,1150,0.8,0.02782608695652174,0
2026-09-24T11:20:10Z,redis-cart,30.0,540,0.8,0.05555555555555555,0
2026-09-24T11:20:11Z,frontend,268.5,1150,0.8,0.23347826086956522,0
2026-09-24T11:20:11Z,cartservice,518.0,1920,0.95,0.26979166666666665,0
2026-09-24T11:20:11Z,checkoutservice,395.0,615,0.8,0.6422764227642277,0
2026-09-24T11:20:11Z,productcatalogservice,416.0,1535,0.95,0.2710097719869707,0
2026-09-24T11:20:11Z,paymentservice,30.0,155,0.8,0.1935483870967742,0
2026-09-24T11:20:11Z,recommendationservice,1148.0,1150,0.8,0.9982608695652174,1
2026-09-24T11:20:11Z,shippingservice,41.0,770,0.8,0.053246753246753244,0
2026-09-24T11:20:11Z,currencyservice,381.0,770,0.8,0.4948051948051948,0
2026-09-24T11:20:11Z,emailservice,36.0,155,0.8,0.23225806451612904,0
2026-09-24T11:20:11Z,adservice,105.0,1150,0.8,0.09130434782608696,0
2026-09-24T11:20:11Z,redis-cart,34.0,540,0.8,0.06296296296296296,0
2026-09-24T11:20:12Z,frontend,284.5,1150,0.8,0.24739130434782608,0
2026-09-24T11:20:12Z,cartservice,472.0,1920,0.95,0.24583333333333332,0
2026-09-24T11:20:12Z,checkoutservice,31.0,615,0.8,0.05040650406504065,0
2026-09-24T11:20:12Z,productcatalogservice,343.0,1535,0.95,0.2234527687296417,0
2026-09-24T11:20:12Z,paymentservice,0.0,155,0.8,0.0,0
2026-09-24T11:20:12Z,recommendationservice,1148.0,1150,0.8,0.9982608695652174,1
2026-09-24T11:20:12Z,shippingservice,41.0,770,0.8,0.053246753246753244,0
2026-09-24T11:20:12Z,currencyservice,317.0,770,0.8,0.4116883116883117,0
2026-09-24T11:20:12Z,emailservice,36.0,155,0.8,0.23225806451612904,0
2026-09-24T11:20:12Z,adservice,105.0,1150,0.8,0.09130434782608696,0
2026-09-24T11:20:12Z,redis-cart,29.0,540,0.8,0.053703703703703705,0
2026-09-24T11:20:13Z,frontend,252.75,1150,0.8,0.21978260869565217,0
2026-09-24T11:20:13Z,cartservice,472.0,1920,0.95,0.24583333333333332,0
2026-09-24T11:20:13Z,checkoutservice,31.0,615,0.8,0.05040650406504065,0
2026-09-24T11:20:13Z,productcatalogservice,343.0,1535,0.95,0.2234527687296417,0
2026-09-24T11:20:13Z,paymentservice,11.0,155,0.8,0.07096774193548387,0
2026-09-24T11:20:13Z,recommendationservice,1144.0,1150,0.8,0.9947826086956522,1
2026-09-24T11:20:13Z,shippingservice,26.0,770,0.8,0.033766233766233764,0
2026-09-24T11:20:13Z,currencyservice,323.0,770,0.8,0.41948051948051945,0
2026-09-24T11:20:13Z,emailservice,7.0,155,0.8,0.04516129032258064,0
2026-09-24T11:20:13Z,adservice,32.0,1150,0.8,0.02782608695652174,0
2026-09-24T11:20:13Z,redis-cart,29.0,540,0.8,0.053703703703703705,0
2026-09-24T11:20:14Z,frontend,238.75,1150,0.8,0.2076086956521739,0
2026-09-24T11:20:14Z,cartservice,444.0,1920,0.95,0.23125,0
2026-09-24T11:20:14Z,checkoutservice,213.0,615,0.8,0.3463414634146341,0
2026-09-24T11:20:14Z,productcatalogservice,334.0,1535,0.95,0.21758957654723127,0
2026-09-24T11:20:14Z,paymentservice,11.0,155,0.8,0.07096774193548387,0
2026-09-24T11:20:14Z,recommendationservice,1142.0,1150,0.8,0.9930434782608696,1
2026-09-24T11:20:14Z,shippingservice,26.0,770,0.8,0.033766233766233764,0
2026-09-24T11:20:14Z,currencyservice,323.0,770,0.8,0.41948051948051945,0
2026-09-24T11:20:14Z,emailservice,28.0,155,0.8,0.18064516129032257,0
2026-09-24T11:20:14Z,adservice,60.0,1150,0.8,0.05217391304347826,0
2026-09-24T11:20:14Z,redis-cart,30.0,540,0.8,0.05555555555555555,0
2026-09-24T11:20:15Z,frontend,248.5,1150,0.8,0.21608695652173912,0
2026-09-24T11:20:15Z,cartservice,376.0,1920,0.95,0.19583333333333333,0
2026-09-24T11:20:15Z,checkoutservice,251.0,615,0.8,0.408130081300813,0
2026-09-24T11:20:15Z,productcatalogservice,399.0,1535,0.95,0.25993485342019546,0
2026-09-24T11:20:15Z,paymentservice,6.0,155,0.8,0.03870967741935484,0
2026-09-24T11:20:15Z,recommendationservice,1142.0,1150,0.8,0.9930434782608696,1
2026-09-24T11:20:15Z,shippingservice,23.0,770,0.8,0.02987012987012987,0
2026-09-24T11:20:15Z,currencyservice,290.0,770,0.8,0.37662337662337664,0
2026-09-24T11:20:15Z,emailservice,28.0,155,0.8,0.18064516129032257,0
2026-09-24T11:20:15Z,adservice,60.0,1150,0.8,0.05217391304347826,0
2026-09-24T11:20:15Z,redis-cart,30.0,540,0.8,0.05555555555555555,0
2026-09-24T11:20:16Z,frontend,292.0,1150,0.8,0.2539130434782609,0
2026-09-24T11:20:16Z,cartservice,376.0,1920,0.95,0.19583333333333333,0
2026-09-24T11:20:16Z,checkoutservice,251.0,615,0.8,0.408130081300813,0
2026-09-24T11:20:16Z,productcatalogservice,399.0,1535,0.95,0.25993485342019546,0
2026-09-24T11:20:16Z,paymentservice,20.0,155,0.8,0.12903225806451613,0
2026-09-24T11:20:16Z,recommendationservice,1148.0,1150,0.8,0.9982608695652174,1
2026-09-24T11:20:16Z,shippingservice,44.0,770,0.8,0.05714285714285714,0
2026-09-24T11:20:16Z,currencyservice,290.0,770,0.8,0.37662337662337664,0
2026-09-24T11:20:16Z,emailservice,57.0,155,0.8,0.36774193548387096,0
2026-09-24T11:20:16Z,adservice,68.0,1150,0.8,0.059130434782608696,0
2026-09-24T11:20:16Z,redis-cart,30.0,540,0.8,0.05555555555555555,0
2026-09-24T11:20:17Z,frontend,286.0,1150,0.8,0.24869565217391304,0
2026-09-24T11:20:17Z,cartservice,453.0,1920,0.95,0.2359375,0
2026-09-24T11:20:17Z,checkoutservice,286.0,615,0.8,0.46504065040650405,0
2026-09-24T11:20:17Z,productcatalogservice,393.0,1535,0.95,0.25602605863192185,0
2026-09-24T11:20:17Z,paymentservice,20.0,155,0.8,0.12903225806451613,0
2026-09-24T11:20:17Z,recommendationservice,1147.0,1150,0.8,0.9973913043478261,1
2026-09-24T11:20:17Z,shippingservice,44.0,770,0.8,0.05714285714285714,0
2026-09-24T11:20:17Z,currencyservice,306.0,770,0.8,0.3974025974025974,0
2026-09-24T11:20:17Z,emailservice,28.0,155,0.8,0.18064516129032257,0
2026-09-24T11:20:17Z,adservice,68.0,1150,0.8,0.059130434782608696,0
2026-09-24T11:20:17Z,redis-cart,32.0,540,0.8,0.05925925925925926,0
2026-09-24T11:20:18Z,frontend,285.75,1150,0.8,0.2484782608695652,0
2026-09-24T11:20:18Z,cartservice,453.0,1920,0.95,0.2359375,0
2026-09-24T11:20:18Z,checkoutservice,286.0,615,0.8,0.46504065040650405,0
2026-09-24T11:20:18Z,productcatalogservice,393.0,1535,0.95,0.25602605863192185,0
2026-09-24T11:20:18Z,paymentservice,17.0,155,0.8,0.10967741935483871,0
2026-09-24T11:20:18Z,recommendationservice,1147.0,1150,0.8,0.9973913043478261,1
2026-09-24T11:20:18Z,shippingservice,80.0,770,0.8,0.1038961038961039,0
2026-09-24T11:20:18Z,currencyservice,359.0,770,0.8,0.4662337662337662,0
2026-09-24T11:20:18Z,emailservice,28.0,155,0.8,0.18064516129032257,0
2026-09-24T11:20:18Z,adservice,96.0,1150,0.8,0.08347826086956522,0
2026-09-24T11:20:18Z,redis-cart,32.0,540,0.8,0.05925925925925926,0
2026-09-24T11:20:19Z,frontend,249.75,1150,0.8,0.21717391304347827,0
2026-09-24T11:20:19Z,cartservice,413.0,1920,0.95,0.21510416666666668,0
2026-09-24T11:20:19Z,checkoutservice,176.0,615,0.8,0.2861788617886179,0
2026-09-24T11:20:19Z,productcatalogservice,393.0,1535,0.95,0.25602605863192185,0
2026-09-24T11:20:19Z,paymentservice,17.0,155,0.8,0.10967741935483871,0
2026-09-24T11:20:19Z,recommendationservice,1145.0,1150,0.8,0.9956521739130435,1
2026-09-24T11:20:19Z,shippingservice,22.0,770,0.8,0.02857142857142857,0
2026-09-24T11:20:19Z,currencyservice,328.0,770,0.8,0.42597402597402595,0
2026-09-24T11:20:19Z,emailservice,17.0,155,0.8,0.10967741935483871,0
2026-09-24T11:20:19Z,adservice,96.0,1150,0.8,0.08347826086956522,0
2026-09-24T11:20:19Z,redis-cart,31.0,540,0.8,0.05740740740740741,0
2026-09-24T11:20:20Z,frontend,221.25,1150,0.8,0.1923913043478261,0
2026-09-24T11:20:20Z,cartservice,413.0,1920,0.95,0.21510416666666668,0
2026-09-24T11:20:20Z,checkoutservice,456.0,615,0.8,0.7414634146341463,0
2026-09-24T11:20:20Z,productcatalogservice,391.0,1535,0.95,0.2547231270358306,0
2026-09-24T11:20:20Z,paymentservice,13.0,155,0.8,0.08387096774193549,0
2026-09-24T11:20:20Z,recommendationservice,1136.0,1150,0.8,0.9878260869565217,1
2026-09-24T11:20:20Z,shippingservice,22.0,770,0.8,0.02857142857142857,0
2026-09-24T11:20:20Z,currencyservice,362.0,770,0.8,0.4701298701298701,0
2026-09-24T11:20:20Z,emailservice,63.0,155,0.8,0.4064516129032258,0
2026-09-24T11:20:20Z,adservice,48.0,1150,0.8,0.04173913043478261,0
2026-09-24T11:20:20Z,redis-cart,35.0,540,0.8,0.06481481481481481,0
2026-09-24T11:20:21Z,frontend,271.5,1150,0.8,0.23608695652173914,0
2026-09-24T11:20:21Z,cartservice,432.0,1920,0.95,0.225,0
2026-09-24T11:20:21Z,checkoutservice,456.0,615,0.8,0.7414634146341463,0
2026-09-24T11:20:21Z,productcatalogservice,391.0,1535,0.95,0.2547231270358306,0
2026-09-24T11:20:21Z,paymentservice,34.0,155,0.8,0.21935483870967742,0
2026-09-24T11:20:21Z,recommendationservice,1144.0,1150,0.8,0.9947826086956522,1
2026-09-24T11:20:21Z,shippingservice,30.0,770,0.8,0.03896103896103896,0
2026-09-24T11:20:21Z,currencyservice,298.0,770,0.8,0.38701298701298703,0
2026-09-24T11:20:21Z,emailservice,63.0,155,0.8,0.4064516129032258,0
2026-09-24T11:20:21Z,adservice,54.0,1150,0.8,0.04695652173913043,0
2026-09-24T11:20:21Z,redis-cart,35.0,540,0.8,0.06481481481481481,0
2026-09-24T11:20:22Z,frontend,235.25,1150,0.8,0.20456521739130434,0
2026-09-24T11:20:22Z,cartservice,432.0,1920,0.95,0.225,0
2026-09-24T11:20:22Z,checkoutservice,33.0,615,0.8,0.05365853658536585,0
2026-09-24T11:20:22Z,productcatalogservice,321.0,1535,0.95,0.20912052117263843,0
2026-09-24T11:20:22Z,paymentservice,34.0,155,0.8,0.21935483870967742,0
2026-09-24T11:20:22Z,recommendationservice,1144.0,1150,0.8,0.9947826086956522,1
2026-09-24T11:20:22Z,shippingservice,0.0,770,0.8,0.0,0
2026-09-24T11:20:22Z,currencyservice,265.0,770,0.8,0.34415584415584416,0
2026-09-24T11:20:22Z,emailservice,0.0,155,0.8,0.0,0
2026-09-24T11:20:22Z,adservice,30.0,1150,0.8,0.02608695652173913,0
2026-09-24T11:20:22Z,redis-cart,28.0,540,0.8,0.05185185185185185,0
2026-09-24T11:20:23Z,frontend,222.75,1150,0.8,0.19369565217391305,0
2026-09-24T11:20:23Z,cartservice,405.0,1920,0.95,0.2109375,0
2026-09-24T11:20:23Z,checkoutservice,33.0,615,0.8,0.05365853658536585,0
2026-09-24T11:20:23Z,productcatalogservice,321.0,1535,0.95,0.20912052117263843,0
2026-09-24T11:20:23Z,paymentservice,0.0,155,0.8,0.0,0
2026-09-24T11:20:23Z,recommendationservice,1155.0,1150,0.8,1.0043478260869565,1
2026-09-24T11:20:23Z,shippingservice,0.0,770,0.8,0.0,0
2026-09-24T11:20:23Z,currencyservice,283.0,770,0.8,0.36753246753246754,0
2026-09-24T11:20:23Z,emailservice,0.0,155,0.8,0.0,0
2026-09-24T11:20:23Z,adservice,30.0,1150,0.8,0.02608695652173913,0
2026-09-24T11:20:23Z,redis-cart,28.0,540,0.8,0.05185185185185185,0
2026-09-24T11:20:24Z,frontend,251.25,1150,0.8,0.2184782608695652,0
2026-09-24T11:20:24Z,cartservice,405.0,1920,0.95,0.2109375,0
2026-09-24T11:20:24Z,checkoutservice,27.0,615,0.8,0.04390243902439024,0
2026-09-24T11:20:24Z,productcatalogservice,317.0,1535,0.95,0.206514657980456,0
2026-09-24T11:20:24Z,paymentservice,0.0,155,0.8,0.0,0
2026-09-24T11:20:24Z,recommendationservice,1155.0,1150,0.8,1.0043478260869565,1
2026-09-24T11:20:24Z,shippingservice,14.0,770,0.8,0.01818181818181818,0
2026-09-24T11:20:24Z,currencyservice,283.0,770,0.8,0.36753246753246754,0
2026-09-24T11:20:24Z,emailservice,0.0,155,0.8,0.0,0
2026-09-24T11:20:24Z,adservice,30.0,1150,0.8,0.02608695652173913,0
2026-09-24T11:20:24Z,redis-cart,32.0,540,0.8,0.05925925925925926,0
2026-09-24T11:20:25Z,frontend,254.25,1150,0.8,0.22108695652173913,0
2026-09-24T11:20:25Z,cartservice,418.0,1920,0.95,0.21770833333333334,0
2026-09-24T11:20:25Z,checkoutservice,27.0,615,0.8,0.04390243902439024,0
2026-09-24T11:20:25Z,productcatalogservice,341.0,1535,0.95,0.2221498371335505,0
2026-09-24T11:20:25Z,paymentservice,0.0,155,0.8,0.0,0
2026-09-24T11:20:25Z,recommendationservice,1147.0,1150,0.8,0.9973913043478261,1
2026-09-24T11:20:25Z,shippingservice,21.0,770,0.8,0.02727272727272727,0
2026-09-24T11:20:25Z,currencyservice,303.0,770,0.8,0.3935064935064935,0
2026-09-24T11:20:25Z,emailservice,45.0,155,0.8,0.2903225806451613,0
2026-09-24T11:20:25Z,adservice,92.0,1150,0.8,0.08,0
2026-09-24T11:20:25Z,redis-cart,29.0,540,0.8,0.053703703703703705,0
2026-09-24T11:20:26Z,frontend,251.75,1150,0.8,0.21891304347826088,0
2026-09-24T11:20:26Z,cartservice,418.0,1920,0.95,0.21770833333333334,0
2026-09-24T11:20:26Z,checkoutservice,153.0,615,0.8,0.24878048780487805,0
2026-09-24T11:20:26Z,productcatalogservice,341.0,1535,0.95,0.2221498371335505,0
2026-09-24T11:20:26Z,paymentservice,9.0,155,0.8,0.05806451612903226,0
2026-09-24T11:20:26Z,recommendationservice,1148.0,1150,0.8,0.9982608695652174,1
2026-09-24T11:20:26Z,shippingservice,21.0,770,0.8,0.02727272727272727,0
2026-09-24T11:20:26Z,currencyservice,303.0,770,0.8,0.3935064935064935,0
2026-09-24T11:20:26Z,emailservice,45.0,155,0.8,0.2903225806451613,0
2026-09-24T11:20:26Z,adservice,92.0,1150,0.8,0.08,0
2026-09-24T11:20:26Z,redis-cart,31.0,540,0.8,0.05740740740740741,0
2026-09-24T11:20:27Z,frontend,253.5,1150,0.8,0.22043478260869565,0
2026-09-24T11:20:27Z,cartservice,418.0,1920,0.95,0.21770833333333334,0
2026-09-24T11:20:27Z,checkoutservice,195.0,615,0.8,0.3170731707317073,0
2026-09-24T11:20:27Z,productcatalogservice,355.0,1535,0.95,0.23127035830618892,0
2026-09-24T11:20:27Z,paymentservice,9.0,155,0.8,0.05806451612903226,0
2026-09-24T11:20:27Z,recommendationservice,1145.0,1150,0.8,0.9956521739130435,1
2026-09-24T11:20:27Z,shippingservice,14.0,770,0.8,0.01818181818181818,0
2026-09-24T11:20:27Z,currencyservice,316.0,770,0.8,0.4103896103896104,0
2026-09-24T11:20:27Z,emailservice,13.0,155,0.8,0.08387096774193549,0
2026-09-24T11:20:27Z,adservice,43.0,1150,0.8,0.03739130434782609,0
2026-09-24T11:20:27Z,redis-cart,31.0,540,0.8,0.05740740740740741,0
2026-09-24T11:20:28Z,frontend,267.5,1150,0.8,0.2326086956521739,0
2026-09-24T11:20:28Z,cartservice,419.0,1920,0.95,0.21822916666666667,0
2026-09-24T11:20:28Z,checkoutservice,51.0,615,0.8,0.08292682926829269,0
2026-09-24T11:20:28Z,productcatalogservice,287.0,1535,0.95,0.18697068403908795,0
2026-09-24T11:20:28Z,paymentservice,8.0,155,0.8,0.05161290322580645,0
2026-09-24T11:20:28Z,recommendationservice,1131.0,1150,0.8,0.9834782608695652,1
2026-09-24T11:20:28Z,shippingservice,14.0,770,0.8,0.01818181818181818,0
2026-09-24T11:20:28Z,currencyservice,316.0,770,0.8,0.4103896103896104,0
2026-09-24T11:20:28Z,emailservice,18.0,155,0.8,0.11612903225806452,0
2026-09-24T11:20:28Z,adservice,43.0,1150,0.8,0.03739130434782609,0
2026-09-24T11:20:28Z,redis-cart,29.0,540,0.8,0.053703703703703705,0
2026-09-24T11:20:29Z,frontend,236.25,1150,0.8,0.20543478260869566,0
2026-09-24T11:20:29Z,cartservice,398.0,1920,0.95,0.20729166666666668,0
2026-09-24T11:20:29Z,checkoutservice,51.0,615,0.8,0.08292682926829269,0
2026-09-24T11:20:29Z,productcatalogservice,287.0,1535,0.95,0.18697068403908795,0
2026-09-24T11:20:29Z,paymentservice,8.0,155,0.8,0.05161290322580645,0
2026-09-24T11:20:29Z,recommendationservice,1131.0,1150,0.8,0.9834782608695652,1
2026-09-24T11:20:29Z,shippingservice,30.0,770,0.8,0.03896103896103896,0
2026-09-24T11:20:29Z,currencyservice,261.0,770,0.8,0.33896103896103896,0
2026-09-24T11:20:29Z,emailservice,18.0,155,0.8,0.11612903225806452,0
2026-09-24T11:20:29Z,adservice,31.0,1150,0.8,0.026956521739130435,0
2026-09-24T11:20:29Z,redis-cart,30.0,540,0.8,0.05555555555555555,0
2026-09-24T11:20:30Z,frontend,264.5,1150,0.8,0.23,0
2026-09-24T11:20:30Z,cartservice,398.0,1920,0.95,0.20729166666666668,0
2026-09-24T11:20:30Z,checkoutservice,144.0,615,0.8,0.23414634146341465,0
2026-09-24T11:20:30Z,productcatalogservice,369.0,1535,0.95,0.24039087947882737,0
2026-09-24T11:20:30Z,paymentservice,10.0,155,0.8,0.06451612903225806,0
2026-09-24T11:20:30Z,recommendationservice,1154.0,1150,0.8,1.0034782608695652,1
2026-09-24T11:20:30Z,shippingservice,26.0,770,0.8,0.033766233766233764,0
2026-09-24T11:20:30Z,currencyservice,359.0,770,0.8,0.4662337662337662,0
2026-09-24T11:20:30Z,emailservice,39.0,155,0.8,0.25161290322580643,0
2026-09-24T11:20:30Z,adservice,51.0,1150,0.8,0.04434782608695652,0
2026-09-24T11:20:30Z,redis-cart,30.0,540,0.8,0.05555555555555555,0
2026-09-24T11:20:31Z,frontend,268.25,1150,0.8,0.23326086956521738,0
2026-09-24T11:20:31Z,cartservice,419.0,1920,0.95,0.21822916666666667,0
2026-09-24T11:20:31Z,checkoutservice,62.0,615,0.8,0.1008130081300813,0
2026-09-24T11:20:31Z,productcatalogservice,348.0,1535,0.95,0.22671009771986972,0
2026-09-24T11:20:31Z,paymentservice,28.0,155,0.8,0.18064516129032257,0
2026-09-24T11:20:31Z,recommendationservice,1154.0,1150,0.8,1.0034782608695652,1
2026-09-24T11:20:31Z,shippingservice,26.0,770,0.8,0.033766233766233764,0
2026-09-24T11:20:31Z,currencyservice,293.0,770,0.8,0.38051948051948054,0
2026-09-24T11:20:31Z,emailservice,0.0,155,0.8,0.0,0
2026-09-24T11:20:31Z,adservice,28.0,1150,0.8,0.02434782608695652,0
2026-09-24T11:20:31Z,redis-cart,30.0,540,0.8,0.05555555555555555,0
2026-09-24T11:20:32Z,frontend,250.5,1150,0.8,0.21782608695652175,0
2026-09-24T11:20:32Z,cartservice,446.0,1920,0.95,0.23229166666666667,0
2026-09-24T11:20:32Z,checkoutservice,353.0,615,0.8,0.5739837398373984,0
2026-09-24T11:20:32Z,productcatalogservice,348.0,1535,0.95,0.22671009771986972,0
2026-09-24T11:20:32Z,paymentservice,28.0,155,0.8,0.18064516129032257,0
2026-09-24T11:20:32Z,recommendationservice,1137.0,1150,0.8,0.9886956521739131,1
2026-09-24T11:20:32Z,shippingservice,25.0,770,0.8,0.032467532467532464,0
2026-09-24T11:20:32Z,currencyservice,293.0,770,0.8,0.38051948051948054,0
2026-09-24T11:20:32Z,emailservice,34.0,155,0.8,0.21935483870967742,0
2026-09-24T11:20:32Z,adservice,28.0,1150,0.8,0.02434782608695652,0
2026-09-24T11:20:32Z,redis-cart,32.0,540,0.8,0.05925925925925926,0
2026-09-24T11:20:33Z,frontend,264.0,1150,0.8,0.22956521739130434,0
2026-09-24T11:20:33Z,cartservice,446.0,1920,0.95,0.23229166666666667,0
2026-09-24T11:20:33Z,checkoutservice,353.0,615,0.8,0.5739837398373984,0
2026-09-24T11:20:33Z,productcatalogservice,378.0,1535,0.95,0.24625407166123778,0
2026-09-24T11:20:33Z,paymentservice,27.0,155,0.8,0.17419354838709677,0
2026-09-24T11:20:33Z,recommendationservice,1129.0,1150,0.8,0.9817391304347826,1
2026-09-24T11:20:33Z,shippingservice,52.0,770,0.8,0.06753246753246753,0
2026-09-24T11:20:33Z,currencyservice,327.0,770,0.8,0.42467532467532465,0
2026-09-24T11:20:33Z,emailservice,34.0,155,0.8,0.21935483870967742,0
2026-09-24T11:20:33Z,adservice,58.0,1150,0.8,0.050434782608695654,0
2026-09-24T11:20:33Z,redis-cart,32.0,540,0.8,0.05925925925925926,0
2026-09-24T11:20:34Z,frontend,268.5,1150,0.8,0.23347826086956522,0
2026-09-24T11:20:34Z,cartservice,508.0,1920,0.95,0.26458333333333334,0
2026-09-24T11:20:34Z,checkoutservice,245.0,615,0.8,0.3983739837398374,0
2026-09-24T11:20:34Z,productcatalogservice,378.0,1535,0.95,0.24625407166123778,0
2026-09-24T11:20:34Z,paymentservice,6.0,155,0.8,0.03870967741935484,0
2026-09-24T11:20:34Z,recommendationservice,1151.0,1150,0.8,1.0008695652173913,1
2026-09-24T11:20:34Z,shippingservice,23.0,770,0.8,0.02987012987012987,0
2026-09-24T11:20:34Z,currencyservice,327.0,770,0.8,0.42467532467532465,0
2026-09-24T11:20:34Z,emailservice,39.0,155,0.8,0.25161290322580643,0
2026-09-24T11:20:34Z,adservice,53.0,1150,0.8,0.04608695652173913,0
2026-09-24T11:20:34Z,redis-cart,33.0,540,0.8,0.06111111111111111,0
2026-09-24T11:20:35Z,frontend,263.5,1150,0.8,0.2291304347826087,0
2026-09-24T11:20:35Z,cartservice,508.0,1920,0.95,0.26458333333333334,0
2026-09-24T11:20:35Z,checkoutservice,245.0,615,0.8,0.3983739837398374,0
2026-09-24T11:20:35Z,productcatalogservice,350.0,1535,0.95,0.2280130293159609,0
2026-09-24T11:20:35Z,paymentservice,6.0,155,0.8,0.03870967741935484,0
2026-09-24T11:20:35Z,recommendationservice,1151.0,1150,0.8,1.0008695652173913,1
2026-09-24T11:20:35Z,shippingservice,23.0,770,0.8,0.02987012987012987,0
2026-09-24T11:20:35Z,currencyservice,299.0,770,0.8,0.38831168831168833,0
2026-09-24T11:20:35Z,emailservice,39.0,155,0.8,0.25161290322580643,0
2026-09-24T11:20:35Z,adservice,31.0,1150,0.8,0.026956521739130435,0
2026-09-24T11:20:35Z,redis-cart,31.0,540,0.8,0.05740740740740741,0
2026-09-24T11:20:36Z,frontend,264.25,1150,0.8,0.22978260869565217,0
2026-09-24T11:20:36Z,cartservice,445.0,1920,0.95,0.23177083333333334,0
2026-09-24T11:20:36Z,checkoutservice,97.0,615,0.8,0.15772357723577235,0
2026-09-24T11:20:36Z,productcatalogservice,349.0,1535,0.95,0.2273615635179153,0
2026-09-24T11:20:36Z,paymentservice,6.0,155,0.8,0.03870967741935484,0
2026-09-24T11:20:36Z,recommendationservice,1139.0,1150,0.8,0.9904347826086957,1
2026-09-24T11:20:36Z,shippingservice,15.0,770,0.8,0.01948051948051948,0
2026-09-24T11:20:36Z,currencyservice,312.0,770,0.8,0.4051948051948052,0
2026-09-24T11:20:36Z,emailservice,31.0,155,0.8,0.2,0
2026-09-24T11:20:36Z,adservice,48.0,1150,0.8,0.04173913043478261,0
2026-09-24T11:20:36Z,redis-cart,31.0,540,0.8,0.05740740740740741,0
2026-09-24T11:20:37Z,frontend,251.75,1150,0.8,0.21891304347826088,0
2026-09-24T11:20:37Z,cartservice,471.0,1920,0.95,0.2453125,0
2026-09-24T11:20:37Z,checkoutservice,97.0,615,0.8,0.15772357723577235,0
2026-09-24T11:20:37Z,productcatalogservice,349.0,1535,0.95,0.2273615635179153,0
2026-09-24T11:20:37Z,paymentservice,13.0,155,0.8,0.08387096774193549,0
2026-09-24T11:20:37Z,recommendationservice,1148.0,1150,0.8,0.9982608695652174,1
2026-09-24T11:20:37Z,shippingservice,15.0,770,0.8,0.01948051948051948,0
2026-09-24T11:20:37Z,currencyservice,312.0,770,0.8,0.4051948051948052,0
2026-09-24T11:20:37Z,emailservice,21.0,155,0.8,0.13548387096774195,0
2026-09-24T11:20:37Z,adservice,48.0,1150,0.8,0.04173913043478261,0
2026-09-24T11:20:37Z,redis-cart,31.0,540,0.8,0.05740740740740741,0
2026-09-24T11:20:38Z,frontend,292.75,1150,0.8,0.25456521739130433,0
2026-09-24T11:20:38Z,cartservice,471.0,1920,0.95,0.2453125,0
2026-09-24T11:20:38Z,checkoutservice,274.0,615,0.8,0.44552845528455287,0
2026-09-24T11:20:38Z,productcatalogservice,381.0,1535,0.95,0.24820846905537458,0
2026-09-24T11:20:38Z,paymentservice,19.0,155,0.8,0.12258064516129032,0
2026-09-24T11:20:38Z,recommendationservice,1148.0,1150,0.8,0.9982608695652174,1
2026-09-24T11:20:38Z,shippingservice,51.0,770,0.8,0.06623376623376623,0
2026-09-24T11:20:38Z,currencyservice,314.0,770,0.8,0.4077922077922078,0
2026-09-24T11:20:38Z,emailservice,30.0,155,0.8,0.1935483870967742,0
2026-09-24T11:20:38Z,adservice,61.0,1150,0.8,0.05304347826086957,0
2026-09-24T11:20:38Z,redis-cart,31.0,540,0.8,0.05740740740740741,0
2026-09-24T11:20:39Z,frontend,283.5,1150,0.8,0.2465217391304348,0
2026-09-24T11:20:39Z,cartservice,468.0,1920,0.95,0.24375,0
2026-09-24T11:20:39Z,checkoutservice,274.0,615,0.8,0.44552845528455287,0
2026-09-24T11:20:39Z,productcatalogservice,351.0,1535,0.95,0.22866449511400652,0
2026-09-24T11:20:39Z,paymentservice,19.0,155,0.8,0.12258064516129032,0
2026-09-24T11:20:39Z,recommendationservice,1148.0,1150,0.8,0.9982608695652174,1
2026-09-24T11:20:39Z,shippingservice,28.0,770,0.8,0.03636363636363636,0
2026-09-24T11:20:39Z,currencyservice,314.0,770,0.8,0.4077922077922078,0
2026-09-24T11:20:39Z,emailservice,30.0,155,0.8,0.1935483870967742,0
2026-09-24T11:20:39Z,adservice,68.0,1150,0.8,0.059130434782608696,0
2026-09-24T11:20:39Z,redis-cart,31.0,540,0.8,0.05740740740740741,0
2026-09-24T11:20:40Z,frontend,237.5,1150,0.8,0.20652173913043478,0
2026-09-24T11:20:40Z,cartservice,401.0,1920,0.95,0.20885416666666667,0
2026-09-24T11:20:40Z,checkoutservice,287.0,615,0.8,0.4666666666666667,0
2026-09-24T11:20:40Z,productcatalogservice,365.0,1535,0.95,0.23778501628664495,0
2026-09-24T11:20:40Z,paymentservice,12.0,155,0.8,0.07741935483870968,0
2026-09-24T11:20:40Z,recommendationservice,1148.0,1150,0.8,0.9982608695652174,1
2026-09-24T11:20:40Z,shippingservice,28.0,770,0.8,0.03636363636363636,0
2026-09-24T11:20:40Z,currencyservice,322.0,770,0.8,0.41818181818181815,0
2026-09-24T11:20:40Z,emailservice,56.0,155,0.8,0.36129032258064514,0
2026-09-24T11:20:40Z,adservice,68.0,1150,0.8,0.059130434782608696,0
2026-09-24T11:20:40Z,redis-cart,31.0,540,0.8,0.05740740740740741,0
2026-09-24T11:20:41Z,frontend,261.0,1150,0.8,0.22695652173913045,0
2026-09-24T11:20:41Z,cartservice,401.0,1920,0.95,0.20885416666666667,0
2026-09-24T11:20:41Z,checkoutservice,234.0,615,0.8,0.3804878048780488,0
2026-09-24T11:20:41Z,productcatalogservice,365.0,1535,0.95,0.23778501628664495,0
2026-09-24T11:20:41Z,paymentservice,40.0,155,0.8,0.25806451612903225,0
2026-09-24T11:20:41Z,recommendationservice,1144.0,1150,0.8,0.9947826086956522,1
2026-09-24T11:20:41Z,shippingservice,38.0,770,0.8,0.04935064935064935,0
2026-09-24T11:20:41Z,currencyservice,325.0,770,0.8,0.42207792207792205,0
2026-09-24T11:20:41Z,emailservice,19.0,155,0.8,0.12258064516129032,0
2026-09-24T11:20:41Z,adservice,50.0,1150,0.8,0.043478260869565216,0
2026-09-24T11:20:41Z,redis-cart,31.0,540,0.8,0.05740740740740741,0
2026-09-24T11:20:42Z,frontend,265.5,1150,0.8,0.2308695652173913,0
2026-09-24T11:20:42Z,cartservice,385.0,1920,0.95,0.20052083333333334,0
2026-09-24T11:20:42Z,checkoutservice,234.0,615,0.8,0.3804878048780488,0
2026-09-24T11:20:42Z,productcatalogservice,356.0,1535,0.95,0.23192182410423454,0
2026-09-24T11:20:42Z,paymentservice,40.0,155,0.8,0.25806451612903225,0
2026-09-24T11:20:42Z,recommendationservice,1142.0,1150,0.8,0.9930434782608696,1
2026-09-24T11:20:42Z,shippingservice,38.0,770,0.8,0.04935064935064935,0
2026-09-24T11:20:42Z,currencyservice,325.0,770,0.8,0.42207792207792205,0
2026-09-24T11:20:42Z,emailservice,19.0,155,0.8,0.12258064516129032,0
2026-09-24T11:20:42Z,adservice,50.0,1150,0.8,0.043478260869565216,0
2026-09-24T11:20:42Z,redis-cart,29.0,540,0.8,0.053703703703703705,0
2026-09-24T11:20:43Z,frontend,249.5,1150,0.8,0.21695652173913044,0
2026-09-24T11:20:43Z,cartservice,420.0,1920,0.95,0.21875,0
2026-09-24T11:20:43Z,checkoutservice,222.0,615,0.8,0.36097560975609755,0
2026-09-24T11:20:43Z,productcatalogservice,320.0,1535,0.95,0.20846905537459284,0
2026-09-24T11:20:43Z,paymentservice,13.0,155,0.8,0.08387096774193549,0
2026-09-24T11:20:43Z,recommendationservice,1142.0,1150,0.8,0.9930434782608696,1
2026-09-24T11:20:43Z,shippingservice,30.0,770,0.8,0.03896103896103896,0
2026-09-24T11:20:43Z,currencyservice,300.0,770,0.8,0.38961038961038963,0
2026-09-24T11:20:43Z,emailservice,23.0,155,0.8,0.14838709677419354,0
2026-09-24T11:20:43Z,adservice,50.0,1150,0.8,0.043478260869565216,0
2026-09-24T11:20:43Z,redis-cart,32.0,540,0.8,0.05925925925925926,0
2026-09-24T11:20:44Z,frontend,252.5,1150,0.8,0.21956521739130436,0
2026-09-24T11:20:44Z,cartservice,420.0,1920,0.95,0.21875,0
2026-09-24T11:20:44Z,checkoutservice,114.0,615,0.8,0.18536585365853658,0
2026-09-24T11:20:44Z,productcatalogservice,320.0,1535,0.95,0.20846905537459284,0
2026-09-24T11:20:44Z,paymentservice,16.0,155,0.8,0.1032258064516129,0
2026-09-24T11:20:44Z,recommendationservice,1148.0,1150,0.8,0.9982608695652174,1
2026-09-24T11:20:44Z,shippingservice,30.0,770,0.8,0.03896103896103896,0
2026-09-24T11:20:44Z,currencyservice,300.0,770,0.8,0.38961038961038963,0
2026-09-24T11:20:44Z,emailservice,20.0,155,0.8,0.12903225806451613,0
2026-09-24T11:20:44Z,adservice,51.0,1150,0.8,0.04434782608695652,0
2026-09-24T11:20:44Z,redis-cart,30.0,540,0.8,0.05555555555555555,0
2026-09-24T11:20:45Z,frontend,264.75,1150,0.8,0.23021739130434782,0
2026-09-24T11:20:45Z,cartservice,429.0,1920,0.95,0.2234375,0
2026-09-24T11:20:45Z,checkoutservice,320.0,615,0.8,0.5203252032520326,0
2026-09-24T11:20:45Z,productcatalogservice,437.0,1535,0.95,0.28469055374592833,0
2026-09-24T11:20:45Z,paymentservice,16.0,155,0.8,0.1032258064516129,0
2026-09-24T11:20:45Z,recommendationservice,1129.0,1150,0.8,0.9817391304347826,1
2026-09-24T11:20:45Z,shippingservice,30.0,770,0.8,0.03896103896103896,0
2026-09-24T11:20:45Z,currencyservice,321.0,770,0.8,0.41688311688311686,0
2026-09-24T11:20:45Z,emailservice,20.0,155,0.8,0.12903225806451613,0
2026-09-24T11:20:45Z,adservice,58.0,1150,0.8,0.050434782608695654,0
2026-09-24T11:20:45Z,redis-cart,28.0,540,0.8,0.05185185185185185,0
2026-09-24T11:20:46Z,frontend,251.25,1150,0.8,0.2184782608695652,0
2026-09-24T11:20:46Z,cartservice,429.0,1920,0.95,0.2234375,0
2026-09-24T11:20:46Z,checkoutservice,320.0,615,0.8,0.5203252032520326,0
2026-09-24T11:20:46Z,productcatalogservice,437.0,1535,0.95,0.28469055374592833,0
2026-09-24T11:20:46Z,paymentservice,10.0,155,0.8,0.06451612903225806,0
2026-09-24T11:20:46Z,recommendationservice,1129.0,1150,0.8,0.9817391304347826,1
2026-09-24T11:20:46Z,shippingservice,37.0,770,0.8,0.048051948051948054,0
2026-09-24T11:20:46Z,currencyservice,293.0,770,0.8,0.38051948051948054,0
2026-09-24T11:20:46Z,emailservice,46.0,155,0.8,0.2967741935483871,0
2026-09-24T11:20:46Z,adservice,58.0,1150,0.8,0.050434782608695654,0
2026-09-24T11:20:46Z,redis-cart,28.0,540,0.8,0.05185185185185185,0
2026-09-24T11:20:47Z,frontend,254.75,1150,0.8,0.22152173913043477,0
2026-09-24T11:20:47Z,cartservice,369.0,1920,0.95,0.1921875,0
2026-09-24T11:20:47Z,checkoutservice,150.0,615,0.8,0.24390243902439024,0
2026-09-24T11:20:47Z,productcatalogservice,365.0,1535,0.95,0.23778501628664495,0
2026-09-24T11:20:47Z,paymentservice,10.0,155,0.8,0.06451612903225806,0
2026-09-24T11:20:47Z,recommendationservice,1149.0,1150,0.8,0.9991304347826087,1
2026-09-24T11:20:47Z,shippingservice,37.0,770,0.8,0.048051948051948054,0
2026-09-24T11:20:47Z,currencyservice,293.0,770,0.8,0.38051948051948054,0
2026-09-24T11:20:47Z,emailservice,22.0,155,0.8,0.14193548387096774,0
2026-09-24T11:20:47Z,adservice,40.0,1150,0.8,0.034782608695652174,0
2026-09-24T11:20:47Z,redis-cart,28.0,540,0.8,0.05185185185185185,0
2026-09-24T11:20:48Z,frontend,269.25,1150,0.8,0.2341304347826087,0
2026-09-24T11:20:48Z,cartservice,514.0,1920,0.95,0.2677083333333333,0
2026-09-24T11:20:48Z,checkoutservice,318.0,615,0.8,0.5170731707317073,0
2026-09-24T11:20:48Z,productcatalogservice,374.0,1535,0.95,0.24364820846905538,0
2026-09-24T11:20:48Z,paymentservice,14.0,155,0.8,0.09032258064516129,0
2026-09-24T11:20:48Z,recommendationservice,1149.0,1150,0.8,0.9991304347826087,1
2026-09-24T11:20:48Z,shippingservice,45.0,770,0.8,0.05844155844155844,0
2026-09-24T11:20:48Z,currencyservice,327.0,770,0.8,0.42467532467532465,0
2026-09-24T11:20:48Z,emailservice,22.0,155,0.8,0.14193548387096774,0
2026-09-24T11:20:48Z,adservice,67.0,1150,0.8,0.058260869565217394,0
2026-09-24T11:20:48Z,redis-cart,35.0,540,0.8,0.06481481481481481,0
2026-09-24T11:20:49Z,frontend,261.75,1150,0.8,0.22760869565217393,0
2026-09-24T11:20:49Z,cartservice,514.0,1920,0.95,0.2677083333333333,0
2026-09-24T11:20:49Z,checkoutservice,153.0,615,0.8,0.24878048780487805,0
2026-09-24T11:20:49Z,productcatalogservice,374.0,1535,0.95,0.24364820846905538,0
2026-09-24T11:20:49Z,paymentservice,5.0,155,0.8,0.03225806451612903,0
2026-09-24T11:20:49Z,recommendationservice,1144.0,1150,0.8,0.9947826086956522,1
2026-09-24T11:20:49Z,shippingservice,32.0,770,0.8,0.04155844155844156,0
2026-09-24T11:20:49Z,currencyservice,327.0,770,0.8,0.42467532467532465,0
2026-09-24T11:20:49Z,emailservice,22.0,155,0.8,0.14193548387096774,0
2026-09-24T11:20:49Z,adservice,95.0,1150,0.8,0.08260869565217391,0
2026-09-24T11:20:49Z,redis-cart,35.0,540,0.8,0.06481481481481481,0
2026-09-24T11:20:50Z,frontend,259.25,1150,0.8,0.22543478260869565,0
2026-09-24T11:20:50Z,cartservice,364.0,1920,0.95,0.18958333333333333,0
2026-09-24T11:20:50Z,checkoutservice,153.0,615,0.8,0.24878048780487805,0
2026-09-24T11:20:50Z,productcatalogservice,392.0,1535,0.95,0.2553745928338762,0
2026-09-24T11:20:50Z,paymentservice,5.0,155,0.8,0.03225806451612903,0
2026-09-24T11:20:50Z,recommendationservice,1144.0,1150,0.8,0.9947826086956522,1
2026-09-24T11:20:50Z,shippingservice,32.0,770,0.8,0.04155844155844156,0
2026-09-24T11:20:50Z,currencyservice,313.0,770,0.8,0.4064935064935065,0
2026-09-24T11:20:50Z,emailservice,53.0,155,0.8,0.3419354838709677,0
2026-09-24T11:20:50Z,adservice,63.0,1150,0.8,0.05478260869565217,0
2026-09-24T11:20:50Z,redis-cart,31.0,540,0.8,0.05740740740740741,0
2026-09-24T11:20:51Z,frontend,277.25,1150,0.8,0.24108695652173914,0
2026-09-24T11:20:51Z,cartservice,364.0,1920,0.95,0.18958333333333333,0
2026-09-24T11:20:51Z,checkoutservice,188.0,615,0.8,0.3056910569105691,0
2026-09-24T11:20:51Z,productcatalogservice,392.0,1535,0.95,0.2553745928338762,0
2026-09-24T11:20:51Z,paymentservice,36.0,155,0.8,0.23225806451612904,0
2026-09-24T11:20:51Z,recommendationservice,1137.0,1150,0.8,0.9886956521739131,1
2026-09-24T11:20:51Z,shippingservice,18.0,770,0.8,0.023376623376623377,0
2026-09-24T11:20:51Z,currencyservice,315.0,770,0.8,0.4090909090909091,0
2026-09-24T11:20:51Z,emailservice,53.0,155,0.8,0.3419354838709677,0
2026-09-24T11:20:51Z,adservice,63.0,1150,0.8,0.05478260869565217,0
2026-09-24T11:20:51Z,redis-cart,31.0,540,0.8,0.05740740740740741,0
2026-09-24T11:20:52Z,frontend,280.0,1150,0.8,0.24347826086956523,0
2026-09-24T11:20:52Z,cartservice,401.0,1920,0.95,0.20885416666666667,0
2026-09-24T11:20:52Z,checkoutservice,304.0,615,0.8,0.4943089430894309,0
2026-09-24T11:20:52Z,productcatalogservice,357.0,1535,0.95,0.23257328990228013,0
2026-09-24T11:20:52Z,paymentservice,11.0,155,0.8,0.07096774193548387,0
2026-09-24T11:20:52Z,recommendationservice,1137.0,1150,0.8,0.9886956521739131,1
2026-09-24T11:20:52Z,shippingservice,29.0,770,0.8,0.03766233766233766,0
2026-09-24T11:20:52Z,currencyservice,315.0,770,0.8,0.4090909090909091,0
2026-09-24T11:20:52Z,emailservice,17.0,155,0.8,0.10967741935483871,0
2026-09-24T11:20:52Z,adservice,51.0,1150,0.8,0.04434782608695652,0
2026-09-24T11:20:52Z,redis-cart,29.0,540,0.8,0.053703703703703705,0
2026-09-24T11:20:53Z,frontend,272.0,1150,0.8,0.23652173913043478,0
2026-09-24T11:20:53Z,cartservice,395.0,1920,0.95,0.20572916666666666,0
2026-09-24T11:20:53Z,checkoutservice,304.0,615,0.8,0.4943089430894309,0
2026-09-24T11:20:53Z,productcatalogservice,357.0,1535,0.95,0.23257328990228013,0
2026-09-24T11:20:53Z,paymentservice,15.0,155,0.8,0.0967741935483871,0
2026-09-24T11:20:53Z,recommendationservice,1158.0,1150,0.8,1.0069565217391305,1
2026-09-24T11:20:53Z,shippingservice,47.0,770,0.8,0.06103896103896104,0
2026-09-24T11:20:53Z,currencyservice,300.0,770,0.8,0.38961038961038963,0
2026-09-24T11:20:53Z,emailservice,17.0,155,0.8,0.10967741935483871,0
2026-09-24T11:20:53Z,adservice,51.0,1150,0.8,0.04434782608695652,0
2026-09-24T11:20:53Z,redis-cart,30.0,540,0.8,0.05555555555555555,0
2026-09-24T11:20:54Z,frontend,239.25,1150,0.8,0.20804347826086955,0
2026-09-24T11:20:54Z,cartservice,395.0,1920,0.95,0.20572916666666666,0
2026-09-24T11:20:54Z,checkoutservice,244.0,615,0.8,0.3967479674796748,0
2026-09-24T11:20:54Z,productcatalogservice,397.0,1535,0.95,0.2586319218241042,0
2026-09-24T11:20:54Z,paymentservice,15.0,155,0.8,0.0967741935483871,0
2026-09-24T11:20:54Z,recommendationservice,1137.0,1150,0.8,0.9886956521739131,1
2026-09-24T11:20:54Z,shippingservice,47.0,770,0.8,0.06103896103896104,0
2026-09-24T11:20:54Z,currencyservice,300.0,770,0.8,0.38961038961038963,0
2026-09-24T11:20:54Z,emailservice,39.0,155,0.8,0.25161290322580643,0
2026-09-24T11:20:54Z,adservice,52.0,1150,0.8,0.04521739130434783,0
2026-09-24T11:20:54Z,redis-cart,30.0,540,0.8,0.05555555555555555,0
2026-09-24T11:20:55Z,frontend,279.0,1150,0.8,0.2426086956521739,0
2026-09-24T11:20:55Z,cartservice,426.0,1920,0.95,0.221875,0
2026-09-24T11:20:55Z,checkoutservice,244.0,615,0.8,0.3967479674796748,0
2026-09-24T11:20:55Z,productcatalogservice,353.0,1535,0.95,0.22996742671009773,0
2026-09-24T11:20:55Z,paymentservice,14.0,155,0.8,0.09032258064516129,0
2026-09-24T11:20:55Z,recommendationservice,1139.0,1150,0.8,0.9904347826086957,1
2026-09-24T11:20:55Z,shippingservice,33.0,770,0.8,0.04285714285714286,0
2026-09-24T11:20:55Z,currencyservice,331.0,770,0.8,0.42987012987012985,0
2026-09-24T11:20:55Z,emailservice,39.0,155,0.8,0.25161290322580643,0
2026-09-24T11:20:55Z,adservice,52.0,1150,0.8,0.04521739130434783,0
2026-09-24T11:20:55Z,redis-cart,31.0,540,0.8,0.05740740740740741,0
2026-09-24T11:20:56Z,frontend,253.25,1150,0.8,0.22021739130434784,0
2026-09-24T11:20:56Z,cartservice,424.0,1920,0.95,0.22083333333333333,0
2026-09-24T11:20:56Z,checkoutservice,269.0,615,0.8,0.4373983739837398,0
2026-09-24T11:20:56Z,productcatalogservice,353.0,1535,0.95,0.22996742671009773,0
2026-09-24T11:20:56Z,paymentservice,16.0,155,0.8,0.1032258064516129,0
2026-09-24T11:20:56Z,recommendationservice,1139.0,1150,0.8,0.9904347826086957,1
2026-09-24T11:20:56Z,shippingservice,33.0,770,0.8,0.04285714285714286,0
2026-09-24T11:20:56Z,currencyservice,331.0,770,0.8,0.42987012987012985,0
2026-09-24T11:20:56Z,emailservice,47.0,155,0.8,0.3032258064516129,0
2026-09-24T11:20:56Z,adservice,78.0,1150,0.8,0.06782608695652174,0
2026-09-24T11:20:56Z,redis-cart,33.0,540,0.8,0.06111111111111111,0
2026-09-24T11:20:57Z,frontend,223.0,1150,0.8,0.19391304347826088,0
2026-09-24T11:20:57Z,cartservice,424.0,1920,0.95,0.22083333333333333,0
2026-09-24T11:20:57Z,checkoutservice,269.0,615,0.8,0.4373983739837398,0
2026-09-24T11:20:57Z,productcatalogservice,353.0,1535,0.95,0.22996742671009773,0
2026-09-24T11:20:57Z,paymentservice,16.0,155,0.8,0.1032258064516129,0
2026-09-24T11:20:57Z,recommendationservice,1149.0,1150,0.8,0.9991304347826087,1
2026-09-24T11:20:57Z,shippingservice,17.0,770,0.8,0.02207792207792208,0
2026-09-24T11:20:57Z,currencyservice,317.0,770,0.8,0.4116883116883117,0
2026-09-24T11:20:57Z,emailservice,15.0,155,0.8,0.0967741935483871,0
2026-09-24T11:20:57Z,adservice,35.0,1150,0.8,0.030434782608695653,0
2026-09-24T11:20:57Z,redis-cart,33.0,540,0.8,0.06111111111111111,0
2026-09-24T11:20:58Z,frontend,239.0,1150,0.8,0.20782608695652174,0
2026-09-24T11:20:58Z,cartservice,425.0,1920,0.95,0.22135416666666666,0
2026-09-24T11:20:58Z,checkoutservice,131.0,615,0.8,0.21300813008130082,0
2026-09-24T11:20:58Z,productcatalogservice,353.0,1535,0.95,0.22996742671009773,0
2026-09-24T11:20:58Z,paymentservice,6.0,155,0.8,0.03870967741935484,0
2026-09-24T11:20:58Z,recommendationservice,1149.0,1150,0.8,0.9991304347826087,1
2026-09-24T11:20:58Z,shippingservice,17.0,770,0.8,0.02207792207792208,0
2026-09-24T11:20:58Z,currencyservice,317.0,770,0.8,0.4116883116883117,0
2026-09-24T11:20:58Z,emailservice,15.0,155,0.8,0.0967741935483871,0
2026-09-24T11:20:58Z,adservice,35.0,1150,0.8,0.030434782608695653,0
2026-09-24T11:20:58Z,redis-cart,30.0,540,0.8,0.05555555555555555,0
2026-09-24T11:20:59Z,frontend,287.75,1150,0.8,0.25021739130434784,0
2026-09-24T11:20:59Z,cartservice,425.0,1920,0.95,0.22135416666666666,0
2026-09-24T11:20:59Z,checkoutservice,131.0,615,0.8,0.21300813008130082,0
2026-09-24T11:20:59Z,productcatalogservice,374.0,1535,0.95,0.24364820846905538,0
2026-09-24T11:20:59Z,paymentservice,6.0,155,0.8,0.03870967741935484,0
2026-09-24T11:20:59Z,recommendationservice,1149.0,1150,0.8,0.9991304347826087,1
2026-09-24T11:20:59Z,shippingservice,68.0,770,0.8,0.08831168831168831,0
2026-09-24T11:20:59Z,currencyservice,295.0,770,0.8,0.38311688311688313,0
2026-09-24T11:20:59Z,emailservice,17.0,155,0.8,0.10967741935483871,0
2026-09-24T11:20:59Z,adservice,59.0,1150,0.8,0.051304347826086956,0
2026-09-24T11:20:59Z,redis-cart,32.0,540,0.8,0.05925925925925926,0
2026-09-24T11:21:00Z,frontend,230.75,1150,0.8,0.2006521739130435,0
2026-09-24T11:21:00Z,cartservice,437.0,1920,0.95,0.22760416666666666,0
2026-09-24T11:21:00Z,checkoutservice,205.0,615,0.8,0.3333333333333333,0
2026-09-24T11:21:00Z,productcatalogservice,335.0,1535,0.95,0.2182410423452769,0
2026-09-24T11:21:00Z,paymentservice,11.0,155,0.8,0.07096774193548387,0
2026-09-24T11:21:00Z,recommendationservice,1148.0,1150,0.8,0.9982608695652174,1
2026-09-24T11:21:00Z,shippingservice,0.0,770,0.8,0.0,0
2026-09-24T11:21:00Z,currencyservice,321.0,770,0.8,0.41688311688311686,0
2026-09-24T11:21:00Z,emailservice,46.0,155,0.8,0.2967741935483871,0
2026-09-24T11:21:00Z,adservice,51.0,1150,0.8,0.04434782608695652,0
2026-09-24T11:21:00Z,redis-cart,32.0,540,0.8,0.05925925925925926,0
2026-09-24T11:21:01Z,frontend,226.75,1150,0.8,0.19717391304347825,0
2026-09-24T11:21:01Z,cartservice,350.0,1920,0.95,0.18229166666666666,0
2026-09-24T11:21:01Z,checkoutservice,5.0,615,0.8,0.008130081300813009,0
2026-09-24T11:21:01Z,productcatalogservice,335.0,1535,0.95,0.2182410423452769,0
2026-09-24T11:21:01Z,paymentservice,29.0,155,0.8,0.1870967741935484,0
2026-09-24T11:21:01Z,recommendationservice,1154.0,1150,0.8,1.0034782608695652,1
2026-09-24T11:21:01Z,shippingservice,0.0,770,0.8,0.0,0
2026-09-24T11:21:01Z,currencyservice,321.0,770,0.8,0.41688311688311686,0
2026-09-24T11:21:01Z,emailservice,46.0,155,0.8,0.2967741935483871,0
2026-09-24T11:21:01Z,adservice,37.0,1150,0.8,0.03217391304347826,0
2026-09-24T11:21:01Z,redis-cart,30.0,540,0.8,0.05555555555555555,0
2026-09-24T11:21:02Z,frontend,250.0,1150,0.8,0.21739130434782608,0
2026-09-24T11:21:02Z,cartservice,423.0,1920,0.95,0.2203125,0
2026-09-24T11:21:02Z,checkoutservice,161.0,615,0.8,0.26178861788617885,0
2026-09-24T11:21:02Z,productcatalogservice,367.0,1535,0.95,0.23908794788273616,0
2026-09-24T11:21:02Z,paymentservice,13.0,155,0.8,0.08387096774193549,0
2026-09-24T11:21:02Z,recommendationservice,1121.0,1150,0.8,0.9747826086956521,1
2026-09-24T11:21:02Z,shippingservice,17.0,770,0.8,0.02207792207792208,0
2026-09-24T11:21:02Z,currencyservice,342.0,770,0.8,0.44415584415584414,0
2026-09-24T11:21:02Z,emailservice,13.0,155,0.8,0.08387096774193549,0
2026-09-24T11:21:02Z,adservice,37.0,1150,0.8,0.03217391304347826,0
2026-09-24T11:21:02Z,redis-cart,31.0,540,0.8,0.05740740740740741,0
2026-09-24T11:21:03Z,frontend,242.25,1150,0.8,0.21065217391304347,0
2026-09-24T11:21:03Z,cartservice,459.0,1920,0.95,0.2390625,0
2026-09-24T11:21:03Z,checkoutservice,161.0,615,0.8,0.26178861788617885,0
2026-09-24T11:21:03Z,productcatalogservice,360.0,1535,0.95,0.23452768729641693,0
2026-09-24T11:21:03Z,paymentservice,10.0,155,0.8,0.06451612903225806,0
2026-09-24T11:21:03Z,recommendationservice,1155.0,1150,0.8,1.0043478260869565,1
2026-09-24T11:21:03Z,shippingservice,44.0,770,0.8,0.05714285714285714,0
2026-09-24T11:21:03Z,currencyservice,342.0,770,0.8,0.44415584415584414,0
2026-09-24T11:21:03Z,emailservice,13.0,155,0.8,0.08387096774193549,0
2026-09-24T11:21:03Z,adservice,70.0,1150,0.8,0.06086956521739131,0
2026-09-24T11:21:03Z,redis-cart,31.0,540,0.8,0.05740740740740741,0
2026-09-24T11:21:04Z,frontend,217.5,1150,0.8,0.1891304347826087,0
2026-09-24T11:21:04Z,cartservice,459.0,1920,0.95,0.2390625,0
2026-09-24T11:21:04Z,checkoutservice,232.0,615,0.8,0.3772357723577236,0
2026-09-24T11:21:04Z,productcatalogservice,360.0,1535,0.95,0.23452768729641693,0
2026-09-24T11:21:04Z,paymentservice,10.0,155,0.8,0.06451612903225806,0
2026-09-24T11:21:04Z,recommendationservice,1155.0,1150,0.8,1.0043478260869565,1
2026-09-24T11:21:04Z,shippingservice,44.0,770,0.8,0.05714285714285714,0
2026-09-24T11:21:04Z,currencyservice,291.0,770,0.8,0.37792207792207794,0
2026-09-24T11:21:04Z,emailservice,19.0,155,0.8,0.12258064516129032,0
2026-09-24T11:21:04Z,adservice,33.0,1150,0.8,0.028695652173913042,0
2026-09-24T11:21:04Z,redis-cart,31.0,540,0.8,0.05740740740740741,0
2026-09-24T11:21:05Z,frontend,279.25,1150,0.8,0.24282608695652175,0
2026-09-24T11:21:05Z,cartservice,420.0,1920,0.95,0.21875,0
2026-09-24T11:21:05Z,checkoutservice,41.0,615,0.8,0.06666666666666667,0
2026-09-24T11:21:05Z,productcatalogservice,300.0,1535,0.95,0.19543973941368079,0
2026-09-24T11:21:05Z,paymentservice,0.0,155,0.8,0.0,0
2026-09-24T11:21:05Z,recommendationservice,1142.0,1150,0.8,0.9930434782608696,1
2026-09-24T11:21:05Z,shippingservice,0.0,770,0.8,0.0,0
2026-09-24T11:21:05Z,currencyservice,283.0,770,0.8,0.36753246753246754,0
2026-09-24T11:21:05Z,emailservice,37.0,155,0.8,0.23870967741935484,0
2026-09-24T11:21:05Z,adservice,33.0,1150,0.8,0.028695652173913042,0
2026-09-24T11:21:05Z,redis-cart,30.0,540,0.8,0.05555555555555555,0
2026-09-24T11:21:06Z,frontend,264.75,1150,0.8,0.23021739130434782,0
2026-09-24T11:21:06Z,cartservice,420.0,1920,0.95,0.21875,0
2026-09-24T11:21:06Z,checkoutservice,41.0,615,0.8,0.06666666666666667,0
2026-09-24T11:21:06Z,productcatalogservice,300.0,1535,0.95,0.19543973941368079,0
2026-09-24T11:21:06Z,paymentservice,16.0,155,0.8,0.1032258064516129,0
2026-09-24T11:21:06Z,recommendationservice,1142.0,1150,0.8,0.9930434782608696,1
2026-09-24T11:21:06Z,shippingservice,33.0,770,0.8,0.04285714285714286,0
2026-09-24T11:21:06Z,currencyservice,337.0,770,0.8,0.43766233766233764,0
2026-09-24T11:21:06Z,emailservice,38.0,155,0.8,0.24516129032258063,0
2026-09-24T11:21:06Z,adservice,61.0,1150,0.8,0.05304347826086957,0
2026-09-24T11:21:06Z,redis-cart,31.0,540,0.8,0.05740740740740741,0
2026-09-24T11:21:07Z,frontend,272.5,1150,0.8,0.23695652173913043,0
2026-09-24T11:21:07Z,cartservice,430.0,1920,0.95,0.22395833333333334,0
2026-09-24T11:21:07Z,checkoutservice,317.0,615,0.8,0.5154471544715448,0
2026-09-24T11:21:07Z,productcatalogservice,412.0,1535,0.95,0.26840390879478826,0
2026-09-24T11:21:07Z,paymentservice,16.0,155,0.8,0.1032258064516129,0
2026-09-24T11:21:07Z,recommendationservice,1148.0,1150,0.8,0.9982608695652174,1
2026-09-24T11:21:07Z,shippingservice,33.0,770,0.8,0.04285714285714286,0
2026-09-24T11:21:07Z,currencyservice,319.0,770,0.8,0.4142857142857143,0
2026-09-24T11:21:07Z,emailservice,27.0,155,0.8,0.17419354838709677,0
2026-09-24T11:21:07Z,adservice,61.0,1150,0.8,0.05304347826086957,0
2026-09-24T11:21:07Z,redis-cart,31.0,540,0.8,0.05740740740740741,0
2026-09-24T11:21:08Z,frontend,259.0,1150,0.8,0.2252173913043478,0
2026-09-24T11:21:08Z,cartservice,478.0,1920,0.95,0.24895833333333334,0
2026-09-24T11:21:08Z,checkoutservice,210.0,615,0.8,0.34146341463414637,0
2026-09-24T11:21:08Z,productcatalogservice,412.0,1535,0.95,0.26840390879478826,0
2026-09-24T11:21:08Z,paymentservice,11.0,155,0.8,0.07096774193548387,0
2026-09-24T11:21:08Z,recommendationservice,1156.0,1150,0.8,1.0052173913043478,1
2026-09-24T11:21:08Z,shippingservice,59.0,770,0.8,0.07662337662337662,0
2026-09-24T11:21:08Z,currencyservice,319.0,770,0.8,0.4142857142857143,0
2026-09-24T11:21:08Z,emailservice,27.0,155,0.8,0.17419354838709677,0
2026-09-24T11:21:08Z,adservice,44.0,1150,0.8,0.03826086956521739,0
2026-09-24T11:21:08Z,redis-cart,30.0,540,0.8,0.05555555555555555,0
2026-09-24T11:21:09Z,frontend,232.5,1150,0.8,0.20217391304347826,0
2026-09-24T11:21:09Z,cartservice,478.0,1920,0.95,0.24895833333333334,0
2026-09-24T11:21:09Z,checkoutservice,210.0,615,0.8,0.34146341463414637,0
2026-09-24T11:21:09Z,productcatalogservice,382.0,1535,0.95,0.2488599348534202,0
2026-09-24T11:21:09Z,paymentservice,5.0,155,0.8,0.03225806451612903,0
2026-09-24T11:21:09Z,recommendationservice,1143.0,1150,0.8,0.9939130434782608,1
2026-09-24T11:21:09Z,shippingservice,18.0,770,0.8,0.023376623376623377,0
2026-09-24T11:21:09Z,currencyservice,323.0,770,0.8,0.41948051948051945,0
2026-09-24T11:21:09Z,emailservice,18.0,155,0.8,0.11612903225806452,0
2026-09-24T11:21:09Z,adservice,53.0,1150,0.8,0.04608695652173913,0
2026-09-24T11:21:09Z,redis-cart,30.0,540,0.8,0.05555555555555555,0
2026-09-24T11:21:10Z,frontend,241.0,1150,0.8,0.20956521739130435,0
2026-09-24T11:21:10Z,cartservice,425.0,1920,0.95,0.22135416666666666,0
2026-09-24T11:21:10Z,checkoutservice,132.0,615,0.8,0.2146341463414634,0
2026-09-24T11:21:10Z,productcatalogservice,290.0,1535,0.95,0.18892508143322476,0
2026-09-24T11:21:10Z,paymentservice,5.0,155,0.8,0.03225806451612903,0
2026-09-24T11:21:10Z,recommendationservice,1151.0,1150,0.8,1.0008695652173913,1
2026-09-24T11:21:10Z,shippingservice,18.0,770,0.8,0.023376623376623377,0
2026-09-24T11:21:10Z,currencyservice,323.0,770,0.8,0.41948051948051945,0
2026-09-24T11:21:10Z,emailservice,28.0,155,0.8,0.18064516129032257,0
2026-09-24T11:21:10Z,adservice,74.0,1150,0.8,0.06434782608695652,0
2026-09-24T11:21:10Z,redis-cart,29.0,540,0.8,0.053703703703703705,0
2026-09-24T11:21:11Z,frontend,241.5,1150,0.8,0.21,0
2026-09-24T11:21:11Z,cartservice,418.0,1920,0.95,0.21770833333333334,0
2026-09-24T11:21:11Z,checkoutservice,22.0,615,0.8,0.03577235772357724,0
2026-09-24T11:21:11Z,productcatalogservice,347.0,1535,0.95,0.2260586319218241,0
2026-09-24T11:21:11Z,paymentservice,33.0,155,0.8,0.2129032258064516,0
2026-09-24T11:21:11Z,recommendationservice,1151.0,1150,0.8,1.0008695652173913,1
2026-09-24T11:21:11Z,shippingservice,0.0,770,0.8,0.0,0
2026-09-24T11:21:11Z,currencyservice,289.0,770,0.8,0.37532467532467534,0
2026-09-24T11:21:11Z,emailservice,28.0,155,0.8,0.18064516129032257,0
2026-09-24T11:21:11Z,adservice,74.0,1150,0.8,0.06434782608695652,0
2026-09-24T11:21:11Z,redis-cart,28.0,540,0.8,0.05185185185185185,0
2026-09-24T11:21:12Z,frontend,240.5,1150,0.8,0.2091304347826087,0
2026-09-24T11:21:12Z,cartservice,418.0,1920,0.95,0.21770833333333334,0
2026-09-24T11:21:12Z,checkoutservice,22.0,615,0.8,0.03577235772357724,0
2026-09-24T11:21:12Z,productcatalogservice,347.0,1535,0.95,0.2260586319218241,0
2026-09-24T11:21:12Z,paymentservice,14.0,155,0.8,0.09032258064516129,0
2026-09-24T11:21:12Z,recommendationservice,1143.0,1150,0.8,0.9939130434782608,1
2026-09-24T11:21:12Z,shippingservice,0.0,770,0.8,0.0,0
2026-09-24T11:21:12Z,currencyservice,307.0,770,0.8,0.3987012987012987,0
2026-09-24T11:21:12Z,emailservice,20.0,155,0.8,0.12903225806451613,0
2026-09-24T11:21:12Z,adservice,48.0,1150,0.8,0.04173913043478261,0
2026-09-24T11:21:12Z,redis-cart,28.0,540,0.8,0.05185185185185185,0
2026-09-24T11:21:13Z,frontend,283.0,1150,0.8,0.24608695652173912,0
2026-09-24T11:21:13Z,cartservice,475.0,1920,0.95,0.24739583333333334,0
2026-09-24T11:21:13Z,checkoutservice,345.0,615,0.8,0.5609756097560976,0
2026-09-24T11:21:13Z,productcatalogservice,381.0,1535,0.95,0.24820846905537458,0
2026-09-24T11:21:13Z,paymentservice,16.0,155,0.8,0.1032258064516129,0
2026-09-24T11:21:13Z,recommendationservice,1156.0,1150,0.8,1.0052173913043478,1
2026-09-24T11:21:13Z,shippingservice,63.0,770,0.8,0.08181818181818182,0
2026-09-24T11:21:13Z,currencyservice,307.0,770,0.8,0.3987012987012987,0
2026-09-24T11:21:13Z,emailservice,20.0,155,0.8,0.12903225806451613,0
2026-09-24T11:21:13Z,adservice,48.0,1150,0.8,0.04173913043478261,0
2026-09-24T11:21:13Z,redis-cart,34.0,540,0.8,0.06296296296296296,0
2026-09-24T11:21:14Z,frontend,261.5,1150,0.8,0.2273913043478261,0
2026-09-24T11:21:14Z,cartservice,475.0,1920,0.95,0.24739583333333334,0
2026-09-24T11:21:14Z,checkoutservice,345.0,615,0.8,0.5609756097560976,0
2026-09-24T11:21:14Z,productcatalogservice,379.0,1535,0.95,0.2469055374592834,0
2026-09-24T11:21:14Z,paymentservice,16.0,155,0.8,0.1032258064516129,0
2026-09-24T11:21:14Z,recommendationservice,1156.0,1150,0.8,1.0052173913043478,1
2026-09-24T11:21:14Z,shippingservice,30.0,770,0.8,0.03896103896103896,0
2026-09-24T11:21:14Z,currencyservice,340.0,770,0.8,0.44155844155844154,0
2026-09-24T11:21:14Z,emailservice,33.0,155,0.8,0.2129032258064516,0
2026-09-24T11:21:14Z,adservice,88.0,1150,0.8,0.07652173913043478,0
2026-09-24T11:21:14Z,redis-cart,34.0,540,0.8,0.06296296296296296,0
2026-09-24T11:21:15Z,frontend,226.25,1150,0.8,0.1967391304347826,0
2026-09-24T11:21:15Z,cartservice,406.0,1920,0.95,0.21145833333333333,0
2026-09-24T11:21:15Z,checkoutservice,379.0,615,0.8,0.616260162601626,0
2026-09-24T11:21:15Z,productcatalogservice,350.0,1535,0.95,0.2280130293159609,0
2026-09-24T11:21:15Z,paymentservice,23.0,155,0.8,0.14838709677419354,0
2026-09-24T11:21:15Z,recommendationservice,1127.0,1150,0.8,0.98,1
2026-09-24T11:21:15Z,shippingservice,40.0,770,0.8,0.05194805194805195,0
2026-09-24T11:21:15Z,currencyservice,335.0,770,0.8,0.43506493506493504,0
2026-09-24T11:21:15Z,emailservice,59.0,155,0.8,0.38064516129032255,0
2026-09-24T11:21:15Z,adservice,88.0,1150,0.8,0.07652173913043478,0
2026-09-24T11:21:15Z,redis-cart,30.0,540,0.8,0.05555555555555555,0
2026-09-24T11:21:16Z,frontend,234.0,1150,0.8,0.20347826086956522,0
2026-09-24T11:21:16Z,cartservice,406.0,1920,0.95,0.21145833333333333,0
2026-09-24T11:21:16Z,checkoutservice,60.0,615,0.8,0.0975609756097561,0
2026-09-24T11:21:16Z,productcatalogservice,350.0,1535,0.95,0.2280130293159609,0
2026-09-24T11:21:16Z,paymentservice,0.0,155,0.8,0.0,0
2026-09-24T11:21:16Z,recommendationservice,1127.0,1150,0.8,0.98,1
2026-09-24T11:21:16Z,shippingservice,40.0,770,0.8,0.05194805194805195,0
2026-09-24T11:21:16Z,currencyservice,227.0,770,0.8,0.2948051948051948,0
2026-09-24T11:21:16Z,emailservice,59.0,155,0.8,0.38064516129032255,0
2026-09-24T11:21:16Z,adservice,47.0,1150,0.8,0.0408695652173913,0
2026-09-24T11:21:16Z,redis-cart,26.0,540,0.8,0.04814814814814815,0
2026-09-24T11:21:17Z,frontend,229.5,1150,0.8,0.19956521739130434,0
2026-09-24T11:21:17Z,cartservice,369.0,1920,0.95,0.1921875,0
2026-09-24T11:21:17Z,checkoutservice,0.0,615,0.8,0.0,0
2026-09-24T11:21:17Z,productcatalogservice,281.0,1535,0.95,0.18306188925081432,0
2026-09-24T11:21:17Z,paymentservice,0.0,155,0.8,0.0,0
2026-09-24T11:21:17Z,recommendationservice,1148.0,1150,0.8,0.9982608695652174,1
2026-09-24T11:21:17Z,shippingservice,0.0,770,0.8,0.0,0
2026-09-24T11:21:17Z,currencyservice,227.0,770,0.8,0.2948051948051948,0
2026-09-24T11:21:17Z,emailservice,0.0,155,0.8,0.0,0
2026-09-24T11:21:17Z,adservice,32.0,1150,0.8,0.02782608695652174,0
2026-09-24T11:21:17Z,redis-cart,32.0,540,0.8,0.05925925925925926,0
2026-09-24T11:21:18Z,frontend,229.0,1150,0.8,0.1991304347826087,0
2026-09-24T11:21:18Z,cartservice,461.0,1920,0.95,0.24010416666666667,0
2026-09-24T11:21:18Z,checkoutservice,0.0,615,0.8,0.0,0
2026-09-24T11:21:18Z,productcatalogservice,336.0,1535,0.95,0.21889250814332248,0
2026-09-24T11:21:18Z,paymentservice,0.0,155,0.8,0.0,0
2026-09-24T11:21:18Z,recommendationservice,1149.0,1150,0.8,0.9991304347826087,1
2026-09-24T11:21:18Z,shippingservice,26.0,770,0.8,0.033766233766233764,0
2026-09-24T11:21:18Z,currencyservice,283.0,770,0.8,0.36753246753246754,0
2026-09-24T11:21:18Z,emailservice,0.0,155,0.8,0.0,0
2026-09-24T11:21:18Z,adservice,32.0,1150,0.8,0.02782608695652174,0
2026-09-24T11:21:18Z,redis-cart,32.0,540,0.8,0.05925925925925926,0
2026-09-24T11:21:19Z,frontend,227.25,1150,0.8,0.19760869565217393,0
2026-09-24T11:21:19Z,cartservice,422.0,1920,0.95,0.21979166666666666,0
2026-09-24T11:21:19Z,checkoutservice,98.0,615,0.8,0.15934959349593497,0
2026-09-24T11:21:19Z,productcatalogservice,336.0,1535,0.95,0.21889250814332248,0
2026-09-24T11:21:19Z,paymentservice,24.0,155,0.8,0.15483870967741936,0
2026-09-24T11:21:19Z,recommendationservice,1145.0,1150,0.8,0.9956521739130435,1
2026-09-24T11:21:19Z,shippingservice,26.0,770,0.8,0.033766233766233764,0
2026-09-24T11:21:19Z,currencyservice,283.0,770,0.8,0.36753246753246754,0
2026-09-24T11:21:19Z,emailservice,13.0,155,0.8,0.08387096774193549,0
2026-09-24T11:21:19Z,adservice,57.0,1150,0.8,0.049565217391304345,0
2026-09-24T11:21:19Z,redis-cart,29.0,540,0.8,0.053703703703703705,0
2026-09-24T11:21:20Z,frontend,295.5,1150,0.8,0.2569565217391304,0
2026-09-24T11:21:20Z,cartservice,422.0,1920,0.95,0.21979166666666666,0
2026-09-24T11:21:20Z,checkoutservice,539.0,615,0.8,0.8764227642276423,1
2026-09-24T11:21:20Z,productcatalogservice,423.0,1535,0.95,0.2755700325732899,0
2026-09-24T11:21:20Z,paymentservice,24.0,155,0.8,0.15483870967741936,0
2026-09-24T11:21:20Z,recommendationservice,1145.0,1150,0.8,0.9956521739130435,1
2026-09-24T11:21:20Z,shippingservice,57.0,770,0.8,0.07402597402597402,0
2026-09-24T11:21:20Z,currencyservice,337.0,770,0.8,0.43766233766233764,0
2026-09-24T11:21:20Z,emailservice,13.0,155,0.8,0.08387096774193549,0
2026-09-24T11:21:20Z,adservice,57.0,1150,0.8,0.049565217391304345,0
2026-09-24T11:21:20Z,redis-cart,34.0,540,0.8,0.06296296296296296,0
2026-09-24T11:21:21Z,frontend,311.25,1150,0.8,0.27065217391304347,0
2026-09-24T11:21:21Z,cartservice,454.0,1920,0.95,0.23645833333333333,0
2026-09-24T11:21:21Z,checkoutservice,13.0,615,0.8,0.02113821138211382,0
2026-09-24T11:21:21Z,productcatalogservice,423.0,1535,0.95,0.2755700325732899,0
2026-09-24T11:21:21Z,paymentservice,50.0,155,0.8,0.3225806451612903,0
2026-09-24T11:21:21Z,recommendationservice,1146.0,1150,0.8,0.9965217391304347,1
2026-09-24T11:21:21Z,shippingservice,11.0,770,0.8,0.014285714285714285,0
2026-09-24T11:21:21Z,currencyservice,330.0,770,0.8,0.42857142857142855,0
2026-09-24T11:21:21Z,emailservice,55.0,155,0.8,0.3548387096774194,0
2026-09-24T11:21:21Z,adservice,60.0,1150,0.8,0.05217391304347826,0
2026-09-24T11:21:21Z,redis-cart,30.0,540,0.8,0.05555555555555555,0
2026-09-24T11:21:22Z,frontend,226.0,1150,0.8,0.19652173913043477,0
2026-09-24T11:21:22Z,cartservice,387.0,1920,0.95,0.2015625,0
2026-09-24T11:21:22Z,checkoutservice,13.0,615,0.8,0.02113821138211382,0
2026-09-24T11:21:22Z,productcatalogservice,377.0,1535,0.95,0.24560260586319219,0
2026-09-24T11:21:22Z,paymentservice,0.0,155,0.8,0.0,0
2026-09-24T11:21:22Z,recommendationservice,1153.0,1150,0.8,1.0026086956521738,1
2026-09-24T11:21:22Z,shippingservice,11.0,770,0.8,0.014285714285714285,0
2026-09-24T11:21:22Z,currencyservice,260.0,770,0.8,0.33766233766233766,0
2026-09-24T11:21:22Z,emailservice,55.0,155,0.8,0.3548387096774194,0
2026-09-24T11:21:22Z,adservice,29.0,1150,0.8,0.025217391304347827,0
2026-09-24T11:21:22Z,redis-cart,30.0,540,0.8,0.05555555555555555,0
2026-09-24T11:21:23Z,frontend,263.25,1150,0.8,0.22891304347826086,0
2026-09-24T11:21:23Z,cartservice,387.0,1920,0.95,0.2015625,0
2026-09-24T11:21:23Z,checkoutservice,44.0,615,0.8,0.07154471544715447,0
2026-09-24T11:21:23Z,productcatalogservice,352.0,1535,0.95,0.2293159609120521,0
2026-09-24T11:21:23Z,paymentservice,0.0,155,0.8,0.0,0
2026-09-24T11:21:23Z,recommendationservice,1153.0,1150,0.8,1.0026086956521738,1
2026-09-24T11:21:23Z,shippingservice,13.0,770,0.8,0.016883116883116882,0
2026-09-24T11:21:23Z,currencyservice,260.0,770,0.8,0.33766233766233766,0
2026-09-24T11:21:23Z,emailservice,0.0,155,0.8,0.0,0
2026-09-24T11:21:23Z,adservice,29.0,1150,0.8,0.025217391304347827,0
2026-09-24T11:21:23Z,redis-cart,29.0,540,0.8,0.053703703703703705,0
2026-09-24T11:21:24Z,frontend,257.25,1150,0.8,0.22369565217391305,0
2026-09-24T11:21:24Z,cartservice,447.0,1920,0.95,0.2328125,0
2026-09-24T11:21:24Z,checkoutservice,179.0,615,0.8,0.2910569105691057,0
2026-09-24T11:21:24Z,productcatalogservice,352.0,1535,0.95,0.2293159609120521,0
2026-09-24T11:21:24Z,paymentservice,0.0,155,0.8,0.0,0
2026-09-24T11:21:24Z,recommendationservice,1134.0,1150,0.8,0.9860869565217392,1
2026-09-24T11:21:24Z,shippingservice,13.0,770,0.8,0.016883116883116882,0
2026-09-24T11:21:24Z,currencyservice,318.0,770,0.8,0.412987012987013,0
2026-09-24T11:21:24Z,emailservice,26.0,155,0.8,0.16774193548387098,0
2026-09-24T11:21:24Z,adservice,49.0,1150,0.8,0.042608695652173914,0
2026-09-24T11:21:24Z,redis-cart,29.0,540,0.8,0.053703703703703705,0
2026-09-24T11:21:25Z,frontend,272.5,1150,0.8,0.23695652173913043,0
2026-09-24T11:21:25Z,cartservice,394.0,1920,0.95,0.20520833333333333,0
2026-09-24T11:21:25Z,checkoutservice,179.0,615,0.8,0.2910569105691057,0
2026-09-24T11:21:25Z,productcatalogservice,333.0,1535,0.95,0.21693811074918568,0
2026-09-24T11:21:25Z,paymentservice,12.0,155,0.8,0.07741935483870968,0
2026-09-24T11:21:25Z,recommendationservice,1127.0,1150,0.8,0.98,1
2026-09-24T11:21:25Z,shippingservice,24.0,770,0.8,0.03116883116883117,0
2026-09-24T11:21:25Z,currencyservice,340.0,770,0.8,0.44155844155844154,0
2026-09-24T11:21:25Z,emailservice,56.0,155,0.8,0.36129032258064514,0
2026-09-24T11:21:25Z,adservice,77.0,1150,0.8,0.06695652173913043,0
2026-09-24T11:21:25Z,redis-cart,31.0,540,0.8,0.05740740740740741,0
2026-09-24T11:21:26Z,frontend,263.5,1150,0.8,0.2291304347826087,0
2026-09-24T11:21:26Z,cartservice,394.0,1920,0.95,0.20520833333333333,0
2026-09-24T11:21:26Z,checkoutservice,171.0,615,0.8,0.2780487804878049,0
2026-09-24T11:21:26Z,productcatalogservice,319.0,1535,0.95,0.20781758957654722,0
2026-09-24T11:21:26Z,paymentservice,3.0,155,0.8,0.01935483870967742,0
2026-09-24T11:21:26Z,recommendationservice,1149.0,1150,0.8,0.9991304347826087,1
2026-09-24T11:21:26Z,shippingservice,17.0,770,0.8,0.02207792207792208,0
2026-09-24T11:21:26Z,currencyservice,265.0,770,0.8,0.34415584415584416,0
2026-09-24T11:21:26Z,emailservice,0.0,155,0.8,0.0,0
2026-09-24T11:21:26Z,adservice,77.0,1150,0.8,0.06695652173913043,0
2026-09-24T11:21:26Z,redis-cart,29.0,540,0.8,0.053703703703703705,0
2026-09-24T11:21:27Z,frontend,231.5,1150,0.8,0.20130434782608694,0
2026-09-24T11:21:27Z,cartservice,433.0,1920,0.95,0.22552083333333334,0
2026-09-24T11:21:27Z,checkoutservice,171.0,615,0.8,0.2780487804878049,0
2026-09-24T11:21:27Z,productcatalogservice,319.0,1535,0.95,0.20781758957654722,0
2026-09-24T11:21:27Z,paymentservice,3.0,155,0.8,0.01935483870967742,0
2026-09-24T11:21:27Z,recommendationservice,1149.0,1150,0.8,0.9991304347826087,1
2026-09-24T11:21:27Z,shippingservice,0.0,770,0.8,0.0,0
2026-09-24T11:21:27Z,currencyservice,265.0,770,0.8,0.34415584415584416,0
2026-09-24T11:21:27Z,emailservice,0.0,155,0.8,0.0,0
2026-09-24T11:21:27Z,adservice,30.0,1150,0.8,0.02608695652173913,0
2026-09-24T11:21:27Z,redis-cart,31.0,540,0.8,0.05740740740740741,0
2026-09-24T11:21:28Z,frontend,245.25,1150,0.8,0.2132608695652174,0
2026-09-24T11:21:28Z,cartservice,462.0,1920,0.95,0.240625,0
2026-09-24T11:21:28Z,checkoutservice,6.0,615,0.8,0.00975609756097561,0
2026-09-24T11:21:28Z,productcatalogservice,301.0,1535,0.95,0.19609120521172638,0
2026-09-24T11:21:28Z,paymentservice,0.0,155,0.8,0.0,0
2026-09-24T11:21:28Z,recommendationservice,1157.0,1150,0.8,1.0060869565217392,1
2026-09-24T11:21:28Z,shippingservice,0.0,770,0.8,0.0,0
2026-09-24T11:21:28Z,currencyservice,274.0,770,0.8,0.35584415584415585,0
2026-09-24T11:21:28Z,emailservice,0.0,155,0.8,0.0,0
2026-09-24T11:21:28Z,adservice,30.0,1150,0.8,0.02608695652173913,0
2026-09-24T11:21:28Z,redis-cart,31.0,540,0.8,0.05740740740740741,0
2026-09-24T11:21:29Z,frontend,217.5,1150,0.8,0.1891304347826087,0
2026-09-24T11:21:29Z,cartservice,462.0,1920,0.95,0.240625,0
2026-09-24T11:21:29Z,checkoutservice,4.0,615,0.8,0.0065040650406504065,0
2026-09-24T11:21:29Z,productcatalogservice,301.0,1535,0.95,0.19609120521172638,0
2026-09-24T11:21:29Z,paymentservice,0.0,155,0.8,0.0,0
2026-09-24T11:21:29Z,recommendationservice,1157.0,1150,0.8,1.0060869565217392,1
2026-09-24T11:21:29Z,shippingservice,32.0,770,0.8,0.04155844155844156,0
2026-09-24T11:21:29Z,currencyservice,274.0,770,0.8,0.35584415584415585,0
2026-09-24T11:21:29Z,emailservice,11.0,155,0.8,0.07096774193548387,0
2026-09-24T11:21:29Z,adservice,31.0,1150,0.8,0.026956521739130435,0
2026-09-24T11:21:29Z,redis-cart,31.0,540,0.8,0.05740740740740741,0
2026-09-24T11:21:30Z,frontend,228.75,1150,0.8,0.19891304347826086,0
2026-09-24T11:21:30Z,cartservice,417.0,1920,0.95,0.2171875,0
2026-09-24T11:21:30Z,checkoutservice,248.0,615,0.8,0.4032520325203252,0
2026-09-24T11:21:30Z,productcatalogservice,322.0,1535,0.95,0.20977198697068403,0
2026-09-24T11:21:30Z,paymentservice,0.0,155,0.8,0.0,0
2026-09-24T11:21:30Z,recommendationservice,1153.0,1150,0.8,1.0026086956521738,1
2026-09-24T11:21:30Z,shippingservice,25.0,770,0.8,0.032467532467532464,0
2026-09-24T11:21:30Z,currencyservice,297.0,770,0.8,0.38571428571428573,0
2026-09-24T11:21:30Z,emailservice,11.0,155,0.8,0.07096774193548387,0
2026-09-24T11:21:30Z,adservice,37.0,1150,0.8,0.03217391304347826,0
2026-09-24T11:21:30Z,redis-cart,30.0,540,0.8,0.05555555555555555,0
2026-09-24T11:21:31Z,frontend,280.0,1150,0.8,0.24347826086956523,0
2026-09-24T11:21:31Z,cartservice,439.0,1920,0.95,0.22864583333333333,0
2026-09-24T11:21:31Z,checkoutservice,248.0,615,0.8,0.4032520325203252,0
2026-09-24T11:21:31Z,productcatalogservice,322.0,1535,0.95,0.20977198697068403,0
2026-09-24T11:21:31Z,paymentservice,0.0,155,0.8,0.0,0
2026-09-24T11:21:31Z,recommendationservice,1153.0,1150,0.8,1.0026086956521738,1
2026-09-24T11:21:31Z,shippingservice,25.0,770,0.8,0.032467532467532464,0
2026-09-24T11:21:31Z,currencyservice,319.0,770,0.8,0.4142857142857143,0
2026-09-24T11:21:31Z,emailservice,59.0,155,0.8,0.38064516129032255,0
2026-09-24T11:21:31Z,adservice,64.0,1150,0.8,0.05565217391304348,0
2026-09-24T11:21:31Z,redis-cart,30.0,540,0.8,0.05555555555555555,0
2026-09-24T11:21:32Z,frontend,288.5,1150,0.8,0.2508695652173913,0
2026-09-24T11:21:32Z,cartservice,441.0,1920,0.95,0.2296875,0
2026-09-24T11:21:32Z,checkoutservice,54.0,615,0.8,0.08780487804878048,0
2026-09-24T11:21:32Z,productcatalogservice,383.0,1535,0.95,0.2495114006514658,0
2026-09-24T11:21:32Z,paymentservice,37.0,155,0.8,0.23870967741935484,0
2026-09-24T11:21:32Z,recommendationservice,1128.0,1150,0.8,0.9808695652173913,1
2026-09-24T11:21:32Z,shippingservice,5.0,770,0.8,0.006493506493506494,0
2026-09-24T11:21:32Z,currencyservice,298.0,770,0.8,0.38701298701298703,0
2026-09-24T11:21:32Z,emailservice,0.0,155,0.8,0.0,0
2026-09-24T11:21:32Z,adservice,64.0,1150,0.8,0.05565217391304348,0
2026-09-24T11:21:32Z,redis-cart,32.0,540,0.8,0.05925925925925926,0
2026-09-24T11:21:33Z,frontend,249.0,1150,0.8,0.2165217391304348,0
2026-09-24T11:21:33Z,cartservice,441.0,1920,0.95,0.2296875,0
2026-09-24T11:21:33Z,checkoutservice,520.0,615,0.8,0.8455284552845529,1
2026-09-24T11:21:33Z,productcatalogservice,402.0,1535,0.95,0.26188925081433223,0
2026-09-24T11:21:33Z,paymentservice,16.0,155,0.8,0.1032258064516129,0
2026-09-24T11:21:33Z,recommendationservice,1147.0,1150,0.8,0.9973913043478261,1
2026-09-24T11:21:33Z,shippingservice,5.0,770,0.8,0.006493506493506494,0
2026-09-24T11:21:33Z,currencyservice,298.0,770,0.8,0.38701298701298703,0
2026-09-24T11:21:33Z,emailservice,0.0,155,0.8,0.0,0
2026-09-24T11:21:33Z,adservice,49.0,1150,0.8,0.042608695652173914,0
2026-09-24T11:21:33Z,redis-cart,32.0,540,0.8,0.05925925925925926,0
2026-09-24T11:21:34Z,frontend,312.5,1150,0.8,0.2717391304347826,0
2026-09-24T11:21:34Z,cartservice,467.0,1920,0.95,0.24322916666666666,0
2026-09-24T11:21:34Z,checkoutservice,520.0,615,0.8,0.8455284552845529,1
2026-09-24T11:21:34Z,productcatalogservice,431.0,1535,0.95,0.2807817589576547,0
2026-09-24T11:21:34Z,paymentservice,16.0,155,0.8,0.1032258064516129,0
2026-09-24T11:21:34Z,recommendationservice,1147.0,1150,0.8,0.9973913043478261,1
2026-09-24T11:21:34Z,shippingservice,70.0,770,0.8,0.09090909090909091,0
2026-09-24T11:21:34Z,currencyservice,379.0,770,0.8,0.4922077922077922,0
2026-09-24T11:21:34Z,emailservice,52.0,155,0.8,0.33548387096774196,0
2026-09-24T11:21:34Z,adservice,82.0,1150,0.8,0.07130434782608695,0
2026-09-24T11:21:34Z,redis-cart,34.0,540,0.8,0.06296296296296296,0
2026-09-24T11:21:35Z,frontend,273.25,1150,0.8,0.2376086956521739,0
2026-09-24T11:21:35Z,cartservice,448.0,1920,0.95,0.23333333333333334,0
2026-09-24T11:21:35Z,checkoutservice,234.0,615,0.8,0.3804878048780488,0
2026-09-24T11:21:35Z,productcatalogservice,402.0,1535,0.95,0.26188925081433223,0
2026-09-24T11:21:35Z,paymentservice,15.0,155,0.8,0.0967741935483871,0
2026-09-24T11:21:35Z,recommendationservice,1140.0,1150,0.8,0.991304347826087,1
2026-09-24T11:21:35Z,shippingservice,70.0,770,0.8,0.09090909090909091,0
2026-09-24T11:21:35Z,currencyservice,329.0,770,0.8,0.42727272727272725,0
2026-09-24T11:21:35Z,emailservice,63.0,155,0.8,0.4064516129032258,0
2026-09-24T11:21:35Z,adservice,82.0,1150,0.8,0.07130434782608695,0
2026-09-24T11:21:35Z,redis-cart,34.0,540,0.8,0.06296296296296296,0
2026-09-24T11:21:36Z,frontend,266.5,1150,0.8,0.23173913043478261,0
2026-09-24T11:21:36Z,cartservice,442.0,1920,0.95,0.23020833333333332,0
2026-09-24T11:21:36Z,checkoutservice,455.0,615,0.8,0.7398373983739838,0
2026-09-24T11:21:36Z,productcatalogservice,402.0,1535,0.95,0.26188925081433223,0
2026-09-24T11:21:36Z,paymentservice,21.0,155,0.8,0.13548387096774195,0
2026-09-24T11:21:36Z,recommendationservice,1143.0,1150,0.8,0.9939130434782608,1
2026-09-24T11:21:36Z,shippingservice,34.0,770,0.8,0.04415584415584416,0
2026-09-24T11:21:36Z,currencyservice,329.0,770,0.8,0.42727272727272725,0
2026-09-24T11:21:36Z,emailservice,63.0,155,0.8,0.4064516129032258,0
2026-09-24T11:21:36Z,adservice,62.0,1150,0.8,0.05391304347826087,0
2026-09-24T11:21:36Z,redis-cart,32.0,540,0.8,0.05925925925925926,0
2026-09-24T11:21:37Z,frontend,280.75,1150,0.8,0.2441304347826087,0
2026-09-24T11:21:37Z,cartservice,442.0,1920,0.95,0.23020833333333332,0
2026-09-24T11:21:37Z,checkoutservice,246.0,615,0.8,0.4,0
2026-09-24T11:21:37Z,productcatalogservice,401.0,1535,0.95,0.26123778501628664,0
2026-09-24T11:21:37Z,paymentservice,21.0,155,0.8,0.13548387096774195,0
2026-09-24T11:21:37Z,recommendationservice,1143.0,1150,0.8,0.9939130434782608,1
2026-09-24T11:21:37Z,shippingservice,33.0,770,0.8,0.04285714285714286,0
2026-09-24T11:21:37Z,currencyservice,325.0,770,0.8,0.42207792207792205,0
2026-09-24T11:21:37Z,emailservice,29.0,155,0.8,0.1870967741935484,0
2026-09-24T11:21:37Z,adservice,62.0,1150,0.8,0.05391304347826087,0
2026-09-24T11:21:37Z,redis-cart,32.0,540,0.8,0.05925925925925926,0
2026-09-24T11:21:38Z,frontend,280.75,1150,0.8,0.2441304347826087,0
2026-09-24T11:21:38Z,cartservice,465.0,1920,0.95,0.2421875,0
2026-09-24T11:21:38Z,checkoutservice,246.0,615,0.8,0.4,0
2026-09-24T11:21:38Z,productcatalogservice,421.0,1535,0.95,0.2742671009771987,0
2026-09-24T11:21:38Z,paymentservice,20.0,155,0.8,0.12903225806451613,0
2026-09-24T11:21:38Z,recommendationservice,1128.0,1150,0.8,0.9808695652173913,1
2026-09-24T11:21:38Z,shippingservice,117.0,770,0.8,0.15194805194805194,0
2026-09-24T11:21:38Z,currencyservice,375.0,770,0.8,0.487012987012987,0
2026-09-24T11:21:38Z,emailservice,42.0,155,0.8,0.2709677419354839,0
2026-09-24T11:21:38Z,adservice,62.0,1150,0.8,0.05391304347826087,0
2026-09-24T11:21:38Z,redis-cart,32.0,540,0.8,0.05925925925925926,0
2026-09-24T11:21:39Z,frontend,275.25,1150,0.8,0.2393478260869565,0
2026-09-24T11:21:39Z,cartservice,471.0,1920,0.95,0.2453125,0
2026-09-24T11:21:39Z,checkoutservice,272.0,615,0.8,0.44227642276422763,0
2026-09-24T11:21:39Z,productcatalogservice,421.0,1535,0.95,0.2742671009771987,0
2026-09-24T11:21:39Z,paymentservice,4.0,155,0.8,0.025806451612903226,0
2026-09-24T11:21:39Z,recommendationservice,1156.0,1150,0.8,1.0052173913043478,1
2026-09-24T11:21:39Z,shippingservice,13.0,770,0.8,0.016883116883116882,0
2026-09-24T11:21:39Z,currencyservice,375.0,770,0.8,0.487012987012987,0
2026-09-24T11:21:39Z,emailservice,42.0,155,0.8,0.2709677419354839,0
2026-09-24T11:21:39Z,adservice,68.0,1150,0.8,0.059130434782608696,0
2026-09-24T11:21:39Z,redis-cart,30.0,540,0.8,0.05555555555555555,0
2026-09-24T11:21:40Z,frontend,265.25,1150,0.8,0.2306521739130435,0
2026-09-24T11:21:40Z,cartservice,471.0,1920,0.95,0.2453125,0
2026-09-24T11:21:40Z,checkoutservice,124.0,615,0.8,0.2016260162601626,0
2026-09-24T11:21:40Z,productcatalogservice,341.0,1535,0.95,0.2221498371335505,0
2026-09-24T11:21:40Z,paymentservice,4.0,155,0.8,0.025806451612903226,0
2026-09-24T11:21:40Z,recommendationservice,1139.0,1150,0.8,0.9904347826086957,1
2026-09-24T11:21:40Z,shippingservice,19.0,770,0.8,0.024675324675324677,0
2026-09-24T11:21:40Z,currencyservice,313.0,770,0.8,0.4064935064935065,0
2026-09-24T11:21:40Z,emailservice,33.0,155,0.8,0.2129032258064516,0
2026-09-24T11:21:40Z,adservice,68.0,1150,0.8,0.059130434782608696,0
2026-09-24T11:21:40Z,redis-cart,32.0,540,0.8,0.05925925925925926,0
2026-09-24T11:21:41Z,frontend,246.75,1150,0.8,0.21456521739130435,0
2026-09-24T11:21:41Z,cartservice,405.0,1920,0.95,0.2109375,0
2026-09-24T11:21:41Z,checkoutservice,124.0,615,0.8,0.2016260162601626,0
2026-09-24T11:21:41Z,productcatalogservice,341.0,1535,0.95,0.2221498371335505,0
2026-09-24T11:21:41Z,paymentservice,30.0,155,0.8,0.1935483870967742,0
2026-09-24T11:21:41Z,recommendationservice,1139.0,1150,0.8,0.9904347826086957,1
2026-09-24T11:21:41Z,shippingservice,19.0,770,0.8,0.024675324675324677,0
2026-09-24T11:21:41Z,currencyservice,313.0,770,0.8,0.4064935064935065,0
2026-09-24T11:21:41Z,emailservice,26.0,155,0.8,0.16774193548387098,0
2026-09-24T11:21:41Z,adservice,46.0,1150,0.8,0.04,0
2026-09-24T11:21:41Z,redis-cart,32.0,540,0.8,0.05925925925925926,0
2026-09-24T11:21:42Z,frontend,245.5,1150,0.8,0.21347826086956523,0
2026-09-24T11:21:42Z,cartservice,420.0,1920,0.95,0.21875,0
2026-09-24T11:21:42Z,checkoutservice,222.0,615,0.8,0.36097560975609755,0
2026-09-24T11:21:42Z,productcatalogservice,371.0,1535,0.95,0.24169381107491858,0
2026-09-24T11:21:42Z,paymentservice,30.0,155,0.8,0.1935483870967742,0
2026-09-24T11:21:42Z,recommendationservice,1152.0,1150,0.8,1.0017391304347827,1
2026-09-24T11:21:42Z,shippingservice,23.0,770,0.8,0.02987012987012987,0
2026-09-24T11:21:42Z,currencyservice,311.0,770,0.8,0.4038961038961039,0
2026-09-24T11:21:42Z,emailservice,19.0,155,0.8,0.12258064516129032,0
2026-09-24T11:21:42Z,adservice,51.0,1150,0.8,0.04434782608695652,0
2026-09-24T11:21:42Z,redis-cart,31.0,540,0.8,0.05740740740740741,0
2026-09-24T11:21:43Z,frontend,256.75,1150,0.8,0.2232608695652174,0
2026-09-24T11:21:43Z,cartservice,420.0,1920,0.95,0.21875,0
2026-09-24T11:21:43Z,checkoutservice,222.0,615,0.8,0.36097560975609755,0
2026-09-24T11:21:43Z,productcatalogservice,333.0,1535,0.95,0.21693811074918568,0
2026-09-24T11:21:43Z,paymentservice,16.0,155,0.8,0.1032258064516129,0
2026-09-24T11:21:43Z,recommendationservice,1134.0,1150,0.8,0.9860869565217392,1
2026-09-24T11:21:43Z,shippingservice,23.0,770,0.8,0.02987012987012987,0
2026-09-24T11:21:43Z,currencyservice,267.0,770,0.8,0.34675324675324676,0
2026-09-24T11:21:43Z,emailservice,19.0,155,0.8,0.12258064516129032,0
2026-09-24T11:21:43Z,adservice,51.0,1150,0.8,0.04434782608695652,0
2026-09-24T11:21:43Z,redis-cart,31.0,540,0.8,0.05740740740740741,0
2026-09-24T11:21:44Z,frontend,203.75,1150,0.8,0.17717391304347826,0
2026-09-24T11:21:44Z,cartservice,408.0,1920,0.95,0.2125,0
2026-09-24T11:21:44Z,checkoutservice,190.0,615,0.8,0.3089430894308943,0
2026-09-24T11:21:44Z,productcatalogservice,322.0,1535,0.95,0.20977198697068403,0
2026-09-24T11:21:44Z,paymentservice,16.0,155,0.8,0.1032258064516129,0
2026-09-24T11:21:44Z,recommendationservice,1134.0,1150,0.8,0.9860869565217392,1
2026-09-24T11:21:44Z,shippingservice,34.0,770,0.8,0.04415584415584416,0
2026-09-24T11:21:44Z,currencyservice,301.0,770,0.8,0.39090909090909093,0
2026-09-24T11:21:44Z,emailservice,31.0,155,0.8,0.2,0
2026-09-24T11:21:44Z,adservice,47.0,1150,0.8,0.0408695652173913,0
2026-09-24T11:21:44Z,redis-cart,31.0,540,0.8,0.05740740740740741,0
2026-09-24T11:21:45Z,frontend,206.25,1150,0.8,0.1793478260869565,0
2026-09-24T11:21:45Z,cartservice,393.0,1920,0.95,0.2046875,0
2026-09-24T11:21:45Z,checkoutservice,4.0,615,0.8,0.0065040650406504065,0
2026-09-24T11:21:45Z,productcatalogservice,322.0,1535,0.95,0.20977198697068403,0
2026-09-24T11:21:45Z,paymentservice,0.0,155,0.8,0.0,0
2026-09-24T11:21:45Z,recommendationservice,1155.0,1150,0.8,1.0043478260869565,1
2026-09-24T11:21:45Z,shippingservice,0.0,770,0.8,0.0,0
2026-09-24T11:21:45Z,currencyservice,301.0,770,0.8,0.39090909090909093,0
2026-09-24T11:21:45Z,emailservice,27.0,155,0.8,0.17419354838709677,0
2026-09-24T11:21:45Z,adservice,28.0,1150,0.8,0.02434782608695652,0
2026-09-24T11:21:45Z,redis-cart,28.0,540,0.8,0.05185185185185185,0
2026-09-24T11:21:46Z,frontend,244.0,1150,0.8,0.21217391304347827,0
2026-09-24T11:21:46Z,cartservice,393.0,1920,0.95,0.2046875,0
2026-09-24T11:21:46Z,checkoutservice,4.0,615,0.8,0.0065040650406504065,0
2026-09-24T11:21:46Z,productcatalogservice,310.0,1535,0.95,0.20195439739413681,0
2026-09-24T11:21:46Z,paymentservice,0.0,155,0.8,0.0,0
2026-09-24T11:21:46Z,recommendationservice,1154.0,1150,0.8,1.0034782608695652,1
2026-09-24T11:21:46Z,shippingservice,7.0,770,0.8,0.00909090909090909,0
2026-09-24T11:21:46Z,currencyservice,272.0,770,0.8,0.35324675324675325,0
2026-09-24T11:21:46Z,emailservice,27.0,155,0.8,0.17419354838709677,0
2026-09-24T11:21:46Z,adservice,30.0,1150,0.8,0.02608695652173913,0
2026-09-24T11:21:46Z,redis-cart,32.0,540,0.8,0.05925925925925926,0
2026-09-24T11:21:47Z,frontend,304.0,1150,0.8,0.2643478260869565,0
2026-09-24T11:21:47Z,cartservice,453.0,1920,0.95,0.2359375,0
2026-09-24T11:21:47Z,checkoutservice,106.0,615,0.8,0.17235772357723578,0
2026-09-24T11:21:47Z,productcatalogservice,386.0,1535,0.95,0.2514657980456026,0
2026-09-24T11:21:47Z,paymentservice,11.0,155,0.8,0.07096774193548387,0
2026-09-24T11:21:47Z,recommendationservice,1154.0,1150,0.8,1.0034782608695652,1
2026-09-24T11:21:47Z,shippingservice,35.0,770,0.8,0.045454545454545456,0
2026-09-24T11:21:47Z,currencyservice,346.0,770,0.8,0.44935064935064933,0
2026-09-24T11:21:47Z,emailservice,17.0,155,0.8,0.10967741935483871,0
2026-09-24T11:21:47Z,adservice,78.0,1150,0.8,0.06782608695652174,0
2026-09-24T11:21:47Z,redis-cart,32.0,540,0.8,0.05925925925925926,0
2026-09-24T11:21:48Z,frontend,304.0,1150,0.8,0.2643478260869565,0
2026-09-24T11:21:48Z,cartservice,516.0,1920,0.95,0.26875,0
2026-09-24T11:21:48Z,checkoutservice,68.0,615,0.8,0.11056910569105691,0
2026-09-24T11:21:48Z,productcatalogservice,386.0,1535,0.95,0.2514657980456026,0
2026-09-24T11:21:48Z,paymentservice,11.0,155,0.8,0.07096774193548387,0
2026-09-24T11:21:48Z,recommendationservice,1142.0,1150,0.8,0.9930434782608696,1
2026-09-24T11:21:48Z,shippingservice,35.0,770,0.8,0.045454545454545456,0
2026-09-24T11:21:48Z,currencyservice,346.0,770,0.8,0.44935064935064933,0
2026-09-24T11:21:48Z,emailservice,3.0,155,0.8,0.01935483870967742,0
2026-09-24T11:21:48Z,adservice,78.0,1150,0.8,0.06782608695652174,0
2026-09-24T11:21:48Z,redis-cart,33.0,540,0.8,0.06111111111111111,0
2026-09-24T11:21:49Z,frontend,278.25,1150,0.8,0.24195652173913043,0
2026-09-24T11:21:49Z,cartservice,516.0,1920,0.95,0.26875,0
2026-09-24T11:21:49Z,checkoutservice,68.0,615,0.8,0.11056910569105691,0
2026-09-24T11:21:49Z,productcatalogservice,338.0,1535,0.95,0.2201954397394137,0
2026-09-24T11:21:49Z,paymentservice,14.0,155,0.8,0.09032258064516129,0
2026-09-24T11:21:49Z,recommendationservice,1150.0,1150,0.8,1.0,1
2026-09-24T11:21:49Z,shippingservice,52.0,770,0.8,0.06753246753246753,0
2026-09-24T11:21:49Z,currencyservice,325.0,770,0.8,0.42207792207792205,0
2026-09-24T11:21:49Z,emailservice,3.0,155,0.8,0.01935483870967742,0
2026-09-24T11:21:49Z,adservice,52.0,1150,0.8,0.04521739130434783,0
2026-09-24T11:21:49Z,redis-cart,33.0,540,0.8,0.06111111111111111,0
2026-09-24T11:21:50Z,frontend,259.5,1150,0.8,0.22565217391304349,0
2026-09-24T11:21:50Z,cartservice,498.0,1920,0.95,0.259375,0
2026-09-24T11:21:50Z,checkoutservice,512.0,615,0.8,0.832520325203252,1
2026-09-24T11:21:50Z,productcatalogservice,454.0,1535,0.95,0.29576547231270356,0
2026-09-24T11:21:50Z,paymentservice,14.0,155,0.8,0.09032258064516129,0
2026-09-24T11:21:50Z,recommendationservice,1150.0,1150,0.8,1.0,1
2026-09-24T11:21:50Z,shippingservice,61.0,770,0.8,0.07922077922077922,0
2026-09-24T11:21:50Z,currencyservice,364.0,770,0.8,0.4727272727272727,0
2026-09-24T11:21:50Z,emailservice,63.0,155,0.8,0.4064516129032258,0
2026-09-24T11:21:50Z,adservice,52.0,1150,0.8,0.04521739130434783,0
2026-09-24T11:21:50Z,redis-cart,34.0,540,0.8,0.06296296296296296,0
2026-09-24T11:21:51Z,frontend,254.25,1150,0.8,0.22108695652173913,0
2026-09-24T11:21:51Z,cartservice,406.0,1920,0.95,0.21145833333333333,0
2026-09-24T11:21:51Z,checkoutservice,60.0,615,0.8,0.0975609756097561,0
2026-09-24T11:21:51Z,productcatalogservice,454.0,1535,0.95,0.29576547231270356,0
2026-09-24T11:21:51Z,paymentservice,42.0,155,0.8,0.2709677419354839,0
2026-09-24T11:21:51Z,recommendationservice,1145.0,1150,0.8,0.9956521739130435,1
2026-09-24T11:21:51Z,shippingservice,61.0,770,0.8,0.07922077922077922,0
2026-09-24T11:21:51Z,currencyservice,364.0,770,0.8,0.4727272727272727,0
2026-09-24T11:21:51Z,emailservice,27.0,155,0.8,0.17419354838709677,0
2026-09-24T11:21:51Z,adservice,56.0,1150,0.8,0.04869565217391304,0
2026-09-24T11:21:51Z,redis-cart,29.0,540,0.8,0.053703703703703705,0
2026-09-24T11:21:52Z,frontend,234.5,1150,0.8,0.20391304347826086,0
2026-09-24T11:21:52Z,cartservice,406.0,1920,0.95,0.21145833333333333,0
2026-09-24T11:21:52Z,checkoutservice,30.0,615,0.8,0.04878048780487805,0
2026-09-24T11:21:52Z,productcatalogservice,320.0,1535,0.95,0.20846905537459284,0
2026-09-24T11:21:52Z,paymentservice,0.0,155,0.8,0.0,0
2026-09-24T11:21:52Z,recommendationservice,1145.0,1150,0.8,0.9956521739130435,1
2026-09-24T11:21:52Z,shippingservice,0.0,770,0.8,0.0,0
2026-09-24T11:21:52Z,currencyservice,266.0,770,0.8,0.34545454545454546,0
2026-09-24T11:21:52Z,emailservice,27.0,155,0.8,0.17419354838709677,0
2026-09-24T11:21:52Z,adservice,30.0,1150,0.8,0.02608695652173913,0
2026-09-24T11:21:52Z,redis-cart,29.0,540,0.8,0.053703703703703705,0
2026-09-24T11:21:53Z,frontend,228.5,1150,0.8,0.19869565217391305,0
2026-09-24T11:21:53Z,cartservice,414.0,1920,0.95,0.215625,0
2026-09-24T11:21:53Z,checkoutservice,30.0,615,0.8,0.04878048780487805,0
2026-09-24T11:21:53Z,productcatalogservice,320.0,1535,0.95,0.20846905537459284,0
2026-09-24T11:21:53Z,paymentservice,0.0,155,0.8,0.0,0
2026-09-24T11:21:53Z,recommendationservice,1152.0,1150,0.8,1.0017391304347827,1
2026-09-24T11:21:53Z,shippingservice,19.0,770,0.8,0.024675324675324677,0
2026-09-24T11:21:53Z,currencyservice,268.0,770,0.8,0.34805194805194806,0
2026-09-24T11:21:53Z,emailservice,0.0,155,0.8,0.0,0
2026-09-24T11:21:53Z,adservice,30.0,1150,0.8,0.02608695652173913,0
2026-09-24T11:21:53Z,redis-cart,29.0,540,0.8,0.053703703703703705,0
2026-09-24T11:21:54Z,frontend,241.0,1150,0.8,0.20956521739130435,0
2026-09-24T11:21:54Z,cartservice,457.0,1920,0.95,0.23802083333333332,0
2026-09-24T11:21:54Z,checkoutservice,9.0,615,0.8,0.014634146341463415,0
2026-09-24T11:21:54Z,productcatalogservice,323.0,1535,0.95,0.21042345276872965,0
2026-09-24T11:21:54Z,paymentservice,10.0,155,0.8,0.06451612903225806,0
2026-09-24T11:21:54Z,recommendationservice,1155.0,1150,0.8,1.0043478260869565,1
2026-09-24T11:21:54Z,shippingservice,19.0,770,0.8,0.024675324675324677,0
2026-09-24T11:21:54Z,currencyservice,268.0,770,0.8,0.34805194805194806,0
2026-09-24T11:21:54Z,emailservice,0.0,155,0.8,0.0,0
2026-09-24T11:21:54Z,adservice,29.0,1150,0.8,0.025217391304347827,0
2026-09-24T11:21:54Z,redis-cart,33.0,540,0.8,0.06111111111111111,0
2026-09-24T11:21:55Z,frontend,264.25,1150,0.8,0.22978260869565217,0
2026-09-24T11:21:55Z,cartservice,394.0,1920,0.95,0.20520833333333333,0
2026-09-24T11:21:55Z,checkoutservice,205.0,615,0.8,0.3333333333333333,0
2026-09-24T11:21:55Z,productcatalogservice,323.0,1535,0.95,0.21042345276872965,0
2026-09-24T11:21:55Z,paymentservice,10.0,155,0.8,0.06451612903225806,0
2026-09-24T11:21:55Z,recommendationservice,1155.0,1150,0.8,1.0043478260869565,1
2026-09-24T11:21:55Z,shippingservice,24.0,770,0.8,0.03116883116883117,0
2026-09-24T11:21:55Z,currencyservice,318.0,770,0.8,0.412987012987013,0
2026-09-24T11:21:55Z,emailservice,0.0,155,0.8,0.0,0
2026-09-24T11:21:55Z,adservice,72.0,1150,0.8,0.06260869565217392,0
2026-09-24T11:21:55Z,redis-cart,33.0,540,0.8,0.06111111111111111,0
2026-09-24T11:21:56Z,frontend,258.75,1150,0.8,0.225,0
2026-09-24T11:21:56Z,cartservice,394.0,1920,0.95,0.20520833333333333,0
2026-09-24T11:21:56Z,checkoutservice,205.0,615,0.8,0.3333333333333333,0
2026-09-24T11:21:56Z,productcatalogservice,381.0,1535,0.95,0.24820846905537458,0
2026-09-24T11:21:56Z,paymentservice,10.0,155,0.8,0.06451612903225806,0
2026-09-24T11:21:56Z,recommendationservice,1136.0,1150,0.8,0.9878260869565217,1
2026-09-24T11:21:56Z,shippingservice,24.0,770,0.8,0.03116883116883117,0
2026-09-24T11:21:56Z,currencyservice,318.0,770,0.8,0.412987012987013,0
2026-09-24T11:21:56Z,emailservice,52.0,155,0.8,0.33548387096774196,0
2026-09-24T11:21:56Z,adservice,72.0,1150,0.8,0.06260869565217392,0
2026-09-24T11:21:56Z,redis-cart,31.0,540,0.8,0.05740740740740741,0
2026-09-24T11:21:57Z,frontend,277.75,1150,0.8,0.2415217391304348,0
2026-09-24T11:21:57Z,cartservice,464.0,1920,0.95,0.24166666666666667,0
2026-09-24T11:21:57Z,checkoutservice,179.0,615,0.8,0.2910569105691057,0
2026-09-24T11:21:57Z,productcatalogservice,311.0,1535,0.95,0.2026058631921824,0
2026-09-24T11:21:57Z,paymentservice,3.0,155,0.8,0.01935483870967742,0
2026-09-24T11:21:57Z,recommendationservice,1150.0,1150,0.8,1.0,1
2026-09-24T11:21:57Z,shippingservice,15.0,770,0.8,0.01948051948051948,0
2026-09-24T11:21:57Z,currencyservice,307.0,770,0.8,0.3987012987012987,0
2026-09-24T11:21:57Z,emailservice,5.0,155,0.8,0.03225806451612903,0
2026-09-24T11:21:57Z,adservice,49.0,1150,0.8,0.042608695652173914,0
2026-09-24T11:21:57Z,redis-cart,30.0,540,0.8,0.05555555555555555,0
2026-09-24T11:21:58Z,frontend,278.25,1150,0.8,0.24195652173913043,0
2026-09-24T11:21:58Z,cartservice,464.0,1920,0.95,0.24166666666666667,0
2026-09-24T11:21:58Z,checkoutservice,208.0,615,0.8,0.3382113821138211,0
2026-09-24T11:21:58Z,productcatalogservice,311.0,1535,0.95,0.2026058631921824,0
2026-09-24T11:21:58Z,paymentservice,3.0,155,0.8,0.01935483870967742,0
2026-09-24T11:21:58Z,recommendationservice,1150.0,1150,0.8,1.0,1
2026-09-24T11:21:58Z,shippingservice,47.0,770,0.8,0.06103896103896104,0
2026-09-24T11:21:58Z,currencyservice,268.0,770,0.8,0.34805194805194806,0
2026-09-24T11:21:58Z,emailservice,13.0,155,0.8,0.08387096774193549,0
2026-09-24T11:21:58Z,adservice,55.0,1150,0.8,0.04782608695652174,0
2026-09-24T11:21:58Z,redis-cart,33.0,540,0.8,0.06111111111111111,0
2026-09-24T11:21:59Z,frontend,250.75,1150,0.8,0.21804347826086956,0
2026-09-24T11:21:59Z,cartservice,462.0,1920,0.95,0.240625,0
2026-09-24T11:21:59Z,checkoutservice,257.0,615,0.8,0.41788617886178864,0
2026-09-24T11:21:59Z,productcatalogservice,382.0,1535,0.95,0.2488599348534202,0
2026-09-24T11:21:59Z,paymentservice,18.0,155,0.8,0.11612903225806452,0
2026-09-24T11:21:59Z,recommendationservice,1131.0,1150,0.8,0.9834782608695652,1
2026-09-24T11:21:59Z,shippingservice,38.0,770,0.8,0.04935064935064935,0
2026-09-24T11:21:59Z,currencyservice,268.0,770,0.8,0.34805194805194806,0
2026-09-24T11:21:59Z,emailservice,13.0,155,0.8,0.08387096774193549,0
2026-09-24T11:21:59Z,adservice,55.0,1150,0.8,0.04782608695652174,0
2026-09-24T11:21:59Z,redis-cart,33.0,540,0.8,0.06111111111111111,0
2026-09-24T11:22:00Z,frontend,258.0,1150,0.8,0.22434782608695653,0
2026-09-24T11:22:00Z,cartservice,438.0,1920,0.95,0.228125,0
2026-09-24T11:22:00Z,checkoutservice,257.0,615,0.8,0.41788617886178864,0
2026-09-24T11:22:00Z,productcatalogservice,408.0,1535,0.95,0.26579804560260584,0
2026-09-24T11:22:00Z,paymentservice,18.0,155,0.8,0.11612903225806452,0
2026-09-24T11:22:00Z,recommendationservice,1131.0,1150,0.8,0.9834782608695652,1
2026-09-24T11:22:00Z,shippingservice,40.0,770,0.8,0.05194805194805195,0
2026-09-24T11:22:00Z,currencyservice,343.0,770,0.8,0.44545454545454544,0
2026-09-24T11:22:00Z,emailservice,58.0,155,0.8,0.3741935483870968,0
2026-09-24T11:22:00Z,adservice,56.0,1150,0.8,0.04869565217391304,0
2026-09-24T11:22:00Z,redis-cart,31.0,540,0.8,0.05740740740740741,0
2026-09-24T11:22:01Z,frontend,264.0,1150,0.8,0.22956521739130434,0
2026-09-24T11:22:01Z,cartservice,449.0,1920,0.95,0.23385416666666667,0
2026-09-24T11:22:01Z,checkoutservice,323.0,615,0.8,0.5252032520325203,0
2026-09-24T11:22:01Z,productcatalogservice,422.0,1535,0.95,0.2749185667752443,0
2026-09-24T11:22:01Z,paymentservice,45.0,155,0.8,0.2903225806451613,0
2026-09-24T11:22:01Z,recommendationservice,1163.0,1150,0.8,1.011304347826087,1
2026-09-24T11:22:01Z,shippingservice,40.0,770,0.8,0.05194805194805195,0
2026-09-24T11:22:01Z,currencyservice,343.0,770,0.8,0.44545454545454544,0
2026-09-24T11:22:01Z,emailservice,29.0,155,0.8,0.1870967741935484,0
2026-09-24T11:22:01Z,adservice,56.0,1150,0.8,0.04869565217391304,0
2026-09-24T11:22:01Z,redis-cart,31.0,540,0.8,0.05740740740740741,0
2026-09-24T11:22:02Z,frontend,299.75,1150,0.8,0.26065217391304346,0
2026-09-24T11:22:02Z,cartservice,449.0,1920,0.95,0.23385416666666667,0
2026-09-24T11:22:02Z,checkoutservice,323.0,615,0.8,0.5252032520325203,0
2026-09-24T11:22:02Z,productcatalogservice,404.0,1535,0.95,0.26319218241042347,0
2026-09-24T11:22:02Z,paymentservice,45.0,155,0.8,0.2903225806451613,0
2026-09-24T11:22:02Z,recommendationservice,1115.0,1150,0.8,0.9695652173913043,1
2026-09-24T11:22:02Z,shippingservice,39.0,770,0.8,0.05064935064935065,0
2026-09-24T11:22:02Z,currencyservice,357.0,770,0.8,0.4636363636363636,0
2026-09-24T11:22:02Z,emailservice,29.0,155,0.8,0.1870967741935484,0
2026-09-24T11:22:02Z,adservice,68.0,1150,0.8,0.059130434782608696,0
2026-09-24T11:22:02Z,redis-cart,32.0,540,0.8,0.05925925925925926,0
2026-09-24T11:22:03Z,frontend,232.0,1150,0.8,0.20173913043478262,0
2026-09-24T11:22:03Z,cartservice,457.0,1920,0.95,0.23802083333333332,0
2026-09-24T11:22:03Z,checkoutservice,214.0,615,0.8,0.34796747967479674,0
2026-09-24T11:22:03Z,productcatalogservice,404.0,1535,0.95,0.26319218241042347,0
2026-09-24T11:22:03Z,paymentservice,18.0,155,0.8,0.11612903225806452,0
2026-09-24T11:22:03Z,recommendationservice,1159.0,1150,0.8,1.0078260869565216,1
2026-09-24T11:22:03Z,shippingservice,34.0,770,0.8,0.04415584415584416,0
2026-09-24T11:22:03Z,currencyservice,312.0,770,0.8,0.4051948051948052,0
2026-09-24T11:22:03Z,emailservice,18.0,155,0.8,0.11612903225806452,0
2026-09-24T11:22:03Z,adservice,68.0,1150,0.8,0.059130434782608696,0
2026-09-24T11:22:03Z,redis-cart,32.0,540,0.8,0.05925925925925926,0
2026-09-24T11:22:04Z,frontend,235.0,1150,0.8,0.20434782608695654,0
2026-09-24T11:22:04Z,cartservice,457.0,1920,0.95,0.23802083333333332,0
2026-09-24T11:22:04Z,checkoutservice,0.0,615,0.8,0.0,0
2026-09-24T11:22:04Z,productcatalogservice,314.0,1535,0.95,0.2045602605863192,0
2026-09-24T11:22:04Z,paymentservice,0.0,155,0.8,0.0,0
2026-09-24T11:22:04Z,recommendationservice,1161.0,1150,0.8,1.0095652173913043,1
2026-09-24T11:22:04Z,shippingservice,34.0,770,0.8,0.04415584415584416,0
2026-09-24T11:22:04Z,currencyservice,312.0,770,0.8,0.4051948051948052,0
2026-09-24T11:22:04Z,emailservice,18.0,155,0.8,0.11612903225806452,0
2026-09-24T11:22:04Z,adservice,32.0,1150,0.8,0.02782608695652174,0
2026-09-24T11:22:04Z,redis-cart,32.0,540,0.8,0.05925925925925926,0
2026-09-24T11:22:05Z,frontend,235.5,1150,0.8,0.20478260869565218,0
2026-09-24T11:22:05Z,cartservice,432.0,1920,0.95,0.225,0
2026-09-24T11:22:05Z,checkoutservice,0.0,615,0.8,0.0,0
2026-09-24T11:22:05Z,productcatalogservice,310.0,1535,0.95,0.20195439739413681,0
2026-09-24T11:22:05Z,paymentservice,0.0,155,0.8,0.0,0
2026-09-24T11:22:05Z,recommendationservice,1161.0,1150,0.8,1.0095652173913043,1
2026-09-24T11:22:05Z,shippingservice,0.0,770,0.8,0.0,0
2026-09-24T11:22:05Z,currencyservice,271.0,770,0.8,0.35194805194805195,0
2026-09-24T11:22:05Z,emailservice,27.0,155,0.8,0.17419354838709677,0
2026-09-24T11:22:05Z,adservice,31.0,1150,0.8,0.026956521739130435,0
2026-09-24T11:22:05Z,redis-cart,28.0,540,0.8,0.05185185185185185,0
2026-09-24T11:22:06Z,frontend,273.0,1150,0.8,0.2373913043478261,0
2026-09-24T11:22:06Z,cartservice,475.0,1920,0.95,0.24739583333333334,0
2026-09-24T11:22:06Z,checkoutservice,175.0,615,0.8,0.2845528455284553,0
2026-09-24T11:22:06Z,productcatalogservice,359.0,1535,0.95,0.23387622149837134,0
2026-09-24T11:22:06Z,paymentservice,7.0,155,0.8,0.04516129032258064,0
2026-09-24T11:22:06Z,recommendationservice,1134.0,1150,0.8,0.9860869565217392,1
2026-09-24T11:22:06Z,shippingservice,29.0,770,0.8,0.03766233766233766,0
2026-09-24T11:22:06Z,currencyservice,296.0,770,0.8,0.38441558441558443,0
2026-09-24T11:22:06Z,emailservice,10.0,155,0.8,0.06451612903225806,0
2026-09-24T11:22:06Z,adservice,56.0,1150,0.8,0.04869565217391304,0
2026-09-24T11:22:06Z,redis-cart,31.0,540,0.8,0.05740740740740741,0
2026-09-24T11:22:07Z,frontend,267.75,1150,0.8,0.23282608695652174,0
2026-09-24T11:22:07Z,cartservice,475.0,1920,0.95,0.24739583333333334,0
2026-09-24T11:22:07Z,checkoutservice,175.0,615,0.8,0.2845528455284553,0
2026-09-24T11:22:07Z,productcatalogservice,369.0,1535,0.95,0.24039087947882737,0
2026-09-24T11:22:07Z,paymentservice,7.0,155,0.8,0.04516129032258064,0
2026-09-24T11:22:07Z,recommendationservice,1142.0,1150,0.8,0.9930434782608696,1
2026-09-24T11:22:07Z,shippingservice,29.0,770,0.8,0.03766233766233766,0
2026-09-24T11:22:07Z,currencyservice,296.0,770,0.8,0.38441558441558443,0
2026-09-24T11:22:07Z,emailservice,10.0,155,0.8,0.06451612903225806,0
2026-09-24T11:22:07Z,adservice,56.0,1150,0.8,0.04869565217391304,0
2026-09-24T11:22:07Z,redis-cart,31.0,540,0.8,0.05740740740740741,0
2026-09-24T11:22:08Z,frontend,262.5,1150,0.8,0.22826086956521738,0
2026-09-24T11:22:08Z,cartservice,503.0,1920,0.95,0.26197916666666665,0
2026-09-24T11:22:08Z,checkoutservice,163.0,615,0.8,0.26504065040650404,0
2026-09-24T11:22:08Z,productcatalogservice,369.0,1535,0.95,0.24039087947882737,0
2026-09-24T11:22:08Z,paymentservice,10.0,155,0.8,0.06451612903225806,0
2026-09-24T11:22:08Z,recommendationservice,1143.0,1150,0.8,0.9939130434782608,1
2026-09-24T11:22:08Z,shippingservice,44.0,770,0.8,0.05714285714285714,0
2026-09-24T11:22:08Z,currencyservice,303.0,770,0.8,0.3935064935064935,0
2026-09-24T11:22:08Z,emailservice,37.0,155,0.8,0.23870967741935484,0
2026-09-24T11:22:08Z,adservice,46.0,1150,0.8,0.04,0
2026-09-24T11:22:08Z,redis-cart,30.0,540,0.8,0.05555555555555555,0
2026-09-24T11:22:09Z,frontend,264.5,1150,0.8,0.23,0
2026-09-24T11:22:09Z,cartservice,423.0,1920,0.95,0.2203125,0
2026-09-24T11:22:09Z,checkoutservice,163.0,615,0.8,0.26504065040650404,0
2026-09-24T11:22:09Z,productcatalogservice,354.0,1535,0.95,0.23061889250814332,0
2026-09-24T11:22:09Z,paymentservice,10.0,155,0.8,0.06451612903225806,0
2026-09-24T11:22:09Z,recommendationservice,1152.0,1150,0.8,1.0017391304347827,1
2026-09-24T11:22:09Z,shippingservice,27.0,770,0.8,0.03506493506493506,0
2026-09-24T11:22:09Z,currencyservice,348.0,770,0.8,0.45194805194805193,0
2026-09-24T11:22:09Z,emailservice,22.0,155,0.8,0.14193548387096774,0
2026-09-24T11:22:09Z,adservice,51.0,1150,0.8,0.04434782608695652,0
2026-09-24T11:22:09Z,redis-cart,29.0,540,0.8,0.053703703703703705,0
2026-09-24T11:22:10Z,frontend,239.0,1150,0.8,0.20782608695652174,0
2026-09-24T11:22:10Z,cartservice,397.0,1920,0.95,0.20677083333333332,0
2026-09-24T11:22:10Z,checkoutservice,122.0,615,0.8,0.1983739837398374,0
2026-09-24T11:22:10Z,productcatalogservice,347.0,1535,0.95,0.2260586319218241,0
2026-09-24T11:22:10Z,paymentservice,6.0,155,0.8,0.03870967741935484,0
2026-09-24T11:22:10Z,recommendationservice,1152.0,1150,0.8,1.0017391304347827,1
2026-09-24T11:22:10Z,shippingservice,5.0,770,0.8,0.006493506493506494,0
2026-09-24T11:22:10Z,currencyservice,292.0,770,0.8,0.37922077922077924,0
2026-09-24T11:22:10Z,emailservice,33.0,155,0.8,0.2129032258064516,0
2026-09-24T11:22:10Z,adservice,72.0,1150,0.8,0.06260869565217392,0
2026-09-24T11:22:10Z,redis-cart,34.0,540,0.8,0.06296296296296296,0
2026-09-24T11:22:11Z,frontend,241.0,1150,0.8,0.20956521739130435,0
2026-09-24T11:22:11Z,cartservice,397.0,1920,0.95,0.20677083333333332,0
2026-09-24T11:22:11Z,checkoutservice,233.0,615,0.8,0.37886178861788616,0
2026-09-24T11:22:11Z,productcatalogservice,347.0,1535,0.95,0.2260586319218241,0
2026-09-24T11:22:11Z,paymentservice,48.0,155,0.8,0.3096774193548387,0
2026-09-24T11:22:11Z,recommendationservice,1136.0,1150,0.8,0.9878260869565217,1
2026-09-24T11:22:11Z,shippingservice,5.0,770,0.8,0.006493506493506494,0
2026-09-24T11:22:11Z,currencyservice,292.0,770,0.8,0.37922077922077924,0
2026-09-24T11:22:11Z,emailservice,40.0,155,0.8,0.25806451612903225,0
2026-09-24T11:22:11Z,adservice,65.0,1150,0.8,0.05652173913043478,0
2026-09-24T11:22:11Z,redis-cart,34.0,540,0.8,0.06296296296296296,0
2026-09-24T11:22:12Z,frontend,268.25,1150,0.8,0.23326086956521738,0
2026-09-24T11:22:12Z,cartservice,450.0,1920,0.95,0.234375,0
2026-09-24T11:22:12Z,checkoutservice,233.0,615,0.8,0.37886178861788616,0
2026-09-24T11:22:12Z,productcatalogservice,413.0,1535,0.95,0.26905537459283385,0
2026-09-24T11:22:12Z,paymentservice,48.0,155,0.8,0.3096774193548387,0
2026-09-24T11:22:12Z,recommendationservice,1155.0,1150,0.8,1.0043478260869565,1
2026-09-24T11:22:12Z,shippingservice,31.0,770,0.8,0.04025974025974026,0
2026-09-24T11:22:12Z,currencyservice,342.0,770,0.8,0.44415584415584414,0
2026-09-24T11:22:12Z,emailservice,14.0,155,0.8,0.09032258064516129,0
2026-09-24T11:22:12Z,adservice,44.0,1150,0.8,0.03826086956521739,0
2026-09-24T11:22:12Z,redis-cart,32.0,540,0.8,0.05925925925925926,0
2026-09-24T11:22:13Z,frontend,271.0,1150,0.8,0.23565217391304347,0
2026-09-24T11:22:13Z,cartservice,450.0,1920,0.95,0.234375,0
2026-09-24T11:22:13Z,checkoutservice,206.0,615,0.8,0.33495934959349594,0
2026-09-24T11:22:13Z,productcatalogservice,358.0,1535,0.95,0.23322475570032572,0
2026-09-24T11:22:13Z,paymentservice,9.0,155,0.8,0.05806451612903226,0
2026-09-24T11:22:13Z,recommendationservice,1155.0,1150,0.8,1.0043478260869565,1
2026-09-24T11:22:13Z,shippingservice,56.0,770,0.8,0.07272727272727272,0
2026-09-24T11:22:13Z,currencyservice,276.0,770,0.8,0.35844155844155845,0
2026-09-24T11:22:13Z,emailservice,14.0,155,0.8,0.09032258064516129,0
2026-09-24T11:22:13Z,adservice,53.0,1150,0.8,0.04608695652173913,0
2026-09-24T11:22:13Z,redis-cart,29.0,540,0.8,0.053703703703703705,0
2026-09-24T11:22:14Z,frontend,257.25,1150,0.8,0.22369565217391305,0
2026-09-24T11:22:14Z,cartservice,398.0,1920,0.95,0.20729166666666668,0
2026-09-24T11:22:14Z,checkoutservice,168.0,615,0.8,0.2731707317073171,0
2026-09-24T11:22:14Z,productcatalogservice,358.0,1535,0.95,0.23322475570032572,0
2026-09-24T11:22:14Z,paymentservice,4.0,155,0.8,0.025806451612903226,0
2026-09-24T11:22:14Z,recommendationservice,1156.0,1150,0.8,1.0052173913043478,1
2026-09-24T11:22:14Z,shippingservice,56.0,770,0.8,0.07272727272727272,0
2026-09-24T11:22:14Z,currencyservice,276.0,770,0.8,0.35844155844155845,0
2026-09-24T11:22:14Z,emailservice,20.0,155,0.8,0.12903225806451613,0
2026-09-24T11:22:14Z,adservice,53.0,1150,0.8,0.04608695652173913,0
2026-09-24T11:22:14Z,redis-cart,30.0,540,0.8,0.05555555555555555,0
2026-09-24T11:22:15Z,frontend,244.25,1150,0.8,0.21239130434782608,0
2026-09-24T11:22:15Z,cartservice,371.0,1920,0.95,0.19322916666666667,0
2026-09-24T11:22:15Z,checkoutservice,168.0,615,0.8,0.2731707317073171,0
2026-09-24T11:22:15Z,productcatalogservice,348.0,1535,0.95,0.22671009771986972,0
2026-09-24T11:22:15Z,paymentservice,4.0,155,0.8,0.025806451612903226,0
2026-09-24T11:22:15Z,recommendationservice,1139.0,1150,0.8,0.9904347826086957,1
2026-09-24T11:22:15Z,shippingservice,22.0,770,0.8,0.02857142857142857,0
2026-09-24T11:22:15Z,currencyservice,274.0,770,0.8,0.35584415584415585,0
2026-09-24T11:22:15Z,emailservice,56.0,155,0.8,0.36129032258064514,0
2026-09-24T11:22:15Z,adservice,56.0,1150,0.8,0.04869565217391304,0
2026-09-24T11:22:15Z,redis-cart,30.0,540,0.8,0.05555555555555555,0
2026-09-24T11:22:16Z,frontend,240.0,1150,0.8,0.20869565217391303,0
2026-09-24T11:22:16Z,cartservice,371.0,1920,0.95,0.19322916666666667,0
2026-09-24T11:22:16Z,checkoutservice,307.0,615,0.8,0.4991869918699187,0
2026-09-24T11:22:16Z,productcatalogservice,348.0,1535,0.95,0.22671009771986972,0
2026-09-24T11:22:16Z,paymentservice,15.0,155,0.8,0.0967741935483871,0
2026-09-24T11:22:16Z,recommendationservice,1139.0,1150,0.8,0.9904347826086957,1
2026-09-24T11:22:16Z,shippingservice,22.0,770,0.8,0.02857142857142857,0
2026-09-24T11:22:16Z,currencyservice,327.0,770,0.8,0.42467532467532465,0
2026-09-24T11:22:16Z,emailservice,56.0,155,0.8,0.36129032258064514,0
2026-09-24T11:22:16Z,adservice,60.0,1150,0.8,0.05217391304347826,0
2026-09-24T11:22:16Z,redis-cart,27.0,540,0.8,0.05,0
2026-09-24T11:22:17Z,frontend,237.75,1150,0.8,0.20673913043478262,0
2026-09-24T11:22:17Z,cartservice,416.0,1920,0.95,0.21666666666666667,0
2026-09-24T11:22:17Z,checkoutservice,307.0,615,0.8,0.4991869918699187,0
2026-09-24T11:22:17Z,productcatalogservice,372.0,1535,0.95,0.24234527687296417,0
2026-09-24T11:22:17Z,paymentservice,15.0,155,0.8,0.0967741935483871,0
2026-09-24T11:22:17Z,recommendationservice,1146.0,1150,0.8,0.9965217391304347,1
2026-09-24T11:22:17Z,shippingservice,21.0,770,0.8,0.02727272727272727,0
2026-09-24T11:22:17Z,currencyservice,300.0,770,0.8,0.38961038961038963,0
2026-09-24T11:22:17Z,emailservice,30.0,155,0.8,0.1935483870967742,0
2026-09-24T11:22:17Z,adservice,261.0,1150,0.8,0.22695652173913045,0
2026-09-24T11:22:17Z,redis-cart,29.0,540,0.8,0.053703703703703705,0
2026-09-24T11:22:18Z,frontend,267.0,1150,0.8,0.23217391304347826,0
2026-09-24T11:22:18Z,cartservice,416.0,1920,0.95,0.21666666666666667,0
2026-09-24T11:22:18Z,checkoutservice,279.0,615,0.8,0.45365853658536587,0
2026-09-24T11:22:18Z,productcatalogservice,377.0,1535,0.95,0.24560260586319219,0
2026-09-24T11:22:18Z,paymentservice,14.0,155,0.8,0.09032258064516129,0
2026-09-24T11:22:18Z,recommendationservice,1123.0,1150,0.8,0.9765217391304348,1
2026-09-24T11:22:18Z,shippingservice,68.0,770,0.8,0.08831168831168831,0
2026-09-24T11:22:18Z,currencyservice,300.0,770,0.8,0.38961038961038963,0
2026-09-24T11:22:18Z,emailservice,27.0,155,0.8,0.17419354838709677,0
2026-09-24T11:22:18Z,adservice,118.0,1150,0.8,0.10260869565217391,0
2026-09-24T11:22:18Z,redis-cart,29.0,540,0.8,0.053703703703703705,0
2026-09-24T11:22:19Z,frontend,267.0,1150,0.8,0.23217391304347826,0
2026-09-24T11:22:19Z,cartservice,426.0,1920,0.95,0.221875,0
2026-09-24T11:22:19Z,checkoutservice,168.0,615,0.8,0.2731707317073171,0
2026-09-24T11:22:19Z,productcatalogservice,377.0,1535,0.95,0.24560260586319219,0
2026-09-24T11:22:19Z,paymentservice,12.0,155,0.8,0.07741935483870968,0
2026-09-24T11:22:19Z,recommendationservice,1155.0,1150,0.8,1.0043478260869565,1
2026-09-24T11:22:19Z,shippingservice,68.0,770,0.8,0.08831168831168831,0
2026-09-24T11:22:19Z,currencyservice,338.0,770,0.8,0.43896103896103894,0
2026-09-24T11:22:19Z,emailservice,27.0,155,0.8,0.17419354838709677,0
2026-09-24T11:22:19Z,adservice,118.0,1150,0.8,0.10260869565217391,0
2026-09-24T11:22:19Z,redis-cart,33.0,540,0.8,0.06111111111111111,0
2026-09-24T11:22:20Z,frontend,277.0,1150,0.8,0.2408695652173913,0
2026-09-24T11:22:20Z,cartservice,419.0,1920,0.95,0.21822916666666667,0
2026-09-24T11:22:20Z,checkoutservice,277.0,615,0.8,0.4504065040650406,0
2026-09-24T11:22:20Z,productcatalogservice,364.0,1535,0.95,0.23713355048859935,0
2026-09-24T11:22:20Z,paymentservice,12.0,155,0.8,0.07741935483870968,0
2026-09-24T11:22:20Z,recommendationservice,1136.0,1150,0.8,0.9878260869565217,1
2026-09-24T11:22:20Z,shippingservice,35.0,770,0.8,0.045454545454545456,0
2026-09-24T11:22:20Z,currencyservice,329.0,770,0.8,0.42727272727272725,0
2026-09-24T11:22:20Z,emailservice,52.0,155,0.8,0.33548387096774196,0
2026-09-24T11:22:20Z,adservice,72.0,1150,0.8,0.06260869565217392,0
2026-09-24T11:22:20Z,redis-cart,32.0,540,0.8,0.05925925925925926,0
2026-09-24T11:22:21Z,frontend,249.25,1150,0.8,0.2167391304347826,0
2026-09-24T11:22:21Z,cartservice,419.0,1920,0.95,0.21822916666666667,0
2026-09-24T11:22:21Z,checkoutservice,277.0,615,0.8,0.4504065040650406,0
2026-09-24T11:22:21Z,productcatalogservice,379.0,1535,0.95,0.2469055374592834,0
2026-09-24T11:22:21Z,paymentservice,33.0,155,0.8,0.2129032258064516,0
2026-09-24T11:22:21Z,recommendationservice,1136.0,1150,0.8,0.9878260869565217,1
2026-09-24T11:22:21Z,shippingservice,3.0,770,0.8,0.003896103896103896,0
2026-09-24T11:22:21Z,currencyservice,329.0,770,0.8,0.42727272727272725,0
2026-09-24T11:22:21Z,emailservice,0.0,155,0.8,0.0,0
2026-09-24T11:22:21Z,adservice,72.0,1150,0.8,0.06260869565217392,0
2026-09-24T11:22:21Z,redis-cart,28.0,540,0.8,0.05185185185185185,0
2026-09-24T11:22:22Z,frontend,272.0,1150,0.8,0.23652173913043478,0
2026-09-24T11:22:22Z,cartservice,448.0,1920,0.95,0.23333333333333334,0
2026-09-24T11:22:22Z,checkoutservice,49.0,615,0.8,0.07967479674796749,0
2026-09-24T11:22:22Z,productcatalogservice,385.0,1535,0.95,0.250814332247557,0
2026-09-24T11:22:22Z,paymentservice,4.0,155,0.8,0.025806451612903226,0
2026-09-24T11:22:22Z,recommendationservice,1140.0,1150,0.8,0.991304347826087,1
2026-09-24T11:22:22Z,shippingservice,28.0,770,0.8,0.03636363636363636,0
2026-09-24T11:22:22Z,currencyservice,341.0,770,0.8,0.44285714285714284,0
2026-09-24T11:22:22Z,emailservice,13.0,155,0.8,0.08387096774193549,0
2026-09-24T11:22:22Z,adservice,56.0,1150,0.8,0.04869565217391304,0
2026-09-24T11:22:22Z,redis-cart,28.0,540,0.8,0.05185185185185185,0
2026-09-24T11:22:23Z,frontend,275.75,1150,0.8,0.23978260869565218,0
2026-09-24T11:22:23Z,cartservice,448.0,1920,0.95,0.23333333333333334,0
2026-09-24T11:22:23Z,checkoutservice,243.0,615,0.8,0.3951219512195122,0
2026-09-24T11:22:23Z,productcatalogservice,385.0,1535,0.95,0.250814332247557,0
2026-09-24T11:22:23Z,paymentservice,4.0,155,0.8,0.025806451612903226,0
2026-09-24T11:22:23Z,recommendationservice,1140.0,1150,0.8,0.991304347826087,1
2026-09-24T11:22:23Z,shippingservice,28.0,770,0.8,0.03636363636363636,0
2026-09-24T11:22:23Z,currencyservice,291.0,770,0.8,0.37792207792207794,0
2026-09-24T11:22:23Z,emailservice,13.0,155,0.8,0.08387096774193549,0
2026-09-24T11:22:23Z,adservice,61.0,1150,0.8,0.05304347826086957,0
2026-09-24T11:22:23Z,redis-cart,30.0,540,0.8,0.05555555555555555,0
2026-09-24T11:22:24Z,frontend,278.5,1150,0.8,0.24217391304347827,0
2026-09-24T11:22:24Z,cartservice,443.0,1920,0.95,0.23072916666666668,0
2026-09-24T11:22:24Z,checkoutservice,243.0,615,0.8,0.3951219512195122,0
2026-09-24T11:22:24Z,productcatalogservice,419.0,1535,0.95,0.2729641693811075,0
2026-09-24T11:22:24Z,paymentservice,20.0,155,0.8,0.12903225806451613,0
2026-09-24T11:22:24Z,recommendationservice,1150.0,1150,0.8,1.0,1
2026-09-24T11:22:24Z,shippingservice,58.0,770,0.8,0.07532467532467532,0
2026-09-24T11:22:24Z,currencyservice,341.0,770,0.8,0.44285714285714284,0
2026-09-24T11:22:24Z,emailservice,33.0,155,0.8,0.2129032258064516,0
2026-09-24T11:22:24Z,adservice,61.0,1150,0.8,0.05304347826086957,0
2026-09-24T11:22:24Z,redis-cart,31.0,540,0.8,0.05740740740740741,0
2026-09-24T11:22:25Z,frontend,282.75,1150,0.8,0.2458695652173913,0
2026-09-24T11:22:25Z,cartservice,429.0,1920,0.95,0.2234375,0
2026-09-24T11:22:25Z,checkoutservice,280.0,615,0.8,0.45528455284552843,0
2026-09-24T11:22:25Z,productcatalogservice,421.0,1535,0.95,0.2742671009771987,0
2026-09-24T11:22:25Z,paymentservice,20.0,155,0.8,0.12903225806451613,0
2026-09-24T11:22:25Z,recommendationservice,1150.0,1150,0.8,1.0,1
2026-09-24T11:22:25Z,shippingservice,43.0,770,0.8,0.05584415584415584,0
2026-09-24T11:22:25Z,currencyservice,324.0,770,0.8,0.42077922077922075,0
2026-09-24T11:22:25Z,emailservice,61.0,155,0.8,0.3935483870967742,0
2026-09-24T11:22:25Z,adservice,104.0,1150,0.8,0.09043478260869565,0
2026-09-24T11:22:25Z,redis-cart,31.0,540,0.8,0.05740740740740741,0
2026-09-24T11:22:26Z,frontend,279.75,1150,0.8,0.2432608695652174,0
2026-09-24T11:22:26Z,cartservice,429.0,1920,0.95,0.2234375,0
2026-09-24T11:22:26Z,checkoutservice,261.0,615,0.8,0.424390243902439,0
2026-09-24T11:22:26Z,productcatalogservice,359.0,1535,0.95,0.23387622149837134,0
2026-09-24T11:22:26Z,paymentservice,13.0,155,0.8,0.08387096774193549,0
2026-09-24T11:22:26Z,recommendationservice,1137.0,1150,0.8,0.9886956521739131,1
2026-09-24T11:22:26Z,shippingservice,43.0,770,0.8,0.05584415584415584,0
2026-09-24T11:22:26Z,currencyservice,324.0,770,0.8,0.42077922077922075,0
2026-09-24T11:22:26Z,emailservice,61.0,155,0.8,0.3935483870967742,0
2026-09-24T11:22:26Z,adservice,66.0,1150,0.8,0.057391304347826085,0
2026-09-24T11:22:26Z,redis-cart,31.0,540,0.8,0.05740740740740741,0
2026-09-24T11:22:27Z,frontend,262.75,1150,0.8,0.22847826086956521,0
2026-09-24T11:22:27Z,cartservice,479.0,1920,0.95,0.24947916666666667,0
2026-09-24T11:22:27Z,checkoutservice,261.0,615,0.8,0.424390243902439,0
2026-09-24T11:22:27Z,productcatalogservice,359.0,1535,0.95,0.23387622149837134,0
2026-09-24T11:22:27Z,paymentservice,11.0,155,0.8,0.07096774193548387,0
2026-09-24T11:22:27Z,recommendationservice,1143.0,1150,0.8,0.9939130434782608,1
2026-09-24T11:22:27Z,shippingservice,27.0,770,0.8,0.03506493506493506,0
2026-09-24T11:22:27Z,currencyservice,339.0,770,0.8,0.44025974025974024,0
2026-09-24T11:22:27Z,emailservice,27.0,155,0.8,0.17419354838709677,0
2026-09-24T11:22:27Z,adservice,52.0,1150,0.8,0.04521739130434783,0
2026-09-24T11:22:27Z,redis-cart,33.0,540,0.8,0.06111111111111111,0
2026-09-24T11:22:28Z,frontend,249.0,1150,0.8,0.2165217391304348,0
2026-09-24T11:22:28Z,cartservice,479.0,1920,0.95,0.24947916666666667,0
2026-09-24T11:22:28Z,checkoutservice,282.0,615,0.8,0.4585365853658537,0
2026-09-24T11:22:28Z,productcatalogservice,391.0,1535,0.95,0.2547231270358306,0
2026-09-24T11:22:28Z,paymentservice,11.0,155,0.8,0.07096774193548387,0
2026-09-24T11:22:28Z,recommendationservice,1143.0,1150,0.8,0.9939130434782608,1
2026-09-24T11:22:28Z,shippingservice,27.0,770,0.8,0.03506493506493506,0
2026-09-24T11:22:28Z,currencyservice,303.0,770,0.8,0.3935064935064935,0
2026-09-24T11:22:28Z,emailservice,24.0,155,0.8,0.15483870967741936,0
2026-09-24T11:22:28Z,adservice,52.0,1150,0.8,0.04521739130434783,0
2026-09-24T11:22:28Z,redis-cart,33.0,540,0.8,0.06111111111111111,0
2026-09-24T11:22:29Z,frontend,248.25,1150,0.8,0.2158695652173913,0
2026-09-24T11:22:29Z,cartservice,405.0,1920,0.95,0.2109375,0
2026-09-24T11:22:29Z,checkoutservice,282.0,615,0.8,0.4585365853658537,0
2026-09-24T11:22:29Z,productcatalogservice,391.0,1535,0.95,0.2547231270358306,0
2026-09-24T11:22:29Z,paymentservice,12.0,155,0.8,0.07741935483870968,0
2026-09-24T11:22:29Z,recommendationservice,1151.0,1150,0.8,1.0008695652173913,1
2026-09-24T11:22:29Z,shippingservice,43.0,770,0.8,0.05584415584415584,0
2026-09-24T11:22:29Z,currencyservice,278.0,770,0.8,0.36103896103896105,0
2026-09-24T11:22:29Z,emailservice,24.0,155,0.8,0.15483870967741936,0
2026-09-24T11:22:29Z,adservice,47.0,1150,0.8,0.0408695652173913,0
2026-09-24T11:22:29Z,redis-cart,29.0,540,0.8,0.053703703703703705,0
2026-09-24T11:22:30Z,frontend,249.25,1150,0.8,0.2167391304347826,0
2026-09-24T11:22:30Z,cartservice,391.0,1920,0.95,0.20364583333333333,0
2026-09-24T11:22:30Z,checkoutservice,162.0,615,0.8,0.2634146341463415,0
2026-09-24T11:22:30Z,productcatalogservice,359.0,1535,0.95,0.23387622149837134,0
2026-09-24T11:22:30Z,paymentservice,30.0,155,0.8,0.1935483870967742,0
2026-09-24T11:22:30Z,recommendationservice,1148.0,1150,0.8,0.9982608695652174,1
2026-09-24T11:22:30Z,shippingservice,31.0,770,0.8,0.04025974025974026,0
2026-09-24T11:22:30Z,currencyservice,278.0,770,0.8,0.36103896103896105,0
2026-09-24T11:22:30Z,emailservice,46.0,155,0.8,0.2967741935483871,0
2026-09-24T11:22:30Z,adservice,45.0,1150,0.8,0.0391304347826087,0
2026-09-24T11:22:30Z,redis-cart,30.0,540,0.8,0.05555555555555555,0
2026-09-24T11:22:31Z,frontend,259.75,1150,0.8,0.2258695652173913,0
2026-09-24T11:22:31Z,cartservice,354.0,1920,0.95,0.184375,0
2026-09-24T11:22:31Z,checkoutservice,93.0,615,0.8,0.15121951219512195,0
2026-09-24T11:22:31Z,productcatalogservice,323.0,1535,0.95,0.21042345276872965,0
2026-09-24T11:22:31Z,paymentservice,30.0,155,0.8,0.1935483870967742,0
2026-09-24T11:22:31Z,recommendationservice,1135.0,1150,0.8,0.9869565217391304,1
2026-09-24T11:22:31Z,shippingservice,19.0,770,0.8,0.024675324675324677,0
2026-09-24T11:22:31Z,currencyservice,311.0,770,0.8,0.4038961038961039,0
2026-09-24T11:22:31Z,emailservice,46.0,155,0.8,0.2967741935483871,0
2026-09-24T11:22:31Z,adservice,45.0,1150,0.8,0.0391304347826087,0
2026-09-24T11:22:31Z,redis-cart,30.0,540,0.8,0.05555555555555555,0
2026-09-24T11:22:32Z,frontend,255.25,1150,0.8,0.22195652173913044,0
2026-09-24T11:22:32Z,cartservice,429.0,1920,0.95,0.2234375,0
2026-09-24T11:22:32Z,checkoutservice,93.0,615,0.8,0.15121951219512195,0
2026-09-24T11:22:32Z,productcatalogservice,477.0,1535,0.95,0.31074918566775245,0
2026-09-24T11:22:32Z,paymentservice,20.0,155,0.8,0.12903225806451613,0
2026-09-24T11:22:32Z,recommendationservice,1155.0,1150,0.8,1.0043478260869565,1
2026-09-24T11:22:32Z,shippingservice,19.0,770,0.8,0.024675324675324677,0
2026-09-24T11:22:32Z,currencyservice,319.0,770,0.8,0.4142857142857143,0
2026-09-24T11:22:32Z,emailservice,19.0,155,0.8,0.12258064516129032,0
2026-09-24T11:22:32Z,adservice,55.0,1150,0.8,0.04782608695652174,0
2026-09-24T11:22:32Z,redis-cart,31.0,540,0.8,0.05740740740740741,0
2026-09-24T11:22:33Z,frontend,258.75,1150,0.8,0.225,0
2026-09-24T11:22:33Z,cartservice,429.0,1920,0.95,0.2234375,0
2026-09-24T11:22:33Z,checkoutservice,344.0,615,0.8,0.5593495934959349,0
2026-09-24T11:22:33Z,productcatalogservice,477.0,1535,0.95,0.31074918566775245,0
2026-09-24T11:22:33Z,paymentservice,20.0,155,0.8,0.12903225806451613,0
2026-09-24T11:22:33Z,recommendationservice,1155.0,1150,0.8,1.0043478260869565,1
2026-09-24T11:22:33Z,shippingservice,58.0,770,0.8,0.07532467532467532,0
2026-09-24T11:22:33Z,currencyservice,306.0,770,0.8,0.3974025974025974,0
2026-09-24T11:22:33Z,emailservice,30.0,155,0.8,0.1935483870967742,0
2026-09-24T11:22:33Z,adservice,62.0,1150,0.8,0.05391304347826087,0
2026-09-24T11:22:33Z,redis-cart,30.0,540,0.8,0.05555555555555555,0
2026-09-24T11:22:34Z,frontend,271.5,1150,0.8,0.23608695652173914,0
2026-09-24T11:22:34Z,cartservice,378.0,1920,0.95,0.196875,0
2026-09-24T11:22:34Z,checkoutservice,164.0,615,0.8,0.26666666666666666,0
2026-09-24T11:22:34Z,productcatalogservice,376.0,1535,0.95,0.24495114006514657,0
2026-09-24T11:22:34Z,paymentservice,9.0,155,0.8,0.05806451612903226,0
2026-09-24T11:22:34Z,recommendationservice,1136.0,1150,0.8,0.9878260869565217,1
2026-09-24T11:22:34Z,shippingservice,20.0,770,0.8,0.025974025974025976,0
2026-09-24T11:22:34Z,currencyservice,313.0,770,0.8,0.4064935064935065,0
2026-09-24T11:22:34Z,emailservice,30.0,155,0.8,0.1935483870967742,0
2026-09-24T11:22:34Z,adservice,62.0,1150,0.8,0.05391304347826087,0
2026-09-24T11:22:34Z,redis-cart,30.0,540,0.8,0.05555555555555555,0
2026-09-24T11:22:35Z,frontend,269.5,1150,0.8,0.23434782608695653,0
2026-09-24T11:22:35Z,cartservice,416.0,1920,0.95,0.21666666666666667,0
2026-09-24T11:22:35Z,checkoutservice,403.0,615,0.8,0.6552845528455284,0
2026-09-24T11:22:35Z,productcatalogservice,393.0,1535,0.95,0.25602605863192185,0
2026-09-24T11:22:35Z,paymentservice,17.0,155,0.8,0.10967741935483871,0
2026-09-24T11:22:35Z,recommendationservice,1136.0,1150,0.8,0.9878260869565217,1
2026-09-24T11:22:35Z,shippingservice,50.0,770,0.8,0.06493506493506493,0
2026-09-24T11:22:35Z,currencyservice,313.0,770,0.8,0.4064935064935065,0
2026-09-24T11:22:35Z,emailservice,47.0,155,0.8,0.3032258064516129,0
2026-09-24T11:22:35Z,adservice,54.0,1150,0.8,0.04695652173913043,0
2026-09-24T11:22:35Z,redis-cart,30.0,540,0.8,0.05555555555555555,0
2026-09-24T11:22:36Z,frontend,258.75,1150,0.8,0.225,0
2026-09-24T11:22:36Z,cartservice,416.0,1920,0.95,0.21666666666666667,0
2026-09-24T11:22:36Z,checkoutservice,190.0,615,0.8,0.3089430894308943,0
2026-09-24T11:22:36Z,productcatalogservice,378.0,1535,0.95,0.24625407166123778,0
2026-09-24T11:22:36Z,paymentservice,13.0,155,0.8,0.08387096774193549,0
2026-09-24T11:22:36Z,recommendationservice,1147.0,1150,0.8,0.9973913043478261,1
2026-09-24T11:22:36Z,shippingservice,50.0,770,0.8,0.06493506493506493,0
2026-09-24T11:22:36Z,currencyservice,333.0,770,0.8,0.43246753246753245,0
2026-09-24T11:22:36Z,emailservice,47.0,155,0.8,0.3032258064516129,0
2026-09-24T11:22:36Z,adservice,52.0,1150,0.8,0.04521739130434783,0
2026-09-24T11:22:36Z,redis-cart,30.0,540,0.8,0.05555555555555555,0
2026-09-24T11:22:37Z,frontend,267.5,1150,0.8,0.2326086956521739,0
2026-09-24T11:22:37Z,cartservice,428.0,1920,0.95,0.22291666666666668,0
2026-09-24T11:22:37Z,checkoutservice,190.0,615,0.8,0.3089430894308943,0
2026-09-24T11:22:37Z,productcatalogservice,378.0,1535,0.95,0.24625407166123778,0
2026-09-24T11:22:37Z,paymentservice,9.0,155,0.8,0.05806451612903226,0
2026-09-24T11:22:37Z,recommendationservice,1147.0,1150,0.8,0.9973913043478261,1
2026-09-24T11:22:37Z,shippingservice,24.0,770,0.8,0.03116883116883117,0
2026-09-24T11:22:37Z,currencyservice,281.0,770,0.8,0.36493506493506495,0
2026-09-24T11:22:37Z,emailservice,25.0,155,0.8,0.16129032258064516,0
2026-09-24T11:22:37Z,adservice,52.0,1150,0.8,0.04521739130434783,0
2026-09-24T11:22:37Z,redis-cart,31.0,540,0.8,0.05740740740740741,0
2026-09-24T11:22:38Z,frontend,210.0,1150,0.8,0.1826086956521739,0
2026-09-24T11:22:38Z,cartservice,346.0,1920,0.95,0.18020833333333333,0
2026-09-24T11:22:38Z,checkoutservice,123.0,615,0.8,0.2,0
2026-09-24T11:22:38Z,productcatalogservice,345.0,1535,0.95,0.2247557003257329,0
2026-09-24T11:22:38Z,paymentservice,0.0,155,0.8,0.0,0
2026-09-24T11:22:38Z,recommendationservice,1136.0,1150,0.8,0.9878260869565217,1
2026-09-24T11:22:38Z,shippingservice,24.0,770,0.8,0.03116883116883117,0
2026-09-24T11:22:38Z,currencyservice,281.0,770,0.8,0.36493506493506495,0
2026-09-24T11:22:38Z,emailservice,7.0,155,0.8,0.04516129032258064,0
2026-09-24T11:22:38Z,adservice,39.0,1150,0.8,0.03391304347826087,0
2026-09-24T11:22:38Z,redis-cart,31.0,540,0.8,0.05740740740740741,0
2026-09-24T11:22:39Z,frontend,222.75,1150,0.8,0.19369565217391305,0
2026-09-24T11:22:39Z,cartservice,346.0,1920,0.95,0.18020833333333333,0
2026-09-24T11:22:39Z,checkoutservice,49.0,615,0.8,0.07967479674796749,0
2026-09-24T11:22:39Z,productcatalogservice,345.0,1535,0.95,0.2247557003257329,0
2026-09-24T11:22:39Z,paymentservice,14.0,155,0.8,0.09032258064516129,0
2026-09-24T11:22:39Z,recommendationservice,1150.0,1150,0.8,1.0,1
2026-09-24T11:22:39Z,shippingservice,30.0,770,0.8,0.03896103896103896,0
2026-09-24T11:22:39Z,currencyservice,276.0,770,0.8,0.35844155844155845,0
2026-09-24T11:22:39Z,emailservice,6.0,155,0.8,0.03870967741935484,0
2026-09-24T11:22:39Z,adservice,39.0,1150,0.8,0.03391304347826087,0
2026-09-24T11:22:39Z,redis-cart,28.0,540,0.8,0.05185185185185185,0
2026-09-24T11:22:40Z,frontend,252.25,1150,0.8,0.21934782608695652,0
2026-09-24T11:22:40Z,cartservice,430.0,1920,0.95,0.22395833333333334,0
2026-09-24T11:22:40Z,checkoutservice,49.0,615,0.8,0.07967479674796749,0
2026-09-24T11:22:40Z,productcatalogservice,334.0,1535,0.95,0.21758957654723127,0
2026-09-24T11:22:40Z,paymentservice,14.0,155,0.8,0.09032258064516129,0
2026-09-24T11:22:40Z,recommendationservice,1140.0,1150,0.8,0.991304347826087,1
2026-09-24T11:22:40Z,shippingservice,20.0,770,0.8,0.025974025974025976,0
2026-09-24T11:22:40Z,currencyservice,341.0,770,0.8,0.44285714285714284,0
2026-09-24T11:22:40Z,emailservice,6.0,155,0.8,0.03870967741935484,0
2026-09-24T11:22:40Z,adservice,70.0,1150,0.8,0.06086956521739131,0
2026-09-24T11:22:40Z,redis-cart,28.0,540,0.8,0.05185185185185185,0
2026-09-24T11:22:41Z,frontend,265.75,1150,0.8,0.23108695652173913,0
2026-09-24T11:22:41Z,cartservice,370.0,1920,0.95,0.19270833333333334,0
2026-09-24T11:22:41Z,checkoutservice,129.0,615,0.8,0.2097560975609756,0
2026-09-24T11:22:41Z,productcatalogservice,317.0,1535,0.95,0.206514657980456,0
2026-09-24T11:22:41Z,paymentservice,25.0,155,0.8,0.16129032258064516,0
2026-09-24T11:22:41Z,recommendationservice,1140.0,1150,0.8,0.991304347826087,1
2026-09-24T11:22:41Z,shippingservice,20.0,770,0.8,0.025974025974025976,0
2026-09-24T11:22:41Z,currencyservice,341.0,770,0.8,0.44285714285714284,0
2026-09-24T11:22:41Z,emailservice,44.0,155,0.8,0.2838709677419355,0
2026-09-24T11:22:41Z,adservice,70.0,1150,0.8,0.06086956521739131,0
2026-09-24T11:22:41Z,redis-cart,30.0,540,0.8,0.05555555555555555,0
2026-09-24T11:22:42Z,frontend,253.5,1150,0.8,0.22043478260869565,0
2026-09-24T11:22:42Z,cartservice,370.0,1920,0.95,0.19270833333333334,0
2026-09-24T11:22:42Z,checkoutservice,129.0,615,0.8,0.2097560975609756,0
2026-09-24T11:22:42Z,productcatalogservice,317.0,1535,0.95,0.206514657980456,0
2026-09-24T11:22:42Z,paymentservice,25.0,155,0.8,0.16129032258064516,0
2026-09-24T11:22:42Z,recommendationservice,1137.0,1150,0.8,0.9886956521739131,1
2026-09-24T11:22:42Z,shippingservice,17.0,770,0.8,0.02207792207792208,0
2026-09-24T11:22:42Z,currencyservice,318.0,770,0.8,0.412987012987013,0
2026-09-24T11:22:42Z,emailservice,19.0,155,0.8,0.12258064516129032,0
2026-09-24T11:22:42Z,adservice,34.0,1150,0.8,0.029565217391304348,0
2026-09-24T11:22:42Z,redis-cart,32.0,540,0.8,0.05925925925925926,0
2026-09-24T11:22:43Z,frontend,255.75,1150,0.8,0.22239130434782609,0
2026-09-24T11:22:43Z,cartservice,415.0,1920,0.95,0.21614583333333334,0
2026-09-24T11:22:43Z,checkoutservice,218.0,615,0.8,0.3544715447154472,0
2026-09-24T11:22:43Z,productcatalogservice,376.0,1535,0.95,0.24495114006514657,0
2026-09-24T11:22:43Z,paymentservice,12.0,155,0.8,0.07741935483870968,0
2026-09-24T11:22:43Z,recommendationservice,1134.0,1150,0.8,0.9860869565217392,1
2026-09-24T11:22:43Z,shippingservice,52.0,770,0.8,0.06753246753246753,0
2026-09-24T11:22:43Z,currencyservice,309.0,770,0.8,0.4012987012987013,0
2026-09-24T11:22:43Z,emailservice,19.0,155,0.8,0.12258064516129032,0
2026-09-24T11:22:43Z,adservice,61.0,1150,0.8,0.05304347826086957,0
2026-09-24T11:22:43Z,redis-cart,32.0,540,0.8,0.05925925925925926,0
2026-09-24T11:22:44Z,frontend,255.25,1150,0.8,0.22195652173913044,0
2026-09-24T11:22:44Z,cartservice,415.0,1920,0.95,0.21614583333333334,0
2026-09-24T11:22:44Z,checkoutservice,264.0,615,0.8,0.4292682926829268,0
2026-09-24T11:22:44Z,productcatalogservice,376.0,1535,0.95,0.24495114006514657,0
2026-09-24T11:22:44Z,paymentservice,12.0,155,0.8,0.07741935483870968,0
2026-09-24T11:22:44Z,recommendationservice,1142.0,1150,0.8,0.9930434782608696,1
2026-09-24T11:22:44Z,shippingservice,52.0,770,0.8,0.06753246753246753,0
2026-09-24T11:22:44Z,currencyservice,309.0,770,0.8,0.4012987012987013,0
2026-09-24T11:22:44Z,emailservice,28.0,155,0.8,0.18064516129032257,0
2026-09-24T11:22:44Z,adservice,61.0,1150,0.8,0.05304347826086957,0
2026-09-24T11:22:44Z,redis-cart,30.0,540,0.8,0.05555555555555555,0
2026-09-24T11:22:45Z,frontend,260.0,1150,0.8,0.22608695652173913,0
2026-09-24T11:22:45Z,cartservice,443.0,1920,0.95,0.23072916666666668,0
2026-09-24T11:22:45Z,checkoutservice,264.0,615,0.8,0.4292682926829268,0
2026-09-24T11:22:45Z,productcatalogservice,358.0,1535,0.95,0.23322475570032572,0
2026-09-24T11:22:45Z,paymentservice,12.0,155,0.8,0.07741935483870968,0
2026-09-24T11:22:45Z,recommendationservice,1142.0,1150,0.8,0.9930434782608696,1
2026-09-24T11:22:45Z,shippingservice,16.0,770,0.8,0.02077922077922078,0
2026-09-24T11:22:45Z,currencyservice,276.0,770,0.8,0.35844155844155845,0
2026-09-24T11:22:45Z,emailservice,66.0,155,0.8,0.4258064516129032,0
2026-09-24T11:22:45Z,adservice,52.0,1150,0.8,0.04521739130434783,0
2026-09-24T11:22:45Z,redis-cart,31.0,540,0.8,0.05740740740740741,0
2026-09-24T11:22:46Z,frontend,251.0,1150,0.8,0.2182608695652174,0
2026-09-24T11:22:46Z,cartservice,429.0,1920,0.95,0.2234375,0
2026-09-24T11:22:46Z,checkoutservice,219.0,615,0.8,0.35609756097560974,0
2026-09-24T11:22:46Z,productcatalogservice,358.0,1535,0.95,0.23322475570032572,0
2026-09-24T11:22:46Z,paymentservice,12.0,155,0.8,0.07741935483870968,0
2026-09-24T11:22:46Z,recommendationservice,1149.0,1150,0.8,0.9991304347826087,1
2026-09-24T11:22:46Z,shippingservice,38.0,770,0.8,0.04935064935064935,0
2026-09-24T11:22:46Z,currencyservice,320.0,770,0.8,0.4155844155844156,0
2026-09-24T11:22:46Z,emailservice,23.0,155,0.8,0.14838709677419354,0
2026-09-24T11:22:46Z,adservice,55.0,1150,0.8,0.04782608695652174,0
2026-09-24T11:22:46Z,redis-cart,29.0,540,0.8,0.053703703703703705,0
2026-09-24T11:22:47Z,frontend,249.25,1150,0.8,0.2167391304347826,0
2026-09-24T11:22:47Z,cartservice,429.0,1920,0.95,0.2234375,0
2026-09-24T11:22:47Z,checkoutservice,224.0,615,0.8,0.3642276422764228,0
2026-09-24T11:22:47Z,productcatalogservice,401.0,1535,0.95,0.26123778501628664,0
2026-09-24T11:22:47Z,paymentservice,12.0,155,0.8,0.07741935483870968,0
2026-09-24T11:22:47Z,recommendationservice,1108.0,1150,0.8,0.9634782608695652,1
2026-09-24T11:22:47Z,shippingservice,38.0,770,0.8,0.04935064935064935,0
2026-09-24T11:22:47Z,currencyservice,306.0,770,0.8,0.3974025974025974,0
2026-09-24T11:22:47Z,emailservice,23.0,155,0.8,0.14838709677419354,0
2026-09-24T11:22:47Z,adservice,57.0,1150,0.8,0.049565217391304345,0
2026-09-24T11:22:47Z,redis-cart,29.0,540,0.8,0.053703703703703705,0
2026-09-24T11:22:48Z,frontend,251.5,1150,0.8,0.21869565217391304,0
2026-09-24T11:22:48Z,cartservice,469.0,1920,0.95,0.24427083333333333,0
2026-09-24T11:22:48Z,checkoutservice,334.0,615,0.8,0.5430894308943089,0
2026-09-24T11:22:48Z,productcatalogservice,350.0,1535,0.95,0.2280130293159609,0
2026-09-24T11:22:48Z,paymentservice,14.0,155,0.8,0.09032258064516129,0
2026-09-24T11:22:48Z,recommendationservice,1137.0,1150,0.8,0.9886956521739131,1
2026-09-24T11:22:48Z,shippingservice,54.0,770,0.8,0.07012987012987013,0
2026-09-24T11:22:48Z,currencyservice,335.0,770,0.8,0.43506493506493504,0
2026-09-24T11:22:48Z,emailservice,22.0,155,0.8,0.14193548387096774,0
2026-09-24T11:22:48Z,adservice,57.0,1150,0.8,0.049565217391304345,0
2026-09-24T11:22:48Z,redis-cart,30.0,540,0.8,0.05555555555555555,0
2026-09-24T11:22:49Z,frontend,237.25,1150,0.8,0.20630434782608695,0
2026-09-24T11:22:49Z,cartservice,469.0,1920,0.95,0.24427083333333333,0
2026-09-24T11:22:49Z,checkoutservice,334.0,615,0.8,0.5430894308943089,0
2026-09-24T11:22:49Z,productcatalogservice,350.0,1535,0.95,0.2280130293159609,0
2026-09-24T11:22:49Z,paymentservice,14.0,155,0.8,0.09032258064516129,0
2026-09-24T11:22:49Z,recommendationservice,1137.0,1150,0.8,0.9886956521739131,1
2026-09-24T11:22:49Z,shippingservice,35.0,770,0.8,0.045454545454545456,0
2026-09-24T11:22:49Z,currencyservice,335.0,770,0.8,0.43506493506493504,0
2026-09-24T11:22:49Z,emailservice,27.0,155,0.8,0.17419354838709677,0
2026-09-24T11:22:49Z,adservice,58.0,1150,0.8,0.050434782608695654,0
2026-09-24T11:22:49Z,redis-cart,30.0,540,0.8,0.05555555555555555,0
2026-09-24T11:22:50Z,frontend,236.25,1150,0.8,0.20543478260869566,0
2026-09-24T11:22:50Z,cartservice,450.0,1920,0.95,0.234375,0
2026-09-24T11:22:50Z,checkoutservice,101.0,615,0.8,0.16422764227642275,0
2026-09-24T11:22:50Z,productcatalogservice,334.0,1535,0.95,0.21758957654723127,0
2026-09-24T11:22:50Z,paymentservice,38.0,155,0.8,0.24516129032258063,0
2026-09-24T11:22:50Z,recommendationservice,1143.0,1150,0.8,0.9939130434782608,1
2026-09-24T11:22:50Z,shippingservice,35.0,770,0.8,0.045454545454545456,0
2026-09-24T11:22:50Z,currencyservice,322.0,770,0.8,0.41818181818181815,0
2026-09-24T11:22:50Z,emailservice,44.0,155,0.8,0.2838709677419355,0
2026-09-24T11:22:50Z,adservice,58.0,1150,0.8,0.050434782608695654,0
2026-09-24T11:22:50Z,redis-cart,30.0,540,0.8,0.05555555555555555,0
2026-09-24T11:22:51Z,frontend,229.25,1150,0.8,0.19934782608695653,0
2026-09-24T11:22:51Z,cartservice,495.0,1920,0.95,0.2578125,0
2026-09-24T11:22:51Z,checkoutservice,101.0,615,0.8,0.16422764227642275,0
2026-09-24T11:22:51Z,productcatalogservice,334.0,1535,0.95,0.21758957654723127,0
2026-09-24T11:22:51Z,paymentservice,38.0,155,0.8,0.24516129032258063,0
2026-09-24T11:22:51Z,recommendationservice,1143.0,1150,0.8,0.9939130434782608,1
2026-09-24T11:22:51Z,shippingservice,0.0,770,0.8,0.0,0
2026-09-24T11:22:51Z,currencyservice,245.0,770,0.8,0.3181818181818182,0
2026-09-24T11:22:51Z,emailservice,11.0,155,0.8,0.07096774193548387,0
2026-09-24T11:22:51Z,adservice,36.0,1150,0.8,0.03130434782608696,0
2026-09-24T11:22:51Z,redis-cart,29.0,540,0.8,0.053703703703703705,0
2026-09-24T11:22:52Z,frontend,269.75,1150,0.8,0.23456521739130434,0
2026-09-24T11:22:52Z,cartservice,526.0,1920,0.95,0.27395833333333336,0
2026-09-24T11:22:52Z,checkoutservice,142.0,615,0.8,0.23089430894308943,0
2026-09-24T11:22:52Z,productcatalogservice,349.0,1535,0.95,0.2273615635179153,0
2026-09-24T11:22:52Z,paymentservice,10.0,155,0.8,0.06451612903225806,0
2026-09-24T11:22:52Z,recommendationservice,1136.0,1150,0.8,0.9878260869565217,1
2026-09-24T11:22:52Z,shippingservice,39.0,770,0.8,0.05064935064935065,0
2026-09-24T11:22:52Z,currencyservice,296.0,770,0.8,0.38441558441558443,0
2026-09-24T11:22:52Z,emailservice,11.0,155,0.8,0.07096774193548387,0
2026-09-24T11:22:52Z,adservice,59.0,1150,0.8,0.051304347826086956,0
2026-09-24T11:22:52Z,redis-cart,29.0,540,0.8,0.053703703703703705,0
2026-09-24T11:22:53Z,frontend,266.0,1150,0.8,0.23130434782608697,0
2026-09-24T11:22:53Z,cartservice,449.0,1920,0.95,0.23385416666666667,0
2026-09-24T11:22:53Z,checkoutservice,276.0,615,0.8,0.44878048780487806,0
2026-09-24T11:22:53Z,productcatalogservice,360.0,1535,0.95,0.23452768729641693,0
2026-09-24T11:22:53Z,paymentservice,10.0,155,0.8,0.06451612903225806,0
2026-09-24T11:22:53Z,recommendationservice,1127.0,1150,0.8,0.98,1
2026-09-24T11:22:53Z,shippingservice,39.0,770,0.8,0.05064935064935065,0
2026-09-24T11:22:53Z,currencyservice,286.0,770,0.8,0.37142857142857144,0
2026-09-24T11:22:53Z,emailservice,29.0,155,0.8,0.1870967741935484,0
2026-09-24T11:22:53Z,adservice,44.0,1150,0.8,0.03826086956521739,0
2026-09-24T11:22:53Z,redis-cart,33.0,540,0.8,0.06111111111111111,0
2026-09-24T11:22:54Z,frontend,253.25,1150,0.8,0.22021739130434784,0
2026-09-24T11:22:54Z,cartservice,449.0,1920,0.95,0.23385416666666667,0
2026-09-24T11:22:54Z,checkoutservice,276.0,615,0.8,0.44878048780487806,0
2026-09-24T11:22:54Z,productcatalogservice,360.0,1535,0.95,0.23452768729641693,0
2026-09-24T11:22:54Z,paymentservice,11.0,155,0.8,0.07096774193548387,0
2026-09-24T11:22:54Z,recommendationservice,1127.0,1150,0.8,0.98,1
2026-09-24T11:22:54Z,shippingservice,55.0,770,0.8,0.07142857142857142,0
2026-09-24T11:22:54Z,currencyservice,325.0,770,0.8,0.42207792207792205,0
2026-09-24T11:22:54Z,emailservice,29.0,155,0.8,0.1870967741935484,0
2026-09-24T11:22:54Z,adservice,44.0,1150,0.8,0.03826086956521739,0
2026-09-24T11:22:54Z,redis-cart,32.0,540,0.8,0.05925925925925926,0
2026-09-24T11:22:55Z,frontend,280.75,1150,0.8,0.2441304347826087,0
2026-09-24T11:22:55Z,cartservice,422.0,1920,0.95,0.21979166666666666,0
2026-09-24T11:22:55Z,checkoutservice,87.0,615,0.8,0.14146341463414633,0
2026-09-24T11:22:55Z,productcatalogservice,330.0,1535,0.95,0.21498371335504887,0
2026-09-24T11:22:55Z,paymentservice,0.0,155,0.8,0.0,0
2026-09-24T11:22:55Z,recommendationservice,1139.0,1150,0.8,0.9904347826086957,1
2026-09-24T11:22:55Z,shippingservice,13.0,770,0.8,0.016883116883116882,0
2026-09-24T11:22:55Z,currencyservice,325.0,770,0.8,0.42207792207792205,0
2026-09-24T11:22:55Z,emailservice,35.0,155,0.8,0.22580645161290322,0
2026-09-24T11:22:55Z,adservice,79.0,1150,0.8,0.06869565217391305,0
2026-09-24T11:22:55Z,redis-cart,32.0,540,0.8,0.05925925925925926,0
2026-09-24T11:22:56Z,frontend,280.5,1150,0.8,0.24391304347826087,0
2026-09-24T11:22:56Z,cartservice,422.0,1920,0.95,0.21979166666666666,0
2026-09-24T11:22:56Z,checkoutservice,202.0,615,0.8,0.3284552845528455,0
2026-09-24T11:22:56Z,productcatalogservice,330.0,1535,0.95,0.21498371335504887,0
2026-09-24T11:22:56Z,paymentservice,0.0,155,0.8,0.0,0
2026-09-24T11:22:56Z,recommendationservice,1107.0,1150,0.8,0.9626086956521739,1
2026-09-24T11:22:56Z,shippingservice,13.0,770,0.8,0.016883116883116882,0
2026-09-24T11:22:56Z,currencyservice,357.0,770,0.8,0.4636363636363636,0
2026-09-24T11:22:56Z,emailservice,28.0,155,0.8,0.18064516129032257,0
2026-09-24T11:22:56Z,adservice,70.0,1150,0.8,0.06086956521739131,0
2026-09-24T11:22:56Z,redis-cart,33.0,540,0.8,0.06111111111111111,0
2026-09-24T11:22:57Z,frontend,343.75,1150,0.8,0.29891304347826086,0
2026-09-24T11:22:57Z,cartservice,495.0,1920,0.95,0.2578125,0
2026-09-24T11:22:57Z,checkoutservice,202.0,615,0.8,0.3284552845528455,0
2026-09-24T11:22:57Z,productcatalogservice,345.0,1535,0.95,0.2247557003257329,0
2026-09-24T11:22:57Z,paymentservice,12.0,155,0.8,0.07741935483870968,0
2026-09-24T11:22:57Z,recommendationservice,1107.0,1150,0.8,0.9626086956521739,1
2026-09-24T11:22:57Z,shippingservice,38.0,770,0.8,0.04935064935064935,0
2026-09-24T11:22:57Z,currencyservice,405.0,770,0.8,0.525974025974026,0
2026-09-24T11:22:57Z,emailservice,35.0,155,0.8,0.22580645161290322,0
2026-09-24T11:22:57Z,adservice,70.0,1150,0.8,0.06086956521739131,0
2026-09-24T11:22:57Z,redis-cart,36.0,540,0.8,0.06666666666666667,0
2026-09-24T11:22:58Z,frontend,392.75,1150,0.8,0.34152173913043476,0
2026-09-24T11:22:58Z,cartservice,543.0,1920,0.95,0.2828125,0
2026-09-24T11:22:58Z,checkoutservice,532.0,615,0.8,0.865040650406504,1
2026-09-24T11:22:58Z,productcatalogservice,572.0,1535,0.95,0.37263843648208467,0
2026-09-24T11:22:58Z,paymentservice,49.0,155,0.8,0.3161290322580645,0
2026-09-24T11:22:58Z,recommendationservice,776.0,1150,0.8,0.6747826086956522,0
2026-09-24T11:22:58Z,shippingservice,173.0,770,0.8,0.22467532467532467,0
2026-09-24T11:22:58Z,currencyservice,505.0,770,0.8,0.6558441558441559,0
2026-09-24T11:22:58Z,emailservice,35.0,155,0.8,0.22580645161290322,0
2026-09-24T11:22:58Z,adservice,113.0,1150,0.8,0.09826086956521739,0
2026-09-24T11:22:58Z,redis-cart,36.0,540,0.8,0.06666666666666667,0
2026-09-24T11:22:59Z,frontend,431.0,1150,0.8,0.37478260869565216,0
2026-09-24T11:22:59Z,cartservice,485.0,1920,0.95,0.2526041666666667,0
2026-09-24T11:22:59Z,checkoutservice,628.0,615,0.8,1.021138211382114,1
2026-09-24T11:22:59Z,productcatalogservice,574.0,1535,0.95,0.3739413680781759,0
2026-09-24T11:22:59Z,paymentservice,49.0,155,0.8,0.3161290322580645,0
2026-09-24T11:22:59Z,recommendationservice,776.0,1150,0.8,0.6747826086956522,0
2026-09-24T11:22:59Z,shippingservice,142.0,770,0.8,0.18441558441558442,0
2026-09-24T11:22:59Z,currencyservice,556.0,770,0.8,0.7220779220779221,0
2026-09-24T11:22:59Z,emailservice,36.0,155,0.8,0.23225806451612904,0
2026-09-24T11:22:59Z,adservice,174.0,1150,0.8,0.15130434782608695,0
2026-09-24T11:22:59Z,redis-cart,35.0,540,0.8,0.06481481481481481,0
2026-09-24T11:23:00Z,frontend,433.75,1150,0.8,0.37717391304347825,0
2026-09-24T11:23:00Z,cartservice,485.0,1920,0.95,0.2526041666666667,0
2026-09-24T11:23:00Z,checkoutservice,628.0,615,0.8,1.021138211382114,1
2026-09-24T11:23:00Z,productcatalogservice,574.0,1535,0.95,0.3739413680781759,0
2026-09-24T11:23:00Z,paymentservice,56.0,155,0.8,0.36129032258064514,0
2026-09-24T11:23:00Z,recommendationservice,852.0,1150,0.8,0.7408695652173913,0
2026-09-24T11:23:00Z,shippingservice,117.0,770,0.8,0.15194805194805194,0
2026-09-24T11:23:00Z,currencyservice,556.0,770,0.8,0.7220779220779221,0
2026-09-24T11:23:00Z,emailservice,26.0,155,0.8,0.16774193548387098,0
2026-09-24T11:23:00Z,adservice,174.0,1150,0.8,0.15130434782608695,0
2026-09-24T11:23:00Z,redis-cart,35.0,540,0.8,0.06481481481481481,0
2026-09-24T11:23:01Z,frontend,404.75,1150,0.8,0.35195652173913045,0
2026-09-24T11:23:01Z,cartservice,462.0,1920,0.95,0.240625,0
2026-09-24T11:23:01Z,checkoutservice,606.0,615,0.8,0.9853658536585366,1
2026-09-24T11:23:01Z,productcatalogservice,554.0,1535,0.95,0.36091205211726385,0
2026-09-24T11:23:01Z,paymentservice,61.0,155,0.8,0.3935483870967742,0
2026-09-24T11:23:01Z,recommendationservice,852.0,1150,0.8,0.7408695652173913,0
2026-09-24T11:23:01Z,shippingservice,117.0,770,0.8,0.15194805194805194,0
2026-09-24T11:23:01Z,currencyservice,481.0,770,0.8,0.6246753246753247,0
2026-09-24T11:23:01Z,emailservice,26.0,155,0.8,0.16774193548387098,0
2026-09-24T11:23:01Z,adservice,160.0,1150,0.8,0.1391304347826087,0
2026-09-24T11:23:01Z,redis-cart,30.0,540,0.8,0.05555555555555555,0
2026-09-24T11:23:02Z,frontend,418.0,1150,0.8,0.3634782608695652,0
2026-09-24T11:23:02Z,cartservice,462.0,1920,0.95,0.240625,0
2026-09-24T11:23:02Z,checkoutservice,606.0,615,0.8,0.9853658536585366,1
2026-09-24T11:23:02Z,productcatalogservice,570.0,1535,0.95,0.3713355048859935,0
2026-09-24T11:23:02Z,paymentservice,41.0,155,0.8,0.2645161290322581,0
2026-09-24T11:23:02Z,recommendationservice,885.0,1150,0.8,0.7695652173913043,0
2026-09-24T11:23:02Z,shippingservice,138.0,770,0.8,0.17922077922077922,0
2026-09-24T11:23:02Z,currencyservice,481.0,770,0.8,0.6246753246753247,0
2026-09-24T11:23:02Z,emailservice,0.0,155,0.8,0.0,0
2026-09-24T11:23:02Z,adservice,176.0,1150,0.8,0.15304347826086956,0
2026-09-24T11:23:02Z,redis-cart,30.0,540,0.8,0.05555555555555555,0
2026-09-24T11:23:03Z,frontend,434.25,1150,0.8,0.3776086956521739,0
2026-09-24T11:23:03Z,cartservice,472.0,1920,0.95,0.24583333333333332,0
2026-09-24T11:23:03Z,checkoutservice,618.0,615,0.8,1.0048780487804878,1
2026-09-24T11:23:03Z,productcatalogservice,570.0,1535,0.95,0.3713355048859935,0
2026-09-24T11:23:03Z,paymentservice,41.0,155,0.8,0.2645161290322581,0
2026-09-24T11:23:03Z,recommendationservice,873.0,1150,0.8,0.7591304347826087,0
2026-09-24T11:23:03Z,shippingservice,143.0,770,0.8,0.18571428571428572,0
2026-09-24T11:23:03Z,currencyservice,516.0,770,0.8,0.6701298701298701,0
2026-09-24T11:23:03Z,emailservice,0.0,155,0.8,0.0,0
2026-09-24T11:23:03Z,adservice,176.0,1150,0.8,0.15304347826086956,0
2026-09-24T11:23:03Z,redis-cart,32.0,540,0.8,0.05925925925925926,0
2026-09-24T11:23:04Z,frontend,365.25,1150,0.8,0.3176086956521739,0
2026-09-24T11:23:04Z,cartservice,508.0,1920,0.95,0.26458333333333334,0
2026-09-24T11:23:04Z,checkoutservice,592.0,615,0.8,0.9626016260162602,1
2026-09-24T11:23:04Z,productcatalogservice,569.0,1535,0.95,0.3706840390879479,0
2026-09-24T11:23:04Z,paymentservice,58.0,155,0.8,0.3741935483870968,0
2026-09-24T11:23:04Z,recommendationservice,873.0,1150,0.8,0.7591304347826087,0
2026-09-24T11:23:04Z,shippingservice,143.0,770,0.8,0.18571428571428572,0
2026-09-24T11:23:04Z,currencyservice,518.0,770,0.8,0.6727272727272727,0
2026-09-24T11:23:04Z,emailservice,0.0,155,0.8,0.0,0
2026-09-24T11:23:04Z,adservice,129.0,1150,0.8,0.11217391304347826,0
2026-09-24T11:23:04Z,redis-cart,34.0,540,0.8,0.06296296296296296,0
2026-09-24T11:23:05Z,frontend,330.5,1150,0.8,0.28739130434782606,0
2026-09-24T11:23:05Z,cartservice,453.0,1920,0.95,0.2359375,0
2026-09-24T11:23:05Z,checkoutservice,581.0,615,0.8,0.9447154471544715,1
2026-09-24T11:23:05Z,productcatalogservice,423.0,1535,0.95,0.2755700325732899,0
2026-09-24T11:23:05Z,paymentservice,58.0,155,0.8,0.3741935483870968,0
2026-09-24T11:23:05Z,recommendationservice,1093.0,1150,0.8,0.9504347826086956,1
2026-09-24T11:23:05Z,shippingservice,77.0,770,0.8,0.1,0
2026-09-24T11:23:05Z,currencyservice,329.0,770,0.8,0.42727272727272725,0
2026-09-24T11:23:05Z,emailservice,28.0,155,0.8,0.18064516129032257,0
2026-09-24T11:23:05Z,adservice,129.0,1150,0.8,0.11217391304347826,0
2026-09-24T11:23:05Z,redis-cart,34.0,540,0.8,0.06296296296296296,0
2026-09-24T11:23:06Z,frontend,274.75,1150,0.8,0.23891304347826087,0
2026-09-24T11:23:06Z,cartservice,453.0,1920,0.95,0.2359375,0
2026-09-24T11:23:06Z,checkoutservice,581.0,615,0.8,0.9447154471544715,1
2026-09-24T11:23:06Z,productcatalogservice,423.0,1535,0.95,0.2755700325732899,0
2026-09-24T11:23:06Z,paymentservice,35.0,155,0.8,0.22580645161290322,0
2026-09-24T11:23:06Z,recommendationservice,1163.0,1150,0.8,1.011304347826087,1
2026-09-24T11:23:06Z,shippingservice,77.0,770,0.8,0.1,0
2026-09-24T11:23:06Z,currencyservice,329.0,770,0.8,0.42727272727272725,0
2026-09-24T11:23:06Z,emailservice,42.0,155,0.8,0.2709677419354839,0
2026-09-24T11:23:06Z,adservice,54.0,1150,0.8,0.04695652173913043,0
2026-09-24T11:23:06Z,redis-cart,33.0,540,0.8,0.06111111111111111,0
2026-09-24T11:23:07Z,frontend,267.0,1150,0.8,0.23217391304347826,0
2026-09-24T11:23:07Z,cartservice,470.0,1920,0.95,0.24479166666666666,0
2026-09-24T11:23:07Z,checkoutservice,252.0,615,0.8,0.4097560975609756,0
2026-09-24T11:23:07Z,productcatalogservice,404.0,1535,0.95,0.26319218241042347,0
2026-09-24T11:23:07Z,paymentservice,19.0,155,0.8,0.12258064516129032,0
2026-09-24T11:23:07Z,recommendationservice,1136.0,1150,0.8,0.9878260869565217,1
2026-09-24T11:23:07Z,shippingservice,45.0,770,0.8,0.05844155844155844,0
2026-09-24T11:23:07Z,currencyservice,330.0,770,0.8,0.42857142857142855,0
2026-09-24T11:23:07Z,emailservice,35.0,155,0.8,0.22580645161290322,0
2026-09-24T11:23:07Z,adservice,54.0,1150,0.8,0.04695652173913043,0
2026-09-24T11:23:07Z,redis-cart,33.0,540,0.8,0.06111111111111111,0
2026-09-24T11:23:08Z,frontend,263.0,1150,0.8,0.22869565217391305,0
2026-09-24T11:23:08Z,cartservice,460.0,1920,0.95,0.23958333333333334,0
2026-09-24T11:23:08Z,checkoutservice,252.0,615,0.8,0.4097560975609756,0
2026-09-24T11:23:08Z,productcatalogservice,404.0,1535,0.95,0.26319218241042347,0
2026-09-24T11:23:08Z,paymentservice,19.0,155,0.8,0.12258064516129032,0
2026-09-24T11:23:08Z,recommendationservice,1136.0,1150,0.8,0.9878260869565217,1
2026-09-24T11:23:08Z,shippingservice,51.0,770,0.8,0.06623376623376623,0
2026-09-24T11:23:08Z,currencyservice,265.0,770,0.8,0.34415584415584416,0
2026-09-24T11:23:08Z,emailservice,25.0,155,0.8,0.16129032258064516,0
2026-09-24T11:23:08Z,adservice,66.0,1150,0.8,0.057391304347826085,0
2026-09-24T11:23:08Z,redis-cart,32.0,540,0.8,0.05925925925925926,0
2026-09-24T11:23:09Z,frontend,272.5,1150,0.8,0.23695652173913043,0
2026-09-24T11:23:09Z,cartservice,438.0,1920,0.95,0.228125,0
2026-09-24T11:23:09Z,checkoutservice,296.0,615,0.8,0.4813008130081301,0
2026-09-24T11:23:09Z,productcatalogservice,380.0,1535,0.95,0.247557003257329,0
2026-09-24T11:23:09Z,paymentservice,13.0,155,0.8,0.08387096774193549,0
2026-09-24T11:23:09Z,recommendationservice,1132.0,1150,0.8,0.9843478260869565,1
2026-09-24T11:23:09Z,shippingservice,51.0,770,0.8,0.06623376623376623,0
2026-09-24T11:23:09Z,currencyservice,323.0,770,0.8,0.41948051948051945,0
2026-09-24T11:23:09Z,emailservice,25.0,155,0.8,0.16129032258064516,0
2026-09-24T11:23:09Z,adservice,65.0,1150,0.8,0.05652173913043478,0
2026-09-24T11:23:09Z,redis-cart,31.0,540,0.8,0.05740740740740741,0
2026-09-24T11:23:10Z,frontend,272.25,1150,0.8,0.23673913043478262,0
2026-09-24T11:23:10Z,cartservice,438.0,1920,0.95,0.228125,0
2026-09-24T11:23:10Z,checkoutservice,296.0,615,0.8,0.4813008130081301,0
2026-09-24T11:23:10Z,productcatalogservice,379.0,1535,0.95,0.2469055374592834,0
2026-09-24T11:23:10Z,paymentservice,38.0,155,0.8,0.24516129032258063,0
2026-09-24T11:23:10Z,recommendationservice,1132.0,1150,0.8,0.9843478260869565,1
2026-09-24T11:23:10Z,shippingservice,29.0,770,0.8,0.03766233766233766,0
2026-09-24T11:23:10Z,currencyservice,323.0,770,0.8,0.41948051948051945,0
2026-09-24T11:23:10Z,emailservice,46.0,155,0.8,0.2967741935483871,0
2026-09-24T11:23:10Z,adservice,65.0,1150,0.8,0.05652173913043478,0
2026-09-24T11:23:10Z,redis-cart,31.0,540,0.8,0.05740740740740741,0
2026-09-24T11:23:11Z,frontend,218.0,1150,0.8,0.18956521739130436,0
2026-09-24T11:23:11Z,cartservice,416.0,1920,0.95,0.21666666666666667,0
2026-09-24T11:23:11Z,checkoutservice,37.0,615,0.8,0.06016260162601626,0
2026-09-24T11:23:11Z,productcatalogservice,379.0,1535,0.95,0.2469055374592834,0
2026-09-24T11:23:11Z,paymentservice,0.0,155,0.8,0.0,0
2026-09-24T11:23:11Z,recommendationservice,1157.0,1150,0.8,1.0060869565217392,1
2026-09-24T11:23:11Z,shippingservice,0.0,770,0.8,0.0,0
2026-09-24T11:23:11Z,currencyservice,302.0,770,0.8,0.3922077922077922,0
2026-09-24T11:23:11Z,emailservice,46.0,155,0.8,0.2967741935483871,0
2026-09-24T11:23:11Z,adservice,68.0,1150,0.8,0.059130434782608696,0
2026-09-24T11:23:11Z,redis-cart,29.0,540,0.8,0.053703703703703705,0
2026-09-24T11:23:12Z,frontend,257.75,1150,0.8,0.2241304347826087,0
2026-09-24T11:23:12Z,cartservice,416.0,1920,0.95,0.21666666666666667,0
2026-09-24T11:23:12Z,checkoutservice,102.0,615,0.8,0.16585365853658537,0
2026-09-24T11:23:12Z,productcatalogservice,345.0,1535,0.95,0.2247557003257329,0
2026-09-24T11:23:12Z,paymentservice,0.0,155,0.8,0.0,0
2026-09-24T11:23:12Z,recommendationservice,1157.0,1150,0.8,1.0060869565217392,1
2026-09-24T11:23:12Z,shippingservice,12.0,770,0.8,0.015584415584415584,0
2026-09-24T11:23:12Z,currencyservice,316.0,770,0.8,0.4103896103896104,0
2026-09-24T11:23:12Z,emailservice,8.0,155,0.8,0.05161290322580645,0
2026-09-24T11:23:12Z,adservice,68.0,1150,0.8,0.059130434782608696,0
2026-09-24T11:23:12Z,redis-cart,29.0,540,0.8,0.053703703703703705,0
2026-09-24T11:23:13Z,frontend,244.75,1150,0.8,0.21282608695652175,0
2026-09-24T11:23:13Z,cartservice,441.0,1920,0.95,0.2296875,0
2026-09-24T11:23:13Z,checkoutservice,102.0,615,0.8,0.16585365853658537,0
2026-09-24T11:23:13Z,productcatalogservice,345.0,1535,0.95,0.2247557003257329,0
2026-09-24T11:23:13Z,paymentservice,4.0,155,0.8,0.025806451612903226,0
2026-09-24T11:23:13Z,recommendationservice,1157.0,1150,0.8,1.0060869565217392,1
2026-09-24T11:23:13Z,shippingservice,12.0,770,0.8,0.015584415584415584,0
2026-09-24T11:23:13Z,currencyservice,316.0,770,0.8,0.4103896103896104,0
2026-09-24T11:23:13Z,emailservice,0.0,155,0.8,0.0,0
2026-09-24T11:23:13Z,adservice,41.0,1150,0.8,0.035652173913043476,0
2026-09-24T11:23:13Z,redis-cart,31.0,540,0.8,0.05740740740740741,0
2026-09-24T11:23:14Z,frontend,251.5,1150,0.8,0.21869565217391304,0
2026-09-24T11:23:14Z,cartservice,430.0,1920,0.95,0.22395833333333334,0
2026-09-24T11:23:14Z,checkoutservice,188.0,615,0.8,0.3056910569105691,0
2026-09-24T11:23:14Z,productcatalogservice,313.0,1535,0.95,0.20390879478827362,0
2026-09-24T11:23:14Z,paymentservice,4.0,155,0.8,0.025806451612903226,0
2026-09-24T11:23:14Z,recommendationservice,1141.0,1150,0.8,0.9921739130434782,1
2026-09-24T11:23:14Z,shippingservice,35.0,770,0.8,0.045454545454545456,0
2026-09-24T11:23:14Z,currencyservice,293.0,770,0.8,0.38051948051948054,0
2026-09-24T11:23:14Z,emailservice,0.0,155,0.8,0.0,0
2026-09-24T11:23:14Z,adservice,58.0,1150,0.8,0.050434782608695654,0
2026-09-24T11:23:14Z,redis-cart,31.0,540,0.8,0.05740740740740741,0
2026-09-24T11:23:15Z,frontend,261.5,1150,0.8,0.2273913043478261,0
2026-09-24T11:23:15Z,cartservice,470.0,1920,0.95,0.24479166666666666,0
2026-09-24T11:23:15Z,checkoutservice,188.0,615,0.8,0.3056910569105691,0
2026-09-24T11:23:15Z,productcatalogservice,313.0,1535,0.95,0.20390879478827362,0
2026-09-24T11:23:15Z,paymentservice,12.0,155,0.8,0.07741935483870968,0
2026-09-24T11:23:15Z,recommendationservice,1155.0,1150,0.8,1.0043478260869565,1
2026-09-24T11:23:15Z,shippingservice,33.0,770,0.8,0.04285714285714286,0
2026-09-24T11:23:15Z,currencyservice,293.0,770,0.8,0.38051948051948054,0
2026-09-24T11:23:15Z,emailservice,53.0,155,0.8,0.3419354838709677,0
2026-09-24T11:23:15Z,adservice,54.0,1150,0.8,0.04695652173913043,0
2026-09-24T11:23:15Z,redis-cart,31.0,540,0.8,0.05740740740740741,0
2026-09-24T11:23:16Z,frontend,253.75,1150,0.8,0.22065217391304348,0
2026-09-24T11:23:16Z,cartservice,470.0,1920,0.95,0.24479166666666666,0
2026-09-24T11:23:16Z,checkoutservice,253.0,615,0.8,0.4113821138211382,0
2026-09-24T11:23:16Z,productcatalogservice,405.0,1535,0.95,0.26384364820846906,0
2026-09-24T11:23:16Z,paymentservice,19.0,155,0.8,0.12258064516129032,0
2026-09-24T11:23:16Z,recommendationservice,1155.0,1150,0.8,1.0043478260869565,1
2026-09-24T11:23:16Z,shippingservice,33.0,770,0.8,0.04285714285714286,0
2026-09-24T11:23:16Z,currencyservice,307.0,770,0.8,0.3987012987012987,0
2026-09-24T11:23:16Z,emailservice,44.0,155,0.8,0.2838709677419355,0
2026-09-24T11:23:16Z,adservice,54.0,1150,0.8,0.04695652173913043,0
2026-09-24T11:23:16Z,redis-cart,32.0,540,0.8,0.05925925925925926,0
2026-09-24T11:23:17Z,frontend,302.0,1150,0.8,0.26260869565217393,0
2026-09-24T11:23:17Z,cartservice,453.0,1920,0.95,0.2359375,0
2026-09-24T11:23:17Z,checkoutservice,253.0,615,0.8,0.4113821138211382,0
2026-09-24T11:23:17Z,productcatalogservice,408.0,1535,0.95,0.26579804560260584,0
2026-09-24T11:23:17Z,paymentservice,19.0,155,0.8,0.12258064516129032,0
2026-09-24T11:23:17Z,recommendationservice,1133.0,1150,0.8,0.9852173913043478,1
2026-09-24T11:23:17Z,shippingservice,40.0,770,0.8,0.05194805194805195,0
2026-09-24T11:23:17Z,currencyservice,339.0,770,0.8,0.44025974025974024,0
2026-09-24T11:23:17Z,emailservice,44.0,155,0.8,0.2838709677419355,0
2026-09-24T11:23:17Z,adservice,78.0,1150,0.8,0.06782608695652174,0
2026-09-24T11:23:17Z,redis-cart,32.0,540,0.8,0.05925925925925926,0
2026-09-24T11:23:18Z,frontend,285.5,1150,0.8,0.2482608695652174,0
2026-09-24T11:23:18Z,cartservice,424.0,1920,0.95,0.22083333333333333,0
2026-09-24T11:23:18Z,checkoutservice,459.0,615,0.8,0.7463414634146341,0
2026-09-24T11:23:18Z,productcatalogservice,415.0,1535,0.95,0.2703583061889251,0
2026-09-24T11:23:18Z,paymentservice,18.0,155,0.8,0.11612903225806452,0
2026-09-24T11:23:18Z,recommendationservice,1151.0,1150,0.8,1.0008695652173913,1
2026-09-24T11:23:18Z,shippingservice,40.0,770,0.8,0.05194805194805195,0
2026-09-24T11:23:18Z,currencyservice,339.0,770,0.8,0.44025974025974024,0
2026-09-24T11:23:18Z,emailservice,45.0,155,0.8,0.2903225806451613,0
2026-09-24T11:23:18Z,adservice,78.0,1150,0.8,0.06782608695652174,0
2026-09-24T11:23:18Z,redis-cart,32.0,540,0.8,0.05925925925925926,0
2026-09-24T11:23:19Z,frontend,271.75,1150,0.8,0.23630434782608695,0
2026-09-24T11:23:19Z,cartservice,437.0,1920,0.95,0.22760416666666666,0
2026-09-24T11:23:19Z,checkoutservice,199.0,615,0.8,0.3235772357723577,0
2026-09-24T11:23:19Z,productcatalogservice,400.0,1535,0.95,0.26058631921824105,0
2026-09-24T11:23:19Z,paymentservice,13.0,155,0.8,0.08387096774193549,0
2026-09-24T11:23:19Z,recommendationservice,1133.0,1150,0.8,0.9852173913043478,1
2026-09-24T11:23:19Z,shippingservice,63.0,770,0.8,0.08181818181818182,0
2026-09-24T11:23:19Z,currencyservice,304.0,770,0.8,0.3948051948051948,0
2026-09-24T11:23:19Z,emailservice,22.0,155,0.8,0.14193548387096774,0
2026-09-24T11:23:19Z,adservice,52.0,1150,0.8,0.04521739130434783,0
2026-09-24T11:23:19Z,redis-cart,32.0,540,0.8,0.05925925925925926,0
2026-09-24T11:23:20Z,frontend,254.25,1150,0.8,0.22108695652173913,0
2026-09-24T11:23:20Z,cartservice,437.0,1920,0.95,0.22760416666666666,0
2026-09-24T11:23:20Z,checkoutservice,199.0,615,0.8,0.3235772357723577,0
2026-09-24T11:23:20Z,productcatalogservice,366.0,1535,0.95,0.23843648208469057,0
2026-09-24T11:23:20Z,paymentservice,13.0,155,0.8,0.08387096774193549,0
2026-09-24T11:23:20Z,recommendationservice,1133.0,1150,0.8,0.9852173913043478,1
2026-09-24T11:23:20Z,shippingservice,11.0,770,0.8,0.014285714285714285,0
2026-09-24T11:23:20Z,currencyservice,362.0,770,0.8,0.4701298701298701,0
2026-09-24T11:23:20Z,emailservice,22.0,155,0.8,0.14193548387096774,0
2026-09-24T11:23:20Z,adservice,52.0,1150,0.8,0.04521739130434783,0
2026-09-24T11:23:20Z,redis-cart,33.0,540,0.8,0.06111111111111111,0
2026-09-24T11:23:21Z,frontend,238.25,1150,0.8,0.20717391304347826,0
2026-09-24T11:23:21Z,cartservice,453.0,1920,0.95,0.2359375,0
2026-09-24T11:23:21Z,checkoutservice,183.0,615,0.8,0.2975609756097561,0
2026-09-24T11:23:21Z,productcatalogservice,366.0,1535,0.95,0.23843648208469057,0
2026-09-24T11:23:21Z,paymentservice,43.0,155,0.8,0.27741935483870966,0
2026-09-24T11:23:21Z,recommendationservice,1140.0,1150,0.8,0.991304347826087,1
2026-09-24T11:23:21Z,shippingservice,11.0,770,0.8,0.014285714285714285,0
2026-09-24T11:23:21Z,currencyservice,362.0,770,0.8,0.4701298701298701,0
2026-09-24T11:23:21Z,emailservice,36.0,155,0.8,0.23225806451612904,0
2026-09-24T11:23:21Z,adservice,40.0,1150,0.8,0.034782608695652174,0
2026-09-24T11:23:21Z,redis-cart,33.0,540,0.8,0.06111111111111111,0
2026-09-24T11:23:22Z,frontend,271.25,1150,0.8,0.2358695652173913,0
2026-09-24T11:23:22Z,cartservice,453.0,1920,0.95,0.2359375,0
2026-09-24T11:23:22Z,checkoutservice,228.0,615,0.8,0.37073170731707317,0
2026-09-24T11:23:22Z,productcatalogservice,347.0,1535,0.95,0.2260586319218241,0
2026-09-24T11:23:22Z,paymentservice,14.0,155,0.8,0.09032258064516129,0
2026-09-24T11:23:22Z,recommendationservice,1142.0,1150,0.8,0.9930434782608696,1
2026-09-24T11:23:22Z,shippingservice,40.0,770,0.8,0.05194805194805195,0
2026-09-24T11:23:22Z,currencyservice,314.0,770,0.8,0.4077922077922078,0
2026-09-24T11:23:22Z,emailservice,36.0,155,0.8,0.23225806451612904,0
2026-09-24T11:23:22Z,adservice,40.0,1150,0.8,0.034782608695652174,0
2026-09-24T11:23:22Z,redis-cart,30.0,540,0.8,0.05555555555555555,0
2026-09-24T11:23:23Z,frontend,285.25,1150,0.8,0.24804347826086956,0
2026-09-24T11:23:23Z,cartservice,419.0,1920,0.95,0.21822916666666667,0
2026-09-24T11:23:23Z,checkoutservice,228.0,615,0.8,0.37073170731707317,0
2026-09-24T11:23:23Z,productcatalogservice,426.0,1535,0.95,0.2775244299674267,0
2026-09-24T11:23:23Z,paymentservice,18.0,155,0.8,0.11612903225806452,0
2026-09-24T11:23:23Z,recommendationservice,1142.0,1150,0.8,0.9930434782608696,1
2026-09-24T11:23:23Z,shippingservice,64.0,770,0.8,0.08311688311688312,0
2026-09-24T11:23:23Z,currencyservice,297.0,770,0.8,0.38571428571428573,0
2026-09-24T11:23:23Z,emailservice,40.0,155,0.8,0.25806451612903225,0
2026-09-24T11:23:23Z,adservice,56.0,1150,0.8,0.04869565217391304,0
2026-09-24T11:23:23Z,redis-cart,30.0,540,0.8,0.05555555555555555,0
2026-09-24T11:23:24Z,frontend,281.0,1150,0.8,0.24434782608695652,0
2026-09-24T11:23:24Z,cartservice,451.0,1920,0.95,0.23489583333333333,0
2026-09-24T11:23:24Z,checkoutservice,396.0,615,0.8,0.6439024390243903,0
2026-09-24T11:23:24Z,productcatalogservice,426.0,1535,0.95,0.2775244299674267,0
2026-09-24T11:23:24Z,paymentservice,14.0,155,0.8,0.09032258064516129,0
2026-09-24T11:23:24Z,recommendationservice,1144.0,1150,0.8,0.9947826086956522,1
2026-09-24T11:23:24Z,shippingservice,49.0,770,0.8,0.06363636363636363,0
2026-09-24T11:23:24Z,currencyservice,297.0,770,0.8,0.38571428571428573,0
2026-09-24T11:23:24Z,emailservice,40.0,155,0.8,0.25806451612903225,0
2026-09-24T11:23:24Z,adservice,66.0,1150,0.8,0.057391304347826085,0
2026-09-24T11:23:24Z,redis-cart,31.0,540,0.8,0.05740740740740741,0
2026-09-24T11:23:25Z,frontend,274.75,1150,0.8,0.23891304347826087,0
2026-09-24T11:23:25Z,cartservice,451.0,1920,0.95,0.23489583333333333,0
2026-09-24T11:23:25Z,checkoutservice,115.0,615,0.8,0.18699186991869918,0
2026-09-24T11:23:25Z,productcatalogservice,389.0,1535,0.95,0.2534201954397394,0
2026-09-24T11:23:25Z,paymentservice,14.0,155,0.8,0.09032258064516129,0
2026-09-24T11:23:25Z,recommendationservice,1152.0,1150,0.8,1.0017391304347827,1
2026-09-24T11:23:25Z,shippingservice,49.0,770,0.8,0.06363636363636363,0
2026-09-24T11:23:25Z,currencyservice,320.0,770,0.8,0.4155844155844156,0
2026-09-24T11:23:25Z,emailservice,47.0,155,0.8,0.3032258064516129,0
2026-09-24T11:23:25Z,adservice,75.0,1150,0.8,0.06521739130434782,0
2026-09-24T11:23:25Z,redis-cart,31.0,540,0.8,0.05740740740740741,0
2026-09-24T11:23:26Z,frontend,247.25,1150,0.8,0.215,0
2026-09-24T11:23:26Z,cartservice,402.0,1920,0.95,0.209375,0
2026-09-24T11:23:26Z,checkoutservice,115.0,615,0.8,0.18699186991869918,0
2026-09-24T11:23:26Z,productcatalogservice,389.0,1535,0.95,0.2534201954397394,0
2026-09-24T11:23:26Z,paymentservice,0.0,155,0.8,0.0,0
2026-09-24T11:23:26Z,recommendationservice,1152.0,1150,0.8,1.0017391304347827,1
2026-09-24T11:23:26Z,shippingservice,0.0,770,0.8,0.0,0
2026-09-24T11:23:26Z,currencyservice,320.0,770,0.8,0.4155844155844156,0
2026-09-24T11:23:26Z,emailservice,8.0,155,0.8,0.05161290322580645,0
2026-09-24T11:23:26Z,adservice,32.0,1150,0.8,0.02782608695652174,0
2026-09-24T11:23:26Z,redis-cart,31.0,540,0.8,0.05740740740740741,0
2026-09-24T11:23:27Z,frontend,238.5,1150,0.8,0.2073913043478261,0
2026-09-24T11:23:27Z,cartservice,492.0,1920,0.95,0.25625,0
2026-09-24T11:23:27Z,checkoutservice,7.0,615,0.8,0.011382113821138212,0
2026-09-24T11:23:27Z,productcatalogservice,302.0,1535,0.95,0.196742671009772,0
2026-09-24T11:23:27Z,paymentservice,0.0,155,0.8,0.0,0
2026-09-24T11:23:27Z,recommendationservice,1154.0,1150,0.8,1.0034782608695652,1
2026-09-24T11:23:27Z,shippingservice,3.0,770,0.8,0.003896103896103896,0
2026-09-24T11:23:27Z,currencyservice,295.0,770,0.8,0.38311688311688313,0
2026-09-24T11:23:27Z,emailservice,11.0,155,0.8,0.07096774193548387,0
2026-09-24T11:23:27Z,adservice,32.0,1150,0.8,0.02782608695652174,0
2026-09-24T11:23:27Z,redis-cart,32.0,540,0.8,0.05925925925925926,0
2026-09-24T11:23:28Z,frontend,258.0,1150,0.8,0.22434782608695653,0
2026-09-24T11:23:28Z,cartservice,492.0,1920,0.95,0.25625,0
2026-09-24T11:23:28Z,checkoutservice,220.0,615,0.8,0.35772357723577236,0
2026-09-24T11:23:28Z,productcatalogservice,346.0,1535,0.95,0.2254071661237785,0
2026-09-24T11:23:28Z,paymentservice,0.0,155,0.8,0.0,0
2026-09-24T11:23:28Z,recommendationservice,1143.0,1150,0.8,0.9939130434782608,1
2026-09-24T11:23:28Z,shippingservice,53.0,770,0.8,0.06883116883116883,0
2026-09-24T11:23:28Z,currencyservice,343.0,770,0.8,0.44545454545454544,0
2026-09-24T11:23:28Z,emailservice,11.0,155,0.8,0.07096774193548387,0
2026-09-24T11:23:28Z,adservice,52.0,1150,0.8,0.04521739130434783,0
2026-09-24T11:23:28Z,redis-cart,31.0,540,0.8,0.05740740740740741,0
2026-09-24T11:23:29Z,frontend,233.0,1150,0.8,0.2026086956521739,0
2026-09-24T11:23:29Z,cartservice,439.0,1920,0.95,0.22864583333333333,0
2026-09-24T11:23:29Z,checkoutservice,220.0,615,0.8,0.35772357723577236,0
2026-09-24T11:23:29Z,productcatalogservice,360.0,1535,0.95,0.23452768729641693,0
2026-09-24T11:23:29Z,paymentservice,7.0,155,0.8,0.04516129032258064,0
2026-09-24T11:23:29Z,recommendationservice,1158.0,1150,0.8,1.0069565217391305,1
2026-09-24T11:23:29Z,shippingservice,53.0,770,0.8,0.06883116883116883,0
2026-09-24T11:23:29Z,currencyservice,343.0,770,0.8,0.44545454545454544,0
2026-09-24T11:23:29Z,emailservice,16.0,155,0.8,0.1032258064516129,0
2026-09-24T11:23:29Z,adservice,52.0,1150,0.8,0.04521739130434783,0
2026-09-24T11:23:29Z,redis-cart,31.0,540,0.8,0.05740740740740741,0
2026-09-24T11:23:30Z,frontend,238.75,1150,0.8,0.2076086956521739,0
2026-09-24T11:23:30Z,cartservice,405.0,1920,0.95,0.2109375,0
2026-09-24T11:23:30Z,checkoutservice,125.0,615,0.8,0.2032520325203252,0
2026-09-24T11:23:30Z,productcatalogservice,308.0,1535,0.95,0.2006514657980456,0
2026-09-24T11:23:30Z,paymentservice,39.0,155,0.8,0.25161290322580643,0
2026-09-24T11:23:30Z,recommendationservice,1158.0,1150,0.8,1.0069565217391305,1
2026-09-24T11:23:30Z,shippingservice,22.0,770,0.8,0.02857142857142857,0
2026-09-24T11:23:30Z,currencyservice,304.0,770,0.8,0.3948051948051948,0
2026-09-24T11:23:30Z,emailservice,45.0,155,0.8,0.2903225806451613,0
2026-09-24T11:23:30Z,adservice,39.0,1150,0.8,0.03391304347826087,0
2026-09-24T11:23:30Z,redis-cart,34.0,540,0.8,0.06296296296296296,0
2026-09-24T11:23:31Z,frontend,283.0,1150,0.8,0.24608695652173912,0
2026-09-24T11:23:31Z,cartservice,452.0,1920,0.95,0.23541666666666666,0
2026-09-24T11:23:31Z,checkoutservice,125.0,615,0.8,0.2032520325203252,0
2026-09-24T11:23:31Z,productcatalogservice,402.0,1535,0.95,0.26188925081433223,0
2026-09-24T11:23:31Z,paymentservice,39.0,155,0.8,0.25161290322580643,0
2026-09-24T11:23:31Z,recommendationservice,1147.0,1150,0.8,0.9973913043478261,1
2026-09-24T11:23:31Z,shippingservice,20.0,770,0.8,0.025974025974025976,0
2026-09-24T11:23:31Z,currencyservice,296.0,770,0.8,0.38441558441558443,0
2026-09-24T11:23:31Z,emailservice,45.0,155,0.8,0.2903225806451613,0
2026-09-24T11:23:31Z,adservice,52.0,1150,0.8,0.04521739130434783,0
2026-09-24T11:23:31Z,redis-cart,30.0,540,0.8,0.05555555555555555,0
2026-09-24T11:23:32Z,frontend,239.25,1150,0.8,0.20804347826086955,0
2026-09-24T11:23:32Z,cartservice,452.0,1920,0.95,0.23541666666666666,0
2026-09-24T11:23:32Z,checkoutservice,137.0,615,0.8,0.22276422764227644,0
2026-09-24T11:23:32Z,productcatalogservice,402.0,1535,0.95,0.26188925081433223,0
2026-09-24T11:23:32Z,paymentservice,0.0,155,0.8,0.0,0
2026-09-24T11:23:32Z,recommendationservice,1147.0,1150,0.8,0.9973913043478261,1
2026-09-24T11:23:32Z,shippingservice,20.0,770,0.8,0.025974025974025976,0
2026-09-24T11:23:32Z,currencyservice,296.0,770,0.8,0.38441558441558443,0
2026-09-24T11:23:32Z,emailservice,6.0,155,0.8,0.03870967741935484,0
2026-09-24T11:23:32Z,adservice,52.0,1150,0.8,0.04521739130434783,0
2026-09-24T11:23:32Z,redis-cart,30.0,540,0.8,0.05555555555555555,0
2026-09-24T11:23:33Z,frontend,267.25,1150,0.8,0.2323913043478261,0
2026-09-24T11:23:33Z,cartservice,448.0,1920,0.95,0.23333333333333334,0
2026-09-24T11:23:33Z,checkoutservice,137.0,615,0.8,0.22276422764227644,0
2026-09-24T11:23:33Z,productcatalogservice,365.0,1535,0.95,0.23778501628664495,0
2026-09-24T11:23:33Z,paymentservice,12.0,155,0.8,0.07741935483870968,0
2026-09-24T11:23:33Z,recommendationservice,1122.0,1150,0.8,0.9756521739130435,1
2026-09-24T11:23:33Z,shippingservice,35.0,770,0.8,0.045454545454545456,0
2026-09-24T11:23:33Z,currencyservice,310.0,770,0.8,0.4025974025974026,0
2026-09-24T11:23:33Z,emailservice,6.0,155,0.8,0.03870967741935484,0
2026-09-24T11:23:33Z,adservice,59.0,1150,0.8,0.051304347826086956,0
2026-09-24T11:23:33Z,redis-cart,33.0,540,0.8,0.06111111111111111,0
2026-09-24T11:23:34Z,frontend,255.0,1150,0.8,0.2217391304347826,0
2026-09-24T11:23:34Z,cartservice,422.0,1920,0.95,0.21979166666666666,0
2026-09-24T11:23:34Z,checkoutservice,217.0,615,0.8,0.35284552845528455,0
2026-09-24T11:23:34Z,productcatalogservice,369.0,1535,0.95,0.24039087947882737,0
2026-09-24T11:23:34Z,paymentservice,12.0,155,0.8,0.07741935483870968,0
2026-09-24T11:23:34Z,recommendationservice,1122.0,1150,0.8,0.9756521739130435,1
2026-09-24T11:23:34Z,shippingservice,16.0,770,0.8,0.02077922077922078,0
2026-09-24T11:23:34Z,currencyservice,298.0,770,0.8,0.38701298701298703,0
2026-09-24T11:23:34Z,emailservice,20.0,155,0.8,0.12903225806451613,0
2026-09-24T11:23:34Z,adservice,59.0,1150,0.8,0.051304347826086956,0
2026-09-24T11:23:34Z,redis-cart,31.0,540,0.8,0.05740740740740741,0
2026-09-24T11:23:35Z,frontend,240.75,1150,0.8,0.2093478260869565,0
2026-09-24T11:23:35Z,cartservice,422.0,1920,0.95,0.21979166666666666,0
2026-09-24T11:23:35Z,checkoutservice,121.0,615,0.8,0.1967479674796748,0
2026-09-24T11:23:35Z,productcatalogservice,369.0,1535,0.95,0.24039087947882737,0
2026-09-24T11:23:35Z,paymentservice,6.0,155,0.8,0.03870967741935484,0
2026-09-24T11:23:35Z,recommendationservice,1149.0,1150,0.8,0.9991304347826087,1
2026-09-24T11:23:35Z,shippingservice,16.0,770,0.8,0.02077922077922078,0
2026-09-24T11:23:35Z,currencyservice,298.0,770,0.8,0.38701298701298703,0
2026-09-24T11:23:35Z,emailservice,20.0,155,0.8,0.12903225806451613,0
2026-09-24T11:23:35Z,adservice,43.0,1150,0.8,0.03739130434782609,0
2026-09-24T11:23:35Z,redis-cart,31.0,540,0.8,0.05740740740740741,0
2026-09-24T11:23:36Z,frontend,268.75,1150,0.8,0.23369565217391305,0
2026-09-24T11:23:36Z,cartservice,445.0,1920,0.95,0.23177083333333334,0
2026-09-24T11:23:36Z,checkoutservice,121.0,615,0.8,0.1967479674796748,0
2026-09-24T11:23:36Z,productcatalogservice,340.0,1535,0.95,0.22149837133550487,0
2026-09-24T11:23:36Z,paymentservice,6.0,155,0.8,0.03870967741935484,0
2026-09-24T11:23:36Z,recommendationservice,1144.0,1150,0.8,0.9947826086956522,1
2026-09-24T11:23:36Z,shippingservice,38.0,770,0.8,0.04935064935064935,0
2026-09-24T11:23:36Z,currencyservice,349.0,770,0.8,0.45324675324675323,0
2026-09-24T11:23:36Z,emailservice,45.0,155,0.8,0.2903225806451613,0
2026-09-24T11:23:36Z,adservice,57.0,1150,0.8,0.049565217391304345,0
2026-09-24T11:23:36Z,redis-cart,31.0,540,0.8,0.05740740740740741,0
2026-09-24T11:23:37Z,frontend,264.0,1150,0.8,0.22956521739130434,0
2026-09-24T11:23:37Z,cartservice,445.0,1920,0.95,0.23177083333333334,0
2026-09-24T11:23:37Z,checkoutservice,298.0,615,0.8,0.4845528455284553,0
2026-09-24T11:23:37Z,productcatalogservice,408.0,1535,0.95,0.26579804560260584,0
2026-09-24T11:23:37Z,paymentservice,13.0,155,0.8,0.08387096774193549,0
2026-09-24T11:23:37Z,recommendationservice,1144.0,1150,0.8,0.9947826086956522,1
2026-09-24T11:23:37Z,shippingservice,38.0,770,0.8,0.04935064935064935,0
2026-09-24T11:23:37Z,currencyservice,288.0,770,0.8,0.37402597402597404,0
2026-09-24T11:23:37Z,emailservice,18.0,155,0.8,0.11612903225806452,0
2026-09-24T11:23:37Z,adservice,57.0,1150,0.8,0.049565217391304345,0
2026-09-24T11:23:37Z,redis-cart,31.0,540,0.8,0.05740740740740741,0
2026-09-24T11:23:38Z,frontend,264.0,1150,0.8,0.22956521739130434,0
2026-09-24T11:23:38Z,cartservice,461.0,1920,0.95,0.24010416666666667,0
2026-09-24T11:23:38Z,checkoutservice,298.0,615,0.8,0.4845528455284553,0
2026-09-24T11:23:38Z,productcatalogservice,408.0,1535,0.95,0.26579804560260584,0
2026-09-24T11:23:38Z,paymentservice,10.0,155,0.8,0.06451612903225806,0
2026-09-24T11:23:38Z,recommendationservice,1154.0,1150,0.8,1.0034782608695652,1
2026-09-24T11:23:38Z,shippingservice,32.0,770,0.8,0.04155844155844156,0
2026-09-24T11:23:38Z,currencyservice,288.0,770,0.8,0.37402597402597404,0
2026-09-24T11:23:38Z,emailservice,18.0,155,0.8,0.11612903225806452,0
2026-09-24T11:23:38Z,adservice,46.0,1150,0.8,0.04,0
2026-09-24T11:23:38Z,redis-cart,31.0,540,0.8,0.05740740740740741,0
2026-09-24T11:23:39Z,frontend,245.75,1150,0.8,0.21369565217391304,0
2026-09-24T11:23:39Z,cartservice,424.0,1920,0.95,0.22083333333333333,0
2026-09-24T11:23:39Z,checkoutservice,206.0,615,0.8,0.33495934959349594,0
2026-09-24T11:23:39Z,productcatalogservice,359.0,1535,0.95,0.23387622149837134,0
2026-09-24T11:23:39Z,paymentservice,10.0,155,0.8,0.06451612903225806,0
2026-09-24T11:23:39Z,recommendationservice,1141.0,1150,0.8,0.9921739130434782,1
2026-09-24T11:23:39Z,shippingservice,32.0,770,0.8,0.04155844155844156,0
2026-09-24T11:23:39Z,currencyservice,298.0,770,0.8,0.38701298701298703,0
2026-09-24T11:23:39Z,emailservice,24.0,155,0.8,0.15483870967741936,0
2026-09-24T11:23:39Z,adservice,53.0,1150,0.8,0.04608695652173913,0
2026-09-24T11:23:39Z,redis-cart,32.0,540,0.8,0.05925925925925926,0
2026-09-24T11:23:40Z,frontend,270.0,1150,0.8,0.23478260869565218,0
2026-09-24T11:23:40Z,cartservice,424.0,1920,0.95,0.22083333333333333,0
2026-09-24T11:23:40Z,checkoutservice,144.0,615,0.8,0.23414634146341465,0
2026-09-24T11:23:40Z,productcatalogservice,382.0,1535,0.95,0.2488599348534202,0
2026-09-24T11:23:40Z,paymentservice,8.0,155,0.8,0.05161290322580645,0
2026-09-24T11:23:40Z,recommendationservice,1150.0,1150,0.8,1.0,1
2026-09-24T11:23:40Z,shippingservice,32.0,770,0.8,0.04155844155844156,0
2026-09-24T11:23:40Z,currencyservice,298.0,770,0.8,0.38701298701298703,0
2026-09-24T11:23:40Z,emailservice,44.0,155,0.8,0.2838709677419355,0
2026-09-24T11:23:40Z,adservice,53.0,1150,0.8,0.04608695652173913,0
2026-09-24T11:23:40Z,redis-cart,32.0,540,0.8,0.05925925925925926,0
2026-09-24T11:23:41Z,frontend,261.75,1150,0.8,0.22760869565217393,0
2026-09-24T11:23:41Z,cartservice,473.0,1920,0.95,0.24635416666666668,0
2026-09-24T11:23:41Z,checkoutservice,144.0,615,0.8,0.23414634146341465,0
2026-09-24T11:23:41Z,productcatalogservice,382.0,1535,0.95,0.2488599348534202,0
2026-09-24T11:23:41Z,paymentservice,41.0,155,0.8,0.2645161290322581,0
2026-09-24T11:23:41Z,recommendationservice,1150.0,1150,0.8,1.0,1
2026-09-24T11:23:41Z,shippingservice,32.0,770,0.8,0.04155844155844156,0
2026-09-24T11:23:41Z,currencyservice,328.0,770,0.8,0.42597402597402595,0
2026-09-24T11:23:41Z,emailservice,44.0,155,0.8,0.2838709677419355,0
2026-09-24T11:23:41Z,adservice,77.0,1150,0.8,0.06695652173913043,0
2026-09-24T11:23:41Z,redis-cart,32.0,540,0.8,0.05925925925925926,0
2026-09-24T11:23:42Z,frontend,271.5,1150,0.8,0.23608695652173914,0
2026-09-24T11:23:42Z,cartservice,434.0,1920,0.95,0.22604166666666667,0
2026-09-24T11:23:42Z,checkoutservice,211.0,615,0.8,0.34308943089430893,0
2026-09-24T11:23:42Z,productcatalogservice,370.0,1535,0.95,0.24104234527687296,0
2026-09-24T11:23:42Z,paymentservice,0.0,155,0.8,0.0,0
2026-09-24T11:23:42Z,recommendationservice,1148.0,1150,0.8,0.9982608695652174,1
2026-09-24T11:23:42Z,shippingservice,25.0,770,0.8,0.032467532467532464,0
2026-09-24T11:23:42Z,currencyservice,296.0,770,0.8,0.38441558441558443,0
2026-09-24T11:23:42Z,emailservice,16.0,155,0.8,0.1032258064516129,0
2026-09-24T11:23:42Z,adservice,77.0,1150,0.8,0.06695652173913043,0
2026-09-24T11:23:42Z,redis-cart,31.0,540,0.8,0.05740740740740741,0
2026-09-24T11:23:43Z,frontend,249.75,1150,0.8,0.21717391304347827,0
2026-09-24T11:23:43Z,cartservice,434.0,1920,0.95,0.22604166666666667,0
2026-09-24T11:23:43Z,checkoutservice,205.0,615,0.8,0.3333333333333333,0
2026-09-24T11:23:43Z,productcatalogservice,366.0,1535,0.95,0.23843648208469057,0
2026-09-24T11:23:43Z,paymentservice,0.0,155,0.8,0.0,0
2026-09-24T11:23:43Z,recommendationservice,1148.0,1150,0.8,0.9982608695652174,1
2026-09-24T11:23:43Z,shippingservice,39.0,770,0.8,0.05064935064935065,0
2026-09-24T11:23:43Z,currencyservice,296.0,770,0.8,0.38441558441558443,0
2026-09-24T11:23:43Z,emailservice,16.0,155,0.8,0.1032258064516129,0
2026-09-24T11:23:43Z,adservice,54.0,1150,0.8,0.04695652173913043,0
2026-09-24T11:23:43Z,redis-cart,31.0,540,0.8,0.05740740740740741,0
2026-09-24T11:23:44Z,frontend,249.5,1150,0.8,0.21695652173913044,0
2026-09-24T11:23:44Z,cartservice,425.0,1920,0.95,0.22135416666666666,0
2026-09-24T11:23:44Z,checkoutservice,213.0,615,0.8,0.3463414634146341,0
2026-09-24T11:23:44Z,productcatalogservice,353.0,1535,0.95,0.22996742671009773,0
2026-09-24T11:23:44Z,paymentservice,8.0,155,0.8,0.05161290322580645,0
2026-09-24T11:23:44Z,recommendationservice,1135.0,1150,0.8,0.9869565217391304,1
2026-09-24T11:23:44Z,shippingservice,39.0,770,0.8,0.05064935064935065,0
2026-09-24T11:23:44Z,currencyservice,299.0,770,0.8,0.38831168831168833,0
2026-09-24T11:23:44Z,emailservice,20.0,155,0.8,0.12903225806451613,0
2026-09-24T11:23:44Z,adservice,49.0,1150,0.8,0.042608695652173914,0
2026-09-24T11:23:44Z,redis-cart,31.0,540,0.8,0.05740740740740741,0
2026-09-24T11:23:45Z,frontend,286.75,1150,0.8,0.24934782608695652,0
2026-09-24T11:23:45Z,cartservice,425.0,1920,0.95,0.22135416666666666,0
2026-09-24T11:23:45Z,checkoutservice,213.0,615,0.8,0.3463414634146341,0
2026-09-24T11:23:45Z,productcatalogservice,353.0,1535,0.95,0.22996742671009773,0
2026-09-24T11:23:45Z,paymentservice,8.0,155,0.8,0.05161290322580645,0
2026-09-24T11:23:45Z,recommendationservice,1143.0,1150,0.8,0.9939130434782608,1
2026-09-24T11:23:45Z,shippingservice,35.0,770,0.8,0.045454545454545456,0
2026-09-24T11:23:45Z,currencyservice,389.0,770,0.8,0.5051948051948052,0
2026-09-24T11:23:45Z,emailservice,20.0,155,0.8,0.12903225806451613,0
2026-09-24T11:23:45Z,adservice,65.0,1150,0.8,0.05652173913043478,0
2026-09-24T11:23:45Z,redis-cart,31.0,540,0.8,0.05740740740740741,0
2026-09-24T11:23:46Z,frontend,302.5,1150,0.8,0.26304347826086955,0
2026-09-24T11:23:46Z,cartservice,450.0,1920,0.95,0.234375,0
2026-09-24T11:23:46Z,checkoutservice,372.0,615,0.8,0.6048780487804878,0
2026-09-24T11:23:46Z,productcatalogservice,425.0,1535,0.95,0.2768729641693811,0
2026-09-24T11:23:46Z,paymentservice,23.0,155,0.8,0.14838709677419354,0
2026-09-24T11:23:46Z,recommendationservice,1134.0,1150,0.8,0.9860869565217392,1
2026-09-24T11:23:46Z,shippingservice,35.0,770,0.8,0.045454545454545456,0
2026-09-24T11:23:46Z,currencyservice,389.0,770,0.8,0.5051948051948052,0
2026-09-24T11:23:46Z,emailservice,54.0,155,0.8,0.34838709677419355,0
2026-09-24T11:23:46Z,adservice,75.0,1150,0.8,0.06521739130434782,0
2026-09-24T11:23:46Z,redis-cart,30.0,540,0.8,0.05555555555555555,0
2026-09-24T11:23:47Z,frontend,262.75,1150,0.8,0.22847826086956521,0
2026-09-24T11:23:47Z,cartservice,450.0,1920,0.95,0.234375,0
2026-09-24T11:23:47Z,checkoutservice,363.0,615,0.8,0.5902439024390244,0
2026-09-24T11:23:47Z,productcatalogservice,425.0,1535,0.95,0.2768729641693811,0
2026-09-24T11:23:47Z,paymentservice,25.0,155,0.8,0.16129032258064516,0
2026-09-24T11:23:47Z,recommendationservice,1134.0,1150,0.8,0.9860869565217392,1
2026-09-24T11:23:47Z,shippingservice,59.0,770,0.8,0.07662337662337662,0
2026-09-24T11:23:47Z,currencyservice,340.0,770,0.8,0.44155844155844154,0
2026-09-24T11:23:47Z,emailservice,52.0,155,0.8,0.33548387096774196,0
2026-09-24T11:23:47Z,adservice,53.0,1150,0.8,0.04608695652173913,0
2026-09-24T11:23:47Z,redis-cart,31.0,540,0.8,0.05740740740740741,0
2026-09-24T11:23:48Z,frontend,286.0,1150,0.8,0.24869565217391304,0
2026-09-24T11:23:48Z,cartservice,420.0,1920,0.95,0.21875,0
2026-09-24T11:23:48Z,checkoutservice,227.0,615,0.8,0.36910569105691055,0
2026-09-24T11:23:48Z,productcatalogservice,413.0,1535,0.95,0.26905537459283385,0
2026-09-24T11:23:48Z,paymentservice,10.0,155,0.8,0.06451612903225806,0
2026-09-24T11:23:48Z,recommendationservice,1147.0,1150,0.8,0.9973913043478261,1
2026-09-24T11:23:48Z,shippingservice,66.0,770,0.8,0.08571428571428572,0
2026-09-24T11:23:48Z,currencyservice,312.0,770,0.8,0.4051948051948052,0
2026-09-24T11:23:48Z,emailservice,19.0,155,0.8,0.12258064516129032,0
2026-09-24T11:23:48Z,adservice,69.0,1150,0.8,0.06,0
2026-09-24T11:23:48Z,redis-cart,31.0,540,0.8,0.05740740740740741,0
2026-09-24T11:23:49Z,frontend,280.75,1150,0.8,0.2441304347826087,0
2026-09-24T11:23:49Z,cartservice,420.0,1920,0.95,0.21875,0
2026-09-24T11:23:49Z,checkoutservice,105.0,615,0.8,0.17073170731707318,0
2026-09-24T11:23:49Z,productcatalogservice,390.0,1535,0.95,0.254071661237785,0
2026-09-24T11:23:49Z,paymentservice,10.0,155,0.8,0.06451612903225806,0
2026-09-24T11:23:49Z,recommendationservice,1147.0,1150,0.8,0.9973913043478261,1
2026-09-24T11:23:49Z,shippingservice,22.0,770,0.8,0.02857142857142857,0
2026-09-24T11:23:49Z,currencyservice,312.0,770,0.8,0.4051948051948052,0
2026-09-24T11:23:49Z,emailservice,19.0,155,0.8,0.12258064516129032,0
2026-09-24T11:23:49Z,adservice,69.0,1150,0.8,0.06,0
2026-09-24T11:23:49Z,redis-cart,32.0,540,0.8,0.05925925925925926,0
2026-09-24T11:23:50Z,frontend,259.0,1150,0.8,0.2252173913043478,0
2026-09-24T11:23:50Z,cartservice,461.0,1920,0.95,0.24010416666666667,0
2026-09-24T11:23:50Z,checkoutservice,105.0,615,0.8,0.17073170731707318,0
2026-09-24T11:23:50Z,productcatalogservice,390.0,1535,0.95,0.254071661237785,0
2026-09-24T11:23:50Z,paymentservice,41.0,155,0.8,0.2645161290322581,0
2026-09-24T11:23:50Z,recommendationservice,1156.0,1150,0.8,1.0052173913043478,1
2026-09-24T11:23:50Z,shippingservice,50.0,770,0.8,0.06493506493506493,0
2026-09-24T11:23:50Z,currencyservice,311.0,770,0.8,0.4038961038961039,0
2026-09-24T11:23:50Z,emailservice,43.0,155,0.8,0.27741935483870966,0
2026-09-24T11:23:50Z,adservice,45.0,1150,0.8,0.0391304347826087,0
2026-09-24T11:23:50Z,redis-cart,32.0,540,0.8,0.05925925925925926,0
2026-09-24T11:23:51Z,frontend,260.5,1150,0.8,0.22652173913043477,0
2026-09-24T11:23:51Z,cartservice,413.0,1920,0.95,0.21510416666666668,0
2026-09-24T11:23:51Z,checkoutservice,249.0,615,0.8,0.40487804878048783,0
2026-09-24T11:23:51Z,productcatalogservice,389.0,1535,0.95,0.2534201954397394,0
2026-09-24T11:23:51Z,paymentservice,41.0,155,0.8,0.2645161290322581,0
2026-09-24T11:23:51Z,recommendationservice,1138.0,1150,0.8,0.9895652173913043,1
2026-09-24T11:23:51Z,shippingservice,50.0,770,0.8,0.06493506493506493,0
2026-09-24T11:23:51Z,currencyservice,321.0,770,0.8,0.41688311688311686,0
2026-09-24T11:23:51Z,emailservice,43.0,155,0.8,0.27741935483870966,0
2026-09-24T11:23:51Z,adservice,45.0,1150,0.8,0.0391304347826087,0
2026-09-24T11:23:51Z,redis-cart,30.0,540,0.8,0.05555555555555555,0
2026-09-24T11:23:52Z,frontend,264.75,1150,0.8,0.23021739130434782,0
2026-09-24T11:23:52Z,cartservice,413.0,1920,0.95,0.21510416666666668,0
2026-09-24T11:23:52Z,checkoutservice,249.0,615,0.8,0.40487804878048783,0
2026-09-24T11:23:52Z,productcatalogservice,389.0,1535,0.95,0.2534201954397394,0
2026-09-24T11:23:52Z,paymentservice,9.0,155,0.8,0.05806451612903226,0
2026-09-24T11:23:52Z,recommendationservice,1138.0,1150,0.8,0.9895652173913043,1
2026-09-24T11:23:52Z,shippingservice,42.0,770,0.8,0.05454545454545454,0
2026-09-24T11:23:52Z,currencyservice,321.0,770,0.8,0.41688311688311686,0
2026-09-24T11:23:52Z,emailservice,33.0,155,0.8,0.2129032258064516,0
2026-09-24T11:23:52Z,adservice,67.0,1150,0.8,0.058260869565217394,0
2026-09-24T11:23:52Z,redis-cart,31.0,540,0.8,0.05740740740740741,0
2026-09-24T11:23:53Z,frontend,268.25,1150,0.8,0.23326086956521738,0
2026-09-24T11:23:53Z,cartservice,420.0,1920,0.95,0.21875,0
2026-09-24T11:23:53Z,checkoutservice,405.0,615,0.8,0.6585365853658537,0
2026-09-24T11:23:53Z,productcatalogservice,423.0,1535,0.95,0.2755700325732899,0
2026-09-24T11:23:53Z,paymentservice,9.0,155,0.8,0.05806451612903226,0
2026-09-24T11:23:53Z,recommendationservice,1130.0,1150,0.8,0.9826086956521739,1
2026-09-24T11:23:53Z,shippingservice,42.0,770,0.8,0.05454545454545454,0
2026-09-24T11:23:53Z,currencyservice,345.0,770,0.8,0.44805194805194803,0
2026-09-24T11:23:53Z,emailservice,36.0,155,0.8,0.23225806451612904,0
2026-09-24T11:23:53Z,adservice,67.0,1150,0.8,0.058260869565217394,0
2026-09-24T11:23:53Z,redis-cart,31.0,540,0.8,0.05740740740740741,0
2026-09-24T11:23:54Z,frontend,308.0,1150,0.8,0.2678260869565217,0
2026-09-24T11:23:54Z,cartservice,431.0,1920,0.95,0.22447916666666667,0
2026-09-24T11:23:54Z,checkoutservice,201.0,615,0.8,0.32682926829268294,0
2026-09-24T11:23:54Z,productcatalogservice,423.0,1535,0.95,0.2755700325732899,0
2026-09-24T11:23:54Z,paymentservice,19.0,155,0.8,0.12258064516129032,0
2026-09-24T11:23:54Z,recommendationservice,1130.0,1150,0.8,0.9826086956521739,1
2026-09-24T11:23:54Z,shippingservice,53.0,770,0.8,0.06883116883116883,0
2026-09-24T11:23:54Z,currencyservice,335.0,770,0.8,0.43506493506493504,0
2026-09-24T11:23:54Z,emailservice,31.0,155,0.8,0.2,0
2026-09-24T11:23:54Z,adservice,65.0,1150,0.8,0.05652173913043478,0
2026-09-24T11:23:54Z,redis-cart,30.0,540,0.8,0.05555555555555555,0
2026-09-24T11:23:55Z,frontend,262.0,1150,0.8,0.22782608695652173,0
2026-09-24T11:23:55Z,cartservice,451.0,1920,0.95,0.23489583333333333,0
2026-09-24T11:23:55Z,checkoutservice,201.0,615,0.8,0.32682926829268294,0
2026-09-24T11:23:55Z,productcatalogservice,434.0,1535,0.95,0.28273615635179156,0
2026-09-24T11:23:55Z,paymentservice,6.0,155,0.8,0.03870967741935484,0
2026-09-24T11:23:55Z,recommendationservice,1121.0,1150,0.8,0.9747826086956521,1
2026-09-24T11:23:55Z,shippingservice,23.0,770,0.8,0.02987012987012987,0
2026-09-24T11:23:55Z,currencyservice,335.0,770,0.8,0.43506493506493504,0
2026-09-24T11:23:55Z,emailservice,31.0,155,0.8,0.2,0
2026-09-24T11:23:55Z,adservice,74.0,1150,0.8,0.06434782608695652,0
2026-09-24T11:23:55Z,redis-cart,30.0,540,0.8,0.05555555555555555,0
2026-09-24T11:23:56Z,frontend,241.75,1150,0.8,0.21021739130434783,0
2026-09-24T11:23:56Z,cartservice,451.0,1920,0.95,0.23489583333333333,0
2026-09-24T11:23:56Z,checkoutservice,90.0,615,0.8,0.14634146341463414,0
2026-09-24T11:23:56Z,productcatalogservice,323.0,1535,0.95,0.21042345276872965,0
2026-09-24T11:23:56Z,paymentservice,6.0,155,0.8,0.03870967741935484,0
2026-09-24T11:23:56Z,recommendationservice,1158.0,1150,0.8,1.0069565217391305,1
2026-09-24T11:23:56Z,shippingservice,23.0,770,0.8,0.02987012987012987,0
2026-09-24T11:23:56Z,currencyservice,295.0,770,0.8,0.38311688311688313,0
2026-09-24T11:23:56Z,emailservice,32.0,155,0.8,0.2064516129032258,0
2026-09-24T11:23:56Z,adservice,74.0,1150,0.8,0.06434782608695652,0
2026-09-24T11:23:56Z,redis-cart,30.0,540,0.8,0.05555555555555555,0
2026-09-24T11:23:57Z,frontend,293.75,1150,0.8,0.2554347826086957,0
2026-09-24T11:23:57Z,cartservice,471.0,1920,0.95,0.2453125,0
2026-09-24T11:23:57Z,checkoutservice,381.0,615,0.8,0.6195121951219512,0
2026-09-24T11:23:57Z,productcatalogservice,323.0,1535,0.95,0.21042345276872965,0
2026-09-24T11:23:57Z,paymentservice,12.0,155,0.8,0.07741935483870968,0
2026-09-24T11:23:57Z,recommendationservice,1150.0,1150,0.8,1.0,1
2026-09-24T11:23:57Z,shippingservice,43.0,770,0.8,0.05584415584415584,0
2026-09-24T11:23:57Z,currencyservice,346.0,770,0.8,0.44935064935064933,0
2026-09-24T11:23:57Z,emailservice,32.0,155,0.8,0.2064516129032258,0
2026-09-24T11:23:57Z,adservice,61.0,1150,0.8,0.05304347826086957,0
2026-09-24T11:23:57Z,redis-cart,33.0,540,0.8,0.06111111111111111,0
2026-09-24T11:23:58Z,frontend,274.75,1150,0.8,0.23891304347826087,0
2026-09-24T11:23:58Z,cartservice,471.0,1920,0.95,0.2453125,0
2026-09-24T11:23:58Z,checkoutservice,381.0,615,0.8,0.6195121951219512,0
2026-09-24T11:23:58Z,productcatalogservice,442.0,1535,0.95,0.28794788273615635,0
2026-09-24T11:23:58Z,paymentservice,14.0,155,0.8,0.09032258064516129,0
2026-09-24T11:23:58Z,recommendationservice,1130.0,1150,0.8,0.9826086956521739,1
2026-09-24T11:23:58Z,shippingservice,72.0,770,0.8,0.09350649350649351,0
2026-09-24T11:23:58Z,currencyservice,346.0,770,0.8,0.44935064935064933,0
2026-09-24T11:23:58Z,emailservice,28.0,155,0.8,0.18064516129032257,0
2026-09-24T11:23:58Z,adservice,78.0,1150,0.8,0.06782608695652174,0
2026-09-24T11:23:58Z,redis-cart,33.0,540,0.8,0.06111111111111111,0
2026-09-24T11:23:59Z,frontend,289.0,1150,0.8,0.25130434782608696,0
2026-09-24T11:23:59Z,cartservice,476.0,1920,0.95,0.24791666666666667,0
2026-09-24T11:23:59Z,checkoutservice,244.0,615,0.8,0.3967479674796748,0
2026-09-24T11:23:59Z,productcatalogservice,440.0,1535,0.95,0.28664495114006516,0
2026-09-24T11:23:59Z,paymentservice,21.0,155,0.8,0.13548387096774195,0
2026-09-24T11:23:59Z,recommendationservice,1130.0,1150,0.8,0.9826086956521739,1
2026-09-24T11:23:59Z,shippingservice,56.0,770,0.8,0.07272727272727272,0
2026-09-24T11:23:59Z,currencyservice,320.0,770,0.8,0.4155844155844156,0
2026-09-24T11:23:59Z,emailservice,36.0,155,0.8,0.23225806451612904,0
2026-09-24T11:23:59Z,adservice,78.0,1150,0.8,0.06782608695652174,0
2026-09-24T11:23:59Z,redis-cart,33.0,540,0.8,0.06111111111111111,0
2026-09-24T11:24:00Z,frontend,307.75,1150,0.8,0.26760869565217393,0
2026-09-24T11:24:00Z,cartservice,476.0,1920,0.95,0.24791666666666667,0
2026-09-24T11:24:00Z,checkoutservice,244.0,615,0.8,0.3967479674796748,0
2026-09-24T11:24:00Z,productcatalogservice,440.0,1535,0.95,0.28664495114006516,0
2026-09-24T11:24:00Z,paymentservice,66.0,155,0.8,0.4258064516129032,0
2026-09-24T11:24:00Z,recommendationservice,1106.0,1150,0.8,0.9617391304347827,1
2026-09-24T11:24:00Z,shippingservice,80.0,770,0.8,0.1038961038961039,0
2026-09-24T11:24:00Z,currencyservice,410.0,770,0.8,0.5324675324675324,0
2026-09-24T11:24:00Z,emailservice,71.0,155,0.8,0.45806451612903226,0
2026-09-24T11:24:00Z,adservice,75.0,1150,0.8,0.06521739130434782,0
2026-09-24T11:24:00Z,redis-cart,30.0,540,0.8,0.05555555555555555,0
2026-09-24T11:24:01Z,frontend,317.5,1150,0.8,0.27608695652173915,0
2026-09-24T11:24:01Z,cartservice,453.0,1920,0.95,0.2359375,0
2026-09-24T11:24:01Z,checkoutservice,481.0,615,0.8,0.7821138211382114,0
2026-09-24T11:24:01Z,productcatalogservice,471.0,1535,0.95,0.30684039087947884,0
2026-09-24T11:24:01Z,paymentservice,22.0,155,0.8,0.14193548387096774,0
2026-09-24T11:24:01Z,recommendationservice,1106.0,1150,0.8,0.9617391304347827,1
2026-09-24T11:24:01Z,shippingservice,80.0,770,0.8,0.1038961038961039,0
2026-09-24T11:24:01Z,currencyservice,410.0,770,0.8,0.5324675324675324,0
2026-09-24T11:24:01Z,emailservice,70.0,155,0.8,0.45161290322580644,0
2026-09-24T11:24:01Z,adservice,76.0,1150,0.8,0.06608695652173913,0
2026-09-24T11:24:01Z,redis-cart,30.0,540,0.8,0.05555555555555555,0
2026-09-24T11:24:02Z,frontend,304.0,1150,0.8,0.2643478260869565,0
2026-09-24T11:24:02Z,cartservice,453.0,1920,0.95,0.2359375,0
2026-09-24T11:24:02Z,checkoutservice,288.0,615,0.8,0.4682926829268293,0
2026-09-24T11:24:02Z,productcatalogservice,399.0,1535,0.95,0.25993485342019546,0
2026-09-24T11:24:02Z,paymentservice,22.0,155,0.8,0.14193548387096774,0
2026-09-24T11:24:02Z,recommendationservice,1124.0,1150,0.8,0.9773913043478261,1
2026-09-24T11:24:02Z,shippingservice,44.0,770,0.8,0.05714285714285714,0
2026-09-24T11:24:02Z,currencyservice,319.0,770,0.8,0.4142857142857143,0
2026-09-24T11:24:02Z,emailservice,25.0,155,0.8,0.16129032258064516,0
2026-09-24T11:24:02Z,adservice,76.0,1150,0.8,0.06608695652173913,0
2026-09-24T11:24:02Z,redis-cart,32.0,540,0.8,0.05925925925925926,0
2026-09-24T11:24:03Z,frontend,260.0,1150,0.8,0.22608695652173913,0
2026-09-24T11:24:03Z,cartservice,430.0,1920,0.95,0.22395833333333334,0
2026-09-24T11:24:03Z,checkoutservice,259.0,615,0.8,0.4211382113821138,0
2026-09-24T11:24:03Z,productcatalogservice,399.0,1535,0.95,0.25993485342019546,0
2026-09-24T11:24:03Z,paymentservice,17.0,155,0.8,0.10967741935483871,0
2026-09-24T11:24:03Z,recommendationservice,1124.0,1150,0.8,0.9773913043478261,1
2026-09-24T11:24:03Z,shippingservice,43.0,770,0.8,0.05584415584415584,0
2026-09-24T11:24:03Z,currencyservice,294.0,770,0.8,0.38181818181818183,0
2026-09-24T11:24:03Z,emailservice,25.0,155,0.8,0.16129032258064516,0
2026-09-24T11:24:03Z,adservice,63.0,1150,0.8,0.05478260869565217,0
2026-09-24T11:24:03Z,redis-cart,32.0,540,0.8,0.05925925925925926,0
2026-09-24T11:24:04Z,frontend,259.5,1150,0.8,0.22565217391304349,0
2026-09-24T11:24:04Z,cartservice,423.0,1920,0.95,0.2203125,0
2026-09-24T11:24:04Z,checkoutservice,259.0,615,0.8,0.4211382113821138,0
2026-09-24T11:24:04Z,productcatalogservice,343.0,1535,0.95,0.2234527687296417,0
2026-09-24T11:24:04Z,paymentservice,17.0,155,0.8,0.10967741935483871,0
2026-09-24T11:24:04Z,recommendationservice,1146.0,1150,0.8,0.9965217391304347,1
2026-09-24T11:24:04Z,shippingservice,6.0,770,0.8,0.007792207792207792,0
2026-09-24T11:24:04Z,currencyservice,294.0,770,0.8,0.38181818181818183,0
2026-09-24T11:24:04Z,emailservice,15.0,155,0.8,0.0967741935483871,0
2026-09-24T11:24:04Z,adservice,32.0,1150,0.8,0.02782608695652174,0
2026-09-24T11:24:04Z,redis-cart,30.0,540,0.8,0.05555555555555555,0
2026-09-24T11:24:05Z,frontend,248.0,1150,0.8,0.21565217391304348,0
2026-09-24T11:24:05Z,cartservice,423.0,1920,0.95,0.2203125,0
2026-09-24T11:24:05Z,checkoutservice,126.0,615,0.8,0.2048780487804878,0
2026-09-24T11:24:05Z,productcatalogservice,355.0,1535,0.95,0.23127035830618892,0
2026-09-24T11:24:05Z,paymentservice,3.0,155,0.8,0.01935483870967742,0
2026-09-24T11:24:05Z,recommendationservice,1138.0,1150,0.8,0.9895652173913043,1
2026-09-24T11:24:05Z,shippingservice,6.0,770,0.8,0.007792207792207792,0
2026-09-24T11:24:05Z,currencyservice,313.0,770,0.8,0.4064935064935065,0
2026-09-24T11:24:05Z,emailservice,15.0,155,0.8,0.0967741935483871,0
2026-09-24T11:24:05Z,adservice,64.0,1150,0.8,0.05565217391304348,0
2026-09-24T11:24:05Z,redis-cart,32.0,540,0.8,0.05925925925925926,0
2026-09-24T11:24:06Z,frontend,251.25,1150,0.8,0.2184782608695652,0
2026-09-24T11:24:06Z,cartservice,525.0,1920,0.95,0.2734375,0
2026-09-24T11:24:06Z,checkoutservice,126.0,615,0.8,0.2048780487804878,0
2026-09-24T11:24:06Z,productcatalogservice,355.0,1535,0.95,0.23127035830618892,0
2026-09-24T11:24:06Z,paymentservice,22.0,155,0.8,0.14193548387096774,0
2026-09-24T11:24:06Z,recommendationservice,1144.0,1150,0.8,0.9947826086956522,1
2026-09-24T11:24:06Z,shippingservice,50.0,770,0.8,0.06493506493506493,0
2026-09-24T11:24:06Z,currencyservice,313.0,770,0.8,0.4064935064935065,0
2026-09-24T11:24:06Z,emailservice,55.0,155,0.8,0.3548387096774194,0
2026-09-24T11:24:06Z,adservice,64.0,1150,0.8,0.05565217391304348,0
2026-09-24T11:24:06Z,redis-cart,31.0,540,0.8,0.05740740740740741,0
2026-09-24T11:24:07Z,frontend,302.5,1150,0.8,0.26304347826086955,0
2026-09-24T11:24:07Z,cartservice,454.0,1920,0.95,0.23645833333333333,0
2026-09-24T11:24:07Z,checkoutservice,487.0,615,0.8,0.791869918699187,0
2026-09-24T11:24:07Z,productcatalogservice,420.0,1535,0.95,0.2736156351791531,0
2026-09-24T11:24:07Z,paymentservice,27.0,155,0.8,0.17419354838709677,0
2026-09-24T11:24:07Z,recommendationservice,1144.0,1150,0.8,0.9947826086956522,1
2026-09-24T11:24:07Z,shippingservice,62.0,770,0.8,0.08051948051948052,0
2026-09-24T11:24:07Z,currencyservice,377.0,770,0.8,0.4896103896103896,0
2026-09-24T11:24:07Z,emailservice,55.0,155,0.8,0.3548387096774194,0
2026-09-24T11:24:07Z,adservice,73.0,1150,0.8,0.06347826086956522,0
2026-09-24T11:24:07Z,redis-cart,31.0,540,0.8,0.05740740740740741,0
2026-09-24T11:24:08Z,frontend,284.0,1150,0.8,0.24695652173913044,0
2026-09-24T11:24:08Z,cartservice,454.0,1920,0.95,0.23645833333333333,0
2026-09-24T11:24:08Z,checkoutservice,309.0,615,0.8,0.5024390243902439,0
2026-09-24T11:24:08Z,productcatalogservice,442.0,1535,0.95,0.28794788273615635,0
2026-09-24T11:24:08Z,paymentservice,12.0,155,0.8,0.07741935483870968,0
2026-09-24T11:24:08Z,recommendationservice,1150.0,1150,0.8,1.0,1
2026-09-24T11:24:08Z,shippingservice,62.0,770,0.8,0.08051948051948052,0
2026-09-24T11:24:08Z,currencyservice,312.0,770,0.8,0.4051948051948052,0
2026-09-24T11:24:08Z,emailservice,46.0,155,0.8,0.2967741935483871,0
2026-09-24T11:24:08Z,adservice,73.0,1150,0.8,0.06347826086956522,0
2026-09-24T11:24:08Z,redis-cart,32.0,540,0.8,0.05925925925925926,0
2026-09-24T11:24:09Z,frontend,267.0,1150,0.8,0.23217391304347826,0
2026-09-24T11:24:09Z,cartservice,431.0,1920,0.95,0.22447916666666667,0
2026-09-24T11:24:09Z,checkoutservice,309.0,615,0.8,0.5024390243902439,0
2026-09-24T11:24:09Z,productcatalogservice,419.0,1535,0.95,0.2729641693811075,0
2026-09-24T11:24:09Z,paymentservice,18.0,155,0.8,0.11612903225806452,0
2026-09-24T11:24:09Z,recommendationservice,1146.0,1150,0.8,0.9965217391304347,1
2026-09-24T11:24:09Z,shippingservice,62.0,770,0.8,0.08051948051948052,0
2026-09-24T11:24:09Z,currencyservice,312.0,770,0.8,0.4051948051948052,0
2026-09-24T11:24:09Z,emailservice,46.0,155,0.8,0.2967741935483871,0
2026-09-24T11:24:09Z,adservice,57.0,1150,0.8,0.049565217391304345,0
2026-09-24T11:24:09Z,redis-cart,30.0,540,0.8,0.05555555555555555,0
2026-09-24T11:24:10Z,frontend,270.5,1150,0.8,0.23521739130434782,0
2026-09-24T11:24:10Z,cartservice,400.0,1920,0.95,0.20833333333333334,0
2026-09-24T11:24:10Z,checkoutservice,302.0,615,0.8,0.49105691056910566,0
2026-09-24T11:24:10Z,productcatalogservice,419.0,1535,0.95,0.2729641693811075,0
2026-09-24T11:24:10Z,paymentservice,18.0,155,0.8,0.11612903225806452,0
2026-09-24T11:24:10Z,recommendationservice,1146.0,1150,0.8,0.9965217391304347,1
2026-09-24T11:24:10Z,shippingservice,49.0,770,0.8,0.06363636363636363,0
2026-09-24T11:24:10Z,currencyservice,312.0,770,0.8,0.4051948051948052,0
2026-09-24T11:24:10Z,emailservice,58.0,155,0.8,0.3741935483870968,0
2026-09-24T11:24:10Z,adservice,90.0,1150,0.8,0.0782608695652174,0
2026-09-24T11:24:10Z,redis-cart,30.0,540,0.8,0.05555555555555555,0
2026-09-24T11:24:11Z,frontend,291.75,1150,0.8,0.25369565217391304,0
2026-09-24T11:24:11Z,cartservice,400.0,1920,0.95,0.20833333333333334,0
2026-09-24T11:24:11Z,checkoutservice,302.0,615,0.8,0.49105691056910566,0
2026-09-24T11:24:11Z,productcatalogservice,367.0,1535,0.95,0.23908794788273616,0
2026-09-24T11:24:11Z,paymentservice,47.0,155,0.8,0.3032258064516129,0
2026-09-24T11:24:11Z,recommendationservice,1122.0,1150,0.8,0.9756521739130435,1
2026-09-24T11:24:11Z,shippingservice,36.0,770,0.8,0.046753246753246755,0
2026-09-24T11:24:11Z,currencyservice,366.0,770,0.8,0.4753246753246753,0
2026-09-24T11:24:11Z,emailservice,21.0,155,0.8,0.13548387096774195,0
2026-09-24T11:24:11Z,adservice,70.0,1150,0.8,0.06086956521739131,0
2026-09-24T11:24:11Z,redis-cart,31.0,540,0.8,0.05740740740740741,0
2026-09-24T11:24:12Z,frontend,296.0,1150,0.8,0.2573913043478261,0
2026-09-24T11:24:12Z,cartservice,423.0,1920,0.95,0.2203125,0
2026-09-24T11:24:12Z,checkoutservice,235.0,615,0.8,0.3821138211382114,0
2026-09-24T11:24:12Z,productcatalogservice,418.0,1535,0.95,0.27231270358306187,0
2026-09-24T11:24:12Z,paymentservice,22.0,155,0.8,0.14193548387096774,0
2026-09-24T11:24:12Z,recommendationservice,1105.0,1150,0.8,0.9608695652173913,1
2026-09-24T11:24:12Z,shippingservice,36.0,770,0.8,0.046753246753246755,0
2026-09-24T11:24:12Z,currencyservice,377.0,770,0.8,0.4896103896103896,0
2026-09-24T11:24:12Z,emailservice,21.0,155,0.8,0.13548387096774195,0
2026-09-24T11:24:12Z,adservice,70.0,1150,0.8,0.06086956521739131,0
2026-09-24T11:24:12Z,redis-cart,31.0,540,0.8,0.05740740740740741,0
2026-09-24T11:24:13Z,frontend,300.25,1150,0.8,0.26108695652173913,0
2026-09-24T11:24:13Z,cartservice,449.0,1920,0.95,0.23385416666666667,0
2026-09-24T11:24:13Z,checkoutservice,603.0,615,0.8,0.9804878048780488,1
2026-09-24T11:24:13Z,productcatalogservice,418.0,1535,0.95,0.27231270358306187,0
2026-09-24T11:24:13Z,paymentservice,23.0,155,0.8,0.14838709677419354,0
2026-09-24T11:24:13Z,recommendationservice,1136.0,1150,0.8,0.9878260869565217,1
2026-09-24T11:24:13Z,shippingservice,87.0,770,0.8,0.11298701298701298,0
2026-09-24T11:24:13Z,currencyservice,377.0,770,0.8,0.4896103896103896,0
2026-09-24T11:24:13Z,emailservice,57.0,155,0.8,0.36774193548387096,0
2026-09-24T11:24:13Z,adservice,90.0,1150,0.8,0.0782608695652174,0
2026-09-24T11:24:13Z,redis-cart,29.0,540,0.8,0.053703703703703705,0
2026-09-24T11:24:14Z,frontend,285.0,1150,0.8,0.24782608695652175,0
2026-09-24T11:24:14Z,cartservice,449.0,1920,0.95,0.23385416666666667,0
2026-09-24T11:24:14Z,checkoutservice,312.0,615,0.8,0.5073170731707317,0
2026-09-24T11:24:14Z,productcatalogservice,434.0,1535,0.95,0.28273615635179156,0
2026-09-24T11:24:14Z,paymentservice,23.0,155,0.8,0.14838709677419354,0
2026-09-24T11:24:14Z,recommendationservice,1136.0,1150,0.8,0.9878260869565217,1
2026-09-24T11:24:14Z,shippingservice,87.0,770,0.8,0.11298701298701298,0
2026-09-24T11:24:14Z,currencyservice,289.0,770,0.8,0.37532467532467534,0
2026-09-24T11:24:14Z,emailservice,57.0,155,0.8,0.36774193548387096,0
2026-09-24T11:24:14Z,adservice,68.0,1150,0.8,0.059130434782608696,0
2026-09-24T11:24:14Z,redis-cart,29.0,540,0.8,0.053703703703703705,0
2026-09-24T11:24:15Z,frontend,298.25,1150,0.8,0.2593478260869565,0
2026-09-24T11:24:15Z,cartservice,509.0,1920,0.95,0.26510416666666664,0
2026-09-24T11:24:15Z,checkoutservice,472.0,615,0.8,0.767479674796748,0
2026-09-24T11:24:15Z,productcatalogservice,461.0,1535,0.95,0.3003257328990228,0
2026-09-24T11:24:15Z,paymentservice,31.0,155,0.8,0.2,0
2026-09-24T11:24:15Z,recommendationservice,1093.0,1150,0.8,0.9504347826086956,1
2026-09-24T11:24:15Z,shippingservice,80.0,770,0.8,0.1038961038961039,0
2026-09-24T11:24:15Z,currencyservice,393.0,770,0.8,0.5103896103896104,0
2026-09-24T11:24:15Z,emailservice,69.0,155,0.8,0.44516129032258067,0
2026-09-24T11:24:15Z,adservice,81.0,1150,0.8,0.07043478260869565,0
2026-09-24T11:24:15Z,redis-cart,33.0,540,0.8,0.06111111111111111,0
2026-09-24T11:24:16Z,frontend,292.25,1150,0.8,0.2541304347826087,0
2026-09-24T11:24:16Z,cartservice,446.0,1920,0.95,0.23229166666666667,0
2026-09-24T11:24:16Z,checkoutservice,472.0,615,0.8,0.767479674796748,0
2026-09-24T11:24:16Z,productcatalogservice,461.0,1535,0.95,0.3003257328990228,0
2026-09-24T11:24:16Z,paymentservice,31.0,155,0.8,0.2,0
2026-09-24T11:24:16Z,recommendationservice,1138.0,1150,0.8,0.9895652173913043,1
2026-09-24T11:24:16Z,shippingservice,80.0,770,0.8,0.1038961038961039,0
2026-09-24T11:24:16Z,currencyservice,393.0,770,0.8,0.5103896103896104,0
2026-09-24T11:24:16Z,emailservice,38.0,155,0.8,0.24516129032258063,0
2026-09-24T11:24:16Z,adservice,81.0,1150,0.8,0.07043478260869565,0
2026-09-24T11:24:16Z,redis-cart,33.0,540,0.8,0.06111111111111111,0
2026-09-24T11:24:17Z,frontend,277.75,1150,0.8,0.2415217391304348,0
2026-09-24T11:24:17Z,cartservice,446.0,1920,0.95,0.23229166666666667,0
2026-09-24T11:24:17Z,checkoutservice,330.0,615,0.8,0.5365853658536586,0
2026-09-24T11:24:17Z,productcatalogservice,399.0,1535,0.95,0.25993485342019546,0
2026-09-24T11:24:17Z,paymentservice,15.0,155,0.8,0.0967741935483871,0
2026-09-24T11:24:17Z,recommendationservice,1125.0,1150,0.8,0.9782608695652174,1
2026-09-24T11:24:17Z,shippingservice,25.0,770,0.8,0.032467532467532464,0
2026-09-24T11:24:17Z,currencyservice,304.0,770,0.8,0.3948051948051948,0
2026-09-24T11:24:17Z,emailservice,38.0,155,0.8,0.24516129032258063,0
2026-09-24T11:24:17Z,adservice,65.0,1150,0.8,0.05652173913043478,0
2026-09-24T11:24:17Z,redis-cart,30.0,540,0.8,0.05555555555555555,0
2026-09-24T11:24:18Z,frontend,295.25,1150,0.8,0.25673913043478264,0
2026-09-24T11:24:18Z,cartservice,527.0,1920,0.95,0.27447916666666666,0
2026-09-24T11:24:18Z,checkoutservice,330.0,615,0.8,0.5365853658536586,0
2026-09-24T11:24:18Z,productcatalogservice,399.0,1535,0.95,0.25993485342019546,0
2026-09-24T11:24:18Z,paymentservice,29.0,155,0.8,0.1870967741935484,0
2026-09-24T11:24:18Z,recommendationservice,1125.0,1150,0.8,0.9782608695652174,1
2026-09-24T11:24:18Z,shippingservice,108.0,770,0.8,0.14025974025974025,0
2026-09-24T11:24:18Z,currencyservice,423.0,770,0.8,0.5493506493506494,0
2026-09-24T11:24:18Z,emailservice,56.0,155,0.8,0.36129032258064514,0
2026-09-24T11:24:18Z,adservice,65.0,1150,0.8,0.05652173913043478,0
2026-09-24T11:24:18Z,redis-cart,30.0,540,0.8,0.05555555555555555,0
2026-09-24T11:24:19Z,frontend,315.0,1150,0.8,0.27391304347826084,0
2026-09-24T11:24:19Z,cartservice,437.0,1920,0.95,0.22760416666666666,0
2026-09-24T11:24:19Z,checkoutservice,417.0,615,0.8,0.6780487804878049,0
2026-09-24T11:24:19Z,productcatalogservice,482.0,1535,0.95,0.31400651465798046,0
2026-09-24T11:24:19Z,paymentservice,29.0,155,0.8,0.1870967741935484,0
2026-09-24T11:24:19Z,recommendationservice,1128.0,1150,0.8,0.9808695652173913,1
2026-09-24T11:24:19Z,shippingservice,58.0,770,0.8,0.07532467532467532,0
2026-09-24T11:24:19Z,currencyservice,423.0,770,0.8,0.5493506493506494,0
2026-09-24T11:24:19Z,emailservice,56.0,155,0.8,0.36129032258064514,0
2026-09-24T11:24:19Z,adservice,81.0,1150,0.8,0.07043478260869565,0
2026-09-24T11:24:19Z,redis-cart,34.0,540,0.8,0.06296296296296296,0
2026-09-24T11:24:20Z,frontend,294.5,1150,0.8,0.25608695652173913,0
2026-09-24T11:24:20Z,cartservice,437.0,1920,0.95,0.22760416666666666,0
2026-09-24T11:24:20Z,checkoutservice,387.0,615,0.8,0.6292682926829268,0
2026-09-24T11:24:20Z,productcatalogservice,383.0,1535,0.95,0.2495114006514658,0
2026-09-24T11:24:20Z,paymentservice,17.0,155,0.8,0.10967741935483871,0
2026-09-24T11:24:20Z,recommendationservice,1141.0,1150,0.8,0.9921739130434782,1
2026-09-24T11:24:20Z,shippingservice,58.0,770,0.8,0.07532467532467532,0
2026-09-24T11:24:20Z,currencyservice,312.0,770,0.8,0.4051948051948052,0
2026-09-24T11:24:20Z,emailservice,52.0,155,0.8,0.33548387096774196,0
2026-09-24T11:24:20Z,adservice,59.0,1150,0.8,0.051304347826086956,0
2026-09-24T11:24:20Z,redis-cart,30.0,540,0.8,0.05555555555555555,0
2026-09-24T11:24:21Z,frontend,283.75,1150,0.8,0.2467391304347826,0
2026-09-24T11:24:21Z,cartservice,456.0,1920,0.95,0.2375,0
2026-09-24T11:24:21Z,checkoutservice,387.0,615,0.8,0.6292682926829268,0
2026-09-24T11:24:21Z,productcatalogservice,435.0,1535,0.95,0.28338762214983715,0
2026-09-24T11:24:21Z,paymentservice,61.0,155,0.8,0.3935483870967742,0
2026-09-24T11:24:21Z,recommendationservice,1141.0,1150,0.8,0.9921739130434782,1
2026-09-24T11:24:21Z,shippingservice,48.0,770,0.8,0.06233766233766234,0
2026-09-24T11:24:21Z,currencyservice,312.0,770,0.8,0.4051948051948052,0
2026-09-24T11:24:21Z,emailservice,52.0,155,0.8,0.33548387096774196,0
2026-09-24T11:24:21Z,adservice,59.0,1150,0.8,0.051304347826086956,0
2026-09-24T11:24:21Z,redis-cart,31.0,540,0.8,0.05740740740740741,0
2026-09-24T11:24:22Z,frontend,259.0,1150,0.8,0.2252173913043478,0
2026-09-24T11:24:22Z,cartservice,448.0,1920,0.95,0.23333333333333334,0
2026-09-24T11:24:22Z,checkoutservice,501.0,615,0.8,0.8146341463414634,1
2026-09-24T11:24:22Z,productcatalogservice,435.0,1535,0.95,0.28338762214983715,0
2026-09-24T11:24:22Z,paymentservice,61.0,155,0.8,0.3935483870967742,0
2026-09-24T11:24:22Z,recommendationservice,1104.0,1150,0.8,0.96,1
2026-09-24T11:24:22Z,shippingservice,59.0,770,0.8,0.07662337662337662,0
2026-09-24T11:24:22Z,currencyservice,337.0,770,0.8,0.43766233766233764,0
2026-09-24T11:24:22Z,emailservice,48.0,155,0.8,0.3096774193548387,0
2026-09-24T11:24:22Z,adservice,71.0,1150,0.8,0.06173913043478261,0
2026-09-24T11:24:22Z,redis-cart,31.0,540,0.8,0.05740740740740741,0
2026-09-24T11:24:23Z,frontend,341.75,1150,0.8,0.2971739130434783,0
2026-09-24T11:24:23Z,cartservice,511.0,1920,0.95,0.26614583333333336,0
2026-09-24T11:24:23Z,checkoutservice,545.0,615,0.8,0.8861788617886179,1
2026-09-24T11:24:23Z,productcatalogservice,467.0,1535,0.95,0.3042345276872964,0
2026-09-24T11:24:23Z,paymentservice,26.0,155,0.8,0.16774193548387098,0
2026-09-24T11:24:23Z,recommendationservice,1104.0,1150,0.8,0.96,1
2026-09-24T11:24:23Z,shippingservice,99.0,770,0.8,0.12857142857142856,0
2026-09-24T11:24:23Z,currencyservice,337.0,770,0.8,0.43766233766233764,0
2026-09-24T11:24:23Z,emailservice,58.0,155,0.8,0.3741935483870968,0
2026-09-24T11:24:23Z,adservice,92.0,1150,0.8,0.08,0
2026-09-24T11:24:23Z,redis-cart,33.0,540,0.8,0.06111111111111111,0
2026-09-24T11:24:24Z,frontend,293.0,1150,0.8,0.25478260869565217,0
2026-09-24T11:24:24Z,cartservice,511.0,1920,0.95,0.26614583333333336,0
2026-09-24T11:24:24Z,checkoutservice,220.0,615,0.8,0.35772357723577236,0
2026-09-24T11:24:24Z,productcatalogservice,448.0,1535,0.95,0.29185667752442995,0
2026-09-24T11:24:24Z,paymentservice,26.0,155,0.8,0.16774193548387098,0
2026-09-24T11:24:24Z,recommendationservice,1090.0,1150,0.8,0.9478260869565217,1
2026-09-24T11:24:24Z,shippingservice,22.0,770,0.8,0.02857142857142857,0
2026-09-24T11:24:24Z,currencyservice,357.0,770,0.8,0.4636363636363636,0
2026-09-24T11:24:24Z,emailservice,28.0,155,0.8,0.18064516129032257,0
2026-09-24T11:24:24Z,adservice,92.0,1150,0.8,0.08,0
2026-09-24T11:24:24Z,redis-cart,33.0,540,0.8,0.06111111111111111,0
2026-09-24T11:24:25Z,frontend,235.25,1150,0.8,0.20456521739130434,0
2026-09-24T11:24:25Z,cartservice,439.0,1920,0.95,0.22864583333333333,0
2026-09-24T11:24:25Z,checkoutservice,220.0,615,0.8,0.35772357723577236,0
2026-09-24T11:24:25Z,productcatalogservice,336.0,1535,0.95,0.21889250814332248,0
2026-09-24T11:24:25Z,paymentservice,13.0,155,0.8,0.08387096774193549,0
2026-09-24T11:24:25Z,recommendationservice,1127.0,1150,0.8,0.98,1
2026-09-24T11:24:25Z,shippingservice,22.0,770,0.8,0.02857142857142857,0
2026-09-24T11:24:25Z,currencyservice,268.0,770,0.8,0.34805194805194806,0
2026-09-24T11:24:25Z,emailservice,28.0,155,0.8,0.18064516129032257,0
2026-09-24T11:24:25Z,adservice,70.0,1150,0.8,0.06086956521739131,0
2026-09-24T11:24:25Z,redis-cart,32.0,540,0.8,0.05925925925925926,0
2026-09-24T11:24:26Z,frontend,287.0,1150,0.8,0.24956521739130436,0
2026-09-24T11:24:26Z,cartservice,439.0,1920,0.95,0.22864583333333333,0
2026-09-24T11:24:26Z,checkoutservice,332.0,615,0.8,0.5398373983739837,0
2026-09-24T11:24:26Z,productcatalogservice,336.0,1535,0.95,0.21889250814332248,0
2026-09-24T11:24:26Z,paymentservice,17.0,155,0.8,0.10967741935483871,0
2026-09-24T11:24:26Z,recommendationservice,1127.0,1150,0.8,0.98,1
2026-09-24T11:24:26Z,shippingservice,43.0,770,0.8,0.05584415584415584,0
2026-09-24T11:24:26Z,currencyservice,268.0,770,0.8,0.34805194805194806,0
2026-09-24T11:24:26Z,emailservice,52.0,155,0.8,0.33548387096774196,0
2026-09-24T11:24:26Z,adservice,67.0,1150,0.8,0.058260869565217394,0
2026-09-24T11:24:26Z,redis-cart,31.0,540,0.8,0.05740740740740741,0
2026-09-24T11:24:27Z,frontend,261.0,1150,0.8,0.22695652173913045,0
2026-09-24T11:24:27Z,cartservice,439.0,1920,0.95,0.22864583333333333,0
2026-09-24T11:24:27Z,checkoutservice,332.0,615,0.8,0.5398373983739837,0
2026-09-24T11:24:27Z,productcatalogservice,378.0,1535,0.95,0.24625407166123778,0
2026-09-24T11:24:27Z,paymentservice,23.0,155,0.8,0.14838709677419354,0
2026-09-24T11:24:27Z,recommendationservice,1153.0,1150,0.8,1.0026086956521738,1
2026-09-24T11:24:27Z,shippingservice,43.0,770,0.8,0.05584415584415584,0
2026-09-24T11:24:27Z,currencyservice,360.0,770,0.8,0.4675324675324675,0
2026-09-24T11:24:27Z,emailservice,52.0,155,0.8,0.33548387096774196,0
2026-09-24T11:24:27Z,adservice,67.0,1150,0.8,0.058260869565217394,0
2026-09-24T11:24:27Z,redis-cart,31.0,540,0.8,0.05740740740740741,0
2026-09-24T11:24:28Z,frontend,279.75,1150,0.8,0.2432608695652174,0
2026-09-24T11:24:28Z,cartservice,494.0,1920,0.95,0.25729166666666664,0
2026-09-24T11:24:28Z,checkoutservice,275.0,615,0.8,0.44715447154471544,0
2026-09-24T11:24:28Z,productcatalogservice,421.0,1535,0.95,0.2742671009771987,0
2026-09-24T11:24:28Z,paymentservice,16.0,155,0.8,0.1032258064516129,0
2026-09-24T11:24:28Z,recommendationservice,1153.0,1150,0.8,1.0026086956521738,1
2026-09-24T11:24:28Z,shippingservice,60.0,770,0.8,0.07792207792207792,0
2026-09-24T11:24:28Z,currencyservice,320.0,770,0.8,0.4155844155844156,0
2026-09-24T11:24:28Z,emailservice,32.0,155,0.8,0.2064516129032258,0
2026-09-24T11:24:28Z,adservice,60.0,1150,0.8,0.05217391304347826,0
2026-09-24T11:24:28Z,redis-cart,34.0,540,0.8,0.06296296296296296,0
2026-09-24T11:24:29Z,frontend,311.25,1150,0.8,0.27065217391304347,0
2026-09-24T11:24:29Z,cartservice,444.0,1920,0.95,0.23125,0
2026-09-24T11:24:29Z,checkoutservice,275.0,615,0.8,0.44715447154471544,0
2026-09-24T11:24:29Z,productcatalogservice,421.0,1535,0.95,0.2742671009771987,0
2026-09-24T11:24:29Z,paymentservice,14.0,155,0.8,0.09032258064516129,0
2026-09-24T11:24:29Z,recommendationservice,1154.0,1150,0.8,1.0034782608695652,1
2026-09-24T11:24:29Z,shippingservice,58.0,770,0.8,0.07532467532467532,0
2026-09-24T11:24:29Z,currencyservice,332.0,770,0.8,0.43116883116883115,0
2026-09-24T11:24:29Z,emailservice,34.0,155,0.8,0.21935483870967742,0
2026-09-24T11:24:29Z,adservice,60.0,1150,0.8,0.05217391304347826,0
2026-09-24T11:24:29Z,redis-cart,33.0,540,0.8,0.06111111111111111,0
2026-09-24T11:24:30Z,frontend,240.0,1150,0.8,0.20869565217391303,0
2026-09-24T11:24:30Z,cartservice,444.0,1920,0.95,0.23125,0
2026-09-24T11:24:30Z,checkoutservice,184.0,615,0.8,0.2991869918699187,0
2026-09-24T11:24:30Z,productcatalogservice,374.0,1535,0.95,0.24364820846905538,0
2026-09-24T11:24:30Z,paymentservice,14.0,155,0.8,0.09032258064516129,0
2026-09-24T11:24:30Z,recommendationservice,1143.0,1150,0.8,0.9939130434782608,1
2026-09-24T11:24:30Z,shippingservice,58.0,770,0.8,0.07532467532467532,0
2026-09-24T11:24:30Z,currencyservice,332.0,770,0.8,0.43116883116883115,0
2026-09-24T11:24:30Z,emailservice,34.0,155,0.8,0.21935483870967742,0
2026-09-24T11:24:30Z,adservice,59.0,1150,0.8,0.051304347826086956,0
2026-09-24T11:24:30Z,redis-cart,31.0,540,0.8,0.05740740740740741,0
2026-09-24T11:24:31Z,frontend,221.5,1150,0.8,0.19260869565217392,0
2026-09-24T11:24:31Z,cartservice,441.0,1920,0.95,0.2296875,0
2026-09-24T11:24:31Z,checkoutservice,184.0,615,0.8,0.2991869918699187,0
2026-09-24T11:24:31Z,productcatalogservice,374.0,1535,0.95,0.24364820846905538,0
2026-09-24T11:24:31Z,paymentservice,37.0,155,0.8,0.23870967741935484,0
2026-09-24T11:24:31Z,recommendationservice,1143.0,1150,0.8,0.9939130434782608,1
2026-09-24T11:24:31Z,shippingservice,4.0,770,0.8,0.005194805194805195,0
2026-09-24T11:24:31Z,currencyservice,284.0,770,0.8,0.36883116883116884,0
2026-09-24T11:24:31Z,emailservice,33.0,155,0.8,0.2129032258064516,0
2026-09-24T11:24:31Z,adservice,29.0,1150,0.8,0.025217391304347827,0
2026-09-24T11:24:31Z,redis-cart,29.0,540,0.8,0.053703703703703705,0
2026-09-24T11:24:32Z,frontend,239.5,1150,0.8,0.2082608695652174,0
2026-09-24T11:24:32Z,cartservice,441.0,1920,0.95,0.2296875,0
2026-09-24T11:24:32Z,checkoutservice,5.0,615,0.8,0.008130081300813009,0
2026-09-24T11:24:32Z,productcatalogservice,327.0,1535,0.95,0.21302931596091204,0
2026-09-24T11:24:32Z,paymentservice,0.0,155,0.8,0.0,0
2026-09-24T11:24:32Z,recommendationservice,1142.0,1150,0.8,0.9930434782608696,1
2026-09-24T11:24:32Z,shippingservice,0.0,770,0.8,0.0,0
2026-09-24T11:24:32Z,currencyservice,284.0,770,0.8,0.36883116883116884,0
2026-09-24T11:24:32Z,emailservice,0.0,155,0.8,0.0,0
2026-09-24T11:24:32Z,adservice,29.0,1150,0.8,0.025217391304347827,0
2026-09-24T11:24:32Z,redis-cart,32.0,540,0.8,0.05925925925925926,0
2026-09-24T11:24:33Z,frontend,258.0,1150,0.8,0.22434782608695653,0
2026-09-24T11:24:33Z,cartservice,435.0,1920,0.95,0.2265625,0
2026-09-24T11:24:33Z,checkoutservice,5.0,615,0.8,0.008130081300813009,0
2026-09-24T11:24:33Z,productcatalogservice,330.0,1535,0.95,0.21498371335504887,0
2026-09-24T11:24:33Z,paymentservice,12.0,155,0.8,0.07741935483870968,0
2026-09-24T11:24:33Z,recommendationservice,1142.0,1150,0.8,0.9930434782608696,1
2026-09-24T11:24:33Z,shippingservice,0.0,770,0.8,0.0,0
2026-09-24T11:24:33Z,currencyservice,298.0,770,0.8,0.38701298701298703,0
2026-09-24T11:24:33Z,emailservice,0.0,155,0.8,0.0,0
2026-09-24T11:24:33Z,adservice,32.0,1150,0.8,0.02782608695652174,0
2026-09-24T11:24:33Z,redis-cart,32.0,540,0.8,0.05925925925925926,0
2026-09-24T11:24:34Z,frontend,279.5,1150,0.8,0.24304347826086956,0
2026-09-24T11:24:34Z,cartservice,435.0,1920,0.95,0.2265625,0
2026-09-24T11:24:34Z,checkoutservice,268.0,615,0.8,0.43577235772357725,0
2026-09-24T11:24:34Z,productcatalogservice,344.0,1535,0.95,0.2241042345276873,0
2026-09-24T11:24:34Z,paymentservice,12.0,155,0.8,0.07741935483870968,0
2026-09-24T11:24:34Z,recommendationservice,1142.0,1150,0.8,0.9930434782608696,1
2026-09-24T11:24:34Z,shippingservice,51.0,770,0.8,0.06623376623376623,0
2026-09-24T11:24:34Z,currencyservice,298.0,770,0.8,0.38701298701298703,0
2026-09-24T11:24:34Z,emailservice,39.0,155,0.8,0.25161290322580643,0
2026-09-24T11:24:34Z,adservice,63.0,1150,0.8,0.05478260869565217,0
2026-09-24T11:24:34Z,redis-cart,34.0,540,0.8,0.06296296296296296,0
2026-09-24T11:24:35Z,frontend,232.75,1150,0.8,0.2023913043478261,0
2026-09-24T11:24:35Z,cartservice,428.0,1920,0.95,0.22291666666666668,0
2026-09-24T11:24:35Z,checkoutservice,33.0,615,0.8,0.05365853658536585,0
2026-09-24T11:24:35Z,productcatalogservice,344.0,1535,0.95,0.2241042345276873,0
2026-09-24T11:24:35Z,paymentservice,7.0,155,0.8,0.04516129032258064,0
2026-09-24T11:24:35Z,recommendationservice,1144.0,1150,0.8,0.9947826086956522,1
2026-09-24T11:24:35Z,shippingservice,0.0,770,0.8,0.0,0
2026-09-24T11:24:35Z,currencyservice,348.0,770,0.8,0.45194805194805193,0
2026-09-24T11:24:35Z,emailservice,39.0,155,0.8,0.25161290322580643,0
2026-09-24T11:24:35Z,adservice,33.0,1150,0.8,0.028695652173913042,0
2026-09-24T11:24:35Z,redis-cart,32.0,540,0.8,0.05925925925925926,0
2026-09-24T11:24:36Z,frontend,278.75,1150,0.8,0.24239130434782608,0
2026-09-24T11:24:36Z,cartservice,428.0,1920,0.95,0.22291666666666668,0
2026-09-24T11:24:36Z,checkoutservice,33.0,615,0.8,0.05365853658536585,0
2026-09-24T11:24:36Z,productcatalogservice,314.0,1535,0.95,0.2045602605863192,0
2026-09-24T11:24:36Z,paymentservice,14.0,155,0.8,0.09032258064516129,0
2026-09-24T11:24:36Z,recommendationservice,1138.0,1150,0.8,0.9895652173913043,1
2026-09-24T11:24:36Z,shippingservice,45.0,770,0.8,0.05844155844155844,0
2026-09-24T11:24:36Z,currencyservice,298.0,770,0.8,0.38701298701298703,0
2026-09-24T11:24:36Z,emailservice,31.0,155,0.8,0.2,0
2026-09-24T11:24:36Z,adservice,33.0,1150,0.8,0.028695652173913042,0
2026-09-24T11:24:36Z,redis-cart,32.0,540,0.8,0.05925925925925926,0
2026-09-24T11:24:37Z,frontend,284.5,1150,0.8,0.24739130434782608,0
2026-09-24T11:24:37Z,cartservice,431.0,1920,0.95,0.22447916666666667,0
2026-09-24T11:24:37Z,checkoutservice,230.0,615,0.8,0.37398373983739835,0
2026-09-24T11:24:37Z,productcatalogservice,359.0,1535,0.95,0.23387622149837134,0
2026-09-24T11:24:37Z,paymentservice,14.0,155,0.8,0.09032258064516129,0
2026-09-24T11:24:37Z,recommendationservice,1138.0,1150,0.8,0.9895652173913043,1
2026-09-24T11:24:37Z,shippingservice,45.0,770,0.8,0.05844155844155844,0
2026-09-24T11:24:37Z,currencyservice,280.0,770,0.8,0.36363636363636365,0
2026-09-24T11:24:37Z,emailservice,31.0,155,0.8,0.2,0
2026-09-24T11:24:37Z,adservice,50.0,1150,0.8,0.043478260869565216,0
2026-09-24T11:24:37Z,redis-cart,30.0,540,0.8,0.05555555555555555,0
2026-09-24T11:24:38Z,frontend,245.25,1150,0.8,0.2132608695652174,0
2026-09-24T11:24:38Z,cartservice,495.0,1920,0.95,0.2578125,0
2026-09-24T11:24:38Z,checkoutservice,140.0,615,0.8,0.22764227642276422,0
2026-09-24T11:24:38Z,productcatalogservice,359.0,1535,0.95,0.23387622149837134,0
2026-09-24T11:24:38Z,paymentservice,3.0,155,0.8,0.01935483870967742,0
2026-09-24T11:24:38Z,recommendationservice,1157.0,1150,0.8,1.0060869565217392,1
2026-09-24T11:24:38Z,shippingservice,42.0,770,0.8,0.05454545454545454,0
2026-09-24T11:24:38Z,currencyservice,280.0,770,0.8,0.36363636363636365,0
2026-09-24T11:24:38Z,emailservice,18.0,155,0.8,0.11612903225806452,0
2026-09-24T11:24:38Z,adservice,44.0,1150,0.8,0.03826086956521739,0
2026-09-24T11:24:38Z,redis-cart,30.0,540,0.8,0.05555555555555555,0
2026-09-24T11:24:39Z,frontend,316.0,1150,0.8,0.2747826086956522,0
2026-09-24T11:24:39Z,cartservice,495.0,1920,0.95,0.2578125,0
2026-09-24T11:24:39Z,checkoutservice,140.0,615,0.8,0.22764227642276422,0
2026-09-24T11:24:39Z,productcatalogservice,382.0,1535,0.95,0.2488599348534202,0
2026-09-24T11:24:39Z,paymentservice,19.0,155,0.8,0.12258064516129032,0
2026-09-24T11:24:39Z,recommendationservice,1136.0,1150,0.8,0.9878260869565217,1
2026-09-24T11:24:39Z,shippingservice,42.0,770,0.8,0.05454545454545454,0
2026-09-24T11:24:39Z,currencyservice,312.0,770,0.8,0.4051948051948052,0
2026-09-24T11:24:39Z,emailservice,29.0,155,0.8,0.1870967741935484,0
2026-09-24T11:24:39Z,adservice,44.0,1150,0.8,0.03826086956521739,0
2026-09-24T11:24:39Z,redis-cart,32.0,540,0.8,0.05925925925925926,0
2026-09-24T11:24:40Z,frontend,321.0,1150,0.8,0.2791304347826087,0
2026-09-24T11:24:40Z,cartservice,456.0,1920,0.95,0.2375,0
2026-09-24T11:24:40Z,checkoutservice,354.0,615,0.8,0.5756097560975609,0
2026-09-24T11:24:40Z,productcatalogservice,388.0,1535,0.95,0.25276872964169383,0
2026-09-24T11:24:40Z,paymentservice,19.0,155,0.8,0.12258064516129032,0
2026-09-24T11:24:40Z,recommendationservice,1146.0,1150,0.8,0.9965217391304347,1
2026-09-24T11:24:40Z,shippingservice,36.0,770,0.8,0.046753246753246755,0
2026-09-24T11:24:40Z,currencyservice,312.0,770,0.8,0.4051948051948052,0
2026-09-24T11:24:40Z,emailservice,66.0,155,0.8,0.4258064516129032,0
2026-09-24T11:24:40Z,adservice,93.0,1150,0.8,0.0808695652173913,0
2026-09-24T11:24:40Z,redis-cart,38.0,540,0.8,0.07037037037037037,0
2026-09-24T11:24:41Z,frontend,292.5,1150,0.8,0.2543478260869565,0
2026-09-24T11:24:41Z,cartservice,426.0,1920,0.95,0.221875,0
2026-09-24T11:24:41Z,checkoutservice,354.0,615,0.8,0.5756097560975609,0
2026-09-24T11:24:41Z,productcatalogservice,410.0,1535,0.95,0.2671009771986971,0
2026-09-24T11:24:41Z,paymentservice,41.0,155,0.8,0.2645161290322581,0
2026-09-24T11:24:41Z,recommendationservice,1146.0,1150,0.8,0.9965217391304347,1
2026-09-24T11:24:41Z,shippingservice,59.0,770,0.8,0.07662337662337662,0
2026-09-24T11:24:41Z,currencyservice,351.0,770,0.8,0.45584415584415583,0
2026-09-24T11:24:41Z,emailservice,66.0,155,0.8,0.4258064516129032,0
2026-09-24T11:24:41Z,adservice,93.0,1150,0.8,0.0808695652173913,0
2026-09-24T11:24:41Z,redis-cart,38.0,540,0.8,0.07037037037037037,0
2026-09-24T11:24:42Z,frontend,284.0,1150,0.8,0.24695652173913044,0
2026-09-24T11:24:42Z,cartservice,430.0,1920,0.95,0.22395833333333334,0
2026-09-24T11:24:42Z,checkoutservice,358.0,615,0.8,0.5821138211382114,0
2026-09-24T11:24:42Z,productcatalogservice,410.0,1535,0.95,0.2671009771986971,0
2026-09-24T11:24:42Z,paymentservice,41.0,155,0.8,0.2645161290322581,0
2026-09-24T11:24:42Z,recommendationservice,1154.0,1150,0.8,1.0034782608695652,1
2026-09-24T11:24:42Z,shippingservice,14.0,770,0.8,0.01818181818181818,0
2026-09-24T11:24:42Z,currencyservice,357.0,770,0.8,0.4636363636363636,0
2026-09-24T11:24:42Z,emailservice,30.0,155,0.8,0.1935483870967742,0
2026-09-24T11:24:42Z,adservice,60.0,1150,0.8,0.05217391304347826,0
2026-09-24T11:24:42Z,redis-cart,32.0,540,0.8,0.05925925925925926,0
2026-09-24T11:24:43Z,frontend,237.25,1150,0.8,0.20630434782608695,0
2026-09-24T11:24:43Z,cartservice,430.0,1920,0.95,0.22395833333333334,0
2026-09-24T11:24:43Z,checkoutservice,116.0,615,0.8,0.1886178861788618,0
2026-09-24T11:24:43Z,productcatalogservice,366.0,1535,0.95,0.23843648208469057,0
2026-09-24T11:24:43Z,paymentservice,11.0,155,0.8,0.07096774193548387,0
2026-09-24T11:24:43Z,recommendationservice,1154.0,1150,0.8,1.0034782608695652,1
2026-09-24T11:24:43Z,shippingservice,23.0,770,0.8,0.02987012987012987,0
2026-09-24T11:24:43Z,currencyservice,276.0,770,0.8,0.35844155844155845,0
2026-09-24T11:24:43Z,emailservice,30.0,155,0.8,0.1935483870967742,0
2026-09-24T11:24:43Z,adservice,39.0,1150,0.8,0.03391304347826087,0
2026-09-24T11:24:43Z,redis-cart,32.0,540,0.8,0.05925925925925926,0
2026-09-24T11:24:44Z,frontend,240.25,1150,0.8,0.20891304347826087,0
2026-09-24T11:24:44Z,cartservice,432.0,1920,0.95,0.225,0
2026-09-24T11:24:44Z,checkoutservice,116.0,615,0.8,0.1886178861788618,0
2026-09-24T11:24:44Z,productcatalogservice,294.0,1535,0.95,0.19153094462540718,0
2026-09-24T11:24:44Z,paymentservice,0.0,155,0.8,0.0,0
2026-09-24T11:24:44Z,recommendationservice,1153.0,1150,0.8,1.0026086956521738,1
2026-09-24T11:24:44Z,shippingservice,23.0,770,0.8,0.02987012987012987,0
2026-09-24T11:24:44Z,currencyservice,276.0,770,0.8,0.35844155844155845,0
2026-09-24T11:24:44Z,emailservice,8.0,155,0.8,0.05161290322580645,0
2026-09-24T11:24:44Z,adservice,39.0,1150,0.8,0.03391304347826087,0
2026-09-24T11:24:44Z,redis-cart,30.0,540,0.8,0.05555555555555555,0
2026-09-24T11:24:45Z,frontend,249.0,1150,0.8,0.2165217391304348,0
2026-09-24T11:24:45Z,cartservice,425.0,1920,0.95,0.22135416666666666,0
2026-09-24T11:24:45Z,checkoutservice,3.0,615,0.8,0.004878048780487805,0
2026-09-24T11:24:45Z,productcatalogservice,294.0,1535,0.95,0.19153094462540718,0
2026-09-24T11:24:45Z,paymentservice,0.0,155,0.8,0.0,0
2026-09-24T11:24:45Z,recommendationservice,1138.0,1150,0.8,0.9895652173913043,1
2026-09-24T11:24:45Z,shippingservice,7.0,770,0.8,0.00909090909090909,0
2026-09-24T11:24:45Z,currencyservice,275.0,770,0.8,0.35714285714285715,0
2026-09-24T11:24:45Z,emailservice,8.0,155,0.8,0.05161290322580645,0
2026-09-24T11:24:45Z,adservice,35.0,1150,0.8,0.030434782608695653,0
2026-09-24T11:24:45Z,redis-cart,30.0,540,0.8,0.05555555555555555,0
2026-09-24T11:24:46Z,frontend,254.5,1150,0.8,0.22130434782608696,0
2026-09-24T11:24:46Z,cartservice,425.0,1920,0.95,0.22135416666666666,0
2026-09-24T11:24:46Z,checkoutservice,300.0,615,0.8,0.4878048780487805,0
2026-09-24T11:24:46Z,productcatalogservice,356.0,1535,0.95,0.23192182410423454,0
2026-09-24T11:24:46Z,paymentservice,12.0,155,0.8,0.07741935483870968,0
2026-09-24T11:24:46Z,recommendationservice,1138.0,1150,0.8,0.9895652173913043,1
2026-09-24T11:24:46Z,shippingservice,7.0,770,0.8,0.00909090909090909,0
2026-09-24T11:24:46Z,currencyservice,310.0,770,0.8,0.4025974025974026,0
2026-09-24T11:24:46Z,emailservice,34.0,155,0.8,0.21935483870967742,0
2026-09-24T11:24:46Z,adservice,35.0,1150,0.8,0.030434782608695653,0
2026-09-24T11:24:46Z,redis-cart,30.0,540,0.8,0.05555555555555555,0
2026-09-24T11:24:47Z,frontend,274.5,1150,0.8,0.23869565217391303,0
2026-09-24T11:24:47Z,cartservice,446.0,1920,0.95,0.23229166666666667,0
2026-09-24T11:24:47Z,checkoutservice,167.0,615,0.8,0.27154471544715447,0
2026-09-24T11:24:47Z,productcatalogservice,350.0,1535,0.95,0.2280130293159609,0
2026-09-24T11:24:47Z,paymentservice,12.0,155,0.8,0.07741935483870968,0
2026-09-24T11:24:47Z,recommendationservice,1154.0,1150,0.8,1.0034782608695652,1
2026-09-24T11:24:47Z,shippingservice,35.0,770,0.8,0.045454545454545456,0
2026-09-24T11:24:47Z,currencyservice,310.0,770,0.8,0.4025974025974026,0
2026-09-24T11:24:47Z,emailservice,34.0,155,0.8,0.21935483870967742,0
2026-09-24T11:24:47Z,adservice,53.0,1150,0.8,0.04608695652173913,0
2026-09-24T11:24:47Z,redis-cart,31.0,540,0.8,0.05740740740740741,0
2026-09-24T11:24:48Z,frontend,268.25,1150,0.8,0.23326086956521738,0
2026-09-24T11:24:48Z,cartservice,446.0,1920,0.95,0.23229166666666667,0
2026-09-24T11:24:48Z,checkoutservice,227.0,615,0.8,0.36910569105691055,0
2026-09-24T11:24:48Z,productcatalogservice,350.0,1535,0.95,0.2280130293159609,0
2026-09-24T11:24:48Z,paymentservice,11.0,155,0.8,0.07096774193548387,0
2026-09-24T11:24:48Z,recommendationservice,1154.0,1150,0.8,1.0034782608695652,1
2026-09-24T11:24:48Z,shippingservice,64.0,770,0.8,0.08311688311688312,0
2026-09-24T11:24:48Z,currencyservice,302.0,770,0.8,0.3922077922077922,0
2026-09-24T11:24:48Z,emailservice,25.0,155,0.8,0.16129032258064516,0
2026-09-24T11:24:48Z,adservice,53.0,1150,0.8,0.04608695652173913,0
2026-09-24T11:24:48Z,redis-cart,31.0,540,0.8,0.05740740740740741,0
2026-09-24T11:24:49Z,frontend,311.75,1150,0.8,0.27108695652173914,0
2026-09-24T11:24:49Z,cartservice,450.0,1920,0.95,0.234375,0
2026-09-24T11:24:49Z,checkoutservice,227.0,615,0.8,0.36910569105691055,0
2026-09-24T11:24:49Z,productcatalogservice,377.0,1535,0.95,0.24560260586319219,0
2026-09-24T11:24:49Z,paymentservice,11.0,155,0.8,0.07096774193548387,0
2026-09-24T11:24:49Z,recommendationservice,1152.0,1150,0.8,1.0017391304347827,1
2026-09-24T11:24:49Z,shippingservice,64.0,770,0.8,0.08311688311688312,0
2026-09-24T11:24:49Z,currencyservice,302.0,770,0.8,0.3922077922077922,0
2026-09-24T11:24:49Z,emailservice,17.0,155,0.8,0.10967741935483871,0
2026-09-24T11:24:49Z,adservice,64.0,1150,0.8,0.05565217391304348,0
2026-09-24T11:24:49Z,redis-cart,33.0,540,0.8,0.06111111111111111,0
2026-09-24T11:24:50Z,frontend,267.5,1150,0.8,0.2326086956521739,0
2026-09-24T11:24:50Z,cartservice,417.0,1920,0.95,0.2171875,0
2026-09-24T11:24:50Z,checkoutservice,183.0,615,0.8,0.2975609756097561,0
2026-09-24T11:24:50Z,productcatalogservice,377.0,1535,0.95,0.24560260586319219,0
2026-09-24T11:24:50Z,paymentservice,9.0,155,0.8,0.05806451612903226,0
2026-09-24T11:24:50Z,recommendationservice,1148.0,1150,0.8,0.9982608695652174,1
2026-09-24T11:24:50Z,shippingservice,25.0,770,0.8,0.032467532467532464,0
2026-09-24T11:24:50Z,currencyservice,352.0,770,0.8,0.45714285714285713,0
2026-09-24T11:24:50Z,emailservice,17.0,155,0.8,0.10967741935483871,0
2026-09-24T11:24:50Z,adservice,64.0,1150,0.8,0.05565217391304348,0
2026-09-24T11:24:50Z,redis-cart,31.0,540,0.8,0.05740740740740741,0
2026-09-24T11:24:51Z,frontend,254.5,1150,0.8,0.22130434782608696,0
2026-09-24T11:24:51Z,cartservice,417.0,1920,0.95,0.2171875,0
2026-09-24T11:24:51Z,checkoutservice,183.0,615,0.8,0.2975609756097561,0
2026-09-24T11:24:51Z,productcatalogservice,361.0,1535,0.95,0.23517915309446255,0
2026-09-24T11:24:51Z,paymentservice,34.0,155,0.8,0.21935483870967742,0
2026-09-24T11:24:51Z,recommendationservice,1148.0,1150,0.8,0.9982608695652174,1
2026-09-24T11:24:51Z,shippingservice,25.0,770,0.8,0.032467532467532464,0
2026-09-24T11:24:51Z,currencyservice,352.0,770,0.8,0.45714285714285713,0
2026-09-24T11:24:51Z,emailservice,39.0,155,0.8,0.25161290322580643,0
2026-09-24T11:24:51Z,adservice,45.0,1150,0.8,0.0391304347826087,0
2026-09-24T11:24:51Z,redis-cart,31.0,540,0.8,0.05740740740740741,0
2026-09-24T11:24:52Z,frontend,261.25,1150,0.8,0.22717391304347825,0
2026-09-24T11:24:52Z,cartservice,407.0,1920,0.95,0.21197916666666666,0
2026-09-24T11:24:52Z,checkoutservice,180.0,615,0.8,0.2926829268292683,0
2026-09-24T11:24:52Z,productcatalogservice,361.0,1535,0.95,0.23517915309446255,0
2026-09-24T11:24:52Z,paymentservice,0.0,155,0.8,0.0,0
2026-09-24T11:24:52Z,recommendationservice,1148.0,1150,0.8,0.9982608695652174,1
2026-09-24T11:24:52Z,shippingservice,29.0,770,0.8,0.03766233766233766,0
2026-09-24T11:24:52Z,currencyservice,320.0,770,0.8,0.4155844155844156,0
2026-09-24T11:24:52Z,emailservice,16.0,155,0.8,0.1032258064516129,0
2026-09-24T11:24:52Z,adservice,48.0,1150,0.8,0.04173913043478261,0
2026-09-24T11:24:52Z,redis-cart,31.0,540,0.8,0.05740740740740741,0
2026-09-24T11:24:53Z,frontend,225.25,1150,0.8,0.1958695652173913,0
2026-09-24T11:24:53Z,cartservice,385.0,1920,0.95,0.20052083333333334,0
2026-09-24T11:24:53Z,checkoutservice,28.0,615,0.8,0.04552845528455285,0
2026-09-24T11:24:53Z,productcatalogservice,314.0,1535,0.95,0.2045602605863192,0
2026-09-24T11:24:53Z,paymentservice,0.0,155,0.8,0.0,0
2026-09-24T11:24:53Z,recommendationservice,1144.0,1150,0.8,0.9947826086956522,1
2026-09-24T11:24:53Z,shippingservice,10.0,770,0.8,0.012987012987012988,0
2026-09-24T11:24:53Z,currencyservice,257.0,770,0.8,0.33376623376623377,0
2026-09-24T11:24:53Z,emailservice,16.0,155,0.8,0.1032258064516129,0
2026-09-24T11:24:53Z,adservice,48.0,1150,0.8,0.04173913043478261,0
2026-09-24T11:24:53Z,redis-cart,28.0,540,0.8,0.05185185185185185,0
2026-09-24T11:24:54Z,frontend,231.5,1150,0.8,0.20130434782608694,0
2026-09-24T11:24:54Z,cartservice,385.0,1920,0.95,0.20052083333333334,0
2026-09-24T11:24:54Z,checkoutservice,28.0,615,0.8,0.04552845528455285,0
2026-09-24T11:24:54Z,productcatalogservice,314.0,1535,0.95,0.2045602605863192,0
2026-09-24T11:24:54Z,paymentservice,0.0,155,0.8,0.0,0
2026-09-24T11:24:54Z,recommendationservice,1144.0,1150,0.8,0.9947826086956522,1
2026-09-24T11:24:54Z,shippingservice,10.0,770,0.8,0.012987012987012988,0
2026-09-24T11:24:54Z,currencyservice,257.0,770,0.8,0.33376623376623377,0
2026-09-24T11:24:54Z,emailservice,0.0,155,0.8,0.0,0
2026-09-24T11:24:54Z,adservice,30.0,1150,0.8,0.02608695652173913,0
2026-09-24T11:24:54Z,redis-cart,29.0,540,0.8,0.053703703703703705,0
2026-09-24T11:24:55Z,frontend,261.25,1150,0.8,0.22717391304347825,0
2026-09-24T11:24:55Z,cartservice,409.0,1920,0.95,0.21302083333333333,0
2026-09-24T11:24:55Z,checkoutservice,179.0,615,0.8,0.2910569105691057,0
2026-09-24T11:24:55Z,productcatalogservice,325.0,1535,0.95,0.21172638436482086,0
2026-09-24T11:24:55Z,paymentservice,10.0,155,0.8,0.06451612903225806,0
2026-09-24T11:24:55Z,recommendationservice,1146.0,1150,0.8,0.9965217391304347,1
2026-09-24T11:24:55Z,shippingservice,17.0,770,0.8,0.02207792207792208,0
2026-09-24T11:24:55Z,currencyservice,304.0,770,0.8,0.3948051948051948,0
2026-09-24T11:24:55Z,emailservice,54.0,155,0.8,0.34838709677419355,0
2026-09-24T11:24:55Z,adservice,65.0,1150,0.8,0.05652173913043478,0
2026-09-24T11:24:55Z,redis-cart,29.0,540,0.8,0.053703703703703705,0
2026-09-24T11:24:56Z,frontend,262.25,1150,0.8,0.22804347826086957,0
2026-09-24T11:24:56Z,cartservice,446.0,1920,0.95,0.23229166666666667,0
2026-09-24T11:24:56Z,checkoutservice,116.0,615,0.8,0.1886178861788618,0
2026-09-24T11:24:56Z,productcatalogservice,355.0,1535,0.95,0.23127035830618892,0
2026-09-24T11:24:56Z,paymentservice,10.0,155,0.8,0.06451612903225806,0
2026-09-24T11:24:56Z,recommendationservice,1146.0,1150,0.8,0.9965217391304347,1
2026-09-24T11:24:56Z,shippingservice,34.0,770,0.8,0.04415584415584416,0
2026-09-24T11:24:56Z,currencyservice,290.0,770,0.8,0.37662337662337664,0
2026-09-24T11:24:56Z,emailservice,24.0,155,0.8,0.15483870967741936,0
2026-09-24T11:24:56Z,adservice,65.0,1150,0.8,0.05652173913043478,0
2026-09-24T11:24:56Z,redis-cart,35.0,540,0.8,0.06481481481481481,0
2026-09-24T11:24:57Z,frontend,260.0,1150,0.8,0.22608695652173913,0
2026-09-24T11:24:57Z,cartservice,424.0,1920,0.95,0.22083333333333333,0
2026-09-24T11:24:57Z,checkoutservice,246.0,615,0.8,0.4,0
2026-09-24T11:24:57Z,productcatalogservice,355.0,1535,0.95,0.23127035830618892,0
2026-09-24T11:24:57Z,paymentservice,8.0,155,0.8,0.05161290322580645,0
2026-09-24T11:24:57Z,recommendationservice,1152.0,1150,0.8,1.0017391304347827,1
2026-09-24T11:24:57Z,shippingservice,20.0,770,0.8,0.025974025974025976,0
2026-09-24T11:24:57Z,currencyservice,290.0,770,0.8,0.37662337662337664,0
2026-09-24T11:24:57Z,emailservice,24.0,155,0.8,0.15483870967741936,0
2026-09-24T11:24:57Z,adservice,47.0,1150,0.8,0.0408695652173913,0
2026-09-24T11:24:57Z,redis-cart,31.0,540,0.8,0.05740740740740741,0
2026-09-24T11:24:58Z,frontend,276.5,1150,0.8,0.24043478260869566,0
2026-09-24T11:24:58Z,cartservice,440.0,1920,0.95,0.22916666666666666,0
2026-09-24T11:24:58Z,checkoutservice,246.0,615,0.8,0.4,0
2026-09-24T11:24:58Z,productcatalogservice,367.0,1535,0.95,0.23908794788273616,0
2026-09-24T11:24:58Z,paymentservice,16.0,155,0.8,0.1032258064516129,0
2026-09-24T11:24:58Z,recommendationservice,1135.0,1150,0.8,0.9869565217391304,1
2026-09-24T11:24:58Z,shippingservice,20.0,770,0.8,0.025974025974025976,0
2026-09-24T11:24:58Z,currencyservice,323.0,770,0.8,0.41948051948051945,0
2026-09-24T11:24:58Z,emailservice,26.0,155,0.8,0.16774193548387098,0
2026-09-24T11:24:58Z,adservice,47.0,1150,0.8,0.0408695652173913,0
2026-09-24T11:24:58Z,redis-cart,31.0,540,0.8,0.05740740740740741,0
2026-09-24T11:24:59Z,frontend,273.0,1150,0.8,0.2373913043478261,0
2026-09-24T11:24:59Z,cartservice,440.0,1920,0.95,0.22916666666666666,0
2026-09-24T11:24:59Z,checkoutservice,246.0,615,0.8,0.4,0
2026-09-24T11:24:59Z,productcatalogservice,331.0,1535,0.95,0.21563517915309446,0
2026-09-24T11:24:59Z,paymentservice,9.0,155,0.8,0.05806451612903226,0
2026-09-24T11:24:59Z,recommendationservice,1135.0,1150,0.8,0.9869565217391304,1
2026-09-24T11:24:59Z,shippingservice,54.0,770,0.8,0.07012987012987013,0
2026-09-24T11:24:59Z,currencyservice,323.0,770,0.8,0.41948051948051945,0
2026-09-24T11:24:59Z,emailservice,17.0,155,0.8,0.10967741935483871,0
2026-09-24T11:24:59Z,adservice,53.0,1150,0.8,0.04608695652173913,0
2026-09-24T11:24:59Z,redis-cart,31.0,540,0.8,0.05740740740740741,0
2026-09-24T11:25:00Z,frontend,246.0,1150,0.8,0.21391304347826087,0
2026-09-24T11:25:00Z,cartservice,398.0,1920,0.95,0.20729166666666668,0
2026-09-24T11:25:00Z,checkoutservice,171.0,615,0.8,0.2780487804878049,0
2026-09-24T11:25:00Z,productcatalogservice,396.0,1535,0.95,0.2579804560260586,0
2026-09-24T11:25:00Z,paymentservice,9.0,155,0.8,0.05806451612903226,0
2026-09-24T11:25:00Z,recommendationservice,1132.0,1150,0.8,0.9843478260869565,1
2026-09-24T11:25:00Z,shippingservice,54.0,770,0.8,0.07012987012987013,0
2026-09-24T11:25:00Z,currencyservice,336.0,770,0.8,0.43636363636363634,0
2026-09-24T11:25:00Z,emailservice,17.0,155,0.8,0.10967741935483871,0
2026-09-24T11:25:00Z,adservice,48.0,1150,0.8,0.04173913043478261,0
2026-09-24T11:25:00Z,redis-cart,30.0,540,0.8,0.05555555555555555,0
2026-09-24T11:25:01Z,frontend,248.25,1150,0.8,0.2158695652173913,0
2026-09-24T11:25:01Z,cartservice,434.0,1920,0.95,0.22604166666666667,0
2026-09-24T11:25:01Z,checkoutservice,171.0,615,0.8,0.2780487804878049,0
2026-09-24T11:25:01Z,productcatalogservice,396.0,1535,0.95,0.2579804560260586,0
2026-09-24T11:25:01Z,paymentservice,42.0,155,0.8,0.2709677419354839,0
2026-09-24T11:25:01Z,recommendationservice,1154.0,1150,0.8,1.0034782608695652,1
2026-09-24T11:25:01Z,shippingservice,21.0,770,0.8,0.02727272727272727,0
2026-09-24T11:25:01Z,currencyservice,317.0,770,0.8,0.4116883116883117,0
2026-09-24T11:25:01Z,emailservice,53.0,155,0.8,0.3419354838709677,0
2026-09-24T11:25:01Z,adservice,48.0,1150,0.8,0.04173913043478261,0
2026-09-24T11:25:01Z,redis-cart,30.0,540,0.8,0.05555555555555555,0
2026-09-24T11:25:02Z,frontend,261.0,1150,0.8,0.22695652173913045,0
2026-09-24T11:25:02Z,cartservice,456.0,1920,0.95,0.2375,0
2026-09-24T11:25:02Z,checkoutservice,198.0,615,0.8,0.32195121951219513,0
2026-09-24T11:25:02Z,productcatalogservice,354.0,1535,0.95,0.23061889250814332,0
2026-09-24T11:25:02Z,paymentservice,10.0,155,0.8,0.06451612903225806,0
2026-09-24T11:25:02Z,recommendationservice,1142.0,1150,0.8,0.9930434782608696,1
2026-09-24T11:25:02Z,shippingservice,35.0,770,0.8,0.045454545454545456,0
2026-09-24T11:25:02Z,currencyservice,309.0,770,0.8,0.4012987012987013,0
2026-09-24T11:25:02Z,emailservice,53.0,155,0.8,0.3419354838709677,0
2026-09-24T11:25:02Z,adservice,51.0,1150,0.8,0.04434782608695652,0
2026-09-24T11:25:02Z,redis-cart,32.0,540,0.8,0.05925925925925926,0
2026-09-24T11:25:03Z,frontend,271.75,1150,0.8,0.23630434782608695,0
2026-09-24T11:25:03Z,cartservice,415.0,1920,0.95,0.21614583333333334,0
2026-09-24T11:25:03Z,checkoutservice,198.0,615,0.8,0.32195121951219513,0
2026-09-24T11:25:03Z,productcatalogservice,361.0,1535,0.95,0.23517915309446255,0
2026-09-24T11:25:03Z,paymentservice,10.0,155,0.8,0.06451612903225806,0
2026-09-24T11:25:03Z,recommendationservice,1142.0,1150,0.8,0.9930434782608696,1
2026-09-24T11:25:03Z,shippingservice,50.0,770,0.8,0.06493506493506493,0
2026-09-24T11:25:03Z,currencyservice,309.0,770,0.8,0.4012987012987013,0
2026-09-24T11:25:03Z,emailservice,30.0,155,0.8,0.1935483870967742,0
2026-09-24T11:25:03Z,adservice,51.0,1150,0.8,0.04434782608695652,0
2026-09-24T11:25:03Z,redis-cart,32.0,540,0.8,0.05925925925925926,0
2026-09-24T11:25:04Z,frontend,270.75,1150,0.8,0.23543478260869566,0
2026-09-24T11:25:04Z,cartservice,415.0,1920,0.95,0.21614583333333334,0
2026-09-24T11:25:04Z,checkoutservice,349.0,615,0.8,0.567479674796748,0
2026-09-24T11:25:04Z,productcatalogservice,375.0,1535,0.95,0.24429967426710097,0
2026-09-24T11:25:04Z,paymentservice,21.0,155,0.8,0.13548387096774195,0
2026-09-24T11:25:04Z,recommendationservice,1149.0,1150,0.8,0.9991304347826087,1
2026-09-24T11:25:04Z,shippingservice,28.0,770,0.8,0.03636363636363636,0
2026-09-24T11:25:04Z,currencyservice,365.0,770,0.8,0.474025974025974,0
2026-09-24T11:25:04Z,emailservice,32.0,155,0.8,0.2064516129032258,0
2026-09-24T11:25:04Z,adservice,59.0,1150,0.8,0.051304347826086956,0
2026-09-24T11:25:04Z,redis-cart,30.0,540,0.8,0.05555555555555555,0
2026-09-24T11:25:05Z,frontend,269.5,1150,0.8,0.23434782608695653,0
2026-09-24T11:25:05Z,cartservice,422.0,1920,0.95,0.21979166666666666,0
2026-09-24T11:25:05Z,checkoutservice,138.0,615,0.8,0.22439024390243903,0
2026-09-24T11:25:05Z,productcatalogservice,375.0,1535,0.95,0.24429967426710097,0
2026-09-24T11:25:05Z,paymentservice,4.0,155,0.8,0.025806451612903226,0
2026-09-24T11:25:05Z,recommendationservice,1143.0,1150,0.8,0.9939130434782608,1
2026-09-24T11:25:05Z,shippingservice,30.0,770,0.8,0.03896103896103896,0
2026-09-24T11:25:05Z,currencyservice,324.0,770,0.8,0.42077922077922075,0
2026-09-24T11:25:05Z,emailservice,32.0,155,0.8,0.2064516129032258,0
2026-09-24T11:25:05Z,adservice,46.0,1150,0.8,0.04,0
2026-09-24T11:25:05Z,redis-cart,34.0,540,0.8,0.06296296296296296,0
2026-09-24T11:25:06Z,frontend,255.75,1150,0.8,0.22239130434782609,0
2026-09-24T11:25:06Z,cartservice,440.0,1920,0.95,0.22916666666666666,0
2026-09-24T11:25:06Z,checkoutservice,138.0,615,0.8,0.22439024390243903,0
2026-09-24T11:25:06Z,productcatalogservice,355.0,1535,0.95,0.23127035830618892,0
2026-09-24T11:25:06Z,paymentservice,8.0,155,0.8,0.05161290322580645,0
2026-09-24T11:25:06Z,recommendationservice,1143.0,1150,0.8,0.9939130434782608,1
2026-09-24T11:25:06Z,shippingservice,30.0,770,0.8,0.03896103896103896,0
2026-09-24T11:25:06Z,currencyservice,281.0,770,0.8,0.36493506493506495,0
2026-09-24T11:25:06Z,emailservice,38.0,155,0.8,0.24516129032258063,0
2026-09-24T11:25:06Z,adservice,46.0,1150,0.8,0.04,0
2026-09-24T11:25:06Z,redis-cart,34.0,540,0.8,0.06296296296296296,0
2026-09-24T11:25:07Z,frontend,270.0,1150,0.8,0.23478260869565218,0
2026-09-24T11:25:07Z,cartservice,417.0,1920,0.95,0.2171875,0
2026-09-24T11:25:07Z,checkoutservice,179.0,615,0.8,0.2910569105691057,0
2026-09-24T11:25:07Z,productcatalogservice,362.0,1535,0.95,0.23583061889250814,0
2026-09-24T11:25:07Z,paymentservice,15.0,155,0.8,0.0967741935483871,0
2026-09-24T11:25:07Z,recommendationservice,1142.0,1150,0.8,0.9930434782608696,1
2026-09-24T11:25:07Z,shippingservice,19.0,770,0.8,0.024675324675324677,0
2026-09-24T11:25:07Z,currencyservice,281.0,770,0.8,0.36493506493506495,0
2026-09-24T11:25:07Z,emailservice,20.0,155,0.8,0.12903225806451613,0
2026-09-24T11:25:07Z,adservice,52.0,1150,0.8,0.04521739130434783,0
2026-09-24T11:25:07Z,redis-cart,28.0,540,0.8,0.05185185185185185,0
2026-09-24T11:25:08Z,frontend,282.75,1150,0.8,0.2458695652173913,0
2026-09-24T11:25:08Z,cartservice,417.0,1920,0.95,0.2171875,0
2026-09-24T11:25:08Z,checkoutservice,241.0,615,0.8,0.39186991869918697,0
2026-09-24T11:25:08Z,productcatalogservice,362.0,1535,0.95,0.23583061889250814,0
2026-09-24T11:25:08Z,paymentservice,15.0,155,0.8,0.0967741935483871,0
2026-09-24T11:25:08Z,recommendationservice,1142.0,1150,0.8,0.9930434782608696,1
2026-09-24T11:25:08Z,shippingservice,71.0,770,0.8,0.09220779220779221,0
2026-09-24T11:25:08Z,currencyservice,355.0,770,0.8,0.461038961038961,0
2026-09-24T11:25:08Z,emailservice,20.0,155,0.8,0.12903225806451613,0
2026-09-24T11:25:08Z,adservice,79.0,1150,0.8,0.06869565217391305,0
2026-09-24T11:25:08Z,redis-cart,29.0,540,0.8,0.053703703703703705,0
2026-09-24T11:25:09Z,frontend,247.0,1150,0.8,0.21478260869565216,0
2026-09-24T11:25:09Z,cartservice,401.0,1920,0.95,0.20885416666666667,0
2026-09-24T11:25:09Z,checkoutservice,297.0,615,0.8,0.48292682926829267,0
2026-09-24T11:25:09Z,productcatalogservice,414.0,1535,0.95,0.2697068403908795,0
2026-09-24T11:25:09Z,paymentservice,14.0,155,0.8,0.09032258064516129,0
2026-09-24T11:25:09Z,recommendationservice,1159.0,1150,0.8,1.0078260869565216,1
2026-09-24T11:25:09Z,shippingservice,49.0,770,0.8,0.06363636363636363,0
2026-09-24T11:25:09Z,currencyservice,355.0,770,0.8,0.461038961038961,0
2026-09-24T11:25:09Z,emailservice,21.0,155,0.8,0.13548387096774195,0
2026-09-24T11:25:09Z,adservice,79.0,1150,0.8,0.06869565217391305,0
2026-09-24T11:25:09Z,redis-cart,29.0,540,0.8,0.053703703703703705,0
2026-09-24T11:25:10Z,frontend,281.25,1150,0.8,0.24456521739130435,0
2026-09-24T11:25:10Z,cartservice,401.0,1920,0.95,0.20885416666666667,0
2026-09-24T11:25:10Z,checkoutservice,297.0,615,0.8,0.48292682926829267,0
2026-09-24T11:25:10Z,productcatalogservice,379.0,1535,0.95,0.2469055374592834,0
2026-09-24T11:25:10Z,paymentservice,14.0,155,0.8,0.09032258064516129,0
2026-09-24T11:25:10Z,recommendationservice,1142.0,1150,0.8,0.9930434782608696,1
2026-09-24T11:25:10Z,shippingservice,49.0,770,0.8,0.06363636363636363,0
2026-09-24T11:25:10Z,currencyservice,333.0,770,0.8,0.43246753246753245,0
2026-09-24T11:25:10Z,emailservice,54.0,155,0.8,0.34838709677419355,0
2026-09-24T11:25:10Z,adservice,83.0,1150,0.8,0.07217391304347825,0
2026-09-24T11:25:10Z,redis-cart,33.0,540,0.8,0.06111111111111111,0
2026-09-24T11:25:11Z,frontend,225.75,1150,0.8,0.19630434782608697,0
2026-09-24T11:25:11Z,cartservice,411.0,1920,0.95,0.2140625,0
2026-09-24T11:25:11Z,checkoutservice,34.0,615,0.8,0.055284552845528454,0
2026-09-24T11:25:11Z,productcatalogservice,341.0,1535,0.95,0.2221498371335505,0
2026-09-24T11:25:11Z,paymentservice,30.0,155,0.8,0.1935483870967742,0
2026-09-24T11:25:11Z,recommendationservice,1142.0,1150,0.8,0.9930434782608696,1
2026-09-24T11:25:11Z,shippingservice,4.0,770,0.8,0.005194805194805195,0
2026-09-24T11:25:11Z,currencyservice,333.0,770,0.8,0.43246753246753245,0
2026-09-24T11:25:11Z,emailservice,54.0,155,0.8,0.34838709677419355,0
2026-09-24T11:25:11Z,adservice,31.0,1150,0.8,0.026956521739130435,0
2026-09-24T11:25:11Z,redis-cart,30.0,540,0.8,0.05555555555555555,0
2026-09-24T11:25:12Z,frontend,274.75,1150,0.8,0.23891304347826087,0
2026-09-24T11:25:12Z,cartservice,411.0,1920,0.95,0.2140625,0
2026-09-24T11:25:12Z,checkoutservice,35.0,615,0.8,0.056910569105691054,0
2026-09-24T11:25:12Z,productcatalogservice,341.0,1535,0.95,0.2221498371335505,0
2026-09-24T11:25:12Z,paymentservice,9.0,155,0.8,0.05806451612903226,0
2026-09-24T11:25:12Z,recommendationservice,1137.0,1150,0.8,0.9886956521739131,1
2026-09-24T11:25:12Z,shippingservice,4.0,770,0.8,0.005194805194805195,0
2026-09-24T11:25:12Z,currencyservice,279.0,770,0.8,0.36233766233766235,0
2026-09-24T11:25:12Z,emailservice,7.0,155,0.8,0.04516129032258064,0
2026-09-24T11:25:12Z,adservice,31.0,1150,0.8,0.026956521739130435,0
2026-09-24T11:25:12Z,redis-cart,31.0,540,0.8,0.05740740740740741,0
2026-09-24T11:25:13Z,frontend,270.25,1150,0.8,0.235,0
2026-09-24T11:25:13Z,cartservice,420.0,1920,0.95,0.21875,0
2026-09-24T11:25:13Z,checkoutservice,197.0,615,0.8,0.3203252032520325,0
2026-09-24T11:25:13Z,productcatalogservice,357.0,1535,0.95,0.23257328990228013,0
2026-09-24T11:25:13Z,paymentservice,5.0,155,0.8,0.03225806451612903,0
2026-09-24T11:25:13Z,recommendationservice,1156.0,1150,0.8,1.0052173913043478,1
2026-09-24T11:25:13Z,shippingservice,31.0,770,0.8,0.04025974025974026,0
2026-09-24T11:25:13Z,currencyservice,279.0,770,0.8,0.36233766233766235,0
2026-09-24T11:25:13Z,emailservice,7.0,155,0.8,0.04516129032258064,0
2026-09-24T11:25:13Z,adservice,43.0,1150,0.8,0.03739130434782609,0
2026-09-24T11:25:13Z,redis-cart,32.0,540,0.8,0.05925925925925926,0
2026-09-24T11:25:14Z,frontend,247.5,1150,0.8,0.21521739130434783,0
2026-09-24T11:25:14Z,cartservice,451.0,1920,0.95,0.23489583333333333,0
2026-09-24T11:25:14Z,checkoutservice,197.0,615,0.8,0.3203252032520325,0
2026-09-24T11:25:14Z,productcatalogservice,357.0,1535,0.95,0.23257328990228013,0
2026-09-24T11:25:14Z,paymentservice,5.0,155,0.8,0.03225806451612903,0
2026-09-24T11:25:14Z,recommendationservice,1156.0,1150,0.8,1.0052173913043478,1
2026-09-24T11:25:14Z,shippingservice,28.0,770,0.8,0.03636363636363636,0
2026-09-24T11:25:14Z,currencyservice,351.0,770,0.8,0.45584415584415583,0
2026-09-24T11:25:14Z,emailservice,27.0,155,0.8,0.17419354838709677,0
2026-09-24T11:25:14Z,adservice,43.0,1150,0.8,0.03739130434782609,0
2026-09-24T11:25:14Z,redis-cart,32.0,540,0.8,0.05925925925925926,0
2026-09-24T11:25:15Z,frontend,274.75,1150,0.8,0.23891304347826087,0
2026-09-24T11:25:15Z,cartservice,451.0,1920,0.95,0.23489583333333333,0
2026-09-24T11:25:15Z,checkoutservice,193.0,615,0.8,0.31382113821138213,0
2026-09-24T11:25:15Z,productcatalogservice,374.0,1535,0.95,0.24364820846905538,0
2026-09-24T11:25:15Z,paymentservice,10.0,155,0.8,0.06451612903225806,0
2026-09-24T11:25:15Z,recommendationservice,1143.0,1150,0.8,0.9939130434782608,1
2026-09-24T11:25:15Z,shippingservice,28.0,770,0.8,0.03636363636363636,0
2026-09-24T11:25:15Z,currencyservice,269.0,770,0.8,0.34935064935064936,0
2026-09-24T11:25:15Z,emailservice,38.0,155,0.8,0.24516129032258063,0
2026-09-24T11:25:15Z,adservice,52.0,1150,0.8,0.04521739130434783,0
2026-09-24T11:25:15Z,redis-cart,31.0,540,0.8,0.05740740740740741,0
2026-09-24T11:25:16Z,frontend,250.75,1150,0.8,0.21804347826086956,0
2026-09-24T11:25:16Z,cartservice,394.0,1920,0.95,0.20520833333333333,0
2026-09-24T11:25:16Z,checkoutservice,193.0,615,0.8,0.31382113821138213,0
2026-09-24T11:25:16Z,productcatalogservice,349.0,1535,0.95,0.2273615635179153,0
2026-09-24T11:25:16Z,paymentservice,10.0,155,0.8,0.06451612903225806,0
2026-09-24T11:25:16Z,recommendationservice,1157.0,1150,0.8,1.0060869565217392,1
2026-09-24T11:25:16Z,shippingservice,5.0,770,0.8,0.006493506493506494,0
2026-09-24T11:25:16Z,currencyservice,306.0,770,0.8,0.3974025974025974,0
2026-09-24T11:25:16Z,emailservice,38.0,155,0.8,0.24516129032258063,0
2026-09-24T11:25:16Z,adservice,36.0,1150,0.8,0.03130434782608696,0
2026-09-24T11:25:16Z,redis-cart,30.0,540,0.8,0.05555555555555555,0
2026-09-24T11:25:17Z,frontend,225.5,1150,0.8,0.19608695652173913,0
2026-09-24T11:25:17Z,cartservice,486.0,1920,0.95,0.253125,0
2026-09-24T11:25:17Z,checkoutservice,145.0,615,0.8,0.23577235772357724,0
2026-09-24T11:25:17Z,productcatalogservice,349.0,1535,0.95,0.2273615635179153,0
2026-09-24T11:25:17Z,paymentservice,8.0,155,0.8,0.05161290322580645,0
2026-09-24T11:25:17Z,recommendationservice,1157.0,1150,0.8,1.0060869565217392,1
2026-09-24T11:25:17Z,shippingservice,5.0,770,0.8,0.006493506493506494,0
2026-09-24T11:25:17Z,currencyservice,306.0,770,0.8,0.3974025974025974,0
2026-09-24T11:25:17Z,emailservice,15.0,155,0.8,0.0967741935483871,0
2026-09-24T11:25:17Z,adservice,36.0,1150,0.8,0.03130434782608696,0
2026-09-24T11:25:17Z,redis-cart,30.0,540,0.8,0.05555555555555555,0
2026-09-24T11:25:18Z,frontend,249.25,1150,0.8,0.2167391304347826,0
2026-09-24T11:25:18Z,cartservice,486.0,1920,0.95,0.253125,0
2026-09-24T11:25:18Z,checkoutservice,7.0,615,0.8,0.011382113821138212,0
2026-09-24T11:25:18Z,productcatalogservice,337.0,1535,0.95,0.21954397394136807,0
2026-09-24T11:25:18Z,paymentservice,0.0,155,0.8,0.0,0
2026-09-24T11:25:18Z,recommendationservice,1146.0,1150,0.8,0.9965217391304347,1
2026-09-24T11:25:18Z,shippingservice,40.0,770,0.8,0.05194805194805195,0
2026-09-24T11:25:18Z,currencyservice,291.0,770,0.8,0.37792207792207794,0
2026-09-24T11:25:18Z,emailservice,0.0,155,0.8,0.0,0
2026-09-24T11:25:18Z,adservice,52.0,1150,0.8,0.04521739130434783,0
2026-09-24T11:25:18Z,redis-cart,31.0,540,0.8,0.05740740740740741,0
2026-09-24T11:25:19Z,frontend,291.25,1150,0.8,0.2532608695652174,0
2026-09-24T11:25:19Z,cartservice,398.0,1920,0.95,0.20729166666666668,0
2026-09-24T11:25:19Z,checkoutservice,7.0,615,0.8,0.011382113821138212,0
2026-09-24T11:25:19Z,productcatalogservice,360.0,1535,0.95,0.23452768729641693,0
2026-09-24T11:25:19Z,paymentservice,0.0,155,0.8,0.0,0
2026-09-24T11:25:19Z,recommendationservice,1130.0,1150,0.8,0.9826086956521739,1
2026-09-24T11:25:19Z,shippingservice,26.0,770,0.8,0.033766233766233764,0
2026-09-24T11:25:19Z,currencyservice,315.0,770,0.8,0.4090909090909091,0
2026-09-24T11:25:19Z,emailservice,0.0,155,0.8,0.0,0
2026-09-24T11:25:19Z,adservice,52.0,1150,0.8,0.04521739130434783,0
2026-09-24T11:25:19Z,redis-cart,31.0,540,0.8,0.05740740740740741,0
2026-09-24T11:25:20Z,frontend,285.0,1150,0.8,0.24782608695652175,0
2026-09-24T11:25:20Z,cartservice,489.0,1920,0.95,0.2546875,0
2026-09-24T11:25:20Z,checkoutservice,342.0,615,0.8,0.5560975609756098,0
2026-09-24T11:25:20Z,productcatalogservice,383.0,1535,0.95,0.2495114006514658,0
2026-09-24T11:25:20Z,paymentservice,18.0,155,0.8,0.11612903225806452,0
2026-09-24T11:25:20Z,recommendationservice,1130.0,1150,0.8,0.9826086956521739,1
2026-09-24T11:25:20Z,shippingservice,26.0,770,0.8,0.033766233766233764,0
2026-09-24T11:25:20Z,currencyservice,416.0,770,0.8,0.5402597402597402,0
2026-09-24T11:25:20Z,emailservice,69.0,155,0.8,0.44516129032258067,0
2026-09-24T11:25:20Z,adservice,52.0,1150,0.8,0.04521739130434783,0
2026-09-24T11:25:20Z,redis-cart,34.0,540,0.8,0.06296296296296296,0
2026-09-24T11:25:21Z,frontend,271.0,1150,0.8,0.23565217391304347,0
2026-09-24T11:25:21Z,cartservice,489.0,1920,0.95,0.2546875,0
2026-09-24T11:25:21Z,checkoutservice,110.0,615,0.8,0.17886178861788618,0
2026-09-24T11:25:21Z,productcatalogservice,383.0,1535,0.95,0.2495114006514658,0
2026-09-24T11:25:21Z,paymentservice,42.0,155,0.8,0.2709677419354839,0
2026-09-24T11:25:21Z,recommendationservice,1143.0,1150,0.8,0.9939130434782608,1
2026-09-24T11:25:21Z,shippingservice,40.0,770,0.8,0.05194805194805195,0
2026-09-24T11:25:21Z,currencyservice,416.0,770,0.8,0.5402597402597402,0
2026-09-24T11:25:21Z,emailservice,69.0,155,0.8,0.44516129032258067,0
2026-09-24T11:25:21Z,adservice,51.0,1150,0.8,0.04434782608695652,0
2026-09-24T11:25:21Z,redis-cart,31.0,540,0.8,0.05740740740740741,0
2026-09-24T11:25:22Z,frontend,244.5,1150,0.8,0.2126086956521739,0
2026-09-24T11:25:22Z,cartservice,438.0,1920,0.95,0.228125,0
2026-09-24T11:25:22Z,checkoutservice,111.0,615,0.8,0.18048780487804877,0
2026-09-24T11:25:22Z,productcatalogservice,373.0,1535,0.95,0.24299674267100976,0
2026-09-24T11:25:22Z,paymentservice,5.0,155,0.8,0.03225806451612903,0
2026-09-24T11:25:22Z,recommendationservice,1139.0,1150,0.8,0.9904347826086957,1
2026-09-24T11:25:22Z,shippingservice,11.0,770,0.8,0.014285714285714285,0
2026-09-24T11:25:22Z,currencyservice,291.0,770,0.8,0.37792207792207794,0
2026-09-24T11:25:22Z,emailservice,10.0,155,0.8,0.06451612903225806,0
2026-09-24T11:25:22Z,adservice,51.0,1150,0.8,0.04434782608695652,0
2026-09-24T11:25:22Z,redis-cart,31.0,540,0.8,0.05740740740740741,0
2026-09-24T11:25:23Z,frontend,240.5,1150,0.8,0.2091304347826087,0
2026-09-24T11:25:23Z,cartservice,467.0,1920,0.95,0.24322916666666666,0
2026-09-24T11:25:23Z,checkoutservice,111.0,615,0.8,0.18048780487804877,0
2026-09-24T11:25:23Z,productcatalogservice,350.0,1535,0.95,0.2280130293159609,0
2026-09-24T11:25:23Z,paymentservice,5.0,155,0.8,0.03225806451612903,0
2026-09-24T11:25:23Z,recommendationservice,1158.0,1150,0.8,1.0069565217391305,1
2026-09-24T11:25:23Z,shippingservice,11.0,770,0.8,0.014285714285714285,0
2026-09-24T11:25:23Z,currencyservice,306.0,770,0.8,0.3974025974025974,0
2026-09-24T11:25:23Z,emailservice,12.0,155,0.8,0.07741935483870968,0
2026-09-24T11:25:23Z,adservice,43.0,1150,0.8,0.03739130434782609,0
2026-09-24T11:25:23Z,redis-cart,29.0,540,0.8,0.053703703703703705,0
2026-09-24T11:25:24Z,frontend,247.5,1150,0.8,0.21521739130434783,0
2026-09-24T11:25:24Z,cartservice,467.0,1920,0.95,0.24322916666666666,0
2026-09-24T11:25:24Z,checkoutservice,99.0,615,0.8,0.16097560975609757,0
2026-09-24T11:25:24Z,productcatalogservice,350.0,1535,0.95,0.2280130293159609,0
2026-09-24T11:25:24Z,paymentservice,7.0,155,0.8,0.04516129032258064,0
2026-09-24T11:25:24Z,recommendationservice,1137.0,1150,0.8,0.9886956521739131,1
2026-09-24T11:25:24Z,shippingservice,26.0,770,0.8,0.033766233766233764,0
2026-09-24T11:25:24Z,currencyservice,306.0,770,0.8,0.3974025974025974,0
2026-09-24T11:25:24Z,emailservice,0.0,155,0.8,0.0,0
2026-09-24T11:25:24Z,adservice,33.0,1150,0.8,0.028695652173913042,0
2026-09-24T11:25:24Z,redis-cart,32.0,540,0.8,0.05925925925925926,0
2026-09-24T11:25:25Z,frontend,237.25,1150,0.8,0.20630434782608695,0
2026-09-24T11:25:25Z,cartservice,442.0,1920,0.95,0.23020833333333332,0
2026-09-24T11:25:25Z,checkoutservice,99.0,615,0.8,0.16097560975609757,0
2026-09-24T11:25:25Z,productcatalogservice,340.0,1535,0.95,0.22149837133550487,0
2026-09-24T11:25:25Z,paymentservice,15.0,155,0.8,0.0967741935483871,0
2026-09-24T11:25:25Z,recommendationservice,1148.0,1150,0.8,0.9982608695652174,1
2026-09-24T11:25:25Z,shippingservice,26.0,770,0.8,0.033766233766233764,0
2026-09-24T11:25:25Z,currencyservice,288.0,770,0.8,0.37402597402597404,0
2026-09-24T11:25:25Z,emailservice,0.0,155,0.8,0.0,0
2026-09-24T11:25:25Z,adservice,33.0,1150,0.8,0.028695652173913042,0
2026-09-24T11:25:25Z,redis-cart,32.0,540,0.8,0.05925925925925926,0
2026-09-24T11:25:26Z,frontend,259.0,1150,0.8,0.2252173913043478,0
2026-09-24T11:25:26Z,cartservice,443.0,1920,0.95,0.23072916666666668,0
2026-09-24T11:25:26Z,checkoutservice,284.0,615,0.8,0.46178861788617886,0
2026-09-24T11:25:26Z,productcatalogservice,340.0,1535,0.95,0.22149837133550487,0
2026-09-24T11:25:26Z,paymentservice,15.0,155,0.8,0.0967741935483871,0
2026-09-24T11:25:26Z,recommendationservice,1148.0,1150,0.8,0.9982608695652174,1
2026-09-24T11:25:26Z,shippingservice,33.0,770,0.8,0.04285714285714286,0
2026-09-24T11:25:26Z,currencyservice,304.0,770,0.8,0.3948051948051948,0
2026-09-24T11:25:26Z,emailservice,51.0,155,0.8,0.32903225806451614,0
2026-09-24T11:25:26Z,adservice,86.0,1150,0.8,0.07478260869565218,0
2026-09-24T11:25:26Z,redis-cart,31.0,540,0.8,0.05740740740740741,0
2026-09-24T11:25:27Z,frontend,277.75,1150,0.8,0.2415217391304348,0
2026-09-24T11:25:27Z,cartservice,504.0,1920,0.95,0.2625,0
2026-09-24T11:25:27Z,checkoutservice,284.0,615,0.8,0.46178861788617886,0
2026-09-24T11:25:27Z,productcatalogservice,363.0,1535,0.95,0.23648208469055373,0
2026-09-24T11:25:27Z,paymentservice,9.0,155,0.8,0.05806451612903226,0
2026-09-24T11:25:27Z,recommendationservice,1160.0,1150,0.8,1.008695652173913,1
2026-09-24T11:25:27Z,shippingservice,21.0,770,0.8,0.02727272727272727,0
2026-09-24T11:25:27Z,currencyservice,316.0,770,0.8,0.4103896103896104,0
2026-09-24T11:25:27Z,emailservice,51.0,155,0.8,0.32903225806451614,0
2026-09-24T11:25:27Z,adservice,86.0,1150,0.8,0.07478260869565218,0
2026-09-24T11:25:27Z,redis-cart,32.0,540,0.8,0.05925925925925926,0
2026-09-24T11:25:28Z,frontend,263.5,1150,0.8,0.2291304347826087,0
2026-09-24T11:25:28Z,cartservice,435.0,1920,0.95,0.2265625,0
2026-09-24T11:25:28Z,checkoutservice,172.0,615,0.8,0.27967479674796747,0
2026-09-24T11:25:28Z,productcatalogservice,366.0,1535,0.95,0.23843648208469057,0
2026-09-24T11:25:28Z,paymentservice,5.0,155,0.8,0.03225806451612903,0
2026-09-24T11:25:28Z,recommendationservice,1160.0,1150,0.8,1.008695652173913,1
2026-09-24T11:25:28Z,shippingservice,49.0,770,0.8,0.06363636363636363,0
2026-09-24T11:25:28Z,currencyservice,316.0,770,0.8,0.4103896103896104,0
2026-09-24T11:25:28Z,emailservice,15.0,155,0.8,0.0967741935483871,0
2026-09-24T11:25:28Z,adservice,53.0,1150,0.8,0.04608695652173913,0
2026-09-24T11:25:28Z,redis-cart,32.0,540,0.8,0.05925925925925926,0
2026-09-24T11:25:29Z,frontend,277.0,1150,0.8,0.2408695652173913,0
2026-09-24T11:25:29Z,cartservice,426.0,1920,0.95,0.221875,0
2026-09-24T11:25:29Z,checkoutservice,155.0,615,0.8,0.25203252032520324,0
2026-09-24T11:25:29Z,productcatalogservice,366.0,1535,0.95,0.23843648208469057,0
2026-09-24T11:25:29Z,paymentservice,7.0,155,0.8,0.04516129032258064,0
2026-09-24T11:25:29Z,recommendationservice,1135.0,1150,0.8,0.9869565217391304,1
2026-09-24T11:25:29Z,shippingservice,34.0,770,0.8,0.04415584415584416,0
2026-09-24T11:25:29Z,currencyservice,309.0,770,0.8,0.4012987012987013,0
2026-09-24T11:25:29Z,emailservice,0.0,155,0.8,0.0,0
2026-09-24T11:25:29Z,adservice,48.0,1150,0.8,0.04173913043478261,0
2026-09-24T11:25:29Z,redis-cart,32.0,540,0.8,0.05925925925925926,0
2026-09-24T11:25:30Z,frontend,279.25,1150,0.8,0.24282608695652175,0
2026-09-24T11:25:30Z,cartservice,426.0,1920,0.95,0.221875,0
2026-09-24T11:25:30Z,checkoutservice,152.0,615,0.8,0.24715447154471545,0
2026-09-24T11:25:30Z,productcatalogservice,344.0,1535,0.95,0.2241042345276873,0
2026-09-24T11:25:30Z,paymentservice,39.0,155,0.8,0.25161290322580643,0
2026-09-24T11:25:30Z,recommendationservice,1151.0,1150,0.8,1.0008695652173913,1
2026-09-24T11:25:30Z,shippingservice,34.0,770,0.8,0.04415584415584416,0
2026-09-24T11:25:30Z,currencyservice,320.0,770,0.8,0.4155844155844156,0
2026-09-24T11:25:30Z,emailservice,57.0,155,0.8,0.36774193548387096,0
2026-09-24T11:25:30Z,adservice,48.0,1150,0.8,0.04173913043478261,0
2026-09-24T11:25:30Z,redis-cart,32.0,540,0.8,0.05925925925925926,0
2026-09-24T11:25:31Z,frontend,238.75,1150,0.8,0.2076086956521739,0
2026-09-24T11:25:31Z,cartservice,422.0,1920,0.95,0.21979166666666666,0
2026-09-24T11:25:31Z,checkoutservice,152.0,615,0.8,0.24715447154471545,0
2026-09-24T11:25:31Z,productcatalogservice,362.0,1535,0.95,0.23583061889250814,0
2026-09-24T11:25:31Z,paymentservice,39.0,155,0.8,0.25161290322580643,0
2026-09-24T11:25:31Z,recommendationservice,1151.0,1150,0.8,1.0008695652173913,1
2026-09-24T11:25:31Z,shippingservice,9.0,770,0.8,0.011688311688311689,0
2026-09-24T11:25:31Z,currencyservice,304.0,770,0.8,0.3948051948051948,0
2026-09-24T11:25:31Z,emailservice,57.0,155,0.8,0.36774193548387096,0
2026-09-24T11:25:31Z,adservice,35.0,1150,0.8,0.030434782608695653,0
2026-09-24T11:25:31Z,redis-cart,29.0,540,0.8,0.053703703703703705,0
2026-09-24T11:25:32Z,frontend,243.0,1150,0.8,0.21130434782608695,0
2026-09-24T11:25:32Z,cartservice,422.0,1920,0.95,0.21979166666666666,0
2026-09-24T11:25:32Z,checkoutservice,0.0,615,0.8,0.0,0
2026-09-24T11:25:32Z,productcatalogservice,362.0,1535,0.95,0.23583061889250814,0
2026-09-24T11:25:32Z,paymentservice,0.0,155,0.8,0.0,0
2026-09-24T11:25:32Z,recommendationservice,1151.0,1150,0.8,1.0008695652173913,1
2026-09-24T11:25:32Z,shippingservice,0.0,770,0.8,0.0,0
2026-09-24T11:25:32Z,currencyservice,304.0,770,0.8,0.3948051948051948,0
2026-09-24T11:25:32Z,emailservice,0.0,155,0.8,0.0,0
2026-09-24T11:25:32Z,adservice,35.0,1150,0.8,0.030434782608695653,0
2026-09-24T11:25:32Z,redis-cart,29.0,540,0.8,0.053703703703703705,0
2026-09-24T11:25:33Z,frontend,253.0,1150,0.8,0.22,0
2026-09-24T11:25:33Z,cartservice,482.0,1920,0.95,0.25104166666666666,0
2026-09-24T11:25:33Z,checkoutservice,0.0,615,0.8,0.0,0
2026-09-24T11:25:33Z,productcatalogservice,362.0,1535,0.95,0.23583061889250814,0
2026-09-24T11:25:33Z,paymentservice,0.0,155,0.8,0.0,0
2026-09-24T11:25:33Z,recommendationservice,1136.0,1150,0.8,0.9878260869565217,1
2026-09-24T11:25:33Z,shippingservice,0.0,770,0.8,0.0,0
2026-09-24T11:25:33Z,currencyservice,316.0,770,0.8,0.4103896103896104,0
2026-09-24T11:25:33Z,emailservice,30.0,155,0.8,0.1935483870967742,0
2026-09-24T11:25:33Z,adservice,42.0,1150,0.8,0.036521739130434785,0
2026-09-24T11:25:33Z,redis-cart,32.0,540,0.8,0.05925925925925926,0
2026-09-24T11:25:34Z,frontend,257.5,1150,0.8,0.22391304347826088,0
2026-09-24T11:25:34Z,cartservice,482.0,1920,0.95,0.25104166666666666,0
2026-09-24T11:25:34Z,checkoutservice,404.0,615,0.8,0.656910569105691,0
2026-09-24T11:25:34Z,productcatalogservice,395.0,1535,0.95,0.25732899022801303,0
2026-09-24T11:25:34Z,paymentservice,18.0,155,0.8,0.11612903225806452,0
2026-09-24T11:25:34Z,recommendationservice,1152.0,1150,0.8,1.0017391304347827,1
2026-09-24T11:25:34Z,shippingservice,64.0,770,0.8,0.08311688311688312,0
2026-09-24T11:25:34Z,currencyservice,316.0,770,0.8,0.4103896103896104,0
2026-09-24T11:25:34Z,emailservice,30.0,155,0.8,0.1935483870967742,0
2026-09-24T11:25:34Z,adservice,68.0,1150,0.8,0.059130434782608696,0
2026-09-24T11:25:34Z,redis-cart,32.0,540,0.8,0.05925925925925926,0
2026-09-24T11:25:35Z,frontend,281.75,1150,0.8,0.245,0
2026-09-24T11:25:35Z,cartservice,410.0,1920,0.95,0.21354166666666666,0
2026-09-24T11:25:35Z,checkoutservice,253.0,615,0.8,0.4113821138211382,0
2026-09-24T11:25:35Z,productcatalogservice,395.0,1535,0.95,0.25732899022801303,0
2026-09-24T11:25:35Z,paymentservice,18.0,155,0.8,0.11612903225806452,0
2026-09-24T11:25:35Z,recommendationservice,1152.0,1150,0.8,1.0017391304347827,1
2026-09-24T11:25:35Z,shippingservice,30.0,770,0.8,0.03896103896103896,0
2026-09-24T11:25:35Z,currencyservice,324.0,770,0.8,0.42077922077922075,0
2026-09-24T11:25:35Z,emailservice,52.0,155,0.8,0.33548387096774196,0
2026-09-24T11:25:35Z,adservice,65.0,1150,0.8,0.05652173913043478,0
2026-09-24T11:25:35Z,redis-cart,32.0,540,0.8,0.05925925925925926,0
2026-09-24T11:25:36Z,frontend,269.75,1150,0.8,0.23456521739130434,0
2026-09-24T11:25:36Z,cartservice,410.0,1920,0.95,0.21354166666666666,0
2026-09-24T11:25:36Z,checkoutservice,253.0,615,0.8,0.4113821138211382,0
2026-09-24T11:25:36Z,productcatalogservice,358.0,1535,0.95,0.23322475570032572,0
2026-09-24T11:25:36Z,paymentservice,13.0,155,0.8,0.08387096774193549,0
2026-09-24T11:25:36Z,recommendationservice,1129.0,1150,0.8,0.9817391304347826,1
2026-09-24T11:25:36Z,shippingservice,30.0,770,0.8,0.03896103896103896,0
2026-09-24T11:25:36Z,currencyservice,330.0,770,0.8,0.42857142857142855,0
2026-09-24T11:25:36Z,emailservice,25.0,155,0.8,0.16129032258064516,0
2026-09-24T11:25:36Z,adservice,65.0,1150,0.8,0.05652173913043478,0
2026-09-24T11:25:36Z,redis-cart,30.0,540,0.8,0.05555555555555555,0
2026-09-24T11:25:37Z,frontend,272.0,1150,0.8,0.23652173913043478,0
2026-09-24T11:25:37Z,cartservice,406.0,1920,0.95,0.21145833333333333,0
2026-09-24T11:25:37Z,checkoutservice,24.0,615,0.8,0.03902439024390244,0
2026-09-24T11:25:37Z,productcatalogservice,336.0,1535,0.95,0.21889250814332248,0
2026-09-24T11:25:37Z,paymentservice,0.0,155,0.8,0.0,0
2026-09-24T11:25:37Z,recommendationservice,1129.0,1150,0.8,0.9817391304347826,1
2026-09-24T11:25:37Z,shippingservice,8.0,770,0.8,0.01038961038961039,0
2026-09-24T11:25:37Z,currencyservice,279.0,770,0.8,0.36233766233766235,0
2026-09-24T11:25:37Z,emailservice,23.0,155,0.8,0.14838709677419354,0
2026-09-24T11:25:37Z,adservice,32.0,1150,0.8,0.02782608695652174,0
2026-09-24T11:25:37Z,redis-cart,30.0,540,0.8,0.05555555555555555,0
2026-09-24T11:25:38Z,frontend,243.5,1150,0.8,0.2117391304347826,0
2026-09-24T11:25:38Z,cartservice,437.0,1920,0.95,0.22760416666666666,0
2026-09-24T11:25:38Z,checkoutservice,314.0,615,0.8,0.510569105691057,0
2026-09-24T11:25:38Z,productcatalogservice,411.0,1535,0.95,0.26775244299674267,0
2026-09-24T11:25:38Z,paymentservice,0.0,155,0.8,0.0,0
2026-09-24T11:25:38Z,recommendationservice,1143.0,1150,0.8,0.9939130434782608,1
2026-09-24T11:25:38Z,shippingservice,72.0,770,0.8,0.09350649350649351,0
2026-09-24T11:25:38Z,currencyservice,279.0,770,0.8,0.36233766233766235,0
2026-09-24T11:25:38Z,emailservice,23.0,155,0.8,0.14838709677419354,0
2026-09-24T11:25:38Z,adservice,59.0,1150,0.8,0.051304347826086956,0
2026-09-24T11:25:38Z,redis-cart,29.0,540,0.8,0.053703703703703705,0
2026-09-24T11:25:39Z,frontend,243.5,1150,0.8,0.2117391304347826,0
2026-09-24T11:25:39Z,cartservice,445.0,1920,0.95,0.23177083333333334,0
2026-09-24T11:25:39Z,checkoutservice,314.0,615,0.8,0.510569105691057,0
2026-09-24T11:25:39Z,productcatalogservice,381.0,1535,0.95,0.24820846905537458,0
2026-09-24T11:25:39Z,paymentservice,20.0,155,0.8,0.12903225806451613,0
2026-09-24T11:25:39Z,recommendationservice,1144.0,1150,0.8,0.9947826086956522,1
2026-09-24T11:25:39Z,shippingservice,72.0,770,0.8,0.09350649350649351,0
2026-09-24T11:25:39Z,currencyservice,329.0,770,0.8,0.42727272727272725,0
2026-09-24T11:25:39Z,emailservice,31.0,155,0.8,0.2,0
2026-09-24T11:25:39Z,adservice,62.0,1150,0.8,0.05391304347826087,0
2026-09-24T11:25:39Z,redis-cart,29.0,540,0.8,0.053703703703703705,0
2026-09-24T11:25:40Z,frontend,274.25,1150,0.8,0.23847826086956522,0
2026-09-24T11:25:40Z,cartservice,445.0,1920,0.95,0.23177083333333334,0
2026-09-24T11:25:40Z,checkoutservice,217.0,615,0.8,0.35284552845528455,0
2026-09-24T11:25:40Z,productcatalogservice,381.0,1535,0.95,0.24820846905537458,0
2026-09-24T11:25:40Z,paymentservice,38.0,155,0.8,0.24516129032258063,0
2026-09-24T11:25:40Z,recommendationservice,1144.0,1150,0.8,0.9947826086956522,1
2026-09-24T11:25:40Z,shippingservice,38.0,770,0.8,0.04935064935064935,0
2026-09-24T11:25:40Z,currencyservice,345.0,770,0.8,0.44805194805194803,0
2026-09-24T11:25:40Z,emailservice,31.0,155,0.8,0.2,0
2026-09-24T11:25:40Z,adservice,62.0,1150,0.8,0.05391304347826087,0
2026-09-24T11:25:40Z,redis-cart,32.0,540,0.8,0.05925925925925926,0
2026-09-24T11:25:41Z,frontend,256.25,1150,0.8,0.22282608695652173,0
2026-09-24T11:25:41Z,cartservice,431.0,1920,0.95,0.22447916666666667,0
2026-09-24T11:25:41Z,checkoutservice,217.0,615,0.8,0.35284552845528455,0
2026-09-24T11:25:41Z,productcatalogservice,373.0,1535,0.95,0.24299674267100976,0
2026-09-24T11:25:41Z,paymentservice,38.0,155,0.8,0.24516129032258063,0
2026-09-24T11:25:41Z,recommendationservice,1141.0,1150,0.8,0.9921739130434782,1
2026-09-24T11:25:41Z,shippingservice,38.0,770,0.8,0.04935064935064935,0
2026-09-24T11:25:41Z,currencyservice,345.0,770,0.8,0.44805194805194803,0
2026-09-24T11:25:41Z,emailservice,42.0,155,0.8,0.2709677419354839,0
2026-09-24T11:25:41Z,adservice,84.0,1150,0.8,0.07304347826086957,0
2026-09-24T11:25:41Z,redis-cart,30.0,540,0.8,0.05555555555555555,0
2026-09-24T11:25:42Z,frontend,247.0,1150,0.8,0.21478260869565216,0
2026-09-24T11:25:42Z,cartservice,420.0,1920,0.95,0.21875,0
2026-09-24T11:25:42Z,checkoutservice,153.0,615,0.8,0.24878048780487805,0
2026-09-24T11:25:42Z,productcatalogservice,357.0,1535,0.95,0.23257328990228013,0
2026-09-24T11:25:42Z,paymentservice,0.0,155,0.8,0.0,0
2026-09-24T11:25:42Z,recommendationservice,1136.0,1150,0.8,0.9878260869565217,1
2026-09-24T11:25:42Z,shippingservice,8.0,770,0.8,0.01038961038961039,0
2026-09-24T11:25:42Z,currencyservice,277.0,770,0.8,0.35974025974025975,0
2026-09-24T11:25:42Z,emailservice,42.0,155,0.8,0.2709677419354839,0
2026-09-24T11:25:42Z,adservice,84.0,1150,0.8,0.07304347826086957,0
2026-09-24T11:25:42Z,redis-cart,30.0,540,0.8,0.05555555555555555,0
2026-09-24T11:25:43Z,frontend,285.0,1150,0.8,0.24782608695652175,0
2026-09-24T11:25:43Z,cartservice,484.0,1920,0.95,0.2520833333333333,0
2026-09-24T11:25:43Z,checkoutservice,389.0,615,0.8,0.6325203252032521,0
2026-09-24T11:25:43Z,productcatalogservice,357.0,1535,0.95,0.23257328990228013,0
2026-09-24T11:25:43Z,paymentservice,24.0,155,0.8,0.15483870967741936,0
2026-09-24T11:25:43Z,recommendationservice,1136.0,1150,0.8,0.9878260869565217,1
2026-09-24T11:25:43Z,shippingservice,8.0,770,0.8,0.01038961038961039,0
2026-09-24T11:25:43Z,currencyservice,336.0,770,0.8,0.43636363636363634,0
2026-09-24T11:25:43Z,emailservice,18.0,155,0.8,0.11612903225806452,0
2026-09-24T11:25:43Z,adservice,61.0,1150,0.8,0.05304347826086957,0
2026-09-24T11:25:43Z,redis-cart,32.0,540,0.8,0.05925925925925926,0
2026-09-24T11:25:44Z,frontend,302.25,1150,0.8,0.26282608695652177,0
2026-09-24T11:25:44Z,cartservice,408.0,1920,0.95,0.2125,0
2026-09-24T11:25:44Z,checkoutservice,167.0,615,0.8,0.27154471544715447,0
2026-09-24T11:25:44Z,productcatalogservice,365.0,1535,0.95,0.23778501628664495,0
2026-09-24T11:25:44Z,paymentservice,8.0,155,0.8,0.05161290322580645,0
2026-09-24T11:25:44Z,recommendationservice,1145.0,1150,0.8,0.9956521739130435,1
2026-09-24T11:25:44Z,shippingservice,47.0,770,0.8,0.06103896103896104,0
2026-09-24T11:25:44Z,currencyservice,336.0,770,0.8,0.43636363636363634,0
2026-09-24T11:25:44Z,emailservice,26.0,155,0.8,0.16774193548387098,0
2026-09-24T11:25:44Z,adservice,37.0,1150,0.8,0.03217391304347826,0
2026-09-24T11:25:44Z,redis-cart,32.0,540,0.8,0.05925925925925926,0
2026-09-24T11:25:45Z,frontend,275.25,1150,0.8,0.2393478260869565,0
2026-09-24T11:25:45Z,cartservice,408.0,1920,0.95,0.2125,0
2026-09-24T11:25:45Z,checkoutservice,167.0,615,0.8,0.27154471544715447,0
2026-09-24T11:25:45Z,productcatalogservice,362.0,1535,0.95,0.23583061889250814,0
2026-09-24T11:25:45Z,paymentservice,8.0,155,0.8,0.05161290322580645,0
2026-09-24T11:25:45Z,recommendationservice,1145.0,1150,0.8,0.9956521739130435,1
2026-09-24T11:25:45Z,shippingservice,30.0,770,0.8,0.03896103896103896,0
2026-09-24T11:25:45Z,currencyservice,292.0,770,0.8,0.37922077922077924,0
2026-09-24T11:25:45Z,emailservice,26.0,155,0.8,0.16774193548387098,0
2026-09-24T11:25:45Z,adservice,57.0,1150,0.8,0.049565217391304345,0
2026-09-24T11:25:45Z,redis-cart,32.0,540,0.8,0.05925925925925926,0
2026-09-24T11:25:46Z,frontend,262.0,1150,0.8,0.22782608695652173,0
2026-09-24T11:25:46Z,cartservice,434.0,1920,0.95,0.22604166666666667,0
2026-09-24T11:25:46Z,checkoutservice,287.0,615,0.8,0.4666666666666667,0
2026-09-24T11:25:46Z,productcatalogservice,362.0,1535,0.95,0.23583061889250814,0
2026-09-24T11:25:46Z,paymentservice,15.0,155,0.8,0.0967741935483871,0
2026-09-24T11:25:46Z,recommendationservice,1156.0,1150,0.8,1.0052173913043478,1
2026-09-24T11:25:46Z,shippingservice,30.0,770,0.8,0.03896103896103896,0
2026-09-24T11:25:46Z,currencyservice,345.0,770,0.8,0.44805194805194803,0
2026-09-24T11:25:46Z,emailservice,48.0,155,0.8,0.3096774193548387,0
2026-09-24T11:25:46Z,adservice,46.0,1150,0.8,0.04,0
2026-09-24T11:25:46Z,redis-cart,30.0,540,0.8,0.05555555555555555,0
2026-09-24T11:25:47Z,frontend,258.25,1150,0.8,0.22456521739130436,0
2026-09-24T11:25:47Z,cartservice,434.0,1920,0.95,0.22604166666666667,0
2026-09-24T11:25:47Z,checkoutservice,253.0,615,0.8,0.4113821138211382,0
2026-09-24T11:25:47Z,productcatalogservice,377.0,1535,0.95,0.24560260586319219,0
2026-09-24T11:25:47Z,paymentservice,15.0,155,0.8,0.0967741935483871,0
2026-09-24T11:25:47Z,recommendationservice,1142.0,1150,0.8,0.9930434782608696,1
2026-09-24T11:25:47Z,shippingservice,29.0,770,0.8,0.03766233766233766,0
2026-09-24T11:25:47Z,currencyservice,345.0,770,0.8,0.44805194805194803,0
2026-09-24T11:25:47Z,emailservice,24.0,155,0.8,0.15483870967741936,0
2026-09-24T11:25:47Z,adservice,46.0,1150,0.8,0.04,0
2026-09-24T11:25:47Z,redis-cart,31.0,540,0.8,0.05740740740740741,0
2026-09-24T11:25:48Z,frontend,258.25,1150,0.8,0.22456521739130436,0
2026-09-24T11:25:48Z,cartservice,500.0,1920,0.95,0.2604166666666667,0
2026-09-24T11:25:48Z,checkoutservice,253.0,615,0.8,0.4113821138211382,0
2026-09-24T11:25:48Z,productcatalogservice,377.0,1535,0.95,0.24560260586319219,0
2026-09-24T11:25:48Z,paymentservice,14.0,155,0.8,0.09032258064516129,0
2026-09-24T11:25:48Z,recommendationservice,1142.0,1150,0.8,0.9930434782608696,1
2026-09-24T11:25:48Z,shippingservice,56.0,770,0.8,0.07272727272727272,0
2026-09-24T11:25:48Z,currencyservice,306.0,770,0.8,0.3974025974025974,0
2026-09-24T11:25:48Z,emailservice,24.0,155,0.8,0.15483870967741936,0
2026-09-24T11:25:48Z,adservice,54.0,1150,0.8,0.04695652173913043,0
2026-09-24T11:25:48Z,redis-cart,31.0,540,0.8,0.05740740740740741,0
2026-09-24T11:25:49Z,frontend,260.75,1150,0.8,0.2267391304347826,0
2026-09-24T11:25:49Z,cartservice,466.0,1920,0.95,0.24270833333333333,0
2026-09-24T11:25:49Z,checkoutservice,274.0,615,0.8,0.44552845528455287,0
2026-09-24T11:25:49Z,productcatalogservice,388.0,1535,0.95,0.25276872964169383,0
2026-09-24T11:25:49Z,paymentservice,16.0,155,0.8,0.1032258064516129,0
2026-09-24T11:25:49Z,recommendationservice,1141.0,1150,0.8,0.9921739130434782,1
2026-09-24T11:25:49Z,shippingservice,38.0,770,0.8,0.04935064935064935,0
2026-09-24T11:25:49Z,currencyservice,306.0,770,0.8,0.3974025974025974,0
2026-09-24T11:25:49Z,emailservice,27.0,155,0.8,0.17419354838709677,0
2026-09-24T11:25:49Z,adservice,69.0,1150,0.8,0.06,0
2026-09-24T11:25:49Z,redis-cart,34.0,540,0.8,0.06296296296296296,0
2026-09-24T11:25:50Z,frontend,283.0,1150,0.8,0.24608695652173912,0
2026-09-24T11:25:50Z,cartservice,403.0,1920,0.95,0.20989583333333334,0
2026-09-24T11:25:50Z,checkoutservice,274.0,615,0.8,0.44552845528455287,0
2026-09-24T11:25:50Z,productcatalogservice,357.0,1535,0.95,0.23257328990228013,0
2026-09-24T11:25:50Z,paymentservice,16.0,155,0.8,0.1032258064516129,0
2026-09-24T11:25:50Z,recommendationservice,1148.0,1150,0.8,0.9982608695652174,1
2026-09-24T11:25:50Z,shippingservice,23.0,770,0.8,0.02987012987012987,0
2026-09-24T11:25:50Z,currencyservice,348.0,770,0.8,0.45194805194805193,0
2026-09-24T11:25:50Z,emailservice,48.0,155,0.8,0.3096774193548387,0
2026-09-24T11:25:50Z,adservice,69.0,1150,0.8,0.06,0
2026-09-24T11:25:50Z,redis-cart,34.0,540,0.8,0.06296296296296296,0
2026-09-24T11:25:51Z,frontend,289.75,1150,0.8,0.2519565217391304,0
2026-09-24T11:25:51Z,cartservice,403.0,1920,0.95,0.20989583333333334,0
2026-09-24T11:25:51Z,checkoutservice,109.0,615,0.8,0.1772357723577236,0
2026-09-24T11:25:51Z,productcatalogservice,357.0,1535,0.95,0.23257328990228013,0
2026-09-24T11:25:51Z,paymentservice,29.0,155,0.8,0.1870967741935484,0
2026-09-24T11:25:51Z,recommendationservice,1153.0,1150,0.8,1.0026086956521738,1
2026-09-24T11:25:51Z,shippingservice,23.0,770,0.8,0.02987012987012987,0
2026-09-24T11:25:51Z,currencyservice,348.0,770,0.8,0.45194805194805193,0
2026-09-24T11:25:51Z,emailservice,48.0,155,0.8,0.3096774193548387,0
2026-09-24T11:25:51Z,adservice,39.0,1150,0.8,0.03391304347826087,0
2026-09-24T11:25:51Z,redis-cart,30.0,540,0.8,0.05555555555555555,0
2026-09-24T11:25:52Z,frontend,239.0,1150,0.8,0.20782608695652174,0
2026-09-24T11:25:52Z,cartservice,432.0,1920,0.95,0.225,0
2026-09-24T11:25:52Z,checkoutservice,0.0,615,0.8,0.0,0
2026-09-24T11:25:52Z,productcatalogservice,328.0,1535,0.95,0.21368078175895766,0
2026-09-24T11:25:52Z,paymentservice,0.0,155,0.8,0.0,0
2026-09-24T11:25:52Z,recommendationservice,1140.0,1150,0.8,0.991304347826087,1
2026-09-24T11:25:52Z,shippingservice,0.0,770,0.8,0.0,0
2026-09-24T11:25:52Z,currencyservice,280.0,770,0.8,0.36363636363636365,0
2026-09-24T11:25:52Z,emailservice,0.0,155,0.8,0.0,0
2026-09-24T11:25:52Z,adservice,30.0,1150,0.8,0.02608695652173913,0
2026-09-24T11:25:52Z,redis-cart,30.0,540,0.8,0.05555555555555555,0
2026-09-24T11:25:53Z,frontend,237.25,1150,0.8,0.20630434782608695,0
2026-09-24T11:25:53Z,cartservice,439.0,1920,0.95,0.22864583333333333,0
2026-09-24T11:25:53Z,checkoutservice,39.0,615,0.8,0.06341463414634146,0
2026-09-24T11:25:53Z,productcatalogservice,328.0,1535,0.95,0.21368078175895766,0
2026-09-24T11:25:53Z,paymentservice,0.0,155,0.8,0.0,0
2026-09-24T11:25:53Z,recommendationservice,1140.0,1150,0.8,0.991304347826087,1
2026-09-24T11:25:53Z,shippingservice,0.0,770,0.8,0.0,0
2026-09-24T11:25:53Z,currencyservice,280.0,770,0.8,0.36363636363636365,0
2026-09-24T11:25:53Z,emailservice,0.0,155,0.8,0.0,0
2026-09-24T11:25:53Z,adservice,30.0,1150,0.8,0.02608695652173913,0
2026-09-24T11:25:53Z,redis-cart,31.0,540,0.8,0.05740740740740741,0
2026-09-24T11:25:54Z,frontend,259.5,1150,0.8,0.22565217391304349,0
2026-09-24T11:25:54Z,cartservice,429.0,1920,0.95,0.2234375,0
2026-09-24T11:25:54Z,checkoutservice,39.0,615,0.8,0.06341463414634146,0
2026-09-24T11:25:54Z,productcatalogservice,320.0,1535,0.95,0.20846905537459284,0
2026-09-24T11:25:54Z,paymentservice,0.0,155,0.8,0.0,0
2026-09-24T11:25:54Z,recommendationservice,1155.0,1150,0.8,1.0043478260869565,1
2026-09-24T11:25:54Z,shippingservice,10.0,770,0.8,0.012987012987012988,0
2026-09-24T11:25:54Z,currencyservice,290.0,770,0.8,0.37662337662337664,0
2026-09-24T11:25:54Z,emailservice,0.0,155,0.8,0.0,0
2026-09-24T11:25:54Z,adservice,35.0,1150,0.8,0.030434782608695653,0
2026-09-24T11:25:54Z,redis-cart,32.0,540,0.8,0.05925925925925926,0
2026-09-24T11:25:55Z,frontend,259.5,1150,0.8,0.22565217391304349,0
2026-09-24T11:25:55Z,cartservice,429.0,1920,0.95,0.2234375,0
2026-09-24T11:25:55Z,checkoutservice,5.0,615,0.8,0.008130081300813009,0
2026-09-24T11:25:55Z,productcatalogservice,320.0,1535,0.95,0.20846905537459284,0
2026-09-24T11:25:55Z,paymentservice,8.0,155,0.8,0.05161290322580645,0
2026-09-24T11:25:55Z,recommendationservice,1140.0,1150,0.8,0.991304347826087,1
2026-09-24T11:25:55Z,shippingservice,24.0,770,0.8,0.03116883116883117,0
2026-09-24T11:25:55Z,currencyservice,290.0,770,0.8,0.37662337662337664,0
2026-09-24T11:25:55Z,emailservice,0.0,155,0.8,0.0,0
2026-09-24T11:25:55Z,adservice,72.0,1150,0.8,0.06260869565217392,0
2026-09-24T11:25:55Z,redis-cart,32.0,540,0.8,0.05925925925925926,0
2026-09-24T11:25:56Z,frontend,267.5,1150,0.8,0.2326086956521739,0
2026-09-24T11:25:56Z,cartservice,445.0,1920,0.95,0.23177083333333334,0
2026-09-24T11:25:56Z,checkoutservice,5.0,615,0.8,0.008130081300813009,0
2026-09-24T11:25:56Z,productcatalogservice,321.0,1535,0.95,0.20912052117263843,0
2026-09-24T11:25:56Z,paymentservice,69.0,155,0.8,0.44516129032258067,0
2026-09-24T11:25:56Z,recommendationservice,1140.0,1150,0.8,0.991304347826087,1
2026-09-24T11:25:56Z,shippingservice,24.0,770,0.8,0.03116883116883117,0
2026-09-24T11:25:56Z,currencyservice,340.0,770,0.8,0.44155844155844154,0
2026-09-24T11:25:56Z,emailservice,65.0,155,0.8,0.41935483870967744,0
2026-09-24T11:25:56Z,adservice,72.0,1150,0.8,0.06260869565217392,0
2026-09-24T11:25:56Z,redis-cart,32.0,540,0.8,0.05925925925925926,0
2026-09-24T11:25:57Z,frontend,282.75,1150,0.8,0.2458695652173913,0
2026-09-24T11:25:57Z,cartservice,483.0,1920,0.95,0.2515625,0
2026-09-24T11:25:57Z,checkoutservice,304.0,615,0.8,0.4943089430894309,0
2026-09-24T11:25:57Z,productcatalogservice,363.0,1535,0.95,0.23648208469055373,0
2026-09-24T11:25:57Z,paymentservice,69.0,155,0.8,0.44516129032258067,0
2026-09-24T11:25:57Z,recommendationservice,1141.0,1150,0.8,0.9921739130434782,1
2026-09-24T11:25:57Z,shippingservice,16.0,770,0.8,0.02077922077922078,0
2026-09-24T11:25:57Z,currencyservice,305.0,770,0.8,0.3961038961038961,0
2026-09-24T11:25:57Z,emailservice,26.0,155,0.8,0.16774193548387098,0
2026-09-24T11:25:57Z,adservice,55.0,1150,0.8,0.04782608695652174,0
2026-09-24T11:25:57Z,redis-cart,32.0,540,0.8,0.05925925925925926,0
2026-09-24T11:25:58Z,frontend,265.0,1150,0.8,0.23043478260869565,0
2026-09-24T11:25:58Z,cartservice,483.0,1920,0.95,0.2515625,0
2026-09-24T11:25:58Z,checkoutservice,192.0,615,0.8,0.3121951219512195,0
2026-09-24T11:25:58Z,productcatalogservice,363.0,1535,0.95,0.23648208469055373,0
2026-09-24T11:25:58Z,paymentservice,4.0,155,0.8,0.025806451612903226,0
2026-09-24T11:25:58Z,recommendationservice,1141.0,1150,0.8,0.9921739130434782,1
2026-09-24T11:25:58Z,shippingservice,16.0,770,0.8,0.02077922077922078,0
2026-09-24T11:25:58Z,currencyservice,322.0,770,0.8,0.41818181818181815,0
2026-09-24T11:25:58Z,emailservice,25.0,155,0.8,0.16129032258064516,0
2026-09-24T11:25:58Z,adservice,43.0,1150,0.8,0.03739130434782609,0
2026-09-24T11:25:58Z,redis-cart,32.0,540,0.8,0.05925925925925926,0
2026-09-24T11:25:59Z,frontend,259.5,1150,0.8,0.22565217391304349,0
2026-09-24T11:25:59Z,cartservice,416.0,1920,0.95,0.21666666666666667,0
2026-09-24T11:25:59Z,checkoutservice,192.0,615,0.8,0.3121951219512195,0
2026-09-24T11:25:59Z,productcatalogservice,353.0,1535,0.95,0.22996742671009773,0
2026-09-24T11:25:59Z,paymentservice,4.0,155,0.8,0.025806451612903226,0
2026-09-24T11:25:59Z,recommendationservice,1151.0,1150,0.8,1.0008695652173913,1
2026-09-24T11:25:59Z,shippingservice,54.0,770,0.8,0.07012987012987013,0
2026-09-24T11:25:59Z,currencyservice,322.0,770,0.8,0.41818181818181815,0
2026-09-24T11:25:59Z,emailservice,25.0,155,0.8,0.16129032258064516,0
2026-09-24T11:25:59Z,adservice,48.0,1150,0.8,0.04173913043478261,0
2026-09-24T11:25:59Z,redis-cart,31.0,540,0.8,0.05740740740740741,0
2026-09-24T11:26:00Z,frontend,251.0,1150,0.8,0.2182608695652174,0
2026-09-24T11:26:00Z,cartservice,396.0,1920,0.95,0.20625,0
2026-09-24T11:26:00Z,checkoutservice,68.0,615,0.8,0.11056910569105691,0
2026-09-24T11:26:00Z,productcatalogservice,353.0,1535,0.95,0.22996742671009773,0
2026-09-24T11:26:00Z,paymentservice,11.0,155,0.8,0.07096774193548387,0
2026-09-24T11:26:00Z,recommendationservice,1145.0,1150,0.8,0.9956521739130435,1
2026-09-24T11:26:00Z,shippingservice,54.0,770,0.8,0.07012987012987013,0
2026-09-24T11:26:00Z,currencyservice,286.0,770,0.8,0.37142857142857144,0
2026-09-24T11:26:00Z,emailservice,31.0,155,0.8,0.2,0
2026-09-24T11:26:00Z,adservice,48.0,1150,0.8,0.04173913043478261,0
2026-09-24T11:26:00Z,redis-cart,31.0,540,0.8,0.05740740740740741,0
2026-09-24T11:26:01Z,frontend,254.0,1150,0.8,0.22086956521739132,0
2026-09-24T11:26:01Z,cartservice,396.0,1920,0.95,0.20625,0
2026-09-24T11:26:01Z,checkoutservice,155.0,615,0.8,0.25203252032520324,0
2026-09-24T11:26:01Z,productcatalogservice,367.0,1535,0.95,0.23908794788273616,0
2026-09-24T11:26:01Z,paymentservice,37.0,155,0.8,0.23870967741935484,0
2026-09-24T11:26:01Z,recommendationservice,1145.0,1150,0.8,0.9956521739130435,1
2026-09-24T11:26:01Z,shippingservice,15.0,770,0.8,0.01948051948051948,0
2026-09-24T11:26:01Z,currencyservice,302.0,770,0.8,0.3922077922077922,0
2026-09-24T11:26:01Z,emailservice,25.0,155,0.8,0.16129032258064516,0
2026-09-24T11:26:01Z,adservice,43.0,1150,0.8,0.03739130434782609,0
2026-09-24T11:26:01Z,redis-cart,30.0,540,0.8,0.05555555555555555,0
2026-09-24T11:26:02Z,frontend,252.5,1150,0.8,0.21956521739130436,0
2026-09-24T11:26:02Z,cartservice,433.0,1920,0.95,0.22552083333333334,0
2026-09-24T11:26:02Z,checkoutservice,155.0,615,0.8,0.25203252032520324,0
2026-09-24T11:26:02Z,productcatalogservice,319.0,1535,0.95,0.20781758957654722,0
2026-09-24T11:26:02Z,paymentservice,37.0,155,0.8,0.23870967741935484,0
2026-09-24T11:26:02Z,recommendationservice,1156.0,1150,0.8,1.0052173913043478,1
2026-09-24T11:26:02Z,shippingservice,15.0,770,0.8,0.01948051948051948,0
2026-09-24T11:26:02Z,currencyservice,302.0,770,0.8,0.3922077922077922,0
2026-09-24T11:26:02Z,emailservice,25.0,155,0.8,0.16129032258064516,0
2026-09-24T11:26:02Z,adservice,38.0,1150,0.8,0.03304347826086956,0
2026-09-24T11:26:02Z,redis-cart,32.0,540,0.8,0.05925925925925926,0
2026-09-24T11:26:03Z,frontend,252.75,1150,0.8,0.21978260869565217,0
2026-09-24T11:26:03Z,cartservice,451.0,1920,0.95,0.23489583333333333,0
2026-09-24T11:26:03Z,checkoutservice,118.0,615,0.8,0.191869918699187,0
2026-09-24T11:26:03Z,productcatalogservice,319.0,1535,0.95,0.20781758957654722,0
2026-09-24T11:26:03Z,paymentservice,0.0,155,0.8,0.0,0
2026-09-24T11:26:03Z,recommendationservice,1156.0,1150,0.8,1.0052173913043478,1
2026-09-24T11:26:03Z,shippingservice,12.0,770,0.8,0.015584415584415584,0
2026-09-24T11:26:03Z,currencyservice,283.0,770,0.8,0.36753246753246754,0
2026-09-24T11:26:03Z,emailservice,0.0,155,0.8,0.0,0
2026-09-24T11:26:03Z,adservice,50.0,1150,0.8,0.043478260869565216,0
2026-09-24T11:26:03Z,redis-cart,34.0,540,0.8,0.06296296296296296,0
2026-09-24T11:26:04Z,frontend,257.5,1150,0.8,0.22391304347826088,0
2026-09-24T11:26:04Z,cartservice,451.0,1920,0.95,0.23489583333333333,0
2026-09-24T11:26:04Z,checkoutservice,118.0,615,0.8,0.191869918699187,0
2026-09-24T11:26:04Z,productcatalogservice,321.0,1535,0.95,0.20912052117263843,0
2026-09-24T11:26:04Z,paymentservice,6.0,155,0.8,0.03870967741935484,0
2026-09-24T11:26:04Z,recommendationservice,1140.0,1150,0.8,0.991304347826087,1
2026-09-24T11:26:04Z,shippingservice,17.0,770,0.8,0.02207792207792208,0
2026-09-24T11:26:04Z,currencyservice,331.0,770,0.8,0.42987012987012985,0
2026-09-24T11:26:04Z,emailservice,11.0,155,0.8,0.07096774193548387,0
2026-09-24T11:26:04Z,adservice,50.0,1150,0.8,0.043478260869565216,0
2026-09-24T11:26:04Z,redis-cart,34.0,540,0.8,0.06296296296296296,0
2026-09-24T11:26:05Z,frontend,248.25,1150,0.8,0.2158695652173913,0
2026-09-24T11:26:05Z,cartservice,424.0,1920,0.95,0.22083333333333333,0
2026-09-24T11:26:05Z,checkoutservice,5.0,615,0.8,0.008130081300813009,0
2026-09-24T11:26:05Z,productcatalogservice,307.0,1535,0.95,0.2,0
2026-09-24T11:26:05Z,paymentservice,7.0,155,0.8,0.04516129032258064,0
2026-09-24T11:26:05Z,recommendationservice,1140.0,1150,0.8,0.991304347826087,1
2026-09-24T11:26:05Z,shippingservice,17.0,770,0.8,0.02207792207792208,0
2026-09-24T11:26:05Z,currencyservice,331.0,770,0.8,0.42987012987012985,0
2026-09-24T11:26:05Z,emailservice,11.0,155,0.8,0.07096774193548387,0
2026-09-24T11:26:05Z,adservice,33.0,1150,0.8,0.028695652173913042,0
2026-09-24T11:26:05Z,redis-cart,30.0,540,0.8,0.05555555555555555,0
2026-09-24T11:26:06Z,frontend,281.0,1150,0.8,0.24434782608695652,0
2026-09-24T11:26:06Z,cartservice,424.0,1920,0.95,0.22083333333333333,0
2026-09-24T11:26:06Z,checkoutservice,299.0,615,0.8,0.4861788617886179,0
2026-09-24T11:26:06Z,productcatalogservice,307.0,1535,0.95,0.2,0
2026-09-24T11:26:06Z,paymentservice,7.0,155,0.8,0.04516129032258064,0
2026-09-24T11:26:06Z,recommendationservice,1143.0,1150,0.8,0.9939130434782608,1
2026-09-24T11:26:06Z,shippingservice,34.0,770,0.8,0.04415584415584416,0
2026-09-24T11:26:06Z,currencyservice,296.0,770,0.8,0.38441558441558443,0
2026-09-24T11:26:06Z,emailservice,58.0,155,0.8,0.3741935483870968,0
2026-09-24T11:26:06Z,adservice,33.0,1150,0.8,0.028695652173913042,0
2026-09-24T11:26:06Z,redis-cart,30.0,540,0.8,0.05555555555555555,0
2026-09-24T11:26:07Z,frontend,297.25,1150,0.8,0.2584782608695652,0
2026-09-24T11:26:07Z,cartservice,453.0,1920,0.95,0.2359375,0
2026-09-24T11:26:07Z,checkoutservice,149.0,615,0.8,0.24227642276422764,0
2026-09-24T11:26:07Z,productcatalogservice,392.0,1535,0.95,0.2553745928338762,0
2026-09-24T11:26:07Z,paymentservice,13.0,155,0.8,0.08387096774193549,0
2026-09-24T11:26:07Z,recommendationservice,1145.0,1150,0.8,0.9956521739130435,1
2026-09-24T11:26:07Z,shippingservice,23.0,770,0.8,0.02987012987012987,0
2026-09-24T11:26:07Z,currencyservice,293.0,770,0.8,0.38051948051948054,0
2026-09-24T11:26:07Z,emailservice,58.0,155,0.8,0.3741935483870968,0
2026-09-24T11:26:07Z,adservice,71.0,1150,0.8,0.06173913043478261,0
2026-09-24T11:26:07Z,redis-cart,34.0,540,0.8,0.06296296296296296,0
2026-09-24T11:26:08Z,frontend,267.5,1150,0.8,0.2326086956521739,0
2026-09-24T11:26:08Z,cartservice,489.0,1920,0.95,0.2546875,0
2026-09-24T11:26:08Z,checkoutservice,149.0,615,0.8,0.24227642276422764,0
2026-09-24T11:26:08Z,productcatalogservice,397.0,1535,0.95,0.2586319218241042,0
2026-09-24T11:26:08Z,paymentservice,13.0,155,0.8,0.08387096774193549,0
2026-09-24T11:26:08Z,recommendationservice,1145.0,1150,0.8,0.9956521739130435,1
2026-09-24T11:26:08Z,shippingservice,23.0,770,0.8,0.02987012987012987,0
2026-09-24T11:26:08Z,currencyservice,293.0,770,0.8,0.38051948051948054,0
2026-09-24T11:26:08Z,emailservice,22.0,155,0.8,0.14193548387096774,0
2026-09-24T11:26:08Z,adservice,59.0,1150,0.8,0.051304347826086956,0
2026-09-24T11:26:08Z,redis-cart,34.0,540,0.8,0.06296296296296296,0
2026-09-24T11:26:09Z,frontend,270.5,1150,0.8,0.23521739130434782,0
2026-09-24T11:26:09Z,cartservice,489.0,1920,0.95,0.2546875,0
2026-09-24T11:26:09Z,checkoutservice,233.0,615,0.8,0.37886178861788616,0
2026-09-24T11:26:09Z,productcatalogservice,397.0,1535,0.95,0.2586319218241042,0
2026-09-24T11:26:09Z,paymentservice,11.0,155,0.8,0.07096774193548387,0
2026-09-24T11:26:09Z,recommendationservice,1154.0,1150,0.8,1.0034782608695652,1
2026-09-24T11:26:09Z,shippingservice,61.0,770,0.8,0.07922077922077922,0
2026-09-24T11:26:09Z,currencyservice,332.0,770,0.8,0.43116883116883115,0
2026-09-24T11:26:09Z,emailservice,6.0,155,0.8,0.03870967741935484,0
2026-09-24T11:26:09Z,adservice,59.0,1150,0.8,0.051304347826086956,0
2026-09-24T11:26:09Z,redis-cart,32.0,540,0.8,0.05925925925925926,0
2026-09-24T11:26:10Z,frontend,262.25,1150,0.8,0.22804347826086957,0
2026-09-24T11:26:10Z,cartservice,439.0,1920,0.95,0.22864583333333333,0
2026-09-24T11:26:10Z,checkoutservice,131.0,615,0.8,0.21300813008130082,0
2026-09-24T11:26:10Z,productcatalogservice,352.0,1535,0.95,0.2293159609120521,0
2026-09-24T11:26:10Z,paymentservice,45.0,155,0.8,0.2903225806451613,0
2026-09-24T11:26:10Z,recommendationservice,1149.0,1150,0.8,0.9991304347826087,1
2026-09-24T11:26:10Z,shippingservice,14.0,770,0.8,0.01818181818181818,0
2026-09-24T11:26:10Z,currencyservice,314.0,770,0.8,0.4077922077922078,0
2026-09-24T11:26:10Z,emailservice,6.0,155,0.8,0.03870967741935484,0
2026-09-24T11:26:10Z,adservice,66.0,1150,0.8,0.057391304347826085,0
2026-09-24T11:26:10Z,redis-cart,33.0,540,0.8,0.06111111111111111,0
2026-09-24T11:26:11Z,frontend,246.25,1150,0.8,0.2141304347826087,0
2026-09-24T11:26:11Z,cartservice,436.0,1920,0.95,0.22708333333333333,0
2026-09-24T11:26:11Z,checkoutservice,101.0,615,0.8,0.16422764227642275,0
2026-09-24T11:26:11Z,productcatalogservice,346.0,1535,0.95,0.2254071661237785,0
2026-09-24T11:26:11Z,paymentservice,4.0,155,0.8,0.025806451612903226,0
2026-09-24T11:26:11Z,recommendationservice,1133.0,1150,0.8,0.9852173913043478,1
2026-09-24T11:26:11Z,shippingservice,14.0,770,0.8,0.01818181818181818,0
2026-09-24T11:26:11Z,currencyservice,314.0,770,0.8,0.4077922077922078,0
2026-09-24T11:26:11Z,emailservice,38.0,155,0.8,0.24516129032258063,0
2026-09-24T11:26:11Z,adservice,40.0,1150,0.8,0.034782608695652174,0
2026-09-24T11:26:11Z,redis-cart,33.0,540,0.8,0.06111111111111111,0
2026-09-24T11:26:12Z,frontend,289.5,1150,0.8,0.25173913043478263,0
2026-09-24T11:26:12Z,cartservice,436.0,1920,0.95,0.22708333333333333,0
2026-09-24T11:26:12Z,checkoutservice,101.0,615,0.8,0.16422764227642275,0
2026-09-24T11:26:12Z,productcatalogservice,346.0,1535,0.95,0.2254071661237785,0
2026-09-24T11:26:12Z,paymentservice,4.0,155,0.8,0.025806451612903226,0
2026-09-24T11:26:12Z,recommendationservice,1133.0,1150,0.8,0.9852173913043478,1
2026-09-24T11:26:12Z,shippingservice,26.0,770,0.8,0.033766233766233764,0
2026-09-24T11:26:12Z,currencyservice,330.0,770,0.8,0.42857142857142855,0
2026-09-24T11:26:12Z,emailservice,32.0,155,0.8,0.2064516129032258,0
2026-09-24T11:26:12Z,adservice,57.0,1150,0.8,0.049565217391304345,0
2026-09-24T11:26:12Z,redis-cart,30.0,540,0.8,0.05555555555555555,0
2026-09-24T11:26:13Z,frontend,258.75,1150,0.8,0.225,0
2026-09-24T11:26:13Z,cartservice,430.0,1920,0.95,0.22395833333333334,0
2026-09-24T11:26:13Z,checkoutservice,327.0,615,0.8,0.5317073170731708,0
2026-09-24T11:26:13Z,productcatalogservice,370.0,1535,0.95,0.24104234527687296,0
2026-09-24T11:26:13Z,paymentservice,13.0,155,0.8,0.08387096774193549,0
2026-09-24T11:26:13Z,recommendationservice,1153.0,1150,0.8,1.0026086956521738,1
2026-09-24T11:26:13Z,shippingservice,46.0,770,0.8,0.05974025974025974,0
2026-09-24T11:26:13Z,currencyservice,330.0,770,0.8,0.42857142857142855,0
2026-09-24T11:26:13Z,emailservice,32.0,155,0.8,0.2064516129032258,0
2026-09-24T11:26:13Z,adservice,57.0,1150,0.8,0.049565217391304345,0
2026-09-24T11:26:13Z,redis-cart,32.0,540,0.8,0.05925925925925926,0
2026-09-24T11:26:14Z,frontend,282.25,1150,0.8,0.24543478260869564,0
2026-09-24T11:26:14Z,cartservice,430.0,1920,0.95,0.22395833333333334,0
2026-09-24T11:26:14Z,checkoutservice,168.0,615,0.8,0.2731707317073171,0
2026-09-24T11:26:14Z,productcatalogservice,365.0,1535,0.95,0.23778501628664495,0
2026-09-24T11:26:14Z,paymentservice,13.0,155,0.8,0.08387096774193549,0
2026-09-24T11:26:14Z,recommendationservice,1153.0,1150,0.8,1.0026086956521738,1
2026-09-24T11:26:14Z,shippingservice,19.0,770,0.8,0.024675324675324677,0
2026-09-24T11:26:14Z,currencyservice,312.0,770,0.8,0.4051948051948052,0
2026-09-24T11:26:14Z,emailservice,18.0,155,0.8,0.11612903225806452,0
2026-09-24T11:26:14Z,adservice,55.0,1150,0.8,0.04782608695652174,0
2026-09-24T11:26:14Z,redis-cart,32.0,540,0.8,0.05925925925925926,0
2026-09-24T11:26:15Z,frontend,223.25,1150,0.8,0.1941304347826087,0
2026-09-24T11:26:15Z,cartservice,414.0,1920,0.95,0.215625,0
2026-09-24T11:26:15Z,checkoutservice,117.0,615,0.8,0.1902439024390244,0
2026-09-24T11:26:15Z,productcatalogservice,365.0,1535,0.95,0.23778501628664495,0
2026-09-24T11:26:15Z,paymentservice,10.0,155,0.8,0.06451612903225806,0
2026-09-24T11:26:15Z,recommendationservice,1154.0,1150,0.8,1.0034782608695652,1
2026-09-24T11:26:15Z,shippingservice,19.0,770,0.8,0.024675324675324677,0
2026-09-24T11:26:15Z,currencyservice,312.0,770,0.8,0.4051948051948052,0
2026-09-24T11:26:15Z,emailservice,70.0,155,0.8,0.45161290322580644,0
2026-09-24T11:26:15Z,adservice,55.0,1150,0.8,0.04782608695652174,0
2026-09-24T11:26:15Z,redis-cart,31.0,540,0.8,0.05740740740740741,0
2026-09-24T11:26:16Z,frontend,224.5,1150,0.8,0.19521739130434781,0
2026-09-24T11:26:16Z,cartservice,414.0,1920,0.95,0.215625,0
2026-09-24T11:26:16Z,checkoutservice,117.0,615,0.8,0.1902439024390244,0
2026-09-24T11:26:16Z,productcatalogservice,376.0,1535,0.95,0.24495114006514657,0
2026-09-24T11:26:16Z,paymentservice,7.0,155,0.8,0.04516129032258064,0
2026-09-24T11:26:16Z,recommendationservice,1133.0,1150,0.8,0.9852173913043478,1
2026-09-24T11:26:16Z,shippingservice,11.0,770,0.8,0.014285714285714285,0
2026-09-24T11:26:16Z,currencyservice,281.0,770,0.8,0.36493506493506495,0
2026-09-24T11:26:16Z,emailservice,30.0,155,0.8,0.1935483870967742,0
2026-09-24T11:26:16Z,adservice,52.0,1150,0.8,0.04521739130434783,0
2026-09-24T11:26:16Z,redis-cart,31.0,540,0.8,0.05740740740740741,0
2026-09-24T11:26:17Z,frontend,280.0,1150,0.8,0.24347826086956523,0
2026-09-24T11:26:17Z,cartservice,444.0,1920,0.95,0.23125,0
2026-09-24T11:26:17Z,checkoutservice,319.0,615,0.8,0.5186991869918699,0
2026-09-24T11:26:17Z,productcatalogservice,365.0,1535,0.95,0.23778501628664495,0
2026-09-24T11:26:17Z,paymentservice,19.0,155,0.8,0.12258064516129032,0
2026-09-24T11:26:17Z,recommendationservice,1133.0,1150,0.8,0.9852173913043478,1
2026-09-24T11:26:17Z,shippingservice,42.0,770,0.8,0.05454545454545454,0
2026-09-24T11:26:17Z,currencyservice,324.0,770,0.8,0.42077922077922075,0
2026-09-24T11:26:17Z,emailservice,30.0,155,0.8,0.1935483870967742,0
2026-09-24T11:26:17Z,adservice,56.0,1150,0.8,0.04869565217391304,0
2026-09-24T11:26:17Z,redis-cart,31.0,540,0.8,0.05740740740740741,0
2026-09-24T11:26:18Z,frontend,285.5,1150,0.8,0.2482608695652174,0
2026-09-24T11:26:18Z,cartservice,459.0,1920,0.95,0.2390625,0
2026-09-24T11:26:18Z,checkoutservice,374.0,615,0.8,0.608130081300813,0
2026-09-24T11:26:18Z,productcatalogservice,365.0,1535,0.95,0.23778501628664495,0
2026-09-24T11:26:18Z,paymentservice,16.0,155,0.8,0.1032258064516129,0
2026-09-24T11:26:18Z,recommendationservice,1129.0,1150,0.8,0.9817391304347826,1
2026-09-24T11:26:18Z,shippingservice,42.0,770,0.8,0.05454545454545454,0
2026-09-24T11:26:18Z,currencyservice,324.0,770,0.8,0.42077922077922075,0
2026-09-24T11:26:18Z,emailservice,32.0,155,0.8,0.2064516129032258,0
2026-09-24T11:26:18Z,adservice,56.0,1150,0.8,0.04869565217391304,0
2026-09-24T11:26:18Z,redis-cart,31.0,540,0.8,0.05740740740740741,0
2026-09-24T11:26:19Z,frontend,282.0,1150,0.8,0.24521739130434783,0
2026-09-24T11:26:19Z,cartservice,459.0,1920,0.95,0.2390625,0
2026-09-24T11:26:19Z,checkoutservice,374.0,615,0.8,0.608130081300813,0
2026-09-24T11:26:19Z,productcatalogservice,369.0,1535,0.95,0.24039087947882737,0
2026-09-24T11:26:19Z,paymentservice,16.0,155,0.8,0.1032258064516129,0
2026-09-24T11:26:19Z,recommendationservice,1150.0,1150,0.8,1.0,1
2026-09-24T11:26:19Z,shippingservice,49.0,770,0.8,0.06363636363636363,0
2026-09-24T11:26:19Z,currencyservice,294.0,770,0.8,0.38181818181818183,0
2026-09-24T11:26:19Z,emailservice,5.0,155,0.8,0.03225806451612903,0
2026-09-24T11:26:19Z,adservice,52.0,1150,0.8,0.04521739130434783,0
2026-09-24T11:26:19Z,redis-cart,31.0,540,0.8,0.05740740740740741,0
2026-09-24T11:26:20Z,frontend,242.5,1150,0.8,0.2108695652173913,0
2026-09-24T11:26:20Z,cartservice,411.0,1920,0.95,0.2140625,0
2026-09-24T11:26:20Z,checkoutservice,68.0,615,0.8,0.11056910569105691,0
2026-09-24T11:26:20Z,productcatalogservice,369.0,1535,0.95,0.24039087947882737,0
2026-09-24T11:26:20Z,paymentservice,0.0,155,0.8,0.0,0
2026-09-24T11:26:20Z,recommendationservice,1148.0,1150,0.8,0.9982608695652174,1
2026-09-24T11:26:20Z,shippingservice,23.0,770,0.8,0.02987012987012987,0
2026-09-24T11:26:20Z,currencyservice,294.0,770,0.8,0.38181818181818183,0
2026-09-24T11:26:20Z,emailservice,58.0,155,0.8,0.3741935483870968,0
2026-09-24T11:26:20Z,adservice,41.0,1150,0.8,0.035652173913043476,0
2026-09-24T11:26:20Z,redis-cart,31.0,540,0.8,0.05740740740740741,0
2026-09-24T11:26:21Z,frontend,239.25,1150,0.8,0.20804347826086955,0
2026-09-24T11:26:21Z,cartservice,459.0,1920,0.95,0.2390625,0
2026-09-24T11:26:21Z,checkoutservice,87.0,615,0.8,0.14146341463414633,0
2026-09-24T11:26:21Z,productcatalogservice,350.0,1535,0.95,0.2280130293159609,0
2026-09-24T11:26:21Z,paymentservice,0.0,155,0.8,0.0,0
2026-09-24T11:26:21Z,recommendationservice,1156.0,1150,0.8,1.0052173913043478,1
2026-09-24T11:26:21Z,shippingservice,23.0,770,0.8,0.02987012987012987,0
2026-09-24T11:26:21Z,currencyservice,344.0,770,0.8,0.44675324675324674,0
2026-09-24T11:26:21Z,emailservice,58.0,155,0.8,0.3741935483870968,0
2026-09-24T11:26:21Z,adservice,41.0,1150,0.8,0.035652173913043476,0
2026-09-24T11:26:21Z,redis-cart,31.0,540,0.8,0.05740740740740741,0
2026-09-24T11:26:22Z,frontend,236.75,1150,0.8,0.2058695652173913,0
2026-09-24T11:26:22Z,cartservice,459.0,1920,0.95,0.2390625,0
2026-09-24T11:26:22Z,checkoutservice,87.0,615,0.8,0.14146341463414633,0
2026-09-24T11:26:22Z,productcatalogservice,350.0,1535,0.95,0.2280130293159609,0
2026-09-24T11:26:22Z,paymentservice,23.0,155,0.8,0.14838709677419354,0
2026-09-24T11:26:22Z,recommendationservice,1156.0,1150,0.8,1.0052173913043478,1
2026-09-24T11:26:22Z,shippingservice,0.0,770,0.8,0.0,0
2026-09-24T11:26:22Z,currencyservice,264.0,770,0.8,0.34285714285714286,0
2026-09-24T11:26:22Z,emailservice,0.0,155,0.8,0.0,0
2026-09-24T11:26:22Z,adservice,41.0,1150,0.8,0.035652173913043476,0
2026-09-24T11:26:22Z,redis-cart,30.0,540,0.8,0.05555555555555555,0
2026-09-24T11:26:23Z,frontend,250.0,1150,0.8,0.21739130434782608,0
2026-09-24T11:26:23Z,cartservice,458.0,1920,0.95,0.23854166666666668,0
2026-09-24T11:26:23Z,checkoutservice,166.0,615,0.8,0.26991869918699185,0
2026-09-24T11:26:23Z,productcatalogservice,339.0,1535,0.95,0.22084690553745928,0
2026-09-24T11:26:23Z,paymentservice,8.0,155,0.8,0.05161290322580645,0
2026-09-24T11:26:23Z,recommendationservice,1150.0,1150,0.8,1.0,1
2026-09-24T11:26:23Z,shippingservice,33.0,770,0.8,0.04285714285714286,0
2026-09-24T11:26:23Z,currencyservice,303.0,770,0.8,0.3935064935064935,0
2026-09-24T11:26:23Z,emailservice,32.0,155,0.8,0.2064516129032258,0
2026-09-24T11:26:23Z,adservice,41.0,1150,0.8,0.035652173913043476,0
2026-09-24T11:26:23Z,redis-cart,31.0,540,0.8,0.05740740740740741,0
2026-09-24T11:26:24Z,frontend,245.5,1150,0.8,0.21347826086956523,0
2026-09-24T11:26:24Z,cartservice,536.0,1920,0.95,0.2791666666666667,0
2026-09-24T11:26:24Z,checkoutservice,169.0,615,0.8,0.27479674796747966,0
2026-09-24T11:26:24Z,productcatalogservice,328.0,1535,0.95,0.21368078175895766,0
2026-09-24T11:26:24Z,paymentservice,8.0,155,0.8,0.05161290322580645,0
2026-09-24T11:26:24Z,recommendationservice,1135.0,1150,0.8,0.9869565217391304,1
2026-09-24T11:26:24Z,shippingservice,33.0,770,0.8,0.04285714285714286,0
2026-09-24T11:26:24Z,currencyservice,281.0,770,0.8,0.36493506493506495,0
2026-09-24T11:26:24Z,emailservice,32.0,155,0.8,0.2064516129032258,0
2026-09-24T11:26:24Z,adservice,41.0,1150,0.8,0.035652173913043476,0
2026-09-24T11:26:24Z,redis-cart,31.0,540,0.8,0.05740740740740741,0
2026-09-24T11:26:25Z,frontend,246.75,1150,0.8,0.21456521739130435,0
2026-09-24T11:26:25Z,cartservice,536.0,1920,0.95,0.2791666666666667,0
2026-09-24T11:26:25Z,checkoutservice,169.0,615,0.8,0.27479674796747966,0
2026-09-24T11:26:25Z,productcatalogservice,328.0,1535,0.95,0.21368078175895766,0
2026-09-24T11:26:25Z,paymentservice,9.0,155,0.8,0.05806451612903226,0
2026-09-24T11:26:25Z,recommendationservice,1143.0,1150,0.8,0.9939130434782608,1
2026-09-24T11:26:25Z,shippingservice,18.0,770,0.8,0.023376623376623377,0
2026-09-24T11:26:25Z,currencyservice,281.0,770,0.8,0.36493506493506495,0
2026-09-24T11:26:25Z,emailservice,34.0,155,0.8,0.21935483870967742,0
2026-09-24T11:26:25Z,adservice,75.0,1150,0.8,0.06521739130434782,0
2026-09-24T11:26:25Z,redis-cart,31.0,540,0.8,0.05740740740740741,0
2026-09-24T11:26:26Z,frontend,234.25,1150,0.8,0.20369565217391306,0
2026-09-24T11:26:26Z,cartservice,449.0,1920,0.95,0.23385416666666667,0
2026-09-24T11:26:26Z,checkoutservice,6.0,615,0.8,0.00975609756097561,0
2026-09-24T11:26:26Z,productcatalogservice,288.0,1535,0.95,0.18762214983713354,0
2026-09-24T11:26:26Z,paymentservice,9.0,155,0.8,0.05806451612903226,0
2026-09-24T11:26:26Z,recommendationservice,1143.0,1150,0.8,0.9939130434782608,1
2026-09-24T11:26:26Z,shippingservice,0.0,770,0.8,0.0,0
2026-09-24T11:26:26Z,currencyservice,279.0,770,0.8,0.36233766233766235,0
2026-09-24T11:26:26Z,emailservice,34.0,155,0.8,0.21935483870967742,0
2026-09-24T11:26:26Z,adservice,75.0,1150,0.8,0.06521739130434782,0
2026-09-24T11:26:26Z,redis-cart,31.0,540,0.8,0.05740740740740741,0
2026-09-24T11:26:27Z,frontend,241.0,1150,0.8,0.20956521739130435,0
2026-09-24T11:26:27Z,cartservice,449.0,1920,0.95,0.23385416666666667,0
2026-09-24T11:26:27Z,checkoutservice,5.0,615,0.8,0.008130081300813009,0
2026-09-24T11:26:27Z,productcatalogservice,321.0,1535,0.95,0.20912052117263843,0
2026-09-24T11:26:27Z,paymentservice,0.0,155,0.8,0.0,0
2026-09-24T11:26:27Z,recommendationservice,1152.0,1150,0.8,1.0017391304347827,1
2026-09-24T11:26:27Z,shippingservice,0.0,770,0.8,0.0,0
2026-09-24T11:26:27Z,currencyservice,281.0,770,0.8,0.36493506493506495,0
2026-09-24T11:26:27Z,emailservice,0.0,155,0.8,0.0,0
2026-09-24T11:26:27Z,adservice,31.0,1150,0.8,0.026956521739130435,0
2026-09-24T11:26:27Z,redis-cart,31.0,540,0.8,0.05740740740740741,0
2026-09-24T11:26:28Z,frontend,267.25,1150,0.8,0.2323913043478261,0
2026-09-24T11:26:28Z,cartservice,460.0,1920,0.95,0.23958333333333334,0
2026-09-24T11:26:28Z,checkoutservice,5.0,615,0.8,0.008130081300813009,0
2026-09-24T11:26:28Z,productcatalogservice,321.0,1535,0.95,0.20912052117263843,0
2026-09-24T11:26:28Z,paymentservice,0.0,155,0.8,0.0,0
2026-09-24T11:26:28Z,recommendationservice,1142.0,1150,0.8,0.9930434782608696,1
2026-09-24T11:26:28Z,shippingservice,0.0,770,0.8,0.0,0
2026-09-24T11:26:28Z,currencyservice,281.0,770,0.8,0.36493506493506495,0
2026-09-24T11:26:28Z,emailservice,4.0,155,0.8,0.025806451612903226,0
2026-09-24T11:26:28Z,adservice,45.0,1150,0.8,0.0391304347826087,0
2026-09-24T11:26:28Z,redis-cart,32.0,540,0.8,0.05925925925925926,0
2026-09-24T11:26:29Z,frontend,261.0,1150,0.8,0.22695652173913045,0
2026-09-24T11:26:29Z,cartservice,460.0,1920,0.95,0.23958333333333334,0
2026-09-24T11:26:29Z,checkoutservice,194.0,615,0.8,0.3154471544715447,0
2026-09-24T11:26:29Z,productcatalogservice,354.0,1535,0.95,0.23061889250814332,0
2026-09-24T11:26:29Z,paymentservice,13.0,155,0.8,0.08387096774193549,0
2026-09-24T11:26:29Z,recommendationservice,1162.0,1150,0.8,1.0104347826086957,1
2026-09-24T11:26:29Z,shippingservice,53.0,770,0.8,0.06883116883116883,0
2026-09-24T11:26:29Z,currencyservice,337.0,770,0.8,0.43766233766233764,0
2026-09-24T11:26:29Z,emailservice,26.0,155,0.8,0.16774193548387098,0
2026-09-24T11:26:29Z,adservice,45.0,1150,0.8,0.0391304347826087,0
2026-09-24T11:26:29Z,redis-cart,32.0,540,0.8,0.05925925925925926,0
2026-09-24T11:26:30Z,frontend,246.25,1150,0.8,0.2141304347826087,0
2026-09-24T11:26:30Z,cartservice,432.0,1920,0.95,0.225,0
2026-09-24T11:26:30Z,checkoutservice,282.0,615,0.8,0.4585365853658537,0
2026-09-24T11:26:30Z,productcatalogservice,354.0,1535,0.95,0.23061889250814332,0
2026-09-24T11:26:30Z,paymentservice,28.0,155,0.8,0.18064516129032257,0
2026-09-24T11:26:30Z,recommendationservice,1138.0,1150,0.8,0.9895652173913043,1
2026-09-24T11:26:30Z,shippingservice,53.0,770,0.8,0.06883116883116883,0
2026-09-24T11:26:30Z,currencyservice,337.0,770,0.8,0.43766233766233764,0
2026-09-24T11:26:30Z,emailservice,26.0,155,0.8,0.16774193548387098,0
2026-09-24T11:26:30Z,adservice,35.0,1150,0.8,0.030434782608695653,0
2026-09-24T11:26:30Z,redis-cart,30.0,540,0.8,0.05555555555555555,0
2026-09-24T11:26:31Z,frontend,249.5,1150,0.8,0.21695652173913044,0
2026-09-24T11:26:31Z,cartservice,459.0,1920,0.95,0.2390625,0
2026-09-24T11:26:31Z,checkoutservice,282.0,615,0.8,0.4585365853658537,0
2026-09-24T11:26:31Z,productcatalogservice,398.0,1535,0.95,0.25928338762214986,0
2026-09-24T11:26:31Z,paymentservice,28.0,155,0.8,0.18064516129032257,0
2026-09-24T11:26:31Z,recommendationservice,1138.0,1150,0.8,0.9895652173913043,1
2026-09-24T11:26:31Z,shippingservice,38.0,770,0.8,0.04935064935064935,0
2026-09-24T11:26:31Z,currencyservice,333.0,770,0.8,0.43246753246753245,0
2026-09-24T11:26:31Z,emailservice,63.0,155,0.8,0.4064516129032258,0
2026-09-24T11:26:31Z,adservice,35.0,1150,0.8,0.030434782608695653,0
2026-09-24T11:26:31Z,redis-cart,31.0,540,0.8,0.05740740740740741,0
2026-09-24T11:26:32Z,frontend,295.0,1150,0.8,0.2565217391304348,0
2026-09-24T11:26:32Z,cartservice,459.0,1920,0.95,0.2390625,0
2026-09-24T11:26:32Z,checkoutservice,243.0,615,0.8,0.3951219512195122,0
2026-09-24T11:26:32Z,productcatalogservice,392.0,1535,0.95,0.2553745928338762,0
2026-09-24T11:26:32Z,paymentservice,20.0,155,0.8,0.12903225806451613,0
2026-09-24T11:26:32Z,recommendationservice,1136.0,1150,0.8,0.9878260869565217,1
2026-09-24T11:26:32Z,shippingservice,38.0,770,0.8,0.04935064935064935,0
2026-09-24T11:26:32Z,currencyservice,333.0,770,0.8,0.43246753246753245,0
2026-09-24T11:26:32Z,emailservice,15.0,155,0.8,0.0967741935483871,0
2026-09-24T11:26:32Z,adservice,67.0,1150,0.8,0.058260869565217394,0
2026-09-24T11:26:32Z,redis-cart,31.0,540,0.8,0.05740740740740741,0
2026-09-24T11:26:33Z,frontend,282.25,1150,0.8,0.24543478260869564,0
2026-09-24T11:26:33Z,cartservice,453.0,1920,0.95,0.2359375,0
2026-09-24T11:26:33Z,checkoutservice,243.0,615,0.8,0.3951219512195122,0
2026-09-24T11:26:33Z,productcatalogservice,392.0,1535,0.95,0.2553745928338762,0
2026-09-24T11:26:33Z,paymentservice,20.0,155,0.8,0.12903225806451613,0
2026-09-24T11:26:33Z,recommendationservice,1152.0,1150,0.8,1.0017391304347827,1
2026-09-24T11:26:33Z,shippingservice,42.0,770,0.8,0.05454545454545454,0
2026-09-24T11:26:33Z,currencyservice,317.0,770,0.8,0.4116883116883117,0
2026-09-24T11:26:33Z,emailservice,15.0,155,0.8,0.0967741935483871,0
2026-09-24T11:26:33Z,adservice,67.0,1150,0.8,0.058260869565217394,0
2026-09-24T11:26:33Z,redis-cart,32.0,540,0.8,0.05925925925925926,0
2026-09-24T11:26:34Z,frontend,288.5,1150,0.8,0.2508695652173913,0
2026-09-24T11:26:34Z,cartservice,453.0,1920,0.95,0.2359375,0
2026-09-24T11:26:34Z,checkoutservice,345.0,615,0.8,0.5609756097560976,0
2026-09-24T11:26:34Z,productcatalogservice,385.0,1535,0.95,0.250814332247557,0
2026-09-24T11:26:34Z,paymentservice,17.0,155,0.8,0.10967741935483871,0
2026-09-24T11:26:34Z,recommendationservice,1142.0,1150,0.8,0.9930434782608696,1
2026-09-24T11:26:34Z,shippingservice,43.0,770,0.8,0.05584415584415584,0
2026-09-24T11:26:34Z,currencyservice,317.0,770,0.8,0.4116883116883117,0
2026-09-24T11:26:34Z,emailservice,34.0,155,0.8,0.21935483870967742,0
2026-09-24T11:26:34Z,adservice,62.0,1150,0.8,0.05391304347826087,0
2026-09-24T11:26:34Z,redis-cart,32.0,540,0.8,0.05925925925925926,0
2026-09-24T11:26:35Z,frontend,191.75,1150,0.8,0.1667391304347826,0
2026-09-24T11:26:35Z,cartservice,341.0,1920,0.95,0.17760416666666667,0
2026-09-24T11:26:35Z,checkoutservice,59.0,615,0.8,0.0959349593495935,0
2026-09-24T11:26:35Z,productcatalogservice,187.0,1535,0.95,0.12182410423452769,0
2026-09-24T11:26:35Z,paymentservice,17.0,155,0.8,0.10967741935483871,0
2026-09-24T11:26:35Z,recommendationservice,1142.0,1150,0.8,0.9930434782608696,1
2026-09-24T11:26:35Z,shippingservice,43.0,770,0.8,0.05584415584415584,0
2026-09-24T11:26:35Z,currencyservice,179.0,770,0.8,0.23246753246753246,0
2026-09-24T11:26:35Z,emailservice,59.0,155,0.8,0.38064516129032255,0
2026-09-24T11:26:35Z,adservice,38.0,1150,0.8,0.03304347826086956,0
2026-09-24T11:26:35Z,redis-cart,24.0,540,0.8,0.044444444444444446,0
2026-09-24T11:26:36Z,frontend,74.5,1150,0.8,0.06478260869565218,0
2026-09-24T11:26:36Z,cartservice,0.0,1920,0.95,0.0,0
2026-09-24T11:26:36Z,checkoutservice,59.0,615,0.8,0.0959349593495935,0
2026-09-24T11:26:36Z,productcatalogservice,187.0,1535,0.95,0.12182410423452769,0
2026-09-24T11:26:36Z,paymentservice,4.0,155,0.8,0.025806451612903226,0
2026-09-24T11:26:36Z,recommendationservice,359.0,1150,0.8,0.31217391304347825,0
2026-09-24T11:26:36Z,shippingservice,0.0,770,0.8,0.0,0
2026-09-24T11:26:36Z,currencyservice,179.0,770,0.8,0.23246753246753246,0
2026-09-24T11:26:36Z,emailservice,0.0,155,0.8,0.0,0
2026-09-24T11:26:36Z,adservice,38.0,1150,0.8,0.03304347826086956,0
2026-09-24T11:26:36Z,redis-cart,4.0,540,0.8,0.007407407407407408,0
