2026-10-08T12:10:19Z  WAITING  for /home/idozacharia/TopFull/TopFull_master/online_boutique_scripts/src/logs/service_inbound.csv (timeout=60s)
2026-10-08T12:10:19Z  READY  found service_inbound.csv (858 rows)
2026-10-08T12:10:19Z  START  metric=edge_rpr rpr_threshold=0.50 rejection_threshold=0.20 reenable_rejection=0.10 sample_interval=1s interval_samples=30s edges=14 attempts_on=3
2026-10-08T12:10:43Z  OBSERVE  frontend->cartservice  rpr=0.0000  low=1 high=0  elapsed_s=0  attempts=3  state=ON  metric=rpr
2026-10-08T12:10:43Z  OBSERVE  frontend->currencyservice  rpr=0.0000  low=1 high=0  elapsed_s=0  attempts=3  state=ON  metric=rpr
2026-10-08T12:10:43Z  OBSERVE  frontend->productcatalogservice  rpr=0.0000  low=1 high=0  elapsed_s=0  attempts=3  state=ON  metric=rpr
2026-10-08T12:10:43Z  OBSERVE  frontend->recommendationservice  rpr=0.0000  low=1 high=0  elapsed_s=0  attempts=3  state=ON  metric=rpr
2026-10-08T12:10:43Z  OBSERVE  frontend->shippingservice  rpr=0.0000  low=1 high=0  elapsed_s=0  attempts=3  state=ON  metric=rpr
2026-10-08T12:10:43Z  OBSERVE  recommendationservice->productcatalogservice  rpr=0.0000  low=1 high=0  elapsed_s=0  attempts=3  state=ON  metric=rpr
2026-10-08T12:10:44Z  OBSERVE  frontend->adservice  rpr=0.0000  low=1 high=0  elapsed_s=0  attempts=3  state=ON  metric=rpr
2026-10-08T12:10:44Z  OBSERVE  frontend->cartservice  rpr=0.0000  low=2 high=0  elapsed_s=1  attempts=3  state=ON  metric=rpr
2026-10-08T12:10:44Z  OBSERVE  frontend->checkoutservice  rpr=0.0000  low=1 high=0  elapsed_s=0  attempts=3  state=ON  metric=rpr
2026-10-08T12:10:44Z  OBSERVE  frontend->currencyservice  rpr=0.0000  low=2 high=0  elapsed_s=1  attempts=3  state=ON  metric=rpr
2026-10-08T12:10:44Z  OBSERVE  frontend->productcatalogservice  rpr=0.0000  low=2 high=0  elapsed_s=1  attempts=3  state=ON  metric=rpr
2026-10-08T12:10:44Z  OBSERVE  frontend->recommendationservice  rpr=0.0000  low=2 high=0  elapsed_s=1  attempts=3  state=ON  metric=rpr
2026-10-08T12:10:44Z  OBSERVE  frontend->shippingservice  rpr=0.0000  low=2 high=0  elapsed_s=1  attempts=3  state=ON  metric=rpr
2026-10-08T12:10:44Z  OBSERVE  checkoutservice->cartservice  rpr=0.0000  low=1 high=0  elapsed_s=0  attempts=3  state=ON  metric=rpr
2026-10-08T12:10:44Z  OBSERVE  checkoutservice->currencyservice  rpr=0.0000  low=1 high=0  elapsed_s=0  attempts=3  state=ON  metric=rpr
2026-10-08T12:10:44Z  OBSERVE  checkoutservice->emailservice  rpr=0.0000  low=1 high=0  elapsed_s=0  attempts=3  state=ON  metric=rpr
2026-10-08T12:10:44Z  OBSERVE  checkoutservice->paymentservice  rpr=0.0000  low=1 high=0  elapsed_s=0  attempts=3  state=ON  metric=rpr
2026-10-08T12:10:44Z  OBSERVE  checkoutservice->shippingservice  rpr=0.0000  low=1 high=0  elapsed_s=0  attempts=3  state=ON  metric=rpr
2026-10-08T12:10:44Z  OBSERVE  recommendationservice->productcatalogservice  rpr=0.0000  low=2 high=0  elapsed_s=1  attempts=3  state=ON  metric=rpr
2026-10-08T12:10:45Z  OBSERVE  frontend->adservice  rpr=0.0000  low=2 high=0  elapsed_s=1  attempts=3  state=ON  metric=rpr
2026-10-08T12:10:45Z  OBSERVE  frontend->cartservice  rpr=0.0000  low=3 high=0  elapsed_s=2  attempts=3  state=ON  metric=rpr
2026-10-08T12:10:45Z  OBSERVE  frontend->checkoutservice  rpr=0.0000  low=2 high=0  elapsed_s=1  attempts=3  state=ON  metric=rpr
2026-10-08T12:10:45Z  OBSERVE  frontend->currencyservice  rpr=0.0000  low=3 high=0  elapsed_s=2  attempts=3  state=ON  metric=rpr
2026-10-08T12:10:45Z  OBSERVE  frontend->productcatalogservice  rpr=0.0000  low=3 high=0  elapsed_s=2  attempts=3  state=ON  metric=rpr
2026-10-08T12:10:45Z  OBSERVE  frontend->recommendationservice  rpr=0.0000  low=3 high=0  elapsed_s=2  attempts=3  state=ON  metric=rpr
2026-10-08T12:10:45Z  OBSERVE  frontend->shippingservice  rpr=0.0000  low=3 high=0  elapsed_s=2  attempts=3  state=ON  metric=rpr
2026-10-08T12:10:45Z  OBSERVE  checkoutservice->cartservice  rpr=0.0000  low=2 high=0  elapsed_s=1  attempts=3  state=ON  metric=rpr
2026-10-08T12:10:45Z  OBSERVE  checkoutservice->currencyservice  rpr=0.0000  low=2 high=0  elapsed_s=1  attempts=3  state=ON  metric=rpr
2026-10-08T12:10:45Z  OBSERVE  checkoutservice->emailservice  rpr=0.0000  low=2 high=0  elapsed_s=1  attempts=3  state=ON  metric=rpr
2026-10-08T12:10:45Z  OBSERVE  checkoutservice->paymentservice  rpr=0.0000  low=2 high=0  elapsed_s=1  attempts=3  state=ON  metric=rpr
2026-10-08T12:10:45Z  OBSERVE  checkoutservice->shippingservice  rpr=0.0000  low=2 high=0  elapsed_s=1  attempts=3  state=ON  metric=rpr
2026-10-08T12:10:45Z  OBSERVE  recommendationservice->productcatalogservice  rpr=0.0000  low=3 high=0  elapsed_s=2  attempts=3  state=ON  metric=rpr
2026-10-08T12:10:46Z  OBSERVE  frontend->adservice  rpr=0.0000  low=3 high=0  elapsed_s=2  attempts=3  state=ON  metric=rpr
2026-10-08T12:10:46Z  OBSERVE  frontend->cartservice  rpr=0.0000  low=4 high=0  elapsed_s=3  attempts=3  state=ON  metric=rpr
2026-10-08T12:10:46Z  OBSERVE  frontend->checkoutservice  rpr=0.0000  low=3 high=0  elapsed_s=2  attempts=3  state=ON  metric=rpr
2026-10-08T12:10:46Z  OBSERVE  frontend->currencyservice  rpr=0.0000  low=4 high=0  elapsed_s=3  attempts=3  state=ON  metric=rpr
2026-10-08T12:10:46Z  OBSERVE  frontend->productcatalogservice  rpr=0.0000  low=4 high=0  elapsed_s=3  attempts=3  state=ON  metric=rpr
2026-10-08T12:10:46Z  OBSERVE  frontend->recommendationservice  rpr=0.0000  low=4 high=0  elapsed_s=3  attempts=3  state=ON  metric=rpr
2026-10-08T12:10:46Z  OBSERVE  frontend->shippingservice  rpr=0.0000  low=4 high=0  elapsed_s=3  attempts=3  state=ON  metric=rpr
2026-10-08T12:10:46Z  OBSERVE  checkoutservice->cartservice  rpr=0.0000  low=3 high=0  elapsed_s=2  attempts=3  state=ON  metric=rpr
2026-10-08T12:10:46Z  OBSERVE  checkoutservice->currencyservice  rpr=0.0000  low=3 high=0  elapsed_s=2  attempts=3  state=ON  metric=rpr
2026-10-08T12:10:46Z  OBSERVE  checkoutservice->emailservice  rpr=0.0000  low=3 high=0  elapsed_s=2  attempts=3  state=ON  metric=rpr
2026-10-08T12:10:46Z  OBSERVE  checkoutservice->paymentservice  rpr=0.0000  low=3 high=0  elapsed_s=2  attempts=3  state=ON  metric=rpr
2026-10-08T12:10:46Z  OBSERVE  checkoutservice->shippingservice  rpr=0.0000  low=3 high=0  elapsed_s=2  attempts=3  state=ON  metric=rpr
2026-10-08T12:10:46Z  OBSERVE  recommendationservice->productcatalogservice  rpr=0.0000  low=4 high=0  elapsed_s=3  attempts=3  state=ON  metric=rpr
2026-10-08T12:10:48Z  OBSERVE  frontend->adservice  rpr=0.0000  low=4 high=0  elapsed_s=4  attempts=3  state=ON  metric=rpr
2026-10-08T12:10:48Z  OBSERVE  frontend->cartservice  rpr=0.0000  low=5 high=0  elapsed_s=5  attempts=3  state=ON  metric=rpr
2026-10-08T12:10:48Z  OBSERVE  frontend->checkoutservice  rpr=0.0000  low=4 high=0  elapsed_s=4  attempts=3  state=ON  metric=rpr
2026-10-08T12:10:48Z  OBSERVE  frontend->currencyservice  rpr=0.0000  low=5 high=0  elapsed_s=5  attempts=3  state=ON  metric=rpr
2026-10-08T12:10:48Z  OBSERVE  frontend->productcatalogservice  rpr=0.0000  low=5 high=0  elapsed_s=5  attempts=3  state=ON  metric=rpr
2026-10-08T12:10:48Z  OBSERVE  frontend->recommendationservice  rpr=0.0000  low=5 high=0  elapsed_s=5  attempts=3  state=ON  metric=rpr
2026-10-08T12:10:48Z  OBSERVE  frontend->shippingservice  rpr=0.0000  low=5 high=0  elapsed_s=5  attempts=3  state=ON  metric=rpr
2026-10-08T12:10:48Z  OBSERVE  checkoutservice->cartservice  rpr=0.0000  low=4 high=0  elapsed_s=4  attempts=3  state=ON  metric=rpr
2026-10-08T12:10:48Z  OBSERVE  checkoutservice->currencyservice  rpr=0.0000  low=4 high=0  elapsed_s=4  attempts=3  state=ON  metric=rpr
2026-10-08T12:10:48Z  OBSERVE  checkoutservice->emailservice  rpr=0.0000  low=4 high=0  elapsed_s=4  attempts=3  state=ON  metric=rpr
2026-10-08T12:10:48Z  OBSERVE  checkoutservice->paymentservice  rpr=0.0000  low=4 high=0  elapsed_s=4  attempts=3  state=ON  metric=rpr
2026-10-08T12:10:48Z  OBSERVE  checkoutservice->shippingservice  rpr=0.0000  low=4 high=0  elapsed_s=4  attempts=3  state=ON  metric=rpr
2026-10-08T12:10:48Z  OBSERVE  recommendationservice->productcatalogservice  rpr=0.0000  low=5 high=0  elapsed_s=5  attempts=3  state=ON  metric=rpr
2026-10-08T12:10:49Z  OBSERVE  frontend->adservice  rpr=0.0000  low=5 high=0  elapsed_s=5  attempts=3  state=ON  metric=rpr
2026-10-08T12:10:49Z  OBSERVE  frontend->cartservice  rpr=0.0000  low=6 high=0  elapsed_s=6  attempts=3  state=ON  metric=rpr
2026-10-08T12:10:49Z  OBSERVE  frontend->checkoutservice  rpr=0.0000  low=5 high=0  elapsed_s=5  attempts=3  state=ON  metric=rpr
2026-10-08T12:10:49Z  OBSERVE  frontend->currencyservice  rpr=0.0000  low=6 high=0  elapsed_s=6  attempts=3  state=ON  metric=rpr
2026-10-08T12:10:49Z  OBSERVE  frontend->productcatalogservice  rpr=0.0000  low=6 high=0  elapsed_s=6  attempts=3  state=ON  metric=rpr
2026-10-08T12:10:49Z  OBSERVE  frontend->recommendationservice  rpr=0.0000  low=6 high=0  elapsed_s=6  attempts=3  state=ON  metric=rpr
2026-10-08T12:10:49Z  OBSERVE  frontend->shippingservice  rpr=0.0000  low=6 high=0  elapsed_s=6  attempts=3  state=ON  metric=rpr
2026-10-08T12:10:49Z  OBSERVE  checkoutservice->cartservice  rpr=0.0000  low=5 high=0  elapsed_s=5  attempts=3  state=ON  metric=rpr
2026-10-08T12:10:49Z  OBSERVE  checkoutservice->currencyservice  rpr=0.0000  low=5 high=0  elapsed_s=5  attempts=3  state=ON  metric=rpr
2026-10-08T12:10:49Z  OBSERVE  checkoutservice->emailservice  rpr=0.0000  low=5 high=0  elapsed_s=5  attempts=3  state=ON  metric=rpr
2026-10-08T12:10:49Z  OBSERVE  checkoutservice->paymentservice  rpr=0.0000  low=5 high=0  elapsed_s=5  attempts=3  state=ON  metric=rpr
2026-10-08T12:10:49Z  OBSERVE  checkoutservice->shippingservice  rpr=0.0000  low=5 high=0  elapsed_s=5  attempts=3  state=ON  metric=rpr
2026-10-08T12:10:49Z  OBSERVE  recommendationservice->productcatalogservice  rpr=0.0000  low=6 high=0  elapsed_s=6  attempts=3  state=ON  metric=rpr
2026-10-08T12:10:50Z  OBSERVE  frontend->adservice  rpr=0.0000  low=6 high=0  elapsed_s=6  attempts=3  state=ON  metric=rpr
2026-10-08T12:10:50Z  OBSERVE  frontend->cartservice  rpr=0.0000  low=7 high=0  elapsed_s=7  attempts=3  state=ON  metric=rpr
2026-10-08T12:10:50Z  OBSERVE  frontend->checkoutservice  rpr=0.0000  low=6 high=0  elapsed_s=6  attempts=3  state=ON  metric=rpr
2026-10-08T12:10:50Z  OBSERVE  frontend->currencyservice  rpr=0.0000  low=7 high=0  elapsed_s=7  attempts=3  state=ON  metric=rpr
2026-10-08T12:10:50Z  OBSERVE  frontend->productcatalogservice  rpr=0.0000  low=7 high=0  elapsed_s=7  attempts=3  state=ON  metric=rpr
2026-10-08T12:10:50Z  OBSERVE  frontend->recommendationservice  rpr=0.0000  low=7 high=0  elapsed_s=7  attempts=3  state=ON  metric=rpr
2026-10-08T12:10:50Z  OBSERVE  frontend->shippingservice  rpr=0.0000  low=7 high=0  elapsed_s=7  attempts=3  state=ON  metric=rpr
2026-10-08T12:10:50Z  OBSERVE  checkoutservice->cartservice  rpr=0.0000  low=6 high=0  elapsed_s=6  attempts=3  state=ON  metric=rpr
2026-10-08T12:10:50Z  OBSERVE  checkoutservice->currencyservice  rpr=0.0000  low=6 high=0  elapsed_s=6  attempts=3  state=ON  metric=rpr
2026-10-08T12:10:50Z  OBSERVE  checkoutservice->emailservice  rpr=0.0000  low=6 high=0  elapsed_s=6  attempts=3  state=ON  metric=rpr
2026-10-08T12:10:50Z  OBSERVE  checkoutservice->paymentservice  rpr=0.0000  low=6 high=0  elapsed_s=6  attempts=3  state=ON  metric=rpr
2026-10-08T12:10:50Z  OBSERVE  checkoutservice->shippingservice  rpr=0.0000  low=6 high=0  elapsed_s=6  attempts=3  state=ON  metric=rpr
2026-10-08T12:10:50Z  OBSERVE  recommendationservice->productcatalogservice  rpr=0.0000  low=7 high=0  elapsed_s=7  attempts=3  state=ON  metric=rpr
2026-10-08T12:10:52Z  OBSERVE  frontend->adservice  rpr=0.0000  low=7 high=0  elapsed_s=8  attempts=3  state=ON  metric=rpr
2026-10-08T12:10:52Z  OBSERVE  frontend->cartservice  rpr=0.0000  low=8 high=0  elapsed_s=9  attempts=3  state=ON  metric=rpr
2026-10-08T12:10:52Z  OBSERVE  frontend->checkoutservice  rpr=0.0000  low=7 high=0  elapsed_s=8  attempts=3  state=ON  metric=rpr
2026-10-08T12:10:52Z  OBSERVE  frontend->currencyservice  rpr=0.0000  low=8 high=0  elapsed_s=9  attempts=3  state=ON  metric=rpr
2026-10-08T12:10:52Z  OBSERVE  frontend->productcatalogservice  rpr=0.0000  low=8 high=0  elapsed_s=9  attempts=3  state=ON  metric=rpr
2026-10-08T12:10:52Z  OBSERVE  frontend->recommendationservice  rpr=0.0000  low=8 high=0  elapsed_s=9  attempts=3  state=ON  metric=rpr
2026-10-08T12:10:52Z  OBSERVE  frontend->shippingservice  rpr=0.0000  low=8 high=0  elapsed_s=9  attempts=3  state=ON  metric=rpr
2026-10-08T12:10:52Z  OBSERVE  checkoutservice->cartservice  rpr=0.0000  low=7 high=0  elapsed_s=8  attempts=3  state=ON  metric=rpr
2026-10-08T12:10:52Z  OBSERVE  checkoutservice->currencyservice  rpr=0.0000  low=7 high=0  elapsed_s=8  attempts=3  state=ON  metric=rpr
2026-10-08T12:10:52Z  OBSERVE  checkoutservice->emailservice  rpr=0.0000  low=7 high=0  elapsed_s=8  attempts=3  state=ON  metric=rpr
2026-10-08T12:10:52Z  OBSERVE  checkoutservice->paymentservice  rpr=0.0000  low=7 high=0  elapsed_s=8  attempts=3  state=ON  metric=rpr
2026-10-08T12:10:52Z  OBSERVE  checkoutservice->shippingservice  rpr=0.0000  low=7 high=0  elapsed_s=8  attempts=3  state=ON  metric=rpr
2026-10-08T12:10:52Z  OBSERVE  recommendationservice->productcatalogservice  rpr=0.0000  low=8 high=0  elapsed_s=9  attempts=3  state=ON  metric=rpr
2026-10-08T12:10:53Z  OBSERVE  frontend->adservice  rpr=0.0000  low=8 high=0  elapsed_s=9  attempts=3  state=ON  metric=rpr
2026-10-08T12:10:53Z  OBSERVE  frontend->cartservice  rpr=0.0000  low=9 high=0  elapsed_s=10  attempts=3  state=ON  metric=rpr
2026-10-08T12:10:53Z  OBSERVE  frontend->checkoutservice  rpr=0.0000  low=8 high=0  elapsed_s=9  attempts=3  state=ON  metric=rpr
2026-10-08T12:10:53Z  OBSERVE  frontend->currencyservice  rpr=0.0000  low=9 high=0  elapsed_s=10  attempts=3  state=ON  metric=rpr
2026-10-08T12:10:53Z  OBSERVE  frontend->productcatalogservice  rpr=0.0000  low=9 high=0  elapsed_s=10  attempts=3  state=ON  metric=rpr
2026-10-08T12:10:53Z  OBSERVE  frontend->recommendationservice  rpr=0.0000  low=9 high=0  elapsed_s=10  attempts=3  state=ON  metric=rpr
2026-10-08T12:10:53Z  OBSERVE  frontend->shippingservice  rpr=0.0000  low=9 high=0  elapsed_s=10  attempts=3  state=ON  metric=rpr
2026-10-08T12:10:53Z  OBSERVE  checkoutservice->cartservice  rpr=0.0000  low=8 high=0  elapsed_s=9  attempts=3  state=ON  metric=rpr
2026-10-08T12:10:53Z  OBSERVE  checkoutservice->currencyservice  rpr=0.0000  low=8 high=0  elapsed_s=9  attempts=3  state=ON  metric=rpr
2026-10-08T12:10:53Z  OBSERVE  checkoutservice->emailservice  rpr=0.0000  low=8 high=0  elapsed_s=9  attempts=3  state=ON  metric=rpr
2026-10-08T12:10:53Z  OBSERVE  checkoutservice->paymentservice  rpr=0.0000  low=8 high=0  elapsed_s=9  attempts=3  state=ON  metric=rpr
2026-10-08T12:10:53Z  OBSERVE  checkoutservice->shippingservice  rpr=0.0000  low=8 high=0  elapsed_s=9  attempts=3  state=ON  metric=rpr
2026-10-08T12:10:53Z  OBSERVE  recommendationservice->productcatalogservice  rpr=0.0000  low=9 high=0  elapsed_s=10  attempts=3  state=ON  metric=rpr
2026-10-08T12:10:55Z  OBSERVE  frontend->adservice  rpr=0.0000  low=9 high=0  elapsed_s=11  attempts=3  state=ON  metric=rpr
2026-10-08T12:10:55Z  OBSERVE  frontend->cartservice  rpr=0.0000  low=10 high=0  elapsed_s=12  attempts=3  state=ON  metric=rpr
2026-10-08T12:10:55Z  OBSERVE  frontend->checkoutservice  rpr=0.0000  low=9 high=0  elapsed_s=11  attempts=3  state=ON  metric=rpr
2026-10-08T12:10:55Z  OBSERVE  frontend->currencyservice  rpr=0.0000  low=10 high=0  elapsed_s=12  attempts=3  state=ON  metric=rpr
2026-10-08T12:10:55Z  OBSERVE  frontend->productcatalogservice  rpr=0.0000  low=10 high=0  elapsed_s=12  attempts=3  state=ON  metric=rpr
2026-10-08T12:10:55Z  OBSERVE  frontend->recommendationservice  rpr=0.0000  low=10 high=0  elapsed_s=12  attempts=3  state=ON  metric=rpr
2026-10-08T12:10:55Z  OBSERVE  frontend->shippingservice  rpr=0.0000  low=10 high=0  elapsed_s=12  attempts=3  state=ON  metric=rpr
2026-10-08T12:10:55Z  OBSERVE  checkoutservice->cartservice  rpr=0.0000  low=9 high=0  elapsed_s=11  attempts=3  state=ON  metric=rpr
2026-10-08T12:10:55Z  OBSERVE  checkoutservice->currencyservice  rpr=0.0000  low=9 high=0  elapsed_s=11  attempts=3  state=ON  metric=rpr
2026-10-08T12:10:55Z  OBSERVE  checkoutservice->emailservice  rpr=0.0000  low=9 high=0  elapsed_s=11  attempts=3  state=ON  metric=rpr
2026-10-08T12:10:55Z  OBSERVE  checkoutservice->paymentservice  rpr=0.0000  low=9 high=0  elapsed_s=11  attempts=3  state=ON  metric=rpr
2026-10-08T12:10:55Z  OBSERVE  checkoutservice->shippingservice  rpr=0.0000  low=9 high=0  elapsed_s=11  attempts=3  state=ON  metric=rpr
2026-10-08T12:10:55Z  OBSERVE  recommendationservice->productcatalogservice  rpr=0.0000  low=10 high=0  elapsed_s=12  attempts=3  state=ON  metric=rpr
2026-10-08T12:10:57Z  OBSERVE  frontend->adservice  rpr=0.0000  low=10 high=0  elapsed_s=13  attempts=3  state=ON  metric=rpr
2026-10-08T12:10:57Z  OBSERVE  frontend->cartservice  rpr=0.0000  low=11 high=0  elapsed_s=14  attempts=3  state=ON  metric=rpr
2026-10-08T12:10:57Z  OBSERVE  frontend->checkoutservice  rpr=0.0000  low=10 high=0  elapsed_s=13  attempts=3  state=ON  metric=rpr
2026-10-08T12:10:57Z  OBSERVE  frontend->currencyservice  rpr=0.0000  low=11 high=0  elapsed_s=14  attempts=3  state=ON  metric=rpr
2026-10-08T12:10:57Z  OBSERVE  frontend->productcatalogservice  rpr=0.0000  low=11 high=0  elapsed_s=14  attempts=3  state=ON  metric=rpr
2026-10-08T12:10:57Z  OBSERVE  frontend->recommendationservice  rpr=0.0000  low=11 high=0  elapsed_s=14  attempts=3  state=ON  metric=rpr
2026-10-08T12:10:57Z  OBSERVE  frontend->shippingservice  rpr=0.0000  low=11 high=0  elapsed_s=14  attempts=3  state=ON  metric=rpr
2026-10-08T12:10:57Z  OBSERVE  checkoutservice->cartservice  rpr=0.0000  low=10 high=0  elapsed_s=13  attempts=3  state=ON  metric=rpr
2026-10-08T12:10:57Z  OBSERVE  checkoutservice->currencyservice  rpr=0.0000  low=10 high=0  elapsed_s=13  attempts=3  state=ON  metric=rpr
2026-10-08T12:10:57Z  OBSERVE  checkoutservice->emailservice  rpr=0.0000  low=10 high=0  elapsed_s=13  attempts=3  state=ON  metric=rpr
2026-10-08T12:10:57Z  OBSERVE  checkoutservice->paymentservice  rpr=0.0000  low=10 high=0  elapsed_s=13  attempts=3  state=ON  metric=rpr
2026-10-08T12:10:57Z  OBSERVE  checkoutservice->shippingservice  rpr=0.0000  low=10 high=0  elapsed_s=13  attempts=3  state=ON  metric=rpr
2026-10-08T12:10:57Z  OBSERVE  recommendationservice->productcatalogservice  rpr=0.0000  low=11 high=0  elapsed_s=14  attempts=3  state=ON  metric=rpr
2026-10-08T12:10:59Z  OBSERVE  frontend->adservice  rpr=0.0000  low=11 high=0  elapsed_s=15  attempts=3  state=ON  metric=rpr
2026-10-08T12:10:59Z  OBSERVE  frontend->cartservice  rpr=0.0000  low=12 high=0  elapsed_s=16  attempts=3  state=ON  metric=rpr
2026-10-08T12:10:59Z  OBSERVE  frontend->checkoutservice  rpr=0.0000  low=11 high=0  elapsed_s=15  attempts=3  state=ON  metric=rpr
2026-10-08T12:10:59Z  OBSERVE  frontend->currencyservice  rpr=0.0000  low=12 high=0  elapsed_s=16  attempts=3  state=ON  metric=rpr
2026-10-08T12:10:59Z  OBSERVE  frontend->productcatalogservice  rpr=0.0000  low=12 high=0  elapsed_s=16  attempts=3  state=ON  metric=rpr
2026-10-08T12:10:59Z  OBSERVE  frontend->recommendationservice  rpr=0.0000  low=12 high=0  elapsed_s=16  attempts=3  state=ON  metric=rpr
2026-10-08T12:10:59Z  OBSERVE  frontend->shippingservice  rpr=0.0000  low=12 high=0  elapsed_s=16  attempts=3  state=ON  metric=rpr
2026-10-08T12:10:59Z  OBSERVE  checkoutservice->cartservice  rpr=0.0000  low=11 high=0  elapsed_s=15  attempts=3  state=ON  metric=rpr
2026-10-08T12:10:59Z  OBSERVE  checkoutservice->currencyservice  rpr=0.0000  low=11 high=0  elapsed_s=15  attempts=3  state=ON  metric=rpr
2026-10-08T12:10:59Z  OBSERVE  checkoutservice->emailservice  rpr=0.0000  low=11 high=0  elapsed_s=15  attempts=3  state=ON  metric=rpr
2026-10-08T12:10:59Z  OBSERVE  checkoutservice->paymentservice  rpr=0.0000  low=11 high=0  elapsed_s=15  attempts=3  state=ON  metric=rpr
2026-10-08T12:10:59Z  OBSERVE  checkoutservice->shippingservice  rpr=0.0000  low=11 high=0  elapsed_s=15  attempts=3  state=ON  metric=rpr
2026-10-08T12:10:59Z  OBSERVE  recommendationservice->productcatalogservice  rpr=0.0000  low=12 high=0  elapsed_s=16  attempts=3  state=ON  metric=rpr
2026-10-08T12:11:01Z  OBSERVE  frontend->adservice  rpr=0.0000  low=12 high=0  elapsed_s=17  attempts=3  state=ON  metric=rpr
2026-10-08T12:11:01Z  OBSERVE  frontend->cartservice  rpr=0.0000  low=13 high=0  elapsed_s=18  attempts=3  state=ON  metric=rpr
2026-10-08T12:11:01Z  OBSERVE  frontend->checkoutservice  rpr=0.0000  low=12 high=0  elapsed_s=17  attempts=3  state=ON  metric=rpr
2026-10-08T12:11:01Z  OBSERVE  frontend->currencyservice  rpr=0.0000  low=13 high=0  elapsed_s=18  attempts=3  state=ON  metric=rpr
2026-10-08T12:11:01Z  OBSERVE  frontend->productcatalogservice  rpr=0.0000  low=13 high=0  elapsed_s=18  attempts=3  state=ON  metric=rpr
2026-10-08T12:11:01Z  OBSERVE  frontend->recommendationservice  rpr=0.0000  low=13 high=0  elapsed_s=18  attempts=3  state=ON  metric=rpr
2026-10-08T12:11:01Z  OBSERVE  frontend->shippingservice  rpr=0.0000  low=13 high=0  elapsed_s=18  attempts=3  state=ON  metric=rpr
2026-10-08T12:11:01Z  OBSERVE  checkoutservice->cartservice  rpr=0.0000  low=12 high=0  elapsed_s=17  attempts=3  state=ON  metric=rpr
2026-10-08T12:11:01Z  OBSERVE  checkoutservice->currencyservice  rpr=0.0000  low=12 high=0  elapsed_s=17  attempts=3  state=ON  metric=rpr
2026-10-08T12:11:01Z  OBSERVE  checkoutservice->emailservice  rpr=0.0000  low=12 high=0  elapsed_s=17  attempts=3  state=ON  metric=rpr
2026-10-08T12:11:01Z  OBSERVE  checkoutservice->paymentservice  rpr=0.0000  low=12 high=0  elapsed_s=17  attempts=3  state=ON  metric=rpr
2026-10-08T12:11:01Z  OBSERVE  checkoutservice->shippingservice  rpr=0.0000  low=12 high=0  elapsed_s=17  attempts=3  state=ON  metric=rpr
2026-10-08T12:11:01Z  OBSERVE  recommendationservice->productcatalogservice  rpr=0.0000  low=13 high=0  elapsed_s=18  attempts=3  state=ON  metric=rpr
2026-10-08T12:11:03Z  OBSERVE  frontend->adservice  rpr=0.0000  low=13 high=0  elapsed_s=19  attempts=3  state=ON  metric=rpr
2026-10-08T12:11:03Z  OBSERVE  frontend->cartservice  rpr=0.0000  low=14 high=0  elapsed_s=20  attempts=3  state=ON  metric=rpr
2026-10-08T12:11:03Z  OBSERVE  frontend->checkoutservice  rpr=0.0000  low=13 high=0  elapsed_s=19  attempts=3  state=ON  metric=rpr
2026-10-08T12:11:03Z  OBSERVE  frontend->currencyservice  rpr=0.0000  low=14 high=0  elapsed_s=20  attempts=3  state=ON  metric=rpr
2026-10-08T12:11:03Z  OBSERVE  frontend->productcatalogservice  rpr=0.0000  low=14 high=0  elapsed_s=20  attempts=3  state=ON  metric=rpr
2026-10-08T12:11:03Z  OBSERVE  frontend->recommendationservice  rpr=0.0000  low=14 high=0  elapsed_s=20  attempts=3  state=ON  metric=rpr
2026-10-08T12:11:03Z  OBSERVE  frontend->shippingservice  rpr=0.0000  low=14 high=0  elapsed_s=20  attempts=3  state=ON  metric=rpr
2026-10-08T12:11:03Z  OBSERVE  checkoutservice->cartservice  rpr=0.0000  low=13 high=0  elapsed_s=19  attempts=3  state=ON  metric=rpr
2026-10-08T12:11:03Z  OBSERVE  checkoutservice->currencyservice  rpr=0.0000  low=13 high=0  elapsed_s=19  attempts=3  state=ON  metric=rpr
2026-10-08T12:11:03Z  OBSERVE  checkoutservice->emailservice  rpr=0.0000  low=13 high=0  elapsed_s=19  attempts=3  state=ON  metric=rpr
2026-10-08T12:11:03Z  OBSERVE  checkoutservice->paymentservice  rpr=0.0000  low=13 high=0  elapsed_s=19  attempts=3  state=ON  metric=rpr
2026-10-08T12:11:03Z  OBSERVE  checkoutservice->shippingservice  rpr=0.0000  low=13 high=0  elapsed_s=19  attempts=3  state=ON  metric=rpr
2026-10-08T12:11:03Z  OBSERVE  recommendationservice->productcatalogservice  rpr=0.0000  low=14 high=0  elapsed_s=20  attempts=3  state=ON  metric=rpr
2026-10-08T12:11:05Z  OBSERVE  frontend->adservice  rpr=0.0000  low=14 high=0  elapsed_s=21  attempts=3  state=ON  metric=rpr
2026-10-08T12:11:05Z  OBSERVE  frontend->cartservice  rpr=0.0000  low=15 high=0  elapsed_s=22  attempts=3  state=ON  metric=rpr
2026-10-08T12:11:05Z  OBSERVE  frontend->checkoutservice  rpr=0.0000  low=14 high=0  elapsed_s=21  attempts=3  state=ON  metric=rpr
2026-10-08T12:11:05Z  OBSERVE  frontend->currencyservice  rpr=0.0000  low=15 high=0  elapsed_s=22  attempts=3  state=ON  metric=rpr
2026-10-08T12:11:05Z  OBSERVE  frontend->productcatalogservice  rpr=0.0000  low=15 high=0  elapsed_s=22  attempts=3  state=ON  metric=rpr
2026-10-08T12:11:05Z  OBSERVE  frontend->recommendationservice  rpr=0.0000  low=15 high=0  elapsed_s=22  attempts=3  state=ON  metric=rpr
2026-10-08T12:11:05Z  OBSERVE  frontend->shippingservice  rpr=0.0000  low=15 high=0  elapsed_s=22  attempts=3  state=ON  metric=rpr
2026-10-08T12:11:05Z  OBSERVE  checkoutservice->cartservice  rpr=0.0000  low=14 high=0  elapsed_s=21  attempts=3  state=ON  metric=rpr
2026-10-08T12:11:05Z  OBSERVE  checkoutservice->currencyservice  rpr=0.0000  low=14 high=0  elapsed_s=21  attempts=3  state=ON  metric=rpr
2026-10-08T12:11:05Z  OBSERVE  checkoutservice->emailservice  rpr=0.0000  low=14 high=0  elapsed_s=21  attempts=3  state=ON  metric=rpr
2026-10-08T12:11:05Z  OBSERVE  checkoutservice->paymentservice  rpr=0.0000  low=14 high=0  elapsed_s=21  attempts=3  state=ON  metric=rpr
2026-10-08T12:11:05Z  OBSERVE  checkoutservice->shippingservice  rpr=0.0000  low=14 high=0  elapsed_s=21  attempts=3  state=ON  metric=rpr
2026-10-08T12:11:05Z  OBSERVE  recommendationservice->productcatalogservice  rpr=0.0000  low=15 high=0  elapsed_s=22  attempts=3  state=ON  metric=rpr
2026-10-08T12:11:07Z  OBSERVE  frontend->adservice  rpr=0.0000  low=15 high=0  elapsed_s=23  attempts=3  state=ON  metric=rpr
2026-10-08T12:11:07Z  OBSERVE  frontend->cartservice  rpr=0.0000  low=16 high=0  elapsed_s=24  attempts=3  state=ON  metric=rpr
2026-10-08T12:11:07Z  OBSERVE  frontend->checkoutservice  rpr=0.0000  low=15 high=0  elapsed_s=23  attempts=3  state=ON  metric=rpr
2026-10-08T12:11:07Z  OBSERVE  frontend->currencyservice  rpr=0.0000  low=16 high=0  elapsed_s=24  attempts=3  state=ON  metric=rpr
2026-10-08T12:11:07Z  OBSERVE  frontend->productcatalogservice  rpr=0.0000  low=16 high=0  elapsed_s=24  attempts=3  state=ON  metric=rpr
2026-10-08T12:11:07Z  OBSERVE  frontend->recommendationservice  rpr=0.0000  low=16 high=0  elapsed_s=24  attempts=3  state=ON  metric=rpr
2026-10-08T12:11:07Z  OBSERVE  frontend->shippingservice  rpr=0.0000  low=16 high=0  elapsed_s=24  attempts=3  state=ON  metric=rpr
2026-10-08T12:11:07Z  OBSERVE  checkoutservice->cartservice  rpr=0.0000  low=15 high=0  elapsed_s=23  attempts=3  state=ON  metric=rpr
2026-10-08T12:11:07Z  OBSERVE  checkoutservice->currencyservice  rpr=0.0000  low=15 high=0  elapsed_s=23  attempts=3  state=ON  metric=rpr
2026-10-08T12:11:07Z  OBSERVE  checkoutservice->emailservice  rpr=0.0000  low=15 high=0  elapsed_s=23  attempts=3  state=ON  metric=rpr
2026-10-08T12:11:07Z  OBSERVE  checkoutservice->paymentservice  rpr=0.0000  low=15 high=0  elapsed_s=23  attempts=3  state=ON  metric=rpr
2026-10-08T12:11:07Z  OBSERVE  checkoutservice->shippingservice  rpr=0.0000  low=15 high=0  elapsed_s=23  attempts=3  state=ON  metric=rpr
2026-10-08T12:11:07Z  OBSERVE  recommendationservice->productcatalogservice  rpr=0.0000  low=16 high=0  elapsed_s=24  attempts=3  state=ON  metric=rpr
2026-10-08T12:11:09Z  OBSERVE  frontend->adservice  rpr=0.0000  low=16 high=0  elapsed_s=25  attempts=3  state=ON  metric=rpr
2026-10-08T12:11:09Z  OBSERVE  frontend->cartservice  rpr=0.0000  low=17 high=0  elapsed_s=26  attempts=3  state=ON  metric=rpr
2026-10-08T12:11:09Z  OBSERVE  frontend->checkoutservice  rpr=0.0000  low=16 high=0  elapsed_s=25  attempts=3  state=ON  metric=rpr
2026-10-08T12:11:09Z  OBSERVE  frontend->currencyservice  rpr=0.0000  low=17 high=0  elapsed_s=26  attempts=3  state=ON  metric=rpr
2026-10-08T12:11:09Z  OBSERVE  frontend->productcatalogservice  rpr=0.0000  low=17 high=0  elapsed_s=26  attempts=3  state=ON  metric=rpr
2026-10-08T12:11:09Z  OBSERVE  frontend->recommendationservice  rpr=0.0000  low=17 high=0  elapsed_s=26  attempts=3  state=ON  metric=rpr
2026-10-08T12:11:09Z  OBSERVE  frontend->shippingservice  rpr=0.0000  low=17 high=0  elapsed_s=26  attempts=3  state=ON  metric=rpr
2026-10-08T12:11:09Z  OBSERVE  checkoutservice->cartservice  rpr=0.0000  low=16 high=0  elapsed_s=25  attempts=3  state=ON  metric=rpr
2026-10-08T12:11:09Z  OBSERVE  checkoutservice->currencyservice  rpr=0.0000  low=16 high=0  elapsed_s=25  attempts=3  state=ON  metric=rpr
2026-10-08T12:11:09Z  OBSERVE  checkoutservice->emailservice  rpr=0.0000  low=16 high=0  elapsed_s=25  attempts=3  state=ON  metric=rpr
2026-10-08T12:11:09Z  OBSERVE  checkoutservice->paymentservice  rpr=0.0000  low=16 high=0  elapsed_s=25  attempts=3  state=ON  metric=rpr
2026-10-08T12:11:09Z  OBSERVE  checkoutservice->shippingservice  rpr=0.0000  low=16 high=0  elapsed_s=25  attempts=3  state=ON  metric=rpr
2026-10-08T12:11:09Z  OBSERVE  recommendationservice->productcatalogservice  rpr=0.0000  low=17 high=0  elapsed_s=26  attempts=3  state=ON  metric=rpr
2026-10-08T12:11:11Z  OBSERVE  frontend->adservice  rpr=0.0000  low=17 high=0  elapsed_s=27  attempts=3  state=ON  metric=rpr
2026-10-08T12:11:11Z  OBSERVE  frontend->cartservice  rpr=0.0000  low=18 high=0  elapsed_s=28  attempts=3  state=ON  metric=rpr
2026-10-08T12:11:11Z  OBSERVE  frontend->checkoutservice  rpr=0.0000  low=17 high=0  elapsed_s=27  attempts=3  state=ON  metric=rpr
2026-10-08T12:11:11Z  OBSERVE  frontend->currencyservice  rpr=0.0000  low=18 high=0  elapsed_s=28  attempts=3  state=ON  metric=rpr
2026-10-08T12:11:11Z  OBSERVE  frontend->productcatalogservice  rpr=0.0000  low=18 high=0  elapsed_s=28  attempts=3  state=ON  metric=rpr
2026-10-08T12:11:11Z  OBSERVE  frontend->recommendationservice  rpr=0.0000  low=18 high=0  elapsed_s=28  attempts=3  state=ON  metric=rpr
2026-10-08T12:11:11Z  OBSERVE  frontend->shippingservice  rpr=0.0000  low=18 high=0  elapsed_s=28  attempts=3  state=ON  metric=rpr
2026-10-08T12:11:11Z  OBSERVE  checkoutservice->cartservice  rpr=0.0000  low=17 high=0  elapsed_s=27  attempts=3  state=ON  metric=rpr
2026-10-08T12:11:11Z  OBSERVE  checkoutservice->currencyservice  rpr=0.0000  low=17 high=0  elapsed_s=27  attempts=3  state=ON  metric=rpr
2026-10-08T12:11:11Z  OBSERVE  checkoutservice->emailservice  rpr=0.0000  low=17 high=0  elapsed_s=27  attempts=3  state=ON  metric=rpr
2026-10-08T12:11:11Z  OBSERVE  checkoutservice->paymentservice  rpr=0.0000  low=17 high=0  elapsed_s=27  attempts=3  state=ON  metric=rpr
2026-10-08T12:11:11Z  OBSERVE  checkoutservice->shippingservice  rpr=0.0000  low=17 high=0  elapsed_s=27  attempts=3  state=ON  metric=rpr
2026-10-08T12:11:11Z  OBSERVE  recommendationservice->productcatalogservice  rpr=0.0000  low=18 high=0  elapsed_s=28  attempts=3  state=ON  metric=rpr
2026-10-08T12:11:13Z  OBSERVE  frontend->adservice  rpr=0.0000  low=18 high=0  elapsed_s=29  attempts=3  state=ON  metric=rpr
2026-10-08T12:11:13Z  OBSERVE  frontend->cartservice  rpr=0.0000  low=19 high=0  elapsed_s=30  attempts=3  state=ON  metric=rpr
2026-10-08T12:11:13Z  OBSERVE  frontend->checkoutservice  rpr=0.0000  low=18 high=0  elapsed_s=29  attempts=3  state=ON  metric=rpr
2026-10-08T12:11:13Z  OBSERVE  frontend->currencyservice  rpr=0.0000  low=19 high=0  elapsed_s=30  attempts=3  state=ON  metric=rpr
2026-10-08T12:11:13Z  OBSERVE  frontend->productcatalogservice  rpr=0.0000  low=19 high=0  elapsed_s=30  attempts=3  state=ON  metric=rpr
2026-10-08T12:11:13Z  OBSERVE  frontend->recommendationservice  rpr=0.0000  low=19 high=0  elapsed_s=30  attempts=3  state=ON  metric=rpr
2026-10-08T12:11:13Z  OBSERVE  frontend->shippingservice  rpr=0.0000  low=19 high=0  elapsed_s=30  attempts=3  state=ON  metric=rpr
2026-10-08T12:11:13Z  OBSERVE  checkoutservice->cartservice  rpr=0.0000  low=18 high=0  elapsed_s=29  attempts=3  state=ON  metric=rpr
2026-10-08T12:11:13Z  OBSERVE  checkoutservice->currencyservice  rpr=0.0000  low=18 high=0  elapsed_s=29  attempts=3  state=ON  metric=rpr
2026-10-08T12:11:13Z  OBSERVE  checkoutservice->emailservice  rpr=0.0000  low=18 high=0  elapsed_s=29  attempts=3  state=ON  metric=rpr
2026-10-08T12:11:13Z  OBSERVE  checkoutservice->paymentservice  rpr=0.0000  low=18 high=0  elapsed_s=29  attempts=3  state=ON  metric=rpr
2026-10-08T12:11:13Z  OBSERVE  checkoutservice->shippingservice  rpr=0.0000  low=18 high=0  elapsed_s=29  attempts=3  state=ON  metric=rpr
2026-10-08T12:11:13Z  OBSERVE  recommendationservice->productcatalogservice  rpr=0.0000  low=19 high=0  elapsed_s=30  attempts=3  state=ON  metric=rpr
2026-10-08T12:11:15Z  OBSERVE  frontend->adservice  rpr=0.0000  low=19 high=0  elapsed_s=31  attempts=3  state=ON  metric=rpr
2026-10-08T12:11:15Z  OBSERVE  frontend->cartservice  rpr=0.0000  low=20 high=0  elapsed_s=32  attempts=3  state=ON  metric=rpr
2026-10-08T12:11:15Z  OBSERVE  frontend->checkoutservice  rpr=0.0000  low=19 high=0  elapsed_s=31  attempts=3  state=ON  metric=rpr
2026-10-08T12:11:15Z  OBSERVE  frontend->currencyservice  rpr=0.0000  low=20 high=0  elapsed_s=32  attempts=3  state=ON  metric=rpr
2026-10-08T12:11:15Z  OBSERVE  frontend->productcatalogservice  rpr=0.0000  low=20 high=0  elapsed_s=32  attempts=3  state=ON  metric=rpr
2026-10-08T12:11:15Z  OBSERVE  frontend->recommendationservice  rpr=0.0000  low=20 high=0  elapsed_s=32  attempts=3  state=ON  metric=rpr
2026-10-08T12:11:15Z  OBSERVE  frontend->shippingservice  rpr=0.0000  low=20 high=0  elapsed_s=32  attempts=3  state=ON  metric=rpr
2026-10-08T12:11:15Z  OBSERVE  checkoutservice->cartservice  rpr=0.0000  low=19 high=0  elapsed_s=31  attempts=3  state=ON  metric=rpr
2026-10-08T12:11:15Z  OBSERVE  checkoutservice->currencyservice  rpr=0.0000  low=19 high=0  elapsed_s=31  attempts=3  state=ON  metric=rpr
2026-10-08T12:11:15Z  OBSERVE  checkoutservice->emailservice  rpr=0.0000  low=19 high=0  elapsed_s=31  attempts=3  state=ON  metric=rpr
2026-10-08T12:11:15Z  OBSERVE  checkoutservice->paymentservice  rpr=0.0000  low=19 high=0  elapsed_s=31  attempts=3  state=ON  metric=rpr
2026-10-08T12:11:15Z  OBSERVE  checkoutservice->shippingservice  rpr=0.0000  low=19 high=0  elapsed_s=31  attempts=3  state=ON  metric=rpr
2026-10-08T12:11:15Z  OBSERVE  recommendationservice->productcatalogservice  rpr=0.0000  low=20 high=0  elapsed_s=32  attempts=3  state=ON  metric=rpr
2026-10-08T12:11:17Z  OBSERVE  frontend->adservice  rpr=0.0000  low=20 high=0  elapsed_s=33  attempts=3  state=ON  metric=rpr
2026-10-08T12:11:17Z  OBSERVE  frontend->cartservice  rpr=0.0000  low=21 high=0  elapsed_s=34  attempts=3  state=ON  metric=rpr
2026-10-08T12:11:17Z  OBSERVE  frontend->checkoutservice  rpr=0.0000  low=20 high=0  elapsed_s=33  attempts=3  state=ON  metric=rpr
2026-10-08T12:11:17Z  OBSERVE  frontend->currencyservice  rpr=0.0000  low=21 high=0  elapsed_s=34  attempts=3  state=ON  metric=rpr
2026-10-08T12:11:17Z  OBSERVE  frontend->productcatalogservice  rpr=0.0000  low=21 high=0  elapsed_s=34  attempts=3  state=ON  metric=rpr
2026-10-08T12:11:17Z  OBSERVE  frontend->recommendationservice  rpr=0.0000  low=21 high=0  elapsed_s=34  attempts=3  state=ON  metric=rpr
2026-10-08T12:11:17Z  OBSERVE  frontend->shippingservice  rpr=0.0000  low=21 high=0  elapsed_s=34  attempts=3  state=ON  metric=rpr
2026-10-08T12:11:17Z  OBSERVE  checkoutservice->cartservice  rpr=0.0000  low=20 high=0  elapsed_s=33  attempts=3  state=ON  metric=rpr
2026-10-08T12:11:17Z  OBSERVE  checkoutservice->currencyservice  rpr=0.0000  low=20 high=0  elapsed_s=33  attempts=3  state=ON  metric=rpr
2026-10-08T12:11:17Z  OBSERVE  checkoutservice->emailservice  rpr=0.0000  low=20 high=0  elapsed_s=33  attempts=3  state=ON  metric=rpr
2026-10-08T12:11:17Z  OBSERVE  checkoutservice->paymentservice  rpr=0.0000  low=20 high=0  elapsed_s=33  attempts=3  state=ON  metric=rpr
2026-10-08T12:11:17Z  OBSERVE  checkoutservice->shippingservice  rpr=0.0000  low=20 high=0  elapsed_s=33  attempts=3  state=ON  metric=rpr
2026-10-08T12:11:17Z  OBSERVE  recommendationservice->productcatalogservice  rpr=0.0000  low=21 high=0  elapsed_s=34  attempts=3  state=ON  metric=rpr
2026-10-08T12:11:19Z  OBSERVE  frontend->adservice  rpr=0.0000  low=21 high=0  elapsed_s=35  attempts=3  state=ON  metric=rpr
2026-10-08T12:11:19Z  OBSERVE  frontend->cartservice  rpr=0.0000  low=22 high=0  elapsed_s=36  attempts=3  state=ON  metric=rpr
2026-10-08T12:11:19Z  OBSERVE  frontend->checkoutservice  rpr=0.0000  low=21 high=0  elapsed_s=35  attempts=3  state=ON  metric=rpr
2026-10-08T12:11:19Z  OBSERVE  frontend->currencyservice  rpr=0.0000  low=22 high=0  elapsed_s=36  attempts=3  state=ON  metric=rpr
2026-10-08T12:11:19Z  OBSERVE  frontend->productcatalogservice  rpr=0.0000  low=22 high=0  elapsed_s=36  attempts=3  state=ON  metric=rpr
2026-10-08T12:11:19Z  OBSERVE  frontend->recommendationservice  rpr=0.0000  low=22 high=0  elapsed_s=36  attempts=3  state=ON  metric=rpr
2026-10-08T12:11:19Z  OBSERVE  frontend->shippingservice  rpr=0.0000  low=22 high=0  elapsed_s=36  attempts=3  state=ON  metric=rpr
2026-10-08T12:11:19Z  OBSERVE  checkoutservice->cartservice  rpr=0.0000  low=21 high=0  elapsed_s=35  attempts=3  state=ON  metric=rpr
2026-10-08T12:11:19Z  OBSERVE  checkoutservice->currencyservice  rpr=0.0000  low=21 high=0  elapsed_s=35  attempts=3  state=ON  metric=rpr
2026-10-08T12:11:19Z  OBSERVE  checkoutservice->emailservice  rpr=0.0000  low=21 high=0  elapsed_s=35  attempts=3  state=ON  metric=rpr
2026-10-08T12:11:19Z  OBSERVE  checkoutservice->paymentservice  rpr=0.0000  low=21 high=0  elapsed_s=35  attempts=3  state=ON  metric=rpr
2026-10-08T12:11:19Z  OBSERVE  checkoutservice->shippingservice  rpr=0.0000  low=21 high=0  elapsed_s=35  attempts=3  state=ON  metric=rpr
2026-10-08T12:11:19Z  OBSERVE  recommendationservice->productcatalogservice  rpr=0.0000  low=22 high=0  elapsed_s=36  attempts=3  state=ON  metric=rpr
2026-10-08T12:11:21Z  OBSERVE  frontend->adservice  rpr=0.0000  low=22 high=0  elapsed_s=37  attempts=3  state=ON  metric=rpr
2026-10-08T12:11:21Z  OBSERVE  frontend->cartservice  rpr=0.0000  low=23 high=0  elapsed_s=38  attempts=3  state=ON  metric=rpr
2026-10-08T12:11:21Z  OBSERVE  frontend->checkoutservice  rpr=0.0000  low=22 high=0  elapsed_s=37  attempts=3  state=ON  metric=rpr
2026-10-08T12:11:21Z  OBSERVE  frontend->currencyservice  rpr=0.0000  low=23 high=0  elapsed_s=38  attempts=3  state=ON  metric=rpr
2026-10-08T12:11:21Z  OBSERVE  frontend->productcatalogservice  rpr=0.0000  low=23 high=0  elapsed_s=38  attempts=3  state=ON  metric=rpr
2026-10-08T12:11:21Z  OBSERVE  frontend->recommendationservice  rpr=0.0000  low=23 high=0  elapsed_s=38  attempts=3  state=ON  metric=rpr
2026-10-08T12:11:21Z  OBSERVE  frontend->shippingservice  rpr=0.0000  low=23 high=0  elapsed_s=38  attempts=3  state=ON  metric=rpr
2026-10-08T12:11:21Z  OBSERVE  checkoutservice->cartservice  rpr=0.0000  low=22 high=0  elapsed_s=37  attempts=3  state=ON  metric=rpr
2026-10-08T12:11:21Z  OBSERVE  checkoutservice->currencyservice  rpr=0.0000  low=22 high=0  elapsed_s=37  attempts=3  state=ON  metric=rpr
2026-10-08T12:11:21Z  OBSERVE  checkoutservice->emailservice  rpr=0.0000  low=22 high=0  elapsed_s=37  attempts=3  state=ON  metric=rpr
2026-10-08T12:11:21Z  OBSERVE  checkoutservice->paymentservice  rpr=0.0000  low=22 high=0  elapsed_s=37  attempts=3  state=ON  metric=rpr
2026-10-08T12:11:21Z  OBSERVE  checkoutservice->shippingservice  rpr=0.0000  low=22 high=0  elapsed_s=37  attempts=3  state=ON  metric=rpr
2026-10-08T12:11:21Z  OBSERVE  recommendationservice->productcatalogservice  rpr=0.0000  low=23 high=0  elapsed_s=38  attempts=3  state=ON  metric=rpr
2026-10-08T12:11:23Z  OBSERVE  frontend->adservice  rpr=0.0000  low=23 high=0  elapsed_s=39  attempts=3  state=ON  metric=rpr
2026-10-08T12:11:23Z  OBSERVE  frontend->cartservice  rpr=0.0000  low=24 high=0  elapsed_s=40  attempts=3  state=ON  metric=rpr
2026-10-08T12:11:23Z  OBSERVE  frontend->checkoutservice  rpr=0.0000  low=23 high=0  elapsed_s=39  attempts=3  state=ON  metric=rpr
2026-10-08T12:11:23Z  OBSERVE  frontend->currencyservice  rpr=0.0000  low=24 high=0  elapsed_s=40  attempts=3  state=ON  metric=rpr
2026-10-08T12:11:23Z  OBSERVE  frontend->productcatalogservice  rpr=0.0000  low=24 high=0  elapsed_s=40  attempts=3  state=ON  metric=rpr
2026-10-08T12:11:23Z  OBSERVE  frontend->recommendationservice  rpr=0.0000  low=24 high=0  elapsed_s=40  attempts=3  state=ON  metric=rpr
2026-10-08T12:11:23Z  OBSERVE  frontend->shippingservice  rpr=0.0000  low=24 high=0  elapsed_s=40  attempts=3  state=ON  metric=rpr
2026-10-08T12:11:23Z  OBSERVE  checkoutservice->cartservice  rpr=0.0000  low=23 high=0  elapsed_s=39  attempts=3  state=ON  metric=rpr
2026-10-08T12:11:23Z  OBSERVE  checkoutservice->currencyservice  rpr=0.0000  low=23 high=0  elapsed_s=39  attempts=3  state=ON  metric=rpr
2026-10-08T12:11:23Z  OBSERVE  checkoutservice->emailservice  rpr=0.0000  low=23 high=0  elapsed_s=39  attempts=3  state=ON  metric=rpr
2026-10-08T12:11:23Z  OBSERVE  checkoutservice->paymentservice  rpr=0.0000  low=23 high=0  elapsed_s=39  attempts=3  state=ON  metric=rpr
2026-10-08T12:11:23Z  OBSERVE  checkoutservice->shippingservice  rpr=0.0000  low=23 high=0  elapsed_s=39  attempts=3  state=ON  metric=rpr
2026-10-08T12:11:23Z  OBSERVE  recommendationservice->productcatalogservice  rpr=0.0000  low=24 high=0  elapsed_s=40  attempts=3  state=ON  metric=rpr
2026-10-08T12:11:25Z  OBSERVE  frontend->adservice  rpr=0.0000  low=24 high=0  elapsed_s=41  attempts=3  state=ON  metric=rpr
2026-10-08T12:11:25Z  OBSERVE  frontend->cartservice  rpr=0.0000  low=25 high=0  elapsed_s=42  attempts=3  state=ON  metric=rpr
2026-10-08T12:11:25Z  OBSERVE  frontend->checkoutservice  rpr=0.0224  low=24 high=0  elapsed_s=41  attempts=3  state=ON  metric=rpr
2026-10-08T12:11:25Z  OBSERVE  frontend->currencyservice  rpr=0.0000  low=25 high=0  elapsed_s=42  attempts=3  state=ON  metric=rpr
2026-10-08T12:11:25Z  OBSERVE  frontend->productcatalogservice  rpr=0.0000  low=25 high=0  elapsed_s=42  attempts=3  state=ON  metric=rpr
2026-10-08T12:11:25Z  OBSERVE  frontend->recommendationservice  rpr=0.0000  low=25 high=0  elapsed_s=42  attempts=3  state=ON  metric=rpr
2026-10-08T12:11:25Z  OBSERVE  frontend->shippingservice  rpr=0.0000  low=25 high=0  elapsed_s=42  attempts=3  state=ON  metric=rpr
2026-10-08T12:11:25Z  OBSERVE  checkoutservice->cartservice  rpr=0.0000  low=24 high=0  elapsed_s=41  attempts=3  state=ON  metric=rpr
2026-10-08T12:11:25Z  OBSERVE  checkoutservice->currencyservice  rpr=0.0000  low=24 high=0  elapsed_s=41  attempts=3  state=ON  metric=rpr
2026-10-08T12:11:25Z  OBSERVE  checkoutservice->emailservice  rpr=0.0000  low=24 high=0  elapsed_s=41  attempts=3  state=ON  metric=rpr
2026-10-08T12:11:25Z  OBSERVE  checkoutservice->paymentservice  rpr=0.0000  low=24 high=0  elapsed_s=41  attempts=3  state=ON  metric=rpr
2026-10-08T12:11:25Z  OBSERVE  checkoutservice->shippingservice  rpr=0.0000  low=24 high=0  elapsed_s=41  attempts=3  state=ON  metric=rpr
2026-10-08T12:11:25Z  OBSERVE  recommendationservice->productcatalogservice  rpr=0.0000  low=25 high=0  elapsed_s=42  attempts=3  state=ON  metric=rpr
2026-10-08T12:11:27Z  OBSERVE  frontend->adservice  rpr=0.0000  low=25 high=0  elapsed_s=43  attempts=3  state=ON  metric=rpr
2026-10-08T12:11:27Z  OBSERVE  frontend->cartservice  rpr=0.0000  low=26 high=0  elapsed_s=44  attempts=3  state=ON  metric=rpr
2026-10-08T12:11:27Z  OBSERVE  frontend->checkoutservice  rpr=0.3250  low=25 high=0  elapsed_s=43  attempts=3  state=ON  metric=rpr
2026-10-08T12:11:27Z  OBSERVE  frontend->currencyservice  rpr=0.0000  low=26 high=0  elapsed_s=44  attempts=3  state=ON  metric=rpr
2026-10-08T12:11:27Z  OBSERVE  frontend->productcatalogservice  rpr=0.0000  low=26 high=0  elapsed_s=44  attempts=3  state=ON  metric=rpr
2026-10-08T12:11:27Z  OBSERVE  frontend->recommendationservice  rpr=0.0444  low=26 high=0  elapsed_s=44  attempts=3  state=ON  metric=rpr
2026-10-08T12:11:27Z  OBSERVE  frontend->shippingservice  rpr=0.0000  low=26 high=0  elapsed_s=44  attempts=3  state=ON  metric=rpr
2026-10-08T12:11:27Z  OBSERVE  checkoutservice->cartservice  rpr=0.0000  low=25 high=0  elapsed_s=43  attempts=3  state=ON  metric=rpr
2026-10-08T12:11:27Z  OBSERVE  checkoutservice->currencyservice  rpr=0.0000  low=25 high=0  elapsed_s=43  attempts=3  state=ON  metric=rpr
2026-10-08T12:11:27Z  OBSERVE  checkoutservice->emailservice  rpr=0.0000  low=25 high=0  elapsed_s=43  attempts=3  state=ON  metric=rpr
2026-10-08T12:11:27Z  OBSERVE  checkoutservice->paymentservice  rpr=0.0000  low=25 high=0  elapsed_s=43  attempts=3  state=ON  metric=rpr
2026-10-08T12:11:27Z  OBSERVE  checkoutservice->shippingservice  rpr=0.0000  low=25 high=0  elapsed_s=43  attempts=3  state=ON  metric=rpr
2026-10-08T12:11:27Z  OBSERVE  recommendationservice->productcatalogservice  rpr=0.0000  low=26 high=0  elapsed_s=44  attempts=3  state=ON  metric=rpr
2026-10-08T12:11:29Z  OBSERVE  frontend->adservice  rpr=0.0000  low=26 high=0  elapsed_s=45  attempts=3  state=ON  metric=rpr
2026-10-08T12:11:29Z  OBSERVE  frontend->cartservice  rpr=0.0000  low=27 high=0  elapsed_s=46  attempts=3  state=ON  metric=rpr
2026-10-08T12:11:29Z  OBSERVE  frontend->checkoutservice  rpr=1.3731  low=0 high=1  elapsed_s=0  attempts=3  state=ON  metric=rpr
2026-10-08T12:11:29Z  OBSERVE  frontend->currencyservice  rpr=0.0000  low=27 high=0  elapsed_s=46  attempts=3  state=ON  metric=rpr
2026-10-08T12:11:29Z  OBSERVE  frontend->productcatalogservice  rpr=0.0000  low=27 high=0  elapsed_s=46  attempts=3  state=ON  metric=rpr
2026-10-08T12:11:29Z  OBSERVE  frontend->recommendationservice  rpr=0.8562  low=0 high=1  elapsed_s=0  attempts=3  state=ON  metric=rpr
2026-10-08T12:11:29Z  OBSERVE  frontend->shippingservice  rpr=0.0000  low=27 high=0  elapsed_s=46  attempts=3  state=ON  metric=rpr
2026-10-08T12:11:29Z  OBSERVE  checkoutservice->cartservice  rpr=0.0000  low=26 high=0  elapsed_s=45  attempts=3  state=ON  metric=rpr
2026-10-08T12:11:29Z  OBSERVE  checkoutservice->currencyservice  rpr=0.0000  low=26 high=0  elapsed_s=45  attempts=3  state=ON  metric=rpr
2026-10-08T12:11:29Z  OBSERVE  checkoutservice->emailservice  rpr=0.0000  low=26 high=0  elapsed_s=45  attempts=3  state=ON  metric=rpr
2026-10-08T12:11:29Z  OBSERVE  checkoutservice->paymentservice  rpr=0.0000  low=26 high=0  elapsed_s=45  attempts=3  state=ON  metric=rpr
2026-10-08T12:11:29Z  OBSERVE  checkoutservice->shippingservice  rpr=0.0000  low=26 high=0  elapsed_s=45  attempts=3  state=ON  metric=rpr
2026-10-08T12:11:29Z  OBSERVE  recommendationservice->productcatalogservice  rpr=0.0000  low=27 high=0  elapsed_s=46  attempts=3  state=ON  metric=rpr
2026-10-08T12:11:31Z  OBSERVE  frontend->adservice  rpr=0.0000  low=27 high=0  elapsed_s=47  attempts=3  state=ON  metric=rpr
2026-10-08T12:11:31Z  OBSERVE  frontend->cartservice  rpr=0.0000  low=28 high=0  elapsed_s=48  attempts=3  state=ON  metric=rpr
2026-10-08T12:11:31Z  OBSERVE  frontend->checkoutservice  rpr=0.4054  low=1 high=0  elapsed_s=0  attempts=3  state=ON  metric=rpr
2026-10-08T12:11:31Z  OBSERVE  frontend->currencyservice  rpr=0.0000  low=28 high=0  elapsed_s=48  attempts=3  state=ON  metric=rpr
2026-10-08T12:11:31Z  OBSERVE  frontend->productcatalogservice  rpr=0.0000  low=28 high=0  elapsed_s=48  attempts=3  state=ON  metric=rpr
2026-10-08T12:11:31Z  OBSERVE  frontend->recommendationservice  rpr=1.9559  low=0 high=2  elapsed_s=2  attempts=3  state=ON  metric=rpr
2026-10-08T12:11:31Z  OBSERVE  frontend->shippingservice  rpr=0.0000  low=28 high=0  elapsed_s=48  attempts=3  state=ON  metric=rpr
2026-10-08T12:11:31Z  OBSERVE  checkoutservice->cartservice  rpr=0.0000  low=27 high=0  elapsed_s=47  attempts=3  state=ON  metric=rpr
2026-10-08T12:11:31Z  OBSERVE  checkoutservice->currencyservice  rpr=0.0000  low=27 high=0  elapsed_s=47  attempts=3  state=ON  metric=rpr
2026-10-08T12:11:31Z  OBSERVE  checkoutservice->emailservice  rpr=0.0000  low=27 high=0  elapsed_s=47  attempts=3  state=ON  metric=rpr
2026-10-08T12:11:31Z  OBSERVE  checkoutservice->paymentservice  rpr=0.0000  low=27 high=0  elapsed_s=47  attempts=3  state=ON  metric=rpr
2026-10-08T12:11:31Z  OBSERVE  checkoutservice->shippingservice  rpr=0.0000  low=27 high=0  elapsed_s=47  attempts=3  state=ON  metric=rpr
2026-10-08T12:11:31Z  OBSERVE  recommendationservice->productcatalogservice  rpr=0.0000  low=28 high=0  elapsed_s=48  attempts=3  state=ON  metric=rpr
2026-10-08T12:11:33Z  OBSERVE  frontend->adservice  rpr=0.0000  low=28 high=0  elapsed_s=49  attempts=3  state=ON  metric=rpr
2026-10-08T12:11:33Z  OBSERVE  frontend->cartservice  rpr=0.0000  low=29 high=0  elapsed_s=50  attempts=3  state=ON  metric=rpr
2026-10-08T12:11:33Z  OBSERVE  frontend->checkoutservice  rpr=0.0000  low=2 high=0  elapsed_s=2  attempts=3  state=ON  metric=rpr
2026-10-08T12:11:33Z  OBSERVE  frontend->currencyservice  rpr=0.0000  low=29 high=0  elapsed_s=50  attempts=3  state=ON  metric=rpr
2026-10-08T12:11:33Z  OBSERVE  frontend->productcatalogservice  rpr=0.0000  low=29 high=0  elapsed_s=50  attempts=3  state=ON  metric=rpr
2026-10-08T12:11:33Z  OBSERVE  frontend->recommendationservice  rpr=1.2075  low=0 high=3  elapsed_s=4  attempts=3  state=ON  metric=rpr
2026-10-08T12:11:33Z  OBSERVE  frontend->shippingservice  rpr=0.0000  low=29 high=0  elapsed_s=50  attempts=3  state=ON  metric=rpr
2026-10-08T12:11:33Z  OBSERVE  checkoutservice->cartservice  rpr=0.0000  low=28 high=0  elapsed_s=49  attempts=3  state=ON  metric=rpr
2026-10-08T12:11:33Z  OBSERVE  checkoutservice->currencyservice  rpr=0.0000  low=28 high=0  elapsed_s=49  attempts=3  state=ON  metric=rpr
2026-10-08T12:11:33Z  OBSERVE  checkoutservice->emailservice  rpr=0.0000  low=28 high=0  elapsed_s=49  attempts=3  state=ON  metric=rpr
2026-10-08T12:11:33Z  OBSERVE  checkoutservice->paymentservice  rpr=0.0000  low=28 high=0  elapsed_s=49  attempts=3  state=ON  metric=rpr
2026-10-08T12:11:33Z  OBSERVE  checkoutservice->shippingservice  rpr=0.0000  low=28 high=0  elapsed_s=49  attempts=3  state=ON  metric=rpr
2026-10-08T12:11:33Z  OBSERVE  recommendationservice->productcatalogservice  rpr=0.0000  low=29 high=0  elapsed_s=50  attempts=3  state=ON  metric=rpr
2026-10-08T12:11:35Z  OBSERVE  frontend->adservice  rpr=0.0000  low=29 high=0  elapsed_s=51  attempts=3  state=ON  metric=rpr
2026-10-08T12:11:35Z  OBSERVE  frontend->cartservice  rpr=0.0000  low=30 high=0  elapsed_s=52  attempts=3  state=ON  metric=rpr
2026-10-08T12:11:35Z  OBSERVE  frontend->checkoutservice  rpr=0.0000  low=3 high=0  elapsed_s=4  attempts=3  state=ON  metric=rpr
2026-10-08T12:11:35Z  OBSERVE  frontend->currencyservice  rpr=0.0000  low=30 high=0  elapsed_s=52  attempts=3  state=ON  metric=rpr
2026-10-08T12:11:35Z  OBSERVE  frontend->productcatalogservice  rpr=0.0000  low=30 high=0  elapsed_s=52  attempts=3  state=ON  metric=rpr
2026-10-08T12:11:35Z  OBSERVE  frontend->recommendationservice  rpr=0.5504  low=0 high=4  elapsed_s=6  attempts=3  state=ON  metric=rpr
2026-10-08T12:11:35Z  OBSERVE  frontend->shippingservice  rpr=0.0000  low=30 high=0  elapsed_s=52  attempts=3  state=ON  metric=rpr
2026-10-08T12:11:35Z  OBSERVE  checkoutservice->cartservice  rpr=0.0000  low=29 high=0  elapsed_s=51  attempts=3  state=ON  metric=rpr
2026-10-08T12:11:35Z  OBSERVE  checkoutservice->currencyservice  rpr=0.0000  low=29 high=0  elapsed_s=51  attempts=3  state=ON  metric=rpr
2026-10-08T12:11:35Z  OBSERVE  checkoutservice->emailservice  rpr=0.0000  low=29 high=0  elapsed_s=51  attempts=3  state=ON  metric=rpr
2026-10-08T12:11:35Z  OBSERVE  checkoutservice->paymentservice  rpr=0.0000  low=29 high=0  elapsed_s=51  attempts=3  state=ON  metric=rpr
2026-10-08T12:11:35Z  OBSERVE  checkoutservice->shippingservice  rpr=0.0000  low=29 high=0  elapsed_s=51  attempts=3  state=ON  metric=rpr
2026-10-08T12:11:35Z  OBSERVE  recommendationservice->productcatalogservice  rpr=0.0000  low=30 high=0  elapsed_s=52  attempts=3  state=ON  metric=rpr
2026-10-08T12:11:37Z  OBSERVE  frontend->adservice  rpr=0.0000  low=30 high=0  elapsed_s=53  attempts=3  state=ON  metric=rpr
2026-10-08T12:11:37Z  OBSERVE  frontend->cartservice  rpr=0.0000  low=31 high=0  elapsed_s=54  attempts=3  state=ON  metric=rpr
2026-10-08T12:11:37Z  OBSERVE  frontend->checkoutservice  rpr=0.0000  low=4 high=0  elapsed_s=6  attempts=3  state=ON  metric=rpr
2026-10-08T12:11:37Z  OBSERVE  frontend->currencyservice  rpr=0.0000  low=31 high=0  elapsed_s=54  attempts=3  state=ON  metric=rpr
2026-10-08T12:11:37Z  OBSERVE  frontend->productcatalogservice  rpr=0.0000  low=31 high=0  elapsed_s=54  attempts=3  state=ON  metric=rpr
2026-10-08T12:11:37Z  OBSERVE  frontend->recommendationservice  rpr=0.4601  low=1 high=0  elapsed_s=0  attempts=3  state=ON  metric=rpr
2026-10-08T12:11:37Z  OBSERVE  frontend->shippingservice  rpr=0.0000  low=31 high=0  elapsed_s=54  attempts=3  state=ON  metric=rpr
2026-10-08T12:11:37Z  OBSERVE  checkoutservice->cartservice  rpr=0.0000  low=30 high=0  elapsed_s=53  attempts=3  state=ON  metric=rpr
2026-10-08T12:11:37Z  OBSERVE  checkoutservice->currencyservice  rpr=0.0000  low=30 high=0  elapsed_s=53  attempts=3  state=ON  metric=rpr
2026-10-08T12:11:37Z  OBSERVE  checkoutservice->emailservice  rpr=0.0000  low=30 high=0  elapsed_s=53  attempts=3  state=ON  metric=rpr
2026-10-08T12:11:37Z  OBSERVE  checkoutservice->paymentservice  rpr=0.0000  low=30 high=0  elapsed_s=53  attempts=3  state=ON  metric=rpr
2026-10-08T12:11:37Z  OBSERVE  checkoutservice->shippingservice  rpr=0.0000  low=30 high=0  elapsed_s=53  attempts=3  state=ON  metric=rpr
2026-10-08T12:11:37Z  OBSERVE  recommendationservice->productcatalogservice  rpr=0.0000  low=31 high=0  elapsed_s=54  attempts=3  state=ON  metric=rpr
2026-10-08T12:11:39Z  OBSERVE  frontend->adservice  rpr=0.0000  low=31 high=0  elapsed_s=55  attempts=3  state=ON  metric=rpr
2026-10-08T12:11:39Z  OBSERVE  frontend->cartservice  rpr=0.0000  low=32 high=0  elapsed_s=56  attempts=3  state=ON  metric=rpr
2026-10-08T12:11:39Z  OBSERVE  frontend->checkoutservice  rpr=0.0000  low=5 high=0  elapsed_s=8  attempts=3  state=ON  metric=rpr
2026-10-08T12:11:39Z  OBSERVE  frontend->currencyservice  rpr=0.0000  low=32 high=0  elapsed_s=56  attempts=3  state=ON  metric=rpr
2026-10-08T12:11:39Z  OBSERVE  frontend->productcatalogservice  rpr=0.0000  low=32 high=0  elapsed_s=56  attempts=3  state=ON  metric=rpr
2026-10-08T12:11:39Z  OBSERVE  frontend->recommendationservice  rpr=0.0000  low=2 high=0  elapsed_s=2  attempts=3  state=ON  metric=rpr
2026-10-08T12:11:39Z  OBSERVE  frontend->shippingservice  rpr=0.0000  low=32 high=0  elapsed_s=56  attempts=3  state=ON  metric=rpr
2026-10-08T12:11:39Z  OBSERVE  checkoutservice->cartservice  rpr=0.0000  low=31 high=0  elapsed_s=55  attempts=3  state=ON  metric=rpr
2026-10-08T12:11:39Z  OBSERVE  checkoutservice->currencyservice  rpr=0.0000  low=31 high=0  elapsed_s=55  attempts=3  state=ON  metric=rpr
2026-10-08T12:11:39Z  OBSERVE  checkoutservice->emailservice  rpr=0.0000  low=31 high=0  elapsed_s=55  attempts=3  state=ON  metric=rpr
2026-10-08T12:11:39Z  OBSERVE  checkoutservice->paymentservice  rpr=0.0000  low=31 high=0  elapsed_s=55  attempts=3  state=ON  metric=rpr
2026-10-08T12:11:39Z  OBSERVE  checkoutservice->shippingservice  rpr=0.0000  low=31 high=0  elapsed_s=55  attempts=3  state=ON  metric=rpr
2026-10-08T12:11:39Z  OBSERVE  recommendationservice->productcatalogservice  rpr=0.0000  low=32 high=0  elapsed_s=56  attempts=3  state=ON  metric=rpr
2026-10-08T12:11:41Z  OBSERVE  frontend->adservice  rpr=0.0000  low=32 high=0  elapsed_s=57  attempts=3  state=ON  metric=rpr
2026-10-08T12:11:41Z  OBSERVE  frontend->cartservice  rpr=0.0000  low=33 high=0  elapsed_s=58  attempts=3  state=ON  metric=rpr
2026-10-08T12:11:41Z  OBSERVE  frontend->checkoutservice  rpr=0.0000  low=6 high=0  elapsed_s=10  attempts=3  state=ON  metric=rpr
2026-10-08T12:11:41Z  OBSERVE  frontend->currencyservice  rpr=0.0000  low=33 high=0  elapsed_s=58  attempts=3  state=ON  metric=rpr
2026-10-08T12:11:41Z  OBSERVE  frontend->productcatalogservice  rpr=0.0000  low=33 high=0  elapsed_s=58  attempts=3  state=ON  metric=rpr
2026-10-08T12:11:41Z  OBSERVE  frontend->recommendationservice  rpr=0.0000  low=3 high=0  elapsed_s=4  attempts=3  state=ON  metric=rpr
2026-10-08T12:11:41Z  OBSERVE  frontend->shippingservice  rpr=0.0000  low=33 high=0  elapsed_s=58  attempts=3  state=ON  metric=rpr
2026-10-08T12:11:41Z  OBSERVE  checkoutservice->cartservice  rpr=0.0000  low=32 high=0  elapsed_s=57  attempts=3  state=ON  metric=rpr
2026-10-08T12:11:41Z  OBSERVE  checkoutservice->currencyservice  rpr=0.0000  low=32 high=0  elapsed_s=57  attempts=3  state=ON  metric=rpr
2026-10-08T12:11:41Z  OBSERVE  checkoutservice->emailservice  rpr=0.0000  low=32 high=0  elapsed_s=57  attempts=3  state=ON  metric=rpr
2026-10-08T12:11:41Z  OBSERVE  checkoutservice->paymentservice  rpr=0.0000  low=32 high=0  elapsed_s=57  attempts=3  state=ON  metric=rpr
2026-10-08T12:11:41Z  OBSERVE  checkoutservice->shippingservice  rpr=0.0000  low=32 high=0  elapsed_s=57  attempts=3  state=ON  metric=rpr
2026-10-08T12:11:41Z  OBSERVE  recommendationservice->productcatalogservice  rpr=0.0000  low=33 high=0  elapsed_s=58  attempts=3  state=ON  metric=rpr
2026-10-08T12:11:43Z  OBSERVE  frontend->adservice  rpr=0.0000  low=33 high=0  elapsed_s=59  attempts=3  state=ON  metric=rpr
2026-10-08T12:11:43Z  OBSERVE  frontend->cartservice  rpr=0.0000  low=34 high=0  elapsed_s=60  attempts=3  state=ON  metric=rpr
2026-10-08T12:11:43Z  OBSERVE  frontend->checkoutservice  rpr=0.0000  low=7 high=0  elapsed_s=12  attempts=3  state=ON  metric=rpr
2026-10-08T12:11:43Z  OBSERVE  frontend->currencyservice  rpr=0.0000  low=34 high=0  elapsed_s=60  attempts=3  state=ON  metric=rpr
2026-10-08T12:11:43Z  OBSERVE  frontend->productcatalogservice  rpr=0.0000  low=34 high=0  elapsed_s=60  attempts=3  state=ON  metric=rpr
2026-10-08T12:11:43Z  OBSERVE  frontend->recommendationservice  rpr=0.0000  low=4 high=0  elapsed_s=6  attempts=3  state=ON  metric=rpr
2026-10-08T12:11:43Z  OBSERVE  frontend->shippingservice  rpr=0.0000  low=34 high=0  elapsed_s=60  attempts=3  state=ON  metric=rpr
2026-10-08T12:11:43Z  OBSERVE  checkoutservice->cartservice  rpr=0.0000  low=33 high=0  elapsed_s=59  attempts=3  state=ON  metric=rpr
2026-10-08T12:11:43Z  OBSERVE  checkoutservice->currencyservice  rpr=0.0000  low=33 high=0  elapsed_s=59  attempts=3  state=ON  metric=rpr
2026-10-08T12:11:43Z  OBSERVE  checkoutservice->emailservice  rpr=0.0000  low=33 high=0  elapsed_s=59  attempts=3  state=ON  metric=rpr
2026-10-08T12:11:43Z  OBSERVE  checkoutservice->paymentservice  rpr=0.0000  low=33 high=0  elapsed_s=59  attempts=3  state=ON  metric=rpr
2026-10-08T12:11:43Z  OBSERVE  checkoutservice->shippingservice  rpr=0.0000  low=33 high=0  elapsed_s=59  attempts=3  state=ON  metric=rpr
2026-10-08T12:11:43Z  OBSERVE  recommendationservice->productcatalogservice  rpr=0.0000  low=34 high=0  elapsed_s=60  attempts=3  state=ON  metric=rpr
2026-10-08T12:11:45Z  OBSERVE  frontend->adservice  rpr=0.0000  low=34 high=0  elapsed_s=61  attempts=3  state=ON  metric=rpr
2026-10-08T12:11:45Z  OBSERVE  frontend->cartservice  rpr=0.0000  low=35 high=0  elapsed_s=62  attempts=3  state=ON  metric=rpr
2026-10-08T12:11:45Z  OBSERVE  frontend->checkoutservice  rpr=0.0000  low=8 high=0  elapsed_s=14  attempts=3  state=ON  metric=rpr
2026-10-08T12:11:45Z  OBSERVE  frontend->currencyservice  rpr=0.0000  low=35 high=0  elapsed_s=62  attempts=3  state=ON  metric=rpr
2026-10-08T12:11:45Z  OBSERVE  frontend->productcatalogservice  rpr=0.0000  low=35 high=0  elapsed_s=62  attempts=3  state=ON  metric=rpr
2026-10-08T12:11:45Z  OBSERVE  frontend->recommendationservice  rpr=0.0000  low=5 high=0  elapsed_s=8  attempts=3  state=ON  metric=rpr
2026-10-08T12:11:45Z  OBSERVE  frontend->shippingservice  rpr=0.0000  low=35 high=0  elapsed_s=62  attempts=3  state=ON  metric=rpr
2026-10-08T12:11:45Z  OBSERVE  checkoutservice->cartservice  rpr=0.0000  low=34 high=0  elapsed_s=61  attempts=3  state=ON  metric=rpr
2026-10-08T12:11:45Z  OBSERVE  checkoutservice->currencyservice  rpr=0.0000  low=34 high=0  elapsed_s=61  attempts=3  state=ON  metric=rpr
2026-10-08T12:11:45Z  OBSERVE  checkoutservice->emailservice  rpr=0.0000  low=34 high=0  elapsed_s=61  attempts=3  state=ON  metric=rpr
2026-10-08T12:11:45Z  OBSERVE  checkoutservice->paymentservice  rpr=0.0000  low=34 high=0  elapsed_s=61  attempts=3  state=ON  metric=rpr
2026-10-08T12:11:45Z  OBSERVE  checkoutservice->shippingservice  rpr=0.0000  low=34 high=0  elapsed_s=61  attempts=3  state=ON  metric=rpr
2026-10-08T12:11:45Z  OBSERVE  recommendationservice->productcatalogservice  rpr=0.0000  low=35 high=0  elapsed_s=62  attempts=3  state=ON  metric=rpr
2026-10-08T12:11:47Z  OBSERVE  frontend->adservice  rpr=0.0000  low=35 high=0  elapsed_s=63  attempts=3  state=ON  metric=rpr
2026-10-08T12:11:47Z  OBSERVE  frontend->cartservice  rpr=0.0000  low=36 high=0  elapsed_s=64  attempts=3  state=ON  metric=rpr
2026-10-08T12:11:47Z  OBSERVE  frontend->checkoutservice  rpr=0.0000  low=9 high=0  elapsed_s=16  attempts=3  state=ON  metric=rpr
2026-10-08T12:11:47Z  OBSERVE  frontend->currencyservice  rpr=0.0000  low=36 high=0  elapsed_s=64  attempts=3  state=ON  metric=rpr
2026-10-08T12:11:47Z  OBSERVE  frontend->productcatalogservice  rpr=0.0000  low=36 high=0  elapsed_s=64  attempts=3  state=ON  metric=rpr
2026-10-08T12:11:47Z  OBSERVE  frontend->recommendationservice  rpr=0.0000  low=6 high=0  elapsed_s=10  attempts=3  state=ON  metric=rpr
2026-10-08T12:11:47Z  OBSERVE  frontend->shippingservice  rpr=0.0000  low=36 high=0  elapsed_s=64  attempts=3  state=ON  metric=rpr
2026-10-08T12:11:47Z  OBSERVE  checkoutservice->cartservice  rpr=0.0000  low=35 high=0  elapsed_s=63  attempts=3  state=ON  metric=rpr
2026-10-08T12:11:47Z  OBSERVE  checkoutservice->currencyservice  rpr=0.0000  low=35 high=0  elapsed_s=63  attempts=3  state=ON  metric=rpr
2026-10-08T12:11:47Z  OBSERVE  checkoutservice->emailservice  rpr=0.0000  low=35 high=0  elapsed_s=63  attempts=3  state=ON  metric=rpr
2026-10-08T12:11:47Z  OBSERVE  checkoutservice->paymentservice  rpr=0.0000  low=35 high=0  elapsed_s=63  attempts=3  state=ON  metric=rpr
2026-10-08T12:11:47Z  OBSERVE  checkoutservice->shippingservice  rpr=0.0000  low=35 high=0  elapsed_s=63  attempts=3  state=ON  metric=rpr
2026-10-08T12:11:47Z  OBSERVE  recommendationservice->productcatalogservice  rpr=0.0000  low=36 high=0  elapsed_s=64  attempts=3  state=ON  metric=rpr
2026-10-08T12:11:49Z  OBSERVE  frontend->adservice  rpr=0.0000  low=36 high=0  elapsed_s=65  attempts=3  state=ON  metric=rpr
2026-10-08T12:11:49Z  OBSERVE  frontend->cartservice  rpr=0.0000  low=37 high=0  elapsed_s=66  attempts=3  state=ON  metric=rpr
2026-10-08T12:11:49Z  OBSERVE  frontend->checkoutservice  rpr=0.0000  low=10 high=0  elapsed_s=18  attempts=3  state=ON  metric=rpr
2026-10-08T12:11:49Z  OBSERVE  frontend->currencyservice  rpr=0.0000  low=37 high=0  elapsed_s=66  attempts=3  state=ON  metric=rpr
2026-10-08T12:11:49Z  OBSERVE  frontend->productcatalogservice  rpr=0.0000  low=37 high=0  elapsed_s=66  attempts=3  state=ON  metric=rpr
2026-10-08T12:11:49Z  OBSERVE  frontend->recommendationservice  rpr=0.0000  low=7 high=0  elapsed_s=12  attempts=3  state=ON  metric=rpr
2026-10-08T12:11:49Z  OBSERVE  frontend->shippingservice  rpr=0.0000  low=37 high=0  elapsed_s=66  attempts=3  state=ON  metric=rpr
2026-10-08T12:11:49Z  OBSERVE  checkoutservice->cartservice  rpr=0.0000  low=36 high=0  elapsed_s=65  attempts=3  state=ON  metric=rpr
2026-10-08T12:11:49Z  OBSERVE  checkoutservice->currencyservice  rpr=0.0000  low=36 high=0  elapsed_s=65  attempts=3  state=ON  metric=rpr
2026-10-08T12:11:49Z  OBSERVE  checkoutservice->emailservice  rpr=0.0000  low=36 high=0  elapsed_s=65  attempts=3  state=ON  metric=rpr
2026-10-08T12:11:49Z  OBSERVE  checkoutservice->paymentservice  rpr=0.0000  low=36 high=0  elapsed_s=65  attempts=3  state=ON  metric=rpr
2026-10-08T12:11:49Z  OBSERVE  checkoutservice->shippingservice  rpr=0.0000  low=36 high=0  elapsed_s=65  attempts=3  state=ON  metric=rpr
2026-10-08T12:11:49Z  OBSERVE  recommendationservice->productcatalogservice  rpr=0.0000  low=37 high=0  elapsed_s=66  attempts=3  state=ON  metric=rpr
2026-10-08T12:11:51Z  OBSERVE  frontend->adservice  rpr=0.0000  low=37 high=0  elapsed_s=67  attempts=3  state=ON  metric=rpr
2026-10-08T12:11:51Z  OBSERVE  frontend->cartservice  rpr=0.0000  low=38 high=0  elapsed_s=68  attempts=3  state=ON  metric=rpr
2026-10-08T12:11:51Z  OBSERVE  frontend->checkoutservice  rpr=0.0000  low=11 high=0  elapsed_s=20  attempts=3  state=ON  metric=rpr
2026-10-08T12:11:51Z  OBSERVE  frontend->currencyservice  rpr=0.0000  low=38 high=0  elapsed_s=68  attempts=3  state=ON  metric=rpr
2026-10-08T12:11:51Z  OBSERVE  frontend->productcatalogservice  rpr=0.0000  low=38 high=0  elapsed_s=68  attempts=3  state=ON  metric=rpr
2026-10-08T12:11:51Z  OBSERVE  frontend->recommendationservice  rpr=0.7005  low=0 high=1  elapsed_s=0  attempts=3  state=ON  metric=rpr
2026-10-08T12:11:51Z  OBSERVE  frontend->shippingservice  rpr=0.0000  low=38 high=0  elapsed_s=68  attempts=3  state=ON  metric=rpr
2026-10-08T12:11:51Z  OBSERVE  checkoutservice->cartservice  rpr=0.0000  low=37 high=0  elapsed_s=67  attempts=3  state=ON  metric=rpr
2026-10-08T12:11:51Z  OBSERVE  checkoutservice->currencyservice  rpr=0.0000  low=37 high=0  elapsed_s=67  attempts=3  state=ON  metric=rpr
2026-10-08T12:11:51Z  OBSERVE  checkoutservice->emailservice  rpr=0.0000  low=37 high=0  elapsed_s=67  attempts=3  state=ON  metric=rpr
2026-10-08T12:11:51Z  OBSERVE  checkoutservice->paymentservice  rpr=0.0000  low=37 high=0  elapsed_s=67  attempts=3  state=ON  metric=rpr
2026-10-08T12:11:51Z  OBSERVE  checkoutservice->shippingservice  rpr=0.0000  low=37 high=0  elapsed_s=67  attempts=3  state=ON  metric=rpr
2026-10-08T12:11:51Z  OBSERVE  recommendationservice->productcatalogservice  rpr=0.0000  low=38 high=0  elapsed_s=68  attempts=3  state=ON  metric=rpr
2026-10-08T12:11:53Z  OBSERVE  frontend->adservice  rpr=0.0000  low=38 high=0  elapsed_s=69  attempts=3  state=ON  metric=rpr
2026-10-08T12:11:53Z  OBSERVE  frontend->cartservice  rpr=0.0000  low=39 high=0  elapsed_s=70  attempts=3  state=ON  metric=rpr
2026-10-08T12:11:53Z  OBSERVE  frontend->checkoutservice  rpr=0.0000  low=12 high=0  elapsed_s=22  attempts=3  state=ON  metric=rpr
2026-10-08T12:11:53Z  OBSERVE  frontend->currencyservice  rpr=0.0000  low=39 high=0  elapsed_s=70  attempts=3  state=ON  metric=rpr
2026-10-08T12:11:53Z  OBSERVE  frontend->productcatalogservice  rpr=0.0000  low=39 high=0  elapsed_s=70  attempts=3  state=ON  metric=rpr
2026-10-08T12:11:53Z  OBSERVE  frontend->recommendationservice  rpr=1.3669  low=0 high=2  elapsed_s=2  attempts=3  state=ON  metric=rpr
2026-10-08T12:11:53Z  OBSERVE  frontend->shippingservice  rpr=0.0000  low=39 high=0  elapsed_s=70  attempts=3  state=ON  metric=rpr
2026-10-08T12:11:53Z  OBSERVE  checkoutservice->cartservice  rpr=0.0000  low=38 high=0  elapsed_s=69  attempts=3  state=ON  metric=rpr
2026-10-08T12:11:53Z  OBSERVE  checkoutservice->currencyservice  rpr=0.0000  low=38 high=0  elapsed_s=69  attempts=3  state=ON  metric=rpr
2026-10-08T12:11:53Z  OBSERVE  checkoutservice->emailservice  rpr=0.0000  low=38 high=0  elapsed_s=69  attempts=3  state=ON  metric=rpr
2026-10-08T12:11:53Z  OBSERVE  checkoutservice->paymentservice  rpr=0.0000  low=38 high=0  elapsed_s=69  attempts=3  state=ON  metric=rpr
2026-10-08T12:11:53Z  OBSERVE  checkoutservice->shippingservice  rpr=0.0000  low=38 high=0  elapsed_s=69  attempts=3  state=ON  metric=rpr
2026-10-08T12:11:53Z  OBSERVE  recommendationservice->productcatalogservice  rpr=0.0000  low=39 high=0  elapsed_s=70  attempts=3  state=ON  metric=rpr
2026-10-08T12:11:55Z  OBSERVE  frontend->adservice  rpr=0.0000  low=39 high=0  elapsed_s=71  attempts=3  state=ON  metric=rpr
2026-10-08T12:11:55Z  OBSERVE  frontend->cartservice  rpr=0.0000  low=40 high=0  elapsed_s=72  attempts=3  state=ON  metric=rpr
2026-10-08T12:11:55Z  OBSERVE  frontend->checkoutservice  rpr=0.0000  low=13 high=0  elapsed_s=24  attempts=3  state=ON  metric=rpr
2026-10-08T12:11:55Z  OBSERVE  frontend->currencyservice  rpr=0.0000  low=40 high=0  elapsed_s=72  attempts=3  state=ON  metric=rpr
2026-10-08T12:11:55Z  OBSERVE  frontend->productcatalogservice  rpr=0.0000  low=40 high=0  elapsed_s=72  attempts=3  state=ON  metric=rpr
2026-10-08T12:11:55Z  OBSERVE  frontend->recommendationservice  rpr=1.1184  low=0 high=3  elapsed_s=4  attempts=3  state=ON  metric=rpr
2026-10-08T12:11:55Z  OBSERVE  frontend->shippingservice  rpr=0.0000  low=40 high=0  elapsed_s=72  attempts=3  state=ON  metric=rpr
2026-10-08T12:11:55Z  OBSERVE  checkoutservice->cartservice  rpr=0.0000  low=39 high=0  elapsed_s=71  attempts=3  state=ON  metric=rpr
2026-10-08T12:11:55Z  OBSERVE  checkoutservice->currencyservice  rpr=0.0000  low=39 high=0  elapsed_s=71  attempts=3  state=ON  metric=rpr
2026-10-08T12:11:55Z  OBSERVE  checkoutservice->emailservice  rpr=0.0000  low=39 high=0  elapsed_s=71  attempts=3  state=ON  metric=rpr
2026-10-08T12:11:55Z  OBSERVE  checkoutservice->paymentservice  rpr=0.0000  low=39 high=0  elapsed_s=71  attempts=3  state=ON  metric=rpr
2026-10-08T12:11:55Z  OBSERVE  checkoutservice->shippingservice  rpr=0.0000  low=39 high=0  elapsed_s=71  attempts=3  state=ON  metric=rpr
2026-10-08T12:11:55Z  OBSERVE  recommendationservice->productcatalogservice  rpr=0.0000  low=40 high=0  elapsed_s=72  attempts=3  state=ON  metric=rpr
2026-10-08T12:11:57Z  OBSERVE  frontend->adservice  rpr=0.0000  low=40 high=0  elapsed_s=73  attempts=3  state=ON  metric=rpr
2026-10-08T12:11:57Z  OBSERVE  frontend->cartservice  rpr=0.0000  low=41 high=0  elapsed_s=74  attempts=3  state=ON  metric=rpr
2026-10-08T12:11:57Z  OBSERVE  frontend->checkoutservice  rpr=0.0000  low=14 high=0  elapsed_s=26  attempts=3  state=ON  metric=rpr
2026-10-08T12:11:57Z  OBSERVE  frontend->currencyservice  rpr=0.0000  low=41 high=0  elapsed_s=74  attempts=3  state=ON  metric=rpr
2026-10-08T12:11:57Z  OBSERVE  frontend->productcatalogservice  rpr=0.0000  low=41 high=0  elapsed_s=74  attempts=3  state=ON  metric=rpr
2026-10-08T12:11:57Z  OBSERVE  frontend->recommendationservice  rpr=1.4596  low=0 high=4  elapsed_s=6  attempts=3  state=ON  metric=rpr
2026-10-08T12:11:57Z  OBSERVE  frontend->shippingservice  rpr=0.0000  low=41 high=0  elapsed_s=74  attempts=3  state=ON  metric=rpr
2026-10-08T12:11:57Z  OBSERVE  checkoutservice->cartservice  rpr=0.0000  low=40 high=0  elapsed_s=73  attempts=3  state=ON  metric=rpr
2026-10-08T12:11:57Z  OBSERVE  checkoutservice->currencyservice  rpr=0.0000  low=40 high=0  elapsed_s=73  attempts=3  state=ON  metric=rpr
2026-10-08T12:11:57Z  OBSERVE  checkoutservice->emailservice  rpr=0.0000  low=40 high=0  elapsed_s=73  attempts=3  state=ON  metric=rpr
2026-10-08T12:11:57Z  OBSERVE  checkoutservice->paymentservice  rpr=0.0000  low=40 high=0  elapsed_s=73  attempts=3  state=ON  metric=rpr
2026-10-08T12:11:57Z  OBSERVE  checkoutservice->shippingservice  rpr=0.0000  low=40 high=0  elapsed_s=73  attempts=3  state=ON  metric=rpr
2026-10-08T12:11:57Z  OBSERVE  recommendationservice->productcatalogservice  rpr=0.0000  low=41 high=0  elapsed_s=74  attempts=3  state=ON  metric=rpr
2026-10-08T12:11:59Z  OBSERVE  frontend->adservice  rpr=0.0000  low=41 high=0  elapsed_s=75  attempts=3  state=ON  metric=rpr
2026-10-08T12:11:59Z  OBSERVE  frontend->cartservice  rpr=0.0000  low=42 high=0  elapsed_s=76  attempts=3  state=ON  metric=rpr
2026-10-08T12:11:59Z  OBSERVE  frontend->checkoutservice  rpr=0.0000  low=15 high=0  elapsed_s=28  attempts=3  state=ON  metric=rpr
2026-10-08T12:11:59Z  OBSERVE  frontend->currencyservice  rpr=0.0000  low=42 high=0  elapsed_s=76  attempts=3  state=ON  metric=rpr
2026-10-08T12:11:59Z  OBSERVE  frontend->productcatalogservice  rpr=0.0000  low=42 high=0  elapsed_s=76  attempts=3  state=ON  metric=rpr
2026-10-08T12:11:59Z  OBSERVE  frontend->recommendationservice  rpr=1.2199  low=0 high=5  elapsed_s=8  attempts=3  state=ON  metric=rpr
2026-10-08T12:11:59Z  OBSERVE  frontend->shippingservice  rpr=0.0000  low=42 high=0  elapsed_s=76  attempts=3  state=ON  metric=rpr
2026-10-08T12:11:59Z  OBSERVE  checkoutservice->cartservice  rpr=0.0000  low=41 high=0  elapsed_s=75  attempts=3  state=ON  metric=rpr
2026-10-08T12:11:59Z  OBSERVE  checkoutservice->currencyservice  rpr=0.0000  low=41 high=0  elapsed_s=75  attempts=3  state=ON  metric=rpr
2026-10-08T12:11:59Z  OBSERVE  checkoutservice->emailservice  rpr=0.0000  low=41 high=0  elapsed_s=75  attempts=3  state=ON  metric=rpr
2026-10-08T12:11:59Z  OBSERVE  checkoutservice->paymentservice  rpr=0.0000  low=41 high=0  elapsed_s=75  attempts=3  state=ON  metric=rpr
2026-10-08T12:11:59Z  OBSERVE  checkoutservice->shippingservice  rpr=0.0000  low=41 high=0  elapsed_s=75  attempts=3  state=ON  metric=rpr
2026-10-08T12:11:59Z  OBSERVE  recommendationservice->productcatalogservice  rpr=0.0000  low=42 high=0  elapsed_s=76  attempts=3  state=ON  metric=rpr
2026-10-08T12:12:01Z  OBSERVE  frontend->adservice  rpr=0.0000  low=42 high=0  elapsed_s=77  attempts=3  state=ON  metric=rpr
2026-10-08T12:12:01Z  OBSERVE  frontend->cartservice  rpr=0.0000  low=43 high=0  elapsed_s=78  attempts=3  state=ON  metric=rpr
2026-10-08T12:12:01Z  OBSERVE  frontend->checkoutservice  rpr=0.0000  low=16 high=0  elapsed_s=30  attempts=3  state=ON  metric=rpr
2026-10-08T12:12:01Z  OBSERVE  frontend->currencyservice  rpr=0.0000  low=43 high=0  elapsed_s=78  attempts=3  state=ON  metric=rpr
2026-10-08T12:12:01Z  OBSERVE  frontend->productcatalogservice  rpr=0.0000  low=43 high=0  elapsed_s=78  attempts=3  state=ON  metric=rpr
2026-10-08T12:12:01Z  OBSERVE  frontend->recommendationservice  rpr=1.2636  low=0 high=6  elapsed_s=10  attempts=3  state=ON  metric=rpr
2026-10-08T12:12:01Z  OBSERVE  frontend->shippingservice  rpr=0.0000  low=43 high=0  elapsed_s=78  attempts=3  state=ON  metric=rpr
2026-10-08T12:12:01Z  OBSERVE  checkoutservice->cartservice  rpr=0.0000  low=42 high=0  elapsed_s=77  attempts=3  state=ON  metric=rpr
2026-10-08T12:12:01Z  OBSERVE  checkoutservice->currencyservice  rpr=0.0000  low=42 high=0  elapsed_s=77  attempts=3  state=ON  metric=rpr
2026-10-08T12:12:01Z  OBSERVE  checkoutservice->emailservice  rpr=0.0000  low=42 high=0  elapsed_s=77  attempts=3  state=ON  metric=rpr
2026-10-08T12:12:01Z  OBSERVE  checkoutservice->paymentservice  rpr=0.0000  low=42 high=0  elapsed_s=77  attempts=3  state=ON  metric=rpr
2026-10-08T12:12:01Z  OBSERVE  checkoutservice->shippingservice  rpr=0.0000  low=42 high=0  elapsed_s=77  attempts=3  state=ON  metric=rpr
2026-10-08T12:12:01Z  OBSERVE  recommendationservice->productcatalogservice  rpr=0.0000  low=43 high=0  elapsed_s=78  attempts=3  state=ON  metric=rpr
2026-10-08T12:12:03Z  OBSERVE  frontend->adservice  rpr=0.0000  low=43 high=0  elapsed_s=79  attempts=3  state=ON  metric=rpr
2026-10-08T12:12:03Z  OBSERVE  frontend->cartservice  rpr=0.0000  low=44 high=0  elapsed_s=80  attempts=3  state=ON  metric=rpr
2026-10-08T12:12:03Z  OBSERVE  frontend->checkoutservice  rpr=0.0000  low=17 high=0  elapsed_s=32  attempts=3  state=ON  metric=rpr
2026-10-08T12:12:03Z  OBSERVE  frontend->currencyservice  rpr=0.0000  low=44 high=0  elapsed_s=80  attempts=3  state=ON  metric=rpr
2026-10-08T12:12:03Z  OBSERVE  frontend->productcatalogservice  rpr=0.0000  low=44 high=0  elapsed_s=80  attempts=3  state=ON  metric=rpr
2026-10-08T12:12:03Z  OBSERVE  frontend->recommendationservice  rpr=1.2702  low=0 high=7  elapsed_s=12  attempts=3  state=ON  metric=rpr
2026-10-08T12:12:03Z  OBSERVE  frontend->shippingservice  rpr=0.0000  low=44 high=0  elapsed_s=80  attempts=3  state=ON  metric=rpr
2026-10-08T12:12:03Z  OBSERVE  checkoutservice->cartservice  rpr=0.0000  low=43 high=0  elapsed_s=79  attempts=3  state=ON  metric=rpr
2026-10-08T12:12:03Z  OBSERVE  checkoutservice->currencyservice  rpr=0.0000  low=43 high=0  elapsed_s=79  attempts=3  state=ON  metric=rpr
2026-10-08T12:12:03Z  OBSERVE  checkoutservice->emailservice  rpr=0.0000  low=43 high=0  elapsed_s=79  attempts=3  state=ON  metric=rpr
2026-10-08T12:12:03Z  OBSERVE  checkoutservice->paymentservice  rpr=0.0000  low=43 high=0  elapsed_s=79  attempts=3  state=ON  metric=rpr
2026-10-08T12:12:03Z  OBSERVE  checkoutservice->shippingservice  rpr=0.0000  low=43 high=0  elapsed_s=79  attempts=3  state=ON  metric=rpr
2026-10-08T12:12:03Z  OBSERVE  recommendationservice->productcatalogservice  rpr=0.0000  low=44 high=0  elapsed_s=80  attempts=3  state=ON  metric=rpr
2026-10-08T12:12:06Z  OBSERVE  frontend->adservice  rpr=0.0000  low=44 high=0  elapsed_s=81  attempts=3  state=ON  metric=rpr
2026-10-08T12:12:06Z  OBSERVE  frontend->cartservice  rpr=0.0000  low=45 high=0  elapsed_s=82  attempts=3  state=ON  metric=rpr
2026-10-08T12:12:06Z  OBSERVE  frontend->checkoutservice  rpr=0.0000  low=18 high=0  elapsed_s=34  attempts=3  state=ON  metric=rpr
2026-10-08T12:12:06Z  OBSERVE  frontend->currencyservice  rpr=0.0000  low=45 high=0  elapsed_s=82  attempts=3  state=ON  metric=rpr
2026-10-08T12:12:06Z  OBSERVE  frontend->productcatalogservice  rpr=0.0000  low=45 high=0  elapsed_s=82  attempts=3  state=ON  metric=rpr
2026-10-08T12:12:06Z  OBSERVE  frontend->recommendationservice  rpr=0.9421  low=0 high=8  elapsed_s=14  attempts=3  state=ON  metric=rpr
2026-10-08T12:12:06Z  OBSERVE  frontend->shippingservice  rpr=0.0000  low=45 high=0  elapsed_s=82  attempts=3  state=ON  metric=rpr
2026-10-08T12:12:06Z  OBSERVE  checkoutservice->cartservice  rpr=0.0000  low=44 high=0  elapsed_s=81  attempts=3  state=ON  metric=rpr
2026-10-08T12:12:06Z  OBSERVE  checkoutservice->currencyservice  rpr=0.0000  low=44 high=0  elapsed_s=81  attempts=3  state=ON  metric=rpr
2026-10-08T12:12:06Z  OBSERVE  checkoutservice->emailservice  rpr=0.0000  low=44 high=0  elapsed_s=81  attempts=3  state=ON  metric=rpr
2026-10-08T12:12:06Z  OBSERVE  checkoutservice->paymentservice  rpr=0.0000  low=44 high=0  elapsed_s=81  attempts=3  state=ON  metric=rpr
2026-10-08T12:12:06Z  OBSERVE  checkoutservice->shippingservice  rpr=0.0000  low=44 high=0  elapsed_s=81  attempts=3  state=ON  metric=rpr
2026-10-08T12:12:06Z  OBSERVE  recommendationservice->productcatalogservice  rpr=0.0000  low=45 high=0  elapsed_s=82  attempts=3  state=ON  metric=rpr
2026-10-08T12:12:08Z  OBSERVE  frontend->adservice  rpr=0.0000  low=45 high=0  elapsed_s=83  attempts=3  state=ON  metric=rpr
2026-10-08T12:12:08Z  OBSERVE  frontend->cartservice  rpr=0.0000  low=46 high=0  elapsed_s=84  attempts=3  state=ON  metric=rpr
2026-10-08T12:12:08Z  OBSERVE  frontend->checkoutservice  rpr=0.0000  low=19 high=0  elapsed_s=36  attempts=3  state=ON  metric=rpr
2026-10-08T12:12:08Z  OBSERVE  frontend->currencyservice  rpr=0.0000  low=46 high=0  elapsed_s=84  attempts=3  state=ON  metric=rpr
2026-10-08T12:12:08Z  OBSERVE  frontend->productcatalogservice  rpr=0.0000  low=46 high=0  elapsed_s=84  attempts=3  state=ON  metric=rpr
2026-10-08T12:12:08Z  OBSERVE  frontend->recommendationservice  rpr=0.9505  low=0 high=9  elapsed_s=16  attempts=3  state=ON  metric=rpr
2026-10-08T12:12:08Z  OBSERVE  frontend->shippingservice  rpr=0.0000  low=46 high=0  elapsed_s=84  attempts=3  state=ON  metric=rpr
2026-10-08T12:12:08Z  OBSERVE  checkoutservice->cartservice  rpr=0.0000  low=45 high=0  elapsed_s=83  attempts=3  state=ON  metric=rpr
2026-10-08T12:12:08Z  OBSERVE  checkoutservice->currencyservice  rpr=0.0000  low=45 high=0  elapsed_s=83  attempts=3  state=ON  metric=rpr
2026-10-08T12:12:08Z  OBSERVE  checkoutservice->emailservice  rpr=0.0000  low=45 high=0  elapsed_s=83  attempts=3  state=ON  metric=rpr
2026-10-08T12:12:08Z  OBSERVE  checkoutservice->paymentservice  rpr=0.0000  low=45 high=0  elapsed_s=83  attempts=3  state=ON  metric=rpr
2026-10-08T12:12:08Z  OBSERVE  checkoutservice->shippingservice  rpr=0.0000  low=45 high=0  elapsed_s=83  attempts=3  state=ON  metric=rpr
2026-10-08T12:12:08Z  OBSERVE  recommendationservice->productcatalogservice  rpr=0.0000  low=46 high=0  elapsed_s=84  attempts=3  state=ON  metric=rpr
2026-10-08T12:12:10Z  OBSERVE  frontend->adservice  rpr=0.0000  low=46 high=0  elapsed_s=85  attempts=3  state=ON  metric=rpr
2026-10-08T12:12:10Z  OBSERVE  frontend->cartservice  rpr=0.0000  low=47 high=0  elapsed_s=86  attempts=3  state=ON  metric=rpr
2026-10-08T12:12:10Z  OBSERVE  frontend->checkoutservice  rpr=0.0000  low=20 high=0  elapsed_s=38  attempts=3  state=ON  metric=rpr
2026-10-08T12:12:10Z  OBSERVE  frontend->currencyservice  rpr=0.0000  low=47 high=0  elapsed_s=86  attempts=3  state=ON  metric=rpr
2026-10-08T12:12:10Z  OBSERVE  frontend->productcatalogservice  rpr=0.0000  low=47 high=0  elapsed_s=86  attempts=3  state=ON  metric=rpr
2026-10-08T12:12:10Z  OBSERVE  frontend->recommendationservice  rpr=0.7651  low=0 high=10  elapsed_s=18  attempts=3  state=ON  metric=rpr
2026-10-08T12:12:10Z  OBSERVE  frontend->shippingservice  rpr=0.0000  low=47 high=0  elapsed_s=86  attempts=3  state=ON  metric=rpr
2026-10-08T12:12:10Z  OBSERVE  checkoutservice->cartservice  rpr=0.0000  low=46 high=0  elapsed_s=85  attempts=3  state=ON  metric=rpr
2026-10-08T12:12:10Z  OBSERVE  checkoutservice->currencyservice  rpr=0.0000  low=46 high=0  elapsed_s=85  attempts=3  state=ON  metric=rpr
2026-10-08T12:12:10Z  OBSERVE  checkoutservice->emailservice  rpr=0.0000  low=46 high=0  elapsed_s=85  attempts=3  state=ON  metric=rpr
2026-10-08T12:12:10Z  OBSERVE  checkoutservice->paymentservice  rpr=0.0000  low=46 high=0  elapsed_s=85  attempts=3  state=ON  metric=rpr
2026-10-08T12:12:10Z  OBSERVE  checkoutservice->shippingservice  rpr=0.0000  low=46 high=0  elapsed_s=85  attempts=3  state=ON  metric=rpr
2026-10-08T12:12:10Z  OBSERVE  recommendationservice->productcatalogservice  rpr=0.0000  low=47 high=0  elapsed_s=86  attempts=3  state=ON  metric=rpr
2026-10-08T12:12:12Z  OBSERVE  frontend->adservice  rpr=0.0000  low=47 high=0  elapsed_s=87  attempts=3  state=ON  metric=rpr
2026-10-08T12:12:12Z  OBSERVE  frontend->cartservice  rpr=0.0000  low=48 high=0  elapsed_s=88  attempts=3  state=ON  metric=rpr
2026-10-08T12:12:12Z  OBSERVE  frontend->checkoutservice  rpr=0.0000  low=21 high=0  elapsed_s=40  attempts=3  state=ON  metric=rpr
2026-10-08T12:12:12Z  OBSERVE  frontend->currencyservice  rpr=0.0000  low=48 high=0  elapsed_s=88  attempts=3  state=ON  metric=rpr
2026-10-08T12:12:12Z  OBSERVE  frontend->productcatalogservice  rpr=0.0000  low=48 high=0  elapsed_s=88  attempts=3  state=ON  metric=rpr
2026-10-08T12:12:12Z  OBSERVE  frontend->recommendationservice  rpr=0.7581  low=0 high=11  elapsed_s=20  attempts=3  state=ON  metric=rpr
2026-10-08T12:12:12Z  OBSERVE  frontend->shippingservice  rpr=0.0000  low=48 high=0  elapsed_s=88  attempts=3  state=ON  metric=rpr
2026-10-08T12:12:12Z  OBSERVE  checkoutservice->cartservice  rpr=0.0000  low=47 high=0  elapsed_s=87  attempts=3  state=ON  metric=rpr
2026-10-08T12:12:12Z  OBSERVE  checkoutservice->currencyservice  rpr=0.0000  low=47 high=0  elapsed_s=87  attempts=3  state=ON  metric=rpr
2026-10-08T12:12:12Z  OBSERVE  checkoutservice->emailservice  rpr=0.0000  low=47 high=0  elapsed_s=87  attempts=3  state=ON  metric=rpr
2026-10-08T12:12:12Z  OBSERVE  checkoutservice->paymentservice  rpr=0.0000  low=47 high=0  elapsed_s=87  attempts=3  state=ON  metric=rpr
2026-10-08T12:12:12Z  OBSERVE  checkoutservice->shippingservice  rpr=0.0000  low=47 high=0  elapsed_s=87  attempts=3  state=ON  metric=rpr
2026-10-08T12:12:12Z  OBSERVE  recommendationservice->productcatalogservice  rpr=0.0000  low=48 high=0  elapsed_s=88  attempts=3  state=ON  metric=rpr
2026-10-08T12:12:14Z  OBSERVE  frontend->adservice  rpr=0.0000  low=48 high=0  elapsed_s=89  attempts=3  state=ON  metric=rpr
2026-10-08T12:12:14Z  OBSERVE  frontend->cartservice  rpr=0.0000  low=49 high=0  elapsed_s=90  attempts=3  state=ON  metric=rpr
2026-10-08T12:12:14Z  OBSERVE  frontend->checkoutservice  rpr=0.0000  low=22 high=0  elapsed_s=42  attempts=3  state=ON  metric=rpr
2026-10-08T12:12:14Z  OBSERVE  frontend->currencyservice  rpr=0.0000  low=49 high=0  elapsed_s=90  attempts=3  state=ON  metric=rpr
2026-10-08T12:12:14Z  OBSERVE  frontend->productcatalogservice  rpr=0.0000  low=49 high=0  elapsed_s=90  attempts=3  state=ON  metric=rpr
2026-10-08T12:12:14Z  OBSERVE  frontend->recommendationservice  rpr=0.4427  low=1 high=0  elapsed_s=0  attempts=3  state=ON  metric=rpr
2026-10-08T12:12:14Z  OBSERVE  frontend->shippingservice  rpr=0.0000  low=49 high=0  elapsed_s=90  attempts=3  state=ON  metric=rpr
2026-10-08T12:12:14Z  OBSERVE  checkoutservice->cartservice  rpr=0.0000  low=48 high=0  elapsed_s=89  attempts=3  state=ON  metric=rpr
2026-10-08T12:12:14Z  OBSERVE  checkoutservice->currencyservice  rpr=0.0000  low=48 high=0  elapsed_s=89  attempts=3  state=ON  metric=rpr
2026-10-08T12:12:14Z  OBSERVE  checkoutservice->emailservice  rpr=0.0000  low=48 high=0  elapsed_s=89  attempts=3  state=ON  metric=rpr
2026-10-08T12:12:14Z  OBSERVE  checkoutservice->paymentservice  rpr=0.0000  low=48 high=0  elapsed_s=89  attempts=3  state=ON  metric=rpr
2026-10-08T12:12:14Z  OBSERVE  checkoutservice->shippingservice  rpr=0.0000  low=48 high=0  elapsed_s=89  attempts=3  state=ON  metric=rpr
2026-10-08T12:12:14Z  OBSERVE  recommendationservice->productcatalogservice  rpr=0.0000  low=49 high=0  elapsed_s=90  attempts=3  state=ON  metric=rpr
2026-10-08T12:12:16Z  OBSERVE  frontend->adservice  rpr=0.0000  low=49 high=0  elapsed_s=91  attempts=3  state=ON  metric=rpr
2026-10-08T12:12:16Z  OBSERVE  frontend->cartservice  rpr=0.0000  low=50 high=0  elapsed_s=92  attempts=3  state=ON  metric=rpr
2026-10-08T12:12:16Z  OBSERVE  frontend->checkoutservice  rpr=0.0000  low=23 high=0  elapsed_s=44  attempts=3  state=ON  metric=rpr
2026-10-08T12:12:16Z  OBSERVE  frontend->currencyservice  rpr=0.0000  low=50 high=0  elapsed_s=92  attempts=3  state=ON  metric=rpr
2026-10-08T12:12:16Z  OBSERVE  frontend->productcatalogservice  rpr=0.0000  low=50 high=0  elapsed_s=92  attempts=3  state=ON  metric=rpr
2026-10-08T12:12:16Z  OBSERVE  frontend->recommendationservice  rpr=0.0182  low=2 high=0  elapsed_s=2  attempts=3  state=ON  metric=rpr
2026-10-08T12:12:16Z  OBSERVE  frontend->shippingservice  rpr=0.0000  low=50 high=0  elapsed_s=92  attempts=3  state=ON  metric=rpr
2026-10-08T12:12:16Z  OBSERVE  checkoutservice->cartservice  rpr=0.0000  low=49 high=0  elapsed_s=91  attempts=3  state=ON  metric=rpr
2026-10-08T12:12:16Z  OBSERVE  checkoutservice->currencyservice  rpr=0.0000  low=49 high=0  elapsed_s=91  attempts=3  state=ON  metric=rpr
2026-10-08T12:12:16Z  OBSERVE  checkoutservice->emailservice  rpr=0.0000  low=49 high=0  elapsed_s=91  attempts=3  state=ON  metric=rpr
2026-10-08T12:12:16Z  OBSERVE  checkoutservice->paymentservice  rpr=0.0000  low=49 high=0  elapsed_s=91  attempts=3  state=ON  metric=rpr
2026-10-08T12:12:16Z  OBSERVE  checkoutservice->shippingservice  rpr=0.0000  low=49 high=0  elapsed_s=91  attempts=3  state=ON  metric=rpr
2026-10-08T12:12:16Z  OBSERVE  recommendationservice->productcatalogservice  rpr=0.0000  low=50 high=0  elapsed_s=92  attempts=3  state=ON  metric=rpr
2026-10-08T12:12:18Z  OBSERVE  frontend->adservice  rpr=0.0000  low=50 high=0  elapsed_s=93  attempts=3  state=ON  metric=rpr
2026-10-08T12:12:18Z  OBSERVE  frontend->cartservice  rpr=0.0000  low=51 high=0  elapsed_s=94  attempts=3  state=ON  metric=rpr
2026-10-08T12:12:18Z  OBSERVE  frontend->checkoutservice  rpr=0.0000  low=24 high=0  elapsed_s=46  attempts=3  state=ON  metric=rpr
2026-10-08T12:12:18Z  OBSERVE  frontend->currencyservice  rpr=0.0000  low=51 high=0  elapsed_s=94  attempts=3  state=ON  metric=rpr
2026-10-08T12:12:18Z  OBSERVE  frontend->productcatalogservice  rpr=0.0000  low=51 high=0  elapsed_s=94  attempts=3  state=ON  metric=rpr
2026-10-08T12:12:18Z  OBSERVE  frontend->recommendationservice  rpr=0.0000  low=3 high=0  elapsed_s=4  attempts=3  state=ON  metric=rpr
2026-10-08T12:12:18Z  OBSERVE  frontend->shippingservice  rpr=0.0000  low=51 high=0  elapsed_s=94  attempts=3  state=ON  metric=rpr
2026-10-08T12:12:18Z  OBSERVE  checkoutservice->cartservice  rpr=0.0000  low=50 high=0  elapsed_s=93  attempts=3  state=ON  metric=rpr
2026-10-08T12:12:18Z  OBSERVE  checkoutservice->currencyservice  rpr=0.0000  low=50 high=0  elapsed_s=93  attempts=3  state=ON  metric=rpr
2026-10-08T12:12:18Z  OBSERVE  checkoutservice->emailservice  rpr=0.0000  low=50 high=0  elapsed_s=93  attempts=3  state=ON  metric=rpr
2026-10-08T12:12:18Z  OBSERVE  checkoutservice->paymentservice  rpr=0.0000  low=50 high=0  elapsed_s=93  attempts=3  state=ON  metric=rpr
2026-10-08T12:12:18Z  OBSERVE  checkoutservice->shippingservice  rpr=0.0000  low=50 high=0  elapsed_s=93  attempts=3  state=ON  metric=rpr
2026-10-08T12:12:18Z  OBSERVE  recommendationservice->productcatalogservice  rpr=0.0000  low=51 high=0  elapsed_s=94  attempts=3  state=ON  metric=rpr
2026-10-08T12:12:20Z  OBSERVE  frontend->adservice  rpr=0.0000  low=51 high=0  elapsed_s=95  attempts=3  state=ON  metric=rpr
2026-10-08T12:12:20Z  OBSERVE  frontend->cartservice  rpr=0.0000  low=52 high=0  elapsed_s=96  attempts=3  state=ON  metric=rpr
2026-10-08T12:12:20Z  OBSERVE  frontend->checkoutservice  rpr=0.0000  low=25 high=0  elapsed_s=48  attempts=3  state=ON  metric=rpr
2026-10-08T12:12:20Z  OBSERVE  frontend->currencyservice  rpr=0.0000  low=52 high=0  elapsed_s=96  attempts=3  state=ON  metric=rpr
2026-10-08T12:12:20Z  OBSERVE  frontend->productcatalogservice  rpr=0.0000  low=52 high=0  elapsed_s=96  attempts=3  state=ON  metric=rpr
2026-10-08T12:12:20Z  OBSERVE  frontend->recommendationservice  rpr=0.0000  low=4 high=0  elapsed_s=6  attempts=3  state=ON  metric=rpr
2026-10-08T12:12:20Z  OBSERVE  frontend->shippingservice  rpr=0.0000  low=52 high=0  elapsed_s=96  attempts=3  state=ON  metric=rpr
2026-10-08T12:12:20Z  OBSERVE  checkoutservice->cartservice  rpr=0.0000  low=51 high=0  elapsed_s=95  attempts=3  state=ON  metric=rpr
2026-10-08T12:12:20Z  OBSERVE  checkoutservice->currencyservice  rpr=0.0000  low=51 high=0  elapsed_s=95  attempts=3  state=ON  metric=rpr
2026-10-08T12:12:20Z  OBSERVE  checkoutservice->emailservice  rpr=0.0000  low=51 high=0  elapsed_s=95  attempts=3  state=ON  metric=rpr
2026-10-08T12:12:20Z  OBSERVE  checkoutservice->paymentservice  rpr=0.0000  low=51 high=0  elapsed_s=95  attempts=3  state=ON  metric=rpr
2026-10-08T12:12:20Z  OBSERVE  checkoutservice->shippingservice  rpr=0.0000  low=51 high=0  elapsed_s=95  attempts=3  state=ON  metric=rpr
2026-10-08T12:12:20Z  OBSERVE  recommendationservice->productcatalogservice  rpr=0.0000  low=52 high=0  elapsed_s=96  attempts=3  state=ON  metric=rpr
2026-10-08T12:12:22Z  OBSERVE  frontend->adservice  rpr=0.0000  low=52 high=0  elapsed_s=97  attempts=3  state=ON  metric=rpr
2026-10-08T12:12:22Z  OBSERVE  frontend->cartservice  rpr=0.0000  low=53 high=0  elapsed_s=98  attempts=3  state=ON  metric=rpr
2026-10-08T12:12:22Z  OBSERVE  frontend->checkoutservice  rpr=0.0000  low=26 high=0  elapsed_s=50  attempts=3  state=ON  metric=rpr
2026-10-08T12:12:22Z  OBSERVE  frontend->currencyservice  rpr=0.0000  low=53 high=0  elapsed_s=98  attempts=3  state=ON  metric=rpr
2026-10-08T12:12:22Z  OBSERVE  frontend->productcatalogservice  rpr=0.0000  low=53 high=0  elapsed_s=98  attempts=3  state=ON  metric=rpr
2026-10-08T12:12:22Z  OBSERVE  frontend->recommendationservice  rpr=0.0000  low=5 high=0  elapsed_s=8  attempts=3  state=ON  metric=rpr
2026-10-08T12:12:22Z  OBSERVE  frontend->shippingservice  rpr=0.0000  low=53 high=0  elapsed_s=98  attempts=3  state=ON  metric=rpr
2026-10-08T12:12:22Z  OBSERVE  checkoutservice->cartservice  rpr=0.0000  low=52 high=0  elapsed_s=97  attempts=3  state=ON  metric=rpr
2026-10-08T12:12:22Z  OBSERVE  checkoutservice->currencyservice  rpr=0.0000  low=52 high=0  elapsed_s=97  attempts=3  state=ON  metric=rpr
2026-10-08T12:12:22Z  OBSERVE  checkoutservice->emailservice  rpr=0.0000  low=52 high=0  elapsed_s=97  attempts=3  state=ON  metric=rpr
2026-10-08T12:12:22Z  OBSERVE  checkoutservice->paymentservice  rpr=0.0000  low=52 high=0  elapsed_s=97  attempts=3  state=ON  metric=rpr
2026-10-08T12:12:22Z  OBSERVE  checkoutservice->shippingservice  rpr=0.0000  low=52 high=0  elapsed_s=97  attempts=3  state=ON  metric=rpr
2026-10-08T12:12:22Z  OBSERVE  recommendationservice->productcatalogservice  rpr=0.0000  low=53 high=0  elapsed_s=98  attempts=3  state=ON  metric=rpr
2026-10-08T12:12:24Z  OBSERVE  frontend->adservice  rpr=0.0000  low=53 high=0  elapsed_s=99  attempts=3  state=ON  metric=rpr
2026-10-08T12:12:24Z  OBSERVE  frontend->cartservice  rpr=0.0000  low=54 high=0  elapsed_s=100  attempts=3  state=ON  metric=rpr
2026-10-08T12:12:24Z  OBSERVE  frontend->checkoutservice  rpr=0.0000  low=27 high=0  elapsed_s=52  attempts=3  state=ON  metric=rpr
2026-10-08T12:12:24Z  OBSERVE  frontend->currencyservice  rpr=0.0000  low=54 high=0  elapsed_s=100  attempts=3  state=ON  metric=rpr
2026-10-08T12:12:24Z  OBSERVE  frontend->productcatalogservice  rpr=0.0000  low=54 high=0  elapsed_s=100  attempts=3  state=ON  metric=rpr
2026-10-08T12:12:24Z  OBSERVE  frontend->recommendationservice  rpr=0.0000  low=6 high=0  elapsed_s=10  attempts=3  state=ON  metric=rpr
2026-10-08T12:12:24Z  OBSERVE  frontend->shippingservice  rpr=0.0000  low=54 high=0  elapsed_s=100  attempts=3  state=ON  metric=rpr
2026-10-08T12:12:24Z  OBSERVE  checkoutservice->cartservice  rpr=0.0000  low=53 high=0  elapsed_s=99  attempts=3  state=ON  metric=rpr
2026-10-08T12:12:24Z  OBSERVE  checkoutservice->currencyservice  rpr=0.0000  low=53 high=0  elapsed_s=99  attempts=3  state=ON  metric=rpr
2026-10-08T12:12:24Z  OBSERVE  checkoutservice->emailservice  rpr=0.0000  low=53 high=0  elapsed_s=99  attempts=3  state=ON  metric=rpr
2026-10-08T12:12:24Z  OBSERVE  checkoutservice->paymentservice  rpr=0.0000  low=53 high=0  elapsed_s=99  attempts=3  state=ON  metric=rpr
2026-10-08T12:12:24Z  OBSERVE  checkoutservice->shippingservice  rpr=0.0000  low=53 high=0  elapsed_s=99  attempts=3  state=ON  metric=rpr
2026-10-08T12:12:24Z  OBSERVE  recommendationservice->productcatalogservice  rpr=0.0000  low=54 high=0  elapsed_s=100  attempts=3  state=ON  metric=rpr
2026-10-08T12:12:26Z  OBSERVE  frontend->adservice  rpr=0.0000  low=54 high=0  elapsed_s=101  attempts=3  state=ON  metric=rpr
2026-10-08T12:12:26Z  OBSERVE  frontend->cartservice  rpr=0.0000  low=55 high=0  elapsed_s=102  attempts=3  state=ON  metric=rpr
2026-10-08T12:12:26Z  OBSERVE  frontend->checkoutservice  rpr=0.0000  low=28 high=0  elapsed_s=54  attempts=3  state=ON  metric=rpr
2026-10-08T12:12:26Z  OBSERVE  frontend->currencyservice  rpr=0.0000  low=55 high=0  elapsed_s=102  attempts=3  state=ON  metric=rpr
2026-10-08T12:12:26Z  OBSERVE  frontend->productcatalogservice  rpr=0.0000  low=55 high=0  elapsed_s=102  attempts=3  state=ON  metric=rpr
2026-10-08T12:12:26Z  OBSERVE  frontend->recommendationservice  rpr=0.0025  low=7 high=0  elapsed_s=12  attempts=3  state=ON  metric=rpr
2026-10-08T12:12:26Z  OBSERVE  frontend->shippingservice  rpr=0.0000  low=55 high=0  elapsed_s=102  attempts=3  state=ON  metric=rpr
2026-10-08T12:12:26Z  OBSERVE  checkoutservice->cartservice  rpr=0.0000  low=54 high=0  elapsed_s=101  attempts=3  state=ON  metric=rpr
2026-10-08T12:12:26Z  OBSERVE  checkoutservice->currencyservice  rpr=0.0000  low=54 high=0  elapsed_s=101  attempts=3  state=ON  metric=rpr
2026-10-08T12:12:26Z  OBSERVE  checkoutservice->emailservice  rpr=0.0000  low=54 high=0  elapsed_s=101  attempts=3  state=ON  metric=rpr
2026-10-08T12:12:26Z  OBSERVE  checkoutservice->paymentservice  rpr=0.0000  low=54 high=0  elapsed_s=101  attempts=3  state=ON  metric=rpr
2026-10-08T12:12:26Z  OBSERVE  checkoutservice->shippingservice  rpr=0.0000  low=54 high=0  elapsed_s=101  attempts=3  state=ON  metric=rpr
2026-10-08T12:12:26Z  OBSERVE  recommendationservice->productcatalogservice  rpr=0.0000  low=55 high=0  elapsed_s=102  attempts=3  state=ON  metric=rpr
2026-10-08T12:12:28Z  OBSERVE  frontend->adservice  rpr=0.0000  low=55 high=0  elapsed_s=103  attempts=3  state=ON  metric=rpr
2026-10-08T12:12:28Z  OBSERVE  frontend->cartservice  rpr=0.0000  low=56 high=0  elapsed_s=104  attempts=3  state=ON  metric=rpr
2026-10-08T12:12:28Z  OBSERVE  frontend->checkoutservice  rpr=0.0000  low=29 high=0  elapsed_s=56  attempts=3  state=ON  metric=rpr
2026-10-08T12:12:28Z  OBSERVE  frontend->currencyservice  rpr=0.0000  low=56 high=0  elapsed_s=104  attempts=3  state=ON  metric=rpr
2026-10-08T12:12:28Z  OBSERVE  frontend->productcatalogservice  rpr=0.0000  low=56 high=0  elapsed_s=104  attempts=3  state=ON  metric=rpr
2026-10-08T12:12:28Z  OBSERVE  frontend->recommendationservice  rpr=2.3524  low=0 high=1  elapsed_s=0  attempts=3  state=ON  metric=rpr
2026-10-08T12:12:28Z  OBSERVE  frontend->shippingservice  rpr=0.0000  low=56 high=0  elapsed_s=104  attempts=3  state=ON  metric=rpr
2026-10-08T12:12:28Z  OBSERVE  checkoutservice->cartservice  rpr=0.0000  low=55 high=0  elapsed_s=103  attempts=3  state=ON  metric=rpr
2026-10-08T12:12:28Z  OBSERVE  checkoutservice->currencyservice  rpr=0.0000  low=55 high=0  elapsed_s=103  attempts=3  state=ON  metric=rpr
2026-10-08T12:12:28Z  OBSERVE  checkoutservice->emailservice  rpr=0.0000  low=55 high=0  elapsed_s=103  attempts=3  state=ON  metric=rpr
2026-10-08T12:12:28Z  OBSERVE  checkoutservice->paymentservice  rpr=0.0000  low=55 high=0  elapsed_s=103  attempts=3  state=ON  metric=rpr
2026-10-08T12:12:28Z  OBSERVE  checkoutservice->shippingservice  rpr=0.0000  low=55 high=0  elapsed_s=103  attempts=3  state=ON  metric=rpr
2026-10-08T12:12:28Z  OBSERVE  recommendationservice->productcatalogservice  rpr=0.0000  low=56 high=0  elapsed_s=104  attempts=3  state=ON  metric=rpr
2026-10-08T12:12:30Z  OBSERVE  frontend->adservice  rpr=0.0000  low=56 high=0  elapsed_s=105  attempts=3  state=ON  metric=rpr
2026-10-08T12:12:30Z  OBSERVE  frontend->cartservice  rpr=0.0000  low=57 high=0  elapsed_s=106  attempts=3  state=ON  metric=rpr
2026-10-08T12:12:30Z  OBSERVE  frontend->checkoutservice  rpr=0.0000  low=30 high=0  elapsed_s=58  attempts=3  state=ON  metric=rpr
2026-10-08T12:12:30Z  OBSERVE  frontend->currencyservice  rpr=0.0000  low=57 high=0  elapsed_s=106  attempts=3  state=ON  metric=rpr
2026-10-08T12:12:30Z  OBSERVE  frontend->productcatalogservice  rpr=0.0000  low=57 high=0  elapsed_s=106  attempts=3  state=ON  metric=rpr
2026-10-08T12:12:30Z  OBSERVE  frontend->recommendationservice  rpr=2.8813  low=0 high=2  elapsed_s=2  attempts=3  state=ON  metric=rpr
2026-10-08T12:12:30Z  OBSERVE  frontend->shippingservice  rpr=0.0000  low=57 high=0  elapsed_s=106  attempts=3  state=ON  metric=rpr
2026-10-08T12:12:30Z  OBSERVE  checkoutservice->cartservice  rpr=0.0000  low=56 high=0  elapsed_s=105  attempts=3  state=ON  metric=rpr
2026-10-08T12:12:30Z  OBSERVE  checkoutservice->currencyservice  rpr=0.0000  low=56 high=0  elapsed_s=105  attempts=3  state=ON  metric=rpr
2026-10-08T12:12:30Z  OBSERVE  checkoutservice->emailservice  rpr=0.0000  low=56 high=0  elapsed_s=105  attempts=3  state=ON  metric=rpr
2026-10-08T12:12:30Z  OBSERVE  checkoutservice->paymentservice  rpr=0.0000  low=56 high=0  elapsed_s=105  attempts=3  state=ON  metric=rpr
2026-10-08T12:12:30Z  OBSERVE  checkoutservice->shippingservice  rpr=0.0000  low=56 high=0  elapsed_s=105  attempts=3  state=ON  metric=rpr
2026-10-08T12:12:30Z  OBSERVE  recommendationservice->productcatalogservice  rpr=0.0000  low=57 high=0  elapsed_s=106  attempts=3  state=ON  metric=rpr
2026-10-08T12:12:32Z  OBSERVE  frontend->adservice  rpr=0.0000  low=57 high=0  elapsed_s=107  attempts=3  state=ON  metric=rpr
2026-10-08T12:12:32Z  OBSERVE  frontend->cartservice  rpr=0.0000  low=58 high=0  elapsed_s=108  attempts=3  state=ON  metric=rpr
2026-10-08T12:12:32Z  OBSERVE  frontend->checkoutservice  rpr=0.0000  low=31 high=0  elapsed_s=60  attempts=3  state=ON  metric=rpr
2026-10-08T12:12:32Z  OBSERVE  frontend->currencyservice  rpr=0.0000  low=58 high=0  elapsed_s=108  attempts=3  state=ON  metric=rpr
2026-10-08T12:12:32Z  OBSERVE  frontend->productcatalogservice  rpr=0.0000  low=58 high=0  elapsed_s=108  attempts=3  state=ON  metric=rpr
2026-10-08T12:12:32Z  OBSERVE  frontend->recommendationservice  rpr=2.8571  low=0 high=3  elapsed_s=4  attempts=3  state=ON  metric=rpr
2026-10-08T12:12:32Z  OBSERVE  frontend->shippingservice  rpr=0.0000  low=58 high=0  elapsed_s=108  attempts=3  state=ON  metric=rpr
2026-10-08T12:12:32Z  OBSERVE  checkoutservice->cartservice  rpr=0.0000  low=57 high=0  elapsed_s=107  attempts=3  state=ON  metric=rpr
2026-10-08T12:12:32Z  OBSERVE  checkoutservice->currencyservice  rpr=0.0000  low=57 high=0  elapsed_s=107  attempts=3  state=ON  metric=rpr
2026-10-08T12:12:32Z  OBSERVE  checkoutservice->emailservice  rpr=0.0000  low=57 high=0  elapsed_s=107  attempts=3  state=ON  metric=rpr
2026-10-08T12:12:32Z  OBSERVE  checkoutservice->paymentservice  rpr=0.0000  low=57 high=0  elapsed_s=107  attempts=3  state=ON  metric=rpr
2026-10-08T12:12:32Z  OBSERVE  checkoutservice->shippingservice  rpr=0.0000  low=57 high=0  elapsed_s=107  attempts=3  state=ON  metric=rpr
2026-10-08T12:12:32Z  OBSERVE  recommendationservice->productcatalogservice  rpr=0.0000  low=58 high=0  elapsed_s=108  attempts=3  state=ON  metric=rpr
2026-10-08T12:12:34Z  OBSERVE  frontend->adservice  rpr=0.0000  low=58 high=0  elapsed_s=109  attempts=3  state=ON  metric=rpr
2026-10-08T12:12:34Z  OBSERVE  frontend->cartservice  rpr=0.0000  low=59 high=0  elapsed_s=110  attempts=3  state=ON  metric=rpr
2026-10-08T12:12:34Z  OBSERVE  frontend->checkoutservice  rpr=0.0000  low=32 high=0  elapsed_s=62  attempts=3  state=ON  metric=rpr
2026-10-08T12:12:34Z  OBSERVE  frontend->currencyservice  rpr=0.0000  low=59 high=0  elapsed_s=110  attempts=3  state=ON  metric=rpr
2026-10-08T12:12:34Z  OBSERVE  frontend->productcatalogservice  rpr=0.0000  low=59 high=0  elapsed_s=110  attempts=3  state=ON  metric=rpr
2026-10-08T12:12:34Z  OBSERVE  frontend->recommendationservice  rpr=2.7277  low=0 high=4  elapsed_s=6  attempts=3  state=ON  metric=rpr
2026-10-08T12:12:34Z  OBSERVE  frontend->shippingservice  rpr=0.0000  low=59 high=0  elapsed_s=110  attempts=3  state=ON  metric=rpr
2026-10-08T12:12:34Z  OBSERVE  checkoutservice->cartservice  rpr=0.0000  low=58 high=0  elapsed_s=109  attempts=3  state=ON  metric=rpr
2026-10-08T12:12:34Z  OBSERVE  checkoutservice->currencyservice  rpr=0.0000  low=58 high=0  elapsed_s=109  attempts=3  state=ON  metric=rpr
2026-10-08T12:12:34Z  OBSERVE  checkoutservice->emailservice  rpr=0.0000  low=58 high=0  elapsed_s=109  attempts=3  state=ON  metric=rpr
2026-10-08T12:12:34Z  OBSERVE  checkoutservice->paymentservice  rpr=0.0000  low=58 high=0  elapsed_s=109  attempts=3  state=ON  metric=rpr
2026-10-08T12:12:34Z  OBSERVE  checkoutservice->shippingservice  rpr=0.0000  low=58 high=0  elapsed_s=109  attempts=3  state=ON  metric=rpr
2026-10-08T12:12:34Z  OBSERVE  recommendationservice->productcatalogservice  rpr=0.0000  low=59 high=0  elapsed_s=110  attempts=3  state=ON  metric=rpr
2026-10-08T12:12:36Z  OBSERVE  frontend->adservice  rpr=0.0000  low=59 high=0  elapsed_s=111  attempts=3  state=ON  metric=rpr
2026-10-08T12:12:36Z  OBSERVE  frontend->cartservice  rpr=0.0000  low=60 high=0  elapsed_s=112  attempts=3  state=ON  metric=rpr
2026-10-08T12:12:36Z  OBSERVE  frontend->checkoutservice  rpr=0.0000  low=33 high=0  elapsed_s=64  attempts=3  state=ON  metric=rpr
2026-10-08T12:12:36Z  OBSERVE  frontend->currencyservice  rpr=0.0000  low=60 high=0  elapsed_s=112  attempts=3  state=ON  metric=rpr
2026-10-08T12:12:36Z  OBSERVE  frontend->productcatalogservice  rpr=0.0000  low=60 high=0  elapsed_s=112  attempts=3  state=ON  metric=rpr
2026-10-08T12:12:36Z  OBSERVE  frontend->recommendationservice  rpr=2.7137  low=0 high=5  elapsed_s=8  attempts=3  state=ON  metric=rpr
2026-10-08T12:12:36Z  OBSERVE  frontend->shippingservice  rpr=0.0000  low=60 high=0  elapsed_s=112  attempts=3  state=ON  metric=rpr
2026-10-08T12:12:36Z  OBSERVE  checkoutservice->cartservice  rpr=0.0000  low=59 high=0  elapsed_s=111  attempts=3  state=ON  metric=rpr
2026-10-08T12:12:36Z  OBSERVE  checkoutservice->currencyservice  rpr=0.0000  low=59 high=0  elapsed_s=111  attempts=3  state=ON  metric=rpr
2026-10-08T12:12:36Z  OBSERVE  checkoutservice->emailservice  rpr=0.0000  low=59 high=0  elapsed_s=111  attempts=3  state=ON  metric=rpr
2026-10-08T12:12:36Z  OBSERVE  checkoutservice->paymentservice  rpr=0.0000  low=59 high=0  elapsed_s=111  attempts=3  state=ON  metric=rpr
2026-10-08T12:12:36Z  OBSERVE  checkoutservice->shippingservice  rpr=0.0000  low=59 high=0  elapsed_s=111  attempts=3  state=ON  metric=rpr
2026-10-08T12:12:36Z  OBSERVE  recommendationservice->productcatalogservice  rpr=0.0000  low=60 high=0  elapsed_s=112  attempts=3  state=ON  metric=rpr
2026-10-08T12:12:38Z  OBSERVE  frontend->adservice  rpr=0.0000  low=60 high=0  elapsed_s=113  attempts=3  state=ON  metric=rpr
2026-10-08T12:12:38Z  OBSERVE  frontend->cartservice  rpr=0.0000  low=61 high=0  elapsed_s=114  attempts=3  state=ON  metric=rpr
2026-10-08T12:12:38Z  OBSERVE  frontend->checkoutservice  rpr=0.0000  low=34 high=0  elapsed_s=66  attempts=3  state=ON  metric=rpr
2026-10-08T12:12:38Z  OBSERVE  frontend->currencyservice  rpr=0.0000  low=61 high=0  elapsed_s=114  attempts=3  state=ON  metric=rpr
2026-10-08T12:12:38Z  OBSERVE  frontend->productcatalogservice  rpr=0.0000  low=61 high=0  elapsed_s=114  attempts=3  state=ON  metric=rpr
2026-10-08T12:12:38Z  OBSERVE  frontend->recommendationservice  rpr=2.9642  low=0 high=6  elapsed_s=10  attempts=3  state=ON  metric=rpr
2026-10-08T12:12:38Z  OBSERVE  frontend->shippingservice  rpr=0.0000  low=61 high=0  elapsed_s=114  attempts=3  state=ON  metric=rpr
2026-10-08T12:12:38Z  OBSERVE  checkoutservice->cartservice  rpr=0.0000  low=60 high=0  elapsed_s=113  attempts=3  state=ON  metric=rpr
2026-10-08T12:12:38Z  OBSERVE  checkoutservice->currencyservice  rpr=0.0000  low=60 high=0  elapsed_s=113  attempts=3  state=ON  metric=rpr
2026-10-08T12:12:38Z  OBSERVE  checkoutservice->emailservice  rpr=0.0000  low=60 high=0  elapsed_s=113  attempts=3  state=ON  metric=rpr
2026-10-08T12:12:38Z  OBSERVE  checkoutservice->paymentservice  rpr=0.0000  low=60 high=0  elapsed_s=113  attempts=3  state=ON  metric=rpr
2026-10-08T12:12:38Z  OBSERVE  checkoutservice->shippingservice  rpr=0.0000  low=60 high=0  elapsed_s=113  attempts=3  state=ON  metric=rpr
2026-10-08T12:12:38Z  OBSERVE  recommendationservice->productcatalogservice  rpr=0.0000  low=61 high=0  elapsed_s=114  attempts=3  state=ON  metric=rpr
2026-10-08T12:12:40Z  OBSERVE  frontend->adservice  rpr=0.0000  low=61 high=0  elapsed_s=115  attempts=3  state=ON  metric=rpr
2026-10-08T12:12:40Z  OBSERVE  frontend->cartservice  rpr=0.0000  low=62 high=0  elapsed_s=116  attempts=3  state=ON  metric=rpr
2026-10-08T12:12:40Z  OBSERVE  frontend->checkoutservice  rpr=0.0000  low=35 high=0  elapsed_s=68  attempts=3  state=ON  metric=rpr
2026-10-08T12:12:40Z  OBSERVE  frontend->currencyservice  rpr=0.0000  low=62 high=0  elapsed_s=116  attempts=3  state=ON  metric=rpr
2026-10-08T12:12:40Z  OBSERVE  frontend->productcatalogservice  rpr=0.0000  low=62 high=0  elapsed_s=116  attempts=3  state=ON  metric=rpr
2026-10-08T12:12:40Z  OBSERVE  frontend->recommendationservice  rpr=2.7835  low=0 high=7  elapsed_s=12  attempts=3  state=ON  metric=rpr
2026-10-08T12:12:40Z  OBSERVE  frontend->shippingservice  rpr=0.0000  low=62 high=0  elapsed_s=116  attempts=3  state=ON  metric=rpr
2026-10-08T12:12:40Z  OBSERVE  checkoutservice->cartservice  rpr=0.0000  low=61 high=0  elapsed_s=115  attempts=3  state=ON  metric=rpr
2026-10-08T12:12:40Z  OBSERVE  checkoutservice->currencyservice  rpr=0.0000  low=61 high=0  elapsed_s=115  attempts=3  state=ON  metric=rpr
2026-10-08T12:12:40Z  OBSERVE  checkoutservice->emailservice  rpr=0.0000  low=61 high=0  elapsed_s=115  attempts=3  state=ON  metric=rpr
2026-10-08T12:12:40Z  OBSERVE  checkoutservice->paymentservice  rpr=0.0000  low=61 high=0  elapsed_s=115  attempts=3  state=ON  metric=rpr
2026-10-08T12:12:40Z  OBSERVE  checkoutservice->shippingservice  rpr=0.0000  low=61 high=0  elapsed_s=115  attempts=3  state=ON  metric=rpr
2026-10-08T12:12:40Z  OBSERVE  recommendationservice->productcatalogservice  rpr=0.0000  low=62 high=0  elapsed_s=116  attempts=3  state=ON  metric=rpr
2026-10-08T12:12:42Z  OBSERVE  frontend->adservice  rpr=0.0000  low=62 high=0  elapsed_s=117  attempts=3  state=ON  metric=rpr
2026-10-08T12:12:42Z  OBSERVE  frontend->cartservice  rpr=0.0000  low=63 high=0  elapsed_s=118  attempts=3  state=ON  metric=rpr
2026-10-08T12:12:42Z  OBSERVE  frontend->checkoutservice  rpr=0.0000  low=36 high=0  elapsed_s=70  attempts=3  state=ON  metric=rpr
2026-10-08T12:12:42Z  OBSERVE  frontend->currencyservice  rpr=0.0000  low=63 high=0  elapsed_s=118  attempts=3  state=ON  metric=rpr
2026-10-08T12:12:42Z  OBSERVE  frontend->productcatalogservice  rpr=0.0000  low=63 high=0  elapsed_s=118  attempts=3  state=ON  metric=rpr
2026-10-08T12:12:42Z  OBSERVE  frontend->recommendationservice  rpr=2.9368  low=0 high=8  elapsed_s=14  attempts=3  state=ON  metric=rpr
2026-10-08T12:12:42Z  OBSERVE  frontend->shippingservice  rpr=0.0000  low=63 high=0  elapsed_s=118  attempts=3  state=ON  metric=rpr
2026-10-08T12:12:42Z  OBSERVE  checkoutservice->cartservice  rpr=0.0000  low=62 high=0  elapsed_s=117  attempts=3  state=ON  metric=rpr
2026-10-08T12:12:42Z  OBSERVE  checkoutservice->currencyservice  rpr=0.0000  low=62 high=0  elapsed_s=117  attempts=3  state=ON  metric=rpr
2026-10-08T12:12:42Z  OBSERVE  checkoutservice->emailservice  rpr=0.0000  low=62 high=0  elapsed_s=117  attempts=3  state=ON  metric=rpr
2026-10-08T12:12:42Z  OBSERVE  checkoutservice->paymentservice  rpr=0.0000  low=62 high=0  elapsed_s=117  attempts=3  state=ON  metric=rpr
2026-10-08T12:12:42Z  OBSERVE  checkoutservice->shippingservice  rpr=0.0000  low=62 high=0  elapsed_s=117  attempts=3  state=ON  metric=rpr
2026-10-08T12:12:42Z  OBSERVE  recommendationservice->productcatalogservice  rpr=0.0000  low=63 high=0  elapsed_s=118  attempts=3  state=ON  metric=rpr
2026-10-08T12:12:44Z  OBSERVE  frontend->adservice  rpr=0.0000  low=63 high=0  elapsed_s=119  attempts=3  state=ON  metric=rpr
2026-10-08T12:12:44Z  OBSERVE  frontend->cartservice  rpr=0.0000  low=64 high=0  elapsed_s=120  attempts=3  state=ON  metric=rpr
2026-10-08T12:12:44Z  OBSERVE  frontend->checkoutservice  rpr=0.0000  low=37 high=0  elapsed_s=72  attempts=3  state=ON  metric=rpr
2026-10-08T12:12:44Z  OBSERVE  frontend->currencyservice  rpr=0.0000  low=64 high=0  elapsed_s=120  attempts=3  state=ON  metric=rpr
2026-10-08T12:12:44Z  OBSERVE  frontend->productcatalogservice  rpr=0.0000  low=64 high=0  elapsed_s=120  attempts=3  state=ON  metric=rpr
2026-10-08T12:12:44Z  OBSERVE  frontend->recommendationservice  rpr=3.0152  low=0 high=9  elapsed_s=16  attempts=3  state=ON  metric=rpr
2026-10-08T12:12:44Z  OBSERVE  frontend->shippingservice  rpr=0.0000  low=64 high=0  elapsed_s=120  attempts=3  state=ON  metric=rpr
2026-10-08T12:12:44Z  OBSERVE  checkoutservice->cartservice  rpr=0.0000  low=63 high=0  elapsed_s=119  attempts=3  state=ON  metric=rpr
2026-10-08T12:12:44Z  OBSERVE  checkoutservice->currencyservice  rpr=0.0000  low=63 high=0  elapsed_s=119  attempts=3  state=ON  metric=rpr
2026-10-08T12:12:44Z  OBSERVE  checkoutservice->emailservice  rpr=0.0000  low=63 high=0  elapsed_s=119  attempts=3  state=ON  metric=rpr
2026-10-08T12:12:44Z  OBSERVE  checkoutservice->paymentservice  rpr=0.0000  low=63 high=0  elapsed_s=119  attempts=3  state=ON  metric=rpr
2026-10-08T12:12:44Z  OBSERVE  checkoutservice->shippingservice  rpr=0.0000  low=63 high=0  elapsed_s=119  attempts=3  state=ON  metric=rpr
2026-10-08T12:12:44Z  OBSERVE  recommendationservice->productcatalogservice  rpr=0.0000  low=64 high=0  elapsed_s=120  attempts=3  state=ON  metric=rpr
2026-10-08T12:12:46Z  OBSERVE  frontend->adservice  rpr=0.0000  low=64 high=0  elapsed_s=121  attempts=3  state=ON  metric=rpr
2026-10-08T12:12:46Z  OBSERVE  frontend->cartservice  rpr=0.0000  low=65 high=0  elapsed_s=122  attempts=3  state=ON  metric=rpr
2026-10-08T12:12:46Z  OBSERVE  frontend->checkoutservice  rpr=0.0000  low=38 high=0  elapsed_s=74  attempts=3  state=ON  metric=rpr
2026-10-08T12:12:46Z  OBSERVE  frontend->currencyservice  rpr=0.0000  low=65 high=0  elapsed_s=122  attempts=3  state=ON  metric=rpr
2026-10-08T12:12:46Z  OBSERVE  frontend->productcatalogservice  rpr=0.0000  low=65 high=0  elapsed_s=122  attempts=3  state=ON  metric=rpr
2026-10-08T12:12:46Z  OBSERVE  frontend->recommendationservice  rpr=2.8247  low=0 high=10  elapsed_s=18  attempts=3  state=ON  metric=rpr
2026-10-08T12:12:46Z  OBSERVE  frontend->shippingservice  rpr=0.0000  low=65 high=0  elapsed_s=122  attempts=3  state=ON  metric=rpr
2026-10-08T12:12:46Z  OBSERVE  checkoutservice->cartservice  rpr=0.0000  low=64 high=0  elapsed_s=121  attempts=3  state=ON  metric=rpr
2026-10-08T12:12:46Z  OBSERVE  checkoutservice->currencyservice  rpr=0.0000  low=64 high=0  elapsed_s=121  attempts=3  state=ON  metric=rpr
2026-10-08T12:12:46Z  OBSERVE  checkoutservice->emailservice  rpr=0.0000  low=64 high=0  elapsed_s=121  attempts=3  state=ON  metric=rpr
2026-10-08T12:12:46Z  OBSERVE  checkoutservice->paymentservice  rpr=0.0000  low=64 high=0  elapsed_s=121  attempts=3  state=ON  metric=rpr
2026-10-08T12:12:46Z  OBSERVE  checkoutservice->shippingservice  rpr=0.0000  low=64 high=0  elapsed_s=121  attempts=3  state=ON  metric=rpr
2026-10-08T12:12:46Z  OBSERVE  recommendationservice->productcatalogservice  rpr=0.0000  low=65 high=0  elapsed_s=122  attempts=3  state=ON  metric=rpr
2026-10-08T12:12:48Z  OBSERVE  frontend->adservice  rpr=0.0000  low=65 high=0  elapsed_s=123  attempts=3  state=ON  metric=rpr
2026-10-08T12:12:48Z  OBSERVE  frontend->cartservice  rpr=0.0000  low=66 high=0  elapsed_s=124  attempts=3  state=ON  metric=rpr
2026-10-08T12:12:48Z  OBSERVE  frontend->checkoutservice  rpr=0.0000  low=39 high=0  elapsed_s=76  attempts=3  state=ON  metric=rpr
2026-10-08T12:12:48Z  OBSERVE  frontend->currencyservice  rpr=0.0000  low=66 high=0  elapsed_s=124  attempts=3  state=ON  metric=rpr
2026-10-08T12:12:48Z  OBSERVE  frontend->productcatalogservice  rpr=0.0000  low=66 high=0  elapsed_s=124  attempts=3  state=ON  metric=rpr
2026-10-08T12:12:48Z  OBSERVE  frontend->recommendationservice  rpr=2.9906  low=0 high=11  elapsed_s=20  attempts=3  state=ON  metric=rpr
2026-10-08T12:12:48Z  OBSERVE  frontend->shippingservice  rpr=0.0000  low=66 high=0  elapsed_s=124  attempts=3  state=ON  metric=rpr
2026-10-08T12:12:48Z  OBSERVE  checkoutservice->cartservice  rpr=0.0000  low=65 high=0  elapsed_s=123  attempts=3  state=ON  metric=rpr
2026-10-08T12:12:48Z  OBSERVE  checkoutservice->currencyservice  rpr=0.0000  low=65 high=0  elapsed_s=123  attempts=3  state=ON  metric=rpr
2026-10-08T12:12:48Z  OBSERVE  checkoutservice->emailservice  rpr=0.0000  low=65 high=0  elapsed_s=123  attempts=3  state=ON  metric=rpr
2026-10-08T12:12:48Z  OBSERVE  checkoutservice->paymentservice  rpr=0.0000  low=65 high=0  elapsed_s=123  attempts=3  state=ON  metric=rpr
2026-10-08T12:12:48Z  OBSERVE  checkoutservice->shippingservice  rpr=0.0000  low=65 high=0  elapsed_s=123  attempts=3  state=ON  metric=rpr
2026-10-08T12:12:48Z  OBSERVE  recommendationservice->productcatalogservice  rpr=0.0000  low=66 high=0  elapsed_s=124  attempts=3  state=ON  metric=rpr
2026-10-08T12:12:50Z  OBSERVE  frontend->adservice  rpr=0.0000  low=66 high=0  elapsed_s=125  attempts=3  state=ON  metric=rpr
2026-10-08T12:12:50Z  OBSERVE  frontend->cartservice  rpr=0.0000  low=67 high=0  elapsed_s=126  attempts=3  state=ON  metric=rpr
2026-10-08T12:12:50Z  OBSERVE  frontend->checkoutservice  rpr=0.0000  low=40 high=0  elapsed_s=78  attempts=3  state=ON  metric=rpr
2026-10-08T12:12:50Z  OBSERVE  frontend->currencyservice  rpr=0.0000  low=67 high=0  elapsed_s=126  attempts=3  state=ON  metric=rpr
2026-10-08T12:12:50Z  OBSERVE  frontend->productcatalogservice  rpr=0.0000  low=67 high=0  elapsed_s=126  attempts=3  state=ON  metric=rpr
2026-10-08T12:12:50Z  OBSERVE  frontend->recommendationservice  rpr=2.8102  low=0 high=12  elapsed_s=22  attempts=3  state=ON  metric=rpr
2026-10-08T12:12:50Z  OBSERVE  frontend->shippingservice  rpr=0.0000  low=67 high=0  elapsed_s=126  attempts=3  state=ON  metric=rpr
2026-10-08T12:12:50Z  OBSERVE  checkoutservice->cartservice  rpr=0.0000  low=66 high=0  elapsed_s=125  attempts=3  state=ON  metric=rpr
2026-10-08T12:12:50Z  OBSERVE  checkoutservice->currencyservice  rpr=0.0000  low=66 high=0  elapsed_s=125  attempts=3  state=ON  metric=rpr
2026-10-08T12:12:50Z  OBSERVE  checkoutservice->emailservice  rpr=0.0000  low=66 high=0  elapsed_s=125  attempts=3  state=ON  metric=rpr
2026-10-08T12:12:50Z  OBSERVE  checkoutservice->paymentservice  rpr=0.0000  low=66 high=0  elapsed_s=125  attempts=3  state=ON  metric=rpr
2026-10-08T12:12:50Z  OBSERVE  checkoutservice->shippingservice  rpr=0.0000  low=66 high=0  elapsed_s=125  attempts=3  state=ON  metric=rpr
2026-10-08T12:12:50Z  OBSERVE  recommendationservice->productcatalogservice  rpr=0.0000  low=67 high=0  elapsed_s=126  attempts=3  state=ON  metric=rpr
2026-10-08T12:12:52Z  OBSERVE  frontend->adservice  rpr=0.0000  low=67 high=0  elapsed_s=127  attempts=3  state=ON  metric=rpr
2026-10-08T12:12:52Z  OBSERVE  frontend->cartservice  rpr=0.0000  low=68 high=0  elapsed_s=128  attempts=3  state=ON  metric=rpr
2026-10-08T12:12:52Z  OBSERVE  frontend->checkoutservice  rpr=0.0000  low=41 high=0  elapsed_s=80  attempts=3  state=ON  metric=rpr
2026-10-08T12:12:52Z  OBSERVE  frontend->currencyservice  rpr=0.0000  low=68 high=0  elapsed_s=128  attempts=3  state=ON  metric=rpr
2026-10-08T12:12:52Z  OBSERVE  frontend->productcatalogservice  rpr=0.0000  low=68 high=0  elapsed_s=128  attempts=3  state=ON  metric=rpr
2026-10-08T12:12:52Z  OBSERVE  frontend->recommendationservice  rpr=2.9709  low=0 high=13  elapsed_s=24  attempts=3  state=ON  metric=rpr
2026-10-08T12:12:52Z  OBSERVE  recommendationservice->productcatalogservice  rpr=0.0000  low=68 high=0  elapsed_s=128  attempts=3  state=ON  metric=rpr
2026-10-08T12:12:54Z  OBSERVE  frontend->adservice  rpr=0.0000  low=68 high=0  elapsed_s=129  attempts=3  state=ON  metric=rpr
2026-10-08T12:12:54Z  OBSERVE  frontend->cartservice  rpr=0.0000  low=69 high=0  elapsed_s=130  attempts=3  state=ON  metric=rpr
2026-10-08T12:12:54Z  OBSERVE  frontend->checkoutservice  rpr=0.0000  low=42 high=0  elapsed_s=82  attempts=3  state=ON  metric=rpr
2026-10-08T12:12:54Z  OBSERVE  frontend->currencyservice  rpr=0.0000  low=69 high=0  elapsed_s=130  attempts=3  state=ON  metric=rpr
2026-10-08T12:12:54Z  OBSERVE  frontend->productcatalogservice  rpr=0.0000  low=69 high=0  elapsed_s=130  attempts=3  state=ON  metric=rpr
2026-10-08T12:12:54Z  OBSERVE  frontend->recommendationservice  rpr=3.0307  low=0 high=14  elapsed_s=26  attempts=3  state=ON  metric=rpr
2026-10-08T12:12:54Z  OBSERVE  frontend->shippingservice  rpr=0.0000  low=68 high=0  elapsed_s=130  attempts=3  state=ON  metric=rpr
2026-10-08T12:12:54Z  OBSERVE  checkoutservice->cartservice  rpr=0.0000  low=67 high=0  elapsed_s=129  attempts=3  state=ON  metric=rpr
2026-10-08T12:12:54Z  OBSERVE  checkoutservice->currencyservice  rpr=0.0000  low=67 high=0  elapsed_s=129  attempts=3  state=ON  metric=rpr
2026-10-08T12:12:54Z  OBSERVE  checkoutservice->emailservice  rpr=0.0000  low=67 high=0  elapsed_s=129  attempts=3  state=ON  metric=rpr
2026-10-08T12:12:54Z  OBSERVE  checkoutservice->paymentservice  rpr=0.0000  low=67 high=0  elapsed_s=129  attempts=3  state=ON  metric=rpr
2026-10-08T12:12:54Z  OBSERVE  checkoutservice->shippingservice  rpr=0.0000  low=67 high=0  elapsed_s=129  attempts=3  state=ON  metric=rpr
2026-10-08T12:12:54Z  OBSERVE  recommendationservice->productcatalogservice  rpr=0.0000  low=69 high=0  elapsed_s=130  attempts=3  state=ON  metric=rpr
2026-10-08T12:12:56Z  OBSERVE  frontend->adservice  rpr=0.0000  low=69 high=0  elapsed_s=131  attempts=3  state=ON  metric=rpr
2026-10-08T12:12:56Z  OBSERVE  frontend->cartservice  rpr=0.0000  low=70 high=0  elapsed_s=132  attempts=3  state=ON  metric=rpr
2026-10-08T12:12:56Z  OBSERVE  frontend->checkoutservice  rpr=0.0000  low=43 high=0  elapsed_s=84  attempts=3  state=ON  metric=rpr
2026-10-08T12:12:56Z  OBSERVE  frontend->currencyservice  rpr=0.0000  low=70 high=0  elapsed_s=132  attempts=3  state=ON  metric=rpr
2026-10-08T12:12:56Z  OBSERVE  frontend->productcatalogservice  rpr=0.0000  low=70 high=0  elapsed_s=132  attempts=3  state=ON  metric=rpr
2026-10-08T12:12:56Z  OBSERVE  frontend->recommendationservice  rpr=3.0314  low=0 high=15  elapsed_s=28  attempts=3  state=ON  metric=rpr
2026-10-08T12:12:56Z  OBSERVE  frontend->shippingservice  rpr=0.0000  low=69 high=0  elapsed_s=132  attempts=3  state=ON  metric=rpr
2026-10-08T12:12:56Z  OBSERVE  checkoutservice->cartservice  rpr=0.0000  low=68 high=0  elapsed_s=131  attempts=3  state=ON  metric=rpr
2026-10-08T12:12:56Z  OBSERVE  checkoutservice->currencyservice  rpr=0.0000  low=68 high=0  elapsed_s=131  attempts=3  state=ON  metric=rpr
2026-10-08T12:12:56Z  OBSERVE  checkoutservice->emailservice  rpr=0.0000  low=68 high=0  elapsed_s=131  attempts=3  state=ON  metric=rpr
2026-10-08T12:12:56Z  OBSERVE  checkoutservice->paymentservice  rpr=0.0000  low=68 high=0  elapsed_s=131  attempts=3  state=ON  metric=rpr
2026-10-08T12:12:56Z  OBSERVE  checkoutservice->shippingservice  rpr=0.0000  low=68 high=0  elapsed_s=131  attempts=3  state=ON  metric=rpr
2026-10-08T12:12:56Z  OBSERVE  recommendationservice->productcatalogservice  rpr=0.0000  low=70 high=0  elapsed_s=132  attempts=3  state=ON  metric=rpr
2026-10-08T12:12:57Z  OBSERVE  frontend->adservice  rpr=0.0000  low=70 high=0  elapsed_s=133  attempts=3  state=ON  metric=rpr
2026-10-08T12:12:57Z  OBSERVE  frontend->cartservice  rpr=0.0000  low=71 high=0  elapsed_s=134  attempts=3  state=ON  metric=rpr
2026-10-08T12:12:57Z  OBSERVE  frontend->checkoutservice  rpr=0.0000  low=44 high=0  elapsed_s=86  attempts=3  state=ON  metric=rpr
2026-10-08T12:12:57Z  OBSERVE  frontend->currencyservice  rpr=0.0000  low=71 high=0  elapsed_s=134  attempts=3  state=ON  metric=rpr
2026-10-08T12:12:57Z  OBSERVE  frontend->productcatalogservice  rpr=0.0000  low=71 high=0  elapsed_s=134  attempts=3  state=ON  metric=rpr
2026-10-08T12:12:57Z  OBSERVE  frontend->recommendationservice  rpr=3.1504  low=0 high=16  elapsed_s=30  attempts=3  state=ON  metric=rpr
2026-10-08T12:12:57Z  OBSERVE  frontend->shippingservice  rpr=0.0000  low=70 high=0  elapsed_s=134  attempts=3  state=ON  metric=rpr
2026-10-08T12:12:57Z  OBSERVE  checkoutservice->cartservice  rpr=0.0000  low=69 high=0  elapsed_s=133  attempts=3  state=ON  metric=rpr
2026-10-08T12:12:57Z  OBSERVE  checkoutservice->currencyservice  rpr=0.0000  low=69 high=0  elapsed_s=133  attempts=3  state=ON  metric=rpr
2026-10-08T12:12:57Z  OBSERVE  checkoutservice->emailservice  rpr=0.0000  low=69 high=0  elapsed_s=133  attempts=3  state=ON  metric=rpr
2026-10-08T12:12:57Z  OBSERVE  checkoutservice->paymentservice  rpr=0.0000  low=69 high=0  elapsed_s=133  attempts=3  state=ON  metric=rpr
2026-10-08T12:12:57Z  OBSERVE  checkoutservice->shippingservice  rpr=0.0000  low=69 high=0  elapsed_s=133  attempts=3  state=ON  metric=rpr
2026-10-08T12:12:57Z  OBSERVE  recommendationservice->productcatalogservice  rpr=0.0000  low=71 high=0  elapsed_s=134  attempts=3  state=ON  metric=rpr
2026-10-08T12:12:57Z  frontend->recommendationservice  ON→OFF   rpr=3.15  consecutive_high=16  attempts=0  from_attempts=3  metric=rpr  elapsed_s=30
2026-10-08T12:12:59Z  OBSERVE  frontend->adservice  rpr=0.0000  low=71 high=0  elapsed_s=135  attempts=3  state=ON  metric=rpr
2026-10-08T12:12:59Z  OBSERVE  frontend->cartservice  rpr=0.0000  low=72 high=0  elapsed_s=136  attempts=3  state=ON  metric=rpr
2026-10-08T12:12:59Z  OBSERVE  frontend->currencyservice  rpr=0.0000  low=72 high=0  elapsed_s=136  attempts=3  state=ON  metric=rpr
2026-10-08T12:12:59Z  OBSERVE  frontend->productcatalogservice  rpr=0.0000  low=72 high=0  elapsed_s=136  attempts=3  state=ON  metric=rpr
2026-10-08T12:12:59Z  OBSERVE  frontend->shippingservice  rpr=0.0000  low=71 high=0  elapsed_s=136  attempts=3  state=ON  metric=rpr
2026-10-08T12:12:59Z  OBSERVE  recommendationservice->productcatalogservice  rpr=0.0000  low=72 high=0  elapsed_s=136  attempts=3  state=ON  metric=rpr
2026-10-08T12:12:59Z  OBSERVE  recommendationservice  rejection=1.0580  low=0 high=1  elapsed_s=0  state=OFF  metric=rejection
2026-10-08T12:13:02Z  OBSERVE  frontend->adservice  rpr=0.0000  low=72 high=0  elapsed_s=137  attempts=3  state=ON  metric=rpr
2026-10-08T12:13:02Z  OBSERVE  frontend->cartservice  rpr=0.0000  low=73 high=0  elapsed_s=138  attempts=3  state=ON  metric=rpr
2026-10-08T12:13:02Z  OBSERVE  frontend->checkoutservice  rpr=0.0000  low=45 high=0  elapsed_s=90  attempts=3  state=ON  metric=rpr
2026-10-08T12:13:02Z  OBSERVE  frontend->currencyservice  rpr=0.0000  low=73 high=0  elapsed_s=138  attempts=3  state=ON  metric=rpr
2026-10-08T12:13:02Z  OBSERVE  frontend->productcatalogservice  rpr=0.0000  low=73 high=0  elapsed_s=138  attempts=3  state=ON  metric=rpr
2026-10-08T12:13:02Z  OBSERVE  frontend->shippingservice  rpr=0.0000  low=72 high=0  elapsed_s=138  attempts=3  state=ON  metric=rpr
2026-10-08T12:13:02Z  OBSERVE  checkoutservice->cartservice  rpr=0.0000  low=70 high=0  elapsed_s=137  attempts=3  state=ON  metric=rpr
2026-10-08T12:13:02Z  OBSERVE  checkoutservice->currencyservice  rpr=0.0000  low=70 high=0  elapsed_s=137  attempts=3  state=ON  metric=rpr
2026-10-08T12:13:02Z  OBSERVE  checkoutservice->emailservice  rpr=0.0000  low=70 high=0  elapsed_s=137  attempts=3  state=ON  metric=rpr
2026-10-08T12:13:02Z  OBSERVE  checkoutservice->paymentservice  rpr=0.0000  low=70 high=0  elapsed_s=137  attempts=3  state=ON  metric=rpr
2026-10-08T12:13:02Z  OBSERVE  checkoutservice->shippingservice  rpr=0.0000  low=70 high=0  elapsed_s=137  attempts=3  state=ON  metric=rpr
2026-10-08T12:13:02Z  OBSERVE  recommendationservice->productcatalogservice  rpr=0.0000  low=73 high=0  elapsed_s=138  attempts=3  state=ON  metric=rpr
2026-10-08T12:13:02Z  OBSERVE  recommendationservice  rejection=1.0424  low=0 high=2  elapsed_s=2  state=OFF  metric=rejection
2026-10-08T12:13:04Z  OBSERVE  frontend->adservice  rpr=0.0000  low=73 high=0  elapsed_s=139  attempts=3  state=ON  metric=rpr
2026-10-08T12:13:04Z  OBSERVE  frontend->cartservice  rpr=0.0000  low=74 high=0  elapsed_s=140  attempts=3  state=ON  metric=rpr
2026-10-08T12:13:04Z  OBSERVE  frontend->checkoutservice  rpr=0.0000  low=46 high=0  elapsed_s=92  attempts=3  state=ON  metric=rpr
2026-10-08T12:13:04Z  OBSERVE  frontend->currencyservice  rpr=0.0000  low=74 high=0  elapsed_s=140  attempts=3  state=ON  metric=rpr
2026-10-08T12:13:04Z  OBSERVE  frontend->productcatalogservice  rpr=0.0000  low=74 high=0  elapsed_s=140  attempts=3  state=ON  metric=rpr
2026-10-08T12:13:04Z  OBSERVE  frontend->shippingservice  rpr=0.0000  low=73 high=0  elapsed_s=140  attempts=3  state=ON  metric=rpr
2026-10-08T12:13:04Z  OBSERVE  checkoutservice->cartservice  rpr=0.0000  low=71 high=0  elapsed_s=139  attempts=3  state=ON  metric=rpr
2026-10-08T12:13:04Z  OBSERVE  checkoutservice->currencyservice  rpr=0.0000  low=71 high=0  elapsed_s=139  attempts=3  state=ON  metric=rpr
2026-10-08T12:13:04Z  OBSERVE  checkoutservice->emailservice  rpr=0.0000  low=71 high=0  elapsed_s=139  attempts=3  state=ON  metric=rpr
2026-10-08T12:13:04Z  OBSERVE  checkoutservice->paymentservice  rpr=0.0000  low=71 high=0  elapsed_s=139  attempts=3  state=ON  metric=rpr
2026-10-08T12:13:04Z  OBSERVE  checkoutservice->shippingservice  rpr=0.0000  low=71 high=0  elapsed_s=139  attempts=3  state=ON  metric=rpr
2026-10-08T12:13:04Z  OBSERVE  recommendationservice->productcatalogservice  rpr=0.0000  low=74 high=0  elapsed_s=140  attempts=3  state=ON  metric=rpr
2026-10-08T12:13:04Z  OBSERVE  recommendationservice  rejection=0.5050  low=0 high=3  elapsed_s=4  state=OFF  metric=rejection
2026-10-08T12:13:06Z  OBSERVE  frontend->adservice  rpr=0.0000  low=74 high=0  elapsed_s=141  attempts=3  state=ON  metric=rpr
2026-10-08T12:13:06Z  OBSERVE  frontend->cartservice  rpr=0.0000  low=75 high=0  elapsed_s=142  attempts=3  state=ON  metric=rpr
2026-10-08T12:13:06Z  OBSERVE  frontend->checkoutservice  rpr=0.0000  low=47 high=0  elapsed_s=94  attempts=3  state=ON  metric=rpr
2026-10-08T12:13:06Z  OBSERVE  frontend->currencyservice  rpr=0.0000  low=75 high=0  elapsed_s=142  attempts=3  state=ON  metric=rpr
2026-10-08T12:13:06Z  OBSERVE  frontend->productcatalogservice  rpr=0.0000  low=75 high=0  elapsed_s=142  attempts=3  state=ON  metric=rpr
2026-10-08T12:13:06Z  OBSERVE  frontend->shippingservice  rpr=0.0000  low=74 high=0  elapsed_s=142  attempts=3  state=ON  metric=rpr
2026-10-08T12:13:06Z  OBSERVE  checkoutservice->cartservice  rpr=0.0000  low=72 high=0  elapsed_s=141  attempts=3  state=ON  metric=rpr
2026-10-08T12:13:06Z  OBSERVE  checkoutservice->currencyservice  rpr=0.0000  low=72 high=0  elapsed_s=141  attempts=3  state=ON  metric=rpr
2026-10-08T12:13:06Z  OBSERVE  checkoutservice->emailservice  rpr=0.0000  low=72 high=0  elapsed_s=141  attempts=3  state=ON  metric=rpr
2026-10-08T12:13:06Z  OBSERVE  checkoutservice->paymentservice  rpr=0.0000  low=72 high=0  elapsed_s=141  attempts=3  state=ON  metric=rpr
2026-10-08T12:13:06Z  OBSERVE  checkoutservice->shippingservice  rpr=0.0000  low=72 high=0  elapsed_s=141  attempts=3  state=ON  metric=rpr
2026-10-08T12:13:06Z  OBSERVE  recommendationservice->productcatalogservice  rpr=0.0000  low=75 high=0  elapsed_s=142  attempts=3  state=ON  metric=rpr
2026-10-08T12:13:06Z  OBSERVE  recommendationservice  rejection=0.2380  low=0 high=4  elapsed_s=6  state=OFF  metric=rejection
2026-10-08T12:13:07Z  OBSERVE  frontend->adservice  rpr=0.0000  low=75 high=0  elapsed_s=143  attempts=3  state=ON  metric=rpr
2026-10-08T12:13:07Z  OBSERVE  frontend->cartservice  rpr=0.0000  low=76 high=0  elapsed_s=144  attempts=3  state=ON  metric=rpr
2026-10-08T12:13:07Z  OBSERVE  frontend->checkoutservice  rpr=0.0000  low=48 high=0  elapsed_s=96  attempts=3  state=ON  metric=rpr
2026-10-08T12:13:07Z  OBSERVE  frontend->currencyservice  rpr=0.0000  low=76 high=0  elapsed_s=144  attempts=3  state=ON  metric=rpr
2026-10-08T12:13:07Z  OBSERVE  frontend->productcatalogservice  rpr=0.0000  low=76 high=0  elapsed_s=144  attempts=3  state=ON  metric=rpr
2026-10-08T12:13:07Z  OBSERVE  frontend->shippingservice  rpr=0.0000  low=75 high=0  elapsed_s=144  attempts=3  state=ON  metric=rpr
2026-10-08T12:13:07Z  OBSERVE  checkoutservice->cartservice  rpr=0.0000  low=73 high=0  elapsed_s=143  attempts=3  state=ON  metric=rpr
2026-10-08T12:13:07Z  OBSERVE  checkoutservice->currencyservice  rpr=0.0000  low=73 high=0  elapsed_s=143  attempts=3  state=ON  metric=rpr
2026-10-08T12:13:07Z  OBSERVE  checkoutservice->emailservice  rpr=0.0000  low=73 high=0  elapsed_s=143  attempts=3  state=ON  metric=rpr
2026-10-08T12:13:07Z  OBSERVE  checkoutservice->paymentservice  rpr=0.0000  low=73 high=0  elapsed_s=143  attempts=3  state=ON  metric=rpr
2026-10-08T12:13:07Z  OBSERVE  checkoutservice->shippingservice  rpr=0.0000  low=73 high=0  elapsed_s=143  attempts=3  state=ON  metric=rpr
2026-10-08T12:13:07Z  OBSERVE  recommendationservice->productcatalogservice  rpr=0.0000  low=76 high=0  elapsed_s=144  attempts=3  state=ON  metric=rpr
2026-10-08T12:13:07Z  OBSERVE  recommendationservice  rejection=0.7172  low=0 high=5  elapsed_s=8  state=OFF  metric=rejection
2026-10-08T12:13:10Z  OBSERVE  frontend->adservice  rpr=0.0000  low=76 high=0  elapsed_s=145  attempts=3  state=ON  metric=rpr
2026-10-08T12:13:10Z  OBSERVE  frontend->cartservice  rpr=0.0000  low=77 high=0  elapsed_s=146  attempts=3  state=ON  metric=rpr
2026-10-08T12:13:10Z  OBSERVE  frontend->checkoutservice  rpr=0.0000  low=49 high=0  elapsed_s=98  attempts=3  state=ON  metric=rpr
2026-10-08T12:13:10Z  OBSERVE  frontend->currencyservice  rpr=0.0000  low=77 high=0  elapsed_s=146  attempts=3  state=ON  metric=rpr
2026-10-08T12:13:10Z  OBSERVE  frontend->productcatalogservice  rpr=0.0000  low=77 high=0  elapsed_s=146  attempts=3  state=ON  metric=rpr
2026-10-08T12:13:10Z  OBSERVE  frontend->shippingservice  rpr=0.0000  low=76 high=0  elapsed_s=146  attempts=3  state=ON  metric=rpr
2026-10-08T12:13:10Z  OBSERVE  checkoutservice->cartservice  rpr=0.0000  low=74 high=0  elapsed_s=145  attempts=3  state=ON  metric=rpr
2026-10-08T12:13:10Z  OBSERVE  checkoutservice->currencyservice  rpr=0.0000  low=74 high=0  elapsed_s=145  attempts=3  state=ON  metric=rpr
2026-10-08T12:13:10Z  OBSERVE  checkoutservice->emailservice  rpr=0.0000  low=74 high=0  elapsed_s=145  attempts=3  state=ON  metric=rpr
2026-10-08T12:13:10Z  OBSERVE  checkoutservice->paymentservice  rpr=0.0000  low=74 high=0  elapsed_s=145  attempts=3  state=ON  metric=rpr
2026-10-08T12:13:10Z  OBSERVE  checkoutservice->shippingservice  rpr=0.0000  low=74 high=0  elapsed_s=145  attempts=3  state=ON  metric=rpr
2026-10-08T12:13:10Z  OBSERVE  recommendationservice->productcatalogservice  rpr=0.0000  low=77 high=0  elapsed_s=146  attempts=3  state=ON  metric=rpr
2026-10-08T12:13:10Z  OBSERVE  recommendationservice  rejection=0.5434  low=0 high=6  elapsed_s=10  state=OFF  metric=rejection
2026-10-08T12:13:12Z  OBSERVE  frontend->adservice  rpr=0.0000  low=77 high=0  elapsed_s=147  attempts=3  state=ON  metric=rpr
2026-10-08T12:13:12Z  OBSERVE  frontend->cartservice  rpr=0.0000  low=78 high=0  elapsed_s=148  attempts=3  state=ON  metric=rpr
2026-10-08T12:13:12Z  OBSERVE  frontend->checkoutservice  rpr=0.0000  low=50 high=0  elapsed_s=100  attempts=3  state=ON  metric=rpr
2026-10-08T12:13:12Z  OBSERVE  frontend->currencyservice  rpr=0.0000  low=78 high=0  elapsed_s=148  attempts=3  state=ON  metric=rpr
2026-10-08T12:13:12Z  OBSERVE  frontend->productcatalogservice  rpr=0.0000  low=78 high=0  elapsed_s=148  attempts=3  state=ON  metric=rpr
2026-10-08T12:13:12Z  OBSERVE  frontend->shippingservice  rpr=0.0000  low=77 high=0  elapsed_s=148  attempts=3  state=ON  metric=rpr
2026-10-08T12:13:12Z  OBSERVE  checkoutservice->cartservice  rpr=0.0000  low=75 high=0  elapsed_s=147  attempts=3  state=ON  metric=rpr
2026-10-08T12:13:12Z  OBSERVE  checkoutservice->currencyservice  rpr=0.0000  low=75 high=0  elapsed_s=147  attempts=3  state=ON  metric=rpr
2026-10-08T12:13:12Z  OBSERVE  checkoutservice->emailservice  rpr=0.0000  low=75 high=0  elapsed_s=147  attempts=3  state=ON  metric=rpr
2026-10-08T12:13:12Z  OBSERVE  checkoutservice->paymentservice  rpr=0.0000  low=75 high=0  elapsed_s=147  attempts=3  state=ON  metric=rpr
2026-10-08T12:13:12Z  OBSERVE  checkoutservice->shippingservice  rpr=0.0000  low=75 high=0  elapsed_s=147  attempts=3  state=ON  metric=rpr
2026-10-08T12:13:12Z  OBSERVE  recommendationservice->productcatalogservice  rpr=0.0000  low=78 high=0  elapsed_s=148  attempts=3  state=ON  metric=rpr
2026-10-08T12:13:12Z  OBSERVE  recommendationservice  rejection=0.5304  low=0 high=7  elapsed_s=12  state=OFF  metric=rejection
2026-10-08T12:13:13Z  OBSERVE  frontend->adservice  rpr=0.0000  low=78 high=0  elapsed_s=149  attempts=3  state=ON  metric=rpr
2026-10-08T12:13:13Z  OBSERVE  frontend->cartservice  rpr=0.0000  low=79 high=0  elapsed_s=150  attempts=3  state=ON  metric=rpr
2026-10-08T12:13:13Z  OBSERVE  frontend->checkoutservice  rpr=0.0000  low=51 high=0  elapsed_s=102  attempts=3  state=ON  metric=rpr
2026-10-08T12:13:13Z  OBSERVE  frontend->currencyservice  rpr=0.0000  low=79 high=0  elapsed_s=150  attempts=3  state=ON  metric=rpr
2026-10-08T12:13:13Z  OBSERVE  frontend->productcatalogservice  rpr=0.0000  low=79 high=0  elapsed_s=150  attempts=3  state=ON  metric=rpr
2026-10-08T12:13:13Z  OBSERVE  frontend->shippingservice  rpr=0.0000  low=78 high=0  elapsed_s=150  attempts=3  state=ON  metric=rpr
2026-10-08T12:13:13Z  OBSERVE  checkoutservice->cartservice  rpr=0.0000  low=76 high=0  elapsed_s=149  attempts=3  state=ON  metric=rpr
2026-10-08T12:13:13Z  OBSERVE  checkoutservice->currencyservice  rpr=0.0000  low=76 high=0  elapsed_s=149  attempts=3  state=ON  metric=rpr
2026-10-08T12:13:13Z  OBSERVE  checkoutservice->emailservice  rpr=0.0000  low=76 high=0  elapsed_s=149  attempts=3  state=ON  metric=rpr
2026-10-08T12:13:13Z  OBSERVE  checkoutservice->paymentservice  rpr=0.0000  low=76 high=0  elapsed_s=149  attempts=3  state=ON  metric=rpr
2026-10-08T12:13:13Z  OBSERVE  checkoutservice->shippingservice  rpr=0.0000  low=76 high=0  elapsed_s=149  attempts=3  state=ON  metric=rpr
2026-10-08T12:13:13Z  OBSERVE  recommendationservice->productcatalogservice  rpr=0.0000  low=79 high=0  elapsed_s=150  attempts=3  state=ON  metric=rpr
2026-10-08T12:13:13Z  OBSERVE  recommendationservice  rejection=0.5113  low=0 high=8  elapsed_s=14  state=OFF  metric=rejection
2026-10-08T12:13:15Z  OBSERVE  frontend->adservice  rpr=0.0000  low=79 high=0  elapsed_s=151  attempts=3  state=ON  metric=rpr
2026-10-08T12:13:15Z  OBSERVE  frontend->cartservice  rpr=0.0000  low=80 high=0  elapsed_s=152  attempts=3  state=ON  metric=rpr
2026-10-08T12:13:15Z  OBSERVE  frontend->checkoutservice  rpr=0.0000  low=52 high=0  elapsed_s=104  attempts=3  state=ON  metric=rpr
2026-10-08T12:13:15Z  OBSERVE  frontend->currencyservice  rpr=0.0000  low=80 high=0  elapsed_s=152  attempts=3  state=ON  metric=rpr
2026-10-08T12:13:15Z  OBSERVE  frontend->productcatalogservice  rpr=0.0000  low=80 high=0  elapsed_s=152  attempts=3  state=ON  metric=rpr
2026-10-08T12:13:15Z  OBSERVE  frontend->shippingservice  rpr=0.0000  low=79 high=0  elapsed_s=152  attempts=3  state=ON  metric=rpr
2026-10-08T12:13:15Z  OBSERVE  checkoutservice->cartservice  rpr=0.0000  low=77 high=0  elapsed_s=151  attempts=3  state=ON  metric=rpr
2026-10-08T12:13:15Z  OBSERVE  checkoutservice->currencyservice  rpr=0.0000  low=77 high=0  elapsed_s=151  attempts=3  state=ON  metric=rpr
2026-10-08T12:13:15Z  OBSERVE  checkoutservice->emailservice  rpr=0.0000  low=77 high=0  elapsed_s=151  attempts=3  state=ON  metric=rpr
2026-10-08T12:13:15Z  OBSERVE  checkoutservice->paymentservice  rpr=0.0000  low=77 high=0  elapsed_s=151  attempts=3  state=ON  metric=rpr
2026-10-08T12:13:15Z  OBSERVE  checkoutservice->shippingservice  rpr=0.0000  low=77 high=0  elapsed_s=151  attempts=3  state=ON  metric=rpr
2026-10-08T12:13:15Z  OBSERVE  recommendationservice->productcatalogservice  rpr=0.0000  low=80 high=0  elapsed_s=152  attempts=3  state=ON  metric=rpr
2026-10-08T12:13:15Z  OBSERVE  recommendationservice  rejection=0.4557  low=0 high=9  elapsed_s=16  state=OFF  metric=rejection
2026-10-08T12:13:17Z  OBSERVE  frontend->adservice  rpr=0.0000  low=80 high=0  elapsed_s=153  attempts=3  state=ON  metric=rpr
2026-10-08T12:13:17Z  OBSERVE  frontend->cartservice  rpr=0.0000  low=81 high=0  elapsed_s=154  attempts=3  state=ON  metric=rpr
2026-10-08T12:13:17Z  OBSERVE  frontend->checkoutservice  rpr=0.0000  low=53 high=0  elapsed_s=106  attempts=3  state=ON  metric=rpr
2026-10-08T12:13:17Z  OBSERVE  frontend->currencyservice  rpr=0.0000  low=81 high=0  elapsed_s=154  attempts=3  state=ON  metric=rpr
2026-10-08T12:13:17Z  OBSERVE  frontend->productcatalogservice  rpr=0.0000  low=81 high=0  elapsed_s=154  attempts=3  state=ON  metric=rpr
2026-10-08T12:13:17Z  OBSERVE  frontend->shippingservice  rpr=0.0000  low=80 high=0  elapsed_s=154  attempts=3  state=ON  metric=rpr
2026-10-08T12:13:17Z  OBSERVE  checkoutservice->cartservice  rpr=0.0000  low=78 high=0  elapsed_s=153  attempts=3  state=ON  metric=rpr
2026-10-08T12:13:17Z  OBSERVE  checkoutservice->currencyservice  rpr=0.0000  low=78 high=0  elapsed_s=153  attempts=3  state=ON  metric=rpr
2026-10-08T12:13:17Z  OBSERVE  checkoutservice->emailservice  rpr=0.0000  low=78 high=0  elapsed_s=153  attempts=3  state=ON  metric=rpr
2026-10-08T12:13:17Z  OBSERVE  checkoutservice->paymentservice  rpr=0.0000  low=78 high=0  elapsed_s=153  attempts=3  state=ON  metric=rpr
2026-10-08T12:13:17Z  OBSERVE  checkoutservice->shippingservice  rpr=0.0000  low=78 high=0  elapsed_s=153  attempts=3  state=ON  metric=rpr
2026-10-08T12:13:17Z  OBSERVE  recommendationservice->productcatalogservice  rpr=0.0000  low=81 high=0  elapsed_s=154  attempts=3  state=ON  metric=rpr
2026-10-08T12:13:17Z  OBSERVE  recommendationservice  rejection=0.4949  low=0 high=10  elapsed_s=18  state=OFF  metric=rejection
2026-10-08T12:13:19Z  OBSERVE  frontend->adservice  rpr=0.0000  low=81 high=0  elapsed_s=155  attempts=3  state=ON  metric=rpr
2026-10-08T12:13:19Z  OBSERVE  frontend->cartservice  rpr=0.0000  low=82 high=0  elapsed_s=156  attempts=3  state=ON  metric=rpr
2026-10-08T12:13:19Z  OBSERVE  frontend->checkoutservice  rpr=0.0000  low=54 high=0  elapsed_s=108  attempts=3  state=ON  metric=rpr
2026-10-08T12:13:19Z  OBSERVE  frontend->currencyservice  rpr=0.0000  low=82 high=0  elapsed_s=156  attempts=3  state=ON  metric=rpr
2026-10-08T12:13:19Z  OBSERVE  frontend->productcatalogservice  rpr=0.0000  low=82 high=0  elapsed_s=156  attempts=3  state=ON  metric=rpr
2026-10-08T12:13:19Z  OBSERVE  frontend->shippingservice  rpr=0.0000  low=81 high=0  elapsed_s=156  attempts=3  state=ON  metric=rpr
2026-10-08T12:13:19Z  OBSERVE  checkoutservice->cartservice  rpr=0.0000  low=79 high=0  elapsed_s=155  attempts=3  state=ON  metric=rpr
2026-10-08T12:13:19Z  OBSERVE  checkoutservice->currencyservice  rpr=0.0000  low=79 high=0  elapsed_s=155  attempts=3  state=ON  metric=rpr
2026-10-08T12:13:19Z  OBSERVE  checkoutservice->emailservice  rpr=0.0000  low=79 high=0  elapsed_s=155  attempts=3  state=ON  metric=rpr
2026-10-08T12:13:19Z  OBSERVE  checkoutservice->paymentservice  rpr=0.0000  low=79 high=0  elapsed_s=155  attempts=3  state=ON  metric=rpr
2026-10-08T12:13:19Z  OBSERVE  checkoutservice->shippingservice  rpr=0.0000  low=79 high=0  elapsed_s=155  attempts=3  state=ON  metric=rpr
2026-10-08T12:13:19Z  OBSERVE  recommendationservice->productcatalogservice  rpr=0.0000  low=82 high=0  elapsed_s=156  attempts=3  state=ON  metric=rpr
2026-10-08T12:13:19Z  OBSERVE  recommendationservice  rejection=0.5894  low=0 high=11  elapsed_s=20  state=OFF  metric=rejection
2026-10-08T12:13:21Z  OBSERVE  frontend->adservice  rpr=0.0000  low=82 high=0  elapsed_s=157  attempts=3  state=ON  metric=rpr
2026-10-08T12:13:21Z  OBSERVE  frontend->cartservice  rpr=0.0000  low=83 high=0  elapsed_s=158  attempts=3  state=ON  metric=rpr
2026-10-08T12:13:21Z  OBSERVE  frontend->checkoutservice  rpr=0.0000  low=55 high=0  elapsed_s=110  attempts=3  state=ON  metric=rpr
2026-10-08T12:13:21Z  OBSERVE  frontend->currencyservice  rpr=0.0000  low=83 high=0  elapsed_s=158  attempts=3  state=ON  metric=rpr
2026-10-08T12:13:21Z  OBSERVE  frontend->productcatalogservice  rpr=0.0000  low=83 high=0  elapsed_s=158  attempts=3  state=ON  metric=rpr
2026-10-08T12:13:21Z  OBSERVE  frontend->shippingservice  rpr=0.0000  low=82 high=0  elapsed_s=158  attempts=3  state=ON  metric=rpr
2026-10-08T12:13:21Z  OBSERVE  checkoutservice->cartservice  rpr=0.0000  low=80 high=0  elapsed_s=157  attempts=3  state=ON  metric=rpr
2026-10-08T12:13:21Z  OBSERVE  checkoutservice->currencyservice  rpr=0.0000  low=80 high=0  elapsed_s=157  attempts=3  state=ON  metric=rpr
2026-10-08T12:13:21Z  OBSERVE  checkoutservice->emailservice  rpr=0.0000  low=80 high=0  elapsed_s=157  attempts=3  state=ON  metric=rpr
2026-10-08T12:13:21Z  OBSERVE  checkoutservice->paymentservice  rpr=0.0000  low=80 high=0  elapsed_s=157  attempts=3  state=ON  metric=rpr
2026-10-08T12:13:21Z  OBSERVE  checkoutservice->shippingservice  rpr=0.0000  low=80 high=0  elapsed_s=157  attempts=3  state=ON  metric=rpr
2026-10-08T12:13:21Z  OBSERVE  recommendationservice->productcatalogservice  rpr=0.0000  low=83 high=0  elapsed_s=158  attempts=3  state=ON  metric=rpr
2026-10-08T12:13:21Z  OBSERVE  recommendationservice  rejection=0.6536  low=0 high=12  elapsed_s=22  state=OFF  metric=rejection
2026-10-08T12:13:23Z  OBSERVE  frontend->adservice  rpr=0.0000  low=83 high=0  elapsed_s=159  attempts=3  state=ON  metric=rpr
2026-10-08T12:13:23Z  OBSERVE  frontend->cartservice  rpr=0.0000  low=84 high=0  elapsed_s=160  attempts=3  state=ON  metric=rpr
2026-10-08T12:13:23Z  OBSERVE  frontend->checkoutservice  rpr=0.0000  low=56 high=0  elapsed_s=112  attempts=3  state=ON  metric=rpr
2026-10-08T12:13:23Z  OBSERVE  frontend->currencyservice  rpr=0.0000  low=84 high=0  elapsed_s=160  attempts=3  state=ON  metric=rpr
2026-10-08T12:13:23Z  OBSERVE  frontend->productcatalogservice  rpr=0.0000  low=84 high=0  elapsed_s=160  attempts=3  state=ON  metric=rpr
2026-10-08T12:13:23Z  OBSERVE  frontend->shippingservice  rpr=0.0000  low=83 high=0  elapsed_s=160  attempts=3  state=ON  metric=rpr
2026-10-08T12:13:23Z  OBSERVE  checkoutservice->cartservice  rpr=0.0000  low=81 high=0  elapsed_s=159  attempts=3  state=ON  metric=rpr
2026-10-08T12:13:23Z  OBSERVE  checkoutservice->currencyservice  rpr=0.0000  low=81 high=0  elapsed_s=159  attempts=3  state=ON  metric=rpr
2026-10-08T12:13:23Z  OBSERVE  checkoutservice->emailservice  rpr=0.0000  low=81 high=0  elapsed_s=159  attempts=3  state=ON  metric=rpr
2026-10-08T12:13:23Z  OBSERVE  checkoutservice->paymentservice  rpr=0.0000  low=81 high=0  elapsed_s=159  attempts=3  state=ON  metric=rpr
2026-10-08T12:13:23Z  OBSERVE  checkoutservice->shippingservice  rpr=0.0000  low=81 high=0  elapsed_s=159  attempts=3  state=ON  metric=rpr
2026-10-08T12:13:23Z  OBSERVE  recommendationservice->productcatalogservice  rpr=0.0000  low=84 high=0  elapsed_s=160  attempts=3  state=ON  metric=rpr
2026-10-08T12:13:23Z  OBSERVE  recommendationservice  rejection=0.5918  low=0 high=13  elapsed_s=24  state=OFF  metric=rejection
2026-10-08T12:13:25Z  OBSERVE  frontend->adservice  rpr=0.0000  low=84 high=0  elapsed_s=161  attempts=3  state=ON  metric=rpr
2026-10-08T12:13:25Z  OBSERVE  frontend->cartservice  rpr=0.0000  low=85 high=0  elapsed_s=162  attempts=3  state=ON  metric=rpr
2026-10-08T12:13:25Z  OBSERVE  frontend->checkoutservice  rpr=0.0000  low=57 high=0  elapsed_s=114  attempts=3  state=ON  metric=rpr
2026-10-08T12:13:25Z  OBSERVE  frontend->currencyservice  rpr=0.0000  low=85 high=0  elapsed_s=162  attempts=3  state=ON  metric=rpr
2026-10-08T12:13:25Z  OBSERVE  frontend->productcatalogservice  rpr=0.0000  low=85 high=0  elapsed_s=162  attempts=3  state=ON  metric=rpr
2026-10-08T12:13:25Z  OBSERVE  frontend->shippingservice  rpr=0.0000  low=84 high=0  elapsed_s=162  attempts=3  state=ON  metric=rpr
2026-10-08T12:13:25Z  OBSERVE  checkoutservice->cartservice  rpr=0.0000  low=82 high=0  elapsed_s=161  attempts=3  state=ON  metric=rpr
2026-10-08T12:13:25Z  OBSERVE  checkoutservice->currencyservice  rpr=0.0000  low=82 high=0  elapsed_s=161  attempts=3  state=ON  metric=rpr
2026-10-08T12:13:25Z  OBSERVE  checkoutservice->emailservice  rpr=0.0000  low=82 high=0  elapsed_s=161  attempts=3  state=ON  metric=rpr
2026-10-08T12:13:25Z  OBSERVE  checkoutservice->paymentservice  rpr=0.0000  low=82 high=0  elapsed_s=161  attempts=3  state=ON  metric=rpr
2026-10-08T12:13:25Z  OBSERVE  checkoutservice->shippingservice  rpr=0.0000  low=82 high=0  elapsed_s=161  attempts=3  state=ON  metric=rpr
2026-10-08T12:13:25Z  OBSERVE  recommendationservice->productcatalogservice  rpr=0.0000  low=85 high=0  elapsed_s=162  attempts=3  state=ON  metric=rpr
2026-10-08T12:13:25Z  OBSERVE  recommendationservice  rejection=0.4830  low=0 high=14  elapsed_s=26  state=OFF  metric=rejection
2026-10-08T12:13:27Z  OBSERVE  frontend->adservice  rpr=0.0000  low=85 high=0  elapsed_s=163  attempts=3  state=ON  metric=rpr
2026-10-08T12:13:27Z  OBSERVE  frontend->cartservice  rpr=0.0000  low=86 high=0  elapsed_s=164  attempts=3  state=ON  metric=rpr
2026-10-08T12:13:27Z  OBSERVE  frontend->checkoutservice  rpr=0.0000  low=58 high=0  elapsed_s=116  attempts=3  state=ON  metric=rpr
2026-10-08T12:13:27Z  OBSERVE  frontend->currencyservice  rpr=0.0000  low=86 high=0  elapsed_s=164  attempts=3  state=ON  metric=rpr
2026-10-08T12:13:27Z  OBSERVE  frontend->productcatalogservice  rpr=0.0000  low=86 high=0  elapsed_s=164  attempts=3  state=ON  metric=rpr
2026-10-08T12:13:27Z  OBSERVE  frontend->shippingservice  rpr=0.0000  low=85 high=0  elapsed_s=164  attempts=3  state=ON  metric=rpr
2026-10-08T12:13:27Z  OBSERVE  checkoutservice->cartservice  rpr=0.0000  low=83 high=0  elapsed_s=163  attempts=3  state=ON  metric=rpr
2026-10-08T12:13:27Z  OBSERVE  checkoutservice->currencyservice  rpr=0.0000  low=83 high=0  elapsed_s=163  attempts=3  state=ON  metric=rpr
2026-10-08T12:13:27Z  OBSERVE  checkoutservice->emailservice  rpr=0.0000  low=83 high=0  elapsed_s=163  attempts=3  state=ON  metric=rpr
2026-10-08T12:13:27Z  OBSERVE  checkoutservice->paymentservice  rpr=0.0000  low=83 high=0  elapsed_s=163  attempts=3  state=ON  metric=rpr
2026-10-08T12:13:27Z  OBSERVE  checkoutservice->shippingservice  rpr=0.0000  low=83 high=0  elapsed_s=163  attempts=3  state=ON  metric=rpr
2026-10-08T12:13:27Z  OBSERVE  recommendationservice->productcatalogservice  rpr=0.0000  low=86 high=0  elapsed_s=164  attempts=3  state=ON  metric=rpr
2026-10-08T12:13:27Z  OBSERVE  recommendationservice  rejection=0.6045  low=0 high=15  elapsed_s=28  state=OFF  metric=rejection
2026-10-08T12:13:29Z  OBSERVE  frontend->adservice  rpr=0.0000  low=86 high=0  elapsed_s=165  attempts=3  state=ON  metric=rpr
2026-10-08T12:13:29Z  OBSERVE  frontend->cartservice  rpr=0.0000  low=87 high=0  elapsed_s=166  attempts=3  state=ON  metric=rpr
2026-10-08T12:13:29Z  OBSERVE  frontend->checkoutservice  rpr=0.0000  low=59 high=0  elapsed_s=118  attempts=3  state=ON  metric=rpr
2026-10-08T12:13:29Z  OBSERVE  frontend->currencyservice  rpr=0.0000  low=87 high=0  elapsed_s=166  attempts=3  state=ON  metric=rpr
2026-10-08T12:13:29Z  OBSERVE  frontend->productcatalogservice  rpr=0.0000  low=87 high=0  elapsed_s=166  attempts=3  state=ON  metric=rpr
2026-10-08T12:13:29Z  OBSERVE  frontend->shippingservice  rpr=0.0000  low=86 high=0  elapsed_s=166  attempts=3  state=ON  metric=rpr
2026-10-08T12:13:29Z  OBSERVE  checkoutservice->cartservice  rpr=0.0000  low=84 high=0  elapsed_s=165  attempts=3  state=ON  metric=rpr
2026-10-08T12:13:29Z  OBSERVE  checkoutservice->currencyservice  rpr=0.0000  low=84 high=0  elapsed_s=165  attempts=3  state=ON  metric=rpr
2026-10-08T12:13:29Z  OBSERVE  checkoutservice->emailservice  rpr=0.0000  low=84 high=0  elapsed_s=165  attempts=3  state=ON  metric=rpr
2026-10-08T12:13:29Z  OBSERVE  checkoutservice->paymentservice  rpr=0.0000  low=84 high=0  elapsed_s=165  attempts=3  state=ON  metric=rpr
2026-10-08T12:13:29Z  OBSERVE  checkoutservice->shippingservice  rpr=0.0000  low=84 high=0  elapsed_s=165  attempts=3  state=ON  metric=rpr
2026-10-08T12:13:29Z  OBSERVE  recommendationservice->productcatalogservice  rpr=0.0000  low=87 high=0  elapsed_s=166  attempts=3  state=ON  metric=rpr
2026-10-08T12:13:29Z  OBSERVE  recommendationservice  rejection=0.4429  low=0 high=16  elapsed_s=30  state=OFF  metric=rejection
2026-10-08T12:13:32Z  OBSERVE  frontend->adservice  rpr=0.0000  low=87 high=0  elapsed_s=167  attempts=3  state=ON  metric=rpr
2026-10-08T12:13:32Z  OBSERVE  frontend->cartservice  rpr=0.0000  low=88 high=0  elapsed_s=168  attempts=3  state=ON  metric=rpr
2026-10-08T12:13:32Z  OBSERVE  frontend->checkoutservice  rpr=0.0000  low=60 high=0  elapsed_s=120  attempts=3  state=ON  metric=rpr
2026-10-08T12:13:32Z  OBSERVE  frontend->currencyservice  rpr=0.0000  low=88 high=0  elapsed_s=168  attempts=3  state=ON  metric=rpr
2026-10-08T12:13:32Z  OBSERVE  frontend->productcatalogservice  rpr=0.0000  low=88 high=0  elapsed_s=168  attempts=3  state=ON  metric=rpr
2026-10-08T12:13:32Z  OBSERVE  frontend->shippingservice  rpr=0.0000  low=87 high=0  elapsed_s=168  attempts=3  state=ON  metric=rpr
2026-10-08T12:13:32Z  OBSERVE  checkoutservice->cartservice  rpr=0.0000  low=85 high=0  elapsed_s=167  attempts=3  state=ON  metric=rpr
2026-10-08T12:13:32Z  OBSERVE  checkoutservice->currencyservice  rpr=0.0000  low=85 high=0  elapsed_s=167  attempts=3  state=ON  metric=rpr
2026-10-08T12:13:32Z  OBSERVE  checkoutservice->emailservice  rpr=0.0000  low=85 high=0  elapsed_s=167  attempts=3  state=ON  metric=rpr
2026-10-08T12:13:32Z  OBSERVE  checkoutservice->paymentservice  rpr=0.0000  low=85 high=0  elapsed_s=167  attempts=3  state=ON  metric=rpr
2026-10-08T12:13:32Z  OBSERVE  checkoutservice->shippingservice  rpr=0.0000  low=85 high=0  elapsed_s=167  attempts=3  state=ON  metric=rpr
2026-10-08T12:13:32Z  OBSERVE  recommendationservice->productcatalogservice  rpr=0.0000  low=88 high=0  elapsed_s=168  attempts=3  state=ON  metric=rpr
2026-10-08T12:13:32Z  OBSERVE  recommendationservice  rejection=0.4982  low=0 high=17  elapsed_s=32  state=OFF  metric=rejection
2026-10-08T12:13:33Z  OBSERVE  frontend->adservice  rpr=0.0000  low=88 high=0  elapsed_s=169  attempts=3  state=ON  metric=rpr
2026-10-08T12:13:33Z  OBSERVE  frontend->cartservice  rpr=0.0000  low=89 high=0  elapsed_s=170  attempts=3  state=ON  metric=rpr
2026-10-08T12:13:33Z  OBSERVE  frontend->checkoutservice  rpr=0.0000  low=61 high=0  elapsed_s=122  attempts=3  state=ON  metric=rpr
2026-10-08T12:13:33Z  OBSERVE  frontend->currencyservice  rpr=0.0000  low=89 high=0  elapsed_s=170  attempts=3  state=ON  metric=rpr
2026-10-08T12:13:33Z  OBSERVE  frontend->productcatalogservice  rpr=0.0000  low=89 high=0  elapsed_s=170  attempts=3  state=ON  metric=rpr
2026-10-08T12:13:33Z  OBSERVE  frontend->shippingservice  rpr=0.0000  low=88 high=0  elapsed_s=170  attempts=3  state=ON  metric=rpr
2026-10-08T12:13:33Z  OBSERVE  checkoutservice->cartservice  rpr=0.0000  low=86 high=0  elapsed_s=169  attempts=3  state=ON  metric=rpr
2026-10-08T12:13:33Z  OBSERVE  checkoutservice->currencyservice  rpr=0.0000  low=86 high=0  elapsed_s=169  attempts=3  state=ON  metric=rpr
2026-10-08T12:13:33Z  OBSERVE  checkoutservice->emailservice  rpr=0.0000  low=86 high=0  elapsed_s=169  attempts=3  state=ON  metric=rpr
2026-10-08T12:13:33Z  OBSERVE  checkoutservice->paymentservice  rpr=0.0000  low=86 high=0  elapsed_s=169  attempts=3  state=ON  metric=rpr
2026-10-08T12:13:33Z  OBSERVE  checkoutservice->shippingservice  rpr=0.0000  low=86 high=0  elapsed_s=169  attempts=3  state=ON  metric=rpr
2026-10-08T12:13:33Z  OBSERVE  recommendationservice->productcatalogservice  rpr=0.0000  low=89 high=0  elapsed_s=170  attempts=3  state=ON  metric=rpr
2026-10-08T12:13:33Z  OBSERVE  recommendationservice  rejection=0.5317  low=0 high=18  elapsed_s=34  state=OFF  metric=rejection
2026-10-08T12:13:35Z  OBSERVE  frontend->adservice  rpr=0.0000  low=89 high=0  elapsed_s=171  attempts=3  state=ON  metric=rpr
2026-10-08T12:13:35Z  OBSERVE  frontend->cartservice  rpr=0.0000  low=90 high=0  elapsed_s=172  attempts=3  state=ON  metric=rpr
2026-10-08T12:13:35Z  OBSERVE  frontend->checkoutservice  rpr=0.0000  low=62 high=0  elapsed_s=124  attempts=3  state=ON  metric=rpr
2026-10-08T12:13:35Z  OBSERVE  frontend->currencyservice  rpr=0.0000  low=90 high=0  elapsed_s=172  attempts=3  state=ON  metric=rpr
2026-10-08T12:13:35Z  OBSERVE  frontend->productcatalogservice  rpr=0.0000  low=90 high=0  elapsed_s=172  attempts=3  state=ON  metric=rpr
2026-10-08T12:13:35Z  OBSERVE  frontend->shippingservice  rpr=0.0000  low=89 high=0  elapsed_s=172  attempts=3  state=ON  metric=rpr
2026-10-08T12:13:35Z  OBSERVE  checkoutservice->cartservice  rpr=0.0000  low=87 high=0  elapsed_s=171  attempts=3  state=ON  metric=rpr
2026-10-08T12:13:35Z  OBSERVE  checkoutservice->currencyservice  rpr=0.0000  low=87 high=0  elapsed_s=171  attempts=3  state=ON  metric=rpr
2026-10-08T12:13:35Z  OBSERVE  checkoutservice->emailservice  rpr=0.0000  low=87 high=0  elapsed_s=171  attempts=3  state=ON  metric=rpr
2026-10-08T12:13:35Z  OBSERVE  checkoutservice->paymentservice  rpr=0.0000  low=87 high=0  elapsed_s=171  attempts=3  state=ON  metric=rpr
2026-10-08T12:13:35Z  OBSERVE  checkoutservice->shippingservice  rpr=0.0000  low=87 high=0  elapsed_s=171  attempts=3  state=ON  metric=rpr
2026-10-08T12:13:35Z  OBSERVE  recommendationservice->productcatalogservice  rpr=0.0000  low=90 high=0  elapsed_s=172  attempts=3  state=ON  metric=rpr
2026-10-08T12:13:35Z  OBSERVE  recommendationservice  rejection=0.4975  low=0 high=19  elapsed_s=36  state=OFF  metric=rejection
2026-10-08T12:13:37Z  OBSERVE  frontend->adservice  rpr=0.0000  low=90 high=0  elapsed_s=173  attempts=3  state=ON  metric=rpr
2026-10-08T12:13:37Z  OBSERVE  frontend->cartservice  rpr=0.0000  low=91 high=0  elapsed_s=174  attempts=3  state=ON  metric=rpr
2026-10-08T12:13:37Z  OBSERVE  frontend->checkoutservice  rpr=0.0000  low=63 high=0  elapsed_s=126  attempts=3  state=ON  metric=rpr
2026-10-08T12:13:37Z  OBSERVE  frontend->currencyservice  rpr=0.0000  low=91 high=0  elapsed_s=174  attempts=3  state=ON  metric=rpr
2026-10-08T12:13:37Z  OBSERVE  frontend->productcatalogservice  rpr=0.0000  low=91 high=0  elapsed_s=174  attempts=3  state=ON  metric=rpr
2026-10-08T12:13:37Z  OBSERVE  frontend->shippingservice  rpr=0.0000  low=90 high=0  elapsed_s=174  attempts=3  state=ON  metric=rpr
2026-10-08T12:13:37Z  OBSERVE  checkoutservice->cartservice  rpr=0.0000  low=88 high=0  elapsed_s=173  attempts=3  state=ON  metric=rpr
2026-10-08T12:13:37Z  OBSERVE  checkoutservice->currencyservice  rpr=0.0000  low=88 high=0  elapsed_s=173  attempts=3  state=ON  metric=rpr
2026-10-08T12:13:37Z  OBSERVE  checkoutservice->emailservice  rpr=0.0000  low=88 high=0  elapsed_s=173  attempts=3  state=ON  metric=rpr
2026-10-08T12:13:37Z  OBSERVE  checkoutservice->paymentservice  rpr=0.0000  low=88 high=0  elapsed_s=173  attempts=3  state=ON  metric=rpr
2026-10-08T12:13:37Z  OBSERVE  checkoutservice->shippingservice  rpr=0.0000  low=88 high=0  elapsed_s=173  attempts=3  state=ON  metric=rpr
2026-10-08T12:13:37Z  OBSERVE  recommendationservice->productcatalogservice  rpr=0.0000  low=91 high=0  elapsed_s=174  attempts=3  state=ON  metric=rpr
2026-10-08T12:13:37Z  OBSERVE  recommendationservice  rejection=0.6575  low=0 high=20  elapsed_s=38  state=OFF  metric=rejection
2026-10-08T12:13:39Z  OBSERVE  frontend->adservice  rpr=0.0000  low=91 high=0  elapsed_s=175  attempts=3  state=ON  metric=rpr
2026-10-08T12:13:39Z  OBSERVE  frontend->cartservice  rpr=0.0000  low=92 high=0  elapsed_s=176  attempts=3  state=ON  metric=rpr
2026-10-08T12:13:39Z  OBSERVE  frontend->checkoutservice  rpr=0.0000  low=64 high=0  elapsed_s=128  attempts=3  state=ON  metric=rpr
2026-10-08T12:13:39Z  OBSERVE  frontend->currencyservice  rpr=0.0000  low=92 high=0  elapsed_s=176  attempts=3  state=ON  metric=rpr
2026-10-08T12:13:39Z  OBSERVE  frontend->productcatalogservice  rpr=0.0000  low=92 high=0  elapsed_s=176  attempts=3  state=ON  metric=rpr
2026-10-08T12:13:39Z  OBSERVE  frontend->shippingservice  rpr=0.0000  low=91 high=0  elapsed_s=176  attempts=3  state=ON  metric=rpr
2026-10-08T12:13:39Z  OBSERVE  checkoutservice->cartservice  rpr=0.0000  low=89 high=0  elapsed_s=175  attempts=3  state=ON  metric=rpr
2026-10-08T12:13:39Z  OBSERVE  checkoutservice->currencyservice  rpr=0.0000  low=89 high=0  elapsed_s=175  attempts=3  state=ON  metric=rpr
2026-10-08T12:13:39Z  OBSERVE  checkoutservice->emailservice  rpr=0.0000  low=89 high=0  elapsed_s=175  attempts=3  state=ON  metric=rpr
2026-10-08T12:13:39Z  OBSERVE  checkoutservice->paymentservice  rpr=0.0000  low=89 high=0  elapsed_s=175  attempts=3  state=ON  metric=rpr
2026-10-08T12:13:39Z  OBSERVE  checkoutservice->shippingservice  rpr=0.0000  low=89 high=0  elapsed_s=175  attempts=3  state=ON  metric=rpr
2026-10-08T12:13:39Z  OBSERVE  recommendationservice->productcatalogservice  rpr=0.0000  low=92 high=0  elapsed_s=176  attempts=3  state=ON  metric=rpr
2026-10-08T12:13:39Z  OBSERVE  recommendationservice  rejection=0.5572  low=0 high=21  elapsed_s=40  state=OFF  metric=rejection
2026-10-08T12:13:41Z  OBSERVE  frontend->adservice  rpr=0.0000  low=92 high=0  elapsed_s=177  attempts=3  state=ON  metric=rpr
2026-10-08T12:13:41Z  OBSERVE  frontend->cartservice  rpr=0.0000  low=93 high=0  elapsed_s=178  attempts=3  state=ON  metric=rpr
2026-10-08T12:13:41Z  OBSERVE  frontend->checkoutservice  rpr=0.0000  low=65 high=0  elapsed_s=130  attempts=3  state=ON  metric=rpr
2026-10-08T12:13:41Z  OBSERVE  frontend->currencyservice  rpr=0.0000  low=93 high=0  elapsed_s=178  attempts=3  state=ON  metric=rpr
2026-10-08T12:13:41Z  OBSERVE  frontend->productcatalogservice  rpr=0.0000  low=93 high=0  elapsed_s=178  attempts=3  state=ON  metric=rpr
2026-10-08T12:13:41Z  OBSERVE  frontend->shippingservice  rpr=0.0000  low=92 high=0  elapsed_s=178  attempts=3  state=ON  metric=rpr
2026-10-08T12:13:41Z  OBSERVE  checkoutservice->cartservice  rpr=0.0000  low=90 high=0  elapsed_s=177  attempts=3  state=ON  metric=rpr
2026-10-08T12:13:41Z  OBSERVE  checkoutservice->currencyservice  rpr=0.0000  low=90 high=0  elapsed_s=177  attempts=3  state=ON  metric=rpr
2026-10-08T12:13:41Z  OBSERVE  checkoutservice->emailservice  rpr=0.0000  low=90 high=0  elapsed_s=177  attempts=3  state=ON  metric=rpr
2026-10-08T12:13:41Z  OBSERVE  checkoutservice->paymentservice  rpr=0.0000  low=90 high=0  elapsed_s=177  attempts=3  state=ON  metric=rpr
2026-10-08T12:13:41Z  OBSERVE  checkoutservice->shippingservice  rpr=0.0000  low=90 high=0  elapsed_s=177  attempts=3  state=ON  metric=rpr
2026-10-08T12:13:41Z  OBSERVE  recommendationservice->productcatalogservice  rpr=0.0000  low=93 high=0  elapsed_s=178  attempts=3  state=ON  metric=rpr
2026-10-08T12:13:41Z  OBSERVE  recommendationservice  rejection=0.5666  low=0 high=22  elapsed_s=42  state=OFF  metric=rejection
2026-10-08T12:13:43Z  OBSERVE  frontend->adservice  rpr=0.0000  low=93 high=0  elapsed_s=179  attempts=3  state=ON  metric=rpr
2026-10-08T12:13:43Z  OBSERVE  frontend->cartservice  rpr=0.0000  low=94 high=0  elapsed_s=180  attempts=3  state=ON  metric=rpr
2026-10-08T12:13:43Z  OBSERVE  frontend->checkoutservice  rpr=0.0000  low=66 high=0  elapsed_s=132  attempts=3  state=ON  metric=rpr
2026-10-08T12:13:43Z  OBSERVE  frontend->currencyservice  rpr=0.0000  low=94 high=0  elapsed_s=180  attempts=3  state=ON  metric=rpr
2026-10-08T12:13:43Z  OBSERVE  frontend->productcatalogservice  rpr=0.0000  low=94 high=0  elapsed_s=180  attempts=3  state=ON  metric=rpr
2026-10-08T12:13:43Z  OBSERVE  frontend->shippingservice  rpr=0.0000  low=93 high=0  elapsed_s=180  attempts=3  state=ON  metric=rpr
2026-10-08T12:13:43Z  OBSERVE  checkoutservice->cartservice  rpr=0.0000  low=91 high=0  elapsed_s=179  attempts=3  state=ON  metric=rpr
2026-10-08T12:13:43Z  OBSERVE  checkoutservice->currencyservice  rpr=0.0000  low=91 high=0  elapsed_s=179  attempts=3  state=ON  metric=rpr
2026-10-08T12:13:43Z  OBSERVE  checkoutservice->emailservice  rpr=0.0000  low=91 high=0  elapsed_s=179  attempts=3  state=ON  metric=rpr
2026-10-08T12:13:43Z  OBSERVE  checkoutservice->paymentservice  rpr=0.0000  low=91 high=0  elapsed_s=179  attempts=3  state=ON  metric=rpr
2026-10-08T12:13:43Z  OBSERVE  checkoutservice->shippingservice  rpr=0.0000  low=91 high=0  elapsed_s=179  attempts=3  state=ON  metric=rpr
2026-10-08T12:13:43Z  OBSERVE  recommendationservice->productcatalogservice  rpr=0.0000  low=94 high=0  elapsed_s=180  attempts=3  state=ON  metric=rpr
2026-10-08T12:13:43Z  OBSERVE  recommendationservice  rejection=0.3986  low=0 high=23  elapsed_s=44  state=OFF  metric=rejection
2026-10-08T12:13:45Z  OBSERVE  frontend->adservice  rpr=0.0000  low=94 high=0  elapsed_s=181  attempts=3  state=ON  metric=rpr
2026-10-08T12:13:45Z  OBSERVE  frontend->cartservice  rpr=0.0000  low=95 high=0  elapsed_s=182  attempts=3  state=ON  metric=rpr
2026-10-08T12:13:45Z  OBSERVE  frontend->checkoutservice  rpr=0.0000  low=67 high=0  elapsed_s=134  attempts=3  state=ON  metric=rpr
2026-10-08T12:13:45Z  OBSERVE  frontend->currencyservice  rpr=0.0000  low=95 high=0  elapsed_s=182  attempts=3  state=ON  metric=rpr
2026-10-08T12:13:45Z  OBSERVE  frontend->productcatalogservice  rpr=0.0000  low=95 high=0  elapsed_s=182  attempts=3  state=ON  metric=rpr
2026-10-08T12:13:45Z  OBSERVE  frontend->shippingservice  rpr=0.0000  low=94 high=0  elapsed_s=182  attempts=3  state=ON  metric=rpr
2026-10-08T12:13:45Z  OBSERVE  checkoutservice->cartservice  rpr=0.0000  low=92 high=0  elapsed_s=181  attempts=3  state=ON  metric=rpr
2026-10-08T12:13:45Z  OBSERVE  checkoutservice->currencyservice  rpr=0.0000  low=92 high=0  elapsed_s=181  attempts=3  state=ON  metric=rpr
2026-10-08T12:13:45Z  OBSERVE  checkoutservice->emailservice  rpr=0.0000  low=92 high=0  elapsed_s=181  attempts=3  state=ON  metric=rpr
2026-10-08T12:13:45Z  OBSERVE  checkoutservice->paymentservice  rpr=0.0000  low=92 high=0  elapsed_s=181  attempts=3  state=ON  metric=rpr
2026-10-08T12:13:45Z  OBSERVE  checkoutservice->shippingservice  rpr=0.0000  low=92 high=0  elapsed_s=181  attempts=3  state=ON  metric=rpr
2026-10-08T12:13:45Z  OBSERVE  recommendationservice->productcatalogservice  rpr=0.0000  low=95 high=0  elapsed_s=182  attempts=3  state=ON  metric=rpr
2026-10-08T12:13:45Z  OBSERVE  recommendationservice  rejection=0.3600  low=0 high=24  elapsed_s=46  state=OFF  metric=rejection
2026-10-08T12:13:47Z  OBSERVE  frontend->adservice  rpr=0.0000  low=95 high=0  elapsed_s=183  attempts=3  state=ON  metric=rpr
2026-10-08T12:13:47Z  OBSERVE  frontend->cartservice  rpr=0.0000  low=96 high=0  elapsed_s=184  attempts=3  state=ON  metric=rpr
2026-10-08T12:13:47Z  OBSERVE  frontend->checkoutservice  rpr=0.0000  low=68 high=0  elapsed_s=136  attempts=3  state=ON  metric=rpr
2026-10-08T12:13:47Z  OBSERVE  frontend->currencyservice  rpr=0.0000  low=96 high=0  elapsed_s=184  attempts=3  state=ON  metric=rpr
2026-10-08T12:13:47Z  OBSERVE  frontend->productcatalogservice  rpr=0.0000  low=96 high=0  elapsed_s=184  attempts=3  state=ON  metric=rpr
2026-10-08T12:13:47Z  OBSERVE  frontend->shippingservice  rpr=0.0000  low=95 high=0  elapsed_s=184  attempts=3  state=ON  metric=rpr
2026-10-08T12:13:47Z  OBSERVE  checkoutservice->cartservice  rpr=0.0000  low=93 high=0  elapsed_s=183  attempts=3  state=ON  metric=rpr
2026-10-08T12:13:47Z  OBSERVE  checkoutservice->currencyservice  rpr=0.0000  low=93 high=0  elapsed_s=183  attempts=3  state=ON  metric=rpr
2026-10-08T12:13:47Z  OBSERVE  checkoutservice->emailservice  rpr=0.0000  low=93 high=0  elapsed_s=183  attempts=3  state=ON  metric=rpr
2026-10-08T12:13:47Z  OBSERVE  checkoutservice->paymentservice  rpr=0.0000  low=93 high=0  elapsed_s=183  attempts=3  state=ON  metric=rpr
2026-10-08T12:13:47Z  OBSERVE  checkoutservice->shippingservice  rpr=0.0000  low=93 high=0  elapsed_s=183  attempts=3  state=ON  metric=rpr
2026-10-08T12:13:47Z  OBSERVE  recommendationservice->productcatalogservice  rpr=0.0000  low=96 high=0  elapsed_s=184  attempts=3  state=ON  metric=rpr
2026-10-08T12:13:47Z  OBSERVE  recommendationservice  rejection=0.4785  low=0 high=25  elapsed_s=48  state=OFF  metric=rejection
2026-10-08T12:13:49Z  OBSERVE  frontend->adservice  rpr=0.0000  low=96 high=0  elapsed_s=185  attempts=3  state=ON  metric=rpr
2026-10-08T12:13:49Z  OBSERVE  frontend->cartservice  rpr=0.0000  low=97 high=0  elapsed_s=186  attempts=3  state=ON  metric=rpr
2026-10-08T12:13:49Z  OBSERVE  frontend->checkoutservice  rpr=0.0000  low=69 high=0  elapsed_s=138  attempts=3  state=ON  metric=rpr
2026-10-08T12:13:49Z  OBSERVE  frontend->currencyservice  rpr=0.0000  low=97 high=0  elapsed_s=186  attempts=3  state=ON  metric=rpr
2026-10-08T12:13:49Z  OBSERVE  frontend->productcatalogservice  rpr=0.0000  low=97 high=0  elapsed_s=186  attempts=3  state=ON  metric=rpr
2026-10-08T12:13:49Z  OBSERVE  frontend->shippingservice  rpr=0.0000  low=96 high=0  elapsed_s=186  attempts=3  state=ON  metric=rpr
2026-10-08T12:13:49Z  OBSERVE  checkoutservice->cartservice  rpr=0.0000  low=94 high=0  elapsed_s=185  attempts=3  state=ON  metric=rpr
2026-10-08T12:13:49Z  OBSERVE  checkoutservice->currencyservice  rpr=0.0000  low=94 high=0  elapsed_s=185  attempts=3  state=ON  metric=rpr
2026-10-08T12:13:49Z  OBSERVE  checkoutservice->emailservice  rpr=0.0000  low=94 high=0  elapsed_s=185  attempts=3  state=ON  metric=rpr
2026-10-08T12:13:49Z  OBSERVE  checkoutservice->paymentservice  rpr=0.0000  low=94 high=0  elapsed_s=185  attempts=3  state=ON  metric=rpr
2026-10-08T12:13:49Z  OBSERVE  checkoutservice->shippingservice  rpr=0.0000  low=94 high=0  elapsed_s=185  attempts=3  state=ON  metric=rpr
2026-10-08T12:13:49Z  OBSERVE  recommendationservice->productcatalogservice  rpr=0.0000  low=97 high=0  elapsed_s=186  attempts=3  state=ON  metric=rpr
2026-10-08T12:13:49Z  OBSERVE  recommendationservice  rejection=0.3366  low=0 high=26  elapsed_s=50  state=OFF  metric=rejection
2026-10-08T12:13:51Z  OBSERVE  frontend->adservice  rpr=0.0000  low=97 high=0  elapsed_s=187  attempts=3  state=ON  metric=rpr
2026-10-08T12:13:51Z  OBSERVE  frontend->cartservice  rpr=0.0000  low=98 high=0  elapsed_s=188  attempts=3  state=ON  metric=rpr
2026-10-08T12:13:51Z  OBSERVE  frontend->checkoutservice  rpr=0.0000  low=70 high=0  elapsed_s=140  attempts=3  state=ON  metric=rpr
2026-10-08T12:13:51Z  OBSERVE  frontend->currencyservice  rpr=0.0000  low=98 high=0  elapsed_s=188  attempts=3  state=ON  metric=rpr
2026-10-08T12:13:51Z  OBSERVE  frontend->productcatalogservice  rpr=0.0000  low=98 high=0  elapsed_s=188  attempts=3  state=ON  metric=rpr
2026-10-08T12:13:51Z  OBSERVE  frontend->shippingservice  rpr=0.0000  low=97 high=0  elapsed_s=188  attempts=3  state=ON  metric=rpr
2026-10-08T12:13:51Z  OBSERVE  checkoutservice->cartservice  rpr=0.0000  low=95 high=0  elapsed_s=187  attempts=3  state=ON  metric=rpr
2026-10-08T12:13:51Z  OBSERVE  checkoutservice->currencyservice  rpr=0.0000  low=95 high=0  elapsed_s=187  attempts=3  state=ON  metric=rpr
2026-10-08T12:13:51Z  OBSERVE  checkoutservice->emailservice  rpr=0.0000  low=95 high=0  elapsed_s=187  attempts=3  state=ON  metric=rpr
2026-10-08T12:13:51Z  OBSERVE  checkoutservice->paymentservice  rpr=0.0000  low=95 high=0  elapsed_s=187  attempts=3  state=ON  metric=rpr
2026-10-08T12:13:51Z  OBSERVE  checkoutservice->shippingservice  rpr=0.0000  low=95 high=0  elapsed_s=187  attempts=3  state=ON  metric=rpr
2026-10-08T12:13:51Z  OBSERVE  recommendationservice->productcatalogservice  rpr=0.0000  low=98 high=0  elapsed_s=188  attempts=3  state=ON  metric=rpr
2026-10-08T12:13:51Z  OBSERVE  recommendationservice  rejection=0.3963  low=0 high=27  elapsed_s=52  state=OFF  metric=rejection
2026-10-08T12:13:53Z  OBSERVE  frontend->adservice  rpr=0.0000  low=98 high=0  elapsed_s=189  attempts=3  state=ON  metric=rpr
2026-10-08T12:13:53Z  OBSERVE  frontend->cartservice  rpr=0.0000  low=99 high=0  elapsed_s=190  attempts=3  state=ON  metric=rpr
2026-10-08T12:13:53Z  OBSERVE  frontend->checkoutservice  rpr=0.0000  low=71 high=0  elapsed_s=142  attempts=3  state=ON  metric=rpr
2026-10-08T12:13:53Z  OBSERVE  frontend->currencyservice  rpr=0.0000  low=99 high=0  elapsed_s=190  attempts=3  state=ON  metric=rpr
2026-10-08T12:13:53Z  OBSERVE  frontend->productcatalogservice  rpr=0.0000  low=99 high=0  elapsed_s=190  attempts=3  state=ON  metric=rpr
2026-10-08T12:13:53Z  OBSERVE  frontend->shippingservice  rpr=0.0000  low=98 high=0  elapsed_s=190  attempts=3  state=ON  metric=rpr
2026-10-08T12:13:53Z  OBSERVE  checkoutservice->cartservice  rpr=0.0000  low=96 high=0  elapsed_s=189  attempts=3  state=ON  metric=rpr
2026-10-08T12:13:53Z  OBSERVE  checkoutservice->currencyservice  rpr=0.0000  low=96 high=0  elapsed_s=189  attempts=3  state=ON  metric=rpr
2026-10-08T12:13:53Z  OBSERVE  checkoutservice->emailservice  rpr=0.0000  low=96 high=0  elapsed_s=189  attempts=3  state=ON  metric=rpr
2026-10-08T12:13:53Z  OBSERVE  checkoutservice->paymentservice  rpr=0.0000  low=96 high=0  elapsed_s=189  attempts=3  state=ON  metric=rpr
2026-10-08T12:13:53Z  OBSERVE  checkoutservice->shippingservice  rpr=0.0000  low=96 high=0  elapsed_s=189  attempts=3  state=ON  metric=rpr
2026-10-08T12:13:53Z  OBSERVE  recommendationservice->productcatalogservice  rpr=0.0000  low=99 high=0  elapsed_s=190  attempts=3  state=ON  metric=rpr
2026-10-08T12:13:53Z  OBSERVE  recommendationservice  rejection=0.3504  low=0 high=28  elapsed_s=54  state=OFF  metric=rejection
2026-10-08T12:13:55Z  OBSERVE  frontend->adservice  rpr=0.0000  low=99 high=0  elapsed_s=191  attempts=3  state=ON  metric=rpr
2026-10-08T12:13:55Z  OBSERVE  frontend->cartservice  rpr=0.0000  low=100 high=0  elapsed_s=192  attempts=3  state=ON  metric=rpr
2026-10-08T12:13:55Z  OBSERVE  frontend->checkoutservice  rpr=0.0000  low=72 high=0  elapsed_s=144  attempts=3  state=ON  metric=rpr
2026-10-08T12:13:55Z  OBSERVE  frontend->currencyservice  rpr=0.0000  low=100 high=0  elapsed_s=192  attempts=3  state=ON  metric=rpr
2026-10-08T12:13:55Z  OBSERVE  frontend->productcatalogservice  rpr=0.0000  low=100 high=0  elapsed_s=192  attempts=3  state=ON  metric=rpr
2026-10-08T12:13:55Z  OBSERVE  frontend->shippingservice  rpr=0.0000  low=99 high=0  elapsed_s=192  attempts=3  state=ON  metric=rpr
2026-10-08T12:13:55Z  OBSERVE  checkoutservice->cartservice  rpr=0.0000  low=97 high=0  elapsed_s=191  attempts=3  state=ON  metric=rpr
2026-10-08T12:13:55Z  OBSERVE  checkoutservice->currencyservice  rpr=0.0000  low=97 high=0  elapsed_s=191  attempts=3  state=ON  metric=rpr
2026-10-08T12:13:55Z  OBSERVE  checkoutservice->emailservice  rpr=0.0000  low=97 high=0  elapsed_s=191  attempts=3  state=ON  metric=rpr
2026-10-08T12:13:55Z  OBSERVE  checkoutservice->paymentservice  rpr=0.0000  low=97 high=0  elapsed_s=191  attempts=3  state=ON  metric=rpr
2026-10-08T12:13:55Z  OBSERVE  checkoutservice->shippingservice  rpr=0.0000  low=97 high=0  elapsed_s=191  attempts=3  state=ON  metric=rpr
2026-10-08T12:13:55Z  OBSERVE  recommendationservice->productcatalogservice  rpr=0.0000  low=100 high=0  elapsed_s=192  attempts=3  state=ON  metric=rpr
2026-10-08T12:13:55Z  OBSERVE  recommendationservice  rejection=0.3341  low=0 high=29  elapsed_s=56  state=OFF  metric=rejection
2026-10-08T12:13:57Z  OBSERVE  frontend->adservice  rpr=0.0000  low=100 high=0  elapsed_s=193  attempts=3  state=ON  metric=rpr
2026-10-08T12:13:57Z  OBSERVE  frontend->cartservice  rpr=0.0000  low=101 high=0  elapsed_s=194  attempts=3  state=ON  metric=rpr
2026-10-08T12:13:57Z  OBSERVE  frontend->checkoutservice  rpr=0.0000  low=73 high=0  elapsed_s=146  attempts=3  state=ON  metric=rpr
2026-10-08T12:13:57Z  OBSERVE  frontend->currencyservice  rpr=0.0000  low=101 high=0  elapsed_s=194  attempts=3  state=ON  metric=rpr
2026-10-08T12:13:57Z  OBSERVE  frontend->productcatalogservice  rpr=0.0000  low=101 high=0  elapsed_s=194  attempts=3  state=ON  metric=rpr
2026-10-08T12:13:57Z  OBSERVE  frontend->shippingservice  rpr=0.0000  low=100 high=0  elapsed_s=194  attempts=3  state=ON  metric=rpr
2026-10-08T12:13:57Z  OBSERVE  checkoutservice->cartservice  rpr=0.0000  low=98 high=0  elapsed_s=193  attempts=3  state=ON  metric=rpr
2026-10-08T12:13:57Z  OBSERVE  checkoutservice->currencyservice  rpr=0.0000  low=98 high=0  elapsed_s=193  attempts=3  state=ON  metric=rpr
2026-10-08T12:13:57Z  OBSERVE  checkoutservice->emailservice  rpr=0.0000  low=98 high=0  elapsed_s=193  attempts=3  state=ON  metric=rpr
2026-10-08T12:13:57Z  OBSERVE  checkoutservice->paymentservice  rpr=0.0000  low=98 high=0  elapsed_s=193  attempts=3  state=ON  metric=rpr
2026-10-08T12:13:57Z  OBSERVE  checkoutservice->shippingservice  rpr=0.0000  low=98 high=0  elapsed_s=193  attempts=3  state=ON  metric=rpr
2026-10-08T12:13:57Z  OBSERVE  recommendationservice->productcatalogservice  rpr=0.0000  low=101 high=0  elapsed_s=194  attempts=3  state=ON  metric=rpr
2026-10-08T12:13:57Z  OBSERVE  recommendationservice  rejection=0.5186  low=0 high=30  elapsed_s=58  state=OFF  metric=rejection
2026-10-08T12:13:59Z  OBSERVE  frontend->adservice  rpr=0.0000  low=101 high=0  elapsed_s=195  attempts=3  state=ON  metric=rpr
2026-10-08T12:13:59Z  OBSERVE  frontend->cartservice  rpr=0.0000  low=102 high=0  elapsed_s=196  attempts=3  state=ON  metric=rpr
2026-10-08T12:13:59Z  OBSERVE  frontend->checkoutservice  rpr=0.0000  low=74 high=0  elapsed_s=148  attempts=3  state=ON  metric=rpr
2026-10-08T12:13:59Z  OBSERVE  frontend->currencyservice  rpr=0.0000  low=102 high=0  elapsed_s=196  attempts=3  state=ON  metric=rpr
2026-10-08T12:13:59Z  OBSERVE  frontend->productcatalogservice  rpr=0.0000  low=102 high=0  elapsed_s=196  attempts=3  state=ON  metric=rpr
2026-10-08T12:13:59Z  OBSERVE  frontend->shippingservice  rpr=0.0000  low=101 high=0  elapsed_s=196  attempts=3  state=ON  metric=rpr
2026-10-08T12:13:59Z  OBSERVE  checkoutservice->cartservice  rpr=0.0000  low=99 high=0  elapsed_s=195  attempts=3  state=ON  metric=rpr
2026-10-08T12:13:59Z  OBSERVE  checkoutservice->currencyservice  rpr=0.0000  low=99 high=0  elapsed_s=195  attempts=3  state=ON  metric=rpr
2026-10-08T12:13:59Z  OBSERVE  checkoutservice->emailservice  rpr=0.0000  low=99 high=0  elapsed_s=195  attempts=3  state=ON  metric=rpr
2026-10-08T12:13:59Z  OBSERVE  checkoutservice->paymentservice  rpr=0.0000  low=99 high=0  elapsed_s=195  attempts=3  state=ON  metric=rpr
2026-10-08T12:13:59Z  OBSERVE  checkoutservice->shippingservice  rpr=0.0000  low=99 high=0  elapsed_s=195  attempts=3  state=ON  metric=rpr
2026-10-08T12:13:59Z  OBSERVE  recommendationservice->productcatalogservice  rpr=0.0000  low=102 high=0  elapsed_s=196  attempts=3  state=ON  metric=rpr
2026-10-08T12:13:59Z  OBSERVE  recommendationservice  rejection=0.3187  low=0 high=31  elapsed_s=60  state=OFF  metric=rejection
2026-10-08T12:14:01Z  OBSERVE  frontend->adservice  rpr=0.0000  low=102 high=0  elapsed_s=197  attempts=3  state=ON  metric=rpr
2026-10-08T12:14:01Z  OBSERVE  frontend->cartservice  rpr=0.0000  low=103 high=0  elapsed_s=198  attempts=3  state=ON  metric=rpr
2026-10-08T12:14:01Z  OBSERVE  frontend->checkoutservice  rpr=0.0000  low=75 high=0  elapsed_s=150  attempts=3  state=ON  metric=rpr
2026-10-08T12:14:01Z  OBSERVE  frontend->currencyservice  rpr=0.0000  low=103 high=0  elapsed_s=198  attempts=3  state=ON  metric=rpr
2026-10-08T12:14:01Z  OBSERVE  frontend->productcatalogservice  rpr=0.0000  low=103 high=0  elapsed_s=198  attempts=3  state=ON  metric=rpr
2026-10-08T12:14:01Z  OBSERVE  frontend->shippingservice  rpr=0.0000  low=102 high=0  elapsed_s=198  attempts=3  state=ON  metric=rpr
2026-10-08T12:14:01Z  OBSERVE  checkoutservice->cartservice  rpr=0.0000  low=100 high=0  elapsed_s=197  attempts=3  state=ON  metric=rpr
2026-10-08T12:14:01Z  OBSERVE  checkoutservice->currencyservice  rpr=0.0000  low=100 high=0  elapsed_s=197  attempts=3  state=ON  metric=rpr
2026-10-08T12:14:01Z  OBSERVE  checkoutservice->emailservice  rpr=0.0000  low=100 high=0  elapsed_s=197  attempts=3  state=ON  metric=rpr
2026-10-08T12:14:01Z  OBSERVE  checkoutservice->paymentservice  rpr=0.0000  low=100 high=0  elapsed_s=197  attempts=3  state=ON  metric=rpr
2026-10-08T12:14:01Z  OBSERVE  checkoutservice->shippingservice  rpr=0.0000  low=100 high=0  elapsed_s=197  attempts=3  state=ON  metric=rpr
2026-10-08T12:14:01Z  OBSERVE  recommendationservice->productcatalogservice  rpr=0.0000  low=103 high=0  elapsed_s=198  attempts=3  state=ON  metric=rpr
2026-10-08T12:14:01Z  OBSERVE  recommendationservice  rejection=0.4324  low=0 high=32  elapsed_s=62  state=OFF  metric=rejection
2026-10-08T12:14:03Z  OBSERVE  frontend->adservice  rpr=0.0000  low=103 high=0  elapsed_s=199  attempts=3  state=ON  metric=rpr
2026-10-08T12:14:03Z  OBSERVE  frontend->cartservice  rpr=0.0000  low=104 high=0  elapsed_s=200  attempts=3  state=ON  metric=rpr
2026-10-08T12:14:03Z  OBSERVE  frontend->checkoutservice  rpr=0.0000  low=76 high=0  elapsed_s=152  attempts=3  state=ON  metric=rpr
2026-10-08T12:14:03Z  OBSERVE  frontend->currencyservice  rpr=0.0000  low=104 high=0  elapsed_s=200  attempts=3  state=ON  metric=rpr
2026-10-08T12:14:03Z  OBSERVE  frontend->productcatalogservice  rpr=0.0000  low=104 high=0  elapsed_s=200  attempts=3  state=ON  metric=rpr
2026-10-08T12:14:03Z  OBSERVE  frontend->shippingservice  rpr=0.0000  low=103 high=0  elapsed_s=200  attempts=3  state=ON  metric=rpr
2026-10-08T12:14:03Z  OBSERVE  checkoutservice->cartservice  rpr=0.0000  low=101 high=0  elapsed_s=199  attempts=3  state=ON  metric=rpr
2026-10-08T12:14:03Z  OBSERVE  checkoutservice->currencyservice  rpr=0.0000  low=101 high=0  elapsed_s=199  attempts=3  state=ON  metric=rpr
2026-10-08T12:14:03Z  OBSERVE  checkoutservice->emailservice  rpr=0.0000  low=101 high=0  elapsed_s=199  attempts=3  state=ON  metric=rpr
2026-10-08T12:14:03Z  OBSERVE  checkoutservice->paymentservice  rpr=0.0000  low=101 high=0  elapsed_s=199  attempts=3  state=ON  metric=rpr
2026-10-08T12:14:03Z  OBSERVE  checkoutservice->shippingservice  rpr=0.0000  low=101 high=0  elapsed_s=199  attempts=3  state=ON  metric=rpr
2026-10-08T12:14:03Z  OBSERVE  recommendationservice->productcatalogservice  rpr=0.0000  low=104 high=0  elapsed_s=200  attempts=3  state=ON  metric=rpr
2026-10-08T12:14:03Z  OBSERVE  recommendationservice  rejection=0.2702  low=0 high=33  elapsed_s=64  state=OFF  metric=rejection
2026-10-08T12:14:05Z  OBSERVE  frontend->adservice  rpr=0.0000  low=104 high=0  elapsed_s=201  attempts=3  state=ON  metric=rpr
2026-10-08T12:14:05Z  OBSERVE  frontend->cartservice  rpr=0.0000  low=105 high=0  elapsed_s=202  attempts=3  state=ON  metric=rpr
2026-10-08T12:14:05Z  OBSERVE  frontend->checkoutservice  rpr=0.0000  low=77 high=0  elapsed_s=154  attempts=3  state=ON  metric=rpr
2026-10-08T12:14:05Z  OBSERVE  frontend->currencyservice  rpr=0.0000  low=105 high=0  elapsed_s=202  attempts=3  state=ON  metric=rpr
2026-10-08T12:14:05Z  OBSERVE  frontend->productcatalogservice  rpr=0.0000  low=105 high=0  elapsed_s=202  attempts=3  state=ON  metric=rpr
2026-10-08T12:14:05Z  OBSERVE  frontend->shippingservice  rpr=0.0000  low=104 high=0  elapsed_s=202  attempts=3  state=ON  metric=rpr
2026-10-08T12:14:05Z  OBSERVE  checkoutservice->cartservice  rpr=0.0000  low=102 high=0  elapsed_s=201  attempts=3  state=ON  metric=rpr
2026-10-08T12:14:05Z  OBSERVE  checkoutservice->currencyservice  rpr=0.0000  low=102 high=0  elapsed_s=201  attempts=3  state=ON  metric=rpr
2026-10-08T12:14:05Z  OBSERVE  checkoutservice->emailservice  rpr=0.0000  low=102 high=0  elapsed_s=201  attempts=3  state=ON  metric=rpr
2026-10-08T12:14:05Z  OBSERVE  checkoutservice->paymentservice  rpr=0.0000  low=102 high=0  elapsed_s=201  attempts=3  state=ON  metric=rpr
2026-10-08T12:14:05Z  OBSERVE  checkoutservice->shippingservice  rpr=0.0000  low=102 high=0  elapsed_s=201  attempts=3  state=ON  metric=rpr
2026-10-08T12:14:05Z  OBSERVE  recommendationservice->productcatalogservice  rpr=0.0000  low=105 high=0  elapsed_s=202  attempts=3  state=ON  metric=rpr
2026-10-08T12:14:05Z  OBSERVE  recommendationservice  rejection=0.2641  low=0 high=34  elapsed_s=66  state=OFF  metric=rejection
2026-10-08T12:14:07Z  OBSERVE  frontend->adservice  rpr=0.0000  low=105 high=0  elapsed_s=203  attempts=3  state=ON  metric=rpr
2026-10-08T12:14:07Z  OBSERVE  frontend->cartservice  rpr=0.0000  low=106 high=0  elapsed_s=204  attempts=3  state=ON  metric=rpr
2026-10-08T12:14:07Z  OBSERVE  frontend->checkoutservice  rpr=0.0000  low=78 high=0  elapsed_s=156  attempts=3  state=ON  metric=rpr
2026-10-08T12:14:07Z  OBSERVE  frontend->currencyservice  rpr=0.0000  low=106 high=0  elapsed_s=204  attempts=3  state=ON  metric=rpr
2026-10-08T12:14:07Z  OBSERVE  frontend->productcatalogservice  rpr=0.0000  low=106 high=0  elapsed_s=204  attempts=3  state=ON  metric=rpr
2026-10-08T12:14:07Z  OBSERVE  frontend->shippingservice  rpr=0.0000  low=105 high=0  elapsed_s=204  attempts=3  state=ON  metric=rpr
2026-10-08T12:14:07Z  OBSERVE  checkoutservice->cartservice  rpr=0.0000  low=103 high=0  elapsed_s=203  attempts=3  state=ON  metric=rpr
2026-10-08T12:14:07Z  OBSERVE  checkoutservice->currencyservice  rpr=0.0000  low=103 high=0  elapsed_s=203  attempts=3  state=ON  metric=rpr
2026-10-08T12:14:07Z  OBSERVE  checkoutservice->emailservice  rpr=0.0000  low=103 high=0  elapsed_s=203  attempts=3  state=ON  metric=rpr
2026-10-08T12:14:07Z  OBSERVE  checkoutservice->paymentservice  rpr=0.0000  low=103 high=0  elapsed_s=203  attempts=3  state=ON  metric=rpr
2026-10-08T12:14:07Z  OBSERVE  checkoutservice->shippingservice  rpr=0.0000  low=103 high=0  elapsed_s=203  attempts=3  state=ON  metric=rpr
2026-10-08T12:14:07Z  OBSERVE  recommendationservice->productcatalogservice  rpr=0.0000  low=106 high=0  elapsed_s=204  attempts=3  state=ON  metric=rpr
2026-10-08T12:14:07Z  OBSERVE  recommendationservice  rejection=0.4022  low=0 high=35  elapsed_s=68  state=OFF  metric=rejection
2026-10-08T12:14:09Z  OBSERVE  frontend->adservice  rpr=0.0000  low=106 high=0  elapsed_s=205  attempts=3  state=ON  metric=rpr
2026-10-08T12:14:09Z  OBSERVE  frontend->cartservice  rpr=0.0000  low=107 high=0  elapsed_s=206  attempts=3  state=ON  metric=rpr
2026-10-08T12:14:09Z  OBSERVE  frontend->checkoutservice  rpr=0.0000  low=79 high=0  elapsed_s=158  attempts=3  state=ON  metric=rpr
2026-10-08T12:14:09Z  OBSERVE  frontend->currencyservice  rpr=0.0000  low=107 high=0  elapsed_s=206  attempts=3  state=ON  metric=rpr
2026-10-08T12:14:09Z  OBSERVE  frontend->productcatalogservice  rpr=0.0000  low=107 high=0  elapsed_s=206  attempts=3  state=ON  metric=rpr
2026-10-08T12:14:09Z  OBSERVE  frontend->shippingservice  rpr=0.0000  low=106 high=0  elapsed_s=206  attempts=3  state=ON  metric=rpr
2026-10-08T12:14:09Z  OBSERVE  checkoutservice->cartservice  rpr=0.0000  low=104 high=0  elapsed_s=205  attempts=3  state=ON  metric=rpr
2026-10-08T12:14:09Z  OBSERVE  checkoutservice->currencyservice  rpr=0.0000  low=104 high=0  elapsed_s=205  attempts=3  state=ON  metric=rpr
2026-10-08T12:14:09Z  OBSERVE  checkoutservice->emailservice  rpr=0.0000  low=104 high=0  elapsed_s=205  attempts=3  state=ON  metric=rpr
2026-10-08T12:14:09Z  OBSERVE  checkoutservice->paymentservice  rpr=0.0000  low=104 high=0  elapsed_s=205  attempts=3  state=ON  metric=rpr
2026-10-08T12:14:09Z  OBSERVE  checkoutservice->shippingservice  rpr=0.0000  low=104 high=0  elapsed_s=205  attempts=3  state=ON  metric=rpr
2026-10-08T12:14:09Z  OBSERVE  recommendationservice->productcatalogservice  rpr=0.0000  low=107 high=0  elapsed_s=206  attempts=3  state=ON  metric=rpr
2026-10-08T12:14:09Z  OBSERVE  recommendationservice  rejection=0.2687  low=0 high=36  elapsed_s=70  state=OFF  metric=rejection
2026-10-08T12:14:11Z  OBSERVE  frontend->adservice  rpr=0.0000  low=107 high=0  elapsed_s=207  attempts=3  state=ON  metric=rpr
2026-10-08T12:14:11Z  OBSERVE  frontend->cartservice  rpr=0.0000  low=108 high=0  elapsed_s=208  attempts=3  state=ON  metric=rpr
2026-10-08T12:14:11Z  OBSERVE  frontend->checkoutservice  rpr=0.0000  low=80 high=0  elapsed_s=160  attempts=3  state=ON  metric=rpr
2026-10-08T12:14:11Z  OBSERVE  frontend->currencyservice  rpr=0.0000  low=108 high=0  elapsed_s=208  attempts=3  state=ON  metric=rpr
2026-10-08T12:14:11Z  OBSERVE  frontend->productcatalogservice  rpr=0.0000  low=108 high=0  elapsed_s=208  attempts=3  state=ON  metric=rpr
2026-10-08T12:14:11Z  OBSERVE  frontend->shippingservice  rpr=0.0000  low=107 high=0  elapsed_s=208  attempts=3  state=ON  metric=rpr
2026-10-08T12:14:11Z  OBSERVE  checkoutservice->cartservice  rpr=0.0000  low=105 high=0  elapsed_s=207  attempts=3  state=ON  metric=rpr
2026-10-08T12:14:11Z  OBSERVE  checkoutservice->currencyservice  rpr=0.0000  low=105 high=0  elapsed_s=207  attempts=3  state=ON  metric=rpr
2026-10-08T12:14:11Z  OBSERVE  checkoutservice->emailservice  rpr=0.0000  low=105 high=0  elapsed_s=207  attempts=3  state=ON  metric=rpr
2026-10-08T12:14:11Z  OBSERVE  checkoutservice->paymentservice  rpr=0.0000  low=105 high=0  elapsed_s=207  attempts=3  state=ON  metric=rpr
2026-10-08T12:14:11Z  OBSERVE  checkoutservice->shippingservice  rpr=0.0000  low=105 high=0  elapsed_s=207  attempts=3  state=ON  metric=rpr
2026-10-08T12:14:11Z  OBSERVE  recommendationservice->productcatalogservice  rpr=0.0000  low=108 high=0  elapsed_s=208  attempts=3  state=ON  metric=rpr
2026-10-08T12:14:11Z  OBSERVE  recommendationservice  rejection=0.3425  low=0 high=37  elapsed_s=72  state=OFF  metric=rejection
2026-10-08T12:14:13Z  OBSERVE  frontend->adservice  rpr=0.0000  low=108 high=0  elapsed_s=209  attempts=3  state=ON  metric=rpr
2026-10-08T12:14:13Z  OBSERVE  frontend->cartservice  rpr=0.0000  low=109 high=0  elapsed_s=210  attempts=3  state=ON  metric=rpr
2026-10-08T12:14:13Z  OBSERVE  frontend->checkoutservice  rpr=0.0000  low=81 high=0  elapsed_s=162  attempts=3  state=ON  metric=rpr
2026-10-08T12:14:13Z  OBSERVE  frontend->currencyservice  rpr=0.0000  low=109 high=0  elapsed_s=210  attempts=3  state=ON  metric=rpr
2026-10-08T12:14:13Z  OBSERVE  frontend->productcatalogservice  rpr=0.0000  low=109 high=0  elapsed_s=210  attempts=3  state=ON  metric=rpr
2026-10-08T12:14:13Z  OBSERVE  frontend->shippingservice  rpr=0.0000  low=108 high=0  elapsed_s=210  attempts=3  state=ON  metric=rpr
2026-10-08T12:14:13Z  OBSERVE  checkoutservice->cartservice  rpr=0.0000  low=106 high=0  elapsed_s=209  attempts=3  state=ON  metric=rpr
2026-10-08T12:14:13Z  OBSERVE  checkoutservice->currencyservice  rpr=0.0000  low=106 high=0  elapsed_s=209  attempts=3  state=ON  metric=rpr
2026-10-08T12:14:13Z  OBSERVE  checkoutservice->emailservice  rpr=0.0000  low=106 high=0  elapsed_s=209  attempts=3  state=ON  metric=rpr
2026-10-08T12:14:13Z  OBSERVE  checkoutservice->paymentservice  rpr=0.0000  low=106 high=0  elapsed_s=209  attempts=3  state=ON  metric=rpr
2026-10-08T12:14:13Z  OBSERVE  checkoutservice->shippingservice  rpr=0.0000  low=106 high=0  elapsed_s=209  attempts=3  state=ON  metric=rpr
2026-10-08T12:14:13Z  OBSERVE  recommendationservice->productcatalogservice  rpr=0.0000  low=109 high=0  elapsed_s=210  attempts=3  state=ON  metric=rpr
2026-10-08T12:14:13Z  OBSERVE  recommendationservice  rejection=0.1850  low=0 high=38  elapsed_s=74  state=OFF  metric=rejection
2026-10-08T12:14:15Z  OBSERVE  frontend->adservice  rpr=0.0000  low=109 high=0  elapsed_s=211  attempts=3  state=ON  metric=rpr
2026-10-08T12:14:15Z  OBSERVE  frontend->cartservice  rpr=0.0000  low=110 high=0  elapsed_s=212  attempts=3  state=ON  metric=rpr
2026-10-08T12:14:15Z  OBSERVE  frontend->checkoutservice  rpr=0.0000  low=82 high=0  elapsed_s=164  attempts=3  state=ON  metric=rpr
2026-10-08T12:14:15Z  OBSERVE  frontend->currencyservice  rpr=0.0000  low=110 high=0  elapsed_s=212  attempts=3  state=ON  metric=rpr
2026-10-08T12:14:15Z  OBSERVE  frontend->productcatalogservice  rpr=0.0000  low=110 high=0  elapsed_s=212  attempts=3  state=ON  metric=rpr
2026-10-08T12:14:15Z  OBSERVE  frontend->shippingservice  rpr=0.0000  low=109 high=0  elapsed_s=212  attempts=3  state=ON  metric=rpr
2026-10-08T12:14:15Z  OBSERVE  checkoutservice->cartservice  rpr=0.0000  low=107 high=0  elapsed_s=211  attempts=3  state=ON  metric=rpr
2026-10-08T12:14:15Z  OBSERVE  checkoutservice->currencyservice  rpr=0.0000  low=107 high=0  elapsed_s=211  attempts=3  state=ON  metric=rpr
2026-10-08T12:14:15Z  OBSERVE  checkoutservice->emailservice  rpr=0.0000  low=107 high=0  elapsed_s=211  attempts=3  state=ON  metric=rpr
2026-10-08T12:14:15Z  OBSERVE  checkoutservice->paymentservice  rpr=0.0000  low=107 high=0  elapsed_s=211  attempts=3  state=ON  metric=rpr
2026-10-08T12:14:15Z  OBSERVE  checkoutservice->shippingservice  rpr=0.0000  low=107 high=0  elapsed_s=211  attempts=3  state=ON  metric=rpr
2026-10-08T12:14:15Z  OBSERVE  recommendationservice->productcatalogservice  rpr=0.0000  low=110 high=0  elapsed_s=212  attempts=3  state=ON  metric=rpr
2026-10-08T12:14:15Z  OBSERVE  recommendationservice  rejection=0.3010  low=0 high=39  elapsed_s=76  state=OFF  metric=rejection
2026-10-08T12:14:17Z  OBSERVE  frontend->adservice  rpr=0.0000  low=110 high=0  elapsed_s=213  attempts=3  state=ON  metric=rpr
2026-10-08T12:14:17Z  OBSERVE  frontend->cartservice  rpr=0.0000  low=111 high=0  elapsed_s=214  attempts=3  state=ON  metric=rpr
2026-10-08T12:14:17Z  OBSERVE  frontend->checkoutservice  rpr=0.0000  low=83 high=0  elapsed_s=166  attempts=3  state=ON  metric=rpr
2026-10-08T12:14:17Z  OBSERVE  frontend->currencyservice  rpr=0.0000  low=111 high=0  elapsed_s=214  attempts=3  state=ON  metric=rpr
2026-10-08T12:14:17Z  OBSERVE  frontend->productcatalogservice  rpr=0.0000  low=111 high=0  elapsed_s=214  attempts=3  state=ON  metric=rpr
2026-10-08T12:14:17Z  OBSERVE  frontend->shippingservice  rpr=0.0000  low=110 high=0  elapsed_s=214  attempts=3  state=ON  metric=rpr
2026-10-08T12:14:17Z  OBSERVE  checkoutservice->cartservice  rpr=0.0000  low=108 high=0  elapsed_s=213  attempts=3  state=ON  metric=rpr
2026-10-08T12:14:17Z  OBSERVE  checkoutservice->currencyservice  rpr=0.0000  low=108 high=0  elapsed_s=213  attempts=3  state=ON  metric=rpr
2026-10-08T12:14:17Z  OBSERVE  checkoutservice->emailservice  rpr=0.0000  low=108 high=0  elapsed_s=213  attempts=3  state=ON  metric=rpr
2026-10-08T12:14:17Z  OBSERVE  checkoutservice->paymentservice  rpr=0.0000  low=108 high=0  elapsed_s=213  attempts=3  state=ON  metric=rpr
2026-10-08T12:14:17Z  OBSERVE  checkoutservice->shippingservice  rpr=0.0000  low=108 high=0  elapsed_s=213  attempts=3  state=ON  metric=rpr
2026-10-08T12:14:17Z  OBSERVE  recommendationservice->productcatalogservice  rpr=0.0000  low=111 high=0  elapsed_s=214  attempts=3  state=ON  metric=rpr
2026-10-08T12:14:17Z  OBSERVE  recommendationservice  rejection=0.5287  low=0 high=40  elapsed_s=78  state=OFF  metric=rejection
2026-10-08T12:14:19Z  OBSERVE  frontend->adservice  rpr=0.0000  low=111 high=0  elapsed_s=215  attempts=3  state=ON  metric=rpr
2026-10-08T12:14:19Z  OBSERVE  frontend->cartservice  rpr=0.0000  low=112 high=0  elapsed_s=216  attempts=3  state=ON  metric=rpr
2026-10-08T12:14:19Z  OBSERVE  frontend->checkoutservice  rpr=0.0000  low=84 high=0  elapsed_s=168  attempts=3  state=ON  metric=rpr
2026-10-08T12:14:19Z  OBSERVE  frontend->currencyservice  rpr=0.0000  low=112 high=0  elapsed_s=216  attempts=3  state=ON  metric=rpr
2026-10-08T12:14:19Z  OBSERVE  frontend->productcatalogservice  rpr=0.0000  low=112 high=0  elapsed_s=216  attempts=3  state=ON  metric=rpr
2026-10-08T12:14:19Z  OBSERVE  frontend->shippingservice  rpr=0.0000  low=111 high=0  elapsed_s=216  attempts=3  state=ON  metric=rpr
2026-10-08T12:14:19Z  OBSERVE  checkoutservice->cartservice  rpr=0.0000  low=109 high=0  elapsed_s=215  attempts=3  state=ON  metric=rpr
2026-10-08T12:14:19Z  OBSERVE  checkoutservice->currencyservice  rpr=0.0000  low=109 high=0  elapsed_s=215  attempts=3  state=ON  metric=rpr
2026-10-08T12:14:19Z  OBSERVE  checkoutservice->emailservice  rpr=0.0000  low=109 high=0  elapsed_s=215  attempts=3  state=ON  metric=rpr
2026-10-08T12:14:19Z  OBSERVE  checkoutservice->paymentservice  rpr=0.0000  low=109 high=0  elapsed_s=215  attempts=3  state=ON  metric=rpr
2026-10-08T12:14:19Z  OBSERVE  checkoutservice->shippingservice  rpr=0.0000  low=109 high=0  elapsed_s=215  attempts=3  state=ON  metric=rpr
2026-10-08T12:14:19Z  OBSERVE  recommendationservice->productcatalogservice  rpr=0.0000  low=112 high=0  elapsed_s=216  attempts=3  state=ON  metric=rpr
2026-10-08T12:14:19Z  OBSERVE  recommendationservice  rejection=0.3351  low=0 high=41  elapsed_s=80  state=OFF  metric=rejection
2026-10-08T12:14:21Z  OBSERVE  frontend->adservice  rpr=0.0000  low=112 high=0  elapsed_s=217  attempts=3  state=ON  metric=rpr
2026-10-08T12:14:21Z  OBSERVE  frontend->cartservice  rpr=0.0000  low=113 high=0  elapsed_s=218  attempts=3  state=ON  metric=rpr
2026-10-08T12:14:21Z  OBSERVE  frontend->checkoutservice  rpr=0.0000  low=85 high=0  elapsed_s=170  attempts=3  state=ON  metric=rpr
2026-10-08T12:14:21Z  OBSERVE  frontend->currencyservice  rpr=0.0000  low=113 high=0  elapsed_s=218  attempts=3  state=ON  metric=rpr
2026-10-08T12:14:21Z  OBSERVE  frontend->productcatalogservice  rpr=0.0000  low=113 high=0  elapsed_s=218  attempts=3  state=ON  metric=rpr
2026-10-08T12:14:21Z  OBSERVE  frontend->shippingservice  rpr=0.0000  low=112 high=0  elapsed_s=218  attempts=3  state=ON  metric=rpr
2026-10-08T12:14:21Z  OBSERVE  checkoutservice->cartservice  rpr=0.0000  low=110 high=0  elapsed_s=217  attempts=3  state=ON  metric=rpr
2026-10-08T12:14:21Z  OBSERVE  checkoutservice->currencyservice  rpr=0.0000  low=110 high=0  elapsed_s=217  attempts=3  state=ON  metric=rpr
2026-10-08T12:14:21Z  OBSERVE  checkoutservice->emailservice  rpr=0.0000  low=110 high=0  elapsed_s=217  attempts=3  state=ON  metric=rpr
2026-10-08T12:14:21Z  OBSERVE  checkoutservice->paymentservice  rpr=0.0000  low=110 high=0  elapsed_s=217  attempts=3  state=ON  metric=rpr
2026-10-08T12:14:21Z  OBSERVE  checkoutservice->shippingservice  rpr=0.0000  low=110 high=0  elapsed_s=217  attempts=3  state=ON  metric=rpr
2026-10-08T12:14:21Z  OBSERVE  recommendationservice->productcatalogservice  rpr=0.0000  low=113 high=0  elapsed_s=218  attempts=3  state=ON  metric=rpr
2026-10-08T12:14:21Z  OBSERVE  recommendationservice  rejection=0.5115  low=0 high=42  elapsed_s=82  state=OFF  metric=rejection
2026-10-08T12:14:23Z  OBSERVE  frontend->adservice  rpr=0.0000  low=113 high=0  elapsed_s=219  attempts=3  state=ON  metric=rpr
2026-10-08T12:14:23Z  OBSERVE  frontend->cartservice  rpr=0.0000  low=114 high=0  elapsed_s=220  attempts=3  state=ON  metric=rpr
2026-10-08T12:14:23Z  OBSERVE  frontend->checkoutservice  rpr=0.0000  low=86 high=0  elapsed_s=172  attempts=3  state=ON  metric=rpr
2026-10-08T12:14:23Z  OBSERVE  frontend->currencyservice  rpr=0.0000  low=114 high=0  elapsed_s=220  attempts=3  state=ON  metric=rpr
2026-10-08T12:14:23Z  OBSERVE  frontend->productcatalogservice  rpr=0.0000  low=114 high=0  elapsed_s=220  attempts=3  state=ON  metric=rpr
2026-10-08T12:14:23Z  OBSERVE  frontend->shippingservice  rpr=0.0000  low=113 high=0  elapsed_s=220  attempts=3  state=ON  metric=rpr
2026-10-08T12:14:23Z  OBSERVE  checkoutservice->cartservice  rpr=0.0000  low=111 high=0  elapsed_s=219  attempts=3  state=ON  metric=rpr
2026-10-08T12:14:23Z  OBSERVE  checkoutservice->currencyservice  rpr=0.0000  low=111 high=0  elapsed_s=219  attempts=3  state=ON  metric=rpr
2026-10-08T12:14:23Z  OBSERVE  checkoutservice->emailservice  rpr=0.0000  low=111 high=0  elapsed_s=219  attempts=3  state=ON  metric=rpr
2026-10-08T12:14:23Z  OBSERVE  checkoutservice->paymentservice  rpr=0.0000  low=111 high=0  elapsed_s=219  attempts=3  state=ON  metric=rpr
2026-10-08T12:14:23Z  OBSERVE  checkoutservice->shippingservice  rpr=0.0000  low=111 high=0  elapsed_s=219  attempts=3  state=ON  metric=rpr
2026-10-08T12:14:23Z  OBSERVE  recommendationservice->productcatalogservice  rpr=0.0000  low=114 high=0  elapsed_s=220  attempts=3  state=ON  metric=rpr
2026-10-08T12:14:23Z  OBSERVE  recommendationservice  rejection=0.5798  low=0 high=43  elapsed_s=84  state=OFF  metric=rejection
2026-10-08T12:14:25Z  OBSERVE  frontend->adservice  rpr=0.0000  low=114 high=0  elapsed_s=221  attempts=3  state=ON  metric=rpr
2026-10-08T12:14:25Z  OBSERVE  frontend->cartservice  rpr=0.0000  low=115 high=0  elapsed_s=222  attempts=3  state=ON  metric=rpr
2026-10-08T12:14:25Z  OBSERVE  frontend->checkoutservice  rpr=0.0000  low=87 high=0  elapsed_s=174  attempts=3  state=ON  metric=rpr
2026-10-08T12:14:25Z  OBSERVE  frontend->currencyservice  rpr=0.0000  low=115 high=0  elapsed_s=222  attempts=3  state=ON  metric=rpr
2026-10-08T12:14:25Z  OBSERVE  frontend->productcatalogservice  rpr=0.0000  low=115 high=0  elapsed_s=222  attempts=3  state=ON  metric=rpr
2026-10-08T12:14:25Z  OBSERVE  frontend->shippingservice  rpr=0.0000  low=114 high=0  elapsed_s=222  attempts=3  state=ON  metric=rpr
2026-10-08T12:14:25Z  OBSERVE  checkoutservice->cartservice  rpr=0.0000  low=112 high=0  elapsed_s=221  attempts=3  state=ON  metric=rpr
2026-10-08T12:14:25Z  OBSERVE  checkoutservice->currencyservice  rpr=0.0000  low=112 high=0  elapsed_s=221  attempts=3  state=ON  metric=rpr
2026-10-08T12:14:25Z  OBSERVE  checkoutservice->emailservice  rpr=0.0000  low=112 high=0  elapsed_s=221  attempts=3  state=ON  metric=rpr
2026-10-08T12:14:25Z  OBSERVE  checkoutservice->paymentservice  rpr=0.0000  low=112 high=0  elapsed_s=221  attempts=3  state=ON  metric=rpr
2026-10-08T12:14:25Z  OBSERVE  checkoutservice->shippingservice  rpr=0.0000  low=112 high=0  elapsed_s=221  attempts=3  state=ON  metric=rpr
2026-10-08T12:14:25Z  OBSERVE  recommendationservice->productcatalogservice  rpr=0.0000  low=115 high=0  elapsed_s=222  attempts=3  state=ON  metric=rpr
2026-10-08T12:14:25Z  OBSERVE  recommendationservice  rejection=0.3256  low=0 high=44  elapsed_s=86  state=OFF  metric=rejection
2026-10-08T12:14:27Z  OBSERVE  frontend->adservice  rpr=0.0000  low=115 high=0  elapsed_s=223  attempts=3  state=ON  metric=rpr
2026-10-08T12:14:27Z  OBSERVE  frontend->cartservice  rpr=0.0000  low=116 high=0  elapsed_s=224  attempts=3  state=ON  metric=rpr
2026-10-08T12:14:27Z  OBSERVE  frontend->checkoutservice  rpr=0.0000  low=88 high=0  elapsed_s=176  attempts=3  state=ON  metric=rpr
2026-10-08T12:14:27Z  OBSERVE  frontend->currencyservice  rpr=0.0000  low=116 high=0  elapsed_s=224  attempts=3  state=ON  metric=rpr
2026-10-08T12:14:27Z  OBSERVE  frontend->productcatalogservice  rpr=0.0000  low=116 high=0  elapsed_s=224  attempts=3  state=ON  metric=rpr
2026-10-08T12:14:27Z  OBSERVE  frontend->shippingservice  rpr=0.0000  low=115 high=0  elapsed_s=224  attempts=3  state=ON  metric=rpr
2026-10-08T12:14:27Z  OBSERVE  checkoutservice->cartservice  rpr=0.0000  low=113 high=0  elapsed_s=223  attempts=3  state=ON  metric=rpr
2026-10-08T12:14:27Z  OBSERVE  checkoutservice->currencyservice  rpr=0.0000  low=113 high=0  elapsed_s=223  attempts=3  state=ON  metric=rpr
2026-10-08T12:14:27Z  OBSERVE  checkoutservice->emailservice  rpr=0.0000  low=113 high=0  elapsed_s=223  attempts=3  state=ON  metric=rpr
2026-10-08T12:14:27Z  OBSERVE  checkoutservice->paymentservice  rpr=0.0000  low=113 high=0  elapsed_s=223  attempts=3  state=ON  metric=rpr
2026-10-08T12:14:27Z  OBSERVE  checkoutservice->shippingservice  rpr=0.0000  low=113 high=0  elapsed_s=223  attempts=3  state=ON  metric=rpr
2026-10-08T12:14:27Z  OBSERVE  recommendationservice->productcatalogservice  rpr=0.0000  low=116 high=0  elapsed_s=224  attempts=3  state=ON  metric=rpr
2026-10-08T12:14:27Z  OBSERVE  recommendationservice  rejection=0.3986  low=0 high=45  elapsed_s=88  state=OFF  metric=rejection
2026-10-08T12:14:29Z  OBSERVE  frontend->adservice  rpr=0.0000  low=116 high=0  elapsed_s=225  attempts=3  state=ON  metric=rpr
2026-10-08T12:14:29Z  OBSERVE  frontend->cartservice  rpr=0.0000  low=117 high=0  elapsed_s=226  attempts=3  state=ON  metric=rpr
2026-10-08T12:14:29Z  OBSERVE  frontend->checkoutservice  rpr=0.0000  low=89 high=0  elapsed_s=178  attempts=3  state=ON  metric=rpr
2026-10-08T12:14:29Z  OBSERVE  frontend->currencyservice  rpr=0.0000  low=117 high=0  elapsed_s=226  attempts=3  state=ON  metric=rpr
2026-10-08T12:14:29Z  OBSERVE  frontend->productcatalogservice  rpr=0.0000  low=117 high=0  elapsed_s=226  attempts=3  state=ON  metric=rpr
2026-10-08T12:14:29Z  OBSERVE  frontend->shippingservice  rpr=0.0000  low=116 high=0  elapsed_s=226  attempts=3  state=ON  metric=rpr
2026-10-08T12:14:29Z  OBSERVE  checkoutservice->cartservice  rpr=0.0000  low=114 high=0  elapsed_s=225  attempts=3  state=ON  metric=rpr
2026-10-08T12:14:29Z  OBSERVE  checkoutservice->currencyservice  rpr=0.0000  low=114 high=0  elapsed_s=225  attempts=3  state=ON  metric=rpr
2026-10-08T12:14:29Z  OBSERVE  checkoutservice->emailservice  rpr=0.0000  low=114 high=0  elapsed_s=225  attempts=3  state=ON  metric=rpr
2026-10-08T12:14:29Z  OBSERVE  checkoutservice->paymentservice  rpr=0.0000  low=114 high=0  elapsed_s=225  attempts=3  state=ON  metric=rpr
2026-10-08T12:14:29Z  OBSERVE  checkoutservice->shippingservice  rpr=0.0000  low=114 high=0  elapsed_s=225  attempts=3  state=ON  metric=rpr
2026-10-08T12:14:29Z  OBSERVE  recommendationservice->productcatalogservice  rpr=0.0000  low=117 high=0  elapsed_s=226  attempts=3  state=ON  metric=rpr
2026-10-08T12:14:29Z  OBSERVE  recommendationservice  rejection=0.2294  low=0 high=46  elapsed_s=90  state=OFF  metric=rejection
2026-10-08T12:14:31Z  OBSERVE  frontend->adservice  rpr=0.0000  low=117 high=0  elapsed_s=227  attempts=3  state=ON  metric=rpr
2026-10-08T12:14:31Z  OBSERVE  frontend->cartservice  rpr=0.0000  low=118 high=0  elapsed_s=228  attempts=3  state=ON  metric=rpr
2026-10-08T12:14:31Z  OBSERVE  frontend->checkoutservice  rpr=0.0000  low=90 high=0  elapsed_s=180  attempts=3  state=ON  metric=rpr
2026-10-08T12:14:31Z  OBSERVE  frontend->currencyservice  rpr=0.0000  low=118 high=0  elapsed_s=228  attempts=3  state=ON  metric=rpr
2026-10-08T12:14:31Z  OBSERVE  frontend->productcatalogservice  rpr=0.0000  low=118 high=0  elapsed_s=228  attempts=3  state=ON  metric=rpr
2026-10-08T12:14:31Z  OBSERVE  frontend->shippingservice  rpr=0.0000  low=117 high=0  elapsed_s=228  attempts=3  state=ON  metric=rpr
2026-10-08T12:14:31Z  OBSERVE  checkoutservice->cartservice  rpr=0.0000  low=115 high=0  elapsed_s=227  attempts=3  state=ON  metric=rpr
2026-10-08T12:14:31Z  OBSERVE  checkoutservice->currencyservice  rpr=0.0000  low=115 high=0  elapsed_s=227  attempts=3  state=ON  metric=rpr
2026-10-08T12:14:31Z  OBSERVE  checkoutservice->emailservice  rpr=0.0000  low=115 high=0  elapsed_s=227  attempts=3  state=ON  metric=rpr
2026-10-08T12:14:31Z  OBSERVE  checkoutservice->paymentservice  rpr=0.0000  low=115 high=0  elapsed_s=227  attempts=3  state=ON  metric=rpr
2026-10-08T12:14:31Z  OBSERVE  checkoutservice->shippingservice  rpr=0.0000  low=115 high=0  elapsed_s=227  attempts=3  state=ON  metric=rpr
2026-10-08T12:14:31Z  OBSERVE  recommendationservice->productcatalogservice  rpr=0.0000  low=118 high=0  elapsed_s=228  attempts=3  state=ON  metric=rpr
2026-10-08T12:14:31Z  OBSERVE  recommendationservice  rejection=0.3846  low=0 high=47  elapsed_s=92  state=OFF  metric=rejection
2026-10-08T12:14:33Z  OBSERVE  frontend->adservice  rpr=0.0000  low=118 high=0  elapsed_s=229  attempts=3  state=ON  metric=rpr
2026-10-08T12:14:33Z  OBSERVE  frontend->cartservice  rpr=0.0000  low=119 high=0  elapsed_s=230  attempts=3  state=ON  metric=rpr
2026-10-08T12:14:33Z  OBSERVE  frontend->checkoutservice  rpr=0.0000  low=91 high=0  elapsed_s=182  attempts=3  state=ON  metric=rpr
2026-10-08T12:14:33Z  OBSERVE  frontend->currencyservice  rpr=0.0000  low=119 high=0  elapsed_s=230  attempts=3  state=ON  metric=rpr
2026-10-08T12:14:33Z  OBSERVE  frontend->productcatalogservice  rpr=0.0000  low=119 high=0  elapsed_s=230  attempts=3  state=ON  metric=rpr
2026-10-08T12:14:33Z  OBSERVE  frontend->shippingservice  rpr=0.0000  low=118 high=0  elapsed_s=230  attempts=3  state=ON  metric=rpr
2026-10-08T12:14:33Z  OBSERVE  checkoutservice->cartservice  rpr=0.0000  low=116 high=0  elapsed_s=229  attempts=3  state=ON  metric=rpr
2026-10-08T12:14:33Z  OBSERVE  checkoutservice->currencyservice  rpr=0.0000  low=116 high=0  elapsed_s=229  attempts=3  state=ON  metric=rpr
2026-10-08T12:14:33Z  OBSERVE  checkoutservice->emailservice  rpr=0.0000  low=116 high=0  elapsed_s=229  attempts=3  state=ON  metric=rpr
2026-10-08T12:14:33Z  OBSERVE  checkoutservice->paymentservice  rpr=0.0000  low=116 high=0  elapsed_s=229  attempts=3  state=ON  metric=rpr
2026-10-08T12:14:33Z  OBSERVE  checkoutservice->shippingservice  rpr=0.0000  low=116 high=0  elapsed_s=229  attempts=3  state=ON  metric=rpr
2026-10-08T12:14:33Z  OBSERVE  recommendationservice->productcatalogservice  rpr=0.0000  low=119 high=0  elapsed_s=230  attempts=3  state=ON  metric=rpr
2026-10-08T12:14:33Z  OBSERVE  recommendationservice  rejection=0.2860  low=0 high=48  elapsed_s=94  state=OFF  metric=rejection
2026-10-08T12:14:35Z  OBSERVE  frontend->adservice  rpr=0.0000  low=119 high=0  elapsed_s=231  attempts=3  state=ON  metric=rpr
2026-10-08T12:14:35Z  OBSERVE  frontend->cartservice  rpr=0.0000  low=120 high=0  elapsed_s=232  attempts=3  state=ON  metric=rpr
2026-10-08T12:14:35Z  OBSERVE  frontend->checkoutservice  rpr=0.0000  low=92 high=0  elapsed_s=184  attempts=3  state=ON  metric=rpr
2026-10-08T12:14:35Z  OBSERVE  frontend->currencyservice  rpr=0.0000  low=120 high=0  elapsed_s=232  attempts=3  state=ON  metric=rpr
2026-10-08T12:14:35Z  OBSERVE  frontend->productcatalogservice  rpr=0.0000  low=120 high=0  elapsed_s=232  attempts=3  state=ON  metric=rpr
2026-10-08T12:14:35Z  OBSERVE  frontend->shippingservice  rpr=0.0000  low=119 high=0  elapsed_s=232  attempts=3  state=ON  metric=rpr
2026-10-08T12:14:35Z  OBSERVE  checkoutservice->cartservice  rpr=0.0000  low=117 high=0  elapsed_s=231  attempts=3  state=ON  metric=rpr
2026-10-08T12:14:35Z  OBSERVE  checkoutservice->currencyservice  rpr=0.0000  low=117 high=0  elapsed_s=231  attempts=3  state=ON  metric=rpr
2026-10-08T12:14:35Z  OBSERVE  checkoutservice->emailservice  rpr=0.0000  low=117 high=0  elapsed_s=231  attempts=3  state=ON  metric=rpr
2026-10-08T12:14:35Z  OBSERVE  checkoutservice->paymentservice  rpr=0.0000  low=117 high=0  elapsed_s=231  attempts=3  state=ON  metric=rpr
2026-10-08T12:14:35Z  OBSERVE  checkoutservice->shippingservice  rpr=0.0000  low=117 high=0  elapsed_s=231  attempts=3  state=ON  metric=rpr
2026-10-08T12:14:35Z  OBSERVE  recommendationservice->productcatalogservice  rpr=0.0000  low=120 high=0  elapsed_s=232  attempts=3  state=ON  metric=rpr
2026-10-08T12:14:35Z  OBSERVE  recommendationservice  rejection=0.3120  low=0 high=49  elapsed_s=96  state=OFF  metric=rejection
2026-10-08T12:14:37Z  OBSERVE  frontend->adservice  rpr=0.0000  low=120 high=0  elapsed_s=233  attempts=3  state=ON  metric=rpr
2026-10-08T12:14:37Z  OBSERVE  frontend->cartservice  rpr=0.0000  low=121 high=0  elapsed_s=234  attempts=3  state=ON  metric=rpr
2026-10-08T12:14:37Z  OBSERVE  frontend->checkoutservice  rpr=0.0000  low=93 high=0  elapsed_s=186  attempts=3  state=ON  metric=rpr
2026-10-08T12:14:37Z  OBSERVE  frontend->currencyservice  rpr=0.0000  low=121 high=0  elapsed_s=234  attempts=3  state=ON  metric=rpr
2026-10-08T12:14:37Z  OBSERVE  frontend->productcatalogservice  rpr=0.0000  low=121 high=0  elapsed_s=234  attempts=3  state=ON  metric=rpr
2026-10-08T12:14:37Z  OBSERVE  frontend->shippingservice  rpr=0.0000  low=120 high=0  elapsed_s=234  attempts=3  state=ON  metric=rpr
2026-10-08T12:14:37Z  OBSERVE  checkoutservice->cartservice  rpr=0.0000  low=118 high=0  elapsed_s=233  attempts=3  state=ON  metric=rpr
2026-10-08T12:14:37Z  OBSERVE  checkoutservice->currencyservice  rpr=0.0000  low=118 high=0  elapsed_s=233  attempts=3  state=ON  metric=rpr
2026-10-08T12:14:37Z  OBSERVE  checkoutservice->emailservice  rpr=0.0000  low=118 high=0  elapsed_s=233  attempts=3  state=ON  metric=rpr
2026-10-08T12:14:37Z  OBSERVE  checkoutservice->paymentservice  rpr=0.0000  low=118 high=0  elapsed_s=233  attempts=3  state=ON  metric=rpr
2026-10-08T12:14:37Z  OBSERVE  checkoutservice->shippingservice  rpr=0.0000  low=118 high=0  elapsed_s=233  attempts=3  state=ON  metric=rpr
2026-10-08T12:14:37Z  OBSERVE  recommendationservice->productcatalogservice  rpr=0.0000  low=121 high=0  elapsed_s=234  attempts=3  state=ON  metric=rpr
2026-10-08T12:14:37Z  OBSERVE  recommendationservice  rejection=0.3696  low=0 high=50  elapsed_s=98  state=OFF  metric=rejection
2026-10-08T12:14:39Z  OBSERVE  frontend->adservice  rpr=0.0000  low=121 high=0  elapsed_s=235  attempts=3  state=ON  metric=rpr
2026-10-08T12:14:39Z  OBSERVE  frontend->cartservice  rpr=0.0000  low=122 high=0  elapsed_s=236  attempts=3  state=ON  metric=rpr
2026-10-08T12:14:39Z  OBSERVE  frontend->checkoutservice  rpr=0.0000  low=94 high=0  elapsed_s=188  attempts=3  state=ON  metric=rpr
2026-10-08T12:14:39Z  OBSERVE  frontend->currencyservice  rpr=0.0000  low=122 high=0  elapsed_s=236  attempts=3  state=ON  metric=rpr
2026-10-08T12:14:39Z  OBSERVE  frontend->productcatalogservice  rpr=0.0000  low=122 high=0  elapsed_s=236  attempts=3  state=ON  metric=rpr
2026-10-08T12:14:39Z  OBSERVE  frontend->shippingservice  rpr=0.0000  low=121 high=0  elapsed_s=236  attempts=3  state=ON  metric=rpr
2026-10-08T12:14:39Z  OBSERVE  checkoutservice->cartservice  rpr=0.0000  low=119 high=0  elapsed_s=235  attempts=3  state=ON  metric=rpr
2026-10-08T12:14:39Z  OBSERVE  checkoutservice->currencyservice  rpr=0.0000  low=119 high=0  elapsed_s=235  attempts=3  state=ON  metric=rpr
2026-10-08T12:14:39Z  OBSERVE  checkoutservice->emailservice  rpr=0.0000  low=119 high=0  elapsed_s=235  attempts=3  state=ON  metric=rpr
2026-10-08T12:14:39Z  OBSERVE  checkoutservice->paymentservice  rpr=0.0000  low=119 high=0  elapsed_s=235  attempts=3  state=ON  metric=rpr
2026-10-08T12:14:39Z  OBSERVE  checkoutservice->shippingservice  rpr=0.0000  low=119 high=0  elapsed_s=235  attempts=3  state=ON  metric=rpr
2026-10-08T12:14:39Z  OBSERVE  recommendationservice->productcatalogservice  rpr=0.0000  low=122 high=0  elapsed_s=236  attempts=3  state=ON  metric=rpr
2026-10-08T12:14:39Z  OBSERVE  recommendationservice  rejection=0.2119  low=0 high=51  elapsed_s=100  state=OFF  metric=rejection
2026-10-08T12:14:41Z  OBSERVE  frontend->adservice  rpr=0.0000  low=122 high=0  elapsed_s=237  attempts=3  state=ON  metric=rpr
2026-10-08T12:14:41Z  OBSERVE  frontend->cartservice  rpr=0.0000  low=123 high=0  elapsed_s=238  attempts=3  state=ON  metric=rpr
2026-10-08T12:14:41Z  OBSERVE  frontend->checkoutservice  rpr=0.0000  low=95 high=0  elapsed_s=190  attempts=3  state=ON  metric=rpr
2026-10-08T12:14:41Z  OBSERVE  frontend->currencyservice  rpr=0.0000  low=123 high=0  elapsed_s=238  attempts=3  state=ON  metric=rpr
2026-10-08T12:14:41Z  OBSERVE  frontend->productcatalogservice  rpr=0.0000  low=123 high=0  elapsed_s=238  attempts=3  state=ON  metric=rpr
2026-10-08T12:14:41Z  OBSERVE  frontend->shippingservice  rpr=0.0000  low=122 high=0  elapsed_s=238  attempts=3  state=ON  metric=rpr
2026-10-08T12:14:41Z  OBSERVE  checkoutservice->cartservice  rpr=0.0000  low=120 high=0  elapsed_s=237  attempts=3  state=ON  metric=rpr
2026-10-08T12:14:41Z  OBSERVE  checkoutservice->currencyservice  rpr=0.0000  low=120 high=0  elapsed_s=237  attempts=3  state=ON  metric=rpr
2026-10-08T12:14:41Z  OBSERVE  checkoutservice->emailservice  rpr=0.0000  low=120 high=0  elapsed_s=237  attempts=3  state=ON  metric=rpr
2026-10-08T12:14:41Z  OBSERVE  checkoutservice->paymentservice  rpr=0.0000  low=120 high=0  elapsed_s=237  attempts=3  state=ON  metric=rpr
2026-10-08T12:14:41Z  OBSERVE  checkoutservice->shippingservice  rpr=0.0000  low=120 high=0  elapsed_s=237  attempts=3  state=ON  metric=rpr
2026-10-08T12:14:41Z  OBSERVE  recommendationservice->productcatalogservice  rpr=0.0000  low=123 high=0  elapsed_s=238  attempts=3  state=ON  metric=rpr
2026-10-08T12:14:41Z  OBSERVE  recommendationservice  rejection=0.3990  low=0 high=52  elapsed_s=102  state=OFF  metric=rejection
2026-10-08T12:14:43Z  OBSERVE  frontend->adservice  rpr=0.0000  low=123 high=0  elapsed_s=239  attempts=3  state=ON  metric=rpr
2026-10-08T12:14:43Z  OBSERVE  frontend->cartservice  rpr=0.0000  low=124 high=0  elapsed_s=240  attempts=3  state=ON  metric=rpr
2026-10-08T12:14:43Z  OBSERVE  frontend->checkoutservice  rpr=0.0000  low=96 high=0  elapsed_s=192  attempts=3  state=ON  metric=rpr
2026-10-08T12:14:43Z  OBSERVE  frontend->currencyservice  rpr=0.0000  low=124 high=0  elapsed_s=240  attempts=3  state=ON  metric=rpr
2026-10-08T12:14:43Z  OBSERVE  frontend->productcatalogservice  rpr=0.0000  low=124 high=0  elapsed_s=240  attempts=3  state=ON  metric=rpr
2026-10-08T12:14:43Z  OBSERVE  frontend->shippingservice  rpr=0.0000  low=123 high=0  elapsed_s=240  attempts=3  state=ON  metric=rpr
2026-10-08T12:14:43Z  OBSERVE  checkoutservice->cartservice  rpr=0.0000  low=121 high=0  elapsed_s=239  attempts=3  state=ON  metric=rpr
2026-10-08T12:14:43Z  OBSERVE  checkoutservice->currencyservice  rpr=0.0000  low=121 high=0  elapsed_s=239  attempts=3  state=ON  metric=rpr
2026-10-08T12:14:43Z  OBSERVE  checkoutservice->emailservice  rpr=0.0000  low=121 high=0  elapsed_s=239  attempts=3  state=ON  metric=rpr
2026-10-08T12:14:43Z  OBSERVE  checkoutservice->paymentservice  rpr=0.0000  low=121 high=0  elapsed_s=239  attempts=3  state=ON  metric=rpr
2026-10-08T12:14:43Z  OBSERVE  checkoutservice->shippingservice  rpr=0.0000  low=121 high=0  elapsed_s=239  attempts=3  state=ON  metric=rpr
2026-10-08T12:14:43Z  OBSERVE  recommendationservice->productcatalogservice  rpr=0.0000  low=124 high=0  elapsed_s=240  attempts=3  state=ON  metric=rpr
2026-10-08T12:14:43Z  OBSERVE  recommendationservice  rejection=0.1979  low=0 high=53  elapsed_s=104  state=OFF  metric=rejection
2026-10-08T12:14:45Z  OBSERVE  frontend->adservice  rpr=0.0000  low=124 high=0  elapsed_s=241  attempts=3  state=ON  metric=rpr
2026-10-08T12:14:45Z  OBSERVE  frontend->cartservice  rpr=0.0000  low=125 high=0  elapsed_s=242  attempts=3  state=ON  metric=rpr
2026-10-08T12:14:45Z  OBSERVE  frontend->checkoutservice  rpr=0.0000  low=97 high=0  elapsed_s=194  attempts=3  state=ON  metric=rpr
2026-10-08T12:14:45Z  OBSERVE  frontend->currencyservice  rpr=0.0000  low=125 high=0  elapsed_s=242  attempts=3  state=ON  metric=rpr
2026-10-08T12:14:45Z  OBSERVE  frontend->productcatalogservice  rpr=0.0000  low=125 high=0  elapsed_s=242  attempts=3  state=ON  metric=rpr
2026-10-08T12:14:45Z  OBSERVE  frontend->shippingservice  rpr=0.0000  low=124 high=0  elapsed_s=242  attempts=3  state=ON  metric=rpr
2026-10-08T12:14:45Z  OBSERVE  checkoutservice->cartservice  rpr=0.0000  low=122 high=0  elapsed_s=241  attempts=3  state=ON  metric=rpr
2026-10-08T12:14:45Z  OBSERVE  checkoutservice->currencyservice  rpr=0.0000  low=122 high=0  elapsed_s=241  attempts=3  state=ON  metric=rpr
2026-10-08T12:14:45Z  OBSERVE  checkoutservice->emailservice  rpr=0.0000  low=122 high=0  elapsed_s=241  attempts=3  state=ON  metric=rpr
2026-10-08T12:14:45Z  OBSERVE  checkoutservice->paymentservice  rpr=0.0000  low=122 high=0  elapsed_s=241  attempts=3  state=ON  metric=rpr
2026-10-08T12:14:45Z  OBSERVE  checkoutservice->shippingservice  rpr=0.0000  low=122 high=0  elapsed_s=241  attempts=3  state=ON  metric=rpr
2026-10-08T12:14:45Z  OBSERVE  recommendationservice->productcatalogservice  rpr=0.0000  low=125 high=0  elapsed_s=242  attempts=3  state=ON  metric=rpr
2026-10-08T12:14:45Z  OBSERVE  recommendationservice  rejection=0.2066  low=0 high=54  elapsed_s=106  state=OFF  metric=rejection
2026-10-08T12:14:47Z  OBSERVE  frontend->adservice  rpr=0.0000  low=125 high=0  elapsed_s=243  attempts=3  state=ON  metric=rpr
2026-10-08T12:14:47Z  OBSERVE  frontend->cartservice  rpr=0.0000  low=126 high=0  elapsed_s=244  attempts=3  state=ON  metric=rpr
2026-10-08T12:14:47Z  OBSERVE  frontend->checkoutservice  rpr=0.0000  low=98 high=0  elapsed_s=196  attempts=3  state=ON  metric=rpr
2026-10-08T12:14:47Z  OBSERVE  frontend->currencyservice  rpr=0.0000  low=126 high=0  elapsed_s=244  attempts=3  state=ON  metric=rpr
2026-10-08T12:14:47Z  OBSERVE  frontend->productcatalogservice  rpr=0.0000  low=126 high=0  elapsed_s=244  attempts=3  state=ON  metric=rpr
2026-10-08T12:14:47Z  OBSERVE  frontend->shippingservice  rpr=0.0000  low=125 high=0  elapsed_s=244  attempts=3  state=ON  metric=rpr
2026-10-08T12:14:47Z  OBSERVE  checkoutservice->cartservice  rpr=0.0000  low=123 high=0  elapsed_s=243  attempts=3  state=ON  metric=rpr
2026-10-08T12:14:47Z  OBSERVE  checkoutservice->currencyservice  rpr=0.0000  low=123 high=0  elapsed_s=243  attempts=3  state=ON  metric=rpr
2026-10-08T12:14:47Z  OBSERVE  checkoutservice->emailservice  rpr=0.0000  low=123 high=0  elapsed_s=243  attempts=3  state=ON  metric=rpr
2026-10-08T12:14:47Z  OBSERVE  checkoutservice->paymentservice  rpr=0.0000  low=123 high=0  elapsed_s=243  attempts=3  state=ON  metric=rpr
2026-10-08T12:14:47Z  OBSERVE  checkoutservice->shippingservice  rpr=0.0000  low=123 high=0  elapsed_s=243  attempts=3  state=ON  metric=rpr
2026-10-08T12:14:47Z  OBSERVE  recommendationservice->productcatalogservice  rpr=0.0000  low=126 high=0  elapsed_s=244  attempts=3  state=ON  metric=rpr
2026-10-08T12:14:47Z  OBSERVE  recommendationservice  rejection=0.2862  low=0 high=55  elapsed_s=108  state=OFF  metric=rejection
2026-10-08T12:14:49Z  OBSERVE  frontend->adservice  rpr=0.0000  low=126 high=0  elapsed_s=245  attempts=3  state=ON  metric=rpr
2026-10-08T12:14:49Z  OBSERVE  frontend->cartservice  rpr=0.0000  low=127 high=0  elapsed_s=246  attempts=3  state=ON  metric=rpr
2026-10-08T12:14:49Z  OBSERVE  frontend->checkoutservice  rpr=0.0000  low=99 high=0  elapsed_s=198  attempts=3  state=ON  metric=rpr
2026-10-08T12:14:49Z  OBSERVE  frontend->currencyservice  rpr=0.0000  low=127 high=0  elapsed_s=246  attempts=3  state=ON  metric=rpr
2026-10-08T12:14:49Z  OBSERVE  frontend->productcatalogservice  rpr=0.0000  low=127 high=0  elapsed_s=246  attempts=3  state=ON  metric=rpr
2026-10-08T12:14:49Z  OBSERVE  frontend->shippingservice  rpr=0.0000  low=126 high=0  elapsed_s=246  attempts=3  state=ON  metric=rpr
2026-10-08T12:14:49Z  OBSERVE  checkoutservice->cartservice  rpr=0.0000  low=124 high=0  elapsed_s=245  attempts=3  state=ON  metric=rpr
2026-10-08T12:14:49Z  OBSERVE  checkoutservice->currencyservice  rpr=0.0000  low=124 high=0  elapsed_s=245  attempts=3  state=ON  metric=rpr
2026-10-08T12:14:49Z  OBSERVE  checkoutservice->emailservice  rpr=0.0000  low=124 high=0  elapsed_s=245  attempts=3  state=ON  metric=rpr
2026-10-08T12:14:49Z  OBSERVE  checkoutservice->paymentservice  rpr=0.0000  low=124 high=0  elapsed_s=245  attempts=3  state=ON  metric=rpr
2026-10-08T12:14:49Z  OBSERVE  checkoutservice->shippingservice  rpr=0.0000  low=124 high=0  elapsed_s=245  attempts=3  state=ON  metric=rpr
2026-10-08T12:14:49Z  OBSERVE  recommendationservice->productcatalogservice  rpr=0.0000  low=127 high=0  elapsed_s=246  attempts=3  state=ON  metric=rpr
2026-10-08T12:14:49Z  OBSERVE  recommendationservice  rejection=0.2263  low=0 high=56  elapsed_s=110  state=OFF  metric=rejection
2026-10-08T12:14:51Z  OBSERVE  frontend->adservice  rpr=0.0000  low=127 high=0  elapsed_s=247  attempts=3  state=ON  metric=rpr
2026-10-08T12:14:51Z  OBSERVE  frontend->cartservice  rpr=0.0000  low=128 high=0  elapsed_s=248  attempts=3  state=ON  metric=rpr
2026-10-08T12:14:51Z  OBSERVE  frontend->checkoutservice  rpr=0.0000  low=100 high=0  elapsed_s=200  attempts=3  state=ON  metric=rpr
2026-10-08T12:14:51Z  OBSERVE  frontend->currencyservice  rpr=0.0000  low=128 high=0  elapsed_s=248  attempts=3  state=ON  metric=rpr
2026-10-08T12:14:51Z  OBSERVE  frontend->productcatalogservice  rpr=0.0000  low=128 high=0  elapsed_s=248  attempts=3  state=ON  metric=rpr
2026-10-08T12:14:51Z  OBSERVE  frontend->shippingservice  rpr=0.0000  low=127 high=0  elapsed_s=248  attempts=3  state=ON  metric=rpr
2026-10-08T12:14:51Z  OBSERVE  checkoutservice->cartservice  rpr=0.0000  low=125 high=0  elapsed_s=247  attempts=3  state=ON  metric=rpr
2026-10-08T12:14:51Z  OBSERVE  checkoutservice->currencyservice  rpr=0.0000  low=125 high=0  elapsed_s=247  attempts=3  state=ON  metric=rpr
2026-10-08T12:14:51Z  OBSERVE  checkoutservice->emailservice  rpr=0.0000  low=125 high=0  elapsed_s=247  attempts=3  state=ON  metric=rpr
2026-10-08T12:14:51Z  OBSERVE  checkoutservice->paymentservice  rpr=0.0000  low=125 high=0  elapsed_s=247  attempts=3  state=ON  metric=rpr
2026-10-08T12:14:51Z  OBSERVE  checkoutservice->shippingservice  rpr=0.0000  low=125 high=0  elapsed_s=247  attempts=3  state=ON  metric=rpr
2026-10-08T12:14:51Z  OBSERVE  recommendationservice->productcatalogservice  rpr=0.0000  low=128 high=0  elapsed_s=248  attempts=3  state=ON  metric=rpr
2026-10-08T12:14:51Z  OBSERVE  recommendationservice  rejection=0.2274  low=0 high=57  elapsed_s=112  state=OFF  metric=rejection
2026-10-08T12:14:53Z  OBSERVE  frontend->adservice  rpr=0.0000  low=128 high=0  elapsed_s=249  attempts=3  state=ON  metric=rpr
2026-10-08T12:14:53Z  OBSERVE  frontend->cartservice  rpr=0.0000  low=129 high=0  elapsed_s=250  attempts=3  state=ON  metric=rpr
2026-10-08T12:14:53Z  OBSERVE  frontend->checkoutservice  rpr=0.0000  low=101 high=0  elapsed_s=202  attempts=3  state=ON  metric=rpr
2026-10-08T12:14:53Z  OBSERVE  frontend->currencyservice  rpr=0.0000  low=129 high=0  elapsed_s=250  attempts=3  state=ON  metric=rpr
2026-10-08T12:14:53Z  OBSERVE  frontend->productcatalogservice  rpr=0.0000  low=129 high=0  elapsed_s=250  attempts=3  state=ON  metric=rpr
2026-10-08T12:14:53Z  OBSERVE  frontend->shippingservice  rpr=0.0000  low=128 high=0  elapsed_s=250  attempts=3  state=ON  metric=rpr
2026-10-08T12:14:53Z  OBSERVE  checkoutservice->cartservice  rpr=0.0000  low=126 high=0  elapsed_s=249  attempts=3  state=ON  metric=rpr
2026-10-08T12:14:53Z  OBSERVE  checkoutservice->currencyservice  rpr=0.0000  low=126 high=0  elapsed_s=249  attempts=3  state=ON  metric=rpr
2026-10-08T12:14:53Z  OBSERVE  checkoutservice->emailservice  rpr=0.0000  low=126 high=0  elapsed_s=249  attempts=3  state=ON  metric=rpr
2026-10-08T12:14:53Z  OBSERVE  checkoutservice->paymentservice  rpr=0.0000  low=126 high=0  elapsed_s=249  attempts=3  state=ON  metric=rpr
2026-10-08T12:14:53Z  OBSERVE  checkoutservice->shippingservice  rpr=0.0000  low=126 high=0  elapsed_s=249  attempts=3  state=ON  metric=rpr
2026-10-08T12:14:53Z  OBSERVE  recommendationservice->productcatalogservice  rpr=0.0000  low=129 high=0  elapsed_s=250  attempts=3  state=ON  metric=rpr
2026-10-08T12:14:53Z  OBSERVE  recommendationservice  rejection=0.2552  low=0 high=58  elapsed_s=114  state=OFF  metric=rejection
2026-10-08T12:14:55Z  OBSERVE  frontend->adservice  rpr=0.0000  low=129 high=0  elapsed_s=251  attempts=3  state=ON  metric=rpr
2026-10-08T12:14:55Z  OBSERVE  frontend->cartservice  rpr=0.0000  low=130 high=0  elapsed_s=252  attempts=3  state=ON  metric=rpr
2026-10-08T12:14:55Z  OBSERVE  frontend->checkoutservice  rpr=0.0000  low=102 high=0  elapsed_s=204  attempts=3  state=ON  metric=rpr
2026-10-08T12:14:55Z  OBSERVE  frontend->currencyservice  rpr=0.0000  low=130 high=0  elapsed_s=252  attempts=3  state=ON  metric=rpr
2026-10-08T12:14:55Z  OBSERVE  frontend->productcatalogservice  rpr=0.0000  low=130 high=0  elapsed_s=252  attempts=3  state=ON  metric=rpr
2026-10-08T12:14:55Z  OBSERVE  frontend->shippingservice  rpr=0.0000  low=129 high=0  elapsed_s=252  attempts=3  state=ON  metric=rpr
2026-10-08T12:14:55Z  OBSERVE  checkoutservice->cartservice  rpr=0.0000  low=127 high=0  elapsed_s=251  attempts=3  state=ON  metric=rpr
2026-10-08T12:14:55Z  OBSERVE  checkoutservice->currencyservice  rpr=0.0000  low=127 high=0  elapsed_s=251  attempts=3  state=ON  metric=rpr
2026-10-08T12:14:55Z  OBSERVE  checkoutservice->emailservice  rpr=0.0000  low=127 high=0  elapsed_s=251  attempts=3  state=ON  metric=rpr
2026-10-08T12:14:55Z  OBSERVE  checkoutservice->paymentservice  rpr=0.0000  low=127 high=0  elapsed_s=251  attempts=3  state=ON  metric=rpr
2026-10-08T12:14:55Z  OBSERVE  checkoutservice->shippingservice  rpr=0.0000  low=127 high=0  elapsed_s=251  attempts=3  state=ON  metric=rpr
2026-10-08T12:14:55Z  OBSERVE  recommendationservice->productcatalogservice  rpr=0.0000  low=130 high=0  elapsed_s=252  attempts=3  state=ON  metric=rpr
2026-10-08T12:14:55Z  OBSERVE  recommendationservice  rejection=0.2138  low=0 high=59  elapsed_s=116  state=OFF  metric=rejection
2026-10-08T12:14:57Z  OBSERVE  frontend->adservice  rpr=0.0000  low=130 high=0  elapsed_s=253  attempts=3  state=ON  metric=rpr
2026-10-08T12:14:57Z  OBSERVE  frontend->cartservice  rpr=0.0000  low=131 high=0  elapsed_s=254  attempts=3  state=ON  metric=rpr
2026-10-08T12:14:57Z  OBSERVE  frontend->checkoutservice  rpr=0.0000  low=103 high=0  elapsed_s=206  attempts=3  state=ON  metric=rpr
2026-10-08T12:14:57Z  OBSERVE  frontend->currencyservice  rpr=0.0000  low=131 high=0  elapsed_s=254  attempts=3  state=ON  metric=rpr
2026-10-08T12:14:57Z  OBSERVE  frontend->productcatalogservice  rpr=0.0000  low=131 high=0  elapsed_s=254  attempts=3  state=ON  metric=rpr
2026-10-08T12:14:57Z  OBSERVE  frontend->shippingservice  rpr=0.0000  low=130 high=0  elapsed_s=254  attempts=3  state=ON  metric=rpr
2026-10-08T12:14:57Z  OBSERVE  checkoutservice->cartservice  rpr=0.0000  low=128 high=0  elapsed_s=253  attempts=3  state=ON  metric=rpr
2026-10-08T12:14:57Z  OBSERVE  checkoutservice->currencyservice  rpr=0.0000  low=128 high=0  elapsed_s=253  attempts=3  state=ON  metric=rpr
2026-10-08T12:14:57Z  OBSERVE  checkoutservice->emailservice  rpr=0.0000  low=128 high=0  elapsed_s=253  attempts=3  state=ON  metric=rpr
2026-10-08T12:14:57Z  OBSERVE  checkoutservice->paymentservice  rpr=0.0000  low=128 high=0  elapsed_s=253  attempts=3  state=ON  metric=rpr
2026-10-08T12:14:57Z  OBSERVE  checkoutservice->shippingservice  rpr=0.0000  low=128 high=0  elapsed_s=253  attempts=3  state=ON  metric=rpr
2026-10-08T12:14:57Z  OBSERVE  recommendationservice->productcatalogservice  rpr=0.0000  low=131 high=0  elapsed_s=254  attempts=3  state=ON  metric=rpr
2026-10-08T12:14:57Z  OBSERVE  recommendationservice  rejection=0.5215  low=0 high=60  elapsed_s=118  state=OFF  metric=rejection
2026-10-08T12:14:59Z  OBSERVE  frontend->adservice  rpr=0.0000  low=131 high=0  elapsed_s=255  attempts=3  state=ON  metric=rpr
2026-10-08T12:14:59Z  OBSERVE  frontend->cartservice  rpr=0.0000  low=132 high=0  elapsed_s=256  attempts=3  state=ON  metric=rpr
2026-10-08T12:14:59Z  OBSERVE  frontend->checkoutservice  rpr=0.0000  low=104 high=0  elapsed_s=208  attempts=3  state=ON  metric=rpr
2026-10-08T12:14:59Z  OBSERVE  frontend->currencyservice  rpr=0.0000  low=132 high=0  elapsed_s=256  attempts=3  state=ON  metric=rpr
2026-10-08T12:14:59Z  OBSERVE  frontend->productcatalogservice  rpr=0.0000  low=132 high=0  elapsed_s=256  attempts=3  state=ON  metric=rpr
2026-10-08T12:14:59Z  OBSERVE  frontend->shippingservice  rpr=0.0000  low=131 high=0  elapsed_s=256  attempts=3  state=ON  metric=rpr
2026-10-08T12:14:59Z  OBSERVE  checkoutservice->cartservice  rpr=0.0000  low=129 high=0  elapsed_s=255  attempts=3  state=ON  metric=rpr
2026-10-08T12:14:59Z  OBSERVE  checkoutservice->currencyservice  rpr=0.0000  low=129 high=0  elapsed_s=255  attempts=3  state=ON  metric=rpr
2026-10-08T12:14:59Z  OBSERVE  checkoutservice->emailservice  rpr=0.0000  low=129 high=0  elapsed_s=255  attempts=3  state=ON  metric=rpr
2026-10-08T12:14:59Z  OBSERVE  checkoutservice->paymentservice  rpr=0.0000  low=129 high=0  elapsed_s=255  attempts=3  state=ON  metric=rpr
2026-10-08T12:14:59Z  OBSERVE  checkoutservice->shippingservice  rpr=0.0000  low=129 high=0  elapsed_s=255  attempts=3  state=ON  metric=rpr
2026-10-08T12:14:59Z  OBSERVE  recommendationservice->productcatalogservice  rpr=0.0000  low=132 high=0  elapsed_s=256  attempts=3  state=ON  metric=rpr
2026-10-08T12:14:59Z  OBSERVE  recommendationservice  rejection=0.3222  low=0 high=61  elapsed_s=120  state=OFF  metric=rejection
2026-10-08T12:15:01Z  OBSERVE  frontend->adservice  rpr=0.0000  low=132 high=0  elapsed_s=257  attempts=3  state=ON  metric=rpr
2026-10-08T12:15:01Z  OBSERVE  frontend->cartservice  rpr=0.0000  low=133 high=0  elapsed_s=258  attempts=3  state=ON  metric=rpr
2026-10-08T12:15:01Z  OBSERVE  frontend->checkoutservice  rpr=0.0000  low=105 high=0  elapsed_s=210  attempts=3  state=ON  metric=rpr
2026-10-08T12:15:01Z  OBSERVE  frontend->currencyservice  rpr=0.0000  low=133 high=0  elapsed_s=258  attempts=3  state=ON  metric=rpr
2026-10-08T12:15:01Z  OBSERVE  frontend->productcatalogservice  rpr=0.0000  low=133 high=0  elapsed_s=258  attempts=3  state=ON  metric=rpr
2026-10-08T12:15:01Z  OBSERVE  frontend->shippingservice  rpr=0.0000  low=132 high=0  elapsed_s=258  attempts=3  state=ON  metric=rpr
2026-10-08T12:15:01Z  OBSERVE  checkoutservice->cartservice  rpr=0.0000  low=130 high=0  elapsed_s=257  attempts=3  state=ON  metric=rpr
2026-10-08T12:15:01Z  OBSERVE  checkoutservice->currencyservice  rpr=0.0000  low=130 high=0  elapsed_s=257  attempts=3  state=ON  metric=rpr
2026-10-08T12:15:01Z  OBSERVE  checkoutservice->emailservice  rpr=0.0000  low=130 high=0  elapsed_s=257  attempts=3  state=ON  metric=rpr
2026-10-08T12:15:01Z  OBSERVE  checkoutservice->paymentservice  rpr=0.0000  low=130 high=0  elapsed_s=257  attempts=3  state=ON  metric=rpr
2026-10-08T12:15:01Z  OBSERVE  checkoutservice->shippingservice  rpr=0.0000  low=130 high=0  elapsed_s=257  attempts=3  state=ON  metric=rpr
2026-10-08T12:15:01Z  OBSERVE  recommendationservice->productcatalogservice  rpr=0.0000  low=133 high=0  elapsed_s=258  attempts=3  state=ON  metric=rpr
2026-10-08T12:15:01Z  OBSERVE  recommendationservice  rejection=0.3719  low=0 high=62  elapsed_s=122  state=OFF  metric=rejection
2026-10-08T12:15:03Z  OBSERVE  frontend->adservice  rpr=0.0000  low=133 high=0  elapsed_s=259  attempts=3  state=ON  metric=rpr
2026-10-08T12:15:03Z  OBSERVE  frontend->cartservice  rpr=0.0000  low=134 high=0  elapsed_s=260  attempts=3  state=ON  metric=rpr
2026-10-08T12:15:03Z  OBSERVE  frontend->checkoutservice  rpr=0.0000  low=106 high=0  elapsed_s=212  attempts=3  state=ON  metric=rpr
2026-10-08T12:15:03Z  OBSERVE  frontend->currencyservice  rpr=0.0000  low=134 high=0  elapsed_s=260  attempts=3  state=ON  metric=rpr
2026-10-08T12:15:03Z  OBSERVE  frontend->productcatalogservice  rpr=0.0000  low=134 high=0  elapsed_s=260  attempts=3  state=ON  metric=rpr
2026-10-08T12:15:03Z  OBSERVE  frontend->shippingservice  rpr=0.0000  low=133 high=0  elapsed_s=260  attempts=3  state=ON  metric=rpr
2026-10-08T12:15:03Z  OBSERVE  checkoutservice->cartservice  rpr=0.0000  low=131 high=0  elapsed_s=259  attempts=3  state=ON  metric=rpr
2026-10-08T12:15:03Z  OBSERVE  checkoutservice->currencyservice  rpr=0.0000  low=131 high=0  elapsed_s=259  attempts=3  state=ON  metric=rpr
2026-10-08T12:15:03Z  OBSERVE  checkoutservice->emailservice  rpr=0.0000  low=131 high=0  elapsed_s=259  attempts=3  state=ON  metric=rpr
2026-10-08T12:15:03Z  OBSERVE  checkoutservice->paymentservice  rpr=0.0000  low=131 high=0  elapsed_s=259  attempts=3  state=ON  metric=rpr
2026-10-08T12:15:03Z  OBSERVE  checkoutservice->shippingservice  rpr=0.0000  low=131 high=0  elapsed_s=259  attempts=3  state=ON  metric=rpr
2026-10-08T12:15:03Z  OBSERVE  recommendationservice->productcatalogservice  rpr=0.0000  low=134 high=0  elapsed_s=260  attempts=3  state=ON  metric=rpr
2026-10-08T12:15:03Z  OBSERVE  recommendationservice  rejection=0.2762  low=0 high=63  elapsed_s=124  state=OFF  metric=rejection
2026-10-08T12:15:05Z  OBSERVE  frontend->adservice  rpr=0.0000  low=134 high=0  elapsed_s=261  attempts=3  state=ON  metric=rpr
2026-10-08T12:15:05Z  OBSERVE  frontend->cartservice  rpr=0.0000  low=135 high=0  elapsed_s=262  attempts=3  state=ON  metric=rpr
2026-10-08T12:15:05Z  OBSERVE  frontend->checkoutservice  rpr=0.0000  low=107 high=0  elapsed_s=214  attempts=3  state=ON  metric=rpr
2026-10-08T12:15:05Z  OBSERVE  frontend->currencyservice  rpr=0.0000  low=135 high=0  elapsed_s=262  attempts=3  state=ON  metric=rpr
2026-10-08T12:15:05Z  OBSERVE  frontend->productcatalogservice  rpr=0.0000  low=135 high=0  elapsed_s=262  attempts=3  state=ON  metric=rpr
2026-10-08T12:15:05Z  OBSERVE  frontend->shippingservice  rpr=0.0000  low=134 high=0  elapsed_s=262  attempts=3  state=ON  metric=rpr
2026-10-08T12:15:05Z  OBSERVE  checkoutservice->cartservice  rpr=0.0000  low=132 high=0  elapsed_s=261  attempts=3  state=ON  metric=rpr
2026-10-08T12:15:05Z  OBSERVE  checkoutservice->currencyservice  rpr=0.0000  low=132 high=0  elapsed_s=261  attempts=3  state=ON  metric=rpr
2026-10-08T12:15:05Z  OBSERVE  checkoutservice->emailservice  rpr=0.0000  low=132 high=0  elapsed_s=261  attempts=3  state=ON  metric=rpr
2026-10-08T12:15:05Z  OBSERVE  checkoutservice->paymentservice  rpr=0.0000  low=132 high=0  elapsed_s=261  attempts=3  state=ON  metric=rpr
2026-10-08T12:15:05Z  OBSERVE  checkoutservice->shippingservice  rpr=0.0000  low=132 high=0  elapsed_s=261  attempts=3  state=ON  metric=rpr
2026-10-08T12:15:05Z  OBSERVE  recommendationservice->productcatalogservice  rpr=0.0000  low=135 high=0  elapsed_s=262  attempts=3  state=ON  metric=rpr
2026-10-08T12:15:05Z  OBSERVE  recommendationservice  rejection=0.2925  low=0 high=64  elapsed_s=126  state=OFF  metric=rejection
2026-10-08T12:15:07Z  OBSERVE  frontend->adservice  rpr=0.0000  low=135 high=0  elapsed_s=263  attempts=3  state=ON  metric=rpr
2026-10-08T12:15:07Z  OBSERVE  frontend->cartservice  rpr=0.0000  low=136 high=0  elapsed_s=264  attempts=3  state=ON  metric=rpr
2026-10-08T12:15:07Z  OBSERVE  frontend->checkoutservice  rpr=0.0000  low=108 high=0  elapsed_s=216  attempts=3  state=ON  metric=rpr
2026-10-08T12:15:07Z  OBSERVE  frontend->currencyservice  rpr=0.0000  low=136 high=0  elapsed_s=264  attempts=3  state=ON  metric=rpr
2026-10-08T12:15:07Z  OBSERVE  frontend->productcatalogservice  rpr=0.0000  low=136 high=0  elapsed_s=264  attempts=3  state=ON  metric=rpr
2026-10-08T12:15:07Z  OBSERVE  frontend->shippingservice  rpr=0.0000  low=135 high=0  elapsed_s=264  attempts=3  state=ON  metric=rpr
2026-10-08T12:15:07Z  OBSERVE  checkoutservice->cartservice  rpr=0.0000  low=133 high=0  elapsed_s=263  attempts=3  state=ON  metric=rpr
2026-10-08T12:15:07Z  OBSERVE  checkoutservice->currencyservice  rpr=0.0000  low=133 high=0  elapsed_s=263  attempts=3  state=ON  metric=rpr
2026-10-08T12:15:07Z  OBSERVE  checkoutservice->emailservice  rpr=0.0000  low=133 high=0  elapsed_s=263  attempts=3  state=ON  metric=rpr
2026-10-08T12:15:07Z  OBSERVE  checkoutservice->paymentservice  rpr=0.0000  low=133 high=0  elapsed_s=263  attempts=3  state=ON  metric=rpr
2026-10-08T12:15:07Z  OBSERVE  checkoutservice->shippingservice  rpr=0.0000  low=133 high=0  elapsed_s=263  attempts=3  state=ON  metric=rpr
2026-10-08T12:15:07Z  OBSERVE  recommendationservice->productcatalogservice  rpr=0.0000  low=136 high=0  elapsed_s=264  attempts=3  state=ON  metric=rpr
2026-10-08T12:15:07Z  OBSERVE  recommendationservice  rejection=0.5489  low=0 high=65  elapsed_s=128  state=OFF  metric=rejection
2026-10-08T12:15:09Z  OBSERVE  frontend->adservice  rpr=0.0000  low=136 high=0  elapsed_s=265  attempts=3  state=ON  metric=rpr
2026-10-08T12:15:09Z  OBSERVE  frontend->cartservice  rpr=0.0000  low=137 high=0  elapsed_s=266  attempts=3  state=ON  metric=rpr
2026-10-08T12:15:09Z  OBSERVE  frontend->checkoutservice  rpr=0.0000  low=109 high=0  elapsed_s=218  attempts=3  state=ON  metric=rpr
2026-10-08T12:15:09Z  OBSERVE  frontend->currencyservice  rpr=0.0000  low=137 high=0  elapsed_s=266  attempts=3  state=ON  metric=rpr
2026-10-08T12:15:09Z  OBSERVE  frontend->productcatalogservice  rpr=0.0000  low=137 high=0  elapsed_s=266  attempts=3  state=ON  metric=rpr
2026-10-08T12:15:09Z  OBSERVE  frontend->shippingservice  rpr=0.0000  low=136 high=0  elapsed_s=266  attempts=3  state=ON  metric=rpr
2026-10-08T12:15:09Z  OBSERVE  checkoutservice->cartservice  rpr=0.0000  low=134 high=0  elapsed_s=265  attempts=3  state=ON  metric=rpr
2026-10-08T12:15:09Z  OBSERVE  checkoutservice->currencyservice  rpr=0.0000  low=134 high=0  elapsed_s=265  attempts=3  state=ON  metric=rpr
2026-10-08T12:15:09Z  OBSERVE  checkoutservice->emailservice  rpr=0.0000  low=134 high=0  elapsed_s=265  attempts=3  state=ON  metric=rpr
2026-10-08T12:15:09Z  OBSERVE  checkoutservice->paymentservice  rpr=0.0000  low=134 high=0  elapsed_s=265  attempts=3  state=ON  metric=rpr
2026-10-08T12:15:09Z  OBSERVE  checkoutservice->shippingservice  rpr=0.0000  low=134 high=0  elapsed_s=265  attempts=3  state=ON  metric=rpr
2026-10-08T12:15:09Z  OBSERVE  recommendationservice->productcatalogservice  rpr=0.0000  low=137 high=0  elapsed_s=266  attempts=3  state=ON  metric=rpr
2026-10-08T12:15:09Z  OBSERVE  recommendationservice  rejection=0.3657  low=0 high=66  elapsed_s=130  state=OFF  metric=rejection
2026-10-08T12:15:11Z  OBSERVE  frontend->adservice  rpr=0.0000  low=137 high=0  elapsed_s=267  attempts=3  state=ON  metric=rpr
2026-10-08T12:15:11Z  OBSERVE  frontend->cartservice  rpr=0.0000  low=138 high=0  elapsed_s=268  attempts=3  state=ON  metric=rpr
2026-10-08T12:15:11Z  OBSERVE  frontend->checkoutservice  rpr=0.0000  low=110 high=0  elapsed_s=220  attempts=3  state=ON  metric=rpr
2026-10-08T12:15:11Z  OBSERVE  frontend->currencyservice  rpr=0.0000  low=138 high=0  elapsed_s=268  attempts=3  state=ON  metric=rpr
2026-10-08T12:15:11Z  OBSERVE  frontend->productcatalogservice  rpr=0.0000  low=138 high=0  elapsed_s=268  attempts=3  state=ON  metric=rpr
2026-10-08T12:15:11Z  OBSERVE  frontend->shippingservice  rpr=0.0000  low=137 high=0  elapsed_s=268  attempts=3  state=ON  metric=rpr
2026-10-08T12:15:11Z  OBSERVE  checkoutservice->cartservice  rpr=0.0000  low=135 high=0  elapsed_s=267  attempts=3  state=ON  metric=rpr
2026-10-08T12:15:11Z  OBSERVE  checkoutservice->currencyservice  rpr=0.0000  low=135 high=0  elapsed_s=267  attempts=3  state=ON  metric=rpr
2026-10-08T12:15:11Z  OBSERVE  checkoutservice->emailservice  rpr=0.0000  low=135 high=0  elapsed_s=267  attempts=3  state=ON  metric=rpr
2026-10-08T12:15:11Z  OBSERVE  checkoutservice->paymentservice  rpr=0.0000  low=135 high=0  elapsed_s=267  attempts=3  state=ON  metric=rpr
2026-10-08T12:15:11Z  OBSERVE  checkoutservice->shippingservice  rpr=0.0000  low=135 high=0  elapsed_s=267  attempts=3  state=ON  metric=rpr
2026-10-08T12:15:11Z  OBSERVE  recommendationservice->productcatalogservice  rpr=0.0000  low=138 high=0  elapsed_s=268  attempts=3  state=ON  metric=rpr
2026-10-08T12:15:11Z  OBSERVE  recommendationservice  rejection=0.4025  low=0 high=67  elapsed_s=132  state=OFF  metric=rejection
2026-10-08T12:15:13Z  OBSERVE  frontend->adservice  rpr=0.0000  low=138 high=0  elapsed_s=269  attempts=3  state=ON  metric=rpr
2026-10-08T12:15:13Z  OBSERVE  frontend->cartservice  rpr=0.0000  low=139 high=0  elapsed_s=270  attempts=3  state=ON  metric=rpr
2026-10-08T12:15:13Z  OBSERVE  frontend->checkoutservice  rpr=0.0000  low=111 high=0  elapsed_s=222  attempts=3  state=ON  metric=rpr
2026-10-08T12:15:13Z  OBSERVE  frontend->currencyservice  rpr=0.0000  low=139 high=0  elapsed_s=270  attempts=3  state=ON  metric=rpr
2026-10-08T12:15:13Z  OBSERVE  frontend->productcatalogservice  rpr=0.0000  low=139 high=0  elapsed_s=270  attempts=3  state=ON  metric=rpr
2026-10-08T12:15:13Z  OBSERVE  frontend->shippingservice  rpr=0.0000  low=138 high=0  elapsed_s=270  attempts=3  state=ON  metric=rpr
2026-10-08T12:15:13Z  OBSERVE  checkoutservice->cartservice  rpr=0.0000  low=136 high=0  elapsed_s=269  attempts=3  state=ON  metric=rpr
2026-10-08T12:15:13Z  OBSERVE  checkoutservice->currencyservice  rpr=0.0000  low=136 high=0  elapsed_s=269  attempts=3  state=ON  metric=rpr
2026-10-08T12:15:13Z  OBSERVE  checkoutservice->emailservice  rpr=0.0000  low=136 high=0  elapsed_s=269  attempts=3  state=ON  metric=rpr
2026-10-08T12:15:13Z  OBSERVE  checkoutservice->paymentservice  rpr=0.0000  low=136 high=0  elapsed_s=269  attempts=3  state=ON  metric=rpr
2026-10-08T12:15:13Z  OBSERVE  checkoutservice->shippingservice  rpr=0.0000  low=136 high=0  elapsed_s=269  attempts=3  state=ON  metric=rpr
2026-10-08T12:15:13Z  OBSERVE  recommendationservice->productcatalogservice  rpr=0.0000  low=139 high=0  elapsed_s=270  attempts=3  state=ON  metric=rpr
2026-10-08T12:15:13Z  OBSERVE  recommendationservice  rejection=0.3810  low=0 high=68  elapsed_s=134  state=OFF  metric=rejection
2026-10-08T12:15:15Z  OBSERVE  frontend->adservice  rpr=0.0000  low=139 high=0  elapsed_s=271  attempts=3  state=ON  metric=rpr
2026-10-08T12:15:15Z  OBSERVE  frontend->cartservice  rpr=0.0000  low=140 high=0  elapsed_s=272  attempts=3  state=ON  metric=rpr
2026-10-08T12:15:15Z  OBSERVE  frontend->checkoutservice  rpr=0.0000  low=112 high=0  elapsed_s=224  attempts=3  state=ON  metric=rpr
2026-10-08T12:15:15Z  OBSERVE  frontend->currencyservice  rpr=0.0000  low=140 high=0  elapsed_s=272  attempts=3  state=ON  metric=rpr
2026-10-08T12:15:15Z  OBSERVE  frontend->productcatalogservice  rpr=0.0000  low=140 high=0  elapsed_s=272  attempts=3  state=ON  metric=rpr
2026-10-08T12:15:15Z  OBSERVE  frontend->shippingservice  rpr=0.0000  low=139 high=0  elapsed_s=272  attempts=3  state=ON  metric=rpr
2026-10-08T12:15:15Z  OBSERVE  checkoutservice->cartservice  rpr=0.0000  low=137 high=0  elapsed_s=271  attempts=3  state=ON  metric=rpr
2026-10-08T12:15:15Z  OBSERVE  checkoutservice->currencyservice  rpr=0.0000  low=137 high=0  elapsed_s=271  attempts=3  state=ON  metric=rpr
2026-10-08T12:15:15Z  OBSERVE  checkoutservice->emailservice  rpr=0.0000  low=137 high=0  elapsed_s=271  attempts=3  state=ON  metric=rpr
2026-10-08T12:15:15Z  OBSERVE  checkoutservice->paymentservice  rpr=0.0000  low=137 high=0  elapsed_s=271  attempts=3  state=ON  metric=rpr
2026-10-08T12:15:15Z  OBSERVE  checkoutservice->shippingservice  rpr=0.0000  low=137 high=0  elapsed_s=271  attempts=3  state=ON  metric=rpr
2026-10-08T12:15:15Z  OBSERVE  recommendationservice->productcatalogservice  rpr=0.0000  low=140 high=0  elapsed_s=272  attempts=3  state=ON  metric=rpr
2026-10-08T12:15:15Z  OBSERVE  recommendationservice  rejection=0.2339  low=0 high=69  elapsed_s=136  state=OFF  metric=rejection
2026-10-08T12:15:17Z  OBSERVE  frontend->adservice  rpr=0.0000  low=140 high=0  elapsed_s=273  attempts=3  state=ON  metric=rpr
2026-10-08T12:15:17Z  OBSERVE  frontend->cartservice  rpr=0.0000  low=141 high=0  elapsed_s=274  attempts=3  state=ON  metric=rpr
2026-10-08T12:15:17Z  OBSERVE  frontend->checkoutservice  rpr=0.0000  low=113 high=0  elapsed_s=226  attempts=3  state=ON  metric=rpr
2026-10-08T12:15:17Z  OBSERVE  frontend->currencyservice  rpr=0.0000  low=141 high=0  elapsed_s=274  attempts=3  state=ON  metric=rpr
2026-10-08T12:15:17Z  OBSERVE  frontend->productcatalogservice  rpr=0.0000  low=141 high=0  elapsed_s=274  attempts=3  state=ON  metric=rpr
2026-10-08T12:15:17Z  OBSERVE  frontend->shippingservice  rpr=0.0000  low=140 high=0  elapsed_s=274  attempts=3  state=ON  metric=rpr
2026-10-08T12:15:17Z  OBSERVE  checkoutservice->cartservice  rpr=0.0000  low=138 high=0  elapsed_s=273  attempts=3  state=ON  metric=rpr
2026-10-08T12:15:17Z  OBSERVE  checkoutservice->currencyservice  rpr=0.0000  low=138 high=0  elapsed_s=273  attempts=3  state=ON  metric=rpr
2026-10-08T12:15:17Z  OBSERVE  checkoutservice->emailservice  rpr=0.0000  low=138 high=0  elapsed_s=273  attempts=3  state=ON  metric=rpr
2026-10-08T12:15:17Z  OBSERVE  checkoutservice->paymentservice  rpr=0.0000  low=138 high=0  elapsed_s=273  attempts=3  state=ON  metric=rpr
2026-10-08T12:15:17Z  OBSERVE  checkoutservice->shippingservice  rpr=0.0000  low=138 high=0  elapsed_s=273  attempts=3  state=ON  metric=rpr
2026-10-08T12:15:17Z  OBSERVE  recommendationservice->productcatalogservice  rpr=0.0000  low=141 high=0  elapsed_s=274  attempts=3  state=ON  metric=rpr
2026-10-08T12:15:17Z  OBSERVE  recommendationservice  rejection=0.4257  low=0 high=70  elapsed_s=138  state=OFF  metric=rejection
2026-10-08T12:15:19Z  OBSERVE  frontend->adservice  rpr=0.0000  low=141 high=0  elapsed_s=275  attempts=3  state=ON  metric=rpr
2026-10-08T12:15:19Z  OBSERVE  frontend->cartservice  rpr=0.0000  low=142 high=0  elapsed_s=276  attempts=3  state=ON  metric=rpr
2026-10-08T12:15:19Z  OBSERVE  frontend->checkoutservice  rpr=0.0000  low=114 high=0  elapsed_s=228  attempts=3  state=ON  metric=rpr
2026-10-08T12:15:19Z  OBSERVE  frontend->currencyservice  rpr=0.0000  low=142 high=0  elapsed_s=276  attempts=3  state=ON  metric=rpr
2026-10-08T12:15:19Z  OBSERVE  frontend->productcatalogservice  rpr=0.0000  low=142 high=0  elapsed_s=276  attempts=3  state=ON  metric=rpr
2026-10-08T12:15:19Z  OBSERVE  frontend->shippingservice  rpr=0.0000  low=141 high=0  elapsed_s=276  attempts=3  state=ON  metric=rpr
2026-10-08T12:15:19Z  OBSERVE  checkoutservice->cartservice  rpr=0.0000  low=139 high=0  elapsed_s=275  attempts=3  state=ON  metric=rpr
2026-10-08T12:15:19Z  OBSERVE  checkoutservice->currencyservice  rpr=0.0000  low=139 high=0  elapsed_s=275  attempts=3  state=ON  metric=rpr
2026-10-08T12:15:19Z  OBSERVE  checkoutservice->emailservice  rpr=0.0000  low=139 high=0  elapsed_s=275  attempts=3  state=ON  metric=rpr
2026-10-08T12:15:19Z  OBSERVE  checkoutservice->paymentservice  rpr=0.0000  low=139 high=0  elapsed_s=275  attempts=3  state=ON  metric=rpr
2026-10-08T12:15:19Z  OBSERVE  checkoutservice->shippingservice  rpr=0.0000  low=139 high=0  elapsed_s=275  attempts=3  state=ON  metric=rpr
2026-10-08T12:15:19Z  OBSERVE  recommendationservice->productcatalogservice  rpr=0.0000  low=142 high=0  elapsed_s=276  attempts=3  state=ON  metric=rpr
2026-10-08T12:15:19Z  OBSERVE  recommendationservice  rejection=0.2908  low=0 high=71  elapsed_s=140  state=OFF  metric=rejection
2026-10-08T12:15:21Z  OBSERVE  frontend->adservice  rpr=0.0000  low=142 high=0  elapsed_s=277  attempts=3  state=ON  metric=rpr
2026-10-08T12:15:21Z  OBSERVE  frontend->cartservice  rpr=0.0000  low=143 high=0  elapsed_s=278  attempts=3  state=ON  metric=rpr
2026-10-08T12:15:21Z  OBSERVE  frontend->checkoutservice  rpr=0.0000  low=115 high=0  elapsed_s=230  attempts=3  state=ON  metric=rpr
2026-10-08T12:15:21Z  OBSERVE  frontend->currencyservice  rpr=0.0000  low=143 high=0  elapsed_s=278  attempts=3  state=ON  metric=rpr
2026-10-08T12:15:21Z  OBSERVE  frontend->productcatalogservice  rpr=0.0000  low=143 high=0  elapsed_s=278  attempts=3  state=ON  metric=rpr
2026-10-08T12:15:21Z  OBSERVE  frontend->shippingservice  rpr=0.0000  low=142 high=0  elapsed_s=278  attempts=3  state=ON  metric=rpr
2026-10-08T12:15:21Z  OBSERVE  checkoutservice->cartservice  rpr=0.0000  low=140 high=0  elapsed_s=277  attempts=3  state=ON  metric=rpr
2026-10-08T12:15:21Z  OBSERVE  checkoutservice->currencyservice  rpr=0.0000  low=140 high=0  elapsed_s=277  attempts=3  state=ON  metric=rpr
2026-10-08T12:15:21Z  OBSERVE  checkoutservice->emailservice  rpr=0.0000  low=140 high=0  elapsed_s=277  attempts=3  state=ON  metric=rpr
2026-10-08T12:15:21Z  OBSERVE  checkoutservice->paymentservice  rpr=0.0000  low=140 high=0  elapsed_s=277  attempts=3  state=ON  metric=rpr
2026-10-08T12:15:21Z  OBSERVE  checkoutservice->shippingservice  rpr=0.0000  low=140 high=0  elapsed_s=277  attempts=3  state=ON  metric=rpr
2026-10-08T12:15:21Z  OBSERVE  recommendationservice->productcatalogservice  rpr=0.0000  low=143 high=0  elapsed_s=278  attempts=3  state=ON  metric=rpr
2026-10-08T12:15:21Z  OBSERVE  recommendationservice  rejection=0.3471  low=0 high=72  elapsed_s=142  state=OFF  metric=rejection
2026-10-08T12:15:23Z  OBSERVE  frontend->adservice  rpr=0.0000  low=143 high=0  elapsed_s=279  attempts=3  state=ON  metric=rpr
2026-10-08T12:15:23Z  OBSERVE  frontend->cartservice  rpr=0.0000  low=144 high=0  elapsed_s=280  attempts=3  state=ON  metric=rpr
2026-10-08T12:15:23Z  OBSERVE  frontend->checkoutservice  rpr=0.0000  low=116 high=0  elapsed_s=232  attempts=3  state=ON  metric=rpr
2026-10-08T12:15:23Z  OBSERVE  frontend->currencyservice  rpr=0.0000  low=144 high=0  elapsed_s=280  attempts=3  state=ON  metric=rpr
2026-10-08T12:15:23Z  OBSERVE  frontend->productcatalogservice  rpr=0.0000  low=144 high=0  elapsed_s=280  attempts=3  state=ON  metric=rpr
2026-10-08T12:15:23Z  OBSERVE  frontend->shippingservice  rpr=0.0000  low=143 high=0  elapsed_s=280  attempts=3  state=ON  metric=rpr
2026-10-08T12:15:23Z  OBSERVE  checkoutservice->cartservice  rpr=0.0000  low=141 high=0  elapsed_s=279  attempts=3  state=ON  metric=rpr
2026-10-08T12:15:23Z  OBSERVE  checkoutservice->currencyservice  rpr=0.0000  low=141 high=0  elapsed_s=279  attempts=3  state=ON  metric=rpr
2026-10-08T12:15:23Z  OBSERVE  checkoutservice->emailservice  rpr=0.0000  low=141 high=0  elapsed_s=279  attempts=3  state=ON  metric=rpr
2026-10-08T12:15:23Z  OBSERVE  checkoutservice->paymentservice  rpr=0.0000  low=141 high=0  elapsed_s=279  attempts=3  state=ON  metric=rpr
2026-10-08T12:15:23Z  OBSERVE  checkoutservice->shippingservice  rpr=0.0000  low=141 high=0  elapsed_s=279  attempts=3  state=ON  metric=rpr
2026-10-08T12:15:23Z  OBSERVE  recommendationservice->productcatalogservice  rpr=0.0000  low=144 high=0  elapsed_s=280  attempts=3  state=ON  metric=rpr
2026-10-08T12:15:23Z  OBSERVE  recommendationservice  rejection=0.3715  low=0 high=73  elapsed_s=144  state=OFF  metric=rejection
2026-10-08T12:15:25Z  OBSERVE  frontend->adservice  rpr=0.0000  low=144 high=0  elapsed_s=281  attempts=3  state=ON  metric=rpr
2026-10-08T12:15:25Z  OBSERVE  frontend->cartservice  rpr=0.0000  low=145 high=0  elapsed_s=282  attempts=3  state=ON  metric=rpr
2026-10-08T12:15:25Z  OBSERVE  frontend->checkoutservice  rpr=0.0000  low=117 high=0  elapsed_s=234  attempts=3  state=ON  metric=rpr
2026-10-08T12:15:25Z  OBSERVE  frontend->currencyservice  rpr=0.0000  low=145 high=0  elapsed_s=282  attempts=3  state=ON  metric=rpr
2026-10-08T12:15:25Z  OBSERVE  frontend->productcatalogservice  rpr=0.0000  low=145 high=0  elapsed_s=282  attempts=3  state=ON  metric=rpr
2026-10-08T12:15:25Z  OBSERVE  frontend->shippingservice  rpr=0.0000  low=144 high=0  elapsed_s=282  attempts=3  state=ON  metric=rpr
2026-10-08T12:15:25Z  OBSERVE  checkoutservice->cartservice  rpr=0.0000  low=142 high=0  elapsed_s=281  attempts=3  state=ON  metric=rpr
2026-10-08T12:15:25Z  OBSERVE  checkoutservice->currencyservice  rpr=0.0000  low=142 high=0  elapsed_s=281  attempts=3  state=ON  metric=rpr
2026-10-08T12:15:25Z  OBSERVE  checkoutservice->emailservice  rpr=0.0000  low=142 high=0  elapsed_s=281  attempts=3  state=ON  metric=rpr
2026-10-08T12:15:25Z  OBSERVE  checkoutservice->paymentservice  rpr=0.0000  low=142 high=0  elapsed_s=281  attempts=3  state=ON  metric=rpr
2026-10-08T12:15:25Z  OBSERVE  checkoutservice->shippingservice  rpr=0.0000  low=142 high=0  elapsed_s=281  attempts=3  state=ON  metric=rpr
2026-10-08T12:15:25Z  OBSERVE  recommendationservice->productcatalogservice  rpr=0.0000  low=145 high=0  elapsed_s=282  attempts=3  state=ON  metric=rpr
2026-10-08T12:15:25Z  OBSERVE  recommendationservice  rejection=0.2895  low=0 high=74  elapsed_s=146  state=OFF  metric=rejection
2026-10-08T12:15:27Z  OBSERVE  frontend->adservice  rpr=0.0000  low=145 high=0  elapsed_s=283  attempts=3  state=ON  metric=rpr
2026-10-08T12:15:27Z  OBSERVE  frontend->cartservice  rpr=0.0000  low=146 high=0  elapsed_s=284  attempts=3  state=ON  metric=rpr
2026-10-08T12:15:27Z  OBSERVE  frontend->checkoutservice  rpr=0.0000  low=118 high=0  elapsed_s=236  attempts=3  state=ON  metric=rpr
2026-10-08T12:15:27Z  OBSERVE  frontend->currencyservice  rpr=0.0000  low=146 high=0  elapsed_s=284  attempts=3  state=ON  metric=rpr
2026-10-08T12:15:27Z  OBSERVE  frontend->productcatalogservice  rpr=0.0000  low=146 high=0  elapsed_s=284  attempts=3  state=ON  metric=rpr
2026-10-08T12:15:27Z  OBSERVE  frontend->shippingservice  rpr=0.0000  low=145 high=0  elapsed_s=284  attempts=3  state=ON  metric=rpr
2026-10-08T12:15:27Z  OBSERVE  checkoutservice->cartservice  rpr=0.0000  low=143 high=0  elapsed_s=283  attempts=3  state=ON  metric=rpr
2026-10-08T12:15:27Z  OBSERVE  checkoutservice->currencyservice  rpr=0.0000  low=143 high=0  elapsed_s=283  attempts=3  state=ON  metric=rpr
2026-10-08T12:15:27Z  OBSERVE  checkoutservice->emailservice  rpr=0.0000  low=143 high=0  elapsed_s=283  attempts=3  state=ON  metric=rpr
2026-10-08T12:15:27Z  OBSERVE  checkoutservice->paymentservice  rpr=0.0000  low=143 high=0  elapsed_s=283  attempts=3  state=ON  metric=rpr
2026-10-08T12:15:27Z  OBSERVE  checkoutservice->shippingservice  rpr=0.0000  low=143 high=0  elapsed_s=283  attempts=3  state=ON  metric=rpr
2026-10-08T12:15:27Z  OBSERVE  recommendationservice->productcatalogservice  rpr=0.0000  low=146 high=0  elapsed_s=284  attempts=3  state=ON  metric=rpr
2026-10-08T12:15:27Z  OBSERVE  recommendationservice  rejection=0.4677  low=0 high=75  elapsed_s=148  state=OFF  metric=rejection
2026-10-08T12:15:29Z  OBSERVE  frontend->adservice  rpr=0.0000  low=146 high=0  elapsed_s=285  attempts=3  state=ON  metric=rpr
2026-10-08T12:15:29Z  OBSERVE  frontend->cartservice  rpr=0.0000  low=147 high=0  elapsed_s=286  attempts=3  state=ON  metric=rpr
2026-10-08T12:15:29Z  OBSERVE  frontend->checkoutservice  rpr=0.0000  low=119 high=0  elapsed_s=238  attempts=3  state=ON  metric=rpr
2026-10-08T12:15:29Z  OBSERVE  frontend->currencyservice  rpr=0.0000  low=147 high=0  elapsed_s=286  attempts=3  state=ON  metric=rpr
2026-10-08T12:15:29Z  OBSERVE  frontend->productcatalogservice  rpr=0.0000  low=147 high=0  elapsed_s=286  attempts=3  state=ON  metric=rpr
2026-10-08T12:15:29Z  OBSERVE  frontend->shippingservice  rpr=0.0000  low=146 high=0  elapsed_s=286  attempts=3  state=ON  metric=rpr
2026-10-08T12:15:29Z  OBSERVE  checkoutservice->cartservice  rpr=0.0000  low=144 high=0  elapsed_s=285  attempts=3  state=ON  metric=rpr
2026-10-08T12:15:29Z  OBSERVE  checkoutservice->currencyservice  rpr=0.0000  low=144 high=0  elapsed_s=285  attempts=3  state=ON  metric=rpr
2026-10-08T12:15:29Z  OBSERVE  checkoutservice->emailservice  rpr=0.0000  low=144 high=0  elapsed_s=285  attempts=3  state=ON  metric=rpr
2026-10-08T12:15:29Z  OBSERVE  checkoutservice->paymentservice  rpr=0.0000  low=144 high=0  elapsed_s=285  attempts=3  state=ON  metric=rpr
2026-10-08T12:15:29Z  OBSERVE  checkoutservice->shippingservice  rpr=0.0000  low=144 high=0  elapsed_s=285  attempts=3  state=ON  metric=rpr
2026-10-08T12:15:29Z  OBSERVE  recommendationservice->productcatalogservice  rpr=0.0000  low=147 high=0  elapsed_s=286  attempts=3  state=ON  metric=rpr
2026-10-08T12:15:29Z  OBSERVE  recommendationservice  rejection=0.4904  low=0 high=76  elapsed_s=150  state=OFF  metric=rejection
2026-10-08T12:15:31Z  OBSERVE  frontend->adservice  rpr=0.0000  low=147 high=0  elapsed_s=287  attempts=3  state=ON  metric=rpr
2026-10-08T12:15:31Z  OBSERVE  frontend->cartservice  rpr=0.0000  low=148 high=0  elapsed_s=288  attempts=3  state=ON  metric=rpr
2026-10-08T12:15:31Z  OBSERVE  frontend->checkoutservice  rpr=0.0000  low=120 high=0  elapsed_s=240  attempts=3  state=ON  metric=rpr
2026-10-08T12:15:31Z  OBSERVE  frontend->currencyservice  rpr=0.0000  low=148 high=0  elapsed_s=288  attempts=3  state=ON  metric=rpr
2026-10-08T12:15:31Z  OBSERVE  frontend->productcatalogservice  rpr=0.0000  low=148 high=0  elapsed_s=288  attempts=3  state=ON  metric=rpr
2026-10-08T12:15:31Z  OBSERVE  frontend->shippingservice  rpr=0.0000  low=147 high=0  elapsed_s=288  attempts=3  state=ON  metric=rpr
2026-10-08T12:15:31Z  OBSERVE  checkoutservice->cartservice  rpr=0.0000  low=145 high=0  elapsed_s=287  attempts=3  state=ON  metric=rpr
2026-10-08T12:15:31Z  OBSERVE  checkoutservice->currencyservice  rpr=0.0000  low=145 high=0  elapsed_s=287  attempts=3  state=ON  metric=rpr
2026-10-08T12:15:31Z  OBSERVE  checkoutservice->emailservice  rpr=0.0000  low=145 high=0  elapsed_s=287  attempts=3  state=ON  metric=rpr
2026-10-08T12:15:31Z  OBSERVE  checkoutservice->paymentservice  rpr=0.0000  low=145 high=0  elapsed_s=287  attempts=3  state=ON  metric=rpr
2026-10-08T12:15:31Z  OBSERVE  checkoutservice->shippingservice  rpr=0.0000  low=145 high=0  elapsed_s=287  attempts=3  state=ON  metric=rpr
2026-10-08T12:15:31Z  OBSERVE  recommendationservice->productcatalogservice  rpr=0.0000  low=148 high=0  elapsed_s=288  attempts=3  state=ON  metric=rpr
2026-10-08T12:15:31Z  OBSERVE  recommendationservice  rejection=0.5856  low=0 high=77  elapsed_s=152  state=OFF  metric=rejection
2026-10-08T12:15:33Z  OBSERVE  frontend->adservice  rpr=0.0000  low=148 high=0  elapsed_s=289  attempts=3  state=ON  metric=rpr
2026-10-08T12:15:33Z  OBSERVE  frontend->cartservice  rpr=0.0000  low=149 high=0  elapsed_s=290  attempts=3  state=ON  metric=rpr
2026-10-08T12:15:33Z  OBSERVE  frontend->checkoutservice  rpr=0.0000  low=121 high=0  elapsed_s=242  attempts=3  state=ON  metric=rpr
2026-10-08T12:15:33Z  OBSERVE  frontend->currencyservice  rpr=0.0000  low=149 high=0  elapsed_s=290  attempts=3  state=ON  metric=rpr
2026-10-08T12:15:33Z  OBSERVE  frontend->productcatalogservice  rpr=0.0000  low=149 high=0  elapsed_s=290  attempts=3  state=ON  metric=rpr
2026-10-08T12:15:33Z  OBSERVE  frontend->shippingservice  rpr=0.0000  low=148 high=0  elapsed_s=290  attempts=3  state=ON  metric=rpr
2026-10-08T12:15:33Z  OBSERVE  checkoutservice->cartservice  rpr=0.0000  low=146 high=0  elapsed_s=289  attempts=3  state=ON  metric=rpr
2026-10-08T12:15:33Z  OBSERVE  checkoutservice->currencyservice  rpr=0.0000  low=146 high=0  elapsed_s=289  attempts=3  state=ON  metric=rpr
2026-10-08T12:15:33Z  OBSERVE  checkoutservice->emailservice  rpr=0.0000  low=146 high=0  elapsed_s=289  attempts=3  state=ON  metric=rpr
2026-10-08T12:15:33Z  OBSERVE  checkoutservice->paymentservice  rpr=0.0000  low=146 high=0  elapsed_s=289  attempts=3  state=ON  metric=rpr
2026-10-08T12:15:33Z  OBSERVE  checkoutservice->shippingservice  rpr=0.0000  low=146 high=0  elapsed_s=289  attempts=3  state=ON  metric=rpr
2026-10-08T12:15:33Z  OBSERVE  recommendationservice->productcatalogservice  rpr=0.0000  low=149 high=0  elapsed_s=290  attempts=3  state=ON  metric=rpr
2026-10-08T12:15:33Z  OBSERVE  recommendationservice  rejection=0.6889  low=0 high=78  elapsed_s=154  state=OFF  metric=rejection
2026-10-08T12:15:35Z  OBSERVE  frontend->adservice  rpr=0.0000  low=149 high=0  elapsed_s=291  attempts=3  state=ON  metric=rpr
2026-10-08T12:15:35Z  OBSERVE  frontend->cartservice  rpr=0.0000  low=150 high=0  elapsed_s=292  attempts=3  state=ON  metric=rpr
2026-10-08T12:15:35Z  OBSERVE  frontend->checkoutservice  rpr=0.0000  low=122 high=0  elapsed_s=244  attempts=3  state=ON  metric=rpr
2026-10-08T12:15:35Z  OBSERVE  frontend->currencyservice  rpr=0.0000  low=150 high=0  elapsed_s=292  attempts=3  state=ON  metric=rpr
2026-10-08T12:15:35Z  OBSERVE  frontend->productcatalogservice  rpr=0.0000  low=150 high=0  elapsed_s=292  attempts=3  state=ON  metric=rpr
2026-10-08T12:15:35Z  OBSERVE  frontend->shippingservice  rpr=0.0000  low=149 high=0  elapsed_s=292  attempts=3  state=ON  metric=rpr
2026-10-08T12:15:35Z  OBSERVE  checkoutservice->cartservice  rpr=0.0000  low=147 high=0  elapsed_s=291  attempts=3  state=ON  metric=rpr
2026-10-08T12:15:35Z  OBSERVE  checkoutservice->currencyservice  rpr=0.0000  low=147 high=0  elapsed_s=291  attempts=3  state=ON  metric=rpr
2026-10-08T12:15:35Z  OBSERVE  checkoutservice->emailservice  rpr=0.0000  low=147 high=0  elapsed_s=291  attempts=3  state=ON  metric=rpr
2026-10-08T12:15:35Z  OBSERVE  checkoutservice->paymentservice  rpr=0.0000  low=147 high=0  elapsed_s=291  attempts=3  state=ON  metric=rpr
2026-10-08T12:15:35Z  OBSERVE  checkoutservice->shippingservice  rpr=0.0000  low=147 high=0  elapsed_s=291  attempts=3  state=ON  metric=rpr
2026-10-08T12:15:35Z  OBSERVE  recommendationservice->productcatalogservice  rpr=0.0000  low=150 high=0  elapsed_s=292  attempts=3  state=ON  metric=rpr
2026-10-08T12:15:35Z  OBSERVE  recommendationservice  rejection=0.4957  low=0 high=79  elapsed_s=156  state=OFF  metric=rejection
2026-10-08T12:15:37Z  OBSERVE  frontend->adservice  rpr=0.0000  low=150 high=0  elapsed_s=293  attempts=3  state=ON  metric=rpr
2026-10-08T12:15:37Z  OBSERVE  frontend->cartservice  rpr=0.0000  low=151 high=0  elapsed_s=294  attempts=3  state=ON  metric=rpr
2026-10-08T12:15:37Z  OBSERVE  frontend->checkoutservice  rpr=0.0000  low=123 high=0  elapsed_s=246  attempts=3  state=ON  metric=rpr
2026-10-08T12:15:37Z  OBSERVE  frontend->currencyservice  rpr=0.0000  low=151 high=0  elapsed_s=294  attempts=3  state=ON  metric=rpr
2026-10-08T12:15:37Z  OBSERVE  frontend->productcatalogservice  rpr=0.0000  low=151 high=0  elapsed_s=294  attempts=3  state=ON  metric=rpr
2026-10-08T12:15:37Z  OBSERVE  frontend->shippingservice  rpr=0.0000  low=150 high=0  elapsed_s=294  attempts=3  state=ON  metric=rpr
2026-10-08T12:15:37Z  OBSERVE  checkoutservice->cartservice  rpr=0.0000  low=148 high=0  elapsed_s=293  attempts=3  state=ON  metric=rpr
2026-10-08T12:15:37Z  OBSERVE  checkoutservice->currencyservice  rpr=0.0000  low=148 high=0  elapsed_s=293  attempts=3  state=ON  metric=rpr
2026-10-08T12:15:37Z  OBSERVE  checkoutservice->emailservice  rpr=0.0000  low=148 high=0  elapsed_s=293  attempts=3  state=ON  metric=rpr
2026-10-08T12:15:37Z  OBSERVE  checkoutservice->paymentservice  rpr=0.0000  low=148 high=0  elapsed_s=293  attempts=3  state=ON  metric=rpr
2026-10-08T12:15:37Z  OBSERVE  checkoutservice->shippingservice  rpr=0.0000  low=148 high=0  elapsed_s=293  attempts=3  state=ON  metric=rpr
2026-10-08T12:15:37Z  OBSERVE  recommendationservice->productcatalogservice  rpr=0.0000  low=151 high=0  elapsed_s=294  attempts=3  state=ON  metric=rpr
2026-10-08T12:15:37Z  OBSERVE  recommendationservice  rejection=0.7079  low=0 high=80  elapsed_s=158  state=OFF  metric=rejection
2026-10-08T12:15:39Z  OBSERVE  frontend->adservice  rpr=0.0000  low=151 high=0  elapsed_s=295  attempts=3  state=ON  metric=rpr
2026-10-08T12:15:39Z  OBSERVE  frontend->cartservice  rpr=0.0000  low=152 high=0  elapsed_s=296  attempts=3  state=ON  metric=rpr
2026-10-08T12:15:39Z  OBSERVE  frontend->checkoutservice  rpr=0.0000  low=124 high=0  elapsed_s=248  attempts=3  state=ON  metric=rpr
2026-10-08T12:15:39Z  OBSERVE  frontend->currencyservice  rpr=0.0000  low=152 high=0  elapsed_s=296  attempts=3  state=ON  metric=rpr
2026-10-08T12:15:39Z  OBSERVE  frontend->productcatalogservice  rpr=0.0000  low=152 high=0  elapsed_s=296  attempts=3  state=ON  metric=rpr
2026-10-08T12:15:39Z  OBSERVE  frontend->shippingservice  rpr=0.0000  low=151 high=0  elapsed_s=296  attempts=3  state=ON  metric=rpr
2026-10-08T12:15:39Z  OBSERVE  checkoutservice->cartservice  rpr=0.0000  low=149 high=0  elapsed_s=295  attempts=3  state=ON  metric=rpr
2026-10-08T12:15:39Z  OBSERVE  checkoutservice->currencyservice  rpr=0.0000  low=149 high=0  elapsed_s=295  attempts=3  state=ON  metric=rpr
2026-10-08T12:15:39Z  OBSERVE  checkoutservice->emailservice  rpr=0.0000  low=149 high=0  elapsed_s=295  attempts=3  state=ON  metric=rpr
2026-10-08T12:15:39Z  OBSERVE  checkoutservice->paymentservice  rpr=0.0000  low=149 high=0  elapsed_s=295  attempts=3  state=ON  metric=rpr
2026-10-08T12:15:39Z  OBSERVE  checkoutservice->shippingservice  rpr=0.0000  low=149 high=0  elapsed_s=295  attempts=3  state=ON  metric=rpr
2026-10-08T12:15:39Z  OBSERVE  recommendationservice->productcatalogservice  rpr=0.0000  low=152 high=0  elapsed_s=296  attempts=3  state=ON  metric=rpr
2026-10-08T12:15:39Z  OBSERVE  recommendationservice  rejection=0.4952  low=0 high=81  elapsed_s=160  state=OFF  metric=rejection
2026-10-08T12:15:41Z  OBSERVE  frontend->adservice  rpr=0.0000  low=152 high=0  elapsed_s=297  attempts=3  state=ON  metric=rpr
2026-10-08T12:15:41Z  OBSERVE  frontend->cartservice  rpr=0.0000  low=153 high=0  elapsed_s=298  attempts=3  state=ON  metric=rpr
2026-10-08T12:15:41Z  OBSERVE  frontend->checkoutservice  rpr=0.0000  low=125 high=0  elapsed_s=250  attempts=3  state=ON  metric=rpr
2026-10-08T12:15:41Z  OBSERVE  frontend->currencyservice  rpr=0.0000  low=153 high=0  elapsed_s=298  attempts=3  state=ON  metric=rpr
2026-10-08T12:15:41Z  OBSERVE  frontend->productcatalogservice  rpr=0.0000  low=153 high=0  elapsed_s=298  attempts=3  state=ON  metric=rpr
2026-10-08T12:15:41Z  OBSERVE  frontend->shippingservice  rpr=0.0000  low=152 high=0  elapsed_s=298  attempts=3  state=ON  metric=rpr
2026-10-08T12:15:41Z  OBSERVE  checkoutservice->cartservice  rpr=0.0000  low=150 high=0  elapsed_s=297  attempts=3  state=ON  metric=rpr
2026-10-08T12:15:41Z  OBSERVE  checkoutservice->currencyservice  rpr=0.0000  low=150 high=0  elapsed_s=297  attempts=3  state=ON  metric=rpr
2026-10-08T12:15:41Z  OBSERVE  checkoutservice->emailservice  rpr=0.0000  low=150 high=0  elapsed_s=297  attempts=3  state=ON  metric=rpr
2026-10-08T12:15:41Z  OBSERVE  checkoutservice->paymentservice  rpr=0.0000  low=150 high=0  elapsed_s=297  attempts=3  state=ON  metric=rpr
2026-10-08T12:15:41Z  OBSERVE  checkoutservice->shippingservice  rpr=0.0000  low=150 high=0  elapsed_s=297  attempts=3  state=ON  metric=rpr
2026-10-08T12:15:41Z  OBSERVE  recommendationservice->productcatalogservice  rpr=0.0000  low=153 high=0  elapsed_s=298  attempts=3  state=ON  metric=rpr
2026-10-08T12:15:41Z  OBSERVE  recommendationservice  rejection=0.4413  low=0 high=82  elapsed_s=162  state=OFF  metric=rejection
2026-10-08T12:15:43Z  OBSERVE  frontend->adservice  rpr=0.0000  low=153 high=0  elapsed_s=299  attempts=3  state=ON  metric=rpr
2026-10-08T12:15:43Z  OBSERVE  frontend->cartservice  rpr=0.0000  low=154 high=0  elapsed_s=300  attempts=3  state=ON  metric=rpr
2026-10-08T12:15:43Z  OBSERVE  frontend->checkoutservice  rpr=0.0000  low=126 high=0  elapsed_s=252  attempts=3  state=ON  metric=rpr
2026-10-08T12:15:43Z  OBSERVE  frontend->currencyservice  rpr=0.0000  low=154 high=0  elapsed_s=300  attempts=3  state=ON  metric=rpr
2026-10-08T12:15:43Z  OBSERVE  frontend->productcatalogservice  rpr=0.0000  low=154 high=0  elapsed_s=300  attempts=3  state=ON  metric=rpr
2026-10-08T12:15:43Z  OBSERVE  frontend->shippingservice  rpr=0.0000  low=153 high=0  elapsed_s=300  attempts=3  state=ON  metric=rpr
2026-10-08T12:15:43Z  OBSERVE  checkoutservice->cartservice  rpr=0.0000  low=151 high=0  elapsed_s=299  attempts=3  state=ON  metric=rpr
2026-10-08T12:15:43Z  OBSERVE  checkoutservice->currencyservice  rpr=0.0000  low=151 high=0  elapsed_s=299  attempts=3  state=ON  metric=rpr
2026-10-08T12:15:43Z  OBSERVE  checkoutservice->emailservice  rpr=0.0000  low=151 high=0  elapsed_s=299  attempts=3  state=ON  metric=rpr
2026-10-08T12:15:43Z  OBSERVE  checkoutservice->paymentservice  rpr=0.0000  low=151 high=0  elapsed_s=299  attempts=3  state=ON  metric=rpr
2026-10-08T12:15:43Z  OBSERVE  checkoutservice->shippingservice  rpr=0.0000  low=151 high=0  elapsed_s=299  attempts=3  state=ON  metric=rpr
2026-10-08T12:15:43Z  OBSERVE  recommendationservice->productcatalogservice  rpr=0.0000  low=154 high=0  elapsed_s=300  attempts=3  state=ON  metric=rpr
2026-10-08T12:15:43Z  OBSERVE  recommendationservice  rejection=0.3511  low=0 high=83  elapsed_s=164  state=OFF  metric=rejection
2026-10-08T12:15:45Z  OBSERVE  frontend->adservice  rpr=0.0000  low=154 high=0  elapsed_s=301  attempts=3  state=ON  metric=rpr
2026-10-08T12:15:45Z  OBSERVE  frontend->cartservice  rpr=0.0000  low=155 high=0  elapsed_s=302  attempts=3  state=ON  metric=rpr
2026-10-08T12:15:45Z  OBSERVE  frontend->checkoutservice  rpr=0.0000  low=127 high=0  elapsed_s=254  attempts=3  state=ON  metric=rpr
2026-10-08T12:15:45Z  OBSERVE  frontend->currencyservice  rpr=0.0000  low=155 high=0  elapsed_s=302  attempts=3  state=ON  metric=rpr
2026-10-08T12:15:45Z  OBSERVE  frontend->productcatalogservice  rpr=0.0000  low=155 high=0  elapsed_s=302  attempts=3  state=ON  metric=rpr
2026-10-08T12:15:45Z  OBSERVE  frontend->shippingservice  rpr=0.0000  low=154 high=0  elapsed_s=302  attempts=3  state=ON  metric=rpr
2026-10-08T12:15:45Z  OBSERVE  checkoutservice->cartservice  rpr=0.0000  low=152 high=0  elapsed_s=301  attempts=3  state=ON  metric=rpr
2026-10-08T12:15:45Z  OBSERVE  checkoutservice->currencyservice  rpr=0.0000  low=152 high=0  elapsed_s=301  attempts=3  state=ON  metric=rpr
2026-10-08T12:15:45Z  OBSERVE  checkoutservice->emailservice  rpr=0.0000  low=152 high=0  elapsed_s=301  attempts=3  state=ON  metric=rpr
2026-10-08T12:15:45Z  OBSERVE  checkoutservice->paymentservice  rpr=0.0000  low=152 high=0  elapsed_s=301  attempts=3  state=ON  metric=rpr
2026-10-08T12:15:45Z  OBSERVE  checkoutservice->shippingservice  rpr=0.0000  low=152 high=0  elapsed_s=301  attempts=3  state=ON  metric=rpr
2026-10-08T12:15:45Z  OBSERVE  recommendationservice->productcatalogservice  rpr=0.0000  low=155 high=0  elapsed_s=302  attempts=3  state=ON  metric=rpr
2026-10-08T12:15:45Z  OBSERVE  recommendationservice  rejection=0.2976  low=0 high=84  elapsed_s=166  state=OFF  metric=rejection
2026-10-08T12:15:47Z  OBSERVE  frontend->adservice  rpr=0.0000  low=155 high=0  elapsed_s=303  attempts=3  state=ON  metric=rpr
2026-10-08T12:15:47Z  OBSERVE  frontend->cartservice  rpr=0.0000  low=156 high=0  elapsed_s=304  attempts=3  state=ON  metric=rpr
2026-10-08T12:15:47Z  OBSERVE  frontend->checkoutservice  rpr=0.0000  low=128 high=0  elapsed_s=256  attempts=3  state=ON  metric=rpr
2026-10-08T12:15:47Z  OBSERVE  frontend->currencyservice  rpr=0.0000  low=156 high=0  elapsed_s=304  attempts=3  state=ON  metric=rpr
2026-10-08T12:15:47Z  OBSERVE  frontend->productcatalogservice  rpr=0.0000  low=156 high=0  elapsed_s=304  attempts=3  state=ON  metric=rpr
2026-10-08T12:15:47Z  OBSERVE  frontend->shippingservice  rpr=0.0000  low=155 high=0  elapsed_s=304  attempts=3  state=ON  metric=rpr
2026-10-08T12:15:47Z  OBSERVE  checkoutservice->cartservice  rpr=0.0000  low=153 high=0  elapsed_s=303  attempts=3  state=ON  metric=rpr
2026-10-08T12:15:47Z  OBSERVE  checkoutservice->currencyservice  rpr=0.0000  low=153 high=0  elapsed_s=303  attempts=3  state=ON  metric=rpr
2026-10-08T12:15:47Z  OBSERVE  checkoutservice->emailservice  rpr=0.0000  low=153 high=0  elapsed_s=303  attempts=3  state=ON  metric=rpr
2026-10-08T12:15:47Z  OBSERVE  checkoutservice->paymentservice  rpr=0.0000  low=153 high=0  elapsed_s=303  attempts=3  state=ON  metric=rpr
2026-10-08T12:15:47Z  OBSERVE  checkoutservice->shippingservice  rpr=0.0000  low=153 high=0  elapsed_s=303  attempts=3  state=ON  metric=rpr
2026-10-08T12:15:47Z  OBSERVE  recommendationservice->productcatalogservice  rpr=0.0000  low=156 high=0  elapsed_s=304  attempts=3  state=ON  metric=rpr
2026-10-08T12:15:47Z  OBSERVE  recommendationservice  rejection=0.5965  low=0 high=85  elapsed_s=168  state=OFF  metric=rejection
2026-10-08T12:15:49Z  OBSERVE  frontend->adservice  rpr=0.0000  low=156 high=0  elapsed_s=305  attempts=3  state=ON  metric=rpr
2026-10-08T12:15:49Z  OBSERVE  frontend->cartservice  rpr=0.0000  low=157 high=0  elapsed_s=306  attempts=3  state=ON  metric=rpr
2026-10-08T12:15:49Z  OBSERVE  frontend->checkoutservice  rpr=0.0000  low=129 high=0  elapsed_s=258  attempts=3  state=ON  metric=rpr
2026-10-08T12:15:49Z  OBSERVE  frontend->currencyservice  rpr=0.0000  low=157 high=0  elapsed_s=306  attempts=3  state=ON  metric=rpr
2026-10-08T12:15:49Z  OBSERVE  frontend->productcatalogservice  rpr=0.0000  low=157 high=0  elapsed_s=306  attempts=3  state=ON  metric=rpr
2026-10-08T12:15:49Z  OBSERVE  frontend->shippingservice  rpr=0.0000  low=156 high=0  elapsed_s=306  attempts=3  state=ON  metric=rpr
2026-10-08T12:15:49Z  OBSERVE  checkoutservice->cartservice  rpr=0.0000  low=154 high=0  elapsed_s=305  attempts=3  state=ON  metric=rpr
2026-10-08T12:15:49Z  OBSERVE  checkoutservice->currencyservice  rpr=0.0000  low=154 high=0  elapsed_s=305  attempts=3  state=ON  metric=rpr
2026-10-08T12:15:49Z  OBSERVE  checkoutservice->emailservice  rpr=0.0000  low=154 high=0  elapsed_s=305  attempts=3  state=ON  metric=rpr
2026-10-08T12:15:49Z  OBSERVE  checkoutservice->paymentservice  rpr=0.0000  low=154 high=0  elapsed_s=305  attempts=3  state=ON  metric=rpr
2026-10-08T12:15:49Z  OBSERVE  checkoutservice->shippingservice  rpr=0.0000  low=154 high=0  elapsed_s=305  attempts=3  state=ON  metric=rpr
2026-10-08T12:15:49Z  OBSERVE  recommendationservice->productcatalogservice  rpr=0.0000  low=157 high=0  elapsed_s=306  attempts=3  state=ON  metric=rpr
2026-10-08T12:15:49Z  OBSERVE  recommendationservice  rejection=0.4072  low=0 high=86  elapsed_s=170  state=OFF  metric=rejection
2026-10-08T12:15:51Z  OBSERVE  frontend->adservice  rpr=0.0000  low=157 high=0  elapsed_s=307  attempts=3  state=ON  metric=rpr
2026-10-08T12:15:51Z  OBSERVE  frontend->cartservice  rpr=0.0000  low=158 high=0  elapsed_s=308  attempts=3  state=ON  metric=rpr
2026-10-08T12:15:51Z  OBSERVE  frontend->checkoutservice  rpr=0.0000  low=130 high=0  elapsed_s=260  attempts=3  state=ON  metric=rpr
2026-10-08T12:15:51Z  OBSERVE  frontend->currencyservice  rpr=0.0000  low=158 high=0  elapsed_s=308  attempts=3  state=ON  metric=rpr
2026-10-08T12:15:51Z  OBSERVE  frontend->productcatalogservice  rpr=0.0000  low=158 high=0  elapsed_s=308  attempts=3  state=ON  metric=rpr
2026-10-08T12:15:51Z  OBSERVE  frontend->shippingservice  rpr=0.0000  low=157 high=0  elapsed_s=308  attempts=3  state=ON  metric=rpr
2026-10-08T12:15:51Z  OBSERVE  checkoutservice->cartservice  rpr=0.0000  low=155 high=0  elapsed_s=307  attempts=3  state=ON  metric=rpr
2026-10-08T12:15:51Z  OBSERVE  checkoutservice->currencyservice  rpr=0.0000  low=155 high=0  elapsed_s=307  attempts=3  state=ON  metric=rpr
2026-10-08T12:15:51Z  OBSERVE  checkoutservice->emailservice  rpr=0.0000  low=155 high=0  elapsed_s=307  attempts=3  state=ON  metric=rpr
2026-10-08T12:15:51Z  OBSERVE  checkoutservice->paymentservice  rpr=0.0000  low=155 high=0  elapsed_s=307  attempts=3  state=ON  metric=rpr
2026-10-08T12:15:51Z  OBSERVE  checkoutservice->shippingservice  rpr=0.0000  low=155 high=0  elapsed_s=307  attempts=3  state=ON  metric=rpr
2026-10-08T12:15:51Z  OBSERVE  recommendationservice->productcatalogservice  rpr=0.0000  low=158 high=0  elapsed_s=308  attempts=3  state=ON  metric=rpr
2026-10-08T12:15:51Z  OBSERVE  recommendationservice  rejection=0.3263  low=0 high=87  elapsed_s=172  state=OFF  metric=rejection
2026-10-08T12:15:53Z  OBSERVE  frontend->adservice  rpr=0.0000  low=158 high=0  elapsed_s=309  attempts=3  state=ON  metric=rpr
2026-10-08T12:15:53Z  OBSERVE  frontend->cartservice  rpr=0.0000  low=159 high=0  elapsed_s=310  attempts=3  state=ON  metric=rpr
2026-10-08T12:15:53Z  OBSERVE  frontend->checkoutservice  rpr=0.0000  low=131 high=0  elapsed_s=262  attempts=3  state=ON  metric=rpr
2026-10-08T12:15:53Z  OBSERVE  frontend->currencyservice  rpr=0.0000  low=159 high=0  elapsed_s=310  attempts=3  state=ON  metric=rpr
2026-10-08T12:15:53Z  OBSERVE  frontend->productcatalogservice  rpr=0.0000  low=159 high=0  elapsed_s=310  attempts=3  state=ON  metric=rpr
2026-10-08T12:15:53Z  OBSERVE  frontend->shippingservice  rpr=0.0000  low=158 high=0  elapsed_s=310  attempts=3  state=ON  metric=rpr
2026-10-08T12:15:53Z  OBSERVE  checkoutservice->cartservice  rpr=0.0000  low=156 high=0  elapsed_s=309  attempts=3  state=ON  metric=rpr
2026-10-08T12:15:53Z  OBSERVE  checkoutservice->currencyservice  rpr=0.0000  low=156 high=0  elapsed_s=309  attempts=3  state=ON  metric=rpr
2026-10-08T12:15:53Z  OBSERVE  checkoutservice->emailservice  rpr=0.0000  low=156 high=0  elapsed_s=309  attempts=3  state=ON  metric=rpr
2026-10-08T12:15:53Z  OBSERVE  checkoutservice->paymentservice  rpr=0.0000  low=156 high=0  elapsed_s=309  attempts=3  state=ON  metric=rpr
2026-10-08T12:15:53Z  OBSERVE  checkoutservice->shippingservice  rpr=0.0000  low=156 high=0  elapsed_s=309  attempts=3  state=ON  metric=rpr
2026-10-08T12:15:53Z  OBSERVE  recommendationservice->productcatalogservice  rpr=0.0000  low=159 high=0  elapsed_s=310  attempts=3  state=ON  metric=rpr
2026-10-08T12:15:53Z  OBSERVE  recommendationservice  rejection=0.1790  low=0 high=88  elapsed_s=174  state=OFF  metric=rejection
2026-10-08T12:15:55Z  OBSERVE  frontend->adservice  rpr=0.0000  low=159 high=0  elapsed_s=311  attempts=3  state=ON  metric=rpr
2026-10-08T12:15:55Z  OBSERVE  frontend->cartservice  rpr=0.0000  low=160 high=0  elapsed_s=312  attempts=3  state=ON  metric=rpr
2026-10-08T12:15:55Z  OBSERVE  frontend->checkoutservice  rpr=0.0000  low=132 high=0  elapsed_s=264  attempts=3  state=ON  metric=rpr
2026-10-08T12:15:55Z  OBSERVE  frontend->currencyservice  rpr=0.0000  low=160 high=0  elapsed_s=312  attempts=3  state=ON  metric=rpr
2026-10-08T12:15:55Z  OBSERVE  frontend->productcatalogservice  rpr=0.0000  low=160 high=0  elapsed_s=312  attempts=3  state=ON  metric=rpr
2026-10-08T12:15:55Z  OBSERVE  frontend->shippingservice  rpr=0.0000  low=159 high=0  elapsed_s=312  attempts=3  state=ON  metric=rpr
2026-10-08T12:15:55Z  OBSERVE  checkoutservice->cartservice  rpr=0.0000  low=157 high=0  elapsed_s=311  attempts=3  state=ON  metric=rpr
2026-10-08T12:15:55Z  OBSERVE  checkoutservice->currencyservice  rpr=0.0000  low=157 high=0  elapsed_s=311  attempts=3  state=ON  metric=rpr
2026-10-08T12:15:55Z  OBSERVE  checkoutservice->emailservice  rpr=0.0000  low=157 high=0  elapsed_s=311  attempts=3  state=ON  metric=rpr
2026-10-08T12:15:55Z  OBSERVE  checkoutservice->paymentservice  rpr=0.0000  low=157 high=0  elapsed_s=311  attempts=3  state=ON  metric=rpr
2026-10-08T12:15:55Z  OBSERVE  checkoutservice->shippingservice  rpr=0.0000  low=157 high=0  elapsed_s=311  attempts=3  state=ON  metric=rpr
2026-10-08T12:15:55Z  OBSERVE  recommendationservice->productcatalogservice  rpr=0.0000  low=160 high=0  elapsed_s=312  attempts=3  state=ON  metric=rpr
2026-10-08T12:15:55Z  OBSERVE  recommendationservice  rejection=0.1787  low=0 high=89  elapsed_s=176  state=OFF  metric=rejection
2026-10-08T12:15:57Z  OBSERVE  frontend->adservice  rpr=0.0000  low=160 high=0  elapsed_s=313  attempts=3  state=ON  metric=rpr
2026-10-08T12:15:57Z  OBSERVE  frontend->cartservice  rpr=0.0000  low=161 high=0  elapsed_s=314  attempts=3  state=ON  metric=rpr
2026-10-08T12:15:57Z  OBSERVE  frontend->checkoutservice  rpr=0.0000  low=133 high=0  elapsed_s=266  attempts=3  state=ON  metric=rpr
2026-10-08T12:15:57Z  OBSERVE  frontend->currencyservice  rpr=0.0000  low=161 high=0  elapsed_s=314  attempts=3  state=ON  metric=rpr
2026-10-08T12:15:57Z  OBSERVE  frontend->productcatalogservice  rpr=0.0000  low=161 high=0  elapsed_s=314  attempts=3  state=ON  metric=rpr
2026-10-08T12:15:57Z  OBSERVE  frontend->shippingservice  rpr=0.0000  low=160 high=0  elapsed_s=314  attempts=3  state=ON  metric=rpr
2026-10-08T12:15:57Z  OBSERVE  checkoutservice->cartservice  rpr=0.0000  low=158 high=0  elapsed_s=313  attempts=3  state=ON  metric=rpr
2026-10-08T12:15:57Z  OBSERVE  checkoutservice->currencyservice  rpr=0.0000  low=158 high=0  elapsed_s=313  attempts=3  state=ON  metric=rpr
2026-10-08T12:15:57Z  OBSERVE  checkoutservice->emailservice  rpr=0.0000  low=158 high=0  elapsed_s=313  attempts=3  state=ON  metric=rpr
2026-10-08T12:15:57Z  OBSERVE  checkoutservice->paymentservice  rpr=0.0000  low=158 high=0  elapsed_s=313  attempts=3  state=ON  metric=rpr
2026-10-08T12:15:57Z  OBSERVE  checkoutservice->shippingservice  rpr=0.0000  low=158 high=0  elapsed_s=313  attempts=3  state=ON  metric=rpr
2026-10-08T12:15:57Z  OBSERVE  recommendationservice->productcatalogservice  rpr=0.0000  low=161 high=0  elapsed_s=314  attempts=3  state=ON  metric=rpr
2026-10-08T12:15:57Z  OBSERVE  recommendationservice  rejection=0.2669  low=0 high=90  elapsed_s=178  state=OFF  metric=rejection
2026-10-08T12:15:59Z  OBSERVE  frontend->adservice  rpr=0.0000  low=161 high=0  elapsed_s=315  attempts=3  state=ON  metric=rpr
2026-10-08T12:15:59Z  OBSERVE  frontend->cartservice  rpr=0.0000  low=162 high=0  elapsed_s=316  attempts=3  state=ON  metric=rpr
2026-10-08T12:15:59Z  OBSERVE  frontend->checkoutservice  rpr=0.0000  low=134 high=0  elapsed_s=268  attempts=3  state=ON  metric=rpr
2026-10-08T12:15:59Z  OBSERVE  frontend->currencyservice  rpr=0.0000  low=162 high=0  elapsed_s=316  attempts=3  state=ON  metric=rpr
2026-10-08T12:15:59Z  OBSERVE  frontend->productcatalogservice  rpr=0.0000  low=162 high=0  elapsed_s=316  attempts=3  state=ON  metric=rpr
2026-10-08T12:15:59Z  OBSERVE  frontend->shippingservice  rpr=0.0000  low=161 high=0  elapsed_s=316  attempts=3  state=ON  metric=rpr
2026-10-08T12:15:59Z  OBSERVE  checkoutservice->cartservice  rpr=0.0000  low=159 high=0  elapsed_s=315  attempts=3  state=ON  metric=rpr
2026-10-08T12:15:59Z  OBSERVE  checkoutservice->currencyservice  rpr=0.0000  low=159 high=0  elapsed_s=315  attempts=3  state=ON  metric=rpr
2026-10-08T12:15:59Z  OBSERVE  checkoutservice->emailservice  rpr=0.0000  low=159 high=0  elapsed_s=315  attempts=3  state=ON  metric=rpr
2026-10-08T12:15:59Z  OBSERVE  checkoutservice->paymentservice  rpr=0.0000  low=159 high=0  elapsed_s=315  attempts=3  state=ON  metric=rpr
2026-10-08T12:15:59Z  OBSERVE  checkoutservice->shippingservice  rpr=0.0000  low=159 high=0  elapsed_s=315  attempts=3  state=ON  metric=rpr
2026-10-08T12:15:59Z  OBSERVE  recommendationservice->productcatalogservice  rpr=0.0000  low=162 high=0  elapsed_s=316  attempts=3  state=ON  metric=rpr
2026-10-08T12:15:59Z  OBSERVE  recommendationservice  rejection=0.3537  low=0 high=91  elapsed_s=180  state=OFF  metric=rejection
2026-10-08T12:16:01Z  OBSERVE  frontend->adservice  rpr=0.0000  low=162 high=0  elapsed_s=317  attempts=3  state=ON  metric=rpr
2026-10-08T12:16:01Z  OBSERVE  frontend->cartservice  rpr=0.0000  low=163 high=0  elapsed_s=318  attempts=3  state=ON  metric=rpr
2026-10-08T12:16:01Z  OBSERVE  frontend->checkoutservice  rpr=0.0000  low=135 high=0  elapsed_s=270  attempts=3  state=ON  metric=rpr
2026-10-08T12:16:01Z  OBSERVE  frontend->currencyservice  rpr=0.0000  low=163 high=0  elapsed_s=318  attempts=3  state=ON  metric=rpr
2026-10-08T12:16:01Z  OBSERVE  frontend->productcatalogservice  rpr=0.0000  low=163 high=0  elapsed_s=318  attempts=3  state=ON  metric=rpr
2026-10-08T12:16:01Z  OBSERVE  frontend->shippingservice  rpr=0.0000  low=162 high=0  elapsed_s=318  attempts=3  state=ON  metric=rpr
2026-10-08T12:16:01Z  OBSERVE  checkoutservice->cartservice  rpr=0.0000  low=160 high=0  elapsed_s=317  attempts=3  state=ON  metric=rpr
2026-10-08T12:16:01Z  OBSERVE  checkoutservice->currencyservice  rpr=0.0000  low=160 high=0  elapsed_s=317  attempts=3  state=ON  metric=rpr
2026-10-08T12:16:01Z  OBSERVE  checkoutservice->emailservice  rpr=0.0000  low=160 high=0  elapsed_s=317  attempts=3  state=ON  metric=rpr
2026-10-08T12:16:01Z  OBSERVE  checkoutservice->paymentservice  rpr=0.0000  low=160 high=0  elapsed_s=317  attempts=3  state=ON  metric=rpr
2026-10-08T12:16:01Z  OBSERVE  checkoutservice->shippingservice  rpr=0.0000  low=160 high=0  elapsed_s=317  attempts=3  state=ON  metric=rpr
2026-10-08T12:16:01Z  OBSERVE  recommendationservice->productcatalogservice  rpr=0.0000  low=163 high=0  elapsed_s=318  attempts=3  state=ON  metric=rpr
2026-10-08T12:16:01Z  OBSERVE  recommendationservice  rejection=0.3841  low=0 high=92  elapsed_s=182  state=OFF  metric=rejection
2026-10-08T12:16:03Z  OBSERVE  frontend->adservice  rpr=0.0000  low=163 high=0  elapsed_s=319  attempts=3  state=ON  metric=rpr
2026-10-08T12:16:03Z  OBSERVE  frontend->cartservice  rpr=0.0000  low=164 high=0  elapsed_s=320  attempts=3  state=ON  metric=rpr
2026-10-08T12:16:03Z  OBSERVE  frontend->checkoutservice  rpr=0.0000  low=136 high=0  elapsed_s=272  attempts=3  state=ON  metric=rpr
2026-10-08T12:16:03Z  OBSERVE  frontend->currencyservice  rpr=0.0000  low=164 high=0  elapsed_s=320  attempts=3  state=ON  metric=rpr
2026-10-08T12:16:03Z  OBSERVE  frontend->productcatalogservice  rpr=0.0000  low=164 high=0  elapsed_s=320  attempts=3  state=ON  metric=rpr
2026-10-08T12:16:03Z  OBSERVE  frontend->shippingservice  rpr=0.0000  low=163 high=0  elapsed_s=320  attempts=3  state=ON  metric=rpr
2026-10-08T12:16:03Z  OBSERVE  checkoutservice->cartservice  rpr=0.0000  low=161 high=0  elapsed_s=319  attempts=3  state=ON  metric=rpr
2026-10-08T12:16:03Z  OBSERVE  checkoutservice->currencyservice  rpr=0.0000  low=161 high=0  elapsed_s=319  attempts=3  state=ON  metric=rpr
2026-10-08T12:16:03Z  OBSERVE  checkoutservice->emailservice  rpr=0.0000  low=161 high=0  elapsed_s=319  attempts=3  state=ON  metric=rpr
2026-10-08T12:16:03Z  OBSERVE  checkoutservice->paymentservice  rpr=0.0000  low=161 high=0  elapsed_s=319  attempts=3  state=ON  metric=rpr
2026-10-08T12:16:03Z  OBSERVE  checkoutservice->shippingservice  rpr=0.0000  low=161 high=0  elapsed_s=319  attempts=3  state=ON  metric=rpr
2026-10-08T12:16:03Z  OBSERVE  recommendationservice->productcatalogservice  rpr=0.0000  low=164 high=0  elapsed_s=320  attempts=3  state=ON  metric=rpr
2026-10-08T12:16:03Z  OBSERVE  recommendationservice  rejection=0.1713  low=0 high=93  elapsed_s=184  state=OFF  metric=rejection
2026-10-08T12:16:05Z  OBSERVE  frontend->adservice  rpr=0.0000  low=164 high=0  elapsed_s=321  attempts=3  state=ON  metric=rpr
2026-10-08T12:16:05Z  OBSERVE  frontend->cartservice  rpr=0.0000  low=165 high=0  elapsed_s=322  attempts=3  state=ON  metric=rpr
2026-10-08T12:16:05Z  OBSERVE  frontend->checkoutservice  rpr=0.0000  low=137 high=0  elapsed_s=274  attempts=3  state=ON  metric=rpr
2026-10-08T12:16:05Z  OBSERVE  frontend->currencyservice  rpr=0.0000  low=165 high=0  elapsed_s=322  attempts=3  state=ON  metric=rpr
2026-10-08T12:16:05Z  OBSERVE  frontend->productcatalogservice  rpr=0.0000  low=165 high=0  elapsed_s=322  attempts=3  state=ON  metric=rpr
2026-10-08T12:16:05Z  OBSERVE  frontend->shippingservice  rpr=0.0000  low=164 high=0  elapsed_s=322  attempts=3  state=ON  metric=rpr
2026-10-08T12:16:05Z  OBSERVE  checkoutservice->cartservice  rpr=0.0000  low=162 high=0  elapsed_s=321  attempts=3  state=ON  metric=rpr
2026-10-08T12:16:05Z  OBSERVE  checkoutservice->currencyservice  rpr=0.0000  low=162 high=0  elapsed_s=321  attempts=3  state=ON  metric=rpr
2026-10-08T12:16:05Z  OBSERVE  checkoutservice->emailservice  rpr=0.0000  low=162 high=0  elapsed_s=321  attempts=3  state=ON  metric=rpr
2026-10-08T12:16:05Z  OBSERVE  checkoutservice->paymentservice  rpr=0.0000  low=162 high=0  elapsed_s=321  attempts=3  state=ON  metric=rpr
2026-10-08T12:16:05Z  OBSERVE  checkoutservice->shippingservice  rpr=0.0000  low=162 high=0  elapsed_s=321  attempts=3  state=ON  metric=rpr
2026-10-08T12:16:05Z  OBSERVE  recommendationservice->productcatalogservice  rpr=0.0000  low=165 high=0  elapsed_s=322  attempts=3  state=ON  metric=rpr
2026-10-08T12:16:05Z  OBSERVE  recommendationservice  rejection=0.2012  low=0 high=94  elapsed_s=186  state=OFF  metric=rejection
2026-10-08T12:16:07Z  OBSERVE  frontend->adservice  rpr=0.0000  low=165 high=0  elapsed_s=323  attempts=3  state=ON  metric=rpr
2026-10-08T12:16:07Z  OBSERVE  frontend->cartservice  rpr=0.0000  low=166 high=0  elapsed_s=324  attempts=3  state=ON  metric=rpr
2026-10-08T12:16:07Z  OBSERVE  frontend->checkoutservice  rpr=0.0000  low=138 high=0  elapsed_s=276  attempts=3  state=ON  metric=rpr
2026-10-08T12:16:07Z  OBSERVE  frontend->currencyservice  rpr=0.0000  low=166 high=0  elapsed_s=324  attempts=3  state=ON  metric=rpr
2026-10-08T12:16:07Z  OBSERVE  frontend->productcatalogservice  rpr=0.0000  low=166 high=0  elapsed_s=324  attempts=3  state=ON  metric=rpr
2026-10-08T12:16:07Z  OBSERVE  frontend->shippingservice  rpr=0.0000  low=165 high=0  elapsed_s=324  attempts=3  state=ON  metric=rpr
2026-10-08T12:16:07Z  OBSERVE  checkoutservice->cartservice  rpr=0.0000  low=163 high=0  elapsed_s=323  attempts=3  state=ON  metric=rpr
2026-10-08T12:16:07Z  OBSERVE  checkoutservice->currencyservice  rpr=0.0000  low=163 high=0  elapsed_s=323  attempts=3  state=ON  metric=rpr
2026-10-08T12:16:07Z  OBSERVE  checkoutservice->emailservice  rpr=0.0000  low=163 high=0  elapsed_s=323  attempts=3  state=ON  metric=rpr
2026-10-08T12:16:07Z  OBSERVE  checkoutservice->paymentservice  rpr=0.0000  low=163 high=0  elapsed_s=323  attempts=3  state=ON  metric=rpr
2026-10-08T12:16:07Z  OBSERVE  checkoutservice->shippingservice  rpr=0.0000  low=163 high=0  elapsed_s=323  attempts=3  state=ON  metric=rpr
2026-10-08T12:16:07Z  OBSERVE  recommendationservice->productcatalogservice  rpr=0.0000  low=166 high=0  elapsed_s=324  attempts=3  state=ON  metric=rpr
2026-10-08T12:16:07Z  OBSERVE  recommendationservice  rejection=0.2889  low=0 high=95  elapsed_s=188  state=OFF  metric=rejection
2026-10-08T12:16:09Z  OBSERVE  frontend->adservice  rpr=0.0000  low=166 high=0  elapsed_s=325  attempts=3  state=ON  metric=rpr
2026-10-08T12:16:09Z  OBSERVE  frontend->cartservice  rpr=0.0000  low=167 high=0  elapsed_s=326  attempts=3  state=ON  metric=rpr
2026-10-08T12:16:09Z  OBSERVE  frontend->checkoutservice  rpr=0.0000  low=139 high=0  elapsed_s=278  attempts=3  state=ON  metric=rpr
2026-10-08T12:16:09Z  OBSERVE  frontend->currencyservice  rpr=0.0000  low=167 high=0  elapsed_s=326  attempts=3  state=ON  metric=rpr
2026-10-08T12:16:09Z  OBSERVE  frontend->productcatalogservice  rpr=0.0000  low=167 high=0  elapsed_s=326  attempts=3  state=ON  metric=rpr
2026-10-08T12:16:09Z  OBSERVE  frontend->shippingservice  rpr=0.0000  low=166 high=0  elapsed_s=326  attempts=3  state=ON  metric=rpr
2026-10-08T12:16:09Z  OBSERVE  checkoutservice->cartservice  rpr=0.0000  low=164 high=0  elapsed_s=325  attempts=3  state=ON  metric=rpr
2026-10-08T12:16:09Z  OBSERVE  checkoutservice->currencyservice  rpr=0.0000  low=164 high=0  elapsed_s=325  attempts=3  state=ON  metric=rpr
2026-10-08T12:16:09Z  OBSERVE  checkoutservice->emailservice  rpr=0.0000  low=164 high=0  elapsed_s=325  attempts=3  state=ON  metric=rpr
2026-10-08T12:16:09Z  OBSERVE  checkoutservice->paymentservice  rpr=0.0000  low=164 high=0  elapsed_s=325  attempts=3  state=ON  metric=rpr
2026-10-08T12:16:09Z  OBSERVE  checkoutservice->shippingservice  rpr=0.0000  low=164 high=0  elapsed_s=325  attempts=3  state=ON  metric=rpr
2026-10-08T12:16:09Z  OBSERVE  recommendationservice->productcatalogservice  rpr=0.0000  low=167 high=0  elapsed_s=326  attempts=3  state=ON  metric=rpr
2026-10-08T12:16:09Z  OBSERVE  recommendationservice  rejection=0.2354  low=0 high=96  elapsed_s=190  state=OFF  metric=rejection
2026-10-08T12:16:11Z  OBSERVE  frontend->adservice  rpr=0.0000  low=167 high=0  elapsed_s=327  attempts=3  state=ON  metric=rpr
2026-10-08T12:16:11Z  OBSERVE  frontend->cartservice  rpr=0.0000  low=168 high=0  elapsed_s=328  attempts=3  state=ON  metric=rpr
2026-10-08T12:16:11Z  OBSERVE  frontend->checkoutservice  rpr=0.0000  low=140 high=0  elapsed_s=280  attempts=3  state=ON  metric=rpr
2026-10-08T12:16:11Z  OBSERVE  frontend->currencyservice  rpr=0.0000  low=168 high=0  elapsed_s=328  attempts=3  state=ON  metric=rpr
2026-10-08T12:16:11Z  OBSERVE  frontend->productcatalogservice  rpr=0.0000  low=168 high=0  elapsed_s=328  attempts=3  state=ON  metric=rpr
2026-10-08T12:16:11Z  OBSERVE  frontend->shippingservice  rpr=0.0000  low=167 high=0  elapsed_s=328  attempts=3  state=ON  metric=rpr
2026-10-08T12:16:11Z  OBSERVE  checkoutservice->cartservice  rpr=0.0000  low=165 high=0  elapsed_s=327  attempts=3  state=ON  metric=rpr
2026-10-08T12:16:11Z  OBSERVE  checkoutservice->currencyservice  rpr=0.0000  low=165 high=0  elapsed_s=327  attempts=3  state=ON  metric=rpr
2026-10-08T12:16:11Z  OBSERVE  checkoutservice->emailservice  rpr=0.0000  low=165 high=0  elapsed_s=327  attempts=3  state=ON  metric=rpr
2026-10-08T12:16:11Z  OBSERVE  checkoutservice->paymentservice  rpr=0.0000  low=165 high=0  elapsed_s=327  attempts=3  state=ON  metric=rpr
2026-10-08T12:16:11Z  OBSERVE  checkoutservice->shippingservice  rpr=0.0000  low=165 high=0  elapsed_s=327  attempts=3  state=ON  metric=rpr
2026-10-08T12:16:11Z  OBSERVE  recommendationservice->productcatalogservice  rpr=0.0000  low=168 high=0  elapsed_s=328  attempts=3  state=ON  metric=rpr
2026-10-08T12:16:11Z  OBSERVE  recommendationservice  rejection=0.3298  low=0 high=97  elapsed_s=192  state=OFF  metric=rejection
2026-10-08T12:16:13Z  OBSERVE  frontend->adservice  rpr=0.0000  low=168 high=0  elapsed_s=329  attempts=3  state=ON  metric=rpr
2026-10-08T12:16:13Z  OBSERVE  frontend->cartservice  rpr=0.0000  low=169 high=0  elapsed_s=330  attempts=3  state=ON  metric=rpr
2026-10-08T12:16:13Z  OBSERVE  frontend->checkoutservice  rpr=0.0000  low=141 high=0  elapsed_s=282  attempts=3  state=ON  metric=rpr
2026-10-08T12:16:13Z  OBSERVE  frontend->currencyservice  rpr=0.0000  low=169 high=0  elapsed_s=330  attempts=3  state=ON  metric=rpr
2026-10-08T12:16:13Z  OBSERVE  frontend->productcatalogservice  rpr=0.0000  low=169 high=0  elapsed_s=330  attempts=3  state=ON  metric=rpr
2026-10-08T12:16:13Z  OBSERVE  frontend->shippingservice  rpr=0.0000  low=168 high=0  elapsed_s=330  attempts=3  state=ON  metric=rpr
2026-10-08T12:16:13Z  OBSERVE  checkoutservice->cartservice  rpr=0.0000  low=166 high=0  elapsed_s=329  attempts=3  state=ON  metric=rpr
2026-10-08T12:16:13Z  OBSERVE  checkoutservice->currencyservice  rpr=0.0000  low=166 high=0  elapsed_s=329  attempts=3  state=ON  metric=rpr
2026-10-08T12:16:13Z  OBSERVE  checkoutservice->emailservice  rpr=0.0000  low=166 high=0  elapsed_s=329  attempts=3  state=ON  metric=rpr
2026-10-08T12:16:13Z  OBSERVE  checkoutservice->paymentservice  rpr=0.0000  low=166 high=0  elapsed_s=329  attempts=3  state=ON  metric=rpr
2026-10-08T12:16:13Z  OBSERVE  checkoutservice->shippingservice  rpr=0.0000  low=166 high=0  elapsed_s=329  attempts=3  state=ON  metric=rpr
2026-10-08T12:16:13Z  OBSERVE  recommendationservice->productcatalogservice  rpr=0.0000  low=169 high=0  elapsed_s=330  attempts=3  state=ON  metric=rpr
2026-10-08T12:16:13Z  OBSERVE  recommendationservice  rejection=0.1978  low=0 high=98  elapsed_s=194  state=OFF  metric=rejection
2026-10-08T12:16:15Z  OBSERVE  frontend->adservice  rpr=0.0000  low=169 high=0  elapsed_s=331  attempts=3  state=ON  metric=rpr
2026-10-08T12:16:15Z  OBSERVE  frontend->cartservice  rpr=0.0000  low=170 high=0  elapsed_s=332  attempts=3  state=ON  metric=rpr
2026-10-08T12:16:15Z  OBSERVE  frontend->checkoutservice  rpr=0.0000  low=142 high=0  elapsed_s=284  attempts=3  state=ON  metric=rpr
2026-10-08T12:16:15Z  OBSERVE  frontend->currencyservice  rpr=0.0000  low=170 high=0  elapsed_s=332  attempts=3  state=ON  metric=rpr
2026-10-08T12:16:15Z  OBSERVE  frontend->productcatalogservice  rpr=0.0000  low=170 high=0  elapsed_s=332  attempts=3  state=ON  metric=rpr
2026-10-08T12:16:15Z  OBSERVE  frontend->shippingservice  rpr=0.0000  low=169 high=0  elapsed_s=332  attempts=3  state=ON  metric=rpr
2026-10-08T12:16:15Z  OBSERVE  checkoutservice->cartservice  rpr=0.0000  low=167 high=0  elapsed_s=331  attempts=3  state=ON  metric=rpr
2026-10-08T12:16:15Z  OBSERVE  checkoutservice->currencyservice  rpr=0.0000  low=167 high=0  elapsed_s=331  attempts=3  state=ON  metric=rpr
2026-10-08T12:16:15Z  OBSERVE  checkoutservice->emailservice  rpr=0.0000  low=167 high=0  elapsed_s=331  attempts=3  state=ON  metric=rpr
2026-10-08T12:16:15Z  OBSERVE  checkoutservice->paymentservice  rpr=0.0000  low=167 high=0  elapsed_s=331  attempts=3  state=ON  metric=rpr
2026-10-08T12:16:15Z  OBSERVE  checkoutservice->shippingservice  rpr=0.0000  low=167 high=0  elapsed_s=331  attempts=3  state=ON  metric=rpr
2026-10-08T12:16:15Z  OBSERVE  recommendationservice->productcatalogservice  rpr=0.0000  low=170 high=0  elapsed_s=332  attempts=3  state=ON  metric=rpr
2026-10-08T12:16:15Z  OBSERVE  recommendationservice  rejection=0.2732  low=0 high=99  elapsed_s=196  state=OFF  metric=rejection
2026-10-08T12:16:17Z  OBSERVE  frontend->adservice  rpr=0.0000  low=170 high=0  elapsed_s=333  attempts=3  state=ON  metric=rpr
2026-10-08T12:16:17Z  OBSERVE  frontend->cartservice  rpr=0.0000  low=171 high=0  elapsed_s=334  attempts=3  state=ON  metric=rpr
2026-10-08T12:16:17Z  OBSERVE  frontend->checkoutservice  rpr=0.0000  low=143 high=0  elapsed_s=286  attempts=3  state=ON  metric=rpr
2026-10-08T12:16:17Z  OBSERVE  frontend->currencyservice  rpr=0.0000  low=171 high=0  elapsed_s=334  attempts=3  state=ON  metric=rpr
2026-10-08T12:16:17Z  OBSERVE  frontend->productcatalogservice  rpr=0.0000  low=171 high=0  elapsed_s=334  attempts=3  state=ON  metric=rpr
2026-10-08T12:16:17Z  OBSERVE  frontend->shippingservice  rpr=0.0000  low=170 high=0  elapsed_s=334  attempts=3  state=ON  metric=rpr
2026-10-08T12:16:17Z  OBSERVE  checkoutservice->cartservice  rpr=0.0000  low=168 high=0  elapsed_s=333  attempts=3  state=ON  metric=rpr
2026-10-08T12:16:17Z  OBSERVE  checkoutservice->currencyservice  rpr=0.0000  low=168 high=0  elapsed_s=333  attempts=3  state=ON  metric=rpr
2026-10-08T12:16:17Z  OBSERVE  checkoutservice->emailservice  rpr=0.0000  low=168 high=0  elapsed_s=333  attempts=3  state=ON  metric=rpr
2026-10-08T12:16:17Z  OBSERVE  checkoutservice->paymentservice  rpr=0.0000  low=168 high=0  elapsed_s=333  attempts=3  state=ON  metric=rpr
2026-10-08T12:16:17Z  OBSERVE  checkoutservice->shippingservice  rpr=0.0000  low=168 high=0  elapsed_s=333  attempts=3  state=ON  metric=rpr
2026-10-08T12:16:17Z  OBSERVE  recommendationservice->productcatalogservice  rpr=0.0000  low=171 high=0  elapsed_s=334  attempts=3  state=ON  metric=rpr
2026-10-08T12:16:17Z  OBSERVE  recommendationservice  rejection=0.3513  low=0 high=100  elapsed_s=198  state=OFF  metric=rejection
2026-10-08T12:16:19Z  OBSERVE  frontend->adservice  rpr=0.0000  low=171 high=0  elapsed_s=335  attempts=3  state=ON  metric=rpr
2026-10-08T12:16:19Z  OBSERVE  frontend->cartservice  rpr=0.0000  low=172 high=0  elapsed_s=336  attempts=3  state=ON  metric=rpr
2026-10-08T12:16:19Z  OBSERVE  frontend->checkoutservice  rpr=0.0000  low=144 high=0  elapsed_s=288  attempts=3  state=ON  metric=rpr
2026-10-08T12:16:19Z  OBSERVE  frontend->currencyservice  rpr=0.0000  low=172 high=0  elapsed_s=336  attempts=3  state=ON  metric=rpr
2026-10-08T12:16:19Z  OBSERVE  frontend->productcatalogservice  rpr=0.0000  low=172 high=0  elapsed_s=336  attempts=3  state=ON  metric=rpr
2026-10-08T12:16:19Z  OBSERVE  frontend->shippingservice  rpr=0.0000  low=171 high=0  elapsed_s=336  attempts=3  state=ON  metric=rpr
2026-10-08T12:16:19Z  OBSERVE  checkoutservice->cartservice  rpr=0.0000  low=169 high=0  elapsed_s=335  attempts=3  state=ON  metric=rpr
2026-10-08T12:16:19Z  OBSERVE  checkoutservice->currencyservice  rpr=0.0000  low=169 high=0  elapsed_s=335  attempts=3  state=ON  metric=rpr
2026-10-08T12:16:19Z  OBSERVE  checkoutservice->emailservice  rpr=0.0000  low=169 high=0  elapsed_s=335  attempts=3  state=ON  metric=rpr
2026-10-08T12:16:19Z  OBSERVE  checkoutservice->paymentservice  rpr=0.0000  low=169 high=0  elapsed_s=335  attempts=3  state=ON  metric=rpr
2026-10-08T12:16:19Z  OBSERVE  checkoutservice->shippingservice  rpr=0.0000  low=169 high=0  elapsed_s=335  attempts=3  state=ON  metric=rpr
2026-10-08T12:16:19Z  OBSERVE  recommendationservice->productcatalogservice  rpr=0.0000  low=172 high=0  elapsed_s=336  attempts=3  state=ON  metric=rpr
2026-10-08T12:16:19Z  OBSERVE  recommendationservice  rejection=0.2616  low=0 high=101  elapsed_s=200  state=OFF  metric=rejection
2026-10-08T12:16:21Z  OBSERVE  frontend->adservice  rpr=0.0000  low=172 high=0  elapsed_s=337  attempts=3  state=ON  metric=rpr
2026-10-08T12:16:21Z  OBSERVE  frontend->cartservice  rpr=0.0000  low=173 high=0  elapsed_s=338  attempts=3  state=ON  metric=rpr
2026-10-08T12:16:21Z  OBSERVE  frontend->checkoutservice  rpr=0.0000  low=145 high=0  elapsed_s=290  attempts=3  state=ON  metric=rpr
2026-10-08T12:16:21Z  OBSERVE  frontend->currencyservice  rpr=0.0000  low=173 high=0  elapsed_s=338  attempts=3  state=ON  metric=rpr
2026-10-08T12:16:21Z  OBSERVE  frontend->productcatalogservice  rpr=0.0000  low=173 high=0  elapsed_s=338  attempts=3  state=ON  metric=rpr
2026-10-08T12:16:21Z  OBSERVE  frontend->shippingservice  rpr=0.0000  low=172 high=0  elapsed_s=338  attempts=3  state=ON  metric=rpr
2026-10-08T12:16:21Z  OBSERVE  checkoutservice->cartservice  rpr=0.0000  low=170 high=0  elapsed_s=337  attempts=3  state=ON  metric=rpr
2026-10-08T12:16:21Z  OBSERVE  checkoutservice->currencyservice  rpr=0.0000  low=170 high=0  elapsed_s=337  attempts=3  state=ON  metric=rpr
2026-10-08T12:16:21Z  OBSERVE  checkoutservice->emailservice  rpr=0.0000  low=170 high=0  elapsed_s=337  attempts=3  state=ON  metric=rpr
2026-10-08T12:16:21Z  OBSERVE  checkoutservice->paymentservice  rpr=0.0000  low=170 high=0  elapsed_s=337  attempts=3  state=ON  metric=rpr
2026-10-08T12:16:21Z  OBSERVE  checkoutservice->shippingservice  rpr=0.0000  low=170 high=0  elapsed_s=337  attempts=3  state=ON  metric=rpr
2026-10-08T12:16:21Z  OBSERVE  recommendationservice->productcatalogservice  rpr=0.0000  low=173 high=0  elapsed_s=338  attempts=3  state=ON  metric=rpr
2026-10-08T12:16:21Z  OBSERVE  recommendationservice  rejection=0.5006  low=0 high=102  elapsed_s=202  state=OFF  metric=rejection
2026-10-08T12:16:23Z  OBSERVE  frontend->adservice  rpr=0.0000  low=173 high=0  elapsed_s=339  attempts=3  state=ON  metric=rpr
2026-10-08T12:16:23Z  OBSERVE  frontend->cartservice  rpr=0.0000  low=174 high=0  elapsed_s=340  attempts=3  state=ON  metric=rpr
2026-10-08T12:16:23Z  OBSERVE  frontend->checkoutservice  rpr=0.0000  low=146 high=0  elapsed_s=292  attempts=3  state=ON  metric=rpr
2026-10-08T12:16:23Z  OBSERVE  frontend->currencyservice  rpr=0.0000  low=174 high=0  elapsed_s=340  attempts=3  state=ON  metric=rpr
2026-10-08T12:16:23Z  OBSERVE  frontend->productcatalogservice  rpr=0.0000  low=174 high=0  elapsed_s=340  attempts=3  state=ON  metric=rpr
2026-10-08T12:16:23Z  OBSERVE  frontend->shippingservice  rpr=0.0000  low=173 high=0  elapsed_s=340  attempts=3  state=ON  metric=rpr
2026-10-08T12:16:23Z  OBSERVE  checkoutservice->cartservice  rpr=0.0000  low=171 high=0  elapsed_s=339  attempts=3  state=ON  metric=rpr
2026-10-08T12:16:23Z  OBSERVE  checkoutservice->currencyservice  rpr=0.0000  low=171 high=0  elapsed_s=339  attempts=3  state=ON  metric=rpr
2026-10-08T12:16:23Z  OBSERVE  checkoutservice->emailservice  rpr=0.0000  low=171 high=0  elapsed_s=339  attempts=3  state=ON  metric=rpr
2026-10-08T12:16:23Z  OBSERVE  checkoutservice->paymentservice  rpr=0.0000  low=171 high=0  elapsed_s=339  attempts=3  state=ON  metric=rpr
2026-10-08T12:16:23Z  OBSERVE  checkoutservice->shippingservice  rpr=0.0000  low=171 high=0  elapsed_s=339  attempts=3  state=ON  metric=rpr
2026-10-08T12:16:23Z  OBSERVE  recommendationservice->productcatalogservice  rpr=0.0000  low=174 high=0  elapsed_s=340  attempts=3  state=ON  metric=rpr
2026-10-08T12:16:23Z  OBSERVE  recommendationservice  rejection=0.2758  low=0 high=103  elapsed_s=204  state=OFF  metric=rejection
2026-10-08T12:16:25Z  OBSERVE  frontend->adservice  rpr=0.0000  low=174 high=0  elapsed_s=341  attempts=3  state=ON  metric=rpr
2026-10-08T12:16:25Z  OBSERVE  frontend->cartservice  rpr=0.0000  low=175 high=0  elapsed_s=342  attempts=3  state=ON  metric=rpr
2026-10-08T12:16:25Z  OBSERVE  frontend->checkoutservice  rpr=0.0000  low=147 high=0  elapsed_s=294  attempts=3  state=ON  metric=rpr
2026-10-08T12:16:25Z  OBSERVE  frontend->currencyservice  rpr=0.0000  low=175 high=0  elapsed_s=342  attempts=3  state=ON  metric=rpr
2026-10-08T12:16:25Z  OBSERVE  frontend->productcatalogservice  rpr=0.0000  low=175 high=0  elapsed_s=342  attempts=3  state=ON  metric=rpr
2026-10-08T12:16:25Z  OBSERVE  frontend->shippingservice  rpr=0.0000  low=174 high=0  elapsed_s=342  attempts=3  state=ON  metric=rpr
2026-10-08T12:16:25Z  OBSERVE  checkoutservice->cartservice  rpr=0.0000  low=172 high=0  elapsed_s=341  attempts=3  state=ON  metric=rpr
2026-10-08T12:16:25Z  OBSERVE  checkoutservice->currencyservice  rpr=0.0000  low=172 high=0  elapsed_s=341  attempts=3  state=ON  metric=rpr
2026-10-08T12:16:25Z  OBSERVE  checkoutservice->emailservice  rpr=0.0000  low=172 high=0  elapsed_s=341  attempts=3  state=ON  metric=rpr
2026-10-08T12:16:25Z  OBSERVE  checkoutservice->paymentservice  rpr=0.0000  low=172 high=0  elapsed_s=341  attempts=3  state=ON  metric=rpr
2026-10-08T12:16:25Z  OBSERVE  checkoutservice->shippingservice  rpr=0.0000  low=172 high=0  elapsed_s=341  attempts=3  state=ON  metric=rpr
2026-10-08T12:16:25Z  OBSERVE  recommendationservice->productcatalogservice  rpr=0.0000  low=175 high=0  elapsed_s=342  attempts=3  state=ON  metric=rpr
2026-10-08T12:16:25Z  OBSERVE  recommendationservice  rejection=0.1584  low=0 high=104  elapsed_s=206  state=OFF  metric=rejection
2026-10-08T12:16:27Z  OBSERVE  frontend->adservice  rpr=0.0000  low=175 high=0  elapsed_s=343  attempts=3  state=ON  metric=rpr
2026-10-08T12:16:27Z  OBSERVE  frontend->cartservice  rpr=0.0000  low=176 high=0  elapsed_s=344  attempts=3  state=ON  metric=rpr
2026-10-08T12:16:27Z  OBSERVE  frontend->checkoutservice  rpr=0.0000  low=148 high=0  elapsed_s=296  attempts=3  state=ON  metric=rpr
2026-10-08T12:16:27Z  OBSERVE  frontend->currencyservice  rpr=0.0000  low=176 high=0  elapsed_s=344  attempts=3  state=ON  metric=rpr
2026-10-08T12:16:27Z  OBSERVE  frontend->productcatalogservice  rpr=0.0000  low=176 high=0  elapsed_s=344  attempts=3  state=ON  metric=rpr
2026-10-08T12:16:27Z  OBSERVE  frontend->shippingservice  rpr=0.0000  low=175 high=0  elapsed_s=344  attempts=3  state=ON  metric=rpr
2026-10-08T12:16:27Z  OBSERVE  checkoutservice->cartservice  rpr=0.0000  low=173 high=0  elapsed_s=343  attempts=3  state=ON  metric=rpr
2026-10-08T12:16:27Z  OBSERVE  checkoutservice->currencyservice  rpr=0.0000  low=173 high=0  elapsed_s=343  attempts=3  state=ON  metric=rpr
2026-10-08T12:16:27Z  OBSERVE  checkoutservice->emailservice  rpr=0.0000  low=173 high=0  elapsed_s=343  attempts=3  state=ON  metric=rpr
2026-10-08T12:16:27Z  OBSERVE  checkoutservice->paymentservice  rpr=0.0000  low=173 high=0  elapsed_s=343  attempts=3  state=ON  metric=rpr
2026-10-08T12:16:27Z  OBSERVE  checkoutservice->shippingservice  rpr=0.0000  low=173 high=0  elapsed_s=343  attempts=3  state=ON  metric=rpr
2026-10-08T12:16:27Z  OBSERVE  recommendationservice->productcatalogservice  rpr=0.0000  low=176 high=0  elapsed_s=344  attempts=3  state=ON  metric=rpr
2026-10-08T12:16:27Z  OBSERVE  recommendationservice  rejection=0.2963  low=0 high=105  elapsed_s=208  state=OFF  metric=rejection
2026-10-08T12:16:29Z  OBSERVE  frontend->adservice  rpr=0.0000  low=176 high=0  elapsed_s=345  attempts=3  state=ON  metric=rpr
2026-10-08T12:16:29Z  OBSERVE  frontend->cartservice  rpr=0.0000  low=177 high=0  elapsed_s=346  attempts=3  state=ON  metric=rpr
2026-10-08T12:16:29Z  OBSERVE  frontend->checkoutservice  rpr=0.0000  low=149 high=0  elapsed_s=298  attempts=3  state=ON  metric=rpr
2026-10-08T12:16:29Z  OBSERVE  frontend->currencyservice  rpr=0.0000  low=177 high=0  elapsed_s=346  attempts=3  state=ON  metric=rpr
2026-10-08T12:16:29Z  OBSERVE  frontend->productcatalogservice  rpr=0.0000  low=177 high=0  elapsed_s=346  attempts=3  state=ON  metric=rpr
2026-10-08T12:16:29Z  OBSERVE  frontend->shippingservice  rpr=0.0000  low=176 high=0  elapsed_s=346  attempts=3  state=ON  metric=rpr
2026-10-08T12:16:29Z  OBSERVE  checkoutservice->cartservice  rpr=0.0000  low=174 high=0  elapsed_s=345  attempts=3  state=ON  metric=rpr
2026-10-08T12:16:29Z  OBSERVE  checkoutservice->currencyservice  rpr=0.0000  low=174 high=0  elapsed_s=345  attempts=3  state=ON  metric=rpr
2026-10-08T12:16:29Z  OBSERVE  checkoutservice->emailservice  rpr=0.0000  low=174 high=0  elapsed_s=345  attempts=3  state=ON  metric=rpr
2026-10-08T12:16:29Z  OBSERVE  checkoutservice->paymentservice  rpr=0.0000  low=174 high=0  elapsed_s=345  attempts=3  state=ON  metric=rpr
2026-10-08T12:16:29Z  OBSERVE  checkoutservice->shippingservice  rpr=0.0000  low=174 high=0  elapsed_s=345  attempts=3  state=ON  metric=rpr
2026-10-08T12:16:29Z  OBSERVE  recommendationservice->productcatalogservice  rpr=0.0000  low=177 high=0  elapsed_s=346  attempts=3  state=ON  metric=rpr
2026-10-08T12:16:29Z  OBSERVE  recommendationservice  rejection=0.3626  low=0 high=106  elapsed_s=210  state=OFF  metric=rejection
2026-10-08T12:16:31Z  OBSERVE  frontend->adservice  rpr=0.0000  low=177 high=0  elapsed_s=347  attempts=3  state=ON  metric=rpr
2026-10-08T12:16:31Z  OBSERVE  frontend->cartservice  rpr=0.0000  low=178 high=0  elapsed_s=348  attempts=3  state=ON  metric=rpr
2026-10-08T12:16:31Z  OBSERVE  frontend->checkoutservice  rpr=0.0000  low=150 high=0  elapsed_s=300  attempts=3  state=ON  metric=rpr
2026-10-08T12:16:31Z  OBSERVE  frontend->currencyservice  rpr=0.0000  low=178 high=0  elapsed_s=348  attempts=3  state=ON  metric=rpr
2026-10-08T12:16:31Z  OBSERVE  frontend->productcatalogservice  rpr=0.0000  low=178 high=0  elapsed_s=348  attempts=3  state=ON  metric=rpr
2026-10-08T12:16:31Z  OBSERVE  frontend->shippingservice  rpr=0.0000  low=177 high=0  elapsed_s=348  attempts=3  state=ON  metric=rpr
2026-10-08T12:16:31Z  OBSERVE  checkoutservice->cartservice  rpr=0.0000  low=175 high=0  elapsed_s=347  attempts=3  state=ON  metric=rpr
2026-10-08T12:16:31Z  OBSERVE  checkoutservice->currencyservice  rpr=0.0000  low=175 high=0  elapsed_s=347  attempts=3  state=ON  metric=rpr
2026-10-08T12:16:31Z  OBSERVE  checkoutservice->emailservice  rpr=0.0000  low=175 high=0  elapsed_s=347  attempts=3  state=ON  metric=rpr
2026-10-08T12:16:31Z  OBSERVE  checkoutservice->paymentservice  rpr=0.0000  low=175 high=0  elapsed_s=347  attempts=3  state=ON  metric=rpr
2026-10-08T12:16:31Z  OBSERVE  checkoutservice->shippingservice  rpr=0.0000  low=175 high=0  elapsed_s=347  attempts=3  state=ON  metric=rpr
2026-10-08T12:16:31Z  OBSERVE  recommendationservice->productcatalogservice  rpr=0.0000  low=178 high=0  elapsed_s=348  attempts=3  state=ON  metric=rpr
2026-10-08T12:16:31Z  OBSERVE  recommendationservice  rejection=0.3001  low=0 high=107  elapsed_s=212  state=OFF  metric=rejection
2026-10-08T12:16:33Z  OBSERVE  frontend->adservice  rpr=0.0000  low=178 high=0  elapsed_s=349  attempts=3  state=ON  metric=rpr
2026-10-08T12:16:33Z  OBSERVE  frontend->cartservice  rpr=0.0000  low=179 high=0  elapsed_s=350  attempts=3  state=ON  metric=rpr
2026-10-08T12:16:33Z  OBSERVE  frontend->checkoutservice  rpr=0.0000  low=151 high=0  elapsed_s=302  attempts=3  state=ON  metric=rpr
2026-10-08T12:16:33Z  OBSERVE  frontend->currencyservice  rpr=0.0000  low=179 high=0  elapsed_s=350  attempts=3  state=ON  metric=rpr
2026-10-08T12:16:33Z  OBSERVE  frontend->productcatalogservice  rpr=0.0000  low=179 high=0  elapsed_s=350  attempts=3  state=ON  metric=rpr
2026-10-08T12:16:33Z  OBSERVE  frontend->shippingservice  rpr=0.0000  low=178 high=0  elapsed_s=350  attempts=3  state=ON  metric=rpr
2026-10-08T12:16:33Z  OBSERVE  checkoutservice->cartservice  rpr=0.0000  low=176 high=0  elapsed_s=349  attempts=3  state=ON  metric=rpr
2026-10-08T12:16:33Z  OBSERVE  checkoutservice->currencyservice  rpr=0.0000  low=176 high=0  elapsed_s=349  attempts=3  state=ON  metric=rpr
2026-10-08T12:16:33Z  OBSERVE  checkoutservice->emailservice  rpr=0.0000  low=176 high=0  elapsed_s=349  attempts=3  state=ON  metric=rpr
2026-10-08T12:16:33Z  OBSERVE  checkoutservice->paymentservice  rpr=0.0000  low=176 high=0  elapsed_s=349  attempts=3  state=ON  metric=rpr
2026-10-08T12:16:33Z  OBSERVE  checkoutservice->shippingservice  rpr=0.0000  low=176 high=0  elapsed_s=349  attempts=3  state=ON  metric=rpr
2026-10-08T12:16:33Z  OBSERVE  recommendationservice->productcatalogservice  rpr=0.0000  low=179 high=0  elapsed_s=350  attempts=3  state=ON  metric=rpr
2026-10-08T12:16:33Z  OBSERVE  recommendationservice  rejection=0.2157  low=0 high=108  elapsed_s=214  state=OFF  metric=rejection
2026-10-08T12:16:35Z  OBSERVE  frontend->adservice  rpr=0.0000  low=179 high=0  elapsed_s=351  attempts=3  state=ON  metric=rpr
2026-10-08T12:16:35Z  OBSERVE  frontend->cartservice  rpr=0.0000  low=180 high=0  elapsed_s=352  attempts=3  state=ON  metric=rpr
2026-10-08T12:16:35Z  OBSERVE  frontend->checkoutservice  rpr=0.0000  low=152 high=0  elapsed_s=304  attempts=3  state=ON  metric=rpr
2026-10-08T12:16:35Z  OBSERVE  frontend->currencyservice  rpr=0.0000  low=180 high=0  elapsed_s=352  attempts=3  state=ON  metric=rpr
2026-10-08T12:16:35Z  OBSERVE  frontend->productcatalogservice  rpr=0.0000  low=180 high=0  elapsed_s=352  attempts=3  state=ON  metric=rpr
2026-10-08T12:16:35Z  OBSERVE  frontend->shippingservice  rpr=0.0000  low=179 high=0  elapsed_s=352  attempts=3  state=ON  metric=rpr
2026-10-08T12:16:35Z  OBSERVE  checkoutservice->cartservice  rpr=0.0000  low=177 high=0  elapsed_s=351  attempts=3  state=ON  metric=rpr
2026-10-08T12:16:35Z  OBSERVE  checkoutservice->currencyservice  rpr=0.0000  low=177 high=0  elapsed_s=351  attempts=3  state=ON  metric=rpr
2026-10-08T12:16:35Z  OBSERVE  checkoutservice->emailservice  rpr=0.0000  low=177 high=0  elapsed_s=351  attempts=3  state=ON  metric=rpr
2026-10-08T12:16:35Z  OBSERVE  checkoutservice->paymentservice  rpr=0.0000  low=177 high=0  elapsed_s=351  attempts=3  state=ON  metric=rpr
2026-10-08T12:16:35Z  OBSERVE  checkoutservice->shippingservice  rpr=0.0000  low=177 high=0  elapsed_s=351  attempts=3  state=ON  metric=rpr
2026-10-08T12:16:35Z  OBSERVE  recommendationservice->productcatalogservice  rpr=0.0000  low=180 high=0  elapsed_s=352  attempts=3  state=ON  metric=rpr
2026-10-08T12:16:35Z  OBSERVE  recommendationservice  rejection=0.1554  low=0 high=109  elapsed_s=216  state=OFF  metric=rejection
2026-10-08T12:16:37Z  OBSERVE  frontend->adservice  rpr=0.0000  low=180 high=0  elapsed_s=353  attempts=3  state=ON  metric=rpr
2026-10-08T12:16:37Z  OBSERVE  frontend->cartservice  rpr=0.0000  low=181 high=0  elapsed_s=354  attempts=3  state=ON  metric=rpr
2026-10-08T12:16:37Z  OBSERVE  frontend->checkoutservice  rpr=0.0000  low=153 high=0  elapsed_s=306  attempts=3  state=ON  metric=rpr
2026-10-08T12:16:37Z  OBSERVE  frontend->currencyservice  rpr=0.0000  low=181 high=0  elapsed_s=354  attempts=3  state=ON  metric=rpr
2026-10-08T12:16:37Z  OBSERVE  frontend->productcatalogservice  rpr=0.0000  low=181 high=0  elapsed_s=354  attempts=3  state=ON  metric=rpr
2026-10-08T12:16:37Z  OBSERVE  frontend->shippingservice  rpr=0.0000  low=180 high=0  elapsed_s=354  attempts=3  state=ON  metric=rpr
2026-10-08T12:16:37Z  OBSERVE  checkoutservice->cartservice  rpr=0.0000  low=178 high=0  elapsed_s=353  attempts=3  state=ON  metric=rpr
2026-10-08T12:16:37Z  OBSERVE  checkoutservice->currencyservice  rpr=0.0000  low=178 high=0  elapsed_s=353  attempts=3  state=ON  metric=rpr
2026-10-08T12:16:37Z  OBSERVE  checkoutservice->emailservice  rpr=0.0000  low=178 high=0  elapsed_s=353  attempts=3  state=ON  metric=rpr
2026-10-08T12:16:37Z  OBSERVE  checkoutservice->paymentservice  rpr=0.0000  low=178 high=0  elapsed_s=353  attempts=3  state=ON  metric=rpr
2026-10-08T12:16:37Z  OBSERVE  checkoutservice->shippingservice  rpr=0.0000  low=178 high=0  elapsed_s=353  attempts=3  state=ON  metric=rpr
2026-10-08T12:16:37Z  OBSERVE  recommendationservice->productcatalogservice  rpr=0.0000  low=181 high=0  elapsed_s=354  attempts=3  state=ON  metric=rpr
2026-10-08T12:16:37Z  OBSERVE  recommendationservice  rejection=0.3180  low=0 high=110  elapsed_s=218  state=OFF  metric=rejection
2026-10-08T12:16:39Z  OBSERVE  frontend->adservice  rpr=0.0000  low=181 high=0  elapsed_s=355  attempts=3  state=ON  metric=rpr
2026-10-08T12:16:39Z  OBSERVE  frontend->cartservice  rpr=0.0000  low=182 high=0  elapsed_s=356  attempts=3  state=ON  metric=rpr
2026-10-08T12:16:39Z  OBSERVE  frontend->checkoutservice  rpr=0.0000  low=154 high=0  elapsed_s=308  attempts=3  state=ON  metric=rpr
2026-10-08T12:16:39Z  OBSERVE  frontend->currencyservice  rpr=0.0000  low=182 high=0  elapsed_s=356  attempts=3  state=ON  metric=rpr
2026-10-08T12:16:39Z  OBSERVE  frontend->productcatalogservice  rpr=0.0000  low=182 high=0  elapsed_s=356  attempts=3  state=ON  metric=rpr
2026-10-08T12:16:39Z  OBSERVE  frontend->shippingservice  rpr=0.0000  low=181 high=0  elapsed_s=356  attempts=3  state=ON  metric=rpr
2026-10-08T12:16:39Z  OBSERVE  checkoutservice->cartservice  rpr=0.0000  low=179 high=0  elapsed_s=355  attempts=3  state=ON  metric=rpr
2026-10-08T12:16:39Z  OBSERVE  checkoutservice->currencyservice  rpr=0.0000  low=179 high=0  elapsed_s=355  attempts=3  state=ON  metric=rpr
2026-10-08T12:16:39Z  OBSERVE  checkoutservice->emailservice  rpr=0.0000  low=179 high=0  elapsed_s=355  attempts=3  state=ON  metric=rpr
2026-10-08T12:16:39Z  OBSERVE  checkoutservice->paymentservice  rpr=0.0000  low=179 high=0  elapsed_s=355  attempts=3  state=ON  metric=rpr
2026-10-08T12:16:39Z  OBSERVE  checkoutservice->shippingservice  rpr=0.0000  low=179 high=0  elapsed_s=355  attempts=3  state=ON  metric=rpr
2026-10-08T12:16:39Z  OBSERVE  recommendationservice->productcatalogservice  rpr=0.0000  low=182 high=0  elapsed_s=356  attempts=3  state=ON  metric=rpr
2026-10-08T12:16:39Z  OBSERVE  recommendationservice  rejection=0.2273  low=0 high=111  elapsed_s=220  state=OFF  metric=rejection
2026-10-08T12:16:41Z  OBSERVE  frontend->adservice  rpr=0.0000  low=182 high=0  elapsed_s=357  attempts=3  state=ON  metric=rpr
2026-10-08T12:16:41Z  OBSERVE  frontend->cartservice  rpr=0.0000  low=183 high=0  elapsed_s=358  attempts=3  state=ON  metric=rpr
2026-10-08T12:16:41Z  OBSERVE  frontend->checkoutservice  rpr=0.0000  low=155 high=0  elapsed_s=310  attempts=3  state=ON  metric=rpr
2026-10-08T12:16:41Z  OBSERVE  frontend->currencyservice  rpr=0.0000  low=183 high=0  elapsed_s=358  attempts=3  state=ON  metric=rpr
2026-10-08T12:16:41Z  OBSERVE  frontend->productcatalogservice  rpr=0.0000  low=183 high=0  elapsed_s=358  attempts=3  state=ON  metric=rpr
2026-10-08T12:16:41Z  OBSERVE  frontend->shippingservice  rpr=0.0000  low=182 high=0  elapsed_s=358  attempts=3  state=ON  metric=rpr
2026-10-08T12:16:41Z  OBSERVE  checkoutservice->cartservice  rpr=0.0000  low=180 high=0  elapsed_s=357  attempts=3  state=ON  metric=rpr
2026-10-08T12:16:41Z  OBSERVE  checkoutservice->currencyservice  rpr=0.0000  low=180 high=0  elapsed_s=357  attempts=3  state=ON  metric=rpr
2026-10-08T12:16:41Z  OBSERVE  checkoutservice->emailservice  rpr=0.0000  low=180 high=0  elapsed_s=357  attempts=3  state=ON  metric=rpr
2026-10-08T12:16:41Z  OBSERVE  checkoutservice->paymentservice  rpr=0.0000  low=180 high=0  elapsed_s=357  attempts=3  state=ON  metric=rpr
2026-10-08T12:16:41Z  OBSERVE  checkoutservice->shippingservice  rpr=0.0000  low=180 high=0  elapsed_s=357  attempts=3  state=ON  metric=rpr
2026-10-08T12:16:41Z  OBSERVE  recommendationservice->productcatalogservice  rpr=0.0000  low=183 high=0  elapsed_s=358  attempts=3  state=ON  metric=rpr
2026-10-08T12:16:41Z  OBSERVE  recommendationservice  rejection=0.2118  low=0 high=112  elapsed_s=222  state=OFF  metric=rejection
2026-10-08T12:16:43Z  OBSERVE  frontend->adservice  rpr=0.0000  low=183 high=0  elapsed_s=359  attempts=3  state=ON  metric=rpr
2026-10-08T12:16:43Z  OBSERVE  frontend->cartservice  rpr=0.0000  low=184 high=0  elapsed_s=360  attempts=3  state=ON  metric=rpr
2026-10-08T12:16:43Z  OBSERVE  frontend->checkoutservice  rpr=0.0000  low=156 high=0  elapsed_s=312  attempts=3  state=ON  metric=rpr
2026-10-08T12:16:43Z  OBSERVE  frontend->currencyservice  rpr=0.0000  low=184 high=0  elapsed_s=360  attempts=3  state=ON  metric=rpr
2026-10-08T12:16:43Z  OBSERVE  frontend->productcatalogservice  rpr=0.0000  low=184 high=0  elapsed_s=360  attempts=3  state=ON  metric=rpr
2026-10-08T12:16:43Z  OBSERVE  frontend->shippingservice  rpr=0.0000  low=183 high=0  elapsed_s=360  attempts=3  state=ON  metric=rpr
2026-10-08T12:16:43Z  OBSERVE  checkoutservice->cartservice  rpr=0.0000  low=181 high=0  elapsed_s=359  attempts=3  state=ON  metric=rpr
2026-10-08T12:16:43Z  OBSERVE  checkoutservice->currencyservice  rpr=0.0000  low=181 high=0  elapsed_s=359  attempts=3  state=ON  metric=rpr
2026-10-08T12:16:43Z  OBSERVE  checkoutservice->emailservice  rpr=0.0000  low=181 high=0  elapsed_s=359  attempts=3  state=ON  metric=rpr
2026-10-08T12:16:43Z  OBSERVE  checkoutservice->paymentservice  rpr=0.0000  low=181 high=0  elapsed_s=359  attempts=3  state=ON  metric=rpr
2026-10-08T12:16:43Z  OBSERVE  checkoutservice->shippingservice  rpr=0.0000  low=181 high=0  elapsed_s=359  attempts=3  state=ON  metric=rpr
2026-10-08T12:16:43Z  OBSERVE  recommendationservice->productcatalogservice  rpr=0.0000  low=184 high=0  elapsed_s=360  attempts=3  state=ON  metric=rpr
2026-10-08T12:16:43Z  OBSERVE  recommendationservice  rejection=0.1565  low=0 high=113  elapsed_s=224  state=OFF  metric=rejection
2026-10-08T12:16:45Z  OBSERVE  frontend->adservice  rpr=0.0000  low=184 high=0  elapsed_s=361  attempts=3  state=ON  metric=rpr
2026-10-08T12:16:45Z  OBSERVE  frontend->cartservice  rpr=0.0000  low=185 high=0  elapsed_s=362  attempts=3  state=ON  metric=rpr
2026-10-08T12:16:45Z  OBSERVE  frontend->checkoutservice  rpr=0.0000  low=157 high=0  elapsed_s=314  attempts=3  state=ON  metric=rpr
2026-10-08T12:16:45Z  OBSERVE  frontend->currencyservice  rpr=0.0000  low=185 high=0  elapsed_s=362  attempts=3  state=ON  metric=rpr
2026-10-08T12:16:45Z  OBSERVE  frontend->productcatalogservice  rpr=0.0000  low=185 high=0  elapsed_s=362  attempts=3  state=ON  metric=rpr
2026-10-08T12:16:45Z  OBSERVE  frontend->shippingservice  rpr=0.0000  low=184 high=0  elapsed_s=362  attempts=3  state=ON  metric=rpr
2026-10-08T12:16:45Z  OBSERVE  checkoutservice->cartservice  rpr=0.0000  low=182 high=0  elapsed_s=361  attempts=3  state=ON  metric=rpr
2026-10-08T12:16:45Z  OBSERVE  checkoutservice->currencyservice  rpr=0.0000  low=182 high=0  elapsed_s=361  attempts=3  state=ON  metric=rpr
2026-10-08T12:16:45Z  OBSERVE  checkoutservice->emailservice  rpr=0.0000  low=182 high=0  elapsed_s=361  attempts=3  state=ON  metric=rpr
2026-10-08T12:16:45Z  OBSERVE  checkoutservice->paymentservice  rpr=0.0000  low=182 high=0  elapsed_s=361  attempts=3  state=ON  metric=rpr
2026-10-08T12:16:45Z  OBSERVE  checkoutservice->shippingservice  rpr=0.0000  low=182 high=0  elapsed_s=361  attempts=3  state=ON  metric=rpr
2026-10-08T12:16:45Z  OBSERVE  recommendationservice->productcatalogservice  rpr=0.0000  low=185 high=0  elapsed_s=362  attempts=3  state=ON  metric=rpr
2026-10-08T12:16:45Z  OBSERVE  recommendationservice  rejection=0.1546  low=0 high=114  elapsed_s=226  state=OFF  metric=rejection
2026-10-08T12:16:47Z  OBSERVE  frontend->adservice  rpr=0.0000  low=185 high=0  elapsed_s=363  attempts=3  state=ON  metric=rpr
2026-10-08T12:16:47Z  OBSERVE  frontend->cartservice  rpr=0.0000  low=186 high=0  elapsed_s=364  attempts=3  state=ON  metric=rpr
2026-10-08T12:16:47Z  OBSERVE  frontend->checkoutservice  rpr=0.0000  low=158 high=0  elapsed_s=316  attempts=3  state=ON  metric=rpr
2026-10-08T12:16:47Z  OBSERVE  frontend->currencyservice  rpr=0.0000  low=186 high=0  elapsed_s=364  attempts=3  state=ON  metric=rpr
2026-10-08T12:16:47Z  OBSERVE  frontend->productcatalogservice  rpr=0.0000  low=186 high=0  elapsed_s=364  attempts=3  state=ON  metric=rpr
2026-10-08T12:16:47Z  OBSERVE  frontend->shippingservice  rpr=0.0000  low=185 high=0  elapsed_s=364  attempts=3  state=ON  metric=rpr
2026-10-08T12:16:47Z  OBSERVE  checkoutservice->cartservice  rpr=0.0000  low=183 high=0  elapsed_s=363  attempts=3  state=ON  metric=rpr
2026-10-08T12:16:47Z  OBSERVE  checkoutservice->currencyservice  rpr=0.0000  low=183 high=0  elapsed_s=363  attempts=3  state=ON  metric=rpr
2026-10-08T12:16:47Z  OBSERVE  checkoutservice->emailservice  rpr=0.0000  low=183 high=0  elapsed_s=363  attempts=3  state=ON  metric=rpr
2026-10-08T12:16:47Z  OBSERVE  checkoutservice->paymentservice  rpr=0.0000  low=183 high=0  elapsed_s=363  attempts=3  state=ON  metric=rpr
2026-10-08T12:16:47Z  OBSERVE  checkoutservice->shippingservice  rpr=0.0000  low=183 high=0  elapsed_s=363  attempts=3  state=ON  metric=rpr
2026-10-08T12:16:47Z  OBSERVE  recommendationservice->productcatalogservice  rpr=0.0000  low=186 high=0  elapsed_s=364  attempts=3  state=ON  metric=rpr
2026-10-08T12:16:47Z  OBSERVE  recommendationservice  rejection=0.2581  low=0 high=115  elapsed_s=228  state=OFF  metric=rejection
2026-10-08T12:16:49Z  OBSERVE  frontend->adservice  rpr=0.0000  low=186 high=0  elapsed_s=365  attempts=3  state=ON  metric=rpr
2026-10-08T12:16:49Z  OBSERVE  frontend->cartservice  rpr=0.0000  low=187 high=0  elapsed_s=366  attempts=3  state=ON  metric=rpr
2026-10-08T12:16:49Z  OBSERVE  frontend->checkoutservice  rpr=0.0000  low=159 high=0  elapsed_s=318  attempts=3  state=ON  metric=rpr
2026-10-08T12:16:49Z  OBSERVE  frontend->currencyservice  rpr=0.0000  low=187 high=0  elapsed_s=366  attempts=3  state=ON  metric=rpr
2026-10-08T12:16:49Z  OBSERVE  frontend->productcatalogservice  rpr=0.0000  low=187 high=0  elapsed_s=366  attempts=3  state=ON  metric=rpr
2026-10-08T12:16:49Z  OBSERVE  frontend->shippingservice  rpr=0.0000  low=186 high=0  elapsed_s=366  attempts=3  state=ON  metric=rpr
2026-10-08T12:16:49Z  OBSERVE  checkoutservice->cartservice  rpr=0.0000  low=184 high=0  elapsed_s=365  attempts=3  state=ON  metric=rpr
2026-10-08T12:16:49Z  OBSERVE  checkoutservice->currencyservice  rpr=0.0000  low=184 high=0  elapsed_s=365  attempts=3  state=ON  metric=rpr
2026-10-08T12:16:49Z  OBSERVE  checkoutservice->emailservice  rpr=0.0000  low=184 high=0  elapsed_s=365  attempts=3  state=ON  metric=rpr
2026-10-08T12:16:49Z  OBSERVE  checkoutservice->paymentservice  rpr=0.0000  low=184 high=0  elapsed_s=365  attempts=3  state=ON  metric=rpr
2026-10-08T12:16:49Z  OBSERVE  checkoutservice->shippingservice  rpr=0.0000  low=184 high=0  elapsed_s=365  attempts=3  state=ON  metric=rpr
2026-10-08T12:16:49Z  OBSERVE  recommendationservice->productcatalogservice  rpr=0.0000  low=187 high=0  elapsed_s=366  attempts=3  state=ON  metric=rpr
2026-10-08T12:16:49Z  OBSERVE  recommendationservice  rejection=0.0973  low=1 high=0  elapsed_s=0  state=OFF  metric=rejection
2026-10-08T12:16:51Z  OBSERVE  frontend->adservice  rpr=0.0000  low=187 high=0  elapsed_s=367  attempts=3  state=ON  metric=rpr
2026-10-08T12:16:51Z  OBSERVE  frontend->cartservice  rpr=0.0000  low=188 high=0  elapsed_s=368  attempts=3  state=ON  metric=rpr
2026-10-08T12:16:51Z  OBSERVE  frontend->checkoutservice  rpr=0.0000  low=160 high=0  elapsed_s=320  attempts=3  state=ON  metric=rpr
2026-10-08T12:16:51Z  OBSERVE  frontend->currencyservice  rpr=0.0000  low=188 high=0  elapsed_s=368  attempts=3  state=ON  metric=rpr
2026-10-08T12:16:51Z  OBSERVE  frontend->productcatalogservice  rpr=0.0000  low=188 high=0  elapsed_s=368  attempts=3  state=ON  metric=rpr
2026-10-08T12:16:51Z  OBSERVE  frontend->shippingservice  rpr=0.0000  low=187 high=0  elapsed_s=368  attempts=3  state=ON  metric=rpr
2026-10-08T12:16:51Z  OBSERVE  checkoutservice->cartservice  rpr=0.0000  low=185 high=0  elapsed_s=367  attempts=3  state=ON  metric=rpr
2026-10-08T12:16:51Z  OBSERVE  checkoutservice->currencyservice  rpr=0.0000  low=185 high=0  elapsed_s=367  attempts=3  state=ON  metric=rpr
2026-10-08T12:16:51Z  OBSERVE  checkoutservice->emailservice  rpr=0.0000  low=185 high=0  elapsed_s=367  attempts=3  state=ON  metric=rpr
2026-10-08T12:16:51Z  OBSERVE  checkoutservice->paymentservice  rpr=0.0000  low=185 high=0  elapsed_s=367  attempts=3  state=ON  metric=rpr
2026-10-08T12:16:51Z  OBSERVE  checkoutservice->shippingservice  rpr=0.0000  low=185 high=0  elapsed_s=367  attempts=3  state=ON  metric=rpr
2026-10-08T12:16:51Z  OBSERVE  recommendationservice->productcatalogservice  rpr=0.0000  low=188 high=0  elapsed_s=368  attempts=3  state=ON  metric=rpr
2026-10-08T12:16:51Z  OBSERVE  recommendationservice  rejection=0.2181  low=0 high=1  elapsed_s=0  state=OFF  metric=rejection
2026-10-08T12:16:53Z  OBSERVE  frontend->adservice  rpr=0.0000  low=188 high=0  elapsed_s=369  attempts=3  state=ON  metric=rpr
2026-10-08T12:16:53Z  OBSERVE  frontend->cartservice  rpr=0.0000  low=189 high=0  elapsed_s=370  attempts=3  state=ON  metric=rpr
2026-10-08T12:16:53Z  OBSERVE  frontend->checkoutservice  rpr=0.0000  low=161 high=0  elapsed_s=322  attempts=3  state=ON  metric=rpr
2026-10-08T12:16:53Z  OBSERVE  frontend->currencyservice  rpr=0.0000  low=189 high=0  elapsed_s=370  attempts=3  state=ON  metric=rpr
2026-10-08T12:16:53Z  OBSERVE  frontend->productcatalogservice  rpr=0.0000  low=189 high=0  elapsed_s=370  attempts=3  state=ON  metric=rpr
2026-10-08T12:16:53Z  OBSERVE  frontend->shippingservice  rpr=0.0000  low=188 high=0  elapsed_s=370  attempts=3  state=ON  metric=rpr
2026-10-08T12:16:53Z  OBSERVE  checkoutservice->cartservice  rpr=0.0000  low=186 high=0  elapsed_s=369  attempts=3  state=ON  metric=rpr
2026-10-08T12:16:53Z  OBSERVE  checkoutservice->currencyservice  rpr=0.0000  low=186 high=0  elapsed_s=369  attempts=3  state=ON  metric=rpr
2026-10-08T12:16:53Z  OBSERVE  checkoutservice->emailservice  rpr=0.0000  low=186 high=0  elapsed_s=369  attempts=3  state=ON  metric=rpr
2026-10-08T12:16:53Z  OBSERVE  checkoutservice->paymentservice  rpr=0.0000  low=186 high=0  elapsed_s=369  attempts=3  state=ON  metric=rpr
2026-10-08T12:16:53Z  OBSERVE  checkoutservice->shippingservice  rpr=0.0000  low=186 high=0  elapsed_s=369  attempts=3  state=ON  metric=rpr
2026-10-08T12:16:53Z  OBSERVE  recommendationservice->productcatalogservice  rpr=0.0000  low=189 high=0  elapsed_s=370  attempts=3  state=ON  metric=rpr
2026-10-08T12:16:53Z  OBSERVE  recommendationservice  rejection=0.1564  low=0 high=2  elapsed_s=2  state=OFF  metric=rejection
2026-10-08T12:16:55Z  OBSERVE  frontend->adservice  rpr=0.0000  low=189 high=0  elapsed_s=371  attempts=3  state=ON  metric=rpr
2026-10-08T12:16:55Z  OBSERVE  frontend->cartservice  rpr=0.0000  low=190 high=0  elapsed_s=372  attempts=3  state=ON  metric=rpr
2026-10-08T12:16:55Z  OBSERVE  frontend->checkoutservice  rpr=0.0000  low=162 high=0  elapsed_s=324  attempts=3  state=ON  metric=rpr
2026-10-08T12:16:55Z  OBSERVE  frontend->currencyservice  rpr=0.0000  low=190 high=0  elapsed_s=372  attempts=3  state=ON  metric=rpr
2026-10-08T12:16:55Z  OBSERVE  frontend->productcatalogservice  rpr=0.0000  low=190 high=0  elapsed_s=372  attempts=3  state=ON  metric=rpr
2026-10-08T12:16:55Z  OBSERVE  frontend->shippingservice  rpr=0.0000  low=189 high=0  elapsed_s=372  attempts=3  state=ON  metric=rpr
2026-10-08T12:16:55Z  OBSERVE  checkoutservice->cartservice  rpr=0.0000  low=187 high=0  elapsed_s=371  attempts=3  state=ON  metric=rpr
2026-10-08T12:16:55Z  OBSERVE  checkoutservice->currencyservice  rpr=0.0000  low=187 high=0  elapsed_s=371  attempts=3  state=ON  metric=rpr
2026-10-08T12:16:55Z  OBSERVE  checkoutservice->emailservice  rpr=0.0000  low=187 high=0  elapsed_s=371  attempts=3  state=ON  metric=rpr
2026-10-08T12:16:55Z  OBSERVE  checkoutservice->paymentservice  rpr=0.0000  low=187 high=0  elapsed_s=371  attempts=3  state=ON  metric=rpr
2026-10-08T12:16:55Z  OBSERVE  checkoutservice->shippingservice  rpr=0.0000  low=187 high=0  elapsed_s=371  attempts=3  state=ON  metric=rpr
2026-10-08T12:16:55Z  OBSERVE  recommendationservice->productcatalogservice  rpr=0.0000  low=190 high=0  elapsed_s=372  attempts=3  state=ON  metric=rpr
2026-10-08T12:16:55Z  OBSERVE  recommendationservice  rejection=0.1589  low=0 high=3  elapsed_s=4  state=OFF  metric=rejection
2026-10-08T12:16:57Z  OBSERVE  frontend->adservice  rpr=0.0000  low=190 high=0  elapsed_s=373  attempts=3  state=ON  metric=rpr
2026-10-08T12:16:57Z  OBSERVE  frontend->cartservice  rpr=0.0000  low=191 high=0  elapsed_s=374  attempts=3  state=ON  metric=rpr
2026-10-08T12:16:57Z  OBSERVE  frontend->checkoutservice  rpr=0.0000  low=163 high=0  elapsed_s=326  attempts=3  state=ON  metric=rpr
2026-10-08T12:16:57Z  OBSERVE  frontend->currencyservice  rpr=0.0000  low=191 high=0  elapsed_s=374  attempts=3  state=ON  metric=rpr
2026-10-08T12:16:57Z  OBSERVE  frontend->productcatalogservice  rpr=0.0000  low=191 high=0  elapsed_s=374  attempts=3  state=ON  metric=rpr
2026-10-08T12:16:57Z  OBSERVE  frontend->shippingservice  rpr=0.0000  low=190 high=0  elapsed_s=374  attempts=3  state=ON  metric=rpr
2026-10-08T12:16:57Z  OBSERVE  checkoutservice->cartservice  rpr=0.0000  low=188 high=0  elapsed_s=373  attempts=3  state=ON  metric=rpr
2026-10-08T12:16:57Z  OBSERVE  checkoutservice->currencyservice  rpr=0.0000  low=188 high=0  elapsed_s=373  attempts=3  state=ON  metric=rpr
2026-10-08T12:16:57Z  OBSERVE  checkoutservice->emailservice  rpr=0.0000  low=188 high=0  elapsed_s=373  attempts=3  state=ON  metric=rpr
2026-10-08T12:16:57Z  OBSERVE  checkoutservice->paymentservice  rpr=0.0000  low=188 high=0  elapsed_s=373  attempts=3  state=ON  metric=rpr
2026-10-08T12:16:57Z  OBSERVE  checkoutservice->shippingservice  rpr=0.0000  low=188 high=0  elapsed_s=373  attempts=3  state=ON  metric=rpr
2026-10-08T12:16:58Z  OBSERVE  recommendationservice->productcatalogservice  rpr=0.0000  low=191 high=0  elapsed_s=374  attempts=3  state=ON  metric=rpr
2026-10-08T12:16:58Z  OBSERVE  recommendationservice  rejection=0.3565  low=0 high=4  elapsed_s=6  state=OFF  metric=rejection
2026-10-08T12:17:00Z  OBSERVE  frontend->adservice  rpr=0.0000  low=191 high=0  elapsed_s=375  attempts=3  state=ON  metric=rpr
2026-10-08T12:17:00Z  OBSERVE  frontend->cartservice  rpr=0.0000  low=192 high=0  elapsed_s=376  attempts=3  state=ON  metric=rpr
2026-10-08T12:17:00Z  OBSERVE  frontend->checkoutservice  rpr=0.0000  low=164 high=0  elapsed_s=328  attempts=3  state=ON  metric=rpr
2026-10-08T12:17:00Z  OBSERVE  frontend->currencyservice  rpr=0.0000  low=192 high=0  elapsed_s=376  attempts=3  state=ON  metric=rpr
2026-10-08T12:17:00Z  OBSERVE  frontend->productcatalogservice  rpr=0.0000  low=192 high=0  elapsed_s=376  attempts=3  state=ON  metric=rpr
2026-10-08T12:17:00Z  OBSERVE  frontend->shippingservice  rpr=0.0000  low=191 high=0  elapsed_s=376  attempts=3  state=ON  metric=rpr
2026-10-08T12:17:00Z  OBSERVE  checkoutservice->cartservice  rpr=0.0000  low=189 high=0  elapsed_s=375  attempts=3  state=ON  metric=rpr
2026-10-08T12:17:00Z  OBSERVE  checkoutservice->currencyservice  rpr=0.0000  low=189 high=0  elapsed_s=375  attempts=3  state=ON  metric=rpr
2026-10-08T12:17:00Z  OBSERVE  checkoutservice->emailservice  rpr=0.0000  low=189 high=0  elapsed_s=375  attempts=3  state=ON  metric=rpr
2026-10-08T12:17:00Z  OBSERVE  checkoutservice->paymentservice  rpr=0.0000  low=189 high=0  elapsed_s=375  attempts=3  state=ON  metric=rpr
2026-10-08T12:17:00Z  OBSERVE  checkoutservice->shippingservice  rpr=0.0000  low=189 high=0  elapsed_s=375  attempts=3  state=ON  metric=rpr
2026-10-08T12:17:00Z  OBSERVE  recommendationservice->productcatalogservice  rpr=0.0000  low=192 high=0  elapsed_s=376  attempts=3  state=ON  metric=rpr
2026-10-08T12:17:00Z  OBSERVE  recommendationservice  rejection=0.3678  low=0 high=5  elapsed_s=8  state=OFF  metric=rejection
2026-10-08T12:17:02Z  OBSERVE  frontend->adservice  rpr=0.0000  low=192 high=0  elapsed_s=377  attempts=3  state=ON  metric=rpr
2026-10-08T12:17:02Z  OBSERVE  frontend->cartservice  rpr=0.0000  low=193 high=0  elapsed_s=378  attempts=3  state=ON  metric=rpr
2026-10-08T12:17:02Z  OBSERVE  frontend->checkoutservice  rpr=0.0000  low=165 high=0  elapsed_s=330  attempts=3  state=ON  metric=rpr
2026-10-08T12:17:02Z  OBSERVE  frontend->currencyservice  rpr=0.0000  low=193 high=0  elapsed_s=378  attempts=3  state=ON  metric=rpr
2026-10-08T12:17:02Z  OBSERVE  frontend->productcatalogservice  rpr=0.0000  low=193 high=0  elapsed_s=378  attempts=3  state=ON  metric=rpr
2026-10-08T12:17:02Z  OBSERVE  frontend->shippingservice  rpr=0.0000  low=192 high=0  elapsed_s=378  attempts=3  state=ON  metric=rpr
2026-10-08T12:17:02Z  OBSERVE  checkoutservice->cartservice  rpr=0.0000  low=190 high=0  elapsed_s=377  attempts=3  state=ON  metric=rpr
2026-10-08T12:17:02Z  OBSERVE  checkoutservice->currencyservice  rpr=0.0000  low=190 high=0  elapsed_s=377  attempts=3  state=ON  metric=rpr
2026-10-08T12:17:02Z  OBSERVE  checkoutservice->emailservice  rpr=0.0000  low=190 high=0  elapsed_s=377  attempts=3  state=ON  metric=rpr
2026-10-08T12:17:02Z  OBSERVE  checkoutservice->paymentservice  rpr=0.0000  low=190 high=0  elapsed_s=377  attempts=3  state=ON  metric=rpr
2026-10-08T12:17:02Z  OBSERVE  checkoutservice->shippingservice  rpr=0.0000  low=190 high=0  elapsed_s=377  attempts=3  state=ON  metric=rpr
2026-10-08T12:17:02Z  OBSERVE  recommendationservice->productcatalogservice  rpr=0.0000  low=193 high=0  elapsed_s=378  attempts=3  state=ON  metric=rpr
2026-10-08T12:17:02Z  OBSERVE  recommendationservice  rejection=0.2563  low=0 high=6  elapsed_s=10  state=OFF  metric=rejection
2026-10-08T12:17:04Z  OBSERVE  frontend->adservice  rpr=0.0000  low=193 high=0  elapsed_s=379  attempts=3  state=ON  metric=rpr
2026-10-08T12:17:04Z  OBSERVE  frontend->cartservice  rpr=0.0000  low=194 high=0  elapsed_s=380  attempts=3  state=ON  metric=rpr
2026-10-08T12:17:04Z  OBSERVE  frontend->checkoutservice  rpr=0.0000  low=166 high=0  elapsed_s=332  attempts=3  state=ON  metric=rpr
2026-10-08T12:17:04Z  OBSERVE  frontend->currencyservice  rpr=0.0000  low=194 high=0  elapsed_s=380  attempts=3  state=ON  metric=rpr
2026-10-08T12:17:04Z  OBSERVE  frontend->productcatalogservice  rpr=0.0000  low=194 high=0  elapsed_s=380  attempts=3  state=ON  metric=rpr
2026-10-08T12:17:04Z  OBSERVE  frontend->shippingservice  rpr=0.0000  low=193 high=0  elapsed_s=380  attempts=3  state=ON  metric=rpr
2026-10-08T12:17:04Z  OBSERVE  checkoutservice->cartservice  rpr=0.0000  low=191 high=0  elapsed_s=379  attempts=3  state=ON  metric=rpr
2026-10-08T12:17:04Z  OBSERVE  checkoutservice->currencyservice  rpr=0.0000  low=191 high=0  elapsed_s=379  attempts=3  state=ON  metric=rpr
2026-10-08T12:17:04Z  OBSERVE  checkoutservice->emailservice  rpr=0.0000  low=191 high=0  elapsed_s=379  attempts=3  state=ON  metric=rpr
2026-10-08T12:17:04Z  OBSERVE  checkoutservice->paymentservice  rpr=0.0000  low=191 high=0  elapsed_s=379  attempts=3  state=ON  metric=rpr
2026-10-08T12:17:04Z  OBSERVE  checkoutservice->shippingservice  rpr=0.0000  low=191 high=0  elapsed_s=379  attempts=3  state=ON  metric=rpr
2026-10-08T12:17:04Z  OBSERVE  recommendationservice->productcatalogservice  rpr=0.0000  low=194 high=0  elapsed_s=380  attempts=3  state=ON  metric=rpr
2026-10-08T12:17:04Z  OBSERVE  recommendationservice  rejection=0.2097  low=0 high=7  elapsed_s=12  state=OFF  metric=rejection
2026-10-08T12:17:06Z  OBSERVE  frontend->adservice  rpr=0.0000  low=194 high=0  elapsed_s=381  attempts=3  state=ON  metric=rpr
2026-10-08T12:17:06Z  OBSERVE  frontend->cartservice  rpr=0.0000  low=195 high=0  elapsed_s=382  attempts=3  state=ON  metric=rpr
2026-10-08T12:17:06Z  OBSERVE  frontend->checkoutservice  rpr=0.0000  low=167 high=0  elapsed_s=334  attempts=3  state=ON  metric=rpr
2026-10-08T12:17:06Z  OBSERVE  frontend->currencyservice  rpr=0.0000  low=195 high=0  elapsed_s=382  attempts=3  state=ON  metric=rpr
2026-10-08T12:17:06Z  OBSERVE  frontend->productcatalogservice  rpr=0.0000  low=195 high=0  elapsed_s=382  attempts=3  state=ON  metric=rpr
2026-10-08T12:17:06Z  OBSERVE  frontend->shippingservice  rpr=0.0000  low=194 high=0  elapsed_s=382  attempts=3  state=ON  metric=rpr
2026-10-08T12:17:06Z  OBSERVE  checkoutservice->cartservice  rpr=0.0000  low=192 high=0  elapsed_s=381  attempts=3  state=ON  metric=rpr
2026-10-08T12:17:06Z  OBSERVE  checkoutservice->currencyservice  rpr=0.0000  low=192 high=0  elapsed_s=381  attempts=3  state=ON  metric=rpr
2026-10-08T12:17:06Z  OBSERVE  checkoutservice->emailservice  rpr=0.0000  low=192 high=0  elapsed_s=381  attempts=3  state=ON  metric=rpr
2026-10-08T12:17:06Z  OBSERVE  checkoutservice->paymentservice  rpr=0.0000  low=192 high=0  elapsed_s=381  attempts=3  state=ON  metric=rpr
2026-10-08T12:17:06Z  OBSERVE  checkoutservice->shippingservice  rpr=0.0000  low=192 high=0  elapsed_s=381  attempts=3  state=ON  metric=rpr
2026-10-08T12:17:06Z  OBSERVE  recommendationservice->productcatalogservice  rpr=0.0000  low=195 high=0  elapsed_s=382  attempts=3  state=ON  metric=rpr
2026-10-08T12:17:06Z  OBSERVE  recommendationservice  rejection=0.2367  low=0 high=8  elapsed_s=14  state=OFF  metric=rejection
2026-10-08T12:17:08Z  OBSERVE  frontend->adservice  rpr=0.0000  low=195 high=0  elapsed_s=383  attempts=3  state=ON  metric=rpr
2026-10-08T12:17:08Z  OBSERVE  frontend->cartservice  rpr=0.0000  low=196 high=0  elapsed_s=384  attempts=3  state=ON  metric=rpr
2026-10-08T12:17:08Z  OBSERVE  frontend->checkoutservice  rpr=0.0000  low=168 high=0  elapsed_s=336  attempts=3  state=ON  metric=rpr
2026-10-08T12:17:08Z  OBSERVE  frontend->currencyservice  rpr=0.0000  low=196 high=0  elapsed_s=384  attempts=3  state=ON  metric=rpr
2026-10-08T12:17:08Z  OBSERVE  frontend->productcatalogservice  rpr=0.0000  low=196 high=0  elapsed_s=384  attempts=3  state=ON  metric=rpr
2026-10-08T12:17:08Z  OBSERVE  frontend->shippingservice  rpr=0.0000  low=195 high=0  elapsed_s=384  attempts=3  state=ON  metric=rpr
2026-10-08T12:17:08Z  OBSERVE  checkoutservice->cartservice  rpr=0.0000  low=193 high=0  elapsed_s=383  attempts=3  state=ON  metric=rpr
2026-10-08T12:17:08Z  OBSERVE  checkoutservice->currencyservice  rpr=0.0000  low=193 high=0  elapsed_s=383  attempts=3  state=ON  metric=rpr
2026-10-08T12:17:08Z  OBSERVE  checkoutservice->emailservice  rpr=0.0000  low=193 high=0  elapsed_s=383  attempts=3  state=ON  metric=rpr
2026-10-08T12:17:08Z  OBSERVE  checkoutservice->paymentservice  rpr=0.0000  low=193 high=0  elapsed_s=383  attempts=3  state=ON  metric=rpr
2026-10-08T12:17:08Z  OBSERVE  checkoutservice->shippingservice  rpr=0.0000  low=193 high=0  elapsed_s=383  attempts=3  state=ON  metric=rpr
2026-10-08T12:17:08Z  OBSERVE  recommendationservice->productcatalogservice  rpr=0.0000  low=196 high=0  elapsed_s=384  attempts=3  state=ON  metric=rpr
2026-10-08T12:17:08Z  OBSERVE  recommendationservice  rejection=0.2026  low=0 high=9  elapsed_s=16  state=OFF  metric=rejection
2026-10-08T12:17:10Z  OBSERVE  frontend->adservice  rpr=0.0000  low=196 high=0  elapsed_s=385  attempts=3  state=ON  metric=rpr
2026-10-08T12:17:10Z  OBSERVE  frontend->cartservice  rpr=0.0000  low=197 high=0  elapsed_s=386  attempts=3  state=ON  metric=rpr
2026-10-08T12:17:10Z  OBSERVE  frontend->checkoutservice  rpr=0.0000  low=169 high=0  elapsed_s=338  attempts=3  state=ON  metric=rpr
2026-10-08T12:17:10Z  OBSERVE  frontend->currencyservice  rpr=0.0000  low=197 high=0  elapsed_s=386  attempts=3  state=ON  metric=rpr
2026-10-08T12:17:10Z  OBSERVE  frontend->productcatalogservice  rpr=0.0000  low=197 high=0  elapsed_s=386  attempts=3  state=ON  metric=rpr
2026-10-08T12:17:10Z  OBSERVE  frontend->shippingservice  rpr=0.0000  low=196 high=0  elapsed_s=386  attempts=3  state=ON  metric=rpr
2026-10-08T12:17:10Z  OBSERVE  checkoutservice->cartservice  rpr=0.0000  low=194 high=0  elapsed_s=385  attempts=3  state=ON  metric=rpr
2026-10-08T12:17:10Z  OBSERVE  checkoutservice->currencyservice  rpr=0.0000  low=194 high=0  elapsed_s=385  attempts=3  state=ON  metric=rpr
2026-10-08T12:17:10Z  OBSERVE  checkoutservice->emailservice  rpr=0.0000  low=194 high=0  elapsed_s=385  attempts=3  state=ON  metric=rpr
2026-10-08T12:17:10Z  OBSERVE  checkoutservice->paymentservice  rpr=0.0000  low=194 high=0  elapsed_s=385  attempts=3  state=ON  metric=rpr
2026-10-08T12:17:10Z  OBSERVE  checkoutservice->shippingservice  rpr=0.0000  low=194 high=0  elapsed_s=385  attempts=3  state=ON  metric=rpr
2026-10-08T12:17:10Z  OBSERVE  recommendationservice->productcatalogservice  rpr=0.0000  low=197 high=0  elapsed_s=386  attempts=3  state=ON  metric=rpr
2026-10-08T12:17:10Z  OBSERVE  recommendationservice  rejection=0.2483  low=0 high=10  elapsed_s=18  state=OFF  metric=rejection
2026-10-08T12:17:12Z  OBSERVE  frontend->adservice  rpr=0.0000  low=197 high=0  elapsed_s=387  attempts=3  state=ON  metric=rpr
2026-10-08T12:17:12Z  OBSERVE  frontend->cartservice  rpr=0.0000  low=198 high=0  elapsed_s=388  attempts=3  state=ON  metric=rpr
2026-10-08T12:17:12Z  OBSERVE  frontend->checkoutservice  rpr=0.0000  low=170 high=0  elapsed_s=340  attempts=3  state=ON  metric=rpr
2026-10-08T12:17:12Z  OBSERVE  frontend->currencyservice  rpr=0.0000  low=198 high=0  elapsed_s=388  attempts=3  state=ON  metric=rpr
2026-10-08T12:17:12Z  OBSERVE  frontend->productcatalogservice  rpr=0.0000  low=198 high=0  elapsed_s=388  attempts=3  state=ON  metric=rpr
2026-10-08T12:17:12Z  OBSERVE  frontend->shippingservice  rpr=0.0000  low=197 high=0  elapsed_s=388  attempts=3  state=ON  metric=rpr
2026-10-08T12:17:12Z  OBSERVE  checkoutservice->cartservice  rpr=0.0000  low=195 high=0  elapsed_s=387  attempts=3  state=ON  metric=rpr
2026-10-08T12:17:12Z  OBSERVE  checkoutservice->currencyservice  rpr=0.0000  low=195 high=0  elapsed_s=387  attempts=3  state=ON  metric=rpr
2026-10-08T12:17:12Z  OBSERVE  checkoutservice->emailservice  rpr=0.0000  low=195 high=0  elapsed_s=387  attempts=3  state=ON  metric=rpr
2026-10-08T12:17:12Z  OBSERVE  checkoutservice->paymentservice  rpr=0.0000  low=195 high=0  elapsed_s=387  attempts=3  state=ON  metric=rpr
2026-10-08T12:17:12Z  OBSERVE  checkoutservice->shippingservice  rpr=0.0000  low=195 high=0  elapsed_s=387  attempts=3  state=ON  metric=rpr
2026-10-08T12:17:12Z  OBSERVE  recommendationservice->productcatalogservice  rpr=0.0000  low=198 high=0  elapsed_s=388  attempts=3  state=ON  metric=rpr
2026-10-08T12:17:12Z  OBSERVE  recommendationservice  rejection=0.2802  low=0 high=11  elapsed_s=20  state=OFF  metric=rejection
2026-10-08T12:17:14Z  OBSERVE  frontend->adservice  rpr=0.0000  low=198 high=0  elapsed_s=389  attempts=3  state=ON  metric=rpr
2026-10-08T12:17:14Z  OBSERVE  frontend->cartservice  rpr=0.0000  low=199 high=0  elapsed_s=390  attempts=3  state=ON  metric=rpr
2026-10-08T12:17:14Z  OBSERVE  frontend->checkoutservice  rpr=0.0000  low=171 high=0  elapsed_s=342  attempts=3  state=ON  metric=rpr
2026-10-08T12:17:14Z  OBSERVE  frontend->currencyservice  rpr=0.0000  low=199 high=0  elapsed_s=390  attempts=3  state=ON  metric=rpr
2026-10-08T12:17:14Z  OBSERVE  frontend->productcatalogservice  rpr=0.0000  low=199 high=0  elapsed_s=390  attempts=3  state=ON  metric=rpr
2026-10-08T12:17:14Z  OBSERVE  frontend->shippingservice  rpr=0.0000  low=198 high=0  elapsed_s=390  attempts=3  state=ON  metric=rpr
2026-10-08T12:17:14Z  OBSERVE  checkoutservice->cartservice  rpr=0.0000  low=196 high=0  elapsed_s=389  attempts=3  state=ON  metric=rpr
2026-10-08T12:17:14Z  OBSERVE  checkoutservice->currencyservice  rpr=0.0000  low=196 high=0  elapsed_s=389  attempts=3  state=ON  metric=rpr
2026-10-08T12:17:14Z  OBSERVE  checkoutservice->emailservice  rpr=0.0000  low=196 high=0  elapsed_s=389  attempts=3  state=ON  metric=rpr
2026-10-08T12:17:14Z  OBSERVE  checkoutservice->paymentservice  rpr=0.0000  low=196 high=0  elapsed_s=389  attempts=3  state=ON  metric=rpr
2026-10-08T12:17:14Z  OBSERVE  checkoutservice->shippingservice  rpr=0.0000  low=196 high=0  elapsed_s=389  attempts=3  state=ON  metric=rpr
2026-10-08T12:17:14Z  OBSERVE  recommendationservice->productcatalogservice  rpr=0.0000  low=199 high=0  elapsed_s=390  attempts=3  state=ON  metric=rpr
2026-10-08T12:17:14Z  OBSERVE  recommendationservice  rejection=0.1198  low=0 high=12  elapsed_s=22  state=OFF  metric=rejection
2026-10-08T12:17:16Z  OBSERVE  frontend->adservice  rpr=0.0000  low=199 high=0  elapsed_s=391  attempts=3  state=ON  metric=rpr
2026-10-08T12:17:16Z  OBSERVE  frontend->cartservice  rpr=0.0000  low=200 high=0  elapsed_s=392  attempts=3  state=ON  metric=rpr
2026-10-08T12:17:16Z  OBSERVE  frontend->checkoutservice  rpr=0.0000  low=172 high=0  elapsed_s=344  attempts=3  state=ON  metric=rpr
2026-10-08T12:17:16Z  OBSERVE  frontend->currencyservice  rpr=0.0000  low=200 high=0  elapsed_s=392  attempts=3  state=ON  metric=rpr
2026-10-08T12:17:16Z  OBSERVE  frontend->productcatalogservice  rpr=0.0000  low=200 high=0  elapsed_s=392  attempts=3  state=ON  metric=rpr
2026-10-08T12:17:16Z  OBSERVE  frontend->shippingservice  rpr=0.0000  low=199 high=0  elapsed_s=392  attempts=3  state=ON  metric=rpr
2026-10-08T12:17:16Z  OBSERVE  checkoutservice->cartservice  rpr=0.0000  low=197 high=0  elapsed_s=391  attempts=3  state=ON  metric=rpr
2026-10-08T12:17:16Z  OBSERVE  checkoutservice->currencyservice  rpr=0.0000  low=197 high=0  elapsed_s=391  attempts=3  state=ON  metric=rpr
2026-10-08T12:17:16Z  OBSERVE  checkoutservice->emailservice  rpr=0.0000  low=197 high=0  elapsed_s=391  attempts=3  state=ON  metric=rpr
2026-10-08T12:17:16Z  OBSERVE  checkoutservice->paymentservice  rpr=0.0000  low=197 high=0  elapsed_s=391  attempts=3  state=ON  metric=rpr
2026-10-08T12:17:16Z  OBSERVE  checkoutservice->shippingservice  rpr=0.0000  low=197 high=0  elapsed_s=391  attempts=3  state=ON  metric=rpr
2026-10-08T12:17:16Z  OBSERVE  recommendationservice->productcatalogservice  rpr=0.0000  low=200 high=0  elapsed_s=392  attempts=3  state=ON  metric=rpr
2026-10-08T12:17:16Z  OBSERVE  recommendationservice  rejection=0.1081  low=0 high=13  elapsed_s=24  state=OFF  metric=rejection
2026-10-08T12:17:18Z  OBSERVE  frontend->adservice  rpr=0.0000  low=200 high=0  elapsed_s=393  attempts=3  state=ON  metric=rpr
2026-10-08T12:17:18Z  OBSERVE  frontend->cartservice  rpr=0.0000  low=201 high=0  elapsed_s=394  attempts=3  state=ON  metric=rpr
2026-10-08T12:17:18Z  OBSERVE  frontend->checkoutservice  rpr=0.0000  low=173 high=0  elapsed_s=346  attempts=3  state=ON  metric=rpr
2026-10-08T12:17:18Z  OBSERVE  frontend->currencyservice  rpr=0.0000  low=201 high=0  elapsed_s=394  attempts=3  state=ON  metric=rpr
2026-10-08T12:17:18Z  OBSERVE  frontend->productcatalogservice  rpr=0.0000  low=201 high=0  elapsed_s=394  attempts=3  state=ON  metric=rpr
2026-10-08T12:17:18Z  OBSERVE  frontend->shippingservice  rpr=0.0000  low=200 high=0  elapsed_s=394  attempts=3  state=ON  metric=rpr
2026-10-08T12:17:18Z  OBSERVE  checkoutservice->cartservice  rpr=0.0000  low=198 high=0  elapsed_s=393  attempts=3  state=ON  metric=rpr
2026-10-08T12:17:18Z  OBSERVE  checkoutservice->currencyservice  rpr=0.0000  low=198 high=0  elapsed_s=393  attempts=3  state=ON  metric=rpr
2026-10-08T12:17:18Z  OBSERVE  checkoutservice->emailservice  rpr=0.0000  low=198 high=0  elapsed_s=393  attempts=3  state=ON  metric=rpr
2026-10-08T12:17:18Z  OBSERVE  checkoutservice->paymentservice  rpr=0.0000  low=198 high=0  elapsed_s=393  attempts=3  state=ON  metric=rpr
2026-10-08T12:17:18Z  OBSERVE  checkoutservice->shippingservice  rpr=0.0000  low=198 high=0  elapsed_s=393  attempts=3  state=ON  metric=rpr
2026-10-08T12:17:18Z  OBSERVE  recommendationservice->productcatalogservice  rpr=0.0000  low=201 high=0  elapsed_s=394  attempts=3  state=ON  metric=rpr
2026-10-08T12:17:18Z  OBSERVE  recommendationservice  rejection=0.1856  low=0 high=14  elapsed_s=26  state=OFF  metric=rejection
2026-10-08T12:17:20Z  OBSERVE  frontend->adservice  rpr=0.0000  low=201 high=0  elapsed_s=395  attempts=3  state=ON  metric=rpr
2026-10-08T12:17:20Z  OBSERVE  frontend->cartservice  rpr=0.0000  low=202 high=0  elapsed_s=396  attempts=3  state=ON  metric=rpr
2026-10-08T12:17:20Z  OBSERVE  frontend->checkoutservice  rpr=0.0000  low=174 high=0  elapsed_s=348  attempts=3  state=ON  metric=rpr
2026-10-08T12:17:20Z  OBSERVE  frontend->currencyservice  rpr=0.0000  low=202 high=0  elapsed_s=396  attempts=3  state=ON  metric=rpr
2026-10-08T12:17:20Z  OBSERVE  frontend->productcatalogservice  rpr=0.0000  low=202 high=0  elapsed_s=396  attempts=3  state=ON  metric=rpr
2026-10-08T12:17:20Z  OBSERVE  frontend->shippingservice  rpr=0.0000  low=201 high=0  elapsed_s=396  attempts=3  state=ON  metric=rpr
2026-10-08T12:17:20Z  OBSERVE  checkoutservice->cartservice  rpr=0.0000  low=199 high=0  elapsed_s=395  attempts=3  state=ON  metric=rpr
2026-10-08T12:17:20Z  OBSERVE  checkoutservice->currencyservice  rpr=0.0000  low=199 high=0  elapsed_s=395  attempts=3  state=ON  metric=rpr
2026-10-08T12:17:20Z  OBSERVE  checkoutservice->emailservice  rpr=0.0000  low=199 high=0  elapsed_s=395  attempts=3  state=ON  metric=rpr
2026-10-08T12:17:20Z  OBSERVE  checkoutservice->paymentservice  rpr=0.0000  low=199 high=0  elapsed_s=395  attempts=3  state=ON  metric=rpr
2026-10-08T12:17:20Z  OBSERVE  checkoutservice->shippingservice  rpr=0.0000  low=199 high=0  elapsed_s=395  attempts=3  state=ON  metric=rpr
2026-10-08T12:17:20Z  OBSERVE  recommendationservice->productcatalogservice  rpr=0.0000  low=202 high=0  elapsed_s=396  attempts=3  state=ON  metric=rpr
2026-10-08T12:17:20Z  OBSERVE  recommendationservice  rejection=0.1990  low=0 high=15  elapsed_s=28  state=OFF  metric=rejection
2026-10-08T12:17:22Z  OBSERVE  frontend->adservice  rpr=0.0000  low=202 high=0  elapsed_s=397  attempts=3  state=ON  metric=rpr
2026-10-08T12:17:22Z  OBSERVE  frontend->cartservice  rpr=0.0000  low=203 high=0  elapsed_s=398  attempts=3  state=ON  metric=rpr
2026-10-08T12:17:22Z  OBSERVE  frontend->checkoutservice  rpr=0.0000  low=175 high=0  elapsed_s=350  attempts=3  state=ON  metric=rpr
2026-10-08T12:17:22Z  OBSERVE  frontend->currencyservice  rpr=0.0000  low=203 high=0  elapsed_s=398  attempts=3  state=ON  metric=rpr
2026-10-08T12:17:22Z  OBSERVE  frontend->productcatalogservice  rpr=0.0000  low=203 high=0  elapsed_s=398  attempts=3  state=ON  metric=rpr
2026-10-08T12:17:22Z  OBSERVE  frontend->shippingservice  rpr=0.0000  low=202 high=0  elapsed_s=398  attempts=3  state=ON  metric=rpr
2026-10-08T12:17:22Z  OBSERVE  checkoutservice->cartservice  rpr=0.0000  low=200 high=0  elapsed_s=397  attempts=3  state=ON  metric=rpr
2026-10-08T12:17:22Z  OBSERVE  checkoutservice->currencyservice  rpr=0.0000  low=200 high=0  elapsed_s=397  attempts=3  state=ON  metric=rpr
2026-10-08T12:17:22Z  OBSERVE  checkoutservice->emailservice  rpr=0.0000  low=200 high=0  elapsed_s=397  attempts=3  state=ON  metric=rpr
2026-10-08T12:17:22Z  OBSERVE  checkoutservice->paymentservice  rpr=0.0000  low=200 high=0  elapsed_s=397  attempts=3  state=ON  metric=rpr
2026-10-08T12:17:22Z  OBSERVE  checkoutservice->shippingservice  rpr=0.0000  low=200 high=0  elapsed_s=397  attempts=3  state=ON  metric=rpr
2026-10-08T12:17:22Z  OBSERVE  recommendationservice->productcatalogservice  rpr=0.0000  low=203 high=0  elapsed_s=398  attempts=3  state=ON  metric=rpr
2026-10-08T12:17:22Z  OBSERVE  recommendationservice  rejection=0.2468  low=0 high=16  elapsed_s=30  state=OFF  metric=rejection
2026-10-08T12:17:24Z  OBSERVE  frontend->adservice  rpr=0.0000  low=203 high=0  elapsed_s=399  attempts=3  state=ON  metric=rpr
2026-10-08T12:17:24Z  OBSERVE  frontend->cartservice  rpr=0.0000  low=204 high=0  elapsed_s=400  attempts=3  state=ON  metric=rpr
2026-10-08T12:17:24Z  OBSERVE  frontend->checkoutservice  rpr=0.0000  low=176 high=0  elapsed_s=352  attempts=3  state=ON  metric=rpr
2026-10-08T12:17:24Z  OBSERVE  frontend->currencyservice  rpr=0.0000  low=204 high=0  elapsed_s=400  attempts=3  state=ON  metric=rpr
2026-10-08T12:17:24Z  OBSERVE  frontend->productcatalogservice  rpr=0.0000  low=204 high=0  elapsed_s=400  attempts=3  state=ON  metric=rpr
2026-10-08T12:17:24Z  OBSERVE  frontend->shippingservice  rpr=0.0000  low=203 high=0  elapsed_s=400  attempts=3  state=ON  metric=rpr
2026-10-08T12:17:24Z  OBSERVE  checkoutservice->cartservice  rpr=0.0000  low=201 high=0  elapsed_s=399  attempts=3  state=ON  metric=rpr
2026-10-08T12:17:24Z  OBSERVE  checkoutservice->currencyservice  rpr=0.0000  low=201 high=0  elapsed_s=399  attempts=3  state=ON  metric=rpr
2026-10-08T12:17:24Z  OBSERVE  checkoutservice->emailservice  rpr=0.0000  low=201 high=0  elapsed_s=399  attempts=3  state=ON  metric=rpr
2026-10-08T12:17:24Z  OBSERVE  checkoutservice->paymentservice  rpr=0.0000  low=201 high=0  elapsed_s=399  attempts=3  state=ON  metric=rpr
2026-10-08T12:17:24Z  OBSERVE  checkoutservice->shippingservice  rpr=0.0000  low=201 high=0  elapsed_s=399  attempts=3  state=ON  metric=rpr
2026-10-08T12:17:24Z  OBSERVE  recommendationservice->productcatalogservice  rpr=0.0000  low=204 high=0  elapsed_s=400  attempts=3  state=ON  metric=rpr
2026-10-08T12:17:24Z  OBSERVE  recommendationservice  rejection=0.2229  low=0 high=17  elapsed_s=32  state=OFF  metric=rejection
2026-10-08T12:17:26Z  OBSERVE  frontend->adservice  rpr=0.0000  low=204 high=0  elapsed_s=401  attempts=3  state=ON  metric=rpr
2026-10-08T12:17:26Z  OBSERVE  frontend->cartservice  rpr=0.0000  low=205 high=0  elapsed_s=402  attempts=3  state=ON  metric=rpr
2026-10-08T12:17:26Z  OBSERVE  frontend->checkoutservice  rpr=0.0000  low=177 high=0  elapsed_s=354  attempts=3  state=ON  metric=rpr
2026-10-08T12:17:26Z  OBSERVE  frontend->currencyservice  rpr=0.0000  low=205 high=0  elapsed_s=402  attempts=3  state=ON  metric=rpr
2026-10-08T12:17:26Z  OBSERVE  frontend->productcatalogservice  rpr=0.0000  low=205 high=0  elapsed_s=402  attempts=3  state=ON  metric=rpr
2026-10-08T12:17:26Z  OBSERVE  frontend->shippingservice  rpr=0.0000  low=204 high=0  elapsed_s=402  attempts=3  state=ON  metric=rpr
2026-10-08T12:17:26Z  OBSERVE  checkoutservice->cartservice  rpr=0.0000  low=202 high=0  elapsed_s=401  attempts=3  state=ON  metric=rpr
2026-10-08T12:17:26Z  OBSERVE  checkoutservice->currencyservice  rpr=0.0000  low=202 high=0  elapsed_s=401  attempts=3  state=ON  metric=rpr
2026-10-08T12:17:26Z  OBSERVE  checkoutservice->emailservice  rpr=0.0000  low=202 high=0  elapsed_s=401  attempts=3  state=ON  metric=rpr
2026-10-08T12:17:26Z  OBSERVE  checkoutservice->paymentservice  rpr=0.0000  low=202 high=0  elapsed_s=401  attempts=3  state=ON  metric=rpr
2026-10-08T12:17:26Z  OBSERVE  checkoutservice->shippingservice  rpr=0.0000  low=202 high=0  elapsed_s=401  attempts=3  state=ON  metric=rpr
2026-10-08T12:17:26Z  OBSERVE  recommendationservice->productcatalogservice  rpr=0.0000  low=205 high=0  elapsed_s=402  attempts=3  state=ON  metric=rpr
2026-10-08T12:17:26Z  OBSERVE  recommendationservice  rejection=0.1860  low=0 high=18  elapsed_s=34  state=OFF  metric=rejection
2026-10-08T12:17:28Z  OBSERVE  frontend->adservice  rpr=0.0000  low=205 high=0  elapsed_s=403  attempts=3  state=ON  metric=rpr
2026-10-08T12:17:28Z  OBSERVE  frontend->cartservice  rpr=0.0000  low=206 high=0  elapsed_s=404  attempts=3  state=ON  metric=rpr
2026-10-08T12:17:28Z  OBSERVE  frontend->checkoutservice  rpr=0.0000  low=178 high=0  elapsed_s=356  attempts=3  state=ON  metric=rpr
2026-10-08T12:17:28Z  OBSERVE  frontend->currencyservice  rpr=0.0000  low=206 high=0  elapsed_s=404  attempts=3  state=ON  metric=rpr
2026-10-08T12:17:28Z  OBSERVE  frontend->productcatalogservice  rpr=0.0000  low=206 high=0  elapsed_s=404  attempts=3  state=ON  metric=rpr
2026-10-08T12:17:28Z  OBSERVE  frontend->shippingservice  rpr=0.0000  low=205 high=0  elapsed_s=404  attempts=3  state=ON  metric=rpr
2026-10-08T12:17:28Z  OBSERVE  checkoutservice->cartservice  rpr=0.0000  low=203 high=0  elapsed_s=403  attempts=3  state=ON  metric=rpr
2026-10-08T12:17:28Z  OBSERVE  checkoutservice->currencyservice  rpr=0.0000  low=203 high=0  elapsed_s=403  attempts=3  state=ON  metric=rpr
2026-10-08T12:17:28Z  OBSERVE  checkoutservice->emailservice  rpr=0.0000  low=203 high=0  elapsed_s=403  attempts=3  state=ON  metric=rpr
2026-10-08T12:17:28Z  OBSERVE  checkoutservice->paymentservice  rpr=0.0000  low=203 high=0  elapsed_s=403  attempts=3  state=ON  metric=rpr
2026-10-08T12:17:28Z  OBSERVE  checkoutservice->shippingservice  rpr=0.0000  low=203 high=0  elapsed_s=403  attempts=3  state=ON  metric=rpr
2026-10-08T12:17:28Z  OBSERVE  recommendationservice->productcatalogservice  rpr=0.0000  low=206 high=0  elapsed_s=404  attempts=3  state=ON  metric=rpr
2026-10-08T12:17:28Z  OBSERVE  recommendationservice  rejection=0.2866  low=0 high=19  elapsed_s=36  state=OFF  metric=rejection
2026-10-08T12:17:30Z  OBSERVE  frontend->adservice  rpr=0.0000  low=206 high=0  elapsed_s=405  attempts=3  state=ON  metric=rpr
2026-10-08T12:17:30Z  OBSERVE  frontend->cartservice  rpr=0.0000  low=207 high=0  elapsed_s=406  attempts=3  state=ON  metric=rpr
2026-10-08T12:17:30Z  OBSERVE  frontend->checkoutservice  rpr=0.0000  low=179 high=0  elapsed_s=358  attempts=3  state=ON  metric=rpr
2026-10-08T12:17:30Z  OBSERVE  frontend->currencyservice  rpr=0.0000  low=207 high=0  elapsed_s=406  attempts=3  state=ON  metric=rpr
2026-10-08T12:17:30Z  OBSERVE  frontend->productcatalogservice  rpr=0.0000  low=207 high=0  elapsed_s=406  attempts=3  state=ON  metric=rpr
2026-10-08T12:17:30Z  OBSERVE  frontend->shippingservice  rpr=0.0000  low=206 high=0  elapsed_s=406  attempts=3  state=ON  metric=rpr
2026-10-08T12:17:30Z  OBSERVE  checkoutservice->cartservice  rpr=0.0000  low=204 high=0  elapsed_s=405  attempts=3  state=ON  metric=rpr
2026-10-08T12:17:30Z  OBSERVE  checkoutservice->currencyservice  rpr=0.0000  low=204 high=0  elapsed_s=405  attempts=3  state=ON  metric=rpr
2026-10-08T12:17:30Z  OBSERVE  checkoutservice->emailservice  rpr=0.0000  low=204 high=0  elapsed_s=405  attempts=3  state=ON  metric=rpr
2026-10-08T12:17:30Z  OBSERVE  checkoutservice->paymentservice  rpr=0.0000  low=204 high=0  elapsed_s=405  attempts=3  state=ON  metric=rpr
2026-10-08T12:17:30Z  OBSERVE  checkoutservice->shippingservice  rpr=0.0000  low=204 high=0  elapsed_s=405  attempts=3  state=ON  metric=rpr
2026-10-08T12:17:30Z  OBSERVE  recommendationservice->productcatalogservice  rpr=0.0000  low=207 high=0  elapsed_s=406  attempts=3  state=ON  metric=rpr
2026-10-08T12:17:30Z  OBSERVE  recommendationservice  rejection=0.2449  low=0 high=20  elapsed_s=38  state=OFF  metric=rejection
2026-10-08T12:17:32Z  OBSERVE  frontend->adservice  rpr=0.0000  low=207 high=0  elapsed_s=407  attempts=3  state=ON  metric=rpr
2026-10-08T12:17:32Z  OBSERVE  frontend->cartservice  rpr=0.0000  low=208 high=0  elapsed_s=408  attempts=3  state=ON  metric=rpr
2026-10-08T12:17:32Z  OBSERVE  frontend->checkoutservice  rpr=0.0000  low=180 high=0  elapsed_s=360  attempts=3  state=ON  metric=rpr
2026-10-08T12:17:32Z  OBSERVE  frontend->currencyservice  rpr=0.0000  low=208 high=0  elapsed_s=408  attempts=3  state=ON  metric=rpr
2026-10-08T12:17:32Z  OBSERVE  frontend->productcatalogservice  rpr=0.0000  low=208 high=0  elapsed_s=408  attempts=3  state=ON  metric=rpr
2026-10-08T12:17:32Z  OBSERVE  frontend->shippingservice  rpr=0.0000  low=207 high=0  elapsed_s=408  attempts=3  state=ON  metric=rpr
2026-10-08T12:17:32Z  OBSERVE  checkoutservice->cartservice  rpr=0.0000  low=205 high=0  elapsed_s=407  attempts=3  state=ON  metric=rpr
2026-10-08T12:17:32Z  OBSERVE  checkoutservice->currencyservice  rpr=0.0000  low=205 high=0  elapsed_s=407  attempts=3  state=ON  metric=rpr
2026-10-08T12:17:32Z  OBSERVE  checkoutservice->emailservice  rpr=0.0000  low=205 high=0  elapsed_s=407  attempts=3  state=ON  metric=rpr
2026-10-08T12:17:32Z  OBSERVE  checkoutservice->paymentservice  rpr=0.0000  low=205 high=0  elapsed_s=407  attempts=3  state=ON  metric=rpr
2026-10-08T12:17:32Z  OBSERVE  checkoutservice->shippingservice  rpr=0.0000  low=205 high=0  elapsed_s=407  attempts=3  state=ON  metric=rpr
2026-10-08T12:17:32Z  OBSERVE  recommendationservice->productcatalogservice  rpr=0.0000  low=208 high=0  elapsed_s=408  attempts=3  state=ON  metric=rpr
2026-10-08T12:17:32Z  OBSERVE  recommendationservice  rejection=0.2850  low=0 high=21  elapsed_s=40  state=OFF  metric=rejection
2026-10-08T12:17:34Z  OBSERVE  frontend->adservice  rpr=0.0000  low=208 high=0  elapsed_s=409  attempts=3  state=ON  metric=rpr
2026-10-08T12:17:34Z  OBSERVE  frontend->cartservice  rpr=0.0000  low=209 high=0  elapsed_s=410  attempts=3  state=ON  metric=rpr
2026-10-08T12:17:34Z  OBSERVE  frontend->checkoutservice  rpr=0.0000  low=181 high=0  elapsed_s=362  attempts=3  state=ON  metric=rpr
2026-10-08T12:17:34Z  OBSERVE  frontend->currencyservice  rpr=0.0000  low=209 high=0  elapsed_s=410  attempts=3  state=ON  metric=rpr
2026-10-08T12:17:34Z  OBSERVE  frontend->productcatalogservice  rpr=0.0000  low=209 high=0  elapsed_s=410  attempts=3  state=ON  metric=rpr
2026-10-08T12:17:34Z  OBSERVE  frontend->shippingservice  rpr=0.0000  low=208 high=0  elapsed_s=410  attempts=3  state=ON  metric=rpr
2026-10-08T12:17:34Z  OBSERVE  checkoutservice->cartservice  rpr=0.0000  low=206 high=0  elapsed_s=409  attempts=3  state=ON  metric=rpr
2026-10-08T12:17:34Z  OBSERVE  checkoutservice->currencyservice  rpr=0.0000  low=206 high=0  elapsed_s=409  attempts=3  state=ON  metric=rpr
2026-10-08T12:17:34Z  OBSERVE  checkoutservice->emailservice  rpr=0.0000  low=206 high=0  elapsed_s=409  attempts=3  state=ON  metric=rpr
2026-10-08T12:17:34Z  OBSERVE  checkoutservice->paymentservice  rpr=0.0000  low=206 high=0  elapsed_s=409  attempts=3  state=ON  metric=rpr
2026-10-08T12:17:34Z  OBSERVE  checkoutservice->shippingservice  rpr=0.0000  low=206 high=0  elapsed_s=409  attempts=3  state=ON  metric=rpr
2026-10-08T12:17:34Z  OBSERVE  recommendationservice->productcatalogservice  rpr=0.0000  low=209 high=0  elapsed_s=410  attempts=3  state=ON  metric=rpr
2026-10-08T12:17:34Z  OBSERVE  recommendationservice  rejection=0.2064  low=0 high=22  elapsed_s=42  state=OFF  metric=rejection
2026-10-08T12:17:36Z  OBSERVE  frontend->adservice  rpr=0.0000  low=209 high=0  elapsed_s=411  attempts=3  state=ON  metric=rpr
2026-10-08T12:17:36Z  OBSERVE  frontend->cartservice  rpr=0.0000  low=210 high=0  elapsed_s=412  attempts=3  state=ON  metric=rpr
2026-10-08T12:17:36Z  OBSERVE  frontend->checkoutservice  rpr=0.0000  low=182 high=0  elapsed_s=364  attempts=3  state=ON  metric=rpr
2026-10-08T12:17:36Z  OBSERVE  frontend->currencyservice  rpr=0.0000  low=210 high=0  elapsed_s=412  attempts=3  state=ON  metric=rpr
2026-10-08T12:17:36Z  OBSERVE  frontend->productcatalogservice  rpr=0.0000  low=210 high=0  elapsed_s=412  attempts=3  state=ON  metric=rpr
2026-10-08T12:17:36Z  OBSERVE  frontend->shippingservice  rpr=0.0000  low=209 high=0  elapsed_s=412  attempts=3  state=ON  metric=rpr
2026-10-08T12:17:36Z  OBSERVE  checkoutservice->cartservice  rpr=0.0000  low=207 high=0  elapsed_s=411  attempts=3  state=ON  metric=rpr
2026-10-08T12:17:36Z  OBSERVE  checkoutservice->currencyservice  rpr=0.0000  low=207 high=0  elapsed_s=411  attempts=3  state=ON  metric=rpr
2026-10-08T12:17:36Z  OBSERVE  checkoutservice->emailservice  rpr=0.0000  low=207 high=0  elapsed_s=411  attempts=3  state=ON  metric=rpr
2026-10-08T12:17:36Z  OBSERVE  checkoutservice->paymentservice  rpr=0.0000  low=207 high=0  elapsed_s=411  attempts=3  state=ON  metric=rpr
2026-10-08T12:17:36Z  OBSERVE  checkoutservice->shippingservice  rpr=0.0000  low=207 high=0  elapsed_s=411  attempts=3  state=ON  metric=rpr
2026-10-08T12:17:36Z  OBSERVE  recommendationservice->productcatalogservice  rpr=0.0000  low=210 high=0  elapsed_s=412  attempts=3  state=ON  metric=rpr
2026-10-08T12:17:36Z  OBSERVE  recommendationservice  rejection=0.1608  low=0 high=23  elapsed_s=44  state=OFF  metric=rejection
2026-10-08T12:17:38Z  OBSERVE  frontend->adservice  rpr=0.0000  low=210 high=0  elapsed_s=413  attempts=3  state=ON  metric=rpr
2026-10-08T12:17:38Z  OBSERVE  frontend->cartservice  rpr=0.0000  low=211 high=0  elapsed_s=414  attempts=3  state=ON  metric=rpr
2026-10-08T12:17:38Z  OBSERVE  frontend->checkoutservice  rpr=0.0000  low=183 high=0  elapsed_s=366  attempts=3  state=ON  metric=rpr
2026-10-08T12:17:38Z  OBSERVE  frontend->currencyservice  rpr=0.0000  low=211 high=0  elapsed_s=414  attempts=3  state=ON  metric=rpr
2026-10-08T12:17:38Z  OBSERVE  frontend->productcatalogservice  rpr=0.0000  low=211 high=0  elapsed_s=414  attempts=3  state=ON  metric=rpr
2026-10-08T12:17:38Z  OBSERVE  frontend->shippingservice  rpr=0.0000  low=210 high=0  elapsed_s=414  attempts=3  state=ON  metric=rpr
2026-10-08T12:17:38Z  OBSERVE  checkoutservice->cartservice  rpr=0.0000  low=208 high=0  elapsed_s=413  attempts=3  state=ON  metric=rpr
2026-10-08T12:17:38Z  OBSERVE  checkoutservice->currencyservice  rpr=0.0000  low=208 high=0  elapsed_s=413  attempts=3  state=ON  metric=rpr
2026-10-08T12:17:38Z  OBSERVE  checkoutservice->emailservice  rpr=0.0000  low=208 high=0  elapsed_s=413  attempts=3  state=ON  metric=rpr
2026-10-08T12:17:38Z  OBSERVE  checkoutservice->paymentservice  rpr=0.0000  low=208 high=0  elapsed_s=413  attempts=3  state=ON  metric=rpr
2026-10-08T12:17:38Z  OBSERVE  checkoutservice->shippingservice  rpr=0.0000  low=208 high=0  elapsed_s=413  attempts=3  state=ON  metric=rpr
2026-10-08T12:17:38Z  OBSERVE  recommendationservice->productcatalogservice  rpr=0.0000  low=211 high=0  elapsed_s=414  attempts=3  state=ON  metric=rpr
2026-10-08T12:17:38Z  OBSERVE  recommendationservice  rejection=0.2295  low=0 high=24  elapsed_s=46  state=OFF  metric=rejection
2026-10-08T12:17:40Z  OBSERVE  frontend->adservice  rpr=0.0000  low=211 high=0  elapsed_s=415  attempts=3  state=ON  metric=rpr
2026-10-08T12:17:40Z  OBSERVE  frontend->cartservice  rpr=0.0000  low=212 high=0  elapsed_s=416  attempts=3  state=ON  metric=rpr
2026-10-08T12:17:40Z  OBSERVE  frontend->checkoutservice  rpr=0.0000  low=184 high=0  elapsed_s=368  attempts=3  state=ON  metric=rpr
2026-10-08T12:17:40Z  OBSERVE  frontend->currencyservice  rpr=0.0000  low=212 high=0  elapsed_s=416  attempts=3  state=ON  metric=rpr
2026-10-08T12:17:40Z  OBSERVE  frontend->productcatalogservice  rpr=0.0000  low=212 high=0  elapsed_s=416  attempts=3  state=ON  metric=rpr
2026-10-08T12:17:40Z  OBSERVE  frontend->shippingservice  rpr=0.0000  low=211 high=0  elapsed_s=416  attempts=3  state=ON  metric=rpr
2026-10-08T12:17:40Z  OBSERVE  checkoutservice->cartservice  rpr=0.0000  low=209 high=0  elapsed_s=415  attempts=3  state=ON  metric=rpr
2026-10-08T12:17:40Z  OBSERVE  checkoutservice->currencyservice  rpr=0.0000  low=209 high=0  elapsed_s=415  attempts=3  state=ON  metric=rpr
2026-10-08T12:17:40Z  OBSERVE  checkoutservice->emailservice  rpr=0.0000  low=209 high=0  elapsed_s=415  attempts=3  state=ON  metric=rpr
2026-10-08T12:17:40Z  OBSERVE  checkoutservice->paymentservice  rpr=0.0000  low=209 high=0  elapsed_s=415  attempts=3  state=ON  metric=rpr
2026-10-08T12:17:40Z  OBSERVE  checkoutservice->shippingservice  rpr=0.0000  low=209 high=0  elapsed_s=415  attempts=3  state=ON  metric=rpr
2026-10-08T12:17:40Z  OBSERVE  recommendationservice->productcatalogservice  rpr=0.0000  low=212 high=0  elapsed_s=416  attempts=3  state=ON  metric=rpr
2026-10-08T12:17:40Z  OBSERVE  recommendationservice  rejection=0.1786  low=0 high=25  elapsed_s=48  state=OFF  metric=rejection
2026-10-08T12:17:42Z  OBSERVE  frontend->adservice  rpr=0.0000  low=212 high=0  elapsed_s=417  attempts=3  state=ON  metric=rpr
2026-10-08T12:17:42Z  OBSERVE  frontend->cartservice  rpr=0.0000  low=213 high=0  elapsed_s=418  attempts=3  state=ON  metric=rpr
2026-10-08T12:17:42Z  OBSERVE  frontend->checkoutservice  rpr=0.0000  low=185 high=0  elapsed_s=370  attempts=3  state=ON  metric=rpr
2026-10-08T12:17:42Z  OBSERVE  frontend->currencyservice  rpr=0.0000  low=213 high=0  elapsed_s=418  attempts=3  state=ON  metric=rpr
2026-10-08T12:17:42Z  OBSERVE  frontend->productcatalogservice  rpr=0.0000  low=213 high=0  elapsed_s=418  attempts=3  state=ON  metric=rpr
2026-10-08T12:17:42Z  OBSERVE  frontend->shippingservice  rpr=0.0000  low=212 high=0  elapsed_s=418  attempts=3  state=ON  metric=rpr
2026-10-08T12:17:42Z  OBSERVE  checkoutservice->cartservice  rpr=0.0000  low=210 high=0  elapsed_s=417  attempts=3  state=ON  metric=rpr
2026-10-08T12:17:42Z  OBSERVE  checkoutservice->currencyservice  rpr=0.0000  low=210 high=0  elapsed_s=417  attempts=3  state=ON  metric=rpr
2026-10-08T12:17:42Z  OBSERVE  checkoutservice->emailservice  rpr=0.0000  low=210 high=0  elapsed_s=417  attempts=3  state=ON  metric=rpr
2026-10-08T12:17:42Z  OBSERVE  checkoutservice->paymentservice  rpr=0.0000  low=210 high=0  elapsed_s=417  attempts=3  state=ON  metric=rpr
2026-10-08T12:17:42Z  OBSERVE  checkoutservice->shippingservice  rpr=0.0000  low=210 high=0  elapsed_s=417  attempts=3  state=ON  metric=rpr
2026-10-08T12:17:42Z  OBSERVE  recommendationservice->productcatalogservice  rpr=0.0000  low=213 high=0  elapsed_s=418  attempts=3  state=ON  metric=rpr
2026-10-08T12:17:42Z  OBSERVE  recommendationservice  rejection=0.1968  low=0 high=26  elapsed_s=50  state=OFF  metric=rejection
2026-10-08T12:17:44Z  OBSERVE  frontend->adservice  rpr=0.0000  low=213 high=0  elapsed_s=419  attempts=3  state=ON  metric=rpr
2026-10-08T12:17:44Z  OBSERVE  frontend->cartservice  rpr=0.0000  low=214 high=0  elapsed_s=420  attempts=3  state=ON  metric=rpr
2026-10-08T12:17:44Z  OBSERVE  frontend->checkoutservice  rpr=0.0000  low=186 high=0  elapsed_s=372  attempts=3  state=ON  metric=rpr
2026-10-08T12:17:44Z  OBSERVE  frontend->currencyservice  rpr=0.0000  low=214 high=0  elapsed_s=420  attempts=3  state=ON  metric=rpr
2026-10-08T12:17:44Z  OBSERVE  frontend->productcatalogservice  rpr=0.0000  low=214 high=0  elapsed_s=420  attempts=3  state=ON  metric=rpr
2026-10-08T12:17:44Z  OBSERVE  frontend->shippingservice  rpr=0.0000  low=213 high=0  elapsed_s=420  attempts=3  state=ON  metric=rpr
2026-10-08T12:17:44Z  OBSERVE  checkoutservice->cartservice  rpr=0.0000  low=211 high=0  elapsed_s=419  attempts=3  state=ON  metric=rpr
2026-10-08T12:17:44Z  OBSERVE  checkoutservice->currencyservice  rpr=0.0000  low=211 high=0  elapsed_s=419  attempts=3  state=ON  metric=rpr
2026-10-08T12:17:44Z  OBSERVE  checkoutservice->emailservice  rpr=0.0000  low=211 high=0  elapsed_s=419  attempts=3  state=ON  metric=rpr
2026-10-08T12:17:44Z  OBSERVE  checkoutservice->paymentservice  rpr=0.0000  low=211 high=0  elapsed_s=419  attempts=3  state=ON  metric=rpr
2026-10-08T12:17:44Z  OBSERVE  checkoutservice->shippingservice  rpr=0.0000  low=211 high=0  elapsed_s=419  attempts=3  state=ON  metric=rpr
2026-10-08T12:17:44Z  OBSERVE  recommendationservice->productcatalogservice  rpr=0.0000  low=214 high=0  elapsed_s=420  attempts=3  state=ON  metric=rpr
2026-10-08T12:17:44Z  OBSERVE  recommendationservice  rejection=0.1921  low=0 high=27  elapsed_s=52  state=OFF  metric=rejection
2026-10-08T12:17:46Z  OBSERVE  frontend->adservice  rpr=0.0000  low=214 high=0  elapsed_s=421  attempts=3  state=ON  metric=rpr
2026-10-08T12:17:46Z  OBSERVE  frontend->cartservice  rpr=0.0000  low=215 high=0  elapsed_s=422  attempts=3  state=ON  metric=rpr
2026-10-08T12:17:46Z  OBSERVE  frontend->checkoutservice  rpr=0.0000  low=187 high=0  elapsed_s=374  attempts=3  state=ON  metric=rpr
2026-10-08T12:17:46Z  OBSERVE  frontend->currencyservice  rpr=0.0000  low=215 high=0  elapsed_s=422  attempts=3  state=ON  metric=rpr
2026-10-08T12:17:46Z  OBSERVE  frontend->productcatalogservice  rpr=0.0000  low=215 high=0  elapsed_s=422  attempts=3  state=ON  metric=rpr
2026-10-08T12:17:46Z  OBSERVE  frontend->shippingservice  rpr=0.0000  low=214 high=0  elapsed_s=422  attempts=3  state=ON  metric=rpr
2026-10-08T12:17:46Z  OBSERVE  checkoutservice->cartservice  rpr=0.0000  low=212 high=0  elapsed_s=421  attempts=3  state=ON  metric=rpr
2026-10-08T12:17:46Z  OBSERVE  checkoutservice->currencyservice  rpr=0.0000  low=212 high=0  elapsed_s=421  attempts=3  state=ON  metric=rpr
2026-10-08T12:17:46Z  OBSERVE  checkoutservice->emailservice  rpr=0.0000  low=212 high=0  elapsed_s=421  attempts=3  state=ON  metric=rpr
2026-10-08T12:17:46Z  OBSERVE  checkoutservice->paymentservice  rpr=0.0000  low=212 high=0  elapsed_s=421  attempts=3  state=ON  metric=rpr
2026-10-08T12:17:46Z  OBSERVE  checkoutservice->shippingservice  rpr=0.0000  low=212 high=0  elapsed_s=421  attempts=3  state=ON  metric=rpr
2026-10-08T12:17:46Z  OBSERVE  recommendationservice->productcatalogservice  rpr=0.0000  low=215 high=0  elapsed_s=422  attempts=3  state=ON  metric=rpr
2026-10-08T12:17:46Z  OBSERVE  recommendationservice  rejection=0.1327  low=0 high=28  elapsed_s=54  state=OFF  metric=rejection
2026-10-08T12:17:48Z  OBSERVE  frontend->adservice  rpr=0.0000  low=215 high=0  elapsed_s=423  attempts=3  state=ON  metric=rpr
2026-10-08T12:17:48Z  OBSERVE  frontend->cartservice  rpr=0.0000  low=216 high=0  elapsed_s=424  attempts=3  state=ON  metric=rpr
2026-10-08T12:17:48Z  OBSERVE  frontend->checkoutservice  rpr=0.0000  low=188 high=0  elapsed_s=376  attempts=3  state=ON  metric=rpr
2026-10-08T12:17:48Z  OBSERVE  frontend->currencyservice  rpr=0.0000  low=216 high=0  elapsed_s=424  attempts=3  state=ON  metric=rpr
2026-10-08T12:17:48Z  OBSERVE  frontend->productcatalogservice  rpr=0.0000  low=216 high=0  elapsed_s=424  attempts=3  state=ON  metric=rpr
2026-10-08T12:17:48Z  OBSERVE  frontend->shippingservice  rpr=0.0000  low=215 high=0  elapsed_s=424  attempts=3  state=ON  metric=rpr
2026-10-08T12:17:48Z  OBSERVE  checkoutservice->cartservice  rpr=0.0000  low=213 high=0  elapsed_s=423  attempts=3  state=ON  metric=rpr
2026-10-08T12:17:48Z  OBSERVE  checkoutservice->currencyservice  rpr=0.0000  low=213 high=0  elapsed_s=423  attempts=3  state=ON  metric=rpr
2026-10-08T12:17:48Z  OBSERVE  checkoutservice->emailservice  rpr=0.0000  low=213 high=0  elapsed_s=423  attempts=3  state=ON  metric=rpr
2026-10-08T12:17:48Z  OBSERVE  checkoutservice->paymentservice  rpr=0.0000  low=213 high=0  elapsed_s=423  attempts=3  state=ON  metric=rpr
2026-10-08T12:17:48Z  OBSERVE  checkoutservice->shippingservice  rpr=0.0000  low=213 high=0  elapsed_s=423  attempts=3  state=ON  metric=rpr
2026-10-08T12:17:48Z  OBSERVE  recommendationservice->productcatalogservice  rpr=0.0000  low=216 high=0  elapsed_s=424  attempts=3  state=ON  metric=rpr
2026-10-08T12:17:48Z  OBSERVE  recommendationservice  rejection=0.2748  low=0 high=29  elapsed_s=56  state=OFF  metric=rejection
2026-10-08T12:17:50Z  OBSERVE  frontend->adservice  rpr=0.0000  low=216 high=0  elapsed_s=425  attempts=3  state=ON  metric=rpr
2026-10-08T12:17:50Z  OBSERVE  frontend->cartservice  rpr=0.0000  low=217 high=0  elapsed_s=426  attempts=3  state=ON  metric=rpr
2026-10-08T12:17:50Z  OBSERVE  frontend->checkoutservice  rpr=0.0000  low=189 high=0  elapsed_s=378  attempts=3  state=ON  metric=rpr
2026-10-08T12:17:50Z  OBSERVE  frontend->currencyservice  rpr=0.0000  low=217 high=0  elapsed_s=426  attempts=3  state=ON  metric=rpr
2026-10-08T12:17:50Z  OBSERVE  frontend->productcatalogservice  rpr=0.0000  low=217 high=0  elapsed_s=426  attempts=3  state=ON  metric=rpr
2026-10-08T12:17:50Z  OBSERVE  frontend->shippingservice  rpr=0.0000  low=216 high=0  elapsed_s=426  attempts=3  state=ON  metric=rpr
2026-10-08T12:17:50Z  OBSERVE  checkoutservice->cartservice  rpr=0.0000  low=214 high=0  elapsed_s=425  attempts=3  state=ON  metric=rpr
2026-10-08T12:17:50Z  OBSERVE  checkoutservice->currencyservice  rpr=0.0000  low=214 high=0  elapsed_s=425  attempts=3  state=ON  metric=rpr
2026-10-08T12:17:50Z  OBSERVE  checkoutservice->emailservice  rpr=0.0000  low=214 high=0  elapsed_s=425  attempts=3  state=ON  metric=rpr
2026-10-08T12:17:50Z  OBSERVE  checkoutservice->paymentservice  rpr=0.0000  low=214 high=0  elapsed_s=425  attempts=3  state=ON  metric=rpr
2026-10-08T12:17:50Z  OBSERVE  checkoutservice->shippingservice  rpr=0.0000  low=214 high=0  elapsed_s=425  attempts=3  state=ON  metric=rpr
2026-10-08T12:17:50Z  OBSERVE  recommendationservice->productcatalogservice  rpr=0.0000  low=217 high=0  elapsed_s=426  attempts=3  state=ON  metric=rpr
2026-10-08T12:17:50Z  OBSERVE  recommendationservice  rejection=0.2332  low=0 high=30  elapsed_s=58  state=OFF  metric=rejection
2026-10-08T12:17:52Z  OBSERVE  frontend->adservice  rpr=0.0000  low=217 high=0  elapsed_s=427  attempts=3  state=ON  metric=rpr
2026-10-08T12:17:52Z  OBSERVE  frontend->cartservice  rpr=0.0000  low=218 high=0  elapsed_s=428  attempts=3  state=ON  metric=rpr
2026-10-08T12:17:52Z  OBSERVE  frontend->checkoutservice  rpr=0.0000  low=190 high=0  elapsed_s=380  attempts=3  state=ON  metric=rpr
2026-10-08T12:17:52Z  OBSERVE  frontend->currencyservice  rpr=0.0000  low=218 high=0  elapsed_s=428  attempts=3  state=ON  metric=rpr
2026-10-08T12:17:52Z  OBSERVE  frontend->productcatalogservice  rpr=0.0000  low=218 high=0  elapsed_s=428  attempts=3  state=ON  metric=rpr
2026-10-08T12:17:52Z  OBSERVE  frontend->shippingservice  rpr=0.0000  low=217 high=0  elapsed_s=428  attempts=3  state=ON  metric=rpr
2026-10-08T12:17:52Z  OBSERVE  checkoutservice->cartservice  rpr=0.0000  low=215 high=0  elapsed_s=427  attempts=3  state=ON  metric=rpr
2026-10-08T12:17:52Z  OBSERVE  checkoutservice->currencyservice  rpr=0.0000  low=215 high=0  elapsed_s=427  attempts=3  state=ON  metric=rpr
2026-10-08T12:17:52Z  OBSERVE  checkoutservice->emailservice  rpr=0.0000  low=215 high=0  elapsed_s=427  attempts=3  state=ON  metric=rpr
2026-10-08T12:17:52Z  OBSERVE  checkoutservice->paymentservice  rpr=0.0000  low=215 high=0  elapsed_s=427  attempts=3  state=ON  metric=rpr
2026-10-08T12:17:52Z  OBSERVE  checkoutservice->shippingservice  rpr=0.0000  low=215 high=0  elapsed_s=427  attempts=3  state=ON  metric=rpr
2026-10-08T12:17:52Z  OBSERVE  recommendationservice->productcatalogservice  rpr=0.0000  low=218 high=0  elapsed_s=428  attempts=3  state=ON  metric=rpr
2026-10-08T12:17:52Z  OBSERVE  recommendationservice  rejection=0.2342  low=0 high=31  elapsed_s=60  state=OFF  metric=rejection
2026-10-08T12:17:54Z  OBSERVE  frontend->adservice  rpr=0.0000  low=218 high=0  elapsed_s=429  attempts=3  state=ON  metric=rpr
2026-10-08T12:17:54Z  OBSERVE  frontend->cartservice  rpr=0.0000  low=219 high=0  elapsed_s=430  attempts=3  state=ON  metric=rpr
2026-10-08T12:17:54Z  OBSERVE  frontend->checkoutservice  rpr=0.0000  low=191 high=0  elapsed_s=382  attempts=3  state=ON  metric=rpr
2026-10-08T12:17:54Z  OBSERVE  frontend->currencyservice  rpr=0.0000  low=219 high=0  elapsed_s=430  attempts=3  state=ON  metric=rpr
2026-10-08T12:17:54Z  OBSERVE  frontend->productcatalogservice  rpr=0.0000  low=219 high=0  elapsed_s=430  attempts=3  state=ON  metric=rpr
2026-10-08T12:17:54Z  OBSERVE  frontend->shippingservice  rpr=0.0000  low=218 high=0  elapsed_s=430  attempts=3  state=ON  metric=rpr
2026-10-08T12:17:54Z  OBSERVE  checkoutservice->cartservice  rpr=0.0000  low=216 high=0  elapsed_s=429  attempts=3  state=ON  metric=rpr
2026-10-08T12:17:54Z  OBSERVE  checkoutservice->currencyservice  rpr=0.0000  low=216 high=0  elapsed_s=429  attempts=3  state=ON  metric=rpr
2026-10-08T12:17:54Z  OBSERVE  checkoutservice->emailservice  rpr=0.0000  low=216 high=0  elapsed_s=429  attempts=3  state=ON  metric=rpr
2026-10-08T12:17:54Z  OBSERVE  checkoutservice->paymentservice  rpr=0.0000  low=216 high=0  elapsed_s=429  attempts=3  state=ON  metric=rpr
2026-10-08T12:17:54Z  OBSERVE  checkoutservice->shippingservice  rpr=0.0000  low=216 high=0  elapsed_s=429  attempts=3  state=ON  metric=rpr
2026-10-08T12:17:54Z  OBSERVE  recommendationservice->productcatalogservice  rpr=0.0000  low=219 high=0  elapsed_s=430  attempts=3  state=ON  metric=rpr
2026-10-08T12:17:54Z  OBSERVE  recommendationservice  rejection=0.2276  low=0 high=32  elapsed_s=62  state=OFF  metric=rejection
2026-10-08T12:17:56Z  OBSERVE  frontend->adservice  rpr=0.0000  low=219 high=0  elapsed_s=431  attempts=3  state=ON  metric=rpr
2026-10-08T12:17:56Z  OBSERVE  frontend->cartservice  rpr=0.0000  low=220 high=0  elapsed_s=432  attempts=3  state=ON  metric=rpr
2026-10-08T12:17:56Z  OBSERVE  frontend->checkoutservice  rpr=0.0000  low=192 high=0  elapsed_s=384  attempts=3  state=ON  metric=rpr
2026-10-08T12:17:56Z  OBSERVE  frontend->currencyservice  rpr=0.0000  low=220 high=0  elapsed_s=432  attempts=3  state=ON  metric=rpr
2026-10-08T12:17:56Z  OBSERVE  frontend->productcatalogservice  rpr=0.0000  low=220 high=0  elapsed_s=432  attempts=3  state=ON  metric=rpr
2026-10-08T12:17:56Z  OBSERVE  frontend->shippingservice  rpr=0.0000  low=219 high=0  elapsed_s=432  attempts=3  state=ON  metric=rpr
2026-10-08T12:17:56Z  OBSERVE  checkoutservice->cartservice  rpr=0.0000  low=217 high=0  elapsed_s=431  attempts=3  state=ON  metric=rpr
2026-10-08T12:17:56Z  OBSERVE  checkoutservice->currencyservice  rpr=0.0000  low=217 high=0  elapsed_s=431  attempts=3  state=ON  metric=rpr
2026-10-08T12:17:56Z  OBSERVE  checkoutservice->emailservice  rpr=0.0000  low=217 high=0  elapsed_s=431  attempts=3  state=ON  metric=rpr
2026-10-08T12:17:56Z  OBSERVE  checkoutservice->paymentservice  rpr=0.0000  low=217 high=0  elapsed_s=431  attempts=3  state=ON  metric=rpr
2026-10-08T12:17:56Z  OBSERVE  checkoutservice->shippingservice  rpr=0.0000  low=217 high=0  elapsed_s=431  attempts=3  state=ON  metric=rpr
2026-10-08T12:17:56Z  OBSERVE  recommendationservice->productcatalogservice  rpr=0.0000  low=220 high=0  elapsed_s=432  attempts=3  state=ON  metric=rpr
2026-10-08T12:17:56Z  OBSERVE  recommendationservice  rejection=0.1957  low=0 high=33  elapsed_s=64  state=OFF  metric=rejection
2026-10-08T12:17:58Z  OBSERVE  frontend->adservice  rpr=0.0000  low=220 high=0  elapsed_s=433  attempts=3  state=ON  metric=rpr
2026-10-08T12:17:58Z  OBSERVE  frontend->cartservice  rpr=0.0000  low=221 high=0  elapsed_s=434  attempts=3  state=ON  metric=rpr
2026-10-08T12:17:58Z  OBSERVE  frontend->checkoutservice  rpr=0.0000  low=193 high=0  elapsed_s=386  attempts=3  state=ON  metric=rpr
2026-10-08T12:17:58Z  OBSERVE  frontend->currencyservice  rpr=0.0000  low=221 high=0  elapsed_s=434  attempts=3  state=ON  metric=rpr
2026-10-08T12:17:58Z  OBSERVE  frontend->productcatalogservice  rpr=0.0000  low=221 high=0  elapsed_s=434  attempts=3  state=ON  metric=rpr
2026-10-08T12:17:58Z  OBSERVE  frontend->shippingservice  rpr=0.0000  low=220 high=0  elapsed_s=434  attempts=3  state=ON  metric=rpr
2026-10-08T12:17:58Z  OBSERVE  checkoutservice->cartservice  rpr=0.0000  low=218 high=0  elapsed_s=433  attempts=3  state=ON  metric=rpr
2026-10-08T12:17:58Z  OBSERVE  checkoutservice->currencyservice  rpr=0.0000  low=218 high=0  elapsed_s=433  attempts=3  state=ON  metric=rpr
2026-10-08T12:17:58Z  OBSERVE  checkoutservice->emailservice  rpr=0.0000  low=218 high=0  elapsed_s=433  attempts=3  state=ON  metric=rpr
2026-10-08T12:17:58Z  OBSERVE  checkoutservice->paymentservice  rpr=0.0000  low=218 high=0  elapsed_s=433  attempts=3  state=ON  metric=rpr
2026-10-08T12:17:58Z  OBSERVE  checkoutservice->shippingservice  rpr=0.0000  low=218 high=0  elapsed_s=433  attempts=3  state=ON  metric=rpr
2026-10-08T12:17:58Z  OBSERVE  recommendationservice->productcatalogservice  rpr=0.0000  low=221 high=0  elapsed_s=434  attempts=3  state=ON  metric=rpr
2026-10-08T12:17:58Z  OBSERVE  recommendationservice  rejection=0.2153  low=0 high=34  elapsed_s=66  state=OFF  metric=rejection
2026-10-08T12:18:00Z  OBSERVE  frontend->adservice  rpr=0.0000  low=221 high=0  elapsed_s=435  attempts=3  state=ON  metric=rpr
2026-10-08T12:18:00Z  OBSERVE  frontend->cartservice  rpr=0.0000  low=222 high=0  elapsed_s=436  attempts=3  state=ON  metric=rpr
2026-10-08T12:18:00Z  OBSERVE  frontend->checkoutservice  rpr=0.0000  low=194 high=0  elapsed_s=388  attempts=3  state=ON  metric=rpr
2026-10-08T12:18:00Z  OBSERVE  frontend->currencyservice  rpr=0.0000  low=222 high=0  elapsed_s=436  attempts=3  state=ON  metric=rpr
2026-10-08T12:18:00Z  OBSERVE  frontend->productcatalogservice  rpr=0.0000  low=222 high=0  elapsed_s=436  attempts=3  state=ON  metric=rpr
2026-10-08T12:18:00Z  OBSERVE  frontend->shippingservice  rpr=0.0000  low=221 high=0  elapsed_s=436  attempts=3  state=ON  metric=rpr
2026-10-08T12:18:00Z  OBSERVE  checkoutservice->cartservice  rpr=0.0000  low=219 high=0  elapsed_s=435  attempts=3  state=ON  metric=rpr
2026-10-08T12:18:00Z  OBSERVE  checkoutservice->currencyservice  rpr=0.0000  low=219 high=0  elapsed_s=435  attempts=3  state=ON  metric=rpr
2026-10-08T12:18:00Z  OBSERVE  checkoutservice->emailservice  rpr=0.0000  low=219 high=0  elapsed_s=435  attempts=3  state=ON  metric=rpr
2026-10-08T12:18:00Z  OBSERVE  checkoutservice->paymentservice  rpr=0.0000  low=219 high=0  elapsed_s=435  attempts=3  state=ON  metric=rpr
2026-10-08T12:18:00Z  OBSERVE  checkoutservice->shippingservice  rpr=0.0000  low=219 high=0  elapsed_s=435  attempts=3  state=ON  metric=rpr
2026-10-08T12:18:00Z  OBSERVE  recommendationservice->productcatalogservice  rpr=0.0000  low=222 high=0  elapsed_s=436  attempts=3  state=ON  metric=rpr
2026-10-08T12:18:00Z  OBSERVE  recommendationservice  rejection=0.2734  low=0 high=35  elapsed_s=68  state=OFF  metric=rejection
2026-10-08T12:18:02Z  OBSERVE  frontend->adservice  rpr=0.0000  low=222 high=0  elapsed_s=437  attempts=3  state=ON  metric=rpr
2026-10-08T12:18:02Z  OBSERVE  frontend->cartservice  rpr=0.0000  low=223 high=0  elapsed_s=438  attempts=3  state=ON  metric=rpr
2026-10-08T12:18:02Z  OBSERVE  frontend->checkoutservice  rpr=0.0000  low=195 high=0  elapsed_s=390  attempts=3  state=ON  metric=rpr
2026-10-08T12:18:02Z  OBSERVE  frontend->currencyservice  rpr=0.0000  low=223 high=0  elapsed_s=438  attempts=3  state=ON  metric=rpr
2026-10-08T12:18:02Z  OBSERVE  frontend->productcatalogservice  rpr=0.0000  low=223 high=0  elapsed_s=438  attempts=3  state=ON  metric=rpr
2026-10-08T12:18:02Z  OBSERVE  frontend->shippingservice  rpr=0.0000  low=222 high=0  elapsed_s=438  attempts=3  state=ON  metric=rpr
2026-10-08T12:18:02Z  OBSERVE  checkoutservice->cartservice  rpr=0.0000  low=220 high=0  elapsed_s=437  attempts=3  state=ON  metric=rpr
2026-10-08T12:18:02Z  OBSERVE  checkoutservice->currencyservice  rpr=0.0000  low=220 high=0  elapsed_s=437  attempts=3  state=ON  metric=rpr
2026-10-08T12:18:02Z  OBSERVE  checkoutservice->emailservice  rpr=0.0000  low=220 high=0  elapsed_s=437  attempts=3  state=ON  metric=rpr
2026-10-08T12:18:02Z  OBSERVE  checkoutservice->paymentservice  rpr=0.0000  low=220 high=0  elapsed_s=437  attempts=3  state=ON  metric=rpr
2026-10-08T12:18:02Z  OBSERVE  checkoutservice->shippingservice  rpr=0.0000  low=220 high=0  elapsed_s=437  attempts=3  state=ON  metric=rpr
2026-10-08T12:18:02Z  OBSERVE  recommendationservice->productcatalogservice  rpr=0.0000  low=223 high=0  elapsed_s=438  attempts=3  state=ON  metric=rpr
2026-10-08T12:18:02Z  OBSERVE  recommendationservice  rejection=0.3115  low=0 high=36  elapsed_s=70  state=OFF  metric=rejection
2026-10-08T12:18:04Z  OBSERVE  frontend->adservice  rpr=0.0000  low=223 high=0  elapsed_s=439  attempts=3  state=ON  metric=rpr
2026-10-08T12:18:04Z  OBSERVE  frontend->cartservice  rpr=0.0000  low=224 high=0  elapsed_s=440  attempts=3  state=ON  metric=rpr
2026-10-08T12:18:04Z  OBSERVE  frontend->checkoutservice  rpr=0.0000  low=196 high=0  elapsed_s=392  attempts=3  state=ON  metric=rpr
2026-10-08T12:18:04Z  OBSERVE  frontend->currencyservice  rpr=0.0000  low=224 high=0  elapsed_s=440  attempts=3  state=ON  metric=rpr
2026-10-08T12:18:04Z  OBSERVE  frontend->productcatalogservice  rpr=0.0000  low=224 high=0  elapsed_s=440  attempts=3  state=ON  metric=rpr
2026-10-08T12:18:04Z  OBSERVE  frontend->shippingservice  rpr=0.0000  low=223 high=0  elapsed_s=440  attempts=3  state=ON  metric=rpr
2026-10-08T12:18:04Z  OBSERVE  checkoutservice->cartservice  rpr=0.0000  low=221 high=0  elapsed_s=439  attempts=3  state=ON  metric=rpr
2026-10-08T12:18:04Z  OBSERVE  checkoutservice->currencyservice  rpr=0.0000  low=221 high=0  elapsed_s=439  attempts=3  state=ON  metric=rpr
2026-10-08T12:18:04Z  OBSERVE  checkoutservice->emailservice  rpr=0.0000  low=221 high=0  elapsed_s=439  attempts=3  state=ON  metric=rpr
2026-10-08T12:18:04Z  OBSERVE  checkoutservice->paymentservice  rpr=0.0000  low=221 high=0  elapsed_s=439  attempts=3  state=ON  metric=rpr
2026-10-08T12:18:04Z  OBSERVE  checkoutservice->shippingservice  rpr=0.0000  low=221 high=0  elapsed_s=439  attempts=3  state=ON  metric=rpr
2026-10-08T12:18:04Z  OBSERVE  recommendationservice->productcatalogservice  rpr=0.0000  low=224 high=0  elapsed_s=440  attempts=3  state=ON  metric=rpr
2026-10-08T12:18:04Z  OBSERVE  recommendationservice  rejection=0.3958  low=0 high=37  elapsed_s=72  state=OFF  metric=rejection
2026-10-08T12:18:06Z  OBSERVE  frontend->adservice  rpr=0.0000  low=224 high=0  elapsed_s=441  attempts=3  state=ON  metric=rpr
2026-10-08T12:18:06Z  OBSERVE  frontend->cartservice  rpr=0.0000  low=225 high=0  elapsed_s=442  attempts=3  state=ON  metric=rpr
2026-10-08T12:18:06Z  OBSERVE  frontend->checkoutservice  rpr=0.0000  low=197 high=0  elapsed_s=394  attempts=3  state=ON  metric=rpr
2026-10-08T12:18:06Z  OBSERVE  frontend->currencyservice  rpr=0.0000  low=225 high=0  elapsed_s=442  attempts=3  state=ON  metric=rpr
2026-10-08T12:18:06Z  OBSERVE  frontend->productcatalogservice  rpr=0.0000  low=225 high=0  elapsed_s=442  attempts=3  state=ON  metric=rpr
2026-10-08T12:18:06Z  OBSERVE  frontend->shippingservice  rpr=0.0000  low=224 high=0  elapsed_s=442  attempts=3  state=ON  metric=rpr
2026-10-08T12:18:06Z  OBSERVE  checkoutservice->cartservice  rpr=0.0000  low=222 high=0  elapsed_s=441  attempts=3  state=ON  metric=rpr
2026-10-08T12:18:06Z  OBSERVE  checkoutservice->currencyservice  rpr=0.0000  low=222 high=0  elapsed_s=441  attempts=3  state=ON  metric=rpr
2026-10-08T12:18:06Z  OBSERVE  checkoutservice->emailservice  rpr=0.0000  low=222 high=0  elapsed_s=441  attempts=3  state=ON  metric=rpr
2026-10-08T12:18:06Z  OBSERVE  checkoutservice->paymentservice  rpr=0.0000  low=222 high=0  elapsed_s=441  attempts=3  state=ON  metric=rpr
2026-10-08T12:18:06Z  OBSERVE  checkoutservice->shippingservice  rpr=0.0000  low=222 high=0  elapsed_s=441  attempts=3  state=ON  metric=rpr
2026-10-08T12:18:06Z  OBSERVE  recommendationservice->productcatalogservice  rpr=0.0000  low=225 high=0  elapsed_s=442  attempts=3  state=ON  metric=rpr
2026-10-08T12:18:06Z  OBSERVE  recommendationservice  rejection=0.1961  low=0 high=38  elapsed_s=74  state=OFF  metric=rejection
2026-10-08T12:18:08Z  OBSERVE  frontend->adservice  rpr=0.0000  low=225 high=0  elapsed_s=443  attempts=3  state=ON  metric=rpr
2026-10-08T12:18:08Z  OBSERVE  frontend->cartservice  rpr=0.0000  low=226 high=0  elapsed_s=444  attempts=3  state=ON  metric=rpr
2026-10-08T12:18:08Z  OBSERVE  frontend->checkoutservice  rpr=0.0000  low=198 high=0  elapsed_s=396  attempts=3  state=ON  metric=rpr
2026-10-08T12:18:08Z  OBSERVE  frontend->currencyservice  rpr=0.0000  low=226 high=0  elapsed_s=444  attempts=3  state=ON  metric=rpr
2026-10-08T12:18:08Z  OBSERVE  frontend->productcatalogservice  rpr=0.0000  low=226 high=0  elapsed_s=444  attempts=3  state=ON  metric=rpr
2026-10-08T12:18:08Z  OBSERVE  frontend->shippingservice  rpr=0.0000  low=225 high=0  elapsed_s=444  attempts=3  state=ON  metric=rpr
2026-10-08T12:18:08Z  OBSERVE  checkoutservice->cartservice  rpr=0.0000  low=223 high=0  elapsed_s=443  attempts=3  state=ON  metric=rpr
2026-10-08T12:18:08Z  OBSERVE  checkoutservice->currencyservice  rpr=0.0000  low=223 high=0  elapsed_s=443  attempts=3  state=ON  metric=rpr
2026-10-08T12:18:08Z  OBSERVE  checkoutservice->emailservice  rpr=0.0000  low=223 high=0  elapsed_s=443  attempts=3  state=ON  metric=rpr
2026-10-08T12:18:08Z  OBSERVE  checkoutservice->paymentservice  rpr=0.0000  low=223 high=0  elapsed_s=443  attempts=3  state=ON  metric=rpr
2026-10-08T12:18:08Z  OBSERVE  checkoutservice->shippingservice  rpr=0.0000  low=223 high=0  elapsed_s=443  attempts=3  state=ON  metric=rpr
2026-10-08T12:18:08Z  OBSERVE  recommendationservice->productcatalogservice  rpr=0.0000  low=226 high=0  elapsed_s=444  attempts=3  state=ON  metric=rpr
2026-10-08T12:18:08Z  OBSERVE  recommendationservice  rejection=0.3522  low=0 high=39  elapsed_s=76  state=OFF  metric=rejection
2026-10-08T12:18:09Z  OBSERVE  frontend->adservice  rpr=0.0000  low=226 high=0  elapsed_s=445  attempts=3  state=ON  metric=rpr
2026-10-08T12:18:09Z  OBSERVE  frontend->cartservice  rpr=0.0000  low=227 high=0  elapsed_s=446  attempts=3  state=ON  metric=rpr
2026-10-08T12:18:09Z  OBSERVE  frontend->checkoutservice  rpr=0.0000  low=199 high=0  elapsed_s=398  attempts=3  state=ON  metric=rpr
2026-10-08T12:18:09Z  OBSERVE  frontend->currencyservice  rpr=0.0000  low=227 high=0  elapsed_s=446  attempts=3  state=ON  metric=rpr
2026-10-08T12:18:09Z  OBSERVE  frontend->productcatalogservice  rpr=0.0000  low=227 high=0  elapsed_s=446  attempts=3  state=ON  metric=rpr
2026-10-08T12:18:09Z  OBSERVE  frontend->shippingservice  rpr=0.0000  low=226 high=0  elapsed_s=446  attempts=3  state=ON  metric=rpr
2026-10-08T12:18:09Z  OBSERVE  checkoutservice->cartservice  rpr=0.0000  low=224 high=0  elapsed_s=445  attempts=3  state=ON  metric=rpr
2026-10-08T12:18:09Z  OBSERVE  checkoutservice->currencyservice  rpr=0.0000  low=224 high=0  elapsed_s=445  attempts=3  state=ON  metric=rpr
2026-10-08T12:18:09Z  OBSERVE  checkoutservice->emailservice  rpr=0.0000  low=224 high=0  elapsed_s=445  attempts=3  state=ON  metric=rpr
2026-10-08T12:18:09Z  OBSERVE  checkoutservice->paymentservice  rpr=0.0000  low=224 high=0  elapsed_s=445  attempts=3  state=ON  metric=rpr
2026-10-08T12:18:09Z  OBSERVE  checkoutservice->shippingservice  rpr=0.0000  low=224 high=0  elapsed_s=445  attempts=3  state=ON  metric=rpr
2026-10-08T12:18:09Z  OBSERVE  recommendationservice->productcatalogservice  rpr=0.0000  low=227 high=0  elapsed_s=446  attempts=3  state=ON  metric=rpr
2026-10-08T12:18:09Z  OBSERVE  recommendationservice  rejection=0.3655  low=0 high=40  elapsed_s=78  state=OFF  metric=rejection
2026-10-08T12:18:12Z  OBSERVE  frontend->adservice  rpr=0.0000  low=227 high=0  elapsed_s=447  attempts=3  state=ON  metric=rpr
2026-10-08T12:18:12Z  OBSERVE  frontend->cartservice  rpr=0.0000  low=228 high=0  elapsed_s=448  attempts=3  state=ON  metric=rpr
2026-10-08T12:18:12Z  OBSERVE  frontend->checkoutservice  rpr=0.0000  low=200 high=0  elapsed_s=400  attempts=3  state=ON  metric=rpr
2026-10-08T12:18:12Z  OBSERVE  frontend->currencyservice  rpr=0.0000  low=228 high=0  elapsed_s=448  attempts=3  state=ON  metric=rpr
2026-10-08T12:18:12Z  OBSERVE  frontend->productcatalogservice  rpr=0.0000  low=228 high=0  elapsed_s=448  attempts=3  state=ON  metric=rpr
2026-10-08T12:18:12Z  OBSERVE  frontend->shippingservice  rpr=0.0000  low=227 high=0  elapsed_s=448  attempts=3  state=ON  metric=rpr
2026-10-08T12:18:12Z  OBSERVE  checkoutservice->cartservice  rpr=0.0000  low=225 high=0  elapsed_s=447  attempts=3  state=ON  metric=rpr
2026-10-08T12:18:12Z  OBSERVE  checkoutservice->currencyservice  rpr=0.0000  low=225 high=0  elapsed_s=447  attempts=3  state=ON  metric=rpr
2026-10-08T12:18:12Z  OBSERVE  checkoutservice->emailservice  rpr=0.0000  low=225 high=0  elapsed_s=447  attempts=3  state=ON  metric=rpr
2026-10-08T12:18:12Z  OBSERVE  checkoutservice->paymentservice  rpr=0.0000  low=225 high=0  elapsed_s=447  attempts=3  state=ON  metric=rpr
2026-10-08T12:18:12Z  OBSERVE  checkoutservice->shippingservice  rpr=0.0000  low=225 high=0  elapsed_s=447  attempts=3  state=ON  metric=rpr
2026-10-08T12:18:12Z  OBSERVE  recommendationservice->productcatalogservice  rpr=0.0000  low=228 high=0  elapsed_s=448  attempts=3  state=ON  metric=rpr
2026-10-08T12:18:12Z  OBSERVE  recommendationservice  rejection=0.3246  low=0 high=41  elapsed_s=80  state=OFF  metric=rejection
2026-10-08T12:18:13Z  OBSERVE  frontend->adservice  rpr=0.0000  low=228 high=0  elapsed_s=449  attempts=3  state=ON  metric=rpr
2026-10-08T12:18:13Z  OBSERVE  frontend->cartservice  rpr=0.0000  low=229 high=0  elapsed_s=450  attempts=3  state=ON  metric=rpr
2026-10-08T12:18:13Z  OBSERVE  frontend->checkoutservice  rpr=0.0000  low=201 high=0  elapsed_s=402  attempts=3  state=ON  metric=rpr
2026-10-08T12:18:13Z  OBSERVE  frontend->currencyservice  rpr=0.0000  low=229 high=0  elapsed_s=450  attempts=3  state=ON  metric=rpr
2026-10-08T12:18:13Z  OBSERVE  frontend->productcatalogservice  rpr=0.0000  low=229 high=0  elapsed_s=450  attempts=3  state=ON  metric=rpr
2026-10-08T12:18:13Z  OBSERVE  frontend->shippingservice  rpr=0.0000  low=228 high=0  elapsed_s=450  attempts=3  state=ON  metric=rpr
2026-10-08T12:18:13Z  OBSERVE  checkoutservice->cartservice  rpr=0.0000  low=226 high=0  elapsed_s=449  attempts=3  state=ON  metric=rpr
2026-10-08T12:18:13Z  OBSERVE  checkoutservice->currencyservice  rpr=0.0000  low=226 high=0  elapsed_s=449  attempts=3  state=ON  metric=rpr
2026-10-08T12:18:13Z  OBSERVE  checkoutservice->emailservice  rpr=0.0000  low=226 high=0  elapsed_s=449  attempts=3  state=ON  metric=rpr
2026-10-08T12:18:13Z  OBSERVE  checkoutservice->paymentservice  rpr=0.0000  low=226 high=0  elapsed_s=449  attempts=3  state=ON  metric=rpr
2026-10-08T12:18:13Z  OBSERVE  checkoutservice->shippingservice  rpr=0.0000  low=226 high=0  elapsed_s=449  attempts=3  state=ON  metric=rpr
2026-10-08T12:18:13Z  OBSERVE  recommendationservice->productcatalogservice  rpr=0.0000  low=229 high=0  elapsed_s=450  attempts=3  state=ON  metric=rpr
2026-10-08T12:18:13Z  OBSERVE  recommendationservice  rejection=0.1733  low=0 high=42  elapsed_s=82  state=OFF  metric=rejection
2026-10-08T12:18:15Z  OBSERVE  frontend->adservice  rpr=0.0000  low=229 high=0  elapsed_s=451  attempts=3  state=ON  metric=rpr
2026-10-08T12:18:15Z  OBSERVE  frontend->cartservice  rpr=0.0000  low=230 high=0  elapsed_s=452  attempts=3  state=ON  metric=rpr
2026-10-08T12:18:15Z  OBSERVE  frontend->checkoutservice  rpr=0.0000  low=202 high=0  elapsed_s=404  attempts=3  state=ON  metric=rpr
2026-10-08T12:18:15Z  OBSERVE  frontend->currencyservice  rpr=0.0000  low=230 high=0  elapsed_s=452  attempts=3  state=ON  metric=rpr
2026-10-08T12:18:15Z  OBSERVE  frontend->productcatalogservice  rpr=0.0000  low=230 high=0  elapsed_s=452  attempts=3  state=ON  metric=rpr
2026-10-08T12:18:15Z  OBSERVE  frontend->shippingservice  rpr=0.0000  low=229 high=0  elapsed_s=452  attempts=3  state=ON  metric=rpr
2026-10-08T12:18:15Z  OBSERVE  checkoutservice->cartservice  rpr=0.0000  low=227 high=0  elapsed_s=451  attempts=3  state=ON  metric=rpr
2026-10-08T12:18:15Z  OBSERVE  checkoutservice->currencyservice  rpr=0.0000  low=227 high=0  elapsed_s=451  attempts=3  state=ON  metric=rpr
2026-10-08T12:18:15Z  OBSERVE  checkoutservice->emailservice  rpr=0.0000  low=227 high=0  elapsed_s=451  attempts=3  state=ON  metric=rpr
2026-10-08T12:18:15Z  OBSERVE  checkoutservice->paymentservice  rpr=0.0000  low=227 high=0  elapsed_s=451  attempts=3  state=ON  metric=rpr
2026-10-08T12:18:15Z  OBSERVE  checkoutservice->shippingservice  rpr=0.0000  low=227 high=0  elapsed_s=451  attempts=3  state=ON  metric=rpr
2026-10-08T12:18:15Z  OBSERVE  recommendationservice->productcatalogservice  rpr=0.0000  low=230 high=0  elapsed_s=452  attempts=3  state=ON  metric=rpr
2026-10-08T12:18:15Z  OBSERVE  recommendationservice  rejection=0.2009  low=0 high=43  elapsed_s=84  state=OFF  metric=rejection
2026-10-08T12:18:18Z  OBSERVE  frontend->adservice  rpr=0.0000  low=230 high=0  elapsed_s=453  attempts=3  state=ON  metric=rpr
2026-10-08T12:18:18Z  OBSERVE  frontend->cartservice  rpr=0.0000  low=231 high=0  elapsed_s=454  attempts=3  state=ON  metric=rpr
2026-10-08T12:18:18Z  OBSERVE  frontend->checkoutservice  rpr=0.0000  low=203 high=0  elapsed_s=406  attempts=3  state=ON  metric=rpr
2026-10-08T12:18:18Z  OBSERVE  frontend->currencyservice  rpr=0.0000  low=231 high=0  elapsed_s=454  attempts=3  state=ON  metric=rpr
2026-10-08T12:18:18Z  OBSERVE  frontend->productcatalogservice  rpr=0.0000  low=231 high=0  elapsed_s=454  attempts=3  state=ON  metric=rpr
2026-10-08T12:18:18Z  OBSERVE  frontend->shippingservice  rpr=0.0000  low=230 high=0  elapsed_s=454  attempts=3  state=ON  metric=rpr
2026-10-08T12:18:18Z  OBSERVE  checkoutservice->cartservice  rpr=0.0000  low=228 high=0  elapsed_s=453  attempts=3  state=ON  metric=rpr
2026-10-08T12:18:18Z  OBSERVE  checkoutservice->currencyservice  rpr=0.0000  low=228 high=0  elapsed_s=453  attempts=3  state=ON  metric=rpr
2026-10-08T12:18:18Z  OBSERVE  checkoutservice->emailservice  rpr=0.0000  low=228 high=0  elapsed_s=453  attempts=3  state=ON  metric=rpr
2026-10-08T12:18:18Z  OBSERVE  checkoutservice->paymentservice  rpr=0.0000  low=228 high=0  elapsed_s=453  attempts=3  state=ON  metric=rpr
2026-10-08T12:18:18Z  OBSERVE  checkoutservice->shippingservice  rpr=0.0000  low=228 high=0  elapsed_s=453  attempts=3  state=ON  metric=rpr
2026-10-08T12:18:18Z  OBSERVE  recommendationservice->productcatalogservice  rpr=0.0000  low=231 high=0  elapsed_s=454  attempts=3  state=ON  metric=rpr
2026-10-08T12:18:18Z  OBSERVE  recommendationservice  rejection=0.3920  low=0 high=44  elapsed_s=86  state=OFF  metric=rejection
2026-10-08T12:18:19Z  OBSERVE  frontend->adservice  rpr=0.0000  low=231 high=0  elapsed_s=455  attempts=3  state=ON  metric=rpr
2026-10-08T12:18:19Z  OBSERVE  frontend->cartservice  rpr=0.0000  low=232 high=0  elapsed_s=456  attempts=3  state=ON  metric=rpr
2026-10-08T12:18:19Z  OBSERVE  frontend->checkoutservice  rpr=0.0000  low=204 high=0  elapsed_s=408  attempts=3  state=ON  metric=rpr
2026-10-08T12:18:19Z  OBSERVE  frontend->currencyservice  rpr=0.0000  low=232 high=0  elapsed_s=456  attempts=3  state=ON  metric=rpr
2026-10-08T12:18:19Z  OBSERVE  frontend->productcatalogservice  rpr=0.0000  low=232 high=0  elapsed_s=456  attempts=3  state=ON  metric=rpr
2026-10-08T12:18:19Z  OBSERVE  frontend->shippingservice  rpr=0.0000  low=231 high=0  elapsed_s=456  attempts=3  state=ON  metric=rpr
2026-10-08T12:18:19Z  OBSERVE  checkoutservice->cartservice  rpr=0.0000  low=229 high=0  elapsed_s=455  attempts=3  state=ON  metric=rpr
2026-10-08T12:18:19Z  OBSERVE  checkoutservice->currencyservice  rpr=0.0000  low=229 high=0  elapsed_s=455  attempts=3  state=ON  metric=rpr
2026-10-08T12:18:19Z  OBSERVE  checkoutservice->emailservice  rpr=0.0000  low=229 high=0  elapsed_s=455  attempts=3  state=ON  metric=rpr
2026-10-08T12:18:19Z  OBSERVE  checkoutservice->paymentservice  rpr=0.0000  low=229 high=0  elapsed_s=455  attempts=3  state=ON  metric=rpr
2026-10-08T12:18:19Z  OBSERVE  checkoutservice->shippingservice  rpr=0.0000  low=229 high=0  elapsed_s=455  attempts=3  state=ON  metric=rpr
2026-10-08T12:18:19Z  OBSERVE  recommendationservice->productcatalogservice  rpr=0.0000  low=232 high=0  elapsed_s=456  attempts=3  state=ON  metric=rpr
2026-10-08T12:18:19Z  OBSERVE  recommendationservice  rejection=0.2268  low=0 high=45  elapsed_s=88  state=OFF  metric=rejection
2026-10-08T12:18:22Z  OBSERVE  frontend->adservice  rpr=0.0000  low=232 high=0  elapsed_s=457  attempts=3  state=ON  metric=rpr
2026-10-08T12:18:22Z  OBSERVE  frontend->cartservice  rpr=0.0000  low=233 high=0  elapsed_s=458  attempts=3  state=ON  metric=rpr
2026-10-08T12:18:22Z  OBSERVE  frontend->checkoutservice  rpr=0.0000  low=205 high=0  elapsed_s=410  attempts=3  state=ON  metric=rpr
2026-10-08T12:18:22Z  OBSERVE  frontend->currencyservice  rpr=0.0000  low=233 high=0  elapsed_s=458  attempts=3  state=ON  metric=rpr
2026-10-08T12:18:22Z  OBSERVE  frontend->productcatalogservice  rpr=0.0000  low=233 high=0  elapsed_s=458  attempts=3  state=ON  metric=rpr
2026-10-08T12:18:22Z  OBSERVE  frontend->shippingservice  rpr=0.0000  low=232 high=0  elapsed_s=458  attempts=3  state=ON  metric=rpr
2026-10-08T12:18:22Z  OBSERVE  checkoutservice->cartservice  rpr=0.0000  low=230 high=0  elapsed_s=457  attempts=3  state=ON  metric=rpr
2026-10-08T12:18:22Z  OBSERVE  checkoutservice->currencyservice  rpr=0.0000  low=230 high=0  elapsed_s=457  attempts=3  state=ON  metric=rpr
2026-10-08T12:18:22Z  OBSERVE  checkoutservice->emailservice  rpr=0.0000  low=230 high=0  elapsed_s=457  attempts=3  state=ON  metric=rpr
2026-10-08T12:18:22Z  OBSERVE  checkoutservice->paymentservice  rpr=0.0000  low=230 high=0  elapsed_s=457  attempts=3  state=ON  metric=rpr
2026-10-08T12:18:22Z  OBSERVE  checkoutservice->shippingservice  rpr=0.0000  low=230 high=0  elapsed_s=457  attempts=3  state=ON  metric=rpr
2026-10-08T12:18:22Z  OBSERVE  recommendationservice->productcatalogservice  rpr=0.0000  low=233 high=0  elapsed_s=458  attempts=3  state=ON  metric=rpr
2026-10-08T12:18:22Z  OBSERVE  recommendationservice  rejection=0.4186  low=0 high=46  elapsed_s=90  state=OFF  metric=rejection
2026-10-08T12:18:23Z  OBSERVE  frontend->adservice  rpr=0.0000  low=233 high=0  elapsed_s=459  attempts=3  state=ON  metric=rpr
2026-10-08T12:18:23Z  OBSERVE  frontend->cartservice  rpr=0.0000  low=234 high=0  elapsed_s=460  attempts=3  state=ON  metric=rpr
2026-10-08T12:18:23Z  OBSERVE  frontend->checkoutservice  rpr=0.0000  low=206 high=0  elapsed_s=412  attempts=3  state=ON  metric=rpr
2026-10-08T12:18:23Z  OBSERVE  frontend->currencyservice  rpr=0.0000  low=234 high=0  elapsed_s=460  attempts=3  state=ON  metric=rpr
2026-10-08T12:18:23Z  OBSERVE  frontend->productcatalogservice  rpr=0.0000  low=234 high=0  elapsed_s=460  attempts=3  state=ON  metric=rpr
2026-10-08T12:18:23Z  OBSERVE  frontend->shippingservice  rpr=0.0000  low=233 high=0  elapsed_s=460  attempts=3  state=ON  metric=rpr
2026-10-08T12:18:23Z  OBSERVE  checkoutservice->cartservice  rpr=0.0000  low=231 high=0  elapsed_s=459  attempts=3  state=ON  metric=rpr
2026-10-08T12:18:23Z  OBSERVE  checkoutservice->currencyservice  rpr=0.0000  low=231 high=0  elapsed_s=459  attempts=3  state=ON  metric=rpr
2026-10-08T12:18:23Z  OBSERVE  checkoutservice->emailservice  rpr=0.0000  low=231 high=0  elapsed_s=459  attempts=3  state=ON  metric=rpr
2026-10-08T12:18:23Z  OBSERVE  checkoutservice->paymentservice  rpr=0.0000  low=231 high=0  elapsed_s=459  attempts=3  state=ON  metric=rpr
2026-10-08T12:18:23Z  OBSERVE  checkoutservice->shippingservice  rpr=0.0000  low=231 high=0  elapsed_s=459  attempts=3  state=ON  metric=rpr
2026-10-08T12:18:23Z  OBSERVE  recommendationservice->productcatalogservice  rpr=0.0000  low=234 high=0  elapsed_s=460  attempts=3  state=ON  metric=rpr
2026-10-08T12:18:23Z  OBSERVE  recommendationservice  rejection=0.3639  low=0 high=47  elapsed_s=92  state=OFF  metric=rejection
2026-10-08T12:18:25Z  OBSERVE  frontend->adservice  rpr=0.0000  low=234 high=0  elapsed_s=461  attempts=3  state=ON  metric=rpr
2026-10-08T12:18:25Z  OBSERVE  frontend->cartservice  rpr=0.0000  low=235 high=0  elapsed_s=462  attempts=3  state=ON  metric=rpr
2026-10-08T12:18:25Z  OBSERVE  frontend->checkoutservice  rpr=0.0000  low=207 high=0  elapsed_s=414  attempts=3  state=ON  metric=rpr
2026-10-08T12:18:25Z  OBSERVE  frontend->currencyservice  rpr=0.0000  low=235 high=0  elapsed_s=462  attempts=3  state=ON  metric=rpr
2026-10-08T12:18:25Z  OBSERVE  frontend->productcatalogservice  rpr=0.0000  low=235 high=0  elapsed_s=462  attempts=3  state=ON  metric=rpr
2026-10-08T12:18:25Z  OBSERVE  frontend->shippingservice  rpr=0.0000  low=234 high=0  elapsed_s=462  attempts=3  state=ON  metric=rpr
2026-10-08T12:18:25Z  OBSERVE  checkoutservice->cartservice  rpr=0.0000  low=232 high=0  elapsed_s=461  attempts=3  state=ON  metric=rpr
2026-10-08T12:18:25Z  OBSERVE  checkoutservice->currencyservice  rpr=0.0000  low=232 high=0  elapsed_s=461  attempts=3  state=ON  metric=rpr
2026-10-08T12:18:25Z  OBSERVE  checkoutservice->emailservice  rpr=0.0000  low=232 high=0  elapsed_s=461  attempts=3  state=ON  metric=rpr
2026-10-08T12:18:25Z  OBSERVE  checkoutservice->paymentservice  rpr=0.0000  low=232 high=0  elapsed_s=461  attempts=3  state=ON  metric=rpr
2026-10-08T12:18:25Z  OBSERVE  checkoutservice->shippingservice  rpr=0.0000  low=232 high=0  elapsed_s=461  attempts=3  state=ON  metric=rpr
2026-10-08T12:18:25Z  OBSERVE  recommendationservice->productcatalogservice  rpr=0.0000  low=235 high=0  elapsed_s=462  attempts=3  state=ON  metric=rpr
2026-10-08T12:18:25Z  OBSERVE  recommendationservice  rejection=0.2602  low=0 high=48  elapsed_s=94  state=OFF  metric=rejection
2026-10-08T12:18:27Z  OBSERVE  frontend->adservice  rpr=0.0000  low=235 high=0  elapsed_s=463  attempts=3  state=ON  metric=rpr
2026-10-08T12:18:27Z  OBSERVE  frontend->cartservice  rpr=0.0000  low=236 high=0  elapsed_s=464  attempts=3  state=ON  metric=rpr
2026-10-08T12:18:27Z  OBSERVE  frontend->checkoutservice  rpr=0.0000  low=208 high=0  elapsed_s=416  attempts=3  state=ON  metric=rpr
2026-10-08T12:18:27Z  OBSERVE  frontend->currencyservice  rpr=0.0000  low=236 high=0  elapsed_s=464  attempts=3  state=ON  metric=rpr
2026-10-08T12:18:27Z  OBSERVE  frontend->productcatalogservice  rpr=0.0000  low=236 high=0  elapsed_s=464  attempts=3  state=ON  metric=rpr
2026-10-08T12:18:27Z  OBSERVE  frontend->shippingservice  rpr=0.0000  low=235 high=0  elapsed_s=464  attempts=3  state=ON  metric=rpr
2026-10-08T12:18:27Z  OBSERVE  checkoutservice->cartservice  rpr=0.0000  low=233 high=0  elapsed_s=463  attempts=3  state=ON  metric=rpr
2026-10-08T12:18:27Z  OBSERVE  checkoutservice->currencyservice  rpr=0.0000  low=233 high=0  elapsed_s=463  attempts=3  state=ON  metric=rpr
2026-10-08T12:18:27Z  OBSERVE  checkoutservice->emailservice  rpr=0.0000  low=233 high=0  elapsed_s=463  attempts=3  state=ON  metric=rpr
2026-10-08T12:18:27Z  OBSERVE  checkoutservice->paymentservice  rpr=0.0000  low=233 high=0  elapsed_s=463  attempts=3  state=ON  metric=rpr
2026-10-08T12:18:27Z  OBSERVE  checkoutservice->shippingservice  rpr=0.0000  low=233 high=0  elapsed_s=463  attempts=3  state=ON  metric=rpr
2026-10-08T12:18:27Z  OBSERVE  recommendationservice->productcatalogservice  rpr=0.0000  low=236 high=0  elapsed_s=464  attempts=3  state=ON  metric=rpr
2026-10-08T12:18:27Z  OBSERVE  recommendationservice  rejection=0.7381  low=0 high=49  elapsed_s=96  state=OFF  metric=rejection
2026-10-08T12:18:29Z  OBSERVE  frontend->adservice  rpr=0.0000  low=236 high=0  elapsed_s=465  attempts=3  state=ON  metric=rpr
2026-10-08T12:18:29Z  OBSERVE  frontend->cartservice  rpr=0.0000  low=237 high=0  elapsed_s=466  attempts=3  state=ON  metric=rpr
2026-10-08T12:18:29Z  OBSERVE  frontend->checkoutservice  rpr=0.0000  low=209 high=0  elapsed_s=418  attempts=3  state=ON  metric=rpr
2026-10-08T12:18:29Z  OBSERVE  frontend->currencyservice  rpr=0.0000  low=237 high=0  elapsed_s=466  attempts=3  state=ON  metric=rpr
2026-10-08T12:18:29Z  OBSERVE  frontend->productcatalogservice  rpr=0.0000  low=237 high=0  elapsed_s=466  attempts=3  state=ON  metric=rpr
2026-10-08T12:18:29Z  OBSERVE  frontend->shippingservice  rpr=0.0000  low=236 high=0  elapsed_s=466  attempts=3  state=ON  metric=rpr
2026-10-08T12:18:29Z  OBSERVE  checkoutservice->cartservice  rpr=0.0000  low=234 high=0  elapsed_s=465  attempts=3  state=ON  metric=rpr
2026-10-08T12:18:29Z  OBSERVE  checkoutservice->currencyservice  rpr=0.0000  low=234 high=0  elapsed_s=465  attempts=3  state=ON  metric=rpr
2026-10-08T12:18:29Z  OBSERVE  checkoutservice->emailservice  rpr=0.0000  low=234 high=0  elapsed_s=465  attempts=3  state=ON  metric=rpr
2026-10-08T12:18:29Z  OBSERVE  checkoutservice->paymentservice  rpr=0.0000  low=234 high=0  elapsed_s=465  attempts=3  state=ON  metric=rpr
2026-10-08T12:18:29Z  OBSERVE  checkoutservice->shippingservice  rpr=0.0000  low=234 high=0  elapsed_s=465  attempts=3  state=ON  metric=rpr
2026-10-08T12:18:29Z  OBSERVE  recommendationservice->productcatalogservice  rpr=0.0000  low=237 high=0  elapsed_s=466  attempts=3  state=ON  metric=rpr
2026-10-08T12:18:29Z  OBSERVE  recommendationservice  rejection=0.5847  low=0 high=50  elapsed_s=98  state=OFF  metric=rejection
2026-10-08T12:18:31Z  OBSERVE  frontend->adservice  rpr=0.0000  low=237 high=0  elapsed_s=467  attempts=3  state=ON  metric=rpr
2026-10-08T12:18:31Z  OBSERVE  frontend->cartservice  rpr=0.0000  low=238 high=0  elapsed_s=468  attempts=3  state=ON  metric=rpr
2026-10-08T12:18:31Z  OBSERVE  frontend->checkoutservice  rpr=0.0000  low=210 high=0  elapsed_s=420  attempts=3  state=ON  metric=rpr
2026-10-08T12:18:31Z  OBSERVE  frontend->currencyservice  rpr=0.0000  low=238 high=0  elapsed_s=468  attempts=3  state=ON  metric=rpr
2026-10-08T12:18:31Z  OBSERVE  frontend->productcatalogservice  rpr=0.0000  low=238 high=0  elapsed_s=468  attempts=3  state=ON  metric=rpr
2026-10-08T12:18:31Z  OBSERVE  frontend->shippingservice  rpr=0.0000  low=237 high=0  elapsed_s=468  attempts=3  state=ON  metric=rpr
2026-10-08T12:18:31Z  OBSERVE  checkoutservice->cartservice  rpr=0.0000  low=235 high=0  elapsed_s=467  attempts=3  state=ON  metric=rpr
2026-10-08T12:18:31Z  OBSERVE  checkoutservice->currencyservice  rpr=0.0000  low=235 high=0  elapsed_s=467  attempts=3  state=ON  metric=rpr
2026-10-08T12:18:31Z  OBSERVE  checkoutservice->emailservice  rpr=0.0000  low=235 high=0  elapsed_s=467  attempts=3  state=ON  metric=rpr
2026-10-08T12:18:31Z  OBSERVE  checkoutservice->paymentservice  rpr=0.0000  low=235 high=0  elapsed_s=467  attempts=3  state=ON  metric=rpr
2026-10-08T12:18:31Z  OBSERVE  checkoutservice->shippingservice  rpr=0.0000  low=235 high=0  elapsed_s=467  attempts=3  state=ON  metric=rpr
2026-10-08T12:18:31Z  OBSERVE  recommendationservice->productcatalogservice  rpr=0.0000  low=238 high=0  elapsed_s=468  attempts=3  state=ON  metric=rpr
2026-10-08T12:18:31Z  OBSERVE  recommendationservice  rejection=0.7677  low=0 high=51  elapsed_s=100  state=OFF  metric=rejection
2026-10-08T12:18:33Z  OBSERVE  frontend->adservice  rpr=0.0000  low=238 high=0  elapsed_s=469  attempts=3  state=ON  metric=rpr
2026-10-08T12:18:33Z  OBSERVE  frontend->cartservice  rpr=0.0000  low=239 high=0  elapsed_s=470  attempts=3  state=ON  metric=rpr
2026-10-08T12:18:33Z  OBSERVE  frontend->checkoutservice  rpr=0.0000  low=211 high=0  elapsed_s=422  attempts=3  state=ON  metric=rpr
2026-10-08T12:18:33Z  OBSERVE  frontend->currencyservice  rpr=0.0000  low=239 high=0  elapsed_s=470  attempts=3  state=ON  metric=rpr
2026-10-08T12:18:33Z  OBSERVE  frontend->productcatalogservice  rpr=0.0000  low=239 high=0  elapsed_s=470  attempts=3  state=ON  metric=rpr
2026-10-08T12:18:33Z  OBSERVE  frontend->shippingservice  rpr=0.0000  low=238 high=0  elapsed_s=470  attempts=3  state=ON  metric=rpr
2026-10-08T12:18:33Z  OBSERVE  checkoutservice->cartservice  rpr=0.0000  low=236 high=0  elapsed_s=469  attempts=3  state=ON  metric=rpr
2026-10-08T12:18:33Z  OBSERVE  checkoutservice->currencyservice  rpr=0.0000  low=236 high=0  elapsed_s=469  attempts=3  state=ON  metric=rpr
2026-10-08T12:18:33Z  OBSERVE  checkoutservice->emailservice  rpr=0.0000  low=236 high=0  elapsed_s=469  attempts=3  state=ON  metric=rpr
2026-10-08T12:18:33Z  OBSERVE  checkoutservice->paymentservice  rpr=0.0000  low=236 high=0  elapsed_s=469  attempts=3  state=ON  metric=rpr
2026-10-08T12:18:33Z  OBSERVE  checkoutservice->shippingservice  rpr=0.0000  low=236 high=0  elapsed_s=469  attempts=3  state=ON  metric=rpr
2026-10-08T12:18:33Z  OBSERVE  recommendationservice->productcatalogservice  rpr=0.0000  low=239 high=0  elapsed_s=470  attempts=3  state=ON  metric=rpr
2026-10-08T12:18:33Z  OBSERVE  recommendationservice  rejection=0.5580  low=0 high=52  elapsed_s=102  state=OFF  metric=rejection
2026-10-08T12:18:35Z  OBSERVE  frontend->adservice  rpr=0.0000  low=239 high=0  elapsed_s=471  attempts=3  state=ON  metric=rpr
2026-10-08T12:18:35Z  OBSERVE  frontend->cartservice  rpr=0.0000  low=240 high=0  elapsed_s=472  attempts=3  state=ON  metric=rpr
2026-10-08T12:18:35Z  OBSERVE  frontend->checkoutservice  rpr=0.0000  low=212 high=0  elapsed_s=424  attempts=3  state=ON  metric=rpr
2026-10-08T12:18:35Z  OBSERVE  frontend->currencyservice  rpr=0.0000  low=240 high=0  elapsed_s=472  attempts=3  state=ON  metric=rpr
2026-10-08T12:18:35Z  OBSERVE  frontend->productcatalogservice  rpr=0.0000  low=240 high=0  elapsed_s=472  attempts=3  state=ON  metric=rpr
2026-10-08T12:18:35Z  OBSERVE  frontend->shippingservice  rpr=0.0000  low=239 high=0  elapsed_s=472  attempts=3  state=ON  metric=rpr
2026-10-08T12:18:35Z  OBSERVE  checkoutservice->cartservice  rpr=0.0000  low=237 high=0  elapsed_s=471  attempts=3  state=ON  metric=rpr
2026-10-08T12:18:35Z  OBSERVE  checkoutservice->currencyservice  rpr=0.0000  low=237 high=0  elapsed_s=471  attempts=3  state=ON  metric=rpr
2026-10-08T12:18:35Z  OBSERVE  checkoutservice->emailservice  rpr=0.0000  low=237 high=0  elapsed_s=471  attempts=3  state=ON  metric=rpr
2026-10-08T12:18:35Z  OBSERVE  checkoutservice->paymentservice  rpr=0.0000  low=237 high=0  elapsed_s=471  attempts=3  state=ON  metric=rpr
2026-10-08T12:18:35Z  OBSERVE  checkoutservice->shippingservice  rpr=0.0000  low=237 high=0  elapsed_s=471  attempts=3  state=ON  metric=rpr
2026-10-08T12:18:35Z  OBSERVE  recommendationservice->productcatalogservice  rpr=0.0000  low=240 high=0  elapsed_s=472  attempts=3  state=ON  metric=rpr
2026-10-08T12:18:35Z  OBSERVE  recommendationservice  rejection=0.4891  low=0 high=53  elapsed_s=104  state=OFF  metric=rejection
2026-10-08T12:18:37Z  OBSERVE  frontend->adservice  rpr=0.0000  low=240 high=0  elapsed_s=473  attempts=3  state=ON  metric=rpr
2026-10-08T12:18:37Z  OBSERVE  frontend->cartservice  rpr=0.0000  low=241 high=0  elapsed_s=474  attempts=3  state=ON  metric=rpr
2026-10-08T12:18:37Z  OBSERVE  frontend->checkoutservice  rpr=0.0000  low=213 high=0  elapsed_s=426  attempts=3  state=ON  metric=rpr
2026-10-08T12:18:37Z  OBSERVE  frontend->currencyservice  rpr=0.0000  low=241 high=0  elapsed_s=474  attempts=3  state=ON  metric=rpr
2026-10-08T12:18:37Z  OBSERVE  frontend->productcatalogservice  rpr=0.0000  low=241 high=0  elapsed_s=474  attempts=3  state=ON  metric=rpr
2026-10-08T12:18:37Z  OBSERVE  frontend->shippingservice  rpr=0.0000  low=240 high=0  elapsed_s=474  attempts=3  state=ON  metric=rpr
2026-10-08T12:18:37Z  OBSERVE  checkoutservice->cartservice  rpr=0.0000  low=238 high=0  elapsed_s=473  attempts=3  state=ON  metric=rpr
2026-10-08T12:18:37Z  OBSERVE  checkoutservice->currencyservice  rpr=0.0000  low=238 high=0  elapsed_s=473  attempts=3  state=ON  metric=rpr
2026-10-08T12:18:37Z  OBSERVE  checkoutservice->emailservice  rpr=0.0000  low=238 high=0  elapsed_s=473  attempts=3  state=ON  metric=rpr
2026-10-08T12:18:37Z  OBSERVE  checkoutservice->paymentservice  rpr=0.0000  low=238 high=0  elapsed_s=473  attempts=3  state=ON  metric=rpr
2026-10-08T12:18:37Z  OBSERVE  checkoutservice->shippingservice  rpr=0.0000  low=238 high=0  elapsed_s=473  attempts=3  state=ON  metric=rpr
2026-10-08T12:18:37Z  OBSERVE  recommendationservice->productcatalogservice  rpr=0.0000  low=241 high=0  elapsed_s=474  attempts=3  state=ON  metric=rpr
2026-10-08T12:18:37Z  OBSERVE  recommendationservice  rejection=0.7367  low=0 high=54  elapsed_s=106  state=OFF  metric=rejection
2026-10-08T12:18:39Z  OBSERVE  frontend->adservice  rpr=0.0000  low=241 high=0  elapsed_s=475  attempts=3  state=ON  metric=rpr
2026-10-08T12:18:39Z  OBSERVE  frontend->cartservice  rpr=0.0000  low=242 high=0  elapsed_s=476  attempts=3  state=ON  metric=rpr
2026-10-08T12:18:39Z  OBSERVE  frontend->checkoutservice  rpr=0.0000  low=214 high=0  elapsed_s=428  attempts=3  state=ON  metric=rpr
2026-10-08T12:18:39Z  OBSERVE  frontend->currencyservice  rpr=0.0000  low=242 high=0  elapsed_s=476  attempts=3  state=ON  metric=rpr
2026-10-08T12:18:39Z  OBSERVE  frontend->productcatalogservice  rpr=0.0000  low=242 high=0  elapsed_s=476  attempts=3  state=ON  metric=rpr
2026-10-08T12:18:39Z  OBSERVE  frontend->shippingservice  rpr=0.0000  low=241 high=0  elapsed_s=476  attempts=3  state=ON  metric=rpr
2026-10-08T12:18:39Z  OBSERVE  checkoutservice->cartservice  rpr=0.0000  low=239 high=0  elapsed_s=475  attempts=3  state=ON  metric=rpr
2026-10-08T12:18:39Z  OBSERVE  checkoutservice->currencyservice  rpr=0.0000  low=239 high=0  elapsed_s=475  attempts=3  state=ON  metric=rpr
2026-10-08T12:18:39Z  OBSERVE  checkoutservice->emailservice  rpr=0.0000  low=239 high=0  elapsed_s=475  attempts=3  state=ON  metric=rpr
2026-10-08T12:18:39Z  OBSERVE  checkoutservice->paymentservice  rpr=0.0000  low=239 high=0  elapsed_s=475  attempts=3  state=ON  metric=rpr
2026-10-08T12:18:39Z  OBSERVE  checkoutservice->shippingservice  rpr=0.0000  low=239 high=0  elapsed_s=475  attempts=3  state=ON  metric=rpr
2026-10-08T12:18:39Z  OBSERVE  recommendationservice->productcatalogservice  rpr=0.0000  low=242 high=0  elapsed_s=476  attempts=3  state=ON  metric=rpr
2026-10-08T12:18:39Z  OBSERVE  recommendationservice  rejection=0.5321  low=0 high=55  elapsed_s=108  state=OFF  metric=rejection
2026-10-08T12:18:41Z  OBSERVE  frontend->adservice  rpr=0.0000  low=242 high=0  elapsed_s=477  attempts=3  state=ON  metric=rpr
2026-10-08T12:18:41Z  OBSERVE  frontend->cartservice  rpr=0.0000  low=243 high=0  elapsed_s=478  attempts=3  state=ON  metric=rpr
2026-10-08T12:18:41Z  OBSERVE  frontend->checkoutservice  rpr=0.0000  low=215 high=0  elapsed_s=430  attempts=3  state=ON  metric=rpr
2026-10-08T12:18:41Z  OBSERVE  frontend->currencyservice  rpr=0.0000  low=243 high=0  elapsed_s=478  attempts=3  state=ON  metric=rpr
2026-10-08T12:18:41Z  OBSERVE  frontend->productcatalogservice  rpr=0.0000  low=243 high=0  elapsed_s=478  attempts=3  state=ON  metric=rpr
2026-10-08T12:18:41Z  OBSERVE  frontend->shippingservice  rpr=0.0000  low=242 high=0  elapsed_s=478  attempts=3  state=ON  metric=rpr
2026-10-08T12:18:41Z  OBSERVE  checkoutservice->cartservice  rpr=0.0000  low=240 high=0  elapsed_s=477  attempts=3  state=ON  metric=rpr
2026-10-08T12:18:41Z  OBSERVE  checkoutservice->currencyservice  rpr=0.0000  low=240 high=0  elapsed_s=477  attempts=3  state=ON  metric=rpr
2026-10-08T12:18:41Z  OBSERVE  checkoutservice->emailservice  rpr=0.0000  low=240 high=0  elapsed_s=477  attempts=3  state=ON  metric=rpr
2026-10-08T12:18:41Z  OBSERVE  checkoutservice->paymentservice  rpr=0.0000  low=240 high=0  elapsed_s=477  attempts=3  state=ON  metric=rpr
2026-10-08T12:18:41Z  OBSERVE  checkoutservice->shippingservice  rpr=0.0000  low=240 high=0  elapsed_s=477  attempts=3  state=ON  metric=rpr
2026-10-08T12:18:41Z  OBSERVE  recommendationservice->productcatalogservice  rpr=0.0000  low=243 high=0  elapsed_s=478  attempts=3  state=ON  metric=rpr
2026-10-08T12:18:41Z  OBSERVE  recommendationservice  rejection=0.7674  low=0 high=56  elapsed_s=110  state=OFF  metric=rejection
2026-10-08T12:18:43Z  OBSERVE  frontend->adservice  rpr=0.0000  low=243 high=0  elapsed_s=479  attempts=3  state=ON  metric=rpr
2026-10-08T12:18:43Z  OBSERVE  frontend->cartservice  rpr=0.0000  low=244 high=0  elapsed_s=480  attempts=3  state=ON  metric=rpr
2026-10-08T12:18:43Z  OBSERVE  frontend->checkoutservice  rpr=0.0000  low=216 high=0  elapsed_s=432  attempts=3  state=ON  metric=rpr
2026-10-08T12:18:43Z  OBSERVE  frontend->currencyservice  rpr=0.0000  low=244 high=0  elapsed_s=480  attempts=3  state=ON  metric=rpr
2026-10-08T12:18:43Z  OBSERVE  frontend->productcatalogservice  rpr=0.0000  low=244 high=0  elapsed_s=480  attempts=3  state=ON  metric=rpr
2026-10-08T12:18:43Z  OBSERVE  frontend->shippingservice  rpr=0.0000  low=243 high=0  elapsed_s=480  attempts=3  state=ON  metric=rpr
2026-10-08T12:18:43Z  OBSERVE  checkoutservice->cartservice  rpr=0.0000  low=241 high=0  elapsed_s=479  attempts=3  state=ON  metric=rpr
2026-10-08T12:18:43Z  OBSERVE  checkoutservice->currencyservice  rpr=0.0000  low=241 high=0  elapsed_s=479  attempts=3  state=ON  metric=rpr
2026-10-08T12:18:43Z  OBSERVE  checkoutservice->emailservice  rpr=0.0000  low=241 high=0  elapsed_s=479  attempts=3  state=ON  metric=rpr
2026-10-08T12:18:43Z  OBSERVE  checkoutservice->paymentservice  rpr=0.0000  low=241 high=0  elapsed_s=479  attempts=3  state=ON  metric=rpr
2026-10-08T12:18:43Z  OBSERVE  checkoutservice->shippingservice  rpr=0.0000  low=241 high=0  elapsed_s=479  attempts=3  state=ON  metric=rpr
2026-10-08T12:18:43Z  OBSERVE  recommendationservice->productcatalogservice  rpr=0.0000  low=244 high=0  elapsed_s=480  attempts=3  state=ON  metric=rpr
2026-10-08T12:18:43Z  OBSERVE  recommendationservice  rejection=0.6206  low=0 high=57  elapsed_s=112  state=OFF  metric=rejection
2026-10-08T12:18:45Z  OBSERVE  frontend->adservice  rpr=0.0000  low=244 high=0  elapsed_s=481  attempts=3  state=ON  metric=rpr
2026-10-08T12:18:45Z  OBSERVE  frontend->cartservice  rpr=0.0000  low=245 high=0  elapsed_s=482  attempts=3  state=ON  metric=rpr
2026-10-08T12:18:45Z  OBSERVE  frontend->checkoutservice  rpr=0.0000  low=217 high=0  elapsed_s=434  attempts=3  state=ON  metric=rpr
2026-10-08T12:18:45Z  OBSERVE  frontend->currencyservice  rpr=0.0000  low=245 high=0  elapsed_s=482  attempts=3  state=ON  metric=rpr
2026-10-08T12:18:45Z  OBSERVE  frontend->productcatalogservice  rpr=0.0000  low=245 high=0  elapsed_s=482  attempts=3  state=ON  metric=rpr
2026-10-08T12:18:45Z  OBSERVE  frontend->shippingservice  rpr=0.0000  low=244 high=0  elapsed_s=482  attempts=3  state=ON  metric=rpr
2026-10-08T12:18:45Z  OBSERVE  checkoutservice->cartservice  rpr=0.0000  low=242 high=0  elapsed_s=481  attempts=3  state=ON  metric=rpr
2026-10-08T12:18:45Z  OBSERVE  checkoutservice->currencyservice  rpr=0.0000  low=242 high=0  elapsed_s=481  attempts=3  state=ON  metric=rpr
2026-10-08T12:18:45Z  OBSERVE  checkoutservice->emailservice  rpr=0.0000  low=242 high=0  elapsed_s=481  attempts=3  state=ON  metric=rpr
2026-10-08T12:18:45Z  OBSERVE  checkoutservice->paymentservice  rpr=0.0000  low=242 high=0  elapsed_s=481  attempts=3  state=ON  metric=rpr
2026-10-08T12:18:45Z  OBSERVE  checkoutservice->shippingservice  rpr=0.0000  low=242 high=0  elapsed_s=481  attempts=3  state=ON  metric=rpr
2026-10-08T12:18:45Z  OBSERVE  recommendationservice->productcatalogservice  rpr=0.0000  low=245 high=0  elapsed_s=482  attempts=3  state=ON  metric=rpr
2026-10-08T12:18:45Z  OBSERVE  recommendationservice  rejection=0.4490  low=0 high=58  elapsed_s=114  state=OFF  metric=rejection
2026-10-08T12:18:47Z  OBSERVE  frontend->adservice  rpr=0.0000  low=245 high=0  elapsed_s=483  attempts=3  state=ON  metric=rpr
2026-10-08T12:18:47Z  OBSERVE  frontend->cartservice  rpr=0.0000  low=246 high=0  elapsed_s=484  attempts=3  state=ON  metric=rpr
2026-10-08T12:18:47Z  OBSERVE  frontend->checkoutservice  rpr=0.0000  low=218 high=0  elapsed_s=436  attempts=3  state=ON  metric=rpr
2026-10-08T12:18:47Z  OBSERVE  frontend->currencyservice  rpr=0.0000  low=246 high=0  elapsed_s=484  attempts=3  state=ON  metric=rpr
2026-10-08T12:18:47Z  OBSERVE  frontend->productcatalogservice  rpr=0.0000  low=246 high=0  elapsed_s=484  attempts=3  state=ON  metric=rpr
2026-10-08T12:18:47Z  OBSERVE  frontend->shippingservice  rpr=0.0000  low=245 high=0  elapsed_s=484  attempts=3  state=ON  metric=rpr
2026-10-08T12:18:47Z  OBSERVE  checkoutservice->cartservice  rpr=0.0000  low=243 high=0  elapsed_s=483  attempts=3  state=ON  metric=rpr
2026-10-08T12:18:47Z  OBSERVE  checkoutservice->currencyservice  rpr=0.0000  low=243 high=0  elapsed_s=483  attempts=3  state=ON  metric=rpr
2026-10-08T12:18:47Z  OBSERVE  checkoutservice->emailservice  rpr=0.0000  low=243 high=0  elapsed_s=483  attempts=3  state=ON  metric=rpr
2026-10-08T12:18:47Z  OBSERVE  checkoutservice->paymentservice  rpr=0.0000  low=243 high=0  elapsed_s=483  attempts=3  state=ON  metric=rpr
2026-10-08T12:18:47Z  OBSERVE  checkoutservice->shippingservice  rpr=0.0000  low=243 high=0  elapsed_s=483  attempts=3  state=ON  metric=rpr
2026-10-08T12:18:47Z  OBSERVE  recommendationservice->productcatalogservice  rpr=0.0000  low=246 high=0  elapsed_s=484  attempts=3  state=ON  metric=rpr
2026-10-08T12:18:47Z  OBSERVE  recommendationservice  rejection=0.7024  low=0 high=59  elapsed_s=116  state=OFF  metric=rejection
2026-10-08T12:18:49Z  OBSERVE  frontend->adservice  rpr=0.0000  low=246 high=0  elapsed_s=485  attempts=3  state=ON  metric=rpr
2026-10-08T12:18:49Z  OBSERVE  frontend->cartservice  rpr=0.0000  low=247 high=0  elapsed_s=486  attempts=3  state=ON  metric=rpr
2026-10-08T12:18:49Z  OBSERVE  frontend->checkoutservice  rpr=0.0000  low=219 high=0  elapsed_s=438  attempts=3  state=ON  metric=rpr
2026-10-08T12:18:49Z  OBSERVE  frontend->currencyservice  rpr=0.0000  low=247 high=0  elapsed_s=486  attempts=3  state=ON  metric=rpr
2026-10-08T12:18:49Z  OBSERVE  frontend->productcatalogservice  rpr=0.0000  low=247 high=0  elapsed_s=486  attempts=3  state=ON  metric=rpr
2026-10-08T12:18:49Z  OBSERVE  frontend->shippingservice  rpr=0.0000  low=246 high=0  elapsed_s=486  attempts=3  state=ON  metric=rpr
2026-10-08T12:18:49Z  OBSERVE  checkoutservice->cartservice  rpr=0.0000  low=244 high=0  elapsed_s=485  attempts=3  state=ON  metric=rpr
2026-10-08T12:18:49Z  OBSERVE  checkoutservice->currencyservice  rpr=0.0000  low=244 high=0  elapsed_s=485  attempts=3  state=ON  metric=rpr
2026-10-08T12:18:49Z  OBSERVE  checkoutservice->emailservice  rpr=0.0000  low=244 high=0  elapsed_s=485  attempts=3  state=ON  metric=rpr
2026-10-08T12:18:49Z  OBSERVE  checkoutservice->paymentservice  rpr=0.0000  low=244 high=0  elapsed_s=485  attempts=3  state=ON  metric=rpr
2026-10-08T12:18:49Z  OBSERVE  checkoutservice->shippingservice  rpr=0.0000  low=244 high=0  elapsed_s=485  attempts=3  state=ON  metric=rpr
2026-10-08T12:18:49Z  OBSERVE  recommendationservice->productcatalogservice  rpr=0.0000  low=247 high=0  elapsed_s=486  attempts=3  state=ON  metric=rpr
2026-10-08T12:18:49Z  OBSERVE  recommendationservice  rejection=0.3900  low=0 high=60  elapsed_s=118  state=OFF  metric=rejection
2026-10-08T12:18:51Z  OBSERVE  frontend->adservice  rpr=0.0000  low=247 high=0  elapsed_s=487  attempts=3  state=ON  metric=rpr
2026-10-08T12:18:51Z  OBSERVE  frontend->cartservice  rpr=0.0000  low=248 high=0  elapsed_s=488  attempts=3  state=ON  metric=rpr
2026-10-08T12:18:51Z  OBSERVE  frontend->checkoutservice  rpr=0.0000  low=220 high=0  elapsed_s=440  attempts=3  state=ON  metric=rpr
2026-10-08T12:18:51Z  OBSERVE  frontend->currencyservice  rpr=0.0000  low=248 high=0  elapsed_s=488  attempts=3  state=ON  metric=rpr
2026-10-08T12:18:51Z  OBSERVE  frontend->productcatalogservice  rpr=0.0000  low=248 high=0  elapsed_s=488  attempts=3  state=ON  metric=rpr
2026-10-08T12:18:51Z  OBSERVE  frontend->shippingservice  rpr=0.0000  low=247 high=0  elapsed_s=488  attempts=3  state=ON  metric=rpr
2026-10-08T12:18:51Z  OBSERVE  checkoutservice->cartservice  rpr=0.0000  low=245 high=0  elapsed_s=487  attempts=3  state=ON  metric=rpr
2026-10-08T12:18:51Z  OBSERVE  checkoutservice->currencyservice  rpr=0.0000  low=245 high=0  elapsed_s=487  attempts=3  state=ON  metric=rpr
2026-10-08T12:18:51Z  OBSERVE  checkoutservice->emailservice  rpr=0.0000  low=245 high=0  elapsed_s=487  attempts=3  state=ON  metric=rpr
2026-10-08T12:18:51Z  OBSERVE  checkoutservice->paymentservice  rpr=0.0000  low=245 high=0  elapsed_s=487  attempts=3  state=ON  metric=rpr
2026-10-08T12:18:51Z  OBSERVE  checkoutservice->shippingservice  rpr=0.0000  low=245 high=0  elapsed_s=487  attempts=3  state=ON  metric=rpr
2026-10-08T12:18:51Z  OBSERVE  recommendationservice->productcatalogservice  rpr=0.0000  low=248 high=0  elapsed_s=488  attempts=3  state=ON  metric=rpr
2026-10-08T12:18:51Z  OBSERVE  recommendationservice  rejection=0.4818  low=0 high=61  elapsed_s=120  state=OFF  metric=rejection
2026-10-08T12:18:53Z  OBSERVE  frontend->adservice  rpr=0.0000  low=248 high=0  elapsed_s=489  attempts=3  state=ON  metric=rpr
2026-10-08T12:18:53Z  OBSERVE  frontend->cartservice  rpr=0.0000  low=249 high=0  elapsed_s=490  attempts=3  state=ON  metric=rpr
2026-10-08T12:18:53Z  OBSERVE  frontend->checkoutservice  rpr=0.0000  low=221 high=0  elapsed_s=442  attempts=3  state=ON  metric=rpr
2026-10-08T12:18:53Z  OBSERVE  frontend->currencyservice  rpr=0.0000  low=249 high=0  elapsed_s=490  attempts=3  state=ON  metric=rpr
2026-10-08T12:18:53Z  OBSERVE  frontend->productcatalogservice  rpr=0.0000  low=249 high=0  elapsed_s=490  attempts=3  state=ON  metric=rpr
2026-10-08T12:18:53Z  OBSERVE  frontend->shippingservice  rpr=0.0000  low=248 high=0  elapsed_s=490  attempts=3  state=ON  metric=rpr
2026-10-08T12:18:53Z  OBSERVE  checkoutservice->cartservice  rpr=0.0000  low=246 high=0  elapsed_s=489  attempts=3  state=ON  metric=rpr
2026-10-08T12:18:53Z  OBSERVE  checkoutservice->currencyservice  rpr=0.0000  low=246 high=0  elapsed_s=489  attempts=3  state=ON  metric=rpr
2026-10-08T12:18:53Z  OBSERVE  checkoutservice->emailservice  rpr=0.0000  low=246 high=0  elapsed_s=489  attempts=3  state=ON  metric=rpr
2026-10-08T12:18:53Z  OBSERVE  checkoutservice->paymentservice  rpr=0.0000  low=246 high=0  elapsed_s=489  attempts=3  state=ON  metric=rpr
2026-10-08T12:18:53Z  OBSERVE  checkoutservice->shippingservice  rpr=0.0000  low=246 high=0  elapsed_s=489  attempts=3  state=ON  metric=rpr
2026-10-08T12:18:53Z  OBSERVE  recommendationservice->productcatalogservice  rpr=0.0000  low=249 high=0  elapsed_s=490  attempts=3  state=ON  metric=rpr
2026-10-08T12:18:53Z  OBSERVE  recommendationservice  rejection=0.6202  low=0 high=62  elapsed_s=122  state=OFF  metric=rejection
2026-10-08T12:18:55Z  OBSERVE  frontend->adservice  rpr=0.0000  low=249 high=0  elapsed_s=491  attempts=3  state=ON  metric=rpr
2026-10-08T12:18:55Z  OBSERVE  frontend->cartservice  rpr=0.0000  low=250 high=0  elapsed_s=492  attempts=3  state=ON  metric=rpr
2026-10-08T12:18:55Z  OBSERVE  frontend->checkoutservice  rpr=0.0000  low=222 high=0  elapsed_s=444  attempts=3  state=ON  metric=rpr
2026-10-08T12:18:55Z  OBSERVE  frontend->currencyservice  rpr=0.0000  low=250 high=0  elapsed_s=492  attempts=3  state=ON  metric=rpr
2026-10-08T12:18:55Z  OBSERVE  frontend->productcatalogservice  rpr=0.0000  low=250 high=0  elapsed_s=492  attempts=3  state=ON  metric=rpr
2026-10-08T12:18:55Z  OBSERVE  frontend->shippingservice  rpr=0.0000  low=249 high=0  elapsed_s=492  attempts=3  state=ON  metric=rpr
2026-10-08T12:18:55Z  OBSERVE  checkoutservice->cartservice  rpr=0.0000  low=247 high=0  elapsed_s=491  attempts=3  state=ON  metric=rpr
2026-10-08T12:18:55Z  OBSERVE  checkoutservice->currencyservice  rpr=0.0000  low=247 high=0  elapsed_s=491  attempts=3  state=ON  metric=rpr
2026-10-08T12:18:55Z  OBSERVE  checkoutservice->emailservice  rpr=0.0000  low=247 high=0  elapsed_s=491  attempts=3  state=ON  metric=rpr
2026-10-08T12:18:55Z  OBSERVE  checkoutservice->paymentservice  rpr=0.0000  low=247 high=0  elapsed_s=491  attempts=3  state=ON  metric=rpr
2026-10-08T12:18:55Z  OBSERVE  checkoutservice->shippingservice  rpr=0.0000  low=247 high=0  elapsed_s=491  attempts=3  state=ON  metric=rpr
2026-10-08T12:18:55Z  OBSERVE  recommendationservice->productcatalogservice  rpr=0.0000  low=250 high=0  elapsed_s=492  attempts=3  state=ON  metric=rpr
2026-10-08T12:18:55Z  OBSERVE  recommendationservice  rejection=0.4438  low=0 high=63  elapsed_s=124  state=OFF  metric=rejection
2026-10-08T12:18:57Z  OBSERVE  frontend->adservice  rpr=0.0000  low=250 high=0  elapsed_s=493  attempts=3  state=ON  metric=rpr
2026-10-08T12:18:57Z  OBSERVE  frontend->cartservice  rpr=0.0000  low=251 high=0  elapsed_s=494  attempts=3  state=ON  metric=rpr
2026-10-08T12:18:57Z  OBSERVE  frontend->checkoutservice  rpr=0.0000  low=223 high=0  elapsed_s=446  attempts=3  state=ON  metric=rpr
2026-10-08T12:18:57Z  OBSERVE  frontend->currencyservice  rpr=0.0000  low=251 high=0  elapsed_s=494  attempts=3  state=ON  metric=rpr
2026-10-08T12:18:57Z  OBSERVE  frontend->productcatalogservice  rpr=0.0000  low=251 high=0  elapsed_s=494  attempts=3  state=ON  metric=rpr
2026-10-08T12:18:57Z  OBSERVE  frontend->shippingservice  rpr=0.0000  low=250 high=0  elapsed_s=494  attempts=3  state=ON  metric=rpr
2026-10-08T12:18:57Z  OBSERVE  checkoutservice->cartservice  rpr=0.0000  low=248 high=0  elapsed_s=493  attempts=3  state=ON  metric=rpr
2026-10-08T12:18:57Z  OBSERVE  checkoutservice->currencyservice  rpr=0.0000  low=248 high=0  elapsed_s=493  attempts=3  state=ON  metric=rpr
2026-10-08T12:18:57Z  OBSERVE  checkoutservice->emailservice  rpr=0.0000  low=248 high=0  elapsed_s=493  attempts=3  state=ON  metric=rpr
2026-10-08T12:18:57Z  OBSERVE  checkoutservice->paymentservice  rpr=0.0000  low=248 high=0  elapsed_s=493  attempts=3  state=ON  metric=rpr
2026-10-08T12:18:57Z  OBSERVE  checkoutservice->shippingservice  rpr=0.0000  low=248 high=0  elapsed_s=493  attempts=3  state=ON  metric=rpr
2026-10-08T12:18:57Z  OBSERVE  recommendationservice->productcatalogservice  rpr=0.0000  low=251 high=0  elapsed_s=494  attempts=3  state=ON  metric=rpr
2026-10-08T12:18:57Z  OBSERVE  recommendationservice  rejection=0.8417  low=0 high=64  elapsed_s=126  state=OFF  metric=rejection
2026-10-08T12:18:59Z  OBSERVE  frontend->adservice  rpr=0.0000  low=251 high=0  elapsed_s=495  attempts=3  state=ON  metric=rpr
2026-10-08T12:18:59Z  OBSERVE  frontend->cartservice  rpr=0.0000  low=252 high=0  elapsed_s=496  attempts=3  state=ON  metric=rpr
2026-10-08T12:18:59Z  OBSERVE  frontend->checkoutservice  rpr=0.0000  low=224 high=0  elapsed_s=448  attempts=3  state=ON  metric=rpr
2026-10-08T12:18:59Z  OBSERVE  frontend->currencyservice  rpr=0.0000  low=252 high=0  elapsed_s=496  attempts=3  state=ON  metric=rpr
2026-10-08T12:18:59Z  OBSERVE  frontend->productcatalogservice  rpr=0.0000  low=252 high=0  elapsed_s=496  attempts=3  state=ON  metric=rpr
2026-10-08T12:18:59Z  OBSERVE  frontend->shippingservice  rpr=0.0000  low=251 high=0  elapsed_s=496  attempts=3  state=ON  metric=rpr
2026-10-08T12:18:59Z  OBSERVE  checkoutservice->cartservice  rpr=0.0000  low=249 high=0  elapsed_s=495  attempts=3  state=ON  metric=rpr
2026-10-08T12:18:59Z  OBSERVE  checkoutservice->currencyservice  rpr=0.0000  low=249 high=0  elapsed_s=495  attempts=3  state=ON  metric=rpr
2026-10-08T12:18:59Z  OBSERVE  checkoutservice->emailservice  rpr=0.0000  low=249 high=0  elapsed_s=495  attempts=3  state=ON  metric=rpr
2026-10-08T12:18:59Z  OBSERVE  checkoutservice->paymentservice  rpr=0.0000  low=249 high=0  elapsed_s=495  attempts=3  state=ON  metric=rpr
2026-10-08T12:18:59Z  OBSERVE  checkoutservice->shippingservice  rpr=0.0000  low=249 high=0  elapsed_s=495  attempts=3  state=ON  metric=rpr
2026-10-08T12:18:59Z  OBSERVE  recommendationservice->productcatalogservice  rpr=0.0000  low=252 high=0  elapsed_s=496  attempts=3  state=ON  metric=rpr
2026-10-08T12:18:59Z  OBSERVE  recommendationservice  rejection=0.7747  low=0 high=65  elapsed_s=128  state=OFF  metric=rejection
2026-10-08T12:19:01Z  OBSERVE  frontend->adservice  rpr=0.0000  low=252 high=0  elapsed_s=497  attempts=3  state=ON  metric=rpr
2026-10-08T12:19:01Z  OBSERVE  frontend->cartservice  rpr=0.0000  low=253 high=0  elapsed_s=498  attempts=3  state=ON  metric=rpr
2026-10-08T12:19:01Z  OBSERVE  frontend->checkoutservice  rpr=0.0000  low=225 high=0  elapsed_s=450  attempts=3  state=ON  metric=rpr
2026-10-08T12:19:01Z  OBSERVE  frontend->currencyservice  rpr=0.0000  low=253 high=0  elapsed_s=498  attempts=3  state=ON  metric=rpr
2026-10-08T12:19:01Z  OBSERVE  frontend->productcatalogservice  rpr=0.0000  low=253 high=0  elapsed_s=498  attempts=3  state=ON  metric=rpr
2026-10-08T12:19:01Z  OBSERVE  frontend->shippingservice  rpr=0.0000  low=252 high=0  elapsed_s=498  attempts=3  state=ON  metric=rpr
2026-10-08T12:19:01Z  OBSERVE  checkoutservice->cartservice  rpr=0.0000  low=250 high=0  elapsed_s=497  attempts=3  state=ON  metric=rpr
2026-10-08T12:19:01Z  OBSERVE  checkoutservice->currencyservice  rpr=0.0000  low=250 high=0  elapsed_s=497  attempts=3  state=ON  metric=rpr
2026-10-08T12:19:01Z  OBSERVE  checkoutservice->emailservice  rpr=0.0000  low=250 high=0  elapsed_s=497  attempts=3  state=ON  metric=rpr
2026-10-08T12:19:01Z  OBSERVE  checkoutservice->paymentservice  rpr=0.0000  low=250 high=0  elapsed_s=497  attempts=3  state=ON  metric=rpr
2026-10-08T12:19:01Z  OBSERVE  checkoutservice->shippingservice  rpr=0.0000  low=250 high=0  elapsed_s=497  attempts=3  state=ON  metric=rpr
2026-10-08T12:19:01Z  OBSERVE  recommendationservice->productcatalogservice  rpr=0.0000  low=253 high=0  elapsed_s=498  attempts=3  state=ON  metric=rpr
2026-10-08T12:19:01Z  OBSERVE  recommendationservice  rejection=0.7087  low=0 high=66  elapsed_s=130  state=OFF  metric=rejection
2026-10-08T12:19:03Z  OBSERVE  frontend->adservice  rpr=0.0000  low=253 high=0  elapsed_s=499  attempts=3  state=ON  metric=rpr
2026-10-08T12:19:03Z  OBSERVE  frontend->cartservice  rpr=0.0000  low=254 high=0  elapsed_s=500  attempts=3  state=ON  metric=rpr
2026-10-08T12:19:03Z  OBSERVE  frontend->checkoutservice  rpr=0.0000  low=226 high=0  elapsed_s=452  attempts=3  state=ON  metric=rpr
2026-10-08T12:19:03Z  OBSERVE  frontend->currencyservice  rpr=0.0000  low=254 high=0  elapsed_s=500  attempts=3  state=ON  metric=rpr
2026-10-08T12:19:03Z  OBSERVE  frontend->productcatalogservice  rpr=0.0000  low=254 high=0  elapsed_s=500  attempts=3  state=ON  metric=rpr
2026-10-08T12:19:03Z  OBSERVE  frontend->shippingservice  rpr=0.0000  low=253 high=0  elapsed_s=500  attempts=3  state=ON  metric=rpr
2026-10-08T12:19:03Z  OBSERVE  checkoutservice->cartservice  rpr=0.0000  low=251 high=0  elapsed_s=499  attempts=3  state=ON  metric=rpr
2026-10-08T12:19:03Z  OBSERVE  checkoutservice->currencyservice  rpr=0.0000  low=251 high=0  elapsed_s=499  attempts=3  state=ON  metric=rpr
2026-10-08T12:19:03Z  OBSERVE  checkoutservice->emailservice  rpr=0.0000  low=251 high=0  elapsed_s=499  attempts=3  state=ON  metric=rpr
2026-10-08T12:19:03Z  OBSERVE  checkoutservice->paymentservice  rpr=0.0000  low=251 high=0  elapsed_s=499  attempts=3  state=ON  metric=rpr
2026-10-08T12:19:03Z  OBSERVE  checkoutservice->shippingservice  rpr=0.0000  low=251 high=0  elapsed_s=499  attempts=3  state=ON  metric=rpr
2026-10-08T12:19:03Z  OBSERVE  recommendationservice->productcatalogservice  rpr=0.0000  low=254 high=0  elapsed_s=500  attempts=3  state=ON  metric=rpr
2026-10-08T12:19:03Z  OBSERVE  recommendationservice  rejection=0.5832  low=0 high=67  elapsed_s=132  state=OFF  metric=rejection
2026-10-08T12:19:05Z  OBSERVE  frontend->adservice  rpr=0.0000  low=254 high=0  elapsed_s=501  attempts=3  state=ON  metric=rpr
2026-10-08T12:19:05Z  OBSERVE  frontend->cartservice  rpr=0.0000  low=255 high=0  elapsed_s=502  attempts=3  state=ON  metric=rpr
2026-10-08T12:19:05Z  OBSERVE  frontend->checkoutservice  rpr=0.0000  low=227 high=0  elapsed_s=454  attempts=3  state=ON  metric=rpr
2026-10-08T12:19:05Z  OBSERVE  frontend->currencyservice  rpr=0.0000  low=255 high=0  elapsed_s=502  attempts=3  state=ON  metric=rpr
2026-10-08T12:19:05Z  OBSERVE  frontend->productcatalogservice  rpr=0.0000  low=255 high=0  elapsed_s=502  attempts=3  state=ON  metric=rpr
2026-10-08T12:19:05Z  OBSERVE  frontend->shippingservice  rpr=0.0000  low=254 high=0  elapsed_s=502  attempts=3  state=ON  metric=rpr
2026-10-08T12:19:05Z  OBSERVE  checkoutservice->cartservice  rpr=0.0000  low=252 high=0  elapsed_s=501  attempts=3  state=ON  metric=rpr
2026-10-08T12:19:05Z  OBSERVE  checkoutservice->currencyservice  rpr=0.0000  low=252 high=0  elapsed_s=501  attempts=3  state=ON  metric=rpr
2026-10-08T12:19:05Z  OBSERVE  checkoutservice->emailservice  rpr=0.0000  low=252 high=0  elapsed_s=501  attempts=3  state=ON  metric=rpr
2026-10-08T12:19:05Z  OBSERVE  checkoutservice->paymentservice  rpr=0.0000  low=252 high=0  elapsed_s=501  attempts=3  state=ON  metric=rpr
2026-10-08T12:19:05Z  OBSERVE  checkoutservice->shippingservice  rpr=0.0000  low=252 high=0  elapsed_s=501  attempts=3  state=ON  metric=rpr
2026-10-08T12:19:05Z  OBSERVE  recommendationservice->productcatalogservice  rpr=0.0000  low=255 high=0  elapsed_s=502  attempts=3  state=ON  metric=rpr
2026-10-08T12:19:05Z  OBSERVE  recommendationservice  rejection=0.6438  low=0 high=68  elapsed_s=134  state=OFF  metric=rejection
2026-10-08T12:19:07Z  OBSERVE  frontend->adservice  rpr=0.0000  low=255 high=0  elapsed_s=503  attempts=3  state=ON  metric=rpr
2026-10-08T12:19:07Z  OBSERVE  frontend->cartservice  rpr=0.0000  low=256 high=0  elapsed_s=504  attempts=3  state=ON  metric=rpr
2026-10-08T12:19:07Z  OBSERVE  frontend->checkoutservice  rpr=0.0000  low=228 high=0  elapsed_s=456  attempts=3  state=ON  metric=rpr
2026-10-08T12:19:07Z  OBSERVE  frontend->currencyservice  rpr=0.0000  low=256 high=0  elapsed_s=504  attempts=3  state=ON  metric=rpr
2026-10-08T12:19:07Z  OBSERVE  frontend->productcatalogservice  rpr=0.0000  low=256 high=0  elapsed_s=504  attempts=3  state=ON  metric=rpr
2026-10-08T12:19:07Z  OBSERVE  frontend->shippingservice  rpr=0.0000  low=255 high=0  elapsed_s=504  attempts=3  state=ON  metric=rpr
2026-10-08T12:19:07Z  OBSERVE  checkoutservice->cartservice  rpr=0.0000  low=253 high=0  elapsed_s=503  attempts=3  state=ON  metric=rpr
2026-10-08T12:19:07Z  OBSERVE  checkoutservice->currencyservice  rpr=0.0000  low=253 high=0  elapsed_s=503  attempts=3  state=ON  metric=rpr
2026-10-08T12:19:07Z  OBSERVE  checkoutservice->emailservice  rpr=0.0000  low=253 high=0  elapsed_s=503  attempts=3  state=ON  metric=rpr
2026-10-08T12:19:07Z  OBSERVE  checkoutservice->paymentservice  rpr=0.0000  low=253 high=0  elapsed_s=503  attempts=3  state=ON  metric=rpr
2026-10-08T12:19:07Z  OBSERVE  checkoutservice->shippingservice  rpr=0.0000  low=253 high=0  elapsed_s=503  attempts=3  state=ON  metric=rpr
2026-10-08T12:19:07Z  OBSERVE  recommendationservice->productcatalogservice  rpr=0.0000  low=256 high=0  elapsed_s=504  attempts=3  state=ON  metric=rpr
2026-10-08T12:19:07Z  OBSERVE  recommendationservice  rejection=0.9442  low=0 high=69  elapsed_s=136  state=OFF  metric=rejection
2026-10-08T12:19:09Z  OBSERVE  frontend->adservice  rpr=0.0000  low=256 high=0  elapsed_s=505  attempts=3  state=ON  metric=rpr
2026-10-08T12:19:09Z  OBSERVE  frontend->cartservice  rpr=0.0000  low=257 high=0  elapsed_s=506  attempts=3  state=ON  metric=rpr
2026-10-08T12:19:09Z  OBSERVE  frontend->checkoutservice  rpr=0.0000  low=229 high=0  elapsed_s=458  attempts=3  state=ON  metric=rpr
2026-10-08T12:19:09Z  OBSERVE  frontend->currencyservice  rpr=0.0000  low=257 high=0  elapsed_s=506  attempts=3  state=ON  metric=rpr
2026-10-08T12:19:09Z  OBSERVE  frontend->productcatalogservice  rpr=0.0000  low=257 high=0  elapsed_s=506  attempts=3  state=ON  metric=rpr
2026-10-08T12:19:09Z  OBSERVE  frontend->shippingservice  rpr=0.0000  low=256 high=0  elapsed_s=506  attempts=3  state=ON  metric=rpr
2026-10-08T12:19:09Z  OBSERVE  checkoutservice->cartservice  rpr=0.0000  low=254 high=0  elapsed_s=505  attempts=3  state=ON  metric=rpr
2026-10-08T12:19:09Z  OBSERVE  checkoutservice->currencyservice  rpr=0.0000  low=254 high=0  elapsed_s=505  attempts=3  state=ON  metric=rpr
2026-10-08T12:19:09Z  OBSERVE  checkoutservice->emailservice  rpr=0.0000  low=254 high=0  elapsed_s=505  attempts=3  state=ON  metric=rpr
2026-10-08T12:19:09Z  OBSERVE  checkoutservice->paymentservice  rpr=0.0000  low=254 high=0  elapsed_s=505  attempts=3  state=ON  metric=rpr
2026-10-08T12:19:09Z  OBSERVE  checkoutservice->shippingservice  rpr=0.0000  low=254 high=0  elapsed_s=505  attempts=3  state=ON  metric=rpr
2026-10-08T12:19:09Z  OBSERVE  recommendationservice->productcatalogservice  rpr=0.0000  low=257 high=0  elapsed_s=506  attempts=3  state=ON  metric=rpr
2026-10-08T12:19:09Z  OBSERVE  recommendationservice  rejection=0.6936  low=0 high=70  elapsed_s=138  state=OFF  metric=rejection
2026-10-08T12:19:11Z  OBSERVE  frontend->adservice  rpr=0.0000  low=257 high=0  elapsed_s=507  attempts=3  state=ON  metric=rpr
2026-10-08T12:19:11Z  OBSERVE  frontend->cartservice  rpr=0.0000  low=258 high=0  elapsed_s=508  attempts=3  state=ON  metric=rpr
2026-10-08T12:19:11Z  OBSERVE  frontend->checkoutservice  rpr=0.0000  low=230 high=0  elapsed_s=460  attempts=3  state=ON  metric=rpr
2026-10-08T12:19:11Z  OBSERVE  frontend->currencyservice  rpr=0.0000  low=258 high=0  elapsed_s=508  attempts=3  state=ON  metric=rpr
2026-10-08T12:19:11Z  OBSERVE  frontend->productcatalogservice  rpr=0.0000  low=258 high=0  elapsed_s=508  attempts=3  state=ON  metric=rpr
2026-10-08T12:19:11Z  OBSERVE  frontend->shippingservice  rpr=0.0000  low=257 high=0  elapsed_s=508  attempts=3  state=ON  metric=rpr
2026-10-08T12:19:11Z  OBSERVE  checkoutservice->cartservice  rpr=0.0000  low=255 high=0  elapsed_s=507  attempts=3  state=ON  metric=rpr
2026-10-08T12:19:11Z  OBSERVE  checkoutservice->currencyservice  rpr=0.0000  low=255 high=0  elapsed_s=507  attempts=3  state=ON  metric=rpr
2026-10-08T12:19:11Z  OBSERVE  checkoutservice->emailservice  rpr=0.0000  low=255 high=0  elapsed_s=507  attempts=3  state=ON  metric=rpr
2026-10-08T12:19:11Z  OBSERVE  checkoutservice->paymentservice  rpr=0.0000  low=255 high=0  elapsed_s=507  attempts=3  state=ON  metric=rpr
2026-10-08T12:19:11Z  OBSERVE  checkoutservice->shippingservice  rpr=0.0000  low=255 high=0  elapsed_s=507  attempts=3  state=ON  metric=rpr
2026-10-08T12:19:11Z  OBSERVE  recommendationservice->productcatalogservice  rpr=0.0000  low=258 high=0  elapsed_s=508  attempts=3  state=ON  metric=rpr
2026-10-08T12:19:11Z  OBSERVE  recommendationservice  rejection=0.8424  low=0 high=71  elapsed_s=140  state=OFF  metric=rejection
2026-10-08T12:19:13Z  OBSERVE  frontend->adservice  rpr=0.0000  low=258 high=0  elapsed_s=509  attempts=3  state=ON  metric=rpr
2026-10-08T12:19:13Z  OBSERVE  frontend->cartservice  rpr=0.0000  low=259 high=0  elapsed_s=510  attempts=3  state=ON  metric=rpr
2026-10-08T12:19:13Z  OBSERVE  frontend->checkoutservice  rpr=0.0000  low=231 high=0  elapsed_s=462  attempts=3  state=ON  metric=rpr
2026-10-08T12:19:13Z  OBSERVE  frontend->currencyservice  rpr=0.0000  low=259 high=0  elapsed_s=510  attempts=3  state=ON  metric=rpr
2026-10-08T12:19:13Z  OBSERVE  frontend->productcatalogservice  rpr=0.0000  low=259 high=0  elapsed_s=510  attempts=3  state=ON  metric=rpr
2026-10-08T12:19:13Z  OBSERVE  frontend->shippingservice  rpr=0.0000  low=258 high=0  elapsed_s=510  attempts=3  state=ON  metric=rpr
2026-10-08T12:19:13Z  OBSERVE  checkoutservice->cartservice  rpr=0.0000  low=256 high=0  elapsed_s=509  attempts=3  state=ON  metric=rpr
2026-10-08T12:19:13Z  OBSERVE  checkoutservice->currencyservice  rpr=0.0000  low=256 high=0  elapsed_s=509  attempts=3  state=ON  metric=rpr
2026-10-08T12:19:13Z  OBSERVE  checkoutservice->emailservice  rpr=0.0000  low=256 high=0  elapsed_s=509  attempts=3  state=ON  metric=rpr
2026-10-08T12:19:13Z  OBSERVE  checkoutservice->paymentservice  rpr=0.0000  low=256 high=0  elapsed_s=509  attempts=3  state=ON  metric=rpr
2026-10-08T12:19:13Z  OBSERVE  checkoutservice->shippingservice  rpr=0.0000  low=256 high=0  elapsed_s=509  attempts=3  state=ON  metric=rpr
2026-10-08T12:19:13Z  OBSERVE  recommendationservice->productcatalogservice  rpr=0.0000  low=259 high=0  elapsed_s=510  attempts=3  state=ON  metric=rpr
2026-10-08T12:19:13Z  OBSERVE  recommendationservice  rejection=0.5656  low=0 high=72  elapsed_s=142  state=OFF  metric=rejection
2026-10-08T12:19:15Z  OBSERVE  frontend->adservice  rpr=0.0000  low=259 high=0  elapsed_s=511  attempts=3  state=ON  metric=rpr
2026-10-08T12:19:15Z  OBSERVE  frontend->cartservice  rpr=0.0000  low=260 high=0  elapsed_s=512  attempts=3  state=ON  metric=rpr
2026-10-08T12:19:15Z  OBSERVE  frontend->checkoutservice  rpr=0.0000  low=232 high=0  elapsed_s=464  attempts=3  state=ON  metric=rpr
2026-10-08T12:19:15Z  OBSERVE  frontend->currencyservice  rpr=0.0000  low=260 high=0  elapsed_s=512  attempts=3  state=ON  metric=rpr
2026-10-08T12:19:15Z  OBSERVE  frontend->productcatalogservice  rpr=0.0000  low=260 high=0  elapsed_s=512  attempts=3  state=ON  metric=rpr
2026-10-08T12:19:15Z  OBSERVE  frontend->shippingservice  rpr=0.0000  low=259 high=0  elapsed_s=512  attempts=3  state=ON  metric=rpr
2026-10-08T12:19:15Z  OBSERVE  checkoutservice->cartservice  rpr=0.0000  low=257 high=0  elapsed_s=511  attempts=3  state=ON  metric=rpr
2026-10-08T12:19:15Z  OBSERVE  checkoutservice->currencyservice  rpr=0.0000  low=257 high=0  elapsed_s=511  attempts=3  state=ON  metric=rpr
2026-10-08T12:19:15Z  OBSERVE  checkoutservice->emailservice  rpr=0.0000  low=257 high=0  elapsed_s=511  attempts=3  state=ON  metric=rpr
2026-10-08T12:19:15Z  OBSERVE  checkoutservice->paymentservice  rpr=0.0000  low=257 high=0  elapsed_s=511  attempts=3  state=ON  metric=rpr
2026-10-08T12:19:15Z  OBSERVE  checkoutservice->shippingservice  rpr=0.0000  low=257 high=0  elapsed_s=511  attempts=3  state=ON  metric=rpr
2026-10-08T12:19:15Z  OBSERVE  recommendationservice->productcatalogservice  rpr=0.0000  low=260 high=0  elapsed_s=512  attempts=3  state=ON  metric=rpr
2026-10-08T12:19:15Z  OBSERVE  recommendationservice  rejection=0.5468  low=0 high=73  elapsed_s=144  state=OFF  metric=rejection
2026-10-08T12:19:17Z  OBSERVE  frontend->adservice  rpr=0.0000  low=260 high=0  elapsed_s=513  attempts=3  state=ON  metric=rpr
2026-10-08T12:19:17Z  OBSERVE  frontend->cartservice  rpr=0.0000  low=261 high=0  elapsed_s=514  attempts=3  state=ON  metric=rpr
2026-10-08T12:19:17Z  OBSERVE  frontend->checkoutservice  rpr=0.0000  low=233 high=0  elapsed_s=466  attempts=3  state=ON  metric=rpr
2026-10-08T12:19:17Z  OBSERVE  frontend->currencyservice  rpr=0.0000  low=261 high=0  elapsed_s=514  attempts=3  state=ON  metric=rpr
2026-10-08T12:19:17Z  OBSERVE  frontend->productcatalogservice  rpr=0.0000  low=261 high=0  elapsed_s=514  attempts=3  state=ON  metric=rpr
2026-10-08T12:19:17Z  OBSERVE  frontend->shippingservice  rpr=0.0000  low=260 high=0  elapsed_s=514  attempts=3  state=ON  metric=rpr
2026-10-08T12:19:17Z  OBSERVE  checkoutservice->cartservice  rpr=0.0000  low=258 high=0  elapsed_s=513  attempts=3  state=ON  metric=rpr
2026-10-08T12:19:17Z  OBSERVE  checkoutservice->currencyservice  rpr=0.0000  low=258 high=0  elapsed_s=513  attempts=3  state=ON  metric=rpr
2026-10-08T12:19:17Z  OBSERVE  checkoutservice->emailservice  rpr=0.0000  low=258 high=0  elapsed_s=513  attempts=3  state=ON  metric=rpr
2026-10-08T12:19:17Z  OBSERVE  checkoutservice->paymentservice  rpr=0.0000  low=258 high=0  elapsed_s=513  attempts=3  state=ON  metric=rpr
2026-10-08T12:19:17Z  OBSERVE  checkoutservice->shippingservice  rpr=0.0000  low=258 high=0  elapsed_s=513  attempts=3  state=ON  metric=rpr
2026-10-08T12:19:17Z  OBSERVE  recommendationservice->productcatalogservice  rpr=0.0000  low=261 high=0  elapsed_s=514  attempts=3  state=ON  metric=rpr
2026-10-08T12:19:17Z  OBSERVE  recommendationservice  rejection=0.8928  low=0 high=74  elapsed_s=146  state=OFF  metric=rejection
2026-10-08T12:19:19Z  OBSERVE  frontend->adservice  rpr=0.0000  low=261 high=0  elapsed_s=515  attempts=3  state=ON  metric=rpr
2026-10-08T12:19:19Z  OBSERVE  frontend->cartservice  rpr=0.0000  low=262 high=0  elapsed_s=516  attempts=3  state=ON  metric=rpr
2026-10-08T12:19:19Z  OBSERVE  frontend->checkoutservice  rpr=0.0000  low=234 high=0  elapsed_s=468  attempts=3  state=ON  metric=rpr
2026-10-08T12:19:19Z  OBSERVE  frontend->currencyservice  rpr=0.0000  low=262 high=0  elapsed_s=516  attempts=3  state=ON  metric=rpr
2026-10-08T12:19:19Z  OBSERVE  frontend->productcatalogservice  rpr=0.0000  low=262 high=0  elapsed_s=516  attempts=3  state=ON  metric=rpr
2026-10-08T12:19:19Z  OBSERVE  frontend->shippingservice  rpr=0.0000  low=261 high=0  elapsed_s=516  attempts=3  state=ON  metric=rpr
2026-10-08T12:19:19Z  OBSERVE  checkoutservice->cartservice  rpr=0.0000  low=259 high=0  elapsed_s=515  attempts=3  state=ON  metric=rpr
2026-10-08T12:19:19Z  OBSERVE  checkoutservice->currencyservice  rpr=0.0000  low=259 high=0  elapsed_s=515  attempts=3  state=ON  metric=rpr
2026-10-08T12:19:19Z  OBSERVE  checkoutservice->emailservice  rpr=0.0000  low=259 high=0  elapsed_s=515  attempts=3  state=ON  metric=rpr
2026-10-08T12:19:19Z  OBSERVE  checkoutservice->paymentservice  rpr=0.0000  low=259 high=0  elapsed_s=515  attempts=3  state=ON  metric=rpr
2026-10-08T12:19:19Z  OBSERVE  checkoutservice->shippingservice  rpr=0.0000  low=259 high=0  elapsed_s=515  attempts=3  state=ON  metric=rpr
2026-10-08T12:19:19Z  OBSERVE  recommendationservice->productcatalogservice  rpr=0.0000  low=262 high=0  elapsed_s=516  attempts=3  state=ON  metric=rpr
2026-10-08T12:19:19Z  OBSERVE  recommendationservice  rejection=0.8035  low=0 high=75  elapsed_s=148  state=OFF  metric=rejection
2026-10-08T12:19:21Z  OBSERVE  frontend->adservice  rpr=0.0000  low=262 high=0  elapsed_s=517  attempts=3  state=ON  metric=rpr
2026-10-08T12:19:21Z  OBSERVE  frontend->cartservice  rpr=0.0000  low=263 high=0  elapsed_s=518  attempts=3  state=ON  metric=rpr
2026-10-08T12:19:21Z  OBSERVE  frontend->checkoutservice  rpr=0.0000  low=235 high=0  elapsed_s=470  attempts=3  state=ON  metric=rpr
2026-10-08T12:19:21Z  OBSERVE  frontend->currencyservice  rpr=0.0000  low=263 high=0  elapsed_s=518  attempts=3  state=ON  metric=rpr
2026-10-08T12:19:21Z  OBSERVE  frontend->productcatalogservice  rpr=0.0000  low=263 high=0  elapsed_s=518  attempts=3  state=ON  metric=rpr
2026-10-08T12:19:21Z  OBSERVE  frontend->shippingservice  rpr=0.0000  low=262 high=0  elapsed_s=518  attempts=3  state=ON  metric=rpr
2026-10-08T12:19:21Z  OBSERVE  checkoutservice->cartservice  rpr=0.0000  low=260 high=0  elapsed_s=517  attempts=3  state=ON  metric=rpr
2026-10-08T12:19:21Z  OBSERVE  checkoutservice->currencyservice  rpr=0.0000  low=260 high=0  elapsed_s=517  attempts=3  state=ON  metric=rpr
2026-10-08T12:19:21Z  OBSERVE  checkoutservice->emailservice  rpr=0.0000  low=260 high=0  elapsed_s=517  attempts=3  state=ON  metric=rpr
2026-10-08T12:19:21Z  OBSERVE  checkoutservice->paymentservice  rpr=0.0000  low=260 high=0  elapsed_s=517  attempts=3  state=ON  metric=rpr
2026-10-08T12:19:21Z  OBSERVE  checkoutservice->shippingservice  rpr=0.0000  low=260 high=0  elapsed_s=517  attempts=3  state=ON  metric=rpr
2026-10-08T12:19:21Z  OBSERVE  recommendationservice->productcatalogservice  rpr=0.0000  low=263 high=0  elapsed_s=518  attempts=3  state=ON  metric=rpr
2026-10-08T12:19:21Z  OBSERVE  recommendationservice  rejection=0.9033  low=0 high=76  elapsed_s=150  state=OFF  metric=rejection
2026-10-08T12:19:23Z  OBSERVE  frontend->adservice  rpr=0.0000  low=263 high=0  elapsed_s=519  attempts=3  state=ON  metric=rpr
2026-10-08T12:19:23Z  OBSERVE  frontend->cartservice  rpr=0.0000  low=264 high=0  elapsed_s=520  attempts=3  state=ON  metric=rpr
2026-10-08T12:19:23Z  OBSERVE  frontend->checkoutservice  rpr=0.0000  low=236 high=0  elapsed_s=472  attempts=3  state=ON  metric=rpr
2026-10-08T12:19:23Z  OBSERVE  frontend->currencyservice  rpr=0.0000  low=264 high=0  elapsed_s=520  attempts=3  state=ON  metric=rpr
2026-10-08T12:19:23Z  OBSERVE  frontend->productcatalogservice  rpr=0.0000  low=264 high=0  elapsed_s=520  attempts=3  state=ON  metric=rpr
2026-10-08T12:19:23Z  OBSERVE  frontend->shippingservice  rpr=0.0000  low=263 high=0  elapsed_s=520  attempts=3  state=ON  metric=rpr
2026-10-08T12:19:23Z  OBSERVE  checkoutservice->cartservice  rpr=0.0000  low=261 high=0  elapsed_s=519  attempts=3  state=ON  metric=rpr
2026-10-08T12:19:23Z  OBSERVE  checkoutservice->currencyservice  rpr=0.0000  low=261 high=0  elapsed_s=519  attempts=3  state=ON  metric=rpr
2026-10-08T12:19:23Z  OBSERVE  checkoutservice->emailservice  rpr=0.0000  low=261 high=0  elapsed_s=519  attempts=3  state=ON  metric=rpr
2026-10-08T12:19:23Z  OBSERVE  checkoutservice->paymentservice  rpr=0.0000  low=261 high=0  elapsed_s=519  attempts=3  state=ON  metric=rpr
2026-10-08T12:19:23Z  OBSERVE  checkoutservice->shippingservice  rpr=0.0000  low=261 high=0  elapsed_s=519  attempts=3  state=ON  metric=rpr
2026-10-08T12:19:23Z  OBSERVE  recommendationservice->productcatalogservice  rpr=0.0000  low=264 high=0  elapsed_s=520  attempts=3  state=ON  metric=rpr
2026-10-08T12:19:23Z  OBSERVE  recommendationservice  rejection=0.8212  low=0 high=77  elapsed_s=152  state=OFF  metric=rejection
2026-10-08T12:19:25Z  OBSERVE  frontend->adservice  rpr=0.0000  low=264 high=0  elapsed_s=521  attempts=3  state=ON  metric=rpr
2026-10-08T12:19:25Z  OBSERVE  frontend->cartservice  rpr=0.0000  low=265 high=0  elapsed_s=522  attempts=3  state=ON  metric=rpr
2026-10-08T12:19:25Z  OBSERVE  frontend->checkoutservice  rpr=0.0000  low=237 high=0  elapsed_s=474  attempts=3  state=ON  metric=rpr
2026-10-08T12:19:25Z  OBSERVE  frontend->currencyservice  rpr=0.0000  low=265 high=0  elapsed_s=522  attempts=3  state=ON  metric=rpr
2026-10-08T12:19:25Z  OBSERVE  frontend->productcatalogservice  rpr=0.0000  low=265 high=0  elapsed_s=522  attempts=3  state=ON  metric=rpr
2026-10-08T12:19:25Z  OBSERVE  frontend->shippingservice  rpr=0.0000  low=264 high=0  elapsed_s=522  attempts=3  state=ON  metric=rpr
2026-10-08T12:19:25Z  OBSERVE  checkoutservice->cartservice  rpr=0.0000  low=262 high=0  elapsed_s=521  attempts=3  state=ON  metric=rpr
2026-10-08T12:19:25Z  OBSERVE  checkoutservice->currencyservice  rpr=0.0000  low=262 high=0  elapsed_s=521  attempts=3  state=ON  metric=rpr
2026-10-08T12:19:25Z  OBSERVE  checkoutservice->emailservice  rpr=0.0000  low=262 high=0  elapsed_s=521  attempts=3  state=ON  metric=rpr
2026-10-08T12:19:25Z  OBSERVE  checkoutservice->paymentservice  rpr=0.0000  low=262 high=0  elapsed_s=521  attempts=3  state=ON  metric=rpr
2026-10-08T12:19:25Z  OBSERVE  checkoutservice->shippingservice  rpr=0.0000  low=262 high=0  elapsed_s=521  attempts=3  state=ON  metric=rpr
2026-10-08T12:19:25Z  OBSERVE  recommendationservice->productcatalogservice  rpr=0.0000  low=265 high=0  elapsed_s=522  attempts=3  state=ON  metric=rpr
2026-10-08T12:19:25Z  OBSERVE  recommendationservice  rejection=0.6158  low=0 high=78  elapsed_s=154  state=OFF  metric=rejection
2026-10-08T12:19:27Z  OBSERVE  frontend->adservice  rpr=0.0000  low=265 high=0  elapsed_s=523  attempts=3  state=ON  metric=rpr
2026-10-08T12:19:27Z  OBSERVE  frontend->cartservice  rpr=0.0000  low=266 high=0  elapsed_s=524  attempts=3  state=ON  metric=rpr
2026-10-08T12:19:27Z  OBSERVE  frontend->checkoutservice  rpr=0.0000  low=238 high=0  elapsed_s=476  attempts=3  state=ON  metric=rpr
2026-10-08T12:19:27Z  OBSERVE  frontend->currencyservice  rpr=0.0000  low=266 high=0  elapsed_s=524  attempts=3  state=ON  metric=rpr
2026-10-08T12:19:27Z  OBSERVE  frontend->productcatalogservice  rpr=0.0000  low=266 high=0  elapsed_s=524  attempts=3  state=ON  metric=rpr
2026-10-08T12:19:27Z  OBSERVE  frontend->shippingservice  rpr=0.0000  low=265 high=0  elapsed_s=524  attempts=3  state=ON  metric=rpr
2026-10-08T12:19:27Z  OBSERVE  checkoutservice->cartservice  rpr=0.0000  low=263 high=0  elapsed_s=523  attempts=3  state=ON  metric=rpr
2026-10-08T12:19:27Z  OBSERVE  checkoutservice->currencyservice  rpr=0.0000  low=263 high=0  elapsed_s=523  attempts=3  state=ON  metric=rpr
2026-10-08T12:19:27Z  OBSERVE  checkoutservice->emailservice  rpr=0.0000  low=263 high=0  elapsed_s=523  attempts=3  state=ON  metric=rpr
2026-10-08T12:19:27Z  OBSERVE  checkoutservice->paymentservice  rpr=0.0000  low=263 high=0  elapsed_s=523  attempts=3  state=ON  metric=rpr
2026-10-08T12:19:27Z  OBSERVE  checkoutservice->shippingservice  rpr=0.0000  low=263 high=0  elapsed_s=523  attempts=3  state=ON  metric=rpr
2026-10-08T12:19:27Z  OBSERVE  recommendationservice->productcatalogservice  rpr=0.0000  low=266 high=0  elapsed_s=524  attempts=3  state=ON  metric=rpr
2026-10-08T12:19:27Z  OBSERVE  recommendationservice  rejection=0.8869  low=0 high=79  elapsed_s=156  state=OFF  metric=rejection
2026-10-08T12:19:29Z  OBSERVE  frontend->adservice  rpr=0.0000  low=266 high=0  elapsed_s=525  attempts=3  state=ON  metric=rpr
2026-10-08T12:19:29Z  OBSERVE  frontend->cartservice  rpr=0.0000  low=267 high=0  elapsed_s=526  attempts=3  state=ON  metric=rpr
2026-10-08T12:19:29Z  OBSERVE  frontend->checkoutservice  rpr=0.0000  low=239 high=0  elapsed_s=478  attempts=3  state=ON  metric=rpr
2026-10-08T12:19:29Z  OBSERVE  frontend->currencyservice  rpr=0.0000  low=267 high=0  elapsed_s=526  attempts=3  state=ON  metric=rpr
2026-10-08T12:19:29Z  OBSERVE  frontend->productcatalogservice  rpr=0.0000  low=267 high=0  elapsed_s=526  attempts=3  state=ON  metric=rpr
2026-10-08T12:19:29Z  OBSERVE  frontend->shippingservice  rpr=0.0000  low=266 high=0  elapsed_s=526  attempts=3  state=ON  metric=rpr
2026-10-08T12:19:29Z  OBSERVE  checkoutservice->cartservice  rpr=0.0000  low=264 high=0  elapsed_s=525  attempts=3  state=ON  metric=rpr
2026-10-08T12:19:29Z  OBSERVE  checkoutservice->currencyservice  rpr=0.0000  low=264 high=0  elapsed_s=525  attempts=3  state=ON  metric=rpr
2026-10-08T12:19:29Z  OBSERVE  checkoutservice->emailservice  rpr=0.0000  low=264 high=0  elapsed_s=525  attempts=3  state=ON  metric=rpr
2026-10-08T12:19:29Z  OBSERVE  checkoutservice->paymentservice  rpr=0.0000  low=264 high=0  elapsed_s=525  attempts=3  state=ON  metric=rpr
2026-10-08T12:19:29Z  OBSERVE  checkoutservice->shippingservice  rpr=0.0000  low=264 high=0  elapsed_s=525  attempts=3  state=ON  metric=rpr
2026-10-08T12:19:29Z  OBSERVE  recommendationservice->productcatalogservice  rpr=0.0000  low=267 high=0  elapsed_s=526  attempts=3  state=ON  metric=rpr
2026-10-08T12:19:29Z  OBSERVE  recommendationservice  rejection=0.6979  low=0 high=80  elapsed_s=158  state=OFF  metric=rejection
2026-10-08T12:19:31Z  OBSERVE  frontend->adservice  rpr=0.0000  low=267 high=0  elapsed_s=527  attempts=3  state=ON  metric=rpr
2026-10-08T12:19:31Z  OBSERVE  frontend->cartservice  rpr=0.0000  low=268 high=0  elapsed_s=528  attempts=3  state=ON  metric=rpr
2026-10-08T12:19:31Z  OBSERVE  frontend->checkoutservice  rpr=0.0000  low=240 high=0  elapsed_s=480  attempts=3  state=ON  metric=rpr
2026-10-08T12:19:31Z  OBSERVE  frontend->currencyservice  rpr=0.0000  low=268 high=0  elapsed_s=528  attempts=3  state=ON  metric=rpr
2026-10-08T12:19:31Z  OBSERVE  frontend->productcatalogservice  rpr=0.0000  low=268 high=0  elapsed_s=528  attempts=3  state=ON  metric=rpr
2026-10-08T12:19:31Z  OBSERVE  frontend->shippingservice  rpr=0.0000  low=267 high=0  elapsed_s=528  attempts=3  state=ON  metric=rpr
2026-10-08T12:19:31Z  OBSERVE  checkoutservice->cartservice  rpr=0.0000  low=265 high=0  elapsed_s=527  attempts=3  state=ON  metric=rpr
2026-10-08T12:19:31Z  OBSERVE  checkoutservice->currencyservice  rpr=0.0000  low=265 high=0  elapsed_s=527  attempts=3  state=ON  metric=rpr
2026-10-08T12:19:31Z  OBSERVE  checkoutservice->emailservice  rpr=0.0000  low=265 high=0  elapsed_s=527  attempts=3  state=ON  metric=rpr
2026-10-08T12:19:31Z  OBSERVE  checkoutservice->paymentservice  rpr=0.0000  low=265 high=0  elapsed_s=527  attempts=3  state=ON  metric=rpr
2026-10-08T12:19:31Z  OBSERVE  checkoutservice->shippingservice  rpr=0.0000  low=265 high=0  elapsed_s=527  attempts=3  state=ON  metric=rpr
2026-10-08T12:19:31Z  OBSERVE  recommendationservice->productcatalogservice  rpr=0.0000  low=268 high=0  elapsed_s=528  attempts=3  state=ON  metric=rpr
2026-10-08T12:19:31Z  OBSERVE  recommendationservice  rejection=0.5085  low=0 high=81  elapsed_s=160  state=OFF  metric=rejection
2026-10-08T12:19:33Z  OBSERVE  frontend->adservice  rpr=0.0000  low=268 high=0  elapsed_s=529  attempts=3  state=ON  metric=rpr
2026-10-08T12:19:33Z  OBSERVE  frontend->cartservice  rpr=0.0000  low=269 high=0  elapsed_s=530  attempts=3  state=ON  metric=rpr
2026-10-08T12:19:33Z  OBSERVE  frontend->checkoutservice  rpr=0.0000  low=241 high=0  elapsed_s=482  attempts=3  state=ON  metric=rpr
2026-10-08T12:19:33Z  OBSERVE  frontend->currencyservice  rpr=0.0000  low=269 high=0  elapsed_s=530  attempts=3  state=ON  metric=rpr
2026-10-08T12:19:33Z  OBSERVE  frontend->productcatalogservice  rpr=0.0000  low=269 high=0  elapsed_s=530  attempts=3  state=ON  metric=rpr
2026-10-08T12:19:33Z  OBSERVE  frontend->shippingservice  rpr=0.0000  low=268 high=0  elapsed_s=530  attempts=3  state=ON  metric=rpr
2026-10-08T12:19:33Z  OBSERVE  checkoutservice->cartservice  rpr=0.0000  low=266 high=0  elapsed_s=529  attempts=3  state=ON  metric=rpr
2026-10-08T12:19:33Z  OBSERVE  checkoutservice->currencyservice  rpr=0.0000  low=266 high=0  elapsed_s=529  attempts=3  state=ON  metric=rpr
2026-10-08T12:19:33Z  OBSERVE  checkoutservice->emailservice  rpr=0.0000  low=266 high=0  elapsed_s=529  attempts=3  state=ON  metric=rpr
2026-10-08T12:19:33Z  OBSERVE  checkoutservice->paymentservice  rpr=0.0000  low=266 high=0  elapsed_s=529  attempts=3  state=ON  metric=rpr
2026-10-08T12:19:33Z  OBSERVE  checkoutservice->shippingservice  rpr=0.0000  low=266 high=0  elapsed_s=529  attempts=3  state=ON  metric=rpr
2026-10-08T12:19:33Z  OBSERVE  recommendationservice->productcatalogservice  rpr=0.0000  low=269 high=0  elapsed_s=530  attempts=3  state=ON  metric=rpr
2026-10-08T12:19:33Z  OBSERVE  recommendationservice  rejection=0.4981  low=0 high=82  elapsed_s=162  state=OFF  metric=rejection
2026-10-08T12:19:35Z  OBSERVE  frontend->adservice  rpr=0.0000  low=269 high=0  elapsed_s=531  attempts=3  state=ON  metric=rpr
2026-10-08T12:19:35Z  OBSERVE  frontend->cartservice  rpr=0.0000  low=270 high=0  elapsed_s=532  attempts=3  state=ON  metric=rpr
2026-10-08T12:19:35Z  OBSERVE  frontend->checkoutservice  rpr=0.0000  low=242 high=0  elapsed_s=484  attempts=3  state=ON  metric=rpr
2026-10-08T12:19:35Z  OBSERVE  frontend->currencyservice  rpr=0.0000  low=270 high=0  elapsed_s=532  attempts=3  state=ON  metric=rpr
2026-10-08T12:19:35Z  OBSERVE  frontend->productcatalogservice  rpr=0.0000  low=270 high=0  elapsed_s=532  attempts=3  state=ON  metric=rpr
2026-10-08T12:19:35Z  OBSERVE  frontend->shippingservice  rpr=0.0000  low=269 high=0  elapsed_s=532  attempts=3  state=ON  metric=rpr
2026-10-08T12:19:35Z  OBSERVE  checkoutservice->cartservice  rpr=0.0000  low=267 high=0  elapsed_s=531  attempts=3  state=ON  metric=rpr
2026-10-08T12:19:35Z  OBSERVE  checkoutservice->currencyservice  rpr=0.0000  low=267 high=0  elapsed_s=531  attempts=3  state=ON  metric=rpr
2026-10-08T12:19:35Z  OBSERVE  checkoutservice->emailservice  rpr=0.0000  low=267 high=0  elapsed_s=531  attempts=3  state=ON  metric=rpr
2026-10-08T12:19:35Z  OBSERVE  checkoutservice->paymentservice  rpr=0.0000  low=267 high=0  elapsed_s=531  attempts=3  state=ON  metric=rpr
2026-10-08T12:19:35Z  OBSERVE  checkoutservice->shippingservice  rpr=0.0000  low=267 high=0  elapsed_s=531  attempts=3  state=ON  metric=rpr
2026-10-08T12:19:35Z  OBSERVE  recommendationservice->productcatalogservice  rpr=0.0000  low=270 high=0  elapsed_s=532  attempts=3  state=ON  metric=rpr
2026-10-08T12:19:35Z  OBSERVE  recommendationservice  rejection=0.5198  low=0 high=83  elapsed_s=164  state=OFF  metric=rejection
2026-10-08T12:19:37Z  OBSERVE  frontend->adservice  rpr=0.0000  low=270 high=0  elapsed_s=533  attempts=3  state=ON  metric=rpr
2026-10-08T12:19:37Z  OBSERVE  frontend->cartservice  rpr=0.0000  low=271 high=0  elapsed_s=534  attempts=3  state=ON  metric=rpr
2026-10-08T12:19:37Z  OBSERVE  frontend->checkoutservice  rpr=0.0000  low=243 high=0  elapsed_s=486  attempts=3  state=ON  metric=rpr
2026-10-08T12:19:37Z  OBSERVE  frontend->currencyservice  rpr=0.0000  low=271 high=0  elapsed_s=534  attempts=3  state=ON  metric=rpr
2026-10-08T12:19:37Z  OBSERVE  frontend->productcatalogservice  rpr=0.0000  low=271 high=0  elapsed_s=534  attempts=3  state=ON  metric=rpr
2026-10-08T12:19:37Z  OBSERVE  frontend->shippingservice  rpr=0.0000  low=270 high=0  elapsed_s=534  attempts=3  state=ON  metric=rpr
2026-10-08T12:19:37Z  OBSERVE  checkoutservice->cartservice  rpr=0.0000  low=268 high=0  elapsed_s=533  attempts=3  state=ON  metric=rpr
2026-10-08T12:19:37Z  OBSERVE  checkoutservice->currencyservice  rpr=0.0000  low=268 high=0  elapsed_s=533  attempts=3  state=ON  metric=rpr
2026-10-08T12:19:37Z  OBSERVE  checkoutservice->emailservice  rpr=0.0000  low=268 high=0  elapsed_s=533  attempts=3  state=ON  metric=rpr
2026-10-08T12:19:37Z  OBSERVE  checkoutservice->paymentservice  rpr=0.0000  low=268 high=0  elapsed_s=533  attempts=3  state=ON  metric=rpr
2026-10-08T12:19:37Z  OBSERVE  checkoutservice->shippingservice  rpr=0.0000  low=268 high=0  elapsed_s=533  attempts=3  state=ON  metric=rpr
2026-10-08T12:19:37Z  OBSERVE  recommendationservice->productcatalogservice  rpr=0.0000  low=271 high=0  elapsed_s=534  attempts=3  state=ON  metric=rpr
2026-10-08T12:19:37Z  OBSERVE  recommendationservice  rejection=0.4881  low=0 high=84  elapsed_s=166  state=OFF  metric=rejection
2026-10-08T12:19:39Z  OBSERVE  frontend->adservice  rpr=0.0000  low=271 high=0  elapsed_s=535  attempts=3  state=ON  metric=rpr
2026-10-08T12:19:39Z  OBSERVE  frontend->cartservice  rpr=0.0000  low=272 high=0  elapsed_s=536  attempts=3  state=ON  metric=rpr
2026-10-08T12:19:39Z  OBSERVE  frontend->checkoutservice  rpr=0.0000  low=244 high=0  elapsed_s=488  attempts=3  state=ON  metric=rpr
2026-10-08T12:19:39Z  OBSERVE  frontend->currencyservice  rpr=0.0000  low=272 high=0  elapsed_s=536  attempts=3  state=ON  metric=rpr
2026-10-08T12:19:39Z  OBSERVE  frontend->productcatalogservice  rpr=0.0000  low=272 high=0  elapsed_s=536  attempts=3  state=ON  metric=rpr
2026-10-08T12:19:39Z  OBSERVE  frontend->shippingservice  rpr=0.0000  low=271 high=0  elapsed_s=536  attempts=3  state=ON  metric=rpr
2026-10-08T12:19:39Z  OBSERVE  checkoutservice->cartservice  rpr=0.0000  low=269 high=0  elapsed_s=535  attempts=3  state=ON  metric=rpr
2026-10-08T12:19:39Z  OBSERVE  checkoutservice->currencyservice  rpr=0.0000  low=269 high=0  elapsed_s=535  attempts=3  state=ON  metric=rpr
2026-10-08T12:19:39Z  OBSERVE  checkoutservice->emailservice  rpr=0.0000  low=269 high=0  elapsed_s=535  attempts=3  state=ON  metric=rpr
2026-10-08T12:19:39Z  OBSERVE  checkoutservice->paymentservice  rpr=0.0000  low=269 high=0  elapsed_s=535  attempts=3  state=ON  metric=rpr
2026-10-08T12:19:39Z  OBSERVE  checkoutservice->shippingservice  rpr=0.0000  low=269 high=0  elapsed_s=535  attempts=3  state=ON  metric=rpr
2026-10-08T12:19:39Z  OBSERVE  recommendationservice->productcatalogservice  rpr=0.0000  low=272 high=0  elapsed_s=536  attempts=3  state=ON  metric=rpr
2026-10-08T12:19:39Z  OBSERVE  recommendationservice  rejection=0.2446  low=0 high=85  elapsed_s=168  state=OFF  metric=rejection
2026-10-08T12:19:41Z  OBSERVE  frontend->adservice  rpr=0.0000  low=272 high=0  elapsed_s=537  attempts=3  state=ON  metric=rpr
2026-10-08T12:19:41Z  OBSERVE  frontend->cartservice  rpr=0.0000  low=273 high=0  elapsed_s=538  attempts=3  state=ON  metric=rpr
2026-10-08T12:19:41Z  OBSERVE  frontend->checkoutservice  rpr=0.0000  low=245 high=0  elapsed_s=490  attempts=3  state=ON  metric=rpr
2026-10-08T12:19:41Z  OBSERVE  frontend->currencyservice  rpr=0.0000  low=273 high=0  elapsed_s=538  attempts=3  state=ON  metric=rpr
2026-10-08T12:19:41Z  OBSERVE  frontend->productcatalogservice  rpr=0.0000  low=273 high=0  elapsed_s=538  attempts=3  state=ON  metric=rpr
2026-10-08T12:19:41Z  OBSERVE  frontend->shippingservice  rpr=0.0000  low=272 high=0  elapsed_s=538  attempts=3  state=ON  metric=rpr
2026-10-08T12:19:41Z  OBSERVE  checkoutservice->cartservice  rpr=0.0000  low=270 high=0  elapsed_s=537  attempts=3  state=ON  metric=rpr
2026-10-08T12:19:41Z  OBSERVE  checkoutservice->currencyservice  rpr=0.0000  low=270 high=0  elapsed_s=537  attempts=3  state=ON  metric=rpr
2026-10-08T12:19:41Z  OBSERVE  checkoutservice->emailservice  rpr=0.0000  low=270 high=0  elapsed_s=537  attempts=3  state=ON  metric=rpr
2026-10-08T12:19:41Z  OBSERVE  checkoutservice->paymentservice  rpr=0.0000  low=270 high=0  elapsed_s=537  attempts=3  state=ON  metric=rpr
2026-10-08T12:19:41Z  OBSERVE  checkoutservice->shippingservice  rpr=0.0000  low=270 high=0  elapsed_s=537  attempts=3  state=ON  metric=rpr
2026-10-08T12:19:41Z  OBSERVE  recommendationservice->productcatalogservice  rpr=0.0000  low=273 high=0  elapsed_s=538  attempts=3  state=ON  metric=rpr
2026-10-08T12:19:41Z  OBSERVE  recommendationservice  rejection=0.4281  low=0 high=86  elapsed_s=170  state=OFF  metric=rejection
2026-10-08T12:19:43Z  OBSERVE  frontend->adservice  rpr=0.0000  low=273 high=0  elapsed_s=539  attempts=3  state=ON  metric=rpr
2026-10-08T12:19:43Z  OBSERVE  frontend->cartservice  rpr=0.0000  low=274 high=0  elapsed_s=540  attempts=3  state=ON  metric=rpr
2026-10-08T12:19:43Z  OBSERVE  frontend->checkoutservice  rpr=0.0000  low=246 high=0  elapsed_s=492  attempts=3  state=ON  metric=rpr
2026-10-08T12:19:43Z  OBSERVE  frontend->currencyservice  rpr=0.0000  low=274 high=0  elapsed_s=540  attempts=3  state=ON  metric=rpr
2026-10-08T12:19:43Z  OBSERVE  frontend->productcatalogservice  rpr=0.0000  low=274 high=0  elapsed_s=540  attempts=3  state=ON  metric=rpr
2026-10-08T12:19:43Z  OBSERVE  frontend->shippingservice  rpr=0.0000  low=273 high=0  elapsed_s=540  attempts=3  state=ON  metric=rpr
2026-10-08T12:19:43Z  OBSERVE  checkoutservice->cartservice  rpr=0.0000  low=271 high=0  elapsed_s=539  attempts=3  state=ON  metric=rpr
2026-10-08T12:19:43Z  OBSERVE  checkoutservice->currencyservice  rpr=0.0000  low=271 high=0  elapsed_s=539  attempts=3  state=ON  metric=rpr
2026-10-08T12:19:43Z  OBSERVE  checkoutservice->emailservice  rpr=0.0000  low=271 high=0  elapsed_s=539  attempts=3  state=ON  metric=rpr
2026-10-08T12:19:43Z  OBSERVE  checkoutservice->paymentservice  rpr=0.0000  low=271 high=0  elapsed_s=539  attempts=3  state=ON  metric=rpr
2026-10-08T12:19:43Z  OBSERVE  checkoutservice->shippingservice  rpr=0.0000  low=271 high=0  elapsed_s=539  attempts=3  state=ON  metric=rpr
2026-10-08T12:19:43Z  OBSERVE  recommendationservice->productcatalogservice  rpr=0.0000  low=274 high=0  elapsed_s=540  attempts=3  state=ON  metric=rpr
2026-10-08T12:19:43Z  OBSERVE  recommendationservice  rejection=0.1983  low=0 high=87  elapsed_s=172  state=OFF  metric=rejection
2026-10-08T12:19:45Z  OBSERVE  frontend->adservice  rpr=0.0000  low=274 high=0  elapsed_s=541  attempts=3  state=ON  metric=rpr
2026-10-08T12:19:45Z  OBSERVE  frontend->cartservice  rpr=0.0000  low=275 high=0  elapsed_s=542  attempts=3  state=ON  metric=rpr
2026-10-08T12:19:45Z  OBSERVE  frontend->checkoutservice  rpr=0.0000  low=247 high=0  elapsed_s=494  attempts=3  state=ON  metric=rpr
2026-10-08T12:19:45Z  OBSERVE  frontend->currencyservice  rpr=0.0000  low=275 high=0  elapsed_s=542  attempts=3  state=ON  metric=rpr
2026-10-08T12:19:45Z  OBSERVE  frontend->productcatalogservice  rpr=0.0000  low=275 high=0  elapsed_s=542  attempts=3  state=ON  metric=rpr
2026-10-08T12:19:45Z  OBSERVE  frontend->shippingservice  rpr=0.0000  low=274 high=0  elapsed_s=542  attempts=3  state=ON  metric=rpr
2026-10-08T12:19:45Z  OBSERVE  checkoutservice->cartservice  rpr=0.0000  low=272 high=0  elapsed_s=541  attempts=3  state=ON  metric=rpr
2026-10-08T12:19:45Z  OBSERVE  checkoutservice->currencyservice  rpr=0.0000  low=272 high=0  elapsed_s=541  attempts=3  state=ON  metric=rpr
2026-10-08T12:19:45Z  OBSERVE  checkoutservice->emailservice  rpr=0.0000  low=272 high=0  elapsed_s=541  attempts=3  state=ON  metric=rpr
2026-10-08T12:19:45Z  OBSERVE  checkoutservice->paymentservice  rpr=0.0000  low=272 high=0  elapsed_s=541  attempts=3  state=ON  metric=rpr
2026-10-08T12:19:45Z  OBSERVE  checkoutservice->shippingservice  rpr=0.0000  low=272 high=0  elapsed_s=541  attempts=3  state=ON  metric=rpr
2026-10-08T12:19:45Z  OBSERVE  recommendationservice->productcatalogservice  rpr=0.0000  low=275 high=0  elapsed_s=542  attempts=3  state=ON  metric=rpr
2026-10-08T12:19:45Z  OBSERVE  recommendationservice  rejection=0.2544  low=0 high=88  elapsed_s=174  state=OFF  metric=rejection
2026-10-08T12:19:47Z  OBSERVE  frontend->adservice  rpr=0.0000  low=275 high=0  elapsed_s=543  attempts=3  state=ON  metric=rpr
2026-10-08T12:19:47Z  OBSERVE  frontend->cartservice  rpr=0.0000  low=276 high=0  elapsed_s=544  attempts=3  state=ON  metric=rpr
2026-10-08T12:19:47Z  OBSERVE  frontend->checkoutservice  rpr=0.0000  low=248 high=0  elapsed_s=496  attempts=3  state=ON  metric=rpr
2026-10-08T12:19:47Z  OBSERVE  frontend->currencyservice  rpr=0.0000  low=276 high=0  elapsed_s=544  attempts=3  state=ON  metric=rpr
2026-10-08T12:19:47Z  OBSERVE  frontend->productcatalogservice  rpr=0.0000  low=276 high=0  elapsed_s=544  attempts=3  state=ON  metric=rpr
2026-10-08T12:19:47Z  OBSERVE  frontend->shippingservice  rpr=0.0000  low=275 high=0  elapsed_s=544  attempts=3  state=ON  metric=rpr
2026-10-08T12:19:47Z  OBSERVE  checkoutservice->cartservice  rpr=0.0000  low=273 high=0  elapsed_s=543  attempts=3  state=ON  metric=rpr
2026-10-08T12:19:47Z  OBSERVE  checkoutservice->currencyservice  rpr=0.0000  low=273 high=0  elapsed_s=543  attempts=3  state=ON  metric=rpr
2026-10-08T12:19:47Z  OBSERVE  checkoutservice->emailservice  rpr=0.0000  low=273 high=0  elapsed_s=543  attempts=3  state=ON  metric=rpr
2026-10-08T12:19:47Z  OBSERVE  checkoutservice->paymentservice  rpr=0.0000  low=273 high=0  elapsed_s=543  attempts=3  state=ON  metric=rpr
2026-10-08T12:19:47Z  OBSERVE  checkoutservice->shippingservice  rpr=0.0000  low=273 high=0  elapsed_s=543  attempts=3  state=ON  metric=rpr
2026-10-08T12:19:47Z  OBSERVE  recommendationservice->productcatalogservice  rpr=0.0000  low=276 high=0  elapsed_s=544  attempts=3  state=ON  metric=rpr
2026-10-08T12:19:47Z  OBSERVE  recommendationservice  rejection=0.5663  low=0 high=89  elapsed_s=176  state=OFF  metric=rejection
2026-10-08T12:19:49Z  OBSERVE  frontend->adservice  rpr=0.0000  low=276 high=0  elapsed_s=545  attempts=3  state=ON  metric=rpr
2026-10-08T12:19:49Z  OBSERVE  frontend->cartservice  rpr=0.0000  low=277 high=0  elapsed_s=546  attempts=3  state=ON  metric=rpr
2026-10-08T12:19:49Z  OBSERVE  frontend->checkoutservice  rpr=0.0000  low=249 high=0  elapsed_s=498  attempts=3  state=ON  metric=rpr
2026-10-08T12:19:49Z  OBSERVE  frontend->currencyservice  rpr=0.0000  low=277 high=0  elapsed_s=546  attempts=3  state=ON  metric=rpr
2026-10-08T12:19:49Z  OBSERVE  frontend->productcatalogservice  rpr=0.0000  low=277 high=0  elapsed_s=546  attempts=3  state=ON  metric=rpr
2026-10-08T12:19:49Z  OBSERVE  frontend->shippingservice  rpr=0.0000  low=276 high=0  elapsed_s=546  attempts=3  state=ON  metric=rpr
2026-10-08T12:19:49Z  OBSERVE  checkoutservice->cartservice  rpr=0.0000  low=274 high=0  elapsed_s=545  attempts=3  state=ON  metric=rpr
2026-10-08T12:19:49Z  OBSERVE  checkoutservice->currencyservice  rpr=0.0000  low=274 high=0  elapsed_s=545  attempts=3  state=ON  metric=rpr
2026-10-08T12:19:49Z  OBSERVE  checkoutservice->emailservice  rpr=0.0000  low=274 high=0  elapsed_s=545  attempts=3  state=ON  metric=rpr
2026-10-08T12:19:49Z  OBSERVE  checkoutservice->paymentservice  rpr=0.0000  low=274 high=0  elapsed_s=545  attempts=3  state=ON  metric=rpr
2026-10-08T12:19:49Z  OBSERVE  checkoutservice->shippingservice  rpr=0.0000  low=274 high=0  elapsed_s=545  attempts=3  state=ON  metric=rpr
2026-10-08T12:19:49Z  OBSERVE  recommendationservice->productcatalogservice  rpr=0.0000  low=277 high=0  elapsed_s=546  attempts=3  state=ON  metric=rpr
2026-10-08T12:19:49Z  OBSERVE  recommendationservice  rejection=0.3603  low=0 high=90  elapsed_s=178  state=OFF  metric=rejection
2026-10-08T12:19:51Z  OBSERVE  frontend->adservice  rpr=0.0000  low=277 high=0  elapsed_s=547  attempts=3  state=ON  metric=rpr
2026-10-08T12:19:51Z  OBSERVE  frontend->cartservice  rpr=0.0000  low=278 high=0  elapsed_s=548  attempts=3  state=ON  metric=rpr
2026-10-08T12:19:51Z  OBSERVE  frontend->checkoutservice  rpr=0.0000  low=250 high=0  elapsed_s=500  attempts=3  state=ON  metric=rpr
2026-10-08T12:19:51Z  OBSERVE  frontend->currencyservice  rpr=0.0000  low=278 high=0  elapsed_s=548  attempts=3  state=ON  metric=rpr
2026-10-08T12:19:51Z  OBSERVE  frontend->productcatalogservice  rpr=0.0000  low=278 high=0  elapsed_s=548  attempts=3  state=ON  metric=rpr
2026-10-08T12:19:51Z  OBSERVE  frontend->shippingservice  rpr=0.0000  low=277 high=0  elapsed_s=548  attempts=3  state=ON  metric=rpr
2026-10-08T12:19:51Z  OBSERVE  checkoutservice->cartservice  rpr=0.0000  low=275 high=0  elapsed_s=547  attempts=3  state=ON  metric=rpr
2026-10-08T12:19:51Z  OBSERVE  checkoutservice->currencyservice  rpr=0.0000  low=275 high=0  elapsed_s=547  attempts=3  state=ON  metric=rpr
2026-10-08T12:19:51Z  OBSERVE  checkoutservice->emailservice  rpr=0.0000  low=275 high=0  elapsed_s=547  attempts=3  state=ON  metric=rpr
2026-10-08T12:19:51Z  OBSERVE  checkoutservice->paymentservice  rpr=0.0000  low=275 high=0  elapsed_s=547  attempts=3  state=ON  metric=rpr
2026-10-08T12:19:51Z  OBSERVE  checkoutservice->shippingservice  rpr=0.0000  low=275 high=0  elapsed_s=547  attempts=3  state=ON  metric=rpr
2026-10-08T12:19:51Z  OBSERVE  recommendationservice->productcatalogservice  rpr=0.0000  low=278 high=0  elapsed_s=548  attempts=3  state=ON  metric=rpr
2026-10-08T12:19:51Z  OBSERVE  recommendationservice  rejection=0.3016  low=0 high=91  elapsed_s=180  state=OFF  metric=rejection
2026-10-08T12:19:53Z  OBSERVE  frontend->adservice  rpr=0.0000  low=278 high=0  elapsed_s=549  attempts=3  state=ON  metric=rpr
2026-10-08T12:19:53Z  OBSERVE  frontend->cartservice  rpr=0.0000  low=279 high=0  elapsed_s=550  attempts=3  state=ON  metric=rpr
2026-10-08T12:19:53Z  OBSERVE  frontend->checkoutservice  rpr=0.0000  low=251 high=0  elapsed_s=502  attempts=3  state=ON  metric=rpr
2026-10-08T12:19:53Z  OBSERVE  frontend->currencyservice  rpr=0.0000  low=279 high=0  elapsed_s=550  attempts=3  state=ON  metric=rpr
2026-10-08T12:19:53Z  OBSERVE  frontend->productcatalogservice  rpr=0.0000  low=279 high=0  elapsed_s=550  attempts=3  state=ON  metric=rpr
2026-10-08T12:19:53Z  OBSERVE  frontend->shippingservice  rpr=0.0000  low=278 high=0  elapsed_s=550  attempts=3  state=ON  metric=rpr
2026-10-08T12:19:53Z  OBSERVE  checkoutservice->cartservice  rpr=0.0000  low=276 high=0  elapsed_s=549  attempts=3  state=ON  metric=rpr
2026-10-08T12:19:53Z  OBSERVE  checkoutservice->currencyservice  rpr=0.0000  low=276 high=0  elapsed_s=549  attempts=3  state=ON  metric=rpr
2026-10-08T12:19:53Z  OBSERVE  checkoutservice->emailservice  rpr=0.0000  low=276 high=0  elapsed_s=549  attempts=3  state=ON  metric=rpr
2026-10-08T12:19:53Z  OBSERVE  checkoutservice->paymentservice  rpr=0.0000  low=276 high=0  elapsed_s=549  attempts=3  state=ON  metric=rpr
2026-10-08T12:19:53Z  OBSERVE  checkoutservice->shippingservice  rpr=0.0000  low=276 high=0  elapsed_s=549  attempts=3  state=ON  metric=rpr
2026-10-08T12:19:53Z  OBSERVE  recommendationservice->productcatalogservice  rpr=0.0000  low=279 high=0  elapsed_s=550  attempts=3  state=ON  metric=rpr
2026-10-08T12:19:53Z  OBSERVE  recommendationservice  rejection=0.3388  low=0 high=92  elapsed_s=182  state=OFF  metric=rejection
2026-10-08T12:19:55Z  OBSERVE  frontend->adservice  rpr=0.0000  low=279 high=0  elapsed_s=551  attempts=3  state=ON  metric=rpr
2026-10-08T12:19:55Z  OBSERVE  frontend->cartservice  rpr=0.0000  low=280 high=0  elapsed_s=552  attempts=3  state=ON  metric=rpr
2026-10-08T12:19:55Z  OBSERVE  frontend->checkoutservice  rpr=0.0000  low=252 high=0  elapsed_s=504  attempts=3  state=ON  metric=rpr
2026-10-08T12:19:55Z  OBSERVE  frontend->currencyservice  rpr=0.0000  low=280 high=0  elapsed_s=552  attempts=3  state=ON  metric=rpr
2026-10-08T12:19:55Z  OBSERVE  frontend->productcatalogservice  rpr=0.0000  low=280 high=0  elapsed_s=552  attempts=3  state=ON  metric=rpr
2026-10-08T12:19:55Z  OBSERVE  frontend->shippingservice  rpr=0.0000  low=279 high=0  elapsed_s=552  attempts=3  state=ON  metric=rpr
2026-10-08T12:19:55Z  OBSERVE  checkoutservice->cartservice  rpr=0.0000  low=277 high=0  elapsed_s=551  attempts=3  state=ON  metric=rpr
2026-10-08T12:19:55Z  OBSERVE  checkoutservice->currencyservice  rpr=0.0000  low=277 high=0  elapsed_s=551  attempts=3  state=ON  metric=rpr
2026-10-08T12:19:55Z  OBSERVE  checkoutservice->emailservice  rpr=0.0000  low=277 high=0  elapsed_s=551  attempts=3  state=ON  metric=rpr
2026-10-08T12:19:55Z  OBSERVE  checkoutservice->paymentservice  rpr=0.0000  low=277 high=0  elapsed_s=551  attempts=3  state=ON  metric=rpr
2026-10-08T12:19:55Z  OBSERVE  checkoutservice->shippingservice  rpr=0.0000  low=277 high=0  elapsed_s=551  attempts=3  state=ON  metric=rpr
2026-10-08T12:19:55Z  OBSERVE  recommendationservice->productcatalogservice  rpr=0.0000  low=280 high=0  elapsed_s=552  attempts=3  state=ON  metric=rpr
2026-10-08T12:19:55Z  OBSERVE  recommendationservice  rejection=0.2500  low=0 high=93  elapsed_s=184  state=OFF  metric=rejection
2026-10-08T12:19:57Z  OBSERVE  frontend->adservice  rpr=0.0000  low=280 high=0  elapsed_s=553  attempts=3  state=ON  metric=rpr
2026-10-08T12:19:57Z  OBSERVE  frontend->cartservice  rpr=0.0000  low=281 high=0  elapsed_s=554  attempts=3  state=ON  metric=rpr
2026-10-08T12:19:57Z  OBSERVE  frontend->checkoutservice  rpr=0.0000  low=253 high=0  elapsed_s=506  attempts=3  state=ON  metric=rpr
2026-10-08T12:19:57Z  OBSERVE  frontend->currencyservice  rpr=0.0000  low=281 high=0  elapsed_s=554  attempts=3  state=ON  metric=rpr
2026-10-08T12:19:57Z  OBSERVE  frontend->productcatalogservice  rpr=0.0000  low=281 high=0  elapsed_s=554  attempts=3  state=ON  metric=rpr
2026-10-08T12:19:57Z  OBSERVE  frontend->shippingservice  rpr=0.0000  low=280 high=0  elapsed_s=554  attempts=3  state=ON  metric=rpr
2026-10-08T12:19:57Z  OBSERVE  checkoutservice->cartservice  rpr=0.0000  low=278 high=0  elapsed_s=553  attempts=3  state=ON  metric=rpr
2026-10-08T12:19:57Z  OBSERVE  checkoutservice->currencyservice  rpr=0.0000  low=278 high=0  elapsed_s=553  attempts=3  state=ON  metric=rpr
2026-10-08T12:19:57Z  OBSERVE  checkoutservice->emailservice  rpr=0.0000  low=278 high=0  elapsed_s=553  attempts=3  state=ON  metric=rpr
2026-10-08T12:19:57Z  OBSERVE  checkoutservice->paymentservice  rpr=0.0000  low=278 high=0  elapsed_s=553  attempts=3  state=ON  metric=rpr
2026-10-08T12:19:57Z  OBSERVE  checkoutservice->shippingservice  rpr=0.0000  low=278 high=0  elapsed_s=553  attempts=3  state=ON  metric=rpr
2026-10-08T12:19:57Z  OBSERVE  recommendationservice->productcatalogservice  rpr=0.0000  low=281 high=0  elapsed_s=554  attempts=3  state=ON  metric=rpr
2026-10-08T12:19:57Z  OBSERVE  recommendationservice  rejection=0.4520  low=0 high=94  elapsed_s=186  state=OFF  metric=rejection
2026-10-08T12:19:59Z  OBSERVE  frontend->adservice  rpr=0.0000  low=281 high=0  elapsed_s=555  attempts=3  state=ON  metric=rpr
2026-10-08T12:19:59Z  OBSERVE  frontend->cartservice  rpr=0.0000  low=282 high=0  elapsed_s=556  attempts=3  state=ON  metric=rpr
2026-10-08T12:19:59Z  OBSERVE  frontend->checkoutservice  rpr=0.0000  low=254 high=0  elapsed_s=508  attempts=3  state=ON  metric=rpr
2026-10-08T12:19:59Z  OBSERVE  frontend->currencyservice  rpr=0.0000  low=282 high=0  elapsed_s=556  attempts=3  state=ON  metric=rpr
2026-10-08T12:19:59Z  OBSERVE  frontend->productcatalogservice  rpr=0.0000  low=282 high=0  elapsed_s=556  attempts=3  state=ON  metric=rpr
2026-10-08T12:19:59Z  OBSERVE  frontend->shippingservice  rpr=0.0000  low=281 high=0  elapsed_s=556  attempts=3  state=ON  metric=rpr
2026-10-08T12:19:59Z  OBSERVE  checkoutservice->cartservice  rpr=0.0000  low=279 high=0  elapsed_s=555  attempts=3  state=ON  metric=rpr
2026-10-08T12:19:59Z  OBSERVE  checkoutservice->currencyservice  rpr=0.0000  low=279 high=0  elapsed_s=555  attempts=3  state=ON  metric=rpr
2026-10-08T12:19:59Z  OBSERVE  checkoutservice->emailservice  rpr=0.0000  low=279 high=0  elapsed_s=555  attempts=3  state=ON  metric=rpr
2026-10-08T12:19:59Z  OBSERVE  checkoutservice->paymentservice  rpr=0.0000  low=279 high=0  elapsed_s=555  attempts=3  state=ON  metric=rpr
2026-10-08T12:19:59Z  OBSERVE  checkoutservice->shippingservice  rpr=0.0000  low=279 high=0  elapsed_s=555  attempts=3  state=ON  metric=rpr
2026-10-08T12:19:59Z  OBSERVE  recommendationservice->productcatalogservice  rpr=0.0000  low=282 high=0  elapsed_s=556  attempts=3  state=ON  metric=rpr
2026-10-08T12:19:59Z  OBSERVE  recommendationservice  rejection=0.2385  low=0 high=95  elapsed_s=188  state=OFF  metric=rejection
2026-10-08T12:20:01Z  OBSERVE  frontend->adservice  rpr=0.0000  low=282 high=0  elapsed_s=557  attempts=3  state=ON  metric=rpr
2026-10-08T12:20:01Z  OBSERVE  frontend->cartservice  rpr=0.0000  low=283 high=0  elapsed_s=558  attempts=3  state=ON  metric=rpr
2026-10-08T12:20:01Z  OBSERVE  frontend->checkoutservice  rpr=0.0000  low=255 high=0  elapsed_s=510  attempts=3  state=ON  metric=rpr
2026-10-08T12:20:01Z  OBSERVE  frontend->currencyservice  rpr=0.0000  low=283 high=0  elapsed_s=558  attempts=3  state=ON  metric=rpr
2026-10-08T12:20:01Z  OBSERVE  frontend->productcatalogservice  rpr=0.0000  low=283 high=0  elapsed_s=558  attempts=3  state=ON  metric=rpr
2026-10-08T12:20:01Z  OBSERVE  frontend->shippingservice  rpr=0.0000  low=282 high=0  elapsed_s=558  attempts=3  state=ON  metric=rpr
2026-10-08T12:20:01Z  OBSERVE  checkoutservice->cartservice  rpr=0.0000  low=280 high=0  elapsed_s=557  attempts=3  state=ON  metric=rpr
2026-10-08T12:20:01Z  OBSERVE  checkoutservice->currencyservice  rpr=0.0000  low=280 high=0  elapsed_s=557  attempts=3  state=ON  metric=rpr
2026-10-08T12:20:01Z  OBSERVE  checkoutservice->emailservice  rpr=0.0000  low=280 high=0  elapsed_s=557  attempts=3  state=ON  metric=rpr
2026-10-08T12:20:01Z  OBSERVE  checkoutservice->paymentservice  rpr=0.0000  low=280 high=0  elapsed_s=557  attempts=3  state=ON  metric=rpr
2026-10-08T12:20:01Z  OBSERVE  checkoutservice->shippingservice  rpr=0.0000  low=280 high=0  elapsed_s=557  attempts=3  state=ON  metric=rpr
2026-10-08T12:20:01Z  OBSERVE  recommendationservice->productcatalogservice  rpr=0.0000  low=283 high=0  elapsed_s=558  attempts=3  state=ON  metric=rpr
2026-10-08T12:20:01Z  OBSERVE  recommendationservice  rejection=0.3783  low=0 high=96  elapsed_s=190  state=OFF  metric=rejection
2026-10-08T12:20:03Z  OBSERVE  frontend->adservice  rpr=0.0000  low=283 high=0  elapsed_s=559  attempts=3  state=ON  metric=rpr
2026-10-08T12:20:03Z  OBSERVE  frontend->cartservice  rpr=0.0000  low=284 high=0  elapsed_s=560  attempts=3  state=ON  metric=rpr
2026-10-08T12:20:03Z  OBSERVE  frontend->checkoutservice  rpr=0.0000  low=256 high=0  elapsed_s=512  attempts=3  state=ON  metric=rpr
2026-10-08T12:20:03Z  OBSERVE  frontend->currencyservice  rpr=0.0000  low=284 high=0  elapsed_s=560  attempts=3  state=ON  metric=rpr
2026-10-08T12:20:03Z  OBSERVE  frontend->productcatalogservice  rpr=0.0000  low=284 high=0  elapsed_s=560  attempts=3  state=ON  metric=rpr
2026-10-08T12:20:03Z  OBSERVE  frontend->shippingservice  rpr=0.0000  low=283 high=0  elapsed_s=560  attempts=3  state=ON  metric=rpr
2026-10-08T12:20:03Z  OBSERVE  checkoutservice->cartservice  rpr=0.0000  low=281 high=0  elapsed_s=559  attempts=3  state=ON  metric=rpr
2026-10-08T12:20:03Z  OBSERVE  checkoutservice->currencyservice  rpr=0.0000  low=281 high=0  elapsed_s=559  attempts=3  state=ON  metric=rpr
2026-10-08T12:20:03Z  OBSERVE  checkoutservice->emailservice  rpr=0.0000  low=281 high=0  elapsed_s=559  attempts=3  state=ON  metric=rpr
2026-10-08T12:20:03Z  OBSERVE  checkoutservice->paymentservice  rpr=0.0000  low=281 high=0  elapsed_s=559  attempts=3  state=ON  metric=rpr
2026-10-08T12:20:03Z  OBSERVE  checkoutservice->shippingservice  rpr=0.0000  low=281 high=0  elapsed_s=559  attempts=3  state=ON  metric=rpr
2026-10-08T12:20:03Z  OBSERVE  recommendationservice->productcatalogservice  rpr=0.0000  low=284 high=0  elapsed_s=560  attempts=3  state=ON  metric=rpr
2026-10-08T12:20:03Z  OBSERVE  recommendationservice  rejection=0.4927  low=0 high=97  elapsed_s=192  state=OFF  metric=rejection
2026-10-08T12:20:05Z  OBSERVE  frontend->adservice  rpr=0.0000  low=284 high=0  elapsed_s=561  attempts=3  state=ON  metric=rpr
2026-10-08T12:20:05Z  OBSERVE  frontend->cartservice  rpr=0.0000  low=285 high=0  elapsed_s=562  attempts=3  state=ON  metric=rpr
2026-10-08T12:20:05Z  OBSERVE  frontend->checkoutservice  rpr=0.0000  low=257 high=0  elapsed_s=514  attempts=3  state=ON  metric=rpr
2026-10-08T12:20:05Z  OBSERVE  frontend->currencyservice  rpr=0.0000  low=285 high=0  elapsed_s=562  attempts=3  state=ON  metric=rpr
2026-10-08T12:20:05Z  OBSERVE  frontend->productcatalogservice  rpr=0.0000  low=285 high=0  elapsed_s=562  attempts=3  state=ON  metric=rpr
2026-10-08T12:20:05Z  OBSERVE  frontend->shippingservice  rpr=0.0000  low=284 high=0  elapsed_s=562  attempts=3  state=ON  metric=rpr
2026-10-08T12:20:05Z  OBSERVE  checkoutservice->cartservice  rpr=0.0000  low=282 high=0  elapsed_s=561  attempts=3  state=ON  metric=rpr
2026-10-08T12:20:05Z  OBSERVE  checkoutservice->currencyservice  rpr=0.0000  low=282 high=0  elapsed_s=561  attempts=3  state=ON  metric=rpr
2026-10-08T12:20:05Z  OBSERVE  checkoutservice->emailservice  rpr=0.0000  low=282 high=0  elapsed_s=561  attempts=3  state=ON  metric=rpr
2026-10-08T12:20:05Z  OBSERVE  checkoutservice->paymentservice  rpr=0.0000  low=282 high=0  elapsed_s=561  attempts=3  state=ON  metric=rpr
2026-10-08T12:20:05Z  OBSERVE  checkoutservice->shippingservice  rpr=0.0000  low=282 high=0  elapsed_s=561  attempts=3  state=ON  metric=rpr
2026-10-08T12:20:05Z  OBSERVE  recommendationservice->productcatalogservice  rpr=0.0000  low=285 high=0  elapsed_s=562  attempts=3  state=ON  metric=rpr
2026-10-08T12:20:05Z  OBSERVE  recommendationservice  rejection=0.3649  low=0 high=98  elapsed_s=194  state=OFF  metric=rejection
2026-10-08T12:20:07Z  OBSERVE  frontend->adservice  rpr=0.0000  low=285 high=0  elapsed_s=563  attempts=3  state=ON  metric=rpr
2026-10-08T12:20:07Z  OBSERVE  frontend->cartservice  rpr=0.0000  low=286 high=0  elapsed_s=564  attempts=3  state=ON  metric=rpr
2026-10-08T12:20:07Z  OBSERVE  frontend->checkoutservice  rpr=0.0000  low=258 high=0  elapsed_s=516  attempts=3  state=ON  metric=rpr
2026-10-08T12:20:07Z  OBSERVE  frontend->currencyservice  rpr=0.0000  low=286 high=0  elapsed_s=564  attempts=3  state=ON  metric=rpr
2026-10-08T12:20:07Z  OBSERVE  frontend->productcatalogservice  rpr=0.0000  low=286 high=0  elapsed_s=564  attempts=3  state=ON  metric=rpr
2026-10-08T12:20:07Z  OBSERVE  frontend->shippingservice  rpr=0.0000  low=285 high=0  elapsed_s=564  attempts=3  state=ON  metric=rpr
2026-10-08T12:20:07Z  OBSERVE  checkoutservice->cartservice  rpr=0.0000  low=283 high=0  elapsed_s=563  attempts=3  state=ON  metric=rpr
2026-10-08T12:20:07Z  OBSERVE  checkoutservice->currencyservice  rpr=0.0000  low=283 high=0  elapsed_s=563  attempts=3  state=ON  metric=rpr
2026-10-08T12:20:07Z  OBSERVE  checkoutservice->emailservice  rpr=0.0000  low=283 high=0  elapsed_s=563  attempts=3  state=ON  metric=rpr
2026-10-08T12:20:07Z  OBSERVE  checkoutservice->paymentservice  rpr=0.0000  low=283 high=0  elapsed_s=563  attempts=3  state=ON  metric=rpr
2026-10-08T12:20:07Z  OBSERVE  checkoutservice->shippingservice  rpr=0.0000  low=283 high=0  elapsed_s=563  attempts=3  state=ON  metric=rpr
2026-10-08T12:20:07Z  OBSERVE  recommendationservice->productcatalogservice  rpr=0.0000  low=286 high=0  elapsed_s=564  attempts=3  state=ON  metric=rpr
2026-10-08T12:20:07Z  OBSERVE  recommendationservice  rejection=0.4537  low=0 high=99  elapsed_s=196  state=OFF  metric=rejection
2026-10-08T12:20:09Z  OBSERVE  frontend->adservice  rpr=0.0000  low=286 high=0  elapsed_s=565  attempts=3  state=ON  metric=rpr
2026-10-08T12:20:09Z  OBSERVE  frontend->cartservice  rpr=0.0000  low=287 high=0  elapsed_s=566  attempts=3  state=ON  metric=rpr
2026-10-08T12:20:09Z  OBSERVE  frontend->checkoutservice  rpr=0.0000  low=259 high=0  elapsed_s=518  attempts=3  state=ON  metric=rpr
2026-10-08T12:20:09Z  OBSERVE  frontend->currencyservice  rpr=0.0000  low=287 high=0  elapsed_s=566  attempts=3  state=ON  metric=rpr
2026-10-08T12:20:09Z  OBSERVE  frontend->productcatalogservice  rpr=0.0000  low=287 high=0  elapsed_s=566  attempts=3  state=ON  metric=rpr
2026-10-08T12:20:09Z  OBSERVE  frontend->shippingservice  rpr=0.0000  low=286 high=0  elapsed_s=566  attempts=3  state=ON  metric=rpr
2026-10-08T12:20:09Z  OBSERVE  checkoutservice->cartservice  rpr=0.0000  low=284 high=0  elapsed_s=565  attempts=3  state=ON  metric=rpr
2026-10-08T12:20:09Z  OBSERVE  checkoutservice->currencyservice  rpr=0.0000  low=284 high=0  elapsed_s=565  attempts=3  state=ON  metric=rpr
2026-10-08T12:20:09Z  OBSERVE  checkoutservice->emailservice  rpr=0.0000  low=284 high=0  elapsed_s=565  attempts=3  state=ON  metric=rpr
2026-10-08T12:20:09Z  OBSERVE  checkoutservice->paymentservice  rpr=0.0000  low=284 high=0  elapsed_s=565  attempts=3  state=ON  metric=rpr
2026-10-08T12:20:09Z  OBSERVE  checkoutservice->shippingservice  rpr=0.0000  low=284 high=0  elapsed_s=565  attempts=3  state=ON  metric=rpr
2026-10-08T12:20:09Z  OBSERVE  recommendationservice->productcatalogservice  rpr=0.0000  low=287 high=0  elapsed_s=566  attempts=3  state=ON  metric=rpr
2026-10-08T12:20:09Z  OBSERVE  recommendationservice  rejection=0.4636  low=0 high=100  elapsed_s=198  state=OFF  metric=rejection
2026-10-08T12:20:11Z  OBSERVE  frontend->adservice  rpr=0.0000  low=287 high=0  elapsed_s=567  attempts=3  state=ON  metric=rpr
2026-10-08T12:20:11Z  OBSERVE  frontend->cartservice  rpr=0.0000  low=288 high=0  elapsed_s=568  attempts=3  state=ON  metric=rpr
2026-10-08T12:20:11Z  OBSERVE  frontend->checkoutservice  rpr=0.0000  low=260 high=0  elapsed_s=520  attempts=3  state=ON  metric=rpr
2026-10-08T12:20:11Z  OBSERVE  frontend->currencyservice  rpr=0.0000  low=288 high=0  elapsed_s=568  attempts=3  state=ON  metric=rpr
2026-10-08T12:20:11Z  OBSERVE  frontend->productcatalogservice  rpr=0.0000  low=288 high=0  elapsed_s=568  attempts=3  state=ON  metric=rpr
2026-10-08T12:20:11Z  OBSERVE  frontend->shippingservice  rpr=0.0000  low=287 high=0  elapsed_s=568  attempts=3  state=ON  metric=rpr
2026-10-08T12:20:11Z  OBSERVE  checkoutservice->cartservice  rpr=0.0000  low=285 high=0  elapsed_s=567  attempts=3  state=ON  metric=rpr
2026-10-08T12:20:11Z  OBSERVE  checkoutservice->currencyservice  rpr=0.0000  low=285 high=0  elapsed_s=567  attempts=3  state=ON  metric=rpr
2026-10-08T12:20:11Z  OBSERVE  checkoutservice->emailservice  rpr=0.0000  low=285 high=0  elapsed_s=567  attempts=3  state=ON  metric=rpr
2026-10-08T12:20:11Z  OBSERVE  checkoutservice->paymentservice  rpr=0.0000  low=285 high=0  elapsed_s=567  attempts=3  state=ON  metric=rpr
2026-10-08T12:20:11Z  OBSERVE  checkoutservice->shippingservice  rpr=0.0000  low=285 high=0  elapsed_s=567  attempts=3  state=ON  metric=rpr
2026-10-08T12:20:11Z  OBSERVE  recommendationservice->productcatalogservice  rpr=0.0000  low=288 high=0  elapsed_s=568  attempts=3  state=ON  metric=rpr
2026-10-08T12:20:11Z  OBSERVE  recommendationservice  rejection=0.4699  low=0 high=101  elapsed_s=200  state=OFF  metric=rejection
2026-10-08T12:20:13Z  OBSERVE  frontend->adservice  rpr=0.0000  low=288 high=0  elapsed_s=569  attempts=3  state=ON  metric=rpr
2026-10-08T12:20:13Z  OBSERVE  frontend->cartservice  rpr=0.0000  low=289 high=0  elapsed_s=570  attempts=3  state=ON  metric=rpr
2026-10-08T12:20:13Z  OBSERVE  frontend->checkoutservice  rpr=0.0000  low=261 high=0  elapsed_s=522  attempts=3  state=ON  metric=rpr
2026-10-08T12:20:13Z  OBSERVE  frontend->currencyservice  rpr=0.0000  low=289 high=0  elapsed_s=570  attempts=3  state=ON  metric=rpr
2026-10-08T12:20:13Z  OBSERVE  frontend->productcatalogservice  rpr=0.0000  low=289 high=0  elapsed_s=570  attempts=3  state=ON  metric=rpr
2026-10-08T12:20:13Z  OBSERVE  frontend->shippingservice  rpr=0.0000  low=288 high=0  elapsed_s=570  attempts=3  state=ON  metric=rpr
2026-10-08T12:20:13Z  OBSERVE  checkoutservice->cartservice  rpr=0.0000  low=286 high=0  elapsed_s=569  attempts=3  state=ON  metric=rpr
2026-10-08T12:20:13Z  OBSERVE  checkoutservice->currencyservice  rpr=0.0000  low=286 high=0  elapsed_s=569  attempts=3  state=ON  metric=rpr
2026-10-08T12:20:13Z  OBSERVE  checkoutservice->emailservice  rpr=0.0000  low=286 high=0  elapsed_s=569  attempts=3  state=ON  metric=rpr
2026-10-08T12:20:13Z  OBSERVE  checkoutservice->paymentservice  rpr=0.0000  low=286 high=0  elapsed_s=569  attempts=3  state=ON  metric=rpr
2026-10-08T12:20:13Z  OBSERVE  checkoutservice->shippingservice  rpr=0.0000  low=286 high=0  elapsed_s=569  attempts=3  state=ON  metric=rpr
2026-10-08T12:20:13Z  OBSERVE  recommendationservice->productcatalogservice  rpr=0.0000  low=289 high=0  elapsed_s=570  attempts=3  state=ON  metric=rpr
2026-10-08T12:20:13Z  OBSERVE  recommendationservice  rejection=0.3674  low=0 high=102  elapsed_s=202  state=OFF  metric=rejection
2026-10-08T12:20:15Z  OBSERVE  frontend->adservice  rpr=0.0000  low=289 high=0  elapsed_s=571  attempts=3  state=ON  metric=rpr
2026-10-08T12:20:15Z  OBSERVE  frontend->cartservice  rpr=0.0000  low=290 high=0  elapsed_s=572  attempts=3  state=ON  metric=rpr
2026-10-08T12:20:15Z  OBSERVE  frontend->checkoutservice  rpr=0.0000  low=262 high=0  elapsed_s=524  attempts=3  state=ON  metric=rpr
2026-10-08T12:20:15Z  OBSERVE  frontend->currencyservice  rpr=0.0000  low=290 high=0  elapsed_s=572  attempts=3  state=ON  metric=rpr
2026-10-08T12:20:15Z  OBSERVE  frontend->productcatalogservice  rpr=0.0000  low=290 high=0  elapsed_s=572  attempts=3  state=ON  metric=rpr
2026-10-08T12:20:15Z  OBSERVE  frontend->shippingservice  rpr=0.0000  low=289 high=0  elapsed_s=572  attempts=3  state=ON  metric=rpr
2026-10-08T12:20:15Z  OBSERVE  checkoutservice->cartservice  rpr=0.0000  low=287 high=0  elapsed_s=571  attempts=3  state=ON  metric=rpr
2026-10-08T12:20:15Z  OBSERVE  checkoutservice->currencyservice  rpr=0.0000  low=287 high=0  elapsed_s=571  attempts=3  state=ON  metric=rpr
2026-10-08T12:20:15Z  OBSERVE  checkoutservice->emailservice  rpr=0.0000  low=287 high=0  elapsed_s=571  attempts=3  state=ON  metric=rpr
2026-10-08T12:20:15Z  OBSERVE  checkoutservice->paymentservice  rpr=0.0000  low=287 high=0  elapsed_s=571  attempts=3  state=ON  metric=rpr
2026-10-08T12:20:15Z  OBSERVE  checkoutservice->shippingservice  rpr=0.0000  low=287 high=0  elapsed_s=571  attempts=3  state=ON  metric=rpr
2026-10-08T12:20:15Z  OBSERVE  recommendationservice->productcatalogservice  rpr=0.0000  low=290 high=0  elapsed_s=572  attempts=3  state=ON  metric=rpr
2026-10-08T12:20:15Z  OBSERVE  recommendationservice  rejection=0.2550  low=0 high=103  elapsed_s=204  state=OFF  metric=rejection
2026-10-08T12:20:17Z  OBSERVE  frontend->adservice  rpr=0.0000  low=290 high=0  elapsed_s=573  attempts=3  state=ON  metric=rpr
2026-10-08T12:20:17Z  OBSERVE  frontend->cartservice  rpr=0.0000  low=291 high=0  elapsed_s=574  attempts=3  state=ON  metric=rpr
2026-10-08T12:20:17Z  OBSERVE  frontend->checkoutservice  rpr=0.0000  low=263 high=0  elapsed_s=526  attempts=3  state=ON  metric=rpr
2026-10-08T12:20:17Z  OBSERVE  frontend->currencyservice  rpr=0.0000  low=291 high=0  elapsed_s=574  attempts=3  state=ON  metric=rpr
2026-10-08T12:20:17Z  OBSERVE  frontend->productcatalogservice  rpr=0.0000  low=291 high=0  elapsed_s=574  attempts=3  state=ON  metric=rpr
2026-10-08T12:20:17Z  OBSERVE  frontend->shippingservice  rpr=0.0000  low=290 high=0  elapsed_s=574  attempts=3  state=ON  metric=rpr
2026-10-08T12:20:17Z  OBSERVE  checkoutservice->cartservice  rpr=0.0000  low=288 high=0  elapsed_s=573  attempts=3  state=ON  metric=rpr
2026-10-08T12:20:17Z  OBSERVE  checkoutservice->currencyservice  rpr=0.0000  low=288 high=0  elapsed_s=573  attempts=3  state=ON  metric=rpr
2026-10-08T12:20:17Z  OBSERVE  checkoutservice->emailservice  rpr=0.0000  low=288 high=0  elapsed_s=573  attempts=3  state=ON  metric=rpr
2026-10-08T12:20:17Z  OBSERVE  checkoutservice->paymentservice  rpr=0.0000  low=288 high=0  elapsed_s=573  attempts=3  state=ON  metric=rpr
2026-10-08T12:20:17Z  OBSERVE  checkoutservice->shippingservice  rpr=0.0000  low=288 high=0  elapsed_s=573  attempts=3  state=ON  metric=rpr
2026-10-08T12:20:17Z  OBSERVE  recommendationservice->productcatalogservice  rpr=0.0000  low=291 high=0  elapsed_s=574  attempts=3  state=ON  metric=rpr
2026-10-08T12:20:17Z  OBSERVE  recommendationservice  rejection=0.4488  low=0 high=104  elapsed_s=206  state=OFF  metric=rejection
2026-10-08T12:20:19Z  OBSERVE  frontend->adservice  rpr=0.0000  low=291 high=0  elapsed_s=575  attempts=3  state=ON  metric=rpr
2026-10-08T12:20:19Z  OBSERVE  frontend->cartservice  rpr=0.0000  low=292 high=0  elapsed_s=576  attempts=3  state=ON  metric=rpr
2026-10-08T12:20:19Z  OBSERVE  frontend->checkoutservice  rpr=0.0000  low=264 high=0  elapsed_s=528  attempts=3  state=ON  metric=rpr
2026-10-08T12:20:19Z  OBSERVE  frontend->currencyservice  rpr=0.0000  low=292 high=0  elapsed_s=576  attempts=3  state=ON  metric=rpr
2026-10-08T12:20:19Z  OBSERVE  frontend->productcatalogservice  rpr=0.0000  low=292 high=0  elapsed_s=576  attempts=3  state=ON  metric=rpr
2026-10-08T12:20:19Z  OBSERVE  frontend->shippingservice  rpr=0.0000  low=291 high=0  elapsed_s=576  attempts=3  state=ON  metric=rpr
2026-10-08T12:20:19Z  OBSERVE  checkoutservice->cartservice  rpr=0.0000  low=289 high=0  elapsed_s=575  attempts=3  state=ON  metric=rpr
2026-10-08T12:20:19Z  OBSERVE  checkoutservice->currencyservice  rpr=0.0000  low=289 high=0  elapsed_s=575  attempts=3  state=ON  metric=rpr
2026-10-08T12:20:19Z  OBSERVE  checkoutservice->emailservice  rpr=0.0000  low=289 high=0  elapsed_s=575  attempts=3  state=ON  metric=rpr
2026-10-08T12:20:19Z  OBSERVE  checkoutservice->paymentservice  rpr=0.0000  low=289 high=0  elapsed_s=575  attempts=3  state=ON  metric=rpr
2026-10-08T12:20:19Z  OBSERVE  checkoutservice->shippingservice  rpr=0.0000  low=289 high=0  elapsed_s=575  attempts=3  state=ON  metric=rpr
2026-10-08T12:20:19Z  OBSERVE  recommendationservice->productcatalogservice  rpr=0.0000  low=292 high=0  elapsed_s=576  attempts=3  state=ON  metric=rpr
2026-10-08T12:20:19Z  OBSERVE  recommendationservice  rejection=0.4465  low=0 high=105  elapsed_s=208  state=OFF  metric=rejection
2026-10-08T12:20:21Z  OBSERVE  frontend->adservice  rpr=0.0000  low=292 high=0  elapsed_s=577  attempts=3  state=ON  metric=rpr
2026-10-08T12:20:21Z  OBSERVE  frontend->cartservice  rpr=0.0000  low=293 high=0  elapsed_s=578  attempts=3  state=ON  metric=rpr
2026-10-08T12:20:21Z  OBSERVE  frontend->checkoutservice  rpr=0.0000  low=265 high=0  elapsed_s=530  attempts=3  state=ON  metric=rpr
2026-10-08T12:20:21Z  OBSERVE  frontend->currencyservice  rpr=0.0000  low=293 high=0  elapsed_s=578  attempts=3  state=ON  metric=rpr
2026-10-08T12:20:21Z  OBSERVE  frontend->productcatalogservice  rpr=0.0000  low=293 high=0  elapsed_s=578  attempts=3  state=ON  metric=rpr
2026-10-08T12:20:21Z  OBSERVE  frontend->shippingservice  rpr=0.0000  low=292 high=0  elapsed_s=578  attempts=3  state=ON  metric=rpr
2026-10-08T12:20:21Z  OBSERVE  checkoutservice->cartservice  rpr=0.0000  low=290 high=0  elapsed_s=577  attempts=3  state=ON  metric=rpr
2026-10-08T12:20:21Z  OBSERVE  checkoutservice->currencyservice  rpr=0.0000  low=290 high=0  elapsed_s=577  attempts=3  state=ON  metric=rpr
2026-10-08T12:20:21Z  OBSERVE  checkoutservice->emailservice  rpr=0.0000  low=290 high=0  elapsed_s=577  attempts=3  state=ON  metric=rpr
2026-10-08T12:20:21Z  OBSERVE  checkoutservice->paymentservice  rpr=0.0000  low=290 high=0  elapsed_s=577  attempts=3  state=ON  metric=rpr
2026-10-08T12:20:21Z  OBSERVE  checkoutservice->shippingservice  rpr=0.0000  low=290 high=0  elapsed_s=577  attempts=3  state=ON  metric=rpr
2026-10-08T12:20:21Z  OBSERVE  recommendationservice->productcatalogservice  rpr=0.0000  low=293 high=0  elapsed_s=578  attempts=3  state=ON  metric=rpr
2026-10-08T12:20:21Z  OBSERVE  recommendationservice  rejection=0.4593  low=0 high=106  elapsed_s=210  state=OFF  metric=rejection
2026-10-08T12:20:23Z  OBSERVE  frontend->adservice  rpr=0.0000  low=293 high=0  elapsed_s=579  attempts=3  state=ON  metric=rpr
2026-10-08T12:20:23Z  OBSERVE  frontend->cartservice  rpr=0.0000  low=294 high=0  elapsed_s=580  attempts=3  state=ON  metric=rpr
2026-10-08T12:20:23Z  OBSERVE  frontend->checkoutservice  rpr=0.0000  low=266 high=0  elapsed_s=532  attempts=3  state=ON  metric=rpr
2026-10-08T12:20:23Z  OBSERVE  frontend->currencyservice  rpr=0.0000  low=294 high=0  elapsed_s=580  attempts=3  state=ON  metric=rpr
2026-10-08T12:20:23Z  OBSERVE  frontend->productcatalogservice  rpr=0.0000  low=294 high=0  elapsed_s=580  attempts=3  state=ON  metric=rpr
2026-10-08T12:20:23Z  OBSERVE  frontend->shippingservice  rpr=0.0000  low=293 high=0  elapsed_s=580  attempts=3  state=ON  metric=rpr
2026-10-08T12:20:23Z  OBSERVE  checkoutservice->cartservice  rpr=0.0000  low=291 high=0  elapsed_s=579  attempts=3  state=ON  metric=rpr
2026-10-08T12:20:23Z  OBSERVE  checkoutservice->currencyservice  rpr=0.0000  low=291 high=0  elapsed_s=579  attempts=3  state=ON  metric=rpr
2026-10-08T12:20:23Z  OBSERVE  checkoutservice->emailservice  rpr=0.0000  low=291 high=0  elapsed_s=579  attempts=3  state=ON  metric=rpr
2026-10-08T12:20:23Z  OBSERVE  checkoutservice->paymentservice  rpr=0.0000  low=291 high=0  elapsed_s=579  attempts=3  state=ON  metric=rpr
2026-10-08T12:20:23Z  OBSERVE  checkoutservice->shippingservice  rpr=0.0000  low=291 high=0  elapsed_s=579  attempts=3  state=ON  metric=rpr
2026-10-08T12:20:23Z  OBSERVE  recommendationservice->productcatalogservice  rpr=0.0000  low=294 high=0  elapsed_s=580  attempts=3  state=ON  metric=rpr
2026-10-08T12:20:23Z  OBSERVE  recommendationservice  rejection=0.3537  low=0 high=107  elapsed_s=212  state=OFF  metric=rejection
2026-10-08T12:20:25Z  OBSERVE  frontend->adservice  rpr=0.0000  low=294 high=0  elapsed_s=581  attempts=3  state=ON  metric=rpr
2026-10-08T12:20:25Z  OBSERVE  frontend->cartservice  rpr=0.0000  low=295 high=0  elapsed_s=582  attempts=3  state=ON  metric=rpr
2026-10-08T12:20:25Z  OBSERVE  frontend->checkoutservice  rpr=0.0000  low=267 high=0  elapsed_s=534  attempts=3  state=ON  metric=rpr
2026-10-08T12:20:25Z  OBSERVE  frontend->currencyservice  rpr=0.0000  low=295 high=0  elapsed_s=582  attempts=3  state=ON  metric=rpr
2026-10-08T12:20:25Z  OBSERVE  frontend->productcatalogservice  rpr=0.0000  low=295 high=0  elapsed_s=582  attempts=3  state=ON  metric=rpr
2026-10-08T12:20:25Z  OBSERVE  frontend->shippingservice  rpr=0.0000  low=294 high=0  elapsed_s=582  attempts=3  state=ON  metric=rpr
2026-10-08T12:20:25Z  OBSERVE  checkoutservice->cartservice  rpr=0.0000  low=292 high=0  elapsed_s=581  attempts=3  state=ON  metric=rpr
2026-10-08T12:20:25Z  OBSERVE  checkoutservice->currencyservice  rpr=0.0000  low=292 high=0  elapsed_s=581  attempts=3  state=ON  metric=rpr
2026-10-08T12:20:25Z  OBSERVE  checkoutservice->emailservice  rpr=0.0000  low=292 high=0  elapsed_s=581  attempts=3  state=ON  metric=rpr
2026-10-08T12:20:25Z  OBSERVE  checkoutservice->paymentservice  rpr=0.0000  low=292 high=0  elapsed_s=581  attempts=3  state=ON  metric=rpr
2026-10-08T12:20:25Z  OBSERVE  checkoutservice->shippingservice  rpr=0.0000  low=292 high=0  elapsed_s=581  attempts=3  state=ON  metric=rpr
2026-10-08T12:20:25Z  OBSERVE  recommendationservice->productcatalogservice  rpr=0.0000  low=295 high=0  elapsed_s=582  attempts=3  state=ON  metric=rpr
2026-10-08T12:20:25Z  OBSERVE  recommendationservice  rejection=0.3024  low=0 high=108  elapsed_s=214  state=OFF  metric=rejection
2026-10-08T12:20:27Z  OBSERVE  frontend->adservice  rpr=0.0000  low=295 high=0  elapsed_s=583  attempts=3  state=ON  metric=rpr
2026-10-08T12:20:27Z  OBSERVE  frontend->cartservice  rpr=0.0000  low=296 high=0  elapsed_s=584  attempts=3  state=ON  metric=rpr
2026-10-08T12:20:27Z  OBSERVE  frontend->checkoutservice  rpr=0.0000  low=268 high=0  elapsed_s=536  attempts=3  state=ON  metric=rpr
2026-10-08T12:20:27Z  OBSERVE  frontend->currencyservice  rpr=0.0000  low=296 high=0  elapsed_s=584  attempts=3  state=ON  metric=rpr
2026-10-08T12:20:27Z  OBSERVE  frontend->productcatalogservice  rpr=0.0000  low=296 high=0  elapsed_s=584  attempts=3  state=ON  metric=rpr
2026-10-08T12:20:27Z  OBSERVE  frontend->shippingservice  rpr=0.0000  low=295 high=0  elapsed_s=584  attempts=3  state=ON  metric=rpr
2026-10-08T12:20:27Z  OBSERVE  checkoutservice->cartservice  rpr=0.0000  low=293 high=0  elapsed_s=583  attempts=3  state=ON  metric=rpr
2026-10-08T12:20:27Z  OBSERVE  checkoutservice->currencyservice  rpr=0.0000  low=293 high=0  elapsed_s=583  attempts=3  state=ON  metric=rpr
2026-10-08T12:20:27Z  OBSERVE  checkoutservice->emailservice  rpr=0.0000  low=293 high=0  elapsed_s=583  attempts=3  state=ON  metric=rpr
2026-10-08T12:20:27Z  OBSERVE  checkoutservice->paymentservice  rpr=0.0000  low=293 high=0  elapsed_s=583  attempts=3  state=ON  metric=rpr
2026-10-08T12:20:27Z  OBSERVE  checkoutservice->shippingservice  rpr=0.0000  low=293 high=0  elapsed_s=583  attempts=3  state=ON  metric=rpr
2026-10-08T12:20:27Z  OBSERVE  recommendationservice->productcatalogservice  rpr=0.0000  low=296 high=0  elapsed_s=584  attempts=3  state=ON  metric=rpr
2026-10-08T12:20:27Z  OBSERVE  recommendationservice  rejection=0.5274  low=0 high=109  elapsed_s=216  state=OFF  metric=rejection
2026-10-08T12:20:29Z  OBSERVE  frontend->adservice  rpr=0.0000  low=296 high=0  elapsed_s=585  attempts=3  state=ON  metric=rpr
2026-10-08T12:20:29Z  OBSERVE  frontend->cartservice  rpr=0.0000  low=297 high=0  elapsed_s=586  attempts=3  state=ON  metric=rpr
2026-10-08T12:20:29Z  OBSERVE  frontend->checkoutservice  rpr=0.0000  low=269 high=0  elapsed_s=538  attempts=3  state=ON  metric=rpr
2026-10-08T12:20:29Z  OBSERVE  frontend->currencyservice  rpr=0.0000  low=297 high=0  elapsed_s=586  attempts=3  state=ON  metric=rpr
2026-10-08T12:20:29Z  OBSERVE  frontend->productcatalogservice  rpr=0.0000  low=297 high=0  elapsed_s=586  attempts=3  state=ON  metric=rpr
2026-10-08T12:20:29Z  OBSERVE  frontend->shippingservice  rpr=0.0000  low=296 high=0  elapsed_s=586  attempts=3  state=ON  metric=rpr
2026-10-08T12:20:29Z  OBSERVE  checkoutservice->cartservice  rpr=0.0000  low=294 high=0  elapsed_s=585  attempts=3  state=ON  metric=rpr
2026-10-08T12:20:29Z  OBSERVE  checkoutservice->currencyservice  rpr=0.0000  low=294 high=0  elapsed_s=585  attempts=3  state=ON  metric=rpr
2026-10-08T12:20:29Z  OBSERVE  checkoutservice->emailservice  rpr=0.0000  low=294 high=0  elapsed_s=585  attempts=3  state=ON  metric=rpr
2026-10-08T12:20:29Z  OBSERVE  checkoutservice->paymentservice  rpr=0.0000  low=294 high=0  elapsed_s=585  attempts=3  state=ON  metric=rpr
2026-10-08T12:20:29Z  OBSERVE  checkoutservice->shippingservice  rpr=0.0000  low=294 high=0  elapsed_s=585  attempts=3  state=ON  metric=rpr
2026-10-08T12:20:29Z  OBSERVE  recommendationservice->productcatalogservice  rpr=0.0000  low=297 high=0  elapsed_s=586  attempts=3  state=ON  metric=rpr
2026-10-08T12:20:29Z  OBSERVE  recommendationservice  rejection=0.3252  low=0 high=110  elapsed_s=218  state=OFF  metric=rejection
2026-10-08T12:20:31Z  OBSERVE  frontend->adservice  rpr=0.0000  low=297 high=0  elapsed_s=587  attempts=3  state=ON  metric=rpr
2026-10-08T12:20:31Z  OBSERVE  frontend->cartservice  rpr=0.0000  low=298 high=0  elapsed_s=588  attempts=3  state=ON  metric=rpr
2026-10-08T12:20:31Z  OBSERVE  frontend->checkoutservice  rpr=0.0000  low=270 high=0  elapsed_s=540  attempts=3  state=ON  metric=rpr
2026-10-08T12:20:31Z  OBSERVE  frontend->currencyservice  rpr=0.0000  low=298 high=0  elapsed_s=588  attempts=3  state=ON  metric=rpr
2026-10-08T12:20:31Z  OBSERVE  frontend->productcatalogservice  rpr=0.0000  low=298 high=0  elapsed_s=588  attempts=3  state=ON  metric=rpr
2026-10-08T12:20:31Z  OBSERVE  frontend->shippingservice  rpr=0.0000  low=297 high=0  elapsed_s=588  attempts=3  state=ON  metric=rpr
2026-10-08T12:20:31Z  OBSERVE  checkoutservice->cartservice  rpr=0.0000  low=295 high=0  elapsed_s=587  attempts=3  state=ON  metric=rpr
2026-10-08T12:20:31Z  OBSERVE  checkoutservice->currencyservice  rpr=0.0000  low=295 high=0  elapsed_s=587  attempts=3  state=ON  metric=rpr
2026-10-08T12:20:31Z  OBSERVE  checkoutservice->emailservice  rpr=0.0000  low=295 high=0  elapsed_s=587  attempts=3  state=ON  metric=rpr
2026-10-08T12:20:31Z  OBSERVE  checkoutservice->paymentservice  rpr=0.0000  low=295 high=0  elapsed_s=587  attempts=3  state=ON  metric=rpr
2026-10-08T12:20:31Z  OBSERVE  checkoutservice->shippingservice  rpr=0.0000  low=295 high=0  elapsed_s=587  attempts=3  state=ON  metric=rpr
2026-10-08T12:20:31Z  OBSERVE  recommendationservice->productcatalogservice  rpr=0.0000  low=298 high=0  elapsed_s=588  attempts=3  state=ON  metric=rpr
2026-10-08T12:20:31Z  OBSERVE  recommendationservice  rejection=0.2590  low=0 high=111  elapsed_s=220  state=OFF  metric=rejection
2026-10-08T12:20:33Z  OBSERVE  frontend->adservice  rpr=0.0000  low=298 high=0  elapsed_s=589  attempts=3  state=ON  metric=rpr
2026-10-08T12:20:33Z  OBSERVE  frontend->cartservice  rpr=0.0000  low=299 high=0  elapsed_s=590  attempts=3  state=ON  metric=rpr
2026-10-08T12:20:33Z  OBSERVE  frontend->checkoutservice  rpr=0.0000  low=271 high=0  elapsed_s=542  attempts=3  state=ON  metric=rpr
2026-10-08T12:20:33Z  OBSERVE  frontend->currencyservice  rpr=0.0000  low=299 high=0  elapsed_s=590  attempts=3  state=ON  metric=rpr
2026-10-08T12:20:33Z  OBSERVE  frontend->productcatalogservice  rpr=0.0000  low=299 high=0  elapsed_s=590  attempts=3  state=ON  metric=rpr
2026-10-08T12:20:33Z  OBSERVE  frontend->shippingservice  rpr=0.0000  low=298 high=0  elapsed_s=590  attempts=3  state=ON  metric=rpr
2026-10-08T12:20:33Z  OBSERVE  checkoutservice->cartservice  rpr=0.0000  low=296 high=0  elapsed_s=589  attempts=3  state=ON  metric=rpr
2026-10-08T12:20:33Z  OBSERVE  checkoutservice->currencyservice  rpr=0.0000  low=296 high=0  elapsed_s=589  attempts=3  state=ON  metric=rpr
2026-10-08T12:20:33Z  OBSERVE  checkoutservice->emailservice  rpr=0.0000  low=296 high=0  elapsed_s=589  attempts=3  state=ON  metric=rpr
2026-10-08T12:20:33Z  OBSERVE  checkoutservice->paymentservice  rpr=0.0000  low=296 high=0  elapsed_s=589  attempts=3  state=ON  metric=rpr
2026-10-08T12:20:33Z  OBSERVE  checkoutservice->shippingservice  rpr=0.0000  low=296 high=0  elapsed_s=589  attempts=3  state=ON  metric=rpr
2026-10-08T12:20:33Z  OBSERVE  recommendationservice->productcatalogservice  rpr=0.0000  low=299 high=0  elapsed_s=590  attempts=3  state=ON  metric=rpr
2026-10-08T12:20:33Z  OBSERVE  recommendationservice  rejection=0.3776  low=0 high=112  elapsed_s=222  state=OFF  metric=rejection
2026-10-08T12:20:35Z  OBSERVE  frontend->adservice  rpr=0.0000  low=299 high=0  elapsed_s=591  attempts=3  state=ON  metric=rpr
2026-10-08T12:20:35Z  OBSERVE  frontend->cartservice  rpr=0.0000  low=300 high=0  elapsed_s=592  attempts=3  state=ON  metric=rpr
2026-10-08T12:20:35Z  OBSERVE  frontend->checkoutservice  rpr=0.0000  low=272 high=0  elapsed_s=544  attempts=3  state=ON  metric=rpr
2026-10-08T12:20:35Z  OBSERVE  frontend->currencyservice  rpr=0.0000  low=300 high=0  elapsed_s=592  attempts=3  state=ON  metric=rpr
2026-10-08T12:20:35Z  OBSERVE  frontend->productcatalogservice  rpr=0.0000  low=300 high=0  elapsed_s=592  attempts=3  state=ON  metric=rpr
2026-10-08T12:20:35Z  OBSERVE  frontend->shippingservice  rpr=0.0000  low=299 high=0  elapsed_s=592  attempts=3  state=ON  metric=rpr
2026-10-08T12:20:35Z  OBSERVE  checkoutservice->cartservice  rpr=0.0000  low=297 high=0  elapsed_s=591  attempts=3  state=ON  metric=rpr
2026-10-08T12:20:35Z  OBSERVE  checkoutservice->currencyservice  rpr=0.0000  low=297 high=0  elapsed_s=591  attempts=3  state=ON  metric=rpr
2026-10-08T12:20:35Z  OBSERVE  checkoutservice->emailservice  rpr=0.0000  low=297 high=0  elapsed_s=591  attempts=3  state=ON  metric=rpr
2026-10-08T12:20:35Z  OBSERVE  checkoutservice->paymentservice  rpr=0.0000  low=297 high=0  elapsed_s=591  attempts=3  state=ON  metric=rpr
2026-10-08T12:20:35Z  OBSERVE  checkoutservice->shippingservice  rpr=0.0000  low=297 high=0  elapsed_s=591  attempts=3  state=ON  metric=rpr
2026-10-08T12:20:35Z  OBSERVE  recommendationservice->productcatalogservice  rpr=0.0000  low=300 high=0  elapsed_s=592  attempts=3  state=ON  metric=rpr
2026-10-08T12:20:35Z  OBSERVE  recommendationservice  rejection=0.4709  low=0 high=113  elapsed_s=224  state=OFF  metric=rejection
2026-10-08T12:20:37Z  OBSERVE  frontend->adservice  rpr=0.0000  low=300 high=0  elapsed_s=593  attempts=3  state=ON  metric=rpr
2026-10-08T12:20:37Z  OBSERVE  frontend->cartservice  rpr=0.0000  low=301 high=0  elapsed_s=594  attempts=3  state=ON  metric=rpr
2026-10-08T12:20:37Z  OBSERVE  frontend->checkoutservice  rpr=0.0000  low=273 high=0  elapsed_s=546  attempts=3  state=ON  metric=rpr
2026-10-08T12:20:37Z  OBSERVE  frontend->currencyservice  rpr=0.0000  low=301 high=0  elapsed_s=594  attempts=3  state=ON  metric=rpr
2026-10-08T12:20:37Z  OBSERVE  frontend->productcatalogservice  rpr=0.0000  low=301 high=0  elapsed_s=594  attempts=3  state=ON  metric=rpr
2026-10-08T12:20:37Z  OBSERVE  frontend->shippingservice  rpr=0.0000  low=300 high=0  elapsed_s=594  attempts=3  state=ON  metric=rpr
2026-10-08T12:20:37Z  OBSERVE  checkoutservice->cartservice  rpr=0.0000  low=298 high=0  elapsed_s=593  attempts=3  state=ON  metric=rpr
2026-10-08T12:20:37Z  OBSERVE  checkoutservice->currencyservice  rpr=0.0000  low=298 high=0  elapsed_s=593  attempts=3  state=ON  metric=rpr
2026-10-08T12:20:37Z  OBSERVE  checkoutservice->emailservice  rpr=0.0000  low=298 high=0  elapsed_s=593  attempts=3  state=ON  metric=rpr
2026-10-08T12:20:37Z  OBSERVE  checkoutservice->paymentservice  rpr=0.0000  low=298 high=0  elapsed_s=593  attempts=3  state=ON  metric=rpr
2026-10-08T12:20:37Z  OBSERVE  checkoutservice->shippingservice  rpr=0.0000  low=298 high=0  elapsed_s=593  attempts=3  state=ON  metric=rpr
2026-10-08T12:20:37Z  OBSERVE  recommendationservice->productcatalogservice  rpr=0.0000  low=301 high=0  elapsed_s=594  attempts=3  state=ON  metric=rpr
2026-10-08T12:20:37Z  OBSERVE  recommendationservice  rejection=0.8240  low=0 high=114  elapsed_s=226  state=OFF  metric=rejection
2026-10-08T12:20:39Z  OBSERVE  frontend->adservice  rpr=0.0000  low=301 high=0  elapsed_s=595  attempts=3  state=ON  metric=rpr
2026-10-08T12:20:39Z  OBSERVE  frontend->cartservice  rpr=0.0000  low=302 high=0  elapsed_s=596  attempts=3  state=ON  metric=rpr
2026-10-08T12:20:39Z  OBSERVE  frontend->checkoutservice  rpr=0.0000  low=274 high=0  elapsed_s=548  attempts=3  state=ON  metric=rpr
2026-10-08T12:20:39Z  OBSERVE  frontend->currencyservice  rpr=0.0000  low=302 high=0  elapsed_s=596  attempts=3  state=ON  metric=rpr
2026-10-08T12:20:39Z  OBSERVE  frontend->productcatalogservice  rpr=0.0000  low=302 high=0  elapsed_s=596  attempts=3  state=ON  metric=rpr
2026-10-08T12:20:39Z  OBSERVE  frontend->shippingservice  rpr=0.0000  low=301 high=0  elapsed_s=596  attempts=3  state=ON  metric=rpr
2026-10-08T12:20:39Z  OBSERVE  checkoutservice->cartservice  rpr=0.0000  low=299 high=0  elapsed_s=595  attempts=3  state=ON  metric=rpr
2026-10-08T12:20:39Z  OBSERVE  checkoutservice->currencyservice  rpr=0.0000  low=299 high=0  elapsed_s=595  attempts=3  state=ON  metric=rpr
2026-10-08T12:20:39Z  OBSERVE  checkoutservice->emailservice  rpr=0.0000  low=299 high=0  elapsed_s=595  attempts=3  state=ON  metric=rpr
2026-10-08T12:20:39Z  OBSERVE  checkoutservice->paymentservice  rpr=0.0000  low=299 high=0  elapsed_s=595  attempts=3  state=ON  metric=rpr
2026-10-08T12:20:39Z  OBSERVE  checkoutservice->shippingservice  rpr=0.0000  low=299 high=0  elapsed_s=595  attempts=3  state=ON  metric=rpr
2026-10-08T12:20:39Z  OBSERVE  recommendationservice->productcatalogservice  rpr=0.0000  low=302 high=0  elapsed_s=596  attempts=3  state=ON  metric=rpr
2026-10-08T12:20:39Z  OBSERVE  recommendationservice  rejection=0.4988  low=0 high=115  elapsed_s=228  state=OFF  metric=rejection
2026-10-08T12:20:41Z  OBSERVE  frontend->adservice  rpr=0.0000  low=302 high=0  elapsed_s=597  attempts=3  state=ON  metric=rpr
2026-10-08T12:20:41Z  OBSERVE  frontend->cartservice  rpr=0.0000  low=303 high=0  elapsed_s=598  attempts=3  state=ON  metric=rpr
2026-10-08T12:20:41Z  OBSERVE  frontend->checkoutservice  rpr=0.0000  low=275 high=0  elapsed_s=550  attempts=3  state=ON  metric=rpr
2026-10-08T12:20:41Z  OBSERVE  frontend->currencyservice  rpr=0.0000  low=303 high=0  elapsed_s=598  attempts=3  state=ON  metric=rpr
2026-10-08T12:20:41Z  OBSERVE  frontend->productcatalogservice  rpr=0.0000  low=303 high=0  elapsed_s=598  attempts=3  state=ON  metric=rpr
2026-10-08T12:20:41Z  OBSERVE  frontend->shippingservice  rpr=0.0000  low=302 high=0  elapsed_s=598  attempts=3  state=ON  metric=rpr
2026-10-08T12:20:41Z  OBSERVE  checkoutservice->cartservice  rpr=0.0000  low=300 high=0  elapsed_s=597  attempts=3  state=ON  metric=rpr
2026-10-08T12:20:41Z  OBSERVE  checkoutservice->currencyservice  rpr=0.0000  low=300 high=0  elapsed_s=597  attempts=3  state=ON  metric=rpr
2026-10-08T12:20:41Z  OBSERVE  checkoutservice->emailservice  rpr=0.0000  low=300 high=0  elapsed_s=597  attempts=3  state=ON  metric=rpr
2026-10-08T12:20:41Z  OBSERVE  checkoutservice->paymentservice  rpr=0.0000  low=300 high=0  elapsed_s=597  attempts=3  state=ON  metric=rpr
2026-10-08T12:20:41Z  OBSERVE  checkoutservice->shippingservice  rpr=0.0000  low=300 high=0  elapsed_s=597  attempts=3  state=ON  metric=rpr
2026-10-08T12:20:41Z  OBSERVE  recommendationservice->productcatalogservice  rpr=0.0000  low=303 high=0  elapsed_s=598  attempts=3  state=ON  metric=rpr
2026-10-08T12:20:41Z  OBSERVE  recommendationservice  rejection=0.4002  low=0 high=116  elapsed_s=230  state=OFF  metric=rejection
2026-10-08T12:20:43Z  OBSERVE  frontend->adservice  rpr=0.0000  low=303 high=0  elapsed_s=599  attempts=3  state=ON  metric=rpr
2026-10-08T12:20:43Z  OBSERVE  frontend->cartservice  rpr=0.0000  low=304 high=0  elapsed_s=600  attempts=3  state=ON  metric=rpr
2026-10-08T12:20:43Z  OBSERVE  frontend->checkoutservice  rpr=0.0000  low=276 high=0  elapsed_s=552  attempts=3  state=ON  metric=rpr
2026-10-08T12:20:43Z  OBSERVE  frontend->currencyservice  rpr=0.0000  low=304 high=0  elapsed_s=600  attempts=3  state=ON  metric=rpr
2026-10-08T12:20:43Z  OBSERVE  frontend->productcatalogservice  rpr=0.0000  low=304 high=0  elapsed_s=600  attempts=3  state=ON  metric=rpr
2026-10-08T12:20:43Z  OBSERVE  frontend->shippingservice  rpr=0.0000  low=303 high=0  elapsed_s=600  attempts=3  state=ON  metric=rpr
2026-10-08T12:20:43Z  OBSERVE  checkoutservice->cartservice  rpr=0.0000  low=301 high=0  elapsed_s=599  attempts=3  state=ON  metric=rpr
2026-10-08T12:20:43Z  OBSERVE  checkoutservice->currencyservice  rpr=0.0000  low=301 high=0  elapsed_s=599  attempts=3  state=ON  metric=rpr
2026-10-08T12:20:43Z  OBSERVE  checkoutservice->emailservice  rpr=0.0000  low=301 high=0  elapsed_s=599  attempts=3  state=ON  metric=rpr
2026-10-08T12:20:43Z  OBSERVE  checkoutservice->paymentservice  rpr=0.0000  low=301 high=0  elapsed_s=599  attempts=3  state=ON  metric=rpr
2026-10-08T12:20:43Z  OBSERVE  checkoutservice->shippingservice  rpr=0.0000  low=301 high=0  elapsed_s=599  attempts=3  state=ON  metric=rpr
2026-10-08T12:20:43Z  OBSERVE  recommendationservice->productcatalogservice  rpr=0.0000  low=304 high=0  elapsed_s=600  attempts=3  state=ON  metric=rpr
2026-10-08T12:20:43Z  OBSERVE  recommendationservice  rejection=0.2906  low=0 high=117  elapsed_s=232  state=OFF  metric=rejection
2026-10-08T12:20:45Z  OBSERVE  frontend->adservice  rpr=0.0000  low=304 high=0  elapsed_s=601  attempts=3  state=ON  metric=rpr
2026-10-08T12:20:45Z  OBSERVE  frontend->cartservice  rpr=0.0000  low=305 high=0  elapsed_s=602  attempts=3  state=ON  metric=rpr
2026-10-08T12:20:45Z  OBSERVE  frontend->checkoutservice  rpr=0.0000  low=277 high=0  elapsed_s=554  attempts=3  state=ON  metric=rpr
2026-10-08T12:20:45Z  OBSERVE  frontend->currencyservice  rpr=0.0000  low=305 high=0  elapsed_s=602  attempts=3  state=ON  metric=rpr
2026-10-08T12:20:45Z  OBSERVE  frontend->productcatalogservice  rpr=0.0000  low=305 high=0  elapsed_s=602  attempts=3  state=ON  metric=rpr
2026-10-08T12:20:45Z  OBSERVE  frontend->shippingservice  rpr=0.0000  low=304 high=0  elapsed_s=602  attempts=3  state=ON  metric=rpr
2026-10-08T12:20:45Z  OBSERVE  checkoutservice->cartservice  rpr=0.0000  low=302 high=0  elapsed_s=601  attempts=3  state=ON  metric=rpr
2026-10-08T12:20:45Z  OBSERVE  checkoutservice->currencyservice  rpr=0.0000  low=302 high=0  elapsed_s=601  attempts=3  state=ON  metric=rpr
2026-10-08T12:20:45Z  OBSERVE  checkoutservice->emailservice  rpr=0.0000  low=302 high=0  elapsed_s=601  attempts=3  state=ON  metric=rpr
2026-10-08T12:20:45Z  OBSERVE  checkoutservice->paymentservice  rpr=0.0000  low=302 high=0  elapsed_s=601  attempts=3  state=ON  metric=rpr
2026-10-08T12:20:45Z  OBSERVE  checkoutservice->shippingservice  rpr=0.0000  low=302 high=0  elapsed_s=601  attempts=3  state=ON  metric=rpr
2026-10-08T12:20:45Z  OBSERVE  recommendationservice->productcatalogservice  rpr=0.0000  low=305 high=0  elapsed_s=602  attempts=3  state=ON  metric=rpr
2026-10-08T12:20:45Z  OBSERVE  recommendationservice  rejection=0.3011  low=0 high=118  elapsed_s=234  state=OFF  metric=rejection
2026-10-08T12:20:47Z  OBSERVE  frontend->adservice  rpr=0.0000  low=305 high=0  elapsed_s=603  attempts=3  state=ON  metric=rpr
2026-10-08T12:20:47Z  OBSERVE  frontend->cartservice  rpr=0.0000  low=306 high=0  elapsed_s=604  attempts=3  state=ON  metric=rpr
2026-10-08T12:20:47Z  OBSERVE  frontend->checkoutservice  rpr=0.0000  low=278 high=0  elapsed_s=556  attempts=3  state=ON  metric=rpr
2026-10-08T12:20:47Z  OBSERVE  frontend->currencyservice  rpr=0.0000  low=306 high=0  elapsed_s=604  attempts=3  state=ON  metric=rpr
2026-10-08T12:20:47Z  OBSERVE  frontend->productcatalogservice  rpr=0.0000  low=306 high=0  elapsed_s=604  attempts=3  state=ON  metric=rpr
2026-10-08T12:20:47Z  OBSERVE  frontend->shippingservice  rpr=0.0000  low=305 high=0  elapsed_s=604  attempts=3  state=ON  metric=rpr
2026-10-08T12:20:47Z  OBSERVE  checkoutservice->cartservice  rpr=0.0000  low=303 high=0  elapsed_s=603  attempts=3  state=ON  metric=rpr
2026-10-08T12:20:47Z  OBSERVE  checkoutservice->currencyservice  rpr=0.0000  low=303 high=0  elapsed_s=603  attempts=3  state=ON  metric=rpr
2026-10-08T12:20:47Z  OBSERVE  checkoutservice->emailservice  rpr=0.0000  low=303 high=0  elapsed_s=603  attempts=3  state=ON  metric=rpr
2026-10-08T12:20:47Z  OBSERVE  checkoutservice->paymentservice  rpr=0.0000  low=303 high=0  elapsed_s=603  attempts=3  state=ON  metric=rpr
2026-10-08T12:20:47Z  OBSERVE  checkoutservice->shippingservice  rpr=0.0000  low=303 high=0  elapsed_s=603  attempts=3  state=ON  metric=rpr
2026-10-08T12:20:47Z  OBSERVE  recommendationservice->productcatalogservice  rpr=0.0000  low=306 high=0  elapsed_s=604  attempts=3  state=ON  metric=rpr
2026-10-08T12:20:47Z  OBSERVE  recommendationservice  rejection=0.3938  low=0 high=119  elapsed_s=236  state=OFF  metric=rejection
2026-10-08T12:20:49Z  OBSERVE  frontend->adservice  rpr=0.0000  low=306 high=0  elapsed_s=605  attempts=3  state=ON  metric=rpr
2026-10-08T12:20:49Z  OBSERVE  frontend->cartservice  rpr=0.0000  low=307 high=0  elapsed_s=606  attempts=3  state=ON  metric=rpr
2026-10-08T12:20:49Z  OBSERVE  frontend->checkoutservice  rpr=0.0000  low=279 high=0  elapsed_s=558  attempts=3  state=ON  metric=rpr
2026-10-08T12:20:49Z  OBSERVE  frontend->currencyservice  rpr=0.0000  low=307 high=0  elapsed_s=606  attempts=3  state=ON  metric=rpr
2026-10-08T12:20:49Z  OBSERVE  frontend->productcatalogservice  rpr=0.0000  low=307 high=0  elapsed_s=606  attempts=3  state=ON  metric=rpr
2026-10-08T12:20:49Z  OBSERVE  frontend->shippingservice  rpr=0.0000  low=306 high=0  elapsed_s=606  attempts=3  state=ON  metric=rpr
2026-10-08T12:20:49Z  OBSERVE  checkoutservice->cartservice  rpr=0.0000  low=304 high=0  elapsed_s=605  attempts=3  state=ON  metric=rpr
2026-10-08T12:20:49Z  OBSERVE  checkoutservice->currencyservice  rpr=0.0000  low=304 high=0  elapsed_s=605  attempts=3  state=ON  metric=rpr
2026-10-08T12:20:49Z  OBSERVE  checkoutservice->emailservice  rpr=0.0000  low=304 high=0  elapsed_s=605  attempts=3  state=ON  metric=rpr
2026-10-08T12:20:49Z  OBSERVE  checkoutservice->paymentservice  rpr=0.0000  low=304 high=0  elapsed_s=605  attempts=3  state=ON  metric=rpr
2026-10-08T12:20:49Z  OBSERVE  checkoutservice->shippingservice  rpr=0.0000  low=304 high=0  elapsed_s=605  attempts=3  state=ON  metric=rpr
2026-10-08T12:20:49Z  OBSERVE  recommendationservice->productcatalogservice  rpr=0.0000  low=307 high=0  elapsed_s=606  attempts=3  state=ON  metric=rpr
2026-10-08T12:20:49Z  OBSERVE  recommendationservice  rejection=0.2830  low=0 high=120  elapsed_s=238  state=OFF  metric=rejection
2026-10-08T12:20:51Z  OBSERVE  frontend->adservice  rpr=0.0000  low=307 high=0  elapsed_s=607  attempts=3  state=ON  metric=rpr
2026-10-08T12:20:51Z  OBSERVE  frontend->cartservice  rpr=0.0000  low=308 high=0  elapsed_s=608  attempts=3  state=ON  metric=rpr
2026-10-08T12:20:51Z  OBSERVE  frontend->checkoutservice  rpr=0.0000  low=280 high=0  elapsed_s=560  attempts=3  state=ON  metric=rpr
2026-10-08T12:20:51Z  OBSERVE  frontend->currencyservice  rpr=0.0000  low=308 high=0  elapsed_s=608  attempts=3  state=ON  metric=rpr
2026-10-08T12:20:51Z  OBSERVE  frontend->productcatalogservice  rpr=0.0000  low=308 high=0  elapsed_s=608  attempts=3  state=ON  metric=rpr
2026-10-08T12:20:51Z  OBSERVE  frontend->shippingservice  rpr=0.0000  low=307 high=0  elapsed_s=608  attempts=3  state=ON  metric=rpr
2026-10-08T12:20:51Z  OBSERVE  checkoutservice->cartservice  rpr=0.0000  low=305 high=0  elapsed_s=607  attempts=3  state=ON  metric=rpr
2026-10-08T12:20:51Z  OBSERVE  checkoutservice->currencyservice  rpr=0.0000  low=305 high=0  elapsed_s=607  attempts=3  state=ON  metric=rpr
2026-10-08T12:20:51Z  OBSERVE  checkoutservice->emailservice  rpr=0.0000  low=305 high=0  elapsed_s=607  attempts=3  state=ON  metric=rpr
2026-10-08T12:20:51Z  OBSERVE  checkoutservice->paymentservice  rpr=0.0000  low=305 high=0  elapsed_s=607  attempts=3  state=ON  metric=rpr
2026-10-08T12:20:51Z  OBSERVE  checkoutservice->shippingservice  rpr=0.0000  low=305 high=0  elapsed_s=607  attempts=3  state=ON  metric=rpr
2026-10-08T12:20:51Z  OBSERVE  recommendationservice->productcatalogservice  rpr=0.0000  low=308 high=0  elapsed_s=608  attempts=3  state=ON  metric=rpr
2026-10-08T12:20:51Z  OBSERVE  recommendationservice  rejection=0.2437  low=0 high=121  elapsed_s=240  state=OFF  metric=rejection
2026-10-08T12:20:53Z  OBSERVE  frontend->adservice  rpr=0.0000  low=308 high=0  elapsed_s=609  attempts=3  state=ON  metric=rpr
2026-10-08T12:20:53Z  OBSERVE  frontend->cartservice  rpr=0.0000  low=309 high=0  elapsed_s=610  attempts=3  state=ON  metric=rpr
2026-10-08T12:20:53Z  OBSERVE  frontend->checkoutservice  rpr=0.0000  low=281 high=0  elapsed_s=562  attempts=3  state=ON  metric=rpr
2026-10-08T12:20:53Z  OBSERVE  frontend->currencyservice  rpr=0.0000  low=309 high=0  elapsed_s=610  attempts=3  state=ON  metric=rpr
2026-10-08T12:20:53Z  OBSERVE  frontend->productcatalogservice  rpr=0.0000  low=309 high=0  elapsed_s=610  attempts=3  state=ON  metric=rpr
2026-10-08T12:20:53Z  OBSERVE  frontend->shippingservice  rpr=0.0000  low=308 high=0  elapsed_s=610  attempts=3  state=ON  metric=rpr
2026-10-08T12:20:53Z  OBSERVE  checkoutservice->cartservice  rpr=0.0000  low=306 high=0  elapsed_s=609  attempts=3  state=ON  metric=rpr
2026-10-08T12:20:53Z  OBSERVE  checkoutservice->currencyservice  rpr=0.0000  low=306 high=0  elapsed_s=609  attempts=3  state=ON  metric=rpr
2026-10-08T12:20:53Z  OBSERVE  checkoutservice->emailservice  rpr=0.0000  low=306 high=0  elapsed_s=609  attempts=3  state=ON  metric=rpr
2026-10-08T12:20:53Z  OBSERVE  checkoutservice->paymentservice  rpr=0.0000  low=306 high=0  elapsed_s=609  attempts=3  state=ON  metric=rpr
2026-10-08T12:20:53Z  OBSERVE  checkoutservice->shippingservice  rpr=0.0000  low=306 high=0  elapsed_s=609  attempts=3  state=ON  metric=rpr
2026-10-08T12:20:53Z  OBSERVE  recommendationservice->productcatalogservice  rpr=0.0000  low=309 high=0  elapsed_s=610  attempts=3  state=ON  metric=rpr
2026-10-08T12:20:53Z  OBSERVE  recommendationservice  rejection=0.2721  low=0 high=122  elapsed_s=242  state=OFF  metric=rejection
2026-10-08T12:20:55Z  OBSERVE  frontend->adservice  rpr=0.0000  low=309 high=0  elapsed_s=611  attempts=3  state=ON  metric=rpr
2026-10-08T12:20:55Z  OBSERVE  frontend->cartservice  rpr=0.0000  low=310 high=0  elapsed_s=612  attempts=3  state=ON  metric=rpr
2026-10-08T12:20:55Z  OBSERVE  frontend->checkoutservice  rpr=0.0000  low=282 high=0  elapsed_s=564  attempts=3  state=ON  metric=rpr
2026-10-08T12:20:55Z  OBSERVE  frontend->currencyservice  rpr=0.0000  low=310 high=0  elapsed_s=612  attempts=3  state=ON  metric=rpr
2026-10-08T12:20:55Z  OBSERVE  frontend->productcatalogservice  rpr=0.0000  low=310 high=0  elapsed_s=612  attempts=3  state=ON  metric=rpr
2026-10-08T12:20:55Z  OBSERVE  frontend->shippingservice  rpr=0.0000  low=309 high=0  elapsed_s=612  attempts=3  state=ON  metric=rpr
2026-10-08T12:20:55Z  OBSERVE  checkoutservice->cartservice  rpr=0.0000  low=307 high=0  elapsed_s=611  attempts=3  state=ON  metric=rpr
2026-10-08T12:20:55Z  OBSERVE  checkoutservice->currencyservice  rpr=0.0000  low=307 high=0  elapsed_s=611  attempts=3  state=ON  metric=rpr
2026-10-08T12:20:55Z  OBSERVE  checkoutservice->emailservice  rpr=0.0000  low=307 high=0  elapsed_s=611  attempts=3  state=ON  metric=rpr
2026-10-08T12:20:55Z  OBSERVE  checkoutservice->paymentservice  rpr=0.0000  low=307 high=0  elapsed_s=611  attempts=3  state=ON  metric=rpr
2026-10-08T12:20:55Z  OBSERVE  checkoutservice->shippingservice  rpr=0.0000  low=307 high=0  elapsed_s=611  attempts=3  state=ON  metric=rpr
2026-10-08T12:20:55Z  OBSERVE  recommendationservice->productcatalogservice  rpr=0.0000  low=310 high=0  elapsed_s=612  attempts=3  state=ON  metric=rpr
2026-10-08T12:20:55Z  OBSERVE  recommendationservice  rejection=0.8309  low=0 high=123  elapsed_s=244  state=OFF  metric=rejection
2026-10-08T12:20:55Z  SHUTDOWN  signal=15
2026-10-08T12:20:56Z  EXIT
