timestamp,service,cadvisor_cpu,quota,alpha,utilization,overloaded
2026-09-26T19:56:14Z,frontend,0.0,1150,0.8,0.0,0
2026-09-26T19:56:14Z,cartservice,26.0,1000,0.95,0.026,0
2026-09-26T19:56:14Z,checkoutservice,0.0,1500,0.8,0.0,0
2026-09-26T19:56:14Z,productcatalogservice,0.0,600,0.95,0.0,0
2026-09-26T19:56:14Z,paymentservice,0.0,150,0.8,0.0,0
2026-09-26T19:56:14Z,recommendationservice,0.0,2000,0.8,0.0,0
2026-09-26T19:56:14Z,shippingservice,0.0,400,0.8,0.0,0
2026-09-26T19:56:14Z,currencyservice,0.0,500,0.8,0.0,0
2026-09-26T19:56:14Z,emailservice,0.0,150,0.8,0.0,0
2026-09-26T19:56:14Z,adservice,21.0,600,0.8,0.035,0
2026-09-26T19:56:14Z,redis-cart,4.0,500,0.8,0.008,0
2026-09-26T19:56:15Z,frontend,0.0,1150,0.8,0.0,0
2026-09-26T19:56:15Z,cartservice,26.0,1000,0.95,0.026,0
2026-09-26T19:56:15Z,checkoutservice,0.0,1500,0.8,0.0,0
2026-09-26T19:56:15Z,productcatalogservice,17.0,600,0.95,0.028333333333333332,0
2026-09-26T19:56:15Z,paymentservice,0.0,150,0.8,0.0,0
2026-09-26T19:56:15Z,recommendationservice,0.0,2000,0.8,0.0,0
2026-09-26T19:56:15Z,shippingservice,0.0,400,0.8,0.0,0
2026-09-26T19:56:15Z,currencyservice,0.0,500,0.8,0.0,0
2026-09-26T19:56:15Z,emailservice,0.0,150,0.8,0.0,0
2026-09-26T19:56:15Z,adservice,47.0,600,0.8,0.07833333333333334,0
2026-09-26T19:56:15Z,redis-cart,3.0,500,0.8,0.006,0
2026-09-26T19:56:16Z,frontend,0.0,1150,0.8,0.0,0
2026-09-26T19:56:16Z,cartservice,0.0,1000,0.95,0.0,0
2026-09-26T19:56:16Z,checkoutservice,0.0,1500,0.8,0.0,0
2026-09-26T19:56:16Z,productcatalogservice,17.0,600,0.95,0.028333333333333332,0
2026-09-26T19:56:16Z,paymentservice,0.0,150,0.8,0.0,0
2026-09-26T19:56:16Z,recommendationservice,19.0,2000,0.8,0.0095,0
2026-09-26T19:56:16Z,shippingservice,0.0,400,0.8,0.0,0
2026-09-26T19:56:16Z,currencyservice,0.0,500,0.8,0.0,0
2026-09-26T19:56:16Z,emailservice,33.0,150,0.8,0.22,0
2026-09-26T19:56:16Z,adservice,21.0,600,0.8,0.035,0
2026-09-26T19:56:16Z,redis-cart,3.0,500,0.8,0.006,0
2026-09-26T19:56:17Z,frontend,0.0,1150,0.8,0.0,0
2026-09-26T19:56:17Z,cartservice,0.0,1000,0.95,0.0,0
2026-09-26T19:56:17Z,checkoutservice,21.0,1500,0.8,0.014,0
2026-09-26T19:56:17Z,productcatalogservice,0.0,600,0.95,0.0,0
2026-09-26T19:56:17Z,paymentservice,0.0,150,0.8,0.0,0
2026-09-26T19:56:17Z,recommendationservice,19.0,2000,0.8,0.0095,0
2026-09-26T19:56:17Z,shippingservice,27.0,400,0.8,0.0675,0
2026-09-26T19:56:17Z,currencyservice,0.0,500,0.8,0.0,0
2026-09-26T19:56:17Z,emailservice,0.0,150,0.8,0.0,0
2026-09-26T19:56:17Z,adservice,24.0,600,0.8,0.04,0
2026-09-26T19:56:17Z,redis-cart,3.0,500,0.8,0.006,0
2026-09-26T19:56:18Z,frontend,0.0,1150,0.8,0.0,0
2026-09-26T19:56:18Z,cartservice,0.0,1000,0.95,0.0,0
2026-09-26T19:56:18Z,checkoutservice,0.0,1500,0.8,0.0,0
2026-09-26T19:56:18Z,productcatalogservice,0.0,600,0.95,0.0,0
2026-09-26T19:56:18Z,paymentservice,0.0,150,0.8,0.0,0
2026-09-26T19:56:18Z,recommendationservice,0.0,2000,0.8,0.0,0
2026-09-26T19:56:18Z,shippingservice,0.0,400,0.8,0.0,0
2026-09-26T19:56:18Z,currencyservice,0.0,500,0.8,0.0,0
2026-09-26T19:56:18Z,emailservice,0.0,150,0.8,0.0,0
2026-09-26T19:56:18Z,adservice,24.0,600,0.8,0.04,0
2026-09-26T19:56:18Z,redis-cart,3.0,500,0.8,0.006,0
2026-09-26T19:56:19Z,frontend,0.0,1150,0.8,0.0,0
2026-09-26T19:56:19Z,cartservice,0.0,1000,0.95,0.0,0
2026-09-26T19:56:19Z,checkoutservice,0.0,1500,0.8,0.0,0
2026-09-26T19:56:19Z,productcatalogservice,0.0,600,0.95,0.0,0
2026-09-26T19:56:19Z,paymentservice,0.0,150,0.8,0.0,0
2026-09-26T19:56:19Z,recommendationservice,0.0,2000,0.8,0.0,0
2026-09-26T19:56:19Z,shippingservice,0.0,400,0.8,0.0,0
2026-09-26T19:56:19Z,currencyservice,14.0,500,0.8,0.028,0
2026-09-26T19:56:19Z,emailservice,0.0,150,0.8,0.0,0
2026-09-26T19:56:19Z,adservice,24.0,600,0.8,0.04,0
2026-09-26T19:56:19Z,redis-cart,4.0,500,0.8,0.008,0
2026-09-26T19:56:20Z,frontend,0.0,1150,0.8,0.0,0
2026-09-26T19:56:20Z,cartservice,0.0,1000,0.95,0.0,0
2026-09-26T19:56:20Z,checkoutservice,0.0,1500,0.8,0.0,0
2026-09-26T19:56:20Z,productcatalogservice,0.0,600,0.95,0.0,0
2026-09-26T19:56:20Z,paymentservice,0.0,150,0.8,0.0,0
2026-09-26T19:56:20Z,recommendationservice,0.0,2000,0.8,0.0,0
2026-09-26T19:56:20Z,shippingservice,0.0,400,0.8,0.0,0
2026-09-26T19:56:20Z,currencyservice,14.0,500,0.8,0.028,0
2026-09-26T19:56:20Z,emailservice,0.0,150,0.8,0.0,0
2026-09-26T19:56:20Z,adservice,24.0,600,0.8,0.04,0
2026-09-26T19:56:20Z,redis-cart,4.0,500,0.8,0.008,0
2026-09-26T19:56:21Z,frontend,0.0,1150,0.8,0.0,0
2026-09-26T19:56:21Z,cartservice,0.0,1000,0.95,0.0,0
2026-09-26T19:56:21Z,checkoutservice,0.0,1500,0.8,0.0,0
2026-09-26T19:56:21Z,productcatalogservice,0.0,600,0.95,0.0,0
2026-09-26T19:56:21Z,paymentservice,0.0,150,0.8,0.0,0
2026-09-26T19:56:21Z,recommendationservice,24.0,2000,0.8,0.012,0
2026-09-26T19:56:21Z,shippingservice,0.0,400,0.8,0.0,0
2026-09-26T19:56:21Z,currencyservice,0.0,500,0.8,0.0,0
2026-09-26T19:56:21Z,emailservice,0.0,150,0.8,0.0,0
2026-09-26T19:56:21Z,adservice,24.0,600,0.8,0.04,0
2026-09-26T19:56:21Z,redis-cart,4.0,500,0.8,0.008,0
2026-09-26T19:56:22Z,frontend,0.0,1150,0.8,0.0,0
2026-09-26T19:56:22Z,cartservice,0.0,1000,0.95,0.0,0
2026-09-26T19:56:22Z,checkoutservice,0.0,1500,0.8,0.0,0
2026-09-26T19:56:22Z,productcatalogservice,0.0,600,0.95,0.0,0
2026-09-26T19:56:22Z,paymentservice,19.0,150,0.8,0.12666666666666668,0
2026-09-26T19:56:22Z,recommendationservice,0.0,2000,0.8,0.0,0
2026-09-26T19:56:22Z,shippingservice,0.0,400,0.8,0.0,0
2026-09-26T19:56:22Z,currencyservice,0.0,500,0.8,0.0,0
2026-09-26T19:56:22Z,emailservice,20.0,150,0.8,0.13333333333333333,0
2026-09-26T19:56:22Z,adservice,23.0,600,0.8,0.03833333333333333,0
2026-09-26T19:56:22Z,redis-cart,3.0,500,0.8,0.006,0
2026-09-26T19:56:23Z,frontend,0.0,1150,0.8,0.0,0
2026-09-26T19:56:23Z,cartservice,28.0,1000,0.95,0.028,0
2026-09-26T19:56:23Z,checkoutservice,0.0,1500,0.8,0.0,0
2026-09-26T19:56:23Z,productcatalogservice,0.0,600,0.95,0.0,0
2026-09-26T19:56:23Z,paymentservice,0.0,150,0.8,0.0,0
2026-09-26T19:56:23Z,recommendationservice,0.0,2000,0.8,0.0,0
2026-09-26T19:56:23Z,shippingservice,15.0,400,0.8,0.0375,0
2026-09-26T19:56:23Z,currencyservice,0.0,500,0.8,0.0,0
2026-09-26T19:56:23Z,emailservice,0.0,150,0.8,0.0,0
2026-09-26T19:56:23Z,adservice,23.0,600,0.8,0.03833333333333333,0
2026-09-26T19:56:23Z,redis-cart,4.0,500,0.8,0.008,0
2026-09-26T19:56:24Z,frontend,0.0,1150,0.8,0.0,0
2026-09-26T19:56:24Z,cartservice,0.0,1000,0.95,0.0,0
2026-09-26T19:56:24Z,checkoutservice,0.0,1500,0.8,0.0,0
2026-09-26T19:56:24Z,productcatalogservice,0.0,600,0.95,0.0,0
2026-09-26T19:56:24Z,paymentservice,0.0,150,0.8,0.0,0
2026-09-26T19:56:24Z,recommendationservice,0.0,2000,0.8,0.0,0
2026-09-26T19:56:24Z,shippingservice,0.0,400,0.8,0.0,0
2026-09-26T19:56:24Z,currencyservice,0.0,500,0.8,0.0,0
2026-09-26T19:56:24Z,emailservice,0.0,150,0.8,0.0,0
2026-09-26T19:56:24Z,adservice,24.0,600,0.8,0.04,0
2026-09-26T19:56:24Z,redis-cart,4.0,500,0.8,0.008,0
2026-09-26T19:56:25Z,frontend,0.0,1150,0.8,0.0,0
2026-09-26T19:56:25Z,cartservice,0.0,1000,0.95,0.0,0
2026-09-26T19:56:25Z,checkoutservice,0.0,1500,0.8,0.0,0
2026-09-26T19:56:25Z,productcatalogservice,0.0,600,0.95,0.0,0
2026-09-26T19:56:25Z,paymentservice,0.0,150,0.8,0.0,0
2026-09-26T19:56:25Z,recommendationservice,18.0,2000,0.8,0.009,0
2026-09-26T19:56:25Z,shippingservice,0.0,400,0.8,0.0,0
2026-09-26T19:56:25Z,currencyservice,0.0,500,0.8,0.0,0
2026-09-26T19:56:25Z,emailservice,0.0,150,0.8,0.0,0
2026-09-26T19:56:25Z,adservice,24.0,600,0.8,0.04,0
2026-09-26T19:56:25Z,redis-cart,4.0,500,0.8,0.008,0
2026-09-26T19:56:26Z,frontend,0.0,1150,0.8,0.0,0
2026-09-26T19:56:26Z,cartservice,0.0,1000,0.95,0.0,0
2026-09-26T19:56:26Z,checkoutservice,0.0,1500,0.8,0.0,0
2026-09-26T19:56:26Z,productcatalogservice,16.0,600,0.95,0.02666666666666667,0
2026-09-26T19:56:26Z,paymentservice,0.0,150,0.8,0.0,0
2026-09-26T19:56:26Z,recommendationservice,18.0,2000,0.8,0.009,0
2026-09-26T19:56:26Z,shippingservice,0.0,400,0.8,0.0,0
2026-09-26T19:56:26Z,currencyservice,0.0,500,0.8,0.0,0
2026-09-26T19:56:26Z,emailservice,0.0,150,0.8,0.0,0
2026-09-26T19:56:26Z,adservice,22.0,600,0.8,0.03666666666666667,0
2026-09-26T19:56:26Z,redis-cart,3.0,500,0.8,0.006,0
2026-09-26T19:56:27Z,frontend,0.0,1150,0.8,0.0,0
2026-09-26T19:56:27Z,cartservice,0.0,1000,0.95,0.0,0
2026-09-26T19:56:27Z,checkoutservice,15.0,1500,0.8,0.01,0
2026-09-26T19:56:27Z,productcatalogservice,16.0,600,0.95,0.02666666666666667,0
2026-09-26T19:56:27Z,paymentservice,0.0,150,0.8,0.0,0
2026-09-26T19:56:27Z,recommendationservice,0.0,2000,0.8,0.0,0
2026-09-26T19:56:27Z,shippingservice,17.0,400,0.8,0.0425,0
2026-09-26T19:56:27Z,currencyservice,0.0,500,0.8,0.0,0
2026-09-26T19:56:27Z,emailservice,17.0,150,0.8,0.11333333333333333,0
2026-09-26T19:56:27Z,adservice,22.0,600,0.8,0.03666666666666667,0
2026-09-26T19:56:27Z,redis-cart,3.0,500,0.8,0.006,0
2026-09-26T19:56:28Z,frontend,0.0,1150,0.8,0.0,0
2026-09-26T19:56:28Z,cartservice,0.0,1000,0.95,0.0,0
2026-09-26T19:56:28Z,checkoutservice,15.0,1500,0.8,0.01,0
2026-09-26T19:56:28Z,productcatalogservice,0.0,600,0.95,0.0,0
2026-09-26T19:56:28Z,paymentservice,0.0,150,0.8,0.0,0
2026-09-26T19:56:28Z,recommendationservice,0.0,2000,0.8,0.0,0
2026-09-26T19:56:28Z,shippingservice,17.0,400,0.8,0.0425,0
2026-09-26T19:56:28Z,currencyservice,24.0,500,0.8,0.048,0
2026-09-26T19:56:28Z,emailservice,0.0,150,0.8,0.0,0
2026-09-26T19:56:28Z,adservice,21.0,600,0.8,0.035,0
2026-09-26T19:56:28Z,redis-cart,3.0,500,0.8,0.006,0
2026-09-26T19:56:29Z,frontend,0.0,1150,0.8,0.0,0
2026-09-26T19:56:29Z,cartservice,0.0,1000,0.95,0.0,0
2026-09-26T19:56:29Z,checkoutservice,0.0,1500,0.8,0.0,0
2026-09-26T19:56:29Z,productcatalogservice,0.0,600,0.95,0.0,0
2026-09-26T19:56:29Z,paymentservice,0.0,150,0.8,0.0,0
2026-09-26T19:56:29Z,recommendationservice,0.0,2000,0.8,0.0,0
2026-09-26T19:56:29Z,shippingservice,0.0,400,0.8,0.0,0
2026-09-26T19:56:29Z,currencyservice,24.0,500,0.8,0.048,0
2026-09-26T19:56:29Z,emailservice,0.0,150,0.8,0.0,0
2026-09-26T19:56:29Z,adservice,22.0,600,0.8,0.03666666666666667,0
2026-09-26T19:56:29Z,redis-cart,4.0,500,0.8,0.008,0
2026-09-26T19:56:30Z,frontend,0.0,1150,0.8,0.0,0
2026-09-26T19:56:30Z,cartservice,0.0,1000,0.95,0.0,0
2026-09-26T19:56:30Z,checkoutservice,0.0,1500,0.8,0.0,0
2026-09-26T19:56:30Z,productcatalogservice,0.0,600,0.95,0.0,0
2026-09-26T19:56:30Z,paymentservice,0.0,150,0.8,0.0,0
2026-09-26T19:56:30Z,recommendationservice,20.0,2000,0.8,0.01,0
2026-09-26T19:56:30Z,shippingservice,0.0,400,0.8,0.0,0
2026-09-26T19:56:30Z,currencyservice,0.0,500,0.8,0.0,0
2026-09-26T19:56:30Z,emailservice,0.0,150,0.8,0.0,0
2026-09-26T19:56:30Z,adservice,47.0,600,0.8,0.07833333333333334,0
2026-09-26T19:56:30Z,redis-cart,4.0,500,0.8,0.008,0
2026-09-26T19:56:31Z,frontend,0.0,1150,0.8,0.0,0
2026-09-26T19:56:31Z,cartservice,0.0,1000,0.95,0.0,0
2026-09-26T19:56:31Z,checkoutservice,0.0,1500,0.8,0.0,0
2026-09-26T19:56:31Z,productcatalogservice,0.0,600,0.95,0.0,0
2026-09-26T19:56:31Z,paymentservice,0.0,150,0.8,0.0,0
2026-09-26T19:56:31Z,recommendationservice,20.0,2000,0.8,0.01,0
2026-09-26T19:56:31Z,shippingservice,0.0,400,0.8,0.0,0
2026-09-26T19:56:31Z,currencyservice,0.0,500,0.8,0.0,0
2026-09-26T19:56:31Z,emailservice,33.0,150,0.8,0.22,0
2026-09-26T19:56:31Z,adservice,47.0,600,0.8,0.07833333333333334,0
2026-09-26T19:56:31Z,redis-cart,4.0,500,0.8,0.008,0
2026-09-26T19:56:32Z,frontend,0.0,1150,0.8,0.0,0
2026-09-26T19:56:32Z,cartservice,0.0,1000,0.95,0.0,0
2026-09-26T19:56:32Z,checkoutservice,0.0,1500,0.8,0.0,0
2026-09-26T19:56:32Z,productcatalogservice,0.0,600,0.95,0.0,0
2026-09-26T19:56:32Z,paymentservice,0.0,150,0.8,0.0,0
2026-09-26T19:56:32Z,recommendationservice,0.0,2000,0.8,0.0,0
2026-09-26T19:56:32Z,shippingservice,10.0,400,0.8,0.025,0
2026-09-26T19:56:32Z,currencyservice,0.0,500,0.8,0.0,0
2026-09-26T19:56:32Z,emailservice,0.0,150,0.8,0.0,0
2026-09-26T19:56:32Z,adservice,23.0,600,0.8,0.03833333333333333,0
2026-09-26T19:56:32Z,redis-cart,3.0,500,0.8,0.006,0
2026-09-26T19:56:33Z,frontend,0.0,1150,0.8,0.0,0
2026-09-26T19:56:33Z,cartservice,15.0,1000,0.95,0.015,0
2026-09-26T19:56:33Z,checkoutservice,0.0,1500,0.8,0.0,0
2026-09-26T19:56:33Z,productcatalogservice,0.0,600,0.95,0.0,0
2026-09-26T19:56:33Z,paymentservice,18.0,150,0.8,0.12,0
2026-09-26T19:56:33Z,recommendationservice,0.0,2000,0.8,0.0,0
2026-09-26T19:56:33Z,shippingservice,10.0,400,0.8,0.025,0
2026-09-26T19:56:33Z,currencyservice,0.0,500,0.8,0.0,0
2026-09-26T19:56:33Z,emailservice,0.0,150,0.8,0.0,0
2026-09-26T19:56:33Z,adservice,23.0,600,0.8,0.03833333333333333,0
2026-09-26T19:56:33Z,redis-cart,3.0,500,0.8,0.006,0
2026-09-26T19:56:34Z,frontend,0.0,1150,0.8,0.0,0
2026-09-26T19:56:34Z,cartservice,15.0,1000,0.95,0.015,0
2026-09-26T19:56:34Z,checkoutservice,0.0,1500,0.8,0.0,0
2026-09-26T19:56:34Z,productcatalogservice,21.0,600,0.95,0.035,0
2026-09-26T19:56:34Z,paymentservice,0.0,150,0.8,0.0,0
2026-09-26T19:56:34Z,recommendationservice,0.0,2000,0.8,0.0,0
2026-09-26T19:56:34Z,shippingservice,0.0,400,0.8,0.0,0
2026-09-26T19:56:34Z,currencyservice,0.0,500,0.8,0.0,0
2026-09-26T19:56:34Z,emailservice,0.0,150,0.8,0.0,0
2026-09-26T19:56:34Z,adservice,22.0,600,0.8,0.03666666666666667,0
2026-09-26T19:56:34Z,redis-cart,3.0,500,0.8,0.006,0
2026-09-26T19:56:35Z,frontend,0.0,1150,0.8,0.0,0
2026-09-26T19:56:35Z,cartservice,0.0,1000,0.95,0.0,0
2026-09-26T19:56:35Z,checkoutservice,0.0,1500,0.8,0.0,0
2026-09-26T19:56:35Z,productcatalogservice,21.0,600,0.95,0.035,0
2026-09-26T19:56:35Z,paymentservice,0.0,150,0.8,0.0,0
2026-09-26T19:56:35Z,recommendationservice,0.0,2000,0.8,0.0,0
2026-09-26T19:56:35Z,shippingservice,0.0,400,0.8,0.0,0
2026-09-26T19:56:35Z,currencyservice,0.0,500,0.8,0.0,0
2026-09-26T19:56:35Z,emailservice,0.0,150,0.8,0.0,0
2026-09-26T19:56:35Z,adservice,23.0,600,0.8,0.03833333333333333,0
2026-09-26T19:56:35Z,redis-cart,3.0,500,0.8,0.006,0
2026-09-26T19:56:36Z,frontend,0.0,1150,0.8,0.0,0
2026-09-26T19:56:36Z,cartservice,0.0,1000,0.95,0.0,0
2026-09-26T19:56:36Z,checkoutservice,15.0,1500,0.8,0.01,0
2026-09-26T19:56:36Z,productcatalogservice,0.0,600,0.95,0.0,0
2026-09-26T19:56:36Z,paymentservice,0.0,150,0.8,0.0,0
2026-09-26T19:56:36Z,recommendationservice,17.0,2000,0.8,0.0085,0
2026-09-26T19:56:36Z,shippingservice,0.0,400,0.8,0.0,0
2026-09-26T19:56:36Z,currencyservice,0.0,500,0.8,0.0,0
2026-09-26T19:56:36Z,emailservice,15.0,150,0.8,0.1,0
2026-09-26T19:56:36Z,adservice,23.0,600,0.8,0.03833333333333333,0
2026-09-26T19:56:36Z,redis-cart,4.0,500,0.8,0.008,0
2026-09-26T19:56:37Z,frontend,0.0,1150,0.8,0.0,0
2026-09-26T19:56:37Z,cartservice,0.0,1000,0.95,0.0,0
2026-09-26T19:56:37Z,checkoutservice,15.0,1500,0.8,0.01,0
2026-09-26T19:56:37Z,productcatalogservice,0.0,600,0.95,0.0,0
2026-09-26T19:56:37Z,paymentservice,0.0,150,0.8,0.0,0
2026-09-26T19:56:37Z,recommendationservice,0.0,2000,0.8,0.0,0
2026-09-26T19:56:37Z,shippingservice,0.0,400,0.8,0.0,0
2026-09-26T19:56:37Z,currencyservice,0.0,500,0.8,0.0,0
2026-09-26T19:56:37Z,emailservice,0.0,150,0.8,0.0,0
2026-09-26T19:56:37Z,adservice,22.0,600,0.8,0.03666666666666667,0
2026-09-26T19:56:37Z,redis-cart,3.0,500,0.8,0.006,0
2026-09-26T19:56:38Z,frontend,0.0,1150,0.8,0.0,0
2026-09-26T19:56:38Z,cartservice,10.0,1000,0.95,0.01,0
2026-09-26T19:56:38Z,checkoutservice,0.0,1500,0.8,0.0,0
2026-09-26T19:56:38Z,productcatalogservice,0.0,600,0.95,0.0,0
2026-09-26T19:56:38Z,paymentservice,0.0,150,0.8,0.0,0
2026-09-26T19:56:38Z,recommendationservice,0.0,2000,0.8,0.0,0
2026-09-26T19:56:38Z,shippingservice,20.0,400,0.8,0.05,0
2026-09-26T19:56:38Z,currencyservice,0.0,500,0.8,0.0,0
2026-09-26T19:56:38Z,emailservice,0.0,150,0.8,0.0,0
2026-09-26T19:56:38Z,adservice,23.0,600,0.8,0.03833333333333333,0
2026-09-26T19:56:38Z,redis-cart,3.0,500,0.8,0.006,0
2026-09-26T19:56:39Z,frontend,19.333333333333332,1150,0.8,0.01681159420289855,0
2026-09-26T19:56:39Z,cartservice,10.0,1000,0.95,0.01,0
2026-09-26T19:56:39Z,checkoutservice,0.0,1500,0.8,0.0,0
2026-09-26T19:56:39Z,productcatalogservice,31.0,600,0.95,0.051666666666666666,0
2026-09-26T19:56:39Z,paymentservice,0.0,150,0.8,0.0,0
2026-09-26T19:56:39Z,recommendationservice,17.0,2000,0.8,0.0085,0
2026-09-26T19:56:39Z,shippingservice,0.0,400,0.8,0.0,0
2026-09-26T19:56:39Z,currencyservice,43.0,500,0.8,0.086,0
2026-09-26T19:56:39Z,emailservice,0.0,150,0.8,0.0,0
2026-09-26T19:56:39Z,adservice,27.0,600,0.8,0.045,0
2026-09-26T19:56:39Z,redis-cart,5.0,500,0.8,0.01,0
2026-09-26T19:56:40Z,frontend,25.0,1150,0.8,0.021739130434782608,0
2026-09-26T19:56:40Z,cartservice,38.0,1000,0.95,0.038,0
2026-09-26T19:56:40Z,checkoutservice,49.0,1500,0.8,0.03266666666666666,0
2026-09-26T19:56:40Z,productcatalogservice,46.0,600,0.95,0.07666666666666666,0
2026-09-26T19:56:40Z,paymentservice,0.0,150,0.8,0.0,0
2026-09-26T19:56:40Z,recommendationservice,68.0,2000,0.8,0.034,0
2026-09-26T19:56:40Z,shippingservice,8.0,400,0.8,0.02,0
2026-09-26T19:56:40Z,currencyservice,21.0,500,0.8,0.042,0
2026-09-26T19:56:40Z,emailservice,0.0,150,0.8,0.0,0
2026-09-26T19:56:40Z,adservice,27.0,600,0.8,0.045,0
2026-09-26T19:56:40Z,redis-cart,6.0,500,0.8,0.012,0
2026-09-26T19:56:41Z,frontend,36.6,1150,0.8,0.03182608695652174,0
2026-09-26T19:56:41Z,cartservice,38.0,1000,0.95,0.038,0
2026-09-26T19:56:41Z,checkoutservice,49.0,1500,0.8,0.03266666666666666,0
2026-09-26T19:56:41Z,productcatalogservice,46.0,600,0.95,0.07666666666666666,0
2026-09-26T19:56:41Z,paymentservice,5.0,150,0.8,0.03333333333333333,0
2026-09-26T19:56:41Z,recommendationservice,68.0,2000,0.8,0.034,0
2026-09-26T19:56:41Z,shippingservice,8.0,400,0.8,0.02,0
2026-09-26T19:56:41Z,currencyservice,21.0,500,0.8,0.042,0
2026-09-26T19:56:41Z,emailservice,24.0,150,0.8,0.16,0
2026-09-26T19:56:41Z,adservice,41.0,600,0.8,0.06833333333333333,0
2026-09-26T19:56:41Z,redis-cart,6.0,500,0.8,0.012,0
2026-09-26T19:56:42Z,frontend,42.4,1150,0.8,0.036869565217391306,0
2026-09-26T19:56:42Z,cartservice,63.0,1000,0.95,0.063,0
2026-09-26T19:56:42Z,checkoutservice,127.0,1500,0.8,0.08466666666666667,0
2026-09-26T19:56:42Z,productcatalogservice,104.0,600,0.95,0.17333333333333334,0
2026-09-26T19:56:42Z,paymentservice,5.0,150,0.8,0.03333333333333333,0
2026-09-26T19:56:42Z,recommendationservice,89.0,2000,0.8,0.0445,0
2026-09-26T19:56:42Z,shippingservice,26.0,400,0.8,0.065,0
2026-09-26T19:56:42Z,currencyservice,55.0,500,0.8,0.11,0
2026-09-26T19:56:42Z,emailservice,11.0,150,0.8,0.07333333333333333,0
2026-09-26T19:56:42Z,adservice,41.0,600,0.8,0.06833333333333333,0
2026-09-26T19:56:42Z,redis-cart,12.0,500,0.8,0.024,0
2026-09-26T19:56:43Z,frontend,62.2,1150,0.8,0.05408695652173913,0
2026-09-26T19:56:43Z,cartservice,91.0,1000,0.95,0.091,0
2026-09-26T19:56:43Z,checkoutservice,188.0,1500,0.8,0.12533333333333332,0
2026-09-26T19:56:43Z,productcatalogservice,104.0,600,0.95,0.17333333333333334,0
2026-09-26T19:56:43Z,paymentservice,25.0,150,0.8,0.16666666666666666,0
2026-09-26T19:56:43Z,recommendationservice,86.0,2000,0.8,0.043,0
2026-09-26T19:56:43Z,shippingservice,16.0,400,0.8,0.04,0
2026-09-26T19:56:43Z,currencyservice,63.0,500,0.8,0.126,0
2026-09-26T19:56:43Z,emailservice,14.0,150,0.8,0.09333333333333334,0
2026-09-26T19:56:43Z,adservice,41.0,600,0.8,0.06833333333333333,0
2026-09-26T19:56:43Z,redis-cart,9.0,500,0.8,0.018,0
2026-09-26T19:56:44Z,frontend,68.0,1150,0.8,0.059130434782608696,0
2026-09-26T19:56:44Z,cartservice,105.0,1000,0.95,0.105,0
2026-09-26T19:56:44Z,checkoutservice,245.0,1500,0.8,0.16333333333333333,0
2026-09-26T19:56:44Z,productcatalogservice,130.0,600,0.95,0.21666666666666667,0
2026-09-26T19:56:44Z,paymentservice,25.0,150,0.8,0.16666666666666666,0
2026-09-26T19:56:44Z,recommendationservice,86.0,2000,0.8,0.043,0
2026-09-26T19:56:44Z,shippingservice,16.0,400,0.8,0.04,0
2026-09-26T19:56:44Z,currencyservice,63.0,500,0.8,0.126,0
2026-09-26T19:56:44Z,emailservice,14.0,150,0.8,0.09333333333333334,0
2026-09-26T19:56:44Z,adservice,66.0,600,0.8,0.11,0
2026-09-26T19:56:44Z,redis-cart,9.0,500,0.8,0.018,0
2026-09-26T19:56:45Z,frontend,81.0,1150,0.8,0.07043478260869565,0
2026-09-26T19:56:45Z,cartservice,105.0,1000,0.95,0.105,0
2026-09-26T19:56:45Z,checkoutservice,245.0,1500,0.8,0.16333333333333333,0
2026-09-26T19:56:45Z,productcatalogservice,130.0,600,0.95,0.21666666666666667,0
2026-09-26T19:56:45Z,paymentservice,9.0,150,0.8,0.06,0
2026-09-26T19:56:45Z,recommendationservice,184.0,2000,0.8,0.092,0
2026-09-26T19:56:45Z,shippingservice,21.0,400,0.8,0.0525,0
2026-09-26T19:56:45Z,currencyservice,103.0,500,0.8,0.206,0
2026-09-26T19:56:45Z,emailservice,19.0,150,0.8,0.12666666666666668,0
2026-09-26T19:56:45Z,adservice,57.0,600,0.8,0.095,0
2026-09-26T19:56:45Z,redis-cart,12.0,500,0.8,0.024,0
2026-09-26T19:56:46Z,frontend,96.2,1150,0.8,0.08365217391304348,0
2026-09-26T19:56:46Z,cartservice,130.0,1000,0.95,0.13,0
2026-09-26T19:56:46Z,checkoutservice,264.0,1500,0.8,0.176,0
2026-09-26T19:56:46Z,productcatalogservice,229.0,600,0.95,0.38166666666666665,0
2026-09-26T19:56:46Z,paymentservice,12.0,150,0.8,0.08,0
2026-09-26T19:56:46Z,recommendationservice,166.0,2000,0.8,0.083,0
2026-09-26T19:56:46Z,shippingservice,21.0,400,0.8,0.0525,0
2026-09-26T19:56:46Z,currencyservice,109.0,500,0.8,0.218,0
2026-09-26T19:56:46Z,emailservice,43.0,150,0.8,0.2866666666666667,0
2026-09-26T19:56:46Z,adservice,57.0,600,0.8,0.095,0
2026-09-26T19:56:46Z,redis-cart,12.0,500,0.8,0.024,0
2026-09-26T19:56:47Z,frontend,103.4,1150,0.8,0.08991304347826087,0
2026-09-26T19:56:47Z,cartservice,130.0,1000,0.95,0.13,0
2026-09-26T19:56:47Z,checkoutservice,264.0,1500,0.8,0.176,0
2026-09-26T19:56:47Z,productcatalogservice,183.0,600,0.95,0.305,0
2026-09-26T19:56:47Z,paymentservice,12.0,150,0.8,0.08,0
2026-09-26T19:56:47Z,recommendationservice,201.0,2000,0.8,0.1005,0
2026-09-26T19:56:47Z,shippingservice,47.0,400,0.8,0.1175,0
2026-09-26T19:56:47Z,currencyservice,117.0,500,0.8,0.234,0
2026-09-26T19:56:47Z,emailservice,43.0,150,0.8,0.2866666666666667,0
2026-09-26T19:56:47Z,adservice,64.0,600,0.8,0.10666666666666667,0
2026-09-26T19:56:47Z,redis-cart,15.0,500,0.8,0.03,0
2026-09-26T19:56:48Z,frontend,102.0,1150,0.8,0.08869565217391304,0
2026-09-26T19:56:48Z,cartservice,152.0,1000,0.95,0.152,0
2026-09-26T19:56:48Z,checkoutservice,311.0,1500,0.8,0.20733333333333334,0
2026-09-26T19:56:48Z,productcatalogservice,183.0,600,0.95,0.305,0
2026-09-26T19:56:48Z,paymentservice,13.0,150,0.8,0.08666666666666667,0
2026-09-26T19:56:48Z,recommendationservice,201.0,2000,0.8,0.1005,0
2026-09-26T19:56:48Z,shippingservice,30.0,400,0.8,0.075,0
2026-09-26T19:56:48Z,currencyservice,151.0,500,0.8,0.302,0
2026-09-26T19:56:48Z,emailservice,30.0,150,0.8,0.2,0
2026-09-26T19:56:48Z,adservice,64.0,600,0.8,0.10666666666666667,0
2026-09-26T19:56:48Z,redis-cart,13.0,500,0.8,0.026,0
2026-09-26T19:56:49Z,frontend,112.6,1150,0.8,0.09791304347826087,0
2026-09-26T19:56:49Z,cartservice,152.0,1000,0.95,0.152,0
2026-09-26T19:56:49Z,checkoutservice,345.0,1500,0.8,0.23,0
2026-09-26T19:56:49Z,productcatalogservice,263.0,600,0.95,0.43833333333333335,0
2026-09-26T19:56:49Z,paymentservice,16.0,150,0.8,0.10666666666666667,0
2026-09-26T19:56:49Z,recommendationservice,256.0,2000,0.8,0.128,0
2026-09-26T19:56:49Z,shippingservice,30.0,400,0.8,0.075,0
2026-09-26T19:56:49Z,currencyservice,151.0,500,0.8,0.302,0
2026-09-26T19:56:49Z,emailservice,29.0,150,0.8,0.19333333333333333,0
2026-09-26T19:56:49Z,adservice,67.0,600,0.8,0.11166666666666666,0
2026-09-26T19:56:49Z,redis-cart,13.0,500,0.8,0.026,0
2026-09-26T19:56:50Z,frontend,136.2,1150,0.8,0.11843478260869564,0
2026-09-26T19:56:50Z,cartservice,152.0,1000,0.95,0.152,0
2026-09-26T19:56:50Z,checkoutservice,345.0,1500,0.8,0.23,0
2026-09-26T19:56:50Z,productcatalogservice,260.0,600,0.95,0.43333333333333335,0
2026-09-26T19:56:50Z,paymentservice,14.0,150,0.8,0.09333333333333334,0
2026-09-26T19:56:50Z,recommendationservice,251.0,2000,0.8,0.1255,0
2026-09-26T19:56:50Z,shippingservice,35.0,400,0.8,0.0875,0
2026-09-26T19:56:50Z,currencyservice,145.0,500,0.8,0.29,0
2026-09-26T19:56:50Z,emailservice,33.0,150,0.8,0.22,0
2026-09-26T19:56:50Z,adservice,75.0,600,0.8,0.125,0
2026-09-26T19:56:50Z,redis-cart,17.0,500,0.8,0.034,0
2026-09-26T19:56:51Z,frontend,159.0,1150,0.8,0.13826086956521738,0
2026-09-26T19:56:51Z,cartservice,206.0,1000,0.95,0.206,0
2026-09-26T19:56:51Z,checkoutservice,388.0,1500,0.8,0.25866666666666666,0
2026-09-26T19:56:51Z,productcatalogservice,260.0,600,0.95,0.43333333333333335,0
2026-09-26T19:56:51Z,paymentservice,14.0,150,0.8,0.09333333333333334,0
2026-09-26T19:56:51Z,recommendationservice,251.0,2000,0.8,0.1255,0
2026-09-26T19:56:51Z,shippingservice,35.0,400,0.8,0.0875,0
2026-09-26T19:56:51Z,currencyservice,145.0,500,0.8,0.29,0
2026-09-26T19:56:51Z,emailservice,33.0,150,0.8,0.22,0
2026-09-26T19:56:51Z,adservice,77.0,600,0.8,0.12833333333333333,0
2026-09-26T19:56:51Z,redis-cart,17.0,500,0.8,0.034,0
2026-09-26T19:56:52Z,frontend,121.8,1150,0.8,0.10591304347826087,0
2026-09-26T19:56:52Z,cartservice,181.0,1000,0.95,0.181,0
2026-09-26T19:56:52Z,checkoutservice,408.0,1500,0.8,0.272,0
2026-09-26T19:56:52Z,productcatalogservice,281.0,600,0.95,0.4683333333333333,0
2026-09-26T19:56:52Z,paymentservice,39.0,150,0.8,0.26,0
2026-09-26T19:56:52Z,recommendationservice,295.0,2000,0.8,0.1475,0
2026-09-26T19:56:52Z,shippingservice,62.0,400,0.8,0.155,0
2026-09-26T19:56:52Z,currencyservice,166.0,500,0.8,0.332,0
2026-09-26T19:56:52Z,emailservice,56.0,150,0.8,0.37333333333333335,0
2026-09-26T19:56:52Z,adservice,78.0,600,0.8,0.13,0
2026-09-26T19:56:52Z,redis-cart,19.0,500,0.8,0.038,0
2026-09-26T19:56:53Z,frontend,187.0,1150,0.8,0.16260869565217392,0
2026-09-26T19:56:53Z,cartservice,181.0,1000,0.95,0.181,0
2026-09-26T19:56:53Z,checkoutservice,465.0,1500,0.8,0.31,0
2026-09-26T19:56:53Z,productcatalogservice,301.0,600,0.95,0.5016666666666667,0
2026-09-26T19:56:53Z,paymentservice,39.0,150,0.8,0.26,0
2026-09-26T19:56:53Z,recommendationservice,341.0,2000,0.8,0.1705,0
2026-09-26T19:56:53Z,shippingservice,62.0,400,0.8,0.155,0
2026-09-26T19:56:53Z,currencyservice,189.0,500,0.8,0.378,0
2026-09-26T19:56:53Z,emailservice,42.0,150,0.8,0.28,0
2026-09-26T19:56:53Z,adservice,85.0,600,0.8,0.14166666666666666,0
2026-09-26T19:56:53Z,redis-cart,17.0,500,0.8,0.034,0
2026-09-26T19:56:54Z,frontend,148.8,1150,0.8,0.12939130434782609,0
2026-09-26T19:56:54Z,cartservice,234.0,1000,0.95,0.234,0
2026-09-26T19:56:54Z,checkoutservice,465.0,1500,0.8,0.31,0
2026-09-26T19:56:54Z,productcatalogservice,301.0,600,0.95,0.5016666666666667,0
2026-09-26T19:56:54Z,paymentservice,23.0,150,0.8,0.15333333333333332,0
2026-09-26T19:56:54Z,recommendationservice,336.0,2000,0.8,0.168,0
2026-09-26T19:56:54Z,shippingservice,46.0,400,0.8,0.115,0
2026-09-26T19:56:54Z,currencyservice,189.0,500,0.8,0.378,0
2026-09-26T19:56:54Z,emailservice,42.0,150,0.8,0.28,0
2026-09-26T19:56:54Z,adservice,89.0,600,0.8,0.14833333333333334,0
2026-09-26T19:56:54Z,redis-cart,17.0,500,0.8,0.034,0
2026-09-26T19:56:55Z,frontend,170.8,1150,0.8,0.1485217391304348,0
2026-09-26T19:56:55Z,cartservice,203.0,1000,0.95,0.203,0
2026-09-26T19:56:55Z,checkoutservice,497.0,1500,0.8,0.3313333333333333,0
2026-09-26T19:56:55Z,productcatalogservice,325.0,600,0.95,0.5416666666666666,0
2026-09-26T19:56:55Z,paymentservice,26.0,150,0.8,0.17333333333333334,0
2026-09-26T19:56:55Z,recommendationservice,345.0,2000,0.8,0.1725,0
2026-09-26T19:56:55Z,shippingservice,45.0,400,0.8,0.1125,0
2026-09-26T19:56:55Z,currencyservice,204.0,500,0.8,0.408,0
2026-09-26T19:56:55Z,emailservice,51.0,150,0.8,0.34,0
2026-09-26T19:56:55Z,adservice,89.0,600,0.8,0.14833333333333334,0
2026-09-26T19:56:55Z,redis-cart,20.0,500,0.8,0.04,0
2026-09-26T19:56:56Z,frontend,179.0,1150,0.8,0.15565217391304348,0
2026-09-26T19:56:56Z,cartservice,203.0,1000,0.95,0.203,0
2026-09-26T19:56:56Z,checkoutservice,538.0,1500,0.8,0.3586666666666667,0
2026-09-26T19:56:56Z,productcatalogservice,345.0,600,0.95,0.575,0
2026-09-26T19:56:56Z,paymentservice,26.0,150,0.8,0.17333333333333334,0
2026-09-26T19:56:56Z,recommendationservice,345.0,2000,0.8,0.1725,0
2026-09-26T19:56:56Z,shippingservice,45.0,400,0.8,0.1125,0
2026-09-26T19:56:56Z,currencyservice,199.0,500,0.8,0.398,0
2026-09-26T19:56:56Z,emailservice,73.0,150,0.8,0.4866666666666667,0
2026-09-26T19:56:56Z,adservice,95.0,600,0.8,0.15833333333333333,0
2026-09-26T19:56:56Z,redis-cart,20.0,500,0.8,0.04,0
2026-09-26T19:56:57Z,frontend,209.2,1150,0.8,0.18191304347826087,0
2026-09-26T19:56:57Z,cartservice,182.0,1000,0.95,0.182,0
2026-09-26T19:56:57Z,checkoutservice,538.0,1500,0.8,0.3586666666666667,0
2026-09-26T19:56:57Z,productcatalogservice,318.0,600,0.95,0.53,0
2026-09-26T19:56:57Z,paymentservice,22.0,150,0.8,0.14666666666666667,0
2026-09-26T19:56:57Z,recommendationservice,414.0,2000,0.8,0.207,0
2026-09-26T19:56:57Z,shippingservice,74.0,400,0.8,0.185,0
2026-09-26T19:56:57Z,currencyservice,199.0,500,0.8,0.398,0
2026-09-26T19:56:57Z,emailservice,52.0,150,0.8,0.3466666666666667,0
2026-09-26T19:56:57Z,adservice,95.0,600,0.8,0.15833333333333333,0
2026-09-26T19:56:57Z,redis-cart,24.0,500,0.8,0.048,0
2026-09-26T19:56:58Z,frontend,220.4,1150,0.8,0.19165217391304348,0
2026-09-26T19:56:58Z,cartservice,164.0,1000,0.95,0.164,0
2026-09-26T19:56:58Z,checkoutservice,571.0,1500,0.8,0.38066666666666665,0
2026-09-26T19:56:58Z,productcatalogservice,318.0,600,0.95,0.53,0
2026-09-26T19:56:58Z,paymentservice,22.0,150,0.8,0.14666666666666667,0
2026-09-26T19:56:58Z,recommendationservice,384.0,2000,0.8,0.192,0
2026-09-26T19:56:58Z,shippingservice,63.0,400,0.8,0.1575,0
2026-09-26T19:56:58Z,currencyservice,260.0,500,0.8,0.52,0
2026-09-26T19:56:58Z,emailservice,52.0,150,0.8,0.3466666666666667,0
2026-09-26T19:56:58Z,adservice,101.0,600,0.8,0.16833333333333333,0
2026-09-26T19:56:58Z,redis-cart,24.0,500,0.8,0.048,0
2026-09-26T19:56:59Z,frontend,224.2,1150,0.8,0.19495652173913042,0
2026-09-26T19:56:59Z,cartservice,164.0,1000,0.95,0.164,0
2026-09-26T19:56:59Z,checkoutservice,571.0,1500,0.8,0.38066666666666665,0
2026-09-26T19:56:59Z,productcatalogservice,379.0,600,0.95,0.6316666666666667,0
2026-09-26T19:56:59Z,paymentservice,29.0,150,0.8,0.19333333333333333,0
2026-09-26T19:56:59Z,recommendationservice,384.0,2000,0.8,0.192,0
2026-09-26T19:56:59Z,shippingservice,52.0,400,0.8,0.13,0
2026-09-26T19:56:59Z,currencyservice,260.0,500,0.8,0.52,0
2026-09-26T19:56:59Z,emailservice,57.0,150,0.8,0.38,0
2026-09-26T19:56:59Z,adservice,131.0,600,0.8,0.21833333333333332,0
2026-09-26T19:56:59Z,redis-cart,23.0,500,0.8,0.046,0
2026-09-26T19:57:00Z,frontend,206.8,1150,0.8,0.17982608695652175,0
2026-09-26T19:57:00Z,cartservice,228.0,1000,0.95,0.228,0
2026-09-26T19:57:00Z,checkoutservice,589.0,1500,0.8,0.39266666666666666,0
2026-09-26T19:57:00Z,productcatalogservice,379.0,600,0.95,0.6316666666666667,0
2026-09-26T19:57:00Z,paymentservice,31.0,150,0.8,0.20666666666666667,0
2026-09-26T19:57:00Z,recommendationservice,490.0,2000,0.8,0.245,0
2026-09-26T19:57:00Z,shippingservice,52.0,400,0.8,0.13,0
2026-09-26T19:57:00Z,currencyservice,247.0,500,0.8,0.494,0
2026-09-26T19:57:00Z,emailservice,88.0,150,0.8,0.5866666666666667,0
2026-09-26T19:57:00Z,adservice,131.0,600,0.8,0.21833333333333332,0
2026-09-26T19:57:00Z,redis-cart,23.0,500,0.8,0.046,0
2026-09-26T19:57:01Z,frontend,223.0,1150,0.8,0.19391304347826088,0
2026-09-26T19:57:01Z,cartservice,202.0,1000,0.95,0.202,0
2026-09-26T19:57:01Z,checkoutservice,589.0,1500,0.8,0.39266666666666666,0
2026-09-26T19:57:01Z,productcatalogservice,393.0,600,0.95,0.655,0
2026-09-26T19:57:01Z,paymentservice,31.0,150,0.8,0.20666666666666667,0
2026-09-26T19:57:01Z,recommendationservice,466.0,2000,0.8,0.233,0
2026-09-26T19:57:01Z,shippingservice,68.0,400,0.8,0.17,0
2026-09-26T19:57:01Z,currencyservice,245.0,500,0.8,0.49,0
2026-09-26T19:57:01Z,emailservice,88.0,150,0.8,0.5866666666666667,0
2026-09-26T19:57:01Z,adservice,117.0,600,0.8,0.195,0
2026-09-26T19:57:01Z,redis-cart,23.0,500,0.8,0.046,0
2026-09-26T19:57:02Z,frontend,246.6,1150,0.8,0.21443478260869564,0
2026-09-26T19:57:02Z,cartservice,202.0,1000,0.95,0.202,0
2026-09-26T19:57:02Z,checkoutservice,641.0,1500,0.8,0.42733333333333334,0
2026-09-26T19:57:02Z,productcatalogservice,392.0,600,0.95,0.6533333333333333,0
2026-09-26T19:57:02Z,paymentservice,54.0,150,0.8,0.36,0
2026-09-26T19:57:02Z,recommendationservice,466.0,2000,0.8,0.233,0
2026-09-26T19:57:02Z,shippingservice,68.0,400,0.8,0.17,0
2026-09-26T19:57:02Z,currencyservice,256.0,500,0.8,0.512,0
2026-09-26T19:57:02Z,emailservice,66.0,150,0.8,0.44,0
2026-09-26T19:57:02Z,adservice,120.0,600,0.8,0.2,0
2026-09-26T19:57:02Z,redis-cart,27.0,500,0.8,0.054,0
2026-09-26T19:57:03Z,frontend,241.2,1150,0.8,0.2097391304347826,0
2026-09-26T19:57:03Z,cartservice,235.0,1000,0.95,0.235,0
2026-09-26T19:57:03Z,checkoutservice,641.0,1500,0.8,0.42733333333333334,0
2026-09-26T19:57:03Z,productcatalogservice,392.0,600,0.95,0.6533333333333333,0
2026-09-26T19:57:03Z,paymentservice,34.0,150,0.8,0.22666666666666666,0
2026-09-26T19:57:03Z,recommendationservice,527.0,2000,0.8,0.2635,0
2026-09-26T19:57:03Z,shippingservice,78.0,400,0.8,0.195,0
2026-09-26T19:57:03Z,currencyservice,297.0,500,0.8,0.594,0
2026-09-26T19:57:03Z,emailservice,66.0,150,0.8,0.44,0
2026-09-26T19:57:03Z,adservice,120.0,600,0.8,0.2,0
2026-09-26T19:57:03Z,redis-cart,28.0,500,0.8,0.056,0
2026-09-26T19:57:04Z,frontend,248.4,1150,0.8,0.216,0
2026-09-26T19:57:04Z,cartservice,212.0,1000,0.95,0.212,0
2026-09-26T19:57:04Z,checkoutservice,692.0,1500,0.8,0.4613333333333333,0
2026-09-26T19:57:04Z,productcatalogservice,432.0,600,0.95,0.72,0
2026-09-26T19:57:04Z,paymentservice,34.0,150,0.8,0.22666666666666666,0
2026-09-26T19:57:04Z,recommendationservice,504.0,2000,0.8,0.252,0
2026-09-26T19:57:04Z,shippingservice,78.0,400,0.8,0.195,0
2026-09-26T19:57:04Z,currencyservice,297.0,500,0.8,0.594,0
2026-09-26T19:57:04Z,emailservice,67.0,150,0.8,0.44666666666666666,0
2026-09-26T19:57:04Z,adservice,120.0,600,0.8,0.2,0
2026-09-26T19:57:04Z,redis-cart,28.0,500,0.8,0.056,0
2026-09-26T19:57:05Z,frontend,254.4,1150,0.8,0.22121739130434784,0
2026-09-26T19:57:05Z,cartservice,212.0,1000,0.95,0.212,0
2026-09-26T19:57:05Z,checkoutservice,692.0,1500,0.8,0.4613333333333333,0
2026-09-26T19:57:05Z,productcatalogservice,437.0,600,0.95,0.7283333333333334,0
2026-09-26T19:57:05Z,paymentservice,37.0,150,0.8,0.24666666666666667,0
2026-09-26T19:57:05Z,recommendationservice,504.0,2000,0.8,0.252,0
2026-09-26T19:57:05Z,shippingservice,79.0,400,0.8,0.1975,0
2026-09-26T19:57:05Z,currencyservice,280.0,500,0.8,0.56,0
2026-09-26T19:57:05Z,emailservice,97.0,150,0.8,0.6466666666666666,0
2026-09-26T19:57:05Z,adservice,126.0,600,0.8,0.21,0
2026-09-26T19:57:05Z,redis-cart,28.0,500,0.8,0.056,0
2026-09-26T19:57:06Z,frontend,254.4,1150,0.8,0.22121739130434784,0
2026-09-26T19:57:06Z,cartservice,256.0,1000,0.95,0.256,0
2026-09-26T19:57:06Z,checkoutservice,666.0,1500,0.8,0.444,0
2026-09-26T19:57:06Z,productcatalogservice,418.0,600,0.95,0.6966666666666667,0
2026-09-26T19:57:06Z,paymentservice,39.0,150,0.8,0.26,0
2026-09-26T19:57:06Z,recommendationservice,605.0,2000,0.8,0.3025,0
2026-09-26T19:57:06Z,shippingservice,79.0,400,0.8,0.1975,0
2026-09-26T19:57:06Z,currencyservice,276.0,500,0.8,0.552,0
2026-09-26T19:57:06Z,emailservice,75.0,150,0.8,0.5,0
2026-09-26T19:57:06Z,adservice,131.0,600,0.8,0.21833333333333332,0
2026-09-26T19:57:06Z,redis-cart,27.0,500,0.8,0.054,0
2026-09-26T19:57:07Z,frontend,287.2,1150,0.8,0.2497391304347826,0
2026-09-26T19:57:07Z,cartservice,256.0,1000,0.95,0.256,0
2026-09-26T19:57:07Z,checkoutservice,750.0,1500,0.8,0.5,0
2026-09-26T19:57:07Z,productcatalogservice,418.0,600,0.95,0.6966666666666667,0
2026-09-26T19:57:07Z,paymentservice,39.0,150,0.8,0.26,0
2026-09-26T19:57:07Z,recommendationservice,572.0,2000,0.8,0.286,0
2026-09-26T19:57:07Z,shippingservice,94.0,400,0.8,0.235,0
2026-09-26T19:57:07Z,currencyservice,276.0,500,0.8,0.552,0
2026-09-26T19:57:07Z,emailservice,75.0,150,0.8,0.5,0
2026-09-26T19:57:07Z,adservice,131.0,600,0.8,0.21833333333333332,0
2026-09-26T19:57:07Z,redis-cart,27.0,500,0.8,0.054,0
2026-09-26T19:57:08Z,frontend,239.8,1150,0.8,0.20852173913043479,0
2026-09-26T19:57:08Z,cartservice,264.0,1000,0.95,0.264,0
2026-09-26T19:57:08Z,checkoutservice,784.0,1500,0.8,0.5226666666666666,0
2026-09-26T19:57:08Z,productcatalogservice,416.0,600,0.95,0.6933333333333334,0
2026-09-26T19:57:08Z,paymentservice,38.0,150,0.8,0.25333333333333335,0
2026-09-26T19:57:08Z,recommendationservice,572.0,2000,0.8,0.286,0
2026-09-26T19:57:08Z,shippingservice,79.0,400,0.8,0.1975,0
2026-09-26T19:57:08Z,currencyservice,312.0,500,0.8,0.624,0
2026-09-26T19:57:08Z,emailservice,78.0,150,0.8,0.52,0
2026-09-26T19:57:08Z,adservice,126.0,600,0.8,0.21,0
2026-09-26T19:57:08Z,redis-cart,28.0,500,0.8,0.056,0
2026-09-26T19:57:09Z,frontend,258.2,1150,0.8,0.22452173913043477,0
2026-09-26T19:57:09Z,cartservice,227.0,1000,0.95,0.227,0
2026-09-26T19:57:09Z,checkoutservice,784.0,1500,0.8,0.5226666666666666,0
2026-09-26T19:57:09Z,productcatalogservice,416.0,600,0.95,0.6933333333333334,0
2026-09-26T19:57:09Z,paymentservice,38.0,150,0.8,0.25333333333333335,0
2026-09-26T19:57:09Z,recommendationservice,604.0,2000,0.8,0.302,0
2026-09-26T19:57:09Z,shippingservice,79.0,400,0.8,0.1975,0
2026-09-26T19:57:09Z,currencyservice,326.0,500,0.8,0.652,0
2026-09-26T19:57:09Z,emailservice,78.0,150,0.8,0.52,0
2026-09-26T19:57:09Z,adservice,126.0,600,0.8,0.21,0
2026-09-26T19:57:09Z,redis-cart,33.0,500,0.8,0.066,0
2026-09-26T19:57:10Z,frontend,273.8,1150,0.8,0.23808695652173914,0
2026-09-26T19:57:10Z,cartservice,227.0,1000,0.95,0.227,0
2026-09-26T19:57:10Z,checkoutservice,795.0,1500,0.8,0.53,0
2026-09-26T19:57:10Z,productcatalogservice,419.0,600,0.95,0.6983333333333334,0
2026-09-26T19:57:10Z,paymentservice,46.0,150,0.8,0.30666666666666664,0
2026-09-26T19:57:10Z,recommendationservice,636.0,2000,0.8,0.318,0
2026-09-26T19:57:10Z,shippingservice,85.0,400,0.8,0.2125,0
2026-09-26T19:57:10Z,currencyservice,319.0,500,0.8,0.638,0
2026-09-26T19:57:10Z,emailservice,83.0,150,0.8,0.5533333333333333,0
2026-09-26T19:57:10Z,adservice,134.0,600,0.8,0.22333333333333333,0
2026-09-26T19:57:10Z,redis-cart,33.0,500,0.8,0.066,0
2026-09-26T19:57:11Z,frontend,281.6,1150,0.8,0.2448695652173913,0
2026-09-26T19:57:11Z,cartservice,290.0,1000,0.95,0.29,0
2026-09-26T19:57:11Z,checkoutservice,787.0,1500,0.8,0.5246666666666666,0
2026-09-26T19:57:11Z,productcatalogservice,429.0,600,0.95,0.715,0
2026-09-26T19:57:11Z,paymentservice,46.0,150,0.8,0.30666666666666664,0
2026-09-26T19:57:11Z,recommendationservice,636.0,2000,0.8,0.318,0
2026-09-26T19:57:11Z,shippingservice,81.0,400,0.8,0.2025,0
2026-09-26T19:57:11Z,currencyservice,319.0,500,0.8,0.638,0
2026-09-26T19:57:11Z,emailservice,83.0,150,0.8,0.5533333333333333,0
2026-09-26T19:57:11Z,adservice,134.0,600,0.8,0.22333333333333333,0
2026-09-26T19:57:11Z,redis-cart,32.0,500,0.8,0.064,0
2026-09-26T19:57:12Z,frontend,288.2,1150,0.8,0.2506086956521739,0
2026-09-26T19:57:12Z,cartservice,256.0,1000,0.95,0.256,0
2026-09-26T19:57:12Z,checkoutservice,832.0,1500,0.8,0.5546666666666666,0
2026-09-26T19:57:12Z,productcatalogservice,429.0,600,0.95,0.715,0
2026-09-26T19:57:12Z,paymentservice,64.0,150,0.8,0.4266666666666667,0
2026-09-26T19:57:12Z,recommendationservice,645.0,2000,0.8,0.3225,0
2026-09-26T19:57:12Z,shippingservice,93.0,400,0.8,0.2325,0
2026-09-26T19:57:12Z,currencyservice,356.0,500,0.8,0.712,0
2026-09-26T19:57:12Z,emailservice,100.0,150,0.8,0.6666666666666666,0
2026-09-26T19:57:12Z,adservice,139.0,600,0.8,0.23166666666666666,0
2026-09-26T19:57:12Z,redis-cart,32.0,500,0.8,0.064,0
2026-09-26T19:57:13Z,frontend,255.2,1150,0.8,0.22191304347826085,0
2026-09-26T19:57:13Z,cartservice,256.0,1000,0.95,0.256,0
2026-09-26T19:57:13Z,checkoutservice,832.0,1500,0.8,0.5546666666666666,0
2026-09-26T19:57:13Z,productcatalogservice,445.0,600,0.95,0.7416666666666667,0
2026-09-26T19:57:13Z,paymentservice,64.0,150,0.8,0.4266666666666667,0
2026-09-26T19:57:13Z,recommendationservice,696.0,2000,0.8,0.348,0
2026-09-26T19:57:13Z,shippingservice,93.0,400,0.8,0.2325,0
2026-09-26T19:57:13Z,currencyservice,331.0,500,0.8,0.662,0
2026-09-26T19:57:13Z,emailservice,86.0,150,0.8,0.5733333333333334,0
2026-09-26T19:57:13Z,adservice,140.0,600,0.8,0.23333333333333334,0
2026-09-26T19:57:13Z,redis-cart,31.0,500,0.8,0.062,0
2026-09-26T19:57:14Z,frontend,293.6,1150,0.8,0.25530434782608696,0
2026-09-26T19:57:14Z,cartservice,299.0,1000,0.95,0.299,0
2026-09-26T19:57:14Z,checkoutservice,759.0,1500,0.8,0.506,0
2026-09-26T19:57:14Z,productcatalogservice,445.0,600,0.95,0.7416666666666667,0
2026-09-26T19:57:14Z,paymentservice,64.0,150,0.8,0.4266666666666667,0
2026-09-26T19:57:14Z,recommendationservice,685.0,2000,0.8,0.3425,0
2026-09-26T19:57:14Z,shippingservice,93.0,400,0.8,0.2325,0
2026-09-26T19:57:14Z,currencyservice,331.0,500,0.8,0.662,0
2026-09-26T19:57:14Z,emailservice,86.0,150,0.8,0.5733333333333334,0
2026-09-26T19:57:14Z,adservice,140.0,600,0.8,0.23333333333333334,0
2026-09-26T19:57:14Z,redis-cart,31.0,500,0.8,0.062,0
2026-09-26T19:57:15Z,frontend,306.0,1150,0.8,0.26608695652173914,0
2026-09-26T19:57:15Z,cartservice,298.0,1000,0.95,0.298,0
2026-09-26T19:57:15Z,checkoutservice,759.0,1500,0.8,0.506,0
2026-09-26T19:57:15Z,productcatalogservice,460.0,600,0.95,0.7666666666666667,0
2026-09-26T19:57:15Z,paymentservice,52.0,150,0.8,0.3466666666666667,0
2026-09-26T19:57:15Z,recommendationservice,685.0,2000,0.8,0.3425,0
2026-09-26T19:57:15Z,shippingservice,93.0,400,0.8,0.2325,0
2026-09-26T19:57:15Z,currencyservice,366.0,500,0.8,0.732,0
2026-09-26T19:57:15Z,emailservice,94.0,150,0.8,0.6266666666666667,0
2026-09-26T19:57:15Z,adservice,177.0,600,0.8,0.295,0
2026-09-26T19:57:15Z,redis-cart,31.0,500,0.8,0.062,0
2026-09-26T19:57:16Z,frontend,301.2,1150,0.8,0.2619130434782609,0
2026-09-26T19:57:16Z,cartservice,310.0,1000,0.95,0.31,0
2026-09-26T19:57:16Z,checkoutservice,887.0,1500,0.8,0.5913333333333334,0
2026-09-26T19:57:16Z,productcatalogservice,426.0,600,0.95,0.71,0
2026-09-26T19:57:16Z,paymentservice,47.0,150,0.8,0.31333333333333335,0
2026-09-26T19:57:16Z,recommendationservice,714.0,2000,0.8,0.357,0
2026-09-26T19:57:16Z,shippingservice,99.0,400,0.8,0.2475,0
2026-09-26T19:57:16Z,currencyservice,366.0,500,0.8,0.732,0
2026-09-26T19:57:16Z,emailservice,122.0,150,0.8,0.8133333333333334,1
2026-09-26T19:57:16Z,adservice,177.0,600,0.8,0.295,0
2026-09-26T19:57:16Z,redis-cart,34.0,500,0.8,0.068,0
2026-09-26T19:57:17Z,frontend,292.6,1150,0.8,0.2544347826086957,0
2026-09-26T19:57:17Z,cartservice,310.0,1000,0.95,0.31,0
2026-09-26T19:57:17Z,checkoutservice,899.0,1500,0.8,0.5993333333333334,0
2026-09-26T19:57:17Z,productcatalogservice,449.0,600,0.95,0.7483333333333333,0
2026-09-26T19:57:17Z,paymentservice,47.0,150,0.8,0.31333333333333335,0
2026-09-26T19:57:17Z,recommendationservice,714.0,2000,0.8,0.357,0
2026-09-26T19:57:17Z,shippingservice,99.0,400,0.8,0.2475,0
2026-09-26T19:57:17Z,currencyservice,375.0,500,0.8,0.75,0
2026-09-26T19:57:17Z,emailservice,92.0,150,0.8,0.6133333333333333,0
2026-09-26T19:57:17Z,adservice,151.0,600,0.8,0.25166666666666665,0
2026-09-26T19:57:17Z,redis-cart,34.0,500,0.8,0.068,0
2026-09-26T19:57:18Z,frontend,281.6,1150,0.8,0.2448695652173913,0
2026-09-26T19:57:18Z,cartservice,321.0,1000,0.95,0.321,0
2026-09-26T19:57:18Z,checkoutservice,899.0,1500,0.8,0.5993333333333334,0
2026-09-26T19:57:18Z,productcatalogservice,449.0,600,0.95,0.7483333333333333,0
2026-09-26T19:57:18Z,paymentservice,49.0,150,0.8,0.32666666666666666,0
2026-09-26T19:57:18Z,recommendationservice,728.0,2000,0.8,0.364,0
2026-09-26T19:57:18Z,shippingservice,109.0,400,0.8,0.2725,0
2026-09-26T19:57:18Z,currencyservice,406.0,500,0.8,0.812,1
2026-09-26T19:57:18Z,emailservice,92.0,150,0.8,0.6133333333333333,0
2026-09-26T19:57:18Z,adservice,152.0,600,0.8,0.25333333333333335,0
2026-09-26T19:57:18Z,redis-cart,35.0,500,0.8,0.07,0
2026-09-26T19:57:19Z,frontend,318.4,1150,0.8,0.2768695652173913,0
2026-09-26T19:57:19Z,cartservice,321.0,1000,0.95,0.321,0
2026-09-26T19:57:19Z,checkoutservice,875.0,1500,0.8,0.5833333333333334,0
2026-09-26T19:57:19Z,productcatalogservice,434.0,600,0.95,0.7233333333333334,0
2026-09-26T19:57:19Z,paymentservice,49.0,150,0.8,0.32666666666666666,0
2026-09-26T19:57:19Z,recommendationservice,748.0,2000,0.8,0.374,0
2026-09-26T19:57:19Z,shippingservice,104.0,400,0.8,0.26,0
2026-09-26T19:57:19Z,currencyservice,406.0,500,0.8,0.812,1
2026-09-26T19:57:19Z,emailservice,99.0,150,0.8,0.66,0
2026-09-26T19:57:19Z,adservice,163.0,600,0.8,0.27166666666666667,0
2026-09-26T19:57:19Z,redis-cart,33.0,500,0.8,0.066,0
2026-09-26T19:57:20Z,frontend,319.0,1150,0.8,0.2773913043478261,0
2026-09-26T19:57:20Z,cartservice,338.0,1000,0.95,0.338,0
2026-09-26T19:57:20Z,checkoutservice,875.0,1500,0.8,0.5833333333333334,0
2026-09-26T19:57:20Z,productcatalogservice,422.0,600,0.95,0.7033333333333334,0
2026-09-26T19:57:20Z,paymentservice,57.0,150,0.8,0.38,0
2026-09-26T19:57:20Z,recommendationservice,748.0,2000,0.8,0.374,0
2026-09-26T19:57:20Z,shippingservice,104.0,400,0.8,0.26,0
2026-09-26T19:57:20Z,currencyservice,406.0,500,0.8,0.812,1
2026-09-26T19:57:20Z,emailservice,111.0,150,0.8,0.74,0
2026-09-26T19:57:20Z,adservice,160.0,600,0.8,0.26666666666666666,0
2026-09-26T19:57:20Z,redis-cart,35.0,500,0.8,0.07,0
2026-09-26T19:57:21Z,frontend,316.6,1150,0.8,0.275304347826087,0
2026-09-26T19:57:21Z,cartservice,269.0,1000,0.95,0.269,0
2026-09-26T19:57:21Z,checkoutservice,993.0,1500,0.8,0.662,0
2026-09-26T19:57:21Z,productcatalogservice,422.0,600,0.95,0.7033333333333334,0
2026-09-26T19:57:21Z,paymentservice,75.0,150,0.8,0.5,0
2026-09-26T19:57:21Z,recommendationservice,738.0,2000,0.8,0.369,0
2026-09-26T19:57:21Z,shippingservice,110.0,400,0.8,0.275,0
2026-09-26T19:57:21Z,currencyservice,385.0,500,0.8,0.77,0
2026-09-26T19:57:21Z,emailservice,111.0,150,0.8,0.74,0
2026-09-26T19:57:21Z,adservice,162.0,600,0.8,0.27,0
2026-09-26T19:57:21Z,redis-cart,35.0,500,0.8,0.07,0
2026-09-26T19:57:22Z,frontend,307.2,1150,0.8,0.2671304347826087,0
2026-09-26T19:57:22Z,cartservice,269.0,1000,0.95,0.269,0
2026-09-26T19:57:22Z,checkoutservice,927.0,1500,0.8,0.618,0
2026-09-26T19:57:22Z,productcatalogservice,422.0,600,0.95,0.7033333333333334,0
2026-09-26T19:57:22Z,paymentservice,75.0,150,0.8,0.5,0
2026-09-26T19:57:22Z,recommendationservice,756.0,2000,0.8,0.378,0
2026-09-26T19:57:22Z,shippingservice,110.0,400,0.8,0.275,0
2026-09-26T19:57:22Z,currencyservice,385.0,500,0.8,0.77,0
2026-09-26T19:57:22Z,emailservice,103.0,150,0.8,0.6866666666666666,0
2026-09-26T19:57:22Z,adservice,162.0,600,0.8,0.27,0
2026-09-26T19:57:22Z,redis-cart,35.0,500,0.8,0.07,0
2026-09-26T19:57:23Z,frontend,329.0,1150,0.8,0.28608695652173916,0
2026-09-26T19:57:23Z,cartservice,339.0,1000,0.95,0.339,0
2026-09-26T19:57:23Z,checkoutservice,927.0,1500,0.8,0.618,0
2026-09-26T19:57:23Z,productcatalogservice,422.0,600,0.95,0.7033333333333334,0
2026-09-26T19:57:23Z,paymentservice,49.0,150,0.8,0.32666666666666666,0
2026-09-26T19:57:23Z,recommendationservice,756.0,2000,0.8,0.378,0
2026-09-26T19:57:23Z,shippingservice,103.0,400,0.8,0.2575,0
2026-09-26T19:57:23Z,currencyservice,400.0,500,0.8,0.8,0
2026-09-26T19:57:23Z,emailservice,103.0,150,0.8,0.6866666666666666,0
2026-09-26T19:57:23Z,adservice,156.0,600,0.8,0.26,0
2026-09-26T19:57:23Z,redis-cart,36.0,500,0.8,0.072,0
2026-09-26T19:57:24Z,frontend,312.8,1150,0.8,0.272,0
2026-09-26T19:57:24Z,cartservice,307.0,1000,0.95,0.307,0
2026-09-26T19:57:24Z,checkoutservice,932.0,1500,0.8,0.6213333333333333,0
2026-09-26T19:57:24Z,productcatalogservice,422.0,600,0.95,0.7033333333333334,0
2026-09-26T19:57:24Z,paymentservice,57.0,150,0.8,0.38,0
2026-09-26T19:57:24Z,recommendationservice,741.0,2000,0.8,0.3705,0
2026-09-26T19:57:24Z,shippingservice,105.0,400,0.8,0.2625,0
2026-09-26T19:57:24Z,currencyservice,400.0,500,0.8,0.8,0
2026-09-26T19:57:24Z,emailservice,108.0,150,0.8,0.72,0
2026-09-26T19:57:24Z,adservice,147.0,600,0.8,0.245,0
2026-09-26T19:57:24Z,redis-cart,34.0,500,0.8,0.068,0
2026-09-26T19:57:25Z,frontend,297.2,1150,0.8,0.2584347826086956,0
2026-09-26T19:57:25Z,cartservice,293.0,1000,0.95,0.293,0
2026-09-26T19:57:25Z,checkoutservice,883.0,1500,0.8,0.5886666666666667,0
2026-09-26T19:57:25Z,productcatalogservice,414.0,600,0.95,0.69,0
2026-09-26T19:57:25Z,paymentservice,57.0,150,0.8,0.38,0
2026-09-26T19:57:25Z,recommendationservice,884.0,2000,0.8,0.442,0
2026-09-26T19:57:25Z,shippingservice,105.0,400,0.8,0.2625,0
2026-09-26T19:57:25Z,currencyservice,437.0,500,0.8,0.874,1
2026-09-26T19:57:25Z,emailservice,108.0,150,0.8,0.72,0
2026-09-26T19:57:25Z,adservice,147.0,600,0.8,0.245,0
2026-09-26T19:57:25Z,redis-cart,34.0,500,0.8,0.068,0
2026-09-26T19:57:26Z,frontend,293.2,1150,0.8,0.2549565217391304,0
2026-09-26T19:57:26Z,cartservice,317.0,1000,0.95,0.317,0
2026-09-26T19:57:26Z,checkoutservice,883.0,1500,0.8,0.5886666666666667,0
2026-09-26T19:57:26Z,productcatalogservice,404.0,600,0.95,0.6733333333333333,0
2026-09-26T19:57:26Z,paymentservice,35.0,150,0.8,0.23333333333333334,0
2026-09-26T19:57:26Z,recommendationservice,884.0,2000,0.8,0.442,0
2026-09-26T19:57:26Z,shippingservice,68.0,400,0.8,0.17,0
2026-09-26T19:57:26Z,currencyservice,338.0,500,0.8,0.676,0
2026-09-26T19:57:26Z,emailservice,94.0,150,0.8,0.6266666666666667,0
2026-09-26T19:57:26Z,adservice,129.0,600,0.8,0.215,0
2026-09-26T19:57:26Z,redis-cart,38.0,500,0.8,0.076,0
2026-09-26T19:57:27Z,frontend,271.6,1150,0.8,0.2361739130434783,0
2026-09-26T19:57:27Z,cartservice,339.0,1000,0.95,0.339,0
2026-09-26T19:57:27Z,checkoutservice,617.0,1500,0.8,0.41133333333333333,0
2026-09-26T19:57:27Z,productcatalogservice,404.0,600,0.95,0.6733333333333333,0
2026-09-26T19:57:27Z,paymentservice,35.0,150,0.8,0.23333333333333334,0
2026-09-26T19:57:27Z,recommendationservice,980.0,2000,0.8,0.49,0
2026-09-26T19:57:27Z,shippingservice,81.0,400,0.8,0.2025,0
2026-09-26T19:57:27Z,currencyservice,338.0,500,0.8,0.676,0
2026-09-26T19:57:27Z,emailservice,67.0,150,0.8,0.44666666666666666,0
2026-09-26T19:57:27Z,adservice,117.0,600,0.8,0.195,0
2026-09-26T19:57:27Z,redis-cart,38.0,500,0.8,0.076,0
2026-09-26T19:57:28Z,frontend,288.6,1150,0.8,0.25095652173913047,0
2026-09-26T19:57:28Z,cartservice,339.0,1000,0.95,0.339,0
2026-09-26T19:57:28Z,checkoutservice,532.0,1500,0.8,0.3546666666666667,0
2026-09-26T19:57:28Z,productcatalogservice,401.0,600,0.95,0.6683333333333333,0
2026-09-26T19:57:28Z,paymentservice,31.0,150,0.8,0.20666666666666667,0
2026-09-26T19:57:28Z,recommendationservice,973.0,2000,0.8,0.4865,0
2026-09-26T19:57:28Z,shippingservice,56.0,400,0.8,0.14,0
2026-09-26T19:57:28Z,currencyservice,381.0,500,0.8,0.762,0
2026-09-26T19:57:28Z,emailservice,67.0,150,0.8,0.44666666666666666,0
2026-09-26T19:57:28Z,adservice,117.0,600,0.8,0.195,0
2026-09-26T19:57:28Z,redis-cart,34.0,500,0.8,0.068,0
2026-09-26T19:57:29Z,frontend,301.6,1150,0.8,0.26226086956521744,0
2026-09-26T19:57:29Z,cartservice,348.0,1000,0.95,0.348,0
2026-09-26T19:57:29Z,checkoutservice,532.0,1500,0.8,0.3546666666666667,0
2026-09-26T19:57:29Z,productcatalogservice,408.0,600,0.95,0.68,0
2026-09-26T19:57:29Z,paymentservice,33.0,150,0.8,0.22,0
2026-09-26T19:57:29Z,recommendationservice,929.0,2000,0.8,0.4645,0
2026-09-26T19:57:29Z,shippingservice,81.0,400,0.8,0.2025,0
2026-09-26T19:57:29Z,currencyservice,400.0,500,0.8,0.8,0
2026-09-26T19:57:29Z,emailservice,58.0,150,0.8,0.38666666666666666,0
2026-09-26T19:57:29Z,adservice,134.0,600,0.8,0.22333333333333333,0
2026-09-26T19:57:29Z,redis-cart,39.0,500,0.8,0.078,0
2026-09-26T19:57:30Z,frontend,290.2,1150,0.8,0.2523478260869565,0
2026-09-26T19:57:30Z,cartservice,348.0,1000,0.95,0.348,0
2026-09-26T19:57:30Z,checkoutservice,592.0,1500,0.8,0.39466666666666667,0
2026-09-26T19:57:30Z,productcatalogservice,408.0,600,0.95,0.68,0
2026-09-26T19:57:30Z,paymentservice,40.0,150,0.8,0.26666666666666666,0
2026-09-26T19:57:30Z,recommendationservice,944.0,2000,0.8,0.472,0
2026-09-26T19:57:30Z,shippingservice,81.0,400,0.8,0.2025,0
2026-09-26T19:57:30Z,currencyservice,392.0,500,0.8,0.784,0
2026-09-26T19:57:30Z,emailservice,58.0,150,0.8,0.38666666666666666,0
2026-09-26T19:57:30Z,adservice,141.0,600,0.8,0.235,0
2026-09-26T19:57:30Z,redis-cart,34.0,500,0.8,0.068,0
2026-09-26T19:57:31Z,frontend,283.0,1150,0.8,0.24608695652173912,0
2026-09-26T19:57:31Z,cartservice,327.0,1000,0.95,0.327,0
2026-09-26T19:57:31Z,checkoutservice,656.0,1500,0.8,0.43733333333333335,0
2026-09-26T19:57:31Z,productcatalogservice,388.0,600,0.95,0.6466666666666666,0
2026-09-26T19:57:31Z,paymentservice,40.0,150,0.8,0.26666666666666666,0
2026-09-26T19:57:31Z,recommendationservice,944.0,2000,0.8,0.472,0
2026-09-26T19:57:31Z,shippingservice,86.0,400,0.8,0.215,0
2026-09-26T19:57:31Z,currencyservice,392.0,500,0.8,0.784,0
2026-09-26T19:57:31Z,emailservice,91.0,150,0.8,0.6066666666666667,0
2026-09-26T19:57:31Z,adservice,141.0,600,0.8,0.235,0
2026-09-26T19:57:31Z,redis-cart,34.0,500,0.8,0.068,0
2026-09-26T19:57:32Z,frontend,291.8,1150,0.8,0.25373913043478263,0
2026-09-26T19:57:32Z,cartservice,330.0,1000,0.95,0.33,0
2026-09-26T19:57:32Z,checkoutservice,656.0,1500,0.8,0.43733333333333335,0
2026-09-26T19:57:32Z,productcatalogservice,428.0,600,0.95,0.7133333333333334,0
2026-09-26T19:57:32Z,paymentservice,56.0,150,0.8,0.37333333333333335,0
2026-09-26T19:57:32Z,recommendationservice,929.0,2000,0.8,0.4645,0
2026-09-26T19:57:32Z,shippingservice,86.0,400,0.8,0.215,0
2026-09-26T19:57:32Z,currencyservice,377.0,500,0.8,0.754,0
2026-09-26T19:57:32Z,emailservice,70.0,150,0.8,0.4666666666666667,0
2026-09-26T19:57:32Z,adservice,112.0,600,0.8,0.18666666666666668,0
2026-09-26T19:57:32Z,redis-cart,40.0,500,0.8,0.08,0
2026-09-26T19:57:33Z,frontend,291.8,1150,0.8,0.25373913043478263,0
2026-09-26T19:57:33Z,cartservice,330.0,1000,0.95,0.33,0
2026-09-26T19:57:33Z,checkoutservice,820.0,1500,0.8,0.5466666666666666,0
2026-09-26T19:57:33Z,productcatalogservice,396.0,600,0.95,0.66,0
2026-09-26T19:57:33Z,paymentservice,43.0,150,0.8,0.2866666666666667,0
2026-09-26T19:57:33Z,recommendationservice,890.0,2000,0.8,0.445,0
2026-09-26T19:57:33Z,shippingservice,104.0,400,0.8,0.26,0
2026-09-26T19:57:33Z,currencyservice,389.0,500,0.8,0.778,0
2026-09-26T19:57:33Z,emailservice,89.0,150,0.8,0.5933333333333334,0
2026-09-26T19:57:33Z,adservice,118.0,600,0.8,0.19666666666666666,0
2026-09-26T19:57:33Z,redis-cart,40.0,500,0.8,0.08,0
2026-09-26T19:57:34Z,frontend,287.6,1150,0.8,0.2500869565217391,0
2026-09-26T19:57:34Z,cartservice,329.0,1000,0.95,0.329,0
2026-09-26T19:57:34Z,checkoutservice,755.0,1500,0.8,0.5033333333333333,0
2026-09-26T19:57:34Z,productcatalogservice,396.0,600,0.95,0.66,0
2026-09-26T19:57:34Z,paymentservice,39.0,150,0.8,0.26,0
2026-09-26T19:57:34Z,recommendationservice,890.0,2000,0.8,0.445,0
2026-09-26T19:57:34Z,shippingservice,104.0,400,0.8,0.26,0
2026-09-26T19:57:34Z,currencyservice,384.0,500,0.8,0.768,0
2026-09-26T19:57:34Z,emailservice,89.0,150,0.8,0.5933333333333334,0
2026-09-26T19:57:34Z,adservice,118.0,600,0.8,0.19666666666666666,0
2026-09-26T19:57:34Z,redis-cart,33.0,500,0.8,0.066,0
2026-09-26T19:57:35Z,frontend,292.0,1150,0.8,0.2539130434782609,0
2026-09-26T19:57:35Z,cartservice,325.0,1000,0.95,0.325,0
2026-09-26T19:57:35Z,checkoutservice,690.0,1500,0.8,0.46,0
2026-09-26T19:57:35Z,productcatalogservice,429.0,600,0.95,0.715,0
2026-09-26T19:57:35Z,paymentservice,39.0,150,0.8,0.26,0
2026-09-26T19:57:35Z,recommendationservice,951.0,2000,0.8,0.4755,0
2026-09-26T19:57:35Z,shippingservice,76.0,400,0.8,0.19,0
2026-09-26T19:57:35Z,currencyservice,384.0,500,0.8,0.768,0
2026-09-26T19:57:35Z,emailservice,90.0,150,0.8,0.6,0
2026-09-26T19:57:35Z,adservice,123.0,600,0.8,0.205,0
2026-09-26T19:57:35Z,redis-cart,39.0,500,0.8,0.078,0
2026-09-26T19:57:36Z,frontend,288.8,1150,0.8,0.2511304347826087,0
2026-09-26T19:57:36Z,cartservice,290.0,1000,0.95,0.29,0
2026-09-26T19:57:36Z,checkoutservice,776.0,1500,0.8,0.5173333333333333,0
2026-09-26T19:57:36Z,productcatalogservice,381.0,600,0.95,0.635,0
2026-09-26T19:57:36Z,paymentservice,39.0,150,0.8,0.26,0
2026-09-26T19:57:36Z,recommendationservice,896.0,2000,0.8,0.448,0
2026-09-26T19:57:36Z,shippingservice,87.0,400,0.8,0.2175,0
2026-09-26T19:57:36Z,currencyservice,362.0,500,0.8,0.724,0
2026-09-26T19:57:36Z,emailservice,90.0,150,0.8,0.6,0
2026-09-26T19:57:36Z,adservice,127.0,600,0.8,0.21166666666666667,0
2026-09-26T19:57:36Z,redis-cart,39.0,500,0.8,0.078,0
2026-09-26T19:57:37Z,frontend,285.2,1150,0.8,0.248,0
2026-09-26T19:57:37Z,cartservice,290.0,1000,0.95,0.29,0
2026-09-26T19:57:37Z,checkoutservice,704.0,1500,0.8,0.4693333333333333,0
2026-09-26T19:57:37Z,productcatalogservice,407.0,600,0.95,0.6783333333333333,0
2026-09-26T19:57:37Z,paymentservice,43.0,150,0.8,0.2866666666666667,0
2026-09-26T19:57:37Z,recommendationservice,896.0,2000,0.8,0.448,0
2026-09-26T19:57:37Z,shippingservice,87.0,400,0.8,0.2175,0
2026-09-26T19:57:37Z,currencyservice,362.0,500,0.8,0.724,0
2026-09-26T19:57:37Z,emailservice,80.0,150,0.8,0.5333333333333333,0
2026-09-26T19:57:37Z,adservice,122.0,600,0.8,0.20333333333333334,0
2026-09-26T19:57:37Z,redis-cart,38.0,500,0.8,0.076,0
2026-09-26T19:57:38Z,frontend,283.4,1150,0.8,0.24643478260869564,0
2026-09-26T19:57:38Z,cartservice,306.0,1000,0.95,0.306,0
2026-09-26T19:57:38Z,checkoutservice,704.0,1500,0.8,0.4693333333333333,0
2026-09-26T19:57:38Z,productcatalogservice,407.0,600,0.95,0.6783333333333333,0
2026-09-26T19:57:38Z,paymentservice,46.0,150,0.8,0.30666666666666664,0
2026-09-26T19:57:38Z,recommendationservice,913.0,2000,0.8,0.4565,0
2026-09-26T19:57:38Z,shippingservice,101.0,400,0.8,0.2525,0
2026-09-26T19:57:38Z,currencyservice,401.0,500,0.8,0.802,1
2026-09-26T19:57:38Z,emailservice,74.0,150,0.8,0.49333333333333335,0
2026-09-26T19:57:38Z,adservice,122.0,600,0.8,0.20333333333333334,0
2026-09-26T19:57:38Z,redis-cart,38.0,500,0.8,0.076,0
2026-09-26T19:57:39Z,frontend,291.8,1150,0.8,0.25373913043478263,0
2026-09-26T19:57:39Z,cartservice,303.0,1000,0.95,0.303,0
2026-09-26T19:57:39Z,checkoutservice,833.0,1500,0.8,0.5553333333333333,0
2026-09-26T19:57:39Z,productcatalogservice,407.0,600,0.95,0.6783333333333333,0
2026-09-26T19:57:39Z,paymentservice,44.0,150,0.8,0.29333333333333333,0
2026-09-26T19:57:39Z,recommendationservice,913.0,2000,0.8,0.4565,0
2026-09-26T19:57:39Z,shippingservice,90.0,400,0.8,0.225,0
2026-09-26T19:57:39Z,currencyservice,393.0,500,0.8,0.786,0
2026-09-26T19:57:39Z,emailservice,74.0,150,0.8,0.49333333333333335,0
2026-09-26T19:57:39Z,adservice,111.0,600,0.8,0.185,0
2026-09-26T19:57:39Z,redis-cart,36.0,500,0.8,0.072,0
2026-09-26T19:57:40Z,frontend,290.4,1150,0.8,0.25252173913043474,0
2026-09-26T19:57:40Z,cartservice,359.0,1000,0.95,0.359,0
2026-09-26T19:57:40Z,checkoutservice,833.0,1500,0.8,0.5553333333333333,0
2026-09-26T19:57:40Z,productcatalogservice,390.0,600,0.95,0.65,0
2026-09-26T19:57:40Z,paymentservice,44.0,150,0.8,0.29333333333333333,0
2026-09-26T19:57:40Z,recommendationservice,911.0,2000,0.8,0.4555,0
2026-09-26T19:57:40Z,shippingservice,90.0,400,0.8,0.225,0
2026-09-26T19:57:40Z,currencyservice,393.0,500,0.8,0.786,0
2026-09-26T19:57:40Z,emailservice,96.0,150,0.8,0.64,0
2026-09-26T19:57:40Z,adservice,111.0,600,0.8,0.185,0
2026-09-26T19:57:40Z,redis-cart,36.0,500,0.8,0.072,0
2026-09-26T19:57:41Z,frontend,274.0,1150,0.8,0.2382608695652174,0
2026-09-26T19:57:41Z,cartservice,359.0,1000,0.95,0.359,0
2026-09-26T19:57:41Z,checkoutservice,766.0,1500,0.8,0.5106666666666667,0
2026-09-26T19:57:41Z,productcatalogservice,387.0,600,0.95,0.645,0
2026-09-26T19:57:41Z,paymentservice,40.0,150,0.8,0.26666666666666666,0
2026-09-26T19:57:41Z,recommendationservice,911.0,2000,0.8,0.4555,0
2026-09-26T19:57:41Z,shippingservice,72.0,400,0.8,0.18,0
2026-09-26T19:57:41Z,currencyservice,369.0,500,0.8,0.738,0
2026-09-26T19:57:41Z,emailservice,96.0,150,0.8,0.64,0
2026-09-26T19:57:41Z,adservice,109.0,600,0.8,0.18166666666666667,0
2026-09-26T19:57:41Z,redis-cart,36.0,500,0.8,0.072,0
2026-09-26T19:57:42Z,frontend,279.8,1150,0.8,0.24330434782608695,0
2026-09-26T19:57:42Z,cartservice,314.0,1000,0.95,0.314,0
2026-09-26T19:57:42Z,checkoutservice,766.0,1500,0.8,0.5106666666666667,0
2026-09-26T19:57:42Z,productcatalogservice,420.0,600,0.95,0.7,0
2026-09-26T19:57:42Z,paymentservice,40.0,150,0.8,0.26666666666666666,0
2026-09-26T19:57:42Z,recommendationservice,962.0,2000,0.8,0.481,0
2026-09-26T19:57:42Z,shippingservice,85.0,400,0.8,0.2125,0
2026-09-26T19:57:42Z,currencyservice,390.0,500,0.8,0.78,0
2026-09-26T19:57:42Z,emailservice,78.0,150,0.8,0.52,0
2026-09-26T19:57:42Z,adservice,109.0,600,0.8,0.18166666666666667,0
2026-09-26T19:57:42Z,redis-cart,43.0,500,0.8,0.086,0
2026-09-26T19:57:43Z,frontend,288.6,1150,0.8,0.25095652173913047,0
2026-09-26T19:57:43Z,cartservice,324.0,1000,0.95,0.324,0
2026-09-26T19:57:43Z,checkoutservice,583.0,1500,0.8,0.38866666666666666,0
2026-09-26T19:57:43Z,productcatalogservice,419.0,600,0.95,0.6983333333333334,0
2026-09-26T19:57:43Z,paymentservice,62.0,150,0.8,0.41333333333333333,0
2026-09-26T19:57:43Z,recommendationservice,962.0,2000,0.8,0.481,0
2026-09-26T19:57:43Z,shippingservice,85.0,400,0.8,0.2125,0
2026-09-26T19:57:43Z,currencyservice,390.0,500,0.8,0.78,0
2026-09-26T19:57:43Z,emailservice,59.0,150,0.8,0.3933333333333333,0
2026-09-26T19:57:43Z,adservice,119.0,600,0.8,0.19833333333333333,0
2026-09-26T19:57:43Z,redis-cart,43.0,500,0.8,0.086,0
2026-09-26T19:57:44Z,frontend,285.6,1150,0.8,0.24834782608695655,0
2026-09-26T19:57:44Z,cartservice,324.0,1000,0.95,0.324,0
2026-09-26T19:57:44Z,checkoutservice,633.0,1500,0.8,0.422,0
2026-09-26T19:57:44Z,productcatalogservice,419.0,600,0.95,0.6983333333333334,0
2026-09-26T19:57:44Z,paymentservice,30.0,150,0.8,0.2,0
2026-09-26T19:57:44Z,recommendationservice,997.0,2000,0.8,0.4985,0
2026-09-26T19:57:44Z,shippingservice,79.0,400,0.8,0.1975,0
2026-09-26T19:57:44Z,currencyservice,383.0,500,0.8,0.766,0
2026-09-26T19:57:44Z,emailservice,59.0,150,0.8,0.3933333333333333,0
2026-09-26T19:57:44Z,adservice,119.0,600,0.8,0.19833333333333333,0
2026-09-26T19:57:44Z,redis-cart,36.0,500,0.8,0.072,0
2026-09-26T19:57:45Z,frontend,290.4,1150,0.8,0.25252173913043474,0
2026-09-26T19:57:45Z,cartservice,317.0,1000,0.95,0.317,0
2026-09-26T19:57:45Z,checkoutservice,633.0,1500,0.8,0.422,0
2026-09-26T19:57:45Z,productcatalogservice,416.0,600,0.95,0.6933333333333334,0
2026-09-26T19:57:45Z,paymentservice,30.0,150,0.8,0.2,0
2026-09-26T19:57:45Z,recommendationservice,920.0,2000,0.8,0.46,0
2026-09-26T19:57:45Z,shippingservice,94.0,400,0.8,0.235,0
2026-09-26T19:57:45Z,currencyservice,383.0,500,0.8,0.766,0
2026-09-26T19:57:45Z,emailservice,82.0,150,0.8,0.5466666666666666,0
2026-09-26T19:57:45Z,adservice,130.0,600,0.8,0.21666666666666667,0
2026-09-26T19:57:45Z,redis-cart,33.0,500,0.8,0.066,0
2026-09-26T19:57:46Z,frontend,276.8,1150,0.8,0.24069565217391306,0
2026-09-26T19:57:46Z,cartservice,328.0,1000,0.95,0.328,0
2026-09-26T19:57:46Z,checkoutservice,785.0,1500,0.8,0.5233333333333333,0
2026-09-26T19:57:46Z,productcatalogservice,404.0,600,0.95,0.6733333333333333,0
2026-09-26T19:57:46Z,paymentservice,44.0,150,0.8,0.29333333333333333,0
2026-09-26T19:57:46Z,recommendationservice,904.0,2000,0.8,0.452,0
2026-09-26T19:57:46Z,shippingservice,89.0,400,0.8,0.2225,0
2026-09-26T19:57:46Z,currencyservice,392.0,500,0.8,0.784,0
2026-09-26T19:57:46Z,emailservice,97.0,150,0.8,0.6466666666666666,0
2026-09-26T19:57:46Z,adservice,118.0,600,0.8,0.19666666666666666,0
2026-09-26T19:57:46Z,redis-cart,33.0,500,0.8,0.066,0
2026-09-26T19:57:47Z,frontend,278.4,1150,0.8,0.24208695652173912,0
2026-09-26T19:57:47Z,cartservice,314.0,1000,0.95,0.314,0
2026-09-26T19:57:47Z,checkoutservice,777.0,1500,0.8,0.518,0
2026-09-26T19:57:47Z,productcatalogservice,399.0,600,0.95,0.665,0
2026-09-26T19:57:47Z,paymentservice,44.0,150,0.8,0.29333333333333333,0
2026-09-26T19:57:47Z,recommendationservice,904.0,2000,0.8,0.452,0
2026-09-26T19:57:47Z,shippingservice,89.0,400,0.8,0.2225,0
2026-09-26T19:57:47Z,currencyservice,392.0,500,0.8,0.784,0
2026-09-26T19:57:47Z,emailservice,76.0,150,0.8,0.5066666666666667,0
2026-09-26T19:57:47Z,adservice,109.0,600,0.8,0.18166666666666667,0
2026-09-26T19:57:47Z,redis-cart,39.0,500,0.8,0.078,0
2026-09-26T19:57:48Z,frontend,287.2,1150,0.8,0.2497391304347826,0
2026-09-26T19:57:48Z,cartservice,314.0,1000,0.95,0.314,0
2026-09-26T19:57:48Z,checkoutservice,711.0,1500,0.8,0.474,0
2026-09-26T19:57:48Z,productcatalogservice,399.0,600,0.95,0.665,0
2026-09-26T19:57:48Z,paymentservice,43.0,150,0.8,0.2866666666666667,0
2026-09-26T19:57:48Z,recommendationservice,944.0,2000,0.8,0.472,0
2026-09-26T19:57:48Z,shippingservice,99.0,400,0.8,0.2475,0
2026-09-26T19:57:48Z,currencyservice,390.0,500,0.8,0.78,0
2026-09-26T19:57:48Z,emailservice,74.0,150,0.8,0.49333333333333335,0
2026-09-26T19:57:48Z,adservice,124.0,600,0.8,0.20666666666666667,0
2026-09-26T19:57:48Z,redis-cart,39.0,500,0.8,0.078,0
2026-09-26T19:57:49Z,frontend,292.0,1150,0.8,0.2539130434782609,0
2026-09-26T19:57:49Z,cartservice,319.0,1000,0.95,0.319,0
2026-09-26T19:57:49Z,checkoutservice,711.0,1500,0.8,0.474,0
2026-09-26T19:57:49Z,productcatalogservice,401.0,600,0.95,0.6683333333333333,0
2026-09-26T19:57:49Z,paymentservice,41.0,150,0.8,0.2733333333333333,0
2026-09-26T19:57:49Z,recommendationservice,944.0,2000,0.8,0.472,0
2026-09-26T19:57:49Z,shippingservice,78.0,400,0.8,0.195,0
2026-09-26T19:57:49Z,currencyservice,397.0,500,0.8,0.794,0
2026-09-26T19:57:49Z,emailservice,75.0,150,0.8,0.5,0
2026-09-26T19:57:49Z,adservice,124.0,600,0.8,0.20666666666666667,0
2026-09-26T19:57:49Z,redis-cart,41.0,500,0.8,0.082,0
2026-09-26T19:57:50Z,frontend,292.4,1150,0.8,0.2542608695652174,0
2026-09-26T19:57:50Z,cartservice,313.0,1000,0.95,0.313,0
2026-09-26T19:57:50Z,checkoutservice,570.0,1500,0.8,0.38,0
2026-09-26T19:57:50Z,productcatalogservice,438.0,600,0.95,0.73,0
2026-09-26T19:57:50Z,paymentservice,35.0,150,0.8,0.23333333333333334,0
2026-09-26T19:57:50Z,recommendationservice,944.0,2000,0.8,0.472,0
2026-09-26T19:57:50Z,shippingservice,78.0,400,0.8,0.195,0
2026-09-26T19:57:50Z,currencyservice,397.0,500,0.8,0.794,0
2026-09-26T19:57:50Z,emailservice,75.0,150,0.8,0.5,0
2026-09-26T19:57:50Z,adservice,133.0,600,0.8,0.22166666666666668,0
2026-09-26T19:57:50Z,redis-cart,37.0,500,0.8,0.074,0
2026-09-26T19:57:51Z,frontend,293.6,1150,0.8,0.25530434782608696,0
2026-09-26T19:57:51Z,cartservice,313.0,1000,0.95,0.313,0
2026-09-26T19:57:51Z,checkoutservice,570.0,1500,0.8,0.38,0
2026-09-26T19:57:51Z,productcatalogservice,438.0,600,0.95,0.73,0
2026-09-26T19:57:51Z,paymentservice,35.0,150,0.8,0.23333333333333334,0
2026-09-26T19:57:51Z,recommendationservice,944.0,2000,0.8,0.472,0
2026-09-26T19:57:51Z,shippingservice,78.0,400,0.8,0.195,0
2026-09-26T19:57:51Z,currencyservice,367.0,500,0.8,0.734,0
2026-09-26T19:57:51Z,emailservice,83.0,150,0.8,0.5533333333333333,0
2026-09-26T19:57:51Z,adservice,133.0,600,0.8,0.22166666666666668,0
2026-09-26T19:57:51Z,redis-cart,37.0,500,0.8,0.074,0
2026-09-26T19:57:52Z,frontend,278.4,1150,0.8,0.24208695652173912,0
2026-09-26T19:57:52Z,cartservice,324.0,1000,0.95,0.324,0
2026-09-26T19:57:52Z,checkoutservice,629.0,1500,0.8,0.41933333333333334,0
2026-09-26T19:57:52Z,productcatalogservice,392.0,600,0.95,0.6533333333333333,0
2026-09-26T19:57:52Z,paymentservice,52.0,150,0.8,0.3466666666666667,0
2026-09-26T19:57:52Z,recommendationservice,912.0,2000,0.8,0.456,0
2026-09-26T19:57:52Z,shippingservice,78.0,400,0.8,0.195,0
2026-09-26T19:57:52Z,currencyservice,401.0,500,0.8,0.802,1
2026-09-26T19:57:52Z,emailservice,64.0,150,0.8,0.4266666666666667,0
2026-09-26T19:57:52Z,adservice,124.0,600,0.8,0.20666666666666667,0
2026-09-26T19:57:52Z,redis-cart,40.0,500,0.8,0.08,0
2026-09-26T19:57:53Z,frontend,281.0,1150,0.8,0.24434782608695652,0
2026-09-26T19:57:53Z,cartservice,321.0,1000,0.95,0.321,0
2026-09-26T19:57:53Z,checkoutservice,814.0,1500,0.8,0.5426666666666666,0
2026-09-26T19:57:53Z,productcatalogservice,392.0,600,0.95,0.6533333333333333,0
2026-09-26T19:57:53Z,paymentservice,52.0,150,0.8,0.3466666666666667,0
2026-09-26T19:57:53Z,recommendationservice,924.0,2000,0.8,0.462,0
2026-09-26T19:57:53Z,shippingservice,91.0,400,0.8,0.2275,0
2026-09-26T19:57:53Z,currencyservice,370.0,500,0.8,0.74,0
2026-09-26T19:57:53Z,emailservice,64.0,150,0.8,0.4266666666666667,0
2026-09-26T19:57:53Z,adservice,118.0,600,0.8,0.19666666666666666,0
2026-09-26T19:57:53Z,redis-cart,36.0,500,0.8,0.072,0
2026-09-26T19:57:54Z,frontend,280.4,1150,0.8,0.24382608695652172,0
2026-09-26T19:57:54Z,cartservice,321.0,1000,0.95,0.321,0
2026-09-26T19:57:54Z,checkoutservice,814.0,1500,0.8,0.5426666666666666,0
2026-09-26T19:57:54Z,productcatalogservice,380.0,600,0.95,0.6333333333333333,0
2026-09-26T19:57:54Z,paymentservice,45.0,150,0.8,0.3,0
2026-09-26T19:57:54Z,recommendationservice,924.0,2000,0.8,0.462,0
2026-09-26T19:57:54Z,shippingservice,91.0,400,0.8,0.2275,0
2026-09-26T19:57:54Z,currencyservice,370.0,500,0.8,0.74,0
2026-09-26T19:57:54Z,emailservice,89.0,150,0.8,0.5933333333333334,0
2026-09-26T19:57:54Z,adservice,118.0,600,0.8,0.19666666666666666,0
2026-09-26T19:57:54Z,redis-cart,36.0,500,0.8,0.072,0
2026-09-26T19:57:55Z,frontend,287.0,1150,0.8,0.24956521739130436,0
2026-09-26T19:57:55Z,cartservice,312.0,1000,0.95,0.312,0
2026-09-26T19:57:55Z,checkoutservice,681.0,1500,0.8,0.454,0
2026-09-26T19:57:55Z,productcatalogservice,425.0,600,0.95,0.7083333333333334,0
2026-09-26T19:57:55Z,paymentservice,41.0,150,0.8,0.2733333333333333,0
2026-09-26T19:57:55Z,recommendationservice,901.0,2000,0.8,0.4505,0
2026-09-26T19:57:55Z,shippingservice,91.0,400,0.8,0.2275,0
2026-09-26T19:57:55Z,currencyservice,358.0,500,0.8,0.716,0
2026-09-26T19:57:55Z,emailservice,89.0,150,0.8,0.5933333333333334,0
2026-09-26T19:57:55Z,adservice,112.0,600,0.8,0.18666666666666668,0
2026-09-26T19:57:55Z,redis-cart,38.0,500,0.8,0.076,0
2026-09-26T19:57:56Z,frontend,281.8,1150,0.8,0.24504347826086958,0
2026-09-26T19:57:56Z,cartservice,372.0,1000,0.95,0.372,0
2026-09-26T19:57:56Z,checkoutservice,742.0,1500,0.8,0.49466666666666664,0
2026-09-26T19:57:56Z,productcatalogservice,425.0,600,0.95,0.7083333333333334,0
2026-09-26T19:57:56Z,paymentservice,41.0,150,0.8,0.2733333333333333,0
2026-09-26T19:57:56Z,recommendationservice,901.0,2000,0.8,0.4505,0
2026-09-26T19:57:56Z,shippingservice,81.0,400,0.8,0.2025,0
2026-09-26T19:57:56Z,currencyservice,358.0,500,0.8,0.716,0
2026-09-26T19:57:56Z,emailservice,88.0,150,0.8,0.5866666666666667,0
2026-09-26T19:57:56Z,adservice,133.0,600,0.8,0.22166666666666668,0
2026-09-26T19:57:56Z,redis-cart,38.0,500,0.8,0.076,0
2026-09-26T19:57:57Z,frontend,292.2,1150,0.8,0.2540869565217391,0
2026-09-26T19:57:57Z,cartservice,344.0,1000,0.95,0.344,0
2026-09-26T19:57:57Z,checkoutservice,742.0,1500,0.8,0.49466666666666664,0
2026-09-26T19:57:57Z,productcatalogservice,385.0,600,0.95,0.6416666666666667,0
2026-09-26T19:57:57Z,paymentservice,38.0,150,0.8,0.25333333333333335,0
2026-09-26T19:57:57Z,recommendationservice,885.0,2000,0.8,0.4425,0
2026-09-26T19:57:57Z,shippingservice,81.0,400,0.8,0.2025,0
2026-09-26T19:57:57Z,currencyservice,395.0,500,0.8,0.79,0
2026-09-26T19:57:57Z,emailservice,88.0,150,0.8,0.5866666666666667,0
2026-09-26T19:57:57Z,adservice,133.0,600,0.8,0.22166666666666668,0
2026-09-26T19:57:57Z,redis-cart,39.0,500,0.8,0.078,0
2026-09-26T19:57:58Z,frontend,273.4,1150,0.8,0.2377391304347826,0
2026-09-26T19:57:58Z,cartservice,344.0,1000,0.95,0.344,0
2026-09-26T19:57:58Z,checkoutservice,679.0,1500,0.8,0.45266666666666666,0
2026-09-26T19:57:58Z,productcatalogservice,413.0,600,0.95,0.6883333333333334,0
2026-09-26T19:57:58Z,paymentservice,31.0,150,0.8,0.20666666666666667,0
2026-09-26T19:57:58Z,recommendationservice,885.0,2000,0.8,0.4425,0
2026-09-26T19:57:58Z,shippingservice,89.0,400,0.8,0.2225,0
2026-09-26T19:57:58Z,currencyservice,375.0,500,0.8,0.75,0
2026-09-26T19:57:58Z,emailservice,71.0,150,0.8,0.47333333333333333,0
2026-09-26T19:57:58Z,adservice,124.0,600,0.8,0.20666666666666667,0
2026-09-26T19:57:58Z,redis-cart,39.0,500,0.8,0.078,0
2026-09-26T19:57:59Z,frontend,285.4,1150,0.8,0.24817391304347824,0
2026-09-26T19:57:59Z,cartservice,363.0,1000,0.95,0.363,0
2026-09-26T19:57:59Z,checkoutservice,730.0,1500,0.8,0.4866666666666667,0
2026-09-26T19:57:59Z,productcatalogservice,413.0,600,0.95,0.6883333333333334,0
2026-09-26T19:57:59Z,paymentservice,31.0,150,0.8,0.20666666666666667,0
2026-09-26T19:57:59Z,recommendationservice,915.0,2000,0.8,0.4575,0
2026-09-26T19:57:59Z,shippingservice,97.0,400,0.8,0.2425,0
2026-09-26T19:57:59Z,currencyservice,404.0,500,0.8,0.808,1
2026-09-26T19:57:59Z,emailservice,82.0,150,0.8,0.5466666666666666,0
2026-09-26T19:57:59Z,adservice,141.0,600,0.8,0.235,0
2026-09-26T19:57:59Z,redis-cart,37.0,500,0.8,0.074,0
2026-09-26T19:58:00Z,frontend,291.2,1150,0.8,0.25321739130434784,0
2026-09-26T19:58:00Z,cartservice,374.0,1000,0.95,0.374,0
2026-09-26T19:58:00Z,checkoutservice,742.0,1500,0.8,0.49466666666666664,0
2026-09-26T19:58:00Z,productcatalogservice,413.0,600,0.95,0.6883333333333334,0
2026-09-26T19:58:00Z,paymentservice,41.0,150,0.8,0.2733333333333333,0
2026-09-26T19:58:00Z,recommendationservice,944.0,2000,0.8,0.472,0
2026-09-26T19:58:00Z,shippingservice,82.0,400,0.8,0.205,0
2026-09-26T19:58:00Z,currencyservice,404.0,500,0.8,0.808,1
2026-09-26T19:58:00Z,emailservice,87.0,150,0.8,0.58,0
2026-09-26T19:58:00Z,adservice,108.0,600,0.8,0.18,0
2026-09-26T19:58:00Z,redis-cart,38.0,500,0.8,0.076,0
2026-09-26T19:58:01Z,frontend,290.6,1150,0.8,0.25269565217391304,0
2026-09-26T19:58:01Z,cartservice,374.0,1000,0.95,0.374,0
2026-09-26T19:58:01Z,checkoutservice,742.0,1500,0.8,0.49466666666666664,0
2026-09-26T19:58:01Z,productcatalogservice,413.0,600,0.95,0.6883333333333334,0
2026-09-26T19:58:01Z,paymentservice,45.0,150,0.8,0.3,0
2026-09-26T19:58:01Z,recommendationservice,944.0,2000,0.8,0.472,0
2026-09-26T19:58:01Z,shippingservice,95.0,400,0.8,0.2375,0
2026-09-26T19:58:01Z,currencyservice,379.0,500,0.8,0.758,0
2026-09-26T19:58:01Z,emailservice,87.0,150,0.8,0.58,0
2026-09-26T19:58:01Z,adservice,108.0,600,0.8,0.18,0
2026-09-26T19:58:01Z,redis-cart,37.0,500,0.8,0.074,0
2026-09-26T19:58:02Z,frontend,296.6,1150,0.8,0.2579130434782609,0
2026-09-26T19:58:02Z,cartservice,334.0,1000,0.95,0.334,0
2026-09-26T19:58:02Z,checkoutservice,733.0,1500,0.8,0.4886666666666667,0
2026-09-26T19:58:02Z,productcatalogservice,395.0,600,0.95,0.6583333333333333,0
2026-09-26T19:58:02Z,paymentservice,45.0,150,0.8,0.3,0
2026-09-26T19:58:02Z,recommendationservice,911.0,2000,0.8,0.4555,0
2026-09-26T19:58:02Z,shippingservice,95.0,400,0.8,0.2375,0
2026-09-26T19:58:02Z,currencyservice,411.0,500,0.8,0.822,1
2026-09-26T19:58:02Z,emailservice,79.0,150,0.8,0.5266666666666666,0
2026-09-26T19:58:02Z,adservice,123.0,600,0.8,0.205,0
2026-09-26T19:58:02Z,redis-cart,37.0,500,0.8,0.074,0
2026-09-26T19:58:03Z,frontend,294.0,1150,0.8,0.25565217391304346,0
2026-09-26T19:58:03Z,cartservice,364.0,1000,0.95,0.364,0
2026-09-26T19:58:03Z,checkoutservice,733.0,1500,0.8,0.4886666666666667,0
2026-09-26T19:58:03Z,productcatalogservice,421.0,600,0.95,0.7016666666666667,0
2026-09-26T19:58:03Z,paymentservice,50.0,150,0.8,0.3333333333333333,0
2026-09-26T19:58:03Z,recommendationservice,911.0,2000,0.8,0.4555,0
2026-09-26T19:58:03Z,shippingservice,79.0,400,0.8,0.1975,0
2026-09-26T19:58:03Z,currencyservice,382.0,500,0.8,0.764,0
2026-09-26T19:58:03Z,emailservice,63.0,150,0.8,0.42,0
2026-09-26T19:58:03Z,adservice,123.0,600,0.8,0.205,0
2026-09-26T19:58:03Z,redis-cart,39.0,500,0.8,0.078,0
2026-09-26T19:58:04Z,frontend,285.4,1150,0.8,0.24817391304347824,0
2026-09-26T19:58:04Z,cartservice,364.0,1000,0.95,0.364,0
2026-09-26T19:58:04Z,checkoutservice,505.0,1500,0.8,0.33666666666666667,0
2026-09-26T19:58:04Z,productcatalogservice,421.0,600,0.95,0.7016666666666667,0
2026-09-26T19:58:04Z,paymentservice,50.0,150,0.8,0.3333333333333333,0
2026-09-26T19:58:04Z,recommendationservice,974.0,2000,0.8,0.487,0
2026-09-26T19:58:04Z,shippingservice,81.0,400,0.8,0.2025,0
2026-09-26T19:58:04Z,currencyservice,382.0,500,0.8,0.764,0
2026-09-26T19:58:04Z,emailservice,65.0,150,0.8,0.43333333333333335,0
2026-09-26T19:58:04Z,adservice,121.0,600,0.8,0.20166666666666666,0
2026-09-26T19:58:04Z,redis-cart,37.0,500,0.8,0.074,0
2026-09-26T19:58:05Z,frontend,286.8,1150,0.8,0.2493913043478261,0
2026-09-26T19:58:05Z,cartservice,376.0,1000,0.95,0.376,0
2026-09-26T19:58:05Z,checkoutservice,839.0,1500,0.8,0.5593333333333333,0
2026-09-26T19:58:05Z,productcatalogservice,419.0,600,0.95,0.6983333333333334,0
2026-09-26T19:58:05Z,paymentservice,33.0,150,0.8,0.22,0
2026-09-26T19:58:05Z,recommendationservice,974.0,2000,0.8,0.487,0
2026-09-26T19:58:05Z,shippingservice,84.0,400,0.8,0.21,0
2026-09-26T19:58:05Z,currencyservice,369.0,500,0.8,0.738,0
2026-09-26T19:58:05Z,emailservice,65.0,150,0.8,0.43333333333333335,0
2026-09-26T19:58:05Z,adservice,114.0,600,0.8,0.19,0
2026-09-26T19:58:05Z,redis-cart,37.0,500,0.8,0.074,0
2026-09-26T19:58:06Z,frontend,303.2,1150,0.8,0.26365217391304346,0
2026-09-26T19:58:06Z,cartservice,376.0,1000,0.95,0.376,0
2026-09-26T19:58:06Z,checkoutservice,839.0,1500,0.8,0.5593333333333333,0
2026-09-26T19:58:06Z,productcatalogservice,401.0,600,0.95,0.6683333333333333,0
2026-09-26T19:58:06Z,paymentservice,33.0,150,0.8,0.22,0
2026-09-26T19:58:06Z,recommendationservice,944.0,2000,0.8,0.472,0
2026-09-26T19:58:06Z,shippingservice,84.0,400,0.8,0.21,0
2026-09-26T19:58:06Z,currencyservice,423.0,500,0.8,0.846,1
2026-09-26T19:58:06Z,emailservice,96.0,150,0.8,0.64,0
2026-09-26T19:58:06Z,adservice,114.0,600,0.8,0.19,0
2026-09-26T19:58:06Z,redis-cart,41.0,500,0.8,0.082,0
2026-09-26T19:58:07Z,frontend,283.6,1150,0.8,0.24660869565217394,0
2026-09-26T19:58:07Z,cartservice,387.0,1000,0.95,0.387,0
2026-09-26T19:58:07Z,checkoutservice,619.0,1500,0.8,0.4126666666666667,0
2026-09-26T19:58:07Z,productcatalogservice,401.0,600,0.95,0.6683333333333333,0
2026-09-26T19:58:07Z,paymentservice,44.0,150,0.8,0.29333333333333333,0
2026-09-26T19:58:07Z,recommendationservice,920.0,2000,0.8,0.46,0
2026-09-26T19:58:07Z,shippingservice,95.0,400,0.8,0.2375,0
2026-09-26T19:58:07Z,currencyservice,380.0,500,0.8,0.76,0
2026-09-26T19:58:07Z,emailservice,96.0,150,0.8,0.64,0
2026-09-26T19:58:07Z,adservice,121.0,600,0.8,0.20166666666666666,0
2026-09-26T19:58:07Z,redis-cart,41.0,500,0.8,0.082,0
2026-09-26T19:58:08Z,frontend,281.2,1150,0.8,0.24452173913043476,0
2026-09-26T19:58:08Z,cartservice,325.0,1000,0.95,0.325,0
2026-09-26T19:58:08Z,checkoutservice,619.0,1500,0.8,0.4126666666666667,0
2026-09-26T19:58:08Z,productcatalogservice,403.0,600,0.95,0.6716666666666666,0
2026-09-26T19:58:08Z,paymentservice,38.0,150,0.8,0.25333333333333335,0
2026-09-26T19:58:08Z,recommendationservice,920.0,2000,0.8,0.46,0
2026-09-26T19:58:08Z,shippingservice,95.0,400,0.8,0.2375,0
2026-09-26T19:58:08Z,currencyservice,380.0,500,0.8,0.76,0
2026-09-26T19:58:08Z,emailservice,74.0,150,0.8,0.49333333333333335,0
2026-09-26T19:58:08Z,adservice,121.0,600,0.8,0.20166666666666666,0
2026-09-26T19:58:08Z,redis-cart,33.0,500,0.8,0.066,0
2026-09-26T19:58:09Z,frontend,292.8,1150,0.8,0.2546086956521739,0
2026-09-26T19:58:09Z,cartservice,333.0,1000,0.95,0.333,0
2026-09-26T19:58:09Z,checkoutservice,738.0,1500,0.8,0.492,0
2026-09-26T19:58:09Z,productcatalogservice,396.0,600,0.95,0.66,0
2026-09-26T19:58:09Z,paymentservice,39.0,150,0.8,0.26,0
2026-09-26T19:58:09Z,recommendationservice,871.0,2000,0.8,0.4355,0
2026-09-26T19:58:09Z,shippingservice,81.0,400,0.8,0.2025,0
2026-09-26T19:58:09Z,currencyservice,399.0,500,0.8,0.798,0
2026-09-26T19:58:09Z,emailservice,74.0,150,0.8,0.49333333333333335,0
2026-09-26T19:58:09Z,adservice,122.0,600,0.8,0.20333333333333334,0
2026-09-26T19:58:09Z,redis-cart,39.0,500,0.8,0.078,0
2026-09-26T19:58:10Z,frontend,286.2,1150,0.8,0.2488695652173913,0
2026-09-26T19:58:10Z,cartservice,333.0,1000,0.95,0.333,0
2026-09-26T19:58:10Z,checkoutservice,638.0,1500,0.8,0.42533333333333334,0
2026-09-26T19:58:10Z,productcatalogservice,403.0,600,0.95,0.6716666666666666,0
2026-09-26T19:58:10Z,paymentservice,39.0,150,0.8,0.26,0
2026-09-26T19:58:10Z,recommendationservice,1003.0,2000,0.8,0.5015,0
2026-09-26T19:58:10Z,shippingservice,75.0,400,0.8,0.1875,0
2026-09-26T19:58:10Z,currencyservice,421.0,500,0.8,0.842,1
2026-09-26T19:58:10Z,emailservice,67.0,150,0.8,0.44666666666666666,0
2026-09-26T19:58:10Z,adservice,122.0,600,0.8,0.20333333333333334,0
2026-09-26T19:58:10Z,redis-cart,39.0,500,0.8,0.078,0
2026-09-26T19:58:11Z,frontend,295.4,1150,0.8,0.2568695652173913,0
2026-09-26T19:58:11Z,cartservice,303.0,1000,0.95,0.303,0
2026-09-26T19:58:11Z,checkoutservice,638.0,1500,0.8,0.42533333333333334,0
2026-09-26T19:58:11Z,productcatalogservice,403.0,600,0.95,0.6716666666666666,0
2026-09-26T19:58:11Z,paymentservice,32.0,150,0.8,0.21333333333333335,0
2026-09-26T19:58:11Z,recommendationservice,912.0,2000,0.8,0.456,0
2026-09-26T19:58:11Z,shippingservice,75.0,400,0.8,0.1875,0
2026-09-26T19:58:11Z,currencyservice,421.0,500,0.8,0.842,1
2026-09-26T19:58:11Z,emailservice,67.0,150,0.8,0.44666666666666666,0
2026-09-26T19:58:11Z,adservice,123.0,600,0.8,0.205,0
2026-09-26T19:58:11Z,redis-cart,40.0,500,0.8,0.08,0
2026-09-26T19:58:12Z,frontend,291.6,1150,0.8,0.2535652173913044,0
2026-09-26T19:58:12Z,cartservice,352.0,1000,0.95,0.352,0
2026-09-26T19:58:12Z,checkoutservice,697.0,1500,0.8,0.4646666666666667,0
2026-09-26T19:58:12Z,productcatalogservice,402.0,600,0.95,0.67,0
2026-09-26T19:58:12Z,paymentservice,69.0,150,0.8,0.46,0
2026-09-26T19:58:12Z,recommendationservice,911.0,2000,0.8,0.4555,0
2026-09-26T19:58:12Z,shippingservice,88.0,400,0.8,0.22,0
2026-09-26T19:58:12Z,currencyservice,421.0,500,0.8,0.842,1
2026-09-26T19:58:12Z,emailservice,95.0,150,0.8,0.6333333333333333,0
2026-09-26T19:58:12Z,adservice,135.0,600,0.8,0.225,0
2026-09-26T19:58:12Z,redis-cart,38.0,500,0.8,0.076,0
2026-09-26T19:58:13Z,frontend,297.2,1150,0.8,0.2584347826086956,0
2026-09-26T19:58:13Z,cartservice,352.0,1000,0.95,0.352,0
2026-09-26T19:58:13Z,checkoutservice,697.0,1500,0.8,0.4646666666666667,0
2026-09-26T19:58:13Z,productcatalogservice,418.0,600,0.95,0.6966666666666667,0
2026-09-26T19:58:13Z,paymentservice,36.0,150,0.8,0.24,0
2026-09-26T19:58:13Z,recommendationservice,911.0,2000,0.8,0.4555,0
2026-09-26T19:58:13Z,shippingservice,82.0,400,0.8,0.205,0
2026-09-26T19:58:13Z,currencyservice,404.0,500,0.8,0.808,1
2026-09-26T19:58:13Z,emailservice,78.0,150,0.8,0.52,0
2026-09-26T19:58:13Z,adservice,135.0,600,0.8,0.225,0
2026-09-26T19:58:13Z,redis-cart,38.0,500,0.8,0.076,0
2026-09-26T19:58:14Z,frontend,298.4,1150,0.8,0.2594782608695652,0
2026-09-26T19:58:14Z,cartservice,341.0,1000,0.95,0.341,0
2026-09-26T19:58:14Z,checkoutservice,585.0,1500,0.8,0.39,0
2026-09-26T19:58:14Z,productcatalogservice,418.0,600,0.95,0.6966666666666667,0
2026-09-26T19:58:14Z,paymentservice,36.0,150,0.8,0.24,0
2026-09-26T19:58:14Z,recommendationservice,943.0,2000,0.8,0.4715,0
2026-09-26T19:58:14Z,shippingservice,82.0,400,0.8,0.205,0
2026-09-26T19:58:14Z,currencyservice,386.0,500,0.8,0.772,0
2026-09-26T19:58:14Z,emailservice,78.0,150,0.8,0.52,0
2026-09-26T19:58:14Z,adservice,120.0,600,0.8,0.2,0
2026-09-26T19:58:14Z,redis-cart,38.0,500,0.8,0.076,0
2026-09-26T19:58:15Z,frontend,301.0,1150,0.8,0.2617391304347826,0
2026-09-26T19:58:15Z,cartservice,272.0,1000,0.95,0.272,0
2026-09-26T19:58:15Z,checkoutservice,585.0,1500,0.8,0.39,0
2026-09-26T19:58:15Z,productcatalogservice,440.0,600,0.95,0.7333333333333333,0
2026-09-26T19:58:15Z,paymentservice,35.0,150,0.8,0.23333333333333334,0
2026-09-26T19:58:15Z,recommendationservice,929.0,2000,0.8,0.4645,0
2026-09-26T19:58:15Z,shippingservice,87.0,400,0.8,0.2175,0
2026-09-26T19:58:15Z,currencyservice,386.0,500,0.8,0.772,0
2026-09-26T19:58:15Z,emailservice,68.0,150,0.8,0.4533333333333333,0
2026-09-26T19:58:15Z,adservice,120.0,600,0.8,0.2,0
2026-09-26T19:58:15Z,redis-cart,36.0,500,0.8,0.072,0
2026-09-26T19:58:16Z,frontend,298.8,1150,0.8,0.25982608695652176,0
2026-09-26T19:58:16Z,cartservice,272.0,1000,0.95,0.272,0
2026-09-26T19:58:16Z,checkoutservice,696.0,1500,0.8,0.464,0
2026-09-26T19:58:16Z,productcatalogservice,440.0,600,0.95,0.7333333333333333,0
2026-09-26T19:58:16Z,paymentservice,48.0,150,0.8,0.32,0
2026-09-26T19:58:16Z,recommendationservice,929.0,2000,0.8,0.4645,0
2026-09-26T19:58:16Z,shippingservice,86.0,400,0.8,0.215,0
2026-09-26T19:58:16Z,currencyservice,405.0,500,0.8,0.81,1
2026-09-26T19:58:16Z,emailservice,68.0,150,0.8,0.4533333333333333,0
2026-09-26T19:58:16Z,adservice,141.0,600,0.8,0.235,0
2026-09-26T19:58:16Z,redis-cart,36.0,500,0.8,0.072,0
2026-09-26T19:58:17Z,frontend,291.2,1150,0.8,0.25321739130434784,0
2026-09-26T19:58:17Z,cartservice,331.0,1000,0.95,0.331,0
2026-09-26T19:58:17Z,checkoutservice,801.0,1500,0.8,0.534,0
2026-09-26T19:58:17Z,productcatalogservice,398.0,600,0.95,0.6633333333333333,0
2026-09-26T19:58:17Z,paymentservice,48.0,150,0.8,0.32,0
2026-09-26T19:58:17Z,recommendationservice,904.0,2000,0.8,0.452,0
2026-09-26T19:58:17Z,shippingservice,111.0,400,0.8,0.2775,0
2026-09-26T19:58:17Z,currencyservice,392.0,500,0.8,0.784,0
2026-09-26T19:58:17Z,emailservice,93.0,150,0.8,0.62,0
2026-09-26T19:58:17Z,adservice,121.0,600,0.8,0.20166666666666666,0
2026-09-26T19:58:17Z,redis-cart,37.0,500,0.8,0.074,0
2026-09-26T19:58:18Z,frontend,283.6,1150,0.8,0.24660869565217394,0
2026-09-26T19:58:18Z,cartservice,331.0,1000,0.95,0.331,0
2026-09-26T19:58:18Z,checkoutservice,698.0,1500,0.8,0.4653333333333333,0
2026-09-26T19:58:18Z,productcatalogservice,390.0,600,0.95,0.65,0
2026-09-26T19:58:18Z,paymentservice,42.0,150,0.8,0.28,0
2026-09-26T19:58:18Z,recommendationservice,901.0,2000,0.8,0.4505,0
2026-09-26T19:58:18Z,shippingservice,99.0,400,0.8,0.2475,0
2026-09-26T19:58:18Z,currencyservice,402.0,500,0.8,0.804,1
2026-09-26T19:58:18Z,emailservice,86.0,150,0.8,0.5733333333333334,0
2026-09-26T19:58:18Z,adservice,113.0,600,0.8,0.18833333333333332,0
2026-09-26T19:58:18Z,redis-cart,35.0,500,0.8,0.07,0
2026-09-26T19:58:19Z,frontend,270.8,1150,0.8,0.23547826086956522,0
2026-09-26T19:58:19Z,cartservice,330.0,1000,0.95,0.33,0
2026-09-26T19:58:19Z,checkoutservice,698.0,1500,0.8,0.4653333333333333,0
2026-09-26T19:58:19Z,productcatalogservice,380.0,600,0.95,0.6333333333333333,0
2026-09-26T19:58:19Z,paymentservice,47.0,150,0.8,0.31333333333333335,0
2026-09-26T19:58:19Z,recommendationservice,901.0,2000,0.8,0.4505,0
2026-09-26T19:58:19Z,shippingservice,99.0,400,0.8,0.2475,0
2026-09-26T19:58:19Z,currencyservice,402.0,500,0.8,0.804,1
2026-09-26T19:58:19Z,emailservice,86.0,150,0.8,0.5733333333333334,0
2026-09-26T19:58:19Z,adservice,113.0,600,0.8,0.18833333333333332,0
2026-09-26T19:58:19Z,redis-cart,35.0,500,0.8,0.07,0
2026-09-26T19:58:20Z,frontend,280.4,1150,0.8,0.24382608695652172,0
2026-09-26T19:58:20Z,cartservice,305.0,1000,0.95,0.305,0
2026-09-26T19:58:20Z,checkoutservice,801.0,1500,0.8,0.534,0
2026-09-26T19:58:20Z,productcatalogservice,394.0,600,0.95,0.6566666666666666,0
2026-09-26T19:58:20Z,paymentservice,47.0,150,0.8,0.31333333333333335,0
2026-09-26T19:58:20Z,recommendationservice,958.0,2000,0.8,0.479,0
2026-09-26T19:58:20Z,shippingservice,81.0,400,0.8,0.2025,0
2026-09-26T19:58:20Z,currencyservice,398.0,500,0.8,0.796,0
2026-09-26T19:58:20Z,emailservice,79.0,150,0.8,0.5266666666666666,0
2026-09-26T19:58:20Z,adservice,124.0,600,0.8,0.20666666666666667,0
2026-09-26T19:58:20Z,redis-cart,35.0,500,0.8,0.07,0
2026-09-26T19:58:21Z,frontend,284.8,1150,0.8,0.24765217391304348,0
2026-09-26T19:58:21Z,cartservice,359.0,1000,0.95,0.359,0
2026-09-26T19:58:21Z,checkoutservice,594.0,1500,0.8,0.396,0
2026-09-26T19:58:21Z,productcatalogservice,398.0,600,0.95,0.6633333333333333,0
2026-09-26T19:58:21Z,paymentservice,33.0,150,0.8,0.22,0
2026-09-26T19:58:21Z,recommendationservice,958.0,2000,0.8,0.479,0
2026-09-26T19:58:21Z,shippingservice,77.0,400,0.8,0.1925,0
2026-09-26T19:58:21Z,currencyservice,398.0,500,0.8,0.796,0
2026-09-26T19:58:21Z,emailservice,81.0,150,0.8,0.54,0
2026-09-26T19:58:21Z,adservice,126.0,600,0.8,0.21,0
2026-09-26T19:58:21Z,redis-cart,37.0,500,0.8,0.074,0
2026-09-26T19:58:22Z,frontend,293.2,1150,0.8,0.2549565217391304,0
2026-09-26T19:58:22Z,cartservice,359.0,1000,0.95,0.359,0
2026-09-26T19:58:22Z,checkoutservice,689.0,1500,0.8,0.4593333333333333,0
2026-09-26T19:58:22Z,productcatalogservice,398.0,600,0.95,0.6633333333333333,0
2026-09-26T19:58:22Z,paymentservice,33.0,150,0.8,0.22,0
2026-09-26T19:58:22Z,recommendationservice,925.0,2000,0.8,0.4625,0
2026-09-26T19:58:22Z,shippingservice,106.0,400,0.8,0.265,0
2026-09-26T19:58:22Z,currencyservice,403.0,500,0.8,0.806,1
2026-09-26T19:58:22Z,emailservice,75.0,150,0.8,0.5,0
2026-09-26T19:58:22Z,adservice,125.0,600,0.8,0.20833333333333334,0
2026-09-26T19:58:22Z,redis-cart,37.0,500,0.8,0.074,0
2026-09-26T19:58:23Z,frontend,301.0,1150,0.8,0.2617391304347826,0
2026-09-26T19:58:23Z,cartservice,337.0,1000,0.95,0.337,0
2026-09-26T19:58:23Z,checkoutservice,813.0,1500,0.8,0.542,0
2026-09-26T19:58:23Z,productcatalogservice,385.0,600,0.95,0.6416666666666667,0
2026-09-26T19:58:23Z,paymentservice,57.0,150,0.8,0.38,0
2026-09-26T19:58:23Z,recommendationservice,915.0,2000,0.8,0.4575,0
2026-09-26T19:58:23Z,shippingservice,106.0,400,0.8,0.265,0
2026-09-26T19:58:23Z,currencyservice,385.0,500,0.8,0.77,0
2026-09-26T19:58:23Z,emailservice,75.0,150,0.8,0.5,0
2026-09-26T19:58:23Z,adservice,125.0,600,0.8,0.20833333333333334,0
2026-09-26T19:58:23Z,redis-cart,39.0,500,0.8,0.078,0
2026-09-26T19:58:24Z,frontend,311.4,1150,0.8,0.2707826086956521,0
2026-09-26T19:58:24Z,cartservice,337.0,1000,0.95,0.337,0
2026-09-26T19:58:24Z,checkoutservice,813.0,1500,0.8,0.542,0
2026-09-26T19:58:24Z,productcatalogservice,432.0,600,0.95,0.72,0
2026-09-26T19:58:24Z,paymentservice,45.0,150,0.8,0.3,0
2026-09-26T19:58:24Z,recommendationservice,970.0,2000,0.8,0.485,0
2026-09-26T19:58:24Z,shippingservice,96.0,400,0.8,0.24,0
2026-09-26T19:58:24Z,currencyservice,415.0,500,0.8,0.83,1
2026-09-26T19:58:24Z,emailservice,85.0,150,0.8,0.5666666666666667,0
2026-09-26T19:58:24Z,adservice,134.0,600,0.8,0.22333333333333333,0
2026-09-26T19:58:24Z,redis-cart,39.0,500,0.8,0.078,0
2026-09-26T19:58:25Z,frontend,289.0,1150,0.8,0.25130434782608696,0
2026-09-26T19:58:25Z,cartservice,332.0,1000,0.95,0.332,0
2026-09-26T19:58:25Z,checkoutservice,743.0,1500,0.8,0.49533333333333335,0
2026-09-26T19:58:25Z,productcatalogservice,432.0,600,0.95,0.72,0
2026-09-26T19:58:25Z,paymentservice,45.0,150,0.8,0.3,0
2026-09-26T19:58:25Z,recommendationservice,970.0,2000,0.8,0.485,0
2026-09-26T19:58:25Z,shippingservice,96.0,400,0.8,0.24,0
2026-09-26T19:58:25Z,currencyservice,415.0,500,0.8,0.83,1
2026-09-26T19:58:25Z,emailservice,85.0,150,0.8,0.5666666666666667,0
2026-09-26T19:58:25Z,adservice,134.0,600,0.8,0.22333333333333333,0
2026-09-26T19:58:25Z,redis-cart,36.0,500,0.8,0.072,0
2026-09-26T19:58:26Z,frontend,272.0,1150,0.8,0.23652173913043478,0
2026-09-26T19:58:26Z,cartservice,315.0,1000,0.95,0.315,0
2026-09-26T19:58:26Z,checkoutservice,743.0,1500,0.8,0.49533333333333335,0
2026-09-26T19:58:26Z,productcatalogservice,375.0,600,0.95,0.625,0
2026-09-26T19:58:26Z,paymentservice,45.0,150,0.8,0.3,0
2026-09-26T19:58:26Z,recommendationservice,960.0,2000,0.8,0.48,0
2026-09-26T19:58:26Z,shippingservice,75.0,400,0.8,0.1875,0
2026-09-26T19:58:26Z,currencyservice,402.0,500,0.8,0.804,1
2026-09-26T19:58:26Z,emailservice,90.0,150,0.8,0.6,0
2026-09-26T19:58:26Z,adservice,106.0,600,0.8,0.17666666666666667,0
2026-09-26T19:58:26Z,redis-cart,40.0,500,0.8,0.08,0
2026-09-26T19:58:27Z,frontend,279.8,1150,0.8,0.24330434782608695,0
2026-09-26T19:58:27Z,cartservice,315.0,1000,0.95,0.315,0
2026-09-26T19:58:27Z,checkoutservice,605.0,1500,0.8,0.4033333333333333,0
2026-09-26T19:58:27Z,productcatalogservice,402.0,600,0.95,0.67,0
2026-09-26T19:58:27Z,paymentservice,35.0,150,0.8,0.23333333333333334,0
2026-09-26T19:58:27Z,recommendationservice,956.0,2000,0.8,0.478,0
2026-09-26T19:58:27Z,shippingservice,90.0,400,0.8,0.225,0
2026-09-26T19:58:27Z,currencyservice,388.0,500,0.8,0.776,0
2026-09-26T19:58:27Z,emailservice,90.0,150,0.8,0.6,0
2026-09-26T19:58:27Z,adservice,114.0,600,0.8,0.19,0
2026-09-26T19:58:27Z,redis-cart,40.0,500,0.8,0.08,0
2026-09-26T19:58:28Z,frontend,281.4,1150,0.8,0.24469565217391304,0
2026-09-26T19:58:28Z,cartservice,290.0,1000,0.95,0.29,0
2026-09-26T19:58:28Z,checkoutservice,605.0,1500,0.8,0.4033333333333333,0
2026-09-26T19:58:28Z,productcatalogservice,402.0,600,0.95,0.67,0
2026-09-26T19:58:28Z,paymentservice,35.0,150,0.8,0.23333333333333334,0
2026-09-26T19:58:28Z,recommendationservice,956.0,2000,0.8,0.478,0
2026-09-26T19:58:28Z,shippingservice,90.0,400,0.8,0.225,0
2026-09-26T19:58:28Z,currencyservice,402.0,500,0.8,0.804,1
2026-09-26T19:58:28Z,emailservice,73.0,150,0.8,0.4866666666666667,0
2026-09-26T19:58:28Z,adservice,114.0,600,0.8,0.19,0
2026-09-26T19:58:28Z,redis-cart,37.0,500,0.8,0.074,0
2026-09-26T19:58:29Z,frontend,279.4,1150,0.8,0.2429565217391304,0
2026-09-26T19:58:29Z,cartservice,278.0,1000,0.95,0.278,0
2026-09-26T19:58:29Z,checkoutservice,756.0,1500,0.8,0.504,0
2026-09-26T19:58:29Z,productcatalogservice,397.0,600,0.95,0.6616666666666666,0
2026-09-26T19:58:29Z,paymentservice,36.0,150,0.8,0.24,0
2026-09-26T19:58:29Z,recommendationservice,956.0,2000,0.8,0.478,0
2026-09-26T19:58:29Z,shippingservice,87.0,400,0.8,0.2175,0
2026-09-26T19:58:29Z,currencyservice,386.0,500,0.8,0.772,0
2026-09-26T19:58:29Z,emailservice,74.0,150,0.8,0.49333333333333335,0
2026-09-26T19:58:29Z,adservice,115.0,600,0.8,0.19166666666666668,0
2026-09-26T19:58:29Z,redis-cart,34.0,500,0.8,0.068,0
2026-09-26T19:58:30Z,frontend,287.2,1150,0.8,0.2497391304347826,0
2026-09-26T19:58:30Z,cartservice,278.0,1000,0.95,0.278,0
2026-09-26T19:58:30Z,checkoutservice,665.0,1500,0.8,0.44333333333333336,0
2026-09-26T19:58:30Z,productcatalogservice,397.0,600,0.95,0.6616666666666666,0
2026-09-26T19:58:30Z,paymentservice,43.0,150,0.8,0.2866666666666667,0
2026-09-26T19:58:30Z,recommendationservice,976.0,2000,0.8,0.488,0
2026-09-26T19:58:30Z,shippingservice,83.0,400,0.8,0.2075,0
2026-09-26T19:58:30Z,currencyservice,386.0,500,0.8,0.772,0
2026-09-26T19:58:30Z,emailservice,74.0,150,0.8,0.49333333333333335,0
2026-09-26T19:58:30Z,adservice,139.0,600,0.8,0.23166666666666666,0
2026-09-26T19:58:30Z,redis-cart,34.0,500,0.8,0.068,0
2026-09-26T19:58:31Z,frontend,289.4,1150,0.8,0.25165217391304345,0
2026-09-26T19:58:31Z,cartservice,356.0,1000,0.95,0.356,0
2026-09-26T19:58:31Z,checkoutservice,748.0,1500,0.8,0.49866666666666665,0
2026-09-26T19:58:31Z,productcatalogservice,397.0,600,0.95,0.6616666666666666,0
2026-09-26T19:58:31Z,paymentservice,43.0,150,0.8,0.2866666666666667,0
2026-09-26T19:58:31Z,recommendationservice,917.0,2000,0.8,0.4585,0
2026-09-26T19:58:31Z,shippingservice,76.0,400,0.8,0.19,0
2026-09-26T19:58:31Z,currencyservice,364.0,500,0.8,0.728,0
2026-09-26T19:58:31Z,emailservice,102.0,150,0.8,0.68,0
2026-09-26T19:58:31Z,adservice,139.0,600,0.8,0.23166666666666666,0
2026-09-26T19:58:31Z,redis-cart,43.0,500,0.8,0.086,0
2026-09-26T19:58:32Z,frontend,289.4,1150,0.8,0.25165217391304345,0
2026-09-26T19:58:32Z,cartservice,356.0,1000,0.95,0.356,0
2026-09-26T19:58:32Z,checkoutservice,701.0,1500,0.8,0.4673333333333333,0
2026-09-26T19:58:32Z,productcatalogservice,397.0,600,0.95,0.6616666666666666,0
2026-09-26T19:58:32Z,paymentservice,65.0,150,0.8,0.43333333333333335,0
2026-09-26T19:58:32Z,recommendationservice,917.0,2000,0.8,0.4585,0
2026-09-26T19:58:32Z,shippingservice,76.0,400,0.8,0.19,0
2026-09-26T19:58:32Z,currencyservice,399.0,500,0.8,0.798,0
2026-09-26T19:58:32Z,emailservice,102.0,150,0.8,0.68,0
2026-09-26T19:58:32Z,adservice,129.0,600,0.8,0.215,0
2026-09-26T19:58:32Z,redis-cart,43.0,500,0.8,0.086,0
2026-09-26T19:58:33Z,frontend,292.6,1150,0.8,0.2544347826086957,0
2026-09-26T19:58:33Z,cartservice,339.0,1000,0.95,0.339,0
2026-09-26T19:58:33Z,checkoutservice,694.0,1500,0.8,0.46266666666666667,0
2026-09-26T19:58:33Z,productcatalogservice,384.0,600,0.95,0.64,0
2026-09-26T19:58:33Z,paymentservice,44.0,150,0.8,0.29333333333333333,0
2026-09-26T19:58:33Z,recommendationservice,929.0,2000,0.8,0.4645,0
2026-09-26T19:58:33Z,shippingservice,97.0,400,0.8,0.2425,0
2026-09-26T19:58:33Z,currencyservice,399.0,500,0.8,0.798,0
2026-09-26T19:58:33Z,emailservice,79.0,150,0.8,0.5266666666666666,0
2026-09-26T19:58:33Z,adservice,129.0,600,0.8,0.215,0
2026-09-26T19:58:33Z,redis-cart,38.0,500,0.8,0.076,0
2026-09-26T19:58:34Z,frontend,299.0,1150,0.8,0.26,0
2026-09-26T19:58:34Z,cartservice,339.0,1000,0.95,0.339,0
2026-09-26T19:58:34Z,checkoutservice,694.0,1500,0.8,0.46266666666666667,0
2026-09-26T19:58:34Z,productcatalogservice,427.0,600,0.95,0.7116666666666667,0
2026-09-26T19:58:34Z,paymentservice,44.0,150,0.8,0.29333333333333333,0
2026-09-26T19:58:34Z,recommendationservice,934.0,2000,0.8,0.467,0
2026-09-26T19:58:34Z,shippingservice,97.0,400,0.8,0.2425,0
2026-09-26T19:58:34Z,currencyservice,398.0,500,0.8,0.796,0
2026-09-26T19:58:34Z,emailservice,67.0,150,0.8,0.44666666666666666,0
2026-09-26T19:58:34Z,adservice,109.0,600,0.8,0.18166666666666667,0
2026-09-26T19:58:34Z,redis-cart,34.0,500,0.8,0.068,0
2026-09-26T19:58:35Z,frontend,282.4,1150,0.8,0.24556521739130432,0
2026-09-26T19:58:35Z,cartservice,327.0,1000,0.95,0.327,0
2026-09-26T19:58:35Z,checkoutservice,583.0,1500,0.8,0.38866666666666666,0
2026-09-26T19:58:35Z,productcatalogservice,427.0,600,0.95,0.7116666666666667,0
2026-09-26T19:58:35Z,paymentservice,32.0,150,0.8,0.21333333333333335,0
2026-09-26T19:58:35Z,recommendationservice,948.0,2000,0.8,0.474,0
2026-09-26T19:58:35Z,shippingservice,71.0,400,0.8,0.1775,0
2026-09-26T19:58:35Z,currencyservice,401.0,500,0.8,0.802,1
2026-09-26T19:58:35Z,emailservice,67.0,150,0.8,0.44666666666666666,0
2026-09-26T19:58:35Z,adservice,118.0,600,0.8,0.19666666666666666,0
2026-09-26T19:58:35Z,redis-cart,34.0,500,0.8,0.068,0
2026-09-26T19:58:36Z,frontend,273.8,1150,0.8,0.23808695652173914,0
2026-09-26T19:58:36Z,cartservice,349.0,1000,0.95,0.349,0
2026-09-26T19:58:36Z,checkoutservice,743.0,1500,0.8,0.49533333333333335,0
2026-09-26T19:58:36Z,productcatalogservice,392.0,600,0.95,0.6533333333333333,0
2026-09-26T19:58:36Z,paymentservice,41.0,150,0.8,0.2733333333333333,0
2026-09-26T19:58:36Z,recommendationservice,948.0,2000,0.8,0.474,0
2026-09-26T19:58:36Z,shippingservice,80.0,400,0.8,0.2,0
2026-09-26T19:58:36Z,currencyservice,401.0,500,0.8,0.802,1
2026-09-26T19:58:36Z,emailservice,98.0,150,0.8,0.6533333333333333,0
2026-09-26T19:58:36Z,adservice,177.0,600,0.8,0.295,0
2026-09-26T19:58:36Z,redis-cart,38.0,500,0.8,0.076,0
2026-09-26T19:58:37Z,frontend,291.2,1150,0.8,0.25321739130434784,0
2026-09-26T19:58:37Z,cartservice,349.0,1000,0.95,0.349,0
2026-09-26T19:58:37Z,checkoutservice,743.0,1500,0.8,0.49533333333333335,0
2026-09-26T19:58:37Z,productcatalogservice,391.0,600,0.95,0.6516666666666666,0
2026-09-26T19:58:37Z,paymentservice,41.0,150,0.8,0.2733333333333333,0
2026-09-26T19:58:37Z,recommendationservice,914.0,2000,0.8,0.457,0
2026-09-26T19:58:37Z,shippingservice,121.0,400,0.8,0.3025,0
2026-09-26T19:58:37Z,currencyservice,396.0,500,0.8,0.792,0
2026-09-26T19:58:37Z,emailservice,85.0,150,0.8,0.5666666666666667,0
2026-09-26T19:58:37Z,adservice,177.0,600,0.8,0.295,0
2026-09-26T19:58:37Z,redis-cart,38.0,500,0.8,0.076,0
2026-09-26T19:58:38Z,frontend,299.2,1150,0.8,0.26017391304347826,0
2026-09-26T19:58:38Z,cartservice,333.0,1000,0.95,0.333,0
2026-09-26T19:58:38Z,checkoutservice,855.0,1500,0.8,0.57,0
2026-09-26T19:58:38Z,productcatalogservice,391.0,600,0.95,0.6516666666666666,0
2026-09-26T19:58:38Z,paymentservice,49.0,150,0.8,0.32666666666666666,0
2026-09-26T19:58:38Z,recommendationservice,867.0,2000,0.8,0.4335,0
2026-09-26T19:58:38Z,shippingservice,84.0,400,0.8,0.21,0
2026-09-26T19:58:38Z,currencyservice,421.0,500,0.8,0.842,1
2026-09-26T19:58:38Z,emailservice,98.0,150,0.8,0.6533333333333333,0
2026-09-26T19:58:38Z,adservice,119.0,600,0.8,0.19833333333333333,0
2026-09-26T19:58:38Z,redis-cart,38.0,500,0.8,0.076,0
2026-09-26T19:58:39Z,frontend,292.2,1150,0.8,0.2540869565217391,0
2026-09-26T19:58:39Z,cartservice,373.0,1000,0.95,0.373,0
2026-09-26T19:58:39Z,checkoutservice,636.0,1500,0.8,0.424,0
2026-09-26T19:58:39Z,productcatalogservice,401.0,600,0.95,0.6683333333333333,0
2026-09-26T19:58:39Z,paymentservice,49.0,150,0.8,0.32666666666666666,0
2026-09-26T19:58:39Z,recommendationservice,867.0,2000,0.8,0.4335,0
2026-09-26T19:58:39Z,shippingservice,84.0,400,0.8,0.21,0
2026-09-26T19:58:39Z,currencyservice,421.0,500,0.8,0.842,1
2026-09-26T19:58:39Z,emailservice,98.0,150,0.8,0.6533333333333333,0
2026-09-26T19:58:39Z,adservice,138.0,600,0.8,0.23,0
2026-09-26T19:58:39Z,redis-cart,33.0,500,0.8,0.066,0
2026-09-26T19:58:40Z,frontend,275.4,1150,0.8,0.2394782608695652,0
2026-09-26T19:58:40Z,cartservice,286.0,1000,0.95,0.286,0
2026-09-26T19:58:40Z,checkoutservice,636.0,1500,0.8,0.424,0
2026-09-26T19:58:40Z,productcatalogservice,401.0,600,0.95,0.6683333333333333,0
2026-09-26T19:58:40Z,paymentservice,34.0,150,0.8,0.22666666666666666,0
2026-09-26T19:58:40Z,recommendationservice,955.0,2000,0.8,0.4775,0
2026-09-26T19:58:40Z,shippingservice,86.0,400,0.8,0.215,0
2026-09-26T19:58:40Z,currencyservice,384.0,500,0.8,0.768,0
2026-09-26T19:58:40Z,emailservice,62.0,150,0.8,0.41333333333333333,0
2026-09-26T19:58:40Z,adservice,138.0,600,0.8,0.23,0
2026-09-26T19:58:40Z,redis-cart,33.0,500,0.8,0.066,0
2026-09-26T19:58:41Z,frontend,281.2,1150,0.8,0.24452173913043476,0
2026-09-26T19:58:41Z,cartservice,286.0,1000,0.95,0.286,0
2026-09-26T19:58:41Z,checkoutservice,555.0,1500,0.8,0.37,0
2026-09-26T19:58:41Z,productcatalogservice,396.0,600,0.95,0.66,0
2026-09-26T19:58:41Z,paymentservice,30.0,150,0.8,0.2,0
2026-09-26T19:58:41Z,recommendationservice,992.0,2000,0.8,0.496,0
2026-09-26T19:58:41Z,shippingservice,71.0,400,0.8,0.1775,0
2026-09-26T19:58:41Z,currencyservice,384.0,500,0.8,0.768,0
2026-09-26T19:58:41Z,emailservice,88.0,150,0.8,0.5866666666666667,0
2026-09-26T19:58:41Z,adservice,126.0,600,0.8,0.21,0
2026-09-26T19:58:41Z,redis-cart,37.0,500,0.8,0.074,0
2026-09-26T19:58:42Z,frontend,276.6,1150,0.8,0.24052173913043481,0
2026-09-26T19:58:42Z,cartservice,359.0,1000,0.95,0.359,0
2026-09-26T19:58:42Z,checkoutservice,555.0,1500,0.8,0.37,0
2026-09-26T19:58:42Z,productcatalogservice,396.0,600,0.95,0.66,0
2026-09-26T19:58:42Z,paymentservice,30.0,150,0.8,0.2,0
2026-09-26T19:58:42Z,recommendationservice,992.0,2000,0.8,0.496,0
2026-09-26T19:58:42Z,shippingservice,97.0,400,0.8,0.2425,0
2026-09-26T19:58:42Z,currencyservice,392.0,500,0.8,0.784,0
2026-09-26T19:58:42Z,emailservice,77.0,150,0.8,0.5133333333333333,0
2026-09-26T19:58:42Z,adservice,105.0,600,0.8,0.175,0
2026-09-26T19:58:42Z,redis-cart,37.0,500,0.8,0.074,0
2026-09-26T19:58:43Z,frontend,280.6,1150,0.8,0.24400000000000002,0
2026-09-26T19:58:43Z,cartservice,359.0,1000,0.95,0.359,0
2026-09-26T19:58:43Z,checkoutservice,750.0,1500,0.8,0.5,0
2026-09-26T19:58:43Z,productcatalogservice,405.0,600,0.95,0.675,0
2026-09-26T19:58:43Z,paymentservice,59.0,150,0.8,0.3933333333333333,0
2026-09-26T19:58:43Z,recommendationservice,896.0,2000,0.8,0.448,0
2026-09-26T19:58:43Z,shippingservice,91.0,400,0.8,0.2275,0
2026-09-26T19:58:43Z,currencyservice,424.0,500,0.8,0.848,1
2026-09-26T19:58:43Z,emailservice,77.0,150,0.8,0.5133333333333333,0
2026-09-26T19:58:43Z,adservice,105.0,600,0.8,0.175,0
2026-09-26T19:58:43Z,redis-cart,41.0,500,0.8,0.082,0
2026-09-26T19:58:44Z,frontend,276.8,1150,0.8,0.24069565217391306,0
2026-09-26T19:58:44Z,cartservice,350.0,1000,0.95,0.35,0
2026-09-26T19:58:44Z,checkoutservice,700.0,1500,0.8,0.4666666666666667,0
2026-09-26T19:58:44Z,productcatalogservice,397.0,600,0.95,0.6616666666666666,0
2026-09-26T19:58:44Z,paymentservice,38.0,150,0.8,0.25333333333333335,0
2026-09-26T19:58:44Z,recommendationservice,947.0,2000,0.8,0.4735,0
2026-09-26T19:58:44Z,shippingservice,91.0,400,0.8,0.2275,0
2026-09-26T19:58:44Z,currencyservice,424.0,500,0.8,0.848,1
2026-09-26T19:58:44Z,emailservice,83.0,150,0.8,0.5533333333333333,0
2026-09-26T19:58:44Z,adservice,112.0,600,0.8,0.18666666666666668,0
2026-09-26T19:58:44Z,redis-cart,35.0,500,0.8,0.07,0
2026-09-26T19:58:45Z,frontend,285.0,1150,0.8,0.24782608695652175,0
2026-09-26T19:58:45Z,cartservice,350.0,1000,0.95,0.35,0
2026-09-26T19:58:45Z,checkoutservice,700.0,1500,0.8,0.4666666666666667,0
2026-09-26T19:58:45Z,productcatalogservice,416.0,600,0.95,0.6933333333333334,0
2026-09-26T19:58:45Z,paymentservice,38.0,150,0.8,0.25333333333333335,0
2026-09-26T19:58:45Z,recommendationservice,947.0,2000,0.8,0.4735,0
2026-09-26T19:58:45Z,shippingservice,86.0,400,0.8,0.215,0
2026-09-26T19:58:45Z,currencyservice,358.0,500,0.8,0.716,0
2026-09-26T19:58:45Z,emailservice,83.0,150,0.8,0.5533333333333333,0
2026-09-26T19:58:45Z,adservice,145.0,600,0.8,0.24166666666666667,0
2026-09-26T19:58:45Z,redis-cart,35.0,500,0.8,0.07,0
2026-09-26T19:58:46Z,frontend,283.8,1150,0.8,0.2467826086956522,0
2026-09-26T19:58:46Z,cartservice,373.0,1000,0.95,0.373,0
2026-09-26T19:58:46Z,checkoutservice,776.0,1500,0.8,0.5173333333333333,0
2026-09-26T19:58:46Z,productcatalogservice,415.0,600,0.95,0.6916666666666667,0
2026-09-26T19:58:46Z,paymentservice,42.0,150,0.8,0.28,0
2026-09-26T19:58:46Z,recommendationservice,898.0,2000,0.8,0.449,0
2026-09-26T19:58:46Z,shippingservice,86.0,400,0.8,0.215,0
2026-09-26T19:58:46Z,currencyservice,358.0,500,0.8,0.716,0
2026-09-26T19:58:46Z,emailservice,88.0,150,0.8,0.5866666666666667,0
2026-09-26T19:58:46Z,adservice,145.0,600,0.8,0.24166666666666667,0
2026-09-26T19:58:46Z,redis-cart,41.0,500,0.8,0.082,0
2026-09-26T19:58:47Z,frontend,291.4,1150,0.8,0.2533913043478261,0
2026-09-26T19:58:47Z,cartservice,373.0,1000,0.95,0.373,0
2026-09-26T19:58:47Z,checkoutservice,742.0,1500,0.8,0.49466666666666664,0
2026-09-26T19:58:47Z,productcatalogservice,415.0,600,0.95,0.6916666666666667,0
2026-09-26T19:58:47Z,paymentservice,42.0,150,0.8,0.28,0
2026-09-26T19:58:47Z,recommendationservice,953.0,2000,0.8,0.4765,0
2026-09-26T19:58:47Z,shippingservice,102.0,400,0.8,0.255,0
2026-09-26T19:58:47Z,currencyservice,377.0,500,0.8,0.754,0
2026-09-26T19:58:47Z,emailservice,72.0,150,0.8,0.48,0
2026-09-26T19:58:47Z,adservice,129.0,600,0.8,0.215,0
2026-09-26T19:58:47Z,redis-cart,41.0,500,0.8,0.082,0
2026-09-26T19:58:48Z,frontend,303.8,1150,0.8,0.26417391304347826,0
2026-09-26T19:58:48Z,cartservice,349.0,1000,0.95,0.349,0
2026-09-26T19:58:48Z,checkoutservice,793.0,1500,0.8,0.5286666666666666,0
2026-09-26T19:58:48Z,productcatalogservice,415.0,600,0.95,0.6916666666666667,0
2026-09-26T19:58:48Z,paymentservice,42.0,150,0.8,0.28,0
2026-09-26T19:58:48Z,recommendationservice,953.0,2000,0.8,0.4765,0
2026-09-26T19:58:48Z,shippingservice,102.0,400,0.8,0.255,0
2026-09-26T19:58:48Z,currencyservice,377.0,500,0.8,0.754,0
2026-09-26T19:58:48Z,emailservice,86.0,150,0.8,0.5733333333333334,0
2026-09-26T19:58:48Z,adservice,129.0,600,0.8,0.215,0
2026-09-26T19:58:48Z,redis-cart,37.0,500,0.8,0.074,0
2026-09-26T19:58:49Z,frontend,287.0,1150,0.8,0.24956521739130436,0
2026-09-26T19:58:49Z,cartservice,338.0,1000,0.95,0.338,0
2026-09-26T19:58:49Z,checkoutservice,793.0,1500,0.8,0.5286666666666666,0
2026-09-26T19:58:49Z,productcatalogservice,415.0,600,0.95,0.6916666666666667,0
2026-09-26T19:58:49Z,paymentservice,43.0,150,0.8,0.2866666666666667,0
2026-09-26T19:58:49Z,recommendationservice,881.0,2000,0.8,0.4405,0
2026-09-26T19:58:49Z,shippingservice,89.0,400,0.8,0.2225,0
2026-09-26T19:58:49Z,currencyservice,409.0,500,0.8,0.818,1
2026-09-26T19:58:49Z,emailservice,74.0,150,0.8,0.49333333333333335,0
2026-09-26T19:58:49Z,adservice,124.0,600,0.8,0.20666666666666667,0
2026-09-26T19:58:49Z,redis-cart,38.0,500,0.8,0.076,0
2026-09-26T19:58:50Z,frontend,284.6,1150,0.8,0.24747826086956523,0
2026-09-26T19:58:50Z,cartservice,338.0,1000,0.95,0.338,0
2026-09-26T19:58:50Z,checkoutservice,610.0,1500,0.8,0.4066666666666667,0
2026-09-26T19:58:50Z,productcatalogservice,416.0,600,0.95,0.6933333333333334,0
2026-09-26T19:58:50Z,paymentservice,43.0,150,0.8,0.2866666666666667,0
2026-09-26T19:58:50Z,recommendationservice,881.0,2000,0.8,0.4405,0
2026-09-26T19:58:50Z,shippingservice,74.0,400,0.8,0.185,0
2026-09-26T19:58:50Z,currencyservice,365.0,500,0.8,0.73,0
2026-09-26T19:58:50Z,emailservice,74.0,150,0.8,0.49333333333333335,0
2026-09-26T19:58:50Z,adservice,124.0,600,0.8,0.20666666666666667,0
2026-09-26T19:58:50Z,redis-cart,38.0,500,0.8,0.076,0
2026-09-26T19:58:51Z,frontend,281.6,1150,0.8,0.2448695652173913,0
2026-09-26T19:58:51Z,cartservice,340.0,1000,0.95,0.34,0
2026-09-26T19:58:51Z,checkoutservice,723.0,1500,0.8,0.482,0
2026-09-26T19:58:51Z,productcatalogservice,401.0,600,0.95,0.6683333333333333,0
2026-09-26T19:58:51Z,paymentservice,32.0,150,0.8,0.21333333333333335,0
2026-09-26T19:58:51Z,recommendationservice,1001.0,2000,0.8,0.5005,0
2026-09-26T19:58:51Z,shippingservice,74.0,400,0.8,0.185,0
2026-09-26T19:58:51Z,currencyservice,380.0,500,0.8,0.76,0
2026-09-26T19:58:51Z,emailservice,86.0,150,0.8,0.5733333333333334,0
2026-09-26T19:58:51Z,adservice,113.0,600,0.8,0.18833333333333332,0
2026-09-26T19:58:51Z,redis-cart,38.0,500,0.8,0.076,0
2026-09-26T19:58:52Z,frontend,283.0,1150,0.8,0.24608695652173912,0
2026-09-26T19:58:52Z,cartservice,302.0,1000,0.95,0.302,0
2026-09-26T19:58:52Z,checkoutservice,723.0,1500,0.8,0.482,0
2026-09-26T19:58:52Z,productcatalogservice,401.0,600,0.95,0.6683333333333333,0
2026-09-26T19:58:52Z,paymentservice,61.0,150,0.8,0.4066666666666667,0
2026-09-26T19:58:52Z,recommendationservice,1001.0,2000,0.8,0.5005,0
2026-09-26T19:58:52Z,shippingservice,97.0,400,0.8,0.2425,0
2026-09-26T19:58:52Z,currencyservice,380.0,500,0.8,0.76,0
2026-09-26T19:58:52Z,emailservice,74.0,150,0.8,0.49333333333333335,0
2026-09-26T19:58:52Z,adservice,119.0,600,0.8,0.19833333333333333,0
2026-09-26T19:58:52Z,redis-cart,38.0,500,0.8,0.076,0
2026-09-26T19:58:53Z,frontend,279.6,1150,0.8,0.2431304347826087,0
2026-09-26T19:58:53Z,cartservice,302.0,1000,0.95,0.302,0
2026-09-26T19:58:53Z,checkoutservice,625.0,1500,0.8,0.4166666666666667,0
2026-09-26T19:58:53Z,productcatalogservice,411.0,600,0.95,0.685,0
2026-09-26T19:58:53Z,paymentservice,61.0,150,0.8,0.4066666666666667,0
2026-09-26T19:58:53Z,recommendationservice,933.0,2000,0.8,0.4665,0
2026-09-26T19:58:53Z,shippingservice,97.0,400,0.8,0.2425,0
2026-09-26T19:58:53Z,currencyservice,362.0,500,0.8,0.724,0
2026-09-26T19:58:53Z,emailservice,74.0,150,0.8,0.49333333333333335,0
2026-09-26T19:58:53Z,adservice,119.0,600,0.8,0.19833333333333333,0
2026-09-26T19:58:53Z,redis-cart,35.0,500,0.8,0.07,0
2026-09-26T19:58:54Z,frontend,280.4,1150,0.8,0.24382608695652172,0
2026-09-26T19:58:54Z,cartservice,308.0,1000,0.95,0.308,0
2026-09-26T19:58:54Z,checkoutservice,580.0,1500,0.8,0.38666666666666666,0
2026-09-26T19:58:54Z,productcatalogservice,411.0,600,0.95,0.685,0
2026-09-26T19:58:54Z,paymentservice,37.0,150,0.8,0.24666666666666667,0
2026-09-26T19:58:54Z,recommendationservice,933.0,2000,0.8,0.4665,0
2026-09-26T19:58:54Z,shippingservice,72.0,400,0.8,0.18,0
2026-09-26T19:58:54Z,currencyservice,382.0,500,0.8,0.764,0
2026-09-26T19:58:54Z,emailservice,66.0,150,0.8,0.44,0
2026-09-26T19:58:54Z,adservice,101.0,600,0.8,0.16833333333333333,0
2026-09-26T19:58:54Z,redis-cart,35.0,500,0.8,0.07,0
2026-09-26T19:58:55Z,frontend,285.0,1150,0.8,0.24782608695652175,0
2026-09-26T19:58:55Z,cartservice,308.0,1000,0.95,0.308,0
2026-09-26T19:58:55Z,checkoutservice,619.0,1500,0.8,0.4126666666666667,0
2026-09-26T19:58:55Z,productcatalogservice,420.0,600,0.95,0.7,0
2026-09-26T19:58:55Z,paymentservice,27.0,150,0.8,0.18,0
2026-09-26T19:58:55Z,recommendationservice,1021.0,2000,0.8,0.5105,0
2026-09-26T19:58:55Z,shippingservice,69.0,400,0.8,0.1725,0
2026-09-26T19:58:55Z,currencyservice,389.0,500,0.8,0.778,0
2026-09-26T19:58:55Z,emailservice,63.0,150,0.8,0.42,0
2026-09-26T19:58:55Z,adservice,107.0,600,0.8,0.17833333333333334,0
2026-09-26T19:58:55Z,redis-cart,40.0,500,0.8,0.08,0
2026-09-26T19:58:56Z,frontend,279.6,1150,0.8,0.2431304347826087,0
2026-09-26T19:58:56Z,cartservice,323.0,1000,0.95,0.323,0
2026-09-26T19:58:56Z,checkoutservice,619.0,1500,0.8,0.4126666666666667,0
2026-09-26T19:58:56Z,productcatalogservice,387.0,600,0.95,0.645,0
2026-09-26T19:58:56Z,paymentservice,37.0,150,0.8,0.24666666666666667,0
2026-09-26T19:58:56Z,recommendationservice,986.0,2000,0.8,0.493,0
2026-09-26T19:58:56Z,shippingservice,76.0,400,0.8,0.19,0
2026-09-26T19:58:56Z,currencyservice,389.0,500,0.8,0.778,0
2026-09-26T19:58:56Z,emailservice,63.0,150,0.8,0.42,0
2026-09-26T19:58:56Z,adservice,107.0,600,0.8,0.17833333333333334,0
2026-09-26T19:58:56Z,redis-cart,37.0,500,0.8,0.074,0
2026-09-26T19:58:57Z,frontend,276.8,1150,0.8,0.24069565217391306,0
2026-09-26T19:58:57Z,cartservice,370.0,1000,0.95,0.37,0
2026-09-26T19:58:57Z,checkoutservice,694.0,1500,0.8,0.46266666666666667,0
2026-09-26T19:58:57Z,productcatalogservice,387.0,600,0.95,0.645,0
2026-09-26T19:58:57Z,paymentservice,39.0,150,0.8,0.26,0
2026-09-26T19:58:57Z,recommendationservice,928.0,2000,0.8,0.464,0
2026-09-26T19:58:57Z,shippingservice,76.0,400,0.8,0.19,0
2026-09-26T19:58:57Z,currencyservice,364.0,500,0.8,0.728,0
2026-09-26T19:58:57Z,emailservice,85.0,150,0.8,0.5666666666666667,0
2026-09-26T19:58:57Z,adservice,119.0,600,0.8,0.19833333333333333,0
2026-09-26T19:58:57Z,redis-cart,35.0,500,0.8,0.07,0
2026-09-26T19:58:58Z,frontend,280.2,1150,0.8,0.24365217391304347,0
2026-09-26T19:58:58Z,cartservice,370.0,1000,0.95,0.37,0
2026-09-26T19:58:58Z,checkoutservice,694.0,1500,0.8,0.46266666666666667,0
2026-09-26T19:58:58Z,productcatalogservice,398.0,600,0.95,0.6633333333333333,0
2026-09-26T19:58:58Z,paymentservice,39.0,150,0.8,0.26,0
2026-09-26T19:58:58Z,recommendationservice,936.0,2000,0.8,0.468,0
2026-09-26T19:58:58Z,shippingservice,110.0,400,0.8,0.275,0
2026-09-26T19:58:58Z,currencyservice,397.0,500,0.8,0.794,0
2026-09-26T19:58:58Z,emailservice,70.0,150,0.8,0.4666666666666667,0
2026-09-26T19:58:58Z,adservice,119.0,600,0.8,0.19833333333333333,0
2026-09-26T19:58:58Z,redis-cart,35.0,500,0.8,0.07,0
2026-09-26T19:58:59Z,frontend,291.0,1150,0.8,0.2530434782608696,0
2026-09-26T19:58:59Z,cartservice,332.0,1000,0.95,0.332,0
2026-09-26T19:58:59Z,checkoutservice,680.0,1500,0.8,0.4533333333333333,0
2026-09-26T19:58:59Z,productcatalogservice,398.0,600,0.95,0.6633333333333333,0
2026-09-26T19:58:59Z,paymentservice,41.0,150,0.8,0.2733333333333333,0
2026-09-26T19:58:59Z,recommendationservice,936.0,2000,0.8,0.468,0
2026-09-26T19:58:59Z,shippingservice,87.0,400,0.8,0.2175,0
2026-09-26T19:58:59Z,currencyservice,417.0,500,0.8,0.834,1
2026-09-26T19:58:59Z,emailservice,70.0,150,0.8,0.4666666666666667,0
2026-09-26T19:58:59Z,adservice,131.0,600,0.8,0.21833333333333332,0
2026-09-26T19:58:59Z,redis-cart,37.0,500,0.8,0.074,0
2026-09-26T19:59:00Z,frontend,283.8,1150,0.8,0.2467826086956522,0
2026-09-26T19:59:00Z,cartservice,354.0,1000,0.95,0.354,0
2026-09-26T19:59:00Z,checkoutservice,664.0,1500,0.8,0.44266666666666665,0
2026-09-26T19:59:00Z,productcatalogservice,399.0,600,0.95,0.665,0
2026-09-26T19:59:00Z,paymentservice,40.0,150,0.8,0.26666666666666666,0
2026-09-26T19:59:00Z,recommendationservice,913.0,2000,0.8,0.4565,0
2026-09-26T19:59:00Z,shippingservice,87.0,400,0.8,0.2175,0
2026-09-26T19:59:00Z,currencyservice,417.0,500,0.8,0.834,1
2026-09-26T19:59:00Z,emailservice,79.0,150,0.8,0.5266666666666666,0
2026-09-26T19:59:00Z,adservice,131.0,600,0.8,0.21833333333333332,0
2026-09-26T19:59:00Z,redis-cart,37.0,500,0.8,0.074,0
2026-09-26T19:59:01Z,frontend,286.8,1150,0.8,0.2493913043478261,0
2026-09-26T19:59:01Z,cartservice,354.0,1000,0.95,0.354,0
2026-09-26T19:59:01Z,checkoutservice,737.0,1500,0.8,0.49133333333333334,0
2026-09-26T19:59:01Z,productcatalogservice,381.0,600,0.95,0.635,0
2026-09-26T19:59:01Z,paymentservice,40.0,150,0.8,0.26666666666666666,0
2026-09-26T19:59:01Z,recommendationservice,913.0,2000,0.8,0.4565,0
2026-09-26T19:59:01Z,shippingservice,80.0,400,0.8,0.2,0
2026-09-26T19:59:01Z,currencyservice,373.0,500,0.8,0.746,0
2026-09-26T19:59:01Z,emailservice,93.0,150,0.8,0.62,0
2026-09-26T19:59:01Z,adservice,105.0,600,0.8,0.175,0
2026-09-26T19:59:01Z,redis-cart,37.0,500,0.8,0.074,0
2026-09-26T19:59:02Z,frontend,286.0,1150,0.8,0.24869565217391304,0
2026-09-26T19:59:02Z,cartservice,356.0,1000,0.95,0.356,0
2026-09-26T19:59:02Z,checkoutservice,737.0,1500,0.8,0.49133333333333334,0
2026-09-26T19:59:02Z,productcatalogservice,394.0,600,0.95,0.6566666666666666,0
2026-09-26T19:59:02Z,paymentservice,75.0,150,0.8,0.5,0
2026-09-26T19:59:02Z,recommendationservice,950.0,2000,0.8,0.475,0
2026-09-26T19:59:02Z,shippingservice,87.0,400,0.8,0.2175,0
2026-09-26T19:59:02Z,currencyservice,373.0,500,0.8,0.746,0
2026-09-26T19:59:02Z,emailservice,70.0,150,0.8,0.4666666666666667,0
2026-09-26T19:59:02Z,adservice,128.0,600,0.8,0.21333333333333335,0
2026-09-26T19:59:02Z,redis-cart,39.0,500,0.8,0.078,0
2026-09-26T19:59:03Z,frontend,284.2,1150,0.8,0.24713043478260868,0
2026-09-26T19:59:03Z,cartservice,345.0,1000,0.95,0.345,0
2026-09-26T19:59:03Z,checkoutservice,589.0,1500,0.8,0.39266666666666666,0
2026-09-26T19:59:03Z,productcatalogservice,394.0,600,0.95,0.6566666666666666,0
2026-09-26T19:59:03Z,paymentservice,38.0,150,0.8,0.25333333333333335,0
2026-09-26T19:59:03Z,recommendationservice,947.0,2000,0.8,0.4735,0
2026-09-26T19:59:03Z,shippingservice,87.0,400,0.8,0.2175,0
2026-09-26T19:59:03Z,currencyservice,406.0,500,0.8,0.812,1
2026-09-26T19:59:03Z,emailservice,69.0,150,0.8,0.46,0
2026-09-26T19:59:03Z,adservice,114.0,600,0.8,0.19,0
2026-09-26T19:59:03Z,redis-cart,38.0,500,0.8,0.076,0
2026-09-26T19:59:04Z,frontend,290.2,1150,0.8,0.2523478260869565,0
2026-09-26T19:59:04Z,cartservice,345.0,1000,0.95,0.345,0
2026-09-26T19:59:04Z,checkoutservice,616.0,1500,0.8,0.4106666666666667,0
2026-09-26T19:59:04Z,productcatalogservice,424.0,600,0.95,0.7066666666666667,0
2026-09-26T19:59:04Z,paymentservice,40.0,150,0.8,0.26666666666666666,0
2026-09-26T19:59:04Z,recommendationservice,947.0,2000,0.8,0.4735,0
2026-09-26T19:59:04Z,shippingservice,76.0,400,0.8,0.19,0
2026-09-26T19:59:04Z,currencyservice,397.0,500,0.8,0.794,0
2026-09-26T19:59:04Z,emailservice,84.0,150,0.8,0.56,0
2026-09-26T19:59:04Z,adservice,114.0,600,0.8,0.19,0
2026-09-26T19:59:04Z,redis-cart,38.0,500,0.8,0.076,0
2026-09-26T19:59:05Z,frontend,297.8,1150,0.8,0.2589565217391304,0
2026-09-26T19:59:05Z,cartservice,357.0,1000,0.95,0.357,0
2026-09-26T19:59:05Z,checkoutservice,616.0,1500,0.8,0.4106666666666667,0
2026-09-26T19:59:05Z,productcatalogservice,424.0,600,0.95,0.7066666666666667,0
2026-09-26T19:59:05Z,paymentservice,40.0,150,0.8,0.26666666666666666,0
2026-09-26T19:59:05Z,recommendationservice,882.0,2000,0.8,0.441,0
2026-09-26T19:59:05Z,shippingservice,90.0,400,0.8,0.225,0
2026-09-26T19:59:05Z,currencyservice,397.0,500,0.8,0.794,0
2026-09-26T19:59:05Z,emailservice,84.0,150,0.8,0.56,0
2026-09-26T19:59:05Z,adservice,123.0,600,0.8,0.205,0
2026-09-26T19:59:05Z,redis-cart,38.0,500,0.8,0.076,0
2026-09-26T19:59:06Z,frontend,284.8,1150,0.8,0.24765217391304348,0
2026-09-26T19:59:06Z,cartservice,321.0,1000,0.95,0.321,0
2026-09-26T19:59:06Z,checkoutservice,765.0,1500,0.8,0.51,0
2026-09-26T19:59:06Z,productcatalogservice,411.0,600,0.95,0.685,0
2026-09-26T19:59:06Z,paymentservice,44.0,150,0.8,0.29333333333333333,0
2026-09-26T19:59:06Z,recommendationservice,945.0,2000,0.8,0.4725,0
2026-09-26T19:59:06Z,shippingservice,90.0,400,0.8,0.225,0
2026-09-26T19:59:06Z,currencyservice,383.0,500,0.8,0.766,0
2026-09-26T19:59:06Z,emailservice,95.0,150,0.8,0.6333333333333333,0
2026-09-26T19:59:06Z,adservice,120.0,600,0.8,0.2,0
2026-09-26T19:59:06Z,redis-cart,42.0,500,0.8,0.084,0
2026-09-26T19:59:07Z,frontend,287.0,1150,0.8,0.24956521739130436,0
2026-09-26T19:59:07Z,cartservice,344.0,1000,0.95,0.344,0
2026-09-26T19:59:07Z,checkoutservice,651.0,1500,0.8,0.434,0
2026-09-26T19:59:07Z,productcatalogservice,411.0,600,0.95,0.685,0
2026-09-26T19:59:07Z,paymentservice,44.0,150,0.8,0.29333333333333333,0
2026-09-26T19:59:07Z,recommendationservice,945.0,2000,0.8,0.4725,0
2026-09-26T19:59:07Z,shippingservice,93.0,400,0.8,0.2325,0
2026-09-26T19:59:07Z,currencyservice,383.0,500,0.8,0.766,0
2026-09-26T19:59:07Z,emailservice,95.0,150,0.8,0.6333333333333333,0
2026-09-26T19:59:07Z,adservice,101.0,600,0.8,0.16833333333333333,0
2026-09-26T19:59:07Z,redis-cart,42.0,500,0.8,0.084,0
2026-09-26T19:59:08Z,frontend,292.2,1150,0.8,0.2540869565217391,0
2026-09-26T19:59:08Z,cartservice,344.0,1000,0.95,0.344,0
2026-09-26T19:59:08Z,checkoutservice,679.0,1500,0.8,0.45266666666666666,0
2026-09-26T19:59:08Z,productcatalogservice,423.0,600,0.95,0.705,0
2026-09-26T19:59:08Z,paymentservice,37.0,150,0.8,0.24666666666666667,0
2026-09-26T19:59:08Z,recommendationservice,952.0,2000,0.8,0.476,0
2026-09-26T19:59:08Z,shippingservice,93.0,400,0.8,0.2325,0
2026-09-26T19:59:08Z,currencyservice,395.0,500,0.8,0.79,0
2026-09-26T19:59:08Z,emailservice,73.0,150,0.8,0.4866666666666667,0
2026-09-26T19:59:08Z,adservice,116.0,600,0.8,0.19333333333333333,0
2026-09-26T19:59:08Z,redis-cart,36.0,500,0.8,0.072,0
2026-09-26T19:59:09Z,frontend,288.2,1150,0.8,0.2506086956521739,0
2026-09-26T19:59:09Z,cartservice,363.0,1000,0.95,0.363,0
2026-09-26T19:59:09Z,checkoutservice,679.0,1500,0.8,0.45266666666666666,0
2026-09-26T19:59:09Z,productcatalogservice,386.0,600,0.95,0.6433333333333333,0
2026-09-26T19:59:09Z,paymentservice,42.0,150,0.8,0.28,0
2026-09-26T19:59:09Z,recommendationservice,952.0,2000,0.8,0.476,0
2026-09-26T19:59:09Z,shippingservice,81.0,400,0.8,0.2025,0
2026-09-26T19:59:09Z,currencyservice,388.0,500,0.8,0.776,0
2026-09-26T19:59:09Z,emailservice,81.0,150,0.8,0.54,0
2026-09-26T19:59:09Z,adservice,116.0,600,0.8,0.19333333333333333,0
2026-09-26T19:59:09Z,redis-cart,38.0,500,0.8,0.076,0
2026-09-26T19:59:10Z,frontend,288.4,1150,0.8,0.25078260869565216,0
2026-09-26T19:59:10Z,cartservice,324.0,1000,0.95,0.324,0
2026-09-26T19:59:10Z,checkoutservice,776.0,1500,0.8,0.5173333333333333,0
2026-09-26T19:59:10Z,productcatalogservice,391.0,600,0.95,0.6516666666666666,0
2026-09-26T19:59:10Z,paymentservice,42.0,150,0.8,0.28,0
2026-09-26T19:59:10Z,recommendationservice,903.0,2000,0.8,0.4515,0
2026-09-26T19:59:10Z,shippingservice,68.0,400,0.8,0.17,0
2026-09-26T19:59:10Z,currencyservice,388.0,500,0.8,0.776,0
2026-09-26T19:59:10Z,emailservice,97.0,150,0.8,0.6466666666666666,0
2026-09-26T19:59:10Z,adservice,125.0,600,0.8,0.20833333333333334,0
2026-09-26T19:59:10Z,redis-cart,38.0,500,0.8,0.076,0
2026-09-26T19:59:11Z,frontend,298.2,1150,0.8,0.25930434782608697,0
2026-09-26T19:59:11Z,cartservice,324.0,1000,0.95,0.324,0
2026-09-26T19:59:11Z,checkoutservice,776.0,1500,0.8,0.5173333333333333,0
2026-09-26T19:59:11Z,productcatalogservice,391.0,600,0.95,0.6516666666666666,0
2026-09-26T19:59:11Z,paymentservice,39.0,150,0.8,0.26,0
2026-09-26T19:59:11Z,recommendationservice,914.0,2000,0.8,0.457,0
2026-09-26T19:59:11Z,shippingservice,68.0,400,0.8,0.17,0
2026-09-26T19:59:11Z,currencyservice,369.0,500,0.8,0.738,0
2026-09-26T19:59:11Z,emailservice,97.0,150,0.8,0.6466666666666666,0
2026-09-26T19:59:11Z,adservice,120.0,600,0.8,0.2,0
2026-09-26T19:59:11Z,redis-cart,38.0,500,0.8,0.076,0
2026-09-26T19:59:12Z,frontend,281.8,1150,0.8,0.24504347826086958,0
2026-09-26T19:59:12Z,cartservice,355.0,1000,0.95,0.355,0
2026-09-26T19:59:12Z,checkoutservice,637.0,1500,0.8,0.4246666666666667,0
2026-09-26T19:59:12Z,productcatalogservice,408.0,600,0.95,0.68,0
2026-09-26T19:59:12Z,paymentservice,52.0,150,0.8,0.3466666666666667,0
2026-09-26T19:59:12Z,recommendationservice,935.0,2000,0.8,0.4675,0
2026-09-26T19:59:12Z,shippingservice,88.0,400,0.8,0.22,0
2026-09-26T19:59:12Z,currencyservice,394.0,500,0.8,0.788,0
2026-09-26T19:59:12Z,emailservice,69.0,150,0.8,0.46,0
2026-09-26T19:59:12Z,adservice,120.0,600,0.8,0.2,0
2026-09-26T19:59:12Z,redis-cart,38.0,500,0.8,0.076,0
2026-09-26T19:59:13Z,frontend,286.0,1150,0.8,0.24869565217391304,0
2026-09-26T19:59:13Z,cartservice,333.0,1000,0.95,0.333,0
2026-09-26T19:59:13Z,checkoutservice,637.0,1500,0.8,0.4246666666666667,0
2026-09-26T19:59:13Z,productcatalogservice,423.0,600,0.95,0.705,0
2026-09-26T19:59:13Z,paymentservice,52.0,150,0.8,0.3466666666666667,0
2026-09-26T19:59:13Z,recommendationservice,935.0,2000,0.8,0.4675,0
2026-09-26T19:59:13Z,shippingservice,76.0,400,0.8,0.19,0
2026-09-26T19:59:13Z,currencyservice,388.0,500,0.8,0.776,0
2026-09-26T19:59:13Z,emailservice,66.0,150,0.8,0.44,0
2026-09-26T19:59:13Z,adservice,121.0,600,0.8,0.20166666666666666,0
2026-09-26T19:59:13Z,redis-cart,37.0,500,0.8,0.074,0
2026-09-26T19:59:14Z,frontend,279.8,1150,0.8,0.24330434782608695,0
2026-09-26T19:59:14Z,cartservice,296.0,1000,0.95,0.296,0
2026-09-26T19:59:14Z,checkoutservice,658.0,1500,0.8,0.43866666666666665,0
2026-09-26T19:59:14Z,productcatalogservice,419.0,600,0.95,0.6983333333333334,0
2026-09-26T19:59:14Z,paymentservice,45.0,150,0.8,0.3,0
2026-09-26T19:59:14Z,recommendationservice,923.0,2000,0.8,0.4615,0
2026-09-26T19:59:14Z,shippingservice,76.0,400,0.8,0.19,0
2026-09-26T19:59:14Z,currencyservice,388.0,500,0.8,0.776,0
2026-09-26T19:59:14Z,emailservice,66.0,150,0.8,0.44,0
2026-09-26T19:59:14Z,adservice,140.0,600,0.8,0.23333333333333334,0
2026-09-26T19:59:14Z,redis-cart,37.0,500,0.8,0.074,0
2026-09-26T19:59:15Z,frontend,281.0,1150,0.8,0.24434782608695652,0
2026-09-26T19:59:15Z,cartservice,296.0,1000,0.95,0.296,0
2026-09-26T19:59:15Z,checkoutservice,658.0,1500,0.8,0.43866666666666665,0
2026-09-26T19:59:15Z,productcatalogservice,419.0,600,0.95,0.6983333333333334,0
2026-09-26T19:59:15Z,paymentservice,45.0,150,0.8,0.3,0
2026-09-26T19:59:15Z,recommendationservice,937.0,2000,0.8,0.4685,0
2026-09-26T19:59:15Z,shippingservice,87.0,400,0.8,0.2175,0
2026-09-26T19:59:15Z,currencyservice,365.0,500,0.8,0.73,0
2026-09-26T19:59:15Z,emailservice,98.0,150,0.8,0.6533333333333333,0
2026-09-26T19:59:15Z,adservice,105.0,600,0.8,0.175,0
2026-09-26T19:59:15Z,redis-cart,38.0,500,0.8,0.076,0
2026-09-26T19:59:16Z,frontend,277.6,1150,0.8,0.2413913043478261,0
2026-09-26T19:59:16Z,cartservice,327.0,1000,0.95,0.327,0
2026-09-26T19:59:16Z,checkoutservice,715.0,1500,0.8,0.4766666666666667,0
2026-09-26T19:59:16Z,productcatalogservice,396.0,600,0.95,0.66,0
2026-09-26T19:59:16Z,paymentservice,42.0,150,0.8,0.28,0
2026-09-26T19:59:16Z,recommendationservice,937.0,2000,0.8,0.4685,0
2026-09-26T19:59:16Z,shippingservice,87.0,400,0.8,0.2175,0
2026-09-26T19:59:16Z,currencyservice,365.0,500,0.8,0.73,0
2026-09-26T19:59:16Z,emailservice,71.0,150,0.8,0.47333333333333333,0
2026-09-26T19:59:16Z,adservice,105.0,600,0.8,0.175,0
2026-09-26T19:59:16Z,redis-cart,38.0,500,0.8,0.076,0
2026-09-26T19:59:17Z,frontend,286.6,1150,0.8,0.24921739130434784,0
2026-09-26T19:59:17Z,cartservice,327.0,1000,0.95,0.327,0
2026-09-26T19:59:17Z,checkoutservice,755.0,1500,0.8,0.5033333333333333,0
2026-09-26T19:59:17Z,productcatalogservice,369.0,600,0.95,0.615,0
2026-09-26T19:59:17Z,paymentservice,38.0,150,0.8,0.25333333333333335,0
2026-09-26T19:59:17Z,recommendationservice,925.0,2000,0.8,0.4625,0
2026-09-26T19:59:17Z,shippingservice,91.0,400,0.8,0.2275,0
2026-09-26T19:59:17Z,currencyservice,365.0,500,0.8,0.73,0
2026-09-26T19:59:17Z,emailservice,71.0,150,0.8,0.47333333333333333,0
2026-09-26T19:59:17Z,adservice,112.0,600,0.8,0.18666666666666668,0
2026-09-26T19:59:17Z,redis-cart,38.0,500,0.8,0.076,0
2026-09-26T19:59:18Z,frontend,280.4,1150,0.8,0.24382608695652172,0
2026-09-26T19:59:18Z,cartservice,308.0,1000,0.95,0.308,0
2026-09-26T19:59:18Z,checkoutservice,602.0,1500,0.8,0.4013333333333333,0
2026-09-26T19:59:18Z,productcatalogservice,369.0,600,0.95,0.615,0
2026-09-26T19:59:18Z,paymentservice,33.0,150,0.8,0.22,0
2026-09-26T19:59:18Z,recommendationservice,939.0,2000,0.8,0.4695,0
2026-09-26T19:59:18Z,shippingservice,85.0,400,0.8,0.2125,0
2026-09-26T19:59:18Z,currencyservice,383.0,500,0.8,0.766,0
2026-09-26T19:59:18Z,emailservice,72.0,150,0.8,0.48,0
2026-09-26T19:59:18Z,adservice,118.0,600,0.8,0.19666666666666666,0
2026-09-26T19:59:18Z,redis-cart,36.0,500,0.8,0.072,0
2026-09-26T19:59:19Z,frontend,281.8,1150,0.8,0.24504347826086958,0
2026-09-26T19:59:19Z,cartservice,358.0,1000,0.95,0.358,0
2026-09-26T19:59:19Z,checkoutservice,645.0,1500,0.8,0.43,0
2026-09-26T19:59:19Z,productcatalogservice,422.0,600,0.95,0.7033333333333334,0
2026-09-26T19:59:19Z,paymentservice,33.0,150,0.8,0.22,0
2026-09-26T19:59:19Z,recommendationservice,941.0,2000,0.8,0.4705,0
2026-09-26T19:59:19Z,shippingservice,85.0,400,0.8,0.2125,0
2026-09-26T19:59:19Z,currencyservice,419.0,500,0.8,0.838,1
2026-09-26T19:59:19Z,emailservice,58.0,150,0.8,0.38666666666666666,0
2026-09-26T19:59:19Z,adservice,118.0,600,0.8,0.19666666666666666,0
2026-09-26T19:59:19Z,redis-cart,37.0,500,0.8,0.074,0
2026-09-26T19:59:20Z,frontend,289.8,1150,0.8,0.252,0
2026-09-26T19:59:20Z,cartservice,358.0,1000,0.95,0.358,0
2026-09-26T19:59:20Z,checkoutservice,645.0,1500,0.8,0.43,0
2026-09-26T19:59:20Z,productcatalogservice,397.0,600,0.95,0.6616666666666666,0
2026-09-26T19:59:20Z,paymentservice,35.0,150,0.8,0.23333333333333334,0
2026-09-26T19:59:20Z,recommendationservice,947.0,2000,0.8,0.4735,0
2026-09-26T19:59:20Z,shippingservice,78.0,400,0.8,0.195,0
2026-09-26T19:59:20Z,currencyservice,355.0,500,0.8,0.71,0
2026-09-26T19:59:20Z,emailservice,85.0,150,0.8,0.5666666666666667,0
2026-09-26T19:59:20Z,adservice,125.0,600,0.8,0.20833333333333334,0
2026-09-26T19:59:20Z,redis-cart,37.0,500,0.8,0.074,0
2026-09-26T19:59:21Z,frontend,287.0,1150,0.8,0.24956521739130436,0
2026-09-26T19:59:21Z,cartservice,332.0,1000,0.95,0.332,0
2026-09-26T19:59:21Z,checkoutservice,703.0,1500,0.8,0.4686666666666667,0
2026-09-26T19:59:21Z,productcatalogservice,397.0,600,0.95,0.6616666666666666,0
2026-09-26T19:59:21Z,paymentservice,35.0,150,0.8,0.23333333333333334,0
2026-09-26T19:59:21Z,recommendationservice,947.0,2000,0.8,0.4735,0
2026-09-26T19:59:21Z,shippingservice,76.0,400,0.8,0.19,0
2026-09-26T19:59:21Z,currencyservice,355.0,500,0.8,0.71,0
2026-09-26T19:59:21Z,emailservice,85.0,150,0.8,0.5666666666666667,0
2026-09-26T19:59:21Z,adservice,110.0,600,0.8,0.18333333333333332,0
2026-09-26T19:59:21Z,redis-cart,36.0,500,0.8,0.072,0
2026-09-26T19:59:22Z,frontend,277.8,1150,0.8,0.24156521739130435,0
2026-09-26T19:59:22Z,cartservice,332.0,1000,0.95,0.332,0
2026-09-26T19:59:22Z,checkoutservice,626.0,1500,0.8,0.41733333333333333,0
2026-09-26T19:59:22Z,productcatalogservice,393.0,600,0.95,0.655,0
2026-09-26T19:59:22Z,paymentservice,57.0,150,0.8,0.38,0
2026-09-26T19:59:22Z,recommendationservice,921.0,2000,0.8,0.4605,0
2026-09-26T19:59:22Z,shippingservice,76.0,400,0.8,0.19,0
2026-09-26T19:59:22Z,currencyservice,375.0,500,0.8,0.75,0
2026-09-26T19:59:22Z,emailservice,84.0,150,0.8,0.56,0
2026-09-26T19:59:22Z,adservice,120.0,600,0.8,0.2,0
2026-09-26T19:59:22Z,redis-cart,36.0,500,0.8,0.072,0
2026-09-26T19:59:23Z,frontend,278.0,1150,0.8,0.2417391304347826,0
2026-09-26T19:59:23Z,cartservice,372.0,1000,0.95,0.372,0
2026-09-26T19:59:23Z,checkoutservice,626.0,1500,0.8,0.41733333333333333,0
2026-09-26T19:59:23Z,productcatalogservice,402.0,600,0.95,0.67,0
2026-09-26T19:59:23Z,paymentservice,36.0,150,0.8,0.24,0
2026-09-26T19:59:23Z,recommendationservice,921.0,2000,0.8,0.4605,0
2026-09-26T19:59:23Z,shippingservice,92.0,400,0.8,0.23,0
2026-09-26T19:59:23Z,currencyservice,372.0,500,0.8,0.744,0
2026-09-26T19:59:23Z,emailservice,77.0,150,0.8,0.5133333333333333,0
2026-09-26T19:59:23Z,adservice,120.0,600,0.8,0.2,0
2026-09-26T19:59:23Z,redis-cart,39.0,500,0.8,0.078,0
2026-09-26T19:59:24Z,frontend,282.8,1150,0.8,0.24591304347826087,0
2026-09-26T19:59:24Z,cartservice,323.0,1000,0.95,0.323,0
2026-09-26T19:59:24Z,checkoutservice,800.0,1500,0.8,0.5333333333333333,0
2026-09-26T19:59:24Z,productcatalogservice,402.0,600,0.95,0.67,0
2026-09-26T19:59:24Z,paymentservice,41.0,150,0.8,0.2733333333333333,0
2026-09-26T19:59:24Z,recommendationservice,931.0,2000,0.8,0.4655,0
2026-09-26T19:59:24Z,shippingservice,90.0,400,0.8,0.225,0
2026-09-26T19:59:24Z,currencyservice,398.0,500,0.8,0.796,0
2026-09-26T19:59:24Z,emailservice,77.0,150,0.8,0.5133333333333333,0
2026-09-26T19:59:24Z,adservice,124.0,600,0.8,0.20666666666666667,0
2026-09-26T19:59:24Z,redis-cart,36.0,500,0.8,0.072,0
2026-09-26T19:59:25Z,frontend,276.6,1150,0.8,0.24052173913043481,0
2026-09-26T19:59:25Z,cartservice,323.0,1000,0.95,0.323,0
2026-09-26T19:59:25Z,checkoutservice,705.0,1500,0.8,0.47,0
2026-09-26T19:59:25Z,productcatalogservice,413.0,600,0.95,0.6883333333333334,0
2026-09-26T19:59:25Z,paymentservice,41.0,150,0.8,0.2733333333333333,0
2026-09-26T19:59:25Z,recommendationservice,932.0,2000,0.8,0.466,0
2026-09-26T19:59:25Z,shippingservice,90.0,400,0.8,0.225,0
2026-09-26T19:59:25Z,currencyservice,351.0,500,0.8,0.702,0
2026-09-26T19:59:25Z,emailservice,69.0,150,0.8,0.46,0
2026-09-26T19:59:25Z,adservice,124.0,600,0.8,0.20666666666666667,0
2026-09-26T19:59:25Z,redis-cart,36.0,500,0.8,0.072,0
2026-09-26T19:59:26Z,frontend,290.6,1150,0.8,0.25269565217391304,0
2026-09-26T19:59:26Z,cartservice,337.0,1000,0.95,0.337,0
2026-09-26T19:59:26Z,checkoutservice,705.0,1500,0.8,0.47,0
2026-09-26T19:59:26Z,productcatalogservice,413.0,600,0.95,0.6883333333333334,0
2026-09-26T19:59:26Z,paymentservice,36.0,150,0.8,0.24,0
2026-09-26T19:59:26Z,recommendationservice,892.0,2000,0.8,0.446,0
2026-09-26T19:59:26Z,shippingservice,85.0,400,0.8,0.2125,0
2026-09-26T19:59:26Z,currencyservice,351.0,500,0.8,0.702,0
2026-09-26T19:59:26Z,emailservice,98.0,150,0.8,0.6533333333333333,0
2026-09-26T19:59:26Z,adservice,110.0,600,0.8,0.18333333333333332,0
2026-09-26T19:59:26Z,redis-cart,36.0,500,0.8,0.072,0
2026-09-26T19:59:27Z,frontend,281.4,1150,0.8,0.24469565217391304,0
2026-09-26T19:59:27Z,cartservice,300.0,1000,0.95,0.3,0
2026-09-26T19:59:27Z,checkoutservice,695.0,1500,0.8,0.4633333333333333,0
2026-09-26T19:59:27Z,productcatalogservice,408.0,600,0.95,0.68,0
2026-09-26T19:59:27Z,paymentservice,36.0,150,0.8,0.24,0
2026-09-26T19:59:27Z,recommendationservice,892.0,2000,0.8,0.446,0
2026-09-26T19:59:27Z,shippingservice,123.0,400,0.8,0.3075,0
2026-09-26T19:59:27Z,currencyservice,381.0,500,0.8,0.762,0
2026-09-26T19:59:27Z,emailservice,98.0,150,0.8,0.6533333333333333,0
2026-09-26T19:59:27Z,adservice,112.0,600,0.8,0.18666666666666668,0
2026-09-26T19:59:27Z,redis-cart,41.0,500,0.8,0.082,0
2026-09-26T19:59:28Z,frontend,277.0,1150,0.8,0.2408695652173913,0
2026-09-26T19:59:28Z,cartservice,304.0,1000,0.95,0.304,0
2026-09-26T19:59:28Z,checkoutservice,792.0,1500,0.8,0.528,0
2026-09-26T19:59:28Z,productcatalogservice,409.0,600,0.95,0.6816666666666666,0
2026-09-26T19:59:28Z,paymentservice,44.0,150,0.8,0.29333333333333333,0
2026-09-26T19:59:28Z,recommendationservice,905.0,2000,0.8,0.4525,0
2026-09-26T19:59:28Z,shippingservice,123.0,400,0.8,0.3075,0
2026-09-26T19:59:28Z,currencyservice,381.0,500,0.8,0.762,0
2026-09-26T19:59:28Z,emailservice,75.0,150,0.8,0.5,0
2026-09-26T19:59:28Z,adservice,112.0,600,0.8,0.18666666666666668,0
2026-09-26T19:59:28Z,redis-cart,36.0,500,0.8,0.072,0
2026-09-26T19:59:29Z,frontend,291.8,1150,0.8,0.25373913043478263,0
2026-09-26T19:59:29Z,cartservice,304.0,1000,0.95,0.304,0
2026-09-26T19:59:29Z,checkoutservice,792.0,1500,0.8,0.528,0
2026-09-26T19:59:29Z,productcatalogservice,409.0,600,0.95,0.6816666666666666,0
2026-09-26T19:59:29Z,paymentservice,44.0,150,0.8,0.29333333333333333,0
2026-09-26T19:59:29Z,recommendationservice,905.0,2000,0.8,0.4525,0
2026-09-26T19:59:29Z,shippingservice,83.0,400,0.8,0.2075,0
2026-09-26T19:59:29Z,currencyservice,410.0,500,0.8,0.82,1
2026-09-26T19:59:29Z,emailservice,91.0,150,0.8,0.6066666666666667,0
2026-09-26T19:59:29Z,adservice,124.0,600,0.8,0.20666666666666667,0
2026-09-26T19:59:29Z,redis-cart,36.0,500,0.8,0.072,0
2026-09-26T19:59:30Z,frontend,292.2,1150,0.8,0.2540869565217391,0
2026-09-26T19:59:30Z,cartservice,360.0,1000,0.95,0.36,0
2026-09-26T19:59:30Z,checkoutservice,736.0,1500,0.8,0.49066666666666664,0
2026-09-26T19:59:30Z,productcatalogservice,375.0,600,0.95,0.625,0
2026-09-26T19:59:30Z,paymentservice,40.0,150,0.8,0.26666666666666666,0
2026-09-26T19:59:30Z,recommendationservice,923.0,2000,0.8,0.4615,0
2026-09-26T19:59:30Z,shippingservice,83.0,400,0.8,0.2075,0
2026-09-26T19:59:30Z,currencyservice,410.0,500,0.8,0.82,1
2026-09-26T19:59:30Z,emailservice,91.0,150,0.8,0.6066666666666667,0
2026-09-26T19:59:30Z,adservice,131.0,600,0.8,0.21833333333333332,0
2026-09-26T19:59:30Z,redis-cart,39.0,500,0.8,0.078,0
2026-09-26T19:59:31Z,frontend,286.2,1150,0.8,0.2488695652173913,0
2026-09-26T19:59:31Z,cartservice,342.0,1000,0.95,0.342,0
2026-09-26T19:59:31Z,checkoutservice,665.0,1500,0.8,0.44333333333333336,0
2026-09-26T19:59:31Z,productcatalogservice,419.0,600,0.95,0.6983333333333334,0
2026-09-26T19:59:31Z,paymentservice,48.0,150,0.8,0.32,0
2026-09-26T19:59:31Z,recommendationservice,946.0,2000,0.8,0.473,0
2026-09-26T19:59:31Z,shippingservice,81.0,400,0.8,0.2025,0
2026-09-26T19:59:31Z,currencyservice,385.0,500,0.8,0.77,0
2026-09-26T19:59:31Z,emailservice,86.0,150,0.8,0.5733333333333334,0
2026-09-26T19:59:31Z,adservice,131.0,600,0.8,0.21833333333333332,0
2026-09-26T19:59:31Z,redis-cart,37.0,500,0.8,0.074,0
2026-09-26T19:59:32Z,frontend,290.8,1150,0.8,0.2528695652173913,0
2026-09-26T19:59:32Z,cartservice,337.0,1000,0.95,0.337,0
2026-09-26T19:59:32Z,checkoutservice,746.0,1500,0.8,0.49733333333333335,0
2026-09-26T19:59:32Z,productcatalogservice,428.0,600,0.95,0.7133333333333334,0
2026-09-26T19:59:32Z,paymentservice,48.0,150,0.8,0.32,0
2026-09-26T19:59:32Z,recommendationservice,905.0,2000,0.8,0.4525,0
2026-09-26T19:59:32Z,shippingservice,81.0,400,0.8,0.2025,0
2026-09-26T19:59:32Z,currencyservice,416.0,500,0.8,0.832,1
2026-09-26T19:59:32Z,emailservice,80.0,150,0.8,0.5333333333333333,0
2026-09-26T19:59:32Z,adservice,131.0,600,0.8,0.21833333333333332,0
2026-09-26T19:59:32Z,redis-cart,37.0,500,0.8,0.074,0
2026-09-26T19:59:33Z,frontend,303.4,1150,0.8,0.2638260869565217,0
2026-09-26T19:59:33Z,cartservice,366.0,1000,0.95,0.366,0
2026-09-26T19:59:33Z,checkoutservice,746.0,1500,0.8,0.49733333333333335,0
2026-09-26T19:59:33Z,productcatalogservice,428.0,600,0.95,0.7133333333333334,0
2026-09-26T19:59:33Z,paymentservice,40.0,150,0.8,0.26666666666666666,0
2026-09-26T19:59:33Z,recommendationservice,905.0,2000,0.8,0.4525,0
2026-09-26T19:59:33Z,shippingservice,89.0,400,0.8,0.2225,0
2026-09-26T19:59:33Z,currencyservice,416.0,500,0.8,0.832,1
2026-09-26T19:59:33Z,emailservice,72.0,150,0.8,0.48,0
2026-09-26T19:59:33Z,adservice,131.0,600,0.8,0.21833333333333332,0
2026-09-26T19:59:33Z,redis-cart,38.0,500,0.8,0.076,0
2026-09-26T19:59:34Z,frontend,290.0,1150,0.8,0.25217391304347825,0
2026-09-26T19:59:34Z,cartservice,366.0,1000,0.95,0.366,0
2026-09-26T19:59:34Z,checkoutservice,663.0,1500,0.8,0.442,0
2026-09-26T19:59:34Z,productcatalogservice,400.0,600,0.95,0.6666666666666666,0
2026-09-26T19:59:34Z,paymentservice,40.0,150,0.8,0.26666666666666666,0
2026-09-26T19:59:34Z,recommendationservice,939.0,2000,0.8,0.4695,0
2026-09-26T19:59:34Z,shippingservice,74.0,400,0.8,0.185,0
2026-09-26T19:59:34Z,currencyservice,399.0,500,0.8,0.798,0
2026-09-26T19:59:34Z,emailservice,77.0,150,0.8,0.5133333333333333,0
2026-09-26T19:59:34Z,adservice,118.0,600,0.8,0.19666666666666666,0
2026-09-26T19:59:34Z,redis-cart,38.0,500,0.8,0.076,0
2026-09-26T19:59:35Z,frontend,285.0,1150,0.8,0.24782608695652175,0
2026-09-26T19:59:35Z,cartservice,381.0,1000,0.95,0.381,0
2026-09-26T19:59:35Z,checkoutservice,682.0,1500,0.8,0.45466666666666666,0
2026-09-26T19:59:35Z,productcatalogservice,400.0,600,0.95,0.6666666666666666,0
2026-09-26T19:59:35Z,paymentservice,36.0,150,0.8,0.24,0
2026-09-26T19:59:35Z,recommendationservice,939.0,2000,0.8,0.4695,0
2026-09-26T19:59:35Z,shippingservice,80.0,400,0.8,0.2,0
2026-09-26T19:59:35Z,currencyservice,384.0,500,0.8,0.768,0
2026-09-26T19:59:35Z,emailservice,77.0,150,0.8,0.5133333333333333,0
2026-09-26T19:59:35Z,adservice,118.0,600,0.8,0.19666666666666666,0
2026-09-26T19:59:35Z,redis-cart,39.0,500,0.8,0.078,0
2026-09-26T19:59:36Z,frontend,282.6,1150,0.8,0.24573913043478263,0
2026-09-26T19:59:36Z,cartservice,357.0,1000,0.95,0.357,0
2026-09-26T19:59:36Z,checkoutservice,682.0,1500,0.8,0.45466666666666666,0
2026-09-26T19:59:36Z,productcatalogservice,413.0,600,0.95,0.6883333333333334,0
2026-09-26T19:59:36Z,paymentservice,46.0,150,0.8,0.30666666666666664,0
2026-09-26T19:59:36Z,recommendationservice,955.0,2000,0.8,0.4775,0
2026-09-26T19:59:36Z,shippingservice,80.0,400,0.8,0.2,0
2026-09-26T19:59:36Z,currencyservice,405.0,500,0.8,0.81,1
2026-09-26T19:59:36Z,emailservice,86.0,150,0.8,0.5733333333333334,0
2026-09-26T19:59:36Z,adservice,116.0,600,0.8,0.19333333333333333,0
2026-09-26T19:59:36Z,redis-cart,36.0,500,0.8,0.072,0
2026-09-26T19:59:37Z,frontend,287.6,1150,0.8,0.2500869565217391,0
2026-09-26T19:59:37Z,cartservice,357.0,1000,0.95,0.357,0
2026-09-26T19:59:37Z,checkoutservice,716.0,1500,0.8,0.47733333333333333,0
2026-09-26T19:59:37Z,productcatalogservice,409.0,600,0.95,0.6816666666666666,0
2026-09-26T19:59:37Z,paymentservice,37.0,150,0.8,0.24666666666666667,0
2026-09-26T19:59:37Z,recommendationservice,930.0,2000,0.8,0.465,0
2026-09-26T19:59:37Z,shippingservice,100.0,400,0.8,0.25,0
2026-09-26T19:59:37Z,currencyservice,405.0,500,0.8,0.81,1
2026-09-26T19:59:37Z,emailservice,86.0,150,0.8,0.5733333333333334,0
2026-09-26T19:59:37Z,adservice,116.0,600,0.8,0.19333333333333333,0
2026-09-26T19:59:37Z,redis-cart,38.0,500,0.8,0.076,0
2026-09-26T19:59:38Z,frontend,283.6,1150,0.8,0.24660869565217394,0
2026-09-26T19:59:38Z,cartservice,353.0,1000,0.95,0.353,0
2026-09-26T19:59:38Z,checkoutservice,609.0,1500,0.8,0.406,0
2026-09-26T19:59:38Z,productcatalogservice,409.0,600,0.95,0.6816666666666666,0
2026-09-26T19:59:38Z,paymentservice,37.0,150,0.8,0.24666666666666667,0
2026-09-26T19:59:38Z,recommendationservice,938.0,2000,0.8,0.469,0
2026-09-26T19:59:38Z,shippingservice,84.0,400,0.8,0.21,0
2026-09-26T19:59:38Z,currencyservice,400.0,500,0.8,0.8,0
2026-09-26T19:59:38Z,emailservice,72.0,150,0.8,0.48,0
2026-09-26T19:59:38Z,adservice,118.0,600,0.8,0.19666666666666666,0
2026-09-26T19:59:38Z,redis-cart,38.0,500,0.8,0.076,0
2026-09-26T19:59:39Z,frontend,291.6,1150,0.8,0.2535652173913044,0
2026-09-26T19:59:39Z,cartservice,338.0,1000,0.95,0.338,0
2026-09-26T19:59:39Z,checkoutservice,854.0,1500,0.8,0.5693333333333334,0
2026-09-26T19:59:39Z,productcatalogservice,395.0,600,0.95,0.6583333333333333,0
2026-09-26T19:59:39Z,paymentservice,39.0,150,0.8,0.26,0
2026-09-26T19:59:39Z,recommendationservice,938.0,2000,0.8,0.469,0
2026-09-26T19:59:39Z,shippingservice,84.0,400,0.8,0.21,0
2026-09-26T19:59:39Z,currencyservice,400.0,500,0.8,0.8,0
2026-09-26T19:59:39Z,emailservice,78.0,150,0.8,0.52,0
2026-09-26T19:59:39Z,adservice,117.0,600,0.8,0.195,0
2026-09-26T19:59:39Z,redis-cart,38.0,500,0.8,0.076,0
2026-09-26T19:59:40Z,frontend,282.4,1150,0.8,0.24556521739130432,0
2026-09-26T19:59:40Z,cartservice,309.0,1000,0.95,0.309,0
2026-09-26T19:59:40Z,checkoutservice,854.0,1500,0.8,0.5693333333333334,0
2026-09-26T19:59:40Z,productcatalogservice,378.0,600,0.95,0.63,0
2026-09-26T19:59:40Z,paymentservice,39.0,150,0.8,0.26,0
2026-09-26T19:59:40Z,recommendationservice,971.0,2000,0.8,0.4855,0
2026-09-26T19:59:40Z,shippingservice,71.0,400,0.8,0.1775,0
2026-09-26T19:59:40Z,currencyservice,381.0,500,0.8,0.762,0
2026-09-26T19:59:40Z,emailservice,78.0,150,0.8,0.52,0
2026-09-26T19:59:40Z,adservice,117.0,600,0.8,0.195,0
2026-09-26T19:59:40Z,redis-cart,38.0,500,0.8,0.076,0
2026-09-26T19:59:41Z,frontend,279.8,1150,0.8,0.24330434782608695,0
2026-09-26T19:59:41Z,cartservice,309.0,1000,0.95,0.309,0
2026-09-26T19:59:41Z,checkoutservice,614.0,1500,0.8,0.4093333333333333,0
2026-09-26T19:59:41Z,productcatalogservice,401.0,600,0.95,0.6683333333333333,0
2026-09-26T19:59:41Z,paymentservice,33.0,150,0.8,0.22,0
2026-09-26T19:59:41Z,recommendationservice,943.0,2000,0.8,0.4715,0
2026-09-26T19:59:41Z,shippingservice,89.0,400,0.8,0.2225,0
2026-09-26T19:59:41Z,currencyservice,408.0,500,0.8,0.816,1
2026-09-26T19:59:41Z,emailservice,92.0,150,0.8,0.6133333333333333,0
2026-09-26T19:59:41Z,adservice,125.0,600,0.8,0.20833333333333334,0
2026-09-26T19:59:41Z,redis-cart,40.0,500,0.8,0.08,0
2026-09-26T19:59:42Z,frontend,294.4,1150,0.8,0.256,0
2026-09-26T19:59:42Z,cartservice,349.0,1000,0.95,0.349,0
2026-09-26T19:59:42Z,checkoutservice,614.0,1500,0.8,0.4093333333333333,0
2026-09-26T19:59:42Z,productcatalogservice,401.0,600,0.95,0.6683333333333333,0
2026-09-26T19:59:42Z,paymentservice,60.0,150,0.8,0.4,0
2026-09-26T19:59:42Z,recommendationservice,924.0,2000,0.8,0.462,0
2026-09-26T19:59:42Z,shippingservice,89.0,400,0.8,0.2225,0
2026-09-26T19:59:42Z,currencyservice,408.0,500,0.8,0.816,1
2026-09-26T19:59:42Z,emailservice,92.0,150,0.8,0.6133333333333333,0
2026-09-26T19:59:42Z,adservice,125.0,600,0.8,0.20833333333333334,0
2026-09-26T19:59:42Z,redis-cart,36.0,500,0.8,0.072,0
2026-09-26T19:59:43Z,frontend,285.2,1150,0.8,0.248,0
2026-09-26T19:59:43Z,cartservice,349.0,1000,0.95,0.349,0
2026-09-26T19:59:43Z,checkoutservice,753.0,1500,0.8,0.502,0
2026-09-26T19:59:43Z,productcatalogservice,394.0,600,0.95,0.6566666666666666,0
2026-09-26T19:59:43Z,paymentservice,60.0,150,0.8,0.4,0
2026-09-26T19:59:43Z,recommendationservice,924.0,2000,0.8,0.462,0
2026-09-26T19:59:43Z,shippingservice,102.0,400,0.8,0.255,0
2026-09-26T19:59:43Z,currencyservice,380.0,500,0.8,0.76,0
2026-09-26T19:59:43Z,emailservice,80.0,150,0.8,0.5333333333333333,0
2026-09-26T19:59:43Z,adservice,119.0,600,0.8,0.19833333333333333,0
2026-09-26T19:59:43Z,redis-cart,36.0,500,0.8,0.072,0
2026-09-26T19:59:44Z,frontend,275.2,1150,0.8,0.23930434782608695,0
2026-09-26T19:59:44Z,cartservice,307.0,1000,0.95,0.307,0
2026-09-26T19:59:44Z,checkoutservice,651.0,1500,0.8,0.434,0
2026-09-26T19:59:44Z,productcatalogservice,409.0,600,0.95,0.6816666666666666,0
2026-09-26T19:59:44Z,paymentservice,45.0,150,0.8,0.3,0
2026-09-26T19:59:44Z,recommendationservice,964.0,2000,0.8,0.482,0
2026-09-26T19:59:44Z,shippingservice,84.0,400,0.8,0.21,0
2026-09-26T19:59:44Z,currencyservice,377.0,500,0.8,0.754,0
2026-09-26T19:59:44Z,emailservice,73.0,150,0.8,0.4866666666666667,0
2026-09-26T19:59:44Z,adservice,117.0,600,0.8,0.195,0
2026-09-26T19:59:44Z,redis-cart,41.0,500,0.8,0.082,0
2026-09-26T19:59:45Z,frontend,275.2,1150,0.8,0.23930434782608695,0
2026-09-26T19:59:45Z,cartservice,307.0,1000,0.95,0.307,0
2026-09-26T19:59:45Z,checkoutservice,651.0,1500,0.8,0.434,0
2026-09-26T19:59:45Z,productcatalogservice,409.0,600,0.95,0.6816666666666666,0
2026-09-26T19:59:45Z,paymentservice,34.0,150,0.8,0.22666666666666666,0
2026-09-26T19:59:45Z,recommendationservice,964.0,2000,0.8,0.482,0
2026-09-26T19:59:45Z,shippingservice,84.0,400,0.8,0.21,0
2026-09-26T19:59:45Z,currencyservice,377.0,500,0.8,0.754,0
2026-09-26T19:59:45Z,emailservice,73.0,150,0.8,0.4866666666666667,0
2026-09-26T19:59:45Z,adservice,117.0,600,0.8,0.195,0
2026-09-26T19:59:45Z,redis-cart,38.0,500,0.8,0.076,0
2026-09-26T19:59:46Z,frontend,282.2,1150,0.8,0.24539130434782608,0
2026-09-26T19:59:46Z,cartservice,300.0,1000,0.95,0.3,0
2026-09-26T19:59:46Z,checkoutservice,685.0,1500,0.8,0.45666666666666667,0
2026-09-26T19:59:46Z,productcatalogservice,393.0,600,0.95,0.655,0
2026-09-26T19:59:46Z,paymentservice,34.0,150,0.8,0.22666666666666666,0
2026-09-26T19:59:46Z,recommendationservice,937.0,2000,0.8,0.4685,0
2026-09-26T19:59:46Z,shippingservice,73.0,400,0.8,0.1825,0
2026-09-26T19:59:46Z,currencyservice,392.0,500,0.8,0.784,0
2026-09-26T19:59:46Z,emailservice,86.0,150,0.8,0.5733333333333334,0
2026-09-26T19:59:46Z,adservice,136.0,600,0.8,0.22666666666666666,0
2026-09-26T19:59:46Z,redis-cart,38.0,500,0.8,0.076,0
2026-09-26T19:59:47Z,frontend,282.0,1150,0.8,0.24521739130434783,0
2026-09-26T19:59:47Z,cartservice,300.0,1000,0.95,0.3,0
2026-09-26T19:59:47Z,checkoutservice,634.0,1500,0.8,0.4226666666666667,0
2026-09-26T19:59:47Z,productcatalogservice,393.0,600,0.95,0.655,0
2026-09-26T19:59:47Z,paymentservice,37.0,150,0.8,0.24666666666666667,0
2026-09-26T19:59:47Z,recommendationservice,922.0,2000,0.8,0.461,0
2026-09-26T19:59:47Z,shippingservice,100.0,400,0.8,0.25,0
2026-09-26T19:59:47Z,currencyservice,392.0,500,0.8,0.784,0
2026-09-26T19:59:47Z,emailservice,65.0,150,0.8,0.43333333333333335,0
2026-09-26T19:59:47Z,adservice,127.0,600,0.8,0.21166666666666667,0
2026-09-26T19:59:47Z,redis-cart,38.0,500,0.8,0.076,0
2026-09-26T19:59:48Z,frontend,307.6,1150,0.8,0.2674782608695652,0
2026-09-26T19:59:48Z,cartservice,320.0,1000,0.95,0.32,0
2026-09-26T19:59:48Z,checkoutservice,634.0,1500,0.8,0.4226666666666667,0
2026-09-26T19:59:48Z,productcatalogservice,409.0,600,0.95,0.6816666666666666,0
2026-09-26T19:59:48Z,paymentservice,32.0,150,0.8,0.21333333333333335,0
2026-09-26T19:59:48Z,recommendationservice,942.0,2000,0.8,0.471,0
2026-09-26T19:59:48Z,shippingservice,100.0,400,0.8,0.25,0
2026-09-26T19:59:48Z,currencyservice,384.0,500,0.8,0.768,0
2026-09-26T19:59:48Z,emailservice,70.0,150,0.8,0.4666666666666667,0
2026-09-26T19:59:48Z,adservice,127.0,600,0.8,0.21166666666666667,0
2026-09-26T19:59:48Z,redis-cart,36.0,500,0.8,0.072,0
2026-09-26T19:59:49Z,frontend,298.0,1150,0.8,0.2591304347826087,0
2026-09-26T19:59:49Z,cartservice,343.0,1000,0.95,0.343,0
2026-09-26T19:59:49Z,checkoutservice,678.0,1500,0.8,0.452,0
2026-09-26T19:59:49Z,productcatalogservice,420.0,600,0.95,0.7,0
2026-09-26T19:59:49Z,paymentservice,38.0,150,0.8,0.25333333333333335,0
2026-09-26T19:59:49Z,recommendationservice,942.0,2000,0.8,0.471,0
2026-09-26T19:59:49Z,shippingservice,75.0,400,0.8,0.1875,0
2026-09-26T19:59:49Z,currencyservice,384.0,500,0.8,0.768,0
2026-09-26T19:59:49Z,emailservice,70.0,150,0.8,0.4666666666666667,0
2026-09-26T19:59:49Z,adservice,115.0,600,0.8,0.19166666666666668,0
2026-09-26T19:59:49Z,redis-cart,36.0,500,0.8,0.072,0
2026-09-26T19:59:50Z,frontend,279.6,1150,0.8,0.2431304347826087,0
2026-09-26T19:59:50Z,cartservice,343.0,1000,0.95,0.343,0
2026-09-26T19:59:50Z,checkoutservice,721.0,1500,0.8,0.4806666666666667,0
2026-09-26T19:59:50Z,productcatalogservice,420.0,600,0.95,0.7,0
2026-09-26T19:59:50Z,paymentservice,38.0,150,0.8,0.25333333333333335,0
2026-09-26T19:59:50Z,recommendationservice,994.0,2000,0.8,0.497,0
2026-09-26T19:59:50Z,shippingservice,85.0,400,0.8,0.2125,0
2026-09-26T19:59:50Z,currencyservice,395.0,500,0.8,0.79,0
2026-09-26T19:59:50Z,emailservice,75.0,150,0.8,0.5,0
2026-09-26T19:59:50Z,adservice,101.0,600,0.8,0.16833333333333333,0
2026-09-26T19:59:50Z,redis-cart,44.0,500,0.8,0.088,0
2026-09-26T19:59:51Z,frontend,263.4,1150,0.8,0.22904347826086954,0
2026-09-26T19:59:51Z,cartservice,310.0,1000,0.95,0.31,0
2026-09-26T19:59:51Z,checkoutservice,617.0,1500,0.8,0.41133333333333333,0
2026-09-26T19:59:51Z,productcatalogservice,387.0,600,0.95,0.645,0
2026-09-26T19:59:51Z,paymentservice,39.0,150,0.8,0.26,0
2026-09-26T19:59:51Z,recommendationservice,994.0,2000,0.8,0.497,0
2026-09-26T19:59:51Z,shippingservice,77.0,400,0.8,0.1925,0
2026-09-26T19:59:51Z,currencyservice,375.0,500,0.8,0.75,0
2026-09-26T19:59:51Z,emailservice,75.0,150,0.8,0.5,0
2026-09-26T19:59:51Z,adservice,101.0,600,0.8,0.16833333333333333,0
2026-09-26T19:59:51Z,redis-cart,37.0,500,0.8,0.074,0
2026-09-26T19:59:52Z,frontend,292.4,1150,0.8,0.2542608695652174,0
2026-09-26T19:59:52Z,cartservice,276.0,1000,0.95,0.276,0
2026-09-26T19:59:52Z,checkoutservice,634.0,1500,0.8,0.4226666666666667,0
2026-09-26T19:59:52Z,productcatalogservice,418.0,600,0.95,0.6966666666666667,0
2026-09-26T19:59:52Z,paymentservice,48.0,150,0.8,0.32,0
2026-09-26T19:59:52Z,recommendationservice,974.0,2000,0.8,0.487,0
2026-09-26T19:59:52Z,shippingservice,86.0,400,0.8,0.215,0
2026-09-26T19:59:52Z,currencyservice,375.0,500,0.8,0.75,0
2026-09-26T19:59:52Z,emailservice,86.0,150,0.8,0.5733333333333334,0
2026-09-26T19:59:52Z,adservice,113.0,600,0.8,0.18833333333333332,0
2026-09-26T19:59:52Z,redis-cart,37.0,500,0.8,0.074,0
2026-09-26T19:59:53Z,frontend,285.0,1150,0.8,0.24782608695652175,0
2026-09-26T19:59:53Z,cartservice,276.0,1000,0.95,0.276,0
2026-09-26T19:59:53Z,checkoutservice,634.0,1500,0.8,0.4226666666666667,0
2026-09-26T19:59:53Z,productcatalogservice,393.0,600,0.95,0.655,0
2026-09-26T19:59:53Z,paymentservice,48.0,150,0.8,0.32,0
2026-09-26T19:59:53Z,recommendationservice,967.0,2000,0.8,0.4835,0
2026-09-26T19:59:53Z,shippingservice,86.0,400,0.8,0.215,0
2026-09-26T19:59:53Z,currencyservice,363.0,500,0.8,0.726,0
2026-09-26T19:59:53Z,emailservice,86.0,150,0.8,0.5733333333333334,0
2026-09-26T19:59:53Z,adservice,133.0,600,0.8,0.22166666666666668,0
2026-09-26T19:59:53Z,redis-cart,36.0,500,0.8,0.072,0
2026-09-26T19:59:54Z,frontend,276.4,1150,0.8,0.2403478260869565,0
2026-09-26T19:59:54Z,cartservice,353.0,1000,0.95,0.353,0
2026-09-26T19:59:54Z,checkoutservice,706.0,1500,0.8,0.4706666666666667,0
2026-09-26T19:59:54Z,productcatalogservice,393.0,600,0.95,0.655,0
2026-09-26T19:59:54Z,paymentservice,43.0,150,0.8,0.2866666666666667,0
2026-09-26T19:59:54Z,recommendationservice,967.0,2000,0.8,0.4835,0
2026-09-26T19:59:54Z,shippingservice,83.0,400,0.8,0.2075,0
2026-09-26T19:59:54Z,currencyservice,363.0,500,0.8,0.726,0
2026-09-26T19:59:54Z,emailservice,71.0,150,0.8,0.47333333333333333,0
2026-09-26T19:59:54Z,adservice,103.0,600,0.8,0.17166666666666666,0
2026-09-26T19:59:54Z,redis-cart,36.0,500,0.8,0.072,0
2026-09-26T19:59:55Z,frontend,272.4,1150,0.8,0.23686956521739128,0
2026-09-26T19:59:55Z,cartservice,353.0,1000,0.95,0.353,0
2026-09-26T19:59:55Z,checkoutservice,720.0,1500,0.8,0.48,0
2026-09-26T19:59:55Z,productcatalogservice,376.0,600,0.95,0.6266666666666667,0
2026-09-26T19:59:55Z,paymentservice,42.0,150,0.8,0.28,0
2026-09-26T19:59:55Z,recommendationservice,978.0,2000,0.8,0.489,0
2026-09-26T19:59:55Z,shippingservice,63.0,400,0.8,0.1575,0
2026-09-26T19:59:55Z,currencyservice,379.0,500,0.8,0.758,0
2026-09-26T19:59:55Z,emailservice,71.0,150,0.8,0.47333333333333333,0
2026-09-26T19:59:55Z,adservice,103.0,600,0.8,0.17166666666666666,0
2026-09-26T19:59:55Z,redis-cart,35.0,500,0.8,0.07,0
2026-09-26T19:59:56Z,frontend,277.8,1150,0.8,0.24156521739130435,0
2026-09-26T19:59:56Z,cartservice,316.0,1000,0.95,0.316,0
2026-09-26T19:59:56Z,checkoutservice,720.0,1500,0.8,0.48,0
2026-09-26T19:59:56Z,productcatalogservice,402.0,600,0.95,0.67,0
2026-09-26T19:59:56Z,paymentservice,42.0,150,0.8,0.28,0
2026-09-26T19:59:56Z,recommendationservice,920.0,2000,0.8,0.46,0
2026-09-26T19:59:56Z,shippingservice,87.0,400,0.8,0.2175,0
2026-09-26T19:59:56Z,currencyservice,362.0,500,0.8,0.724,0
2026-09-26T19:59:56Z,emailservice,89.0,150,0.8,0.5933333333333334,0
2026-09-26T19:59:56Z,adservice,103.0,600,0.8,0.17166666666666666,0
2026-09-26T19:59:56Z,redis-cart,40.0,500,0.8,0.08,0
2026-09-26T19:59:57Z,frontend,288.0,1150,0.8,0.25043478260869567,0
2026-09-26T19:59:57Z,cartservice,295.0,1000,0.95,0.295,0
2026-09-26T19:59:57Z,checkoutservice,713.0,1500,0.8,0.47533333333333333,0
2026-09-26T19:59:57Z,productcatalogservice,402.0,600,0.95,0.67,0
2026-09-26T19:59:57Z,paymentservice,38.0,150,0.8,0.25333333333333335,0
2026-09-26T19:59:57Z,recommendationservice,956.0,2000,0.8,0.478,0
2026-09-26T19:59:57Z,shippingservice,87.0,400,0.8,0.2175,0
2026-09-26T19:59:57Z,currencyservice,362.0,500,0.8,0.724,0
2026-09-26T19:59:57Z,emailservice,75.0,150,0.8,0.5,0
2026-09-26T19:59:57Z,adservice,103.0,600,0.8,0.17166666666666666,0
2026-09-26T19:59:57Z,redis-cart,37.0,500,0.8,0.074,0
2026-09-26T19:59:58Z,frontend,281.8,1150,0.8,0.24504347826086958,0
2026-09-26T19:59:58Z,cartservice,295.0,1000,0.95,0.295,0
2026-09-26T19:59:58Z,checkoutservice,713.0,1500,0.8,0.47533333333333333,0
2026-09-26T19:59:58Z,productcatalogservice,388.0,600,0.95,0.6466666666666666,0
2026-09-26T19:59:58Z,paymentservice,35.0,150,0.8,0.23333333333333334,0
2026-09-26T19:59:58Z,recommendationservice,956.0,2000,0.8,0.478,0
2026-09-26T19:59:58Z,shippingservice,95.0,400,0.8,0.2375,0
2026-09-26T19:59:58Z,currencyservice,386.0,500,0.8,0.772,0
2026-09-26T19:59:58Z,emailservice,65.0,150,0.8,0.43333333333333335,0
2026-09-26T19:59:58Z,adservice,117.0,600,0.8,0.195,0
2026-09-26T19:59:58Z,redis-cart,37.0,500,0.8,0.074,0
2026-09-26T19:59:59Z,frontend,287.2,1150,0.8,0.2497391304347826,0
2026-09-26T19:59:59Z,cartservice,318.0,1000,0.95,0.318,0
2026-09-26T19:59:59Z,checkoutservice,630.0,1500,0.8,0.42,0
2026-09-26T19:59:59Z,productcatalogservice,396.0,600,0.95,0.66,0
2026-09-26T19:59:59Z,paymentservice,35.0,150,0.8,0.23333333333333334,0
2026-09-26T19:59:59Z,recommendationservice,911.0,2000,0.8,0.4555,0
2026-09-26T19:59:59Z,shippingservice,75.0,400,0.8,0.1875,0
2026-09-26T19:59:59Z,currencyservice,412.0,500,0.8,0.824,1
2026-09-26T19:59:59Z,emailservice,65.0,150,0.8,0.43333333333333335,0
2026-09-26T19:59:59Z,adservice,155.0,600,0.8,0.25833333333333336,0
2026-09-26T19:59:59Z,redis-cart,38.0,500,0.8,0.076,0
2026-09-26T20:00:00Z,frontend,298.0,1150,0.8,0.2591304347826087,0
2026-09-26T20:00:00Z,cartservice,318.0,1000,0.95,0.318,0
2026-09-26T20:00:00Z,checkoutservice,764.0,1500,0.8,0.5093333333333333,0
2026-09-26T20:00:00Z,productcatalogservice,396.0,600,0.95,0.66,0
2026-09-26T20:00:00Z,paymentservice,40.0,150,0.8,0.26666666666666666,0
2026-09-26T20:00:00Z,recommendationservice,921.0,2000,0.8,0.4605,0
2026-09-26T20:00:00Z,shippingservice,89.0,400,0.8,0.2225,0
2026-09-26T20:00:00Z,currencyservice,363.0,500,0.8,0.726,0
2026-09-26T20:00:00Z,emailservice,72.0,150,0.8,0.48,0
2026-09-26T20:00:00Z,adservice,155.0,600,0.8,0.25833333333333336,0
2026-09-26T20:00:00Z,redis-cart,38.0,500,0.8,0.076,0
2026-09-26T20:00:01Z,frontend,276.4,1150,0.8,0.2403478260869565,0
2026-09-26T20:00:01Z,cartservice,374.0,1000,0.95,0.374,0
2026-09-26T20:00:01Z,checkoutservice,764.0,1500,0.8,0.5093333333333333,0
2026-09-26T20:00:01Z,productcatalogservice,384.0,600,0.95,0.64,0
2026-09-26T20:00:01Z,paymentservice,40.0,150,0.8,0.26666666666666666,0
2026-09-26T20:00:01Z,recommendationservice,921.0,2000,0.8,0.4605,0
2026-09-26T20:00:01Z,shippingservice,82.0,400,0.8,0.205,0
2026-09-26T20:00:01Z,currencyservice,363.0,500,0.8,0.726,0
2026-09-26T20:00:01Z,emailservice,104.0,150,0.8,0.6933333333333334,0
2026-09-26T20:00:01Z,adservice,121.0,600,0.8,0.20166666666666666,0
2026-09-26T20:00:01Z,redis-cart,39.0,500,0.8,0.078,0
2026-09-26T20:00:02Z,frontend,288.6,1150,0.8,0.25095652173913047,0
2026-09-26T20:00:02Z,cartservice,374.0,1000,0.95,0.374,0
2026-09-26T20:00:02Z,checkoutservice,811.0,1500,0.8,0.5406666666666666,0
2026-09-26T20:00:02Z,productcatalogservice,384.0,600,0.95,0.64,0
2026-09-26T20:00:02Z,paymentservice,61.0,150,0.8,0.4066666666666667,0
2026-09-26T20:00:02Z,recommendationservice,936.0,2000,0.8,0.468,0
2026-09-26T20:00:02Z,shippingservice,82.0,400,0.8,0.205,0
2026-09-26T20:00:02Z,currencyservice,392.0,500,0.8,0.784,0
2026-09-26T20:00:02Z,emailservice,104.0,150,0.8,0.6933333333333334,0
2026-09-26T20:00:02Z,adservice,123.0,600,0.8,0.205,0
2026-09-26T20:00:02Z,redis-cart,36.0,500,0.8,0.072,0
2026-09-26T20:00:03Z,frontend,282.8,1150,0.8,0.24591304347826087,0
2026-09-26T20:00:03Z,cartservice,326.0,1000,0.95,0.326,0
2026-09-26T20:00:03Z,checkoutservice,640.0,1500,0.8,0.4266666666666667,0
2026-09-26T20:00:03Z,productcatalogservice,395.0,600,0.95,0.6583333333333333,0
2026-09-26T20:00:03Z,paymentservice,42.0,150,0.8,0.28,0
2026-09-26T20:00:03Z,recommendationservice,916.0,2000,0.8,0.458,0
2026-09-26T20:00:03Z,shippingservice,97.0,400,0.8,0.2425,0
2026-09-26T20:00:03Z,currencyservice,380.0,500,0.8,0.76,0
2026-09-26T20:00:03Z,emailservice,81.0,150,0.8,0.54,0
2026-09-26T20:00:03Z,adservice,123.0,600,0.8,0.205,0
2026-09-26T20:00:03Z,redis-cart,35.0,500,0.8,0.07,0
2026-09-26T20:00:04Z,frontend,275.6,1150,0.8,0.2396521739130435,0
2026-09-26T20:00:04Z,cartservice,337.0,1000,0.95,0.337,0
2026-09-26T20:00:04Z,checkoutservice,682.0,1500,0.8,0.45466666666666666,0
2026-09-26T20:00:04Z,productcatalogservice,419.0,600,0.95,0.6983333333333334,0
2026-09-26T20:00:04Z,paymentservice,42.0,150,0.8,0.28,0
2026-09-26T20:00:04Z,recommendationservice,916.0,2000,0.8,0.458,0
2026-09-26T20:00:04Z,shippingservice,97.0,400,0.8,0.2425,0
2026-09-26T20:00:04Z,currencyservice,380.0,500,0.8,0.76,0
2026-09-26T20:00:04Z,emailservice,78.0,150,0.8,0.52,0
2026-09-26T20:00:04Z,adservice,128.0,600,0.8,0.21333333333333335,0
2026-09-26T20:00:04Z,redis-cart,36.0,500,0.8,0.072,0
2026-09-26T20:00:05Z,frontend,279.0,1150,0.8,0.2426086956521739,0
2026-09-26T20:00:05Z,cartservice,337.0,1000,0.95,0.337,0
2026-09-26T20:00:05Z,checkoutservice,675.0,1500,0.8,0.45,0
2026-09-26T20:00:05Z,productcatalogservice,369.0,600,0.95,0.615,0
2026-09-26T20:00:05Z,paymentservice,37.0,150,0.8,0.24666666666666667,0
2026-09-26T20:00:05Z,recommendationservice,975.0,2000,0.8,0.4875,0
2026-09-26T20:00:05Z,shippingservice,75.0,400,0.8,0.1875,0
2026-09-26T20:00:05Z,currencyservice,372.0,500,0.8,0.744,0
2026-09-26T20:00:05Z,emailservice,78.0,150,0.8,0.52,0
2026-09-26T20:00:05Z,adservice,104.0,600,0.8,0.17333333333333334,0
2026-09-26T20:00:05Z,redis-cart,36.0,500,0.8,0.072,0
2026-09-26T20:00:06Z,frontend,280.2,1150,0.8,0.24365217391304347,0
2026-09-26T20:00:06Z,cartservice,354.0,1000,0.95,0.354,0
2026-09-26T20:00:06Z,checkoutservice,675.0,1500,0.8,0.45,0
2026-09-26T20:00:06Z,productcatalogservice,369.0,600,0.95,0.615,0
2026-09-26T20:00:06Z,paymentservice,41.0,150,0.8,0.2733333333333333,0
2026-09-26T20:00:06Z,recommendationservice,975.0,2000,0.8,0.4875,0
2026-09-26T20:00:06Z,shippingservice,74.0,400,0.8,0.185,0
2026-09-26T20:00:06Z,currencyservice,372.0,500,0.8,0.744,0
2026-09-26T20:00:06Z,emailservice,91.0,150,0.8,0.6066666666666667,0
2026-09-26T20:00:06Z,adservice,104.0,600,0.8,0.17333333333333334,0
2026-09-26T20:00:06Z,redis-cart,38.0,500,0.8,0.076,0
2026-09-26T20:00:07Z,frontend,280.8,1150,0.8,0.24417391304347827,0
2026-09-26T20:00:07Z,cartservice,298.0,1000,0.95,0.298,0
2026-09-26T20:00:07Z,checkoutservice,619.0,1500,0.8,0.4126666666666667,0
2026-09-26T20:00:07Z,productcatalogservice,400.0,600,0.95,0.6666666666666666,0
2026-09-26T20:00:07Z,paymentservice,41.0,150,0.8,0.2733333333333333,0
2026-09-26T20:00:07Z,recommendationservice,942.0,2000,0.8,0.471,0
2026-09-26T20:00:07Z,shippingservice,105.0,400,0.8,0.2625,0
2026-09-26T20:00:07Z,currencyservice,377.0,500,0.8,0.754,0
2026-09-26T20:00:07Z,emailservice,91.0,150,0.8,0.6066666666666667,0
2026-09-26T20:00:07Z,adservice,124.0,600,0.8,0.20666666666666667,0
2026-09-26T20:00:07Z,redis-cart,38.0,500,0.8,0.076,0
2026-09-26T20:00:08Z,frontend,286.4,1150,0.8,0.24904347826086953,0
2026-09-26T20:00:08Z,cartservice,298.0,1000,0.95,0.298,0
2026-09-26T20:00:08Z,checkoutservice,742.0,1500,0.8,0.49466666666666664,0
2026-09-26T20:00:08Z,productcatalogservice,400.0,600,0.95,0.6666666666666666,0
2026-09-26T20:00:08Z,paymentservice,35.0,150,0.8,0.23333333333333334,0
2026-09-26T20:00:08Z,recommendationservice,942.0,2000,0.8,0.471,0
2026-09-26T20:00:08Z,shippingservice,80.0,400,0.8,0.2,0
2026-09-26T20:00:08Z,currencyservice,400.0,500,0.8,0.8,0
2026-09-26T20:00:08Z,emailservice,62.0,150,0.8,0.41333333333333333,0
2026-09-26T20:00:08Z,adservice,131.0,600,0.8,0.21833333333333332,0
2026-09-26T20:00:08Z,redis-cart,37.0,500,0.8,0.074,0
2026-09-26T20:00:09Z,frontend,296.6,1150,0.8,0.2579130434782609,0
2026-09-26T20:00:09Z,cartservice,352.0,1000,0.95,0.352,0
2026-09-26T20:00:09Z,checkoutservice,742.0,1500,0.8,0.49466666666666664,0
2026-09-26T20:00:09Z,productcatalogservice,420.0,600,0.95,0.7,0
2026-09-26T20:00:09Z,paymentservice,43.0,150,0.8,0.2866666666666667,0
2026-09-26T20:00:09Z,recommendationservice,888.0,2000,0.8,0.444,0
2026-09-26T20:00:09Z,shippingservice,80.0,400,0.8,0.2,0
2026-09-26T20:00:09Z,currencyservice,400.0,500,0.8,0.8,0
2026-09-26T20:00:09Z,emailservice,84.0,150,0.8,0.56,0
2026-09-26T20:00:09Z,adservice,131.0,600,0.8,0.21833333333333332,0
2026-09-26T20:00:09Z,redis-cart,38.0,500,0.8,0.076,0
2026-09-26T20:00:10Z,frontend,272.6,1150,0.8,0.23704347826086958,0
2026-09-26T20:00:10Z,cartservice,352.0,1000,0.95,0.352,0
2026-09-26T20:00:10Z,checkoutservice,739.0,1500,0.8,0.49266666666666664,0
2026-09-26T20:00:10Z,productcatalogservice,420.0,600,0.95,0.7,0
2026-09-26T20:00:10Z,paymentservice,43.0,150,0.8,0.2866666666666667,0
2026-09-26T20:00:10Z,recommendationservice,918.0,2000,0.8,0.459,0
2026-09-26T20:00:10Z,shippingservice,82.0,400,0.8,0.205,0
2026-09-26T20:00:10Z,currencyservice,371.0,500,0.8,0.742,0
2026-09-26T20:00:10Z,emailservice,84.0,150,0.8,0.56,0
2026-09-26T20:00:10Z,adservice,121.0,600,0.8,0.20166666666666666,0
2026-09-26T20:00:10Z,redis-cart,36.0,500,0.8,0.072,0
2026-09-26T20:00:11Z,frontend,279.4,1150,0.8,0.2429565217391304,0
2026-09-26T20:00:11Z,cartservice,317.0,1000,0.95,0.317,0
2026-09-26T20:00:11Z,checkoutservice,739.0,1500,0.8,0.49266666666666664,0
2026-09-26T20:00:11Z,productcatalogservice,385.0,600,0.95,0.6416666666666667,0
2026-09-26T20:00:11Z,paymentservice,42.0,150,0.8,0.28,0
2026-09-26T20:00:11Z,recommendationservice,918.0,2000,0.8,0.459,0
2026-09-26T20:00:11Z,shippingservice,76.0,400,0.8,0.19,0
2026-09-26T20:00:11Z,currencyservice,371.0,500,0.8,0.742,0
2026-09-26T20:00:11Z,emailservice,90.0,150,0.8,0.6,0
2026-09-26T20:00:11Z,adservice,109.0,600,0.8,0.18166666666666667,0
2026-09-26T20:00:11Z,redis-cart,36.0,500,0.8,0.072,0
2026-09-26T20:00:12Z,frontend,285.4,1150,0.8,0.24817391304347824,0
2026-09-26T20:00:12Z,cartservice,315.0,1000,0.95,0.315,0
2026-09-26T20:00:12Z,checkoutservice,605.0,1500,0.8,0.4033333333333333,0
2026-09-26T20:00:12Z,productcatalogservice,423.0,600,0.95,0.705,0
2026-09-26T20:00:12Z,paymentservice,57.0,150,0.8,0.38,0
2026-09-26T20:00:12Z,recommendationservice,974.0,2000,0.8,0.487,0
2026-09-26T20:00:12Z,shippingservice,88.0,400,0.8,0.22,0
2026-09-26T20:00:12Z,currencyservice,386.0,500,0.8,0.772,0
2026-09-26T20:00:12Z,emailservice,76.0,150,0.8,0.5066666666666667,0
2026-09-26T20:00:12Z,adservice,115.0,600,0.8,0.19166666666666668,0
2026-09-26T20:00:12Z,redis-cart,44.0,500,0.8,0.088,0
2026-09-26T20:00:13Z,frontend,276.2,1150,0.8,0.24017391304347824,0
2026-09-26T20:00:13Z,cartservice,357.0,1000,0.95,0.357,0
2026-09-26T20:00:13Z,checkoutservice,702.0,1500,0.8,0.468,0
2026-09-26T20:00:13Z,productcatalogservice,373.0,600,0.95,0.6216666666666667,0
2026-09-26T20:00:13Z,paymentservice,57.0,150,0.8,0.38,0
2026-09-26T20:00:13Z,recommendationservice,937.0,2000,0.8,0.4685,0
2026-09-26T20:00:13Z,shippingservice,77.0,400,0.8,0.1925,0
2026-09-26T20:00:13Z,currencyservice,386.0,500,0.8,0.772,0
2026-09-26T20:00:13Z,emailservice,76.0,150,0.8,0.5066666666666667,0
2026-09-26T20:00:13Z,adservice,115.0,600,0.8,0.19166666666666668,0
2026-09-26T20:00:13Z,redis-cart,36.0,500,0.8,0.072,0
2026-09-26T20:00:14Z,frontend,279.8,1150,0.8,0.24330434782608695,0
2026-09-26T20:00:14Z,cartservice,372.0,1000,0.95,0.372,0
2026-09-26T20:00:14Z,checkoutservice,702.0,1500,0.8,0.468,0
2026-09-26T20:00:14Z,productcatalogservice,373.0,600,0.95,0.6216666666666667,0
2026-09-26T20:00:14Z,paymentservice,31.0,150,0.8,0.20666666666666667,0
2026-09-26T20:00:14Z,recommendationservice,937.0,2000,0.8,0.4685,0
2026-09-26T20:00:14Z,shippingservice,77.0,400,0.8,0.1925,0
2026-09-26T20:00:14Z,currencyservice,363.0,500,0.8,0.726,0
2026-09-26T20:00:14Z,emailservice,66.0,150,0.8,0.44,0
2026-09-26T20:00:14Z,adservice,113.0,600,0.8,0.18833333333333332,0
2026-09-26T20:00:14Z,redis-cart,36.0,500,0.8,0.072,0
2026-09-26T20:00:15Z,frontend,271.2,1150,0.8,0.23582608695652174,0
2026-09-26T20:00:15Z,cartservice,372.0,1000,0.95,0.372,0
2026-09-26T20:00:15Z,checkoutservice,544.0,1500,0.8,0.3626666666666667,0
2026-09-26T20:00:15Z,productcatalogservice,409.0,600,0.95,0.6816666666666666,0
2026-09-26T20:00:15Z,paymentservice,33.0,150,0.8,0.22,0
2026-09-26T20:00:15Z,recommendationservice,972.0,2000,0.8,0.486,0
2026-09-26T20:00:15Z,shippingservice,74.0,400,0.8,0.185,0
2026-09-26T20:00:15Z,currencyservice,392.0,500,0.8,0.784,0
2026-09-26T20:00:15Z,emailservice,66.0,150,0.8,0.44,0
2026-09-26T20:00:15Z,adservice,113.0,600,0.8,0.18833333333333332,0
2026-09-26T20:00:15Z,redis-cart,36.0,500,0.8,0.072,0
2026-09-26T20:00:16Z,frontend,290.8,1150,0.8,0.2528695652173913,0
2026-09-26T20:00:16Z,cartservice,338.0,1000,0.95,0.338,0
2026-09-26T20:00:16Z,checkoutservice,645.0,1500,0.8,0.43,0
2026-09-26T20:00:16Z,productcatalogservice,409.0,600,0.95,0.6816666666666666,0
2026-09-26T20:00:16Z,paymentservice,33.0,150,0.8,0.22,0
2026-09-26T20:00:16Z,recommendationservice,972.0,2000,0.8,0.486,0
2026-09-26T20:00:16Z,shippingservice,64.0,400,0.8,0.16,0
2026-09-26T20:00:16Z,currencyservice,392.0,500,0.8,0.784,0
2026-09-26T20:00:16Z,emailservice,74.0,150,0.8,0.49333333333333335,0
2026-09-26T20:00:16Z,adservice,121.0,600,0.8,0.20166666666666666,0
2026-09-26T20:00:16Z,redis-cart,41.0,500,0.8,0.082,0
2026-09-26T20:00:17Z,frontend,289.8,1150,0.8,0.252,0
2026-09-26T20:00:17Z,cartservice,302.0,1000,0.95,0.302,0
2026-09-26T20:00:17Z,checkoutservice,645.0,1500,0.8,0.43,0
2026-09-26T20:00:17Z,productcatalogservice,402.0,600,0.95,0.67,0
2026-09-26T20:00:17Z,paymentservice,40.0,150,0.8,0.26666666666666666,0
2026-09-26T20:00:17Z,recommendationservice,924.0,2000,0.8,0.462,0
2026-09-26T20:00:17Z,shippingservice,64.0,400,0.8,0.16,0
2026-09-26T20:00:17Z,currencyservice,387.0,500,0.8,0.774,0
2026-09-26T20:00:17Z,emailservice,74.0,150,0.8,0.49333333333333335,0
2026-09-26T20:00:17Z,adservice,105.0,600,0.8,0.175,0
2026-09-26T20:00:17Z,redis-cart,35.0,500,0.8,0.07,0
2026-09-26T20:00:18Z,frontend,292.6,1150,0.8,0.2544347826086957,0
2026-09-26T20:00:18Z,cartservice,302.0,1000,0.95,0.302,0
2026-09-26T20:00:18Z,checkoutservice,661.0,1500,0.8,0.44066666666666665,0
2026-09-26T20:00:18Z,productcatalogservice,402.0,600,0.95,0.67,0
2026-09-26T20:00:18Z,paymentservice,34.0,150,0.8,0.22666666666666666,0
2026-09-26T20:00:18Z,recommendationservice,964.0,2000,0.8,0.482,0
2026-09-26T20:00:18Z,shippingservice,107.0,400,0.8,0.2675,0
2026-09-26T20:00:18Z,currencyservice,387.0,500,0.8,0.774,0
2026-09-26T20:00:18Z,emailservice,77.0,150,0.8,0.5133333333333333,0
2026-09-26T20:00:18Z,adservice,118.0,600,0.8,0.19666666666666666,0
2026-09-26T20:00:18Z,redis-cart,35.0,500,0.8,0.07,0
2026-09-26T20:00:19Z,frontend,280.4,1150,0.8,0.24382608695652172,0
2026-09-26T20:00:19Z,cartservice,344.0,1000,0.95,0.344,0
2026-09-26T20:00:19Z,checkoutservice,789.0,1500,0.8,0.526,0
2026-09-26T20:00:19Z,productcatalogservice,379.0,600,0.95,0.6316666666666667,0
2026-09-26T20:00:19Z,paymentservice,34.0,150,0.8,0.22666666666666666,0
2026-09-26T20:00:19Z,recommendationservice,964.0,2000,0.8,0.482,0
2026-09-26T20:00:19Z,shippingservice,107.0,400,0.8,0.2675,0
2026-09-26T20:00:19Z,currencyservice,391.0,500,0.8,0.782,0
2026-09-26T20:00:19Z,emailservice,71.0,150,0.8,0.47333333333333333,0
2026-09-26T20:00:19Z,adservice,118.0,600,0.8,0.19666666666666666,0
2026-09-26T20:00:19Z,redis-cart,38.0,500,0.8,0.076,0
2026-09-26T20:00:20Z,frontend,273.2,1150,0.8,0.23756521739130435,0
2026-09-26T20:00:20Z,cartservice,343.0,1000,0.95,0.343,0
2026-09-26T20:00:20Z,checkoutservice,789.0,1500,0.8,0.526,0
2026-09-26T20:00:20Z,productcatalogservice,388.0,600,0.95,0.6466666666666666,0
2026-09-26T20:00:20Z,paymentservice,42.0,150,0.8,0.28,0
2026-09-26T20:00:20Z,recommendationservice,929.0,2000,0.8,0.4645,0
2026-09-26T20:00:20Z,shippingservice,76.0,400,0.8,0.19,0
2026-09-26T20:00:20Z,currencyservice,387.0,500,0.8,0.774,0
2026-09-26T20:00:20Z,emailservice,93.0,150,0.8,0.62,0
2026-09-26T20:00:20Z,adservice,117.0,600,0.8,0.195,0
2026-09-26T20:00:20Z,redis-cart,38.0,500,0.8,0.076,0
2026-09-26T20:00:21Z,frontend,283.0,1150,0.8,0.24608695652173912,0
2026-09-26T20:00:21Z,cartservice,343.0,1000,0.95,0.343,0
2026-09-26T20:00:21Z,checkoutservice,629.0,1500,0.8,0.41933333333333334,0
2026-09-26T20:00:21Z,productcatalogservice,388.0,600,0.95,0.6466666666666666,0
2026-09-26T20:00:21Z,paymentservice,42.0,150,0.8,0.28,0
2026-09-26T20:00:21Z,recommendationservice,917.0,2000,0.8,0.4585,0
2026-09-26T20:00:21Z,shippingservice,90.0,400,0.8,0.225,0
2026-09-26T20:00:21Z,currencyservice,398.0,500,0.8,0.796,0
2026-09-26T20:00:21Z,emailservice,93.0,150,0.8,0.62,0
2026-09-26T20:00:21Z,adservice,117.0,600,0.8,0.195,0
2026-09-26T20:00:21Z,redis-cart,40.0,500,0.8,0.08,0
2026-09-26T20:00:22Z,frontend,284.6,1150,0.8,0.24747826086956523,0
2026-09-26T20:00:22Z,cartservice,360.0,1000,0.95,0.36,0
2026-09-26T20:00:22Z,checkoutservice,629.0,1500,0.8,0.41933333333333334,0
2026-09-26T20:00:22Z,productcatalogservice,410.0,600,0.95,0.6833333333333333,0
2026-09-26T20:00:22Z,paymentservice,53.0,150,0.8,0.35333333333333333,0
2026-09-26T20:00:22Z,recommendationservice,917.0,2000,0.8,0.4585,0
2026-09-26T20:00:22Z,shippingservice,89.0,400,0.8,0.2225,0
2026-09-26T20:00:22Z,currencyservice,398.0,500,0.8,0.796,0
2026-09-26T20:00:22Z,emailservice,80.0,150,0.8,0.5333333333333333,0
2026-09-26T20:00:22Z,adservice,114.0,600,0.8,0.19,0
2026-09-26T20:00:22Z,redis-cart,36.0,500,0.8,0.072,0
2026-09-26T20:00:23Z,frontend,289.2,1150,0.8,0.2514782608695652,0
2026-09-26T20:00:23Z,cartservice,361.0,1000,0.95,0.361,0
2026-09-26T20:00:23Z,checkoutservice,695.0,1500,0.8,0.4633333333333333,0
2026-09-26T20:00:23Z,productcatalogservice,410.0,600,0.95,0.6833333333333333,0
2026-09-26T20:00:23Z,paymentservice,53.0,150,0.8,0.35333333333333333,0
2026-09-26T20:00:23Z,recommendationservice,933.0,2000,0.8,0.4665,0
2026-09-26T20:00:23Z,shippingservice,89.0,400,0.8,0.2225,0
2026-09-26T20:00:23Z,currencyservice,393.0,500,0.8,0.786,0
2026-09-26T20:00:23Z,emailservice,80.0,150,0.8,0.5333333333333333,0
2026-09-26T20:00:23Z,adservice,114.0,600,0.8,0.19,0
2026-09-26T20:00:23Z,redis-cart,36.0,500,0.8,0.072,0
2026-09-26T20:00:24Z,frontend,290.8,1150,0.8,0.2528695652173913,0
2026-09-26T20:00:24Z,cartservice,361.0,1000,0.95,0.361,0
2026-09-26T20:00:24Z,checkoutservice,656.0,1500,0.8,0.43733333333333335,0
2026-09-26T20:00:24Z,productcatalogservice,381.0,600,0.95,0.635,0
2026-09-26T20:00:24Z,paymentservice,41.0,150,0.8,0.2733333333333333,0
2026-09-26T20:00:24Z,recommendationservice,958.0,2000,0.8,0.479,0
2026-09-26T20:00:24Z,shippingservice,68.0,400,0.8,0.17,0
2026-09-26T20:00:24Z,currencyservice,354.0,500,0.8,0.708,0
2026-09-26T20:00:24Z,emailservice,65.0,150,0.8,0.43333333333333335,0
2026-09-26T20:00:24Z,adservice,123.0,600,0.8,0.205,0
2026-09-26T20:00:24Z,redis-cart,39.0,500,0.8,0.078,0
2026-09-26T20:00:25Z,frontend,284.6,1150,0.8,0.24747826086956523,0
2026-09-26T20:00:25Z,cartservice,361.0,1000,0.95,0.361,0
2026-09-26T20:00:25Z,checkoutservice,806.0,1500,0.8,0.5373333333333333,0
2026-09-26T20:00:25Z,productcatalogservice,425.0,600,0.95,0.7083333333333334,0
2026-09-26T20:00:25Z,paymentservice,40.0,150,0.8,0.26666666666666666,0
2026-09-26T20:00:25Z,recommendationservice,958.0,2000,0.8,0.479,0
2026-09-26T20:00:25Z,shippingservice,102.0,400,0.8,0.255,0
2026-09-26T20:00:25Z,currencyservice,403.0,500,0.8,0.806,1
2026-09-26T20:00:25Z,emailservice,95.0,150,0.8,0.6333333333333333,0
2026-09-26T20:00:25Z,adservice,130.0,600,0.8,0.21666666666666667,0
2026-09-26T20:00:25Z,redis-cart,36.0,500,0.8,0.072,0
2026-09-26T20:00:26Z,frontend,295.2,1150,0.8,0.25669565217391305,0
2026-09-26T20:00:26Z,cartservice,344.0,1000,0.95,0.344,0
2026-09-26T20:00:26Z,checkoutservice,806.0,1500,0.8,0.5373333333333333,0
2026-09-26T20:00:26Z,productcatalogservice,425.0,600,0.95,0.7083333333333334,0
2026-09-26T20:00:26Z,paymentservice,40.0,150,0.8,0.26666666666666666,0
2026-09-26T20:00:26Z,recommendationservice,949.0,2000,0.8,0.4745,0
2026-09-26T20:00:26Z,shippingservice,105.0,400,0.8,0.2625,0
2026-09-26T20:00:26Z,currencyservice,403.0,500,0.8,0.806,1
2026-09-26T20:00:26Z,emailservice,95.0,150,0.8,0.6333333333333333,0
2026-09-26T20:00:26Z,adservice,117.0,600,0.8,0.195,0
2026-09-26T20:00:26Z,redis-cart,36.0,500,0.8,0.072,0
2026-09-26T20:00:27Z,frontend,278.2,1150,0.8,0.24191304347826087,0
2026-09-26T20:00:27Z,cartservice,344.0,1000,0.95,0.344,0
2026-09-26T20:00:27Z,checkoutservice,703.0,1500,0.8,0.4686666666666667,0
2026-09-26T20:00:27Z,productcatalogservice,376.0,600,0.95,0.6266666666666667,0
2026-09-26T20:00:27Z,paymentservice,40.0,150,0.8,0.26666666666666666,0
2026-09-26T20:00:27Z,recommendationservice,945.0,2000,0.8,0.4725,0
2026-09-26T20:00:27Z,shippingservice,105.0,400,0.8,0.2625,0
2026-09-26T20:00:27Z,currencyservice,398.0,500,0.8,0.796,0
2026-09-26T20:00:27Z,emailservice,79.0,150,0.8,0.5266666666666666,0
2026-09-26T20:00:27Z,adservice,117.0,600,0.8,0.195,0
2026-09-26T20:00:27Z,redis-cart,38.0,500,0.8,0.076,0
2026-09-26T20:00:28Z,frontend,281.6,1150,0.8,0.2448695652173913,0
2026-09-26T20:00:28Z,cartservice,356.0,1000,0.95,0.356,0
2026-09-26T20:00:28Z,checkoutservice,703.0,1500,0.8,0.4686666666666667,0
2026-09-26T20:00:28Z,productcatalogservice,399.0,600,0.95,0.665,0
2026-09-26T20:00:28Z,paymentservice,40.0,150,0.8,0.26666666666666666,0
2026-09-26T20:00:28Z,recommendationservice,945.0,2000,0.8,0.4725,0
2026-09-26T20:00:28Z,shippingservice,88.0,400,0.8,0.22,0
2026-09-26T20:00:28Z,currencyservice,398.0,500,0.8,0.796,0
2026-09-26T20:00:28Z,emailservice,53.0,150,0.8,0.35333333333333333,0
2026-09-26T20:00:28Z,adservice,116.0,600,0.8,0.19333333333333333,0
2026-09-26T20:00:28Z,redis-cart,38.0,500,0.8,0.076,0
2026-09-26T20:00:29Z,frontend,281.6,1150,0.8,0.2448695652173913,0
2026-09-26T20:00:29Z,cartservice,341.0,1000,0.95,0.341,0
2026-09-26T20:00:29Z,checkoutservice,569.0,1500,0.8,0.37933333333333336,0
2026-09-26T20:00:29Z,productcatalogservice,367.0,600,0.95,0.6116666666666667,0
2026-09-26T20:00:29Z,paymentservice,40.0,150,0.8,0.26666666666666666,0
2026-09-26T20:00:29Z,recommendationservice,945.0,2000,0.8,0.4725,0
2026-09-26T20:00:29Z,shippingservice,88.0,400,0.8,0.22,0
2026-09-26T20:00:29Z,currencyservice,383.0,500,0.8,0.766,0
2026-09-26T20:00:29Z,emailservice,53.0,150,0.8,0.35333333333333333,0
2026-09-26T20:00:29Z,adservice,134.0,600,0.8,0.22333333333333333,0
2026-09-26T20:00:29Z,redis-cart,38.0,500,0.8,0.076,0
2026-09-26T20:00:30Z,frontend,281.2,1150,0.8,0.24452173913043476,0
2026-09-26T20:00:30Z,cartservice,341.0,1000,0.95,0.341,0
2026-09-26T20:00:30Z,checkoutservice,569.0,1500,0.8,0.37933333333333336,0
2026-09-26T20:00:30Z,productcatalogservice,367.0,600,0.95,0.6116666666666667,0
2026-09-26T20:00:30Z,paymentservice,37.0,150,0.8,0.24666666666666667,0
2026-09-26T20:00:30Z,recommendationservice,944.0,2000,0.8,0.472,0
2026-09-26T20:00:30Z,shippingservice,88.0,400,0.8,0.22,0
2026-09-26T20:00:30Z,currencyservice,387.0,500,0.8,0.774,0
2026-09-26T20:00:30Z,emailservice,70.0,150,0.8,0.4666666666666667,0
2026-09-26T20:00:30Z,adservice,134.0,600,0.8,0.22333333333333333,0
2026-09-26T20:00:30Z,redis-cart,38.0,500,0.8,0.076,0
2026-09-26T20:00:31Z,frontend,282.6,1150,0.8,0.24573913043478263,0
2026-09-26T20:00:31Z,cartservice,337.0,1000,0.95,0.337,0
2026-09-26T20:00:31Z,checkoutservice,815.0,1500,0.8,0.5433333333333333,0
2026-09-26T20:00:31Z,productcatalogservice,399.0,600,0.95,0.665,0
2026-09-26T20:00:31Z,paymentservice,42.0,150,0.8,0.28,0
2026-09-26T20:00:31Z,recommendationservice,949.0,2000,0.8,0.4745,0
2026-09-26T20:00:31Z,shippingservice,74.0,400,0.8,0.185,0
2026-09-26T20:00:31Z,currencyservice,392.0,500,0.8,0.784,0
2026-09-26T20:00:31Z,emailservice,95.0,150,0.8,0.6333333333333333,0
2026-09-26T20:00:31Z,adservice,107.0,600,0.8,0.17833333333333334,0
2026-09-26T20:00:31Z,redis-cart,38.0,500,0.8,0.076,0
2026-09-26T20:00:32Z,frontend,288.2,1150,0.8,0.2506086956521739,0
2026-09-26T20:00:32Z,cartservice,340.0,1000,0.95,0.34,0
2026-09-26T20:00:32Z,checkoutservice,621.0,1500,0.8,0.414,0
2026-09-26T20:00:32Z,productcatalogservice,399.0,600,0.95,0.665,0
2026-09-26T20:00:32Z,paymentservice,53.0,150,0.8,0.35333333333333333,0
2026-09-26T20:00:32Z,recommendationservice,949.0,2000,0.8,0.4745,0
2026-09-26T20:00:32Z,shippingservice,103.0,400,0.8,0.2575,0
2026-09-26T20:00:32Z,currencyservice,392.0,500,0.8,0.784,0
2026-09-26T20:00:32Z,emailservice,95.0,150,0.8,0.6333333333333333,0
2026-09-26T20:00:32Z,adservice,116.0,600,0.8,0.19333333333333333,0
2026-09-26T20:00:32Z,redis-cart,38.0,500,0.8,0.076,0
2026-09-26T20:00:33Z,frontend,286.6,1150,0.8,0.24921739130434784,0
2026-09-26T20:00:33Z,cartservice,340.0,1000,0.95,0.34,0
2026-09-26T20:00:33Z,checkoutservice,621.0,1500,0.8,0.414,0
2026-09-26T20:00:33Z,productcatalogservice,387.0,600,0.95,0.645,0
2026-09-26T20:00:33Z,paymentservice,31.0,150,0.8,0.20666666666666667,0
2026-09-26T20:00:33Z,recommendationservice,941.0,2000,0.8,0.4705,0
2026-09-26T20:00:33Z,shippingservice,67.0,400,0.8,0.1675,0
2026-09-26T20:00:33Z,currencyservice,376.0,500,0.8,0.752,0
2026-09-26T20:00:33Z,emailservice,58.0,150,0.8,0.38666666666666666,0
2026-09-26T20:00:33Z,adservice,123.0,600,0.8,0.205,0
2026-09-26T20:00:33Z,redis-cart,39.0,500,0.8,0.078,0
2026-09-26T20:00:34Z,frontend,284.4,1150,0.8,0.24730434782608693,0
2026-09-26T20:00:34Z,cartservice,366.0,1000,0.95,0.366,0
2026-09-26T20:00:34Z,checkoutservice,603.0,1500,0.8,0.402,0
2026-09-26T20:00:34Z,productcatalogservice,387.0,600,0.95,0.645,0
2026-09-26T20:00:34Z,paymentservice,31.0,150,0.8,0.20666666666666667,0
2026-09-26T20:00:34Z,recommendationservice,941.0,2000,0.8,0.4705,0
2026-09-26T20:00:34Z,shippingservice,84.0,400,0.8,0.21,0
2026-09-26T20:00:34Z,currencyservice,376.0,500,0.8,0.752,0
2026-09-26T20:00:34Z,emailservice,58.0,150,0.8,0.38666666666666666,0
2026-09-26T20:00:34Z,adservice,123.0,600,0.8,0.205,0
2026-09-26T20:00:34Z,redis-cart,34.0,500,0.8,0.068,0
2026-09-26T20:00:35Z,frontend,285.8,1150,0.8,0.2485217391304348,0
2026-09-26T20:00:35Z,cartservice,366.0,1000,0.95,0.366,0
2026-09-26T20:00:35Z,checkoutservice,603.0,1500,0.8,0.402,0
2026-09-26T20:00:35Z,productcatalogservice,420.0,600,0.95,0.7,0
2026-09-26T20:00:35Z,paymentservice,38.0,150,0.8,0.25333333333333335,0
2026-09-26T20:00:35Z,recommendationservice,986.0,2000,0.8,0.493,0
2026-09-26T20:00:35Z,shippingservice,84.0,400,0.8,0.21,0
2026-09-26T20:00:35Z,currencyservice,386.0,500,0.8,0.772,0
2026-09-26T20:00:35Z,emailservice,80.0,150,0.8,0.5333333333333333,0
2026-09-26T20:00:35Z,adservice,117.0,600,0.8,0.195,0
2026-09-26T20:00:35Z,redis-cart,34.0,500,0.8,0.068,0
2026-09-26T20:00:36Z,frontend,287.6,1150,0.8,0.2500869565217391,0
2026-09-26T20:00:36Z,cartservice,348.0,1000,0.95,0.348,0
2026-09-26T20:00:36Z,checkoutservice,759.0,1500,0.8,0.506,0
2026-09-26T20:00:36Z,productcatalogservice,421.0,600,0.95,0.7016666666666667,0
2026-09-26T20:00:36Z,paymentservice,54.0,150,0.8,0.36,0
2026-09-26T20:00:36Z,recommendationservice,929.0,2000,0.8,0.4645,0
2026-09-26T20:00:36Z,shippingservice,80.0,400,0.8,0.2,0
2026-09-26T20:00:36Z,currencyservice,407.0,500,0.8,0.814,1
2026-09-26T20:00:36Z,emailservice,101.0,150,0.8,0.6733333333333333,0
2026-09-26T20:00:36Z,adservice,119.0,600,0.8,0.19833333333333333,0
2026-09-26T20:00:36Z,redis-cart,38.0,500,0.8,0.076,0
2026-09-26T20:00:37Z,frontend,296.0,1150,0.8,0.2573913043478261,0
2026-09-26T20:00:37Z,cartservice,359.0,1000,0.95,0.359,0
2026-09-26T20:00:37Z,checkoutservice,802.0,1500,0.8,0.5346666666666666,0
2026-09-26T20:00:37Z,productcatalogservice,421.0,600,0.95,0.7016666666666667,0
2026-09-26T20:00:37Z,paymentservice,54.0,150,0.8,0.36,0
2026-09-26T20:00:37Z,recommendationservice,878.0,2000,0.8,0.439,0
2026-09-26T20:00:37Z,shippingservice,102.0,400,0.8,0.255,0
2026-09-26T20:00:37Z,currencyservice,407.0,500,0.8,0.814,1
2026-09-26T20:00:37Z,emailservice,101.0,150,0.8,0.6733333333333333,0
2026-09-26T20:00:37Z,adservice,119.0,600,0.8,0.19833333333333333,0
2026-09-26T20:00:37Z,redis-cart,38.0,500,0.8,0.076,0
2026-09-26T20:00:38Z,frontend,285.6,1150,0.8,0.24834782608695655,0
2026-09-26T20:00:38Z,cartservice,319.0,1000,0.95,0.319,0
2026-09-26T20:00:38Z,checkoutservice,660.0,1500,0.8,0.44,0
2026-09-26T20:00:38Z,productcatalogservice,408.0,600,0.95,0.68,0
2026-09-26T20:00:38Z,paymentservice,40.0,150,0.8,0.26666666666666666,0
2026-09-26T20:00:38Z,recommendationservice,878.0,2000,0.8,0.439,0
2026-09-26T20:00:38Z,shippingservice,102.0,400,0.8,0.255,0
2026-09-26T20:00:38Z,currencyservice,370.0,500,0.8,0.74,0
2026-09-26T20:00:38Z,emailservice,83.0,150,0.8,0.5533333333333333,0
2026-09-26T20:00:38Z,adservice,130.0,600,0.8,0.21666666666666667,0
2026-09-26T20:00:38Z,redis-cart,39.0,500,0.8,0.078,0
2026-09-26T20:00:39Z,frontend,295.8,1150,0.8,0.25721739130434784,0
2026-09-26T20:00:39Z,cartservice,319.0,1000,0.95,0.319,0
2026-09-26T20:00:39Z,checkoutservice,649.0,1500,0.8,0.43266666666666664,0
2026-09-26T20:00:39Z,productcatalogservice,380.0,600,0.95,0.6333333333333333,0
2026-09-26T20:00:39Z,paymentservice,40.0,150,0.8,0.26666666666666666,0
2026-09-26T20:00:39Z,recommendationservice,959.0,2000,0.8,0.4795,0
2026-09-26T20:00:39Z,shippingservice,76.0,400,0.8,0.19,0
2026-09-26T20:00:39Z,currencyservice,402.0,500,0.8,0.804,1
2026-09-26T20:00:39Z,emailservice,83.0,150,0.8,0.5533333333333333,0
2026-09-26T20:00:39Z,adservice,108.0,600,0.8,0.18,0
2026-09-26T20:00:39Z,redis-cart,39.0,500,0.8,0.078,0
2026-09-26T20:00:40Z,frontend,293.8,1150,0.8,0.2554782608695652,0
2026-09-26T20:00:40Z,cartservice,341.0,1000,0.95,0.341,0
2026-09-26T20:00:40Z,checkoutservice,649.0,1500,0.8,0.43266666666666664,0
2026-09-26T20:00:40Z,productcatalogservice,371.0,600,0.95,0.6183333333333333,0
2026-09-26T20:00:40Z,paymentservice,28.0,150,0.8,0.18666666666666668,0
2026-09-26T20:00:40Z,recommendationservice,939.0,2000,0.8,0.4695,0
2026-09-26T20:00:40Z,shippingservice,76.0,400,0.8,0.19,0
2026-09-26T20:00:40Z,currencyservice,402.0,500,0.8,0.804,1
2026-09-26T20:00:40Z,emailservice,60.0,150,0.8,0.4,0
2026-09-26T20:00:40Z,adservice,118.0,600,0.8,0.19666666666666666,0
2026-09-26T20:00:40Z,redis-cart,38.0,500,0.8,0.076,0
2026-09-26T20:00:41Z,frontend,279.8,1150,0.8,0.24330434782608695,0
2026-09-26T20:00:41Z,cartservice,341.0,1000,0.95,0.341,0
2026-09-26T20:00:41Z,checkoutservice,569.0,1500,0.8,0.37933333333333336,0
2026-09-26T20:00:41Z,productcatalogservice,371.0,600,0.95,0.6183333333333333,0
2026-09-26T20:00:41Z,paymentservice,55.0,150,0.8,0.36666666666666664,0
2026-09-26T20:00:41Z,recommendationservice,939.0,2000,0.8,0.4695,0
2026-09-26T20:00:41Z,shippingservice,60.0,400,0.8,0.15,0
2026-09-26T20:00:41Z,currencyservice,384.0,500,0.8,0.768,0
2026-09-26T20:00:41Z,emailservice,94.0,150,0.8,0.6266666666666667,0
2026-09-26T20:00:41Z,adservice,118.0,600,0.8,0.19666666666666666,0
2026-09-26T20:00:41Z,redis-cart,41.0,500,0.8,0.082,0
2026-09-26T20:00:42Z,frontend,285.4,1150,0.8,0.24817391304347824,0
2026-09-26T20:00:42Z,cartservice,317.0,1000,0.95,0.317,0
2026-09-26T20:00:42Z,checkoutservice,569.0,1500,0.8,0.37933333333333336,0
2026-09-26T20:00:42Z,productcatalogservice,381.0,600,0.95,0.635,0
2026-09-26T20:00:42Z,paymentservice,55.0,150,0.8,0.36666666666666664,0
2026-09-26T20:00:42Z,recommendationservice,1001.0,2000,0.8,0.5005,0
2026-09-26T20:00:42Z,shippingservice,84.0,400,0.8,0.21,0
2026-09-26T20:00:42Z,currencyservice,375.0,500,0.8,0.75,0
2026-09-26T20:00:42Z,emailservice,72.0,150,0.8,0.48,0
2026-09-26T20:00:42Z,adservice,119.0,600,0.8,0.19833333333333333,0
2026-09-26T20:00:42Z,redis-cart,41.0,500,0.8,0.082,0
2026-09-26T20:00:43Z,frontend,271.4,1150,0.8,0.236,0
2026-09-26T20:00:43Z,cartservice,316.0,1000,0.95,0.316,0
2026-09-26T20:00:43Z,checkoutservice,687.0,1500,0.8,0.458,0
2026-09-26T20:00:43Z,productcatalogservice,392.0,600,0.95,0.6533333333333333,0
2026-09-26T20:00:43Z,paymentservice,40.0,150,0.8,0.26666666666666666,0
2026-09-26T20:00:43Z,recommendationservice,969.0,2000,0.8,0.4845,0
2026-09-26T20:00:43Z,shippingservice,84.0,400,0.8,0.21,0
2026-09-26T20:00:43Z,currencyservice,382.0,500,0.8,0.764,0
2026-09-26T20:00:43Z,emailservice,72.0,150,0.8,0.48,0
2026-09-26T20:00:43Z,adservice,98.0,600,0.8,0.16333333333333333,0
2026-09-26T20:00:43Z,redis-cart,39.0,500,0.8,0.078,0
2026-09-26T20:00:44Z,frontend,280.8,1150,0.8,0.24417391304347827,0
2026-09-26T20:00:44Z,cartservice,316.0,1000,0.95,0.316,0
2026-09-26T20:00:44Z,checkoutservice,687.0,1500,0.8,0.458,0
2026-09-26T20:00:44Z,productcatalogservice,392.0,600,0.95,0.6533333333333333,0
2026-09-26T20:00:44Z,paymentservice,40.0,150,0.8,0.26666666666666666,0
2026-09-26T20:00:44Z,recommendationservice,969.0,2000,0.8,0.4845,0
2026-09-26T20:00:44Z,shippingservice,75.0,400,0.8,0.1875,0
2026-09-26T20:00:44Z,currencyservice,378.0,500,0.8,0.756,0
2026-09-26T20:00:44Z,emailservice,73.0,150,0.8,0.4866666666666667,0
2026-09-26T20:00:44Z,adservice,98.0,600,0.8,0.16333333333333333,0
2026-09-26T20:00:44Z,redis-cart,34.0,500,0.8,0.068,0
2026-09-26T20:00:45Z,frontend,288.2,1150,0.8,0.2506086956521739,0
2026-09-26T20:00:45Z,cartservice,294.0,1000,0.95,0.294,0
2026-09-26T20:00:45Z,checkoutservice,648.0,1500,0.8,0.432,0
2026-09-26T20:00:45Z,productcatalogservice,407.0,600,0.95,0.6783333333333333,0
2026-09-26T20:00:45Z,paymentservice,40.0,150,0.8,0.26666666666666666,0
2026-09-26T20:00:45Z,recommendationservice,944.0,2000,0.8,0.472,0
2026-09-26T20:00:45Z,shippingservice,92.0,400,0.8,0.23,0
2026-09-26T20:00:45Z,currencyservice,378.0,500,0.8,0.756,0
2026-09-26T20:00:45Z,emailservice,87.0,150,0.8,0.58,0
2026-09-26T20:00:45Z,adservice,139.0,600,0.8,0.23166666666666666,0
2026-09-26T20:00:45Z,redis-cart,38.0,500,0.8,0.076,0
2026-09-26T20:00:46Z,frontend,278.6,1150,0.8,0.24226086956521742,0
2026-09-26T20:00:46Z,cartservice,290.0,1000,0.95,0.29,0
2026-09-26T20:00:46Z,checkoutservice,701.0,1500,0.8,0.4673333333333333,0
2026-09-26T20:00:46Z,productcatalogservice,407.0,600,0.95,0.6783333333333333,0
2026-09-26T20:00:46Z,paymentservice,39.0,150,0.8,0.26,0
2026-09-26T20:00:46Z,recommendationservice,974.0,2000,0.8,0.487,0
2026-09-26T20:00:46Z,shippingservice,92.0,400,0.8,0.23,0
2026-09-26T20:00:46Z,currencyservice,389.0,500,0.8,0.778,0
2026-09-26T20:00:46Z,emailservice,87.0,150,0.8,0.58,0
2026-09-26T20:00:46Z,adservice,118.0,600,0.8,0.19666666666666666,0
2026-09-26T20:00:46Z,redis-cart,38.0,500,0.8,0.076,0
2026-09-26T20:00:47Z,frontend,268.8,1150,0.8,0.23373913043478262,0
2026-09-26T20:00:47Z,cartservice,377.0,1000,0.95,0.377,0
2026-09-26T20:00:47Z,checkoutservice,701.0,1500,0.8,0.4673333333333333,0
2026-09-26T20:00:47Z,productcatalogservice,391.0,600,0.95,0.6516666666666666,0
2026-09-26T20:00:47Z,paymentservice,39.0,150,0.8,0.26,0
2026-09-26T20:00:47Z,recommendationservice,974.0,2000,0.8,0.487,0
2026-09-26T20:00:47Z,shippingservice,93.0,400,0.8,0.2325,0
2026-09-26T20:00:47Z,currencyservice,376.0,500,0.8,0.752,0
2026-09-26T20:00:47Z,emailservice,76.0,150,0.8,0.5066666666666667,0
2026-09-26T20:00:47Z,adservice,115.0,600,0.8,0.19166666666666668,0
2026-09-26T20:00:47Z,redis-cart,42.0,500,0.8,0.084,0
2026-09-26T20:00:48Z,frontend,273.0,1150,0.8,0.2373913043478261,0
2026-09-26T20:00:48Z,cartservice,377.0,1000,0.95,0.377,0
2026-09-26T20:00:48Z,checkoutservice,633.0,1500,0.8,0.422,0
2026-09-26T20:00:48Z,productcatalogservice,388.0,600,0.95,0.6466666666666666,0
2026-09-26T20:00:48Z,paymentservice,37.0,150,0.8,0.24666666666666667,0
2026-09-26T20:00:48Z,recommendationservice,965.0,2000,0.8,0.4825,0
2026-09-26T20:00:48Z,shippingservice,93.0,400,0.8,0.2325,0
2026-09-26T20:00:48Z,currencyservice,376.0,500,0.8,0.752,0
2026-09-26T20:00:48Z,emailservice,76.0,150,0.8,0.5066666666666667,0
2026-09-26T20:00:48Z,adservice,106.0,600,0.8,0.17666666666666667,0
2026-09-26T20:00:48Z,redis-cart,34.0,500,0.8,0.068,0
2026-09-26T20:00:49Z,frontend,285.0,1150,0.8,0.24782608695652175,0
2026-09-26T20:00:49Z,cartservice,357.0,1000,0.95,0.357,0
2026-09-26T20:00:49Z,checkoutservice,658.0,1500,0.8,0.43866666666666665,0
2026-09-26T20:00:49Z,productcatalogservice,388.0,600,0.95,0.6466666666666666,0
2026-09-26T20:00:49Z,paymentservice,37.0,150,0.8,0.24666666666666667,0
2026-09-26T20:00:49Z,recommendationservice,965.0,2000,0.8,0.4825,0
2026-09-26T20:00:49Z,shippingservice,71.0,400,0.8,0.1775,0
2026-09-26T20:00:49Z,currencyservice,387.0,500,0.8,0.774,0
2026-09-26T20:00:49Z,emailservice,66.0,150,0.8,0.44,0
2026-09-26T20:00:49Z,adservice,106.0,600,0.8,0.17666666666666667,0
2026-09-26T20:00:49Z,redis-cart,34.0,500,0.8,0.068,0
2026-09-26T20:00:50Z,frontend,286.0,1150,0.8,0.24869565217391304,0
2026-09-26T20:00:50Z,cartservice,357.0,1000,0.95,0.357,0
2026-09-26T20:00:50Z,checkoutservice,658.0,1500,0.8,0.43866666666666665,0
2026-09-26T20:00:50Z,productcatalogservice,374.0,600,0.95,0.6233333333333333,0
2026-09-26T20:00:50Z,paymentservice,31.0,150,0.8,0.20666666666666667,0
2026-09-26T20:00:50Z,recommendationservice,999.0,2000,0.8,0.4995,0
2026-09-26T20:00:50Z,shippingservice,81.0,400,0.8,0.2025,0
2026-09-26T20:00:50Z,currencyservice,395.0,500,0.8,0.79,0
2026-09-26T20:00:50Z,emailservice,98.0,150,0.8,0.6533333333333333,0
2026-09-26T20:00:50Z,adservice,120.0,600,0.8,0.2,0
2026-09-26T20:00:50Z,redis-cart,40.0,500,0.8,0.08,0
2026-09-26T20:00:51Z,frontend,287.4,1150,0.8,0.24991304347826085,0
2026-09-26T20:00:51Z,cartservice,443.0,1000,0.95,0.443,0
2026-09-26T20:00:51Z,checkoutservice,615.0,1500,0.8,0.41,0
2026-09-26T20:00:51Z,productcatalogservice,401.0,600,0.95,0.6683333333333333,0
2026-09-26T20:00:51Z,paymentservice,53.0,150,0.8,0.35333333333333333,0
2026-09-26T20:00:51Z,recommendationservice,961.0,2000,0.8,0.4805,0
2026-09-26T20:00:51Z,shippingservice,79.0,400,0.8,0.1975,0
2026-09-26T20:00:51Z,currencyservice,395.0,500,0.8,0.79,0
2026-09-26T20:00:51Z,emailservice,98.0,150,0.8,0.6533333333333333,0
2026-09-26T20:00:51Z,adservice,120.0,600,0.8,0.2,0
2026-09-26T20:00:51Z,redis-cart,40.0,500,0.8,0.08,0
2026-09-26T20:00:52Z,frontend,287.8,1150,0.8,0.2502608695652174,0
2026-09-26T20:00:52Z,cartservice,443.0,1000,0.95,0.443,0
2026-09-26T20:00:52Z,checkoutservice,596.0,1500,0.8,0.3973333333333333,0
2026-09-26T20:00:52Z,productcatalogservice,390.0,600,0.95,0.65,0
2026-09-26T20:00:52Z,paymentservice,53.0,150,0.8,0.35333333333333333,0
2026-09-26T20:00:52Z,recommendationservice,961.0,2000,0.8,0.4805,0
2026-09-26T20:00:52Z,shippingservice,89.0,400,0.8,0.2225,0
2026-09-26T20:00:52Z,currencyservice,379.0,500,0.8,0.758,0
2026-09-26T20:00:52Z,emailservice,66.0,150,0.8,0.44,0
2026-09-26T20:00:52Z,adservice,116.0,600,0.8,0.19333333333333333,0
2026-09-26T20:00:52Z,redis-cart,37.0,500,0.8,0.074,0
2026-09-26T20:00:53Z,frontend,279.8,1150,0.8,0.24330434782608695,0
2026-09-26T20:00:53Z,cartservice,420.0,1000,0.95,0.42,0
2026-09-26T20:00:53Z,checkoutservice,596.0,1500,0.8,0.3973333333333333,0
2026-09-26T20:00:53Z,productcatalogservice,390.0,600,0.95,0.65,0
2026-09-26T20:00:53Z,paymentservice,38.0,150,0.8,0.25333333333333335,0
2026-09-26T20:00:53Z,recommendationservice,924.0,2000,0.8,0.462,0
2026-09-26T20:00:53Z,shippingservice,89.0,400,0.8,0.2225,0
2026-09-26T20:00:53Z,currencyservice,379.0,500,0.8,0.758,0
2026-09-26T20:00:53Z,emailservice,66.0,150,0.8,0.44,0
2026-09-26T20:00:53Z,adservice,109.0,600,0.8,0.18166666666666667,0
2026-09-26T20:00:53Z,redis-cart,34.0,500,0.8,0.068,0
2026-09-26T20:00:54Z,frontend,278.4,1150,0.8,0.24208695652173912,0
2026-09-26T20:00:54Z,cartservice,414.0,1000,0.95,0.414,0
2026-09-26T20:00:54Z,checkoutservice,660.0,1500,0.8,0.44,0
2026-09-26T20:00:54Z,productcatalogservice,388.0,600,0.95,0.6466666666666666,0
2026-09-26T20:00:54Z,paymentservice,40.0,150,0.8,0.26666666666666666,0
2026-09-26T20:00:54Z,recommendationservice,924.0,2000,0.8,0.462,0
2026-09-26T20:00:54Z,shippingservice,75.0,400,0.8,0.1875,0
2026-09-26T20:00:54Z,currencyservice,376.0,500,0.8,0.752,0
2026-09-26T20:00:54Z,emailservice,77.0,150,0.8,0.5133333333333333,0
2026-09-26T20:00:54Z,adservice,109.0,600,0.8,0.18166666666666667,0
2026-09-26T20:00:54Z,redis-cart,36.0,500,0.8,0.072,0
2026-09-26T20:00:55Z,frontend,285.4,1150,0.8,0.24817391304347824,0
2026-09-26T20:00:55Z,cartservice,414.0,1000,0.95,0.414,0
2026-09-26T20:00:55Z,checkoutservice,660.0,1500,0.8,0.44,0
2026-09-26T20:00:55Z,productcatalogservice,388.0,600,0.95,0.6466666666666666,0
2026-09-26T20:00:55Z,paymentservice,40.0,150,0.8,0.26666666666666666,0
2026-09-26T20:00:55Z,recommendationservice,926.0,2000,0.8,0.463,0
2026-09-26T20:00:55Z,shippingservice,75.0,400,0.8,0.1875,0
2026-09-26T20:00:55Z,currencyservice,376.0,500,0.8,0.752,0
2026-09-26T20:00:55Z,emailservice,77.0,150,0.8,0.5133333333333333,0
2026-09-26T20:00:55Z,adservice,115.0,600,0.8,0.19166666666666668,0
2026-09-26T20:00:55Z,redis-cart,37.0,500,0.8,0.074,0
2026-09-26T20:00:56Z,frontend,280.8,1150,0.8,0.24417391304347827,0
2026-09-26T20:00:56Z,cartservice,364.0,1000,0.95,0.364,0
2026-09-26T20:00:56Z,checkoutservice,675.0,1500,0.8,0.45,0
2026-09-26T20:00:56Z,productcatalogservice,393.0,600,0.95,0.655,0
2026-09-26T20:00:56Z,paymentservice,40.0,150,0.8,0.26666666666666666,0
2026-09-26T20:00:56Z,recommendationservice,944.0,2000,0.8,0.472,0
2026-09-26T20:00:56Z,shippingservice,79.0,400,0.8,0.1975,0
2026-09-26T20:00:56Z,currencyservice,365.0,500,0.8,0.73,0
2026-09-26T20:00:56Z,emailservice,86.0,150,0.8,0.5733333333333334,0
2026-09-26T20:00:56Z,adservice,115.0,600,0.8,0.19166666666666668,0
2026-09-26T20:00:56Z,redis-cart,37.0,500,0.8,0.074,0
2026-09-26T20:00:57Z,frontend,283.8,1150,0.8,0.2467826086956522,0
2026-09-26T20:00:57Z,cartservice,310.0,1000,0.95,0.31,0
2026-09-26T20:00:57Z,checkoutservice,675.0,1500,0.8,0.45,0
2026-09-26T20:00:57Z,productcatalogservice,389.0,600,0.95,0.6483333333333333,0
2026-09-26T20:00:57Z,paymentservice,40.0,150,0.8,0.26666666666666666,0
2026-09-26T20:00:57Z,recommendationservice,950.0,2000,0.8,0.475,0
2026-09-26T20:00:57Z,shippingservice,79.0,400,0.8,0.1975,0
2026-09-26T20:00:57Z,currencyservice,380.0,500,0.8,0.76,0
2026-09-26T20:00:57Z,emailservice,82.0,150,0.8,0.5466666666666666,0
2026-09-26T20:00:57Z,adservice,127.0,600,0.8,0.21166666666666667,0
2026-09-26T20:00:57Z,redis-cart,37.0,500,0.8,0.074,0
2026-09-26T20:00:58Z,frontend,285.6,1150,0.8,0.24834782608695655,0
2026-09-26T20:00:58Z,cartservice,310.0,1000,0.95,0.31,0
2026-09-26T20:00:58Z,checkoutservice,815.0,1500,0.8,0.5433333333333333,0
2026-09-26T20:00:58Z,productcatalogservice,389.0,600,0.95,0.6483333333333333,0
2026-09-26T20:00:58Z,paymentservice,37.0,150,0.8,0.24666666666666667,0
2026-09-26T20:00:58Z,recommendationservice,950.0,2000,0.8,0.475,0
2026-09-26T20:00:58Z,shippingservice,102.0,400,0.8,0.255,0
2026-09-26T20:00:58Z,currencyservice,381.0,500,0.8,0.762,0
2026-09-26T20:00:58Z,emailservice,82.0,150,0.8,0.5466666666666666,0
2026-09-26T20:00:58Z,adservice,113.0,600,0.8,0.18833333333333332,0
2026-09-26T20:00:58Z,redis-cart,37.0,500,0.8,0.074,0
2026-09-26T20:00:59Z,frontend,284.2,1150,0.8,0.24713043478260868,0
2026-09-26T20:00:59Z,cartservice,308.0,1000,0.95,0.308,0
2026-09-26T20:00:59Z,checkoutservice,558.0,1500,0.8,0.372,0
2026-09-26T20:00:59Z,productcatalogservice,381.0,600,0.95,0.635,0
2026-09-26T20:00:59Z,paymentservice,40.0,150,0.8,0.26666666666666666,0
2026-09-26T20:00:59Z,recommendationservice,947.0,2000,0.8,0.4735,0
2026-09-26T20:00:59Z,shippingservice,75.0,400,0.8,0.1875,0
2026-09-26T20:00:59Z,currencyservice,399.0,500,0.8,0.798,0
2026-09-26T20:00:59Z,emailservice,62.0,150,0.8,0.41333333333333333,0
2026-09-26T20:00:59Z,adservice,125.0,600,0.8,0.20833333333333334,0
2026-09-26T20:00:59Z,redis-cart,37.0,500,0.8,0.074,0
2026-09-26T20:01:00Z,frontend,284.8,1150,0.8,0.24765217391304348,0
2026-09-26T20:01:00Z,cartservice,308.0,1000,0.95,0.308,0
2026-09-26T20:01:00Z,checkoutservice,562.0,1500,0.8,0.37466666666666665,0
2026-09-26T20:01:00Z,productcatalogservice,420.0,600,0.95,0.7,0
2026-09-26T20:01:00Z,paymentservice,31.0,150,0.8,0.20666666666666667,0
2026-09-26T20:01:00Z,recommendationservice,937.0,2000,0.8,0.4685,0
2026-09-26T20:01:00Z,shippingservice,70.0,400,0.8,0.175,0
2026-09-26T20:01:00Z,currencyservice,389.0,500,0.8,0.778,0
2026-09-26T20:01:00Z,emailservice,88.0,150,0.8,0.5866666666666667,0
2026-09-26T20:01:00Z,adservice,125.0,600,0.8,0.20833333333333334,0
2026-09-26T20:01:00Z,redis-cart,37.0,500,0.8,0.074,0
2026-09-26T20:01:01Z,frontend,282.2,1150,0.8,0.24539130434782608,0
2026-09-26T20:01:01Z,cartservice,298.0,1000,0.95,0.298,0
2026-09-26T20:01:01Z,checkoutservice,624.0,1500,0.8,0.416,0
2026-09-26T20:01:01Z,productcatalogservice,420.0,600,0.95,0.7,0
2026-09-26T20:01:01Z,paymentservice,31.0,150,0.8,0.20666666666666667,0
2026-09-26T20:01:01Z,recommendationservice,988.0,2000,0.8,0.494,0
2026-09-26T20:01:01Z,shippingservice,70.0,400,0.8,0.175,0
2026-09-26T20:01:01Z,currencyservice,389.0,500,0.8,0.778,0
2026-09-26T20:01:01Z,emailservice,88.0,150,0.8,0.5866666666666667,0
2026-09-26T20:01:01Z,adservice,122.0,600,0.8,0.20333333333333334,0
2026-09-26T20:01:01Z,redis-cart,37.0,500,0.8,0.074,0
2026-09-26T20:01:02Z,frontend,284.6,1150,0.8,0.24747826086956523,0
2026-09-26T20:01:02Z,cartservice,298.0,1000,0.95,0.298,0
2026-09-26T20:01:02Z,checkoutservice,624.0,1500,0.8,0.416,0
2026-09-26T20:01:02Z,productcatalogservice,404.0,600,0.95,0.6733333333333333,0
2026-09-26T20:01:02Z,paymentservice,54.0,150,0.8,0.36,0
2026-09-26T20:01:02Z,recommendationservice,997.0,2000,0.8,0.4985,0
2026-09-26T20:01:02Z,shippingservice,81.0,400,0.8,0.2025,0
2026-09-26T20:01:02Z,currencyservice,387.0,500,0.8,0.774,0
2026-09-26T20:01:02Z,emailservice,59.0,150,0.8,0.3933333333333333,0
2026-09-26T20:01:02Z,adservice,122.0,600,0.8,0.20333333333333334,0
2026-09-26T20:01:02Z,redis-cart,39.0,500,0.8,0.078,0
2026-09-26T20:01:03Z,frontend,282.4,1150,0.8,0.24556521739130432,0
2026-09-26T20:01:03Z,cartservice,326.0,1000,0.95,0.326,0
2026-09-26T20:01:03Z,checkoutservice,637.0,1500,0.8,0.4246666666666667,0
2026-09-26T20:01:03Z,productcatalogservice,404.0,600,0.95,0.6733333333333333,0
2026-09-26T20:01:03Z,paymentservice,31.0,150,0.8,0.20666666666666667,0
2026-09-26T20:01:03Z,recommendationservice,965.0,2000,0.8,0.4825,0
2026-09-26T20:01:03Z,shippingservice,81.0,400,0.8,0.2025,0
2026-09-26T20:01:03Z,currencyservice,364.0,500,0.8,0.728,0
2026-09-26T20:01:03Z,emailservice,59.0,150,0.8,0.3933333333333333,0
2026-09-26T20:01:03Z,adservice,118.0,600,0.8,0.19666666666666666,0
2026-09-26T20:01:03Z,redis-cart,37.0,500,0.8,0.074,0
2026-09-26T20:01:04Z,frontend,284.6,1150,0.8,0.24747826086956523,0
2026-09-26T20:01:04Z,cartservice,308.0,1000,0.95,0.308,0
2026-09-26T20:01:04Z,checkoutservice,557.0,1500,0.8,0.37133333333333335,0
2026-09-26T20:01:04Z,productcatalogservice,381.0,600,0.95,0.635,0
2026-09-26T20:01:04Z,paymentservice,31.0,150,0.8,0.20666666666666667,0
2026-09-26T20:01:04Z,recommendationservice,965.0,2000,0.8,0.4825,0
2026-09-26T20:01:04Z,shippingservice,73.0,400,0.8,0.1825,0
2026-09-26T20:01:04Z,currencyservice,375.0,500,0.8,0.75,0
2026-09-26T20:01:04Z,emailservice,63.0,150,0.8,0.42,0
2026-09-26T20:01:04Z,adservice,112.0,600,0.8,0.18666666666666668,0
2026-09-26T20:01:04Z,redis-cart,37.0,500,0.8,0.074,0
2026-09-26T20:01:05Z,frontend,283.8,1150,0.8,0.2467826086956522,0
2026-09-26T20:01:05Z,cartservice,308.0,1000,0.95,0.308,0
2026-09-26T20:01:05Z,checkoutservice,557.0,1500,0.8,0.37133333333333335,0
2026-09-26T20:01:05Z,productcatalogservice,406.0,600,0.95,0.6766666666666666,0
2026-09-26T20:01:05Z,paymentservice,51.0,150,0.8,0.34,0
2026-09-26T20:01:05Z,recommendationservice,942.0,2000,0.8,0.471,0
2026-09-26T20:01:05Z,shippingservice,73.0,400,0.8,0.1825,0
2026-09-26T20:01:05Z,currencyservice,375.0,500,0.8,0.75,0
2026-09-26T20:01:05Z,emailservice,92.0,150,0.8,0.6133333333333333,0
2026-09-26T20:01:05Z,adservice,104.0,600,0.8,0.17333333333333334,0
2026-09-26T20:01:05Z,redis-cart,37.0,500,0.8,0.074,0
2026-09-26T20:01:06Z,frontend,270.2,1150,0.8,0.23495652173913043,0
2026-09-26T20:01:06Z,cartservice,326.0,1000,0.95,0.326,0
2026-09-26T20:01:06Z,checkoutservice,637.0,1500,0.8,0.4246666666666667,0
2026-09-26T20:01:06Z,productcatalogservice,402.0,600,0.95,0.67,0
2026-09-26T20:01:06Z,paymentservice,38.0,150,0.8,0.25333333333333335,0
2026-09-26T20:01:06Z,recommendationservice,942.0,2000,0.8,0.471,0
2026-09-26T20:01:06Z,shippingservice,70.0,400,0.8,0.175,0
2026-09-26T20:01:06Z,currencyservice,357.0,500,0.8,0.714,0
2026-09-26T20:01:06Z,emailservice,92.0,150,0.8,0.6133333333333333,0
2026-09-26T20:01:06Z,adservice,117.0,600,0.8,0.195,0
2026-09-26T20:01:06Z,redis-cart,38.0,500,0.8,0.076,0
2026-09-26T20:01:07Z,frontend,250.4,1150,0.8,0.2177391304347826,0
2026-09-26T20:01:07Z,cartservice,326.0,1000,0.95,0.326,0
2026-09-26T20:01:07Z,checkoutservice,637.0,1500,0.8,0.4246666666666667,0
2026-09-26T20:01:07Z,productcatalogservice,402.0,600,0.95,0.67,0
2026-09-26T20:01:07Z,paymentservice,38.0,150,0.8,0.25333333333333335,0
2026-09-26T20:01:07Z,recommendationservice,961.0,2000,0.8,0.4805,0
2026-09-26T20:01:07Z,shippingservice,118.0,400,0.8,0.295,0
2026-09-26T20:01:07Z,currencyservice,357.0,500,0.8,0.714,0
2026-09-26T20:01:07Z,emailservice,77.0,150,0.8,0.5133333333333333,0
2026-09-26T20:01:07Z,adservice,106.0,600,0.8,0.17666666666666667,0
2026-09-26T20:01:07Z,redis-cart,37.0,500,0.8,0.074,0
2026-09-26T20:01:08Z,frontend,277.2,1150,0.8,0.24104347826086955,0
2026-09-26T20:01:08Z,cartservice,331.0,1000,0.95,0.331,0
2026-09-26T20:01:08Z,checkoutservice,657.0,1500,0.8,0.438,0
2026-09-26T20:01:08Z,productcatalogservice,401.0,600,0.95,0.6683333333333333,0
2026-09-26T20:01:08Z,paymentservice,40.0,150,0.8,0.26666666666666666,0
2026-09-26T20:01:08Z,recommendationservice,938.0,2000,0.8,0.469,0
2026-09-26T20:01:08Z,shippingservice,71.0,400,0.8,0.1775,0
2026-09-26T20:01:08Z,currencyservice,405.0,500,0.8,0.81,1
2026-09-26T20:01:08Z,emailservice,88.0,150,0.8,0.5866666666666667,0
2026-09-26T20:01:08Z,adservice,106.0,600,0.8,0.17666666666666667,0
2026-09-26T20:01:08Z,redis-cart,37.0,500,0.8,0.074,0
2026-09-26T20:01:09Z,frontend,295.0,1150,0.8,0.2565217391304348,0
2026-09-26T20:01:09Z,cartservice,331.0,1000,0.95,0.331,0
2026-09-26T20:01:09Z,checkoutservice,750.0,1500,0.8,0.5,0
2026-09-26T20:01:09Z,productcatalogservice,397.0,600,0.95,0.6616666666666666,0
2026-09-26T20:01:09Z,paymentservice,41.0,150,0.8,0.2733333333333333,0
2026-09-26T20:01:09Z,recommendationservice,938.0,2000,0.8,0.469,0
2026-09-26T20:01:09Z,shippingservice,71.0,400,0.8,0.1775,0
2026-09-26T20:01:09Z,currencyservice,408.0,500,0.8,0.816,1
2026-09-26T20:01:09Z,emailservice,88.0,150,0.8,0.5866666666666667,0
2026-09-26T20:01:09Z,adservice,107.0,600,0.8,0.17833333333333334,0
2026-09-26T20:01:09Z,redis-cart,38.0,500,0.8,0.076,0
2026-09-26T20:01:10Z,frontend,278.2,1150,0.8,0.24191304347826087,0
2026-09-26T20:01:10Z,cartservice,312.0,1000,0.95,0.312,0
2026-09-26T20:01:10Z,checkoutservice,624.0,1500,0.8,0.416,0
2026-09-26T20:01:10Z,productcatalogservice,397.0,600,0.95,0.6616666666666666,0
2026-09-26T20:01:10Z,paymentservice,35.0,150,0.8,0.23333333333333334,0
2026-09-26T20:01:10Z,recommendationservice,989.0,2000,0.8,0.4945,0
2026-09-26T20:01:10Z,shippingservice,80.0,400,0.8,0.2,0
2026-09-26T20:01:10Z,currencyservice,344.0,500,0.8,0.688,0
2026-09-26T20:01:10Z,emailservice,65.0,150,0.8,0.43333333333333335,0
2026-09-26T20:01:10Z,adservice,107.0,600,0.8,0.17833333333333334,0
2026-09-26T20:01:10Z,redis-cart,38.0,500,0.8,0.076,0
2026-09-26T20:01:11Z,frontend,273.0,1150,0.8,0.2373913043478261,0
2026-09-26T20:01:11Z,cartservice,373.0,1000,0.95,0.373,0
2026-09-26T20:01:11Z,checkoutservice,624.0,1500,0.8,0.416,0
2026-09-26T20:01:11Z,productcatalogservice,383.0,600,0.95,0.6383333333333333,0
2026-09-26T20:01:11Z,paymentservice,31.0,150,0.8,0.20666666666666667,0
2026-09-26T20:01:11Z,recommendationservice,973.0,2000,0.8,0.4865,0
2026-09-26T20:01:11Z,shippingservice,68.0,400,0.8,0.17,0
2026-09-26T20:01:11Z,currencyservice,344.0,500,0.8,0.688,0
2026-09-26T20:01:11Z,emailservice,65.0,150,0.8,0.43333333333333335,0
2026-09-26T20:01:11Z,adservice,114.0,600,0.8,0.19,0
2026-09-26T20:01:11Z,redis-cart,38.0,500,0.8,0.076,0
2026-09-26T20:01:12Z,frontend,296.6,1150,0.8,0.2579130434782609,0
2026-09-26T20:01:12Z,cartservice,339.0,1000,0.95,0.339,0
2026-09-26T20:01:12Z,checkoutservice,645.0,1500,0.8,0.43,0
2026-09-26T20:01:12Z,productcatalogservice,399.0,600,0.95,0.665,0
2026-09-26T20:01:12Z,paymentservice,53.0,150,0.8,0.35333333333333333,0
2026-09-26T20:01:12Z,recommendationservice,973.0,2000,0.8,0.4865,0
2026-09-26T20:01:12Z,shippingservice,68.0,400,0.8,0.17,0
2026-09-26T20:01:12Z,currencyservice,389.0,500,0.8,0.778,0
2026-09-26T20:01:12Z,emailservice,77.0,150,0.8,0.5133333333333333,0
2026-09-26T20:01:12Z,adservice,115.0,600,0.8,0.19166666666666668,0
2026-09-26T20:01:12Z,redis-cart,33.0,500,0.8,0.066,0
2026-09-26T20:01:13Z,frontend,291.4,1150,0.8,0.2533913043478261,0
2026-09-26T20:01:13Z,cartservice,339.0,1000,0.95,0.339,0
2026-09-26T20:01:13Z,checkoutservice,642.0,1500,0.8,0.428,0
2026-09-26T20:01:13Z,productcatalogservice,399.0,600,0.95,0.665,0
2026-09-26T20:01:13Z,paymentservice,53.0,150,0.8,0.35333333333333333,0
2026-09-26T20:01:13Z,recommendationservice,969.0,2000,0.8,0.4845,0
2026-09-26T20:01:13Z,shippingservice,90.0,400,0.8,0.225,0
2026-09-26T20:01:13Z,currencyservice,389.0,500,0.8,0.778,0
2026-09-26T20:01:13Z,emailservice,77.0,150,0.8,0.5133333333333333,0
2026-09-26T20:01:13Z,adservice,112.0,600,0.8,0.18666666666666668,0
2026-09-26T20:01:13Z,redis-cart,33.0,500,0.8,0.066,0
2026-09-26T20:01:14Z,frontend,271.8,1150,0.8,0.23634782608695654,0
2026-09-26T20:01:14Z,cartservice,347.0,1000,0.95,0.347,0
2026-09-26T20:01:14Z,checkoutservice,642.0,1500,0.8,0.428,0
2026-09-26T20:01:14Z,productcatalogservice,398.0,600,0.95,0.6633333333333333,0
2026-09-26T20:01:14Z,paymentservice,47.0,150,0.8,0.31333333333333335,0
2026-09-26T20:01:14Z,recommendationservice,942.0,2000,0.8,0.471,0
2026-09-26T20:01:14Z,shippingservice,90.0,400,0.8,0.225,0
2026-09-26T20:01:14Z,currencyservice,389.0,500,0.8,0.778,0
2026-09-26T20:01:14Z,emailservice,81.0,150,0.8,0.54,0
2026-09-26T20:01:14Z,adservice,112.0,600,0.8,0.18666666666666668,0
2026-09-26T20:01:14Z,redis-cart,37.0,500,0.8,0.074,0
2026-09-26T20:01:15Z,frontend,268.4,1150,0.8,0.23339130434782607,0
2026-09-26T20:01:15Z,cartservice,347.0,1000,0.95,0.347,0
2026-09-26T20:01:15Z,checkoutservice,731.0,1500,0.8,0.48733333333333334,0
2026-09-26T20:01:15Z,productcatalogservice,377.0,600,0.95,0.6283333333333333,0
2026-09-26T20:01:15Z,paymentservice,38.0,150,0.8,0.25333333333333335,0
2026-09-26T20:01:15Z,recommendationservice,971.0,2000,0.8,0.4855,0
2026-09-26T20:01:15Z,shippingservice,85.0,400,0.8,0.2125,0
2026-09-26T20:01:15Z,currencyservice,367.0,500,0.8,0.734,0
2026-09-26T20:01:15Z,emailservice,93.0,150,0.8,0.62,0
2026-09-26T20:01:15Z,adservice,130.0,600,0.8,0.21666666666666667,0
2026-09-26T20:01:15Z,redis-cart,37.0,500,0.8,0.074,0
2026-09-26T20:01:16Z,frontend,293.6,1150,0.8,0.25530434782608696,0
2026-09-26T20:01:16Z,cartservice,374.0,1000,0.95,0.374,0
2026-09-26T20:01:16Z,checkoutservice,731.0,1500,0.8,0.48733333333333334,0
2026-09-26T20:01:16Z,productcatalogservice,377.0,600,0.95,0.6283333333333333,0
2026-09-26T20:01:16Z,paymentservice,38.0,150,0.8,0.25333333333333335,0
2026-09-26T20:01:16Z,recommendationservice,971.0,2000,0.8,0.4855,0
2026-09-26T20:01:16Z,shippingservice,86.0,400,0.8,0.215,0
2026-09-26T20:01:16Z,currencyservice,392.0,500,0.8,0.784,0
2026-09-26T20:01:16Z,emailservice,93.0,150,0.8,0.62,0
2026-09-26T20:01:16Z,adservice,120.0,600,0.8,0.2,0
2026-09-26T20:01:16Z,redis-cart,37.0,500,0.8,0.074,0
2026-09-26T20:01:17Z,frontend,286.2,1150,0.8,0.2488695652173913,0
2026-09-26T20:01:17Z,cartservice,361.0,1000,0.95,0.361,0
2026-09-26T20:01:17Z,checkoutservice,688.0,1500,0.8,0.45866666666666667,0
2026-09-26T20:01:17Z,productcatalogservice,393.0,600,0.95,0.655,0
2026-09-26T20:01:17Z,paymentservice,40.0,150,0.8,0.26666666666666666,0
2026-09-26T20:01:17Z,recommendationservice,918.0,2000,0.8,0.459,0
2026-09-26T20:01:17Z,shippingservice,86.0,400,0.8,0.215,0
2026-09-26T20:01:17Z,currencyservice,392.0,500,0.8,0.784,0
2026-09-26T20:01:17Z,emailservice,69.0,150,0.8,0.46,0
2026-09-26T20:01:17Z,adservice,120.0,600,0.8,0.2,0
2026-09-26T20:01:17Z,redis-cart,43.0,500,0.8,0.086,0
2026-09-26T20:01:18Z,frontend,295.8,1150,0.8,0.25721739130434784,0
2026-09-26T20:01:18Z,cartservice,318.0,1000,0.95,0.318,0
2026-09-26T20:01:18Z,checkoutservice,688.0,1500,0.8,0.45866666666666667,0
2026-09-26T20:01:18Z,productcatalogservice,414.0,600,0.95,0.69,0
2026-09-26T20:01:18Z,paymentservice,31.0,150,0.8,0.20666666666666667,0
2026-09-26T20:01:18Z,recommendationservice,964.0,2000,0.8,0.482,0
2026-09-26T20:01:18Z,shippingservice,105.0,400,0.8,0.2625,0
2026-09-26T20:01:18Z,currencyservice,406.0,500,0.8,0.812,1
2026-09-26T20:01:18Z,emailservice,74.0,150,0.8,0.49333333333333335,0
2026-09-26T20:01:18Z,adservice,115.0,600,0.8,0.19166666666666668,0
2026-09-26T20:01:18Z,redis-cart,34.0,500,0.8,0.068,0
2026-09-26T20:01:19Z,frontend,282.4,1150,0.8,0.24556521739130432,0
2026-09-26T20:01:19Z,cartservice,318.0,1000,0.95,0.318,0
2026-09-26T20:01:19Z,checkoutservice,596.0,1500,0.8,0.3973333333333333,0
2026-09-26T20:01:19Z,productcatalogservice,414.0,600,0.95,0.69,0
2026-09-26T20:01:19Z,paymentservice,31.0,150,0.8,0.20666666666666667,0
2026-09-26T20:01:19Z,recommendationservice,1012.0,2000,0.8,0.506,0
2026-09-26T20:01:19Z,shippingservice,53.0,400,0.8,0.1325,0
2026-09-26T20:01:19Z,currencyservice,376.0,500,0.8,0.752,0
2026-09-26T20:01:19Z,emailservice,74.0,150,0.8,0.49333333333333335,0
2026-09-26T20:01:19Z,adservice,106.0,600,0.8,0.17666666666666667,0
2026-09-26T20:01:19Z,redis-cart,33.0,500,0.8,0.066,0
2026-09-26T20:01:20Z,frontend,281.2,1150,0.8,0.24452173913043476,0
2026-09-26T20:01:20Z,cartservice,332.0,1000,0.95,0.332,0
2026-09-26T20:01:20Z,checkoutservice,581.0,1500,0.8,0.3873333333333333,0
2026-09-26T20:01:20Z,productcatalogservice,407.0,600,0.95,0.6783333333333333,0
2026-09-26T20:01:20Z,paymentservice,27.0,150,0.8,0.18,0
2026-09-26T20:01:20Z,recommendationservice,1012.0,2000,0.8,0.506,0
2026-09-26T20:01:20Z,shippingservice,53.0,400,0.8,0.1325,0
2026-09-26T20:01:20Z,currencyservice,376.0,500,0.8,0.752,0
2026-09-26T20:01:20Z,emailservice,51.0,150,0.8,0.34,0
2026-09-26T20:01:20Z,adservice,106.0,600,0.8,0.17666666666666667,0
2026-09-26T20:01:20Z,redis-cart,33.0,500,0.8,0.066,0
2026-09-26T20:01:21Z,frontend,291.0,1150,0.8,0.2530434782608696,0
2026-09-26T20:01:21Z,cartservice,342.0,1000,0.95,0.342,0
2026-09-26T20:01:21Z,checkoutservice,581.0,1500,0.8,0.3873333333333333,0
2026-09-26T20:01:21Z,productcatalogservice,399.0,600,0.95,0.665,0
2026-09-26T20:01:21Z,paymentservice,40.0,150,0.8,0.26666666666666666,0
2026-09-26T20:01:21Z,recommendationservice,962.0,2000,0.8,0.481,0
2026-09-26T20:01:21Z,shippingservice,84.0,400,0.8,0.21,0
2026-09-26T20:01:21Z,currencyservice,392.0,500,0.8,0.784,0
2026-09-26T20:01:21Z,emailservice,51.0,150,0.8,0.34,0
2026-09-26T20:01:21Z,adservice,124.0,600,0.8,0.20666666666666667,0
2026-09-26T20:01:21Z,redis-cart,38.0,500,0.8,0.076,0
2026-09-26T20:01:22Z,frontend,291.6,1150,0.8,0.2535652173913044,0
2026-09-26T20:01:22Z,cartservice,342.0,1000,0.95,0.342,0
2026-09-26T20:01:22Z,checkoutservice,721.0,1500,0.8,0.4806666666666667,0
2026-09-26T20:01:22Z,productcatalogservice,399.0,600,0.95,0.665,0
2026-09-26T20:01:22Z,paymentservice,40.0,150,0.8,0.26666666666666666,0
2026-09-26T20:01:22Z,recommendationservice,962.0,2000,0.8,0.481,0
2026-09-26T20:01:22Z,shippingservice,84.0,400,0.8,0.21,0
2026-09-26T20:01:22Z,currencyservice,371.0,500,0.8,0.742,0
2026-09-26T20:01:22Z,emailservice,93.0,150,0.8,0.62,0
2026-09-26T20:01:22Z,adservice,105.0,600,0.8,0.175,0
2026-09-26T20:01:22Z,redis-cart,36.0,500,0.8,0.072,0
2026-09-26T20:01:23Z,frontend,290.8,1150,0.8,0.2528695652173913,0
2026-09-26T20:01:23Z,cartservice,336.0,1000,0.95,0.336,0
2026-09-26T20:01:23Z,checkoutservice,799.0,1500,0.8,0.5326666666666666,0
2026-09-26T20:01:23Z,productcatalogservice,378.0,600,0.95,0.63,0
2026-09-26T20:01:23Z,paymentservice,65.0,150,0.8,0.43333333333333335,0
2026-09-26T20:01:23Z,recommendationservice,943.0,2000,0.8,0.4715,0
2026-09-26T20:01:23Z,shippingservice,95.0,400,0.8,0.2375,0
2026-09-26T20:01:23Z,currencyservice,371.0,500,0.8,0.742,0
2026-09-26T20:01:23Z,emailservice,83.0,150,0.8,0.5533333333333333,0
2026-09-26T20:01:23Z,adservice,105.0,600,0.8,0.175,0
2026-09-26T20:01:23Z,redis-cart,37.0,500,0.8,0.074,0
2026-09-26T20:01:24Z,frontend,286.4,1150,0.8,0.24904347826086953,0
2026-09-26T20:01:24Z,cartservice,336.0,1000,0.95,0.336,0
2026-09-26T20:01:24Z,checkoutservice,691.0,1500,0.8,0.46066666666666667,0
2026-09-26T20:01:24Z,productcatalogservice,378.0,600,0.95,0.63,0
2026-09-26T20:01:24Z,paymentservice,40.0,150,0.8,0.26666666666666666,0
2026-09-26T20:01:24Z,recommendationservice,881.0,2000,0.8,0.4405,0
2026-09-26T20:01:24Z,shippingservice,91.0,400,0.8,0.2275,0
2026-09-26T20:01:24Z,currencyservice,393.0,500,0.8,0.786,0
2026-09-26T20:01:24Z,emailservice,83.0,150,0.8,0.5533333333333333,0
2026-09-26T20:01:24Z,adservice,125.0,600,0.8,0.20833333333333334,0
2026-09-26T20:01:24Z,redis-cart,37.0,500,0.8,0.074,0
2026-09-26T20:01:25Z,frontend,294.0,1150,0.8,0.25565217391304346,0
2026-09-26T20:01:25Z,cartservice,320.0,1000,0.95,0.32,0
2026-09-26T20:01:25Z,checkoutservice,691.0,1500,0.8,0.46066666666666667,0
2026-09-26T20:01:25Z,productcatalogservice,420.0,600,0.95,0.7,0
2026-09-26T20:01:25Z,paymentservice,40.0,150,0.8,0.26666666666666666,0
2026-09-26T20:01:25Z,recommendationservice,881.0,2000,0.8,0.4405,0
2026-09-26T20:01:25Z,shippingservice,71.0,400,0.8,0.1775,0
2026-09-26T20:01:25Z,currencyservice,387.0,500,0.8,0.774,0
2026-09-26T20:01:25Z,emailservice,70.0,150,0.8,0.4666666666666667,0
2026-09-26T20:01:25Z,adservice,113.0,600,0.8,0.18833333333333332,0
2026-09-26T20:01:25Z,redis-cart,40.0,500,0.8,0.08,0
2026-09-26T20:01:26Z,frontend,278.6,1150,0.8,0.24226086956521742,0
2026-09-26T20:01:26Z,cartservice,313.0,1000,0.95,0.313,0
2026-09-26T20:01:26Z,checkoutservice,592.0,1500,0.8,0.39466666666666667,0
2026-09-26T20:01:26Z,productcatalogservice,392.0,600,0.95,0.6533333333333333,0
2026-09-26T20:01:26Z,paymentservice,34.0,150,0.8,0.22666666666666666,0
2026-09-26T20:01:26Z,recommendationservice,964.0,2000,0.8,0.482,0
2026-09-26T20:01:26Z,shippingservice,71.0,400,0.8,0.1775,0
2026-09-26T20:01:26Z,currencyservice,387.0,500,0.8,0.774,0
2026-09-26T20:01:26Z,emailservice,85.0,150,0.8,0.5666666666666667,0
2026-09-26T20:01:26Z,adservice,113.0,600,0.8,0.18833333333333332,0
2026-09-26T20:01:26Z,redis-cart,39.0,500,0.8,0.078,0
2026-09-26T20:01:27Z,frontend,277.4,1150,0.8,0.2412173913043478,0
2026-09-26T20:01:27Z,cartservice,313.0,1000,0.95,0.313,0
2026-09-26T20:01:27Z,checkoutservice,561.0,1500,0.8,0.374,0
2026-09-26T20:01:27Z,productcatalogservice,386.0,600,0.95,0.6433333333333333,0
2026-09-26T20:01:27Z,paymentservice,37.0,150,0.8,0.24666666666666667,0
2026-09-26T20:01:27Z,recommendationservice,964.0,2000,0.8,0.482,0
2026-09-26T20:01:27Z,shippingservice,89.0,400,0.8,0.2225,0
2026-09-26T20:01:27Z,currencyservice,367.0,500,0.8,0.734,0
2026-09-26T20:01:27Z,emailservice,85.0,150,0.8,0.5666666666666667,0
2026-09-26T20:01:27Z,adservice,105.0,600,0.8,0.175,0
2026-09-26T20:01:27Z,redis-cart,36.0,500,0.8,0.072,0
2026-09-26T20:01:28Z,frontend,286.4,1150,0.8,0.24904347826086953,0
2026-09-26T20:01:28Z,cartservice,356.0,1000,0.95,0.356,0
2026-09-26T20:01:28Z,checkoutservice,561.0,1500,0.8,0.374,0
2026-09-26T20:01:28Z,productcatalogservice,420.0,600,0.95,0.7,0
2026-09-26T20:01:28Z,paymentservice,39.0,150,0.8,0.26,0
2026-09-26T20:01:28Z,recommendationservice,966.0,2000,0.8,0.483,0
2026-09-26T20:01:28Z,shippingservice,89.0,400,0.8,0.2225,0
2026-09-26T20:01:28Z,currencyservice,378.0,500,0.8,0.756,0
2026-09-26T20:01:28Z,emailservice,71.0,150,0.8,0.47333333333333333,0
2026-09-26T20:01:28Z,adservice,122.0,600,0.8,0.20333333333333334,0
2026-09-26T20:01:28Z,redis-cart,36.0,500,0.8,0.072,0
2026-09-26T20:01:29Z,frontend,292.2,1150,0.8,0.2540869565217391,0
2026-09-26T20:01:29Z,cartservice,318.0,1000,0.95,0.318,0
2026-09-26T20:01:29Z,checkoutservice,736.0,1500,0.8,0.49066666666666664,0
2026-09-26T20:01:29Z,productcatalogservice,420.0,600,0.95,0.7,0
2026-09-26T20:01:29Z,paymentservice,46.0,150,0.8,0.30666666666666664,0
2026-09-26T20:01:29Z,recommendationservice,962.0,2000,0.8,0.481,0
2026-09-26T20:01:29Z,shippingservice,78.0,400,0.8,0.195,0
2026-09-26T20:01:29Z,currencyservice,378.0,500,0.8,0.756,0
2026-09-26T20:01:29Z,emailservice,71.0,150,0.8,0.47333333333333333,0
2026-09-26T20:01:29Z,adservice,140.0,600,0.8,0.23333333333333334,0
2026-09-26T20:01:29Z,redis-cart,36.0,500,0.8,0.072,0
2026-09-26T20:01:30Z,frontend,287.4,1150,0.8,0.24991304347826085,0
2026-09-26T20:01:30Z,cartservice,318.0,1000,0.95,0.318,0
2026-09-26T20:01:30Z,checkoutservice,751.0,1500,0.8,0.5006666666666667,0
2026-09-26T20:01:30Z,productcatalogservice,418.0,600,0.95,0.6966666666666667,0
2026-09-26T20:01:30Z,paymentservice,46.0,150,0.8,0.30666666666666664,0
2026-09-26T20:01:30Z,recommendationservice,958.0,2000,0.8,0.479,0
2026-09-26T20:01:30Z,shippingservice,89.0,400,0.8,0.2225,0
2026-09-26T20:01:30Z,currencyservice,393.0,500,0.8,0.786,0
2026-09-26T20:01:30Z,emailservice,80.0,150,0.8,0.5333333333333333,0
2026-09-26T20:01:30Z,adservice,140.0,600,0.8,0.23333333333333334,0
2026-09-26T20:01:30Z,redis-cart,36.0,500,0.8,0.072,0
2026-09-26T20:01:31Z,frontend,290.2,1150,0.8,0.2523478260869565,0
2026-09-26T20:01:31Z,cartservice,367.0,1000,0.95,0.367,0
2026-09-26T20:01:31Z,checkoutservice,642.0,1500,0.8,0.428,0
2026-09-26T20:01:31Z,productcatalogservice,379.0,600,0.95,0.6316666666666667,0
2026-09-26T20:01:31Z,paymentservice,38.0,150,0.8,0.25333333333333335,0
2026-09-26T20:01:31Z,recommendationservice,958.0,2000,0.8,0.479,0
2026-09-26T20:01:31Z,shippingservice,89.0,400,0.8,0.2225,0
2026-09-26T20:01:31Z,currencyservice,372.0,500,0.8,0.744,0
2026-09-26T20:01:31Z,emailservice,80.0,150,0.8,0.5333333333333333,0
2026-09-26T20:01:31Z,adservice,128.0,600,0.8,0.21333333333333335,0
2026-09-26T20:01:31Z,redis-cart,38.0,500,0.8,0.076,0
2026-09-26T20:01:32Z,frontend,281.6,1150,0.8,0.2448695652173913,0
2026-09-26T20:01:32Z,cartservice,367.0,1000,0.95,0.367,0
2026-09-26T20:01:32Z,checkoutservice,642.0,1500,0.8,0.428,0
2026-09-26T20:01:32Z,productcatalogservice,379.0,600,0.95,0.6316666666666667,0
2026-09-26T20:01:32Z,paymentservice,68.0,150,0.8,0.4533333333333333,0
2026-09-26T20:01:32Z,recommendationservice,925.0,2000,0.8,0.4625,0
2026-09-26T20:01:32Z,shippingservice,80.0,400,0.8,0.2,0
2026-09-26T20:01:32Z,currencyservice,409.0,500,0.8,0.818,1
2026-09-26T20:01:32Z,emailservice,96.0,150,0.8,0.64,0
2026-09-26T20:01:32Z,adservice,128.0,600,0.8,0.21333333333333335,0
2026-09-26T20:01:32Z,redis-cart,38.0,500,0.8,0.076,0
2026-09-26T20:01:33Z,frontend,286.6,1150,0.8,0.24921739130434784,0
2026-09-26T20:01:33Z,cartservice,372.0,1000,0.95,0.372,0
2026-09-26T20:01:33Z,checkoutservice,726.0,1500,0.8,0.484,0
2026-09-26T20:01:33Z,productcatalogservice,393.0,600,0.95,0.655,0
2026-09-26T20:01:33Z,paymentservice,47.0,150,0.8,0.31333333333333335,0
2026-09-26T20:01:33Z,recommendationservice,925.0,2000,0.8,0.4625,0
2026-09-26T20:01:33Z,shippingservice,80.0,400,0.8,0.2,0
2026-09-26T20:01:33Z,currencyservice,409.0,500,0.8,0.818,1
2026-09-26T20:01:33Z,emailservice,78.0,150,0.8,0.52,0
2026-09-26T20:01:33Z,adservice,112.0,600,0.8,0.18666666666666668,0
2026-09-26T20:01:33Z,redis-cart,38.0,500,0.8,0.076,0
2026-09-26T20:01:34Z,frontend,287.8,1150,0.8,0.2502608695652174,0
2026-09-26T20:01:34Z,cartservice,327.0,1000,0.95,0.327,0
2026-09-26T20:01:34Z,checkoutservice,770.0,1500,0.8,0.5133333333333333,0
2026-09-26T20:01:34Z,productcatalogservice,393.0,600,0.95,0.655,0
2026-09-26T20:01:34Z,paymentservice,47.0,150,0.8,0.31333333333333335,0
2026-09-26T20:01:34Z,recommendationservice,910.0,2000,0.8,0.455,0
2026-09-26T20:01:34Z,shippingservice,87.0,400,0.8,0.2175,0
2026-09-26T20:01:34Z,currencyservice,378.0,500,0.8,0.756,0
2026-09-26T20:01:34Z,emailservice,69.0,150,0.8,0.46,0
2026-09-26T20:01:34Z,adservice,124.0,600,0.8,0.20666666666666667,0
2026-09-26T20:01:34Z,redis-cart,36.0,500,0.8,0.072,0
2026-09-26T20:01:35Z,frontend,292.6,1150,0.8,0.2544347826086957,0
2026-09-26T20:01:35Z,cartservice,402.0,1000,0.95,0.402,0
2026-09-26T20:01:35Z,checkoutservice,655.0,1500,0.8,0.43666666666666665,0
2026-09-26T20:01:35Z,productcatalogservice,405.0,600,0.95,0.675,0
2026-09-26T20:01:35Z,paymentservice,35.0,150,0.8,0.23333333333333334,0
2026-09-26T20:01:35Z,recommendationservice,943.0,2000,0.8,0.4715,0
2026-09-26T20:01:35Z,shippingservice,87.0,400,0.8,0.2175,0
2026-09-26T20:01:35Z,currencyservice,380.0,500,0.8,0.76,0
2026-09-26T20:01:35Z,emailservice,69.0,150,0.8,0.46,0
2026-09-26T20:01:35Z,adservice,108.0,600,0.8,0.18,0
2026-09-26T20:01:35Z,redis-cart,35.0,500,0.8,0.07,0
2026-09-26T20:01:36Z,frontend,286.0,1150,0.8,0.24869565217391304,0
2026-09-26T20:01:36Z,cartservice,450.0,1000,0.95,0.45,0
2026-09-26T20:01:36Z,checkoutservice,655.0,1500,0.8,0.43666666666666665,0
2026-09-26T20:01:36Z,productcatalogservice,390.0,600,0.95,0.65,0
2026-09-26T20:01:36Z,paymentservice,27.0,150,0.8,0.18,0
2026-09-26T20:01:36Z,recommendationservice,964.0,2000,0.8,0.482,0
2026-09-26T20:01:36Z,shippingservice,77.0,400,0.8,0.1925,0
2026-09-26T20:01:36Z,currencyservice,401.0,500,0.8,0.802,1
2026-09-26T20:01:36Z,emailservice,73.0,150,0.8,0.4866666666666667,0
2026-09-26T20:01:36Z,adservice,108.0,600,0.8,0.18,0
2026-09-26T20:01:36Z,redis-cart,35.0,500,0.8,0.07,0
2026-09-26T20:01:37Z,frontend,286.4,1150,0.8,0.24904347826086953,0
2026-09-26T20:01:37Z,cartservice,435.0,1000,0.95,0.435,0
2026-09-26T20:01:37Z,checkoutservice,570.0,1500,0.8,0.38,0
2026-09-26T20:01:37Z,productcatalogservice,390.0,600,0.95,0.65,0
2026-09-26T20:01:37Z,paymentservice,27.0,150,0.8,0.18,0
2026-09-26T20:01:37Z,recommendationservice,964.0,2000,0.8,0.482,0
2026-09-26T20:01:37Z,shippingservice,99.0,400,0.8,0.2475,0
2026-09-26T20:01:37Z,currencyservice,379.0,500,0.8,0.758,0
2026-09-26T20:01:37Z,emailservice,73.0,150,0.8,0.4866666666666667,0
2026-09-26T20:01:37Z,adservice,114.0,600,0.8,0.19,0
2026-09-26T20:01:37Z,redis-cart,41.0,500,0.8,0.082,0
2026-09-26T20:01:38Z,frontend,285.2,1150,0.8,0.248,0
2026-09-26T20:01:38Z,cartservice,435.0,1000,0.95,0.435,0
2026-09-26T20:01:38Z,checkoutservice,608.0,1500,0.8,0.4053333333333333,0
2026-09-26T20:01:38Z,productcatalogservice,407.0,600,0.95,0.6783333333333333,0
2026-09-26T20:01:38Z,paymentservice,37.0,150,0.8,0.24666666666666667,0
2026-09-26T20:01:38Z,recommendationservice,961.0,2000,0.8,0.4805,0
2026-09-26T20:01:38Z,shippingservice,74.0,400,0.8,0.185,0
2026-09-26T20:01:38Z,currencyservice,408.0,500,0.8,0.816,1
2026-09-26T20:01:38Z,emailservice,74.0,150,0.8,0.49333333333333335,0
2026-09-26T20:01:38Z,adservice,114.0,600,0.8,0.19,0
2026-09-26T20:01:38Z,redis-cart,37.0,500,0.8,0.074,0
2026-09-26T20:01:39Z,frontend,293.4,1150,0.8,0.25513043478260866,0
2026-09-26T20:01:39Z,cartservice,422.0,1000,0.95,0.422,0
2026-09-26T20:01:39Z,checkoutservice,608.0,1500,0.8,0.4053333333333333,0
2026-09-26T20:01:39Z,productcatalogservice,407.0,600,0.95,0.6783333333333333,0
2026-09-26T20:01:39Z,paymentservice,32.0,150,0.8,0.21333333333333335,0
2026-09-26T20:01:39Z,recommendationservice,967.0,2000,0.8,0.4835,0
2026-09-26T20:01:39Z,shippingservice,74.0,400,0.8,0.185,0
2026-09-26T20:01:39Z,currencyservice,408.0,500,0.8,0.816,1
2026-09-26T20:01:39Z,emailservice,57.0,150,0.8,0.38,0
2026-09-26T20:01:39Z,adservice,125.0,600,0.8,0.20833333333333334,0
2026-09-26T20:01:39Z,redis-cart,37.0,500,0.8,0.074,0
2026-09-26T20:01:40Z,frontend,285.8,1150,0.8,0.2485217391304348,0
2026-09-26T20:01:40Z,cartservice,304.0,1000,0.95,0.304,0
2026-09-26T20:01:40Z,checkoutservice,633.0,1500,0.8,0.422,0
2026-09-26T20:01:40Z,productcatalogservice,408.0,600,0.95,0.68,0
2026-09-26T20:01:40Z,paymentservice,32.0,150,0.8,0.21333333333333335,0
2026-09-26T20:01:40Z,recommendationservice,967.0,2000,0.8,0.4835,0
2026-09-26T20:01:40Z,shippingservice,78.0,400,0.8,0.195,0
2026-09-26T20:01:40Z,currencyservice,372.0,500,0.8,0.744,0
2026-09-26T20:01:40Z,emailservice,57.0,150,0.8,0.38,0
2026-09-26T20:01:40Z,adservice,109.0,600,0.8,0.18166666666666667,0
2026-09-26T20:01:40Z,redis-cart,37.0,500,0.8,0.074,0
2026-09-26T20:01:41Z,frontend,279.4,1150,0.8,0.2429565217391304,0
2026-09-26T20:01:41Z,cartservice,304.0,1000,0.95,0.304,0
2026-09-26T20:01:41Z,checkoutservice,633.0,1500,0.8,0.422,0
2026-09-26T20:01:41Z,productcatalogservice,408.0,600,0.95,0.68,0
2026-09-26T20:01:41Z,paymentservice,41.0,150,0.8,0.2733333333333333,0
2026-09-26T20:01:41Z,recommendationservice,956.0,2000,0.8,0.478,0
2026-09-26T20:01:41Z,shippingservice,65.0,400,0.8,0.1625,0
2026-09-26T20:01:41Z,currencyservice,361.0,500,0.8,0.722,0
2026-09-26T20:01:41Z,emailservice,89.0,150,0.8,0.5933333333333334,0
2026-09-26T20:01:41Z,adservice,109.0,600,0.8,0.18166666666666667,0
2026-09-26T20:01:41Z,redis-cart,37.0,500,0.8,0.074,0
2026-09-26T20:01:42Z,frontend,273.2,1150,0.8,0.23756521739130435,0
2026-09-26T20:01:42Z,cartservice,303.0,1000,0.95,0.303,0
2026-09-26T20:01:42Z,checkoutservice,747.0,1500,0.8,0.498,0
2026-09-26T20:01:42Z,productcatalogservice,364.0,600,0.95,0.6066666666666667,0
2026-09-26T20:01:42Z,paymentservice,41.0,150,0.8,0.2733333333333333,0
2026-09-26T20:01:42Z,recommendationservice,928.0,2000,0.8,0.464,0
2026-09-26T20:01:42Z,shippingservice,65.0,400,0.8,0.1625,0
2026-09-26T20:01:42Z,currencyservice,420.0,500,0.8,0.84,1
2026-09-26T20:01:42Z,emailservice,82.0,150,0.8,0.5466666666666666,0
2026-09-26T20:01:42Z,adservice,109.0,600,0.8,0.18166666666666667,0
2026-09-26T20:01:42Z,redis-cart,35.0,500,0.8,0.07,0
2026-09-26T20:01:43Z,frontend,285.6,1150,0.8,0.24834782608695655,0
2026-09-26T20:01:43Z,cartservice,302.0,1000,0.95,0.302,0
2026-09-26T20:01:43Z,checkoutservice,747.0,1500,0.8,0.498,0
2026-09-26T20:01:43Z,productcatalogservice,410.0,600,0.95,0.6833333333333333,0
2026-09-26T20:01:43Z,paymentservice,50.0,150,0.8,0.3333333333333333,0
2026-09-26T20:01:43Z,recommendationservice,969.0,2000,0.8,0.4845,0
2026-09-26T20:01:43Z,shippingservice,89.0,400,0.8,0.2225,0
2026-09-26T20:01:43Z,currencyservice,420.0,500,0.8,0.84,1
2026-09-26T20:01:43Z,emailservice,82.0,150,0.8,0.5466666666666666,0
2026-09-26T20:01:43Z,adservice,118.0,600,0.8,0.19666666666666666,0
2026-09-26T20:01:43Z,redis-cart,35.0,500,0.8,0.07,0
2026-09-26T20:01:44Z,frontend,282.4,1150,0.8,0.24556521739130432,0
2026-09-26T20:01:44Z,cartservice,302.0,1000,0.95,0.302,0
2026-09-26T20:01:44Z,checkoutservice,699.0,1500,0.8,0.466,0
2026-09-26T20:01:44Z,productcatalogservice,417.0,600,0.95,0.695,0
2026-09-26T20:01:44Z,paymentservice,50.0,150,0.8,0.3333333333333333,0
2026-09-26T20:01:44Z,recommendationservice,969.0,2000,0.8,0.4845,0
2026-09-26T20:01:44Z,shippingservice,89.0,400,0.8,0.2225,0
2026-09-26T20:01:44Z,currencyservice,364.0,500,0.8,0.728,0
2026-09-26T20:01:44Z,emailservice,72.0,150,0.8,0.48,0
2026-09-26T20:01:44Z,adservice,118.0,600,0.8,0.19666666666666666,0
2026-09-26T20:01:44Z,redis-cart,38.0,500,0.8,0.076,0
2026-09-26T20:01:45Z,frontend,288.8,1150,0.8,0.2511304347826087,0
2026-09-26T20:01:45Z,cartservice,318.0,1000,0.95,0.318,0
2026-09-26T20:01:45Z,checkoutservice,671.0,1500,0.8,0.44733333333333336,0
2026-09-26T20:01:45Z,productcatalogservice,417.0,600,0.95,0.695,0
2026-09-26T20:01:45Z,paymentservice,43.0,150,0.8,0.2866666666666667,0
2026-09-26T20:01:45Z,recommendationservice,934.0,2000,0.8,0.467,0
2026-09-26T20:01:45Z,shippingservice,86.0,400,0.8,0.215,0
2026-09-26T20:01:45Z,currencyservice,355.0,500,0.8,0.71,0
2026-09-26T20:01:45Z,emailservice,72.0,150,0.8,0.48,0
2026-09-26T20:01:45Z,adservice,144.0,600,0.8,0.24,0
2026-09-26T20:01:45Z,redis-cart,38.0,500,0.8,0.076,0
2026-09-26T20:01:46Z,frontend,292.6,1150,0.8,0.2544347826086957,0
2026-09-26T20:01:46Z,cartservice,300.0,1000,0.95,0.3,0
2026-09-26T20:01:46Z,checkoutservice,606.0,1500,0.8,0.404,0
2026-09-26T20:01:46Z,productcatalogservice,389.0,600,0.95,0.6483333333333333,0
2026-09-26T20:01:46Z,paymentservice,36.0,150,0.8,0.24,0
2026-09-26T20:01:46Z,recommendationservice,930.0,2000,0.8,0.465,0
2026-09-26T20:01:46Z,shippingservice,78.0,400,0.8,0.195,0
2026-09-26T20:01:46Z,currencyservice,355.0,500,0.8,0.71,0
2026-09-26T20:01:46Z,emailservice,79.0,150,0.8,0.5266666666666666,0
2026-09-26T20:01:46Z,adservice,144.0,600,0.8,0.24,0
2026-09-26T20:01:46Z,redis-cart,44.0,500,0.8,0.088,0
2026-09-26T20:01:47Z,frontend,264.8,1150,0.8,0.2302608695652174,0
2026-09-26T20:01:47Z,cartservice,300.0,1000,0.95,0.3,0
2026-09-26T20:01:47Z,checkoutservice,655.0,1500,0.8,0.43666666666666665,0
2026-09-26T20:01:47Z,productcatalogservice,379.0,600,0.95,0.6316666666666667,0
2026-09-26T20:01:47Z,paymentservice,36.0,150,0.8,0.24,0
2026-09-26T20:01:47Z,recommendationservice,930.0,2000,0.8,0.465,0
2026-09-26T20:01:47Z,shippingservice,78.0,400,0.8,0.195,0
2026-09-26T20:01:47Z,currencyservice,397.0,500,0.8,0.794,0
2026-09-26T20:01:47Z,emailservice,67.0,150,0.8,0.44666666666666666,0
2026-09-26T20:01:47Z,adservice,110.0,600,0.8,0.18333333333333332,0
2026-09-26T20:01:47Z,redis-cart,44.0,500,0.8,0.088,0
2026-09-26T20:01:48Z,frontend,271.6,1150,0.8,0.2361739130434783,0
2026-09-26T20:01:48Z,cartservice,302.0,1000,0.95,0.302,0
2026-09-26T20:01:48Z,checkoutservice,655.0,1500,0.8,0.43666666666666665,0
2026-09-26T20:01:48Z,productcatalogservice,402.0,600,0.95,0.67,0
2026-09-26T20:01:48Z,paymentservice,41.0,150,0.8,0.2733333333333333,0
2026-09-26T20:01:48Z,recommendationservice,976.0,2000,0.8,0.488,0
2026-09-26T20:01:48Z,shippingservice,108.0,400,0.8,0.27,0
2026-09-26T20:01:48Z,currencyservice,366.0,500,0.8,0.732,0
2026-09-26T20:01:48Z,emailservice,89.0,150,0.8,0.5933333333333334,0
2026-09-26T20:01:48Z,adservice,119.0,600,0.8,0.19833333333333333,0
2026-09-26T20:01:48Z,redis-cart,37.0,500,0.8,0.074,0
2026-09-26T20:01:49Z,frontend,286.2,1150,0.8,0.2488695652173913,0
2026-09-26T20:01:49Z,cartservice,341.0,1000,0.95,0.341,0
2026-09-26T20:01:49Z,checkoutservice,809.0,1500,0.8,0.5393333333333333,0
2026-09-26T20:01:49Z,productcatalogservice,402.0,600,0.95,0.67,0
2026-09-26T20:01:49Z,paymentservice,44.0,150,0.8,0.29333333333333333,0
2026-09-26T20:01:49Z,recommendationservice,898.0,2000,0.8,0.449,0
2026-09-26T20:01:49Z,shippingservice,108.0,400,0.8,0.27,0
2026-09-26T20:01:49Z,currencyservice,398.0,500,0.8,0.796,0
2026-09-26T20:01:49Z,emailservice,89.0,150,0.8,0.5933333333333334,0
2026-09-26T20:01:49Z,adservice,119.0,600,0.8,0.19833333333333333,0
2026-09-26T20:01:49Z,redis-cart,36.0,500,0.8,0.072,0
2026-09-26T20:01:50Z,frontend,279.0,1150,0.8,0.2426086956521739,0
2026-09-26T20:01:50Z,cartservice,341.0,1000,0.95,0.341,0
2026-09-26T20:01:50Z,checkoutservice,781.0,1500,0.8,0.5206666666666667,0
2026-09-26T20:01:50Z,productcatalogservice,393.0,600,0.95,0.655,0
2026-09-26T20:01:50Z,paymentservice,44.0,150,0.8,0.29333333333333333,0
2026-09-26T20:01:50Z,recommendationservice,898.0,2000,0.8,0.449,0
2026-09-26T20:01:50Z,shippingservice,90.0,400,0.8,0.225,0
2026-09-26T20:01:50Z,currencyservice,398.0,500,0.8,0.796,0
2026-09-26T20:01:50Z,emailservice,95.0,150,0.8,0.6333333333333333,0
2026-09-26T20:01:50Z,adservice,118.0,600,0.8,0.19666666666666666,0
2026-09-26T20:01:50Z,redis-cart,36.0,500,0.8,0.072,0
2026-09-26T20:01:51Z,frontend,274.8,1150,0.8,0.23895652173913046,0
2026-09-26T20:01:51Z,cartservice,366.0,1000,0.95,0.366,0
2026-09-26T20:01:51Z,checkoutservice,618.0,1500,0.8,0.412,0
2026-09-26T20:01:51Z,productcatalogservice,393.0,600,0.95,0.655,0
2026-09-26T20:01:51Z,paymentservice,44.0,150,0.8,0.29333333333333333,0
2026-09-26T20:01:51Z,recommendationservice,980.0,2000,0.8,0.49,0
2026-09-26T20:01:51Z,shippingservice,90.0,400,0.8,0.225,0
2026-09-26T20:01:51Z,currencyservice,339.0,500,0.8,0.678,0
2026-09-26T20:01:51Z,emailservice,80.0,150,0.8,0.5333333333333333,0
2026-09-26T20:01:51Z,adservice,120.0,600,0.8,0.2,0
2026-09-26T20:01:51Z,redis-cart,40.0,500,0.8,0.08,0
2026-09-26T20:01:52Z,frontend,284.4,1150,0.8,0.24730434782608693,0
2026-09-26T20:01:52Z,cartservice,366.0,1000,0.95,0.366,0
2026-09-26T20:01:52Z,checkoutservice,618.0,1500,0.8,0.412,0
2026-09-26T20:01:52Z,productcatalogservice,408.0,600,0.95,0.68,0
2026-09-26T20:01:52Z,paymentservice,50.0,150,0.8,0.3333333333333333,0
2026-09-26T20:01:52Z,recommendationservice,980.0,2000,0.8,0.49,0
2026-09-26T20:01:52Z,shippingservice,74.0,400,0.8,0.185,0
2026-09-26T20:01:52Z,currencyservice,339.0,500,0.8,0.678,0
2026-09-26T20:01:52Z,emailservice,63.0,150,0.8,0.42,0
2026-09-26T20:01:52Z,adservice,108.0,600,0.8,0.18,0
2026-09-26T20:01:52Z,redis-cart,40.0,500,0.8,0.08,0
2026-09-26T20:01:53Z,frontend,271.4,1150,0.8,0.236,0
2026-09-26T20:01:53Z,cartservice,312.0,1000,0.95,0.312,0
2026-09-26T20:01:53Z,checkoutservice,643.0,1500,0.8,0.42866666666666664,0
2026-09-26T20:01:53Z,productcatalogservice,374.0,600,0.95,0.6233333333333333,0
2026-09-26T20:01:53Z,paymentservice,50.0,150,0.8,0.3333333333333333,0
2026-09-26T20:01:53Z,recommendationservice,979.0,2000,0.8,0.4895,0
2026-09-26T20:01:53Z,shippingservice,91.0,400,0.8,0.2275,0
2026-09-26T20:01:53Z,currencyservice,379.0,500,0.8,0.758,0
2026-09-26T20:01:53Z,emailservice,63.0,150,0.8,0.42,0
2026-09-26T20:01:53Z,adservice,108.0,600,0.8,0.18,0
2026-09-26T20:01:53Z,redis-cart,36.0,500,0.8,0.072,0
2026-09-26T20:01:54Z,frontend,279.8,1150,0.8,0.24330434782608695,0
2026-09-26T20:01:54Z,cartservice,312.0,1000,0.95,0.312,0
2026-09-26T20:01:54Z,checkoutservice,643.0,1500,0.8,0.42866666666666664,0
2026-09-26T20:01:54Z,productcatalogservice,374.0,600,0.95,0.6233333333333333,0
2026-09-26T20:01:54Z,paymentservice,39.0,150,0.8,0.26,0
2026-09-26T20:01:54Z,recommendationservice,976.0,2000,0.8,0.488,0
2026-09-26T20:01:54Z,shippingservice,64.0,400,0.8,0.16,0
2026-09-26T20:01:54Z,currencyservice,344.0,500,0.8,0.688,0
2026-09-26T20:01:54Z,emailservice,81.0,150,0.8,0.54,0
2026-09-26T20:01:54Z,adservice,110.0,600,0.8,0.18333333333333332,0
2026-09-26T20:01:54Z,redis-cart,34.0,500,0.8,0.068,0
2026-09-26T20:01:55Z,frontend,273.4,1150,0.8,0.2377391304347826,0
2026-09-26T20:01:55Z,cartservice,321.0,1000,0.95,0.321,0
2026-09-26T20:01:55Z,checkoutservice,670.0,1500,0.8,0.44666666666666666,0
2026-09-26T20:01:55Z,productcatalogservice,405.0,600,0.95,0.675,0
2026-09-26T20:01:55Z,paymentservice,34.0,150,0.8,0.22666666666666666,0
2026-09-26T20:01:55Z,recommendationservice,976.0,2000,0.8,0.488,0
2026-09-26T20:01:55Z,shippingservice,87.0,400,0.8,0.2175,0
2026-09-26T20:01:55Z,currencyservice,344.0,500,0.8,0.688,0
2026-09-26T20:01:55Z,emailservice,88.0,150,0.8,0.5866666666666667,0
2026-09-26T20:01:55Z,adservice,110.0,600,0.8,0.18333333333333332,0
2026-09-26T20:01:55Z,redis-cart,35.0,500,0.8,0.07,0
2026-09-26T20:01:56Z,frontend,278.2,1150,0.8,0.24191304347826087,0
2026-09-26T20:01:56Z,cartservice,339.0,1000,0.95,0.339,0
2026-09-26T20:01:56Z,checkoutservice,670.0,1500,0.8,0.44666666666666666,0
2026-09-26T20:01:56Z,productcatalogservice,405.0,600,0.95,0.675,0
2026-09-26T20:01:56Z,paymentservice,34.0,150,0.8,0.22666666666666666,0
2026-09-26T20:01:56Z,recommendationservice,981.0,2000,0.8,0.4905,0
2026-09-26T20:01:56Z,shippingservice,87.0,400,0.8,0.2175,0
2026-09-26T20:01:56Z,currencyservice,383.0,500,0.8,0.766,0
2026-09-26T20:01:56Z,emailservice,88.0,150,0.8,0.5866666666666667,0
2026-09-26T20:01:56Z,adservice,121.0,600,0.8,0.20166666666666666,0
2026-09-26T20:01:56Z,redis-cart,35.0,500,0.8,0.07,0
2026-09-26T20:01:57Z,frontend,295.8,1150,0.8,0.25721739130434784,0
2026-09-26T20:01:57Z,cartservice,363.0,1000,0.95,0.363,0
2026-09-26T20:01:57Z,checkoutservice,646.0,1500,0.8,0.43066666666666664,0
2026-09-26T20:01:57Z,productcatalogservice,403.0,600,0.95,0.6716666666666666,0
2026-09-26T20:01:57Z,paymentservice,35.0,150,0.8,0.23333333333333334,0
2026-09-26T20:01:57Z,recommendationservice,981.0,2000,0.8,0.4905,0
2026-09-26T20:01:57Z,shippingservice,94.0,400,0.8,0.235,0
2026-09-26T20:01:57Z,currencyservice,405.0,500,0.8,0.81,1
2026-09-26T20:01:57Z,emailservice,66.0,150,0.8,0.44,0
2026-09-26T20:01:57Z,adservice,121.0,600,0.8,0.20166666666666666,0
2026-09-26T20:01:57Z,redis-cart,42.0,500,0.8,0.084,0
2026-09-26T20:01:58Z,frontend,286.4,1150,0.8,0.24904347826086953,0
2026-09-26T20:01:58Z,cartservice,363.0,1000,0.95,0.363,0
2026-09-26T20:01:58Z,checkoutservice,691.0,1500,0.8,0.46066666666666667,0
2026-09-26T20:01:58Z,productcatalogservice,403.0,600,0.95,0.6716666666666666,0
2026-09-26T20:01:58Z,paymentservice,42.0,150,0.8,0.28,0
2026-09-26T20:01:58Z,recommendationservice,922.0,2000,0.8,0.461,0
2026-09-26T20:01:58Z,shippingservice,86.0,400,0.8,0.215,0
2026-09-26T20:01:58Z,currencyservice,405.0,500,0.8,0.81,1
2026-09-26T20:01:58Z,emailservice,78.0,150,0.8,0.52,0
2026-09-26T20:01:58Z,adservice,128.0,600,0.8,0.21333333333333335,0
2026-09-26T20:01:58Z,redis-cart,35.0,500,0.8,0.07,0
2026-09-26T20:01:59Z,frontend,281.8,1150,0.8,0.24504347826086958,0
2026-09-26T20:01:59Z,cartservice,370.0,1000,0.95,0.37,0
2026-09-26T20:01:59Z,checkoutservice,627.0,1500,0.8,0.418,0
2026-09-26T20:01:59Z,productcatalogservice,409.0,600,0.95,0.6816666666666666,0
2026-09-26T20:01:59Z,paymentservice,42.0,150,0.8,0.28,0
2026-09-26T20:01:59Z,recommendationservice,990.0,2000,0.8,0.495,0
2026-09-26T20:01:59Z,shippingservice,79.0,400,0.8,0.1975,0
2026-09-26T20:01:59Z,currencyservice,388.0,500,0.8,0.776,0
2026-09-26T20:01:59Z,emailservice,78.0,150,0.8,0.52,0
2026-09-26T20:01:59Z,adservice,128.0,600,0.8,0.21333333333333335,0
2026-09-26T20:01:59Z,redis-cart,35.0,500,0.8,0.07,0
2026-09-26T20:02:00Z,frontend,276.6,1150,0.8,0.24052173913043481,0
2026-09-26T20:02:00Z,cartservice,335.0,1000,0.95,0.335,0
2026-09-26T20:02:00Z,checkoutservice,627.0,1500,0.8,0.418,0
2026-09-26T20:02:00Z,productcatalogservice,392.0,600,0.95,0.6533333333333333,0
2026-09-26T20:02:00Z,paymentservice,35.0,150,0.8,0.23333333333333334,0
2026-09-26T20:02:00Z,recommendationservice,990.0,2000,0.8,0.495,0
2026-09-26T20:02:00Z,shippingservice,79.0,400,0.8,0.1975,0
2026-09-26T20:02:00Z,currencyservice,388.0,500,0.8,0.776,0
2026-09-26T20:02:00Z,emailservice,56.0,150,0.8,0.37333333333333335,0
2026-09-26T20:02:00Z,adservice,126.0,600,0.8,0.21,0
2026-09-26T20:02:00Z,redis-cart,37.0,500,0.8,0.074,0
2026-09-26T20:02:01Z,frontend,287.4,1150,0.8,0.24991304347826085,0
2026-09-26T20:02:01Z,cartservice,335.0,1000,0.95,0.335,0
2026-09-26T20:02:01Z,checkoutservice,672.0,1500,0.8,0.448,0
2026-09-26T20:02:01Z,productcatalogservice,392.0,600,0.95,0.6533333333333333,0
2026-09-26T20:02:01Z,paymentservice,35.0,150,0.8,0.23333333333333334,0
2026-09-26T20:02:01Z,recommendationservice,954.0,2000,0.8,0.477,0
2026-09-26T20:02:01Z,shippingservice,69.0,400,0.8,0.1725,0
2026-09-26T20:02:01Z,currencyservice,398.0,500,0.8,0.796,0
2026-09-26T20:02:01Z,emailservice,102.0,150,0.8,0.68,0
2026-09-26T20:02:01Z,adservice,121.0,600,0.8,0.20166666666666666,0
2026-09-26T20:02:01Z,redis-cart,34.0,500,0.8,0.068,0
2026-09-26T20:02:02Z,frontend,289.0,1150,0.8,0.25130434782608696,0
2026-09-26T20:02:02Z,cartservice,320.0,1000,0.95,0.32,0
2026-09-26T20:02:02Z,checkoutservice,742.0,1500,0.8,0.49466666666666664,0
2026-09-26T20:02:02Z,productcatalogservice,393.0,600,0.95,0.655,0
2026-09-26T20:02:02Z,paymentservice,53.0,150,0.8,0.35333333333333333,0
2026-09-26T20:02:02Z,recommendationservice,962.0,2000,0.8,0.481,0
2026-09-26T20:02:02Z,shippingservice,89.0,400,0.8,0.2225,0
2026-09-26T20:02:02Z,currencyservice,392.0,500,0.8,0.784,0
2026-09-26T20:02:02Z,emailservice,76.0,150,0.8,0.5066666666666667,0
2026-09-26T20:02:02Z,adservice,121.0,600,0.8,0.20166666666666666,0
2026-09-26T20:02:02Z,redis-cart,34.0,500,0.8,0.068,0
2026-09-26T20:02:03Z,frontend,289.2,1150,0.8,0.2514782608695652,0
2026-09-26T20:02:03Z,cartservice,342.0,1000,0.95,0.342,0
2026-09-26T20:02:03Z,checkoutservice,742.0,1500,0.8,0.49466666666666664,0
2026-09-26T20:02:03Z,productcatalogservice,367.0,600,0.95,0.6116666666666667,0
2026-09-26T20:02:03Z,paymentservice,41.0,150,0.8,0.2733333333333333,0
2026-09-26T20:02:03Z,recommendationservice,968.0,2000,0.8,0.484,0
2026-09-26T20:02:03Z,shippingservice,81.0,400,0.8,0.2025,0
2026-09-26T20:02:03Z,currencyservice,398.0,500,0.8,0.796,0
2026-09-26T20:02:03Z,emailservice,76.0,150,0.8,0.5066666666666667,0
2026-09-26T20:02:03Z,adservice,113.0,600,0.8,0.18833333333333332,0
2026-09-26T20:02:03Z,redis-cart,38.0,500,0.8,0.076,0
2026-09-26T20:02:04Z,frontend,284.2,1150,0.8,0.24713043478260868,0
2026-09-26T20:02:04Z,cartservice,342.0,1000,0.95,0.342,0
2026-09-26T20:02:04Z,checkoutservice,591.0,1500,0.8,0.394,0
2026-09-26T20:02:04Z,productcatalogservice,367.0,600,0.95,0.6116666666666667,0
2026-09-26T20:02:04Z,paymentservice,36.0,150,0.8,0.24,0
2026-09-26T20:02:04Z,recommendationservice,968.0,2000,0.8,0.484,0
2026-09-26T20:02:04Z,shippingservice,81.0,400,0.8,0.2025,0
2026-09-26T20:02:04Z,currencyservice,398.0,500,0.8,0.796,0
2026-09-26T20:02:04Z,emailservice,79.0,150,0.8,0.5266666666666666,0
2026-09-26T20:02:04Z,adservice,118.0,600,0.8,0.19666666666666666,0
2026-09-26T20:02:04Z,redis-cart,36.0,500,0.8,0.072,0
2026-09-26T20:02:05Z,frontend,284.0,1150,0.8,0.24695652173913044,0
2026-09-26T20:02:05Z,cartservice,345.0,1000,0.95,0.345,0
2026-09-26T20:02:05Z,checkoutservice,591.0,1500,0.8,0.394,0
2026-09-26T20:02:05Z,productcatalogservice,422.0,600,0.95,0.7033333333333334,0
2026-09-26T20:02:05Z,paymentservice,36.0,150,0.8,0.24,0
2026-09-26T20:02:05Z,recommendationservice,926.0,2000,0.8,0.463,0
2026-09-26T20:02:05Z,shippingservice,93.0,400,0.8,0.2325,0
2026-09-26T20:02:05Z,currencyservice,369.0,500,0.8,0.738,0
2026-09-26T20:02:05Z,emailservice,79.0,150,0.8,0.5266666666666666,0
2026-09-26T20:02:05Z,adservice,118.0,600,0.8,0.19666666666666666,0
2026-09-26T20:02:05Z,redis-cart,36.0,500,0.8,0.072,0
2026-09-26T20:02:06Z,frontend,279.6,1150,0.8,0.2431304347826087,0
2026-09-26T20:02:06Z,cartservice,293.0,1000,0.95,0.293,0
2026-09-26T20:02:06Z,checkoutservice,768.0,1500,0.8,0.512,0
2026-09-26T20:02:06Z,productcatalogservice,398.0,600,0.95,0.6633333333333333,0
2026-09-26T20:02:06Z,paymentservice,49.0,150,0.8,0.32666666666666666,0
2026-09-26T20:02:06Z,recommendationservice,909.0,2000,0.8,0.4545,0
2026-09-26T20:02:06Z,shippingservice,93.0,400,0.8,0.2325,0
2026-09-26T20:02:06Z,currencyservice,369.0,500,0.8,0.738,0
2026-09-26T20:02:06Z,emailservice,103.0,150,0.8,0.6866666666666666,0
2026-09-26T20:02:06Z,adservice,109.0,600,0.8,0.18166666666666667,0
2026-09-26T20:02:06Z,redis-cart,41.0,500,0.8,0.082,0
2026-09-26T20:02:07Z,frontend,287.0,1150,0.8,0.24956521739130436,0
2026-09-26T20:02:07Z,cartservice,295.0,1000,0.95,0.295,0
2026-09-26T20:02:07Z,checkoutservice,768.0,1500,0.8,0.512,0
2026-09-26T20:02:07Z,productcatalogservice,398.0,600,0.95,0.6633333333333333,0
2026-09-26T20:02:07Z,paymentservice,37.0,150,0.8,0.24666666666666667,0
2026-09-26T20:02:07Z,recommendationservice,909.0,2000,0.8,0.4545,0
2026-09-26T20:02:07Z,shippingservice,76.0,400,0.8,0.19,0
2026-09-26T20:02:07Z,currencyservice,407.0,500,0.8,0.814,1
2026-09-26T20:02:07Z,emailservice,103.0,150,0.8,0.6866666666666666,0
2026-09-26T20:02:07Z,adservice,109.0,600,0.8,0.18166666666666667,0
2026-09-26T20:02:07Z,redis-cart,34.0,500,0.8,0.068,0
2026-09-26T20:02:08Z,frontend,270.8,1150,0.8,0.23547826086956522,0
2026-09-26T20:02:08Z,cartservice,305.0,1000,0.95,0.305,0
2026-09-26T20:02:08Z,checkoutservice,799.0,1500,0.8,0.5326666666666666,0
2026-09-26T20:02:08Z,productcatalogservice,381.0,600,0.95,0.635,0
2026-09-26T20:02:08Z,paymentservice,50.0,150,0.8,0.3333333333333333,0
2026-09-26T20:02:08Z,recommendationservice,914.0,2000,0.8,0.457,0
2026-09-26T20:02:08Z,shippingservice,101.0,400,0.8,0.2525,0
2026-09-26T20:02:08Z,currencyservice,370.0,500,0.8,0.74,0
2026-09-26T20:02:08Z,emailservice,78.0,150,0.8,0.52,0
2026-09-26T20:02:08Z,adservice,121.0,600,0.8,0.20166666666666666,0
2026-09-26T20:02:08Z,redis-cart,34.0,500,0.8,0.068,0
2026-09-26T20:02:09Z,frontend,289.0,1150,0.8,0.25130434782608696,0
2026-09-26T20:02:09Z,cartservice,305.0,1000,0.95,0.305,0
2026-09-26T20:02:09Z,checkoutservice,770.0,1500,0.8,0.5133333333333333,0
2026-09-26T20:02:09Z,productcatalogservice,381.0,600,0.95,0.635,0
2026-09-26T20:02:09Z,paymentservice,44.0,150,0.8,0.29333333333333333,0
2026-09-26T20:02:09Z,recommendationservice,914.0,2000,0.8,0.457,0
2026-09-26T20:02:09Z,shippingservice,101.0,400,0.8,0.2525,0
2026-09-26T20:02:09Z,currencyservice,413.0,500,0.8,0.826,1
2026-09-26T20:02:09Z,emailservice,76.0,150,0.8,0.5066666666666667,0
2026-09-26T20:02:09Z,adservice,136.0,600,0.8,0.22666666666666666,0
2026-09-26T20:02:09Z,redis-cart,37.0,500,0.8,0.074,0
2026-09-26T20:02:10Z,frontend,302.2,1150,0.8,0.2627826086956522,0
2026-09-26T20:02:10Z,cartservice,351.0,1000,0.95,0.351,0
2026-09-26T20:02:10Z,checkoutservice,607.0,1500,0.8,0.4046666666666667,0
2026-09-26T20:02:10Z,productcatalogservice,416.0,600,0.95,0.6933333333333334,0
2026-09-26T20:02:10Z,paymentservice,27.0,150,0.8,0.18,0
2026-09-26T20:02:10Z,recommendationservice,937.0,2000,0.8,0.4685,0
2026-09-26T20:02:10Z,shippingservice,74.0,400,0.8,0.185,0
2026-09-26T20:02:10Z,currencyservice,379.0,500,0.8,0.758,0
2026-09-26T20:02:10Z,emailservice,91.0,150,0.8,0.6066666666666667,0
2026-09-26T20:02:10Z,adservice,106.0,600,0.8,0.17666666666666667,0
2026-09-26T20:02:10Z,redis-cart,37.0,500,0.8,0.074,0
2026-09-26T20:02:11Z,frontend,270.8,1150,0.8,0.23547826086956522,0
2026-09-26T20:02:11Z,cartservice,304.0,1000,0.95,0.304,0
2026-09-26T20:02:11Z,checkoutservice,647.0,1500,0.8,0.43133333333333335,0
2026-09-26T20:02:11Z,productcatalogservice,367.0,600,0.95,0.6116666666666667,0
2026-09-26T20:02:11Z,paymentservice,27.0,150,0.8,0.18,0
2026-09-26T20:02:11Z,recommendationservice,951.0,2000,0.8,0.4755,0
2026-09-26T20:02:11Z,shippingservice,74.0,400,0.8,0.185,0
2026-09-26T20:02:11Z,currencyservice,379.0,500,0.8,0.758,0
2026-09-26T20:02:11Z,emailservice,91.0,150,0.8,0.6066666666666667,0
2026-09-26T20:02:11Z,adservice,106.0,600,0.8,0.17666666666666667,0
2026-09-26T20:02:11Z,redis-cart,40.0,500,0.8,0.08,0
2026-09-26T20:02:12Z,frontend,282.2,1150,0.8,0.24539130434782608,0
2026-09-26T20:02:12Z,cartservice,304.0,1000,0.95,0.304,0
2026-09-26T20:02:12Z,checkoutservice,647.0,1500,0.8,0.43133333333333335,0
2026-09-26T20:02:12Z,productcatalogservice,390.0,600,0.95,0.65,0
2026-09-26T20:02:12Z,paymentservice,54.0,150,0.8,0.36,0
2026-09-26T20:02:12Z,recommendationservice,946.0,2000,0.8,0.473,0
2026-09-26T20:02:12Z,shippingservice,77.0,400,0.8,0.1925,0
2026-09-26T20:02:12Z,currencyservice,367.0,500,0.8,0.734,0
2026-09-26T20:02:12Z,emailservice,63.0,150,0.8,0.42,0
2026-09-26T20:02:12Z,adservice,119.0,600,0.8,0.19833333333333333,0
2026-09-26T20:02:12Z,redis-cart,35.0,500,0.8,0.07,0
2026-09-26T20:02:13Z,frontend,290.2,1150,0.8,0.2523478260869565,0
2026-09-26T20:02:13Z,cartservice,341.0,1000,0.95,0.341,0
2026-09-26T20:02:13Z,checkoutservice,551.0,1500,0.8,0.36733333333333335,0
2026-09-26T20:02:13Z,productcatalogservice,390.0,600,0.95,0.65,0
2026-09-26T20:02:13Z,paymentservice,39.0,150,0.8,0.26,0
2026-09-26T20:02:13Z,recommendationservice,946.0,2000,0.8,0.473,0
2026-09-26T20:02:13Z,shippingservice,82.0,400,0.8,0.205,0
2026-09-26T20:02:13Z,currencyservice,367.0,500,0.8,0.734,0
2026-09-26T20:02:13Z,emailservice,63.0,150,0.8,0.42,0
2026-09-26T20:02:13Z,adservice,108.0,600,0.8,0.18,0
2026-09-26T20:02:13Z,redis-cart,35.0,500,0.8,0.07,0
2026-09-26T20:02:14Z,frontend,281.4,1150,0.8,0.24469565217391304,0
2026-09-26T20:02:14Z,cartservice,341.0,1000,0.95,0.341,0
2026-09-26T20:02:14Z,checkoutservice,746.0,1500,0.8,0.49733333333333335,0
2026-09-26T20:02:14Z,productcatalogservice,413.0,600,0.95,0.6883333333333334,0
2026-09-26T20:02:14Z,paymentservice,39.0,150,0.8,0.26,0
2026-09-26T20:02:14Z,recommendationservice,921.0,2000,0.8,0.4605,0
2026-09-26T20:02:14Z,shippingservice,82.0,400,0.8,0.205,0
2026-09-26T20:02:14Z,currencyservice,376.0,500,0.8,0.752,0
2026-09-26T20:02:14Z,emailservice,70.0,150,0.8,0.4666666666666667,0
2026-09-26T20:02:14Z,adservice,108.0,600,0.8,0.18,0
2026-09-26T20:02:14Z,redis-cart,37.0,500,0.8,0.074,0
2026-09-26T20:02:15Z,frontend,278.2,1150,0.8,0.24191304347826087,0
2026-09-26T20:02:15Z,cartservice,334.0,1000,0.95,0.334,0
2026-09-26T20:02:15Z,checkoutservice,746.0,1500,0.8,0.49733333333333335,0
2026-09-26T20:02:15Z,productcatalogservice,412.0,600,0.95,0.6866666666666666,0
2026-09-26T20:02:15Z,paymentservice,45.0,150,0.8,0.3,0
2026-09-26T20:02:15Z,recommendationservice,920.0,2000,0.8,0.46,0
2026-09-26T20:02:15Z,shippingservice,75.0,400,0.8,0.1875,0
2026-09-26T20:02:15Z,currencyservice,380.0,500,0.8,0.76,0
2026-09-26T20:02:15Z,emailservice,99.0,150,0.8,0.66,0
2026-09-26T20:02:15Z,adservice,136.0,600,0.8,0.22666666666666666,0
2026-09-26T20:02:15Z,redis-cart,37.0,500,0.8,0.074,0
2026-09-26T20:02:16Z,frontend,286.6,1150,0.8,0.24921739130434784,0
2026-09-26T20:02:16Z,cartservice,339.0,1000,0.95,0.339,0
2026-09-26T20:02:16Z,checkoutservice,693.0,1500,0.8,0.462,0
2026-09-26T20:02:16Z,productcatalogservice,412.0,600,0.95,0.6866666666666666,0
2026-09-26T20:02:16Z,paymentservice,45.0,150,0.8,0.3,0
2026-09-26T20:02:16Z,recommendationservice,920.0,2000,0.8,0.46,0
2026-09-26T20:02:16Z,shippingservice,75.0,400,0.8,0.1875,0
2026-09-26T20:02:16Z,currencyservice,397.0,500,0.8,0.794,0
2026-09-26T20:02:16Z,emailservice,99.0,150,0.8,0.66,0
2026-09-26T20:02:16Z,adservice,125.0,600,0.8,0.20833333333333334,0
2026-09-26T20:02:16Z,redis-cart,42.0,500,0.8,0.084,0
2026-09-26T20:02:17Z,frontend,300.0,1150,0.8,0.2608695652173913,0
2026-09-26T20:02:17Z,cartservice,339.0,1000,0.95,0.339,0
2026-09-26T20:02:17Z,checkoutservice,693.0,1500,0.8,0.462,0
2026-09-26T20:02:17Z,productcatalogservice,387.0,600,0.95,0.645,0
2026-09-26T20:02:17Z,paymentservice,41.0,150,0.8,0.2733333333333333,0
2026-09-26T20:02:17Z,recommendationservice,915.0,2000,0.8,0.4575,0
2026-09-26T20:02:17Z,shippingservice,82.0,400,0.8,0.205,0
2026-09-26T20:02:17Z,currencyservice,397.0,500,0.8,0.794,0
2026-09-26T20:02:17Z,emailservice,82.0,150,0.8,0.5466666666666666,0
2026-09-26T20:02:17Z,adservice,125.0,600,0.8,0.20833333333333334,0
2026-09-26T20:02:17Z,redis-cart,42.0,500,0.8,0.084,0
2026-09-26T20:02:18Z,frontend,288.0,1150,0.8,0.25043478260869567,0
2026-09-26T20:02:18Z,cartservice,307.0,1000,0.95,0.307,0
2026-09-26T20:02:18Z,checkoutservice,763.0,1500,0.8,0.5086666666666667,0
2026-09-26T20:02:18Z,productcatalogservice,394.0,600,0.95,0.6566666666666666,0
2026-09-26T20:02:18Z,paymentservice,45.0,150,0.8,0.3,0
2026-09-26T20:02:18Z,recommendationservice,899.0,2000,0.8,0.4495,0
2026-09-26T20:02:18Z,shippingservice,98.0,400,0.8,0.245,0
2026-09-26T20:02:18Z,currencyservice,387.0,500,0.8,0.774,0
2026-09-26T20:02:18Z,emailservice,75.0,150,0.8,0.5,0
2026-09-26T20:02:18Z,adservice,132.0,600,0.8,0.22,0
2026-09-26T20:02:18Z,redis-cart,35.0,500,0.8,0.07,0
2026-09-26T20:02:19Z,frontend,278.0,1150,0.8,0.2417391304347826,0
2026-09-26T20:02:19Z,cartservice,294.0,1000,0.95,0.294,0
2026-09-26T20:02:19Z,checkoutservice,763.0,1500,0.8,0.5086666666666667,0
2026-09-26T20:02:19Z,productcatalogservice,394.0,600,0.95,0.6566666666666666,0
2026-09-26T20:02:19Z,paymentservice,35.0,150,0.8,0.23333333333333334,0
2026-09-26T20:02:19Z,recommendationservice,899.0,2000,0.8,0.4495,0
2026-09-26T20:02:19Z,shippingservice,98.0,400,0.8,0.245,0
2026-09-26T20:02:19Z,currencyservice,387.0,500,0.8,0.774,0
2026-09-26T20:02:19Z,emailservice,75.0,150,0.8,0.5,0
2026-09-26T20:02:19Z,adservice,105.0,600,0.8,0.175,0
2026-09-26T20:02:19Z,redis-cart,37.0,500,0.8,0.074,0
2026-09-26T20:02:20Z,frontend,292.2,1150,0.8,0.2540869565217391,0
2026-09-26T20:02:20Z,cartservice,336.0,1000,0.95,0.336,0
2026-09-26T20:02:20Z,checkoutservice,653.0,1500,0.8,0.43533333333333335,0
2026-09-26T20:02:20Z,productcatalogservice,422.0,600,0.95,0.7033333333333334,0
2026-09-26T20:02:20Z,paymentservice,35.0,150,0.8,0.23333333333333334,0
2026-09-26T20:02:20Z,recommendationservice,960.0,2000,0.8,0.48,0
2026-09-26T20:02:20Z,shippingservice,86.0,400,0.8,0.215,0
2026-09-26T20:02:20Z,currencyservice,390.0,500,0.8,0.78,0
2026-09-26T20:02:20Z,emailservice,67.0,150,0.8,0.44666666666666666,0
2026-09-26T20:02:20Z,adservice,122.0,600,0.8,0.20333333333333334,0
2026-09-26T20:02:20Z,redis-cart,37.0,500,0.8,0.074,0
2026-09-26T20:02:21Z,frontend,285.8,1150,0.8,0.2485217391304348,0
2026-09-26T20:02:21Z,cartservice,336.0,1000,0.95,0.336,0
2026-09-26T20:02:21Z,checkoutservice,499.0,1500,0.8,0.33266666666666667,0
2026-09-26T20:02:21Z,productcatalogservice,422.0,600,0.95,0.7033333333333334,0
2026-09-26T20:02:21Z,paymentservice,35.0,150,0.8,0.23333333333333334,0
2026-09-26T20:02:21Z,recommendationservice,976.0,2000,0.8,0.488,0
2026-09-26T20:02:21Z,shippingservice,61.0,400,0.8,0.1525,0
2026-09-26T20:02:21Z,currencyservice,383.0,500,0.8,0.766,0
2026-09-26T20:02:21Z,emailservice,67.0,150,0.8,0.44666666666666666,0
2026-09-26T20:02:21Z,adservice,122.0,600,0.8,0.20333333333333334,0
2026-09-26T20:02:21Z,redis-cart,41.0,500,0.8,0.082,0
2026-09-26T20:02:22Z,frontend,275.0,1150,0.8,0.2391304347826087,0
2026-09-26T20:02:22Z,cartservice,336.0,1000,0.95,0.336,0
2026-09-26T20:02:22Z,checkoutservice,659.0,1500,0.8,0.43933333333333335,0
2026-09-26T20:02:22Z,productcatalogservice,382.0,600,0.95,0.6366666666666667,0
2026-09-26T20:02:22Z,paymentservice,63.0,150,0.8,0.42,0
2026-09-26T20:02:22Z,recommendationservice,975.0,2000,0.8,0.4875,0
2026-09-26T20:02:22Z,shippingservice,61.0,400,0.8,0.1525,0
2026-09-26T20:02:22Z,currencyservice,383.0,500,0.8,0.766,0
2026-09-26T20:02:22Z,emailservice,77.0,150,0.8,0.5133333333333333,0
2026-09-26T20:02:22Z,adservice,111.0,600,0.8,0.185,0
2026-09-26T20:02:22Z,redis-cart,41.0,500,0.8,0.082,0
2026-09-26T20:02:23Z,frontend,293.2,1150,0.8,0.2549565217391304,0
2026-09-26T20:02:23Z,cartservice,340.0,1000,0.95,0.34,0
2026-09-26T20:02:23Z,checkoutservice,659.0,1500,0.8,0.43933333333333335,0
2026-09-26T20:02:23Z,productcatalogservice,397.0,600,0.95,0.6616666666666666,0
2026-09-26T20:02:23Z,paymentservice,63.0,150,0.8,0.42,0
2026-09-26T20:02:23Z,recommendationservice,975.0,2000,0.8,0.4875,0
2026-09-26T20:02:23Z,shippingservice,90.0,400,0.8,0.225,0
2026-09-26T20:02:23Z,currencyservice,380.0,500,0.8,0.76,0
2026-09-26T20:02:23Z,emailservice,70.0,150,0.8,0.4666666666666667,0
2026-09-26T20:02:23Z,adservice,113.0,600,0.8,0.18833333333333332,0
2026-09-26T20:02:23Z,redis-cart,38.0,500,0.8,0.076,0
2026-09-26T20:02:24Z,frontend,285.8,1150,0.8,0.2485217391304348,0
2026-09-26T20:02:24Z,cartservice,340.0,1000,0.95,0.34,0
2026-09-26T20:02:24Z,checkoutservice,665.0,1500,0.8,0.44333333333333336,0
2026-09-26T20:02:24Z,productcatalogservice,397.0,600,0.95,0.6616666666666666,0
2026-09-26T20:02:24Z,paymentservice,36.0,150,0.8,0.24,0
2026-09-26T20:02:24Z,recommendationservice,925.0,2000,0.8,0.4625,0
2026-09-26T20:02:24Z,shippingservice,88.0,400,0.8,0.22,0
2026-09-26T20:02:24Z,currencyservice,370.0,500,0.8,0.74,0
2026-09-26T20:02:24Z,emailservice,79.0,150,0.8,0.5266666666666666,0
2026-09-26T20:02:24Z,adservice,113.0,600,0.8,0.18833333333333332,0
2026-09-26T20:02:24Z,redis-cart,37.0,500,0.8,0.074,0
2026-09-26T20:02:25Z,frontend,277.2,1150,0.8,0.24104347826086955,0
2026-09-26T20:02:25Z,cartservice,313.0,1000,0.95,0.313,0
2026-09-26T20:02:25Z,checkoutservice,651.0,1500,0.8,0.434,0
2026-09-26T20:02:25Z,productcatalogservice,393.0,600,0.95,0.655,0
2026-09-26T20:02:25Z,paymentservice,42.0,150,0.8,0.28,0
2026-09-26T20:02:25Z,recommendationservice,925.0,2000,0.8,0.4625,0
2026-09-26T20:02:25Z,shippingservice,88.0,400,0.8,0.22,0
2026-09-26T20:02:25Z,currencyservice,370.0,500,0.8,0.74,0
2026-09-26T20:02:25Z,emailservice,99.0,150,0.8,0.66,0
2026-09-26T20:02:25Z,adservice,108.0,600,0.8,0.18,0
2026-09-26T20:02:25Z,redis-cart,37.0,500,0.8,0.074,0
2026-09-26T20:02:26Z,frontend,279.0,1150,0.8,0.2426086956521739,0
2026-09-26T20:02:26Z,cartservice,315.0,1000,0.95,0.315,0
2026-09-26T20:02:26Z,checkoutservice,823.0,1500,0.8,0.5486666666666666,0
2026-09-26T20:02:26Z,productcatalogservice,377.0,600,0.95,0.6283333333333333,0
2026-09-26T20:02:26Z,paymentservice,42.0,150,0.8,0.28,0
2026-09-26T20:02:26Z,recommendationservice,950.0,2000,0.8,0.475,0
2026-09-26T20:02:26Z,shippingservice,79.0,400,0.8,0.1975,0
2026-09-26T20:02:26Z,currencyservice,373.0,500,0.8,0.746,0
2026-09-26T20:02:26Z,emailservice,99.0,150,0.8,0.66,0
2026-09-26T20:02:26Z,adservice,108.0,600,0.8,0.18,0
2026-09-26T20:02:26Z,redis-cart,37.0,500,0.8,0.074,0
2026-09-26T20:02:27Z,frontend,271.6,1150,0.8,0.2361739130434783,0
2026-09-26T20:02:27Z,cartservice,315.0,1000,0.95,0.315,0
2026-09-26T20:02:27Z,checkoutservice,823.0,1500,0.8,0.5486666666666666,0
2026-09-26T20:02:27Z,productcatalogservice,376.0,600,0.95,0.6266666666666667,0
2026-09-26T20:02:27Z,paymentservice,34.0,150,0.8,0.22666666666666666,0
2026-09-26T20:02:27Z,recommendationservice,934.0,2000,0.8,0.467,0
2026-09-26T20:02:27Z,shippingservice,88.0,400,0.8,0.22,0
2026-09-26T20:02:27Z,currencyservice,369.0,500,0.8,0.738,0
2026-09-26T20:02:27Z,emailservice,71.0,150,0.8,0.47333333333333333,0
2026-09-26T20:02:27Z,adservice,113.0,600,0.8,0.18833333333333332,0
2026-09-26T20:02:27Z,redis-cart,41.0,500,0.8,0.082,0
2026-09-26T20:02:28Z,frontend,284.8,1150,0.8,0.24765217391304348,0
2026-09-26T20:02:28Z,cartservice,279.0,1000,0.95,0.279,0
2026-09-26T20:02:28Z,checkoutservice,629.0,1500,0.8,0.41933333333333334,0
2026-09-26T20:02:28Z,productcatalogservice,402.0,600,0.95,0.67,0
2026-09-26T20:02:28Z,paymentservice,34.0,150,0.8,0.22666666666666666,0
2026-09-26T20:02:28Z,recommendationservice,934.0,2000,0.8,0.467,0
2026-09-26T20:02:28Z,shippingservice,88.0,400,0.8,0.22,0
2026-09-26T20:02:28Z,currencyservice,369.0,500,0.8,0.738,0
2026-09-26T20:02:28Z,emailservice,71.0,150,0.8,0.47333333333333333,0
2026-09-26T20:02:28Z,adservice,113.0,600,0.8,0.18833333333333332,0
2026-09-26T20:02:28Z,redis-cart,34.0,500,0.8,0.068,0
2026-09-26T20:02:29Z,frontend,284.6,1150,0.8,0.24747826086956523,0
2026-09-26T20:02:29Z,cartservice,287.0,1000,0.95,0.287,0
2026-09-26T20:02:29Z,checkoutservice,629.0,1500,0.8,0.41933333333333334,0
2026-09-26T20:02:29Z,productcatalogservice,402.0,600,0.95,0.67,0
2026-09-26T20:02:29Z,paymentservice,34.0,150,0.8,0.22666666666666666,0
2026-09-26T20:02:29Z,recommendationservice,943.0,2000,0.8,0.4715,0
2026-09-26T20:02:29Z,shippingservice,73.0,400,0.8,0.1825,0
2026-09-26T20:02:29Z,currencyservice,383.0,500,0.8,0.766,0
2026-09-26T20:02:29Z,emailservice,69.0,150,0.8,0.46,0
2026-09-26T20:02:29Z,adservice,115.0,600,0.8,0.19166666666666668,0
2026-09-26T20:02:29Z,redis-cart,35.0,500,0.8,0.07,0
2026-09-26T20:02:30Z,frontend,290.6,1150,0.8,0.25269565217391304,0
2026-09-26T20:02:30Z,cartservice,287.0,1000,0.95,0.287,0
2026-09-26T20:02:30Z,checkoutservice,560.0,1500,0.8,0.37333333333333335,0
2026-09-26T20:02:30Z,productcatalogservice,396.0,600,0.95,0.66,0
2026-09-26T20:02:30Z,paymentservice,45.0,150,0.8,0.3,0
2026-09-26T20:02:30Z,recommendationservice,987.0,2000,0.8,0.4935,0
2026-09-26T20:02:30Z,shippingservice,73.0,400,0.8,0.1825,0
2026-09-26T20:02:30Z,currencyservice,378.0,500,0.8,0.756,0
2026-09-26T20:02:30Z,emailservice,91.0,150,0.8,0.6066666666666667,0
2026-09-26T20:02:30Z,adservice,115.0,600,0.8,0.19166666666666668,0
2026-09-26T20:02:30Z,redis-cart,36.0,500,0.8,0.072,0
2026-09-26T20:02:31Z,frontend,277.0,1150,0.8,0.2408695652173913,0
2026-09-26T20:02:31Z,cartservice,308.0,1000,0.95,0.308,0
2026-09-26T20:02:31Z,checkoutservice,560.0,1500,0.8,0.37333333333333335,0
2026-09-26T20:02:31Z,productcatalogservice,396.0,600,0.95,0.66,0
2026-09-26T20:02:31Z,paymentservice,70.0,150,0.8,0.4666666666666667,0
2026-09-26T20:02:31Z,recommendationservice,958.0,2000,0.8,0.479,0
2026-09-26T20:02:31Z,shippingservice,86.0,400,0.8,0.215,0
2026-09-26T20:02:31Z,currencyservice,393.0,500,0.8,0.786,0
2026-09-26T20:02:31Z,emailservice,91.0,150,0.8,0.6066666666666667,0
2026-09-26T20:02:31Z,adservice,124.0,600,0.8,0.20666666666666667,0
2026-09-26T20:02:31Z,redis-cart,36.0,500,0.8,0.072,0
2026-09-26T20:02:32Z,frontend,274.2,1150,0.8,0.23843478260869563,0
2026-09-26T20:02:32Z,cartservice,291.0,1000,0.95,0.291,0
2026-09-26T20:02:32Z,checkoutservice,704.0,1500,0.8,0.4693333333333333,0
2026-09-26T20:02:32Z,productcatalogservice,401.0,600,0.95,0.6683333333333333,0
2026-09-26T20:02:32Z,paymentservice,70.0,150,0.8,0.4666666666666667,0
2026-09-26T20:02:32Z,recommendationservice,958.0,2000,0.8,0.479,0
2026-09-26T20:02:32Z,shippingservice,84.0,400,0.8,0.21,0
2026-09-26T20:02:32Z,currencyservice,393.0,500,0.8,0.786,0
2026-09-26T20:02:32Z,emailservice,77.0,150,0.8,0.5133333333333333,0
2026-09-26T20:02:32Z,adservice,123.0,600,0.8,0.205,0
2026-09-26T20:02:32Z,redis-cart,40.0,500,0.8,0.08,0
2026-09-26T20:02:33Z,frontend,290.2,1150,0.8,0.2523478260869565,0
2026-09-26T20:02:33Z,cartservice,291.0,1000,0.95,0.291,0
2026-09-26T20:02:33Z,checkoutservice,694.0,1500,0.8,0.46266666666666667,0
2026-09-26T20:02:33Z,productcatalogservice,401.0,600,0.95,0.6683333333333333,0
2026-09-26T20:02:33Z,paymentservice,35.0,150,0.8,0.23333333333333334,0
2026-09-26T20:02:33Z,recommendationservice,953.0,2000,0.8,0.4765,0
2026-09-26T20:02:33Z,shippingservice,87.0,400,0.8,0.2175,0
2026-09-26T20:02:33Z,currencyservice,385.0,500,0.8,0.77,0
2026-09-26T20:02:33Z,emailservice,80.0,150,0.8,0.5333333333333333,0
2026-09-26T20:02:33Z,adservice,123.0,600,0.8,0.205,0
2026-09-26T20:02:33Z,redis-cart,36.0,500,0.8,0.072,0
2026-09-26T20:02:34Z,frontend,285.0,1150,0.8,0.24782608695652175,0
2026-09-26T20:02:34Z,cartservice,346.0,1000,0.95,0.346,0
2026-09-26T20:02:34Z,checkoutservice,694.0,1500,0.8,0.46266666666666667,0
2026-09-26T20:02:34Z,productcatalogservice,402.0,600,0.95,0.67,0
2026-09-26T20:02:34Z,paymentservice,35.0,150,0.8,0.23333333333333334,0
2026-09-26T20:02:34Z,recommendationservice,953.0,2000,0.8,0.4765,0
2026-09-26T20:02:34Z,shippingservice,87.0,400,0.8,0.2175,0
2026-09-26T20:02:34Z,currencyservice,374.0,500,0.8,0.748,0
2026-09-26T20:02:34Z,emailservice,80.0,150,0.8,0.5333333333333333,0
2026-09-26T20:02:34Z,adservice,114.0,600,0.8,0.19,0
2026-09-26T20:02:34Z,redis-cart,36.0,500,0.8,0.072,0
2026-09-26T20:02:35Z,frontend,268.6,1150,0.8,0.23356521739130437,0
2026-09-26T20:02:35Z,cartservice,366.0,1000,0.95,0.366,0
2026-09-26T20:02:35Z,checkoutservice,597.0,1500,0.8,0.398,0
2026-09-26T20:02:35Z,productcatalogservice,418.0,600,0.95,0.6966666666666667,0
2026-09-26T20:02:35Z,paymentservice,38.0,150,0.8,0.25333333333333335,0
2026-09-26T20:02:35Z,recommendationservice,965.0,2000,0.8,0.4825,0
2026-09-26T20:02:35Z,shippingservice,72.0,400,0.8,0.18,0
2026-09-26T20:02:35Z,currencyservice,371.0,500,0.8,0.742,0
2026-09-26T20:02:35Z,emailservice,61.0,150,0.8,0.4066666666666667,0
2026-09-26T20:02:35Z,adservice,124.0,600,0.8,0.20666666666666667,0
2026-09-26T20:02:35Z,redis-cart,39.0,500,0.8,0.078,0
2026-09-26T20:02:36Z,frontend,296.8,1150,0.8,0.25808695652173913,0
2026-09-26T20:02:36Z,cartservice,366.0,1000,0.95,0.366,0
2026-09-26T20:02:36Z,checkoutservice,643.0,1500,0.8,0.42866666666666664,0
2026-09-26T20:02:36Z,productcatalogservice,418.0,600,0.95,0.6966666666666667,0
2026-09-26T20:02:36Z,paymentservice,31.0,150,0.8,0.20666666666666667,0
2026-09-26T20:02:36Z,recommendationservice,965.0,2000,0.8,0.4825,0
2026-09-26T20:02:36Z,shippingservice,68.0,400,0.8,0.17,0
2026-09-26T20:02:36Z,currencyservice,371.0,500,0.8,0.742,0
2026-09-26T20:02:36Z,emailservice,61.0,150,0.8,0.4066666666666667,0
2026-09-26T20:02:36Z,adservice,124.0,600,0.8,0.20666666666666667,0
2026-09-26T20:02:36Z,redis-cart,38.0,500,0.8,0.076,0
2026-09-26T20:02:37Z,frontend,283.8,1150,0.8,0.2467826086956522,0
2026-09-26T20:02:37Z,cartservice,412.0,1000,0.95,0.412,0
2026-09-26T20:02:37Z,checkoutservice,547.0,1500,0.8,0.36466666666666664,0
2026-09-26T20:02:37Z,productcatalogservice,389.0,600,0.95,0.6483333333333333,0
2026-09-26T20:02:37Z,paymentservice,31.0,150,0.8,0.20666666666666667,0
2026-09-26T20:02:37Z,recommendationservice,973.0,2000,0.8,0.4865,0
2026-09-26T20:02:37Z,shippingservice,68.0,400,0.8,0.17,0
2026-09-26T20:02:37Z,currencyservice,379.0,500,0.8,0.758,0
2026-09-26T20:02:37Z,emailservice,80.0,150,0.8,0.5333333333333333,0
2026-09-26T20:02:37Z,adservice,107.0,600,0.8,0.17833333333333334,0
2026-09-26T20:02:37Z,redis-cart,38.0,500,0.8,0.076,0
2026-09-26T20:02:38Z,frontend,282.8,1150,0.8,0.24591304347826087,0
2026-09-26T20:02:38Z,cartservice,341.0,1000,0.95,0.341,0
2026-09-26T20:02:38Z,checkoutservice,547.0,1500,0.8,0.36466666666666664,0
2026-09-26T20:02:38Z,productcatalogservice,410.0,600,0.95,0.6833333333333333,0
2026-09-26T20:02:38Z,paymentservice,35.0,150,0.8,0.23333333333333334,0
2026-09-26T20:02:38Z,recommendationservice,967.0,2000,0.8,0.4835,0
2026-09-26T20:02:38Z,shippingservice,92.0,400,0.8,0.23,0
2026-09-26T20:02:38Z,currencyservice,379.0,500,0.8,0.758,0
2026-09-26T20:02:38Z,emailservice,58.0,150,0.8,0.38666666666666666,0
2026-09-26T20:02:38Z,adservice,106.0,600,0.8,0.17666666666666667,0
2026-09-26T20:02:38Z,redis-cart,37.0,500,0.8,0.074,0
2026-09-26T20:02:39Z,frontend,295.8,1150,0.8,0.25721739130434784,0
2026-09-26T20:02:39Z,cartservice,362.0,1000,0.95,0.362,0
2026-09-26T20:02:39Z,checkoutservice,674.0,1500,0.8,0.4493333333333333,0
2026-09-26T20:02:39Z,productcatalogservice,410.0,600,0.95,0.6833333333333333,0
2026-09-26T20:02:39Z,paymentservice,39.0,150,0.8,0.26,0
2026-09-26T20:02:39Z,recommendationservice,967.0,2000,0.8,0.4835,0
2026-09-26T20:02:39Z,shippingservice,92.0,400,0.8,0.23,0
2026-09-26T20:02:39Z,currencyservice,402.0,500,0.8,0.804,1
2026-09-26T20:02:39Z,emailservice,92.0,150,0.8,0.6133333333333333,0
2026-09-26T20:02:39Z,adservice,106.0,600,0.8,0.17666666666666667,0
2026-09-26T20:02:39Z,redis-cart,37.0,500,0.8,0.074,0
2026-09-26T20:02:40Z,frontend,283.6,1150,0.8,0.24660869565217394,0
2026-09-26T20:02:40Z,cartservice,362.0,1000,0.95,0.362,0
2026-09-26T20:02:40Z,checkoutservice,760.0,1500,0.8,0.5066666666666667,0
2026-09-26T20:02:40Z,productcatalogservice,397.0,600,0.95,0.6616666666666666,0
2026-09-26T20:02:40Z,paymentservice,39.0,150,0.8,0.26,0
2026-09-26T20:02:40Z,recommendationservice,923.0,2000,0.8,0.4615,0
2026-09-26T20:02:40Z,shippingservice,95.0,400,0.8,0.2375,0
2026-09-26T20:02:40Z,currencyservice,376.0,500,0.8,0.752,0
2026-09-26T20:02:40Z,emailservice,92.0,150,0.8,0.6133333333333333,0
2026-09-26T20:02:40Z,adservice,114.0,600,0.8,0.19,0
2026-09-26T20:02:40Z,redis-cart,38.0,500,0.8,0.076,0
2026-09-26T20:02:41Z,frontend,280.2,1150,0.8,0.24365217391304347,0
2026-09-26T20:02:41Z,cartservice,335.0,1000,0.95,0.335,0
2026-09-26T20:02:41Z,checkoutservice,760.0,1500,0.8,0.5066666666666667,0
2026-09-26T20:02:41Z,productcatalogservice,397.0,600,0.95,0.6616666666666666,0
2026-09-26T20:02:41Z,paymentservice,37.0,150,0.8,0.24666666666666667,0
2026-09-26T20:02:41Z,recommendationservice,923.0,2000,0.8,0.4615,0
2026-09-26T20:02:41Z,shippingservice,71.0,400,0.8,0.1775,0
2026-09-26T20:02:41Z,currencyservice,376.0,500,0.8,0.752,0
2026-09-26T20:02:41Z,emailservice,89.0,150,0.8,0.5933333333333334,0
2026-09-26T20:02:41Z,adservice,103.0,600,0.8,0.17166666666666666,0
2026-09-26T20:02:41Z,redis-cart,38.0,500,0.8,0.076,0
2026-09-26T20:02:42Z,frontend,275.6,1150,0.8,0.2396521739130435,0
2026-09-26T20:02:42Z,cartservice,335.0,1000,0.95,0.335,0
2026-09-26T20:02:42Z,checkoutservice,736.0,1500,0.8,0.49066666666666664,0
2026-09-26T20:02:42Z,productcatalogservice,396.0,600,0.95,0.66,0
2026-09-26T20:02:42Z,paymentservice,56.0,150,0.8,0.37333333333333335,0
2026-09-26T20:02:42Z,recommendationservice,989.0,2000,0.8,0.4945,0
2026-09-26T20:02:42Z,shippingservice,71.0,400,0.8,0.1775,0
2026-09-26T20:02:42Z,currencyservice,394.0,500,0.8,0.788,0
2026-09-26T20:02:42Z,emailservice,68.0,150,0.8,0.4533333333333333,0
2026-09-26T20:02:42Z,adservice,124.0,600,0.8,0.20666666666666667,0
2026-09-26T20:02:42Z,redis-cart,38.0,500,0.8,0.076,0
2026-09-26T20:02:43Z,frontend,292.4,1150,0.8,0.2542608695652174,0
2026-09-26T20:02:43Z,cartservice,358.0,1000,0.95,0.358,0
2026-09-26T20:02:43Z,checkoutservice,585.0,1500,0.8,0.39,0
2026-09-26T20:02:43Z,productcatalogservice,383.0,600,0.95,0.6383333333333333,0
2026-09-26T20:02:43Z,paymentservice,35.0,150,0.8,0.23333333333333334,0
2026-09-26T20:02:43Z,recommendationservice,976.0,2000,0.8,0.488,0
2026-09-26T20:02:43Z,shippingservice,85.0,400,0.8,0.2125,0
2026-09-26T20:02:43Z,currencyservice,365.0,500,0.8,0.73,0
2026-09-26T20:02:43Z,emailservice,68.0,150,0.8,0.4533333333333333,0
2026-09-26T20:02:43Z,adservice,124.0,600,0.8,0.20666666666666667,0
2026-09-26T20:02:43Z,redis-cart,37.0,500,0.8,0.074,0
2026-09-26T20:02:44Z,frontend,280.6,1150,0.8,0.24400000000000002,0
2026-09-26T20:02:44Z,cartservice,343.0,1000,0.95,0.343,0
2026-09-26T20:02:44Z,checkoutservice,630.0,1500,0.8,0.42,0
2026-09-26T20:02:44Z,productcatalogservice,409.0,600,0.95,0.6816666666666666,0
2026-09-26T20:02:44Z,paymentservice,35.0,150,0.8,0.23333333333333334,0
2026-09-26T20:02:44Z,recommendationservice,976.0,2000,0.8,0.488,0
2026-09-26T20:02:44Z,shippingservice,71.0,400,0.8,0.1775,0
2026-09-26T20:02:44Z,currencyservice,377.0,500,0.8,0.754,0
2026-09-26T20:02:44Z,emailservice,76.0,150,0.8,0.5066666666666667,0
2026-09-26T20:02:44Z,adservice,142.0,600,0.8,0.23666666666666666,0
2026-09-26T20:02:44Z,redis-cart,39.0,500,0.8,0.078,0
2026-09-26T20:02:45Z,frontend,279.0,1150,0.8,0.2426086956521739,0
2026-09-26T20:02:45Z,cartservice,343.0,1000,0.95,0.343,0
2026-09-26T20:02:45Z,checkoutservice,630.0,1500,0.8,0.42,0
2026-09-26T20:02:45Z,productcatalogservice,409.0,600,0.95,0.6816666666666666,0
2026-09-26T20:02:45Z,paymentservice,40.0,150,0.8,0.26666666666666666,0
2026-09-26T20:02:45Z,recommendationservice,944.0,2000,0.8,0.472,0
2026-09-26T20:02:45Z,shippingservice,71.0,400,0.8,0.1775,0
2026-09-26T20:02:45Z,currencyservice,375.0,500,0.8,0.75,0
2026-09-26T20:02:45Z,emailservice,76.0,150,0.8,0.5066666666666667,0
2026-09-26T20:02:45Z,adservice,142.0,600,0.8,0.23666666666666666,0
2026-09-26T20:02:45Z,redis-cart,39.0,500,0.8,0.078,0
2026-09-26T20:02:46Z,frontend,271.8,1150,0.8,0.23634782608695654,0
2026-09-26T20:02:46Z,cartservice,392.0,1000,0.95,0.392,0
2026-09-26T20:02:46Z,checkoutservice,583.0,1500,0.8,0.38866666666666666,0
2026-09-26T20:02:46Z,productcatalogservice,398.0,600,0.95,0.6633333333333333,0
2026-09-26T20:02:46Z,paymentservice,40.0,150,0.8,0.26666666666666666,0
2026-09-26T20:02:46Z,recommendationservice,932.0,2000,0.8,0.466,0
2026-09-26T20:02:46Z,shippingservice,75.0,400,0.8,0.1875,0
2026-09-26T20:02:46Z,currencyservice,375.0,500,0.8,0.75,0
2026-09-26T20:02:46Z,emailservice,81.0,150,0.8,0.54,0
2026-09-26T20:02:46Z,adservice,102.0,600,0.8,0.17,0
2026-09-26T20:02:46Z,redis-cart,40.0,500,0.8,0.08,0
2026-09-26T20:02:47Z,frontend,284.2,1150,0.8,0.24713043478260868,0
2026-09-26T20:02:47Z,cartservice,392.0,1000,0.95,0.392,0
2026-09-26T20:02:47Z,checkoutservice,724.0,1500,0.8,0.4826666666666667,0
2026-09-26T20:02:47Z,productcatalogservice,404.0,600,0.95,0.6733333333333333,0
2026-09-26T20:02:47Z,paymentservice,35.0,150,0.8,0.23333333333333334,0
2026-09-26T20:02:47Z,recommendationservice,932.0,2000,0.8,0.466,0
2026-09-26T20:02:47Z,shippingservice,94.0,400,0.8,0.235,0
2026-09-26T20:02:47Z,currencyservice,384.0,500,0.8,0.768,0
2026-09-26T20:02:47Z,emailservice,81.0,150,0.8,0.54,0
2026-09-26T20:02:47Z,adservice,109.0,600,0.8,0.18166666666666667,0
2026-09-26T20:02:47Z,redis-cart,43.0,500,0.8,0.086,0
2026-09-26T20:02:48Z,frontend,283.2,1150,0.8,0.2462608695652174,0
2026-09-26T20:02:48Z,cartservice,339.0,1000,0.95,0.339,0
2026-09-26T20:02:48Z,checkoutservice,724.0,1500,0.8,0.4826666666666667,0
2026-09-26T20:02:48Z,productcatalogservice,404.0,600,0.95,0.6733333333333333,0
2026-09-26T20:02:48Z,paymentservice,34.0,150,0.8,0.22666666666666666,0
2026-09-26T20:02:48Z,recommendationservice,970.0,2000,0.8,0.485,0
2026-09-26T20:02:48Z,shippingservice,94.0,400,0.8,0.235,0
2026-09-26T20:02:48Z,currencyservice,384.0,500,0.8,0.768,0
2026-09-26T20:02:48Z,emailservice,67.0,150,0.8,0.44666666666666666,0
2026-09-26T20:02:48Z,adservice,109.0,600,0.8,0.18166666666666667,0
2026-09-26T20:02:48Z,redis-cart,32.0,500,0.8,0.064,0
2026-09-26T20:02:49Z,frontend,289.2,1150,0.8,0.2514782608695652,0
2026-09-26T20:02:49Z,cartservice,354.0,1000,0.95,0.354,0
2026-09-26T20:02:49Z,checkoutservice,696.0,1500,0.8,0.464,0
2026-09-26T20:02:49Z,productcatalogservice,415.0,600,0.95,0.6916666666666667,0
2026-09-26T20:02:49Z,paymentservice,34.0,150,0.8,0.22666666666666666,0
2026-09-26T20:02:49Z,recommendationservice,970.0,2000,0.8,0.485,0
2026-09-26T20:02:49Z,shippingservice,84.0,400,0.8,0.21,0
2026-09-26T20:02:49Z,currencyservice,398.0,500,0.8,0.796,0
2026-09-26T20:02:49Z,emailservice,67.0,150,0.8,0.44666666666666666,0
2026-09-26T20:02:49Z,adservice,119.0,600,0.8,0.19833333333333333,0
2026-09-26T20:02:49Z,redis-cart,32.0,500,0.8,0.064,0
2026-09-26T20:02:50Z,frontend,284.0,1150,0.8,0.24695652173913044,0
2026-09-26T20:02:50Z,cartservice,345.0,1000,0.95,0.345,0
2026-09-26T20:02:50Z,checkoutservice,644.0,1500,0.8,0.42933333333333334,0
2026-09-26T20:02:50Z,productcatalogservice,388.0,600,0.95,0.6466666666666666,0
2026-09-26T20:02:50Z,paymentservice,38.0,150,0.8,0.25333333333333335,0
2026-09-26T20:02:50Z,recommendationservice,941.0,2000,0.8,0.4705,0
2026-09-26T20:02:50Z,shippingservice,70.0,400,0.8,0.175,0
2026-09-26T20:02:50Z,currencyservice,398.0,500,0.8,0.796,0
2026-09-26T20:02:50Z,emailservice,81.0,150,0.8,0.54,0
2026-09-26T20:02:50Z,adservice,113.0,600,0.8,0.18833333333333332,0
2026-09-26T20:02:50Z,redis-cart,40.0,500,0.8,0.08,0
2026-09-26T20:02:51Z,frontend,279.0,1150,0.8,0.2426086956521739,0
2026-09-26T20:02:51Z,cartservice,349.0,1000,0.95,0.349,0
2026-09-26T20:02:51Z,checkoutservice,644.0,1500,0.8,0.42933333333333334,0
2026-09-26T20:02:51Z,productcatalogservice,388.0,600,0.95,0.6466666666666666,0
2026-09-26T20:02:51Z,paymentservice,33.0,150,0.8,0.22,0
2026-09-26T20:02:51Z,recommendationservice,1015.0,2000,0.8,0.5075,0
2026-09-26T20:02:51Z,shippingservice,69.0,400,0.8,0.1725,0
2026-09-26T20:02:51Z,currencyservice,372.0,500,0.8,0.744,0
2026-09-26T20:02:51Z,emailservice,84.0,150,0.8,0.56,0
2026-09-26T20:02:51Z,adservice,113.0,600,0.8,0.18833333333333332,0
2026-09-26T20:02:51Z,redis-cart,36.0,500,0.8,0.072,0
2026-09-26T20:02:52Z,frontend,295.4,1150,0.8,0.2568695652173913,0
2026-09-26T20:02:52Z,cartservice,349.0,1000,0.95,0.349,0
2026-09-26T20:02:52Z,checkoutservice,534.0,1500,0.8,0.356,0
2026-09-26T20:02:52Z,productcatalogservice,389.0,600,0.95,0.6483333333333333,0
2026-09-26T20:02:52Z,paymentservice,33.0,150,0.8,0.22,0
2026-09-26T20:02:52Z,recommendationservice,1004.0,2000,0.8,0.502,0
2026-09-26T20:02:52Z,shippingservice,86.0,400,0.8,0.215,0
2026-09-26T20:02:52Z,currencyservice,372.0,500,0.8,0.744,0
2026-09-26T20:02:52Z,emailservice,49.0,150,0.8,0.32666666666666666,0
2026-09-26T20:02:52Z,adservice,118.0,600,0.8,0.19666666666666666,0
2026-09-26T20:02:52Z,redis-cart,36.0,500,0.8,0.072,0
2026-09-26T20:02:53Z,frontend,272.4,1150,0.8,0.23686956521739128,0
2026-09-26T20:02:53Z,cartservice,379.0,1000,0.95,0.379,0
2026-09-26T20:02:53Z,checkoutservice,534.0,1500,0.8,0.356,0
2026-09-26T20:02:53Z,productcatalogservice,397.0,600,0.95,0.6616666666666666,0
2026-09-26T20:02:53Z,paymentservice,48.0,150,0.8,0.32,0
2026-09-26T20:02:53Z,recommendationservice,1004.0,2000,0.8,0.502,0
2026-09-26T20:02:53Z,shippingservice,86.0,400,0.8,0.215,0
2026-09-26T20:02:53Z,currencyservice,384.0,500,0.8,0.768,0
2026-09-26T20:02:53Z,emailservice,49.0,150,0.8,0.32666666666666666,0
2026-09-26T20:02:53Z,adservice,110.0,600,0.8,0.18333333333333332,0
2026-09-26T20:02:53Z,redis-cart,37.0,500,0.8,0.074,0
2026-09-26T20:02:54Z,frontend,293.6,1150,0.8,0.25530434782608696,0
2026-09-26T20:02:54Z,cartservice,365.0,1000,0.95,0.365,0
2026-09-26T20:02:54Z,checkoutservice,602.0,1500,0.8,0.4013333333333333,0
2026-09-26T20:02:54Z,productcatalogservice,397.0,600,0.95,0.6616666666666666,0
2026-09-26T20:02:54Z,paymentservice,35.0,150,0.8,0.23333333333333334,0
2026-09-26T20:02:54Z,recommendationservice,961.0,2000,0.8,0.4805,0
2026-09-26T20:02:54Z,shippingservice,68.0,400,0.8,0.17,0
2026-09-26T20:02:54Z,currencyservice,383.0,500,0.8,0.766,0
2026-09-26T20:02:54Z,emailservice,65.0,150,0.8,0.43333333333333335,0
2026-09-26T20:02:54Z,adservice,110.0,600,0.8,0.18333333333333332,0
2026-09-26T20:02:54Z,redis-cart,37.0,500,0.8,0.074,0
2026-09-26T20:02:55Z,frontend,291.4,1150,0.8,0.2533913043478261,0
2026-09-26T20:02:55Z,cartservice,365.0,1000,0.95,0.365,0
2026-09-26T20:02:55Z,checkoutservice,573.0,1500,0.8,0.382,0
2026-09-26T20:02:55Z,productcatalogservice,420.0,600,0.95,0.7,0
2026-09-26T20:02:55Z,paymentservice,35.0,150,0.8,0.23333333333333334,0
2026-09-26T20:02:55Z,recommendationservice,961.0,2000,0.8,0.4805,0
2026-09-26T20:02:55Z,shippingservice,77.0,400,0.8,0.1925,0
2026-09-26T20:02:55Z,currencyservice,378.0,500,0.8,0.756,0
2026-09-26T20:02:55Z,emailservice,90.0,150,0.8,0.6,0
2026-09-26T20:02:55Z,adservice,108.0,600,0.8,0.18,0
2026-09-26T20:02:55Z,redis-cart,38.0,500,0.8,0.076,0
2026-09-26T20:02:56Z,frontend,274.4,1150,0.8,0.23860869565217388,0
2026-09-26T20:02:56Z,cartservice,332.0,1000,0.95,0.332,0
2026-09-26T20:02:56Z,checkoutservice,573.0,1500,0.8,0.382,0
2026-09-26T20:02:56Z,productcatalogservice,420.0,600,0.95,0.7,0
2026-09-26T20:02:56Z,paymentservice,38.0,150,0.8,0.25333333333333335,0
2026-09-26T20:02:56Z,recommendationservice,1001.0,2000,0.8,0.5005,0
2026-09-26T20:02:56Z,shippingservice,77.0,400,0.8,0.1925,0
2026-09-26T20:02:56Z,currencyservice,367.0,500,0.8,0.734,0
2026-09-26T20:02:56Z,emailservice,90.0,150,0.8,0.6,0
2026-09-26T20:02:56Z,adservice,98.0,600,0.8,0.16333333333333333,0
2026-09-26T20:02:56Z,redis-cart,40.0,500,0.8,0.08,0
2026-09-26T20:02:57Z,frontend,275.8,1150,0.8,0.23982608695652174,0
2026-09-26T20:02:57Z,cartservice,332.0,1000,0.95,0.332,0
2026-09-26T20:02:57Z,checkoutservice,699.0,1500,0.8,0.466,0
2026-09-26T20:02:57Z,productcatalogservice,362.0,600,0.95,0.6033333333333334,0
2026-09-26T20:02:57Z,paymentservice,38.0,150,0.8,0.25333333333333335,0
2026-09-26T20:02:57Z,recommendationservice,1001.0,2000,0.8,0.5005,0
2026-09-26T20:02:57Z,shippingservice,79.0,400,0.8,0.1975,0
2026-09-26T20:02:57Z,currencyservice,367.0,500,0.8,0.734,0
2026-09-26T20:02:57Z,emailservice,67.0,150,0.8,0.44666666666666666,0
2026-09-26T20:02:57Z,adservice,103.0,600,0.8,0.17166666666666666,0
2026-09-26T20:02:57Z,redis-cart,40.0,500,0.8,0.08,0
2026-09-26T20:02:58Z,frontend,284.8,1150,0.8,0.24765217391304348,0
2026-09-26T20:02:58Z,cartservice,367.0,1000,0.95,0.367,0
2026-09-26T20:02:58Z,checkoutservice,722.0,1500,0.8,0.48133333333333334,0
2026-09-26T20:02:58Z,productcatalogservice,390.0,600,0.95,0.65,0
2026-09-26T20:02:58Z,paymentservice,37.0,150,0.8,0.24666666666666667,0
2026-09-26T20:02:58Z,recommendationservice,940.0,2000,0.8,0.47,0
2026-09-26T20:02:58Z,shippingservice,79.0,400,0.8,0.1975,0
2026-09-26T20:02:58Z,currencyservice,394.0,500,0.8,0.788,0
2026-09-26T20:02:58Z,emailservice,75.0,150,0.8,0.5,0
2026-09-26T20:02:58Z,adservice,103.0,600,0.8,0.17166666666666666,0
2026-09-26T20:02:58Z,redis-cart,38.0,500,0.8,0.076,0
2026-09-26T20:02:59Z,frontend,289.0,1150,0.8,0.25130434782608696,0
2026-09-26T20:02:59Z,cartservice,320.0,1000,0.95,0.32,0
2026-09-26T20:02:59Z,checkoutservice,519.0,1500,0.8,0.346,0
2026-09-26T20:02:59Z,productcatalogservice,389.0,600,0.95,0.6483333333333333,0
2026-09-26T20:02:59Z,paymentservice,30.0,150,0.8,0.2,0
2026-09-26T20:02:59Z,recommendationservice,1005.0,2000,0.8,0.5025,0
2026-09-26T20:02:59Z,shippingservice,80.0,400,0.8,0.2,0
2026-09-26T20:02:59Z,currencyservice,390.0,500,0.8,0.78,0
2026-09-26T20:02:59Z,emailservice,63.0,150,0.8,0.42,0
2026-09-26T20:02:59Z,adservice,120.0,600,0.8,0.2,0
2026-09-26T20:02:59Z,redis-cart,34.0,500,0.8,0.068,0
2026-09-26T20:03:00Z,frontend,275.8,1150,0.8,0.23982608695652174,0
2026-09-26T20:03:00Z,cartservice,320.0,1000,0.95,0.32,0
2026-09-26T20:03:00Z,checkoutservice,519.0,1500,0.8,0.346,0
2026-09-26T20:03:00Z,productcatalogservice,389.0,600,0.95,0.6483333333333333,0
2026-09-26T20:03:00Z,paymentservice,30.0,150,0.8,0.2,0
2026-09-26T20:03:00Z,recommendationservice,904.0,2000,0.8,0.452,0
2026-09-26T20:03:00Z,shippingservice,73.0,400,0.8,0.1825,0
2026-09-26T20:03:00Z,currencyservice,390.0,500,0.8,0.78,0
2026-09-26T20:03:00Z,emailservice,63.0,150,0.8,0.42,0
2026-09-26T20:03:00Z,adservice,120.0,600,0.8,0.2,0
2026-09-26T20:03:00Z,redis-cart,36.0,500,0.8,0.072,0
2026-09-26T20:03:01Z,frontend,282.2,1150,0.8,0.24539130434782608,0
2026-09-26T20:03:01Z,cartservice,345.0,1000,0.95,0.345,0
2026-09-26T20:03:01Z,checkoutservice,645.0,1500,0.8,0.43,0
2026-09-26T20:03:01Z,productcatalogservice,402.0,600,0.95,0.67,0
2026-09-26T20:03:01Z,paymentservice,36.0,150,0.8,0.24,0
2026-09-26T20:03:01Z,recommendationservice,904.0,2000,0.8,0.452,0
2026-09-26T20:03:01Z,shippingservice,73.0,400,0.8,0.1825,0
2026-09-26T20:03:01Z,currencyservice,378.0,500,0.8,0.756,0
2026-09-26T20:03:01Z,emailservice,84.0,150,0.8,0.56,0
2026-09-26T20:03:01Z,adservice,135.0,600,0.8,0.225,0
2026-09-26T20:03:01Z,redis-cart,36.0,500,0.8,0.072,0
2026-09-26T20:03:02Z,frontend,291.0,1150,0.8,0.2530434782608696,0
2026-09-26T20:03:02Z,cartservice,345.0,1000,0.95,0.345,0
2026-09-26T20:03:02Z,checkoutservice,710.0,1500,0.8,0.47333333333333333,0
2026-09-26T20:03:02Z,productcatalogservice,382.0,600,0.95,0.6366666666666667,0
2026-09-26T20:03:02Z,paymentservice,52.0,150,0.8,0.3466666666666667,0
2026-09-26T20:03:02Z,recommendationservice,957.0,2000,0.8,0.4785,0
2026-09-26T20:03:02Z,shippingservice,84.0,400,0.8,0.21,0
2026-09-26T20:03:02Z,currencyservice,388.0,500,0.8,0.776,0
2026-09-26T20:03:02Z,emailservice,84.0,150,0.8,0.56,0
2026-09-26T20:03:02Z,adservice,135.0,600,0.8,0.225,0
2026-09-26T20:03:02Z,redis-cart,40.0,500,0.8,0.08,0
2026-09-26T20:03:03Z,frontend,282.6,1150,0.8,0.24573913043478263,0
2026-09-26T20:03:03Z,cartservice,319.0,1000,0.95,0.319,0
2026-09-26T20:03:03Z,checkoutservice,666.0,1500,0.8,0.444,0
2026-09-26T20:03:03Z,productcatalogservice,382.0,600,0.95,0.6366666666666667,0
2026-09-26T20:03:03Z,paymentservice,52.0,150,0.8,0.3466666666666667,0
2026-09-26T20:03:03Z,recommendationservice,957.0,2000,0.8,0.4785,0
2026-09-26T20:03:03Z,shippingservice,84.0,400,0.8,0.21,0
2026-09-26T20:03:03Z,currencyservice,388.0,500,0.8,0.776,0
2026-09-26T20:03:03Z,emailservice,66.0,150,0.8,0.44,0
2026-09-26T20:03:03Z,adservice,126.0,600,0.8,0.21,0
2026-09-26T20:03:03Z,redis-cart,40.0,500,0.8,0.08,0
2026-09-26T20:03:04Z,frontend,286.6,1150,0.8,0.24921739130434784,0
2026-09-26T20:03:04Z,cartservice,300.0,1000,0.95,0.3,0
2026-09-26T20:03:04Z,checkoutservice,672.0,1500,0.8,0.448,0
2026-09-26T20:03:04Z,productcatalogservice,417.0,600,0.95,0.695,0
2026-09-26T20:03:04Z,paymentservice,44.0,150,0.8,0.29333333333333333,0
2026-09-26T20:03:04Z,recommendationservice,955.0,2000,0.8,0.4775,0
2026-09-26T20:03:04Z,shippingservice,78.0,400,0.8,0.195,0
2026-09-26T20:03:04Z,currencyservice,388.0,500,0.8,0.776,0
2026-09-26T20:03:04Z,emailservice,81.0,150,0.8,0.54,0
2026-09-26T20:03:04Z,adservice,114.0,600,0.8,0.19,0
2026-09-26T20:03:04Z,redis-cart,35.0,500,0.8,0.07,0
2026-09-26T20:03:05Z,frontend,281.2,1150,0.8,0.24452173913043476,0
2026-09-26T20:03:05Z,cartservice,313.0,1000,0.95,0.313,0
2026-09-26T20:03:05Z,checkoutservice,770.0,1500,0.8,0.5133333333333333,0
2026-09-26T20:03:05Z,productcatalogservice,399.0,600,0.95,0.665,0
2026-09-26T20:03:05Z,paymentservice,44.0,150,0.8,0.29333333333333333,0
2026-09-26T20:03:05Z,recommendationservice,1010.0,2000,0.8,0.505,0
2026-09-26T20:03:05Z,shippingservice,83.0,400,0.8,0.2075,0
2026-09-26T20:03:05Z,currencyservice,387.0,500,0.8,0.774,0
2026-09-26T20:03:05Z,emailservice,81.0,150,0.8,0.54,0
2026-09-26T20:03:05Z,adservice,107.0,600,0.8,0.17833333333333334,0
2026-09-26T20:03:05Z,redis-cart,37.0,500,0.8,0.074,0
2026-09-26T20:03:06Z,frontend,271.2,1150,0.8,0.23582608695652174,0
2026-09-26T20:03:06Z,cartservice,299.0,1000,0.95,0.299,0
2026-09-26T20:03:06Z,checkoutservice,770.0,1500,0.8,0.5133333333333333,0
2026-09-26T20:03:06Z,productcatalogservice,362.0,600,0.95,0.6033333333333334,0
2026-09-26T20:03:06Z,paymentservice,36.0,150,0.8,0.24,0
2026-09-26T20:03:06Z,recommendationservice,1010.0,2000,0.8,0.505,0
2026-09-26T20:03:06Z,shippingservice,71.0,400,0.8,0.1775,0
2026-09-26T20:03:06Z,currencyservice,387.0,500,0.8,0.774,0
2026-09-26T20:03:06Z,emailservice,80.0,150,0.8,0.5333333333333333,0
2026-09-26T20:03:06Z,adservice,107.0,600,0.8,0.17833333333333334,0
2026-09-26T20:03:06Z,redis-cart,37.0,500,0.8,0.074,0
2026-09-26T20:03:07Z,frontend,262.2,1150,0.8,0.22799999999999998,0
2026-09-26T20:03:07Z,cartservice,299.0,1000,0.95,0.299,0
2026-09-26T20:03:07Z,checkoutservice,530.0,1500,0.8,0.35333333333333333,0
2026-09-26T20:03:07Z,productcatalogservice,362.0,600,0.95,0.6033333333333334,0
2026-09-26T20:03:07Z,paymentservice,36.0,150,0.8,0.24,0
2026-09-26T20:03:07Z,recommendationservice,980.0,2000,0.8,0.49,0
2026-09-26T20:03:07Z,shippingservice,77.0,400,0.8,0.1925,0
2026-09-26T20:03:07Z,currencyservice,334.0,500,0.8,0.668,0
2026-09-26T20:03:07Z,emailservice,53.0,150,0.8,0.35333333333333333,0
2026-09-26T20:03:07Z,adservice,103.0,600,0.8,0.17166666666666666,0
2026-09-26T20:03:07Z,redis-cart,39.0,500,0.8,0.078,0
2026-09-26T20:03:08Z,frontend,276.6,1150,0.8,0.24052173913043481,0
2026-09-26T20:03:08Z,cartservice,308.0,1000,0.95,0.308,0
2026-09-26T20:03:08Z,checkoutservice,530.0,1500,0.8,0.35333333333333333,0
2026-09-26T20:03:08Z,productcatalogservice,422.0,600,0.95,0.7033333333333334,0
2026-09-26T20:03:08Z,paymentservice,30.0,150,0.8,0.2,0
2026-09-26T20:03:08Z,recommendationservice,983.0,2000,0.8,0.4915,0
2026-09-26T20:03:08Z,shippingservice,68.0,400,0.8,0.17,0
2026-09-26T20:03:08Z,currencyservice,334.0,500,0.8,0.668,0
2026-09-26T20:03:08Z,emailservice,53.0,150,0.8,0.35333333333333333,0
2026-09-26T20:03:08Z,adservice,114.0,600,0.8,0.19,0
2026-09-26T20:03:08Z,redis-cart,39.0,500,0.8,0.078,0
2026-09-26T20:03:09Z,frontend,289.0,1150,0.8,0.25130434782608696,0
2026-09-26T20:03:09Z,cartservice,333.0,1000,0.95,0.333,0
2026-09-26T20:03:09Z,checkoutservice,561.0,1500,0.8,0.374,0
2026-09-26T20:03:09Z,productcatalogservice,422.0,600,0.95,0.7033333333333334,0
2026-09-26T20:03:09Z,paymentservice,55.0,150,0.8,0.36666666666666664,0
2026-09-26T20:03:09Z,recommendationservice,968.0,2000,0.8,0.484,0
2026-09-26T20:03:09Z,shippingservice,68.0,400,0.8,0.17,0
2026-09-26T20:03:09Z,currencyservice,407.0,500,0.8,0.814,1
2026-09-26T20:03:09Z,emailservice,73.0,150,0.8,0.4866666666666667,0
2026-09-26T20:03:09Z,adservice,114.0,600,0.8,0.19,0
2026-09-26T20:03:09Z,redis-cart,38.0,500,0.8,0.076,0
2026-09-26T20:03:10Z,frontend,291.0,1150,0.8,0.2530434782608696,0
2026-09-26T20:03:10Z,cartservice,323.0,1000,0.95,0.323,0
2026-09-26T20:03:10Z,checkoutservice,662.0,1500,0.8,0.44133333333333336,0
2026-09-26T20:03:10Z,productcatalogservice,412.0,600,0.95,0.6866666666666666,0
2026-09-26T20:03:10Z,paymentservice,55.0,150,0.8,0.36666666666666664,0
2026-09-26T20:03:10Z,recommendationservice,935.0,2000,0.8,0.4675,0
2026-09-26T20:03:10Z,shippingservice,78.0,400,0.8,0.195,0
2026-09-26T20:03:10Z,currencyservice,374.0,500,0.8,0.748,0
2026-09-26T20:03:10Z,emailservice,73.0,150,0.8,0.4866666666666667,0
2026-09-26T20:03:10Z,adservice,132.0,600,0.8,0.22,0
2026-09-26T20:03:10Z,redis-cart,38.0,500,0.8,0.076,0
2026-09-26T20:03:11Z,frontend,286.8,1150,0.8,0.2493913043478261,0
2026-09-26T20:03:11Z,cartservice,323.0,1000,0.95,0.323,0
2026-09-26T20:03:11Z,checkoutservice,662.0,1500,0.8,0.44133333333333336,0
2026-09-26T20:03:11Z,productcatalogservice,402.0,600,0.95,0.67,0
2026-09-26T20:03:11Z,paymentservice,33.0,150,0.8,0.22,0
2026-09-26T20:03:11Z,recommendationservice,935.0,2000,0.8,0.4675,0
2026-09-26T20:03:11Z,shippingservice,78.0,400,0.8,0.195,0
2026-09-26T20:03:11Z,currencyservice,374.0,500,0.8,0.748,0
2026-09-26T20:03:11Z,emailservice,77.0,150,0.8,0.5133333333333333,0
2026-09-26T20:03:11Z,adservice,132.0,600,0.8,0.22,0
2026-09-26T20:03:11Z,redis-cart,38.0,500,0.8,0.076,0
2026-09-26T20:03:12Z,frontend,296.8,1150,0.8,0.25808695652173913,0
2026-09-26T20:03:12Z,cartservice,366.0,1000,0.95,0.366,0
2026-09-26T20:03:12Z,checkoutservice,643.0,1500,0.8,0.42866666666666664,0
2026-09-26T20:03:12Z,productcatalogservice,377.0,600,0.95,0.6283333333333333,0
2026-09-26T20:03:12Z,paymentservice,33.0,150,0.8,0.22,0
2026-09-26T20:03:12Z,recommendationservice,914.0,2000,0.8,0.457,0
2026-09-26T20:03:12Z,shippingservice,78.0,400,0.8,0.195,0
2026-09-26T20:03:12Z,currencyservice,383.0,500,0.8,0.766,0
2026-09-26T20:03:12Z,emailservice,77.0,150,0.8,0.5133333333333333,0
2026-09-26T20:03:12Z,adservice,117.0,600,0.8,0.195,0
2026-09-26T20:03:12Z,redis-cart,39.0,500,0.8,0.078,0
2026-09-26T20:03:13Z,frontend,296.4,1150,0.8,0.2577391304347826,0
2026-09-26T20:03:13Z,cartservice,308.0,1000,0.95,0.308,0
2026-09-26T20:03:13Z,checkoutservice,722.0,1500,0.8,0.48133333333333334,0
2026-09-26T20:03:13Z,productcatalogservice,406.0,600,0.95,0.6766666666666666,0
2026-09-26T20:03:13Z,paymentservice,52.0,150,0.8,0.3466666666666667,0
2026-09-26T20:03:13Z,recommendationservice,914.0,2000,0.8,0.457,0
2026-09-26T20:03:13Z,shippingservice,98.0,400,0.8,0.245,0
2026-09-26T20:03:13Z,currencyservice,415.0,500,0.8,0.83,1
2026-09-26T20:03:13Z,emailservice,67.0,150,0.8,0.44666666666666666,0
2026-09-26T20:03:13Z,adservice,119.0,600,0.8,0.19833333333333333,0
2026-09-26T20:03:13Z,redis-cart,39.0,500,0.8,0.078,0
2026-09-26T20:03:14Z,frontend,297.8,1150,0.8,0.2589565217391304,0
2026-09-26T20:03:14Z,cartservice,308.0,1000,0.95,0.308,0
2026-09-26T20:03:14Z,checkoutservice,722.0,1500,0.8,0.48133333333333334,0
2026-09-26T20:03:14Z,productcatalogservice,406.0,600,0.95,0.6766666666666666,0
2026-09-26T20:03:14Z,paymentservice,43.0,150,0.8,0.2866666666666667,0
2026-09-26T20:03:14Z,recommendationservice,893.0,2000,0.8,0.4465,0
2026-09-26T20:03:14Z,shippingservice,78.0,400,0.8,0.195,0
2026-09-26T20:03:14Z,currencyservice,415.0,500,0.8,0.83,1
2026-09-26T20:03:14Z,emailservice,67.0,150,0.8,0.44666666666666666,0
2026-09-26T20:03:14Z,adservice,119.0,600,0.8,0.19833333333333333,0
2026-09-26T20:03:14Z,redis-cart,39.0,500,0.8,0.078,0
2026-09-26T20:03:15Z,frontend,280.8,1150,0.8,0.24417391304347827,0
2026-09-26T20:03:15Z,cartservice,339.0,1000,0.95,0.339,0
2026-09-26T20:03:15Z,checkoutservice,757.0,1500,0.8,0.5046666666666667,0
2026-09-26T20:03:15Z,productcatalogservice,398.0,600,0.95,0.6633333333333333,0
2026-09-26T20:03:15Z,paymentservice,43.0,150,0.8,0.2866666666666667,0
2026-09-26T20:03:15Z,recommendationservice,893.0,2000,0.8,0.4465,0
2026-09-26T20:03:15Z,shippingservice,78.0,400,0.8,0.195,0
2026-09-26T20:03:15Z,currencyservice,370.0,500,0.8,0.74,0
2026-09-26T20:03:15Z,emailservice,88.0,150,0.8,0.5866666666666667,0
2026-09-26T20:03:15Z,adservice,139.0,600,0.8,0.23166666666666666,0
2026-09-26T20:03:15Z,redis-cart,38.0,500,0.8,0.076,0
2026-09-26T20:03:16Z,frontend,283.6,1150,0.8,0.24660869565217394,0
2026-09-26T20:03:16Z,cartservice,337.0,1000,0.95,0.337,0
2026-09-26T20:03:16Z,checkoutservice,676.0,1500,0.8,0.45066666666666666,0
2026-09-26T20:03:16Z,productcatalogservice,398.0,600,0.95,0.6633333333333333,0
2026-09-26T20:03:16Z,paymentservice,46.0,150,0.8,0.30666666666666664,0
2026-09-26T20:03:16Z,recommendationservice,886.0,2000,0.8,0.443,0
2026-09-26T20:03:16Z,shippingservice,83.0,400,0.8,0.2075,0
2026-09-26T20:03:16Z,currencyservice,370.0,500,0.8,0.74,0
2026-09-26T20:03:16Z,emailservice,106.0,150,0.8,0.7066666666666667,0
2026-09-26T20:03:16Z,adservice,118.0,600,0.8,0.19666666666666666,0
2026-09-26T20:03:16Z,redis-cart,37.0,500,0.8,0.074,0
2026-09-26T20:03:17Z,frontend,280.6,1150,0.8,0.24400000000000002,0
2026-09-26T20:03:17Z,cartservice,318.0,1000,0.95,0.318,0
2026-09-26T20:03:17Z,checkoutservice,676.0,1500,0.8,0.45066666666666666,0
2026-09-26T20:03:17Z,productcatalogservice,373.0,600,0.95,0.6216666666666667,0
2026-09-26T20:03:17Z,paymentservice,46.0,150,0.8,0.30666666666666664,0
2026-09-26T20:03:17Z,recommendationservice,925.0,2000,0.8,0.4625,0
2026-09-26T20:03:17Z,shippingservice,83.0,400,0.8,0.2075,0
2026-09-26T20:03:17Z,currencyservice,375.0,500,0.8,0.75,0
2026-09-26T20:03:17Z,emailservice,67.0,150,0.8,0.44666666666666666,0
2026-09-26T20:03:17Z,adservice,102.0,600,0.8,0.17,0
2026-09-26T20:03:17Z,redis-cart,37.0,500,0.8,0.074,0
2026-09-26T20:03:18Z,frontend,295.4,1150,0.8,0.2568695652173913,0
2026-09-26T20:03:18Z,cartservice,302.0,1000,0.95,0.302,0
2026-09-26T20:03:18Z,checkoutservice,787.0,1500,0.8,0.5246666666666666,0
2026-09-26T20:03:18Z,productcatalogservice,390.0,600,0.95,0.65,0
2026-09-26T20:03:18Z,paymentservice,44.0,150,0.8,0.29333333333333333,0
2026-09-26T20:03:18Z,recommendationservice,925.0,2000,0.8,0.4625,0
2026-09-26T20:03:18Z,shippingservice,104.0,400,0.8,0.26,0
2026-09-26T20:03:18Z,currencyservice,412.0,500,0.8,0.824,1
2026-09-26T20:03:18Z,emailservice,90.0,150,0.8,0.6,0
2026-09-26T20:03:18Z,adservice,126.0,600,0.8,0.21,0
2026-09-26T20:03:18Z,redis-cart,40.0,500,0.8,0.08,0
2026-09-26T20:03:19Z,frontend,287.0,1150,0.8,0.24956521739130436,0
2026-09-26T20:03:19Z,cartservice,325.0,1000,0.95,0.325,0
2026-09-26T20:03:19Z,checkoutservice,674.0,1500,0.8,0.4493333333333333,0
2026-09-26T20:03:19Z,productcatalogservice,390.0,600,0.95,0.65,0
2026-09-26T20:03:19Z,paymentservice,44.0,150,0.8,0.29333333333333333,0
2026-09-26T20:03:19Z,recommendationservice,878.0,2000,0.8,0.439,0
2026-09-26T20:03:19Z,shippingservice,94.0,400,0.8,0.235,0
2026-09-26T20:03:19Z,currencyservice,369.0,500,0.8,0.738,0
2026-09-26T20:03:19Z,emailservice,90.0,150,0.8,0.6,0
2026-09-26T20:03:19Z,adservice,126.0,600,0.8,0.21,0
2026-09-26T20:03:19Z,redis-cart,32.0,500,0.8,0.064,0
2026-09-26T20:03:20Z,frontend,297.2,1150,0.8,0.2584347826086956,0
2026-09-26T20:03:20Z,cartservice,325.0,1000,0.95,0.325,0
2026-09-26T20:03:20Z,checkoutservice,674.0,1500,0.8,0.4493333333333333,0
2026-09-26T20:03:20Z,productcatalogservice,391.0,600,0.95,0.6516666666666666,0
2026-09-26T20:03:20Z,paymentservice,33.0,150,0.8,0.22,0
2026-09-26T20:03:20Z,recommendationservice,921.0,2000,0.8,0.4605,0
2026-09-26T20:03:20Z,shippingservice,75.0,400,0.8,0.1875,0
2026-09-26T20:03:20Z,currencyservice,374.0,500,0.8,0.748,0
2026-09-26T20:03:20Z,emailservice,77.0,150,0.8,0.5133333333333333,0
2026-09-26T20:03:20Z,adservice,121.0,600,0.8,0.20166666666666666,0
2026-09-26T20:03:20Z,redis-cart,38.0,500,0.8,0.076,0
2026-09-26T20:03:21Z,frontend,294.4,1150,0.8,0.256,0
2026-09-26T20:03:21Z,cartservice,381.0,1000,0.95,0.381,0
2026-09-26T20:03:21Z,checkoutservice,623.0,1500,0.8,0.41533333333333333,0
2026-09-26T20:03:21Z,productcatalogservice,391.0,600,0.95,0.6516666666666666,0
2026-09-26T20:03:21Z,paymentservice,38.0,150,0.8,0.25333333333333335,0
2026-09-26T20:03:21Z,recommendationservice,921.0,2000,0.8,0.4605,0
2026-09-26T20:03:21Z,shippingservice,75.0,400,0.8,0.1875,0
2026-09-26T20:03:21Z,currencyservice,382.0,500,0.8,0.764,0
2026-09-26T20:03:21Z,emailservice,77.0,150,0.8,0.5133333333333333,0
2026-09-26T20:03:21Z,adservice,121.0,600,0.8,0.20166666666666666,0
2026-09-26T20:03:21Z,redis-cart,38.0,500,0.8,0.076,0
2026-09-26T20:03:22Z,frontend,294.0,1150,0.8,0.25565217391304346,0
2026-09-26T20:03:22Z,cartservice,382.0,1000,0.95,0.382,0
2026-09-26T20:03:22Z,checkoutservice,623.0,1500,0.8,0.41533333333333333,0
2026-09-26T20:03:22Z,productcatalogservice,388.0,600,0.95,0.6466666666666666,0
2026-09-26T20:03:22Z,paymentservice,68.0,150,0.8,0.4533333333333333,0
2026-09-26T20:03:22Z,recommendationservice,919.0,2000,0.8,0.4595,0
2026-09-26T20:03:22Z,shippingservice,86.0,400,0.8,0.215,0
2026-09-26T20:03:22Z,currencyservice,382.0,500,0.8,0.764,0
2026-09-26T20:03:22Z,emailservice,75.0,150,0.8,0.5,0
2026-09-26T20:03:22Z,adservice,114.0,600,0.8,0.19,0
2026-09-26T20:03:22Z,redis-cart,41.0,500,0.8,0.082,0
2026-09-26T20:03:23Z,frontend,280.0,1150,0.8,0.24347826086956523,0
2026-09-26T20:03:23Z,cartservice,382.0,1000,0.95,0.382,0
2026-09-26T20:03:23Z,checkoutservice,775.0,1500,0.8,0.5166666666666667,0
2026-09-26T20:03:23Z,productcatalogservice,380.0,600,0.95,0.6333333333333333,0
2026-09-26T20:03:23Z,paymentservice,39.0,150,0.8,0.26,0
2026-09-26T20:03:23Z,recommendationservice,931.0,2000,0.8,0.4655,0
2026-09-26T20:03:23Z,shippingservice,86.0,400,0.8,0.215,0
2026-09-26T20:03:23Z,currencyservice,388.0,500,0.8,0.776,0
2026-09-26T20:03:23Z,emailservice,85.0,150,0.8,0.5666666666666667,0
2026-09-26T20:03:23Z,adservice,114.0,600,0.8,0.19,0
2026-09-26T20:03:23Z,redis-cart,41.0,500,0.8,0.082,0
2026-09-26T20:03:24Z,frontend,282.4,1150,0.8,0.24556521739130432,0
2026-09-26T20:03:24Z,cartservice,355.0,1000,0.95,0.355,0
2026-09-26T20:03:24Z,checkoutservice,775.0,1500,0.8,0.5166666666666667,0
2026-09-26T20:03:24Z,productcatalogservice,413.0,600,0.95,0.6883333333333334,0
2026-09-26T20:03:24Z,paymentservice,39.0,150,0.8,0.26,0
2026-09-26T20:03:24Z,recommendationservice,923.0,2000,0.8,0.4615,0
2026-09-26T20:03:24Z,shippingservice,84.0,400,0.8,0.21,0
2026-09-26T20:03:24Z,currencyservice,374.0,500,0.8,0.748,0
2026-09-26T20:03:24Z,emailservice,85.0,150,0.8,0.5666666666666667,0
2026-09-26T20:03:24Z,adservice,116.0,600,0.8,0.19333333333333333,0
2026-09-26T20:03:24Z,redis-cart,34.0,500,0.8,0.068,0
2026-09-26T20:03:25Z,frontend,291.2,1150,0.8,0.25321739130434784,0
2026-09-26T20:03:25Z,cartservice,355.0,1000,0.95,0.355,0
2026-09-26T20:03:25Z,checkoutservice,571.0,1500,0.8,0.38066666666666665,0
2026-09-26T20:03:25Z,productcatalogservice,413.0,600,0.95,0.6883333333333334,0
2026-09-26T20:03:25Z,paymentservice,35.0,150,0.8,0.23333333333333334,0
2026-09-26T20:03:25Z,recommendationservice,923.0,2000,0.8,0.4615,0
2026-09-26T20:03:25Z,shippingservice,73.0,400,0.8,0.1825,0
2026-09-26T20:03:25Z,currencyservice,374.0,500,0.8,0.748,0
2026-09-26T20:03:25Z,emailservice,62.0,150,0.8,0.41333333333333333,0
2026-09-26T20:03:25Z,adservice,110.0,600,0.8,0.18333333333333332,0
2026-09-26T20:03:25Z,redis-cart,39.0,500,0.8,0.078,0
2026-09-26T20:03:26Z,frontend,288.8,1150,0.8,0.2511304347826087,0
2026-09-26T20:03:26Z,cartservice,328.0,1000,0.95,0.328,0
2026-09-26T20:03:26Z,checkoutservice,571.0,1500,0.8,0.38066666666666665,0
2026-09-26T20:03:26Z,productcatalogservice,383.0,600,0.95,0.6383333333333333,0
2026-09-26T20:03:26Z,paymentservice,40.0,150,0.8,0.26666666666666666,0
2026-09-26T20:03:26Z,recommendationservice,931.0,2000,0.8,0.4655,0
2026-09-26T20:03:26Z,shippingservice,89.0,400,0.8,0.2225,0
2026-09-26T20:03:26Z,currencyservice,363.0,500,0.8,0.726,0
2026-09-26T20:03:26Z,emailservice,62.0,150,0.8,0.41333333333333333,0
2026-09-26T20:03:26Z,adservice,110.0,600,0.8,0.18333333333333332,0
2026-09-26T20:03:26Z,redis-cart,35.0,500,0.8,0.07,0
2026-09-26T20:03:27Z,frontend,280.2,1150,0.8,0.24365217391304347,0
2026-09-26T20:03:27Z,cartservice,324.0,1000,0.95,0.324,0
2026-09-26T20:03:27Z,checkoutservice,690.0,1500,0.8,0.46,0
2026-09-26T20:03:27Z,productcatalogservice,383.0,600,0.95,0.6383333333333333,0
2026-09-26T20:03:27Z,paymentservice,40.0,150,0.8,0.26666666666666666,0
2026-09-26T20:03:27Z,recommendationservice,931.0,2000,0.8,0.4655,0
2026-09-26T20:03:27Z,shippingservice,107.0,400,0.8,0.2675,0
2026-09-26T20:03:27Z,currencyservice,363.0,500,0.8,0.726,0
2026-09-26T20:03:27Z,emailservice,81.0,150,0.8,0.54,0
2026-09-26T20:03:27Z,adservice,117.0,600,0.8,0.195,0
2026-09-26T20:03:27Z,redis-cart,35.0,500,0.8,0.07,0
2026-09-26T20:03:28Z,frontend,287.6,1150,0.8,0.2500869565217391,0
2026-09-26T20:03:28Z,cartservice,324.0,1000,0.95,0.324,0
2026-09-26T20:03:28Z,checkoutservice,640.0,1500,0.8,0.4266666666666667,0
2026-09-26T20:03:28Z,productcatalogservice,402.0,600,0.95,0.67,0
2026-09-26T20:03:28Z,paymentservice,36.0,150,0.8,0.24,0
2026-09-26T20:03:28Z,recommendationservice,948.0,2000,0.8,0.474,0
2026-09-26T20:03:28Z,shippingservice,107.0,400,0.8,0.2675,0
2026-09-26T20:03:28Z,currencyservice,379.0,500,0.8,0.758,0
2026-09-26T20:03:28Z,emailservice,68.0,150,0.8,0.4533333333333333,0
2026-09-26T20:03:28Z,adservice,115.0,600,0.8,0.19166666666666668,0
2026-09-26T20:03:28Z,redis-cart,36.0,500,0.8,0.072,0
2026-09-26T20:03:29Z,frontend,290.8,1150,0.8,0.2528695652173913,0
2026-09-26T20:03:29Z,cartservice,341.0,1000,0.95,0.341,0
2026-09-26T20:03:29Z,checkoutservice,766.0,1500,0.8,0.5106666666666667,0
2026-09-26T20:03:29Z,productcatalogservice,403.0,600,0.95,0.6716666666666666,0
2026-09-26T20:03:29Z,paymentservice,32.0,150,0.8,0.21333333333333335,0
2026-09-26T20:03:29Z,recommendationservice,959.0,2000,0.8,0.4795,0
2026-09-26T20:03:29Z,shippingservice,68.0,400,0.8,0.17,0
2026-09-26T20:03:29Z,currencyservice,379.0,500,0.8,0.758,0
2026-09-26T20:03:29Z,emailservice,67.0,150,0.8,0.44666666666666666,0
2026-09-26T20:03:29Z,adservice,115.0,600,0.8,0.19166666666666668,0
2026-09-26T20:03:29Z,redis-cart,34.0,500,0.8,0.068,0
2026-09-26T20:03:30Z,frontend,281.2,1150,0.8,0.24452173913043476,0
2026-09-26T20:03:30Z,cartservice,326.0,1000,0.95,0.326,0
2026-09-26T20:03:30Z,checkoutservice,766.0,1500,0.8,0.5106666666666667,0
2026-09-26T20:03:30Z,productcatalogservice,403.0,600,0.95,0.6716666666666666,0
2026-09-26T20:03:30Z,paymentservice,44.0,150,0.8,0.29333333333333333,0
2026-09-26T20:03:30Z,recommendationservice,959.0,2000,0.8,0.4795,0
2026-09-26T20:03:30Z,shippingservice,83.0,400,0.8,0.2075,0
2026-09-26T20:03:30Z,currencyservice,390.0,500,0.8,0.78,0
2026-09-26T20:03:30Z,emailservice,67.0,150,0.8,0.44666666666666666,0
2026-09-26T20:03:30Z,adservice,136.0,600,0.8,0.22666666666666666,0
2026-09-26T20:03:30Z,redis-cart,34.0,500,0.8,0.068,0
2026-09-26T20:03:31Z,frontend,274.6,1150,0.8,0.23878260869565218,0
2026-09-26T20:03:31Z,cartservice,326.0,1000,0.95,0.326,0
2026-09-26T20:03:31Z,checkoutservice,694.0,1500,0.8,0.46266666666666667,0
2026-09-26T20:03:31Z,productcatalogservice,402.0,600,0.95,0.67,0
2026-09-26T20:03:31Z,paymentservice,44.0,150,0.8,0.29333333333333333,0
2026-09-26T20:03:31Z,recommendationservice,944.0,2000,0.8,0.472,0
2026-09-26T20:03:31Z,shippingservice,73.0,400,0.8,0.1825,0
2026-09-26T20:03:31Z,currencyservice,376.0,500,0.8,0.752,0
2026-09-26T20:03:31Z,emailservice,91.0,150,0.8,0.6066666666666667,0
2026-09-26T20:03:31Z,adservice,136.0,600,0.8,0.22666666666666666,0
2026-09-26T20:03:31Z,redis-cart,36.0,500,0.8,0.072,0
2026-09-26T20:03:32Z,frontend,277.2,1150,0.8,0.24104347826086955,0
2026-09-26T20:03:32Z,cartservice,321.0,1000,0.95,0.321,0
2026-09-26T20:03:32Z,checkoutservice,610.0,1500,0.8,0.4066666666666667,0
2026-09-26T20:03:32Z,productcatalogservice,392.0,600,0.95,0.6533333333333333,0
2026-09-26T20:03:32Z,paymentservice,48.0,150,0.8,0.32,0
2026-09-26T20:03:32Z,recommendationservice,948.0,2000,0.8,0.474,0
2026-09-26T20:03:32Z,shippingservice,73.0,400,0.8,0.1825,0
2026-09-26T20:03:32Z,currencyservice,376.0,500,0.8,0.752,0
2026-09-26T20:03:32Z,emailservice,68.0,150,0.8,0.4533333333333333,0
2026-09-26T20:03:32Z,adservice,106.0,600,0.8,0.17666666666666667,0
2026-09-26T20:03:32Z,redis-cart,36.0,500,0.8,0.072,0
2026-09-26T20:03:33Z,frontend,286.0,1150,0.8,0.24869565217391304,0
2026-09-26T20:03:33Z,cartservice,333.0,1000,0.95,0.333,0
2026-09-26T20:03:33Z,checkoutservice,645.0,1500,0.8,0.43,0
2026-09-26T20:03:33Z,productcatalogservice,392.0,600,0.95,0.6533333333333333,0
2026-09-26T20:03:33Z,paymentservice,48.0,150,0.8,0.32,0
2026-09-26T20:03:33Z,recommendationservice,948.0,2000,0.8,0.474,0
2026-09-26T20:03:33Z,shippingservice,81.0,400,0.8,0.2025,0
2026-09-26T20:03:33Z,currencyservice,399.0,500,0.8,0.798,0
2026-09-26T20:03:33Z,emailservice,68.0,150,0.8,0.4533333333333333,0
2026-09-26T20:03:33Z,adservice,121.0,600,0.8,0.20166666666666666,0
2026-09-26T20:03:33Z,redis-cart,38.0,500,0.8,0.076,0
2026-09-26T20:03:34Z,frontend,293.8,1150,0.8,0.2554782608695652,0
2026-09-26T20:03:34Z,cartservice,333.0,1000,0.95,0.333,0
2026-09-26T20:03:34Z,checkoutservice,645.0,1500,0.8,0.43,0
2026-09-26T20:03:34Z,productcatalogservice,414.0,600,0.95,0.69,0
2026-09-26T20:03:34Z,paymentservice,37.0,150,0.8,0.24666666666666667,0
2026-09-26T20:03:34Z,recommendationservice,934.0,2000,0.8,0.467,0
2026-09-26T20:03:34Z,shippingservice,84.0,400,0.8,0.21,0
2026-09-26T20:03:34Z,currencyservice,399.0,500,0.8,0.798,0
2026-09-26T20:03:34Z,emailservice,66.0,150,0.8,0.44,0
2026-09-26T20:03:34Z,adservice,120.0,600,0.8,0.2,0
2026-09-26T20:03:34Z,redis-cart,38.0,500,0.8,0.076,0
2026-09-26T20:03:35Z,frontend,282.6,1150,0.8,0.24573913043478263,0
2026-09-26T20:03:35Z,cartservice,348.0,1000,0.95,0.348,0
2026-09-26T20:03:35Z,checkoutservice,696.0,1500,0.8,0.464,0
2026-09-26T20:03:35Z,productcatalogservice,414.0,600,0.95,0.69,0
2026-09-26T20:03:35Z,paymentservice,37.0,150,0.8,0.24666666666666667,0
2026-09-26T20:03:35Z,recommendationservice,934.0,2000,0.8,0.467,0
2026-09-26T20:03:35Z,shippingservice,84.0,400,0.8,0.21,0
2026-09-26T20:03:35Z,currencyservice,390.0,500,0.8,0.78,0
2026-09-26T20:03:35Z,emailservice,97.0,150,0.8,0.6466666666666666,0
2026-09-26T20:03:35Z,adservice,119.0,600,0.8,0.19833333333333333,0
2026-09-26T20:03:35Z,redis-cart,39.0,500,0.8,0.078,0
2026-09-26T20:03:36Z,frontend,248.4,1150,0.8,0.216,0
2026-09-26T20:03:36Z,cartservice,348.0,1000,0.95,0.348,0
2026-09-26T20:03:36Z,checkoutservice,801.0,1500,0.8,0.534,0
2026-09-26T20:03:36Z,productcatalogservice,385.0,600,0.95,0.6416666666666667,0
2026-09-26T20:03:36Z,paymentservice,44.0,150,0.8,0.29333333333333333,0
2026-09-26T20:03:36Z,recommendationservice,908.0,2000,0.8,0.454,0
2026-09-26T20:03:36Z,shippingservice,83.0,400,0.8,0.2075,0
2026-09-26T20:03:36Z,currencyservice,358.0,500,0.8,0.716,0
2026-09-26T20:03:36Z,emailservice,97.0,150,0.8,0.6466666666666666,0
2026-09-26T20:03:36Z,adservice,103.0,600,0.8,0.17166666666666666,0
2026-09-26T20:03:36Z,redis-cart,39.0,500,0.8,0.078,0
2026-09-26T20:03:37Z,frontend,265.6,1150,0.8,0.23095652173913045,0
2026-09-26T20:03:37Z,cartservice,372.0,1000,0.95,0.372,0
2026-09-26T20:03:37Z,checkoutservice,801.0,1500,0.8,0.534,0
2026-09-26T20:03:37Z,productcatalogservice,383.0,600,0.95,0.6383333333333333,0
2026-09-26T20:03:37Z,paymentservice,39.0,150,0.8,0.26,0
2026-09-26T20:03:37Z,recommendationservice,937.0,2000,0.8,0.4685,0
2026-09-26T20:03:37Z,shippingservice,112.0,400,0.8,0.28,0
2026-09-26T20:03:37Z,currencyservice,358.0,500,0.8,0.716,0
2026-09-26T20:03:37Z,emailservice,72.0,150,0.8,0.48,0
2026-09-26T20:03:37Z,adservice,103.0,600,0.8,0.17166666666666666,0
2026-09-26T20:03:37Z,redis-cart,38.0,500,0.8,0.076,0
2026-09-26T20:03:38Z,frontend,288.0,1150,0.8,0.25043478260869567,0
2026-09-26T20:03:38Z,cartservice,372.0,1000,0.95,0.372,0
2026-09-26T20:03:38Z,checkoutservice,652.0,1500,0.8,0.43466666666666665,0
2026-09-26T20:03:38Z,productcatalogservice,407.0,600,0.95,0.6783333333333333,0
2026-09-26T20:03:38Z,paymentservice,49.0,150,0.8,0.32666666666666666,0
2026-09-26T20:03:38Z,recommendationservice,937.0,2000,0.8,0.4685,0
2026-09-26T20:03:38Z,shippingservice,112.0,400,0.8,0.28,0
2026-09-26T20:03:38Z,currencyservice,383.0,500,0.8,0.766,0
2026-09-26T20:03:38Z,emailservice,72.0,150,0.8,0.48,0
2026-09-26T20:03:38Z,adservice,121.0,600,0.8,0.20166666666666666,0
2026-09-26T20:03:38Z,redis-cart,34.0,500,0.8,0.068,0
2026-09-26T20:03:39Z,frontend,294.6,1150,0.8,0.2561739130434783,0
2026-09-26T20:03:39Z,cartservice,334.0,1000,0.95,0.334,0
2026-09-26T20:03:39Z,checkoutservice,652.0,1500,0.8,0.43466666666666665,0
2026-09-26T20:03:39Z,productcatalogservice,385.0,600,0.95,0.6416666666666667,0
2026-09-26T20:03:39Z,paymentservice,40.0,150,0.8,0.26666666666666666,0
2026-09-26T20:03:39Z,recommendationservice,901.0,2000,0.8,0.4505,0
2026-09-26T20:03:39Z,shippingservice,79.0,400,0.8,0.1975,0
2026-09-26T20:03:39Z,currencyservice,383.0,500,0.8,0.766,0
2026-09-26T20:03:39Z,emailservice,81.0,150,0.8,0.54,0
2026-09-26T20:03:39Z,adservice,121.0,600,0.8,0.20166666666666666,0
2026-09-26T20:03:39Z,redis-cart,34.0,500,0.8,0.068,0
2026-09-26T20:03:40Z,frontend,284.6,1150,0.8,0.24747826086956523,0
2026-09-26T20:03:40Z,cartservice,351.0,1000,0.95,0.351,0
2026-09-26T20:03:40Z,checkoutservice,717.0,1500,0.8,0.478,0
2026-09-26T20:03:40Z,productcatalogservice,385.0,600,0.95,0.6416666666666667,0
2026-09-26T20:03:40Z,paymentservice,40.0,150,0.8,0.26666666666666666,0
2026-09-26T20:03:40Z,recommendationservice,927.0,2000,0.8,0.4635,0
2026-09-26T20:03:40Z,shippingservice,79.0,400,0.8,0.1975,0
2026-09-26T20:03:40Z,currencyservice,406.0,500,0.8,0.812,1
2026-09-26T20:03:40Z,emailservice,86.0,150,0.8,0.5733333333333334,0
2026-09-26T20:03:40Z,adservice,123.0,600,0.8,0.205,0
2026-09-26T20:03:40Z,redis-cart,38.0,500,0.8,0.076,0
2026-09-26T20:03:41Z,frontend,275.0,1150,0.8,0.2391304347826087,0
2026-09-26T20:03:41Z,cartservice,338.0,1000,0.95,0.338,0
2026-09-26T20:03:41Z,checkoutservice,642.0,1500,0.8,0.428,0
2026-09-26T20:03:41Z,productcatalogservice,383.0,600,0.95,0.6383333333333333,0
2026-09-26T20:03:41Z,paymentservice,35.0,150,0.8,0.23333333333333334,0
2026-09-26T20:03:41Z,recommendationservice,944.0,2000,0.8,0.472,0
2026-09-26T20:03:41Z,shippingservice,73.0,400,0.8,0.1825,0
2026-09-26T20:03:41Z,currencyservice,372.0,500,0.8,0.744,0
2026-09-26T20:03:41Z,emailservice,89.0,150,0.8,0.5933333333333334,0
2026-09-26T20:03:41Z,adservice,123.0,600,0.8,0.205,0
2026-09-26T20:03:41Z,redis-cart,36.0,500,0.8,0.072,0
2026-09-26T20:03:42Z,frontend,281.6,1150,0.8,0.2448695652173913,0
2026-09-26T20:03:42Z,cartservice,346.0,1000,0.95,0.346,0
2026-09-26T20:03:42Z,checkoutservice,642.0,1500,0.8,0.428,0
2026-09-26T20:03:42Z,productcatalogservice,389.0,600,0.95,0.6483333333333333,0
2026-09-26T20:03:42Z,paymentservice,73.0,150,0.8,0.4866666666666667,0
2026-09-26T20:03:42Z,recommendationservice,944.0,2000,0.8,0.472,0
2026-09-26T20:03:42Z,shippingservice,73.0,400,0.8,0.1825,0
2026-09-26T20:03:42Z,currencyservice,424.0,500,0.8,0.848,1
2026-09-26T20:03:42Z,emailservice,84.0,150,0.8,0.56,0
2026-09-26T20:03:42Z,adservice,116.0,600,0.8,0.19333333333333333,0
2026-09-26T20:03:42Z,redis-cart,36.0,500,0.8,0.072,0
2026-09-26T20:03:43Z,frontend,301.0,1150,0.8,0.2617391304347826,0
2026-09-26T20:03:43Z,cartservice,346.0,1000,0.95,0.346,0
2026-09-26T20:03:43Z,checkoutservice,707.0,1500,0.8,0.4713333333333333,0
2026-09-26T20:03:43Z,productcatalogservice,389.0,600,0.95,0.6483333333333333,0
2026-09-26T20:03:43Z,paymentservice,36.0,150,0.8,0.24,0
2026-09-26T20:03:43Z,recommendationservice,952.0,2000,0.8,0.476,0
2026-09-26T20:03:43Z,shippingservice,101.0,400,0.8,0.2525,0
2026-09-26T20:03:43Z,currencyservice,424.0,500,0.8,0.848,1
2026-09-26T20:03:43Z,emailservice,73.0,150,0.8,0.4866666666666667,0
2026-09-26T20:03:43Z,adservice,127.0,600,0.8,0.21166666666666667,0
2026-09-26T20:03:43Z,redis-cart,37.0,500,0.8,0.074,0
2026-09-26T20:03:44Z,frontend,291.6,1150,0.8,0.2535652173913044,0
2026-09-26T20:03:44Z,cartservice,380.0,1000,0.95,0.38,0
2026-09-26T20:03:44Z,checkoutservice,842.0,1500,0.8,0.5613333333333334,0
2026-09-26T20:03:44Z,productcatalogservice,430.0,600,0.95,0.7166666666666667,0
2026-09-26T20:03:44Z,paymentservice,36.0,150,0.8,0.24,0
2026-09-26T20:03:44Z,recommendationservice,952.0,2000,0.8,0.476,0
2026-09-26T20:03:44Z,shippingservice,82.0,400,0.8,0.205,0
2026-09-26T20:03:44Z,currencyservice,393.0,500,0.8,0.786,0
2026-09-26T20:03:44Z,emailservice,73.0,150,0.8,0.4866666666666667,0
2026-09-26T20:03:44Z,adservice,127.0,600,0.8,0.21166666666666667,0
2026-09-26T20:03:44Z,redis-cart,42.0,500,0.8,0.084,0
2026-09-26T20:03:45Z,frontend,287.0,1150,0.8,0.24956521739130436,0
2026-09-26T20:03:45Z,cartservice,380.0,1000,0.95,0.38,0
2026-09-26T20:03:45Z,checkoutservice,842.0,1500,0.8,0.5613333333333334,0
2026-09-26T20:03:45Z,productcatalogservice,407.0,600,0.95,0.6783333333333333,0
2026-09-26T20:03:45Z,paymentservice,42.0,150,0.8,0.28,0
2026-09-26T20:03:45Z,recommendationservice,907.0,2000,0.8,0.4535,0
2026-09-26T20:03:45Z,shippingservice,84.0,400,0.8,0.21,0
2026-09-26T20:03:45Z,currencyservice,387.0,500,0.8,0.774,0
2026-09-26T20:03:45Z,emailservice,101.0,150,0.8,0.6733333333333333,0
2026-09-26T20:03:45Z,adservice,150.0,600,0.8,0.25,0
2026-09-26T20:03:45Z,redis-cart,38.0,500,0.8,0.076,0
2026-09-26T20:03:46Z,frontend,291.4,1150,0.8,0.2533913043478261,0
2026-09-26T20:03:46Z,cartservice,344.0,1000,0.95,0.344,0
2026-09-26T20:03:46Z,checkoutservice,584.0,1500,0.8,0.3893333333333333,0
2026-09-26T20:03:46Z,productcatalogservice,407.0,600,0.95,0.6783333333333333,0
2026-09-26T20:03:46Z,paymentservice,36.0,150,0.8,0.24,0
2026-09-26T20:03:46Z,recommendationservice,907.0,2000,0.8,0.4535,0
2026-09-26T20:03:46Z,shippingservice,84.0,400,0.8,0.21,0
2026-09-26T20:03:46Z,currencyservice,387.0,500,0.8,0.774,0
2026-09-26T20:03:46Z,emailservice,59.0,150,0.8,0.3933333333333333,0
2026-09-26T20:03:46Z,adservice,114.0,600,0.8,0.19,0
2026-09-26T20:03:46Z,redis-cart,38.0,500,0.8,0.076,0
2026-09-26T20:03:47Z,frontend,274.6,1150,0.8,0.23878260869565218,0
2026-09-26T20:03:47Z,cartservice,304.0,1000,0.95,0.304,0
2026-09-26T20:03:47Z,checkoutservice,611.0,1500,0.8,0.4073333333333333,0
2026-09-26T20:03:47Z,productcatalogservice,407.0,600,0.95,0.6783333333333333,0
2026-09-26T20:03:47Z,paymentservice,36.0,150,0.8,0.24,0
2026-09-26T20:03:47Z,recommendationservice,896.0,2000,0.8,0.448,0
2026-09-26T20:03:47Z,shippingservice,98.0,400,0.8,0.245,0
2026-09-26T20:03:47Z,currencyservice,389.0,500,0.8,0.778,0
2026-09-26T20:03:47Z,emailservice,59.0,150,0.8,0.3933333333333333,0
2026-09-26T20:03:47Z,adservice,114.0,600,0.8,0.19,0
2026-09-26T20:03:47Z,redis-cart,41.0,500,0.8,0.082,0
2026-09-26T20:03:48Z,frontend,288.4,1150,0.8,0.25078260869565216,0
2026-09-26T20:03:48Z,cartservice,304.0,1000,0.95,0.304,0
2026-09-26T20:03:48Z,checkoutservice,813.0,1500,0.8,0.542,0
2026-09-26T20:03:48Z,productcatalogservice,402.0,600,0.95,0.67,0
2026-09-26T20:03:48Z,paymentservice,39.0,150,0.8,0.26,0
2026-09-26T20:03:48Z,recommendationservice,896.0,2000,0.8,0.448,0
2026-09-26T20:03:48Z,shippingservice,92.0,400,0.8,0.23,0
2026-09-26T20:03:48Z,currencyservice,389.0,500,0.8,0.778,0
2026-09-26T20:03:48Z,emailservice,67.0,150,0.8,0.44666666666666666,0
2026-09-26T20:03:48Z,adservice,125.0,600,0.8,0.20833333333333334,0
2026-09-26T20:03:48Z,redis-cart,41.0,500,0.8,0.082,0
2026-09-26T20:03:49Z,frontend,285.6,1150,0.8,0.24834782608695655,0
2026-09-26T20:03:49Z,cartservice,297.0,1000,0.95,0.297,0
2026-09-26T20:03:49Z,checkoutservice,813.0,1500,0.8,0.542,0
2026-09-26T20:03:49Z,productcatalogservice,402.0,600,0.95,0.67,0
2026-09-26T20:03:49Z,paymentservice,38.0,150,0.8,0.25333333333333335,0
2026-09-26T20:03:49Z,recommendationservice,935.0,2000,0.8,0.4675,0
2026-09-26T20:03:49Z,shippingservice,92.0,400,0.8,0.23,0
2026-09-26T20:03:49Z,currencyservice,392.0,500,0.8,0.784,0
2026-09-26T20:03:49Z,emailservice,70.0,150,0.8,0.4666666666666667,0
2026-09-26T20:03:49Z,adservice,115.0,600,0.8,0.19166666666666668,0
2026-09-26T20:03:49Z,redis-cart,37.0,500,0.8,0.074,0
2026-09-26T20:03:50Z,frontend,294.6,1150,0.8,0.2561739130434783,0
2026-09-26T20:03:50Z,cartservice,297.0,1000,0.95,0.297,0
2026-09-26T20:03:50Z,checkoutservice,720.0,1500,0.8,0.48,0
2026-09-26T20:03:50Z,productcatalogservice,411.0,600,0.95,0.685,0
2026-09-26T20:03:50Z,paymentservice,38.0,150,0.8,0.25333333333333335,0
2026-09-26T20:03:50Z,recommendationservice,950.0,2000,0.8,0.475,0
2026-09-26T20:03:50Z,shippingservice,79.0,400,0.8,0.1975,0
2026-09-26T20:03:50Z,currencyservice,384.0,500,0.8,0.768,0
2026-09-26T20:03:50Z,emailservice,90.0,150,0.8,0.6,0
2026-09-26T20:03:50Z,adservice,127.0,600,0.8,0.21166666666666667,0
2026-09-26T20:03:50Z,redis-cart,37.0,500,0.8,0.074,0
2026-09-26T20:03:51Z,frontend,280.2,1150,0.8,0.24365217391304347,0
2026-09-26T20:03:51Z,cartservice,322.0,1000,0.95,0.322,0
2026-09-26T20:03:51Z,checkoutservice,704.0,1500,0.8,0.4693333333333333,0
2026-09-26T20:03:51Z,productcatalogservice,378.0,600,0.95,0.63,0
2026-09-26T20:03:51Z,paymentservice,40.0,150,0.8,0.26666666666666666,0
2026-09-26T20:03:51Z,recommendationservice,925.0,2000,0.8,0.4625,0
2026-09-26T20:03:51Z,shippingservice,80.0,400,0.8,0.2,0
2026-09-26T20:03:51Z,currencyservice,384.0,500,0.8,0.768,0
2026-09-26T20:03:51Z,emailservice,90.0,150,0.8,0.6,0
2026-09-26T20:03:51Z,adservice,127.0,600,0.8,0.21166666666666667,0
2026-09-26T20:03:51Z,redis-cart,37.0,500,0.8,0.074,0
2026-09-26T20:03:52Z,frontend,296.8,1150,0.8,0.25808695652173913,0
2026-09-26T20:03:52Z,cartservice,360.0,1000,0.95,0.36,0
2026-09-26T20:03:52Z,checkoutservice,695.0,1500,0.8,0.4633333333333333,0
2026-09-26T20:03:52Z,productcatalogservice,378.0,600,0.95,0.63,0
2026-09-26T20:03:52Z,paymentservice,59.0,150,0.8,0.3933333333333333,0
2026-09-26T20:03:52Z,recommendationservice,925.0,2000,0.8,0.4625,0
2026-09-26T20:03:52Z,shippingservice,96.0,400,0.8,0.24,0
2026-09-26T20:03:52Z,currencyservice,411.0,500,0.8,0.822,1
2026-09-26T20:03:52Z,emailservice,84.0,150,0.8,0.56,0
2026-09-26T20:03:52Z,adservice,104.0,600,0.8,0.17333333333333334,0
2026-09-26T20:03:52Z,redis-cart,40.0,500,0.8,0.08,0
2026-09-26T20:03:53Z,frontend,290.4,1150,0.8,0.25252173913043474,0
2026-09-26T20:03:53Z,cartservice,329.0,1000,0.95,0.329,0
2026-09-26T20:03:53Z,checkoutservice,717.0,1500,0.8,0.478,0
2026-09-26T20:03:53Z,productcatalogservice,419.0,600,0.95,0.6983333333333334,0
2026-09-26T20:03:53Z,paymentservice,43.0,150,0.8,0.2866666666666667,0
2026-09-26T20:03:53Z,recommendationservice,903.0,2000,0.8,0.4515,0
2026-09-26T20:03:53Z,shippingservice,96.0,400,0.8,0.24,0
2026-09-26T20:03:53Z,currencyservice,396.0,500,0.8,0.792,0
2026-09-26T20:03:53Z,emailservice,84.0,150,0.8,0.56,0
2026-09-26T20:03:53Z,adservice,139.0,600,0.8,0.23166666666666666,0
2026-09-26T20:03:53Z,redis-cart,40.0,500,0.8,0.08,0
2026-09-26T20:03:54Z,frontend,304.2,1150,0.8,0.26452173913043475,0
2026-09-26T20:03:54Z,cartservice,329.0,1000,0.95,0.329,0
2026-09-26T20:03:54Z,checkoutservice,717.0,1500,0.8,0.478,0
2026-09-26T20:03:54Z,productcatalogservice,419.0,600,0.95,0.6983333333333334,0
2026-09-26T20:03:54Z,paymentservice,43.0,150,0.8,0.2866666666666667,0
2026-09-26T20:03:54Z,recommendationservice,919.0,2000,0.8,0.4595,0
2026-09-26T20:03:54Z,shippingservice,93.0,400,0.8,0.2325,0
2026-09-26T20:03:54Z,currencyservice,396.0,500,0.8,0.792,0
2026-09-26T20:03:54Z,emailservice,79.0,150,0.8,0.5266666666666666,0
2026-09-26T20:03:54Z,adservice,139.0,600,0.8,0.23166666666666666,0
2026-09-26T20:03:54Z,redis-cart,36.0,500,0.8,0.072,0
2026-09-26T20:03:55Z,frontend,282.4,1150,0.8,0.24556521739130432,0
2026-09-26T20:03:55Z,cartservice,314.0,1000,0.95,0.314,0
2026-09-26T20:03:55Z,checkoutservice,760.0,1500,0.8,0.5066666666666667,0
2026-09-26T20:03:55Z,productcatalogservice,422.0,600,0.95,0.7033333333333334,0
2026-09-26T20:03:55Z,paymentservice,40.0,150,0.8,0.26666666666666666,0
2026-09-26T20:03:55Z,recommendationservice,921.0,2000,0.8,0.4605,0
2026-09-26T20:03:55Z,shippingservice,96.0,400,0.8,0.24,0
2026-09-26T20:03:55Z,currencyservice,373.0,500,0.8,0.746,0
2026-09-26T20:03:55Z,emailservice,79.0,150,0.8,0.5266666666666666,0
2026-09-26T20:03:55Z,adservice,122.0,600,0.8,0.20333333333333334,0
2026-09-26T20:03:55Z,redis-cart,37.0,500,0.8,0.074,0
2026-09-26T20:03:56Z,frontend,276.0,1150,0.8,0.24,0
2026-09-26T20:03:56Z,cartservice,314.0,1000,0.95,0.314,0
2026-09-26T20:03:56Z,checkoutservice,760.0,1500,0.8,0.5066666666666667,0
2026-09-26T20:03:56Z,productcatalogservice,385.0,600,0.95,0.6416666666666667,0
2026-09-26T20:03:56Z,paymentservice,40.0,150,0.8,0.26666666666666666,0
2026-09-26T20:03:56Z,recommendationservice,921.0,2000,0.8,0.4605,0
2026-09-26T20:03:56Z,shippingservice,96.0,400,0.8,0.24,0
2026-09-26T20:03:56Z,currencyservice,373.0,500,0.8,0.746,0
2026-09-26T20:03:56Z,emailservice,95.0,150,0.8,0.6333333333333333,0
2026-09-26T20:03:56Z,adservice,119.0,600,0.8,0.19833333333333333,0
2026-09-26T20:03:56Z,redis-cart,36.0,500,0.8,0.072,0
2026-09-26T20:03:57Z,frontend,273.2,1150,0.8,0.23756521739130435,0
2026-09-26T20:03:57Z,cartservice,309.0,1000,0.95,0.309,0
2026-09-26T20:03:57Z,checkoutservice,661.0,1500,0.8,0.44066666666666665,0
2026-09-26T20:03:57Z,productcatalogservice,405.0,600,0.95,0.675,0
2026-09-26T20:03:57Z,paymentservice,38.0,150,0.8,0.25333333333333335,0
2026-09-26T20:03:57Z,recommendationservice,961.0,2000,0.8,0.4805,0
2026-09-26T20:03:57Z,shippingservice,92.0,400,0.8,0.23,0
2026-09-26T20:03:57Z,currencyservice,393.0,500,0.8,0.786,0
2026-09-26T20:03:57Z,emailservice,70.0,150,0.8,0.4666666666666667,0
2026-09-26T20:03:57Z,adservice,115.0,600,0.8,0.19166666666666668,0
2026-09-26T20:03:57Z,redis-cart,36.0,500,0.8,0.072,0
2026-09-26T20:03:58Z,frontend,284.4,1150,0.8,0.24730434782608693,0
2026-09-26T20:03:58Z,cartservice,319.0,1000,0.95,0.319,0
2026-09-26T20:03:58Z,checkoutservice,725.0,1500,0.8,0.48333333333333334,0
2026-09-26T20:03:58Z,productcatalogservice,405.0,600,0.95,0.675,0
2026-09-26T20:03:58Z,paymentservice,41.0,150,0.8,0.2733333333333333,0
2026-09-26T20:03:58Z,recommendationservice,936.0,2000,0.8,0.468,0
2026-09-26T20:03:58Z,shippingservice,92.0,400,0.8,0.23,0
2026-09-26T20:03:58Z,currencyservice,374.0,500,0.8,0.748,0
2026-09-26T20:03:58Z,emailservice,71.0,150,0.8,0.47333333333333333,0
2026-09-26T20:03:58Z,adservice,106.0,600,0.8,0.17666666666666667,0
2026-09-26T20:03:58Z,redis-cart,39.0,500,0.8,0.078,0
2026-09-26T20:03:59Z,frontend,289.0,1150,0.8,0.25130434782608696,0
2026-09-26T20:03:59Z,cartservice,319.0,1000,0.95,0.319,0
2026-09-26T20:03:59Z,checkoutservice,725.0,1500,0.8,0.48333333333333334,0
2026-09-26T20:03:59Z,productcatalogservice,402.0,600,0.95,0.67,0
2026-09-26T20:03:59Z,paymentservice,40.0,150,0.8,0.26666666666666666,0
2026-09-26T20:03:59Z,recommendationservice,936.0,2000,0.8,0.468,0
2026-09-26T20:03:59Z,shippingservice,79.0,400,0.8,0.1975,0
2026-09-26T20:03:59Z,currencyservice,388.0,500,0.8,0.776,0
2026-09-26T20:03:59Z,emailservice,71.0,150,0.8,0.47333333333333333,0
2026-09-26T20:03:59Z,adservice,106.0,600,0.8,0.17666666666666667,0
2026-09-26T20:03:59Z,redis-cart,37.0,500,0.8,0.074,0
2026-09-26T20:04:00Z,frontend,281.2,1150,0.8,0.24452173913043476,0
2026-09-26T20:04:00Z,cartservice,320.0,1000,0.95,0.32,0
2026-09-26T20:04:00Z,checkoutservice,635.0,1500,0.8,0.42333333333333334,0
2026-09-26T20:04:00Z,productcatalogservice,414.0,600,0.95,0.69,0
2026-09-26T20:04:00Z,paymentservice,37.0,150,0.8,0.24666666666666667,0
2026-09-26T20:04:00Z,recommendationservice,944.0,2000,0.8,0.472,0
2026-09-26T20:04:00Z,shippingservice,72.0,400,0.8,0.18,0
2026-09-26T20:04:00Z,currencyservice,388.0,500,0.8,0.776,0
2026-09-26T20:04:00Z,emailservice,67.0,150,0.8,0.44666666666666666,0
2026-09-26T20:04:00Z,adservice,131.0,600,0.8,0.21833333333333332,0
2026-09-26T20:04:00Z,redis-cart,37.0,500,0.8,0.074,0
2026-09-26T20:04:01Z,frontend,290.0,1150,0.8,0.25217391304347825,0
2026-09-26T20:04:01Z,cartservice,320.0,1000,0.95,0.32,0
2026-09-26T20:04:01Z,checkoutservice,635.0,1500,0.8,0.42333333333333334,0
2026-09-26T20:04:01Z,productcatalogservice,414.0,600,0.95,0.69,0
2026-09-26T20:04:01Z,paymentservice,37.0,150,0.8,0.24666666666666667,0
2026-09-26T20:04:01Z,recommendationservice,944.0,2000,0.8,0.472,0
2026-09-26T20:04:01Z,shippingservice,72.0,400,0.8,0.18,0
2026-09-26T20:04:01Z,currencyservice,386.0,500,0.8,0.772,0
2026-09-26T20:04:01Z,emailservice,106.0,150,0.8,0.7066666666666667,0
2026-09-26T20:04:01Z,adservice,132.0,600,0.8,0.22,0
2026-09-26T20:04:01Z,redis-cart,41.0,500,0.8,0.082,0
2026-09-26T20:04:02Z,frontend,290.0,1150,0.8,0.25217391304347825,0
2026-09-26T20:04:02Z,cartservice,324.0,1000,0.95,0.324,0
2026-09-26T20:04:02Z,checkoutservice,698.0,1500,0.8,0.4653333333333333,0
2026-09-26T20:04:02Z,productcatalogservice,400.0,600,0.95,0.6666666666666666,0
2026-09-26T20:04:02Z,paymentservice,68.0,150,0.8,0.4533333333333333,0
2026-09-26T20:04:02Z,recommendationservice,923.0,2000,0.8,0.4615,0
2026-09-26T20:04:02Z,shippingservice,95.0,400,0.8,0.2375,0
2026-09-26T20:04:02Z,currencyservice,386.0,500,0.8,0.772,0
2026-09-26T20:04:02Z,emailservice,106.0,150,0.8,0.7066666666666667,0
2026-09-26T20:04:02Z,adservice,132.0,600,0.8,0.22,0
2026-09-26T20:04:02Z,redis-cart,38.0,500,0.8,0.076,0
2026-09-26T20:04:03Z,frontend,293.4,1150,0.8,0.25513043478260866,0
2026-09-26T20:04:03Z,cartservice,329.0,1000,0.95,0.329,0
2026-09-26T20:04:03Z,checkoutservice,823.0,1500,0.8,0.5486666666666666,0
2026-09-26T20:04:03Z,productcatalogservice,400.0,600,0.95,0.6666666666666666,0
2026-09-26T20:04:03Z,paymentservice,68.0,150,0.8,0.4533333333333333,0
2026-09-26T20:04:03Z,recommendationservice,949.0,2000,0.8,0.4745,0
2026-09-26T20:04:03Z,shippingservice,98.0,400,0.8,0.245,0
2026-09-26T20:04:03Z,currencyservice,389.0,500,0.8,0.778,0
2026-09-26T20:04:03Z,emailservice,77.0,150,0.8,0.5133333333333333,0
2026-09-26T20:04:03Z,adservice,127.0,600,0.8,0.21166666666666667,0
2026-09-26T20:04:03Z,redis-cart,35.0,500,0.8,0.07,0
2026-09-26T20:04:04Z,frontend,278.6,1150,0.8,0.24226086956521742,0
2026-09-26T20:04:04Z,cartservice,329.0,1000,0.95,0.329,0
2026-09-26T20:04:04Z,checkoutservice,674.0,1500,0.8,0.4493333333333333,0
2026-09-26T20:04:04Z,productcatalogservice,394.0,600,0.95,0.6566666666666666,0
2026-09-26T20:04:04Z,paymentservice,44.0,150,0.8,0.29333333333333333,0
2026-09-26T20:04:04Z,recommendationservice,938.0,2000,0.8,0.469,0
2026-09-26T20:04:04Z,shippingservice,98.0,400,0.8,0.245,0
2026-09-26T20:04:04Z,currencyservice,377.0,500,0.8,0.754,0
2026-09-26T20:04:04Z,emailservice,82.0,150,0.8,0.5466666666666666,0
2026-09-26T20:04:04Z,adservice,175.0,600,0.8,0.2916666666666667,0
2026-09-26T20:04:04Z,redis-cart,35.0,500,0.8,0.07,0
2026-09-26T20:04:05Z,frontend,285.0,1150,0.8,0.24782608695652175,0
2026-09-26T20:04:05Z,cartservice,315.0,1000,0.95,0.315,0
2026-09-26T20:04:05Z,checkoutservice,674.0,1500,0.8,0.4493333333333333,0
2026-09-26T20:04:05Z,productcatalogservice,394.0,600,0.95,0.6566666666666666,0
2026-09-26T20:04:05Z,paymentservice,44.0,150,0.8,0.29333333333333333,0
2026-09-26T20:04:05Z,recommendationservice,938.0,2000,0.8,0.469,0
2026-09-26T20:04:05Z,shippingservice,74.0,400,0.8,0.185,0
2026-09-26T20:04:05Z,currencyservice,421.0,500,0.8,0.842,1
2026-09-26T20:04:05Z,emailservice,82.0,150,0.8,0.5466666666666666,0
2026-09-26T20:04:05Z,adservice,175.0,600,0.8,0.2916666666666667,0
2026-09-26T20:04:05Z,redis-cart,38.0,500,0.8,0.076,0
2026-09-26T20:04:06Z,frontend,279.4,1150,0.8,0.2429565217391304,0
2026-09-26T20:04:06Z,cartservice,333.0,1000,0.95,0.333,0
2026-09-26T20:04:06Z,checkoutservice,725.0,1500,0.8,0.48333333333333334,0
2026-09-26T20:04:06Z,productcatalogservice,423.0,600,0.95,0.705,0
2026-09-26T20:04:06Z,paymentservice,38.0,150,0.8,0.25333333333333335,0
2026-09-26T20:04:06Z,recommendationservice,947.0,2000,0.8,0.4735,0
2026-09-26T20:04:06Z,shippingservice,84.0,400,0.8,0.21,0
2026-09-26T20:04:06Z,currencyservice,421.0,500,0.8,0.842,1
2026-09-26T20:04:06Z,emailservice,91.0,150,0.8,0.6066666666666667,0
2026-09-26T20:04:06Z,adservice,116.0,600,0.8,0.19333333333333333,0
2026-09-26T20:04:06Z,redis-cart,38.0,500,0.8,0.076,0
2026-09-26T20:04:07Z,frontend,277.8,1150,0.8,0.24156521739130435,0
2026-09-26T20:04:07Z,cartservice,305.0,1000,0.95,0.305,0
2026-09-26T20:04:07Z,checkoutservice,725.0,1500,0.8,0.48333333333333334,0
2026-09-26T20:04:07Z,productcatalogservice,423.0,600,0.95,0.705,0
2026-09-26T20:04:07Z,paymentservice,38.0,150,0.8,0.25333333333333335,0
2026-09-26T20:04:07Z,recommendationservice,907.0,2000,0.8,0.4535,0
2026-09-26T20:04:07Z,shippingservice,84.0,400,0.8,0.21,0
2026-09-26T20:04:07Z,currencyservice,370.0,500,0.8,0.74,0
2026-09-26T20:04:07Z,emailservice,87.0,150,0.8,0.58,0
2026-09-26T20:04:07Z,adservice,128.0,600,0.8,0.21333333333333335,0
2026-09-26T20:04:07Z,redis-cart,39.0,500,0.8,0.078,0
2026-09-26T20:04:08Z,frontend,293.4,1150,0.8,0.25513043478260866,0
2026-09-26T20:04:08Z,cartservice,296.0,1000,0.95,0.296,0
2026-09-26T20:04:08Z,checkoutservice,727.0,1500,0.8,0.4846666666666667,0
2026-09-26T20:04:08Z,productcatalogservice,378.0,600,0.95,0.63,0
2026-09-26T20:04:08Z,paymentservice,45.0,150,0.8,0.3,0
2026-09-26T20:04:08Z,recommendationservice,942.0,2000,0.8,0.471,0
2026-09-26T20:04:08Z,shippingservice,106.0,400,0.8,0.265,0
2026-09-26T20:04:08Z,currencyservice,423.0,500,0.8,0.846,1
2026-09-26T20:04:08Z,emailservice,87.0,150,0.8,0.58,0
2026-09-26T20:04:08Z,adservice,123.0,600,0.8,0.205,0
2026-09-26T20:04:08Z,redis-cart,37.0,500,0.8,0.074,0
2026-09-26T20:04:09Z,frontend,286.0,1150,0.8,0.24869565217391304,0
2026-09-26T20:04:09Z,cartservice,296.0,1000,0.95,0.296,0
2026-09-26T20:04:09Z,checkoutservice,777.0,1500,0.8,0.518,0
2026-09-26T20:04:09Z,productcatalogservice,412.0,600,0.95,0.6866666666666666,0
2026-09-26T20:04:09Z,paymentservice,40.0,150,0.8,0.26666666666666666,0
2026-09-26T20:04:09Z,recommendationservice,942.0,2000,0.8,0.471,0
2026-09-26T20:04:09Z,shippingservice,86.0,400,0.8,0.215,0
2026-09-26T20:04:09Z,currencyservice,423.0,500,0.8,0.846,1
2026-09-26T20:04:09Z,emailservice,77.0,150,0.8,0.5133333333333333,0
2026-09-26T20:04:09Z,adservice,113.0,600,0.8,0.18833333333333332,0
2026-09-26T20:04:09Z,redis-cart,37.0,500,0.8,0.074,0
2026-09-26T20:04:10Z,frontend,282.8,1150,0.8,0.24591304347826087,0
2026-09-26T20:04:10Z,cartservice,318.0,1000,0.95,0.318,0
2026-09-26T20:04:10Z,checkoutservice,703.0,1500,0.8,0.4686666666666667,0
2026-09-26T20:04:10Z,productcatalogservice,412.0,600,0.95,0.6866666666666666,0
2026-09-26T20:04:10Z,paymentservice,40.0,150,0.8,0.26666666666666666,0
2026-09-26T20:04:10Z,recommendationservice,930.0,2000,0.8,0.465,0
2026-09-26T20:04:10Z,shippingservice,100.0,400,0.8,0.25,0
2026-09-26T20:04:10Z,currencyservice,389.0,500,0.8,0.778,0
2026-09-26T20:04:10Z,emailservice,84.0,150,0.8,0.56,0
2026-09-26T20:04:10Z,adservice,113.0,600,0.8,0.18833333333333332,0
2026-09-26T20:04:10Z,redis-cart,37.0,500,0.8,0.074,0
2026-09-26T20:04:11Z,frontend,275.0,1150,0.8,0.2391304347826087,0
2026-09-26T20:04:11Z,cartservice,317.0,1000,0.95,0.317,0
2026-09-26T20:04:11Z,checkoutservice,703.0,1500,0.8,0.4686666666666667,0
2026-09-26T20:04:11Z,productcatalogservice,398.0,600,0.95,0.6633333333333333,0
2026-09-26T20:04:11Z,paymentservice,42.0,150,0.8,0.28,0
2026-09-26T20:04:11Z,recommendationservice,930.0,2000,0.8,0.465,0
2026-09-26T20:04:11Z,shippingservice,100.0,400,0.8,0.25,0
2026-09-26T20:04:11Z,currencyservice,389.0,500,0.8,0.778,0
2026-09-26T20:04:11Z,emailservice,105.0,150,0.8,0.7,0
2026-09-26T20:04:11Z,adservice,116.0,600,0.8,0.19333333333333333,0
2026-09-26T20:04:11Z,redis-cart,37.0,500,0.8,0.074,0
2026-09-26T20:04:12Z,frontend,277.2,1150,0.8,0.24104347826086955,0
2026-09-26T20:04:12Z,cartservice,317.0,1000,0.95,0.317,0
2026-09-26T20:04:12Z,checkoutservice,736.0,1500,0.8,0.49066666666666664,0
2026-09-26T20:04:12Z,productcatalogservice,398.0,600,0.95,0.6633333333333333,0
2026-09-26T20:04:12Z,paymentservice,64.0,150,0.8,0.4266666666666667,0
2026-09-26T20:04:12Z,recommendationservice,916.0,2000,0.8,0.458,0
2026-09-26T20:04:12Z,shippingservice,81.0,400,0.8,0.2025,0
2026-09-26T20:04:12Z,currencyservice,372.0,500,0.8,0.744,0
2026-09-26T20:04:12Z,emailservice,69.0,150,0.8,0.46,0
2026-09-26T20:04:12Z,adservice,130.0,600,0.8,0.21666666666666667,0
2026-09-26T20:04:12Z,redis-cart,41.0,500,0.8,0.082,0
2026-09-26T20:04:13Z,frontend,300.8,1150,0.8,0.26156521739130434,0
2026-09-26T20:04:13Z,cartservice,381.0,1000,0.95,0.381,0
2026-09-26T20:04:13Z,checkoutservice,736.0,1500,0.8,0.49066666666666664,0
2026-09-26T20:04:13Z,productcatalogservice,398.0,600,0.95,0.6633333333333333,0
2026-09-26T20:04:13Z,paymentservice,42.0,150,0.8,0.28,0
2026-09-26T20:04:13Z,recommendationservice,928.0,2000,0.8,0.464,0
2026-09-26T20:04:13Z,shippingservice,96.0,400,0.8,0.24,0
2026-09-26T20:04:13Z,currencyservice,399.0,500,0.8,0.798,0
2026-09-26T20:04:13Z,emailservice,69.0,150,0.8,0.46,0
2026-09-26T20:04:13Z,adservice,130.0,600,0.8,0.21666666666666667,0
2026-09-26T20:04:13Z,redis-cart,34.0,500,0.8,0.068,0
2026-09-26T20:04:14Z,frontend,303.4,1150,0.8,0.2638260869565217,0
2026-09-26T20:04:14Z,cartservice,327.0,1000,0.95,0.327,0
2026-09-26T20:04:14Z,checkoutservice,747.0,1500,0.8,0.498,0
2026-09-26T20:04:14Z,productcatalogservice,398.0,600,0.95,0.6633333333333333,0
2026-09-26T20:04:14Z,paymentservice,46.0,150,0.8,0.30666666666666664,0
2026-09-26T20:04:14Z,recommendationservice,928.0,2000,0.8,0.464,0
2026-09-26T20:04:14Z,shippingservice,96.0,400,0.8,0.24,0
2026-09-26T20:04:14Z,currencyservice,398.0,500,0.8,0.796,0
2026-09-26T20:04:14Z,emailservice,82.0,150,0.8,0.5466666666666666,0
2026-09-26T20:04:14Z,adservice,148.0,600,0.8,0.24666666666666667,0
2026-09-26T20:04:14Z,redis-cart,36.0,500,0.8,0.072,0
2026-09-26T20:04:15Z,frontend,288.8,1150,0.8,0.2511304347826087,0
2026-09-26T20:04:15Z,cartservice,327.0,1000,0.95,0.327,0
2026-09-26T20:04:15Z,checkoutservice,747.0,1500,0.8,0.498,0
2026-09-26T20:04:15Z,productcatalogservice,420.0,600,0.95,0.7,0
2026-09-26T20:04:15Z,paymentservice,50.0,150,0.8,0.3333333333333333,0
2026-09-26T20:04:15Z,recommendationservice,892.0,2000,0.8,0.446,0
2026-09-26T20:04:15Z,shippingservice,96.0,400,0.8,0.24,0
2026-09-26T20:04:15Z,currencyservice,387.0,500,0.8,0.774,0
2026-09-26T20:04:15Z,emailservice,95.0,150,0.8,0.6333333333333333,0
2026-09-26T20:04:15Z,adservice,133.0,600,0.8,0.22166666666666668,0
2026-09-26T20:04:15Z,redis-cart,36.0,500,0.8,0.072,0
2026-09-26T20:04:16Z,frontend,288.0,1150,0.8,0.25043478260869567,0
2026-09-26T20:04:16Z,cartservice,329.0,1000,0.95,0.329,0
2026-09-26T20:04:16Z,checkoutservice,704.0,1500,0.8,0.4693333333333333,0
2026-09-26T20:04:16Z,productcatalogservice,397.0,600,0.95,0.6616666666666666,0
2026-09-26T20:04:16Z,paymentservice,50.0,150,0.8,0.3333333333333333,0
2026-09-26T20:04:16Z,recommendationservice,911.0,2000,0.8,0.4555,0
2026-09-26T20:04:16Z,shippingservice,91.0,400,0.8,0.2275,0
2026-09-26T20:04:16Z,currencyservice,387.0,500,0.8,0.774,0
2026-09-26T20:04:16Z,emailservice,89.0,150,0.8,0.5933333333333334,0
2026-09-26T20:04:16Z,adservice,121.0,600,0.8,0.20166666666666666,0
2026-09-26T20:04:16Z,redis-cart,38.0,500,0.8,0.076,0
2026-09-26T20:04:17Z,frontend,284.0,1150,0.8,0.24695652173913044,0
2026-09-26T20:04:17Z,cartservice,312.0,1000,0.95,0.312,0
2026-09-26T20:04:17Z,checkoutservice,776.0,1500,0.8,0.5173333333333333,0
2026-09-26T20:04:17Z,productcatalogservice,397.0,600,0.95,0.6616666666666666,0
2026-09-26T20:04:17Z,paymentservice,39.0,150,0.8,0.26,0
2026-09-26T20:04:17Z,recommendationservice,945.0,2000,0.8,0.4725,0
2026-09-26T20:04:17Z,shippingservice,107.0,400,0.8,0.2675,0
2026-09-26T20:04:17Z,currencyservice,368.0,500,0.8,0.736,0
2026-09-26T20:04:17Z,emailservice,89.0,150,0.8,0.5933333333333334,0
2026-09-26T20:04:17Z,adservice,121.0,600,0.8,0.20166666666666666,0
2026-09-26T20:04:17Z,redis-cart,38.0,500,0.8,0.076,0
2026-09-26T20:04:18Z,frontend,286.6,1150,0.8,0.24921739130434784,0
2026-09-26T20:04:18Z,cartservice,312.0,1000,0.95,0.312,0
2026-09-26T20:04:18Z,checkoutservice,776.0,1500,0.8,0.5173333333333333,0
2026-09-26T20:04:18Z,productcatalogservice,410.0,600,0.95,0.6833333333333333,0
2026-09-26T20:04:18Z,paymentservice,36.0,150,0.8,0.24,0
2026-09-26T20:04:18Z,recommendationservice,945.0,2000,0.8,0.4725,0
2026-09-26T20:04:18Z,shippingservice,107.0,400,0.8,0.2675,0
2026-09-26T20:04:18Z,currencyservice,368.0,500,0.8,0.736,0
2026-09-26T20:04:18Z,emailservice,61.0,150,0.8,0.4066666666666667,0
2026-09-26T20:04:18Z,adservice,117.0,600,0.8,0.195,0
2026-09-26T20:04:18Z,redis-cart,38.0,500,0.8,0.076,0
2026-09-26T20:04:19Z,frontend,276.0,1150,0.8,0.24,0
2026-09-26T20:04:19Z,cartservice,299.0,1000,0.95,0.299,0
2026-09-26T20:04:19Z,checkoutservice,551.0,1500,0.8,0.36733333333333335,0
2026-09-26T20:04:19Z,productcatalogservice,410.0,600,0.95,0.6833333333333333,0
2026-09-26T20:04:19Z,paymentservice,33.0,150,0.8,0.22,0
2026-09-26T20:04:19Z,recommendationservice,922.0,2000,0.8,0.461,0
2026-09-26T20:04:19Z,shippingservice,66.0,400,0.8,0.165,0
2026-09-26T20:04:19Z,currencyservice,411.0,500,0.8,0.822,1
2026-09-26T20:04:19Z,emailservice,63.0,150,0.8,0.42,0
2026-09-26T20:04:19Z,adservice,106.0,600,0.8,0.17666666666666667,0
2026-09-26T20:04:19Z,redis-cart,38.0,500,0.8,0.076,0
2026-09-26T20:04:20Z,frontend,276.8,1150,0.8,0.24069565217391306,0
2026-09-26T20:04:20Z,cartservice,299.0,1000,0.95,0.299,0
2026-09-26T20:04:20Z,checkoutservice,563.0,1500,0.8,0.37533333333333335,0
2026-09-26T20:04:20Z,productcatalogservice,379.0,600,0.95,0.6316666666666667,0
2026-09-26T20:04:20Z,paymentservice,33.0,150,0.8,0.22,0
2026-09-26T20:04:20Z,recommendationservice,922.0,2000,0.8,0.461,0
2026-09-26T20:04:20Z,shippingservice,66.0,400,0.8,0.165,0
2026-09-26T20:04:20Z,currencyservice,411.0,500,0.8,0.822,1
2026-09-26T20:04:20Z,emailservice,63.0,150,0.8,0.42,0
2026-09-26T20:04:20Z,adservice,119.0,600,0.8,0.19833333333333333,0
2026-09-26T20:04:20Z,redis-cart,36.0,500,0.8,0.072,0
2026-09-26T20:04:21Z,frontend,291.8,1150,0.8,0.25373913043478263,0
2026-09-26T20:04:21Z,cartservice,360.0,1000,0.95,0.36,0
2026-09-26T20:04:21Z,checkoutservice,563.0,1500,0.8,0.37533333333333335,0
2026-09-26T20:04:21Z,productcatalogservice,364.0,600,0.95,0.6066666666666667,0
2026-09-26T20:04:21Z,paymentservice,29.0,150,0.8,0.19333333333333333,0
2026-09-26T20:04:21Z,recommendationservice,1023.0,2000,0.8,0.5115,0
2026-09-26T20:04:21Z,shippingservice,64.0,400,0.8,0.16,0
2026-09-26T20:04:21Z,currencyservice,371.0,500,0.8,0.742,0
2026-09-26T20:04:21Z,emailservice,79.0,150,0.8,0.5266666666666666,0
2026-09-26T20:04:21Z,adservice,119.0,600,0.8,0.19833333333333333,0
2026-09-26T20:04:21Z,redis-cart,36.0,500,0.8,0.072,0
2026-09-26T20:04:22Z,frontend,266.8,1150,0.8,0.232,0
2026-09-26T20:04:22Z,cartservice,321.0,1000,0.95,0.321,0
2026-09-26T20:04:22Z,checkoutservice,642.0,1500,0.8,0.428,0
2026-09-26T20:04:22Z,productcatalogservice,364.0,600,0.95,0.6066666666666667,0
2026-09-26T20:04:22Z,paymentservice,57.0,150,0.8,0.38,0
2026-09-26T20:04:22Z,recommendationservice,953.0,2000,0.8,0.4765,0
2026-09-26T20:04:22Z,shippingservice,64.0,400,0.8,0.16,0
2026-09-26T20:04:22Z,currencyservice,357.0,500,0.8,0.714,0
2026-09-26T20:04:22Z,emailservice,79.0,150,0.8,0.5266666666666666,0
2026-09-26T20:04:22Z,adservice,97.0,600,0.8,0.16166666666666665,0
2026-09-26T20:04:22Z,redis-cart,39.0,500,0.8,0.078,0
2026-09-26T20:04:23Z,frontend,280.2,1150,0.8,0.24365217391304347,0
2026-09-26T20:04:23Z,cartservice,321.0,1000,0.95,0.321,0
2026-09-26T20:04:23Z,checkoutservice,642.0,1500,0.8,0.428,0
2026-09-26T20:04:23Z,productcatalogservice,386.0,600,0.95,0.6433333333333333,0
2026-09-26T20:04:23Z,paymentservice,57.0,150,0.8,0.38,0
2026-09-26T20:04:23Z,recommendationservice,973.0,2000,0.8,0.4865,0
2026-09-26T20:04:23Z,shippingservice,90.0,400,0.8,0.225,0
2026-09-26T20:04:23Z,currencyservice,389.0,500,0.8,0.778,0
2026-09-26T20:04:23Z,emailservice,77.0,150,0.8,0.5133333333333333,0
2026-09-26T20:04:23Z,adservice,97.0,600,0.8,0.16166666666666665,0
2026-09-26T20:04:23Z,redis-cart,37.0,500,0.8,0.074,0
2026-09-26T20:04:24Z,frontend,295.0,1150,0.8,0.2565217391304348,0
2026-09-26T20:04:24Z,cartservice,405.0,1000,0.95,0.405,0
2026-09-26T20:04:24Z,checkoutservice,698.0,1500,0.8,0.4653333333333333,0
2026-09-26T20:04:24Z,productcatalogservice,412.0,600,0.95,0.6866666666666666,0
2026-09-26T20:04:24Z,paymentservice,39.0,150,0.8,0.26,0
2026-09-26T20:04:24Z,recommendationservice,973.0,2000,0.8,0.4865,0
2026-09-26T20:04:24Z,shippingservice,82.0,400,0.8,0.205,0
2026-09-26T20:04:24Z,currencyservice,381.0,500,0.8,0.762,0
2026-09-26T20:04:24Z,emailservice,67.0,150,0.8,0.44666666666666666,0
2026-09-26T20:04:24Z,adservice,116.0,600,0.8,0.19333333333333333,0
2026-09-26T20:04:24Z,redis-cart,37.0,500,0.8,0.074,0
2026-09-26T20:04:25Z,frontend,289.8,1150,0.8,0.252,0
2026-09-26T20:04:25Z,cartservice,405.0,1000,0.95,0.405,0
2026-09-26T20:04:25Z,checkoutservice,698.0,1500,0.8,0.4653333333333333,0
2026-09-26T20:04:25Z,productcatalogservice,412.0,600,0.95,0.6866666666666666,0
2026-09-26T20:04:25Z,paymentservice,36.0,150,0.8,0.24,0
2026-09-26T20:04:25Z,recommendationservice,930.0,2000,0.8,0.465,0
2026-09-26T20:04:25Z,shippingservice,82.0,400,0.8,0.205,0
2026-09-26T20:04:25Z,currencyservice,398.0,500,0.8,0.796,0
2026-09-26T20:04:25Z,emailservice,67.0,150,0.8,0.44666666666666666,0
2026-09-26T20:04:25Z,adservice,127.0,600,0.8,0.21166666666666667,0
2026-09-26T20:04:25Z,redis-cart,40.0,500,0.8,0.08,0
2026-09-26T20:04:26Z,frontend,273.2,1150,0.8,0.23756521739130435,0
2026-09-26T20:04:26Z,cartservice,352.0,1000,0.95,0.352,0
2026-09-26T20:04:26Z,checkoutservice,669.0,1500,0.8,0.446,0
2026-09-26T20:04:26Z,productcatalogservice,378.0,600,0.95,0.63,0
2026-09-26T20:04:26Z,paymentservice,36.0,150,0.8,0.24,0
2026-09-26T20:04:26Z,recommendationservice,930.0,2000,0.8,0.465,0
2026-09-26T20:04:26Z,shippingservice,71.0,400,0.8,0.1775,0
2026-09-26T20:04:26Z,currencyservice,398.0,500,0.8,0.796,0
2026-09-26T20:04:26Z,emailservice,80.0,150,0.8,0.5333333333333333,0
2026-09-26T20:04:26Z,adservice,116.0,600,0.8,0.19333333333333333,0
2026-09-26T20:04:26Z,redis-cart,40.0,500,0.8,0.08,0
2026-09-26T20:04:27Z,frontend,290.0,1150,0.8,0.25217391304347825,0
2026-09-26T20:04:27Z,cartservice,339.0,1000,0.95,0.339,0
2026-09-26T20:04:27Z,checkoutservice,669.0,1500,0.8,0.446,0
2026-09-26T20:04:27Z,productcatalogservice,397.0,600,0.95,0.6616666666666666,0
2026-09-26T20:04:27Z,paymentservice,48.0,150,0.8,0.32,0
2026-09-26T20:04:27Z,recommendationservice,907.0,2000,0.8,0.4535,0
2026-09-26T20:04:27Z,shippingservice,118.0,400,0.8,0.295,0
2026-09-26T20:04:27Z,currencyservice,387.0,500,0.8,0.774,0
2026-09-26T20:04:27Z,emailservice,95.0,150,0.8,0.6333333333333333,0
2026-09-26T20:04:27Z,adservice,116.0,600,0.8,0.19333333333333333,0
2026-09-26T20:04:27Z,redis-cart,38.0,500,0.8,0.076,0
2026-09-26T20:04:28Z,frontend,282.0,1150,0.8,0.24521739130434783,0
2026-09-26T20:04:28Z,cartservice,333.0,1000,0.95,0.333,0
2026-09-26T20:04:28Z,checkoutservice,810.0,1500,0.8,0.54,0
2026-09-26T20:04:28Z,productcatalogservice,397.0,600,0.95,0.6616666666666666,0
2026-09-26T20:04:28Z,paymentservice,41.0,150,0.8,0.2733333333333333,0
2026-09-26T20:04:28Z,recommendationservice,941.0,2000,0.8,0.4705,0
2026-09-26T20:04:28Z,shippingservice,118.0,400,0.8,0.295,0
2026-09-26T20:04:28Z,currencyservice,362.0,500,0.8,0.724,0
2026-09-26T20:04:28Z,emailservice,83.0,150,0.8,0.5533333333333333,0
2026-09-26T20:04:28Z,adservice,124.0,600,0.8,0.20666666666666667,0
2026-09-26T20:04:28Z,redis-cart,35.0,500,0.8,0.07,0
2026-09-26T20:04:29Z,frontend,296.0,1150,0.8,0.2573913043478261,0
2026-09-26T20:04:29Z,cartservice,333.0,1000,0.95,0.333,0
2026-09-26T20:04:29Z,checkoutservice,801.0,1500,0.8,0.534,0
2026-09-26T20:04:29Z,productcatalogservice,384.0,600,0.95,0.64,0
2026-09-26T20:04:29Z,paymentservice,41.0,150,0.8,0.2733333333333333,0
2026-09-26T20:04:29Z,recommendationservice,941.0,2000,0.8,0.4705,0
2026-09-26T20:04:29Z,shippingservice,88.0,400,0.8,0.22,0
2026-09-26T20:04:29Z,currencyservice,406.0,500,0.8,0.812,1
2026-09-26T20:04:29Z,emailservice,83.0,150,0.8,0.5533333333333333,0
2026-09-26T20:04:29Z,adservice,142.0,600,0.8,0.23666666666666666,0
2026-09-26T20:04:29Z,redis-cart,35.0,500,0.8,0.07,0
2026-09-26T20:04:30Z,frontend,287.8,1150,0.8,0.2502608695652174,0
2026-09-26T20:04:30Z,cartservice,335.0,1000,0.95,0.335,0
2026-09-26T20:04:30Z,checkoutservice,801.0,1500,0.8,0.534,0
2026-09-26T20:04:30Z,productcatalogservice,384.0,600,0.95,0.64,0
2026-09-26T20:04:30Z,paymentservice,44.0,150,0.8,0.29333333333333333,0
2026-09-26T20:04:30Z,recommendationservice,882.0,2000,0.8,0.441,0
2026-09-26T20:04:30Z,shippingservice,88.0,400,0.8,0.22,0
2026-09-26T20:04:30Z,currencyservice,406.0,500,0.8,0.812,1
2026-09-26T20:04:30Z,emailservice,91.0,150,0.8,0.6066666666666667,0
2026-09-26T20:04:30Z,adservice,142.0,600,0.8,0.23666666666666666,0
2026-09-26T20:04:30Z,redis-cart,36.0,500,0.8,0.072,0
2026-09-26T20:04:31Z,frontend,288.6,1150,0.8,0.25095652173913047,0
2026-09-26T20:04:31Z,cartservice,407.0,1000,0.95,0.407,0
2026-09-26T20:04:31Z,checkoutservice,586.0,1500,0.8,0.39066666666666666,0
2026-09-26T20:04:31Z,productcatalogservice,388.0,600,0.95,0.6466666666666666,0
2026-09-26T20:04:31Z,paymentservice,36.0,150,0.8,0.24,0
2026-09-26T20:04:31Z,recommendationservice,993.0,2000,0.8,0.4965,0
2026-09-26T20:04:31Z,shippingservice,71.0,400,0.8,0.1775,0
2026-09-26T20:04:31Z,currencyservice,375.0,500,0.8,0.75,0
2026-09-26T20:04:31Z,emailservice,59.0,150,0.8,0.3933333333333333,0
2026-09-26T20:04:31Z,adservice,120.0,600,0.8,0.2,0
2026-09-26T20:04:31Z,redis-cart,36.0,500,0.8,0.072,0
2026-09-26T20:04:32Z,frontend,295.4,1150,0.8,0.2568695652173913,0
2026-09-26T20:04:32Z,cartservice,407.0,1000,0.95,0.407,0
2026-09-26T20:04:32Z,checkoutservice,542.0,1500,0.8,0.36133333333333334,0
2026-09-26T20:04:32Z,productcatalogservice,404.0,600,0.95,0.6733333333333333,0
2026-09-26T20:04:32Z,paymentservice,36.0,150,0.8,0.24,0
2026-09-26T20:04:32Z,recommendationservice,993.0,2000,0.8,0.4965,0
2026-09-26T20:04:32Z,shippingservice,71.0,400,0.8,0.1775,0
2026-09-26T20:04:32Z,currencyservice,386.0,500,0.8,0.772,0
2026-09-26T20:04:32Z,emailservice,59.0,150,0.8,0.3933333333333333,0
2026-09-26T20:04:32Z,adservice,120.0,600,0.8,0.2,0
2026-09-26T20:04:32Z,redis-cart,42.0,500,0.8,0.084,0
2026-09-26T20:04:33Z,frontend,291.6,1150,0.8,0.2535652173913044,0
2026-09-26T20:04:33Z,cartservice,352.0,1000,0.95,0.352,0
2026-09-26T20:04:33Z,checkoutservice,643.0,1500,0.8,0.42866666666666664,0
2026-09-26T20:04:33Z,productcatalogservice,438.0,600,0.95,0.73,0
2026-09-26T20:04:33Z,paymentservice,41.0,150,0.8,0.2733333333333333,0
2026-09-26T20:04:33Z,recommendationservice,1010.0,2000,0.8,0.505,0
2026-09-26T20:04:33Z,shippingservice,81.0,400,0.8,0.2025,0
2026-09-26T20:04:33Z,currencyservice,386.0,500,0.8,0.772,0
2026-09-26T20:04:33Z,emailservice,58.0,150,0.8,0.38666666666666666,0
2026-09-26T20:04:33Z,adservice,111.0,600,0.8,0.185,0
2026-09-26T20:04:33Z,redis-cart,42.0,500,0.8,0.084,0
2026-09-26T20:04:34Z,frontend,290.0,1150,0.8,0.25217391304347825,0
2026-09-26T20:04:34Z,cartservice,309.0,1000,0.95,0.309,0
2026-09-26T20:04:34Z,checkoutservice,643.0,1500,0.8,0.42866666666666664,0
2026-09-26T20:04:34Z,productcatalogservice,438.0,600,0.95,0.73,0
2026-09-26T20:04:34Z,paymentservice,41.0,150,0.8,0.2733333333333333,0
2026-09-26T20:04:34Z,recommendationservice,987.0,2000,0.8,0.4935,0
2026-09-26T20:04:34Z,shippingservice,75.0,400,0.8,0.1875,0
2026-09-26T20:04:34Z,currencyservice,360.0,500,0.8,0.72,0
2026-09-26T20:04:34Z,emailservice,58.0,150,0.8,0.38666666666666666,0
2026-09-26T20:04:34Z,adservice,111.0,600,0.8,0.185,0
2026-09-26T20:04:34Z,redis-cart,38.0,500,0.8,0.076,0
2026-09-26T20:04:35Z,frontend,284.6,1150,0.8,0.24747826086956523,0
2026-09-26T20:04:35Z,cartservice,309.0,1000,0.95,0.309,0
2026-09-26T20:04:35Z,checkoutservice,692.0,1500,0.8,0.4613333333333333,0
2026-09-26T20:04:35Z,productcatalogservice,405.0,600,0.95,0.675,0
2026-09-26T20:04:35Z,paymentservice,41.0,150,0.8,0.2733333333333333,0
2026-09-26T20:04:35Z,recommendationservice,1005.0,2000,0.8,0.5025,0
2026-09-26T20:04:35Z,shippingservice,75.0,400,0.8,0.1875,0
2026-09-26T20:04:35Z,currencyservice,389.0,500,0.8,0.778,0
2026-09-26T20:04:35Z,emailservice,73.0,150,0.8,0.4866666666666667,0
2026-09-26T20:04:35Z,adservice,104.0,600,0.8,0.17333333333333334,0
2026-09-26T20:04:35Z,redis-cart,37.0,500,0.8,0.074,0
2026-09-26T20:04:36Z,frontend,269.2,1150,0.8,0.2340869565217391,0
2026-09-26T20:04:36Z,cartservice,320.0,1000,0.95,0.32,0
2026-09-26T20:04:36Z,checkoutservice,707.0,1500,0.8,0.4713333333333333,0
2026-09-26T20:04:36Z,productcatalogservice,390.0,600,0.95,0.65,0
2026-09-26T20:04:36Z,paymentservice,41.0,150,0.8,0.2733333333333333,0
2026-09-26T20:04:36Z,recommendationservice,1005.0,2000,0.8,0.5025,0
2026-09-26T20:04:36Z,shippingservice,88.0,400,0.8,0.22,0
2026-09-26T20:04:36Z,currencyservice,389.0,500,0.8,0.778,0
2026-09-26T20:04:36Z,emailservice,73.0,150,0.8,0.4866666666666667,0
2026-09-26T20:04:36Z,adservice,104.0,600,0.8,0.17333333333333334,0
2026-09-26T20:04:36Z,redis-cart,38.0,500,0.8,0.076,0
2026-09-26T20:04:37Z,frontend,285.4,1150,0.8,0.24817391304347824,0
2026-09-26T20:04:37Z,cartservice,319.0,1000,0.95,0.319,0
2026-09-26T20:04:37Z,checkoutservice,707.0,1500,0.8,0.4713333333333333,0
2026-09-26T20:04:37Z,productcatalogservice,390.0,600,0.95,0.65,0
2026-09-26T20:04:37Z,paymentservice,41.0,150,0.8,0.2733333333333333,0
2026-09-26T20:04:37Z,recommendationservice,951.0,2000,0.8,0.4755,0
2026-09-26T20:04:37Z,shippingservice,98.0,400,0.8,0.245,0
2026-09-26T20:04:37Z,currencyservice,361.0,500,0.8,0.722,0
2026-09-26T20:04:37Z,emailservice,91.0,150,0.8,0.6066666666666667,0
2026-09-26T20:04:37Z,adservice,120.0,600,0.8,0.2,0
2026-09-26T20:04:37Z,redis-cart,38.0,500,0.8,0.076,0
2026-09-26T20:04:38Z,frontend,290.6,1150,0.8,0.25269565217391304,0
2026-09-26T20:04:38Z,cartservice,319.0,1000,0.95,0.319,0
2026-09-26T20:04:38Z,checkoutservice,679.0,1500,0.8,0.45266666666666666,0
2026-09-26T20:04:38Z,productcatalogservice,420.0,600,0.95,0.7,0
2026-09-26T20:04:38Z,paymentservice,38.0,150,0.8,0.25333333333333335,0
2026-09-26T20:04:38Z,recommendationservice,951.0,2000,0.8,0.4755,0
2026-09-26T20:04:38Z,shippingservice,98.0,400,0.8,0.245,0
2026-09-26T20:04:38Z,currencyservice,409.0,500,0.8,0.818,1
2026-09-26T20:04:38Z,emailservice,60.0,150,0.8,0.4,0
2026-09-26T20:04:38Z,adservice,117.0,600,0.8,0.195,0
2026-09-26T20:04:38Z,redis-cart,42.0,500,0.8,0.084,0
2026-09-26T20:04:39Z,frontend,290.6,1150,0.8,0.25269565217391304,0
2026-09-26T20:04:39Z,cartservice,336.0,1000,0.95,0.336,0
2026-09-26T20:04:39Z,checkoutservice,563.0,1500,0.8,0.37533333333333335,0
2026-09-26T20:04:39Z,productcatalogservice,420.0,600,0.95,0.7,0
2026-09-26T20:04:39Z,paymentservice,38.0,150,0.8,0.25333333333333335,0
2026-09-26T20:04:39Z,recommendationservice,982.0,2000,0.8,0.491,0
2026-09-26T20:04:39Z,shippingservice,69.0,400,0.8,0.1725,0
2026-09-26T20:04:39Z,currencyservice,409.0,500,0.8,0.818,1
2026-09-26T20:04:39Z,emailservice,60.0,150,0.8,0.4,0
2026-09-26T20:04:39Z,adservice,99.0,600,0.8,0.165,0
2026-09-26T20:04:39Z,redis-cart,38.0,500,0.8,0.076,0
2026-09-26T20:04:40Z,frontend,278.8,1150,0.8,0.24243478260869566,0
2026-09-26T20:04:40Z,cartservice,315.0,1000,0.95,0.315,0
2026-09-26T20:04:40Z,checkoutservice,563.0,1500,0.8,0.37533333333333335,0
2026-09-26T20:04:40Z,productcatalogservice,400.0,600,0.95,0.6666666666666666,0
2026-09-26T20:04:40Z,paymentservice,33.0,150,0.8,0.22,0
2026-09-26T20:04:40Z,recommendationservice,1005.0,2000,0.8,0.5025,0
2026-09-26T20:04:40Z,shippingservice,69.0,400,0.8,0.1725,0
2026-09-26T20:04:40Z,currencyservice,392.0,500,0.8,0.784,0
2026-09-26T20:04:40Z,emailservice,77.0,150,0.8,0.5133333333333333,0
2026-09-26T20:04:40Z,adservice,99.0,600,0.8,0.165,0
2026-09-26T20:04:40Z,redis-cart,38.0,500,0.8,0.076,0
2026-09-26T20:04:41Z,frontend,280.8,1150,0.8,0.24417391304347827,0
2026-09-26T20:04:41Z,cartservice,333.0,1000,0.95,0.333,0
2026-09-26T20:04:41Z,checkoutservice,622.0,1500,0.8,0.4146666666666667,0
2026-09-26T20:04:41Z,productcatalogservice,400.0,600,0.95,0.6666666666666666,0
2026-09-26T20:04:41Z,paymentservice,55.0,150,0.8,0.36666666666666664,0
2026-09-26T20:04:41Z,recommendationservice,1005.0,2000,0.8,0.5025,0
2026-09-26T20:04:41Z,shippingservice,77.0,400,0.8,0.1925,0
2026-09-26T20:04:41Z,currencyservice,378.0,500,0.8,0.756,0
2026-09-26T20:04:41Z,emailservice,77.0,150,0.8,0.5133333333333333,0
2026-09-26T20:04:41Z,adservice,117.0,600,0.8,0.195,0
2026-09-26T20:04:41Z,redis-cart,39.0,500,0.8,0.078,0
2026-09-26T20:04:42Z,frontend,285.4,1150,0.8,0.24817391304347824,0
2026-09-26T20:04:42Z,cartservice,345.0,1000,0.95,0.345,0
2026-09-26T20:04:42Z,checkoutservice,818.0,1500,0.8,0.5453333333333333,0
2026-09-26T20:04:42Z,productcatalogservice,383.0,600,0.95,0.6383333333333333,0
2026-09-26T20:04:42Z,paymentservice,55.0,150,0.8,0.36666666666666664,0
2026-09-26T20:04:42Z,recommendationservice,930.0,2000,0.8,0.465,0
2026-09-26T20:04:42Z,shippingservice,96.0,400,0.8,0.24,0
2026-09-26T20:04:42Z,currencyservice,378.0,500,0.8,0.756,0
2026-09-26T20:04:42Z,emailservice,83.0,150,0.8,0.5533333333333333,0
2026-09-26T20:04:42Z,adservice,117.0,600,0.8,0.195,0
2026-09-26T20:04:42Z,redis-cart,37.0,500,0.8,0.074,0
2026-09-26T20:04:43Z,frontend,277.8,1150,0.8,0.24156521739130435,0
2026-09-26T20:04:43Z,cartservice,356.0,1000,0.95,0.356,0
2026-09-26T20:04:43Z,checkoutservice,818.0,1500,0.8,0.5453333333333333,0
2026-09-26T20:04:43Z,productcatalogservice,401.0,600,0.95,0.6683333333333333,0
2026-09-26T20:04:43Z,paymentservice,43.0,150,0.8,0.2866666666666667,0
2026-09-26T20:04:43Z,recommendationservice,953.0,2000,0.8,0.4765,0
2026-09-26T20:04:43Z,shippingservice,85.0,400,0.8,0.2125,0
2026-09-26T20:04:43Z,currencyservice,375.0,500,0.8,0.75,0
2026-09-26T20:04:43Z,emailservice,79.0,150,0.8,0.5266666666666666,0
2026-09-26T20:04:43Z,adservice,107.0,600,0.8,0.17833333333333334,0
2026-09-26T20:04:43Z,redis-cart,37.0,500,0.8,0.074,0
2026-09-26T20:04:44Z,frontend,293.2,1150,0.8,0.2549565217391304,0
2026-09-26T20:04:44Z,cartservice,356.0,1000,0.95,0.356,0
2026-09-26T20:04:44Z,checkoutservice,741.0,1500,0.8,0.494,0
2026-09-26T20:04:44Z,productcatalogservice,401.0,600,0.95,0.6683333333333333,0
2026-09-26T20:04:44Z,paymentservice,32.0,150,0.8,0.21333333333333335,0
2026-09-26T20:04:44Z,recommendationservice,918.0,2000,0.8,0.459,0
2026-09-26T20:04:44Z,shippingservice,85.0,400,0.8,0.2125,0
2026-09-26T20:04:44Z,currencyservice,379.0,500,0.8,0.758,0
2026-09-26T20:04:44Z,emailservice,79.0,150,0.8,0.5266666666666666,0
2026-09-26T20:04:44Z,adservice,107.0,600,0.8,0.17833333333333334,0
2026-09-26T20:04:44Z,redis-cart,37.0,500,0.8,0.074,0
2026-09-26T20:04:45Z,frontend,292.2,1150,0.8,0.2540869565217391,0
2026-09-26T20:04:45Z,cartservice,314.0,1000,0.95,0.314,0
2026-09-26T20:04:45Z,checkoutservice,708.0,1500,0.8,0.472,0
2026-09-26T20:04:45Z,productcatalogservice,410.0,600,0.95,0.6833333333333333,0
2026-09-26T20:04:45Z,paymentservice,32.0,150,0.8,0.21333333333333335,0
2026-09-26T20:04:45Z,recommendationservice,949.0,2000,0.8,0.4745,0
2026-09-26T20:04:45Z,shippingservice,81.0,400,0.8,0.2025,0
2026-09-26T20:04:45Z,currencyservice,379.0,500,0.8,0.758,0
2026-09-26T20:04:45Z,emailservice,68.0,150,0.8,0.4533333333333333,0
2026-09-26T20:04:45Z,adservice,153.0,600,0.8,0.255,0
2026-09-26T20:04:45Z,redis-cart,37.0,500,0.8,0.074,0
2026-09-26T20:04:46Z,frontend,308.0,1150,0.8,0.2678260869565217,0
2026-09-26T20:04:46Z,cartservice,314.0,1000,0.95,0.314,0
2026-09-26T20:04:46Z,checkoutservice,641.0,1500,0.8,0.42733333333333334,0
2026-09-26T20:04:46Z,productcatalogservice,424.0,600,0.95,0.7066666666666667,0
2026-09-26T20:04:46Z,paymentservice,37.0,150,0.8,0.24666666666666667,0
2026-09-26T20:04:46Z,recommendationservice,949.0,2000,0.8,0.4745,0
2026-09-26T20:04:46Z,shippingservice,85.0,400,0.8,0.2125,0
2026-09-26T20:04:46Z,currencyservice,406.0,500,0.8,0.812,1
2026-09-26T20:04:46Z,emailservice,92.0,150,0.8,0.6133333333333333,0
2026-09-26T20:04:46Z,adservice,129.0,600,0.8,0.215,0
2026-09-26T20:04:46Z,redis-cart,39.0,500,0.8,0.078,0
2026-09-26T20:04:47Z,frontend,287.0,1150,0.8,0.24956521739130436,0
2026-09-26T20:04:47Z,cartservice,317.0,1000,0.95,0.317,0
2026-09-26T20:04:47Z,checkoutservice,641.0,1500,0.8,0.42733333333333334,0
2026-09-26T20:04:47Z,productcatalogservice,424.0,600,0.95,0.7066666666666667,0
2026-09-26T20:04:47Z,paymentservice,44.0,150,0.8,0.29333333333333333,0
2026-09-26T20:04:47Z,recommendationservice,917.0,2000,0.8,0.4585,0
2026-09-26T20:04:47Z,shippingservice,109.0,400,0.8,0.2725,0
2026-09-26T20:04:47Z,currencyservice,389.0,500,0.8,0.778,0
2026-09-26T20:04:47Z,emailservice,92.0,150,0.8,0.6133333333333333,0
2026-09-26T20:04:47Z,adservice,129.0,600,0.8,0.215,0
2026-09-26T20:04:47Z,redis-cart,42.0,500,0.8,0.084,0
2026-09-26T20:04:48Z,frontend,268.6,1150,0.8,0.23356521739130437,0
2026-09-26T20:04:48Z,cartservice,317.0,1000,0.95,0.317,0
2026-09-26T20:04:48Z,checkoutservice,719.0,1500,0.8,0.47933333333333333,0
2026-09-26T20:04:48Z,productcatalogservice,389.0,600,0.95,0.6483333333333333,0
2026-09-26T20:04:48Z,paymentservice,44.0,150,0.8,0.29333333333333333,0
2026-09-26T20:04:48Z,recommendationservice,963.0,2000,0.8,0.4815,0
2026-09-26T20:04:48Z,shippingservice,109.0,400,0.8,0.2725,0
2026-09-26T20:04:48Z,currencyservice,361.0,500,0.8,0.722,0
2026-09-26T20:04:48Z,emailservice,79.0,150,0.8,0.5266666666666666,0
2026-09-26T20:04:48Z,adservice,106.0,600,0.8,0.17666666666666667,0
2026-09-26T20:04:48Z,redis-cart,42.0,500,0.8,0.084,0
2026-09-26T20:04:49Z,frontend,269.8,1150,0.8,0.23460869565217393,0
2026-09-26T20:04:49Z,cartservice,323.0,1000,0.95,0.323,0
2026-09-26T20:04:49Z,checkoutservice,698.0,1500,0.8,0.4653333333333333,0
2026-09-26T20:04:49Z,productcatalogservice,366.0,600,0.95,0.61,0
2026-09-26T20:04:49Z,paymentservice,44.0,150,0.8,0.29333333333333333,0
2026-09-26T20:04:49Z,recommendationservice,963.0,2000,0.8,0.4815,0
2026-09-26T20:04:49Z,shippingservice,87.0,400,0.8,0.2175,0
2026-09-26T20:04:49Z,currencyservice,412.0,500,0.8,0.824,1
2026-09-26T20:04:49Z,emailservice,79.0,150,0.8,0.5266666666666666,0
2026-09-26T20:04:49Z,adservice,103.0,600,0.8,0.17166666666666666,0
2026-09-26T20:04:49Z,redis-cart,40.0,500,0.8,0.08,0
2026-09-26T20:04:50Z,frontend,300.2,1150,0.8,0.26104347826086954,0
2026-09-26T20:04:50Z,cartservice,323.0,1000,0.95,0.323,0
2026-09-26T20:04:50Z,checkoutservice,594.0,1500,0.8,0.396,0
2026-09-26T20:04:50Z,productcatalogservice,395.0,600,0.95,0.6583333333333333,0
2026-09-26T20:04:50Z,paymentservice,34.0,150,0.8,0.22666666666666666,0
2026-09-26T20:04:50Z,recommendationservice,969.0,2000,0.8,0.4845,0
2026-09-26T20:04:50Z,shippingservice,87.0,400,0.8,0.2175,0
2026-09-26T20:04:50Z,currencyservice,406.0,500,0.8,0.812,1
2026-09-26T20:04:50Z,emailservice,72.0,150,0.8,0.48,0
2026-09-26T20:04:50Z,adservice,103.0,600,0.8,0.17166666666666666,0
2026-09-26T20:04:50Z,redis-cart,40.0,500,0.8,0.08,0
2026-09-26T20:04:51Z,frontend,276.6,1150,0.8,0.24052173913043481,0
2026-09-26T20:04:51Z,cartservice,318.0,1000,0.95,0.318,0
2026-09-26T20:04:51Z,checkoutservice,594.0,1500,0.8,0.396,0
2026-09-26T20:04:51Z,productcatalogservice,395.0,600,0.95,0.6583333333333333,0
2026-09-26T20:04:51Z,paymentservice,34.0,150,0.8,0.22666666666666666,0
2026-09-26T20:04:51Z,recommendationservice,928.0,2000,0.8,0.464,0
2026-09-26T20:04:51Z,shippingservice,64.0,400,0.8,0.16,0
2026-09-26T20:04:51Z,currencyservice,406.0,500,0.8,0.812,1
2026-09-26T20:04:51Z,emailservice,74.0,150,0.8,0.49333333333333335,0
2026-09-26T20:04:51Z,adservice,117.0,600,0.8,0.195,0
2026-09-26T20:04:51Z,redis-cart,39.0,500,0.8,0.078,0
2026-09-26T20:04:52Z,frontend,279.2,1150,0.8,0.24278260869565216,0
2026-09-26T20:04:52Z,cartservice,318.0,1000,0.95,0.318,0
2026-09-26T20:04:52Z,checkoutservice,512.0,1500,0.8,0.3413333333333333,0
2026-09-26T20:04:52Z,productcatalogservice,398.0,600,0.95,0.6633333333333333,0
2026-09-26T20:04:52Z,paymentservice,45.0,150,0.8,0.3,0
2026-09-26T20:04:52Z,recommendationservice,986.0,2000,0.8,0.493,0
2026-09-26T20:04:52Z,shippingservice,64.0,400,0.8,0.16,0
2026-09-26T20:04:52Z,currencyservice,346.0,500,0.8,0.692,0
2026-09-26T20:04:52Z,emailservice,74.0,150,0.8,0.49333333333333335,0
2026-09-26T20:04:52Z,adservice,116.0,600,0.8,0.19333333333333333,0
2026-09-26T20:04:52Z,redis-cart,39.0,500,0.8,0.078,0
2026-09-26T20:04:53Z,frontend,285.0,1150,0.8,0.24782608695652175,0
2026-09-26T20:04:53Z,cartservice,357.0,1000,0.95,0.357,0
2026-09-26T20:04:53Z,checkoutservice,824.0,1500,0.8,0.5493333333333333,0
2026-09-26T20:04:53Z,productcatalogservice,398.0,600,0.95,0.6633333333333333,0
2026-09-26T20:04:53Z,paymentservice,42.0,150,0.8,0.28,0
2026-09-26T20:04:53Z,recommendationservice,936.0,2000,0.8,0.468,0
2026-09-26T20:04:53Z,shippingservice,87.0,400,0.8,0.2175,0
2026-09-26T20:04:53Z,currencyservice,346.0,500,0.8,0.692,0
2026-09-26T20:04:53Z,emailservice,71.0,150,0.8,0.47333333333333333,0
2026-09-26T20:04:53Z,adservice,116.0,600,0.8,0.19333333333333333,0
2026-09-26T20:04:53Z,redis-cart,38.0,500,0.8,0.076,0
2026-09-26T20:04:54Z,frontend,280.8,1150,0.8,0.24417391304347827,0
2026-09-26T20:04:54Z,cartservice,335.0,1000,0.95,0.335,0
2026-09-26T20:04:54Z,checkoutservice,745.0,1500,0.8,0.49666666666666665,0
2026-09-26T20:04:54Z,productcatalogservice,375.0,600,0.95,0.625,0
2026-09-26T20:04:54Z,paymentservice,44.0,150,0.8,0.29333333333333333,0
2026-09-26T20:04:54Z,recommendationservice,936.0,2000,0.8,0.468,0
2026-09-26T20:04:54Z,shippingservice,87.0,400,0.8,0.2175,0
2026-09-26T20:04:54Z,currencyservice,383.0,500,0.8,0.766,0
2026-09-26T20:04:54Z,emailservice,90.0,150,0.8,0.6,0
2026-09-26T20:04:54Z,adservice,119.0,600,0.8,0.19833333333333333,0
2026-09-26T20:04:54Z,redis-cart,38.0,500,0.8,0.076,0
2026-09-26T20:04:55Z,frontend,281.2,1150,0.8,0.24452173913043476,0
2026-09-26T20:04:55Z,cartservice,335.0,1000,0.95,0.335,0
2026-09-26T20:04:55Z,checkoutservice,745.0,1500,0.8,0.49666666666666665,0
2026-09-26T20:04:55Z,productcatalogservice,375.0,600,0.95,0.625,0
2026-09-26T20:04:55Z,paymentservice,38.0,150,0.8,0.25333333333333335,0
2026-09-26T20:04:55Z,recommendationservice,964.0,2000,0.8,0.482,0
2026-09-26T20:04:55Z,shippingservice,79.0,400,0.8,0.1975,0
2026-09-26T20:04:55Z,currencyservice,394.0,500,0.8,0.788,0
2026-09-26T20:04:55Z,emailservice,90.0,150,0.8,0.6,0
2026-09-26T20:04:55Z,adservice,119.0,600,0.8,0.19833333333333333,0
2026-09-26T20:04:55Z,redis-cart,37.0,500,0.8,0.074,0
2026-09-26T20:04:56Z,frontend,284.4,1150,0.8,0.24730434782608693,0
2026-09-26T20:04:56Z,cartservice,344.0,1000,0.95,0.344,0
2026-09-26T20:04:56Z,checkoutservice,576.0,1500,0.8,0.384,0
2026-09-26T20:04:56Z,productcatalogservice,409.0,600,0.95,0.6816666666666666,0
2026-09-26T20:04:56Z,paymentservice,38.0,150,0.8,0.25333333333333335,0
2026-09-26T20:04:56Z,recommendationservice,973.0,2000,0.8,0.4865,0
2026-09-26T20:04:56Z,shippingservice,74.0,400,0.8,0.185,0
2026-09-26T20:04:56Z,currencyservice,394.0,500,0.8,0.788,0
2026-09-26T20:04:56Z,emailservice,82.0,150,0.8,0.5466666666666666,0
2026-09-26T20:04:56Z,adservice,115.0,600,0.8,0.19166666666666668,0
2026-09-26T20:04:56Z,redis-cart,40.0,500,0.8,0.08,0
2026-09-26T20:04:57Z,frontend,289.8,1150,0.8,0.252,0
2026-09-26T20:04:57Z,cartservice,324.0,1000,0.95,0.324,0
2026-09-26T20:04:57Z,checkoutservice,617.0,1500,0.8,0.41133333333333333,0
2026-09-26T20:04:57Z,productcatalogservice,404.0,600,0.95,0.6733333333333333,0
2026-09-26T20:04:57Z,paymentservice,34.0,150,0.8,0.22666666666666666,0
2026-09-26T20:04:57Z,recommendationservice,973.0,2000,0.8,0.4865,0
2026-09-26T20:04:57Z,shippingservice,100.0,400,0.8,0.25,0
2026-09-26T20:04:57Z,currencyservice,353.0,500,0.8,0.706,0
2026-09-26T20:04:57Z,emailservice,82.0,150,0.8,0.5466666666666666,0
2026-09-26T20:04:57Z,adservice,123.0,600,0.8,0.205,0
2026-09-26T20:04:57Z,redis-cart,40.0,500,0.8,0.08,0
2026-09-26T20:04:58Z,frontend,296.2,1150,0.8,0.25756521739130434,0
2026-09-26T20:04:58Z,cartservice,289.0,1000,0.95,0.289,0
2026-09-26T20:04:58Z,checkoutservice,682.0,1500,0.8,0.45466666666666666,0
2026-09-26T20:04:58Z,productcatalogservice,404.0,600,0.95,0.6733333333333333,0
2026-09-26T20:04:58Z,paymentservice,34.0,150,0.8,0.22666666666666666,0
2026-09-26T20:04:58Z,recommendationservice,952.0,2000,0.8,0.476,0
2026-09-26T20:04:58Z,shippingservice,69.0,400,0.8,0.1725,0
2026-09-26T20:04:58Z,currencyservice,353.0,500,0.8,0.706,0
2026-09-26T20:04:58Z,emailservice,62.0,150,0.8,0.41333333333333333,0
2026-09-26T20:04:58Z,adservice,123.0,600,0.8,0.205,0
2026-09-26T20:04:58Z,redis-cart,39.0,500,0.8,0.078,0
2026-09-26T20:04:59Z,frontend,276.0,1150,0.8,0.24,0
2026-09-26T20:04:59Z,cartservice,315.0,1000,0.95,0.315,0
2026-09-26T20:04:59Z,checkoutservice,682.0,1500,0.8,0.45466666666666666,0
2026-09-26T20:04:59Z,productcatalogservice,396.0,600,0.95,0.66,0
2026-09-26T20:04:59Z,paymentservice,33.0,150,0.8,0.22,0
2026-09-26T20:04:59Z,recommendationservice,980.0,2000,0.8,0.49,0
2026-09-26T20:04:59Z,shippingservice,69.0,400,0.8,0.1725,0
2026-09-26T20:04:59Z,currencyservice,377.0,500,0.8,0.754,0
2026-09-26T20:04:59Z,emailservice,66.0,150,0.8,0.44,0
2026-09-26T20:04:59Z,adservice,110.0,600,0.8,0.18333333333333332,0
2026-09-26T20:04:59Z,redis-cart,37.0,500,0.8,0.074,0
2026-09-26T20:05:00Z,frontend,276.2,1150,0.8,0.24017391304347824,0
2026-09-26T20:05:00Z,cartservice,315.0,1000,0.95,0.315,0
2026-09-26T20:05:00Z,checkoutservice,655.0,1500,0.8,0.43666666666666665,0
2026-09-26T20:05:00Z,productcatalogservice,396.0,600,0.95,0.66,0
2026-09-26T20:05:00Z,paymentservice,37.0,150,0.8,0.24666666666666667,0
2026-09-26T20:05:00Z,recommendationservice,980.0,2000,0.8,0.49,0
2026-09-26T20:05:00Z,shippingservice,81.0,400,0.8,0.2025,0
2026-09-26T20:05:00Z,currencyservice,410.0,500,0.8,0.82,1
2026-09-26T20:05:00Z,emailservice,79.0,150,0.8,0.5266666666666666,0
2026-09-26T20:05:00Z,adservice,145.0,600,0.8,0.24166666666666667,0
2026-09-26T20:05:00Z,redis-cart,36.0,500,0.8,0.072,0
2026-09-26T20:05:01Z,frontend,291.8,1150,0.8,0.25373913043478263,0
2026-09-26T20:05:01Z,cartservice,319.0,1000,0.95,0.319,0
2026-09-26T20:05:01Z,checkoutservice,689.0,1500,0.8,0.4593333333333333,0
2026-09-26T20:05:01Z,productcatalogservice,400.0,600,0.95,0.6666666666666666,0
2026-09-26T20:05:01Z,paymentservice,44.0,150,0.8,0.29333333333333333,0
2026-09-26T20:05:01Z,recommendationservice,948.0,2000,0.8,0.474,0
2026-09-26T20:05:01Z,shippingservice,69.0,400,0.8,0.1725,0
2026-09-26T20:05:01Z,currencyservice,410.0,500,0.8,0.82,1
2026-09-26T20:05:01Z,emailservice,90.0,150,0.8,0.6,0
2026-09-26T20:05:01Z,adservice,145.0,600,0.8,0.24166666666666667,0
2026-09-26T20:05:01Z,redis-cart,36.0,500,0.8,0.072,0
2026-09-26T20:05:02Z,frontend,294.6,1150,0.8,0.2561739130434783,0
2026-09-26T20:05:02Z,cartservice,315.0,1000,0.95,0.315,0
2026-09-26T20:05:02Z,checkoutservice,689.0,1500,0.8,0.4593333333333333,0
2026-09-26T20:05:02Z,productcatalogservice,373.0,600,0.95,0.6216666666666667,0
2026-09-26T20:05:02Z,paymentservice,62.0,150,0.8,0.41333333333333333,0
2026-09-26T20:05:02Z,recommendationservice,908.0,2000,0.8,0.454,0
2026-09-26T20:05:02Z,shippingservice,99.0,400,0.8,0.2475,0
2026-09-26T20:05:02Z,currencyservice,368.0,500,0.8,0.736,0
2026-09-26T20:05:02Z,emailservice,90.0,150,0.8,0.6,0
2026-09-26T20:05:02Z,adservice,116.0,600,0.8,0.19333333333333333,0
2026-09-26T20:05:02Z,redis-cart,39.0,500,0.8,0.078,0
2026-09-26T20:05:03Z,frontend,283.0,1150,0.8,0.24608695652173912,0
2026-09-26T20:05:03Z,cartservice,315.0,1000,0.95,0.315,0
2026-09-26T20:05:03Z,checkoutservice,758.0,1500,0.8,0.5053333333333333,0
2026-09-26T20:05:03Z,productcatalogservice,373.0,600,0.95,0.6216666666666667,0
2026-09-26T20:05:03Z,paymentservice,62.0,150,0.8,0.41333333333333333,0
2026-09-26T20:05:03Z,recommendationservice,908.0,2000,0.8,0.454,0
2026-09-26T20:05:03Z,shippingservice,99.0,400,0.8,0.2475,0
2026-09-26T20:05:03Z,currencyservice,368.0,500,0.8,0.736,0
2026-09-26T20:05:03Z,emailservice,80.0,150,0.8,0.5333333333333333,0
2026-09-26T20:05:03Z,adservice,116.0,600,0.8,0.19333333333333333,0
2026-09-26T20:05:03Z,redis-cart,39.0,500,0.8,0.078,0
2026-09-26T20:05:04Z,frontend,296.6,1150,0.8,0.2579130434782609,0
2026-09-26T20:05:04Z,cartservice,358.0,1000,0.95,0.358,0
2026-09-26T20:05:04Z,checkoutservice,776.0,1500,0.8,0.5173333333333333,0
2026-09-26T20:05:04Z,productcatalogservice,414.0,600,0.95,0.69,0
2026-09-26T20:05:04Z,paymentservice,42.0,150,0.8,0.28,0
2026-09-26T20:05:04Z,recommendationservice,961.0,2000,0.8,0.4805,0
2026-09-26T20:05:04Z,shippingservice,85.0,400,0.8,0.2125,0
2026-09-26T20:05:04Z,currencyservice,385.0,500,0.8,0.77,0
2026-09-26T20:05:04Z,emailservice,80.0,150,0.8,0.5333333333333333,0
2026-09-26T20:05:04Z,adservice,125.0,600,0.8,0.20833333333333334,0
2026-09-26T20:05:04Z,redis-cart,37.0,500,0.8,0.074,0
2026-09-26T20:05:05Z,frontend,294.0,1150,0.8,0.25565217391304346,0
2026-09-26T20:05:05Z,cartservice,358.0,1000,0.95,0.358,0
2026-09-26T20:05:05Z,checkoutservice,699.0,1500,0.8,0.466,0
2026-09-26T20:05:05Z,productcatalogservice,414.0,600,0.95,0.69,0
2026-09-26T20:05:05Z,paymentservice,42.0,150,0.8,0.28,0
2026-09-26T20:05:05Z,recommendationservice,961.0,2000,0.8,0.4805,0
2026-09-26T20:05:05Z,shippingservice,84.0,400,0.8,0.21,0
2026-09-26T20:05:05Z,currencyservice,400.0,500,0.8,0.8,0
2026-09-26T20:05:05Z,emailservice,78.0,150,0.8,0.52,0
2026-09-26T20:05:05Z,adservice,125.0,600,0.8,0.20833333333333334,0
2026-09-26T20:05:05Z,redis-cart,37.0,500,0.8,0.074,0
2026-09-26T20:05:06Z,frontend,289.4,1150,0.8,0.25165217391304345,0
2026-09-26T20:05:06Z,cartservice,345.0,1000,0.95,0.345,0
2026-09-26T20:05:06Z,checkoutservice,699.0,1500,0.8,0.466,0
2026-09-26T20:05:06Z,productcatalogservice,423.0,600,0.95,0.705,0
2026-09-26T20:05:06Z,paymentservice,67.0,150,0.8,0.44666666666666666,0
2026-09-26T20:05:06Z,recommendationservice,955.0,2000,0.8,0.4775,0
2026-09-26T20:05:06Z,shippingservice,83.0,400,0.8,0.2075,0
2026-09-26T20:05:06Z,currencyservice,400.0,500,0.8,0.8,0
2026-09-26T20:05:06Z,emailservice,99.0,150,0.8,0.66,0
2026-09-26T20:05:06Z,adservice,116.0,600,0.8,0.19333333333333333,0
2026-09-26T20:05:06Z,redis-cart,40.0,500,0.8,0.08,0
2026-09-26T20:05:07Z,frontend,273.8,1150,0.8,0.23808695652173914,0
2026-09-26T20:05:07Z,cartservice,317.0,1000,0.95,0.317,0
2026-09-26T20:05:07Z,checkoutservice,599.0,1500,0.8,0.3993333333333333,0
2026-09-26T20:05:07Z,productcatalogservice,401.0,600,0.95,0.6683333333333333,0
2026-09-26T20:05:07Z,paymentservice,32.0,150,0.8,0.21333333333333335,0
2026-09-26T20:05:07Z,recommendationservice,942.0,2000,0.8,0.471,0
2026-09-26T20:05:07Z,shippingservice,83.0,400,0.8,0.2075,0
2026-09-26T20:05:07Z,currencyservice,351.0,500,0.8,0.702,0
2026-09-26T20:05:07Z,emailservice,58.0,150,0.8,0.38666666666666666,0
2026-09-26T20:05:07Z,adservice,124.0,600,0.8,0.20666666666666667,0
2026-09-26T20:05:07Z,redis-cart,34.0,500,0.8,0.068,0
2026-09-26T20:05:08Z,frontend,277.0,1150,0.8,0.2408695652173913,0
2026-09-26T20:05:08Z,cartservice,317.0,1000,0.95,0.317,0
2026-09-26T20:05:08Z,checkoutservice,741.0,1500,0.8,0.494,0
2026-09-26T20:05:08Z,productcatalogservice,401.0,600,0.95,0.6683333333333333,0
2026-09-26T20:05:08Z,paymentservice,44.0,150,0.8,0.29333333333333333,0
2026-09-26T20:05:08Z,recommendationservice,942.0,2000,0.8,0.471,0
2026-09-26T20:05:08Z,shippingservice,97.0,400,0.8,0.2425,0
2026-09-26T20:05:08Z,currencyservice,368.0,500,0.8,0.736,0
2026-09-26T20:05:08Z,emailservice,82.0,150,0.8,0.5466666666666666,0
2026-09-26T20:05:08Z,adservice,117.0,600,0.8,0.195,0
2026-09-26T20:05:08Z,redis-cart,34.0,500,0.8,0.068,0
2026-09-26T20:05:09Z,frontend,304.8,1150,0.8,0.2650434782608696,0
2026-09-26T20:05:09Z,cartservice,295.0,1000,0.95,0.295,0
2026-09-26T20:05:09Z,checkoutservice,741.0,1500,0.8,0.494,0
2026-09-26T20:05:09Z,productcatalogservice,417.0,600,0.95,0.695,0
2026-09-26T20:05:09Z,paymentservice,44.0,150,0.8,0.29333333333333333,0
2026-09-26T20:05:09Z,recommendationservice,886.0,2000,0.8,0.443,0
2026-09-26T20:05:09Z,shippingservice,93.0,400,0.8,0.2325,0
2026-09-26T20:05:09Z,currencyservice,368.0,500,0.8,0.736,0
2026-09-26T20:05:09Z,emailservice,82.0,150,0.8,0.5466666666666666,0
2026-09-26T20:05:09Z,adservice,117.0,600,0.8,0.195,0
2026-09-26T20:05:09Z,redis-cart,39.0,500,0.8,0.078,0
2026-09-26T20:05:10Z,frontend,294.8,1150,0.8,0.25634782608695655,0
2026-09-26T20:05:10Z,cartservice,295.0,1000,0.95,0.295,0
2026-09-26T20:05:10Z,checkoutservice,750.0,1500,0.8,0.5,0
2026-09-26T20:05:10Z,productcatalogservice,417.0,600,0.95,0.695,0
2026-09-26T20:05:10Z,paymentservice,43.0,150,0.8,0.2866666666666667,0
2026-09-26T20:05:10Z,recommendationservice,982.0,2000,0.8,0.491,0
2026-09-26T20:05:10Z,shippingservice,93.0,400,0.8,0.2325,0
2026-09-26T20:05:10Z,currencyservice,403.0,500,0.8,0.806,1
2026-09-26T20:05:10Z,emailservice,85.0,150,0.8,0.5666666666666667,0
2026-09-26T20:05:10Z,adservice,117.0,600,0.8,0.195,0
2026-09-26T20:05:10Z,redis-cart,35.0,500,0.8,0.07,0
2026-09-26T20:05:11Z,frontend,269.6,1150,0.8,0.23443478260869569,0
2026-09-26T20:05:11Z,cartservice,326.0,1000,0.95,0.326,0
2026-09-26T20:05:11Z,checkoutservice,750.0,1500,0.8,0.5,0
2026-09-26T20:05:11Z,productcatalogservice,381.0,600,0.95,0.635,0
2026-09-26T20:05:11Z,paymentservice,46.0,150,0.8,0.30666666666666664,0
2026-09-26T20:05:11Z,recommendationservice,982.0,2000,0.8,0.491,0
2026-09-26T20:05:11Z,shippingservice,76.0,400,0.8,0.19,0
2026-09-26T20:05:11Z,currencyservice,377.0,500,0.8,0.754,0
2026-09-26T20:05:11Z,emailservice,89.0,150,0.8,0.5933333333333334,0
2026-09-26T20:05:11Z,adservice,117.0,600,0.8,0.195,0
2026-09-26T20:05:11Z,redis-cart,35.0,500,0.8,0.07,0
2026-09-26T20:05:12Z,frontend,291.8,1150,0.8,0.25373913043478263,0
2026-09-26T20:05:12Z,cartservice,326.0,1000,0.95,0.326,0
2026-09-26T20:05:12Z,checkoutservice,684.0,1500,0.8,0.456,0
2026-09-26T20:05:12Z,productcatalogservice,381.0,600,0.95,0.635,0
2026-09-26T20:05:12Z,paymentservice,46.0,150,0.8,0.30666666666666664,0
2026-09-26T20:05:12Z,recommendationservice,930.0,2000,0.8,0.465,0
2026-09-26T20:05:12Z,shippingservice,76.0,400,0.8,0.19,0
2026-09-26T20:05:12Z,currencyservice,377.0,500,0.8,0.754,0
2026-09-26T20:05:12Z,emailservice,89.0,150,0.8,0.5933333333333334,0
2026-09-26T20:05:12Z,adservice,120.0,600,0.8,0.2,0
2026-09-26T20:05:12Z,redis-cart,40.0,500,0.8,0.08,0
2026-09-26T20:05:13Z,frontend,279.8,1150,0.8,0.24330434782608695,0
2026-09-26T20:05:13Z,cartservice,313.0,1000,0.95,0.313,0
2026-09-26T20:05:13Z,checkoutservice,717.0,1500,0.8,0.478,0
2026-09-26T20:05:13Z,productcatalogservice,395.0,600,0.95,0.6583333333333333,0
2026-09-26T20:05:13Z,paymentservice,57.0,150,0.8,0.38,0
2026-09-26T20:05:13Z,recommendationservice,947.0,2000,0.8,0.4735,0
2026-09-26T20:05:13Z,shippingservice,93.0,400,0.8,0.2325,0
2026-09-26T20:05:13Z,currencyservice,371.0,500,0.8,0.742,0
2026-09-26T20:05:13Z,emailservice,78.0,150,0.8,0.52,0
2026-09-26T20:05:13Z,adservice,122.0,600,0.8,0.20333333333333334,0
2026-09-26T20:05:13Z,redis-cart,35.0,500,0.8,0.07,0
2026-09-26T20:05:14Z,frontend,299.0,1150,0.8,0.26,0
2026-09-26T20:05:14Z,cartservice,309.0,1000,0.95,0.309,0
2026-09-26T20:05:14Z,checkoutservice,717.0,1500,0.8,0.478,0
2026-09-26T20:05:14Z,productcatalogservice,404.0,600,0.95,0.6733333333333333,0
2026-09-26T20:05:14Z,paymentservice,57.0,150,0.8,0.38,0
2026-09-26T20:05:14Z,recommendationservice,947.0,2000,0.8,0.4735,0
2026-09-26T20:05:14Z,shippingservice,79.0,400,0.8,0.1975,0
2026-09-26T20:05:14Z,currencyservice,371.0,500,0.8,0.742,0
2026-09-26T20:05:14Z,emailservice,71.0,150,0.8,0.47333333333333333,0
2026-09-26T20:05:14Z,adservice,122.0,600,0.8,0.20333333333333334,0
2026-09-26T20:05:14Z,redis-cart,34.0,500,0.8,0.068,0
2026-09-26T20:05:15Z,frontend,266.2,1150,0.8,0.23147826086956522,0
2026-09-26T20:05:15Z,cartservice,286.0,1000,0.95,0.286,0
2026-09-26T20:05:15Z,checkoutservice,697.0,1500,0.8,0.4646666666666667,0
2026-09-26T20:05:15Z,productcatalogservice,404.0,600,0.95,0.6733333333333333,0
2026-09-26T20:05:15Z,paymentservice,40.0,150,0.8,0.26666666666666666,0
2026-09-26T20:05:15Z,recommendationservice,902.0,2000,0.8,0.451,0
2026-09-26T20:05:15Z,shippingservice,79.0,400,0.8,0.1975,0
2026-09-26T20:05:15Z,currencyservice,397.0,500,0.8,0.794,0
2026-09-26T20:05:15Z,emailservice,97.0,150,0.8,0.6466666666666666,0
2026-09-26T20:05:15Z,adservice,144.0,600,0.8,0.24,0
2026-09-26T20:05:15Z,redis-cart,34.0,500,0.8,0.068,0
2026-09-26T20:05:16Z,frontend,275.2,1150,0.8,0.23930434782608695,0
2026-09-26T20:05:16Z,cartservice,286.0,1000,0.95,0.286,0
2026-09-26T20:05:16Z,checkoutservice,668.0,1500,0.8,0.44533333333333336,0
2026-09-26T20:05:16Z,productcatalogservice,396.0,600,0.95,0.66,0
2026-09-26T20:05:16Z,paymentservice,38.0,150,0.8,0.25333333333333335,0
2026-09-26T20:05:16Z,recommendationservice,938.0,2000,0.8,0.469,0
2026-09-26T20:05:16Z,shippingservice,85.0,400,0.8,0.2125,0
2026-09-26T20:05:16Z,currencyservice,346.0,500,0.8,0.692,0
2026-09-26T20:05:16Z,emailservice,97.0,150,0.8,0.6466666666666666,0
2026-09-26T20:05:16Z,adservice,124.0,600,0.8,0.20666666666666667,0
2026-09-26T20:05:16Z,redis-cart,45.0,500,0.8,0.09,0
2026-09-26T20:05:17Z,frontend,286.6,1150,0.8,0.24921739130434784,0
2026-09-26T20:05:17Z,cartservice,298.0,1000,0.95,0.298,0
2026-09-26T20:05:17Z,checkoutservice,659.0,1500,0.8,0.43933333333333335,0
2026-09-26T20:05:17Z,productcatalogservice,396.0,600,0.95,0.66,0
2026-09-26T20:05:17Z,paymentservice,37.0,150,0.8,0.24666666666666667,0
2026-09-26T20:05:17Z,recommendationservice,979.0,2000,0.8,0.4895,0
2026-09-26T20:05:17Z,shippingservice,105.0,400,0.8,0.2625,0
2026-09-26T20:05:17Z,currencyservice,371.0,500,0.8,0.742,0
2026-09-26T20:05:17Z,emailservice,79.0,150,0.8,0.5266666666666666,0
2026-09-26T20:05:17Z,adservice,106.0,600,0.8,0.17666666666666667,0
2026-09-26T20:05:17Z,redis-cart,35.0,500,0.8,0.07,0
2026-09-26T20:05:18Z,frontend,283.4,1150,0.8,0.24643478260869564,0
2026-09-26T20:05:18Z,cartservice,298.0,1000,0.95,0.298,0
2026-09-26T20:05:18Z,checkoutservice,659.0,1500,0.8,0.43933333333333335,0
2026-09-26T20:05:18Z,productcatalogservice,382.0,600,0.95,0.6366666666666667,0
2026-09-26T20:05:18Z,paymentservice,37.0,150,0.8,0.24666666666666667,0
2026-09-26T20:05:18Z,recommendationservice,979.0,2000,0.8,0.4895,0
2026-09-26T20:05:18Z,shippingservice,105.0,400,0.8,0.2625,0
2026-09-26T20:05:18Z,currencyservice,371.0,500,0.8,0.742,0
2026-09-26T20:05:18Z,emailservice,53.0,150,0.8,0.35333333333333333,0
2026-09-26T20:05:18Z,adservice,106.0,600,0.8,0.17666666666666667,0
2026-09-26T20:05:18Z,redis-cart,35.0,500,0.8,0.07,0
2026-09-26T20:05:19Z,frontend,287.8,1150,0.8,0.2502608695652174,0
2026-09-26T20:05:19Z,cartservice,345.0,1000,0.95,0.345,0
2026-09-26T20:05:19Z,checkoutservice,712.0,1500,0.8,0.4746666666666667,0
2026-09-26T20:05:19Z,productcatalogservice,382.0,600,0.95,0.6366666666666667,0
2026-09-26T20:05:19Z,paymentservice,36.0,150,0.8,0.24,0
2026-09-26T20:05:19Z,recommendationservice,942.0,2000,0.8,0.471,0
2026-09-26T20:05:19Z,shippingservice,79.0,400,0.8,0.1975,0
2026-09-26T20:05:19Z,currencyservice,404.0,500,0.8,0.808,1
2026-09-26T20:05:19Z,emailservice,79.0,150,0.8,0.5266666666666666,0
2026-09-26T20:05:19Z,adservice,117.0,600,0.8,0.195,0
2026-09-26T20:05:19Z,redis-cart,38.0,500,0.8,0.076,0
2026-09-26T20:05:20Z,frontend,287.2,1150,0.8,0.2497391304347826,0
2026-09-26T20:05:20Z,cartservice,295.0,1000,0.95,0.295,0
2026-09-26T20:05:20Z,checkoutservice,738.0,1500,0.8,0.492,0
2026-09-26T20:05:20Z,productcatalogservice,412.0,600,0.95,0.6866666666666666,0
2026-09-26T20:05:20Z,paymentservice,48.0,150,0.8,0.32,0
2026-09-26T20:05:20Z,recommendationservice,968.0,2000,0.8,0.484,0
2026-09-26T20:05:20Z,shippingservice,79.0,400,0.8,0.1975,0
2026-09-26T20:05:20Z,currencyservice,404.0,500,0.8,0.808,1
2026-09-26T20:05:20Z,emailservice,97.0,150,0.8,0.6466666666666666,0
2026-09-26T20:05:20Z,adservice,117.0,600,0.8,0.195,0
2026-09-26T20:05:20Z,redis-cart,35.0,500,0.8,0.07,0
2026-09-26T20:05:21Z,frontend,283.0,1150,0.8,0.24608695652173912,0
2026-09-26T20:05:21Z,cartservice,295.0,1000,0.95,0.295,0
2026-09-26T20:05:21Z,checkoutservice,738.0,1500,0.8,0.492,0
2026-09-26T20:05:21Z,productcatalogservice,389.0,600,0.95,0.6483333333333333,0
2026-09-26T20:05:21Z,paymentservice,34.0,150,0.8,0.22666666666666666,0
2026-09-26T20:05:21Z,recommendationservice,968.0,2000,0.8,0.484,0
2026-09-26T20:05:21Z,shippingservice,89.0,400,0.8,0.2225,0
2026-09-26T20:05:21Z,currencyservice,373.0,500,0.8,0.746,0
2026-09-26T20:05:21Z,emailservice,97.0,150,0.8,0.6466666666666666,0
2026-09-26T20:05:21Z,adservice,110.0,600,0.8,0.18333333333333332,0
2026-09-26T20:05:21Z,redis-cart,35.0,500,0.8,0.07,0
2026-09-26T20:05:22Z,frontend,272.2,1150,0.8,0.23669565217391303,0
2026-09-26T20:05:22Z,cartservice,335.0,1000,0.95,0.335,0
2026-09-26T20:05:22Z,checkoutservice,527.0,1500,0.8,0.35133333333333333,0
2026-09-26T20:05:22Z,productcatalogservice,389.0,600,0.95,0.6483333333333333,0
2026-09-26T20:05:22Z,paymentservice,34.0,150,0.8,0.22666666666666666,0
2026-09-26T20:05:22Z,recommendationservice,978.0,2000,0.8,0.489,0
2026-09-26T20:05:22Z,shippingservice,82.0,400,0.8,0.205,0
2026-09-26T20:05:22Z,currencyservice,364.0,500,0.8,0.728,0
2026-09-26T20:05:22Z,emailservice,72.0,150,0.8,0.48,0
2026-09-26T20:05:22Z,adservice,107.0,600,0.8,0.17833333333333334,0
2026-09-26T20:05:22Z,redis-cart,38.0,500,0.8,0.076,0
2026-09-26T20:05:23Z,frontend,268.4,1150,0.8,0.23339130434782607,0
2026-09-26T20:05:23Z,cartservice,320.0,1000,0.95,0.32,0
2026-09-26T20:05:23Z,checkoutservice,527.0,1500,0.8,0.35133333333333333,0
2026-09-26T20:05:23Z,productcatalogservice,389.0,600,0.95,0.6483333333333333,0
2026-09-26T20:05:23Z,paymentservice,45.0,150,0.8,0.3,0
2026-09-26T20:05:23Z,recommendationservice,978.0,2000,0.8,0.489,0
2026-09-26T20:05:23Z,shippingservice,58.0,400,0.8,0.145,0
2026-09-26T20:05:23Z,currencyservice,364.0,500,0.8,0.728,0
2026-09-26T20:05:23Z,emailservice,42.0,150,0.8,0.28,0
2026-09-26T20:05:23Z,adservice,97.0,600,0.8,0.16166666666666665,0
2026-09-26T20:05:23Z,redis-cart,38.0,500,0.8,0.076,0
2026-09-26T20:05:24Z,frontend,269.6,1150,0.8,0.23443478260869569,0
2026-09-26T20:05:24Z,cartservice,320.0,1000,0.95,0.32,0
2026-09-26T20:05:24Z,checkoutservice,563.0,1500,0.8,0.37533333333333335,0
2026-09-26T20:05:24Z,productcatalogservice,400.0,600,0.95,0.6666666666666666,0
2026-09-26T20:05:24Z,paymentservice,45.0,150,0.8,0.3,0
2026-09-26T20:05:24Z,recommendationservice,995.0,2000,0.8,0.4975,0
2026-09-26T20:05:24Z,shippingservice,60.0,400,0.8,0.15,0
2026-09-26T20:05:24Z,currencyservice,376.0,500,0.8,0.752,0
2026-09-26T20:05:24Z,emailservice,42.0,150,0.8,0.28,0
2026-09-26T20:05:24Z,adservice,107.0,600,0.8,0.17833333333333334,0
2026-09-26T20:05:24Z,redis-cart,39.0,500,0.8,0.078,0
2026-09-26T20:05:25Z,frontend,289.6,1150,0.8,0.25182608695652176,0
2026-09-26T20:05:25Z,cartservice,327.0,1000,0.95,0.327,0
2026-09-26T20:05:25Z,checkoutservice,628.0,1500,0.8,0.4186666666666667,0
2026-09-26T20:05:25Z,productcatalogservice,422.0,600,0.95,0.7033333333333334,0
2026-09-26T20:05:25Z,paymentservice,36.0,150,0.8,0.24,0
2026-09-26T20:05:25Z,recommendationservice,954.0,2000,0.8,0.477,0
2026-09-26T20:05:25Z,shippingservice,60.0,400,0.8,0.15,0
2026-09-26T20:05:25Z,currencyservice,407.0,500,0.8,0.814,1
2026-09-26T20:05:25Z,emailservice,68.0,150,0.8,0.4533333333333333,0
2026-09-26T20:05:25Z,adservice,107.0,600,0.8,0.17833333333333334,0
2026-09-26T20:05:25Z,redis-cart,37.0,500,0.8,0.074,0
2026-09-26T20:05:26Z,frontend,277.4,1150,0.8,0.2412173913043478,0
2026-09-26T20:05:26Z,cartservice,335.0,1000,0.95,0.335,0
2026-09-26T20:05:26Z,checkoutservice,628.0,1500,0.8,0.4186666666666667,0
2026-09-26T20:05:26Z,productcatalogservice,422.0,600,0.95,0.7033333333333334,0
2026-09-26T20:05:26Z,paymentservice,35.0,150,0.8,0.23333333333333334,0
2026-09-26T20:05:26Z,recommendationservice,954.0,2000,0.8,0.477,0
2026-09-26T20:05:26Z,shippingservice,80.0,400,0.8,0.2,0
2026-09-26T20:05:26Z,currencyservice,407.0,500,0.8,0.814,1
2026-09-26T20:05:26Z,emailservice,68.0,150,0.8,0.4533333333333333,0
2026-09-26T20:05:26Z,adservice,114.0,600,0.8,0.19,0
2026-09-26T20:05:26Z,redis-cart,38.0,500,0.8,0.076,0
2026-09-26T20:05:27Z,frontend,271.8,1150,0.8,0.23634782608695654,0
2026-09-26T20:05:27Z,cartservice,335.0,1000,0.95,0.335,0
2026-09-26T20:05:27Z,checkoutservice,685.0,1500,0.8,0.45666666666666667,0
2026-09-26T20:05:27Z,productcatalogservice,394.0,600,0.95,0.6566666666666666,0
2026-09-26T20:05:27Z,paymentservice,35.0,150,0.8,0.23333333333333334,0
2026-09-26T20:05:27Z,recommendationservice,980.0,2000,0.8,0.49,0
2026-09-26T20:05:27Z,shippingservice,80.0,400,0.8,0.2,0
2026-09-26T20:05:27Z,currencyservice,369.0,500,0.8,0.738,0
2026-09-26T20:05:27Z,emailservice,82.0,150,0.8,0.5466666666666666,0
2026-09-26T20:05:27Z,adservice,114.0,600,0.8,0.19,0
2026-09-26T20:05:27Z,redis-cart,38.0,500,0.8,0.076,0
2026-09-26T20:05:28Z,frontend,276.2,1150,0.8,0.24017391304347824,0
2026-09-26T20:05:28Z,cartservice,335.0,1000,0.95,0.335,0
2026-09-26T20:05:28Z,checkoutservice,685.0,1500,0.8,0.45666666666666667,0
2026-09-26T20:05:28Z,productcatalogservice,394.0,600,0.95,0.6566666666666666,0
2026-09-26T20:05:28Z,paymentservice,38.0,150,0.8,0.25333333333333335,0
2026-09-26T20:05:28Z,recommendationservice,973.0,2000,0.8,0.4865,0
2026-09-26T20:05:28Z,shippingservice,99.0,400,0.8,0.2475,0
2026-09-26T20:05:28Z,currencyservice,379.0,500,0.8,0.758,0
2026-09-26T20:05:28Z,emailservice,71.0,150,0.8,0.47333333333333333,0
2026-09-26T20:05:28Z,adservice,109.0,600,0.8,0.18166666666666667,0
2026-09-26T20:05:28Z,redis-cart,41.0,500,0.8,0.082,0
2026-09-26T20:05:29Z,frontend,290.8,1150,0.8,0.2528695652173913,0
2026-09-26T20:05:29Z,cartservice,335.0,1000,0.95,0.335,0
2026-09-26T20:05:29Z,checkoutservice,651.0,1500,0.8,0.434,0
2026-09-26T20:05:29Z,productcatalogservice,382.0,600,0.95,0.6366666666666667,0
2026-09-26T20:05:29Z,paymentservice,38.0,150,0.8,0.25333333333333335,0
2026-09-26T20:05:29Z,recommendationservice,973.0,2000,0.8,0.4865,0
2026-09-26T20:05:29Z,shippingservice,88.0,400,0.8,0.22,0
2026-09-26T20:05:29Z,currencyservice,379.0,500,0.8,0.758,0
2026-09-26T20:05:29Z,emailservice,78.0,150,0.8,0.52,0
2026-09-26T20:05:29Z,adservice,125.0,600,0.8,0.20833333333333334,0
2026-09-26T20:05:29Z,redis-cart,41.0,500,0.8,0.082,0
2026-09-26T20:05:30Z,frontend,284.2,1150,0.8,0.24713043478260868,0
2026-09-26T20:05:30Z,cartservice,350.0,1000,0.95,0.35,0
2026-09-26T20:05:30Z,checkoutservice,626.0,1500,0.8,0.41733333333333333,0
2026-09-26T20:05:30Z,productcatalogservice,398.0,600,0.95,0.6633333333333333,0
2026-09-26T20:05:30Z,paymentservice,37.0,150,0.8,0.24666666666666667,0
2026-09-26T20:05:30Z,recommendationservice,939.0,2000,0.8,0.4695,0
2026-09-26T20:05:30Z,shippingservice,70.0,400,0.8,0.175,0
2026-09-26T20:05:30Z,currencyservice,378.0,500,0.8,0.756,0
2026-09-26T20:05:30Z,emailservice,78.0,150,0.8,0.52,0
2026-09-26T20:05:30Z,adservice,125.0,600,0.8,0.20833333333333334,0
2026-09-26T20:05:30Z,redis-cart,39.0,500,0.8,0.078,0
2026-09-26T20:05:31Z,frontend,288.2,1150,0.8,0.2506086956521739,0
2026-09-26T20:05:31Z,cartservice,314.0,1000,0.95,0.314,0
2026-09-26T20:05:31Z,checkoutservice,626.0,1500,0.8,0.41733333333333333,0
2026-09-26T20:05:31Z,productcatalogservice,398.0,600,0.95,0.6633333333333333,0
2026-09-26T20:05:31Z,paymentservice,37.0,150,0.8,0.24666666666666667,0
2026-09-26T20:05:31Z,recommendationservice,939.0,2000,0.8,0.4695,0
2026-09-26T20:05:31Z,shippingservice,70.0,400,0.8,0.175,0
2026-09-26T20:05:31Z,currencyservice,378.0,500,0.8,0.756,0
2026-09-26T20:05:31Z,emailservice,90.0,150,0.8,0.6,0
2026-09-26T20:05:31Z,adservice,122.0,600,0.8,0.20333333333333334,0
2026-09-26T20:05:31Z,redis-cart,36.0,500,0.8,0.072,0
2026-09-26T20:05:32Z,frontend,281.0,1150,0.8,0.24434782608695652,0
2026-09-26T20:05:32Z,cartservice,314.0,1000,0.95,0.314,0
2026-09-26T20:05:32Z,checkoutservice,700.0,1500,0.8,0.4666666666666667,0
2026-09-26T20:05:32Z,productcatalogservice,403.0,600,0.95,0.6716666666666666,0
2026-09-26T20:05:32Z,paymentservice,54.0,150,0.8,0.36,0
2026-09-26T20:05:32Z,recommendationservice,939.0,2000,0.8,0.4695,0
2026-09-26T20:05:32Z,shippingservice,73.0,400,0.8,0.1825,0
2026-09-26T20:05:32Z,currencyservice,387.0,500,0.8,0.774,0
2026-09-26T20:05:32Z,emailservice,90.0,150,0.8,0.6,0
2026-09-26T20:05:32Z,adservice,122.0,600,0.8,0.20333333333333334,0
2026-09-26T20:05:32Z,redis-cart,36.0,500,0.8,0.072,0
2026-09-26T20:05:33Z,frontend,292.2,1150,0.8,0.2540869565217391,0
2026-09-26T20:05:33Z,cartservice,323.0,1000,0.95,0.323,0
2026-09-26T20:05:33Z,checkoutservice,575.0,1500,0.8,0.38333333333333336,0
2026-09-26T20:05:33Z,productcatalogservice,398.0,600,0.95,0.6633333333333333,0
2026-09-26T20:05:33Z,paymentservice,34.0,150,0.8,0.22666666666666666,0
2026-09-26T20:05:33Z,recommendationservice,932.0,2000,0.8,0.466,0
2026-09-26T20:05:33Z,shippingservice,73.0,400,0.8,0.1825,0
2026-09-26T20:05:33Z,currencyservice,387.0,500,0.8,0.774,0
2026-09-26T20:05:33Z,emailservice,66.0,150,0.8,0.44,0
2026-09-26T20:05:33Z,adservice,126.0,600,0.8,0.21,0
2026-09-26T20:05:33Z,redis-cart,38.0,500,0.8,0.076,0
2026-09-26T20:05:34Z,frontend,306.0,1150,0.8,0.26608695652173914,0
2026-09-26T20:05:34Z,cartservice,323.0,1000,0.95,0.323,0
2026-09-26T20:05:34Z,checkoutservice,575.0,1500,0.8,0.38333333333333336,0
2026-09-26T20:05:34Z,productcatalogservice,398.0,600,0.95,0.6633333333333333,0
2026-09-26T20:05:34Z,paymentservice,34.0,150,0.8,0.22666666666666666,0
2026-09-26T20:05:34Z,recommendationservice,887.0,2000,0.8,0.4435,0
2026-09-26T20:05:34Z,shippingservice,90.0,400,0.8,0.225,0
2026-09-26T20:05:34Z,currencyservice,387.0,500,0.8,0.774,0
2026-09-26T20:05:34Z,emailservice,71.0,150,0.8,0.47333333333333333,0
2026-09-26T20:05:34Z,adservice,119.0,600,0.8,0.19833333333333333,0
2026-09-26T20:05:34Z,redis-cart,35.0,500,0.8,0.07,0
2026-09-26T20:05:35Z,frontend,293.2,1150,0.8,0.2549565217391304,0
2026-09-26T20:05:35Z,cartservice,334.0,1000,0.95,0.334,0
2026-09-26T20:05:35Z,checkoutservice,888.0,1500,0.8,0.592,0
2026-09-26T20:05:35Z,productcatalogservice,430.0,600,0.95,0.7166666666666667,0
2026-09-26T20:05:35Z,paymentservice,46.0,150,0.8,0.30666666666666664,0
2026-09-26T20:05:35Z,recommendationservice,951.0,2000,0.8,0.4755,0
2026-09-26T20:05:35Z,shippingservice,100.0,400,0.8,0.25,0
2026-09-26T20:05:35Z,currencyservice,387.0,500,0.8,0.774,0
2026-09-26T20:05:35Z,emailservice,103.0,150,0.8,0.6866666666666666,0
2026-09-26T20:05:35Z,adservice,119.0,600,0.8,0.19833333333333333,0
2026-09-26T20:05:35Z,redis-cart,35.0,500,0.8,0.07,0
2026-09-26T20:05:36Z,frontend,285.4,1150,0.8,0.24817391304347824,0
2026-09-26T20:05:36Z,cartservice,334.0,1000,0.95,0.334,0
2026-09-26T20:05:36Z,checkoutservice,658.0,1500,0.8,0.43866666666666665,0
2026-09-26T20:05:36Z,productcatalogservice,430.0,600,0.95,0.7166666666666667,0
2026-09-26T20:05:36Z,paymentservice,39.0,150,0.8,0.26,0
2026-09-26T20:05:36Z,recommendationservice,951.0,2000,0.8,0.4755,0
2026-09-26T20:05:36Z,shippingservice,100.0,400,0.8,0.25,0
2026-09-26T20:05:36Z,currencyservice,406.0,500,0.8,0.812,1
2026-09-26T20:05:36Z,emailservice,70.0,150,0.8,0.4666666666666667,0
2026-09-26T20:05:36Z,adservice,124.0,600,0.8,0.20666666666666667,0
2026-09-26T20:05:36Z,redis-cart,39.0,500,0.8,0.078,0
2026-09-26T20:05:37Z,frontend,282.4,1150,0.8,0.24556521739130432,0
2026-09-26T20:05:37Z,cartservice,324.0,1000,0.95,0.324,0
2026-09-26T20:05:37Z,checkoutservice,539.0,1500,0.8,0.35933333333333334,0
2026-09-26T20:05:37Z,productcatalogservice,404.0,600,0.95,0.6733333333333333,0
2026-09-26T20:05:37Z,paymentservice,39.0,150,0.8,0.26,0
2026-09-26T20:05:37Z,recommendationservice,990.0,2000,0.8,0.495,0
2026-09-26T20:05:37Z,shippingservice,91.0,400,0.8,0.2275,0
2026-09-26T20:05:37Z,currencyservice,365.0,500,0.8,0.73,0
2026-09-26T20:05:37Z,emailservice,70.0,150,0.8,0.4666666666666667,0
2026-09-26T20:05:37Z,adservice,115.0,600,0.8,0.19166666666666668,0
2026-09-26T20:05:37Z,redis-cart,34.0,500,0.8,0.068,0
2026-09-26T20:05:38Z,frontend,287.0,1150,0.8,0.24956521739130436,0
2026-09-26T20:05:38Z,cartservice,351.0,1000,0.95,0.351,0
2026-09-26T20:05:38Z,checkoutservice,691.0,1500,0.8,0.46066666666666667,0
2026-09-26T20:05:38Z,productcatalogservice,397.0,600,0.95,0.6616666666666666,0
2026-09-26T20:05:38Z,paymentservice,37.0,150,0.8,0.24666666666666667,0
2026-09-26T20:05:38Z,recommendationservice,936.0,2000,0.8,0.468,0
2026-09-26T20:05:38Z,shippingservice,73.0,400,0.8,0.1825,0
2026-09-26T20:05:38Z,currencyservice,365.0,500,0.8,0.73,0
2026-09-26T20:05:38Z,emailservice,62.0,150,0.8,0.41333333333333333,0
2026-09-26T20:05:38Z,adservice,114.0,600,0.8,0.19,0
2026-09-26T20:05:38Z,redis-cart,33.0,500,0.8,0.066,0
2026-09-26T20:05:39Z,frontend,279.4,1150,0.8,0.2429565217391304,0
2026-09-26T20:05:39Z,cartservice,343.0,1000,0.95,0.343,0
2026-09-26T20:05:39Z,checkoutservice,691.0,1500,0.8,0.46066666666666667,0
2026-09-26T20:05:39Z,productcatalogservice,373.0,600,0.95,0.6216666666666667,0
2026-09-26T20:05:39Z,paymentservice,37.0,150,0.8,0.24666666666666667,0
2026-09-26T20:05:39Z,recommendationservice,936.0,2000,0.8,0.468,0
2026-09-26T20:05:39Z,shippingservice,73.0,400,0.8,0.1825,0
2026-09-26T20:05:39Z,currencyservice,402.0,500,0.8,0.804,1
2026-09-26T20:05:39Z,emailservice,68.0,150,0.8,0.4533333333333333,0
2026-09-26T20:05:39Z,adservice,114.0,600,0.8,0.19,0
2026-09-26T20:05:39Z,redis-cart,33.0,500,0.8,0.066,0
2026-09-26T20:05:40Z,frontend,272.4,1150,0.8,0.23686956521739128,0
2026-09-26T20:05:40Z,cartservice,343.0,1000,0.95,0.343,0
2026-09-26T20:05:40Z,checkoutservice,798.0,1500,0.8,0.532,0
2026-09-26T20:05:40Z,productcatalogservice,373.0,600,0.95,0.6216666666666667,0
2026-09-26T20:05:40Z,paymentservice,40.0,150,0.8,0.26666666666666666,0
2026-09-26T20:05:40Z,recommendationservice,932.0,2000,0.8,0.466,0
2026-09-26T20:05:40Z,shippingservice,82.0,400,0.8,0.205,0
2026-09-26T20:05:40Z,currencyservice,369.0,500,0.8,0.738,0
2026-09-26T20:05:40Z,emailservice,94.0,150,0.8,0.6266666666666667,0
2026-09-26T20:05:40Z,adservice,108.0,600,0.8,0.18,0
2026-09-26T20:05:40Z,redis-cart,40.0,500,0.8,0.08,0
2026-09-26T20:05:41Z,frontend,275.0,1150,0.8,0.2391304347826087,0
2026-09-26T20:05:41Z,cartservice,369.0,1000,0.95,0.369,0
2026-09-26T20:05:41Z,checkoutservice,798.0,1500,0.8,0.532,0
2026-09-26T20:05:41Z,productcatalogservice,387.0,600,0.95,0.645,0
2026-09-26T20:05:41Z,paymentservice,38.0,150,0.8,0.25333333333333335,0
2026-09-26T20:05:41Z,recommendationservice,932.0,2000,0.8,0.466,0
2026-09-26T20:05:41Z,shippingservice,82.0,400,0.8,0.205,0
2026-09-26T20:05:41Z,currencyservice,397.0,500,0.8,0.794,0
2026-09-26T20:05:41Z,emailservice,84.0,150,0.8,0.56,0
2026-09-26T20:05:41Z,adservice,108.0,600,0.8,0.18,0
2026-09-26T20:05:41Z,redis-cart,37.0,500,0.8,0.074,0
2026-09-26T20:05:42Z,frontend,283.4,1150,0.8,0.24643478260869564,0
2026-09-26T20:05:42Z,cartservice,369.0,1000,0.95,0.369,0
2026-09-26T20:05:42Z,checkoutservice,731.0,1500,0.8,0.48733333333333334,0
2026-09-26T20:05:42Z,productcatalogservice,387.0,600,0.95,0.645,0
2026-09-26T20:05:42Z,paymentservice,38.0,150,0.8,0.25333333333333335,0
2026-09-26T20:05:42Z,recommendationservice,950.0,2000,0.8,0.475,0
2026-09-26T20:05:42Z,shippingservice,89.0,400,0.8,0.2225,0
2026-09-26T20:05:42Z,currencyservice,373.0,500,0.8,0.746,0
2026-09-26T20:05:42Z,emailservice,84.0,150,0.8,0.56,0
2026-09-26T20:05:42Z,adservice,121.0,600,0.8,0.20166666666666666,0
2026-09-26T20:05:42Z,redis-cart,36.0,500,0.8,0.072,0
2026-09-26T20:05:43Z,frontend,271.6,1150,0.8,0.2361739130434783,0
2026-09-26T20:05:43Z,cartservice,362.0,1000,0.95,0.362,0
2026-09-26T20:05:43Z,checkoutservice,675.0,1500,0.8,0.45,0
2026-09-26T20:05:43Z,productcatalogservice,397.0,600,0.95,0.6616666666666666,0
2026-09-26T20:05:43Z,paymentservice,56.0,150,0.8,0.37333333333333335,0
2026-09-26T20:05:43Z,recommendationservice,921.0,2000,0.8,0.4605,0
2026-09-26T20:05:43Z,shippingservice,81.0,400,0.8,0.2025,0
2026-09-26T20:05:43Z,currencyservice,373.0,500,0.8,0.746,0
2026-09-26T20:05:43Z,emailservice,72.0,150,0.8,0.48,0
2026-09-26T20:05:43Z,adservice,121.0,600,0.8,0.20166666666666666,0
2026-09-26T20:05:43Z,redis-cart,36.0,500,0.8,0.072,0
2026-09-26T20:05:44Z,frontend,292.8,1150,0.8,0.2546086956521739,0
2026-09-26T20:05:44Z,cartservice,362.0,1000,0.95,0.362,0
2026-09-26T20:05:44Z,checkoutservice,675.0,1500,0.8,0.45,0
2026-09-26T20:05:44Z,productcatalogservice,401.0,600,0.95,0.6683333333333333,0
2026-09-26T20:05:44Z,paymentservice,40.0,150,0.8,0.26666666666666666,0
2026-09-26T20:05:44Z,recommendationservice,921.0,2000,0.8,0.4605,0
2026-09-26T20:05:44Z,shippingservice,81.0,400,0.8,0.2025,0
2026-09-26T20:05:44Z,currencyservice,375.0,500,0.8,0.75,0
2026-09-26T20:05:44Z,emailservice,82.0,150,0.8,0.5466666666666666,0
2026-09-26T20:05:44Z,adservice,110.0,600,0.8,0.18333333333333332,0
2026-09-26T20:05:44Z,redis-cart,38.0,500,0.8,0.076,0
2026-09-26T20:05:45Z,frontend,271.8,1150,0.8,0.23634782608695654,0
2026-09-26T20:05:45Z,cartservice,347.0,1000,0.95,0.347,0
2026-09-26T20:05:45Z,checkoutservice,661.0,1500,0.8,0.44066666666666665,0
2026-09-26T20:05:45Z,productcatalogservice,401.0,600,0.95,0.6683333333333333,0
2026-09-26T20:05:45Z,paymentservice,40.0,150,0.8,0.26666666666666666,0
2026-09-26T20:05:45Z,recommendationservice,982.0,2000,0.8,0.491,0
2026-09-26T20:05:45Z,shippingservice,73.0,400,0.8,0.1825,0
2026-09-26T20:05:45Z,currencyservice,375.0,500,0.8,0.75,0
2026-09-26T20:05:45Z,emailservice,82.0,150,0.8,0.5466666666666666,0
2026-09-26T20:05:45Z,adservice,110.0,600,0.8,0.18333333333333332,0
2026-09-26T20:05:45Z,redis-cart,36.0,500,0.8,0.072,0
2026-09-26T20:05:46Z,frontend,271.4,1150,0.8,0.236,0
2026-09-26T20:05:46Z,cartservice,346.0,1000,0.95,0.346,0
2026-09-26T20:05:46Z,checkoutservice,687.0,1500,0.8,0.458,0
2026-09-26T20:05:46Z,productcatalogservice,414.0,600,0.95,0.69,0
2026-09-26T20:05:46Z,paymentservice,34.0,150,0.8,0.22666666666666666,0
2026-09-26T20:05:46Z,recommendationservice,978.0,2000,0.8,0.489,0
2026-09-26T20:05:46Z,shippingservice,73.0,400,0.8,0.1825,0
2026-09-26T20:05:46Z,currencyservice,358.0,500,0.8,0.716,0
2026-09-26T20:05:46Z,emailservice,77.0,150,0.8,0.5133333333333333,0
2026-09-26T20:05:46Z,adservice,126.0,600,0.8,0.21,0
2026-09-26T20:05:46Z,redis-cart,36.0,500,0.8,0.072,0
2026-09-26T20:05:47Z,frontend,276.2,1150,0.8,0.24017391304347824,0
2026-09-26T20:05:47Z,cartservice,346.0,1000,0.95,0.346,0
2026-09-26T20:05:47Z,checkoutservice,543.0,1500,0.8,0.362,0
2026-09-26T20:05:47Z,productcatalogservice,393.0,600,0.95,0.655,0
2026-09-26T20:05:47Z,paymentservice,34.0,150,0.8,0.22666666666666666,0
2026-09-26T20:05:47Z,recommendationservice,1011.0,2000,0.8,0.5055,0
2026-09-26T20:05:47Z,shippingservice,83.0,400,0.8,0.2075,0
2026-09-26T20:05:47Z,currencyservice,358.0,500,0.8,0.716,0
2026-09-26T20:05:47Z,emailservice,77.0,150,0.8,0.5133333333333333,0
2026-09-26T20:05:47Z,adservice,126.0,600,0.8,0.21,0
2026-09-26T20:05:47Z,redis-cart,40.0,500,0.8,0.08,0
2026-09-26T20:05:48Z,frontend,282.8,1150,0.8,0.24591304347826087,0
2026-09-26T20:05:48Z,cartservice,335.0,1000,0.95,0.335,0
2026-09-26T20:05:48Z,checkoutservice,573.0,1500,0.8,0.382,0
2026-09-26T20:05:48Z,productcatalogservice,393.0,600,0.95,0.655,0
2026-09-26T20:05:48Z,paymentservice,37.0,150,0.8,0.24666666666666667,0
2026-09-26T20:05:48Z,recommendationservice,968.0,2000,0.8,0.484,0
2026-09-26T20:05:48Z,shippingservice,78.0,400,0.8,0.195,0
2026-09-26T20:05:48Z,currencyservice,391.0,500,0.8,0.782,0
2026-09-26T20:05:48Z,emailservice,61.0,150,0.8,0.4066666666666667,0
2026-09-26T20:05:48Z,adservice,110.0,600,0.8,0.18333333333333332,0
2026-09-26T20:05:48Z,redis-cart,34.0,500,0.8,0.068,0
2026-09-26T20:05:49Z,frontend,296.2,1150,0.8,0.25756521739130434,0
2026-09-26T20:05:49Z,cartservice,335.0,1000,0.95,0.335,0
2026-09-26T20:05:49Z,checkoutservice,573.0,1500,0.8,0.382,0
2026-09-26T20:05:49Z,productcatalogservice,410.0,600,0.95,0.6833333333333333,0
2026-09-26T20:05:49Z,paymentservice,33.0,150,0.8,0.22,0
2026-09-26T20:05:49Z,recommendationservice,968.0,2000,0.8,0.484,0
2026-09-26T20:05:49Z,shippingservice,78.0,400,0.8,0.195,0
2026-09-26T20:05:49Z,currencyservice,381.0,500,0.8,0.762,0
2026-09-26T20:05:49Z,emailservice,80.0,150,0.8,0.5333333333333333,0
2026-09-26T20:05:49Z,adservice,107.0,600,0.8,0.17833333333333334,0
2026-09-26T20:05:49Z,redis-cart,43.0,500,0.8,0.086,0
2026-09-26T20:05:50Z,frontend,288.4,1150,0.8,0.25078260869565216,0
2026-09-26T20:05:50Z,cartservice,378.0,1000,0.95,0.378,0
2026-09-26T20:05:50Z,checkoutservice,792.0,1500,0.8,0.528,0
2026-09-26T20:05:50Z,productcatalogservice,410.0,600,0.95,0.6833333333333333,0
2026-09-26T20:05:50Z,paymentservice,40.0,150,0.8,0.26666666666666666,0
2026-09-26T20:05:50Z,recommendationservice,938.0,2000,0.8,0.469,0
2026-09-26T20:05:50Z,shippingservice,87.0,400,0.8,0.2175,0
2026-09-26T20:05:50Z,currencyservice,381.0,500,0.8,0.762,0
2026-09-26T20:05:50Z,emailservice,80.0,150,0.8,0.5333333333333333,0
2026-09-26T20:05:50Z,adservice,119.0,600,0.8,0.19833333333333333,0
2026-09-26T20:05:50Z,redis-cart,43.0,500,0.8,0.086,0
2026-09-26T20:05:51Z,frontend,265.4,1150,0.8,0.23078260869565215,0
2026-09-26T20:05:51Z,cartservice,310.0,1000,0.95,0.31,0
2026-09-26T20:05:51Z,checkoutservice,792.0,1500,0.8,0.528,0
2026-09-26T20:05:51Z,productcatalogservice,372.0,600,0.95,0.62,0
2026-09-26T20:05:51Z,paymentservice,40.0,150,0.8,0.26666666666666666,0
2026-09-26T20:05:51Z,recommendationservice,923.0,2000,0.8,0.4615,0
2026-09-26T20:05:51Z,shippingservice,55.0,400,0.8,0.1375,0
2026-09-26T20:05:51Z,currencyservice,347.0,500,0.8,0.694,0
2026-09-26T20:05:51Z,emailservice,89.0,150,0.8,0.5933333333333334,0
2026-09-26T20:05:51Z,adservice,119.0,600,0.8,0.19833333333333333,0
2026-09-26T20:05:51Z,redis-cart,38.0,500,0.8,0.076,0
2026-09-26T20:05:52Z,frontend,286.6,1150,0.8,0.24921739130434784,0
2026-09-26T20:05:52Z,cartservice,310.0,1000,0.95,0.31,0
2026-09-26T20:05:52Z,checkoutservice,639.0,1500,0.8,0.426,0
2026-09-26T20:05:52Z,productcatalogservice,388.0,600,0.95,0.6466666666666666,0
2026-09-26T20:05:52Z,paymentservice,54.0,150,0.8,0.36,0
2026-09-26T20:05:52Z,recommendationservice,937.0,2000,0.8,0.4685,0
2026-09-26T20:05:52Z,shippingservice,55.0,400,0.8,0.1375,0
2026-09-26T20:05:52Z,currencyservice,394.0,500,0.8,0.788,0
2026-09-26T20:05:52Z,emailservice,76.0,150,0.8,0.5066666666666667,0
2026-09-26T20:05:52Z,adservice,97.0,600,0.8,0.16166666666666665,0
2026-09-26T20:05:52Z,redis-cart,36.0,500,0.8,0.072,0
2026-09-26T20:05:53Z,frontend,295.2,1150,0.8,0.25669565217391305,0
2026-09-26T20:05:53Z,cartservice,334.0,1000,0.95,0.334,0
2026-09-26T20:05:53Z,checkoutservice,639.0,1500,0.8,0.426,0
2026-09-26T20:05:53Z,productcatalogservice,396.0,600,0.95,0.66,0
2026-09-26T20:05:53Z,paymentservice,43.0,150,0.8,0.2866666666666667,0
2026-09-26T20:05:53Z,recommendationservice,937.0,2000,0.8,0.4685,0
2026-09-26T20:05:53Z,shippingservice,101.0,400,0.8,0.2525,0
2026-09-26T20:05:53Z,currencyservice,394.0,500,0.8,0.788,0
2026-09-26T20:05:53Z,emailservice,76.0,150,0.8,0.5066666666666667,0
2026-09-26T20:05:53Z,adservice,122.0,600,0.8,0.20333333333333334,0
2026-09-26T20:05:53Z,redis-cart,36.0,500,0.8,0.072,0
2026-09-26T20:05:54Z,frontend,292.8,1150,0.8,0.2546086956521739,0
2026-09-26T20:05:54Z,cartservice,311.0,1000,0.95,0.311,0
2026-09-26T20:05:54Z,checkoutservice,732.0,1500,0.8,0.488,0
2026-09-26T20:05:54Z,productcatalogservice,396.0,600,0.95,0.66,0
2026-09-26T20:05:54Z,paymentservice,43.0,150,0.8,0.2866666666666667,0
2026-09-26T20:05:54Z,recommendationservice,960.0,2000,0.8,0.48,0
2026-09-26T20:05:54Z,shippingservice,77.0,400,0.8,0.1925,0
2026-09-26T20:05:54Z,currencyservice,378.0,500,0.8,0.756,0
2026-09-26T20:05:54Z,emailservice,76.0,150,0.8,0.5066666666666667,0
2026-09-26T20:05:54Z,adservice,122.0,600,0.8,0.20333333333333334,0
2026-09-26T20:05:54Z,redis-cart,39.0,500,0.8,0.078,0
2026-09-26T20:05:55Z,frontend,295.0,1150,0.8,0.2565217391304348,0
2026-09-26T20:05:55Z,cartservice,342.0,1000,0.95,0.342,0
2026-09-26T20:05:55Z,checkoutservice,597.0,1500,0.8,0.398,0
2026-09-26T20:05:55Z,productcatalogservice,425.0,600,0.95,0.7083333333333334,0
2026-09-26T20:05:55Z,paymentservice,36.0,150,0.8,0.24,0
2026-09-26T20:05:55Z,recommendationservice,929.0,2000,0.8,0.4645,0
2026-09-26T20:05:55Z,shippingservice,70.0,400,0.8,0.175,0
2026-09-26T20:05:55Z,currencyservice,412.0,500,0.8,0.824,1
2026-09-26T20:05:55Z,emailservice,91.0,150,0.8,0.6066666666666667,0
2026-09-26T20:05:55Z,adservice,118.0,600,0.8,0.19666666666666666,0
2026-09-26T20:05:55Z,redis-cart,39.0,500,0.8,0.078,0
2026-09-26T20:05:56Z,frontend,291.8,1150,0.8,0.25373913043478263,0
2026-09-26T20:05:56Z,cartservice,283.0,1000,0.95,0.283,0
2026-09-26T20:05:56Z,checkoutservice,594.0,1500,0.8,0.396,0
2026-09-26T20:05:56Z,productcatalogservice,425.0,600,0.95,0.7083333333333334,0
2026-09-26T20:05:56Z,paymentservice,36.0,150,0.8,0.24,0
2026-09-26T20:05:56Z,recommendationservice,1035.0,2000,0.8,0.5175,0
2026-09-26T20:05:56Z,shippingservice,72.0,400,0.8,0.18,0
2026-09-26T20:05:56Z,currencyservice,341.0,500,0.8,0.682,0
2026-09-26T20:05:56Z,emailservice,91.0,150,0.8,0.6066666666666667,0
2026-09-26T20:05:56Z,adservice,102.0,600,0.8,0.17,0
2026-09-26T20:05:56Z,redis-cart,41.0,500,0.8,0.082,0
2026-09-26T20:05:57Z,frontend,259.0,1150,0.8,0.2252173913043478,0
2026-09-26T20:05:57Z,cartservice,283.0,1000,0.95,0.283,0
2026-09-26T20:05:57Z,checkoutservice,594.0,1500,0.8,0.396,0
2026-09-26T20:05:57Z,productcatalogservice,391.0,600,0.95,0.6516666666666666,0
2026-09-26T20:05:57Z,paymentservice,28.0,150,0.8,0.18666666666666668,0
2026-09-26T20:05:57Z,recommendationservice,983.0,2000,0.8,0.4915,0
2026-09-26T20:05:57Z,shippingservice,72.0,400,0.8,0.18,0
2026-09-26T20:05:57Z,currencyservice,372.0,500,0.8,0.744,0
2026-09-26T20:05:57Z,emailservice,55.0,150,0.8,0.36666666666666664,0
2026-09-26T20:05:57Z,adservice,102.0,600,0.8,0.17,0
2026-09-26T20:05:57Z,redis-cart,34.0,500,0.8,0.068,0
2026-09-26T20:05:58Z,frontend,281.2,1150,0.8,0.24452173913043476,0
2026-09-26T20:05:58Z,cartservice,323.0,1000,0.95,0.323,0
2026-09-26T20:05:58Z,checkoutservice,537.0,1500,0.8,0.358,0
2026-09-26T20:05:58Z,productcatalogservice,415.0,600,0.95,0.6916666666666667,0
2026-09-26T20:05:58Z,paymentservice,28.0,150,0.8,0.18666666666666668,0
2026-09-26T20:05:58Z,recommendationservice,983.0,2000,0.8,0.4915,0
2026-09-26T20:05:58Z,shippingservice,77.0,400,0.8,0.1925,0
2026-09-26T20:05:58Z,currencyservice,372.0,500,0.8,0.744,0
2026-09-26T20:05:58Z,emailservice,63.0,150,0.8,0.42,0
2026-09-26T20:05:58Z,adservice,97.0,600,0.8,0.16166666666666665,0
2026-09-26T20:05:58Z,redis-cart,34.0,500,0.8,0.068,0
2026-09-26T20:05:59Z,frontend,273.4,1150,0.8,0.2377391304347826,0
2026-09-26T20:05:59Z,cartservice,323.0,1000,0.95,0.323,0
2026-09-26T20:05:59Z,checkoutservice,544.0,1500,0.8,0.3626666666666667,0
2026-09-26T20:05:59Z,productcatalogservice,415.0,600,0.95,0.6916666666666667,0
2026-09-26T20:05:59Z,paymentservice,34.0,150,0.8,0.22666666666666666,0
2026-09-26T20:05:59Z,recommendationservice,973.0,2000,0.8,0.4865,0
2026-09-26T20:05:59Z,shippingservice,74.0,400,0.8,0.185,0
2026-09-26T20:05:59Z,currencyservice,399.0,500,0.8,0.798,0
2026-09-26T20:05:59Z,emailservice,63.0,150,0.8,0.42,0
2026-09-26T20:05:59Z,adservice,97.0,600,0.8,0.16166666666666665,0
2026-09-26T20:05:59Z,redis-cart,41.0,500,0.8,0.082,0
2026-09-26T20:06:00Z,frontend,287.2,1150,0.8,0.2497391304347826,0
2026-09-26T20:06:00Z,cartservice,323.0,1000,0.95,0.323,0
2026-09-26T20:06:00Z,checkoutservice,770.0,1500,0.8,0.5133333333333333,0
2026-09-26T20:06:00Z,productcatalogservice,402.0,600,0.95,0.67,0
2026-09-26T20:06:00Z,paymentservice,44.0,150,0.8,0.29333333333333333,0
2026-09-26T20:06:00Z,recommendationservice,952.0,2000,0.8,0.476,0
2026-09-26T20:06:00Z,shippingservice,74.0,400,0.8,0.185,0
2026-09-26T20:06:00Z,currencyservice,397.0,500,0.8,0.794,0
2026-09-26T20:06:00Z,emailservice,91.0,150,0.8,0.6066666666666667,0
2026-09-26T20:06:00Z,adservice,128.0,600,0.8,0.21333333333333335,0
2026-09-26T20:06:00Z,redis-cart,37.0,500,0.8,0.074,0
2026-09-26T20:06:01Z,frontend,279.0,1150,0.8,0.2426086956521739,0
2026-09-26T20:06:01Z,cartservice,290.0,1000,0.95,0.29,0
2026-09-26T20:06:01Z,checkoutservice,770.0,1500,0.8,0.5133333333333333,0
2026-09-26T20:06:01Z,productcatalogservice,384.0,600,0.95,0.64,0
2026-09-26T20:06:01Z,paymentservice,44.0,150,0.8,0.29333333333333333,0
2026-09-26T20:06:01Z,recommendationservice,1005.0,2000,0.8,0.5025,0
2026-09-26T20:06:01Z,shippingservice,74.0,400,0.8,0.185,0
2026-09-26T20:06:01Z,currencyservice,397.0,500,0.8,0.794,0
2026-09-26T20:06:01Z,emailservice,65.0,150,0.8,0.43333333333333335,0
2026-09-26T20:06:01Z,adservice,128.0,600,0.8,0.21333333333333335,0
2026-09-26T20:06:01Z,redis-cart,37.0,500,0.8,0.074,0
2026-09-26T20:06:02Z,frontend,267.8,1150,0.8,0.23286956521739133,0
2026-09-26T20:06:02Z,cartservice,355.0,1000,0.95,0.355,0
2026-09-26T20:06:02Z,checkoutservice,551.0,1500,0.8,0.36733333333333335,0
2026-09-26T20:06:02Z,productcatalogservice,402.0,600,0.95,0.67,0
2026-09-26T20:06:02Z,paymentservice,50.0,150,0.8,0.3333333333333333,0
2026-09-26T20:06:02Z,recommendationservice,981.0,2000,0.8,0.4905,0
2026-09-26T20:06:02Z,shippingservice,74.0,400,0.8,0.185,0
2026-09-26T20:06:02Z,currencyservice,397.0,500,0.8,0.794,0
2026-09-26T20:06:02Z,emailservice,65.0,150,0.8,0.43333333333333335,0
2026-09-26T20:06:02Z,adservice,100.0,600,0.8,0.16666666666666666,0
2026-09-26T20:06:02Z,redis-cart,38.0,500,0.8,0.076,0
2026-09-26T20:06:03Z,frontend,293.8,1150,0.8,0.2554782608695652,0
2026-09-26T20:06:03Z,cartservice,355.0,1000,0.95,0.355,0
2026-09-26T20:06:03Z,checkoutservice,627.0,1500,0.8,0.418,0
2026-09-26T20:06:03Z,productcatalogservice,399.0,600,0.95,0.665,0
2026-09-26T20:06:03Z,paymentservice,41.0,150,0.8,0.2733333333333333,0
2026-09-26T20:06:03Z,recommendationservice,981.0,2000,0.8,0.4905,0
2026-09-26T20:06:03Z,shippingservice,86.0,400,0.8,0.215,0
2026-09-26T20:06:03Z,currencyservice,379.0,500,0.8,0.758,0
2026-09-26T20:06:03Z,emailservice,65.0,150,0.8,0.43333333333333335,0
2026-09-26T20:06:03Z,adservice,121.0,600,0.8,0.20166666666666666,0
2026-09-26T20:06:03Z,redis-cart,37.0,500,0.8,0.074,0
2026-09-26T20:06:04Z,frontend,298.6,1150,0.8,0.2596521739130435,0
2026-09-26T20:06:04Z,cartservice,348.0,1000,0.95,0.348,0
2026-09-26T20:06:04Z,checkoutservice,749.0,1500,0.8,0.49933333333333335,0
2026-09-26T20:06:04Z,productcatalogservice,440.0,600,0.95,0.7333333333333333,0
2026-09-26T20:06:04Z,paymentservice,41.0,150,0.8,0.2733333333333333,0
2026-09-26T20:06:04Z,recommendationservice,961.0,2000,0.8,0.4805,0
2026-09-26T20:06:04Z,shippingservice,78.0,400,0.8,0.195,0
2026-09-26T20:06:04Z,currencyservice,379.0,500,0.8,0.758,0
2026-09-26T20:06:04Z,emailservice,73.0,150,0.8,0.4866666666666667,0
2026-09-26T20:06:04Z,adservice,121.0,600,0.8,0.20166666666666666,0
2026-09-26T20:06:04Z,redis-cart,37.0,500,0.8,0.074,0
2026-09-26T20:06:05Z,frontend,284.0,1150,0.8,0.24695652173913044,0
2026-09-26T20:06:05Z,cartservice,308.0,1000,0.95,0.308,0
2026-09-26T20:06:05Z,checkoutservice,749.0,1500,0.8,0.49933333333333335,0
2026-09-26T20:06:05Z,productcatalogservice,440.0,600,0.95,0.7333333333333333,0
2026-09-26T20:06:05Z,paymentservice,41.0,150,0.8,0.2733333333333333,0
2026-09-26T20:06:05Z,recommendationservice,961.0,2000,0.8,0.4805,0
2026-09-26T20:06:05Z,shippingservice,78.0,400,0.8,0.195,0
2026-09-26T20:06:05Z,currencyservice,373.0,500,0.8,0.746,0
2026-09-26T20:06:05Z,emailservice,73.0,150,0.8,0.4866666666666667,0
2026-09-26T20:06:05Z,adservice,124.0,600,0.8,0.20666666666666667,0
2026-09-26T20:06:05Z,redis-cart,39.0,500,0.8,0.078,0
2026-09-26T20:06:06Z,frontend,291.2,1150,0.8,0.25321739130434784,0
2026-09-26T20:06:06Z,cartservice,308.0,1000,0.95,0.308,0
2026-09-26T20:06:06Z,checkoutservice,803.0,1500,0.8,0.5353333333333333,0
2026-09-26T20:06:06Z,productcatalogservice,399.0,600,0.95,0.665,0
2026-09-26T20:06:06Z,paymentservice,49.0,150,0.8,0.32666666666666666,0
2026-09-26T20:06:06Z,recommendationservice,883.0,2000,0.8,0.4415,0
2026-09-26T20:06:06Z,shippingservice,89.0,400,0.8,0.2225,0
2026-09-26T20:06:06Z,currencyservice,367.0,500,0.8,0.734,0
2026-09-26T20:06:06Z,emailservice,103.0,150,0.8,0.6866666666666666,0
2026-09-26T20:06:06Z,adservice,122.0,600,0.8,0.20333333333333334,0
2026-09-26T20:06:06Z,redis-cart,39.0,500,0.8,0.078,0
2026-09-26T20:06:07Z,frontend,293.8,1150,0.8,0.2554782608695652,0
2026-09-26T20:06:07Z,cartservice,315.0,1000,0.95,0.315,0
2026-09-26T20:06:07Z,checkoutservice,803.0,1500,0.8,0.5353333333333333,0
2026-09-26T20:06:07Z,productcatalogservice,388.0,600,0.95,0.6466666666666666,0
2026-09-26T20:06:07Z,paymentservice,49.0,150,0.8,0.32666666666666666,0
2026-09-26T20:06:07Z,recommendationservice,941.0,2000,0.8,0.4705,0
2026-09-26T20:06:07Z,shippingservice,89.0,400,0.8,0.2225,0
2026-09-26T20:06:07Z,currencyservice,397.0,500,0.8,0.794,0
2026-09-26T20:06:07Z,emailservice,71.0,150,0.8,0.47333333333333333,0
2026-09-26T20:06:07Z,adservice,122.0,600,0.8,0.20333333333333334,0
2026-09-26T20:06:07Z,redis-cart,38.0,500,0.8,0.076,0
2026-09-26T20:06:08Z,frontend,285.6,1150,0.8,0.24834782608695655,0
2026-09-26T20:06:08Z,cartservice,303.0,1000,0.95,0.303,0
2026-09-26T20:06:08Z,checkoutservice,602.0,1500,0.8,0.4013333333333333,0
2026-09-26T20:06:08Z,productcatalogservice,430.0,600,0.95,0.7166666666666667,0
2026-09-26T20:06:08Z,paymentservice,36.0,150,0.8,0.24,0
2026-09-26T20:06:08Z,recommendationservice,941.0,2000,0.8,0.4705,0
2026-09-26T20:06:08Z,shippingservice,91.0,400,0.8,0.2275,0
2026-09-26T20:06:08Z,currencyservice,397.0,500,0.8,0.794,0
2026-09-26T20:06:08Z,emailservice,69.0,150,0.8,0.46,0
2026-09-26T20:06:08Z,adservice,100.0,600,0.8,0.16666666666666666,0
2026-09-26T20:06:08Z,redis-cart,43.0,500,0.8,0.086,0
2026-09-26T20:06:09Z,frontend,280.2,1150,0.8,0.24365217391304347,0
2026-09-26T20:06:09Z,cartservice,303.0,1000,0.95,0.303,0
2026-09-26T20:06:09Z,checkoutservice,602.0,1500,0.8,0.4013333333333333,0
2026-09-26T20:06:09Z,productcatalogservice,430.0,600,0.95,0.7166666666666667,0
2026-09-26T20:06:09Z,paymentservice,39.0,150,0.8,0.26,0
2026-09-26T20:06:09Z,recommendationservice,960.0,2000,0.8,0.48,0
2026-09-26T20:06:09Z,shippingservice,86.0,400,0.8,0.215,0
2026-09-26T20:06:09Z,currencyservice,395.0,500,0.8,0.79,0
2026-09-26T20:06:09Z,emailservice,69.0,150,0.8,0.46,0
2026-09-26T20:06:09Z,adservice,130.0,600,0.8,0.21666666666666667,0
2026-09-26T20:06:09Z,redis-cart,36.0,500,0.8,0.072,0
2026-09-26T20:06:10Z,frontend,276.0,1150,0.8,0.24,0
2026-09-26T20:06:10Z,cartservice,306.0,1000,0.95,0.306,0
2026-09-26T20:06:10Z,checkoutservice,635.0,1500,0.8,0.42333333333333334,0
2026-09-26T20:06:10Z,productcatalogservice,412.0,600,0.95,0.6866666666666666,0
2026-09-26T20:06:10Z,paymentservice,39.0,150,0.8,0.26,0
2026-09-26T20:06:10Z,recommendationservice,1002.0,2000,0.8,0.501,0
2026-09-26T20:06:10Z,shippingservice,86.0,400,0.8,0.215,0
2026-09-26T20:06:10Z,currencyservice,395.0,500,0.8,0.79,0
2026-09-26T20:06:10Z,emailservice,63.0,150,0.8,0.42,0
2026-09-26T20:06:10Z,adservice,122.0,600,0.8,0.20333333333333334,0
2026-09-26T20:06:10Z,redis-cart,35.0,500,0.8,0.07,0
2026-09-26T20:06:11Z,frontend,278.2,1150,0.8,0.24191304347826087,0
2026-09-26T20:06:11Z,cartservice,274.0,1000,0.95,0.274,0
2026-09-26T20:06:11Z,checkoutservice,635.0,1500,0.8,0.42333333333333334,0
2026-09-26T20:06:11Z,productcatalogservice,393.0,600,0.95,0.655,0
2026-09-26T20:06:11Z,paymentservice,32.0,150,0.8,0.21333333333333335,0
2026-09-26T20:06:11Z,recommendationservice,1002.0,2000,0.8,0.501,0
2026-09-26T20:06:11Z,shippingservice,65.0,400,0.8,0.1625,0
2026-09-26T20:06:11Z,currencyservice,370.0,500,0.8,0.74,0
2026-09-26T20:06:11Z,emailservice,80.0,150,0.8,0.5333333333333333,0
2026-09-26T20:06:11Z,adservice,113.0,600,0.8,0.18833333333333332,0
2026-09-26T20:06:11Z,redis-cart,35.0,500,0.8,0.07,0
2026-09-26T20:06:12Z,frontend,284.8,1150,0.8,0.24765217391304348,0
2026-09-26T20:06:12Z,cartservice,274.0,1000,0.95,0.274,0
2026-09-26T20:06:12Z,checkoutservice,552.0,1500,0.8,0.368,0
2026-09-26T20:06:12Z,productcatalogservice,393.0,600,0.95,0.655,0
2026-09-26T20:06:12Z,paymentservice,32.0,150,0.8,0.21333333333333335,0
2026-09-26T20:06:12Z,recommendationservice,923.0,2000,0.8,0.4615,0
2026-09-26T20:06:12Z,shippingservice,70.0,400,0.8,0.175,0
2026-09-26T20:06:12Z,currencyservice,416.0,500,0.8,0.832,1
2026-09-26T20:06:12Z,emailservice,80.0,150,0.8,0.5333333333333333,0
2026-09-26T20:06:12Z,adservice,113.0,600,0.8,0.18833333333333332,0
2026-09-26T20:06:12Z,redis-cart,36.0,500,0.8,0.072,0
2026-09-26T20:06:13Z,frontend,283.4,1150,0.8,0.24643478260869564,0
2026-09-26T20:06:13Z,cartservice,341.0,1000,0.95,0.341,0
2026-09-26T20:06:13Z,checkoutservice,626.0,1500,0.8,0.41733333333333333,0
2026-09-26T20:06:13Z,productcatalogservice,409.0,600,0.95,0.6816666666666666,0
2026-09-26T20:06:13Z,paymentservice,49.0,150,0.8,0.32666666666666666,0
2026-09-26T20:06:13Z,recommendationservice,1027.0,2000,0.8,0.5135,0
2026-09-26T20:06:13Z,shippingservice,70.0,400,0.8,0.175,0
2026-09-26T20:06:13Z,currencyservice,376.0,500,0.8,0.752,0
2026-09-26T20:06:13Z,emailservice,66.0,150,0.8,0.44,0
2026-09-26T20:06:13Z,adservice,102.0,600,0.8,0.17,0
2026-09-26T20:06:13Z,redis-cart,39.0,500,0.8,0.078,0
2026-09-26T20:06:14Z,frontend,283.0,1150,0.8,0.24608695652173912,0
2026-09-26T20:06:14Z,cartservice,341.0,1000,0.95,0.341,0
2026-09-26T20:06:14Z,checkoutservice,626.0,1500,0.8,0.41733333333333333,0
2026-09-26T20:06:14Z,productcatalogservice,409.0,600,0.95,0.6816666666666666,0
2026-09-26T20:06:14Z,paymentservice,34.0,150,0.8,0.22666666666666666,0
2026-09-26T20:06:14Z,recommendationservice,1012.0,2000,0.8,0.506,0
2026-09-26T20:06:14Z,shippingservice,71.0,400,0.8,0.1775,0
2026-09-26T20:06:14Z,currencyservice,376.0,500,0.8,0.752,0
2026-09-26T20:06:14Z,emailservice,66.0,150,0.8,0.44,0
2026-09-26T20:06:14Z,adservice,102.0,600,0.8,0.17,0
2026-09-26T20:06:14Z,redis-cart,39.0,500,0.8,0.078,0
2026-09-26T20:06:15Z,frontend,283.4,1150,0.8,0.24643478260869564,0
2026-09-26T20:06:15Z,cartservice,344.0,1000,0.95,0.344,0
2026-09-26T20:06:15Z,checkoutservice,590.0,1500,0.8,0.3933333333333333,0
2026-09-26T20:06:15Z,productcatalogservice,402.0,600,0.95,0.67,0
2026-09-26T20:06:15Z,paymentservice,34.0,150,0.8,0.22666666666666666,0
2026-09-26T20:06:15Z,recommendationservice,1012.0,2000,0.8,0.506,0
2026-09-26T20:06:15Z,shippingservice,71.0,400,0.8,0.1775,0
2026-09-26T20:06:15Z,currencyservice,391.0,500,0.8,0.782,0
2026-09-26T20:06:15Z,emailservice,72.0,150,0.8,0.48,0
2026-09-26T20:06:15Z,adservice,133.0,600,0.8,0.22166666666666668,0
2026-09-26T20:06:15Z,redis-cart,38.0,500,0.8,0.076,0
2026-09-26T20:06:16Z,frontend,281.4,1150,0.8,0.24469565217391304,0
2026-09-26T20:06:16Z,cartservice,344.0,1000,0.95,0.344,0
2026-09-26T20:06:16Z,checkoutservice,696.0,1500,0.8,0.464,0
2026-09-26T20:06:16Z,productcatalogservice,422.0,600,0.95,0.7033333333333334,0
2026-09-26T20:06:16Z,paymentservice,41.0,150,0.8,0.2733333333333333,0
2026-09-26T20:06:16Z,recommendationservice,945.0,2000,0.8,0.4725,0
2026-09-26T20:06:16Z,shippingservice,84.0,400,0.8,0.21,0
2026-09-26T20:06:16Z,currencyservice,391.0,500,0.8,0.782,0
2026-09-26T20:06:16Z,emailservice,72.0,150,0.8,0.48,0
2026-09-26T20:06:16Z,adservice,128.0,600,0.8,0.21333333333333335,0
2026-09-26T20:06:16Z,redis-cart,38.0,500,0.8,0.076,0
2026-09-26T20:06:17Z,frontend,278.2,1150,0.8,0.24191304347826087,0
2026-09-26T20:06:17Z,cartservice,311.0,1000,0.95,0.311,0
2026-09-26T20:06:17Z,checkoutservice,594.0,1500,0.8,0.396,0
2026-09-26T20:06:17Z,productcatalogservice,422.0,600,0.95,0.7033333333333334,0
2026-09-26T20:06:17Z,paymentservice,41.0,150,0.8,0.2733333333333333,0
2026-09-26T20:06:17Z,recommendationservice,945.0,2000,0.8,0.4725,0
2026-09-26T20:06:17Z,shippingservice,82.0,400,0.8,0.205,0
2026-09-26T20:06:17Z,currencyservice,406.0,500,0.8,0.812,1
2026-09-26T20:06:17Z,emailservice,76.0,150,0.8,0.5066666666666667,0
2026-09-26T20:06:17Z,adservice,109.0,600,0.8,0.18166666666666667,0
2026-09-26T20:06:17Z,redis-cart,38.0,500,0.8,0.076,0
2026-09-26T20:06:18Z,frontend,277.2,1150,0.8,0.24104347826086955,0
2026-09-26T20:06:18Z,cartservice,314.0,1000,0.95,0.314,0
2026-09-26T20:06:18Z,checkoutservice,594.0,1500,0.8,0.396,0
2026-09-26T20:06:18Z,productcatalogservice,386.0,600,0.95,0.6433333333333333,0
2026-09-26T20:06:18Z,paymentservice,41.0,150,0.8,0.2733333333333333,0
2026-09-26T20:06:18Z,recommendationservice,979.0,2000,0.8,0.4895,0
2026-09-26T20:06:18Z,shippingservice,82.0,400,0.8,0.205,0
2026-09-26T20:06:18Z,currencyservice,378.0,500,0.8,0.756,0
2026-09-26T20:06:18Z,emailservice,70.0,150,0.8,0.4666666666666667,0
2026-09-26T20:06:18Z,adservice,109.0,600,0.8,0.18166666666666667,0
2026-09-26T20:06:18Z,redis-cart,38.0,500,0.8,0.076,0
2026-09-26T20:06:19Z,frontend,285.4,1150,0.8,0.24817391304347824,0
2026-09-26T20:06:19Z,cartservice,314.0,1000,0.95,0.314,0
2026-09-26T20:06:19Z,checkoutservice,654.0,1500,0.8,0.436,0
2026-09-26T20:06:19Z,productcatalogservice,410.0,600,0.95,0.6833333333333333,0
2026-09-26T20:06:19Z,paymentservice,37.0,150,0.8,0.24666666666666667,0
2026-09-26T20:06:19Z,recommendationservice,933.0,2000,0.8,0.4665,0
2026-09-26T20:06:19Z,shippingservice,81.0,400,0.8,0.2025,0
2026-09-26T20:06:19Z,currencyservice,378.0,500,0.8,0.756,0
2026-09-26T20:06:19Z,emailservice,70.0,150,0.8,0.4666666666666667,0
2026-09-26T20:06:19Z,adservice,120.0,600,0.8,0.2,0
2026-09-26T20:06:19Z,redis-cart,38.0,500,0.8,0.076,0
2026-09-26T20:06:20Z,frontend,291.2,1150,0.8,0.25321739130434784,0
2026-09-26T20:06:20Z,cartservice,313.0,1000,0.95,0.313,0
2026-09-26T20:06:20Z,checkoutservice,722.0,1500,0.8,0.48133333333333334,0
2026-09-26T20:06:20Z,productcatalogservice,388.0,600,0.95,0.6466666666666666,0
2026-09-26T20:06:20Z,paymentservice,37.0,150,0.8,0.24666666666666667,0
2026-09-26T20:06:20Z,recommendationservice,933.0,2000,0.8,0.4665,0
2026-09-26T20:06:20Z,shippingservice,87.0,400,0.8,0.2175,0
2026-09-26T20:06:20Z,currencyservice,396.0,500,0.8,0.792,0
2026-09-26T20:06:20Z,emailservice,73.0,150,0.8,0.4866666666666667,0
2026-09-26T20:06:20Z,adservice,120.0,600,0.8,0.2,0
2026-09-26T20:06:20Z,redis-cart,37.0,500,0.8,0.074,0
2026-09-26T20:06:21Z,frontend,281.4,1150,0.8,0.24469565217391304,0
2026-09-26T20:06:21Z,cartservice,313.0,1000,0.95,0.313,0
2026-09-26T20:06:21Z,checkoutservice,722.0,1500,0.8,0.48133333333333334,0
2026-09-26T20:06:21Z,productcatalogservice,388.0,600,0.95,0.6466666666666666,0
2026-09-26T20:06:21Z,paymentservice,44.0,150,0.8,0.29333333333333333,0
2026-09-26T20:06:21Z,recommendationservice,922.0,2000,0.8,0.461,0
2026-09-26T20:06:21Z,shippingservice,87.0,400,0.8,0.2175,0
2026-09-26T20:06:21Z,currencyservice,396.0,500,0.8,0.792,0
2026-09-26T20:06:21Z,emailservice,96.0,150,0.8,0.64,0
2026-09-26T20:06:21Z,adservice,120.0,600,0.8,0.2,0
2026-09-26T20:06:21Z,redis-cart,37.0,500,0.8,0.074,0
2026-09-26T20:06:22Z,frontend,283.6,1150,0.8,0.24660869565217394,0
2026-09-26T20:06:22Z,cartservice,311.0,1000,0.95,0.311,0
2026-09-26T20:06:22Z,checkoutservice,694.0,1500,0.8,0.46266666666666667,0
2026-09-26T20:06:22Z,productcatalogservice,401.0,600,0.95,0.6683333333333333,0
2026-09-26T20:06:22Z,paymentservice,59.0,150,0.8,0.3933333333333333,0
2026-09-26T20:06:22Z,recommendationservice,941.0,2000,0.8,0.4705,0
2026-09-26T20:06:22Z,shippingservice,73.0,400,0.8,0.1825,0
2026-09-26T20:06:22Z,currencyservice,393.0,500,0.8,0.786,0
2026-09-26T20:06:22Z,emailservice,86.0,150,0.8,0.5733333333333334,0
2026-09-26T20:06:22Z,adservice,120.0,600,0.8,0.2,0
2026-09-26T20:06:22Z,redis-cart,38.0,500,0.8,0.076,0
2026-09-26T20:06:23Z,frontend,293.4,1150,0.8,0.25513043478260866,0
2026-09-26T20:06:23Z,cartservice,311.0,1000,0.95,0.311,0
2026-09-26T20:06:23Z,checkoutservice,694.0,1500,0.8,0.46266666666666667,0
2026-09-26T20:06:23Z,productcatalogservice,397.0,600,0.95,0.6616666666666666,0
2026-09-26T20:06:23Z,paymentservice,39.0,150,0.8,0.26,0
2026-09-26T20:06:23Z,recommendationservice,941.0,2000,0.8,0.4705,0
2026-09-26T20:06:23Z,shippingservice,94.0,400,0.8,0.235,0
2026-09-26T20:06:23Z,currencyservice,400.0,500,0.8,0.8,0
2026-09-26T20:06:23Z,emailservice,86.0,150,0.8,0.5733333333333334,0
2026-09-26T20:06:23Z,adservice,128.0,600,0.8,0.21333333333333335,0
2026-09-26T20:06:23Z,redis-cart,42.0,500,0.8,0.084,0
2026-09-26T20:06:24Z,frontend,292.2,1150,0.8,0.2540869565217391,0
2026-09-26T20:06:24Z,cartservice,326.0,1000,0.95,0.326,0
2026-09-26T20:06:24Z,checkoutservice,743.0,1500,0.8,0.49533333333333335,0
2026-09-26T20:06:24Z,productcatalogservice,397.0,600,0.95,0.6616666666666666,0
2026-09-26T20:06:24Z,paymentservice,46.0,150,0.8,0.30666666666666664,0
2026-09-26T20:06:24Z,recommendationservice,953.0,2000,0.8,0.4765,0
2026-09-26T20:06:24Z,shippingservice,83.0,400,0.8,0.2075,0
2026-09-26T20:06:24Z,currencyservice,384.0,500,0.8,0.768,0
2026-09-26T20:06:24Z,emailservice,64.0,150,0.8,0.4266666666666667,0
2026-09-26T20:06:24Z,adservice,128.0,600,0.8,0.21333333333333335,0
2026-09-26T20:06:24Z,redis-cart,42.0,500,0.8,0.084,0
2026-09-26T20:06:25Z,frontend,291.0,1150,0.8,0.2530434782608696,0
2026-09-26T20:06:25Z,cartservice,326.0,1000,0.95,0.326,0
2026-09-26T20:06:25Z,checkoutservice,752.0,1500,0.8,0.5013333333333333,0
2026-09-26T20:06:25Z,productcatalogservice,426.0,600,0.95,0.71,0
2026-09-26T20:06:25Z,paymentservice,46.0,150,0.8,0.30666666666666664,0
2026-09-26T20:06:25Z,recommendationservice,964.0,2000,0.8,0.482,0
2026-09-26T20:06:25Z,shippingservice,84.0,400,0.8,0.21,0
2026-09-26T20:06:25Z,currencyservice,384.0,500,0.8,0.768,0
2026-09-26T20:06:25Z,emailservice,101.0,150,0.8,0.6733333333333333,0
2026-09-26T20:06:25Z,adservice,126.0,600,0.8,0.21,0
2026-09-26T20:06:25Z,redis-cart,38.0,500,0.8,0.076,0
2026-09-26T20:06:26Z,frontend,283.0,1150,0.8,0.24608695652173912,0
2026-09-26T20:06:26Z,cartservice,325.0,1000,0.95,0.325,0
2026-09-26T20:06:26Z,checkoutservice,752.0,1500,0.8,0.5013333333333333,0
2026-09-26T20:06:26Z,productcatalogservice,411.0,600,0.95,0.685,0
2026-09-26T20:06:26Z,paymentservice,34.0,150,0.8,0.22666666666666666,0
2026-09-26T20:06:26Z,recommendationservice,933.0,2000,0.8,0.4665,0
2026-09-26T20:06:26Z,shippingservice,84.0,400,0.8,0.21,0
2026-09-26T20:06:26Z,currencyservice,399.0,500,0.8,0.798,0
2026-09-26T20:06:26Z,emailservice,101.0,150,0.8,0.6733333333333333,0
2026-09-26T20:06:26Z,adservice,103.0,600,0.8,0.17166666666666666,0
2026-09-26T20:06:26Z,redis-cart,36.0,500,0.8,0.072,0
2026-09-26T20:06:27Z,frontend,254.0,1150,0.8,0.22086956521739132,0
2026-09-26T20:06:27Z,cartservice,349.0,1000,0.95,0.349,0
2026-09-26T20:06:27Z,checkoutservice,643.0,1500,0.8,0.42866666666666664,0
2026-09-26T20:06:27Z,productcatalogservice,411.0,600,0.95,0.685,0
2026-09-26T20:06:27Z,paymentservice,34.0,150,0.8,0.22666666666666666,0
2026-09-26T20:06:27Z,recommendationservice,933.0,2000,0.8,0.4665,0
2026-09-26T20:06:27Z,shippingservice,93.0,400,0.8,0.2325,0
2026-09-26T20:06:27Z,currencyservice,399.0,500,0.8,0.798,0
2026-09-26T20:06:27Z,emailservice,67.0,150,0.8,0.44666666666666666,0
2026-09-26T20:06:27Z,adservice,103.0,600,0.8,0.17166666666666666,0
2026-09-26T20:06:27Z,redis-cart,36.0,500,0.8,0.072,0
2026-09-26T20:06:28Z,frontend,285.4,1150,0.8,0.24817391304347824,0
2026-09-26T20:06:28Z,cartservice,349.0,1000,0.95,0.349,0
2026-09-26T20:06:28Z,checkoutservice,615.0,1500,0.8,0.41,0
2026-09-26T20:06:28Z,productcatalogservice,384.0,600,0.95,0.64,0
2026-09-26T20:06:28Z,paymentservice,44.0,150,0.8,0.29333333333333333,0
2026-09-26T20:06:28Z,recommendationservice,985.0,2000,0.8,0.4925,0
2026-09-26T20:06:28Z,shippingservice,78.0,400,0.8,0.195,0
2026-09-26T20:06:28Z,currencyservice,383.0,500,0.8,0.766,0
2026-09-26T20:06:28Z,emailservice,71.0,150,0.8,0.47333333333333333,0
2026-09-26T20:06:28Z,adservice,104.0,600,0.8,0.17333333333333334,0
2026-09-26T20:06:28Z,redis-cart,38.0,500,0.8,0.076,0
2026-09-26T20:06:29Z,frontend,282.6,1150,0.8,0.24573913043478263,0
2026-09-26T20:06:29Z,cartservice,382.0,1000,0.95,0.382,0
2026-09-26T20:06:29Z,checkoutservice,615.0,1500,0.8,0.41,0
2026-09-26T20:06:29Z,productcatalogservice,384.0,600,0.95,0.64,0
2026-09-26T20:06:29Z,paymentservice,38.0,150,0.8,0.25333333333333335,0
2026-09-26T20:06:29Z,recommendationservice,973.0,2000,0.8,0.4865,0
2026-09-26T20:06:29Z,shippingservice,73.0,400,0.8,0.1825,0
2026-09-26T20:06:29Z,currencyservice,377.0,500,0.8,0.754,0
2026-09-26T20:06:29Z,emailservice,59.0,150,0.8,0.3933333333333333,0
2026-09-26T20:06:29Z,adservice,123.0,600,0.8,0.205,0
2026-09-26T20:06:29Z,redis-cart,38.0,500,0.8,0.076,0
2026-09-26T20:06:30Z,frontend,273.6,1150,0.8,0.2379130434782609,0
2026-09-26T20:06:30Z,cartservice,324.0,1000,0.95,0.324,0
2026-09-26T20:06:30Z,checkoutservice,623.0,1500,0.8,0.41533333333333333,0
2026-09-26T20:06:30Z,productcatalogservice,406.0,600,0.95,0.6766666666666666,0
2026-09-26T20:06:30Z,paymentservice,36.0,150,0.8,0.24,0
2026-09-26T20:06:30Z,recommendationservice,973.0,2000,0.8,0.4865,0
2026-09-26T20:06:30Z,shippingservice,69.0,400,0.8,0.1725,0
2026-09-26T20:06:30Z,currencyservice,377.0,500,0.8,0.754,0
2026-09-26T20:06:30Z,emailservice,59.0,150,0.8,0.3933333333333333,0
2026-09-26T20:06:30Z,adservice,123.0,600,0.8,0.205,0
2026-09-26T20:06:30Z,redis-cart,38.0,500,0.8,0.076,0
2026-09-26T20:06:31Z,frontend,276.6,1150,0.8,0.24052173913043481,0
2026-09-26T20:06:31Z,cartservice,324.0,1000,0.95,0.324,0
2026-09-26T20:06:31Z,checkoutservice,538.0,1500,0.8,0.3586666666666667,0
2026-09-26T20:06:31Z,productcatalogservice,401.0,600,0.95,0.6683333333333333,0
2026-09-26T20:06:31Z,paymentservice,36.0,150,0.8,0.24,0
2026-09-26T20:06:31Z,recommendationservice,1028.0,2000,0.8,0.514,0
2026-09-26T20:06:31Z,shippingservice,69.0,400,0.8,0.1725,0
2026-09-26T20:06:31Z,currencyservice,384.0,500,0.8,0.768,0
2026-09-26T20:06:31Z,emailservice,67.0,150,0.8,0.44666666666666666,0
2026-09-26T20:06:31Z,adservice,93.0,600,0.8,0.155,0
2026-09-26T20:06:31Z,redis-cart,38.0,500,0.8,0.076,0
2026-09-26T20:06:32Z,frontend,279.4,1150,0.8,0.2429565217391304,0
2026-09-26T20:06:32Z,cartservice,397.0,1000,0.95,0.397,0
2026-09-26T20:06:32Z,checkoutservice,447.0,1500,0.8,0.298,0
2026-09-26T20:06:32Z,productcatalogservice,401.0,600,0.95,0.6683333333333333,0
2026-09-26T20:06:32Z,paymentservice,43.0,150,0.8,0.2866666666666667,0
2026-09-26T20:06:32Z,recommendationservice,987.0,2000,0.8,0.4935,0
2026-09-26T20:06:32Z,shippingservice,64.0,400,0.8,0.16,0
2026-09-26T20:06:32Z,currencyservice,413.0,500,0.8,0.826,1
2026-09-26T20:06:32Z,emailservice,70.0,150,0.8,0.4666666666666667,0
2026-09-26T20:06:32Z,adservice,119.0,600,0.8,0.19833333333333333,0
2026-09-26T20:06:32Z,redis-cart,38.0,500,0.8,0.076,0
2026-09-26T20:06:33Z,frontend,283.6,1150,0.8,0.24660869565217394,0
2026-09-26T20:06:33Z,cartservice,397.0,1000,0.95,0.397,0
2026-09-26T20:06:33Z,checkoutservice,447.0,1500,0.8,0.298,0
2026-09-26T20:06:33Z,productcatalogservice,391.0,600,0.95,0.6516666666666666,0
2026-09-26T20:06:33Z,paymentservice,39.0,150,0.8,0.26,0
2026-09-26T20:06:33Z,recommendationservice,970.0,2000,0.8,0.485,0
2026-09-26T20:06:33Z,shippingservice,64.0,400,0.8,0.16,0
2026-09-26T20:06:33Z,currencyservice,387.0,500,0.8,0.774,0
2026-09-26T20:06:33Z,emailservice,69.0,150,0.8,0.46,0
2026-09-26T20:06:33Z,adservice,120.0,600,0.8,0.2,0
2026-09-26T20:06:33Z,redis-cart,38.0,500,0.8,0.076,0
2026-09-26T20:06:34Z,frontend,280.8,1150,0.8,0.24417391304347827,0
2026-09-26T20:06:34Z,cartservice,369.0,1000,0.95,0.369,0
2026-09-26T20:06:34Z,checkoutservice,695.0,1500,0.8,0.4633333333333333,0
2026-09-26T20:06:34Z,productcatalogservice,391.0,600,0.95,0.6516666666666666,0
2026-09-26T20:06:34Z,paymentservice,39.0,150,0.8,0.26,0
2026-09-26T20:06:34Z,recommendationservice,993.0,2000,0.8,0.4965,0
2026-09-26T20:06:34Z,shippingservice,82.0,400,0.8,0.205,0
2026-09-26T20:06:34Z,currencyservice,387.0,500,0.8,0.774,0
2026-09-26T20:06:34Z,emailservice,69.0,150,0.8,0.46,0
2026-09-26T20:06:34Z,adservice,120.0,600,0.8,0.2,0
2026-09-26T20:06:34Z,redis-cart,38.0,500,0.8,0.076,0
2026-09-26T20:06:35Z,frontend,299.0,1150,0.8,0.26,0
2026-09-26T20:06:35Z,cartservice,369.0,1000,0.95,0.369,0
2026-09-26T20:06:35Z,checkoutservice,536.0,1500,0.8,0.35733333333333334,0
2026-09-26T20:06:35Z,productcatalogservice,405.0,600,0.95,0.675,0
2026-09-26T20:06:35Z,paymentservice,37.0,150,0.8,0.24666666666666667,0
2026-09-26T20:06:35Z,recommendationservice,993.0,2000,0.8,0.4965,0
2026-09-26T20:06:35Z,shippingservice,80.0,400,0.8,0.2,0
2026-09-26T20:06:35Z,currencyservice,404.0,500,0.8,0.808,1
2026-09-26T20:06:35Z,emailservice,80.0,150,0.8,0.5333333333333333,0
2026-09-26T20:06:35Z,adservice,109.0,600,0.8,0.18166666666666667,0
2026-09-26T20:06:35Z,redis-cart,38.0,500,0.8,0.076,0
2026-09-26T20:06:36Z,frontend,301.4,1150,0.8,0.26208695652173913,0
2026-09-26T20:06:36Z,cartservice,335.0,1000,0.95,0.335,0
2026-09-26T20:06:36Z,checkoutservice,536.0,1500,0.8,0.35733333333333334,0
2026-09-26T20:06:36Z,productcatalogservice,398.0,600,0.95,0.6633333333333333,0
2026-09-26T20:06:36Z,paymentservice,38.0,150,0.8,0.25333333333333335,0
2026-09-26T20:06:36Z,recommendationservice,969.0,2000,0.8,0.4845,0
2026-09-26T20:06:36Z,shippingservice,80.0,400,0.8,0.2,0
2026-09-26T20:06:36Z,currencyservice,365.0,500,0.8,0.73,0
2026-09-26T20:06:36Z,emailservice,80.0,150,0.8,0.5333333333333333,0
2026-09-26T20:06:36Z,adservice,120.0,600,0.8,0.2,0
2026-09-26T20:06:36Z,redis-cart,35.0,500,0.8,0.07,0
2026-09-26T20:06:37Z,frontend,296.6,1150,0.8,0.2579130434782609,0
2026-09-26T20:06:37Z,cartservice,343.0,1000,0.95,0.343,0
2026-09-26T20:06:37Z,checkoutservice,755.0,1500,0.8,0.5033333333333333,0
2026-09-26T20:06:37Z,productcatalogservice,398.0,600,0.95,0.6633333333333333,0
2026-09-26T20:06:37Z,paymentservice,38.0,150,0.8,0.25333333333333335,0
2026-09-26T20:06:37Z,recommendationservice,904.0,2000,0.8,0.452,0
2026-09-26T20:06:37Z,shippingservice,90.0,400,0.8,0.225,0
2026-09-26T20:06:37Z,currencyservice,406.0,500,0.8,0.812,1
2026-09-26T20:06:37Z,emailservice,91.0,150,0.8,0.6066666666666667,0
2026-09-26T20:06:37Z,adservice,120.0,600,0.8,0.2,0
2026-09-26T20:06:37Z,redis-cart,35.0,500,0.8,0.07,0
2026-09-26T20:06:38Z,frontend,286.8,1150,0.8,0.2493913043478261,0
2026-09-26T20:06:38Z,cartservice,343.0,1000,0.95,0.343,0
2026-09-26T20:06:38Z,checkoutservice,685.0,1500,0.8,0.45666666666666667,0
2026-09-26T20:06:38Z,productcatalogservice,387.0,600,0.95,0.645,0
2026-09-26T20:06:38Z,paymentservice,41.0,150,0.8,0.2733333333333333,0
2026-09-26T20:06:38Z,recommendationservice,942.0,2000,0.8,0.471,0
2026-09-26T20:06:38Z,shippingservice,104.0,400,0.8,0.26,0
2026-09-26T20:06:38Z,currencyservice,406.0,500,0.8,0.812,1
2026-09-26T20:06:38Z,emailservice,71.0,150,0.8,0.47333333333333333,0
2026-09-26T20:06:38Z,adservice,126.0,600,0.8,0.21,0
2026-09-26T20:06:38Z,redis-cart,38.0,500,0.8,0.076,0
2026-09-26T20:06:39Z,frontend,286.4,1150,0.8,0.24904347826086953,0
2026-09-26T20:06:39Z,cartservice,373.0,1000,0.95,0.373,0
2026-09-26T20:06:39Z,checkoutservice,685.0,1500,0.8,0.45666666666666667,0
2026-09-26T20:06:39Z,productcatalogservice,387.0,600,0.95,0.645,0
2026-09-26T20:06:39Z,paymentservice,39.0,150,0.8,0.26,0
2026-09-26T20:06:39Z,recommendationservice,942.0,2000,0.8,0.471,0
2026-09-26T20:06:39Z,shippingservice,79.0,400,0.8,0.1975,0
2026-09-26T20:06:39Z,currencyservice,390.0,500,0.8,0.78,0
2026-09-26T20:06:39Z,emailservice,70.0,150,0.8,0.4666666666666667,0
2026-09-26T20:06:39Z,adservice,116.0,600,0.8,0.19333333333333333,0
2026-09-26T20:06:39Z,redis-cart,38.0,500,0.8,0.076,0
2026-09-26T20:06:40Z,frontend,283.2,1150,0.8,0.2462608695652174,0
2026-09-26T20:06:40Z,cartservice,332.0,1000,0.95,0.332,0
2026-09-26T20:06:40Z,checkoutservice,685.0,1500,0.8,0.45666666666666667,0
2026-09-26T20:06:40Z,productcatalogservice,410.0,600,0.95,0.6833333333333333,0
2026-09-26T20:06:40Z,paymentservice,34.0,150,0.8,0.22666666666666666,0
2026-09-26T20:06:40Z,recommendationservice,957.0,2000,0.8,0.4785,0
2026-09-26T20:06:40Z,shippingservice,79.0,400,0.8,0.1975,0
2026-09-26T20:06:40Z,currencyservice,390.0,500,0.8,0.78,0
2026-09-26T20:06:40Z,emailservice,70.0,150,0.8,0.4666666666666667,0
2026-09-26T20:06:40Z,adservice,124.0,600,0.8,0.20666666666666667,0
2026-09-26T20:06:40Z,redis-cart,39.0,500,0.8,0.078,0
2026-09-26T20:06:41Z,frontend,285.4,1150,0.8,0.24817391304347824,0
2026-09-26T20:06:41Z,cartservice,332.0,1000,0.95,0.332,0
2026-09-26T20:06:41Z,checkoutservice,654.0,1500,0.8,0.436,0
2026-09-26T20:06:41Z,productcatalogservice,404.0,600,0.95,0.6733333333333333,0
2026-09-26T20:06:41Z,paymentservice,34.0,150,0.8,0.22666666666666666,0
2026-09-26T20:06:41Z,recommendationservice,907.0,2000,0.8,0.4535,0
2026-09-26T20:06:41Z,shippingservice,77.0,400,0.8,0.1925,0
2026-09-26T20:06:41Z,currencyservice,388.0,500,0.8,0.776,0
2026-09-26T20:06:41Z,emailservice,84.0,150,0.8,0.56,0
2026-09-26T20:06:41Z,adservice,124.0,600,0.8,0.20666666666666667,0
2026-09-26T20:06:41Z,redis-cart,35.0,500,0.8,0.07,0
2026-09-26T20:06:42Z,frontend,275.6,1150,0.8,0.2396521739130435,0
2026-09-26T20:06:42Z,cartservice,368.0,1000,0.95,0.368,0
2026-09-26T20:06:42Z,checkoutservice,805.0,1500,0.8,0.5366666666666666,0
2026-09-26T20:06:42Z,productcatalogservice,404.0,600,0.95,0.6733333333333333,0
2026-09-26T20:06:42Z,paymentservice,60.0,150,0.8,0.4,0
2026-09-26T20:06:42Z,recommendationservice,907.0,2000,0.8,0.4535,0
2026-09-26T20:06:42Z,shippingservice,86.0,400,0.8,0.215,0
2026-09-26T20:06:42Z,currencyservice,388.0,500,0.8,0.776,0
2026-09-26T20:06:42Z,emailservice,84.0,150,0.8,0.56,0
2026-09-26T20:06:42Z,adservice,106.0,600,0.8,0.17666666666666667,0
2026-09-26T20:06:42Z,redis-cart,36.0,500,0.8,0.072,0
2026-09-26T20:06:43Z,frontend,291.2,1150,0.8,0.25321739130434784,0
2026-09-26T20:06:43Z,cartservice,364.0,1000,0.95,0.364,0
2026-09-26T20:06:43Z,checkoutservice,805.0,1500,0.8,0.5366666666666666,0
2026-09-26T20:06:43Z,productcatalogservice,385.0,600,0.95,0.6416666666666667,0
2026-09-26T20:06:43Z,paymentservice,42.0,150,0.8,0.28,0
2026-09-26T20:06:43Z,recommendationservice,909.0,2000,0.8,0.4545,0
2026-09-26T20:06:43Z,shippingservice,86.0,400,0.8,0.215,0
2026-09-26T20:06:43Z,currencyservice,386.0,500,0.8,0.772,0
2026-09-26T20:06:43Z,emailservice,81.0,150,0.8,0.54,0
2026-09-26T20:06:43Z,adservice,106.0,600,0.8,0.17666666666666667,0
2026-09-26T20:06:43Z,redis-cart,36.0,500,0.8,0.072,0
2026-09-26T20:06:44Z,frontend,288.4,1150,0.8,0.25078260869565216,0
2026-09-26T20:06:44Z,cartservice,315.0,1000,0.95,0.315,0
2026-09-26T20:06:44Z,checkoutservice,657.0,1500,0.8,0.438,0
2026-09-26T20:06:44Z,productcatalogservice,385.0,600,0.95,0.6416666666666667,0
2026-09-26T20:06:44Z,paymentservice,42.0,150,0.8,0.28,0
2026-09-26T20:06:44Z,recommendationservice,909.0,2000,0.8,0.4545,0
2026-09-26T20:06:44Z,shippingservice,86.0,400,0.8,0.215,0
2026-09-26T20:06:44Z,currencyservice,393.0,500,0.8,0.786,0
2026-09-26T20:06:44Z,emailservice,81.0,150,0.8,0.54,0
2026-09-26T20:06:44Z,adservice,128.0,600,0.8,0.21333333333333335,0
2026-09-26T20:06:44Z,redis-cart,43.0,500,0.8,0.086,0
2026-09-26T20:06:45Z,frontend,293.2,1150,0.8,0.2549565217391304,0
2026-09-26T20:06:45Z,cartservice,315.0,1000,0.95,0.315,0
2026-09-26T20:06:45Z,checkoutservice,657.0,1500,0.8,0.438,0
2026-09-26T20:06:45Z,productcatalogservice,418.0,600,0.95,0.6966666666666667,0
2026-09-26T20:06:45Z,paymentservice,41.0,150,0.8,0.2733333333333333,0
2026-09-26T20:06:45Z,recommendationservice,937.0,2000,0.8,0.4685,0
2026-09-26T20:06:45Z,shippingservice,86.0,400,0.8,0.215,0
2026-09-26T20:06:45Z,currencyservice,393.0,500,0.8,0.786,0
2026-09-26T20:06:45Z,emailservice,75.0,150,0.8,0.5,0
2026-09-26T20:06:45Z,adservice,136.0,600,0.8,0.22666666666666666,0
2026-09-26T20:06:45Z,redis-cart,37.0,500,0.8,0.074,0
2026-09-26T20:06:46Z,frontend,296.8,1150,0.8,0.25808695652173913,0
2026-09-26T20:06:46Z,cartservice,312.0,1000,0.95,0.312,0
2026-09-26T20:06:46Z,checkoutservice,652.0,1500,0.8,0.43466666666666665,0
2026-09-26T20:06:46Z,productcatalogservice,404.0,600,0.95,0.6733333333333333,0
2026-09-26T20:06:46Z,paymentservice,38.0,150,0.8,0.25333333333333335,0
2026-09-26T20:06:46Z,recommendationservice,937.0,2000,0.8,0.4685,0
2026-09-26T20:06:46Z,shippingservice,78.0,400,0.8,0.195,0
2026-09-26T20:06:46Z,currencyservice,395.0,500,0.8,0.79,0
2026-09-26T20:06:46Z,emailservice,92.0,150,0.8,0.6133333333333333,0
2026-09-26T20:06:46Z,adservice,136.0,600,0.8,0.22666666666666666,0
2026-09-26T20:06:46Z,redis-cart,36.0,500,0.8,0.072,0
2026-09-26T20:06:47Z,frontend,291.6,1150,0.8,0.2535652173913044,0
2026-09-26T20:06:47Z,cartservice,312.0,1000,0.95,0.312,0
2026-09-26T20:06:47Z,checkoutservice,629.0,1500,0.8,0.41933333333333334,0
2026-09-26T20:06:47Z,productcatalogservice,410.0,600,0.95,0.6833333333333333,0
2026-09-26T20:06:47Z,paymentservice,38.0,150,0.8,0.25333333333333335,0
2026-09-26T20:06:47Z,recommendationservice,943.0,2000,0.8,0.4715,0
2026-09-26T20:06:47Z,shippingservice,104.0,400,0.8,0.26,0
2026-09-26T20:06:47Z,currencyservice,362.0,500,0.8,0.724,0
2026-09-26T20:06:47Z,emailservice,59.0,150,0.8,0.3933333333333333,0
2026-09-26T20:06:47Z,adservice,123.0,600,0.8,0.205,0
2026-09-26T20:06:47Z,redis-cart,36.0,500,0.8,0.072,0
2026-09-26T20:06:48Z,frontend,291.8,1150,0.8,0.25373913043478263,0
2026-09-26T20:06:48Z,cartservice,299.0,1000,0.95,0.299,0
2026-09-26T20:06:48Z,checkoutservice,629.0,1500,0.8,0.41933333333333334,0
2026-09-26T20:06:48Z,productcatalogservice,410.0,600,0.95,0.6833333333333333,0
2026-09-26T20:06:48Z,paymentservice,32.0,150,0.8,0.21333333333333335,0
2026-09-26T20:06:48Z,recommendationservice,943.0,2000,0.8,0.4715,0
2026-09-26T20:06:48Z,shippingservice,104.0,400,0.8,0.26,0
2026-09-26T20:06:48Z,currencyservice,394.0,500,0.8,0.788,0
2026-09-26T20:06:48Z,emailservice,59.0,150,0.8,0.3933333333333333,0
2026-09-26T20:06:48Z,adservice,129.0,600,0.8,0.215,0
2026-09-26T20:06:48Z,redis-cart,39.0,500,0.8,0.078,0
2026-09-26T20:06:49Z,frontend,298.8,1150,0.8,0.25982608695652176,0
2026-09-26T20:06:49Z,cartservice,294.0,1000,0.95,0.294,0
2026-09-26T20:06:49Z,checkoutservice,684.0,1500,0.8,0.456,0
2026-09-26T20:06:49Z,productcatalogservice,413.0,600,0.95,0.6883333333333334,0
2026-09-26T20:06:49Z,paymentservice,32.0,150,0.8,0.21333333333333335,0
2026-09-26T20:06:49Z,recommendationservice,917.0,2000,0.8,0.4585,0
2026-09-26T20:06:49Z,shippingservice,79.0,400,0.8,0.1975,0
2026-09-26T20:06:49Z,currencyservice,394.0,500,0.8,0.788,0
2026-09-26T20:06:49Z,emailservice,78.0,150,0.8,0.52,0
2026-09-26T20:06:49Z,adservice,129.0,600,0.8,0.215,0
2026-09-26T20:06:49Z,redis-cart,39.0,500,0.8,0.078,0
2026-09-26T20:06:50Z,frontend,193.8,1150,0.8,0.1685217391304348,0
2026-09-26T20:06:50Z,cartservice,69.0,1000,0.95,0.069,0
2026-09-26T20:06:50Z,checkoutservice,118.0,1500,0.8,0.07866666666666666,0
2026-09-26T20:06:50Z,productcatalogservice,123.0,600,0.95,0.205,0
2026-09-26T20:06:50Z,paymentservice,34.0,150,0.8,0.22666666666666666,0
2026-09-26T20:06:50Z,recommendationservice,529.0,2000,0.8,0.2645,0
2026-09-26T20:06:50Z,shippingservice,79.0,400,0.8,0.1975,0
2026-09-26T20:06:50Z,currencyservice,172.0,500,0.8,0.344,0
2026-09-26T20:06:50Z,emailservice,31.0,150,0.8,0.20666666666666667,0
2026-09-26T20:06:50Z,adservice,92.0,600,0.8,0.15333333333333332,0
2026-09-26T20:06:50Z,redis-cart,25.0,500,0.8,0.05,0
2026-09-26T20:06:51Z,frontend,153.5,1150,0.8,0.1334782608695652,0
2026-09-26T20:06:51Z,cartservice,69.0,1000,0.95,0.069,0
2026-09-26T20:06:51Z,checkoutservice,118.0,1500,0.8,0.07866666666666666,0
2026-09-26T20:06:51Z,productcatalogservice,123.0,600,0.95,0.205,0
2026-09-26T20:06:51Z,paymentservice,0.0,150,0.8,0.0,0
2026-09-26T20:06:51Z,recommendationservice,529.0,2000,0.8,0.2645,0
2026-09-26T20:06:51Z,shippingservice,3.0,400,0.8,0.0075,0
2026-09-26T20:06:51Z,currencyservice,172.0,500,0.8,0.344,0
2026-09-26T20:06:51Z,emailservice,31.0,150,0.8,0.20666666666666667,0
2026-09-26T20:06:51Z,adservice,22.0,600,0.8,0.03666666666666667,0
2026-09-26T20:06:51Z,redis-cart,25.0,500,0.8,0.05,0
