timestamp,caller,target,total,2xx,4xx,5xx,retry
2026-09-11T13:13:50Z,adservice,adservice,0,0,0,0,0
2026-09-11T13:13:50Z,adservice,cartservice,0,0,0,0,0
2026-09-11T13:13:50Z,adservice,checkoutservice,0,0,0,0,0
2026-09-11T13:13:50Z,adservice,currencyservice,0,0,0,0,0
2026-09-11T13:13:50Z,adservice,emailservice,0,0,0,0,0
2026-09-11T13:13:50Z,adservice,frontend,0,0,0,0,0
2026-09-11T13:13:50Z,adservice,kubernetes,0,0,0,0,0
2026-09-11T13:13:50Z,adservice,paymentservice,0,0,0,0,0
2026-09-11T13:13:50Z,adservice,productcatalogservice,0,0,0,0,0
2026-09-11T13:13:50Z,adservice,recommendationservice,0,0,0,0,0
2026-09-11T13:13:50Z,adservice,redis-cart,0,0,0,0,0
2026-09-11T13:13:50Z,adservice,shippingservice,0,0,0,0,0
2026-09-11T13:13:50Z,cartservice,adservice,0,0,0,0,0
2026-09-11T13:13:50Z,cartservice,cartservice,0,0,0,0,0
2026-09-11T13:13:50Z,cartservice,checkoutservice,0,0,0,0,0
2026-09-11T13:13:50Z,cartservice,currencyservice,0,0,0,0,0
2026-09-11T13:13:50Z,cartservice,emailservice,0,0,0,0,0
2026-09-11T13:13:50Z,cartservice,frontend,0,0,0,0,0
2026-09-11T13:13:50Z,cartservice,kubernetes,0,0,0,0,0
2026-09-11T13:13:50Z,cartservice,paymentservice,0,0,0,0,0
2026-09-11T13:13:50Z,cartservice,productcatalogservice,0,0,0,0,0
2026-09-11T13:13:50Z,cartservice,recommendationservice,0,0,0,0,0
2026-09-11T13:13:50Z,cartservice,redis-cart,2,0,0,0,0
2026-09-11T13:13:50Z,cartservice,shippingservice,0,0,0,0,0
2026-09-11T13:13:50Z,checkoutservice,adservice,0,0,0,0,0
2026-09-11T13:13:50Z,checkoutservice,cartservice,16036,16036,0,0,0
2026-09-11T13:13:50Z,checkoutservice,checkoutservice,0,0,0,0,0
2026-09-11T13:13:50Z,checkoutservice,currencyservice,8018,8018,0,0,0
2026-09-11T13:13:50Z,checkoutservice,emailservice,8018,8018,0,0,0
2026-09-11T13:13:50Z,checkoutservice,frontend,0,0,0,0,0
2026-09-11T13:13:50Z,checkoutservice,kubernetes,0,0,0,0,0
2026-09-11T13:13:50Z,checkoutservice,paymentservice,8018,8018,0,0,0
2026-09-11T13:13:50Z,checkoutservice,productcatalogservice,0,0,0,0,0
2026-09-11T13:13:50Z,checkoutservice,recommendationservice,0,0,0,0,0
2026-09-11T13:13:50Z,checkoutservice,redis-cart,0,0,0,0,0
2026-09-11T13:13:50Z,checkoutservice,shippingservice,16036,16036,0,0,0
2026-09-11T13:13:50Z,currencyservice,adservice,0,0,0,0,0
2026-09-11T13:13:50Z,currencyservice,cartservice,0,0,0,0,0
2026-09-11T13:13:50Z,currencyservice,checkoutservice,0,0,0,0,0
2026-09-11T13:13:50Z,currencyservice,currencyservice,0,0,0,0,0
2026-09-11T13:13:50Z,currencyservice,emailservice,0,0,0,0,0
2026-09-11T13:13:50Z,currencyservice,frontend,0,0,0,0,0
2026-09-11T13:13:50Z,currencyservice,kubernetes,0,0,0,0,0
2026-09-11T13:13:50Z,currencyservice,paymentservice,0,0,0,0,0
2026-09-11T13:13:50Z,currencyservice,productcatalogservice,0,0,0,0,0
2026-09-11T13:13:50Z,currencyservice,recommendationservice,0,0,0,0,0
2026-09-11T13:13:50Z,currencyservice,redis-cart,0,0,0,0,0
2026-09-11T13:13:50Z,currencyservice,shippingservice,0,0,0,0,0
2026-09-11T13:13:50Z,emailservice,adservice,0,0,0,0,0
2026-09-11T13:13:50Z,emailservice,cartservice,0,0,0,0,0
2026-09-11T13:13:50Z,emailservice,checkoutservice,0,0,0,0,0
2026-09-11T13:13:50Z,emailservice,currencyservice,0,0,0,0,0
2026-09-11T13:13:50Z,emailservice,emailservice,0,0,0,0,0
2026-09-11T13:13:50Z,emailservice,frontend,0,0,0,0,0
2026-09-11T13:13:50Z,emailservice,kubernetes,0,0,0,0,0
2026-09-11T13:13:50Z,emailservice,paymentservice,0,0,0,0,0
2026-09-11T13:13:50Z,emailservice,productcatalogservice,0,0,0,0,0
2026-09-11T13:13:50Z,emailservice,recommendationservice,0,0,0,0,0
2026-09-11T13:13:50Z,emailservice,redis-cart,0,0,0,0,0
2026-09-11T13:13:50Z,emailservice,shippingservice,0,0,0,0,0
2026-09-11T13:13:50Z,frontend,adservice,43068,30459,0,479,0
2026-09-11T13:13:50Z,frontend,cartservice,197859,197831,0,0,0
2026-09-11T13:13:50Z,frontend,checkoutservice,8018,8018,0,0,0
2026-09-11T13:13:50Z,frontend,currencyservice,316357,316279,0,0,0
2026-09-11T13:13:50Z,frontend,emailservice,0,0,0,0,0
2026-09-11T13:13:50Z,frontend,frontend,0,0,0,0,0
2026-09-11T13:13:50Z,frontend,kubernetes,0,0,0,0,0
2026-09-11T13:13:50Z,frontend,paymentservice,0,0,0,0,0
2026-09-11T13:13:50Z,frontend,productcatalogservice,789330,789091,0,0,0
2026-09-11T13:13:50Z,frontend,recommendationservice,128373,128360,0,0,0
2026-09-11T13:13:50Z,frontend,redis-cart,0,0,0,0,0
2026-09-11T13:13:50Z,frontend,shippingservice,77047,77047,0,0,0
2026-09-11T13:13:50Z,paymentservice,adservice,0,0,0,0,0
2026-09-11T13:13:50Z,paymentservice,cartservice,0,0,0,0,0
2026-09-11T13:13:50Z,paymentservice,checkoutservice,0,0,0,0,0
2026-09-11T13:13:50Z,paymentservice,currencyservice,0,0,0,0,0
2026-09-11T13:13:50Z,paymentservice,emailservice,0,0,0,0,0
2026-09-11T13:13:50Z,paymentservice,frontend,0,0,0,0,0
2026-09-11T13:13:50Z,paymentservice,kubernetes,0,0,0,0,0
2026-09-11T13:13:50Z,paymentservice,paymentservice,0,0,0,0,0
2026-09-11T13:13:50Z,paymentservice,productcatalogservice,0,0,0,0,0
2026-09-11T13:13:50Z,paymentservice,recommendationservice,0,0,0,0,0
2026-09-11T13:13:50Z,paymentservice,redis-cart,0,0,0,0,0
2026-09-11T13:13:50Z,paymentservice,shippingservice,0,0,0,0,0
2026-09-11T13:13:50Z,productcatalogservice,adservice,0,0,0,0,0
2026-09-11T13:13:50Z,productcatalogservice,cartservice,0,0,0,0,0
2026-09-11T13:13:50Z,productcatalogservice,checkoutservice,0,0,0,0,0
2026-09-11T13:13:50Z,productcatalogservice,currencyservice,0,0,0,0,0
2026-09-11T13:13:50Z,productcatalogservice,emailservice,0,0,0,0,0
2026-09-11T13:13:50Z,productcatalogservice,frontend,0,0,0,0,0
2026-09-11T13:13:50Z,productcatalogservice,kubernetes,0,0,0,0,0
2026-09-11T13:13:50Z,productcatalogservice,paymentservice,0,0,0,0,0
2026-09-11T13:13:50Z,productcatalogservice,productcatalogservice,0,0,0,0,0
2026-09-11T13:13:50Z,productcatalogservice,recommendationservice,0,0,0,0,0
2026-09-11T13:13:50Z,productcatalogservice,redis-cart,0,0,0,0,0
2026-09-11T13:13:50Z,productcatalogservice,shippingservice,0,0,0,0,0
2026-09-11T13:13:50Z,recommendationservice,adservice,0,0,0,0,0
2026-09-11T13:13:50Z,recommendationservice,cartservice,0,0,0,0,0
2026-09-11T13:13:50Z,recommendationservice,checkoutservice,0,0,0,0,0
2026-09-11T13:13:50Z,recommendationservice,currencyservice,0,0,0,0,0
2026-09-11T13:13:50Z,recommendationservice,emailservice,0,0,0,0,0
2026-09-11T13:13:50Z,recommendationservice,frontend,0,0,0,0,0
2026-09-11T13:13:50Z,recommendationservice,kubernetes,0,0,0,0,0
2026-09-11T13:13:50Z,recommendationservice,paymentservice,0,0,0,0,0
2026-09-11T13:13:50Z,recommendationservice,productcatalogservice,128369,128369,0,0,0
2026-09-11T13:13:50Z,recommendationservice,recommendationservice,0,0,0,0,0
2026-09-11T13:13:50Z,recommendationservice,redis-cart,0,0,0,0,0
2026-09-11T13:13:50Z,recommendationservice,shippingservice,0,0,0,0,0
2026-09-11T13:13:50Z,redis-cart,adservice,0,0,0,0,0
2026-09-11T13:13:50Z,redis-cart,cartservice,0,0,0,0,0
2026-09-11T13:13:50Z,redis-cart,checkoutservice,0,0,0,0,0
2026-09-11T13:13:50Z,redis-cart,currencyservice,0,0,0,0,0
2026-09-11T13:13:50Z,redis-cart,emailservice,0,0,0,0,0
2026-09-11T13:13:50Z,redis-cart,frontend,0,0,0,0,0
2026-09-11T13:13:50Z,redis-cart,kubernetes,0,0,0,0,0
2026-09-11T13:13:50Z,redis-cart,paymentservice,0,0,0,0,0
2026-09-11T13:13:50Z,redis-cart,productcatalogservice,0,0,0,0,0
2026-09-11T13:13:50Z,redis-cart,recommendationservice,0,0,0,0,0
2026-09-11T13:13:50Z,redis-cart,redis-cart,0,0,0,0,0
2026-09-11T13:13:50Z,redis-cart,shippingservice,0,0,0,0,0
2026-09-11T13:13:50Z,shippingservice,adservice,0,0,0,0,0
2026-09-11T13:13:50Z,shippingservice,cartservice,0,0,0,0,0
2026-09-11T13:13:50Z,shippingservice,checkoutservice,0,0,0,0,0
2026-09-11T13:13:50Z,shippingservice,currencyservice,0,0,0,0,0
2026-09-11T13:13:50Z,shippingservice,emailservice,0,0,0,0,0
2026-09-11T13:13:50Z,shippingservice,frontend,0,0,0,0,0
2026-09-11T13:13:50Z,shippingservice,kubernetes,0,0,0,0,0
2026-09-11T13:13:50Z,shippingservice,paymentservice,0,0,0,0,0
2026-09-11T13:13:50Z,shippingservice,productcatalogservice,0,0,0,0,0
2026-09-11T13:13:50Z,shippingservice,recommendationservice,0,0,0,0,0
2026-09-11T13:13:50Z,shippingservice,redis-cart,0,0,0,0,0
2026-09-11T13:13:50Z,shippingservice,shippingservice,0,0,0,0,0
2026-09-11T13:13:54Z,adservice,adservice,0,0,0,0,0
2026-09-11T13:13:54Z,adservice,cartservice,0,0,0,0,0
2026-09-11T13:13:54Z,adservice,checkoutservice,0,0,0,0,0
2026-09-11T13:13:54Z,adservice,currencyservice,0,0,0,0,0
2026-09-11T13:13:54Z,adservice,emailservice,0,0,0,0,0
2026-09-11T13:13:54Z,adservice,frontend,0,0,0,0,0
2026-09-11T13:13:54Z,adservice,kubernetes,0,0,0,0,0
2026-09-11T13:13:54Z,adservice,paymentservice,0,0,0,0,0
2026-09-11T13:13:54Z,adservice,productcatalogservice,0,0,0,0,0
2026-09-11T13:13:54Z,adservice,recommendationservice,0,0,0,0,0
2026-09-11T13:13:54Z,adservice,redis-cart,0,0,0,0,0
2026-09-11T13:13:54Z,adservice,shippingservice,0,0,0,0,0
2026-09-11T13:13:54Z,cartservice,adservice,0,0,0,0,0
2026-09-11T13:13:54Z,cartservice,cartservice,0,0,0,0,0
2026-09-11T13:13:54Z,cartservice,checkoutservice,0,0,0,0,0
2026-09-11T13:13:54Z,cartservice,currencyservice,0,0,0,0,0
2026-09-11T13:13:54Z,cartservice,emailservice,0,0,0,0,0
2026-09-11T13:13:54Z,cartservice,frontend,0,0,0,0,0
2026-09-11T13:13:54Z,cartservice,kubernetes,0,0,0,0,0
2026-09-11T13:13:54Z,cartservice,paymentservice,0,0,0,0,0
2026-09-11T13:13:54Z,cartservice,productcatalogservice,0,0,0,0,0
2026-09-11T13:13:54Z,cartservice,recommendationservice,0,0,0,0,0
2026-09-11T13:13:54Z,cartservice,redis-cart,2,0,0,0,0
2026-09-11T13:13:54Z,cartservice,shippingservice,0,0,0,0,0
2026-09-11T13:13:54Z,checkoutservice,adservice,0,0,0,0,0
2026-09-11T13:13:54Z,checkoutservice,cartservice,16036,16036,0,0,0
2026-09-11T13:13:54Z,checkoutservice,checkoutservice,0,0,0,0,0
2026-09-11T13:13:54Z,checkoutservice,currencyservice,8018,8018,0,0,0
2026-09-11T13:13:54Z,checkoutservice,emailservice,8018,8018,0,0,0
2026-09-11T13:13:54Z,checkoutservice,frontend,0,0,0,0,0
2026-09-11T13:13:54Z,checkoutservice,kubernetes,0,0,0,0,0
2026-09-11T13:13:54Z,checkoutservice,paymentservice,8018,8018,0,0,0
2026-09-11T13:13:54Z,checkoutservice,productcatalogservice,0,0,0,0,0
2026-09-11T13:13:54Z,checkoutservice,recommendationservice,0,0,0,0,0
2026-09-11T13:13:54Z,checkoutservice,redis-cart,0,0,0,0,0
2026-09-11T13:13:54Z,checkoutservice,shippingservice,16036,16036,0,0,0
2026-09-11T13:13:54Z,currencyservice,adservice,0,0,0,0,0
2026-09-11T13:13:54Z,currencyservice,cartservice,0,0,0,0,0
2026-09-11T13:13:54Z,currencyservice,checkoutservice,0,0,0,0,0
2026-09-11T13:13:54Z,currencyservice,currencyservice,0,0,0,0,0
2026-09-11T13:13:54Z,currencyservice,emailservice,0,0,0,0,0
2026-09-11T13:13:54Z,currencyservice,frontend,0,0,0,0,0
2026-09-11T13:13:54Z,currencyservice,kubernetes,0,0,0,0,0
2026-09-11T13:13:54Z,currencyservice,paymentservice,0,0,0,0,0
2026-09-11T13:13:54Z,currencyservice,productcatalogservice,0,0,0,0,0
2026-09-11T13:13:54Z,currencyservice,recommendationservice,0,0,0,0,0
2026-09-11T13:13:54Z,currencyservice,redis-cart,0,0,0,0,0
2026-09-11T13:13:54Z,currencyservice,shippingservice,0,0,0,0,0
2026-09-11T13:13:54Z,emailservice,adservice,0,0,0,0,0
2026-09-11T13:13:54Z,emailservice,cartservice,0,0,0,0,0
2026-09-11T13:13:54Z,emailservice,checkoutservice,0,0,0,0,0
2026-09-11T13:13:54Z,emailservice,currencyservice,0,0,0,0,0
2026-09-11T13:13:54Z,emailservice,emailservice,0,0,0,0,0
2026-09-11T13:13:54Z,emailservice,frontend,0,0,0,0,0
2026-09-11T13:13:54Z,emailservice,kubernetes,0,0,0,0,0
2026-09-11T13:13:54Z,emailservice,paymentservice,0,0,0,0,0
2026-09-11T13:13:54Z,emailservice,productcatalogservice,0,0,0,0,0
2026-09-11T13:13:54Z,emailservice,recommendationservice,0,0,0,0,0
2026-09-11T13:13:54Z,emailservice,redis-cart,0,0,0,0,0
2026-09-11T13:13:54Z,emailservice,shippingservice,0,0,0,0,0
2026-09-11T13:13:54Z,frontend,adservice,43068,30459,0,479,0
2026-09-11T13:13:54Z,frontend,cartservice,197859,197831,0,0,0
2026-09-11T13:13:54Z,frontend,checkoutservice,8018,8018,0,0,0
2026-09-11T13:13:54Z,frontend,currencyservice,316357,316279,0,0,0
2026-09-11T13:13:54Z,frontend,emailservice,0,0,0,0,0
2026-09-11T13:13:54Z,frontend,frontend,0,0,0,0,0
2026-09-11T13:13:54Z,frontend,kubernetes,0,0,0,0,0
2026-09-11T13:13:54Z,frontend,paymentservice,0,0,0,0,0
2026-09-11T13:13:54Z,frontend,productcatalogservice,789330,789091,0,0,0
2026-09-11T13:13:54Z,frontend,recommendationservice,128373,128360,0,0,0
2026-09-11T13:13:54Z,frontend,redis-cart,0,0,0,0,0
2026-09-11T13:13:54Z,frontend,shippingservice,77047,77047,0,0,0
2026-09-11T13:13:54Z,paymentservice,adservice,0,0,0,0,0
2026-09-11T13:13:54Z,paymentservice,cartservice,0,0,0,0,0
2026-09-11T13:13:54Z,paymentservice,checkoutservice,0,0,0,0,0
2026-09-11T13:13:54Z,paymentservice,currencyservice,0,0,0,0,0
2026-09-11T13:13:54Z,paymentservice,emailservice,0,0,0,0,0
2026-09-11T13:13:54Z,paymentservice,frontend,0,0,0,0,0
2026-09-11T13:13:54Z,paymentservice,kubernetes,0,0,0,0,0
2026-09-11T13:13:54Z,paymentservice,paymentservice,0,0,0,0,0
2026-09-11T13:13:54Z,paymentservice,productcatalogservice,0,0,0,0,0
2026-09-11T13:13:54Z,paymentservice,recommendationservice,0,0,0,0,0
2026-09-11T13:13:54Z,paymentservice,redis-cart,0,0,0,0,0
2026-09-11T13:13:54Z,paymentservice,shippingservice,0,0,0,0,0
2026-09-11T13:13:54Z,productcatalogservice,adservice,0,0,0,0,0
2026-09-11T13:13:54Z,productcatalogservice,cartservice,0,0,0,0,0
2026-09-11T13:13:54Z,productcatalogservice,checkoutservice,0,0,0,0,0
2026-09-11T13:13:54Z,productcatalogservice,currencyservice,0,0,0,0,0
2026-09-11T13:13:54Z,productcatalogservice,emailservice,0,0,0,0,0
2026-09-11T13:13:54Z,productcatalogservice,frontend,0,0,0,0,0
2026-09-11T13:13:54Z,productcatalogservice,kubernetes,0,0,0,0,0
2026-09-11T13:13:54Z,productcatalogservice,paymentservice,0,0,0,0,0
2026-09-11T13:13:54Z,productcatalogservice,productcatalogservice,0,0,0,0,0
2026-09-11T13:13:54Z,productcatalogservice,recommendationservice,0,0,0,0,0
2026-09-11T13:13:54Z,productcatalogservice,redis-cart,0,0,0,0,0
2026-09-11T13:13:54Z,productcatalogservice,shippingservice,0,0,0,0,0
2026-09-11T13:13:54Z,recommendationservice,adservice,0,0,0,0,0
2026-09-11T13:13:54Z,recommendationservice,cartservice,0,0,0,0,0
2026-09-11T13:13:54Z,recommendationservice,checkoutservice,0,0,0,0,0
2026-09-11T13:13:54Z,recommendationservice,currencyservice,0,0,0,0,0
2026-09-11T13:13:54Z,recommendationservice,emailservice,0,0,0,0,0
2026-09-11T13:13:54Z,recommendationservice,frontend,0,0,0,0,0
2026-09-11T13:13:54Z,recommendationservice,kubernetes,0,0,0,0,0
2026-09-11T13:13:54Z,recommendationservice,paymentservice,0,0,0,0,0
2026-09-11T13:13:54Z,recommendationservice,productcatalogservice,128369,128369,0,0,0
2026-09-11T13:13:54Z,recommendationservice,recommendationservice,0,0,0,0,0
2026-09-11T13:13:54Z,recommendationservice,redis-cart,0,0,0,0,0
2026-09-11T13:13:54Z,recommendationservice,shippingservice,0,0,0,0,0
2026-09-11T13:13:54Z,redis-cart,adservice,0,0,0,0,0
2026-09-11T13:13:54Z,redis-cart,cartservice,0,0,0,0,0
2026-09-11T13:13:54Z,redis-cart,checkoutservice,0,0,0,0,0
2026-09-11T13:13:54Z,redis-cart,currencyservice,0,0,0,0,0
2026-09-11T13:13:54Z,redis-cart,emailservice,0,0,0,0,0
2026-09-11T13:13:54Z,redis-cart,frontend,0,0,0,0,0
2026-09-11T13:13:54Z,redis-cart,kubernetes,0,0,0,0,0
2026-09-11T13:13:54Z,redis-cart,paymentservice,0,0,0,0,0
2026-09-11T13:13:54Z,redis-cart,productcatalogservice,0,0,0,0,0
2026-09-11T13:13:54Z,redis-cart,recommendationservice,0,0,0,0,0
2026-09-11T13:13:54Z,redis-cart,redis-cart,0,0,0,0,0
2026-09-11T13:13:54Z,redis-cart,shippingservice,0,0,0,0,0
2026-09-11T13:13:54Z,shippingservice,adservice,0,0,0,0,0
2026-09-11T13:13:54Z,shippingservice,cartservice,0,0,0,0,0
2026-09-11T13:13:54Z,shippingservice,checkoutservice,0,0,0,0,0
2026-09-11T13:13:54Z,shippingservice,currencyservice,0,0,0,0,0
2026-09-11T13:13:54Z,shippingservice,emailservice,0,0,0,0,0
2026-09-11T13:13:54Z,shippingservice,frontend,0,0,0,0,0
2026-09-11T13:13:54Z,shippingservice,kubernetes,0,0,0,0,0
2026-09-11T13:13:54Z,shippingservice,paymentservice,0,0,0,0,0
2026-09-11T13:13:54Z,shippingservice,productcatalogservice,0,0,0,0,0
2026-09-11T13:13:54Z,shippingservice,recommendationservice,0,0,0,0,0
2026-09-11T13:13:54Z,shippingservice,redis-cart,0,0,0,0,0
2026-09-11T13:13:54Z,shippingservice,shippingservice,0,0,0,0,0
2026-09-11T13:13:57Z,adservice,adservice,0,0,0,0,0
2026-09-11T13:13:57Z,adservice,cartservice,0,0,0,0,0
2026-09-11T13:13:57Z,adservice,checkoutservice,0,0,0,0,0
2026-09-11T13:13:57Z,adservice,currencyservice,0,0,0,0,0
2026-09-11T13:13:57Z,adservice,emailservice,0,0,0,0,0
2026-09-11T13:13:57Z,adservice,frontend,0,0,0,0,0
2026-09-11T13:13:57Z,adservice,kubernetes,0,0,0,0,0
2026-09-11T13:13:57Z,adservice,paymentservice,0,0,0,0,0
2026-09-11T13:13:57Z,adservice,productcatalogservice,0,0,0,0,0
2026-09-11T13:13:57Z,adservice,recommendationservice,0,0,0,0,0
2026-09-11T13:13:57Z,adservice,redis-cart,0,0,0,0,0
2026-09-11T13:13:57Z,adservice,shippingservice,0,0,0,0,0
2026-09-11T13:13:57Z,cartservice,adservice,0,0,0,0,0
2026-09-11T13:13:57Z,cartservice,cartservice,0,0,0,0,0
2026-09-11T13:13:57Z,cartservice,checkoutservice,0,0,0,0,0
2026-09-11T13:13:57Z,cartservice,currencyservice,0,0,0,0,0
2026-09-11T13:13:57Z,cartservice,emailservice,0,0,0,0,0
2026-09-11T13:13:57Z,cartservice,frontend,0,0,0,0,0
2026-09-11T13:13:57Z,cartservice,kubernetes,0,0,0,0,0
2026-09-11T13:13:57Z,cartservice,paymentservice,0,0,0,0,0
2026-09-11T13:13:57Z,cartservice,productcatalogservice,0,0,0,0,0
2026-09-11T13:13:57Z,cartservice,recommendationservice,0,0,0,0,0
2026-09-11T13:13:57Z,cartservice,redis-cart,2,0,0,0,0
2026-09-11T13:13:57Z,cartservice,shippingservice,0,0,0,0,0
2026-09-11T13:13:57Z,checkoutservice,adservice,0,0,0,0,0
2026-09-11T13:13:57Z,checkoutservice,cartservice,16036,16036,0,0,0
2026-09-11T13:13:57Z,checkoutservice,checkoutservice,0,0,0,0,0
2026-09-11T13:13:57Z,checkoutservice,currencyservice,8018,8018,0,0,0
2026-09-11T13:13:57Z,checkoutservice,emailservice,8018,8018,0,0,0
2026-09-11T13:13:57Z,checkoutservice,frontend,0,0,0,0,0
2026-09-11T13:13:57Z,checkoutservice,kubernetes,0,0,0,0,0
2026-09-11T13:13:57Z,checkoutservice,paymentservice,8018,8018,0,0,0
2026-09-11T13:13:57Z,checkoutservice,productcatalogservice,0,0,0,0,0
2026-09-11T13:13:57Z,checkoutservice,recommendationservice,0,0,0,0,0
2026-09-11T13:13:57Z,checkoutservice,redis-cart,0,0,0,0,0
2026-09-11T13:13:57Z,checkoutservice,shippingservice,16036,16036,0,0,0
2026-09-11T13:13:57Z,currencyservice,adservice,0,0,0,0,0
2026-09-11T13:13:57Z,currencyservice,cartservice,0,0,0,0,0
2026-09-11T13:13:57Z,currencyservice,checkoutservice,0,0,0,0,0
2026-09-11T13:13:57Z,currencyservice,currencyservice,0,0,0,0,0
2026-09-11T13:13:57Z,currencyservice,emailservice,0,0,0,0,0
2026-09-11T13:13:57Z,currencyservice,frontend,0,0,0,0,0
2026-09-11T13:13:57Z,currencyservice,kubernetes,0,0,0,0,0
2026-09-11T13:13:57Z,currencyservice,paymentservice,0,0,0,0,0
2026-09-11T13:13:57Z,currencyservice,productcatalogservice,0,0,0,0,0
2026-09-11T13:13:57Z,currencyservice,recommendationservice,0,0,0,0,0
2026-09-11T13:13:57Z,currencyservice,redis-cart,0,0,0,0,0
2026-09-11T13:13:57Z,currencyservice,shippingservice,0,0,0,0,0
2026-09-11T13:13:57Z,emailservice,adservice,0,0,0,0,0
2026-09-11T13:13:57Z,emailservice,cartservice,0,0,0,0,0
2026-09-11T13:13:57Z,emailservice,checkoutservice,0,0,0,0,0
2026-09-11T13:13:57Z,emailservice,currencyservice,0,0,0,0,0
2026-09-11T13:13:57Z,emailservice,emailservice,0,0,0,0,0
2026-09-11T13:13:57Z,emailservice,frontend,0,0,0,0,0
2026-09-11T13:13:57Z,emailservice,kubernetes,0,0,0,0,0
2026-09-11T13:13:57Z,emailservice,paymentservice,0,0,0,0,0
2026-09-11T13:13:57Z,emailservice,productcatalogservice,0,0,0,0,0
2026-09-11T13:13:57Z,emailservice,recommendationservice,0,0,0,0,0
2026-09-11T13:13:57Z,emailservice,redis-cart,0,0,0,0,0
2026-09-11T13:13:57Z,emailservice,shippingservice,0,0,0,0,0
2026-09-11T13:13:57Z,frontend,adservice,43068,30459,0,479,0
2026-09-11T13:13:57Z,frontend,cartservice,197859,197831,0,0,0
2026-09-11T13:13:57Z,frontend,checkoutservice,8018,8018,0,0,0
2026-09-11T13:13:57Z,frontend,currencyservice,316357,316279,0,0,0
2026-09-11T13:13:57Z,frontend,emailservice,0,0,0,0,0
2026-09-11T13:13:57Z,frontend,frontend,0,0,0,0,0
2026-09-11T13:13:57Z,frontend,kubernetes,0,0,0,0,0
2026-09-11T13:13:57Z,frontend,paymentservice,0,0,0,0,0
2026-09-11T13:13:57Z,frontend,productcatalogservice,789330,789091,0,0,0
2026-09-11T13:13:57Z,frontend,recommendationservice,128373,128360,0,0,0
2026-09-11T13:13:57Z,frontend,redis-cart,0,0,0,0,0
2026-09-11T13:13:57Z,frontend,shippingservice,77047,77047,0,0,0
2026-09-11T13:13:57Z,paymentservice,adservice,0,0,0,0,0
2026-09-11T13:13:57Z,paymentservice,cartservice,0,0,0,0,0
2026-09-11T13:13:57Z,paymentservice,checkoutservice,0,0,0,0,0
2026-09-11T13:13:57Z,paymentservice,currencyservice,0,0,0,0,0
2026-09-11T13:13:57Z,paymentservice,emailservice,0,0,0,0,0
2026-09-11T13:13:57Z,paymentservice,frontend,0,0,0,0,0
2026-09-11T13:13:57Z,paymentservice,kubernetes,0,0,0,0,0
2026-09-11T13:13:57Z,paymentservice,paymentservice,0,0,0,0,0
2026-09-11T13:13:57Z,paymentservice,productcatalogservice,0,0,0,0,0
2026-09-11T13:13:57Z,paymentservice,recommendationservice,0,0,0,0,0
2026-09-11T13:13:57Z,paymentservice,redis-cart,0,0,0,0,0
2026-09-11T13:13:57Z,paymentservice,shippingservice,0,0,0,0,0
2026-09-11T13:13:57Z,productcatalogservice,adservice,0,0,0,0,0
2026-09-11T13:13:57Z,productcatalogservice,cartservice,0,0,0,0,0
2026-09-11T13:13:57Z,productcatalogservice,checkoutservice,0,0,0,0,0
2026-09-11T13:13:57Z,productcatalogservice,currencyservice,0,0,0,0,0
2026-09-11T13:13:57Z,productcatalogservice,emailservice,0,0,0,0,0
2026-09-11T13:13:57Z,productcatalogservice,frontend,0,0,0,0,0
2026-09-11T13:13:57Z,productcatalogservice,kubernetes,0,0,0,0,0
2026-09-11T13:13:57Z,productcatalogservice,paymentservice,0,0,0,0,0
2026-09-11T13:13:57Z,productcatalogservice,productcatalogservice,0,0,0,0,0
2026-09-11T13:13:57Z,productcatalogservice,recommendationservice,0,0,0,0,0
2026-09-11T13:13:57Z,productcatalogservice,redis-cart,0,0,0,0,0
2026-09-11T13:13:57Z,productcatalogservice,shippingservice,0,0,0,0,0
2026-09-11T13:13:57Z,recommendationservice,adservice,0,0,0,0,0
2026-09-11T13:13:57Z,recommendationservice,cartservice,0,0,0,0,0
2026-09-11T13:13:57Z,recommendationservice,checkoutservice,0,0,0,0,0
2026-09-11T13:13:57Z,recommendationservice,currencyservice,0,0,0,0,0
2026-09-11T13:13:57Z,recommendationservice,emailservice,0,0,0,0,0
2026-09-11T13:13:57Z,recommendationservice,frontend,0,0,0,0,0
2026-09-11T13:13:57Z,recommendationservice,kubernetes,0,0,0,0,0
2026-09-11T13:13:57Z,recommendationservice,paymentservice,0,0,0,0,0
2026-09-11T13:13:57Z,recommendationservice,productcatalogservice,128369,128369,0,0,0
2026-09-11T13:13:57Z,recommendationservice,recommendationservice,0,0,0,0,0
2026-09-11T13:13:57Z,recommendationservice,redis-cart,0,0,0,0,0
2026-09-11T13:13:57Z,recommendationservice,shippingservice,0,0,0,0,0
2026-09-11T13:13:57Z,redis-cart,adservice,0,0,0,0,0
2026-09-11T13:13:57Z,redis-cart,cartservice,0,0,0,0,0
2026-09-11T13:13:57Z,redis-cart,checkoutservice,0,0,0,0,0
2026-09-11T13:13:57Z,redis-cart,currencyservice,0,0,0,0,0
2026-09-11T13:13:57Z,redis-cart,emailservice,0,0,0,0,0
2026-09-11T13:13:57Z,redis-cart,frontend,0,0,0,0,0
2026-09-11T13:13:57Z,redis-cart,kubernetes,0,0,0,0,0
2026-09-11T13:13:57Z,redis-cart,paymentservice,0,0,0,0,0
2026-09-11T13:13:57Z,redis-cart,productcatalogservice,0,0,0,0,0
2026-09-11T13:13:57Z,redis-cart,recommendationservice,0,0,0,0,0
2026-09-11T13:13:57Z,redis-cart,redis-cart,0,0,0,0,0
2026-09-11T13:13:57Z,redis-cart,shippingservice,0,0,0,0,0
2026-09-11T13:13:57Z,shippingservice,adservice,0,0,0,0,0
2026-09-11T13:13:57Z,shippingservice,cartservice,0,0,0,0,0
2026-09-11T13:13:57Z,shippingservice,checkoutservice,0,0,0,0,0
2026-09-11T13:13:57Z,shippingservice,currencyservice,0,0,0,0,0
2026-09-11T13:13:57Z,shippingservice,emailservice,0,0,0,0,0
2026-09-11T13:13:57Z,shippingservice,frontend,0,0,0,0,0
2026-09-11T13:13:57Z,shippingservice,kubernetes,0,0,0,0,0
2026-09-11T13:13:57Z,shippingservice,paymentservice,0,0,0,0,0
2026-09-11T13:13:57Z,shippingservice,productcatalogservice,0,0,0,0,0
2026-09-11T13:13:57Z,shippingservice,recommendationservice,0,0,0,0,0
2026-09-11T13:13:57Z,shippingservice,redis-cart,0,0,0,0,0
2026-09-11T13:13:57Z,shippingservice,shippingservice,0,0,0,0,0
2026-09-11T13:14:00Z,adservice,adservice,0,0,0,0,0
2026-09-11T13:14:00Z,adservice,cartservice,0,0,0,0,0
2026-09-11T13:14:00Z,adservice,checkoutservice,0,0,0,0,0
2026-09-11T13:14:00Z,adservice,currencyservice,0,0,0,0,0
2026-09-11T13:14:00Z,adservice,emailservice,0,0,0,0,0
2026-09-11T13:14:00Z,adservice,frontend,0,0,0,0,0
2026-09-11T13:14:00Z,adservice,kubernetes,0,0,0,0,0
2026-09-11T13:14:00Z,adservice,paymentservice,0,0,0,0,0
2026-09-11T13:14:00Z,adservice,productcatalogservice,0,0,0,0,0
2026-09-11T13:14:00Z,adservice,recommendationservice,0,0,0,0,0
2026-09-11T13:14:00Z,adservice,redis-cart,0,0,0,0,0
2026-09-11T13:14:00Z,adservice,shippingservice,0,0,0,0,0
2026-09-11T13:14:00Z,cartservice,adservice,0,0,0,0,0
2026-09-11T13:14:00Z,cartservice,cartservice,0,0,0,0,0
2026-09-11T13:14:00Z,cartservice,checkoutservice,0,0,0,0,0
2026-09-11T13:14:00Z,cartservice,currencyservice,0,0,0,0,0
2026-09-11T13:14:00Z,cartservice,emailservice,0,0,0,0,0
2026-09-11T13:14:00Z,cartservice,frontend,0,0,0,0,0
2026-09-11T13:14:00Z,cartservice,kubernetes,0,0,0,0,0
2026-09-11T13:14:00Z,cartservice,paymentservice,0,0,0,0,0
2026-09-11T13:14:00Z,cartservice,productcatalogservice,0,0,0,0,0
2026-09-11T13:14:00Z,cartservice,recommendationservice,0,0,0,0,0
2026-09-11T13:14:00Z,cartservice,redis-cart,2,0,0,0,0
2026-09-11T13:14:00Z,cartservice,shippingservice,0,0,0,0,0
2026-09-11T13:14:00Z,checkoutservice,adservice,0,0,0,0,0
2026-09-11T13:14:00Z,checkoutservice,cartservice,16036,16036,0,0,0
2026-09-11T13:14:00Z,checkoutservice,checkoutservice,0,0,0,0,0
2026-09-11T13:14:00Z,checkoutservice,currencyservice,8018,8018,0,0,0
2026-09-11T13:14:00Z,checkoutservice,emailservice,8018,8018,0,0,0
2026-09-11T13:14:00Z,checkoutservice,frontend,0,0,0,0,0
2026-09-11T13:14:00Z,checkoutservice,kubernetes,0,0,0,0,0
2026-09-11T13:14:00Z,checkoutservice,paymentservice,8018,8018,0,0,0
2026-09-11T13:14:00Z,checkoutservice,productcatalogservice,0,0,0,0,0
2026-09-11T13:14:00Z,checkoutservice,recommendationservice,0,0,0,0,0
2026-09-11T13:14:00Z,checkoutservice,redis-cart,0,0,0,0,0
2026-09-11T13:14:00Z,checkoutservice,shippingservice,16036,16036,0,0,0
2026-09-11T13:14:00Z,currencyservice,adservice,0,0,0,0,0
2026-09-11T13:14:00Z,currencyservice,cartservice,0,0,0,0,0
2026-09-11T13:14:00Z,currencyservice,checkoutservice,0,0,0,0,0
2026-09-11T13:14:00Z,currencyservice,currencyservice,0,0,0,0,0
2026-09-11T13:14:00Z,currencyservice,emailservice,0,0,0,0,0
2026-09-11T13:14:00Z,currencyservice,frontend,0,0,0,0,0
2026-09-11T13:14:00Z,currencyservice,kubernetes,0,0,0,0,0
2026-09-11T13:14:00Z,currencyservice,paymentservice,0,0,0,0,0
2026-09-11T13:14:00Z,currencyservice,productcatalogservice,0,0,0,0,0
2026-09-11T13:14:00Z,currencyservice,recommendationservice,0,0,0,0,0
2026-09-11T13:14:00Z,currencyservice,redis-cart,0,0,0,0,0
2026-09-11T13:14:00Z,currencyservice,shippingservice,0,0,0,0,0
2026-09-11T13:14:00Z,emailservice,adservice,0,0,0,0,0
2026-09-11T13:14:00Z,emailservice,cartservice,0,0,0,0,0
2026-09-11T13:14:00Z,emailservice,checkoutservice,0,0,0,0,0
2026-09-11T13:14:00Z,emailservice,currencyservice,0,0,0,0,0
2026-09-11T13:14:00Z,emailservice,emailservice,0,0,0,0,0
2026-09-11T13:14:00Z,emailservice,frontend,0,0,0,0,0
2026-09-11T13:14:00Z,emailservice,kubernetes,0,0,0,0,0
2026-09-11T13:14:00Z,emailservice,paymentservice,0,0,0,0,0
2026-09-11T13:14:00Z,emailservice,productcatalogservice,0,0,0,0,0
2026-09-11T13:14:00Z,emailservice,recommendationservice,0,0,0,0,0
2026-09-11T13:14:00Z,emailservice,redis-cart,0,0,0,0,0
2026-09-11T13:14:00Z,emailservice,shippingservice,0,0,0,0,0
2026-09-11T13:14:00Z,frontend,adservice,43068,30459,0,479,0
2026-09-11T13:14:00Z,frontend,cartservice,197859,197831,0,0,0
2026-09-11T13:14:00Z,frontend,checkoutservice,8018,8018,0,0,0
2026-09-11T13:14:00Z,frontend,currencyservice,316357,316279,0,0,0
2026-09-11T13:14:00Z,frontend,emailservice,0,0,0,0,0
2026-09-11T13:14:00Z,frontend,frontend,0,0,0,0,0
2026-09-11T13:14:00Z,frontend,kubernetes,0,0,0,0,0
2026-09-11T13:14:00Z,frontend,paymentservice,0,0,0,0,0
2026-09-11T13:14:00Z,frontend,productcatalogservice,789330,789091,0,0,0
2026-09-11T13:14:00Z,frontend,recommendationservice,128373,128360,0,0,0
2026-09-11T13:14:00Z,frontend,redis-cart,0,0,0,0,0
2026-09-11T13:14:00Z,frontend,shippingservice,77047,77047,0,0,0
2026-09-11T13:14:00Z,paymentservice,adservice,0,0,0,0,0
2026-09-11T13:14:00Z,paymentservice,cartservice,0,0,0,0,0
2026-09-11T13:14:00Z,paymentservice,checkoutservice,0,0,0,0,0
2026-09-11T13:14:00Z,paymentservice,currencyservice,0,0,0,0,0
2026-09-11T13:14:00Z,paymentservice,emailservice,0,0,0,0,0
2026-09-11T13:14:00Z,paymentservice,frontend,0,0,0,0,0
2026-09-11T13:14:00Z,paymentservice,kubernetes,0,0,0,0,0
2026-09-11T13:14:00Z,paymentservice,paymentservice,0,0,0,0,0
2026-09-11T13:14:00Z,paymentservice,productcatalogservice,0,0,0,0,0
2026-09-11T13:14:00Z,paymentservice,recommendationservice,0,0,0,0,0
2026-09-11T13:14:00Z,paymentservice,redis-cart,0,0,0,0,0
2026-09-11T13:14:00Z,paymentservice,shippingservice,0,0,0,0,0
2026-09-11T13:14:00Z,productcatalogservice,adservice,0,0,0,0,0
2026-09-11T13:14:00Z,productcatalogservice,cartservice,0,0,0,0,0
2026-09-11T13:14:00Z,productcatalogservice,checkoutservice,0,0,0,0,0
2026-09-11T13:14:00Z,productcatalogservice,currencyservice,0,0,0,0,0
2026-09-11T13:14:00Z,productcatalogservice,emailservice,0,0,0,0,0
2026-09-11T13:14:00Z,productcatalogservice,frontend,0,0,0,0,0
2026-09-11T13:14:00Z,productcatalogservice,kubernetes,0,0,0,0,0
2026-09-11T13:14:00Z,productcatalogservice,paymentservice,0,0,0,0,0
2026-09-11T13:14:00Z,productcatalogservice,productcatalogservice,0,0,0,0,0
2026-09-11T13:14:00Z,productcatalogservice,recommendationservice,0,0,0,0,0
2026-09-11T13:14:00Z,productcatalogservice,redis-cart,0,0,0,0,0
2026-09-11T13:14:00Z,productcatalogservice,shippingservice,0,0,0,0,0
2026-09-11T13:14:00Z,recommendationservice,adservice,0,0,0,0,0
2026-09-11T13:14:00Z,recommendationservice,cartservice,0,0,0,0,0
2026-09-11T13:14:00Z,recommendationservice,checkoutservice,0,0,0,0,0
2026-09-11T13:14:00Z,recommendationservice,currencyservice,0,0,0,0,0
2026-09-11T13:14:00Z,recommendationservice,emailservice,0,0,0,0,0
2026-09-11T13:14:00Z,recommendationservice,frontend,0,0,0,0,0
2026-09-11T13:14:00Z,recommendationservice,kubernetes,0,0,0,0,0
2026-09-11T13:14:00Z,recommendationservice,paymentservice,0,0,0,0,0
2026-09-11T13:14:00Z,recommendationservice,productcatalogservice,128369,128369,0,0,0
2026-09-11T13:14:00Z,recommendationservice,recommendationservice,0,0,0,0,0
2026-09-11T13:14:00Z,recommendationservice,redis-cart,0,0,0,0,0
2026-09-11T13:14:00Z,recommendationservice,shippingservice,0,0,0,0,0
2026-09-11T13:14:00Z,redis-cart,adservice,0,0,0,0,0
2026-09-11T13:14:00Z,redis-cart,cartservice,0,0,0,0,0
2026-09-11T13:14:00Z,redis-cart,checkoutservice,0,0,0,0,0
2026-09-11T13:14:00Z,redis-cart,currencyservice,0,0,0,0,0
2026-09-11T13:14:00Z,redis-cart,emailservice,0,0,0,0,0
2026-09-11T13:14:00Z,redis-cart,frontend,0,0,0,0,0
2026-09-11T13:14:00Z,redis-cart,kubernetes,0,0,0,0,0
2026-09-11T13:14:00Z,redis-cart,paymentservice,0,0,0,0,0
2026-09-11T13:14:00Z,redis-cart,productcatalogservice,0,0,0,0,0
2026-09-11T13:14:00Z,redis-cart,recommendationservice,0,0,0,0,0
2026-09-11T13:14:00Z,redis-cart,redis-cart,0,0,0,0,0
2026-09-11T13:14:00Z,redis-cart,shippingservice,0,0,0,0,0
2026-09-11T13:14:00Z,shippingservice,adservice,0,0,0,0,0
2026-09-11T13:14:00Z,shippingservice,cartservice,0,0,0,0,0
2026-09-11T13:14:00Z,shippingservice,checkoutservice,0,0,0,0,0
2026-09-11T13:14:00Z,shippingservice,currencyservice,0,0,0,0,0
2026-09-11T13:14:00Z,shippingservice,emailservice,0,0,0,0,0
2026-09-11T13:14:00Z,shippingservice,frontend,0,0,0,0,0
2026-09-11T13:14:00Z,shippingservice,kubernetes,0,0,0,0,0
2026-09-11T13:14:00Z,shippingservice,paymentservice,0,0,0,0,0
2026-09-11T13:14:00Z,shippingservice,productcatalogservice,0,0,0,0,0
2026-09-11T13:14:00Z,shippingservice,recommendationservice,0,0,0,0,0
2026-09-11T13:14:00Z,shippingservice,redis-cart,0,0,0,0,0
2026-09-11T13:14:00Z,shippingservice,shippingservice,0,0,0,0,0
2026-09-11T13:14:03Z,adservice,adservice,0,0,0,0,0
2026-09-11T13:14:03Z,adservice,cartservice,0,0,0,0,0
2026-09-11T13:14:03Z,adservice,checkoutservice,0,0,0,0,0
2026-09-11T13:14:03Z,adservice,currencyservice,0,0,0,0,0
2026-09-11T13:14:03Z,adservice,emailservice,0,0,0,0,0
2026-09-11T13:14:03Z,adservice,frontend,0,0,0,0,0
2026-09-11T13:14:03Z,adservice,kubernetes,0,0,0,0,0
2026-09-11T13:14:03Z,adservice,paymentservice,0,0,0,0,0
2026-09-11T13:14:03Z,adservice,productcatalogservice,0,0,0,0,0
2026-09-11T13:14:03Z,adservice,recommendationservice,0,0,0,0,0
2026-09-11T13:14:03Z,adservice,redis-cart,0,0,0,0,0
2026-09-11T13:14:03Z,adservice,shippingservice,0,0,0,0,0
2026-09-11T13:14:03Z,cartservice,adservice,0,0,0,0,0
2026-09-11T13:14:03Z,cartservice,cartservice,0,0,0,0,0
2026-09-11T13:14:03Z,cartservice,checkoutservice,0,0,0,0,0
2026-09-11T13:14:03Z,cartservice,currencyservice,0,0,0,0,0
2026-09-11T13:14:03Z,cartservice,emailservice,0,0,0,0,0
2026-09-11T13:14:03Z,cartservice,frontend,0,0,0,0,0
2026-09-11T13:14:03Z,cartservice,kubernetes,0,0,0,0,0
2026-09-11T13:14:03Z,cartservice,paymentservice,0,0,0,0,0
2026-09-11T13:14:03Z,cartservice,productcatalogservice,0,0,0,0,0
2026-09-11T13:14:03Z,cartservice,recommendationservice,0,0,0,0,0
2026-09-11T13:14:03Z,cartservice,redis-cart,2,0,0,0,0
2026-09-11T13:14:03Z,cartservice,shippingservice,0,0,0,0,0
2026-09-11T13:14:03Z,checkoutservice,adservice,0,0,0,0,0
2026-09-11T13:14:03Z,checkoutservice,cartservice,16036,16036,0,0,0
2026-09-11T13:14:03Z,checkoutservice,checkoutservice,0,0,0,0,0
2026-09-11T13:14:03Z,checkoutservice,currencyservice,8018,8018,0,0,0
2026-09-11T13:14:03Z,checkoutservice,emailservice,8018,8018,0,0,0
2026-09-11T13:14:03Z,checkoutservice,frontend,0,0,0,0,0
2026-09-11T13:14:03Z,checkoutservice,kubernetes,0,0,0,0,0
2026-09-11T13:14:03Z,checkoutservice,paymentservice,8018,8018,0,0,0
2026-09-11T13:14:03Z,checkoutservice,productcatalogservice,0,0,0,0,0
2026-09-11T13:14:03Z,checkoutservice,recommendationservice,0,0,0,0,0
2026-09-11T13:14:03Z,checkoutservice,redis-cart,0,0,0,0,0
2026-09-11T13:14:03Z,checkoutservice,shippingservice,16036,16036,0,0,0
2026-09-11T13:14:03Z,currencyservice,adservice,0,0,0,0,0
2026-09-11T13:14:03Z,currencyservice,cartservice,0,0,0,0,0
2026-09-11T13:14:03Z,currencyservice,checkoutservice,0,0,0,0,0
2026-09-11T13:14:03Z,currencyservice,currencyservice,0,0,0,0,0
2026-09-11T13:14:03Z,currencyservice,emailservice,0,0,0,0,0
2026-09-11T13:14:03Z,currencyservice,frontend,0,0,0,0,0
2026-09-11T13:14:03Z,currencyservice,kubernetes,0,0,0,0,0
2026-09-11T13:14:03Z,currencyservice,paymentservice,0,0,0,0,0
2026-09-11T13:14:03Z,currencyservice,productcatalogservice,0,0,0,0,0
2026-09-11T13:14:03Z,currencyservice,recommendationservice,0,0,0,0,0
2026-09-11T13:14:03Z,currencyservice,redis-cart,0,0,0,0,0
2026-09-11T13:14:03Z,currencyservice,shippingservice,0,0,0,0,0
2026-09-11T13:14:03Z,emailservice,adservice,0,0,0,0,0
2026-09-11T13:14:03Z,emailservice,cartservice,0,0,0,0,0
2026-09-11T13:14:03Z,emailservice,checkoutservice,0,0,0,0,0
2026-09-11T13:14:03Z,emailservice,currencyservice,0,0,0,0,0
2026-09-11T13:14:03Z,emailservice,emailservice,0,0,0,0,0
2026-09-11T13:14:03Z,emailservice,frontend,0,0,0,0,0
2026-09-11T13:14:03Z,emailservice,kubernetes,0,0,0,0,0
2026-09-11T13:14:03Z,emailservice,paymentservice,0,0,0,0,0
2026-09-11T13:14:03Z,emailservice,productcatalogservice,0,0,0,0,0
2026-09-11T13:14:03Z,emailservice,recommendationservice,0,0,0,0,0
2026-09-11T13:14:03Z,emailservice,redis-cart,0,0,0,0,0
2026-09-11T13:14:03Z,emailservice,shippingservice,0,0,0,0,0
2026-09-11T13:14:03Z,frontend,adservice,43068,30459,0,479,0
2026-09-11T13:14:03Z,frontend,cartservice,197859,197831,0,0,0
2026-09-11T13:14:03Z,frontend,checkoutservice,8018,8018,0,0,0
2026-09-11T13:14:03Z,frontend,currencyservice,316357,316279,0,0,0
2026-09-11T13:14:03Z,frontend,emailservice,0,0,0,0,0
2026-09-11T13:14:03Z,frontend,frontend,0,0,0,0,0
2026-09-11T13:14:03Z,frontend,kubernetes,0,0,0,0,0
2026-09-11T13:14:03Z,frontend,paymentservice,0,0,0,0,0
2026-09-11T13:14:03Z,frontend,productcatalogservice,789330,789091,0,0,0
2026-09-11T13:14:03Z,frontend,recommendationservice,128373,128360,0,0,0
2026-09-11T13:14:03Z,frontend,redis-cart,0,0,0,0,0
2026-09-11T13:14:03Z,frontend,shippingservice,77047,77047,0,0,0
2026-09-11T13:14:03Z,paymentservice,adservice,0,0,0,0,0
2026-09-11T13:14:03Z,paymentservice,cartservice,0,0,0,0,0
2026-09-11T13:14:03Z,paymentservice,checkoutservice,0,0,0,0,0
2026-09-11T13:14:03Z,paymentservice,currencyservice,0,0,0,0,0
2026-09-11T13:14:03Z,paymentservice,emailservice,0,0,0,0,0
2026-09-11T13:14:03Z,paymentservice,frontend,0,0,0,0,0
2026-09-11T13:14:03Z,paymentservice,kubernetes,0,0,0,0,0
2026-09-11T13:14:03Z,paymentservice,paymentservice,0,0,0,0,0
2026-09-11T13:14:03Z,paymentservice,productcatalogservice,0,0,0,0,0
2026-09-11T13:14:03Z,paymentservice,recommendationservice,0,0,0,0,0
2026-09-11T13:14:03Z,paymentservice,redis-cart,0,0,0,0,0
2026-09-11T13:14:03Z,paymentservice,shippingservice,0,0,0,0,0
2026-09-11T13:14:03Z,productcatalogservice,adservice,0,0,0,0,0
2026-09-11T13:14:03Z,productcatalogservice,cartservice,0,0,0,0,0
2026-09-11T13:14:03Z,productcatalogservice,checkoutservice,0,0,0,0,0
2026-09-11T13:14:03Z,productcatalogservice,currencyservice,0,0,0,0,0
2026-09-11T13:14:03Z,productcatalogservice,emailservice,0,0,0,0,0
2026-09-11T13:14:03Z,productcatalogservice,frontend,0,0,0,0,0
2026-09-11T13:14:03Z,productcatalogservice,kubernetes,0,0,0,0,0
2026-09-11T13:14:03Z,productcatalogservice,paymentservice,0,0,0,0,0
2026-09-11T13:14:03Z,productcatalogservice,productcatalogservice,0,0,0,0,0
2026-09-11T13:14:03Z,productcatalogservice,recommendationservice,0,0,0,0,0
2026-09-11T13:14:03Z,productcatalogservice,redis-cart,0,0,0,0,0
2026-09-11T13:14:03Z,productcatalogservice,shippingservice,0,0,0,0,0
2026-09-11T13:14:03Z,recommendationservice,adservice,0,0,0,0,0
2026-09-11T13:14:03Z,recommendationservice,cartservice,0,0,0,0,0
2026-09-11T13:14:03Z,recommendationservice,checkoutservice,0,0,0,0,0
2026-09-11T13:14:03Z,recommendationservice,currencyservice,0,0,0,0,0
2026-09-11T13:14:03Z,recommendationservice,emailservice,0,0,0,0,0
2026-09-11T13:14:03Z,recommendationservice,frontend,0,0,0,0,0
2026-09-11T13:14:03Z,recommendationservice,kubernetes,0,0,0,0,0
2026-09-11T13:14:03Z,recommendationservice,paymentservice,0,0,0,0,0
2026-09-11T13:14:03Z,recommendationservice,productcatalogservice,128369,128369,0,0,0
2026-09-11T13:14:03Z,recommendationservice,recommendationservice,0,0,0,0,0
2026-09-11T13:14:03Z,recommendationservice,redis-cart,0,0,0,0,0
2026-09-11T13:14:03Z,recommendationservice,shippingservice,0,0,0,0,0
2026-09-11T13:14:03Z,redis-cart,adservice,0,0,0,0,0
2026-09-11T13:14:03Z,redis-cart,cartservice,0,0,0,0,0
2026-09-11T13:14:03Z,redis-cart,checkoutservice,0,0,0,0,0
2026-09-11T13:14:03Z,redis-cart,currencyservice,0,0,0,0,0
2026-09-11T13:14:03Z,redis-cart,emailservice,0,0,0,0,0
2026-09-11T13:14:03Z,redis-cart,frontend,0,0,0,0,0
2026-09-11T13:14:03Z,redis-cart,kubernetes,0,0,0,0,0
2026-09-11T13:14:03Z,redis-cart,paymentservice,0,0,0,0,0
2026-09-11T13:14:03Z,redis-cart,productcatalogservice,0,0,0,0,0
2026-09-11T13:14:03Z,redis-cart,recommendationservice,0,0,0,0,0
2026-09-11T13:14:03Z,redis-cart,redis-cart,0,0,0,0,0
2026-09-11T13:14:03Z,redis-cart,shippingservice,0,0,0,0,0
2026-09-11T13:14:03Z,shippingservice,adservice,0,0,0,0,0
2026-09-11T13:14:03Z,shippingservice,cartservice,0,0,0,0,0
2026-09-11T13:14:03Z,shippingservice,checkoutservice,0,0,0,0,0
2026-09-11T13:14:03Z,shippingservice,currencyservice,0,0,0,0,0
2026-09-11T13:14:03Z,shippingservice,emailservice,0,0,0,0,0
2026-09-11T13:14:03Z,shippingservice,frontend,0,0,0,0,0
2026-09-11T13:14:03Z,shippingservice,kubernetes,0,0,0,0,0
2026-09-11T13:14:03Z,shippingservice,paymentservice,0,0,0,0,0
2026-09-11T13:14:03Z,shippingservice,productcatalogservice,0,0,0,0,0
2026-09-11T13:14:03Z,shippingservice,recommendationservice,0,0,0,0,0
2026-09-11T13:14:03Z,shippingservice,redis-cart,0,0,0,0,0
2026-09-11T13:14:03Z,shippingservice,shippingservice,0,0,0,0,0
2026-09-11T13:14:06Z,adservice,adservice,0,0,0,0,0
2026-09-11T13:14:06Z,adservice,cartservice,0,0,0,0,0
2026-09-11T13:14:06Z,adservice,checkoutservice,0,0,0,0,0
2026-09-11T13:14:06Z,adservice,currencyservice,0,0,0,0,0
2026-09-11T13:14:06Z,adservice,emailservice,0,0,0,0,0
2026-09-11T13:14:06Z,adservice,frontend,0,0,0,0,0
2026-09-11T13:14:06Z,adservice,kubernetes,0,0,0,0,0
2026-09-11T13:14:06Z,adservice,paymentservice,0,0,0,0,0
2026-09-11T13:14:06Z,adservice,productcatalogservice,0,0,0,0,0
2026-09-11T13:14:06Z,adservice,recommendationservice,0,0,0,0,0
2026-09-11T13:14:06Z,adservice,redis-cart,0,0,0,0,0
2026-09-11T13:14:06Z,adservice,shippingservice,0,0,0,0,0
2026-09-11T13:14:06Z,cartservice,adservice,0,0,0,0,0
2026-09-11T13:14:06Z,cartservice,cartservice,0,0,0,0,0
2026-09-11T13:14:06Z,cartservice,checkoutservice,0,0,0,0,0
2026-09-11T13:14:06Z,cartservice,currencyservice,0,0,0,0,0
2026-09-11T13:14:06Z,cartservice,emailservice,0,0,0,0,0
2026-09-11T13:14:06Z,cartservice,frontend,0,0,0,0,0
2026-09-11T13:14:06Z,cartservice,kubernetes,0,0,0,0,0
2026-09-11T13:14:06Z,cartservice,paymentservice,0,0,0,0,0
2026-09-11T13:14:06Z,cartservice,productcatalogservice,0,0,0,0,0
2026-09-11T13:14:06Z,cartservice,recommendationservice,0,0,0,0,0
2026-09-11T13:14:06Z,cartservice,redis-cart,2,0,0,0,0
2026-09-11T13:14:06Z,cartservice,shippingservice,0,0,0,0,0
2026-09-11T13:14:06Z,checkoutservice,adservice,0,0,0,0,0
2026-09-11T13:14:06Z,checkoutservice,cartservice,16036,16036,0,0,0
2026-09-11T13:14:06Z,checkoutservice,checkoutservice,0,0,0,0,0
2026-09-11T13:14:06Z,checkoutservice,currencyservice,8018,8018,0,0,0
2026-09-11T13:14:06Z,checkoutservice,emailservice,8018,8018,0,0,0
2026-09-11T13:14:06Z,checkoutservice,frontend,0,0,0,0,0
2026-09-11T13:14:06Z,checkoutservice,kubernetes,0,0,0,0,0
2026-09-11T13:14:06Z,checkoutservice,paymentservice,8018,8018,0,0,0
2026-09-11T13:14:06Z,checkoutservice,productcatalogservice,0,0,0,0,0
2026-09-11T13:14:06Z,checkoutservice,recommendationservice,0,0,0,0,0
2026-09-11T13:14:06Z,checkoutservice,redis-cart,0,0,0,0,0
2026-09-11T13:14:06Z,checkoutservice,shippingservice,16036,16036,0,0,0
2026-09-11T13:14:06Z,currencyservice,adservice,0,0,0,0,0
2026-09-11T13:14:06Z,currencyservice,cartservice,0,0,0,0,0
2026-09-11T13:14:06Z,currencyservice,checkoutservice,0,0,0,0,0
2026-09-11T13:14:06Z,currencyservice,currencyservice,0,0,0,0,0
2026-09-11T13:14:06Z,currencyservice,emailservice,0,0,0,0,0
2026-09-11T13:14:06Z,currencyservice,frontend,0,0,0,0,0
2026-09-11T13:14:06Z,currencyservice,kubernetes,0,0,0,0,0
2026-09-11T13:14:06Z,currencyservice,paymentservice,0,0,0,0,0
2026-09-11T13:14:06Z,currencyservice,productcatalogservice,0,0,0,0,0
2026-09-11T13:14:06Z,currencyservice,recommendationservice,0,0,0,0,0
2026-09-11T13:14:06Z,currencyservice,redis-cart,0,0,0,0,0
2026-09-11T13:14:06Z,currencyservice,shippingservice,0,0,0,0,0
2026-09-11T13:14:06Z,emailservice,adservice,0,0,0,0,0
2026-09-11T13:14:06Z,emailservice,cartservice,0,0,0,0,0
2026-09-11T13:14:06Z,emailservice,checkoutservice,0,0,0,0,0
2026-09-11T13:14:06Z,emailservice,currencyservice,0,0,0,0,0
2026-09-11T13:14:06Z,emailservice,emailservice,0,0,0,0,0
2026-09-11T13:14:06Z,emailservice,frontend,0,0,0,0,0
2026-09-11T13:14:06Z,emailservice,kubernetes,0,0,0,0,0
2026-09-11T13:14:06Z,emailservice,paymentservice,0,0,0,0,0
2026-09-11T13:14:06Z,emailservice,productcatalogservice,0,0,0,0,0
2026-09-11T13:14:06Z,emailservice,recommendationservice,0,0,0,0,0
2026-09-11T13:14:06Z,emailservice,redis-cart,0,0,0,0,0
2026-09-11T13:14:06Z,emailservice,shippingservice,0,0,0,0,0
2026-09-11T13:14:06Z,frontend,adservice,43068,30459,0,479,0
2026-09-11T13:14:06Z,frontend,cartservice,197859,197831,0,0,0
2026-09-11T13:14:06Z,frontend,checkoutservice,8018,8018,0,0,0
2026-09-11T13:14:06Z,frontend,currencyservice,316357,316279,0,0,0
2026-09-11T13:14:06Z,frontend,emailservice,0,0,0,0,0
2026-09-11T13:14:06Z,frontend,frontend,0,0,0,0,0
2026-09-11T13:14:06Z,frontend,kubernetes,0,0,0,0,0
2026-09-11T13:14:06Z,frontend,paymentservice,0,0,0,0,0
2026-09-11T13:14:06Z,frontend,productcatalogservice,789330,789091,0,0,0
2026-09-11T13:14:06Z,frontend,recommendationservice,128373,128360,0,0,0
2026-09-11T13:14:06Z,frontend,redis-cart,0,0,0,0,0
2026-09-11T13:14:06Z,frontend,shippingservice,77047,77047,0,0,0
2026-09-11T13:14:06Z,paymentservice,adservice,0,0,0,0,0
2026-09-11T13:14:06Z,paymentservice,cartservice,0,0,0,0,0
2026-09-11T13:14:06Z,paymentservice,checkoutservice,0,0,0,0,0
2026-09-11T13:14:06Z,paymentservice,currencyservice,0,0,0,0,0
2026-09-11T13:14:06Z,paymentservice,emailservice,0,0,0,0,0
2026-09-11T13:14:06Z,paymentservice,frontend,0,0,0,0,0
2026-09-11T13:14:06Z,paymentservice,kubernetes,0,0,0,0,0
2026-09-11T13:14:06Z,paymentservice,paymentservice,0,0,0,0,0
2026-09-11T13:14:06Z,paymentservice,productcatalogservice,0,0,0,0,0
2026-09-11T13:14:06Z,paymentservice,recommendationservice,0,0,0,0,0
2026-09-11T13:14:06Z,paymentservice,redis-cart,0,0,0,0,0
2026-09-11T13:14:06Z,paymentservice,shippingservice,0,0,0,0,0
2026-09-11T13:14:06Z,productcatalogservice,adservice,0,0,0,0,0
2026-09-11T13:14:06Z,productcatalogservice,cartservice,0,0,0,0,0
2026-09-11T13:14:06Z,productcatalogservice,checkoutservice,0,0,0,0,0
2026-09-11T13:14:06Z,productcatalogservice,currencyservice,0,0,0,0,0
2026-09-11T13:14:06Z,productcatalogservice,emailservice,0,0,0,0,0
2026-09-11T13:14:06Z,productcatalogservice,frontend,0,0,0,0,0
2026-09-11T13:14:06Z,productcatalogservice,kubernetes,0,0,0,0,0
2026-09-11T13:14:06Z,productcatalogservice,paymentservice,0,0,0,0,0
2026-09-11T13:14:06Z,productcatalogservice,productcatalogservice,0,0,0,0,0
2026-09-11T13:14:06Z,productcatalogservice,recommendationservice,0,0,0,0,0
2026-09-11T13:14:06Z,productcatalogservice,redis-cart,0,0,0,0,0
2026-09-11T13:14:06Z,productcatalogservice,shippingservice,0,0,0,0,0
2026-09-11T13:14:06Z,recommendationservice,adservice,0,0,0,0,0
2026-09-11T13:14:06Z,recommendationservice,cartservice,0,0,0,0,0
2026-09-11T13:14:06Z,recommendationservice,checkoutservice,0,0,0,0,0
2026-09-11T13:14:06Z,recommendationservice,currencyservice,0,0,0,0,0
2026-09-11T13:14:06Z,recommendationservice,emailservice,0,0,0,0,0
2026-09-11T13:14:06Z,recommendationservice,frontend,0,0,0,0,0
2026-09-11T13:14:06Z,recommendationservice,kubernetes,0,0,0,0,0
2026-09-11T13:14:06Z,recommendationservice,paymentservice,0,0,0,0,0
2026-09-11T13:14:06Z,recommendationservice,productcatalogservice,128369,128369,0,0,0
2026-09-11T13:14:06Z,recommendationservice,recommendationservice,0,0,0,0,0
2026-09-11T13:14:06Z,recommendationservice,redis-cart,0,0,0,0,0
2026-09-11T13:14:06Z,recommendationservice,shippingservice,0,0,0,0,0
2026-09-11T13:14:06Z,redis-cart,adservice,0,0,0,0,0
2026-09-11T13:14:06Z,redis-cart,cartservice,0,0,0,0,0
2026-09-11T13:14:06Z,redis-cart,checkoutservice,0,0,0,0,0
2026-09-11T13:14:06Z,redis-cart,currencyservice,0,0,0,0,0
2026-09-11T13:14:06Z,redis-cart,emailservice,0,0,0,0,0
2026-09-11T13:14:06Z,redis-cart,frontend,0,0,0,0,0
2026-09-11T13:14:06Z,redis-cart,kubernetes,0,0,0,0,0
2026-09-11T13:14:06Z,redis-cart,paymentservice,0,0,0,0,0
2026-09-11T13:14:06Z,redis-cart,productcatalogservice,0,0,0,0,0
2026-09-11T13:14:06Z,redis-cart,recommendationservice,0,0,0,0,0
2026-09-11T13:14:06Z,redis-cart,redis-cart,0,0,0,0,0
2026-09-11T13:14:06Z,redis-cart,shippingservice,0,0,0,0,0
2026-09-11T13:14:06Z,shippingservice,adservice,0,0,0,0,0
2026-09-11T13:14:06Z,shippingservice,cartservice,0,0,0,0,0
2026-09-11T13:14:06Z,shippingservice,checkoutservice,0,0,0,0,0
2026-09-11T13:14:06Z,shippingservice,currencyservice,0,0,0,0,0
2026-09-11T13:14:06Z,shippingservice,emailservice,0,0,0,0,0
2026-09-11T13:14:06Z,shippingservice,frontend,0,0,0,0,0
2026-09-11T13:14:06Z,shippingservice,kubernetes,0,0,0,0,0
2026-09-11T13:14:06Z,shippingservice,paymentservice,0,0,0,0,0
2026-09-11T13:14:06Z,shippingservice,productcatalogservice,0,0,0,0,0
2026-09-11T13:14:06Z,shippingservice,recommendationservice,0,0,0,0,0
2026-09-11T13:14:06Z,shippingservice,redis-cart,0,0,0,0,0
2026-09-11T13:14:06Z,shippingservice,shippingservice,0,0,0,0,0
2026-09-11T13:14:09Z,adservice,adservice,0,0,0,0,0
2026-09-11T13:14:09Z,adservice,cartservice,0,0,0,0,0
2026-09-11T13:14:09Z,adservice,checkoutservice,0,0,0,0,0
2026-09-11T13:14:09Z,adservice,currencyservice,0,0,0,0,0
2026-09-11T13:14:09Z,adservice,emailservice,0,0,0,0,0
2026-09-11T13:14:09Z,adservice,frontend,0,0,0,0,0
2026-09-11T13:14:09Z,adservice,kubernetes,0,0,0,0,0
2026-09-11T13:14:09Z,adservice,paymentservice,0,0,0,0,0
2026-09-11T13:14:09Z,adservice,productcatalogservice,0,0,0,0,0
2026-09-11T13:14:09Z,adservice,recommendationservice,0,0,0,0,0
2026-09-11T13:14:09Z,adservice,redis-cart,0,0,0,0,0
2026-09-11T13:14:09Z,adservice,shippingservice,0,0,0,0,0
2026-09-11T13:14:09Z,cartservice,adservice,0,0,0,0,0
2026-09-11T13:14:09Z,cartservice,cartservice,0,0,0,0,0
2026-09-11T13:14:09Z,cartservice,checkoutservice,0,0,0,0,0
2026-09-11T13:14:09Z,cartservice,currencyservice,0,0,0,0,0
2026-09-11T13:14:09Z,cartservice,emailservice,0,0,0,0,0
2026-09-11T13:14:09Z,cartservice,frontend,0,0,0,0,0
2026-09-11T13:14:09Z,cartservice,kubernetes,0,0,0,0,0
2026-09-11T13:14:09Z,cartservice,paymentservice,0,0,0,0,0
2026-09-11T13:14:09Z,cartservice,productcatalogservice,0,0,0,0,0
2026-09-11T13:14:09Z,cartservice,recommendationservice,0,0,0,0,0
2026-09-11T13:14:09Z,cartservice,redis-cart,2,0,0,0,0
2026-09-11T13:14:09Z,cartservice,shippingservice,0,0,0,0,0
2026-09-11T13:14:09Z,checkoutservice,adservice,0,0,0,0,0
2026-09-11T13:14:09Z,checkoutservice,cartservice,16036,16036,0,0,0
2026-09-11T13:14:09Z,checkoutservice,checkoutservice,0,0,0,0,0
2026-09-11T13:14:09Z,checkoutservice,currencyservice,8018,8018,0,0,0
2026-09-11T13:14:09Z,checkoutservice,emailservice,8018,8018,0,0,0
2026-09-11T13:14:09Z,checkoutservice,frontend,0,0,0,0,0
2026-09-11T13:14:09Z,checkoutservice,kubernetes,0,0,0,0,0
2026-09-11T13:14:09Z,checkoutservice,paymentservice,8018,8018,0,0,0
2026-09-11T13:14:09Z,checkoutservice,productcatalogservice,0,0,0,0,0
2026-09-11T13:14:09Z,checkoutservice,recommendationservice,0,0,0,0,0
2026-09-11T13:14:09Z,checkoutservice,redis-cart,0,0,0,0,0
2026-09-11T13:14:09Z,checkoutservice,shippingservice,16036,16036,0,0,0
2026-09-11T13:14:09Z,currencyservice,adservice,0,0,0,0,0
2026-09-11T13:14:09Z,currencyservice,cartservice,0,0,0,0,0
2026-09-11T13:14:09Z,currencyservice,checkoutservice,0,0,0,0,0
2026-09-11T13:14:09Z,currencyservice,currencyservice,0,0,0,0,0
2026-09-11T13:14:09Z,currencyservice,emailservice,0,0,0,0,0
2026-09-11T13:14:09Z,currencyservice,frontend,0,0,0,0,0
2026-09-11T13:14:09Z,currencyservice,kubernetes,0,0,0,0,0
2026-09-11T13:14:09Z,currencyservice,paymentservice,0,0,0,0,0
2026-09-11T13:14:09Z,currencyservice,productcatalogservice,0,0,0,0,0
2026-09-11T13:14:09Z,currencyservice,recommendationservice,0,0,0,0,0
2026-09-11T13:14:09Z,currencyservice,redis-cart,0,0,0,0,0
2026-09-11T13:14:09Z,currencyservice,shippingservice,0,0,0,0,0
2026-09-11T13:14:09Z,emailservice,adservice,0,0,0,0,0
2026-09-11T13:14:09Z,emailservice,cartservice,0,0,0,0,0
2026-09-11T13:14:09Z,emailservice,checkoutservice,0,0,0,0,0
2026-09-11T13:14:09Z,emailservice,currencyservice,0,0,0,0,0
2026-09-11T13:14:09Z,emailservice,emailservice,0,0,0,0,0
2026-09-11T13:14:09Z,emailservice,frontend,0,0,0,0,0
2026-09-11T13:14:09Z,emailservice,kubernetes,0,0,0,0,0
2026-09-11T13:14:09Z,emailservice,paymentservice,0,0,0,0,0
2026-09-11T13:14:09Z,emailservice,productcatalogservice,0,0,0,0,0
2026-09-11T13:14:09Z,emailservice,recommendationservice,0,0,0,0,0
2026-09-11T13:14:09Z,emailservice,redis-cart,0,0,0,0,0
2026-09-11T13:14:09Z,emailservice,shippingservice,0,0,0,0,0
2026-09-11T13:14:09Z,frontend,adservice,43068,30459,0,479,0
2026-09-11T13:14:09Z,frontend,cartservice,197859,197831,0,0,0
2026-09-11T13:14:09Z,frontend,checkoutservice,8018,8018,0,0,0
2026-09-11T13:14:09Z,frontend,currencyservice,316357,316279,0,0,0
2026-09-11T13:14:09Z,frontend,emailservice,0,0,0,0,0
2026-09-11T13:14:09Z,frontend,frontend,0,0,0,0,0
2026-09-11T13:14:09Z,frontend,kubernetes,0,0,0,0,0
2026-09-11T13:14:09Z,frontend,paymentservice,0,0,0,0,0
2026-09-11T13:14:09Z,frontend,productcatalogservice,789330,789091,0,0,0
2026-09-11T13:14:09Z,frontend,recommendationservice,128373,128360,0,0,0
2026-09-11T13:14:09Z,frontend,redis-cart,0,0,0,0,0
2026-09-11T13:14:09Z,frontend,shippingservice,77047,77047,0,0,0
2026-09-11T13:14:09Z,paymentservice,adservice,0,0,0,0,0
2026-09-11T13:14:09Z,paymentservice,cartservice,0,0,0,0,0
2026-09-11T13:14:09Z,paymentservice,checkoutservice,0,0,0,0,0
2026-09-11T13:14:09Z,paymentservice,currencyservice,0,0,0,0,0
2026-09-11T13:14:09Z,paymentservice,emailservice,0,0,0,0,0
2026-09-11T13:14:09Z,paymentservice,frontend,0,0,0,0,0
2026-09-11T13:14:09Z,paymentservice,kubernetes,0,0,0,0,0
2026-09-11T13:14:09Z,paymentservice,paymentservice,0,0,0,0,0
2026-09-11T13:14:09Z,paymentservice,productcatalogservice,0,0,0,0,0
2026-09-11T13:14:09Z,paymentservice,recommendationservice,0,0,0,0,0
2026-09-11T13:14:09Z,paymentservice,redis-cart,0,0,0,0,0
2026-09-11T13:14:09Z,paymentservice,shippingservice,0,0,0,0,0
2026-09-11T13:14:09Z,productcatalogservice,adservice,0,0,0,0,0
2026-09-11T13:14:09Z,productcatalogservice,cartservice,0,0,0,0,0
2026-09-11T13:14:09Z,productcatalogservice,checkoutservice,0,0,0,0,0
2026-09-11T13:14:09Z,productcatalogservice,currencyservice,0,0,0,0,0
2026-09-11T13:14:09Z,productcatalogservice,emailservice,0,0,0,0,0
2026-09-11T13:14:09Z,productcatalogservice,frontend,0,0,0,0,0
2026-09-11T13:14:09Z,productcatalogservice,kubernetes,0,0,0,0,0
2026-09-11T13:14:09Z,productcatalogservice,paymentservice,0,0,0,0,0
2026-09-11T13:14:09Z,productcatalogservice,productcatalogservice,0,0,0,0,0
2026-09-11T13:14:09Z,productcatalogservice,recommendationservice,0,0,0,0,0
2026-09-11T13:14:09Z,productcatalogservice,redis-cart,0,0,0,0,0
2026-09-11T13:14:09Z,productcatalogservice,shippingservice,0,0,0,0,0
2026-09-11T13:14:09Z,recommendationservice,adservice,0,0,0,0,0
2026-09-11T13:14:09Z,recommendationservice,cartservice,0,0,0,0,0
2026-09-11T13:14:09Z,recommendationservice,checkoutservice,0,0,0,0,0
2026-09-11T13:14:09Z,recommendationservice,currencyservice,0,0,0,0,0
2026-09-11T13:14:09Z,recommendationservice,emailservice,0,0,0,0,0
2026-09-11T13:14:09Z,recommendationservice,frontend,0,0,0,0,0
2026-09-11T13:14:09Z,recommendationservice,kubernetes,0,0,0,0,0
2026-09-11T13:14:09Z,recommendationservice,paymentservice,0,0,0,0,0
2026-09-11T13:14:09Z,recommendationservice,productcatalogservice,128369,128369,0,0,0
2026-09-11T13:14:09Z,recommendationservice,recommendationservice,0,0,0,0,0
2026-09-11T13:14:09Z,recommendationservice,redis-cart,0,0,0,0,0
2026-09-11T13:14:09Z,recommendationservice,shippingservice,0,0,0,0,0
2026-09-11T13:14:09Z,redis-cart,adservice,0,0,0,0,0
2026-09-11T13:14:09Z,redis-cart,cartservice,0,0,0,0,0
2026-09-11T13:14:09Z,redis-cart,checkoutservice,0,0,0,0,0
2026-09-11T13:14:09Z,redis-cart,currencyservice,0,0,0,0,0
2026-09-11T13:14:09Z,redis-cart,emailservice,0,0,0,0,0
2026-09-11T13:14:09Z,redis-cart,frontend,0,0,0,0,0
2026-09-11T13:14:09Z,redis-cart,kubernetes,0,0,0,0,0
2026-09-11T13:14:09Z,redis-cart,paymentservice,0,0,0,0,0
2026-09-11T13:14:09Z,redis-cart,productcatalogservice,0,0,0,0,0
2026-09-11T13:14:09Z,redis-cart,recommendationservice,0,0,0,0,0
2026-09-11T13:14:09Z,redis-cart,redis-cart,0,0,0,0,0
2026-09-11T13:14:09Z,redis-cart,shippingservice,0,0,0,0,0
2026-09-11T13:14:09Z,shippingservice,adservice,0,0,0,0,0
2026-09-11T13:14:09Z,shippingservice,cartservice,0,0,0,0,0
2026-09-11T13:14:09Z,shippingservice,checkoutservice,0,0,0,0,0
2026-09-11T13:14:09Z,shippingservice,currencyservice,0,0,0,0,0
2026-09-11T13:14:09Z,shippingservice,emailservice,0,0,0,0,0
2026-09-11T13:14:09Z,shippingservice,frontend,0,0,0,0,0
2026-09-11T13:14:09Z,shippingservice,kubernetes,0,0,0,0,0
2026-09-11T13:14:09Z,shippingservice,paymentservice,0,0,0,0,0
2026-09-11T13:14:09Z,shippingservice,productcatalogservice,0,0,0,0,0
2026-09-11T13:14:09Z,shippingservice,recommendationservice,0,0,0,0,0
2026-09-11T13:14:09Z,shippingservice,redis-cart,0,0,0,0,0
2026-09-11T13:14:09Z,shippingservice,shippingservice,0,0,0,0,0
2026-09-11T13:14:12Z,adservice,adservice,0,0,0,0,0
2026-09-11T13:14:12Z,adservice,cartservice,0,0,0,0,0
2026-09-11T13:14:12Z,adservice,checkoutservice,0,0,0,0,0
2026-09-11T13:14:12Z,adservice,currencyservice,0,0,0,0,0
2026-09-11T13:14:12Z,adservice,emailservice,0,0,0,0,0
2026-09-11T13:14:12Z,adservice,frontend,0,0,0,0,0
2026-09-11T13:14:12Z,adservice,kubernetes,0,0,0,0,0
2026-09-11T13:14:12Z,adservice,paymentservice,0,0,0,0,0
2026-09-11T13:14:12Z,adservice,productcatalogservice,0,0,0,0,0
2026-09-11T13:14:12Z,adservice,recommendationservice,0,0,0,0,0
2026-09-11T13:14:12Z,adservice,redis-cart,0,0,0,0,0
2026-09-11T13:14:12Z,adservice,shippingservice,0,0,0,0,0
2026-09-11T13:14:12Z,cartservice,adservice,0,0,0,0,0
2026-09-11T13:14:12Z,cartservice,cartservice,0,0,0,0,0
2026-09-11T13:14:12Z,cartservice,checkoutservice,0,0,0,0,0
2026-09-11T13:14:12Z,cartservice,currencyservice,0,0,0,0,0
2026-09-11T13:14:12Z,cartservice,emailservice,0,0,0,0,0
2026-09-11T13:14:12Z,cartservice,frontend,0,0,0,0,0
2026-09-11T13:14:12Z,cartservice,kubernetes,0,0,0,0,0
2026-09-11T13:14:12Z,cartservice,paymentservice,0,0,0,0,0
2026-09-11T13:14:12Z,cartservice,productcatalogservice,0,0,0,0,0
2026-09-11T13:14:12Z,cartservice,recommendationservice,0,0,0,0,0
2026-09-11T13:14:12Z,cartservice,redis-cart,2,0,0,0,0
2026-09-11T13:14:12Z,cartservice,shippingservice,0,0,0,0,0
2026-09-11T13:14:12Z,checkoutservice,adservice,0,0,0,0,0
2026-09-11T13:14:12Z,checkoutservice,cartservice,16036,16036,0,0,0
2026-09-11T13:14:12Z,checkoutservice,checkoutservice,0,0,0,0,0
2026-09-11T13:14:12Z,checkoutservice,currencyservice,8018,8018,0,0,0
2026-09-11T13:14:12Z,checkoutservice,emailservice,8018,8018,0,0,0
2026-09-11T13:14:12Z,checkoutservice,frontend,0,0,0,0,0
2026-09-11T13:14:12Z,checkoutservice,kubernetes,0,0,0,0,0
2026-09-11T13:14:12Z,checkoutservice,paymentservice,8018,8018,0,0,0
2026-09-11T13:14:12Z,checkoutservice,productcatalogservice,0,0,0,0,0
2026-09-11T13:14:12Z,checkoutservice,recommendationservice,0,0,0,0,0
2026-09-11T13:14:12Z,checkoutservice,redis-cart,0,0,0,0,0
2026-09-11T13:14:12Z,checkoutservice,shippingservice,16036,16036,0,0,0
2026-09-11T13:14:12Z,currencyservice,adservice,0,0,0,0,0
2026-09-11T13:14:12Z,currencyservice,cartservice,0,0,0,0,0
2026-09-11T13:14:12Z,currencyservice,checkoutservice,0,0,0,0,0
2026-09-11T13:14:12Z,currencyservice,currencyservice,0,0,0,0,0
2026-09-11T13:14:12Z,currencyservice,emailservice,0,0,0,0,0
2026-09-11T13:14:12Z,currencyservice,frontend,0,0,0,0,0
2026-09-11T13:14:12Z,currencyservice,kubernetes,0,0,0,0,0
2026-09-11T13:14:12Z,currencyservice,paymentservice,0,0,0,0,0
2026-09-11T13:14:12Z,currencyservice,productcatalogservice,0,0,0,0,0
2026-09-11T13:14:12Z,currencyservice,recommendationservice,0,0,0,0,0
2026-09-11T13:14:12Z,currencyservice,redis-cart,0,0,0,0,0
2026-09-11T13:14:12Z,currencyservice,shippingservice,0,0,0,0,0
2026-09-11T13:14:12Z,emailservice,adservice,0,0,0,0,0
2026-09-11T13:14:12Z,emailservice,cartservice,0,0,0,0,0
2026-09-11T13:14:12Z,emailservice,checkoutservice,0,0,0,0,0
2026-09-11T13:14:12Z,emailservice,currencyservice,0,0,0,0,0
2026-09-11T13:14:12Z,emailservice,emailservice,0,0,0,0,0
2026-09-11T13:14:12Z,emailservice,frontend,0,0,0,0,0
2026-09-11T13:14:12Z,emailservice,kubernetes,0,0,0,0,0
2026-09-11T13:14:12Z,emailservice,paymentservice,0,0,0,0,0
2026-09-11T13:14:12Z,emailservice,productcatalogservice,0,0,0,0,0
2026-09-11T13:14:12Z,emailservice,recommendationservice,0,0,0,0,0
2026-09-11T13:14:12Z,emailservice,redis-cart,0,0,0,0,0
2026-09-11T13:14:12Z,emailservice,shippingservice,0,0,0,0,0
2026-09-11T13:14:12Z,frontend,adservice,43068,30459,0,479,0
2026-09-11T13:14:12Z,frontend,cartservice,197859,197831,0,0,0
2026-09-11T13:14:12Z,frontend,checkoutservice,8018,8018,0,0,0
2026-09-11T13:14:12Z,frontend,currencyservice,316357,316279,0,0,0
2026-09-11T13:14:12Z,frontend,emailservice,0,0,0,0,0
2026-09-11T13:14:12Z,frontend,frontend,0,0,0,0,0
2026-09-11T13:14:12Z,frontend,kubernetes,0,0,0,0,0
2026-09-11T13:14:12Z,frontend,paymentservice,0,0,0,0,0
2026-09-11T13:14:12Z,frontend,productcatalogservice,789330,789091,0,0,0
2026-09-11T13:14:12Z,frontend,recommendationservice,128373,128360,0,0,0
2026-09-11T13:14:12Z,frontend,redis-cart,0,0,0,0,0
2026-09-11T13:14:12Z,frontend,shippingservice,77047,77047,0,0,0
2026-09-11T13:14:12Z,paymentservice,adservice,0,0,0,0,0
2026-09-11T13:14:12Z,paymentservice,cartservice,0,0,0,0,0
2026-09-11T13:14:12Z,paymentservice,checkoutservice,0,0,0,0,0
2026-09-11T13:14:12Z,paymentservice,currencyservice,0,0,0,0,0
2026-09-11T13:14:12Z,paymentservice,emailservice,0,0,0,0,0
2026-09-11T13:14:12Z,paymentservice,frontend,0,0,0,0,0
2026-09-11T13:14:12Z,paymentservice,kubernetes,0,0,0,0,0
2026-09-11T13:14:12Z,paymentservice,paymentservice,0,0,0,0,0
2026-09-11T13:14:12Z,paymentservice,productcatalogservice,0,0,0,0,0
2026-09-11T13:14:12Z,paymentservice,recommendationservice,0,0,0,0,0
2026-09-11T13:14:12Z,paymentservice,redis-cart,0,0,0,0,0
2026-09-11T13:14:12Z,paymentservice,shippingservice,0,0,0,0,0
2026-09-11T13:14:12Z,productcatalogservice,adservice,0,0,0,0,0
2026-09-11T13:14:12Z,productcatalogservice,cartservice,0,0,0,0,0
2026-09-11T13:14:12Z,productcatalogservice,checkoutservice,0,0,0,0,0
2026-09-11T13:14:12Z,productcatalogservice,currencyservice,0,0,0,0,0
2026-09-11T13:14:12Z,productcatalogservice,emailservice,0,0,0,0,0
2026-09-11T13:14:12Z,productcatalogservice,frontend,0,0,0,0,0
2026-09-11T13:14:12Z,productcatalogservice,kubernetes,0,0,0,0,0
2026-09-11T13:14:12Z,productcatalogservice,paymentservice,0,0,0,0,0
2026-09-11T13:14:12Z,productcatalogservice,productcatalogservice,0,0,0,0,0
2026-09-11T13:14:12Z,productcatalogservice,recommendationservice,0,0,0,0,0
2026-09-11T13:14:12Z,productcatalogservice,redis-cart,0,0,0,0,0
2026-09-11T13:14:12Z,productcatalogservice,shippingservice,0,0,0,0,0
2026-09-11T13:14:12Z,recommendationservice,adservice,0,0,0,0,0
2026-09-11T13:14:12Z,recommendationservice,cartservice,0,0,0,0,0
2026-09-11T13:14:12Z,recommendationservice,checkoutservice,0,0,0,0,0
2026-09-11T13:14:12Z,recommendationservice,currencyservice,0,0,0,0,0
2026-09-11T13:14:12Z,recommendationservice,emailservice,0,0,0,0,0
2026-09-11T13:14:12Z,recommendationservice,frontend,0,0,0,0,0
2026-09-11T13:14:12Z,recommendationservice,kubernetes,0,0,0,0,0
2026-09-11T13:14:12Z,recommendationservice,paymentservice,0,0,0,0,0
2026-09-11T13:14:12Z,recommendationservice,productcatalogservice,128369,128369,0,0,0
2026-09-11T13:14:12Z,recommendationservice,recommendationservice,0,0,0,0,0
2026-09-11T13:14:12Z,recommendationservice,redis-cart,0,0,0,0,0
2026-09-11T13:14:12Z,recommendationservice,shippingservice,0,0,0,0,0
2026-09-11T13:14:12Z,redis-cart,adservice,0,0,0,0,0
2026-09-11T13:14:12Z,redis-cart,cartservice,0,0,0,0,0
2026-09-11T13:14:12Z,redis-cart,checkoutservice,0,0,0,0,0
2026-09-11T13:14:12Z,redis-cart,currencyservice,0,0,0,0,0
2026-09-11T13:14:12Z,redis-cart,emailservice,0,0,0,0,0
2026-09-11T13:14:12Z,redis-cart,frontend,0,0,0,0,0
2026-09-11T13:14:12Z,redis-cart,kubernetes,0,0,0,0,0
2026-09-11T13:14:12Z,redis-cart,paymentservice,0,0,0,0,0
2026-09-11T13:14:12Z,redis-cart,productcatalogservice,0,0,0,0,0
2026-09-11T13:14:12Z,redis-cart,recommendationservice,0,0,0,0,0
2026-09-11T13:14:12Z,redis-cart,redis-cart,0,0,0,0,0
2026-09-11T13:14:12Z,redis-cart,shippingservice,0,0,0,0,0
2026-09-11T13:14:12Z,shippingservice,adservice,0,0,0,0,0
2026-09-11T13:14:12Z,shippingservice,cartservice,0,0,0,0,0
2026-09-11T13:14:12Z,shippingservice,checkoutservice,0,0,0,0,0
2026-09-11T13:14:12Z,shippingservice,currencyservice,0,0,0,0,0
2026-09-11T13:14:12Z,shippingservice,emailservice,0,0,0,0,0
2026-09-11T13:14:12Z,shippingservice,frontend,0,0,0,0,0
2026-09-11T13:14:12Z,shippingservice,kubernetes,0,0,0,0,0
2026-09-11T13:14:12Z,shippingservice,paymentservice,0,0,0,0,0
2026-09-11T13:14:12Z,shippingservice,productcatalogservice,0,0,0,0,0
2026-09-11T13:14:12Z,shippingservice,recommendationservice,0,0,0,0,0
2026-09-11T13:14:12Z,shippingservice,redis-cart,0,0,0,0,0
2026-09-11T13:14:12Z,shippingservice,shippingservice,0,0,0,0,0
2026-09-11T13:14:15Z,adservice,adservice,0,0,0,0,0
2026-09-11T13:14:15Z,adservice,cartservice,0,0,0,0,0
2026-09-11T13:14:15Z,adservice,checkoutservice,0,0,0,0,0
2026-09-11T13:14:15Z,adservice,currencyservice,0,0,0,0,0
2026-09-11T13:14:15Z,adservice,emailservice,0,0,0,0,0
2026-09-11T13:14:15Z,adservice,frontend,0,0,0,0,0
2026-09-11T13:14:15Z,adservice,kubernetes,0,0,0,0,0
2026-09-11T13:14:15Z,adservice,paymentservice,0,0,0,0,0
2026-09-11T13:14:15Z,adservice,productcatalogservice,0,0,0,0,0
2026-09-11T13:14:15Z,adservice,recommendationservice,0,0,0,0,0
2026-09-11T13:14:15Z,adservice,redis-cart,0,0,0,0,0
2026-09-11T13:14:15Z,adservice,shippingservice,0,0,0,0,0
2026-09-11T13:14:15Z,cartservice,adservice,0,0,0,0,0
2026-09-11T13:14:15Z,cartservice,cartservice,0,0,0,0,0
2026-09-11T13:14:15Z,cartservice,checkoutservice,0,0,0,0,0
2026-09-11T13:14:15Z,cartservice,currencyservice,0,0,0,0,0
2026-09-11T13:14:15Z,cartservice,emailservice,0,0,0,0,0
2026-09-11T13:14:15Z,cartservice,frontend,0,0,0,0,0
2026-09-11T13:14:15Z,cartservice,kubernetes,0,0,0,0,0
2026-09-11T13:14:15Z,cartservice,paymentservice,0,0,0,0,0
2026-09-11T13:14:15Z,cartservice,productcatalogservice,0,0,0,0,0
2026-09-11T13:14:15Z,cartservice,recommendationservice,0,0,0,0,0
2026-09-11T13:14:15Z,cartservice,redis-cart,2,0,0,0,0
2026-09-11T13:14:15Z,cartservice,shippingservice,0,0,0,0,0
2026-09-11T13:14:15Z,checkoutservice,adservice,0,0,0,0,0
2026-09-11T13:14:15Z,checkoutservice,cartservice,16036,16036,0,0,0
2026-09-11T13:14:15Z,checkoutservice,checkoutservice,0,0,0,0,0
2026-09-11T13:14:15Z,checkoutservice,currencyservice,8018,8018,0,0,0
2026-09-11T13:14:15Z,checkoutservice,emailservice,8018,8018,0,0,0
2026-09-11T13:14:15Z,checkoutservice,frontend,0,0,0,0,0
2026-09-11T13:14:15Z,checkoutservice,kubernetes,0,0,0,0,0
2026-09-11T13:14:15Z,checkoutservice,paymentservice,8018,8018,0,0,0
2026-09-11T13:14:15Z,checkoutservice,productcatalogservice,0,0,0,0,0
2026-09-11T13:14:15Z,checkoutservice,recommendationservice,0,0,0,0,0
2026-09-11T13:14:15Z,checkoutservice,redis-cart,0,0,0,0,0
2026-09-11T13:14:15Z,checkoutservice,shippingservice,16036,16036,0,0,0
2026-09-11T13:14:15Z,currencyservice,adservice,0,0,0,0,0
2026-09-11T13:14:15Z,currencyservice,cartservice,0,0,0,0,0
2026-09-11T13:14:15Z,currencyservice,checkoutservice,0,0,0,0,0
2026-09-11T13:14:15Z,currencyservice,currencyservice,0,0,0,0,0
2026-09-11T13:14:15Z,currencyservice,emailservice,0,0,0,0,0
2026-09-11T13:14:15Z,currencyservice,frontend,0,0,0,0,0
2026-09-11T13:14:15Z,currencyservice,kubernetes,0,0,0,0,0
2026-09-11T13:14:15Z,currencyservice,paymentservice,0,0,0,0,0
2026-09-11T13:14:15Z,currencyservice,productcatalogservice,0,0,0,0,0
2026-09-11T13:14:15Z,currencyservice,recommendationservice,0,0,0,0,0
2026-09-11T13:14:15Z,currencyservice,redis-cart,0,0,0,0,0
2026-09-11T13:14:15Z,currencyservice,shippingservice,0,0,0,0,0
2026-09-11T13:14:15Z,emailservice,adservice,0,0,0,0,0
2026-09-11T13:14:15Z,emailservice,cartservice,0,0,0,0,0
2026-09-11T13:14:15Z,emailservice,checkoutservice,0,0,0,0,0
2026-09-11T13:14:15Z,emailservice,currencyservice,0,0,0,0,0
2026-09-11T13:14:15Z,emailservice,emailservice,0,0,0,0,0
2026-09-11T13:14:15Z,emailservice,frontend,0,0,0,0,0
2026-09-11T13:14:15Z,emailservice,kubernetes,0,0,0,0,0
2026-09-11T13:14:15Z,emailservice,paymentservice,0,0,0,0,0
2026-09-11T13:14:15Z,emailservice,productcatalogservice,0,0,0,0,0
2026-09-11T13:14:15Z,emailservice,recommendationservice,0,0,0,0,0
2026-09-11T13:14:15Z,emailservice,redis-cart,0,0,0,0,0
2026-09-11T13:14:15Z,emailservice,shippingservice,0,0,0,0,0
2026-09-11T13:14:15Z,frontend,adservice,43068,30459,0,479,0
2026-09-11T13:14:15Z,frontend,cartservice,197859,197831,0,0,0
2026-09-11T13:14:15Z,frontend,checkoutservice,8018,8018,0,0,0
2026-09-11T13:14:15Z,frontend,currencyservice,316357,316279,0,0,0
2026-09-11T13:14:15Z,frontend,emailservice,0,0,0,0,0
2026-09-11T13:14:15Z,frontend,frontend,0,0,0,0,0
2026-09-11T13:14:15Z,frontend,kubernetes,0,0,0,0,0
2026-09-11T13:14:15Z,frontend,paymentservice,0,0,0,0,0
2026-09-11T13:14:15Z,frontend,productcatalogservice,789330,789091,0,0,0
2026-09-11T13:14:15Z,frontend,recommendationservice,128373,128360,0,0,0
2026-09-11T13:14:15Z,frontend,redis-cart,0,0,0,0,0
2026-09-11T13:14:15Z,frontend,shippingservice,77047,77047,0,0,0
2026-09-11T13:14:15Z,paymentservice,adservice,0,0,0,0,0
2026-09-11T13:14:15Z,paymentservice,cartservice,0,0,0,0,0
2026-09-11T13:14:15Z,paymentservice,checkoutservice,0,0,0,0,0
2026-09-11T13:14:15Z,paymentservice,currencyservice,0,0,0,0,0
2026-09-11T13:14:15Z,paymentservice,emailservice,0,0,0,0,0
2026-09-11T13:14:15Z,paymentservice,frontend,0,0,0,0,0
2026-09-11T13:14:15Z,paymentservice,kubernetes,0,0,0,0,0
2026-09-11T13:14:15Z,paymentservice,paymentservice,0,0,0,0,0
2026-09-11T13:14:15Z,paymentservice,productcatalogservice,0,0,0,0,0
2026-09-11T13:14:15Z,paymentservice,recommendationservice,0,0,0,0,0
2026-09-11T13:14:15Z,paymentservice,redis-cart,0,0,0,0,0
2026-09-11T13:14:15Z,paymentservice,shippingservice,0,0,0,0,0
2026-09-11T13:14:15Z,productcatalogservice,adservice,0,0,0,0,0
2026-09-11T13:14:15Z,productcatalogservice,cartservice,0,0,0,0,0
2026-09-11T13:14:15Z,productcatalogservice,checkoutservice,0,0,0,0,0
2026-09-11T13:14:15Z,productcatalogservice,currencyservice,0,0,0,0,0
2026-09-11T13:14:15Z,productcatalogservice,emailservice,0,0,0,0,0
2026-09-11T13:14:15Z,productcatalogservice,frontend,0,0,0,0,0
2026-09-11T13:14:15Z,productcatalogservice,kubernetes,0,0,0,0,0
2026-09-11T13:14:15Z,productcatalogservice,paymentservice,0,0,0,0,0
2026-09-11T13:14:15Z,productcatalogservice,productcatalogservice,0,0,0,0,0
2026-09-11T13:14:15Z,productcatalogservice,recommendationservice,0,0,0,0,0
2026-09-11T13:14:15Z,productcatalogservice,redis-cart,0,0,0,0,0
2026-09-11T13:14:15Z,productcatalogservice,shippingservice,0,0,0,0,0
2026-09-11T13:14:15Z,recommendationservice,adservice,0,0,0,0,0
2026-09-11T13:14:15Z,recommendationservice,cartservice,0,0,0,0,0
2026-09-11T13:14:15Z,recommendationservice,checkoutservice,0,0,0,0,0
2026-09-11T13:14:15Z,recommendationservice,currencyservice,0,0,0,0,0
2026-09-11T13:14:15Z,recommendationservice,emailservice,0,0,0,0,0
2026-09-11T13:14:15Z,recommendationservice,frontend,0,0,0,0,0
2026-09-11T13:14:15Z,recommendationservice,kubernetes,0,0,0,0,0
2026-09-11T13:14:15Z,recommendationservice,paymentservice,0,0,0,0,0
2026-09-11T13:14:15Z,recommendationservice,productcatalogservice,128369,128369,0,0,0
2026-09-11T13:14:15Z,recommendationservice,recommendationservice,0,0,0,0,0
2026-09-11T13:14:15Z,recommendationservice,redis-cart,0,0,0,0,0
2026-09-11T13:14:15Z,recommendationservice,shippingservice,0,0,0,0,0
2026-09-11T13:14:15Z,redis-cart,adservice,0,0,0,0,0
2026-09-11T13:14:15Z,redis-cart,cartservice,0,0,0,0,0
2026-09-11T13:14:15Z,redis-cart,checkoutservice,0,0,0,0,0
2026-09-11T13:14:15Z,redis-cart,currencyservice,0,0,0,0,0
2026-09-11T13:14:15Z,redis-cart,emailservice,0,0,0,0,0
2026-09-11T13:14:15Z,redis-cart,frontend,0,0,0,0,0
2026-09-11T13:14:15Z,redis-cart,kubernetes,0,0,0,0,0
2026-09-11T13:14:15Z,redis-cart,paymentservice,0,0,0,0,0
2026-09-11T13:14:15Z,redis-cart,productcatalogservice,0,0,0,0,0
2026-09-11T13:14:15Z,redis-cart,recommendationservice,0,0,0,0,0
2026-09-11T13:14:15Z,redis-cart,redis-cart,0,0,0,0,0
2026-09-11T13:14:15Z,redis-cart,shippingservice,0,0,0,0,0
2026-09-11T13:14:15Z,shippingservice,adservice,0,0,0,0,0
2026-09-11T13:14:15Z,shippingservice,cartservice,0,0,0,0,0
2026-09-11T13:14:15Z,shippingservice,checkoutservice,0,0,0,0,0
2026-09-11T13:14:15Z,shippingservice,currencyservice,0,0,0,0,0
2026-09-11T13:14:15Z,shippingservice,emailservice,0,0,0,0,0
2026-09-11T13:14:15Z,shippingservice,frontend,0,0,0,0,0
2026-09-11T13:14:15Z,shippingservice,kubernetes,0,0,0,0,0
2026-09-11T13:14:15Z,shippingservice,paymentservice,0,0,0,0,0
2026-09-11T13:14:15Z,shippingservice,productcatalogservice,0,0,0,0,0
2026-09-11T13:14:15Z,shippingservice,recommendationservice,0,0,0,0,0
2026-09-11T13:14:15Z,shippingservice,redis-cart,0,0,0,0,0
2026-09-11T13:14:15Z,shippingservice,shippingservice,0,0,0,0,0
2026-09-11T13:14:18Z,adservice,adservice,0,0,0,0,0
2026-09-11T13:14:18Z,adservice,cartservice,0,0,0,0,0
2026-09-11T13:14:18Z,adservice,checkoutservice,0,0,0,0,0
2026-09-11T13:14:18Z,adservice,currencyservice,0,0,0,0,0
2026-09-11T13:14:18Z,adservice,emailservice,0,0,0,0,0
2026-09-11T13:14:18Z,adservice,frontend,0,0,0,0,0
2026-09-11T13:14:18Z,adservice,kubernetes,0,0,0,0,0
2026-09-11T13:14:18Z,adservice,paymentservice,0,0,0,0,0
2026-09-11T13:14:18Z,adservice,productcatalogservice,0,0,0,0,0
2026-09-11T13:14:18Z,adservice,recommendationservice,0,0,0,0,0
2026-09-11T13:14:18Z,adservice,redis-cart,0,0,0,0,0
2026-09-11T13:14:18Z,adservice,shippingservice,0,0,0,0,0
2026-09-11T13:14:18Z,cartservice,adservice,0,0,0,0,0
2026-09-11T13:14:18Z,cartservice,cartservice,0,0,0,0,0
2026-09-11T13:14:18Z,cartservice,checkoutservice,0,0,0,0,0
2026-09-11T13:14:18Z,cartservice,currencyservice,0,0,0,0,0
2026-09-11T13:14:18Z,cartservice,emailservice,0,0,0,0,0
2026-09-11T13:14:18Z,cartservice,frontend,0,0,0,0,0
2026-09-11T13:14:18Z,cartservice,kubernetes,0,0,0,0,0
2026-09-11T13:14:18Z,cartservice,paymentservice,0,0,0,0,0
2026-09-11T13:14:18Z,cartservice,productcatalogservice,0,0,0,0,0
2026-09-11T13:14:18Z,cartservice,recommendationservice,0,0,0,0,0
2026-09-11T13:14:18Z,cartservice,redis-cart,2,0,0,0,0
2026-09-11T13:14:18Z,cartservice,shippingservice,0,0,0,0,0
2026-09-11T13:14:18Z,checkoutservice,adservice,0,0,0,0,0
2026-09-11T13:14:18Z,checkoutservice,cartservice,16036,16036,0,0,0
2026-09-11T13:14:18Z,checkoutservice,checkoutservice,0,0,0,0,0
2026-09-11T13:14:18Z,checkoutservice,currencyservice,8018,8018,0,0,0
2026-09-11T13:14:18Z,checkoutservice,emailservice,8018,8018,0,0,0
2026-09-11T13:14:18Z,checkoutservice,frontend,0,0,0,0,0
2026-09-11T13:14:18Z,checkoutservice,kubernetes,0,0,0,0,0
2026-09-11T13:14:18Z,checkoutservice,paymentservice,8018,8018,0,0,0
2026-09-11T13:14:18Z,checkoutservice,productcatalogservice,0,0,0,0,0
2026-09-11T13:14:18Z,checkoutservice,recommendationservice,0,0,0,0,0
2026-09-11T13:14:18Z,checkoutservice,redis-cart,0,0,0,0,0
2026-09-11T13:14:18Z,checkoutservice,shippingservice,16036,16036,0,0,0
2026-09-11T13:14:18Z,currencyservice,adservice,0,0,0,0,0
2026-09-11T13:14:18Z,currencyservice,cartservice,0,0,0,0,0
2026-09-11T13:14:18Z,currencyservice,checkoutservice,0,0,0,0,0
2026-09-11T13:14:18Z,currencyservice,currencyservice,0,0,0,0,0
2026-09-11T13:14:18Z,currencyservice,emailservice,0,0,0,0,0
2026-09-11T13:14:18Z,currencyservice,frontend,0,0,0,0,0
2026-09-11T13:14:18Z,currencyservice,kubernetes,0,0,0,0,0
2026-09-11T13:14:18Z,currencyservice,paymentservice,0,0,0,0,0
2026-09-11T13:14:18Z,currencyservice,productcatalogservice,0,0,0,0,0
2026-09-11T13:14:18Z,currencyservice,recommendationservice,0,0,0,0,0
2026-09-11T13:14:18Z,currencyservice,redis-cart,0,0,0,0,0
2026-09-11T13:14:18Z,currencyservice,shippingservice,0,0,0,0,0
2026-09-11T13:14:18Z,emailservice,adservice,0,0,0,0,0
2026-09-11T13:14:18Z,emailservice,cartservice,0,0,0,0,0
2026-09-11T13:14:18Z,emailservice,checkoutservice,0,0,0,0,0
2026-09-11T13:14:18Z,emailservice,currencyservice,0,0,0,0,0
2026-09-11T13:14:18Z,emailservice,emailservice,0,0,0,0,0
2026-09-11T13:14:18Z,emailservice,frontend,0,0,0,0,0
2026-09-11T13:14:18Z,emailservice,kubernetes,0,0,0,0,0
2026-09-11T13:14:18Z,emailservice,paymentservice,0,0,0,0,0
2026-09-11T13:14:18Z,emailservice,productcatalogservice,0,0,0,0,0
2026-09-11T13:14:18Z,emailservice,recommendationservice,0,0,0,0,0
2026-09-11T13:14:18Z,emailservice,redis-cart,0,0,0,0,0
2026-09-11T13:14:18Z,emailservice,shippingservice,0,0,0,0,0
2026-09-11T13:14:18Z,frontend,adservice,43068,30459,0,479,0
2026-09-11T13:14:18Z,frontend,cartservice,197859,197831,0,0,0
2026-09-11T13:14:18Z,frontend,checkoutservice,8018,8018,0,0,0
2026-09-11T13:14:18Z,frontend,currencyservice,316357,316279,0,0,0
2026-09-11T13:14:18Z,frontend,emailservice,0,0,0,0,0
2026-09-11T13:14:18Z,frontend,frontend,0,0,0,0,0
2026-09-11T13:14:18Z,frontend,kubernetes,0,0,0,0,0
2026-09-11T13:14:18Z,frontend,paymentservice,0,0,0,0,0
2026-09-11T13:14:18Z,frontend,productcatalogservice,789330,789091,0,0,0
2026-09-11T13:14:18Z,frontend,recommendationservice,128373,128360,0,0,0
2026-09-11T13:14:18Z,frontend,redis-cart,0,0,0,0,0
2026-09-11T13:14:18Z,frontend,shippingservice,77047,77047,0,0,0
2026-09-11T13:14:18Z,paymentservice,adservice,0,0,0,0,0
2026-09-11T13:14:18Z,paymentservice,cartservice,0,0,0,0,0
2026-09-11T13:14:18Z,paymentservice,checkoutservice,0,0,0,0,0
2026-09-11T13:14:18Z,paymentservice,currencyservice,0,0,0,0,0
2026-09-11T13:14:18Z,paymentservice,emailservice,0,0,0,0,0
2026-09-11T13:14:18Z,paymentservice,frontend,0,0,0,0,0
2026-09-11T13:14:18Z,paymentservice,kubernetes,0,0,0,0,0
2026-09-11T13:14:18Z,paymentservice,paymentservice,0,0,0,0,0
2026-09-11T13:14:18Z,paymentservice,productcatalogservice,0,0,0,0,0
2026-09-11T13:14:18Z,paymentservice,recommendationservice,0,0,0,0,0
2026-09-11T13:14:18Z,paymentservice,redis-cart,0,0,0,0,0
2026-09-11T13:14:18Z,paymentservice,shippingservice,0,0,0,0,0
2026-09-11T13:14:18Z,productcatalogservice,adservice,0,0,0,0,0
2026-09-11T13:14:18Z,productcatalogservice,cartservice,0,0,0,0,0
2026-09-11T13:14:18Z,productcatalogservice,checkoutservice,0,0,0,0,0
2026-09-11T13:14:18Z,productcatalogservice,currencyservice,0,0,0,0,0
2026-09-11T13:14:18Z,productcatalogservice,emailservice,0,0,0,0,0
2026-09-11T13:14:18Z,productcatalogservice,frontend,0,0,0,0,0
2026-09-11T13:14:18Z,productcatalogservice,kubernetes,0,0,0,0,0
2026-09-11T13:14:18Z,productcatalogservice,paymentservice,0,0,0,0,0
2026-09-11T13:14:18Z,productcatalogservice,productcatalogservice,0,0,0,0,0
2026-09-11T13:14:18Z,productcatalogservice,recommendationservice,0,0,0,0,0
2026-09-11T13:14:18Z,productcatalogservice,redis-cart,0,0,0,0,0
2026-09-11T13:14:18Z,productcatalogservice,shippingservice,0,0,0,0,0
2026-09-11T13:14:18Z,recommendationservice,adservice,0,0,0,0,0
2026-09-11T13:14:18Z,recommendationservice,cartservice,0,0,0,0,0
2026-09-11T13:14:18Z,recommendationservice,checkoutservice,0,0,0,0,0
2026-09-11T13:14:18Z,recommendationservice,currencyservice,0,0,0,0,0
2026-09-11T13:14:18Z,recommendationservice,emailservice,0,0,0,0,0
2026-09-11T13:14:18Z,recommendationservice,frontend,0,0,0,0,0
2026-09-11T13:14:18Z,recommendationservice,kubernetes,0,0,0,0,0
2026-09-11T13:14:18Z,recommendationservice,paymentservice,0,0,0,0,0
2026-09-11T13:14:18Z,recommendationservice,productcatalogservice,128369,128369,0,0,0
2026-09-11T13:14:18Z,recommendationservice,recommendationservice,0,0,0,0,0
2026-09-11T13:14:18Z,recommendationservice,redis-cart,0,0,0,0,0
2026-09-11T13:14:18Z,recommendationservice,shippingservice,0,0,0,0,0
2026-09-11T13:14:18Z,redis-cart,adservice,0,0,0,0,0
2026-09-11T13:14:18Z,redis-cart,cartservice,0,0,0,0,0
2026-09-11T13:14:18Z,redis-cart,checkoutservice,0,0,0,0,0
2026-09-11T13:14:18Z,redis-cart,currencyservice,0,0,0,0,0
2026-09-11T13:14:18Z,redis-cart,emailservice,0,0,0,0,0
2026-09-11T13:14:18Z,redis-cart,frontend,0,0,0,0,0
2026-09-11T13:14:18Z,redis-cart,kubernetes,0,0,0,0,0
2026-09-11T13:14:18Z,redis-cart,paymentservice,0,0,0,0,0
2026-09-11T13:14:18Z,redis-cart,productcatalogservice,0,0,0,0,0
2026-09-11T13:14:18Z,redis-cart,recommendationservice,0,0,0,0,0
2026-09-11T13:14:18Z,redis-cart,redis-cart,0,0,0,0,0
2026-09-11T13:14:18Z,redis-cart,shippingservice,0,0,0,0,0
2026-09-11T13:14:18Z,shippingservice,adservice,0,0,0,0,0
2026-09-11T13:14:18Z,shippingservice,cartservice,0,0,0,0,0
2026-09-11T13:14:18Z,shippingservice,checkoutservice,0,0,0,0,0
2026-09-11T13:14:18Z,shippingservice,currencyservice,0,0,0,0,0
2026-09-11T13:14:18Z,shippingservice,emailservice,0,0,0,0,0
2026-09-11T13:14:18Z,shippingservice,frontend,0,0,0,0,0
2026-09-11T13:14:18Z,shippingservice,kubernetes,0,0,0,0,0
2026-09-11T13:14:18Z,shippingservice,paymentservice,0,0,0,0,0
2026-09-11T13:14:18Z,shippingservice,productcatalogservice,0,0,0,0,0
2026-09-11T13:14:18Z,shippingservice,recommendationservice,0,0,0,0,0
2026-09-11T13:14:18Z,shippingservice,redis-cart,0,0,0,0,0
2026-09-11T13:14:18Z,shippingservice,shippingservice,0,0,0,0,0
2026-09-11T13:14:21Z,adservice,adservice,0,0,0,0,0
2026-09-11T13:14:21Z,adservice,cartservice,0,0,0,0,0
2026-09-11T13:14:21Z,adservice,checkoutservice,0,0,0,0,0
2026-09-11T13:14:21Z,adservice,currencyservice,0,0,0,0,0
2026-09-11T13:14:21Z,adservice,emailservice,0,0,0,0,0
2026-09-11T13:14:21Z,adservice,frontend,0,0,0,0,0
2026-09-11T13:14:21Z,adservice,kubernetes,0,0,0,0,0
2026-09-11T13:14:21Z,adservice,paymentservice,0,0,0,0,0
2026-09-11T13:14:21Z,adservice,productcatalogservice,0,0,0,0,0
2026-09-11T13:14:21Z,adservice,recommendationservice,0,0,0,0,0
2026-09-11T13:14:21Z,adservice,redis-cart,0,0,0,0,0
2026-09-11T13:14:21Z,adservice,shippingservice,0,0,0,0,0
2026-09-11T13:14:21Z,cartservice,adservice,0,0,0,0,0
2026-09-11T13:14:21Z,cartservice,cartservice,0,0,0,0,0
2026-09-11T13:14:21Z,cartservice,checkoutservice,0,0,0,0,0
2026-09-11T13:14:21Z,cartservice,currencyservice,0,0,0,0,0
2026-09-11T13:14:21Z,cartservice,emailservice,0,0,0,0,0
2026-09-11T13:14:21Z,cartservice,frontend,0,0,0,0,0
2026-09-11T13:14:21Z,cartservice,kubernetes,0,0,0,0,0
2026-09-11T13:14:21Z,cartservice,paymentservice,0,0,0,0,0
2026-09-11T13:14:21Z,cartservice,productcatalogservice,0,0,0,0,0
2026-09-11T13:14:21Z,cartservice,recommendationservice,0,0,0,0,0
2026-09-11T13:14:21Z,cartservice,redis-cart,2,0,0,0,0
2026-09-11T13:14:21Z,cartservice,shippingservice,0,0,0,0,0
2026-09-11T13:14:21Z,checkoutservice,adservice,0,0,0,0,0
2026-09-11T13:14:21Z,checkoutservice,cartservice,16036,16036,0,0,0
2026-09-11T13:14:21Z,checkoutservice,checkoutservice,0,0,0,0,0
2026-09-11T13:14:21Z,checkoutservice,currencyservice,8018,8018,0,0,0
2026-09-11T13:14:21Z,checkoutservice,emailservice,8018,8018,0,0,0
2026-09-11T13:14:21Z,checkoutservice,frontend,0,0,0,0,0
2026-09-11T13:14:21Z,checkoutservice,kubernetes,0,0,0,0,0
2026-09-11T13:14:21Z,checkoutservice,paymentservice,8018,8018,0,0,0
2026-09-11T13:14:21Z,checkoutservice,productcatalogservice,0,0,0,0,0
2026-09-11T13:14:21Z,checkoutservice,recommendationservice,0,0,0,0,0
2026-09-11T13:14:21Z,checkoutservice,redis-cart,0,0,0,0,0
2026-09-11T13:14:21Z,checkoutservice,shippingservice,16036,16036,0,0,0
2026-09-11T13:14:21Z,currencyservice,adservice,0,0,0,0,0
2026-09-11T13:14:21Z,currencyservice,cartservice,0,0,0,0,0
2026-09-11T13:14:21Z,currencyservice,checkoutservice,0,0,0,0,0
2026-09-11T13:14:21Z,currencyservice,currencyservice,0,0,0,0,0
2026-09-11T13:14:21Z,currencyservice,emailservice,0,0,0,0,0
2026-09-11T13:14:21Z,currencyservice,frontend,0,0,0,0,0
2026-09-11T13:14:21Z,currencyservice,kubernetes,0,0,0,0,0
2026-09-11T13:14:21Z,currencyservice,paymentservice,0,0,0,0,0
2026-09-11T13:14:21Z,currencyservice,productcatalogservice,0,0,0,0,0
2026-09-11T13:14:21Z,currencyservice,recommendationservice,0,0,0,0,0
2026-09-11T13:14:21Z,currencyservice,redis-cart,0,0,0,0,0
2026-09-11T13:14:21Z,currencyservice,shippingservice,0,0,0,0,0
2026-09-11T13:14:21Z,emailservice,adservice,0,0,0,0,0
2026-09-11T13:14:21Z,emailservice,cartservice,0,0,0,0,0
2026-09-11T13:14:21Z,emailservice,checkoutservice,0,0,0,0,0
2026-09-11T13:14:21Z,emailservice,currencyservice,0,0,0,0,0
2026-09-11T13:14:21Z,emailservice,emailservice,0,0,0,0,0
2026-09-11T13:14:21Z,emailservice,frontend,0,0,0,0,0
2026-09-11T13:14:21Z,emailservice,kubernetes,0,0,0,0,0
2026-09-11T13:14:21Z,emailservice,paymentservice,0,0,0,0,0
2026-09-11T13:14:21Z,emailservice,productcatalogservice,0,0,0,0,0
2026-09-11T13:14:21Z,emailservice,recommendationservice,0,0,0,0,0
2026-09-11T13:14:21Z,emailservice,redis-cart,0,0,0,0,0
2026-09-11T13:14:21Z,emailservice,shippingservice,0,0,0,0,0
2026-09-11T13:14:21Z,frontend,adservice,43068,30459,0,479,0
2026-09-11T13:14:21Z,frontend,cartservice,197859,197831,0,0,0
2026-09-11T13:14:21Z,frontend,checkoutservice,8018,8018,0,0,0
2026-09-11T13:14:21Z,frontend,currencyservice,316357,316279,0,0,0
2026-09-11T13:14:21Z,frontend,emailservice,0,0,0,0,0
2026-09-11T13:14:21Z,frontend,frontend,0,0,0,0,0
2026-09-11T13:14:21Z,frontend,kubernetes,0,0,0,0,0
2026-09-11T13:14:21Z,frontend,paymentservice,0,0,0,0,0
2026-09-11T13:14:21Z,frontend,productcatalogservice,789330,789091,0,0,0
2026-09-11T13:14:21Z,frontend,recommendationservice,128373,128360,0,0,0
2026-09-11T13:14:21Z,frontend,redis-cart,0,0,0,0,0
2026-09-11T13:14:21Z,frontend,shippingservice,77047,77047,0,0,0
2026-09-11T13:14:21Z,paymentservice,adservice,0,0,0,0,0
2026-09-11T13:14:21Z,paymentservice,cartservice,0,0,0,0,0
2026-09-11T13:14:21Z,paymentservice,checkoutservice,0,0,0,0,0
2026-09-11T13:14:21Z,paymentservice,currencyservice,0,0,0,0,0
2026-09-11T13:14:21Z,paymentservice,emailservice,0,0,0,0,0
2026-09-11T13:14:21Z,paymentservice,frontend,0,0,0,0,0
2026-09-11T13:14:21Z,paymentservice,kubernetes,0,0,0,0,0
2026-09-11T13:14:21Z,paymentservice,paymentservice,0,0,0,0,0
2026-09-11T13:14:21Z,paymentservice,productcatalogservice,0,0,0,0,0
2026-09-11T13:14:21Z,paymentservice,recommendationservice,0,0,0,0,0
2026-09-11T13:14:21Z,paymentservice,redis-cart,0,0,0,0,0
2026-09-11T13:14:21Z,paymentservice,shippingservice,0,0,0,0,0
2026-09-11T13:14:21Z,productcatalogservice,adservice,0,0,0,0,0
2026-09-11T13:14:21Z,productcatalogservice,cartservice,0,0,0,0,0
2026-09-11T13:14:21Z,productcatalogservice,checkoutservice,0,0,0,0,0
2026-09-11T13:14:21Z,productcatalogservice,currencyservice,0,0,0,0,0
2026-09-11T13:14:21Z,productcatalogservice,emailservice,0,0,0,0,0
2026-09-11T13:14:21Z,productcatalogservice,frontend,0,0,0,0,0
2026-09-11T13:14:21Z,productcatalogservice,kubernetes,0,0,0,0,0
2026-09-11T13:14:21Z,productcatalogservice,paymentservice,0,0,0,0,0
2026-09-11T13:14:21Z,productcatalogservice,productcatalogservice,0,0,0,0,0
2026-09-11T13:14:21Z,productcatalogservice,recommendationservice,0,0,0,0,0
2026-09-11T13:14:21Z,productcatalogservice,redis-cart,0,0,0,0,0
2026-09-11T13:14:21Z,productcatalogservice,shippingservice,0,0,0,0,0
2026-09-11T13:14:21Z,recommendationservice,adservice,0,0,0,0,0
2026-09-11T13:14:21Z,recommendationservice,cartservice,0,0,0,0,0
2026-09-11T13:14:21Z,recommendationservice,checkoutservice,0,0,0,0,0
2026-09-11T13:14:21Z,recommendationservice,currencyservice,0,0,0,0,0
2026-09-11T13:14:21Z,recommendationservice,emailservice,0,0,0,0,0
2026-09-11T13:14:21Z,recommendationservice,frontend,0,0,0,0,0
2026-09-11T13:14:21Z,recommendationservice,kubernetes,0,0,0,0,0
2026-09-11T13:14:21Z,recommendationservice,paymentservice,0,0,0,0,0
2026-09-11T13:14:21Z,recommendationservice,productcatalogservice,128369,128369,0,0,0
2026-09-11T13:14:21Z,recommendationservice,recommendationservice,0,0,0,0,0
2026-09-11T13:14:21Z,recommendationservice,redis-cart,0,0,0,0,0
2026-09-11T13:14:21Z,recommendationservice,shippingservice,0,0,0,0,0
2026-09-11T13:14:21Z,redis-cart,adservice,0,0,0,0,0
2026-09-11T13:14:21Z,redis-cart,cartservice,0,0,0,0,0
2026-09-11T13:14:21Z,redis-cart,checkoutservice,0,0,0,0,0
2026-09-11T13:14:21Z,redis-cart,currencyservice,0,0,0,0,0
2026-09-11T13:14:21Z,redis-cart,emailservice,0,0,0,0,0
2026-09-11T13:14:21Z,redis-cart,frontend,0,0,0,0,0
2026-09-11T13:14:21Z,redis-cart,kubernetes,0,0,0,0,0
2026-09-11T13:14:21Z,redis-cart,paymentservice,0,0,0,0,0
2026-09-11T13:14:21Z,redis-cart,productcatalogservice,0,0,0,0,0
2026-09-11T13:14:21Z,redis-cart,recommendationservice,0,0,0,0,0
2026-09-11T13:14:21Z,redis-cart,redis-cart,0,0,0,0,0
2026-09-11T13:14:21Z,redis-cart,shippingservice,0,0,0,0,0
2026-09-11T13:14:21Z,shippingservice,adservice,0,0,0,0,0
2026-09-11T13:14:21Z,shippingservice,cartservice,0,0,0,0,0
2026-09-11T13:14:21Z,shippingservice,checkoutservice,0,0,0,0,0
2026-09-11T13:14:21Z,shippingservice,currencyservice,0,0,0,0,0
2026-09-11T13:14:21Z,shippingservice,emailservice,0,0,0,0,0
2026-09-11T13:14:21Z,shippingservice,frontend,0,0,0,0,0
2026-09-11T13:14:21Z,shippingservice,kubernetes,0,0,0,0,0
2026-09-11T13:14:21Z,shippingservice,paymentservice,0,0,0,0,0
2026-09-11T13:14:21Z,shippingservice,productcatalogservice,0,0,0,0,0
2026-09-11T13:14:21Z,shippingservice,recommendationservice,0,0,0,0,0
2026-09-11T13:14:21Z,shippingservice,redis-cart,0,0,0,0,0
2026-09-11T13:14:21Z,shippingservice,shippingservice,0,0,0,0,0
2026-09-11T13:14:24Z,adservice,adservice,0,0,0,0,0
2026-09-11T13:14:24Z,adservice,cartservice,0,0,0,0,0
2026-09-11T13:14:24Z,adservice,checkoutservice,0,0,0,0,0
2026-09-11T13:14:24Z,adservice,currencyservice,0,0,0,0,0
2026-09-11T13:14:24Z,adservice,emailservice,0,0,0,0,0
2026-09-11T13:14:24Z,adservice,frontend,0,0,0,0,0
2026-09-11T13:14:24Z,adservice,kubernetes,0,0,0,0,0
2026-09-11T13:14:24Z,adservice,paymentservice,0,0,0,0,0
2026-09-11T13:14:24Z,adservice,productcatalogservice,0,0,0,0,0
2026-09-11T13:14:24Z,adservice,recommendationservice,0,0,0,0,0
2026-09-11T13:14:24Z,adservice,redis-cart,0,0,0,0,0
2026-09-11T13:14:24Z,adservice,shippingservice,0,0,0,0,0
2026-09-11T13:14:24Z,cartservice,adservice,0,0,0,0,0
2026-09-11T13:14:24Z,cartservice,cartservice,0,0,0,0,0
2026-09-11T13:14:24Z,cartservice,checkoutservice,0,0,0,0,0
2026-09-11T13:14:24Z,cartservice,currencyservice,0,0,0,0,0
2026-09-11T13:14:24Z,cartservice,emailservice,0,0,0,0,0
2026-09-11T13:14:24Z,cartservice,frontend,0,0,0,0,0
2026-09-11T13:14:24Z,cartservice,kubernetes,0,0,0,0,0
2026-09-11T13:14:24Z,cartservice,paymentservice,0,0,0,0,0
2026-09-11T13:14:24Z,cartservice,productcatalogservice,0,0,0,0,0
2026-09-11T13:14:24Z,cartservice,recommendationservice,0,0,0,0,0
2026-09-11T13:14:24Z,cartservice,redis-cart,2,0,0,0,0
2026-09-11T13:14:24Z,cartservice,shippingservice,0,0,0,0,0
2026-09-11T13:14:24Z,checkoutservice,adservice,0,0,0,0,0
2026-09-11T13:14:24Z,checkoutservice,cartservice,16036,16036,0,0,0
2026-09-11T13:14:24Z,checkoutservice,checkoutservice,0,0,0,0,0
2026-09-11T13:14:24Z,checkoutservice,currencyservice,8018,8018,0,0,0
2026-09-11T13:14:24Z,checkoutservice,emailservice,8018,8018,0,0,0
2026-09-11T13:14:24Z,checkoutservice,frontend,0,0,0,0,0
2026-09-11T13:14:24Z,checkoutservice,kubernetes,0,0,0,0,0
2026-09-11T13:14:24Z,checkoutservice,paymentservice,8018,8018,0,0,0
2026-09-11T13:14:24Z,checkoutservice,productcatalogservice,0,0,0,0,0
2026-09-11T13:14:24Z,checkoutservice,recommendationservice,0,0,0,0,0
2026-09-11T13:14:24Z,checkoutservice,redis-cart,0,0,0,0,0
2026-09-11T13:14:24Z,checkoutservice,shippingservice,16036,16036,0,0,0
2026-09-11T13:14:24Z,currencyservice,adservice,0,0,0,0,0
2026-09-11T13:14:24Z,currencyservice,cartservice,0,0,0,0,0
2026-09-11T13:14:24Z,currencyservice,checkoutservice,0,0,0,0,0
2026-09-11T13:14:24Z,currencyservice,currencyservice,0,0,0,0,0
2026-09-11T13:14:24Z,currencyservice,emailservice,0,0,0,0,0
2026-09-11T13:14:24Z,currencyservice,frontend,0,0,0,0,0
2026-09-11T13:14:24Z,currencyservice,kubernetes,0,0,0,0,0
2026-09-11T13:14:24Z,currencyservice,paymentservice,0,0,0,0,0
2026-09-11T13:14:24Z,currencyservice,productcatalogservice,0,0,0,0,0
2026-09-11T13:14:24Z,currencyservice,recommendationservice,0,0,0,0,0
2026-09-11T13:14:24Z,currencyservice,redis-cart,0,0,0,0,0
2026-09-11T13:14:24Z,currencyservice,shippingservice,0,0,0,0,0
2026-09-11T13:14:24Z,emailservice,adservice,0,0,0,0,0
2026-09-11T13:14:24Z,emailservice,cartservice,0,0,0,0,0
2026-09-11T13:14:24Z,emailservice,checkoutservice,0,0,0,0,0
2026-09-11T13:14:24Z,emailservice,currencyservice,0,0,0,0,0
2026-09-11T13:14:24Z,emailservice,emailservice,0,0,0,0,0
2026-09-11T13:14:24Z,emailservice,frontend,0,0,0,0,0
2026-09-11T13:14:24Z,emailservice,kubernetes,0,0,0,0,0
2026-09-11T13:14:24Z,emailservice,paymentservice,0,0,0,0,0
2026-09-11T13:14:24Z,emailservice,productcatalogservice,0,0,0,0,0
2026-09-11T13:14:24Z,emailservice,recommendationservice,0,0,0,0,0
2026-09-11T13:14:24Z,emailservice,redis-cart,0,0,0,0,0
2026-09-11T13:14:24Z,emailservice,shippingservice,0,0,0,0,0
2026-09-11T13:14:24Z,frontend,adservice,43068,30459,0,479,0
2026-09-11T13:14:24Z,frontend,cartservice,197859,197831,0,0,0
2026-09-11T13:14:24Z,frontend,checkoutservice,8018,8018,0,0,0
2026-09-11T13:14:24Z,frontend,currencyservice,316357,316279,0,0,0
2026-09-11T13:14:24Z,frontend,emailservice,0,0,0,0,0
2026-09-11T13:14:24Z,frontend,frontend,0,0,0,0,0
2026-09-11T13:14:24Z,frontend,kubernetes,0,0,0,0,0
2026-09-11T13:14:24Z,frontend,paymentservice,0,0,0,0,0
2026-09-11T13:14:24Z,frontend,productcatalogservice,789330,789091,0,0,0
2026-09-11T13:14:24Z,frontend,recommendationservice,128373,128360,0,0,0
2026-09-11T13:14:24Z,frontend,redis-cart,0,0,0,0,0
2026-09-11T13:14:24Z,frontend,shippingservice,77047,77047,0,0,0
2026-09-11T13:14:24Z,paymentservice,adservice,0,0,0,0,0
2026-09-11T13:14:24Z,paymentservice,cartservice,0,0,0,0,0
2026-09-11T13:14:24Z,paymentservice,checkoutservice,0,0,0,0,0
2026-09-11T13:14:24Z,paymentservice,currencyservice,0,0,0,0,0
2026-09-11T13:14:24Z,paymentservice,emailservice,0,0,0,0,0
2026-09-11T13:14:24Z,paymentservice,frontend,0,0,0,0,0
2026-09-11T13:14:24Z,paymentservice,kubernetes,0,0,0,0,0
2026-09-11T13:14:24Z,paymentservice,paymentservice,0,0,0,0,0
2026-09-11T13:14:24Z,paymentservice,productcatalogservice,0,0,0,0,0
2026-09-11T13:14:24Z,paymentservice,recommendationservice,0,0,0,0,0
2026-09-11T13:14:24Z,paymentservice,redis-cart,0,0,0,0,0
2026-09-11T13:14:24Z,paymentservice,shippingservice,0,0,0,0,0
2026-09-11T13:14:24Z,productcatalogservice,adservice,0,0,0,0,0
2026-09-11T13:14:24Z,productcatalogservice,cartservice,0,0,0,0,0
2026-09-11T13:14:24Z,productcatalogservice,checkoutservice,0,0,0,0,0
2026-09-11T13:14:24Z,productcatalogservice,currencyservice,0,0,0,0,0
2026-09-11T13:14:24Z,productcatalogservice,emailservice,0,0,0,0,0
2026-09-11T13:14:24Z,productcatalogservice,frontend,0,0,0,0,0
2026-09-11T13:14:24Z,productcatalogservice,kubernetes,0,0,0,0,0
2026-09-11T13:14:24Z,productcatalogservice,paymentservice,0,0,0,0,0
2026-09-11T13:14:24Z,productcatalogservice,productcatalogservice,0,0,0,0,0
2026-09-11T13:14:24Z,productcatalogservice,recommendationservice,0,0,0,0,0
2026-09-11T13:14:24Z,productcatalogservice,redis-cart,0,0,0,0,0
2026-09-11T13:14:24Z,productcatalogservice,shippingservice,0,0,0,0,0
2026-09-11T13:14:24Z,recommendationservice,adservice,0,0,0,0,0
2026-09-11T13:14:24Z,recommendationservice,cartservice,0,0,0,0,0
2026-09-11T13:14:24Z,recommendationservice,checkoutservice,0,0,0,0,0
2026-09-11T13:14:24Z,recommendationservice,currencyservice,0,0,0,0,0
2026-09-11T13:14:24Z,recommendationservice,emailservice,0,0,0,0,0
2026-09-11T13:14:24Z,recommendationservice,frontend,0,0,0,0,0
2026-09-11T13:14:24Z,recommendationservice,kubernetes,0,0,0,0,0
2026-09-11T13:14:24Z,recommendationservice,paymentservice,0,0,0,0,0
2026-09-11T13:14:24Z,recommendationservice,productcatalogservice,128369,128369,0,0,0
2026-09-11T13:14:24Z,recommendationservice,recommendationservice,0,0,0,0,0
2026-09-11T13:14:24Z,recommendationservice,redis-cart,0,0,0,0,0
2026-09-11T13:14:24Z,recommendationservice,shippingservice,0,0,0,0,0
2026-09-11T13:14:24Z,redis-cart,adservice,0,0,0,0,0
2026-09-11T13:14:24Z,redis-cart,cartservice,0,0,0,0,0
2026-09-11T13:14:24Z,redis-cart,checkoutservice,0,0,0,0,0
2026-09-11T13:14:24Z,redis-cart,currencyservice,0,0,0,0,0
2026-09-11T13:14:24Z,redis-cart,emailservice,0,0,0,0,0
2026-09-11T13:14:24Z,redis-cart,frontend,0,0,0,0,0
2026-09-11T13:14:24Z,redis-cart,kubernetes,0,0,0,0,0
2026-09-11T13:14:24Z,redis-cart,paymentservice,0,0,0,0,0
2026-09-11T13:14:24Z,redis-cart,productcatalogservice,0,0,0,0,0
2026-09-11T13:14:24Z,redis-cart,recommendationservice,0,0,0,0,0
2026-09-11T13:14:24Z,redis-cart,redis-cart,0,0,0,0,0
2026-09-11T13:14:24Z,redis-cart,shippingservice,0,0,0,0,0
2026-09-11T13:14:24Z,shippingservice,adservice,0,0,0,0,0
2026-09-11T13:14:24Z,shippingservice,cartservice,0,0,0,0,0
2026-09-11T13:14:24Z,shippingservice,checkoutservice,0,0,0,0,0
2026-09-11T13:14:24Z,shippingservice,currencyservice,0,0,0,0,0
2026-09-11T13:14:24Z,shippingservice,emailservice,0,0,0,0,0
2026-09-11T13:14:24Z,shippingservice,frontend,0,0,0,0,0
2026-09-11T13:14:24Z,shippingservice,kubernetes,0,0,0,0,0
2026-09-11T13:14:24Z,shippingservice,paymentservice,0,0,0,0,0
2026-09-11T13:14:24Z,shippingservice,productcatalogservice,0,0,0,0,0
2026-09-11T13:14:24Z,shippingservice,recommendationservice,0,0,0,0,0
2026-09-11T13:14:24Z,shippingservice,redis-cart,0,0,0,0,0
2026-09-11T13:14:24Z,shippingservice,shippingservice,0,0,0,0,0
2026-09-11T13:14:27Z,adservice,adservice,0,0,0,0,0
2026-09-11T13:14:27Z,adservice,cartservice,0,0,0,0,0
2026-09-11T13:14:27Z,adservice,checkoutservice,0,0,0,0,0
2026-09-11T13:14:27Z,adservice,currencyservice,0,0,0,0,0
2026-09-11T13:14:27Z,adservice,emailservice,0,0,0,0,0
2026-09-11T13:14:27Z,adservice,frontend,0,0,0,0,0
2026-09-11T13:14:27Z,adservice,kubernetes,0,0,0,0,0
2026-09-11T13:14:27Z,adservice,paymentservice,0,0,0,0,0
2026-09-11T13:14:27Z,adservice,productcatalogservice,0,0,0,0,0
2026-09-11T13:14:27Z,adservice,recommendationservice,0,0,0,0,0
2026-09-11T13:14:27Z,adservice,redis-cart,0,0,0,0,0
2026-09-11T13:14:27Z,adservice,shippingservice,0,0,0,0,0
2026-09-11T13:14:27Z,cartservice,adservice,0,0,0,0,0
2026-09-11T13:14:27Z,cartservice,cartservice,0,0,0,0,0
2026-09-11T13:14:27Z,cartservice,checkoutservice,0,0,0,0,0
2026-09-11T13:14:27Z,cartservice,currencyservice,0,0,0,0,0
2026-09-11T13:14:27Z,cartservice,emailservice,0,0,0,0,0
2026-09-11T13:14:27Z,cartservice,frontend,0,0,0,0,0
2026-09-11T13:14:27Z,cartservice,kubernetes,0,0,0,0,0
2026-09-11T13:14:27Z,cartservice,paymentservice,0,0,0,0,0
2026-09-11T13:14:27Z,cartservice,productcatalogservice,0,0,0,0,0
2026-09-11T13:14:27Z,cartservice,recommendationservice,0,0,0,0,0
2026-09-11T13:14:27Z,cartservice,redis-cart,2,0,0,0,0
2026-09-11T13:14:27Z,cartservice,shippingservice,0,0,0,0,0
2026-09-11T13:14:27Z,checkoutservice,adservice,0,0,0,0,0
2026-09-11T13:14:27Z,checkoutservice,cartservice,16036,16036,0,0,0
2026-09-11T13:14:27Z,checkoutservice,checkoutservice,0,0,0,0,0
2026-09-11T13:14:27Z,checkoutservice,currencyservice,8018,8018,0,0,0
2026-09-11T13:14:27Z,checkoutservice,emailservice,8018,8018,0,0,0
2026-09-11T13:14:27Z,checkoutservice,frontend,0,0,0,0,0
2026-09-11T13:14:27Z,checkoutservice,kubernetes,0,0,0,0,0
2026-09-11T13:14:27Z,checkoutservice,paymentservice,8018,8018,0,0,0
2026-09-11T13:14:27Z,checkoutservice,productcatalogservice,0,0,0,0,0
2026-09-11T13:14:27Z,checkoutservice,recommendationservice,0,0,0,0,0
2026-09-11T13:14:27Z,checkoutservice,redis-cart,0,0,0,0,0
2026-09-11T13:14:27Z,checkoutservice,shippingservice,16036,16036,0,0,0
2026-09-11T13:14:27Z,currencyservice,adservice,0,0,0,0,0
2026-09-11T13:14:27Z,currencyservice,cartservice,0,0,0,0,0
2026-09-11T13:14:27Z,currencyservice,checkoutservice,0,0,0,0,0
2026-09-11T13:14:27Z,currencyservice,currencyservice,0,0,0,0,0
2026-09-11T13:14:27Z,currencyservice,emailservice,0,0,0,0,0
2026-09-11T13:14:27Z,currencyservice,frontend,0,0,0,0,0
2026-09-11T13:14:27Z,currencyservice,kubernetes,0,0,0,0,0
2026-09-11T13:14:27Z,currencyservice,paymentservice,0,0,0,0,0
2026-09-11T13:14:27Z,currencyservice,productcatalogservice,0,0,0,0,0
2026-09-11T13:14:27Z,currencyservice,recommendationservice,0,0,0,0,0
2026-09-11T13:14:27Z,currencyservice,redis-cart,0,0,0,0,0
2026-09-11T13:14:27Z,currencyservice,shippingservice,0,0,0,0,0
2026-09-11T13:14:27Z,emailservice,adservice,0,0,0,0,0
2026-09-11T13:14:27Z,emailservice,cartservice,0,0,0,0,0
2026-09-11T13:14:27Z,emailservice,checkoutservice,0,0,0,0,0
2026-09-11T13:14:27Z,emailservice,currencyservice,0,0,0,0,0
2026-09-11T13:14:27Z,emailservice,emailservice,0,0,0,0,0
2026-09-11T13:14:27Z,emailservice,frontend,0,0,0,0,0
2026-09-11T13:14:27Z,emailservice,kubernetes,0,0,0,0,0
2026-09-11T13:14:27Z,emailservice,paymentservice,0,0,0,0,0
2026-09-11T13:14:27Z,emailservice,productcatalogservice,0,0,0,0,0
2026-09-11T13:14:27Z,emailservice,recommendationservice,0,0,0,0,0
2026-09-11T13:14:27Z,emailservice,redis-cart,0,0,0,0,0
2026-09-11T13:14:27Z,emailservice,shippingservice,0,0,0,0,0
2026-09-11T13:14:27Z,frontend,adservice,43068,30459,0,479,0
2026-09-11T13:14:27Z,frontend,cartservice,197859,197831,0,0,0
2026-09-11T13:14:27Z,frontend,checkoutservice,8018,8018,0,0,0
2026-09-11T13:14:27Z,frontend,currencyservice,316357,316279,0,0,0
2026-09-11T13:14:27Z,frontend,emailservice,0,0,0,0,0
2026-09-11T13:14:27Z,frontend,frontend,0,0,0,0,0
2026-09-11T13:14:27Z,frontend,kubernetes,0,0,0,0,0
2026-09-11T13:14:27Z,frontend,paymentservice,0,0,0,0,0
2026-09-11T13:14:27Z,frontend,productcatalogservice,789330,789091,0,0,0
2026-09-11T13:14:27Z,frontend,recommendationservice,128373,128360,0,0,0
2026-09-11T13:14:27Z,frontend,redis-cart,0,0,0,0,0
2026-09-11T13:14:27Z,frontend,shippingservice,77047,77047,0,0,0
2026-09-11T13:14:27Z,paymentservice,adservice,0,0,0,0,0
2026-09-11T13:14:27Z,paymentservice,cartservice,0,0,0,0,0
2026-09-11T13:14:27Z,paymentservice,checkoutservice,0,0,0,0,0
2026-09-11T13:14:27Z,paymentservice,currencyservice,0,0,0,0,0
2026-09-11T13:14:27Z,paymentservice,emailservice,0,0,0,0,0
2026-09-11T13:14:27Z,paymentservice,frontend,0,0,0,0,0
2026-09-11T13:14:27Z,paymentservice,kubernetes,0,0,0,0,0
2026-09-11T13:14:27Z,paymentservice,paymentservice,0,0,0,0,0
2026-09-11T13:14:27Z,paymentservice,productcatalogservice,0,0,0,0,0
2026-09-11T13:14:27Z,paymentservice,recommendationservice,0,0,0,0,0
2026-09-11T13:14:27Z,paymentservice,redis-cart,0,0,0,0,0
2026-09-11T13:14:27Z,paymentservice,shippingservice,0,0,0,0,0
2026-09-11T13:14:27Z,productcatalogservice,adservice,0,0,0,0,0
2026-09-11T13:14:27Z,productcatalogservice,cartservice,0,0,0,0,0
2026-09-11T13:14:27Z,productcatalogservice,checkoutservice,0,0,0,0,0
2026-09-11T13:14:27Z,productcatalogservice,currencyservice,0,0,0,0,0
2026-09-11T13:14:27Z,productcatalogservice,emailservice,0,0,0,0,0
2026-09-11T13:14:27Z,productcatalogservice,frontend,0,0,0,0,0
2026-09-11T13:14:27Z,productcatalogservice,kubernetes,0,0,0,0,0
2026-09-11T13:14:27Z,productcatalogservice,paymentservice,0,0,0,0,0
2026-09-11T13:14:27Z,productcatalogservice,productcatalogservice,0,0,0,0,0
2026-09-11T13:14:27Z,productcatalogservice,recommendationservice,0,0,0,0,0
2026-09-11T13:14:27Z,productcatalogservice,redis-cart,0,0,0,0,0
2026-09-11T13:14:27Z,productcatalogservice,shippingservice,0,0,0,0,0
2026-09-11T13:14:27Z,recommendationservice,adservice,0,0,0,0,0
2026-09-11T13:14:27Z,recommendationservice,cartservice,0,0,0,0,0
2026-09-11T13:14:27Z,recommendationservice,checkoutservice,0,0,0,0,0
2026-09-11T13:14:27Z,recommendationservice,currencyservice,0,0,0,0,0
2026-09-11T13:14:27Z,recommendationservice,emailservice,0,0,0,0,0
2026-09-11T13:14:27Z,recommendationservice,frontend,0,0,0,0,0
2026-09-11T13:14:27Z,recommendationservice,kubernetes,0,0,0,0,0
2026-09-11T13:14:27Z,recommendationservice,paymentservice,0,0,0,0,0
2026-09-11T13:14:27Z,recommendationservice,productcatalogservice,128369,128369,0,0,0
2026-09-11T13:14:27Z,recommendationservice,recommendationservice,0,0,0,0,0
2026-09-11T13:14:27Z,recommendationservice,redis-cart,0,0,0,0,0
2026-09-11T13:14:27Z,recommendationservice,shippingservice,0,0,0,0,0
2026-09-11T13:14:27Z,redis-cart,adservice,0,0,0,0,0
2026-09-11T13:14:27Z,redis-cart,cartservice,0,0,0,0,0
2026-09-11T13:14:27Z,redis-cart,checkoutservice,0,0,0,0,0
2026-09-11T13:14:27Z,redis-cart,currencyservice,0,0,0,0,0
2026-09-11T13:14:27Z,redis-cart,emailservice,0,0,0,0,0
2026-09-11T13:14:27Z,redis-cart,frontend,0,0,0,0,0
2026-09-11T13:14:27Z,redis-cart,kubernetes,0,0,0,0,0
2026-09-11T13:14:27Z,redis-cart,paymentservice,0,0,0,0,0
2026-09-11T13:14:27Z,redis-cart,productcatalogservice,0,0,0,0,0
2026-09-11T13:14:27Z,redis-cart,recommendationservice,0,0,0,0,0
2026-09-11T13:14:27Z,redis-cart,redis-cart,0,0,0,0,0
2026-09-11T13:14:27Z,redis-cart,shippingservice,0,0,0,0,0
2026-09-11T13:14:27Z,shippingservice,adservice,0,0,0,0,0
2026-09-11T13:14:27Z,shippingservice,cartservice,0,0,0,0,0
2026-09-11T13:14:27Z,shippingservice,checkoutservice,0,0,0,0,0
2026-09-11T13:14:27Z,shippingservice,currencyservice,0,0,0,0,0
2026-09-11T13:14:27Z,shippingservice,emailservice,0,0,0,0,0
2026-09-11T13:14:27Z,shippingservice,frontend,0,0,0,0,0
2026-09-11T13:14:27Z,shippingservice,kubernetes,0,0,0,0,0
2026-09-11T13:14:27Z,shippingservice,paymentservice,0,0,0,0,0
2026-09-11T13:14:27Z,shippingservice,productcatalogservice,0,0,0,0,0
2026-09-11T13:14:27Z,shippingservice,recommendationservice,0,0,0,0,0
2026-09-11T13:14:27Z,shippingservice,redis-cart,0,0,0,0,0
2026-09-11T13:14:27Z,shippingservice,shippingservice,0,0,0,0,0
2026-09-11T13:14:30Z,adservice,adservice,0,0,0,0,0
2026-09-11T13:14:30Z,adservice,cartservice,0,0,0,0,0
2026-09-11T13:14:30Z,adservice,checkoutservice,0,0,0,0,0
2026-09-11T13:14:30Z,adservice,currencyservice,0,0,0,0,0
2026-09-11T13:14:30Z,adservice,emailservice,0,0,0,0,0
2026-09-11T13:14:30Z,adservice,frontend,0,0,0,0,0
2026-09-11T13:14:30Z,adservice,kubernetes,0,0,0,0,0
2026-09-11T13:14:30Z,adservice,paymentservice,0,0,0,0,0
2026-09-11T13:14:30Z,adservice,productcatalogservice,0,0,0,0,0
2026-09-11T13:14:30Z,adservice,recommendationservice,0,0,0,0,0
2026-09-11T13:14:30Z,adservice,redis-cart,0,0,0,0,0
2026-09-11T13:14:30Z,adservice,shippingservice,0,0,0,0,0
2026-09-11T13:14:30Z,cartservice,adservice,0,0,0,0,0
2026-09-11T13:14:30Z,cartservice,cartservice,0,0,0,0,0
2026-09-11T13:14:30Z,cartservice,checkoutservice,0,0,0,0,0
2026-09-11T13:14:30Z,cartservice,currencyservice,0,0,0,0,0
2026-09-11T13:14:30Z,cartservice,emailservice,0,0,0,0,0
2026-09-11T13:14:30Z,cartservice,frontend,0,0,0,0,0
2026-09-11T13:14:30Z,cartservice,kubernetes,0,0,0,0,0
2026-09-11T13:14:30Z,cartservice,paymentservice,0,0,0,0,0
2026-09-11T13:14:30Z,cartservice,productcatalogservice,0,0,0,0,0
2026-09-11T13:14:30Z,cartservice,recommendationservice,0,0,0,0,0
2026-09-11T13:14:30Z,cartservice,redis-cart,2,0,0,0,0
2026-09-11T13:14:30Z,cartservice,shippingservice,0,0,0,0,0
2026-09-11T13:14:30Z,checkoutservice,adservice,0,0,0,0,0
2026-09-11T13:14:30Z,checkoutservice,cartservice,16036,16036,0,0,0
2026-09-11T13:14:30Z,checkoutservice,checkoutservice,0,0,0,0,0
2026-09-11T13:14:30Z,checkoutservice,currencyservice,8018,8018,0,0,0
2026-09-11T13:14:30Z,checkoutservice,emailservice,8018,8018,0,0,0
2026-09-11T13:14:30Z,checkoutservice,frontend,0,0,0,0,0
2026-09-11T13:14:30Z,checkoutservice,kubernetes,0,0,0,0,0
2026-09-11T13:14:30Z,checkoutservice,paymentservice,8018,8018,0,0,0
2026-09-11T13:14:30Z,checkoutservice,productcatalogservice,0,0,0,0,0
2026-09-11T13:14:30Z,checkoutservice,recommendationservice,0,0,0,0,0
2026-09-11T13:14:30Z,checkoutservice,redis-cart,0,0,0,0,0
2026-09-11T13:14:30Z,checkoutservice,shippingservice,16036,16036,0,0,0
2026-09-11T13:14:30Z,currencyservice,adservice,0,0,0,0,0
2026-09-11T13:14:30Z,currencyservice,cartservice,0,0,0,0,0
2026-09-11T13:14:30Z,currencyservice,checkoutservice,0,0,0,0,0
2026-09-11T13:14:30Z,currencyservice,currencyservice,0,0,0,0,0
2026-09-11T13:14:30Z,currencyservice,emailservice,0,0,0,0,0
2026-09-11T13:14:30Z,currencyservice,frontend,0,0,0,0,0
2026-09-11T13:14:30Z,currencyservice,kubernetes,0,0,0,0,0
2026-09-11T13:14:30Z,currencyservice,paymentservice,0,0,0,0,0
2026-09-11T13:14:30Z,currencyservice,productcatalogservice,0,0,0,0,0
2026-09-11T13:14:30Z,currencyservice,recommendationservice,0,0,0,0,0
2026-09-11T13:14:30Z,currencyservice,redis-cart,0,0,0,0,0
2026-09-11T13:14:30Z,currencyservice,shippingservice,0,0,0,0,0
2026-09-11T13:14:30Z,emailservice,adservice,0,0,0,0,0
2026-09-11T13:14:30Z,emailservice,cartservice,0,0,0,0,0
2026-09-11T13:14:30Z,emailservice,checkoutservice,0,0,0,0,0
2026-09-11T13:14:30Z,emailservice,currencyservice,0,0,0,0,0
2026-09-11T13:14:30Z,emailservice,emailservice,0,0,0,0,0
2026-09-11T13:14:30Z,emailservice,frontend,0,0,0,0,0
2026-09-11T13:14:30Z,emailservice,kubernetes,0,0,0,0,0
2026-09-11T13:14:30Z,emailservice,paymentservice,0,0,0,0,0
2026-09-11T13:14:30Z,emailservice,productcatalogservice,0,0,0,0,0
2026-09-11T13:14:30Z,emailservice,recommendationservice,0,0,0,0,0
2026-09-11T13:14:30Z,emailservice,redis-cart,0,0,0,0,0
2026-09-11T13:14:30Z,emailservice,shippingservice,0,0,0,0,0
2026-09-11T13:14:30Z,frontend,adservice,43068,30459,0,479,0
2026-09-11T13:14:30Z,frontend,cartservice,197859,197831,0,0,0
2026-09-11T13:14:30Z,frontend,checkoutservice,8018,8018,0,0,0
2026-09-11T13:14:30Z,frontend,currencyservice,316357,316279,0,0,0
2026-09-11T13:14:30Z,frontend,emailservice,0,0,0,0,0
2026-09-11T13:14:30Z,frontend,frontend,0,0,0,0,0
2026-09-11T13:14:30Z,frontend,kubernetes,0,0,0,0,0
2026-09-11T13:14:30Z,frontend,paymentservice,0,0,0,0,0
2026-09-11T13:14:30Z,frontend,productcatalogservice,789330,789091,0,0,0
2026-09-11T13:14:30Z,frontend,recommendationservice,128373,128360,0,0,0
2026-09-11T13:14:30Z,frontend,redis-cart,0,0,0,0,0
2026-09-11T13:14:30Z,frontend,shippingservice,77047,77047,0,0,0
2026-09-11T13:14:30Z,paymentservice,adservice,0,0,0,0,0
2026-09-11T13:14:30Z,paymentservice,cartservice,0,0,0,0,0
2026-09-11T13:14:30Z,paymentservice,checkoutservice,0,0,0,0,0
2026-09-11T13:14:30Z,paymentservice,currencyservice,0,0,0,0,0
2026-09-11T13:14:30Z,paymentservice,emailservice,0,0,0,0,0
2026-09-11T13:14:30Z,paymentservice,frontend,0,0,0,0,0
2026-09-11T13:14:30Z,paymentservice,kubernetes,0,0,0,0,0
2026-09-11T13:14:30Z,paymentservice,paymentservice,0,0,0,0,0
2026-09-11T13:14:30Z,paymentservice,productcatalogservice,0,0,0,0,0
2026-09-11T13:14:30Z,paymentservice,recommendationservice,0,0,0,0,0
2026-09-11T13:14:30Z,paymentservice,redis-cart,0,0,0,0,0
2026-09-11T13:14:30Z,paymentservice,shippingservice,0,0,0,0,0
2026-09-11T13:14:30Z,productcatalogservice,adservice,0,0,0,0,0
2026-09-11T13:14:30Z,productcatalogservice,cartservice,0,0,0,0,0
2026-09-11T13:14:30Z,productcatalogservice,checkoutservice,0,0,0,0,0
2026-09-11T13:14:30Z,productcatalogservice,currencyservice,0,0,0,0,0
2026-09-11T13:14:30Z,productcatalogservice,emailservice,0,0,0,0,0
2026-09-11T13:14:30Z,productcatalogservice,frontend,0,0,0,0,0
2026-09-11T13:14:30Z,productcatalogservice,kubernetes,0,0,0,0,0
2026-09-11T13:14:30Z,productcatalogservice,paymentservice,0,0,0,0,0
2026-09-11T13:14:30Z,productcatalogservice,productcatalogservice,0,0,0,0,0
2026-09-11T13:14:30Z,productcatalogservice,recommendationservice,0,0,0,0,0
2026-09-11T13:14:30Z,productcatalogservice,redis-cart,0,0,0,0,0
2026-09-11T13:14:30Z,productcatalogservice,shippingservice,0,0,0,0,0
2026-09-11T13:14:30Z,recommendationservice,adservice,0,0,0,0,0
2026-09-11T13:14:30Z,recommendationservice,cartservice,0,0,0,0,0
2026-09-11T13:14:30Z,recommendationservice,checkoutservice,0,0,0,0,0
2026-09-11T13:14:30Z,recommendationservice,currencyservice,0,0,0,0,0
2026-09-11T13:14:30Z,recommendationservice,emailservice,0,0,0,0,0
2026-09-11T13:14:30Z,recommendationservice,frontend,0,0,0,0,0
2026-09-11T13:14:30Z,recommendationservice,kubernetes,0,0,0,0,0
2026-09-11T13:14:30Z,recommendationservice,paymentservice,0,0,0,0,0
2026-09-11T13:14:30Z,recommendationservice,productcatalogservice,128369,128369,0,0,0
2026-09-11T13:14:30Z,recommendationservice,recommendationservice,0,0,0,0,0
2026-09-11T13:14:30Z,recommendationservice,redis-cart,0,0,0,0,0
2026-09-11T13:14:30Z,recommendationservice,shippingservice,0,0,0,0,0
2026-09-11T13:14:30Z,redis-cart,adservice,0,0,0,0,0
2026-09-11T13:14:30Z,redis-cart,cartservice,0,0,0,0,0
2026-09-11T13:14:30Z,redis-cart,checkoutservice,0,0,0,0,0
2026-09-11T13:14:30Z,redis-cart,currencyservice,0,0,0,0,0
2026-09-11T13:14:30Z,redis-cart,emailservice,0,0,0,0,0
2026-09-11T13:14:30Z,redis-cart,frontend,0,0,0,0,0
2026-09-11T13:14:30Z,redis-cart,kubernetes,0,0,0,0,0
2026-09-11T13:14:30Z,redis-cart,paymentservice,0,0,0,0,0
2026-09-11T13:14:30Z,redis-cart,productcatalogservice,0,0,0,0,0
2026-09-11T13:14:30Z,redis-cart,recommendationservice,0,0,0,0,0
2026-09-11T13:14:30Z,redis-cart,redis-cart,0,0,0,0,0
2026-09-11T13:14:30Z,redis-cart,shippingservice,0,0,0,0,0
2026-09-11T13:14:30Z,shippingservice,adservice,0,0,0,0,0
2026-09-11T13:14:30Z,shippingservice,cartservice,0,0,0,0,0
2026-09-11T13:14:30Z,shippingservice,checkoutservice,0,0,0,0,0
2026-09-11T13:14:30Z,shippingservice,currencyservice,0,0,0,0,0
2026-09-11T13:14:30Z,shippingservice,emailservice,0,0,0,0,0
2026-09-11T13:14:30Z,shippingservice,frontend,0,0,0,0,0
2026-09-11T13:14:30Z,shippingservice,kubernetes,0,0,0,0,0
2026-09-11T13:14:30Z,shippingservice,paymentservice,0,0,0,0,0
2026-09-11T13:14:30Z,shippingservice,productcatalogservice,0,0,0,0,0
2026-09-11T13:14:30Z,shippingservice,recommendationservice,0,0,0,0,0
2026-09-11T13:14:30Z,shippingservice,redis-cart,0,0,0,0,0
2026-09-11T13:14:30Z,shippingservice,shippingservice,0,0,0,0,0
2026-09-11T13:14:33Z,adservice,adservice,0,0,0,0,0
2026-09-11T13:14:33Z,adservice,cartservice,0,0,0,0,0
2026-09-11T13:14:33Z,adservice,checkoutservice,0,0,0,0,0
2026-09-11T13:14:33Z,adservice,currencyservice,0,0,0,0,0
2026-09-11T13:14:33Z,adservice,emailservice,0,0,0,0,0
2026-09-11T13:14:33Z,adservice,frontend,0,0,0,0,0
2026-09-11T13:14:33Z,adservice,kubernetes,0,0,0,0,0
2026-09-11T13:14:33Z,adservice,paymentservice,0,0,0,0,0
2026-09-11T13:14:33Z,adservice,productcatalogservice,0,0,0,0,0
2026-09-11T13:14:33Z,adservice,recommendationservice,0,0,0,0,0
2026-09-11T13:14:33Z,adservice,redis-cart,0,0,0,0,0
2026-09-11T13:14:33Z,adservice,shippingservice,0,0,0,0,0
2026-09-11T13:14:33Z,cartservice,adservice,0,0,0,0,0
2026-09-11T13:14:33Z,cartservice,cartservice,0,0,0,0,0
2026-09-11T13:14:33Z,cartservice,checkoutservice,0,0,0,0,0
2026-09-11T13:14:33Z,cartservice,currencyservice,0,0,0,0,0
2026-09-11T13:14:33Z,cartservice,emailservice,0,0,0,0,0
2026-09-11T13:14:33Z,cartservice,frontend,0,0,0,0,0
2026-09-11T13:14:33Z,cartservice,kubernetes,0,0,0,0,0
2026-09-11T13:14:33Z,cartservice,paymentservice,0,0,0,0,0
2026-09-11T13:14:33Z,cartservice,productcatalogservice,0,0,0,0,0
2026-09-11T13:14:33Z,cartservice,recommendationservice,0,0,0,0,0
2026-09-11T13:14:33Z,cartservice,redis-cart,2,0,0,0,0
2026-09-11T13:14:33Z,cartservice,shippingservice,0,0,0,0,0
2026-09-11T13:14:33Z,checkoutservice,adservice,0,0,0,0,0
2026-09-11T13:14:33Z,checkoutservice,cartservice,16036,16036,0,0,0
2026-09-11T13:14:33Z,checkoutservice,checkoutservice,0,0,0,0,0
2026-09-11T13:14:33Z,checkoutservice,currencyservice,8018,8018,0,0,0
2026-09-11T13:14:33Z,checkoutservice,emailservice,8018,8018,0,0,0
2026-09-11T13:14:33Z,checkoutservice,frontend,0,0,0,0,0
2026-09-11T13:14:33Z,checkoutservice,kubernetes,0,0,0,0,0
2026-09-11T13:14:33Z,checkoutservice,paymentservice,8018,8018,0,0,0
2026-09-11T13:14:33Z,checkoutservice,productcatalogservice,0,0,0,0,0
2026-09-11T13:14:33Z,checkoutservice,recommendationservice,0,0,0,0,0
2026-09-11T13:14:33Z,checkoutservice,redis-cart,0,0,0,0,0
2026-09-11T13:14:33Z,checkoutservice,shippingservice,16036,16036,0,0,0
2026-09-11T13:14:33Z,currencyservice,adservice,0,0,0,0,0
2026-09-11T13:14:33Z,currencyservice,cartservice,0,0,0,0,0
2026-09-11T13:14:33Z,currencyservice,checkoutservice,0,0,0,0,0
2026-09-11T13:14:33Z,currencyservice,currencyservice,0,0,0,0,0
2026-09-11T13:14:33Z,currencyservice,emailservice,0,0,0,0,0
2026-09-11T13:14:33Z,currencyservice,frontend,0,0,0,0,0
2026-09-11T13:14:33Z,currencyservice,kubernetes,0,0,0,0,0
2026-09-11T13:14:33Z,currencyservice,paymentservice,0,0,0,0,0
2026-09-11T13:14:33Z,currencyservice,productcatalogservice,0,0,0,0,0
2026-09-11T13:14:33Z,currencyservice,recommendationservice,0,0,0,0,0
2026-09-11T13:14:33Z,currencyservice,redis-cart,0,0,0,0,0
2026-09-11T13:14:33Z,currencyservice,shippingservice,0,0,0,0,0
2026-09-11T13:14:33Z,emailservice,adservice,0,0,0,0,0
2026-09-11T13:14:33Z,emailservice,cartservice,0,0,0,0,0
2026-09-11T13:14:33Z,emailservice,checkoutservice,0,0,0,0,0
2026-09-11T13:14:33Z,emailservice,currencyservice,0,0,0,0,0
2026-09-11T13:14:33Z,emailservice,emailservice,0,0,0,0,0
2026-09-11T13:14:33Z,emailservice,frontend,0,0,0,0,0
2026-09-11T13:14:33Z,emailservice,kubernetes,0,0,0,0,0
2026-09-11T13:14:33Z,emailservice,paymentservice,0,0,0,0,0
2026-09-11T13:14:33Z,emailservice,productcatalogservice,0,0,0,0,0
2026-09-11T13:14:33Z,emailservice,recommendationservice,0,0,0,0,0
2026-09-11T13:14:33Z,emailservice,redis-cart,0,0,0,0,0
2026-09-11T13:14:33Z,emailservice,shippingservice,0,0,0,0,0
2026-09-11T13:14:33Z,frontend,adservice,43068,30459,0,479,0
2026-09-11T13:14:33Z,frontend,cartservice,197859,197831,0,0,0
2026-09-11T13:14:33Z,frontend,checkoutservice,8018,8018,0,0,0
2026-09-11T13:14:33Z,frontend,currencyservice,316357,316279,0,0,0
2026-09-11T13:14:33Z,frontend,emailservice,0,0,0,0,0
2026-09-11T13:14:33Z,frontend,frontend,0,0,0,0,0
2026-09-11T13:14:33Z,frontend,kubernetes,0,0,0,0,0
2026-09-11T13:14:33Z,frontend,paymentservice,0,0,0,0,0
2026-09-11T13:14:33Z,frontend,productcatalogservice,789330,789091,0,0,0
2026-09-11T13:14:33Z,frontend,recommendationservice,128373,128360,0,0,0
2026-09-11T13:14:33Z,frontend,redis-cart,0,0,0,0,0
2026-09-11T13:14:33Z,frontend,shippingservice,77047,77047,0,0,0
2026-09-11T13:14:33Z,paymentservice,adservice,0,0,0,0,0
2026-09-11T13:14:33Z,paymentservice,cartservice,0,0,0,0,0
2026-09-11T13:14:33Z,paymentservice,checkoutservice,0,0,0,0,0
2026-09-11T13:14:33Z,paymentservice,currencyservice,0,0,0,0,0
2026-09-11T13:14:33Z,paymentservice,emailservice,0,0,0,0,0
2026-09-11T13:14:33Z,paymentservice,frontend,0,0,0,0,0
2026-09-11T13:14:33Z,paymentservice,kubernetes,0,0,0,0,0
2026-09-11T13:14:33Z,paymentservice,paymentservice,0,0,0,0,0
2026-09-11T13:14:33Z,paymentservice,productcatalogservice,0,0,0,0,0
2026-09-11T13:14:33Z,paymentservice,recommendationservice,0,0,0,0,0
2026-09-11T13:14:33Z,paymentservice,redis-cart,0,0,0,0,0
2026-09-11T13:14:33Z,paymentservice,shippingservice,0,0,0,0,0
2026-09-11T13:14:33Z,productcatalogservice,adservice,0,0,0,0,0
2026-09-11T13:14:33Z,productcatalogservice,cartservice,0,0,0,0,0
2026-09-11T13:14:33Z,productcatalogservice,checkoutservice,0,0,0,0,0
2026-09-11T13:14:33Z,productcatalogservice,currencyservice,0,0,0,0,0
2026-09-11T13:14:33Z,productcatalogservice,emailservice,0,0,0,0,0
2026-09-11T13:14:33Z,productcatalogservice,frontend,0,0,0,0,0
2026-09-11T13:14:33Z,productcatalogservice,kubernetes,0,0,0,0,0
2026-09-11T13:14:33Z,productcatalogservice,paymentservice,0,0,0,0,0
2026-09-11T13:14:33Z,productcatalogservice,productcatalogservice,0,0,0,0,0
2026-09-11T13:14:33Z,productcatalogservice,recommendationservice,0,0,0,0,0
2026-09-11T13:14:33Z,productcatalogservice,redis-cart,0,0,0,0,0
2026-09-11T13:14:33Z,productcatalogservice,shippingservice,0,0,0,0,0
2026-09-11T13:14:33Z,recommendationservice,adservice,0,0,0,0,0
2026-09-11T13:14:33Z,recommendationservice,cartservice,0,0,0,0,0
2026-09-11T13:14:33Z,recommendationservice,checkoutservice,0,0,0,0,0
2026-09-11T13:14:33Z,recommendationservice,currencyservice,0,0,0,0,0
2026-09-11T13:14:33Z,recommendationservice,emailservice,0,0,0,0,0
2026-09-11T13:14:33Z,recommendationservice,frontend,0,0,0,0,0
2026-09-11T13:14:33Z,recommendationservice,kubernetes,0,0,0,0,0
2026-09-11T13:14:33Z,recommendationservice,paymentservice,0,0,0,0,0
2026-09-11T13:14:33Z,recommendationservice,productcatalogservice,128369,128369,0,0,0
2026-09-11T13:14:33Z,recommendationservice,recommendationservice,0,0,0,0,0
2026-09-11T13:14:33Z,recommendationservice,redis-cart,0,0,0,0,0
2026-09-11T13:14:33Z,recommendationservice,shippingservice,0,0,0,0,0
2026-09-11T13:14:33Z,redis-cart,adservice,0,0,0,0,0
2026-09-11T13:14:33Z,redis-cart,cartservice,0,0,0,0,0
2026-09-11T13:14:33Z,redis-cart,checkoutservice,0,0,0,0,0
2026-09-11T13:14:33Z,redis-cart,currencyservice,0,0,0,0,0
2026-09-11T13:14:33Z,redis-cart,emailservice,0,0,0,0,0
2026-09-11T13:14:33Z,redis-cart,frontend,0,0,0,0,0
2026-09-11T13:14:33Z,redis-cart,kubernetes,0,0,0,0,0
2026-09-11T13:14:33Z,redis-cart,paymentservice,0,0,0,0,0
2026-09-11T13:14:33Z,redis-cart,productcatalogservice,0,0,0,0,0
2026-09-11T13:14:33Z,redis-cart,recommendationservice,0,0,0,0,0
2026-09-11T13:14:33Z,redis-cart,redis-cart,0,0,0,0,0
2026-09-11T13:14:33Z,redis-cart,shippingservice,0,0,0,0,0
2026-09-11T13:14:33Z,shippingservice,adservice,0,0,0,0,0
2026-09-11T13:14:33Z,shippingservice,cartservice,0,0,0,0,0
2026-09-11T13:14:33Z,shippingservice,checkoutservice,0,0,0,0,0
2026-09-11T13:14:33Z,shippingservice,currencyservice,0,0,0,0,0
2026-09-11T13:14:33Z,shippingservice,emailservice,0,0,0,0,0
2026-09-11T13:14:33Z,shippingservice,frontend,0,0,0,0,0
2026-09-11T13:14:33Z,shippingservice,kubernetes,0,0,0,0,0
2026-09-11T13:14:33Z,shippingservice,paymentservice,0,0,0,0,0
2026-09-11T13:14:33Z,shippingservice,productcatalogservice,0,0,0,0,0
2026-09-11T13:14:33Z,shippingservice,recommendationservice,0,0,0,0,0
2026-09-11T13:14:33Z,shippingservice,redis-cart,0,0,0,0,0
2026-09-11T13:14:33Z,shippingservice,shippingservice,0,0,0,0,0
2026-09-11T13:14:36Z,adservice,adservice,0,0,0,0,0
2026-09-11T13:14:36Z,adservice,cartservice,0,0,0,0,0
2026-09-11T13:14:36Z,adservice,checkoutservice,0,0,0,0,0
2026-09-11T13:14:36Z,adservice,currencyservice,0,0,0,0,0
2026-09-11T13:14:36Z,adservice,emailservice,0,0,0,0,0
2026-09-11T13:14:36Z,adservice,frontend,0,0,0,0,0
2026-09-11T13:14:36Z,adservice,kubernetes,0,0,0,0,0
2026-09-11T13:14:36Z,adservice,paymentservice,0,0,0,0,0
2026-09-11T13:14:36Z,adservice,productcatalogservice,0,0,0,0,0
2026-09-11T13:14:36Z,adservice,recommendationservice,0,0,0,0,0
2026-09-11T13:14:36Z,adservice,redis-cart,0,0,0,0,0
2026-09-11T13:14:36Z,adservice,shippingservice,0,0,0,0,0
2026-09-11T13:14:36Z,cartservice,adservice,0,0,0,0,0
2026-09-11T13:14:36Z,cartservice,cartservice,0,0,0,0,0
2026-09-11T13:14:36Z,cartservice,checkoutservice,0,0,0,0,0
2026-09-11T13:14:36Z,cartservice,currencyservice,0,0,0,0,0
2026-09-11T13:14:36Z,cartservice,emailservice,0,0,0,0,0
2026-09-11T13:14:36Z,cartservice,frontend,0,0,0,0,0
2026-09-11T13:14:36Z,cartservice,kubernetes,0,0,0,0,0
2026-09-11T13:14:36Z,cartservice,paymentservice,0,0,0,0,0
2026-09-11T13:14:36Z,cartservice,productcatalogservice,0,0,0,0,0
2026-09-11T13:14:36Z,cartservice,recommendationservice,0,0,0,0,0
2026-09-11T13:14:36Z,cartservice,redis-cart,2,0,0,0,0
2026-09-11T13:14:36Z,cartservice,shippingservice,0,0,0,0,0
2026-09-11T13:14:36Z,checkoutservice,adservice,0,0,0,0,0
2026-09-11T13:14:36Z,checkoutservice,cartservice,16036,16036,0,0,0
2026-09-11T13:14:36Z,checkoutservice,checkoutservice,0,0,0,0,0
2026-09-11T13:14:36Z,checkoutservice,currencyservice,8018,8018,0,0,0
2026-09-11T13:14:36Z,checkoutservice,emailservice,8018,8018,0,0,0
2026-09-11T13:14:36Z,checkoutservice,frontend,0,0,0,0,0
2026-09-11T13:14:36Z,checkoutservice,kubernetes,0,0,0,0,0
2026-09-11T13:14:36Z,checkoutservice,paymentservice,8018,8018,0,0,0
2026-09-11T13:14:36Z,checkoutservice,productcatalogservice,0,0,0,0,0
2026-09-11T13:14:36Z,checkoutservice,recommendationservice,0,0,0,0,0
2026-09-11T13:14:36Z,checkoutservice,redis-cart,0,0,0,0,0
2026-09-11T13:14:36Z,checkoutservice,shippingservice,16036,16036,0,0,0
2026-09-11T13:14:36Z,currencyservice,adservice,0,0,0,0,0
2026-09-11T13:14:36Z,currencyservice,cartservice,0,0,0,0,0
2026-09-11T13:14:36Z,currencyservice,checkoutservice,0,0,0,0,0
2026-09-11T13:14:36Z,currencyservice,currencyservice,0,0,0,0,0
2026-09-11T13:14:36Z,currencyservice,emailservice,0,0,0,0,0
2026-09-11T13:14:36Z,currencyservice,frontend,0,0,0,0,0
2026-09-11T13:14:36Z,currencyservice,kubernetes,0,0,0,0,0
2026-09-11T13:14:36Z,currencyservice,paymentservice,0,0,0,0,0
2026-09-11T13:14:36Z,currencyservice,productcatalogservice,0,0,0,0,0
2026-09-11T13:14:36Z,currencyservice,recommendationservice,0,0,0,0,0
2026-09-11T13:14:36Z,currencyservice,redis-cart,0,0,0,0,0
2026-09-11T13:14:36Z,currencyservice,shippingservice,0,0,0,0,0
2026-09-11T13:14:36Z,emailservice,adservice,0,0,0,0,0
2026-09-11T13:14:36Z,emailservice,cartservice,0,0,0,0,0
2026-09-11T13:14:36Z,emailservice,checkoutservice,0,0,0,0,0
2026-09-11T13:14:36Z,emailservice,currencyservice,0,0,0,0,0
2026-09-11T13:14:36Z,emailservice,emailservice,0,0,0,0,0
2026-09-11T13:14:36Z,emailservice,frontend,0,0,0,0,0
2026-09-11T13:14:36Z,emailservice,kubernetes,0,0,0,0,0
2026-09-11T13:14:36Z,emailservice,paymentservice,0,0,0,0,0
2026-09-11T13:14:36Z,emailservice,productcatalogservice,0,0,0,0,0
2026-09-11T13:14:36Z,emailservice,recommendationservice,0,0,0,0,0
2026-09-11T13:14:36Z,emailservice,redis-cart,0,0,0,0,0
2026-09-11T13:14:36Z,emailservice,shippingservice,0,0,0,0,0
2026-09-11T13:14:36Z,frontend,adservice,43068,30459,0,479,0
2026-09-11T13:14:36Z,frontend,cartservice,197859,197831,0,0,0
2026-09-11T13:14:36Z,frontend,checkoutservice,8018,8018,0,0,0
2026-09-11T13:14:36Z,frontend,currencyservice,316357,316279,0,0,0
2026-09-11T13:14:36Z,frontend,emailservice,0,0,0,0,0
2026-09-11T13:14:36Z,frontend,frontend,0,0,0,0,0
2026-09-11T13:14:36Z,frontend,kubernetes,0,0,0,0,0
2026-09-11T13:14:36Z,frontend,paymentservice,0,0,0,0,0
2026-09-11T13:14:36Z,frontend,productcatalogservice,789330,789091,0,0,0
2026-09-11T13:14:36Z,frontend,recommendationservice,128373,128360,0,0,0
2026-09-11T13:14:36Z,frontend,redis-cart,0,0,0,0,0
2026-09-11T13:14:36Z,frontend,shippingservice,77047,77047,0,0,0
2026-09-11T13:14:36Z,paymentservice,adservice,0,0,0,0,0
2026-09-11T13:14:36Z,paymentservice,cartservice,0,0,0,0,0
2026-09-11T13:14:36Z,paymentservice,checkoutservice,0,0,0,0,0
2026-09-11T13:14:36Z,paymentservice,currencyservice,0,0,0,0,0
2026-09-11T13:14:36Z,paymentservice,emailservice,0,0,0,0,0
2026-09-11T13:14:36Z,paymentservice,frontend,0,0,0,0,0
2026-09-11T13:14:36Z,paymentservice,kubernetes,0,0,0,0,0
2026-09-11T13:14:36Z,paymentservice,paymentservice,0,0,0,0,0
2026-09-11T13:14:36Z,paymentservice,productcatalogservice,0,0,0,0,0
2026-09-11T13:14:36Z,paymentservice,recommendationservice,0,0,0,0,0
2026-09-11T13:14:36Z,paymentservice,redis-cart,0,0,0,0,0
2026-09-11T13:14:36Z,paymentservice,shippingservice,0,0,0,0,0
2026-09-11T13:14:36Z,productcatalogservice,adservice,0,0,0,0,0
2026-09-11T13:14:36Z,productcatalogservice,cartservice,0,0,0,0,0
2026-09-11T13:14:36Z,productcatalogservice,checkoutservice,0,0,0,0,0
2026-09-11T13:14:36Z,productcatalogservice,currencyservice,0,0,0,0,0
2026-09-11T13:14:36Z,productcatalogservice,emailservice,0,0,0,0,0
2026-09-11T13:14:36Z,productcatalogservice,frontend,0,0,0,0,0
2026-09-11T13:14:36Z,productcatalogservice,kubernetes,0,0,0,0,0
2026-09-11T13:14:36Z,productcatalogservice,paymentservice,0,0,0,0,0
2026-09-11T13:14:36Z,productcatalogservice,productcatalogservice,0,0,0,0,0
2026-09-11T13:14:36Z,productcatalogservice,recommendationservice,0,0,0,0,0
2026-09-11T13:14:36Z,productcatalogservice,redis-cart,0,0,0,0,0
2026-09-11T13:14:36Z,productcatalogservice,shippingservice,0,0,0,0,0
2026-09-11T13:14:36Z,recommendationservice,adservice,0,0,0,0,0
2026-09-11T13:14:36Z,recommendationservice,cartservice,0,0,0,0,0
2026-09-11T13:14:36Z,recommendationservice,checkoutservice,0,0,0,0,0
2026-09-11T13:14:36Z,recommendationservice,currencyservice,0,0,0,0,0
2026-09-11T13:14:36Z,recommendationservice,emailservice,0,0,0,0,0
2026-09-11T13:14:36Z,recommendationservice,frontend,0,0,0,0,0
2026-09-11T13:14:36Z,recommendationservice,kubernetes,0,0,0,0,0
2026-09-11T13:14:36Z,recommendationservice,paymentservice,0,0,0,0,0
2026-09-11T13:14:36Z,recommendationservice,productcatalogservice,128369,128369,0,0,0
2026-09-11T13:14:36Z,recommendationservice,recommendationservice,0,0,0,0,0
2026-09-11T13:14:36Z,recommendationservice,redis-cart,0,0,0,0,0
2026-09-11T13:14:36Z,recommendationservice,shippingservice,0,0,0,0,0
2026-09-11T13:14:36Z,redis-cart,adservice,0,0,0,0,0
2026-09-11T13:14:36Z,redis-cart,cartservice,0,0,0,0,0
2026-09-11T13:14:36Z,redis-cart,checkoutservice,0,0,0,0,0
2026-09-11T13:14:36Z,redis-cart,currencyservice,0,0,0,0,0
2026-09-11T13:14:36Z,redis-cart,emailservice,0,0,0,0,0
2026-09-11T13:14:36Z,redis-cart,frontend,0,0,0,0,0
2026-09-11T13:14:36Z,redis-cart,kubernetes,0,0,0,0,0
2026-09-11T13:14:36Z,redis-cart,paymentservice,0,0,0,0,0
2026-09-11T13:14:36Z,redis-cart,productcatalogservice,0,0,0,0,0
2026-09-11T13:14:36Z,redis-cart,recommendationservice,0,0,0,0,0
2026-09-11T13:14:36Z,redis-cart,redis-cart,0,0,0,0,0
2026-09-11T13:14:36Z,redis-cart,shippingservice,0,0,0,0,0
2026-09-11T13:14:36Z,shippingservice,adservice,0,0,0,0,0
2026-09-11T13:14:36Z,shippingservice,cartservice,0,0,0,0,0
2026-09-11T13:14:36Z,shippingservice,checkoutservice,0,0,0,0,0
2026-09-11T13:14:36Z,shippingservice,currencyservice,0,0,0,0,0
2026-09-11T13:14:36Z,shippingservice,emailservice,0,0,0,0,0
2026-09-11T13:14:36Z,shippingservice,frontend,0,0,0,0,0
2026-09-11T13:14:36Z,shippingservice,kubernetes,0,0,0,0,0
2026-09-11T13:14:36Z,shippingservice,paymentservice,0,0,0,0,0
2026-09-11T13:14:36Z,shippingservice,productcatalogservice,0,0,0,0,0
2026-09-11T13:14:36Z,shippingservice,recommendationservice,0,0,0,0,0
2026-09-11T13:14:36Z,shippingservice,redis-cart,0,0,0,0,0
2026-09-11T13:14:36Z,shippingservice,shippingservice,0,0,0,0,0
2026-09-11T13:14:39Z,adservice,adservice,0,0,0,0,0
2026-09-11T13:14:39Z,adservice,cartservice,0,0,0,0,0
2026-09-11T13:14:39Z,adservice,checkoutservice,0,0,0,0,0
2026-09-11T13:14:39Z,adservice,currencyservice,0,0,0,0,0
2026-09-11T13:14:39Z,adservice,emailservice,0,0,0,0,0
2026-09-11T13:14:39Z,adservice,frontend,0,0,0,0,0
2026-09-11T13:14:39Z,adservice,kubernetes,0,0,0,0,0
2026-09-11T13:14:39Z,adservice,paymentservice,0,0,0,0,0
2026-09-11T13:14:39Z,adservice,productcatalogservice,0,0,0,0,0
2026-09-11T13:14:39Z,adservice,recommendationservice,0,0,0,0,0
2026-09-11T13:14:39Z,adservice,redis-cart,0,0,0,0,0
2026-09-11T13:14:39Z,adservice,shippingservice,0,0,0,0,0
2026-09-11T13:14:39Z,cartservice,adservice,0,0,0,0,0
2026-09-11T13:14:39Z,cartservice,cartservice,0,0,0,0,0
2026-09-11T13:14:39Z,cartservice,checkoutservice,0,0,0,0,0
2026-09-11T13:14:39Z,cartservice,currencyservice,0,0,0,0,0
2026-09-11T13:14:39Z,cartservice,emailservice,0,0,0,0,0
2026-09-11T13:14:39Z,cartservice,frontend,0,0,0,0,0
2026-09-11T13:14:39Z,cartservice,kubernetes,0,0,0,0,0
2026-09-11T13:14:39Z,cartservice,paymentservice,0,0,0,0,0
2026-09-11T13:14:39Z,cartservice,productcatalogservice,0,0,0,0,0
2026-09-11T13:14:39Z,cartservice,recommendationservice,0,0,0,0,0
2026-09-11T13:14:39Z,cartservice,redis-cart,2,0,0,0,0
2026-09-11T13:14:39Z,cartservice,shippingservice,0,0,0,0,0
2026-09-11T13:14:39Z,checkoutservice,adservice,0,0,0,0,0
2026-09-11T13:14:39Z,checkoutservice,cartservice,16036,16036,0,0,0
2026-09-11T13:14:39Z,checkoutservice,checkoutservice,0,0,0,0,0
2026-09-11T13:14:39Z,checkoutservice,currencyservice,8018,8018,0,0,0
2026-09-11T13:14:39Z,checkoutservice,emailservice,8018,8018,0,0,0
2026-09-11T13:14:39Z,checkoutservice,frontend,0,0,0,0,0
2026-09-11T13:14:39Z,checkoutservice,kubernetes,0,0,0,0,0
2026-09-11T13:14:39Z,checkoutservice,paymentservice,8018,8018,0,0,0
2026-09-11T13:14:39Z,checkoutservice,productcatalogservice,0,0,0,0,0
2026-09-11T13:14:39Z,checkoutservice,recommendationservice,0,0,0,0,0
2026-09-11T13:14:39Z,checkoutservice,redis-cart,0,0,0,0,0
2026-09-11T13:14:39Z,checkoutservice,shippingservice,16036,16036,0,0,0
2026-09-11T13:14:39Z,currencyservice,adservice,0,0,0,0,0
2026-09-11T13:14:39Z,currencyservice,cartservice,0,0,0,0,0
2026-09-11T13:14:39Z,currencyservice,checkoutservice,0,0,0,0,0
2026-09-11T13:14:39Z,currencyservice,currencyservice,0,0,0,0,0
2026-09-11T13:14:39Z,currencyservice,emailservice,0,0,0,0,0
2026-09-11T13:14:39Z,currencyservice,frontend,0,0,0,0,0
2026-09-11T13:14:39Z,currencyservice,kubernetes,0,0,0,0,0
2026-09-11T13:14:39Z,currencyservice,paymentservice,0,0,0,0,0
2026-09-11T13:14:39Z,currencyservice,productcatalogservice,0,0,0,0,0
2026-09-11T13:14:39Z,currencyservice,recommendationservice,0,0,0,0,0
2026-09-11T13:14:39Z,currencyservice,redis-cart,0,0,0,0,0
2026-09-11T13:14:39Z,currencyservice,shippingservice,0,0,0,0,0
2026-09-11T13:14:39Z,emailservice,adservice,0,0,0,0,0
2026-09-11T13:14:39Z,emailservice,cartservice,0,0,0,0,0
2026-09-11T13:14:39Z,emailservice,checkoutservice,0,0,0,0,0
2026-09-11T13:14:39Z,emailservice,currencyservice,0,0,0,0,0
2026-09-11T13:14:39Z,emailservice,emailservice,0,0,0,0,0
2026-09-11T13:14:39Z,emailservice,frontend,0,0,0,0,0
2026-09-11T13:14:39Z,emailservice,kubernetes,0,0,0,0,0
2026-09-11T13:14:39Z,emailservice,paymentservice,0,0,0,0,0
2026-09-11T13:14:39Z,emailservice,productcatalogservice,0,0,0,0,0
2026-09-11T13:14:39Z,emailservice,recommendationservice,0,0,0,0,0
2026-09-11T13:14:39Z,emailservice,redis-cart,0,0,0,0,0
2026-09-11T13:14:39Z,emailservice,shippingservice,0,0,0,0,0
2026-09-11T13:14:39Z,frontend,adservice,43068,30459,0,479,0
2026-09-11T13:14:39Z,frontend,cartservice,197859,197831,0,0,0
2026-09-11T13:14:39Z,frontend,checkoutservice,8018,8018,0,0,0
2026-09-11T13:14:39Z,frontend,currencyservice,316357,316279,0,0,0
2026-09-11T13:14:39Z,frontend,emailservice,0,0,0,0,0
2026-09-11T13:14:39Z,frontend,frontend,0,0,0,0,0
2026-09-11T13:14:39Z,frontend,kubernetes,0,0,0,0,0
2026-09-11T13:14:39Z,frontend,paymentservice,0,0,0,0,0
2026-09-11T13:14:39Z,frontend,productcatalogservice,789330,789091,0,0,0
2026-09-11T13:14:39Z,frontend,recommendationservice,128373,128360,0,0,0
2026-09-11T13:14:39Z,frontend,redis-cart,0,0,0,0,0
2026-09-11T13:14:39Z,frontend,shippingservice,77047,77047,0,0,0
2026-09-11T13:14:39Z,paymentservice,adservice,0,0,0,0,0
2026-09-11T13:14:39Z,paymentservice,cartservice,0,0,0,0,0
2026-09-11T13:14:39Z,paymentservice,checkoutservice,0,0,0,0,0
2026-09-11T13:14:39Z,paymentservice,currencyservice,0,0,0,0,0
2026-09-11T13:14:39Z,paymentservice,emailservice,0,0,0,0,0
2026-09-11T13:14:39Z,paymentservice,frontend,0,0,0,0,0
2026-09-11T13:14:39Z,paymentservice,kubernetes,0,0,0,0,0
2026-09-11T13:14:39Z,paymentservice,paymentservice,0,0,0,0,0
2026-09-11T13:14:39Z,paymentservice,productcatalogservice,0,0,0,0,0
2026-09-11T13:14:39Z,paymentservice,recommendationservice,0,0,0,0,0
2026-09-11T13:14:39Z,paymentservice,redis-cart,0,0,0,0,0
2026-09-11T13:14:39Z,paymentservice,shippingservice,0,0,0,0,0
2026-09-11T13:14:39Z,productcatalogservice,adservice,0,0,0,0,0
2026-09-11T13:14:39Z,productcatalogservice,cartservice,0,0,0,0,0
2026-09-11T13:14:39Z,productcatalogservice,checkoutservice,0,0,0,0,0
2026-09-11T13:14:39Z,productcatalogservice,currencyservice,0,0,0,0,0
2026-09-11T13:14:39Z,productcatalogservice,emailservice,0,0,0,0,0
2026-09-11T13:14:39Z,productcatalogservice,frontend,0,0,0,0,0
2026-09-11T13:14:39Z,productcatalogservice,kubernetes,0,0,0,0,0
2026-09-11T13:14:39Z,productcatalogservice,paymentservice,0,0,0,0,0
2026-09-11T13:14:39Z,productcatalogservice,productcatalogservice,0,0,0,0,0
2026-09-11T13:14:39Z,productcatalogservice,recommendationservice,0,0,0,0,0
2026-09-11T13:14:39Z,productcatalogservice,redis-cart,0,0,0,0,0
2026-09-11T13:14:39Z,productcatalogservice,shippingservice,0,0,0,0,0
2026-09-11T13:14:39Z,recommendationservice,adservice,0,0,0,0,0
2026-09-11T13:14:39Z,recommendationservice,cartservice,0,0,0,0,0
2026-09-11T13:14:39Z,recommendationservice,checkoutservice,0,0,0,0,0
2026-09-11T13:14:39Z,recommendationservice,currencyservice,0,0,0,0,0
2026-09-11T13:14:39Z,recommendationservice,emailservice,0,0,0,0,0
2026-09-11T13:14:39Z,recommendationservice,frontend,0,0,0,0,0
2026-09-11T13:14:39Z,recommendationservice,kubernetes,0,0,0,0,0
2026-09-11T13:14:39Z,recommendationservice,paymentservice,0,0,0,0,0
2026-09-11T13:14:39Z,recommendationservice,productcatalogservice,128369,128369,0,0,0
2026-09-11T13:14:39Z,recommendationservice,recommendationservice,0,0,0,0,0
2026-09-11T13:14:39Z,recommendationservice,redis-cart,0,0,0,0,0
2026-09-11T13:14:39Z,recommendationservice,shippingservice,0,0,0,0,0
2026-09-11T13:14:39Z,redis-cart,adservice,0,0,0,0,0
2026-09-11T13:14:39Z,redis-cart,cartservice,0,0,0,0,0
2026-09-11T13:14:39Z,redis-cart,checkoutservice,0,0,0,0,0
2026-09-11T13:14:39Z,redis-cart,currencyservice,0,0,0,0,0
2026-09-11T13:14:39Z,redis-cart,emailservice,0,0,0,0,0
2026-09-11T13:14:39Z,redis-cart,frontend,0,0,0,0,0
2026-09-11T13:14:39Z,redis-cart,kubernetes,0,0,0,0,0
2026-09-11T13:14:39Z,redis-cart,paymentservice,0,0,0,0,0
2026-09-11T13:14:39Z,redis-cart,productcatalogservice,0,0,0,0,0
2026-09-11T13:14:39Z,redis-cart,recommendationservice,0,0,0,0,0
2026-09-11T13:14:39Z,redis-cart,redis-cart,0,0,0,0,0
2026-09-11T13:14:39Z,redis-cart,shippingservice,0,0,0,0,0
2026-09-11T13:14:39Z,shippingservice,adservice,0,0,0,0,0
2026-09-11T13:14:39Z,shippingservice,cartservice,0,0,0,0,0
2026-09-11T13:14:39Z,shippingservice,checkoutservice,0,0,0,0,0
2026-09-11T13:14:39Z,shippingservice,currencyservice,0,0,0,0,0
2026-09-11T13:14:39Z,shippingservice,emailservice,0,0,0,0,0
2026-09-11T13:14:39Z,shippingservice,frontend,0,0,0,0,0
2026-09-11T13:14:39Z,shippingservice,kubernetes,0,0,0,0,0
2026-09-11T13:14:39Z,shippingservice,paymentservice,0,0,0,0,0
2026-09-11T13:14:39Z,shippingservice,productcatalogservice,0,0,0,0,0
2026-09-11T13:14:39Z,shippingservice,recommendationservice,0,0,0,0,0
2026-09-11T13:14:39Z,shippingservice,redis-cart,0,0,0,0,0
2026-09-11T13:14:39Z,shippingservice,shippingservice,0,0,0,0,0
2026-09-11T13:14:42Z,adservice,adservice,0,0,0,0,0
2026-09-11T13:14:42Z,adservice,cartservice,0,0,0,0,0
2026-09-11T13:14:42Z,adservice,checkoutservice,0,0,0,0,0
2026-09-11T13:14:42Z,adservice,currencyservice,0,0,0,0,0
2026-09-11T13:14:42Z,adservice,emailservice,0,0,0,0,0
2026-09-11T13:14:42Z,adservice,frontend,0,0,0,0,0
2026-09-11T13:14:42Z,adservice,kubernetes,0,0,0,0,0
2026-09-11T13:14:42Z,adservice,paymentservice,0,0,0,0,0
2026-09-11T13:14:42Z,adservice,productcatalogservice,0,0,0,0,0
2026-09-11T13:14:42Z,adservice,recommendationservice,0,0,0,0,0
2026-09-11T13:14:42Z,adservice,redis-cart,0,0,0,0,0
2026-09-11T13:14:42Z,adservice,shippingservice,0,0,0,0,0
2026-09-11T13:14:42Z,cartservice,adservice,0,0,0,0,0
2026-09-11T13:14:42Z,cartservice,cartservice,0,0,0,0,0
2026-09-11T13:14:42Z,cartservice,checkoutservice,0,0,0,0,0
2026-09-11T13:14:42Z,cartservice,currencyservice,0,0,0,0,0
2026-09-11T13:14:42Z,cartservice,emailservice,0,0,0,0,0
2026-09-11T13:14:42Z,cartservice,frontend,0,0,0,0,0
2026-09-11T13:14:42Z,cartservice,kubernetes,0,0,0,0,0
2026-09-11T13:14:42Z,cartservice,paymentservice,0,0,0,0,0
2026-09-11T13:14:42Z,cartservice,productcatalogservice,0,0,0,0,0
2026-09-11T13:14:42Z,cartservice,recommendationservice,0,0,0,0,0
2026-09-11T13:14:42Z,cartservice,redis-cart,2,0,0,0,0
2026-09-11T13:14:42Z,cartservice,shippingservice,0,0,0,0,0
2026-09-11T13:14:42Z,checkoutservice,adservice,0,0,0,0,0
2026-09-11T13:14:42Z,checkoutservice,cartservice,16036,16036,0,0,0
2026-09-11T13:14:42Z,checkoutservice,checkoutservice,0,0,0,0,0
2026-09-11T13:14:42Z,checkoutservice,currencyservice,8018,8018,0,0,0
2026-09-11T13:14:42Z,checkoutservice,emailservice,8018,8018,0,0,0
2026-09-11T13:14:42Z,checkoutservice,frontend,0,0,0,0,0
2026-09-11T13:14:42Z,checkoutservice,kubernetes,0,0,0,0,0
2026-09-11T13:14:42Z,checkoutservice,paymentservice,8018,8018,0,0,0
2026-09-11T13:14:42Z,checkoutservice,productcatalogservice,0,0,0,0,0
2026-09-11T13:14:42Z,checkoutservice,recommendationservice,0,0,0,0,0
2026-09-11T13:14:42Z,checkoutservice,redis-cart,0,0,0,0,0
2026-09-11T13:14:42Z,checkoutservice,shippingservice,16036,16036,0,0,0
2026-09-11T13:14:42Z,currencyservice,adservice,0,0,0,0,0
2026-09-11T13:14:42Z,currencyservice,cartservice,0,0,0,0,0
2026-09-11T13:14:42Z,currencyservice,checkoutservice,0,0,0,0,0
2026-09-11T13:14:42Z,currencyservice,currencyservice,0,0,0,0,0
2026-09-11T13:14:42Z,currencyservice,emailservice,0,0,0,0,0
2026-09-11T13:14:42Z,currencyservice,frontend,0,0,0,0,0
2026-09-11T13:14:42Z,currencyservice,kubernetes,0,0,0,0,0
2026-09-11T13:14:42Z,currencyservice,paymentservice,0,0,0,0,0
2026-09-11T13:14:42Z,currencyservice,productcatalogservice,0,0,0,0,0
2026-09-11T13:14:42Z,currencyservice,recommendationservice,0,0,0,0,0
2026-09-11T13:14:42Z,currencyservice,redis-cart,0,0,0,0,0
2026-09-11T13:14:42Z,currencyservice,shippingservice,0,0,0,0,0
2026-09-11T13:14:42Z,emailservice,adservice,0,0,0,0,0
2026-09-11T13:14:42Z,emailservice,cartservice,0,0,0,0,0
2026-09-11T13:14:42Z,emailservice,checkoutservice,0,0,0,0,0
2026-09-11T13:14:42Z,emailservice,currencyservice,0,0,0,0,0
2026-09-11T13:14:42Z,emailservice,emailservice,0,0,0,0,0
2026-09-11T13:14:42Z,emailservice,frontend,0,0,0,0,0
2026-09-11T13:14:42Z,emailservice,kubernetes,0,0,0,0,0
2026-09-11T13:14:42Z,emailservice,paymentservice,0,0,0,0,0
2026-09-11T13:14:42Z,emailservice,productcatalogservice,0,0,0,0,0
2026-09-11T13:14:42Z,emailservice,recommendationservice,0,0,0,0,0
2026-09-11T13:14:42Z,emailservice,redis-cart,0,0,0,0,0
2026-09-11T13:14:42Z,emailservice,shippingservice,0,0,0,0,0
2026-09-11T13:14:42Z,frontend,adservice,43068,30459,0,479,0
2026-09-11T13:14:42Z,frontend,cartservice,197859,197831,0,0,0
2026-09-11T13:14:42Z,frontend,checkoutservice,8018,8018,0,0,0
2026-09-11T13:14:42Z,frontend,currencyservice,316357,316279,0,0,0
2026-09-11T13:14:42Z,frontend,emailservice,0,0,0,0,0
2026-09-11T13:14:42Z,frontend,frontend,0,0,0,0,0
2026-09-11T13:14:42Z,frontend,kubernetes,0,0,0,0,0
2026-09-11T13:14:42Z,frontend,paymentservice,0,0,0,0,0
2026-09-11T13:14:42Z,frontend,productcatalogservice,789330,789091,0,0,0
2026-09-11T13:14:42Z,frontend,recommendationservice,128373,128360,0,0,0
2026-09-11T13:14:42Z,frontend,redis-cart,0,0,0,0,0
2026-09-11T13:14:42Z,frontend,shippingservice,77047,77047,0,0,0
2026-09-11T13:14:42Z,paymentservice,adservice,0,0,0,0,0
2026-09-11T13:14:42Z,paymentservice,cartservice,0,0,0,0,0
2026-09-11T13:14:42Z,paymentservice,checkoutservice,0,0,0,0,0
2026-09-11T13:14:42Z,paymentservice,currencyservice,0,0,0,0,0
2026-09-11T13:14:42Z,paymentservice,emailservice,0,0,0,0,0
2026-09-11T13:14:42Z,paymentservice,frontend,0,0,0,0,0
2026-09-11T13:14:42Z,paymentservice,kubernetes,0,0,0,0,0
2026-09-11T13:14:42Z,paymentservice,paymentservice,0,0,0,0,0
2026-09-11T13:14:42Z,paymentservice,productcatalogservice,0,0,0,0,0
2026-09-11T13:14:42Z,paymentservice,recommendationservice,0,0,0,0,0
2026-09-11T13:14:42Z,paymentservice,redis-cart,0,0,0,0,0
2026-09-11T13:14:42Z,paymentservice,shippingservice,0,0,0,0,0
2026-09-11T13:14:42Z,productcatalogservice,adservice,0,0,0,0,0
2026-09-11T13:14:42Z,productcatalogservice,cartservice,0,0,0,0,0
2026-09-11T13:14:42Z,productcatalogservice,checkoutservice,0,0,0,0,0
2026-09-11T13:14:42Z,productcatalogservice,currencyservice,0,0,0,0,0
2026-09-11T13:14:42Z,productcatalogservice,emailservice,0,0,0,0,0
2026-09-11T13:14:42Z,productcatalogservice,frontend,0,0,0,0,0
2026-09-11T13:14:42Z,productcatalogservice,kubernetes,0,0,0,0,0
2026-09-11T13:14:42Z,productcatalogservice,paymentservice,0,0,0,0,0
2026-09-11T13:14:42Z,productcatalogservice,productcatalogservice,0,0,0,0,0
2026-09-11T13:14:42Z,productcatalogservice,recommendationservice,0,0,0,0,0
2026-09-11T13:14:42Z,productcatalogservice,redis-cart,0,0,0,0,0
2026-09-11T13:14:42Z,productcatalogservice,shippingservice,0,0,0,0,0
2026-09-11T13:14:42Z,recommendationservice,adservice,0,0,0,0,0
2026-09-11T13:14:42Z,recommendationservice,cartservice,0,0,0,0,0
2026-09-11T13:14:42Z,recommendationservice,checkoutservice,0,0,0,0,0
2026-09-11T13:14:42Z,recommendationservice,currencyservice,0,0,0,0,0
2026-09-11T13:14:42Z,recommendationservice,emailservice,0,0,0,0,0
2026-09-11T13:14:42Z,recommendationservice,frontend,0,0,0,0,0
2026-09-11T13:14:42Z,recommendationservice,kubernetes,0,0,0,0,0
2026-09-11T13:14:42Z,recommendationservice,paymentservice,0,0,0,0,0
2026-09-11T13:14:42Z,recommendationservice,productcatalogservice,128369,128369,0,0,0
2026-09-11T13:14:42Z,recommendationservice,recommendationservice,0,0,0,0,0
2026-09-11T13:14:42Z,recommendationservice,redis-cart,0,0,0,0,0
2026-09-11T13:14:42Z,recommendationservice,shippingservice,0,0,0,0,0
2026-09-11T13:14:42Z,redis-cart,adservice,0,0,0,0,0
2026-09-11T13:14:42Z,redis-cart,cartservice,0,0,0,0,0
2026-09-11T13:14:42Z,redis-cart,checkoutservice,0,0,0,0,0
2026-09-11T13:14:42Z,redis-cart,currencyservice,0,0,0,0,0
2026-09-11T13:14:42Z,redis-cart,emailservice,0,0,0,0,0
2026-09-11T13:14:42Z,redis-cart,frontend,0,0,0,0,0
2026-09-11T13:14:42Z,redis-cart,kubernetes,0,0,0,0,0
2026-09-11T13:14:42Z,redis-cart,paymentservice,0,0,0,0,0
2026-09-11T13:14:42Z,redis-cart,productcatalogservice,0,0,0,0,0
2026-09-11T13:14:42Z,redis-cart,recommendationservice,0,0,0,0,0
2026-09-11T13:14:42Z,redis-cart,redis-cart,0,0,0,0,0
2026-09-11T13:14:42Z,redis-cart,shippingservice,0,0,0,0,0
2026-09-11T13:14:42Z,shippingservice,adservice,0,0,0,0,0
2026-09-11T13:14:42Z,shippingservice,cartservice,0,0,0,0,0
2026-09-11T13:14:42Z,shippingservice,checkoutservice,0,0,0,0,0
2026-09-11T13:14:42Z,shippingservice,currencyservice,0,0,0,0,0
2026-09-11T13:14:42Z,shippingservice,emailservice,0,0,0,0,0
2026-09-11T13:14:42Z,shippingservice,frontend,0,0,0,0,0
2026-09-11T13:14:42Z,shippingservice,kubernetes,0,0,0,0,0
2026-09-11T13:14:42Z,shippingservice,paymentservice,0,0,0,0,0
2026-09-11T13:14:42Z,shippingservice,productcatalogservice,0,0,0,0,0
2026-09-11T13:14:42Z,shippingservice,recommendationservice,0,0,0,0,0
2026-09-11T13:14:42Z,shippingservice,redis-cart,0,0,0,0,0
2026-09-11T13:14:42Z,shippingservice,shippingservice,0,0,0,0,0
2026-09-11T13:14:45Z,adservice,adservice,0,0,0,0,0
2026-09-11T13:14:45Z,adservice,cartservice,0,0,0,0,0
2026-09-11T13:14:45Z,adservice,checkoutservice,0,0,0,0,0
2026-09-11T13:14:45Z,adservice,currencyservice,0,0,0,0,0
2026-09-11T13:14:45Z,adservice,emailservice,0,0,0,0,0
2026-09-11T13:14:45Z,adservice,frontend,0,0,0,0,0
2026-09-11T13:14:45Z,adservice,kubernetes,0,0,0,0,0
2026-09-11T13:14:45Z,adservice,paymentservice,0,0,0,0,0
2026-09-11T13:14:45Z,adservice,productcatalogservice,0,0,0,0,0
2026-09-11T13:14:45Z,adservice,recommendationservice,0,0,0,0,0
2026-09-11T13:14:45Z,adservice,redis-cart,0,0,0,0,0
2026-09-11T13:14:45Z,adservice,shippingservice,0,0,0,0,0
2026-09-11T13:14:45Z,cartservice,adservice,0,0,0,0,0
2026-09-11T13:14:45Z,cartservice,cartservice,0,0,0,0,0
2026-09-11T13:14:45Z,cartservice,checkoutservice,0,0,0,0,0
2026-09-11T13:14:45Z,cartservice,currencyservice,0,0,0,0,0
2026-09-11T13:14:45Z,cartservice,emailservice,0,0,0,0,0
2026-09-11T13:14:45Z,cartservice,frontend,0,0,0,0,0
2026-09-11T13:14:45Z,cartservice,kubernetes,0,0,0,0,0
2026-09-11T13:14:45Z,cartservice,paymentservice,0,0,0,0,0
2026-09-11T13:14:45Z,cartservice,productcatalogservice,0,0,0,0,0
2026-09-11T13:14:45Z,cartservice,recommendationservice,0,0,0,0,0
2026-09-11T13:14:45Z,cartservice,redis-cart,2,0,0,0,0
2026-09-11T13:14:45Z,cartservice,shippingservice,0,0,0,0,0
2026-09-11T13:14:45Z,checkoutservice,adservice,0,0,0,0,0
2026-09-11T13:14:45Z,checkoutservice,cartservice,16036,16036,0,0,0
2026-09-11T13:14:45Z,checkoutservice,checkoutservice,0,0,0,0,0
2026-09-11T13:14:45Z,checkoutservice,currencyservice,8018,8018,0,0,0
2026-09-11T13:14:45Z,checkoutservice,emailservice,8018,8018,0,0,0
2026-09-11T13:14:45Z,checkoutservice,frontend,0,0,0,0,0
2026-09-11T13:14:45Z,checkoutservice,kubernetes,0,0,0,0,0
2026-09-11T13:14:45Z,checkoutservice,paymentservice,8018,8018,0,0,0
2026-09-11T13:14:45Z,checkoutservice,productcatalogservice,0,0,0,0,0
2026-09-11T13:14:45Z,checkoutservice,recommendationservice,0,0,0,0,0
2026-09-11T13:14:45Z,checkoutservice,redis-cart,0,0,0,0,0
2026-09-11T13:14:45Z,checkoutservice,shippingservice,16036,16036,0,0,0
2026-09-11T13:14:45Z,currencyservice,adservice,0,0,0,0,0
2026-09-11T13:14:45Z,currencyservice,cartservice,0,0,0,0,0
2026-09-11T13:14:45Z,currencyservice,checkoutservice,0,0,0,0,0
2026-09-11T13:14:45Z,currencyservice,currencyservice,0,0,0,0,0
2026-09-11T13:14:45Z,currencyservice,emailservice,0,0,0,0,0
2026-09-11T13:14:45Z,currencyservice,frontend,0,0,0,0,0
2026-09-11T13:14:45Z,currencyservice,kubernetes,0,0,0,0,0
2026-09-11T13:14:45Z,currencyservice,paymentservice,0,0,0,0,0
2026-09-11T13:14:45Z,currencyservice,productcatalogservice,0,0,0,0,0
2026-09-11T13:14:45Z,currencyservice,recommendationservice,0,0,0,0,0
2026-09-11T13:14:45Z,currencyservice,redis-cart,0,0,0,0,0
2026-09-11T13:14:45Z,currencyservice,shippingservice,0,0,0,0,0
2026-09-11T13:14:45Z,emailservice,adservice,0,0,0,0,0
2026-09-11T13:14:45Z,emailservice,cartservice,0,0,0,0,0
2026-09-11T13:14:45Z,emailservice,checkoutservice,0,0,0,0,0
2026-09-11T13:14:45Z,emailservice,currencyservice,0,0,0,0,0
2026-09-11T13:14:45Z,emailservice,emailservice,0,0,0,0,0
2026-09-11T13:14:45Z,emailservice,frontend,0,0,0,0,0
2026-09-11T13:14:45Z,emailservice,kubernetes,0,0,0,0,0
2026-09-11T13:14:45Z,emailservice,paymentservice,0,0,0,0,0
2026-09-11T13:14:45Z,emailservice,productcatalogservice,0,0,0,0,0
2026-09-11T13:14:45Z,emailservice,recommendationservice,0,0,0,0,0
2026-09-11T13:14:45Z,emailservice,redis-cart,0,0,0,0,0
2026-09-11T13:14:45Z,emailservice,shippingservice,0,0,0,0,0
2026-09-11T13:14:45Z,frontend,adservice,43068,30459,0,479,0
2026-09-11T13:14:45Z,frontend,cartservice,197859,197831,0,0,0
2026-09-11T13:14:45Z,frontend,checkoutservice,8018,8018,0,0,0
2026-09-11T13:14:45Z,frontend,currencyservice,316357,316279,0,0,0
2026-09-11T13:14:45Z,frontend,emailservice,0,0,0,0,0
2026-09-11T13:14:45Z,frontend,frontend,0,0,0,0,0
2026-09-11T13:14:45Z,frontend,kubernetes,0,0,0,0,0
2026-09-11T13:14:45Z,frontend,paymentservice,0,0,0,0,0
2026-09-11T13:14:45Z,frontend,productcatalogservice,789330,789091,0,0,0
2026-09-11T13:14:45Z,frontend,recommendationservice,128373,128360,0,0,0
2026-09-11T13:14:45Z,frontend,redis-cart,0,0,0,0,0
2026-09-11T13:14:45Z,frontend,shippingservice,77047,77047,0,0,0
2026-09-11T13:14:45Z,paymentservice,adservice,0,0,0,0,0
2026-09-11T13:14:45Z,paymentservice,cartservice,0,0,0,0,0
2026-09-11T13:14:45Z,paymentservice,checkoutservice,0,0,0,0,0
2026-09-11T13:14:45Z,paymentservice,currencyservice,0,0,0,0,0
2026-09-11T13:14:45Z,paymentservice,emailservice,0,0,0,0,0
2026-09-11T13:14:45Z,paymentservice,frontend,0,0,0,0,0
2026-09-11T13:14:45Z,paymentservice,kubernetes,0,0,0,0,0
2026-09-11T13:14:45Z,paymentservice,paymentservice,0,0,0,0,0
2026-09-11T13:14:45Z,paymentservice,productcatalogservice,0,0,0,0,0
2026-09-11T13:14:45Z,paymentservice,recommendationservice,0,0,0,0,0
2026-09-11T13:14:45Z,paymentservice,redis-cart,0,0,0,0,0
2026-09-11T13:14:45Z,paymentservice,shippingservice,0,0,0,0,0
2026-09-11T13:14:45Z,productcatalogservice,adservice,0,0,0,0,0
2026-09-11T13:14:45Z,productcatalogservice,cartservice,0,0,0,0,0
2026-09-11T13:14:45Z,productcatalogservice,checkoutservice,0,0,0,0,0
2026-09-11T13:14:45Z,productcatalogservice,currencyservice,0,0,0,0,0
2026-09-11T13:14:45Z,productcatalogservice,emailservice,0,0,0,0,0
2026-09-11T13:14:45Z,productcatalogservice,frontend,0,0,0,0,0
2026-09-11T13:14:45Z,productcatalogservice,kubernetes,0,0,0,0,0
2026-09-11T13:14:45Z,productcatalogservice,paymentservice,0,0,0,0,0
2026-09-11T13:14:45Z,productcatalogservice,productcatalogservice,0,0,0,0,0
2026-09-11T13:14:45Z,productcatalogservice,recommendationservice,0,0,0,0,0
2026-09-11T13:14:45Z,productcatalogservice,redis-cart,0,0,0,0,0
2026-09-11T13:14:45Z,productcatalogservice,shippingservice,0,0,0,0,0
2026-09-11T13:14:45Z,recommendationservice,adservice,0,0,0,0,0
2026-09-11T13:14:45Z,recommendationservice,cartservice,0,0,0,0,0
2026-09-11T13:14:45Z,recommendationservice,checkoutservice,0,0,0,0,0
2026-09-11T13:14:45Z,recommendationservice,currencyservice,0,0,0,0,0
2026-09-11T13:14:45Z,recommendationservice,emailservice,0,0,0,0,0
2026-09-11T13:14:45Z,recommendationservice,frontend,0,0,0,0,0
2026-09-11T13:14:45Z,recommendationservice,kubernetes,0,0,0,0,0
2026-09-11T13:14:45Z,recommendationservice,paymentservice,0,0,0,0,0
2026-09-11T13:14:45Z,recommendationservice,productcatalogservice,128369,128369,0,0,0
2026-09-11T13:14:45Z,recommendationservice,recommendationservice,0,0,0,0,0
2026-09-11T13:14:45Z,recommendationservice,redis-cart,0,0,0,0,0
2026-09-11T13:14:45Z,recommendationservice,shippingservice,0,0,0,0,0
2026-09-11T13:14:45Z,redis-cart,adservice,0,0,0,0,0
2026-09-11T13:14:45Z,redis-cart,cartservice,0,0,0,0,0
2026-09-11T13:14:45Z,redis-cart,checkoutservice,0,0,0,0,0
2026-09-11T13:14:45Z,redis-cart,currencyservice,0,0,0,0,0
2026-09-11T13:14:45Z,redis-cart,emailservice,0,0,0,0,0
2026-09-11T13:14:45Z,redis-cart,frontend,0,0,0,0,0
2026-09-11T13:14:45Z,redis-cart,kubernetes,0,0,0,0,0
2026-09-11T13:14:45Z,redis-cart,paymentservice,0,0,0,0,0
2026-09-11T13:14:45Z,redis-cart,productcatalogservice,0,0,0,0,0
2026-09-11T13:14:45Z,redis-cart,recommendationservice,0,0,0,0,0
2026-09-11T13:14:45Z,redis-cart,redis-cart,0,0,0,0,0
2026-09-11T13:14:45Z,redis-cart,shippingservice,0,0,0,0,0
2026-09-11T13:14:45Z,shippingservice,adservice,0,0,0,0,0
2026-09-11T13:14:45Z,shippingservice,cartservice,0,0,0,0,0
2026-09-11T13:14:45Z,shippingservice,checkoutservice,0,0,0,0,0
2026-09-11T13:14:45Z,shippingservice,currencyservice,0,0,0,0,0
2026-09-11T13:14:45Z,shippingservice,emailservice,0,0,0,0,0
2026-09-11T13:14:45Z,shippingservice,frontend,0,0,0,0,0
2026-09-11T13:14:45Z,shippingservice,kubernetes,0,0,0,0,0
2026-09-11T13:14:45Z,shippingservice,paymentservice,0,0,0,0,0
2026-09-11T13:14:45Z,shippingservice,productcatalogservice,0,0,0,0,0
2026-09-11T13:14:45Z,shippingservice,recommendationservice,0,0,0,0,0
2026-09-11T13:14:45Z,shippingservice,redis-cart,0,0,0,0,0
2026-09-11T13:14:45Z,shippingservice,shippingservice,0,0,0,0,0
2026-09-11T13:14:48Z,adservice,adservice,0,0,0,0,0
2026-09-11T13:14:48Z,adservice,cartservice,0,0,0,0,0
2026-09-11T13:14:48Z,adservice,checkoutservice,0,0,0,0,0
2026-09-11T13:14:48Z,adservice,currencyservice,0,0,0,0,0
2026-09-11T13:14:48Z,adservice,emailservice,0,0,0,0,0
2026-09-11T13:14:48Z,adservice,frontend,0,0,0,0,0
2026-09-11T13:14:48Z,adservice,kubernetes,0,0,0,0,0
2026-09-11T13:14:48Z,adservice,paymentservice,0,0,0,0,0
2026-09-11T13:14:48Z,adservice,productcatalogservice,0,0,0,0,0
2026-09-11T13:14:48Z,adservice,recommendationservice,0,0,0,0,0
2026-09-11T13:14:48Z,adservice,redis-cart,0,0,0,0,0
2026-09-11T13:14:48Z,adservice,shippingservice,0,0,0,0,0
2026-09-11T13:14:48Z,cartservice,adservice,0,0,0,0,0
2026-09-11T13:14:48Z,cartservice,cartservice,0,0,0,0,0
2026-09-11T13:14:48Z,cartservice,checkoutservice,0,0,0,0,0
2026-09-11T13:14:48Z,cartservice,currencyservice,0,0,0,0,0
2026-09-11T13:14:48Z,cartservice,emailservice,0,0,0,0,0
2026-09-11T13:14:48Z,cartservice,frontend,0,0,0,0,0
2026-09-11T13:14:48Z,cartservice,kubernetes,0,0,0,0,0
2026-09-11T13:14:48Z,cartservice,paymentservice,0,0,0,0,0
2026-09-11T13:14:48Z,cartservice,productcatalogservice,0,0,0,0,0
2026-09-11T13:14:48Z,cartservice,recommendationservice,0,0,0,0,0
2026-09-11T13:14:48Z,cartservice,redis-cart,2,0,0,0,0
2026-09-11T13:14:48Z,cartservice,shippingservice,0,0,0,0,0
2026-09-11T13:14:48Z,checkoutservice,adservice,0,0,0,0,0
2026-09-11T13:14:48Z,checkoutservice,cartservice,16036,16036,0,0,0
2026-09-11T13:14:48Z,checkoutservice,checkoutservice,0,0,0,0,0
2026-09-11T13:14:48Z,checkoutservice,currencyservice,8018,8018,0,0,0
2026-09-11T13:14:48Z,checkoutservice,emailservice,8018,8018,0,0,0
2026-09-11T13:14:48Z,checkoutservice,frontend,0,0,0,0,0
2026-09-11T13:14:48Z,checkoutservice,kubernetes,0,0,0,0,0
2026-09-11T13:14:48Z,checkoutservice,paymentservice,8018,8018,0,0,0
2026-09-11T13:14:48Z,checkoutservice,productcatalogservice,0,0,0,0,0
2026-09-11T13:14:48Z,checkoutservice,recommendationservice,0,0,0,0,0
2026-09-11T13:14:48Z,checkoutservice,redis-cart,0,0,0,0,0
2026-09-11T13:14:48Z,checkoutservice,shippingservice,16036,16036,0,0,0
2026-09-11T13:14:48Z,currencyservice,adservice,0,0,0,0,0
2026-09-11T13:14:48Z,currencyservice,cartservice,0,0,0,0,0
2026-09-11T13:14:48Z,currencyservice,checkoutservice,0,0,0,0,0
2026-09-11T13:14:48Z,currencyservice,currencyservice,0,0,0,0,0
2026-09-11T13:14:48Z,currencyservice,emailservice,0,0,0,0,0
2026-09-11T13:14:48Z,currencyservice,frontend,0,0,0,0,0
2026-09-11T13:14:48Z,currencyservice,kubernetes,0,0,0,0,0
2026-09-11T13:14:48Z,currencyservice,paymentservice,0,0,0,0,0
2026-09-11T13:14:48Z,currencyservice,productcatalogservice,0,0,0,0,0
2026-09-11T13:14:48Z,currencyservice,recommendationservice,0,0,0,0,0
2026-09-11T13:14:48Z,currencyservice,redis-cart,0,0,0,0,0
2026-09-11T13:14:48Z,currencyservice,shippingservice,0,0,0,0,0
2026-09-11T13:14:48Z,emailservice,adservice,0,0,0,0,0
2026-09-11T13:14:48Z,emailservice,cartservice,0,0,0,0,0
2026-09-11T13:14:48Z,emailservice,checkoutservice,0,0,0,0,0
2026-09-11T13:14:48Z,emailservice,currencyservice,0,0,0,0,0
2026-09-11T13:14:48Z,emailservice,emailservice,0,0,0,0,0
2026-09-11T13:14:48Z,emailservice,frontend,0,0,0,0,0
2026-09-11T13:14:48Z,emailservice,kubernetes,0,0,0,0,0
2026-09-11T13:14:48Z,emailservice,paymentservice,0,0,0,0,0
2026-09-11T13:14:48Z,emailservice,productcatalogservice,0,0,0,0,0
2026-09-11T13:14:48Z,emailservice,recommendationservice,0,0,0,0,0
2026-09-11T13:14:48Z,emailservice,redis-cart,0,0,0,0,0
2026-09-11T13:14:48Z,emailservice,shippingservice,0,0,0,0,0
2026-09-11T13:14:48Z,frontend,adservice,43068,30459,0,479,0
2026-09-11T13:14:48Z,frontend,cartservice,197859,197831,0,0,0
2026-09-11T13:14:48Z,frontend,checkoutservice,8018,8018,0,0,0
2026-09-11T13:14:48Z,frontend,currencyservice,316357,316279,0,0,0
2026-09-11T13:14:48Z,frontend,emailservice,0,0,0,0,0
2026-09-11T13:14:48Z,frontend,frontend,0,0,0,0,0
2026-09-11T13:14:48Z,frontend,kubernetes,0,0,0,0,0
2026-09-11T13:14:48Z,frontend,paymentservice,0,0,0,0,0
2026-09-11T13:14:48Z,frontend,productcatalogservice,789330,789091,0,0,0
2026-09-11T13:14:48Z,frontend,recommendationservice,128373,128360,0,0,0
2026-09-11T13:14:48Z,frontend,redis-cart,0,0,0,0,0
2026-09-11T13:14:48Z,frontend,shippingservice,77047,77047,0,0,0
2026-09-11T13:14:48Z,paymentservice,adservice,0,0,0,0,0
2026-09-11T13:14:48Z,paymentservice,cartservice,0,0,0,0,0
2026-09-11T13:14:48Z,paymentservice,checkoutservice,0,0,0,0,0
2026-09-11T13:14:48Z,paymentservice,currencyservice,0,0,0,0,0
2026-09-11T13:14:48Z,paymentservice,emailservice,0,0,0,0,0
2026-09-11T13:14:48Z,paymentservice,frontend,0,0,0,0,0
2026-09-11T13:14:48Z,paymentservice,kubernetes,0,0,0,0,0
2026-09-11T13:14:48Z,paymentservice,paymentservice,0,0,0,0,0
2026-09-11T13:14:48Z,paymentservice,productcatalogservice,0,0,0,0,0
2026-09-11T13:14:48Z,paymentservice,recommendationservice,0,0,0,0,0
2026-09-11T13:14:48Z,paymentservice,redis-cart,0,0,0,0,0
2026-09-11T13:14:48Z,paymentservice,shippingservice,0,0,0,0,0
2026-09-11T13:14:48Z,productcatalogservice,adservice,0,0,0,0,0
2026-09-11T13:14:48Z,productcatalogservice,cartservice,0,0,0,0,0
2026-09-11T13:14:48Z,productcatalogservice,checkoutservice,0,0,0,0,0
2026-09-11T13:14:48Z,productcatalogservice,currencyservice,0,0,0,0,0
2026-09-11T13:14:48Z,productcatalogservice,emailservice,0,0,0,0,0
2026-09-11T13:14:48Z,productcatalogservice,frontend,0,0,0,0,0
2026-09-11T13:14:48Z,productcatalogservice,kubernetes,0,0,0,0,0
2026-09-11T13:14:48Z,productcatalogservice,paymentservice,0,0,0,0,0
2026-09-11T13:14:48Z,productcatalogservice,productcatalogservice,0,0,0,0,0
2026-09-11T13:14:48Z,productcatalogservice,recommendationservice,0,0,0,0,0
2026-09-11T13:14:48Z,productcatalogservice,redis-cart,0,0,0,0,0
2026-09-11T13:14:48Z,productcatalogservice,shippingservice,0,0,0,0,0
2026-09-11T13:14:48Z,recommendationservice,adservice,0,0,0,0,0
2026-09-11T13:14:48Z,recommendationservice,cartservice,0,0,0,0,0
2026-09-11T13:14:48Z,recommendationservice,checkoutservice,0,0,0,0,0
2026-09-11T13:14:48Z,recommendationservice,currencyservice,0,0,0,0,0
2026-09-11T13:14:48Z,recommendationservice,emailservice,0,0,0,0,0
2026-09-11T13:14:48Z,recommendationservice,frontend,0,0,0,0,0
2026-09-11T13:14:48Z,recommendationservice,kubernetes,0,0,0,0,0
2026-09-11T13:14:48Z,recommendationservice,paymentservice,0,0,0,0,0
2026-09-11T13:14:48Z,recommendationservice,productcatalogservice,128369,128369,0,0,0
2026-09-11T13:14:48Z,recommendationservice,recommendationservice,0,0,0,0,0
2026-09-11T13:14:48Z,recommendationservice,redis-cart,0,0,0,0,0
2026-09-11T13:14:48Z,recommendationservice,shippingservice,0,0,0,0,0
2026-09-11T13:14:48Z,redis-cart,adservice,0,0,0,0,0
2026-09-11T13:14:48Z,redis-cart,cartservice,0,0,0,0,0
2026-09-11T13:14:48Z,redis-cart,checkoutservice,0,0,0,0,0
2026-09-11T13:14:48Z,redis-cart,currencyservice,0,0,0,0,0
2026-09-11T13:14:48Z,redis-cart,emailservice,0,0,0,0,0
2026-09-11T13:14:48Z,redis-cart,frontend,0,0,0,0,0
2026-09-11T13:14:48Z,redis-cart,kubernetes,0,0,0,0,0
2026-09-11T13:14:48Z,redis-cart,paymentservice,0,0,0,0,0
2026-09-11T13:14:48Z,redis-cart,productcatalogservice,0,0,0,0,0
2026-09-11T13:14:48Z,redis-cart,recommendationservice,0,0,0,0,0
2026-09-11T13:14:48Z,redis-cart,redis-cart,0,0,0,0,0
2026-09-11T13:14:48Z,redis-cart,shippingservice,0,0,0,0,0
2026-09-11T13:14:48Z,shippingservice,adservice,0,0,0,0,0
2026-09-11T13:14:48Z,shippingservice,cartservice,0,0,0,0,0
2026-09-11T13:14:48Z,shippingservice,checkoutservice,0,0,0,0,0
2026-09-11T13:14:48Z,shippingservice,currencyservice,0,0,0,0,0
2026-09-11T13:14:48Z,shippingservice,emailservice,0,0,0,0,0
2026-09-11T13:14:48Z,shippingservice,frontend,0,0,0,0,0
2026-09-11T13:14:48Z,shippingservice,kubernetes,0,0,0,0,0
2026-09-11T13:14:48Z,shippingservice,paymentservice,0,0,0,0,0
2026-09-11T13:14:48Z,shippingservice,productcatalogservice,0,0,0,0,0
2026-09-11T13:14:48Z,shippingservice,recommendationservice,0,0,0,0,0
2026-09-11T13:14:48Z,shippingservice,redis-cart,0,0,0,0,0
2026-09-11T13:14:48Z,shippingservice,shippingservice,0,0,0,0,0
2026-09-11T13:14:51Z,adservice,adservice,0,0,0,0,0
2026-09-11T13:14:51Z,adservice,cartservice,0,0,0,0,0
2026-09-11T13:14:51Z,adservice,checkoutservice,0,0,0,0,0
2026-09-11T13:14:51Z,adservice,currencyservice,0,0,0,0,0
2026-09-11T13:14:51Z,adservice,emailservice,0,0,0,0,0
2026-09-11T13:14:51Z,adservice,frontend,0,0,0,0,0
2026-09-11T13:14:51Z,adservice,kubernetes,0,0,0,0,0
2026-09-11T13:14:51Z,adservice,paymentservice,0,0,0,0,0
2026-09-11T13:14:51Z,adservice,productcatalogservice,0,0,0,0,0
2026-09-11T13:14:51Z,adservice,recommendationservice,0,0,0,0,0
2026-09-11T13:14:51Z,adservice,redis-cart,0,0,0,0,0
2026-09-11T13:14:51Z,adservice,shippingservice,0,0,0,0,0
2026-09-11T13:14:51Z,cartservice,adservice,0,0,0,0,0
2026-09-11T13:14:51Z,cartservice,cartservice,0,0,0,0,0
2026-09-11T13:14:51Z,cartservice,checkoutservice,0,0,0,0,0
2026-09-11T13:14:51Z,cartservice,currencyservice,0,0,0,0,0
2026-09-11T13:14:51Z,cartservice,emailservice,0,0,0,0,0
2026-09-11T13:14:51Z,cartservice,frontend,0,0,0,0,0
2026-09-11T13:14:51Z,cartservice,kubernetes,0,0,0,0,0
2026-09-11T13:14:51Z,cartservice,paymentservice,0,0,0,0,0
2026-09-11T13:14:51Z,cartservice,productcatalogservice,0,0,0,0,0
2026-09-11T13:14:51Z,cartservice,recommendationservice,0,0,0,0,0
2026-09-11T13:14:51Z,cartservice,redis-cart,2,0,0,0,0
2026-09-11T13:14:51Z,cartservice,shippingservice,0,0,0,0,0
2026-09-11T13:14:51Z,checkoutservice,adservice,0,0,0,0,0
2026-09-11T13:14:51Z,checkoutservice,cartservice,16036,16036,0,0,0
2026-09-11T13:14:51Z,checkoutservice,checkoutservice,0,0,0,0,0
2026-09-11T13:14:51Z,checkoutservice,currencyservice,8018,8018,0,0,0
2026-09-11T13:14:51Z,checkoutservice,emailservice,8018,8018,0,0,0
2026-09-11T13:14:51Z,checkoutservice,frontend,0,0,0,0,0
2026-09-11T13:14:51Z,checkoutservice,kubernetes,0,0,0,0,0
2026-09-11T13:14:51Z,checkoutservice,paymentservice,8018,8018,0,0,0
2026-09-11T13:14:51Z,checkoutservice,productcatalogservice,0,0,0,0,0
2026-09-11T13:14:51Z,checkoutservice,recommendationservice,0,0,0,0,0
2026-09-11T13:14:51Z,checkoutservice,redis-cart,0,0,0,0,0
2026-09-11T13:14:51Z,checkoutservice,shippingservice,16036,16036,0,0,0
2026-09-11T13:14:51Z,currencyservice,adservice,0,0,0,0,0
2026-09-11T13:14:51Z,currencyservice,cartservice,0,0,0,0,0
2026-09-11T13:14:51Z,currencyservice,checkoutservice,0,0,0,0,0
2026-09-11T13:14:51Z,currencyservice,currencyservice,0,0,0,0,0
2026-09-11T13:14:51Z,currencyservice,emailservice,0,0,0,0,0
2026-09-11T13:14:51Z,currencyservice,frontend,0,0,0,0,0
2026-09-11T13:14:51Z,currencyservice,kubernetes,0,0,0,0,0
2026-09-11T13:14:51Z,currencyservice,paymentservice,0,0,0,0,0
2026-09-11T13:14:51Z,currencyservice,productcatalogservice,0,0,0,0,0
2026-09-11T13:14:51Z,currencyservice,recommendationservice,0,0,0,0,0
2026-09-11T13:14:51Z,currencyservice,redis-cart,0,0,0,0,0
2026-09-11T13:14:51Z,currencyservice,shippingservice,0,0,0,0,0
2026-09-11T13:14:51Z,emailservice,adservice,0,0,0,0,0
2026-09-11T13:14:51Z,emailservice,cartservice,0,0,0,0,0
2026-09-11T13:14:51Z,emailservice,checkoutservice,0,0,0,0,0
2026-09-11T13:14:51Z,emailservice,currencyservice,0,0,0,0,0
2026-09-11T13:14:51Z,emailservice,emailservice,0,0,0,0,0
2026-09-11T13:14:51Z,emailservice,frontend,0,0,0,0,0
2026-09-11T13:14:51Z,emailservice,kubernetes,0,0,0,0,0
2026-09-11T13:14:51Z,emailservice,paymentservice,0,0,0,0,0
2026-09-11T13:14:51Z,emailservice,productcatalogservice,0,0,0,0,0
2026-09-11T13:14:51Z,emailservice,recommendationservice,0,0,0,0,0
2026-09-11T13:14:51Z,emailservice,redis-cart,0,0,0,0,0
2026-09-11T13:14:51Z,emailservice,shippingservice,0,0,0,0,0
2026-09-11T13:14:51Z,frontend,adservice,43068,30459,0,479,0
2026-09-11T13:14:51Z,frontend,cartservice,197859,197831,0,0,0
2026-09-11T13:14:51Z,frontend,checkoutservice,8018,8018,0,0,0
2026-09-11T13:14:51Z,frontend,currencyservice,316357,316279,0,0,0
2026-09-11T13:14:51Z,frontend,emailservice,0,0,0,0,0
2026-09-11T13:14:51Z,frontend,frontend,0,0,0,0,0
2026-09-11T13:14:51Z,frontend,kubernetes,0,0,0,0,0
2026-09-11T13:14:51Z,frontend,paymentservice,0,0,0,0,0
2026-09-11T13:14:51Z,frontend,productcatalogservice,789330,789091,0,0,0
2026-09-11T13:14:51Z,frontend,recommendationservice,128373,128360,0,0,0
2026-09-11T13:14:51Z,frontend,redis-cart,0,0,0,0,0
2026-09-11T13:14:51Z,frontend,shippingservice,77047,77047,0,0,0
2026-09-11T13:14:51Z,paymentservice,adservice,0,0,0,0,0
2026-09-11T13:14:51Z,paymentservice,cartservice,0,0,0,0,0
2026-09-11T13:14:51Z,paymentservice,checkoutservice,0,0,0,0,0
2026-09-11T13:14:51Z,paymentservice,currencyservice,0,0,0,0,0
2026-09-11T13:14:51Z,paymentservice,emailservice,0,0,0,0,0
2026-09-11T13:14:51Z,paymentservice,frontend,0,0,0,0,0
2026-09-11T13:14:51Z,paymentservice,kubernetes,0,0,0,0,0
2026-09-11T13:14:51Z,paymentservice,paymentservice,0,0,0,0,0
2026-09-11T13:14:51Z,paymentservice,productcatalogservice,0,0,0,0,0
2026-09-11T13:14:51Z,paymentservice,recommendationservice,0,0,0,0,0
2026-09-11T13:14:51Z,paymentservice,redis-cart,0,0,0,0,0
2026-09-11T13:14:51Z,paymentservice,shippingservice,0,0,0,0,0
2026-09-11T13:14:51Z,productcatalogservice,adservice,0,0,0,0,0
2026-09-11T13:14:51Z,productcatalogservice,cartservice,0,0,0,0,0
2026-09-11T13:14:51Z,productcatalogservice,checkoutservice,0,0,0,0,0
2026-09-11T13:14:51Z,productcatalogservice,currencyservice,0,0,0,0,0
2026-09-11T13:14:51Z,productcatalogservice,emailservice,0,0,0,0,0
2026-09-11T13:14:51Z,productcatalogservice,frontend,0,0,0,0,0
2026-09-11T13:14:51Z,productcatalogservice,kubernetes,0,0,0,0,0
2026-09-11T13:14:51Z,productcatalogservice,paymentservice,0,0,0,0,0
2026-09-11T13:14:51Z,productcatalogservice,productcatalogservice,0,0,0,0,0
2026-09-11T13:14:51Z,productcatalogservice,recommendationservice,0,0,0,0,0
2026-09-11T13:14:51Z,productcatalogservice,redis-cart,0,0,0,0,0
2026-09-11T13:14:51Z,productcatalogservice,shippingservice,0,0,0,0,0
2026-09-11T13:14:51Z,recommendationservice,adservice,0,0,0,0,0
2026-09-11T13:14:51Z,recommendationservice,cartservice,0,0,0,0,0
2026-09-11T13:14:51Z,recommendationservice,checkoutservice,0,0,0,0,0
2026-09-11T13:14:51Z,recommendationservice,currencyservice,0,0,0,0,0
2026-09-11T13:14:51Z,recommendationservice,emailservice,0,0,0,0,0
2026-09-11T13:14:51Z,recommendationservice,frontend,0,0,0,0,0
2026-09-11T13:14:51Z,recommendationservice,kubernetes,0,0,0,0,0
2026-09-11T13:14:51Z,recommendationservice,paymentservice,0,0,0,0,0
2026-09-11T13:14:51Z,recommendationservice,productcatalogservice,128369,128369,0,0,0
2026-09-11T13:14:51Z,recommendationservice,recommendationservice,0,0,0,0,0
2026-09-11T13:14:51Z,recommendationservice,redis-cart,0,0,0,0,0
2026-09-11T13:14:51Z,recommendationservice,shippingservice,0,0,0,0,0
2026-09-11T13:14:51Z,redis-cart,adservice,0,0,0,0,0
2026-09-11T13:14:51Z,redis-cart,cartservice,0,0,0,0,0
2026-09-11T13:14:51Z,redis-cart,checkoutservice,0,0,0,0,0
2026-09-11T13:14:51Z,redis-cart,currencyservice,0,0,0,0,0
2026-09-11T13:14:51Z,redis-cart,emailservice,0,0,0,0,0
2026-09-11T13:14:51Z,redis-cart,frontend,0,0,0,0,0
2026-09-11T13:14:51Z,redis-cart,kubernetes,0,0,0,0,0
2026-09-11T13:14:51Z,redis-cart,paymentservice,0,0,0,0,0
2026-09-11T13:14:51Z,redis-cart,productcatalogservice,0,0,0,0,0
2026-09-11T13:14:51Z,redis-cart,recommendationservice,0,0,0,0,0
2026-09-11T13:14:51Z,redis-cart,redis-cart,0,0,0,0,0
2026-09-11T13:14:51Z,redis-cart,shippingservice,0,0,0,0,0
2026-09-11T13:14:51Z,shippingservice,adservice,0,0,0,0,0
2026-09-11T13:14:51Z,shippingservice,cartservice,0,0,0,0,0
2026-09-11T13:14:51Z,shippingservice,checkoutservice,0,0,0,0,0
2026-09-11T13:14:51Z,shippingservice,currencyservice,0,0,0,0,0
2026-09-11T13:14:51Z,shippingservice,emailservice,0,0,0,0,0
2026-09-11T13:14:51Z,shippingservice,frontend,0,0,0,0,0
2026-09-11T13:14:51Z,shippingservice,kubernetes,0,0,0,0,0
2026-09-11T13:14:51Z,shippingservice,paymentservice,0,0,0,0,0
2026-09-11T13:14:51Z,shippingservice,productcatalogservice,0,0,0,0,0
2026-09-11T13:14:51Z,shippingservice,recommendationservice,0,0,0,0,0
2026-09-11T13:14:51Z,shippingservice,redis-cart,0,0,0,0,0
2026-09-11T13:14:51Z,shippingservice,shippingservice,0,0,0,0,0
2026-09-11T13:14:54Z,adservice,adservice,0,0,0,0,0
2026-09-11T13:14:54Z,adservice,cartservice,0,0,0,0,0
2026-09-11T13:14:54Z,adservice,checkoutservice,0,0,0,0,0
2026-09-11T13:14:54Z,adservice,currencyservice,0,0,0,0,0
2026-09-11T13:14:54Z,adservice,emailservice,0,0,0,0,0
2026-09-11T13:14:54Z,adservice,frontend,0,0,0,0,0
2026-09-11T13:14:54Z,adservice,kubernetes,0,0,0,0,0
2026-09-11T13:14:54Z,adservice,paymentservice,0,0,0,0,0
2026-09-11T13:14:54Z,adservice,productcatalogservice,0,0,0,0,0
2026-09-11T13:14:54Z,adservice,recommendationservice,0,0,0,0,0
2026-09-11T13:14:54Z,adservice,redis-cart,0,0,0,0,0
2026-09-11T13:14:54Z,adservice,shippingservice,0,0,0,0,0
2026-09-11T13:14:54Z,cartservice,adservice,0,0,0,0,0
2026-09-11T13:14:54Z,cartservice,cartservice,0,0,0,0,0
2026-09-11T13:14:54Z,cartservice,checkoutservice,0,0,0,0,0
2026-09-11T13:14:54Z,cartservice,currencyservice,0,0,0,0,0
2026-09-11T13:14:54Z,cartservice,emailservice,0,0,0,0,0
2026-09-11T13:14:54Z,cartservice,frontend,0,0,0,0,0
2026-09-11T13:14:54Z,cartservice,kubernetes,0,0,0,0,0
2026-09-11T13:14:54Z,cartservice,paymentservice,0,0,0,0,0
2026-09-11T13:14:54Z,cartservice,productcatalogservice,0,0,0,0,0
2026-09-11T13:14:54Z,cartservice,recommendationservice,0,0,0,0,0
2026-09-11T13:14:54Z,cartservice,redis-cart,2,0,0,0,0
2026-09-11T13:14:54Z,cartservice,shippingservice,0,0,0,0,0
2026-09-11T13:14:54Z,checkoutservice,adservice,0,0,0,0,0
2026-09-11T13:14:54Z,checkoutservice,cartservice,16036,16036,0,0,0
2026-09-11T13:14:54Z,checkoutservice,checkoutservice,0,0,0,0,0
2026-09-11T13:14:54Z,checkoutservice,currencyservice,8018,8018,0,0,0
2026-09-11T13:14:54Z,checkoutservice,emailservice,8018,8018,0,0,0
2026-09-11T13:14:54Z,checkoutservice,frontend,0,0,0,0,0
2026-09-11T13:14:54Z,checkoutservice,kubernetes,0,0,0,0,0
2026-09-11T13:14:54Z,checkoutservice,paymentservice,8018,8018,0,0,0
2026-09-11T13:14:54Z,checkoutservice,productcatalogservice,0,0,0,0,0
2026-09-11T13:14:54Z,checkoutservice,recommendationservice,0,0,0,0,0
2026-09-11T13:14:54Z,checkoutservice,redis-cart,0,0,0,0,0
2026-09-11T13:14:54Z,checkoutservice,shippingservice,16036,16036,0,0,0
2026-09-11T13:14:54Z,currencyservice,adservice,0,0,0,0,0
2026-09-11T13:14:54Z,currencyservice,cartservice,0,0,0,0,0
2026-09-11T13:14:54Z,currencyservice,checkoutservice,0,0,0,0,0
2026-09-11T13:14:54Z,currencyservice,currencyservice,0,0,0,0,0
2026-09-11T13:14:54Z,currencyservice,emailservice,0,0,0,0,0
2026-09-11T13:14:54Z,currencyservice,frontend,0,0,0,0,0
2026-09-11T13:14:54Z,currencyservice,kubernetes,0,0,0,0,0
2026-09-11T13:14:54Z,currencyservice,paymentservice,0,0,0,0,0
2026-09-11T13:14:54Z,currencyservice,productcatalogservice,0,0,0,0,0
2026-09-11T13:14:54Z,currencyservice,recommendationservice,0,0,0,0,0
2026-09-11T13:14:54Z,currencyservice,redis-cart,0,0,0,0,0
2026-09-11T13:14:54Z,currencyservice,shippingservice,0,0,0,0,0
2026-09-11T13:14:54Z,emailservice,adservice,0,0,0,0,0
2026-09-11T13:14:54Z,emailservice,cartservice,0,0,0,0,0
2026-09-11T13:14:54Z,emailservice,checkoutservice,0,0,0,0,0
2026-09-11T13:14:54Z,emailservice,currencyservice,0,0,0,0,0
2026-09-11T13:14:54Z,emailservice,emailservice,0,0,0,0,0
2026-09-11T13:14:54Z,emailservice,frontend,0,0,0,0,0
2026-09-11T13:14:54Z,emailservice,kubernetes,0,0,0,0,0
2026-09-11T13:14:54Z,emailservice,paymentservice,0,0,0,0,0
2026-09-11T13:14:54Z,emailservice,productcatalogservice,0,0,0,0,0
2026-09-11T13:14:54Z,emailservice,recommendationservice,0,0,0,0,0
2026-09-11T13:14:54Z,emailservice,redis-cart,0,0,0,0,0
2026-09-11T13:14:54Z,emailservice,shippingservice,0,0,0,0,0
2026-09-11T13:14:54Z,frontend,adservice,43068,30459,0,479,0
2026-09-11T13:14:54Z,frontend,cartservice,197859,197831,0,0,0
2026-09-11T13:14:54Z,frontend,checkoutservice,8018,8018,0,0,0
2026-09-11T13:14:54Z,frontend,currencyservice,316357,316279,0,0,0
2026-09-11T13:14:54Z,frontend,emailservice,0,0,0,0,0
2026-09-11T13:14:54Z,frontend,frontend,0,0,0,0,0
2026-09-11T13:14:54Z,frontend,kubernetes,0,0,0,0,0
2026-09-11T13:14:54Z,frontend,paymentservice,0,0,0,0,0
2026-09-11T13:14:54Z,frontend,productcatalogservice,789330,789091,0,0,0
2026-09-11T13:14:54Z,frontend,recommendationservice,128373,128360,0,0,0
2026-09-11T13:14:54Z,frontend,redis-cart,0,0,0,0,0
2026-09-11T13:14:54Z,frontend,shippingservice,77047,77047,0,0,0
2026-09-11T13:14:54Z,paymentservice,adservice,0,0,0,0,0
2026-09-11T13:14:54Z,paymentservice,cartservice,0,0,0,0,0
2026-09-11T13:14:54Z,paymentservice,checkoutservice,0,0,0,0,0
2026-09-11T13:14:54Z,paymentservice,currencyservice,0,0,0,0,0
2026-09-11T13:14:54Z,paymentservice,emailservice,0,0,0,0,0
2026-09-11T13:14:54Z,paymentservice,frontend,0,0,0,0,0
2026-09-11T13:14:54Z,paymentservice,kubernetes,0,0,0,0,0
2026-09-11T13:14:54Z,paymentservice,paymentservice,0,0,0,0,0
2026-09-11T13:14:54Z,paymentservice,productcatalogservice,0,0,0,0,0
2026-09-11T13:14:54Z,paymentservice,recommendationservice,0,0,0,0,0
2026-09-11T13:14:54Z,paymentservice,redis-cart,0,0,0,0,0
2026-09-11T13:14:54Z,paymentservice,shippingservice,0,0,0,0,0
2026-09-11T13:14:54Z,productcatalogservice,adservice,0,0,0,0,0
2026-09-11T13:14:54Z,productcatalogservice,cartservice,0,0,0,0,0
2026-09-11T13:14:54Z,productcatalogservice,checkoutservice,0,0,0,0,0
2026-09-11T13:14:54Z,productcatalogservice,currencyservice,0,0,0,0,0
2026-09-11T13:14:54Z,productcatalogservice,emailservice,0,0,0,0,0
2026-09-11T13:14:54Z,productcatalogservice,frontend,0,0,0,0,0
2026-09-11T13:14:54Z,productcatalogservice,kubernetes,0,0,0,0,0
2026-09-11T13:14:54Z,productcatalogservice,paymentservice,0,0,0,0,0
2026-09-11T13:14:54Z,productcatalogservice,productcatalogservice,0,0,0,0,0
2026-09-11T13:14:54Z,productcatalogservice,recommendationservice,0,0,0,0,0
2026-09-11T13:14:54Z,productcatalogservice,redis-cart,0,0,0,0,0
2026-09-11T13:14:54Z,productcatalogservice,shippingservice,0,0,0,0,0
2026-09-11T13:14:54Z,recommendationservice,adservice,0,0,0,0,0
2026-09-11T13:14:54Z,recommendationservice,cartservice,0,0,0,0,0
2026-09-11T13:14:54Z,recommendationservice,checkoutservice,0,0,0,0,0
2026-09-11T13:14:54Z,recommendationservice,currencyservice,0,0,0,0,0
2026-09-11T13:14:54Z,recommendationservice,emailservice,0,0,0,0,0
2026-09-11T13:14:54Z,recommendationservice,frontend,0,0,0,0,0
2026-09-11T13:14:54Z,recommendationservice,kubernetes,0,0,0,0,0
2026-09-11T13:14:54Z,recommendationservice,paymentservice,0,0,0,0,0
2026-09-11T13:14:54Z,recommendationservice,productcatalogservice,128369,128369,0,0,0
2026-09-11T13:14:54Z,recommendationservice,recommendationservice,0,0,0,0,0
2026-09-11T13:14:54Z,recommendationservice,redis-cart,0,0,0,0,0
2026-09-11T13:14:54Z,recommendationservice,shippingservice,0,0,0,0,0
2026-09-11T13:14:54Z,redis-cart,adservice,0,0,0,0,0
2026-09-11T13:14:54Z,redis-cart,cartservice,0,0,0,0,0
2026-09-11T13:14:54Z,redis-cart,checkoutservice,0,0,0,0,0
2026-09-11T13:14:54Z,redis-cart,currencyservice,0,0,0,0,0
2026-09-11T13:14:54Z,redis-cart,emailservice,0,0,0,0,0
2026-09-11T13:14:54Z,redis-cart,frontend,0,0,0,0,0
2026-09-11T13:14:54Z,redis-cart,kubernetes,0,0,0,0,0
2026-09-11T13:14:54Z,redis-cart,paymentservice,0,0,0,0,0
2026-09-11T13:14:54Z,redis-cart,productcatalogservice,0,0,0,0,0
2026-09-11T13:14:54Z,redis-cart,recommendationservice,0,0,0,0,0
2026-09-11T13:14:54Z,redis-cart,redis-cart,0,0,0,0,0
2026-09-11T13:14:54Z,redis-cart,shippingservice,0,0,0,0,0
2026-09-11T13:14:54Z,shippingservice,adservice,0,0,0,0,0
2026-09-11T13:14:54Z,shippingservice,cartservice,0,0,0,0,0
2026-09-11T13:14:54Z,shippingservice,checkoutservice,0,0,0,0,0
2026-09-11T13:14:54Z,shippingservice,currencyservice,0,0,0,0,0
2026-09-11T13:14:54Z,shippingservice,emailservice,0,0,0,0,0
2026-09-11T13:14:54Z,shippingservice,frontend,0,0,0,0,0
2026-09-11T13:14:54Z,shippingservice,kubernetes,0,0,0,0,0
2026-09-11T13:14:54Z,shippingservice,paymentservice,0,0,0,0,0
2026-09-11T13:14:54Z,shippingservice,productcatalogservice,0,0,0,0,0
2026-09-11T13:14:54Z,shippingservice,recommendationservice,0,0,0,0,0
2026-09-11T13:14:54Z,shippingservice,redis-cart,0,0,0,0,0
2026-09-11T13:14:54Z,shippingservice,shippingservice,0,0,0,0,0
2026-09-11T13:14:57Z,adservice,adservice,0,0,0,0,0
2026-09-11T13:14:57Z,adservice,cartservice,0,0,0,0,0
2026-09-11T13:14:57Z,adservice,checkoutservice,0,0,0,0,0
2026-09-11T13:14:57Z,adservice,currencyservice,0,0,0,0,0
2026-09-11T13:14:57Z,adservice,emailservice,0,0,0,0,0
2026-09-11T13:14:57Z,adservice,frontend,0,0,0,0,0
2026-09-11T13:14:57Z,adservice,kubernetes,0,0,0,0,0
2026-09-11T13:14:57Z,adservice,paymentservice,0,0,0,0,0
2026-09-11T13:14:57Z,adservice,productcatalogservice,0,0,0,0,0
2026-09-11T13:14:57Z,adservice,recommendationservice,0,0,0,0,0
2026-09-11T13:14:57Z,adservice,redis-cart,0,0,0,0,0
2026-09-11T13:14:57Z,adservice,shippingservice,0,0,0,0,0
2026-09-11T13:14:57Z,cartservice,adservice,0,0,0,0,0
2026-09-11T13:14:57Z,cartservice,cartservice,0,0,0,0,0
2026-09-11T13:14:57Z,cartservice,checkoutservice,0,0,0,0,0
2026-09-11T13:14:57Z,cartservice,currencyservice,0,0,0,0,0
2026-09-11T13:14:57Z,cartservice,emailservice,0,0,0,0,0
2026-09-11T13:14:57Z,cartservice,frontend,0,0,0,0,0
2026-09-11T13:14:57Z,cartservice,kubernetes,0,0,0,0,0
2026-09-11T13:14:57Z,cartservice,paymentservice,0,0,0,0,0
2026-09-11T13:14:57Z,cartservice,productcatalogservice,0,0,0,0,0
2026-09-11T13:14:57Z,cartservice,recommendationservice,0,0,0,0,0
2026-09-11T13:14:57Z,cartservice,redis-cart,2,0,0,0,0
2026-09-11T13:14:57Z,cartservice,shippingservice,0,0,0,0,0
2026-09-11T13:14:57Z,checkoutservice,adservice,0,0,0,0,0
2026-09-11T13:14:57Z,checkoutservice,cartservice,16036,16036,0,0,0
2026-09-11T13:14:57Z,checkoutservice,checkoutservice,0,0,0,0,0
2026-09-11T13:14:57Z,checkoutservice,currencyservice,8018,8018,0,0,0
2026-09-11T13:14:57Z,checkoutservice,emailservice,8018,8018,0,0,0
2026-09-11T13:14:57Z,checkoutservice,frontend,0,0,0,0,0
2026-09-11T13:14:57Z,checkoutservice,kubernetes,0,0,0,0,0
2026-09-11T13:14:57Z,checkoutservice,paymentservice,8018,8018,0,0,0
2026-09-11T13:14:57Z,checkoutservice,productcatalogservice,0,0,0,0,0
2026-09-11T13:14:57Z,checkoutservice,recommendationservice,0,0,0,0,0
2026-09-11T13:14:57Z,checkoutservice,redis-cart,0,0,0,0,0
2026-09-11T13:14:57Z,checkoutservice,shippingservice,16036,16036,0,0,0
2026-09-11T13:14:57Z,currencyservice,adservice,0,0,0,0,0
2026-09-11T13:14:57Z,currencyservice,cartservice,0,0,0,0,0
2026-09-11T13:14:57Z,currencyservice,checkoutservice,0,0,0,0,0
2026-09-11T13:14:57Z,currencyservice,currencyservice,0,0,0,0,0
2026-09-11T13:14:57Z,currencyservice,emailservice,0,0,0,0,0
2026-09-11T13:14:57Z,currencyservice,frontend,0,0,0,0,0
2026-09-11T13:14:57Z,currencyservice,kubernetes,0,0,0,0,0
2026-09-11T13:14:57Z,currencyservice,paymentservice,0,0,0,0,0
2026-09-11T13:14:57Z,currencyservice,productcatalogservice,0,0,0,0,0
2026-09-11T13:14:57Z,currencyservice,recommendationservice,0,0,0,0,0
2026-09-11T13:14:57Z,currencyservice,redis-cart,0,0,0,0,0
2026-09-11T13:14:57Z,currencyservice,shippingservice,0,0,0,0,0
2026-09-11T13:14:57Z,emailservice,adservice,0,0,0,0,0
2026-09-11T13:14:57Z,emailservice,cartservice,0,0,0,0,0
2026-09-11T13:14:57Z,emailservice,checkoutservice,0,0,0,0,0
2026-09-11T13:14:57Z,emailservice,currencyservice,0,0,0,0,0
2026-09-11T13:14:57Z,emailservice,emailservice,0,0,0,0,0
2026-09-11T13:14:57Z,emailservice,frontend,0,0,0,0,0
2026-09-11T13:14:57Z,emailservice,kubernetes,0,0,0,0,0
2026-09-11T13:14:57Z,emailservice,paymentservice,0,0,0,0,0
2026-09-11T13:14:57Z,emailservice,productcatalogservice,0,0,0,0,0
2026-09-11T13:14:57Z,emailservice,recommendationservice,0,0,0,0,0
2026-09-11T13:14:57Z,emailservice,redis-cart,0,0,0,0,0
2026-09-11T13:14:57Z,emailservice,shippingservice,0,0,0,0,0
2026-09-11T13:14:57Z,frontend,adservice,43068,30459,0,479,0
2026-09-11T13:14:57Z,frontend,cartservice,197859,197831,0,0,0
2026-09-11T13:14:57Z,frontend,checkoutservice,8018,8018,0,0,0
2026-09-11T13:14:57Z,frontend,currencyservice,316357,316279,0,0,0
2026-09-11T13:14:57Z,frontend,emailservice,0,0,0,0,0
2026-09-11T13:14:57Z,frontend,frontend,0,0,0,0,0
2026-09-11T13:14:57Z,frontend,kubernetes,0,0,0,0,0
2026-09-11T13:14:57Z,frontend,paymentservice,0,0,0,0,0
2026-09-11T13:14:57Z,frontend,productcatalogservice,789330,789091,0,0,0
2026-09-11T13:14:57Z,frontend,recommendationservice,128373,128360,0,0,0
2026-09-11T13:14:57Z,frontend,redis-cart,0,0,0,0,0
2026-09-11T13:14:57Z,frontend,shippingservice,77047,77047,0,0,0
2026-09-11T13:14:57Z,paymentservice,adservice,0,0,0,0,0
2026-09-11T13:14:57Z,paymentservice,cartservice,0,0,0,0,0
2026-09-11T13:14:57Z,paymentservice,checkoutservice,0,0,0,0,0
2026-09-11T13:14:57Z,paymentservice,currencyservice,0,0,0,0,0
2026-09-11T13:14:57Z,paymentservice,emailservice,0,0,0,0,0
2026-09-11T13:14:57Z,paymentservice,frontend,0,0,0,0,0
2026-09-11T13:14:57Z,paymentservice,kubernetes,0,0,0,0,0
2026-09-11T13:14:57Z,paymentservice,paymentservice,0,0,0,0,0
2026-09-11T13:14:57Z,paymentservice,productcatalogservice,0,0,0,0,0
2026-09-11T13:14:57Z,paymentservice,recommendationservice,0,0,0,0,0
2026-09-11T13:14:57Z,paymentservice,redis-cart,0,0,0,0,0
2026-09-11T13:14:57Z,paymentservice,shippingservice,0,0,0,0,0
2026-09-11T13:14:57Z,productcatalogservice,adservice,0,0,0,0,0
2026-09-11T13:14:57Z,productcatalogservice,cartservice,0,0,0,0,0
2026-09-11T13:14:57Z,productcatalogservice,checkoutservice,0,0,0,0,0
2026-09-11T13:14:57Z,productcatalogservice,currencyservice,0,0,0,0,0
2026-09-11T13:14:57Z,productcatalogservice,emailservice,0,0,0,0,0
2026-09-11T13:14:57Z,productcatalogservice,frontend,0,0,0,0,0
2026-09-11T13:14:57Z,productcatalogservice,kubernetes,0,0,0,0,0
2026-09-11T13:14:57Z,productcatalogservice,paymentservice,0,0,0,0,0
2026-09-11T13:14:57Z,productcatalogservice,productcatalogservice,0,0,0,0,0
2026-09-11T13:14:57Z,productcatalogservice,recommendationservice,0,0,0,0,0
2026-09-11T13:14:57Z,productcatalogservice,redis-cart,0,0,0,0,0
2026-09-11T13:14:57Z,productcatalogservice,shippingservice,0,0,0,0,0
2026-09-11T13:14:57Z,recommendationservice,adservice,0,0,0,0,0
2026-09-11T13:14:57Z,recommendationservice,cartservice,0,0,0,0,0
2026-09-11T13:14:57Z,recommendationservice,checkoutservice,0,0,0,0,0
2026-09-11T13:14:57Z,recommendationservice,currencyservice,0,0,0,0,0
2026-09-11T13:14:57Z,recommendationservice,emailservice,0,0,0,0,0
2026-09-11T13:14:57Z,recommendationservice,frontend,0,0,0,0,0
2026-09-11T13:14:57Z,recommendationservice,kubernetes,0,0,0,0,0
2026-09-11T13:14:57Z,recommendationservice,paymentservice,0,0,0,0,0
2026-09-11T13:14:57Z,recommendationservice,productcatalogservice,128369,128369,0,0,0
2026-09-11T13:14:57Z,recommendationservice,recommendationservice,0,0,0,0,0
2026-09-11T13:14:57Z,recommendationservice,redis-cart,0,0,0,0,0
2026-09-11T13:14:57Z,recommendationservice,shippingservice,0,0,0,0,0
2026-09-11T13:14:57Z,redis-cart,adservice,0,0,0,0,0
2026-09-11T13:14:57Z,redis-cart,cartservice,0,0,0,0,0
2026-09-11T13:14:57Z,redis-cart,checkoutservice,0,0,0,0,0
2026-09-11T13:14:57Z,redis-cart,currencyservice,0,0,0,0,0
2026-09-11T13:14:57Z,redis-cart,emailservice,0,0,0,0,0
2026-09-11T13:14:57Z,redis-cart,frontend,0,0,0,0,0
2026-09-11T13:14:57Z,redis-cart,kubernetes,0,0,0,0,0
2026-09-11T13:14:57Z,redis-cart,paymentservice,0,0,0,0,0
2026-09-11T13:14:57Z,redis-cart,productcatalogservice,0,0,0,0,0
2026-09-11T13:14:57Z,redis-cart,recommendationservice,0,0,0,0,0
2026-09-11T13:14:57Z,redis-cart,redis-cart,0,0,0,0,0
2026-09-11T13:14:57Z,redis-cart,shippingservice,0,0,0,0,0
2026-09-11T13:14:57Z,shippingservice,adservice,0,0,0,0,0
2026-09-11T13:14:57Z,shippingservice,cartservice,0,0,0,0,0
2026-09-11T13:14:57Z,shippingservice,checkoutservice,0,0,0,0,0
2026-09-11T13:14:57Z,shippingservice,currencyservice,0,0,0,0,0
2026-09-11T13:14:57Z,shippingservice,emailservice,0,0,0,0,0
2026-09-11T13:14:57Z,shippingservice,frontend,0,0,0,0,0
2026-09-11T13:14:57Z,shippingservice,kubernetes,0,0,0,0,0
2026-09-11T13:14:57Z,shippingservice,paymentservice,0,0,0,0,0
2026-09-11T13:14:57Z,shippingservice,productcatalogservice,0,0,0,0,0
2026-09-11T13:14:57Z,shippingservice,recommendationservice,0,0,0,0,0
2026-09-11T13:14:57Z,shippingservice,redis-cart,0,0,0,0,0
2026-09-11T13:14:57Z,shippingservice,shippingservice,0,0,0,0,0
2026-09-11T13:15:00Z,adservice,adservice,0,0,0,0,0
2026-09-11T13:15:00Z,adservice,cartservice,0,0,0,0,0
2026-09-11T13:15:00Z,adservice,checkoutservice,0,0,0,0,0
2026-09-11T13:15:00Z,adservice,currencyservice,0,0,0,0,0
2026-09-11T13:15:00Z,adservice,emailservice,0,0,0,0,0
2026-09-11T13:15:00Z,adservice,frontend,0,0,0,0,0
2026-09-11T13:15:00Z,adservice,kubernetes,0,0,0,0,0
2026-09-11T13:15:00Z,adservice,paymentservice,0,0,0,0,0
2026-09-11T13:15:00Z,adservice,productcatalogservice,0,0,0,0,0
2026-09-11T13:15:00Z,adservice,recommendationservice,0,0,0,0,0
2026-09-11T13:15:00Z,adservice,redis-cart,0,0,0,0,0
2026-09-11T13:15:00Z,adservice,shippingservice,0,0,0,0,0
2026-09-11T13:15:00Z,cartservice,adservice,0,0,0,0,0
2026-09-11T13:15:00Z,cartservice,cartservice,0,0,0,0,0
2026-09-11T13:15:00Z,cartservice,checkoutservice,0,0,0,0,0
2026-09-11T13:15:00Z,cartservice,currencyservice,0,0,0,0,0
2026-09-11T13:15:00Z,cartservice,emailservice,0,0,0,0,0
2026-09-11T13:15:00Z,cartservice,frontend,0,0,0,0,0
2026-09-11T13:15:00Z,cartservice,kubernetes,0,0,0,0,0
2026-09-11T13:15:00Z,cartservice,paymentservice,0,0,0,0,0
2026-09-11T13:15:00Z,cartservice,productcatalogservice,0,0,0,0,0
2026-09-11T13:15:00Z,cartservice,recommendationservice,0,0,0,0,0
2026-09-11T13:15:00Z,cartservice,redis-cart,2,0,0,0,0
2026-09-11T13:15:00Z,cartservice,shippingservice,0,0,0,0,0
2026-09-11T13:15:00Z,checkoutservice,adservice,0,0,0,0,0
2026-09-11T13:15:00Z,checkoutservice,cartservice,16036,16036,0,0,0
2026-09-11T13:15:00Z,checkoutservice,checkoutservice,0,0,0,0,0
2026-09-11T13:15:00Z,checkoutservice,currencyservice,8018,8018,0,0,0
2026-09-11T13:15:00Z,checkoutservice,emailservice,8018,8018,0,0,0
2026-09-11T13:15:00Z,checkoutservice,frontend,0,0,0,0,0
2026-09-11T13:15:00Z,checkoutservice,kubernetes,0,0,0,0,0
2026-09-11T13:15:00Z,checkoutservice,paymentservice,8018,8018,0,0,0
2026-09-11T13:15:00Z,checkoutservice,productcatalogservice,0,0,0,0,0
2026-09-11T13:15:00Z,checkoutservice,recommendationservice,0,0,0,0,0
2026-09-11T13:15:00Z,checkoutservice,redis-cart,0,0,0,0,0
2026-09-11T13:15:00Z,checkoutservice,shippingservice,16036,16036,0,0,0
2026-09-11T13:15:00Z,currencyservice,adservice,0,0,0,0,0
2026-09-11T13:15:00Z,currencyservice,cartservice,0,0,0,0,0
2026-09-11T13:15:00Z,currencyservice,checkoutservice,0,0,0,0,0
2026-09-11T13:15:00Z,currencyservice,currencyservice,0,0,0,0,0
2026-09-11T13:15:00Z,currencyservice,emailservice,0,0,0,0,0
2026-09-11T13:15:00Z,currencyservice,frontend,0,0,0,0,0
2026-09-11T13:15:00Z,currencyservice,kubernetes,0,0,0,0,0
2026-09-11T13:15:00Z,currencyservice,paymentservice,0,0,0,0,0
2026-09-11T13:15:00Z,currencyservice,productcatalogservice,0,0,0,0,0
2026-09-11T13:15:00Z,currencyservice,recommendationservice,0,0,0,0,0
2026-09-11T13:15:00Z,currencyservice,redis-cart,0,0,0,0,0
2026-09-11T13:15:00Z,currencyservice,shippingservice,0,0,0,0,0
2026-09-11T13:15:00Z,emailservice,adservice,0,0,0,0,0
2026-09-11T13:15:00Z,emailservice,cartservice,0,0,0,0,0
2026-09-11T13:15:00Z,emailservice,checkoutservice,0,0,0,0,0
2026-09-11T13:15:00Z,emailservice,currencyservice,0,0,0,0,0
2026-09-11T13:15:00Z,emailservice,emailservice,0,0,0,0,0
2026-09-11T13:15:00Z,emailservice,frontend,0,0,0,0,0
2026-09-11T13:15:00Z,emailservice,kubernetes,0,0,0,0,0
2026-09-11T13:15:00Z,emailservice,paymentservice,0,0,0,0,0
2026-09-11T13:15:00Z,emailservice,productcatalogservice,0,0,0,0,0
2026-09-11T13:15:00Z,emailservice,recommendationservice,0,0,0,0,0
2026-09-11T13:15:00Z,emailservice,redis-cart,0,0,0,0,0
2026-09-11T13:15:00Z,emailservice,shippingservice,0,0,0,0,0
2026-09-11T13:15:00Z,frontend,adservice,43068,30459,0,479,0
2026-09-11T13:15:00Z,frontend,cartservice,197859,197831,0,0,0
2026-09-11T13:15:00Z,frontend,checkoutservice,8018,8018,0,0,0
2026-09-11T13:15:00Z,frontend,currencyservice,316357,316279,0,0,0
2026-09-11T13:15:00Z,frontend,emailservice,0,0,0,0,0
2026-09-11T13:15:00Z,frontend,frontend,0,0,0,0,0
2026-09-11T13:15:00Z,frontend,kubernetes,0,0,0,0,0
2026-09-11T13:15:00Z,frontend,paymentservice,0,0,0,0,0
2026-09-11T13:15:00Z,frontend,productcatalogservice,789330,789091,0,0,0
2026-09-11T13:15:00Z,frontend,recommendationservice,128373,128360,0,0,0
2026-09-11T13:15:00Z,frontend,redis-cart,0,0,0,0,0
2026-09-11T13:15:00Z,frontend,shippingservice,77047,77047,0,0,0
2026-09-11T13:15:00Z,paymentservice,adservice,0,0,0,0,0
2026-09-11T13:15:00Z,paymentservice,cartservice,0,0,0,0,0
2026-09-11T13:15:00Z,paymentservice,checkoutservice,0,0,0,0,0
2026-09-11T13:15:00Z,paymentservice,currencyservice,0,0,0,0,0
2026-09-11T13:15:00Z,paymentservice,emailservice,0,0,0,0,0
2026-09-11T13:15:00Z,paymentservice,frontend,0,0,0,0,0
2026-09-11T13:15:00Z,paymentservice,kubernetes,0,0,0,0,0
2026-09-11T13:15:00Z,paymentservice,paymentservice,0,0,0,0,0
2026-09-11T13:15:00Z,paymentservice,productcatalogservice,0,0,0,0,0
2026-09-11T13:15:00Z,paymentservice,recommendationservice,0,0,0,0,0
2026-09-11T13:15:00Z,paymentservice,redis-cart,0,0,0,0,0
2026-09-11T13:15:00Z,paymentservice,shippingservice,0,0,0,0,0
2026-09-11T13:15:00Z,productcatalogservice,adservice,0,0,0,0,0
2026-09-11T13:15:00Z,productcatalogservice,cartservice,0,0,0,0,0
2026-09-11T13:15:00Z,productcatalogservice,checkoutservice,0,0,0,0,0
2026-09-11T13:15:00Z,productcatalogservice,currencyservice,0,0,0,0,0
2026-09-11T13:15:00Z,productcatalogservice,emailservice,0,0,0,0,0
2026-09-11T13:15:00Z,productcatalogservice,frontend,0,0,0,0,0
2026-09-11T13:15:00Z,productcatalogservice,kubernetes,0,0,0,0,0
2026-09-11T13:15:00Z,productcatalogservice,paymentservice,0,0,0,0,0
2026-09-11T13:15:00Z,productcatalogservice,productcatalogservice,0,0,0,0,0
2026-09-11T13:15:00Z,productcatalogservice,recommendationservice,0,0,0,0,0
2026-09-11T13:15:00Z,productcatalogservice,redis-cart,0,0,0,0,0
2026-09-11T13:15:00Z,productcatalogservice,shippingservice,0,0,0,0,0
2026-09-11T13:15:00Z,recommendationservice,adservice,0,0,0,0,0
2026-09-11T13:15:00Z,recommendationservice,cartservice,0,0,0,0,0
2026-09-11T13:15:00Z,recommendationservice,checkoutservice,0,0,0,0,0
2026-09-11T13:15:00Z,recommendationservice,currencyservice,0,0,0,0,0
2026-09-11T13:15:00Z,recommendationservice,emailservice,0,0,0,0,0
2026-09-11T13:15:00Z,recommendationservice,frontend,0,0,0,0,0
2026-09-11T13:15:00Z,recommendationservice,kubernetes,0,0,0,0,0
2026-09-11T13:15:00Z,recommendationservice,paymentservice,0,0,0,0,0
2026-09-11T13:15:00Z,recommendationservice,productcatalogservice,128369,128369,0,0,0
2026-09-11T13:15:00Z,recommendationservice,recommendationservice,0,0,0,0,0
2026-09-11T13:15:00Z,recommendationservice,redis-cart,0,0,0,0,0
2026-09-11T13:15:00Z,recommendationservice,shippingservice,0,0,0,0,0
2026-09-11T13:15:00Z,redis-cart,adservice,0,0,0,0,0
2026-09-11T13:15:00Z,redis-cart,cartservice,0,0,0,0,0
2026-09-11T13:15:00Z,redis-cart,checkoutservice,0,0,0,0,0
2026-09-11T13:15:00Z,redis-cart,currencyservice,0,0,0,0,0
2026-09-11T13:15:00Z,redis-cart,emailservice,0,0,0,0,0
2026-09-11T13:15:00Z,redis-cart,frontend,0,0,0,0,0
2026-09-11T13:15:00Z,redis-cart,kubernetes,0,0,0,0,0
2026-09-11T13:15:00Z,redis-cart,paymentservice,0,0,0,0,0
2026-09-11T13:15:00Z,redis-cart,productcatalogservice,0,0,0,0,0
2026-09-11T13:15:00Z,redis-cart,recommendationservice,0,0,0,0,0
2026-09-11T13:15:00Z,redis-cart,redis-cart,0,0,0,0,0
2026-09-11T13:15:00Z,redis-cart,shippingservice,0,0,0,0,0
2026-09-11T13:15:00Z,shippingservice,adservice,0,0,0,0,0
2026-09-11T13:15:00Z,shippingservice,cartservice,0,0,0,0,0
2026-09-11T13:15:00Z,shippingservice,checkoutservice,0,0,0,0,0
2026-09-11T13:15:00Z,shippingservice,currencyservice,0,0,0,0,0
2026-09-11T13:15:00Z,shippingservice,emailservice,0,0,0,0,0
2026-09-11T13:15:00Z,shippingservice,frontend,0,0,0,0,0
2026-09-11T13:15:00Z,shippingservice,kubernetes,0,0,0,0,0
2026-09-11T13:15:00Z,shippingservice,paymentservice,0,0,0,0,0
2026-09-11T13:15:00Z,shippingservice,productcatalogservice,0,0,0,0,0
2026-09-11T13:15:00Z,shippingservice,recommendationservice,0,0,0,0,0
2026-09-11T13:15:00Z,shippingservice,redis-cart,0,0,0,0,0
2026-09-11T13:15:00Z,shippingservice,shippingservice,0,0,0,0,0
2026-09-11T13:15:03Z,adservice,adservice,0,0,0,0,0
2026-09-11T13:15:03Z,adservice,cartservice,0,0,0,0,0
2026-09-11T13:15:03Z,adservice,checkoutservice,0,0,0,0,0
2026-09-11T13:15:03Z,adservice,currencyservice,0,0,0,0,0
2026-09-11T13:15:03Z,adservice,emailservice,0,0,0,0,0
2026-09-11T13:15:03Z,adservice,frontend,0,0,0,0,0
2026-09-11T13:15:03Z,adservice,kubernetes,0,0,0,0,0
2026-09-11T13:15:03Z,adservice,paymentservice,0,0,0,0,0
2026-09-11T13:15:03Z,adservice,productcatalogservice,0,0,0,0,0
2026-09-11T13:15:03Z,adservice,recommendationservice,0,0,0,0,0
2026-09-11T13:15:03Z,adservice,redis-cart,0,0,0,0,0
2026-09-11T13:15:03Z,adservice,shippingservice,0,0,0,0,0
2026-09-11T13:15:03Z,cartservice,adservice,0,0,0,0,0
2026-09-11T13:15:03Z,cartservice,cartservice,0,0,0,0,0
2026-09-11T13:15:03Z,cartservice,checkoutservice,0,0,0,0,0
2026-09-11T13:15:03Z,cartservice,currencyservice,0,0,0,0,0
2026-09-11T13:15:03Z,cartservice,emailservice,0,0,0,0,0
2026-09-11T13:15:03Z,cartservice,frontend,0,0,0,0,0
2026-09-11T13:15:03Z,cartservice,kubernetes,0,0,0,0,0
2026-09-11T13:15:03Z,cartservice,paymentservice,0,0,0,0,0
2026-09-11T13:15:03Z,cartservice,productcatalogservice,0,0,0,0,0
2026-09-11T13:15:03Z,cartservice,recommendationservice,0,0,0,0,0
2026-09-11T13:15:03Z,cartservice,redis-cart,2,0,0,0,0
2026-09-11T13:15:03Z,cartservice,shippingservice,0,0,0,0,0
2026-09-11T13:15:03Z,checkoutservice,adservice,0,0,0,0,0
2026-09-11T13:15:03Z,checkoutservice,cartservice,16036,16036,0,0,0
2026-09-11T13:15:03Z,checkoutservice,checkoutservice,0,0,0,0,0
2026-09-11T13:15:03Z,checkoutservice,currencyservice,8018,8018,0,0,0
2026-09-11T13:15:03Z,checkoutservice,emailservice,8018,8018,0,0,0
2026-09-11T13:15:03Z,checkoutservice,frontend,0,0,0,0,0
2026-09-11T13:15:03Z,checkoutservice,kubernetes,0,0,0,0,0
2026-09-11T13:15:03Z,checkoutservice,paymentservice,8018,8018,0,0,0
2026-09-11T13:15:03Z,checkoutservice,productcatalogservice,0,0,0,0,0
2026-09-11T13:15:03Z,checkoutservice,recommendationservice,0,0,0,0,0
2026-09-11T13:15:03Z,checkoutservice,redis-cart,0,0,0,0,0
2026-09-11T13:15:03Z,checkoutservice,shippingservice,16036,16036,0,0,0
2026-09-11T13:15:03Z,currencyservice,adservice,0,0,0,0,0
2026-09-11T13:15:03Z,currencyservice,cartservice,0,0,0,0,0
2026-09-11T13:15:03Z,currencyservice,checkoutservice,0,0,0,0,0
2026-09-11T13:15:03Z,currencyservice,currencyservice,0,0,0,0,0
2026-09-11T13:15:03Z,currencyservice,emailservice,0,0,0,0,0
2026-09-11T13:15:03Z,currencyservice,frontend,0,0,0,0,0
2026-09-11T13:15:03Z,currencyservice,kubernetes,0,0,0,0,0
2026-09-11T13:15:03Z,currencyservice,paymentservice,0,0,0,0,0
2026-09-11T13:15:03Z,currencyservice,productcatalogservice,0,0,0,0,0
2026-09-11T13:15:03Z,currencyservice,recommendationservice,0,0,0,0,0
2026-09-11T13:15:03Z,currencyservice,redis-cart,0,0,0,0,0
2026-09-11T13:15:03Z,currencyservice,shippingservice,0,0,0,0,0
2026-09-11T13:15:03Z,emailservice,adservice,0,0,0,0,0
2026-09-11T13:15:03Z,emailservice,cartservice,0,0,0,0,0
2026-09-11T13:15:03Z,emailservice,checkoutservice,0,0,0,0,0
2026-09-11T13:15:03Z,emailservice,currencyservice,0,0,0,0,0
2026-09-11T13:15:03Z,emailservice,emailservice,0,0,0,0,0
2026-09-11T13:15:03Z,emailservice,frontend,0,0,0,0,0
2026-09-11T13:15:03Z,emailservice,kubernetes,0,0,0,0,0
2026-09-11T13:15:03Z,emailservice,paymentservice,0,0,0,0,0
2026-09-11T13:15:03Z,emailservice,productcatalogservice,0,0,0,0,0
2026-09-11T13:15:03Z,emailservice,recommendationservice,0,0,0,0,0
2026-09-11T13:15:03Z,emailservice,redis-cart,0,0,0,0,0
2026-09-11T13:15:03Z,emailservice,shippingservice,0,0,0,0,0
2026-09-11T13:15:03Z,frontend,adservice,43068,30459,0,479,0
2026-09-11T13:15:03Z,frontend,cartservice,197859,197831,0,0,0
2026-09-11T13:15:03Z,frontend,checkoutservice,8018,8018,0,0,0
2026-09-11T13:15:03Z,frontend,currencyservice,316357,316279,0,0,0
2026-09-11T13:15:03Z,frontend,emailservice,0,0,0,0,0
2026-09-11T13:15:03Z,frontend,frontend,0,0,0,0,0
2026-09-11T13:15:03Z,frontend,kubernetes,0,0,0,0,0
2026-09-11T13:15:03Z,frontend,paymentservice,0,0,0,0,0
2026-09-11T13:15:03Z,frontend,productcatalogservice,789330,789091,0,0,0
2026-09-11T13:15:03Z,frontend,recommendationservice,128373,128360,0,0,0
2026-09-11T13:15:03Z,frontend,redis-cart,0,0,0,0,0
2026-09-11T13:15:03Z,frontend,shippingservice,77047,77047,0,0,0
2026-09-11T13:15:03Z,paymentservice,adservice,0,0,0,0,0
2026-09-11T13:15:03Z,paymentservice,cartservice,0,0,0,0,0
2026-09-11T13:15:03Z,paymentservice,checkoutservice,0,0,0,0,0
2026-09-11T13:15:03Z,paymentservice,currencyservice,0,0,0,0,0
2026-09-11T13:15:03Z,paymentservice,emailservice,0,0,0,0,0
2026-09-11T13:15:03Z,paymentservice,frontend,0,0,0,0,0
2026-09-11T13:15:03Z,paymentservice,kubernetes,0,0,0,0,0
2026-09-11T13:15:03Z,paymentservice,paymentservice,0,0,0,0,0
2026-09-11T13:15:03Z,paymentservice,productcatalogservice,0,0,0,0,0
2026-09-11T13:15:03Z,paymentservice,recommendationservice,0,0,0,0,0
2026-09-11T13:15:03Z,paymentservice,redis-cart,0,0,0,0,0
2026-09-11T13:15:03Z,paymentservice,shippingservice,0,0,0,0,0
2026-09-11T13:15:03Z,productcatalogservice,adservice,0,0,0,0,0
2026-09-11T13:15:03Z,productcatalogservice,cartservice,0,0,0,0,0
2026-09-11T13:15:03Z,productcatalogservice,checkoutservice,0,0,0,0,0
2026-09-11T13:15:03Z,productcatalogservice,currencyservice,0,0,0,0,0
2026-09-11T13:15:03Z,productcatalogservice,emailservice,0,0,0,0,0
2026-09-11T13:15:03Z,productcatalogservice,frontend,0,0,0,0,0
2026-09-11T13:15:03Z,productcatalogservice,kubernetes,0,0,0,0,0
2026-09-11T13:15:03Z,productcatalogservice,paymentservice,0,0,0,0,0
2026-09-11T13:15:03Z,productcatalogservice,productcatalogservice,0,0,0,0,0
2026-09-11T13:15:03Z,productcatalogservice,recommendationservice,0,0,0,0,0
2026-09-11T13:15:03Z,productcatalogservice,redis-cart,0,0,0,0,0
2026-09-11T13:15:03Z,productcatalogservice,shippingservice,0,0,0,0,0
2026-09-11T13:15:03Z,recommendationservice,adservice,0,0,0,0,0
2026-09-11T13:15:03Z,recommendationservice,cartservice,0,0,0,0,0
2026-09-11T13:15:03Z,recommendationservice,checkoutservice,0,0,0,0,0
2026-09-11T13:15:03Z,recommendationservice,currencyservice,0,0,0,0,0
2026-09-11T13:15:03Z,recommendationservice,emailservice,0,0,0,0,0
2026-09-11T13:15:03Z,recommendationservice,frontend,0,0,0,0,0
2026-09-11T13:15:03Z,recommendationservice,kubernetes,0,0,0,0,0
2026-09-11T13:15:03Z,recommendationservice,paymentservice,0,0,0,0,0
2026-09-11T13:15:03Z,recommendationservice,productcatalogservice,128369,128369,0,0,0
2026-09-11T13:15:03Z,recommendationservice,recommendationservice,0,0,0,0,0
2026-09-11T13:15:03Z,recommendationservice,redis-cart,0,0,0,0,0
2026-09-11T13:15:03Z,recommendationservice,shippingservice,0,0,0,0,0
2026-09-11T13:15:03Z,redis-cart,adservice,0,0,0,0,0
2026-09-11T13:15:03Z,redis-cart,cartservice,0,0,0,0,0
2026-09-11T13:15:03Z,redis-cart,checkoutservice,0,0,0,0,0
2026-09-11T13:15:03Z,redis-cart,currencyservice,0,0,0,0,0
2026-09-11T13:15:03Z,redis-cart,emailservice,0,0,0,0,0
2026-09-11T13:15:03Z,redis-cart,frontend,0,0,0,0,0
2026-09-11T13:15:03Z,redis-cart,kubernetes,0,0,0,0,0
2026-09-11T13:15:03Z,redis-cart,paymentservice,0,0,0,0,0
2026-09-11T13:15:03Z,redis-cart,productcatalogservice,0,0,0,0,0
2026-09-11T13:15:03Z,redis-cart,recommendationservice,0,0,0,0,0
2026-09-11T13:15:03Z,redis-cart,redis-cart,0,0,0,0,0
2026-09-11T13:15:03Z,redis-cart,shippingservice,0,0,0,0,0
2026-09-11T13:15:03Z,shippingservice,adservice,0,0,0,0,0
2026-09-11T13:15:03Z,shippingservice,cartservice,0,0,0,0,0
2026-09-11T13:15:03Z,shippingservice,checkoutservice,0,0,0,0,0
2026-09-11T13:15:03Z,shippingservice,currencyservice,0,0,0,0,0
2026-09-11T13:15:03Z,shippingservice,emailservice,0,0,0,0,0
2026-09-11T13:15:03Z,shippingservice,frontend,0,0,0,0,0
2026-09-11T13:15:03Z,shippingservice,kubernetes,0,0,0,0,0
2026-09-11T13:15:03Z,shippingservice,paymentservice,0,0,0,0,0
2026-09-11T13:15:03Z,shippingservice,productcatalogservice,0,0,0,0,0
2026-09-11T13:15:03Z,shippingservice,recommendationservice,0,0,0,0,0
2026-09-11T13:15:03Z,shippingservice,redis-cart,0,0,0,0,0
2026-09-11T13:15:03Z,shippingservice,shippingservice,0,0,0,0,0
2026-09-11T13:15:06Z,adservice,adservice,0,0,0,0,0
2026-09-11T13:15:06Z,adservice,cartservice,0,0,0,0,0
2026-09-11T13:15:06Z,adservice,checkoutservice,0,0,0,0,0
2026-09-11T13:15:06Z,adservice,currencyservice,0,0,0,0,0
2026-09-11T13:15:06Z,adservice,emailservice,0,0,0,0,0
2026-09-11T13:15:06Z,adservice,frontend,0,0,0,0,0
2026-09-11T13:15:06Z,adservice,kubernetes,0,0,0,0,0
2026-09-11T13:15:06Z,adservice,paymentservice,0,0,0,0,0
2026-09-11T13:15:06Z,adservice,productcatalogservice,0,0,0,0,0
2026-09-11T13:15:06Z,adservice,recommendationservice,0,0,0,0,0
2026-09-11T13:15:06Z,adservice,redis-cart,0,0,0,0,0
2026-09-11T13:15:06Z,adservice,shippingservice,0,0,0,0,0
2026-09-11T13:15:06Z,cartservice,adservice,0,0,0,0,0
2026-09-11T13:15:06Z,cartservice,cartservice,0,0,0,0,0
2026-09-11T13:15:06Z,cartservice,checkoutservice,0,0,0,0,0
2026-09-11T13:15:06Z,cartservice,currencyservice,0,0,0,0,0
2026-09-11T13:15:06Z,cartservice,emailservice,0,0,0,0,0
2026-09-11T13:15:06Z,cartservice,frontend,0,0,0,0,0
2026-09-11T13:15:06Z,cartservice,kubernetes,0,0,0,0,0
2026-09-11T13:15:06Z,cartservice,paymentservice,0,0,0,0,0
2026-09-11T13:15:06Z,cartservice,productcatalogservice,0,0,0,0,0
2026-09-11T13:15:06Z,cartservice,recommendationservice,0,0,0,0,0
2026-09-11T13:15:06Z,cartservice,redis-cart,2,0,0,0,0
2026-09-11T13:15:06Z,cartservice,shippingservice,0,0,0,0,0
2026-09-11T13:15:06Z,checkoutservice,adservice,0,0,0,0,0
2026-09-11T13:15:06Z,checkoutservice,cartservice,16036,16036,0,0,0
2026-09-11T13:15:06Z,checkoutservice,checkoutservice,0,0,0,0,0
2026-09-11T13:15:06Z,checkoutservice,currencyservice,8018,8018,0,0,0
2026-09-11T13:15:06Z,checkoutservice,emailservice,8018,8018,0,0,0
2026-09-11T13:15:06Z,checkoutservice,frontend,0,0,0,0,0
2026-09-11T13:15:06Z,checkoutservice,kubernetes,0,0,0,0,0
2026-09-11T13:15:06Z,checkoutservice,paymentservice,8018,8018,0,0,0
2026-09-11T13:15:06Z,checkoutservice,productcatalogservice,0,0,0,0,0
2026-09-11T13:15:06Z,checkoutservice,recommendationservice,0,0,0,0,0
2026-09-11T13:15:06Z,checkoutservice,redis-cart,0,0,0,0,0
2026-09-11T13:15:06Z,checkoutservice,shippingservice,16036,16036,0,0,0
2026-09-11T13:15:06Z,currencyservice,adservice,0,0,0,0,0
2026-09-11T13:15:06Z,currencyservice,cartservice,0,0,0,0,0
2026-09-11T13:15:06Z,currencyservice,checkoutservice,0,0,0,0,0
2026-09-11T13:15:06Z,currencyservice,currencyservice,0,0,0,0,0
2026-09-11T13:15:06Z,currencyservice,emailservice,0,0,0,0,0
2026-09-11T13:15:06Z,currencyservice,frontend,0,0,0,0,0
2026-09-11T13:15:06Z,currencyservice,kubernetes,0,0,0,0,0
2026-09-11T13:15:06Z,currencyservice,paymentservice,0,0,0,0,0
2026-09-11T13:15:06Z,currencyservice,productcatalogservice,0,0,0,0,0
2026-09-11T13:15:06Z,currencyservice,recommendationservice,0,0,0,0,0
2026-09-11T13:15:06Z,currencyservice,redis-cart,0,0,0,0,0
2026-09-11T13:15:06Z,currencyservice,shippingservice,0,0,0,0,0
2026-09-11T13:15:06Z,emailservice,adservice,0,0,0,0,0
2026-09-11T13:15:06Z,emailservice,cartservice,0,0,0,0,0
2026-09-11T13:15:06Z,emailservice,checkoutservice,0,0,0,0,0
2026-09-11T13:15:06Z,emailservice,currencyservice,0,0,0,0,0
2026-09-11T13:15:06Z,emailservice,emailservice,0,0,0,0,0
2026-09-11T13:15:06Z,emailservice,frontend,0,0,0,0,0
2026-09-11T13:15:06Z,emailservice,kubernetes,0,0,0,0,0
2026-09-11T13:15:06Z,emailservice,paymentservice,0,0,0,0,0
2026-09-11T13:15:06Z,emailservice,productcatalogservice,0,0,0,0,0
2026-09-11T13:15:06Z,emailservice,recommendationservice,0,0,0,0,0
2026-09-11T13:15:06Z,emailservice,redis-cart,0,0,0,0,0
2026-09-11T13:15:06Z,emailservice,shippingservice,0,0,0,0,0
2026-09-11T13:15:06Z,frontend,adservice,43068,30459,0,479,0
2026-09-11T13:15:06Z,frontend,cartservice,197859,197831,0,0,0
2026-09-11T13:15:06Z,frontend,checkoutservice,8018,8018,0,0,0
2026-09-11T13:15:06Z,frontend,currencyservice,316357,316279,0,0,0
2026-09-11T13:15:06Z,frontend,emailservice,0,0,0,0,0
2026-09-11T13:15:06Z,frontend,frontend,0,0,0,0,0
2026-09-11T13:15:06Z,frontend,kubernetes,0,0,0,0,0
2026-09-11T13:15:06Z,frontend,paymentservice,0,0,0,0,0
2026-09-11T13:15:06Z,frontend,productcatalogservice,789330,789091,0,0,0
2026-09-11T13:15:06Z,frontend,recommendationservice,128373,128360,0,0,0
2026-09-11T13:15:06Z,frontend,redis-cart,0,0,0,0,0
2026-09-11T13:15:06Z,frontend,shippingservice,77047,77047,0,0,0
2026-09-11T13:15:06Z,paymentservice,adservice,0,0,0,0,0
2026-09-11T13:15:06Z,paymentservice,cartservice,0,0,0,0,0
2026-09-11T13:15:06Z,paymentservice,checkoutservice,0,0,0,0,0
2026-09-11T13:15:06Z,paymentservice,currencyservice,0,0,0,0,0
2026-09-11T13:15:06Z,paymentservice,emailservice,0,0,0,0,0
2026-09-11T13:15:06Z,paymentservice,frontend,0,0,0,0,0
2026-09-11T13:15:06Z,paymentservice,kubernetes,0,0,0,0,0
2026-09-11T13:15:06Z,paymentservice,paymentservice,0,0,0,0,0
2026-09-11T13:15:06Z,paymentservice,productcatalogservice,0,0,0,0,0
2026-09-11T13:15:06Z,paymentservice,recommendationservice,0,0,0,0,0
2026-09-11T13:15:06Z,paymentservice,redis-cart,0,0,0,0,0
2026-09-11T13:15:06Z,paymentservice,shippingservice,0,0,0,0,0
2026-09-11T13:15:06Z,productcatalogservice,adservice,0,0,0,0,0
2026-09-11T13:15:06Z,productcatalogservice,cartservice,0,0,0,0,0
2026-09-11T13:15:06Z,productcatalogservice,checkoutservice,0,0,0,0,0
2026-09-11T13:15:06Z,productcatalogservice,currencyservice,0,0,0,0,0
2026-09-11T13:15:06Z,productcatalogservice,emailservice,0,0,0,0,0
2026-09-11T13:15:06Z,productcatalogservice,frontend,0,0,0,0,0
2026-09-11T13:15:06Z,productcatalogservice,kubernetes,0,0,0,0,0
2026-09-11T13:15:06Z,productcatalogservice,paymentservice,0,0,0,0,0
2026-09-11T13:15:06Z,productcatalogservice,productcatalogservice,0,0,0,0,0
2026-09-11T13:15:06Z,productcatalogservice,recommendationservice,0,0,0,0,0
2026-09-11T13:15:06Z,productcatalogservice,redis-cart,0,0,0,0,0
2026-09-11T13:15:06Z,productcatalogservice,shippingservice,0,0,0,0,0
2026-09-11T13:15:06Z,recommendationservice,adservice,0,0,0,0,0
2026-09-11T13:15:06Z,recommendationservice,cartservice,0,0,0,0,0
2026-09-11T13:15:06Z,recommendationservice,checkoutservice,0,0,0,0,0
2026-09-11T13:15:06Z,recommendationservice,currencyservice,0,0,0,0,0
2026-09-11T13:15:06Z,recommendationservice,emailservice,0,0,0,0,0
2026-09-11T13:15:06Z,recommendationservice,frontend,0,0,0,0,0
2026-09-11T13:15:06Z,recommendationservice,kubernetes,0,0,0,0,0
2026-09-11T13:15:06Z,recommendationservice,paymentservice,0,0,0,0,0
2026-09-11T13:15:06Z,recommendationservice,productcatalogservice,128369,128369,0,0,0
2026-09-11T13:15:06Z,recommendationservice,recommendationservice,0,0,0,0,0
2026-09-11T13:15:06Z,recommendationservice,redis-cart,0,0,0,0,0
2026-09-11T13:15:06Z,recommendationservice,shippingservice,0,0,0,0,0
2026-09-11T13:15:06Z,redis-cart,adservice,0,0,0,0,0
2026-09-11T13:15:06Z,redis-cart,cartservice,0,0,0,0,0
2026-09-11T13:15:06Z,redis-cart,checkoutservice,0,0,0,0,0
2026-09-11T13:15:06Z,redis-cart,currencyservice,0,0,0,0,0
2026-09-11T13:15:06Z,redis-cart,emailservice,0,0,0,0,0
2026-09-11T13:15:06Z,redis-cart,frontend,0,0,0,0,0
2026-09-11T13:15:06Z,redis-cart,kubernetes,0,0,0,0,0
2026-09-11T13:15:06Z,redis-cart,paymentservice,0,0,0,0,0
2026-09-11T13:15:06Z,redis-cart,productcatalogservice,0,0,0,0,0
2026-09-11T13:15:06Z,redis-cart,recommendationservice,0,0,0,0,0
2026-09-11T13:15:06Z,redis-cart,redis-cart,0,0,0,0,0
2026-09-11T13:15:06Z,redis-cart,shippingservice,0,0,0,0,0
2026-09-11T13:15:06Z,shippingservice,adservice,0,0,0,0,0
2026-09-11T13:15:06Z,shippingservice,cartservice,0,0,0,0,0
2026-09-11T13:15:06Z,shippingservice,checkoutservice,0,0,0,0,0
2026-09-11T13:15:06Z,shippingservice,currencyservice,0,0,0,0,0
2026-09-11T13:15:06Z,shippingservice,emailservice,0,0,0,0,0
2026-09-11T13:15:06Z,shippingservice,frontend,0,0,0,0,0
2026-09-11T13:15:06Z,shippingservice,kubernetes,0,0,0,0,0
2026-09-11T13:15:06Z,shippingservice,paymentservice,0,0,0,0,0
2026-09-11T13:15:06Z,shippingservice,productcatalogservice,0,0,0,0,0
2026-09-11T13:15:06Z,shippingservice,recommendationservice,0,0,0,0,0
2026-09-11T13:15:06Z,shippingservice,redis-cart,0,0,0,0,0
2026-09-11T13:15:06Z,shippingservice,shippingservice,0,0,0,0,0
2026-09-11T13:15:09Z,adservice,adservice,0,0,0,0,0
2026-09-11T13:15:09Z,adservice,cartservice,0,0,0,0,0
2026-09-11T13:15:09Z,adservice,checkoutservice,0,0,0,0,0
2026-09-11T13:15:09Z,adservice,currencyservice,0,0,0,0,0
2026-09-11T13:15:09Z,adservice,emailservice,0,0,0,0,0
2026-09-11T13:15:09Z,adservice,frontend,0,0,0,0,0
2026-09-11T13:15:09Z,adservice,kubernetes,0,0,0,0,0
2026-09-11T13:15:09Z,adservice,paymentservice,0,0,0,0,0
2026-09-11T13:15:09Z,adservice,productcatalogservice,0,0,0,0,0
2026-09-11T13:15:09Z,adservice,recommendationservice,0,0,0,0,0
2026-09-11T13:15:09Z,adservice,redis-cart,0,0,0,0,0
2026-09-11T13:15:09Z,adservice,shippingservice,0,0,0,0,0
2026-09-11T13:15:09Z,cartservice,adservice,0,0,0,0,0
2026-09-11T13:15:09Z,cartservice,cartservice,0,0,0,0,0
2026-09-11T13:15:09Z,cartservice,checkoutservice,0,0,0,0,0
2026-09-11T13:15:09Z,cartservice,currencyservice,0,0,0,0,0
2026-09-11T13:15:09Z,cartservice,emailservice,0,0,0,0,0
2026-09-11T13:15:09Z,cartservice,frontend,0,0,0,0,0
2026-09-11T13:15:09Z,cartservice,kubernetes,0,0,0,0,0
2026-09-11T13:15:09Z,cartservice,paymentservice,0,0,0,0,0
2026-09-11T13:15:09Z,cartservice,productcatalogservice,0,0,0,0,0
2026-09-11T13:15:09Z,cartservice,recommendationservice,0,0,0,0,0
2026-09-11T13:15:09Z,cartservice,redis-cart,2,0,0,0,0
2026-09-11T13:15:09Z,cartservice,shippingservice,0,0,0,0,0
2026-09-11T13:15:09Z,checkoutservice,adservice,0,0,0,0,0
2026-09-11T13:15:09Z,checkoutservice,cartservice,16036,16036,0,0,0
2026-09-11T13:15:09Z,checkoutservice,checkoutservice,0,0,0,0,0
2026-09-11T13:15:09Z,checkoutservice,currencyservice,8018,8018,0,0,0
2026-09-11T13:15:09Z,checkoutservice,emailservice,8018,8018,0,0,0
2026-09-11T13:15:09Z,checkoutservice,frontend,0,0,0,0,0
2026-09-11T13:15:09Z,checkoutservice,kubernetes,0,0,0,0,0
2026-09-11T13:15:09Z,checkoutservice,paymentservice,8018,8018,0,0,0
2026-09-11T13:15:09Z,checkoutservice,productcatalogservice,0,0,0,0,0
2026-09-11T13:15:09Z,checkoutservice,recommendationservice,0,0,0,0,0
2026-09-11T13:15:09Z,checkoutservice,redis-cart,0,0,0,0,0
2026-09-11T13:15:09Z,checkoutservice,shippingservice,16036,16036,0,0,0
2026-09-11T13:15:09Z,currencyservice,adservice,0,0,0,0,0
2026-09-11T13:15:09Z,currencyservice,cartservice,0,0,0,0,0
2026-09-11T13:15:09Z,currencyservice,checkoutservice,0,0,0,0,0
2026-09-11T13:15:09Z,currencyservice,currencyservice,0,0,0,0,0
2026-09-11T13:15:09Z,currencyservice,emailservice,0,0,0,0,0
2026-09-11T13:15:09Z,currencyservice,frontend,0,0,0,0,0
2026-09-11T13:15:09Z,currencyservice,kubernetes,0,0,0,0,0
2026-09-11T13:15:09Z,currencyservice,paymentservice,0,0,0,0,0
2026-09-11T13:15:09Z,currencyservice,productcatalogservice,0,0,0,0,0
2026-09-11T13:15:09Z,currencyservice,recommendationservice,0,0,0,0,0
2026-09-11T13:15:09Z,currencyservice,redis-cart,0,0,0,0,0
2026-09-11T13:15:09Z,currencyservice,shippingservice,0,0,0,0,0
2026-09-11T13:15:09Z,emailservice,adservice,0,0,0,0,0
2026-09-11T13:15:09Z,emailservice,cartservice,0,0,0,0,0
2026-09-11T13:15:09Z,emailservice,checkoutservice,0,0,0,0,0
2026-09-11T13:15:09Z,emailservice,currencyservice,0,0,0,0,0
2026-09-11T13:15:09Z,emailservice,emailservice,0,0,0,0,0
2026-09-11T13:15:09Z,emailservice,frontend,0,0,0,0,0
2026-09-11T13:15:09Z,emailservice,kubernetes,0,0,0,0,0
2026-09-11T13:15:09Z,emailservice,paymentservice,0,0,0,0,0
2026-09-11T13:15:09Z,emailservice,productcatalogservice,0,0,0,0,0
2026-09-11T13:15:09Z,emailservice,recommendationservice,0,0,0,0,0
2026-09-11T13:15:09Z,emailservice,redis-cart,0,0,0,0,0
2026-09-11T13:15:09Z,emailservice,shippingservice,0,0,0,0,0
2026-09-11T13:15:09Z,frontend,adservice,43068,30459,0,479,0
2026-09-11T13:15:09Z,frontend,cartservice,197859,197831,0,0,0
2026-09-11T13:15:09Z,frontend,checkoutservice,8018,8018,0,0,0
2026-09-11T13:15:09Z,frontend,currencyservice,316357,316279,0,0,0
2026-09-11T13:15:09Z,frontend,emailservice,0,0,0,0,0
2026-09-11T13:15:09Z,frontend,frontend,0,0,0,0,0
2026-09-11T13:15:09Z,frontend,kubernetes,0,0,0,0,0
2026-09-11T13:15:09Z,frontend,paymentservice,0,0,0,0,0
2026-09-11T13:15:09Z,frontend,productcatalogservice,789330,789091,0,0,0
2026-09-11T13:15:09Z,frontend,recommendationservice,128373,128360,0,0,0
2026-09-11T13:15:09Z,frontend,redis-cart,0,0,0,0,0
2026-09-11T13:15:09Z,frontend,shippingservice,77047,77047,0,0,0
2026-09-11T13:15:09Z,paymentservice,adservice,0,0,0,0,0
2026-09-11T13:15:09Z,paymentservice,cartservice,0,0,0,0,0
2026-09-11T13:15:09Z,paymentservice,checkoutservice,0,0,0,0,0
2026-09-11T13:15:09Z,paymentservice,currencyservice,0,0,0,0,0
2026-09-11T13:15:09Z,paymentservice,emailservice,0,0,0,0,0
2026-09-11T13:15:09Z,paymentservice,frontend,0,0,0,0,0
2026-09-11T13:15:09Z,paymentservice,kubernetes,0,0,0,0,0
2026-09-11T13:15:09Z,paymentservice,paymentservice,0,0,0,0,0
2026-09-11T13:15:09Z,paymentservice,productcatalogservice,0,0,0,0,0
2026-09-11T13:15:09Z,paymentservice,recommendationservice,0,0,0,0,0
2026-09-11T13:15:09Z,paymentservice,redis-cart,0,0,0,0,0
2026-09-11T13:15:09Z,paymentservice,shippingservice,0,0,0,0,0
2026-09-11T13:15:09Z,productcatalogservice,adservice,0,0,0,0,0
2026-09-11T13:15:09Z,productcatalogservice,cartservice,0,0,0,0,0
2026-09-11T13:15:09Z,productcatalogservice,checkoutservice,0,0,0,0,0
2026-09-11T13:15:09Z,productcatalogservice,currencyservice,0,0,0,0,0
2026-09-11T13:15:09Z,productcatalogservice,emailservice,0,0,0,0,0
2026-09-11T13:15:09Z,productcatalogservice,frontend,0,0,0,0,0
2026-09-11T13:15:09Z,productcatalogservice,kubernetes,0,0,0,0,0
2026-09-11T13:15:09Z,productcatalogservice,paymentservice,0,0,0,0,0
2026-09-11T13:15:09Z,productcatalogservice,productcatalogservice,0,0,0,0,0
2026-09-11T13:15:09Z,productcatalogservice,recommendationservice,0,0,0,0,0
2026-09-11T13:15:09Z,productcatalogservice,redis-cart,0,0,0,0,0
2026-09-11T13:15:09Z,productcatalogservice,shippingservice,0,0,0,0,0
2026-09-11T13:15:09Z,recommendationservice,adservice,0,0,0,0,0
2026-09-11T13:15:09Z,recommendationservice,cartservice,0,0,0,0,0
2026-09-11T13:15:09Z,recommendationservice,checkoutservice,0,0,0,0,0
2026-09-11T13:15:09Z,recommendationservice,currencyservice,0,0,0,0,0
2026-09-11T13:15:09Z,recommendationservice,emailservice,0,0,0,0,0
2026-09-11T13:15:09Z,recommendationservice,frontend,0,0,0,0,0
2026-09-11T13:15:09Z,recommendationservice,kubernetes,0,0,0,0,0
2026-09-11T13:15:09Z,recommendationservice,paymentservice,0,0,0,0,0
2026-09-11T13:15:09Z,recommendationservice,productcatalogservice,128369,128369,0,0,0
2026-09-11T13:15:09Z,recommendationservice,recommendationservice,0,0,0,0,0
2026-09-11T13:15:09Z,recommendationservice,redis-cart,0,0,0,0,0
2026-09-11T13:15:09Z,recommendationservice,shippingservice,0,0,0,0,0
2026-09-11T13:15:09Z,redis-cart,adservice,0,0,0,0,0
2026-09-11T13:15:09Z,redis-cart,cartservice,0,0,0,0,0
2026-09-11T13:15:09Z,redis-cart,checkoutservice,0,0,0,0,0
2026-09-11T13:15:09Z,redis-cart,currencyservice,0,0,0,0,0
2026-09-11T13:15:09Z,redis-cart,emailservice,0,0,0,0,0
2026-09-11T13:15:09Z,redis-cart,frontend,0,0,0,0,0
2026-09-11T13:15:09Z,redis-cart,kubernetes,0,0,0,0,0
2026-09-11T13:15:09Z,redis-cart,paymentservice,0,0,0,0,0
2026-09-11T13:15:09Z,redis-cart,productcatalogservice,0,0,0,0,0
2026-09-11T13:15:09Z,redis-cart,recommendationservice,0,0,0,0,0
2026-09-11T13:15:09Z,redis-cart,redis-cart,0,0,0,0,0
2026-09-11T13:15:09Z,redis-cart,shippingservice,0,0,0,0,0
2026-09-11T13:15:09Z,shippingservice,adservice,0,0,0,0,0
2026-09-11T13:15:09Z,shippingservice,cartservice,0,0,0,0,0
2026-09-11T13:15:09Z,shippingservice,checkoutservice,0,0,0,0,0
2026-09-11T13:15:09Z,shippingservice,currencyservice,0,0,0,0,0
2026-09-11T13:15:09Z,shippingservice,emailservice,0,0,0,0,0
2026-09-11T13:15:09Z,shippingservice,frontend,0,0,0,0,0
2026-09-11T13:15:09Z,shippingservice,kubernetes,0,0,0,0,0
2026-09-11T13:15:09Z,shippingservice,paymentservice,0,0,0,0,0
2026-09-11T13:15:09Z,shippingservice,productcatalogservice,0,0,0,0,0
2026-09-11T13:15:09Z,shippingservice,recommendationservice,0,0,0,0,0
2026-09-11T13:15:09Z,shippingservice,redis-cart,0,0,0,0,0
2026-09-11T13:15:09Z,shippingservice,shippingservice,0,0,0,0,0
2026-09-11T13:15:12Z,adservice,adservice,0,0,0,0,0
2026-09-11T13:15:12Z,adservice,cartservice,0,0,0,0,0
2026-09-11T13:15:12Z,adservice,checkoutservice,0,0,0,0,0
2026-09-11T13:15:12Z,adservice,currencyservice,0,0,0,0,0
2026-09-11T13:15:12Z,adservice,emailservice,0,0,0,0,0
2026-09-11T13:15:12Z,adservice,frontend,0,0,0,0,0
2026-09-11T13:15:12Z,adservice,kubernetes,0,0,0,0,0
2026-09-11T13:15:12Z,adservice,paymentservice,0,0,0,0,0
2026-09-11T13:15:12Z,adservice,productcatalogservice,0,0,0,0,0
2026-09-11T13:15:12Z,adservice,recommendationservice,0,0,0,0,0
2026-09-11T13:15:12Z,adservice,redis-cart,0,0,0,0,0
2026-09-11T13:15:12Z,adservice,shippingservice,0,0,0,0,0
2026-09-11T13:15:12Z,cartservice,adservice,0,0,0,0,0
2026-09-11T13:15:12Z,cartservice,cartservice,0,0,0,0,0
2026-09-11T13:15:12Z,cartservice,checkoutservice,0,0,0,0,0
2026-09-11T13:15:12Z,cartservice,currencyservice,0,0,0,0,0
2026-09-11T13:15:12Z,cartservice,emailservice,0,0,0,0,0
2026-09-11T13:15:12Z,cartservice,frontend,0,0,0,0,0
2026-09-11T13:15:12Z,cartservice,kubernetes,0,0,0,0,0
2026-09-11T13:15:12Z,cartservice,paymentservice,0,0,0,0,0
2026-09-11T13:15:12Z,cartservice,productcatalogservice,0,0,0,0,0
2026-09-11T13:15:12Z,cartservice,recommendationservice,0,0,0,0,0
2026-09-11T13:15:12Z,cartservice,redis-cart,2,0,0,0,0
2026-09-11T13:15:12Z,cartservice,shippingservice,0,0,0,0,0
2026-09-11T13:15:12Z,checkoutservice,adservice,0,0,0,0,0
2026-09-11T13:15:12Z,checkoutservice,cartservice,16054,16054,0,0,0
2026-09-11T13:15:12Z,checkoutservice,checkoutservice,0,0,0,0,0
2026-09-11T13:15:12Z,checkoutservice,currencyservice,8027,8027,0,0,0
2026-09-11T13:15:12Z,checkoutservice,emailservice,8027,8027,0,0,0
2026-09-11T13:15:12Z,checkoutservice,frontend,0,0,0,0,0
2026-09-11T13:15:12Z,checkoutservice,kubernetes,0,0,0,0,0
2026-09-11T13:15:12Z,checkoutservice,paymentservice,8027,8027,0,0,0
2026-09-11T13:15:12Z,checkoutservice,productcatalogservice,0,0,0,0,0
2026-09-11T13:15:12Z,checkoutservice,recommendationservice,0,0,0,0,0
2026-09-11T13:15:12Z,checkoutservice,redis-cart,0,0,0,0,0
2026-09-11T13:15:12Z,checkoutservice,shippingservice,16054,16054,0,0,0
2026-09-11T13:15:12Z,currencyservice,adservice,0,0,0,0,0
2026-09-11T13:15:12Z,currencyservice,cartservice,0,0,0,0,0
2026-09-11T13:15:12Z,currencyservice,checkoutservice,0,0,0,0,0
2026-09-11T13:15:12Z,currencyservice,currencyservice,0,0,0,0,0
2026-09-11T13:15:12Z,currencyservice,emailservice,0,0,0,0,0
2026-09-11T13:15:12Z,currencyservice,frontend,0,0,0,0,0
2026-09-11T13:15:12Z,currencyservice,kubernetes,0,0,0,0,0
2026-09-11T13:15:12Z,currencyservice,paymentservice,0,0,0,0,0
2026-09-11T13:15:12Z,currencyservice,productcatalogservice,0,0,0,0,0
2026-09-11T13:15:12Z,currencyservice,recommendationservice,0,0,0,0,0
2026-09-11T13:15:12Z,currencyservice,redis-cart,0,0,0,0,0
2026-09-11T13:15:12Z,currencyservice,shippingservice,0,0,0,0,0
2026-09-11T13:15:12Z,emailservice,adservice,0,0,0,0,0
2026-09-11T13:15:12Z,emailservice,cartservice,0,0,0,0,0
2026-09-11T13:15:12Z,emailservice,checkoutservice,0,0,0,0,0
2026-09-11T13:15:12Z,emailservice,currencyservice,0,0,0,0,0
2026-09-11T13:15:12Z,emailservice,emailservice,0,0,0,0,0
2026-09-11T13:15:12Z,emailservice,frontend,0,0,0,0,0
2026-09-11T13:15:12Z,emailservice,kubernetes,0,0,0,0,0
2026-09-11T13:15:12Z,emailservice,paymentservice,0,0,0,0,0
2026-09-11T13:15:12Z,emailservice,productcatalogservice,0,0,0,0,0
2026-09-11T13:15:12Z,emailservice,recommendationservice,0,0,0,0,0
2026-09-11T13:15:12Z,emailservice,redis-cart,0,0,0,0,0
2026-09-11T13:15:12Z,emailservice,shippingservice,0,0,0,0,0
2026-09-11T13:15:12Z,frontend,adservice,43163,30554,0,479,0
2026-09-11T13:15:12Z,frontend,cartservice,198353,198325,0,0,0
2026-09-11T13:15:12Z,frontend,checkoutservice,8027,8027,0,0,0
2026-09-11T13:15:12Z,frontend,currencyservice,316991,316913,0,0,0
2026-09-11T13:15:12Z,frontend,emailservice,0,0,0,0,0
2026-09-11T13:15:12Z,frontend,frontend,0,0,0,0,0
2026-09-11T13:15:12Z,frontend,kubernetes,0,0,0,0,0
2026-09-11T13:15:12Z,frontend,paymentservice,0,0,0,0,0
2026-09-11T13:15:12Z,frontend,productcatalogservice,791134,790794,0,0,0
2026-09-11T13:15:12Z,frontend,recommendationservice,128730,128717,0,0,0
2026-09-11T13:15:12Z,frontend,redis-cart,0,0,0,0,0
2026-09-11T13:15:12Z,frontend,shippingservice,77158,77133,0,0,0
2026-09-11T13:15:12Z,paymentservice,adservice,0,0,0,0,0
2026-09-11T13:15:12Z,paymentservice,cartservice,0,0,0,0,0
2026-09-11T13:15:12Z,paymentservice,checkoutservice,0,0,0,0,0
2026-09-11T13:15:12Z,paymentservice,currencyservice,0,0,0,0,0
2026-09-11T13:15:12Z,paymentservice,emailservice,0,0,0,0,0
2026-09-11T13:15:12Z,paymentservice,frontend,0,0,0,0,0
2026-09-11T13:15:12Z,paymentservice,kubernetes,0,0,0,0,0
2026-09-11T13:15:12Z,paymentservice,paymentservice,0,0,0,0,0
2026-09-11T13:15:12Z,paymentservice,productcatalogservice,0,0,0,0,0
2026-09-11T13:15:12Z,paymentservice,recommendationservice,0,0,0,0,0
2026-09-11T13:15:12Z,paymentservice,redis-cart,0,0,0,0,0
2026-09-11T13:15:12Z,paymentservice,shippingservice,0,0,0,0,0
2026-09-11T13:15:12Z,productcatalogservice,adservice,0,0,0,0,0
2026-09-11T13:15:12Z,productcatalogservice,cartservice,0,0,0,0,0
2026-09-11T13:15:12Z,productcatalogservice,checkoutservice,0,0,0,0,0
2026-09-11T13:15:12Z,productcatalogservice,currencyservice,0,0,0,0,0
2026-09-11T13:15:12Z,productcatalogservice,emailservice,0,0,0,0,0
2026-09-11T13:15:12Z,productcatalogservice,frontend,0,0,0,0,0
2026-09-11T13:15:12Z,productcatalogservice,kubernetes,0,0,0,0,0
2026-09-11T13:15:12Z,productcatalogservice,paymentservice,0,0,0,0,0
2026-09-11T13:15:12Z,productcatalogservice,productcatalogservice,0,0,0,0,0
2026-09-11T13:15:12Z,productcatalogservice,recommendationservice,0,0,0,0,0
2026-09-11T13:15:12Z,productcatalogservice,redis-cart,0,0,0,0,0
2026-09-11T13:15:12Z,productcatalogservice,shippingservice,0,0,0,0,0
2026-09-11T13:15:12Z,recommendationservice,adservice,0,0,0,0,0
2026-09-11T13:15:12Z,recommendationservice,cartservice,0,0,0,0,0
2026-09-11T13:15:12Z,recommendationservice,checkoutservice,0,0,0,0,0
2026-09-11T13:15:12Z,recommendationservice,currencyservice,0,0,0,0,0
2026-09-11T13:15:12Z,recommendationservice,emailservice,0,0,0,0,0
2026-09-11T13:15:12Z,recommendationservice,frontend,0,0,0,0,0
2026-09-11T13:15:12Z,recommendationservice,kubernetes,0,0,0,0,0
2026-09-11T13:15:12Z,recommendationservice,paymentservice,0,0,0,0,0
2026-09-11T13:15:12Z,recommendationservice,productcatalogservice,128790,128790,0,0,0
2026-09-11T13:15:12Z,recommendationservice,recommendationservice,0,0,0,0,0
2026-09-11T13:15:12Z,recommendationservice,redis-cart,0,0,0,0,0
2026-09-11T13:15:12Z,recommendationservice,shippingservice,0,0,0,0,0
2026-09-11T13:15:12Z,redis-cart,adservice,0,0,0,0,0
2026-09-11T13:15:12Z,redis-cart,cartservice,0,0,0,0,0
2026-09-11T13:15:12Z,redis-cart,checkoutservice,0,0,0,0,0
2026-09-11T13:15:12Z,redis-cart,currencyservice,0,0,0,0,0
2026-09-11T13:15:12Z,redis-cart,emailservice,0,0,0,0,0
2026-09-11T13:15:12Z,redis-cart,frontend,0,0,0,0,0
2026-09-11T13:15:12Z,redis-cart,kubernetes,0,0,0,0,0
2026-09-11T13:15:12Z,redis-cart,paymentservice,0,0,0,0,0
2026-09-11T13:15:12Z,redis-cart,productcatalogservice,0,0,0,0,0
2026-09-11T13:15:12Z,redis-cart,recommendationservice,0,0,0,0,0
2026-09-11T13:15:12Z,redis-cart,redis-cart,0,0,0,0,0
2026-09-11T13:15:12Z,redis-cart,shippingservice,0,0,0,0,0
2026-09-11T13:15:12Z,shippingservice,adservice,0,0,0,0,0
2026-09-11T13:15:12Z,shippingservice,cartservice,0,0,0,0,0
2026-09-11T13:15:12Z,shippingservice,checkoutservice,0,0,0,0,0
2026-09-11T13:15:12Z,shippingservice,currencyservice,0,0,0,0,0
2026-09-11T13:15:12Z,shippingservice,emailservice,0,0,0,0,0
2026-09-11T13:15:12Z,shippingservice,frontend,0,0,0,0,0
2026-09-11T13:15:12Z,shippingservice,kubernetes,0,0,0,0,0
2026-09-11T13:15:12Z,shippingservice,paymentservice,0,0,0,0,0
2026-09-11T13:15:12Z,shippingservice,productcatalogservice,0,0,0,0,0
2026-09-11T13:15:12Z,shippingservice,recommendationservice,0,0,0,0,0
2026-09-11T13:15:12Z,shippingservice,redis-cart,0,0,0,0,0
2026-09-11T13:15:12Z,shippingservice,shippingservice,0,0,0,0,0
2026-09-11T13:15:15Z,adservice,adservice,0,0,0,0,0
2026-09-11T13:15:15Z,adservice,cartservice,0,0,0,0,0
2026-09-11T13:15:15Z,adservice,checkoutservice,0,0,0,0,0
2026-09-11T13:15:15Z,adservice,currencyservice,0,0,0,0,0
2026-09-11T13:15:15Z,adservice,emailservice,0,0,0,0,0
2026-09-11T13:15:15Z,adservice,frontend,0,0,0,0,0
2026-09-11T13:15:15Z,adservice,kubernetes,0,0,0,0,0
2026-09-11T13:15:15Z,adservice,paymentservice,0,0,0,0,0
2026-09-11T13:15:15Z,adservice,productcatalogservice,0,0,0,0,0
2026-09-11T13:15:15Z,adservice,recommendationservice,0,0,0,0,0
2026-09-11T13:15:15Z,adservice,redis-cart,0,0,0,0,0
2026-09-11T13:15:15Z,adservice,shippingservice,0,0,0,0,0
2026-09-11T13:15:15Z,cartservice,adservice,0,0,0,0,0
2026-09-11T13:15:15Z,cartservice,cartservice,0,0,0,0,0
2026-09-11T13:15:15Z,cartservice,checkoutservice,0,0,0,0,0
2026-09-11T13:15:15Z,cartservice,currencyservice,0,0,0,0,0
2026-09-11T13:15:15Z,cartservice,emailservice,0,0,0,0,0
2026-09-11T13:15:15Z,cartservice,frontend,0,0,0,0,0
2026-09-11T13:15:15Z,cartservice,kubernetes,0,0,0,0,0
2026-09-11T13:15:15Z,cartservice,paymentservice,0,0,0,0,0
2026-09-11T13:15:15Z,cartservice,productcatalogservice,0,0,0,0,0
2026-09-11T13:15:15Z,cartservice,recommendationservice,0,0,0,0,0
2026-09-11T13:15:15Z,cartservice,redis-cart,2,0,0,0,0
2026-09-11T13:15:15Z,cartservice,shippingservice,0,0,0,0,0
2026-09-11T13:15:15Z,checkoutservice,adservice,0,0,0,0,0
2026-09-11T13:15:15Z,checkoutservice,cartservice,16096,16096,0,0,0
2026-09-11T13:15:15Z,checkoutservice,checkoutservice,0,0,0,0,0
2026-09-11T13:15:15Z,checkoutservice,currencyservice,8048,8048,0,0,0
2026-09-11T13:15:15Z,checkoutservice,emailservice,8048,8048,0,0,0
2026-09-11T13:15:15Z,checkoutservice,frontend,0,0,0,0,0
2026-09-11T13:15:15Z,checkoutservice,kubernetes,0,0,0,0,0
2026-09-11T13:15:15Z,checkoutservice,paymentservice,8048,8048,0,0,0
2026-09-11T13:15:15Z,checkoutservice,productcatalogservice,0,0,0,0,0
2026-09-11T13:15:15Z,checkoutservice,recommendationservice,0,0,0,0,0
2026-09-11T13:15:15Z,checkoutservice,redis-cart,0,0,0,0,0
2026-09-11T13:15:15Z,checkoutservice,shippingservice,16096,16096,0,0,0
2026-09-11T13:15:15Z,currencyservice,adservice,0,0,0,0,0
2026-09-11T13:15:15Z,currencyservice,cartservice,0,0,0,0,0
2026-09-11T13:15:15Z,currencyservice,checkoutservice,0,0,0,0,0
2026-09-11T13:15:15Z,currencyservice,currencyservice,0,0,0,0,0
2026-09-11T13:15:15Z,currencyservice,emailservice,0,0,0,0,0
2026-09-11T13:15:15Z,currencyservice,frontend,0,0,0,0,0
2026-09-11T13:15:15Z,currencyservice,kubernetes,0,0,0,0,0
2026-09-11T13:15:15Z,currencyservice,paymentservice,0,0,0,0,0
2026-09-11T13:15:15Z,currencyservice,productcatalogservice,0,0,0,0,0
2026-09-11T13:15:15Z,currencyservice,recommendationservice,0,0,0,0,0
2026-09-11T13:15:15Z,currencyservice,redis-cart,0,0,0,0,0
2026-09-11T13:15:15Z,currencyservice,shippingservice,0,0,0,0,0
2026-09-11T13:15:15Z,emailservice,adservice,0,0,0,0,0
2026-09-11T13:15:15Z,emailservice,cartservice,0,0,0,0,0
2026-09-11T13:15:15Z,emailservice,checkoutservice,0,0,0,0,0
2026-09-11T13:15:15Z,emailservice,currencyservice,0,0,0,0,0
2026-09-11T13:15:15Z,emailservice,emailservice,0,0,0,0,0
2026-09-11T13:15:15Z,emailservice,frontend,0,0,0,0,0
2026-09-11T13:15:15Z,emailservice,kubernetes,0,0,0,0,0
2026-09-11T13:15:15Z,emailservice,paymentservice,0,0,0,0,0
2026-09-11T13:15:15Z,emailservice,productcatalogservice,0,0,0,0,0
2026-09-11T13:15:15Z,emailservice,recommendationservice,0,0,0,0,0
2026-09-11T13:15:15Z,emailservice,redis-cart,0,0,0,0,0
2026-09-11T13:15:15Z,emailservice,shippingservice,0,0,0,0,0
2026-09-11T13:15:15Z,frontend,adservice,43464,30855,0,479,0
2026-09-11T13:15:15Z,frontend,cartservice,199520,199436,0,0,0
2026-09-11T13:15:15Z,frontend,checkoutservice,8063,8060,0,0,0
2026-09-11T13:15:15Z,frontend,currencyservice,318466,318384,0,0,0
2026-09-11T13:15:15Z,frontend,emailservice,0,0,0,0,0
2026-09-11T13:15:15Z,frontend,frontend,0,0,0,0,0
2026-09-11T13:15:15Z,frontend,kubernetes,0,0,0,0,0
2026-09-11T13:15:15Z,frontend,paymentservice,0,0,0,0,0
2026-09-11T13:15:15Z,frontend,productcatalogservice,795088,794756,0,0,0
2026-09-11T13:15:15Z,frontend,recommendationservice,129438,129425,0,0,0
2026-09-11T13:15:15Z,frontend,redis-cart,0,0,0,0,0
2026-09-11T13:15:15Z,frontend,shippingservice,77506,77506,0,0,0
2026-09-11T13:15:15Z,paymentservice,adservice,0,0,0,0,0
2026-09-11T13:15:15Z,paymentservice,cartservice,0,0,0,0,0
2026-09-11T13:15:15Z,paymentservice,checkoutservice,0,0,0,0,0
2026-09-11T13:15:15Z,paymentservice,currencyservice,0,0,0,0,0
2026-09-11T13:15:15Z,paymentservice,emailservice,0,0,0,0,0
2026-09-11T13:15:15Z,paymentservice,frontend,0,0,0,0,0
2026-09-11T13:15:15Z,paymentservice,kubernetes,0,0,0,0,0
2026-09-11T13:15:15Z,paymentservice,paymentservice,0,0,0,0,0
2026-09-11T13:15:15Z,paymentservice,productcatalogservice,0,0,0,0,0
2026-09-11T13:15:15Z,paymentservice,recommendationservice,0,0,0,0,0
2026-09-11T13:15:15Z,paymentservice,redis-cart,0,0,0,0,0
2026-09-11T13:15:15Z,paymentservice,shippingservice,0,0,0,0,0
2026-09-11T13:15:15Z,productcatalogservice,adservice,0,0,0,0,0
2026-09-11T13:15:15Z,productcatalogservice,cartservice,0,0,0,0,0
2026-09-11T13:15:15Z,productcatalogservice,checkoutservice,0,0,0,0,0
2026-09-11T13:15:15Z,productcatalogservice,currencyservice,0,0,0,0,0
2026-09-11T13:15:15Z,productcatalogservice,emailservice,0,0,0,0,0
2026-09-11T13:15:15Z,productcatalogservice,frontend,0,0,0,0,0
2026-09-11T13:15:15Z,productcatalogservice,kubernetes,0,0,0,0,0
2026-09-11T13:15:15Z,productcatalogservice,paymentservice,0,0,0,0,0
2026-09-11T13:15:15Z,productcatalogservice,productcatalogservice,0,0,0,0,0
2026-09-11T13:15:15Z,productcatalogservice,recommendationservice,0,0,0,0,0
2026-09-11T13:15:15Z,productcatalogservice,redis-cart,0,0,0,0,0
2026-09-11T13:15:15Z,productcatalogservice,shippingservice,0,0,0,0,0
2026-09-11T13:15:15Z,recommendationservice,adservice,0,0,0,0,0
2026-09-11T13:15:15Z,recommendationservice,cartservice,0,0,0,0,0
2026-09-11T13:15:15Z,recommendationservice,checkoutservice,0,0,0,0,0
2026-09-11T13:15:15Z,recommendationservice,currencyservice,0,0,0,0,0
2026-09-11T13:15:15Z,recommendationservice,emailservice,0,0,0,0,0
2026-09-11T13:15:15Z,recommendationservice,frontend,0,0,0,0,0
2026-09-11T13:15:15Z,recommendationservice,kubernetes,0,0,0,0,0
2026-09-11T13:15:15Z,recommendationservice,paymentservice,0,0,0,0,0
2026-09-11T13:15:15Z,recommendationservice,productcatalogservice,129642,129642,0,0,0
2026-09-11T13:15:15Z,recommendationservice,recommendationservice,0,0,0,0,0
2026-09-11T13:15:15Z,recommendationservice,redis-cart,0,0,0,0,0
2026-09-11T13:15:15Z,recommendationservice,shippingservice,0,0,0,0,0
2026-09-11T13:15:15Z,redis-cart,adservice,0,0,0,0,0
2026-09-11T13:15:15Z,redis-cart,cartservice,0,0,0,0,0
2026-09-11T13:15:15Z,redis-cart,checkoutservice,0,0,0,0,0
2026-09-11T13:15:15Z,redis-cart,currencyservice,0,0,0,0,0
2026-09-11T13:15:15Z,redis-cart,emailservice,0,0,0,0,0
2026-09-11T13:15:15Z,redis-cart,frontend,0,0,0,0,0
2026-09-11T13:15:15Z,redis-cart,kubernetes,0,0,0,0,0
2026-09-11T13:15:15Z,redis-cart,paymentservice,0,0,0,0,0
2026-09-11T13:15:15Z,redis-cart,productcatalogservice,0,0,0,0,0
2026-09-11T13:15:15Z,redis-cart,recommendationservice,0,0,0,0,0
2026-09-11T13:15:15Z,redis-cart,redis-cart,0,0,0,0,0
2026-09-11T13:15:15Z,redis-cart,shippingservice,0,0,0,0,0
2026-09-11T13:15:15Z,shippingservice,adservice,0,0,0,0,0
2026-09-11T13:15:15Z,shippingservice,cartservice,0,0,0,0,0
2026-09-11T13:15:15Z,shippingservice,checkoutservice,0,0,0,0,0
2026-09-11T13:15:15Z,shippingservice,currencyservice,0,0,0,0,0
2026-09-11T13:15:15Z,shippingservice,emailservice,0,0,0,0,0
2026-09-11T13:15:15Z,shippingservice,frontend,0,0,0,0,0
2026-09-11T13:15:15Z,shippingservice,kubernetes,0,0,0,0,0
2026-09-11T13:15:15Z,shippingservice,paymentservice,0,0,0,0,0
2026-09-11T13:15:15Z,shippingservice,productcatalogservice,0,0,0,0,0
2026-09-11T13:15:15Z,shippingservice,recommendationservice,0,0,0,0,0
2026-09-11T13:15:15Z,shippingservice,redis-cart,0,0,0,0,0
2026-09-11T13:15:15Z,shippingservice,shippingservice,0,0,0,0,0
2026-09-11T13:15:18Z,adservice,adservice,0,0,0,0,0
2026-09-11T13:15:18Z,adservice,cartservice,0,0,0,0,0
2026-09-11T13:15:18Z,adservice,checkoutservice,0,0,0,0,0
2026-09-11T13:15:18Z,adservice,currencyservice,0,0,0,0,0
2026-09-11T13:15:18Z,adservice,emailservice,0,0,0,0,0
2026-09-11T13:15:18Z,adservice,frontend,0,0,0,0,0
2026-09-11T13:15:18Z,adservice,kubernetes,0,0,0,0,0
2026-09-11T13:15:18Z,adservice,paymentservice,0,0,0,0,0
2026-09-11T13:15:18Z,adservice,productcatalogservice,0,0,0,0,0
2026-09-11T13:15:18Z,adservice,recommendationservice,0,0,0,0,0
2026-09-11T13:15:18Z,adservice,redis-cart,0,0,0,0,0
2026-09-11T13:15:18Z,adservice,shippingservice,0,0,0,0,0
2026-09-11T13:15:18Z,cartservice,adservice,0,0,0,0,0
2026-09-11T13:15:18Z,cartservice,cartservice,0,0,0,0,0
2026-09-11T13:15:18Z,cartservice,checkoutservice,0,0,0,0,0
2026-09-11T13:15:18Z,cartservice,currencyservice,0,0,0,0,0
2026-09-11T13:15:18Z,cartservice,emailservice,0,0,0,0,0
2026-09-11T13:15:18Z,cartservice,frontend,0,0,0,0,0
2026-09-11T13:15:18Z,cartservice,kubernetes,0,0,0,0,0
2026-09-11T13:15:18Z,cartservice,paymentservice,0,0,0,0,0
2026-09-11T13:15:18Z,cartservice,productcatalogservice,0,0,0,0,0
2026-09-11T13:15:18Z,cartservice,recommendationservice,0,0,0,0,0
2026-09-11T13:15:18Z,cartservice,redis-cart,2,0,0,0,0
2026-09-11T13:15:18Z,cartservice,shippingservice,0,0,0,0,0
2026-09-11T13:15:18Z,checkoutservice,adservice,0,0,0,0,0
2026-09-11T13:15:18Z,checkoutservice,cartservice,16174,16174,0,0,0
2026-09-11T13:15:18Z,checkoutservice,checkoutservice,0,0,0,0,0
2026-09-11T13:15:18Z,checkoutservice,currencyservice,8087,8087,0,0,0
2026-09-11T13:15:18Z,checkoutservice,emailservice,8087,8087,0,0,0
2026-09-11T13:15:18Z,checkoutservice,frontend,0,0,0,0,0
2026-09-11T13:15:18Z,checkoutservice,kubernetes,0,0,0,0,0
2026-09-11T13:15:18Z,checkoutservice,paymentservice,8087,8087,0,0,0
2026-09-11T13:15:18Z,checkoutservice,productcatalogservice,0,0,0,0,0
2026-09-11T13:15:18Z,checkoutservice,recommendationservice,0,0,0,0,0
2026-09-11T13:15:18Z,checkoutservice,redis-cart,0,0,0,0,0
2026-09-11T13:15:18Z,checkoutservice,shippingservice,16174,16174,0,0,0
2026-09-11T13:15:18Z,currencyservice,adservice,0,0,0,0,0
2026-09-11T13:15:18Z,currencyservice,cartservice,0,0,0,0,0
2026-09-11T13:15:18Z,currencyservice,checkoutservice,0,0,0,0,0
2026-09-11T13:15:18Z,currencyservice,currencyservice,0,0,0,0,0
2026-09-11T13:15:18Z,currencyservice,emailservice,0,0,0,0,0
2026-09-11T13:15:18Z,currencyservice,frontend,0,0,0,0,0
2026-09-11T13:15:18Z,currencyservice,kubernetes,0,0,0,0,0
2026-09-11T13:15:18Z,currencyservice,paymentservice,0,0,0,0,0
2026-09-11T13:15:18Z,currencyservice,productcatalogservice,0,0,0,0,0
2026-09-11T13:15:18Z,currencyservice,recommendationservice,0,0,0,0,0
2026-09-11T13:15:18Z,currencyservice,redis-cart,0,0,0,0,0
2026-09-11T13:15:18Z,currencyservice,shippingservice,0,0,0,0,0
2026-09-11T13:15:18Z,emailservice,adservice,0,0,0,0,0
2026-09-11T13:15:18Z,emailservice,cartservice,0,0,0,0,0
2026-09-11T13:15:18Z,emailservice,checkoutservice,0,0,0,0,0
2026-09-11T13:15:18Z,emailservice,currencyservice,0,0,0,0,0
2026-09-11T13:15:18Z,emailservice,emailservice,0,0,0,0,0
2026-09-11T13:15:18Z,emailservice,frontend,0,0,0,0,0
2026-09-11T13:15:18Z,emailservice,kubernetes,0,0,0,0,0
2026-09-11T13:15:18Z,emailservice,paymentservice,0,0,0,0,0
2026-09-11T13:15:18Z,emailservice,productcatalogservice,0,0,0,0,0
2026-09-11T13:15:18Z,emailservice,recommendationservice,0,0,0,0,0
2026-09-11T13:15:18Z,emailservice,redis-cart,0,0,0,0,0
2026-09-11T13:15:18Z,emailservice,shippingservice,0,0,0,0,0
2026-09-11T13:15:18Z,frontend,adservice,43667,31058,0,479,0
2026-09-11T13:15:18Z,frontend,cartservice,200456,200402,0,0,0
2026-09-11T13:15:18Z,frontend,checkoutservice,8101,8101,0,0,0
2026-09-11T13:15:18Z,frontend,currencyservice,319918,319824,0,0,0
2026-09-11T13:15:18Z,frontend,emailservice,0,0,0,0,0
2026-09-11T13:15:18Z,frontend,frontend,0,0,0,0,0
2026-09-11T13:15:18Z,frontend,kubernetes,0,0,0,0,0
2026-09-11T13:15:18Z,frontend,paymentservice,0,0,0,0,0
2026-09-11T13:15:18Z,frontend,productcatalogservice,799120,798610,0,0,0
2026-09-11T13:15:18Z,frontend,recommendationservice,130135,130122,0,0,0
2026-09-11T13:15:18Z,frontend,redis-cart,0,0,0,0,0
2026-09-11T13:15:18Z,frontend,shippingservice,77884,77884,0,0,0
2026-09-11T13:15:18Z,paymentservice,adservice,0,0,0,0,0
2026-09-11T13:15:18Z,paymentservice,cartservice,0,0,0,0,0
2026-09-11T13:15:18Z,paymentservice,checkoutservice,0,0,0,0,0
2026-09-11T13:15:18Z,paymentservice,currencyservice,0,0,0,0,0
2026-09-11T13:15:18Z,paymentservice,emailservice,0,0,0,0,0
2026-09-11T13:15:18Z,paymentservice,frontend,0,0,0,0,0
2026-09-11T13:15:18Z,paymentservice,kubernetes,0,0,0,0,0
2026-09-11T13:15:18Z,paymentservice,paymentservice,0,0,0,0,0
2026-09-11T13:15:18Z,paymentservice,productcatalogservice,0,0,0,0,0
2026-09-11T13:15:18Z,paymentservice,recommendationservice,0,0,0,0,0
2026-09-11T13:15:18Z,paymentservice,redis-cart,0,0,0,0,0
2026-09-11T13:15:18Z,paymentservice,shippingservice,0,0,0,0,0
2026-09-11T13:15:18Z,productcatalogservice,adservice,0,0,0,0,0
2026-09-11T13:15:18Z,productcatalogservice,cartservice,0,0,0,0,0
2026-09-11T13:15:18Z,productcatalogservice,checkoutservice,0,0,0,0,0
2026-09-11T13:15:18Z,productcatalogservice,currencyservice,0,0,0,0,0
2026-09-11T13:15:18Z,productcatalogservice,emailservice,0,0,0,0,0
2026-09-11T13:15:18Z,productcatalogservice,frontend,0,0,0,0,0
2026-09-11T13:15:18Z,productcatalogservice,kubernetes,0,0,0,0,0
2026-09-11T13:15:18Z,productcatalogservice,paymentservice,0,0,0,0,0
2026-09-11T13:15:18Z,productcatalogservice,productcatalogservice,0,0,0,0,0
2026-09-11T13:15:18Z,productcatalogservice,recommendationservice,0,0,0,0,0
2026-09-11T13:15:18Z,productcatalogservice,redis-cart,0,0,0,0,0
2026-09-11T13:15:18Z,productcatalogservice,shippingservice,0,0,0,0,0
2026-09-11T13:15:18Z,recommendationservice,adservice,0,0,0,0,0
2026-09-11T13:15:18Z,recommendationservice,cartservice,0,0,0,0,0
2026-09-11T13:15:18Z,recommendationservice,checkoutservice,0,0,0,0,0
2026-09-11T13:15:18Z,recommendationservice,currencyservice,0,0,0,0,0
2026-09-11T13:15:18Z,recommendationservice,emailservice,0,0,0,0,0
2026-09-11T13:15:18Z,recommendationservice,frontend,0,0,0,0,0
2026-09-11T13:15:18Z,recommendationservice,kubernetes,0,0,0,0,0
2026-09-11T13:15:18Z,recommendationservice,paymentservice,0,0,0,0,0
2026-09-11T13:15:18Z,recommendationservice,productcatalogservice,130300,130298,0,0,0
2026-09-11T13:15:18Z,recommendationservice,recommendationservice,0,0,0,0,0
2026-09-11T13:15:18Z,recommendationservice,redis-cart,0,0,0,0,0
2026-09-11T13:15:18Z,recommendationservice,shippingservice,0,0,0,0,0
2026-09-11T13:15:18Z,redis-cart,adservice,0,0,0,0,0
2026-09-11T13:15:18Z,redis-cart,cartservice,0,0,0,0,0
2026-09-11T13:15:18Z,redis-cart,checkoutservice,0,0,0,0,0
2026-09-11T13:15:18Z,redis-cart,currencyservice,0,0,0,0,0
2026-09-11T13:15:18Z,redis-cart,emailservice,0,0,0,0,0
2026-09-11T13:15:18Z,redis-cart,frontend,0,0,0,0,0
2026-09-11T13:15:18Z,redis-cart,kubernetes,0,0,0,0,0
2026-09-11T13:15:18Z,redis-cart,paymentservice,0,0,0,0,0
2026-09-11T13:15:18Z,redis-cart,productcatalogservice,0,0,0,0,0
2026-09-11T13:15:18Z,redis-cart,recommendationservice,0,0,0,0,0
2026-09-11T13:15:18Z,redis-cart,redis-cart,0,0,0,0,0
2026-09-11T13:15:18Z,redis-cart,shippingservice,0,0,0,0,0
2026-09-11T13:15:18Z,shippingservice,adservice,0,0,0,0,0
2026-09-11T13:15:18Z,shippingservice,cartservice,0,0,0,0,0
2026-09-11T13:15:18Z,shippingservice,checkoutservice,0,0,0,0,0
2026-09-11T13:15:18Z,shippingservice,currencyservice,0,0,0,0,0
2026-09-11T13:15:18Z,shippingservice,emailservice,0,0,0,0,0
2026-09-11T13:15:18Z,shippingservice,frontend,0,0,0,0,0
2026-09-11T13:15:18Z,shippingservice,kubernetes,0,0,0,0,0
2026-09-11T13:15:18Z,shippingservice,paymentservice,0,0,0,0,0
2026-09-11T13:15:18Z,shippingservice,productcatalogservice,0,0,0,0,0
2026-09-11T13:15:18Z,shippingservice,recommendationservice,0,0,0,0,0
2026-09-11T13:15:18Z,shippingservice,redis-cart,0,0,0,0,0
2026-09-11T13:15:18Z,shippingservice,shippingservice,0,0,0,0,0
2026-09-11T13:15:21Z,adservice,adservice,0,0,0,0,0
2026-09-11T13:15:21Z,adservice,cartservice,0,0,0,0,0
2026-09-11T13:15:21Z,adservice,checkoutservice,0,0,0,0,0
2026-09-11T13:15:21Z,adservice,currencyservice,0,0,0,0,0
2026-09-11T13:15:21Z,adservice,emailservice,0,0,0,0,0
2026-09-11T13:15:21Z,adservice,frontend,0,0,0,0,0
2026-09-11T13:15:21Z,adservice,kubernetes,0,0,0,0,0
2026-09-11T13:15:21Z,adservice,paymentservice,0,0,0,0,0
2026-09-11T13:15:21Z,adservice,productcatalogservice,0,0,0,0,0
2026-09-11T13:15:21Z,adservice,recommendationservice,0,0,0,0,0
2026-09-11T13:15:21Z,adservice,redis-cart,0,0,0,0,0
2026-09-11T13:15:21Z,adservice,shippingservice,0,0,0,0,0
2026-09-11T13:15:21Z,cartservice,adservice,0,0,0,0,0
2026-09-11T13:15:21Z,cartservice,cartservice,0,0,0,0,0
2026-09-11T13:15:21Z,cartservice,checkoutservice,0,0,0,0,0
2026-09-11T13:15:21Z,cartservice,currencyservice,0,0,0,0,0
2026-09-11T13:15:21Z,cartservice,emailservice,0,0,0,0,0
2026-09-11T13:15:21Z,cartservice,frontend,0,0,0,0,0
2026-09-11T13:15:21Z,cartservice,kubernetes,0,0,0,0,0
2026-09-11T13:15:21Z,cartservice,paymentservice,0,0,0,0,0
2026-09-11T13:15:21Z,cartservice,productcatalogservice,0,0,0,0,0
2026-09-11T13:15:21Z,cartservice,recommendationservice,0,0,0,0,0
2026-09-11T13:15:21Z,cartservice,redis-cart,2,0,0,0,0
2026-09-11T13:15:21Z,cartservice,shippingservice,0,0,0,0,0
2026-09-11T13:15:21Z,checkoutservice,adservice,0,0,0,0,0
2026-09-11T13:15:21Z,checkoutservice,cartservice,16288,16288,0,0,0
2026-09-11T13:15:21Z,checkoutservice,checkoutservice,0,0,0,0,0
2026-09-11T13:15:21Z,checkoutservice,currencyservice,8144,8144,0,0,0
2026-09-11T13:15:21Z,checkoutservice,emailservice,8144,8143,0,0,0
2026-09-11T13:15:21Z,checkoutservice,frontend,0,0,0,0,0
2026-09-11T13:15:21Z,checkoutservice,kubernetes,0,0,0,0,0
2026-09-11T13:15:21Z,checkoutservice,paymentservice,8144,8144,0,0,0
2026-09-11T13:15:21Z,checkoutservice,productcatalogservice,0,0,0,0,0
2026-09-11T13:15:21Z,checkoutservice,recommendationservice,0,0,0,0,0
2026-09-11T13:15:21Z,checkoutservice,redis-cart,0,0,0,0,0
2026-09-11T13:15:21Z,checkoutservice,shippingservice,16288,16288,0,0,0
2026-09-11T13:15:21Z,currencyservice,adservice,0,0,0,0,0
2026-09-11T13:15:21Z,currencyservice,cartservice,0,0,0,0,0
2026-09-11T13:15:21Z,currencyservice,checkoutservice,0,0,0,0,0
2026-09-11T13:15:21Z,currencyservice,currencyservice,0,0,0,0,0
2026-09-11T13:15:21Z,currencyservice,emailservice,0,0,0,0,0
2026-09-11T13:15:21Z,currencyservice,frontend,0,0,0,0,0
2026-09-11T13:15:21Z,currencyservice,kubernetes,0,0,0,0,0
2026-09-11T13:15:21Z,currencyservice,paymentservice,0,0,0,0,0
2026-09-11T13:15:21Z,currencyservice,productcatalogservice,0,0,0,0,0
2026-09-11T13:15:21Z,currencyservice,recommendationservice,0,0,0,0,0
2026-09-11T13:15:21Z,currencyservice,redis-cart,0,0,0,0,0
2026-09-11T13:15:21Z,currencyservice,shippingservice,0,0,0,0,0
2026-09-11T13:15:21Z,emailservice,adservice,0,0,0,0,0
2026-09-11T13:15:21Z,emailservice,cartservice,0,0,0,0,0
2026-09-11T13:15:21Z,emailservice,checkoutservice,0,0,0,0,0
2026-09-11T13:15:21Z,emailservice,currencyservice,0,0,0,0,0
2026-09-11T13:15:21Z,emailservice,emailservice,0,0,0,0,0
2026-09-11T13:15:21Z,emailservice,frontend,0,0,0,0,0
2026-09-11T13:15:21Z,emailservice,kubernetes,0,0,0,0,0
2026-09-11T13:15:21Z,emailservice,paymentservice,0,0,0,0,0
2026-09-11T13:15:21Z,emailservice,productcatalogservice,0,0,0,0,0
2026-09-11T13:15:21Z,emailservice,recommendationservice,0,0,0,0,0
2026-09-11T13:15:21Z,emailservice,redis-cart,0,0,0,0,0
2026-09-11T13:15:21Z,emailservice,shippingservice,0,0,0,0,0
2026-09-11T13:15:21Z,frontend,adservice,43919,31310,0,479,0
2026-09-11T13:15:21Z,frontend,cartservice,201548,201490,0,0,0
2026-09-11T13:15:21Z,frontend,checkoutservice,8156,8156,0,0,0
2026-09-11T13:15:21Z,frontend,currencyservice,321657,321573,0,0,0
2026-09-11T13:15:21Z,frontend,emailservice,0,0,0,0,0
2026-09-11T13:15:21Z,frontend,frontend,0,0,0,0,0
2026-09-11T13:15:21Z,frontend,kubernetes,0,0,0,0,0
2026-09-11T13:15:21Z,frontend,paymentservice,0,0,0,0,0
2026-09-11T13:15:21Z,frontend,productcatalogservice,803450,803018,0,0,0
2026-09-11T13:15:21Z,frontend,recommendationservice,130865,130852,0,0,0
2026-09-11T13:15:21Z,frontend,redis-cart,0,0,0,0,0
2026-09-11T13:15:21Z,frontend,shippingservice,78341,78327,0,0,0
2026-09-11T13:15:21Z,paymentservice,adservice,0,0,0,0,0
2026-09-11T13:15:21Z,paymentservice,cartservice,0,0,0,0,0
2026-09-11T13:15:21Z,paymentservice,checkoutservice,0,0,0,0,0
2026-09-11T13:15:21Z,paymentservice,currencyservice,0,0,0,0,0
2026-09-11T13:15:21Z,paymentservice,emailservice,0,0,0,0,0
2026-09-11T13:15:21Z,paymentservice,frontend,0,0,0,0,0
2026-09-11T13:15:21Z,paymentservice,kubernetes,0,0,0,0,0
2026-09-11T13:15:21Z,paymentservice,paymentservice,0,0,0,0,0
2026-09-11T13:15:21Z,paymentservice,productcatalogservice,0,0,0,0,0
2026-09-11T13:15:21Z,paymentservice,recommendationservice,0,0,0,0,0
2026-09-11T13:15:21Z,paymentservice,redis-cart,0,0,0,0,0
2026-09-11T13:15:21Z,paymentservice,shippingservice,0,0,0,0,0
2026-09-11T13:15:21Z,productcatalogservice,adservice,0,0,0,0,0
2026-09-11T13:15:21Z,productcatalogservice,cartservice,0,0,0,0,0
2026-09-11T13:15:21Z,productcatalogservice,checkoutservice,0,0,0,0,0
2026-09-11T13:15:21Z,productcatalogservice,currencyservice,0,0,0,0,0
2026-09-11T13:15:21Z,productcatalogservice,emailservice,0,0,0,0,0
2026-09-11T13:15:21Z,productcatalogservice,frontend,0,0,0,0,0
2026-09-11T13:15:21Z,productcatalogservice,kubernetes,0,0,0,0,0
2026-09-11T13:15:21Z,productcatalogservice,paymentservice,0,0,0,0,0
2026-09-11T13:15:21Z,productcatalogservice,productcatalogservice,0,0,0,0,0
2026-09-11T13:15:21Z,productcatalogservice,recommendationservice,0,0,0,0,0
2026-09-11T13:15:21Z,productcatalogservice,redis-cart,0,0,0,0,0
2026-09-11T13:15:21Z,productcatalogservice,shippingservice,0,0,0,0,0
2026-09-11T13:15:21Z,recommendationservice,adservice,0,0,0,0,0
2026-09-11T13:15:21Z,recommendationservice,cartservice,0,0,0,0,0
2026-09-11T13:15:21Z,recommendationservice,checkoutservice,0,0,0,0,0
2026-09-11T13:15:21Z,recommendationservice,currencyservice,0,0,0,0,0
2026-09-11T13:15:21Z,recommendationservice,emailservice,0,0,0,0,0
2026-09-11T13:15:21Z,recommendationservice,frontend,0,0,0,0,0
2026-09-11T13:15:21Z,recommendationservice,kubernetes,0,0,0,0,0
2026-09-11T13:15:21Z,recommendationservice,paymentservice,0,0,0,0,0
2026-09-11T13:15:21Z,recommendationservice,productcatalogservice,131036,131036,0,0,0
2026-09-11T13:15:21Z,recommendationservice,recommendationservice,0,0,0,0,0
2026-09-11T13:15:21Z,recommendationservice,redis-cart,0,0,0,0,0
2026-09-11T13:15:21Z,recommendationservice,shippingservice,0,0,0,0,0
2026-09-11T13:15:21Z,redis-cart,adservice,0,0,0,0,0
2026-09-11T13:15:21Z,redis-cart,cartservice,0,0,0,0,0
2026-09-11T13:15:21Z,redis-cart,checkoutservice,0,0,0,0,0
2026-09-11T13:15:21Z,redis-cart,currencyservice,0,0,0,0,0
2026-09-11T13:15:21Z,redis-cart,emailservice,0,0,0,0,0
2026-09-11T13:15:21Z,redis-cart,frontend,0,0,0,0,0
2026-09-11T13:15:21Z,redis-cart,kubernetes,0,0,0,0,0
2026-09-11T13:15:21Z,redis-cart,paymentservice,0,0,0,0,0
2026-09-11T13:15:21Z,redis-cart,productcatalogservice,0,0,0,0,0
2026-09-11T13:15:21Z,redis-cart,recommendationservice,0,0,0,0,0
2026-09-11T13:15:21Z,redis-cart,redis-cart,0,0,0,0,0
2026-09-11T13:15:21Z,redis-cart,shippingservice,0,0,0,0,0
2026-09-11T13:15:21Z,shippingservice,adservice,0,0,0,0,0
2026-09-11T13:15:21Z,shippingservice,cartservice,0,0,0,0,0
2026-09-11T13:15:21Z,shippingservice,checkoutservice,0,0,0,0,0
2026-09-11T13:15:21Z,shippingservice,currencyservice,0,0,0,0,0
2026-09-11T13:15:21Z,shippingservice,emailservice,0,0,0,0,0
2026-09-11T13:15:21Z,shippingservice,frontend,0,0,0,0,0
2026-09-11T13:15:21Z,shippingservice,kubernetes,0,0,0,0,0
2026-09-11T13:15:21Z,shippingservice,paymentservice,0,0,0,0,0
2026-09-11T13:15:21Z,shippingservice,productcatalogservice,0,0,0,0,0
2026-09-11T13:15:21Z,shippingservice,recommendationservice,0,0,0,0,0
2026-09-11T13:15:21Z,shippingservice,redis-cart,0,0,0,0,0
2026-09-11T13:15:21Z,shippingservice,shippingservice,0,0,0,0,0
2026-09-11T13:15:25Z,adservice,adservice,0,0,0,0,0
2026-09-11T13:15:25Z,adservice,cartservice,0,0,0,0,0
2026-09-11T13:15:25Z,adservice,checkoutservice,0,0,0,0,0
2026-09-11T13:15:25Z,adservice,currencyservice,0,0,0,0,0
2026-09-11T13:15:25Z,adservice,emailservice,0,0,0,0,0
2026-09-11T13:15:25Z,adservice,frontend,0,0,0,0,0
2026-09-11T13:15:25Z,adservice,kubernetes,0,0,0,0,0
2026-09-11T13:15:25Z,adservice,paymentservice,0,0,0,0,0
2026-09-11T13:15:25Z,adservice,productcatalogservice,0,0,0,0,0
2026-09-11T13:15:25Z,adservice,recommendationservice,0,0,0,0,0
2026-09-11T13:15:25Z,adservice,redis-cart,0,0,0,0,0
2026-09-11T13:15:25Z,adservice,shippingservice,0,0,0,0,0
2026-09-11T13:15:25Z,cartservice,adservice,0,0,0,0,0
2026-09-11T13:15:25Z,cartservice,cartservice,0,0,0,0,0
2026-09-11T13:15:25Z,cartservice,checkoutservice,0,0,0,0,0
2026-09-11T13:15:25Z,cartservice,currencyservice,0,0,0,0,0
2026-09-11T13:15:25Z,cartservice,emailservice,0,0,0,0,0
2026-09-11T13:15:25Z,cartservice,frontend,0,0,0,0,0
2026-09-11T13:15:25Z,cartservice,kubernetes,0,0,0,0,0
2026-09-11T13:15:25Z,cartservice,paymentservice,0,0,0,0,0
2026-09-11T13:15:25Z,cartservice,productcatalogservice,0,0,0,0,0
2026-09-11T13:15:25Z,cartservice,recommendationservice,0,0,0,0,0
2026-09-11T13:15:25Z,cartservice,redis-cart,2,0,0,0,0
2026-09-11T13:15:25Z,cartservice,shippingservice,0,0,0,0,0
2026-09-11T13:15:25Z,checkoutservice,adservice,0,0,0,0,0
2026-09-11T13:15:25Z,checkoutservice,cartservice,16427,16427,0,0,0
2026-09-11T13:15:25Z,checkoutservice,checkoutservice,0,0,0,0,0
2026-09-11T13:15:25Z,checkoutservice,currencyservice,8214,8214,0,0,0
2026-09-11T13:15:25Z,checkoutservice,emailservice,8213,8213,0,0,0
2026-09-11T13:15:25Z,checkoutservice,frontend,0,0,0,0,0
2026-09-11T13:15:25Z,checkoutservice,kubernetes,0,0,0,0,0
2026-09-11T13:15:25Z,checkoutservice,paymentservice,8214,8213,0,0,0
2026-09-11T13:15:25Z,checkoutservice,productcatalogservice,0,0,0,0,0
2026-09-11T13:15:25Z,checkoutservice,recommendationservice,0,0,0,0,0
2026-09-11T13:15:25Z,checkoutservice,redis-cart,0,0,0,0,0
2026-09-11T13:15:25Z,checkoutservice,shippingservice,16427,16427,0,0,0
2026-09-11T13:15:25Z,currencyservice,adservice,0,0,0,0,0
2026-09-11T13:15:25Z,currencyservice,cartservice,0,0,0,0,0
2026-09-11T13:15:25Z,currencyservice,checkoutservice,0,0,0,0,0
2026-09-11T13:15:25Z,currencyservice,currencyservice,0,0,0,0,0
2026-09-11T13:15:25Z,currencyservice,emailservice,0,0,0,0,0
2026-09-11T13:15:25Z,currencyservice,frontend,0,0,0,0,0
2026-09-11T13:15:25Z,currencyservice,kubernetes,0,0,0,0,0
2026-09-11T13:15:25Z,currencyservice,paymentservice,0,0,0,0,0
2026-09-11T13:15:25Z,currencyservice,productcatalogservice,0,0,0,0,0
2026-09-11T13:15:25Z,currencyservice,recommendationservice,0,0,0,0,0
2026-09-11T13:15:25Z,currencyservice,redis-cart,0,0,0,0,0
2026-09-11T13:15:25Z,currencyservice,shippingservice,0,0,0,0,0
2026-09-11T13:15:25Z,emailservice,adservice,0,0,0,0,0
2026-09-11T13:15:25Z,emailservice,cartservice,0,0,0,0,0
2026-09-11T13:15:25Z,emailservice,checkoutservice,0,0,0,0,0
2026-09-11T13:15:25Z,emailservice,currencyservice,0,0,0,0,0
2026-09-11T13:15:25Z,emailservice,emailservice,0,0,0,0,0
2026-09-11T13:15:25Z,emailservice,frontend,0,0,0,0,0
2026-09-11T13:15:25Z,emailservice,kubernetes,0,0,0,0,0
2026-09-11T13:15:25Z,emailservice,paymentservice,0,0,0,0,0
2026-09-11T13:15:25Z,emailservice,productcatalogservice,0,0,0,0,0
2026-09-11T13:15:25Z,emailservice,recommendationservice,0,0,0,0,0
2026-09-11T13:15:25Z,emailservice,redis-cart,0,0,0,0,0
2026-09-11T13:15:25Z,emailservice,shippingservice,0,0,0,0,0
2026-09-11T13:15:25Z,frontend,adservice,44262,31653,0,479,0
2026-09-11T13:15:25Z,frontend,cartservice,202730,202694,0,0,0
2026-09-11T13:15:25Z,frontend,checkoutservice,8229,8226,0,0,0
2026-09-11T13:15:25Z,frontend,currencyservice,323674,323581,0,0,0
2026-09-11T13:15:25Z,frontend,emailservice,0,0,0,0,0
2026-09-11T13:15:25Z,frontend,frontend,0,0,0,0,0
2026-09-11T13:15:25Z,frontend,kubernetes,0,0,0,0,0
2026-09-11T13:15:25Z,frontend,paymentservice,0,0,0,0,0
2026-09-11T13:15:25Z,frontend,productcatalogservice,808881,808532,0,0,0
2026-09-11T13:15:25Z,frontend,recommendationservice,131712,131685,0,0,0
2026-09-11T13:15:25Z,frontend,redis-cart,0,0,0,0,0
2026-09-11T13:15:25Z,frontend,shippingservice,78861,78836,0,0,0
2026-09-11T13:15:25Z,paymentservice,adservice,0,0,0,0,0
2026-09-11T13:15:25Z,paymentservice,cartservice,0,0,0,0,0
2026-09-11T13:15:25Z,paymentservice,checkoutservice,0,0,0,0,0
2026-09-11T13:15:25Z,paymentservice,currencyservice,0,0,0,0,0
2026-09-11T13:15:25Z,paymentservice,emailservice,0,0,0,0,0
2026-09-11T13:15:25Z,paymentservice,frontend,0,0,0,0,0
2026-09-11T13:15:25Z,paymentservice,kubernetes,0,0,0,0,0
2026-09-11T13:15:25Z,paymentservice,paymentservice,0,0,0,0,0
2026-09-11T13:15:25Z,paymentservice,productcatalogservice,0,0,0,0,0
2026-09-11T13:15:25Z,paymentservice,recommendationservice,0,0,0,0,0
2026-09-11T13:15:25Z,paymentservice,redis-cart,0,0,0,0,0
2026-09-11T13:15:25Z,paymentservice,shippingservice,0,0,0,0,0
2026-09-11T13:15:25Z,productcatalogservice,adservice,0,0,0,0,0
2026-09-11T13:15:25Z,productcatalogservice,cartservice,0,0,0,0,0
2026-09-11T13:15:25Z,productcatalogservice,checkoutservice,0,0,0,0,0
2026-09-11T13:15:25Z,productcatalogservice,currencyservice,0,0,0,0,0
2026-09-11T13:15:25Z,productcatalogservice,emailservice,0,0,0,0,0
2026-09-11T13:15:25Z,productcatalogservice,frontend,0,0,0,0,0
2026-09-11T13:15:25Z,productcatalogservice,kubernetes,0,0,0,0,0
2026-09-11T13:15:25Z,productcatalogservice,paymentservice,0,0,0,0,0
2026-09-11T13:15:25Z,productcatalogservice,productcatalogservice,0,0,0,0,0
2026-09-11T13:15:25Z,productcatalogservice,recommendationservice,0,0,0,0,0
2026-09-11T13:15:25Z,productcatalogservice,redis-cart,0,0,0,0,0
2026-09-11T13:15:25Z,productcatalogservice,shippingservice,0,0,0,0,0
2026-09-11T13:15:25Z,recommendationservice,adservice,0,0,0,0,0
2026-09-11T13:15:25Z,recommendationservice,cartservice,0,0,0,0,0
2026-09-11T13:15:25Z,recommendationservice,checkoutservice,0,0,0,0,0
2026-09-11T13:15:25Z,recommendationservice,currencyservice,0,0,0,0,0
2026-09-11T13:15:25Z,recommendationservice,emailservice,0,0,0,0,0
2026-09-11T13:15:25Z,recommendationservice,frontend,0,0,0,0,0
2026-09-11T13:15:25Z,recommendationservice,kubernetes,0,0,0,0,0
2026-09-11T13:15:25Z,recommendationservice,paymentservice,0,0,0,0,0
2026-09-11T13:15:25Z,recommendationservice,productcatalogservice,131962,131962,0,0,0
2026-09-11T13:15:25Z,recommendationservice,recommendationservice,0,0,0,0,0
2026-09-11T13:15:25Z,recommendationservice,redis-cart,0,0,0,0,0
2026-09-11T13:15:25Z,recommendationservice,shippingservice,0,0,0,0,0
2026-09-11T13:15:25Z,redis-cart,adservice,0,0,0,0,0
2026-09-11T13:15:25Z,redis-cart,cartservice,0,0,0,0,0
2026-09-11T13:15:25Z,redis-cart,checkoutservice,0,0,0,0,0
2026-09-11T13:15:25Z,redis-cart,currencyservice,0,0,0,0,0
2026-09-11T13:15:25Z,redis-cart,emailservice,0,0,0,0,0
2026-09-11T13:15:25Z,redis-cart,frontend,0,0,0,0,0
2026-09-11T13:15:25Z,redis-cart,kubernetes,0,0,0,0,0
2026-09-11T13:15:25Z,redis-cart,paymentservice,0,0,0,0,0
2026-09-11T13:15:25Z,redis-cart,productcatalogservice,0,0,0,0,0
2026-09-11T13:15:25Z,redis-cart,recommendationservice,0,0,0,0,0
2026-09-11T13:15:25Z,redis-cart,redis-cart,0,0,0,0,0
2026-09-11T13:15:25Z,redis-cart,shippingservice,0,0,0,0,0
2026-09-11T13:15:25Z,shippingservice,adservice,0,0,0,0,0
2026-09-11T13:15:25Z,shippingservice,cartservice,0,0,0,0,0
2026-09-11T13:15:25Z,shippingservice,checkoutservice,0,0,0,0,0
2026-09-11T13:15:25Z,shippingservice,currencyservice,0,0,0,0,0
2026-09-11T13:15:25Z,shippingservice,emailservice,0,0,0,0,0
2026-09-11T13:15:25Z,shippingservice,frontend,0,0,0,0,0
2026-09-11T13:15:25Z,shippingservice,kubernetes,0,0,0,0,0
2026-09-11T13:15:25Z,shippingservice,paymentservice,0,0,0,0,0
2026-09-11T13:15:25Z,shippingservice,productcatalogservice,0,0,0,0,0
2026-09-11T13:15:25Z,shippingservice,recommendationservice,0,0,0,0,0
2026-09-11T13:15:25Z,shippingservice,redis-cart,0,0,0,0,0
2026-09-11T13:15:25Z,shippingservice,shippingservice,0,0,0,0,0
2026-09-11T13:15:28Z,adservice,adservice,0,0,0,0,0
2026-09-11T13:15:28Z,adservice,cartservice,0,0,0,0,0
2026-09-11T13:15:28Z,adservice,checkoutservice,0,0,0,0,0
2026-09-11T13:15:28Z,adservice,currencyservice,0,0,0,0,0
2026-09-11T13:15:28Z,adservice,emailservice,0,0,0,0,0
2026-09-11T13:15:28Z,adservice,frontend,0,0,0,0,0
2026-09-11T13:15:28Z,adservice,kubernetes,0,0,0,0,0
2026-09-11T13:15:28Z,adservice,paymentservice,0,0,0,0,0
2026-09-11T13:15:28Z,adservice,productcatalogservice,0,0,0,0,0
2026-09-11T13:15:28Z,adservice,recommendationservice,0,0,0,0,0
2026-09-11T13:15:28Z,adservice,redis-cart,0,0,0,0,0
2026-09-11T13:15:28Z,adservice,shippingservice,0,0,0,0,0
2026-09-11T13:15:28Z,cartservice,adservice,0,0,0,0,0
2026-09-11T13:15:28Z,cartservice,cartservice,0,0,0,0,0
2026-09-11T13:15:28Z,cartservice,checkoutservice,0,0,0,0,0
2026-09-11T13:15:28Z,cartservice,currencyservice,0,0,0,0,0
2026-09-11T13:15:28Z,cartservice,emailservice,0,0,0,0,0
2026-09-11T13:15:28Z,cartservice,frontend,0,0,0,0,0
2026-09-11T13:15:28Z,cartservice,kubernetes,0,0,0,0,0
2026-09-11T13:15:28Z,cartservice,paymentservice,0,0,0,0,0
2026-09-11T13:15:28Z,cartservice,productcatalogservice,0,0,0,0,0
2026-09-11T13:15:28Z,cartservice,recommendationservice,0,0,0,0,0
2026-09-11T13:15:28Z,cartservice,redis-cart,2,0,0,0,0
2026-09-11T13:15:28Z,cartservice,shippingservice,0,0,0,0,0
2026-09-11T13:15:28Z,checkoutservice,adservice,0,0,0,0,0
2026-09-11T13:15:28Z,checkoutservice,cartservice,16534,16532,0,0,0
2026-09-11T13:15:28Z,checkoutservice,checkoutservice,0,0,0,0,0
2026-09-11T13:15:28Z,checkoutservice,currencyservice,8267,8267,0,0,0
2026-09-11T13:15:28Z,checkoutservice,emailservice,8265,8265,0,0,0
2026-09-11T13:15:28Z,checkoutservice,frontend,0,0,0,0,0
2026-09-11T13:15:28Z,checkoutservice,kubernetes,0,0,0,0,0
2026-09-11T13:15:28Z,checkoutservice,paymentservice,8267,8267,0,0,0
2026-09-11T13:15:28Z,checkoutservice,productcatalogservice,0,0,0,0,0
2026-09-11T13:15:28Z,checkoutservice,recommendationservice,0,0,0,0,0
2026-09-11T13:15:28Z,checkoutservice,redis-cart,0,0,0,0,0
2026-09-11T13:15:28Z,checkoutservice,shippingservice,16534,16534,0,0,0
2026-09-11T13:15:28Z,currencyservice,adservice,0,0,0,0,0
2026-09-11T13:15:28Z,currencyservice,cartservice,0,0,0,0,0
2026-09-11T13:15:28Z,currencyservice,checkoutservice,0,0,0,0,0
2026-09-11T13:15:28Z,currencyservice,currencyservice,0,0,0,0,0
2026-09-11T13:15:28Z,currencyservice,emailservice,0,0,0,0,0
2026-09-11T13:15:28Z,currencyservice,frontend,0,0,0,0,0
2026-09-11T13:15:28Z,currencyservice,kubernetes,0,0,0,0,0
2026-09-11T13:15:28Z,currencyservice,paymentservice,0,0,0,0,0
2026-09-11T13:15:28Z,currencyservice,productcatalogservice,0,0,0,0,0
2026-09-11T13:15:28Z,currencyservice,recommendationservice,0,0,0,0,0
2026-09-11T13:15:28Z,currencyservice,redis-cart,0,0,0,0,0
2026-09-11T13:15:28Z,currencyservice,shippingservice,0,0,0,0,0
2026-09-11T13:15:28Z,emailservice,adservice,0,0,0,0,0
2026-09-11T13:15:28Z,emailservice,cartservice,0,0,0,0,0
2026-09-11T13:15:28Z,emailservice,checkoutservice,0,0,0,0,0
2026-09-11T13:15:28Z,emailservice,currencyservice,0,0,0,0,0
2026-09-11T13:15:28Z,emailservice,emailservice,0,0,0,0,0
2026-09-11T13:15:28Z,emailservice,frontend,0,0,0,0,0
2026-09-11T13:15:28Z,emailservice,kubernetes,0,0,0,0,0
2026-09-11T13:15:28Z,emailservice,paymentservice,0,0,0,0,0
2026-09-11T13:15:28Z,emailservice,productcatalogservice,0,0,0,0,0
2026-09-11T13:15:28Z,emailservice,recommendationservice,0,0,0,0,0
2026-09-11T13:15:28Z,emailservice,redis-cart,0,0,0,0,0
2026-09-11T13:15:28Z,emailservice,shippingservice,0,0,0,0,0
2026-09-11T13:15:28Z,frontend,adservice,44457,31848,0,479,0
2026-09-11T13:15:28Z,frontend,cartservice,203782,203740,0,0,0
2026-09-11T13:15:28Z,frontend,checkoutservice,8285,8283,0,0,0
2026-09-11T13:15:28Z,frontend,currencyservice,325251,325173,0,0,0
2026-09-11T13:15:28Z,frontend,emailservice,0,0,0,0,0
2026-09-11T13:15:28Z,frontend,frontend,0,0,0,0,0
2026-09-11T13:15:28Z,frontend,kubernetes,0,0,0,0,0
2026-09-11T13:15:28Z,frontend,paymentservice,0,0,0,0,0
2026-09-11T13:15:28Z,frontend,productcatalogservice,812867,812424,0,0,0
2026-09-11T13:15:28Z,frontend,recommendationservice,132395,132375,0,0,0
2026-09-11T13:15:28Z,frontend,redis-cart,0,0,0,0,0
2026-09-11T13:15:28Z,frontend,shippingservice,79214,79203,0,0,0
2026-09-11T13:15:28Z,paymentservice,adservice,0,0,0,0,0
2026-09-11T13:15:28Z,paymentservice,cartservice,0,0,0,0,0
2026-09-11T13:15:28Z,paymentservice,checkoutservice,0,0,0,0,0
2026-09-11T13:15:28Z,paymentservice,currencyservice,0,0,0,0,0
2026-09-11T13:15:28Z,paymentservice,emailservice,0,0,0,0,0
2026-09-11T13:15:28Z,paymentservice,frontend,0,0,0,0,0
2026-09-11T13:15:28Z,paymentservice,kubernetes,0,0,0,0,0
2026-09-11T13:15:28Z,paymentservice,paymentservice,0,0,0,0,0
2026-09-11T13:15:28Z,paymentservice,productcatalogservice,0,0,0,0,0
2026-09-11T13:15:28Z,paymentservice,recommendationservice,0,0,0,0,0
2026-09-11T13:15:28Z,paymentservice,redis-cart,0,0,0,0,0
2026-09-11T13:15:28Z,paymentservice,shippingservice,0,0,0,0,0
2026-09-11T13:15:28Z,productcatalogservice,adservice,0,0,0,0,0
2026-09-11T13:15:28Z,productcatalogservice,cartservice,0,0,0,0,0
2026-09-11T13:15:28Z,productcatalogservice,checkoutservice,0,0,0,0,0
2026-09-11T13:15:28Z,productcatalogservice,currencyservice,0,0,0,0,0
2026-09-11T13:15:28Z,productcatalogservice,emailservice,0,0,0,0,0
2026-09-11T13:15:28Z,productcatalogservice,frontend,0,0,0,0,0
2026-09-11T13:15:28Z,productcatalogservice,kubernetes,0,0,0,0,0
2026-09-11T13:15:28Z,productcatalogservice,paymentservice,0,0,0,0,0
2026-09-11T13:15:28Z,productcatalogservice,productcatalogservice,0,0,0,0,0
2026-09-11T13:15:28Z,productcatalogservice,recommendationservice,0,0,0,0,0
2026-09-11T13:15:28Z,productcatalogservice,redis-cart,0,0,0,0,0
2026-09-11T13:15:28Z,productcatalogservice,shippingservice,0,0,0,0,0
2026-09-11T13:15:28Z,recommendationservice,adservice,0,0,0,0,0
2026-09-11T13:15:28Z,recommendationservice,cartservice,0,0,0,0,0
2026-09-11T13:15:28Z,recommendationservice,checkoutservice,0,0,0,0,0
2026-09-11T13:15:28Z,recommendationservice,currencyservice,0,0,0,0,0
2026-09-11T13:15:28Z,recommendationservice,emailservice,0,0,0,0,0
2026-09-11T13:15:28Z,recommendationservice,frontend,0,0,0,0,0
2026-09-11T13:15:28Z,recommendationservice,kubernetes,0,0,0,0,0
2026-09-11T13:15:28Z,recommendationservice,paymentservice,0,0,0,0,0
2026-09-11T13:15:28Z,recommendationservice,productcatalogservice,132596,132595,0,0,0
2026-09-11T13:15:28Z,recommendationservice,recommendationservice,0,0,0,0,0
2026-09-11T13:15:28Z,recommendationservice,redis-cart,0,0,0,0,0
2026-09-11T13:15:28Z,recommendationservice,shippingservice,0,0,0,0,0
2026-09-11T13:15:28Z,redis-cart,adservice,0,0,0,0,0
2026-09-11T13:15:28Z,redis-cart,cartservice,0,0,0,0,0
2026-09-11T13:15:28Z,redis-cart,checkoutservice,0,0,0,0,0
2026-09-11T13:15:28Z,redis-cart,currencyservice,0,0,0,0,0
2026-09-11T13:15:28Z,redis-cart,emailservice,0,0,0,0,0
2026-09-11T13:15:28Z,redis-cart,frontend,0,0,0,0,0
2026-09-11T13:15:28Z,redis-cart,kubernetes,0,0,0,0,0
2026-09-11T13:15:28Z,redis-cart,paymentservice,0,0,0,0,0
2026-09-11T13:15:28Z,redis-cart,productcatalogservice,0,0,0,0,0
2026-09-11T13:15:28Z,redis-cart,recommendationservice,0,0,0,0,0
2026-09-11T13:15:28Z,redis-cart,redis-cart,0,0,0,0,0
2026-09-11T13:15:28Z,redis-cart,shippingservice,0,0,0,0,0
2026-09-11T13:15:28Z,shippingservice,adservice,0,0,0,0,0
2026-09-11T13:15:28Z,shippingservice,cartservice,0,0,0,0,0
2026-09-11T13:15:28Z,shippingservice,checkoutservice,0,0,0,0,0
2026-09-11T13:15:28Z,shippingservice,currencyservice,0,0,0,0,0
2026-09-11T13:15:28Z,shippingservice,emailservice,0,0,0,0,0
2026-09-11T13:15:28Z,shippingservice,frontend,0,0,0,0,0
2026-09-11T13:15:28Z,shippingservice,kubernetes,0,0,0,0,0
2026-09-11T13:15:28Z,shippingservice,paymentservice,0,0,0,0,0
2026-09-11T13:15:28Z,shippingservice,productcatalogservice,0,0,0,0,0
2026-09-11T13:15:28Z,shippingservice,recommendationservice,0,0,0,0,0
2026-09-11T13:15:28Z,shippingservice,redis-cart,0,0,0,0,0
2026-09-11T13:15:28Z,shippingservice,shippingservice,0,0,0,0,0
2026-09-11T13:15:31Z,adservice,adservice,0,0,0,0,0
2026-09-11T13:15:31Z,adservice,cartservice,0,0,0,0,0
2026-09-11T13:15:31Z,adservice,checkoutservice,0,0,0,0,0
2026-09-11T13:15:31Z,adservice,currencyservice,0,0,0,0,0
2026-09-11T13:15:31Z,adservice,emailservice,0,0,0,0,0
2026-09-11T13:15:31Z,adservice,frontend,0,0,0,0,0
2026-09-11T13:15:31Z,adservice,kubernetes,0,0,0,0,0
2026-09-11T13:15:31Z,adservice,paymentservice,0,0,0,0,0
2026-09-11T13:15:31Z,adservice,productcatalogservice,0,0,0,0,0
2026-09-11T13:15:31Z,adservice,recommendationservice,0,0,0,0,0
2026-09-11T13:15:31Z,adservice,redis-cart,0,0,0,0,0
2026-09-11T13:15:31Z,adservice,shippingservice,0,0,0,0,0
2026-09-11T13:15:31Z,cartservice,adservice,0,0,0,0,0
2026-09-11T13:15:31Z,cartservice,cartservice,0,0,0,0,0
2026-09-11T13:15:31Z,cartservice,checkoutservice,0,0,0,0,0
2026-09-11T13:15:31Z,cartservice,currencyservice,0,0,0,0,0
2026-09-11T13:15:31Z,cartservice,emailservice,0,0,0,0,0
2026-09-11T13:15:31Z,cartservice,frontend,0,0,0,0,0
2026-09-11T13:15:31Z,cartservice,kubernetes,0,0,0,0,0
2026-09-11T13:15:31Z,cartservice,paymentservice,0,0,0,0,0
2026-09-11T13:15:31Z,cartservice,productcatalogservice,0,0,0,0,0
2026-09-11T13:15:31Z,cartservice,recommendationservice,0,0,0,0,0
2026-09-11T13:15:31Z,cartservice,redis-cart,2,0,0,0,0
2026-09-11T13:15:31Z,cartservice,shippingservice,0,0,0,0,0
2026-09-11T13:15:31Z,checkoutservice,adservice,0,0,0,0,0
2026-09-11T13:15:31Z,checkoutservice,cartservice,16626,16626,0,0,0
2026-09-11T13:15:31Z,checkoutservice,checkoutservice,0,0,0,0,0
2026-09-11T13:15:31Z,checkoutservice,currencyservice,8316,8316,0,0,0
2026-09-11T13:15:31Z,checkoutservice,emailservice,8310,8310,0,0,0
2026-09-11T13:15:31Z,checkoutservice,frontend,0,0,0,0,0
2026-09-11T13:15:31Z,checkoutservice,kubernetes,0,0,0,0,0
2026-09-11T13:15:31Z,checkoutservice,paymentservice,8316,8310,0,0,0
2026-09-11T13:15:31Z,checkoutservice,productcatalogservice,0,0,0,0,0
2026-09-11T13:15:31Z,checkoutservice,recommendationservice,0,0,0,0,0
2026-09-11T13:15:31Z,checkoutservice,redis-cart,0,0,0,0,0
2026-09-11T13:15:31Z,checkoutservice,shippingservice,16626,16626,0,0,0
2026-09-11T13:15:31Z,currencyservice,adservice,0,0,0,0,0
2026-09-11T13:15:31Z,currencyservice,cartservice,0,0,0,0,0
2026-09-11T13:15:31Z,currencyservice,checkoutservice,0,0,0,0,0
2026-09-11T13:15:31Z,currencyservice,currencyservice,0,0,0,0,0
2026-09-11T13:15:31Z,currencyservice,emailservice,0,0,0,0,0
2026-09-11T13:15:31Z,currencyservice,frontend,0,0,0,0,0
2026-09-11T13:15:31Z,currencyservice,kubernetes,0,0,0,0,0
2026-09-11T13:15:31Z,currencyservice,paymentservice,0,0,0,0,0
2026-09-11T13:15:31Z,currencyservice,productcatalogservice,0,0,0,0,0
2026-09-11T13:15:31Z,currencyservice,recommendationservice,0,0,0,0,0
2026-09-11T13:15:31Z,currencyservice,redis-cart,0,0,0,0,0
2026-09-11T13:15:31Z,currencyservice,shippingservice,0,0,0,0,0
2026-09-11T13:15:31Z,emailservice,adservice,0,0,0,0,0
2026-09-11T13:15:31Z,emailservice,cartservice,0,0,0,0,0
2026-09-11T13:15:31Z,emailservice,checkoutservice,0,0,0,0,0
2026-09-11T13:15:31Z,emailservice,currencyservice,0,0,0,0,0
2026-09-11T13:15:31Z,emailservice,emailservice,0,0,0,0,0
2026-09-11T13:15:31Z,emailservice,frontend,0,0,0,0,0
2026-09-11T13:15:31Z,emailservice,kubernetes,0,0,0,0,0
2026-09-11T13:15:31Z,emailservice,paymentservice,0,0,0,0,0
2026-09-11T13:15:31Z,emailservice,productcatalogservice,0,0,0,0,0
2026-09-11T13:15:31Z,emailservice,recommendationservice,0,0,0,0,0
2026-09-11T13:15:31Z,emailservice,redis-cart,0,0,0,0,0
2026-09-11T13:15:31Z,emailservice,shippingservice,0,0,0,0,0
2026-09-11T13:15:31Z,frontend,adservice,44660,32051,0,479,0
2026-09-11T13:15:31Z,frontend,cartservice,204895,204820,0,0,0
2026-09-11T13:15:31Z,frontend,checkoutservice,8329,8329,0,0,0
2026-09-11T13:15:31Z,frontend,currencyservice,326938,326860,0,0,0
2026-09-11T13:15:31Z,frontend,emailservice,0,0,0,0,0
2026-09-11T13:15:31Z,frontend,frontend,0,0,0,0,0
2026-09-11T13:15:31Z,frontend,kubernetes,0,0,0,0,0
2026-09-11T13:15:31Z,frontend,paymentservice,0,0,0,0,0
2026-09-11T13:15:31Z,frontend,productcatalogservice,816949,816589,0,0,0
2026-09-11T13:15:31Z,frontend,recommendationservice,133104,133079,0,0,0
2026-09-11T13:15:31Z,frontend,redis-cart,0,0,0,0,0
2026-09-11T13:15:31Z,frontend,shippingservice,79603,79599,0,0,0
2026-09-11T13:15:31Z,paymentservice,adservice,0,0,0,0,0
2026-09-11T13:15:31Z,paymentservice,cartservice,0,0,0,0,0
2026-09-11T13:15:31Z,paymentservice,checkoutservice,0,0,0,0,0
2026-09-11T13:15:31Z,paymentservice,currencyservice,0,0,0,0,0
2026-09-11T13:15:31Z,paymentservice,emailservice,0,0,0,0,0
2026-09-11T13:15:31Z,paymentservice,frontend,0,0,0,0,0
2026-09-11T13:15:31Z,paymentservice,kubernetes,0,0,0,0,0
2026-09-11T13:15:31Z,paymentservice,paymentservice,0,0,0,0,0
2026-09-11T13:15:31Z,paymentservice,productcatalogservice,0,0,0,0,0
2026-09-11T13:15:31Z,paymentservice,recommendationservice,0,0,0,0,0
2026-09-11T13:15:31Z,paymentservice,redis-cart,0,0,0,0,0
2026-09-11T13:15:31Z,paymentservice,shippingservice,0,0,0,0,0
2026-09-11T13:15:31Z,productcatalogservice,adservice,0,0,0,0,0
2026-09-11T13:15:31Z,productcatalogservice,cartservice,0,0,0,0,0
2026-09-11T13:15:31Z,productcatalogservice,checkoutservice,0,0,0,0,0
2026-09-11T13:15:31Z,productcatalogservice,currencyservice,0,0,0,0,0
2026-09-11T13:15:31Z,productcatalogservice,emailservice,0,0,0,0,0
2026-09-11T13:15:31Z,productcatalogservice,frontend,0,0,0,0,0
2026-09-11T13:15:31Z,productcatalogservice,kubernetes,0,0,0,0,0
2026-09-11T13:15:31Z,productcatalogservice,paymentservice,0,0,0,0,0
2026-09-11T13:15:31Z,productcatalogservice,productcatalogservice,0,0,0,0,0
2026-09-11T13:15:31Z,productcatalogservice,recommendationservice,0,0,0,0,0
2026-09-11T13:15:31Z,productcatalogservice,redis-cart,0,0,0,0,0
2026-09-11T13:15:31Z,productcatalogservice,shippingservice,0,0,0,0,0
2026-09-11T13:15:31Z,recommendationservice,adservice,0,0,0,0,0
2026-09-11T13:15:31Z,recommendationservice,cartservice,0,0,0,0,0
2026-09-11T13:15:31Z,recommendationservice,checkoutservice,0,0,0,0,0
2026-09-11T13:15:31Z,recommendationservice,currencyservice,0,0,0,0,0
2026-09-11T13:15:31Z,recommendationservice,emailservice,0,0,0,0,0
2026-09-11T13:15:31Z,recommendationservice,frontend,0,0,0,0,0
2026-09-11T13:15:31Z,recommendationservice,kubernetes,0,0,0,0,0
2026-09-11T13:15:31Z,recommendationservice,paymentservice,0,0,0,0,0
2026-09-11T13:15:31Z,recommendationservice,productcatalogservice,133252,133251,0,0,0
2026-09-11T13:15:31Z,recommendationservice,recommendationservice,0,0,0,0,0
2026-09-11T13:15:31Z,recommendationservice,redis-cart,0,0,0,0,0
2026-09-11T13:15:31Z,recommendationservice,shippingservice,0,0,0,0,0
2026-09-11T13:15:31Z,redis-cart,adservice,0,0,0,0,0
2026-09-11T13:15:31Z,redis-cart,cartservice,0,0,0,0,0
2026-09-11T13:15:31Z,redis-cart,checkoutservice,0,0,0,0,0
2026-09-11T13:15:31Z,redis-cart,currencyservice,0,0,0,0,0
2026-09-11T13:15:31Z,redis-cart,emailservice,0,0,0,0,0
2026-09-11T13:15:31Z,redis-cart,frontend,0,0,0,0,0
2026-09-11T13:15:31Z,redis-cart,kubernetes,0,0,0,0,0
2026-09-11T13:15:31Z,redis-cart,paymentservice,0,0,0,0,0
2026-09-11T13:15:31Z,redis-cart,productcatalogservice,0,0,0,0,0
2026-09-11T13:15:31Z,redis-cart,recommendationservice,0,0,0,0,0
2026-09-11T13:15:31Z,redis-cart,redis-cart,0,0,0,0,0
2026-09-11T13:15:31Z,redis-cart,shippingservice,0,0,0,0,0
2026-09-11T13:15:31Z,shippingservice,adservice,0,0,0,0,0
2026-09-11T13:15:31Z,shippingservice,cartservice,0,0,0,0,0
2026-09-11T13:15:31Z,shippingservice,checkoutservice,0,0,0,0,0
2026-09-11T13:15:31Z,shippingservice,currencyservice,0,0,0,0,0
2026-09-11T13:15:31Z,shippingservice,emailservice,0,0,0,0,0
2026-09-11T13:15:31Z,shippingservice,frontend,0,0,0,0,0
2026-09-11T13:15:31Z,shippingservice,kubernetes,0,0,0,0,0
2026-09-11T13:15:31Z,shippingservice,paymentservice,0,0,0,0,0
2026-09-11T13:15:31Z,shippingservice,productcatalogservice,0,0,0,0,0
2026-09-11T13:15:31Z,shippingservice,recommendationservice,0,0,0,0,0
2026-09-11T13:15:31Z,shippingservice,redis-cart,0,0,0,0,0
2026-09-11T13:15:31Z,shippingservice,shippingservice,0,0,0,0,0
2026-09-11T13:15:34Z,adservice,adservice,0,0,0,0,0
2026-09-11T13:15:34Z,adservice,cartservice,0,0,0,0,0
2026-09-11T13:15:34Z,adservice,checkoutservice,0,0,0,0,0
2026-09-11T13:15:34Z,adservice,currencyservice,0,0,0,0,0
2026-09-11T13:15:34Z,adservice,emailservice,0,0,0,0,0
2026-09-11T13:15:34Z,adservice,frontend,0,0,0,0,0
2026-09-11T13:15:34Z,adservice,kubernetes,0,0,0,0,0
2026-09-11T13:15:34Z,adservice,paymentservice,0,0,0,0,0
2026-09-11T13:15:34Z,adservice,productcatalogservice,0,0,0,0,0
2026-09-11T13:15:34Z,adservice,recommendationservice,0,0,0,0,0
2026-09-11T13:15:34Z,adservice,redis-cart,0,0,0,0,0
2026-09-11T13:15:34Z,adservice,shippingservice,0,0,0,0,0
2026-09-11T13:15:34Z,cartservice,adservice,0,0,0,0,0
2026-09-11T13:15:34Z,cartservice,cartservice,0,0,0,0,0
2026-09-11T13:15:34Z,cartservice,checkoutservice,0,0,0,0,0
2026-09-11T13:15:34Z,cartservice,currencyservice,0,0,0,0,0
2026-09-11T13:15:34Z,cartservice,emailservice,0,0,0,0,0
2026-09-11T13:15:34Z,cartservice,frontend,0,0,0,0,0
2026-09-11T13:15:34Z,cartservice,kubernetes,0,0,0,0,0
2026-09-11T13:15:34Z,cartservice,paymentservice,0,0,0,0,0
2026-09-11T13:15:34Z,cartservice,productcatalogservice,0,0,0,0,0
2026-09-11T13:15:34Z,cartservice,recommendationservice,0,0,0,0,0
2026-09-11T13:15:34Z,cartservice,redis-cart,2,0,0,0,0
2026-09-11T13:15:34Z,cartservice,shippingservice,0,0,0,0,0
2026-09-11T13:15:34Z,checkoutservice,adservice,0,0,0,0,0
2026-09-11T13:15:34Z,checkoutservice,cartservice,16720,16720,0,0,0
2026-09-11T13:15:34Z,checkoutservice,checkoutservice,0,0,0,0,0
2026-09-11T13:15:34Z,checkoutservice,currencyservice,8360,8360,0,0,0
2026-09-11T13:15:34Z,checkoutservice,emailservice,8360,8360,0,0,0
2026-09-11T13:15:34Z,checkoutservice,frontend,0,0,0,0,0
2026-09-11T13:15:34Z,checkoutservice,kubernetes,0,0,0,0,0
2026-09-11T13:15:34Z,checkoutservice,paymentservice,8360,8360,0,0,0
2026-09-11T13:15:34Z,checkoutservice,productcatalogservice,0,0,0,0,0
2026-09-11T13:15:34Z,checkoutservice,recommendationservice,0,0,0,0,0
2026-09-11T13:15:34Z,checkoutservice,redis-cart,0,0,0,0,0
2026-09-11T13:15:34Z,checkoutservice,shippingservice,16720,16720,0,0,0
2026-09-11T13:15:34Z,currencyservice,adservice,0,0,0,0,0
2026-09-11T13:15:34Z,currencyservice,cartservice,0,0,0,0,0
2026-09-11T13:15:34Z,currencyservice,checkoutservice,0,0,0,0,0
2026-09-11T13:15:34Z,currencyservice,currencyservice,0,0,0,0,0
2026-09-11T13:15:34Z,currencyservice,emailservice,0,0,0,0,0
2026-09-11T13:15:34Z,currencyservice,frontend,0,0,0,0,0
2026-09-11T13:15:34Z,currencyservice,kubernetes,0,0,0,0,0
2026-09-11T13:15:34Z,currencyservice,paymentservice,0,0,0,0,0
2026-09-11T13:15:34Z,currencyservice,productcatalogservice,0,0,0,0,0
2026-09-11T13:15:34Z,currencyservice,recommendationservice,0,0,0,0,0
2026-09-11T13:15:34Z,currencyservice,redis-cart,0,0,0,0,0
2026-09-11T13:15:34Z,currencyservice,shippingservice,0,0,0,0,0
2026-09-11T13:15:34Z,emailservice,adservice,0,0,0,0,0
2026-09-11T13:15:34Z,emailservice,cartservice,0,0,0,0,0
2026-09-11T13:15:34Z,emailservice,checkoutservice,0,0,0,0,0
2026-09-11T13:15:34Z,emailservice,currencyservice,0,0,0,0,0
2026-09-11T13:15:34Z,emailservice,emailservice,0,0,0,0,0
2026-09-11T13:15:34Z,emailservice,frontend,0,0,0,0,0
2026-09-11T13:15:34Z,emailservice,kubernetes,0,0,0,0,0
2026-09-11T13:15:34Z,emailservice,paymentservice,0,0,0,0,0
2026-09-11T13:15:34Z,emailservice,productcatalogservice,0,0,0,0,0
2026-09-11T13:15:34Z,emailservice,recommendationservice,0,0,0,0,0
2026-09-11T13:15:34Z,emailservice,redis-cart,0,0,0,0,0
2026-09-11T13:15:34Z,emailservice,shippingservice,0,0,0,0,0
2026-09-11T13:15:34Z,frontend,adservice,44913,32304,0,479,0
2026-09-11T13:15:34Z,frontend,cartservice,205843,205789,0,0,0
2026-09-11T13:15:34Z,frontend,checkoutservice,8377,8377,0,0,0
2026-09-11T13:15:34Z,frontend,currencyservice,328563,328485,0,0,0
2026-09-11T13:15:34Z,frontend,emailservice,0,0,0,0,0
2026-09-11T13:15:34Z,frontend,frontend,0,0,0,0,0
2026-09-11T13:15:34Z,frontend,kubernetes,0,0,0,0,0
2026-09-11T13:15:34Z,frontend,paymentservice,0,0,0,0,0
2026-09-11T13:15:34Z,frontend,productcatalogservice,821115,820642,0,0,0
2026-09-11T13:15:34Z,frontend,recommendationservice,133770,133721,0,0,0
2026-09-11T13:15:34Z,frontend,redis-cart,0,0,0,0,0
2026-09-11T13:15:34Z,frontend,shippingservice,80006,80006,0,0,0
2026-09-11T13:15:34Z,paymentservice,adservice,0,0,0,0,0
2026-09-11T13:15:34Z,paymentservice,cartservice,0,0,0,0,0
2026-09-11T13:15:34Z,paymentservice,checkoutservice,0,0,0,0,0
2026-09-11T13:15:34Z,paymentservice,currencyservice,0,0,0,0,0
2026-09-11T13:15:34Z,paymentservice,emailservice,0,0,0,0,0
2026-09-11T13:15:34Z,paymentservice,frontend,0,0,0,0,0
2026-09-11T13:15:34Z,paymentservice,kubernetes,0,0,0,0,0
2026-09-11T13:15:34Z,paymentservice,paymentservice,0,0,0,0,0
2026-09-11T13:15:34Z,paymentservice,productcatalogservice,0,0,0,0,0
2026-09-11T13:15:34Z,paymentservice,recommendationservice,0,0,0,0,0
2026-09-11T13:15:34Z,paymentservice,redis-cart,0,0,0,0,0
2026-09-11T13:15:34Z,paymentservice,shippingservice,0,0,0,0,0
2026-09-11T13:15:34Z,productcatalogservice,adservice,0,0,0,0,0
2026-09-11T13:15:34Z,productcatalogservice,cartservice,0,0,0,0,0
2026-09-11T13:15:34Z,productcatalogservice,checkoutservice,0,0,0,0,0
2026-09-11T13:15:34Z,productcatalogservice,currencyservice,0,0,0,0,0
2026-09-11T13:15:34Z,productcatalogservice,emailservice,0,0,0,0,0
2026-09-11T13:15:34Z,productcatalogservice,frontend,0,0,0,0,0
2026-09-11T13:15:34Z,productcatalogservice,kubernetes,0,0,0,0,0
2026-09-11T13:15:34Z,productcatalogservice,paymentservice,0,0,0,0,0
2026-09-11T13:15:34Z,productcatalogservice,productcatalogservice,0,0,0,0,0
2026-09-11T13:15:34Z,productcatalogservice,recommendationservice,0,0,0,0,0
2026-09-11T13:15:34Z,productcatalogservice,redis-cart,0,0,0,0,0
2026-09-11T13:15:34Z,productcatalogservice,shippingservice,0,0,0,0,0
2026-09-11T13:15:34Z,recommendationservice,adservice,0,0,0,0,0
2026-09-11T13:15:34Z,recommendationservice,cartservice,0,0,0,0,0
2026-09-11T13:15:34Z,recommendationservice,checkoutservice,0,0,0,0,0
2026-09-11T13:15:34Z,recommendationservice,currencyservice,0,0,0,0,0
2026-09-11T13:15:34Z,recommendationservice,emailservice,0,0,0,0,0
2026-09-11T13:15:34Z,recommendationservice,frontend,0,0,0,0,0
2026-09-11T13:15:34Z,recommendationservice,kubernetes,0,0,0,0,0
2026-09-11T13:15:34Z,recommendationservice,paymentservice,0,0,0,0,0
2026-09-11T13:15:34Z,recommendationservice,productcatalogservice,133938,133938,0,0,0
2026-09-11T13:15:34Z,recommendationservice,recommendationservice,0,0,0,0,0
2026-09-11T13:15:34Z,recommendationservice,redis-cart,0,0,0,0,0
2026-09-11T13:15:34Z,recommendationservice,shippingservice,0,0,0,0,0
2026-09-11T13:15:34Z,redis-cart,adservice,0,0,0,0,0
2026-09-11T13:15:34Z,redis-cart,cartservice,0,0,0,0,0
2026-09-11T13:15:34Z,redis-cart,checkoutservice,0,0,0,0,0
2026-09-11T13:15:34Z,redis-cart,currencyservice,0,0,0,0,0
2026-09-11T13:15:34Z,redis-cart,emailservice,0,0,0,0,0
2026-09-11T13:15:34Z,redis-cart,frontend,0,0,0,0,0
2026-09-11T13:15:34Z,redis-cart,kubernetes,0,0,0,0,0
2026-09-11T13:15:34Z,redis-cart,paymentservice,0,0,0,0,0
2026-09-11T13:15:34Z,redis-cart,productcatalogservice,0,0,0,0,0
2026-09-11T13:15:34Z,redis-cart,recommendationservice,0,0,0,0,0
2026-09-11T13:15:34Z,redis-cart,redis-cart,0,0,0,0,0
2026-09-11T13:15:34Z,redis-cart,shippingservice,0,0,0,0,0
2026-09-11T13:15:34Z,shippingservice,adservice,0,0,0,0,0
2026-09-11T13:15:34Z,shippingservice,cartservice,0,0,0,0,0
2026-09-11T13:15:34Z,shippingservice,checkoutservice,0,0,0,0,0
2026-09-11T13:15:34Z,shippingservice,currencyservice,0,0,0,0,0
2026-09-11T13:15:34Z,shippingservice,emailservice,0,0,0,0,0
2026-09-11T13:15:34Z,shippingservice,frontend,0,0,0,0,0
2026-09-11T13:15:34Z,shippingservice,kubernetes,0,0,0,0,0
2026-09-11T13:15:34Z,shippingservice,paymentservice,0,0,0,0,0
2026-09-11T13:15:34Z,shippingservice,productcatalogservice,0,0,0,0,0
2026-09-11T13:15:34Z,shippingservice,recommendationservice,0,0,0,0,0
2026-09-11T13:15:34Z,shippingservice,redis-cart,0,0,0,0,0
2026-09-11T13:15:34Z,shippingservice,shippingservice,0,0,0,0,0
2026-09-11T13:15:37Z,adservice,adservice,0,0,0,0,0
2026-09-11T13:15:37Z,adservice,cartservice,0,0,0,0,0
2026-09-11T13:15:37Z,adservice,checkoutservice,0,0,0,0,0
2026-09-11T13:15:37Z,adservice,currencyservice,0,0,0,0,0
2026-09-11T13:15:37Z,adservice,emailservice,0,0,0,0,0
2026-09-11T13:15:37Z,adservice,frontend,0,0,0,0,0
2026-09-11T13:15:37Z,adservice,kubernetes,0,0,0,0,0
2026-09-11T13:15:37Z,adservice,paymentservice,0,0,0,0,0
2026-09-11T13:15:37Z,adservice,productcatalogservice,0,0,0,0,0
2026-09-11T13:15:37Z,adservice,recommendationservice,0,0,0,0,0
2026-09-11T13:15:37Z,adservice,redis-cart,0,0,0,0,0
2026-09-11T13:15:37Z,adservice,shippingservice,0,0,0,0,0
2026-09-11T13:15:37Z,cartservice,adservice,0,0,0,0,0
2026-09-11T13:15:37Z,cartservice,cartservice,0,0,0,0,0
2026-09-11T13:15:37Z,cartservice,checkoutservice,0,0,0,0,0
2026-09-11T13:15:37Z,cartservice,currencyservice,0,0,0,0,0
2026-09-11T13:15:37Z,cartservice,emailservice,0,0,0,0,0
2026-09-11T13:15:37Z,cartservice,frontend,0,0,0,0,0
2026-09-11T13:15:37Z,cartservice,kubernetes,0,0,0,0,0
2026-09-11T13:15:37Z,cartservice,paymentservice,0,0,0,0,0
2026-09-11T13:15:37Z,cartservice,productcatalogservice,0,0,0,0,0
2026-09-11T13:15:37Z,cartservice,recommendationservice,0,0,0,0,0
2026-09-11T13:15:37Z,cartservice,redis-cart,2,0,0,0,0
2026-09-11T13:15:37Z,cartservice,shippingservice,0,0,0,0,0
2026-09-11T13:15:37Z,checkoutservice,adservice,0,0,0,0,0
2026-09-11T13:15:37Z,checkoutservice,cartservice,16832,16832,0,0,0
2026-09-11T13:15:37Z,checkoutservice,checkoutservice,0,0,0,0,0
2026-09-11T13:15:37Z,checkoutservice,currencyservice,8416,8416,0,0,0
2026-09-11T13:15:37Z,checkoutservice,emailservice,8416,8416,0,0,0
2026-09-11T13:15:37Z,checkoutservice,frontend,0,0,0,0,0
2026-09-11T13:15:37Z,checkoutservice,kubernetes,0,0,0,0,0
2026-09-11T13:15:37Z,checkoutservice,paymentservice,8416,8416,0,0,0
2026-09-11T13:15:37Z,checkoutservice,productcatalogservice,0,0,0,0,0
2026-09-11T13:15:37Z,checkoutservice,recommendationservice,0,0,0,0,0
2026-09-11T13:15:37Z,checkoutservice,redis-cart,0,0,0,0,0
2026-09-11T13:15:37Z,checkoutservice,shippingservice,16832,16832,0,0,0
2026-09-11T13:15:37Z,currencyservice,adservice,0,0,0,0,0
2026-09-11T13:15:37Z,currencyservice,cartservice,0,0,0,0,0
2026-09-11T13:15:37Z,currencyservice,checkoutservice,0,0,0,0,0
2026-09-11T13:15:37Z,currencyservice,currencyservice,0,0,0,0,0
2026-09-11T13:15:37Z,currencyservice,emailservice,0,0,0,0,0
2026-09-11T13:15:37Z,currencyservice,frontend,0,0,0,0,0
2026-09-11T13:15:37Z,currencyservice,kubernetes,0,0,0,0,0
2026-09-11T13:15:37Z,currencyservice,paymentservice,0,0,0,0,0
2026-09-11T13:15:37Z,currencyservice,productcatalogservice,0,0,0,0,0
2026-09-11T13:15:37Z,currencyservice,recommendationservice,0,0,0,0,0
2026-09-11T13:15:37Z,currencyservice,redis-cart,0,0,0,0,0
2026-09-11T13:15:37Z,currencyservice,shippingservice,0,0,0,0,0
2026-09-11T13:15:37Z,emailservice,adservice,0,0,0,0,0
2026-09-11T13:15:37Z,emailservice,cartservice,0,0,0,0,0
2026-09-11T13:15:37Z,emailservice,checkoutservice,0,0,0,0,0
2026-09-11T13:15:37Z,emailservice,currencyservice,0,0,0,0,0
2026-09-11T13:15:37Z,emailservice,emailservice,0,0,0,0,0
2026-09-11T13:15:37Z,emailservice,frontend,0,0,0,0,0
2026-09-11T13:15:37Z,emailservice,kubernetes,0,0,0,0,0
2026-09-11T13:15:37Z,emailservice,paymentservice,0,0,0,0,0
2026-09-11T13:15:37Z,emailservice,productcatalogservice,0,0,0,0,0
2026-09-11T13:15:37Z,emailservice,recommendationservice,0,0,0,0,0
2026-09-11T13:15:37Z,emailservice,redis-cart,0,0,0,0,0
2026-09-11T13:15:37Z,emailservice,shippingservice,0,0,0,0,0
2026-09-11T13:15:37Z,frontend,adservice,45153,32544,0,479,0
2026-09-11T13:15:37Z,frontend,cartservice,206943,206859,0,0,0
2026-09-11T13:15:37Z,frontend,checkoutservice,8423,8423,0,0,0
2026-09-11T13:15:37Z,frontend,currencyservice,330122,330044,0,0,0
2026-09-11T13:15:37Z,frontend,emailservice,0,0,0,0,0
2026-09-11T13:15:37Z,frontend,frontend,0,0,0,0,0
2026-09-11T13:15:37Z,frontend,kubernetes,0,0,0,0,0
2026-09-11T13:15:37Z,frontend,paymentservice,0,0,0,0,0
2026-09-11T13:15:37Z,frontend,productcatalogservice,825221,824716,0,0,0
2026-09-11T13:15:37Z,frontend,recommendationservice,134467,134441,0,0,0
2026-09-11T13:15:37Z,frontend,redis-cart,0,0,0,0,0
2026-09-11T13:15:37Z,frontend,shippingservice,80387,80383,0,0,0
2026-09-11T13:15:37Z,paymentservice,adservice,0,0,0,0,0
2026-09-11T13:15:37Z,paymentservice,cartservice,0,0,0,0,0
2026-09-11T13:15:37Z,paymentservice,checkoutservice,0,0,0,0,0
2026-09-11T13:15:37Z,paymentservice,currencyservice,0,0,0,0,0
2026-09-11T13:15:37Z,paymentservice,emailservice,0,0,0,0,0
2026-09-11T13:15:37Z,paymentservice,frontend,0,0,0,0,0
2026-09-11T13:15:37Z,paymentservice,kubernetes,0,0,0,0,0
2026-09-11T13:15:37Z,paymentservice,paymentservice,0,0,0,0,0
2026-09-11T13:15:37Z,paymentservice,productcatalogservice,0,0,0,0,0
2026-09-11T13:15:37Z,paymentservice,recommendationservice,0,0,0,0,0
2026-09-11T13:15:37Z,paymentservice,redis-cart,0,0,0,0,0
2026-09-11T13:15:37Z,paymentservice,shippingservice,0,0,0,0,0
2026-09-11T13:15:37Z,productcatalogservice,adservice,0,0,0,0,0
2026-09-11T13:15:37Z,productcatalogservice,cartservice,0,0,0,0,0
2026-09-11T13:15:37Z,productcatalogservice,checkoutservice,0,0,0,0,0
2026-09-11T13:15:37Z,productcatalogservice,currencyservice,0,0,0,0,0
2026-09-11T13:15:37Z,productcatalogservice,emailservice,0,0,0,0,0
2026-09-11T13:15:37Z,productcatalogservice,frontend,0,0,0,0,0
2026-09-11T13:15:37Z,productcatalogservice,kubernetes,0,0,0,0,0
2026-09-11T13:15:37Z,productcatalogservice,paymentservice,0,0,0,0,0
2026-09-11T13:15:37Z,productcatalogservice,productcatalogservice,0,0,0,0,0
2026-09-11T13:15:37Z,productcatalogservice,recommendationservice,0,0,0,0,0
2026-09-11T13:15:37Z,productcatalogservice,redis-cart,0,0,0,0,0
2026-09-11T13:15:37Z,productcatalogservice,shippingservice,0,0,0,0,0
2026-09-11T13:15:37Z,recommendationservice,adservice,0,0,0,0,0
2026-09-11T13:15:37Z,recommendationservice,cartservice,0,0,0,0,0
2026-09-11T13:15:37Z,recommendationservice,checkoutservice,0,0,0,0,0
2026-09-11T13:15:37Z,recommendationservice,currencyservice,0,0,0,0,0
2026-09-11T13:15:37Z,recommendationservice,emailservice,0,0,0,0,0
2026-09-11T13:15:37Z,recommendationservice,frontend,0,0,0,0,0
2026-09-11T13:15:37Z,recommendationservice,kubernetes,0,0,0,0,0
2026-09-11T13:15:37Z,recommendationservice,paymentservice,0,0,0,0,0
2026-09-11T13:15:37Z,recommendationservice,productcatalogservice,134657,134657,0,0,0
2026-09-11T13:15:37Z,recommendationservice,recommendationservice,0,0,0,0,0
2026-09-11T13:15:37Z,recommendationservice,redis-cart,0,0,0,0,0
2026-09-11T13:15:37Z,recommendationservice,shippingservice,0,0,0,0,0
2026-09-11T13:15:37Z,redis-cart,adservice,0,0,0,0,0
2026-09-11T13:15:37Z,redis-cart,cartservice,0,0,0,0,0
2026-09-11T13:15:37Z,redis-cart,checkoutservice,0,0,0,0,0
2026-09-11T13:15:37Z,redis-cart,currencyservice,0,0,0,0,0
2026-09-11T13:15:37Z,redis-cart,emailservice,0,0,0,0,0
2026-09-11T13:15:37Z,redis-cart,frontend,0,0,0,0,0
2026-09-11T13:15:37Z,redis-cart,kubernetes,0,0,0,0,0
2026-09-11T13:15:37Z,redis-cart,paymentservice,0,0,0,0,0
2026-09-11T13:15:37Z,redis-cart,productcatalogservice,0,0,0,0,0
2026-09-11T13:15:37Z,redis-cart,recommendationservice,0,0,0,0,0
2026-09-11T13:15:37Z,redis-cart,redis-cart,0,0,0,0,0
2026-09-11T13:15:37Z,redis-cart,shippingservice,0,0,0,0,0
2026-09-11T13:15:37Z,shippingservice,adservice,0,0,0,0,0
2026-09-11T13:15:37Z,shippingservice,cartservice,0,0,0,0,0
2026-09-11T13:15:37Z,shippingservice,checkoutservice,0,0,0,0,0
2026-09-11T13:15:37Z,shippingservice,currencyservice,0,0,0,0,0
2026-09-11T13:15:37Z,shippingservice,emailservice,0,0,0,0,0
2026-09-11T13:15:37Z,shippingservice,frontend,0,0,0,0,0
2026-09-11T13:15:37Z,shippingservice,kubernetes,0,0,0,0,0
2026-09-11T13:15:37Z,shippingservice,paymentservice,0,0,0,0,0
2026-09-11T13:15:37Z,shippingservice,productcatalogservice,0,0,0,0,0
2026-09-11T13:15:37Z,shippingservice,recommendationservice,0,0,0,0,0
2026-09-11T13:15:37Z,shippingservice,redis-cart,0,0,0,0,0
2026-09-11T13:15:37Z,shippingservice,shippingservice,0,0,0,0,0
2026-09-11T13:15:40Z,adservice,adservice,0,0,0,0,0
2026-09-11T13:15:40Z,adservice,cartservice,0,0,0,0,0
2026-09-11T13:15:40Z,adservice,checkoutservice,0,0,0,0,0
2026-09-11T13:15:40Z,adservice,currencyservice,0,0,0,0,0
2026-09-11T13:15:40Z,adservice,emailservice,0,0,0,0,0
2026-09-11T13:15:40Z,adservice,frontend,0,0,0,0,0
2026-09-11T13:15:40Z,adservice,kubernetes,0,0,0,0,0
2026-09-11T13:15:40Z,adservice,paymentservice,0,0,0,0,0
2026-09-11T13:15:40Z,adservice,productcatalogservice,0,0,0,0,0
2026-09-11T13:15:40Z,adservice,recommendationservice,0,0,0,0,0
2026-09-11T13:15:40Z,adservice,redis-cart,0,0,0,0,0
2026-09-11T13:15:40Z,adservice,shippingservice,0,0,0,0,0
2026-09-11T13:15:40Z,cartservice,adservice,0,0,0,0,0
2026-09-11T13:15:40Z,cartservice,cartservice,0,0,0,0,0
2026-09-11T13:15:40Z,cartservice,checkoutservice,0,0,0,0,0
2026-09-11T13:15:40Z,cartservice,currencyservice,0,0,0,0,0
2026-09-11T13:15:40Z,cartservice,emailservice,0,0,0,0,0
2026-09-11T13:15:40Z,cartservice,frontend,0,0,0,0,0
2026-09-11T13:15:40Z,cartservice,kubernetes,0,0,0,0,0
2026-09-11T13:15:40Z,cartservice,paymentservice,0,0,0,0,0
2026-09-11T13:15:40Z,cartservice,productcatalogservice,0,0,0,0,0
2026-09-11T13:15:40Z,cartservice,recommendationservice,0,0,0,0,0
2026-09-11T13:15:40Z,cartservice,redis-cart,2,0,0,0,0
2026-09-11T13:15:40Z,cartservice,shippingservice,0,0,0,0,0
2026-09-11T13:15:40Z,checkoutservice,adservice,0,0,0,0,0
2026-09-11T13:15:40Z,checkoutservice,cartservice,16914,16914,0,0,0
2026-09-11T13:15:40Z,checkoutservice,checkoutservice,0,0,0,0,0
2026-09-11T13:15:40Z,checkoutservice,currencyservice,8457,8457,0,0,0
2026-09-11T13:15:40Z,checkoutservice,emailservice,8457,8457,0,0,0
2026-09-11T13:15:40Z,checkoutservice,frontend,0,0,0,0,0
2026-09-11T13:15:40Z,checkoutservice,kubernetes,0,0,0,0,0
2026-09-11T13:15:40Z,checkoutservice,paymentservice,8457,8457,0,0,0
2026-09-11T13:15:40Z,checkoutservice,productcatalogservice,0,0,0,0,0
2026-09-11T13:15:40Z,checkoutservice,recommendationservice,0,0,0,0,0
2026-09-11T13:15:40Z,checkoutservice,redis-cart,0,0,0,0,0
2026-09-11T13:15:40Z,checkoutservice,shippingservice,16914,16914,0,0,0
2026-09-11T13:15:40Z,currencyservice,adservice,0,0,0,0,0
2026-09-11T13:15:40Z,currencyservice,cartservice,0,0,0,0,0
2026-09-11T13:15:40Z,currencyservice,checkoutservice,0,0,0,0,0
2026-09-11T13:15:40Z,currencyservice,currencyservice,0,0,0,0,0
2026-09-11T13:15:40Z,currencyservice,emailservice,0,0,0,0,0
2026-09-11T13:15:40Z,currencyservice,frontend,0,0,0,0,0
2026-09-11T13:15:40Z,currencyservice,kubernetes,0,0,0,0,0
2026-09-11T13:15:40Z,currencyservice,paymentservice,0,0,0,0,0
2026-09-11T13:15:40Z,currencyservice,productcatalogservice,0,0,0,0,0
2026-09-11T13:15:40Z,currencyservice,recommendationservice,0,0,0,0,0
2026-09-11T13:15:40Z,currencyservice,redis-cart,0,0,0,0,0
2026-09-11T13:15:40Z,currencyservice,shippingservice,0,0,0,0,0
2026-09-11T13:15:40Z,emailservice,adservice,0,0,0,0,0
2026-09-11T13:15:40Z,emailservice,cartservice,0,0,0,0,0
2026-09-11T13:15:40Z,emailservice,checkoutservice,0,0,0,0,0
2026-09-11T13:15:40Z,emailservice,currencyservice,0,0,0,0,0
2026-09-11T13:15:40Z,emailservice,emailservice,0,0,0,0,0
2026-09-11T13:15:40Z,emailservice,frontend,0,0,0,0,0
2026-09-11T13:15:40Z,emailservice,kubernetes,0,0,0,0,0
2026-09-11T13:15:40Z,emailservice,paymentservice,0,0,0,0,0
2026-09-11T13:15:40Z,emailservice,productcatalogservice,0,0,0,0,0
2026-09-11T13:15:40Z,emailservice,recommendationservice,0,0,0,0,0
2026-09-11T13:15:40Z,emailservice,redis-cart,0,0,0,0,0
2026-09-11T13:15:40Z,emailservice,shippingservice,0,0,0,0,0
2026-09-11T13:15:40Z,frontend,adservice,45364,32755,0,479,0
2026-09-11T13:15:40Z,frontend,cartservice,208003,207940,0,0,0
2026-09-11T13:15:40Z,frontend,checkoutservice,8472,8472,0,0,0
2026-09-11T13:15:40Z,frontend,currencyservice,331793,331686,0,0,0
2026-09-11T13:15:40Z,frontend,emailservice,0,0,0,0,0
2026-09-11T13:15:40Z,frontend,frontend,0,0,0,0,0
2026-09-11T13:15:40Z,frontend,kubernetes,0,0,0,0,0
2026-09-11T13:15:40Z,frontend,paymentservice,0,0,0,0,0
2026-09-11T13:15:40Z,frontend,productcatalogservice,829307,829030,0,0,0
2026-09-11T13:15:40Z,frontend,recommendationservice,135149,135116,0,0,0
2026-09-11T13:15:40Z,frontend,redis-cart,0,0,0,0,0
2026-09-11T13:15:40Z,frontend,shippingservice,80807,80786,0,0,0
2026-09-11T13:15:40Z,paymentservice,adservice,0,0,0,0,0
2026-09-11T13:15:40Z,paymentservice,cartservice,0,0,0,0,0
2026-09-11T13:15:40Z,paymentservice,checkoutservice,0,0,0,0,0
2026-09-11T13:15:40Z,paymentservice,currencyservice,0,0,0,0,0
2026-09-11T13:15:40Z,paymentservice,emailservice,0,0,0,0,0
2026-09-11T13:15:40Z,paymentservice,frontend,0,0,0,0,0
2026-09-11T13:15:40Z,paymentservice,kubernetes,0,0,0,0,0
2026-09-11T13:15:40Z,paymentservice,paymentservice,0,0,0,0,0
2026-09-11T13:15:40Z,paymentservice,productcatalogservice,0,0,0,0,0
2026-09-11T13:15:40Z,paymentservice,recommendationservice,0,0,0,0,0
2026-09-11T13:15:40Z,paymentservice,redis-cart,0,0,0,0,0
2026-09-11T13:15:40Z,paymentservice,shippingservice,0,0,0,0,0
2026-09-11T13:15:40Z,productcatalogservice,adservice,0,0,0,0,0
2026-09-11T13:15:40Z,productcatalogservice,cartservice,0,0,0,0,0
2026-09-11T13:15:40Z,productcatalogservice,checkoutservice,0,0,0,0,0
2026-09-11T13:15:40Z,productcatalogservice,currencyservice,0,0,0,0,0
2026-09-11T13:15:40Z,productcatalogservice,emailservice,0,0,0,0,0
2026-09-11T13:15:40Z,productcatalogservice,frontend,0,0,0,0,0
2026-09-11T13:15:40Z,productcatalogservice,kubernetes,0,0,0,0,0
2026-09-11T13:15:40Z,productcatalogservice,paymentservice,0,0,0,0,0
2026-09-11T13:15:40Z,productcatalogservice,productcatalogservice,0,0,0,0,0
2026-09-11T13:15:40Z,productcatalogservice,recommendationservice,0,0,0,0,0
2026-09-11T13:15:40Z,productcatalogservice,redis-cart,0,0,0,0,0
2026-09-11T13:15:40Z,productcatalogservice,shippingservice,0,0,0,0,0
2026-09-11T13:15:40Z,recommendationservice,adservice,0,0,0,0,0
2026-09-11T13:15:40Z,recommendationservice,cartservice,0,0,0,0,0
2026-09-11T13:15:40Z,recommendationservice,checkoutservice,0,0,0,0,0
2026-09-11T13:15:40Z,recommendationservice,currencyservice,0,0,0,0,0
2026-09-11T13:15:40Z,recommendationservice,emailservice,0,0,0,0,0
2026-09-11T13:15:40Z,recommendationservice,frontend,0,0,0,0,0
2026-09-11T13:15:40Z,recommendationservice,kubernetes,0,0,0,0,0
2026-09-11T13:15:40Z,recommendationservice,paymentservice,0,0,0,0,0
2026-09-11T13:15:40Z,recommendationservice,productcatalogservice,135315,135315,0,0,0
2026-09-11T13:15:40Z,recommendationservice,recommendationservice,0,0,0,0,0
2026-09-11T13:15:40Z,recommendationservice,redis-cart,0,0,0,0,0
2026-09-11T13:15:40Z,recommendationservice,shippingservice,0,0,0,0,0
2026-09-11T13:15:40Z,redis-cart,adservice,0,0,0,0,0
2026-09-11T13:15:40Z,redis-cart,cartservice,0,0,0,0,0
2026-09-11T13:15:40Z,redis-cart,checkoutservice,0,0,0,0,0
2026-09-11T13:15:40Z,redis-cart,currencyservice,0,0,0,0,0
2026-09-11T13:15:40Z,redis-cart,emailservice,0,0,0,0,0
2026-09-11T13:15:40Z,redis-cart,frontend,0,0,0,0,0
2026-09-11T13:15:40Z,redis-cart,kubernetes,0,0,0,0,0
2026-09-11T13:15:40Z,redis-cart,paymentservice,0,0,0,0,0
2026-09-11T13:15:40Z,redis-cart,productcatalogservice,0,0,0,0,0
2026-09-11T13:15:40Z,redis-cart,recommendationservice,0,0,0,0,0
2026-09-11T13:15:40Z,redis-cart,redis-cart,0,0,0,0,0
2026-09-11T13:15:40Z,redis-cart,shippingservice,0,0,0,0,0
2026-09-11T13:15:40Z,shippingservice,adservice,0,0,0,0,0
2026-09-11T13:15:40Z,shippingservice,cartservice,0,0,0,0,0
2026-09-11T13:15:40Z,shippingservice,checkoutservice,0,0,0,0,0
2026-09-11T13:15:40Z,shippingservice,currencyservice,0,0,0,0,0
2026-09-11T13:15:40Z,shippingservice,emailservice,0,0,0,0,0
2026-09-11T13:15:40Z,shippingservice,frontend,0,0,0,0,0
2026-09-11T13:15:40Z,shippingservice,kubernetes,0,0,0,0,0
2026-09-11T13:15:40Z,shippingservice,paymentservice,0,0,0,0,0
2026-09-11T13:15:40Z,shippingservice,productcatalogservice,0,0,0,0,0
2026-09-11T13:15:40Z,shippingservice,recommendationservice,0,0,0,0,0
2026-09-11T13:15:40Z,shippingservice,redis-cart,0,0,0,0,0
2026-09-11T13:15:40Z,shippingservice,shippingservice,0,0,0,0,0
2026-09-11T13:15:44Z,adservice,adservice,0,0,0,0,0
2026-09-11T13:15:44Z,adservice,cartservice,0,0,0,0,0
2026-09-11T13:15:44Z,adservice,checkoutservice,0,0,0,0,0
2026-09-11T13:15:44Z,adservice,currencyservice,0,0,0,0,0
2026-09-11T13:15:44Z,adservice,emailservice,0,0,0,0,0
2026-09-11T13:15:44Z,adservice,frontend,0,0,0,0,0
2026-09-11T13:15:44Z,adservice,kubernetes,0,0,0,0,0
2026-09-11T13:15:44Z,adservice,paymentservice,0,0,0,0,0
2026-09-11T13:15:44Z,adservice,productcatalogservice,0,0,0,0,0
2026-09-11T13:15:44Z,adservice,recommendationservice,0,0,0,0,0
2026-09-11T13:15:44Z,adservice,redis-cart,0,0,0,0,0
2026-09-11T13:15:44Z,adservice,shippingservice,0,0,0,0,0
2026-09-11T13:15:44Z,cartservice,adservice,0,0,0,0,0
2026-09-11T13:15:44Z,cartservice,cartservice,0,0,0,0,0
2026-09-11T13:15:44Z,cartservice,checkoutservice,0,0,0,0,0
2026-09-11T13:15:44Z,cartservice,currencyservice,0,0,0,0,0
2026-09-11T13:15:44Z,cartservice,emailservice,0,0,0,0,0
2026-09-11T13:15:44Z,cartservice,frontend,0,0,0,0,0
2026-09-11T13:15:44Z,cartservice,kubernetes,0,0,0,0,0
2026-09-11T13:15:44Z,cartservice,paymentservice,0,0,0,0,0
2026-09-11T13:15:44Z,cartservice,productcatalogservice,0,0,0,0,0
2026-09-11T13:15:44Z,cartservice,recommendationservice,0,0,0,0,0
2026-09-11T13:15:44Z,cartservice,redis-cart,2,0,0,0,0
2026-09-11T13:15:44Z,cartservice,shippingservice,0,0,0,0,0
2026-09-11T13:15:44Z,checkoutservice,adservice,0,0,0,0,0
2026-09-11T13:15:44Z,checkoutservice,cartservice,17036,17036,0,0,0
2026-09-11T13:15:44Z,checkoutservice,checkoutservice,0,0,0,0,0
2026-09-11T13:15:44Z,checkoutservice,currencyservice,8518,8518,0,0,0
2026-09-11T13:15:44Z,checkoutservice,emailservice,8518,8518,0,0,0
2026-09-11T13:15:44Z,checkoutservice,frontend,0,0,0,0,0
2026-09-11T13:15:44Z,checkoutservice,kubernetes,0,0,0,0,0
2026-09-11T13:15:44Z,checkoutservice,paymentservice,8518,8518,0,0,0
2026-09-11T13:15:44Z,checkoutservice,productcatalogservice,0,0,0,0,0
2026-09-11T13:15:44Z,checkoutservice,recommendationservice,0,0,0,0,0
2026-09-11T13:15:44Z,checkoutservice,redis-cart,0,0,0,0,0
2026-09-11T13:15:44Z,checkoutservice,shippingservice,17036,17036,0,0,0
2026-09-11T13:15:44Z,currencyservice,adservice,0,0,0,0,0
2026-09-11T13:15:44Z,currencyservice,cartservice,0,0,0,0,0
2026-09-11T13:15:44Z,currencyservice,checkoutservice,0,0,0,0,0
2026-09-11T13:15:44Z,currencyservice,currencyservice,0,0,0,0,0
2026-09-11T13:15:44Z,currencyservice,emailservice,0,0,0,0,0
2026-09-11T13:15:44Z,currencyservice,frontend,0,0,0,0,0
2026-09-11T13:15:44Z,currencyservice,kubernetes,0,0,0,0,0
2026-09-11T13:15:44Z,currencyservice,paymentservice,0,0,0,0,0
2026-09-11T13:15:44Z,currencyservice,productcatalogservice,0,0,0,0,0
2026-09-11T13:15:44Z,currencyservice,recommendationservice,0,0,0,0,0
2026-09-11T13:15:44Z,currencyservice,redis-cart,0,0,0,0,0
2026-09-11T13:15:44Z,currencyservice,shippingservice,0,0,0,0,0
2026-09-11T13:15:44Z,emailservice,adservice,0,0,0,0,0
2026-09-11T13:15:44Z,emailservice,cartservice,0,0,0,0,0
2026-09-11T13:15:44Z,emailservice,checkoutservice,0,0,0,0,0
2026-09-11T13:15:44Z,emailservice,currencyservice,0,0,0,0,0
2026-09-11T13:15:44Z,emailservice,emailservice,0,0,0,0,0
2026-09-11T13:15:44Z,emailservice,frontend,0,0,0,0,0
2026-09-11T13:15:44Z,emailservice,kubernetes,0,0,0,0,0
2026-09-11T13:15:44Z,emailservice,paymentservice,0,0,0,0,0
2026-09-11T13:15:44Z,emailservice,productcatalogservice,0,0,0,0,0
2026-09-11T13:15:44Z,emailservice,recommendationservice,0,0,0,0,0
2026-09-11T13:15:44Z,emailservice,redis-cart,0,0,0,0,0
2026-09-11T13:15:44Z,emailservice,shippingservice,0,0,0,0,0
2026-09-11T13:15:44Z,frontend,adservice,45682,33072,0,479,0
2026-09-11T13:15:44Z,frontend,cartservice,209309,209259,0,0,0
2026-09-11T13:15:44Z,frontend,checkoutservice,8531,8525,0,0,0
2026-09-11T13:15:44Z,frontend,currencyservice,333940,333859,0,0,0
2026-09-11T13:15:44Z,frontend,emailservice,0,0,0,0,0
2026-09-11T13:15:44Z,frontend,frontend,0,0,0,0,0
2026-09-11T13:15:44Z,frontend,kubernetes,0,0,0,0,0
2026-09-11T13:15:44Z,frontend,paymentservice,0,0,0,0,0
2026-09-11T13:15:44Z,frontend,productcatalogservice,834886,834455,0,0,0
2026-09-11T13:15:44Z,frontend,recommendationservice,136052,136016,0,0,0
2026-09-11T13:15:44Z,frontend,redis-cart,0,0,0,0,0
2026-09-11T13:15:44Z,frontend,shippingservice,81361,81326,0,0,0
2026-09-11T13:15:44Z,paymentservice,adservice,0,0,0,0,0
2026-09-11T13:15:44Z,paymentservice,cartservice,0,0,0,0,0
2026-09-11T13:15:44Z,paymentservice,checkoutservice,0,0,0,0,0
2026-09-11T13:15:44Z,paymentservice,currencyservice,0,0,0,0,0
2026-09-11T13:15:44Z,paymentservice,emailservice,0,0,0,0,0
2026-09-11T13:15:44Z,paymentservice,frontend,0,0,0,0,0
2026-09-11T13:15:44Z,paymentservice,kubernetes,0,0,0,0,0
2026-09-11T13:15:44Z,paymentservice,paymentservice,0,0,0,0,0
2026-09-11T13:15:44Z,paymentservice,productcatalogservice,0,0,0,0,0
2026-09-11T13:15:44Z,paymentservice,recommendationservice,0,0,0,0,0
2026-09-11T13:15:44Z,paymentservice,redis-cart,0,0,0,0,0
2026-09-11T13:15:44Z,paymentservice,shippingservice,0,0,0,0,0
2026-09-11T13:15:44Z,productcatalogservice,adservice,0,0,0,0,0
2026-09-11T13:15:44Z,productcatalogservice,cartservice,0,0,0,0,0
2026-09-11T13:15:44Z,productcatalogservice,checkoutservice,0,0,0,0,0
2026-09-11T13:15:44Z,productcatalogservice,currencyservice,0,0,0,0,0
2026-09-11T13:15:44Z,productcatalogservice,emailservice,0,0,0,0,0
2026-09-11T13:15:44Z,productcatalogservice,frontend,0,0,0,0,0
2026-09-11T13:15:44Z,productcatalogservice,kubernetes,0,0,0,0,0
2026-09-11T13:15:44Z,productcatalogservice,paymentservice,0,0,0,0,0
2026-09-11T13:15:44Z,productcatalogservice,productcatalogservice,0,0,0,0,0
2026-09-11T13:15:44Z,productcatalogservice,recommendationservice,0,0,0,0,0
2026-09-11T13:15:44Z,productcatalogservice,redis-cart,0,0,0,0,0
2026-09-11T13:15:44Z,productcatalogservice,shippingservice,0,0,0,0,0
2026-09-11T13:15:44Z,recommendationservice,adservice,0,0,0,0,0
2026-09-11T13:15:44Z,recommendationservice,cartservice,0,0,0,0,0
2026-09-11T13:15:44Z,recommendationservice,checkoutservice,0,0,0,0,0
2026-09-11T13:15:44Z,recommendationservice,currencyservice,0,0,0,0,0
2026-09-11T13:15:44Z,recommendationservice,emailservice,0,0,0,0,0
2026-09-11T13:15:44Z,recommendationservice,frontend,0,0,0,0,0
2026-09-11T13:15:44Z,recommendationservice,kubernetes,0,0,0,0,0
2026-09-11T13:15:44Z,recommendationservice,paymentservice,0,0,0,0,0
2026-09-11T13:15:44Z,recommendationservice,productcatalogservice,136203,136203,0,0,0
2026-09-11T13:15:44Z,recommendationservice,recommendationservice,0,0,0,0,0
2026-09-11T13:15:44Z,recommendationservice,redis-cart,0,0,0,0,0
2026-09-11T13:15:44Z,recommendationservice,shippingservice,0,0,0,0,0
2026-09-11T13:15:44Z,redis-cart,adservice,0,0,0,0,0
2026-09-11T13:15:44Z,redis-cart,cartservice,0,0,0,0,0
2026-09-11T13:15:44Z,redis-cart,checkoutservice,0,0,0,0,0
2026-09-11T13:15:44Z,redis-cart,currencyservice,0,0,0,0,0
2026-09-11T13:15:44Z,redis-cart,emailservice,0,0,0,0,0
2026-09-11T13:15:44Z,redis-cart,frontend,0,0,0,0,0
2026-09-11T13:15:44Z,redis-cart,kubernetes,0,0,0,0,0
2026-09-11T13:15:44Z,redis-cart,paymentservice,0,0,0,0,0
2026-09-11T13:15:44Z,redis-cart,productcatalogservice,0,0,0,0,0
2026-09-11T13:15:44Z,redis-cart,recommendationservice,0,0,0,0,0
2026-09-11T13:15:44Z,redis-cart,redis-cart,0,0,0,0,0
2026-09-11T13:15:44Z,redis-cart,shippingservice,0,0,0,0,0
2026-09-11T13:15:44Z,shippingservice,adservice,0,0,0,0,0
2026-09-11T13:15:44Z,shippingservice,cartservice,0,0,0,0,0
2026-09-11T13:15:44Z,shippingservice,checkoutservice,0,0,0,0,0
2026-09-11T13:15:44Z,shippingservice,currencyservice,0,0,0,0,0
2026-09-11T13:15:44Z,shippingservice,emailservice,0,0,0,0,0
2026-09-11T13:15:44Z,shippingservice,frontend,0,0,0,0,0
2026-09-11T13:15:44Z,shippingservice,kubernetes,0,0,0,0,0
2026-09-11T13:15:44Z,shippingservice,paymentservice,0,0,0,0,0
2026-09-11T13:15:44Z,shippingservice,productcatalogservice,0,0,0,0,0
2026-09-11T13:15:44Z,shippingservice,recommendationservice,0,0,0,0,0
2026-09-11T13:15:44Z,shippingservice,redis-cart,0,0,0,0,0
2026-09-11T13:15:44Z,shippingservice,shippingservice,0,0,0,0,0
2026-09-11T13:15:48Z,adservice,adservice,0,0,0,0,0
2026-09-11T13:15:48Z,adservice,cartservice,0,0,0,0,0
2026-09-11T13:15:48Z,adservice,checkoutservice,0,0,0,0,0
2026-09-11T13:15:48Z,adservice,currencyservice,0,0,0,0,0
2026-09-11T13:15:48Z,adservice,emailservice,0,0,0,0,0
2026-09-11T13:15:48Z,adservice,frontend,0,0,0,0,0
2026-09-11T13:15:48Z,adservice,kubernetes,0,0,0,0,0
2026-09-11T13:15:48Z,adservice,paymentservice,0,0,0,0,0
2026-09-11T13:15:48Z,adservice,productcatalogservice,0,0,0,0,0
2026-09-11T13:15:48Z,adservice,recommendationservice,0,0,0,0,0
2026-09-11T13:15:48Z,adservice,redis-cart,0,0,0,0,0
2026-09-11T13:15:48Z,adservice,shippingservice,0,0,0,0,0
2026-09-11T13:15:48Z,cartservice,adservice,0,0,0,0,0
2026-09-11T13:15:48Z,cartservice,cartservice,0,0,0,0,0
2026-09-11T13:15:48Z,cartservice,checkoutservice,0,0,0,0,0
2026-09-11T13:15:48Z,cartservice,currencyservice,0,0,0,0,0
2026-09-11T13:15:48Z,cartservice,emailservice,0,0,0,0,0
2026-09-11T13:15:48Z,cartservice,frontend,0,0,0,0,0
2026-09-11T13:15:48Z,cartservice,kubernetes,0,0,0,0,0
2026-09-11T13:15:48Z,cartservice,paymentservice,0,0,0,0,0
2026-09-11T13:15:48Z,cartservice,productcatalogservice,0,0,0,0,0
2026-09-11T13:15:48Z,cartservice,recommendationservice,0,0,0,0,0
2026-09-11T13:15:48Z,cartservice,redis-cart,2,0,0,0,0
2026-09-11T13:15:48Z,cartservice,shippingservice,0,0,0,0,0
2026-09-11T13:15:48Z,checkoutservice,adservice,0,0,0,0,0
2026-09-11T13:15:48Z,checkoutservice,cartservice,17158,17158,0,0,0
2026-09-11T13:15:48Z,checkoutservice,checkoutservice,0,0,0,0,0
2026-09-11T13:15:48Z,checkoutservice,currencyservice,8579,8579,0,0,0
2026-09-11T13:15:48Z,checkoutservice,emailservice,8579,8579,0,0,0
2026-09-11T13:15:48Z,checkoutservice,frontend,0,0,0,0,0
2026-09-11T13:15:48Z,checkoutservice,kubernetes,0,0,0,0,0
2026-09-11T13:15:48Z,checkoutservice,paymentservice,8579,8579,0,0,0
2026-09-11T13:15:48Z,checkoutservice,productcatalogservice,0,0,0,0,0
2026-09-11T13:15:48Z,checkoutservice,recommendationservice,0,0,0,0,0
2026-09-11T13:15:48Z,checkoutservice,redis-cart,0,0,0,0,0
2026-09-11T13:15:48Z,checkoutservice,shippingservice,17158,17158,0,0,0
2026-09-11T13:15:48Z,currencyservice,adservice,0,0,0,0,0
2026-09-11T13:15:48Z,currencyservice,cartservice,0,0,0,0,0
2026-09-11T13:15:48Z,currencyservice,checkoutservice,0,0,0,0,0
2026-09-11T13:15:48Z,currencyservice,currencyservice,0,0,0,0,0
2026-09-11T13:15:48Z,currencyservice,emailservice,0,0,0,0,0
2026-09-11T13:15:48Z,currencyservice,frontend,0,0,0,0,0
2026-09-11T13:15:48Z,currencyservice,kubernetes,0,0,0,0,0
2026-09-11T13:15:48Z,currencyservice,paymentservice,0,0,0,0,0
2026-09-11T13:15:48Z,currencyservice,productcatalogservice,0,0,0,0,0
2026-09-11T13:15:48Z,currencyservice,recommendationservice,0,0,0,0,0
2026-09-11T13:15:48Z,currencyservice,redis-cart,0,0,0,0,0
2026-09-11T13:15:48Z,currencyservice,shippingservice,0,0,0,0,0
2026-09-11T13:15:48Z,emailservice,adservice,0,0,0,0,0
2026-09-11T13:15:48Z,emailservice,cartservice,0,0,0,0,0
2026-09-11T13:15:48Z,emailservice,checkoutservice,0,0,0,0,0
2026-09-11T13:15:48Z,emailservice,currencyservice,0,0,0,0,0
2026-09-11T13:15:48Z,emailservice,emailservice,0,0,0,0,0
2026-09-11T13:15:48Z,emailservice,frontend,0,0,0,0,0
2026-09-11T13:15:48Z,emailservice,kubernetes,0,0,0,0,0
2026-09-11T13:15:48Z,emailservice,paymentservice,0,0,0,0,0
2026-09-11T13:15:48Z,emailservice,productcatalogservice,0,0,0,0,0
2026-09-11T13:15:48Z,emailservice,recommendationservice,0,0,0,0,0
2026-09-11T13:15:48Z,emailservice,redis-cart,0,0,0,0,0
2026-09-11T13:15:48Z,emailservice,shippingservice,0,0,0,0,0
2026-09-11T13:15:48Z,frontend,adservice,45993,33384,0,479,0
2026-09-11T13:15:48Z,frontend,cartservice,210723,210673,0,0,0
2026-09-11T13:15:48Z,frontend,checkoutservice,8590,8590,0,0,0
2026-09-11T13:15:48Z,frontend,currencyservice,336210,336131,0,0,0
2026-09-11T13:15:48Z,frontend,emailservice,0,0,0,0,0
2026-09-11T13:15:48Z,frontend,frontend,0,0,0,0,0
2026-09-11T13:15:48Z,frontend,kubernetes,0,0,0,0,0
2026-09-11T13:15:48Z,frontend,paymentservice,0,0,0,0,0
2026-09-11T13:15:48Z,frontend,productcatalogservice,840442,839970,0,0,0
2026-09-11T13:15:48Z,frontend,recommendationservice,136981,136909,0,0,0
2026-09-11T13:15:48Z,frontend,redis-cart,0,0,0,0,0
2026-09-11T13:15:48Z,frontend,shippingservice,81901,81866,0,0,0
2026-09-11T13:15:48Z,paymentservice,adservice,0,0,0,0,0
2026-09-11T13:15:48Z,paymentservice,cartservice,0,0,0,0,0
2026-09-11T13:15:48Z,paymentservice,checkoutservice,0,0,0,0,0
2026-09-11T13:15:48Z,paymentservice,currencyservice,0,0,0,0,0
2026-09-11T13:15:48Z,paymentservice,emailservice,0,0,0,0,0
2026-09-11T13:15:48Z,paymentservice,frontend,0,0,0,0,0
2026-09-11T13:15:48Z,paymentservice,kubernetes,0,0,0,0,0
2026-09-11T13:15:48Z,paymentservice,paymentservice,0,0,0,0,0
2026-09-11T13:15:48Z,paymentservice,productcatalogservice,0,0,0,0,0
2026-09-11T13:15:48Z,paymentservice,recommendationservice,0,0,0,0,0
2026-09-11T13:15:48Z,paymentservice,redis-cart,0,0,0,0,0
2026-09-11T13:15:48Z,paymentservice,shippingservice,0,0,0,0,0
2026-09-11T13:15:48Z,productcatalogservice,adservice,0,0,0,0,0
2026-09-11T13:15:48Z,productcatalogservice,cartservice,0,0,0,0,0
2026-09-11T13:15:48Z,productcatalogservice,checkoutservice,0,0,0,0,0
2026-09-11T13:15:48Z,productcatalogservice,currencyservice,0,0,0,0,0
2026-09-11T13:15:48Z,productcatalogservice,emailservice,0,0,0,0,0
2026-09-11T13:15:48Z,productcatalogservice,frontend,0,0,0,0,0
2026-09-11T13:15:48Z,productcatalogservice,kubernetes,0,0,0,0,0
2026-09-11T13:15:48Z,productcatalogservice,paymentservice,0,0,0,0,0
2026-09-11T13:15:48Z,productcatalogservice,productcatalogservice,0,0,0,0,0
2026-09-11T13:15:48Z,productcatalogservice,recommendationservice,0,0,0,0,0
2026-09-11T13:15:48Z,productcatalogservice,redis-cart,0,0,0,0,0
2026-09-11T13:15:48Z,productcatalogservice,shippingservice,0,0,0,0,0
2026-09-11T13:15:48Z,recommendationservice,adservice,0,0,0,0,0
2026-09-11T13:15:48Z,recommendationservice,cartservice,0,0,0,0,0
2026-09-11T13:15:48Z,recommendationservice,checkoutservice,0,0,0,0,0
2026-09-11T13:15:48Z,recommendationservice,currencyservice,0,0,0,0,0
2026-09-11T13:15:48Z,recommendationservice,emailservice,0,0,0,0,0
2026-09-11T13:15:48Z,recommendationservice,frontend,0,0,0,0,0
2026-09-11T13:15:48Z,recommendationservice,kubernetes,0,0,0,0,0
2026-09-11T13:15:48Z,recommendationservice,paymentservice,0,0,0,0,0
2026-09-11T13:15:48Z,recommendationservice,productcatalogservice,137151,137151,0,0,0
2026-09-11T13:15:48Z,recommendationservice,recommendationservice,0,0,0,0,0
2026-09-11T13:15:48Z,recommendationservice,redis-cart,0,0,0,0,0
2026-09-11T13:15:48Z,recommendationservice,shippingservice,0,0,0,0,0
2026-09-11T13:15:48Z,redis-cart,adservice,0,0,0,0,0
2026-09-11T13:15:48Z,redis-cart,cartservice,0,0,0,0,0
2026-09-11T13:15:48Z,redis-cart,checkoutservice,0,0,0,0,0
2026-09-11T13:15:48Z,redis-cart,currencyservice,0,0,0,0,0
2026-09-11T13:15:48Z,redis-cart,emailservice,0,0,0,0,0
2026-09-11T13:15:48Z,redis-cart,frontend,0,0,0,0,0
2026-09-11T13:15:48Z,redis-cart,kubernetes,0,0,0,0,0
2026-09-11T13:15:48Z,redis-cart,paymentservice,0,0,0,0,0
2026-09-11T13:15:48Z,redis-cart,productcatalogservice,0,0,0,0,0
2026-09-11T13:15:48Z,redis-cart,recommendationservice,0,0,0,0,0
2026-09-11T13:15:48Z,redis-cart,redis-cart,0,0,0,0,0
2026-09-11T13:15:48Z,redis-cart,shippingservice,0,0,0,0,0
2026-09-11T13:15:48Z,shippingservice,adservice,0,0,0,0,0
2026-09-11T13:15:48Z,shippingservice,cartservice,0,0,0,0,0
2026-09-11T13:15:48Z,shippingservice,checkoutservice,0,0,0,0,0
2026-09-11T13:15:48Z,shippingservice,currencyservice,0,0,0,0,0
2026-09-11T13:15:48Z,shippingservice,emailservice,0,0,0,0,0
2026-09-11T13:15:48Z,shippingservice,frontend,0,0,0,0,0
2026-09-11T13:15:48Z,shippingservice,kubernetes,0,0,0,0,0
2026-09-11T13:15:48Z,shippingservice,paymentservice,0,0,0,0,0
2026-09-11T13:15:48Z,shippingservice,productcatalogservice,0,0,0,0,0
2026-09-11T13:15:48Z,shippingservice,recommendationservice,0,0,0,0,0
2026-09-11T13:15:48Z,shippingservice,redis-cart,0,0,0,0,0
2026-09-11T13:15:48Z,shippingservice,shippingservice,0,0,0,0,0
2026-09-11T13:15:51Z,adservice,adservice,0,0,0,0,0
2026-09-11T13:15:51Z,adservice,cartservice,0,0,0,0,0
2026-09-11T13:15:51Z,adservice,checkoutservice,0,0,0,0,0
2026-09-11T13:15:51Z,adservice,currencyservice,0,0,0,0,0
2026-09-11T13:15:51Z,adservice,emailservice,0,0,0,0,0
2026-09-11T13:15:51Z,adservice,frontend,0,0,0,0,0
2026-09-11T13:15:51Z,adservice,kubernetes,0,0,0,0,0
2026-09-11T13:15:51Z,adservice,paymentservice,0,0,0,0,0
2026-09-11T13:15:51Z,adservice,productcatalogservice,0,0,0,0,0
2026-09-11T13:15:51Z,adservice,recommendationservice,0,0,0,0,0
2026-09-11T13:15:51Z,adservice,redis-cart,0,0,0,0,0
2026-09-11T13:15:51Z,adservice,shippingservice,0,0,0,0,0
2026-09-11T13:15:51Z,cartservice,adservice,0,0,0,0,0
2026-09-11T13:15:51Z,cartservice,cartservice,0,0,0,0,0
2026-09-11T13:15:51Z,cartservice,checkoutservice,0,0,0,0,0
2026-09-11T13:15:51Z,cartservice,currencyservice,0,0,0,0,0
2026-09-11T13:15:51Z,cartservice,emailservice,0,0,0,0,0
2026-09-11T13:15:51Z,cartservice,frontend,0,0,0,0,0
2026-09-11T13:15:51Z,cartservice,kubernetes,0,0,0,0,0
2026-09-11T13:15:51Z,cartservice,paymentservice,0,0,0,0,0
2026-09-11T13:15:51Z,cartservice,productcatalogservice,0,0,0,0,0
2026-09-11T13:15:51Z,cartservice,recommendationservice,0,0,0,0,0
2026-09-11T13:15:51Z,cartservice,redis-cart,2,0,0,0,0
2026-09-11T13:15:51Z,cartservice,shippingservice,0,0,0,0,0
2026-09-11T13:15:51Z,checkoutservice,adservice,0,0,0,0,0
2026-09-11T13:15:51Z,checkoutservice,cartservice,17248,17248,0,0,0
2026-09-11T13:15:51Z,checkoutservice,checkoutservice,0,0,0,0,0
2026-09-11T13:15:51Z,checkoutservice,currencyservice,8624,8624,0,0,0
2026-09-11T13:15:51Z,checkoutservice,emailservice,8624,8624,0,0,0
2026-09-11T13:15:51Z,checkoutservice,frontend,0,0,0,0,0
2026-09-11T13:15:51Z,checkoutservice,kubernetes,0,0,0,0,0
2026-09-11T13:15:51Z,checkoutservice,paymentservice,8624,8624,0,0,0
2026-09-11T13:15:51Z,checkoutservice,productcatalogservice,0,0,0,0,0
2026-09-11T13:15:51Z,checkoutservice,recommendationservice,0,0,0,0,0
2026-09-11T13:15:51Z,checkoutservice,redis-cart,0,0,0,0,0
2026-09-11T13:15:51Z,checkoutservice,shippingservice,17248,17248,0,0,0
2026-09-11T13:15:51Z,currencyservice,adservice,0,0,0,0,0
2026-09-11T13:15:51Z,currencyservice,cartservice,0,0,0,0,0
2026-09-11T13:15:51Z,currencyservice,checkoutservice,0,0,0,0,0
2026-09-11T13:15:51Z,currencyservice,currencyservice,0,0,0,0,0
2026-09-11T13:15:51Z,currencyservice,emailservice,0,0,0,0,0
2026-09-11T13:15:51Z,currencyservice,frontend,0,0,0,0,0
2026-09-11T13:15:51Z,currencyservice,kubernetes,0,0,0,0,0
2026-09-11T13:15:51Z,currencyservice,paymentservice,0,0,0,0,0
2026-09-11T13:15:51Z,currencyservice,productcatalogservice,0,0,0,0,0
2026-09-11T13:15:51Z,currencyservice,recommendationservice,0,0,0,0,0
2026-09-11T13:15:51Z,currencyservice,redis-cart,0,0,0,0,0
2026-09-11T13:15:51Z,currencyservice,shippingservice,0,0,0,0,0
2026-09-11T13:15:51Z,emailservice,adservice,0,0,0,0,0
2026-09-11T13:15:51Z,emailservice,cartservice,0,0,0,0,0
2026-09-11T13:15:51Z,emailservice,checkoutservice,0,0,0,0,0
2026-09-11T13:15:51Z,emailservice,currencyservice,0,0,0,0,0
2026-09-11T13:15:51Z,emailservice,emailservice,0,0,0,0,0
2026-09-11T13:15:51Z,emailservice,frontend,0,0,0,0,0
2026-09-11T13:15:51Z,emailservice,kubernetes,0,0,0,0,0
2026-09-11T13:15:51Z,emailservice,paymentservice,0,0,0,0,0
2026-09-11T13:15:51Z,emailservice,productcatalogservice,0,0,0,0,0
2026-09-11T13:15:51Z,emailservice,recommendationservice,0,0,0,0,0
2026-09-11T13:15:51Z,emailservice,redis-cart,0,0,0,0,0
2026-09-11T13:15:51Z,emailservice,shippingservice,0,0,0,0,0
2026-09-11T13:15:51Z,frontend,adservice,46214,33605,0,479,0
2026-09-11T13:15:51Z,frontend,cartservice,211814,211761,0,0,0
2026-09-11T13:15:51Z,frontend,checkoutservice,8633,8633,0,0,0
2026-09-11T13:15:51Z,frontend,currencyservice,337923,337845,0,0,0
2026-09-11T13:15:51Z,frontend,emailservice,0,0,0,0,0
2026-09-11T13:15:51Z,frontend,frontend,0,0,0,0,0
2026-09-11T13:15:51Z,frontend,kubernetes,0,0,0,0,0
2026-09-11T13:15:51Z,frontend,paymentservice,0,0,0,0,0
2026-09-11T13:15:51Z,frontend,productcatalogservice,844677,844257,0,0,0
2026-09-11T13:15:51Z,frontend,recommendationservice,137673,137628,0,0,0
2026-09-11T13:15:51Z,frontend,redis-cart,0,0,0,0,0
2026-09-11T13:15:51Z,frontend,shippingservice,82299,82298,0,0,0
2026-09-11T13:15:51Z,paymentservice,adservice,0,0,0,0,0
2026-09-11T13:15:51Z,paymentservice,cartservice,0,0,0,0,0
2026-09-11T13:15:51Z,paymentservice,checkoutservice,0,0,0,0,0
2026-09-11T13:15:51Z,paymentservice,currencyservice,0,0,0,0,0
2026-09-11T13:15:51Z,paymentservice,emailservice,0,0,0,0,0
2026-09-11T13:15:51Z,paymentservice,frontend,0,0,0,0,0
2026-09-11T13:15:51Z,paymentservice,kubernetes,0,0,0,0,0
2026-09-11T13:15:51Z,paymentservice,paymentservice,0,0,0,0,0
2026-09-11T13:15:51Z,paymentservice,productcatalogservice,0,0,0,0,0
2026-09-11T13:15:51Z,paymentservice,recommendationservice,0,0,0,0,0
2026-09-11T13:15:51Z,paymentservice,redis-cart,0,0,0,0,0
2026-09-11T13:15:51Z,paymentservice,shippingservice,0,0,0,0,0
2026-09-11T13:15:51Z,productcatalogservice,adservice,0,0,0,0,0
2026-09-11T13:15:51Z,productcatalogservice,cartservice,0,0,0,0,0
2026-09-11T13:15:51Z,productcatalogservice,checkoutservice,0,0,0,0,0
2026-09-11T13:15:51Z,productcatalogservice,currencyservice,0,0,0,0,0
2026-09-11T13:15:51Z,productcatalogservice,emailservice,0,0,0,0,0
2026-09-11T13:15:51Z,productcatalogservice,frontend,0,0,0,0,0
2026-09-11T13:15:51Z,productcatalogservice,kubernetes,0,0,0,0,0
2026-09-11T13:15:51Z,productcatalogservice,paymentservice,0,0,0,0,0
2026-09-11T13:15:51Z,productcatalogservice,productcatalogservice,0,0,0,0,0
2026-09-11T13:15:51Z,productcatalogservice,recommendationservice,0,0,0,0,0
2026-09-11T13:15:51Z,productcatalogservice,redis-cart,0,0,0,0,0
2026-09-11T13:15:51Z,productcatalogservice,shippingservice,0,0,0,0,0
2026-09-11T13:15:51Z,recommendationservice,adservice,0,0,0,0,0
2026-09-11T13:15:51Z,recommendationservice,cartservice,0,0,0,0,0
2026-09-11T13:15:51Z,recommendationservice,checkoutservice,0,0,0,0,0
2026-09-11T13:15:51Z,recommendationservice,currencyservice,0,0,0,0,0
2026-09-11T13:15:51Z,recommendationservice,emailservice,0,0,0,0,0
2026-09-11T13:15:51Z,recommendationservice,frontend,0,0,0,0,0
2026-09-11T13:15:51Z,recommendationservice,kubernetes,0,0,0,0,0
2026-09-11T13:15:51Z,recommendationservice,paymentservice,0,0,0,0,0
2026-09-11T13:15:51Z,recommendationservice,productcatalogservice,137819,137819,0,0,0
2026-09-11T13:15:51Z,recommendationservice,recommendationservice,0,0,0,0,0
2026-09-11T13:15:51Z,recommendationservice,redis-cart,0,0,0,0,0
2026-09-11T13:15:51Z,recommendationservice,shippingservice,0,0,0,0,0
2026-09-11T13:15:51Z,redis-cart,adservice,0,0,0,0,0
2026-09-11T13:15:51Z,redis-cart,cartservice,0,0,0,0,0
2026-09-11T13:15:51Z,redis-cart,checkoutservice,0,0,0,0,0
2026-09-11T13:15:51Z,redis-cart,currencyservice,0,0,0,0,0
2026-09-11T13:15:51Z,redis-cart,emailservice,0,0,0,0,0
2026-09-11T13:15:51Z,redis-cart,frontend,0,0,0,0,0
2026-09-11T13:15:51Z,redis-cart,kubernetes,0,0,0,0,0
2026-09-11T13:15:51Z,redis-cart,paymentservice,0,0,0,0,0
2026-09-11T13:15:51Z,redis-cart,productcatalogservice,0,0,0,0,0
2026-09-11T13:15:51Z,redis-cart,recommendationservice,0,0,0,0,0
2026-09-11T13:15:51Z,redis-cart,redis-cart,0,0,0,0,0
2026-09-11T13:15:51Z,redis-cart,shippingservice,0,0,0,0,0
2026-09-11T13:15:51Z,shippingservice,adservice,0,0,0,0,0
2026-09-11T13:15:51Z,shippingservice,cartservice,0,0,0,0,0
2026-09-11T13:15:51Z,shippingservice,checkoutservice,0,0,0,0,0
2026-09-11T13:15:51Z,shippingservice,currencyservice,0,0,0,0,0
2026-09-11T13:15:51Z,shippingservice,emailservice,0,0,0,0,0
2026-09-11T13:15:51Z,shippingservice,frontend,0,0,0,0,0
2026-09-11T13:15:51Z,shippingservice,kubernetes,0,0,0,0,0
2026-09-11T13:15:51Z,shippingservice,paymentservice,0,0,0,0,0
2026-09-11T13:15:51Z,shippingservice,productcatalogservice,0,0,0,0,0
2026-09-11T13:15:51Z,shippingservice,recommendationservice,0,0,0,0,0
2026-09-11T13:15:51Z,shippingservice,redis-cart,0,0,0,0,0
2026-09-11T13:15:51Z,shippingservice,shippingservice,0,0,0,0,0
2026-09-11T13:15:55Z,adservice,adservice,0,0,0,0,0
2026-09-11T13:15:55Z,adservice,cartservice,0,0,0,0,0
2026-09-11T13:15:55Z,adservice,checkoutservice,0,0,0,0,0
2026-09-11T13:15:55Z,adservice,currencyservice,0,0,0,0,0
2026-09-11T13:15:55Z,adservice,emailservice,0,0,0,0,0
2026-09-11T13:15:55Z,adservice,frontend,0,0,0,0,0
2026-09-11T13:15:55Z,adservice,kubernetes,0,0,0,0,0
2026-09-11T13:15:55Z,adservice,paymentservice,0,0,0,0,0
2026-09-11T13:15:55Z,adservice,productcatalogservice,0,0,0,0,0
2026-09-11T13:15:55Z,adservice,recommendationservice,0,0,0,0,0
2026-09-11T13:15:55Z,adservice,redis-cart,0,0,0,0,0
2026-09-11T13:15:55Z,adservice,shippingservice,0,0,0,0,0
2026-09-11T13:15:55Z,cartservice,adservice,0,0,0,0,0
2026-09-11T13:15:55Z,cartservice,cartservice,0,0,0,0,0
2026-09-11T13:15:55Z,cartservice,checkoutservice,0,0,0,0,0
2026-09-11T13:15:55Z,cartservice,currencyservice,0,0,0,0,0
2026-09-11T13:15:55Z,cartservice,emailservice,0,0,0,0,0
2026-09-11T13:15:55Z,cartservice,frontend,0,0,0,0,0
2026-09-11T13:15:55Z,cartservice,kubernetes,0,0,0,0,0
2026-09-11T13:15:55Z,cartservice,paymentservice,0,0,0,0,0
2026-09-11T13:15:55Z,cartservice,productcatalogservice,0,0,0,0,0
2026-09-11T13:15:55Z,cartservice,recommendationservice,0,0,0,0,0
2026-09-11T13:15:55Z,cartservice,redis-cart,2,0,0,0,0
2026-09-11T13:15:55Z,cartservice,shippingservice,0,0,0,0,0
2026-09-11T13:15:55Z,checkoutservice,adservice,0,0,0,0,0
2026-09-11T13:15:55Z,checkoutservice,cartservice,17369,17369,0,0,0
2026-09-11T13:15:55Z,checkoutservice,checkoutservice,0,0,0,0,0
2026-09-11T13:15:55Z,checkoutservice,currencyservice,8682,8682,0,0,0
2026-09-11T13:15:55Z,checkoutservice,emailservice,8682,8682,0,0,0
2026-09-11T13:15:55Z,checkoutservice,frontend,0,0,0,0,0
2026-09-11T13:15:55Z,checkoutservice,kubernetes,0,0,0,0,0
2026-09-11T13:15:55Z,checkoutservice,paymentservice,8682,8682,0,0,0
2026-09-11T13:15:55Z,checkoutservice,productcatalogservice,0,0,0,0,0
2026-09-11T13:15:55Z,checkoutservice,recommendationservice,0,0,0,0,0
2026-09-11T13:15:55Z,checkoutservice,redis-cart,0,0,0,0,0
2026-09-11T13:15:55Z,checkoutservice,shippingservice,17364,17364,0,0,0
2026-09-11T13:15:55Z,currencyservice,adservice,0,0,0,0,0
2026-09-11T13:15:55Z,currencyservice,cartservice,0,0,0,0,0
2026-09-11T13:15:55Z,currencyservice,checkoutservice,0,0,0,0,0
2026-09-11T13:15:55Z,currencyservice,currencyservice,0,0,0,0,0
2026-09-11T13:15:55Z,currencyservice,emailservice,0,0,0,0,0
2026-09-11T13:15:55Z,currencyservice,frontend,0,0,0,0,0
2026-09-11T13:15:55Z,currencyservice,kubernetes,0,0,0,0,0
2026-09-11T13:15:55Z,currencyservice,paymentservice,0,0,0,0,0
2026-09-11T13:15:55Z,currencyservice,productcatalogservice,0,0,0,0,0
2026-09-11T13:15:55Z,currencyservice,recommendationservice,0,0,0,0,0
2026-09-11T13:15:55Z,currencyservice,redis-cart,0,0,0,0,0
2026-09-11T13:15:55Z,currencyservice,shippingservice,0,0,0,0,0
2026-09-11T13:15:55Z,emailservice,adservice,0,0,0,0,0
2026-09-11T13:15:55Z,emailservice,cartservice,0,0,0,0,0
2026-09-11T13:15:55Z,emailservice,checkoutservice,0,0,0,0,0
2026-09-11T13:15:55Z,emailservice,currencyservice,0,0,0,0,0
2026-09-11T13:15:55Z,emailservice,emailservice,0,0,0,0,0
2026-09-11T13:15:55Z,emailservice,frontend,0,0,0,0,0
2026-09-11T13:15:55Z,emailservice,kubernetes,0,0,0,0,0
2026-09-11T13:15:55Z,emailservice,paymentservice,0,0,0,0,0
2026-09-11T13:15:55Z,emailservice,productcatalogservice,0,0,0,0,0
2026-09-11T13:15:55Z,emailservice,recommendationservice,0,0,0,0,0
2026-09-11T13:15:55Z,emailservice,redis-cart,0,0,0,0,0
2026-09-11T13:15:55Z,emailservice,shippingservice,0,0,0,0,0
2026-09-11T13:15:55Z,frontend,adservice,46526,33917,0,479,0
2026-09-11T13:15:55Z,frontend,cartservice,213195,213110,0,0,0
2026-09-11T13:15:55Z,frontend,checkoutservice,8697,8697,0,0,0
2026-09-11T13:15:55Z,frontend,currencyservice,340210,340119,0,0,0
2026-09-11T13:15:55Z,frontend,emailservice,0,0,0,0,0
2026-09-11T13:15:55Z,frontend,frontend,0,0,0,0,0
2026-09-11T13:15:55Z,frontend,kubernetes,0,0,0,0,0
2026-09-11T13:15:55Z,frontend,paymentservice,0,0,0,0,0
2026-09-11T13:15:55Z,frontend,productcatalogservice,850400,850024,0,0,0
2026-09-11T13:15:55Z,frontend,recommendationservice,138529,138492,0,0,0
2026-09-11T13:15:55Z,frontend,redis-cart,0,0,0,0,0
2026-09-11T13:15:55Z,frontend,shippingservice,82867,82858,0,0,0
2026-09-11T13:15:55Z,paymentservice,adservice,0,0,0,0,0
2026-09-11T13:15:55Z,paymentservice,cartservice,0,0,0,0,0
2026-09-11T13:15:55Z,paymentservice,checkoutservice,0,0,0,0,0
2026-09-11T13:15:55Z,paymentservice,currencyservice,0,0,0,0,0
2026-09-11T13:15:55Z,paymentservice,emailservice,0,0,0,0,0
2026-09-11T13:15:55Z,paymentservice,frontend,0,0,0,0,0
2026-09-11T13:15:55Z,paymentservice,kubernetes,0,0,0,0,0
2026-09-11T13:15:55Z,paymentservice,paymentservice,0,0,0,0,0
2026-09-11T13:15:55Z,paymentservice,productcatalogservice,0,0,0,0,0
2026-09-11T13:15:55Z,paymentservice,recommendationservice,0,0,0,0,0
2026-09-11T13:15:55Z,paymentservice,redis-cart,0,0,0,0,0
2026-09-11T13:15:55Z,paymentservice,shippingservice,0,0,0,0,0
2026-09-11T13:15:55Z,productcatalogservice,adservice,0,0,0,0,0
2026-09-11T13:15:55Z,productcatalogservice,cartservice,0,0,0,0,0
2026-09-11T13:15:55Z,productcatalogservice,checkoutservice,0,0,0,0,0
2026-09-11T13:15:55Z,productcatalogservice,currencyservice,0,0,0,0,0
2026-09-11T13:15:55Z,productcatalogservice,emailservice,0,0,0,0,0
2026-09-11T13:15:55Z,productcatalogservice,frontend,0,0,0,0,0
2026-09-11T13:15:55Z,productcatalogservice,kubernetes,0,0,0,0,0
2026-09-11T13:15:55Z,productcatalogservice,paymentservice,0,0,0,0,0
2026-09-11T13:15:55Z,productcatalogservice,productcatalogservice,0,0,0,0,0
2026-09-11T13:15:55Z,productcatalogservice,recommendationservice,0,0,0,0,0
2026-09-11T13:15:55Z,productcatalogservice,redis-cart,0,0,0,0,0
2026-09-11T13:15:55Z,productcatalogservice,shippingservice,0,0,0,0,0
2026-09-11T13:15:55Z,recommendationservice,adservice,0,0,0,0,0
2026-09-11T13:15:55Z,recommendationservice,cartservice,0,0,0,0,0
2026-09-11T13:15:55Z,recommendationservice,checkoutservice,0,0,0,0,0
2026-09-11T13:15:55Z,recommendationservice,currencyservice,0,0,0,0,0
2026-09-11T13:15:55Z,recommendationservice,emailservice,0,0,0,0,0
2026-09-11T13:15:55Z,recommendationservice,frontend,0,0,0,0,0
2026-09-11T13:15:55Z,recommendationservice,kubernetes,0,0,0,0,0
2026-09-11T13:15:55Z,recommendationservice,paymentservice,0,0,0,0,0
2026-09-11T13:15:55Z,recommendationservice,productcatalogservice,138730,138730,0,0,0
2026-09-11T13:15:55Z,recommendationservice,recommendationservice,0,0,0,0,0
2026-09-11T13:15:55Z,recommendationservice,redis-cart,0,0,0,0,0
2026-09-11T13:15:55Z,recommendationservice,shippingservice,0,0,0,0,0
2026-09-11T13:15:55Z,redis-cart,adservice,0,0,0,0,0
2026-09-11T13:15:55Z,redis-cart,cartservice,0,0,0,0,0
2026-09-11T13:15:55Z,redis-cart,checkoutservice,0,0,0,0,0
2026-09-11T13:15:55Z,redis-cart,currencyservice,0,0,0,0,0
2026-09-11T13:15:55Z,redis-cart,emailservice,0,0,0,0,0
2026-09-11T13:15:55Z,redis-cart,frontend,0,0,0,0,0
2026-09-11T13:15:55Z,redis-cart,kubernetes,0,0,0,0,0
2026-09-11T13:15:55Z,redis-cart,paymentservice,0,0,0,0,0
2026-09-11T13:15:55Z,redis-cart,productcatalogservice,0,0,0,0,0
2026-09-11T13:15:55Z,redis-cart,recommendationservice,0,0,0,0,0
2026-09-11T13:15:55Z,redis-cart,redis-cart,0,0,0,0,0
2026-09-11T13:15:55Z,redis-cart,shippingservice,0,0,0,0,0
2026-09-11T13:15:55Z,shippingservice,adservice,0,0,0,0,0
2026-09-11T13:15:55Z,shippingservice,cartservice,0,0,0,0,0
2026-09-11T13:15:55Z,shippingservice,checkoutservice,0,0,0,0,0
2026-09-11T13:15:55Z,shippingservice,currencyservice,0,0,0,0,0
2026-09-11T13:15:55Z,shippingservice,emailservice,0,0,0,0,0
2026-09-11T13:15:55Z,shippingservice,frontend,0,0,0,0,0
2026-09-11T13:15:55Z,shippingservice,kubernetes,0,0,0,0,0
2026-09-11T13:15:55Z,shippingservice,paymentservice,0,0,0,0,0
2026-09-11T13:15:55Z,shippingservice,productcatalogservice,0,0,0,0,0
2026-09-11T13:15:55Z,shippingservice,recommendationservice,0,0,0,0,0
2026-09-11T13:15:55Z,shippingservice,redis-cart,0,0,0,0,0
2026-09-11T13:15:55Z,shippingservice,shippingservice,0,0,0,0,0
2026-09-11T13:15:59Z,adservice,adservice,0,0,0,0,0
2026-09-11T13:15:59Z,adservice,cartservice,0,0,0,0,0
2026-09-11T13:15:59Z,adservice,checkoutservice,0,0,0,0,0
2026-09-11T13:15:59Z,adservice,currencyservice,0,0,0,0,0
2026-09-11T13:15:59Z,adservice,emailservice,0,0,0,0,0
2026-09-11T13:15:59Z,adservice,frontend,0,0,0,0,0
2026-09-11T13:15:59Z,adservice,kubernetes,0,0,0,0,0
2026-09-11T13:15:59Z,adservice,paymentservice,0,0,0,0,0
2026-09-11T13:15:59Z,adservice,productcatalogservice,0,0,0,0,0
2026-09-11T13:15:59Z,adservice,recommendationservice,0,0,0,0,0
2026-09-11T13:15:59Z,adservice,redis-cart,0,0,0,0,0
2026-09-11T13:15:59Z,adservice,shippingservice,0,0,0,0,0
2026-09-11T13:15:59Z,cartservice,adservice,0,0,0,0,0
2026-09-11T13:15:59Z,cartservice,cartservice,0,0,0,0,0
2026-09-11T13:15:59Z,cartservice,checkoutservice,0,0,0,0,0
2026-09-11T13:15:59Z,cartservice,currencyservice,0,0,0,0,0
2026-09-11T13:15:59Z,cartservice,emailservice,0,0,0,0,0
2026-09-11T13:15:59Z,cartservice,frontend,0,0,0,0,0
2026-09-11T13:15:59Z,cartservice,kubernetes,0,0,0,0,0
2026-09-11T13:15:59Z,cartservice,paymentservice,0,0,0,0,0
2026-09-11T13:15:59Z,cartservice,productcatalogservice,0,0,0,0,0
2026-09-11T13:15:59Z,cartservice,recommendationservice,0,0,0,0,0
2026-09-11T13:15:59Z,cartservice,redis-cart,2,0,0,0,0
2026-09-11T13:15:59Z,cartservice,shippingservice,0,0,0,0,0
2026-09-11T13:15:59Z,checkoutservice,adservice,0,0,0,0,0
2026-09-11T13:15:59Z,checkoutservice,cartservice,17475,17475,0,0,0
2026-09-11T13:15:59Z,checkoutservice,checkoutservice,0,0,0,0,0
2026-09-11T13:15:59Z,checkoutservice,currencyservice,8738,8737,0,0,0
2026-09-11T13:15:59Z,checkoutservice,emailservice,8737,8737,0,0,0
2026-09-11T13:15:59Z,checkoutservice,frontend,0,0,0,0,0
2026-09-11T13:15:59Z,checkoutservice,kubernetes,0,0,0,0,0
2026-09-11T13:15:59Z,checkoutservice,paymentservice,8737,8737,0,0,0
2026-09-11T13:15:59Z,checkoutservice,productcatalogservice,0,0,0,0,0
2026-09-11T13:15:59Z,checkoutservice,recommendationservice,0,0,0,0,0
2026-09-11T13:15:59Z,checkoutservice,redis-cart,0,0,0,0,0
2026-09-11T13:15:59Z,checkoutservice,shippingservice,17475,17475,0,0,0
2026-09-11T13:15:59Z,currencyservice,adservice,0,0,0,0,0
2026-09-11T13:15:59Z,currencyservice,cartservice,0,0,0,0,0
2026-09-11T13:15:59Z,currencyservice,checkoutservice,0,0,0,0,0
2026-09-11T13:15:59Z,currencyservice,currencyservice,0,0,0,0,0
2026-09-11T13:15:59Z,currencyservice,emailservice,0,0,0,0,0
2026-09-11T13:15:59Z,currencyservice,frontend,0,0,0,0,0
2026-09-11T13:15:59Z,currencyservice,kubernetes,0,0,0,0,0
2026-09-11T13:15:59Z,currencyservice,paymentservice,0,0,0,0,0
2026-09-11T13:15:59Z,currencyservice,productcatalogservice,0,0,0,0,0
2026-09-11T13:15:59Z,currencyservice,recommendationservice,0,0,0,0,0
2026-09-11T13:15:59Z,currencyservice,redis-cart,0,0,0,0,0
2026-09-11T13:15:59Z,currencyservice,shippingservice,0,0,0,0,0
2026-09-11T13:15:59Z,emailservice,adservice,0,0,0,0,0
2026-09-11T13:15:59Z,emailservice,cartservice,0,0,0,0,0
2026-09-11T13:15:59Z,emailservice,checkoutservice,0,0,0,0,0
2026-09-11T13:15:59Z,emailservice,currencyservice,0,0,0,0,0
2026-09-11T13:15:59Z,emailservice,emailservice,0,0,0,0,0
2026-09-11T13:15:59Z,emailservice,frontend,0,0,0,0,0
2026-09-11T13:15:59Z,emailservice,kubernetes,0,0,0,0,0
2026-09-11T13:15:59Z,emailservice,paymentservice,0,0,0,0,0
2026-09-11T13:15:59Z,emailservice,productcatalogservice,0,0,0,0,0
2026-09-11T13:15:59Z,emailservice,recommendationservice,0,0,0,0,0
2026-09-11T13:15:59Z,emailservice,redis-cart,0,0,0,0,0
2026-09-11T13:15:59Z,emailservice,shippingservice,0,0,0,0,0
2026-09-11T13:15:59Z,frontend,adservice,46810,34200,0,479,0
2026-09-11T13:15:59Z,frontend,cartservice,214472,214439,0,0,0
2026-09-11T13:15:59Z,frontend,checkoutservice,8752,8752,0,0,0
2026-09-11T13:15:59Z,frontend,currencyservice,342270,342160,0,0,0
2026-09-11T13:15:59Z,frontend,emailservice,0,0,0,0,0
2026-09-11T13:15:59Z,frontend,frontend,0,0,0,0,0
2026-09-11T13:15:59Z,frontend,kubernetes,0,0,0,0,0
2026-09-11T13:15:59Z,frontend,paymentservice,0,0,0,0,0
2026-09-11T13:15:59Z,frontend,productcatalogservice,855580,855223,0,0,0
2026-09-11T13:15:59Z,frontend,recommendationservice,139383,139368,0,0,0
2026-09-11T13:15:59Z,frontend,redis-cart,0,0,0,0,0
2026-09-11T13:15:59Z,frontend,shippingservice,83373,83373,0,0,0
2026-09-11T13:15:59Z,paymentservice,adservice,0,0,0,0,0
2026-09-11T13:15:59Z,paymentservice,cartservice,0,0,0,0,0
2026-09-11T13:15:59Z,paymentservice,checkoutservice,0,0,0,0,0
2026-09-11T13:15:59Z,paymentservice,currencyservice,0,0,0,0,0
2026-09-11T13:15:59Z,paymentservice,emailservice,0,0,0,0,0
2026-09-11T13:15:59Z,paymentservice,frontend,0,0,0,0,0
2026-09-11T13:15:59Z,paymentservice,kubernetes,0,0,0,0,0
2026-09-11T13:15:59Z,paymentservice,paymentservice,0,0,0,0,0
2026-09-11T13:15:59Z,paymentservice,productcatalogservice,0,0,0,0,0
2026-09-11T13:15:59Z,paymentservice,recommendationservice,0,0,0,0,0
2026-09-11T13:15:59Z,paymentservice,redis-cart,0,0,0,0,0
2026-09-11T13:15:59Z,paymentservice,shippingservice,0,0,0,0,0
2026-09-11T13:15:59Z,productcatalogservice,adservice,0,0,0,0,0
2026-09-11T13:15:59Z,productcatalogservice,cartservice,0,0,0,0,0
2026-09-11T13:15:59Z,productcatalogservice,checkoutservice,0,0,0,0,0
2026-09-11T13:15:59Z,productcatalogservice,currencyservice,0,0,0,0,0
2026-09-11T13:15:59Z,productcatalogservice,emailservice,0,0,0,0,0
2026-09-11T13:15:59Z,productcatalogservice,frontend,0,0,0,0,0
2026-09-11T13:15:59Z,productcatalogservice,kubernetes,0,0,0,0,0
2026-09-11T13:15:59Z,productcatalogservice,paymentservice,0,0,0,0,0
2026-09-11T13:15:59Z,productcatalogservice,productcatalogservice,0,0,0,0,0
2026-09-11T13:15:59Z,productcatalogservice,recommendationservice,0,0,0,0,0
2026-09-11T13:15:59Z,productcatalogservice,redis-cart,0,0,0,0,0
2026-09-11T13:15:59Z,productcatalogservice,shippingservice,0,0,0,0,0
2026-09-11T13:15:59Z,recommendationservice,adservice,0,0,0,0,0
2026-09-11T13:15:59Z,recommendationservice,cartservice,0,0,0,0,0
2026-09-11T13:15:59Z,recommendationservice,checkoutservice,0,0,0,0,0
2026-09-11T13:15:59Z,recommendationservice,currencyservice,0,0,0,0,0
2026-09-11T13:15:59Z,recommendationservice,emailservice,0,0,0,0,0
2026-09-11T13:15:59Z,recommendationservice,frontend,0,0,0,0,0
2026-09-11T13:15:59Z,recommendationservice,kubernetes,0,0,0,0,0
2026-09-11T13:15:59Z,recommendationservice,paymentservice,0,0,0,0,0
2026-09-11T13:15:59Z,recommendationservice,productcatalogservice,139618,139618,0,0,0
2026-09-11T13:15:59Z,recommendationservice,recommendationservice,0,0,0,0,0
2026-09-11T13:15:59Z,recommendationservice,redis-cart,0,0,0,0,0
2026-09-11T13:15:59Z,recommendationservice,shippingservice,0,0,0,0,0
2026-09-11T13:15:59Z,redis-cart,adservice,0,0,0,0,0
2026-09-11T13:15:59Z,redis-cart,cartservice,0,0,0,0,0
2026-09-11T13:15:59Z,redis-cart,checkoutservice,0,0,0,0,0
2026-09-11T13:15:59Z,redis-cart,currencyservice,0,0,0,0,0
2026-09-11T13:15:59Z,redis-cart,emailservice,0,0,0,0,0
2026-09-11T13:15:59Z,redis-cart,frontend,0,0,0,0,0
2026-09-11T13:15:59Z,redis-cart,kubernetes,0,0,0,0,0
2026-09-11T13:15:59Z,redis-cart,paymentservice,0,0,0,0,0
2026-09-11T13:15:59Z,redis-cart,productcatalogservice,0,0,0,0,0
2026-09-11T13:15:59Z,redis-cart,recommendationservice,0,0,0,0,0
2026-09-11T13:15:59Z,redis-cart,redis-cart,0,0,0,0,0
2026-09-11T13:15:59Z,redis-cart,shippingservice,0,0,0,0,0
2026-09-11T13:15:59Z,shippingservice,adservice,0,0,0,0,0
2026-09-11T13:15:59Z,shippingservice,cartservice,0,0,0,0,0
2026-09-11T13:15:59Z,shippingservice,checkoutservice,0,0,0,0,0
2026-09-11T13:15:59Z,shippingservice,currencyservice,0,0,0,0,0
2026-09-11T13:15:59Z,shippingservice,emailservice,0,0,0,0,0
2026-09-11T13:15:59Z,shippingservice,frontend,0,0,0,0,0
2026-09-11T13:15:59Z,shippingservice,kubernetes,0,0,0,0,0
2026-09-11T13:15:59Z,shippingservice,paymentservice,0,0,0,0,0
2026-09-11T13:15:59Z,shippingservice,productcatalogservice,0,0,0,0,0
2026-09-11T13:15:59Z,shippingservice,recommendationservice,0,0,0,0,0
2026-09-11T13:15:59Z,shippingservice,redis-cart,0,0,0,0,0
2026-09-11T13:15:59Z,shippingservice,shippingservice,0,0,0,0,0
2026-09-11T13:16:02Z,adservice,adservice,0,0,0,0,0
2026-09-11T13:16:02Z,adservice,cartservice,0,0,0,0,0
2026-09-11T13:16:02Z,adservice,checkoutservice,0,0,0,0,0
2026-09-11T13:16:02Z,adservice,currencyservice,0,0,0,0,0
2026-09-11T13:16:02Z,adservice,emailservice,0,0,0,0,0
2026-09-11T13:16:02Z,adservice,frontend,0,0,0,0,0
2026-09-11T13:16:02Z,adservice,kubernetes,0,0,0,0,0
2026-09-11T13:16:02Z,adservice,paymentservice,0,0,0,0,0
2026-09-11T13:16:02Z,adservice,productcatalogservice,0,0,0,0,0
2026-09-11T13:16:02Z,adservice,recommendationservice,0,0,0,0,0
2026-09-11T13:16:02Z,adservice,redis-cart,0,0,0,0,0
2026-09-11T13:16:02Z,adservice,shippingservice,0,0,0,0,0
2026-09-11T13:16:02Z,cartservice,adservice,0,0,0,0,0
2026-09-11T13:16:02Z,cartservice,cartservice,0,0,0,0,0
2026-09-11T13:16:02Z,cartservice,checkoutservice,0,0,0,0,0
2026-09-11T13:16:02Z,cartservice,currencyservice,0,0,0,0,0
2026-09-11T13:16:02Z,cartservice,emailservice,0,0,0,0,0
2026-09-11T13:16:02Z,cartservice,frontend,0,0,0,0,0
2026-09-11T13:16:02Z,cartservice,kubernetes,0,0,0,0,0
2026-09-11T13:16:02Z,cartservice,paymentservice,0,0,0,0,0
2026-09-11T13:16:02Z,cartservice,productcatalogservice,0,0,0,0,0
2026-09-11T13:16:02Z,cartservice,recommendationservice,0,0,0,0,0
2026-09-11T13:16:02Z,cartservice,redis-cart,2,0,0,0,0
2026-09-11T13:16:02Z,cartservice,shippingservice,0,0,0,0,0
2026-09-11T13:16:02Z,checkoutservice,adservice,0,0,0,0,0
2026-09-11T13:16:02Z,checkoutservice,cartservice,17562,17562,0,0,0
2026-09-11T13:16:02Z,checkoutservice,checkoutservice,0,0,0,0,0
2026-09-11T13:16:02Z,checkoutservice,currencyservice,8780,8780,0,0,0
2026-09-11T13:16:02Z,checkoutservice,emailservice,8780,8780,0,0,0
2026-09-11T13:16:02Z,checkoutservice,frontend,0,0,0,0,0
2026-09-11T13:16:02Z,checkoutservice,kubernetes,0,0,0,0,0
2026-09-11T13:16:02Z,checkoutservice,paymentservice,8780,8780,0,0,0
2026-09-11T13:16:02Z,checkoutservice,productcatalogservice,0,0,0,0,0
2026-09-11T13:16:02Z,checkoutservice,recommendationservice,0,0,0,0,0
2026-09-11T13:16:02Z,checkoutservice,redis-cart,0,0,0,0,0
2026-09-11T13:16:02Z,checkoutservice,shippingservice,17562,17562,0,0,0
2026-09-11T13:16:02Z,currencyservice,adservice,0,0,0,0,0
2026-09-11T13:16:02Z,currencyservice,cartservice,0,0,0,0,0
2026-09-11T13:16:02Z,currencyservice,checkoutservice,0,0,0,0,0
2026-09-11T13:16:02Z,currencyservice,currencyservice,0,0,0,0,0
2026-09-11T13:16:02Z,currencyservice,emailservice,0,0,0,0,0
2026-09-11T13:16:02Z,currencyservice,frontend,0,0,0,0,0
2026-09-11T13:16:02Z,currencyservice,kubernetes,0,0,0,0,0
2026-09-11T13:16:02Z,currencyservice,paymentservice,0,0,0,0,0
2026-09-11T13:16:02Z,currencyservice,productcatalogservice,0,0,0,0,0
2026-09-11T13:16:02Z,currencyservice,recommendationservice,0,0,0,0,0
2026-09-11T13:16:02Z,currencyservice,redis-cart,0,0,0,0,0
2026-09-11T13:16:02Z,currencyservice,shippingservice,0,0,0,0,0
2026-09-11T13:16:02Z,emailservice,adservice,0,0,0,0,0
2026-09-11T13:16:02Z,emailservice,cartservice,0,0,0,0,0
2026-09-11T13:16:02Z,emailservice,checkoutservice,0,0,0,0,0
2026-09-11T13:16:02Z,emailservice,currencyservice,0,0,0,0,0
2026-09-11T13:16:02Z,emailservice,emailservice,0,0,0,0,0
2026-09-11T13:16:02Z,emailservice,frontend,0,0,0,0,0
2026-09-11T13:16:02Z,emailservice,kubernetes,0,0,0,0,0
2026-09-11T13:16:02Z,emailservice,paymentservice,0,0,0,0,0
2026-09-11T13:16:02Z,emailservice,productcatalogservice,0,0,0,0,0
2026-09-11T13:16:02Z,emailservice,recommendationservice,0,0,0,0,0
2026-09-11T13:16:02Z,emailservice,redis-cart,0,0,0,0,0
2026-09-11T13:16:02Z,emailservice,shippingservice,0,0,0,0,0
2026-09-11T13:16:02Z,frontend,adservice,47043,34433,0,479,0
2026-09-11T13:16:02Z,frontend,cartservice,215566,215492,0,0,0
2026-09-11T13:16:02Z,frontend,checkoutservice,8795,8795,0,0,0
2026-09-11T13:16:02Z,frontend,currencyservice,344037,343956,0,0,0
2026-09-11T13:16:02Z,frontend,emailservice,0,0,0,0,0
2026-09-11T13:16:02Z,frontend,frontend,0,0,0,0,0
2026-09-11T13:16:02Z,frontend,kubernetes,0,0,0,0,0
2026-09-11T13:16:02Z,frontend,paymentservice,0,0,0,0,0
2026-09-11T13:16:02Z,frontend,productcatalogservice,859968,859545,0,0,0
2026-09-11T13:16:02Z,frontend,recommendationservice,140105,140092,0,0,0
2026-09-11T13:16:02Z,frontend,redis-cart,0,0,0,0,0
2026-09-11T13:16:02Z,frontend,shippingservice,83816,83816,0,0,0
2026-09-11T13:16:02Z,paymentservice,adservice,0,0,0,0,0
2026-09-11T13:16:02Z,paymentservice,cartservice,0,0,0,0,0
2026-09-11T13:16:02Z,paymentservice,checkoutservice,0,0,0,0,0
2026-09-11T13:16:02Z,paymentservice,currencyservice,0,0,0,0,0
2026-09-11T13:16:02Z,paymentservice,emailservice,0,0,0,0,0
2026-09-11T13:16:02Z,paymentservice,frontend,0,0,0,0,0
2026-09-11T13:16:02Z,paymentservice,kubernetes,0,0,0,0,0
2026-09-11T13:16:02Z,paymentservice,paymentservice,0,0,0,0,0
2026-09-11T13:16:02Z,paymentservice,productcatalogservice,0,0,0,0,0
2026-09-11T13:16:02Z,paymentservice,recommendationservice,0,0,0,0,0
2026-09-11T13:16:02Z,paymentservice,redis-cart,0,0,0,0,0
2026-09-11T13:16:02Z,paymentservice,shippingservice,0,0,0,0,0
2026-09-11T13:16:02Z,productcatalogservice,adservice,0,0,0,0,0
2026-09-11T13:16:02Z,productcatalogservice,cartservice,0,0,0,0,0
2026-09-11T13:16:02Z,productcatalogservice,checkoutservice,0,0,0,0,0
2026-09-11T13:16:02Z,productcatalogservice,currencyservice,0,0,0,0,0
2026-09-11T13:16:02Z,productcatalogservice,emailservice,0,0,0,0,0
2026-09-11T13:16:02Z,productcatalogservice,frontend,0,0,0,0,0
2026-09-11T13:16:02Z,productcatalogservice,kubernetes,0,0,0,0,0
2026-09-11T13:16:02Z,productcatalogservice,paymentservice,0,0,0,0,0
2026-09-11T13:16:02Z,productcatalogservice,productcatalogservice,0,0,0,0,0
2026-09-11T13:16:02Z,productcatalogservice,recommendationservice,0,0,0,0,0
2026-09-11T13:16:02Z,productcatalogservice,redis-cart,0,0,0,0,0
2026-09-11T13:16:02Z,productcatalogservice,shippingservice,0,0,0,0,0
2026-09-11T13:16:02Z,recommendationservice,adservice,0,0,0,0,0
2026-09-11T13:16:02Z,recommendationservice,cartservice,0,0,0,0,0
2026-09-11T13:16:02Z,recommendationservice,checkoutservice,0,0,0,0,0
2026-09-11T13:16:02Z,recommendationservice,currencyservice,0,0,0,0,0
2026-09-11T13:16:02Z,recommendationservice,emailservice,0,0,0,0,0
2026-09-11T13:16:02Z,recommendationservice,frontend,0,0,0,0,0
2026-09-11T13:16:02Z,recommendationservice,kubernetes,0,0,0,0,0
2026-09-11T13:16:02Z,recommendationservice,paymentservice,0,0,0,0,0
2026-09-11T13:16:02Z,recommendationservice,productcatalogservice,140299,140299,0,0,0
2026-09-11T13:16:02Z,recommendationservice,recommendationservice,0,0,0,0,0
2026-09-11T13:16:02Z,recommendationservice,redis-cart,0,0,0,0,0
2026-09-11T13:16:02Z,recommendationservice,shippingservice,0,0,0,0,0
2026-09-11T13:16:02Z,redis-cart,adservice,0,0,0,0,0
2026-09-11T13:16:02Z,redis-cart,cartservice,0,0,0,0,0
2026-09-11T13:16:02Z,redis-cart,checkoutservice,0,0,0,0,0
2026-09-11T13:16:02Z,redis-cart,currencyservice,0,0,0,0,0
2026-09-11T13:16:02Z,redis-cart,emailservice,0,0,0,0,0
2026-09-11T13:16:02Z,redis-cart,frontend,0,0,0,0,0
2026-09-11T13:16:02Z,redis-cart,kubernetes,0,0,0,0,0
2026-09-11T13:16:02Z,redis-cart,paymentservice,0,0,0,0,0
2026-09-11T13:16:02Z,redis-cart,productcatalogservice,0,0,0,0,0
2026-09-11T13:16:02Z,redis-cart,recommendationservice,0,0,0,0,0
2026-09-11T13:16:02Z,redis-cart,redis-cart,0,0,0,0,0
2026-09-11T13:16:02Z,redis-cart,shippingservice,0,0,0,0,0
2026-09-11T13:16:02Z,shippingservice,adservice,0,0,0,0,0
2026-09-11T13:16:02Z,shippingservice,cartservice,0,0,0,0,0
2026-09-11T13:16:02Z,shippingservice,checkoutservice,0,0,0,0,0
2026-09-11T13:16:02Z,shippingservice,currencyservice,0,0,0,0,0
2026-09-11T13:16:02Z,shippingservice,emailservice,0,0,0,0,0
2026-09-11T13:16:02Z,shippingservice,frontend,0,0,0,0,0
2026-09-11T13:16:02Z,shippingservice,kubernetes,0,0,0,0,0
2026-09-11T13:16:02Z,shippingservice,paymentservice,0,0,0,0,0
2026-09-11T13:16:02Z,shippingservice,productcatalogservice,0,0,0,0,0
2026-09-11T13:16:02Z,shippingservice,recommendationservice,0,0,0,0,0
2026-09-11T13:16:02Z,shippingservice,redis-cart,0,0,0,0,0
2026-09-11T13:16:02Z,shippingservice,shippingservice,0,0,0,0,0
2026-09-11T13:16:05Z,adservice,adservice,0,0,0,0,0
2026-09-11T13:16:05Z,adservice,cartservice,0,0,0,0,0
2026-09-11T13:16:05Z,adservice,checkoutservice,0,0,0,0,0
2026-09-11T13:16:05Z,adservice,currencyservice,0,0,0,0,0
2026-09-11T13:16:05Z,adservice,emailservice,0,0,0,0,0
2026-09-11T13:16:05Z,adservice,frontend,0,0,0,0,0
2026-09-11T13:16:05Z,adservice,kubernetes,0,0,0,0,0
2026-09-11T13:16:05Z,adservice,paymentservice,0,0,0,0,0
2026-09-11T13:16:05Z,adservice,productcatalogservice,0,0,0,0,0
2026-09-11T13:16:05Z,adservice,recommendationservice,0,0,0,0,0
2026-09-11T13:16:05Z,adservice,redis-cart,0,0,0,0,0
2026-09-11T13:16:05Z,adservice,shippingservice,0,0,0,0,0
2026-09-11T13:16:05Z,cartservice,adservice,0,0,0,0,0
2026-09-11T13:16:05Z,cartservice,cartservice,0,0,0,0,0
2026-09-11T13:16:05Z,cartservice,checkoutservice,0,0,0,0,0
2026-09-11T13:16:05Z,cartservice,currencyservice,0,0,0,0,0
2026-09-11T13:16:05Z,cartservice,emailservice,0,0,0,0,0
2026-09-11T13:16:05Z,cartservice,frontend,0,0,0,0,0
2026-09-11T13:16:05Z,cartservice,kubernetes,0,0,0,0,0
2026-09-11T13:16:05Z,cartservice,paymentservice,0,0,0,0,0
2026-09-11T13:16:05Z,cartservice,productcatalogservice,0,0,0,0,0
2026-09-11T13:16:05Z,cartservice,recommendationservice,0,0,0,0,0
2026-09-11T13:16:05Z,cartservice,redis-cart,2,0,0,0,0
2026-09-11T13:16:05Z,cartservice,shippingservice,0,0,0,0,0
2026-09-11T13:16:05Z,checkoutservice,adservice,0,0,0,0,0
2026-09-11T13:16:05Z,checkoutservice,cartservice,17670,17670,0,0,0
2026-09-11T13:16:05Z,checkoutservice,checkoutservice,0,0,0,0,0
2026-09-11T13:16:05Z,checkoutservice,currencyservice,8835,8835,0,0,0
2026-09-11T13:16:05Z,checkoutservice,emailservice,8835,8835,0,0,0
2026-09-11T13:16:05Z,checkoutservice,frontend,0,0,0,0,0
2026-09-11T13:16:05Z,checkoutservice,kubernetes,0,0,0,0,0
2026-09-11T13:16:05Z,checkoutservice,paymentservice,8835,8835,0,0,0
2026-09-11T13:16:05Z,checkoutservice,productcatalogservice,0,0,0,0,0
2026-09-11T13:16:05Z,checkoutservice,recommendationservice,0,0,0,0,0
2026-09-11T13:16:05Z,checkoutservice,redis-cart,0,0,0,0,0
2026-09-11T13:16:05Z,checkoutservice,shippingservice,17670,17670,0,0,0
2026-09-11T13:16:05Z,currencyservice,adservice,0,0,0,0,0
2026-09-11T13:16:05Z,currencyservice,cartservice,0,0,0,0,0
2026-09-11T13:16:05Z,currencyservice,checkoutservice,0,0,0,0,0
2026-09-11T13:16:05Z,currencyservice,currencyservice,0,0,0,0,0
2026-09-11T13:16:05Z,currencyservice,emailservice,0,0,0,0,0
2026-09-11T13:16:05Z,currencyservice,frontend,0,0,0,0,0
2026-09-11T13:16:05Z,currencyservice,kubernetes,0,0,0,0,0
2026-09-11T13:16:05Z,currencyservice,paymentservice,0,0,0,0,0
2026-09-11T13:16:05Z,currencyservice,productcatalogservice,0,0,0,0,0
2026-09-11T13:16:05Z,currencyservice,recommendationservice,0,0,0,0,0
2026-09-11T13:16:05Z,currencyservice,redis-cart,0,0,0,0,0
2026-09-11T13:16:05Z,currencyservice,shippingservice,0,0,0,0,0
2026-09-11T13:16:05Z,emailservice,adservice,0,0,0,0,0
2026-09-11T13:16:05Z,emailservice,cartservice,0,0,0,0,0
2026-09-11T13:16:05Z,emailservice,checkoutservice,0,0,0,0,0
2026-09-11T13:16:05Z,emailservice,currencyservice,0,0,0,0,0
2026-09-11T13:16:05Z,emailservice,emailservice,0,0,0,0,0
2026-09-11T13:16:05Z,emailservice,frontend,0,0,0,0,0
2026-09-11T13:16:05Z,emailservice,kubernetes,0,0,0,0,0
2026-09-11T13:16:05Z,emailservice,paymentservice,0,0,0,0,0
2026-09-11T13:16:05Z,emailservice,productcatalogservice,0,0,0,0,0
2026-09-11T13:16:05Z,emailservice,recommendationservice,0,0,0,0,0
2026-09-11T13:16:05Z,emailservice,redis-cart,0,0,0,0,0
2026-09-11T13:16:05Z,emailservice,shippingservice,0,0,0,0,0
2026-09-11T13:16:05Z,frontend,adservice,47308,34698,0,479,0
2026-09-11T13:16:05Z,frontend,cartservice,216707,216617,0,0,0
2026-09-11T13:16:05Z,frontend,checkoutservice,8855,8846,0,0,0
2026-09-11T13:16:05Z,frontend,currencyservice,345758,345680,0,0,0
2026-09-11T13:16:05Z,frontend,emailservice,0,0,0,0,0
2026-09-11T13:16:05Z,frontend,frontend,0,0,0,0,0
2026-09-11T13:16:05Z,frontend,kubernetes,0,0,0,0,0
2026-09-11T13:16:05Z,frontend,paymentservice,0,0,0,0,0
2026-09-11T13:16:05Z,frontend,productcatalogservice,864253,863982,0,0,0
2026-09-11T13:16:05Z,frontend,recommendationservice,140814,140800,0,0,0
2026-09-11T13:16:05Z,frontend,redis-cart,0,0,0,0,0
2026-09-11T13:16:05Z,frontend,shippingservice,84214,84201,0,0,0
2026-09-11T13:16:05Z,paymentservice,adservice,0,0,0,0,0
2026-09-11T13:16:05Z,paymentservice,cartservice,0,0,0,0,0
2026-09-11T13:16:05Z,paymentservice,checkoutservice,0,0,0,0,0
2026-09-11T13:16:05Z,paymentservice,currencyservice,0,0,0,0,0
2026-09-11T13:16:05Z,paymentservice,emailservice,0,0,0,0,0
2026-09-11T13:16:05Z,paymentservice,frontend,0,0,0,0,0
2026-09-11T13:16:05Z,paymentservice,kubernetes,0,0,0,0,0
2026-09-11T13:16:05Z,paymentservice,paymentservice,0,0,0,0,0
2026-09-11T13:16:05Z,paymentservice,productcatalogservice,0,0,0,0,0
2026-09-11T13:16:05Z,paymentservice,recommendationservice,0,0,0,0,0
2026-09-11T13:16:05Z,paymentservice,redis-cart,0,0,0,0,0
2026-09-11T13:16:05Z,paymentservice,shippingservice,0,0,0,0,0
2026-09-11T13:16:05Z,productcatalogservice,adservice,0,0,0,0,0
2026-09-11T13:16:05Z,productcatalogservice,cartservice,0,0,0,0,0
2026-09-11T13:16:05Z,productcatalogservice,checkoutservice,0,0,0,0,0
2026-09-11T13:16:05Z,productcatalogservice,currencyservice,0,0,0,0,0
2026-09-11T13:16:05Z,productcatalogservice,emailservice,0,0,0,0,0
2026-09-11T13:16:05Z,productcatalogservice,frontend,0,0,0,0,0
2026-09-11T13:16:05Z,productcatalogservice,kubernetes,0,0,0,0,0
2026-09-11T13:16:05Z,productcatalogservice,paymentservice,0,0,0,0,0
2026-09-11T13:16:05Z,productcatalogservice,productcatalogservice,0,0,0,0,0
2026-09-11T13:16:05Z,productcatalogservice,recommendationservice,0,0,0,0,0
2026-09-11T13:16:05Z,productcatalogservice,redis-cart,0,0,0,0,0
2026-09-11T13:16:05Z,productcatalogservice,shippingservice,0,0,0,0,0
2026-09-11T13:16:05Z,recommendationservice,adservice,0,0,0,0,0
2026-09-11T13:16:05Z,recommendationservice,cartservice,0,0,0,0,0
2026-09-11T13:16:05Z,recommendationservice,checkoutservice,0,0,0,0,0
2026-09-11T13:16:05Z,recommendationservice,currencyservice,0,0,0,0,0
2026-09-11T13:16:05Z,recommendationservice,emailservice,0,0,0,0,0
2026-09-11T13:16:05Z,recommendationservice,frontend,0,0,0,0,0
2026-09-11T13:16:05Z,recommendationservice,kubernetes,0,0,0,0,0
2026-09-11T13:16:05Z,recommendationservice,paymentservice,0,0,0,0,0
2026-09-11T13:16:05Z,recommendationservice,productcatalogservice,141016,141014,0,0,0
2026-09-11T13:16:05Z,recommendationservice,recommendationservice,0,0,0,0,0
2026-09-11T13:16:05Z,recommendationservice,redis-cart,0,0,0,0,0
2026-09-11T13:16:05Z,recommendationservice,shippingservice,0,0,0,0,0
2026-09-11T13:16:05Z,redis-cart,adservice,0,0,0,0,0
2026-09-11T13:16:05Z,redis-cart,cartservice,0,0,0,0,0
2026-09-11T13:16:05Z,redis-cart,checkoutservice,0,0,0,0,0
2026-09-11T13:16:05Z,redis-cart,currencyservice,0,0,0,0,0
2026-09-11T13:16:05Z,redis-cart,emailservice,0,0,0,0,0
2026-09-11T13:16:05Z,redis-cart,frontend,0,0,0,0,0
2026-09-11T13:16:05Z,redis-cart,kubernetes,0,0,0,0,0
2026-09-11T13:16:05Z,redis-cart,paymentservice,0,0,0,0,0
2026-09-11T13:16:05Z,redis-cart,productcatalogservice,0,0,0,0,0
2026-09-11T13:16:05Z,redis-cart,recommendationservice,0,0,0,0,0
2026-09-11T13:16:05Z,redis-cart,redis-cart,0,0,0,0,0
2026-09-11T13:16:05Z,redis-cart,shippingservice,0,0,0,0,0
2026-09-11T13:16:05Z,shippingservice,adservice,0,0,0,0,0
2026-09-11T13:16:05Z,shippingservice,cartservice,0,0,0,0,0
2026-09-11T13:16:05Z,shippingservice,checkoutservice,0,0,0,0,0
2026-09-11T13:16:05Z,shippingservice,currencyservice,0,0,0,0,0
2026-09-11T13:16:05Z,shippingservice,emailservice,0,0,0,0,0
2026-09-11T13:16:05Z,shippingservice,frontend,0,0,0,0,0
2026-09-11T13:16:05Z,shippingservice,kubernetes,0,0,0,0,0
2026-09-11T13:16:05Z,shippingservice,paymentservice,0,0,0,0,0
2026-09-11T13:16:05Z,shippingservice,productcatalogservice,0,0,0,0,0
2026-09-11T13:16:05Z,shippingservice,recommendationservice,0,0,0,0,0
2026-09-11T13:16:05Z,shippingservice,redis-cart,0,0,0,0,0
2026-09-11T13:16:05Z,shippingservice,shippingservice,0,0,0,0,0
2026-09-11T13:16:09Z,adservice,adservice,0,0,0,0,0
2026-09-11T13:16:09Z,adservice,cartservice,0,0,0,0,0
2026-09-11T13:16:09Z,adservice,checkoutservice,0,0,0,0,0
2026-09-11T13:16:09Z,adservice,currencyservice,0,0,0,0,0
2026-09-11T13:16:09Z,adservice,emailservice,0,0,0,0,0
2026-09-11T13:16:09Z,adservice,frontend,0,0,0,0,0
2026-09-11T13:16:09Z,adservice,kubernetes,0,0,0,0,0
2026-09-11T13:16:09Z,adservice,paymentservice,0,0,0,0,0
2026-09-11T13:16:09Z,adservice,productcatalogservice,0,0,0,0,0
2026-09-11T13:16:09Z,adservice,recommendationservice,0,0,0,0,0
2026-09-11T13:16:09Z,adservice,redis-cart,0,0,0,0,0
2026-09-11T13:16:09Z,adservice,shippingservice,0,0,0,0,0
2026-09-11T13:16:09Z,cartservice,adservice,0,0,0,0,0
2026-09-11T13:16:09Z,cartservice,cartservice,0,0,0,0,0
2026-09-11T13:16:09Z,cartservice,checkoutservice,0,0,0,0,0
2026-09-11T13:16:09Z,cartservice,currencyservice,0,0,0,0,0
2026-09-11T13:16:09Z,cartservice,emailservice,0,0,0,0,0
2026-09-11T13:16:09Z,cartservice,frontend,0,0,0,0,0
2026-09-11T13:16:09Z,cartservice,kubernetes,0,0,0,0,0
2026-09-11T13:16:09Z,cartservice,paymentservice,0,0,0,0,0
2026-09-11T13:16:09Z,cartservice,productcatalogservice,0,0,0,0,0
2026-09-11T13:16:09Z,cartservice,recommendationservice,0,0,0,0,0
2026-09-11T13:16:09Z,cartservice,redis-cart,2,0,0,0,0
2026-09-11T13:16:09Z,cartservice,shippingservice,0,0,0,0,0
2026-09-11T13:16:09Z,checkoutservice,adservice,0,0,0,0,0
2026-09-11T13:16:09Z,checkoutservice,cartservice,17790,17790,0,0,0
2026-09-11T13:16:09Z,checkoutservice,checkoutservice,0,0,0,0,0
2026-09-11T13:16:09Z,checkoutservice,currencyservice,8895,8895,0,0,0
2026-09-11T13:16:09Z,checkoutservice,emailservice,8895,8895,0,0,0
2026-09-11T13:16:09Z,checkoutservice,frontend,0,0,0,0,0
2026-09-11T13:16:09Z,checkoutservice,kubernetes,0,0,0,0,0
2026-09-11T13:16:09Z,checkoutservice,paymentservice,8895,8895,0,0,0
2026-09-11T13:16:09Z,checkoutservice,productcatalogservice,0,0,0,0,0
2026-09-11T13:16:09Z,checkoutservice,recommendationservice,0,0,0,0,0
2026-09-11T13:16:09Z,checkoutservice,redis-cart,0,0,0,0,0
2026-09-11T13:16:09Z,checkoutservice,shippingservice,17790,17790,0,0,0
2026-09-11T13:16:09Z,currencyservice,adservice,0,0,0,0,0
2026-09-11T13:16:09Z,currencyservice,cartservice,0,0,0,0,0
2026-09-11T13:16:09Z,currencyservice,checkoutservice,0,0,0,0,0
2026-09-11T13:16:09Z,currencyservice,currencyservice,0,0,0,0,0
2026-09-11T13:16:09Z,currencyservice,emailservice,0,0,0,0,0
2026-09-11T13:16:09Z,currencyservice,frontend,0,0,0,0,0
2026-09-11T13:16:09Z,currencyservice,kubernetes,0,0,0,0,0
2026-09-11T13:16:09Z,currencyservice,paymentservice,0,0,0,0,0
2026-09-11T13:16:09Z,currencyservice,productcatalogservice,0,0,0,0,0
2026-09-11T13:16:09Z,currencyservice,recommendationservice,0,0,0,0,0
2026-09-11T13:16:09Z,currencyservice,redis-cart,0,0,0,0,0
2026-09-11T13:16:09Z,currencyservice,shippingservice,0,0,0,0,0
2026-09-11T13:16:09Z,emailservice,adservice,0,0,0,0,0
2026-09-11T13:16:09Z,emailservice,cartservice,0,0,0,0,0
2026-09-11T13:16:09Z,emailservice,checkoutservice,0,0,0,0,0
2026-09-11T13:16:09Z,emailservice,currencyservice,0,0,0,0,0
2026-09-11T13:16:09Z,emailservice,emailservice,0,0,0,0,0
2026-09-11T13:16:09Z,emailservice,frontend,0,0,0,0,0
2026-09-11T13:16:09Z,emailservice,kubernetes,0,0,0,0,0
2026-09-11T13:16:09Z,emailservice,paymentservice,0,0,0,0,0
2026-09-11T13:16:09Z,emailservice,productcatalogservice,0,0,0,0,0
2026-09-11T13:16:09Z,emailservice,recommendationservice,0,0,0,0,0
2026-09-11T13:16:09Z,emailservice,redis-cart,0,0,0,0,0
2026-09-11T13:16:09Z,emailservice,shippingservice,0,0,0,0,0
2026-09-11T13:16:09Z,frontend,adservice,47575,34938,0,479,0
2026-09-11T13:16:09Z,frontend,cartservice,218077,217994,0,0,0
2026-09-11T13:16:09Z,frontend,checkoutservice,8909,8909,0,0,0
2026-09-11T13:16:09Z,frontend,currencyservice,347934,347856,0,0,0
2026-09-11T13:16:09Z,frontend,emailservice,0,0,0,0,0
2026-09-11T13:16:09Z,frontend,frontend,0,0,0,0,0
2026-09-11T13:16:09Z,frontend,kubernetes,0,0,0,0,0
2026-09-11T13:16:09Z,frontend,paymentservice,0,0,0,0,0
2026-09-11T13:16:09Z,frontend,productcatalogservice,869519,869116,0,0,0
2026-09-11T13:16:09Z,frontend,recommendationservice,141756,141674,0,0,0
2026-09-11T13:16:09Z,frontend,redis-cart,0,0,0,0,0
2026-09-11T13:16:09Z,frontend,shippingservice,84750,84750,0,0,0
2026-09-11T13:16:09Z,paymentservice,adservice,0,0,0,0,0
2026-09-11T13:16:09Z,paymentservice,cartservice,0,0,0,0,0
2026-09-11T13:16:09Z,paymentservice,checkoutservice,0,0,0,0,0
2026-09-11T13:16:09Z,paymentservice,currencyservice,0,0,0,0,0
2026-09-11T13:16:09Z,paymentservice,emailservice,0,0,0,0,0
2026-09-11T13:16:09Z,paymentservice,frontend,0,0,0,0,0
2026-09-11T13:16:09Z,paymentservice,kubernetes,0,0,0,0,0
2026-09-11T13:16:09Z,paymentservice,paymentservice,0,0,0,0,0
2026-09-11T13:16:09Z,paymentservice,productcatalogservice,0,0,0,0,0
2026-09-11T13:16:09Z,paymentservice,recommendationservice,0,0,0,0,0
2026-09-11T13:16:09Z,paymentservice,redis-cart,0,0,0,0,0
2026-09-11T13:16:09Z,paymentservice,shippingservice,0,0,0,0,0
2026-09-11T13:16:09Z,productcatalogservice,adservice,0,0,0,0,0
2026-09-11T13:16:09Z,productcatalogservice,cartservice,0,0,0,0,0
2026-09-11T13:16:09Z,productcatalogservice,checkoutservice,0,0,0,0,0
2026-09-11T13:16:09Z,productcatalogservice,currencyservice,0,0,0,0,0
2026-09-11T13:16:09Z,productcatalogservice,emailservice,0,0,0,0,0
2026-09-11T13:16:09Z,productcatalogservice,frontend,0,0,0,0,0
2026-09-11T13:16:09Z,productcatalogservice,kubernetes,0,0,0,0,0
2026-09-11T13:16:09Z,productcatalogservice,paymentservice,0,0,0,0,0
2026-09-11T13:16:09Z,productcatalogservice,productcatalogservice,0,0,0,0,0
2026-09-11T13:16:09Z,productcatalogservice,recommendationservice,0,0,0,0,0
2026-09-11T13:16:09Z,productcatalogservice,redis-cart,0,0,0,0,0
2026-09-11T13:16:09Z,productcatalogservice,shippingservice,0,0,0,0,0
2026-09-11T13:16:09Z,recommendationservice,adservice,0,0,0,0,0
2026-09-11T13:16:09Z,recommendationservice,cartservice,0,0,0,0,0
2026-09-11T13:16:09Z,recommendationservice,checkoutservice,0,0,0,0,0
2026-09-11T13:16:09Z,recommendationservice,currencyservice,0,0,0,0,0
2026-09-11T13:16:09Z,recommendationservice,emailservice,0,0,0,0,0
2026-09-11T13:16:09Z,recommendationservice,frontend,0,0,0,0,0
2026-09-11T13:16:09Z,recommendationservice,kubernetes,0,0,0,0,0
2026-09-11T13:16:09Z,recommendationservice,paymentservice,0,0,0,0,0
2026-09-11T13:16:09Z,recommendationservice,productcatalogservice,141898,141898,0,0,0
2026-09-11T13:16:09Z,recommendationservice,recommendationservice,0,0,0,0,0
2026-09-11T13:16:09Z,recommendationservice,redis-cart,0,0,0,0,0
2026-09-11T13:16:09Z,recommendationservice,shippingservice,0,0,0,0,0
2026-09-11T13:16:09Z,redis-cart,adservice,0,0,0,0,0
2026-09-11T13:16:09Z,redis-cart,cartservice,0,0,0,0,0
2026-09-11T13:16:09Z,redis-cart,checkoutservice,0,0,0,0,0
2026-09-11T13:16:09Z,redis-cart,currencyservice,0,0,0,0,0
2026-09-11T13:16:09Z,redis-cart,emailservice,0,0,0,0,0
2026-09-11T13:16:09Z,redis-cart,frontend,0,0,0,0,0
2026-09-11T13:16:09Z,redis-cart,kubernetes,0,0,0,0,0
2026-09-11T13:16:09Z,redis-cart,paymentservice,0,0,0,0,0
2026-09-11T13:16:09Z,redis-cart,productcatalogservice,0,0,0,0,0
2026-09-11T13:16:09Z,redis-cart,recommendationservice,0,0,0,0,0
2026-09-11T13:16:09Z,redis-cart,redis-cart,0,0,0,0,0
2026-09-11T13:16:09Z,redis-cart,shippingservice,0,0,0,0,0
2026-09-11T13:16:09Z,shippingservice,adservice,0,0,0,0,0
2026-09-11T13:16:09Z,shippingservice,cartservice,0,0,0,0,0
2026-09-11T13:16:09Z,shippingservice,checkoutservice,0,0,0,0,0
2026-09-11T13:16:09Z,shippingservice,currencyservice,0,0,0,0,0
2026-09-11T13:16:09Z,shippingservice,emailservice,0,0,0,0,0
2026-09-11T13:16:09Z,shippingservice,frontend,0,0,0,0,0
2026-09-11T13:16:09Z,shippingservice,kubernetes,0,0,0,0,0
2026-09-11T13:16:09Z,shippingservice,paymentservice,0,0,0,0,0
2026-09-11T13:16:09Z,shippingservice,productcatalogservice,0,0,0,0,0
2026-09-11T13:16:09Z,shippingservice,recommendationservice,0,0,0,0,0
2026-09-11T13:16:09Z,shippingservice,redis-cart,0,0,0,0,0
2026-09-11T13:16:09Z,shippingservice,shippingservice,0,0,0,0,0
2026-09-11T13:16:12Z,adservice,adservice,0,0,0,0,0
2026-09-11T13:16:12Z,adservice,cartservice,0,0,0,0,0
2026-09-11T13:16:12Z,adservice,checkoutservice,0,0,0,0,0
2026-09-11T13:16:12Z,adservice,currencyservice,0,0,0,0,0
2026-09-11T13:16:12Z,adservice,emailservice,0,0,0,0,0
2026-09-11T13:16:12Z,adservice,frontend,0,0,0,0,0
2026-09-11T13:16:12Z,adservice,kubernetes,0,0,0,0,0
2026-09-11T13:16:12Z,adservice,paymentservice,0,0,0,0,0
2026-09-11T13:16:12Z,adservice,productcatalogservice,0,0,0,0,0
2026-09-11T13:16:12Z,adservice,recommendationservice,0,0,0,0,0
2026-09-11T13:16:12Z,adservice,redis-cart,0,0,0,0,0
2026-09-11T13:16:12Z,adservice,shippingservice,0,0,0,0,0
2026-09-11T13:16:12Z,cartservice,adservice,0,0,0,0,0
2026-09-11T13:16:12Z,cartservice,cartservice,0,0,0,0,0
2026-09-11T13:16:12Z,cartservice,checkoutservice,0,0,0,0,0
2026-09-11T13:16:12Z,cartservice,currencyservice,0,0,0,0,0
2026-09-11T13:16:12Z,cartservice,emailservice,0,0,0,0,0
2026-09-11T13:16:12Z,cartservice,frontend,0,0,0,0,0
2026-09-11T13:16:12Z,cartservice,kubernetes,0,0,0,0,0
2026-09-11T13:16:12Z,cartservice,paymentservice,0,0,0,0,0
2026-09-11T13:16:12Z,cartservice,productcatalogservice,0,0,0,0,0
2026-09-11T13:16:12Z,cartservice,recommendationservice,0,0,0,0,0
2026-09-11T13:16:12Z,cartservice,redis-cart,2,0,0,0,0
2026-09-11T13:16:12Z,cartservice,shippingservice,0,0,0,0,0
2026-09-11T13:16:12Z,checkoutservice,adservice,0,0,0,0,0
2026-09-11T13:16:12Z,checkoutservice,cartservice,17880,17880,0,0,0
2026-09-11T13:16:12Z,checkoutservice,checkoutservice,0,0,0,0,0
2026-09-11T13:16:12Z,checkoutservice,currencyservice,8940,8940,0,0,0
2026-09-11T13:16:12Z,checkoutservice,emailservice,8940,8940,0,0,0
2026-09-11T13:16:12Z,checkoutservice,frontend,0,0,0,0,0
2026-09-11T13:16:12Z,checkoutservice,kubernetes,0,0,0,0,0
2026-09-11T13:16:12Z,checkoutservice,paymentservice,8940,8940,0,0,0
2026-09-11T13:16:12Z,checkoutservice,productcatalogservice,0,0,0,0,0
2026-09-11T13:16:12Z,checkoutservice,recommendationservice,0,0,0,0,0
2026-09-11T13:16:12Z,checkoutservice,redis-cart,0,0,0,0,0
2026-09-11T13:16:12Z,checkoutservice,shippingservice,17880,17880,0,0,0
2026-09-11T13:16:12Z,currencyservice,adservice,0,0,0,0,0
2026-09-11T13:16:12Z,currencyservice,cartservice,0,0,0,0,0
2026-09-11T13:16:12Z,currencyservice,checkoutservice,0,0,0,0,0
2026-09-11T13:16:12Z,currencyservice,currencyservice,0,0,0,0,0
2026-09-11T13:16:12Z,currencyservice,emailservice,0,0,0,0,0
2026-09-11T13:16:12Z,currencyservice,frontend,0,0,0,0,0
2026-09-11T13:16:12Z,currencyservice,kubernetes,0,0,0,0,0
2026-09-11T13:16:12Z,currencyservice,paymentservice,0,0,0,0,0
2026-09-11T13:16:12Z,currencyservice,productcatalogservice,0,0,0,0,0
2026-09-11T13:16:12Z,currencyservice,recommendationservice,0,0,0,0,0
2026-09-11T13:16:12Z,currencyservice,redis-cart,0,0,0,0,0
2026-09-11T13:16:12Z,currencyservice,shippingservice,0,0,0,0,0
2026-09-11T13:16:12Z,emailservice,adservice,0,0,0,0,0
2026-09-11T13:16:12Z,emailservice,cartservice,0,0,0,0,0
2026-09-11T13:16:12Z,emailservice,checkoutservice,0,0,0,0,0
2026-09-11T13:16:12Z,emailservice,currencyservice,0,0,0,0,0
2026-09-11T13:16:12Z,emailservice,emailservice,0,0,0,0,0
2026-09-11T13:16:12Z,emailservice,frontend,0,0,0,0,0
2026-09-11T13:16:12Z,emailservice,kubernetes,0,0,0,0,0
2026-09-11T13:16:12Z,emailservice,paymentservice,0,0,0,0,0
2026-09-11T13:16:12Z,emailservice,productcatalogservice,0,0,0,0,0
2026-09-11T13:16:12Z,emailservice,recommendationservice,0,0,0,0,0
2026-09-11T13:16:12Z,emailservice,redis-cart,0,0,0,0,0
2026-09-11T13:16:12Z,emailservice,shippingservice,0,0,0,0,0
2026-09-11T13:16:12Z,frontend,adservice,47785,35148,0,479,0
2026-09-11T13:16:12Z,frontend,cartservice,219049,218993,0,0,0
2026-09-11T13:16:12Z,frontend,checkoutservice,8960,8950,0,0,0
2026-09-11T13:16:12Z,frontend,currencyservice,349468,349390,0,0,0
2026-09-11T13:16:12Z,frontend,emailservice,0,0,0,0,0
2026-09-11T13:16:12Z,frontend,frontend,0,0,0,0,0
2026-09-11T13:16:12Z,frontend,kubernetes,0,0,0,0,0
2026-09-11T13:16:12Z,frontend,paymentservice,0,0,0,0,0
2026-09-11T13:16:12Z,frontend,productcatalogservice,873809,873296,0,0,0
2026-09-11T13:16:12Z,frontend,recommendationservice,142365,142327,0,0,0
2026-09-11T13:16:12Z,frontend,redis-cart,0,0,0,0,0
2026-09-11T13:16:12Z,frontend,shippingservice,85130,85125,0,0,0
2026-09-11T13:16:12Z,paymentservice,adservice,0,0,0,0,0
2026-09-11T13:16:12Z,paymentservice,cartservice,0,0,0,0,0
2026-09-11T13:16:12Z,paymentservice,checkoutservice,0,0,0,0,0
2026-09-11T13:16:12Z,paymentservice,currencyservice,0,0,0,0,0
2026-09-11T13:16:12Z,paymentservice,emailservice,0,0,0,0,0
2026-09-11T13:16:12Z,paymentservice,frontend,0,0,0,0,0
2026-09-11T13:16:12Z,paymentservice,kubernetes,0,0,0,0,0
2026-09-11T13:16:12Z,paymentservice,paymentservice,0,0,0,0,0
2026-09-11T13:16:12Z,paymentservice,productcatalogservice,0,0,0,0,0
2026-09-11T13:16:12Z,paymentservice,recommendationservice,0,0,0,0,0
2026-09-11T13:16:12Z,paymentservice,redis-cart,0,0,0,0,0
2026-09-11T13:16:12Z,paymentservice,shippingservice,0,0,0,0,0
2026-09-11T13:16:12Z,productcatalogservice,adservice,0,0,0,0,0
2026-09-11T13:16:12Z,productcatalogservice,cartservice,0,0,0,0,0
2026-09-11T13:16:12Z,productcatalogservice,checkoutservice,0,0,0,0,0
2026-09-11T13:16:12Z,productcatalogservice,currencyservice,0,0,0,0,0
2026-09-11T13:16:12Z,productcatalogservice,emailservice,0,0,0,0,0
2026-09-11T13:16:12Z,productcatalogservice,frontend,0,0,0,0,0
2026-09-11T13:16:12Z,productcatalogservice,kubernetes,0,0,0,0,0
2026-09-11T13:16:12Z,productcatalogservice,paymentservice,0,0,0,0,0
2026-09-11T13:16:12Z,productcatalogservice,productcatalogservice,0,0,0,0,0
2026-09-11T13:16:12Z,productcatalogservice,recommendationservice,0,0,0,0,0
2026-09-11T13:16:12Z,productcatalogservice,redis-cart,0,0,0,0,0
2026-09-11T13:16:12Z,productcatalogservice,shippingservice,0,0,0,0,0
2026-09-11T13:16:12Z,recommendationservice,adservice,0,0,0,0,0
2026-09-11T13:16:12Z,recommendationservice,cartservice,0,0,0,0,0
2026-09-11T13:16:12Z,recommendationservice,checkoutservice,0,0,0,0,0
2026-09-11T13:16:12Z,recommendationservice,currencyservice,0,0,0,0,0
2026-09-11T13:16:12Z,recommendationservice,emailservice,0,0,0,0,0
2026-09-11T13:16:12Z,recommendationservice,frontend,0,0,0,0,0
2026-09-11T13:16:12Z,recommendationservice,kubernetes,0,0,0,0,0
2026-09-11T13:16:12Z,recommendationservice,paymentservice,0,0,0,0,0
2026-09-11T13:16:12Z,recommendationservice,productcatalogservice,142591,142591,0,0,0
2026-09-11T13:16:12Z,recommendationservice,recommendationservice,0,0,0,0,0
2026-09-11T13:16:12Z,recommendationservice,redis-cart,0,0,0,0,0
2026-09-11T13:16:12Z,recommendationservice,shippingservice,0,0,0,0,0
2026-09-11T13:16:12Z,redis-cart,adservice,0,0,0,0,0
2026-09-11T13:16:12Z,redis-cart,cartservice,0,0,0,0,0
2026-09-11T13:16:12Z,redis-cart,checkoutservice,0,0,0,0,0
2026-09-11T13:16:12Z,redis-cart,currencyservice,0,0,0,0,0
2026-09-11T13:16:12Z,redis-cart,emailservice,0,0,0,0,0
2026-09-11T13:16:12Z,redis-cart,frontend,0,0,0,0,0
2026-09-11T13:16:12Z,redis-cart,kubernetes,0,0,0,0,0
2026-09-11T13:16:12Z,redis-cart,paymentservice,0,0,0,0,0
2026-09-11T13:16:12Z,redis-cart,productcatalogservice,0,0,0,0,0
2026-09-11T13:16:12Z,redis-cart,recommendationservice,0,0,0,0,0
2026-09-11T13:16:12Z,redis-cart,redis-cart,0,0,0,0,0
2026-09-11T13:16:12Z,redis-cart,shippingservice,0,0,0,0,0
2026-09-11T13:16:12Z,shippingservice,adservice,0,0,0,0,0
2026-09-11T13:16:12Z,shippingservice,cartservice,0,0,0,0,0
2026-09-11T13:16:12Z,shippingservice,checkoutservice,0,0,0,0,0
2026-09-11T13:16:12Z,shippingservice,currencyservice,0,0,0,0,0
2026-09-11T13:16:12Z,shippingservice,emailservice,0,0,0,0,0
2026-09-11T13:16:12Z,shippingservice,frontend,0,0,0,0,0
2026-09-11T13:16:12Z,shippingservice,kubernetes,0,0,0,0,0
2026-09-11T13:16:12Z,shippingservice,paymentservice,0,0,0,0,0
2026-09-11T13:16:12Z,shippingservice,productcatalogservice,0,0,0,0,0
2026-09-11T13:16:12Z,shippingservice,recommendationservice,0,0,0,0,0
2026-09-11T13:16:12Z,shippingservice,redis-cart,0,0,0,0,0
2026-09-11T13:16:12Z,shippingservice,shippingservice,0,0,0,0,0
2026-09-11T13:16:15Z,adservice,adservice,0,0,0,0,0
2026-09-11T13:16:15Z,adservice,cartservice,0,0,0,0,0
2026-09-11T13:16:15Z,adservice,checkoutservice,0,0,0,0,0
2026-09-11T13:16:15Z,adservice,currencyservice,0,0,0,0,0
2026-09-11T13:16:15Z,adservice,emailservice,0,0,0,0,0
2026-09-11T13:16:15Z,adservice,frontend,0,0,0,0,0
2026-09-11T13:16:15Z,adservice,kubernetes,0,0,0,0,0
2026-09-11T13:16:15Z,adservice,paymentservice,0,0,0,0,0
2026-09-11T13:16:15Z,adservice,productcatalogservice,0,0,0,0,0
2026-09-11T13:16:15Z,adservice,recommendationservice,0,0,0,0,0
2026-09-11T13:16:15Z,adservice,redis-cart,0,0,0,0,0
2026-09-11T13:16:15Z,adservice,shippingservice,0,0,0,0,0
2026-09-11T13:16:15Z,cartservice,adservice,0,0,0,0,0
2026-09-11T13:16:15Z,cartservice,cartservice,0,0,0,0,0
2026-09-11T13:16:15Z,cartservice,checkoutservice,0,0,0,0,0
2026-09-11T13:16:15Z,cartservice,currencyservice,0,0,0,0,0
2026-09-11T13:16:15Z,cartservice,emailservice,0,0,0,0,0
2026-09-11T13:16:15Z,cartservice,frontend,0,0,0,0,0
2026-09-11T13:16:15Z,cartservice,kubernetes,0,0,0,0,0
2026-09-11T13:16:15Z,cartservice,paymentservice,0,0,0,0,0
2026-09-11T13:16:15Z,cartservice,productcatalogservice,0,0,0,0,0
2026-09-11T13:16:15Z,cartservice,recommendationservice,0,0,0,0,0
2026-09-11T13:16:15Z,cartservice,redis-cart,2,0,0,0,0
2026-09-11T13:16:15Z,cartservice,shippingservice,0,0,0,0,0
2026-09-11T13:16:15Z,checkoutservice,adservice,0,0,0,0,0
2026-09-11T13:16:15Z,checkoutservice,cartservice,17978,17978,0,0,0
2026-09-11T13:16:15Z,checkoutservice,checkoutservice,0,0,0,0,0
2026-09-11T13:16:15Z,checkoutservice,currencyservice,8989,8989,0,0,0
2026-09-11T13:16:15Z,checkoutservice,emailservice,8989,8989,0,0,0
2026-09-11T13:16:15Z,checkoutservice,frontend,0,0,0,0,0
2026-09-11T13:16:15Z,checkoutservice,kubernetes,0,0,0,0,0
2026-09-11T13:16:15Z,checkoutservice,paymentservice,8989,8989,0,0,0
2026-09-11T13:16:15Z,checkoutservice,productcatalogservice,0,0,0,0,0
2026-09-11T13:16:15Z,checkoutservice,recommendationservice,0,0,0,0,0
2026-09-11T13:16:15Z,checkoutservice,redis-cart,0,0,0,0,0
2026-09-11T13:16:15Z,checkoutservice,shippingservice,17978,17978,0,0,0
2026-09-11T13:16:15Z,currencyservice,adservice,0,0,0,0,0
2026-09-11T13:16:15Z,currencyservice,cartservice,0,0,0,0,0
2026-09-11T13:16:15Z,currencyservice,checkoutservice,0,0,0,0,0
2026-09-11T13:16:15Z,currencyservice,currencyservice,0,0,0,0,0
2026-09-11T13:16:15Z,currencyservice,emailservice,0,0,0,0,0
2026-09-11T13:16:15Z,currencyservice,frontend,0,0,0,0,0
2026-09-11T13:16:15Z,currencyservice,kubernetes,0,0,0,0,0
2026-09-11T13:16:15Z,currencyservice,paymentservice,0,0,0,0,0
2026-09-11T13:16:15Z,currencyservice,productcatalogservice,0,0,0,0,0
2026-09-11T13:16:15Z,currencyservice,recommendationservice,0,0,0,0,0
2026-09-11T13:16:15Z,currencyservice,redis-cart,0,0,0,0,0
2026-09-11T13:16:15Z,currencyservice,shippingservice,0,0,0,0,0
2026-09-11T13:16:15Z,emailservice,adservice,0,0,0,0,0
2026-09-11T13:16:15Z,emailservice,cartservice,0,0,0,0,0
2026-09-11T13:16:15Z,emailservice,checkoutservice,0,0,0,0,0
2026-09-11T13:16:15Z,emailservice,currencyservice,0,0,0,0,0
2026-09-11T13:16:15Z,emailservice,emailservice,0,0,0,0,0
2026-09-11T13:16:15Z,emailservice,frontend,0,0,0,0,0
2026-09-11T13:16:15Z,emailservice,kubernetes,0,0,0,0,0
2026-09-11T13:16:15Z,emailservice,paymentservice,0,0,0,0,0
2026-09-11T13:16:15Z,emailservice,productcatalogservice,0,0,0,0,0
2026-09-11T13:16:15Z,emailservice,recommendationservice,0,0,0,0,0
2026-09-11T13:16:15Z,emailservice,redis-cart,0,0,0,0,0
2026-09-11T13:16:15Z,emailservice,shippingservice,0,0,0,0,0
2026-09-11T13:16:15Z,frontend,adservice,48001,35364,0,479,0
2026-09-11T13:16:15Z,frontend,cartservice,220096,220008,0,0,0
2026-09-11T13:16:15Z,frontend,checkoutservice,9001,9001,0,0,0
2026-09-11T13:16:15Z,frontend,currencyservice,351242,351164,0,0,0
2026-09-11T13:16:15Z,frontend,emailservice,0,0,0,0,0
2026-09-11T13:16:15Z,frontend,frontend,0,0,0,0,0
2026-09-11T13:16:15Z,frontend,kubernetes,0,0,0,0,0
2026-09-11T13:16:15Z,frontend,paymentservice,0,0,0,0,0
2026-09-11T13:16:15Z,frontend,productcatalogservice,878067,877514,0,0,0
2026-09-11T13:16:15Z,frontend,recommendationservice,143081,143062,0,0,0
2026-09-11T13:16:15Z,frontend,redis-cart,0,0,0,0,0
2026-09-11T13:16:15Z,frontend,shippingservice,85563,85560,0,0,0
2026-09-11T13:16:15Z,paymentservice,adservice,0,0,0,0,0
2026-09-11T13:16:15Z,paymentservice,cartservice,0,0,0,0,0
2026-09-11T13:16:15Z,paymentservice,checkoutservice,0,0,0,0,0
2026-09-11T13:16:15Z,paymentservice,currencyservice,0,0,0,0,0
2026-09-11T13:16:15Z,paymentservice,emailservice,0,0,0,0,0
2026-09-11T13:16:15Z,paymentservice,frontend,0,0,0,0,0
2026-09-11T13:16:15Z,paymentservice,kubernetes,0,0,0,0,0
2026-09-11T13:16:15Z,paymentservice,paymentservice,0,0,0,0,0
2026-09-11T13:16:15Z,paymentservice,productcatalogservice,0,0,0,0,0
2026-09-11T13:16:15Z,paymentservice,recommendationservice,0,0,0,0,0
2026-09-11T13:16:15Z,paymentservice,redis-cart,0,0,0,0,0
2026-09-11T13:16:15Z,paymentservice,shippingservice,0,0,0,0,0
2026-09-11T13:16:15Z,productcatalogservice,adservice,0,0,0,0,0
2026-09-11T13:16:15Z,productcatalogservice,cartservice,0,0,0,0,0
2026-09-11T13:16:15Z,productcatalogservice,checkoutservice,0,0,0,0,0
2026-09-11T13:16:15Z,productcatalogservice,currencyservice,0,0,0,0,0
2026-09-11T13:16:15Z,productcatalogservice,emailservice,0,0,0,0,0
2026-09-11T13:16:15Z,productcatalogservice,frontend,0,0,0,0,0
2026-09-11T13:16:15Z,productcatalogservice,kubernetes,0,0,0,0,0
2026-09-11T13:16:15Z,productcatalogservice,paymentservice,0,0,0,0,0
2026-09-11T13:16:15Z,productcatalogservice,productcatalogservice,0,0,0,0,0
2026-09-11T13:16:15Z,productcatalogservice,recommendationservice,0,0,0,0,0
2026-09-11T13:16:15Z,productcatalogservice,redis-cart,0,0,0,0,0
2026-09-11T13:16:15Z,productcatalogservice,shippingservice,0,0,0,0,0
2026-09-11T13:16:15Z,recommendationservice,adservice,0,0,0,0,0
2026-09-11T13:16:15Z,recommendationservice,cartservice,0,0,0,0,0
2026-09-11T13:16:15Z,recommendationservice,checkoutservice,0,0,0,0,0
2026-09-11T13:16:15Z,recommendationservice,currencyservice,0,0,0,0,0
2026-09-11T13:16:15Z,recommendationservice,emailservice,0,0,0,0,0
2026-09-11T13:16:15Z,recommendationservice,frontend,0,0,0,0,0
2026-09-11T13:16:15Z,recommendationservice,kubernetes,0,0,0,0,0
2026-09-11T13:16:15Z,recommendationservice,paymentservice,0,0,0,0,0
2026-09-11T13:16:15Z,recommendationservice,productcatalogservice,143220,143220,0,0,0
2026-09-11T13:16:15Z,recommendationservice,recommendationservice,0,0,0,0,0
2026-09-11T13:16:15Z,recommendationservice,redis-cart,0,0,0,0,0
2026-09-11T13:16:15Z,recommendationservice,shippingservice,0,0,0,0,0
2026-09-11T13:16:15Z,redis-cart,adservice,0,0,0,0,0
2026-09-11T13:16:15Z,redis-cart,cartservice,0,0,0,0,0
2026-09-11T13:16:15Z,redis-cart,checkoutservice,0,0,0,0,0
2026-09-11T13:16:15Z,redis-cart,currencyservice,0,0,0,0,0
2026-09-11T13:16:15Z,redis-cart,emailservice,0,0,0,0,0
2026-09-11T13:16:15Z,redis-cart,frontend,0,0,0,0,0
2026-09-11T13:16:15Z,redis-cart,kubernetes,0,0,0,0,0
2026-09-11T13:16:15Z,redis-cart,paymentservice,0,0,0,0,0
2026-09-11T13:16:15Z,redis-cart,productcatalogservice,0,0,0,0,0
2026-09-11T13:16:15Z,redis-cart,recommendationservice,0,0,0,0,0
2026-09-11T13:16:15Z,redis-cart,redis-cart,0,0,0,0,0
2026-09-11T13:16:15Z,redis-cart,shippingservice,0,0,0,0,0
2026-09-11T13:16:15Z,shippingservice,adservice,0,0,0,0,0
2026-09-11T13:16:15Z,shippingservice,cartservice,0,0,0,0,0
2026-09-11T13:16:15Z,shippingservice,checkoutservice,0,0,0,0,0
2026-09-11T13:16:15Z,shippingservice,currencyservice,0,0,0,0,0
2026-09-11T13:16:15Z,shippingservice,emailservice,0,0,0,0,0
2026-09-11T13:16:15Z,shippingservice,frontend,0,0,0,0,0
2026-09-11T13:16:15Z,shippingservice,kubernetes,0,0,0,0,0
2026-09-11T13:16:15Z,shippingservice,paymentservice,0,0,0,0,0
2026-09-11T13:16:15Z,shippingservice,productcatalogservice,0,0,0,0,0
2026-09-11T13:16:15Z,shippingservice,recommendationservice,0,0,0,0,0
2026-09-11T13:16:15Z,shippingservice,redis-cart,0,0,0,0,0
2026-09-11T13:16:15Z,shippingservice,shippingservice,0,0,0,0,0
2026-09-11T13:16:18Z,adservice,adservice,0,0,0,0,0
2026-09-11T13:16:18Z,adservice,cartservice,0,0,0,0,0
2026-09-11T13:16:18Z,adservice,checkoutservice,0,0,0,0,0
2026-09-11T13:16:18Z,adservice,currencyservice,0,0,0,0,0
2026-09-11T13:16:18Z,adservice,emailservice,0,0,0,0,0
2026-09-11T13:16:18Z,adservice,frontend,0,0,0,0,0
2026-09-11T13:16:18Z,adservice,kubernetes,0,0,0,0,0
2026-09-11T13:16:18Z,adservice,paymentservice,0,0,0,0,0
2026-09-11T13:16:18Z,adservice,productcatalogservice,0,0,0,0,0
2026-09-11T13:16:18Z,adservice,recommendationservice,0,0,0,0,0
2026-09-11T13:16:18Z,adservice,redis-cart,0,0,0,0,0
2026-09-11T13:16:18Z,adservice,shippingservice,0,0,0,0,0
2026-09-11T13:16:18Z,cartservice,adservice,0,0,0,0,0
2026-09-11T13:16:18Z,cartservice,cartservice,0,0,0,0,0
2026-09-11T13:16:18Z,cartservice,checkoutservice,0,0,0,0,0
2026-09-11T13:16:18Z,cartservice,currencyservice,0,0,0,0,0
2026-09-11T13:16:18Z,cartservice,emailservice,0,0,0,0,0
2026-09-11T13:16:18Z,cartservice,frontend,0,0,0,0,0
2026-09-11T13:16:18Z,cartservice,kubernetes,0,0,0,0,0
2026-09-11T13:16:18Z,cartservice,paymentservice,0,0,0,0,0
2026-09-11T13:16:18Z,cartservice,productcatalogservice,0,0,0,0,0
2026-09-11T13:16:18Z,cartservice,recommendationservice,0,0,0,0,0
2026-09-11T13:16:18Z,cartservice,redis-cart,2,0,0,0,0
2026-09-11T13:16:18Z,cartservice,shippingservice,0,0,0,0,0
2026-09-11T13:16:18Z,checkoutservice,adservice,0,0,0,0,0
2026-09-11T13:16:18Z,checkoutservice,cartservice,18061,18061,0,0,0
2026-09-11T13:16:18Z,checkoutservice,checkoutservice,0,0,0,0,0
2026-09-11T13:16:18Z,checkoutservice,currencyservice,9034,9034,0,0,0
2026-09-11T13:16:18Z,checkoutservice,emailservice,9027,9027,0,0,0
2026-09-11T13:16:18Z,checkoutservice,frontend,0,0,0,0,0
2026-09-11T13:16:18Z,checkoutservice,kubernetes,0,0,0,0,0
2026-09-11T13:16:18Z,checkoutservice,paymentservice,9031,9031,0,0,0
2026-09-11T13:16:18Z,checkoutservice,productcatalogservice,0,0,0,0,0
2026-09-11T13:16:18Z,checkoutservice,recommendationservice,0,0,0,0,0
2026-09-11T13:16:18Z,checkoutservice,redis-cart,0,0,0,0,0
2026-09-11T13:16:18Z,checkoutservice,shippingservice,18063,18061,0,0,0
2026-09-11T13:16:18Z,currencyservice,adservice,0,0,0,0,0
2026-09-11T13:16:18Z,currencyservice,cartservice,0,0,0,0,0
2026-09-11T13:16:18Z,currencyservice,checkoutservice,0,0,0,0,0
2026-09-11T13:16:18Z,currencyservice,currencyservice,0,0,0,0,0
2026-09-11T13:16:18Z,currencyservice,emailservice,0,0,0,0,0
2026-09-11T13:16:18Z,currencyservice,frontend,0,0,0,0,0
2026-09-11T13:16:18Z,currencyservice,kubernetes,0,0,0,0,0
2026-09-11T13:16:18Z,currencyservice,paymentservice,0,0,0,0,0
2026-09-11T13:16:18Z,currencyservice,productcatalogservice,0,0,0,0,0
2026-09-11T13:16:18Z,currencyservice,recommendationservice,0,0,0,0,0
2026-09-11T13:16:18Z,currencyservice,redis-cart,0,0,0,0,0
2026-09-11T13:16:18Z,currencyservice,shippingservice,0,0,0,0,0
2026-09-11T13:16:18Z,emailservice,adservice,0,0,0,0,0
2026-09-11T13:16:18Z,emailservice,cartservice,0,0,0,0,0
2026-09-11T13:16:18Z,emailservice,checkoutservice,0,0,0,0,0
2026-09-11T13:16:18Z,emailservice,currencyservice,0,0,0,0,0
2026-09-11T13:16:18Z,emailservice,emailservice,0,0,0,0,0
2026-09-11T13:16:18Z,emailservice,frontend,0,0,0,0,0
2026-09-11T13:16:18Z,emailservice,kubernetes,0,0,0,0,0
2026-09-11T13:16:18Z,emailservice,paymentservice,0,0,0,0,0
2026-09-11T13:16:18Z,emailservice,productcatalogservice,0,0,0,0,0
2026-09-11T13:16:18Z,emailservice,recommendationservice,0,0,0,0,0
2026-09-11T13:16:18Z,emailservice,redis-cart,0,0,0,0,0
2026-09-11T13:16:18Z,emailservice,shippingservice,0,0,0,0,0
2026-09-11T13:16:18Z,frontend,adservice,48241,35604,0,479,0
2026-09-11T13:16:18Z,frontend,cartservice,221067,221012,0,0,0
2026-09-11T13:16:18Z,frontend,checkoutservice,9046,9046,0,0,0
2026-09-11T13:16:18Z,frontend,currencyservice,352885,352807,0,0,0
2026-09-11T13:16:18Z,frontend,emailservice,0,0,0,0,0
2026-09-11T13:16:18Z,frontend,frontend,0,0,0,0,0
2026-09-11T13:16:18Z,frontend,kubernetes,0,0,0,0,0
2026-09-11T13:16:18Z,frontend,paymentservice,0,0,0,0,0
2026-09-11T13:16:18Z,frontend,productcatalogservice,882201,881870,0,0,0
2026-09-11T13:16:18Z,frontend,recommendationservice,143750,143697,0,0,0
2026-09-11T13:16:18Z,frontend,redis-cart,0,0,0,0,0
2026-09-11T13:16:18Z,frontend,shippingservice,85993,85977,0,0,0
2026-09-11T13:16:18Z,paymentservice,adservice,0,0,0,0,0
2026-09-11T13:16:18Z,paymentservice,cartservice,0,0,0,0,0
2026-09-11T13:16:18Z,paymentservice,checkoutservice,0,0,0,0,0
2026-09-11T13:16:18Z,paymentservice,currencyservice,0,0,0,0,0
2026-09-11T13:16:18Z,paymentservice,emailservice,0,0,0,0,0
2026-09-11T13:16:18Z,paymentservice,frontend,0,0,0,0,0
2026-09-11T13:16:18Z,paymentservice,kubernetes,0,0,0,0,0
2026-09-11T13:16:18Z,paymentservice,paymentservice,0,0,0,0,0
2026-09-11T13:16:18Z,paymentservice,productcatalogservice,0,0,0,0,0
2026-09-11T13:16:18Z,paymentservice,recommendationservice,0,0,0,0,0
2026-09-11T13:16:18Z,paymentservice,redis-cart,0,0,0,0,0
2026-09-11T13:16:18Z,paymentservice,shippingservice,0,0,0,0,0
2026-09-11T13:16:18Z,productcatalogservice,adservice,0,0,0,0,0
2026-09-11T13:16:18Z,productcatalogservice,cartservice,0,0,0,0,0
2026-09-11T13:16:18Z,productcatalogservice,checkoutservice,0,0,0,0,0
2026-09-11T13:16:18Z,productcatalogservice,currencyservice,0,0,0,0,0
2026-09-11T13:16:18Z,productcatalogservice,emailservice,0,0,0,0,0
2026-09-11T13:16:18Z,productcatalogservice,frontend,0,0,0,0,0
2026-09-11T13:16:18Z,productcatalogservice,kubernetes,0,0,0,0,0
2026-09-11T13:16:18Z,productcatalogservice,paymentservice,0,0,0,0,0
2026-09-11T13:16:18Z,productcatalogservice,productcatalogservice,0,0,0,0,0
2026-09-11T13:16:18Z,productcatalogservice,recommendationservice,0,0,0,0,0
2026-09-11T13:16:18Z,productcatalogservice,redis-cart,0,0,0,0,0
2026-09-11T13:16:18Z,productcatalogservice,shippingservice,0,0,0,0,0
2026-09-11T13:16:18Z,recommendationservice,adservice,0,0,0,0,0
2026-09-11T13:16:18Z,recommendationservice,cartservice,0,0,0,0,0
2026-09-11T13:16:18Z,recommendationservice,checkoutservice,0,0,0,0,0
2026-09-11T13:16:18Z,recommendationservice,currencyservice,0,0,0,0,0
2026-09-11T13:16:18Z,recommendationservice,emailservice,0,0,0,0,0
2026-09-11T13:16:18Z,recommendationservice,frontend,0,0,0,0,0
2026-09-11T13:16:18Z,recommendationservice,kubernetes,0,0,0,0,0
2026-09-11T13:16:18Z,recommendationservice,paymentservice,0,0,0,0,0
2026-09-11T13:16:18Z,recommendationservice,productcatalogservice,143967,143966,0,0,0
2026-09-11T13:16:18Z,recommendationservice,recommendationservice,0,0,0,0,0
2026-09-11T13:16:18Z,recommendationservice,redis-cart,0,0,0,0,0
2026-09-11T13:16:18Z,recommendationservice,shippingservice,0,0,0,0,0
2026-09-11T13:16:18Z,redis-cart,adservice,0,0,0,0,0
2026-09-11T13:16:18Z,redis-cart,cartservice,0,0,0,0,0
2026-09-11T13:16:18Z,redis-cart,checkoutservice,0,0,0,0,0
2026-09-11T13:16:18Z,redis-cart,currencyservice,0,0,0,0,0
2026-09-11T13:16:18Z,redis-cart,emailservice,0,0,0,0,0
2026-09-11T13:16:18Z,redis-cart,frontend,0,0,0,0,0
2026-09-11T13:16:18Z,redis-cart,kubernetes,0,0,0,0,0
2026-09-11T13:16:18Z,redis-cart,paymentservice,0,0,0,0,0
2026-09-11T13:16:18Z,redis-cart,productcatalogservice,0,0,0,0,0
2026-09-11T13:16:18Z,redis-cart,recommendationservice,0,0,0,0,0
2026-09-11T13:16:18Z,redis-cart,redis-cart,0,0,0,0,0
2026-09-11T13:16:18Z,redis-cart,shippingservice,0,0,0,0,0
2026-09-11T13:16:18Z,shippingservice,adservice,0,0,0,0,0
2026-09-11T13:16:18Z,shippingservice,cartservice,0,0,0,0,0
2026-09-11T13:16:18Z,shippingservice,checkoutservice,0,0,0,0,0
2026-09-11T13:16:18Z,shippingservice,currencyservice,0,0,0,0,0
2026-09-11T13:16:18Z,shippingservice,emailservice,0,0,0,0,0
2026-09-11T13:16:18Z,shippingservice,frontend,0,0,0,0,0
2026-09-11T13:16:18Z,shippingservice,kubernetes,0,0,0,0,0
2026-09-11T13:16:18Z,shippingservice,paymentservice,0,0,0,0,0
2026-09-11T13:16:18Z,shippingservice,productcatalogservice,0,0,0,0,0
2026-09-11T13:16:18Z,shippingservice,recommendationservice,0,0,0,0,0
2026-09-11T13:16:18Z,shippingservice,redis-cart,0,0,0,0,0
2026-09-11T13:16:18Z,shippingservice,shippingservice,0,0,0,0,0
2026-09-11T13:16:22Z,adservice,adservice,0,0,0,0,0
2026-09-11T13:16:22Z,adservice,cartservice,0,0,0,0,0
2026-09-11T13:16:22Z,adservice,checkoutservice,0,0,0,0,0
2026-09-11T13:16:22Z,adservice,currencyservice,0,0,0,0,0
2026-09-11T13:16:22Z,adservice,emailservice,0,0,0,0,0
2026-09-11T13:16:22Z,adservice,frontend,0,0,0,0,0
2026-09-11T13:16:22Z,adservice,kubernetes,0,0,0,0,0
2026-09-11T13:16:22Z,adservice,paymentservice,0,0,0,0,0
2026-09-11T13:16:22Z,adservice,productcatalogservice,0,0,0,0,0
2026-09-11T13:16:22Z,adservice,recommendationservice,0,0,0,0,0
2026-09-11T13:16:22Z,adservice,redis-cart,0,0,0,0,0
2026-09-11T13:16:22Z,adservice,shippingservice,0,0,0,0,0
2026-09-11T13:16:22Z,cartservice,adservice,0,0,0,0,0
2026-09-11T13:16:22Z,cartservice,cartservice,0,0,0,0,0
2026-09-11T13:16:22Z,cartservice,checkoutservice,0,0,0,0,0
2026-09-11T13:16:22Z,cartservice,currencyservice,0,0,0,0,0
2026-09-11T13:16:22Z,cartservice,emailservice,0,0,0,0,0
2026-09-11T13:16:22Z,cartservice,frontend,0,0,0,0,0
2026-09-11T13:16:22Z,cartservice,kubernetes,0,0,0,0,0
2026-09-11T13:16:22Z,cartservice,paymentservice,0,0,0,0,0
2026-09-11T13:16:22Z,cartservice,productcatalogservice,0,0,0,0,0
2026-09-11T13:16:22Z,cartservice,recommendationservice,0,0,0,0,0
2026-09-11T13:16:22Z,cartservice,redis-cart,2,0,0,0,0
2026-09-11T13:16:22Z,cartservice,shippingservice,0,0,0,0,0
2026-09-11T13:16:22Z,checkoutservice,adservice,0,0,0,0,0
2026-09-11T13:16:22Z,checkoutservice,cartservice,18194,18194,0,0,0
2026-09-11T13:16:22Z,checkoutservice,checkoutservice,0,0,0,0,0
2026-09-11T13:16:22Z,checkoutservice,currencyservice,9097,9097,0,0,0
2026-09-11T13:16:22Z,checkoutservice,emailservice,9097,9097,0,0,0
2026-09-11T13:16:22Z,checkoutservice,frontend,0,0,0,0,0
2026-09-11T13:16:22Z,checkoutservice,kubernetes,0,0,0,0,0
2026-09-11T13:16:22Z,checkoutservice,paymentservice,9097,9097,0,0,0
2026-09-11T13:16:22Z,checkoutservice,productcatalogservice,0,0,0,0,0
2026-09-11T13:16:22Z,checkoutservice,recommendationservice,0,0,0,0,0
2026-09-11T13:16:22Z,checkoutservice,redis-cart,0,0,0,0,0
2026-09-11T13:16:22Z,checkoutservice,shippingservice,18194,18194,0,0,0
2026-09-11T13:16:22Z,currencyservice,adservice,0,0,0,0,0
2026-09-11T13:16:22Z,currencyservice,cartservice,0,0,0,0,0
2026-09-11T13:16:22Z,currencyservice,checkoutservice,0,0,0,0,0
2026-09-11T13:16:22Z,currencyservice,currencyservice,0,0,0,0,0
2026-09-11T13:16:22Z,currencyservice,emailservice,0,0,0,0,0
2026-09-11T13:16:22Z,currencyservice,frontend,0,0,0,0,0
2026-09-11T13:16:22Z,currencyservice,kubernetes,0,0,0,0,0
2026-09-11T13:16:22Z,currencyservice,paymentservice,0,0,0,0,0
2026-09-11T13:16:22Z,currencyservice,productcatalogservice,0,0,0,0,0
2026-09-11T13:16:22Z,currencyservice,recommendationservice,0,0,0,0,0
2026-09-11T13:16:22Z,currencyservice,redis-cart,0,0,0,0,0
2026-09-11T13:16:22Z,currencyservice,shippingservice,0,0,0,0,0
2026-09-11T13:16:22Z,emailservice,adservice,0,0,0,0,0
2026-09-11T13:16:22Z,emailservice,cartservice,0,0,0,0,0
2026-09-11T13:16:22Z,emailservice,checkoutservice,0,0,0,0,0
2026-09-11T13:16:22Z,emailservice,currencyservice,0,0,0,0,0
2026-09-11T13:16:22Z,emailservice,emailservice,0,0,0,0,0
2026-09-11T13:16:22Z,emailservice,frontend,0,0,0,0,0
2026-09-11T13:16:22Z,emailservice,kubernetes,0,0,0,0,0
2026-09-11T13:16:22Z,emailservice,paymentservice,0,0,0,0,0
2026-09-11T13:16:22Z,emailservice,productcatalogservice,0,0,0,0,0
2026-09-11T13:16:22Z,emailservice,recommendationservice,0,0,0,0,0
2026-09-11T13:16:22Z,emailservice,redis-cart,0,0,0,0,0
2026-09-11T13:16:22Z,emailservice,shippingservice,0,0,0,0,0
2026-09-11T13:16:22Z,frontend,adservice,48565,35928,0,479,0
2026-09-11T13:16:22Z,frontend,cartservice,222413,222351,0,0,0
2026-09-11T13:16:22Z,frontend,checkoutservice,9117,9106,0,0,0
2026-09-11T13:16:22Z,frontend,currencyservice,355100,354999,0,0,0
2026-09-11T13:16:22Z,frontend,emailservice,0,0,0,0,0
2026-09-11T13:16:22Z,frontend,frontend,0,0,0,0,0
2026-09-11T13:16:22Z,frontend,kubernetes,0,0,0,0,0
2026-09-11T13:16:22Z,frontend,paymentservice,0,0,0,0,0
2026-09-11T13:16:22Z,frontend,productcatalogservice,887893,887568,0,0,0
2026-09-11T13:16:22Z,frontend,recommendationservice,144637,144622,0,0,0
2026-09-11T13:16:22Z,frontend,redis-cart,0,0,0,0,0
2026-09-11T13:16:22Z,frontend,shippingservice,86522,86504,0,0,0
2026-09-11T13:16:22Z,paymentservice,adservice,0,0,0,0,0
2026-09-11T13:16:22Z,paymentservice,cartservice,0,0,0,0,0
2026-09-11T13:16:22Z,paymentservice,checkoutservice,0,0,0,0,0
2026-09-11T13:16:22Z,paymentservice,currencyservice,0,0,0,0,0
2026-09-11T13:16:22Z,paymentservice,emailservice,0,0,0,0,0
2026-09-11T13:16:22Z,paymentservice,frontend,0,0,0,0,0
2026-09-11T13:16:22Z,paymentservice,kubernetes,0,0,0,0,0
2026-09-11T13:16:22Z,paymentservice,paymentservice,0,0,0,0,0
2026-09-11T13:16:22Z,paymentservice,productcatalogservice,0,0,0,0,0
2026-09-11T13:16:22Z,paymentservice,recommendationservice,0,0,0,0,0
2026-09-11T13:16:22Z,paymentservice,redis-cart,0,0,0,0,0
2026-09-11T13:16:22Z,paymentservice,shippingservice,0,0,0,0,0
2026-09-11T13:16:22Z,productcatalogservice,adservice,0,0,0,0,0
2026-09-11T13:16:22Z,productcatalogservice,cartservice,0,0,0,0,0
2026-09-11T13:16:22Z,productcatalogservice,checkoutservice,0,0,0,0,0
2026-09-11T13:16:22Z,productcatalogservice,currencyservice,0,0,0,0,0
2026-09-11T13:16:22Z,productcatalogservice,emailservice,0,0,0,0,0
2026-09-11T13:16:22Z,productcatalogservice,frontend,0,0,0,0,0
2026-09-11T13:16:22Z,productcatalogservice,kubernetes,0,0,0,0,0
2026-09-11T13:16:22Z,productcatalogservice,paymentservice,0,0,0,0,0
2026-09-11T13:16:22Z,productcatalogservice,productcatalogservice,0,0,0,0,0
2026-09-11T13:16:22Z,productcatalogservice,recommendationservice,0,0,0,0,0
2026-09-11T13:16:22Z,productcatalogservice,redis-cart,0,0,0,0,0
2026-09-11T13:16:22Z,productcatalogservice,shippingservice,0,0,0,0,0
2026-09-11T13:16:22Z,recommendationservice,adservice,0,0,0,0,0
2026-09-11T13:16:22Z,recommendationservice,cartservice,0,0,0,0,0
2026-09-11T13:16:22Z,recommendationservice,checkoutservice,0,0,0,0,0
2026-09-11T13:16:22Z,recommendationservice,currencyservice,0,0,0,0,0
2026-09-11T13:16:22Z,recommendationservice,emailservice,0,0,0,0,0
2026-09-11T13:16:22Z,recommendationservice,frontend,0,0,0,0,0
2026-09-11T13:16:22Z,recommendationservice,kubernetes,0,0,0,0,0
2026-09-11T13:16:22Z,recommendationservice,paymentservice,0,0,0,0,0
2026-09-11T13:16:22Z,recommendationservice,productcatalogservice,144844,144844,0,0,0
2026-09-11T13:16:22Z,recommendationservice,recommendationservice,0,0,0,0,0
2026-09-11T13:16:22Z,recommendationservice,redis-cart,0,0,0,0,0
2026-09-11T13:16:22Z,recommendationservice,shippingservice,0,0,0,0,0
2026-09-11T13:16:22Z,redis-cart,adservice,0,0,0,0,0
2026-09-11T13:16:22Z,redis-cart,cartservice,0,0,0,0,0
2026-09-11T13:16:22Z,redis-cart,checkoutservice,0,0,0,0,0
2026-09-11T13:16:22Z,redis-cart,currencyservice,0,0,0,0,0
2026-09-11T13:16:22Z,redis-cart,emailservice,0,0,0,0,0
2026-09-11T13:16:22Z,redis-cart,frontend,0,0,0,0,0
2026-09-11T13:16:22Z,redis-cart,kubernetes,0,0,0,0,0
2026-09-11T13:16:22Z,redis-cart,paymentservice,0,0,0,0,0
2026-09-11T13:16:22Z,redis-cart,productcatalogservice,0,0,0,0,0
2026-09-11T13:16:22Z,redis-cart,recommendationservice,0,0,0,0,0
2026-09-11T13:16:22Z,redis-cart,redis-cart,0,0,0,0,0
2026-09-11T13:16:22Z,redis-cart,shippingservice,0,0,0,0,0
2026-09-11T13:16:22Z,shippingservice,adservice,0,0,0,0,0
2026-09-11T13:16:22Z,shippingservice,cartservice,0,0,0,0,0
2026-09-11T13:16:22Z,shippingservice,checkoutservice,0,0,0,0,0
2026-09-11T13:16:22Z,shippingservice,currencyservice,0,0,0,0,0
2026-09-11T13:16:22Z,shippingservice,emailservice,0,0,0,0,0
2026-09-11T13:16:22Z,shippingservice,frontend,0,0,0,0,0
2026-09-11T13:16:22Z,shippingservice,kubernetes,0,0,0,0,0
2026-09-11T13:16:22Z,shippingservice,paymentservice,0,0,0,0,0
2026-09-11T13:16:22Z,shippingservice,productcatalogservice,0,0,0,0,0
2026-09-11T13:16:22Z,shippingservice,recommendationservice,0,0,0,0,0
2026-09-11T13:16:22Z,shippingservice,redis-cart,0,0,0,0,0
2026-09-11T13:16:22Z,shippingservice,shippingservice,0,0,0,0,0
2026-09-11T13:16:25Z,adservice,adservice,0,0,0,0,0
2026-09-11T13:16:25Z,adservice,cartservice,0,0,0,0,0
2026-09-11T13:16:25Z,adservice,checkoutservice,0,0,0,0,0
2026-09-11T13:16:25Z,adservice,currencyservice,0,0,0,0,0
2026-09-11T13:16:25Z,adservice,emailservice,0,0,0,0,0
2026-09-11T13:16:25Z,adservice,frontend,0,0,0,0,0
2026-09-11T13:16:25Z,adservice,kubernetes,0,0,0,0,0
2026-09-11T13:16:25Z,adservice,paymentservice,0,0,0,0,0
2026-09-11T13:16:25Z,adservice,productcatalogservice,0,0,0,0,0
2026-09-11T13:16:25Z,adservice,recommendationservice,0,0,0,0,0
2026-09-11T13:16:25Z,adservice,redis-cart,0,0,0,0,0
2026-09-11T13:16:25Z,adservice,shippingservice,0,0,0,0,0
2026-09-11T13:16:25Z,cartservice,adservice,0,0,0,0,0
2026-09-11T13:16:25Z,cartservice,cartservice,0,0,0,0,0
2026-09-11T13:16:25Z,cartservice,checkoutservice,0,0,0,0,0
2026-09-11T13:16:25Z,cartservice,currencyservice,0,0,0,0,0
2026-09-11T13:16:25Z,cartservice,emailservice,0,0,0,0,0
2026-09-11T13:16:25Z,cartservice,frontend,0,0,0,0,0
2026-09-11T13:16:25Z,cartservice,kubernetes,0,0,0,0,0
2026-09-11T13:16:25Z,cartservice,paymentservice,0,0,0,0,0
2026-09-11T13:16:25Z,cartservice,productcatalogservice,0,0,0,0,0
2026-09-11T13:16:25Z,cartservice,recommendationservice,0,0,0,0,0
2026-09-11T13:16:25Z,cartservice,redis-cart,2,0,0,0,0
2026-09-11T13:16:25Z,cartservice,shippingservice,0,0,0,0,0
2026-09-11T13:16:25Z,checkoutservice,adservice,0,0,0,0,0
2026-09-11T13:16:25Z,checkoutservice,cartservice,18292,18292,0,0,0
2026-09-11T13:16:25Z,checkoutservice,checkoutservice,0,0,0,0,0
2026-09-11T13:16:25Z,checkoutservice,currencyservice,9146,9146,0,0,0
2026-09-11T13:16:25Z,checkoutservice,emailservice,9146,9146,0,0,0
2026-09-11T13:16:25Z,checkoutservice,frontend,0,0,0,0,0
2026-09-11T13:16:25Z,checkoutservice,kubernetes,0,0,0,0,0
2026-09-11T13:16:25Z,checkoutservice,paymentservice,9146,9146,0,0,0
2026-09-11T13:16:25Z,checkoutservice,productcatalogservice,0,0,0,0,0
2026-09-11T13:16:25Z,checkoutservice,recommendationservice,0,0,0,0,0
2026-09-11T13:16:25Z,checkoutservice,redis-cart,0,0,0,0,0
2026-09-11T13:16:25Z,checkoutservice,shippingservice,18292,18292,0,0,0
2026-09-11T13:16:25Z,currencyservice,adservice,0,0,0,0,0
2026-09-11T13:16:25Z,currencyservice,cartservice,0,0,0,0,0
2026-09-11T13:16:25Z,currencyservice,checkoutservice,0,0,0,0,0
2026-09-11T13:16:25Z,currencyservice,currencyservice,0,0,0,0,0
2026-09-11T13:16:25Z,currencyservice,emailservice,0,0,0,0,0
2026-09-11T13:16:25Z,currencyservice,frontend,0,0,0,0,0
2026-09-11T13:16:25Z,currencyservice,kubernetes,0,0,0,0,0
2026-09-11T13:16:25Z,currencyservice,paymentservice,0,0,0,0,0
2026-09-11T13:16:25Z,currencyservice,productcatalogservice,0,0,0,0,0
2026-09-11T13:16:25Z,currencyservice,recommendationservice,0,0,0,0,0
2026-09-11T13:16:25Z,currencyservice,redis-cart,0,0,0,0,0
2026-09-11T13:16:25Z,currencyservice,shippingservice,0,0,0,0,0
2026-09-11T13:16:25Z,emailservice,adservice,0,0,0,0,0
2026-09-11T13:16:25Z,emailservice,cartservice,0,0,0,0,0
2026-09-11T13:16:25Z,emailservice,checkoutservice,0,0,0,0,0
2026-09-11T13:16:25Z,emailservice,currencyservice,0,0,0,0,0
2026-09-11T13:16:25Z,emailservice,emailservice,0,0,0,0,0
2026-09-11T13:16:25Z,emailservice,frontend,0,0,0,0,0
2026-09-11T13:16:25Z,emailservice,kubernetes,0,0,0,0,0
2026-09-11T13:16:25Z,emailservice,paymentservice,0,0,0,0,0
2026-09-11T13:16:25Z,emailservice,productcatalogservice,0,0,0,0,0
2026-09-11T13:16:25Z,emailservice,recommendationservice,0,0,0,0,0
2026-09-11T13:16:25Z,emailservice,redis-cart,0,0,0,0,0
2026-09-11T13:16:25Z,emailservice,shippingservice,0,0,0,0,0
2026-09-11T13:16:25Z,frontend,adservice,48777,36140,0,479,0
2026-09-11T13:16:25Z,frontend,cartservice,223480,223432,0,0,0
2026-09-11T13:16:25Z,frontend,checkoutservice,9158,9158,0,0,0
2026-09-11T13:16:25Z,frontend,currencyservice,356849,356751,0,0,0
2026-09-11T13:16:25Z,frontend,emailservice,0,0,0,0,0
2026-09-11T13:16:25Z,frontend,frontend,0,0,0,0,0
2026-09-11T13:16:25Z,frontend,kubernetes,0,0,0,0,0
2026-09-11T13:16:25Z,frontend,paymentservice,0,0,0,0,0
2026-09-11T13:16:25Z,frontend,productcatalogservice,891932,891463,0,0,0
2026-09-11T13:16:25Z,frontend,recommendationservice,145333,145291,0,0,0
2026-09-11T13:16:25Z,frontend,redis-cart,0,0,0,0,0
2026-09-11T13:16:25Z,frontend,shippingservice,86902,86902,0,0,0
2026-09-11T13:16:25Z,paymentservice,adservice,0,0,0,0,0
2026-09-11T13:16:25Z,paymentservice,cartservice,0,0,0,0,0
2026-09-11T13:16:25Z,paymentservice,checkoutservice,0,0,0,0,0
2026-09-11T13:16:25Z,paymentservice,currencyservice,0,0,0,0,0
2026-09-11T13:16:25Z,paymentservice,emailservice,0,0,0,0,0
2026-09-11T13:16:25Z,paymentservice,frontend,0,0,0,0,0
2026-09-11T13:16:25Z,paymentservice,kubernetes,0,0,0,0,0
2026-09-11T13:16:25Z,paymentservice,paymentservice,0,0,0,0,0
2026-09-11T13:16:25Z,paymentservice,productcatalogservice,0,0,0,0,0
2026-09-11T13:16:25Z,paymentservice,recommendationservice,0,0,0,0,0
2026-09-11T13:16:25Z,paymentservice,redis-cart,0,0,0,0,0
2026-09-11T13:16:25Z,paymentservice,shippingservice,0,0,0,0,0
2026-09-11T13:16:25Z,productcatalogservice,adservice,0,0,0,0,0
2026-09-11T13:16:25Z,productcatalogservice,cartservice,0,0,0,0,0
2026-09-11T13:16:25Z,productcatalogservice,checkoutservice,0,0,0,0,0
2026-09-11T13:16:25Z,productcatalogservice,currencyservice,0,0,0,0,0
2026-09-11T13:16:25Z,productcatalogservice,emailservice,0,0,0,0,0
2026-09-11T13:16:25Z,productcatalogservice,frontend,0,0,0,0,0
2026-09-11T13:16:25Z,productcatalogservice,kubernetes,0,0,0,0,0
2026-09-11T13:16:25Z,productcatalogservice,paymentservice,0,0,0,0,0
2026-09-11T13:16:25Z,productcatalogservice,productcatalogservice,0,0,0,0,0
2026-09-11T13:16:25Z,productcatalogservice,recommendationservice,0,0,0,0,0
2026-09-11T13:16:25Z,productcatalogservice,redis-cart,0,0,0,0,0
2026-09-11T13:16:25Z,productcatalogservice,shippingservice,0,0,0,0,0
2026-09-11T13:16:25Z,recommendationservice,adservice,0,0,0,0,0
2026-09-11T13:16:25Z,recommendationservice,cartservice,0,0,0,0,0
2026-09-11T13:16:25Z,recommendationservice,checkoutservice,0,0,0,0,0
2026-09-11T13:16:25Z,recommendationservice,currencyservice,0,0,0,0,0
2026-09-11T13:16:25Z,recommendationservice,emailservice,0,0,0,0,0
2026-09-11T13:16:25Z,recommendationservice,frontend,0,0,0,0,0
2026-09-11T13:16:25Z,recommendationservice,kubernetes,0,0,0,0,0
2026-09-11T13:16:25Z,recommendationservice,paymentservice,0,0,0,0,0
2026-09-11T13:16:25Z,recommendationservice,productcatalogservice,145516,145516,0,0,0
2026-09-11T13:16:25Z,recommendationservice,recommendationservice,0,0,0,0,0
2026-09-11T13:16:25Z,recommendationservice,redis-cart,0,0,0,0,0
2026-09-11T13:16:25Z,recommendationservice,shippingservice,0,0,0,0,0
2026-09-11T13:16:25Z,redis-cart,adservice,0,0,0,0,0
2026-09-11T13:16:25Z,redis-cart,cartservice,0,0,0,0,0
2026-09-11T13:16:25Z,redis-cart,checkoutservice,0,0,0,0,0
2026-09-11T13:16:25Z,redis-cart,currencyservice,0,0,0,0,0
2026-09-11T13:16:25Z,redis-cart,emailservice,0,0,0,0,0
2026-09-11T13:16:25Z,redis-cart,frontend,0,0,0,0,0
2026-09-11T13:16:25Z,redis-cart,kubernetes,0,0,0,0,0
2026-09-11T13:16:25Z,redis-cart,paymentservice,0,0,0,0,0
2026-09-11T13:16:25Z,redis-cart,productcatalogservice,0,0,0,0,0
2026-09-11T13:16:25Z,redis-cart,recommendationservice,0,0,0,0,0
2026-09-11T13:16:25Z,redis-cart,redis-cart,0,0,0,0,0
2026-09-11T13:16:25Z,redis-cart,shippingservice,0,0,0,0,0
2026-09-11T13:16:25Z,shippingservice,adservice,0,0,0,0,0
2026-09-11T13:16:25Z,shippingservice,cartservice,0,0,0,0,0
2026-09-11T13:16:25Z,shippingservice,checkoutservice,0,0,0,0,0
2026-09-11T13:16:25Z,shippingservice,currencyservice,0,0,0,0,0
2026-09-11T13:16:25Z,shippingservice,emailservice,0,0,0,0,0
2026-09-11T13:16:25Z,shippingservice,frontend,0,0,0,0,0
2026-09-11T13:16:25Z,shippingservice,kubernetes,0,0,0,0,0
2026-09-11T13:16:25Z,shippingservice,paymentservice,0,0,0,0,0
2026-09-11T13:16:25Z,shippingservice,productcatalogservice,0,0,0,0,0
2026-09-11T13:16:25Z,shippingservice,recommendationservice,0,0,0,0,0
2026-09-11T13:16:25Z,shippingservice,redis-cart,0,0,0,0,0
2026-09-11T13:16:25Z,shippingservice,shippingservice,0,0,0,0,0
2026-09-11T13:16:28Z,adservice,adservice,0,0,0,0,0
2026-09-11T13:16:28Z,adservice,cartservice,0,0,0,0,0
2026-09-11T13:16:28Z,adservice,checkoutservice,0,0,0,0,0
2026-09-11T13:16:28Z,adservice,currencyservice,0,0,0,0,0
2026-09-11T13:16:28Z,adservice,emailservice,0,0,0,0,0
2026-09-11T13:16:28Z,adservice,frontend,0,0,0,0,0
2026-09-11T13:16:28Z,adservice,kubernetes,0,0,0,0,0
2026-09-11T13:16:28Z,adservice,paymentservice,0,0,0,0,0
2026-09-11T13:16:28Z,adservice,productcatalogservice,0,0,0,0,0
2026-09-11T13:16:28Z,adservice,recommendationservice,0,0,0,0,0
2026-09-11T13:16:28Z,adservice,redis-cart,0,0,0,0,0
2026-09-11T13:16:28Z,adservice,shippingservice,0,0,0,0,0
2026-09-11T13:16:28Z,cartservice,adservice,0,0,0,0,0
2026-09-11T13:16:28Z,cartservice,cartservice,0,0,0,0,0
2026-09-11T13:16:28Z,cartservice,checkoutservice,0,0,0,0,0
2026-09-11T13:16:28Z,cartservice,currencyservice,0,0,0,0,0
2026-09-11T13:16:28Z,cartservice,emailservice,0,0,0,0,0
2026-09-11T13:16:28Z,cartservice,frontend,0,0,0,0,0
2026-09-11T13:16:28Z,cartservice,kubernetes,0,0,0,0,0
2026-09-11T13:16:28Z,cartservice,paymentservice,0,0,0,0,0
2026-09-11T13:16:28Z,cartservice,productcatalogservice,0,0,0,0,0
2026-09-11T13:16:28Z,cartservice,recommendationservice,0,0,0,0,0
2026-09-11T13:16:28Z,cartservice,redis-cart,2,0,0,0,0
2026-09-11T13:16:28Z,cartservice,shippingservice,0,0,0,0,0
2026-09-11T13:16:28Z,checkoutservice,adservice,0,0,0,0,0
2026-09-11T13:16:28Z,checkoutservice,cartservice,18386,18386,0,0,0
2026-09-11T13:16:28Z,checkoutservice,checkoutservice,0,0,0,0,0
2026-09-11T13:16:28Z,checkoutservice,currencyservice,9193,9193,0,0,0
2026-09-11T13:16:28Z,checkoutservice,emailservice,9193,9193,0,0,0
2026-09-11T13:16:28Z,checkoutservice,frontend,0,0,0,0,0
2026-09-11T13:16:28Z,checkoutservice,kubernetes,0,0,0,0,0
2026-09-11T13:16:28Z,checkoutservice,paymentservice,9193,9193,0,0,0
2026-09-11T13:16:28Z,checkoutservice,productcatalogservice,0,0,0,0,0
2026-09-11T13:16:28Z,checkoutservice,recommendationservice,0,0,0,0,0
2026-09-11T13:16:28Z,checkoutservice,redis-cart,0,0,0,0,0
2026-09-11T13:16:28Z,checkoutservice,shippingservice,18386,18386,0,0,0
2026-09-11T13:16:28Z,currencyservice,adservice,0,0,0,0,0
2026-09-11T13:16:28Z,currencyservice,cartservice,0,0,0,0,0
2026-09-11T13:16:28Z,currencyservice,checkoutservice,0,0,0,0,0
2026-09-11T13:16:28Z,currencyservice,currencyservice,0,0,0,0,0
2026-09-11T13:16:28Z,currencyservice,emailservice,0,0,0,0,0
2026-09-11T13:16:28Z,currencyservice,frontend,0,0,0,0,0
2026-09-11T13:16:28Z,currencyservice,kubernetes,0,0,0,0,0
2026-09-11T13:16:28Z,currencyservice,paymentservice,0,0,0,0,0
2026-09-11T13:16:28Z,currencyservice,productcatalogservice,0,0,0,0,0
2026-09-11T13:16:28Z,currencyservice,recommendationservice,0,0,0,0,0
2026-09-11T13:16:28Z,currencyservice,redis-cart,0,0,0,0,0
2026-09-11T13:16:28Z,currencyservice,shippingservice,0,0,0,0,0
2026-09-11T13:16:28Z,emailservice,adservice,0,0,0,0,0
2026-09-11T13:16:28Z,emailservice,cartservice,0,0,0,0,0
2026-09-11T13:16:28Z,emailservice,checkoutservice,0,0,0,0,0
2026-09-11T13:16:28Z,emailservice,currencyservice,0,0,0,0,0
2026-09-11T13:16:28Z,emailservice,emailservice,0,0,0,0,0
2026-09-11T13:16:28Z,emailservice,frontend,0,0,0,0,0
2026-09-11T13:16:28Z,emailservice,kubernetes,0,0,0,0,0
2026-09-11T13:16:28Z,emailservice,paymentservice,0,0,0,0,0
2026-09-11T13:16:28Z,emailservice,productcatalogservice,0,0,0,0,0
2026-09-11T13:16:28Z,emailservice,recommendationservice,0,0,0,0,0
2026-09-11T13:16:28Z,emailservice,redis-cart,0,0,0,0,0
2026-09-11T13:16:28Z,emailservice,shippingservice,0,0,0,0,0
2026-09-11T13:16:28Z,frontend,adservice,49027,36390,0,479,0
2026-09-11T13:16:28Z,frontend,cartservice,224523,224489,0,0,0
2026-09-11T13:16:28Z,frontend,checkoutservice,9207,9203,0,0,0
2026-09-11T13:16:28Z,frontend,currencyservice,358482,358309,0,0,0
2026-09-11T13:16:28Z,frontend,emailservice,0,0,0,0,0
2026-09-11T13:16:28Z,frontend,frontend,0,0,0,0,0
2026-09-11T13:16:28Z,frontend,kubernetes,0,0,0,0,0
2026-09-11T13:16:28Z,frontend,paymentservice,0,0,0,0,0
2026-09-11T13:16:28Z,frontend,productcatalogservice,896094,895703,0,0,0
2026-09-11T13:16:28Z,frontend,recommendationservice,146014,146000,0,0,0
2026-09-11T13:16:28Z,frontend,redis-cart,0,0,0,0,0
2026-09-11T13:16:28Z,frontend,shippingservice,87285,87278,0,0,0
2026-09-11T13:16:28Z,paymentservice,adservice,0,0,0,0,0
2026-09-11T13:16:28Z,paymentservice,cartservice,0,0,0,0,0
2026-09-11T13:16:28Z,paymentservice,checkoutservice,0,0,0,0,0
2026-09-11T13:16:28Z,paymentservice,currencyservice,0,0,0,0,0
2026-09-11T13:16:28Z,paymentservice,emailservice,0,0,0,0,0
2026-09-11T13:16:28Z,paymentservice,frontend,0,0,0,0,0
2026-09-11T13:16:28Z,paymentservice,kubernetes,0,0,0,0,0
2026-09-11T13:16:28Z,paymentservice,paymentservice,0,0,0,0,0
2026-09-11T13:16:28Z,paymentservice,productcatalogservice,0,0,0,0,0
2026-09-11T13:16:28Z,paymentservice,recommendationservice,0,0,0,0,0
2026-09-11T13:16:28Z,paymentservice,redis-cart,0,0,0,0,0
2026-09-11T13:16:28Z,paymentservice,shippingservice,0,0,0,0,0
2026-09-11T13:16:28Z,productcatalogservice,adservice,0,0,0,0,0
2026-09-11T13:16:28Z,productcatalogservice,cartservice,0,0,0,0,0
2026-09-11T13:16:28Z,productcatalogservice,checkoutservice,0,0,0,0,0
2026-09-11T13:16:28Z,productcatalogservice,currencyservice,0,0,0,0,0
2026-09-11T13:16:28Z,productcatalogservice,emailservice,0,0,0,0,0
2026-09-11T13:16:28Z,productcatalogservice,frontend,0,0,0,0,0
2026-09-11T13:16:28Z,productcatalogservice,kubernetes,0,0,0,0,0
2026-09-11T13:16:28Z,productcatalogservice,paymentservice,0,0,0,0,0
2026-09-11T13:16:28Z,productcatalogservice,productcatalogservice,0,0,0,0,0
2026-09-11T13:16:28Z,productcatalogservice,recommendationservice,0,0,0,0,0
2026-09-11T13:16:28Z,productcatalogservice,redis-cart,0,0,0,0,0
2026-09-11T13:16:28Z,productcatalogservice,shippingservice,0,0,0,0,0
2026-09-11T13:16:28Z,recommendationservice,adservice,0,0,0,0,0
2026-09-11T13:16:28Z,recommendationservice,cartservice,0,0,0,0,0
2026-09-11T13:16:28Z,recommendationservice,checkoutservice,0,0,0,0,0
2026-09-11T13:16:28Z,recommendationservice,currencyservice,0,0,0,0,0
2026-09-11T13:16:28Z,recommendationservice,emailservice,0,0,0,0,0
2026-09-11T13:16:28Z,recommendationservice,frontend,0,0,0,0,0
2026-09-11T13:16:28Z,recommendationservice,kubernetes,0,0,0,0,0
2026-09-11T13:16:28Z,recommendationservice,paymentservice,0,0,0,0,0
2026-09-11T13:16:28Z,recommendationservice,productcatalogservice,146188,146188,0,0,0
2026-09-11T13:16:28Z,recommendationservice,recommendationservice,0,0,0,0,0
2026-09-11T13:16:28Z,recommendationservice,redis-cart,0,0,0,0,0
2026-09-11T13:16:28Z,recommendationservice,shippingservice,0,0,0,0,0
2026-09-11T13:16:28Z,redis-cart,adservice,0,0,0,0,0
2026-09-11T13:16:28Z,redis-cart,cartservice,0,0,0,0,0
2026-09-11T13:16:28Z,redis-cart,checkoutservice,0,0,0,0,0
2026-09-11T13:16:28Z,redis-cart,currencyservice,0,0,0,0,0
2026-09-11T13:16:28Z,redis-cart,emailservice,0,0,0,0,0
2026-09-11T13:16:28Z,redis-cart,frontend,0,0,0,0,0
2026-09-11T13:16:28Z,redis-cart,kubernetes,0,0,0,0,0
2026-09-11T13:16:28Z,redis-cart,paymentservice,0,0,0,0,0
2026-09-11T13:16:28Z,redis-cart,productcatalogservice,0,0,0,0,0
2026-09-11T13:16:28Z,redis-cart,recommendationservice,0,0,0,0,0
2026-09-11T13:16:28Z,redis-cart,redis-cart,0,0,0,0,0
2026-09-11T13:16:28Z,redis-cart,shippingservice,0,0,0,0,0
2026-09-11T13:16:28Z,shippingservice,adservice,0,0,0,0,0
2026-09-11T13:16:28Z,shippingservice,cartservice,0,0,0,0,0
2026-09-11T13:16:28Z,shippingservice,checkoutservice,0,0,0,0,0
2026-09-11T13:16:28Z,shippingservice,currencyservice,0,0,0,0,0
2026-09-11T13:16:28Z,shippingservice,emailservice,0,0,0,0,0
2026-09-11T13:16:28Z,shippingservice,frontend,0,0,0,0,0
2026-09-11T13:16:28Z,shippingservice,kubernetes,0,0,0,0,0
2026-09-11T13:16:28Z,shippingservice,paymentservice,0,0,0,0,0
2026-09-11T13:16:28Z,shippingservice,productcatalogservice,0,0,0,0,0
2026-09-11T13:16:28Z,shippingservice,recommendationservice,0,0,0,0,0
2026-09-11T13:16:28Z,shippingservice,redis-cart,0,0,0,0,0
2026-09-11T13:16:28Z,shippingservice,shippingservice,0,0,0,0,0
2026-09-11T13:16:31Z,adservice,adservice,0,0,0,0,0
2026-09-11T13:16:31Z,adservice,cartservice,0,0,0,0,0
2026-09-11T13:16:31Z,adservice,checkoutservice,0,0,0,0,0
2026-09-11T13:16:31Z,adservice,currencyservice,0,0,0,0,0
2026-09-11T13:16:31Z,adservice,emailservice,0,0,0,0,0
2026-09-11T13:16:31Z,adservice,frontend,0,0,0,0,0
2026-09-11T13:16:31Z,adservice,kubernetes,0,0,0,0,0
2026-09-11T13:16:31Z,adservice,paymentservice,0,0,0,0,0
2026-09-11T13:16:31Z,adservice,productcatalogservice,0,0,0,0,0
2026-09-11T13:16:31Z,adservice,recommendationservice,0,0,0,0,0
2026-09-11T13:16:31Z,adservice,redis-cart,0,0,0,0,0
2026-09-11T13:16:31Z,adservice,shippingservice,0,0,0,0,0
2026-09-11T13:16:31Z,cartservice,adservice,0,0,0,0,0
2026-09-11T13:16:31Z,cartservice,cartservice,0,0,0,0,0
2026-09-11T13:16:31Z,cartservice,checkoutservice,0,0,0,0,0
2026-09-11T13:16:31Z,cartservice,currencyservice,0,0,0,0,0
2026-09-11T13:16:31Z,cartservice,emailservice,0,0,0,0,0
2026-09-11T13:16:31Z,cartservice,frontend,0,0,0,0,0
2026-09-11T13:16:31Z,cartservice,kubernetes,0,0,0,0,0
2026-09-11T13:16:31Z,cartservice,paymentservice,0,0,0,0,0
2026-09-11T13:16:31Z,cartservice,productcatalogservice,0,0,0,0,0
2026-09-11T13:16:31Z,cartservice,recommendationservice,0,0,0,0,0
2026-09-11T13:16:31Z,cartservice,redis-cart,2,0,0,0,0
2026-09-11T13:16:31Z,cartservice,shippingservice,0,0,0,0,0
2026-09-11T13:16:31Z,checkoutservice,adservice,0,0,0,0,0
2026-09-11T13:16:31Z,checkoutservice,cartservice,18488,18488,0,0,0
2026-09-11T13:16:31Z,checkoutservice,checkoutservice,0,0,0,0,0
2026-09-11T13:16:31Z,checkoutservice,currencyservice,9244,9244,0,0,0
2026-09-11T13:16:31Z,checkoutservice,emailservice,9244,9244,0,0,0
2026-09-11T13:16:31Z,checkoutservice,frontend,0,0,0,0,0
2026-09-11T13:16:31Z,checkoutservice,kubernetes,0,0,0,0,0
2026-09-11T13:16:31Z,checkoutservice,paymentservice,9244,9244,0,0,0
2026-09-11T13:16:31Z,checkoutservice,productcatalogservice,0,0,0,0,0
2026-09-11T13:16:31Z,checkoutservice,recommendationservice,0,0,0,0,0
2026-09-11T13:16:31Z,checkoutservice,redis-cart,0,0,0,0,0
2026-09-11T13:16:31Z,checkoutservice,shippingservice,18488,18488,0,0,0
2026-09-11T13:16:31Z,currencyservice,adservice,0,0,0,0,0
2026-09-11T13:16:31Z,currencyservice,cartservice,0,0,0,0,0
2026-09-11T13:16:31Z,currencyservice,checkoutservice,0,0,0,0,0
2026-09-11T13:16:31Z,currencyservice,currencyservice,0,0,0,0,0
2026-09-11T13:16:31Z,currencyservice,emailservice,0,0,0,0,0
2026-09-11T13:16:31Z,currencyservice,frontend,0,0,0,0,0
2026-09-11T13:16:31Z,currencyservice,kubernetes,0,0,0,0,0
2026-09-11T13:16:31Z,currencyservice,paymentservice,0,0,0,0,0
2026-09-11T13:16:31Z,currencyservice,productcatalogservice,0,0,0,0,0
2026-09-11T13:16:31Z,currencyservice,recommendationservice,0,0,0,0,0
2026-09-11T13:16:31Z,currencyservice,redis-cart,0,0,0,0,0
2026-09-11T13:16:31Z,currencyservice,shippingservice,0,0,0,0,0
2026-09-11T13:16:31Z,emailservice,adservice,0,0,0,0,0
2026-09-11T13:16:31Z,emailservice,cartservice,0,0,0,0,0
2026-09-11T13:16:31Z,emailservice,checkoutservice,0,0,0,0,0
2026-09-11T13:16:31Z,emailservice,currencyservice,0,0,0,0,0
2026-09-11T13:16:31Z,emailservice,emailservice,0,0,0,0,0
2026-09-11T13:16:31Z,emailservice,frontend,0,0,0,0,0
2026-09-11T13:16:31Z,emailservice,kubernetes,0,0,0,0,0
2026-09-11T13:16:31Z,emailservice,paymentservice,0,0,0,0,0
2026-09-11T13:16:31Z,emailservice,productcatalogservice,0,0,0,0,0
2026-09-11T13:16:31Z,emailservice,recommendationservice,0,0,0,0,0
2026-09-11T13:16:31Z,emailservice,redis-cart,0,0,0,0,0
2026-09-11T13:16:31Z,emailservice,shippingservice,0,0,0,0,0
2026-09-11T13:16:31Z,frontend,adservice,49227,36590,0,479,0
2026-09-11T13:16:31Z,frontend,cartservice,225584,225531,0,0,0
2026-09-11T13:16:31Z,frontend,checkoutservice,9246,9246,0,0,0
2026-09-11T13:16:31Z,frontend,currencyservice,360070,359992,0,0,0
2026-09-11T13:16:31Z,frontend,emailservice,0,0,0,0,0
2026-09-11T13:16:31Z,frontend,frontend,0,0,0,0,0
2026-09-11T13:16:31Z,frontend,kubernetes,0,0,0,0,0
2026-09-11T13:16:31Z,frontend,paymentservice,0,0,0,0,0
2026-09-11T13:16:31Z,frontend,productcatalogservice,900339,899774,0,0,0
2026-09-11T13:16:31Z,frontend,recommendationservice,146690,146664,0,0,0
2026-09-11T13:16:31Z,frontend,redis-cart,0,0,0,0,0
2026-09-11T13:16:31Z,frontend,shippingservice,87683,87645,0,0,0
2026-09-11T13:16:31Z,paymentservice,adservice,0,0,0,0,0
2026-09-11T13:16:31Z,paymentservice,cartservice,0,0,0,0,0
2026-09-11T13:16:31Z,paymentservice,checkoutservice,0,0,0,0,0
2026-09-11T13:16:31Z,paymentservice,currencyservice,0,0,0,0,0
2026-09-11T13:16:31Z,paymentservice,emailservice,0,0,0,0,0
2026-09-11T13:16:31Z,paymentservice,frontend,0,0,0,0,0
2026-09-11T13:16:31Z,paymentservice,kubernetes,0,0,0,0,0
2026-09-11T13:16:31Z,paymentservice,paymentservice,0,0,0,0,0
2026-09-11T13:16:31Z,paymentservice,productcatalogservice,0,0,0,0,0
2026-09-11T13:16:31Z,paymentservice,recommendationservice,0,0,0,0,0
2026-09-11T13:16:31Z,paymentservice,redis-cart,0,0,0,0,0
2026-09-11T13:16:31Z,paymentservice,shippingservice,0,0,0,0,0
2026-09-11T13:16:31Z,productcatalogservice,adservice,0,0,0,0,0
2026-09-11T13:16:31Z,productcatalogservice,cartservice,0,0,0,0,0
2026-09-11T13:16:31Z,productcatalogservice,checkoutservice,0,0,0,0,0
2026-09-11T13:16:31Z,productcatalogservice,currencyservice,0,0,0,0,0
2026-09-11T13:16:31Z,productcatalogservice,emailservice,0,0,0,0,0
2026-09-11T13:16:31Z,productcatalogservice,frontend,0,0,0,0,0
2026-09-11T13:16:31Z,productcatalogservice,kubernetes,0,0,0,0,0
2026-09-11T13:16:31Z,productcatalogservice,paymentservice,0,0,0,0,0
2026-09-11T13:16:31Z,productcatalogservice,productcatalogservice,0,0,0,0,0
2026-09-11T13:16:31Z,productcatalogservice,recommendationservice,0,0,0,0,0
2026-09-11T13:16:31Z,productcatalogservice,redis-cart,0,0,0,0,0
2026-09-11T13:16:31Z,productcatalogservice,shippingservice,0,0,0,0,0
2026-09-11T13:16:31Z,recommendationservice,adservice,0,0,0,0,0
2026-09-11T13:16:31Z,recommendationservice,cartservice,0,0,0,0,0
2026-09-11T13:16:31Z,recommendationservice,checkoutservice,0,0,0,0,0
2026-09-11T13:16:31Z,recommendationservice,currencyservice,0,0,0,0,0
2026-09-11T13:16:31Z,recommendationservice,emailservice,0,0,0,0,0
2026-09-11T13:16:31Z,recommendationservice,frontend,0,0,0,0,0
2026-09-11T13:16:31Z,recommendationservice,kubernetes,0,0,0,0,0
2026-09-11T13:16:31Z,recommendationservice,paymentservice,0,0,0,0,0
2026-09-11T13:16:31Z,recommendationservice,productcatalogservice,146833,146833,0,0,0
2026-09-11T13:16:31Z,recommendationservice,recommendationservice,0,0,0,0,0
2026-09-11T13:16:31Z,recommendationservice,redis-cart,0,0,0,0,0
2026-09-11T13:16:31Z,recommendationservice,shippingservice,0,0,0,0,0
2026-09-11T13:16:31Z,redis-cart,adservice,0,0,0,0,0
2026-09-11T13:16:31Z,redis-cart,cartservice,0,0,0,0,0
2026-09-11T13:16:31Z,redis-cart,checkoutservice,0,0,0,0,0
2026-09-11T13:16:31Z,redis-cart,currencyservice,0,0,0,0,0
2026-09-11T13:16:31Z,redis-cart,emailservice,0,0,0,0,0
2026-09-11T13:16:31Z,redis-cart,frontend,0,0,0,0,0
2026-09-11T13:16:31Z,redis-cart,kubernetes,0,0,0,0,0
2026-09-11T13:16:31Z,redis-cart,paymentservice,0,0,0,0,0
2026-09-11T13:16:31Z,redis-cart,productcatalogservice,0,0,0,0,0
2026-09-11T13:16:31Z,redis-cart,recommendationservice,0,0,0,0,0
2026-09-11T13:16:31Z,redis-cart,redis-cart,0,0,0,0,0
2026-09-11T13:16:31Z,redis-cart,shippingservice,0,0,0,0,0
2026-09-11T13:16:31Z,shippingservice,adservice,0,0,0,0,0
2026-09-11T13:16:31Z,shippingservice,cartservice,0,0,0,0,0
2026-09-11T13:16:31Z,shippingservice,checkoutservice,0,0,0,0,0
2026-09-11T13:16:31Z,shippingservice,currencyservice,0,0,0,0,0
2026-09-11T13:16:31Z,shippingservice,emailservice,0,0,0,0,0
2026-09-11T13:16:31Z,shippingservice,frontend,0,0,0,0,0
2026-09-11T13:16:31Z,shippingservice,kubernetes,0,0,0,0,0
2026-09-11T13:16:31Z,shippingservice,paymentservice,0,0,0,0,0
2026-09-11T13:16:31Z,shippingservice,productcatalogservice,0,0,0,0,0
2026-09-11T13:16:31Z,shippingservice,recommendationservice,0,0,0,0,0
2026-09-11T13:16:31Z,shippingservice,redis-cart,0,0,0,0,0
2026-09-11T13:16:31Z,shippingservice,shippingservice,0,0,0,0,0
2026-09-11T13:16:34Z,adservice,adservice,0,0,0,0,0
2026-09-11T13:16:34Z,adservice,cartservice,0,0,0,0,0
2026-09-11T13:16:34Z,adservice,checkoutservice,0,0,0,0,0
2026-09-11T13:16:34Z,adservice,currencyservice,0,0,0,0,0
2026-09-11T13:16:34Z,adservice,emailservice,0,0,0,0,0
2026-09-11T13:16:34Z,adservice,frontend,0,0,0,0,0
2026-09-11T13:16:34Z,adservice,kubernetes,0,0,0,0,0
2026-09-11T13:16:34Z,adservice,paymentservice,0,0,0,0,0
2026-09-11T13:16:34Z,adservice,productcatalogservice,0,0,0,0,0
2026-09-11T13:16:34Z,adservice,recommendationservice,0,0,0,0,0
2026-09-11T13:16:34Z,adservice,redis-cart,0,0,0,0,0
2026-09-11T13:16:34Z,adservice,shippingservice,0,0,0,0,0
2026-09-11T13:16:34Z,cartservice,adservice,0,0,0,0,0
2026-09-11T13:16:34Z,cartservice,cartservice,0,0,0,0,0
2026-09-11T13:16:34Z,cartservice,checkoutservice,0,0,0,0,0
2026-09-11T13:16:34Z,cartservice,currencyservice,0,0,0,0,0
2026-09-11T13:16:34Z,cartservice,emailservice,0,0,0,0,0
2026-09-11T13:16:34Z,cartservice,frontend,0,0,0,0,0
2026-09-11T13:16:34Z,cartservice,kubernetes,0,0,0,0,0
2026-09-11T13:16:34Z,cartservice,paymentservice,0,0,0,0,0
2026-09-11T13:16:34Z,cartservice,productcatalogservice,0,0,0,0,0
2026-09-11T13:16:34Z,cartservice,recommendationservice,0,0,0,0,0
2026-09-11T13:16:34Z,cartservice,redis-cart,2,0,0,0,0
2026-09-11T13:16:34Z,cartservice,shippingservice,0,0,0,0,0
2026-09-11T13:16:34Z,checkoutservice,adservice,0,0,0,0,0
2026-09-11T13:16:34Z,checkoutservice,cartservice,18570,18570,0,0,0
2026-09-11T13:16:34Z,checkoutservice,checkoutservice,0,0,0,0,0
2026-09-11T13:16:34Z,checkoutservice,currencyservice,9285,9285,0,0,0
2026-09-11T13:16:34Z,checkoutservice,emailservice,9285,9285,0,0,0
2026-09-11T13:16:34Z,checkoutservice,frontend,0,0,0,0,0
2026-09-11T13:16:34Z,checkoutservice,kubernetes,0,0,0,0,0
2026-09-11T13:16:34Z,checkoutservice,paymentservice,9285,9285,0,0,0
2026-09-11T13:16:34Z,checkoutservice,productcatalogservice,0,0,0,0,0
2026-09-11T13:16:34Z,checkoutservice,recommendationservice,0,0,0,0,0
2026-09-11T13:16:34Z,checkoutservice,redis-cart,0,0,0,0,0
2026-09-11T13:16:34Z,checkoutservice,shippingservice,18570,18570,0,0,0
2026-09-11T13:16:34Z,currencyservice,adservice,0,0,0,0,0
2026-09-11T13:16:34Z,currencyservice,cartservice,0,0,0,0,0
2026-09-11T13:16:34Z,currencyservice,checkoutservice,0,0,0,0,0
2026-09-11T13:16:34Z,currencyservice,currencyservice,0,0,0,0,0
2026-09-11T13:16:34Z,currencyservice,emailservice,0,0,0,0,0
2026-09-11T13:16:34Z,currencyservice,frontend,0,0,0,0,0
2026-09-11T13:16:34Z,currencyservice,kubernetes,0,0,0,0,0
2026-09-11T13:16:34Z,currencyservice,paymentservice,0,0,0,0,0
2026-09-11T13:16:34Z,currencyservice,productcatalogservice,0,0,0,0,0
2026-09-11T13:16:34Z,currencyservice,recommendationservice,0,0,0,0,0
2026-09-11T13:16:34Z,currencyservice,redis-cart,0,0,0,0,0
2026-09-11T13:16:34Z,currencyservice,shippingservice,0,0,0,0,0
2026-09-11T13:16:34Z,emailservice,adservice,0,0,0,0,0
2026-09-11T13:16:34Z,emailservice,cartservice,0,0,0,0,0
2026-09-11T13:16:34Z,emailservice,checkoutservice,0,0,0,0,0
2026-09-11T13:16:34Z,emailservice,currencyservice,0,0,0,0,0
2026-09-11T13:16:34Z,emailservice,emailservice,0,0,0,0,0
2026-09-11T13:16:34Z,emailservice,frontend,0,0,0,0,0
2026-09-11T13:16:34Z,emailservice,kubernetes,0,0,0,0,0
2026-09-11T13:16:34Z,emailservice,paymentservice,0,0,0,0,0
2026-09-11T13:16:34Z,emailservice,productcatalogservice,0,0,0,0,0
2026-09-11T13:16:34Z,emailservice,recommendationservice,0,0,0,0,0
2026-09-11T13:16:34Z,emailservice,redis-cart,0,0,0,0,0
2026-09-11T13:16:34Z,emailservice,shippingservice,0,0,0,0,0
2026-09-11T13:16:34Z,frontend,adservice,49446,36809,0,479,0
2026-09-11T13:16:34Z,frontend,cartservice,226616,226584,0,0,0
2026-09-11T13:16:34Z,frontend,checkoutservice,9289,9289,0,0,0
2026-09-11T13:16:34Z,frontend,currencyservice,361837,361687,0,0,0
2026-09-11T13:16:34Z,frontend,emailservice,0,0,0,0,0
2026-09-11T13:16:34Z,frontend,frontend,0,0,0,0,0
2026-09-11T13:16:34Z,frontend,kubernetes,0,0,0,0,0
2026-09-11T13:16:34Z,frontend,paymentservice,0,0,0,0,0
2026-09-11T13:16:34Z,frontend,productcatalogservice,904381,904044,0,0,0
2026-09-11T13:16:34Z,frontend,recommendationservice,147396,147350,0,0,0
2026-09-11T13:16:34Z,frontend,redis-cart,0,0,0,0,0
2026-09-11T13:16:34Z,frontend,shippingservice,88151,88139,0,0,0
2026-09-11T13:16:34Z,paymentservice,adservice,0,0,0,0,0
2026-09-11T13:16:34Z,paymentservice,cartservice,0,0,0,0,0
2026-09-11T13:16:34Z,paymentservice,checkoutservice,0,0,0,0,0
2026-09-11T13:16:34Z,paymentservice,currencyservice,0,0,0,0,0
2026-09-11T13:16:34Z,paymentservice,emailservice,0,0,0,0,0
2026-09-11T13:16:34Z,paymentservice,frontend,0,0,0,0,0
2026-09-11T13:16:34Z,paymentservice,kubernetes,0,0,0,0,0
2026-09-11T13:16:34Z,paymentservice,paymentservice,0,0,0,0,0
2026-09-11T13:16:34Z,paymentservice,productcatalogservice,0,0,0,0,0
2026-09-11T13:16:34Z,paymentservice,recommendationservice,0,0,0,0,0
2026-09-11T13:16:34Z,paymentservice,redis-cart,0,0,0,0,0
2026-09-11T13:16:34Z,paymentservice,shippingservice,0,0,0,0,0
2026-09-11T13:16:34Z,productcatalogservice,adservice,0,0,0,0,0
2026-09-11T13:16:34Z,productcatalogservice,cartservice,0,0,0,0,0
2026-09-11T13:16:34Z,productcatalogservice,checkoutservice,0,0,0,0,0
2026-09-11T13:16:34Z,productcatalogservice,currencyservice,0,0,0,0,0
2026-09-11T13:16:34Z,productcatalogservice,emailservice,0,0,0,0,0
2026-09-11T13:16:34Z,productcatalogservice,frontend,0,0,0,0,0
2026-09-11T13:16:34Z,productcatalogservice,kubernetes,0,0,0,0,0
2026-09-11T13:16:34Z,productcatalogservice,paymentservice,0,0,0,0,0
2026-09-11T13:16:34Z,productcatalogservice,productcatalogservice,0,0,0,0,0
2026-09-11T13:16:34Z,productcatalogservice,recommendationservice,0,0,0,0,0
2026-09-11T13:16:34Z,productcatalogservice,redis-cart,0,0,0,0,0
2026-09-11T13:16:34Z,productcatalogservice,shippingservice,0,0,0,0,0
2026-09-11T13:16:34Z,recommendationservice,adservice,0,0,0,0,0
2026-09-11T13:16:34Z,recommendationservice,cartservice,0,0,0,0,0
2026-09-11T13:16:34Z,recommendationservice,checkoutservice,0,0,0,0,0
2026-09-11T13:16:34Z,recommendationservice,currencyservice,0,0,0,0,0
2026-09-11T13:16:34Z,recommendationservice,emailservice,0,0,0,0,0
2026-09-11T13:16:34Z,recommendationservice,frontend,0,0,0,0,0
2026-09-11T13:16:34Z,recommendationservice,kubernetes,0,0,0,0,0
2026-09-11T13:16:34Z,recommendationservice,paymentservice,0,0,0,0,0
2026-09-11T13:16:34Z,recommendationservice,productcatalogservice,147545,147545,0,0,0
2026-09-11T13:16:34Z,recommendationservice,recommendationservice,0,0,0,0,0
2026-09-11T13:16:34Z,recommendationservice,redis-cart,0,0,0,0,0
2026-09-11T13:16:34Z,recommendationservice,shippingservice,0,0,0,0,0
2026-09-11T13:16:34Z,redis-cart,adservice,0,0,0,0,0
2026-09-11T13:16:34Z,redis-cart,cartservice,0,0,0,0,0
2026-09-11T13:16:34Z,redis-cart,checkoutservice,0,0,0,0,0
2026-09-11T13:16:34Z,redis-cart,currencyservice,0,0,0,0,0
2026-09-11T13:16:34Z,redis-cart,emailservice,0,0,0,0,0
2026-09-11T13:16:34Z,redis-cart,frontend,0,0,0,0,0
2026-09-11T13:16:34Z,redis-cart,kubernetes,0,0,0,0,0
2026-09-11T13:16:34Z,redis-cart,paymentservice,0,0,0,0,0
2026-09-11T13:16:34Z,redis-cart,productcatalogservice,0,0,0,0,0
2026-09-11T13:16:34Z,redis-cart,recommendationservice,0,0,0,0,0
2026-09-11T13:16:34Z,redis-cart,redis-cart,0,0,0,0,0
2026-09-11T13:16:34Z,redis-cart,shippingservice,0,0,0,0,0
2026-09-11T13:16:34Z,shippingservice,adservice,0,0,0,0,0
2026-09-11T13:16:34Z,shippingservice,cartservice,0,0,0,0,0
2026-09-11T13:16:34Z,shippingservice,checkoutservice,0,0,0,0,0
2026-09-11T13:16:34Z,shippingservice,currencyservice,0,0,0,0,0
2026-09-11T13:16:34Z,shippingservice,emailservice,0,0,0,0,0
2026-09-11T13:16:34Z,shippingservice,frontend,0,0,0,0,0
2026-09-11T13:16:34Z,shippingservice,kubernetes,0,0,0,0,0
2026-09-11T13:16:34Z,shippingservice,paymentservice,0,0,0,0,0
2026-09-11T13:16:34Z,shippingservice,productcatalogservice,0,0,0,0,0
2026-09-11T13:16:34Z,shippingservice,recommendationservice,0,0,0,0,0
2026-09-11T13:16:34Z,shippingservice,redis-cart,0,0,0,0,0
2026-09-11T13:16:34Z,shippingservice,shippingservice,0,0,0,0,0
2026-09-11T13:16:37Z,adservice,adservice,0,0,0,0,0
2026-09-11T13:16:37Z,adservice,cartservice,0,0,0,0,0
2026-09-11T13:16:37Z,adservice,checkoutservice,0,0,0,0,0
2026-09-11T13:16:37Z,adservice,currencyservice,0,0,0,0,0
2026-09-11T13:16:37Z,adservice,emailservice,0,0,0,0,0
2026-09-11T13:16:37Z,adservice,frontend,0,0,0,0,0
2026-09-11T13:16:37Z,adservice,kubernetes,0,0,0,0,0
2026-09-11T13:16:37Z,adservice,paymentservice,0,0,0,0,0
2026-09-11T13:16:37Z,adservice,productcatalogservice,0,0,0,0,0
2026-09-11T13:16:37Z,adservice,recommendationservice,0,0,0,0,0
2026-09-11T13:16:37Z,adservice,redis-cart,0,0,0,0,0
2026-09-11T13:16:37Z,adservice,shippingservice,0,0,0,0,0
2026-09-11T13:16:37Z,cartservice,adservice,0,0,0,0,0
2026-09-11T13:16:37Z,cartservice,cartservice,0,0,0,0,0
2026-09-11T13:16:37Z,cartservice,checkoutservice,0,0,0,0,0
2026-09-11T13:16:37Z,cartservice,currencyservice,0,0,0,0,0
2026-09-11T13:16:37Z,cartservice,emailservice,0,0,0,0,0
2026-09-11T13:16:37Z,cartservice,frontend,0,0,0,0,0
2026-09-11T13:16:37Z,cartservice,kubernetes,0,0,0,0,0
2026-09-11T13:16:37Z,cartservice,paymentservice,0,0,0,0,0
2026-09-11T13:16:37Z,cartservice,productcatalogservice,0,0,0,0,0
2026-09-11T13:16:37Z,cartservice,recommendationservice,0,0,0,0,0
2026-09-11T13:16:37Z,cartservice,redis-cart,2,0,0,0,0
2026-09-11T13:16:37Z,cartservice,shippingservice,0,0,0,0,0
2026-09-11T13:16:37Z,checkoutservice,adservice,0,0,0,0,0
2026-09-11T13:16:37Z,checkoutservice,cartservice,18652,18652,0,0,0
2026-09-11T13:16:37Z,checkoutservice,checkoutservice,0,0,0,0,0
2026-09-11T13:16:37Z,checkoutservice,currencyservice,9326,9326,0,0,0
2026-09-11T13:16:37Z,checkoutservice,emailservice,9326,9326,0,0,0
2026-09-11T13:16:37Z,checkoutservice,frontend,0,0,0,0,0
2026-09-11T13:16:37Z,checkoutservice,kubernetes,0,0,0,0,0
2026-09-11T13:16:37Z,checkoutservice,paymentservice,9326,9326,0,0,0
2026-09-11T13:16:37Z,checkoutservice,productcatalogservice,0,0,0,0,0
2026-09-11T13:16:37Z,checkoutservice,recommendationservice,0,0,0,0,0
2026-09-11T13:16:37Z,checkoutservice,redis-cart,0,0,0,0,0
2026-09-11T13:16:37Z,checkoutservice,shippingservice,18652,18652,0,0,0
2026-09-11T13:16:37Z,currencyservice,adservice,0,0,0,0,0
2026-09-11T13:16:37Z,currencyservice,cartservice,0,0,0,0,0
2026-09-11T13:16:37Z,currencyservice,checkoutservice,0,0,0,0,0
2026-09-11T13:16:37Z,currencyservice,currencyservice,0,0,0,0,0
2026-09-11T13:16:37Z,currencyservice,emailservice,0,0,0,0,0
2026-09-11T13:16:37Z,currencyservice,frontend,0,0,0,0,0
2026-09-11T13:16:37Z,currencyservice,kubernetes,0,0,0,0,0
2026-09-11T13:16:37Z,currencyservice,paymentservice,0,0,0,0,0
2026-09-11T13:16:37Z,currencyservice,productcatalogservice,0,0,0,0,0
2026-09-11T13:16:37Z,currencyservice,recommendationservice,0,0,0,0,0
2026-09-11T13:16:37Z,currencyservice,redis-cart,0,0,0,0,0
2026-09-11T13:16:37Z,currencyservice,shippingservice,0,0,0,0,0
2026-09-11T13:16:37Z,emailservice,adservice,0,0,0,0,0
2026-09-11T13:16:37Z,emailservice,cartservice,0,0,0,0,0
2026-09-11T13:16:37Z,emailservice,checkoutservice,0,0,0,0,0
2026-09-11T13:16:37Z,emailservice,currencyservice,0,0,0,0,0
2026-09-11T13:16:37Z,emailservice,emailservice,0,0,0,0,0
2026-09-11T13:16:37Z,emailservice,frontend,0,0,0,0,0
2026-09-11T13:16:37Z,emailservice,kubernetes,0,0,0,0,0
2026-09-11T13:16:37Z,emailservice,paymentservice,0,0,0,0,0
2026-09-11T13:16:37Z,emailservice,productcatalogservice,0,0,0,0,0
2026-09-11T13:16:37Z,emailservice,recommendationservice,0,0,0,0,0
2026-09-11T13:16:37Z,emailservice,redis-cart,0,0,0,0,0
2026-09-11T13:16:37Z,emailservice,shippingservice,0,0,0,0,0
2026-09-11T13:16:37Z,frontend,adservice,49699,37062,0,479,0
2026-09-11T13:16:37Z,frontend,cartservice,227640,227605,0,0,0
2026-09-11T13:16:37Z,frontend,checkoutservice,9346,9346,0,0,0
2026-09-11T13:16:37Z,frontend,currencyservice,363581,363471,0,0,0
2026-09-11T13:16:37Z,frontend,emailservice,0,0,0,0,0
2026-09-11T13:16:37Z,frontend,frontend,0,0,0,0,0
2026-09-11T13:16:37Z,frontend,kubernetes,0,0,0,0,0
2026-09-11T13:16:37Z,frontend,paymentservice,0,0,0,0,0
2026-09-11T13:16:37Z,frontend,productcatalogservice,908792,908331,0,0,0
2026-09-11T13:16:37Z,frontend,recommendationservice,148032,148000,0,0,0
2026-09-11T13:16:37Z,frontend,redis-cart,0,0,0,0,0
2026-09-11T13:16:37Z,frontend,shippingservice,88560,88553,0,0,0
2026-09-11T13:16:37Z,paymentservice,adservice,0,0,0,0,0
2026-09-11T13:16:37Z,paymentservice,cartservice,0,0,0,0,0
2026-09-11T13:16:37Z,paymentservice,checkoutservice,0,0,0,0,0
2026-09-11T13:16:37Z,paymentservice,currencyservice,0,0,0,0,0
2026-09-11T13:16:37Z,paymentservice,emailservice,0,0,0,0,0
2026-09-11T13:16:37Z,paymentservice,frontend,0,0,0,0,0
2026-09-11T13:16:37Z,paymentservice,kubernetes,0,0,0,0,0
2026-09-11T13:16:37Z,paymentservice,paymentservice,0,0,0,0,0
2026-09-11T13:16:37Z,paymentservice,productcatalogservice,0,0,0,0,0
2026-09-11T13:16:37Z,paymentservice,recommendationservice,0,0,0,0,0
2026-09-11T13:16:37Z,paymentservice,redis-cart,0,0,0,0,0
2026-09-11T13:16:37Z,paymentservice,shippingservice,0,0,0,0,0
2026-09-11T13:16:37Z,productcatalogservice,adservice,0,0,0,0,0
2026-09-11T13:16:37Z,productcatalogservice,cartservice,0,0,0,0,0
2026-09-11T13:16:37Z,productcatalogservice,checkoutservice,0,0,0,0,0
2026-09-11T13:16:37Z,productcatalogservice,currencyservice,0,0,0,0,0
2026-09-11T13:16:37Z,productcatalogservice,emailservice,0,0,0,0,0
2026-09-11T13:16:37Z,productcatalogservice,frontend,0,0,0,0,0
2026-09-11T13:16:37Z,productcatalogservice,kubernetes,0,0,0,0,0
2026-09-11T13:16:37Z,productcatalogservice,paymentservice,0,0,0,0,0
2026-09-11T13:16:37Z,productcatalogservice,productcatalogservice,0,0,0,0,0
2026-09-11T13:16:37Z,productcatalogservice,recommendationservice,0,0,0,0,0
2026-09-11T13:16:37Z,productcatalogservice,redis-cart,0,0,0,0,0
2026-09-11T13:16:37Z,productcatalogservice,shippingservice,0,0,0,0,0
2026-09-11T13:16:37Z,recommendationservice,adservice,0,0,0,0,0
2026-09-11T13:16:37Z,recommendationservice,cartservice,0,0,0,0,0
2026-09-11T13:16:37Z,recommendationservice,checkoutservice,0,0,0,0,0
2026-09-11T13:16:37Z,recommendationservice,currencyservice,0,0,0,0,0
2026-09-11T13:16:37Z,recommendationservice,emailservice,0,0,0,0,0
2026-09-11T13:16:37Z,recommendationservice,frontend,0,0,0,0,0
2026-09-11T13:16:37Z,recommendationservice,kubernetes,0,0,0,0,0
2026-09-11T13:16:37Z,recommendationservice,paymentservice,0,0,0,0,0
2026-09-11T13:16:37Z,recommendationservice,productcatalogservice,148247,148247,0,0,0
2026-09-11T13:16:37Z,recommendationservice,recommendationservice,0,0,0,0,0
2026-09-11T13:16:37Z,recommendationservice,redis-cart,0,0,0,0,0
2026-09-11T13:16:37Z,recommendationservice,shippingservice,0,0,0,0,0
2026-09-11T13:16:37Z,redis-cart,adservice,0,0,0,0,0
2026-09-11T13:16:37Z,redis-cart,cartservice,0,0,0,0,0
2026-09-11T13:16:37Z,redis-cart,checkoutservice,0,0,0,0,0
2026-09-11T13:16:37Z,redis-cart,currencyservice,0,0,0,0,0
2026-09-11T13:16:37Z,redis-cart,emailservice,0,0,0,0,0
2026-09-11T13:16:37Z,redis-cart,frontend,0,0,0,0,0
2026-09-11T13:16:37Z,redis-cart,kubernetes,0,0,0,0,0
2026-09-11T13:16:37Z,redis-cart,paymentservice,0,0,0,0,0
2026-09-11T13:16:37Z,redis-cart,productcatalogservice,0,0,0,0,0
2026-09-11T13:16:37Z,redis-cart,recommendationservice,0,0,0,0,0
2026-09-11T13:16:37Z,redis-cart,redis-cart,0,0,0,0,0
2026-09-11T13:16:37Z,redis-cart,shippingservice,0,0,0,0,0
2026-09-11T13:16:37Z,shippingservice,adservice,0,0,0,0,0
2026-09-11T13:16:37Z,shippingservice,cartservice,0,0,0,0,0
2026-09-11T13:16:37Z,shippingservice,checkoutservice,0,0,0,0,0
2026-09-11T13:16:37Z,shippingservice,currencyservice,0,0,0,0,0
2026-09-11T13:16:37Z,shippingservice,emailservice,0,0,0,0,0
2026-09-11T13:16:37Z,shippingservice,frontend,0,0,0,0,0
2026-09-11T13:16:37Z,shippingservice,kubernetes,0,0,0,0,0
2026-09-11T13:16:37Z,shippingservice,paymentservice,0,0,0,0,0
2026-09-11T13:16:37Z,shippingservice,productcatalogservice,0,0,0,0,0
2026-09-11T13:16:37Z,shippingservice,recommendationservice,0,0,0,0,0
2026-09-11T13:16:37Z,shippingservice,redis-cart,0,0,0,0,0
2026-09-11T13:16:37Z,shippingservice,shippingservice,0,0,0,0,0
2026-09-11T13:16:40Z,adservice,adservice,0,0,0,0,0
2026-09-11T13:16:40Z,adservice,cartservice,0,0,0,0,0
2026-09-11T13:16:40Z,adservice,checkoutservice,0,0,0,0,0
2026-09-11T13:16:40Z,adservice,currencyservice,0,0,0,0,0
2026-09-11T13:16:40Z,adservice,emailservice,0,0,0,0,0
2026-09-11T13:16:40Z,adservice,frontend,0,0,0,0,0
2026-09-11T13:16:40Z,adservice,kubernetes,0,0,0,0,0
2026-09-11T13:16:40Z,adservice,paymentservice,0,0,0,0,0
2026-09-11T13:16:40Z,adservice,productcatalogservice,0,0,0,0,0
2026-09-11T13:16:40Z,adservice,recommendationservice,0,0,0,0,0
2026-09-11T13:16:40Z,adservice,redis-cart,0,0,0,0,0
2026-09-11T13:16:40Z,adservice,shippingservice,0,0,0,0,0
2026-09-11T13:16:40Z,cartservice,adservice,0,0,0,0,0
2026-09-11T13:16:40Z,cartservice,cartservice,0,0,0,0,0
2026-09-11T13:16:40Z,cartservice,checkoutservice,0,0,0,0,0
2026-09-11T13:16:40Z,cartservice,currencyservice,0,0,0,0,0
2026-09-11T13:16:40Z,cartservice,emailservice,0,0,0,0,0
2026-09-11T13:16:40Z,cartservice,frontend,0,0,0,0,0
2026-09-11T13:16:40Z,cartservice,kubernetes,0,0,0,0,0
2026-09-11T13:16:40Z,cartservice,paymentservice,0,0,0,0,0
2026-09-11T13:16:40Z,cartservice,productcatalogservice,0,0,0,0,0
2026-09-11T13:16:40Z,cartservice,recommendationservice,0,0,0,0,0
2026-09-11T13:16:40Z,cartservice,redis-cart,2,0,0,0,0
2026-09-11T13:16:40Z,cartservice,shippingservice,0,0,0,0,0
2026-09-11T13:16:40Z,checkoutservice,adservice,0,0,0,0,0
2026-09-11T13:16:40Z,checkoutservice,cartservice,18752,18752,0,0,0
2026-09-11T13:16:40Z,checkoutservice,checkoutservice,0,0,0,0,0
2026-09-11T13:16:40Z,checkoutservice,currencyservice,9376,9376,0,0,0
2026-09-11T13:16:40Z,checkoutservice,emailservice,9376,9376,0,0,0
2026-09-11T13:16:40Z,checkoutservice,frontend,0,0,0,0,0
2026-09-11T13:16:40Z,checkoutservice,kubernetes,0,0,0,0,0
2026-09-11T13:16:40Z,checkoutservice,paymentservice,9376,9376,0,0,0
2026-09-11T13:16:40Z,checkoutservice,productcatalogservice,0,0,0,0,0
2026-09-11T13:16:40Z,checkoutservice,recommendationservice,0,0,0,0,0
2026-09-11T13:16:40Z,checkoutservice,redis-cart,0,0,0,0,0
2026-09-11T13:16:40Z,checkoutservice,shippingservice,18752,18752,0,0,0
2026-09-11T13:16:40Z,currencyservice,adservice,0,0,0,0,0
2026-09-11T13:16:40Z,currencyservice,cartservice,0,0,0,0,0
2026-09-11T13:16:40Z,currencyservice,checkoutservice,0,0,0,0,0
2026-09-11T13:16:40Z,currencyservice,currencyservice,0,0,0,0,0
2026-09-11T13:16:40Z,currencyservice,emailservice,0,0,0,0,0
2026-09-11T13:16:40Z,currencyservice,frontend,0,0,0,0,0
2026-09-11T13:16:40Z,currencyservice,kubernetes,0,0,0,0,0
2026-09-11T13:16:40Z,currencyservice,paymentservice,0,0,0,0,0
2026-09-11T13:16:40Z,currencyservice,productcatalogservice,0,0,0,0,0
2026-09-11T13:16:40Z,currencyservice,recommendationservice,0,0,0,0,0
2026-09-11T13:16:40Z,currencyservice,redis-cart,0,0,0,0,0
2026-09-11T13:16:40Z,currencyservice,shippingservice,0,0,0,0,0
2026-09-11T13:16:40Z,emailservice,adservice,0,0,0,0,0
2026-09-11T13:16:40Z,emailservice,cartservice,0,0,0,0,0
2026-09-11T13:16:40Z,emailservice,checkoutservice,0,0,0,0,0
2026-09-11T13:16:40Z,emailservice,currencyservice,0,0,0,0,0
2026-09-11T13:16:40Z,emailservice,emailservice,0,0,0,0,0
2026-09-11T13:16:40Z,emailservice,frontend,0,0,0,0,0
2026-09-11T13:16:40Z,emailservice,kubernetes,0,0,0,0,0
2026-09-11T13:16:40Z,emailservice,paymentservice,0,0,0,0,0
2026-09-11T13:16:40Z,emailservice,productcatalogservice,0,0,0,0,0
2026-09-11T13:16:40Z,emailservice,recommendationservice,0,0,0,0,0
2026-09-11T13:16:40Z,emailservice,redis-cart,0,0,0,0,0
2026-09-11T13:16:40Z,emailservice,shippingservice,0,0,0,0,0
2026-09-11T13:16:40Z,frontend,adservice,49946,37309,0,479,0
2026-09-11T13:16:40Z,frontend,cartservice,228797,228729,0,0,0
2026-09-11T13:16:40Z,frontend,checkoutservice,9391,9386,0,0,0
2026-09-11T13:16:40Z,frontend,currencyservice,365242,365164,0,0,0
2026-09-11T13:16:40Z,frontend,emailservice,0,0,0,0,0
2026-09-11T13:16:40Z,frontend,frontend,0,0,0,0,0
2026-09-11T13:16:40Z,frontend,kubernetes,0,0,0,0,0
2026-09-11T13:16:40Z,frontend,paymentservice,0,0,0,0,0
2026-09-11T13:16:40Z,frontend,productcatalogservice,913043,912575,0,0,0
2026-09-11T13:16:40Z,frontend,recommendationservice,148778,148720,0,0,0
2026-09-11T13:16:40Z,frontend,redis-cart,0,0,0,0,0
2026-09-11T13:16:40Z,frontend,shippingservice,88944,88934,0,0,0
2026-09-11T13:16:40Z,paymentservice,adservice,0,0,0,0,0
2026-09-11T13:16:40Z,paymentservice,cartservice,0,0,0,0,0
2026-09-11T13:16:40Z,paymentservice,checkoutservice,0,0,0,0,0
2026-09-11T13:16:40Z,paymentservice,currencyservice,0,0,0,0,0
2026-09-11T13:16:40Z,paymentservice,emailservice,0,0,0,0,0
2026-09-11T13:16:40Z,paymentservice,frontend,0,0,0,0,0
2026-09-11T13:16:40Z,paymentservice,kubernetes,0,0,0,0,0
2026-09-11T13:16:40Z,paymentservice,paymentservice,0,0,0,0,0
2026-09-11T13:16:40Z,paymentservice,productcatalogservice,0,0,0,0,0
2026-09-11T13:16:40Z,paymentservice,recommendationservice,0,0,0,0,0
2026-09-11T13:16:40Z,paymentservice,redis-cart,0,0,0,0,0
2026-09-11T13:16:40Z,paymentservice,shippingservice,0,0,0,0,0
2026-09-11T13:16:40Z,productcatalogservice,adservice,0,0,0,0,0
2026-09-11T13:16:40Z,productcatalogservice,cartservice,0,0,0,0,0
2026-09-11T13:16:40Z,productcatalogservice,checkoutservice,0,0,0,0,0
2026-09-11T13:16:40Z,productcatalogservice,currencyservice,0,0,0,0,0
2026-09-11T13:16:40Z,productcatalogservice,emailservice,0,0,0,0,0
2026-09-11T13:16:40Z,productcatalogservice,frontend,0,0,0,0,0
2026-09-11T13:16:40Z,productcatalogservice,kubernetes,0,0,0,0,0
2026-09-11T13:16:40Z,productcatalogservice,paymentservice,0,0,0,0,0
2026-09-11T13:16:40Z,productcatalogservice,productcatalogservice,0,0,0,0,0
2026-09-11T13:16:40Z,productcatalogservice,recommendationservice,0,0,0,0,0
2026-09-11T13:16:40Z,productcatalogservice,redis-cart,0,0,0,0,0
2026-09-11T13:16:40Z,productcatalogservice,shippingservice,0,0,0,0,0
2026-09-11T13:16:40Z,recommendationservice,adservice,0,0,0,0,0
2026-09-11T13:16:40Z,recommendationservice,cartservice,0,0,0,0,0
2026-09-11T13:16:40Z,recommendationservice,checkoutservice,0,0,0,0,0
2026-09-11T13:16:40Z,recommendationservice,currencyservice,0,0,0,0,0
2026-09-11T13:16:40Z,recommendationservice,emailservice,0,0,0,0,0
2026-09-11T13:16:40Z,recommendationservice,frontend,0,0,0,0,0
2026-09-11T13:16:40Z,recommendationservice,kubernetes,0,0,0,0,0
2026-09-11T13:16:40Z,recommendationservice,paymentservice,0,0,0,0,0
2026-09-11T13:16:40Z,recommendationservice,productcatalogservice,148932,148932,0,0,0
2026-09-11T13:16:40Z,recommendationservice,recommendationservice,0,0,0,0,0
2026-09-11T13:16:40Z,recommendationservice,redis-cart,0,0,0,0,0
2026-09-11T13:16:40Z,recommendationservice,shippingservice,0,0,0,0,0
2026-09-11T13:16:40Z,redis-cart,adservice,0,0,0,0,0
2026-09-11T13:16:40Z,redis-cart,cartservice,0,0,0,0,0
2026-09-11T13:16:40Z,redis-cart,checkoutservice,0,0,0,0,0
2026-09-11T13:16:40Z,redis-cart,currencyservice,0,0,0,0,0
2026-09-11T13:16:40Z,redis-cart,emailservice,0,0,0,0,0
2026-09-11T13:16:40Z,redis-cart,frontend,0,0,0,0,0
2026-09-11T13:16:40Z,redis-cart,kubernetes,0,0,0,0,0
2026-09-11T13:16:40Z,redis-cart,paymentservice,0,0,0,0,0
2026-09-11T13:16:40Z,redis-cart,productcatalogservice,0,0,0,0,0
2026-09-11T13:16:40Z,redis-cart,recommendationservice,0,0,0,0,0
2026-09-11T13:16:40Z,redis-cart,redis-cart,0,0,0,0,0
2026-09-11T13:16:40Z,redis-cart,shippingservice,0,0,0,0,0
2026-09-11T13:16:40Z,shippingservice,adservice,0,0,0,0,0
2026-09-11T13:16:40Z,shippingservice,cartservice,0,0,0,0,0
2026-09-11T13:16:40Z,shippingservice,checkoutservice,0,0,0,0,0
2026-09-11T13:16:40Z,shippingservice,currencyservice,0,0,0,0,0
2026-09-11T13:16:40Z,shippingservice,emailservice,0,0,0,0,0
2026-09-11T13:16:40Z,shippingservice,frontend,0,0,0,0,0
2026-09-11T13:16:40Z,shippingservice,kubernetes,0,0,0,0,0
2026-09-11T13:16:40Z,shippingservice,paymentservice,0,0,0,0,0
2026-09-11T13:16:40Z,shippingservice,productcatalogservice,0,0,0,0,0
2026-09-11T13:16:40Z,shippingservice,recommendationservice,0,0,0,0,0
2026-09-11T13:16:40Z,shippingservice,redis-cart,0,0,0,0,0
2026-09-11T13:16:40Z,shippingservice,shippingservice,0,0,0,0,0
2026-09-11T13:16:44Z,adservice,adservice,0,0,0,0,0
2026-09-11T13:16:44Z,adservice,cartservice,0,0,0,0,0
2026-09-11T13:16:44Z,adservice,checkoutservice,0,0,0,0,0
2026-09-11T13:16:44Z,adservice,currencyservice,0,0,0,0,0
2026-09-11T13:16:44Z,adservice,emailservice,0,0,0,0,0
2026-09-11T13:16:44Z,adservice,frontend,0,0,0,0,0
2026-09-11T13:16:44Z,adservice,kubernetes,0,0,0,0,0
2026-09-11T13:16:44Z,adservice,paymentservice,0,0,0,0,0
2026-09-11T13:16:44Z,adservice,productcatalogservice,0,0,0,0,0
2026-09-11T13:16:44Z,adservice,recommendationservice,0,0,0,0,0
2026-09-11T13:16:44Z,adservice,redis-cart,0,0,0,0,0
2026-09-11T13:16:44Z,adservice,shippingservice,0,0,0,0,0
2026-09-11T13:16:44Z,cartservice,adservice,0,0,0,0,0
2026-09-11T13:16:44Z,cartservice,cartservice,0,0,0,0,0
2026-09-11T13:16:44Z,cartservice,checkoutservice,0,0,0,0,0
2026-09-11T13:16:44Z,cartservice,currencyservice,0,0,0,0,0
2026-09-11T13:16:44Z,cartservice,emailservice,0,0,0,0,0
2026-09-11T13:16:44Z,cartservice,frontend,0,0,0,0,0
2026-09-11T13:16:44Z,cartservice,kubernetes,0,0,0,0,0
2026-09-11T13:16:44Z,cartservice,paymentservice,0,0,0,0,0
2026-09-11T13:16:44Z,cartservice,productcatalogservice,0,0,0,0,0
2026-09-11T13:16:44Z,cartservice,recommendationservice,0,0,0,0,0
2026-09-11T13:16:44Z,cartservice,redis-cart,2,0,0,0,0
2026-09-11T13:16:44Z,cartservice,shippingservice,0,0,0,0,0
2026-09-11T13:16:44Z,checkoutservice,adservice,0,0,0,0,0
2026-09-11T13:16:44Z,checkoutservice,cartservice,18878,18878,0,0,0
2026-09-11T13:16:44Z,checkoutservice,checkoutservice,0,0,0,0,0
2026-09-11T13:16:44Z,checkoutservice,currencyservice,9439,9439,0,0,0
2026-09-11T13:16:44Z,checkoutservice,emailservice,9438,9433,0,0,0
2026-09-11T13:16:44Z,checkoutservice,frontend,0,0,0,0,0
2026-09-11T13:16:44Z,checkoutservice,kubernetes,0,0,0,0,0
2026-09-11T13:16:44Z,checkoutservice,paymentservice,9439,9439,0,0,0
2026-09-11T13:16:44Z,checkoutservice,productcatalogservice,0,0,0,0,0
2026-09-11T13:16:44Z,checkoutservice,recommendationservice,0,0,0,0,0
2026-09-11T13:16:44Z,checkoutservice,redis-cart,0,0,0,0,0
2026-09-11T13:16:44Z,checkoutservice,shippingservice,18878,18878,0,0,0
2026-09-11T13:16:44Z,currencyservice,adservice,0,0,0,0,0
2026-09-11T13:16:44Z,currencyservice,cartservice,0,0,0,0,0
2026-09-11T13:16:44Z,currencyservice,checkoutservice,0,0,0,0,0
2026-09-11T13:16:44Z,currencyservice,currencyservice,0,0,0,0,0
2026-09-11T13:16:44Z,currencyservice,emailservice,0,0,0,0,0
2026-09-11T13:16:44Z,currencyservice,frontend,0,0,0,0,0
2026-09-11T13:16:44Z,currencyservice,kubernetes,0,0,0,0,0
2026-09-11T13:16:44Z,currencyservice,paymentservice,0,0,0,0,0
2026-09-11T13:16:44Z,currencyservice,productcatalogservice,0,0,0,0,0
2026-09-11T13:16:44Z,currencyservice,recommendationservice,0,0,0,0,0
2026-09-11T13:16:44Z,currencyservice,redis-cart,0,0,0,0,0
2026-09-11T13:16:44Z,currencyservice,shippingservice,0,0,0,0,0
2026-09-11T13:16:44Z,emailservice,adservice,0,0,0,0,0
2026-09-11T13:16:44Z,emailservice,cartservice,0,0,0,0,0
2026-09-11T13:16:44Z,emailservice,checkoutservice,0,0,0,0,0
2026-09-11T13:16:44Z,emailservice,currencyservice,0,0,0,0,0
2026-09-11T13:16:44Z,emailservice,emailservice,0,0,0,0,0
2026-09-11T13:16:44Z,emailservice,frontend,0,0,0,0,0
2026-09-11T13:16:44Z,emailservice,kubernetes,0,0,0,0,0
2026-09-11T13:16:44Z,emailservice,paymentservice,0,0,0,0,0
2026-09-11T13:16:44Z,emailservice,productcatalogservice,0,0,0,0,0
2026-09-11T13:16:44Z,emailservice,recommendationservice,0,0,0,0,0
2026-09-11T13:16:44Z,emailservice,redis-cart,0,0,0,0,0
2026-09-11T13:16:44Z,emailservice,shippingservice,0,0,0,0,0
2026-09-11T13:16:44Z,frontend,adservice,50232,37595,0,479,0
2026-09-11T13:16:44Z,frontend,cartservice,230166,230132,0,0,0
2026-09-11T13:16:44Z,frontend,checkoutservice,9445,9444,0,0,0
2026-09-11T13:16:44Z,frontend,currencyservice,367402,367324,0,0,0
2026-09-11T13:16:44Z,frontend,emailservice,0,0,0,0,0
2026-09-11T13:16:44Z,frontend,frontend,0,0,0,0,0
2026-09-11T13:16:44Z,frontend,kubernetes,0,0,0,0,0
2026-09-11T13:16:44Z,frontend,paymentservice,0,0,0,0,0
2026-09-11T13:16:44Z,frontend,productcatalogservice,918531,918031,0,0,0
2026-09-11T13:16:44Z,frontend,recommendationservice,149670,149651,0,0,0
2026-09-11T13:16:44Z,frontend,redis-cart,0,0,0,0,0
2026-09-11T13:16:44Z,frontend,shippingservice,89492,89492,0,0,0
2026-09-11T13:16:44Z,paymentservice,adservice,0,0,0,0,0
2026-09-11T13:16:44Z,paymentservice,cartservice,0,0,0,0,0
2026-09-11T13:16:44Z,paymentservice,checkoutservice,0,0,0,0,0
2026-09-11T13:16:44Z,paymentservice,currencyservice,0,0,0,0,0
2026-09-11T13:16:44Z,paymentservice,emailservice,0,0,0,0,0
2026-09-11T13:16:44Z,paymentservice,frontend,0,0,0,0,0
2026-09-11T13:16:44Z,paymentservice,kubernetes,0,0,0,0,0
2026-09-11T13:16:44Z,paymentservice,paymentservice,0,0,0,0,0
2026-09-11T13:16:44Z,paymentservice,productcatalogservice,0,0,0,0,0
2026-09-11T13:16:44Z,paymentservice,recommendationservice,0,0,0,0,0
2026-09-11T13:16:44Z,paymentservice,redis-cart,0,0,0,0,0
2026-09-11T13:16:44Z,paymentservice,shippingservice,0,0,0,0,0
2026-09-11T13:16:44Z,productcatalogservice,adservice,0,0,0,0,0
2026-09-11T13:16:44Z,productcatalogservice,cartservice,0,0,0,0,0
2026-09-11T13:16:44Z,productcatalogservice,checkoutservice,0,0,0,0,0
2026-09-11T13:16:44Z,productcatalogservice,currencyservice,0,0,0,0,0
2026-09-11T13:16:44Z,productcatalogservice,emailservice,0,0,0,0,0
2026-09-11T13:16:44Z,productcatalogservice,frontend,0,0,0,0,0
2026-09-11T13:16:44Z,productcatalogservice,kubernetes,0,0,0,0,0
2026-09-11T13:16:44Z,productcatalogservice,paymentservice,0,0,0,0,0
2026-09-11T13:16:44Z,productcatalogservice,productcatalogservice,0,0,0,0,0
2026-09-11T13:16:44Z,productcatalogservice,recommendationservice,0,0,0,0,0
2026-09-11T13:16:44Z,productcatalogservice,redis-cart,0,0,0,0,0
2026-09-11T13:16:44Z,productcatalogservice,shippingservice,0,0,0,0,0
2026-09-11T13:16:44Z,recommendationservice,adservice,0,0,0,0,0
2026-09-11T13:16:44Z,recommendationservice,cartservice,0,0,0,0,0
2026-09-11T13:16:44Z,recommendationservice,checkoutservice,0,0,0,0,0
2026-09-11T13:16:44Z,recommendationservice,currencyservice,0,0,0,0,0
2026-09-11T13:16:44Z,recommendationservice,emailservice,0,0,0,0,0
2026-09-11T13:16:44Z,recommendationservice,frontend,0,0,0,0,0
2026-09-11T13:16:44Z,recommendationservice,kubernetes,0,0,0,0,0
2026-09-11T13:16:44Z,recommendationservice,paymentservice,0,0,0,0,0
2026-09-11T13:16:44Z,recommendationservice,productcatalogservice,149858,149858,0,0,0
2026-09-11T13:16:44Z,recommendationservice,recommendationservice,0,0,0,0,0
2026-09-11T13:16:44Z,recommendationservice,redis-cart,0,0,0,0,0
2026-09-11T13:16:44Z,recommendationservice,shippingservice,0,0,0,0,0
2026-09-11T13:16:44Z,redis-cart,adservice,0,0,0,0,0
2026-09-11T13:16:44Z,redis-cart,cartservice,0,0,0,0,0
2026-09-11T13:16:44Z,redis-cart,checkoutservice,0,0,0,0,0
2026-09-11T13:16:44Z,redis-cart,currencyservice,0,0,0,0,0
2026-09-11T13:16:44Z,redis-cart,emailservice,0,0,0,0,0
2026-09-11T13:16:44Z,redis-cart,frontend,0,0,0,0,0
2026-09-11T13:16:44Z,redis-cart,kubernetes,0,0,0,0,0
2026-09-11T13:16:44Z,redis-cart,paymentservice,0,0,0,0,0
2026-09-11T13:16:44Z,redis-cart,productcatalogservice,0,0,0,0,0
2026-09-11T13:16:44Z,redis-cart,recommendationservice,0,0,0,0,0
2026-09-11T13:16:44Z,redis-cart,redis-cart,0,0,0,0,0
2026-09-11T13:16:44Z,redis-cart,shippingservice,0,0,0,0,0
2026-09-11T13:16:44Z,shippingservice,adservice,0,0,0,0,0
2026-09-11T13:16:44Z,shippingservice,cartservice,0,0,0,0,0
2026-09-11T13:16:44Z,shippingservice,checkoutservice,0,0,0,0,0
2026-09-11T13:16:44Z,shippingservice,currencyservice,0,0,0,0,0
2026-09-11T13:16:44Z,shippingservice,emailservice,0,0,0,0,0
2026-09-11T13:16:44Z,shippingservice,frontend,0,0,0,0,0
2026-09-11T13:16:44Z,shippingservice,kubernetes,0,0,0,0,0
2026-09-11T13:16:44Z,shippingservice,paymentservice,0,0,0,0,0
2026-09-11T13:16:44Z,shippingservice,productcatalogservice,0,0,0,0,0
2026-09-11T13:16:44Z,shippingservice,recommendationservice,0,0,0,0,0
2026-09-11T13:16:44Z,shippingservice,redis-cart,0,0,0,0,0
2026-09-11T13:16:44Z,shippingservice,shippingservice,0,0,0,0,0
2026-09-11T13:16:47Z,adservice,adservice,0,0,0,0,0
2026-09-11T13:16:47Z,adservice,cartservice,0,0,0,0,0
2026-09-11T13:16:47Z,adservice,checkoutservice,0,0,0,0,0
2026-09-11T13:16:47Z,adservice,currencyservice,0,0,0,0,0
2026-09-11T13:16:47Z,adservice,emailservice,0,0,0,0,0
2026-09-11T13:16:47Z,adservice,frontend,0,0,0,0,0
2026-09-11T13:16:47Z,adservice,kubernetes,0,0,0,0,0
2026-09-11T13:16:47Z,adservice,paymentservice,0,0,0,0,0
2026-09-11T13:16:47Z,adservice,productcatalogservice,0,0,0,0,0
2026-09-11T13:16:47Z,adservice,recommendationservice,0,0,0,0,0
2026-09-11T13:16:47Z,adservice,redis-cart,0,0,0,0,0
2026-09-11T13:16:47Z,adservice,shippingservice,0,0,0,0,0
2026-09-11T13:16:47Z,cartservice,adservice,0,0,0,0,0
2026-09-11T13:16:47Z,cartservice,cartservice,0,0,0,0,0
2026-09-11T13:16:47Z,cartservice,checkoutservice,0,0,0,0,0
2026-09-11T13:16:47Z,cartservice,currencyservice,0,0,0,0,0
2026-09-11T13:16:47Z,cartservice,emailservice,0,0,0,0,0
2026-09-11T13:16:47Z,cartservice,frontend,0,0,0,0,0
2026-09-11T13:16:47Z,cartservice,kubernetes,0,0,0,0,0
2026-09-11T13:16:47Z,cartservice,paymentservice,0,0,0,0,0
2026-09-11T13:16:47Z,cartservice,productcatalogservice,0,0,0,0,0
2026-09-11T13:16:47Z,cartservice,recommendationservice,0,0,0,0,0
2026-09-11T13:16:47Z,cartservice,redis-cart,2,0,0,0,0
2026-09-11T13:16:47Z,cartservice,shippingservice,0,0,0,0,0
2026-09-11T13:16:47Z,checkoutservice,adservice,0,0,0,0,0
2026-09-11T13:16:47Z,checkoutservice,cartservice,18964,18964,0,0,0
2026-09-11T13:16:47Z,checkoutservice,checkoutservice,0,0,0,0,0
2026-09-11T13:16:47Z,checkoutservice,currencyservice,9482,9482,0,0,0
2026-09-11T13:16:47Z,checkoutservice,emailservice,9482,9482,0,0,0
2026-09-11T13:16:47Z,checkoutservice,frontend,0,0,0,0,0
2026-09-11T13:16:47Z,checkoutservice,kubernetes,0,0,0,0,0
2026-09-11T13:16:47Z,checkoutservice,paymentservice,9482,9482,0,0,0
2026-09-11T13:16:47Z,checkoutservice,productcatalogservice,0,0,0,0,0
2026-09-11T13:16:47Z,checkoutservice,recommendationservice,0,0,0,0,0
2026-09-11T13:16:47Z,checkoutservice,redis-cart,0,0,0,0,0
2026-09-11T13:16:47Z,checkoutservice,shippingservice,18964,18964,0,0,0
2026-09-11T13:16:47Z,currencyservice,adservice,0,0,0,0,0
2026-09-11T13:16:47Z,currencyservice,cartservice,0,0,0,0,0
2026-09-11T13:16:47Z,currencyservice,checkoutservice,0,0,0,0,0
2026-09-11T13:16:47Z,currencyservice,currencyservice,0,0,0,0,0
2026-09-11T13:16:47Z,currencyservice,emailservice,0,0,0,0,0
2026-09-11T13:16:47Z,currencyservice,frontend,0,0,0,0,0
2026-09-11T13:16:47Z,currencyservice,kubernetes,0,0,0,0,0
2026-09-11T13:16:47Z,currencyservice,paymentservice,0,0,0,0,0
2026-09-11T13:16:47Z,currencyservice,productcatalogservice,0,0,0,0,0
2026-09-11T13:16:47Z,currencyservice,recommendationservice,0,0,0,0,0
2026-09-11T13:16:47Z,currencyservice,redis-cart,0,0,0,0,0
2026-09-11T13:16:47Z,currencyservice,shippingservice,0,0,0,0,0
2026-09-11T13:16:47Z,emailservice,adservice,0,0,0,0,0
2026-09-11T13:16:47Z,emailservice,cartservice,0,0,0,0,0
2026-09-11T13:16:47Z,emailservice,checkoutservice,0,0,0,0,0
2026-09-11T13:16:47Z,emailservice,currencyservice,0,0,0,0,0
2026-09-11T13:16:47Z,emailservice,emailservice,0,0,0,0,0
2026-09-11T13:16:47Z,emailservice,frontend,0,0,0,0,0
2026-09-11T13:16:47Z,emailservice,kubernetes,0,0,0,0,0
2026-09-11T13:16:47Z,emailservice,paymentservice,0,0,0,0,0
2026-09-11T13:16:47Z,emailservice,productcatalogservice,0,0,0,0,0
2026-09-11T13:16:47Z,emailservice,recommendationservice,0,0,0,0,0
2026-09-11T13:16:47Z,emailservice,redis-cart,0,0,0,0,0
2026-09-11T13:16:47Z,emailservice,shippingservice,0,0,0,0,0
2026-09-11T13:16:47Z,frontend,adservice,50487,37850,0,479,0
2026-09-11T13:16:47Z,frontend,cartservice,231204,231168,0,0,0
2026-09-11T13:16:47Z,frontend,checkoutservice,9496,9492,0,0,0
2026-09-11T13:16:47Z,frontend,currencyservice,369039,368932,0,0,0
2026-09-11T13:16:47Z,frontend,emailservice,0,0,0,0,0
2026-09-11T13:16:47Z,frontend,frontend,0,0,0,0,0
2026-09-11T13:16:47Z,frontend,kubernetes,0,0,0,0,0
2026-09-11T13:16:47Z,frontend,paymentservice,0,0,0,0,0
2026-09-11T13:16:47Z,frontend,productcatalogservice,922876,922494,0,0,0
2026-09-11T13:16:47Z,frontend,recommendationservice,150369,150324,0,0,0
2026-09-11T13:16:47Z,frontend,redis-cart,0,0,0,0,0
2026-09-11T13:16:47Z,frontend,shippingservice,89906,89889,0,0,0
2026-09-11T13:16:47Z,paymentservice,adservice,0,0,0,0,0
2026-09-11T13:16:47Z,paymentservice,cartservice,0,0,0,0,0
2026-09-11T13:16:47Z,paymentservice,checkoutservice,0,0,0,0,0
2026-09-11T13:16:47Z,paymentservice,currencyservice,0,0,0,0,0
2026-09-11T13:16:47Z,paymentservice,emailservice,0,0,0,0,0
2026-09-11T13:16:47Z,paymentservice,frontend,0,0,0,0,0
2026-09-11T13:16:47Z,paymentservice,kubernetes,0,0,0,0,0
2026-09-11T13:16:47Z,paymentservice,paymentservice,0,0,0,0,0
2026-09-11T13:16:47Z,paymentservice,productcatalogservice,0,0,0,0,0
2026-09-11T13:16:47Z,paymentservice,recommendationservice,0,0,0,0,0
2026-09-11T13:16:47Z,paymentservice,redis-cart,0,0,0,0,0
2026-09-11T13:16:47Z,paymentservice,shippingservice,0,0,0,0,0
2026-09-11T13:16:47Z,productcatalogservice,adservice,0,0,0,0,0
2026-09-11T13:16:47Z,productcatalogservice,cartservice,0,0,0,0,0
2026-09-11T13:16:47Z,productcatalogservice,checkoutservice,0,0,0,0,0
2026-09-11T13:16:47Z,productcatalogservice,currencyservice,0,0,0,0,0
2026-09-11T13:16:47Z,productcatalogservice,emailservice,0,0,0,0,0
2026-09-11T13:16:47Z,productcatalogservice,frontend,0,0,0,0,0
2026-09-11T13:16:47Z,productcatalogservice,kubernetes,0,0,0,0,0
2026-09-11T13:16:47Z,productcatalogservice,paymentservice,0,0,0,0,0
2026-09-11T13:16:47Z,productcatalogservice,productcatalogservice,0,0,0,0,0
2026-09-11T13:16:47Z,productcatalogservice,recommendationservice,0,0,0,0,0
2026-09-11T13:16:47Z,productcatalogservice,redis-cart,0,0,0,0,0
2026-09-11T13:16:47Z,productcatalogservice,shippingservice,0,0,0,0,0
2026-09-11T13:16:47Z,recommendationservice,adservice,0,0,0,0,0
2026-09-11T13:16:47Z,recommendationservice,cartservice,0,0,0,0,0
2026-09-11T13:16:47Z,recommendationservice,checkoutservice,0,0,0,0,0
2026-09-11T13:16:47Z,recommendationservice,currencyservice,0,0,0,0,0
2026-09-11T13:16:47Z,recommendationservice,emailservice,0,0,0,0,0
2026-09-11T13:16:47Z,recommendationservice,frontend,0,0,0,0,0
2026-09-11T13:16:47Z,recommendationservice,kubernetes,0,0,0,0,0
2026-09-11T13:16:47Z,recommendationservice,paymentservice,0,0,0,0,0
2026-09-11T13:16:47Z,recommendationservice,productcatalogservice,150537,150530,0,0,0
2026-09-11T13:16:47Z,recommendationservice,recommendationservice,0,0,0,0,0
2026-09-11T13:16:47Z,recommendationservice,redis-cart,0,0,0,0,0
2026-09-11T13:16:47Z,recommendationservice,shippingservice,0,0,0,0,0
2026-09-11T13:16:47Z,redis-cart,adservice,0,0,0,0,0
2026-09-11T13:16:47Z,redis-cart,cartservice,0,0,0,0,0
2026-09-11T13:16:47Z,redis-cart,checkoutservice,0,0,0,0,0
2026-09-11T13:16:47Z,redis-cart,currencyservice,0,0,0,0,0
2026-09-11T13:16:47Z,redis-cart,emailservice,0,0,0,0,0
2026-09-11T13:16:47Z,redis-cart,frontend,0,0,0,0,0
2026-09-11T13:16:47Z,redis-cart,kubernetes,0,0,0,0,0
2026-09-11T13:16:47Z,redis-cart,paymentservice,0,0,0,0,0
2026-09-11T13:16:47Z,redis-cart,productcatalogservice,0,0,0,0,0
2026-09-11T13:16:47Z,redis-cart,recommendationservice,0,0,0,0,0
2026-09-11T13:16:47Z,redis-cart,redis-cart,0,0,0,0,0
2026-09-11T13:16:47Z,redis-cart,shippingservice,0,0,0,0,0
2026-09-11T13:16:47Z,shippingservice,adservice,0,0,0,0,0
2026-09-11T13:16:47Z,shippingservice,cartservice,0,0,0,0,0
2026-09-11T13:16:47Z,shippingservice,checkoutservice,0,0,0,0,0
2026-09-11T13:16:47Z,shippingservice,currencyservice,0,0,0,0,0
2026-09-11T13:16:47Z,shippingservice,emailservice,0,0,0,0,0
2026-09-11T13:16:47Z,shippingservice,frontend,0,0,0,0,0
2026-09-11T13:16:47Z,shippingservice,kubernetes,0,0,0,0,0
2026-09-11T13:16:47Z,shippingservice,paymentservice,0,0,0,0,0
2026-09-11T13:16:47Z,shippingservice,productcatalogservice,0,0,0,0,0
2026-09-11T13:16:47Z,shippingservice,recommendationservice,0,0,0,0,0
2026-09-11T13:16:47Z,shippingservice,redis-cart,0,0,0,0,0
2026-09-11T13:16:47Z,shippingservice,shippingservice,0,0,0,0,0
2026-09-11T13:16:50Z,adservice,adservice,0,0,0,0,0
2026-09-11T13:16:50Z,adservice,cartservice,0,0,0,0,0
2026-09-11T13:16:50Z,adservice,checkoutservice,0,0,0,0,0
2026-09-11T13:16:50Z,adservice,currencyservice,0,0,0,0,0
2026-09-11T13:16:50Z,adservice,emailservice,0,0,0,0,0
2026-09-11T13:16:50Z,adservice,frontend,0,0,0,0,0
2026-09-11T13:16:50Z,adservice,kubernetes,0,0,0,0,0
2026-09-11T13:16:50Z,adservice,paymentservice,0,0,0,0,0
2026-09-11T13:16:50Z,adservice,productcatalogservice,0,0,0,0,0
2026-09-11T13:16:50Z,adservice,recommendationservice,0,0,0,0,0
2026-09-11T13:16:50Z,adservice,redis-cart,0,0,0,0,0
2026-09-11T13:16:50Z,adservice,shippingservice,0,0,0,0,0
2026-09-11T13:16:50Z,cartservice,adservice,0,0,0,0,0
2026-09-11T13:16:50Z,cartservice,cartservice,0,0,0,0,0
2026-09-11T13:16:50Z,cartservice,checkoutservice,0,0,0,0,0
2026-09-11T13:16:50Z,cartservice,currencyservice,0,0,0,0,0
2026-09-11T13:16:50Z,cartservice,emailservice,0,0,0,0,0
2026-09-11T13:16:50Z,cartservice,frontend,0,0,0,0,0
2026-09-11T13:16:50Z,cartservice,kubernetes,0,0,0,0,0
2026-09-11T13:16:50Z,cartservice,paymentservice,0,0,0,0,0
2026-09-11T13:16:50Z,cartservice,productcatalogservice,0,0,0,0,0
2026-09-11T13:16:50Z,cartservice,recommendationservice,0,0,0,0,0
2026-09-11T13:16:50Z,cartservice,redis-cart,2,0,0,0,0
2026-09-11T13:16:50Z,cartservice,shippingservice,0,0,0,0,0
2026-09-11T13:16:50Z,checkoutservice,adservice,0,0,0,0,0
2026-09-11T13:16:50Z,checkoutservice,cartservice,19062,19062,0,0,0
2026-09-11T13:16:50Z,checkoutservice,checkoutservice,0,0,0,0,0
2026-09-11T13:16:50Z,checkoutservice,currencyservice,9531,9531,0,0,0
2026-09-11T13:16:50Z,checkoutservice,emailservice,9531,9531,0,0,0
2026-09-11T13:16:50Z,checkoutservice,frontend,0,0,0,0,0
2026-09-11T13:16:50Z,checkoutservice,kubernetes,0,0,0,0,0
2026-09-11T13:16:50Z,checkoutservice,paymentservice,9531,9531,0,0,0
2026-09-11T13:16:50Z,checkoutservice,productcatalogservice,0,0,0,0,0
2026-09-11T13:16:50Z,checkoutservice,recommendationservice,0,0,0,0,0
2026-09-11T13:16:50Z,checkoutservice,redis-cart,0,0,0,0,0
2026-09-11T13:16:50Z,checkoutservice,shippingservice,19062,19062,0,0,0
2026-09-11T13:16:50Z,currencyservice,adservice,0,0,0,0,0
2026-09-11T13:16:50Z,currencyservice,cartservice,0,0,0,0,0
2026-09-11T13:16:50Z,currencyservice,checkoutservice,0,0,0,0,0
2026-09-11T13:16:50Z,currencyservice,currencyservice,0,0,0,0,0
2026-09-11T13:16:50Z,currencyservice,emailservice,0,0,0,0,0
2026-09-11T13:16:50Z,currencyservice,frontend,0,0,0,0,0
2026-09-11T13:16:50Z,currencyservice,kubernetes,0,0,0,0,0
2026-09-11T13:16:50Z,currencyservice,paymentservice,0,0,0,0,0
2026-09-11T13:16:50Z,currencyservice,productcatalogservice,0,0,0,0,0
2026-09-11T13:16:50Z,currencyservice,recommendationservice,0,0,0,0,0
2026-09-11T13:16:50Z,currencyservice,redis-cart,0,0,0,0,0
2026-09-11T13:16:50Z,currencyservice,shippingservice,0,0,0,0,0
2026-09-11T13:16:50Z,emailservice,adservice,0,0,0,0,0
2026-09-11T13:16:50Z,emailservice,cartservice,0,0,0,0,0
2026-09-11T13:16:50Z,emailservice,checkoutservice,0,0,0,0,0
2026-09-11T13:16:50Z,emailservice,currencyservice,0,0,0,0,0
2026-09-11T13:16:50Z,emailservice,emailservice,0,0,0,0,0
2026-09-11T13:16:50Z,emailservice,frontend,0,0,0,0,0
2026-09-11T13:16:50Z,emailservice,kubernetes,0,0,0,0,0
2026-09-11T13:16:50Z,emailservice,paymentservice,0,0,0,0,0
2026-09-11T13:16:50Z,emailservice,productcatalogservice,0,0,0,0,0
2026-09-11T13:16:50Z,emailservice,recommendationservice,0,0,0,0,0
2026-09-11T13:16:50Z,emailservice,redis-cart,0,0,0,0,0
2026-09-11T13:16:50Z,emailservice,shippingservice,0,0,0,0,0
2026-09-11T13:16:50Z,frontend,adservice,50711,38074,0,479,0
2026-09-11T13:16:50Z,frontend,cartservice,232335,232261,0,0,0
2026-09-11T13:16:50Z,frontend,checkoutservice,9548,9548,0,0,0
2026-09-11T13:16:50Z,frontend,currencyservice,370887,370809,0,0,0
2026-09-11T13:16:50Z,frontend,emailservice,0,0,0,0,0
2026-09-11T13:16:50Z,frontend,frontend,0,0,0,0,0
2026-09-11T13:16:50Z,frontend,kubernetes,0,0,0,0,0
2026-09-11T13:16:50Z,frontend,paymentservice,0,0,0,0,0
2026-09-11T13:16:50Z,frontend,productcatalogservice,927279,926738,0,0,0
2026-09-11T13:16:50Z,frontend,recommendationservice,151104,151081,0,0,0
2026-09-11T13:16:50Z,frontend,redis-cart,0,0,0,0,0
2026-09-11T13:16:50Z,frontend,shippingservice,90335,90330,0,0,0
2026-09-11T13:16:50Z,paymentservice,adservice,0,0,0,0,0
2026-09-11T13:16:50Z,paymentservice,cartservice,0,0,0,0,0
2026-09-11T13:16:50Z,paymentservice,checkoutservice,0,0,0,0,0
2026-09-11T13:16:50Z,paymentservice,currencyservice,0,0,0,0,0
2026-09-11T13:16:50Z,paymentservice,emailservice,0,0,0,0,0
2026-09-11T13:16:50Z,paymentservice,frontend,0,0,0,0,0
2026-09-11T13:16:50Z,paymentservice,kubernetes,0,0,0,0,0
2026-09-11T13:16:50Z,paymentservice,paymentservice,0,0,0,0,0
2026-09-11T13:16:50Z,paymentservice,productcatalogservice,0,0,0,0,0
2026-09-11T13:16:50Z,paymentservice,recommendationservice,0,0,0,0,0
2026-09-11T13:16:50Z,paymentservice,redis-cart,0,0,0,0,0
2026-09-11T13:16:50Z,paymentservice,shippingservice,0,0,0,0,0
2026-09-11T13:16:50Z,productcatalogservice,adservice,0,0,0,0,0
2026-09-11T13:16:50Z,productcatalogservice,cartservice,0,0,0,0,0
2026-09-11T13:16:50Z,productcatalogservice,checkoutservice,0,0,0,0,0
2026-09-11T13:16:50Z,productcatalogservice,currencyservice,0,0,0,0,0
2026-09-11T13:16:50Z,productcatalogservice,emailservice,0,0,0,0,0
2026-09-11T13:16:50Z,productcatalogservice,frontend,0,0,0,0,0
2026-09-11T13:16:50Z,productcatalogservice,kubernetes,0,0,0,0,0
2026-09-11T13:16:50Z,productcatalogservice,paymentservice,0,0,0,0,0
2026-09-11T13:16:50Z,productcatalogservice,productcatalogservice,0,0,0,0,0
2026-09-11T13:16:50Z,productcatalogservice,recommendationservice,0,0,0,0,0
2026-09-11T13:16:50Z,productcatalogservice,redis-cart,0,0,0,0,0
2026-09-11T13:16:50Z,productcatalogservice,shippingservice,0,0,0,0,0
2026-09-11T13:16:50Z,recommendationservice,adservice,0,0,0,0,0
2026-09-11T13:16:50Z,recommendationservice,cartservice,0,0,0,0,0
2026-09-11T13:16:50Z,recommendationservice,checkoutservice,0,0,0,0,0
2026-09-11T13:16:50Z,recommendationservice,currencyservice,0,0,0,0,0
2026-09-11T13:16:50Z,recommendationservice,emailservice,0,0,0,0,0
2026-09-11T13:16:50Z,recommendationservice,frontend,0,0,0,0,0
2026-09-11T13:16:50Z,recommendationservice,kubernetes,0,0,0,0,0
2026-09-11T13:16:50Z,recommendationservice,paymentservice,0,0,0,0,0
2026-09-11T13:16:50Z,recommendationservice,productcatalogservice,151254,151254,0,0,0
2026-09-11T13:16:50Z,recommendationservice,recommendationservice,0,0,0,0,0
2026-09-11T13:16:50Z,recommendationservice,redis-cart,0,0,0,0,0
2026-09-11T13:16:50Z,recommendationservice,shippingservice,0,0,0,0,0
2026-09-11T13:16:50Z,redis-cart,adservice,0,0,0,0,0
2026-09-11T13:16:50Z,redis-cart,cartservice,0,0,0,0,0
2026-09-11T13:16:50Z,redis-cart,checkoutservice,0,0,0,0,0
2026-09-11T13:16:50Z,redis-cart,currencyservice,0,0,0,0,0
2026-09-11T13:16:50Z,redis-cart,emailservice,0,0,0,0,0
2026-09-11T13:16:50Z,redis-cart,frontend,0,0,0,0,0
2026-09-11T13:16:50Z,redis-cart,kubernetes,0,0,0,0,0
2026-09-11T13:16:50Z,redis-cart,paymentservice,0,0,0,0,0
2026-09-11T13:16:50Z,redis-cart,productcatalogservice,0,0,0,0,0
2026-09-11T13:16:50Z,redis-cart,recommendationservice,0,0,0,0,0
2026-09-11T13:16:50Z,redis-cart,redis-cart,0,0,0,0,0
2026-09-11T13:16:50Z,redis-cart,shippingservice,0,0,0,0,0
2026-09-11T13:16:50Z,shippingservice,adservice,0,0,0,0,0
2026-09-11T13:16:50Z,shippingservice,cartservice,0,0,0,0,0
2026-09-11T13:16:50Z,shippingservice,checkoutservice,0,0,0,0,0
2026-09-11T13:16:50Z,shippingservice,currencyservice,0,0,0,0,0
2026-09-11T13:16:50Z,shippingservice,emailservice,0,0,0,0,0
2026-09-11T13:16:50Z,shippingservice,frontend,0,0,0,0,0
2026-09-11T13:16:50Z,shippingservice,kubernetes,0,0,0,0,0
2026-09-11T13:16:50Z,shippingservice,paymentservice,0,0,0,0,0
2026-09-11T13:16:50Z,shippingservice,productcatalogservice,0,0,0,0,0
2026-09-11T13:16:50Z,shippingservice,recommendationservice,0,0,0,0,0
2026-09-11T13:16:50Z,shippingservice,redis-cart,0,0,0,0,0
2026-09-11T13:16:50Z,shippingservice,shippingservice,0,0,0,0,0
2026-09-11T13:16:54Z,adservice,adservice,0,0,0,0,0
2026-09-11T13:16:54Z,adservice,cartservice,0,0,0,0,0
2026-09-11T13:16:54Z,adservice,checkoutservice,0,0,0,0,0
2026-09-11T13:16:54Z,adservice,currencyservice,0,0,0,0,0
2026-09-11T13:16:54Z,adservice,emailservice,0,0,0,0,0
2026-09-11T13:16:54Z,adservice,frontend,0,0,0,0,0
2026-09-11T13:16:54Z,adservice,kubernetes,0,0,0,0,0
2026-09-11T13:16:54Z,adservice,paymentservice,0,0,0,0,0
2026-09-11T13:16:54Z,adservice,productcatalogservice,0,0,0,0,0
2026-09-11T13:16:54Z,adservice,recommendationservice,0,0,0,0,0
2026-09-11T13:16:54Z,adservice,redis-cart,0,0,0,0,0
2026-09-11T13:16:54Z,adservice,shippingservice,0,0,0,0,0
2026-09-11T13:16:54Z,cartservice,adservice,0,0,0,0,0
2026-09-11T13:16:54Z,cartservice,cartservice,0,0,0,0,0
2026-09-11T13:16:54Z,cartservice,checkoutservice,0,0,0,0,0
2026-09-11T13:16:54Z,cartservice,currencyservice,0,0,0,0,0
2026-09-11T13:16:54Z,cartservice,emailservice,0,0,0,0,0
2026-09-11T13:16:54Z,cartservice,frontend,0,0,0,0,0
2026-09-11T13:16:54Z,cartservice,kubernetes,0,0,0,0,0
2026-09-11T13:16:54Z,cartservice,paymentservice,0,0,0,0,0
2026-09-11T13:16:54Z,cartservice,productcatalogservice,0,0,0,0,0
2026-09-11T13:16:54Z,cartservice,recommendationservice,0,0,0,0,0
2026-09-11T13:16:54Z,cartservice,redis-cart,2,0,0,0,0
2026-09-11T13:16:54Z,cartservice,shippingservice,0,0,0,0,0
2026-09-11T13:16:54Z,checkoutservice,adservice,0,0,0,0,0
2026-09-11T13:16:54Z,checkoutservice,cartservice,19185,19185,0,0,0
2026-09-11T13:16:54Z,checkoutservice,checkoutservice,0,0,0,0,0
2026-09-11T13:16:54Z,checkoutservice,currencyservice,9591,9591,0,0,0
2026-09-11T13:16:54Z,checkoutservice,emailservice,9591,9591,0,0,0
2026-09-11T13:16:54Z,checkoutservice,frontend,0,0,0,0,0
2026-09-11T13:16:54Z,checkoutservice,kubernetes,0,0,0,0,0
2026-09-11T13:16:54Z,checkoutservice,paymentservice,9591,9591,0,0,0
2026-09-11T13:16:54Z,checkoutservice,productcatalogservice,0,0,0,0,0
2026-09-11T13:16:54Z,checkoutservice,recommendationservice,0,0,0,0,0
2026-09-11T13:16:54Z,checkoutservice,redis-cart,0,0,0,0,0
2026-09-11T13:16:54Z,checkoutservice,shippingservice,19185,19185,0,0,0
2026-09-11T13:16:54Z,currencyservice,adservice,0,0,0,0,0
2026-09-11T13:16:54Z,currencyservice,cartservice,0,0,0,0,0
2026-09-11T13:16:54Z,currencyservice,checkoutservice,0,0,0,0,0
2026-09-11T13:16:54Z,currencyservice,currencyservice,0,0,0,0,0
2026-09-11T13:16:54Z,currencyservice,emailservice,0,0,0,0,0
2026-09-11T13:16:54Z,currencyservice,frontend,0,0,0,0,0
2026-09-11T13:16:54Z,currencyservice,kubernetes,0,0,0,0,0
2026-09-11T13:16:54Z,currencyservice,paymentservice,0,0,0,0,0
2026-09-11T13:16:54Z,currencyservice,productcatalogservice,0,0,0,0,0
2026-09-11T13:16:54Z,currencyservice,recommendationservice,0,0,0,0,0
2026-09-11T13:16:54Z,currencyservice,redis-cart,0,0,0,0,0
2026-09-11T13:16:54Z,currencyservice,shippingservice,0,0,0,0,0
2026-09-11T13:16:54Z,emailservice,adservice,0,0,0,0,0
2026-09-11T13:16:54Z,emailservice,cartservice,0,0,0,0,0
2026-09-11T13:16:54Z,emailservice,checkoutservice,0,0,0,0,0
2026-09-11T13:16:54Z,emailservice,currencyservice,0,0,0,0,0
2026-09-11T13:16:54Z,emailservice,emailservice,0,0,0,0,0
2026-09-11T13:16:54Z,emailservice,frontend,0,0,0,0,0
2026-09-11T13:16:54Z,emailservice,kubernetes,0,0,0,0,0
2026-09-11T13:16:54Z,emailservice,paymentservice,0,0,0,0,0
2026-09-11T13:16:54Z,emailservice,productcatalogservice,0,0,0,0,0
2026-09-11T13:16:54Z,emailservice,recommendationservice,0,0,0,0,0
2026-09-11T13:16:54Z,emailservice,redis-cart,0,0,0,0,0
2026-09-11T13:16:54Z,emailservice,shippingservice,0,0,0,0,0
2026-09-11T13:16:54Z,frontend,adservice,51001,38364,0,479,0
2026-09-11T13:16:54Z,frontend,cartservice,233607,233546,0,0,0
2026-09-11T13:16:54Z,frontend,checkoutservice,9601,9601,0,0,0
2026-09-11T13:16:54Z,frontend,currencyservice,373033,372955,0,0,0
2026-09-11T13:16:54Z,frontend,emailservice,0,0,0,0,0
2026-09-11T13:16:54Z,frontend,frontend,0,0,0,0,0
2026-09-11T13:16:54Z,frontend,kubernetes,0,0,0,0,0
2026-09-11T13:16:54Z,frontend,paymentservice,0,0,0,0,0
2026-09-11T13:16:54Z,frontend,productcatalogservice,932704,932182,0,0,0
2026-09-11T13:16:54Z,frontend,recommendationservice,151983,151919,0,0,0
2026-09-11T13:16:54Z,frontend,redis-cart,0,0,0,0,0
2026-09-11T13:16:54Z,frontend,shippingservice,90866,90866,0,0,0
2026-09-11T13:16:54Z,paymentservice,adservice,0,0,0,0,0
2026-09-11T13:16:54Z,paymentservice,cartservice,0,0,0,0,0
2026-09-11T13:16:54Z,paymentservice,checkoutservice,0,0,0,0,0
2026-09-11T13:16:54Z,paymentservice,currencyservice,0,0,0,0,0
2026-09-11T13:16:54Z,paymentservice,emailservice,0,0,0,0,0
2026-09-11T13:16:54Z,paymentservice,frontend,0,0,0,0,0
2026-09-11T13:16:54Z,paymentservice,kubernetes,0,0,0,0,0
2026-09-11T13:16:54Z,paymentservice,paymentservice,0,0,0,0,0
2026-09-11T13:16:54Z,paymentservice,productcatalogservice,0,0,0,0,0
2026-09-11T13:16:54Z,paymentservice,recommendationservice,0,0,0,0,0
2026-09-11T13:16:54Z,paymentservice,redis-cart,0,0,0,0,0
2026-09-11T13:16:54Z,paymentservice,shippingservice,0,0,0,0,0
2026-09-11T13:16:54Z,productcatalogservice,adservice,0,0,0,0,0
2026-09-11T13:16:54Z,productcatalogservice,cartservice,0,0,0,0,0
2026-09-11T13:16:54Z,productcatalogservice,checkoutservice,0,0,0,0,0
2026-09-11T13:16:54Z,productcatalogservice,currencyservice,0,0,0,0,0
2026-09-11T13:16:54Z,productcatalogservice,emailservice,0,0,0,0,0
2026-09-11T13:16:54Z,productcatalogservice,frontend,0,0,0,0,0
2026-09-11T13:16:54Z,productcatalogservice,kubernetes,0,0,0,0,0
2026-09-11T13:16:54Z,productcatalogservice,paymentservice,0,0,0,0,0
2026-09-11T13:16:54Z,productcatalogservice,productcatalogservice,0,0,0,0,0
2026-09-11T13:16:54Z,productcatalogservice,recommendationservice,0,0,0,0,0
2026-09-11T13:16:54Z,productcatalogservice,redis-cart,0,0,0,0,0
2026-09-11T13:16:54Z,productcatalogservice,shippingservice,0,0,0,0,0
2026-09-11T13:16:54Z,recommendationservice,adservice,0,0,0,0,0
2026-09-11T13:16:54Z,recommendationservice,cartservice,0,0,0,0,0
2026-09-11T13:16:54Z,recommendationservice,checkoutservice,0,0,0,0,0
2026-09-11T13:16:54Z,recommendationservice,currencyservice,0,0,0,0,0
2026-09-11T13:16:54Z,recommendationservice,emailservice,0,0,0,0,0
2026-09-11T13:16:54Z,recommendationservice,frontend,0,0,0,0,0
2026-09-11T13:16:54Z,recommendationservice,kubernetes,0,0,0,0,0
2026-09-11T13:16:54Z,recommendationservice,paymentservice,0,0,0,0,0
2026-09-11T13:16:54Z,recommendationservice,productcatalogservice,152113,152110,0,0,0
2026-09-11T13:16:54Z,recommendationservice,recommendationservice,0,0,0,0,0
2026-09-11T13:16:54Z,recommendationservice,redis-cart,0,0,0,0,0
2026-09-11T13:16:54Z,recommendationservice,shippingservice,0,0,0,0,0
2026-09-11T13:16:54Z,redis-cart,adservice,0,0,0,0,0
2026-09-11T13:16:54Z,redis-cart,cartservice,0,0,0,0,0
2026-09-11T13:16:54Z,redis-cart,checkoutservice,0,0,0,0,0
2026-09-11T13:16:54Z,redis-cart,currencyservice,0,0,0,0,0
2026-09-11T13:16:54Z,redis-cart,emailservice,0,0,0,0,0
2026-09-11T13:16:54Z,redis-cart,frontend,0,0,0,0,0
2026-09-11T13:16:54Z,redis-cart,kubernetes,0,0,0,0,0
2026-09-11T13:16:54Z,redis-cart,paymentservice,0,0,0,0,0
2026-09-11T13:16:54Z,redis-cart,productcatalogservice,0,0,0,0,0
2026-09-11T13:16:54Z,redis-cart,recommendationservice,0,0,0,0,0
2026-09-11T13:16:54Z,redis-cart,redis-cart,0,0,0,0,0
2026-09-11T13:16:54Z,redis-cart,shippingservice,0,0,0,0,0
2026-09-11T13:16:54Z,shippingservice,adservice,0,0,0,0,0
2026-09-11T13:16:54Z,shippingservice,cartservice,0,0,0,0,0
2026-09-11T13:16:54Z,shippingservice,checkoutservice,0,0,0,0,0
2026-09-11T13:16:54Z,shippingservice,currencyservice,0,0,0,0,0
2026-09-11T13:16:54Z,shippingservice,emailservice,0,0,0,0,0
2026-09-11T13:16:54Z,shippingservice,frontend,0,0,0,0,0
2026-09-11T13:16:54Z,shippingservice,kubernetes,0,0,0,0,0
2026-09-11T13:16:54Z,shippingservice,paymentservice,0,0,0,0,0
2026-09-11T13:16:54Z,shippingservice,productcatalogservice,0,0,0,0,0
2026-09-11T13:16:54Z,shippingservice,recommendationservice,0,0,0,0,0
2026-09-11T13:16:54Z,shippingservice,redis-cart,0,0,0,0,0
2026-09-11T13:16:54Z,shippingservice,shippingservice,0,0,0,0,0
2026-09-11T13:16:57Z,adservice,adservice,0,0,0,0,0
2026-09-11T13:16:57Z,adservice,cartservice,0,0,0,0,0
2026-09-11T13:16:57Z,adservice,checkoutservice,0,0,0,0,0
2026-09-11T13:16:57Z,adservice,currencyservice,0,0,0,0,0
2026-09-11T13:16:57Z,adservice,emailservice,0,0,0,0,0
2026-09-11T13:16:57Z,adservice,frontend,0,0,0,0,0
2026-09-11T13:16:57Z,adservice,kubernetes,0,0,0,0,0
2026-09-11T13:16:57Z,adservice,paymentservice,0,0,0,0,0
2026-09-11T13:16:57Z,adservice,productcatalogservice,0,0,0,0,0
2026-09-11T13:16:57Z,adservice,recommendationservice,0,0,0,0,0
2026-09-11T13:16:57Z,adservice,redis-cart,0,0,0,0,0
2026-09-11T13:16:57Z,adservice,shippingservice,0,0,0,0,0
2026-09-11T13:16:57Z,cartservice,adservice,0,0,0,0,0
2026-09-11T13:16:57Z,cartservice,cartservice,0,0,0,0,0
2026-09-11T13:16:57Z,cartservice,checkoutservice,0,0,0,0,0
2026-09-11T13:16:57Z,cartservice,currencyservice,0,0,0,0,0
2026-09-11T13:16:57Z,cartservice,emailservice,0,0,0,0,0
2026-09-11T13:16:57Z,cartservice,frontend,0,0,0,0,0
2026-09-11T13:16:57Z,cartservice,kubernetes,0,0,0,0,0
2026-09-11T13:16:57Z,cartservice,paymentservice,0,0,0,0,0
2026-09-11T13:16:57Z,cartservice,productcatalogservice,0,0,0,0,0
2026-09-11T13:16:57Z,cartservice,recommendationservice,0,0,0,0,0
2026-09-11T13:16:57Z,cartservice,redis-cart,2,0,0,0,0
2026-09-11T13:16:57Z,cartservice,shippingservice,0,0,0,0,0
2026-09-11T13:16:57Z,checkoutservice,adservice,0,0,0,0,0
2026-09-11T13:16:57Z,checkoutservice,cartservice,19268,19268,0,0,0
2026-09-11T13:16:57Z,checkoutservice,checkoutservice,0,0,0,0,0
2026-09-11T13:16:57Z,checkoutservice,currencyservice,9634,9634,0,0,0
2026-09-11T13:16:57Z,checkoutservice,emailservice,9634,9634,0,0,0
2026-09-11T13:16:57Z,checkoutservice,frontend,0,0,0,0,0
2026-09-11T13:16:57Z,checkoutservice,kubernetes,0,0,0,0,0
2026-09-11T13:16:57Z,checkoutservice,paymentservice,9634,9634,0,0,0
2026-09-11T13:16:57Z,checkoutservice,productcatalogservice,0,0,0,0,0
2026-09-11T13:16:57Z,checkoutservice,recommendationservice,0,0,0,0,0
2026-09-11T13:16:57Z,checkoutservice,redis-cart,0,0,0,0,0
2026-09-11T13:16:57Z,checkoutservice,shippingservice,19268,19268,0,0,0
2026-09-11T13:16:57Z,currencyservice,adservice,0,0,0,0,0
2026-09-11T13:16:57Z,currencyservice,cartservice,0,0,0,0,0
2026-09-11T13:16:57Z,currencyservice,checkoutservice,0,0,0,0,0
2026-09-11T13:16:57Z,currencyservice,currencyservice,0,0,0,0,0
2026-09-11T13:16:57Z,currencyservice,emailservice,0,0,0,0,0
2026-09-11T13:16:57Z,currencyservice,frontend,0,0,0,0,0
2026-09-11T13:16:57Z,currencyservice,kubernetes,0,0,0,0,0
2026-09-11T13:16:57Z,currencyservice,paymentservice,0,0,0,0,0
2026-09-11T13:16:57Z,currencyservice,productcatalogservice,0,0,0,0,0
2026-09-11T13:16:57Z,currencyservice,recommendationservice,0,0,0,0,0
2026-09-11T13:16:57Z,currencyservice,redis-cart,0,0,0,0,0
2026-09-11T13:16:57Z,currencyservice,shippingservice,0,0,0,0,0
2026-09-11T13:16:57Z,emailservice,adservice,0,0,0,0,0
2026-09-11T13:16:57Z,emailservice,cartservice,0,0,0,0,0
2026-09-11T13:16:57Z,emailservice,checkoutservice,0,0,0,0,0
2026-09-11T13:16:57Z,emailservice,currencyservice,0,0,0,0,0
2026-09-11T13:16:57Z,emailservice,emailservice,0,0,0,0,0
2026-09-11T13:16:57Z,emailservice,frontend,0,0,0,0,0
2026-09-11T13:16:57Z,emailservice,kubernetes,0,0,0,0,0
2026-09-11T13:16:57Z,emailservice,paymentservice,0,0,0,0,0
2026-09-11T13:16:57Z,emailservice,productcatalogservice,0,0,0,0,0
2026-09-11T13:16:57Z,emailservice,recommendationservice,0,0,0,0,0
2026-09-11T13:16:57Z,emailservice,redis-cart,0,0,0,0,0
2026-09-11T13:16:57Z,emailservice,shippingservice,0,0,0,0,0
2026-09-11T13:16:57Z,frontend,adservice,51227,38590,0,479,0
2026-09-11T13:16:57Z,frontend,cartservice,234667,234633,0,0,0
2026-09-11T13:16:57Z,frontend,checkoutservice,9646,9645,0,0,0
2026-09-11T13:16:57Z,frontend,currencyservice,374781,374702,0,0,0
2026-09-11T13:16:57Z,frontend,emailservice,0,0,0,0,0
2026-09-11T13:16:57Z,frontend,frontend,0,0,0,0,0
2026-09-11T13:16:57Z,frontend,kubernetes,0,0,0,0,0
2026-09-11T13:16:57Z,frontend,paymentservice,0,0,0,0,0
2026-09-11T13:16:57Z,frontend,productcatalogservice,936778,936348,0,0,0
2026-09-11T13:16:57Z,frontend,recommendationservice,152667,152626,0,0,0
2026-09-11T13:16:57Z,frontend,redis-cart,0,0,0,0,0
2026-09-11T13:16:57Z,frontend,shippingservice,91279,91279,0,0,0
2026-09-11T13:16:57Z,paymentservice,adservice,0,0,0,0,0
2026-09-11T13:16:57Z,paymentservice,cartservice,0,0,0,0,0
2026-09-11T13:16:57Z,paymentservice,checkoutservice,0,0,0,0,0
2026-09-11T13:16:57Z,paymentservice,currencyservice,0,0,0,0,0
2026-09-11T13:16:57Z,paymentservice,emailservice,0,0,0,0,0
2026-09-11T13:16:57Z,paymentservice,frontend,0,0,0,0,0
2026-09-11T13:16:57Z,paymentservice,kubernetes,0,0,0,0,0
2026-09-11T13:16:57Z,paymentservice,paymentservice,0,0,0,0,0
2026-09-11T13:16:57Z,paymentservice,productcatalogservice,0,0,0,0,0
2026-09-11T13:16:57Z,paymentservice,recommendationservice,0,0,0,0,0
2026-09-11T13:16:57Z,paymentservice,redis-cart,0,0,0,0,0
2026-09-11T13:16:57Z,paymentservice,shippingservice,0,0,0,0,0
2026-09-11T13:16:57Z,productcatalogservice,adservice,0,0,0,0,0
2026-09-11T13:16:57Z,productcatalogservice,cartservice,0,0,0,0,0
2026-09-11T13:16:57Z,productcatalogservice,checkoutservice,0,0,0,0,0
2026-09-11T13:16:57Z,productcatalogservice,currencyservice,0,0,0,0,0
2026-09-11T13:16:57Z,productcatalogservice,emailservice,0,0,0,0,0
2026-09-11T13:16:57Z,productcatalogservice,frontend,0,0,0,0,0
2026-09-11T13:16:57Z,productcatalogservice,kubernetes,0,0,0,0,0
2026-09-11T13:16:57Z,productcatalogservice,paymentservice,0,0,0,0,0
2026-09-11T13:16:57Z,productcatalogservice,productcatalogservice,0,0,0,0,0
2026-09-11T13:16:57Z,productcatalogservice,recommendationservice,0,0,0,0,0
2026-09-11T13:16:57Z,productcatalogservice,redis-cart,0,0,0,0,0
2026-09-11T13:16:57Z,productcatalogservice,shippingservice,0,0,0,0,0
2026-09-11T13:16:57Z,recommendationservice,adservice,0,0,0,0,0
2026-09-11T13:16:57Z,recommendationservice,cartservice,0,0,0,0,0
2026-09-11T13:16:57Z,recommendationservice,checkoutservice,0,0,0,0,0
2026-09-11T13:16:57Z,recommendationservice,currencyservice,0,0,0,0,0
2026-09-11T13:16:57Z,recommendationservice,emailservice,0,0,0,0,0
2026-09-11T13:16:57Z,recommendationservice,frontend,0,0,0,0,0
2026-09-11T13:16:57Z,recommendationservice,kubernetes,0,0,0,0,0
2026-09-11T13:16:57Z,recommendationservice,paymentservice,0,0,0,0,0
2026-09-11T13:16:57Z,recommendationservice,productcatalogservice,152786,152786,0,0,0
2026-09-11T13:16:57Z,recommendationservice,recommendationservice,0,0,0,0,0
2026-09-11T13:16:57Z,recommendationservice,redis-cart,0,0,0,0,0
2026-09-11T13:16:57Z,recommendationservice,shippingservice,0,0,0,0,0
2026-09-11T13:16:57Z,redis-cart,adservice,0,0,0,0,0
2026-09-11T13:16:57Z,redis-cart,cartservice,0,0,0,0,0
2026-09-11T13:16:57Z,redis-cart,checkoutservice,0,0,0,0,0
2026-09-11T13:16:57Z,redis-cart,currencyservice,0,0,0,0,0
2026-09-11T13:16:57Z,redis-cart,emailservice,0,0,0,0,0
2026-09-11T13:16:57Z,redis-cart,frontend,0,0,0,0,0
2026-09-11T13:16:57Z,redis-cart,kubernetes,0,0,0,0,0
2026-09-11T13:16:57Z,redis-cart,paymentservice,0,0,0,0,0
2026-09-11T13:16:57Z,redis-cart,productcatalogservice,0,0,0,0,0
2026-09-11T13:16:57Z,redis-cart,recommendationservice,0,0,0,0,0
2026-09-11T13:16:57Z,redis-cart,redis-cart,0,0,0,0,0
2026-09-11T13:16:57Z,redis-cart,shippingservice,0,0,0,0,0
2026-09-11T13:16:57Z,shippingservice,adservice,0,0,0,0,0
2026-09-11T13:16:57Z,shippingservice,cartservice,0,0,0,0,0
2026-09-11T13:16:57Z,shippingservice,checkoutservice,0,0,0,0,0
2026-09-11T13:16:57Z,shippingservice,currencyservice,0,0,0,0,0
2026-09-11T13:16:57Z,shippingservice,emailservice,0,0,0,0,0
2026-09-11T13:16:57Z,shippingservice,frontend,0,0,0,0,0
2026-09-11T13:16:57Z,shippingservice,kubernetes,0,0,0,0,0
2026-09-11T13:16:57Z,shippingservice,paymentservice,0,0,0,0,0
2026-09-11T13:16:57Z,shippingservice,productcatalogservice,0,0,0,0,0
2026-09-11T13:16:57Z,shippingservice,recommendationservice,0,0,0,0,0
2026-09-11T13:16:57Z,shippingservice,redis-cart,0,0,0,0,0
2026-09-11T13:16:57Z,shippingservice,shippingservice,0,0,0,0,0
2026-09-11T13:17:00Z,adservice,adservice,0,0,0,0,0
2026-09-11T13:17:00Z,adservice,cartservice,0,0,0,0,0
2026-09-11T13:17:00Z,adservice,checkoutservice,0,0,0,0,0
2026-09-11T13:17:00Z,adservice,currencyservice,0,0,0,0,0
2026-09-11T13:17:00Z,adservice,emailservice,0,0,0,0,0
2026-09-11T13:17:00Z,adservice,frontend,0,0,0,0,0
2026-09-11T13:17:00Z,adservice,kubernetes,0,0,0,0,0
2026-09-11T13:17:00Z,adservice,paymentservice,0,0,0,0,0
2026-09-11T13:17:00Z,adservice,productcatalogservice,0,0,0,0,0
2026-09-11T13:17:00Z,adservice,recommendationservice,0,0,0,0,0
2026-09-11T13:17:00Z,adservice,redis-cart,0,0,0,0,0
2026-09-11T13:17:00Z,adservice,shippingservice,0,0,0,0,0
2026-09-11T13:17:00Z,cartservice,adservice,0,0,0,0,0
2026-09-11T13:17:00Z,cartservice,cartservice,0,0,0,0,0
2026-09-11T13:17:00Z,cartservice,checkoutservice,0,0,0,0,0
2026-09-11T13:17:00Z,cartservice,currencyservice,0,0,0,0,0
2026-09-11T13:17:00Z,cartservice,emailservice,0,0,0,0,0
2026-09-11T13:17:00Z,cartservice,frontend,0,0,0,0,0
2026-09-11T13:17:00Z,cartservice,kubernetes,0,0,0,0,0
2026-09-11T13:17:00Z,cartservice,paymentservice,0,0,0,0,0
2026-09-11T13:17:00Z,cartservice,productcatalogservice,0,0,0,0,0
2026-09-11T13:17:00Z,cartservice,recommendationservice,0,0,0,0,0
2026-09-11T13:17:00Z,cartservice,redis-cart,2,0,0,0,0
2026-09-11T13:17:00Z,cartservice,shippingservice,0,0,0,0,0
2026-09-11T13:17:00Z,checkoutservice,adservice,0,0,0,0,0
2026-09-11T13:17:00Z,checkoutservice,cartservice,19352,19352,0,0,0
2026-09-11T13:17:00Z,checkoutservice,checkoutservice,0,0,0,0,0
2026-09-11T13:17:00Z,checkoutservice,currencyservice,9676,9676,0,0,0
2026-09-11T13:17:00Z,checkoutservice,emailservice,9676,9676,0,0,0
2026-09-11T13:17:00Z,checkoutservice,frontend,0,0,0,0,0
2026-09-11T13:17:00Z,checkoutservice,kubernetes,0,0,0,0,0
2026-09-11T13:17:00Z,checkoutservice,paymentservice,9676,9676,0,0,0
2026-09-11T13:17:00Z,checkoutservice,productcatalogservice,0,0,0,0,0
2026-09-11T13:17:00Z,checkoutservice,recommendationservice,0,0,0,0,0
2026-09-11T13:17:00Z,checkoutservice,redis-cart,0,0,0,0,0
2026-09-11T13:17:00Z,checkoutservice,shippingservice,19352,19352,0,0,0
2026-09-11T13:17:00Z,currencyservice,adservice,0,0,0,0,0
2026-09-11T13:17:00Z,currencyservice,cartservice,0,0,0,0,0
2026-09-11T13:17:00Z,currencyservice,checkoutservice,0,0,0,0,0
2026-09-11T13:17:00Z,currencyservice,currencyservice,0,0,0,0,0
2026-09-11T13:17:00Z,currencyservice,emailservice,0,0,0,0,0
2026-09-11T13:17:00Z,currencyservice,frontend,0,0,0,0,0
2026-09-11T13:17:00Z,currencyservice,kubernetes,0,0,0,0,0
2026-09-11T13:17:00Z,currencyservice,paymentservice,0,0,0,0,0
2026-09-11T13:17:00Z,currencyservice,productcatalogservice,0,0,0,0,0
2026-09-11T13:17:00Z,currencyservice,recommendationservice,0,0,0,0,0
2026-09-11T13:17:00Z,currencyservice,redis-cart,0,0,0,0,0
2026-09-11T13:17:00Z,currencyservice,shippingservice,0,0,0,0,0
2026-09-11T13:17:00Z,emailservice,adservice,0,0,0,0,0
2026-09-11T13:17:00Z,emailservice,cartservice,0,0,0,0,0
2026-09-11T13:17:00Z,emailservice,checkoutservice,0,0,0,0,0
2026-09-11T13:17:00Z,emailservice,currencyservice,0,0,0,0,0
2026-09-11T13:17:00Z,emailservice,emailservice,0,0,0,0,0
2026-09-11T13:17:00Z,emailservice,frontend,0,0,0,0,0
2026-09-11T13:17:00Z,emailservice,kubernetes,0,0,0,0,0
2026-09-11T13:17:00Z,emailservice,paymentservice,0,0,0,0,0
2026-09-11T13:17:00Z,emailservice,productcatalogservice,0,0,0,0,0
2026-09-11T13:17:00Z,emailservice,recommendationservice,0,0,0,0,0
2026-09-11T13:17:00Z,emailservice,redis-cart,0,0,0,0,0
2026-09-11T13:17:00Z,emailservice,shippingservice,0,0,0,0,0
2026-09-11T13:17:00Z,frontend,adservice,51479,38842,0,479,0
2026-09-11T13:17:00Z,frontend,cartservice,235765,235681,0,0,0
2026-09-11T13:17:00Z,frontend,checkoutservice,9690,9690,0,0,0
2026-09-11T13:17:00Z,frontend,currencyservice,376479,376401,0,0,0
2026-09-11T13:17:00Z,frontend,emailservice,0,0,0,0,0
2026-09-11T13:17:00Z,frontend,frontend,0,0,0,0,0
2026-09-11T13:17:00Z,frontend,kubernetes,0,0,0,0,0
2026-09-11T13:17:00Z,frontend,paymentservice,0,0,0,0,0
2026-09-11T13:17:00Z,frontend,productcatalogservice,941126,940733,0,0,0
2026-09-11T13:17:00Z,frontend,recommendationservice,153339,153283,0,0,0
2026-09-11T13:17:00Z,frontend,redis-cart,0,0,0,0,0
2026-09-11T13:17:00Z,frontend,shippingservice,91702,91672,0,0,0
2026-09-11T13:17:00Z,paymentservice,adservice,0,0,0,0,0
2026-09-11T13:17:00Z,paymentservice,cartservice,0,0,0,0,0
2026-09-11T13:17:00Z,paymentservice,checkoutservice,0,0,0,0,0
2026-09-11T13:17:00Z,paymentservice,currencyservice,0,0,0,0,0
2026-09-11T13:17:00Z,paymentservice,emailservice,0,0,0,0,0
2026-09-11T13:17:00Z,paymentservice,frontend,0,0,0,0,0
2026-09-11T13:17:00Z,paymentservice,kubernetes,0,0,0,0,0
2026-09-11T13:17:00Z,paymentservice,paymentservice,0,0,0,0,0
2026-09-11T13:17:00Z,paymentservice,productcatalogservice,0,0,0,0,0
2026-09-11T13:17:00Z,paymentservice,recommendationservice,0,0,0,0,0
2026-09-11T13:17:00Z,paymentservice,redis-cart,0,0,0,0,0
2026-09-11T13:17:00Z,paymentservice,shippingservice,0,0,0,0,0
2026-09-11T13:17:00Z,productcatalogservice,adservice,0,0,0,0,0
2026-09-11T13:17:00Z,productcatalogservice,cartservice,0,0,0,0,0
2026-09-11T13:17:00Z,productcatalogservice,checkoutservice,0,0,0,0,0
2026-09-11T13:17:00Z,productcatalogservice,currencyservice,0,0,0,0,0
2026-09-11T13:17:00Z,productcatalogservice,emailservice,0,0,0,0,0
2026-09-11T13:17:00Z,productcatalogservice,frontend,0,0,0,0,0
2026-09-11T13:17:00Z,productcatalogservice,kubernetes,0,0,0,0,0
2026-09-11T13:17:00Z,productcatalogservice,paymentservice,0,0,0,0,0
2026-09-11T13:17:00Z,productcatalogservice,productcatalogservice,0,0,0,0,0
2026-09-11T13:17:00Z,productcatalogservice,recommendationservice,0,0,0,0,0
2026-09-11T13:17:00Z,productcatalogservice,redis-cart,0,0,0,0,0
2026-09-11T13:17:00Z,productcatalogservice,shippingservice,0,0,0,0,0
2026-09-11T13:17:00Z,recommendationservice,adservice,0,0,0,0,0
2026-09-11T13:17:00Z,recommendationservice,cartservice,0,0,0,0,0
2026-09-11T13:17:00Z,recommendationservice,checkoutservice,0,0,0,0,0
2026-09-11T13:17:00Z,recommendationservice,currencyservice,0,0,0,0,0
2026-09-11T13:17:00Z,recommendationservice,emailservice,0,0,0,0,0
2026-09-11T13:17:00Z,recommendationservice,frontend,0,0,0,0,0
2026-09-11T13:17:00Z,recommendationservice,kubernetes,0,0,0,0,0
2026-09-11T13:17:00Z,recommendationservice,paymentservice,0,0,0,0,0
2026-09-11T13:17:00Z,recommendationservice,productcatalogservice,153491,153491,0,0,0
2026-09-11T13:17:00Z,recommendationservice,recommendationservice,0,0,0,0,0
2026-09-11T13:17:00Z,recommendationservice,redis-cart,0,0,0,0,0
2026-09-11T13:17:00Z,recommendationservice,shippingservice,0,0,0,0,0
2026-09-11T13:17:00Z,redis-cart,adservice,0,0,0,0,0
2026-09-11T13:17:00Z,redis-cart,cartservice,0,0,0,0,0
2026-09-11T13:17:00Z,redis-cart,checkoutservice,0,0,0,0,0
2026-09-11T13:17:00Z,redis-cart,currencyservice,0,0,0,0,0
2026-09-11T13:17:00Z,redis-cart,emailservice,0,0,0,0,0
2026-09-11T13:17:00Z,redis-cart,frontend,0,0,0,0,0
2026-09-11T13:17:00Z,redis-cart,kubernetes,0,0,0,0,0
2026-09-11T13:17:00Z,redis-cart,paymentservice,0,0,0,0,0
2026-09-11T13:17:00Z,redis-cart,productcatalogservice,0,0,0,0,0
2026-09-11T13:17:00Z,redis-cart,recommendationservice,0,0,0,0,0
2026-09-11T13:17:00Z,redis-cart,redis-cart,0,0,0,0,0
2026-09-11T13:17:00Z,redis-cart,shippingservice,0,0,0,0,0
2026-09-11T13:17:00Z,shippingservice,adservice,0,0,0,0,0
2026-09-11T13:17:00Z,shippingservice,cartservice,0,0,0,0,0
2026-09-11T13:17:00Z,shippingservice,checkoutservice,0,0,0,0,0
2026-09-11T13:17:00Z,shippingservice,currencyservice,0,0,0,0,0
2026-09-11T13:17:00Z,shippingservice,emailservice,0,0,0,0,0
2026-09-11T13:17:00Z,shippingservice,frontend,0,0,0,0,0
2026-09-11T13:17:00Z,shippingservice,kubernetes,0,0,0,0,0
2026-09-11T13:17:00Z,shippingservice,paymentservice,0,0,0,0,0
2026-09-11T13:17:00Z,shippingservice,productcatalogservice,0,0,0,0,0
2026-09-11T13:17:00Z,shippingservice,recommendationservice,0,0,0,0,0
2026-09-11T13:17:00Z,shippingservice,redis-cart,0,0,0,0,0
2026-09-11T13:17:00Z,shippingservice,shippingservice,0,0,0,0,0
2026-09-11T13:17:03Z,adservice,adservice,0,0,0,0,0
2026-09-11T13:17:03Z,adservice,cartservice,0,0,0,0,0
2026-09-11T13:17:03Z,adservice,checkoutservice,0,0,0,0,0
2026-09-11T13:17:03Z,adservice,currencyservice,0,0,0,0,0
2026-09-11T13:17:03Z,adservice,emailservice,0,0,0,0,0
2026-09-11T13:17:03Z,adservice,frontend,0,0,0,0,0
2026-09-11T13:17:03Z,adservice,kubernetes,0,0,0,0,0
2026-09-11T13:17:03Z,adservice,paymentservice,0,0,0,0,0
2026-09-11T13:17:03Z,adservice,productcatalogservice,0,0,0,0,0
2026-09-11T13:17:03Z,adservice,recommendationservice,0,0,0,0,0
2026-09-11T13:17:03Z,adservice,redis-cart,0,0,0,0,0
2026-09-11T13:17:03Z,adservice,shippingservice,0,0,0,0,0
2026-09-11T13:17:03Z,cartservice,adservice,0,0,0,0,0
2026-09-11T13:17:03Z,cartservice,cartservice,0,0,0,0,0
2026-09-11T13:17:03Z,cartservice,checkoutservice,0,0,0,0,0
2026-09-11T13:17:03Z,cartservice,currencyservice,0,0,0,0,0
2026-09-11T13:17:03Z,cartservice,emailservice,0,0,0,0,0
2026-09-11T13:17:03Z,cartservice,frontend,0,0,0,0,0
2026-09-11T13:17:03Z,cartservice,kubernetes,0,0,0,0,0
2026-09-11T13:17:03Z,cartservice,paymentservice,0,0,0,0,0
2026-09-11T13:17:03Z,cartservice,productcatalogservice,0,0,0,0,0
2026-09-11T13:17:03Z,cartservice,recommendationservice,0,0,0,0,0
2026-09-11T13:17:03Z,cartservice,redis-cart,2,0,0,0,0
2026-09-11T13:17:03Z,cartservice,shippingservice,0,0,0,0,0
2026-09-11T13:17:03Z,checkoutservice,adservice,0,0,0,0,0
2026-09-11T13:17:03Z,checkoutservice,cartservice,19454,19454,0,0,0
2026-09-11T13:17:03Z,checkoutservice,checkoutservice,0,0,0,0,0
2026-09-11T13:17:03Z,checkoutservice,currencyservice,9727,9727,0,0,0
2026-09-11T13:17:03Z,checkoutservice,emailservice,9727,9727,0,0,0
2026-09-11T13:17:03Z,checkoutservice,frontend,0,0,0,0,0
2026-09-11T13:17:03Z,checkoutservice,kubernetes,0,0,0,0,0
2026-09-11T13:17:03Z,checkoutservice,paymentservice,9727,9727,0,0,0
2026-09-11T13:17:03Z,checkoutservice,productcatalogservice,0,0,0,0,0
2026-09-11T13:17:03Z,checkoutservice,recommendationservice,0,0,0,0,0
2026-09-11T13:17:03Z,checkoutservice,redis-cart,0,0,0,0,0
2026-09-11T13:17:03Z,checkoutservice,shippingservice,19454,19454,0,0,0
2026-09-11T13:17:03Z,currencyservice,adservice,0,0,0,0,0
2026-09-11T13:17:03Z,currencyservice,cartservice,0,0,0,0,0
2026-09-11T13:17:03Z,currencyservice,checkoutservice,0,0,0,0,0
2026-09-11T13:17:03Z,currencyservice,currencyservice,0,0,0,0,0
2026-09-11T13:17:03Z,currencyservice,emailservice,0,0,0,0,0
2026-09-11T13:17:03Z,currencyservice,frontend,0,0,0,0,0
2026-09-11T13:17:03Z,currencyservice,kubernetes,0,0,0,0,0
2026-09-11T13:17:03Z,currencyservice,paymentservice,0,0,0,0,0
2026-09-11T13:17:03Z,currencyservice,productcatalogservice,0,0,0,0,0
2026-09-11T13:17:03Z,currencyservice,recommendationservice,0,0,0,0,0
2026-09-11T13:17:03Z,currencyservice,redis-cart,0,0,0,0,0
2026-09-11T13:17:03Z,currencyservice,shippingservice,0,0,0,0,0
2026-09-11T13:17:03Z,emailservice,adservice,0,0,0,0,0
2026-09-11T13:17:03Z,emailservice,cartservice,0,0,0,0,0
2026-09-11T13:17:03Z,emailservice,checkoutservice,0,0,0,0,0
2026-09-11T13:17:03Z,emailservice,currencyservice,0,0,0,0,0
2026-09-11T13:17:03Z,emailservice,emailservice,0,0,0,0,0
2026-09-11T13:17:03Z,emailservice,frontend,0,0,0,0,0
2026-09-11T13:17:03Z,emailservice,kubernetes,0,0,0,0,0
2026-09-11T13:17:03Z,emailservice,paymentservice,0,0,0,0,0
2026-09-11T13:17:03Z,emailservice,productcatalogservice,0,0,0,0,0
2026-09-11T13:17:03Z,emailservice,recommendationservice,0,0,0,0,0
2026-09-11T13:17:03Z,emailservice,redis-cart,0,0,0,0,0
2026-09-11T13:17:03Z,emailservice,shippingservice,0,0,0,0,0
2026-09-11T13:17:03Z,frontend,adservice,51675,39038,0,479,0
2026-09-11T13:17:03Z,frontend,cartservice,236693,236663,0,0,0
2026-09-11T13:17:03Z,frontend,checkoutservice,9730,9729,0,0,0
2026-09-11T13:17:03Z,frontend,currencyservice,378023,377919,0,0,0
2026-09-11T13:17:03Z,frontend,emailservice,0,0,0,0,0
2026-09-11T13:17:03Z,frontend,frontend,0,0,0,0,0
2026-09-11T13:17:03Z,frontend,kubernetes,0,0,0,0,0
2026-09-11T13:17:03Z,frontend,paymentservice,0,0,0,0,0
2026-09-11T13:17:03Z,frontend,productcatalogservice,945003,944725,0,0,0
2026-09-11T13:17:03Z,frontend,recommendationservice,153966,153953,0,0,0
2026-09-11T13:17:03Z,frontend,redis-cart,0,0,0,0,0
2026-09-11T13:17:03Z,frontend,shippingservice,92053,92053,0,0,0
2026-09-11T13:17:03Z,paymentservice,adservice,0,0,0,0,0
2026-09-11T13:17:03Z,paymentservice,cartservice,0,0,0,0,0
2026-09-11T13:17:03Z,paymentservice,checkoutservice,0,0,0,0,0
2026-09-11T13:17:03Z,paymentservice,currencyservice,0,0,0,0,0
2026-09-11T13:17:03Z,paymentservice,emailservice,0,0,0,0,0
2026-09-11T13:17:03Z,paymentservice,frontend,0,0,0,0,0
2026-09-11T13:17:03Z,paymentservice,kubernetes,0,0,0,0,0
2026-09-11T13:17:03Z,paymentservice,paymentservice,0,0,0,0,0
2026-09-11T13:17:03Z,paymentservice,productcatalogservice,0,0,0,0,0
2026-09-11T13:17:03Z,paymentservice,recommendationservice,0,0,0,0,0
2026-09-11T13:17:03Z,paymentservice,redis-cart,0,0,0,0,0
2026-09-11T13:17:03Z,paymentservice,shippingservice,0,0,0,0,0
2026-09-11T13:17:03Z,productcatalogservice,adservice,0,0,0,0,0
2026-09-11T13:17:03Z,productcatalogservice,cartservice,0,0,0,0,0
2026-09-11T13:17:03Z,productcatalogservice,checkoutservice,0,0,0,0,0
2026-09-11T13:17:03Z,productcatalogservice,currencyservice,0,0,0,0,0
2026-09-11T13:17:03Z,productcatalogservice,emailservice,0,0,0,0,0
2026-09-11T13:17:03Z,productcatalogservice,frontend,0,0,0,0,0
2026-09-11T13:17:03Z,productcatalogservice,kubernetes,0,0,0,0,0
2026-09-11T13:17:03Z,productcatalogservice,paymentservice,0,0,0,0,0
2026-09-11T13:17:03Z,productcatalogservice,productcatalogservice,0,0,0,0,0
2026-09-11T13:17:03Z,productcatalogservice,recommendationservice,0,0,0,0,0
2026-09-11T13:17:03Z,productcatalogservice,redis-cart,0,0,0,0,0
2026-09-11T13:17:03Z,productcatalogservice,shippingservice,0,0,0,0,0
2026-09-11T13:17:03Z,recommendationservice,adservice,0,0,0,0,0
2026-09-11T13:17:03Z,recommendationservice,cartservice,0,0,0,0,0
2026-09-11T13:17:03Z,recommendationservice,checkoutservice,0,0,0,0,0
2026-09-11T13:17:03Z,recommendationservice,currencyservice,0,0,0,0,0
2026-09-11T13:17:03Z,recommendationservice,emailservice,0,0,0,0,0
2026-09-11T13:17:03Z,recommendationservice,frontend,0,0,0,0,0
2026-09-11T13:17:03Z,recommendationservice,kubernetes,0,0,0,0,0
2026-09-11T13:17:03Z,recommendationservice,paymentservice,0,0,0,0,0
2026-09-11T13:17:03Z,recommendationservice,productcatalogservice,154109,154109,0,0,0
2026-09-11T13:17:03Z,recommendationservice,recommendationservice,0,0,0,0,0
2026-09-11T13:17:03Z,recommendationservice,redis-cart,0,0,0,0,0
2026-09-11T13:17:03Z,recommendationservice,shippingservice,0,0,0,0,0
2026-09-11T13:17:03Z,redis-cart,adservice,0,0,0,0,0
2026-09-11T13:17:03Z,redis-cart,cartservice,0,0,0,0,0
2026-09-11T13:17:03Z,redis-cart,checkoutservice,0,0,0,0,0
2026-09-11T13:17:03Z,redis-cart,currencyservice,0,0,0,0,0
2026-09-11T13:17:03Z,redis-cart,emailservice,0,0,0,0,0
2026-09-11T13:17:03Z,redis-cart,frontend,0,0,0,0,0
2026-09-11T13:17:03Z,redis-cart,kubernetes,0,0,0,0,0
2026-09-11T13:17:03Z,redis-cart,paymentservice,0,0,0,0,0
2026-09-11T13:17:03Z,redis-cart,productcatalogservice,0,0,0,0,0
2026-09-11T13:17:03Z,redis-cart,recommendationservice,0,0,0,0,0
2026-09-11T13:17:03Z,redis-cart,redis-cart,0,0,0,0,0
2026-09-11T13:17:03Z,redis-cart,shippingservice,0,0,0,0,0
2026-09-11T13:17:03Z,shippingservice,adservice,0,0,0,0,0
2026-09-11T13:17:03Z,shippingservice,cartservice,0,0,0,0,0
2026-09-11T13:17:03Z,shippingservice,checkoutservice,0,0,0,0,0
2026-09-11T13:17:03Z,shippingservice,currencyservice,0,0,0,0,0
2026-09-11T13:17:03Z,shippingservice,emailservice,0,0,0,0,0
2026-09-11T13:17:03Z,shippingservice,frontend,0,0,0,0,0
2026-09-11T13:17:03Z,shippingservice,kubernetes,0,0,0,0,0
2026-09-11T13:17:03Z,shippingservice,paymentservice,0,0,0,0,0
2026-09-11T13:17:03Z,shippingservice,productcatalogservice,0,0,0,0,0
2026-09-11T13:17:03Z,shippingservice,recommendationservice,0,0,0,0,0
2026-09-11T13:17:03Z,shippingservice,redis-cart,0,0,0,0,0
2026-09-11T13:17:03Z,shippingservice,shippingservice,0,0,0,0,0
2026-09-11T13:17:06Z,adservice,adservice,0,0,0,0,0
2026-09-11T13:17:06Z,adservice,cartservice,0,0,0,0,0
2026-09-11T13:17:06Z,adservice,checkoutservice,0,0,0,0,0
2026-09-11T13:17:06Z,adservice,currencyservice,0,0,0,0,0
2026-09-11T13:17:06Z,adservice,emailservice,0,0,0,0,0
2026-09-11T13:17:06Z,adservice,frontend,0,0,0,0,0
2026-09-11T13:17:06Z,adservice,kubernetes,0,0,0,0,0
2026-09-11T13:17:06Z,adservice,paymentservice,0,0,0,0,0
2026-09-11T13:17:06Z,adservice,productcatalogservice,0,0,0,0,0
2026-09-11T13:17:06Z,adservice,recommendationservice,0,0,0,0,0
2026-09-11T13:17:06Z,adservice,redis-cart,0,0,0,0,0
2026-09-11T13:17:06Z,adservice,shippingservice,0,0,0,0,0
2026-09-11T13:17:06Z,cartservice,adservice,0,0,0,0,0
2026-09-11T13:17:06Z,cartservice,cartservice,0,0,0,0,0
2026-09-11T13:17:06Z,cartservice,checkoutservice,0,0,0,0,0
2026-09-11T13:17:06Z,cartservice,currencyservice,0,0,0,0,0
2026-09-11T13:17:06Z,cartservice,emailservice,0,0,0,0,0
2026-09-11T13:17:06Z,cartservice,frontend,0,0,0,0,0
2026-09-11T13:17:06Z,cartservice,kubernetes,0,0,0,0,0
2026-09-11T13:17:06Z,cartservice,paymentservice,0,0,0,0,0
2026-09-11T13:17:06Z,cartservice,productcatalogservice,0,0,0,0,0
2026-09-11T13:17:06Z,cartservice,recommendationservice,0,0,0,0,0
2026-09-11T13:17:06Z,cartservice,redis-cart,2,0,0,0,0
2026-09-11T13:17:06Z,cartservice,shippingservice,0,0,0,0,0
2026-09-11T13:17:06Z,checkoutservice,adservice,0,0,0,0,0
2026-09-11T13:17:06Z,checkoutservice,cartservice,19538,19538,0,0,0
2026-09-11T13:17:06Z,checkoutservice,checkoutservice,0,0,0,0,0
2026-09-11T13:17:06Z,checkoutservice,currencyservice,9769,9769,0,0,0
2026-09-11T13:17:06Z,checkoutservice,emailservice,9768,9768,0,0,0
2026-09-11T13:17:06Z,checkoutservice,frontend,0,0,0,0,0
2026-09-11T13:17:06Z,checkoutservice,kubernetes,0,0,0,0,0
2026-09-11T13:17:06Z,checkoutservice,paymentservice,9769,9769,0,0,0
2026-09-11T13:17:06Z,checkoutservice,productcatalogservice,0,0,0,0,0
2026-09-11T13:17:06Z,checkoutservice,recommendationservice,0,0,0,0,0
2026-09-11T13:17:06Z,checkoutservice,redis-cart,0,0,0,0,0
2026-09-11T13:17:06Z,checkoutservice,shippingservice,19538,19538,0,0,0
2026-09-11T13:17:06Z,currencyservice,adservice,0,0,0,0,0
2026-09-11T13:17:06Z,currencyservice,cartservice,0,0,0,0,0
2026-09-11T13:17:06Z,currencyservice,checkoutservice,0,0,0,0,0
2026-09-11T13:17:06Z,currencyservice,currencyservice,0,0,0,0,0
2026-09-11T13:17:06Z,currencyservice,emailservice,0,0,0,0,0
2026-09-11T13:17:06Z,currencyservice,frontend,0,0,0,0,0
2026-09-11T13:17:06Z,currencyservice,kubernetes,0,0,0,0,0
2026-09-11T13:17:06Z,currencyservice,paymentservice,0,0,0,0,0
2026-09-11T13:17:06Z,currencyservice,productcatalogservice,0,0,0,0,0
2026-09-11T13:17:06Z,currencyservice,recommendationservice,0,0,0,0,0
2026-09-11T13:17:06Z,currencyservice,redis-cart,0,0,0,0,0
2026-09-11T13:17:06Z,currencyservice,shippingservice,0,0,0,0,0
2026-09-11T13:17:06Z,emailservice,adservice,0,0,0,0,0
2026-09-11T13:17:06Z,emailservice,cartservice,0,0,0,0,0
2026-09-11T13:17:06Z,emailservice,checkoutservice,0,0,0,0,0
2026-09-11T13:17:06Z,emailservice,currencyservice,0,0,0,0,0
2026-09-11T13:17:06Z,emailservice,emailservice,0,0,0,0,0
2026-09-11T13:17:06Z,emailservice,frontend,0,0,0,0,0
2026-09-11T13:17:06Z,emailservice,kubernetes,0,0,0,0,0
2026-09-11T13:17:06Z,emailservice,paymentservice,0,0,0,0,0
2026-09-11T13:17:06Z,emailservice,productcatalogservice,0,0,0,0,0
2026-09-11T13:17:06Z,emailservice,recommendationservice,0,0,0,0,0
2026-09-11T13:17:06Z,emailservice,redis-cart,0,0,0,0,0
2026-09-11T13:17:06Z,emailservice,shippingservice,0,0,0,0,0
2026-09-11T13:17:06Z,frontend,adservice,51921,39284,0,479,0
2026-09-11T13:17:06Z,frontend,cartservice,237819,237782,0,0,0
2026-09-11T13:17:06Z,frontend,checkoutservice,9780,9780,0,0,0
2026-09-11T13:17:06Z,frontend,currencyservice,379902,379720,0,0,0
2026-09-11T13:17:06Z,frontend,emailservice,0,0,0,0,0
2026-09-11T13:17:06Z,frontend,frontend,0,0,0,0,0
2026-09-11T13:17:06Z,frontend,kubernetes,0,0,0,0,0
2026-09-11T13:17:06Z,frontend,paymentservice,0,0,0,0,0
2026-09-11T13:17:06Z,frontend,productcatalogservice,949413,948939,0,0,0
2026-09-11T13:17:06Z,frontend,recommendationservice,154718,154678,0,0,0
2026-09-11T13:17:06Z,frontend,redis-cart,0,0,0,0,0
2026-09-11T13:17:06Z,frontend,shippingservice,92501,92501,0,0,0
2026-09-11T13:17:06Z,paymentservice,adservice,0,0,0,0,0
2026-09-11T13:17:06Z,paymentservice,cartservice,0,0,0,0,0
2026-09-11T13:17:06Z,paymentservice,checkoutservice,0,0,0,0,0
2026-09-11T13:17:06Z,paymentservice,currencyservice,0,0,0,0,0
2026-09-11T13:17:06Z,paymentservice,emailservice,0,0,0,0,0
2026-09-11T13:17:06Z,paymentservice,frontend,0,0,0,0,0
2026-09-11T13:17:06Z,paymentservice,kubernetes,0,0,0,0,0
2026-09-11T13:17:06Z,paymentservice,paymentservice,0,0,0,0,0
2026-09-11T13:17:06Z,paymentservice,productcatalogservice,0,0,0,0,0
2026-09-11T13:17:06Z,paymentservice,recommendationservice,0,0,0,0,0
2026-09-11T13:17:06Z,paymentservice,redis-cart,0,0,0,0,0
2026-09-11T13:17:06Z,paymentservice,shippingservice,0,0,0,0,0
2026-09-11T13:17:06Z,productcatalogservice,adservice,0,0,0,0,0
2026-09-11T13:17:06Z,productcatalogservice,cartservice,0,0,0,0,0
2026-09-11T13:17:06Z,productcatalogservice,checkoutservice,0,0,0,0,0
2026-09-11T13:17:06Z,productcatalogservice,currencyservice,0,0,0,0,0
2026-09-11T13:17:06Z,productcatalogservice,emailservice,0,0,0,0,0
2026-09-11T13:17:06Z,productcatalogservice,frontend,0,0,0,0,0
2026-09-11T13:17:06Z,productcatalogservice,kubernetes,0,0,0,0,0
2026-09-11T13:17:06Z,productcatalogservice,paymentservice,0,0,0,0,0
2026-09-11T13:17:06Z,productcatalogservice,productcatalogservice,0,0,0,0,0
2026-09-11T13:17:06Z,productcatalogservice,recommendationservice,0,0,0,0,0
2026-09-11T13:17:06Z,productcatalogservice,redis-cart,0,0,0,0,0
2026-09-11T13:17:06Z,productcatalogservice,shippingservice,0,0,0,0,0
2026-09-11T13:17:06Z,recommendationservice,adservice,0,0,0,0,0
2026-09-11T13:17:06Z,recommendationservice,cartservice,0,0,0,0,0
2026-09-11T13:17:06Z,recommendationservice,checkoutservice,0,0,0,0,0
2026-09-11T13:17:06Z,recommendationservice,currencyservice,0,0,0,0,0
2026-09-11T13:17:06Z,recommendationservice,emailservice,0,0,0,0,0
2026-09-11T13:17:06Z,recommendationservice,frontend,0,0,0,0,0
2026-09-11T13:17:06Z,recommendationservice,kubernetes,0,0,0,0,0
2026-09-11T13:17:06Z,recommendationservice,paymentservice,0,0,0,0,0
2026-09-11T13:17:06Z,recommendationservice,productcatalogservice,154871,154871,0,0,0
2026-09-11T13:17:06Z,recommendationservice,recommendationservice,0,0,0,0,0
2026-09-11T13:17:06Z,recommendationservice,redis-cart,0,0,0,0,0
2026-09-11T13:17:06Z,recommendationservice,shippingservice,0,0,0,0,0
2026-09-11T13:17:06Z,redis-cart,adservice,0,0,0,0,0
2026-09-11T13:17:06Z,redis-cart,cartservice,0,0,0,0,0
2026-09-11T13:17:06Z,redis-cart,checkoutservice,0,0,0,0,0
2026-09-11T13:17:06Z,redis-cart,currencyservice,0,0,0,0,0
2026-09-11T13:17:06Z,redis-cart,emailservice,0,0,0,0,0
2026-09-11T13:17:06Z,redis-cart,frontend,0,0,0,0,0
2026-09-11T13:17:06Z,redis-cart,kubernetes,0,0,0,0,0
2026-09-11T13:17:06Z,redis-cart,paymentservice,0,0,0,0,0
2026-09-11T13:17:06Z,redis-cart,productcatalogservice,0,0,0,0,0
2026-09-11T13:17:06Z,redis-cart,recommendationservice,0,0,0,0,0
2026-09-11T13:17:06Z,redis-cart,redis-cart,0,0,0,0,0
2026-09-11T13:17:06Z,redis-cart,shippingservice,0,0,0,0,0
2026-09-11T13:17:06Z,shippingservice,adservice,0,0,0,0,0
2026-09-11T13:17:06Z,shippingservice,cartservice,0,0,0,0,0
2026-09-11T13:17:06Z,shippingservice,checkoutservice,0,0,0,0,0
2026-09-11T13:17:06Z,shippingservice,currencyservice,0,0,0,0,0
2026-09-11T13:17:06Z,shippingservice,emailservice,0,0,0,0,0
2026-09-11T13:17:06Z,shippingservice,frontend,0,0,0,0,0
2026-09-11T13:17:06Z,shippingservice,kubernetes,0,0,0,0,0
2026-09-11T13:17:06Z,shippingservice,paymentservice,0,0,0,0,0
2026-09-11T13:17:06Z,shippingservice,productcatalogservice,0,0,0,0,0
2026-09-11T13:17:06Z,shippingservice,recommendationservice,0,0,0,0,0
2026-09-11T13:17:06Z,shippingservice,redis-cart,0,0,0,0,0
2026-09-11T13:17:06Z,shippingservice,shippingservice,0,0,0,0,0
2026-09-11T13:17:09Z,adservice,adservice,0,0,0,0,0
2026-09-11T13:17:09Z,adservice,cartservice,0,0,0,0,0
2026-09-11T13:17:09Z,adservice,checkoutservice,0,0,0,0,0
2026-09-11T13:17:09Z,adservice,currencyservice,0,0,0,0,0
2026-09-11T13:17:09Z,adservice,emailservice,0,0,0,0,0
2026-09-11T13:17:09Z,adservice,frontend,0,0,0,0,0
2026-09-11T13:17:09Z,adservice,kubernetes,0,0,0,0,0
2026-09-11T13:17:09Z,adservice,paymentservice,0,0,0,0,0
2026-09-11T13:17:09Z,adservice,productcatalogservice,0,0,0,0,0
2026-09-11T13:17:09Z,adservice,recommendationservice,0,0,0,0,0
2026-09-11T13:17:09Z,adservice,redis-cart,0,0,0,0,0
2026-09-11T13:17:09Z,adservice,shippingservice,0,0,0,0,0
2026-09-11T13:17:09Z,cartservice,adservice,0,0,0,0,0
2026-09-11T13:17:09Z,cartservice,cartservice,0,0,0,0,0
2026-09-11T13:17:09Z,cartservice,checkoutservice,0,0,0,0,0
2026-09-11T13:17:09Z,cartservice,currencyservice,0,0,0,0,0
2026-09-11T13:17:09Z,cartservice,emailservice,0,0,0,0,0
2026-09-11T13:17:09Z,cartservice,frontend,0,0,0,0,0
2026-09-11T13:17:09Z,cartservice,kubernetes,0,0,0,0,0
2026-09-11T13:17:09Z,cartservice,paymentservice,0,0,0,0,0
2026-09-11T13:17:09Z,cartservice,productcatalogservice,0,0,0,0,0
2026-09-11T13:17:09Z,cartservice,recommendationservice,0,0,0,0,0
2026-09-11T13:17:09Z,cartservice,redis-cart,2,0,0,0,0
2026-09-11T13:17:09Z,cartservice,shippingservice,0,0,0,0,0
2026-09-11T13:17:09Z,checkoutservice,adservice,0,0,0,0,0
2026-09-11T13:17:09Z,checkoutservice,cartservice,19624,19624,0,0,0
2026-09-11T13:17:09Z,checkoutservice,checkoutservice,0,0,0,0,0
2026-09-11T13:17:09Z,checkoutservice,currencyservice,9812,9812,0,0,0
2026-09-11T13:17:09Z,checkoutservice,emailservice,9812,9812,0,0,0
2026-09-11T13:17:09Z,checkoutservice,frontend,0,0,0,0,0
2026-09-11T13:17:09Z,checkoutservice,kubernetes,0,0,0,0,0
2026-09-11T13:17:09Z,checkoutservice,paymentservice,9812,9812,0,0,0
2026-09-11T13:17:09Z,checkoutservice,productcatalogservice,0,0,0,0,0
2026-09-11T13:17:09Z,checkoutservice,recommendationservice,0,0,0,0,0
2026-09-11T13:17:09Z,checkoutservice,redis-cart,0,0,0,0,0
2026-09-11T13:17:09Z,checkoutservice,shippingservice,19624,19624,0,0,0
2026-09-11T13:17:09Z,currencyservice,adservice,0,0,0,0,0
2026-09-11T13:17:09Z,currencyservice,cartservice,0,0,0,0,0
2026-09-11T13:17:09Z,currencyservice,checkoutservice,0,0,0,0,0
2026-09-11T13:17:09Z,currencyservice,currencyservice,0,0,0,0,0
2026-09-11T13:17:09Z,currencyservice,emailservice,0,0,0,0,0
2026-09-11T13:17:09Z,currencyservice,frontend,0,0,0,0,0
2026-09-11T13:17:09Z,currencyservice,kubernetes,0,0,0,0,0
2026-09-11T13:17:09Z,currencyservice,paymentservice,0,0,0,0,0
2026-09-11T13:17:09Z,currencyservice,productcatalogservice,0,0,0,0,0
2026-09-11T13:17:09Z,currencyservice,recommendationservice,0,0,0,0,0
2026-09-11T13:17:09Z,currencyservice,redis-cart,0,0,0,0,0
2026-09-11T13:17:09Z,currencyservice,shippingservice,0,0,0,0,0
2026-09-11T13:17:09Z,emailservice,adservice,0,0,0,0,0
2026-09-11T13:17:09Z,emailservice,cartservice,0,0,0,0,0
2026-09-11T13:17:09Z,emailservice,checkoutservice,0,0,0,0,0
2026-09-11T13:17:09Z,emailservice,currencyservice,0,0,0,0,0
2026-09-11T13:17:09Z,emailservice,emailservice,0,0,0,0,0
2026-09-11T13:17:09Z,emailservice,frontend,0,0,0,0,0
2026-09-11T13:17:09Z,emailservice,kubernetes,0,0,0,0,0
2026-09-11T13:17:09Z,emailservice,paymentservice,0,0,0,0,0
2026-09-11T13:17:09Z,emailservice,productcatalogservice,0,0,0,0,0
2026-09-11T13:17:09Z,emailservice,recommendationservice,0,0,0,0,0
2026-09-11T13:17:09Z,emailservice,redis-cart,0,0,0,0,0
2026-09-11T13:17:09Z,emailservice,shippingservice,0,0,0,0,0
2026-09-11T13:17:09Z,frontend,adservice,52169,39532,0,479,0
2026-09-11T13:17:09Z,frontend,cartservice,238900,238829,0,0,0
2026-09-11T13:17:09Z,frontend,checkoutservice,9828,9828,0,0,0
2026-09-11T13:17:09Z,frontend,currencyservice,381672,381594,0,0,0
2026-09-11T13:17:09Z,frontend,emailservice,0,0,0,0,0
2026-09-11T13:17:09Z,frontend,frontend,0,0,0,0,0
2026-09-11T13:17:09Z,frontend,kubernetes,0,0,0,0,0
2026-09-11T13:17:09Z,frontend,paymentservice,0,0,0,0,0
2026-09-11T13:17:09Z,frontend,productcatalogservice,953791,953314,0,0,0
2026-09-11T13:17:09Z,frontend,recommendationservice,155388,155375,0,0,0
2026-09-11T13:17:09Z,frontend,redis-cart,0,0,0,0,0
2026-09-11T13:17:09Z,frontend,shippingservice,92919,92918,0,0,0
2026-09-11T13:17:09Z,paymentservice,adservice,0,0,0,0,0
2026-09-11T13:17:09Z,paymentservice,cartservice,0,0,0,0,0
2026-09-11T13:17:09Z,paymentservice,checkoutservice,0,0,0,0,0
2026-09-11T13:17:09Z,paymentservice,currencyservice,0,0,0,0,0
2026-09-11T13:17:09Z,paymentservice,emailservice,0,0,0,0,0
2026-09-11T13:17:09Z,paymentservice,frontend,0,0,0,0,0
2026-09-11T13:17:09Z,paymentservice,kubernetes,0,0,0,0,0
2026-09-11T13:17:09Z,paymentservice,paymentservice,0,0,0,0,0
2026-09-11T13:17:09Z,paymentservice,productcatalogservice,0,0,0,0,0
2026-09-11T13:17:09Z,paymentservice,recommendationservice,0,0,0,0,0
2026-09-11T13:17:09Z,paymentservice,redis-cart,0,0,0,0,0
2026-09-11T13:17:09Z,paymentservice,shippingservice,0,0,0,0,0
2026-09-11T13:17:09Z,productcatalogservice,adservice,0,0,0,0,0
2026-09-11T13:17:09Z,productcatalogservice,cartservice,0,0,0,0,0
2026-09-11T13:17:09Z,productcatalogservice,checkoutservice,0,0,0,0,0
2026-09-11T13:17:09Z,productcatalogservice,currencyservice,0,0,0,0,0
2026-09-11T13:17:09Z,productcatalogservice,emailservice,0,0,0,0,0
2026-09-11T13:17:09Z,productcatalogservice,frontend,0,0,0,0,0
2026-09-11T13:17:09Z,productcatalogservice,kubernetes,0,0,0,0,0
2026-09-11T13:17:09Z,productcatalogservice,paymentservice,0,0,0,0,0
2026-09-11T13:17:09Z,productcatalogservice,productcatalogservice,0,0,0,0,0
2026-09-11T13:17:09Z,productcatalogservice,recommendationservice,0,0,0,0,0
2026-09-11T13:17:09Z,productcatalogservice,redis-cart,0,0,0,0,0
2026-09-11T13:17:09Z,productcatalogservice,shippingservice,0,0,0,0,0
2026-09-11T13:17:09Z,recommendationservice,adservice,0,0,0,0,0
2026-09-11T13:17:09Z,recommendationservice,cartservice,0,0,0,0,0
2026-09-11T13:17:09Z,recommendationservice,checkoutservice,0,0,0,0,0
2026-09-11T13:17:09Z,recommendationservice,currencyservice,0,0,0,0,0
2026-09-11T13:17:09Z,recommendationservice,emailservice,0,0,0,0,0
2026-09-11T13:17:09Z,recommendationservice,frontend,0,0,0,0,0
2026-09-11T13:17:09Z,recommendationservice,kubernetes,0,0,0,0,0
2026-09-11T13:17:09Z,recommendationservice,paymentservice,0,0,0,0,0
2026-09-11T13:17:09Z,recommendationservice,productcatalogservice,155607,155605,0,0,0
2026-09-11T13:17:09Z,recommendationservice,recommendationservice,0,0,0,0,0
2026-09-11T13:17:09Z,recommendationservice,redis-cart,0,0,0,0,0
2026-09-11T13:17:09Z,recommendationservice,shippingservice,0,0,0,0,0
2026-09-11T13:17:09Z,redis-cart,adservice,0,0,0,0,0
2026-09-11T13:17:09Z,redis-cart,cartservice,0,0,0,0,0
2026-09-11T13:17:09Z,redis-cart,checkoutservice,0,0,0,0,0
2026-09-11T13:17:09Z,redis-cart,currencyservice,0,0,0,0,0
2026-09-11T13:17:09Z,redis-cart,emailservice,0,0,0,0,0
2026-09-11T13:17:09Z,redis-cart,frontend,0,0,0,0,0
2026-09-11T13:17:09Z,redis-cart,kubernetes,0,0,0,0,0
2026-09-11T13:17:09Z,redis-cart,paymentservice,0,0,0,0,0
2026-09-11T13:17:09Z,redis-cart,productcatalogservice,0,0,0,0,0
2026-09-11T13:17:09Z,redis-cart,recommendationservice,0,0,0,0,0
2026-09-11T13:17:09Z,redis-cart,redis-cart,0,0,0,0,0
2026-09-11T13:17:09Z,redis-cart,shippingservice,0,0,0,0,0
2026-09-11T13:17:09Z,shippingservice,adservice,0,0,0,0,0
2026-09-11T13:17:09Z,shippingservice,cartservice,0,0,0,0,0
2026-09-11T13:17:09Z,shippingservice,checkoutservice,0,0,0,0,0
2026-09-11T13:17:09Z,shippingservice,currencyservice,0,0,0,0,0
2026-09-11T13:17:09Z,shippingservice,emailservice,0,0,0,0,0
2026-09-11T13:17:09Z,shippingservice,frontend,0,0,0,0,0
2026-09-11T13:17:09Z,shippingservice,kubernetes,0,0,0,0,0
2026-09-11T13:17:09Z,shippingservice,paymentservice,0,0,0,0,0
2026-09-11T13:17:09Z,shippingservice,productcatalogservice,0,0,0,0,0
2026-09-11T13:17:09Z,shippingservice,recommendationservice,0,0,0,0,0
2026-09-11T13:17:09Z,shippingservice,redis-cart,0,0,0,0,0
2026-09-11T13:17:09Z,shippingservice,shippingservice,0,0,0,0,0
2026-09-11T13:17:13Z,adservice,adservice,0,0,0,0,0
2026-09-11T13:17:13Z,adservice,cartservice,0,0,0,0,0
2026-09-11T13:17:13Z,adservice,checkoutservice,0,0,0,0,0
2026-09-11T13:17:13Z,adservice,currencyservice,0,0,0,0,0
2026-09-11T13:17:13Z,adservice,emailservice,0,0,0,0,0
2026-09-11T13:17:13Z,adservice,frontend,0,0,0,0,0
2026-09-11T13:17:13Z,adservice,kubernetes,0,0,0,0,0
2026-09-11T13:17:13Z,adservice,paymentservice,0,0,0,0,0
2026-09-11T13:17:13Z,adservice,productcatalogservice,0,0,0,0,0
2026-09-11T13:17:13Z,adservice,recommendationservice,0,0,0,0,0
2026-09-11T13:17:13Z,adservice,redis-cart,0,0,0,0,0
2026-09-11T13:17:13Z,adservice,shippingservice,0,0,0,0,0
2026-09-11T13:17:13Z,cartservice,adservice,0,0,0,0,0
2026-09-11T13:17:13Z,cartservice,cartservice,0,0,0,0,0
2026-09-11T13:17:13Z,cartservice,checkoutservice,0,0,0,0,0
2026-09-11T13:17:13Z,cartservice,currencyservice,0,0,0,0,0
2026-09-11T13:17:13Z,cartservice,emailservice,0,0,0,0,0
2026-09-11T13:17:13Z,cartservice,frontend,0,0,0,0,0
2026-09-11T13:17:13Z,cartservice,kubernetes,0,0,0,0,0
2026-09-11T13:17:13Z,cartservice,paymentservice,0,0,0,0,0
2026-09-11T13:17:13Z,cartservice,productcatalogservice,0,0,0,0,0
2026-09-11T13:17:13Z,cartservice,recommendationservice,0,0,0,0,0
2026-09-11T13:17:13Z,cartservice,redis-cart,2,0,0,0,0
2026-09-11T13:17:13Z,cartservice,shippingservice,0,0,0,0,0
2026-09-11T13:17:13Z,checkoutservice,adservice,0,0,0,0,0
2026-09-11T13:17:13Z,checkoutservice,cartservice,19740,19740,0,0,0
2026-09-11T13:17:13Z,checkoutservice,checkoutservice,0,0,0,0,0
2026-09-11T13:17:13Z,checkoutservice,currencyservice,9870,9870,0,0,0
2026-09-11T13:17:13Z,checkoutservice,emailservice,9870,9870,0,0,0
2026-09-11T13:17:13Z,checkoutservice,frontend,0,0,0,0,0
2026-09-11T13:17:13Z,checkoutservice,kubernetes,0,0,0,0,0
2026-09-11T13:17:13Z,checkoutservice,paymentservice,9870,9870,0,0,0
2026-09-11T13:17:13Z,checkoutservice,productcatalogservice,0,0,0,0,0
2026-09-11T13:17:13Z,checkoutservice,recommendationservice,0,0,0,0,0
2026-09-11T13:17:13Z,checkoutservice,redis-cart,0,0,0,0,0
2026-09-11T13:17:13Z,checkoutservice,shippingservice,19740,19740,0,0,0
2026-09-11T13:17:13Z,currencyservice,adservice,0,0,0,0,0
2026-09-11T13:17:13Z,currencyservice,cartservice,0,0,0,0,0
2026-09-11T13:17:13Z,currencyservice,checkoutservice,0,0,0,0,0
2026-09-11T13:17:13Z,currencyservice,currencyservice,0,0,0,0,0
2026-09-11T13:17:13Z,currencyservice,emailservice,0,0,0,0,0
2026-09-11T13:17:13Z,currencyservice,frontend,0,0,0,0,0
2026-09-11T13:17:13Z,currencyservice,kubernetes,0,0,0,0,0
2026-09-11T13:17:13Z,currencyservice,paymentservice,0,0,0,0,0
2026-09-11T13:17:13Z,currencyservice,productcatalogservice,0,0,0,0,0
2026-09-11T13:17:13Z,currencyservice,recommendationservice,0,0,0,0,0
2026-09-11T13:17:13Z,currencyservice,redis-cart,0,0,0,0,0
2026-09-11T13:17:13Z,currencyservice,shippingservice,0,0,0,0,0
2026-09-11T13:17:13Z,emailservice,adservice,0,0,0,0,0
2026-09-11T13:17:13Z,emailservice,cartservice,0,0,0,0,0
2026-09-11T13:17:13Z,emailservice,checkoutservice,0,0,0,0,0
2026-09-11T13:17:13Z,emailservice,currencyservice,0,0,0,0,0
2026-09-11T13:17:13Z,emailservice,emailservice,0,0,0,0,0
2026-09-11T13:17:13Z,emailservice,frontend,0,0,0,0,0
2026-09-11T13:17:13Z,emailservice,kubernetes,0,0,0,0,0
2026-09-11T13:17:13Z,emailservice,paymentservice,0,0,0,0,0
2026-09-11T13:17:13Z,emailservice,productcatalogservice,0,0,0,0,0
2026-09-11T13:17:13Z,emailservice,recommendationservice,0,0,0,0,0
2026-09-11T13:17:13Z,emailservice,redis-cart,0,0,0,0,0
2026-09-11T13:17:13Z,emailservice,shippingservice,0,0,0,0,0
2026-09-11T13:17:13Z,frontend,adservice,52458,39821,0,479,0
2026-09-11T13:17:13Z,frontend,cartservice,240210,240132,0,0,0
2026-09-11T13:17:13Z,frontend,checkoutservice,9885,9882,0,0,0
2026-09-11T13:17:13Z,frontend,currencyservice,383822,383734,0,0,0
2026-09-11T13:17:13Z,frontend,emailservice,0,0,0,0,0
2026-09-11T13:17:13Z,frontend,frontend,0,0,0,0,0
2026-09-11T13:17:13Z,frontend,kubernetes,0,0,0,0,0
2026-09-11T13:17:13Z,frontend,paymentservice,0,0,0,0,0
2026-09-11T13:17:13Z,frontend,productcatalogservice,959264,958964,0,0,0
2026-09-11T13:17:13Z,frontend,recommendationservice,156235,156203,0,0,0
2026-09-11T13:17:13Z,frontend,redis-cart,0,0,0,0,0
2026-09-11T13:17:13Z,frontend,shippingservice,93468,93452,0,0,0
2026-09-11T13:17:13Z,paymentservice,adservice,0,0,0,0,0
2026-09-11T13:17:13Z,paymentservice,cartservice,0,0,0,0,0
2026-09-11T13:17:13Z,paymentservice,checkoutservice,0,0,0,0,0
2026-09-11T13:17:13Z,paymentservice,currencyservice,0,0,0,0,0
2026-09-11T13:17:13Z,paymentservice,emailservice,0,0,0,0,0
2026-09-11T13:17:13Z,paymentservice,frontend,0,0,0,0,0
2026-09-11T13:17:13Z,paymentservice,kubernetes,0,0,0,0,0
2026-09-11T13:17:13Z,paymentservice,paymentservice,0,0,0,0,0
2026-09-11T13:17:13Z,paymentservice,productcatalogservice,0,0,0,0,0
2026-09-11T13:17:13Z,paymentservice,recommendationservice,0,0,0,0,0
2026-09-11T13:17:13Z,paymentservice,redis-cart,0,0,0,0,0
2026-09-11T13:17:13Z,paymentservice,shippingservice,0,0,0,0,0
2026-09-11T13:17:13Z,productcatalogservice,adservice,0,0,0,0,0
2026-09-11T13:17:13Z,productcatalogservice,cartservice,0,0,0,0,0
2026-09-11T13:17:13Z,productcatalogservice,checkoutservice,0,0,0,0,0
2026-09-11T13:17:13Z,productcatalogservice,currencyservice,0,0,0,0,0
2026-09-11T13:17:13Z,productcatalogservice,emailservice,0,0,0,0,0
2026-09-11T13:17:13Z,productcatalogservice,frontend,0,0,0,0,0
2026-09-11T13:17:13Z,productcatalogservice,kubernetes,0,0,0,0,0
2026-09-11T13:17:13Z,productcatalogservice,paymentservice,0,0,0,0,0
2026-09-11T13:17:13Z,productcatalogservice,productcatalogservice,0,0,0,0,0
2026-09-11T13:17:13Z,productcatalogservice,recommendationservice,0,0,0,0,0
2026-09-11T13:17:13Z,productcatalogservice,redis-cart,0,0,0,0,0
2026-09-11T13:17:13Z,productcatalogservice,shippingservice,0,0,0,0,0
2026-09-11T13:17:13Z,recommendationservice,adservice,0,0,0,0,0
2026-09-11T13:17:13Z,recommendationservice,cartservice,0,0,0,0,0
2026-09-11T13:17:13Z,recommendationservice,checkoutservice,0,0,0,0,0
2026-09-11T13:17:13Z,recommendationservice,currencyservice,0,0,0,0,0
2026-09-11T13:17:13Z,recommendationservice,emailservice,0,0,0,0,0
2026-09-11T13:17:13Z,recommendationservice,frontend,0,0,0,0,0
2026-09-11T13:17:13Z,recommendationservice,kubernetes,0,0,0,0,0
2026-09-11T13:17:13Z,recommendationservice,paymentservice,0,0,0,0,0
2026-09-11T13:17:13Z,recommendationservice,productcatalogservice,156482,156479,0,0,0
2026-09-11T13:17:13Z,recommendationservice,recommendationservice,0,0,0,0,0
2026-09-11T13:17:13Z,recommendationservice,redis-cart,0,0,0,0,0
2026-09-11T13:17:13Z,recommendationservice,shippingservice,0,0,0,0,0
2026-09-11T13:17:13Z,redis-cart,adservice,0,0,0,0,0
2026-09-11T13:17:13Z,redis-cart,cartservice,0,0,0,0,0
2026-09-11T13:17:13Z,redis-cart,checkoutservice,0,0,0,0,0
2026-09-11T13:17:13Z,redis-cart,currencyservice,0,0,0,0,0
2026-09-11T13:17:13Z,redis-cart,emailservice,0,0,0,0,0
2026-09-11T13:17:13Z,redis-cart,frontend,0,0,0,0,0
2026-09-11T13:17:13Z,redis-cart,kubernetes,0,0,0,0,0
2026-09-11T13:17:13Z,redis-cart,paymentservice,0,0,0,0,0
2026-09-11T13:17:13Z,redis-cart,productcatalogservice,0,0,0,0,0
2026-09-11T13:17:13Z,redis-cart,recommendationservice,0,0,0,0,0
2026-09-11T13:17:13Z,redis-cart,redis-cart,0,0,0,0,0
2026-09-11T13:17:13Z,redis-cart,shippingservice,0,0,0,0,0
2026-09-11T13:17:13Z,shippingservice,adservice,0,0,0,0,0
2026-09-11T13:17:13Z,shippingservice,cartservice,0,0,0,0,0
2026-09-11T13:17:13Z,shippingservice,checkoutservice,0,0,0,0,0
2026-09-11T13:17:13Z,shippingservice,currencyservice,0,0,0,0,0
2026-09-11T13:17:13Z,shippingservice,emailservice,0,0,0,0,0
2026-09-11T13:17:13Z,shippingservice,frontend,0,0,0,0,0
2026-09-11T13:17:13Z,shippingservice,kubernetes,0,0,0,0,0
2026-09-11T13:17:13Z,shippingservice,paymentservice,0,0,0,0,0
2026-09-11T13:17:13Z,shippingservice,productcatalogservice,0,0,0,0,0
2026-09-11T13:17:13Z,shippingservice,recommendationservice,0,0,0,0,0
2026-09-11T13:17:13Z,shippingservice,redis-cart,0,0,0,0,0
2026-09-11T13:17:13Z,shippingservice,shippingservice,0,0,0,0,0
2026-09-11T13:17:16Z,adservice,adservice,0,0,0,0,0
2026-09-11T13:17:16Z,adservice,cartservice,0,0,0,0,0
2026-09-11T13:17:16Z,adservice,checkoutservice,0,0,0,0,0
2026-09-11T13:17:16Z,adservice,currencyservice,0,0,0,0,0
2026-09-11T13:17:16Z,adservice,emailservice,0,0,0,0,0
2026-09-11T13:17:16Z,adservice,frontend,0,0,0,0,0
2026-09-11T13:17:16Z,adservice,kubernetes,0,0,0,0,0
2026-09-11T13:17:16Z,adservice,paymentservice,0,0,0,0,0
2026-09-11T13:17:16Z,adservice,productcatalogservice,0,0,0,0,0
2026-09-11T13:17:16Z,adservice,recommendationservice,0,0,0,0,0
2026-09-11T13:17:16Z,adservice,redis-cart,0,0,0,0,0
2026-09-11T13:17:16Z,adservice,shippingservice,0,0,0,0,0
2026-09-11T13:17:16Z,cartservice,adservice,0,0,0,0,0
2026-09-11T13:17:16Z,cartservice,cartservice,0,0,0,0,0
2026-09-11T13:17:16Z,cartservice,checkoutservice,0,0,0,0,0
2026-09-11T13:17:16Z,cartservice,currencyservice,0,0,0,0,0
2026-09-11T13:17:16Z,cartservice,emailservice,0,0,0,0,0
2026-09-11T13:17:16Z,cartservice,frontend,0,0,0,0,0
2026-09-11T13:17:16Z,cartservice,kubernetes,0,0,0,0,0
2026-09-11T13:17:16Z,cartservice,paymentservice,0,0,0,0,0
2026-09-11T13:17:16Z,cartservice,productcatalogservice,0,0,0,0,0
2026-09-11T13:17:16Z,cartservice,recommendationservice,0,0,0,0,0
2026-09-11T13:17:16Z,cartservice,redis-cart,2,0,0,0,0
2026-09-11T13:17:16Z,cartservice,shippingservice,0,0,0,0,0
2026-09-11T13:17:16Z,checkoutservice,adservice,0,0,0,0,0
2026-09-11T13:17:16Z,checkoutservice,cartservice,19838,19838,0,0,0
2026-09-11T13:17:16Z,checkoutservice,checkoutservice,0,0,0,0,0
2026-09-11T13:17:16Z,checkoutservice,currencyservice,9919,9919,0,0,0
2026-09-11T13:17:16Z,checkoutservice,emailservice,9919,9917,0,0,0
2026-09-11T13:17:16Z,checkoutservice,frontend,0,0,0,0,0
2026-09-11T13:17:16Z,checkoutservice,kubernetes,0,0,0,0,0
2026-09-11T13:17:16Z,checkoutservice,paymentservice,9919,9919,0,0,0
2026-09-11T13:17:16Z,checkoutservice,productcatalogservice,0,0,0,0,0
2026-09-11T13:17:16Z,checkoutservice,recommendationservice,0,0,0,0,0
2026-09-11T13:17:16Z,checkoutservice,redis-cart,0,0,0,0,0
2026-09-11T13:17:16Z,checkoutservice,shippingservice,19838,19838,0,0,0
2026-09-11T13:17:16Z,currencyservice,adservice,0,0,0,0,0
2026-09-11T13:17:16Z,currencyservice,cartservice,0,0,0,0,0
2026-09-11T13:17:16Z,currencyservice,checkoutservice,0,0,0,0,0
2026-09-11T13:17:16Z,currencyservice,currencyservice,0,0,0,0,0
2026-09-11T13:17:16Z,currencyservice,emailservice,0,0,0,0,0
2026-09-11T13:17:16Z,currencyservice,frontend,0,0,0,0,0
2026-09-11T13:17:16Z,currencyservice,kubernetes,0,0,0,0,0
2026-09-11T13:17:16Z,currencyservice,paymentservice,0,0,0,0,0
2026-09-11T13:17:16Z,currencyservice,productcatalogservice,0,0,0,0,0
2026-09-11T13:17:16Z,currencyservice,recommendationservice,0,0,0,0,0
2026-09-11T13:17:16Z,currencyservice,redis-cart,0,0,0,0,0
2026-09-11T13:17:16Z,currencyservice,shippingservice,0,0,0,0,0
2026-09-11T13:17:16Z,emailservice,adservice,0,0,0,0,0
2026-09-11T13:17:16Z,emailservice,cartservice,0,0,0,0,0
2026-09-11T13:17:16Z,emailservice,checkoutservice,0,0,0,0,0
2026-09-11T13:17:16Z,emailservice,currencyservice,0,0,0,0,0
2026-09-11T13:17:16Z,emailservice,emailservice,0,0,0,0,0
2026-09-11T13:17:16Z,emailservice,frontend,0,0,0,0,0
2026-09-11T13:17:16Z,emailservice,kubernetes,0,0,0,0,0
2026-09-11T13:17:16Z,emailservice,paymentservice,0,0,0,0,0
2026-09-11T13:17:16Z,emailservice,productcatalogservice,0,0,0,0,0
2026-09-11T13:17:16Z,emailservice,recommendationservice,0,0,0,0,0
2026-09-11T13:17:16Z,emailservice,redis-cart,0,0,0,0,0
2026-09-11T13:17:16Z,emailservice,shippingservice,0,0,0,0,0
2026-09-11T13:17:16Z,frontend,adservice,52686,40049,0,479,0
2026-09-11T13:17:16Z,frontend,cartservice,241362,241302,0,0,0
2026-09-11T13:17:16Z,frontend,checkoutservice,9930,9930,0,0,0
2026-09-11T13:17:16Z,frontend,currencyservice,385593,385515,0,0,0
2026-09-11T13:17:16Z,frontend,emailservice,0,0,0,0,0
2026-09-11T13:17:16Z,frontend,frontend,0,0,0,0,0
2026-09-11T13:17:16Z,frontend,kubernetes,0,0,0,0,0
2026-09-11T13:17:16Z,frontend,paymentservice,0,0,0,0,0
2026-09-11T13:17:16Z,frontend,productcatalogservice,963593,963233,0,0,0
2026-09-11T13:17:16Z,frontend,recommendationservice,157008,156944,0,0,0
2026-09-11T13:17:16Z,frontend,redis-cart,0,0,0,0,0
2026-09-11T13:17:16Z,frontend,shippingservice,93852,93851,0,0,0
2026-09-11T13:17:16Z,paymentservice,adservice,0,0,0,0,0
2026-09-11T13:17:16Z,paymentservice,cartservice,0,0,0,0,0
2026-09-11T13:17:16Z,paymentservice,checkoutservice,0,0,0,0,0
2026-09-11T13:17:16Z,paymentservice,currencyservice,0,0,0,0,0
2026-09-11T13:17:16Z,paymentservice,emailservice,0,0,0,0,0
2026-09-11T13:17:16Z,paymentservice,frontend,0,0,0,0,0
2026-09-11T13:17:16Z,paymentservice,kubernetes,0,0,0,0,0
2026-09-11T13:17:16Z,paymentservice,paymentservice,0,0,0,0,0
2026-09-11T13:17:16Z,paymentservice,productcatalogservice,0,0,0,0,0
2026-09-11T13:17:16Z,paymentservice,recommendationservice,0,0,0,0,0
2026-09-11T13:17:16Z,paymentservice,redis-cart,0,0,0,0,0
2026-09-11T13:17:16Z,paymentservice,shippingservice,0,0,0,0,0
2026-09-11T13:17:16Z,productcatalogservice,adservice,0,0,0,0,0
2026-09-11T13:17:16Z,productcatalogservice,cartservice,0,0,0,0,0
2026-09-11T13:17:16Z,productcatalogservice,checkoutservice,0,0,0,0,0
2026-09-11T13:17:16Z,productcatalogservice,currencyservice,0,0,0,0,0
2026-09-11T13:17:16Z,productcatalogservice,emailservice,0,0,0,0,0
2026-09-11T13:17:16Z,productcatalogservice,frontend,0,0,0,0,0
2026-09-11T13:17:16Z,productcatalogservice,kubernetes,0,0,0,0,0
2026-09-11T13:17:16Z,productcatalogservice,paymentservice,0,0,0,0,0
2026-09-11T13:17:16Z,productcatalogservice,productcatalogservice,0,0,0,0,0
2026-09-11T13:17:16Z,productcatalogservice,recommendationservice,0,0,0,0,0
2026-09-11T13:17:16Z,productcatalogservice,redis-cart,0,0,0,0,0
2026-09-11T13:17:16Z,productcatalogservice,shippingservice,0,0,0,0,0
2026-09-11T13:17:16Z,recommendationservice,adservice,0,0,0,0,0
2026-09-11T13:17:16Z,recommendationservice,cartservice,0,0,0,0,0
2026-09-11T13:17:16Z,recommendationservice,checkoutservice,0,0,0,0,0
2026-09-11T13:17:16Z,recommendationservice,currencyservice,0,0,0,0,0
2026-09-11T13:17:16Z,recommendationservice,emailservice,0,0,0,0,0
2026-09-11T13:17:16Z,recommendationservice,frontend,0,0,0,0,0
2026-09-11T13:17:16Z,recommendationservice,kubernetes,0,0,0,0,0
2026-09-11T13:17:16Z,recommendationservice,paymentservice,0,0,0,0,0
2026-09-11T13:17:16Z,recommendationservice,productcatalogservice,157119,157119,0,0,0
2026-09-11T13:17:16Z,recommendationservice,recommendationservice,0,0,0,0,0
2026-09-11T13:17:16Z,recommendationservice,redis-cart,0,0,0,0,0
2026-09-11T13:17:16Z,recommendationservice,shippingservice,0,0,0,0,0
2026-09-11T13:17:16Z,redis-cart,adservice,0,0,0,0,0
2026-09-11T13:17:16Z,redis-cart,cartservice,0,0,0,0,0
2026-09-11T13:17:16Z,redis-cart,checkoutservice,0,0,0,0,0
2026-09-11T13:17:16Z,redis-cart,currencyservice,0,0,0,0,0
2026-09-11T13:17:16Z,redis-cart,emailservice,0,0,0,0,0
2026-09-11T13:17:16Z,redis-cart,frontend,0,0,0,0,0
2026-09-11T13:17:16Z,redis-cart,kubernetes,0,0,0,0,0
2026-09-11T13:17:16Z,redis-cart,paymentservice,0,0,0,0,0
2026-09-11T13:17:16Z,redis-cart,productcatalogservice,0,0,0,0,0
2026-09-11T13:17:16Z,redis-cart,recommendationservice,0,0,0,0,0
2026-09-11T13:17:16Z,redis-cart,redis-cart,0,0,0,0,0
2026-09-11T13:17:16Z,redis-cart,shippingservice,0,0,0,0,0
2026-09-11T13:17:16Z,shippingservice,adservice,0,0,0,0,0
2026-09-11T13:17:16Z,shippingservice,cartservice,0,0,0,0,0
2026-09-11T13:17:16Z,shippingservice,checkoutservice,0,0,0,0,0
2026-09-11T13:17:16Z,shippingservice,currencyservice,0,0,0,0,0
2026-09-11T13:17:16Z,shippingservice,emailservice,0,0,0,0,0
2026-09-11T13:17:16Z,shippingservice,frontend,0,0,0,0,0
2026-09-11T13:17:16Z,shippingservice,kubernetes,0,0,0,0,0
2026-09-11T13:17:16Z,shippingservice,paymentservice,0,0,0,0,0
2026-09-11T13:17:16Z,shippingservice,productcatalogservice,0,0,0,0,0
2026-09-11T13:17:16Z,shippingservice,recommendationservice,0,0,0,0,0
2026-09-11T13:17:16Z,shippingservice,redis-cart,0,0,0,0,0
2026-09-11T13:17:16Z,shippingservice,shippingservice,0,0,0,0,0
2026-09-11T13:17:19Z,adservice,adservice,0,0,0,0,0
2026-09-11T13:17:19Z,adservice,cartservice,0,0,0,0,0
2026-09-11T13:17:19Z,adservice,checkoutservice,0,0,0,0,0
2026-09-11T13:17:19Z,adservice,currencyservice,0,0,0,0,0
2026-09-11T13:17:19Z,adservice,emailservice,0,0,0,0,0
2026-09-11T13:17:19Z,adservice,frontend,0,0,0,0,0
2026-09-11T13:17:19Z,adservice,kubernetes,0,0,0,0,0
2026-09-11T13:17:19Z,adservice,paymentservice,0,0,0,0,0
2026-09-11T13:17:19Z,adservice,productcatalogservice,0,0,0,0,0
2026-09-11T13:17:19Z,adservice,recommendationservice,0,0,0,0,0
2026-09-11T13:17:19Z,adservice,redis-cart,0,0,0,0,0
2026-09-11T13:17:19Z,adservice,shippingservice,0,0,0,0,0
2026-09-11T13:17:19Z,cartservice,adservice,0,0,0,0,0
2026-09-11T13:17:19Z,cartservice,cartservice,0,0,0,0,0
2026-09-11T13:17:19Z,cartservice,checkoutservice,0,0,0,0,0
2026-09-11T13:17:19Z,cartservice,currencyservice,0,0,0,0,0
2026-09-11T13:17:19Z,cartservice,emailservice,0,0,0,0,0
2026-09-11T13:17:19Z,cartservice,frontend,0,0,0,0,0
2026-09-11T13:17:19Z,cartservice,kubernetes,0,0,0,0,0
2026-09-11T13:17:19Z,cartservice,paymentservice,0,0,0,0,0
2026-09-11T13:17:19Z,cartservice,productcatalogservice,0,0,0,0,0
2026-09-11T13:17:19Z,cartservice,recommendationservice,0,0,0,0,0
2026-09-11T13:17:19Z,cartservice,redis-cart,2,0,0,0,0
2026-09-11T13:17:19Z,cartservice,shippingservice,0,0,0,0,0
2026-09-11T13:17:19Z,checkoutservice,adservice,0,0,0,0,0
2026-09-11T13:17:19Z,checkoutservice,cartservice,19906,19906,0,0,0
2026-09-11T13:17:19Z,checkoutservice,checkoutservice,0,0,0,0,0
2026-09-11T13:17:19Z,checkoutservice,currencyservice,9953,9953,0,0,0
2026-09-11T13:17:19Z,checkoutservice,emailservice,9953,9953,0,0,0
2026-09-11T13:17:19Z,checkoutservice,frontend,0,0,0,0,0
2026-09-11T13:17:19Z,checkoutservice,kubernetes,0,0,0,0,0
2026-09-11T13:17:19Z,checkoutservice,paymentservice,9953,9953,0,0,0
2026-09-11T13:17:19Z,checkoutservice,productcatalogservice,0,0,0,0,0
2026-09-11T13:17:19Z,checkoutservice,recommendationservice,0,0,0,0,0
2026-09-11T13:17:19Z,checkoutservice,redis-cart,0,0,0,0,0
2026-09-11T13:17:19Z,checkoutservice,shippingservice,19906,19906,0,0,0
2026-09-11T13:17:19Z,currencyservice,adservice,0,0,0,0,0
2026-09-11T13:17:19Z,currencyservice,cartservice,0,0,0,0,0
2026-09-11T13:17:19Z,currencyservice,checkoutservice,0,0,0,0,0
2026-09-11T13:17:19Z,currencyservice,currencyservice,0,0,0,0,0
2026-09-11T13:17:19Z,currencyservice,emailservice,0,0,0,0,0
2026-09-11T13:17:19Z,currencyservice,frontend,0,0,0,0,0
2026-09-11T13:17:19Z,currencyservice,kubernetes,0,0,0,0,0
2026-09-11T13:17:19Z,currencyservice,paymentservice,0,0,0,0,0
2026-09-11T13:17:19Z,currencyservice,productcatalogservice,0,0,0,0,0
2026-09-11T13:17:19Z,currencyservice,recommendationservice,0,0,0,0,0
2026-09-11T13:17:19Z,currencyservice,redis-cart,0,0,0,0,0
2026-09-11T13:17:19Z,currencyservice,shippingservice,0,0,0,0,0
2026-09-11T13:17:19Z,emailservice,adservice,0,0,0,0,0
2026-09-11T13:17:19Z,emailservice,cartservice,0,0,0,0,0
2026-09-11T13:17:19Z,emailservice,checkoutservice,0,0,0,0,0
2026-09-11T13:17:19Z,emailservice,currencyservice,0,0,0,0,0
2026-09-11T13:17:19Z,emailservice,emailservice,0,0,0,0,0
2026-09-11T13:17:19Z,emailservice,frontend,0,0,0,0,0
2026-09-11T13:17:19Z,emailservice,kubernetes,0,0,0,0,0
2026-09-11T13:17:19Z,emailservice,paymentservice,0,0,0,0,0
2026-09-11T13:17:19Z,emailservice,productcatalogservice,0,0,0,0,0
2026-09-11T13:17:19Z,emailservice,recommendationservice,0,0,0,0,0
2026-09-11T13:17:19Z,emailservice,redis-cart,0,0,0,0,0
2026-09-11T13:17:19Z,emailservice,shippingservice,0,0,0,0,0
2026-09-11T13:17:19Z,frontend,adservice,52928,40291,0,479,0
2026-09-11T13:17:19Z,frontend,cartservice,242370,242292,0,0,0
2026-09-11T13:17:19Z,frontend,checkoutservice,9972,9972,0,0,0
2026-09-11T13:17:19Z,frontend,currencyservice,387281,387192,0,0,0
2026-09-11T13:17:19Z,frontend,emailservice,0,0,0,0,0
2026-09-11T13:17:19Z,frontend,frontend,0,0,0,0,0
2026-09-11T13:17:19Z,frontend,kubernetes,0,0,0,0,0
2026-09-11T13:17:19Z,frontend,paymentservice,0,0,0,0,0
2026-09-11T13:17:19Z,frontend,productcatalogservice,967840,967506,0,0,0
2026-09-11T13:17:19Z,frontend,recommendationservice,157663,157631,0,0,0
2026-09-11T13:17:19Z,frontend,redis-cart,0,0,0,0,0
2026-09-11T13:17:19Z,frontend,shippingservice,94323,94275,0,0,0
2026-09-11T13:17:19Z,paymentservice,adservice,0,0,0,0,0
2026-09-11T13:17:19Z,paymentservice,cartservice,0,0,0,0,0
2026-09-11T13:17:19Z,paymentservice,checkoutservice,0,0,0,0,0
2026-09-11T13:17:19Z,paymentservice,currencyservice,0,0,0,0,0
2026-09-11T13:17:19Z,paymentservice,emailservice,0,0,0,0,0
2026-09-11T13:17:19Z,paymentservice,frontend,0,0,0,0,0
2026-09-11T13:17:19Z,paymentservice,kubernetes,0,0,0,0,0
2026-09-11T13:17:19Z,paymentservice,paymentservice,0,0,0,0,0
2026-09-11T13:17:19Z,paymentservice,productcatalogservice,0,0,0,0,0
2026-09-11T13:17:19Z,paymentservice,recommendationservice,0,0,0,0,0
2026-09-11T13:17:19Z,paymentservice,redis-cart,0,0,0,0,0
2026-09-11T13:17:19Z,paymentservice,shippingservice,0,0,0,0,0
2026-09-11T13:17:19Z,productcatalogservice,adservice,0,0,0,0,0
2026-09-11T13:17:19Z,productcatalogservice,cartservice,0,0,0,0,0
2026-09-11T13:17:19Z,productcatalogservice,checkoutservice,0,0,0,0,0
2026-09-11T13:17:19Z,productcatalogservice,currencyservice,0,0,0,0,0
2026-09-11T13:17:19Z,productcatalogservice,emailservice,0,0,0,0,0
2026-09-11T13:17:19Z,productcatalogservice,frontend,0,0,0,0,0
2026-09-11T13:17:19Z,productcatalogservice,kubernetes,0,0,0,0,0
2026-09-11T13:17:19Z,productcatalogservice,paymentservice,0,0,0,0,0
2026-09-11T13:17:19Z,productcatalogservice,productcatalogservice,0,0,0,0,0
2026-09-11T13:17:19Z,productcatalogservice,recommendationservice,0,0,0,0,0
2026-09-11T13:17:19Z,productcatalogservice,redis-cart,0,0,0,0,0
2026-09-11T13:17:19Z,productcatalogservice,shippingservice,0,0,0,0,0
2026-09-11T13:17:19Z,recommendationservice,adservice,0,0,0,0,0
2026-09-11T13:17:19Z,recommendationservice,cartservice,0,0,0,0,0
2026-09-11T13:17:19Z,recommendationservice,checkoutservice,0,0,0,0,0
2026-09-11T13:17:19Z,recommendationservice,currencyservice,0,0,0,0,0
2026-09-11T13:17:19Z,recommendationservice,emailservice,0,0,0,0,0
2026-09-11T13:17:19Z,recommendationservice,frontend,0,0,0,0,0
2026-09-11T13:17:19Z,recommendationservice,kubernetes,0,0,0,0,0
2026-09-11T13:17:19Z,recommendationservice,paymentservice,0,0,0,0,0
2026-09-11T13:17:19Z,recommendationservice,productcatalogservice,157880,157880,0,0,0
2026-09-11T13:17:19Z,recommendationservice,recommendationservice,0,0,0,0,0
2026-09-11T13:17:19Z,recommendationservice,redis-cart,0,0,0,0,0
2026-09-11T13:17:19Z,recommendationservice,shippingservice,0,0,0,0,0
2026-09-11T13:17:19Z,redis-cart,adservice,0,0,0,0,0
2026-09-11T13:17:19Z,redis-cart,cartservice,0,0,0,0,0
2026-09-11T13:17:19Z,redis-cart,checkoutservice,0,0,0,0,0
2026-09-11T13:17:19Z,redis-cart,currencyservice,0,0,0,0,0
2026-09-11T13:17:19Z,redis-cart,emailservice,0,0,0,0,0
2026-09-11T13:17:19Z,redis-cart,frontend,0,0,0,0,0
2026-09-11T13:17:19Z,redis-cart,kubernetes,0,0,0,0,0
2026-09-11T13:17:19Z,redis-cart,paymentservice,0,0,0,0,0
2026-09-11T13:17:19Z,redis-cart,productcatalogservice,0,0,0,0,0
2026-09-11T13:17:19Z,redis-cart,recommendationservice,0,0,0,0,0
2026-09-11T13:17:19Z,redis-cart,redis-cart,0,0,0,0,0
2026-09-11T13:17:19Z,redis-cart,shippingservice,0,0,0,0,0
2026-09-11T13:17:19Z,shippingservice,adservice,0,0,0,0,0
2026-09-11T13:17:19Z,shippingservice,cartservice,0,0,0,0,0
2026-09-11T13:17:19Z,shippingservice,checkoutservice,0,0,0,0,0
2026-09-11T13:17:19Z,shippingservice,currencyservice,0,0,0,0,0
2026-09-11T13:17:19Z,shippingservice,emailservice,0,0,0,0,0
2026-09-11T13:17:19Z,shippingservice,frontend,0,0,0,0,0
2026-09-11T13:17:19Z,shippingservice,kubernetes,0,0,0,0,0
2026-09-11T13:17:19Z,shippingservice,paymentservice,0,0,0,0,0
2026-09-11T13:17:19Z,shippingservice,productcatalogservice,0,0,0,0,0
2026-09-11T13:17:19Z,shippingservice,recommendationservice,0,0,0,0,0
2026-09-11T13:17:19Z,shippingservice,redis-cart,0,0,0,0,0
2026-09-11T13:17:19Z,shippingservice,shippingservice,0,0,0,0,0
2026-09-11T13:17:22Z,adservice,adservice,0,0,0,0,0
2026-09-11T13:17:22Z,adservice,cartservice,0,0,0,0,0
2026-09-11T13:17:22Z,adservice,checkoutservice,0,0,0,0,0
2026-09-11T13:17:22Z,adservice,currencyservice,0,0,0,0,0
2026-09-11T13:17:22Z,adservice,emailservice,0,0,0,0,0
2026-09-11T13:17:22Z,adservice,frontend,0,0,0,0,0
2026-09-11T13:17:22Z,adservice,kubernetes,0,0,0,0,0
2026-09-11T13:17:22Z,adservice,paymentservice,0,0,0,0,0
2026-09-11T13:17:22Z,adservice,productcatalogservice,0,0,0,0,0
2026-09-11T13:17:22Z,adservice,recommendationservice,0,0,0,0,0
2026-09-11T13:17:22Z,adservice,redis-cart,0,0,0,0,0
2026-09-11T13:17:22Z,adservice,shippingservice,0,0,0,0,0
2026-09-11T13:17:22Z,cartservice,adservice,0,0,0,0,0
2026-09-11T13:17:22Z,cartservice,cartservice,0,0,0,0,0
2026-09-11T13:17:22Z,cartservice,checkoutservice,0,0,0,0,0
2026-09-11T13:17:22Z,cartservice,currencyservice,0,0,0,0,0
2026-09-11T13:17:22Z,cartservice,emailservice,0,0,0,0,0
2026-09-11T13:17:22Z,cartservice,frontend,0,0,0,0,0
2026-09-11T13:17:22Z,cartservice,kubernetes,0,0,0,0,0
2026-09-11T13:17:22Z,cartservice,paymentservice,0,0,0,0,0
2026-09-11T13:17:22Z,cartservice,productcatalogservice,0,0,0,0,0
2026-09-11T13:17:22Z,cartservice,recommendationservice,0,0,0,0,0
2026-09-11T13:17:22Z,cartservice,redis-cart,2,0,0,0,0
2026-09-11T13:17:22Z,cartservice,shippingservice,0,0,0,0,0
2026-09-11T13:17:22Z,checkoutservice,adservice,0,0,0,0,0
2026-09-11T13:17:22Z,checkoutservice,cartservice,20014,20014,0,0,0
2026-09-11T13:17:22Z,checkoutservice,checkoutservice,0,0,0,0,0
2026-09-11T13:17:22Z,checkoutservice,currencyservice,10007,10007,0,0,0
2026-09-11T13:17:22Z,checkoutservice,emailservice,10007,10007,0,0,0
2026-09-11T13:17:22Z,checkoutservice,frontend,0,0,0,0,0
2026-09-11T13:17:22Z,checkoutservice,kubernetes,0,0,0,0,0
2026-09-11T13:17:22Z,checkoutservice,paymentservice,10007,10007,0,0,0
2026-09-11T13:17:22Z,checkoutservice,productcatalogservice,0,0,0,0,0
2026-09-11T13:17:22Z,checkoutservice,recommendationservice,0,0,0,0,0
2026-09-11T13:17:22Z,checkoutservice,redis-cart,0,0,0,0,0
2026-09-11T13:17:22Z,checkoutservice,shippingservice,20014,20014,0,0,0
2026-09-11T13:17:22Z,currencyservice,adservice,0,0,0,0,0
2026-09-11T13:17:22Z,currencyservice,cartservice,0,0,0,0,0
2026-09-11T13:17:22Z,currencyservice,checkoutservice,0,0,0,0,0
2026-09-11T13:17:22Z,currencyservice,currencyservice,0,0,0,0,0
2026-09-11T13:17:22Z,currencyservice,emailservice,0,0,0,0,0
2026-09-11T13:17:22Z,currencyservice,frontend,0,0,0,0,0
2026-09-11T13:17:22Z,currencyservice,kubernetes,0,0,0,0,0
2026-09-11T13:17:22Z,currencyservice,paymentservice,0,0,0,0,0
2026-09-11T13:17:22Z,currencyservice,productcatalogservice,0,0,0,0,0
2026-09-11T13:17:22Z,currencyservice,recommendationservice,0,0,0,0,0
2026-09-11T13:17:22Z,currencyservice,redis-cart,0,0,0,0,0
2026-09-11T13:17:22Z,currencyservice,shippingservice,0,0,0,0,0
2026-09-11T13:17:22Z,emailservice,adservice,0,0,0,0,0
2026-09-11T13:17:22Z,emailservice,cartservice,0,0,0,0,0
2026-09-11T13:17:22Z,emailservice,checkoutservice,0,0,0,0,0
2026-09-11T13:17:22Z,emailservice,currencyservice,0,0,0,0,0
2026-09-11T13:17:22Z,emailservice,emailservice,0,0,0,0,0
2026-09-11T13:17:22Z,emailservice,frontend,0,0,0,0,0
2026-09-11T13:17:22Z,emailservice,kubernetes,0,0,0,0,0
2026-09-11T13:17:22Z,emailservice,paymentservice,0,0,0,0,0
2026-09-11T13:17:22Z,emailservice,productcatalogservice,0,0,0,0,0
2026-09-11T13:17:22Z,emailservice,recommendationservice,0,0,0,0,0
2026-09-11T13:17:22Z,emailservice,redis-cart,0,0,0,0,0
2026-09-11T13:17:22Z,emailservice,shippingservice,0,0,0,0,0
2026-09-11T13:17:22Z,frontend,adservice,53169,40532,0,479,0
2026-09-11T13:17:22Z,frontend,cartservice,243463,243433,0,0,0
2026-09-11T13:17:22Z,frontend,checkoutservice,10016,10016,0,0,0
2026-09-11T13:17:22Z,frontend,currencyservice,389131,389050,0,0,0
2026-09-11T13:17:22Z,frontend,emailservice,0,0,0,0,0
2026-09-11T13:17:22Z,frontend,frontend,0,0,0,0,0
2026-09-11T13:17:22Z,frontend,kubernetes,0,0,0,0,0
2026-09-11T13:17:22Z,frontend,paymentservice,0,0,0,0,0
2026-09-11T13:17:22Z,frontend,productcatalogservice,972401,971977,0,0,0
2026-09-11T13:17:22Z,frontend,recommendationservice,158421,158395,0,0,0
2026-09-11T13:17:22Z,frontend,redis-cart,0,0,0,0,0
2026-09-11T13:17:22Z,frontend,shippingservice,94738,94738,0,0,0
2026-09-11T13:17:22Z,paymentservice,adservice,0,0,0,0,0
2026-09-11T13:17:22Z,paymentservice,cartservice,0,0,0,0,0
2026-09-11T13:17:22Z,paymentservice,checkoutservice,0,0,0,0,0
2026-09-11T13:17:22Z,paymentservice,currencyservice,0,0,0,0,0
2026-09-11T13:17:22Z,paymentservice,emailservice,0,0,0,0,0
2026-09-11T13:17:22Z,paymentservice,frontend,0,0,0,0,0
2026-09-11T13:17:22Z,paymentservice,kubernetes,0,0,0,0,0
2026-09-11T13:17:22Z,paymentservice,paymentservice,0,0,0,0,0
2026-09-11T13:17:22Z,paymentservice,productcatalogservice,0,0,0,0,0
2026-09-11T13:17:22Z,paymentservice,recommendationservice,0,0,0,0,0
2026-09-11T13:17:22Z,paymentservice,redis-cart,0,0,0,0,0
2026-09-11T13:17:22Z,paymentservice,shippingservice,0,0,0,0,0
2026-09-11T13:17:22Z,productcatalogservice,adservice,0,0,0,0,0
2026-09-11T13:17:22Z,productcatalogservice,cartservice,0,0,0,0,0
2026-09-11T13:17:22Z,productcatalogservice,checkoutservice,0,0,0,0,0
2026-09-11T13:17:22Z,productcatalogservice,currencyservice,0,0,0,0,0
2026-09-11T13:17:22Z,productcatalogservice,emailservice,0,0,0,0,0
2026-09-11T13:17:22Z,productcatalogservice,frontend,0,0,0,0,0
2026-09-11T13:17:22Z,productcatalogservice,kubernetes,0,0,0,0,0
2026-09-11T13:17:22Z,productcatalogservice,paymentservice,0,0,0,0,0
2026-09-11T13:17:22Z,productcatalogservice,productcatalogservice,0,0,0,0,0
2026-09-11T13:17:22Z,productcatalogservice,recommendationservice,0,0,0,0,0
2026-09-11T13:17:22Z,productcatalogservice,redis-cart,0,0,0,0,0
2026-09-11T13:17:22Z,productcatalogservice,shippingservice,0,0,0,0,0
2026-09-11T13:17:22Z,recommendationservice,adservice,0,0,0,0,0
2026-09-11T13:17:22Z,recommendationservice,cartservice,0,0,0,0,0
2026-09-11T13:17:22Z,recommendationservice,checkoutservice,0,0,0,0,0
2026-09-11T13:17:22Z,recommendationservice,currencyservice,0,0,0,0,0
2026-09-11T13:17:22Z,recommendationservice,emailservice,0,0,0,0,0
2026-09-11T13:17:22Z,recommendationservice,frontend,0,0,0,0,0
2026-09-11T13:17:22Z,recommendationservice,kubernetes,0,0,0,0,0
2026-09-11T13:17:22Z,recommendationservice,paymentservice,0,0,0,0,0
2026-09-11T13:17:22Z,recommendationservice,productcatalogservice,158618,158617,0,0,0
2026-09-11T13:17:22Z,recommendationservice,recommendationservice,0,0,0,0,0
2026-09-11T13:17:22Z,recommendationservice,redis-cart,0,0,0,0,0
2026-09-11T13:17:22Z,recommendationservice,shippingservice,0,0,0,0,0
2026-09-11T13:17:22Z,redis-cart,adservice,0,0,0,0,0
2026-09-11T13:17:22Z,redis-cart,cartservice,0,0,0,0,0
2026-09-11T13:17:22Z,redis-cart,checkoutservice,0,0,0,0,0
2026-09-11T13:17:22Z,redis-cart,currencyservice,0,0,0,0,0
2026-09-11T13:17:22Z,redis-cart,emailservice,0,0,0,0,0
2026-09-11T13:17:22Z,redis-cart,frontend,0,0,0,0,0
2026-09-11T13:17:22Z,redis-cart,kubernetes,0,0,0,0,0
2026-09-11T13:17:22Z,redis-cart,paymentservice,0,0,0,0,0
2026-09-11T13:17:22Z,redis-cart,productcatalogservice,0,0,0,0,0
2026-09-11T13:17:22Z,redis-cart,recommendationservice,0,0,0,0,0
2026-09-11T13:17:22Z,redis-cart,redis-cart,0,0,0,0,0
2026-09-11T13:17:22Z,redis-cart,shippingservice,0,0,0,0,0
2026-09-11T13:17:22Z,shippingservice,adservice,0,0,0,0,0
2026-09-11T13:17:22Z,shippingservice,cartservice,0,0,0,0,0
2026-09-11T13:17:22Z,shippingservice,checkoutservice,0,0,0,0,0
2026-09-11T13:17:22Z,shippingservice,currencyservice,0,0,0,0,0
2026-09-11T13:17:22Z,shippingservice,emailservice,0,0,0,0,0
2026-09-11T13:17:22Z,shippingservice,frontend,0,0,0,0,0
2026-09-11T13:17:22Z,shippingservice,kubernetes,0,0,0,0,0
2026-09-11T13:17:22Z,shippingservice,paymentservice,0,0,0,0,0
2026-09-11T13:17:22Z,shippingservice,productcatalogservice,0,0,0,0,0
2026-09-11T13:17:22Z,shippingservice,recommendationservice,0,0,0,0,0
2026-09-11T13:17:22Z,shippingservice,redis-cart,0,0,0,0,0
2026-09-11T13:17:22Z,shippingservice,shippingservice,0,0,0,0,0
2026-09-11T13:17:26Z,adservice,adservice,0,0,0,0,0
2026-09-11T13:17:26Z,adservice,cartservice,0,0,0,0,0
2026-09-11T13:17:26Z,adservice,checkoutservice,0,0,0,0,0
2026-09-11T13:17:26Z,adservice,currencyservice,0,0,0,0,0
2026-09-11T13:17:26Z,adservice,emailservice,0,0,0,0,0
2026-09-11T13:17:26Z,adservice,frontend,0,0,0,0,0
2026-09-11T13:17:26Z,adservice,kubernetes,0,0,0,0,0
2026-09-11T13:17:26Z,adservice,paymentservice,0,0,0,0,0
2026-09-11T13:17:26Z,adservice,productcatalogservice,0,0,0,0,0
2026-09-11T13:17:26Z,adservice,recommendationservice,0,0,0,0,0
2026-09-11T13:17:26Z,adservice,redis-cart,0,0,0,0,0
2026-09-11T13:17:26Z,adservice,shippingservice,0,0,0,0,0
2026-09-11T13:17:26Z,cartservice,adservice,0,0,0,0,0
2026-09-11T13:17:26Z,cartservice,cartservice,0,0,0,0,0
2026-09-11T13:17:26Z,cartservice,checkoutservice,0,0,0,0,0
2026-09-11T13:17:26Z,cartservice,currencyservice,0,0,0,0,0
2026-09-11T13:17:26Z,cartservice,emailservice,0,0,0,0,0
2026-09-11T13:17:26Z,cartservice,frontend,0,0,0,0,0
2026-09-11T13:17:26Z,cartservice,kubernetes,0,0,0,0,0
2026-09-11T13:17:26Z,cartservice,paymentservice,0,0,0,0,0
2026-09-11T13:17:26Z,cartservice,productcatalogservice,0,0,0,0,0
2026-09-11T13:17:26Z,cartservice,recommendationservice,0,0,0,0,0
2026-09-11T13:17:26Z,cartservice,redis-cart,2,0,0,0,0
2026-09-11T13:17:26Z,cartservice,shippingservice,0,0,0,0,0
2026-09-11T13:17:26Z,checkoutservice,adservice,0,0,0,0,0
2026-09-11T13:17:26Z,checkoutservice,cartservice,20130,20130,0,0,0
2026-09-11T13:17:26Z,checkoutservice,checkoutservice,0,0,0,0,0
2026-09-11T13:17:26Z,checkoutservice,currencyservice,10065,10065,0,0,0
2026-09-11T13:17:26Z,checkoutservice,emailservice,10065,10062,0,0,0
2026-09-11T13:17:26Z,checkoutservice,frontend,0,0,0,0,0
2026-09-11T13:17:26Z,checkoutservice,kubernetes,0,0,0,0,0
2026-09-11T13:17:26Z,checkoutservice,paymentservice,10065,10065,0,0,0
2026-09-11T13:17:26Z,checkoutservice,productcatalogservice,0,0,0,0,0
2026-09-11T13:17:26Z,checkoutservice,recommendationservice,0,0,0,0,0
2026-09-11T13:17:26Z,checkoutservice,redis-cart,0,0,0,0,0
2026-09-11T13:17:26Z,checkoutservice,shippingservice,20130,20130,0,0,0
2026-09-11T13:17:26Z,currencyservice,adservice,0,0,0,0,0
2026-09-11T13:17:26Z,currencyservice,cartservice,0,0,0,0,0
2026-09-11T13:17:26Z,currencyservice,checkoutservice,0,0,0,0,0
2026-09-11T13:17:26Z,currencyservice,currencyservice,0,0,0,0,0
2026-09-11T13:17:26Z,currencyservice,emailservice,0,0,0,0,0
2026-09-11T13:17:26Z,currencyservice,frontend,0,0,0,0,0
2026-09-11T13:17:26Z,currencyservice,kubernetes,0,0,0,0,0
2026-09-11T13:17:26Z,currencyservice,paymentservice,0,0,0,0,0
2026-09-11T13:17:26Z,currencyservice,productcatalogservice,0,0,0,0,0
2026-09-11T13:17:26Z,currencyservice,recommendationservice,0,0,0,0,0
2026-09-11T13:17:26Z,currencyservice,redis-cart,0,0,0,0,0
2026-09-11T13:17:26Z,currencyservice,shippingservice,0,0,0,0,0
2026-09-11T13:17:26Z,emailservice,adservice,0,0,0,0,0
2026-09-11T13:17:26Z,emailservice,cartservice,0,0,0,0,0
2026-09-11T13:17:26Z,emailservice,checkoutservice,0,0,0,0,0
2026-09-11T13:17:26Z,emailservice,currencyservice,0,0,0,0,0
2026-09-11T13:17:26Z,emailservice,emailservice,0,0,0,0,0
2026-09-11T13:17:26Z,emailservice,frontend,0,0,0,0,0
2026-09-11T13:17:26Z,emailservice,kubernetes,0,0,0,0,0
2026-09-11T13:17:26Z,emailservice,paymentservice,0,0,0,0,0
2026-09-11T13:17:26Z,emailservice,productcatalogservice,0,0,0,0,0
2026-09-11T13:17:26Z,emailservice,recommendationservice,0,0,0,0,0
2026-09-11T13:17:26Z,emailservice,redis-cart,0,0,0,0,0
2026-09-11T13:17:26Z,emailservice,shippingservice,0,0,0,0,0
2026-09-11T13:17:26Z,frontend,adservice,53467,40830,0,479,0
2026-09-11T13:17:26Z,frontend,cartservice,244801,244746,0,0,0
2026-09-11T13:17:26Z,frontend,checkoutservice,10074,10074,0,0,0
2026-09-11T13:17:26Z,frontend,currencyservice,391222,391144,0,0,0
2026-09-11T13:17:26Z,frontend,emailservice,0,0,0,0,0
2026-09-11T13:17:26Z,frontend,frontend,0,0,0,0,0
2026-09-11T13:17:26Z,frontend,kubernetes,0,0,0,0,0
2026-09-11T13:17:26Z,frontend,paymentservice,0,0,0,0,0
2026-09-11T13:17:26Z,frontend,productcatalogservice,977799,977257,0,0,0
2026-09-11T13:17:26Z,frontend,recommendationservice,159289,159270,0,0,0
2026-09-11T13:17:26Z,frontend,redis-cart,0,0,0,0,0
2026-09-11T13:17:26Z,frontend,shippingservice,95243,95243,0,0,0
2026-09-11T13:17:26Z,paymentservice,adservice,0,0,0,0,0
2026-09-11T13:17:26Z,paymentservice,cartservice,0,0,0,0,0
2026-09-11T13:17:26Z,paymentservice,checkoutservice,0,0,0,0,0
2026-09-11T13:17:26Z,paymentservice,currencyservice,0,0,0,0,0
2026-09-11T13:17:26Z,paymentservice,emailservice,0,0,0,0,0
2026-09-11T13:17:26Z,paymentservice,frontend,0,0,0,0,0
2026-09-11T13:17:26Z,paymentservice,kubernetes,0,0,0,0,0
2026-09-11T13:17:26Z,paymentservice,paymentservice,0,0,0,0,0
2026-09-11T13:17:26Z,paymentservice,productcatalogservice,0,0,0,0,0
2026-09-11T13:17:26Z,paymentservice,recommendationservice,0,0,0,0,0
2026-09-11T13:17:26Z,paymentservice,redis-cart,0,0,0,0,0
2026-09-11T13:17:26Z,paymentservice,shippingservice,0,0,0,0,0
2026-09-11T13:17:26Z,productcatalogservice,adservice,0,0,0,0,0
2026-09-11T13:17:26Z,productcatalogservice,cartservice,0,0,0,0,0
2026-09-11T13:17:26Z,productcatalogservice,checkoutservice,0,0,0,0,0
2026-09-11T13:17:26Z,productcatalogservice,currencyservice,0,0,0,0,0
2026-09-11T13:17:26Z,productcatalogservice,emailservice,0,0,0,0,0
2026-09-11T13:17:26Z,productcatalogservice,frontend,0,0,0,0,0
2026-09-11T13:17:26Z,productcatalogservice,kubernetes,0,0,0,0,0
2026-09-11T13:17:26Z,productcatalogservice,paymentservice,0,0,0,0,0
2026-09-11T13:17:26Z,productcatalogservice,productcatalogservice,0,0,0,0,0
2026-09-11T13:17:26Z,productcatalogservice,recommendationservice,0,0,0,0,0
2026-09-11T13:17:26Z,productcatalogservice,redis-cart,0,0,0,0,0
2026-09-11T13:17:26Z,productcatalogservice,shippingservice,0,0,0,0,0
2026-09-11T13:17:26Z,recommendationservice,adservice,0,0,0,0,0
2026-09-11T13:17:26Z,recommendationservice,cartservice,0,0,0,0,0
2026-09-11T13:17:26Z,recommendationservice,checkoutservice,0,0,0,0,0
2026-09-11T13:17:26Z,recommendationservice,currencyservice,0,0,0,0,0
2026-09-11T13:17:26Z,recommendationservice,emailservice,0,0,0,0,0
2026-09-11T13:17:26Z,recommendationservice,frontend,0,0,0,0,0
2026-09-11T13:17:26Z,recommendationservice,kubernetes,0,0,0,0,0
2026-09-11T13:17:26Z,recommendationservice,paymentservice,0,0,0,0,0
2026-09-11T13:17:26Z,recommendationservice,productcatalogservice,159434,159434,0,0,0
2026-09-11T13:17:26Z,recommendationservice,recommendationservice,0,0,0,0,0
2026-09-11T13:17:26Z,recommendationservice,redis-cart,0,0,0,0,0
2026-09-11T13:17:26Z,recommendationservice,shippingservice,0,0,0,0,0
2026-09-11T13:17:26Z,redis-cart,adservice,0,0,0,0,0
2026-09-11T13:17:26Z,redis-cart,cartservice,0,0,0,0,0
2026-09-11T13:17:26Z,redis-cart,checkoutservice,0,0,0,0,0
2026-09-11T13:17:26Z,redis-cart,currencyservice,0,0,0,0,0
2026-09-11T13:17:26Z,redis-cart,emailservice,0,0,0,0,0
2026-09-11T13:17:26Z,redis-cart,frontend,0,0,0,0,0
2026-09-11T13:17:26Z,redis-cart,kubernetes,0,0,0,0,0
2026-09-11T13:17:26Z,redis-cart,paymentservice,0,0,0,0,0
2026-09-11T13:17:26Z,redis-cart,productcatalogservice,0,0,0,0,0
2026-09-11T13:17:26Z,redis-cart,recommendationservice,0,0,0,0,0
2026-09-11T13:17:26Z,redis-cart,redis-cart,0,0,0,0,0
2026-09-11T13:17:26Z,redis-cart,shippingservice,0,0,0,0,0
2026-09-11T13:17:26Z,shippingservice,adservice,0,0,0,0,0
2026-09-11T13:17:26Z,shippingservice,cartservice,0,0,0,0,0
2026-09-11T13:17:26Z,shippingservice,checkoutservice,0,0,0,0,0
2026-09-11T13:17:26Z,shippingservice,currencyservice,0,0,0,0,0
2026-09-11T13:17:26Z,shippingservice,emailservice,0,0,0,0,0
2026-09-11T13:17:26Z,shippingservice,frontend,0,0,0,0,0
2026-09-11T13:17:26Z,shippingservice,kubernetes,0,0,0,0,0
2026-09-11T13:17:26Z,shippingservice,paymentservice,0,0,0,0,0
2026-09-11T13:17:26Z,shippingservice,productcatalogservice,0,0,0,0,0
2026-09-11T13:17:26Z,shippingservice,recommendationservice,0,0,0,0,0
2026-09-11T13:17:26Z,shippingservice,redis-cart,0,0,0,0,0
2026-09-11T13:17:26Z,shippingservice,shippingservice,0,0,0,0,0
2026-09-11T13:17:30Z,adservice,adservice,0,0,0,0,0
2026-09-11T13:17:30Z,adservice,cartservice,0,0,0,0,0
2026-09-11T13:17:30Z,adservice,checkoutservice,0,0,0,0,0
2026-09-11T13:17:30Z,adservice,currencyservice,0,0,0,0,0
2026-09-11T13:17:30Z,adservice,emailservice,0,0,0,0,0
2026-09-11T13:17:30Z,adservice,frontend,0,0,0,0,0
2026-09-11T13:17:30Z,adservice,kubernetes,0,0,0,0,0
2026-09-11T13:17:30Z,adservice,paymentservice,0,0,0,0,0
2026-09-11T13:17:30Z,adservice,productcatalogservice,0,0,0,0,0
2026-09-11T13:17:30Z,adservice,recommendationservice,0,0,0,0,0
2026-09-11T13:17:30Z,adservice,redis-cart,0,0,0,0,0
2026-09-11T13:17:30Z,adservice,shippingservice,0,0,0,0,0
2026-09-11T13:17:30Z,cartservice,adservice,0,0,0,0,0
2026-09-11T13:17:30Z,cartservice,cartservice,0,0,0,0,0
2026-09-11T13:17:30Z,cartservice,checkoutservice,0,0,0,0,0
2026-09-11T13:17:30Z,cartservice,currencyservice,0,0,0,0,0
2026-09-11T13:17:30Z,cartservice,emailservice,0,0,0,0,0
2026-09-11T13:17:30Z,cartservice,frontend,0,0,0,0,0
2026-09-11T13:17:30Z,cartservice,kubernetes,0,0,0,0,0
2026-09-11T13:17:30Z,cartservice,paymentservice,0,0,0,0,0
2026-09-11T13:17:30Z,cartservice,productcatalogservice,0,0,0,0,0
2026-09-11T13:17:30Z,cartservice,recommendationservice,0,0,0,0,0
2026-09-11T13:17:30Z,cartservice,redis-cart,2,0,0,0,0
2026-09-11T13:17:30Z,cartservice,shippingservice,0,0,0,0,0
2026-09-11T13:17:30Z,checkoutservice,adservice,0,0,0,0,0
2026-09-11T13:17:30Z,checkoutservice,cartservice,20244,20244,0,0,0
2026-09-11T13:17:30Z,checkoutservice,checkoutservice,0,0,0,0,0
2026-09-11T13:17:30Z,checkoutservice,currencyservice,10122,10122,0,0,0
2026-09-11T13:17:30Z,checkoutservice,emailservice,10122,10122,0,0,0
2026-09-11T13:17:30Z,checkoutservice,frontend,0,0,0,0,0
2026-09-11T13:17:30Z,checkoutservice,kubernetes,0,0,0,0,0
2026-09-11T13:17:30Z,checkoutservice,paymentservice,10122,10122,0,0,0
2026-09-11T13:17:30Z,checkoutservice,productcatalogservice,0,0,0,0,0
2026-09-11T13:17:30Z,checkoutservice,recommendationservice,0,0,0,0,0
2026-09-11T13:17:30Z,checkoutservice,redis-cart,0,0,0,0,0
2026-09-11T13:17:30Z,checkoutservice,shippingservice,20244,20244,0,0,0
2026-09-11T13:17:30Z,currencyservice,adservice,0,0,0,0,0
2026-09-11T13:17:30Z,currencyservice,cartservice,0,0,0,0,0
2026-09-11T13:17:30Z,currencyservice,checkoutservice,0,0,0,0,0
2026-09-11T13:17:30Z,currencyservice,currencyservice,0,0,0,0,0
2026-09-11T13:17:30Z,currencyservice,emailservice,0,0,0,0,0
2026-09-11T13:17:30Z,currencyservice,frontend,0,0,0,0,0
2026-09-11T13:17:30Z,currencyservice,kubernetes,0,0,0,0,0
2026-09-11T13:17:30Z,currencyservice,paymentservice,0,0,0,0,0
2026-09-11T13:17:30Z,currencyservice,productcatalogservice,0,0,0,0,0
2026-09-11T13:17:30Z,currencyservice,recommendationservice,0,0,0,0,0
2026-09-11T13:17:30Z,currencyservice,redis-cart,0,0,0,0,0
2026-09-11T13:17:30Z,currencyservice,shippingservice,0,0,0,0,0
2026-09-11T13:17:30Z,emailservice,adservice,0,0,0,0,0
2026-09-11T13:17:30Z,emailservice,cartservice,0,0,0,0,0
2026-09-11T13:17:30Z,emailservice,checkoutservice,0,0,0,0,0
2026-09-11T13:17:30Z,emailservice,currencyservice,0,0,0,0,0
2026-09-11T13:17:30Z,emailservice,emailservice,0,0,0,0,0
2026-09-11T13:17:30Z,emailservice,frontend,0,0,0,0,0
2026-09-11T13:17:30Z,emailservice,kubernetes,0,0,0,0,0
2026-09-11T13:17:30Z,emailservice,paymentservice,0,0,0,0,0
2026-09-11T13:17:30Z,emailservice,productcatalogservice,0,0,0,0,0
2026-09-11T13:17:30Z,emailservice,recommendationservice,0,0,0,0,0
2026-09-11T13:17:30Z,emailservice,redis-cart,0,0,0,0,0
2026-09-11T13:17:30Z,emailservice,shippingservice,0,0,0,0,0
2026-09-11T13:17:30Z,frontend,adservice,53772,41135,0,479,0
2026-09-11T13:17:30Z,frontend,cartservice,246223,246174,0,0,0
2026-09-11T13:17:30Z,frontend,checkoutservice,10136,10136,0,0,0
2026-09-11T13:17:30Z,frontend,currencyservice,393525,393419,0,0,0
2026-09-11T13:17:30Z,frontend,emailservice,0,0,0,0,0
2026-09-11T13:17:30Z,frontend,frontend,0,0,0,0,0
2026-09-11T13:17:30Z,frontend,kubernetes,0,0,0,0,0
2026-09-11T13:17:30Z,frontend,paymentservice,0,0,0,0,0
2026-09-11T13:17:30Z,frontend,productcatalogservice,983661,983213,0,0,0
2026-09-11T13:17:30Z,frontend,recommendationservice,160204,160184,0,0,0
2026-09-11T13:17:30Z,frontend,redis-cart,0,0,0,0,0
2026-09-11T13:17:30Z,frontend,shippingservice,95774,95744,0,0,0
2026-09-11T13:17:30Z,paymentservice,adservice,0,0,0,0,0
2026-09-11T13:17:30Z,paymentservice,cartservice,0,0,0,0,0
2026-09-11T13:17:30Z,paymentservice,checkoutservice,0,0,0,0,0
2026-09-11T13:17:30Z,paymentservice,currencyservice,0,0,0,0,0
2026-09-11T13:17:30Z,paymentservice,emailservice,0,0,0,0,0
2026-09-11T13:17:30Z,paymentservice,frontend,0,0,0,0,0
2026-09-11T13:17:30Z,paymentservice,kubernetes,0,0,0,0,0
2026-09-11T13:17:30Z,paymentservice,paymentservice,0,0,0,0,0
2026-09-11T13:17:30Z,paymentservice,productcatalogservice,0,0,0,0,0
2026-09-11T13:17:30Z,paymentservice,recommendationservice,0,0,0,0,0
2026-09-11T13:17:30Z,paymentservice,redis-cart,0,0,0,0,0
2026-09-11T13:17:30Z,paymentservice,shippingservice,0,0,0,0,0
2026-09-11T13:17:30Z,productcatalogservice,adservice,0,0,0,0,0
2026-09-11T13:17:30Z,productcatalogservice,cartservice,0,0,0,0,0
2026-09-11T13:17:30Z,productcatalogservice,checkoutservice,0,0,0,0,0
2026-09-11T13:17:30Z,productcatalogservice,currencyservice,0,0,0,0,0
2026-09-11T13:17:30Z,productcatalogservice,emailservice,0,0,0,0,0
2026-09-11T13:17:30Z,productcatalogservice,frontend,0,0,0,0,0
2026-09-11T13:17:30Z,productcatalogservice,kubernetes,0,0,0,0,0
2026-09-11T13:17:30Z,productcatalogservice,paymentservice,0,0,0,0,0
2026-09-11T13:17:30Z,productcatalogservice,productcatalogservice,0,0,0,0,0
2026-09-11T13:17:30Z,productcatalogservice,recommendationservice,0,0,0,0,0
2026-09-11T13:17:30Z,productcatalogservice,redis-cart,0,0,0,0,0
2026-09-11T13:17:30Z,productcatalogservice,shippingservice,0,0,0,0,0
2026-09-11T13:17:30Z,recommendationservice,adservice,0,0,0,0,0
2026-09-11T13:17:30Z,recommendationservice,cartservice,0,0,0,0,0
2026-09-11T13:17:30Z,recommendationservice,checkoutservice,0,0,0,0,0
2026-09-11T13:17:30Z,recommendationservice,currencyservice,0,0,0,0,0
2026-09-11T13:17:30Z,recommendationservice,emailservice,0,0,0,0,0
2026-09-11T13:17:30Z,recommendationservice,frontend,0,0,0,0,0
2026-09-11T13:17:30Z,recommendationservice,kubernetes,0,0,0,0,0
2026-09-11T13:17:30Z,recommendationservice,paymentservice,0,0,0,0,0
2026-09-11T13:17:30Z,recommendationservice,productcatalogservice,160384,160381,0,0,0
2026-09-11T13:17:30Z,recommendationservice,recommendationservice,0,0,0,0,0
2026-09-11T13:17:30Z,recommendationservice,redis-cart,0,0,0,0,0
2026-09-11T13:17:30Z,recommendationservice,shippingservice,0,0,0,0,0
2026-09-11T13:17:30Z,redis-cart,adservice,0,0,0,0,0
2026-09-11T13:17:30Z,redis-cart,cartservice,0,0,0,0,0
2026-09-11T13:17:30Z,redis-cart,checkoutservice,0,0,0,0,0
2026-09-11T13:17:30Z,redis-cart,currencyservice,0,0,0,0,0
2026-09-11T13:17:30Z,redis-cart,emailservice,0,0,0,0,0
2026-09-11T13:17:30Z,redis-cart,frontend,0,0,0,0,0
2026-09-11T13:17:30Z,redis-cart,kubernetes,0,0,0,0,0
2026-09-11T13:17:30Z,redis-cart,paymentservice,0,0,0,0,0
2026-09-11T13:17:30Z,redis-cart,productcatalogservice,0,0,0,0,0
2026-09-11T13:17:30Z,redis-cart,recommendationservice,0,0,0,0,0
2026-09-11T13:17:30Z,redis-cart,redis-cart,0,0,0,0,0
2026-09-11T13:17:30Z,redis-cart,shippingservice,0,0,0,0,0
2026-09-11T13:17:30Z,shippingservice,adservice,0,0,0,0,0
2026-09-11T13:17:30Z,shippingservice,cartservice,0,0,0,0,0
2026-09-11T13:17:30Z,shippingservice,checkoutservice,0,0,0,0,0
2026-09-11T13:17:30Z,shippingservice,currencyservice,0,0,0,0,0
2026-09-11T13:17:30Z,shippingservice,emailservice,0,0,0,0,0
2026-09-11T13:17:30Z,shippingservice,frontend,0,0,0,0,0
2026-09-11T13:17:30Z,shippingservice,kubernetes,0,0,0,0,0
2026-09-11T13:17:30Z,shippingservice,paymentservice,0,0,0,0,0
2026-09-11T13:17:30Z,shippingservice,productcatalogservice,0,0,0,0,0
2026-09-11T13:17:30Z,shippingservice,recommendationservice,0,0,0,0,0
2026-09-11T13:17:30Z,shippingservice,redis-cart,0,0,0,0,0
2026-09-11T13:17:30Z,shippingservice,shippingservice,0,0,0,0,0
2026-09-11T13:17:34Z,adservice,adservice,0,0,0,0,0
2026-09-11T13:17:34Z,adservice,cartservice,0,0,0,0,0
2026-09-11T13:17:34Z,adservice,checkoutservice,0,0,0,0,0
2026-09-11T13:17:34Z,adservice,currencyservice,0,0,0,0,0
2026-09-11T13:17:34Z,adservice,emailservice,0,0,0,0,0
2026-09-11T13:17:34Z,adservice,frontend,0,0,0,0,0
2026-09-11T13:17:34Z,adservice,kubernetes,0,0,0,0,0
2026-09-11T13:17:34Z,adservice,paymentservice,0,0,0,0,0
2026-09-11T13:17:34Z,adservice,productcatalogservice,0,0,0,0,0
2026-09-11T13:17:34Z,adservice,recommendationservice,0,0,0,0,0
2026-09-11T13:17:34Z,adservice,redis-cart,0,0,0,0,0
2026-09-11T13:17:34Z,adservice,shippingservice,0,0,0,0,0
2026-09-11T13:17:34Z,cartservice,adservice,0,0,0,0,0
2026-09-11T13:17:34Z,cartservice,cartservice,0,0,0,0,0
2026-09-11T13:17:34Z,cartservice,checkoutservice,0,0,0,0,0
2026-09-11T13:17:34Z,cartservice,currencyservice,0,0,0,0,0
2026-09-11T13:17:34Z,cartservice,emailservice,0,0,0,0,0
2026-09-11T13:17:34Z,cartservice,frontend,0,0,0,0,0
2026-09-11T13:17:34Z,cartservice,kubernetes,0,0,0,0,0
2026-09-11T13:17:34Z,cartservice,paymentservice,0,0,0,0,0
2026-09-11T13:17:34Z,cartservice,productcatalogservice,0,0,0,0,0
2026-09-11T13:17:34Z,cartservice,recommendationservice,0,0,0,0,0
2026-09-11T13:17:34Z,cartservice,redis-cart,2,0,0,0,0
2026-09-11T13:17:34Z,cartservice,shippingservice,0,0,0,0,0
2026-09-11T13:17:34Z,checkoutservice,adservice,0,0,0,0,0
2026-09-11T13:17:34Z,checkoutservice,cartservice,20364,20364,0,0,0
2026-09-11T13:17:34Z,checkoutservice,checkoutservice,0,0,0,0,0
2026-09-11T13:17:34Z,checkoutservice,currencyservice,10182,10182,0,0,0
2026-09-11T13:17:34Z,checkoutservice,emailservice,10182,10182,0,0,0
2026-09-11T13:17:34Z,checkoutservice,frontend,0,0,0,0,0
2026-09-11T13:17:34Z,checkoutservice,kubernetes,0,0,0,0,0
2026-09-11T13:17:34Z,checkoutservice,paymentservice,10182,10182,0,0,0
2026-09-11T13:17:34Z,checkoutservice,productcatalogservice,0,0,0,0,0
2026-09-11T13:17:34Z,checkoutservice,recommendationservice,0,0,0,0,0
2026-09-11T13:17:34Z,checkoutservice,redis-cart,0,0,0,0,0
2026-09-11T13:17:34Z,checkoutservice,shippingservice,20364,20364,0,0,0
2026-09-11T13:17:34Z,currencyservice,adservice,0,0,0,0,0
2026-09-11T13:17:34Z,currencyservice,cartservice,0,0,0,0,0
2026-09-11T13:17:34Z,currencyservice,checkoutservice,0,0,0,0,0
2026-09-11T13:17:34Z,currencyservice,currencyservice,0,0,0,0,0
2026-09-11T13:17:34Z,currencyservice,emailservice,0,0,0,0,0
2026-09-11T13:17:34Z,currencyservice,frontend,0,0,0,0,0
2026-09-11T13:17:34Z,currencyservice,kubernetes,0,0,0,0,0
2026-09-11T13:17:34Z,currencyservice,paymentservice,0,0,0,0,0
2026-09-11T13:17:34Z,currencyservice,productcatalogservice,0,0,0,0,0
2026-09-11T13:17:34Z,currencyservice,recommendationservice,0,0,0,0,0
2026-09-11T13:17:34Z,currencyservice,redis-cart,0,0,0,0,0
2026-09-11T13:17:34Z,currencyservice,shippingservice,0,0,0,0,0
2026-09-11T13:17:34Z,emailservice,adservice,0,0,0,0,0
2026-09-11T13:17:34Z,emailservice,cartservice,0,0,0,0,0
2026-09-11T13:17:34Z,emailservice,checkoutservice,0,0,0,0,0
2026-09-11T13:17:34Z,emailservice,currencyservice,0,0,0,0,0
2026-09-11T13:17:34Z,emailservice,emailservice,0,0,0,0,0
2026-09-11T13:17:34Z,emailservice,frontend,0,0,0,0,0
2026-09-11T13:17:34Z,emailservice,kubernetes,0,0,0,0,0
2026-09-11T13:17:34Z,emailservice,paymentservice,0,0,0,0,0
2026-09-11T13:17:34Z,emailservice,productcatalogservice,0,0,0,0,0
2026-09-11T13:17:34Z,emailservice,recommendationservice,0,0,0,0,0
2026-09-11T13:17:34Z,emailservice,redis-cart,0,0,0,0,0
2026-09-11T13:17:34Z,emailservice,shippingservice,0,0,0,0,0
2026-09-11T13:17:34Z,frontend,adservice,54055,41418,0,479,0
2026-09-11T13:17:34Z,frontend,cartservice,247594,247566,0,0,0
2026-09-11T13:17:34Z,frontend,checkoutservice,10185,10185,0,0,0
2026-09-11T13:17:34Z,frontend,currencyservice,395762,395684,0,0,0
2026-09-11T13:17:34Z,frontend,emailservice,0,0,0,0,0
2026-09-11T13:17:34Z,frontend,frontend,0,0,0,0,0
2026-09-11T13:17:34Z,frontend,kubernetes,0,0,0,0,0
2026-09-11T13:17:34Z,frontend,paymentservice,0,0,0,0,0
2026-09-11T13:17:34Z,frontend,productcatalogservice,988952,988459,0,0,0
2026-09-11T13:17:34Z,frontend,recommendationservice,161115,161062,0,0,0
2026-09-11T13:17:34Z,frontend,redis-cart,0,0,0,0,0
2026-09-11T13:17:34Z,frontend,shippingservice,96275,96275,0,0,0
2026-09-11T13:17:34Z,paymentservice,adservice,0,0,0,0,0
2026-09-11T13:17:34Z,paymentservice,cartservice,0,0,0,0,0
2026-09-11T13:17:34Z,paymentservice,checkoutservice,0,0,0,0,0
2026-09-11T13:17:34Z,paymentservice,currencyservice,0,0,0,0,0
2026-09-11T13:17:34Z,paymentservice,emailservice,0,0,0,0,0
2026-09-11T13:17:34Z,paymentservice,frontend,0,0,0,0,0
2026-09-11T13:17:34Z,paymentservice,kubernetes,0,0,0,0,0
2026-09-11T13:17:34Z,paymentservice,paymentservice,0,0,0,0,0
2026-09-11T13:17:34Z,paymentservice,productcatalogservice,0,0,0,0,0
2026-09-11T13:17:34Z,paymentservice,recommendationservice,0,0,0,0,0
2026-09-11T13:17:34Z,paymentservice,redis-cart,0,0,0,0,0
2026-09-11T13:17:34Z,paymentservice,shippingservice,0,0,0,0,0
2026-09-11T13:17:34Z,productcatalogservice,adservice,0,0,0,0,0
2026-09-11T13:17:34Z,productcatalogservice,cartservice,0,0,0,0,0
2026-09-11T13:17:34Z,productcatalogservice,checkoutservice,0,0,0,0,0
2026-09-11T13:17:34Z,productcatalogservice,currencyservice,0,0,0,0,0
2026-09-11T13:17:34Z,productcatalogservice,emailservice,0,0,0,0,0
2026-09-11T13:17:34Z,productcatalogservice,frontend,0,0,0,0,0
2026-09-11T13:17:34Z,productcatalogservice,kubernetes,0,0,0,0,0
2026-09-11T13:17:34Z,productcatalogservice,paymentservice,0,0,0,0,0
2026-09-11T13:17:34Z,productcatalogservice,productcatalogservice,0,0,0,0,0
2026-09-11T13:17:34Z,productcatalogservice,recommendationservice,0,0,0,0,0
2026-09-11T13:17:34Z,productcatalogservice,redis-cart,0,0,0,0,0
2026-09-11T13:17:34Z,productcatalogservice,shippingservice,0,0,0,0,0
2026-09-11T13:17:34Z,recommendationservice,adservice,0,0,0,0,0
2026-09-11T13:17:34Z,recommendationservice,cartservice,0,0,0,0,0
2026-09-11T13:17:34Z,recommendationservice,checkoutservice,0,0,0,0,0
2026-09-11T13:17:34Z,recommendationservice,currencyservice,0,0,0,0,0
2026-09-11T13:17:34Z,recommendationservice,emailservice,0,0,0,0,0
2026-09-11T13:17:34Z,recommendationservice,frontend,0,0,0,0,0
2026-09-11T13:17:34Z,recommendationservice,kubernetes,0,0,0,0,0
2026-09-11T13:17:34Z,recommendationservice,paymentservice,0,0,0,0,0
2026-09-11T13:17:34Z,recommendationservice,productcatalogservice,161203,161202,0,0,0
2026-09-11T13:17:34Z,recommendationservice,recommendationservice,0,0,0,0,0
2026-09-11T13:17:34Z,recommendationservice,redis-cart,0,0,0,0,0
2026-09-11T13:17:34Z,recommendationservice,shippingservice,0,0,0,0,0
2026-09-11T13:17:34Z,redis-cart,adservice,0,0,0,0,0
2026-09-11T13:17:34Z,redis-cart,cartservice,0,0,0,0,0
2026-09-11T13:17:34Z,redis-cart,checkoutservice,0,0,0,0,0
2026-09-11T13:17:34Z,redis-cart,currencyservice,0,0,0,0,0
2026-09-11T13:17:34Z,redis-cart,emailservice,0,0,0,0,0
2026-09-11T13:17:34Z,redis-cart,frontend,0,0,0,0,0
2026-09-11T13:17:34Z,redis-cart,kubernetes,0,0,0,0,0
2026-09-11T13:17:34Z,redis-cart,paymentservice,0,0,0,0,0
2026-09-11T13:17:34Z,redis-cart,productcatalogservice,0,0,0,0,0
2026-09-11T13:17:34Z,redis-cart,recommendationservice,0,0,0,0,0
2026-09-11T13:17:34Z,redis-cart,redis-cart,0,0,0,0,0
2026-09-11T13:17:34Z,redis-cart,shippingservice,0,0,0,0,0
2026-09-11T13:17:34Z,shippingservice,adservice,0,0,0,0,0
2026-09-11T13:17:34Z,shippingservice,cartservice,0,0,0,0,0
2026-09-11T13:17:34Z,shippingservice,checkoutservice,0,0,0,0,0
2026-09-11T13:17:34Z,shippingservice,currencyservice,0,0,0,0,0
2026-09-11T13:17:34Z,shippingservice,emailservice,0,0,0,0,0
2026-09-11T13:17:34Z,shippingservice,frontend,0,0,0,0,0
2026-09-11T13:17:34Z,shippingservice,kubernetes,0,0,0,0,0
2026-09-11T13:17:34Z,shippingservice,paymentservice,0,0,0,0,0
2026-09-11T13:17:34Z,shippingservice,productcatalogservice,0,0,0,0,0
2026-09-11T13:17:34Z,shippingservice,recommendationservice,0,0,0,0,0
2026-09-11T13:17:34Z,shippingservice,redis-cart,0,0,0,0,0
2026-09-11T13:17:34Z,shippingservice,shippingservice,0,0,0,0,0
2026-09-11T13:17:37Z,adservice,adservice,0,0,0,0,0
2026-09-11T13:17:37Z,adservice,cartservice,0,0,0,0,0
2026-09-11T13:17:37Z,adservice,checkoutservice,0,0,0,0,0
2026-09-11T13:17:37Z,adservice,currencyservice,0,0,0,0,0
2026-09-11T13:17:37Z,adservice,emailservice,0,0,0,0,0
2026-09-11T13:17:37Z,adservice,frontend,0,0,0,0,0
2026-09-11T13:17:37Z,adservice,kubernetes,0,0,0,0,0
2026-09-11T13:17:37Z,adservice,paymentservice,0,0,0,0,0
2026-09-11T13:17:37Z,adservice,productcatalogservice,0,0,0,0,0
2026-09-11T13:17:37Z,adservice,recommendationservice,0,0,0,0,0
2026-09-11T13:17:37Z,adservice,redis-cart,0,0,0,0,0
2026-09-11T13:17:37Z,adservice,shippingservice,0,0,0,0,0
2026-09-11T13:17:37Z,cartservice,adservice,0,0,0,0,0
2026-09-11T13:17:37Z,cartservice,cartservice,0,0,0,0,0
2026-09-11T13:17:37Z,cartservice,checkoutservice,0,0,0,0,0
2026-09-11T13:17:37Z,cartservice,currencyservice,0,0,0,0,0
2026-09-11T13:17:37Z,cartservice,emailservice,0,0,0,0,0
2026-09-11T13:17:37Z,cartservice,frontend,0,0,0,0,0
2026-09-11T13:17:37Z,cartservice,kubernetes,0,0,0,0,0
2026-09-11T13:17:37Z,cartservice,paymentservice,0,0,0,0,0
2026-09-11T13:17:37Z,cartservice,productcatalogservice,0,0,0,0,0
2026-09-11T13:17:37Z,cartservice,recommendationservice,0,0,0,0,0
2026-09-11T13:17:37Z,cartservice,redis-cart,2,0,0,0,0
2026-09-11T13:17:37Z,cartservice,shippingservice,0,0,0,0,0
2026-09-11T13:17:37Z,checkoutservice,adservice,0,0,0,0,0
2026-09-11T13:17:37Z,checkoutservice,cartservice,20450,20450,0,0,0
2026-09-11T13:17:37Z,checkoutservice,checkoutservice,0,0,0,0,0
2026-09-11T13:17:37Z,checkoutservice,currencyservice,10225,10225,0,0,0
2026-09-11T13:17:37Z,checkoutservice,emailservice,10225,10225,0,0,0
2026-09-11T13:17:37Z,checkoutservice,frontend,0,0,0,0,0
2026-09-11T13:17:37Z,checkoutservice,kubernetes,0,0,0,0,0
2026-09-11T13:17:37Z,checkoutservice,paymentservice,10225,10225,0,0,0
2026-09-11T13:17:37Z,checkoutservice,productcatalogservice,0,0,0,0,0
2026-09-11T13:17:37Z,checkoutservice,recommendationservice,0,0,0,0,0
2026-09-11T13:17:37Z,checkoutservice,redis-cart,0,0,0,0,0
2026-09-11T13:17:37Z,checkoutservice,shippingservice,20450,20450,0,0,0
2026-09-11T13:17:37Z,currencyservice,adservice,0,0,0,0,0
2026-09-11T13:17:37Z,currencyservice,cartservice,0,0,0,0,0
2026-09-11T13:17:37Z,currencyservice,checkoutservice,0,0,0,0,0
2026-09-11T13:17:37Z,currencyservice,currencyservice,0,0,0,0,0
2026-09-11T13:17:37Z,currencyservice,emailservice,0,0,0,0,0
2026-09-11T13:17:37Z,currencyservice,frontend,0,0,0,0,0
2026-09-11T13:17:37Z,currencyservice,kubernetes,0,0,0,0,0
2026-09-11T13:17:37Z,currencyservice,paymentservice,0,0,0,0,0
2026-09-11T13:17:37Z,currencyservice,productcatalogservice,0,0,0,0,0
2026-09-11T13:17:37Z,currencyservice,recommendationservice,0,0,0,0,0
2026-09-11T13:17:37Z,currencyservice,redis-cart,0,0,0,0,0
2026-09-11T13:17:37Z,currencyservice,shippingservice,0,0,0,0,0
2026-09-11T13:17:37Z,emailservice,adservice,0,0,0,0,0
2026-09-11T13:17:37Z,emailservice,cartservice,0,0,0,0,0
2026-09-11T13:17:37Z,emailservice,checkoutservice,0,0,0,0,0
2026-09-11T13:17:37Z,emailservice,currencyservice,0,0,0,0,0
2026-09-11T13:17:37Z,emailservice,emailservice,0,0,0,0,0
2026-09-11T13:17:37Z,emailservice,frontend,0,0,0,0,0
2026-09-11T13:17:37Z,emailservice,kubernetes,0,0,0,0,0
2026-09-11T13:17:37Z,emailservice,paymentservice,0,0,0,0,0
2026-09-11T13:17:37Z,emailservice,productcatalogservice,0,0,0,0,0
2026-09-11T13:17:37Z,emailservice,recommendationservice,0,0,0,0,0
2026-09-11T13:17:37Z,emailservice,redis-cart,0,0,0,0,0
2026-09-11T13:17:37Z,emailservice,shippingservice,0,0,0,0,0
2026-09-11T13:17:37Z,frontend,adservice,54306,41669,0,479,0
2026-09-11T13:17:37Z,frontend,cartservice,248617,248576,0,0,0
2026-09-11T13:17:37Z,frontend,checkoutservice,10229,10229,0,0,0
2026-09-11T13:17:37Z,frontend,currencyservice,397503,397365,0,0,0
2026-09-11T13:17:37Z,frontend,emailservice,0,0,0,0,0
2026-09-11T13:17:37Z,frontend,frontend,0,0,0,0,0
2026-09-11T13:17:37Z,frontend,kubernetes,0,0,0,0,0
2026-09-11T13:17:37Z,frontend,paymentservice,0,0,0,0,0
2026-09-11T13:17:37Z,frontend,productcatalogservice,993220,992856,0,0,0
2026-09-11T13:17:37Z,frontend,recommendationservice,161731,161706,0,0,0
2026-09-11T13:17:37Z,frontend,redis-cart,0,0,0,0,0
2026-09-11T13:17:37Z,frontend,shippingservice,96732,96701,0,0,0
2026-09-11T13:17:37Z,paymentservice,adservice,0,0,0,0,0
2026-09-11T13:17:37Z,paymentservice,cartservice,0,0,0,0,0
2026-09-11T13:17:37Z,paymentservice,checkoutservice,0,0,0,0,0
2026-09-11T13:17:37Z,paymentservice,currencyservice,0,0,0,0,0
2026-09-11T13:17:37Z,paymentservice,emailservice,0,0,0,0,0
2026-09-11T13:17:37Z,paymentservice,frontend,0,0,0,0,0
2026-09-11T13:17:37Z,paymentservice,kubernetes,0,0,0,0,0
2026-09-11T13:17:37Z,paymentservice,paymentservice,0,0,0,0,0
2026-09-11T13:17:37Z,paymentservice,productcatalogservice,0,0,0,0,0
2026-09-11T13:17:37Z,paymentservice,recommendationservice,0,0,0,0,0
2026-09-11T13:17:37Z,paymentservice,redis-cart,0,0,0,0,0
2026-09-11T13:17:37Z,paymentservice,shippingservice,0,0,0,0,0
2026-09-11T13:17:37Z,productcatalogservice,adservice,0,0,0,0,0
2026-09-11T13:17:37Z,productcatalogservice,cartservice,0,0,0,0,0
2026-09-11T13:17:37Z,productcatalogservice,checkoutservice,0,0,0,0,0
2026-09-11T13:17:37Z,productcatalogservice,currencyservice,0,0,0,0,0
2026-09-11T13:17:37Z,productcatalogservice,emailservice,0,0,0,0,0
2026-09-11T13:17:37Z,productcatalogservice,frontend,0,0,0,0,0
2026-09-11T13:17:37Z,productcatalogservice,kubernetes,0,0,0,0,0
2026-09-11T13:17:37Z,productcatalogservice,paymentservice,0,0,0,0,0
2026-09-11T13:17:37Z,productcatalogservice,productcatalogservice,0,0,0,0,0
2026-09-11T13:17:37Z,productcatalogservice,recommendationservice,0,0,0,0,0
2026-09-11T13:17:37Z,productcatalogservice,redis-cart,0,0,0,0,0
2026-09-11T13:17:37Z,productcatalogservice,shippingservice,0,0,0,0,0
2026-09-11T13:17:37Z,recommendationservice,adservice,0,0,0,0,0
2026-09-11T13:17:37Z,recommendationservice,cartservice,0,0,0,0,0
2026-09-11T13:17:37Z,recommendationservice,checkoutservice,0,0,0,0,0
2026-09-11T13:17:37Z,recommendationservice,currencyservice,0,0,0,0,0
2026-09-11T13:17:37Z,recommendationservice,emailservice,0,0,0,0,0
2026-09-11T13:17:37Z,recommendationservice,frontend,0,0,0,0,0
2026-09-11T13:17:37Z,recommendationservice,kubernetes,0,0,0,0,0
2026-09-11T13:17:37Z,recommendationservice,paymentservice,0,0,0,0,0
2026-09-11T13:17:37Z,recommendationservice,productcatalogservice,161882,161878,0,0,0
2026-09-11T13:17:37Z,recommendationservice,recommendationservice,0,0,0,0,0
2026-09-11T13:17:37Z,recommendationservice,redis-cart,0,0,0,0,0
2026-09-11T13:17:37Z,recommendationservice,shippingservice,0,0,0,0,0
2026-09-11T13:17:37Z,redis-cart,adservice,0,0,0,0,0
2026-09-11T13:17:37Z,redis-cart,cartservice,0,0,0,0,0
2026-09-11T13:17:37Z,redis-cart,checkoutservice,0,0,0,0,0
2026-09-11T13:17:37Z,redis-cart,currencyservice,0,0,0,0,0
2026-09-11T13:17:37Z,redis-cart,emailservice,0,0,0,0,0
2026-09-11T13:17:37Z,redis-cart,frontend,0,0,0,0,0
2026-09-11T13:17:37Z,redis-cart,kubernetes,0,0,0,0,0
2026-09-11T13:17:37Z,redis-cart,paymentservice,0,0,0,0,0
2026-09-11T13:17:37Z,redis-cart,productcatalogservice,0,0,0,0,0
2026-09-11T13:17:37Z,redis-cart,recommendationservice,0,0,0,0,0
2026-09-11T13:17:37Z,redis-cart,redis-cart,0,0,0,0,0
2026-09-11T13:17:37Z,redis-cart,shippingservice,0,0,0,0,0
2026-09-11T13:17:37Z,shippingservice,adservice,0,0,0,0,0
2026-09-11T13:17:37Z,shippingservice,cartservice,0,0,0,0,0
2026-09-11T13:17:37Z,shippingservice,checkoutservice,0,0,0,0,0
2026-09-11T13:17:37Z,shippingservice,currencyservice,0,0,0,0,0
2026-09-11T13:17:37Z,shippingservice,emailservice,0,0,0,0,0
2026-09-11T13:17:37Z,shippingservice,frontend,0,0,0,0,0
2026-09-11T13:17:37Z,shippingservice,kubernetes,0,0,0,0,0
2026-09-11T13:17:37Z,shippingservice,paymentservice,0,0,0,0,0
2026-09-11T13:17:37Z,shippingservice,productcatalogservice,0,0,0,0,0
2026-09-11T13:17:37Z,shippingservice,recommendationservice,0,0,0,0,0
2026-09-11T13:17:37Z,shippingservice,redis-cart,0,0,0,0,0
2026-09-11T13:17:37Z,shippingservice,shippingservice,0,0,0,0,0
2026-09-11T13:17:40Z,adservice,adservice,0,0,0,0,0
2026-09-11T13:17:40Z,adservice,cartservice,0,0,0,0,0
2026-09-11T13:17:40Z,adservice,checkoutservice,0,0,0,0,0
2026-09-11T13:17:40Z,adservice,currencyservice,0,0,0,0,0
2026-09-11T13:17:40Z,adservice,emailservice,0,0,0,0,0
2026-09-11T13:17:40Z,adservice,frontend,0,0,0,0,0
2026-09-11T13:17:40Z,adservice,kubernetes,0,0,0,0,0
2026-09-11T13:17:40Z,adservice,paymentservice,0,0,0,0,0
2026-09-11T13:17:40Z,adservice,productcatalogservice,0,0,0,0,0
2026-09-11T13:17:40Z,adservice,recommendationservice,0,0,0,0,0
2026-09-11T13:17:40Z,adservice,redis-cart,0,0,0,0,0
2026-09-11T13:17:40Z,adservice,shippingservice,0,0,0,0,0
2026-09-11T13:17:40Z,cartservice,adservice,0,0,0,0,0
2026-09-11T13:17:40Z,cartservice,cartservice,0,0,0,0,0
2026-09-11T13:17:40Z,cartservice,checkoutservice,0,0,0,0,0
2026-09-11T13:17:40Z,cartservice,currencyservice,0,0,0,0,0
2026-09-11T13:17:40Z,cartservice,emailservice,0,0,0,0,0
2026-09-11T13:17:40Z,cartservice,frontend,0,0,0,0,0
2026-09-11T13:17:40Z,cartservice,kubernetes,0,0,0,0,0
2026-09-11T13:17:40Z,cartservice,paymentservice,0,0,0,0,0
2026-09-11T13:17:40Z,cartservice,productcatalogservice,0,0,0,0,0
2026-09-11T13:17:40Z,cartservice,recommendationservice,0,0,0,0,0
2026-09-11T13:17:40Z,cartservice,redis-cart,2,0,0,0,0
2026-09-11T13:17:40Z,cartservice,shippingservice,0,0,0,0,0
2026-09-11T13:17:40Z,checkoutservice,adservice,0,0,0,0,0
2026-09-11T13:17:40Z,checkoutservice,cartservice,20536,20536,0,0,0
2026-09-11T13:17:40Z,checkoutservice,checkoutservice,0,0,0,0,0
2026-09-11T13:17:40Z,checkoutservice,currencyservice,10268,10268,0,0,0
2026-09-11T13:17:40Z,checkoutservice,emailservice,10268,10268,0,0,0
2026-09-11T13:17:40Z,checkoutservice,frontend,0,0,0,0,0
2026-09-11T13:17:40Z,checkoutservice,kubernetes,0,0,0,0,0
2026-09-11T13:17:40Z,checkoutservice,paymentservice,10268,10268,0,0,0
2026-09-11T13:17:40Z,checkoutservice,productcatalogservice,0,0,0,0,0
2026-09-11T13:17:40Z,checkoutservice,recommendationservice,0,0,0,0,0
2026-09-11T13:17:40Z,checkoutservice,redis-cart,0,0,0,0,0
2026-09-11T13:17:40Z,checkoutservice,shippingservice,20536,20536,0,0,0
2026-09-11T13:17:40Z,currencyservice,adservice,0,0,0,0,0
2026-09-11T13:17:40Z,currencyservice,cartservice,0,0,0,0,0
2026-09-11T13:17:40Z,currencyservice,checkoutservice,0,0,0,0,0
2026-09-11T13:17:40Z,currencyservice,currencyservice,0,0,0,0,0
2026-09-11T13:17:40Z,currencyservice,emailservice,0,0,0,0,0
2026-09-11T13:17:40Z,currencyservice,frontend,0,0,0,0,0
2026-09-11T13:17:40Z,currencyservice,kubernetes,0,0,0,0,0
2026-09-11T13:17:40Z,currencyservice,paymentservice,0,0,0,0,0
2026-09-11T13:17:40Z,currencyservice,productcatalogservice,0,0,0,0,0
2026-09-11T13:17:40Z,currencyservice,recommendationservice,0,0,0,0,0
2026-09-11T13:17:40Z,currencyservice,redis-cart,0,0,0,0,0
2026-09-11T13:17:40Z,currencyservice,shippingservice,0,0,0,0,0
2026-09-11T13:17:40Z,emailservice,adservice,0,0,0,0,0
2026-09-11T13:17:40Z,emailservice,cartservice,0,0,0,0,0
2026-09-11T13:17:40Z,emailservice,checkoutservice,0,0,0,0,0
2026-09-11T13:17:40Z,emailservice,currencyservice,0,0,0,0,0
2026-09-11T13:17:40Z,emailservice,emailservice,0,0,0,0,0
2026-09-11T13:17:40Z,emailservice,frontend,0,0,0,0,0
2026-09-11T13:17:40Z,emailservice,kubernetes,0,0,0,0,0
2026-09-11T13:17:40Z,emailservice,paymentservice,0,0,0,0,0
2026-09-11T13:17:40Z,emailservice,productcatalogservice,0,0,0,0,0
2026-09-11T13:17:40Z,emailservice,recommendationservice,0,0,0,0,0
2026-09-11T13:17:40Z,emailservice,redis-cart,0,0,0,0,0
2026-09-11T13:17:40Z,emailservice,shippingservice,0,0,0,0,0
2026-09-11T13:17:40Z,frontend,adservice,54566,41929,0,479,0
2026-09-11T13:17:40Z,frontend,cartservice,249763,249719,0,0,0
2026-09-11T13:17:40Z,frontend,checkoutservice,10287,10287,0,0,0
2026-09-11T13:17:40Z,frontend,currencyservice,399333,399242,0,0,0
2026-09-11T13:17:40Z,frontend,emailservice,0,0,0,0,0
2026-09-11T13:17:40Z,frontend,frontend,0,0,0,0,0
2026-09-11T13:17:40Z,frontend,kubernetes,0,0,0,0,0
2026-09-11T13:17:40Z,frontend,paymentservice,0,0,0,0,0
2026-09-11T13:17:40Z,frontend,productcatalogservice,997664,997282,0,0,0
2026-09-11T13:17:40Z,frontend,recommendationservice,162440,162410,0,0,0
2026-09-11T13:17:40Z,frontend,redis-cart,0,0,0,0,0
2026-09-11T13:17:40Z,frontend,shippingservice,97175,97159,0,0,0
2026-09-11T13:17:40Z,paymentservice,adservice,0,0,0,0,0
2026-09-11T13:17:40Z,paymentservice,cartservice,0,0,0,0,0
2026-09-11T13:17:40Z,paymentservice,checkoutservice,0,0,0,0,0
2026-09-11T13:17:40Z,paymentservice,currencyservice,0,0,0,0,0
2026-09-11T13:17:40Z,paymentservice,emailservice,0,0,0,0,0
2026-09-11T13:17:40Z,paymentservice,frontend,0,0,0,0,0
2026-09-11T13:17:40Z,paymentservice,kubernetes,0,0,0,0,0
2026-09-11T13:17:40Z,paymentservice,paymentservice,0,0,0,0,0
2026-09-11T13:17:40Z,paymentservice,productcatalogservice,0,0,0,0,0
2026-09-11T13:17:40Z,paymentservice,recommendationservice,0,0,0,0,0
2026-09-11T13:17:40Z,paymentservice,redis-cart,0,0,0,0,0
2026-09-11T13:17:40Z,paymentservice,shippingservice,0,0,0,0,0
2026-09-11T13:17:40Z,productcatalogservice,adservice,0,0,0,0,0
2026-09-11T13:17:40Z,productcatalogservice,cartservice,0,0,0,0,0
2026-09-11T13:17:40Z,productcatalogservice,checkoutservice,0,0,0,0,0
2026-09-11T13:17:40Z,productcatalogservice,currencyservice,0,0,0,0,0
2026-09-11T13:17:40Z,productcatalogservice,emailservice,0,0,0,0,0
2026-09-11T13:17:40Z,productcatalogservice,frontend,0,0,0,0,0
2026-09-11T13:17:40Z,productcatalogservice,kubernetes,0,0,0,0,0
2026-09-11T13:17:40Z,productcatalogservice,paymentservice,0,0,0,0,0
2026-09-11T13:17:40Z,productcatalogservice,productcatalogservice,0,0,0,0,0
2026-09-11T13:17:40Z,productcatalogservice,recommendationservice,0,0,0,0,0
2026-09-11T13:17:40Z,productcatalogservice,redis-cart,0,0,0,0,0
2026-09-11T13:17:40Z,productcatalogservice,shippingservice,0,0,0,0,0
2026-09-11T13:17:40Z,recommendationservice,adservice,0,0,0,0,0
2026-09-11T13:17:40Z,recommendationservice,cartservice,0,0,0,0,0
2026-09-11T13:17:40Z,recommendationservice,checkoutservice,0,0,0,0,0
2026-09-11T13:17:40Z,recommendationservice,currencyservice,0,0,0,0,0
2026-09-11T13:17:40Z,recommendationservice,emailservice,0,0,0,0,0
2026-09-11T13:17:40Z,recommendationservice,frontend,0,0,0,0,0
2026-09-11T13:17:40Z,recommendationservice,kubernetes,0,0,0,0,0
2026-09-11T13:17:40Z,recommendationservice,paymentservice,0,0,0,0,0
2026-09-11T13:17:40Z,recommendationservice,productcatalogservice,162634,162634,0,0,0
2026-09-11T13:17:40Z,recommendationservice,recommendationservice,0,0,0,0,0
2026-09-11T13:17:40Z,recommendationservice,redis-cart,0,0,0,0,0
2026-09-11T13:17:40Z,recommendationservice,shippingservice,0,0,0,0,0
2026-09-11T13:17:40Z,redis-cart,adservice,0,0,0,0,0
2026-09-11T13:17:40Z,redis-cart,cartservice,0,0,0,0,0
2026-09-11T13:17:40Z,redis-cart,checkoutservice,0,0,0,0,0
2026-09-11T13:17:40Z,redis-cart,currencyservice,0,0,0,0,0
2026-09-11T13:17:40Z,redis-cart,emailservice,0,0,0,0,0
2026-09-11T13:17:40Z,redis-cart,frontend,0,0,0,0,0
2026-09-11T13:17:40Z,redis-cart,kubernetes,0,0,0,0,0
2026-09-11T13:17:40Z,redis-cart,paymentservice,0,0,0,0,0
2026-09-11T13:17:40Z,redis-cart,productcatalogservice,0,0,0,0,0
2026-09-11T13:17:40Z,redis-cart,recommendationservice,0,0,0,0,0
2026-09-11T13:17:40Z,redis-cart,redis-cart,0,0,0,0,0
2026-09-11T13:17:40Z,redis-cart,shippingservice,0,0,0,0,0
2026-09-11T13:17:40Z,shippingservice,adservice,0,0,0,0,0
2026-09-11T13:17:40Z,shippingservice,cartservice,0,0,0,0,0
2026-09-11T13:17:40Z,shippingservice,checkoutservice,0,0,0,0,0
2026-09-11T13:17:40Z,shippingservice,currencyservice,0,0,0,0,0
2026-09-11T13:17:40Z,shippingservice,emailservice,0,0,0,0,0
2026-09-11T13:17:40Z,shippingservice,frontend,0,0,0,0,0
2026-09-11T13:17:40Z,shippingservice,kubernetes,0,0,0,0,0
2026-09-11T13:17:40Z,shippingservice,paymentservice,0,0,0,0,0
2026-09-11T13:17:40Z,shippingservice,productcatalogservice,0,0,0,0,0
2026-09-11T13:17:40Z,shippingservice,recommendationservice,0,0,0,0,0
2026-09-11T13:17:40Z,shippingservice,redis-cart,0,0,0,0,0
2026-09-11T13:17:40Z,shippingservice,shippingservice,0,0,0,0,0
2026-09-11T13:17:43Z,adservice,adservice,0,0,0,0,0
2026-09-11T13:17:43Z,adservice,cartservice,0,0,0,0,0
2026-09-11T13:17:43Z,adservice,checkoutservice,0,0,0,0,0
2026-09-11T13:17:43Z,adservice,currencyservice,0,0,0,0,0
2026-09-11T13:17:43Z,adservice,emailservice,0,0,0,0,0
2026-09-11T13:17:43Z,adservice,frontend,0,0,0,0,0
2026-09-11T13:17:43Z,adservice,kubernetes,0,0,0,0,0
2026-09-11T13:17:43Z,adservice,paymentservice,0,0,0,0,0
2026-09-11T13:17:43Z,adservice,productcatalogservice,0,0,0,0,0
2026-09-11T13:17:43Z,adservice,recommendationservice,0,0,0,0,0
2026-09-11T13:17:43Z,adservice,redis-cart,0,0,0,0,0
2026-09-11T13:17:43Z,adservice,shippingservice,0,0,0,0,0
2026-09-11T13:17:43Z,cartservice,adservice,0,0,0,0,0
2026-09-11T13:17:43Z,cartservice,cartservice,0,0,0,0,0
2026-09-11T13:17:43Z,cartservice,checkoutservice,0,0,0,0,0
2026-09-11T13:17:43Z,cartservice,currencyservice,0,0,0,0,0
2026-09-11T13:17:43Z,cartservice,emailservice,0,0,0,0,0
2026-09-11T13:17:43Z,cartservice,frontend,0,0,0,0,0
2026-09-11T13:17:43Z,cartservice,kubernetes,0,0,0,0,0
2026-09-11T13:17:43Z,cartservice,paymentservice,0,0,0,0,0
2026-09-11T13:17:43Z,cartservice,productcatalogservice,0,0,0,0,0
2026-09-11T13:17:43Z,cartservice,recommendationservice,0,0,0,0,0
2026-09-11T13:17:43Z,cartservice,redis-cart,2,0,0,0,0
2026-09-11T13:17:43Z,cartservice,shippingservice,0,0,0,0,0
2026-09-11T13:17:43Z,checkoutservice,adservice,0,0,0,0,0
2026-09-11T13:17:43Z,checkoutservice,cartservice,20642,20642,0,0,0
2026-09-11T13:17:43Z,checkoutservice,checkoutservice,0,0,0,0,0
2026-09-11T13:17:43Z,checkoutservice,currencyservice,10321,10321,0,0,0
2026-09-11T13:17:43Z,checkoutservice,emailservice,10321,10321,0,0,0
2026-09-11T13:17:43Z,checkoutservice,frontend,0,0,0,0,0
2026-09-11T13:17:43Z,checkoutservice,kubernetes,0,0,0,0,0
2026-09-11T13:17:43Z,checkoutservice,paymentservice,10321,10321,0,0,0
2026-09-11T13:17:43Z,checkoutservice,productcatalogservice,0,0,0,0,0
2026-09-11T13:17:43Z,checkoutservice,recommendationservice,0,0,0,0,0
2026-09-11T13:17:43Z,checkoutservice,redis-cart,0,0,0,0,0
2026-09-11T13:17:43Z,checkoutservice,shippingservice,20642,20642,0,0,0
2026-09-11T13:17:43Z,currencyservice,adservice,0,0,0,0,0
2026-09-11T13:17:43Z,currencyservice,cartservice,0,0,0,0,0
2026-09-11T13:17:43Z,currencyservice,checkoutservice,0,0,0,0,0
2026-09-11T13:17:43Z,currencyservice,currencyservice,0,0,0,0,0
2026-09-11T13:17:43Z,currencyservice,emailservice,0,0,0,0,0
2026-09-11T13:17:43Z,currencyservice,frontend,0,0,0,0,0
2026-09-11T13:17:43Z,currencyservice,kubernetes,0,0,0,0,0
2026-09-11T13:17:43Z,currencyservice,paymentservice,0,0,0,0,0
2026-09-11T13:17:43Z,currencyservice,productcatalogservice,0,0,0,0,0
2026-09-11T13:17:43Z,currencyservice,recommendationservice,0,0,0,0,0
2026-09-11T13:17:43Z,currencyservice,redis-cart,0,0,0,0,0
2026-09-11T13:17:43Z,currencyservice,shippingservice,0,0,0,0,0
2026-09-11T13:17:43Z,emailservice,adservice,0,0,0,0,0
2026-09-11T13:17:43Z,emailservice,cartservice,0,0,0,0,0
2026-09-11T13:17:43Z,emailservice,checkoutservice,0,0,0,0,0
2026-09-11T13:17:43Z,emailservice,currencyservice,0,0,0,0,0
2026-09-11T13:17:43Z,emailservice,emailservice,0,0,0,0,0
2026-09-11T13:17:43Z,emailservice,frontend,0,0,0,0,0
2026-09-11T13:17:43Z,emailservice,kubernetes,0,0,0,0,0
2026-09-11T13:17:43Z,emailservice,paymentservice,0,0,0,0,0
2026-09-11T13:17:43Z,emailservice,productcatalogservice,0,0,0,0,0
2026-09-11T13:17:43Z,emailservice,recommendationservice,0,0,0,0,0
2026-09-11T13:17:43Z,emailservice,redis-cart,0,0,0,0,0
2026-09-11T13:17:43Z,emailservice,shippingservice,0,0,0,0,0
2026-09-11T13:17:43Z,frontend,adservice,54797,42160,0,479,0
2026-09-11T13:17:43Z,frontend,cartservice,250861,250802,0,0,0
2026-09-11T13:17:43Z,frontend,checkoutservice,10333,10333,0,0,0
2026-09-11T13:17:43Z,frontend,currencyservice,400954,400842,0,0,0
2026-09-11T13:17:43Z,frontend,emailservice,0,0,0,0,0
2026-09-11T13:17:43Z,frontend,frontend,0,0,0,0,0
2026-09-11T13:17:43Z,frontend,kubernetes,0,0,0,0,0
2026-09-11T13:17:43Z,frontend,paymentservice,0,0,0,0,0
2026-09-11T13:17:43Z,frontend,productcatalogservice,1001906,1001549,0,0,0
2026-09-11T13:17:43Z,frontend,recommendationservice,163165,163107,0,0,0
2026-09-11T13:17:43Z,frontend,redis-cart,0,0,0,0,0
2026-09-11T13:17:43Z,frontend,shippingservice,97550,97550,0,0,0
2026-09-11T13:17:43Z,paymentservice,adservice,0,0,0,0,0
2026-09-11T13:17:43Z,paymentservice,cartservice,0,0,0,0,0
2026-09-11T13:17:43Z,paymentservice,checkoutservice,0,0,0,0,0
2026-09-11T13:17:43Z,paymentservice,currencyservice,0,0,0,0,0
2026-09-11T13:17:43Z,paymentservice,emailservice,0,0,0,0,0
2026-09-11T13:17:43Z,paymentservice,frontend,0,0,0,0,0
2026-09-11T13:17:43Z,paymentservice,kubernetes,0,0,0,0,0
2026-09-11T13:17:43Z,paymentservice,paymentservice,0,0,0,0,0
2026-09-11T13:17:43Z,paymentservice,productcatalogservice,0,0,0,0,0
2026-09-11T13:17:43Z,paymentservice,recommendationservice,0,0,0,0,0
2026-09-11T13:17:43Z,paymentservice,redis-cart,0,0,0,0,0
2026-09-11T13:17:43Z,paymentservice,shippingservice,0,0,0,0,0
2026-09-11T13:17:43Z,productcatalogservice,adservice,0,0,0,0,0
2026-09-11T13:17:43Z,productcatalogservice,cartservice,0,0,0,0,0
2026-09-11T13:17:43Z,productcatalogservice,checkoutservice,0,0,0,0,0
2026-09-11T13:17:43Z,productcatalogservice,currencyservice,0,0,0,0,0
2026-09-11T13:17:43Z,productcatalogservice,emailservice,0,0,0,0,0
2026-09-11T13:17:43Z,productcatalogservice,frontend,0,0,0,0,0
2026-09-11T13:17:43Z,productcatalogservice,kubernetes,0,0,0,0,0
2026-09-11T13:17:43Z,productcatalogservice,paymentservice,0,0,0,0,0
2026-09-11T13:17:43Z,productcatalogservice,productcatalogservice,0,0,0,0,0
2026-09-11T13:17:43Z,productcatalogservice,recommendationservice,0,0,0,0,0
2026-09-11T13:17:43Z,productcatalogservice,redis-cart,0,0,0,0,0
2026-09-11T13:17:43Z,productcatalogservice,shippingservice,0,0,0,0,0
2026-09-11T13:17:43Z,recommendationservice,adservice,0,0,0,0,0
2026-09-11T13:17:43Z,recommendationservice,cartservice,0,0,0,0,0
2026-09-11T13:17:43Z,recommendationservice,checkoutservice,0,0,0,0,0
2026-09-11T13:17:43Z,recommendationservice,currencyservice,0,0,0,0,0
2026-09-11T13:17:43Z,recommendationservice,emailservice,0,0,0,0,0
2026-09-11T13:17:43Z,recommendationservice,frontend,0,0,0,0,0
2026-09-11T13:17:43Z,recommendationservice,kubernetes,0,0,0,0,0
2026-09-11T13:17:43Z,recommendationservice,paymentservice,0,0,0,0,0
2026-09-11T13:17:43Z,recommendationservice,productcatalogservice,163338,163338,0,0,0
2026-09-11T13:17:43Z,recommendationservice,recommendationservice,0,0,0,0,0
2026-09-11T13:17:43Z,recommendationservice,redis-cart,0,0,0,0,0
2026-09-11T13:17:43Z,recommendationservice,shippingservice,0,0,0,0,0
2026-09-11T13:17:43Z,redis-cart,adservice,0,0,0,0,0
2026-09-11T13:17:43Z,redis-cart,cartservice,0,0,0,0,0
2026-09-11T13:17:43Z,redis-cart,checkoutservice,0,0,0,0,0
2026-09-11T13:17:43Z,redis-cart,currencyservice,0,0,0,0,0
2026-09-11T13:17:43Z,redis-cart,emailservice,0,0,0,0,0
2026-09-11T13:17:43Z,redis-cart,frontend,0,0,0,0,0
2026-09-11T13:17:43Z,redis-cart,kubernetes,0,0,0,0,0
2026-09-11T13:17:43Z,redis-cart,paymentservice,0,0,0,0,0
2026-09-11T13:17:43Z,redis-cart,productcatalogservice,0,0,0,0,0
2026-09-11T13:17:43Z,redis-cart,recommendationservice,0,0,0,0,0
2026-09-11T13:17:43Z,redis-cart,redis-cart,0,0,0,0,0
2026-09-11T13:17:43Z,redis-cart,shippingservice,0,0,0,0,0
2026-09-11T13:17:43Z,shippingservice,adservice,0,0,0,0,0
2026-09-11T13:17:43Z,shippingservice,cartservice,0,0,0,0,0
2026-09-11T13:17:43Z,shippingservice,checkoutservice,0,0,0,0,0
2026-09-11T13:17:43Z,shippingservice,currencyservice,0,0,0,0,0
2026-09-11T13:17:43Z,shippingservice,emailservice,0,0,0,0,0
2026-09-11T13:17:43Z,shippingservice,frontend,0,0,0,0,0
2026-09-11T13:17:43Z,shippingservice,kubernetes,0,0,0,0,0
2026-09-11T13:17:43Z,shippingservice,paymentservice,0,0,0,0,0
2026-09-11T13:17:43Z,shippingservice,productcatalogservice,0,0,0,0,0
2026-09-11T13:17:43Z,shippingservice,recommendationservice,0,0,0,0,0
2026-09-11T13:17:43Z,shippingservice,redis-cart,0,0,0,0,0
2026-09-11T13:17:43Z,shippingservice,shippingservice,0,0,0,0,0
2026-09-11T13:17:46Z,adservice,adservice,0,0,0,0,0
2026-09-11T13:17:46Z,adservice,cartservice,0,0,0,0,0
2026-09-11T13:17:46Z,adservice,checkoutservice,0,0,0,0,0
2026-09-11T13:17:46Z,adservice,currencyservice,0,0,0,0,0
2026-09-11T13:17:46Z,adservice,emailservice,0,0,0,0,0
2026-09-11T13:17:46Z,adservice,frontend,0,0,0,0,0
2026-09-11T13:17:46Z,adservice,kubernetes,0,0,0,0,0
2026-09-11T13:17:46Z,adservice,paymentservice,0,0,0,0,0
2026-09-11T13:17:46Z,adservice,productcatalogservice,0,0,0,0,0
2026-09-11T13:17:46Z,adservice,recommendationservice,0,0,0,0,0
2026-09-11T13:17:46Z,adservice,redis-cart,0,0,0,0,0
2026-09-11T13:17:46Z,adservice,shippingservice,0,0,0,0,0
2026-09-11T13:17:46Z,cartservice,adservice,0,0,0,0,0
2026-09-11T13:17:46Z,cartservice,cartservice,0,0,0,0,0
2026-09-11T13:17:46Z,cartservice,checkoutservice,0,0,0,0,0
2026-09-11T13:17:46Z,cartservice,currencyservice,0,0,0,0,0
2026-09-11T13:17:46Z,cartservice,emailservice,0,0,0,0,0
2026-09-11T13:17:46Z,cartservice,frontend,0,0,0,0,0
2026-09-11T13:17:46Z,cartservice,kubernetes,0,0,0,0,0
2026-09-11T13:17:46Z,cartservice,paymentservice,0,0,0,0,0
2026-09-11T13:17:46Z,cartservice,productcatalogservice,0,0,0,0,0
2026-09-11T13:17:46Z,cartservice,recommendationservice,0,0,0,0,0
2026-09-11T13:17:46Z,cartservice,redis-cart,2,0,0,0,0
2026-09-11T13:17:46Z,cartservice,shippingservice,0,0,0,0,0
2026-09-11T13:17:46Z,checkoutservice,adservice,0,0,0,0,0
2026-09-11T13:17:46Z,checkoutservice,cartservice,20744,20744,0,0,0
2026-09-11T13:17:46Z,checkoutservice,checkoutservice,0,0,0,0,0
2026-09-11T13:17:46Z,checkoutservice,currencyservice,10372,10372,0,0,0
2026-09-11T13:17:46Z,checkoutservice,emailservice,10372,10372,0,0,0
2026-09-11T13:17:46Z,checkoutservice,frontend,0,0,0,0,0
2026-09-11T13:17:46Z,checkoutservice,kubernetes,0,0,0,0,0
2026-09-11T13:17:46Z,checkoutservice,paymentservice,10372,10372,0,0,0
2026-09-11T13:17:46Z,checkoutservice,productcatalogservice,0,0,0,0,0
2026-09-11T13:17:46Z,checkoutservice,recommendationservice,0,0,0,0,0
2026-09-11T13:17:46Z,checkoutservice,redis-cart,0,0,0,0,0
2026-09-11T13:17:46Z,checkoutservice,shippingservice,20744,20744,0,0,0
2026-09-11T13:17:46Z,currencyservice,adservice,0,0,0,0,0
2026-09-11T13:17:46Z,currencyservice,cartservice,0,0,0,0,0
2026-09-11T13:17:46Z,currencyservice,checkoutservice,0,0,0,0,0
2026-09-11T13:17:46Z,currencyservice,currencyservice,0,0,0,0,0
2026-09-11T13:17:46Z,currencyservice,emailservice,0,0,0,0,0
2026-09-11T13:17:46Z,currencyservice,frontend,0,0,0,0,0
2026-09-11T13:17:46Z,currencyservice,kubernetes,0,0,0,0,0
2026-09-11T13:17:46Z,currencyservice,paymentservice,0,0,0,0,0
2026-09-11T13:17:46Z,currencyservice,productcatalogservice,0,0,0,0,0
2026-09-11T13:17:46Z,currencyservice,recommendationservice,0,0,0,0,0
2026-09-11T13:17:46Z,currencyservice,redis-cart,0,0,0,0,0
2026-09-11T13:17:46Z,currencyservice,shippingservice,0,0,0,0,0
2026-09-11T13:17:46Z,emailservice,adservice,0,0,0,0,0
2026-09-11T13:17:46Z,emailservice,cartservice,0,0,0,0,0
2026-09-11T13:17:46Z,emailservice,checkoutservice,0,0,0,0,0
2026-09-11T13:17:46Z,emailservice,currencyservice,0,0,0,0,0
2026-09-11T13:17:46Z,emailservice,emailservice,0,0,0,0,0
2026-09-11T13:17:46Z,emailservice,frontend,0,0,0,0,0
2026-09-11T13:17:46Z,emailservice,kubernetes,0,0,0,0,0
2026-09-11T13:17:46Z,emailservice,paymentservice,0,0,0,0,0
2026-09-11T13:17:46Z,emailservice,productcatalogservice,0,0,0,0,0
2026-09-11T13:17:46Z,emailservice,recommendationservice,0,0,0,0,0
2026-09-11T13:17:46Z,emailservice,redis-cart,0,0,0,0,0
2026-09-11T13:17:46Z,emailservice,shippingservice,0,0,0,0,0
2026-09-11T13:17:46Z,frontend,adservice,55008,42371,0,479,0
2026-09-11T13:17:46Z,frontend,cartservice,251996,251968,0,0,0
2026-09-11T13:17:46Z,frontend,checkoutservice,10375,10375,0,0,0
2026-09-11T13:17:46Z,frontend,currencyservice,402764,402686,0,0,0
2026-09-11T13:17:46Z,frontend,emailservice,0,0,0,0,0
2026-09-11T13:17:46Z,frontend,frontend,0,0,0,0,0
2026-09-11T13:17:46Z,frontend,kubernetes,0,0,0,0,0
2026-09-11T13:17:46Z,frontend,paymentservice,0,0,0,0,0
2026-09-11T13:17:46Z,frontend,productcatalogservice,1006437,1005807,0,0,0
2026-09-11T13:17:46Z,frontend,recommendationservice,163935,163894,0,0,0
2026-09-11T13:17:46Z,frontend,redis-cart,0,0,0,0,0
2026-09-11T13:17:46Z,frontend,shippingservice,97952,97952,0,0,0
2026-09-11T13:17:46Z,paymentservice,adservice,0,0,0,0,0
2026-09-11T13:17:46Z,paymentservice,cartservice,0,0,0,0,0
2026-09-11T13:17:46Z,paymentservice,checkoutservice,0,0,0,0,0
2026-09-11T13:17:46Z,paymentservice,currencyservice,0,0,0,0,0
2026-09-11T13:17:46Z,paymentservice,emailservice,0,0,0,0,0
2026-09-11T13:17:46Z,paymentservice,frontend,0,0,0,0,0
2026-09-11T13:17:46Z,paymentservice,kubernetes,0,0,0,0,0
2026-09-11T13:17:46Z,paymentservice,paymentservice,0,0,0,0,0
2026-09-11T13:17:46Z,paymentservice,productcatalogservice,0,0,0,0,0
2026-09-11T13:17:46Z,paymentservice,recommendationservice,0,0,0,0,0
2026-09-11T13:17:46Z,paymentservice,redis-cart,0,0,0,0,0
2026-09-11T13:17:46Z,paymentservice,shippingservice,0,0,0,0,0
2026-09-11T13:17:46Z,productcatalogservice,adservice,0,0,0,0,0
2026-09-11T13:17:46Z,productcatalogservice,cartservice,0,0,0,0,0
2026-09-11T13:17:46Z,productcatalogservice,checkoutservice,0,0,0,0,0
2026-09-11T13:17:46Z,productcatalogservice,currencyservice,0,0,0,0,0
2026-09-11T13:17:46Z,productcatalogservice,emailservice,0,0,0,0,0
2026-09-11T13:17:46Z,productcatalogservice,frontend,0,0,0,0,0
2026-09-11T13:17:46Z,productcatalogservice,kubernetes,0,0,0,0,0
2026-09-11T13:17:46Z,productcatalogservice,paymentservice,0,0,0,0,0
2026-09-11T13:17:46Z,productcatalogservice,productcatalogservice,0,0,0,0,0
2026-09-11T13:17:46Z,productcatalogservice,recommendationservice,0,0,0,0,0
2026-09-11T13:17:46Z,productcatalogservice,redis-cart,0,0,0,0,0
2026-09-11T13:17:46Z,productcatalogservice,shippingservice,0,0,0,0,0
2026-09-11T13:17:46Z,recommendationservice,adservice,0,0,0,0,0
2026-09-11T13:17:46Z,recommendationservice,cartservice,0,0,0,0,0
2026-09-11T13:17:46Z,recommendationservice,checkoutservice,0,0,0,0,0
2026-09-11T13:17:46Z,recommendationservice,currencyservice,0,0,0,0,0
2026-09-11T13:17:46Z,recommendationservice,emailservice,0,0,0,0,0
2026-09-11T13:17:46Z,recommendationservice,frontend,0,0,0,0,0
2026-09-11T13:17:46Z,recommendationservice,kubernetes,0,0,0,0,0
2026-09-11T13:17:46Z,recommendationservice,paymentservice,0,0,0,0,0
2026-09-11T13:17:46Z,recommendationservice,productcatalogservice,164065,164065,0,0,0
2026-09-11T13:17:46Z,recommendationservice,recommendationservice,0,0,0,0,0
2026-09-11T13:17:46Z,recommendationservice,redis-cart,0,0,0,0,0
2026-09-11T13:17:46Z,recommendationservice,shippingservice,0,0,0,0,0
2026-09-11T13:17:46Z,redis-cart,adservice,0,0,0,0,0
2026-09-11T13:17:46Z,redis-cart,cartservice,0,0,0,0,0
2026-09-11T13:17:46Z,redis-cart,checkoutservice,0,0,0,0,0
2026-09-11T13:17:46Z,redis-cart,currencyservice,0,0,0,0,0
2026-09-11T13:17:46Z,redis-cart,emailservice,0,0,0,0,0
2026-09-11T13:17:46Z,redis-cart,frontend,0,0,0,0,0
2026-09-11T13:17:46Z,redis-cart,kubernetes,0,0,0,0,0
2026-09-11T13:17:46Z,redis-cart,paymentservice,0,0,0,0,0
2026-09-11T13:17:46Z,redis-cart,productcatalogservice,0,0,0,0,0
2026-09-11T13:17:46Z,redis-cart,recommendationservice,0,0,0,0,0
2026-09-11T13:17:46Z,redis-cart,redis-cart,0,0,0,0,0
2026-09-11T13:17:46Z,redis-cart,shippingservice,0,0,0,0,0
2026-09-11T13:17:46Z,shippingservice,adservice,0,0,0,0,0
2026-09-11T13:17:46Z,shippingservice,cartservice,0,0,0,0,0
2026-09-11T13:17:46Z,shippingservice,checkoutservice,0,0,0,0,0
2026-09-11T13:17:46Z,shippingservice,currencyservice,0,0,0,0,0
2026-09-11T13:17:46Z,shippingservice,emailservice,0,0,0,0,0
2026-09-11T13:17:46Z,shippingservice,frontend,0,0,0,0,0
2026-09-11T13:17:46Z,shippingservice,kubernetes,0,0,0,0,0
2026-09-11T13:17:46Z,shippingservice,paymentservice,0,0,0,0,0
2026-09-11T13:17:46Z,shippingservice,productcatalogservice,0,0,0,0,0
2026-09-11T13:17:46Z,shippingservice,recommendationservice,0,0,0,0,0
2026-09-11T13:17:46Z,shippingservice,redis-cart,0,0,0,0,0
2026-09-11T13:17:46Z,shippingservice,shippingservice,0,0,0,0,0
2026-09-11T13:17:49Z,adservice,adservice,0,0,0,0,0
2026-09-11T13:17:49Z,adservice,cartservice,0,0,0,0,0
2026-09-11T13:17:49Z,adservice,checkoutservice,0,0,0,0,0
2026-09-11T13:17:49Z,adservice,currencyservice,0,0,0,0,0
2026-09-11T13:17:49Z,adservice,emailservice,0,0,0,0,0
2026-09-11T13:17:49Z,adservice,frontend,0,0,0,0,0
2026-09-11T13:17:49Z,adservice,kubernetes,0,0,0,0,0
2026-09-11T13:17:49Z,adservice,paymentservice,0,0,0,0,0
2026-09-11T13:17:49Z,adservice,productcatalogservice,0,0,0,0,0
2026-09-11T13:17:49Z,adservice,recommendationservice,0,0,0,0,0
2026-09-11T13:17:49Z,adservice,redis-cart,0,0,0,0,0
2026-09-11T13:17:49Z,adservice,shippingservice,0,0,0,0,0
2026-09-11T13:17:49Z,cartservice,adservice,0,0,0,0,0
2026-09-11T13:17:49Z,cartservice,cartservice,0,0,0,0,0
2026-09-11T13:17:49Z,cartservice,checkoutservice,0,0,0,0,0
2026-09-11T13:17:49Z,cartservice,currencyservice,0,0,0,0,0
2026-09-11T13:17:49Z,cartservice,emailservice,0,0,0,0,0
2026-09-11T13:17:49Z,cartservice,frontend,0,0,0,0,0
2026-09-11T13:17:49Z,cartservice,kubernetes,0,0,0,0,0
2026-09-11T13:17:49Z,cartservice,paymentservice,0,0,0,0,0
2026-09-11T13:17:49Z,cartservice,productcatalogservice,0,0,0,0,0
2026-09-11T13:17:49Z,cartservice,recommendationservice,0,0,0,0,0
2026-09-11T13:17:49Z,cartservice,redis-cart,2,0,0,0,0
2026-09-11T13:17:49Z,cartservice,shippingservice,0,0,0,0,0
2026-09-11T13:17:49Z,checkoutservice,adservice,0,0,0,0,0
2026-09-11T13:17:49Z,checkoutservice,cartservice,20826,20826,0,0,0
2026-09-11T13:17:49Z,checkoutservice,checkoutservice,0,0,0,0,0
2026-09-11T13:17:49Z,checkoutservice,currencyservice,10413,10413,0,0,0
2026-09-11T13:17:49Z,checkoutservice,emailservice,10413,10413,0,0,0
2026-09-11T13:17:49Z,checkoutservice,frontend,0,0,0,0,0
2026-09-11T13:17:49Z,checkoutservice,kubernetes,0,0,0,0,0
2026-09-11T13:17:49Z,checkoutservice,paymentservice,10413,10413,0,0,0
2026-09-11T13:17:49Z,checkoutservice,productcatalogservice,0,0,0,0,0
2026-09-11T13:17:49Z,checkoutservice,recommendationservice,0,0,0,0,0
2026-09-11T13:17:49Z,checkoutservice,redis-cart,0,0,0,0,0
2026-09-11T13:17:49Z,checkoutservice,shippingservice,20826,20826,0,0,0
2026-09-11T13:17:49Z,currencyservice,adservice,0,0,0,0,0
2026-09-11T13:17:49Z,currencyservice,cartservice,0,0,0,0,0
2026-09-11T13:17:49Z,currencyservice,checkoutservice,0,0,0,0,0
2026-09-11T13:17:49Z,currencyservice,currencyservice,0,0,0,0,0
2026-09-11T13:17:49Z,currencyservice,emailservice,0,0,0,0,0
2026-09-11T13:17:49Z,currencyservice,frontend,0,0,0,0,0
2026-09-11T13:17:49Z,currencyservice,kubernetes,0,0,0,0,0
2026-09-11T13:17:49Z,currencyservice,paymentservice,0,0,0,0,0
2026-09-11T13:17:49Z,currencyservice,productcatalogservice,0,0,0,0,0
2026-09-11T13:17:49Z,currencyservice,recommendationservice,0,0,0,0,0
2026-09-11T13:17:49Z,currencyservice,redis-cart,0,0,0,0,0
2026-09-11T13:17:49Z,currencyservice,shippingservice,0,0,0,0,0
2026-09-11T13:17:49Z,emailservice,adservice,0,0,0,0,0
2026-09-11T13:17:49Z,emailservice,cartservice,0,0,0,0,0
2026-09-11T13:17:49Z,emailservice,checkoutservice,0,0,0,0,0
2026-09-11T13:17:49Z,emailservice,currencyservice,0,0,0,0,0
2026-09-11T13:17:49Z,emailservice,emailservice,0,0,0,0,0
2026-09-11T13:17:49Z,emailservice,frontend,0,0,0,0,0
2026-09-11T13:17:49Z,emailservice,kubernetes,0,0,0,0,0
2026-09-11T13:17:49Z,emailservice,paymentservice,0,0,0,0,0
2026-09-11T13:17:49Z,emailservice,productcatalogservice,0,0,0,0,0
2026-09-11T13:17:49Z,emailservice,recommendationservice,0,0,0,0,0
2026-09-11T13:17:49Z,emailservice,redis-cart,0,0,0,0,0
2026-09-11T13:17:49Z,emailservice,shippingservice,0,0,0,0,0
2026-09-11T13:17:49Z,frontend,adservice,55269,42632,0,479,0
2026-09-11T13:17:49Z,frontend,cartservice,253029,252995,0,0,0
2026-09-11T13:17:49Z,frontend,checkoutservice,10427,10427,0,0,0
2026-09-11T13:17:49Z,frontend,currencyservice,404505,404427,0,0,0
2026-09-11T13:17:49Z,frontend,emailservice,0,0,0,0,0
2026-09-11T13:17:49Z,frontend,frontend,0,0,0,0,0
2026-09-11T13:17:49Z,frontend,kubernetes,0,0,0,0,0
2026-09-11T13:17:49Z,frontend,paymentservice,0,0,0,0,0
2026-09-11T13:17:49Z,frontend,productcatalogservice,1010741,1010377,0,0,0
2026-09-11T13:17:49Z,frontend,recommendationservice,164602,164569,0,0,0
2026-09-11T13:17:49Z,frontend,redis-cart,0,0,0,0,0
2026-09-11T13:17:49Z,frontend,shippingservice,98445,98429,0,0,0
2026-09-11T13:17:49Z,paymentservice,adservice,0,0,0,0,0
2026-09-11T13:17:49Z,paymentservice,cartservice,0,0,0,0,0
2026-09-11T13:17:49Z,paymentservice,checkoutservice,0,0,0,0,0
2026-09-11T13:17:49Z,paymentservice,currencyservice,0,0,0,0,0
2026-09-11T13:17:49Z,paymentservice,emailservice,0,0,0,0,0
2026-09-11T13:17:49Z,paymentservice,frontend,0,0,0,0,0
2026-09-11T13:17:49Z,paymentservice,kubernetes,0,0,0,0,0
2026-09-11T13:17:49Z,paymentservice,paymentservice,0,0,0,0,0
2026-09-11T13:17:49Z,paymentservice,productcatalogservice,0,0,0,0,0
2026-09-11T13:17:49Z,paymentservice,recommendationservice,0,0,0,0,0
2026-09-11T13:17:49Z,paymentservice,redis-cart,0,0,0,0,0
2026-09-11T13:17:49Z,paymentservice,shippingservice,0,0,0,0,0
2026-09-11T13:17:49Z,productcatalogservice,adservice,0,0,0,0,0
2026-09-11T13:17:49Z,productcatalogservice,cartservice,0,0,0,0,0
2026-09-11T13:17:49Z,productcatalogservice,checkoutservice,0,0,0,0,0
2026-09-11T13:17:49Z,productcatalogservice,currencyservice,0,0,0,0,0
2026-09-11T13:17:49Z,productcatalogservice,emailservice,0,0,0,0,0
2026-09-11T13:17:49Z,productcatalogservice,frontend,0,0,0,0,0
2026-09-11T13:17:49Z,productcatalogservice,kubernetes,0,0,0,0,0
2026-09-11T13:17:49Z,productcatalogservice,paymentservice,0,0,0,0,0
2026-09-11T13:17:49Z,productcatalogservice,productcatalogservice,0,0,0,0,0
2026-09-11T13:17:49Z,productcatalogservice,recommendationservice,0,0,0,0,0
2026-09-11T13:17:49Z,productcatalogservice,redis-cart,0,0,0,0,0
2026-09-11T13:17:49Z,productcatalogservice,shippingservice,0,0,0,0,0
2026-09-11T13:17:49Z,recommendationservice,adservice,0,0,0,0,0
2026-09-11T13:17:49Z,recommendationservice,cartservice,0,0,0,0,0
2026-09-11T13:17:49Z,recommendationservice,checkoutservice,0,0,0,0,0
2026-09-11T13:17:49Z,recommendationservice,currencyservice,0,0,0,0,0
2026-09-11T13:17:49Z,recommendationservice,emailservice,0,0,0,0,0
2026-09-11T13:17:49Z,recommendationservice,frontend,0,0,0,0,0
2026-09-11T13:17:49Z,recommendationservice,kubernetes,0,0,0,0,0
2026-09-11T13:17:49Z,recommendationservice,paymentservice,0,0,0,0,0
2026-09-11T13:17:49Z,recommendationservice,productcatalogservice,164730,164730,0,0,0
2026-09-11T13:17:49Z,recommendationservice,recommendationservice,0,0,0,0,0
2026-09-11T13:17:49Z,recommendationservice,redis-cart,0,0,0,0,0
2026-09-11T13:17:49Z,recommendationservice,shippingservice,0,0,0,0,0
2026-09-11T13:17:49Z,redis-cart,adservice,0,0,0,0,0
2026-09-11T13:17:49Z,redis-cart,cartservice,0,0,0,0,0
2026-09-11T13:17:49Z,redis-cart,checkoutservice,0,0,0,0,0
2026-09-11T13:17:49Z,redis-cart,currencyservice,0,0,0,0,0
2026-09-11T13:17:49Z,redis-cart,emailservice,0,0,0,0,0
2026-09-11T13:17:49Z,redis-cart,frontend,0,0,0,0,0
2026-09-11T13:17:49Z,redis-cart,kubernetes,0,0,0,0,0
2026-09-11T13:17:49Z,redis-cart,paymentservice,0,0,0,0,0
2026-09-11T13:17:49Z,redis-cart,productcatalogservice,0,0,0,0,0
2026-09-11T13:17:49Z,redis-cart,recommendationservice,0,0,0,0,0
2026-09-11T13:17:49Z,redis-cart,redis-cart,0,0,0,0,0
2026-09-11T13:17:49Z,redis-cart,shippingservice,0,0,0,0,0
2026-09-11T13:17:49Z,shippingservice,adservice,0,0,0,0,0
2026-09-11T13:17:49Z,shippingservice,cartservice,0,0,0,0,0
2026-09-11T13:17:49Z,shippingservice,checkoutservice,0,0,0,0,0
2026-09-11T13:17:49Z,shippingservice,currencyservice,0,0,0,0,0
2026-09-11T13:17:49Z,shippingservice,emailservice,0,0,0,0,0
2026-09-11T13:17:49Z,shippingservice,frontend,0,0,0,0,0
2026-09-11T13:17:49Z,shippingservice,kubernetes,0,0,0,0,0
2026-09-11T13:17:49Z,shippingservice,paymentservice,0,0,0,0,0
2026-09-11T13:17:49Z,shippingservice,productcatalogservice,0,0,0,0,0
2026-09-11T13:17:49Z,shippingservice,recommendationservice,0,0,0,0,0
2026-09-11T13:17:49Z,shippingservice,redis-cart,0,0,0,0,0
2026-09-11T13:17:49Z,shippingservice,shippingservice,0,0,0,0,0
2026-09-11T13:17:52Z,adservice,adservice,0,0,0,0,0
2026-09-11T13:17:52Z,adservice,cartservice,0,0,0,0,0
2026-09-11T13:17:52Z,adservice,checkoutservice,0,0,0,0,0
2026-09-11T13:17:52Z,adservice,currencyservice,0,0,0,0,0
2026-09-11T13:17:52Z,adservice,emailservice,0,0,0,0,0
2026-09-11T13:17:52Z,adservice,frontend,0,0,0,0,0
2026-09-11T13:17:52Z,adservice,kubernetes,0,0,0,0,0
2026-09-11T13:17:52Z,adservice,paymentservice,0,0,0,0,0
2026-09-11T13:17:52Z,adservice,productcatalogservice,0,0,0,0,0
2026-09-11T13:17:52Z,adservice,recommendationservice,0,0,0,0,0
2026-09-11T13:17:52Z,adservice,redis-cart,0,0,0,0,0
2026-09-11T13:17:52Z,adservice,shippingservice,0,0,0,0,0
2026-09-11T13:17:52Z,cartservice,adservice,0,0,0,0,0
2026-09-11T13:17:52Z,cartservice,cartservice,0,0,0,0,0
2026-09-11T13:17:52Z,cartservice,checkoutservice,0,0,0,0,0
2026-09-11T13:17:52Z,cartservice,currencyservice,0,0,0,0,0
2026-09-11T13:17:52Z,cartservice,emailservice,0,0,0,0,0
2026-09-11T13:17:52Z,cartservice,frontend,0,0,0,0,0
2026-09-11T13:17:52Z,cartservice,kubernetes,0,0,0,0,0
2026-09-11T13:17:52Z,cartservice,paymentservice,0,0,0,0,0
2026-09-11T13:17:52Z,cartservice,productcatalogservice,0,0,0,0,0
2026-09-11T13:17:52Z,cartservice,recommendationservice,0,0,0,0,0
2026-09-11T13:17:52Z,cartservice,redis-cart,2,0,0,0,0
2026-09-11T13:17:52Z,cartservice,shippingservice,0,0,0,0,0
2026-09-11T13:17:52Z,checkoutservice,adservice,0,0,0,0,0
2026-09-11T13:17:52Z,checkoutservice,cartservice,20920,20920,0,0,0
2026-09-11T13:17:52Z,checkoutservice,checkoutservice,0,0,0,0,0
2026-09-11T13:17:52Z,checkoutservice,currencyservice,10460,10460,0,0,0
2026-09-11T13:17:52Z,checkoutservice,emailservice,10460,10460,0,0,0
2026-09-11T13:17:52Z,checkoutservice,frontend,0,0,0,0,0
2026-09-11T13:17:52Z,checkoutservice,kubernetes,0,0,0,0,0
2026-09-11T13:17:52Z,checkoutservice,paymentservice,10460,10460,0,0,0
2026-09-11T13:17:52Z,checkoutservice,productcatalogservice,0,0,0,0,0
2026-09-11T13:17:52Z,checkoutservice,recommendationservice,0,0,0,0,0
2026-09-11T13:17:52Z,checkoutservice,redis-cart,0,0,0,0,0
2026-09-11T13:17:52Z,checkoutservice,shippingservice,20920,20920,0,0,0
2026-09-11T13:17:52Z,currencyservice,adservice,0,0,0,0,0
2026-09-11T13:17:52Z,currencyservice,cartservice,0,0,0,0,0
2026-09-11T13:17:52Z,currencyservice,checkoutservice,0,0,0,0,0
2026-09-11T13:17:52Z,currencyservice,currencyservice,0,0,0,0,0
2026-09-11T13:17:52Z,currencyservice,emailservice,0,0,0,0,0
2026-09-11T13:17:52Z,currencyservice,frontend,0,0,0,0,0
2026-09-11T13:17:52Z,currencyservice,kubernetes,0,0,0,0,0
2026-09-11T13:17:52Z,currencyservice,paymentservice,0,0,0,0,0
2026-09-11T13:17:52Z,currencyservice,productcatalogservice,0,0,0,0,0
2026-09-11T13:17:52Z,currencyservice,recommendationservice,0,0,0,0,0
2026-09-11T13:17:52Z,currencyservice,redis-cart,0,0,0,0,0
2026-09-11T13:17:52Z,currencyservice,shippingservice,0,0,0,0,0
2026-09-11T13:17:52Z,emailservice,adservice,0,0,0,0,0
2026-09-11T13:17:52Z,emailservice,cartservice,0,0,0,0,0
2026-09-11T13:17:52Z,emailservice,checkoutservice,0,0,0,0,0
2026-09-11T13:17:52Z,emailservice,currencyservice,0,0,0,0,0
2026-09-11T13:17:52Z,emailservice,emailservice,0,0,0,0,0
2026-09-11T13:17:52Z,emailservice,frontend,0,0,0,0,0
2026-09-11T13:17:52Z,emailservice,kubernetes,0,0,0,0,0
2026-09-11T13:17:52Z,emailservice,paymentservice,0,0,0,0,0
2026-09-11T13:17:52Z,emailservice,productcatalogservice,0,0,0,0,0
2026-09-11T13:17:52Z,emailservice,recommendationservice,0,0,0,0,0
2026-09-11T13:17:52Z,emailservice,redis-cart,0,0,0,0,0
2026-09-11T13:17:52Z,emailservice,shippingservice,0,0,0,0,0
2026-09-11T13:17:52Z,frontend,adservice,55485,42848,0,479,0
2026-09-11T13:17:52Z,frontend,cartservice,254127,254099,0,0,0
2026-09-11T13:17:52Z,frontend,checkoutservice,10474,10474,0,0,0
2026-09-11T13:17:52Z,frontend,currencyservice,406307,406209,0,0,0
2026-09-11T13:17:52Z,frontend,emailservice,0,0,0,0,0
2026-09-11T13:17:52Z,frontend,frontend,0,0,0,0,0
2026-09-11T13:17:52Z,frontend,kubernetes,0,0,0,0,0
2026-09-11T13:17:52Z,frontend,paymentservice,0,0,0,0,0
2026-09-11T13:17:52Z,frontend,productcatalogservice,1014994,1014518,0,0,0
2026-09-11T13:17:52Z,frontend,recommendationservice,165271,165233,0,0,0
2026-09-11T13:17:52Z,frontend,redis-cart,0,0,0,0,0
2026-09-11T13:17:52Z,frontend,shippingservice,98826,98826,0,0,0
2026-09-11T13:17:52Z,paymentservice,adservice,0,0,0,0,0
2026-09-11T13:17:52Z,paymentservice,cartservice,0,0,0,0,0
2026-09-11T13:17:52Z,paymentservice,checkoutservice,0,0,0,0,0
2026-09-11T13:17:52Z,paymentservice,currencyservice,0,0,0,0,0
2026-09-11T13:17:52Z,paymentservice,emailservice,0,0,0,0,0
2026-09-11T13:17:52Z,paymentservice,frontend,0,0,0,0,0
2026-09-11T13:17:52Z,paymentservice,kubernetes,0,0,0,0,0
2026-09-11T13:17:52Z,paymentservice,paymentservice,0,0,0,0,0
2026-09-11T13:17:52Z,paymentservice,productcatalogservice,0,0,0,0,0
2026-09-11T13:17:52Z,paymentservice,recommendationservice,0,0,0,0,0
2026-09-11T13:17:52Z,paymentservice,redis-cart,0,0,0,0,0
2026-09-11T13:17:52Z,paymentservice,shippingservice,0,0,0,0,0
2026-09-11T13:17:52Z,productcatalogservice,adservice,0,0,0,0,0
2026-09-11T13:17:52Z,productcatalogservice,cartservice,0,0,0,0,0
2026-09-11T13:17:52Z,productcatalogservice,checkoutservice,0,0,0,0,0
2026-09-11T13:17:52Z,productcatalogservice,currencyservice,0,0,0,0,0
2026-09-11T13:17:52Z,productcatalogservice,emailservice,0,0,0,0,0
2026-09-11T13:17:52Z,productcatalogservice,frontend,0,0,0,0,0
2026-09-11T13:17:52Z,productcatalogservice,kubernetes,0,0,0,0,0
2026-09-11T13:17:52Z,productcatalogservice,paymentservice,0,0,0,0,0
2026-09-11T13:17:52Z,productcatalogservice,productcatalogservice,0,0,0,0,0
2026-09-11T13:17:52Z,productcatalogservice,recommendationservice,0,0,0,0,0
2026-09-11T13:17:52Z,productcatalogservice,redis-cart,0,0,0,0,0
2026-09-11T13:17:52Z,productcatalogservice,shippingservice,0,0,0,0,0
2026-09-11T13:17:52Z,recommendationservice,adservice,0,0,0,0,0
2026-09-11T13:17:52Z,recommendationservice,cartservice,0,0,0,0,0
2026-09-11T13:17:52Z,recommendationservice,checkoutservice,0,0,0,0,0
2026-09-11T13:17:52Z,recommendationservice,currencyservice,0,0,0,0,0
2026-09-11T13:17:52Z,recommendationservice,emailservice,0,0,0,0,0
2026-09-11T13:17:52Z,recommendationservice,frontend,0,0,0,0,0
2026-09-11T13:17:52Z,recommendationservice,kubernetes,0,0,0,0,0
2026-09-11T13:17:52Z,recommendationservice,paymentservice,0,0,0,0,0
2026-09-11T13:17:52Z,recommendationservice,productcatalogservice,165442,165440,0,0,0
2026-09-11T13:17:52Z,recommendationservice,recommendationservice,0,0,0,0,0
2026-09-11T13:17:52Z,recommendationservice,redis-cart,0,0,0,0,0
2026-09-11T13:17:52Z,recommendationservice,shippingservice,0,0,0,0,0
2026-09-11T13:17:52Z,redis-cart,adservice,0,0,0,0,0
2026-09-11T13:17:52Z,redis-cart,cartservice,0,0,0,0,0
2026-09-11T13:17:52Z,redis-cart,checkoutservice,0,0,0,0,0
2026-09-11T13:17:52Z,redis-cart,currencyservice,0,0,0,0,0
2026-09-11T13:17:52Z,redis-cart,emailservice,0,0,0,0,0
2026-09-11T13:17:52Z,redis-cart,frontend,0,0,0,0,0
2026-09-11T13:17:52Z,redis-cart,kubernetes,0,0,0,0,0
2026-09-11T13:17:52Z,redis-cart,paymentservice,0,0,0,0,0
2026-09-11T13:17:52Z,redis-cart,productcatalogservice,0,0,0,0,0
2026-09-11T13:17:52Z,redis-cart,recommendationservice,0,0,0,0,0
2026-09-11T13:17:52Z,redis-cart,redis-cart,0,0,0,0,0
2026-09-11T13:17:52Z,redis-cart,shippingservice,0,0,0,0,0
2026-09-11T13:17:52Z,shippingservice,adservice,0,0,0,0,0
2026-09-11T13:17:52Z,shippingservice,cartservice,0,0,0,0,0
2026-09-11T13:17:52Z,shippingservice,checkoutservice,0,0,0,0,0
2026-09-11T13:17:52Z,shippingservice,currencyservice,0,0,0,0,0
2026-09-11T13:17:52Z,shippingservice,emailservice,0,0,0,0,0
2026-09-11T13:17:52Z,shippingservice,frontend,0,0,0,0,0
2026-09-11T13:17:52Z,shippingservice,kubernetes,0,0,0,0,0
2026-09-11T13:17:52Z,shippingservice,paymentservice,0,0,0,0,0
2026-09-11T13:17:52Z,shippingservice,productcatalogservice,0,0,0,0,0
2026-09-11T13:17:52Z,shippingservice,recommendationservice,0,0,0,0,0
2026-09-11T13:17:52Z,shippingservice,redis-cart,0,0,0,0,0
2026-09-11T13:17:52Z,shippingservice,shippingservice,0,0,0,0,0
2026-09-11T13:17:55Z,adservice,adservice,0,0,0,0,0
2026-09-11T13:17:55Z,adservice,cartservice,0,0,0,0,0
2026-09-11T13:17:55Z,adservice,checkoutservice,0,0,0,0,0
2026-09-11T13:17:55Z,adservice,currencyservice,0,0,0,0,0
2026-09-11T13:17:55Z,adservice,emailservice,0,0,0,0,0
2026-09-11T13:17:55Z,adservice,frontend,0,0,0,0,0
2026-09-11T13:17:55Z,adservice,kubernetes,0,0,0,0,0
2026-09-11T13:17:55Z,adservice,paymentservice,0,0,0,0,0
2026-09-11T13:17:55Z,adservice,productcatalogservice,0,0,0,0,0
2026-09-11T13:17:55Z,adservice,recommendationservice,0,0,0,0,0
2026-09-11T13:17:55Z,adservice,redis-cart,0,0,0,0,0
2026-09-11T13:17:55Z,adservice,shippingservice,0,0,0,0,0
2026-09-11T13:17:55Z,cartservice,adservice,0,0,0,0,0
2026-09-11T13:17:55Z,cartservice,cartservice,0,0,0,0,0
2026-09-11T13:17:55Z,cartservice,checkoutservice,0,0,0,0,0
2026-09-11T13:17:55Z,cartservice,currencyservice,0,0,0,0,0
2026-09-11T13:17:55Z,cartservice,emailservice,0,0,0,0,0
2026-09-11T13:17:55Z,cartservice,frontend,0,0,0,0,0
2026-09-11T13:17:55Z,cartservice,kubernetes,0,0,0,0,0
2026-09-11T13:17:55Z,cartservice,paymentservice,0,0,0,0,0
2026-09-11T13:17:55Z,cartservice,productcatalogservice,0,0,0,0,0
2026-09-11T13:17:55Z,cartservice,recommendationservice,0,0,0,0,0
2026-09-11T13:17:55Z,cartservice,redis-cart,2,0,0,0,0
2026-09-11T13:17:55Z,cartservice,shippingservice,0,0,0,0,0
2026-09-11T13:17:55Z,checkoutservice,adservice,0,0,0,0,0
2026-09-11T13:17:55Z,checkoutservice,cartservice,21018,21016,0,0,0
2026-09-11T13:17:55Z,checkoutservice,checkoutservice,0,0,0,0,0
2026-09-11T13:17:55Z,checkoutservice,currencyservice,10513,10508,0,0,0
2026-09-11T13:17:55Z,checkoutservice,emailservice,10503,10503,0,0,0
2026-09-11T13:17:55Z,checkoutservice,frontend,0,0,0,0,0
2026-09-11T13:17:55Z,checkoutservice,kubernetes,0,0,0,0,0
2026-09-11T13:17:55Z,checkoutservice,paymentservice,10508,10508,0,0,0
2026-09-11T13:17:55Z,checkoutservice,productcatalogservice,0,0,0,0,0
2026-09-11T13:17:55Z,checkoutservice,recommendationservice,0,0,0,0,0
2026-09-11T13:17:55Z,checkoutservice,redis-cart,0,0,0,0,0
2026-09-11T13:17:55Z,checkoutservice,shippingservice,21020,21018,0,0,0
2026-09-11T13:17:55Z,currencyservice,adservice,0,0,0,0,0
2026-09-11T13:17:55Z,currencyservice,cartservice,0,0,0,0,0
2026-09-11T13:17:55Z,currencyservice,checkoutservice,0,0,0,0,0
2026-09-11T13:17:55Z,currencyservice,currencyservice,0,0,0,0,0
2026-09-11T13:17:55Z,currencyservice,emailservice,0,0,0,0,0
2026-09-11T13:17:55Z,currencyservice,frontend,0,0,0,0,0
2026-09-11T13:17:55Z,currencyservice,kubernetes,0,0,0,0,0
2026-09-11T13:17:55Z,currencyservice,paymentservice,0,0,0,0,0
2026-09-11T13:17:55Z,currencyservice,productcatalogservice,0,0,0,0,0
2026-09-11T13:17:55Z,currencyservice,recommendationservice,0,0,0,0,0
2026-09-11T13:17:55Z,currencyservice,redis-cart,0,0,0,0,0
2026-09-11T13:17:55Z,currencyservice,shippingservice,0,0,0,0,0
2026-09-11T13:17:55Z,emailservice,adservice,0,0,0,0,0
2026-09-11T13:17:55Z,emailservice,cartservice,0,0,0,0,0
2026-09-11T13:17:55Z,emailservice,checkoutservice,0,0,0,0,0
2026-09-11T13:17:55Z,emailservice,currencyservice,0,0,0,0,0
2026-09-11T13:17:55Z,emailservice,emailservice,0,0,0,0,0
2026-09-11T13:17:55Z,emailservice,frontend,0,0,0,0,0
2026-09-11T13:17:55Z,emailservice,kubernetes,0,0,0,0,0
2026-09-11T13:17:55Z,emailservice,paymentservice,0,0,0,0,0
2026-09-11T13:17:55Z,emailservice,productcatalogservice,0,0,0,0,0
2026-09-11T13:17:55Z,emailservice,recommendationservice,0,0,0,0,0
2026-09-11T13:17:55Z,emailservice,redis-cart,0,0,0,0,0
2026-09-11T13:17:55Z,emailservice,shippingservice,0,0,0,0,0
2026-09-11T13:17:55Z,frontend,adservice,55744,43107,0,479,0
2026-09-11T13:17:55Z,frontend,cartservice,255174,255142,0,0,0
2026-09-11T13:17:55Z,frontend,checkoutservice,10521,10519,0,0,0
2026-09-11T13:17:55Z,frontend,currencyservice,408032,407946,0,0,0
2026-09-11T13:17:55Z,frontend,emailservice,0,0,0,0,0
2026-09-11T13:17:55Z,frontend,frontend,0,0,0,0,0
2026-09-11T13:17:55Z,frontend,kubernetes,0,0,0,0,0
2026-09-11T13:17:55Z,frontend,paymentservice,0,0,0,0,0
2026-09-11T13:17:55Z,frontend,productcatalogservice,1019370,1019110,0,0,0
2026-09-11T13:17:55Z,frontend,recommendationservice,166034,165989,0,0,0
2026-09-11T13:17:55Z,frontend,redis-cart,0,0,0,0,0
2026-09-11T13:17:55Z,frontend,shippingservice,99257,99233,0,0,0
2026-09-11T13:17:55Z,paymentservice,adservice,0,0,0,0,0
2026-09-11T13:17:55Z,paymentservice,cartservice,0,0,0,0,0
2026-09-11T13:17:55Z,paymentservice,checkoutservice,0,0,0,0,0
2026-09-11T13:17:55Z,paymentservice,currencyservice,0,0,0,0,0
2026-09-11T13:17:55Z,paymentservice,emailservice,0,0,0,0,0
2026-09-11T13:17:55Z,paymentservice,frontend,0,0,0,0,0
2026-09-11T13:17:55Z,paymentservice,kubernetes,0,0,0,0,0
2026-09-11T13:17:55Z,paymentservice,paymentservice,0,0,0,0,0
2026-09-11T13:17:55Z,paymentservice,productcatalogservice,0,0,0,0,0
2026-09-11T13:17:55Z,paymentservice,recommendationservice,0,0,0,0,0
2026-09-11T13:17:55Z,paymentservice,redis-cart,0,0,0,0,0
2026-09-11T13:17:55Z,paymentservice,shippingservice,0,0,0,0,0
2026-09-11T13:17:55Z,productcatalogservice,adservice,0,0,0,0,0
2026-09-11T13:17:55Z,productcatalogservice,cartservice,0,0,0,0,0
2026-09-11T13:17:55Z,productcatalogservice,checkoutservice,0,0,0,0,0
2026-09-11T13:17:55Z,productcatalogservice,currencyservice,0,0,0,0,0
2026-09-11T13:17:55Z,productcatalogservice,emailservice,0,0,0,0,0
2026-09-11T13:17:55Z,productcatalogservice,frontend,0,0,0,0,0
2026-09-11T13:17:55Z,productcatalogservice,kubernetes,0,0,0,0,0
2026-09-11T13:17:55Z,productcatalogservice,paymentservice,0,0,0,0,0
2026-09-11T13:17:55Z,productcatalogservice,productcatalogservice,0,0,0,0,0
2026-09-11T13:17:55Z,productcatalogservice,recommendationservice,0,0,0,0,0
2026-09-11T13:17:55Z,productcatalogservice,redis-cart,0,0,0,0,0
2026-09-11T13:17:55Z,productcatalogservice,shippingservice,0,0,0,0,0
2026-09-11T13:17:55Z,recommendationservice,adservice,0,0,0,0,0
2026-09-11T13:17:55Z,recommendationservice,cartservice,0,0,0,0,0
2026-09-11T13:17:55Z,recommendationservice,checkoutservice,0,0,0,0,0
2026-09-11T13:17:55Z,recommendationservice,currencyservice,0,0,0,0,0
2026-09-11T13:17:55Z,recommendationservice,emailservice,0,0,0,0,0
2026-09-11T13:17:55Z,recommendationservice,frontend,0,0,0,0,0
2026-09-11T13:17:55Z,recommendationservice,kubernetes,0,0,0,0,0
2026-09-11T13:17:55Z,recommendationservice,paymentservice,0,0,0,0,0
2026-09-11T13:17:55Z,recommendationservice,productcatalogservice,166200,166194,0,0,0
2026-09-11T13:17:55Z,recommendationservice,recommendationservice,0,0,0,0,0
2026-09-11T13:17:55Z,recommendationservice,redis-cart,0,0,0,0,0
2026-09-11T13:17:55Z,recommendationservice,shippingservice,0,0,0,0,0
2026-09-11T13:17:55Z,redis-cart,adservice,0,0,0,0,0
2026-09-11T13:17:55Z,redis-cart,cartservice,0,0,0,0,0
2026-09-11T13:17:55Z,redis-cart,checkoutservice,0,0,0,0,0
2026-09-11T13:17:55Z,redis-cart,currencyservice,0,0,0,0,0
2026-09-11T13:17:55Z,redis-cart,emailservice,0,0,0,0,0
2026-09-11T13:17:55Z,redis-cart,frontend,0,0,0,0,0
2026-09-11T13:17:55Z,redis-cart,kubernetes,0,0,0,0,0
2026-09-11T13:17:55Z,redis-cart,paymentservice,0,0,0,0,0
2026-09-11T13:17:55Z,redis-cart,productcatalogservice,0,0,0,0,0
2026-09-11T13:17:55Z,redis-cart,recommendationservice,0,0,0,0,0
2026-09-11T13:17:55Z,redis-cart,redis-cart,0,0,0,0,0
2026-09-11T13:17:55Z,redis-cart,shippingservice,0,0,0,0,0
2026-09-11T13:17:55Z,shippingservice,adservice,0,0,0,0,0
2026-09-11T13:17:55Z,shippingservice,cartservice,0,0,0,0,0
2026-09-11T13:17:55Z,shippingservice,checkoutservice,0,0,0,0,0
2026-09-11T13:17:55Z,shippingservice,currencyservice,0,0,0,0,0
2026-09-11T13:17:55Z,shippingservice,emailservice,0,0,0,0,0
2026-09-11T13:17:55Z,shippingservice,frontend,0,0,0,0,0
2026-09-11T13:17:55Z,shippingservice,kubernetes,0,0,0,0,0
2026-09-11T13:17:55Z,shippingservice,paymentservice,0,0,0,0,0
2026-09-11T13:17:55Z,shippingservice,productcatalogservice,0,0,0,0,0
2026-09-11T13:17:55Z,shippingservice,recommendationservice,0,0,0,0,0
2026-09-11T13:17:55Z,shippingservice,redis-cart,0,0,0,0,0
2026-09-11T13:17:55Z,shippingservice,shippingservice,0,0,0,0,0
2026-09-11T13:17:58Z,adservice,adservice,0,0,0,0,0
2026-09-11T13:17:58Z,adservice,cartservice,0,0,0,0,0
2026-09-11T13:17:58Z,adservice,checkoutservice,0,0,0,0,0
2026-09-11T13:17:58Z,adservice,currencyservice,0,0,0,0,0
2026-09-11T13:17:58Z,adservice,emailservice,0,0,0,0,0
2026-09-11T13:17:58Z,adservice,frontend,0,0,0,0,0
2026-09-11T13:17:58Z,adservice,kubernetes,0,0,0,0,0
2026-09-11T13:17:58Z,adservice,paymentservice,0,0,0,0,0
2026-09-11T13:17:58Z,adservice,productcatalogservice,0,0,0,0,0
2026-09-11T13:17:58Z,adservice,recommendationservice,0,0,0,0,0
2026-09-11T13:17:58Z,adservice,redis-cart,0,0,0,0,0
2026-09-11T13:17:58Z,adservice,shippingservice,0,0,0,0,0
2026-09-11T13:17:58Z,cartservice,adservice,0,0,0,0,0
2026-09-11T13:17:58Z,cartservice,cartservice,0,0,0,0,0
2026-09-11T13:17:58Z,cartservice,checkoutservice,0,0,0,0,0
2026-09-11T13:17:58Z,cartservice,currencyservice,0,0,0,0,0
2026-09-11T13:17:58Z,cartservice,emailservice,0,0,0,0,0
2026-09-11T13:17:58Z,cartservice,frontend,0,0,0,0,0
2026-09-11T13:17:58Z,cartservice,kubernetes,0,0,0,0,0
2026-09-11T13:17:58Z,cartservice,paymentservice,0,0,0,0,0
2026-09-11T13:17:58Z,cartservice,productcatalogservice,0,0,0,0,0
2026-09-11T13:17:58Z,cartservice,recommendationservice,0,0,0,0,0
2026-09-11T13:17:58Z,cartservice,redis-cart,2,0,0,0,0
2026-09-11T13:17:58Z,cartservice,shippingservice,0,0,0,0,0
2026-09-11T13:17:58Z,checkoutservice,adservice,0,0,0,0,0
2026-09-11T13:17:58Z,checkoutservice,cartservice,21110,21110,0,0,0
2026-09-11T13:17:58Z,checkoutservice,checkoutservice,0,0,0,0,0
2026-09-11T13:17:58Z,checkoutservice,currencyservice,10555,10555,0,0,0
2026-09-11T13:17:58Z,checkoutservice,emailservice,10555,10555,0,0,0
2026-09-11T13:17:58Z,checkoutservice,frontend,0,0,0,0,0
2026-09-11T13:17:58Z,checkoutservice,kubernetes,0,0,0,0,0
2026-09-11T13:17:58Z,checkoutservice,paymentservice,10555,10555,0,0,0
2026-09-11T13:17:58Z,checkoutservice,productcatalogservice,0,0,0,0,0
2026-09-11T13:17:58Z,checkoutservice,recommendationservice,0,0,0,0,0
2026-09-11T13:17:58Z,checkoutservice,redis-cart,0,0,0,0,0
2026-09-11T13:17:58Z,checkoutservice,shippingservice,21110,21110,0,0,0
2026-09-11T13:17:58Z,currencyservice,adservice,0,0,0,0,0
2026-09-11T13:17:58Z,currencyservice,cartservice,0,0,0,0,0
2026-09-11T13:17:58Z,currencyservice,checkoutservice,0,0,0,0,0
2026-09-11T13:17:58Z,currencyservice,currencyservice,0,0,0,0,0
2026-09-11T13:17:58Z,currencyservice,emailservice,0,0,0,0,0
2026-09-11T13:17:58Z,currencyservice,frontend,0,0,0,0,0
2026-09-11T13:17:58Z,currencyservice,kubernetes,0,0,0,0,0
2026-09-11T13:17:58Z,currencyservice,paymentservice,0,0,0,0,0
2026-09-11T13:17:58Z,currencyservice,productcatalogservice,0,0,0,0,0
2026-09-11T13:17:58Z,currencyservice,recommendationservice,0,0,0,0,0
2026-09-11T13:17:58Z,currencyservice,redis-cart,0,0,0,0,0
2026-09-11T13:17:58Z,currencyservice,shippingservice,0,0,0,0,0
2026-09-11T13:17:58Z,emailservice,adservice,0,0,0,0,0
2026-09-11T13:17:58Z,emailservice,cartservice,0,0,0,0,0
2026-09-11T13:17:58Z,emailservice,checkoutservice,0,0,0,0,0
2026-09-11T13:17:58Z,emailservice,currencyservice,0,0,0,0,0
2026-09-11T13:17:58Z,emailservice,emailservice,0,0,0,0,0
2026-09-11T13:17:58Z,emailservice,frontend,0,0,0,0,0
2026-09-11T13:17:58Z,emailservice,kubernetes,0,0,0,0,0
2026-09-11T13:17:58Z,emailservice,paymentservice,0,0,0,0,0
2026-09-11T13:17:58Z,emailservice,productcatalogservice,0,0,0,0,0
2026-09-11T13:17:58Z,emailservice,recommendationservice,0,0,0,0,0
2026-09-11T13:17:58Z,emailservice,redis-cart,0,0,0,0,0
2026-09-11T13:17:58Z,emailservice,shippingservice,0,0,0,0,0
2026-09-11T13:17:58Z,frontend,adservice,55984,43347,0,479,0
2026-09-11T13:17:58Z,frontend,cartservice,256277,256206,0,0,0
2026-09-11T13:17:58Z,frontend,checkoutservice,10569,10569,0,0,0
2026-09-11T13:17:58Z,frontend,currencyservice,409790,409710,0,0,0
2026-09-11T13:17:58Z,frontend,emailservice,0,0,0,0,0
2026-09-11T13:17:58Z,frontend,frontend,0,0,0,0,0
2026-09-11T13:17:58Z,frontend,kubernetes,0,0,0,0,0
2026-09-11T13:17:58Z,frontend,paymentservice,0,0,0,0,0
2026-09-11T13:17:58Z,frontend,productcatalogservice,1023830,1023549,0,0,0
2026-09-11T13:17:58Z,frontend,recommendationservice,166709,166668,0,0,0
2026-09-11T13:17:58Z,frontend,redis-cart,0,0,0,0,0
2026-09-11T13:17:58Z,frontend,shippingservice,99710,99636,0,0,0
2026-09-11T13:17:58Z,paymentservice,adservice,0,0,0,0,0
2026-09-11T13:17:58Z,paymentservice,cartservice,0,0,0,0,0
2026-09-11T13:17:58Z,paymentservice,checkoutservice,0,0,0,0,0
2026-09-11T13:17:58Z,paymentservice,currencyservice,0,0,0,0,0
2026-09-11T13:17:58Z,paymentservice,emailservice,0,0,0,0,0
2026-09-11T13:17:58Z,paymentservice,frontend,0,0,0,0,0
2026-09-11T13:17:58Z,paymentservice,kubernetes,0,0,0,0,0
2026-09-11T13:17:58Z,paymentservice,paymentservice,0,0,0,0,0
2026-09-11T13:17:58Z,paymentservice,productcatalogservice,0,0,0,0,0
2026-09-11T13:17:58Z,paymentservice,recommendationservice,0,0,0,0,0
2026-09-11T13:17:58Z,paymentservice,redis-cart,0,0,0,0,0
2026-09-11T13:17:58Z,paymentservice,shippingservice,0,0,0,0,0
2026-09-11T13:17:58Z,productcatalogservice,adservice,0,0,0,0,0
2026-09-11T13:17:58Z,productcatalogservice,cartservice,0,0,0,0,0
2026-09-11T13:17:58Z,productcatalogservice,checkoutservice,0,0,0,0,0
2026-09-11T13:17:58Z,productcatalogservice,currencyservice,0,0,0,0,0
2026-09-11T13:17:58Z,productcatalogservice,emailservice,0,0,0,0,0
2026-09-11T13:17:58Z,productcatalogservice,frontend,0,0,0,0,0
2026-09-11T13:17:58Z,productcatalogservice,kubernetes,0,0,0,0,0
2026-09-11T13:17:58Z,productcatalogservice,paymentservice,0,0,0,0,0
2026-09-11T13:17:58Z,productcatalogservice,productcatalogservice,0,0,0,0,0
2026-09-11T13:17:58Z,productcatalogservice,recommendationservice,0,0,0,0,0
2026-09-11T13:17:58Z,productcatalogservice,redis-cart,0,0,0,0,0
2026-09-11T13:17:58Z,productcatalogservice,shippingservice,0,0,0,0,0
2026-09-11T13:17:58Z,recommendationservice,adservice,0,0,0,0,0
2026-09-11T13:17:58Z,recommendationservice,cartservice,0,0,0,0,0
2026-09-11T13:17:58Z,recommendationservice,checkoutservice,0,0,0,0,0
2026-09-11T13:17:58Z,recommendationservice,currencyservice,0,0,0,0,0
2026-09-11T13:17:58Z,recommendationservice,emailservice,0,0,0,0,0
2026-09-11T13:17:58Z,recommendationservice,frontend,0,0,0,0,0
2026-09-11T13:17:58Z,recommendationservice,kubernetes,0,0,0,0,0
2026-09-11T13:17:58Z,recommendationservice,paymentservice,0,0,0,0,0
2026-09-11T13:17:58Z,recommendationservice,productcatalogservice,166906,166903,0,0,0
2026-09-11T13:17:58Z,recommendationservice,recommendationservice,0,0,0,0,0
2026-09-11T13:17:58Z,recommendationservice,redis-cart,0,0,0,0,0
2026-09-11T13:17:58Z,recommendationservice,shippingservice,0,0,0,0,0
2026-09-11T13:17:58Z,redis-cart,adservice,0,0,0,0,0
2026-09-11T13:17:58Z,redis-cart,cartservice,0,0,0,0,0
2026-09-11T13:17:58Z,redis-cart,checkoutservice,0,0,0,0,0
2026-09-11T13:17:58Z,redis-cart,currencyservice,0,0,0,0,0
2026-09-11T13:17:58Z,redis-cart,emailservice,0,0,0,0,0
2026-09-11T13:17:58Z,redis-cart,frontend,0,0,0,0,0
2026-09-11T13:17:58Z,redis-cart,kubernetes,0,0,0,0,0
2026-09-11T13:17:58Z,redis-cart,paymentservice,0,0,0,0,0
2026-09-11T13:17:58Z,redis-cart,productcatalogservice,0,0,0,0,0
2026-09-11T13:17:58Z,redis-cart,recommendationservice,0,0,0,0,0
2026-09-11T13:17:58Z,redis-cart,redis-cart,0,0,0,0,0
2026-09-11T13:17:58Z,redis-cart,shippingservice,0,0,0,0,0
2026-09-11T13:17:58Z,shippingservice,adservice,0,0,0,0,0
2026-09-11T13:17:58Z,shippingservice,cartservice,0,0,0,0,0
2026-09-11T13:17:58Z,shippingservice,checkoutservice,0,0,0,0,0
2026-09-11T13:17:58Z,shippingservice,currencyservice,0,0,0,0,0
2026-09-11T13:17:58Z,shippingservice,emailservice,0,0,0,0,0
2026-09-11T13:17:58Z,shippingservice,frontend,0,0,0,0,0
2026-09-11T13:17:58Z,shippingservice,kubernetes,0,0,0,0,0
2026-09-11T13:17:58Z,shippingservice,paymentservice,0,0,0,0,0
2026-09-11T13:17:58Z,shippingservice,productcatalogservice,0,0,0,0,0
2026-09-11T13:17:58Z,shippingservice,recommendationservice,0,0,0,0,0
2026-09-11T13:17:58Z,shippingservice,redis-cart,0,0,0,0,0
2026-09-11T13:17:58Z,shippingservice,shippingservice,0,0,0,0,0
2026-09-11T13:18:01Z,adservice,adservice,0,0,0,0,0
2026-09-11T13:18:01Z,adservice,cartservice,0,0,0,0,0
2026-09-11T13:18:01Z,adservice,checkoutservice,0,0,0,0,0
2026-09-11T13:18:01Z,adservice,currencyservice,0,0,0,0,0
2026-09-11T13:18:01Z,adservice,emailservice,0,0,0,0,0
2026-09-11T13:18:01Z,adservice,frontend,0,0,0,0,0
2026-09-11T13:18:01Z,adservice,kubernetes,0,0,0,0,0
2026-09-11T13:18:01Z,adservice,paymentservice,0,0,0,0,0
2026-09-11T13:18:01Z,adservice,productcatalogservice,0,0,0,0,0
2026-09-11T13:18:01Z,adservice,recommendationservice,0,0,0,0,0
2026-09-11T13:18:01Z,adservice,redis-cart,0,0,0,0,0
2026-09-11T13:18:01Z,adservice,shippingservice,0,0,0,0,0
2026-09-11T13:18:01Z,cartservice,adservice,0,0,0,0,0
2026-09-11T13:18:01Z,cartservice,cartservice,0,0,0,0,0
2026-09-11T13:18:01Z,cartservice,checkoutservice,0,0,0,0,0
2026-09-11T13:18:01Z,cartservice,currencyservice,0,0,0,0,0
2026-09-11T13:18:01Z,cartservice,emailservice,0,0,0,0,0
2026-09-11T13:18:01Z,cartservice,frontend,0,0,0,0,0
2026-09-11T13:18:01Z,cartservice,kubernetes,0,0,0,0,0
2026-09-11T13:18:01Z,cartservice,paymentservice,0,0,0,0,0
2026-09-11T13:18:01Z,cartservice,productcatalogservice,0,0,0,0,0
2026-09-11T13:18:01Z,cartservice,recommendationservice,0,0,0,0,0
2026-09-11T13:18:01Z,cartservice,redis-cart,2,0,0,0,0
2026-09-11T13:18:01Z,cartservice,shippingservice,0,0,0,0,0
2026-09-11T13:18:01Z,checkoutservice,adservice,0,0,0,0,0
2026-09-11T13:18:01Z,checkoutservice,cartservice,21200,21200,0,0,0
2026-09-11T13:18:01Z,checkoutservice,checkoutservice,0,0,0,0,0
2026-09-11T13:18:01Z,checkoutservice,currencyservice,10600,10600,0,0,0
2026-09-11T13:18:01Z,checkoutservice,emailservice,10600,10600,0,0,0
2026-09-11T13:18:01Z,checkoutservice,frontend,0,0,0,0,0
2026-09-11T13:18:01Z,checkoutservice,kubernetes,0,0,0,0,0
2026-09-11T13:18:01Z,checkoutservice,paymentservice,10600,10600,0,0,0
2026-09-11T13:18:01Z,checkoutservice,productcatalogservice,0,0,0,0,0
2026-09-11T13:18:01Z,checkoutservice,recommendationservice,0,0,0,0,0
2026-09-11T13:18:01Z,checkoutservice,redis-cart,0,0,0,0,0
2026-09-11T13:18:01Z,checkoutservice,shippingservice,21200,21200,0,0,0
2026-09-11T13:18:01Z,currencyservice,adservice,0,0,0,0,0
2026-09-11T13:18:01Z,currencyservice,cartservice,0,0,0,0,0
2026-09-11T13:18:01Z,currencyservice,checkoutservice,0,0,0,0,0
2026-09-11T13:18:01Z,currencyservice,currencyservice,0,0,0,0,0
2026-09-11T13:18:01Z,currencyservice,emailservice,0,0,0,0,0
2026-09-11T13:18:01Z,currencyservice,frontend,0,0,0,0,0
2026-09-11T13:18:01Z,currencyservice,kubernetes,0,0,0,0,0
2026-09-11T13:18:01Z,currencyservice,paymentservice,0,0,0,0,0
2026-09-11T13:18:01Z,currencyservice,productcatalogservice,0,0,0,0,0
2026-09-11T13:18:01Z,currencyservice,recommendationservice,0,0,0,0,0
2026-09-11T13:18:01Z,currencyservice,redis-cart,0,0,0,0,0
2026-09-11T13:18:01Z,currencyservice,shippingservice,0,0,0,0,0
2026-09-11T13:18:01Z,emailservice,adservice,0,0,0,0,0
2026-09-11T13:18:01Z,emailservice,cartservice,0,0,0,0,0
2026-09-11T13:18:01Z,emailservice,checkoutservice,0,0,0,0,0
2026-09-11T13:18:01Z,emailservice,currencyservice,0,0,0,0,0
2026-09-11T13:18:01Z,emailservice,emailservice,0,0,0,0,0
2026-09-11T13:18:01Z,emailservice,frontend,0,0,0,0,0
2026-09-11T13:18:01Z,emailservice,kubernetes,0,0,0,0,0
2026-09-11T13:18:01Z,emailservice,paymentservice,0,0,0,0,0
2026-09-11T13:18:01Z,emailservice,productcatalogservice,0,0,0,0,0
2026-09-11T13:18:01Z,emailservice,recommendationservice,0,0,0,0,0
2026-09-11T13:18:01Z,emailservice,redis-cart,0,0,0,0,0
2026-09-11T13:18:01Z,emailservice,shippingservice,0,0,0,0,0
2026-09-11T13:18:01Z,frontend,adservice,56226,43589,0,479,0
2026-09-11T13:18:01Z,frontend,cartservice,257377,257312,0,0,0
2026-09-11T13:18:01Z,frontend,checkoutservice,10617,10615,0,0,0
2026-09-11T13:18:01Z,frontend,currencyservice,411660,411577,0,0,0
2026-09-11T13:18:01Z,frontend,emailservice,0,0,0,0,0
2026-09-11T13:18:01Z,frontend,frontend,0,0,0,0,0
2026-09-11T13:18:01Z,frontend,kubernetes,0,0,0,0,0
2026-09-11T13:18:01Z,frontend,paymentservice,0,0,0,0,0
2026-09-11T13:18:01Z,frontend,productcatalogservice,1028252,1027895,0,0,0
2026-09-11T13:18:01Z,frontend,recommendationservice,167457,167398,0,0,0
2026-09-11T13:18:01Z,frontend,redis-cart,0,0,0,0,0
2026-09-11T13:18:01Z,frontend,shippingservice,100110,100073,0,0,0
2026-09-11T13:18:01Z,paymentservice,adservice,0,0,0,0,0
2026-09-11T13:18:01Z,paymentservice,cartservice,0,0,0,0,0
2026-09-11T13:18:01Z,paymentservice,checkoutservice,0,0,0,0,0
2026-09-11T13:18:01Z,paymentservice,currencyservice,0,0,0,0,0
2026-09-11T13:18:01Z,paymentservice,emailservice,0,0,0,0,0
2026-09-11T13:18:01Z,paymentservice,frontend,0,0,0,0,0
2026-09-11T13:18:01Z,paymentservice,kubernetes,0,0,0,0,0
2026-09-11T13:18:01Z,paymentservice,paymentservice,0,0,0,0,0
2026-09-11T13:18:01Z,paymentservice,productcatalogservice,0,0,0,0,0
2026-09-11T13:18:01Z,paymentservice,recommendationservice,0,0,0,0,0
2026-09-11T13:18:01Z,paymentservice,redis-cart,0,0,0,0,0
2026-09-11T13:18:01Z,paymentservice,shippingservice,0,0,0,0,0
2026-09-11T13:18:01Z,productcatalogservice,adservice,0,0,0,0,0
2026-09-11T13:18:01Z,productcatalogservice,cartservice,0,0,0,0,0
2026-09-11T13:18:01Z,productcatalogservice,checkoutservice,0,0,0,0,0
2026-09-11T13:18:01Z,productcatalogservice,currencyservice,0,0,0,0,0
2026-09-11T13:18:01Z,productcatalogservice,emailservice,0,0,0,0,0
2026-09-11T13:18:01Z,productcatalogservice,frontend,0,0,0,0,0
2026-09-11T13:18:01Z,productcatalogservice,kubernetes,0,0,0,0,0
2026-09-11T13:18:01Z,productcatalogservice,paymentservice,0,0,0,0,0
2026-09-11T13:18:01Z,productcatalogservice,productcatalogservice,0,0,0,0,0
2026-09-11T13:18:01Z,productcatalogservice,recommendationservice,0,0,0,0,0
2026-09-11T13:18:01Z,productcatalogservice,redis-cart,0,0,0,0,0
2026-09-11T13:18:01Z,productcatalogservice,shippingservice,0,0,0,0,0
2026-09-11T13:18:01Z,recommendationservice,adservice,0,0,0,0,0
2026-09-11T13:18:01Z,recommendationservice,cartservice,0,0,0,0,0
2026-09-11T13:18:01Z,recommendationservice,checkoutservice,0,0,0,0,0
2026-09-11T13:18:01Z,recommendationservice,currencyservice,0,0,0,0,0
2026-09-11T13:18:01Z,recommendationservice,emailservice,0,0,0,0,0
2026-09-11T13:18:01Z,recommendationservice,frontend,0,0,0,0,0
2026-09-11T13:18:01Z,recommendationservice,kubernetes,0,0,0,0,0
2026-09-11T13:18:01Z,recommendationservice,paymentservice,0,0,0,0,0
2026-09-11T13:18:01Z,recommendationservice,productcatalogservice,167586,167586,0,0,0
2026-09-11T13:18:01Z,recommendationservice,recommendationservice,0,0,0,0,0
2026-09-11T13:18:01Z,recommendationservice,redis-cart,0,0,0,0,0
2026-09-11T13:18:01Z,recommendationservice,shippingservice,0,0,0,0,0
2026-09-11T13:18:01Z,redis-cart,adservice,0,0,0,0,0
2026-09-11T13:18:01Z,redis-cart,cartservice,0,0,0,0,0
2026-09-11T13:18:01Z,redis-cart,checkoutservice,0,0,0,0,0
2026-09-11T13:18:01Z,redis-cart,currencyservice,0,0,0,0,0
2026-09-11T13:18:01Z,redis-cart,emailservice,0,0,0,0,0
2026-09-11T13:18:01Z,redis-cart,frontend,0,0,0,0,0
2026-09-11T13:18:01Z,redis-cart,kubernetes,0,0,0,0,0
2026-09-11T13:18:01Z,redis-cart,paymentservice,0,0,0,0,0
2026-09-11T13:18:01Z,redis-cart,productcatalogservice,0,0,0,0,0
2026-09-11T13:18:01Z,redis-cart,recommendationservice,0,0,0,0,0
2026-09-11T13:18:01Z,redis-cart,redis-cart,0,0,0,0,0
2026-09-11T13:18:01Z,redis-cart,shippingservice,0,0,0,0,0
2026-09-11T13:18:01Z,shippingservice,adservice,0,0,0,0,0
2026-09-11T13:18:01Z,shippingservice,cartservice,0,0,0,0,0
2026-09-11T13:18:01Z,shippingservice,checkoutservice,0,0,0,0,0
2026-09-11T13:18:01Z,shippingservice,currencyservice,0,0,0,0,0
2026-09-11T13:18:01Z,shippingservice,emailservice,0,0,0,0,0
2026-09-11T13:18:01Z,shippingservice,frontend,0,0,0,0,0
2026-09-11T13:18:01Z,shippingservice,kubernetes,0,0,0,0,0
2026-09-11T13:18:01Z,shippingservice,paymentservice,0,0,0,0,0
2026-09-11T13:18:01Z,shippingservice,productcatalogservice,0,0,0,0,0
2026-09-11T13:18:01Z,shippingservice,recommendationservice,0,0,0,0,0
2026-09-11T13:18:01Z,shippingservice,redis-cart,0,0,0,0,0
2026-09-11T13:18:01Z,shippingservice,shippingservice,0,0,0,0,0
2026-09-11T13:18:04Z,adservice,adservice,0,0,0,0,0
2026-09-11T13:18:04Z,adservice,cartservice,0,0,0,0,0
2026-09-11T13:18:04Z,adservice,checkoutservice,0,0,0,0,0
2026-09-11T13:18:04Z,adservice,currencyservice,0,0,0,0,0
2026-09-11T13:18:04Z,adservice,emailservice,0,0,0,0,0
2026-09-11T13:18:04Z,adservice,frontend,0,0,0,0,0
2026-09-11T13:18:04Z,adservice,kubernetes,0,0,0,0,0
2026-09-11T13:18:04Z,adservice,paymentservice,0,0,0,0,0
2026-09-11T13:18:04Z,adservice,productcatalogservice,0,0,0,0,0
2026-09-11T13:18:04Z,adservice,recommendationservice,0,0,0,0,0
2026-09-11T13:18:04Z,adservice,redis-cart,0,0,0,0,0
2026-09-11T13:18:04Z,adservice,shippingservice,0,0,0,0,0
2026-09-11T13:18:04Z,cartservice,adservice,0,0,0,0,0
2026-09-11T13:18:04Z,cartservice,cartservice,0,0,0,0,0
2026-09-11T13:18:04Z,cartservice,checkoutservice,0,0,0,0,0
2026-09-11T13:18:04Z,cartservice,currencyservice,0,0,0,0,0
2026-09-11T13:18:04Z,cartservice,emailservice,0,0,0,0,0
2026-09-11T13:18:04Z,cartservice,frontend,0,0,0,0,0
2026-09-11T13:18:04Z,cartservice,kubernetes,0,0,0,0,0
2026-09-11T13:18:04Z,cartservice,paymentservice,0,0,0,0,0
2026-09-11T13:18:04Z,cartservice,productcatalogservice,0,0,0,0,0
2026-09-11T13:18:04Z,cartservice,recommendationservice,0,0,0,0,0
2026-09-11T13:18:04Z,cartservice,redis-cart,2,0,0,0,0
2026-09-11T13:18:04Z,cartservice,shippingservice,0,0,0,0,0
2026-09-11T13:18:04Z,checkoutservice,adservice,0,0,0,0,0
2026-09-11T13:18:04Z,checkoutservice,cartservice,21287,21287,0,0,0
2026-09-11T13:18:04Z,checkoutservice,checkoutservice,0,0,0,0,0
2026-09-11T13:18:04Z,checkoutservice,currencyservice,10642,10642,0,0,0
2026-09-11T13:18:04Z,checkoutservice,emailservice,10642,10642,0,0,0
2026-09-11T13:18:04Z,checkoutservice,frontend,0,0,0,0,0
2026-09-11T13:18:04Z,checkoutservice,kubernetes,0,0,0,0,0
2026-09-11T13:18:04Z,checkoutservice,paymentservice,10642,10642,0,0,0
2026-09-11T13:18:04Z,checkoutservice,productcatalogservice,0,0,0,0,0
2026-09-11T13:18:04Z,checkoutservice,recommendationservice,0,0,0,0,0
2026-09-11T13:18:04Z,checkoutservice,redis-cart,0,0,0,0,0
2026-09-11T13:18:04Z,checkoutservice,shippingservice,21284,21284,0,0,0
2026-09-11T13:18:04Z,currencyservice,adservice,0,0,0,0,0
2026-09-11T13:18:04Z,currencyservice,cartservice,0,0,0,0,0
2026-09-11T13:18:04Z,currencyservice,checkoutservice,0,0,0,0,0
2026-09-11T13:18:04Z,currencyservice,currencyservice,0,0,0,0,0
2026-09-11T13:18:04Z,currencyservice,emailservice,0,0,0,0,0
2026-09-11T13:18:04Z,currencyservice,frontend,0,0,0,0,0
2026-09-11T13:18:04Z,currencyservice,kubernetes,0,0,0,0,0
2026-09-11T13:18:04Z,currencyservice,paymentservice,0,0,0,0,0
2026-09-11T13:18:04Z,currencyservice,productcatalogservice,0,0,0,0,0
2026-09-11T13:18:04Z,currencyservice,recommendationservice,0,0,0,0,0
2026-09-11T13:18:04Z,currencyservice,redis-cart,0,0,0,0,0
2026-09-11T13:18:04Z,currencyservice,shippingservice,0,0,0,0,0
2026-09-11T13:18:04Z,emailservice,adservice,0,0,0,0,0
2026-09-11T13:18:04Z,emailservice,cartservice,0,0,0,0,0
2026-09-11T13:18:04Z,emailservice,checkoutservice,0,0,0,0,0
2026-09-11T13:18:04Z,emailservice,currencyservice,0,0,0,0,0
2026-09-11T13:18:04Z,emailservice,emailservice,0,0,0,0,0
2026-09-11T13:18:04Z,emailservice,frontend,0,0,0,0,0
2026-09-11T13:18:04Z,emailservice,kubernetes,0,0,0,0,0
2026-09-11T13:18:04Z,emailservice,paymentservice,0,0,0,0,0
2026-09-11T13:18:04Z,emailservice,productcatalogservice,0,0,0,0,0
2026-09-11T13:18:04Z,emailservice,recommendationservice,0,0,0,0,0
2026-09-11T13:18:04Z,emailservice,redis-cart,0,0,0,0,0
2026-09-11T13:18:04Z,emailservice,shippingservice,0,0,0,0,0
2026-09-11T13:18:04Z,frontend,adservice,56450,43804,0,479,0
2026-09-11T13:18:04Z,frontend,cartservice,258321,258288,0,0,0
2026-09-11T13:18:04Z,frontend,checkoutservice,10655,10650,0,0,0
2026-09-11T13:18:04Z,frontend,currencyservice,413201,413109,0,0,0
2026-09-11T13:18:04Z,frontend,emailservice,0,0,0,0,0
2026-09-11T13:18:04Z,frontend,frontend,0,0,0,0,0
2026-09-11T13:18:04Z,frontend,kubernetes,0,0,0,0,0
2026-09-11T13:18:04Z,frontend,paymentservice,0,0,0,0,0
2026-09-11T13:18:04Z,frontend,productcatalogservice,1032413,1031988,0,0,0
2026-09-11T13:18:04Z,frontend,recommendationservice,168086,168056,0,0,0
2026-09-11T13:18:04Z,frontend,redis-cart,0,0,0,0,0
2026-09-11T13:18:04Z,frontend,shippingservice,100461,100428,0,0,0
2026-09-11T13:18:04Z,paymentservice,adservice,0,0,0,0,0
2026-09-11T13:18:04Z,paymentservice,cartservice,0,0,0,0,0
2026-09-11T13:18:04Z,paymentservice,checkoutservice,0,0,0,0,0
2026-09-11T13:18:04Z,paymentservice,currencyservice,0,0,0,0,0
2026-09-11T13:18:04Z,paymentservice,emailservice,0,0,0,0,0
2026-09-11T13:18:04Z,paymentservice,frontend,0,0,0,0,0
2026-09-11T13:18:04Z,paymentservice,kubernetes,0,0,0,0,0
2026-09-11T13:18:04Z,paymentservice,paymentservice,0,0,0,0,0
2026-09-11T13:18:04Z,paymentservice,productcatalogservice,0,0,0,0,0
2026-09-11T13:18:04Z,paymentservice,recommendationservice,0,0,0,0,0
2026-09-11T13:18:04Z,paymentservice,redis-cart,0,0,0,0,0
2026-09-11T13:18:04Z,paymentservice,shippingservice,0,0,0,0,0
2026-09-11T13:18:04Z,productcatalogservice,adservice,0,0,0,0,0
2026-09-11T13:18:04Z,productcatalogservice,cartservice,0,0,0,0,0
2026-09-11T13:18:04Z,productcatalogservice,checkoutservice,0,0,0,0,0
2026-09-11T13:18:04Z,productcatalogservice,currencyservice,0,0,0,0,0
2026-09-11T13:18:04Z,productcatalogservice,emailservice,0,0,0,0,0
2026-09-11T13:18:04Z,productcatalogservice,frontend,0,0,0,0,0
2026-09-11T13:18:04Z,productcatalogservice,kubernetes,0,0,0,0,0
2026-09-11T13:18:04Z,productcatalogservice,paymentservice,0,0,0,0,0
2026-09-11T13:18:04Z,productcatalogservice,productcatalogservice,0,0,0,0,0
2026-09-11T13:18:04Z,productcatalogservice,recommendationservice,0,0,0,0,0
2026-09-11T13:18:04Z,productcatalogservice,redis-cart,0,0,0,0,0
2026-09-11T13:18:04Z,productcatalogservice,shippingservice,0,0,0,0,0
2026-09-11T13:18:04Z,recommendationservice,adservice,0,0,0,0,0
2026-09-11T13:18:04Z,recommendationservice,cartservice,0,0,0,0,0
2026-09-11T13:18:04Z,recommendationservice,checkoutservice,0,0,0,0,0
2026-09-11T13:18:04Z,recommendationservice,currencyservice,0,0,0,0,0
2026-09-11T13:18:04Z,recommendationservice,emailservice,0,0,0,0,0
2026-09-11T13:18:04Z,recommendationservice,frontend,0,0,0,0,0
2026-09-11T13:18:04Z,recommendationservice,kubernetes,0,0,0,0,0
2026-09-11T13:18:04Z,recommendationservice,paymentservice,0,0,0,0,0
2026-09-11T13:18:04Z,recommendationservice,productcatalogservice,168242,168240,0,0,0
2026-09-11T13:18:04Z,recommendationservice,recommendationservice,0,0,0,0,0
2026-09-11T13:18:04Z,recommendationservice,redis-cart,0,0,0,0,0
2026-09-11T13:18:04Z,recommendationservice,shippingservice,0,0,0,0,0
2026-09-11T13:18:04Z,redis-cart,adservice,0,0,0,0,0
2026-09-11T13:18:04Z,redis-cart,cartservice,0,0,0,0,0
2026-09-11T13:18:04Z,redis-cart,checkoutservice,0,0,0,0,0
2026-09-11T13:18:04Z,redis-cart,currencyservice,0,0,0,0,0
2026-09-11T13:18:04Z,redis-cart,emailservice,0,0,0,0,0
2026-09-11T13:18:04Z,redis-cart,frontend,0,0,0,0,0
2026-09-11T13:18:04Z,redis-cart,kubernetes,0,0,0,0,0
2026-09-11T13:18:04Z,redis-cart,paymentservice,0,0,0,0,0
2026-09-11T13:18:04Z,redis-cart,productcatalogservice,0,0,0,0,0
2026-09-11T13:18:04Z,redis-cart,recommendationservice,0,0,0,0,0
2026-09-11T13:18:04Z,redis-cart,redis-cart,0,0,0,0,0
2026-09-11T13:18:04Z,redis-cart,shippingservice,0,0,0,0,0
2026-09-11T13:18:04Z,shippingservice,adservice,0,0,0,0,0
2026-09-11T13:18:04Z,shippingservice,cartservice,0,0,0,0,0
2026-09-11T13:18:04Z,shippingservice,checkoutservice,0,0,0,0,0
2026-09-11T13:18:04Z,shippingservice,currencyservice,0,0,0,0,0
2026-09-11T13:18:04Z,shippingservice,emailservice,0,0,0,0,0
2026-09-11T13:18:04Z,shippingservice,frontend,0,0,0,0,0
2026-09-11T13:18:04Z,shippingservice,kubernetes,0,0,0,0,0
2026-09-11T13:18:04Z,shippingservice,paymentservice,0,0,0,0,0
2026-09-11T13:18:04Z,shippingservice,productcatalogservice,0,0,0,0,0
2026-09-11T13:18:04Z,shippingservice,recommendationservice,0,0,0,0,0
2026-09-11T13:18:04Z,shippingservice,redis-cart,0,0,0,0,0
2026-09-11T13:18:04Z,shippingservice,shippingservice,0,0,0,0,0
2026-09-11T13:18:07Z,adservice,adservice,0,0,0,0,0
2026-09-11T13:18:07Z,adservice,cartservice,0,0,0,0,0
2026-09-11T13:18:07Z,adservice,checkoutservice,0,0,0,0,0
2026-09-11T13:18:07Z,adservice,currencyservice,0,0,0,0,0
2026-09-11T13:18:07Z,adservice,emailservice,0,0,0,0,0
2026-09-11T13:18:07Z,adservice,frontend,0,0,0,0,0
2026-09-11T13:18:07Z,adservice,kubernetes,0,0,0,0,0
2026-09-11T13:18:07Z,adservice,paymentservice,0,0,0,0,0
2026-09-11T13:18:07Z,adservice,productcatalogservice,0,0,0,0,0
2026-09-11T13:18:07Z,adservice,recommendationservice,0,0,0,0,0
2026-09-11T13:18:07Z,adservice,redis-cart,0,0,0,0,0
2026-09-11T13:18:07Z,adservice,shippingservice,0,0,0,0,0
2026-09-11T13:18:07Z,cartservice,adservice,0,0,0,0,0
2026-09-11T13:18:07Z,cartservice,cartservice,0,0,0,0,0
2026-09-11T13:18:07Z,cartservice,checkoutservice,0,0,0,0,0
2026-09-11T13:18:07Z,cartservice,currencyservice,0,0,0,0,0
2026-09-11T13:18:07Z,cartservice,emailservice,0,0,0,0,0
2026-09-11T13:18:07Z,cartservice,frontend,0,0,0,0,0
2026-09-11T13:18:07Z,cartservice,kubernetes,0,0,0,0,0
2026-09-11T13:18:07Z,cartservice,paymentservice,0,0,0,0,0
2026-09-11T13:18:07Z,cartservice,productcatalogservice,0,0,0,0,0
2026-09-11T13:18:07Z,cartservice,recommendationservice,0,0,0,0,0
2026-09-11T13:18:07Z,cartservice,redis-cart,2,0,0,0,0
2026-09-11T13:18:07Z,cartservice,shippingservice,0,0,0,0,0
2026-09-11T13:18:07Z,checkoutservice,adservice,0,0,0,0,0
2026-09-11T13:18:07Z,checkoutservice,cartservice,21374,21374,0,0,0
2026-09-11T13:18:07Z,checkoutservice,checkoutservice,0,0,0,0,0
2026-09-11T13:18:07Z,checkoutservice,currencyservice,10687,10687,0,0,0
2026-09-11T13:18:07Z,checkoutservice,emailservice,10687,10687,0,0,0
2026-09-11T13:18:07Z,checkoutservice,frontend,0,0,0,0,0
2026-09-11T13:18:07Z,checkoutservice,kubernetes,0,0,0,0,0
2026-09-11T13:18:07Z,checkoutservice,paymentservice,10687,10687,0,0,0
2026-09-11T13:18:07Z,checkoutservice,productcatalogservice,0,0,0,0,0
2026-09-11T13:18:07Z,checkoutservice,recommendationservice,0,0,0,0,0
2026-09-11T13:18:07Z,checkoutservice,redis-cart,0,0,0,0,0
2026-09-11T13:18:07Z,checkoutservice,shippingservice,21374,21374,0,0,0
2026-09-11T13:18:07Z,currencyservice,adservice,0,0,0,0,0
2026-09-11T13:18:07Z,currencyservice,cartservice,0,0,0,0,0
2026-09-11T13:18:07Z,currencyservice,checkoutservice,0,0,0,0,0
2026-09-11T13:18:07Z,currencyservice,currencyservice,0,0,0,0,0
2026-09-11T13:18:07Z,currencyservice,emailservice,0,0,0,0,0
2026-09-11T13:18:07Z,currencyservice,frontend,0,0,0,0,0
2026-09-11T13:18:07Z,currencyservice,kubernetes,0,0,0,0,0
2026-09-11T13:18:07Z,currencyservice,paymentservice,0,0,0,0,0
2026-09-11T13:18:07Z,currencyservice,productcatalogservice,0,0,0,0,0
2026-09-11T13:18:07Z,currencyservice,recommendationservice,0,0,0,0,0
2026-09-11T13:18:07Z,currencyservice,redis-cart,0,0,0,0,0
2026-09-11T13:18:07Z,currencyservice,shippingservice,0,0,0,0,0
2026-09-11T13:18:07Z,emailservice,adservice,0,0,0,0,0
2026-09-11T13:18:07Z,emailservice,cartservice,0,0,0,0,0
2026-09-11T13:18:07Z,emailservice,checkoutservice,0,0,0,0,0
2026-09-11T13:18:07Z,emailservice,currencyservice,0,0,0,0,0
2026-09-11T13:18:07Z,emailservice,emailservice,0,0,0,0,0
2026-09-11T13:18:07Z,emailservice,frontend,0,0,0,0,0
2026-09-11T13:18:07Z,emailservice,kubernetes,0,0,0,0,0
2026-09-11T13:18:07Z,emailservice,paymentservice,0,0,0,0,0
2026-09-11T13:18:07Z,emailservice,productcatalogservice,0,0,0,0,0
2026-09-11T13:18:07Z,emailservice,recommendationservice,0,0,0,0,0
2026-09-11T13:18:07Z,emailservice,redis-cart,0,0,0,0,0
2026-09-11T13:18:07Z,emailservice,shippingservice,0,0,0,0,0
2026-09-11T13:18:07Z,frontend,adservice,56675,44038,0,479,0
2026-09-11T13:18:07Z,frontend,cartservice,259456,259374,0,0,0
2026-09-11T13:18:07Z,frontend,checkoutservice,10706,10706,0,0,0
2026-09-11T13:18:07Z,frontend,currencyservice,415173,415059,0,0,0
2026-09-11T13:18:07Z,frontend,emailservice,0,0,0,0,0
2026-09-11T13:18:07Z,frontend,frontend,0,0,0,0,0
2026-09-11T13:18:07Z,frontend,kubernetes,0,0,0,0,0
2026-09-11T13:18:07Z,frontend,paymentservice,0,0,0,0,0
2026-09-11T13:18:07Z,frontend,productcatalogservice,1036874,1036609,0,0,0
2026-09-11T13:18:07Z,frontend,recommendationservice,168781,168711,0,0,0
2026-09-11T13:18:07Z,frontend,redis-cart,0,0,0,0,0
2026-09-11T13:18:07Z,frontend,shippingservice,100950,100950,0,0,0
2026-09-11T13:18:07Z,paymentservice,adservice,0,0,0,0,0
2026-09-11T13:18:07Z,paymentservice,cartservice,0,0,0,0,0
2026-09-11T13:18:07Z,paymentservice,checkoutservice,0,0,0,0,0
2026-09-11T13:18:07Z,paymentservice,currencyservice,0,0,0,0,0
2026-09-11T13:18:07Z,paymentservice,emailservice,0,0,0,0,0
2026-09-11T13:18:07Z,paymentservice,frontend,0,0,0,0,0
2026-09-11T13:18:07Z,paymentservice,kubernetes,0,0,0,0,0
2026-09-11T13:18:07Z,paymentservice,paymentservice,0,0,0,0,0
2026-09-11T13:18:07Z,paymentservice,productcatalogservice,0,0,0,0,0
2026-09-11T13:18:07Z,paymentservice,recommendationservice,0,0,0,0,0
2026-09-11T13:18:07Z,paymentservice,redis-cart,0,0,0,0,0
2026-09-11T13:18:07Z,paymentservice,shippingservice,0,0,0,0,0
2026-09-11T13:18:07Z,productcatalogservice,adservice,0,0,0,0,0
2026-09-11T13:18:07Z,productcatalogservice,cartservice,0,0,0,0,0
2026-09-11T13:18:07Z,productcatalogservice,checkoutservice,0,0,0,0,0
2026-09-11T13:18:07Z,productcatalogservice,currencyservice,0,0,0,0,0
2026-09-11T13:18:07Z,productcatalogservice,emailservice,0,0,0,0,0
2026-09-11T13:18:07Z,productcatalogservice,frontend,0,0,0,0,0
2026-09-11T13:18:07Z,productcatalogservice,kubernetes,0,0,0,0,0
2026-09-11T13:18:07Z,productcatalogservice,paymentservice,0,0,0,0,0
2026-09-11T13:18:07Z,productcatalogservice,productcatalogservice,0,0,0,0,0
2026-09-11T13:18:07Z,productcatalogservice,recommendationservice,0,0,0,0,0
2026-09-11T13:18:07Z,productcatalogservice,redis-cart,0,0,0,0,0
2026-09-11T13:18:07Z,productcatalogservice,shippingservice,0,0,0,0,0
2026-09-11T13:18:07Z,recommendationservice,adservice,0,0,0,0,0
2026-09-11T13:18:07Z,recommendationservice,cartservice,0,0,0,0,0
2026-09-11T13:18:07Z,recommendationservice,checkoutservice,0,0,0,0,0
2026-09-11T13:18:07Z,recommendationservice,currencyservice,0,0,0,0,0
2026-09-11T13:18:07Z,recommendationservice,emailservice,0,0,0,0,0
2026-09-11T13:18:07Z,recommendationservice,frontend,0,0,0,0,0
2026-09-11T13:18:07Z,recommendationservice,kubernetes,0,0,0,0,0
2026-09-11T13:18:07Z,recommendationservice,paymentservice,0,0,0,0,0
2026-09-11T13:18:07Z,recommendationservice,productcatalogservice,168997,168995,0,0,0
2026-09-11T13:18:07Z,recommendationservice,recommendationservice,0,0,0,0,0
2026-09-11T13:18:07Z,recommendationservice,redis-cart,0,0,0,0,0
2026-09-11T13:18:07Z,recommendationservice,shippingservice,0,0,0,0,0
2026-09-11T13:18:07Z,redis-cart,adservice,0,0,0,0,0
2026-09-11T13:18:07Z,redis-cart,cartservice,0,0,0,0,0
2026-09-11T13:18:07Z,redis-cart,checkoutservice,0,0,0,0,0
2026-09-11T13:18:07Z,redis-cart,currencyservice,0,0,0,0,0
2026-09-11T13:18:07Z,redis-cart,emailservice,0,0,0,0,0
2026-09-11T13:18:07Z,redis-cart,frontend,0,0,0,0,0
2026-09-11T13:18:07Z,redis-cart,kubernetes,0,0,0,0,0
2026-09-11T13:18:07Z,redis-cart,paymentservice,0,0,0,0,0
2026-09-11T13:18:07Z,redis-cart,productcatalogservice,0,0,0,0,0
2026-09-11T13:18:07Z,redis-cart,recommendationservice,0,0,0,0,0
2026-09-11T13:18:07Z,redis-cart,redis-cart,0,0,0,0,0
2026-09-11T13:18:07Z,redis-cart,shippingservice,0,0,0,0,0
2026-09-11T13:18:07Z,shippingservice,adservice,0,0,0,0,0
2026-09-11T13:18:07Z,shippingservice,cartservice,0,0,0,0,0
2026-09-11T13:18:07Z,shippingservice,checkoutservice,0,0,0,0,0
2026-09-11T13:18:07Z,shippingservice,currencyservice,0,0,0,0,0
2026-09-11T13:18:07Z,shippingservice,emailservice,0,0,0,0,0
2026-09-11T13:18:07Z,shippingservice,frontend,0,0,0,0,0
2026-09-11T13:18:07Z,shippingservice,kubernetes,0,0,0,0,0
2026-09-11T13:18:07Z,shippingservice,paymentservice,0,0,0,0,0
2026-09-11T13:18:07Z,shippingservice,productcatalogservice,0,0,0,0,0
2026-09-11T13:18:07Z,shippingservice,recommendationservice,0,0,0,0,0
2026-09-11T13:18:07Z,shippingservice,redis-cart,0,0,0,0,0
2026-09-11T13:18:07Z,shippingservice,shippingservice,0,0,0,0,0
2026-09-11T13:18:10Z,adservice,adservice,0,0,0,0,0
2026-09-11T13:18:10Z,adservice,cartservice,0,0,0,0,0
2026-09-11T13:18:10Z,adservice,checkoutservice,0,0,0,0,0
2026-09-11T13:18:10Z,adservice,currencyservice,0,0,0,0,0
2026-09-11T13:18:10Z,adservice,emailservice,0,0,0,0,0
2026-09-11T13:18:10Z,adservice,frontend,0,0,0,0,0
2026-09-11T13:18:10Z,adservice,kubernetes,0,0,0,0,0
2026-09-11T13:18:10Z,adservice,paymentservice,0,0,0,0,0
2026-09-11T13:18:10Z,adservice,productcatalogservice,0,0,0,0,0
2026-09-11T13:18:10Z,adservice,recommendationservice,0,0,0,0,0
2026-09-11T13:18:10Z,adservice,redis-cart,0,0,0,0,0
2026-09-11T13:18:10Z,adservice,shippingservice,0,0,0,0,0
2026-09-11T13:18:10Z,cartservice,adservice,0,0,0,0,0
2026-09-11T13:18:10Z,cartservice,cartservice,0,0,0,0,0
2026-09-11T13:18:10Z,cartservice,checkoutservice,0,0,0,0,0
2026-09-11T13:18:10Z,cartservice,currencyservice,0,0,0,0,0
2026-09-11T13:18:10Z,cartservice,emailservice,0,0,0,0,0
2026-09-11T13:18:10Z,cartservice,frontend,0,0,0,0,0
2026-09-11T13:18:10Z,cartservice,kubernetes,0,0,0,0,0
2026-09-11T13:18:10Z,cartservice,paymentservice,0,0,0,0,0
2026-09-11T13:18:10Z,cartservice,productcatalogservice,0,0,0,0,0
2026-09-11T13:18:10Z,cartservice,recommendationservice,0,0,0,0,0
2026-09-11T13:18:10Z,cartservice,redis-cart,2,0,0,0,0
2026-09-11T13:18:10Z,cartservice,shippingservice,0,0,0,0,0
2026-09-11T13:18:10Z,checkoutservice,adservice,0,0,0,0,0
2026-09-11T13:18:10Z,checkoutservice,cartservice,21478,21478,0,0,0
2026-09-11T13:18:10Z,checkoutservice,checkoutservice,0,0,0,0,0
2026-09-11T13:18:10Z,checkoutservice,currencyservice,10739,10739,0,0,0
2026-09-11T13:18:10Z,checkoutservice,emailservice,10739,10739,0,0,0
2026-09-11T13:18:10Z,checkoutservice,frontend,0,0,0,0,0
2026-09-11T13:18:10Z,checkoutservice,kubernetes,0,0,0,0,0
2026-09-11T13:18:10Z,checkoutservice,paymentservice,10739,10739,0,0,0
2026-09-11T13:18:10Z,checkoutservice,productcatalogservice,0,0,0,0,0
2026-09-11T13:18:10Z,checkoutservice,recommendationservice,0,0,0,0,0
2026-09-11T13:18:10Z,checkoutservice,redis-cart,0,0,0,0,0
2026-09-11T13:18:10Z,checkoutservice,shippingservice,21478,21478,0,0,0
2026-09-11T13:18:10Z,currencyservice,adservice,0,0,0,0,0
2026-09-11T13:18:10Z,currencyservice,cartservice,0,0,0,0,0
2026-09-11T13:18:10Z,currencyservice,checkoutservice,0,0,0,0,0
2026-09-11T13:18:10Z,currencyservice,currencyservice,0,0,0,0,0
2026-09-11T13:18:10Z,currencyservice,emailservice,0,0,0,0,0
2026-09-11T13:18:10Z,currencyservice,frontend,0,0,0,0,0
2026-09-11T13:18:10Z,currencyservice,kubernetes,0,0,0,0,0
2026-09-11T13:18:10Z,currencyservice,paymentservice,0,0,0,0,0
2026-09-11T13:18:10Z,currencyservice,productcatalogservice,0,0,0,0,0
2026-09-11T13:18:10Z,currencyservice,recommendationservice,0,0,0,0,0
2026-09-11T13:18:10Z,currencyservice,redis-cart,0,0,0,0,0
2026-09-11T13:18:10Z,currencyservice,shippingservice,0,0,0,0,0
2026-09-11T13:18:10Z,emailservice,adservice,0,0,0,0,0
2026-09-11T13:18:10Z,emailservice,cartservice,0,0,0,0,0
2026-09-11T13:18:10Z,emailservice,checkoutservice,0,0,0,0,0
2026-09-11T13:18:10Z,emailservice,currencyservice,0,0,0,0,0
2026-09-11T13:18:10Z,emailservice,emailservice,0,0,0,0,0
2026-09-11T13:18:10Z,emailservice,frontend,0,0,0,0,0
2026-09-11T13:18:10Z,emailservice,kubernetes,0,0,0,0,0
2026-09-11T13:18:10Z,emailservice,paymentservice,0,0,0,0,0
2026-09-11T13:18:10Z,emailservice,productcatalogservice,0,0,0,0,0
2026-09-11T13:18:10Z,emailservice,recommendationservice,0,0,0,0,0
2026-09-11T13:18:10Z,emailservice,redis-cart,0,0,0,0,0
2026-09-11T13:18:10Z,emailservice,shippingservice,0,0,0,0,0
2026-09-11T13:18:10Z,frontend,adservice,56923,44286,0,479,0
2026-09-11T13:18:10Z,frontend,cartservice,260563,260535,0,0,0
2026-09-11T13:18:10Z,frontend,checkoutservice,10749,10749,0,0,0
2026-09-11T13:18:10Z,frontend,currencyservice,416952,416873,0,0,0
2026-09-11T13:18:10Z,frontend,emailservice,0,0,0,0,0
2026-09-11T13:18:10Z,frontend,frontend,0,0,0,0,0
2026-09-11T13:18:10Z,frontend,kubernetes,0,0,0,0,0
2026-09-11T13:18:10Z,frontend,paymentservice,0,0,0,0,0
2026-09-11T13:18:10Z,frontend,productcatalogservice,1041402,1040964,0,0,0
2026-09-11T13:18:10Z,frontend,recommendationservice,169529,169516,0,0,0
2026-09-11T13:18:10Z,frontend,redis-cart,0,0,0,0,0
2026-09-11T13:18:10Z,frontend,shippingservice,101344,101344,0,0,0
2026-09-11T13:18:10Z,paymentservice,adservice,0,0,0,0,0
2026-09-11T13:18:10Z,paymentservice,cartservice,0,0,0,0,0
2026-09-11T13:18:10Z,paymentservice,checkoutservice,0,0,0,0,0
2026-09-11T13:18:10Z,paymentservice,currencyservice,0,0,0,0,0
2026-09-11T13:18:10Z,paymentservice,emailservice,0,0,0,0,0
2026-09-11T13:18:10Z,paymentservice,frontend,0,0,0,0,0
2026-09-11T13:18:10Z,paymentservice,kubernetes,0,0,0,0,0
2026-09-11T13:18:10Z,paymentservice,paymentservice,0,0,0,0,0
2026-09-11T13:18:10Z,paymentservice,productcatalogservice,0,0,0,0,0
2026-09-11T13:18:10Z,paymentservice,recommendationservice,0,0,0,0,0
2026-09-11T13:18:10Z,paymentservice,redis-cart,0,0,0,0,0
2026-09-11T13:18:10Z,paymentservice,shippingservice,0,0,0,0,0
2026-09-11T13:18:10Z,productcatalogservice,adservice,0,0,0,0,0
2026-09-11T13:18:10Z,productcatalogservice,cartservice,0,0,0,0,0
2026-09-11T13:18:10Z,productcatalogservice,checkoutservice,0,0,0,0,0
2026-09-11T13:18:10Z,productcatalogservice,currencyservice,0,0,0,0,0
2026-09-11T13:18:10Z,productcatalogservice,emailservice,0,0,0,0,0
2026-09-11T13:18:10Z,productcatalogservice,frontend,0,0,0,0,0
2026-09-11T13:18:10Z,productcatalogservice,kubernetes,0,0,0,0,0
2026-09-11T13:18:10Z,productcatalogservice,paymentservice,0,0,0,0,0
2026-09-11T13:18:10Z,productcatalogservice,productcatalogservice,0,0,0,0,0
2026-09-11T13:18:10Z,productcatalogservice,recommendationservice,0,0,0,0,0
2026-09-11T13:18:10Z,productcatalogservice,redis-cart,0,0,0,0,0
2026-09-11T13:18:10Z,productcatalogservice,shippingservice,0,0,0,0,0
2026-09-11T13:18:10Z,recommendationservice,adservice,0,0,0,0,0
2026-09-11T13:18:10Z,recommendationservice,cartservice,0,0,0,0,0
2026-09-11T13:18:10Z,recommendationservice,checkoutservice,0,0,0,0,0
2026-09-11T13:18:10Z,recommendationservice,currencyservice,0,0,0,0,0
2026-09-11T13:18:10Z,recommendationservice,emailservice,0,0,0,0,0
2026-09-11T13:18:10Z,recommendationservice,frontend,0,0,0,0,0
2026-09-11T13:18:10Z,recommendationservice,kubernetes,0,0,0,0,0
2026-09-11T13:18:10Z,recommendationservice,paymentservice,0,0,0,0,0
2026-09-11T13:18:10Z,recommendationservice,productcatalogservice,169712,169711,0,0,0
2026-09-11T13:18:10Z,recommendationservice,recommendationservice,0,0,0,0,0
2026-09-11T13:18:10Z,recommendationservice,redis-cart,0,0,0,0,0
2026-09-11T13:18:10Z,recommendationservice,shippingservice,0,0,0,0,0
2026-09-11T13:18:10Z,redis-cart,adservice,0,0,0,0,0
2026-09-11T13:18:10Z,redis-cart,cartservice,0,0,0,0,0
2026-09-11T13:18:10Z,redis-cart,checkoutservice,0,0,0,0,0
2026-09-11T13:18:10Z,redis-cart,currencyservice,0,0,0,0,0
2026-09-11T13:18:10Z,redis-cart,emailservice,0,0,0,0,0
2026-09-11T13:18:10Z,redis-cart,frontend,0,0,0,0,0
2026-09-11T13:18:10Z,redis-cart,kubernetes,0,0,0,0,0
2026-09-11T13:18:10Z,redis-cart,paymentservice,0,0,0,0,0
2026-09-11T13:18:10Z,redis-cart,productcatalogservice,0,0,0,0,0
2026-09-11T13:18:10Z,redis-cart,recommendationservice,0,0,0,0,0
2026-09-11T13:18:10Z,redis-cart,redis-cart,0,0,0,0,0
2026-09-11T13:18:10Z,redis-cart,shippingservice,0,0,0,0,0
2026-09-11T13:18:10Z,shippingservice,adservice,0,0,0,0,0
2026-09-11T13:18:10Z,shippingservice,cartservice,0,0,0,0,0
2026-09-11T13:18:10Z,shippingservice,checkoutservice,0,0,0,0,0
2026-09-11T13:18:10Z,shippingservice,currencyservice,0,0,0,0,0
2026-09-11T13:18:10Z,shippingservice,emailservice,0,0,0,0,0
2026-09-11T13:18:10Z,shippingservice,frontend,0,0,0,0,0
2026-09-11T13:18:10Z,shippingservice,kubernetes,0,0,0,0,0
2026-09-11T13:18:10Z,shippingservice,paymentservice,0,0,0,0,0
2026-09-11T13:18:10Z,shippingservice,productcatalogservice,0,0,0,0,0
2026-09-11T13:18:10Z,shippingservice,recommendationservice,0,0,0,0,0
2026-09-11T13:18:10Z,shippingservice,redis-cart,0,0,0,0,0
2026-09-11T13:18:10Z,shippingservice,shippingservice,0,0,0,0,0
2026-09-11T13:18:14Z,adservice,adservice,0,0,0,0,0
2026-09-11T13:18:14Z,adservice,cartservice,0,0,0,0,0
2026-09-11T13:18:14Z,adservice,checkoutservice,0,0,0,0,0
2026-09-11T13:18:14Z,adservice,currencyservice,0,0,0,0,0
2026-09-11T13:18:14Z,adservice,emailservice,0,0,0,0,0
2026-09-11T13:18:14Z,adservice,frontend,0,0,0,0,0
2026-09-11T13:18:14Z,adservice,kubernetes,0,0,0,0,0
2026-09-11T13:18:14Z,adservice,paymentservice,0,0,0,0,0
2026-09-11T13:18:14Z,adservice,productcatalogservice,0,0,0,0,0
2026-09-11T13:18:14Z,adservice,recommendationservice,0,0,0,0,0
2026-09-11T13:18:14Z,adservice,redis-cart,0,0,0,0,0
2026-09-11T13:18:14Z,adservice,shippingservice,0,0,0,0,0
2026-09-11T13:18:14Z,cartservice,adservice,0,0,0,0,0
2026-09-11T13:18:14Z,cartservice,cartservice,0,0,0,0,0
2026-09-11T13:18:14Z,cartservice,checkoutservice,0,0,0,0,0
2026-09-11T13:18:14Z,cartservice,currencyservice,0,0,0,0,0
2026-09-11T13:18:14Z,cartservice,emailservice,0,0,0,0,0
2026-09-11T13:18:14Z,cartservice,frontend,0,0,0,0,0
2026-09-11T13:18:14Z,cartservice,kubernetes,0,0,0,0,0
2026-09-11T13:18:14Z,cartservice,paymentservice,0,0,0,0,0
2026-09-11T13:18:14Z,cartservice,productcatalogservice,0,0,0,0,0
2026-09-11T13:18:14Z,cartservice,recommendationservice,0,0,0,0,0
2026-09-11T13:18:14Z,cartservice,redis-cart,2,0,0,0,0
2026-09-11T13:18:14Z,cartservice,shippingservice,0,0,0,0,0
2026-09-11T13:18:14Z,checkoutservice,adservice,0,0,0,0,0
2026-09-11T13:18:14Z,checkoutservice,cartservice,21594,21594,0,0,0
2026-09-11T13:18:14Z,checkoutservice,checkoutservice,0,0,0,0,0
2026-09-11T13:18:14Z,checkoutservice,currencyservice,10797,10797,0,0,0
2026-09-11T13:18:14Z,checkoutservice,emailservice,10797,10797,0,0,0
2026-09-11T13:18:14Z,checkoutservice,frontend,0,0,0,0,0
2026-09-11T13:18:14Z,checkoutservice,kubernetes,0,0,0,0,0
2026-09-11T13:18:14Z,checkoutservice,paymentservice,10797,10797,0,0,0
2026-09-11T13:18:14Z,checkoutservice,productcatalogservice,0,0,0,0,0
2026-09-11T13:18:14Z,checkoutservice,recommendationservice,0,0,0,0,0
2026-09-11T13:18:14Z,checkoutservice,redis-cart,0,0,0,0,0
2026-09-11T13:18:14Z,checkoutservice,shippingservice,21594,21594,0,0,0
2026-09-11T13:18:14Z,currencyservice,adservice,0,0,0,0,0
2026-09-11T13:18:14Z,currencyservice,cartservice,0,0,0,0,0
2026-09-11T13:18:14Z,currencyservice,checkoutservice,0,0,0,0,0
2026-09-11T13:18:14Z,currencyservice,currencyservice,0,0,0,0,0
2026-09-11T13:18:14Z,currencyservice,emailservice,0,0,0,0,0
2026-09-11T13:18:14Z,currencyservice,frontend,0,0,0,0,0
2026-09-11T13:18:14Z,currencyservice,kubernetes,0,0,0,0,0
2026-09-11T13:18:14Z,currencyservice,paymentservice,0,0,0,0,0
2026-09-11T13:18:14Z,currencyservice,productcatalogservice,0,0,0,0,0
2026-09-11T13:18:14Z,currencyservice,recommendationservice,0,0,0,0,0
2026-09-11T13:18:14Z,currencyservice,redis-cart,0,0,0,0,0
2026-09-11T13:18:14Z,currencyservice,shippingservice,0,0,0,0,0
2026-09-11T13:18:14Z,emailservice,adservice,0,0,0,0,0
2026-09-11T13:18:14Z,emailservice,cartservice,0,0,0,0,0
2026-09-11T13:18:14Z,emailservice,checkoutservice,0,0,0,0,0
2026-09-11T13:18:14Z,emailservice,currencyservice,0,0,0,0,0
2026-09-11T13:18:14Z,emailservice,emailservice,0,0,0,0,0
2026-09-11T13:18:14Z,emailservice,frontend,0,0,0,0,0
2026-09-11T13:18:14Z,emailservice,kubernetes,0,0,0,0,0
2026-09-11T13:18:14Z,emailservice,paymentservice,0,0,0,0,0
2026-09-11T13:18:14Z,emailservice,productcatalogservice,0,0,0,0,0
2026-09-11T13:18:14Z,emailservice,recommendationservice,0,0,0,0,0
2026-09-11T13:18:14Z,emailservice,redis-cart,0,0,0,0,0
2026-09-11T13:18:14Z,emailservice,shippingservice,0,0,0,0,0
2026-09-11T13:18:14Z,frontend,adservice,57253,44616,0,479,0
2026-09-11T13:18:14Z,frontend,cartservice,261978,261937,0,0,0
2026-09-11T13:18:14Z,frontend,checkoutservice,10811,10811,0,0,0
2026-09-11T13:18:14Z,frontend,currencyservice,419273,419169,0,0,0
2026-09-11T13:18:14Z,frontend,emailservice,0,0,0,0,0
2026-09-11T13:18:14Z,frontend,frontend,0,0,0,0,0
2026-09-11T13:18:14Z,frontend,kubernetes,0,0,0,0,0
2026-09-11T13:18:14Z,frontend,paymentservice,0,0,0,0,0
2026-09-11T13:18:14Z,frontend,productcatalogservice,1047042,1046502,0,0,0
2026-09-11T13:18:14Z,frontend,recommendationservice,170484,170420,0,0,0
2026-09-11T13:18:14Z,frontend,redis-cart,0,0,0,0,0
2026-09-11T13:18:14Z,frontend,shippingservice,101909,101909,0,0,0
2026-09-11T13:18:14Z,paymentservice,adservice,0,0,0,0,0
2026-09-11T13:18:14Z,paymentservice,cartservice,0,0,0,0,0
2026-09-11T13:18:14Z,paymentservice,checkoutservice,0,0,0,0,0
2026-09-11T13:18:14Z,paymentservice,currencyservice,0,0,0,0,0
2026-09-11T13:18:14Z,paymentservice,emailservice,0,0,0,0,0
2026-09-11T13:18:14Z,paymentservice,frontend,0,0,0,0,0
2026-09-11T13:18:14Z,paymentservice,kubernetes,0,0,0,0,0
2026-09-11T13:18:14Z,paymentservice,paymentservice,0,0,0,0,0
2026-09-11T13:18:14Z,paymentservice,productcatalogservice,0,0,0,0,0
2026-09-11T13:18:14Z,paymentservice,recommendationservice,0,0,0,0,0
2026-09-11T13:18:14Z,paymentservice,redis-cart,0,0,0,0,0
2026-09-11T13:18:14Z,paymentservice,shippingservice,0,0,0,0,0
2026-09-11T13:18:14Z,productcatalogservice,adservice,0,0,0,0,0
2026-09-11T13:18:14Z,productcatalogservice,cartservice,0,0,0,0,0
2026-09-11T13:18:14Z,productcatalogservice,checkoutservice,0,0,0,0,0
2026-09-11T13:18:14Z,productcatalogservice,currencyservice,0,0,0,0,0
2026-09-11T13:18:14Z,productcatalogservice,emailservice,0,0,0,0,0
2026-09-11T13:18:14Z,productcatalogservice,frontend,0,0,0,0,0
2026-09-11T13:18:14Z,productcatalogservice,kubernetes,0,0,0,0,0
2026-09-11T13:18:14Z,productcatalogservice,paymentservice,0,0,0,0,0
2026-09-11T13:18:14Z,productcatalogservice,productcatalogservice,0,0,0,0,0
2026-09-11T13:18:14Z,productcatalogservice,recommendationservice,0,0,0,0,0
2026-09-11T13:18:14Z,productcatalogservice,redis-cart,0,0,0,0,0
2026-09-11T13:18:14Z,productcatalogservice,shippingservice,0,0,0,0,0
2026-09-11T13:18:14Z,recommendationservice,adservice,0,0,0,0,0
2026-09-11T13:18:14Z,recommendationservice,cartservice,0,0,0,0,0
2026-09-11T13:18:14Z,recommendationservice,checkoutservice,0,0,0,0,0
2026-09-11T13:18:14Z,recommendationservice,currencyservice,0,0,0,0,0
2026-09-11T13:18:14Z,recommendationservice,emailservice,0,0,0,0,0
2026-09-11T13:18:14Z,recommendationservice,frontend,0,0,0,0,0
2026-09-11T13:18:14Z,recommendationservice,kubernetes,0,0,0,0,0
2026-09-11T13:18:14Z,recommendationservice,paymentservice,0,0,0,0,0
2026-09-11T13:18:14Z,recommendationservice,productcatalogservice,170584,170584,0,0,0
2026-09-11T13:18:14Z,recommendationservice,recommendationservice,0,0,0,0,0
2026-09-11T13:18:14Z,recommendationservice,redis-cart,0,0,0,0,0
2026-09-11T13:18:14Z,recommendationservice,shippingservice,0,0,0,0,0
2026-09-11T13:18:14Z,redis-cart,adservice,0,0,0,0,0
2026-09-11T13:18:14Z,redis-cart,cartservice,0,0,0,0,0
2026-09-11T13:18:14Z,redis-cart,checkoutservice,0,0,0,0,0
2026-09-11T13:18:14Z,redis-cart,currencyservice,0,0,0,0,0
2026-09-11T13:18:14Z,redis-cart,emailservice,0,0,0,0,0
2026-09-11T13:18:14Z,redis-cart,frontend,0,0,0,0,0
2026-09-11T13:18:14Z,redis-cart,kubernetes,0,0,0,0,0
2026-09-11T13:18:14Z,redis-cart,paymentservice,0,0,0,0,0
2026-09-11T13:18:14Z,redis-cart,productcatalogservice,0,0,0,0,0
2026-09-11T13:18:14Z,redis-cart,recommendationservice,0,0,0,0,0
2026-09-11T13:18:14Z,redis-cart,redis-cart,0,0,0,0,0
2026-09-11T13:18:14Z,redis-cart,shippingservice,0,0,0,0,0
2026-09-11T13:18:14Z,shippingservice,adservice,0,0,0,0,0
2026-09-11T13:18:14Z,shippingservice,cartservice,0,0,0,0,0
2026-09-11T13:18:14Z,shippingservice,checkoutservice,0,0,0,0,0
2026-09-11T13:18:14Z,shippingservice,currencyservice,0,0,0,0,0
2026-09-11T13:18:14Z,shippingservice,emailservice,0,0,0,0,0
2026-09-11T13:18:14Z,shippingservice,frontend,0,0,0,0,0
2026-09-11T13:18:14Z,shippingservice,kubernetes,0,0,0,0,0
2026-09-11T13:18:14Z,shippingservice,paymentservice,0,0,0,0,0
2026-09-11T13:18:14Z,shippingservice,productcatalogservice,0,0,0,0,0
2026-09-11T13:18:14Z,shippingservice,recommendationservice,0,0,0,0,0
2026-09-11T13:18:14Z,shippingservice,redis-cart,0,0,0,0,0
2026-09-11T13:18:14Z,shippingservice,shippingservice,0,0,0,0,0
2026-09-11T13:18:17Z,adservice,adservice,0,0,0,0,0
2026-09-11T13:18:17Z,adservice,cartservice,0,0,0,0,0
2026-09-11T13:18:17Z,adservice,checkoutservice,0,0,0,0,0
2026-09-11T13:18:17Z,adservice,currencyservice,0,0,0,0,0
2026-09-11T13:18:17Z,adservice,emailservice,0,0,0,0,0
2026-09-11T13:18:17Z,adservice,frontend,0,0,0,0,0
2026-09-11T13:18:17Z,adservice,kubernetes,0,0,0,0,0
2026-09-11T13:18:17Z,adservice,paymentservice,0,0,0,0,0
2026-09-11T13:18:17Z,adservice,productcatalogservice,0,0,0,0,0
2026-09-11T13:18:17Z,adservice,recommendationservice,0,0,0,0,0
2026-09-11T13:18:17Z,adservice,redis-cart,0,0,0,0,0
2026-09-11T13:18:17Z,adservice,shippingservice,0,0,0,0,0
2026-09-11T13:18:17Z,cartservice,adservice,0,0,0,0,0
2026-09-11T13:18:17Z,cartservice,cartservice,0,0,0,0,0
2026-09-11T13:18:17Z,cartservice,checkoutservice,0,0,0,0,0
2026-09-11T13:18:17Z,cartservice,currencyservice,0,0,0,0,0
2026-09-11T13:18:17Z,cartservice,emailservice,0,0,0,0,0
2026-09-11T13:18:17Z,cartservice,frontend,0,0,0,0,0
2026-09-11T13:18:17Z,cartservice,kubernetes,0,0,0,0,0
2026-09-11T13:18:17Z,cartservice,paymentservice,0,0,0,0,0
2026-09-11T13:18:17Z,cartservice,productcatalogservice,0,0,0,0,0
2026-09-11T13:18:17Z,cartservice,recommendationservice,0,0,0,0,0
2026-09-11T13:18:17Z,cartservice,redis-cart,2,0,0,0,0
2026-09-11T13:18:17Z,cartservice,shippingservice,0,0,0,0,0
2026-09-11T13:18:17Z,checkoutservice,adservice,0,0,0,0,0
2026-09-11T13:18:17Z,checkoutservice,cartservice,21684,21684,0,0,0
2026-09-11T13:18:17Z,checkoutservice,checkoutservice,0,0,0,0,0
2026-09-11T13:18:17Z,checkoutservice,currencyservice,10844,10840,0,0,0
2026-09-11T13:18:17Z,checkoutservice,emailservice,10840,10840,0,0,0
2026-09-11T13:18:17Z,checkoutservice,frontend,0,0,0,0,0
2026-09-11T13:18:17Z,checkoutservice,kubernetes,0,0,0,0,0
2026-09-11T13:18:17Z,checkoutservice,paymentservice,10840,10840,0,0,0
2026-09-11T13:18:17Z,checkoutservice,productcatalogservice,0,0,0,0,0
2026-09-11T13:18:17Z,checkoutservice,recommendationservice,0,0,0,0,0
2026-09-11T13:18:17Z,checkoutservice,redis-cart,0,0,0,0,0
2026-09-11T13:18:17Z,checkoutservice,shippingservice,21684,21684,0,0,0
2026-09-11T13:18:17Z,currencyservice,adservice,0,0,0,0,0
2026-09-11T13:18:17Z,currencyservice,cartservice,0,0,0,0,0
2026-09-11T13:18:17Z,currencyservice,checkoutservice,0,0,0,0,0
2026-09-11T13:18:17Z,currencyservice,currencyservice,0,0,0,0,0
2026-09-11T13:18:17Z,currencyservice,emailservice,0,0,0,0,0
2026-09-11T13:18:17Z,currencyservice,frontend,0,0,0,0,0
2026-09-11T13:18:17Z,currencyservice,kubernetes,0,0,0,0,0
2026-09-11T13:18:17Z,currencyservice,paymentservice,0,0,0,0,0
2026-09-11T13:18:17Z,currencyservice,productcatalogservice,0,0,0,0,0
2026-09-11T13:18:17Z,currencyservice,recommendationservice,0,0,0,0,0
2026-09-11T13:18:17Z,currencyservice,redis-cart,0,0,0,0,0
2026-09-11T13:18:17Z,currencyservice,shippingservice,0,0,0,0,0
2026-09-11T13:18:17Z,emailservice,adservice,0,0,0,0,0
2026-09-11T13:18:17Z,emailservice,cartservice,0,0,0,0,0
2026-09-11T13:18:17Z,emailservice,checkoutservice,0,0,0,0,0
2026-09-11T13:18:17Z,emailservice,currencyservice,0,0,0,0,0
2026-09-11T13:18:17Z,emailservice,emailservice,0,0,0,0,0
2026-09-11T13:18:17Z,emailservice,frontend,0,0,0,0,0
2026-09-11T13:18:17Z,emailservice,kubernetes,0,0,0,0,0
2026-09-11T13:18:17Z,emailservice,paymentservice,0,0,0,0,0
2026-09-11T13:18:17Z,emailservice,productcatalogservice,0,0,0,0,0
2026-09-11T13:18:17Z,emailservice,recommendationservice,0,0,0,0,0
2026-09-11T13:18:17Z,emailservice,redis-cart,0,0,0,0,0
2026-09-11T13:18:17Z,emailservice,shippingservice,0,0,0,0,0
2026-09-11T13:18:17Z,frontend,adservice,57489,44852,0,479,0
2026-09-11T13:18:17Z,frontend,cartservice,262934,262904,0,0,0
2026-09-11T13:18:17Z,frontend,checkoutservice,10853,10852,0,0,0
2026-09-11T13:18:17Z,frontend,currencyservice,420912,420786,0,0,0
2026-09-11T13:18:17Z,frontend,emailservice,0,0,0,0,0
2026-09-11T13:18:17Z,frontend,frontend,0,0,0,0,0
2026-09-11T13:18:17Z,frontend,kubernetes,0,0,0,0,0
2026-09-11T13:18:17Z,frontend,paymentservice,0,0,0,0,0
2026-09-11T13:18:17Z,frontend,productcatalogservice,1051213,1050843,0,0,0
2026-09-11T13:18:17Z,frontend,recommendationservice,171132,171074,0,0,0
2026-09-11T13:18:17Z,frontend,redis-cart,0,0,0,0,0
2026-09-11T13:18:17Z,frontend,shippingservice,102271,102271,0,0,0
2026-09-11T13:18:17Z,paymentservice,adservice,0,0,0,0,0
2026-09-11T13:18:17Z,paymentservice,cartservice,0,0,0,0,0
2026-09-11T13:18:17Z,paymentservice,checkoutservice,0,0,0,0,0
2026-09-11T13:18:17Z,paymentservice,currencyservice,0,0,0,0,0
2026-09-11T13:18:17Z,paymentservice,emailservice,0,0,0,0,0
2026-09-11T13:18:17Z,paymentservice,frontend,0,0,0,0,0
2026-09-11T13:18:17Z,paymentservice,kubernetes,0,0,0,0,0
2026-09-11T13:18:17Z,paymentservice,paymentservice,0,0,0,0,0
2026-09-11T13:18:17Z,paymentservice,productcatalogservice,0,0,0,0,0
2026-09-11T13:18:17Z,paymentservice,recommendationservice,0,0,0,0,0
2026-09-11T13:18:17Z,paymentservice,redis-cart,0,0,0,0,0
2026-09-11T13:18:17Z,paymentservice,shippingservice,0,0,0,0,0
2026-09-11T13:18:17Z,productcatalogservice,adservice,0,0,0,0,0
2026-09-11T13:18:17Z,productcatalogservice,cartservice,0,0,0,0,0
2026-09-11T13:18:17Z,productcatalogservice,checkoutservice,0,0,0,0,0
2026-09-11T13:18:17Z,productcatalogservice,currencyservice,0,0,0,0,0
2026-09-11T13:18:17Z,productcatalogservice,emailservice,0,0,0,0,0
2026-09-11T13:18:17Z,productcatalogservice,frontend,0,0,0,0,0
2026-09-11T13:18:17Z,productcatalogservice,kubernetes,0,0,0,0,0
2026-09-11T13:18:17Z,productcatalogservice,paymentservice,0,0,0,0,0
2026-09-11T13:18:17Z,productcatalogservice,productcatalogservice,0,0,0,0,0
2026-09-11T13:18:17Z,productcatalogservice,recommendationservice,0,0,0,0,0
2026-09-11T13:18:17Z,productcatalogservice,redis-cart,0,0,0,0,0
2026-09-11T13:18:17Z,productcatalogservice,shippingservice,0,0,0,0,0
2026-09-11T13:18:17Z,recommendationservice,adservice,0,0,0,0,0
2026-09-11T13:18:17Z,recommendationservice,cartservice,0,0,0,0,0
2026-09-11T13:18:17Z,recommendationservice,checkoutservice,0,0,0,0,0
2026-09-11T13:18:17Z,recommendationservice,currencyservice,0,0,0,0,0
2026-09-11T13:18:17Z,recommendationservice,emailservice,0,0,0,0,0
2026-09-11T13:18:17Z,recommendationservice,frontend,0,0,0,0,0
2026-09-11T13:18:17Z,recommendationservice,kubernetes,0,0,0,0,0
2026-09-11T13:18:17Z,recommendationservice,paymentservice,0,0,0,0,0
2026-09-11T13:18:17Z,recommendationservice,productcatalogservice,171283,171283,0,0,0
2026-09-11T13:18:17Z,recommendationservice,recommendationservice,0,0,0,0,0
2026-09-11T13:18:17Z,recommendationservice,redis-cart,0,0,0,0,0
2026-09-11T13:18:17Z,recommendationservice,shippingservice,0,0,0,0,0
2026-09-11T13:18:17Z,redis-cart,adservice,0,0,0,0,0
2026-09-11T13:18:17Z,redis-cart,cartservice,0,0,0,0,0
2026-09-11T13:18:17Z,redis-cart,checkoutservice,0,0,0,0,0
2026-09-11T13:18:17Z,redis-cart,currencyservice,0,0,0,0,0
2026-09-11T13:18:17Z,redis-cart,emailservice,0,0,0,0,0
2026-09-11T13:18:17Z,redis-cart,frontend,0,0,0,0,0
2026-09-11T13:18:17Z,redis-cart,kubernetes,0,0,0,0,0
2026-09-11T13:18:17Z,redis-cart,paymentservice,0,0,0,0,0
2026-09-11T13:18:17Z,redis-cart,productcatalogservice,0,0,0,0,0
2026-09-11T13:18:17Z,redis-cart,recommendationservice,0,0,0,0,0
2026-09-11T13:18:17Z,redis-cart,redis-cart,0,0,0,0,0
2026-09-11T13:18:17Z,redis-cart,shippingservice,0,0,0,0,0
2026-09-11T13:18:17Z,shippingservice,adservice,0,0,0,0,0
2026-09-11T13:18:17Z,shippingservice,cartservice,0,0,0,0,0
2026-09-11T13:18:17Z,shippingservice,checkoutservice,0,0,0,0,0
2026-09-11T13:18:17Z,shippingservice,currencyservice,0,0,0,0,0
2026-09-11T13:18:17Z,shippingservice,emailservice,0,0,0,0,0
2026-09-11T13:18:17Z,shippingservice,frontend,0,0,0,0,0
2026-09-11T13:18:17Z,shippingservice,kubernetes,0,0,0,0,0
2026-09-11T13:18:17Z,shippingservice,paymentservice,0,0,0,0,0
2026-09-11T13:18:17Z,shippingservice,productcatalogservice,0,0,0,0,0
2026-09-11T13:18:17Z,shippingservice,recommendationservice,0,0,0,0,0
2026-09-11T13:18:17Z,shippingservice,redis-cart,0,0,0,0,0
2026-09-11T13:18:17Z,shippingservice,shippingservice,0,0,0,0,0
2026-09-11T13:18:20Z,adservice,adservice,0,0,0,0,0
2026-09-11T13:18:20Z,adservice,cartservice,0,0,0,0,0
2026-09-11T13:18:20Z,adservice,checkoutservice,0,0,0,0,0
2026-09-11T13:18:20Z,adservice,currencyservice,0,0,0,0,0
2026-09-11T13:18:20Z,adservice,emailservice,0,0,0,0,0
2026-09-11T13:18:20Z,adservice,frontend,0,0,0,0,0
2026-09-11T13:18:20Z,adservice,kubernetes,0,0,0,0,0
2026-09-11T13:18:20Z,adservice,paymentservice,0,0,0,0,0
2026-09-11T13:18:20Z,adservice,productcatalogservice,0,0,0,0,0
2026-09-11T13:18:20Z,adservice,recommendationservice,0,0,0,0,0
2026-09-11T13:18:20Z,adservice,redis-cart,0,0,0,0,0
2026-09-11T13:18:20Z,adservice,shippingservice,0,0,0,0,0
2026-09-11T13:18:20Z,cartservice,adservice,0,0,0,0,0
2026-09-11T13:18:20Z,cartservice,cartservice,0,0,0,0,0
2026-09-11T13:18:20Z,cartservice,checkoutservice,0,0,0,0,0
2026-09-11T13:18:20Z,cartservice,currencyservice,0,0,0,0,0
2026-09-11T13:18:20Z,cartservice,emailservice,0,0,0,0,0
2026-09-11T13:18:20Z,cartservice,frontend,0,0,0,0,0
2026-09-11T13:18:20Z,cartservice,kubernetes,0,0,0,0,0
2026-09-11T13:18:20Z,cartservice,paymentservice,0,0,0,0,0
2026-09-11T13:18:20Z,cartservice,productcatalogservice,0,0,0,0,0
2026-09-11T13:18:20Z,cartservice,recommendationservice,0,0,0,0,0
2026-09-11T13:18:20Z,cartservice,redis-cart,2,0,0,0,0
2026-09-11T13:18:20Z,cartservice,shippingservice,0,0,0,0,0
2026-09-11T13:18:20Z,checkoutservice,adservice,0,0,0,0,0
2026-09-11T13:18:20Z,checkoutservice,cartservice,21746,21746,0,0,0
2026-09-11T13:18:20Z,checkoutservice,checkoutservice,0,0,0,0,0
2026-09-11T13:18:20Z,checkoutservice,currencyservice,10873,10873,0,0,0
2026-09-11T13:18:20Z,checkoutservice,emailservice,10873,10873,0,0,0
2026-09-11T13:18:20Z,checkoutservice,frontend,0,0,0,0,0
2026-09-11T13:18:20Z,checkoutservice,kubernetes,0,0,0,0,0
2026-09-11T13:18:20Z,checkoutservice,paymentservice,10873,10873,0,0,0
2026-09-11T13:18:20Z,checkoutservice,productcatalogservice,0,0,0,0,0
2026-09-11T13:18:20Z,checkoutservice,recommendationservice,0,0,0,0,0
2026-09-11T13:18:20Z,checkoutservice,redis-cart,0,0,0,0,0
2026-09-11T13:18:20Z,checkoutservice,shippingservice,21746,21746,0,0,0
2026-09-11T13:18:20Z,currencyservice,adservice,0,0,0,0,0
2026-09-11T13:18:20Z,currencyservice,cartservice,0,0,0,0,0
2026-09-11T13:18:20Z,currencyservice,checkoutservice,0,0,0,0,0
2026-09-11T13:18:20Z,currencyservice,currencyservice,0,0,0,0,0
2026-09-11T13:18:20Z,currencyservice,emailservice,0,0,0,0,0
2026-09-11T13:18:20Z,currencyservice,frontend,0,0,0,0,0
2026-09-11T13:18:20Z,currencyservice,kubernetes,0,0,0,0,0
2026-09-11T13:18:20Z,currencyservice,paymentservice,0,0,0,0,0
2026-09-11T13:18:20Z,currencyservice,productcatalogservice,0,0,0,0,0
2026-09-11T13:18:20Z,currencyservice,recommendationservice,0,0,0,0,0
2026-09-11T13:18:20Z,currencyservice,redis-cart,0,0,0,0,0
2026-09-11T13:18:20Z,currencyservice,shippingservice,0,0,0,0,0
2026-09-11T13:18:20Z,emailservice,adservice,0,0,0,0,0
2026-09-11T13:18:20Z,emailservice,cartservice,0,0,0,0,0
2026-09-11T13:18:20Z,emailservice,checkoutservice,0,0,0,0,0
2026-09-11T13:18:20Z,emailservice,currencyservice,0,0,0,0,0
2026-09-11T13:18:20Z,emailservice,emailservice,0,0,0,0,0
2026-09-11T13:18:20Z,emailservice,frontend,0,0,0,0,0
2026-09-11T13:18:20Z,emailservice,kubernetes,0,0,0,0,0
2026-09-11T13:18:20Z,emailservice,paymentservice,0,0,0,0,0
2026-09-11T13:18:20Z,emailservice,productcatalogservice,0,0,0,0,0
2026-09-11T13:18:20Z,emailservice,recommendationservice,0,0,0,0,0
2026-09-11T13:18:20Z,emailservice,redis-cart,0,0,0,0,0
2026-09-11T13:18:20Z,emailservice,shippingservice,0,0,0,0,0
2026-09-11T13:18:20Z,frontend,adservice,57592,44955,0,479,0
2026-09-11T13:18:20Z,frontend,cartservice,263479,263424,0,0,0
2026-09-11T13:18:20Z,frontend,checkoutservice,10873,10873,0,0,0
2026-09-11T13:18:20Z,frontend,currencyservice,421756,421660,0,0,0
2026-09-11T13:18:20Z,frontend,emailservice,0,0,0,0,0
2026-09-11T13:18:20Z,frontend,frontend,0,0,0,0,0
2026-09-11T13:18:20Z,frontend,kubernetes,0,0,0,0,0
2026-09-11T13:18:20Z,frontend,paymentservice,0,0,0,0,0
2026-09-11T13:18:20Z,frontend,productcatalogservice,1053394,1052937,0,0,0
2026-09-11T13:18:20Z,frontend,recommendationservice,171448,171432,0,0,0
2026-09-11T13:18:20Z,frontend,redis-cart,0,0,0,0,0
2026-09-11T13:18:20Z,frontend,shippingservice,102503,102503,0,0,0
2026-09-11T13:18:20Z,paymentservice,adservice,0,0,0,0,0
2026-09-11T13:18:20Z,paymentservice,cartservice,0,0,0,0,0
2026-09-11T13:18:20Z,paymentservice,checkoutservice,0,0,0,0,0
2026-09-11T13:18:20Z,paymentservice,currencyservice,0,0,0,0,0
2026-09-11T13:18:20Z,paymentservice,emailservice,0,0,0,0,0
2026-09-11T13:18:20Z,paymentservice,frontend,0,0,0,0,0
2026-09-11T13:18:20Z,paymentservice,kubernetes,0,0,0,0,0
2026-09-11T13:18:20Z,paymentservice,paymentservice,0,0,0,0,0
2026-09-11T13:18:20Z,paymentservice,productcatalogservice,0,0,0,0,0
2026-09-11T13:18:20Z,paymentservice,recommendationservice,0,0,0,0,0
2026-09-11T13:18:20Z,paymentservice,redis-cart,0,0,0,0,0
2026-09-11T13:18:20Z,paymentservice,shippingservice,0,0,0,0,0
2026-09-11T13:18:20Z,productcatalogservice,adservice,0,0,0,0,0
2026-09-11T13:18:20Z,productcatalogservice,cartservice,0,0,0,0,0
2026-09-11T13:18:20Z,productcatalogservice,checkoutservice,0,0,0,0,0
2026-09-11T13:18:20Z,productcatalogservice,currencyservice,0,0,0,0,0
2026-09-11T13:18:20Z,productcatalogservice,emailservice,0,0,0,0,0
2026-09-11T13:18:20Z,productcatalogservice,frontend,0,0,0,0,0
2026-09-11T13:18:20Z,productcatalogservice,kubernetes,0,0,0,0,0
2026-09-11T13:18:20Z,productcatalogservice,paymentservice,0,0,0,0,0
2026-09-11T13:18:20Z,productcatalogservice,productcatalogservice,0,0,0,0,0
2026-09-11T13:18:20Z,productcatalogservice,recommendationservice,0,0,0,0,0
2026-09-11T13:18:20Z,productcatalogservice,redis-cart,0,0,0,0,0
2026-09-11T13:18:20Z,productcatalogservice,shippingservice,0,0,0,0,0
2026-09-11T13:18:20Z,recommendationservice,adservice,0,0,0,0,0
2026-09-11T13:18:20Z,recommendationservice,cartservice,0,0,0,0,0
2026-09-11T13:18:20Z,recommendationservice,checkoutservice,0,0,0,0,0
2026-09-11T13:18:20Z,recommendationservice,currencyservice,0,0,0,0,0
2026-09-11T13:18:20Z,recommendationservice,emailservice,0,0,0,0,0
2026-09-11T13:18:20Z,recommendationservice,frontend,0,0,0,0,0
2026-09-11T13:18:20Z,recommendationservice,kubernetes,0,0,0,0,0
2026-09-11T13:18:20Z,recommendationservice,paymentservice,0,0,0,0,0
2026-09-11T13:18:20Z,recommendationservice,productcatalogservice,171441,171441,0,0,0
2026-09-11T13:18:20Z,recommendationservice,recommendationservice,0,0,0,0,0
2026-09-11T13:18:20Z,recommendationservice,redis-cart,0,0,0,0,0
2026-09-11T13:18:20Z,recommendationservice,shippingservice,0,0,0,0,0
2026-09-11T13:18:20Z,redis-cart,adservice,0,0,0,0,0
2026-09-11T13:18:20Z,redis-cart,cartservice,0,0,0,0,0
2026-09-11T13:18:20Z,redis-cart,checkoutservice,0,0,0,0,0
2026-09-11T13:18:20Z,redis-cart,currencyservice,0,0,0,0,0
2026-09-11T13:18:20Z,redis-cart,emailservice,0,0,0,0,0
2026-09-11T13:18:20Z,redis-cart,frontend,0,0,0,0,0
2026-09-11T13:18:20Z,redis-cart,kubernetes,0,0,0,0,0
2026-09-11T13:18:20Z,redis-cart,paymentservice,0,0,0,0,0
2026-09-11T13:18:20Z,redis-cart,productcatalogservice,0,0,0,0,0
2026-09-11T13:18:20Z,redis-cart,recommendationservice,0,0,0,0,0
2026-09-11T13:18:20Z,redis-cart,redis-cart,0,0,0,0,0
2026-09-11T13:18:20Z,redis-cart,shippingservice,0,0,0,0,0
2026-09-11T13:18:20Z,shippingservice,adservice,0,0,0,0,0
2026-09-11T13:18:20Z,shippingservice,cartservice,0,0,0,0,0
2026-09-11T13:18:20Z,shippingservice,checkoutservice,0,0,0,0,0
2026-09-11T13:18:20Z,shippingservice,currencyservice,0,0,0,0,0
2026-09-11T13:18:20Z,shippingservice,emailservice,0,0,0,0,0
2026-09-11T13:18:20Z,shippingservice,frontend,0,0,0,0,0
2026-09-11T13:18:20Z,shippingservice,kubernetes,0,0,0,0,0
2026-09-11T13:18:20Z,shippingservice,paymentservice,0,0,0,0,0
2026-09-11T13:18:20Z,shippingservice,productcatalogservice,0,0,0,0,0
2026-09-11T13:18:20Z,shippingservice,recommendationservice,0,0,0,0,0
2026-09-11T13:18:20Z,shippingservice,redis-cart,0,0,0,0,0
2026-09-11T13:18:20Z,shippingservice,shippingservice,0,0,0,0,0
