timestamp,service,cadvisor_cpu,quota,alpha,utilization,overloaded
2026-09-24T18:45:26Z,frontend,0.0,1150,0.8,0.0,0
2026-09-24T18:45:26Z,cartservice,0.0,1920,0.95,0.0,0
2026-09-24T18:45:26Z,checkoutservice,0.0,615,0.8,0.0,0
2026-09-24T18:45:26Z,productcatalogservice,0.0,1535,0.95,0.0,0
2026-09-24T18:45:26Z,paymentservice,0.0,155,0.8,0.0,0
2026-09-24T18:45:26Z,recommendationservice,0.0,1150,0.8,0.0,0
2026-09-24T18:45:26Z,shippingservice,13.0,770,0.8,0.016883116883116882,0
2026-09-24T18:45:26Z,currencyservice,0.0,770,0.8,0.0,0
2026-09-24T18:45:26Z,emailservice,23.0,155,0.8,0.14838709677419354,0
2026-09-24T18:45:26Z,adservice,32.0,1150,0.8,0.02782608695652174,0
2026-09-24T18:45:26Z,redis-cart,4.0,540,0.8,0.007407407407407408,0
2026-09-24T18:45:27Z,frontend,0.0,1150,0.8,0.0,0
2026-09-24T18:45:27Z,cartservice,0.0,1920,0.95,0.0,0
2026-09-24T18:45:27Z,checkoutservice,0.0,615,0.8,0.0,0
2026-09-24T18:45:27Z,productcatalogservice,0.0,1535,0.95,0.0,0
2026-09-24T18:45:27Z,paymentservice,0.0,155,0.8,0.0,0
2026-09-24T18:45:27Z,recommendationservice,0.0,1150,0.8,0.0,0
2026-09-24T18:45:27Z,shippingservice,13.0,770,0.8,0.016883116883116882,0
2026-09-24T18:45:27Z,currencyservice,0.0,770,0.8,0.0,0
2026-09-24T18:45:27Z,emailservice,0.0,155,0.8,0.0,0
2026-09-24T18:45:27Z,adservice,32.0,1150,0.8,0.02782608695652174,0
2026-09-24T18:45:27Z,redis-cart,4.0,540,0.8,0.007407407407407408,0
2026-09-24T18:45:28Z,frontend,0.0,1150,0.8,0.0,0
2026-09-24T18:45:28Z,cartservice,0.0,1920,0.95,0.0,0
2026-09-24T18:45:28Z,checkoutservice,0.0,615,0.8,0.0,0
2026-09-24T18:45:28Z,productcatalogservice,0.0,1535,0.95,0.0,0
2026-09-24T18:45:28Z,paymentservice,23.0,155,0.8,0.14838709677419354,0
2026-09-24T18:45:28Z,recommendationservice,6.0,1150,0.8,0.0052173913043478265,0
2026-09-24T18:45:28Z,shippingservice,0.0,770,0.8,0.0,0
2026-09-24T18:45:28Z,currencyservice,0.0,770,0.8,0.0,0
2026-09-24T18:45:28Z,emailservice,0.0,155,0.8,0.0,0
2026-09-24T18:45:28Z,adservice,32.0,1150,0.8,0.02782608695652174,0
2026-09-24T18:45:28Z,redis-cart,4.0,540,0.8,0.007407407407407408,0
2026-09-24T18:45:29Z,frontend,0.0,1150,0.8,0.0,0
2026-09-24T18:45:29Z,cartservice,0.0,1920,0.95,0.0,0
2026-09-24T18:45:29Z,checkoutservice,0.0,615,0.8,0.0,0
2026-09-24T18:45:29Z,productcatalogservice,0.0,1535,0.95,0.0,0
2026-09-24T18:45:29Z,paymentservice,0.0,155,0.8,0.0,0
2026-09-24T18:45:29Z,recommendationservice,6.0,1150,0.8,0.0052173913043478265,0
2026-09-24T18:45:29Z,shippingservice,0.0,770,0.8,0.0,0
2026-09-24T18:45:29Z,currencyservice,0.0,770,0.8,0.0,0
2026-09-24T18:45:29Z,emailservice,0.0,155,0.8,0.0,0
2026-09-24T18:45:29Z,adservice,34.0,1150,0.8,0.029565217391304348,0
2026-09-24T18:45:29Z,redis-cart,4.0,540,0.8,0.007407407407407408,0
2026-09-24T18:45:30Z,frontend,0.0,1150,0.8,0.0,0
2026-09-24T18:45:30Z,cartservice,0.0,1920,0.95,0.0,0
2026-09-24T18:45:30Z,checkoutservice,0.0,615,0.8,0.0,0
2026-09-24T18:45:30Z,productcatalogservice,0.0,1535,0.95,0.0,0
2026-09-24T18:45:30Z,paymentservice,0.0,155,0.8,0.0,0
2026-09-24T18:45:30Z,recommendationservice,19.0,1150,0.8,0.01652173913043478,0
2026-09-24T18:45:30Z,shippingservice,0.0,770,0.8,0.0,0
2026-09-24T18:45:30Z,currencyservice,0.0,770,0.8,0.0,0
2026-09-24T18:45:30Z,emailservice,0.0,155,0.8,0.0,0
2026-09-24T18:45:30Z,adservice,34.0,1150,0.8,0.029565217391304348,0
2026-09-24T18:45:30Z,redis-cart,4.0,540,0.8,0.007407407407407408,0
2026-09-24T18:45:31Z,frontend,0.0,1150,0.8,0.0,0
2026-09-24T18:45:31Z,cartservice,28.0,1920,0.95,0.014583333333333334,0
2026-09-24T18:45:31Z,checkoutservice,0.0,615,0.8,0.0,0
2026-09-24T18:45:31Z,productcatalogservice,16.0,1535,0.95,0.010423452768729642,0
2026-09-24T18:45:31Z,paymentservice,0.0,155,0.8,0.0,0
2026-09-24T18:45:31Z,recommendationservice,0.0,1150,0.8,0.0,0
2026-09-24T18:45:31Z,shippingservice,21.0,770,0.8,0.02727272727272727,0
2026-09-24T18:45:31Z,currencyservice,0.0,770,0.8,0.0,0
2026-09-24T18:45:31Z,emailservice,20.0,155,0.8,0.12903225806451613,0
2026-09-24T18:45:31Z,adservice,30.0,1150,0.8,0.02608695652173913,0
2026-09-24T18:45:31Z,redis-cart,4.0,540,0.8,0.007407407407407408,0
2026-09-24T18:45:32Z,frontend,0.0,1150,0.8,0.0,0
2026-09-24T18:45:32Z,cartservice,0.0,1920,0.95,0.0,0
2026-09-24T18:45:32Z,checkoutservice,18.0,615,0.8,0.02926829268292683,0
2026-09-24T18:45:32Z,productcatalogservice,0.0,1535,0.95,0.0,0
2026-09-24T18:45:32Z,paymentservice,0.0,155,0.8,0.0,0
2026-09-24T18:45:32Z,recommendationservice,0.0,1150,0.8,0.0,0
2026-09-24T18:45:32Z,shippingservice,0.0,770,0.8,0.0,0
2026-09-24T18:45:32Z,currencyservice,18.0,770,0.8,0.023376623376623377,0
2026-09-24T18:45:32Z,emailservice,20.0,155,0.8,0.12903225806451613,0
2026-09-24T18:45:32Z,adservice,30.0,1150,0.8,0.02608695652173913,0
2026-09-24T18:45:32Z,redis-cart,4.0,540,0.8,0.007407407407407408,0
2026-09-24T18:45:33Z,frontend,0.0,1150,0.8,0.0,0
2026-09-24T18:45:33Z,cartservice,0.0,1920,0.95,0.0,0
2026-09-24T18:45:33Z,checkoutservice,18.0,615,0.8,0.02926829268292683,0
2026-09-24T18:45:33Z,productcatalogservice,0.0,1535,0.95,0.0,0
2026-09-24T18:45:33Z,paymentservice,0.0,155,0.8,0.0,0
2026-09-24T18:45:33Z,recommendationservice,0.0,1150,0.8,0.0,0
2026-09-24T18:45:33Z,shippingservice,0.0,770,0.8,0.0,0
2026-09-24T18:45:33Z,currencyservice,18.0,770,0.8,0.023376623376623377,0
2026-09-24T18:45:33Z,emailservice,0.0,155,0.8,0.0,0
2026-09-24T18:45:33Z,adservice,30.0,1150,0.8,0.02608695652173913,0
2026-09-24T18:45:33Z,redis-cart,4.0,540,0.8,0.007407407407407408,0
2026-09-24T18:45:34Z,frontend,0.0,1150,0.8,0.0,0
2026-09-24T18:45:34Z,cartservice,0.0,1920,0.95,0.0,0
2026-09-24T18:45:34Z,checkoutservice,0.0,615,0.8,0.0,0
2026-09-24T18:45:34Z,productcatalogservice,0.0,1535,0.95,0.0,0
2026-09-24T18:45:34Z,paymentservice,0.0,155,0.8,0.0,0
2026-09-24T18:45:34Z,recommendationservice,24.0,1150,0.8,0.020869565217391306,0
2026-09-24T18:45:34Z,shippingservice,0.0,770,0.8,0.0,0
2026-09-24T18:45:34Z,currencyservice,0.0,770,0.8,0.0,0
2026-09-24T18:45:34Z,emailservice,0.0,155,0.8,0.0,0
2026-09-24T18:45:34Z,adservice,33.0,1150,0.8,0.028695652173913042,0
2026-09-24T18:45:34Z,redis-cart,4.0,540,0.8,0.007407407407407408,0
2026-09-24T18:45:35Z,frontend,0.0,1150,0.8,0.0,0
2026-09-24T18:45:35Z,cartservice,0.0,1920,0.95,0.0,0
2026-09-24T18:45:35Z,checkoutservice,0.0,615,0.8,0.0,0
2026-09-24T18:45:35Z,productcatalogservice,0.0,1535,0.95,0.0,0
2026-09-24T18:45:35Z,paymentservice,0.0,155,0.8,0.0,0
2026-09-24T18:45:35Z,recommendationservice,24.0,1150,0.8,0.020869565217391306,0
2026-09-24T18:45:35Z,shippingservice,0.0,770,0.8,0.0,0
2026-09-24T18:45:35Z,currencyservice,0.0,770,0.8,0.0,0
2026-09-24T18:45:35Z,emailservice,0.0,155,0.8,0.0,0
2026-09-24T18:45:35Z,adservice,31.0,1150,0.8,0.026956521739130435,0
2026-09-24T18:45:35Z,redis-cart,5.0,540,0.8,0.009259259259259259,0
2026-09-24T18:45:36Z,frontend,0.0,1150,0.8,0.0,0
2026-09-24T18:45:36Z,cartservice,0.0,1920,0.95,0.0,0
2026-09-24T18:45:36Z,checkoutservice,0.0,615,0.8,0.0,0
2026-09-24T18:45:36Z,productcatalogservice,0.0,1535,0.95,0.0,0
2026-09-24T18:45:36Z,paymentservice,0.0,155,0.8,0.0,0
2026-09-24T18:45:36Z,recommendationservice,0.0,1150,0.8,0.0,0
2026-09-24T18:45:36Z,shippingservice,0.0,770,0.8,0.0,0
2026-09-24T18:45:36Z,currencyservice,0.0,770,0.8,0.0,0
2026-09-24T18:45:36Z,emailservice,21.0,155,0.8,0.13548387096774195,0
2026-09-24T18:45:36Z,adservice,52.0,1150,0.8,0.04521739130434783,0
2026-09-24T18:45:36Z,redis-cart,5.0,540,0.8,0.009259259259259259,0
2026-09-24T18:45:37Z,frontend,0.0,1150,0.8,0.0,0
2026-09-24T18:45:37Z,cartservice,0.0,1920,0.95,0.0,0
2026-09-24T18:45:37Z,checkoutservice,0.0,615,0.8,0.0,0
2026-09-24T18:45:37Z,productcatalogservice,0.0,1535,0.95,0.0,0
2026-09-24T18:45:37Z,paymentservice,0.0,155,0.8,0.0,0
2026-09-24T18:45:37Z,recommendationservice,0.0,1150,0.8,0.0,0
2026-09-24T18:45:37Z,shippingservice,10.0,770,0.8,0.012987012987012988,0
2026-09-24T18:45:37Z,currencyservice,0.0,770,0.8,0.0,0
2026-09-24T18:45:37Z,emailservice,0.0,155,0.8,0.0,0
2026-09-24T18:45:37Z,adservice,52.0,1150,0.8,0.04521739130434783,0
2026-09-24T18:45:37Z,redis-cart,4.0,540,0.8,0.007407407407407408,0
2026-09-24T18:45:38Z,frontend,0.0,1150,0.8,0.0,0
2026-09-24T18:45:38Z,cartservice,0.0,1920,0.95,0.0,0
2026-09-24T18:45:38Z,checkoutservice,0.0,615,0.8,0.0,0
2026-09-24T18:45:38Z,productcatalogservice,0.0,1535,0.95,0.0,0
2026-09-24T18:45:38Z,paymentservice,28.0,155,0.8,0.18064516129032257,0
2026-09-24T18:45:38Z,recommendationservice,0.0,1150,0.8,0.0,0
2026-09-24T18:45:38Z,shippingservice,10.0,770,0.8,0.012987012987012988,0
2026-09-24T18:45:38Z,currencyservice,0.0,770,0.8,0.0,0
2026-09-24T18:45:38Z,emailservice,0.0,155,0.8,0.0,0
2026-09-24T18:45:38Z,adservice,30.0,1150,0.8,0.02608695652173913,0
2026-09-24T18:45:38Z,redis-cart,3.0,540,0.8,0.005555555555555556,0
2026-09-24T18:45:39Z,frontend,0.0,1150,0.8,0.0,0
2026-09-24T18:45:39Z,cartservice,0.0,1920,0.95,0.0,0
2026-09-24T18:45:39Z,checkoutservice,0.0,615,0.8,0.0,0
2026-09-24T18:45:39Z,productcatalogservice,23.0,1535,0.95,0.01498371335504886,0
2026-09-24T18:45:39Z,paymentservice,0.0,155,0.8,0.0,0
2026-09-24T18:45:39Z,recommendationservice,0.0,1150,0.8,0.0,0
2026-09-24T18:45:39Z,shippingservice,0.0,770,0.8,0.0,0
2026-09-24T18:45:39Z,currencyservice,0.0,770,0.8,0.0,0
2026-09-24T18:45:39Z,emailservice,0.0,155,0.8,0.0,0
2026-09-24T18:45:39Z,adservice,30.0,1150,0.8,0.02608695652173913,0
2026-09-24T18:45:39Z,redis-cart,3.0,540,0.8,0.005555555555555556,0
2026-09-24T18:45:40Z,frontend,0.0,1150,0.8,0.0,0
2026-09-24T18:45:40Z,cartservice,0.0,1920,0.95,0.0,0
2026-09-24T18:45:40Z,checkoutservice,0.0,615,0.8,0.0,0
2026-09-24T18:45:40Z,productcatalogservice,23.0,1535,0.95,0.01498371335504886,0
2026-09-24T18:45:40Z,paymentservice,0.0,155,0.8,0.0,0
2026-09-24T18:45:40Z,recommendationservice,18.0,1150,0.8,0.01565217391304348,0
2026-09-24T18:45:40Z,shippingservice,0.0,770,0.8,0.0,0
2026-09-24T18:45:40Z,currencyservice,0.0,770,0.8,0.0,0
2026-09-24T18:45:40Z,emailservice,31.0,155,0.8,0.2,0
2026-09-24T18:45:40Z,adservice,32.0,1150,0.8,0.02782608695652174,0
2026-09-24T18:45:40Z,redis-cart,4.0,540,0.8,0.007407407407407408,0
2026-09-24T18:45:41Z,frontend,0.0,1150,0.8,0.0,0
2026-09-24T18:45:41Z,cartservice,0.0,1920,0.95,0.0,0
2026-09-24T18:45:41Z,checkoutservice,0.0,615,0.8,0.0,0
2026-09-24T18:45:41Z,productcatalogservice,0.0,1535,0.95,0.0,0
2026-09-24T18:45:41Z,paymentservice,0.0,155,0.8,0.0,0
2026-09-24T18:45:41Z,recommendationservice,0.0,1150,0.8,0.0,0
2026-09-24T18:45:41Z,shippingservice,0.0,770,0.8,0.0,0
2026-09-24T18:45:41Z,currencyservice,0.0,770,0.8,0.0,0
2026-09-24T18:45:41Z,emailservice,31.0,155,0.8,0.2,0
2026-09-24T18:45:41Z,adservice,32.0,1150,0.8,0.02782608695652174,0
2026-09-24T18:45:41Z,redis-cart,4.0,540,0.8,0.007407407407407408,0
2026-09-24T18:45:42Z,frontend,0.0,1150,0.8,0.0,0
2026-09-24T18:45:42Z,cartservice,21.0,1920,0.95,0.0109375,0
2026-09-24T18:45:42Z,checkoutservice,17.0,615,0.8,0.027642276422764227,0
2026-09-24T18:45:42Z,productcatalogservice,0.0,1535,0.95,0.0,0
2026-09-24T18:45:42Z,paymentservice,0.0,155,0.8,0.0,0
2026-09-24T18:45:42Z,recommendationservice,0.0,1150,0.8,0.0,0
2026-09-24T18:45:42Z,shippingservice,18.0,770,0.8,0.023376623376623377,0
2026-09-24T18:45:42Z,currencyservice,20.0,770,0.8,0.025974025974025976,0
2026-09-24T18:45:42Z,emailservice,0.0,155,0.8,0.0,0
2026-09-24T18:45:42Z,adservice,31.0,1150,0.8,0.026956521739130435,0
2026-09-24T18:45:42Z,redis-cart,4.0,540,0.8,0.007407407407407408,0
2026-09-24T18:45:43Z,frontend,0.0,1150,0.8,0.0,0
2026-09-24T18:45:43Z,cartservice,0.0,1920,0.95,0.0,0
2026-09-24T18:45:43Z,checkoutservice,0.0,615,0.8,0.0,0
2026-09-24T18:45:43Z,productcatalogservice,0.0,1535,0.95,0.0,0
2026-09-24T18:45:43Z,paymentservice,0.0,155,0.8,0.0,0
2026-09-24T18:45:43Z,recommendationservice,0.0,1150,0.8,0.0,0
2026-09-24T18:45:43Z,shippingservice,0.0,770,0.8,0.0,0
2026-09-24T18:45:43Z,currencyservice,0.0,770,0.8,0.0,0
2026-09-24T18:45:43Z,emailservice,0.0,155,0.8,0.0,0
2026-09-24T18:45:43Z,adservice,31.0,1150,0.8,0.026956521739130435,0
2026-09-24T18:45:43Z,redis-cart,4.0,540,0.8,0.007407407407407408,0
2026-09-24T18:45:44Z,frontend,0.0,1150,0.8,0.0,0
2026-09-24T18:45:44Z,cartservice,0.0,1920,0.95,0.0,0
2026-09-24T18:45:44Z,checkoutservice,0.0,615,0.8,0.0,0
2026-09-24T18:45:44Z,productcatalogservice,0.0,1535,0.95,0.0,0
2026-09-24T18:45:44Z,paymentservice,0.0,155,0.8,0.0,0
2026-09-24T18:45:44Z,recommendationservice,0.0,1150,0.8,0.0,0
2026-09-24T18:45:44Z,shippingservice,0.0,770,0.8,0.0,0
2026-09-24T18:45:44Z,currencyservice,0.0,770,0.8,0.0,0
2026-09-24T18:45:44Z,emailservice,0.0,155,0.8,0.0,0
2026-09-24T18:45:44Z,adservice,30.0,1150,0.8,0.02608695652173913,0
2026-09-24T18:45:44Z,redis-cart,4.0,540,0.8,0.007407407407407408,0
2026-09-24T18:45:45Z,frontend,0.0,1150,0.8,0.0,0
2026-09-24T18:45:45Z,cartservice,0.0,1920,0.95,0.0,0
2026-09-24T18:45:45Z,checkoutservice,0.0,615,0.8,0.0,0
2026-09-24T18:45:45Z,productcatalogservice,0.0,1535,0.95,0.0,0
2026-09-24T18:45:45Z,paymentservice,0.0,155,0.8,0.0,0
2026-09-24T18:45:45Z,recommendationservice,19.0,1150,0.8,0.01652173913043478,0
2026-09-24T18:45:45Z,shippingservice,0.0,770,0.8,0.0,0
2026-09-24T18:45:45Z,currencyservice,0.0,770,0.8,0.0,0
2026-09-24T18:45:45Z,emailservice,0.0,155,0.8,0.0,0
2026-09-24T18:45:45Z,adservice,29.0,1150,0.8,0.025217391304347827,0
2026-09-24T18:45:45Z,redis-cart,4.0,540,0.8,0.007407407407407408,0
2026-09-24T18:45:46Z,frontend,0.0,1150,0.8,0.0,0
2026-09-24T18:45:46Z,cartservice,0.0,1920,0.95,0.0,0
2026-09-24T18:45:46Z,checkoutservice,0.0,615,0.8,0.0,0
2026-09-24T18:45:46Z,productcatalogservice,0.0,1535,0.95,0.0,0
2026-09-24T18:45:46Z,paymentservice,0.0,155,0.8,0.0,0
2026-09-24T18:45:46Z,recommendationservice,0.0,1150,0.8,0.0,0
2026-09-24T18:45:46Z,shippingservice,10.0,770,0.8,0.012987012987012988,0
2026-09-24T18:45:46Z,currencyservice,0.0,770,0.8,0.0,0
2026-09-24T18:45:46Z,emailservice,18.0,155,0.8,0.11612903225806452,0
2026-09-24T18:45:46Z,adservice,29.0,1150,0.8,0.025217391304347827,0
2026-09-24T18:45:46Z,redis-cart,4.0,540,0.8,0.007407407407407408,0
2026-09-24T18:45:47Z,frontend,0.0,1150,0.8,0.0,0
2026-09-24T18:45:47Z,cartservice,0.0,1920,0.95,0.0,0
2026-09-24T18:45:47Z,checkoutservice,0.0,615,0.8,0.0,0
2026-09-24T18:45:47Z,productcatalogservice,0.0,1535,0.95,0.0,0
2026-09-24T18:45:47Z,paymentservice,0.0,155,0.8,0.0,0
2026-09-24T18:45:47Z,recommendationservice,0.0,1150,0.8,0.0,0
2026-09-24T18:45:47Z,shippingservice,0.0,770,0.8,0.0,0
2026-09-24T18:45:47Z,currencyservice,0.0,770,0.8,0.0,0
2026-09-24T18:45:47Z,emailservice,0.0,155,0.8,0.0,0
2026-09-24T18:45:47Z,adservice,32.0,1150,0.8,0.02782608695652174,0
2026-09-24T18:45:47Z,redis-cart,4.0,540,0.8,0.007407407407407408,0
2026-09-24T18:45:48Z,frontend,0.0,1150,0.8,0.0,0
2026-09-24T18:45:48Z,cartservice,0.0,1920,0.95,0.0,0
2026-09-24T18:45:48Z,checkoutservice,0.0,615,0.8,0.0,0
2026-09-24T18:45:48Z,productcatalogservice,0.0,1535,0.95,0.0,0
2026-09-24T18:45:48Z,paymentservice,0.0,155,0.8,0.0,0
2026-09-24T18:45:48Z,recommendationservice,0.0,1150,0.8,0.0,0
2026-09-24T18:45:48Z,shippingservice,0.0,770,0.8,0.0,0
2026-09-24T18:45:48Z,currencyservice,0.0,770,0.8,0.0,0
2026-09-24T18:45:48Z,emailservice,0.0,155,0.8,0.0,0
2026-09-24T18:45:48Z,adservice,32.0,1150,0.8,0.02782608695652174,0
2026-09-24T18:45:48Z,redis-cart,4.0,540,0.8,0.007407407407407408,0
2026-09-24T18:45:49Z,frontend,5.0,1150,0.8,0.004347826086956522,0
2026-09-24T18:45:49Z,cartservice,7.0,1920,0.95,0.0036458333333333334,0
2026-09-24T18:45:49Z,checkoutservice,0.0,615,0.8,0.0,0
2026-09-24T18:45:49Z,productcatalogservice,9.0,1535,0.95,0.005863192182410423,0
2026-09-24T18:45:49Z,paymentservice,16.0,155,0.8,0.1032258064516129,0
2026-09-24T18:45:49Z,recommendationservice,26.0,1150,0.8,0.022608695652173914,0
2026-09-24T18:45:49Z,shippingservice,0.0,770,0.8,0.0,0
2026-09-24T18:45:49Z,currencyservice,0.0,770,0.8,0.0,0
2026-09-24T18:45:49Z,emailservice,0.0,155,0.8,0.0,0
2026-09-24T18:45:49Z,adservice,30.0,1150,0.8,0.02608695652173913,0
2026-09-24T18:45:49Z,redis-cart,4.0,540,0.8,0.007407407407407408,0
2026-09-24T18:45:50Z,frontend,11.75,1150,0.8,0.010217391304347826,0
2026-09-24T18:45:50Z,cartservice,7.0,1920,0.95,0.0036458333333333334,0
2026-09-24T18:45:50Z,checkoutservice,40.0,615,0.8,0.06504065040650407,0
2026-09-24T18:45:50Z,productcatalogservice,51.0,1535,0.95,0.03322475570032573,0
2026-09-24T18:45:50Z,paymentservice,16.0,155,0.8,0.1032258064516129,0
2026-09-24T18:45:50Z,recommendationservice,17.0,1150,0.8,0.014782608695652174,0
2026-09-24T18:45:50Z,shippingservice,0.0,770,0.8,0.0,0
2026-09-24T18:45:50Z,currencyservice,0.0,770,0.8,0.0,0
2026-09-24T18:45:50Z,emailservice,22.0,155,0.8,0.14193548387096774,0
2026-09-24T18:45:50Z,adservice,30.0,1150,0.8,0.02608695652173913,0
2026-09-24T18:45:50Z,redis-cart,6.0,540,0.8,0.011111111111111112,0
2026-09-24T18:45:51Z,frontend,14.75,1150,0.8,0.012826086956521739,0
2026-09-24T18:45:51Z,cartservice,13.0,1920,0.95,0.0067708333333333336,0
2026-09-24T18:45:51Z,checkoutservice,107.0,615,0.8,0.17398373983739837,0
2026-09-24T18:45:51Z,productcatalogservice,37.0,1535,0.95,0.024104234527687295,0
2026-09-24T18:45:51Z,paymentservice,0.0,155,0.8,0.0,0
2026-09-24T18:45:51Z,recommendationservice,31.0,1150,0.8,0.026956521739130435,0
2026-09-24T18:45:51Z,shippingservice,27.0,770,0.8,0.03506493506493506,0
2026-09-24T18:45:51Z,currencyservice,39.0,770,0.8,0.05064935064935065,0
2026-09-24T18:45:51Z,emailservice,11.0,155,0.8,0.07096774193548387,0
2026-09-24T18:45:51Z,adservice,33.0,1150,0.8,0.028695652173913042,0
2026-09-24T18:45:51Z,redis-cart,6.0,540,0.8,0.011111111111111112,0
2026-09-24T18:45:52Z,frontend,27.5,1150,0.8,0.02391304347826087,0
2026-09-24T18:45:52Z,cartservice,82.0,1920,0.95,0.042708333333333334,0
2026-09-24T18:45:52Z,checkoutservice,129.0,615,0.8,0.2097560975609756,0
2026-09-24T18:45:52Z,productcatalogservice,37.0,1535,0.95,0.024104234527687295,0
2026-09-24T18:45:52Z,paymentservice,0.0,155,0.8,0.0,0
2026-09-24T18:45:52Z,recommendationservice,49.0,1150,0.8,0.042608695652173914,0
2026-09-24T18:45:52Z,shippingservice,14.0,770,0.8,0.01818181818181818,0
2026-09-24T18:45:52Z,currencyservice,39.0,770,0.8,0.05064935064935065,0
2026-09-24T18:45:52Z,emailservice,11.0,155,0.8,0.07096774193548387,0
2026-09-24T18:45:52Z,adservice,57.0,1150,0.8,0.049565217391304345,0
2026-09-24T18:45:52Z,redis-cart,6.0,540,0.8,0.011111111111111112,0
2026-09-24T18:45:53Z,frontend,33.0,1150,0.8,0.028695652173913042,0
2026-09-24T18:45:53Z,cartservice,82.0,1920,0.95,0.042708333333333334,0
2026-09-24T18:45:53Z,checkoutservice,148.0,615,0.8,0.24065040650406505,0
2026-09-24T18:45:53Z,productcatalogservice,49.0,1535,0.95,0.031921824104234525,0
2026-09-24T18:45:53Z,paymentservice,6.0,155,0.8,0.03870967741935484,0
2026-09-24T18:45:53Z,recommendationservice,49.0,1150,0.8,0.042608695652173914,0
2026-09-24T18:45:53Z,shippingservice,14.0,770,0.8,0.01818181818181818,0
2026-09-24T18:45:53Z,currencyservice,27.0,770,0.8,0.03506493506493506,0
2026-09-24T18:45:53Z,emailservice,16.0,155,0.8,0.1032258064516129,0
2026-09-24T18:45:53Z,adservice,57.0,1150,0.8,0.049565217391304345,0
2026-09-24T18:45:53Z,redis-cart,11.0,540,0.8,0.020370370370370372,0
2026-09-24T18:45:54Z,frontend,37.0,1150,0.8,0.03217391304347826,0
2026-09-24T18:45:54Z,cartservice,61.0,1920,0.95,0.03177083333333333,0
2026-09-24T18:45:54Z,checkoutservice,208.0,615,0.8,0.3382113821138211,0
2026-09-24T18:45:54Z,productcatalogservice,76.0,1535,0.95,0.049511400651465795,0
2026-09-24T18:45:54Z,paymentservice,12.0,155,0.8,0.07741935483870968,0
2026-09-24T18:45:54Z,recommendationservice,80.0,1150,0.8,0.06956521739130435,0
2026-09-24T18:45:54Z,shippingservice,14.0,770,0.8,0.01818181818181818,0
2026-09-24T18:45:54Z,currencyservice,33.0,770,0.8,0.04285714285714286,0
2026-09-24T18:45:54Z,emailservice,16.0,155,0.8,0.1032258064516129,0
2026-09-24T18:45:54Z,adservice,37.0,1150,0.8,0.03217391304347826,0
2026-09-24T18:45:54Z,redis-cart,11.0,540,0.8,0.020370370370370372,0
2026-09-24T18:45:55Z,frontend,49.25,1150,0.8,0.042826086956521736,0
2026-09-24T18:45:55Z,cartservice,61.0,1920,0.95,0.03177083333333333,0
2026-09-24T18:45:55Z,checkoutservice,208.0,615,0.8,0.3382113821138211,0
2026-09-24T18:45:55Z,productcatalogservice,74.0,1535,0.95,0.04820846905537459,0
2026-09-24T18:45:55Z,paymentservice,12.0,155,0.8,0.07741935483870968,0
2026-09-24T18:45:55Z,recommendationservice,80.0,1150,0.8,0.06956521739130435,0
2026-09-24T18:45:55Z,shippingservice,25.0,770,0.8,0.032467532467532464,0
2026-09-24T18:45:55Z,currencyservice,66.0,770,0.8,0.08571428571428572,0
2026-09-24T18:45:55Z,emailservice,28.0,155,0.8,0.18064516129032257,0
2026-09-24T18:45:55Z,adservice,41.0,1150,0.8,0.035652173913043476,0
2026-09-24T18:45:55Z,redis-cart,10.0,540,0.8,0.018518518518518517,0
2026-09-24T18:45:56Z,frontend,63.5,1150,0.8,0.05521739130434783,0
2026-09-24T18:45:56Z,cartservice,52.0,1920,0.95,0.027083333333333334,0
2026-09-24T18:45:56Z,checkoutservice,201.0,615,0.8,0.32682926829268294,0
2026-09-24T18:45:56Z,productcatalogservice,74.0,1535,0.95,0.04820846905537459,0
2026-09-24T18:45:56Z,paymentservice,17.0,155,0.8,0.10967741935483871,0
2026-09-24T18:45:56Z,recommendationservice,110.0,1150,0.8,0.09565217391304348,0
2026-09-24T18:45:56Z,shippingservice,25.0,770,0.8,0.032467532467532464,0
2026-09-24T18:45:56Z,currencyservice,66.0,770,0.8,0.08571428571428572,0
2026-09-24T18:45:56Z,emailservice,61.0,155,0.8,0.3935483870967742,0
2026-09-24T18:45:56Z,adservice,47.0,1150,0.8,0.0408695652173913,0
2026-09-24T18:45:56Z,redis-cart,10.0,540,0.8,0.018518518518518517,0
2026-09-24T18:45:57Z,frontend,71.0,1150,0.8,0.06173913043478261,0
2026-09-24T18:45:57Z,cartservice,126.0,1920,0.95,0.065625,0
2026-09-24T18:45:57Z,checkoutservice,381.0,615,0.8,0.6195121951219512,0
2026-09-24T18:45:57Z,productcatalogservice,96.0,1535,0.95,0.06254071661237785,0
2026-09-24T18:45:57Z,paymentservice,17.0,155,0.8,0.10967741935483871,0
2026-09-24T18:45:57Z,recommendationservice,138.0,1150,0.8,0.12,0
2026-09-24T18:45:57Z,shippingservice,48.0,770,0.8,0.06233766233766234,0
2026-09-24T18:45:57Z,currencyservice,63.0,770,0.8,0.08181818181818182,0
2026-09-24T18:45:57Z,emailservice,55.0,155,0.8,0.3548387096774194,0
2026-09-24T18:45:57Z,adservice,47.0,1150,0.8,0.0408695652173913,0
2026-09-24T18:45:57Z,redis-cart,11.0,540,0.8,0.020370370370370372,0
2026-09-24T18:45:58Z,frontend,67.0,1150,0.8,0.058260869565217394,0
2026-09-24T18:45:58Z,cartservice,126.0,1920,0.95,0.065625,0
2026-09-24T18:45:58Z,checkoutservice,381.0,615,0.8,0.6195121951219512,0
2026-09-24T18:45:58Z,productcatalogservice,96.0,1535,0.95,0.06254071661237785,0
2026-09-24T18:45:58Z,paymentservice,13.0,155,0.8,0.08387096774193549,0
2026-09-24T18:45:58Z,recommendationservice,138.0,1150,0.8,0.12,0
2026-09-24T18:45:58Z,shippingservice,37.0,770,0.8,0.048051948051948054,0
2026-09-24T18:45:58Z,currencyservice,70.0,770,0.8,0.09090909090909091,0
2026-09-24T18:45:58Z,emailservice,55.0,155,0.8,0.3548387096774194,0
2026-09-24T18:45:58Z,adservice,38.0,1150,0.8,0.03304347826086956,0
2026-09-24T18:45:58Z,redis-cart,11.0,540,0.8,0.020370370370370372,0
2026-09-24T18:45:59Z,frontend,67.0,1150,0.8,0.058260869565217394,0
2026-09-24T18:45:59Z,cartservice,73.0,1920,0.95,0.03802083333333333,0
2026-09-24T18:45:59Z,checkoutservice,335.0,615,0.8,0.5447154471544715,0
2026-09-24T18:45:59Z,productcatalogservice,80.0,1535,0.95,0.05211726384364821,0
2026-09-24T18:45:59Z,paymentservice,13.0,155,0.8,0.08387096774193549,0
2026-09-24T18:45:59Z,recommendationservice,171.0,1150,0.8,0.14869565217391303,0
2026-09-24T18:45:59Z,shippingservice,37.0,770,0.8,0.048051948051948054,0
2026-09-24T18:45:59Z,currencyservice,70.0,770,0.8,0.09090909090909091,0
2026-09-24T18:45:59Z,emailservice,45.0,155,0.8,0.2903225806451613,0
2026-09-24T18:45:59Z,adservice,38.0,1150,0.8,0.03304347826086956,0
2026-09-24T18:45:59Z,redis-cart,12.0,540,0.8,0.022222222222222223,0
2026-09-24T18:46:00Z,frontend,81.25,1150,0.8,0.07065217391304347,0
2026-09-24T18:46:00Z,cartservice,135.0,1920,0.95,0.0703125,0
2026-09-24T18:46:00Z,checkoutservice,335.0,615,0.8,0.5447154471544715,0
2026-09-24T18:46:00Z,productcatalogservice,159.0,1535,0.95,0.10358306188925082,0
2026-09-24T18:46:00Z,paymentservice,37.0,155,0.8,0.23870967741935484,0
2026-09-24T18:46:00Z,recommendationservice,171.0,1150,0.8,0.14869565217391303,0
2026-09-24T18:46:00Z,shippingservice,40.0,770,0.8,0.05194805194805195,0
2026-09-24T18:46:00Z,currencyservice,94.0,770,0.8,0.12207792207792208,0
2026-09-24T18:46:00Z,emailservice,45.0,155,0.8,0.2903225806451613,0
2026-09-24T18:46:00Z,adservice,49.0,1150,0.8,0.042608695652173914,0
2026-09-24T18:46:00Z,redis-cart,12.0,540,0.8,0.022222222222222223,0
2026-09-24T18:46:01Z,frontend,89.25,1150,0.8,0.07760869565217392,0
2026-09-24T18:46:01Z,cartservice,162.0,1920,0.95,0.084375,0
2026-09-24T18:46:01Z,checkoutservice,513.0,615,0.8,0.8341463414634146,1
2026-09-24T18:46:01Z,productcatalogservice,159.0,1535,0.95,0.10358306188925082,0
2026-09-24T18:46:01Z,paymentservice,26.0,155,0.8,0.16774193548387098,0
2026-09-24T18:46:01Z,recommendationservice,236.0,1150,0.8,0.20521739130434782,0
2026-09-24T18:46:01Z,shippingservice,95.0,770,0.8,0.12337662337662338,0
2026-09-24T18:46:01Z,currencyservice,94.0,770,0.8,0.12207792207792208,0
2026-09-24T18:46:01Z,emailservice,80.0,155,0.8,0.5161290322580645,0
2026-09-24T18:46:01Z,adservice,48.0,1150,0.8,0.04173913043478261,0
2026-09-24T18:46:01Z,redis-cart,12.0,540,0.8,0.022222222222222223,0
2026-09-24T18:46:02Z,frontend,85.0,1150,0.8,0.07391304347826087,0
2026-09-24T18:46:02Z,cartservice,162.0,1920,0.95,0.084375,0
2026-09-24T18:46:02Z,checkoutservice,593.0,615,0.8,0.9642276422764228,1
2026-09-24T18:46:02Z,productcatalogservice,148.0,1535,0.95,0.09641693811074918,0
2026-09-24T18:46:02Z,paymentservice,30.0,155,0.8,0.1935483870967742,0
2026-09-24T18:46:02Z,recommendationservice,215.0,1150,0.8,0.18695652173913044,0
2026-09-24T18:46:02Z,shippingservice,62.0,770,0.8,0.08051948051948052,0
2026-09-24T18:46:02Z,currencyservice,96.0,770,0.8,0.12467532467532468,0
2026-09-24T18:46:02Z,emailservice,72.0,155,0.8,0.4645161290322581,0
2026-09-24T18:46:02Z,adservice,57.0,1150,0.8,0.049565217391304345,0
2026-09-24T18:46:02Z,redis-cart,16.0,540,0.8,0.02962962962962963,0
2026-09-24T18:46:03Z,frontend,86.0,1150,0.8,0.07478260869565218,0
2026-09-24T18:46:03Z,cartservice,151.0,1920,0.95,0.07864583333333333,0
2026-09-24T18:46:03Z,checkoutservice,593.0,615,0.8,0.9642276422764228,1
2026-09-24T18:46:03Z,productcatalogservice,148.0,1535,0.95,0.09641693811074918,0
2026-09-24T18:46:03Z,paymentservice,44.0,155,0.8,0.2838709677419355,0
2026-09-24T18:46:03Z,recommendationservice,215.0,1150,0.8,0.18695652173913044,0
2026-09-24T18:46:03Z,shippingservice,67.0,770,0.8,0.08701298701298701,0
2026-09-24T18:46:03Z,currencyservice,121.0,770,0.8,0.15714285714285714,0
2026-09-24T18:46:03Z,emailservice,72.0,155,0.8,0.4645161290322581,0
2026-09-24T18:46:03Z,adservice,52.0,1150,0.8,0.04521739130434783,0
2026-09-24T18:46:03Z,redis-cart,16.0,540,0.8,0.02962962962962963,0
2026-09-24T18:46:04Z,frontend,105.5,1150,0.8,0.09173913043478261,0
2026-09-24T18:46:04Z,cartservice,151.0,1920,0.95,0.07864583333333333,0
2026-09-24T18:46:04Z,checkoutservice,618.0,615,0.8,1.0048780487804878,1
2026-09-24T18:46:04Z,productcatalogservice,118.0,1535,0.95,0.07687296416938111,0
2026-09-24T18:46:04Z,paymentservice,44.0,155,0.8,0.2838709677419355,0
2026-09-24T18:46:04Z,recommendationservice,131.0,1150,0.8,0.11391304347826087,0
2026-09-24T18:46:04Z,shippingservice,67.0,770,0.8,0.08701298701298701,0
2026-09-24T18:46:04Z,currencyservice,94.0,770,0.8,0.12207792207792208,0
2026-09-24T18:46:04Z,emailservice,7.0,155,0.8,0.04516129032258064,0
2026-09-24T18:46:04Z,adservice,52.0,1150,0.8,0.04521739130434783,0
2026-09-24T18:46:04Z,redis-cart,17.0,540,0.8,0.03148148148148148,0
2026-09-24T18:46:05Z,frontend,111.0,1150,0.8,0.09652173913043478,0
2026-09-24T18:46:05Z,cartservice,156.0,1920,0.95,0.08125,0
2026-09-24T18:46:05Z,checkoutservice,604.0,615,0.8,0.9821138211382113,1
2026-09-24T18:46:05Z,productcatalogservice,230.0,1535,0.95,0.1498371335504886,0
2026-09-24T18:46:05Z,paymentservice,49.0,155,0.8,0.3161290322580645,0
2026-09-24T18:46:05Z,recommendationservice,273.0,1150,0.8,0.2373913043478261,0
2026-09-24T18:46:05Z,shippingservice,68.0,770,0.8,0.08831168831168831,0
2026-09-24T18:46:05Z,currencyservice,94.0,770,0.8,0.12207792207792208,0
2026-09-24T18:46:05Z,emailservice,33.0,155,0.8,0.2129032258064516,0
2026-09-24T18:46:05Z,adservice,55.0,1150,0.8,0.04782608695652174,0
2026-09-24T18:46:05Z,redis-cart,17.0,540,0.8,0.03148148148148148,0
2026-09-24T18:46:06Z,frontend,112.5,1150,0.8,0.09782608695652174,0
2026-09-24T18:46:06Z,cartservice,177.0,1920,0.95,0.0921875,0
2026-09-24T18:46:06Z,checkoutservice,604.0,615,0.8,0.9821138211382113,1
2026-09-24T18:46:06Z,productcatalogservice,230.0,1535,0.95,0.1498371335504886,0
2026-09-24T18:46:06Z,paymentservice,49.0,155,0.8,0.3161290322580645,0
2026-09-24T18:46:06Z,recommendationservice,273.0,1150,0.8,0.2373913043478261,0
2026-09-24T18:46:06Z,shippingservice,68.0,770,0.8,0.08831168831168831,0
2026-09-24T18:46:06Z,currencyservice,95.0,770,0.8,0.12337662337662338,0
2026-09-24T18:46:06Z,emailservice,3.0,155,0.8,0.01935483870967742,0
2026-09-24T18:46:06Z,adservice,70.0,1150,0.8,0.06086956521739131,0
2026-09-24T18:46:06Z,redis-cart,15.0,540,0.8,0.027777777777777776,0
2026-09-24T18:46:07Z,frontend,131.75,1150,0.8,0.11456521739130435,0
2026-09-24T18:46:07Z,cartservice,177.0,1920,0.95,0.0921875,0
2026-09-24T18:46:07Z,checkoutservice,608.0,615,0.8,0.9886178861788618,1
2026-09-24T18:46:07Z,productcatalogservice,163.0,1535,0.95,0.10618892508143322,0
2026-09-24T18:46:07Z,paymentservice,47.0,155,0.8,0.3032258064516129,0
2026-09-24T18:46:07Z,recommendationservice,254.0,1150,0.8,0.22086956521739132,0
2026-09-24T18:46:07Z,shippingservice,77.0,770,0.8,0.1,0
2026-09-24T18:46:07Z,currencyservice,95.0,770,0.8,0.12337662337662338,0
2026-09-24T18:46:07Z,emailservice,8.0,155,0.8,0.05161290322580645,0
2026-09-24T18:46:07Z,adservice,70.0,1150,0.8,0.06086956521739131,0
2026-09-24T18:46:07Z,redis-cart,14.0,540,0.8,0.025925925925925925,0
2026-09-24T18:46:08Z,frontend,116.25,1150,0.8,0.10108695652173913,0
2026-09-24T18:46:08Z,cartservice,176.0,1920,0.95,0.09166666666666666,0
2026-09-24T18:46:08Z,checkoutservice,610.0,615,0.8,0.991869918699187,1
2026-09-24T18:46:08Z,productcatalogservice,276.0,1535,0.95,0.17980456026058633,0
2026-09-24T18:46:08Z,paymentservice,97.0,155,0.8,0.6258064516129033,0
2026-09-24T18:46:08Z,recommendationservice,248.0,1150,0.8,0.21565217391304348,0
2026-09-24T18:46:08Z,shippingservice,77.0,770,0.8,0.1,0
2026-09-24T18:46:08Z,currencyservice,136.0,770,0.8,0.17662337662337663,0
2026-09-24T18:46:08Z,emailservice,8.0,155,0.8,0.05161290322580645,0
2026-09-24T18:46:08Z,adservice,48.0,1150,0.8,0.04173913043478261,0
2026-09-24T18:46:08Z,redis-cart,14.0,540,0.8,0.025925925925925925,0
2026-09-24T18:46:09Z,frontend,139.25,1150,0.8,0.12108695652173913,0
2026-09-24T18:46:09Z,cartservice,176.0,1920,0.95,0.09166666666666666,0
2026-09-24T18:46:09Z,checkoutservice,610.0,615,0.8,0.991869918699187,1
2026-09-24T18:46:09Z,productcatalogservice,276.0,1535,0.95,0.17980456026058633,0
2026-09-24T18:46:09Z,paymentservice,43.0,155,0.8,0.27741935483870966,0
2026-09-24T18:46:09Z,recommendationservice,248.0,1150,0.8,0.21565217391304348,0
2026-09-24T18:46:09Z,shippingservice,74.0,770,0.8,0.09610389610389611,0
2026-09-24T18:46:09Z,currencyservice,134.0,770,0.8,0.17402597402597403,0
2026-09-24T18:46:09Z,emailservice,0.0,155,0.8,0.0,0
2026-09-24T18:46:09Z,adservice,61.0,1150,0.8,0.05304347826086957,0
2026-09-24T18:46:09Z,redis-cart,17.0,540,0.8,0.03148148148148148,0
2026-09-24T18:46:10Z,frontend,143.75,1150,0.8,0.125,0
2026-09-24T18:46:10Z,cartservice,120.0,1920,0.95,0.0625,0
2026-09-24T18:46:10Z,checkoutservice,613.0,615,0.8,0.9967479674796748,1
2026-09-24T18:46:10Z,productcatalogservice,226.0,1535,0.95,0.1472312703583062,0
2026-09-24T18:46:10Z,paymentservice,46.0,155,0.8,0.2967741935483871,0
2026-09-24T18:46:10Z,recommendationservice,278.0,1150,0.8,0.2417391304347826,0
2026-09-24T18:46:10Z,shippingservice,76.0,770,0.8,0.0987012987012987,0
2026-09-24T18:46:10Z,currencyservice,134.0,770,0.8,0.17402597402597403,0
2026-09-24T18:46:10Z,emailservice,0.0,155,0.8,0.0,0
2026-09-24T18:46:10Z,adservice,61.0,1150,0.8,0.05304347826086957,0
2026-09-24T18:46:10Z,redis-cart,12.0,540,0.8,0.022222222222222223,0
2026-09-24T18:46:11Z,frontend,124.0,1150,0.8,0.10782608695652174,0
2026-09-24T18:46:11Z,cartservice,259.0,1920,0.95,0.13489583333333333,0
2026-09-24T18:46:11Z,checkoutservice,620.0,615,0.8,1.008130081300813,1
2026-09-24T18:46:11Z,productcatalogservice,239.0,1535,0.95,0.15570032573289902,0
2026-09-24T18:46:11Z,paymentservice,46.0,155,0.8,0.2967741935483871,0
2026-09-24T18:46:11Z,recommendationservice,278.0,1150,0.8,0.2417391304347826,0
2026-09-24T18:46:11Z,shippingservice,85.0,770,0.8,0.11038961038961038,0
2026-09-24T18:46:11Z,currencyservice,140.0,770,0.8,0.18181818181818182,0
2026-09-24T18:46:11Z,emailservice,19.0,155,0.8,0.12258064516129032,0
2026-09-24T18:46:11Z,adservice,56.0,1150,0.8,0.04869565217391304,0
2026-09-24T18:46:11Z,redis-cart,12.0,540,0.8,0.022222222222222223,0
2026-09-24T18:46:12Z,frontend,167.0,1150,0.8,0.14521739130434783,0
2026-09-24T18:46:12Z,cartservice,259.0,1920,0.95,0.13489583333333333,0
2026-09-24T18:46:12Z,checkoutservice,620.0,615,0.8,1.008130081300813,1
2026-09-24T18:46:12Z,productcatalogservice,255.0,1535,0.95,0.16612377850162866,0
2026-09-24T18:46:12Z,paymentservice,39.0,155,0.8,0.25161290322580643,0
2026-09-24T18:46:12Z,recommendationservice,236.0,1150,0.8,0.20521739130434782,0
2026-09-24T18:46:12Z,shippingservice,85.0,770,0.8,0.11038961038961038,0
2026-09-24T18:46:12Z,currencyservice,172.0,770,0.8,0.22337662337662337,0
2026-09-24T18:46:12Z,emailservice,19.0,155,0.8,0.12258064516129032,0
2026-09-24T18:46:12Z,adservice,56.0,1150,0.8,0.04869565217391304,0
2026-09-24T18:46:12Z,redis-cart,15.0,540,0.8,0.027777777777777776,0
2026-09-24T18:46:13Z,frontend,167.0,1150,0.8,0.14521739130434783,0
2026-09-24T18:46:13Z,cartservice,150.0,1920,0.95,0.078125,0
2026-09-24T18:46:13Z,checkoutservice,599.0,615,0.8,0.9739837398373984,1
2026-09-24T18:46:13Z,productcatalogservice,284.0,1535,0.95,0.18501628664495115,0
2026-09-24T18:46:13Z,paymentservice,49.0,155,0.8,0.3161290322580645,0
2026-09-24T18:46:13Z,recommendationservice,347.0,1150,0.8,0.3017391304347826,0
2026-09-24T18:46:13Z,shippingservice,62.0,770,0.8,0.08051948051948052,0
2026-09-24T18:46:13Z,currencyservice,172.0,770,0.8,0.22337662337662337,0
2026-09-24T18:46:13Z,emailservice,0.0,155,0.8,0.0,0
2026-09-24T18:46:13Z,adservice,60.0,1150,0.8,0.05217391304347826,0
2026-09-24T18:46:13Z,redis-cart,15.0,540,0.8,0.027777777777777776,0
2026-09-24T18:46:14Z,frontend,141.5,1150,0.8,0.12304347826086956,0
2026-09-24T18:46:14Z,cartservice,202.0,1920,0.95,0.10520833333333333,0
2026-09-24T18:46:14Z,checkoutservice,599.0,615,0.8,0.9739837398373984,1
2026-09-24T18:46:14Z,productcatalogservice,284.0,1535,0.95,0.18501628664495115,0
2026-09-24T18:46:14Z,paymentservice,49.0,155,0.8,0.3161290322580645,0
2026-09-24T18:46:14Z,recommendationservice,301.0,1150,0.8,0.2617391304347826,0
2026-09-24T18:46:14Z,shippingservice,70.0,770,0.8,0.09090909090909091,0
2026-09-24T18:46:14Z,currencyservice,111.0,770,0.8,0.14415584415584415,0
2026-09-24T18:46:14Z,emailservice,0.0,155,0.8,0.0,0
2026-09-24T18:46:14Z,adservice,60.0,1150,0.8,0.05217391304347826,0
2026-09-24T18:46:14Z,redis-cart,16.0,540,0.8,0.02962962962962963,0
2026-09-24T18:46:15Z,frontend,182.0,1150,0.8,0.1582608695652174,0
2026-09-24T18:46:15Z,cartservice,173.0,1920,0.95,0.09010416666666667,0
2026-09-24T18:46:15Z,checkoutservice,606.0,615,0.8,0.9853658536585366,1
2026-09-24T18:46:15Z,productcatalogservice,274.0,1535,0.95,0.17850162866449512,0
2026-09-24T18:46:15Z,paymentservice,37.0,155,0.8,0.23870967741935484,0
2026-09-24T18:46:15Z,recommendationservice,301.0,1150,0.8,0.2617391304347826,0
2026-09-24T18:46:15Z,shippingservice,84.0,770,0.8,0.10909090909090909,0
2026-09-24T18:46:15Z,currencyservice,111.0,770,0.8,0.14415584415584415,0
2026-09-24T18:46:15Z,emailservice,17.0,155,0.8,0.10967741935483871,0
2026-09-24T18:46:15Z,adservice,51.0,1150,0.8,0.04434782608695652,0
2026-09-24T18:46:15Z,redis-cart,17.0,540,0.8,0.03148148148148148,0
2026-09-24T18:46:16Z,frontend,195.75,1150,0.8,0.17021739130434782,0
2026-09-24T18:46:16Z,cartservice,173.0,1920,0.95,0.09010416666666667,0
2026-09-24T18:46:16Z,checkoutservice,606.0,615,0.8,0.9853658536585366,1
2026-09-24T18:46:16Z,productcatalogservice,308.0,1535,0.95,0.2006514657980456,0
2026-09-24T18:46:16Z,paymentservice,37.0,155,0.8,0.23870967741935484,0
2026-09-24T18:46:16Z,recommendationservice,385.0,1150,0.8,0.3347826086956522,0
2026-09-24T18:46:16Z,shippingservice,86.0,770,0.8,0.11168831168831168,0
2026-09-24T18:46:16Z,currencyservice,186.0,770,0.8,0.24155844155844156,0
2026-09-24T18:46:16Z,emailservice,0.0,155,0.8,0.0,0
2026-09-24T18:46:16Z,adservice,51.0,1150,0.8,0.04434782608695652,0
2026-09-24T18:46:16Z,redis-cart,17.0,540,0.8,0.03148148148148148,0
2026-09-24T18:46:17Z,frontend,170.75,1150,0.8,0.14847826086956523,0
2026-09-24T18:46:17Z,cartservice,216.0,1920,0.95,0.1125,0
2026-09-24T18:46:17Z,checkoutservice,617.0,615,0.8,1.0032520325203251,1
2026-09-24T18:46:17Z,productcatalogservice,354.0,1535,0.95,0.23061889250814332,0
2026-09-24T18:46:17Z,paymentservice,29.0,155,0.8,0.1870967741935484,0
2026-09-24T18:46:17Z,recommendationservice,343.0,1150,0.8,0.2982608695652174,0
2026-09-24T18:46:17Z,shippingservice,86.0,770,0.8,0.11168831168831168,0
2026-09-24T18:46:17Z,currencyservice,197.0,770,0.8,0.2558441558441558,0
2026-09-24T18:46:17Z,emailservice,0.0,155,0.8,0.0,0
2026-09-24T18:46:17Z,adservice,69.0,1150,0.8,0.06,0
2026-09-24T18:46:17Z,redis-cart,14.0,540,0.8,0.025925925925925925,0
2026-09-24T18:46:18Z,frontend,176.75,1150,0.8,0.15369565217391304,0
2026-09-24T18:46:18Z,cartservice,171.0,1920,0.95,0.0890625,0
2026-09-24T18:46:18Z,checkoutservice,617.0,615,0.8,1.0032520325203251,1
2026-09-24T18:46:18Z,productcatalogservice,354.0,1535,0.95,0.23061889250814332,0
2026-09-24T18:46:18Z,paymentservice,53.0,155,0.8,0.3419354838709677,0
2026-09-24T18:46:18Z,recommendationservice,424.0,1150,0.8,0.36869565217391304,0
2026-09-24T18:46:18Z,shippingservice,76.0,770,0.8,0.0987012987012987,0
2026-09-24T18:46:18Z,currencyservice,197.0,770,0.8,0.2558441558441558,0
2026-09-24T18:46:18Z,emailservice,0.0,155,0.8,0.0,0
2026-09-24T18:46:18Z,adservice,72.0,1150,0.8,0.06260869565217392,0
2026-09-24T18:46:18Z,redis-cart,18.0,540,0.8,0.03333333333333333,0
2026-09-24T18:46:19Z,frontend,202.25,1150,0.8,0.1758695652173913,0
2026-09-24T18:46:19Z,cartservice,171.0,1920,0.95,0.0890625,0
2026-09-24T18:46:19Z,checkoutservice,612.0,615,0.8,0.9951219512195122,1
2026-09-24T18:46:19Z,productcatalogservice,285.0,1535,0.95,0.18566775244299674,0
2026-09-24T18:46:19Z,paymentservice,19.0,155,0.8,0.12258064516129032,0
2026-09-24T18:46:19Z,recommendationservice,424.0,1150,0.8,0.36869565217391304,0
2026-09-24T18:46:19Z,shippingservice,76.0,770,0.8,0.0987012987012987,0
2026-09-24T18:46:19Z,currencyservice,125.0,770,0.8,0.16233766233766234,0
2026-09-24T18:46:19Z,emailservice,0.0,155,0.8,0.0,0
2026-09-24T18:46:19Z,adservice,72.0,1150,0.8,0.06260869565217392,0
2026-09-24T18:46:19Z,redis-cart,18.0,540,0.8,0.03333333333333333,0
2026-09-24T18:46:20Z,frontend,179.5,1150,0.8,0.15608695652173912,0
2026-09-24T18:46:20Z,cartservice,133.0,1920,0.95,0.06927083333333334,0
2026-09-24T18:46:20Z,checkoutservice,608.0,615,0.8,0.9886178861788618,1
2026-09-24T18:46:20Z,productcatalogservice,363.0,1535,0.95,0.23648208469055373,0
2026-09-24T18:46:20Z,paymentservice,19.0,155,0.8,0.12258064516129032,0
2026-09-24T18:46:20Z,recommendationservice,297.0,1150,0.8,0.2582608695652174,0
2026-09-24T18:46:20Z,shippingservice,73.0,770,0.8,0.09480519480519481,0
2026-09-24T18:46:20Z,currencyservice,233.0,770,0.8,0.3025974025974026,0
2026-09-24T18:46:20Z,emailservice,0.0,155,0.8,0.0,0
2026-09-24T18:46:20Z,adservice,50.0,1150,0.8,0.043478260869565216,0
2026-09-24T18:46:20Z,redis-cart,17.0,540,0.8,0.03148148148148148,0
2026-09-24T18:46:21Z,frontend,178.25,1150,0.8,0.155,0
2026-09-24T18:46:21Z,cartservice,207.0,1920,0.95,0.1078125,0
2026-09-24T18:46:21Z,checkoutservice,608.0,615,0.8,0.9886178861788618,1
2026-09-24T18:46:21Z,productcatalogservice,363.0,1535,0.95,0.23648208469055373,0
2026-09-24T18:46:21Z,paymentservice,12.0,155,0.8,0.07741935483870968,0
2026-09-24T18:46:21Z,recommendationservice,297.0,1150,0.8,0.2582608695652174,0
2026-09-24T18:46:21Z,shippingservice,107.0,770,0.8,0.13896103896103895,0
2026-09-24T18:46:21Z,currencyservice,197.0,770,0.8,0.2558441558441558,0
2026-09-24T18:46:21Z,emailservice,22.0,155,0.8,0.14193548387096774,0
2026-09-24T18:46:21Z,adservice,109.0,1150,0.8,0.09478260869565218,0
2026-09-24T18:46:21Z,redis-cart,15.0,540,0.8,0.027777777777777776,0
2026-09-24T18:46:22Z,frontend,178.0,1150,0.8,0.15478260869565216,0
2026-09-24T18:46:22Z,cartservice,177.0,1920,0.95,0.0921875,0
2026-09-24T18:46:22Z,checkoutservice,610.0,615,0.8,0.991869918699187,1
2026-09-24T18:46:22Z,productcatalogservice,308.0,1535,0.95,0.2006514657980456,0
2026-09-24T18:46:22Z,paymentservice,8.0,155,0.8,0.05161290322580645,0
2026-09-24T18:46:22Z,recommendationservice,408.0,1150,0.8,0.35478260869565215,0
2026-09-24T18:46:22Z,shippingservice,107.0,770,0.8,0.13896103896103895,0
2026-09-24T18:46:22Z,currencyservice,168.0,770,0.8,0.21818181818181817,0
2026-09-24T18:46:22Z,emailservice,0.0,155,0.8,0.0,0
2026-09-24T18:46:22Z,adservice,109.0,1150,0.8,0.09478260869565218,0
2026-09-24T18:46:22Z,redis-cart,16.0,540,0.8,0.02962962962962963,0
2026-09-24T18:46:23Z,frontend,182.5,1150,0.8,0.15869565217391304,0
2026-09-24T18:46:23Z,cartservice,177.0,1920,0.95,0.0921875,0
2026-09-24T18:46:23Z,checkoutservice,600.0,615,0.8,0.975609756097561,1
2026-09-24T18:46:23Z,productcatalogservice,369.0,1535,0.95,0.24039087947882737,0
2026-09-24T18:46:23Z,paymentservice,8.0,155,0.8,0.05161290322580645,0
2026-09-24T18:46:23Z,recommendationservice,453.0,1150,0.8,0.3939130434782609,0
2026-09-24T18:46:23Z,shippingservice,71.0,770,0.8,0.09220779220779221,0
2026-09-24T18:46:23Z,currencyservice,168.0,770,0.8,0.21818181818181817,0
2026-09-24T18:46:23Z,emailservice,0.0,155,0.8,0.0,0
2026-09-24T18:46:23Z,adservice,56.0,1150,0.8,0.04869565217391304,0
2026-09-24T18:46:23Z,redis-cart,16.0,540,0.8,0.02962962962962963,0
2026-09-24T18:46:24Z,frontend,210.5,1150,0.8,0.18304347826086956,0
2026-09-24T18:46:24Z,cartservice,194.0,1920,0.95,0.10104166666666667,0
2026-09-24T18:46:24Z,checkoutservice,600.0,615,0.8,0.975609756097561,1
2026-09-24T18:46:24Z,productcatalogservice,369.0,1535,0.95,0.24039087947882737,0
2026-09-24T18:46:24Z,paymentservice,3.0,155,0.8,0.01935483870967742,0
2026-09-24T18:46:24Z,recommendationservice,453.0,1150,0.8,0.3939130434782609,0
2026-09-24T18:46:24Z,shippingservice,89.0,770,0.8,0.11558441558441558,0
2026-09-24T18:46:24Z,currencyservice,147.0,770,0.8,0.19090909090909092,0
2026-09-24T18:46:24Z,emailservice,0.0,155,0.8,0.0,0
2026-09-24T18:46:24Z,adservice,64.0,1150,0.8,0.05565217391304348,0
2026-09-24T18:46:24Z,redis-cart,16.0,540,0.8,0.02962962962962963,0
2026-09-24T18:46:25Z,frontend,226.0,1150,0.8,0.19652173913043477,0
2026-09-24T18:46:25Z,cartservice,194.0,1920,0.95,0.10104166666666667,0
2026-09-24T18:46:25Z,checkoutservice,615.0,615,0.8,1.0,1
2026-09-24T18:46:25Z,productcatalogservice,322.0,1535,0.95,0.20977198697068403,0
2026-09-24T18:46:25Z,paymentservice,12.0,155,0.8,0.07741935483870968,0
2026-09-24T18:46:25Z,recommendationservice,438.0,1150,0.8,0.3808695652173913,0
2026-09-24T18:46:25Z,shippingservice,89.0,770,0.8,0.11558441558441558,0
2026-09-24T18:46:25Z,currencyservice,212.0,770,0.8,0.2753246753246753,0
2026-09-24T18:46:25Z,emailservice,21.0,155,0.8,0.13548387096774195,0
2026-09-24T18:46:25Z,adservice,83.0,1150,0.8,0.07217391304347825,0
2026-09-24T18:46:25Z,redis-cart,16.0,540,0.8,0.02962962962962963,0
2026-09-24T18:46:26Z,frontend,207.25,1150,0.8,0.18021739130434783,0
2026-09-24T18:46:26Z,cartservice,157.0,1920,0.95,0.08177083333333333,0
2026-09-24T18:46:26Z,checkoutservice,597.0,615,0.8,0.9707317073170731,1
2026-09-24T18:46:26Z,productcatalogservice,434.0,1535,0.95,0.28273615635179156,0
2026-09-24T18:46:26Z,paymentservice,12.0,155,0.8,0.07741935483870968,0
2026-09-24T18:46:26Z,recommendationservice,504.0,1150,0.8,0.43826086956521737,0
2026-09-24T18:46:26Z,shippingservice,89.0,770,0.8,0.11558441558441558,0
2026-09-24T18:46:26Z,currencyservice,221.0,770,0.8,0.287012987012987,0
2026-09-24T18:46:26Z,emailservice,0.0,155,0.8,0.0,0
2026-09-24T18:46:26Z,adservice,83.0,1150,0.8,0.07217391304347825,0
2026-09-24T18:46:26Z,redis-cart,18.0,540,0.8,0.03333333333333333,0
2026-09-24T18:46:27Z,frontend,228.0,1150,0.8,0.19826086956521738,0
2026-09-24T18:46:27Z,cartservice,157.0,1920,0.95,0.08177083333333333,0
2026-09-24T18:46:27Z,checkoutservice,611.0,615,0.8,0.9934959349593496,1
2026-09-24T18:46:27Z,productcatalogservice,384.0,1535,0.95,0.2501628664495114,0
2026-09-24T18:46:27Z,paymentservice,0.0,155,0.8,0.0,0
2026-09-24T18:46:27Z,recommendationservice,504.0,1150,0.8,0.43826086956521737,0
2026-09-24T18:46:27Z,shippingservice,104.0,770,0.8,0.13506493506493505,0
2026-09-24T18:46:27Z,currencyservice,171.0,770,0.8,0.22207792207792207,0
2026-09-24T18:46:27Z,emailservice,0.0,155,0.8,0.0,0
2026-09-24T18:46:27Z,adservice,61.0,1150,0.8,0.05304347826086957,0
2026-09-24T18:46:27Z,redis-cart,20.0,540,0.8,0.037037037037037035,0
2026-09-24T18:46:28Z,frontend,242.5,1150,0.8,0.2108695652173913,0
2026-09-24T18:46:28Z,cartservice,219.0,1920,0.95,0.1140625,0
2026-09-24T18:46:28Z,checkoutservice,611.0,615,0.8,0.9934959349593496,1
2026-09-24T18:46:28Z,productcatalogservice,384.0,1535,0.95,0.2501628664495114,0
2026-09-24T18:46:28Z,paymentservice,30.0,155,0.8,0.1935483870967742,0
2026-09-24T18:46:28Z,recommendationservice,467.0,1150,0.8,0.40608695652173915,0
2026-09-24T18:46:28Z,shippingservice,104.0,770,0.8,0.13506493506493505,0
2026-09-24T18:46:28Z,currencyservice,171.0,770,0.8,0.22207792207792207,0
2026-09-24T18:46:28Z,emailservice,0.0,155,0.8,0.0,0
2026-09-24T18:46:28Z,adservice,95.0,1150,0.8,0.08260869565217391,0
2026-09-24T18:46:28Z,redis-cart,20.0,540,0.8,0.037037037037037035,0
2026-09-24T18:46:29Z,frontend,231.25,1150,0.8,0.20108695652173914,0
2026-09-24T18:46:29Z,cartservice,234.0,1920,0.95,0.121875,0
2026-09-24T18:46:29Z,checkoutservice,604.0,615,0.8,0.9821138211382113,1
2026-09-24T18:46:29Z,productcatalogservice,334.0,1535,0.95,0.21758957654723127,0
2026-09-24T18:46:29Z,paymentservice,0.0,155,0.8,0.0,0
2026-09-24T18:46:29Z,recommendationservice,542.0,1150,0.8,0.47130434782608693,0
2026-09-24T18:46:29Z,shippingservice,75.0,770,0.8,0.09740259740259741,0
2026-09-24T18:46:29Z,currencyservice,200.0,770,0.8,0.2597402597402597,0
2026-09-24T18:46:29Z,emailservice,0.0,155,0.8,0.0,0
2026-09-24T18:46:29Z,adservice,95.0,1150,0.8,0.08260869565217391,0
2026-09-24T18:46:29Z,redis-cart,15.0,540,0.8,0.027777777777777776,0
2026-09-24T18:46:30Z,frontend,239.0,1150,0.8,0.20782608695652174,0
2026-09-24T18:46:30Z,cartservice,234.0,1920,0.95,0.121875,0
2026-09-24T18:46:30Z,checkoutservice,604.0,615,0.8,0.9821138211382113,1
2026-09-24T18:46:30Z,productcatalogservice,470.0,1535,0.95,0.30618892508143325,0
2026-09-24T18:46:30Z,paymentservice,0.0,155,0.8,0.0,0
2026-09-24T18:46:30Z,recommendationservice,542.0,1150,0.8,0.47130434782608693,0
2026-09-24T18:46:30Z,shippingservice,90.0,770,0.8,0.11688311688311688,0
2026-09-24T18:46:30Z,currencyservice,200.0,770,0.8,0.2597402597402597,0
2026-09-24T18:46:30Z,emailservice,32.0,155,0.8,0.2064516129032258,0
2026-09-24T18:46:30Z,adservice,68.0,1150,0.8,0.059130434782608696,0
2026-09-24T18:46:30Z,redis-cart,19.0,540,0.8,0.03518518518518519,0
2026-09-24T18:46:31Z,frontend,239.0,1150,0.8,0.20782608695652174,0
2026-09-24T18:46:31Z,cartservice,218.0,1920,0.95,0.11354166666666667,0
2026-09-24T18:46:31Z,checkoutservice,642.0,615,0.8,1.0439024390243903,1
2026-09-24T18:46:31Z,productcatalogservice,470.0,1535,0.95,0.30618892508143325,0
2026-09-24T18:46:31Z,paymentservice,3.0,155,0.8,0.01935483870967742,0
2026-09-24T18:46:31Z,recommendationservice,485.0,1150,0.8,0.4217391304347826,0
2026-09-24T18:46:31Z,shippingservice,90.0,770,0.8,0.11688311688311688,0
2026-09-24T18:46:31Z,currencyservice,215.0,770,0.8,0.2792207792207792,0
2026-09-24T18:46:31Z,emailservice,0.0,155,0.8,0.0,0
2026-09-24T18:46:31Z,adservice,68.0,1150,0.8,0.059130434782608696,0
2026-09-24T18:46:31Z,redis-cart,20.0,540,0.8,0.037037037037037035,0
2026-09-24T18:46:32Z,frontend,239.75,1150,0.8,0.20847826086956522,0
2026-09-24T18:46:32Z,cartservice,218.0,1920,0.95,0.11354166666666667,0
2026-09-24T18:46:32Z,checkoutservice,576.0,615,0.8,0.9365853658536586,1
2026-09-24T18:46:32Z,productcatalogservice,403.0,1535,0.95,0.2625407166123778,0
2026-09-24T18:46:32Z,paymentservice,3.0,155,0.8,0.01935483870967742,0
2026-09-24T18:46:32Z,recommendationservice,621.0,1150,0.8,0.54,0
2026-09-24T18:46:32Z,shippingservice,110.0,770,0.8,0.14285714285714285,0
2026-09-24T18:46:32Z,currencyservice,203.0,770,0.8,0.2636363636363636,0
2026-09-24T18:46:32Z,emailservice,0.0,155,0.8,0.0,0
2026-09-24T18:46:32Z,adservice,81.0,1150,0.8,0.07043478260869565,0
2026-09-24T18:46:32Z,redis-cart,18.0,540,0.8,0.03333333333333333,0
2026-09-24T18:46:33Z,frontend,266.0,1150,0.8,0.23130434782608697,0
2026-09-24T18:46:33Z,cartservice,153.0,1920,0.95,0.0796875,0
2026-09-24T18:46:33Z,checkoutservice,609.0,615,0.8,0.9902439024390244,1
2026-09-24T18:46:33Z,productcatalogservice,403.0,1535,0.95,0.2625407166123778,0
2026-09-24T18:46:33Z,paymentservice,0.0,155,0.8,0.0,0
2026-09-24T18:46:33Z,recommendationservice,621.0,1150,0.8,0.54,0
2026-09-24T18:46:33Z,shippingservice,84.0,770,0.8,0.10909090909090909,0
2026-09-24T18:46:33Z,currencyservice,203.0,770,0.8,0.2636363636363636,0
2026-09-24T18:46:33Z,emailservice,0.0,155,0.8,0.0,0
2026-09-24T18:46:33Z,adservice,81.0,1150,0.8,0.07043478260869565,0
2026-09-24T18:46:33Z,redis-cart,18.0,540,0.8,0.03333333333333333,0
2026-09-24T18:46:34Z,frontend,252.75,1150,0.8,0.21978260869565217,0
2026-09-24T18:46:34Z,cartservice,252.0,1920,0.95,0.13125,0
2026-09-24T18:46:34Z,checkoutservice,609.0,615,0.8,0.9902439024390244,1
2026-09-24T18:46:34Z,productcatalogservice,391.0,1535,0.95,0.2547231270358306,0
2026-09-24T18:46:34Z,paymentservice,3.0,155,0.8,0.01935483870967742,0
2026-09-24T18:46:34Z,recommendationservice,502.0,1150,0.8,0.4365217391304348,0
2026-09-24T18:46:34Z,shippingservice,84.0,770,0.8,0.10909090909090909,0
2026-09-24T18:46:34Z,currencyservice,149.0,770,0.8,0.19350649350649352,0
2026-09-24T18:46:34Z,emailservice,0.0,155,0.8,0.0,0
2026-09-24T18:46:34Z,adservice,81.0,1150,0.8,0.07043478260869565,0
2026-09-24T18:46:34Z,redis-cart,14.0,540,0.8,0.025925925925925925,0
2026-09-24T18:46:35Z,frontend,232.0,1150,0.8,0.20173913043478262,0
2026-09-24T18:46:35Z,cartservice,228.0,1920,0.95,0.11875,0
2026-09-24T18:46:35Z,checkoutservice,626.0,615,0.8,1.0178861788617886,1
2026-09-24T18:46:35Z,productcatalogservice,391.0,1535,0.95,0.2547231270358306,0
2026-09-24T18:46:35Z,paymentservice,3.0,155,0.8,0.01935483870967742,0
2026-09-24T18:46:35Z,recommendationservice,656.0,1150,0.8,0.5704347826086956,0
2026-09-24T18:46:35Z,shippingservice,76.0,770,0.8,0.0987012987012987,0
2026-09-24T18:46:35Z,currencyservice,235.0,770,0.8,0.3051948051948052,0
2026-09-24T18:46:35Z,emailservice,25.0,155,0.8,0.16129032258064516,0
2026-09-24T18:46:35Z,adservice,70.0,1150,0.8,0.06086956521739131,0
2026-09-24T18:46:35Z,redis-cart,24.0,540,0.8,0.044444444444444446,0
2026-09-24T18:46:36Z,frontend,273.75,1150,0.8,0.23804347826086958,0
2026-09-24T18:46:36Z,cartservice,228.0,1920,0.95,0.11875,0
2026-09-24T18:46:36Z,checkoutservice,626.0,615,0.8,1.0178861788617886,1
2026-09-24T18:46:36Z,productcatalogservice,475.0,1535,0.95,0.30944625407166126,0
2026-09-24T18:46:36Z,paymentservice,0.0,155,0.8,0.0,0
2026-09-24T18:46:36Z,recommendationservice,656.0,1150,0.8,0.5704347826086956,0
2026-09-24T18:46:36Z,shippingservice,76.0,770,0.8,0.0987012987012987,0
2026-09-24T18:46:36Z,currencyservice,235.0,770,0.8,0.3051948051948052,0
2026-09-24T18:46:36Z,emailservice,0.0,155,0.8,0.0,0
2026-09-24T18:46:36Z,adservice,70.0,1150,0.8,0.06086956521739131,0
2026-09-24T18:46:36Z,redis-cart,17.0,540,0.8,0.03148148148148148,0
2026-09-24T18:46:37Z,frontend,262.0,1150,0.8,0.22782608695652173,0
2026-09-24T18:46:37Z,cartservice,228.0,1920,0.95,0.11875,0
2026-09-24T18:46:37Z,checkoutservice,611.0,615,0.8,0.9934959349593496,1
2026-09-24T18:46:37Z,productcatalogservice,401.0,1535,0.95,0.26123778501628664,0
2026-09-24T18:46:37Z,paymentservice,0.0,155,0.8,0.0,0
2026-09-24T18:46:37Z,recommendationservice,565.0,1150,0.8,0.49130434782608695,0
2026-09-24T18:46:37Z,shippingservice,101.0,770,0.8,0.13116883116883116,0
2026-09-24T18:46:37Z,currencyservice,159.0,770,0.8,0.2064935064935065,0
2026-09-24T18:46:37Z,emailservice,0.0,155,0.8,0.0,0
2026-09-24T18:46:37Z,adservice,107.0,1150,0.8,0.09304347826086956,0
2026-09-24T18:46:37Z,redis-cart,17.0,540,0.8,0.03148148148148148,0
2026-09-24T18:46:38Z,frontend,260.0,1150,0.8,0.22608695652173913,0
2026-09-24T18:46:38Z,cartservice,228.0,1920,0.95,0.11875,0
2026-09-24T18:46:38Z,checkoutservice,626.0,615,0.8,1.0178861788617886,1
2026-09-24T18:46:38Z,productcatalogservice,459.0,1535,0.95,0.2990228013029316,0
2026-09-24T18:46:38Z,paymentservice,0.0,155,0.8,0.0,0
2026-09-24T18:46:38Z,recommendationservice,615.0,1150,0.8,0.5347826086956522,0
2026-09-24T18:46:38Z,shippingservice,81.0,770,0.8,0.10519480519480519,0
2026-09-24T18:46:38Z,currencyservice,178.0,770,0.8,0.23116883116883116,0
2026-09-24T18:46:38Z,emailservice,0.0,155,0.8,0.0,0
2026-09-24T18:46:38Z,adservice,95.0,1150,0.8,0.08260869565217391,0
2026-09-24T18:46:38Z,redis-cart,17.0,540,0.8,0.03148148148148148,0
2026-09-24T18:46:39Z,frontend,275.0,1150,0.8,0.2391304347826087,0
2026-09-24T18:46:39Z,cartservice,216.0,1920,0.95,0.1125,0
2026-09-24T18:46:39Z,checkoutservice,626.0,615,0.8,1.0178861788617886,1
2026-09-24T18:46:39Z,productcatalogservice,459.0,1535,0.95,0.2990228013029316,0
2026-09-24T18:46:39Z,paymentservice,17.0,155,0.8,0.10967741935483871,0
2026-09-24T18:46:39Z,recommendationservice,683.0,1150,0.8,0.5939130434782609,0
2026-09-24T18:46:39Z,shippingservice,81.0,770,0.8,0.10519480519480519,0
2026-09-24T18:46:39Z,currencyservice,178.0,770,0.8,0.23116883116883116,0
2026-09-24T18:46:39Z,emailservice,0.0,155,0.8,0.0,0
2026-09-24T18:46:39Z,adservice,95.0,1150,0.8,0.08260869565217391,0
2026-09-24T18:46:39Z,redis-cart,17.0,540,0.8,0.03148148148148148,0
2026-09-24T18:46:40Z,frontend,294.75,1150,0.8,0.25630434782608696,0
2026-09-24T18:46:40Z,cartservice,252.0,1920,0.95,0.13125,0
2026-09-24T18:46:40Z,checkoutservice,604.0,615,0.8,0.9821138211382113,1
2026-09-24T18:46:40Z,productcatalogservice,484.0,1535,0.95,0.31530944625407165,0
2026-09-24T18:46:40Z,paymentservice,17.0,155,0.8,0.10967741935483871,0
2026-09-24T18:46:40Z,recommendationservice,683.0,1150,0.8,0.5939130434782609,0
2026-09-24T18:46:40Z,shippingservice,95.0,770,0.8,0.12337662337662338,0
2026-09-24T18:46:40Z,currencyservice,218.0,770,0.8,0.2831168831168831,0
2026-09-24T18:46:40Z,emailservice,0.0,155,0.8,0.0,0
2026-09-24T18:46:40Z,adservice,83.0,1150,0.8,0.07217391304347825,0
2026-09-24T18:46:40Z,redis-cart,18.0,540,0.8,0.03333333333333333,0
2026-09-24T18:46:41Z,frontend,307.0,1150,0.8,0.2669565217391304,0
2026-09-24T18:46:41Z,cartservice,252.0,1920,0.95,0.13125,0
2026-09-24T18:46:41Z,checkoutservice,604.0,615,0.8,0.9821138211382113,1
2026-09-24T18:46:41Z,productcatalogservice,488.0,1535,0.95,0.31791530944625407,0
2026-09-24T18:46:41Z,paymentservice,0.0,155,0.8,0.0,0
2026-09-24T18:46:41Z,recommendationservice,628.0,1150,0.8,0.5460869565217391,0
2026-09-24T18:46:41Z,shippingservice,102.0,770,0.8,0.13246753246753246,0
2026-09-24T18:46:41Z,currencyservice,258.0,770,0.8,0.33506493506493507,0
2026-09-24T18:46:41Z,emailservice,22.0,155,0.8,0.14193548387096774,0
2026-09-24T18:46:41Z,adservice,83.0,1150,0.8,0.07217391304347825,0
2026-09-24T18:46:41Z,redis-cart,16.0,540,0.8,0.02962962962962963,0
2026-09-24T18:46:42Z,frontend,287.75,1150,0.8,0.25021739130434784,0
2026-09-24T18:46:42Z,cartservice,238.0,1920,0.95,0.12395833333333334,0
2026-09-24T18:46:42Z,checkoutservice,588.0,615,0.8,0.9560975609756097,1
2026-09-24T18:46:42Z,productcatalogservice,488.0,1535,0.95,0.31791530944625407,0
2026-09-24T18:46:42Z,paymentservice,0.0,155,0.8,0.0,0
2026-09-24T18:46:42Z,recommendationservice,628.0,1150,0.8,0.5460869565217391,0
2026-09-24T18:46:42Z,shippingservice,102.0,770,0.8,0.13246753246753246,0
2026-09-24T18:46:42Z,currencyservice,165.0,770,0.8,0.21428571428571427,0
2026-09-24T18:46:42Z,emailservice,0.0,155,0.8,0.0,0
2026-09-24T18:46:42Z,adservice,80.0,1150,0.8,0.06956521739130435,0
2026-09-24T18:46:42Z,redis-cart,20.0,540,0.8,0.037037037037037035,0
2026-09-24T18:46:43Z,frontend,279.75,1150,0.8,0.2432608695652174,0
2026-09-24T18:46:43Z,cartservice,248.0,1920,0.95,0.12916666666666668,0
2026-09-24T18:46:43Z,checkoutservice,629.0,615,0.8,1.0227642276422764,1
2026-09-24T18:46:43Z,productcatalogservice,456.0,1535,0.95,0.2970684039087948,0
2026-09-24T18:46:43Z,paymentservice,0.0,155,0.8,0.0,0
2026-09-24T18:46:43Z,recommendationservice,554.0,1150,0.8,0.4817391304347826,0
2026-09-24T18:46:43Z,shippingservice,78.0,770,0.8,0.1012987012987013,0
2026-09-24T18:46:43Z,currencyservice,165.0,770,0.8,0.21428571428571427,0
2026-09-24T18:46:43Z,emailservice,0.0,155,0.8,0.0,0
2026-09-24T18:46:43Z,adservice,79.0,1150,0.8,0.06869565217391305,0
2026-09-24T18:46:43Z,redis-cart,15.0,540,0.8,0.027777777777777776,0
2026-09-24T18:46:44Z,frontend,257.75,1150,0.8,0.2241304347826087,0
2026-09-24T18:46:44Z,cartservice,248.0,1920,0.95,0.12916666666666668,0
2026-09-24T18:46:44Z,checkoutservice,629.0,615,0.8,1.0227642276422764,1
2026-09-24T18:46:44Z,productcatalogservice,456.0,1535,0.95,0.2970684039087948,0
2026-09-24T18:46:44Z,paymentservice,0.0,155,0.8,0.0,0
2026-09-24T18:46:44Z,recommendationservice,554.0,1150,0.8,0.4817391304347826,0
2026-09-24T18:46:44Z,shippingservice,90.0,770,0.8,0.11688311688311688,0
2026-09-24T18:46:44Z,currencyservice,187.0,770,0.8,0.24285714285714285,0
2026-09-24T18:46:44Z,emailservice,0.0,155,0.8,0.0,0
2026-09-24T18:46:44Z,adservice,79.0,1150,0.8,0.06869565217391305,0
2026-09-24T18:46:44Z,redis-cart,15.0,540,0.8,0.027777777777777776,0
2026-09-24T18:46:45Z,frontend,253.75,1150,0.8,0.22065217391304348,0
2026-09-24T18:46:45Z,cartservice,233.0,1920,0.95,0.12135416666666667,0
2026-09-24T18:46:45Z,checkoutservice,585.0,615,0.8,0.9512195121951219,1
2026-09-24T18:46:45Z,productcatalogservice,449.0,1535,0.95,0.29250814332247554,0
2026-09-24T18:46:45Z,paymentservice,0.0,155,0.8,0.0,0
2026-09-24T18:46:45Z,recommendationservice,599.0,1150,0.8,0.5208695652173913,0
2026-09-24T18:46:45Z,shippingservice,90.0,770,0.8,0.11688311688311688,0
2026-09-24T18:46:45Z,currencyservice,227.0,770,0.8,0.2948051948051948,0
2026-09-24T18:46:45Z,emailservice,20.0,155,0.8,0.12903225806451613,0
2026-09-24T18:46:45Z,adservice,81.0,1150,0.8,0.07043478260869565,0
2026-09-24T18:46:45Z,redis-cart,22.0,540,0.8,0.040740740740740744,0
2026-09-24T18:46:46Z,frontend,258.25,1150,0.8,0.22456521739130436,0
2026-09-24T18:46:46Z,cartservice,335.0,1920,0.95,0.17447916666666666,0
2026-09-24T18:46:46Z,checkoutservice,585.0,615,0.8,0.9512195121951219,1
2026-09-24T18:46:46Z,productcatalogservice,507.0,1535,0.95,0.33029315960912053,0
2026-09-24T18:46:46Z,paymentservice,0.0,155,0.8,0.0,0
2026-09-24T18:46:46Z,recommendationservice,599.0,1150,0.8,0.5208695652173913,0
2026-09-24T18:46:46Z,shippingservice,90.0,770,0.8,0.11688311688311688,0
2026-09-24T18:46:46Z,currencyservice,227.0,770,0.8,0.2948051948051948,0
2026-09-24T18:46:46Z,emailservice,0.0,155,0.8,0.0,0
2026-09-24T18:46:46Z,adservice,100.0,1150,0.8,0.08695652173913043,0
2026-09-24T18:46:46Z,redis-cart,16.0,540,0.8,0.02962962962962963,0
2026-09-24T18:46:47Z,frontend,294.5,1150,0.8,0.25608695652173913,0
2026-09-24T18:46:47Z,cartservice,335.0,1920,0.95,0.17447916666666666,0
2026-09-24T18:46:47Z,checkoutservice,611.0,615,0.8,0.9934959349593496,1
2026-09-24T18:46:47Z,productcatalogservice,507.0,1535,0.95,0.33029315960912053,0
2026-09-24T18:46:47Z,paymentservice,0.0,155,0.8,0.0,0
2026-09-24T18:46:47Z,recommendationservice,656.0,1150,0.8,0.5704347826086956,0
2026-09-24T18:46:47Z,shippingservice,103.0,770,0.8,0.13376623376623376,0
2026-09-24T18:46:47Z,currencyservice,191.0,770,0.8,0.24805194805194805,0
2026-09-24T18:46:47Z,emailservice,0.0,155,0.8,0.0,0
2026-09-24T18:46:47Z,adservice,100.0,1150,0.8,0.08695652173913043,0
2026-09-24T18:46:47Z,redis-cart,17.0,540,0.8,0.03148148148148148,0
2026-09-24T18:46:48Z,frontend,290.0,1150,0.8,0.25217391304347825,0
2026-09-24T18:46:48Z,cartservice,224.0,1920,0.95,0.11666666666666667,0
2026-09-24T18:46:48Z,checkoutservice,611.0,615,0.8,0.9934959349593496,1
2026-09-24T18:46:48Z,productcatalogservice,456.0,1535,0.95,0.2970684039087948,0
2026-09-24T18:46:48Z,paymentservice,0.0,155,0.8,0.0,0
2026-09-24T18:46:48Z,recommendationservice,669.0,1150,0.8,0.5817391304347826,0
2026-09-24T18:46:48Z,shippingservice,103.0,770,0.8,0.13376623376623376,0
2026-09-24T18:46:48Z,currencyservice,297.0,770,0.8,0.38571428571428573,0
2026-09-24T18:46:48Z,emailservice,0.0,155,0.8,0.0,0
2026-09-24T18:46:48Z,adservice,68.0,1150,0.8,0.059130434782608696,0
2026-09-24T18:46:48Z,redis-cart,17.0,540,0.8,0.03148148148148148,0
2026-09-24T18:46:49Z,frontend,256.75,1150,0.8,0.2232608695652174,0
2026-09-24T18:46:49Z,cartservice,224.0,1920,0.95,0.11666666666666667,0
2026-09-24T18:46:49Z,checkoutservice,641.0,615,0.8,1.0422764227642276,1
2026-09-24T18:46:49Z,productcatalogservice,456.0,1535,0.95,0.2970684039087948,0
2026-09-24T18:46:49Z,paymentservice,26.0,155,0.8,0.16774193548387098,0
2026-09-24T18:46:49Z,recommendationservice,669.0,1150,0.8,0.5817391304347826,0
2026-09-24T18:46:49Z,shippingservice,93.0,770,0.8,0.12077922077922078,0
2026-09-24T18:46:49Z,currencyservice,297.0,770,0.8,0.38571428571428573,0
2026-09-24T18:46:49Z,emailservice,0.0,155,0.8,0.0,0
2026-09-24T18:46:49Z,adservice,68.0,1150,0.8,0.059130434782608696,0
2026-09-24T18:46:49Z,redis-cart,16.0,540,0.8,0.02962962962962963,0
2026-09-24T18:46:50Z,frontend,289.0,1150,0.8,0.25130434782608696,0
2026-09-24T18:46:50Z,cartservice,228.0,1920,0.95,0.11875,0
2026-09-24T18:46:50Z,checkoutservice,597.0,615,0.8,0.9707317073170731,1
2026-09-24T18:46:50Z,productcatalogservice,447.0,1535,0.95,0.29120521172638436,0
2026-09-24T18:46:50Z,paymentservice,0.0,155,0.8,0.0,0
2026-09-24T18:46:50Z,recommendationservice,597.0,1150,0.8,0.5191304347826087,0
2026-09-24T18:46:50Z,shippingservice,93.0,770,0.8,0.12077922077922078,0
2026-09-24T18:46:50Z,currencyservice,175.0,770,0.8,0.22727272727272727,0
2026-09-24T18:46:50Z,emailservice,16.0,155,0.8,0.1032258064516129,0
2026-09-24T18:46:50Z,adservice,95.0,1150,0.8,0.08260869565217391,0
2026-09-24T18:46:50Z,redis-cart,17.0,540,0.8,0.03148148148148148,0
2026-09-24T18:46:51Z,frontend,307.0,1150,0.8,0.2669565217391304,0
2026-09-24T18:46:51Z,cartservice,301.0,1920,0.95,0.15677083333333333,0
2026-09-24T18:46:51Z,checkoutservice,623.0,615,0.8,1.0130081300813008,1
2026-09-24T18:46:51Z,productcatalogservice,447.0,1535,0.95,0.29120521172638436,0
2026-09-24T18:46:51Z,paymentservice,0.0,155,0.8,0.0,0
2026-09-24T18:46:51Z,recommendationservice,720.0,1150,0.8,0.6260869565217392,0
2026-09-24T18:46:51Z,shippingservice,93.0,770,0.8,0.12077922077922078,0
2026-09-24T18:46:51Z,currencyservice,324.0,770,0.8,0.42077922077922075,0
2026-09-24T18:46:51Z,emailservice,16.0,155,0.8,0.1032258064516129,0
2026-09-24T18:46:51Z,adservice,95.0,1150,0.8,0.08260869565217391,0
2026-09-24T18:46:51Z,redis-cart,17.0,540,0.8,0.03148148148148148,0
2026-09-24T18:46:52Z,frontend,276.75,1150,0.8,0.24065217391304347,0
2026-09-24T18:46:52Z,cartservice,234.0,1920,0.95,0.121875,0
2026-09-24T18:46:52Z,checkoutservice,623.0,615,0.8,1.0130081300813008,1
2026-09-24T18:46:52Z,productcatalogservice,482.0,1535,0.95,0.31400651465798046,0
2026-09-24T18:46:52Z,paymentservice,0.0,155,0.8,0.0,0
2026-09-24T18:46:52Z,recommendationservice,720.0,1150,0.8,0.6260869565217392,0
2026-09-24T18:46:52Z,shippingservice,93.0,770,0.8,0.12077922077922078,0
2026-09-24T18:46:52Z,currencyservice,324.0,770,0.8,0.42077922077922075,0
2026-09-24T18:46:52Z,emailservice,0.0,155,0.8,0.0,0
2026-09-24T18:46:52Z,adservice,112.0,1150,0.8,0.09739130434782609,0
2026-09-24T18:46:52Z,redis-cart,17.0,540,0.8,0.03148148148148148,0
2026-09-24T18:46:53Z,frontend,301.25,1150,0.8,0.2619565217391304,0
2026-09-24T18:46:53Z,cartservice,234.0,1920,0.95,0.121875,0
2026-09-24T18:46:53Z,checkoutservice,589.0,615,0.8,0.9577235772357724,1
2026-09-24T18:46:53Z,productcatalogservice,482.0,1535,0.95,0.31400651465798046,0
2026-09-24T18:46:53Z,paymentservice,0.0,155,0.8,0.0,0
2026-09-24T18:46:53Z,recommendationservice,640.0,1150,0.8,0.5565217391304348,0
2026-09-24T18:46:53Z,shippingservice,91.0,770,0.8,0.11818181818181818,0
2026-09-24T18:46:53Z,currencyservice,195.0,770,0.8,0.2532467532467532,0
2026-09-24T18:46:53Z,emailservice,0.0,155,0.8,0.0,0
2026-09-24T18:46:53Z,adservice,90.0,1150,0.8,0.0782608695652174,0
2026-09-24T18:46:53Z,redis-cart,17.0,540,0.8,0.03148148148148148,0
2026-09-24T18:46:54Z,frontend,296.5,1150,0.8,0.25782608695652176,0
2026-09-24T18:46:54Z,cartservice,200.0,1920,0.95,0.10416666666666667,0
2026-09-24T18:46:54Z,checkoutservice,589.0,615,0.8,0.9577235772357724,1
2026-09-24T18:46:54Z,productcatalogservice,512.0,1535,0.95,0.33355048859934855,0
2026-09-24T18:46:54Z,paymentservice,0.0,155,0.8,0.0,0
2026-09-24T18:46:54Z,recommendationservice,634.0,1150,0.8,0.551304347826087,0
2026-09-24T18:46:54Z,shippingservice,111.0,770,0.8,0.14415584415584415,0
2026-09-24T18:46:54Z,currencyservice,251.0,770,0.8,0.32597402597402597,0
2026-09-24T18:46:54Z,emailservice,0.0,155,0.8,0.0,0
2026-09-24T18:46:54Z,adservice,111.0,1150,0.8,0.09652173913043478,0
2026-09-24T18:46:54Z,redis-cart,23.0,540,0.8,0.04259259259259259,0
2026-09-24T18:46:55Z,frontend,258.75,1150,0.8,0.225,0
2026-09-24T18:46:55Z,cartservice,200.0,1920,0.95,0.10416666666666667,0
2026-09-24T18:46:55Z,checkoutservice,615.0,615,0.8,1.0,1
2026-09-24T18:46:55Z,productcatalogservice,455.0,1535,0.95,0.2964169381107492,0
2026-09-24T18:46:55Z,paymentservice,0.0,155,0.8,0.0,0
2026-09-24T18:46:55Z,recommendationservice,704.0,1150,0.8,0.6121739130434782,0
2026-09-24T18:46:55Z,shippingservice,111.0,770,0.8,0.14415584415584415,0
2026-09-24T18:46:55Z,currencyservice,251.0,770,0.8,0.32597402597402597,0
2026-09-24T18:46:55Z,emailservice,0.0,155,0.8,0.0,0
2026-09-24T18:46:55Z,adservice,111.0,1150,0.8,0.09652173913043478,0
2026-09-24T18:46:55Z,redis-cart,20.0,540,0.8,0.037037037037037035,0
2026-09-24T18:46:56Z,frontend,273.75,1150,0.8,0.23804347826086958,0
2026-09-24T18:46:56Z,cartservice,178.0,1920,0.95,0.09270833333333334,0
2026-09-24T18:46:56Z,checkoutservice,615.0,615,0.8,1.0,1
2026-09-24T18:46:56Z,productcatalogservice,490.0,1535,0.95,0.31921824104234525,0
2026-09-24T18:46:56Z,paymentservice,0.0,155,0.8,0.0,0
2026-09-24T18:46:56Z,recommendationservice,704.0,1150,0.8,0.6121739130434782,0
2026-09-24T18:46:56Z,shippingservice,95.0,770,0.8,0.12337662337662338,0
2026-09-24T18:46:56Z,currencyservice,190.0,770,0.8,0.24675324675324675,0
2026-09-24T18:46:56Z,emailservice,20.0,155,0.8,0.12903225806451613,0
2026-09-24T18:46:56Z,adservice,82.0,1150,0.8,0.07130434782608695,0
2026-09-24T18:46:56Z,redis-cart,17.0,540,0.8,0.03148148148148148,0
2026-09-24T18:46:57Z,frontend,284.25,1150,0.8,0.24717391304347827,0
2026-09-24T18:46:57Z,cartservice,178.0,1920,0.95,0.09270833333333334,0
2026-09-24T18:46:57Z,checkoutservice,621.0,615,0.8,1.0097560975609756,1
2026-09-24T18:46:57Z,productcatalogservice,490.0,1535,0.95,0.31921824104234525,0
2026-09-24T18:46:57Z,paymentservice,0.0,155,0.8,0.0,0
2026-09-24T18:46:57Z,recommendationservice,572.0,1150,0.8,0.4973913043478261,0
2026-09-24T18:46:57Z,shippingservice,105.0,770,0.8,0.13636363636363635,0
2026-09-24T18:46:57Z,currencyservice,251.0,770,0.8,0.32597402597402597,0
2026-09-24T18:46:57Z,emailservice,0.0,155,0.8,0.0,0
2026-09-24T18:46:57Z,adservice,82.0,1150,0.8,0.07130434782608695,0
2026-09-24T18:46:57Z,redis-cart,17.0,540,0.8,0.03148148148148148,0
2026-09-24T18:46:58Z,frontend,266.0,1150,0.8,0.23130434782608697,0
2026-09-24T18:46:58Z,cartservice,216.0,1920,0.95,0.1125,0
2026-09-24T18:46:58Z,checkoutservice,609.0,615,0.8,0.9902439024390244,1
2026-09-24T18:46:58Z,productcatalogservice,450.0,1535,0.95,0.2931596091205212,0
2026-09-24T18:46:58Z,paymentservice,0.0,155,0.8,0.0,0
2026-09-24T18:46:58Z,recommendationservice,542.0,1150,0.8,0.47130434782608693,0
2026-09-24T18:46:58Z,shippingservice,77.0,770,0.8,0.1,0
2026-09-24T18:46:58Z,currencyservice,251.0,770,0.8,0.32597402597402597,0
2026-09-24T18:46:58Z,emailservice,0.0,155,0.8,0.0,0
2026-09-24T18:46:58Z,adservice,74.0,1150,0.8,0.06434782608695652,0
2026-09-24T18:46:58Z,redis-cart,16.0,540,0.8,0.02962962962962963,0
2026-09-24T18:46:59Z,frontend,282.75,1150,0.8,0.2458695652173913,0
2026-09-24T18:46:59Z,cartservice,239.0,1920,0.95,0.12447916666666667,0
2026-09-24T18:46:59Z,checkoutservice,609.0,615,0.8,0.9902439024390244,1
2026-09-24T18:46:59Z,productcatalogservice,433.0,1535,0.95,0.2820846905537459,0
2026-09-24T18:46:59Z,paymentservice,17.0,155,0.8,0.10967741935483871,0
2026-09-24T18:46:59Z,recommendationservice,725.0,1150,0.8,0.6304347826086957,0
2026-09-24T18:46:59Z,shippingservice,77.0,770,0.8,0.1,0
2026-09-24T18:46:59Z,currencyservice,165.0,770,0.8,0.21428571428571427,0
2026-09-24T18:46:59Z,emailservice,0.0,155,0.8,0.0,0
2026-09-24T18:46:59Z,adservice,113.0,1150,0.8,0.09826086956521739,0
2026-09-24T18:46:59Z,redis-cart,20.0,540,0.8,0.037037037037037035,0
2026-09-24T18:47:00Z,frontend,258.5,1150,0.8,0.22478260869565217,0
2026-09-24T18:47:00Z,cartservice,192.0,1920,0.95,0.1,0
2026-09-24T18:47:00Z,checkoutservice,616.0,615,0.8,1.0016260162601627,1
2026-09-24T18:47:00Z,productcatalogservice,433.0,1535,0.95,0.2820846905537459,0
2026-09-24T18:47:00Z,paymentservice,0.0,155,0.8,0.0,0
2026-09-24T18:47:00Z,recommendationservice,605.0,1150,0.8,0.5260869565217391,0
2026-09-24T18:47:00Z,shippingservice,74.0,770,0.8,0.09610389610389611,0
2026-09-24T18:47:00Z,currencyservice,165.0,770,0.8,0.21428571428571427,0
2026-09-24T18:47:00Z,emailservice,0.0,155,0.8,0.0,0
2026-09-24T18:47:00Z,adservice,113.0,1150,0.8,0.09826086956521739,0
2026-09-24T18:47:00Z,redis-cart,20.0,540,0.8,0.037037037037037035,0
2026-09-24T18:47:01Z,frontend,270.75,1150,0.8,0.23543478260869566,0
2026-09-24T18:47:01Z,cartservice,192.0,1920,0.95,0.1,0
2026-09-24T18:47:01Z,checkoutservice,604.0,615,0.8,0.9821138211382113,1
2026-09-24T18:47:01Z,productcatalogservice,498.0,1535,0.95,0.3244299674267101,0
2026-09-24T18:47:01Z,paymentservice,0.0,155,0.8,0.0,0
2026-09-24T18:47:01Z,recommendationservice,605.0,1150,0.8,0.5260869565217391,0
2026-09-24T18:47:01Z,shippingservice,127.0,770,0.8,0.16493506493506493,0
2026-09-24T18:47:01Z,currencyservice,220.0,770,0.8,0.2857142857142857,0
2026-09-24T18:47:01Z,emailservice,17.0,155,0.8,0.10967741935483871,0
2026-09-24T18:47:01Z,adservice,74.0,1150,0.8,0.06434782608695652,0
2026-09-24T18:47:01Z,redis-cart,14.0,540,0.8,0.025925925925925925,0
2026-09-24T18:47:02Z,frontend,260.5,1150,0.8,0.22652173913043477,0
2026-09-24T18:47:02Z,cartservice,147.0,1920,0.95,0.0765625,0
2026-09-24T18:47:02Z,checkoutservice,604.0,615,0.8,0.9821138211382113,1
2026-09-24T18:47:02Z,productcatalogservice,462.0,1535,0.95,0.3009771986970684,0
2026-09-24T18:47:02Z,paymentservice,0.0,155,0.8,0.0,0
2026-09-24T18:47:02Z,recommendationservice,574.0,1150,0.8,0.4991304347826087,0
2026-09-24T18:47:02Z,shippingservice,103.0,770,0.8,0.13376623376623376,0
2026-09-24T18:47:02Z,currencyservice,256.0,770,0.8,0.33246753246753247,0
2026-09-24T18:47:02Z,emailservice,0.0,155,0.8,0.0,0
2026-09-24T18:47:02Z,adservice,74.0,1150,0.8,0.06434782608695652,0
2026-09-24T18:47:02Z,redis-cart,14.0,540,0.8,0.025925925925925925,0
2026-09-24T18:47:03Z,frontend,295.75,1150,0.8,0.25717391304347825,0
2026-09-24T18:47:03Z,cartservice,229.0,1920,0.95,0.11927083333333334,0
2026-09-24T18:47:03Z,checkoutservice,595.0,615,0.8,0.967479674796748,1
2026-09-24T18:47:03Z,productcatalogservice,462.0,1535,0.95,0.3009771986970684,0
2026-09-24T18:47:03Z,paymentservice,0.0,155,0.8,0.0,0
2026-09-24T18:47:03Z,recommendationservice,574.0,1150,0.8,0.4991304347826087,0
2026-09-24T18:47:03Z,shippingservice,103.0,770,0.8,0.13376623376623376,0
2026-09-24T18:47:03Z,currencyservice,256.0,770,0.8,0.33246753246753247,0
2026-09-24T18:47:03Z,emailservice,0.0,155,0.8,0.0,0
2026-09-24T18:47:03Z,adservice,93.0,1150,0.8,0.0808695652173913,0
2026-09-24T18:47:03Z,redis-cart,17.0,540,0.8,0.03148148148148148,0
2026-09-24T18:47:04Z,frontend,299.75,1150,0.8,0.26065217391304346,0
2026-09-24T18:47:04Z,cartservice,229.0,1920,0.95,0.11927083333333334,0
2026-09-24T18:47:04Z,checkoutservice,595.0,615,0.8,0.967479674796748,1
2026-09-24T18:47:04Z,productcatalogservice,433.0,1535,0.95,0.2820846905537459,0
2026-09-24T18:47:04Z,paymentservice,0.0,155,0.8,0.0,0
2026-09-24T18:47:04Z,recommendationservice,593.0,1150,0.8,0.5156521739130435,0
2026-09-24T18:47:04Z,shippingservice,74.0,770,0.8,0.09610389610389611,0
2026-09-24T18:47:04Z,currencyservice,163.0,770,0.8,0.21168831168831168,0
2026-09-24T18:47:04Z,emailservice,0.0,155,0.8,0.0,0
2026-09-24T18:47:04Z,adservice,83.0,1150,0.8,0.07217391304347825,0
2026-09-24T18:47:04Z,redis-cart,18.0,540,0.8,0.03333333333333333,0
2026-09-24T18:47:05Z,frontend,252.0,1150,0.8,0.21913043478260869,0
2026-09-24T18:47:05Z,cartservice,159.0,1920,0.95,0.0828125,0
2026-09-24T18:47:05Z,checkoutservice,625.0,615,0.8,1.016260162601626,1
2026-09-24T18:47:05Z,productcatalogservice,433.0,1535,0.95,0.2820846905537459,0
2026-09-24T18:47:05Z,paymentservice,0.0,155,0.8,0.0,0
2026-09-24T18:47:05Z,recommendationservice,593.0,1150,0.8,0.5156521739130435,0
2026-09-24T18:47:05Z,shippingservice,74.0,770,0.8,0.09610389610389611,0
2026-09-24T18:47:05Z,currencyservice,238.0,770,0.8,0.3090909090909091,0
2026-09-24T18:47:05Z,emailservice,0.0,155,0.8,0.0,0
2026-09-24T18:47:05Z,adservice,87.0,1150,0.8,0.07565217391304348,0
2026-09-24T18:47:05Z,redis-cart,18.0,540,0.8,0.03333333333333333,0
2026-09-24T18:47:06Z,frontend,301.75,1150,0.8,0.2623913043478261,0
2026-09-24T18:47:06Z,cartservice,215.0,1920,0.95,0.11197916666666667,0
2026-09-24T18:47:06Z,checkoutservice,625.0,615,0.8,1.016260162601626,1
2026-09-24T18:47:06Z,productcatalogservice,463.0,1535,0.95,0.301628664495114,0
2026-09-24T18:47:06Z,paymentservice,4.0,155,0.8,0.025806451612903226,0
2026-09-24T18:47:06Z,recommendationservice,585.0,1150,0.8,0.508695652173913,0
2026-09-24T18:47:06Z,shippingservice,95.0,770,0.8,0.12337662337662338,0
2026-09-24T18:47:06Z,currencyservice,238.0,770,0.8,0.3090909090909091,0
2026-09-24T18:47:06Z,emailservice,27.0,155,0.8,0.17419354838709677,0
2026-09-24T18:47:06Z,adservice,136.0,1150,0.8,0.11826086956521739,0
2026-09-24T18:47:06Z,redis-cart,18.0,540,0.8,0.03333333333333333,0
2026-09-24T18:47:07Z,frontend,293.75,1150,0.8,0.2554347826086957,0
2026-09-24T18:47:07Z,cartservice,215.0,1920,0.95,0.11197916666666667,0
2026-09-24T18:47:07Z,checkoutservice,610.0,615,0.8,0.991869918699187,1
2026-09-24T18:47:07Z,productcatalogservice,472.0,1535,0.95,0.30749185667752443,0
2026-09-24T18:47:07Z,paymentservice,0.0,155,0.8,0.0,0
2026-09-24T18:47:07Z,recommendationservice,567.0,1150,0.8,0.4930434782608696,0
2026-09-24T18:47:07Z,shippingservice,95.0,770,0.8,0.12337662337662338,0
2026-09-24T18:47:07Z,currencyservice,181.0,770,0.8,0.23506493506493506,0
2026-09-24T18:47:07Z,emailservice,0.0,155,0.8,0.0,0
2026-09-24T18:47:07Z,adservice,136.0,1150,0.8,0.11826086956521739,0
2026-09-24T18:47:07Z,redis-cart,18.0,540,0.8,0.03333333333333333,0
2026-09-24T18:47:08Z,frontend,265.75,1150,0.8,0.23108695652173913,0
2026-09-24T18:47:08Z,cartservice,148.0,1920,0.95,0.07708333333333334,0
2026-09-24T18:47:08Z,checkoutservice,612.0,615,0.8,0.9951219512195122,1
2026-09-24T18:47:08Z,productcatalogservice,472.0,1535,0.95,0.30749185667752443,0
2026-09-24T18:47:08Z,paymentservice,0.0,155,0.8,0.0,0
2026-09-24T18:47:08Z,recommendationservice,642.0,1150,0.8,0.5582608695652174,0
2026-09-24T18:47:08Z,shippingservice,85.0,770,0.8,0.11038961038961038,0
2026-09-24T18:47:08Z,currencyservice,301.0,770,0.8,0.39090909090909093,0
2026-09-24T18:47:08Z,emailservice,0.0,155,0.8,0.0,0
2026-09-24T18:47:08Z,adservice,82.0,1150,0.8,0.07130434782608695,0
2026-09-24T18:47:08Z,redis-cart,20.0,540,0.8,0.037037037037037035,0
2026-09-24T18:47:09Z,frontend,268.75,1150,0.8,0.23369565217391305,0
2026-09-24T18:47:09Z,cartservice,148.0,1920,0.95,0.07708333333333334,0
2026-09-24T18:47:09Z,checkoutservice,612.0,615,0.8,0.9951219512195122,1
2026-09-24T18:47:09Z,productcatalogservice,488.0,1535,0.95,0.31791530944625407,0
2026-09-24T18:47:09Z,paymentservice,16.0,155,0.8,0.1032258064516129,0
2026-09-24T18:47:09Z,recommendationservice,762.0,1150,0.8,0.662608695652174,0
2026-09-24T18:47:09Z,shippingservice,105.0,770,0.8,0.13636363636363635,0
2026-09-24T18:47:09Z,currencyservice,301.0,770,0.8,0.39090909090909093,0
2026-09-24T18:47:09Z,emailservice,0.0,155,0.8,0.0,0
2026-09-24T18:47:09Z,adservice,82.0,1150,0.8,0.07130434782608695,0
2026-09-24T18:47:09Z,redis-cart,20.0,540,0.8,0.037037037037037035,0
2026-09-24T18:47:10Z,frontend,280.75,1150,0.8,0.2441304347826087,0
2026-09-24T18:47:10Z,cartservice,193.0,1920,0.95,0.10052083333333334,0
2026-09-24T18:47:10Z,checkoutservice,610.0,615,0.8,0.991869918699187,1
2026-09-24T18:47:10Z,productcatalogservice,488.0,1535,0.95,0.31791530944625407,0
2026-09-24T18:47:10Z,paymentservice,0.0,155,0.8,0.0,0
2026-09-24T18:47:10Z,recommendationservice,762.0,1150,0.8,0.662608695652174,0
2026-09-24T18:47:10Z,shippingservice,95.0,770,0.8,0.12337662337662338,0
2026-09-24T18:47:10Z,currencyservice,156.0,770,0.8,0.2025974025974026,0
2026-09-24T18:47:10Z,emailservice,30.0,155,0.8,0.1935483870967742,0
2026-09-24T18:47:10Z,adservice,88.0,1150,0.8,0.07652173913043478,0
2026-09-24T18:47:10Z,redis-cart,15.0,540,0.8,0.027777777777777776,0
2026-09-24T18:47:11Z,frontend,286.25,1150,0.8,0.24891304347826088,0
2026-09-24T18:47:11Z,cartservice,231.0,1920,0.95,0.1203125,0
2026-09-24T18:47:11Z,checkoutservice,610.0,615,0.8,0.991869918699187,1
2026-09-24T18:47:11Z,productcatalogservice,470.0,1535,0.95,0.30618892508143325,0
2026-09-24T18:47:11Z,paymentservice,0.0,155,0.8,0.0,0
2026-09-24T18:47:11Z,recommendationservice,493.0,1150,0.8,0.42869565217391303,0
2026-09-24T18:47:11Z,shippingservice,95.0,770,0.8,0.12337662337662338,0
2026-09-24T18:47:11Z,currencyservice,260.0,770,0.8,0.33766233766233766,0
2026-09-24T18:47:11Z,emailservice,30.0,155,0.8,0.1935483870967742,0
2026-09-24T18:47:11Z,adservice,84.0,1150,0.8,0.07304347826086957,0
2026-09-24T18:47:11Z,redis-cart,18.0,540,0.8,0.03333333333333333,0
2026-09-24T18:47:12Z,frontend,275.25,1150,0.8,0.2393478260869565,0
2026-09-24T18:47:12Z,cartservice,231.0,1920,0.95,0.1203125,0
2026-09-24T18:47:12Z,checkoutservice,584.0,615,0.8,0.9495934959349593,1
2026-09-24T18:47:12Z,productcatalogservice,470.0,1535,0.95,0.30618892508143325,0
2026-09-24T18:47:12Z,paymentservice,0.0,155,0.8,0.0,0
2026-09-24T18:47:12Z,recommendationservice,763.0,1150,0.8,0.6634782608695652,0
2026-09-24T18:47:12Z,shippingservice,72.0,770,0.8,0.09350649350649351,0
2026-09-24T18:47:12Z,currencyservice,260.0,770,0.8,0.33766233766233766,0
2026-09-24T18:47:12Z,emailservice,0.0,155,0.8,0.0,0
2026-09-24T18:47:12Z,adservice,85.0,1150,0.8,0.07391304347826087,0
2026-09-24T18:47:12Z,redis-cart,18.0,540,0.8,0.03333333333333333,0
2026-09-24T18:47:13Z,frontend,282.75,1150,0.8,0.2458695652173913,0
2026-09-24T18:47:13Z,cartservice,190.0,1920,0.95,0.09895833333333333,0
2026-09-24T18:47:13Z,checkoutservice,617.0,615,0.8,1.0032520325203251,1
2026-09-24T18:47:13Z,productcatalogservice,466.0,1535,0.95,0.3035830618892508,0
2026-09-24T18:47:13Z,paymentservice,0.0,155,0.8,0.0,0
2026-09-24T18:47:13Z,recommendationservice,763.0,1150,0.8,0.6634782608695652,0
2026-09-24T18:47:13Z,shippingservice,72.0,770,0.8,0.09350649350649351,0
2026-09-24T18:47:13Z,currencyservice,171.0,770,0.8,0.22207792207792207,0
2026-09-24T18:47:13Z,emailservice,0.0,155,0.8,0.0,0
2026-09-24T18:47:13Z,adservice,87.0,1150,0.8,0.07565217391304348,0
2026-09-24T18:47:13Z,redis-cart,17.0,540,0.8,0.03148148148148148,0
2026-09-24T18:47:14Z,frontend,285.25,1150,0.8,0.24804347826086956,0
2026-09-24T18:47:14Z,cartservice,190.0,1920,0.95,0.09895833333333333,0
2026-09-24T18:47:14Z,checkoutservice,617.0,615,0.8,1.0032520325203251,1
2026-09-24T18:47:14Z,productcatalogservice,445.0,1535,0.95,0.2899022801302932,0
2026-09-24T18:47:14Z,paymentservice,5.0,155,0.8,0.03225806451612903,0
2026-09-24T18:47:14Z,recommendationservice,566.0,1150,0.8,0.49217391304347824,0
2026-09-24T18:47:14Z,shippingservice,72.0,770,0.8,0.09350649350649351,0
2026-09-24T18:47:14Z,currencyservice,200.0,770,0.8,0.2597402597402597,0
2026-09-24T18:47:14Z,emailservice,0.0,155,0.8,0.0,0
2026-09-24T18:47:14Z,adservice,87.0,1150,0.8,0.07565217391304348,0
2026-09-24T18:47:14Z,redis-cart,17.0,540,0.8,0.03148148148148148,0
2026-09-24T18:47:15Z,frontend,269.75,1150,0.8,0.23456521739130434,0
2026-09-24T18:47:15Z,cartservice,179.0,1920,0.95,0.09322916666666667,0
2026-09-24T18:47:15Z,checkoutservice,605.0,615,0.8,0.983739837398374,1
2026-09-24T18:47:15Z,productcatalogservice,480.0,1535,0.95,0.3127035830618892,0
2026-09-24T18:47:15Z,paymentservice,5.0,155,0.8,0.03225806451612903,0
2026-09-24T18:47:15Z,recommendationservice,567.0,1150,0.8,0.4930434782608696,0
2026-09-24T18:47:15Z,shippingservice,72.0,770,0.8,0.09350649350649351,0
2026-09-24T18:47:15Z,currencyservice,200.0,770,0.8,0.2597402597402597,0
2026-09-24T18:47:15Z,emailservice,23.0,155,0.8,0.14838709677419354,0
2026-09-24T18:47:15Z,adservice,76.0,1150,0.8,0.06608695652173913,0
2026-09-24T18:47:15Z,redis-cart,16.0,540,0.8,0.02962962962962963,0
2026-09-24T18:47:16Z,frontend,276.0,1150,0.8,0.24,0
2026-09-24T18:47:16Z,cartservice,179.0,1920,0.95,0.09322916666666667,0
2026-09-24T18:47:16Z,checkoutservice,614.0,615,0.8,0.9983739837398374,1
2026-09-24T18:47:16Z,productcatalogservice,480.0,1535,0.95,0.3127035830618892,0
2026-09-24T18:47:16Z,paymentservice,0.0,155,0.8,0.0,0
2026-09-24T18:47:16Z,recommendationservice,658.0,1150,0.8,0.5721739130434783,0
2026-09-24T18:47:16Z,shippingservice,92.0,770,0.8,0.11948051948051948,0
2026-09-24T18:47:16Z,currencyservice,206.0,770,0.8,0.2675324675324675,0
2026-09-24T18:47:16Z,emailservice,0.0,155,0.8,0.0,0
2026-09-24T18:47:16Z,adservice,76.0,1150,0.8,0.06608695652173913,0
2026-09-24T18:47:16Z,redis-cart,20.0,540,0.8,0.037037037037037035,0
2026-09-24T18:47:17Z,frontend,258.75,1150,0.8,0.225,0
2026-09-24T18:47:17Z,cartservice,190.0,1920,0.95,0.09895833333333333,0
2026-09-24T18:47:17Z,checkoutservice,614.0,615,0.8,0.9983739837398374,1
2026-09-24T18:47:17Z,productcatalogservice,466.0,1535,0.95,0.3035830618892508,0
2026-09-24T18:47:17Z,paymentservice,0.0,155,0.8,0.0,0
2026-09-24T18:47:17Z,recommendationservice,658.0,1150,0.8,0.5721739130434783,0
2026-09-24T18:47:17Z,shippingservice,100.0,770,0.8,0.12987012987012986,0
2026-09-24T18:47:17Z,currencyservice,225.0,770,0.8,0.2922077922077922,0
2026-09-24T18:47:17Z,emailservice,0.0,155,0.8,0.0,0
2026-09-24T18:47:17Z,adservice,91.0,1150,0.8,0.0791304347826087,0
2026-09-24T18:47:17Z,redis-cart,20.0,540,0.8,0.037037037037037035,0
2026-09-24T18:47:18Z,frontend,258.75,1150,0.8,0.225,0
2026-09-24T18:47:18Z,cartservice,199.0,1920,0.95,0.10364583333333334,0
2026-09-24T18:47:18Z,checkoutservice,620.0,615,0.8,1.008130081300813,1
2026-09-24T18:47:18Z,productcatalogservice,451.0,1535,0.95,0.2938110749185668,0
2026-09-24T18:47:18Z,paymentservice,30.0,155,0.8,0.1935483870967742,0
2026-09-24T18:47:18Z,recommendationservice,509.0,1150,0.8,0.4426086956521739,0
2026-09-24T18:47:18Z,shippingservice,100.0,770,0.8,0.12987012987012986,0
2026-09-24T18:47:18Z,currencyservice,225.0,770,0.8,0.2922077922077922,0
2026-09-24T18:47:18Z,emailservice,0.0,155,0.8,0.0,0
2026-09-24T18:47:18Z,adservice,91.0,1150,0.8,0.0791304347826087,0
2026-09-24T18:47:18Z,redis-cart,16.0,540,0.8,0.02962962962962963,0
2026-09-24T18:47:19Z,frontend,265.75,1150,0.8,0.23108695652173913,0
2026-09-24T18:47:19Z,cartservice,199.0,1920,0.95,0.10364583333333334,0
2026-09-24T18:47:19Z,checkoutservice,600.0,615,0.8,0.975609756097561,1
2026-09-24T18:47:19Z,productcatalogservice,451.0,1535,0.95,0.2938110749185668,0
2026-09-24T18:47:19Z,paymentservice,30.0,155,0.8,0.1935483870967742,0
2026-09-24T18:47:19Z,recommendationservice,663.0,1150,0.8,0.5765217391304348,0
2026-09-24T18:47:19Z,shippingservice,80.0,770,0.8,0.1038961038961039,0
2026-09-24T18:47:19Z,currencyservice,184.0,770,0.8,0.23896103896103896,0
2026-09-24T18:47:19Z,emailservice,0.0,155,0.8,0.0,0
2026-09-24T18:47:19Z,adservice,84.0,1150,0.8,0.07304347826086957,0
2026-09-24T18:47:19Z,redis-cart,20.0,540,0.8,0.037037037037037035,0
2026-09-24T18:47:20Z,frontend,271.5,1150,0.8,0.23608695652173914,0
2026-09-24T18:47:20Z,cartservice,196.0,1920,0.95,0.10208333333333333,0
2026-09-24T18:47:20Z,checkoutservice,600.0,615,0.8,0.975609756097561,1
2026-09-24T18:47:20Z,productcatalogservice,476.0,1535,0.95,0.31009771986970686,0
2026-09-24T18:47:20Z,paymentservice,0.0,155,0.8,0.0,0
2026-09-24T18:47:20Z,recommendationservice,663.0,1150,0.8,0.5765217391304348,0
2026-09-24T18:47:20Z,shippingservice,80.0,770,0.8,0.1038961038961039,0
2026-09-24T18:47:20Z,currencyservice,184.0,770,0.8,0.23896103896103896,0
2026-09-24T18:47:20Z,emailservice,16.0,155,0.8,0.1032258064516129,0
2026-09-24T18:47:20Z,adservice,71.0,1150,0.8,0.06173913043478261,0
2026-09-24T18:47:20Z,redis-cart,17.0,540,0.8,0.03148148148148148,0
2026-09-24T18:47:21Z,frontend,269.5,1150,0.8,0.23434782608695653,0
2026-09-24T18:47:21Z,cartservice,184.0,1920,0.95,0.09583333333333334,0
2026-09-24T18:47:21Z,checkoutservice,614.0,615,0.8,0.9983739837398374,1
2026-09-24T18:47:21Z,productcatalogservice,429.0,1535,0.95,0.27947882736156354,0
2026-09-24T18:47:21Z,paymentservice,0.0,155,0.8,0.0,0
2026-09-24T18:47:21Z,recommendationservice,530.0,1150,0.8,0.4608695652173913,0
2026-09-24T18:47:21Z,shippingservice,97.0,770,0.8,0.12597402597402596,0
2026-09-24T18:47:21Z,currencyservice,192.0,770,0.8,0.24935064935064935,0
2026-09-24T18:47:21Z,emailservice,0.0,155,0.8,0.0,0
2026-09-24T18:47:21Z,adservice,76.0,1150,0.8,0.06608695652173913,0
2026-09-24T18:47:21Z,redis-cart,16.0,540,0.8,0.02962962962962963,0
2026-09-24T18:47:22Z,frontend,255.5,1150,0.8,0.22217391304347825,0
2026-09-24T18:47:22Z,cartservice,184.0,1920,0.95,0.09583333333333334,0
2026-09-24T18:47:22Z,checkoutservice,600.0,615,0.8,0.975609756097561,1
2026-09-24T18:47:22Z,productcatalogservice,440.0,1535,0.95,0.28664495114006516,0
2026-09-24T18:47:22Z,paymentservice,0.0,155,0.8,0.0,0
2026-09-24T18:47:22Z,recommendationservice,530.0,1150,0.8,0.4608695652173913,0
2026-09-24T18:47:22Z,shippingservice,97.0,770,0.8,0.12597402597402596,0
2026-09-24T18:47:22Z,currencyservice,277.0,770,0.8,0.35974025974025975,0
2026-09-24T18:47:22Z,emailservice,0.0,155,0.8,0.0,0
2026-09-24T18:47:22Z,adservice,119.0,1150,0.8,0.10347826086956521,0
2026-09-24T18:47:22Z,redis-cart,16.0,540,0.8,0.02962962962962963,0
2026-09-24T18:47:23Z,frontend,274.75,1150,0.8,0.23891304347826087,0
2026-09-24T18:47:23Z,cartservice,155.0,1920,0.95,0.08072916666666667,0
2026-09-24T18:47:23Z,checkoutservice,600.0,615,0.8,0.975609756097561,1
2026-09-24T18:47:23Z,productcatalogservice,478.0,1535,0.95,0.31140065146579804,0
2026-09-24T18:47:23Z,paymentservice,0.0,155,0.8,0.0,0
2026-09-24T18:47:23Z,recommendationservice,621.0,1150,0.8,0.54,0
2026-09-24T18:47:23Z,shippingservice,83.0,770,0.8,0.10779220779220779,0
2026-09-24T18:47:23Z,currencyservice,277.0,770,0.8,0.35974025974025975,0
2026-09-24T18:47:23Z,emailservice,0.0,155,0.8,0.0,0
2026-09-24T18:47:23Z,adservice,119.0,1150,0.8,0.10347826086956521,0
2026-09-24T18:47:23Z,redis-cart,17.0,540,0.8,0.03148148148148148,0
2026-09-24T18:47:24Z,frontend,293.0,1150,0.8,0.25478260869565217,0
2026-09-24T18:47:24Z,cartservice,152.0,1920,0.95,0.07916666666666666,0
2026-09-24T18:47:24Z,checkoutservice,633.0,615,0.8,1.0292682926829269,1
2026-09-24T18:47:24Z,productcatalogservice,506.0,1535,0.95,0.32964169381107494,0
2026-09-24T18:47:24Z,paymentservice,0.0,155,0.8,0.0,0
2026-09-24T18:47:24Z,recommendationservice,621.0,1150,0.8,0.54,0
2026-09-24T18:47:24Z,shippingservice,83.0,770,0.8,0.10779220779220779,0
2026-09-24T18:47:24Z,currencyservice,168.0,770,0.8,0.21818181818181817,0
2026-09-24T18:47:24Z,emailservice,0.0,155,0.8,0.0,0
2026-09-24T18:47:24Z,adservice,82.0,1150,0.8,0.07130434782608695,0
2026-09-24T18:47:24Z,redis-cart,16.0,540,0.8,0.02962962962962963,0
2026-09-24T18:47:25Z,frontend,300.25,1150,0.8,0.26108695652173913,0
2026-09-24T18:47:25Z,cartservice,100.0,1920,0.95,0.052083333333333336,0
2026-09-24T18:47:25Z,checkoutservice,528.0,615,0.8,0.8585365853658536,1
2026-09-24T18:47:25Z,productcatalogservice,506.0,1535,0.95,0.32964169381107494,0
2026-09-24T18:47:25Z,paymentservice,0.0,155,0.8,0.0,0
2026-09-24T18:47:25Z,recommendationservice,685.0,1150,0.8,0.5956521739130435,0
2026-09-24T18:47:25Z,shippingservice,52.0,770,0.8,0.06753246753246753,0
2026-09-24T18:47:25Z,currencyservice,218.0,770,0.8,0.2831168831168831,0
2026-09-24T18:47:25Z,emailservice,0.0,155,0.8,0.0,0
2026-09-24T18:47:25Z,adservice,82.0,1150,0.8,0.07130434782608695,0
2026-09-24T18:47:25Z,redis-cart,18.0,540,0.8,0.03333333333333333,0
2026-09-24T18:47:26Z,frontend,264.75,1150,0.8,0.23021739130434782,0
2026-09-24T18:47:26Z,cartservice,100.0,1920,0.95,0.052083333333333336,0
2026-09-24T18:47:26Z,checkoutservice,475.0,615,0.8,0.7723577235772358,0
2026-09-24T18:47:26Z,productcatalogservice,462.0,1535,0.95,0.3009771986970684,0
2026-09-24T18:47:26Z,paymentservice,0.0,155,0.8,0.0,0
2026-09-24T18:47:26Z,recommendationservice,618.0,1150,0.8,0.5373913043478261,0
2026-09-24T18:47:26Z,shippingservice,52.0,770,0.8,0.06753246753246753,0
2026-09-24T18:47:26Z,currencyservice,218.0,770,0.8,0.2831168831168831,0
2026-09-24T18:47:26Z,emailservice,17.0,155,0.8,0.10967741935483871,0
2026-09-24T18:47:26Z,adservice,97.0,1150,0.8,0.08434782608695653,0
2026-09-24T18:47:26Z,redis-cart,18.0,540,0.8,0.03333333333333333,0
2026-09-24T18:47:27Z,frontend,289.25,1150,0.8,0.2515217391304348,0
2026-09-24T18:47:27Z,cartservice,157.0,1920,0.95,0.08177083333333333,0
2026-09-24T18:47:27Z,checkoutservice,337.0,615,0.8,0.5479674796747968,0
2026-09-24T18:47:27Z,productcatalogservice,462.0,1535,0.95,0.3009771986970684,0
2026-09-24T18:47:27Z,paymentservice,0.0,155,0.8,0.0,0
2026-09-24T18:47:27Z,recommendationservice,706.0,1150,0.8,0.6139130434782609,0
2026-09-24T18:47:27Z,shippingservice,61.0,770,0.8,0.07922077922077922,0
2026-09-24T18:47:27Z,currencyservice,166.0,770,0.8,0.21558441558441557,0
2026-09-24T18:47:27Z,emailservice,0.0,155,0.8,0.0,0
2026-09-24T18:47:27Z,adservice,91.0,1150,0.8,0.0791304347826087,0
2026-09-24T18:47:27Z,redis-cart,11.0,540,0.8,0.020370370370370372,0
2026-09-24T18:47:28Z,frontend,288.75,1150,0.8,0.2510869565217391,0
2026-09-24T18:47:28Z,cartservice,157.0,1920,0.95,0.08177083333333333,0
2026-09-24T18:47:28Z,checkoutservice,350.0,615,0.8,0.5691056910569106,0
2026-09-24T18:47:28Z,productcatalogservice,507.0,1535,0.95,0.33029315960912053,0
2026-09-24T18:47:28Z,paymentservice,0.0,155,0.8,0.0,0
2026-09-24T18:47:28Z,recommendationservice,706.0,1150,0.8,0.6139130434782609,0
2026-09-24T18:47:28Z,shippingservice,40.0,770,0.8,0.05194805194805195,0
2026-09-24T18:47:28Z,currencyservice,142.0,770,0.8,0.18441558441558442,0
2026-09-24T18:47:28Z,emailservice,0.0,155,0.8,0.0,0
2026-09-24T18:47:28Z,adservice,91.0,1150,0.8,0.0791304347826087,0
2026-09-24T18:47:28Z,redis-cart,11.0,540,0.8,0.020370370370370372,0
2026-09-24T18:47:29Z,frontend,278.5,1150,0.8,0.24217391304347827,0
2026-09-24T18:47:29Z,cartservice,81.0,1920,0.95,0.0421875,0
2026-09-24T18:47:29Z,checkoutservice,350.0,615,0.8,0.5691056910569106,0
2026-09-24T18:47:29Z,productcatalogservice,486.0,1535,0.95,0.3166123778501629,0
2026-09-24T18:47:29Z,paymentservice,22.0,155,0.8,0.14193548387096774,0
2026-09-24T18:47:29Z,recommendationservice,530.0,1150,0.8,0.4608695652173913,0
2026-09-24T18:47:29Z,shippingservice,40.0,770,0.8,0.05194805194805195,0
2026-09-24T18:47:29Z,currencyservice,142.0,770,0.8,0.18441558441558442,0
2026-09-24T18:47:29Z,emailservice,0.0,155,0.8,0.0,0
2026-09-24T18:47:29Z,adservice,90.0,1150,0.8,0.0782608695652174,0
2026-09-24T18:47:29Z,redis-cart,14.0,540,0.8,0.025925925925925925,0
2026-09-24T18:47:30Z,frontend,288.0,1150,0.8,0.25043478260869567,0
2026-09-24T18:47:30Z,cartservice,145.0,1920,0.95,0.07552083333333333,0
2026-09-24T18:47:30Z,checkoutservice,0.0,615,0.8,0.0,0
2026-09-24T18:47:30Z,productcatalogservice,486.0,1535,0.95,0.3166123778501629,0
2026-09-24T18:47:30Z,paymentservice,22.0,155,0.8,0.14193548387096774,0
2026-09-24T18:47:30Z,recommendationservice,646.0,1150,0.8,0.5617391304347826,0
2026-09-24T18:47:30Z,shippingservice,40.0,770,0.8,0.05194805194805195,0
2026-09-24T18:47:30Z,currencyservice,194.0,770,0.8,0.2519480519480519,0
2026-09-24T18:47:30Z,emailservice,25.0,155,0.8,0.16129032258064516,0
2026-09-24T18:47:30Z,adservice,103.0,1150,0.8,0.08956521739130435,0
2026-09-24T18:47:30Z,redis-cart,19.0,540,0.8,0.03518518518518519,0
2026-09-24T18:47:31Z,frontend,291.75,1150,0.8,0.25369565217391304,0
2026-09-24T18:47:31Z,cartservice,145.0,1920,0.95,0.07552083333333333,0
2026-09-24T18:47:31Z,checkoutservice,0.0,615,0.8,0.0,0
2026-09-24T18:47:31Z,productcatalogservice,475.0,1535,0.95,0.30944625407166126,0
2026-09-24T18:47:31Z,paymentservice,0.0,155,0.8,0.0,0
2026-09-24T18:47:31Z,recommendationservice,646.0,1150,0.8,0.5617391304347826,0
2026-09-24T18:47:31Z,shippingservice,68.0,770,0.8,0.08831168831168831,0
2026-09-24T18:47:31Z,currencyservice,160.0,770,0.8,0.2077922077922078,0
2026-09-24T18:47:31Z,emailservice,25.0,155,0.8,0.16129032258064516,0
2026-09-24T18:47:31Z,adservice,103.0,1150,0.8,0.08956521739130435,0
2026-09-24T18:47:31Z,redis-cart,19.0,540,0.8,0.03518518518518519,0
2026-09-24T18:47:32Z,frontend,333.75,1150,0.8,0.2902173913043478,0
2026-09-24T18:47:32Z,cartservice,117.0,1920,0.95,0.0609375,0
2026-09-24T18:47:32Z,checkoutservice,224.0,615,0.8,0.3642276422764228,0
2026-09-24T18:47:32Z,productcatalogservice,568.0,1535,0.95,0.3700325732899023,0
2026-09-24T18:47:32Z,paymentservice,0.0,155,0.8,0.0,0
2026-09-24T18:47:32Z,recommendationservice,734.0,1150,0.8,0.6382608695652174,0
2026-09-24T18:47:32Z,shippingservice,73.0,770,0.8,0.09480519480519481,0
2026-09-24T18:47:32Z,currencyservice,261.0,770,0.8,0.33896103896103896,0
2026-09-24T18:47:32Z,emailservice,0.0,155,0.8,0.0,0
2026-09-24T18:47:32Z,adservice,77.0,1150,0.8,0.06695652173913043,0
2026-09-24T18:47:32Z,redis-cart,11.0,540,0.8,0.020370370370370372,0
2026-09-24T18:47:33Z,frontend,333.75,1150,0.8,0.2902173913043478,0
2026-09-24T18:47:33Z,cartservice,192.0,1920,0.95,0.1,0
2026-09-24T18:47:33Z,checkoutservice,224.0,615,0.8,0.3642276422764228,0
2026-09-24T18:47:33Z,productcatalogservice,568.0,1535,0.95,0.3700325732899023,0
2026-09-24T18:47:33Z,paymentservice,16.0,155,0.8,0.1032258064516129,0
2026-09-24T18:47:33Z,recommendationservice,816.0,1150,0.8,0.7095652173913043,0
2026-09-24T18:47:33Z,shippingservice,68.0,770,0.8,0.08831168831168831,0
2026-09-24T18:47:33Z,currencyservice,196.0,770,0.8,0.2545454545454545,0
2026-09-24T18:47:33Z,emailservice,30.0,155,0.8,0.1935483870967742,0
2026-09-24T18:47:33Z,adservice,80.0,1150,0.8,0.06956521739130435,0
2026-09-24T18:47:33Z,redis-cart,23.0,540,0.8,0.04259259259259259,0
2026-09-24T18:47:34Z,frontend,246.75,1150,0.8,0.21456521739130435,0
2026-09-24T18:47:34Z,cartservice,192.0,1920,0.95,0.1,0
2026-09-24T18:47:34Z,checkoutservice,624.0,615,0.8,1.0146341463414634,1
2026-09-24T18:47:34Z,productcatalogservice,422.0,1535,0.95,0.2749185667752443,0
2026-09-24T18:47:34Z,paymentservice,6.0,155,0.8,0.03870967741935484,0
2026-09-24T18:47:34Z,recommendationservice,816.0,1150,0.8,0.7095652173913043,0
2026-09-24T18:47:34Z,shippingservice,68.0,770,0.8,0.08831168831168831,0
2026-09-24T18:47:34Z,currencyservice,196.0,770,0.8,0.2545454545454545,0
2026-09-24T18:47:34Z,emailservice,0.0,155,0.8,0.0,0
2026-09-24T18:47:34Z,adservice,78.0,1150,0.8,0.06782608695652174,0
2026-09-24T18:47:34Z,redis-cart,23.0,540,0.8,0.04259259259259259,0
2026-09-24T18:47:35Z,frontend,272.75,1150,0.8,0.23717391304347826,0
2026-09-24T18:47:35Z,cartservice,218.0,1920,0.95,0.11354166666666667,0
2026-09-24T18:47:35Z,checkoutservice,624.0,615,0.8,1.0146341463414634,1
2026-09-24T18:47:35Z,productcatalogservice,512.0,1535,0.95,0.33355048859934855,0
2026-09-24T18:47:35Z,paymentservice,6.0,155,0.8,0.03870967741935484,0
2026-09-24T18:47:35Z,recommendationservice,559.0,1150,0.8,0.4860869565217391,0
2026-09-24T18:47:35Z,shippingservice,88.0,770,0.8,0.11428571428571428,0
2026-09-24T18:47:35Z,currencyservice,228.0,770,0.8,0.2961038961038961,0
2026-09-24T18:47:35Z,emailservice,23.0,155,0.8,0.14838709677419354,0
2026-09-24T18:47:35Z,adservice,78.0,1150,0.8,0.06782608695652174,0
2026-09-24T18:47:35Z,redis-cart,17.0,540,0.8,0.03148148148148148,0
2026-09-24T18:47:36Z,frontend,282.25,1150,0.8,0.24543478260869564,0
2026-09-24T18:47:36Z,cartservice,196.0,1920,0.95,0.10208333333333333,0
2026-09-24T18:47:36Z,checkoutservice,617.0,615,0.8,1.0032520325203251,1
2026-09-24T18:47:36Z,productcatalogservice,512.0,1535,0.95,0.33355048859934855,0
2026-09-24T18:47:36Z,paymentservice,0.0,155,0.8,0.0,0
2026-09-24T18:47:36Z,recommendationservice,545.0,1150,0.8,0.47391304347826085,0
2026-09-24T18:47:36Z,shippingservice,88.0,770,0.8,0.11428571428571428,0
2026-09-24T18:47:36Z,currencyservice,182.0,770,0.8,0.23636363636363636,0
2026-09-24T18:47:36Z,emailservice,23.0,155,0.8,0.14838709677419354,0
2026-09-24T18:47:36Z,adservice,87.0,1150,0.8,0.07565217391304348,0
2026-09-24T18:47:36Z,redis-cart,15.0,540,0.8,0.027777777777777776,0
2026-09-24T18:47:37Z,frontend,269.0,1150,0.8,0.23391304347826086,0
2026-09-24T18:47:37Z,cartservice,196.0,1920,0.95,0.10208333333333333,0
2026-09-24T18:47:37Z,checkoutservice,598.0,615,0.8,0.9723577235772358,1
2026-09-24T18:47:37Z,productcatalogservice,420.0,1535,0.95,0.2736156351791531,0
2026-09-24T18:47:37Z,paymentservice,0.0,155,0.8,0.0,0
2026-09-24T18:47:37Z,recommendationservice,675.0,1150,0.8,0.5869565217391305,0
2026-09-24T18:47:37Z,shippingservice,84.0,770,0.8,0.10909090909090909,0
2026-09-24T18:47:37Z,currencyservice,182.0,770,0.8,0.23636363636363636,0
2026-09-24T18:47:37Z,emailservice,0.0,155,0.8,0.0,0
2026-09-24T18:47:37Z,adservice,122.0,1150,0.8,0.10608695652173913,0
2026-09-24T18:47:37Z,redis-cart,15.0,540,0.8,0.027777777777777776,0
2026-09-24T18:47:38Z,frontend,262.25,1150,0.8,0.22804347826086957,0
2026-09-24T18:47:38Z,cartservice,227.0,1920,0.95,0.11822916666666666,0
2026-09-24T18:47:38Z,checkoutservice,598.0,615,0.8,0.9723577235772358,1
2026-09-24T18:47:38Z,productcatalogservice,485.0,1535,0.95,0.31596091205211724,0
2026-09-24T18:47:38Z,paymentservice,0.0,155,0.8,0.0,0
2026-09-24T18:47:38Z,recommendationservice,706.0,1150,0.8,0.6139130434782609,0
2026-09-24T18:47:38Z,shippingservice,84.0,770,0.8,0.10909090909090909,0
2026-09-24T18:47:38Z,currencyservice,235.0,770,0.8,0.3051948051948052,0
2026-09-24T18:47:38Z,emailservice,0.0,155,0.8,0.0,0
2026-09-24T18:47:38Z,adservice,122.0,1150,0.8,0.10608695652173913,0
2026-09-24T18:47:38Z,redis-cart,17.0,540,0.8,0.03148148148148148,0
2026-09-24T18:47:39Z,frontend,276.75,1150,0.8,0.24065217391304347,0
2026-09-24T18:47:39Z,cartservice,204.0,1920,0.95,0.10625,0
2026-09-24T18:47:39Z,checkoutservice,616.0,615,0.8,1.0016260162601627,1
2026-09-24T18:47:39Z,productcatalogservice,485.0,1535,0.95,0.31596091205211724,0
2026-09-24T18:47:39Z,paymentservice,16.0,155,0.8,0.1032258064516129,0
2026-09-24T18:47:39Z,recommendationservice,706.0,1150,0.8,0.6139130434782609,0
2026-09-24T18:47:39Z,shippingservice,94.0,770,0.8,0.12207792207792208,0
2026-09-24T18:47:39Z,currencyservice,183.0,770,0.8,0.23766233766233766,0
2026-09-24T18:47:39Z,emailservice,0.0,155,0.8,0.0,0
2026-09-24T18:47:39Z,adservice,81.0,1150,0.8,0.07043478260869565,0
2026-09-24T18:47:39Z,redis-cart,18.0,540,0.8,0.03333333333333333,0
2026-09-24T18:47:40Z,frontend,286.0,1150,0.8,0.24869565217391304,0
2026-09-24T18:47:40Z,cartservice,204.0,1920,0.95,0.10625,0
2026-09-24T18:47:40Z,checkoutservice,616.0,615,0.8,1.0016260162601627,1
2026-09-24T18:47:40Z,productcatalogservice,469.0,1535,0.95,0.3055374592833876,0
2026-09-24T18:47:40Z,paymentservice,16.0,155,0.8,0.1032258064516129,0
2026-09-24T18:47:40Z,recommendationservice,580.0,1150,0.8,0.5043478260869565,0
2026-09-24T18:47:40Z,shippingservice,102.0,770,0.8,0.13246753246753246,0
2026-09-24T18:47:40Z,currencyservice,183.0,770,0.8,0.23766233766233766,0
2026-09-24T18:47:40Z,emailservice,0.0,155,0.8,0.0,0
2026-09-24T18:47:40Z,adservice,95.0,1150,0.8,0.08260869565217391,0
2026-09-24T18:47:40Z,redis-cart,18.0,540,0.8,0.03333333333333333,0
2026-09-24T18:47:41Z,frontend,260.0,1150,0.8,0.22608695652173913,0
2026-09-24T18:47:41Z,cartservice,232.0,1920,0.95,0.12083333333333333,0
2026-09-24T18:47:41Z,checkoutservice,619.0,615,0.8,1.0065040650406505,1
2026-09-24T18:47:41Z,productcatalogservice,424.0,1535,0.95,0.2762214983713355,0
2026-09-24T18:47:41Z,paymentservice,0.0,155,0.8,0.0,0
2026-09-24T18:47:41Z,recommendationservice,595.0,1150,0.8,0.5173913043478261,0
2026-09-24T18:47:41Z,shippingservice,102.0,770,0.8,0.13246753246753246,0
2026-09-24T18:47:41Z,currencyservice,224.0,770,0.8,0.2909090909090909,0
2026-09-24T18:47:41Z,emailservice,20.0,155,0.8,0.12903225806451613,0
2026-09-24T18:47:41Z,adservice,95.0,1150,0.8,0.08260869565217391,0
2026-09-24T18:47:41Z,redis-cart,18.0,540,0.8,0.03333333333333333,0
2026-09-24T18:47:42Z,frontend,282.5,1150,0.8,0.24565217391304348,0
2026-09-24T18:47:42Z,cartservice,197.0,1920,0.95,0.10260416666666666,0
2026-09-24T18:47:42Z,checkoutservice,615.0,615,0.8,1.0,1
2026-09-24T18:47:42Z,productcatalogservice,424.0,1535,0.95,0.2762214983713355,0
2026-09-24T18:47:42Z,paymentservice,0.0,155,0.8,0.0,0
2026-09-24T18:47:42Z,recommendationservice,725.0,1150,0.8,0.6304347826086957,0
2026-09-24T18:47:42Z,shippingservice,93.0,770,0.8,0.12077922077922078,0
2026-09-24T18:47:42Z,currencyservice,243.0,770,0.8,0.3155844155844156,0
2026-09-24T18:47:42Z,emailservice,0.0,155,0.8,0.0,0
2026-09-24T18:47:42Z,adservice,72.0,1150,0.8,0.06260869565217392,0
2026-09-24T18:47:42Z,redis-cart,18.0,540,0.8,0.03333333333333333,0
2026-09-24T18:47:43Z,frontend,278.5,1150,0.8,0.24217391304347827,0
2026-09-24T18:47:43Z,cartservice,202.0,1920,0.95,0.10520833333333333,0
2026-09-24T18:47:43Z,checkoutservice,615.0,615,0.8,1.0,1
2026-09-24T18:47:43Z,productcatalogservice,489.0,1535,0.95,0.31856677524429966,0
2026-09-24T18:47:43Z,paymentservice,0.0,155,0.8,0.0,0
2026-09-24T18:47:43Z,recommendationservice,725.0,1150,0.8,0.6304347826086957,0
2026-09-24T18:47:43Z,shippingservice,93.0,770,0.8,0.12077922077922078,0
2026-09-24T18:47:43Z,currencyservice,243.0,770,0.8,0.3155844155844156,0
2026-09-24T18:47:43Z,emailservice,0.0,155,0.8,0.0,0
2026-09-24T18:47:43Z,adservice,72.0,1150,0.8,0.06260869565217392,0
2026-09-24T18:47:43Z,redis-cart,17.0,540,0.8,0.03148148148148148,0
2026-09-24T18:47:44Z,frontend,281.75,1150,0.8,0.245,0
2026-09-24T18:47:44Z,cartservice,202.0,1920,0.95,0.10520833333333333,0
2026-09-24T18:47:44Z,checkoutservice,598.0,615,0.8,0.9723577235772358,1
2026-09-24T18:47:44Z,productcatalogservice,445.0,1535,0.95,0.2899022801302932,0
2026-09-24T18:47:44Z,paymentservice,0.0,155,0.8,0.0,0
2026-09-24T18:47:44Z,recommendationservice,674.0,1150,0.8,0.5860869565217391,0
2026-09-24T18:47:44Z,shippingservice,85.0,770,0.8,0.11038961038961038,0
2026-09-24T18:47:44Z,currencyservice,186.0,770,0.8,0.24155844155844156,0
2026-09-24T18:47:44Z,emailservice,0.0,155,0.8,0.0,0
2026-09-24T18:47:44Z,adservice,90.0,1150,0.8,0.0782608695652174,0
2026-09-24T18:47:44Z,redis-cart,17.0,540,0.8,0.03148148148148148,0
2026-09-24T18:47:45Z,frontend,299.0,1150,0.8,0.26,0
2026-09-24T18:47:45Z,cartservice,224.0,1920,0.95,0.11666666666666667,0
2026-09-24T18:47:45Z,checkoutservice,597.0,615,0.8,0.9707317073170731,1
2026-09-24T18:47:45Z,productcatalogservice,499.0,1535,0.95,0.3250814332247557,0
2026-09-24T18:47:45Z,paymentservice,0.0,155,0.8,0.0,0
2026-09-24T18:47:45Z,recommendationservice,674.0,1150,0.8,0.5860869565217391,0
2026-09-24T18:47:45Z,shippingservice,108.0,770,0.8,0.14025974025974025,0
2026-09-24T18:47:45Z,currencyservice,186.0,770,0.8,0.24155844155844156,0
2026-09-24T18:47:45Z,emailservice,21.0,155,0.8,0.13548387096774195,0
2026-09-24T18:47:45Z,adservice,81.0,1150,0.8,0.07043478260869565,0
2026-09-24T18:47:45Z,redis-cart,18.0,540,0.8,0.03333333333333333,0
2026-09-24T18:47:46Z,frontend,290.25,1150,0.8,0.2523913043478261,0
2026-09-24T18:47:46Z,cartservice,224.0,1920,0.95,0.11666666666666667,0
2026-09-24T18:47:46Z,checkoutservice,597.0,615,0.8,0.9707317073170731,1
2026-09-24T18:47:46Z,productcatalogservice,499.0,1535,0.95,0.3250814332247557,0
2026-09-24T18:47:46Z,paymentservice,0.0,155,0.8,0.0,0
2026-09-24T18:47:46Z,recommendationservice,556.0,1150,0.8,0.4834782608695652,0
2026-09-24T18:47:46Z,shippingservice,108.0,770,0.8,0.14025974025974025,0
2026-09-24T18:47:46Z,currencyservice,198.0,770,0.8,0.2571428571428571,0
2026-09-24T18:47:46Z,emailservice,21.0,155,0.8,0.13548387096774195,0
2026-09-24T18:47:46Z,adservice,81.0,1150,0.8,0.07043478260869565,0
2026-09-24T18:47:46Z,redis-cart,21.0,540,0.8,0.03888888888888889,0
2026-09-24T18:47:47Z,frontend,264.5,1150,0.8,0.23,0
2026-09-24T18:47:47Z,cartservice,163.0,1920,0.95,0.08489583333333334,0
2026-09-24T18:47:47Z,checkoutservice,620.0,615,0.8,1.008130081300813,1
2026-09-24T18:47:47Z,productcatalogservice,439.0,1535,0.95,0.28599348534201957,0
2026-09-24T18:47:47Z,paymentservice,0.0,155,0.8,0.0,0
2026-09-24T18:47:47Z,recommendationservice,556.0,1150,0.8,0.4834782608695652,0
2026-09-24T18:47:47Z,shippingservice,87.0,770,0.8,0.11298701298701298,0
2026-09-24T18:47:47Z,currencyservice,214.0,770,0.8,0.2779220779220779,0
2026-09-24T18:47:47Z,emailservice,0.0,155,0.8,0.0,0
2026-09-24T18:47:47Z,adservice,96.0,1150,0.8,0.08347826086956522,0
2026-09-24T18:47:47Z,redis-cart,22.0,540,0.8,0.040740740740740744,0
2026-09-24T18:47:48Z,frontend,273.25,1150,0.8,0.2376086956521739,0
2026-09-24T18:47:48Z,cartservice,235.0,1920,0.95,0.12239583333333333,0
2026-09-24T18:47:48Z,checkoutservice,620.0,615,0.8,1.008130081300813,1
2026-09-24T18:47:48Z,productcatalogservice,474.0,1535,0.95,0.3087947882736156,0
2026-09-24T18:47:48Z,paymentservice,17.0,155,0.8,0.10967741935483871,0
2026-09-24T18:47:48Z,recommendationservice,615.0,1150,0.8,0.5347826086956522,0
2026-09-24T18:47:48Z,shippingservice,88.0,770,0.8,0.11428571428571428,0
2026-09-24T18:47:48Z,currencyservice,214.0,770,0.8,0.2779220779220779,0
2026-09-24T18:47:48Z,emailservice,0.0,155,0.8,0.0,0
2026-09-24T18:47:48Z,adservice,86.0,1150,0.8,0.07478260869565218,0
2026-09-24T18:47:48Z,redis-cart,16.0,540,0.8,0.02962962962962963,0
2026-09-24T18:47:49Z,frontend,272.0,1150,0.8,0.23652173913043478,0
2026-09-24T18:47:49Z,cartservice,198.0,1920,0.95,0.103125,0
2026-09-24T18:47:49Z,checkoutservice,610.0,615,0.8,0.991869918699187,1
2026-09-24T18:47:49Z,productcatalogservice,474.0,1535,0.95,0.3087947882736156,0
2026-09-24T18:47:49Z,paymentservice,17.0,155,0.8,0.10967741935483871,0
2026-09-24T18:47:49Z,recommendationservice,610.0,1150,0.8,0.5304347826086957,0
2026-09-24T18:47:49Z,shippingservice,105.0,770,0.8,0.13636363636363635,0
2026-09-24T18:47:49Z,currencyservice,209.0,770,0.8,0.2714285714285714,0
2026-09-24T18:47:49Z,emailservice,0.0,155,0.8,0.0,0
2026-09-24T18:47:49Z,adservice,86.0,1150,0.8,0.07478260869565218,0
2026-09-24T18:47:49Z,redis-cart,19.0,540,0.8,0.03518518518518519,0
2026-09-24T18:47:50Z,frontend,270.25,1150,0.8,0.235,0
2026-09-24T18:47:50Z,cartservice,198.0,1920,0.95,0.103125,0
2026-09-24T18:47:50Z,checkoutservice,618.0,615,0.8,1.0048780487804878,1
2026-09-24T18:47:50Z,productcatalogservice,446.0,1535,0.95,0.29055374592833877,0
2026-09-24T18:47:50Z,paymentservice,0.0,155,0.8,0.0,0
2026-09-24T18:47:50Z,recommendationservice,610.0,1150,0.8,0.5304347826086957,0
2026-09-24T18:47:50Z,shippingservice,105.0,770,0.8,0.13636363636363635,0
2026-09-24T18:47:50Z,currencyservice,209.0,770,0.8,0.2714285714285714,0
2026-09-24T18:47:50Z,emailservice,19.0,155,0.8,0.12258064516129032,0
2026-09-24T18:47:50Z,adservice,97.0,1150,0.8,0.08434782608695653,0
2026-09-24T18:47:50Z,redis-cart,19.0,540,0.8,0.03518518518518519,0
2026-09-24T18:47:51Z,frontend,259.75,1150,0.8,0.2258695652173913,0
2026-09-24T18:47:51Z,cartservice,152.0,1920,0.95,0.07916666666666666,0
2026-09-24T18:47:51Z,checkoutservice,618.0,615,0.8,1.0048780487804878,1
2026-09-24T18:47:51Z,productcatalogservice,447.0,1535,0.95,0.29120521172638436,0
2026-09-24T18:47:51Z,paymentservice,0.0,155,0.8,0.0,0
2026-09-24T18:47:51Z,recommendationservice,610.0,1150,0.8,0.5304347826086957,0
2026-09-24T18:47:51Z,shippingservice,95.0,770,0.8,0.12337662337662338,0
2026-09-24T18:47:51Z,currencyservice,148.0,770,0.8,0.19220779220779222,0
2026-09-24T18:47:51Z,emailservice,0.0,155,0.8,0.0,0
2026-09-24T18:47:51Z,adservice,82.0,1150,0.8,0.07130434782608695,0
2026-09-24T18:47:51Z,redis-cart,20.0,540,0.8,0.037037037037037035,0
2026-09-24T18:47:52Z,frontend,272.0,1150,0.8,0.23652173913043478,0
2026-09-24T18:47:52Z,cartservice,242.0,1920,0.95,0.12604166666666666,0
2026-09-24T18:47:52Z,checkoutservice,613.0,615,0.8,0.9967479674796748,1
2026-09-24T18:47:52Z,productcatalogservice,447.0,1535,0.95,0.29120521172638436,0
2026-09-24T18:47:52Z,paymentservice,0.0,155,0.8,0.0,0
2026-09-24T18:47:52Z,recommendationservice,513.0,1150,0.8,0.44608695652173913,0
2026-09-24T18:47:52Z,shippingservice,99.0,770,0.8,0.12857142857142856,0
2026-09-24T18:47:52Z,currencyservice,278.0,770,0.8,0.36103896103896105,0
2026-09-24T18:47:52Z,emailservice,0.0,155,0.8,0.0,0
2026-09-24T18:47:52Z,adservice,99.0,1150,0.8,0.08608695652173913,0
2026-09-24T18:47:52Z,redis-cart,16.0,540,0.8,0.02962962962962963,0
2026-09-24T18:47:53Z,frontend,293.25,1150,0.8,0.255,0
2026-09-24T18:47:53Z,cartservice,242.0,1920,0.95,0.12604166666666666,0
2026-09-24T18:47:53Z,checkoutservice,613.0,615,0.8,0.9967479674796748,1
2026-09-24T18:47:53Z,productcatalogservice,467.0,1535,0.95,0.3042345276872964,0
2026-09-24T18:47:53Z,paymentservice,0.0,155,0.8,0.0,0
2026-09-24T18:47:53Z,recommendationservice,611.0,1150,0.8,0.5313043478260869,0
2026-09-24T18:47:53Z,shippingservice,99.0,770,0.8,0.12857142857142856,0
2026-09-24T18:47:53Z,currencyservice,278.0,770,0.8,0.36103896103896105,0
2026-09-24T18:47:53Z,emailservice,0.0,155,0.8,0.0,0
2026-09-24T18:47:53Z,adservice,99.0,1150,0.8,0.08608695652173913,0
2026-09-24T18:47:53Z,redis-cart,16.0,540,0.8,0.02962962962962963,0
2026-09-24T18:47:54Z,frontend,259.0,1150,0.8,0.2252173913043478,0
2026-09-24T18:47:54Z,cartservice,147.0,1920,0.95,0.0765625,0
2026-09-24T18:47:54Z,checkoutservice,593.0,615,0.8,0.9642276422764228,1
2026-09-24T18:47:54Z,productcatalogservice,467.0,1535,0.95,0.3042345276872964,0
2026-09-24T18:47:54Z,paymentservice,0.0,155,0.8,0.0,0
2026-09-24T18:47:54Z,recommendationservice,611.0,1150,0.8,0.5313043478260869,0
2026-09-24T18:47:54Z,shippingservice,92.0,770,0.8,0.11948051948051948,0
2026-09-24T18:47:54Z,currencyservice,174.0,770,0.8,0.22597402597402597,0
2026-09-24T18:47:54Z,emailservice,0.0,155,0.8,0.0,0
2026-09-24T18:47:54Z,adservice,89.0,1150,0.8,0.07739130434782608,0
2026-09-24T18:47:54Z,redis-cart,21.0,540,0.8,0.03888888888888889,0
2026-09-24T18:47:55Z,frontend,257.75,1150,0.8,0.2241304347826087,0
2026-09-24T18:47:55Z,cartservice,196.0,1920,0.95,0.10208333333333333,0
2026-09-24T18:47:55Z,checkoutservice,593.0,615,0.8,0.9642276422764228,1
2026-09-24T18:47:55Z,productcatalogservice,456.0,1535,0.95,0.2970684039087948,0
2026-09-24T18:47:55Z,paymentservice,0.0,155,0.8,0.0,0
2026-09-24T18:47:55Z,recommendationservice,633.0,1150,0.8,0.5504347826086956,0
2026-09-24T18:47:55Z,shippingservice,92.0,770,0.8,0.11948051948051948,0
2026-09-24T18:47:55Z,currencyservice,271.0,770,0.8,0.35194805194805195,0
2026-09-24T18:47:55Z,emailservice,0.0,155,0.8,0.0,0
2026-09-24T18:47:55Z,adservice,89.0,1150,0.8,0.07739130434782608,0
2026-09-24T18:47:55Z,redis-cart,21.0,540,0.8,0.03888888888888889,0
2026-09-24T18:47:56Z,frontend,263.0,1150,0.8,0.22869565217391305,0
2026-09-24T18:47:56Z,cartservice,196.0,1920,0.95,0.10208333333333333,0
2026-09-24T18:47:56Z,checkoutservice,631.0,615,0.8,1.0260162601626017,1
2026-09-24T18:47:56Z,productcatalogservice,456.0,1535,0.95,0.2970684039087948,0
2026-09-24T18:47:56Z,paymentservice,0.0,155,0.8,0.0,0
2026-09-24T18:47:56Z,recommendationservice,625.0,1150,0.8,0.5434782608695652,0
2026-09-24T18:47:56Z,shippingservice,89.0,770,0.8,0.11558441558441558,0
2026-09-24T18:47:56Z,currencyservice,271.0,770,0.8,0.35194805194805195,0
2026-09-24T18:47:56Z,emailservice,18.0,155,0.8,0.11612903225806452,0
2026-09-24T18:47:56Z,adservice,86.0,1150,0.8,0.07478260869565218,0
2026-09-24T18:47:56Z,redis-cart,16.0,540,0.8,0.02962962962962963,0
2026-09-24T18:47:57Z,frontend,270.0,1150,0.8,0.23478260869565218,0
2026-09-24T18:47:57Z,cartservice,148.0,1920,0.95,0.07708333333333334,0
2026-09-24T18:47:57Z,checkoutservice,582.0,615,0.8,0.9463414634146341,1
2026-09-24T18:47:57Z,productcatalogservice,413.0,1535,0.95,0.26905537459283385,0
2026-09-24T18:47:57Z,paymentservice,0.0,155,0.8,0.0,0
2026-09-24T18:47:57Z,recommendationservice,625.0,1150,0.8,0.5434782608695652,0
2026-09-24T18:47:57Z,shippingservice,87.0,770,0.8,0.11298701298701298,0
2026-09-24T18:47:57Z,currencyservice,163.0,770,0.8,0.21168831168831168,0
2026-09-24T18:47:57Z,emailservice,0.0,155,0.8,0.0,0
2026-09-24T18:47:57Z,adservice,70.0,1150,0.8,0.06086956521739131,0
2026-09-24T18:47:57Z,redis-cart,20.0,540,0.8,0.037037037037037035,0
2026-09-24T18:47:58Z,frontend,250.25,1150,0.8,0.21760869565217392,0
2026-09-24T18:47:58Z,cartservice,196.0,1920,0.95,0.10208333333333333,0
2026-09-24T18:47:58Z,checkoutservice,582.0,615,0.8,0.9463414634146341,1
2026-09-24T18:47:58Z,productcatalogservice,413.0,1535,0.95,0.26905537459283385,0
2026-09-24T18:47:58Z,paymentservice,16.0,155,0.8,0.1032258064516129,0
2026-09-24T18:47:58Z,recommendationservice,517.0,1150,0.8,0.44956521739130434,0
2026-09-24T18:47:58Z,shippingservice,93.0,770,0.8,0.12077922077922078,0
2026-09-24T18:47:58Z,currencyservice,163.0,770,0.8,0.21168831168831168,0
2026-09-24T18:47:58Z,emailservice,0.0,155,0.8,0.0,0
2026-09-24T18:47:58Z,adservice,70.0,1150,0.8,0.06086956521739131,0
2026-09-24T18:47:58Z,redis-cart,16.0,540,0.8,0.02962962962962963,0
2026-09-24T18:47:59Z,frontend,244.75,1150,0.8,0.21282608695652175,0
2026-09-24T18:47:59Z,cartservice,162.0,1920,0.95,0.084375,0
2026-09-24T18:47:59Z,checkoutservice,598.0,615,0.8,0.9723577235772358,1
2026-09-24T18:47:59Z,productcatalogservice,474.0,1535,0.95,0.3087947882736156,0
2026-09-24T18:47:59Z,paymentservice,0.0,155,0.8,0.0,0
2026-09-24T18:47:59Z,recommendationservice,648.0,1150,0.8,0.5634782608695652,0
2026-09-24T18:47:59Z,shippingservice,93.0,770,0.8,0.12077922077922078,0
2026-09-24T18:47:59Z,currencyservice,185.0,770,0.8,0.24025974025974026,0
2026-09-24T18:47:59Z,emailservice,0.0,155,0.8,0.0,0
2026-09-24T18:47:59Z,adservice,92.0,1150,0.8,0.08,0
2026-09-24T18:47:59Z,redis-cart,16.0,540,0.8,0.02962962962962963,0
2026-09-24T18:48:00Z,frontend,259.5,1150,0.8,0.22565217391304349,0
2026-09-24T18:48:00Z,cartservice,162.0,1920,0.95,0.084375,0
2026-09-24T18:48:00Z,checkoutservice,617.0,615,0.8,1.0032520325203251,1
2026-09-24T18:48:00Z,productcatalogservice,433.0,1535,0.95,0.2820846905537459,0
2026-09-24T18:48:00Z,paymentservice,0.0,155,0.8,0.0,0
2026-09-24T18:48:00Z,recommendationservice,648.0,1150,0.8,0.5634782608695652,0
2026-09-24T18:48:00Z,shippingservice,89.0,770,0.8,0.11558441558441558,0
2026-09-24T18:48:00Z,currencyservice,266.0,770,0.8,0.34545454545454546,0
2026-09-24T18:48:00Z,emailservice,36.0,155,0.8,0.23225806451612904,0
2026-09-24T18:48:00Z,adservice,97.0,1150,0.8,0.08434782608695653,0
2026-09-24T18:48:00Z,redis-cart,19.0,540,0.8,0.03518518518518519,0
2026-09-24T18:48:01Z,frontend,265.25,1150,0.8,0.2306521739130435,0
2026-09-24T18:48:01Z,cartservice,238.0,1920,0.95,0.12395833333333334,0
2026-09-24T18:48:01Z,checkoutservice,606.0,615,0.8,0.9853658536585366,1
2026-09-24T18:48:01Z,productcatalogservice,433.0,1535,0.95,0.2820846905537459,0
2026-09-24T18:48:01Z,paymentservice,0.0,155,0.8,0.0,0
2026-09-24T18:48:01Z,recommendationservice,496.0,1150,0.8,0.43130434782608695,0
2026-09-24T18:48:01Z,shippingservice,107.0,770,0.8,0.13896103896103895,0
2026-09-24T18:48:01Z,currencyservice,266.0,770,0.8,0.34545454545454546,0
2026-09-24T18:48:01Z,emailservice,0.0,155,0.8,0.0,0
2026-09-24T18:48:01Z,adservice,97.0,1150,0.8,0.08434782608695653,0
2026-09-24T18:48:01Z,redis-cart,16.0,540,0.8,0.02962962962962963,0
2026-09-24T18:48:02Z,frontend,278.25,1150,0.8,0.24195652173913043,0
2026-09-24T18:48:02Z,cartservice,238.0,1920,0.95,0.12395833333333334,0
2026-09-24T18:48:02Z,checkoutservice,606.0,615,0.8,0.9853658536585366,1
2026-09-24T18:48:02Z,productcatalogservice,493.0,1535,0.95,0.3211726384364821,0
2026-09-24T18:48:02Z,paymentservice,0.0,155,0.8,0.0,0
2026-09-24T18:48:02Z,recommendationservice,668.0,1150,0.8,0.5808695652173913,0
2026-09-24T18:48:02Z,shippingservice,107.0,770,0.8,0.13896103896103895,0
2026-09-24T18:48:02Z,currencyservice,189.0,770,0.8,0.24545454545454545,0
2026-09-24T18:48:02Z,emailservice,0.0,155,0.8,0.0,0
2026-09-24T18:48:02Z,adservice,67.0,1150,0.8,0.058260869565217394,0
2026-09-24T18:48:02Z,redis-cart,16.0,540,0.8,0.02962962962962963,0
2026-09-24T18:48:03Z,frontend,262.5,1150,0.8,0.22826086956521738,0
2026-09-24T18:48:03Z,cartservice,186.0,1920,0.95,0.096875,0
2026-09-24T18:48:03Z,checkoutservice,627.0,615,0.8,1.0195121951219512,1
2026-09-24T18:48:03Z,productcatalogservice,428.0,1535,0.95,0.2788273615635179,0
2026-09-24T18:48:03Z,paymentservice,0.0,155,0.8,0.0,0
2026-09-24T18:48:03Z,recommendationservice,668.0,1150,0.8,0.5808695652173913,0
2026-09-24T18:48:03Z,shippingservice,77.0,770,0.8,0.1,0
2026-09-24T18:48:03Z,currencyservice,210.0,770,0.8,0.2727272727272727,0
2026-09-24T18:48:03Z,emailservice,0.0,155,0.8,0.0,0
2026-09-24T18:48:03Z,adservice,67.0,1150,0.8,0.058260869565217394,0
2026-09-24T18:48:03Z,redis-cart,14.0,540,0.8,0.025925925925925925,0
2026-09-24T18:48:04Z,frontend,272.25,1150,0.8,0.23673913043478262,0
2026-09-24T18:48:04Z,cartservice,186.0,1920,0.95,0.096875,0
2026-09-24T18:48:04Z,checkoutservice,611.0,615,0.8,0.9934959349593496,1
2026-09-24T18:48:04Z,productcatalogservice,447.0,1535,0.95,0.29120521172638436,0
2026-09-24T18:48:04Z,paymentservice,0.0,155,0.8,0.0,0
2026-09-24T18:48:04Z,recommendationservice,601.0,1150,0.8,0.5226086956521739,0
2026-09-24T18:48:04Z,shippingservice,87.0,770,0.8,0.11298701298701298,0
2026-09-24T18:48:04Z,currencyservice,210.0,770,0.8,0.2727272727272727,0
2026-09-24T18:48:04Z,emailservice,0.0,155,0.8,0.0,0
2026-09-24T18:48:04Z,adservice,94.0,1150,0.8,0.0817391304347826,0
2026-09-24T18:48:04Z,redis-cart,20.0,540,0.8,0.037037037037037035,0
2026-09-24T18:48:05Z,frontend,261.0,1150,0.8,0.22695652173913045,0
2026-09-24T18:48:05Z,cartservice,165.0,1920,0.95,0.0859375,0
2026-09-24T18:48:05Z,checkoutservice,582.0,615,0.8,0.9463414634146341,1
2026-09-24T18:48:05Z,productcatalogservice,447.0,1535,0.95,0.29120521172638436,0
2026-09-24T18:48:05Z,paymentservice,0.0,155,0.8,0.0,0
2026-09-24T18:48:05Z,recommendationservice,601.0,1150,0.8,0.5226086956521739,0
2026-09-24T18:48:05Z,shippingservice,87.0,770,0.8,0.11298701298701298,0
2026-09-24T18:48:05Z,currencyservice,159.0,770,0.8,0.2064935064935065,0
2026-09-24T18:48:05Z,emailservice,0.0,155,0.8,0.0,0
2026-09-24T18:48:05Z,adservice,84.0,1150,0.8,0.07304347826086957,0
2026-09-24T18:48:05Z,redis-cart,20.0,540,0.8,0.037037037037037035,0
2026-09-24T18:48:06Z,frontend,258.0,1150,0.8,0.22434782608695653,0
2026-09-24T18:48:06Z,cartservice,207.0,1920,0.95,0.1078125,0
2026-09-24T18:48:06Z,checkoutservice,642.0,615,0.8,1.0439024390243903,1
2026-09-24T18:48:06Z,productcatalogservice,441.0,1535,0.95,0.28729641693811075,0
2026-09-24T18:48:06Z,paymentservice,0.0,155,0.8,0.0,0
2026-09-24T18:48:06Z,recommendationservice,494.0,1150,0.8,0.4295652173913043,0
2026-09-24T18:48:06Z,shippingservice,93.0,770,0.8,0.12077922077922078,0
2026-09-24T18:48:06Z,currencyservice,262.0,770,0.8,0.34025974025974026,0
2026-09-24T18:48:06Z,emailservice,19.0,155,0.8,0.12258064516129032,0
2026-09-24T18:48:06Z,adservice,84.0,1150,0.8,0.07304347826086957,0
2026-09-24T18:48:06Z,redis-cart,18.0,540,0.8,0.03333333333333333,0
2026-09-24T18:48:07Z,frontend,257.25,1150,0.8,0.22369565217391305,0
2026-09-24T18:48:07Z,cartservice,207.0,1920,0.95,0.1078125,0
2026-09-24T18:48:07Z,checkoutservice,642.0,615,0.8,1.0439024390243903,1
2026-09-24T18:48:07Z,productcatalogservice,467.0,1535,0.95,0.3042345276872964,0
2026-09-24T18:48:07Z,paymentservice,0.0,155,0.8,0.0,0
2026-09-24T18:48:07Z,recommendationservice,608.0,1150,0.8,0.528695652173913,0
2026-09-24T18:48:07Z,shippingservice,98.0,770,0.8,0.12727272727272726,0
2026-09-24T18:48:07Z,currencyservice,222.0,770,0.8,0.2883116883116883,0
2026-09-24T18:48:07Z,emailservice,19.0,155,0.8,0.12258064516129032,0
2026-09-24T18:48:07Z,adservice,95.0,1150,0.8,0.08260869565217391,0
2026-09-24T18:48:07Z,redis-cart,18.0,540,0.8,0.03333333333333333,0
2026-09-24T18:48:08Z,frontend,251.5,1150,0.8,0.21869565217391304,0
2026-09-24T18:48:08Z,cartservice,168.0,1920,0.95,0.0875,0
2026-09-24T18:48:08Z,checkoutservice,606.0,615,0.8,0.9853658536585366,1
2026-09-24T18:48:08Z,productcatalogservice,453.0,1535,0.95,0.29511400651465797,0
2026-09-24T18:48:08Z,paymentservice,26.0,155,0.8,0.16774193548387098,0
2026-09-24T18:48:08Z,recommendationservice,676.0,1150,0.8,0.5878260869565217,0
2026-09-24T18:48:08Z,shippingservice,98.0,770,0.8,0.12727272727272726,0
2026-09-24T18:48:08Z,currencyservice,213.0,770,0.8,0.2766233766233766,0
2026-09-24T18:48:08Z,emailservice,0.0,155,0.8,0.0,0
2026-09-24T18:48:08Z,adservice,95.0,1150,0.8,0.08260869565217391,0
2026-09-24T18:48:08Z,redis-cart,18.0,540,0.8,0.03333333333333333,0
2026-09-24T18:48:09Z,frontend,273.25,1150,0.8,0.2376086956521739,0
2026-09-24T18:48:09Z,cartservice,218.0,1920,0.95,0.11354166666666667,0
2026-09-24T18:48:09Z,checkoutservice,596.0,615,0.8,0.9691056910569106,1
2026-09-24T18:48:09Z,productcatalogservice,453.0,1535,0.95,0.29511400651465797,0
2026-09-24T18:48:09Z,paymentservice,26.0,155,0.8,0.16774193548387098,0
2026-09-24T18:48:09Z,recommendationservice,533.0,1150,0.8,0.46347826086956523,0
2026-09-24T18:48:09Z,shippingservice,72.0,770,0.8,0.09350649350649351,0
2026-09-24T18:48:09Z,currencyservice,213.0,770,0.8,0.2766233766233766,0
2026-09-24T18:48:09Z,emailservice,0.0,155,0.8,0.0,0
2026-09-24T18:48:09Z,adservice,94.0,1150,0.8,0.0817391304347826,0
2026-09-24T18:48:09Z,redis-cart,18.0,540,0.8,0.03333333333333333,0
2026-09-24T18:48:10Z,frontend,257.25,1150,0.8,0.22369565217391305,0
2026-09-24T18:48:10Z,cartservice,149.0,1920,0.95,0.07760416666666667,0
2026-09-24T18:48:10Z,checkoutservice,607.0,615,0.8,0.9869918699186991,1
2026-09-24T18:48:10Z,productcatalogservice,447.0,1535,0.95,0.29120521172638436,0
2026-09-24T18:48:10Z,paymentservice,0.0,155,0.8,0.0,0
2026-09-24T18:48:10Z,recommendationservice,533.0,1150,0.8,0.46347826086956523,0
2026-09-24T18:48:10Z,shippingservice,86.0,770,0.8,0.11168831168831168,0
2026-09-24T18:48:10Z,currencyservice,200.0,770,0.8,0.2597402597402597,0
2026-09-24T18:48:10Z,emailservice,0.0,155,0.8,0.0,0
2026-09-24T18:48:10Z,adservice,70.0,1150,0.8,0.06086956521739131,0
2026-09-24T18:48:10Z,redis-cart,19.0,540,0.8,0.03518518518518519,0
2026-09-24T18:48:11Z,frontend,264.75,1150,0.8,0.23021739130434782,0
2026-09-24T18:48:11Z,cartservice,149.0,1920,0.95,0.07760416666666667,0
2026-09-24T18:48:11Z,checkoutservice,607.0,615,0.8,0.9869918699186991,1
2026-09-24T18:48:11Z,productcatalogservice,463.0,1535,0.95,0.301628664495114,0
2026-09-24T18:48:11Z,paymentservice,0.0,155,0.8,0.0,0
2026-09-24T18:48:11Z,recommendationservice,604.0,1150,0.8,0.5252173913043479,0
2026-09-24T18:48:11Z,shippingservice,86.0,770,0.8,0.11168831168831168,0
2026-09-24T18:48:11Z,currencyservice,200.0,770,0.8,0.2597402597402597,0
2026-09-24T18:48:11Z,emailservice,30.0,155,0.8,0.1935483870967742,0
2026-09-24T18:48:11Z,adservice,100.0,1150,0.8,0.08695652173913043,0
2026-09-24T18:48:11Z,redis-cart,19.0,540,0.8,0.03518518518518519,0
2026-09-24T18:48:12Z,frontend,283.25,1150,0.8,0.24630434782608696,0
2026-09-24T18:48:12Z,cartservice,190.0,1920,0.95,0.09895833333333333,0
2026-09-24T18:48:12Z,checkoutservice,624.0,615,0.8,1.0146341463414634,1
2026-09-24T18:48:12Z,productcatalogservice,525.0,1535,0.95,0.34201954397394135,0
2026-09-24T18:48:12Z,paymentservice,0.0,155,0.8,0.0,0
2026-09-24T18:48:12Z,recommendationservice,604.0,1150,0.8,0.5252173913043479,0
2026-09-24T18:48:12Z,shippingservice,106.0,770,0.8,0.13766233766233765,0
2026-09-24T18:48:12Z,currencyservice,191.0,770,0.8,0.24805194805194805,0
2026-09-24T18:48:12Z,emailservice,30.0,155,0.8,0.1935483870967742,0
2026-09-24T18:48:12Z,adservice,100.0,1150,0.8,0.08695652173913043,0
2026-09-24T18:48:12Z,redis-cart,19.0,540,0.8,0.03518518518518519,0
2026-09-24T18:48:13Z,frontend,282.75,1150,0.8,0.2458695652173913,0
2026-09-24T18:48:13Z,cartservice,190.0,1920,0.95,0.09895833333333333,0
2026-09-24T18:48:13Z,checkoutservice,624.0,615,0.8,1.0146341463414634,1
2026-09-24T18:48:13Z,productcatalogservice,525.0,1535,0.95,0.34201954397394135,0
2026-09-24T18:48:13Z,paymentservice,0.0,155,0.8,0.0,0
2026-09-24T18:48:13Z,recommendationservice,597.0,1150,0.8,0.5191304347826087,0
2026-09-24T18:48:13Z,shippingservice,85.0,770,0.8,0.11038961038961038,0
2026-09-24T18:48:13Z,currencyservice,273.0,770,0.8,0.35454545454545455,0
2026-09-24T18:48:13Z,emailservice,0.0,155,0.8,0.0,0
2026-09-24T18:48:13Z,adservice,82.0,1150,0.8,0.07130434782608695,0
2026-09-24T18:48:13Z,redis-cart,16.0,540,0.8,0.02962962962962963,0
2026-09-24T18:48:14Z,frontend,259.0,1150,0.8,0.2252173913043478,0
2026-09-24T18:48:14Z,cartservice,174.0,1920,0.95,0.090625,0
2026-09-24T18:48:14Z,checkoutservice,588.0,615,0.8,0.9560975609756097,1
2026-09-24T18:48:14Z,productcatalogservice,458.0,1535,0.95,0.298371335504886,0
2026-09-24T18:48:14Z,paymentservice,0.0,155,0.8,0.0,0
2026-09-24T18:48:14Z,recommendationservice,721.0,1150,0.8,0.6269565217391304,0
2026-09-24T18:48:14Z,shippingservice,85.0,770,0.8,0.11038961038961038,0
2026-09-24T18:48:14Z,currencyservice,273.0,770,0.8,0.35454545454545455,0
2026-09-24T18:48:14Z,emailservice,0.0,155,0.8,0.0,0
2026-09-24T18:48:14Z,adservice,71.0,1150,0.8,0.06173913043478261,0
2026-09-24T18:48:14Z,redis-cart,16.0,540,0.8,0.02962962962962963,0
2026-09-24T18:48:15Z,frontend,269.75,1150,0.8,0.23456521739130434,0
2026-09-24T18:48:15Z,cartservice,174.0,1920,0.95,0.090625,0
2026-09-24T18:48:15Z,checkoutservice,604.0,615,0.8,0.9821138211382113,1
2026-09-24T18:48:15Z,productcatalogservice,457.0,1535,0.95,0.2977198697068404,0
2026-09-24T18:48:15Z,paymentservice,0.0,155,0.8,0.0,0
2026-09-24T18:48:15Z,recommendationservice,721.0,1150,0.8,0.6269565217391304,0
2026-09-24T18:48:15Z,shippingservice,83.0,770,0.8,0.10779220779220779,0
2026-09-24T18:48:15Z,currencyservice,146.0,770,0.8,0.18961038961038962,0
2026-09-24T18:48:15Z,emailservice,0.0,155,0.8,0.0,0
2026-09-24T18:48:15Z,adservice,76.0,1150,0.8,0.06608695652173913,0
2026-09-24T18:48:15Z,redis-cart,18.0,540,0.8,0.03333333333333333,0
2026-09-24T18:48:16Z,frontend,273.5,1150,0.8,0.23782608695652174,0
2026-09-24T18:48:16Z,cartservice,178.0,1920,0.95,0.09270833333333334,0
2026-09-24T18:48:16Z,checkoutservice,604.0,615,0.8,0.9821138211382113,1
2026-09-24T18:48:16Z,productcatalogservice,457.0,1535,0.95,0.2977198697068404,0
2026-09-24T18:48:16Z,paymentservice,0.0,155,0.8,0.0,0
2026-09-24T18:48:16Z,recommendationservice,536.0,1150,0.8,0.46608695652173915,0
2026-09-24T18:48:16Z,shippingservice,83.0,770,0.8,0.10779220779220779,0
2026-09-24T18:48:16Z,currencyservice,281.0,770,0.8,0.36493506493506495,0
2026-09-24T18:48:16Z,emailservice,21.0,155,0.8,0.13548387096774195,0
2026-09-24T18:48:16Z,adservice,117.0,1150,0.8,0.10173913043478261,0
2026-09-24T18:48:16Z,redis-cart,18.0,540,0.8,0.03333333333333333,0
2026-09-24T18:48:17Z,frontend,306.0,1150,0.8,0.26608695652173914,0
2026-09-24T18:48:17Z,cartservice,178.0,1920,0.95,0.09270833333333334,0
2026-09-24T18:48:17Z,checkoutservice,623.0,615,0.8,1.0130081300813008,1
2026-09-24T18:48:17Z,productcatalogservice,472.0,1535,0.95,0.30749185667752443,0
2026-09-24T18:48:17Z,paymentservice,0.0,155,0.8,0.0,0
2026-09-24T18:48:17Z,recommendationservice,536.0,1150,0.8,0.46608695652173915,0
2026-09-24T18:48:17Z,shippingservice,105.0,770,0.8,0.13636363636363635,0
2026-09-24T18:48:17Z,currencyservice,281.0,770,0.8,0.36493506493506495,0
2026-09-24T18:48:17Z,emailservice,0.0,155,0.8,0.0,0
2026-09-24T18:48:17Z,adservice,117.0,1150,0.8,0.10173913043478261,0
2026-09-24T18:48:17Z,redis-cart,17.0,540,0.8,0.03148148148148148,0
2026-09-24T18:48:18Z,frontend,296.25,1150,0.8,0.2576086956521739,0
2026-09-24T18:48:18Z,cartservice,177.0,1920,0.95,0.0921875,0
2026-09-24T18:48:18Z,checkoutservice,621.0,615,0.8,1.0097560975609756,1
2026-09-24T18:48:18Z,productcatalogservice,443.0,1535,0.95,0.28859934853420194,0
2026-09-24T18:48:18Z,paymentservice,16.0,155,0.8,0.1032258064516129,0
2026-09-24T18:48:18Z,recommendationservice,629.0,1150,0.8,0.5469565217391305,0
2026-09-24T18:48:18Z,shippingservice,83.0,770,0.8,0.10779220779220779,0
2026-09-24T18:48:18Z,currencyservice,196.0,770,0.8,0.2545454545454545,0
2026-09-24T18:48:18Z,emailservice,0.0,155,0.8,0.0,0
2026-09-24T18:48:18Z,adservice,86.0,1150,0.8,0.07478260869565218,0
2026-09-24T18:48:18Z,redis-cart,17.0,540,0.8,0.03148148148148148,0
2026-09-24T18:48:19Z,frontend,256.25,1150,0.8,0.22282608695652173,0
2026-09-24T18:48:19Z,cartservice,177.0,1920,0.95,0.0921875,0
2026-09-24T18:48:19Z,checkoutservice,621.0,615,0.8,1.0097560975609756,1
2026-09-24T18:48:19Z,productcatalogservice,466.0,1535,0.95,0.3035830618892508,0
2026-09-24T18:48:19Z,paymentservice,16.0,155,0.8,0.1032258064516129,0
2026-09-24T18:48:19Z,recommendationservice,629.0,1150,0.8,0.5469565217391305,0
2026-09-24T18:48:19Z,shippingservice,83.0,770,0.8,0.10779220779220779,0
2026-09-24T18:48:19Z,currencyservice,196.0,770,0.8,0.2545454545454545,0
2026-09-24T18:48:19Z,emailservice,0.0,155,0.8,0.0,0
2026-09-24T18:48:19Z,adservice,86.0,1150,0.8,0.07478260869565218,0
2026-09-24T18:48:19Z,redis-cart,15.0,540,0.8,0.027777777777777776,0
2026-09-24T18:48:20Z,frontend,273.25,1150,0.8,0.2376086956521739,0
2026-09-24T18:48:20Z,cartservice,180.0,1920,0.95,0.09375,0
2026-09-24T18:48:20Z,checkoutservice,604.0,615,0.8,0.9821138211382113,1
2026-09-24T18:48:20Z,productcatalogservice,517.0,1535,0.95,0.33680781758957656,0
2026-09-24T18:48:20Z,paymentservice,0.0,155,0.8,0.0,0
2026-09-24T18:48:20Z,recommendationservice,641.0,1150,0.8,0.5573913043478261,0
2026-09-24T18:48:20Z,shippingservice,99.0,770,0.8,0.12857142857142856,0
2026-09-24T18:48:20Z,currencyservice,163.0,770,0.8,0.21168831168831168,0
2026-09-24T18:48:20Z,emailservice,20.0,155,0.8,0.12903225806451613,0
2026-09-24T18:48:20Z,adservice,73.0,1150,0.8,0.06347826086956522,0
2026-09-24T18:48:20Z,redis-cart,20.0,540,0.8,0.037037037037037035,0
2026-09-24T18:48:21Z,frontend,275.75,1150,0.8,0.23978260869565218,0
2026-09-24T18:48:21Z,cartservice,221.0,1920,0.95,0.11510416666666666,0
2026-09-24T18:48:21Z,checkoutservice,625.0,615,0.8,1.016260162601626,1
2026-09-24T18:48:21Z,productcatalogservice,517.0,1535,0.95,0.33680781758957656,0
2026-09-24T18:48:21Z,paymentservice,0.0,155,0.8,0.0,0
2026-09-24T18:48:21Z,recommendationservice,635.0,1150,0.8,0.5521739130434783,0
2026-09-24T18:48:21Z,shippingservice,115.0,770,0.8,0.14935064935064934,0
2026-09-24T18:48:21Z,currencyservice,172.0,770,0.8,0.22337662337662337,0
2026-09-24T18:48:21Z,emailservice,0.0,155,0.8,0.0,0
2026-09-24T18:48:21Z,adservice,73.0,1150,0.8,0.06347826086956522,0
2026-09-24T18:48:21Z,redis-cart,20.0,540,0.8,0.037037037037037035,0
2026-09-24T18:48:22Z,frontend,289.5,1150,0.8,0.25173913043478263,0
2026-09-24T18:48:22Z,cartservice,221.0,1920,0.95,0.11510416666666666,0
2026-09-24T18:48:22Z,checkoutservice,625.0,615,0.8,1.016260162601626,1
2026-09-24T18:48:22Z,productcatalogservice,445.0,1535,0.95,0.2899022801302932,0
2026-09-24T18:48:22Z,paymentservice,0.0,155,0.8,0.0,0
2026-09-24T18:48:22Z,recommendationservice,609.0,1150,0.8,0.5295652173913044,0
2026-09-24T18:48:22Z,shippingservice,65.0,770,0.8,0.08441558441558442,0
2026-09-24T18:48:22Z,currencyservice,172.0,770,0.8,0.22337662337662337,0
2026-09-24T18:48:22Z,emailservice,0.0,155,0.8,0.0,0
2026-09-24T18:48:22Z,adservice,94.0,1150,0.8,0.0817391304347826,0
2026-09-24T18:48:22Z,redis-cart,18.0,540,0.8,0.03333333333333333,0
2026-09-24T18:48:23Z,frontend,272.75,1150,0.8,0.23717391304347826,0
2026-09-24T18:48:23Z,cartservice,153.0,1920,0.95,0.0796875,0
2026-09-24T18:48:23Z,checkoutservice,581.0,615,0.8,0.9447154471544715,1
2026-09-24T18:48:23Z,productcatalogservice,519.0,1535,0.95,0.33811074918566775,0
2026-09-24T18:48:23Z,paymentservice,0.0,155,0.8,0.0,0
2026-09-24T18:48:23Z,recommendationservice,609.0,1150,0.8,0.5295652173913044,0
2026-09-24T18:48:23Z,shippingservice,65.0,770,0.8,0.08441558441558442,0
2026-09-24T18:48:23Z,currencyservice,220.0,770,0.8,0.2857142857142857,0
2026-09-24T18:48:23Z,emailservice,0.0,155,0.8,0.0,0
2026-09-24T18:48:23Z,adservice,112.0,1150,0.8,0.09739130434782609,0
2026-09-24T18:48:23Z,redis-cart,13.0,540,0.8,0.024074074074074074,0
2026-09-24T18:48:24Z,frontend,289.75,1150,0.8,0.2519565217391304,0
2026-09-24T18:48:24Z,cartservice,153.0,1920,0.95,0.0796875,0
2026-09-24T18:48:24Z,checkoutservice,577.0,615,0.8,0.9382113821138212,1
2026-09-24T18:48:24Z,productcatalogservice,519.0,1535,0.95,0.33811074918566775,0
2026-09-24T18:48:24Z,paymentservice,0.0,155,0.8,0.0,0
2026-09-24T18:48:24Z,recommendationservice,627.0,1150,0.8,0.5452173913043479,0
2026-09-24T18:48:24Z,shippingservice,44.0,770,0.8,0.05714285714285714,0
2026-09-24T18:48:24Z,currencyservice,207.0,770,0.8,0.2688311688311688,0
2026-09-24T18:48:24Z,emailservice,0.0,155,0.8,0.0,0
2026-09-24T18:48:24Z,adservice,112.0,1150,0.8,0.09739130434782609,0
2026-09-24T18:48:24Z,redis-cart,16.0,540,0.8,0.02962962962962963,0
2026-09-24T18:48:25Z,frontend,275.25,1150,0.8,0.2393478260869565,0
2026-09-24T18:48:25Z,cartservice,157.0,1920,0.95,0.08177083333333333,0
2026-09-24T18:48:25Z,checkoutservice,577.0,615,0.8,0.9382113821138212,1
2026-09-24T18:48:25Z,productcatalogservice,453.0,1535,0.95,0.29511400651465797,0
2026-09-24T18:48:25Z,paymentservice,0.0,155,0.8,0.0,0
2026-09-24T18:48:25Z,recommendationservice,650.0,1150,0.8,0.5652173913043478,0
2026-09-24T18:48:25Z,shippingservice,43.0,770,0.8,0.05584415584415584,0
2026-09-24T18:48:25Z,currencyservice,174.0,770,0.8,0.22597402597402597,0
2026-09-24T18:48:25Z,emailservice,0.0,155,0.8,0.0,0
2026-09-24T18:48:25Z,adservice,72.0,1150,0.8,0.06260869565217392,0
2026-09-24T18:48:25Z,redis-cart,16.0,540,0.8,0.02962962962962963,0
2026-09-24T18:48:26Z,frontend,257.25,1150,0.8,0.22369565217391305,0
2026-09-24T18:48:26Z,cartservice,107.0,1920,0.95,0.05572916666666667,0
2026-09-24T18:48:26Z,checkoutservice,483.0,615,0.8,0.7853658536585366,0
2026-09-24T18:48:26Z,productcatalogservice,453.0,1535,0.95,0.29511400651465797,0
2026-09-24T18:48:26Z,paymentservice,0.0,155,0.8,0.0,0
2026-09-24T18:48:26Z,recommendationservice,650.0,1150,0.8,0.5652173913043478,0
2026-09-24T18:48:26Z,shippingservice,61.0,770,0.8,0.07922077922077922,0
2026-09-24T18:48:26Z,currencyservice,174.0,770,0.8,0.22597402597402597,0
2026-09-24T18:48:26Z,emailservice,28.0,155,0.8,0.18064516129032257,0
2026-09-24T18:48:26Z,adservice,72.0,1150,0.8,0.06260869565217392,0
2026-09-24T18:48:26Z,redis-cart,11.0,540,0.8,0.020370370370370372,0
2026-09-24T18:48:27Z,frontend,297.25,1150,0.8,0.2584782608695652,0
2026-09-24T18:48:27Z,cartservice,107.0,1920,0.95,0.05572916666666667,0
2026-09-24T18:48:27Z,checkoutservice,448.0,615,0.8,0.7284552845528456,0
2026-09-24T18:48:27Z,productcatalogservice,493.0,1535,0.95,0.3211726384364821,0
2026-09-24T18:48:27Z,paymentservice,0.0,155,0.8,0.0,0
2026-09-24T18:48:27Z,recommendationservice,619.0,1150,0.8,0.5382608695652173,0
2026-09-24T18:48:27Z,shippingservice,61.0,770,0.8,0.07922077922077922,0
2026-09-24T18:48:27Z,currencyservice,141.0,770,0.8,0.18311688311688312,0
2026-09-24T18:48:27Z,emailservice,0.0,155,0.8,0.0,0
2026-09-24T18:48:27Z,adservice,107.0,1150,0.8,0.09304347826086956,0
2026-09-24T18:48:27Z,redis-cart,14.0,540,0.8,0.025925925925925925,0
2026-09-24T18:48:28Z,frontend,310.25,1150,0.8,0.2697826086956522,0
2026-09-24T18:48:28Z,cartservice,132.0,1920,0.95,0.06875,0
2026-09-24T18:48:28Z,checkoutservice,448.0,615,0.8,0.7284552845528456,0
2026-09-24T18:48:28Z,productcatalogservice,430.0,1535,0.95,0.28013029315960913,0
2026-09-24T18:48:28Z,paymentservice,11.0,155,0.8,0.07096774193548387,0
2026-09-24T18:48:28Z,recommendationservice,676.0,1150,0.8,0.5878260869565217,0
2026-09-24T18:48:28Z,shippingservice,50.0,770,0.8,0.06493506493506493,0
2026-09-24T18:48:28Z,currencyservice,229.0,770,0.8,0.2974025974025974,0
2026-09-24T18:48:28Z,emailservice,0.0,155,0.8,0.0,0
2026-09-24T18:48:28Z,adservice,107.0,1150,0.8,0.09304347826086956,0
2026-09-24T18:48:28Z,redis-cart,14.0,540,0.8,0.025925925925925925,0
2026-09-24T18:48:29Z,frontend,273.0,1150,0.8,0.2373913043478261,0
2026-09-24T18:48:29Z,cartservice,132.0,1920,0.95,0.06875,0
2026-09-24T18:48:29Z,checkoutservice,498.0,615,0.8,0.8097560975609757,1
2026-09-24T18:48:29Z,productcatalogservice,547.0,1535,0.95,0.35635179153094465,0
2026-09-24T18:48:29Z,paymentservice,11.0,155,0.8,0.07096774193548387,0
2026-09-24T18:48:29Z,recommendationservice,676.0,1150,0.8,0.5878260869565217,0
2026-09-24T18:48:29Z,shippingservice,39.0,770,0.8,0.05064935064935065,0
2026-09-24T18:48:29Z,currencyservice,229.0,770,0.8,0.2974025974025974,0
2026-09-24T18:48:29Z,emailservice,0.0,155,0.8,0.0,0
2026-09-24T18:48:29Z,adservice,84.0,1150,0.8,0.07304347826086957,0
2026-09-24T18:48:29Z,redis-cart,14.0,540,0.8,0.025925925925925925,0
2026-09-24T18:48:30Z,frontend,276.0,1150,0.8,0.24,0
2026-09-24T18:48:30Z,cartservice,130.0,1920,0.95,0.06770833333333333,0
2026-09-24T18:48:30Z,checkoutservice,0.0,615,0.8,0.0,0
2026-09-24T18:48:30Z,productcatalogservice,547.0,1535,0.95,0.35635179153094465,0
2026-09-24T18:48:30Z,paymentservice,3.0,155,0.8,0.01935483870967742,0
2026-09-24T18:48:30Z,recommendationservice,512.0,1150,0.8,0.44521739130434784,0
2026-09-24T18:48:30Z,shippingservice,57.0,770,0.8,0.07402597402597402,0
2026-09-24T18:48:30Z,currencyservice,116.0,770,0.8,0.15064935064935064,0
2026-09-24T18:48:30Z,emailservice,0.0,155,0.8,0.0,0
2026-09-24T18:48:30Z,adservice,103.0,1150,0.8,0.08956521739130435,0
2026-09-24T18:48:30Z,redis-cart,15.0,540,0.8,0.027777777777777776,0
2026-09-24T18:48:31Z,frontend,282.75,1150,0.8,0.2458695652173913,0
2026-09-24T18:48:31Z,cartservice,115.0,1920,0.95,0.059895833333333336,0
2026-09-24T18:48:31Z,checkoutservice,0.0,615,0.8,0.0,0
2026-09-24T18:48:31Z,productcatalogservice,507.0,1535,0.95,0.33029315960912053,0
2026-09-24T18:48:31Z,paymentservice,0.0,155,0.8,0.0,0
2026-09-24T18:48:31Z,recommendationservice,765.0,1150,0.8,0.6652173913043479,0
2026-09-24T18:48:31Z,shippingservice,57.0,770,0.8,0.07402597402597402,0
2026-09-24T18:48:31Z,currencyservice,235.0,770,0.8,0.3051948051948052,0
2026-09-24T18:48:31Z,emailservice,21.0,155,0.8,0.13548387096774195,0
2026-09-24T18:48:31Z,adservice,103.0,1150,0.8,0.08956521739130435,0
2026-09-24T18:48:31Z,redis-cart,15.0,540,0.8,0.027777777777777776,0
2026-09-24T18:48:32Z,frontend,330.25,1150,0.8,0.2871739130434783,0
2026-09-24T18:48:32Z,cartservice,115.0,1920,0.95,0.059895833333333336,0
2026-09-24T18:48:32Z,checkoutservice,0.0,615,0.8,0.0,0
2026-09-24T18:48:32Z,productcatalogservice,568.0,1535,0.95,0.3700325732899023,0
2026-09-24T18:48:32Z,paymentservice,0.0,155,0.8,0.0,0
2026-09-24T18:48:32Z,recommendationservice,765.0,1150,0.8,0.6652173913043479,0
2026-09-24T18:48:32Z,shippingservice,64.0,770,0.8,0.08311688311688312,0
2026-09-24T18:48:32Z,currencyservice,235.0,770,0.8,0.3051948051948052,0
2026-09-24T18:48:32Z,emailservice,0.0,155,0.8,0.0,0
2026-09-24T18:48:32Z,adservice,69.0,1150,0.8,0.06,0
2026-09-24T18:48:32Z,redis-cart,10.0,540,0.8,0.018518518518518517,0
2026-09-24T18:48:33Z,frontend,322.25,1150,0.8,0.2802173913043478,0
2026-09-24T18:48:33Z,cartservice,97.0,1920,0.95,0.050520833333333334,0
2026-09-24T18:48:33Z,checkoutservice,0.0,615,0.8,0.0,0
2026-09-24T18:48:33Z,productcatalogservice,568.0,1535,0.95,0.3700325732899023,0
2026-09-24T18:48:33Z,paymentservice,0.0,155,0.8,0.0,0
2026-09-24T18:48:33Z,recommendationservice,760.0,1150,0.8,0.6608695652173913,0
2026-09-24T18:48:33Z,shippingservice,51.0,770,0.8,0.06623376623376623,0
2026-09-24T18:48:33Z,currencyservice,136.0,770,0.8,0.17662337662337663,0
2026-09-24T18:48:33Z,emailservice,0.0,155,0.8,0.0,0
2026-09-24T18:48:33Z,adservice,69.0,1150,0.8,0.06,0
2026-09-24T18:48:33Z,redis-cart,19.0,540,0.8,0.03518518518518519,0
2026-09-24T18:48:34Z,frontend,311.5,1150,0.8,0.2708695652173913,0
2026-09-24T18:48:34Z,cartservice,160.0,1920,0.95,0.08333333333333333,0
2026-09-24T18:48:34Z,checkoutservice,0.0,615,0.8,0.0,0
2026-09-24T18:48:34Z,productcatalogservice,537.0,1535,0.95,0.3498371335504886,0
2026-09-24T18:48:34Z,paymentservice,0.0,155,0.8,0.0,0
2026-09-24T18:48:34Z,recommendationservice,748.0,1150,0.8,0.6504347826086957,0
2026-09-24T18:48:34Z,shippingservice,42.0,770,0.8,0.05454545454545454,0
2026-09-24T18:48:34Z,currencyservice,136.0,770,0.8,0.17662337662337663,0
2026-09-24T18:48:34Z,emailservice,0.0,155,0.8,0.0,0
2026-09-24T18:48:34Z,adservice,92.0,1150,0.8,0.08,0
2026-09-24T18:48:34Z,redis-cart,19.0,540,0.8,0.03518518518518519,0
2026-09-24T18:48:35Z,frontend,302.25,1150,0.8,0.26282608695652177,0
2026-09-24T18:48:35Z,cartservice,160.0,1920,0.95,0.08333333333333333,0
2026-09-24T18:48:35Z,checkoutservice,0.0,615,0.8,0.0,0
2026-09-24T18:48:35Z,productcatalogservice,537.0,1535,0.95,0.3498371335504886,0
2026-09-24T18:48:35Z,paymentservice,0.0,155,0.8,0.0,0
2026-09-24T18:48:35Z,recommendationservice,797.0,1150,0.8,0.6930434782608695,0
2026-09-24T18:48:35Z,shippingservice,42.0,770,0.8,0.05454545454545454,0
2026-09-24T18:48:35Z,currencyservice,168.0,770,0.8,0.21818181818181817,0
2026-09-24T18:48:35Z,emailservice,23.0,155,0.8,0.14838709677419354,0
2026-09-24T18:48:35Z,adservice,77.0,1150,0.8,0.06695652173913043,0
2026-09-24T18:48:35Z,redis-cart,11.0,540,0.8,0.020370370370370372,0
2026-09-24T18:48:36Z,frontend,327.0,1150,0.8,0.2843478260869565,0
2026-09-24T18:48:36Z,cartservice,137.0,1920,0.95,0.07135416666666666,0
2026-09-24T18:48:36Z,checkoutservice,0.0,615,0.8,0.0,0
2026-09-24T18:48:36Z,productcatalogservice,563.0,1535,0.95,0.3667752442996743,0
2026-09-24T18:48:36Z,paymentservice,0.0,155,0.8,0.0,0
2026-09-24T18:48:36Z,recommendationservice,797.0,1150,0.8,0.6930434782608695,0
2026-09-24T18:48:36Z,shippingservice,44.0,770,0.8,0.05714285714285714,0
2026-09-24T18:48:36Z,currencyservice,244.0,770,0.8,0.3168831168831169,0
2026-09-24T18:48:36Z,emailservice,0.0,155,0.8,0.0,0
2026-09-24T18:48:36Z,adservice,127.0,1150,0.8,0.11043478260869566,0
2026-09-24T18:48:36Z,redis-cart,15.0,540,0.8,0.027777777777777776,0
2026-09-24T18:48:37Z,frontend,339.75,1150,0.8,0.29543478260869566,0
2026-09-24T18:48:37Z,cartservice,137.0,1920,0.95,0.07135416666666666,0
2026-09-24T18:48:37Z,checkoutservice,0.0,615,0.8,0.0,0
2026-09-24T18:48:37Z,productcatalogservice,567.0,1535,0.95,0.36938110749185665,0
2026-09-24T18:48:37Z,paymentservice,0.0,155,0.8,0.0,0
2026-09-24T18:48:37Z,recommendationservice,692.0,1150,0.8,0.6017391304347826,0
2026-09-24T18:48:37Z,shippingservice,60.0,770,0.8,0.07792207792207792,0
2026-09-24T18:48:37Z,currencyservice,244.0,770,0.8,0.3168831168831169,0
2026-09-24T18:48:37Z,emailservice,0.0,155,0.8,0.0,0
2026-09-24T18:48:37Z,adservice,127.0,1150,0.8,0.11043478260869566,0
2026-09-24T18:48:37Z,redis-cart,15.0,540,0.8,0.027777777777777776,0
2026-09-24T18:48:38Z,frontend,332.75,1150,0.8,0.2893478260869565,0
2026-09-24T18:48:38Z,cartservice,144.0,1920,0.95,0.075,0
2026-09-24T18:48:38Z,checkoutservice,0.0,615,0.8,0.0,0
2026-09-24T18:48:38Z,productcatalogservice,567.0,1535,0.95,0.36938110749185665,0
2026-09-24T18:48:38Z,paymentservice,0.0,155,0.8,0.0,0
2026-09-24T18:48:38Z,recommendationservice,784.0,1150,0.8,0.6817391304347826,0
2026-09-24T18:48:38Z,shippingservice,60.0,770,0.8,0.07792207792207792,0
2026-09-24T18:48:38Z,currencyservice,148.0,770,0.8,0.19220779220779222,0
2026-09-24T18:48:38Z,emailservice,0.0,155,0.8,0.0,0
2026-09-24T18:48:38Z,adservice,87.0,1150,0.8,0.07565217391304348,0
2026-09-24T18:48:38Z,redis-cart,15.0,540,0.8,0.027777777777777776,0
2026-09-24T18:48:39Z,frontend,312.25,1150,0.8,0.27152173913043476,0
2026-09-24T18:48:39Z,cartservice,121.0,1920,0.95,0.06302083333333333,0
2026-09-24T18:48:39Z,checkoutservice,0.0,615,0.8,0.0,0
2026-09-24T18:48:39Z,productcatalogservice,515.0,1535,0.95,0.3355048859934853,0
2026-09-24T18:48:39Z,paymentservice,18.0,155,0.8,0.11612903225806452,0
2026-09-24T18:48:39Z,recommendationservice,797.0,1150,0.8,0.6930434782608695,0
2026-09-24T18:48:39Z,shippingservice,40.0,770,0.8,0.05194805194805195,0
2026-09-24T18:48:39Z,currencyservice,169.0,770,0.8,0.21948051948051947,0
2026-09-24T18:48:39Z,emailservice,0.0,155,0.8,0.0,0
2026-09-24T18:48:39Z,adservice,87.0,1150,0.8,0.07565217391304348,0
2026-09-24T18:48:39Z,redis-cart,15.0,540,0.8,0.027777777777777776,0
2026-09-24T18:48:40Z,frontend,329.25,1150,0.8,0.28630434782608694,0
2026-09-24T18:48:40Z,cartservice,121.0,1920,0.95,0.06302083333333333,0
2026-09-24T18:48:40Z,checkoutservice,0.0,615,0.8,0.0,0
2026-09-24T18:48:40Z,productcatalogservice,593.0,1535,0.95,0.3863192182410424,0
2026-09-24T18:48:40Z,paymentservice,0.0,155,0.8,0.0,0
2026-09-24T18:48:40Z,recommendationservice,797.0,1150,0.8,0.6930434782608695,0
2026-09-24T18:48:40Z,shippingservice,50.0,770,0.8,0.06493506493506493,0
2026-09-24T18:48:40Z,currencyservice,169.0,770,0.8,0.21948051948051947,0
2026-09-24T18:48:40Z,emailservice,21.0,155,0.8,0.13548387096774195,0
2026-09-24T18:48:40Z,adservice,85.0,1150,0.8,0.07391304347826087,0
2026-09-24T18:48:40Z,redis-cart,15.0,540,0.8,0.027777777777777776,0
2026-09-24T18:48:41Z,frontend,329.5,1150,0.8,0.28652173913043477,0
2026-09-24T18:48:41Z,cartservice,162.0,1920,0.95,0.084375,0
2026-09-24T18:48:41Z,checkoutservice,0.0,615,0.8,0.0,0
2026-09-24T18:48:41Z,productcatalogservice,593.0,1535,0.95,0.3863192182410424,0
2026-09-24T18:48:41Z,paymentservice,0.0,155,0.8,0.0,0
2026-09-24T18:48:41Z,recommendationservice,711.0,1150,0.8,0.6182608695652174,0
2026-09-24T18:48:41Z,shippingservice,50.0,770,0.8,0.06493506493506493,0
2026-09-24T18:48:41Z,currencyservice,117.0,770,0.8,0.15194805194805194,0
2026-09-24T18:48:41Z,emailservice,21.0,155,0.8,0.13548387096774195,0
2026-09-24T18:48:41Z,adservice,85.0,1150,0.8,0.07391304347826087,0
2026-09-24T18:48:41Z,redis-cart,15.0,540,0.8,0.027777777777777776,0
2026-09-24T18:48:42Z,frontend,319.5,1150,0.8,0.2778260869565217,0
2026-09-24T18:48:42Z,cartservice,162.0,1920,0.95,0.084375,0
2026-09-24T18:48:42Z,checkoutservice,0.0,615,0.8,0.0,0
2026-09-24T18:48:42Z,productcatalogservice,529.0,1535,0.95,0.3446254071661238,0
2026-09-24T18:48:42Z,paymentservice,0.0,155,0.8,0.0,0
2026-09-24T18:48:42Z,recommendationservice,692.0,1150,0.8,0.6017391304347826,0
2026-09-24T18:48:42Z,shippingservice,74.0,770,0.8,0.09610389610389611,0
2026-09-24T18:48:42Z,currencyservice,117.0,770,0.8,0.15194805194805194,0
2026-09-24T18:48:42Z,emailservice,0.0,155,0.8,0.0,0
2026-09-24T18:48:42Z,adservice,100.0,1150,0.8,0.08695652173913043,0
2026-09-24T18:48:42Z,redis-cart,11.0,540,0.8,0.020370370370370372,0
2026-09-24T18:48:43Z,frontend,347.5,1150,0.8,0.30217391304347824,0
2026-09-24T18:48:43Z,cartservice,104.0,1920,0.95,0.05416666666666667,0
2026-09-24T18:48:43Z,checkoutservice,0.0,615,0.8,0.0,0
2026-09-24T18:48:43Z,productcatalogservice,587.0,1535,0.95,0.3824104234527687,0
2026-09-24T18:48:43Z,paymentservice,0.0,155,0.8,0.0,0
2026-09-24T18:48:43Z,recommendationservice,916.0,1150,0.8,0.7965217391304348,0
2026-09-24T18:48:43Z,shippingservice,54.0,770,0.8,0.07012987012987013,0
2026-09-24T18:48:43Z,currencyservice,209.0,770,0.8,0.2714285714285714,0
2026-09-24T18:48:43Z,emailservice,0.0,155,0.8,0.0,0
2026-09-24T18:48:43Z,adservice,99.0,1150,0.8,0.08608695652173913,0
2026-09-24T18:48:43Z,redis-cart,20.0,540,0.8,0.037037037037037035,0
2026-09-24T18:48:44Z,frontend,343.75,1150,0.8,0.29891304347826086,0
2026-09-24T18:48:44Z,cartservice,142.0,1920,0.95,0.07395833333333333,0
2026-09-24T18:48:44Z,checkoutservice,0.0,615,0.8,0.0,0
2026-09-24T18:48:44Z,productcatalogservice,587.0,1535,0.95,0.3824104234527687,0
2026-09-24T18:48:44Z,paymentservice,0.0,155,0.8,0.0,0
2026-09-24T18:48:44Z,recommendationservice,916.0,1150,0.8,0.7965217391304348,0
2026-09-24T18:48:44Z,shippingservice,54.0,770,0.8,0.07012987012987013,0
2026-09-24T18:48:44Z,currencyservice,203.0,770,0.8,0.2636363636363636,0
2026-09-24T18:48:44Z,emailservice,0.0,155,0.8,0.0,0
2026-09-24T18:48:44Z,adservice,99.0,1150,0.8,0.08608695652173913,0
2026-09-24T18:48:44Z,redis-cart,13.0,540,0.8,0.024074074074074074,0
2026-09-24T18:48:45Z,frontend,326.5,1150,0.8,0.28391304347826085,0
2026-09-24T18:48:45Z,cartservice,142.0,1920,0.95,0.07395833333333333,0
2026-09-24T18:48:45Z,checkoutservice,0.0,615,0.8,0.0,0
2026-09-24T18:48:45Z,productcatalogservice,554.0,1535,0.95,0.36091205211726385,0
2026-09-24T18:48:45Z,paymentservice,0.0,155,0.8,0.0,0
2026-09-24T18:48:45Z,recommendationservice,733.0,1150,0.8,0.6373913043478261,0
2026-09-24T18:48:45Z,shippingservice,40.0,770,0.8,0.05194805194805195,0
2026-09-24T18:48:45Z,currencyservice,203.0,770,0.8,0.2636363636363636,0
2026-09-24T18:48:45Z,emailservice,0.0,155,0.8,0.0,0
2026-09-24T18:48:45Z,adservice,84.0,1150,0.8,0.07304347826086957,0
2026-09-24T18:48:45Z,redis-cart,13.0,540,0.8,0.024074074074074074,0
2026-09-24T18:48:46Z,frontend,320.0,1150,0.8,0.2782608695652174,0
2026-09-24T18:48:46Z,cartservice,112.0,1920,0.95,0.058333333333333334,0
2026-09-24T18:48:46Z,checkoutservice,0.0,615,0.8,0.0,0
2026-09-24T18:48:46Z,productcatalogservice,581.0,1535,0.95,0.3785016286644951,0
2026-09-24T18:48:46Z,paymentservice,0.0,155,0.8,0.0,0
2026-09-24T18:48:46Z,recommendationservice,895.0,1150,0.8,0.7782608695652173,0
2026-09-24T18:48:46Z,shippingservice,61.0,770,0.8,0.07922077922077922,0
2026-09-24T18:48:46Z,currencyservice,199.0,770,0.8,0.2584415584415584,0
2026-09-24T18:48:46Z,emailservice,18.0,155,0.8,0.11612903225806452,0
2026-09-24T18:48:46Z,adservice,104.0,1150,0.8,0.09043478260869565,0
2026-09-24T18:48:46Z,redis-cart,12.0,540,0.8,0.022222222222222223,0
2026-09-24T18:48:47Z,frontend,343.0,1150,0.8,0.2982608695652174,0
2026-09-24T18:48:47Z,cartservice,112.0,1920,0.95,0.058333333333333334,0
2026-09-24T18:48:47Z,checkoutservice,0.0,615,0.8,0.0,0
2026-09-24T18:48:47Z,productcatalogservice,581.0,1535,0.95,0.3785016286644951,0
2026-09-24T18:48:47Z,paymentservice,0.0,155,0.8,0.0,0
2026-09-24T18:48:47Z,recommendationservice,895.0,1150,0.8,0.7782608695652173,0
2026-09-24T18:48:47Z,shippingservice,61.0,770,0.8,0.07922077922077922,0
2026-09-24T18:48:47Z,currencyservice,199.0,770,0.8,0.2584415584415584,0
2026-09-24T18:48:47Z,emailservice,0.0,155,0.8,0.0,0
2026-09-24T18:48:47Z,adservice,104.0,1150,0.8,0.09043478260869565,0
2026-09-24T18:48:47Z,redis-cart,17.0,540,0.8,0.03148148148148148,0
2026-09-24T18:48:48Z,frontend,346.5,1150,0.8,0.30130434782608695,0
2026-09-24T18:48:48Z,cartservice,144.0,1920,0.95,0.075,0
2026-09-24T18:48:48Z,checkoutservice,0.0,615,0.8,0.0,0
2026-09-24T18:48:48Z,productcatalogservice,562.0,1535,0.95,0.36612377850162864,0
2026-09-24T18:48:48Z,paymentservice,19.0,155,0.8,0.12258064516129032,0
2026-09-24T18:48:48Z,recommendationservice,776.0,1150,0.8,0.6747826086956522,0
2026-09-24T18:48:48Z,shippingservice,49.0,770,0.8,0.06363636363636363,0
2026-09-24T18:48:48Z,currencyservice,131.0,770,0.8,0.17012987012987013,0
2026-09-24T18:48:48Z,emailservice,0.0,155,0.8,0.0,0
2026-09-24T18:48:48Z,adservice,83.0,1150,0.8,0.07217391304347825,0
2026-09-24T18:48:48Z,redis-cart,17.0,540,0.8,0.03148148148148148,0
2026-09-24T18:48:49Z,frontend,324.75,1150,0.8,0.2823913043478261,0
2026-09-24T18:48:49Z,cartservice,161.0,1920,0.95,0.08385416666666666,0
2026-09-24T18:48:49Z,checkoutservice,0.0,615,0.8,0.0,0
2026-09-24T18:48:49Z,productcatalogservice,562.0,1535,0.95,0.36612377850162864,0
2026-09-24T18:48:49Z,paymentservice,0.0,155,0.8,0.0,0
2026-09-24T18:48:49Z,recommendationservice,769.0,1150,0.8,0.668695652173913,0
2026-09-24T18:48:49Z,shippingservice,49.0,770,0.8,0.06363636363636363,0
2026-09-24T18:48:49Z,currencyservice,206.0,770,0.8,0.2675324675324675,0
2026-09-24T18:48:49Z,emailservice,0.0,155,0.8,0.0,0
2026-09-24T18:48:49Z,adservice,98.0,1150,0.8,0.08521739130434783,0
2026-09-24T18:48:49Z,redis-cart,18.0,540,0.8,0.03333333333333333,0
2026-09-24T18:48:50Z,frontend,365.25,1150,0.8,0.3176086956521739,0
2026-09-24T18:48:50Z,cartservice,161.0,1920,0.95,0.08385416666666666,0
2026-09-24T18:48:50Z,checkoutservice,0.0,615,0.8,0.0,0
2026-09-24T18:48:50Z,productcatalogservice,631.0,1535,0.95,0.41107491856677525,0
2026-09-24T18:48:50Z,paymentservice,0.0,155,0.8,0.0,0
2026-09-24T18:48:50Z,recommendationservice,769.0,1150,0.8,0.668695652173913,0
2026-09-24T18:48:50Z,shippingservice,38.0,770,0.8,0.04935064935064935,0
2026-09-24T18:48:50Z,currencyservice,144.0,770,0.8,0.18701298701298702,0
2026-09-24T18:48:50Z,emailservice,28.0,155,0.8,0.18064516129032257,0
2026-09-24T18:48:50Z,adservice,98.0,1150,0.8,0.08521739130434783,0
2026-09-24T18:48:50Z,redis-cart,18.0,540,0.8,0.03333333333333333,0
2026-09-24T18:48:51Z,frontend,364.5,1150,0.8,0.3169565217391304,0
2026-09-24T18:48:51Z,cartservice,144.0,1920,0.95,0.075,0
2026-09-24T18:48:51Z,checkoutservice,0.0,615,0.8,0.0,0
2026-09-24T18:48:51Z,productcatalogservice,524.0,1535,0.95,0.34136807817589576,0
2026-09-24T18:48:51Z,paymentservice,0.0,155,0.8,0.0,0
2026-09-24T18:48:51Z,recommendationservice,837.0,1150,0.8,0.7278260869565217,0
2026-09-24T18:48:51Z,shippingservice,75.0,770,0.8,0.09740259740259741,0
2026-09-24T18:48:51Z,currencyservice,144.0,770,0.8,0.18701298701298702,0
2026-09-24T18:48:51Z,emailservice,28.0,155,0.8,0.18064516129032257,0
2026-09-24T18:48:51Z,adservice,106.0,1150,0.8,0.09217391304347826,0
2026-09-24T18:48:51Z,redis-cart,11.0,540,0.8,0.020370370370370372,0
2026-09-24T18:48:52Z,frontend,319.5,1150,0.8,0.2778260869565217,0
2026-09-24T18:48:52Z,cartservice,233.0,1920,0.95,0.12135416666666667,0
2026-09-24T18:48:52Z,checkoutservice,0.0,615,0.8,0.0,0
2026-09-24T18:48:52Z,productcatalogservice,524.0,1535,0.95,0.34136807817589576,0
2026-09-24T18:48:52Z,paymentservice,0.0,155,0.8,0.0,0
2026-09-24T18:48:52Z,recommendationservice,678.0,1150,0.8,0.5895652173913043,0
2026-09-24T18:48:52Z,shippingservice,45.0,770,0.8,0.05844155844155844,0
2026-09-24T18:48:52Z,currencyservice,190.0,770,0.8,0.24675324675324675,0
2026-09-24T18:48:52Z,emailservice,0.0,155,0.8,0.0,0
2026-09-24T18:48:52Z,adservice,112.0,1150,0.8,0.09739130434782609,0
2026-09-24T18:48:52Z,redis-cart,20.0,540,0.8,0.037037037037037035,0
2026-09-24T18:48:53Z,frontend,324.0,1150,0.8,0.2817391304347826,0
2026-09-24T18:48:53Z,cartservice,119.0,1920,0.95,0.06197916666666667,0
2026-09-24T18:48:53Z,checkoutservice,0.0,615,0.8,0.0,0
2026-09-24T18:48:53Z,productcatalogservice,553.0,1535,0.95,0.36026058631921826,0
2026-09-24T18:48:53Z,paymentservice,0.0,155,0.8,0.0,0
2026-09-24T18:48:53Z,recommendationservice,678.0,1150,0.8,0.5895652173913043,0
2026-09-24T18:48:53Z,shippingservice,45.0,770,0.8,0.05844155844155844,0
2026-09-24T18:48:53Z,currencyservice,231.0,770,0.8,0.3,0
2026-09-24T18:48:53Z,emailservice,0.0,155,0.8,0.0,0
2026-09-24T18:48:53Z,adservice,78.0,1150,0.8,0.06782608695652174,0
2026-09-24T18:48:53Z,redis-cart,20.0,540,0.8,0.037037037037037035,0
2026-09-24T18:48:54Z,frontend,331.75,1150,0.8,0.28847826086956524,0
2026-09-24T18:48:54Z,cartservice,119.0,1920,0.95,0.06197916666666667,0
2026-09-24T18:48:54Z,checkoutservice,0.0,615,0.8,0.0,0
2026-09-24T18:48:54Z,productcatalogservice,587.0,1535,0.95,0.3824104234527687,0
2026-09-24T18:48:54Z,paymentservice,0.0,155,0.8,0.0,0
2026-09-24T18:48:54Z,recommendationservice,805.0,1150,0.8,0.7,0
2026-09-24T18:48:54Z,shippingservice,47.0,770,0.8,0.06103896103896104,0
2026-09-24T18:48:54Z,currencyservice,130.0,770,0.8,0.16883116883116883,0
2026-09-24T18:48:54Z,emailservice,0.0,155,0.8,0.0,0
2026-09-24T18:48:54Z,adservice,78.0,1150,0.8,0.06782608695652174,0
2026-09-24T18:48:54Z,redis-cart,11.0,540,0.8,0.020370370370370372,0
2026-09-24T18:48:55Z,frontend,361.5,1150,0.8,0.3143478260869565,0
2026-09-24T18:48:55Z,cartservice,188.0,1920,0.95,0.09791666666666667,0
2026-09-24T18:48:55Z,checkoutservice,0.0,615,0.8,0.0,0
2026-09-24T18:48:55Z,productcatalogservice,587.0,1535,0.95,0.3824104234527687,0
2026-09-24T18:48:55Z,paymentservice,0.0,155,0.8,0.0,0
2026-09-24T18:48:55Z,recommendationservice,657.0,1150,0.8,0.571304347826087,0
2026-09-24T18:48:55Z,shippingservice,47.0,770,0.8,0.06103896103896104,0
2026-09-24T18:48:55Z,currencyservice,182.0,770,0.8,0.23636363636363636,0
2026-09-24T18:48:55Z,emailservice,0.0,155,0.8,0.0,0
2026-09-24T18:48:55Z,adservice,85.0,1150,0.8,0.07391304347826087,0
2026-09-24T18:48:55Z,redis-cart,25.0,540,0.8,0.046296296296296294,0
2026-09-24T18:48:56Z,frontend,322.5,1150,0.8,0.28043478260869564,0
2026-09-24T18:48:56Z,cartservice,188.0,1920,0.95,0.09791666666666667,0
2026-09-24T18:48:56Z,checkoutservice,113.0,615,0.8,0.183739837398374,0
2026-09-24T18:48:56Z,productcatalogservice,535.0,1535,0.95,0.3485342019543974,0
2026-09-24T18:48:56Z,paymentservice,0.0,155,0.8,0.0,0
2026-09-24T18:48:56Z,recommendationservice,657.0,1150,0.8,0.571304347826087,0
2026-09-24T18:48:56Z,shippingservice,56.0,770,0.8,0.07272727272727272,0
2026-09-24T18:48:56Z,currencyservice,182.0,770,0.8,0.23636363636363636,0
2026-09-24T18:48:56Z,emailservice,28.0,155,0.8,0.18064516129032257,0
2026-09-24T18:48:56Z,adservice,85.0,1150,0.8,0.07391304347826087,0
2026-09-24T18:48:56Z,redis-cart,25.0,540,0.8,0.046296296296296294,0
2026-09-24T18:48:57Z,frontend,294.5,1150,0.8,0.25608695652173913,0
2026-09-24T18:48:57Z,cartservice,162.0,1920,0.95,0.084375,0
2026-09-24T18:48:57Z,checkoutservice,618.0,615,0.8,1.0048780487804878,1
2026-09-24T18:48:57Z,productcatalogservice,505.0,1535,0.95,0.3289902280130293,0
2026-09-24T18:48:57Z,paymentservice,16.0,155,0.8,0.1032258064516129,0
2026-09-24T18:48:57Z,recommendationservice,760.0,1150,0.8,0.6608695652173913,0
2026-09-24T18:48:57Z,shippingservice,89.0,770,0.8,0.11558441558441558,0
2026-09-24T18:48:57Z,currencyservice,235.0,770,0.8,0.3051948051948052,0
2026-09-24T18:48:57Z,emailservice,28.0,155,0.8,0.18064516129032257,0
2026-09-24T18:48:57Z,adservice,107.0,1150,0.8,0.09304347826086956,0
2026-09-24T18:48:57Z,redis-cart,15.0,540,0.8,0.027777777777777776,0
2026-09-24T18:48:58Z,frontend,275.25,1150,0.8,0.2393478260869565,0
2026-09-24T18:48:58Z,cartservice,162.0,1920,0.95,0.084375,0
2026-09-24T18:48:58Z,checkoutservice,618.0,615,0.8,1.0048780487804878,1
2026-09-24T18:48:58Z,productcatalogservice,505.0,1535,0.95,0.3289902280130293,0
2026-09-24T18:48:58Z,paymentservice,27.0,155,0.8,0.17419354838709677,0
2026-09-24T18:48:58Z,recommendationservice,590.0,1150,0.8,0.5130434782608696,0
2026-09-24T18:48:58Z,shippingservice,85.0,770,0.8,0.11038961038961038,0
2026-09-24T18:48:58Z,currencyservice,211.0,770,0.8,0.274025974025974,0
2026-09-24T18:48:58Z,emailservice,14.0,155,0.8,0.09032258064516129,0
2026-09-24T18:48:58Z,adservice,107.0,1150,0.8,0.09304347826086956,0
2026-09-24T18:48:58Z,redis-cart,18.0,540,0.8,0.03333333333333333,0
2026-09-24T18:48:59Z,frontend,244.75,1150,0.8,0.21282608695652175,0
2026-09-24T18:48:59Z,cartservice,170.0,1920,0.95,0.08854166666666667,0
2026-09-24T18:48:59Z,checkoutservice,610.0,615,0.8,0.991869918699187,1
2026-09-24T18:48:59Z,productcatalogservice,384.0,1535,0.95,0.2501628664495114,0
2026-09-24T18:48:59Z,paymentservice,0.0,155,0.8,0.0,0
2026-09-24T18:48:59Z,recommendationservice,590.0,1150,0.8,0.5130434782608696,0
2026-09-24T18:48:59Z,shippingservice,85.0,770,0.8,0.11038961038961038,0
2026-09-24T18:48:59Z,currencyservice,216.0,770,0.8,0.2805194805194805,0
2026-09-24T18:48:59Z,emailservice,14.0,155,0.8,0.09032258064516129,0
2026-09-24T18:48:59Z,adservice,73.0,1150,0.8,0.06347826086956522,0
2026-09-24T18:48:59Z,redis-cart,18.0,540,0.8,0.03333333333333333,0
2026-09-24T18:49:00Z,frontend,266.25,1150,0.8,0.23152173913043478,0
2026-09-24T18:49:00Z,cartservice,170.0,1920,0.95,0.08854166666666667,0
2026-09-24T18:49:00Z,checkoutservice,610.0,615,0.8,0.991869918699187,1
2026-09-24T18:49:00Z,productcatalogservice,497.0,1535,0.95,0.3237785016286645,0
2026-09-24T18:49:00Z,paymentservice,0.0,155,0.8,0.0,0
2026-09-24T18:49:00Z,recommendationservice,649.0,1150,0.8,0.5643478260869565,0
2026-09-24T18:49:00Z,shippingservice,87.0,770,0.8,0.11298701298701298,0
2026-09-24T18:49:00Z,currencyservice,211.0,770,0.8,0.274025974025974,0
2026-09-24T18:49:00Z,emailservice,0.0,155,0.8,0.0,0
2026-09-24T18:49:00Z,adservice,68.0,1150,0.8,0.059130434782608696,0
2026-09-24T18:49:00Z,redis-cart,18.0,540,0.8,0.03333333333333333,0
2026-09-24T18:49:01Z,frontend,266.25,1150,0.8,0.23152173913043478,0
2026-09-24T18:49:01Z,cartservice,184.0,1920,0.95,0.09583333333333334,0
2026-09-24T18:49:01Z,checkoutservice,630.0,615,0.8,1.024390243902439,1
2026-09-24T18:49:01Z,productcatalogservice,497.0,1535,0.95,0.3237785016286645,0
2026-09-24T18:49:01Z,paymentservice,0.0,155,0.8,0.0,0
2026-09-24T18:49:01Z,recommendationservice,608.0,1150,0.8,0.528695652173913,0
2026-09-24T18:49:01Z,shippingservice,127.0,770,0.8,0.16493506493506493,0
2026-09-24T18:49:01Z,currencyservice,211.0,770,0.8,0.274025974025974,0
2026-09-24T18:49:01Z,emailservice,26.0,155,0.8,0.16774193548387098,0
2026-09-24T18:49:01Z,adservice,106.0,1150,0.8,0.09217391304347826,0
2026-09-24T18:49:01Z,redis-cart,18.0,540,0.8,0.03333333333333333,0
2026-09-24T18:49:02Z,frontend,256.0,1150,0.8,0.22260869565217392,0
2026-09-24T18:49:02Z,cartservice,235.0,1920,0.95,0.12239583333333333,0
2026-09-24T18:49:02Z,checkoutservice,611.0,615,0.8,0.9934959349593496,1
2026-09-24T18:49:02Z,productcatalogservice,446.0,1535,0.95,0.29055374592833877,0
2026-09-24T18:49:02Z,paymentservice,0.0,155,0.8,0.0,0
2026-09-24T18:49:02Z,recommendationservice,608.0,1150,0.8,0.528695652173913,0
2026-09-24T18:49:02Z,shippingservice,127.0,770,0.8,0.16493506493506493,0
2026-09-24T18:49:02Z,currencyservice,209.0,770,0.8,0.2714285714285714,0
2026-09-24T18:49:02Z,emailservice,26.0,155,0.8,0.16774193548387098,0
2026-09-24T18:49:02Z,adservice,106.0,1150,0.8,0.09217391304347826,0
2026-09-24T18:49:02Z,redis-cart,19.0,540,0.8,0.03518518518518519,0
2026-09-24T18:49:03Z,frontend,273.0,1150,0.8,0.2373913043478261,0
2026-09-24T18:49:03Z,cartservice,235.0,1920,0.95,0.12239583333333333,0
2026-09-24T18:49:03Z,checkoutservice,579.0,615,0.8,0.9414634146341463,1
2026-09-24T18:49:03Z,productcatalogservice,446.0,1535,0.95,0.29055374592833877,0
2026-09-24T18:49:03Z,paymentservice,0.0,155,0.8,0.0,0
2026-09-24T18:49:03Z,recommendationservice,532.0,1150,0.8,0.46260869565217394,0
2026-09-24T18:49:03Z,shippingservice,94.0,770,0.8,0.12207792207792208,0
2026-09-24T18:49:03Z,currencyservice,209.0,770,0.8,0.2714285714285714,0
2026-09-24T18:49:03Z,emailservice,0.0,155,0.8,0.0,0
2026-09-24T18:49:03Z,adservice,72.0,1150,0.8,0.06260869565217392,0
2026-09-24T18:49:03Z,redis-cart,18.0,540,0.8,0.03333333333333333,0
2026-09-24T18:49:04Z,frontend,276.25,1150,0.8,0.24021739130434783,0
2026-09-24T18:49:04Z,cartservice,152.0,1920,0.95,0.07916666666666666,0
2026-09-24T18:49:04Z,checkoutservice,651.0,615,0.8,1.0585365853658537,1
2026-09-24T18:49:04Z,productcatalogservice,465.0,1535,0.95,0.30293159609120524,0
2026-09-24T18:49:04Z,paymentservice,0.0,155,0.8,0.0,0
2026-09-24T18:49:04Z,recommendationservice,667.0,1150,0.8,0.58,0
2026-09-24T18:49:04Z,shippingservice,106.0,770,0.8,0.13766233766233765,0
2026-09-24T18:49:04Z,currencyservice,211.0,770,0.8,0.274025974025974,0
2026-09-24T18:49:04Z,emailservice,0.0,155,0.8,0.0,0
2026-09-24T18:49:04Z,adservice,109.0,1150,0.8,0.09478260869565218,0
2026-09-24T18:49:04Z,redis-cart,18.0,540,0.8,0.03333333333333333,0
2026-09-24T18:49:05Z,frontend,284.25,1150,0.8,0.24717391304347827,0
2026-09-24T18:49:05Z,cartservice,198.0,1920,0.95,0.103125,0
2026-09-24T18:49:05Z,checkoutservice,651.0,615,0.8,1.0585365853658537,1
2026-09-24T18:49:05Z,productcatalogservice,458.0,1535,0.95,0.298371335504886,0
2026-09-24T18:49:05Z,paymentservice,0.0,155,0.8,0.0,0
2026-09-24T18:49:05Z,recommendationservice,686.0,1150,0.8,0.5965217391304348,0
2026-09-24T18:49:05Z,shippingservice,106.0,770,0.8,0.13766233766233765,0
2026-09-24T18:49:05Z,currencyservice,211.0,770,0.8,0.274025974025974,0
2026-09-24T18:49:05Z,emailservice,0.0,155,0.8,0.0,0
2026-09-24T18:49:05Z,adservice,80.0,1150,0.8,0.06956521739130435,0
2026-09-24T18:49:05Z,redis-cart,16.0,540,0.8,0.02962962962962963,0
2026-09-24T18:49:06Z,frontend,291.75,1150,0.8,0.25369565217391304,0
2026-09-24T18:49:06Z,cartservice,198.0,1920,0.95,0.103125,0
2026-09-24T18:49:06Z,checkoutservice,602.0,615,0.8,0.9788617886178862,1
2026-09-24T18:49:06Z,productcatalogservice,458.0,1535,0.95,0.298371335504886,0
2026-09-24T18:49:06Z,paymentservice,0.0,155,0.8,0.0,0
2026-09-24T18:49:06Z,recommendationservice,686.0,1150,0.8,0.5965217391304348,0
2026-09-24T18:49:06Z,shippingservice,97.0,770,0.8,0.12597402597402596,0
2026-09-24T18:49:06Z,currencyservice,161.0,770,0.8,0.20909090909090908,0
2026-09-24T18:49:06Z,emailservice,33.0,155,0.8,0.2129032258064516,0
2026-09-24T18:49:06Z,adservice,80.0,1150,0.8,0.06956521739130435,0
2026-09-24T18:49:06Z,redis-cart,19.0,540,0.8,0.03518518518518519,0
2026-09-24T18:49:07Z,frontend,255.75,1150,0.8,0.22239130434782609,0
2026-09-24T18:49:07Z,cartservice,197.0,1920,0.95,0.10260416666666666,0
2026-09-24T18:49:07Z,checkoutservice,602.0,615,0.8,0.9788617886178862,1
2026-09-24T18:49:07Z,productcatalogservice,439.0,1535,0.95,0.28599348534201957,0
2026-09-24T18:49:07Z,paymentservice,0.0,155,0.8,0.0,0
2026-09-24T18:49:07Z,recommendationservice,531.0,1150,0.8,0.4617391304347826,0
2026-09-24T18:49:07Z,shippingservice,97.0,770,0.8,0.12597402597402596,0
2026-09-24T18:49:07Z,currencyservice,161.0,770,0.8,0.20909090909090908,0
2026-09-24T18:49:07Z,emailservice,0.0,155,0.8,0.0,0
2026-09-24T18:49:07Z,adservice,98.0,1150,0.8,0.08521739130434783,0
2026-09-24T18:49:07Z,redis-cart,19.0,540,0.8,0.03518518518518519,0
2026-09-24T18:49:08Z,frontend,278.25,1150,0.8,0.24195652173913043,0
2026-09-24T18:49:08Z,cartservice,197.0,1920,0.95,0.10260416666666666,0
2026-09-24T18:49:08Z,checkoutservice,616.0,615,0.8,1.0016260162601627,1
2026-09-24T18:49:08Z,productcatalogservice,473.0,1535,0.95,0.30814332247557,0
2026-09-24T18:49:08Z,paymentservice,0.0,155,0.8,0.0,0
2026-09-24T18:49:08Z,recommendationservice,672.0,1150,0.8,0.5843478260869566,0
2026-09-24T18:49:08Z,shippingservice,79.0,770,0.8,0.1025974025974026,0
2026-09-24T18:49:08Z,currencyservice,236.0,770,0.8,0.3064935064935065,0
2026-09-24T18:49:08Z,emailservice,0.0,155,0.8,0.0,0
2026-09-24T18:49:08Z,adservice,98.0,1150,0.8,0.08521739130434783,0
2026-09-24T18:49:08Z,redis-cart,16.0,540,0.8,0.02962962962962963,0
2026-09-24T18:49:09Z,frontend,277.5,1150,0.8,0.24130434782608695,0
2026-09-24T18:49:09Z,cartservice,169.0,1920,0.95,0.08802083333333334,0
2026-09-24T18:49:09Z,checkoutservice,611.0,615,0.8,0.9934959349593496,1
2026-09-24T18:49:09Z,productcatalogservice,473.0,1535,0.95,0.30814332247557,0
2026-09-24T18:49:09Z,paymentservice,23.0,155,0.8,0.14838709677419354,0
2026-09-24T18:49:09Z,recommendationservice,672.0,1150,0.8,0.5843478260869566,0
2026-09-24T18:49:09Z,shippingservice,79.0,770,0.8,0.1025974025974026,0
2026-09-24T18:49:09Z,currencyservice,210.0,770,0.8,0.2727272727272727,0
2026-09-24T18:49:09Z,emailservice,0.0,155,0.8,0.0,0
2026-09-24T18:49:09Z,adservice,98.0,1150,0.8,0.08521739130434783,0
2026-09-24T18:49:09Z,redis-cart,20.0,540,0.8,0.037037037037037035,0
2026-09-24T18:49:10Z,frontend,269.75,1150,0.8,0.23456521739130434,0
2026-09-24T18:49:10Z,cartservice,186.0,1920,0.95,0.096875,0
2026-09-24T18:49:10Z,checkoutservice,611.0,615,0.8,0.9934959349593496,1
2026-09-24T18:49:10Z,productcatalogservice,492.0,1535,0.95,0.3205211726384365,0
2026-09-24T18:49:10Z,paymentservice,0.0,155,0.8,0.0,0
2026-09-24T18:49:10Z,recommendationservice,612.0,1150,0.8,0.5321739130434783,0
2026-09-24T18:49:10Z,shippingservice,82.0,770,0.8,0.10649350649350649,0
2026-09-24T18:49:10Z,currencyservice,210.0,770,0.8,0.2727272727272727,0
2026-09-24T18:49:10Z,emailservice,0.0,155,0.8,0.0,0
2026-09-24T18:49:10Z,adservice,81.0,1150,0.8,0.07043478260869565,0
2026-09-24T18:49:10Z,redis-cart,18.0,540,0.8,0.03333333333333333,0
2026-09-24T18:49:11Z,frontend,267.5,1150,0.8,0.2326086956521739,0
2026-09-24T18:49:11Z,cartservice,211.0,1920,0.95,0.10989583333333333,0
2026-09-24T18:49:11Z,checkoutservice,629.0,615,0.8,1.0227642276422764,1
2026-09-24T18:49:11Z,productcatalogservice,460.0,1535,0.95,0.2996742671009772,0
2026-09-24T18:49:11Z,paymentservice,0.0,155,0.8,0.0,0
2026-09-24T18:49:11Z,recommendationservice,612.0,1150,0.8,0.5321739130434783,0
2026-09-24T18:49:11Z,shippingservice,132.0,770,0.8,0.17142857142857143,0
2026-09-24T18:49:11Z,currencyservice,228.0,770,0.8,0.2961038961038961,0
2026-09-24T18:49:11Z,emailservice,28.0,155,0.8,0.18064516129032257,0
2026-09-24T18:49:11Z,adservice,81.0,1150,0.8,0.07043478260869565,0
2026-09-24T18:49:11Z,redis-cart,18.0,540,0.8,0.03333333333333333,0
2026-09-24T18:49:12Z,frontend,284.75,1150,0.8,0.24760869565217392,0
2026-09-24T18:49:12Z,cartservice,211.0,1920,0.95,0.10989583333333333,0
2026-09-24T18:49:12Z,checkoutservice,584.0,615,0.8,0.9495934959349593,1
2026-09-24T18:49:12Z,productcatalogservice,447.0,1535,0.95,0.29120521172638436,0
2026-09-24T18:49:12Z,paymentservice,0.0,155,0.8,0.0,0
2026-09-24T18:49:12Z,recommendationservice,570.0,1150,0.8,0.4956521739130435,0
2026-09-24T18:49:12Z,shippingservice,132.0,770,0.8,0.17142857142857143,0
2026-09-24T18:49:12Z,currencyservice,228.0,770,0.8,0.2961038961038961,0
2026-09-24T18:49:12Z,emailservice,28.0,155,0.8,0.18064516129032257,0
2026-09-24T18:49:12Z,adservice,90.0,1150,0.8,0.0782608695652174,0
2026-09-24T18:49:12Z,redis-cart,15.0,540,0.8,0.027777777777777776,0
2026-09-24T18:49:13Z,frontend,278.25,1150,0.8,0.24195652173913043,0
2026-09-24T18:49:13Z,cartservice,207.0,1920,0.95,0.1078125,0
2026-09-24T18:49:13Z,checkoutservice,624.0,615,0.8,1.0146341463414634,1
2026-09-24T18:49:13Z,productcatalogservice,521.0,1535,0.95,0.33941368078175893,0
2026-09-24T18:49:13Z,paymentservice,0.0,155,0.8,0.0,0
2026-09-24T18:49:13Z,recommendationservice,570.0,1150,0.8,0.4956521739130435,0
2026-09-24T18:49:13Z,shippingservice,84.0,770,0.8,0.10909090909090909,0
2026-09-24T18:49:13Z,currencyservice,175.0,770,0.8,0.22727272727272727,0
2026-09-24T18:49:13Z,emailservice,0.0,155,0.8,0.0,0
2026-09-24T18:49:13Z,adservice,86.0,1150,0.8,0.07478260869565218,0
2026-09-24T18:49:13Z,redis-cart,19.0,540,0.8,0.03518518518518519,0
2026-09-24T18:49:14Z,frontend,269.0,1150,0.8,0.23391304347826086,0
2026-09-24T18:49:14Z,cartservice,251.0,1920,0.95,0.13072916666666667,0
2026-09-24T18:49:14Z,checkoutservice,624.0,615,0.8,1.0146341463414634,1
2026-09-24T18:49:14Z,productcatalogservice,521.0,1535,0.95,0.33941368078175893,0
2026-09-24T18:49:14Z,paymentservice,0.0,155,0.8,0.0,0
2026-09-24T18:49:14Z,recommendationservice,618.0,1150,0.8,0.5373913043478261,0
2026-09-24T18:49:14Z,shippingservice,95.0,770,0.8,0.12337662337662338,0
2026-09-24T18:49:14Z,currencyservice,175.0,770,0.8,0.22727272727272727,0
2026-09-24T18:49:14Z,emailservice,0.0,155,0.8,0.0,0
2026-09-24T18:49:14Z,adservice,95.0,1150,0.8,0.08260869565217391,0
2026-09-24T18:49:14Z,redis-cart,19.0,540,0.8,0.03518518518518519,0
2026-09-24T18:49:15Z,frontend,287.5,1150,0.8,0.25,0
2026-09-24T18:49:15Z,cartservice,251.0,1920,0.95,0.13072916666666667,0
2026-09-24T18:49:15Z,checkoutservice,597.0,615,0.8,0.9707317073170731,1
2026-09-24T18:49:15Z,productcatalogservice,448.0,1535,0.95,0.29185667752442995,0
2026-09-24T18:49:15Z,paymentservice,0.0,155,0.8,0.0,0
2026-09-24T18:49:15Z,recommendationservice,618.0,1150,0.8,0.5373913043478261,0
2026-09-24T18:49:15Z,shippingservice,99.0,770,0.8,0.12857142857142856,0
2026-09-24T18:49:15Z,currencyservice,188.0,770,0.8,0.24415584415584415,0
2026-09-24T18:49:15Z,emailservice,33.0,155,0.8,0.2129032258064516,0
2026-09-24T18:49:15Z,adservice,95.0,1150,0.8,0.08260869565217391,0
2026-09-24T18:49:15Z,redis-cart,16.0,540,0.8,0.02962962962962963,0
2026-09-24T18:49:16Z,frontend,295.0,1150,0.8,0.2565217391304348,0
2026-09-24T18:49:16Z,cartservice,187.0,1920,0.95,0.09739583333333333,0
2026-09-24T18:49:16Z,checkoutservice,597.0,615,0.8,0.9707317073170731,1
2026-09-24T18:49:16Z,productcatalogservice,507.0,1535,0.95,0.33029315960912053,0
2026-09-24T18:49:16Z,paymentservice,0.0,155,0.8,0.0,0
2026-09-24T18:49:16Z,recommendationservice,652.0,1150,0.8,0.5669565217391305,0
2026-09-24T18:49:16Z,shippingservice,99.0,770,0.8,0.12857142857142856,0
2026-09-24T18:49:16Z,currencyservice,191.0,770,0.8,0.24805194805194805,0
2026-09-24T18:49:16Z,emailservice,33.0,155,0.8,0.2129032258064516,0
2026-09-24T18:49:16Z,adservice,74.0,1150,0.8,0.06434782608695652,0
2026-09-24T18:49:16Z,redis-cart,25.0,540,0.8,0.046296296296296294,0
2026-09-24T18:49:17Z,frontend,270.0,1150,0.8,0.23478260869565218,0
2026-09-24T18:49:17Z,cartservice,187.0,1920,0.95,0.09739583333333333,0
2026-09-24T18:49:17Z,checkoutservice,532.0,615,0.8,0.865040650406504,1
2026-09-24T18:49:17Z,productcatalogservice,507.0,1535,0.95,0.33029315960912053,0
2026-09-24T18:49:17Z,paymentservice,0.0,155,0.8,0.0,0
2026-09-24T18:49:17Z,recommendationservice,577.0,1150,0.8,0.5017391304347826,0
2026-09-24T18:49:17Z,shippingservice,82.0,770,0.8,0.10649350649350649,0
2026-09-24T18:49:17Z,currencyservice,202.0,770,0.8,0.2623376623376623,0
2026-09-24T18:49:17Z,emailservice,0.0,155,0.8,0.0,0
2026-09-24T18:49:17Z,adservice,74.0,1150,0.8,0.06434782608695652,0
2026-09-24T18:49:17Z,redis-cart,25.0,540,0.8,0.046296296296296294,0
2026-09-24T18:49:18Z,frontend,297.0,1150,0.8,0.2582608695652174,0
2026-09-24T18:49:18Z,cartservice,78.0,1920,0.95,0.040625,0
2026-09-24T18:49:18Z,checkoutservice,532.0,615,0.8,0.865040650406504,1
2026-09-24T18:49:18Z,productcatalogservice,493.0,1535,0.95,0.3211726384364821,0
2026-09-24T18:49:18Z,paymentservice,19.0,155,0.8,0.12258064516129032,0
2026-09-24T18:49:18Z,recommendationservice,648.0,1150,0.8,0.5634782608695652,0
2026-09-24T18:49:18Z,shippingservice,34.0,770,0.8,0.04415584415584416,0
2026-09-24T18:49:18Z,currencyservice,202.0,770,0.8,0.2623376623376623,0
2026-09-24T18:49:18Z,emailservice,0.0,155,0.8,0.0,0
2026-09-24T18:49:18Z,adservice,103.0,1150,0.8,0.08956521739130435,0
2026-09-24T18:49:18Z,redis-cart,12.0,540,0.8,0.022222222222222223,0
2026-09-24T18:49:19Z,frontend,297.5,1150,0.8,0.25869565217391305,0
2026-09-24T18:49:19Z,cartservice,147.0,1920,0.95,0.0765625,0
2026-09-24T18:49:19Z,checkoutservice,432.0,615,0.8,0.7024390243902439,0
2026-09-24T18:49:19Z,productcatalogservice,444.0,1535,0.95,0.28925081433224753,0
2026-09-24T18:49:19Z,paymentservice,19.0,155,0.8,0.12258064516129032,0
2026-09-24T18:49:19Z,recommendationservice,728.0,1150,0.8,0.6330434782608696,0
2026-09-24T18:49:19Z,shippingservice,71.0,770,0.8,0.09220779220779221,0
2026-09-24T18:49:19Z,currencyservice,185.0,770,0.8,0.24025974025974026,0
2026-09-24T18:49:19Z,emailservice,0.0,155,0.8,0.0,0
2026-09-24T18:49:19Z,adservice,90.0,1150,0.8,0.0782608695652174,0
2026-09-24T18:49:19Z,redis-cart,15.0,540,0.8,0.027777777777777776,0
2026-09-24T18:49:20Z,frontend,285.5,1150,0.8,0.2482608695652174,0
2026-09-24T18:49:20Z,cartservice,147.0,1920,0.95,0.0765625,0
2026-09-24T18:49:20Z,checkoutservice,438.0,615,0.8,0.7121951219512195,0
2026-09-24T18:49:20Z,productcatalogservice,540.0,1535,0.95,0.3517915309446254,0
2026-09-24T18:49:20Z,paymentservice,0.0,155,0.8,0.0,0
2026-09-24T18:49:20Z,recommendationservice,756.0,1150,0.8,0.6573913043478261,0
2026-09-24T18:49:20Z,shippingservice,46.0,770,0.8,0.05974025974025974,0
2026-09-24T18:49:20Z,currencyservice,207.0,770,0.8,0.2688311688311688,0
2026-09-24T18:49:20Z,emailservice,20.0,155,0.8,0.12903225806451613,0
2026-09-24T18:49:20Z,adservice,106.0,1150,0.8,0.09217391304347826,0
2026-09-24T18:49:20Z,redis-cart,12.0,540,0.8,0.022222222222222223,0
2026-09-24T18:49:21Z,frontend,289.25,1150,0.8,0.2515217391304348,0
2026-09-24T18:49:21Z,cartservice,161.0,1920,0.95,0.08385416666666666,0
2026-09-24T18:49:21Z,checkoutservice,0.0,615,0.8,0.0,0
2026-09-24T18:49:21Z,productcatalogservice,540.0,1535,0.95,0.3517915309446254,0
2026-09-24T18:49:21Z,paymentservice,0.0,155,0.8,0.0,0
2026-09-24T18:49:21Z,recommendationservice,756.0,1150,0.8,0.6573913043478261,0
2026-09-24T18:49:21Z,shippingservice,46.0,770,0.8,0.05974025974025974,0
2026-09-24T18:49:21Z,currencyservice,207.0,770,0.8,0.2688311688311688,0
2026-09-24T18:49:21Z,emailservice,20.0,155,0.8,0.12903225806451613,0
2026-09-24T18:49:21Z,adservice,106.0,1150,0.8,0.09217391304347826,0
2026-09-24T18:49:21Z,redis-cart,12.0,540,0.8,0.022222222222222223,0
2026-09-24T18:49:22Z,frontend,326.0,1150,0.8,0.28347826086956524,0
2026-09-24T18:49:22Z,cartservice,161.0,1920,0.95,0.08385416666666666,0
2026-09-24T18:49:22Z,checkoutservice,0.0,615,0.8,0.0,0
2026-09-24T18:49:22Z,productcatalogservice,541.0,1535,0.95,0.352442996742671,0
2026-09-24T18:49:22Z,paymentservice,0.0,155,0.8,0.0,0
2026-09-24T18:49:22Z,recommendationservice,737.0,1150,0.8,0.6408695652173914,0
2026-09-24T18:49:22Z,shippingservice,69.0,770,0.8,0.08961038961038961,0
2026-09-24T18:49:22Z,currencyservice,205.0,770,0.8,0.2662337662337662,0
2026-09-24T18:49:22Z,emailservice,0.0,155,0.8,0.0,0
2026-09-24T18:49:22Z,adservice,97.0,1150,0.8,0.08434782608695653,0
2026-09-24T18:49:22Z,redis-cart,12.0,540,0.8,0.022222222222222223,0
2026-09-24T18:49:23Z,frontend,354.75,1150,0.8,0.3084782608695652,0
2026-09-24T18:49:23Z,cartservice,99.0,1920,0.95,0.0515625,0
2026-09-24T18:49:23Z,checkoutservice,0.0,615,0.8,0.0,0
2026-09-24T18:49:23Z,productcatalogservice,541.0,1535,0.95,0.352442996742671,0
2026-09-24T18:49:23Z,paymentservice,0.0,155,0.8,0.0,0
2026-09-24T18:49:23Z,recommendationservice,737.0,1150,0.8,0.6408695652173914,0
2026-09-24T18:49:23Z,shippingservice,59.0,770,0.8,0.07662337662337662,0
2026-09-24T18:49:23Z,currencyservice,205.0,770,0.8,0.2662337662337662,0
2026-09-24T18:49:23Z,emailservice,0.0,155,0.8,0.0,0
2026-09-24T18:49:23Z,adservice,97.0,1150,0.8,0.08434782608695653,0
2026-09-24T18:49:23Z,redis-cart,16.0,540,0.8,0.02962962962962963,0
2026-09-24T18:49:24Z,frontend,370.25,1150,0.8,0.3219565217391304,0
2026-09-24T18:49:24Z,cartservice,97.0,1920,0.95,0.050520833333333334,0
2026-09-24T18:49:24Z,checkoutservice,0.0,615,0.8,0.0,0
2026-09-24T18:49:24Z,productcatalogservice,582.0,1535,0.95,0.3791530944625407,0
2026-09-24T18:49:24Z,paymentservice,0.0,155,0.8,0.0,0
2026-09-24T18:49:24Z,recommendationservice,835.0,1150,0.8,0.7260869565217392,0
2026-09-24T18:49:24Z,shippingservice,59.0,770,0.8,0.07662337662337662,0
2026-09-24T18:49:24Z,currencyservice,157.0,770,0.8,0.2038961038961039,0
2026-09-24T18:49:24Z,emailservice,0.0,155,0.8,0.0,0
2026-09-24T18:49:24Z,adservice,84.0,1150,0.8,0.07304347826086957,0
2026-09-24T18:49:24Z,redis-cart,13.0,540,0.8,0.024074074074074074,0
2026-09-24T18:49:25Z,frontend,348.5,1150,0.8,0.3030434782608696,0
2026-09-24T18:49:25Z,cartservice,97.0,1920,0.95,0.050520833333333334,0
2026-09-24T18:49:25Z,checkoutservice,0.0,615,0.8,0.0,0
2026-09-24T18:49:25Z,productcatalogservice,570.0,1535,0.95,0.3713355048859935,0
2026-09-24T18:49:25Z,paymentservice,0.0,155,0.8,0.0,0
2026-09-24T18:49:25Z,recommendationservice,750.0,1150,0.8,0.6521739130434783,0
2026-09-24T18:49:25Z,shippingservice,37.0,770,0.8,0.048051948051948054,0
2026-09-24T18:49:25Z,currencyservice,184.0,770,0.8,0.23896103896103896,0
2026-09-24T18:49:25Z,emailservice,8.0,155,0.8,0.05161290322580645,0
2026-09-24T18:49:25Z,adservice,89.0,1150,0.8,0.07739130434782608,0
2026-09-24T18:49:25Z,redis-cart,13.0,540,0.8,0.024074074074074074,0
2026-09-24T18:49:26Z,frontend,332.0,1150,0.8,0.288695652173913,0
2026-09-24T18:49:26Z,cartservice,161.0,1920,0.95,0.08385416666666666,0
2026-09-24T18:49:26Z,checkoutservice,0.0,615,0.8,0.0,0
2026-09-24T18:49:26Z,productcatalogservice,570.0,1535,0.95,0.3713355048859935,0
2026-09-24T18:49:26Z,paymentservice,0.0,155,0.8,0.0,0
2026-09-24T18:49:26Z,recommendationservice,777.0,1150,0.8,0.6756521739130434,0
2026-09-24T18:49:26Z,shippingservice,71.0,770,0.8,0.09220779220779221,0
2026-09-24T18:49:26Z,currencyservice,184.0,770,0.8,0.23896103896103896,0
2026-09-24T18:49:26Z,emailservice,8.0,155,0.8,0.05161290322580645,0
2026-09-24T18:49:26Z,adservice,113.0,1150,0.8,0.09826086956521739,0
2026-09-24T18:49:26Z,redis-cart,13.0,540,0.8,0.024074074074074074,0
2026-09-24T18:49:27Z,frontend,361.25,1150,0.8,0.3141304347826087,0
2026-09-24T18:49:27Z,cartservice,136.0,1920,0.95,0.07083333333333333,0
2026-09-24T18:49:27Z,checkoutservice,0.0,615,0.8,0.0,0
2026-09-24T18:49:27Z,productcatalogservice,522.0,1535,0.95,0.3400651465798046,0
2026-09-24T18:49:27Z,paymentservice,0.0,155,0.8,0.0,0
2026-09-24T18:49:27Z,recommendationservice,777.0,1150,0.8,0.6756521739130434,0
2026-09-24T18:49:27Z,shippingservice,44.0,770,0.8,0.05714285714285714,0
2026-09-24T18:49:27Z,currencyservice,152.0,770,0.8,0.1974025974025974,0
2026-09-24T18:49:27Z,emailservice,15.0,155,0.8,0.0967741935483871,0
2026-09-24T18:49:27Z,adservice,113.0,1150,0.8,0.09826086956521739,0
2026-09-24T18:49:27Z,redis-cart,14.0,540,0.8,0.025925925925925925,0
2026-09-24T18:49:28Z,frontend,332.75,1150,0.8,0.2893478260869565,0
2026-09-24T18:49:28Z,cartservice,136.0,1920,0.95,0.07083333333333333,0
2026-09-24T18:49:28Z,checkoutservice,0.0,615,0.8,0.0,0
2026-09-24T18:49:28Z,productcatalogservice,522.0,1535,0.95,0.3400651465798046,0
2026-09-24T18:49:28Z,paymentservice,23.0,155,0.8,0.14838709677419354,0
2026-09-24T18:49:28Z,recommendationservice,783.0,1150,0.8,0.6808695652173913,0
2026-09-24T18:49:28Z,shippingservice,44.0,770,0.8,0.05714285714285714,0
2026-09-24T18:49:28Z,currencyservice,206.0,770,0.8,0.2675324675324675,0
2026-09-24T18:49:28Z,emailservice,0.0,155,0.8,0.0,0
2026-09-24T18:49:28Z,adservice,84.0,1150,0.8,0.07304347826086957,0
2026-09-24T18:49:28Z,redis-cart,14.0,540,0.8,0.025925925925925925,0
2026-09-24T18:49:29Z,frontend,321.25,1150,0.8,0.2793478260869565,0
2026-09-24T18:49:29Z,cartservice,117.0,1920,0.95,0.0609375,0
2026-09-24T18:49:29Z,checkoutservice,0.0,615,0.8,0.0,0
2026-09-24T18:49:29Z,productcatalogservice,570.0,1535,0.95,0.3713355048859935,0
2026-09-24T18:49:29Z,paymentservice,23.0,155,0.8,0.14838709677419354,0
2026-09-24T18:49:29Z,recommendationservice,783.0,1150,0.8,0.6808695652173913,0
2026-09-24T18:49:29Z,shippingservice,49.0,770,0.8,0.06363636363636363,0
2026-09-24T18:49:29Z,currencyservice,206.0,770,0.8,0.2675324675324675,0
2026-09-24T18:49:29Z,emailservice,0.0,155,0.8,0.0,0
2026-09-24T18:49:29Z,adservice,94.0,1150,0.8,0.0817391304347826,0
2026-09-24T18:49:29Z,redis-cart,15.0,540,0.8,0.027777777777777776,0
2026-09-24T18:49:30Z,frontend,324.75,1150,0.8,0.2823913043478261,0
2026-09-24T18:49:30Z,cartservice,218.0,1920,0.95,0.11354166666666667,0
2026-09-24T18:49:30Z,checkoutservice,0.0,615,0.8,0.0,0
2026-09-24T18:49:30Z,productcatalogservice,572.0,1535,0.95,0.37263843648208467,0
2026-09-24T18:49:30Z,paymentservice,0.0,155,0.8,0.0,0
2026-09-24T18:49:30Z,recommendationservice,804.0,1150,0.8,0.6991304347826087,0
2026-09-24T18:49:30Z,shippingservice,49.0,770,0.8,0.06363636363636363,0
2026-09-24T18:49:30Z,currencyservice,125.0,770,0.8,0.16233766233766234,0
2026-09-24T18:49:30Z,emailservice,0.0,155,0.8,0.0,0
2026-09-24T18:49:30Z,adservice,94.0,1150,0.8,0.0817391304347826,0
2026-09-24T18:49:30Z,redis-cart,15.0,540,0.8,0.027777777777777776,0
2026-09-24T18:49:31Z,frontend,337.0,1150,0.8,0.29304347826086957,0
2026-09-24T18:49:31Z,cartservice,218.0,1920,0.95,0.11354166666666667,0
2026-09-24T18:49:31Z,checkoutservice,0.0,615,0.8,0.0,0
2026-09-24T18:49:31Z,productcatalogservice,572.0,1535,0.95,0.37263843648208467,0
2026-09-24T18:49:31Z,paymentservice,0.0,155,0.8,0.0,0
2026-09-24T18:49:31Z,recommendationservice,796.0,1150,0.8,0.6921739130434783,0
2026-09-24T18:49:31Z,shippingservice,60.0,770,0.8,0.07792207792207792,0
2026-09-24T18:49:31Z,currencyservice,125.0,770,0.8,0.16233766233766234,0
2026-09-24T18:49:31Z,emailservice,20.0,155,0.8,0.12903225806451613,0
2026-09-24T18:49:31Z,adservice,77.0,1150,0.8,0.06695652173913043,0
2026-09-24T18:49:31Z,redis-cart,12.0,540,0.8,0.022222222222222223,0
2026-09-24T18:49:32Z,frontend,350.5,1150,0.8,0.30478260869565216,0
2026-09-24T18:49:32Z,cartservice,160.0,1920,0.95,0.08333333333333333,0
2026-09-24T18:49:32Z,checkoutservice,0.0,615,0.8,0.0,0
2026-09-24T18:49:32Z,productcatalogservice,537.0,1535,0.95,0.3498371335504886,0
2026-09-24T18:49:32Z,paymentservice,0.0,155,0.8,0.0,0
2026-09-24T18:49:32Z,recommendationservice,727.0,1150,0.8,0.6321739130434783,0
2026-09-24T18:49:32Z,shippingservice,56.0,770,0.8,0.07272727272727272,0
2026-09-24T18:49:32Z,currencyservice,240.0,770,0.8,0.3116883116883117,0
2026-09-24T18:49:32Z,emailservice,0.0,155,0.8,0.0,0
2026-09-24T18:49:32Z,adservice,88.0,1150,0.8,0.07652173913043478,0
2026-09-24T18:49:32Z,redis-cart,12.0,540,0.8,0.022222222222222223,0
2026-09-24T18:49:33Z,frontend,354.5,1150,0.8,0.30826086956521737,0
2026-09-24T18:49:33Z,cartservice,169.0,1920,0.95,0.08802083333333334,0
2026-09-24T18:49:33Z,checkoutservice,0.0,615,0.8,0.0,0
2026-09-24T18:49:33Z,productcatalogservice,537.0,1535,0.95,0.3498371335504886,0
2026-09-24T18:49:33Z,paymentservice,0.0,155,0.8,0.0,0
2026-09-24T18:49:33Z,recommendationservice,761.0,1150,0.8,0.6617391304347826,0
2026-09-24T18:49:33Z,shippingservice,56.0,770,0.8,0.07272727272727272,0
2026-09-24T18:49:33Z,currencyservice,213.0,770,0.8,0.2766233766233766,0
2026-09-24T18:49:33Z,emailservice,0.0,155,0.8,0.0,0
2026-09-24T18:49:33Z,adservice,88.0,1150,0.8,0.07652173913043478,0
2026-09-24T18:49:33Z,redis-cart,12.0,540,0.8,0.022222222222222223,0
2026-09-24T18:49:34Z,frontend,330.0,1150,0.8,0.28695652173913044,0
2026-09-24T18:49:34Z,cartservice,127.0,1920,0.95,0.06614583333333333,0
2026-09-24T18:49:34Z,checkoutservice,0.0,615,0.8,0.0,0
2026-09-24T18:49:34Z,productcatalogservice,561.0,1535,0.95,0.36547231270358305,0
2026-09-24T18:49:34Z,paymentservice,0.0,155,0.8,0.0,0
2026-09-24T18:49:34Z,recommendationservice,761.0,1150,0.8,0.6617391304347826,0
2026-09-24T18:49:34Z,shippingservice,49.0,770,0.8,0.06363636363636363,0
2026-09-24T18:49:34Z,currencyservice,213.0,770,0.8,0.2766233766233766,0
2026-09-24T18:49:34Z,emailservice,0.0,155,0.8,0.0,0
2026-09-24T18:49:34Z,adservice,83.0,1150,0.8,0.07217391304347825,0
2026-09-24T18:49:34Z,redis-cart,13.0,540,0.8,0.024074074074074074,0
2026-09-24T18:49:35Z,frontend,305.0,1150,0.8,0.26521739130434785,0
2026-09-24T18:49:35Z,cartservice,127.0,1920,0.95,0.06614583333333333,0
2026-09-24T18:49:35Z,checkoutservice,0.0,615,0.8,0.0,0
2026-09-24T18:49:35Z,productcatalogservice,570.0,1535,0.95,0.3713355048859935,0
2026-09-24T18:49:35Z,paymentservice,0.0,155,0.8,0.0,0
2026-09-24T18:49:35Z,recommendationservice,767.0,1150,0.8,0.6669565217391304,0
2026-09-24T18:49:35Z,shippingservice,48.0,770,0.8,0.06233766233766234,0
2026-09-24T18:49:35Z,currencyservice,186.0,770,0.8,0.24155844155844156,0
2026-09-24T18:49:35Z,emailservice,0.0,155,0.8,0.0,0
2026-09-24T18:49:35Z,adservice,98.0,1150,0.8,0.08521739130434783,0
2026-09-24T18:49:35Z,redis-cart,13.0,540,0.8,0.024074074074074074,0
2026-09-24T18:49:36Z,frontend,316.75,1150,0.8,0.27543478260869564,0
2026-09-24T18:49:36Z,cartservice,121.0,1920,0.95,0.06302083333333333,0
2026-09-24T18:49:36Z,checkoutservice,0.0,615,0.8,0.0,0
2026-09-24T18:49:36Z,productcatalogservice,570.0,1535,0.95,0.3713355048859935,0
2026-09-24T18:49:36Z,paymentservice,0.0,155,0.8,0.0,0
2026-09-24T18:49:36Z,recommendationservice,767.0,1150,0.8,0.6669565217391304,0
2026-09-24T18:49:36Z,shippingservice,48.0,770,0.8,0.06233766233766234,0
2026-09-24T18:49:36Z,currencyservice,165.0,770,0.8,0.21428571428571427,0
2026-09-24T18:49:36Z,emailservice,18.0,155,0.8,0.11612903225806452,0
2026-09-24T18:49:36Z,adservice,98.0,1150,0.8,0.08521739130434783,0
2026-09-24T18:49:36Z,redis-cart,14.0,540,0.8,0.025925925925925925,0
2026-09-24T18:49:37Z,frontend,338.75,1150,0.8,0.29456521739130437,0
2026-09-24T18:49:37Z,cartservice,203.0,1920,0.95,0.10572916666666667,0
2026-09-24T18:49:37Z,checkoutservice,0.0,615,0.8,0.0,0
2026-09-24T18:49:37Z,productcatalogservice,535.0,1535,0.95,0.3485342019543974,0
2026-09-24T18:49:37Z,paymentservice,0.0,155,0.8,0.0,0
2026-09-24T18:49:37Z,recommendationservice,793.0,1150,0.8,0.6895652173913044,0
2026-09-24T18:49:37Z,shippingservice,62.0,770,0.8,0.08051948051948052,0
2026-09-24T18:49:37Z,currencyservice,145.0,770,0.8,0.18831168831168832,0
2026-09-24T18:49:37Z,emailservice,0.0,155,0.8,0.0,0
2026-09-24T18:49:37Z,adservice,107.0,1150,0.8,0.09304347826086956,0
2026-09-24T18:49:37Z,redis-cart,14.0,540,0.8,0.025925925925925925,0
2026-09-24T18:49:38Z,frontend,322.0,1150,0.8,0.28,0
2026-09-24T18:49:38Z,cartservice,153.0,1920,0.95,0.0796875,0
2026-09-24T18:49:38Z,checkoutservice,0.0,615,0.8,0.0,0
2026-09-24T18:49:38Z,productcatalogservice,535.0,1535,0.95,0.3485342019543974,0
2026-09-24T18:49:38Z,paymentservice,0.0,155,0.8,0.0,0
2026-09-24T18:49:38Z,recommendationservice,802.0,1150,0.8,0.697391304347826,0
2026-09-24T18:49:38Z,shippingservice,54.0,770,0.8,0.07012987012987013,0
2026-09-24T18:49:38Z,currencyservice,145.0,770,0.8,0.18831168831168832,0
2026-09-24T18:49:38Z,emailservice,0.0,155,0.8,0.0,0
2026-09-24T18:49:38Z,adservice,107.0,1150,0.8,0.09304347826086956,0
2026-09-24T18:49:38Z,redis-cart,12.0,540,0.8,0.022222222222222223,0
2026-09-24T18:49:39Z,frontend,346.75,1150,0.8,0.3015217391304348,0
2026-09-24T18:49:39Z,cartservice,153.0,1920,0.95,0.0796875,0
2026-09-24T18:49:39Z,checkoutservice,0.0,615,0.8,0.0,0
2026-09-24T18:49:39Z,productcatalogservice,562.0,1535,0.95,0.36612377850162864,0
2026-09-24T18:49:39Z,paymentservice,26.0,155,0.8,0.16774193548387098,0
2026-09-24T18:49:39Z,recommendationservice,802.0,1150,0.8,0.697391304347826,0
2026-09-24T18:49:39Z,shippingservice,54.0,770,0.8,0.07012987012987013,0
2026-09-24T18:49:39Z,currencyservice,173.0,770,0.8,0.22467532467532467,0
2026-09-24T18:49:39Z,emailservice,0.0,155,0.8,0.0,0
2026-09-24T18:49:39Z,adservice,90.0,1150,0.8,0.0782608695652174,0
2026-09-24T18:49:39Z,redis-cart,16.0,540,0.8,0.02962962962962963,0
2026-09-24T18:49:40Z,frontend,331.5,1150,0.8,0.2882608695652174,0
2026-09-24T18:49:40Z,cartservice,174.0,1920,0.95,0.090625,0
2026-09-24T18:49:40Z,checkoutservice,0.0,615,0.8,0.0,0
2026-09-24T18:49:40Z,productcatalogservice,611.0,1535,0.95,0.3980456026058632,0
2026-09-24T18:49:40Z,paymentservice,0.0,155,0.8,0.0,0
2026-09-24T18:49:40Z,recommendationservice,794.0,1150,0.8,0.6904347826086956,0
2026-09-24T18:49:40Z,shippingservice,43.0,770,0.8,0.05584415584415584,0
2026-09-24T18:49:40Z,currencyservice,173.0,770,0.8,0.22467532467532467,0
2026-09-24T18:49:40Z,emailservice,19.0,155,0.8,0.12258064516129032,0
2026-09-24T18:49:40Z,adservice,78.0,1150,0.8,0.06782608695652174,0
2026-09-24T18:49:40Z,redis-cart,16.0,540,0.8,0.02962962962962963,0
2026-09-24T18:49:41Z,frontend,348.5,1150,0.8,0.3030434782608696,0
2026-09-24T18:49:41Z,cartservice,172.0,1920,0.95,0.08958333333333333,0
2026-09-24T18:49:41Z,checkoutservice,0.0,615,0.8,0.0,0
2026-09-24T18:49:41Z,productcatalogservice,590.0,1535,0.95,0.38436482084690554,0
2026-09-24T18:49:41Z,paymentservice,0.0,155,0.8,0.0,0
2026-09-24T18:49:41Z,recommendationservice,838.0,1150,0.8,0.7286956521739131,0
2026-09-24T18:49:41Z,shippingservice,75.0,770,0.8,0.09740259740259741,0
2026-09-24T18:49:41Z,currencyservice,199.0,770,0.8,0.2584415584415584,0
2026-09-24T18:49:41Z,emailservice,19.0,155,0.8,0.12258064516129032,0
2026-09-24T18:49:41Z,adservice,107.0,1150,0.8,0.09304347826086956,0
2026-09-24T18:49:41Z,redis-cart,11.0,540,0.8,0.020370370370370372,0
2026-09-24T18:49:42Z,frontend,345.25,1150,0.8,0.3002173913043478,0
2026-09-24T18:49:42Z,cartservice,172.0,1920,0.95,0.08958333333333333,0
2026-09-24T18:49:42Z,checkoutservice,0.0,615,0.8,0.0,0
2026-09-24T18:49:42Z,productcatalogservice,590.0,1535,0.95,0.38436482084690554,0
2026-09-24T18:49:42Z,paymentservice,0.0,155,0.8,0.0,0
2026-09-24T18:49:42Z,recommendationservice,838.0,1150,0.8,0.7286956521739131,0
2026-09-24T18:49:42Z,shippingservice,75.0,770,0.8,0.09740259740259741,0
2026-09-24T18:49:42Z,currencyservice,199.0,770,0.8,0.2584415584415584,0
2026-09-24T18:49:42Z,emailservice,0.0,155,0.8,0.0,0
2026-09-24T18:49:42Z,adservice,107.0,1150,0.8,0.09304347826086956,0
2026-09-24T18:49:42Z,redis-cart,12.0,540,0.8,0.022222222222222223,0
2026-09-24T18:49:43Z,frontend,329.75,1150,0.8,0.2867391304347826,0
2026-09-24T18:49:43Z,cartservice,186.0,1920,0.95,0.096875,0
2026-09-24T18:49:43Z,checkoutservice,0.0,615,0.8,0.0,0
2026-09-24T18:49:43Z,productcatalogservice,578.0,1535,0.95,0.37654723127035833,0
2026-09-24T18:49:43Z,paymentservice,0.0,155,0.8,0.0,0
2026-09-24T18:49:43Z,recommendationservice,805.0,1150,0.8,0.7,0
2026-09-24T18:49:43Z,shippingservice,45.0,770,0.8,0.05844155844155844,0
2026-09-24T18:49:43Z,currencyservice,164.0,770,0.8,0.21298701298701297,0
2026-09-24T18:49:43Z,emailservice,0.0,155,0.8,0.0,0
2026-09-24T18:49:43Z,adservice,96.0,1150,0.8,0.08347826086956522,0
2026-09-24T18:49:43Z,redis-cart,19.0,540,0.8,0.03518518518518519,0
2026-09-24T18:49:44Z,frontend,344.25,1150,0.8,0.29934782608695654,0
2026-09-24T18:49:44Z,cartservice,186.0,1920,0.95,0.096875,0
2026-09-24T18:49:44Z,checkoutservice,0.0,615,0.8,0.0,0
2026-09-24T18:49:44Z,productcatalogservice,578.0,1535,0.95,0.37654723127035833,0
2026-09-24T18:49:44Z,paymentservice,0.0,155,0.8,0.0,0
2026-09-24T18:49:44Z,recommendationservice,805.0,1150,0.8,0.7,0
2026-09-24T18:49:44Z,shippingservice,36.0,770,0.8,0.046753246753246755,0
2026-09-24T18:49:44Z,currencyservice,164.0,770,0.8,0.21298701298701297,0
2026-09-24T18:49:44Z,emailservice,0.0,155,0.8,0.0,0
2026-09-24T18:49:44Z,adservice,96.0,1150,0.8,0.08347826086956522,0
2026-09-24T18:49:44Z,redis-cart,14.0,540,0.8,0.025925925925925925,0
2026-09-24T18:49:45Z,frontend,305.75,1150,0.8,0.2658695652173913,0
2026-09-24T18:49:45Z,cartservice,151.0,1920,0.95,0.07864583333333333,0
2026-09-24T18:49:45Z,checkoutservice,0.0,615,0.8,0.0,0
2026-09-24T18:49:45Z,productcatalogservice,536.0,1535,0.95,0.349185667752443,0
2026-09-24T18:49:45Z,paymentservice,0.0,155,0.8,0.0,0
2026-09-24T18:49:45Z,recommendationservice,776.0,1150,0.8,0.6747826086956522,0
2026-09-24T18:49:45Z,shippingservice,67.0,770,0.8,0.08701298701298701,0
2026-09-24T18:49:45Z,currencyservice,147.0,770,0.8,0.19090909090909092,0
2026-09-24T18:49:45Z,emailservice,0.0,155,0.8,0.0,0
2026-09-24T18:49:45Z,adservice,84.0,1150,0.8,0.07304347826086957,0
2026-09-24T18:49:45Z,redis-cart,13.0,540,0.8,0.024074074074074074,0
2026-09-24T18:49:46Z,frontend,305.75,1150,0.8,0.2658695652173913,0
2026-09-24T18:49:46Z,cartservice,133.0,1920,0.95,0.06927083333333334,0
2026-09-24T18:49:46Z,checkoutservice,0.0,615,0.8,0.0,0
2026-09-24T18:49:46Z,productcatalogservice,542.0,1535,0.95,0.35309446254071664,0
2026-09-24T18:49:46Z,paymentservice,0.0,155,0.8,0.0,0
2026-09-24T18:49:46Z,recommendationservice,776.0,1150,0.8,0.6747826086956522,0
2026-09-24T18:49:46Z,shippingservice,67.0,770,0.8,0.08701298701298701,0
2026-09-24T18:49:46Z,currencyservice,236.0,770,0.8,0.3064935064935065,0
2026-09-24T18:49:46Z,emailservice,29.0,155,0.8,0.1870967741935484,0
2026-09-24T18:49:46Z,adservice,74.0,1150,0.8,0.06434782608695652,0
2026-09-24T18:49:46Z,redis-cart,13.0,540,0.8,0.024074074074074074,0
2026-09-24T18:49:47Z,frontend,339.5,1150,0.8,0.2952173913043478,0
2026-09-24T18:49:47Z,cartservice,133.0,1920,0.95,0.06927083333333334,0
2026-09-24T18:49:47Z,checkoutservice,41.0,615,0.8,0.06666666666666667,0
2026-09-24T18:49:47Z,productcatalogservice,577.0,1535,0.95,0.3758957654723127,0
2026-09-24T18:49:47Z,paymentservice,0.0,155,0.8,0.0,0
2026-09-24T18:49:47Z,recommendationservice,736.0,1150,0.8,0.64,0
2026-09-24T18:49:47Z,shippingservice,45.0,770,0.8,0.05844155844155844,0
2026-09-24T18:49:47Z,currencyservice,236.0,770,0.8,0.3064935064935065,0
2026-09-24T18:49:47Z,emailservice,0.0,155,0.8,0.0,0
2026-09-24T18:49:47Z,adservice,113.0,1150,0.8,0.09826086956521739,0
2026-09-24T18:49:47Z,redis-cart,11.0,540,0.8,0.020370370370370372,0
2026-09-24T18:49:48Z,frontend,294.5,1150,0.8,0.25608695652173913,0
2026-09-24T18:49:48Z,cartservice,145.0,1920,0.95,0.07552083333333333,0
2026-09-24T18:49:48Z,checkoutservice,41.0,615,0.8,0.06666666666666667,0
2026-09-24T18:49:48Z,productcatalogservice,577.0,1535,0.95,0.3758957654723127,0
2026-09-24T18:49:48Z,paymentservice,45.0,155,0.8,0.2903225806451613,0
2026-09-24T18:49:48Z,recommendationservice,745.0,1150,0.8,0.6478260869565218,0
2026-09-24T18:49:48Z,shippingservice,70.0,770,0.8,0.09090909090909091,0
2026-09-24T18:49:48Z,currencyservice,156.0,770,0.8,0.2025974025974026,0
2026-09-24T18:49:48Z,emailservice,0.0,155,0.8,0.0,0
2026-09-24T18:49:48Z,adservice,113.0,1150,0.8,0.09826086956521739,0
2026-09-24T18:49:48Z,redis-cart,11.0,540,0.8,0.020370370370370372,0
2026-09-24T18:49:49Z,frontend,287.5,1150,0.8,0.25,0
2026-09-24T18:49:49Z,cartservice,289.0,1920,0.95,0.15052083333333333,0
2026-09-24T18:49:49Z,checkoutservice,607.0,615,0.8,0.9869918699186991,1
2026-09-24T18:49:49Z,productcatalogservice,420.0,1535,0.95,0.2736156351791531,0
2026-09-24T18:49:49Z,paymentservice,45.0,155,0.8,0.2903225806451613,0
2026-09-24T18:49:49Z,recommendationservice,745.0,1150,0.8,0.6478260869565218,0
2026-09-24T18:49:49Z,shippingservice,94.0,770,0.8,0.12207792207792208,0
2026-09-24T18:49:49Z,currencyservice,291.0,770,0.8,0.37792207792207794,0
2026-09-24T18:49:49Z,emailservice,6.0,155,0.8,0.03870967741935484,0
2026-09-24T18:49:49Z,adservice,73.0,1150,0.8,0.06347826086956522,0
2026-09-24T18:49:49Z,redis-cart,20.0,540,0.8,0.037037037037037035,0
2026-09-24T18:49:50Z,frontend,243.0,1150,0.8,0.21130434782608695,0
2026-09-24T18:49:50Z,cartservice,329.0,1920,0.95,0.17135416666666667,0
2026-09-24T18:49:50Z,checkoutservice,630.0,615,0.8,1.024390243902439,1
2026-09-24T18:49:50Z,productcatalogservice,499.0,1535,0.95,0.3250814332247557,0
2026-09-24T18:49:50Z,paymentservice,0.0,155,0.8,0.0,0
2026-09-24T18:49:50Z,recommendationservice,644.0,1150,0.8,0.56,0
2026-09-24T18:49:50Z,shippingservice,94.0,770,0.8,0.12207792207792208,0
2026-09-24T18:49:50Z,currencyservice,291.0,770,0.8,0.37792207792207794,0
2026-09-24T18:49:50Z,emailservice,23.0,155,0.8,0.14838709677419354,0
2026-09-24T18:49:50Z,adservice,73.0,1150,0.8,0.06347826086956522,0
2026-09-24T18:49:50Z,redis-cart,21.0,540,0.8,0.03888888888888889,0
2026-09-24T18:49:51Z,frontend,273.5,1150,0.8,0.23782608695652174,0
2026-09-24T18:49:51Z,cartservice,208.0,1920,0.95,0.10833333333333334,0
2026-09-24T18:49:51Z,checkoutservice,613.0,615,0.8,0.9967479674796748,1
2026-09-24T18:49:51Z,productcatalogservice,499.0,1535,0.95,0.3250814332247557,0
2026-09-24T18:49:51Z,paymentservice,0.0,155,0.8,0.0,0
2026-09-24T18:49:51Z,recommendationservice,583.0,1150,0.8,0.5069565217391304,0
2026-09-24T18:49:51Z,shippingservice,96.0,770,0.8,0.12467532467532468,0
2026-09-24T18:49:51Z,currencyservice,211.0,770,0.8,0.274025974025974,0
2026-09-24T18:49:51Z,emailservice,23.0,155,0.8,0.14838709677419354,0
2026-09-24T18:49:51Z,adservice,88.0,1150,0.8,0.07652173913043478,0
2026-09-24T18:49:51Z,redis-cart,21.0,540,0.8,0.03888888888888889,0
2026-09-24T18:49:52Z,frontend,256.25,1150,0.8,0.22282608695652173,0
2026-09-24T18:49:52Z,cartservice,260.0,1920,0.95,0.13541666666666666,0
2026-09-24T18:49:52Z,checkoutservice,613.0,615,0.8,0.9967479674796748,1
2026-09-24T18:49:52Z,productcatalogservice,367.0,1535,0.95,0.23908794788273616,0
2026-09-24T18:49:52Z,paymentservice,0.0,155,0.8,0.0,0
2026-09-24T18:49:52Z,recommendationservice,583.0,1150,0.8,0.5069565217391304,0
2026-09-24T18:49:52Z,shippingservice,99.0,770,0.8,0.12857142857142856,0
2026-09-24T18:49:52Z,currencyservice,236.0,770,0.8,0.3064935064935065,0
2026-09-24T18:49:52Z,emailservice,0.0,155,0.8,0.0,0
2026-09-24T18:49:52Z,adservice,119.0,1150,0.8,0.10347826086956521,0
2026-09-24T18:49:52Z,redis-cart,14.0,540,0.8,0.025925925925925925,0
2026-09-24T18:49:53Z,frontend,281.5,1150,0.8,0.2447826086956522,0
2026-09-24T18:49:53Z,cartservice,260.0,1920,0.95,0.13541666666666666,0
2026-09-24T18:49:53Z,checkoutservice,605.0,615,0.8,0.983739837398374,1
2026-09-24T18:49:53Z,productcatalogservice,471.0,1535,0.95,0.30684039087947884,0
2026-09-24T18:49:53Z,paymentservice,0.0,155,0.8,0.0,0
2026-09-24T18:49:53Z,recommendationservice,612.0,1150,0.8,0.5321739130434783,0
2026-09-24T18:49:53Z,shippingservice,99.0,770,0.8,0.12857142857142856,0
2026-09-24T18:49:53Z,currencyservice,236.0,770,0.8,0.3064935064935065,0
2026-09-24T18:49:53Z,emailservice,0.0,155,0.8,0.0,0
2026-09-24T18:49:53Z,adservice,119.0,1150,0.8,0.10347826086956521,0
2026-09-24T18:49:53Z,redis-cart,21.0,540,0.8,0.03888888888888889,0
2026-09-24T18:49:54Z,frontend,293.25,1150,0.8,0.255,0
2026-09-24T18:49:54Z,cartservice,315.0,1920,0.95,0.1640625,0
2026-09-24T18:49:54Z,checkoutservice,603.0,615,0.8,0.9804878048780488,1
2026-09-24T18:49:54Z,productcatalogservice,453.0,1535,0.95,0.29511400651465797,0
2026-09-24T18:49:54Z,paymentservice,0.0,155,0.8,0.0,0
2026-09-24T18:49:54Z,recommendationservice,673.0,1150,0.8,0.5852173913043478,0
2026-09-24T18:49:54Z,shippingservice,97.0,770,0.8,0.12597402597402596,0
2026-09-24T18:49:54Z,currencyservice,187.0,770,0.8,0.24285714285714285,0
2026-09-24T18:49:54Z,emailservice,0.0,155,0.8,0.0,0
2026-09-24T18:49:54Z,adservice,92.0,1150,0.8,0.08,0
2026-09-24T18:49:54Z,redis-cart,21.0,540,0.8,0.03888888888888889,0
2026-09-24T18:49:55Z,frontend,288.75,1150,0.8,0.2510869565217391,0
2026-09-24T18:49:55Z,cartservice,231.0,1920,0.95,0.1203125,0
2026-09-24T18:49:55Z,checkoutservice,617.0,615,0.8,1.0032520325203251,1
2026-09-24T18:49:55Z,productcatalogservice,453.0,1535,0.95,0.29511400651465797,0
2026-09-24T18:49:55Z,paymentservice,0.0,155,0.8,0.0,0
2026-09-24T18:49:55Z,recommendationservice,673.0,1150,0.8,0.5852173913043478,0
2026-09-24T18:49:55Z,shippingservice,97.0,770,0.8,0.12597402597402596,0
2026-09-24T18:49:55Z,currencyservice,187.0,770,0.8,0.24285714285714285,0
2026-09-24T18:49:55Z,emailservice,19.0,155,0.8,0.12258064516129032,0
2026-09-24T18:49:55Z,adservice,92.0,1150,0.8,0.08,0
2026-09-24T18:49:55Z,redis-cart,19.0,540,0.8,0.03518518518518519,0
2026-09-24T18:49:56Z,frontend,275.0,1150,0.8,0.2391304347826087,0
2026-09-24T18:49:56Z,cartservice,231.0,1920,0.95,0.1203125,0
2026-09-24T18:49:56Z,checkoutservice,617.0,615,0.8,1.0032520325203251,1
2026-09-24T18:49:56Z,productcatalogservice,467.0,1535,0.95,0.3042345276872964,0
2026-09-24T18:49:56Z,paymentservice,0.0,155,0.8,0.0,0
2026-09-24T18:49:56Z,recommendationservice,640.0,1150,0.8,0.5565217391304348,0
2026-09-24T18:49:56Z,shippingservice,114.0,770,0.8,0.14805194805194805,0
2026-09-24T18:49:56Z,currencyservice,210.0,770,0.8,0.2727272727272727,0
2026-09-24T18:49:56Z,emailservice,19.0,155,0.8,0.12258064516129032,0
2026-09-24T18:49:56Z,adservice,80.0,1150,0.8,0.06956521739130435,0
2026-09-24T18:49:56Z,redis-cart,22.0,540,0.8,0.040740740740740744,0
2026-09-24T18:49:57Z,frontend,279.75,1150,0.8,0.2432608695652174,0
2026-09-24T18:49:57Z,cartservice,260.0,1920,0.95,0.13541666666666666,0
2026-09-24T18:49:57Z,checkoutservice,592.0,615,0.8,0.9626016260162602,1
2026-09-24T18:49:57Z,productcatalogservice,491.0,1535,0.95,0.3198697068403909,0
2026-09-24T18:49:57Z,paymentservice,0.0,155,0.8,0.0,0
2026-09-24T18:49:57Z,recommendationservice,576.0,1150,0.8,0.5008695652173913,0
2026-09-24T18:49:57Z,shippingservice,114.0,770,0.8,0.14805194805194805,0
2026-09-24T18:49:57Z,currencyservice,288.0,770,0.8,0.37402597402597404,0
2026-09-24T18:49:57Z,emailservice,0.0,155,0.8,0.0,0
2026-09-24T18:49:57Z,adservice,78.0,1150,0.8,0.06782608695652174,0
2026-09-24T18:49:57Z,redis-cart,22.0,540,0.8,0.040740740740740744,0
2026-09-24T18:49:58Z,frontend,286.25,1150,0.8,0.24891304347826088,0
2026-09-24T18:49:58Z,cartservice,260.0,1920,0.95,0.13541666666666666,0
2026-09-24T18:49:58Z,checkoutservice,641.0,615,0.8,1.0422764227642276,1
2026-09-24T18:49:58Z,productcatalogservice,491.0,1535,0.95,0.3198697068403909,0
2026-09-24T18:49:58Z,paymentservice,0.0,155,0.8,0.0,0
2026-09-24T18:49:58Z,recommendationservice,696.0,1150,0.8,0.6052173913043478,0
2026-09-24T18:49:58Z,shippingservice,93.0,770,0.8,0.12077922077922078,0
2026-09-24T18:49:58Z,currencyservice,288.0,770,0.8,0.37402597402597404,0
2026-09-24T18:49:58Z,emailservice,0.0,155,0.8,0.0,0
2026-09-24T18:49:58Z,adservice,78.0,1150,0.8,0.06782608695652174,0
2026-09-24T18:49:58Z,redis-cart,17.0,540,0.8,0.03148148148148148,0
2026-09-24T18:49:59Z,frontend,263.0,1150,0.8,0.22869565217391305,0
2026-09-24T18:49:59Z,cartservice,211.0,1920,0.95,0.10989583333333333,0
2026-09-24T18:49:59Z,checkoutservice,592.0,615,0.8,0.9626016260162602,1
2026-09-24T18:49:59Z,productcatalogservice,483.0,1535,0.95,0.31465798045602605,0
2026-09-24T18:49:59Z,paymentservice,20.0,155,0.8,0.12903225806451613,0
2026-09-24T18:49:59Z,recommendationservice,696.0,1150,0.8,0.6052173913043478,0
2026-09-24T18:49:59Z,shippingservice,93.0,770,0.8,0.12077922077922078,0
2026-09-24T18:49:59Z,currencyservice,203.0,770,0.8,0.2636363636363636,0
2026-09-24T18:49:59Z,emailservice,0.0,155,0.8,0.0,0
2026-09-24T18:49:59Z,adservice,92.0,1150,0.8,0.08,0
2026-09-24T18:49:59Z,redis-cart,18.0,540,0.8,0.03333333333333333,0
2026-09-24T18:50:00Z,frontend,276.75,1150,0.8,0.24065217391304347,0
2026-09-24T18:50:00Z,cartservice,237.0,1920,0.95,0.1234375,0
2026-09-24T18:50:00Z,checkoutservice,592.0,615,0.8,0.9626016260162602,1
2026-09-24T18:50:00Z,productcatalogservice,483.0,1535,0.95,0.31465798045602605,0
2026-09-24T18:50:00Z,paymentservice,0.0,155,0.8,0.0,0
2026-09-24T18:50:00Z,recommendationservice,515.0,1150,0.8,0.44782608695652176,0
2026-09-24T18:50:00Z,shippingservice,92.0,770,0.8,0.11948051948051948,0
2026-09-24T18:50:00Z,currencyservice,200.0,770,0.8,0.2597402597402597,0
2026-09-24T18:50:00Z,emailservice,0.0,155,0.8,0.0,0
2026-09-24T18:50:00Z,adservice,81.0,1150,0.8,0.07043478260869565,0
2026-09-24T18:50:00Z,redis-cart,18.0,540,0.8,0.03333333333333333,0
2026-09-24T18:50:01Z,frontend,278.75,1150,0.8,0.24239130434782608,0
2026-09-24T18:50:01Z,cartservice,306.0,1920,0.95,0.159375,0
2026-09-24T18:50:01Z,checkoutservice,619.0,615,0.8,1.0065040650406505,1
2026-09-24T18:50:01Z,productcatalogservice,458.0,1535,0.95,0.298371335504886,0
2026-09-24T18:50:01Z,paymentservice,0.0,155,0.8,0.0,0
2026-09-24T18:50:01Z,recommendationservice,641.0,1150,0.8,0.5573913043478261,0
2026-09-24T18:50:01Z,shippingservice,112.0,770,0.8,0.14545454545454545,0
2026-09-24T18:50:01Z,currencyservice,234.0,770,0.8,0.3038961038961039,0
2026-09-24T18:50:01Z,emailservice,26.0,155,0.8,0.16774193548387098,0
2026-09-24T18:50:01Z,adservice,81.0,1150,0.8,0.07043478260869565,0
2026-09-24T18:50:01Z,redis-cart,16.0,540,0.8,0.02962962962962963,0
2026-09-24T18:50:02Z,frontend,273.75,1150,0.8,0.23804347826086958,0
2026-09-24T18:50:02Z,cartservice,261.0,1920,0.95,0.1359375,0
2026-09-24T18:50:02Z,checkoutservice,619.0,615,0.8,1.0065040650406505,1
2026-09-24T18:50:02Z,productcatalogservice,458.0,1535,0.95,0.298371335504886,0
2026-09-24T18:50:02Z,paymentservice,0.0,155,0.8,0.0,0
2026-09-24T18:50:02Z,recommendationservice,641.0,1150,0.8,0.5573913043478261,0
2026-09-24T18:50:02Z,shippingservice,112.0,770,0.8,0.14545454545454545,0
2026-09-24T18:50:02Z,currencyservice,203.0,770,0.8,0.2636363636363636,0
2026-09-24T18:50:02Z,emailservice,26.0,155,0.8,0.16774193548387098,0
2026-09-24T18:50:02Z,adservice,92.0,1150,0.8,0.08,0
2026-09-24T18:50:02Z,redis-cart,16.0,540,0.8,0.02962962962962963,0
2026-09-24T18:50:03Z,frontend,290.75,1150,0.8,0.25282608695652176,0
2026-09-24T18:50:03Z,cartservice,261.0,1920,0.95,0.1359375,0
2026-09-24T18:50:03Z,checkoutservice,598.0,615,0.8,0.9723577235772358,1
2026-09-24T18:50:03Z,productcatalogservice,460.0,1535,0.95,0.2996742671009772,0
2026-09-24T18:50:03Z,paymentservice,0.0,155,0.8,0.0,0
2026-09-24T18:50:03Z,recommendationservice,587.0,1150,0.8,0.5104347826086957,0
2026-09-24T18:50:03Z,shippingservice,85.0,770,0.8,0.11038961038961038,0
2026-09-24T18:50:03Z,currencyservice,203.0,770,0.8,0.2636363636363636,0
2026-09-24T18:50:03Z,emailservice,0.0,155,0.8,0.0,0
2026-09-24T18:50:03Z,adservice,76.0,1150,0.8,0.06608695652173913,0
2026-09-24T18:50:03Z,redis-cart,17.0,540,0.8,0.03148148148148148,0
2026-09-24T18:50:04Z,frontend,282.25,1150,0.8,0.24543478260869564,0
2026-09-24T18:50:04Z,cartservice,265.0,1920,0.95,0.13802083333333334,0
2026-09-24T18:50:04Z,checkoutservice,631.0,615,0.8,1.0260162601626017,1
2026-09-24T18:50:04Z,productcatalogservice,469.0,1535,0.95,0.3055374592833876,0
2026-09-24T18:50:04Z,paymentservice,0.0,155,0.8,0.0,0
2026-09-24T18:50:04Z,recommendationservice,587.0,1150,0.8,0.5104347826086957,0
2026-09-24T18:50:04Z,shippingservice,79.0,770,0.8,0.1025974025974026,0
2026-09-24T18:50:04Z,currencyservice,182.0,770,0.8,0.23636363636363636,0
2026-09-24T18:50:04Z,emailservice,0.0,155,0.8,0.0,0
2026-09-24T18:50:04Z,adservice,76.0,1150,0.8,0.06608695652173913,0
2026-09-24T18:50:04Z,redis-cart,19.0,540,0.8,0.03518518518518519,0
2026-09-24T18:50:05Z,frontend,280.5,1150,0.8,0.24391304347826087,0
2026-09-24T18:50:05Z,cartservice,265.0,1920,0.95,0.13802083333333334,0
2026-09-24T18:50:05Z,checkoutservice,631.0,615,0.8,1.0260162601626017,1
2026-09-24T18:50:05Z,productcatalogservice,461.0,1535,0.95,0.3003257328990228,0
2026-09-24T18:50:05Z,paymentservice,0.0,155,0.8,0.0,0
2026-09-24T18:50:05Z,recommendationservice,602.0,1150,0.8,0.5234782608695652,0
2026-09-24T18:50:05Z,shippingservice,79.0,770,0.8,0.1025974025974026,0
2026-09-24T18:50:05Z,currencyservice,273.0,770,0.8,0.35454545454545455,0
2026-09-24T18:50:05Z,emailservice,32.0,155,0.8,0.2064516129032258,0
2026-09-24T18:50:05Z,adservice,87.0,1150,0.8,0.07565217391304348,0
2026-09-24T18:50:05Z,redis-cart,19.0,540,0.8,0.03518518518518519,0
2026-09-24T18:50:06Z,frontend,278.25,1150,0.8,0.24195652173913043,0
2026-09-24T18:50:06Z,cartservice,202.0,1920,0.95,0.10520833333333333,0
2026-09-24T18:50:06Z,checkoutservice,599.0,615,0.8,0.9739837398373984,1
2026-09-24T18:50:06Z,productcatalogservice,461.0,1535,0.95,0.3003257328990228,0
2026-09-24T18:50:06Z,paymentservice,0.0,155,0.8,0.0,0
2026-09-24T18:50:06Z,recommendationservice,602.0,1150,0.8,0.5234782608695652,0
2026-09-24T18:50:06Z,shippingservice,88.0,770,0.8,0.11428571428571428,0
2026-09-24T18:50:06Z,currencyservice,273.0,770,0.8,0.35454545454545455,0
2026-09-24T18:50:06Z,emailservice,32.0,155,0.8,0.2064516129032258,0
2026-09-24T18:50:06Z,adservice,87.0,1150,0.8,0.07565217391304348,0
2026-09-24T18:50:06Z,redis-cart,14.0,540,0.8,0.025925925925925925,0
2026-09-24T18:50:07Z,frontend,268.5,1150,0.8,0.23347826086956522,0
2026-09-24T18:50:07Z,cartservice,262.0,1920,0.95,0.13645833333333332,0
2026-09-24T18:50:07Z,checkoutservice,598.0,615,0.8,0.9723577235772358,1
2026-09-24T18:50:07Z,productcatalogservice,509.0,1535,0.95,0.3315960912052117,0
2026-09-24T18:50:07Z,paymentservice,0.0,155,0.8,0.0,0
2026-09-24T18:50:07Z,recommendationservice,682.0,1150,0.8,0.5930434782608696,0
2026-09-24T18:50:07Z,shippingservice,100.0,770,0.8,0.12987012987012986,0
2026-09-24T18:50:07Z,currencyservice,211.0,770,0.8,0.274025974025974,0
2026-09-24T18:50:07Z,emailservice,0.0,155,0.8,0.0,0
2026-09-24T18:50:07Z,adservice,103.0,1150,0.8,0.08956521739130435,0
2026-09-24T18:50:07Z,redis-cart,20.0,540,0.8,0.037037037037037035,0
2026-09-24T18:50:08Z,frontend,258.0,1150,0.8,0.22434782608695653,0
2026-09-24T18:50:08Z,cartservice,262.0,1920,0.95,0.13645833333333332,0
2026-09-24T18:50:08Z,checkoutservice,629.0,615,0.8,1.0227642276422764,1
2026-09-24T18:50:08Z,productcatalogservice,455.0,1535,0.95,0.2964169381107492,0
2026-09-24T18:50:08Z,paymentservice,0.0,155,0.8,0.0,0
2026-09-24T18:50:08Z,recommendationservice,633.0,1150,0.8,0.5504347826086956,0
2026-09-24T18:50:08Z,shippingservice,82.0,770,0.8,0.10649350649350649,0
2026-09-24T18:50:08Z,currencyservice,194.0,770,0.8,0.2519480519480519,0
2026-09-24T18:50:08Z,emailservice,0.0,155,0.8,0.0,0
2026-09-24T18:50:08Z,adservice,92.0,1150,0.8,0.08,0
2026-09-24T18:50:08Z,redis-cart,17.0,540,0.8,0.03148148148148148,0
2026-09-24T18:50:09Z,frontend,277.5,1150,0.8,0.24130434782608695,0
2026-09-24T18:50:09Z,cartservice,273.0,1920,0.95,0.1421875,0
2026-09-24T18:50:09Z,checkoutservice,629.0,615,0.8,1.0227642276422764,1
2026-09-24T18:50:09Z,productcatalogservice,458.0,1535,0.95,0.298371335504886,0
2026-09-24T18:50:09Z,paymentservice,17.0,155,0.8,0.10967741935483871,0
2026-09-24T18:50:09Z,recommendationservice,633.0,1150,0.8,0.5504347826086956,0
2026-09-24T18:50:09Z,shippingservice,82.0,770,0.8,0.10649350649350649,0
2026-09-24T18:50:09Z,currencyservice,194.0,770,0.8,0.2519480519480519,0
2026-09-24T18:50:09Z,emailservice,0.0,155,0.8,0.0,0
2026-09-24T18:50:09Z,adservice,92.0,1150,0.8,0.08,0
2026-09-24T18:50:09Z,redis-cart,17.0,540,0.8,0.03148148148148148,0
2026-09-24T18:50:10Z,frontend,269.5,1150,0.8,0.23434782608695653,0
2026-09-24T18:50:10Z,cartservice,271.0,1920,0.95,0.14114583333333333,0
2026-09-24T18:50:10Z,checkoutservice,591.0,615,0.8,0.9609756097560975,1
2026-09-24T18:50:10Z,productcatalogservice,474.0,1535,0.95,0.3087947882736156,0
2026-09-24T18:50:10Z,paymentservice,17.0,155,0.8,0.10967741935483871,0
2026-09-24T18:50:10Z,recommendationservice,676.0,1150,0.8,0.5878260869565217,0
2026-09-24T18:50:10Z,shippingservice,76.0,770,0.8,0.0987012987012987,0
2026-09-24T18:50:10Z,currencyservice,234.0,770,0.8,0.3038961038961039,0
2026-09-24T18:50:10Z,emailservice,0.0,155,0.8,0.0,0
2026-09-24T18:50:10Z,adservice,99.0,1150,0.8,0.08608695652173913,0
2026-09-24T18:50:10Z,redis-cart,17.0,540,0.8,0.03148148148148148,0
2026-09-24T18:50:11Z,frontend,285.5,1150,0.8,0.2482608695652174,0
2026-09-24T18:50:11Z,cartservice,271.0,1920,0.95,0.14114583333333333,0
2026-09-24T18:50:11Z,checkoutservice,591.0,615,0.8,0.9609756097560975,1
2026-09-24T18:50:11Z,productcatalogservice,509.0,1535,0.95,0.3315960912052117,0
2026-09-24T18:50:11Z,paymentservice,0.0,155,0.8,0.0,0
2026-09-24T18:50:11Z,recommendationservice,676.0,1150,0.8,0.5878260869565217,0
2026-09-24T18:50:11Z,shippingservice,122.0,770,0.8,0.15844155844155844,0
2026-09-24T18:50:11Z,currencyservice,234.0,770,0.8,0.3038961038961039,0
2026-09-24T18:50:11Z,emailservice,20.0,155,0.8,0.12903225806451613,0
2026-09-24T18:50:11Z,adservice,76.0,1150,0.8,0.06608695652173913,0
2026-09-24T18:50:11Z,redis-cart,18.0,540,0.8,0.03333333333333333,0
2026-09-24T18:50:12Z,frontend,284.25,1150,0.8,0.24717391304347827,0
2026-09-24T18:50:12Z,cartservice,195.0,1920,0.95,0.1015625,0
2026-09-24T18:50:12Z,checkoutservice,606.0,615,0.8,0.9853658536585366,1
2026-09-24T18:50:12Z,productcatalogservice,509.0,1535,0.95,0.3315960912052117,0
2026-09-24T18:50:12Z,paymentservice,0.0,155,0.8,0.0,0
2026-09-24T18:50:12Z,recommendationservice,648.0,1150,0.8,0.5634782608695652,0
2026-09-24T18:50:12Z,shippingservice,122.0,770,0.8,0.15844155844155844,0
2026-09-24T18:50:12Z,currencyservice,208.0,770,0.8,0.2701298701298701,0
2026-09-24T18:50:12Z,emailservice,20.0,155,0.8,0.12903225806451613,0
2026-09-24T18:50:12Z,adservice,94.0,1150,0.8,0.0817391304347826,0
2026-09-24T18:50:12Z,redis-cart,18.0,540,0.8,0.03333333333333333,0
2026-09-24T18:50:13Z,frontend,310.0,1150,0.8,0.26956521739130435,0
2026-09-24T18:50:13Z,cartservice,347.0,1920,0.95,0.18072916666666666,0
2026-09-24T18:50:13Z,checkoutservice,606.0,615,0.8,0.9853658536585366,1
2026-09-24T18:50:13Z,productcatalogservice,503.0,1535,0.95,0.3276872964169381,0
2026-09-24T18:50:13Z,paymentservice,0.0,155,0.8,0.0,0
2026-09-24T18:50:13Z,recommendationservice,707.0,1150,0.8,0.6147826086956522,0
2026-09-24T18:50:13Z,shippingservice,74.0,770,0.8,0.09610389610389611,0
2026-09-24T18:50:13Z,currencyservice,261.0,770,0.8,0.33896103896103896,0
2026-09-24T18:50:13Z,emailservice,0.0,155,0.8,0.0,0
2026-09-24T18:50:13Z,adservice,110.0,1150,0.8,0.09565217391304348,0
2026-09-24T18:50:13Z,redis-cart,19.0,540,0.8,0.03518518518518519,0
2026-09-24T18:50:14Z,frontend,305.5,1150,0.8,0.26565217391304347,0
2026-09-24T18:50:14Z,cartservice,347.0,1920,0.95,0.18072916666666666,0
2026-09-24T18:50:14Z,checkoutservice,628.0,615,0.8,1.021138211382114,1
2026-09-24T18:50:14Z,productcatalogservice,503.0,1535,0.95,0.3276872964169381,0
2026-09-24T18:50:14Z,paymentservice,0.0,155,0.8,0.0,0
2026-09-24T18:50:14Z,recommendationservice,701.0,1150,0.8,0.6095652173913043,0
2026-09-24T18:50:14Z,shippingservice,109.0,770,0.8,0.14155844155844155,0
2026-09-24T18:50:14Z,currencyservice,261.0,770,0.8,0.33896103896103896,0
2026-09-24T18:50:14Z,emailservice,0.0,155,0.8,0.0,0
2026-09-24T18:50:14Z,adservice,97.0,1150,0.8,0.08434782608695653,0
2026-09-24T18:50:14Z,redis-cart,16.0,540,0.8,0.02962962962962963,0
2026-09-24T18:50:15Z,frontend,257.75,1150,0.8,0.2241304347826087,0
2026-09-24T18:50:15Z,cartservice,226.0,1920,0.95,0.11770833333333333,0
2026-09-24T18:50:15Z,checkoutservice,628.0,615,0.8,1.021138211382114,1
2026-09-24T18:50:15Z,productcatalogservice,450.0,1535,0.95,0.2931596091205212,0
2026-09-24T18:50:15Z,paymentservice,0.0,155,0.8,0.0,0
2026-09-24T18:50:15Z,recommendationservice,662.0,1150,0.8,0.5756521739130435,0
2026-09-24T18:50:15Z,shippingservice,84.0,770,0.8,0.10909090909090909,0
2026-09-24T18:50:15Z,currencyservice,219.0,770,0.8,0.2844155844155844,0
2026-09-24T18:50:15Z,emailservice,0.0,155,0.8,0.0,0
2026-09-24T18:50:15Z,adservice,97.0,1150,0.8,0.08434782608695653,0
2026-09-24T18:50:15Z,redis-cart,16.0,540,0.8,0.02962962962962963,0
2026-09-24T18:50:16Z,frontend,296.75,1150,0.8,0.25804347826086954,0
2026-09-24T18:50:16Z,cartservice,272.0,1920,0.95,0.14166666666666666,0
2026-09-24T18:50:16Z,checkoutservice,585.0,615,0.8,0.9512195121951219,1
2026-09-24T18:50:16Z,productcatalogservice,475.0,1535,0.95,0.30944625407166126,0
2026-09-24T18:50:16Z,paymentservice,0.0,155,0.8,0.0,0
2026-09-24T18:50:16Z,recommendationservice,662.0,1150,0.8,0.5756521739130435,0
2026-09-24T18:50:16Z,shippingservice,84.0,770,0.8,0.10909090909090909,0
2026-09-24T18:50:16Z,currencyservice,219.0,770,0.8,0.2844155844155844,0
2026-09-24T18:50:16Z,emailservice,25.0,155,0.8,0.16129032258064516,0
2026-09-24T18:50:16Z,adservice,91.0,1150,0.8,0.0791304347826087,0
2026-09-24T18:50:16Z,redis-cart,19.0,540,0.8,0.03518518518518519,0
2026-09-24T18:50:17Z,frontend,310.5,1150,0.8,0.27,0
2026-09-24T18:50:17Z,cartservice,272.0,1920,0.95,0.14166666666666666,0
2026-09-24T18:50:17Z,checkoutservice,643.0,615,0.8,1.0455284552845527,1
2026-09-24T18:50:17Z,productcatalogservice,475.0,1535,0.95,0.30944625407166126,0
2026-09-24T18:50:17Z,paymentservice,0.0,155,0.8,0.0,0
2026-09-24T18:50:17Z,recommendationservice,594.0,1150,0.8,0.5165217391304348,0
2026-09-24T18:50:17Z,shippingservice,89.0,770,0.8,0.11558441558441558,0
2026-09-24T18:50:17Z,currencyservice,166.0,770,0.8,0.21558441558441557,0
2026-09-24T18:50:17Z,emailservice,25.0,155,0.8,0.16129032258064516,0
2026-09-24T18:50:17Z,adservice,91.0,1150,0.8,0.0791304347826087,0
2026-09-24T18:50:17Z,redis-cart,19.0,540,0.8,0.03518518518518519,0
2026-09-24T18:50:18Z,frontend,256.5,1150,0.8,0.22304347826086957,0
2026-09-24T18:50:18Z,cartservice,252.0,1920,0.95,0.13125,0
2026-09-24T18:50:18Z,checkoutservice,591.0,615,0.8,0.9609756097560975,1
2026-09-24T18:50:18Z,productcatalogservice,474.0,1535,0.95,0.3087947882736156,0
2026-09-24T18:50:18Z,paymentservice,0.0,155,0.8,0.0,0
2026-09-24T18:50:18Z,recommendationservice,594.0,1150,0.8,0.5165217391304348,0
2026-09-24T18:50:18Z,shippingservice,104.0,770,0.8,0.13506493506493505,0
2026-09-24T18:50:18Z,currencyservice,240.0,770,0.8,0.3116883116883117,0
2026-09-24T18:50:18Z,emailservice,0.0,155,0.8,0.0,0
2026-09-24T18:50:18Z,adservice,79.0,1150,0.8,0.06869565217391305,0
2026-09-24T18:50:18Z,redis-cart,16.0,540,0.8,0.02962962962962963,0
2026-09-24T18:50:19Z,frontend,281.25,1150,0.8,0.24456521739130435,0
2026-09-24T18:50:19Z,cartservice,238.0,1920,0.95,0.12395833333333334,0
2026-09-24T18:50:19Z,checkoutservice,591.0,615,0.8,0.9609756097560975,1
2026-09-24T18:50:19Z,productcatalogservice,430.0,1535,0.95,0.28013029315960913,0
2026-09-24T18:50:19Z,paymentservice,21.0,155,0.8,0.13548387096774195,0
2026-09-24T18:50:19Z,recommendationservice,645.0,1150,0.8,0.5608695652173913,0
2026-09-24T18:50:19Z,shippingservice,104.0,770,0.8,0.13506493506493505,0
2026-09-24T18:50:19Z,currencyservice,240.0,770,0.8,0.3116883116883117,0
2026-09-24T18:50:19Z,emailservice,0.0,155,0.8,0.0,0
2026-09-24T18:50:19Z,adservice,157.0,1150,0.8,0.13652173913043478,0
2026-09-24T18:50:19Z,redis-cart,19.0,540,0.8,0.03518518518518519,0
2026-09-24T18:50:20Z,frontend,289.0,1150,0.8,0.25130434782608696,0
2026-09-24T18:50:20Z,cartservice,238.0,1920,0.95,0.12395833333333334,0
2026-09-24T18:50:20Z,checkoutservice,624.0,615,0.8,1.0146341463414634,1
2026-09-24T18:50:20Z,productcatalogservice,489.0,1535,0.95,0.31856677524429966,0
2026-09-24T18:50:20Z,paymentservice,0.0,155,0.8,0.0,0
2026-09-24T18:50:20Z,recommendationservice,645.0,1150,0.8,0.5608695652173913,0
2026-09-24T18:50:20Z,shippingservice,89.0,770,0.8,0.11558441558441558,0
2026-09-24T18:50:20Z,currencyservice,241.0,770,0.8,0.312987012987013,0
2026-09-24T18:50:20Z,emailservice,0.0,155,0.8,0.0,0
2026-09-24T18:50:20Z,adservice,157.0,1150,0.8,0.13652173913043478,0
2026-09-24T18:50:20Z,redis-cart,19.0,540,0.8,0.03518518518518519,0
2026-09-24T18:50:21Z,frontend,276.75,1150,0.8,0.24065217391304347,0
2026-09-24T18:50:21Z,cartservice,209.0,1920,0.95,0.10885416666666667,0
2026-09-24T18:50:21Z,checkoutservice,624.0,615,0.8,1.0146341463414634,1
2026-09-24T18:50:21Z,productcatalogservice,489.0,1535,0.95,0.31856677524429966,0
2026-09-24T18:50:21Z,paymentservice,0.0,155,0.8,0.0,0
2026-09-24T18:50:21Z,recommendationservice,631.0,1150,0.8,0.548695652173913,0
2026-09-24T18:50:21Z,shippingservice,123.0,770,0.8,0.15974025974025974,0
2026-09-24T18:50:21Z,currencyservice,241.0,770,0.8,0.312987012987013,0
2026-09-24T18:50:21Z,emailservice,24.0,155,0.8,0.15483870967741936,0
2026-09-24T18:50:21Z,adservice,85.0,1150,0.8,0.07391304347826087,0
2026-09-24T18:50:21Z,redis-cart,18.0,540,0.8,0.03333333333333333,0
2026-09-24T18:50:22Z,frontend,269.5,1150,0.8,0.23434782608695653,0
2026-09-24T18:50:22Z,cartservice,314.0,1920,0.95,0.16354166666666667,0
2026-09-24T18:50:22Z,checkoutservice,566.0,615,0.8,0.9203252032520325,1
2026-09-24T18:50:22Z,productcatalogservice,489.0,1535,0.95,0.31856677524429966,0
2026-09-24T18:50:22Z,paymentservice,0.0,155,0.8,0.0,0
2026-09-24T18:50:22Z,recommendationservice,662.0,1150,0.8,0.5756521739130435,0
2026-09-24T18:50:22Z,shippingservice,123.0,770,0.8,0.15974025974025974,0
2026-09-24T18:50:22Z,currencyservice,178.0,770,0.8,0.23116883116883116,0
2026-09-24T18:50:22Z,emailservice,0.0,155,0.8,0.0,0
2026-09-24T18:50:22Z,adservice,119.0,1150,0.8,0.10347826086956521,0
2026-09-24T18:50:22Z,redis-cart,18.0,540,0.8,0.03333333333333333,0
2026-09-24T18:50:23Z,frontend,272.75,1150,0.8,0.23717391304347826,0
2026-09-24T18:50:23Z,cartservice,314.0,1920,0.95,0.16354166666666667,0
2026-09-24T18:50:23Z,checkoutservice,566.0,615,0.8,0.9203252032520325,1
2026-09-24T18:50:23Z,productcatalogservice,470.0,1535,0.95,0.30618892508143325,0
2026-09-24T18:50:23Z,paymentservice,0.0,155,0.8,0.0,0
2026-09-24T18:50:23Z,recommendationservice,662.0,1150,0.8,0.5756521739130435,0
2026-09-24T18:50:23Z,shippingservice,96.0,770,0.8,0.12467532467532468,0
2026-09-24T18:50:23Z,currencyservice,285.0,770,0.8,0.37012987012987014,0
2026-09-24T18:50:23Z,emailservice,0.0,155,0.8,0.0,0
2026-09-24T18:50:23Z,adservice,119.0,1150,0.8,0.10347826086956521,0
2026-09-24T18:50:23Z,redis-cart,17.0,540,0.8,0.03148148148148148,0
2026-09-24T18:50:24Z,frontend,283.0,1150,0.8,0.24608695652173912,0
2026-09-24T18:50:24Z,cartservice,197.0,1920,0.95,0.10260416666666666,0
2026-09-24T18:50:24Z,checkoutservice,611.0,615,0.8,0.9934959349593496,1
2026-09-24T18:50:24Z,productcatalogservice,490.0,1535,0.95,0.31921824104234525,0
2026-09-24T18:50:24Z,paymentservice,0.0,155,0.8,0.0,0
2026-09-24T18:50:24Z,recommendationservice,604.0,1150,0.8,0.5252173913043479,0
2026-09-24T18:50:24Z,shippingservice,91.0,770,0.8,0.11818181818181818,0
2026-09-24T18:50:24Z,currencyservice,285.0,770,0.8,0.37012987012987014,0
2026-09-24T18:50:24Z,emailservice,0.0,155,0.8,0.0,0
2026-09-24T18:50:24Z,adservice,97.0,1150,0.8,0.08434782608695653,0
2026-09-24T18:50:24Z,redis-cart,20.0,540,0.8,0.037037037037037035,0
2026-09-24T18:50:25Z,frontend,269.5,1150,0.8,0.23434782608695653,0
2026-09-24T18:50:25Z,cartservice,247.0,1920,0.95,0.12864583333333332,0
2026-09-24T18:50:25Z,checkoutservice,611.0,615,0.8,0.9934959349593496,1
2026-09-24T18:50:25Z,productcatalogservice,490.0,1535,0.95,0.31921824104234525,0
2026-09-24T18:50:25Z,paymentservice,0.0,155,0.8,0.0,0
2026-09-24T18:50:25Z,recommendationservice,604.0,1150,0.8,0.5252173913043479,0
2026-09-24T18:50:25Z,shippingservice,91.0,770,0.8,0.11818181818181818,0
2026-09-24T18:50:25Z,currencyservice,171.0,770,0.8,0.22207792207792207,0
2026-09-24T18:50:25Z,emailservice,31.0,155,0.8,0.2,0
2026-09-24T18:50:25Z,adservice,97.0,1150,0.8,0.08434782608695653,0
2026-09-24T18:50:25Z,redis-cart,20.0,540,0.8,0.037037037037037035,0
2026-09-24T18:50:26Z,frontend,273.0,1150,0.8,0.2373913043478261,0
2026-09-24T18:50:26Z,cartservice,247.0,1920,0.95,0.12864583333333332,0
2026-09-24T18:50:26Z,checkoutservice,621.0,615,0.8,1.0097560975609756,1
2026-09-24T18:50:26Z,productcatalogservice,432.0,1535,0.95,0.2814332247557003,0
2026-09-24T18:50:26Z,paymentservice,0.0,155,0.8,0.0,0
2026-09-24T18:50:26Z,recommendationservice,628.0,1150,0.8,0.5460869565217391,0
2026-09-24T18:50:26Z,shippingservice,92.0,770,0.8,0.11948051948051948,0
2026-09-24T18:50:26Z,currencyservice,251.0,770,0.8,0.32597402597402597,0
2026-09-24T18:50:26Z,emailservice,31.0,155,0.8,0.2,0
2026-09-24T18:50:26Z,adservice,87.0,1150,0.8,0.07565217391304348,0
2026-09-24T18:50:26Z,redis-cart,14.0,540,0.8,0.025925925925925925,0
2026-09-24T18:50:27Z,frontend,279.0,1150,0.8,0.2426086956521739,0
2026-09-24T18:50:27Z,cartservice,242.0,1920,0.95,0.12604166666666666,0
2026-09-24T18:50:27Z,checkoutservice,594.0,615,0.8,0.9658536585365853,1
2026-09-24T18:50:27Z,productcatalogservice,432.0,1535,0.95,0.2814332247557003,0
2026-09-24T18:50:27Z,paymentservice,0.0,155,0.8,0.0,0
2026-09-24T18:50:27Z,recommendationservice,628.0,1150,0.8,0.5460869565217391,0
2026-09-24T18:50:27Z,shippingservice,98.0,770,0.8,0.12727272727272726,0
2026-09-24T18:50:27Z,currencyservice,225.0,770,0.8,0.2922077922077922,0
2026-09-24T18:50:27Z,emailservice,0.0,155,0.8,0.0,0
2026-09-24T18:50:27Z,adservice,77.0,1150,0.8,0.06695652173913043,0
2026-09-24T18:50:27Z,redis-cart,16.0,540,0.8,0.02962962962962963,0
2026-09-24T18:50:28Z,frontend,302.5,1150,0.8,0.26304347826086955,0
2026-09-24T18:50:28Z,cartservice,156.0,1920,0.95,0.08125,0
2026-09-24T18:50:28Z,checkoutservice,594.0,615,0.8,0.9658536585365853,1
2026-09-24T18:50:28Z,productcatalogservice,528.0,1535,0.95,0.3439739413680782,0
2026-09-24T18:50:28Z,paymentservice,29.0,155,0.8,0.1870967741935484,0
2026-09-24T18:50:28Z,recommendationservice,693.0,1150,0.8,0.6026086956521739,0
2026-09-24T18:50:28Z,shippingservice,49.0,770,0.8,0.06363636363636363,0
2026-09-24T18:50:28Z,currencyservice,225.0,770,0.8,0.2922077922077922,0
2026-09-24T18:50:28Z,emailservice,0.0,155,0.8,0.0,0
2026-09-24T18:50:28Z,adservice,77.0,1150,0.8,0.06695652173913043,0
2026-09-24T18:50:28Z,redis-cart,16.0,540,0.8,0.02962962962962963,0
2026-09-24T18:50:29Z,frontend,297.25,1150,0.8,0.2584782608695652,0
2026-09-24T18:50:29Z,cartservice,156.0,1920,0.95,0.08125,0
2026-09-24T18:50:29Z,checkoutservice,453.0,615,0.8,0.7365853658536585,0
2026-09-24T18:50:29Z,productcatalogservice,515.0,1535,0.95,0.3355048859934853,0
2026-09-24T18:50:29Z,paymentservice,29.0,155,0.8,0.1870967741935484,0
2026-09-24T18:50:29Z,recommendationservice,678.0,1150,0.8,0.5895652173913043,0
2026-09-24T18:50:29Z,shippingservice,49.0,770,0.8,0.06363636363636363,0
2026-09-24T18:50:29Z,currencyservice,139.0,770,0.8,0.18051948051948052,0
2026-09-24T18:50:29Z,emailservice,0.0,155,0.8,0.0,0
2026-09-24T18:50:29Z,adservice,112.0,1150,0.8,0.09739130434782609,0
2026-09-24T18:50:29Z,redis-cart,13.0,540,0.8,0.024074074074074074,0
2026-09-24T18:50:30Z,frontend,300.0,1150,0.8,0.2608695652173913,0
2026-09-24T18:50:30Z,cartservice,162.0,1920,0.95,0.084375,0
2026-09-24T18:50:30Z,checkoutservice,453.0,615,0.8,0.7365853658536585,0
2026-09-24T18:50:30Z,productcatalogservice,493.0,1535,0.95,0.3211726384364821,0
2026-09-24T18:50:30Z,paymentservice,0.0,155,0.8,0.0,0
2026-09-24T18:50:30Z,recommendationservice,759.0,1150,0.8,0.66,0
2026-09-24T18:50:30Z,shippingservice,47.0,770,0.8,0.06103896103896104,0
2026-09-24T18:50:30Z,currencyservice,228.0,770,0.8,0.2961038961038961,0
2026-09-24T18:50:30Z,emailservice,25.0,155,0.8,0.16129032258064516,0
2026-09-24T18:50:30Z,adservice,112.0,1150,0.8,0.09739130434782609,0
2026-09-24T18:50:30Z,redis-cart,17.0,540,0.8,0.03148148148148148,0
2026-09-24T18:50:31Z,frontend,318.75,1150,0.8,0.27717391304347827,0
2026-09-24T18:50:31Z,cartservice,162.0,1920,0.95,0.084375,0
2026-09-24T18:50:31Z,checkoutservice,0.0,615,0.8,0.0,0
2026-09-24T18:50:31Z,productcatalogservice,493.0,1535,0.95,0.3211726384364821,0
2026-09-24T18:50:31Z,paymentservice,0.0,155,0.8,0.0,0
2026-09-24T18:50:31Z,recommendationservice,759.0,1150,0.8,0.66,0
2026-09-24T18:50:31Z,shippingservice,73.0,770,0.8,0.09480519480519481,0
2026-09-24T18:50:31Z,currencyservice,247.0,770,0.8,0.3207792207792208,0
2026-09-24T18:50:31Z,emailservice,25.0,155,0.8,0.16129032258064516,0
2026-09-24T18:50:31Z,adservice,102.0,1150,0.8,0.08869565217391304,0
2026-09-24T18:50:31Z,redis-cart,15.0,540,0.8,0.027777777777777776,0
2026-09-24T18:50:32Z,frontend,323.0,1150,0.8,0.2808695652173913,0
2026-09-24T18:50:32Z,cartservice,145.0,1920,0.95,0.07552083333333333,0
2026-09-24T18:50:32Z,checkoutservice,0.0,615,0.8,0.0,0
2026-09-24T18:50:32Z,productcatalogservice,500.0,1535,0.95,0.3257328990228013,0
2026-09-24T18:50:32Z,paymentservice,0.0,155,0.8,0.0,0
2026-09-24T18:50:32Z,recommendationservice,758.0,1150,0.8,0.6591304347826087,0
2026-09-24T18:50:32Z,shippingservice,73.0,770,0.8,0.09480519480519481,0
2026-09-24T18:50:32Z,currencyservice,247.0,770,0.8,0.3207792207792208,0
2026-09-24T18:50:32Z,emailservice,0.0,155,0.8,0.0,0
2026-09-24T18:50:32Z,adservice,91.0,1150,0.8,0.0791304347826087,0
2026-09-24T18:50:32Z,redis-cart,15.0,540,0.8,0.027777777777777776,0
2026-09-24T18:50:33Z,frontend,366.25,1150,0.8,0.3184782608695652,0
2026-09-24T18:50:33Z,cartservice,181.0,1920,0.95,0.09427083333333333,0
2026-09-24T18:50:33Z,checkoutservice,0.0,615,0.8,0.0,0
2026-09-24T18:50:33Z,productcatalogservice,605.0,1535,0.95,0.3941368078175896,0
2026-09-24T18:50:33Z,paymentservice,0.0,155,0.8,0.0,0
2026-09-24T18:50:33Z,recommendationservice,858.0,1150,0.8,0.7460869565217392,0
2026-09-24T18:50:33Z,shippingservice,46.0,770,0.8,0.05974025974025974,0
2026-09-24T18:50:33Z,currencyservice,185.0,770,0.8,0.24025974025974026,0
2026-09-24T18:50:33Z,emailservice,0.0,155,0.8,0.0,0
2026-09-24T18:50:33Z,adservice,91.0,1150,0.8,0.0791304347826087,0
2026-09-24T18:50:33Z,redis-cart,12.0,540,0.8,0.022222222222222223,0
2026-09-24T18:50:34Z,frontend,342.5,1150,0.8,0.29782608695652174,0
2026-09-24T18:50:34Z,cartservice,206.0,1920,0.95,0.10729166666666666,0
2026-09-24T18:50:34Z,checkoutservice,0.0,615,0.8,0.0,0
2026-09-24T18:50:34Z,productcatalogservice,605.0,1535,0.95,0.3941368078175896,0
2026-09-24T18:50:34Z,paymentservice,0.0,155,0.8,0.0,0
2026-09-24T18:50:34Z,recommendationservice,858.0,1150,0.8,0.7460869565217392,0
2026-09-24T18:50:34Z,shippingservice,44.0,770,0.8,0.05714285714285714,0
2026-09-24T18:50:34Z,currencyservice,185.0,770,0.8,0.24025974025974026,0
2026-09-24T18:50:34Z,emailservice,0.0,155,0.8,0.0,0
2026-09-24T18:50:34Z,adservice,96.0,1150,0.8,0.08347826086956522,0
2026-09-24T18:50:34Z,redis-cart,15.0,540,0.8,0.027777777777777776,0
2026-09-24T18:50:35Z,frontend,349.0,1150,0.8,0.3034782608695652,0
2026-09-24T18:50:35Z,cartservice,170.0,1920,0.95,0.08854166666666667,0
2026-09-24T18:50:35Z,checkoutservice,0.0,615,0.8,0.0,0
2026-09-24T18:50:35Z,productcatalogservice,569.0,1535,0.95,0.3706840390879479,0
2026-09-24T18:50:35Z,paymentservice,0.0,155,0.8,0.0,0
2026-09-24T18:50:35Z,recommendationservice,811.0,1150,0.8,0.7052173913043478,0
2026-09-24T18:50:35Z,shippingservice,72.0,770,0.8,0.09350649350649351,0
2026-09-24T18:50:35Z,currencyservice,192.0,770,0.8,0.24935064935064935,0
2026-09-24T18:50:35Z,emailservice,33.0,155,0.8,0.2129032258064516,0
2026-09-24T18:50:35Z,adservice,96.0,1150,0.8,0.08347826086956522,0
2026-09-24T18:50:35Z,redis-cart,18.0,540,0.8,0.03333333333333333,0
2026-09-24T18:50:36Z,frontend,331.5,1150,0.8,0.2882608695652174,0
2026-09-24T18:50:36Z,cartservice,170.0,1920,0.95,0.08854166666666667,0
2026-09-24T18:50:36Z,checkoutservice,0.0,615,0.8,0.0,0
2026-09-24T18:50:36Z,productcatalogservice,582.0,1535,0.95,0.3791530944625407,0
2026-09-24T18:50:36Z,paymentservice,0.0,155,0.8,0.0,0
2026-09-24T18:50:36Z,recommendationservice,907.0,1150,0.8,0.788695652173913,0
2026-09-24T18:50:36Z,shippingservice,72.0,770,0.8,0.09350649350649351,0
2026-09-24T18:50:36Z,currencyservice,192.0,770,0.8,0.24935064935064935,0
2026-09-24T18:50:36Z,emailservice,33.0,155,0.8,0.2129032258064516,0
2026-09-24T18:50:36Z,adservice,104.0,1150,0.8,0.09043478260869565,0
2026-09-24T18:50:36Z,redis-cart,18.0,540,0.8,0.03333333333333333,0
2026-09-24T18:50:37Z,frontend,338.25,1150,0.8,0.2941304347826087,0
2026-09-24T18:50:37Z,cartservice,86.0,1920,0.95,0.04479166666666667,0
2026-09-24T18:50:37Z,checkoutservice,0.0,615,0.8,0.0,0
2026-09-24T18:50:37Z,productcatalogservice,582.0,1535,0.95,0.3791530944625407,0
2026-09-24T18:50:37Z,paymentservice,0.0,155,0.8,0.0,0
2026-09-24T18:50:37Z,recommendationservice,876.0,1150,0.8,0.7617391304347826,0
2026-09-24T18:50:37Z,shippingservice,49.0,770,0.8,0.06363636363636363,0
2026-09-24T18:50:37Z,currencyservice,147.0,770,0.8,0.19090909090909092,0
2026-09-24T18:50:37Z,emailservice,0.0,155,0.8,0.0,0
2026-09-24T18:50:37Z,adservice,104.0,1150,0.8,0.09043478260869565,0
2026-09-24T18:50:37Z,redis-cart,13.0,540,0.8,0.024074074074074074,0
2026-09-24T18:50:38Z,frontend,334.25,1150,0.8,0.2906521739130435,0
2026-09-24T18:50:38Z,cartservice,86.0,1920,0.95,0.04479166666666667,0
2026-09-24T18:50:38Z,checkoutservice,0.0,615,0.8,0.0,0
2026-09-24T18:50:38Z,productcatalogservice,562.0,1535,0.95,0.36612377850162864,0
2026-09-24T18:50:38Z,paymentservice,20.0,155,0.8,0.12903225806451613,0
2026-09-24T18:50:38Z,recommendationservice,876.0,1150,0.8,0.7617391304347826,0
2026-09-24T18:50:38Z,shippingservice,49.0,770,0.8,0.06363636363636363,0
2026-09-24T18:50:38Z,currencyservice,224.0,770,0.8,0.2909090909090909,0
2026-09-24T18:50:38Z,emailservice,0.0,155,0.8,0.0,0
2026-09-24T18:50:38Z,adservice,95.0,1150,0.8,0.08260869565217391,0
2026-09-24T18:50:38Z,redis-cart,16.0,540,0.8,0.02962962962962963,0
2026-09-24T18:50:39Z,frontend,322.5,1150,0.8,0.28043478260869564,0
2026-09-24T18:50:39Z,cartservice,150.0,1920,0.95,0.078125,0
2026-09-24T18:50:39Z,checkoutservice,0.0,615,0.8,0.0,0
2026-09-24T18:50:39Z,productcatalogservice,585.0,1535,0.95,0.3811074918566775,0
2026-09-24T18:50:39Z,paymentservice,20.0,155,0.8,0.12903225806451613,0
2026-09-24T18:50:39Z,recommendationservice,878.0,1150,0.8,0.7634782608695653,0
2026-09-24T18:50:39Z,shippingservice,62.0,770,0.8,0.08051948051948052,0
2026-09-24T18:50:39Z,currencyservice,224.0,770,0.8,0.2909090909090909,0
2026-09-24T18:50:39Z,emailservice,0.0,155,0.8,0.0,0
2026-09-24T18:50:39Z,adservice,95.0,1150,0.8,0.08260869565217391,0
2026-09-24T18:50:39Z,redis-cart,16.0,540,0.8,0.02962962962962963,0
2026-09-24T18:50:40Z,frontend,341.25,1150,0.8,0.2967391304347826,0
2026-09-24T18:50:40Z,cartservice,197.0,1920,0.95,0.10260416666666666,0
2026-09-24T18:50:40Z,checkoutservice,0.0,615,0.8,0.0,0
2026-09-24T18:50:40Z,productcatalogservice,585.0,1535,0.95,0.3811074918566775,0
2026-09-24T18:50:40Z,paymentservice,0.0,155,0.8,0.0,0
2026-09-24T18:50:40Z,recommendationservice,878.0,1150,0.8,0.7634782608695653,0
2026-09-24T18:50:40Z,shippingservice,57.0,770,0.8,0.07402597402597402,0
2026-09-24T18:50:40Z,currencyservice,200.0,770,0.8,0.2597402597402597,0
2026-09-24T18:50:40Z,emailservice,0.0,155,0.8,0.0,0
2026-09-24T18:50:40Z,adservice,103.0,1150,0.8,0.08956521739130435,0
2026-09-24T18:50:40Z,redis-cart,14.0,540,0.8,0.025925925925925925,0
2026-09-24T18:50:41Z,frontend,332.5,1150,0.8,0.2891304347826087,0
2026-09-24T18:50:41Z,cartservice,110.0,1920,0.95,0.057291666666666664,0
2026-09-24T18:50:41Z,checkoutservice,0.0,615,0.8,0.0,0
2026-09-24T18:50:41Z,productcatalogservice,577.0,1535,0.95,0.3758957654723127,0
2026-09-24T18:50:41Z,paymentservice,0.0,155,0.8,0.0,0
2026-09-24T18:50:41Z,recommendationservice,812.0,1150,0.8,0.7060869565217391,0
2026-09-24T18:50:41Z,shippingservice,57.0,770,0.8,0.07402597402597402,0
2026-09-24T18:50:41Z,currencyservice,200.0,770,0.8,0.2597402597402597,0
2026-09-24T18:50:41Z,emailservice,19.0,155,0.8,0.12258064516129032,0
2026-09-24T18:50:41Z,adservice,100.0,1150,0.8,0.08695652173913043,0
2026-09-24T18:50:41Z,redis-cart,14.0,540,0.8,0.025925925925925925,0
2026-09-24T18:50:42Z,frontend,365.25,1150,0.8,0.3176086956521739,0
2026-09-24T18:50:42Z,cartservice,110.0,1920,0.95,0.057291666666666664,0
2026-09-24T18:50:42Z,checkoutservice,0.0,615,0.8,0.0,0
2026-09-24T18:50:42Z,productcatalogservice,577.0,1535,0.95,0.3758957654723127,0
2026-09-24T18:50:42Z,paymentservice,0.0,155,0.8,0.0,0
2026-09-24T18:50:42Z,recommendationservice,812.0,1150,0.8,0.7060869565217391,0
2026-09-24T18:50:42Z,shippingservice,78.0,770,0.8,0.1012987012987013,0
2026-09-24T18:50:42Z,currencyservice,210.0,770,0.8,0.2727272727272727,0
2026-09-24T18:50:42Z,emailservice,19.0,155,0.8,0.12258064516129032,0
2026-09-24T18:50:42Z,adservice,100.0,1150,0.8,0.08695652173913043,0
2026-09-24T18:50:42Z,redis-cart,14.0,540,0.8,0.025925925925925925,0
2026-09-24T18:50:43Z,frontend,345.25,1150,0.8,0.3002173913043478,0
2026-09-24T18:50:43Z,cartservice,161.0,1920,0.95,0.08385416666666666,0
2026-09-24T18:50:43Z,checkoutservice,0.0,615,0.8,0.0,0
2026-09-24T18:50:43Z,productcatalogservice,591.0,1535,0.95,0.38501628664495113,0
2026-09-24T18:50:43Z,paymentservice,0.0,155,0.8,0.0,0
2026-09-24T18:50:43Z,recommendationservice,846.0,1150,0.8,0.7356521739130435,0
2026-09-24T18:50:43Z,shippingservice,37.0,770,0.8,0.048051948051948054,0
2026-09-24T18:50:43Z,currencyservice,210.0,770,0.8,0.2727272727272727,0
2026-09-24T18:50:43Z,emailservice,0.0,155,0.8,0.0,0
2026-09-24T18:50:43Z,adservice,86.0,1150,0.8,0.07478260869565218,0
2026-09-24T18:50:43Z,redis-cart,15.0,540,0.8,0.027777777777777776,0
2026-09-24T18:50:44Z,frontend,302.25,1150,0.8,0.26282608695652177,0
2026-09-24T18:50:44Z,cartservice,126.0,1920,0.95,0.065625,0
2026-09-24T18:50:44Z,checkoutservice,0.0,615,0.8,0.0,0
2026-09-24T18:50:44Z,productcatalogservice,575.0,1535,0.95,0.3745928338762215,0
2026-09-24T18:50:44Z,paymentservice,0.0,155,0.8,0.0,0
2026-09-24T18:50:44Z,recommendationservice,813.0,1150,0.8,0.7069565217391305,0
2026-09-24T18:50:44Z,shippingservice,37.0,770,0.8,0.048051948051948054,0
2026-09-24T18:50:44Z,currencyservice,153.0,770,0.8,0.1987012987012987,0
2026-09-24T18:50:44Z,emailservice,0.0,155,0.8,0.0,0
2026-09-24T18:50:44Z,adservice,83.0,1150,0.8,0.07217391304347825,0
2026-09-24T18:50:44Z,redis-cart,13.0,540,0.8,0.024074074074074074,0
2026-09-24T18:50:45Z,frontend,322.0,1150,0.8,0.28,0
2026-09-24T18:50:45Z,cartservice,126.0,1920,0.95,0.065625,0
2026-09-24T18:50:45Z,checkoutservice,0.0,615,0.8,0.0,0
2026-09-24T18:50:45Z,productcatalogservice,575.0,1535,0.95,0.3745928338762215,0
2026-09-24T18:50:45Z,paymentservice,0.0,155,0.8,0.0,0
2026-09-24T18:50:45Z,recommendationservice,813.0,1150,0.8,0.7069565217391305,0
2026-09-24T18:50:45Z,shippingservice,44.0,770,0.8,0.05714285714285714,0
2026-09-24T18:50:45Z,currencyservice,161.0,770,0.8,0.20909090909090908,0
2026-09-24T18:50:45Z,emailservice,0.0,155,0.8,0.0,0
2026-09-24T18:50:45Z,adservice,83.0,1150,0.8,0.07217391304347825,0
2026-09-24T18:50:45Z,redis-cart,13.0,540,0.8,0.024074074074074074,0
2026-09-24T18:50:46Z,frontend,330.75,1150,0.8,0.2876086956521739,0
2026-09-24T18:50:46Z,cartservice,81.0,1920,0.95,0.0421875,0
2026-09-24T18:50:46Z,checkoutservice,0.0,615,0.8,0.0,0
2026-09-24T18:50:46Z,productcatalogservice,525.0,1535,0.95,0.34201954397394135,0
2026-09-24T18:50:46Z,paymentservice,0.0,155,0.8,0.0,0
2026-09-24T18:50:46Z,recommendationservice,777.0,1150,0.8,0.6756521739130434,0
2026-09-24T18:50:46Z,shippingservice,44.0,770,0.8,0.05714285714285714,0
2026-09-24T18:50:46Z,currencyservice,161.0,770,0.8,0.20909090909090908,0
2026-09-24T18:50:46Z,emailservice,24.0,155,0.8,0.15483870967741936,0
2026-09-24T18:50:46Z,adservice,87.0,1150,0.8,0.07565217391304348,0
2026-09-24T18:50:46Z,redis-cart,11.0,540,0.8,0.020370370370370372,0
2026-09-24T18:50:47Z,frontend,353.75,1150,0.8,0.3076086956521739,0
2026-09-24T18:50:47Z,cartservice,108.0,1920,0.95,0.05625,0
2026-09-24T18:50:47Z,checkoutservice,0.0,615,0.8,0.0,0
2026-09-24T18:50:47Z,productcatalogservice,525.0,1535,0.95,0.34201954397394135,0
2026-09-24T18:50:47Z,paymentservice,0.0,155,0.8,0.0,0
2026-09-24T18:50:47Z,recommendationservice,770.0,1150,0.8,0.6695652173913044,0
2026-09-24T18:50:47Z,shippingservice,58.0,770,0.8,0.07532467532467532,0
2026-09-24T18:50:47Z,currencyservice,211.0,770,0.8,0.274025974025974,0
2026-09-24T18:50:47Z,emailservice,0.0,155,0.8,0.0,0
2026-09-24T18:50:47Z,adservice,112.0,1150,0.8,0.09739130434782609,0
2026-09-24T18:50:47Z,redis-cart,20.0,540,0.8,0.037037037037037035,0
2026-09-24T18:50:48Z,frontend,340.75,1150,0.8,0.29630434782608694,0
2026-09-24T18:50:48Z,cartservice,200.0,1920,0.95,0.10416666666666667,0
2026-09-24T18:50:48Z,checkoutservice,0.0,615,0.8,0.0,0
2026-09-24T18:50:48Z,productcatalogservice,545.0,1535,0.95,0.3550488599348534,0
2026-09-24T18:50:48Z,paymentservice,25.0,155,0.8,0.16129032258064516,0
2026-09-24T18:50:48Z,recommendationservice,770.0,1150,0.8,0.6695652173913044,0
2026-09-24T18:50:48Z,shippingservice,58.0,770,0.8,0.07532467532467532,0
2026-09-24T18:50:48Z,currencyservice,211.0,770,0.8,0.274025974025974,0
2026-09-24T18:50:48Z,emailservice,0.0,155,0.8,0.0,0
2026-09-24T18:50:48Z,adservice,112.0,1150,0.8,0.09739130434782609,0
2026-09-24T18:50:48Z,redis-cart,20.0,540,0.8,0.037037037037037035,0
2026-09-24T18:50:49Z,frontend,332.75,1150,0.8,0.2893478260869565,0
2026-09-24T18:50:49Z,cartservice,200.0,1920,0.95,0.10416666666666667,0
2026-09-24T18:50:49Z,checkoutservice,0.0,615,0.8,0.0,0
2026-09-24T18:50:49Z,productcatalogservice,545.0,1535,0.95,0.3550488599348534,0
2026-09-24T18:50:49Z,paymentservice,25.0,155,0.8,0.16129032258064516,0
2026-09-24T18:50:49Z,recommendationservice,803.0,1150,0.8,0.6982608695652174,0
2026-09-24T18:50:49Z,shippingservice,53.0,770,0.8,0.06883116883116883,0
2026-09-24T18:50:49Z,currencyservice,173.0,770,0.8,0.22467532467532467,0
2026-09-24T18:50:49Z,emailservice,0.0,155,0.8,0.0,0
2026-09-24T18:50:49Z,adservice,78.0,1150,0.8,0.06782608695652174,0
2026-09-24T18:50:49Z,redis-cart,11.0,540,0.8,0.020370370370370372,0
2026-09-24T18:50:50Z,frontend,344.75,1150,0.8,0.29978260869565215,0
2026-09-24T18:50:50Z,cartservice,114.0,1920,0.95,0.059375,0
2026-09-24T18:50:50Z,checkoutservice,0.0,615,0.8,0.0,0
2026-09-24T18:50:50Z,productcatalogservice,560.0,1535,0.95,0.36482084690553745,0
2026-09-24T18:50:50Z,paymentservice,0.0,155,0.8,0.0,0
2026-09-24T18:50:50Z,recommendationservice,803.0,1150,0.8,0.6982608695652174,0
2026-09-24T18:50:50Z,shippingservice,56.0,770,0.8,0.07272727272727272,0
2026-09-24T18:50:50Z,currencyservice,204.0,770,0.8,0.2649350649350649,0
2026-09-24T18:50:50Z,emailservice,0.0,155,0.8,0.0,0
2026-09-24T18:50:50Z,adservice,78.0,1150,0.8,0.06782608695652174,0
2026-09-24T18:50:50Z,redis-cart,16.0,540,0.8,0.02962962962962963,0
2026-09-24T18:50:51Z,frontend,316.0,1150,0.8,0.2747826086956522,0
2026-09-24T18:50:51Z,cartservice,113.0,1920,0.95,0.058854166666666666,0
2026-09-24T18:50:51Z,checkoutservice,0.0,615,0.8,0.0,0
2026-09-24T18:50:51Z,productcatalogservice,558.0,1535,0.95,0.36351791530944627,0
2026-09-24T18:50:51Z,paymentservice,0.0,155,0.8,0.0,0
2026-09-24T18:50:51Z,recommendationservice,738.0,1150,0.8,0.6417391304347826,0
2026-09-24T18:50:51Z,shippingservice,56.0,770,0.8,0.07272727272727272,0
2026-09-24T18:50:51Z,currencyservice,183.0,770,0.8,0.23766233766233766,0
2026-09-24T18:50:51Z,emailservice,18.0,155,0.8,0.11612903225806452,0
2026-09-24T18:50:51Z,adservice,113.0,1150,0.8,0.09826086956521739,0
2026-09-24T18:50:51Z,redis-cart,16.0,540,0.8,0.02962962962962963,0
2026-09-24T18:50:52Z,frontend,331.5,1150,0.8,0.2882608695652174,0
2026-09-24T18:50:52Z,cartservice,236.0,1920,0.95,0.12291666666666666,0
2026-09-24T18:50:52Z,checkoutservice,0.0,615,0.8,0.0,0
2026-09-24T18:50:52Z,productcatalogservice,558.0,1535,0.95,0.36351791530944627,0
2026-09-24T18:50:52Z,paymentservice,0.0,155,0.8,0.0,0
2026-09-24T18:50:52Z,recommendationservice,814.0,1150,0.8,0.7078260869565217,0
2026-09-24T18:50:52Z,shippingservice,75.0,770,0.8,0.09740259740259741,0
2026-09-24T18:50:52Z,currencyservice,178.0,770,0.8,0.23116883116883116,0
2026-09-24T18:50:52Z,emailservice,18.0,155,0.8,0.11612903225806452,0
2026-09-24T18:50:52Z,adservice,113.0,1150,0.8,0.09826086956521739,0
2026-09-24T18:50:52Z,redis-cart,15.0,540,0.8,0.027777777777777776,0
2026-09-24T18:50:53Z,frontend,356.25,1150,0.8,0.30978260869565216,0
2026-09-24T18:50:53Z,cartservice,120.0,1920,0.95,0.0625,0
2026-09-24T18:50:53Z,checkoutservice,0.0,615,0.8,0.0,0
2026-09-24T18:50:53Z,productcatalogservice,586.0,1535,0.95,0.3817589576547231,0
2026-09-24T18:50:53Z,paymentservice,0.0,155,0.8,0.0,0
2026-09-24T18:50:53Z,recommendationservice,887.0,1150,0.8,0.7713043478260869,0
2026-09-24T18:50:53Z,shippingservice,75.0,770,0.8,0.09740259740259741,0
2026-09-24T18:50:53Z,currencyservice,178.0,770,0.8,0.23116883116883116,0
2026-09-24T18:50:53Z,emailservice,0.0,155,0.8,0.0,0
2026-09-24T18:50:53Z,adservice,94.0,1150,0.8,0.0817391304347826,0
2026-09-24T18:50:53Z,redis-cart,18.0,540,0.8,0.03333333333333333,0
2026-09-24T18:50:54Z,frontend,357.0,1150,0.8,0.31043478260869567,0
2026-09-24T18:50:54Z,cartservice,120.0,1920,0.95,0.0625,0
2026-09-24T18:50:54Z,checkoutservice,0.0,615,0.8,0.0,0
2026-09-24T18:50:54Z,productcatalogservice,600.0,1535,0.95,0.39087947882736157,0
2026-09-24T18:50:54Z,paymentservice,0.0,155,0.8,0.0,0
2026-09-24T18:50:54Z,recommendationservice,873.0,1150,0.8,0.7591304347826087,0
2026-09-24T18:50:54Z,shippingservice,49.0,770,0.8,0.06363636363636363,0
2026-09-24T18:50:54Z,currencyservice,189.0,770,0.8,0.24545454545454545,0
2026-09-24T18:50:54Z,emailservice,0.0,155,0.8,0.0,0
2026-09-24T18:50:54Z,adservice,94.0,1150,0.8,0.0817391304347826,0
2026-09-24T18:50:54Z,redis-cart,13.0,540,0.8,0.024074074074074074,0
2026-09-24T18:50:55Z,frontend,335.25,1150,0.8,0.2915217391304348,0
2026-09-24T18:50:55Z,cartservice,160.0,1920,0.95,0.08333333333333333,0
2026-09-24T18:50:55Z,checkoutservice,0.0,615,0.8,0.0,0
2026-09-24T18:50:55Z,productcatalogservice,600.0,1535,0.95,0.39087947882736157,0
2026-09-24T18:50:55Z,paymentservice,0.0,155,0.8,0.0,0
2026-09-24T18:50:55Z,recommendationservice,873.0,1150,0.8,0.7591304347826087,0
2026-09-24T18:50:55Z,shippingservice,56.0,770,0.8,0.07272727272727272,0
2026-09-24T18:50:55Z,currencyservice,189.0,770,0.8,0.24545454545454545,0
2026-09-24T18:50:55Z,emailservice,0.0,155,0.8,0.0,0
2026-09-24T18:50:55Z,adservice,106.0,1150,0.8,0.09217391304347826,0
2026-09-24T18:50:55Z,redis-cart,13.0,540,0.8,0.024074074074074074,0
2026-09-24T18:50:56Z,frontend,342.5,1150,0.8,0.29782608695652174,0
2026-09-24T18:50:56Z,cartservice,160.0,1920,0.95,0.08333333333333333,0
2026-09-24T18:50:56Z,checkoutservice,0.0,615,0.8,0.0,0
2026-09-24T18:50:56Z,productcatalogservice,565.0,1535,0.95,0.36807817589576547,0
2026-09-24T18:50:56Z,paymentservice,0.0,155,0.8,0.0,0
2026-09-24T18:50:56Z,recommendationservice,820.0,1150,0.8,0.7130434782608696,0
2026-09-24T18:50:56Z,shippingservice,56.0,770,0.8,0.07272727272727272,0
2026-09-24T18:50:56Z,currencyservice,195.0,770,0.8,0.2532467532467532,0
2026-09-24T18:50:56Z,emailservice,28.0,155,0.8,0.18064516129032257,0
2026-09-24T18:50:56Z,adservice,91.0,1150,0.8,0.0791304347826087,0
2026-09-24T18:50:56Z,redis-cart,11.0,540,0.8,0.020370370370370372,0
2026-09-24T18:50:57Z,frontend,335.75,1150,0.8,0.29195652173913045,0
2026-09-24T18:50:57Z,cartservice,106.0,1920,0.95,0.05520833333333333,0
2026-09-24T18:50:57Z,checkoutservice,0.0,615,0.8,0.0,0
2026-09-24T18:50:57Z,productcatalogservice,565.0,1535,0.95,0.36807817589576547,0
2026-09-24T18:50:57Z,paymentservice,0.0,155,0.8,0.0,0
2026-09-24T18:50:57Z,recommendationservice,849.0,1150,0.8,0.7382608695652174,0
2026-09-24T18:50:57Z,shippingservice,61.0,770,0.8,0.07922077922077922,0
2026-09-24T18:50:57Z,currencyservice,195.0,770,0.8,0.2532467532467532,0
2026-09-24T18:50:57Z,emailservice,0.0,155,0.8,0.0,0
2026-09-24T18:50:57Z,adservice,89.0,1150,0.8,0.07739130434782608,0
2026-09-24T18:50:57Z,redis-cart,22.0,540,0.8,0.040740740740740744,0
2026-09-24T18:50:58Z,frontend,353.25,1150,0.8,0.30717391304347824,0
2026-09-24T18:50:58Z,cartservice,106.0,1920,0.95,0.05520833333333333,0
2026-09-24T18:50:58Z,checkoutservice,0.0,615,0.8,0.0,0
2026-09-24T18:50:58Z,productcatalogservice,544.0,1535,0.95,0.3543973941368078,0
2026-09-24T18:50:58Z,paymentservice,0.0,155,0.8,0.0,0
2026-09-24T18:50:58Z,recommendationservice,849.0,1150,0.8,0.7382608695652174,0
2026-09-24T18:50:58Z,shippingservice,49.0,770,0.8,0.06363636363636363,0
2026-09-24T18:50:58Z,currencyservice,135.0,770,0.8,0.17532467532467533,0
2026-09-24T18:50:58Z,emailservice,0.0,155,0.8,0.0,0
2026-09-24T18:50:58Z,adservice,112.0,1150,0.8,0.09739130434782609,0
2026-09-24T18:50:58Z,redis-cart,22.0,540,0.8,0.040740740740740744,0
2026-09-24T18:50:59Z,frontend,345.75,1150,0.8,0.3006521739130435,0
2026-09-24T18:50:59Z,cartservice,132.0,1920,0.95,0.06875,0
2026-09-24T18:50:59Z,checkoutservice,0.0,615,0.8,0.0,0
2026-09-24T18:50:59Z,productcatalogservice,544.0,1535,0.95,0.3543973941368078,0
2026-09-24T18:50:59Z,paymentservice,23.0,155,0.8,0.14838709677419354,0
2026-09-24T18:50:59Z,recommendationservice,835.0,1150,0.8,0.7260869565217392,0
2026-09-24T18:50:59Z,shippingservice,56.0,770,0.8,0.07272727272727272,0
2026-09-24T18:50:59Z,currencyservice,135.0,770,0.8,0.17532467532467533,0
2026-09-24T18:50:59Z,emailservice,0.0,155,0.8,0.0,0
2026-09-24T18:50:59Z,adservice,112.0,1150,0.8,0.09739130434782609,0
2026-09-24T18:50:59Z,redis-cart,13.0,540,0.8,0.024074074074074074,0
2026-09-24T18:51:00Z,frontend,328.5,1150,0.8,0.2856521739130435,0
2026-09-24T18:51:00Z,cartservice,132.0,1920,0.95,0.06875,0
2026-09-24T18:51:00Z,checkoutservice,0.0,615,0.8,0.0,0
2026-09-24T18:51:00Z,productcatalogservice,579.0,1535,0.95,0.3771986970684039,0
2026-09-24T18:51:00Z,paymentservice,0.0,155,0.8,0.0,0
2026-09-24T18:51:00Z,recommendationservice,835.0,1150,0.8,0.7260869565217392,0
2026-09-24T18:51:00Z,shippingservice,56.0,770,0.8,0.07272727272727272,0
2026-09-24T18:51:00Z,currencyservice,186.0,770,0.8,0.24155844155844156,0
2026-09-24T18:51:00Z,emailservice,18.0,155,0.8,0.11612903225806452,0
2026-09-24T18:51:00Z,adservice,89.0,1150,0.8,0.07739130434782608,0
2026-09-24T18:51:00Z,redis-cart,16.0,540,0.8,0.02962962962962963,0
2026-09-24T18:51:01Z,frontend,319.25,1150,0.8,0.2776086956521739,0
2026-09-24T18:51:01Z,cartservice,117.0,1920,0.95,0.0609375,0
2026-09-24T18:51:01Z,checkoutservice,0.0,615,0.8,0.0,0
2026-09-24T18:51:01Z,productcatalogservice,557.0,1535,0.95,0.3628664495114006,0
2026-09-24T18:51:01Z,paymentservice,0.0,155,0.8,0.0,0
2026-09-24T18:51:01Z,recommendationservice,765.0,1150,0.8,0.6652173913043479,0
2026-09-24T18:51:01Z,shippingservice,42.0,770,0.8,0.05454545454545454,0
2026-09-24T18:51:01Z,currencyservice,190.0,770,0.8,0.24675324675324675,0
2026-09-24T18:51:01Z,emailservice,18.0,155,0.8,0.11612903225806452,0
2026-09-24T18:51:01Z,adservice,89.0,1150,0.8,0.07739130434782608,0
2026-09-24T18:51:01Z,redis-cart,16.0,540,0.8,0.02962962962962963,0
2026-09-24T18:51:02Z,frontend,319.25,1150,0.8,0.2776086956521739,0
2026-09-24T18:51:02Z,cartservice,194.0,1920,0.95,0.10104166666666667,0
2026-09-24T18:51:02Z,checkoutservice,0.0,615,0.8,0.0,0
2026-09-24T18:51:02Z,productcatalogservice,579.0,1535,0.95,0.3771986970684039,0
2026-09-24T18:51:02Z,paymentservice,0.0,155,0.8,0.0,0
2026-09-24T18:51:02Z,recommendationservice,791.0,1150,0.8,0.6878260869565217,0
2026-09-24T18:51:02Z,shippingservice,77.0,770,0.8,0.1,0
2026-09-24T18:51:02Z,currencyservice,217.0,770,0.8,0.2818181818181818,0
2026-09-24T18:51:02Z,emailservice,0.0,155,0.8,0.0,0
2026-09-24T18:51:02Z,adservice,93.0,1150,0.8,0.0808695652173913,0
2026-09-24T18:51:02Z,redis-cart,16.0,540,0.8,0.02962962962962963,0
2026-09-24T18:51:03Z,frontend,332.5,1150,0.8,0.2891304347826087,0
2026-09-24T18:51:03Z,cartservice,194.0,1920,0.95,0.10104166666666667,0
2026-09-24T18:51:03Z,checkoutservice,0.0,615,0.8,0.0,0
2026-09-24T18:51:03Z,productcatalogservice,585.0,1535,0.95,0.3811074918566775,0
2026-09-24T18:51:03Z,paymentservice,0.0,155,0.8,0.0,0
2026-09-24T18:51:03Z,recommendationservice,791.0,1150,0.8,0.6878260869565217,0
2026-09-24T18:51:03Z,shippingservice,77.0,770,0.8,0.1,0
2026-09-24T18:51:03Z,currencyservice,226.0,770,0.8,0.2935064935064935,0
2026-09-24T18:51:03Z,emailservice,0.0,155,0.8,0.0,0
2026-09-24T18:51:03Z,adservice,86.0,1150,0.8,0.07478260869565218,0
2026-09-24T18:51:03Z,redis-cart,12.0,540,0.8,0.022222222222222223,0
2026-09-24T18:51:04Z,frontend,330.25,1150,0.8,0.2871739130434783,0
2026-09-24T18:51:04Z,cartservice,124.0,1920,0.95,0.06458333333333334,0
2026-09-24T18:51:04Z,checkoutservice,0.0,615,0.8,0.0,0
2026-09-24T18:51:04Z,productcatalogservice,585.0,1535,0.95,0.3811074918566775,0
2026-09-24T18:51:04Z,paymentservice,0.0,155,0.8,0.0,0
2026-09-24T18:51:04Z,recommendationservice,778.0,1150,0.8,0.6765217391304348,0
2026-09-24T18:51:04Z,shippingservice,52.0,770,0.8,0.06753246753246753,0
2026-09-24T18:51:04Z,currencyservice,226.0,770,0.8,0.2935064935064935,0
2026-09-24T18:51:04Z,emailservice,0.0,155,0.8,0.0,0
2026-09-24T18:51:04Z,adservice,78.0,1150,0.8,0.06782608695652174,0
2026-09-24T18:51:04Z,redis-cart,12.0,540,0.8,0.022222222222222223,0
2026-09-24T18:51:05Z,frontend,333.25,1150,0.8,0.2897826086956522,0
2026-09-24T18:51:05Z,cartservice,144.0,1920,0.95,0.075,0
2026-09-24T18:51:05Z,checkoutservice,0.0,615,0.8,0.0,0
2026-09-24T18:51:05Z,productcatalogservice,510.0,1535,0.95,0.3322475570032573,0
2026-09-24T18:51:05Z,paymentservice,0.0,155,0.8,0.0,0
2026-09-24T18:51:05Z,recommendationservice,778.0,1150,0.8,0.6765217391304348,0
2026-09-24T18:51:05Z,shippingservice,55.0,770,0.8,0.07142857142857142,0
2026-09-24T18:51:05Z,currencyservice,128.0,770,0.8,0.16623376623376623,0
2026-09-24T18:51:05Z,emailservice,19.0,155,0.8,0.12258064516129032,0
2026-09-24T18:51:05Z,adservice,78.0,1150,0.8,0.06782608695652174,0
2026-09-24T18:51:05Z,redis-cart,17.0,540,0.8,0.03148148148148148,0
2026-09-24T18:51:06Z,frontend,335.0,1150,0.8,0.29130434782608694,0
2026-09-24T18:51:06Z,cartservice,144.0,1920,0.95,0.075,0
2026-09-24T18:51:06Z,checkoutservice,0.0,615,0.8,0.0,0
2026-09-24T18:51:06Z,productcatalogservice,592.0,1535,0.95,0.3856677524429967,0
2026-09-24T18:51:06Z,paymentservice,0.0,155,0.8,0.0,0
2026-09-24T18:51:06Z,recommendationservice,765.0,1150,0.8,0.6652173913043479,0
2026-09-24T18:51:06Z,shippingservice,55.0,770,0.8,0.07142857142857142,0
2026-09-24T18:51:06Z,currencyservice,237.0,770,0.8,0.3077922077922078,0
2026-09-24T18:51:06Z,emailservice,0.0,155,0.8,0.0,0
2026-09-24T18:51:06Z,adservice,102.0,1150,0.8,0.08869565217391304,0
2026-09-24T18:51:06Z,redis-cart,17.0,540,0.8,0.03148148148148148,0
2026-09-24T18:51:07Z,frontend,322.75,1150,0.8,0.2806521739130435,0
2026-09-24T18:51:07Z,cartservice,138.0,1920,0.95,0.071875,0
2026-09-24T18:51:07Z,checkoutservice,0.0,615,0.8,0.0,0
2026-09-24T18:51:07Z,productcatalogservice,592.0,1535,0.95,0.3856677524429967,0
2026-09-24T18:51:07Z,paymentservice,0.0,155,0.8,0.0,0
2026-09-24T18:51:07Z,recommendationservice,852.0,1150,0.8,0.7408695652173913,0
2026-09-24T18:51:07Z,shippingservice,43.0,770,0.8,0.05584415584415584,0
2026-09-24T18:51:07Z,currencyservice,144.0,770,0.8,0.18701298701298702,0
2026-09-24T18:51:07Z,emailservice,0.0,155,0.8,0.0,0
2026-09-24T18:51:07Z,adservice,96.0,1150,0.8,0.08347826086956522,0
2026-09-24T18:51:07Z,redis-cart,13.0,540,0.8,0.024074074074074074,0
2026-09-24T18:51:08Z,frontend,344.5,1150,0.8,0.2995652173913044,0
2026-09-24T18:51:08Z,cartservice,138.0,1920,0.95,0.071875,0
2026-09-24T18:51:08Z,checkoutservice,0.0,615,0.8,0.0,0
2026-09-24T18:51:08Z,productcatalogservice,547.0,1535,0.95,0.35635179153094465,0
2026-09-24T18:51:08Z,paymentservice,0.0,155,0.8,0.0,0
2026-09-24T18:51:08Z,recommendationservice,897.0,1150,0.8,0.78,0
2026-09-24T18:51:08Z,shippingservice,51.0,770,0.8,0.06623376623376623,0
2026-09-24T18:51:08Z,currencyservice,144.0,770,0.8,0.18701298701298702,0
2026-09-24T18:51:08Z,emailservice,0.0,155,0.8,0.0,0
2026-09-24T18:51:08Z,adservice,96.0,1150,0.8,0.08347826086956522,0
2026-09-24T18:51:08Z,redis-cart,18.0,540,0.8,0.03333333333333333,0
2026-09-24T18:51:09Z,frontend,359.25,1150,0.8,0.3123913043478261,0
2026-09-24T18:51:09Z,cartservice,145.0,1920,0.95,0.07552083333333333,0
2026-09-24T18:51:09Z,checkoutservice,0.0,615,0.8,0.0,0
2026-09-24T18:51:09Z,productcatalogservice,547.0,1535,0.95,0.35635179153094465,0
2026-09-24T18:51:09Z,paymentservice,17.0,155,0.8,0.10967741935483871,0
2026-09-24T18:51:09Z,recommendationservice,897.0,1150,0.8,0.78,0
2026-09-24T18:51:09Z,shippingservice,49.0,770,0.8,0.06363636363636363,0
2026-09-24T18:51:09Z,currencyservice,136.0,770,0.8,0.17662337662337663,0
2026-09-24T18:51:09Z,emailservice,0.0,155,0.8,0.0,0
2026-09-24T18:51:09Z,adservice,110.0,1150,0.8,0.09565217391304348,0
2026-09-24T18:51:09Z,redis-cart,14.0,540,0.8,0.025925925925925925,0
2026-09-24T18:51:10Z,frontend,287.5,1150,0.8,0.25,0
2026-09-24T18:51:10Z,cartservice,81.0,1920,0.95,0.0421875,0
2026-09-24T18:51:10Z,checkoutservice,0.0,615,0.8,0.0,0
2026-09-24T18:51:10Z,productcatalogservice,561.0,1535,0.95,0.36547231270358305,0
2026-09-24T18:51:10Z,paymentservice,0.0,155,0.8,0.0,0
2026-09-24T18:51:10Z,recommendationservice,766.0,1150,0.8,0.6660869565217391,0
2026-09-24T18:51:10Z,shippingservice,49.0,770,0.8,0.06363636363636363,0
2026-09-24T18:51:10Z,currencyservice,195.0,770,0.8,0.2532467532467532,0
2026-09-24T18:51:10Z,emailservice,18.0,155,0.8,0.11612903225806452,0
2026-09-24T18:51:10Z,adservice,110.0,1150,0.8,0.09565217391304348,0
2026-09-24T18:51:10Z,redis-cart,14.0,540,0.8,0.025925925925925925,0
2026-09-24T18:51:11Z,frontend,324.75,1150,0.8,0.2823913043478261,0
2026-09-24T18:51:11Z,cartservice,81.0,1920,0.95,0.0421875,0
2026-09-24T18:51:11Z,checkoutservice,0.0,615,0.8,0.0,0
2026-09-24T18:51:11Z,productcatalogservice,560.0,1535,0.95,0.36482084690553745,0
2026-09-24T18:51:11Z,paymentservice,0.0,155,0.8,0.0,0
2026-09-24T18:51:11Z,recommendationservice,772.0,1150,0.8,0.671304347826087,0
2026-09-24T18:51:11Z,shippingservice,70.0,770,0.8,0.09090909090909091,0
2026-09-24T18:51:11Z,currencyservice,195.0,770,0.8,0.2532467532467532,0
2026-09-24T18:51:11Z,emailservice,18.0,155,0.8,0.11612903225806452,0
2026-09-24T18:51:11Z,adservice,87.0,1150,0.8,0.07565217391304348,0
2026-09-24T18:51:11Z,redis-cart,14.0,540,0.8,0.025925925925925925,0
2026-09-24T18:51:12Z,frontend,297.0,1150,0.8,0.2582608695652174,0
2026-09-24T18:51:12Z,cartservice,172.0,1920,0.95,0.08958333333333333,0
2026-09-24T18:51:12Z,checkoutservice,0.0,615,0.8,0.0,0
2026-09-24T18:51:12Z,productcatalogservice,560.0,1535,0.95,0.36482084690553745,0
2026-09-24T18:51:12Z,paymentservice,0.0,155,0.8,0.0,0
2026-09-24T18:51:12Z,recommendationservice,772.0,1150,0.8,0.671304347826087,0
2026-09-24T18:51:12Z,shippingservice,63.0,770,0.8,0.08181818181818182,0
2026-09-24T18:51:12Z,currencyservice,189.0,770,0.8,0.24545454545454545,0
2026-09-24T18:51:12Z,emailservice,0.0,155,0.8,0.0,0
2026-09-24T18:51:12Z,adservice,75.0,1150,0.8,0.06521739130434782,0
2026-09-24T18:51:12Z,redis-cart,14.0,540,0.8,0.025925925925925925,0
2026-09-24T18:51:13Z,frontend,311.25,1150,0.8,0.27065217391304347,0
2026-09-24T18:51:13Z,cartservice,113.0,1920,0.95,0.058854166666666666,0
2026-09-24T18:51:13Z,checkoutservice,0.0,615,0.8,0.0,0
2026-09-24T18:51:13Z,productcatalogservice,537.0,1535,0.95,0.3498371335504886,0
2026-09-24T18:51:13Z,paymentservice,0.0,155,0.8,0.0,0
2026-09-24T18:51:13Z,recommendationservice,776.0,1150,0.8,0.6747826086956522,0
2026-09-24T18:51:13Z,shippingservice,43.0,770,0.8,0.05584415584415584,0
2026-09-24T18:51:13Z,currencyservice,189.0,770,0.8,0.24545454545454545,0
2026-09-24T18:51:13Z,emailservice,0.0,155,0.8,0.0,0
2026-09-24T18:51:13Z,adservice,104.0,1150,0.8,0.09043478260869565,0
2026-09-24T18:51:13Z,redis-cart,12.0,540,0.8,0.022222222222222223,0
2026-09-24T18:51:14Z,frontend,329.25,1150,0.8,0.28630434782608694,0
2026-09-24T18:51:14Z,cartservice,113.0,1920,0.95,0.058854166666666666,0
2026-09-24T18:51:14Z,checkoutservice,0.0,615,0.8,0.0,0
2026-09-24T18:51:14Z,productcatalogservice,552.0,1535,0.95,0.35960912052117266,0
2026-09-24T18:51:14Z,paymentservice,0.0,155,0.8,0.0,0
2026-09-24T18:51:14Z,recommendationservice,803.0,1150,0.8,0.6982608695652174,0
2026-09-24T18:51:14Z,shippingservice,43.0,770,0.8,0.05584415584415584,0
2026-09-24T18:51:14Z,currencyservice,112.0,770,0.8,0.14545454545454545,0
2026-09-24T18:51:14Z,emailservice,0.0,155,0.8,0.0,0
2026-09-24T18:51:14Z,adservice,90.0,1150,0.8,0.0782608695652174,0
2026-09-24T18:51:14Z,redis-cart,12.0,540,0.8,0.022222222222222223,0
2026-09-24T18:51:15Z,frontend,319.5,1150,0.8,0.2778260869565217,0
2026-09-24T18:51:15Z,cartservice,166.0,1920,0.95,0.08645833333333333,0
2026-09-24T18:51:15Z,checkoutservice,0.0,615,0.8,0.0,0
2026-09-24T18:51:15Z,productcatalogservice,552.0,1535,0.95,0.35960912052117266,0
2026-09-24T18:51:15Z,paymentservice,0.0,155,0.8,0.0,0
2026-09-24T18:51:15Z,recommendationservice,803.0,1150,0.8,0.6982608695652174,0
2026-09-24T18:51:15Z,shippingservice,59.0,770,0.8,0.07662337662337662,0
2026-09-24T18:51:15Z,currencyservice,246.0,770,0.8,0.3194805194805195,0
2026-09-24T18:51:15Z,emailservice,0.0,155,0.8,0.0,0
2026-09-24T18:51:15Z,adservice,90.0,1150,0.8,0.0782608695652174,0
2026-09-24T18:51:15Z,redis-cart,15.0,540,0.8,0.027777777777777776,0
2026-09-24T18:51:16Z,frontend,324.75,1150,0.8,0.2823913043478261,0
2026-09-24T18:51:16Z,cartservice,166.0,1920,0.95,0.08645833333333333,0
2026-09-24T18:51:16Z,checkoutservice,0.0,615,0.8,0.0,0
2026-09-24T18:51:16Z,productcatalogservice,530.0,1535,0.95,0.34527687296416937,0
2026-09-24T18:51:16Z,paymentservice,0.0,155,0.8,0.0,0
2026-09-24T18:51:16Z,recommendationservice,796.0,1150,0.8,0.6921739130434783,0
2026-09-24T18:51:16Z,shippingservice,59.0,770,0.8,0.07662337662337662,0
2026-09-24T18:51:16Z,currencyservice,246.0,770,0.8,0.3194805194805195,0
2026-09-24T18:51:16Z,emailservice,16.0,155,0.8,0.1032258064516129,0
2026-09-24T18:51:16Z,adservice,88.0,1150,0.8,0.07652173913043478,0
2026-09-24T18:51:16Z,redis-cart,17.0,540,0.8,0.03148148148148148,0
2026-09-24T18:51:17Z,frontend,330.0,1150,0.8,0.28695652173913044,0
2026-09-24T18:51:17Z,cartservice,111.0,1920,0.95,0.0578125,0
2026-09-24T18:51:17Z,checkoutservice,0.0,615,0.8,0.0,0
2026-09-24T18:51:17Z,productcatalogservice,543.0,1535,0.95,0.3537459283387622,0
2026-09-24T18:51:17Z,paymentservice,11.0,155,0.8,0.07096774193548387,0
2026-09-24T18:51:17Z,recommendationservice,803.0,1150,0.8,0.6982608695652174,0
2026-09-24T18:51:17Z,shippingservice,68.0,770,0.8,0.08831168831168831,0
2026-09-24T18:51:17Z,currencyservice,139.0,770,0.8,0.18051948051948052,0
2026-09-24T18:51:17Z,emailservice,16.0,155,0.8,0.1032258064516129,0
2026-09-24T18:51:17Z,adservice,100.0,1150,0.8,0.08695652173913043,0
2026-09-24T18:51:17Z,redis-cart,17.0,540,0.8,0.03148148148148148,0
2026-09-24T18:51:18Z,frontend,276.0,1150,0.8,0.24,0
2026-09-24T18:51:18Z,cartservice,218.0,1920,0.95,0.11354166666666667,0
2026-09-24T18:51:18Z,checkoutservice,494.0,615,0.8,0.8032520325203252,1
2026-09-24T18:51:18Z,productcatalogservice,543.0,1535,0.95,0.3537459283387622,0
2026-09-24T18:51:18Z,paymentservice,33.0,155,0.8,0.2129032258064516,0
2026-09-24T18:51:18Z,recommendationservice,803.0,1150,0.8,0.6982608695652174,0
2026-09-24T18:51:18Z,shippingservice,68.0,770,0.8,0.08831168831168831,0
2026-09-24T18:51:18Z,currencyservice,139.0,770,0.8,0.18051948051948052,0
2026-09-24T18:51:18Z,emailservice,11.0,155,0.8,0.07096774193548387,0
2026-09-24T18:51:18Z,adservice,100.0,1150,0.8,0.08695652173913043,0
2026-09-24T18:51:18Z,redis-cart,17.0,540,0.8,0.03148148148148148,0
2026-09-24T18:51:19Z,frontend,222.0,1150,0.8,0.19304347826086957,0
2026-09-24T18:51:19Z,cartservice,241.0,1920,0.95,0.12552083333333333,0
2026-09-24T18:51:19Z,checkoutservice,602.0,615,0.8,0.9788617886178862,1
2026-09-24T18:51:19Z,productcatalogservice,337.0,1535,0.95,0.21954397394136807,0
2026-09-24T18:51:19Z,paymentservice,33.0,155,0.8,0.2129032258064516,0
2026-09-24T18:51:19Z,recommendationservice,458.0,1150,0.8,0.3982608695652174,0
2026-09-24T18:51:19Z,shippingservice,77.0,770,0.8,0.1,0
2026-09-24T18:51:19Z,currencyservice,201.0,770,0.8,0.261038961038961,0
2026-09-24T18:51:19Z,emailservice,11.0,155,0.8,0.07096774193548387,0
2026-09-24T18:51:19Z,adservice,70.0,1150,0.8,0.06086956521739131,0
2026-09-24T18:51:19Z,redis-cart,15.0,540,0.8,0.027777777777777776,0
2026-09-24T18:51:20Z,frontend,248.75,1150,0.8,0.21630434782608696,0
2026-09-24T18:51:20Z,cartservice,241.0,1920,0.95,0.12552083333333333,0
2026-09-24T18:51:20Z,checkoutservice,602.0,615,0.8,0.9788617886178862,1
2026-09-24T18:51:20Z,productcatalogservice,337.0,1535,0.95,0.21954397394136807,0
2026-09-24T18:51:20Z,paymentservice,0.0,155,0.8,0.0,0
2026-09-24T18:51:20Z,recommendationservice,591.0,1150,0.8,0.5139130434782608,0
2026-09-24T18:51:20Z,shippingservice,89.0,770,0.8,0.11558441558441558,0
2026-09-24T18:51:20Z,currencyservice,254.0,770,0.8,0.32987012987012987,0
2026-09-24T18:51:20Z,emailservice,0.0,155,0.8,0.0,0
2026-09-24T18:51:20Z,adservice,89.0,1150,0.8,0.07739130434782608,0
2026-09-24T18:51:20Z,redis-cart,15.0,540,0.8,0.027777777777777776,0
2026-09-24T18:51:21Z,frontend,254.5,1150,0.8,0.22130434782608696,0
2026-09-24T18:51:21Z,cartservice,185.0,1920,0.95,0.09635416666666667,0
2026-09-24T18:51:21Z,checkoutservice,629.0,615,0.8,1.0227642276422764,1
2026-09-24T18:51:21Z,productcatalogservice,442.0,1535,0.95,0.28794788273615635,0
2026-09-24T18:51:21Z,paymentservice,0.0,155,0.8,0.0,0
2026-09-24T18:51:21Z,recommendationservice,649.0,1150,0.8,0.5643478260869565,0
2026-09-24T18:51:21Z,shippingservice,119.0,770,0.8,0.15454545454545454,0
2026-09-24T18:51:21Z,currencyservice,269.0,770,0.8,0.34935064935064936,0
2026-09-24T18:51:21Z,emailservice,17.0,155,0.8,0.10967741935483871,0
2026-09-24T18:51:21Z,adservice,120.0,1150,0.8,0.10434782608695652,0
2026-09-24T18:51:21Z,redis-cart,17.0,540,0.8,0.03148148148148148,0
2026-09-24T18:51:22Z,frontend,246.75,1150,0.8,0.21456521739130435,0
2026-09-24T18:51:22Z,cartservice,278.0,1920,0.95,0.14479166666666668,0
2026-09-24T18:51:22Z,checkoutservice,577.0,615,0.8,0.9382113821138212,1
2026-09-24T18:51:22Z,productcatalogservice,442.0,1535,0.95,0.28794788273615635,0
2026-09-24T18:51:22Z,paymentservice,0.0,155,0.8,0.0,0
2026-09-24T18:51:22Z,recommendationservice,649.0,1150,0.8,0.5643478260869565,0
2026-09-24T18:51:22Z,shippingservice,119.0,770,0.8,0.15454545454545454,0
2026-09-24T18:51:22Z,currencyservice,235.0,770,0.8,0.3051948051948052,0
2026-09-24T18:51:22Z,emailservice,17.0,155,0.8,0.10967741935483871,0
2026-09-24T18:51:22Z,adservice,120.0,1150,0.8,0.10434782608695652,0
2026-09-24T18:51:22Z,redis-cart,17.0,540,0.8,0.03148148148148148,0
2026-09-24T18:51:23Z,frontend,288.5,1150,0.8,0.2508695652173913,0
2026-09-24T18:51:23Z,cartservice,234.0,1920,0.95,0.121875,0
2026-09-24T18:51:23Z,checkoutservice,577.0,615,0.8,0.9382113821138212,1
2026-09-24T18:51:23Z,productcatalogservice,474.0,1535,0.95,0.3087947882736156,0
2026-09-24T18:51:23Z,paymentservice,0.0,155,0.8,0.0,0
2026-09-24T18:51:23Z,recommendationservice,561.0,1150,0.8,0.48782608695652174,0
2026-09-24T18:51:23Z,shippingservice,83.0,770,0.8,0.10779220779220779,0
2026-09-24T18:51:23Z,currencyservice,235.0,770,0.8,0.3051948051948052,0
2026-09-24T18:51:23Z,emailservice,0.0,155,0.8,0.0,0
2026-09-24T18:51:23Z,adservice,70.0,1150,0.8,0.06086956521739131,0
2026-09-24T18:51:23Z,redis-cart,17.0,540,0.8,0.03148148148148148,0
2026-09-24T18:51:24Z,frontend,280.25,1150,0.8,0.24369565217391304,0
2026-09-24T18:51:24Z,cartservice,234.0,1920,0.95,0.121875,0
2026-09-24T18:51:24Z,checkoutservice,628.0,615,0.8,1.021138211382114,1
2026-09-24T18:51:24Z,productcatalogservice,438.0,1535,0.95,0.2853420195439739,0
2026-09-24T18:51:24Z,paymentservice,0.0,155,0.8,0.0,0
2026-09-24T18:51:24Z,recommendationservice,714.0,1150,0.8,0.6208695652173913,0
2026-09-24T18:51:24Z,shippingservice,78.0,770,0.8,0.1012987012987013,0
2026-09-24T18:51:24Z,currencyservice,187.0,770,0.8,0.24285714285714285,0
2026-09-24T18:51:24Z,emailservice,0.0,155,0.8,0.0,0
2026-09-24T18:51:24Z,adservice,108.0,1150,0.8,0.09391304347826086,0
2026-09-24T18:51:24Z,redis-cart,18.0,540,0.8,0.03333333333333333,0
2026-09-24T18:51:25Z,frontend,249.25,1150,0.8,0.2167391304347826,0
2026-09-24T18:51:25Z,cartservice,197.0,1920,0.95,0.10260416666666666,0
2026-09-24T18:51:25Z,checkoutservice,615.0,615,0.8,1.0,1
2026-09-24T18:51:25Z,productcatalogservice,469.0,1535,0.95,0.3055374592833876,0
2026-09-24T18:51:25Z,paymentservice,0.0,155,0.8,0.0,0
2026-09-24T18:51:25Z,recommendationservice,714.0,1150,0.8,0.6208695652173913,0
2026-09-24T18:51:25Z,shippingservice,78.0,770,0.8,0.1012987012987013,0
2026-09-24T18:51:25Z,currencyservice,222.0,770,0.8,0.2883116883116883,0
2026-09-24T18:51:25Z,emailservice,20.0,155,0.8,0.12903225806451613,0
2026-09-24T18:51:25Z,adservice,108.0,1150,0.8,0.09391304347826086,0
2026-09-24T18:51:25Z,redis-cart,18.0,540,0.8,0.03333333333333333,0
2026-09-24T18:51:26Z,frontend,279.5,1150,0.8,0.24304347826086956,0
2026-09-24T18:51:26Z,cartservice,140.0,1920,0.95,0.07291666666666667,0
2026-09-24T18:51:26Z,checkoutservice,614.0,615,0.8,0.9983739837398374,1
2026-09-24T18:51:26Z,productcatalogservice,469.0,1535,0.95,0.3055374592833876,0
2026-09-24T18:51:26Z,paymentservice,0.0,155,0.8,0.0,0
2026-09-24T18:51:26Z,recommendationservice,592.0,1150,0.8,0.5147826086956522,0
2026-09-24T18:51:26Z,shippingservice,95.0,770,0.8,0.12337662337662338,0
2026-09-24T18:51:26Z,currencyservice,222.0,770,0.8,0.2883116883116883,0
2026-09-24T18:51:26Z,emailservice,20.0,155,0.8,0.12903225806451613,0
2026-09-24T18:51:26Z,adservice,71.0,1150,0.8,0.06173913043478261,0
2026-09-24T18:51:26Z,redis-cart,16.0,540,0.8,0.02962962962962963,0
2026-09-24T18:51:27Z,frontend,267.75,1150,0.8,0.23282608695652174,0
2026-09-24T18:51:27Z,cartservice,140.0,1920,0.95,0.07291666666666667,0
2026-09-24T18:51:27Z,checkoutservice,614.0,615,0.8,0.9983739837398374,1
2026-09-24T18:51:27Z,productcatalogservice,437.0,1535,0.95,0.28469055374592833,0
2026-09-24T18:51:27Z,paymentservice,3.0,155,0.8,0.01935483870967742,0
2026-09-24T18:51:27Z,recommendationservice,592.0,1150,0.8,0.5147826086956522,0
2026-09-24T18:51:27Z,shippingservice,94.0,770,0.8,0.12207792207792208,0
2026-09-24T18:51:27Z,currencyservice,153.0,770,0.8,0.1987012987012987,0
2026-09-24T18:51:27Z,emailservice,0.0,155,0.8,0.0,0
2026-09-24T18:51:27Z,adservice,71.0,1150,0.8,0.06173913043478261,0
2026-09-24T18:51:27Z,redis-cart,16.0,540,0.8,0.02962962962962963,0
2026-09-24T18:51:28Z,frontend,255.5,1150,0.8,0.22217391304347825,0
2026-09-24T18:51:28Z,cartservice,191.0,1920,0.95,0.09947916666666666,0
2026-09-24T18:51:28Z,checkoutservice,604.0,615,0.8,0.9821138211382113,1
2026-09-24T18:51:28Z,productcatalogservice,437.0,1535,0.95,0.28469055374592833,0
2026-09-24T18:51:28Z,paymentservice,22.0,155,0.8,0.14193548387096774,0
2026-09-24T18:51:28Z,recommendationservice,515.0,1150,0.8,0.44782608695652176,0
2026-09-24T18:51:28Z,shippingservice,94.0,770,0.8,0.12207792207792208,0
2026-09-24T18:51:28Z,currencyservice,241.0,770,0.8,0.312987012987013,0
2026-09-24T18:51:28Z,emailservice,0.0,155,0.8,0.0,0
2026-09-24T18:51:28Z,adservice,88.0,1150,0.8,0.07652173913043478,0
2026-09-24T18:51:28Z,redis-cart,13.0,540,0.8,0.024074074074074074,0
2026-09-24T18:51:29Z,frontend,282.5,1150,0.8,0.24565217391304348,0
2026-09-24T18:51:29Z,cartservice,191.0,1920,0.95,0.09947916666666666,0
2026-09-24T18:51:29Z,checkoutservice,602.0,615,0.8,0.9788617886178862,1
2026-09-24T18:51:29Z,productcatalogservice,438.0,1535,0.95,0.2853420195439739,0
2026-09-24T18:51:29Z,paymentservice,22.0,155,0.8,0.14193548387096774,0
2026-09-24T18:51:29Z,recommendationservice,664.0,1150,0.8,0.577391304347826,0
2026-09-24T18:51:29Z,shippingservice,70.0,770,0.8,0.09090909090909091,0
2026-09-24T18:51:29Z,currencyservice,239.0,770,0.8,0.3103896103896104,0
2026-09-24T18:51:29Z,emailservice,0.0,155,0.8,0.0,0
2026-09-24T18:51:29Z,adservice,81.0,1150,0.8,0.07043478260869565,0
2026-09-24T18:51:29Z,redis-cart,13.0,540,0.8,0.024074074074074074,0
2026-09-24T18:51:30Z,frontend,270.0,1150,0.8,0.23478260869565218,0
2026-09-24T18:51:30Z,cartservice,135.0,1920,0.95,0.0703125,0
2026-09-24T18:51:30Z,checkoutservice,602.0,615,0.8,0.9788617886178862,1
2026-09-24T18:51:30Z,productcatalogservice,482.0,1535,0.95,0.31400651465798046,0
2026-09-24T18:51:30Z,paymentservice,6.0,155,0.8,0.03870967741935484,0
2026-09-24T18:51:30Z,recommendationservice,664.0,1150,0.8,0.577391304347826,0
2026-09-24T18:51:30Z,shippingservice,95.0,770,0.8,0.12337662337662338,0
2026-09-24T18:51:30Z,currencyservice,239.0,770,0.8,0.3103896103896104,0
2026-09-24T18:51:30Z,emailservice,22.0,155,0.8,0.14193548387096774,0
2026-09-24T18:51:30Z,adservice,81.0,1150,0.8,0.07043478260869565,0
2026-09-24T18:51:30Z,redis-cart,18.0,540,0.8,0.03333333333333333,0
2026-09-24T18:51:31Z,frontend,273.75,1150,0.8,0.23804347826086958,0
2026-09-24T18:51:31Z,cartservice,235.0,1920,0.95,0.12239583333333333,0
2026-09-24T18:51:31Z,checkoutservice,605.0,615,0.8,0.983739837398374,1
2026-09-24T18:51:31Z,productcatalogservice,482.0,1535,0.95,0.31400651465798046,0
2026-09-24T18:51:31Z,paymentservice,6.0,155,0.8,0.03870967741935484,0
2026-09-24T18:51:31Z,recommendationservice,630.0,1150,0.8,0.5478260869565217,0
2026-09-24T18:51:31Z,shippingservice,95.0,770,0.8,0.12337662337662338,0
2026-09-24T18:51:31Z,currencyservice,161.0,770,0.8,0.20909090909090908,0
2026-09-24T18:51:31Z,emailservice,22.0,155,0.8,0.14193548387096774,0
2026-09-24T18:51:31Z,adservice,94.0,1150,0.8,0.0817391304347826,0
2026-09-24T18:51:31Z,redis-cart,17.0,540,0.8,0.03148148148148148,0
2026-09-24T18:51:32Z,frontend,278.0,1150,0.8,0.2417391304347826,0
2026-09-24T18:51:32Z,cartservice,235.0,1920,0.95,0.12239583333333333,0
2026-09-24T18:51:32Z,checkoutservice,605.0,615,0.8,0.983739837398374,1
2026-09-24T18:51:32Z,productcatalogservice,448.0,1535,0.95,0.29185667752442995,0
2026-09-24T18:51:32Z,paymentservice,0.0,155,0.8,0.0,0
2026-09-24T18:51:32Z,recommendationservice,648.0,1150,0.8,0.5634782608695652,0
2026-09-24T18:51:32Z,shippingservice,85.0,770,0.8,0.11038961038961038,0
2026-09-24T18:51:32Z,currencyservice,292.0,770,0.8,0.37922077922077924,0
2026-09-24T18:51:32Z,emailservice,0.0,155,0.8,0.0,0
2026-09-24T18:51:32Z,adservice,94.0,1150,0.8,0.0817391304347826,0
2026-09-24T18:51:32Z,redis-cart,23.0,540,0.8,0.04259259259259259,0
2026-09-24T18:51:33Z,frontend,271.25,1150,0.8,0.2358695652173913,0
2026-09-24T18:51:33Z,cartservice,164.0,1920,0.95,0.08541666666666667,0
2026-09-24T18:51:33Z,checkoutservice,601.0,615,0.8,0.9772357723577236,1
2026-09-24T18:51:33Z,productcatalogservice,448.0,1535,0.95,0.29185667752442995,0
2026-09-24T18:51:33Z,paymentservice,4.0,155,0.8,0.025806451612903226,0
2026-09-24T18:51:33Z,recommendationservice,639.0,1150,0.8,0.5556521739130434,0
2026-09-24T18:51:33Z,shippingservice,114.0,770,0.8,0.14805194805194805,0
2026-09-24T18:51:33Z,currencyservice,292.0,770,0.8,0.37922077922077924,0
2026-09-24T18:51:33Z,emailservice,0.0,155,0.8,0.0,0
2026-09-24T18:51:33Z,adservice,75.0,1150,0.8,0.06521739130434782,0
2026-09-24T18:51:33Z,redis-cart,15.0,540,0.8,0.027777777777777776,0
2026-09-24T18:51:34Z,frontend,280.25,1150,0.8,0.24369565217391304,0
2026-09-24T18:51:34Z,cartservice,231.0,1920,0.95,0.1203125,0
2026-09-24T18:51:34Z,checkoutservice,637.0,615,0.8,1.0357723577235773,1
2026-09-24T18:51:34Z,productcatalogservice,463.0,1535,0.95,0.301628664495114,0
2026-09-24T18:51:34Z,paymentservice,0.0,155,0.8,0.0,0
2026-09-24T18:51:34Z,recommendationservice,582.0,1150,0.8,0.5060869565217392,0
2026-09-24T18:51:34Z,shippingservice,114.0,770,0.8,0.14805194805194805,0
2026-09-24T18:51:34Z,currencyservice,167.0,770,0.8,0.21688311688311687,0
2026-09-24T18:51:34Z,emailservice,0.0,155,0.8,0.0,0
2026-09-24T18:51:34Z,adservice,75.0,1150,0.8,0.06521739130434782,0
2026-09-24T18:51:34Z,redis-cart,15.0,540,0.8,0.027777777777777776,0
2026-09-24T18:51:35Z,frontend,271.0,1150,0.8,0.23565217391304347,0
2026-09-24T18:51:35Z,cartservice,231.0,1920,0.95,0.1203125,0
2026-09-24T18:51:35Z,checkoutservice,585.0,615,0.8,0.9512195121951219,1
2026-09-24T18:51:35Z,productcatalogservice,434.0,1535,0.95,0.28273615635179156,0
2026-09-24T18:51:35Z,paymentservice,0.0,155,0.8,0.0,0
2026-09-24T18:51:35Z,recommendationservice,582.0,1150,0.8,0.5060869565217392,0
2026-09-24T18:51:35Z,shippingservice,98.0,770,0.8,0.12727272727272726,0
2026-09-24T18:51:35Z,currencyservice,280.0,770,0.8,0.36363636363636365,0
2026-09-24T18:51:35Z,emailservice,20.0,155,0.8,0.12903225806451613,0
2026-09-24T18:51:35Z,adservice,80.0,1150,0.8,0.06956521739130435,0
2026-09-24T18:51:35Z,redis-cart,17.0,540,0.8,0.03148148148148148,0
2026-09-24T18:51:36Z,frontend,293.25,1150,0.8,0.255,0
2026-09-24T18:51:36Z,cartservice,139.0,1920,0.95,0.07239583333333334,0
2026-09-24T18:51:36Z,checkoutservice,585.0,615,0.8,0.9512195121951219,1
2026-09-24T18:51:36Z,productcatalogservice,434.0,1535,0.95,0.28273615635179156,0
2026-09-24T18:51:36Z,paymentservice,0.0,155,0.8,0.0,0
2026-09-24T18:51:36Z,recommendationservice,660.0,1150,0.8,0.5739130434782609,0
2026-09-24T18:51:36Z,shippingservice,57.0,770,0.8,0.07402597402597402,0
2026-09-24T18:51:36Z,currencyservice,280.0,770,0.8,0.36363636363636365,0
2026-09-24T18:51:36Z,emailservice,20.0,155,0.8,0.12903225806451613,0
2026-09-24T18:51:36Z,adservice,123.0,1150,0.8,0.10695652173913044,0
2026-09-24T18:51:36Z,redis-cart,11.0,540,0.8,0.020370370370370372,0
2026-09-24T18:51:37Z,frontend,293.25,1150,0.8,0.255,0
2026-09-24T18:51:37Z,cartservice,131.0,1920,0.95,0.06822916666666666,0
2026-09-24T18:51:37Z,checkoutservice,482.0,615,0.8,0.7837398373983739,0
2026-09-24T18:51:37Z,productcatalogservice,502.0,1535,0.95,0.3270358306188925,0
2026-09-24T18:51:37Z,paymentservice,0.0,155,0.8,0.0,0
2026-09-24T18:51:37Z,recommendationservice,660.0,1150,0.8,0.5739130434782609,0
2026-09-24T18:51:37Z,shippingservice,52.0,770,0.8,0.06753246753246753,0
2026-09-24T18:51:37Z,currencyservice,119.0,770,0.8,0.15454545454545454,0
2026-09-24T18:51:37Z,emailservice,0.0,155,0.8,0.0,0
2026-09-24T18:51:37Z,adservice,94.0,1150,0.8,0.0817391304347826,0
2026-09-24T18:51:37Z,redis-cart,11.0,540,0.8,0.020370370370370372,0
2026-09-24T18:51:38Z,frontend,270.25,1150,0.8,0.235,0
2026-09-24T18:51:38Z,cartservice,131.0,1920,0.95,0.06822916666666666,0
2026-09-24T18:51:38Z,checkoutservice,438.0,615,0.8,0.7121951219512195,0
2026-09-24T18:51:38Z,productcatalogservice,469.0,1535,0.95,0.3055374592833876,0
2026-09-24T18:51:38Z,paymentservice,0.0,155,0.8,0.0,0
2026-09-24T18:51:38Z,recommendationservice,639.0,1150,0.8,0.5556521739130434,0
2026-09-24T18:51:38Z,shippingservice,52.0,770,0.8,0.06753246753246753,0
2026-09-24T18:51:38Z,currencyservice,119.0,770,0.8,0.15454545454545454,0
2026-09-24T18:51:38Z,emailservice,0.0,155,0.8,0.0,0
2026-09-24T18:51:38Z,adservice,116.0,1150,0.8,0.10086956521739131,0
2026-09-24T18:51:38Z,redis-cart,15.0,540,0.8,0.027777777777777776,0
2026-09-24T18:51:39Z,frontend,318.25,1150,0.8,0.2767391304347826,0
2026-09-24T18:51:39Z,cartservice,102.0,1920,0.95,0.053125,0
2026-09-24T18:51:39Z,checkoutservice,438.0,615,0.8,0.7121951219512195,0
2026-09-24T18:51:39Z,productcatalogservice,568.0,1535,0.95,0.3700325732899023,0
2026-09-24T18:51:39Z,paymentservice,0.0,155,0.8,0.0,0
2026-09-24T18:51:39Z,recommendationservice,639.0,1150,0.8,0.5556521739130434,0
2026-09-24T18:51:39Z,shippingservice,40.0,770,0.8,0.05194805194805195,0
2026-09-24T18:51:39Z,currencyservice,177.0,770,0.8,0.22987012987012986,0
2026-09-24T18:51:39Z,emailservice,0.0,155,0.8,0.0,0
2026-09-24T18:51:39Z,adservice,83.0,1150,0.8,0.07217391304347825,0
2026-09-24T18:51:39Z,redis-cart,18.0,540,0.8,0.03333333333333333,0
2026-09-24T18:51:40Z,frontend,306.25,1150,0.8,0.266304347826087,0
2026-09-24T18:51:40Z,cartservice,110.0,1920,0.95,0.057291666666666664,0
2026-09-24T18:51:40Z,checkoutservice,0.0,615,0.8,0.0,0
2026-09-24T18:51:40Z,productcatalogservice,568.0,1535,0.95,0.3700325732899023,0
2026-09-24T18:51:40Z,paymentservice,18.0,155,0.8,0.11612903225806452,0
2026-09-24T18:51:40Z,recommendationservice,664.0,1150,0.8,0.577391304347826,0
2026-09-24T18:51:40Z,shippingservice,42.0,770,0.8,0.05454545454545454,0
2026-09-24T18:51:40Z,currencyservice,248.0,770,0.8,0.3220779220779221,0
2026-09-24T18:51:40Z,emailservice,26.0,155,0.8,0.16774193548387098,0
2026-09-24T18:51:40Z,adservice,83.0,1150,0.8,0.07217391304347825,0
2026-09-24T18:51:40Z,redis-cart,16.0,540,0.8,0.02962962962962963,0
2026-09-24T18:51:41Z,frontend,300.0,1150,0.8,0.2608695652173913,0
2026-09-24T18:51:41Z,cartservice,138.0,1920,0.95,0.071875,0
2026-09-24T18:51:41Z,checkoutservice,0.0,615,0.8,0.0,0
2026-09-24T18:51:41Z,productcatalogservice,476.0,1535,0.95,0.31009771986970686,0
2026-09-24T18:51:41Z,paymentservice,0.0,155,0.8,0.0,0
2026-09-24T18:51:41Z,recommendationservice,664.0,1150,0.8,0.577391304347826,0
2026-09-24T18:51:41Z,shippingservice,91.0,770,0.8,0.11818181818181818,0
2026-09-24T18:51:41Z,currencyservice,169.0,770,0.8,0.21948051948051947,0
2026-09-24T18:51:41Z,emailservice,0.0,155,0.8,0.0,0
2026-09-24T18:51:41Z,adservice,82.0,1150,0.8,0.07130434782608695,0
2026-09-24T18:51:41Z,redis-cart,16.0,540,0.8,0.02962962962962963,0
2026-09-24T18:51:42Z,frontend,314.5,1150,0.8,0.2734782608695652,0
2026-09-24T18:51:42Z,cartservice,131.0,1920,0.95,0.06822916666666666,0
2026-09-24T18:51:42Z,checkoutservice,0.0,615,0.8,0.0,0
2026-09-24T18:51:42Z,productcatalogservice,476.0,1535,0.95,0.31009771986970686,0
2026-09-24T18:51:42Z,paymentservice,0.0,155,0.8,0.0,0
2026-09-24T18:51:42Z,recommendationservice,710.0,1150,0.8,0.6173913043478261,0
2026-09-24T18:51:42Z,shippingservice,47.0,770,0.8,0.06103896103896104,0
2026-09-24T18:51:42Z,currencyservice,169.0,770,0.8,0.21948051948051947,0
2026-09-24T18:51:42Z,emailservice,0.0,155,0.8,0.0,0
2026-09-24T18:51:42Z,adservice,84.0,1150,0.8,0.07304347826086957,0
2026-09-24T18:51:42Z,redis-cart,12.0,540,0.8,0.022222222222222223,0
2026-09-24T18:51:43Z,frontend,320.75,1150,0.8,0.27891304347826085,0
2026-09-24T18:51:43Z,cartservice,165.0,1920,0.95,0.0859375,0
2026-09-24T18:51:43Z,checkoutservice,0.0,615,0.8,0.0,0
2026-09-24T18:51:43Z,productcatalogservice,549.0,1535,0.95,0.35765472312703583,0
2026-09-24T18:51:43Z,paymentservice,0.0,155,0.8,0.0,0
2026-09-24T18:51:43Z,recommendationservice,710.0,1150,0.8,0.6173913043478261,0
2026-09-24T18:51:43Z,shippingservice,47.0,770,0.8,0.06103896103896104,0
2026-09-24T18:51:43Z,currencyservice,189.0,770,0.8,0.24545454545454545,0
2026-09-24T18:51:43Z,emailservice,0.0,155,0.8,0.0,0
2026-09-24T18:51:43Z,adservice,84.0,1150,0.8,0.07304347826086957,0
2026-09-24T18:51:43Z,redis-cart,14.0,540,0.8,0.025925925925925925,0
2026-09-24T18:51:44Z,frontend,323.75,1150,0.8,0.28152173913043477,0
2026-09-24T18:51:44Z,cartservice,165.0,1920,0.95,0.0859375,0
2026-09-24T18:51:44Z,checkoutservice,0.0,615,0.8,0.0,0
2026-09-24T18:51:44Z,productcatalogservice,522.0,1535,0.95,0.3400651465798046,0
2026-09-24T18:51:44Z,paymentservice,0.0,155,0.8,0.0,0
2026-09-24T18:51:44Z,recommendationservice,845.0,1150,0.8,0.7347826086956522,0
2026-09-24T18:51:44Z,shippingservice,43.0,770,0.8,0.05584415584415584,0
2026-09-24T18:51:44Z,currencyservice,189.0,770,0.8,0.24545454545454545,0
2026-09-24T18:51:44Z,emailservice,0.0,155,0.8,0.0,0
2026-09-24T18:51:44Z,adservice,96.0,1150,0.8,0.08347826086956522,0
2026-09-24T18:51:44Z,redis-cart,14.0,540,0.8,0.025925925925925925,0
2026-09-24T18:51:45Z,frontend,321.75,1150,0.8,0.2797826086956522,0
2026-09-24T18:51:45Z,cartservice,129.0,1920,0.95,0.0671875,0
2026-09-24T18:51:45Z,checkoutservice,0.0,615,0.8,0.0,0
2026-09-24T18:51:45Z,productcatalogservice,536.0,1535,0.95,0.349185667752443,0
2026-09-24T18:51:45Z,paymentservice,0.0,155,0.8,0.0,0
2026-09-24T18:51:45Z,recommendationservice,759.0,1150,0.8,0.66,0
2026-09-24T18:51:45Z,shippingservice,43.0,770,0.8,0.05584415584415584,0
2026-09-24T18:51:45Z,currencyservice,120.0,770,0.8,0.15584415584415584,0
2026-09-24T18:51:45Z,emailservice,0.0,155,0.8,0.0,0
2026-09-24T18:51:45Z,adservice,96.0,1150,0.8,0.08347826086956522,0
2026-09-24T18:51:45Z,redis-cart,16.0,540,0.8,0.02962962962962963,0
2026-09-24T18:51:46Z,frontend,328.0,1150,0.8,0.2852173913043478,0
2026-09-24T18:51:46Z,cartservice,173.0,1920,0.95,0.09010416666666667,0
2026-09-24T18:51:46Z,checkoutservice,0.0,615,0.8,0.0,0
2026-09-24T18:51:46Z,productcatalogservice,536.0,1535,0.95,0.349185667752443,0
2026-09-24T18:51:46Z,paymentservice,0.0,155,0.8,0.0,0
2026-09-24T18:51:46Z,recommendationservice,872.0,1150,0.8,0.7582608695652174,0
2026-09-24T18:51:46Z,shippingservice,50.0,770,0.8,0.06493506493506493,0
2026-09-24T18:51:46Z,currencyservice,120.0,770,0.8,0.15584415584415584,0
2026-09-24T18:51:46Z,emailservice,20.0,155,0.8,0.12903225806451613,0
2026-09-24T18:51:46Z,adservice,99.0,1150,0.8,0.08608695652173913,0
2026-09-24T18:51:46Z,redis-cart,17.0,540,0.8,0.03148148148148148,0
2026-09-24T18:51:47Z,frontend,307.25,1150,0.8,0.26717391304347826,0
2026-09-24T18:51:47Z,cartservice,180.0,1920,0.95,0.09375,0
2026-09-24T18:51:47Z,checkoutservice,0.0,615,0.8,0.0,0
2026-09-24T18:51:47Z,productcatalogservice,507.0,1535,0.95,0.33029315960912053,0
2026-09-24T18:51:47Z,paymentservice,0.0,155,0.8,0.0,0
2026-09-24T18:51:47Z,recommendationservice,872.0,1150,0.8,0.7582608695652174,0
2026-09-24T18:51:47Z,shippingservice,54.0,770,0.8,0.07012987012987013,0
2026-09-24T18:51:47Z,currencyservice,199.0,770,0.8,0.2584415584415584,0
2026-09-24T18:51:47Z,emailservice,0.0,155,0.8,0.0,0
2026-09-24T18:51:47Z,adservice,70.0,1150,0.8,0.06086956521739131,0
2026-09-24T18:51:47Z,redis-cart,17.0,540,0.8,0.03148148148148148,0
2026-09-24T18:51:48Z,frontend,339.0,1150,0.8,0.29478260869565215,0
2026-09-24T18:51:48Z,cartservice,124.0,1920,0.95,0.06458333333333334,0
2026-09-24T18:51:48Z,checkoutservice,0.0,615,0.8,0.0,0
2026-09-24T18:51:48Z,productcatalogservice,525.0,1535,0.95,0.34201954397394135,0
2026-09-24T18:51:48Z,paymentservice,17.0,155,0.8,0.10967741935483871,0
2026-09-24T18:51:48Z,recommendationservice,788.0,1150,0.8,0.6852173913043478,0
2026-09-24T18:51:48Z,shippingservice,54.0,770,0.8,0.07012987012987013,0
2026-09-24T18:51:48Z,currencyservice,195.0,770,0.8,0.2532467532467532,0
2026-09-24T18:51:48Z,emailservice,0.0,155,0.8,0.0,0
2026-09-24T18:51:48Z,adservice,70.0,1150,0.8,0.06086956521739131,0
2026-09-24T18:51:48Z,redis-cart,13.0,540,0.8,0.024074074074074074,0
2026-09-24T18:51:49Z,frontend,320.75,1150,0.8,0.27891304347826085,0
2026-09-24T18:51:49Z,cartservice,101.0,1920,0.95,0.05260416666666667,0
2026-09-24T18:51:49Z,checkoutservice,0.0,615,0.8,0.0,0
2026-09-24T18:51:49Z,productcatalogservice,556.0,1535,0.95,0.36221498371335503,0
2026-09-24T18:51:49Z,paymentservice,0.0,155,0.8,0.0,0
2026-09-24T18:51:49Z,recommendationservice,692.0,1150,0.8,0.6017391304347826,0
2026-09-24T18:51:49Z,shippingservice,45.0,770,0.8,0.05844155844155844,0
2026-09-24T18:51:49Z,currencyservice,195.0,770,0.8,0.2532467532467532,0
2026-09-24T18:51:49Z,emailservice,0.0,155,0.8,0.0,0
2026-09-24T18:51:49Z,adservice,90.0,1150,0.8,0.0782608695652174,0
2026-09-24T18:51:49Z,redis-cart,12.0,540,0.8,0.022222222222222223,0
2026-09-24T18:51:50Z,frontend,325.5,1150,0.8,0.28304347826086956,0
2026-09-24T18:51:50Z,cartservice,101.0,1920,0.95,0.05260416666666667,0
2026-09-24T18:51:50Z,checkoutservice,0.0,615,0.8,0.0,0
2026-09-24T18:51:50Z,productcatalogservice,538.0,1535,0.95,0.3504885993485342,0
2026-09-24T18:51:50Z,paymentservice,0.0,155,0.8,0.0,0
2026-09-24T18:51:50Z,recommendationservice,797.0,1150,0.8,0.6930434782608695,0
2026-09-24T18:51:50Z,shippingservice,45.0,770,0.8,0.05844155844155844,0
2026-09-24T18:51:50Z,currencyservice,198.0,770,0.8,0.2571428571428571,0
2026-09-24T18:51:50Z,emailservice,26.0,155,0.8,0.16774193548387098,0
2026-09-24T18:51:50Z,adservice,83.0,1150,0.8,0.07217391304347825,0
2026-09-24T18:51:50Z,redis-cart,20.0,540,0.8,0.037037037037037035,0
2026-09-24T18:51:51Z,frontend,327.25,1150,0.8,0.28456521739130436,0
2026-09-24T18:51:51Z,cartservice,108.0,1920,0.95,0.05625,0
2026-09-24T18:51:51Z,checkoutservice,0.0,615,0.8,0.0,0
2026-09-24T18:51:51Z,productcatalogservice,534.0,1535,0.95,0.3478827361563518,0
2026-09-24T18:51:51Z,paymentservice,0.0,155,0.8,0.0,0
2026-09-24T18:51:51Z,recommendationservice,797.0,1150,0.8,0.6930434782608695,0
2026-09-24T18:51:51Z,shippingservice,52.0,770,0.8,0.06753246753246753,0
2026-09-24T18:51:51Z,currencyservice,198.0,770,0.8,0.2571428571428571,0
2026-09-24T18:51:51Z,emailservice,0.0,155,0.8,0.0,0
2026-09-24T18:51:51Z,adservice,83.0,1150,0.8,0.07217391304347825,0
2026-09-24T18:51:51Z,redis-cart,11.0,540,0.8,0.020370370370370372,0
2026-09-24T18:51:52Z,frontend,308.5,1150,0.8,0.2682608695652174,0
2026-09-24T18:51:52Z,cartservice,142.0,1920,0.95,0.07395833333333333,0
2026-09-24T18:51:52Z,checkoutservice,0.0,615,0.8,0.0,0
2026-09-24T18:51:52Z,productcatalogservice,534.0,1535,0.95,0.3478827361563518,0
2026-09-24T18:51:52Z,paymentservice,0.0,155,0.8,0.0,0
2026-09-24T18:51:52Z,recommendationservice,755.0,1150,0.8,0.6565217391304348,0
2026-09-24T18:51:52Z,shippingservice,60.0,770,0.8,0.07792207792207792,0
2026-09-24T18:51:52Z,currencyservice,152.0,770,0.8,0.1974025974025974,0
2026-09-24T18:51:52Z,emailservice,0.0,155,0.8,0.0,0
2026-09-24T18:51:52Z,adservice,112.0,1150,0.8,0.09739130434782609,0
2026-09-24T18:51:52Z,redis-cart,13.0,540,0.8,0.024074074074074074,0
2026-09-24T18:51:53Z,frontend,313.25,1150,0.8,0.2723913043478261,0
2026-09-24T18:51:53Z,cartservice,194.0,1920,0.95,0.10104166666666667,0
2026-09-24T18:51:53Z,checkoutservice,0.0,615,0.8,0.0,0
2026-09-24T18:51:53Z,productcatalogservice,493.0,1535,0.95,0.3211726384364821,0
2026-09-24T18:51:53Z,paymentservice,0.0,155,0.8,0.0,0
2026-09-24T18:51:53Z,recommendationservice,830.0,1150,0.8,0.7217391304347827,0
2026-09-24T18:51:53Z,shippingservice,65.0,770,0.8,0.08441558441558442,0
2026-09-24T18:51:53Z,currencyservice,212.0,770,0.8,0.2753246753246753,0
2026-09-24T18:51:53Z,emailservice,0.0,155,0.8,0.0,0
2026-09-24T18:51:53Z,adservice,103.0,1150,0.8,0.08956521739130435,0
2026-09-24T18:51:53Z,redis-cart,13.0,540,0.8,0.024074074074074074,0
2026-09-24T18:51:54Z,frontend,326.25,1150,0.8,0.28369565217391307,0
2026-09-24T18:51:54Z,cartservice,194.0,1920,0.95,0.10104166666666667,0
2026-09-24T18:51:54Z,checkoutservice,0.0,615,0.8,0.0,0
2026-09-24T18:51:54Z,productcatalogservice,538.0,1535,0.95,0.3504885993485342,0
2026-09-24T18:51:54Z,paymentservice,0.0,155,0.8,0.0,0
2026-09-24T18:51:54Z,recommendationservice,807.0,1150,0.8,0.7017391304347826,0
2026-09-24T18:51:54Z,shippingservice,44.0,770,0.8,0.05714285714285714,0
2026-09-24T18:51:54Z,currencyservice,212.0,770,0.8,0.2753246753246753,0
2026-09-24T18:51:54Z,emailservice,0.0,155,0.8,0.0,0
2026-09-24T18:51:54Z,adservice,103.0,1150,0.8,0.08956521739130435,0
2026-09-24T18:51:54Z,redis-cart,15.0,540,0.8,0.027777777777777776,0
2026-09-24T18:51:55Z,frontend,336.0,1150,0.8,0.2921739130434783,0
2026-09-24T18:51:55Z,cartservice,102.0,1920,0.95,0.053125,0
2026-09-24T18:51:55Z,checkoutservice,0.0,615,0.8,0.0,0
2026-09-24T18:51:55Z,productcatalogservice,526.0,1535,0.95,0.34267100977198695,0
2026-09-24T18:51:55Z,paymentservice,0.0,155,0.8,0.0,0
2026-09-24T18:51:55Z,recommendationservice,807.0,1150,0.8,0.7017391304347826,0
2026-09-24T18:51:55Z,shippingservice,44.0,770,0.8,0.05714285714285714,0
2026-09-24T18:51:55Z,currencyservice,189.0,770,0.8,0.24545454545454545,0
2026-09-24T18:51:55Z,emailservice,25.0,155,0.8,0.16129032258064516,0
2026-09-24T18:51:55Z,adservice,71.0,1150,0.8,0.06173913043478261,0
2026-09-24T18:51:55Z,redis-cart,15.0,540,0.8,0.027777777777777776,0
2026-09-24T18:51:56Z,frontend,304.25,1150,0.8,0.26456521739130434,0
2026-09-24T18:51:56Z,cartservice,158.0,1920,0.95,0.08229166666666667,0
2026-09-24T18:51:56Z,checkoutservice,0.0,615,0.8,0.0,0
2026-09-24T18:51:56Z,productcatalogservice,526.0,1535,0.95,0.34267100977198695,0
2026-09-24T18:51:56Z,paymentservice,0.0,155,0.8,0.0,0
2026-09-24T18:51:56Z,recommendationservice,784.0,1150,0.8,0.6817391304347826,0
2026-09-24T18:51:56Z,shippingservice,61.0,770,0.8,0.07922077922077922,0
2026-09-24T18:51:56Z,currencyservice,181.0,770,0.8,0.23506493506493506,0
2026-09-24T18:51:56Z,emailservice,0.0,155,0.8,0.0,0
2026-09-24T18:51:56Z,adservice,107.0,1150,0.8,0.09304347826086956,0
2026-09-24T18:51:56Z,redis-cart,14.0,540,0.8,0.025925925925925925,0
2026-09-24T18:51:57Z,frontend,324.75,1150,0.8,0.2823913043478261,0
2026-09-24T18:51:57Z,cartservice,158.0,1920,0.95,0.08229166666666667,0
2026-09-24T18:51:57Z,checkoutservice,0.0,615,0.8,0.0,0
2026-09-24T18:51:57Z,productcatalogservice,517.0,1535,0.95,0.33680781758957656,0
2026-09-24T18:51:57Z,paymentservice,0.0,155,0.8,0.0,0
2026-09-24T18:51:57Z,recommendationservice,762.0,1150,0.8,0.662608695652174,0
2026-09-24T18:51:57Z,shippingservice,61.0,770,0.8,0.07922077922077922,0
2026-09-24T18:51:57Z,currencyservice,181.0,770,0.8,0.23506493506493506,0
2026-09-24T18:51:57Z,emailservice,0.0,155,0.8,0.0,0
2026-09-24T18:51:57Z,adservice,107.0,1150,0.8,0.09304347826086956,0
2026-09-24T18:51:57Z,redis-cart,14.0,540,0.8,0.025925925925925925,0
2026-09-24T18:51:58Z,frontend,322.25,1150,0.8,0.2802173913043478,0
2026-09-24T18:51:58Z,cartservice,105.0,1920,0.95,0.0546875,0
2026-09-24T18:51:58Z,checkoutservice,0.0,615,0.8,0.0,0
2026-09-24T18:51:58Z,productcatalogservice,508.0,1535,0.95,0.3309446254071661,0
2026-09-24T18:51:58Z,paymentservice,20.0,155,0.8,0.12903225806451613,0
2026-09-24T18:51:58Z,recommendationservice,762.0,1150,0.8,0.662608695652174,0
2026-09-24T18:51:58Z,shippingservice,48.0,770,0.8,0.06233766233766234,0
2026-09-24T18:51:58Z,currencyservice,166.0,770,0.8,0.21558441558441557,0
2026-09-24T18:51:58Z,emailservice,0.0,155,0.8,0.0,0
2026-09-24T18:51:58Z,adservice,80.0,1150,0.8,0.06956521739130435,0
2026-09-24T18:51:58Z,redis-cart,23.0,540,0.8,0.04259259259259259,0
2026-09-24T18:51:59Z,frontend,320.0,1150,0.8,0.2782608695652174,0
2026-09-24T18:51:59Z,cartservice,150.0,1920,0.95,0.078125,0
2026-09-24T18:51:59Z,checkoutservice,0.0,615,0.8,0.0,0
2026-09-24T18:51:59Z,productcatalogservice,581.0,1535,0.95,0.3785016286644951,0
2026-09-24T18:51:59Z,paymentservice,20.0,155,0.8,0.12903225806451613,0
2026-09-24T18:51:59Z,recommendationservice,790.0,1150,0.8,0.6869565217391305,0
2026-09-24T18:51:59Z,shippingservice,48.0,770,0.8,0.06233766233766234,0
2026-09-24T18:51:59Z,currencyservice,166.0,770,0.8,0.21558441558441557,0
2026-09-24T18:51:59Z,emailservice,0.0,155,0.8,0.0,0
2026-09-24T18:51:59Z,adservice,89.0,1150,0.8,0.07739130434782608,0
2026-09-24T18:51:59Z,redis-cart,23.0,540,0.8,0.04259259259259259,0
2026-09-24T18:52:00Z,frontend,329.0,1150,0.8,0.28608695652173916,0
2026-09-24T18:52:00Z,cartservice,150.0,1920,0.95,0.078125,0
2026-09-24T18:52:00Z,checkoutservice,0.0,615,0.8,0.0,0
2026-09-24T18:52:00Z,productcatalogservice,581.0,1535,0.95,0.3785016286644951,0
2026-09-24T18:52:00Z,paymentservice,0.0,155,0.8,0.0,0
2026-09-24T18:52:00Z,recommendationservice,790.0,1150,0.8,0.6869565217391305,0
2026-09-24T18:52:00Z,shippingservice,48.0,770,0.8,0.06233766233766234,0
2026-09-24T18:52:00Z,currencyservice,187.0,770,0.8,0.24285714285714285,0
2026-09-24T18:52:00Z,emailservice,27.0,155,0.8,0.17419354838709677,0
2026-09-24T18:52:00Z,adservice,101.0,1150,0.8,0.08782608695652173,0
2026-09-24T18:52:00Z,redis-cart,13.0,540,0.8,0.024074074074074074,0
2026-09-24T18:52:01Z,frontend,326.25,1150,0.8,0.28369565217391307,0
2026-09-24T18:52:01Z,cartservice,179.0,1920,0.95,0.09322916666666667,0
2026-09-24T18:52:01Z,checkoutservice,0.0,615,0.8,0.0,0
2026-09-24T18:52:01Z,productcatalogservice,534.0,1535,0.95,0.3478827361563518,0
2026-09-24T18:52:01Z,paymentservice,0.0,155,0.8,0.0,0
2026-09-24T18:52:01Z,recommendationservice,809.0,1150,0.8,0.7034782608695652,0
2026-09-24T18:52:01Z,shippingservice,56.0,770,0.8,0.07272727272727272,0
2026-09-24T18:52:01Z,currencyservice,187.0,770,0.8,0.24285714285714285,0
2026-09-24T18:52:01Z,emailservice,27.0,155,0.8,0.17419354838709677,0
2026-09-24T18:52:01Z,adservice,101.0,1150,0.8,0.08782608695652173,0
2026-09-24T18:52:01Z,redis-cart,13.0,540,0.8,0.024074074074074074,0
2026-09-24T18:52:02Z,frontend,375.0,1150,0.8,0.32608695652173914,0
2026-09-24T18:52:02Z,cartservice,179.0,1920,0.95,0.09322916666666667,0
2026-09-24T18:52:02Z,checkoutservice,0.0,615,0.8,0.0,0
2026-09-24T18:52:02Z,productcatalogservice,534.0,1535,0.95,0.3478827361563518,0
2026-09-24T18:52:02Z,paymentservice,0.0,155,0.8,0.0,0
2026-09-24T18:52:02Z,recommendationservice,809.0,1150,0.8,0.7034782608695652,0
2026-09-24T18:52:02Z,shippingservice,56.0,770,0.8,0.07272727272727272,0
2026-09-24T18:52:02Z,currencyservice,170.0,770,0.8,0.22077922077922077,0
2026-09-24T18:52:02Z,emailservice,0.0,155,0.8,0.0,0
2026-09-24T18:52:02Z,adservice,80.0,1150,0.8,0.06956521739130435,0
2026-09-24T18:52:02Z,redis-cart,14.0,540,0.8,0.025925925925925925,0
2026-09-24T18:52:03Z,frontend,350.75,1150,0.8,0.305,0
2026-09-24T18:52:03Z,cartservice,114.0,1920,0.95,0.059375,0
2026-09-24T18:52:03Z,checkoutservice,0.0,615,0.8,0.0,0
2026-09-24T18:52:03Z,productcatalogservice,561.0,1535,0.95,0.36547231270358305,0
2026-09-24T18:52:03Z,paymentservice,0.0,155,0.8,0.0,0
2026-09-24T18:52:03Z,recommendationservice,904.0,1150,0.8,0.7860869565217391,0
2026-09-24T18:52:03Z,shippingservice,50.0,770,0.8,0.06493506493506493,0
2026-09-24T18:52:03Z,currencyservice,170.0,770,0.8,0.22077922077922077,0
2026-09-24T18:52:03Z,emailservice,0.0,155,0.8,0.0,0
2026-09-24T18:52:03Z,adservice,80.0,1150,0.8,0.06956521739130435,0
2026-09-24T18:52:03Z,redis-cart,19.0,540,0.8,0.03518518518518519,0
2026-09-24T18:52:04Z,frontend,346.5,1150,0.8,0.30130434782608695,0
2026-09-24T18:52:04Z,cartservice,114.0,1920,0.95,0.059375,0
2026-09-24T18:52:04Z,checkoutservice,0.0,615,0.8,0.0,0
2026-09-24T18:52:04Z,productcatalogservice,561.0,1535,0.95,0.36547231270358305,0
2026-09-24T18:52:04Z,paymentservice,0.0,155,0.8,0.0,0
2026-09-24T18:52:04Z,recommendationservice,798.0,1150,0.8,0.6939130434782609,0
2026-09-24T18:52:04Z,shippingservice,61.0,770,0.8,0.07922077922077922,0
2026-09-24T18:52:04Z,currencyservice,173.0,770,0.8,0.22467532467532467,0
2026-09-24T18:52:04Z,emailservice,0.0,155,0.8,0.0,0
2026-09-24T18:52:04Z,adservice,103.0,1150,0.8,0.08956521739130435,0
2026-09-24T18:52:04Z,redis-cart,19.0,540,0.8,0.03518518518518519,0
2026-09-24T18:52:05Z,frontend,341.0,1150,0.8,0.2965217391304348,0
2026-09-24T18:52:05Z,cartservice,111.0,1920,0.95,0.0578125,0
2026-09-24T18:52:05Z,checkoutservice,0.0,615,0.8,0.0,0
2026-09-24T18:52:05Z,productcatalogservice,549.0,1535,0.95,0.35765472312703583,0
2026-09-24T18:52:05Z,paymentservice,0.0,155,0.8,0.0,0
2026-09-24T18:52:05Z,recommendationservice,838.0,1150,0.8,0.7286956521739131,0
2026-09-24T18:52:05Z,shippingservice,61.0,770,0.8,0.07922077922077922,0
2026-09-24T18:52:05Z,currencyservice,262.0,770,0.8,0.34025974025974026,0
2026-09-24T18:52:05Z,emailservice,0.0,155,0.8,0.0,0
2026-09-24T18:52:05Z,adservice,93.0,1150,0.8,0.0808695652173913,0
2026-09-24T18:52:05Z,redis-cart,11.0,540,0.8,0.020370370370370372,0
2026-09-24T18:52:06Z,frontend,355.0,1150,0.8,0.30869565217391304,0
2026-09-24T18:52:06Z,cartservice,191.0,1920,0.95,0.09947916666666666,0
2026-09-24T18:52:06Z,checkoutservice,0.0,615,0.8,0.0,0
2026-09-24T18:52:06Z,productcatalogservice,549.0,1535,0.95,0.35765472312703583,0
2026-09-24T18:52:06Z,paymentservice,0.0,155,0.8,0.0,0
2026-09-24T18:52:06Z,recommendationservice,838.0,1150,0.8,0.7286956521739131,0
2026-09-24T18:52:06Z,shippingservice,61.0,770,0.8,0.07922077922077922,0
2026-09-24T18:52:06Z,currencyservice,262.0,770,0.8,0.34025974025974026,0
2026-09-24T18:52:06Z,emailservice,20.0,155,0.8,0.12903225806451613,0
2026-09-24T18:52:06Z,adservice,135.0,1150,0.8,0.11739130434782609,0
2026-09-24T18:52:06Z,redis-cart,18.0,540,0.8,0.03333333333333333,0
2026-09-24T18:52:07Z,frontend,348.75,1150,0.8,0.3032608695652174,0
2026-09-24T18:52:07Z,cartservice,191.0,1920,0.95,0.09947916666666666,0
2026-09-24T18:52:07Z,checkoutservice,0.0,615,0.8,0.0,0
2026-09-24T18:52:07Z,productcatalogservice,578.0,1535,0.95,0.37654723127035833,0
2026-09-24T18:52:07Z,paymentservice,0.0,155,0.8,0.0,0
2026-09-24T18:52:07Z,recommendationservice,816.0,1150,0.8,0.7095652173913043,0
2026-09-24T18:52:07Z,shippingservice,52.0,770,0.8,0.06753246753246753,0
2026-09-24T18:52:07Z,currencyservice,184.0,770,0.8,0.23896103896103896,0
2026-09-24T18:52:07Z,emailservice,20.0,155,0.8,0.12903225806451613,0
2026-09-24T18:52:07Z,adservice,135.0,1150,0.8,0.11739130434782609,0
2026-09-24T18:52:07Z,redis-cart,18.0,540,0.8,0.03333333333333333,0
2026-09-24T18:52:08Z,frontend,319.25,1150,0.8,0.2776086956521739,0
2026-09-24T18:52:08Z,cartservice,136.0,1920,0.95,0.07083333333333333,0
2026-09-24T18:52:08Z,checkoutservice,0.0,615,0.8,0.0,0
2026-09-24T18:52:08Z,productcatalogservice,560.0,1535,0.95,0.36482084690553745,0
2026-09-24T18:52:08Z,paymentservice,0.0,155,0.8,0.0,0
2026-09-24T18:52:08Z,recommendationservice,816.0,1150,0.8,0.7095652173913043,0
2026-09-24T18:52:08Z,shippingservice,64.0,770,0.8,0.08311688311688312,0
2026-09-24T18:52:08Z,currencyservice,184.0,770,0.8,0.23896103896103896,0
2026-09-24T18:52:08Z,emailservice,0.0,155,0.8,0.0,0
2026-09-24T18:52:08Z,adservice,86.0,1150,0.8,0.07478260869565218,0
2026-09-24T18:52:08Z,redis-cart,13.0,540,0.8,0.024074074074074074,0
2026-09-24T18:52:09Z,frontend,326.75,1150,0.8,0.2841304347826087,0
2026-09-24T18:52:09Z,cartservice,134.0,1920,0.95,0.06979166666666667,0
2026-09-24T18:52:09Z,checkoutservice,0.0,615,0.8,0.0,0
2026-09-24T18:52:09Z,productcatalogservice,577.0,1535,0.95,0.3758957654723127,0
2026-09-24T18:52:09Z,paymentservice,18.0,155,0.8,0.11612903225806452,0
2026-09-24T18:52:09Z,recommendationservice,812.0,1150,0.8,0.7060869565217391,0
2026-09-24T18:52:09Z,shippingservice,47.0,770,0.8,0.06103896103896104,0
2026-09-24T18:52:09Z,currencyservice,120.0,770,0.8,0.15584415584415584,0
2026-09-24T18:52:09Z,emailservice,0.0,155,0.8,0.0,0
2026-09-24T18:52:09Z,adservice,82.0,1150,0.8,0.07130434782608695,0
2026-09-24T18:52:09Z,redis-cart,13.0,540,0.8,0.024074074074074074,0
2026-09-24T18:52:10Z,frontend,328.25,1150,0.8,0.28543478260869565,0
2026-09-24T18:52:10Z,cartservice,126.0,1920,0.95,0.065625,0
2026-09-24T18:52:10Z,checkoutservice,0.0,615,0.8,0.0,0
2026-09-24T18:52:10Z,productcatalogservice,577.0,1535,0.95,0.3758957654723127,0
2026-09-24T18:52:10Z,paymentservice,0.0,155,0.8,0.0,0
2026-09-24T18:52:10Z,recommendationservice,812.0,1150,0.8,0.7060869565217391,0
2026-09-24T18:52:10Z,shippingservice,47.0,770,0.8,0.06103896103896104,0
2026-09-24T18:52:10Z,currencyservice,268.0,770,0.8,0.34805194805194806,0
2026-09-24T18:52:10Z,emailservice,0.0,155,0.8,0.0,0
2026-09-24T18:52:10Z,adservice,83.0,1150,0.8,0.07217391304347825,0
2026-09-24T18:52:10Z,redis-cart,16.0,540,0.8,0.02962962962962963,0
2026-09-24T18:52:11Z,frontend,327.25,1150,0.8,0.28456521739130436,0
2026-09-24T18:52:11Z,cartservice,126.0,1920,0.95,0.065625,0
2026-09-24T18:52:11Z,checkoutservice,0.0,615,0.8,0.0,0
2026-09-24T18:52:11Z,productcatalogservice,539.0,1535,0.95,0.3511400651465798,0
2026-09-24T18:52:11Z,paymentservice,0.0,155,0.8,0.0,0
2026-09-24T18:52:11Z,recommendationservice,814.0,1150,0.8,0.7078260869565217,0
2026-09-24T18:52:11Z,shippingservice,69.0,770,0.8,0.08961038961038961,0
2026-09-24T18:52:11Z,currencyservice,177.0,770,0.8,0.22987012987012986,0
2026-09-24T18:52:11Z,emailservice,21.0,155,0.8,0.13548387096774195,0
2026-09-24T18:52:11Z,adservice,113.0,1150,0.8,0.09826086956521739,0
2026-09-24T18:52:11Z,redis-cart,16.0,540,0.8,0.02962962962962963,0
2026-09-24T18:52:12Z,frontend,313.0,1150,0.8,0.27217391304347827,0
2026-09-24T18:52:12Z,cartservice,137.0,1920,0.95,0.07135416666666666,0
2026-09-24T18:52:12Z,checkoutservice,0.0,615,0.8,0.0,0
2026-09-24T18:52:12Z,productcatalogservice,554.0,1535,0.95,0.36091205211726385,0
2026-09-24T18:52:12Z,paymentservice,0.0,155,0.8,0.0,0
2026-09-24T18:52:12Z,recommendationservice,823.0,1150,0.8,0.7156521739130435,0
2026-09-24T18:52:12Z,shippingservice,69.0,770,0.8,0.08961038961038961,0
2026-09-24T18:52:12Z,currencyservice,177.0,770,0.8,0.22987012987012986,0
2026-09-24T18:52:12Z,emailservice,21.0,155,0.8,0.13548387096774195,0
2026-09-24T18:52:12Z,adservice,113.0,1150,0.8,0.09826086956521739,0
2026-09-24T18:52:12Z,redis-cart,10.0,540,0.8,0.018518518518518517,0
2026-09-24T18:52:13Z,frontend,315.5,1150,0.8,0.2743478260869565,0
2026-09-24T18:52:13Z,cartservice,193.0,1920,0.95,0.10052083333333334,0
2026-09-24T18:52:13Z,checkoutservice,0.0,615,0.8,0.0,0
2026-09-24T18:52:13Z,productcatalogservice,533.0,1535,0.95,0.3472312703583062,0
2026-09-24T18:52:13Z,paymentservice,0.0,155,0.8,0.0,0
2026-09-24T18:52:13Z,recommendationservice,823.0,1150,0.8,0.7156521739130435,0
2026-09-24T18:52:13Z,shippingservice,42.0,770,0.8,0.05454545454545454,0
2026-09-24T18:52:13Z,currencyservice,173.0,770,0.8,0.22467532467532467,0
2026-09-24T18:52:13Z,emailservice,0.0,155,0.8,0.0,0
2026-09-24T18:52:13Z,adservice,81.0,1150,0.8,0.07043478260869565,0
2026-09-24T18:52:13Z,redis-cart,18.0,540,0.8,0.03333333333333333,0
2026-09-24T18:52:14Z,frontend,314.0,1150,0.8,0.27304347826086955,0
2026-09-24T18:52:14Z,cartservice,193.0,1920,0.95,0.10052083333333334,0
2026-09-24T18:52:14Z,checkoutservice,0.0,615,0.8,0.0,0
2026-09-24T18:52:14Z,productcatalogservice,533.0,1535,0.95,0.3472312703583062,0
2026-09-24T18:52:14Z,paymentservice,0.0,155,0.8,0.0,0
2026-09-24T18:52:14Z,recommendationservice,762.0,1150,0.8,0.662608695652174,0
2026-09-24T18:52:14Z,shippingservice,42.0,770,0.8,0.05454545454545454,0
2026-09-24T18:52:14Z,currencyservice,173.0,770,0.8,0.22467532467532467,0
2026-09-24T18:52:14Z,emailservice,0.0,155,0.8,0.0,0
2026-09-24T18:52:14Z,adservice,81.0,1150,0.8,0.07043478260869565,0
2026-09-24T18:52:14Z,redis-cart,13.0,540,0.8,0.024074074074074074,0
2026-09-24T18:52:15Z,frontend,321.5,1150,0.8,0.27956521739130435,0
2026-09-24T18:52:15Z,cartservice,129.0,1920,0.95,0.0671875,0
2026-09-24T18:52:15Z,checkoutservice,0.0,615,0.8,0.0,0
2026-09-24T18:52:15Z,productcatalogservice,551.0,1535,0.95,0.358957654723127,0
2026-09-24T18:52:15Z,paymentservice,0.0,155,0.8,0.0,0
2026-09-24T18:52:15Z,recommendationservice,849.0,1150,0.8,0.7382608695652174,0
2026-09-24T18:52:15Z,shippingservice,44.0,770,0.8,0.05714285714285714,0
2026-09-24T18:52:15Z,currencyservice,167.0,770,0.8,0.21688311688311687,0
2026-09-24T18:52:15Z,emailservice,38.0,155,0.8,0.24516129032258063,0
2026-09-24T18:52:15Z,adservice,88.0,1150,0.8,0.07652173913043478,0
2026-09-24T18:52:15Z,redis-cart,13.0,540,0.8,0.024074074074074074,0
2026-09-24T18:52:16Z,frontend,323.0,1150,0.8,0.2808695652173913,0
2026-09-24T18:52:16Z,cartservice,153.0,1920,0.95,0.0796875,0
2026-09-24T18:52:16Z,checkoutservice,0.0,615,0.8,0.0,0
2026-09-24T18:52:16Z,productcatalogservice,577.0,1535,0.95,0.3758957654723127,0
2026-09-24T18:52:16Z,paymentservice,0.0,155,0.8,0.0,0
2026-09-24T18:52:16Z,recommendationservice,801.0,1150,0.8,0.6965217391304348,0
2026-09-24T18:52:16Z,shippingservice,85.0,770,0.8,0.11038961038961038,0
2026-09-24T18:52:16Z,currencyservice,167.0,770,0.8,0.21688311688311687,0
2026-09-24T18:52:16Z,emailservice,38.0,155,0.8,0.24516129032258063,0
2026-09-24T18:52:16Z,adservice,109.0,1150,0.8,0.09478260869565218,0
2026-09-24T18:52:16Z,redis-cart,11.0,540,0.8,0.020370370370370372,0
2026-09-24T18:52:17Z,frontend,304.5,1150,0.8,0.2647826086956522,0
2026-09-24T18:52:17Z,cartservice,153.0,1920,0.95,0.0796875,0
2026-09-24T18:52:17Z,checkoutservice,0.0,615,0.8,0.0,0
2026-09-24T18:52:17Z,productcatalogservice,577.0,1535,0.95,0.3758957654723127,0
2026-09-24T18:52:17Z,paymentservice,0.0,155,0.8,0.0,0
2026-09-24T18:52:17Z,recommendationservice,845.0,1150,0.8,0.7347826086956522,0
2026-09-24T18:52:17Z,shippingservice,43.0,770,0.8,0.05584415584415584,0
2026-09-24T18:52:17Z,currencyservice,185.0,770,0.8,0.24025974025974026,0
2026-09-24T18:52:17Z,emailservice,0.0,155,0.8,0.0,0
2026-09-24T18:52:17Z,adservice,92.0,1150,0.8,0.08,0
2026-09-24T18:52:17Z,redis-cart,15.0,540,0.8,0.027777777777777776,0
2026-09-24T18:52:18Z,frontend,355.75,1150,0.8,0.30934782608695655,0
2026-09-24T18:52:18Z,cartservice,134.0,1920,0.95,0.06979166666666667,0
2026-09-24T18:52:18Z,checkoutservice,0.0,615,0.8,0.0,0
2026-09-24T18:52:18Z,productcatalogservice,539.0,1535,0.95,0.3511400651465798,0
2026-09-24T18:52:18Z,paymentservice,17.0,155,0.8,0.10967741935483871,0
2026-09-24T18:52:18Z,recommendationservice,845.0,1150,0.8,0.7347826086956522,0
2026-09-24T18:52:18Z,shippingservice,43.0,770,0.8,0.05584415584415584,0
2026-09-24T18:52:18Z,currencyservice,185.0,770,0.8,0.24025974025974026,0
2026-09-24T18:52:18Z,emailservice,0.0,155,0.8,0.0,0
2026-09-24T18:52:18Z,adservice,92.0,1150,0.8,0.08,0
2026-09-24T18:52:18Z,redis-cart,17.0,540,0.8,0.03148148148148148,0
2026-09-24T18:52:19Z,frontend,344.5,1150,0.8,0.2995652173913044,0
2026-09-24T18:52:19Z,cartservice,177.0,1920,0.95,0.0921875,0
2026-09-24T18:52:19Z,checkoutservice,0.0,615,0.8,0.0,0
2026-09-24T18:52:19Z,productcatalogservice,539.0,1535,0.95,0.3511400651465798,0
2026-09-24T18:52:19Z,paymentservice,0.0,155,0.8,0.0,0
2026-09-24T18:52:19Z,recommendationservice,706.0,1150,0.8,0.6139130434782609,0
2026-09-24T18:52:19Z,shippingservice,51.0,770,0.8,0.06623376623376623,0
2026-09-24T18:52:19Z,currencyservice,191.0,770,0.8,0.24805194805194805,0
2026-09-24T18:52:19Z,emailservice,0.0,155,0.8,0.0,0
2026-09-24T18:52:19Z,adservice,74.0,1150,0.8,0.06434782608695652,0
2026-09-24T18:52:19Z,redis-cart,17.0,540,0.8,0.03148148148148148,0
2026-09-24T18:52:20Z,frontend,326.5,1150,0.8,0.28391304347826085,0
2026-09-24T18:52:20Z,cartservice,177.0,1920,0.95,0.0921875,0
2026-09-24T18:52:20Z,checkoutservice,0.0,615,0.8,0.0,0
2026-09-24T18:52:20Z,productcatalogservice,537.0,1535,0.95,0.3498371335504886,0
2026-09-24T18:52:20Z,paymentservice,0.0,155,0.8,0.0,0
2026-09-24T18:52:20Z,recommendationservice,848.0,1150,0.8,0.7373913043478261,0
2026-09-24T18:52:20Z,shippingservice,51.0,770,0.8,0.06623376623376623,0
2026-09-24T18:52:20Z,currencyservice,222.0,770,0.8,0.2883116883116883,0
2026-09-24T18:52:20Z,emailservice,0.0,155,0.8,0.0,0
2026-09-24T18:52:20Z,adservice,74.0,1150,0.8,0.06434782608695652,0
2026-09-24T18:52:20Z,redis-cart,15.0,540,0.8,0.027777777777777776,0
2026-09-24T18:52:21Z,frontend,313.0,1150,0.8,0.27217391304347827,0
2026-09-24T18:52:21Z,cartservice,142.0,1920,0.95,0.07395833333333333,0
2026-09-24T18:52:21Z,checkoutservice,0.0,615,0.8,0.0,0
2026-09-24T18:52:21Z,productcatalogservice,564.0,1535,0.95,0.3674267100977199,0
2026-09-24T18:52:21Z,paymentservice,0.0,155,0.8,0.0,0
2026-09-24T18:52:21Z,recommendationservice,848.0,1150,0.8,0.7373913043478261,0
2026-09-24T18:52:21Z,shippingservice,51.0,770,0.8,0.06623376623376623,0
2026-09-24T18:52:21Z,currencyservice,222.0,770,0.8,0.2883116883116883,0
2026-09-24T18:52:21Z,emailservice,20.0,155,0.8,0.12903225806451613,0
2026-09-24T18:52:21Z,adservice,93.0,1150,0.8,0.0808695652173913,0
2026-09-24T18:52:21Z,redis-cart,15.0,540,0.8,0.027777777777777776,0
2026-09-24T18:52:22Z,frontend,340.0,1150,0.8,0.2956521739130435,0
2026-09-24T18:52:22Z,cartservice,243.0,1920,0.95,0.1265625,0
2026-09-24T18:52:22Z,checkoutservice,0.0,615,0.8,0.0,0
2026-09-24T18:52:22Z,productcatalogservice,564.0,1535,0.95,0.3674267100977199,0
2026-09-24T18:52:22Z,paymentservice,0.0,155,0.8,0.0,0
2026-09-24T18:52:22Z,recommendationservice,759.0,1150,0.8,0.66,0
2026-09-24T18:52:22Z,shippingservice,58.0,770,0.8,0.07532467532467532,0
2026-09-24T18:52:22Z,currencyservice,199.0,770,0.8,0.2584415584415584,0
2026-09-24T18:52:22Z,emailservice,0.0,155,0.8,0.0,0
2026-09-24T18:52:22Z,adservice,117.0,1150,0.8,0.10173913043478261,0
2026-09-24T18:52:22Z,redis-cart,14.0,540,0.8,0.025925925925925925,0
2026-09-24T18:52:23Z,frontend,340.25,1150,0.8,0.29586956521739133,0
2026-09-24T18:52:23Z,cartservice,243.0,1920,0.95,0.1265625,0
2026-09-24T18:52:23Z,checkoutservice,0.0,615,0.8,0.0,0
2026-09-24T18:52:23Z,productcatalogservice,591.0,1535,0.95,0.38501628664495113,0
2026-09-24T18:52:23Z,paymentservice,0.0,155,0.8,0.0,0
2026-09-24T18:52:23Z,recommendationservice,759.0,1150,0.8,0.66,0
2026-09-24T18:52:23Z,shippingservice,58.0,770,0.8,0.07532467532467532,0
2026-09-24T18:52:23Z,currencyservice,185.0,770,0.8,0.24025974025974026,0
2026-09-24T18:52:23Z,emailservice,0.0,155,0.8,0.0,0
2026-09-24T18:52:23Z,adservice,117.0,1150,0.8,0.10173913043478261,0
2026-09-24T18:52:23Z,redis-cart,12.0,540,0.8,0.022222222222222223,0
2026-09-24T18:52:24Z,frontend,332.25,1150,0.8,0.28891304347826086,0
2026-09-24T18:52:24Z,cartservice,86.0,1920,0.95,0.04479166666666667,0
2026-09-24T18:52:24Z,checkoutservice,0.0,615,0.8,0.0,0
2026-09-24T18:52:24Z,productcatalogservice,520.0,1535,0.95,0.33876221498371334,0
2026-09-24T18:52:24Z,paymentservice,0.0,155,0.8,0.0,0
2026-09-24T18:52:24Z,recommendationservice,857.0,1150,0.8,0.7452173913043478,0
2026-09-24T18:52:24Z,shippingservice,58.0,770,0.8,0.07532467532467532,0
2026-09-24T18:52:24Z,currencyservice,185.0,770,0.8,0.24025974025974026,0
2026-09-24T18:52:24Z,emailservice,0.0,155,0.8,0.0,0
2026-09-24T18:52:24Z,adservice,96.0,1150,0.8,0.08347826086956522,0
2026-09-24T18:52:24Z,redis-cart,12.0,540,0.8,0.022222222222222223,0
2026-09-24T18:52:25Z,frontend,334.75,1150,0.8,0.2910869565217391,0
2026-09-24T18:52:25Z,cartservice,230.0,1920,0.95,0.11979166666666667,0
2026-09-24T18:52:25Z,checkoutservice,0.0,615,0.8,0.0,0
2026-09-24T18:52:25Z,productcatalogservice,531.0,1535,0.95,0.34592833876221496,0
2026-09-24T18:52:25Z,paymentservice,0.0,155,0.8,0.0,0
2026-09-24T18:52:25Z,recommendationservice,747.0,1150,0.8,0.6495652173913044,0
2026-09-24T18:52:25Z,shippingservice,49.0,770,0.8,0.06363636363636363,0
2026-09-24T18:52:25Z,currencyservice,136.0,770,0.8,0.17662337662337663,0
2026-09-24T18:52:25Z,emailservice,20.0,155,0.8,0.12903225806451613,0
2026-09-24T18:52:25Z,adservice,84.0,1150,0.8,0.07304347826086957,0
2026-09-24T18:52:25Z,redis-cart,12.0,540,0.8,0.022222222222222223,0
2026-09-24T18:52:26Z,frontend,325.5,1150,0.8,0.28304347826086956,0
2026-09-24T18:52:26Z,cartservice,151.0,1920,0.95,0.07864583333333333,0
2026-09-24T18:52:26Z,checkoutservice,0.0,615,0.8,0.0,0
2026-09-24T18:52:26Z,productcatalogservice,586.0,1535,0.95,0.3817589576547231,0
2026-09-24T18:52:26Z,paymentservice,0.0,155,0.8,0.0,0
2026-09-24T18:52:26Z,recommendationservice,813.0,1150,0.8,0.7069565217391305,0
2026-09-24T18:52:26Z,shippingservice,49.0,770,0.8,0.06363636363636363,0
2026-09-24T18:52:26Z,currencyservice,136.0,770,0.8,0.17662337662337663,0
2026-09-24T18:52:26Z,emailservice,20.0,155,0.8,0.12903225806451613,0
2026-09-24T18:52:26Z,adservice,84.0,1150,0.8,0.07304347826086957,0
2026-09-24T18:52:26Z,redis-cart,16.0,540,0.8,0.02962962962962963,0
2026-09-24T18:52:27Z,frontend,326.25,1150,0.8,0.28369565217391307,0
2026-09-24T18:52:27Z,cartservice,151.0,1920,0.95,0.07864583333333333,0
2026-09-24T18:52:27Z,checkoutservice,0.0,615,0.8,0.0,0
2026-09-24T18:52:27Z,productcatalogservice,586.0,1535,0.95,0.3817589576547231,0
2026-09-24T18:52:27Z,paymentservice,0.0,155,0.8,0.0,0
2026-09-24T18:52:27Z,recommendationservice,813.0,1150,0.8,0.7069565217391305,0
2026-09-24T18:52:27Z,shippingservice,66.0,770,0.8,0.08571428571428572,0
2026-09-24T18:52:27Z,currencyservice,174.0,770,0.8,0.22597402597402597,0
2026-09-24T18:52:27Z,emailservice,0.0,155,0.8,0.0,0
2026-09-24T18:52:27Z,adservice,108.0,1150,0.8,0.09391304347826086,0
2026-09-24T18:52:27Z,redis-cart,16.0,540,0.8,0.02962962962962963,0
2026-09-24T18:52:28Z,frontend,311.75,1150,0.8,0.27108695652173914,0
2026-09-24T18:52:28Z,cartservice,91.0,1920,0.95,0.04739583333333333,0
2026-09-24T18:52:28Z,checkoutservice,0.0,615,0.8,0.0,0
2026-09-24T18:52:28Z,productcatalogservice,523.0,1535,0.95,0.34071661237785017,0
2026-09-24T18:52:28Z,paymentservice,19.0,155,0.8,0.12258064516129032,0
2026-09-24T18:52:28Z,recommendationservice,773.0,1150,0.8,0.6721739130434783,0
2026-09-24T18:52:28Z,shippingservice,58.0,770,0.8,0.07532467532467532,0
2026-09-24T18:52:28Z,currencyservice,198.0,770,0.8,0.2571428571428571,0
2026-09-24T18:52:28Z,emailservice,0.0,155,0.8,0.0,0
2026-09-24T18:52:28Z,adservice,95.0,1150,0.8,0.08260869565217391,0
2026-09-24T18:52:28Z,redis-cart,13.0,540,0.8,0.024074074074074074,0
2026-09-24T18:52:29Z,frontend,343.0,1150,0.8,0.2982608695652174,0
2026-09-24T18:52:29Z,cartservice,146.0,1920,0.95,0.07604166666666666,0
2026-09-24T18:52:29Z,checkoutservice,0.0,615,0.8,0.0,0
2026-09-24T18:52:29Z,productcatalogservice,542.0,1535,0.95,0.35309446254071664,0
2026-09-24T18:52:29Z,paymentservice,19.0,155,0.8,0.12258064516129032,0
2026-09-24T18:52:29Z,recommendationservice,847.0,1150,0.8,0.7365217391304347,0
2026-09-24T18:52:29Z,shippingservice,58.0,770,0.8,0.07532467532467532,0
2026-09-24T18:52:29Z,currencyservice,224.0,770,0.8,0.2909090909090909,0
2026-09-24T18:52:29Z,emailservice,0.0,155,0.8,0.0,0
2026-09-24T18:52:29Z,adservice,95.0,1150,0.8,0.08260869565217391,0
2026-09-24T18:52:29Z,redis-cart,11.0,540,0.8,0.020370370370370372,0
2026-09-24T18:52:30Z,frontend,358.0,1150,0.8,0.31130434782608696,0
2026-09-24T18:52:30Z,cartservice,146.0,1920,0.95,0.07604166666666666,0
2026-09-24T18:52:30Z,checkoutservice,0.0,615,0.8,0.0,0
2026-09-24T18:52:30Z,productcatalogservice,536.0,1535,0.95,0.349185667752443,0
2026-09-24T18:52:30Z,paymentservice,0.0,155,0.8,0.0,0
2026-09-24T18:52:30Z,recommendationservice,747.0,1150,0.8,0.6495652173913044,0
2026-09-24T18:52:30Z,shippingservice,44.0,770,0.8,0.05714285714285714,0
2026-09-24T18:52:30Z,currencyservice,156.0,770,0.8,0.2025974025974026,0
2026-09-24T18:52:30Z,emailservice,0.0,155,0.8,0.0,0
2026-09-24T18:52:30Z,adservice,83.0,1150,0.8,0.07217391304347825,0
2026-09-24T18:52:30Z,redis-cart,11.0,540,0.8,0.020370370370370372,0
2026-09-24T18:52:31Z,frontend,298.0,1150,0.8,0.2591304347826087,0
2026-09-24T18:52:31Z,cartservice,135.0,1920,0.95,0.0703125,0
2026-09-24T18:52:31Z,checkoutservice,0.0,615,0.8,0.0,0
2026-09-24T18:52:31Z,productcatalogservice,536.0,1535,0.95,0.349185667752443,0
2026-09-24T18:52:31Z,paymentservice,0.0,155,0.8,0.0,0
2026-09-24T18:52:31Z,recommendationservice,747.0,1150,0.8,0.6495652173913044,0
2026-09-24T18:52:31Z,shippingservice,44.0,770,0.8,0.05714285714285714,0
2026-09-24T18:52:31Z,currencyservice,203.0,770,0.8,0.2636363636363636,0
2026-09-24T18:52:31Z,emailservice,21.0,155,0.8,0.13548387096774195,0
2026-09-24T18:52:31Z,adservice,83.0,1150,0.8,0.07217391304347825,0
2026-09-24T18:52:31Z,redis-cart,13.0,540,0.8,0.024074074074074074,0
2026-09-24T18:52:32Z,frontend,315.25,1150,0.8,0.2741304347826087,0
2026-09-24T18:52:32Z,cartservice,215.0,1920,0.95,0.11197916666666667,0
2026-09-24T18:52:32Z,checkoutservice,0.0,615,0.8,0.0,0
2026-09-24T18:52:32Z,productcatalogservice,573.0,1535,0.95,0.3732899022801303,0
2026-09-24T18:52:32Z,paymentservice,0.0,155,0.8,0.0,0
2026-09-24T18:52:32Z,recommendationservice,803.0,1150,0.8,0.6982608695652174,0
2026-09-24T18:52:32Z,shippingservice,73.0,770,0.8,0.09480519480519481,0
2026-09-24T18:52:32Z,currencyservice,162.0,770,0.8,0.21038961038961038,0
2026-09-24T18:52:32Z,emailservice,0.0,155,0.8,0.0,0
2026-09-24T18:52:32Z,adservice,104.0,1150,0.8,0.09043478260869565,0
2026-09-24T18:52:32Z,redis-cart,18.0,540,0.8,0.03333333333333333,0
2026-09-24T18:52:33Z,frontend,332.5,1150,0.8,0.2891304347826087,0
2026-09-24T18:52:33Z,cartservice,215.0,1920,0.95,0.11197916666666667,0
2026-09-24T18:52:33Z,checkoutservice,0.0,615,0.8,0.0,0
2026-09-24T18:52:33Z,productcatalogservice,570.0,1535,0.95,0.3713355048859935,0
2026-09-24T18:52:33Z,paymentservice,0.0,155,0.8,0.0,0
2026-09-24T18:52:33Z,recommendationservice,803.0,1150,0.8,0.6982608695652174,0
2026-09-24T18:52:33Z,shippingservice,41.0,770,0.8,0.053246753246753244,0
2026-09-24T18:52:33Z,currencyservice,162.0,770,0.8,0.21038961038961038,0
2026-09-24T18:52:33Z,emailservice,0.0,155,0.8,0.0,0
2026-09-24T18:52:33Z,adservice,93.0,1150,0.8,0.0808695652173913,0
2026-09-24T18:52:33Z,redis-cart,13.0,540,0.8,0.024074074074074074,0
2026-09-24T18:52:34Z,frontend,324.0,1150,0.8,0.2817391304347826,0
2026-09-24T18:52:34Z,cartservice,136.0,1920,0.95,0.07083333333333333,0
2026-09-24T18:52:34Z,checkoutservice,0.0,615,0.8,0.0,0
2026-09-24T18:52:34Z,productcatalogservice,570.0,1535,0.95,0.3713355048859935,0
2026-09-24T18:52:34Z,paymentservice,0.0,155,0.8,0.0,0
2026-09-24T18:52:34Z,recommendationservice,749.0,1150,0.8,0.6513043478260869,0
2026-09-24T18:52:34Z,shippingservice,63.0,770,0.8,0.08181818181818182,0
2026-09-24T18:52:34Z,currencyservice,198.0,770,0.8,0.2571428571428571,0
2026-09-24T18:52:34Z,emailservice,0.0,155,0.8,0.0,0
2026-09-24T18:52:34Z,adservice,93.0,1150,0.8,0.0808695652173913,0
2026-09-24T18:52:34Z,redis-cart,13.0,540,0.8,0.024074074074074074,0
2026-09-24T18:52:35Z,frontend,326.25,1150,0.8,0.28369565217391307,0
2026-09-24T18:52:35Z,cartservice,195.0,1920,0.95,0.1015625,0
2026-09-24T18:52:35Z,checkoutservice,0.0,615,0.8,0.0,0
2026-09-24T18:52:35Z,productcatalogservice,543.0,1535,0.95,0.3537459283387622,0
2026-09-24T18:52:35Z,paymentservice,0.0,155,0.8,0.0,0
2026-09-24T18:52:35Z,recommendationservice,749.0,1150,0.8,0.6513043478260869,0
2026-09-24T18:52:35Z,shippingservice,63.0,770,0.8,0.08181818181818182,0
2026-09-24T18:52:35Z,currencyservice,198.0,770,0.8,0.2571428571428571,0
2026-09-24T18:52:35Z,emailservice,0.0,155,0.8,0.0,0
2026-09-24T18:52:35Z,adservice,82.0,1150,0.8,0.07130434782608695,0
2026-09-24T18:52:35Z,redis-cart,11.0,540,0.8,0.020370370370370372,0
2026-09-24T18:52:36Z,frontend,322.25,1150,0.8,0.2802173913043478,0
2026-09-24T18:52:36Z,cartservice,195.0,1920,0.95,0.1015625,0
2026-09-24T18:52:36Z,checkoutservice,0.0,615,0.8,0.0,0
2026-09-24T18:52:36Z,productcatalogservice,512.0,1535,0.95,0.33355048859934855,0
2026-09-24T18:52:36Z,paymentservice,0.0,155,0.8,0.0,0
2026-09-24T18:52:36Z,recommendationservice,840.0,1150,0.8,0.7304347826086957,0
2026-09-24T18:52:36Z,shippingservice,40.0,770,0.8,0.05194805194805195,0
2026-09-24T18:52:36Z,currencyservice,190.0,770,0.8,0.24675324675324675,0
2026-09-24T18:52:36Z,emailservice,22.0,155,0.8,0.14193548387096774,0
2026-09-24T18:52:36Z,adservice,82.0,1150,0.8,0.07130434782608695,0
2026-09-24T18:52:36Z,redis-cart,11.0,540,0.8,0.020370370370370372,0
2026-09-24T18:52:37Z,frontend,323.5,1150,0.8,0.28130434782608693,0
2026-09-24T18:52:37Z,cartservice,112.0,1920,0.95,0.058333333333333334,0
2026-09-24T18:52:37Z,checkoutservice,0.0,615,0.8,0.0,0
2026-09-24T18:52:37Z,productcatalogservice,579.0,1535,0.95,0.3771986970684039,0
2026-09-24T18:52:37Z,paymentservice,0.0,155,0.8,0.0,0
2026-09-24T18:52:37Z,recommendationservice,748.0,1150,0.8,0.6504347826086957,0
2026-09-24T18:52:37Z,shippingservice,63.0,770,0.8,0.08181818181818182,0
2026-09-24T18:52:37Z,currencyservice,172.0,770,0.8,0.22337662337662337,0
2026-09-24T18:52:37Z,emailservice,22.0,155,0.8,0.14193548387096774,0
2026-09-24T18:52:37Z,adservice,108.0,1150,0.8,0.09391304347826086,0
2026-09-24T18:52:37Z,redis-cart,15.0,540,0.8,0.027777777777777776,0
2026-09-24T18:52:38Z,frontend,327.5,1150,0.8,0.2847826086956522,0
2026-09-24T18:52:38Z,cartservice,112.0,1920,0.95,0.058333333333333334,0
2026-09-24T18:52:38Z,checkoutservice,0.0,615,0.8,0.0,0
2026-09-24T18:52:38Z,productcatalogservice,579.0,1535,0.95,0.3771986970684039,0
2026-09-24T18:52:38Z,paymentservice,23.0,155,0.8,0.14838709677419354,0
2026-09-24T18:52:38Z,recommendationservice,760.0,1150,0.8,0.6608695652173913,0
2026-09-24T18:52:38Z,shippingservice,63.0,770,0.8,0.08181818181818182,0
2026-09-24T18:52:38Z,currencyservice,167.0,770,0.8,0.21688311688311687,0
2026-09-24T18:52:38Z,emailservice,0.0,155,0.8,0.0,0
2026-09-24T18:52:38Z,adservice,98.0,1150,0.8,0.08521739130434783,0
2026-09-24T18:52:38Z,redis-cart,16.0,540,0.8,0.02962962962962963,0
2026-09-24T18:52:39Z,frontend,325.5,1150,0.8,0.28304347826086956,0
2026-09-24T18:52:39Z,cartservice,154.0,1920,0.95,0.08020833333333334,0
2026-09-24T18:52:39Z,checkoutservice,0.0,615,0.8,0.0,0
2026-09-24T18:52:39Z,productcatalogservice,555.0,1535,0.95,0.36156351791530944,0
2026-09-24T18:52:39Z,paymentservice,0.0,155,0.8,0.0,0
2026-09-24T18:52:39Z,recommendationservice,861.0,1150,0.8,0.7486956521739131,0
2026-09-24T18:52:39Z,shippingservice,44.0,770,0.8,0.05714285714285714,0
2026-09-24T18:52:39Z,currencyservice,167.0,770,0.8,0.21688311688311687,0
2026-09-24T18:52:39Z,emailservice,0.0,155,0.8,0.0,0
2026-09-24T18:52:39Z,adservice,90.0,1150,0.8,0.0782608695652174,0
2026-09-24T18:52:39Z,redis-cart,16.0,540,0.8,0.02962962962962963,0
2026-09-24T18:52:40Z,frontend,331.0,1150,0.8,0.28782608695652173,0
2026-09-24T18:52:40Z,cartservice,154.0,1920,0.95,0.08020833333333334,0
2026-09-24T18:52:40Z,checkoutservice,0.0,615,0.8,0.0,0
2026-09-24T18:52:40Z,productcatalogservice,555.0,1535,0.95,0.36156351791530944,0
2026-09-24T18:52:40Z,paymentservice,0.0,155,0.8,0.0,0
2026-09-24T18:52:40Z,recommendationservice,861.0,1150,0.8,0.7486956521739131,0
2026-09-24T18:52:40Z,shippingservice,43.0,770,0.8,0.05584415584415584,0
2026-09-24T18:52:40Z,currencyservice,153.0,770,0.8,0.1987012987012987,0
2026-09-24T18:52:40Z,emailservice,0.0,155,0.8,0.0,0
2026-09-24T18:52:40Z,adservice,90.0,1150,0.8,0.0782608695652174,0
2026-09-24T18:52:40Z,redis-cart,13.0,540,0.8,0.024074074074074074,0
2026-09-24T18:52:41Z,frontend,303.5,1150,0.8,0.2639130434782609,0
2026-09-24T18:52:41Z,cartservice,155.0,1920,0.95,0.08072916666666667,0
2026-09-24T18:52:41Z,checkoutservice,0.0,615,0.8,0.0,0
2026-09-24T18:52:41Z,productcatalogservice,526.0,1535,0.95,0.34267100977198695,0
2026-09-24T18:52:41Z,paymentservice,0.0,155,0.8,0.0,0
2026-09-24T18:52:41Z,recommendationservice,783.0,1150,0.8,0.6808695652173913,0
2026-09-24T18:52:41Z,shippingservice,78.0,770,0.8,0.1012987012987013,0
2026-09-24T18:52:41Z,currencyservice,153.0,770,0.8,0.1987012987012987,0
2026-09-24T18:52:41Z,emailservice,22.0,155,0.8,0.14193548387096774,0
2026-09-24T18:52:41Z,adservice,82.0,1150,0.8,0.07130434782608695,0
2026-09-24T18:52:41Z,redis-cart,18.0,540,0.8,0.03333333333333333,0
2026-09-24T18:52:42Z,frontend,313.25,1150,0.8,0.2723913043478261,0
2026-09-24T18:52:42Z,cartservice,175.0,1920,0.95,0.09114583333333333,0
2026-09-24T18:52:42Z,checkoutservice,0.0,615,0.8,0.0,0
2026-09-24T18:52:42Z,productcatalogservice,526.0,1535,0.95,0.34267100977198695,0
2026-09-24T18:52:42Z,paymentservice,0.0,155,0.8,0.0,0
2026-09-24T18:52:42Z,recommendationservice,712.0,1150,0.8,0.6191304347826087,0
2026-09-24T18:52:42Z,shippingservice,78.0,770,0.8,0.1012987012987013,0
2026-09-24T18:52:42Z,currencyservice,198.0,770,0.8,0.2571428571428571,0
2026-09-24T18:52:42Z,emailservice,0.0,155,0.8,0.0,0
2026-09-24T18:52:42Z,adservice,82.0,1150,0.8,0.07130434782608695,0
2026-09-24T18:52:42Z,redis-cart,12.0,540,0.8,0.022222222222222223,0
2026-09-24T18:52:43Z,frontend,308.75,1150,0.8,0.2684782608695652,0
2026-09-24T18:52:43Z,cartservice,146.0,1920,0.95,0.07604166666666666,0
2026-09-24T18:52:43Z,checkoutservice,0.0,615,0.8,0.0,0
2026-09-24T18:52:43Z,productcatalogservice,514.0,1535,0.95,0.33485342019543973,0
2026-09-24T18:52:43Z,paymentservice,0.0,155,0.8,0.0,0
2026-09-24T18:52:43Z,recommendationservice,768.0,1150,0.8,0.6678260869565218,0
2026-09-24T18:52:43Z,shippingservice,49.0,770,0.8,0.06363636363636363,0
2026-09-24T18:52:43Z,currencyservice,204.0,770,0.8,0.2649350649350649,0
2026-09-24T18:52:43Z,emailservice,0.0,155,0.8,0.0,0
2026-09-24T18:52:43Z,adservice,92.0,1150,0.8,0.08,0
2026-09-24T18:52:43Z,redis-cart,12.0,540,0.8,0.022222222222222223,0
2026-09-24T18:52:44Z,frontend,309.25,1150,0.8,0.2689130434782609,0
2026-09-24T18:52:44Z,cartservice,162.0,1920,0.95,0.084375,0
2026-09-24T18:52:44Z,checkoutservice,0.0,615,0.8,0.0,0
2026-09-24T18:52:44Z,productcatalogservice,546.0,1535,0.95,0.355700325732899,0
2026-09-24T18:52:44Z,paymentservice,0.0,155,0.8,0.0,0
2026-09-24T18:52:44Z,recommendationservice,768.0,1150,0.8,0.6678260869565218,0
2026-09-24T18:52:44Z,shippingservice,49.0,770,0.8,0.06363636363636363,0
2026-09-24T18:52:44Z,currencyservice,204.0,770,0.8,0.2649350649350649,0
2026-09-24T18:52:44Z,emailservice,0.0,155,0.8,0.0,0
2026-09-24T18:52:44Z,adservice,101.0,1150,0.8,0.08782608695652173,0
2026-09-24T18:52:44Z,redis-cart,11.0,540,0.8,0.020370370370370372,0
2026-09-24T18:52:45Z,frontend,299.75,1150,0.8,0.26065217391304346,0
2026-09-24T18:52:45Z,cartservice,162.0,1920,0.95,0.084375,0
2026-09-24T18:52:45Z,checkoutservice,0.0,615,0.8,0.0,0
2026-09-24T18:52:45Z,productcatalogservice,546.0,1535,0.95,0.355700325732899,0
2026-09-24T18:52:45Z,paymentservice,0.0,155,0.8,0.0,0
2026-09-24T18:52:45Z,recommendationservice,760.0,1150,0.8,0.6608695652173913,0
2026-09-24T18:52:45Z,shippingservice,46.0,770,0.8,0.05974025974025974,0
2026-09-24T18:52:45Z,currencyservice,164.0,770,0.8,0.21298701298701297,0
2026-09-24T18:52:45Z,emailservice,23.0,155,0.8,0.14838709677419354,0
2026-09-24T18:52:45Z,adservice,101.0,1150,0.8,0.08782608695652173,0
2026-09-24T18:52:45Z,redis-cart,18.0,540,0.8,0.03333333333333333,0
2026-09-24T18:52:46Z,frontend,339.0,1150,0.8,0.29478260869565215,0
2026-09-24T18:52:46Z,cartservice,151.0,1920,0.95,0.07864583333333333,0
2026-09-24T18:52:46Z,checkoutservice,0.0,615,0.8,0.0,0
2026-09-24T18:52:46Z,productcatalogservice,493.0,1535,0.95,0.3211726384364821,0
2026-09-24T18:52:46Z,paymentservice,0.0,155,0.8,0.0,0
2026-09-24T18:52:46Z,recommendationservice,792.0,1150,0.8,0.688695652173913,0
2026-09-24T18:52:46Z,shippingservice,66.0,770,0.8,0.08571428571428572,0
2026-09-24T18:52:46Z,currencyservice,209.0,770,0.8,0.2714285714285714,0
2026-09-24T18:52:46Z,emailservice,23.0,155,0.8,0.14838709677419354,0
2026-09-24T18:52:46Z,adservice,78.0,1150,0.8,0.06782608695652174,0
2026-09-24T18:52:46Z,redis-cart,11.0,540,0.8,0.020370370370370372,0
2026-09-24T18:52:47Z,frontend,310.25,1150,0.8,0.2697826086956522,0
2026-09-24T18:52:47Z,cartservice,223.0,1920,0.95,0.11614583333333334,0
2026-09-24T18:52:47Z,checkoutservice,0.0,615,0.8,0.0,0
2026-09-24T18:52:47Z,productcatalogservice,527.0,1535,0.95,0.3433224755700326,0
2026-09-24T18:52:47Z,paymentservice,0.0,155,0.8,0.0,0
2026-09-24T18:52:47Z,recommendationservice,792.0,1150,0.8,0.688695652173913,0
2026-09-24T18:52:47Z,shippingservice,66.0,770,0.8,0.08571428571428572,0
2026-09-24T18:52:47Z,currencyservice,167.0,770,0.8,0.21688311688311687,0
2026-09-24T18:52:47Z,emailservice,3.0,155,0.8,0.01935483870967742,0
2026-09-24T18:52:47Z,adservice,99.0,1150,0.8,0.08608695652173913,0
2026-09-24T18:52:47Z,redis-cart,11.0,540,0.8,0.020370370370370372,0
2026-09-24T18:52:48Z,frontend,317.5,1150,0.8,0.27608695652173915,0
2026-09-24T18:52:48Z,cartservice,108.0,1920,0.95,0.05625,0
2026-09-24T18:52:48Z,checkoutservice,0.0,615,0.8,0.0,0
2026-09-24T18:52:48Z,productcatalogservice,592.0,1535,0.95,0.3856677524429967,0
2026-09-24T18:52:48Z,paymentservice,19.0,155,0.8,0.12258064516129032,0
2026-09-24T18:52:48Z,recommendationservice,810.0,1150,0.8,0.7043478260869566,0
2026-09-24T18:52:48Z,shippingservice,48.0,770,0.8,0.06233766233766234,0
2026-09-24T18:52:48Z,currencyservice,167.0,770,0.8,0.21688311688311687,0
2026-09-24T18:52:48Z,emailservice,0.0,155,0.8,0.0,0
2026-09-24T18:52:48Z,adservice,104.0,1150,0.8,0.09043478260869565,0
2026-09-24T18:52:48Z,redis-cart,13.0,540,0.8,0.024074074074074074,0
2026-09-24T18:52:49Z,frontend,323.5,1150,0.8,0.28130434782608693,0
2026-09-24T18:52:49Z,cartservice,108.0,1920,0.95,0.05625,0
2026-09-24T18:52:49Z,checkoutservice,0.0,615,0.8,0.0,0
2026-09-24T18:52:49Z,productcatalogservice,592.0,1535,0.95,0.3856677524429967,0
2026-09-24T18:52:49Z,paymentservice,19.0,155,0.8,0.12258064516129032,0
2026-09-24T18:52:49Z,recommendationservice,686.0,1150,0.8,0.5965217391304348,0
2026-09-24T18:52:49Z,shippingservice,48.0,770,0.8,0.06233766233766234,0
2026-09-24T18:52:49Z,currencyservice,154.0,770,0.8,0.2,0
2026-09-24T18:52:49Z,emailservice,0.0,155,0.8,0.0,0
2026-09-24T18:52:49Z,adservice,104.0,1150,0.8,0.09043478260869565,0
2026-09-24T18:52:49Z,redis-cart,16.0,540,0.8,0.02962962962962963,0
2026-09-24T18:52:50Z,frontend,330.0,1150,0.8,0.28695652173913044,0
2026-09-24T18:52:50Z,cartservice,148.0,1920,0.95,0.07708333333333334,0
2026-09-24T18:52:50Z,checkoutservice,0.0,615,0.8,0.0,0
2026-09-24T18:52:50Z,productcatalogservice,535.0,1535,0.95,0.3485342019543974,0
2026-09-24T18:52:50Z,paymentservice,0.0,155,0.8,0.0,0
2026-09-24T18:52:50Z,recommendationservice,686.0,1150,0.8,0.5965217391304348,0
2026-09-24T18:52:50Z,shippingservice,49.0,770,0.8,0.06363636363636363,0
2026-09-24T18:52:50Z,currencyservice,236.0,770,0.8,0.3064935064935065,0
2026-09-24T18:52:50Z,emailservice,0.0,155,0.8,0.0,0
2026-09-24T18:52:50Z,adservice,76.0,1150,0.8,0.06608695652173913,0
2026-09-24T18:52:50Z,redis-cart,16.0,540,0.8,0.02962962962962963,0
2026-09-24T18:52:51Z,frontend,335.75,1150,0.8,0.29195652173913045,0
2026-09-24T18:52:51Z,cartservice,231.0,1920,0.95,0.1203125,0
2026-09-24T18:52:51Z,checkoutservice,0.0,615,0.8,0.0,0
2026-09-24T18:52:51Z,productcatalogservice,535.0,1535,0.95,0.3485342019543974,0
2026-09-24T18:52:51Z,paymentservice,0.0,155,0.8,0.0,0
2026-09-24T18:52:51Z,recommendationservice,828.0,1150,0.8,0.72,0
2026-09-24T18:52:51Z,shippingservice,49.0,770,0.8,0.06363636363636363,0
2026-09-24T18:52:51Z,currencyservice,236.0,770,0.8,0.3064935064935065,0
2026-09-24T18:52:51Z,emailservice,26.0,155,0.8,0.16774193548387098,0
2026-09-24T18:52:51Z,adservice,119.0,1150,0.8,0.10347826086956521,0
2026-09-24T18:52:51Z,redis-cart,14.0,540,0.8,0.025925925925925925,0
2026-09-24T18:52:52Z,frontend,338.0,1150,0.8,0.29391304347826086,0
2026-09-24T18:52:52Z,cartservice,113.0,1920,0.95,0.058854166666666666,0
2026-09-24T18:52:52Z,checkoutservice,0.0,615,0.8,0.0,0
2026-09-24T18:52:52Z,productcatalogservice,575.0,1535,0.95,0.3745928338762215,0
2026-09-24T18:52:52Z,paymentservice,0.0,155,0.8,0.0,0
2026-09-24T18:52:52Z,recommendationservice,878.0,1150,0.8,0.7634782608695653,0
2026-09-24T18:52:52Z,shippingservice,55.0,770,0.8,0.07142857142857142,0
2026-09-24T18:52:52Z,currencyservice,150.0,770,0.8,0.19480519480519481,0
2026-09-24T18:52:52Z,emailservice,26.0,155,0.8,0.16774193548387098,0
2026-09-24T18:52:52Z,adservice,107.0,1150,0.8,0.09304347826086956,0
2026-09-24T18:52:52Z,redis-cart,14.0,540,0.8,0.025925925925925925,0
2026-09-24T18:52:53Z,frontend,345.5,1150,0.8,0.30043478260869566,0
2026-09-24T18:52:53Z,cartservice,113.0,1920,0.95,0.058854166666666666,0
2026-09-24T18:52:53Z,checkoutservice,0.0,615,0.8,0.0,0
2026-09-24T18:52:53Z,productcatalogservice,515.0,1535,0.95,0.3355048859934853,0
2026-09-24T18:52:53Z,paymentservice,0.0,155,0.8,0.0,0
2026-09-24T18:52:53Z,recommendationservice,878.0,1150,0.8,0.7634782608695653,0
2026-09-24T18:52:53Z,shippingservice,55.0,770,0.8,0.07142857142857142,0
2026-09-24T18:52:53Z,currencyservice,208.0,770,0.8,0.2701298701298701,0
2026-09-24T18:52:53Z,emailservice,0.0,155,0.8,0.0,0
2026-09-24T18:52:53Z,adservice,107.0,1150,0.8,0.09304347826086956,0
2026-09-24T18:52:53Z,redis-cart,13.0,540,0.8,0.024074074074074074,0
2026-09-24T18:52:54Z,frontend,359.0,1150,0.8,0.31217391304347825,0
2026-09-24T18:52:54Z,cartservice,130.0,1920,0.95,0.06770833333333333,0
2026-09-24T18:52:54Z,checkoutservice,0.0,615,0.8,0.0,0
2026-09-24T18:52:54Z,productcatalogservice,515.0,1535,0.95,0.3355048859934853,0
2026-09-24T18:52:54Z,paymentservice,0.0,155,0.8,0.0,0
2026-09-24T18:52:54Z,recommendationservice,870.0,1150,0.8,0.7565217391304347,0
2026-09-24T18:52:54Z,shippingservice,50.0,770,0.8,0.06493506493506493,0
2026-09-24T18:52:54Z,currencyservice,208.0,770,0.8,0.2701298701298701,0
2026-09-24T18:52:54Z,emailservice,0.0,155,0.8,0.0,0
2026-09-24T18:52:54Z,adservice,97.0,1150,0.8,0.08434782608695653,0
2026-09-24T18:52:54Z,redis-cart,14.0,540,0.8,0.025925925925925925,0
2026-09-24T18:52:55Z,frontend,335.0,1150,0.8,0.29130434782608694,0
2026-09-24T18:52:55Z,cartservice,182.0,1920,0.95,0.09479166666666666,0
2026-09-24T18:52:55Z,checkoutservice,0.0,615,0.8,0.0,0
2026-09-24T18:52:55Z,productcatalogservice,575.0,1535,0.95,0.3745928338762215,0
2026-09-24T18:52:55Z,paymentservice,0.0,155,0.8,0.0,0
2026-09-24T18:52:55Z,recommendationservice,870.0,1150,0.8,0.7565217391304347,0
2026-09-24T18:52:55Z,shippingservice,38.0,770,0.8,0.04935064935064935,0
2026-09-24T18:52:55Z,currencyservice,182.0,770,0.8,0.23636363636363636,0
2026-09-24T18:52:55Z,emailservice,0.0,155,0.8,0.0,0
2026-09-24T18:52:55Z,adservice,97.0,1150,0.8,0.08434782608695653,0
2026-09-24T18:52:55Z,redis-cart,16.0,540,0.8,0.02962962962962963,0
2026-09-24T18:52:56Z,frontend,324.75,1150,0.8,0.2823913043478261,0
2026-09-24T18:52:56Z,cartservice,138.0,1920,0.95,0.071875,0
2026-09-24T18:52:56Z,checkoutservice,0.0,615,0.8,0.0,0
2026-09-24T18:52:56Z,productcatalogservice,575.0,1535,0.95,0.3745928338762215,0
2026-09-24T18:52:56Z,paymentservice,0.0,155,0.8,0.0,0
2026-09-24T18:52:56Z,recommendationservice,832.0,1150,0.8,0.7234782608695652,0
2026-09-24T18:52:56Z,shippingservice,82.0,770,0.8,0.10649350649350649,0
2026-09-24T18:52:56Z,currencyservice,213.0,770,0.8,0.2766233766233766,0
2026-09-24T18:52:56Z,emailservice,24.0,155,0.8,0.15483870967741936,0
2026-09-24T18:52:56Z,adservice,78.0,1150,0.8,0.06782608695652174,0
2026-09-24T18:52:56Z,redis-cart,13.0,540,0.8,0.024074074074074074,0
2026-09-24T18:52:57Z,frontend,318.0,1150,0.8,0.27652173913043476,0
2026-09-24T18:52:57Z,cartservice,138.0,1920,0.95,0.071875,0
2026-09-24T18:52:57Z,checkoutservice,0.0,615,0.8,0.0,0
2026-09-24T18:52:57Z,productcatalogservice,571.0,1535,0.95,0.3719869706840391,0
2026-09-24T18:52:57Z,paymentservice,0.0,155,0.8,0.0,0
2026-09-24T18:52:57Z,recommendationservice,734.0,1150,0.8,0.6382608695652174,0
2026-09-24T18:52:57Z,shippingservice,82.0,770,0.8,0.10649350649350649,0
2026-09-24T18:52:57Z,currencyservice,166.0,770,0.8,0.21558441558441557,0
2026-09-24T18:52:57Z,emailservice,0.0,155,0.8,0.0,0
2026-09-24T18:52:57Z,adservice,78.0,1150,0.8,0.06782608695652174,0
2026-09-24T18:52:57Z,redis-cart,13.0,540,0.8,0.024074074074074074,0
2026-09-24T18:52:58Z,frontend,332.75,1150,0.8,0.2893478260869565,0
2026-09-24T18:52:58Z,cartservice,166.0,1920,0.95,0.08645833333333333,0
2026-09-24T18:52:58Z,checkoutservice,0.0,615,0.8,0.0,0
2026-09-24T18:52:58Z,productcatalogservice,571.0,1535,0.95,0.3719869706840391,0
2026-09-24T18:52:58Z,paymentservice,29.0,155,0.8,0.1870967741935484,0
2026-09-24T18:52:58Z,recommendationservice,889.0,1150,0.8,0.7730434782608696,0
2026-09-24T18:52:58Z,shippingservice,35.0,770,0.8,0.045454545454545456,0
2026-09-24T18:52:58Z,currencyservice,167.0,770,0.8,0.21688311688311687,0
2026-09-24T18:52:58Z,emailservice,0.0,155,0.8,0.0,0
2026-09-24T18:52:58Z,adservice,100.0,1150,0.8,0.08695652173913043,0
2026-09-24T18:52:58Z,redis-cart,11.0,540,0.8,0.020370370370370372,0
2026-09-24T18:52:59Z,frontend,343.75,1150,0.8,0.29891304347826086,0
2026-09-24T18:52:59Z,cartservice,167.0,1920,0.95,0.08697916666666666,0
2026-09-24T18:52:59Z,checkoutservice,0.0,615,0.8,0.0,0
2026-09-24T18:52:59Z,productcatalogservice,563.0,1535,0.95,0.3667752442996743,0
2026-09-24T18:52:59Z,paymentservice,29.0,155,0.8,0.1870967741935484,0
2026-09-24T18:52:59Z,recommendationservice,889.0,1150,0.8,0.7730434782608696,0
2026-09-24T18:52:59Z,shippingservice,61.0,770,0.8,0.07922077922077922,0
2026-09-24T18:52:59Z,currencyservice,167.0,770,0.8,0.21688311688311687,0
2026-09-24T18:52:59Z,emailservice,0.0,155,0.8,0.0,0
2026-09-24T18:52:59Z,adservice,100.0,1150,0.8,0.08695652173913043,0
2026-09-24T18:52:59Z,redis-cart,20.0,540,0.8,0.037037037037037035,0
2026-09-24T18:53:00Z,frontend,304.75,1150,0.8,0.265,0
2026-09-24T18:53:00Z,cartservice,167.0,1920,0.95,0.08697916666666666,0
2026-09-24T18:53:00Z,checkoutservice,0.0,615,0.8,0.0,0
2026-09-24T18:53:00Z,productcatalogservice,563.0,1535,0.95,0.3667752442996743,0
2026-09-24T18:53:00Z,paymentservice,0.0,155,0.8,0.0,0
2026-09-24T18:53:00Z,recommendationservice,830.0,1150,0.8,0.7217391304347827,0
2026-09-24T18:53:00Z,shippingservice,61.0,770,0.8,0.07922077922077922,0
2026-09-24T18:53:00Z,currencyservice,195.0,770,0.8,0.2532467532467532,0
2026-09-24T18:53:00Z,emailservice,21.0,155,0.8,0.13548387096774195,0
2026-09-24T18:53:00Z,adservice,93.0,1150,0.8,0.0808695652173913,0
2026-09-24T18:53:00Z,redis-cart,13.0,540,0.8,0.024074074074074074,0
2026-09-24T18:53:01Z,frontend,299.75,1150,0.8,0.26065217391304346,0
2026-09-24T18:53:01Z,cartservice,160.0,1920,0.95,0.08333333333333333,0
2026-09-24T18:53:01Z,checkoutservice,0.0,615,0.8,0.0,0
2026-09-24T18:53:01Z,productcatalogservice,588.0,1535,0.95,0.38306188925081436,0
2026-09-24T18:53:01Z,paymentservice,0.0,155,0.8,0.0,0
2026-09-24T18:53:01Z,recommendationservice,830.0,1150,0.8,0.7217391304347827,0
2026-09-24T18:53:01Z,shippingservice,71.0,770,0.8,0.09220779220779221,0
2026-09-24T18:53:01Z,currencyservice,195.0,770,0.8,0.2532467532467532,0
2026-09-24T18:53:01Z,emailservice,21.0,155,0.8,0.13548387096774195,0
2026-09-24T18:53:01Z,adservice,87.0,1150,0.8,0.07565217391304348,0
2026-09-24T18:53:01Z,redis-cart,13.0,540,0.8,0.024074074074074074,0
2026-09-24T18:53:02Z,frontend,312.25,1150,0.8,0.27152173913043476,0
2026-09-24T18:53:02Z,cartservice,164.0,1920,0.95,0.08541666666666667,0
2026-09-24T18:53:02Z,checkoutservice,0.0,615,0.8,0.0,0
2026-09-24T18:53:02Z,productcatalogservice,509.0,1535,0.95,0.3315960912052117,0
2026-09-24T18:53:02Z,paymentservice,0.0,155,0.8,0.0,0
2026-09-24T18:53:02Z,recommendationservice,777.0,1150,0.8,0.6756521739130434,0
2026-09-24T18:53:02Z,shippingservice,50.0,770,0.8,0.06493506493506493,0
2026-09-24T18:53:02Z,currencyservice,183.0,770,0.8,0.23766233766233766,0
2026-09-24T18:53:02Z,emailservice,0.0,155,0.8,0.0,0
2026-09-24T18:53:02Z,adservice,87.0,1150,0.8,0.07565217391304348,0
2026-09-24T18:53:02Z,redis-cart,11.0,540,0.8,0.020370370370370372,0
2026-09-24T18:53:03Z,frontend,352.25,1150,0.8,0.30630434782608695,0
2026-09-24T18:53:03Z,cartservice,148.0,1920,0.95,0.07708333333333334,0
2026-09-24T18:53:03Z,checkoutservice,0.0,615,0.8,0.0,0
2026-09-24T18:53:03Z,productcatalogservice,509.0,1535,0.95,0.3315960912052117,0
2026-09-24T18:53:03Z,paymentservice,0.0,155,0.8,0.0,0
2026-09-24T18:53:03Z,recommendationservice,777.0,1150,0.8,0.6756521739130434,0
2026-09-24T18:53:03Z,shippingservice,50.0,770,0.8,0.06493506493506493,0
2026-09-24T18:53:03Z,currencyservice,183.0,770,0.8,0.23766233766233766,0
2026-09-24T18:53:03Z,emailservice,0.0,155,0.8,0.0,0
2026-09-24T18:53:03Z,adservice,102.0,1150,0.8,0.08869565217391304,0
2026-09-24T18:53:03Z,redis-cart,11.0,540,0.8,0.020370370370370372,0
2026-09-24T18:53:04Z,frontend,333.0,1150,0.8,0.28956521739130436,0
2026-09-24T18:53:04Z,cartservice,129.0,1920,0.95,0.0671875,0
2026-09-24T18:53:04Z,checkoutservice,0.0,615,0.8,0.0,0
2026-09-24T18:53:04Z,productcatalogservice,583.0,1535,0.95,0.37980456026058634,0
2026-09-24T18:53:04Z,paymentservice,0.0,155,0.8,0.0,0
2026-09-24T18:53:04Z,recommendationservice,812.0,1150,0.8,0.7060869565217391,0
2026-09-24T18:53:04Z,shippingservice,46.0,770,0.8,0.05974025974025974,0
2026-09-24T18:53:04Z,currencyservice,144.0,770,0.8,0.18701298701298702,0
2026-09-24T18:53:04Z,emailservice,0.0,155,0.8,0.0,0
2026-09-24T18:53:04Z,adservice,100.0,1150,0.8,0.08695652173913043,0
2026-09-24T18:53:04Z,redis-cart,17.0,540,0.8,0.03148148148148148,0
2026-09-24T18:53:05Z,frontend,322.25,1150,0.8,0.2802173913043478,0
2026-09-24T18:53:05Z,cartservice,129.0,1920,0.95,0.0671875,0
2026-09-24T18:53:05Z,checkoutservice,0.0,615,0.8,0.0,0
2026-09-24T18:53:05Z,productcatalogservice,552.0,1535,0.95,0.35960912052117266,0
2026-09-24T18:53:05Z,paymentservice,0.0,155,0.8,0.0,0
2026-09-24T18:53:05Z,recommendationservice,812.0,1150,0.8,0.7060869565217391,0
2026-09-24T18:53:05Z,shippingservice,46.0,770,0.8,0.05974025974025974,0
2026-09-24T18:53:05Z,currencyservice,144.0,770,0.8,0.18701298701298702,0
2026-09-24T18:53:05Z,emailservice,20.0,155,0.8,0.12903225806451613,0
2026-09-24T18:53:05Z,adservice,100.0,1150,0.8,0.08695652173913043,0
2026-09-24T18:53:05Z,redis-cart,13.0,540,0.8,0.024074074074074074,0
2026-09-24T18:53:06Z,frontend,324.0,1150,0.8,0.2817391304347826,0
2026-09-24T18:53:06Z,cartservice,122.0,1920,0.95,0.06354166666666666,0
2026-09-24T18:53:06Z,checkoutservice,0.0,615,0.8,0.0,0
2026-09-24T18:53:06Z,productcatalogservice,569.0,1535,0.95,0.3706840390879479,0
2026-09-24T18:53:06Z,paymentservice,0.0,155,0.8,0.0,0
2026-09-24T18:53:06Z,recommendationservice,764.0,1150,0.8,0.6643478260869565,0
2026-09-24T18:53:06Z,shippingservice,41.0,770,0.8,0.053246753246753244,0
2026-09-24T18:53:06Z,currencyservice,186.0,770,0.8,0.24155844155844156,0
2026-09-24T18:53:06Z,emailservice,0.0,155,0.8,0.0,0
2026-09-24T18:53:06Z,adservice,96.0,1150,0.8,0.08347826086956522,0
2026-09-24T18:53:06Z,redis-cart,13.0,540,0.8,0.024074074074074074,0
2026-09-24T18:53:07Z,frontend,323.25,1150,0.8,0.28108695652173915,0
2026-09-24T18:53:07Z,cartservice,184.0,1920,0.95,0.09583333333333334,0
2026-09-24T18:53:07Z,checkoutservice,0.0,615,0.8,0.0,0
2026-09-24T18:53:07Z,productcatalogservice,569.0,1535,0.95,0.3706840390879479,0
2026-09-24T18:53:07Z,paymentservice,0.0,155,0.8,0.0,0
2026-09-24T18:53:07Z,recommendationservice,833.0,1150,0.8,0.7243478260869565,0
2026-09-24T18:53:07Z,shippingservice,73.0,770,0.8,0.09480519480519481,0
2026-09-24T18:53:07Z,currencyservice,180.0,770,0.8,0.23376623376623376,0
2026-09-24T18:53:07Z,emailservice,0.0,155,0.8,0.0,0
2026-09-24T18:53:07Z,adservice,96.0,1150,0.8,0.08347826086956522,0
2026-09-24T18:53:07Z,redis-cart,20.0,540,0.8,0.037037037037037035,0
2026-09-24T18:53:08Z,frontend,333.5,1150,0.8,0.29,0
2026-09-24T18:53:08Z,cartservice,184.0,1920,0.95,0.09583333333333334,0
2026-09-24T18:53:08Z,checkoutservice,0.0,615,0.8,0.0,0
2026-09-24T18:53:08Z,productcatalogservice,536.0,1535,0.95,0.349185667752443,0
2026-09-24T18:53:08Z,paymentservice,26.0,155,0.8,0.16774193548387098,0
2026-09-24T18:53:08Z,recommendationservice,837.0,1150,0.8,0.7278260869565217,0
2026-09-24T18:53:08Z,shippingservice,73.0,770,0.8,0.09480519480519481,0
2026-09-24T18:53:08Z,currencyservice,232.0,770,0.8,0.3012987012987013,0
2026-09-24T18:53:08Z,emailservice,0.0,155,0.8,0.0,0
2026-09-24T18:53:08Z,adservice,101.0,1150,0.8,0.08782608695652173,0
2026-09-24T18:53:08Z,redis-cart,12.0,540,0.8,0.022222222222222223,0
2026-09-24T18:53:09Z,frontend,325.25,1150,0.8,0.2828260869565217,0
2026-09-24T18:53:09Z,cartservice,128.0,1920,0.95,0.06666666666666667,0
2026-09-24T18:53:09Z,checkoutservice,0.0,615,0.8,0.0,0
2026-09-24T18:53:09Z,productcatalogservice,536.0,1535,0.95,0.349185667752443,0
2026-09-24T18:53:09Z,paymentservice,0.0,155,0.8,0.0,0
2026-09-24T18:53:09Z,recommendationservice,851.0,1150,0.8,0.74,0
2026-09-24T18:53:09Z,shippingservice,47.0,770,0.8,0.06103896103896104,0
2026-09-24T18:53:09Z,currencyservice,232.0,770,0.8,0.3012987012987013,0
2026-09-24T18:53:09Z,emailservice,0.0,155,0.8,0.0,0
2026-09-24T18:53:09Z,adservice,73.0,1150,0.8,0.06347826086956522,0
2026-09-24T18:53:09Z,redis-cart,12.0,540,0.8,0.022222222222222223,0
2026-09-24T18:53:10Z,frontend,315.75,1150,0.8,0.27456521739130435,0
2026-09-24T18:53:10Z,cartservice,163.0,1920,0.95,0.08489583333333334,0
2026-09-24T18:53:10Z,checkoutservice,0.0,615,0.8,0.0,0
2026-09-24T18:53:10Z,productcatalogservice,548.0,1535,0.95,0.35700325732899024,0
2026-09-24T18:53:10Z,paymentservice,0.0,155,0.8,0.0,0
2026-09-24T18:53:10Z,recommendationservice,851.0,1150,0.8,0.74,0
2026-09-24T18:53:10Z,shippingservice,47.0,770,0.8,0.06103896103896104,0
2026-09-24T18:53:10Z,currencyservice,170.0,770,0.8,0.22077922077922077,0
2026-09-24T18:53:10Z,emailservice,23.0,155,0.8,0.14838709677419354,0
2026-09-24T18:53:10Z,adservice,73.0,1150,0.8,0.06347826086956522,0
2026-09-24T18:53:10Z,redis-cart,12.0,540,0.8,0.022222222222222223,0
2026-09-24T18:53:11Z,frontend,346.5,1150,0.8,0.30130434782608695,0
2026-09-24T18:53:11Z,cartservice,163.0,1920,0.95,0.08489583333333334,0
2026-09-24T18:53:11Z,checkoutservice,37.0,615,0.8,0.06016260162601626,0
2026-09-24T18:53:11Z,productcatalogservice,548.0,1535,0.95,0.35700325732899024,0
2026-09-24T18:53:11Z,paymentservice,0.0,155,0.8,0.0,0
2026-09-24T18:53:11Z,recommendationservice,823.0,1150,0.8,0.7156521739130435,0
2026-09-24T18:53:11Z,shippingservice,56.0,770,0.8,0.07272727272727272,0
2026-09-24T18:53:11Z,currencyservice,170.0,770,0.8,0.22077922077922077,0
2026-09-24T18:53:11Z,emailservice,23.0,155,0.8,0.14838709677419354,0
2026-09-24T18:53:11Z,adservice,96.0,1150,0.8,0.08347826086956522,0
2026-09-24T18:53:11Z,redis-cart,18.0,540,0.8,0.03333333333333333,0
2026-09-24T18:53:12Z,frontend,330.0,1150,0.8,0.28695652173913044,0
2026-09-24T18:53:12Z,cartservice,213.0,1920,0.95,0.1109375,0
2026-09-24T18:53:12Z,checkoutservice,37.0,615,0.8,0.06016260162601626,0
2026-09-24T18:53:12Z,productcatalogservice,566.0,1535,0.95,0.36872964169381106,0
2026-09-24T18:53:12Z,paymentservice,0.0,155,0.8,0.0,0
2026-09-24T18:53:12Z,recommendationservice,715.0,1150,0.8,0.6217391304347826,0
2026-09-24T18:53:12Z,shippingservice,59.0,770,0.8,0.07662337662337662,0
2026-09-24T18:53:12Z,currencyservice,174.0,770,0.8,0.22597402597402597,0
2026-09-24T18:53:12Z,emailservice,5.0,155,0.8,0.03225806451612903,0
2026-09-24T18:53:12Z,adservice,96.0,1150,0.8,0.08347826086956522,0
2026-09-24T18:53:12Z,redis-cart,18.0,540,0.8,0.03333333333333333,0
2026-09-24T18:53:13Z,frontend,270.5,1150,0.8,0.23521739130434782,0
2026-09-24T18:53:13Z,cartservice,236.0,1920,0.95,0.12291666666666666,0
2026-09-24T18:53:13Z,checkoutservice,523.0,615,0.8,0.8504065040650407,1
2026-09-24T18:53:13Z,productcatalogservice,432.0,1535,0.95,0.2814332247557003,0
2026-09-24T18:53:13Z,paymentservice,9.0,155,0.8,0.05806451612903226,0
2026-09-24T18:53:13Z,recommendationservice,638.0,1150,0.8,0.5547826086956522,0
2026-09-24T18:53:13Z,shippingservice,59.0,770,0.8,0.07662337662337662,0
2026-09-24T18:53:13Z,currencyservice,255.0,770,0.8,0.33116883116883117,0
2026-09-24T18:53:13Z,emailservice,5.0,155,0.8,0.03225806451612903,0
2026-09-24T18:53:13Z,adservice,104.0,1150,0.8,0.09043478260869565,0
2026-09-24T18:53:13Z,redis-cart,16.0,540,0.8,0.02962962962962963,0
2026-09-24T18:53:14Z,frontend,258.5,1150,0.8,0.22478260869565217,0
2026-09-24T18:53:14Z,cartservice,236.0,1920,0.95,0.12291666666666666,0
2026-09-24T18:53:14Z,checkoutservice,626.0,615,0.8,1.0178861788617886,1
2026-09-24T18:53:14Z,productcatalogservice,432.0,1535,0.95,0.2814332247557003,0
2026-09-24T18:53:14Z,paymentservice,0.0,155,0.8,0.0,0
2026-09-24T18:53:14Z,recommendationservice,638.0,1150,0.8,0.5547826086956522,0
2026-09-24T18:53:14Z,shippingservice,97.0,770,0.8,0.12597402597402596,0
2026-09-24T18:53:14Z,currencyservice,255.0,770,0.8,0.33116883116883117,0
2026-09-24T18:53:14Z,emailservice,0.0,155,0.8,0.0,0
2026-09-24T18:53:14Z,adservice,70.0,1150,0.8,0.06086956521739131,0
2026-09-24T18:53:14Z,redis-cart,19.0,540,0.8,0.03518518518518519,0
2026-09-24T18:53:15Z,frontend,287.5,1150,0.8,0.25,0
2026-09-24T18:53:15Z,cartservice,216.0,1920,0.95,0.1125,0
2026-09-24T18:53:15Z,checkoutservice,626.0,615,0.8,1.0178861788617886,1
2026-09-24T18:53:15Z,productcatalogservice,446.0,1535,0.95,0.29055374592833877,0
2026-09-24T18:53:15Z,paymentservice,0.0,155,0.8,0.0,0
2026-09-24T18:53:15Z,recommendationservice,633.0,1150,0.8,0.5504347826086956,0
2026-09-24T18:53:15Z,shippingservice,77.0,770,0.8,0.1,0
2026-09-24T18:53:15Z,currencyservice,154.0,770,0.8,0.2,0
2026-09-24T18:53:15Z,emailservice,27.0,155,0.8,0.17419354838709677,0
2026-09-24T18:53:15Z,adservice,86.0,1150,0.8,0.07478260869565218,0
2026-09-24T18:53:15Z,redis-cart,19.0,540,0.8,0.03518518518518519,0
2026-09-24T18:53:16Z,frontend,282.25,1150,0.8,0.24543478260869564,0
2026-09-24T18:53:16Z,cartservice,218.0,1920,0.95,0.11354166666666667,0
2026-09-24T18:53:16Z,checkoutservice,614.0,615,0.8,0.9983739837398374,1
2026-09-24T18:53:16Z,productcatalogservice,463.0,1535,0.95,0.301628664495114,0
2026-09-24T18:53:16Z,paymentservice,0.0,155,0.8,0.0,0
2026-09-24T18:53:16Z,recommendationservice,622.0,1150,0.8,0.5408695652173913,0
2026-09-24T18:53:16Z,shippingservice,123.0,770,0.8,0.15974025974025974,0
2026-09-24T18:53:16Z,currencyservice,210.0,770,0.8,0.2727272727272727,0
2026-09-24T18:53:16Z,emailservice,0.0,155,0.8,0.0,0
2026-09-24T18:53:16Z,adservice,86.0,1150,0.8,0.07478260869565218,0
2026-09-24T18:53:16Z,redis-cart,17.0,540,0.8,0.03148148148148148,0
2026-09-24T18:53:17Z,frontend,272.25,1150,0.8,0.23673913043478262,0
2026-09-24T18:53:17Z,cartservice,187.0,1920,0.95,0.09739583333333333,0
2026-09-24T18:53:17Z,checkoutservice,614.0,615,0.8,0.9983739837398374,1
2026-09-24T18:53:17Z,productcatalogservice,463.0,1535,0.95,0.301628664495114,0
2026-09-24T18:53:17Z,paymentservice,0.0,155,0.8,0.0,0
2026-09-24T18:53:17Z,recommendationservice,622.0,1150,0.8,0.5408695652173913,0
2026-09-24T18:53:17Z,shippingservice,123.0,770,0.8,0.15974025974025974,0
2026-09-24T18:53:17Z,currencyservice,250.0,770,0.8,0.3246753246753247,0
2026-09-24T18:53:17Z,emailservice,0.0,155,0.8,0.0,0
2026-09-24T18:53:17Z,adservice,105.0,1150,0.8,0.09130434782608696,0
2026-09-24T18:53:17Z,redis-cart,17.0,540,0.8,0.03148148148148148,0
2026-09-24T18:53:18Z,frontend,257.0,1150,0.8,0.2234782608695652,0
2026-09-24T18:53:18Z,cartservice,280.0,1920,0.95,0.14583333333333334,0
2026-09-24T18:53:18Z,checkoutservice,589.0,615,0.8,0.9577235772357724,1
2026-09-24T18:53:18Z,productcatalogservice,416.0,1535,0.95,0.2710097719869707,0
2026-09-24T18:53:18Z,paymentservice,0.0,155,0.8,0.0,0
2026-09-24T18:53:18Z,recommendationservice,482.0,1150,0.8,0.4191304347826087,0
2026-09-24T18:53:18Z,shippingservice,71.0,770,0.8,0.09220779220779221,0
2026-09-24T18:53:18Z,currencyservice,250.0,770,0.8,0.3246753246753247,0
2026-09-24T18:53:18Z,emailservice,0.0,155,0.8,0.0,0
2026-09-24T18:53:18Z,adservice,105.0,1150,0.8,0.09130434782608696,0
2026-09-24T18:53:18Z,redis-cart,16.0,540,0.8,0.02962962962962963,0
2026-09-24T18:53:19Z,frontend,291.25,1150,0.8,0.2532608695652174,0
2026-09-24T18:53:19Z,cartservice,280.0,1920,0.95,0.14583333333333334,0
2026-09-24T18:53:19Z,checkoutservice,589.0,615,0.8,0.9577235772357724,1
2026-09-24T18:53:19Z,productcatalogservice,518.0,1535,0.95,0.33745928338762216,0
2026-09-24T18:53:19Z,paymentservice,29.0,155,0.8,0.1870967741935484,0
2026-09-24T18:53:19Z,recommendationservice,482.0,1150,0.8,0.4191304347826087,0
2026-09-24T18:53:19Z,shippingservice,103.0,770,0.8,0.13376623376623376,0
2026-09-24T18:53:19Z,currencyservice,227.0,770,0.8,0.2948051948051948,0
2026-09-24T18:53:19Z,emailservice,0.0,155,0.8,0.0,0
2026-09-24T18:53:19Z,adservice,105.0,1150,0.8,0.09130434782608696,0
2026-09-24T18:53:19Z,redis-cart,19.0,540,0.8,0.03518518518518519,0
2026-09-24T18:53:20Z,frontend,284.25,1150,0.8,0.24717391304347827,0
2026-09-24T18:53:20Z,cartservice,147.0,1920,0.95,0.0765625,0
2026-09-24T18:53:20Z,checkoutservice,635.0,615,0.8,1.032520325203252,1
2026-09-24T18:53:20Z,productcatalogservice,518.0,1535,0.95,0.33745928338762216,0
2026-09-24T18:53:20Z,paymentservice,29.0,155,0.8,0.1870967741935484,0
2026-09-24T18:53:20Z,recommendationservice,672.0,1150,0.8,0.5843478260869566,0
2026-09-24T18:53:20Z,shippingservice,103.0,770,0.8,0.13376623376623376,0
2026-09-24T18:53:20Z,currencyservice,186.0,770,0.8,0.24155844155844156,0
2026-09-24T18:53:20Z,emailservice,0.0,155,0.8,0.0,0
2026-09-24T18:53:20Z,adservice,73.0,1150,0.8,0.06347826086956522,0
2026-09-24T18:53:20Z,redis-cart,19.0,540,0.8,0.03518518518518519,0
2026-09-24T18:53:21Z,frontend,260.25,1150,0.8,0.22630434782608697,0
2026-09-24T18:53:21Z,cartservice,230.0,1920,0.95,0.11979166666666667,0
2026-09-24T18:53:21Z,checkoutservice,619.0,615,0.8,1.0065040650406505,1
2026-09-24T18:53:21Z,productcatalogservice,469.0,1535,0.95,0.3055374592833876,0
2026-09-24T18:53:21Z,paymentservice,0.0,155,0.8,0.0,0
2026-09-24T18:53:21Z,recommendationservice,688.0,1150,0.8,0.5982608695652174,0
2026-09-24T18:53:21Z,shippingservice,102.0,770,0.8,0.13246753246753246,0
2026-09-24T18:53:21Z,currencyservice,186.0,770,0.8,0.24155844155844156,0
2026-09-24T18:53:21Z,emailservice,24.0,155,0.8,0.15483870967741936,0
2026-09-24T18:53:21Z,adservice,73.0,1150,0.8,0.06347826086956522,0
2026-09-24T18:53:21Z,redis-cart,18.0,540,0.8,0.03333333333333333,0
2026-09-24T18:53:22Z,frontend,279.0,1150,0.8,0.2426086956521739,0
2026-09-24T18:53:22Z,cartservice,216.0,1920,0.95,0.1125,0
2026-09-24T18:53:22Z,checkoutservice,618.0,615,0.8,1.0048780487804878,1
2026-09-24T18:53:22Z,productcatalogservice,480.0,1535,0.95,0.3127035830618892,0
2026-09-24T18:53:22Z,paymentservice,7.0,155,0.8,0.04516129032258064,0
2026-09-24T18:53:22Z,recommendationservice,688.0,1150,0.8,0.5982608695652174,0
2026-09-24T18:53:22Z,shippingservice,102.0,770,0.8,0.13246753246753246,0
2026-09-24T18:53:22Z,currencyservice,238.0,770,0.8,0.3090909090909091,0
2026-09-24T18:53:22Z,emailservice,0.0,155,0.8,0.0,0
2026-09-24T18:53:22Z,adservice,111.0,1150,0.8,0.09652173913043478,0
2026-09-24T18:53:22Z,redis-cart,18.0,540,0.8,0.03333333333333333,0
2026-09-24T18:53:23Z,frontend,293.5,1150,0.8,0.25521739130434784,0
2026-09-24T18:53:23Z,cartservice,216.0,1920,0.95,0.1125,0
2026-09-24T18:53:23Z,checkoutservice,618.0,615,0.8,1.0048780487804878,1
2026-09-24T18:53:23Z,productcatalogservice,480.0,1535,0.95,0.3127035830618892,0
2026-09-24T18:53:23Z,paymentservice,7.0,155,0.8,0.04516129032258064,0
2026-09-24T18:53:23Z,recommendationservice,631.0,1150,0.8,0.548695652173913,0
2026-09-24T18:53:23Z,shippingservice,105.0,770,0.8,0.13636363636363635,0
2026-09-24T18:53:23Z,currencyservice,279.0,770,0.8,0.36233766233766235,0
2026-09-24T18:53:23Z,emailservice,0.0,155,0.8,0.0,0
2026-09-24T18:53:23Z,adservice,106.0,1150,0.8,0.09217391304347826,0
2026-09-24T18:53:23Z,redis-cart,18.0,540,0.8,0.03333333333333333,0
2026-09-24T18:53:24Z,frontend,301.75,1150,0.8,0.2623913043478261,0
2026-09-24T18:53:24Z,cartservice,198.0,1920,0.95,0.103125,0
2026-09-24T18:53:24Z,checkoutservice,598.0,615,0.8,0.9723577235772358,1
2026-09-24T18:53:24Z,productcatalogservice,499.0,1535,0.95,0.3250814332247557,0
2026-09-24T18:53:24Z,paymentservice,0.0,155,0.8,0.0,0
2026-09-24T18:53:24Z,recommendationservice,631.0,1150,0.8,0.548695652173913,0
2026-09-24T18:53:24Z,shippingservice,84.0,770,0.8,0.10909090909090909,0
2026-09-24T18:53:24Z,currencyservice,223.0,770,0.8,0.2896103896103896,0
2026-09-24T18:53:24Z,emailservice,0.0,155,0.8,0.0,0
2026-09-24T18:53:24Z,adservice,82.0,1150,0.8,0.07130434782608695,0
2026-09-24T18:53:24Z,redis-cart,17.0,540,0.8,0.03148148148148148,0
2026-09-24T18:53:25Z,frontend,259.75,1150,0.8,0.2258695652173913,0
2026-09-24T18:53:25Z,cartservice,198.0,1920,0.95,0.103125,0
2026-09-24T18:53:25Z,checkoutservice,588.0,615,0.8,0.9560975609756097,1
2026-09-24T18:53:25Z,productcatalogservice,464.0,1535,0.95,0.3022801302931596,0
2026-09-24T18:53:25Z,paymentservice,0.0,155,0.8,0.0,0
2026-09-24T18:53:25Z,recommendationservice,646.0,1150,0.8,0.5617391304347826,0
2026-09-24T18:53:25Z,shippingservice,84.0,770,0.8,0.10909090909090909,0
2026-09-24T18:53:25Z,currencyservice,185.0,770,0.8,0.24025974025974026,0
2026-09-24T18:53:25Z,emailservice,31.0,155,0.8,0.2,0
2026-09-24T18:53:25Z,adservice,82.0,1150,0.8,0.07130434782608695,0
2026-09-24T18:53:25Z,redis-cart,23.0,540,0.8,0.04259259259259259,0
2026-09-24T18:53:26Z,frontend,271.75,1150,0.8,0.23630434782608695,0
2026-09-24T18:53:26Z,cartservice,196.0,1920,0.95,0.10208333333333333,0
2026-09-24T18:53:26Z,checkoutservice,588.0,615,0.8,0.9560975609756097,1
2026-09-24T18:53:26Z,productcatalogservice,464.0,1535,0.95,0.3022801302931596,0
2026-09-24T18:53:26Z,paymentservice,0.0,155,0.8,0.0,0
2026-09-24T18:53:26Z,recommendationservice,691.0,1150,0.8,0.6008695652173913,0
2026-09-24T18:53:26Z,shippingservice,102.0,770,0.8,0.13246753246753246,0
2026-09-24T18:53:26Z,currencyservice,184.0,770,0.8,0.23896103896103896,0
2026-09-24T18:53:26Z,emailservice,0.0,155,0.8,0.0,0
2026-09-24T18:53:26Z,adservice,97.0,1150,0.8,0.08434782608695653,0
2026-09-24T18:53:26Z,redis-cart,23.0,540,0.8,0.04259259259259259,0
2026-09-24T18:53:27Z,frontend,271.75,1150,0.8,0.23630434782608695,0
2026-09-24T18:53:27Z,cartservice,220.0,1920,0.95,0.11458333333333333,0
2026-09-24T18:53:27Z,checkoutservice,623.0,615,0.8,1.0130081300813008,1
2026-09-24T18:53:27Z,productcatalogservice,475.0,1535,0.95,0.30944625407166126,0
2026-09-24T18:53:27Z,paymentservice,0.0,155,0.8,0.0,0
2026-09-24T18:53:27Z,recommendationservice,691.0,1150,0.8,0.6008695652173913,0
2026-09-24T18:53:27Z,shippingservice,87.0,770,0.8,0.11298701298701298,0
2026-09-24T18:53:27Z,currencyservice,184.0,770,0.8,0.23896103896103896,0
2026-09-24T18:53:27Z,emailservice,0.0,155,0.8,0.0,0
2026-09-24T18:53:27Z,adservice,84.0,1150,0.8,0.07304347826086957,0
2026-09-24T18:53:27Z,redis-cart,18.0,540,0.8,0.03333333333333333,0
2026-09-24T18:53:28Z,frontend,276.25,1150,0.8,0.24021739130434783,0
2026-09-24T18:53:28Z,cartservice,260.0,1920,0.95,0.13541666666666666,0
2026-09-24T18:53:28Z,checkoutservice,597.0,615,0.8,0.9707317073170731,1
2026-09-24T18:53:28Z,productcatalogservice,473.0,1535,0.95,0.30814332247557,0
2026-09-24T18:53:28Z,paymentservice,18.0,155,0.8,0.11612903225806452,0
2026-09-24T18:53:28Z,recommendationservice,583.0,1150,0.8,0.5069565217391304,0
2026-09-24T18:53:28Z,shippingservice,87.0,770,0.8,0.11298701298701298,0
2026-09-24T18:53:28Z,currencyservice,226.0,770,0.8,0.2935064935064935,0
2026-09-24T18:53:28Z,emailservice,0.0,155,0.8,0.0,0
2026-09-24T18:53:28Z,adservice,90.0,1150,0.8,0.0782608695652174,0
2026-09-24T18:53:28Z,redis-cart,22.0,540,0.8,0.040740740740740744,0
2026-09-24T18:53:29Z,frontend,280.5,1150,0.8,0.24391304347826087,0
2026-09-24T18:53:29Z,cartservice,204.0,1920,0.95,0.10625,0
2026-09-24T18:53:29Z,checkoutservice,597.0,615,0.8,0.9707317073170731,1
2026-09-24T18:53:29Z,productcatalogservice,473.0,1535,0.95,0.30814332247557,0
2026-09-24T18:53:29Z,paymentservice,18.0,155,0.8,0.11612903225806452,0
2026-09-24T18:53:29Z,recommendationservice,583.0,1150,0.8,0.5069565217391304,0
2026-09-24T18:53:29Z,shippingservice,81.0,770,0.8,0.10519480519480519,0
2026-09-24T18:53:29Z,currencyservice,226.0,770,0.8,0.2935064935064935,0
2026-09-24T18:53:29Z,emailservice,0.0,155,0.8,0.0,0
2026-09-24T18:53:29Z,adservice,90.0,1150,0.8,0.0782608695652174,0
2026-09-24T18:53:29Z,redis-cart,19.0,540,0.8,0.03518518518518519,0
2026-09-24T18:53:30Z,frontend,277.25,1150,0.8,0.24108695652173914,0
2026-09-24T18:53:30Z,cartservice,204.0,1920,0.95,0.10625,0
2026-09-24T18:53:30Z,checkoutservice,614.0,615,0.8,0.9983739837398374,1
2026-09-24T18:53:30Z,productcatalogservice,438.0,1535,0.95,0.2853420195439739,0
2026-09-24T18:53:30Z,paymentservice,0.0,155,0.8,0.0,0
2026-09-24T18:53:30Z,recommendationservice,700.0,1150,0.8,0.6086956521739131,0
2026-09-24T18:53:30Z,shippingservice,82.0,770,0.8,0.10649350649350649,0
2026-09-24T18:53:30Z,currencyservice,174.0,770,0.8,0.22597402597402597,0
2026-09-24T18:53:30Z,emailservice,0.0,155,0.8,0.0,0
2026-09-24T18:53:30Z,adservice,86.0,1150,0.8,0.07478260869565218,0
2026-09-24T18:53:30Z,redis-cart,19.0,540,0.8,0.03518518518518519,0
2026-09-24T18:53:31Z,frontend,276.0,1150,0.8,0.24,0
2026-09-24T18:53:31Z,cartservice,176.0,1920,0.95,0.09166666666666666,0
2026-09-24T18:53:31Z,checkoutservice,614.0,615,0.8,0.9983739837398374,1
2026-09-24T18:53:31Z,productcatalogservice,474.0,1535,0.95,0.3087947882736156,0
2026-09-24T18:53:31Z,paymentservice,0.0,155,0.8,0.0,0
2026-09-24T18:53:31Z,recommendationservice,606.0,1150,0.8,0.5269565217391304,0
2026-09-24T18:53:31Z,shippingservice,82.0,770,0.8,0.10649350649350649,0
2026-09-24T18:53:31Z,currencyservice,233.0,770,0.8,0.3025974025974026,0
2026-09-24T18:53:31Z,emailservice,21.0,155,0.8,0.13548387096774195,0
2026-09-24T18:53:31Z,adservice,86.0,1150,0.8,0.07478260869565218,0
2026-09-24T18:53:31Z,redis-cart,17.0,540,0.8,0.03148148148148148,0
2026-09-24T18:53:32Z,frontend,263.5,1150,0.8,0.2291304347826087,0
2026-09-24T18:53:32Z,cartservice,202.0,1920,0.95,0.10520833333333333,0
2026-09-24T18:53:32Z,checkoutservice,611.0,615,0.8,0.9934959349593496,1
2026-09-24T18:53:32Z,productcatalogservice,474.0,1535,0.95,0.3087947882736156,0
2026-09-24T18:53:32Z,paymentservice,0.0,155,0.8,0.0,0
2026-09-24T18:53:32Z,recommendationservice,606.0,1150,0.8,0.5269565217391304,0
2026-09-24T18:53:32Z,shippingservice,104.0,770,0.8,0.13506493506493505,0
2026-09-24T18:53:32Z,currencyservice,233.0,770,0.8,0.3025974025974026,0
2026-09-24T18:53:32Z,emailservice,21.0,155,0.8,0.13548387096774195,0
2026-09-24T18:53:32Z,adservice,96.0,1150,0.8,0.08347826086956522,0
2026-09-24T18:53:32Z,redis-cart,17.0,540,0.8,0.03148148148148148,0
2026-09-24T18:53:33Z,frontend,260.5,1150,0.8,0.22652173913043477,0
2026-09-24T18:53:33Z,cartservice,202.0,1920,0.95,0.10520833333333333,0
2026-09-24T18:53:33Z,checkoutservice,615.0,615,0.8,1.0,1
2026-09-24T18:53:33Z,productcatalogservice,462.0,1535,0.95,0.3009771986970684,0
2026-09-24T18:53:33Z,paymentservice,0.0,155,0.8,0.0,0
2026-09-24T18:53:33Z,recommendationservice,540.0,1150,0.8,0.46956521739130436,0
2026-09-24T18:53:33Z,shippingservice,77.0,770,0.8,0.1,0
2026-09-24T18:53:33Z,currencyservice,181.0,770,0.8,0.23506493506493506,0
2026-09-24T18:53:33Z,emailservice,0.0,155,0.8,0.0,0
2026-09-24T18:53:33Z,adservice,76.0,1150,0.8,0.06608695652173913,0
2026-09-24T18:53:33Z,redis-cart,16.0,540,0.8,0.02962962962962963,0
2026-09-24T18:53:34Z,frontend,280.5,1150,0.8,0.24391304347826087,0
2026-09-24T18:53:34Z,cartservice,139.0,1920,0.95,0.07239583333333334,0
2026-09-24T18:53:34Z,checkoutservice,615.0,615,0.8,1.0,1
2026-09-24T18:53:34Z,productcatalogservice,462.0,1535,0.95,0.3009771986970684,0
2026-09-24T18:53:34Z,paymentservice,0.0,155,0.8,0.0,0
2026-09-24T18:53:34Z,recommendationservice,730.0,1150,0.8,0.6347826086956522,0
2026-09-24T18:53:34Z,shippingservice,77.0,770,0.8,0.1,0
2026-09-24T18:53:34Z,currencyservice,237.0,770,0.8,0.3077922077922078,0
2026-09-24T18:53:34Z,emailservice,0.0,155,0.8,0.0,0
2026-09-24T18:53:34Z,adservice,76.0,1150,0.8,0.06608695652173913,0
2026-09-24T18:53:34Z,redis-cart,16.0,540,0.8,0.02962962962962963,0
2026-09-24T18:53:35Z,frontend,271.5,1150,0.8,0.23608695652173914,0
2026-09-24T18:53:35Z,cartservice,192.0,1920,0.95,0.1,0
2026-09-24T18:53:35Z,checkoutservice,600.0,615,0.8,0.975609756097561,1
2026-09-24T18:53:35Z,productcatalogservice,424.0,1535,0.95,0.2762214983713355,0
2026-09-24T18:53:35Z,paymentservice,0.0,155,0.8,0.0,0
2026-09-24T18:53:35Z,recommendationservice,730.0,1150,0.8,0.6347826086956522,0
2026-09-24T18:53:35Z,shippingservice,78.0,770,0.8,0.1012987012987013,0
2026-09-24T18:53:35Z,currencyservice,237.0,770,0.8,0.3077922077922078,0
2026-09-24T18:53:35Z,emailservice,0.0,155,0.8,0.0,0
2026-09-24T18:53:35Z,adservice,88.0,1150,0.8,0.07652173913043478,0
2026-09-24T18:53:35Z,redis-cart,14.0,540,0.8,0.025925925925925925,0
2026-09-24T18:53:36Z,frontend,271.5,1150,0.8,0.23608695652173914,0
2026-09-24T18:53:36Z,cartservice,260.0,1920,0.95,0.13541666666666666,0
2026-09-24T18:53:36Z,checkoutservice,600.0,615,0.8,0.975609756097561,1
2026-09-24T18:53:36Z,productcatalogservice,424.0,1535,0.95,0.2762214983713355,0
2026-09-24T18:53:36Z,paymentservice,0.0,155,0.8,0.0,0
2026-09-24T18:53:36Z,recommendationservice,649.0,1150,0.8,0.5643478260869565,0
2026-09-24T18:53:36Z,shippingservice,78.0,770,0.8,0.1012987012987013,0
2026-09-24T18:53:36Z,currencyservice,221.0,770,0.8,0.287012987012987,0
2026-09-24T18:53:36Z,emailservice,24.0,155,0.8,0.15483870967741936,0
2026-09-24T18:53:36Z,adservice,109.0,1150,0.8,0.09478260869565218,0
2026-09-24T18:53:36Z,redis-cart,20.0,540,0.8,0.037037037037037035,0
2026-09-24T18:53:37Z,frontend,290.75,1150,0.8,0.25282608695652176,0
2026-09-24T18:53:37Z,cartservice,260.0,1920,0.95,0.13541666666666666,0
2026-09-24T18:53:37Z,checkoutservice,611.0,615,0.8,0.9934959349593496,1
2026-09-24T18:53:37Z,productcatalogservice,525.0,1535,0.95,0.34201954397394135,0
2026-09-24T18:53:37Z,paymentservice,0.0,155,0.8,0.0,0
2026-09-24T18:53:37Z,recommendationservice,649.0,1150,0.8,0.5643478260869565,0
2026-09-24T18:53:37Z,shippingservice,101.0,770,0.8,0.13116883116883116,0
2026-09-24T18:53:37Z,currencyservice,249.0,770,0.8,0.3233766233766234,0
2026-09-24T18:53:37Z,emailservice,0.0,155,0.8,0.0,0
2026-09-24T18:53:37Z,adservice,109.0,1150,0.8,0.09478260869565218,0
2026-09-24T18:53:37Z,redis-cart,17.0,540,0.8,0.03148148148148148,0
2026-09-24T18:53:38Z,frontend,284.5,1150,0.8,0.24739130434782608,0
2026-09-24T18:53:38Z,cartservice,206.0,1920,0.95,0.10729166666666666,0
2026-09-24T18:53:38Z,checkoutservice,603.0,615,0.8,0.9804878048780488,1
2026-09-24T18:53:38Z,productcatalogservice,484.0,1535,0.95,0.31530944625407165,0
2026-09-24T18:53:38Z,paymentservice,0.0,155,0.8,0.0,0
2026-09-24T18:53:38Z,recommendationservice,604.0,1150,0.8,0.5252173913043479,0
2026-09-24T18:53:38Z,shippingservice,84.0,770,0.8,0.10909090909090909,0
2026-09-24T18:53:38Z,currencyservice,207.0,770,0.8,0.2688311688311688,0
2026-09-24T18:53:38Z,emailservice,0.0,155,0.8,0.0,0
2026-09-24T18:53:38Z,adservice,82.0,1150,0.8,0.07130434782608695,0
2026-09-24T18:53:38Z,redis-cart,17.0,540,0.8,0.03148148148148148,0
2026-09-24T18:53:39Z,frontend,273.25,1150,0.8,0.2376086956521739,0
2026-09-24T18:53:39Z,cartservice,206.0,1920,0.95,0.10729166666666666,0
2026-09-24T18:53:39Z,checkoutservice,603.0,615,0.8,0.9804878048780488,1
2026-09-24T18:53:39Z,productcatalogservice,455.0,1535,0.95,0.2964169381107492,0
2026-09-24T18:53:39Z,paymentservice,19.0,155,0.8,0.12258064516129032,0
2026-09-24T18:53:39Z,recommendationservice,561.0,1150,0.8,0.48782608695652174,0
2026-09-24T18:53:39Z,shippingservice,104.0,770,0.8,0.13506493506493505,0
2026-09-24T18:53:39Z,currencyservice,220.0,770,0.8,0.2857142857142857,0
2026-09-24T18:53:39Z,emailservice,0.0,155,0.8,0.0,0
2026-09-24T18:53:39Z,adservice,82.0,1150,0.8,0.07130434782608695,0
2026-09-24T18:53:39Z,redis-cart,18.0,540,0.8,0.03333333333333333,0
2026-09-24T18:53:40Z,frontend,268.75,1150,0.8,0.23369565217391305,0
2026-09-24T18:53:40Z,cartservice,200.0,1920,0.95,0.10416666666666667,0
2026-09-24T18:53:40Z,checkoutservice,607.0,615,0.8,0.9869918699186991,1
2026-09-24T18:53:40Z,productcatalogservice,455.0,1535,0.95,0.2964169381107492,0
2026-09-24T18:53:40Z,paymentservice,0.0,155,0.8,0.0,0
2026-09-24T18:53:40Z,recommendationservice,561.0,1150,0.8,0.48782608695652174,0
2026-09-24T18:53:40Z,shippingservice,104.0,770,0.8,0.13506493506493505,0
2026-09-24T18:53:40Z,currencyservice,220.0,770,0.8,0.2857142857142857,0
2026-09-24T18:53:40Z,emailservice,0.0,155,0.8,0.0,0
2026-09-24T18:53:40Z,adservice,92.0,1150,0.8,0.08,0
2026-09-24T18:53:40Z,redis-cart,18.0,540,0.8,0.03333333333333333,0
2026-09-24T18:53:41Z,frontend,267.25,1150,0.8,0.2323913043478261,0
2026-09-24T18:53:41Z,cartservice,200.0,1920,0.95,0.10416666666666667,0
2026-09-24T18:53:41Z,checkoutservice,607.0,615,0.8,0.9869918699186991,1
2026-09-24T18:53:41Z,productcatalogservice,442.0,1535,0.95,0.28794788273615635,0
2026-09-24T18:53:41Z,paymentservice,0.0,155,0.8,0.0,0
2026-09-24T18:53:41Z,recommendationservice,603.0,1150,0.8,0.5243478260869565,0
2026-09-24T18:53:41Z,shippingservice,100.0,770,0.8,0.12987012987012986,0
2026-09-24T18:53:41Z,currencyservice,215.0,770,0.8,0.2792207792207792,0
2026-09-24T18:53:41Z,emailservice,0.0,155,0.8,0.0,0
2026-09-24T18:53:41Z,adservice,72.0,1150,0.8,0.06260869565217392,0
2026-09-24T18:53:41Z,redis-cart,15.0,540,0.8,0.027777777777777776,0
2026-09-24T18:53:42Z,frontend,250.25,1150,0.8,0.21760869565217392,0
2026-09-24T18:53:42Z,cartservice,167.0,1920,0.95,0.08697916666666666,0
2026-09-24T18:53:42Z,checkoutservice,606.0,615,0.8,0.9853658536585366,1
2026-09-24T18:53:42Z,productcatalogservice,460.0,1535,0.95,0.2996742671009772,0
2026-09-24T18:53:42Z,paymentservice,0.0,155,0.8,0.0,0
2026-09-24T18:53:42Z,recommendationservice,638.0,1150,0.8,0.5547826086956522,0
2026-09-24T18:53:42Z,shippingservice,100.0,770,0.8,0.12987012987012986,0
2026-09-24T18:53:42Z,currencyservice,215.0,770,0.8,0.2792207792207792,0
2026-09-24T18:53:42Z,emailservice,18.0,155,0.8,0.11612903225806452,0
2026-09-24T18:53:42Z,adservice,72.0,1150,0.8,0.06260869565217392,0
2026-09-24T18:53:42Z,redis-cart,15.0,540,0.8,0.027777777777777776,0
2026-09-24T18:53:43Z,frontend,279.5,1150,0.8,0.24304347826086956,0
2026-09-24T18:53:43Z,cartservice,243.0,1920,0.95,0.1265625,0
2026-09-24T18:53:43Z,checkoutservice,611.0,615,0.8,0.9934959349593496,1
2026-09-24T18:53:43Z,productcatalogservice,460.0,1535,0.95,0.2996742671009772,0
2026-09-24T18:53:43Z,paymentservice,0.0,155,0.8,0.0,0
2026-09-24T18:53:43Z,recommendationservice,679.0,1150,0.8,0.5904347826086956,0
2026-09-24T18:53:43Z,shippingservice,91.0,770,0.8,0.11818181818181818,0
2026-09-24T18:53:43Z,currencyservice,185.0,770,0.8,0.24025974025974026,0
2026-09-24T18:53:43Z,emailservice,18.0,155,0.8,0.11612903225806452,0
2026-09-24T18:53:43Z,adservice,92.0,1150,0.8,0.08,0
2026-09-24T18:53:43Z,redis-cart,20.0,540,0.8,0.037037037037037035,0
2026-09-24T18:53:44Z,frontend,259.75,1150,0.8,0.2258695652173913,0
2026-09-24T18:53:44Z,cartservice,243.0,1920,0.95,0.1265625,0
2026-09-24T18:53:44Z,checkoutservice,604.0,615,0.8,0.9821138211382113,1
2026-09-24T18:53:44Z,productcatalogservice,446.0,1535,0.95,0.29055374592833877,0
2026-09-24T18:53:44Z,paymentservice,0.0,155,0.8,0.0,0
2026-09-24T18:53:44Z,recommendationservice,679.0,1150,0.8,0.5904347826086956,0
2026-09-24T18:53:44Z,shippingservice,100.0,770,0.8,0.12987012987012986,0
2026-09-24T18:53:44Z,currencyservice,278.0,770,0.8,0.36103896103896105,0
2026-09-24T18:53:44Z,emailservice,0.0,155,0.8,0.0,0
2026-09-24T18:53:44Z,adservice,91.0,1150,0.8,0.0791304347826087,0
2026-09-24T18:53:44Z,redis-cart,21.0,540,0.8,0.03888888888888889,0
2026-09-24T18:53:45Z,frontend,267.25,1150,0.8,0.2323913043478261,0
2026-09-24T18:53:45Z,cartservice,179.0,1920,0.95,0.09322916666666667,0
2026-09-24T18:53:45Z,checkoutservice,605.0,615,0.8,0.983739837398374,1
2026-09-24T18:53:45Z,productcatalogservice,446.0,1535,0.95,0.29055374592833877,0
2026-09-24T18:53:45Z,paymentservice,0.0,155,0.8,0.0,0
2026-09-24T18:53:45Z,recommendationservice,524.0,1150,0.8,0.45565217391304347,0
2026-09-24T18:53:45Z,shippingservice,100.0,770,0.8,0.12987012987012986,0
2026-09-24T18:53:45Z,currencyservice,278.0,770,0.8,0.36103896103896105,0
2026-09-24T18:53:45Z,emailservice,0.0,155,0.8,0.0,0
2026-09-24T18:53:45Z,adservice,73.0,1150,0.8,0.06347826086956522,0
2026-09-24T18:53:45Z,redis-cart,21.0,540,0.8,0.03888888888888889,0
2026-09-24T18:53:46Z,frontend,289.0,1150,0.8,0.25130434782608696,0
2026-09-24T18:53:46Z,cartservice,219.0,1920,0.95,0.1140625,0
2026-09-24T18:53:46Z,checkoutservice,605.0,615,0.8,0.983739837398374,1
2026-09-24T18:53:46Z,productcatalogservice,469.0,1535,0.95,0.3055374592833876,0
2026-09-24T18:53:46Z,paymentservice,0.0,155,0.8,0.0,0
2026-09-24T18:53:46Z,recommendationservice,524.0,1150,0.8,0.45565217391304347,0
2026-09-24T18:53:46Z,shippingservice,109.0,770,0.8,0.14155844155844155,0
2026-09-24T18:53:46Z,currencyservice,154.0,770,0.8,0.2,0
2026-09-24T18:53:46Z,emailservice,27.0,155,0.8,0.17419354838709677,0
2026-09-24T18:53:46Z,adservice,112.0,1150,0.8,0.09739130434782609,0
2026-09-24T18:53:46Z,redis-cart,17.0,540,0.8,0.03148148148148148,0
2026-09-24T18:53:47Z,frontend,295.0,1150,0.8,0.2565217391304348,0
2026-09-24T18:53:47Z,cartservice,219.0,1920,0.95,0.1140625,0
2026-09-24T18:53:47Z,checkoutservice,636.0,615,0.8,1.0341463414634147,1
2026-09-24T18:53:47Z,productcatalogservice,501.0,1535,0.95,0.32638436482084693,0
2026-09-24T18:53:47Z,paymentservice,0.0,155,0.8,0.0,0
2026-09-24T18:53:47Z,recommendationservice,666.0,1150,0.8,0.5791304347826087,0
2026-09-24T18:53:47Z,shippingservice,90.0,770,0.8,0.11688311688311688,0
2026-09-24T18:53:47Z,currencyservice,154.0,770,0.8,0.2,0
2026-09-24T18:53:47Z,emailservice,0.0,155,0.8,0.0,0
2026-09-24T18:53:47Z,adservice,112.0,1150,0.8,0.09739130434782609,0
2026-09-24T18:53:47Z,redis-cart,17.0,540,0.8,0.03148148148148148,0
2026-09-24T18:53:48Z,frontend,285.0,1150,0.8,0.24782608695652175,0
2026-09-24T18:53:48Z,cartservice,220.0,1920,0.95,0.11458333333333333,0
2026-09-24T18:53:48Z,checkoutservice,588.0,615,0.8,0.9560975609756097,1
2026-09-24T18:53:48Z,productcatalogservice,501.0,1535,0.95,0.32638436482084693,0
2026-09-24T18:53:48Z,paymentservice,0.0,155,0.8,0.0,0
2026-09-24T18:53:48Z,recommendationservice,679.0,1150,0.8,0.5904347826086956,0
2026-09-24T18:53:48Z,shippingservice,110.0,770,0.8,0.14285714285714285,0
2026-09-24T18:53:48Z,currencyservice,252.0,770,0.8,0.32727272727272727,0
2026-09-24T18:53:48Z,emailservice,0.0,155,0.8,0.0,0
2026-09-24T18:53:48Z,adservice,72.0,1150,0.8,0.06260869565217392,0
2026-09-24T18:53:48Z,redis-cart,16.0,540,0.8,0.02962962962962963,0
2026-09-24T18:53:49Z,frontend,278.25,1150,0.8,0.24195652173913043,0
2026-09-24T18:53:49Z,cartservice,220.0,1920,0.95,0.11458333333333333,0
2026-09-24T18:53:49Z,checkoutservice,637.0,615,0.8,1.0357723577235773,1
2026-09-24T18:53:49Z,productcatalogservice,445.0,1535,0.95,0.2899022801302932,0
2026-09-24T18:53:49Z,paymentservice,20.0,155,0.8,0.12903225806451613,0
2026-09-24T18:53:49Z,recommendationservice,604.0,1150,0.8,0.5252173913043479,0
2026-09-24T18:53:49Z,shippingservice,110.0,770,0.8,0.14285714285714285,0
2026-09-24T18:53:49Z,currencyservice,160.0,770,0.8,0.2077922077922078,0
2026-09-24T18:53:49Z,emailservice,0.0,155,0.8,0.0,0
2026-09-24T18:53:49Z,adservice,72.0,1150,0.8,0.06260869565217392,0
2026-09-24T18:53:49Z,redis-cart,16.0,540,0.8,0.02962962962962963,0
2026-09-24T18:53:50Z,frontend,254.5,1150,0.8,0.22130434782608696,0
2026-09-24T18:53:50Z,cartservice,205.0,1920,0.95,0.10677083333333333,0
2026-09-24T18:53:50Z,checkoutservice,599.0,615,0.8,0.9739837398373984,1
2026-09-24T18:53:50Z,productcatalogservice,478.0,1535,0.95,0.31140065146579804,0
2026-09-24T18:53:50Z,paymentservice,20.0,155,0.8,0.12903225806451613,0
2026-09-24T18:53:50Z,recommendationservice,604.0,1150,0.8,0.5252173913043479,0
2026-09-24T18:53:50Z,shippingservice,74.0,770,0.8,0.09610389610389611,0
2026-09-24T18:53:50Z,currencyservice,217.0,770,0.8,0.2818181818181818,0
2026-09-24T18:53:50Z,emailservice,20.0,155,0.8,0.12903225806451613,0
2026-09-24T18:53:50Z,adservice,110.0,1150,0.8,0.09565217391304348,0
2026-09-24T18:53:50Z,redis-cart,16.0,540,0.8,0.02962962962962963,0
2026-09-24T18:53:51Z,frontend,271.0,1150,0.8,0.23565217391304347,0
2026-09-24T18:53:51Z,cartservice,181.0,1920,0.95,0.09427083333333333,0
2026-09-24T18:53:51Z,checkoutservice,599.0,615,0.8,0.9739837398373984,1
2026-09-24T18:53:51Z,productcatalogservice,432.0,1535,0.95,0.2814332247557003,0
2026-09-24T18:53:51Z,paymentservice,0.0,155,0.8,0.0,0
2026-09-24T18:53:51Z,recommendationservice,524.0,1150,0.8,0.45565217391304347,0
2026-09-24T18:53:51Z,shippingservice,106.0,770,0.8,0.13766233766233765,0
2026-09-24T18:53:51Z,currencyservice,217.0,770,0.8,0.2818181818181818,0
2026-09-24T18:53:51Z,emailservice,20.0,155,0.8,0.12903225806451613,0
2026-09-24T18:53:51Z,adservice,110.0,1150,0.8,0.09565217391304348,0
2026-09-24T18:53:51Z,redis-cart,16.0,540,0.8,0.02962962962962963,0
2026-09-24T18:53:52Z,frontend,291.25,1150,0.8,0.2532608695652174,0
2026-09-24T18:53:52Z,cartservice,181.0,1920,0.95,0.09427083333333333,0
2026-09-24T18:53:52Z,checkoutservice,595.0,615,0.8,0.967479674796748,1
2026-09-24T18:53:52Z,productcatalogservice,479.0,1535,0.95,0.31205211726384363,0
2026-09-24T18:53:52Z,paymentservice,0.0,155,0.8,0.0,0
2026-09-24T18:53:52Z,recommendationservice,524.0,1150,0.8,0.45565217391304347,0
2026-09-24T18:53:52Z,shippingservice,106.0,770,0.8,0.13766233766233765,0
2026-09-24T18:53:52Z,currencyservice,259.0,770,0.8,0.33636363636363636,0
2026-09-24T18:53:52Z,emailservice,0.0,155,0.8,0.0,0
2026-09-24T18:53:52Z,adservice,94.0,1150,0.8,0.0817391304347826,0
2026-09-24T18:53:52Z,redis-cart,19.0,540,0.8,0.03518518518518519,0
2026-09-24T18:53:53Z,frontend,288.0,1150,0.8,0.25043478260869567,0
2026-09-24T18:53:53Z,cartservice,185.0,1920,0.95,0.09635416666666667,0
2026-09-24T18:53:53Z,checkoutservice,595.0,615,0.8,0.967479674796748,1
2026-09-24T18:53:53Z,productcatalogservice,464.0,1535,0.95,0.3022801302931596,0
2026-09-24T18:53:53Z,paymentservice,0.0,155,0.8,0.0,0
2026-09-24T18:53:53Z,recommendationservice,638.0,1150,0.8,0.5547826086956522,0
2026-09-24T18:53:53Z,shippingservice,84.0,770,0.8,0.10909090909090909,0
2026-09-24T18:53:53Z,currencyservice,182.0,770,0.8,0.23636363636363636,0
2026-09-24T18:53:53Z,emailservice,0.0,155,0.8,0.0,0
2026-09-24T18:53:53Z,adservice,94.0,1150,0.8,0.0817391304347826,0
2026-09-24T18:53:53Z,redis-cart,19.0,540,0.8,0.03518518518518519,0
2026-09-24T18:53:54Z,frontend,262.5,1150,0.8,0.22826086956521738,0
2026-09-24T18:53:54Z,cartservice,185.0,1920,0.95,0.09635416666666667,0
2026-09-24T18:53:54Z,checkoutservice,626.0,615,0.8,1.0178861788617886,1
2026-09-24T18:53:54Z,productcatalogservice,464.0,1535,0.95,0.3022801302931596,0
2026-09-24T18:53:54Z,paymentservice,0.0,155,0.8,0.0,0
2026-09-24T18:53:54Z,recommendationservice,638.0,1150,0.8,0.5547826086956522,0
2026-09-24T18:53:54Z,shippingservice,84.0,770,0.8,0.10909090909090909,0
2026-09-24T18:53:54Z,currencyservice,182.0,770,0.8,0.23636363636363636,0
2026-09-24T18:53:54Z,emailservice,0.0,155,0.8,0.0,0
2026-09-24T18:53:54Z,adservice,89.0,1150,0.8,0.07739130434782608,0
2026-09-24T18:53:54Z,redis-cart,19.0,540,0.8,0.03518518518518519,0
2026-09-24T18:53:55Z,frontend,264.5,1150,0.8,0.23,0
2026-09-24T18:53:55Z,cartservice,214.0,1920,0.95,0.11145833333333334,0
2026-09-24T18:53:55Z,checkoutservice,605.0,615,0.8,0.983739837398374,1
2026-09-24T18:53:55Z,productcatalogservice,464.0,1535,0.95,0.3022801302931596,0
2026-09-24T18:53:55Z,paymentservice,0.0,155,0.8,0.0,0
2026-09-24T18:53:55Z,recommendationservice,644.0,1150,0.8,0.56,0
2026-09-24T18:53:55Z,shippingservice,99.0,770,0.8,0.12857142857142856,0
2026-09-24T18:53:55Z,currencyservice,219.0,770,0.8,0.2844155844155844,0
2026-09-24T18:53:55Z,emailservice,29.0,155,0.8,0.1870967741935484,0
2026-09-24T18:53:55Z,adservice,89.0,1150,0.8,0.07739130434782608,0
2026-09-24T18:53:55Z,redis-cart,22.0,540,0.8,0.040740740740740744,0
2026-09-24T18:53:56Z,frontend,265.25,1150,0.8,0.2306521739130435,0
2026-09-24T18:53:56Z,cartservice,214.0,1920,0.95,0.11145833333333334,0
2026-09-24T18:53:56Z,checkoutservice,605.0,615,0.8,0.983739837398374,1
2026-09-24T18:53:56Z,productcatalogservice,464.0,1535,0.95,0.3022801302931596,0
2026-09-24T18:53:56Z,paymentservice,0.0,155,0.8,0.0,0
2026-09-24T18:53:56Z,recommendationservice,556.0,1150,0.8,0.4834782608695652,0
2026-09-24T18:53:56Z,shippingservice,100.0,770,0.8,0.12987012987012986,0
2026-09-24T18:53:56Z,currencyservice,226.0,770,0.8,0.2935064935064935,0
2026-09-24T18:53:56Z,emailservice,29.0,155,0.8,0.1870967741935484,0
2026-09-24T18:53:56Z,adservice,88.0,1150,0.8,0.07652173913043478,0
2026-09-24T18:53:56Z,redis-cart,22.0,540,0.8,0.040740740740740744,0
2026-09-24T18:53:57Z,frontend,298.25,1150,0.8,0.2593478260869565,0
2026-09-24T18:53:57Z,cartservice,153.0,1920,0.95,0.0796875,0
2026-09-24T18:53:57Z,checkoutservice,607.0,615,0.8,0.9869918699186991,1
2026-09-24T18:53:57Z,productcatalogservice,443.0,1535,0.95,0.28859934853420194,0
2026-09-24T18:53:57Z,paymentservice,0.0,155,0.8,0.0,0
2026-09-24T18:53:57Z,recommendationservice,556.0,1150,0.8,0.4834782608695652,0
2026-09-24T18:53:57Z,shippingservice,100.0,770,0.8,0.12987012987012986,0
2026-09-24T18:53:57Z,currencyservice,226.0,770,0.8,0.2935064935064935,0
2026-09-24T18:53:57Z,emailservice,0.0,155,0.8,0.0,0
2026-09-24T18:53:57Z,adservice,71.0,1150,0.8,0.06173913043478261,0
2026-09-24T18:53:57Z,redis-cart,13.0,540,0.8,0.024074074074074074,0
2026-09-24T18:53:58Z,frontend,270.25,1150,0.8,0.235,0
2026-09-24T18:53:58Z,cartservice,198.0,1920,0.95,0.103125,0
2026-09-24T18:53:58Z,checkoutservice,611.0,615,0.8,0.9934959349593496,1
2026-09-24T18:53:58Z,productcatalogservice,469.0,1535,0.95,0.3055374592833876,0
2026-09-24T18:53:58Z,paymentservice,0.0,155,0.8,0.0,0
2026-09-24T18:53:58Z,recommendationservice,657.0,1150,0.8,0.571304347826087,0
2026-09-24T18:53:58Z,shippingservice,88.0,770,0.8,0.11428571428571428,0
2026-09-24T18:53:58Z,currencyservice,142.0,770,0.8,0.18441558441558442,0
2026-09-24T18:53:58Z,emailservice,0.0,155,0.8,0.0,0
2026-09-24T18:53:58Z,adservice,86.0,1150,0.8,0.07478260869565218,0
2026-09-24T18:53:58Z,redis-cart,19.0,540,0.8,0.03518518518518519,0
2026-09-24T18:53:59Z,frontend,288.5,1150,0.8,0.2508695652173913,0
2026-09-24T18:53:59Z,cartservice,230.0,1920,0.95,0.11979166666666667,0
2026-09-24T18:53:59Z,checkoutservice,611.0,615,0.8,0.9934959349593496,1
2026-09-24T18:53:59Z,productcatalogservice,469.0,1535,0.95,0.3055374592833876,0
2026-09-24T18:53:59Z,paymentservice,17.0,155,0.8,0.10967741935483871,0
2026-09-24T18:53:59Z,recommendationservice,673.0,1150,0.8,0.5852173913043478,0
2026-09-24T18:53:59Z,shippingservice,88.0,770,0.8,0.11428571428571428,0
2026-09-24T18:53:59Z,currencyservice,241.0,770,0.8,0.312987012987013,0
2026-09-24T18:53:59Z,emailservice,0.0,155,0.8,0.0,0
2026-09-24T18:53:59Z,adservice,86.0,1150,0.8,0.07478260869565218,0
2026-09-24T18:53:59Z,redis-cart,19.0,540,0.8,0.03518518518518519,0
2026-09-24T18:54:00Z,frontend,284.25,1150,0.8,0.24717391304347827,0
2026-09-24T18:54:00Z,cartservice,148.0,1920,0.95,0.07708333333333334,0
2026-09-24T18:54:00Z,checkoutservice,0.0,615,0.8,0.0,0
2026-09-24T18:54:00Z,productcatalogservice,510.0,1535,0.95,0.3322475570032573,0
2026-09-24T18:54:00Z,paymentservice,17.0,155,0.8,0.10967741935483871,0
2026-09-24T18:54:00Z,recommendationservice,673.0,1150,0.8,0.5852173913043478,0
2026-09-24T18:54:00Z,shippingservice,69.0,770,0.8,0.08961038961038961,0
2026-09-24T18:54:00Z,currencyservice,241.0,770,0.8,0.312987012987013,0
2026-09-24T18:54:00Z,emailservice,0.0,155,0.8,0.0,0
2026-09-24T18:54:00Z,adservice,104.0,1150,0.8,0.09043478260869565,0
2026-09-24T18:54:00Z,redis-cart,22.0,540,0.8,0.040740740740740744,0
2026-09-24T18:54:01Z,frontend,285.25,1150,0.8,0.24804347826086956,0
2026-09-24T18:54:01Z,cartservice,148.0,1920,0.95,0.07708333333333334,0
2026-09-24T18:54:01Z,checkoutservice,0.0,615,0.8,0.0,0
2026-09-24T18:54:01Z,productcatalogservice,481.0,1535,0.95,0.31335504885993487,0
2026-09-24T18:54:01Z,paymentservice,0.0,155,0.8,0.0,0
2026-09-24T18:54:01Z,recommendationservice,631.0,1150,0.8,0.548695652173913,0
2026-09-24T18:54:01Z,shippingservice,97.0,770,0.8,0.12597402597402596,0
2026-09-24T18:54:01Z,currencyservice,195.0,770,0.8,0.2532467532467532,0
2026-09-24T18:54:01Z,emailservice,25.0,155,0.8,0.16129032258064516,0
2026-09-24T18:54:01Z,adservice,74.0,1150,0.8,0.06434782608695652,0
2026-09-24T18:54:01Z,redis-cart,16.0,540,0.8,0.02962962962962963,0
2026-09-24T18:54:02Z,frontend,333.0,1150,0.8,0.28956521739130436,0
2026-09-24T18:54:02Z,cartservice,129.0,1920,0.95,0.0671875,0
2026-09-24T18:54:02Z,checkoutservice,0.0,615,0.8,0.0,0
2026-09-24T18:54:02Z,productcatalogservice,600.0,1535,0.95,0.39087947882736157,0
2026-09-24T18:54:02Z,paymentservice,0.0,155,0.8,0.0,0
2026-09-24T18:54:02Z,recommendationservice,754.0,1150,0.8,0.6556521739130434,0
2026-09-24T18:54:02Z,shippingservice,97.0,770,0.8,0.12597402597402596,0
2026-09-24T18:54:02Z,currencyservice,225.0,770,0.8,0.2922077922077922,0
2026-09-24T18:54:02Z,emailservice,0.0,155,0.8,0.0,0
2026-09-24T18:54:02Z,adservice,82.0,1150,0.8,0.07130434782608695,0
2026-09-24T18:54:02Z,redis-cart,16.0,540,0.8,0.02962962962962963,0
2026-09-24T18:54:03Z,frontend,348.25,1150,0.8,0.30282608695652175,0
2026-09-24T18:54:03Z,cartservice,129.0,1920,0.95,0.0671875,0
2026-09-24T18:54:03Z,checkoutservice,0.0,615,0.8,0.0,0
2026-09-24T18:54:03Z,productcatalogservice,600.0,1535,0.95,0.39087947882736157,0
2026-09-24T18:54:03Z,paymentservice,0.0,155,0.8,0.0,0
2026-09-24T18:54:03Z,recommendationservice,754.0,1150,0.8,0.6556521739130434,0
2026-09-24T18:54:03Z,shippingservice,35.0,770,0.8,0.045454545454545456,0
2026-09-24T18:54:03Z,currencyservice,170.0,770,0.8,0.22077922077922077,0
2026-09-24T18:54:03Z,emailservice,0.0,155,0.8,0.0,0
2026-09-24T18:54:03Z,adservice,82.0,1150,0.8,0.07130434782608695,0
2026-09-24T18:54:03Z,redis-cart,14.0,540,0.8,0.025925925925925925,0
2026-09-24T18:54:04Z,frontend,305.25,1150,0.8,0.26543478260869563,0
2026-09-24T18:54:04Z,cartservice,155.0,1920,0.95,0.08072916666666667,0
2026-09-24T18:54:04Z,checkoutservice,0.0,615,0.8,0.0,0
2026-09-24T18:54:04Z,productcatalogservice,535.0,1535,0.95,0.3485342019543974,0
2026-09-24T18:54:04Z,paymentservice,0.0,155,0.8,0.0,0
2026-09-24T18:54:04Z,recommendationservice,776.0,1150,0.8,0.6747826086956522,0
2026-09-24T18:54:04Z,shippingservice,35.0,770,0.8,0.045454545454545456,0
2026-09-24T18:54:04Z,currencyservice,170.0,770,0.8,0.22077922077922077,0
2026-09-24T18:54:04Z,emailservice,0.0,155,0.8,0.0,0
2026-09-24T18:54:04Z,adservice,99.0,1150,0.8,0.08608695652173913,0
2026-09-24T18:54:04Z,redis-cart,14.0,540,0.8,0.025925925925925925,0
2026-09-24T18:54:05Z,frontend,315.5,1150,0.8,0.2743478260869565,0
2026-09-24T18:54:05Z,cartservice,102.0,1920,0.95,0.053125,0
2026-09-24T18:54:05Z,checkoutservice,0.0,615,0.8,0.0,0
2026-09-24T18:54:05Z,productcatalogservice,557.0,1535,0.95,0.3628664495114006,0
2026-09-24T18:54:05Z,paymentservice,0.0,155,0.8,0.0,0
2026-09-24T18:54:05Z,recommendationservice,834.0,1150,0.8,0.7252173913043478,0
2026-09-24T18:54:05Z,shippingservice,52.0,770,0.8,0.06753246753246753,0
2026-09-24T18:54:05Z,currencyservice,199.0,770,0.8,0.2584415584415584,0
2026-09-24T18:54:05Z,emailservice,0.0,155,0.8,0.0,0
2026-09-24T18:54:05Z,adservice,78.0,1150,0.8,0.06782608695652174,0
2026-09-24T18:54:05Z,redis-cart,17.0,540,0.8,0.03148148148148148,0
2026-09-24T18:54:06Z,frontend,328.75,1150,0.8,0.2858695652173913,0
2026-09-24T18:54:06Z,cartservice,102.0,1920,0.95,0.053125,0
2026-09-24T18:54:06Z,checkoutservice,0.0,615,0.8,0.0,0
2026-09-24T18:54:06Z,productcatalogservice,557.0,1535,0.95,0.3628664495114006,0
2026-09-24T18:54:06Z,paymentservice,0.0,155,0.8,0.0,0
2026-09-24T18:54:06Z,recommendationservice,834.0,1150,0.8,0.7252173913043478,0
2026-09-24T18:54:06Z,shippingservice,52.0,770,0.8,0.06753246753246753,0
2026-09-24T18:54:06Z,currencyservice,199.0,770,0.8,0.2584415584415584,0
2026-09-24T18:54:06Z,emailservice,26.0,155,0.8,0.16774193548387098,0
2026-09-24T18:54:06Z,adservice,78.0,1150,0.8,0.06782608695652174,0
2026-09-24T18:54:06Z,redis-cart,17.0,540,0.8,0.03148148148148148,0
2026-09-24T18:54:07Z,frontend,336.0,1150,0.8,0.2921739130434783,0
2026-09-24T18:54:07Z,cartservice,124.0,1920,0.95,0.06458333333333334,0
2026-09-24T18:54:07Z,checkoutservice,0.0,615,0.8,0.0,0
2026-09-24T18:54:07Z,productcatalogservice,587.0,1535,0.95,0.3824104234527687,0
2026-09-24T18:54:07Z,paymentservice,0.0,155,0.8,0.0,0
2026-09-24T18:54:07Z,recommendationservice,859.0,1150,0.8,0.7469565217391304,0
2026-09-24T18:54:07Z,shippingservice,73.0,770,0.8,0.09480519480519481,0
2026-09-24T18:54:07Z,currencyservice,125.0,770,0.8,0.16233766233766234,0
2026-09-24T18:54:07Z,emailservice,0.0,155,0.8,0.0,0
2026-09-24T18:54:07Z,adservice,115.0,1150,0.8,0.1,0
2026-09-24T18:54:07Z,redis-cart,13.0,540,0.8,0.024074074074074074,0
2026-09-24T18:54:08Z,frontend,362.0,1150,0.8,0.31478260869565217,0
2026-09-24T18:54:08Z,cartservice,124.0,1920,0.95,0.06458333333333334,0
2026-09-24T18:54:08Z,checkoutservice,0.0,615,0.8,0.0,0
2026-09-24T18:54:08Z,productcatalogservice,512.0,1535,0.95,0.33355048859934855,0
2026-09-24T18:54:08Z,paymentservice,25.0,155,0.8,0.16129032258064516,0
2026-09-24T18:54:08Z,recommendationservice,777.0,1150,0.8,0.6756521739130434,0
2026-09-24T18:54:08Z,shippingservice,56.0,770,0.8,0.07272727272727272,0
2026-09-24T18:54:08Z,currencyservice,125.0,770,0.8,0.16233766233766234,0
2026-09-24T18:54:08Z,emailservice,0.0,155,0.8,0.0,0
2026-09-24T18:54:08Z,adservice,105.0,1150,0.8,0.09130434782608696,0
2026-09-24T18:54:08Z,redis-cart,13.0,540,0.8,0.024074074074074074,0
2026-09-24T18:54:09Z,frontend,327.5,1150,0.8,0.2847826086956522,0
2026-09-24T18:54:09Z,cartservice,141.0,1920,0.95,0.0734375,0
2026-09-24T18:54:09Z,checkoutservice,0.0,615,0.8,0.0,0
2026-09-24T18:54:09Z,productcatalogservice,615.0,1535,0.95,0.4006514657980456,0
2026-09-24T18:54:09Z,paymentservice,25.0,155,0.8,0.16129032258064516,0
2026-09-24T18:54:09Z,recommendationservice,860.0,1150,0.8,0.7478260869565218,0
2026-09-24T18:54:09Z,shippingservice,56.0,770,0.8,0.07272727272727272,0
2026-09-24T18:54:09Z,currencyservice,208.0,770,0.8,0.2701298701298701,0
2026-09-24T18:54:09Z,emailservice,0.0,155,0.8,0.0,0
2026-09-24T18:54:09Z,adservice,105.0,1150,0.8,0.09130434782608696,0
2026-09-24T18:54:09Z,redis-cart,14.0,540,0.8,0.025925925925925925,0
2026-09-24T18:54:10Z,frontend,338.5,1150,0.8,0.29434782608695653,0
2026-09-24T18:54:10Z,cartservice,147.0,1920,0.95,0.0765625,0
2026-09-24T18:54:10Z,checkoutservice,0.0,615,0.8,0.0,0
2026-09-24T18:54:10Z,productcatalogservice,615.0,1535,0.95,0.4006514657980456,0
2026-09-24T18:54:10Z,paymentservice,0.0,155,0.8,0.0,0
2026-09-24T18:54:10Z,recommendationservice,860.0,1150,0.8,0.7478260869565218,0
2026-09-24T18:54:10Z,shippingservice,36.0,770,0.8,0.046753246753246755,0
2026-09-24T18:54:10Z,currencyservice,208.0,770,0.8,0.2701298701298701,0
2026-09-24T18:54:10Z,emailservice,0.0,155,0.8,0.0,0
2026-09-24T18:54:10Z,adservice,78.0,1150,0.8,0.06782608695652174,0
2026-09-24T18:54:10Z,redis-cart,16.0,540,0.8,0.02962962962962963,0
2026-09-24T18:54:11Z,frontend,343.5,1150,0.8,0.29869565217391303,0
2026-09-24T18:54:11Z,cartservice,147.0,1920,0.95,0.0765625,0
2026-09-24T18:54:11Z,checkoutservice,0.0,615,0.8,0.0,0
2026-09-24T18:54:11Z,productcatalogservice,546.0,1535,0.95,0.355700325732899,0
2026-09-24T18:54:11Z,paymentservice,0.0,155,0.8,0.0,0
2026-09-24T18:54:11Z,recommendationservice,735.0,1150,0.8,0.6391304347826087,0
2026-09-24T18:54:11Z,shippingservice,69.0,770,0.8,0.08961038961038961,0
2026-09-24T18:54:11Z,currencyservice,197.0,770,0.8,0.2558441558441558,0
2026-09-24T18:54:11Z,emailservice,19.0,155,0.8,0.12258064516129032,0
2026-09-24T18:54:11Z,adservice,89.0,1150,0.8,0.07739130434782608,0
2026-09-24T18:54:11Z,redis-cart,16.0,540,0.8,0.02962962962962963,0
2026-09-24T18:54:12Z,frontend,323.5,1150,0.8,0.28130434782608693,0
2026-09-24T18:54:12Z,cartservice,171.0,1920,0.95,0.0890625,0
2026-09-24T18:54:12Z,checkoutservice,0.0,615,0.8,0.0,0
2026-09-24T18:54:12Z,productcatalogservice,566.0,1535,0.95,0.36872964169381106,0
2026-09-24T18:54:12Z,paymentservice,0.0,155,0.8,0.0,0
2026-09-24T18:54:12Z,recommendationservice,893.0,1150,0.8,0.7765217391304348,0
2026-09-24T18:54:12Z,shippingservice,69.0,770,0.8,0.08961038961038961,0
2026-09-24T18:54:12Z,currencyservice,196.0,770,0.8,0.2545454545454545,0
2026-09-24T18:54:12Z,emailservice,19.0,155,0.8,0.12258064516129032,0
2026-09-24T18:54:12Z,adservice,84.0,1150,0.8,0.07304347826086957,0
2026-09-24T18:54:12Z,redis-cart,12.0,540,0.8,0.022222222222222223,0
2026-09-24T18:54:13Z,frontend,332.0,1150,0.8,0.288695652173913,0
2026-09-24T18:54:13Z,cartservice,109.0,1920,0.95,0.05677083333333333,0
2026-09-24T18:54:13Z,checkoutservice,0.0,615,0.8,0.0,0
2026-09-24T18:54:13Z,productcatalogservice,566.0,1535,0.95,0.36872964169381106,0
2026-09-24T18:54:13Z,paymentservice,0.0,155,0.8,0.0,0
2026-09-24T18:54:13Z,recommendationservice,893.0,1150,0.8,0.7765217391304348,0
2026-09-24T18:54:13Z,shippingservice,56.0,770,0.8,0.07272727272727272,0
2026-09-24T18:54:13Z,currencyservice,207.0,770,0.8,0.2688311688311688,0
2026-09-24T18:54:13Z,emailservice,0.0,155,0.8,0.0,0
2026-09-24T18:54:13Z,adservice,84.0,1150,0.8,0.07304347826086957,0
2026-09-24T18:54:13Z,redis-cart,20.0,540,0.8,0.037037037037037035,0
2026-09-24T18:54:14Z,frontend,333.5,1150,0.8,0.29,0
2026-09-24T18:54:14Z,cartservice,109.0,1920,0.95,0.05677083333333333,0
2026-09-24T18:54:14Z,checkoutservice,0.0,615,0.8,0.0,0
2026-09-24T18:54:14Z,productcatalogservice,554.0,1535,0.95,0.36091205211726385,0
2026-09-24T18:54:14Z,paymentservice,0.0,155,0.8,0.0,0
2026-09-24T18:54:14Z,recommendationservice,799.0,1150,0.8,0.6947826086956522,0
2026-09-24T18:54:14Z,shippingservice,63.0,770,0.8,0.08181818181818182,0
2026-09-24T18:54:14Z,currencyservice,207.0,770,0.8,0.2688311688311688,0
2026-09-24T18:54:14Z,emailservice,0.0,155,0.8,0.0,0
2026-09-24T18:54:14Z,adservice,89.0,1150,0.8,0.07739130434782608,0
2026-09-24T18:54:14Z,redis-cart,12.0,540,0.8,0.022222222222222223,0
2026-09-24T18:54:15Z,frontend,365.25,1150,0.8,0.3176086956521739,0
2026-09-24T18:54:15Z,cartservice,177.0,1920,0.95,0.0921875,0
2026-09-24T18:54:15Z,checkoutservice,0.0,615,0.8,0.0,0
2026-09-24T18:54:15Z,productcatalogservice,552.0,1535,0.95,0.35960912052117266,0
2026-09-24T18:54:15Z,paymentservice,0.0,155,0.8,0.0,0
2026-09-24T18:54:15Z,recommendationservice,799.0,1150,0.8,0.6947826086956522,0
2026-09-24T18:54:15Z,shippingservice,63.0,770,0.8,0.08181818181818182,0
2026-09-24T18:54:15Z,currencyservice,149.0,770,0.8,0.19350649350649352,0
2026-09-24T18:54:15Z,emailservice,0.0,155,0.8,0.0,0
2026-09-24T18:54:15Z,adservice,89.0,1150,0.8,0.07739130434782608,0
2026-09-24T18:54:15Z,redis-cart,12.0,540,0.8,0.022222222222222223,0
2026-09-24T18:54:16Z,frontend,362.75,1150,0.8,0.3154347826086957,0
2026-09-24T18:54:16Z,cartservice,177.0,1920,0.95,0.0921875,0
2026-09-24T18:54:16Z,checkoutservice,0.0,615,0.8,0.0,0
2026-09-24T18:54:16Z,productcatalogservice,536.0,1535,0.95,0.349185667752443,0
2026-09-24T18:54:16Z,paymentservice,0.0,155,0.8,0.0,0
2026-09-24T18:54:16Z,recommendationservice,774.0,1150,0.8,0.6730434782608695,0
2026-09-24T18:54:16Z,shippingservice,51.0,770,0.8,0.06623376623376623,0
2026-09-24T18:54:16Z,currencyservice,231.0,770,0.8,0.3,0
2026-09-24T18:54:16Z,emailservice,29.0,155,0.8,0.1870967741935484,0
2026-09-24T18:54:16Z,adservice,101.0,1150,0.8,0.08782608695652173,0
2026-09-24T18:54:16Z,redis-cart,18.0,540,0.8,0.03333333333333333,0
2026-09-24T18:54:17Z,frontend,329.75,1150,0.8,0.2867391304347826,0
2026-09-24T18:54:17Z,cartservice,71.0,1920,0.95,0.03697916666666667,0
2026-09-24T18:54:17Z,checkoutservice,0.0,615,0.8,0.0,0
2026-09-24T18:54:17Z,productcatalogservice,536.0,1535,0.95,0.349185667752443,0
2026-09-24T18:54:17Z,paymentservice,0.0,155,0.8,0.0,0
2026-09-24T18:54:17Z,recommendationservice,774.0,1150,0.8,0.6730434782608695,0
2026-09-24T18:54:17Z,shippingservice,51.0,770,0.8,0.06623376623376623,0
2026-09-24T18:54:17Z,currencyservice,231.0,770,0.8,0.3,0
2026-09-24T18:54:17Z,emailservice,0.0,155,0.8,0.0,0
2026-09-24T18:54:17Z,adservice,101.0,1150,0.8,0.08782608695652173,0
2026-09-24T18:54:17Z,redis-cart,11.0,540,0.8,0.020370370370370372,0
2026-09-24T18:54:18Z,frontend,335.5,1150,0.8,0.2917391304347826,0
2026-09-24T18:54:18Z,cartservice,150.0,1920,0.95,0.078125,0
2026-09-24T18:54:18Z,checkoutservice,0.0,615,0.8,0.0,0
2026-09-24T18:54:18Z,productcatalogservice,535.0,1535,0.95,0.3485342019543974,0
2026-09-24T18:54:18Z,paymentservice,25.0,155,0.8,0.16129032258064516,0
2026-09-24T18:54:18Z,recommendationservice,731.0,1150,0.8,0.6356521739130435,0
2026-09-24T18:54:18Z,shippingservice,48.0,770,0.8,0.06233766233766234,0
2026-09-24T18:54:18Z,currencyservice,117.0,770,0.8,0.15194805194805194,0
2026-09-24T18:54:18Z,emailservice,0.0,155,0.8,0.0,0
2026-09-24T18:54:18Z,adservice,86.0,1150,0.8,0.07478260869565218,0
2026-09-24T18:54:18Z,redis-cart,11.0,540,0.8,0.020370370370370372,0
2026-09-24T18:54:19Z,frontend,334.75,1150,0.8,0.2910869565217391,0
2026-09-24T18:54:19Z,cartservice,150.0,1920,0.95,0.078125,0
2026-09-24T18:54:19Z,checkoutservice,0.0,615,0.8,0.0,0
2026-09-24T18:54:19Z,productcatalogservice,535.0,1535,0.95,0.3485342019543974,0
2026-09-24T18:54:19Z,paymentservice,25.0,155,0.8,0.16129032258064516,0
2026-09-24T18:54:19Z,recommendationservice,839.0,1150,0.8,0.7295652173913043,0
2026-09-24T18:54:19Z,shippingservice,53.0,770,0.8,0.06883116883116883,0
2026-09-24T18:54:19Z,currencyservice,234.0,770,0.8,0.3038961038961039,0
2026-09-24T18:54:19Z,emailservice,0.0,155,0.8,0.0,0
2026-09-24T18:54:19Z,adservice,86.0,1150,0.8,0.07478260869565218,0
2026-09-24T18:54:19Z,redis-cart,14.0,540,0.8,0.025925925925925925,0
2026-09-24T18:54:20Z,frontend,323.25,1150,0.8,0.28108695652173915,0
2026-09-24T18:54:20Z,cartservice,107.0,1920,0.95,0.05572916666666667,0
2026-09-24T18:54:20Z,checkoutservice,0.0,615,0.8,0.0,0
2026-09-24T18:54:20Z,productcatalogservice,570.0,1535,0.95,0.3713355048859935,0
2026-09-24T18:54:20Z,paymentservice,0.0,155,0.8,0.0,0
2026-09-24T18:54:20Z,recommendationservice,809.0,1150,0.8,0.7034782608695652,0
2026-09-24T18:54:20Z,shippingservice,53.0,770,0.8,0.06883116883116883,0
2026-09-24T18:54:20Z,currencyservice,156.0,770,0.8,0.2025974025974026,0
2026-09-24T18:54:20Z,emailservice,25.0,155,0.8,0.16129032258064516,0
2026-09-24T18:54:20Z,adservice,90.0,1150,0.8,0.0782608695652174,0
2026-09-24T18:54:20Z,redis-cart,14.0,540,0.8,0.025925925925925925,0
2026-09-24T18:54:21Z,frontend,330.5,1150,0.8,0.28739130434782606,0
2026-09-24T18:54:21Z,cartservice,162.0,1920,0.95,0.084375,0
2026-09-24T18:54:21Z,checkoutservice,0.0,615,0.8,0.0,0
2026-09-24T18:54:21Z,productcatalogservice,521.0,1535,0.95,0.33941368078175893,0
2026-09-24T18:54:21Z,paymentservice,0.0,155,0.8,0.0,0
2026-09-24T18:54:21Z,recommendationservice,821.0,1150,0.8,0.7139130434782609,0
2026-09-24T18:54:21Z,shippingservice,62.0,770,0.8,0.08051948051948052,0
2026-09-24T18:54:21Z,currencyservice,156.0,770,0.8,0.2025974025974026,0
2026-09-24T18:54:21Z,emailservice,25.0,155,0.8,0.16129032258064516,0
2026-09-24T18:54:21Z,adservice,90.0,1150,0.8,0.0782608695652174,0
2026-09-24T18:54:21Z,redis-cart,14.0,540,0.8,0.025925925925925925,0
2026-09-24T18:54:22Z,frontend,328.5,1150,0.8,0.2856521739130435,0
2026-09-24T18:54:22Z,cartservice,162.0,1920,0.95,0.084375,0
2026-09-24T18:54:22Z,checkoutservice,0.0,615,0.8,0.0,0
2026-09-24T18:54:22Z,productcatalogservice,603.0,1535,0.95,0.39283387622149835,0
2026-09-24T18:54:22Z,paymentservice,0.0,155,0.8,0.0,0
2026-09-24T18:54:22Z,recommendationservice,821.0,1150,0.8,0.7139130434782609,0
2026-09-24T18:54:22Z,shippingservice,55.0,770,0.8,0.07142857142857142,0
2026-09-24T18:54:22Z,currencyservice,155.0,770,0.8,0.2012987012987013,0
2026-09-24T18:54:22Z,emailservice,0.0,155,0.8,0.0,0
2026-09-24T18:54:22Z,adservice,110.0,1150,0.8,0.09565217391304348,0
2026-09-24T18:54:22Z,redis-cart,14.0,540,0.8,0.025925925925925925,0
2026-09-24T18:54:23Z,frontend,332.25,1150,0.8,0.28891304347826086,0
2026-09-24T18:54:23Z,cartservice,95.0,1920,0.95,0.049479166666666664,0
2026-09-24T18:54:23Z,checkoutservice,0.0,615,0.8,0.0,0
2026-09-24T18:54:23Z,productcatalogservice,603.0,1535,0.95,0.39283387622149835,0
2026-09-24T18:54:23Z,paymentservice,0.0,155,0.8,0.0,0
2026-09-24T18:54:23Z,recommendationservice,824.0,1150,0.8,0.7165217391304348,0
2026-09-24T18:54:23Z,shippingservice,55.0,770,0.8,0.07142857142857142,0
2026-09-24T18:54:23Z,currencyservice,223.0,770,0.8,0.2896103896103896,0
2026-09-24T18:54:23Z,emailservice,0.0,155,0.8,0.0,0
2026-09-24T18:54:23Z,adservice,76.0,1150,0.8,0.06608695652173913,0
2026-09-24T18:54:23Z,redis-cart,15.0,540,0.8,0.027777777777777776,0
2026-09-24T18:54:24Z,frontend,328.0,1150,0.8,0.2852173913043478,0
2026-09-24T18:54:24Z,cartservice,172.0,1920,0.95,0.08958333333333333,0
2026-09-24T18:54:24Z,checkoutservice,0.0,615,0.8,0.0,0
2026-09-24T18:54:24Z,productcatalogservice,527.0,1535,0.95,0.3433224755700326,0
2026-09-24T18:54:24Z,paymentservice,0.0,155,0.8,0.0,0
2026-09-24T18:54:24Z,recommendationservice,782.0,1150,0.8,0.68,0
2026-09-24T18:54:24Z,shippingservice,31.0,770,0.8,0.04025974025974026,0
2026-09-24T18:54:24Z,currencyservice,147.0,770,0.8,0.19090909090909092,0
2026-09-24T18:54:24Z,emailservice,0.0,155,0.8,0.0,0
2026-09-24T18:54:24Z,adservice,91.0,1150,0.8,0.0791304347826087,0
2026-09-24T18:54:24Z,redis-cart,13.0,540,0.8,0.024074074074074074,0
2026-09-24T18:54:25Z,frontend,331.75,1150,0.8,0.28847826086956524,0
2026-09-24T18:54:25Z,cartservice,172.0,1920,0.95,0.08958333333333333,0
2026-09-24T18:54:25Z,checkoutservice,0.0,615,0.8,0.0,0
2026-09-24T18:54:25Z,productcatalogservice,549.0,1535,0.95,0.35765472312703583,0
2026-09-24T18:54:25Z,paymentservice,0.0,155,0.8,0.0,0
2026-09-24T18:54:25Z,recommendationservice,782.0,1150,0.8,0.68,0
2026-09-24T18:54:25Z,shippingservice,68.0,770,0.8,0.08831168831168831,0
2026-09-24T18:54:25Z,currencyservice,147.0,770,0.8,0.19090909090909092,0
2026-09-24T18:54:25Z,emailservice,0.0,155,0.8,0.0,0
2026-09-24T18:54:25Z,adservice,105.0,1150,0.8,0.09130434782608696,0
2026-09-24T18:54:25Z,redis-cart,13.0,540,0.8,0.024074074074074074,0
2026-09-24T18:54:26Z,frontend,333.75,1150,0.8,0.2902173913043478,0
2026-09-24T18:54:26Z,cartservice,72.0,1920,0.95,0.0375,0
2026-09-24T18:54:26Z,checkoutservice,0.0,615,0.8,0.0,0
2026-09-24T18:54:26Z,productcatalogservice,549.0,1535,0.95,0.35765472312703583,0
2026-09-24T18:54:26Z,paymentservice,0.0,155,0.8,0.0,0
2026-09-24T18:54:26Z,recommendationservice,739.0,1150,0.8,0.6426086956521739,0
2026-09-24T18:54:26Z,shippingservice,71.0,770,0.8,0.09220779220779221,0
2026-09-24T18:54:26Z,currencyservice,174.0,770,0.8,0.22597402597402597,0
2026-09-24T18:54:26Z,emailservice,17.0,155,0.8,0.10967741935483871,0
2026-09-24T18:54:26Z,adservice,105.0,1150,0.8,0.09130434782608696,0
2026-09-24T18:54:26Z,redis-cart,12.0,540,0.8,0.022222222222222223,0
2026-09-24T18:54:27Z,frontend,324.25,1150,0.8,0.28195652173913044,0
2026-09-24T18:54:27Z,cartservice,163.0,1920,0.95,0.08489583333333334,0
2026-09-24T18:54:27Z,checkoutservice,0.0,615,0.8,0.0,0
2026-09-24T18:54:27Z,productcatalogservice,553.0,1535,0.95,0.36026058631921826,0
2026-09-24T18:54:27Z,paymentservice,0.0,155,0.8,0.0,0
2026-09-24T18:54:27Z,recommendationservice,833.0,1150,0.8,0.7243478260869565,0
2026-09-24T18:54:27Z,shippingservice,46.0,770,0.8,0.05974025974025974,0
2026-09-24T18:54:27Z,currencyservice,177.0,770,0.8,0.22987012987012986,0
2026-09-24T18:54:27Z,emailservice,17.0,155,0.8,0.10967741935483871,0
2026-09-24T18:54:27Z,adservice,80.0,1150,0.8,0.06956521739130435,0
2026-09-24T18:54:27Z,redis-cart,12.0,540,0.8,0.022222222222222223,0
2026-09-24T18:54:28Z,frontend,332.5,1150,0.8,0.2891304347826087,0
2026-09-24T18:54:28Z,cartservice,163.0,1920,0.95,0.08489583333333334,0
2026-09-24T18:54:28Z,checkoutservice,0.0,615,0.8,0.0,0
2026-09-24T18:54:28Z,productcatalogservice,546.0,1535,0.95,0.355700325732899,0
2026-09-24T18:54:28Z,paymentservice,19.0,155,0.8,0.12258064516129032,0
2026-09-24T18:54:28Z,recommendationservice,833.0,1150,0.8,0.7243478260869565,0
2026-09-24T18:54:28Z,shippingservice,46.0,770,0.8,0.05974025974025974,0
2026-09-24T18:54:28Z,currencyservice,177.0,770,0.8,0.22987012987012986,0
2026-09-24T18:54:28Z,emailservice,0.0,155,0.8,0.0,0
2026-09-24T18:54:28Z,adservice,80.0,1150,0.8,0.06956521739130435,0
2026-09-24T18:54:28Z,redis-cart,16.0,540,0.8,0.02962962962962963,0
2026-09-24T18:54:29Z,frontend,320.75,1150,0.8,0.27891304347826085,0
2026-09-24T18:54:29Z,cartservice,94.0,1920,0.95,0.04895833333333333,0
2026-09-24T18:54:29Z,checkoutservice,0.0,615,0.8,0.0,0
2026-09-24T18:54:29Z,productcatalogservice,546.0,1535,0.95,0.355700325732899,0
2026-09-24T18:54:29Z,paymentservice,19.0,155,0.8,0.12258064516129032,0
2026-09-24T18:54:29Z,recommendationservice,778.0,1150,0.8,0.6765217391304348,0
2026-09-24T18:54:29Z,shippingservice,37.0,770,0.8,0.048051948051948054,0
2026-09-24T18:54:29Z,currencyservice,186.0,770,0.8,0.24155844155844156,0
2026-09-24T18:54:29Z,emailservice,0.0,155,0.8,0.0,0
2026-09-24T18:54:29Z,adservice,97.0,1150,0.8,0.08434782608695653,0
2026-09-24T18:54:29Z,redis-cart,11.0,540,0.8,0.020370370370370372,0
2026-09-24T18:54:30Z,frontend,315.0,1150,0.8,0.27391304347826084,0
2026-09-24T18:54:30Z,cartservice,177.0,1920,0.95,0.0921875,0
2026-09-24T18:54:30Z,checkoutservice,0.0,615,0.8,0.0,0
2026-09-24T18:54:30Z,productcatalogservice,590.0,1535,0.95,0.38436482084690554,0
2026-09-24T18:54:30Z,paymentservice,0.0,155,0.8,0.0,0
2026-09-24T18:54:30Z,recommendationservice,843.0,1150,0.8,0.7330434782608696,0
2026-09-24T18:54:30Z,shippingservice,43.0,770,0.8,0.05584415584415584,0
2026-09-24T18:54:30Z,currencyservice,186.0,770,0.8,0.24155844155844156,0
2026-09-24T18:54:30Z,emailservice,16.0,155,0.8,0.1032258064516129,0
2026-09-24T18:54:30Z,adservice,83.0,1150,0.8,0.07217391304347825,0
2026-09-24T18:54:30Z,redis-cart,13.0,540,0.8,0.024074074074074074,0
2026-09-24T18:54:31Z,frontend,347.5,1150,0.8,0.30217391304347824,0
2026-09-24T18:54:31Z,cartservice,177.0,1920,0.95,0.0921875,0
2026-09-24T18:54:31Z,checkoutservice,0.0,615,0.8,0.0,0
2026-09-24T18:54:31Z,productcatalogservice,522.0,1535,0.95,0.3400651465798046,0
2026-09-24T18:54:31Z,paymentservice,0.0,155,0.8,0.0,0
2026-09-24T18:54:31Z,recommendationservice,787.0,1150,0.8,0.6843478260869565,0
2026-09-24T18:54:31Z,shippingservice,81.0,770,0.8,0.10519480519480519,0
2026-09-24T18:54:31Z,currencyservice,161.0,770,0.8,0.20909090909090908,0
2026-09-24T18:54:31Z,emailservice,3.0,155,0.8,0.01935483870967742,0
2026-09-24T18:54:31Z,adservice,111.0,1150,0.8,0.09652173913043478,0
2026-09-24T18:54:31Z,redis-cart,13.0,540,0.8,0.024074074074074074,0
2026-09-24T18:54:32Z,frontend,355.25,1150,0.8,0.3089130434782609,0
2026-09-24T18:54:32Z,cartservice,142.0,1920,0.95,0.07395833333333333,0
2026-09-24T18:54:32Z,checkoutservice,0.0,615,0.8,0.0,0
2026-09-24T18:54:32Z,productcatalogservice,599.0,1535,0.95,0.390228013029316,0
2026-09-24T18:54:32Z,paymentservice,0.0,155,0.8,0.0,0
2026-09-24T18:54:32Z,recommendationservice,787.0,1150,0.8,0.6843478260869565,0
2026-09-24T18:54:32Z,shippingservice,81.0,770,0.8,0.10519480519480519,0
2026-09-24T18:54:32Z,currencyservice,190.0,770,0.8,0.24675324675324675,0
2026-09-24T18:54:32Z,emailservice,3.0,155,0.8,0.01935483870967742,0
2026-09-24T18:54:32Z,adservice,111.0,1150,0.8,0.09652173913043478,0
2026-09-24T18:54:32Z,redis-cart,15.0,540,0.8,0.027777777777777776,0
2026-09-24T18:54:33Z,frontend,324.25,1150,0.8,0.28195652173913044,0
2026-09-24T18:54:33Z,cartservice,142.0,1920,0.95,0.07395833333333333,0
2026-09-24T18:54:33Z,checkoutservice,0.0,615,0.8,0.0,0
2026-09-24T18:54:33Z,productcatalogservice,569.0,1535,0.95,0.3706840390879479,0
2026-09-24T18:54:33Z,paymentservice,0.0,155,0.8,0.0,0
2026-09-24T18:54:33Z,recommendationservice,823.0,1150,0.8,0.7156521739130435,0
2026-09-24T18:54:33Z,shippingservice,49.0,770,0.8,0.06363636363636363,0
2026-09-24T18:54:33Z,currencyservice,212.0,770,0.8,0.2753246753246753,0
2026-09-24T18:54:33Z,emailservice,0.0,155,0.8,0.0,0
2026-09-24T18:54:33Z,adservice,92.0,1150,0.8,0.08,0
2026-09-24T18:54:33Z,redis-cart,15.0,540,0.8,0.027777777777777776,0
2026-09-24T18:54:34Z,frontend,337.75,1150,0.8,0.293695652173913,0
2026-09-24T18:54:34Z,cartservice,80.0,1920,0.95,0.041666666666666664,0
2026-09-24T18:54:34Z,checkoutservice,0.0,615,0.8,0.0,0
2026-09-24T18:54:34Z,productcatalogservice,569.0,1535,0.95,0.3706840390879479,0
2026-09-24T18:54:34Z,paymentservice,0.0,155,0.8,0.0,0
2026-09-24T18:54:34Z,recommendationservice,823.0,1150,0.8,0.7156521739130435,0
2026-09-24T18:54:34Z,shippingservice,60.0,770,0.8,0.07792207792207792,0
2026-09-24T18:54:34Z,currencyservice,212.0,770,0.8,0.2753246753246753,0
2026-09-24T18:54:34Z,emailservice,0.0,155,0.8,0.0,0
2026-09-24T18:54:34Z,adservice,75.0,1150,0.8,0.06521739130434782,0
2026-09-24T18:54:34Z,redis-cart,12.0,540,0.8,0.022222222222222223,0
2026-09-24T18:54:35Z,frontend,314.75,1150,0.8,0.27369565217391306,0
2026-09-24T18:54:35Z,cartservice,189.0,1920,0.95,0.0984375,0
2026-09-24T18:54:35Z,checkoutservice,0.0,615,0.8,0.0,0
2026-09-24T18:54:35Z,productcatalogservice,547.0,1535,0.95,0.35635179153094465,0
2026-09-24T18:54:35Z,paymentservice,0.0,155,0.8,0.0,0
2026-09-24T18:54:35Z,recommendationservice,747.0,1150,0.8,0.6495652173913044,0
2026-09-24T18:54:35Z,shippingservice,60.0,770,0.8,0.07792207792207792,0
2026-09-24T18:54:35Z,currencyservice,112.0,770,0.8,0.14545454545454545,0
2026-09-24T18:54:35Z,emailservice,28.0,155,0.8,0.18064516129032257,0
2026-09-24T18:54:35Z,adservice,106.0,1150,0.8,0.09217391304347826,0
2026-09-24T18:54:35Z,redis-cart,18.0,540,0.8,0.03333333333333333,0
2026-09-24T18:54:36Z,frontend,335.0,1150,0.8,0.29130434782608694,0
2026-09-24T18:54:36Z,cartservice,189.0,1920,0.95,0.0984375,0
2026-09-24T18:54:36Z,checkoutservice,0.0,615,0.8,0.0,0
2026-09-24T18:54:36Z,productcatalogservice,547.0,1535,0.95,0.35635179153094465,0
2026-09-24T18:54:36Z,paymentservice,0.0,155,0.8,0.0,0
2026-09-24T18:54:36Z,recommendationservice,812.0,1150,0.8,0.7060869565217391,0
2026-09-24T18:54:36Z,shippingservice,52.0,770,0.8,0.06753246753246753,0
2026-09-24T18:54:36Z,currencyservice,255.0,770,0.8,0.33116883116883117,0
2026-09-24T18:54:36Z,emailservice,0.0,155,0.8,0.0,0
2026-09-24T18:54:36Z,adservice,106.0,1150,0.8,0.09217391304347826,0
2026-09-24T18:54:36Z,redis-cart,18.0,540,0.8,0.03333333333333333,0
2026-09-24T18:54:37Z,frontend,337.25,1150,0.8,0.2932608695652174,0
2026-09-24T18:54:37Z,cartservice,89.0,1920,0.95,0.04635416666666667,0
2026-09-24T18:54:37Z,checkoutservice,0.0,615,0.8,0.0,0
2026-09-24T18:54:37Z,productcatalogservice,553.0,1535,0.95,0.36026058631921826,0
2026-09-24T18:54:37Z,paymentservice,0.0,155,0.8,0.0,0
2026-09-24T18:54:37Z,recommendationservice,812.0,1150,0.8,0.7060869565217391,0
2026-09-24T18:54:37Z,shippingservice,52.0,770,0.8,0.06753246753246753,0
2026-09-24T18:54:37Z,currencyservice,255.0,770,0.8,0.33116883116883117,0
2026-09-24T18:54:37Z,emailservice,0.0,155,0.8,0.0,0
2026-09-24T18:54:37Z,adservice,102.0,1150,0.8,0.08869565217391304,0
2026-09-24T18:54:37Z,redis-cart,11.0,540,0.8,0.020370370370370372,0
2026-09-24T18:54:38Z,frontend,333.5,1150,0.8,0.29,0
2026-09-24T18:54:38Z,cartservice,155.0,1920,0.95,0.08072916666666667,0
2026-09-24T18:54:38Z,checkoutservice,0.0,615,0.8,0.0,0
2026-09-24T18:54:38Z,productcatalogservice,553.0,1535,0.95,0.36026058631921826,0
2026-09-24T18:54:38Z,paymentservice,0.0,155,0.8,0.0,0
2026-09-24T18:54:38Z,recommendationservice,723.0,1150,0.8,0.628695652173913,0
2026-09-24T18:54:38Z,shippingservice,38.0,770,0.8,0.04935064935064935,0
2026-09-24T18:54:38Z,currencyservice,135.0,770,0.8,0.17532467532467533,0
2026-09-24T18:54:38Z,emailservice,0.0,155,0.8,0.0,0
2026-09-24T18:54:38Z,adservice,74.0,1150,0.8,0.06434782608695652,0
2026-09-24T18:54:38Z,redis-cart,15.0,540,0.8,0.027777777777777776,0
2026-09-24T18:54:39Z,frontend,336.75,1150,0.8,0.29282608695652174,0
2026-09-24T18:54:39Z,cartservice,155.0,1920,0.95,0.08072916666666667,0
2026-09-24T18:54:39Z,checkoutservice,0.0,615,0.8,0.0,0
2026-09-24T18:54:39Z,productcatalogservice,571.0,1535,0.95,0.3719869706840391,0
2026-09-24T18:54:39Z,paymentservice,20.0,155,0.8,0.12903225806451613,0
2026-09-24T18:54:39Z,recommendationservice,853.0,1150,0.8,0.7417391304347826,0
2026-09-24T18:54:39Z,shippingservice,62.0,770,0.8,0.08051948051948052,0
2026-09-24T18:54:39Z,currencyservice,213.0,770,0.8,0.2766233766233766,0
2026-09-24T18:54:39Z,emailservice,0.0,155,0.8,0.0,0
2026-09-24T18:54:39Z,adservice,103.0,1150,0.8,0.08956521739130435,0
2026-09-24T18:54:39Z,redis-cart,15.0,540,0.8,0.027777777777777776,0
2026-09-24T18:54:40Z,frontend,337.0,1150,0.8,0.29304347826086957,0
2026-09-24T18:54:40Z,cartservice,125.0,1920,0.95,0.06510416666666667,0
2026-09-24T18:54:40Z,checkoutservice,0.0,615,0.8,0.0,0
2026-09-24T18:54:40Z,productcatalogservice,571.0,1535,0.95,0.3719869706840391,0
2026-09-24T18:54:40Z,paymentservice,20.0,155,0.8,0.12903225806451613,0
2026-09-24T18:54:40Z,recommendationservice,761.0,1150,0.8,0.6617391304347826,0
2026-09-24T18:54:40Z,shippingservice,62.0,770,0.8,0.08051948051948052,0
2026-09-24T18:54:40Z,currencyservice,213.0,770,0.8,0.2766233766233766,0
2026-09-24T18:54:40Z,emailservice,0.0,155,0.8,0.0,0
2026-09-24T18:54:40Z,adservice,103.0,1150,0.8,0.08956521739130435,0
2026-09-24T18:54:40Z,redis-cart,15.0,540,0.8,0.027777777777777776,0
2026-09-24T18:54:41Z,frontend,331.0,1150,0.8,0.28782608695652173,0
2026-09-24T18:54:41Z,cartservice,183.0,1920,0.95,0.0953125,0
2026-09-24T18:54:41Z,checkoutservice,0.0,615,0.8,0.0,0
2026-09-24T18:54:41Z,productcatalogservice,540.0,1535,0.95,0.3517915309446254,0
2026-09-24T18:54:41Z,paymentservice,0.0,155,0.8,0.0,0
2026-09-24T18:54:41Z,recommendationservice,761.0,1150,0.8,0.6617391304347826,0
2026-09-24T18:54:41Z,shippingservice,67.0,770,0.8,0.08701298701298701,0
2026-09-24T18:54:41Z,currencyservice,163.0,770,0.8,0.21168831168831168,0
2026-09-24T18:54:41Z,emailservice,24.0,155,0.8,0.15483870967741936,0
2026-09-24T18:54:41Z,adservice,90.0,1150,0.8,0.0782608695652174,0
2026-09-24T18:54:41Z,redis-cart,14.0,540,0.8,0.025925925925925925,0
2026-09-24T18:54:42Z,frontend,301.5,1150,0.8,0.26217391304347826,0
2026-09-24T18:54:42Z,cartservice,183.0,1920,0.95,0.0953125,0
2026-09-24T18:54:42Z,checkoutservice,0.0,615,0.8,0.0,0
2026-09-24T18:54:42Z,productcatalogservice,512.0,1535,0.95,0.33355048859934855,0
2026-09-24T18:54:42Z,paymentservice,0.0,155,0.8,0.0,0
2026-09-24T18:54:42Z,recommendationservice,739.0,1150,0.8,0.6426086956521739,0
2026-09-24T18:54:42Z,shippingservice,39.0,770,0.8,0.05064935064935065,0
2026-09-24T18:54:42Z,currencyservice,205.0,770,0.8,0.2662337662337662,0
2026-09-24T18:54:42Z,emailservice,0.0,155,0.8,0.0,0
2026-09-24T18:54:42Z,adservice,75.0,1150,0.8,0.06521739130434782,0
2026-09-24T18:54:42Z,redis-cart,14.0,540,0.8,0.025925925925925925,0
2026-09-24T18:54:43Z,frontend,310.5,1150,0.8,0.27,0
2026-09-24T18:54:43Z,cartservice,153.0,1920,0.95,0.0796875,0
2026-09-24T18:54:43Z,checkoutservice,0.0,615,0.8,0.0,0
2026-09-24T18:54:43Z,productcatalogservice,539.0,1535,0.95,0.3511400651465798,0
2026-09-24T18:54:43Z,paymentservice,0.0,155,0.8,0.0,0
2026-09-24T18:54:43Z,recommendationservice,764.0,1150,0.8,0.6643478260869565,0
2026-09-24T18:54:43Z,shippingservice,39.0,770,0.8,0.05064935064935065,0
2026-09-24T18:54:43Z,currencyservice,205.0,770,0.8,0.2662337662337662,0
2026-09-24T18:54:43Z,emailservice,0.0,155,0.8,0.0,0
2026-09-24T18:54:43Z,adservice,75.0,1150,0.8,0.06521739130434782,0
2026-09-24T18:54:43Z,redis-cart,16.0,540,0.8,0.02962962962962963,0
2026-09-24T18:54:44Z,frontend,309.25,1150,0.8,0.2689130434782609,0
2026-09-24T18:54:44Z,cartservice,116.0,1920,0.95,0.06041666666666667,0
2026-09-24T18:54:44Z,checkoutservice,0.0,615,0.8,0.0,0
2026-09-24T18:54:44Z,productcatalogservice,539.0,1535,0.95,0.3511400651465798,0
2026-09-24T18:54:44Z,paymentservice,0.0,155,0.8,0.0,0
2026-09-24T18:54:44Z,recommendationservice,764.0,1150,0.8,0.6643478260869565,0
2026-09-24T18:54:44Z,shippingservice,29.0,770,0.8,0.03766233766233766,0
2026-09-24T18:54:44Z,currencyservice,129.0,770,0.8,0.16753246753246753,0
2026-09-24T18:54:44Z,emailservice,0.0,155,0.8,0.0,0
2026-09-24T18:54:44Z,adservice,91.0,1150,0.8,0.0791304347826087,0
2026-09-24T18:54:44Z,redis-cart,16.0,540,0.8,0.02962962962962963,0
2026-09-24T18:54:45Z,frontend,319.75,1150,0.8,0.27804347826086956,0
2026-09-24T18:54:45Z,cartservice,116.0,1920,0.95,0.06041666666666667,0
2026-09-24T18:54:45Z,checkoutservice,0.0,615,0.8,0.0,0
2026-09-24T18:54:45Z,productcatalogservice,508.0,1535,0.95,0.3309446254071661,0
2026-09-24T18:54:45Z,paymentservice,0.0,155,0.8,0.0,0
2026-09-24T18:54:45Z,recommendationservice,707.0,1150,0.8,0.6147826086956522,0
2026-09-24T18:54:45Z,shippingservice,67.0,770,0.8,0.08701298701298701,0
2026-09-24T18:54:45Z,currencyservice,168.0,770,0.8,0.21818181818181817,0
2026-09-24T18:54:45Z,emailservice,0.0,155,0.8,0.0,0
2026-09-24T18:54:45Z,adservice,83.0,1150,0.8,0.07217391304347825,0
2026-09-24T18:54:45Z,redis-cart,11.0,540,0.8,0.020370370370370372,0
2026-09-24T18:54:46Z,frontend,346.5,1150,0.8,0.30130434782608695,0
2026-09-24T18:54:46Z,cartservice,140.0,1920,0.95,0.07291666666666667,0
2026-09-24T18:54:46Z,checkoutservice,0.0,615,0.8,0.0,0
2026-09-24T18:54:46Z,productcatalogservice,587.0,1535,0.95,0.3824104234527687,0
2026-09-24T18:54:46Z,paymentservice,0.0,155,0.8,0.0,0
2026-09-24T18:54:46Z,recommendationservice,707.0,1150,0.8,0.6147826086956522,0
2026-09-24T18:54:46Z,shippingservice,67.0,770,0.8,0.08701298701298701,0
2026-09-24T18:54:46Z,currencyservice,226.0,770,0.8,0.2935064935064935,0
2026-09-24T18:54:46Z,emailservice,20.0,155,0.8,0.12903225806451613,0
2026-09-24T18:54:46Z,adservice,83.0,1150,0.8,0.07217391304347825,0
2026-09-24T18:54:46Z,redis-cart,13.0,540,0.8,0.024074074074074074,0
2026-09-24T18:54:47Z,frontend,322.5,1150,0.8,0.28043478260869564,0
2026-09-24T18:54:47Z,cartservice,140.0,1920,0.95,0.07291666666666667,0
2026-09-24T18:54:47Z,checkoutservice,0.0,615,0.8,0.0,0
2026-09-24T18:54:47Z,productcatalogservice,587.0,1535,0.95,0.3824104234527687,0
2026-09-24T18:54:47Z,paymentservice,0.0,155,0.8,0.0,0
2026-09-24T18:54:47Z,recommendationservice,858.0,1150,0.8,0.7460869565217392,0
2026-09-24T18:54:47Z,shippingservice,47.0,770,0.8,0.06103896103896104,0
2026-09-24T18:54:47Z,currencyservice,199.0,770,0.8,0.2584415584415584,0
2026-09-24T18:54:47Z,emailservice,20.0,155,0.8,0.12903225806451613,0
2026-09-24T18:54:47Z,adservice,93.0,1150,0.8,0.0808695652173913,0
2026-09-24T18:54:47Z,redis-cart,13.0,540,0.8,0.024074074074074074,0
2026-09-24T18:54:48Z,frontend,320.25,1150,0.8,0.27847826086956523,0
2026-09-24T18:54:48Z,cartservice,108.0,1920,0.95,0.05625,0
2026-09-24T18:54:48Z,checkoutservice,0.0,615,0.8,0.0,0
2026-09-24T18:54:48Z,productcatalogservice,548.0,1535,0.95,0.35700325732899024,0
2026-09-24T18:54:48Z,paymentservice,11.0,155,0.8,0.07096774193548387,0
2026-09-24T18:54:48Z,recommendationservice,858.0,1150,0.8,0.7460869565217392,0
2026-09-24T18:54:48Z,shippingservice,47.0,770,0.8,0.06103896103896104,0
2026-09-24T18:54:48Z,currencyservice,199.0,770,0.8,0.2584415584415584,0
2026-09-24T18:54:48Z,emailservice,0.0,155,0.8,0.0,0
2026-09-24T18:54:48Z,adservice,93.0,1150,0.8,0.0808695652173913,0
2026-09-24T18:54:48Z,redis-cart,15.0,540,0.8,0.027777777777777776,0
2026-09-24T18:54:49Z,frontend,307.5,1150,0.8,0.2673913043478261,0
2026-09-24T18:54:49Z,cartservice,172.0,1920,0.95,0.08958333333333333,0
2026-09-24T18:54:49Z,checkoutservice,0.0,615,0.8,0.0,0
2026-09-24T18:54:49Z,productcatalogservice,548.0,1535,0.95,0.35700325732899024,0
2026-09-24T18:54:49Z,paymentservice,11.0,155,0.8,0.07096774193548387,0
2026-09-24T18:54:49Z,recommendationservice,746.0,1150,0.8,0.648695652173913,0
2026-09-24T18:54:49Z,shippingservice,53.0,770,0.8,0.06883116883116883,0
2026-09-24T18:54:49Z,currencyservice,117.0,770,0.8,0.15194805194805194,0
2026-09-24T18:54:49Z,emailservice,0.0,155,0.8,0.0,0
2026-09-24T18:54:49Z,adservice,93.0,1150,0.8,0.0808695652173913,0
2026-09-24T18:54:49Z,redis-cart,18.0,540,0.8,0.03333333333333333,0
2026-09-24T18:54:50Z,frontend,321.0,1150,0.8,0.2791304347826087,0
2026-09-24T18:54:50Z,cartservice,113.0,1920,0.95,0.058854166666666666,0
2026-09-24T18:54:50Z,checkoutservice,0.0,615,0.8,0.0,0
2026-09-24T18:54:50Z,productcatalogservice,545.0,1535,0.95,0.3550488599348534,0
2026-09-24T18:54:50Z,paymentservice,10.0,155,0.8,0.06451612903225806,0
2026-09-24T18:54:50Z,recommendationservice,709.0,1150,0.8,0.6165217391304347,0
2026-09-24T18:54:50Z,shippingservice,43.0,770,0.8,0.05584415584415584,0
2026-09-24T18:54:50Z,currencyservice,223.0,770,0.8,0.2896103896103896,0
2026-09-24T18:54:50Z,emailservice,24.0,155,0.8,0.15483870967741936,0
2026-09-24T18:54:50Z,adservice,67.0,1150,0.8,0.058260869565217394,0
2026-09-24T18:54:50Z,redis-cart,15.0,540,0.8,0.027777777777777776,0
2026-09-24T18:54:51Z,frontend,338.5,1150,0.8,0.29434782608695653,0
2026-09-24T18:54:51Z,cartservice,113.0,1920,0.95,0.058854166666666666,0
2026-09-24T18:54:51Z,checkoutservice,0.0,615,0.8,0.0,0
2026-09-24T18:54:51Z,productcatalogservice,537.0,1535,0.95,0.3498371335504886,0
2026-09-24T18:54:51Z,paymentservice,0.0,155,0.8,0.0,0
2026-09-24T18:54:51Z,recommendationservice,709.0,1150,0.8,0.6165217391304347,0
2026-09-24T18:54:51Z,shippingservice,78.0,770,0.8,0.1012987012987013,0
2026-09-24T18:54:51Z,currencyservice,223.0,770,0.8,0.2896103896103896,0
2026-09-24T18:54:51Z,emailservice,24.0,155,0.8,0.15483870967741936,0
2026-09-24T18:54:51Z,adservice,114.0,1150,0.8,0.09913043478260869,0
2026-09-24T18:54:51Z,redis-cart,15.0,540,0.8,0.027777777777777776,0
2026-09-24T18:54:52Z,frontend,331.75,1150,0.8,0.28847826086956524,0
2026-09-24T18:54:52Z,cartservice,141.0,1920,0.95,0.0734375,0
2026-09-24T18:54:52Z,checkoutservice,0.0,615,0.8,0.0,0
2026-09-24T18:54:52Z,productcatalogservice,537.0,1535,0.95,0.3498371335504886,0
2026-09-24T18:54:52Z,paymentservice,0.0,155,0.8,0.0,0
2026-09-24T18:54:52Z,recommendationservice,745.0,1150,0.8,0.6478260869565218,0
2026-09-24T18:54:52Z,shippingservice,78.0,770,0.8,0.1012987012987013,0
2026-09-24T18:54:52Z,currencyservice,140.0,770,0.8,0.18181818181818182,0
2026-09-24T18:54:52Z,emailservice,0.0,155,0.8,0.0,0
2026-09-24T18:54:52Z,adservice,106.0,1150,0.8,0.09217391304347826,0
2026-09-24T18:54:52Z,redis-cart,12.0,540,0.8,0.022222222222222223,0
2026-09-24T18:54:53Z,frontend,326.75,1150,0.8,0.2841304347826087,0
2026-09-24T18:54:53Z,cartservice,141.0,1920,0.95,0.0734375,0
2026-09-24T18:54:53Z,checkoutservice,0.0,615,0.8,0.0,0
2026-09-24T18:54:53Z,productcatalogservice,550.0,1535,0.95,0.3583061889250814,0
2026-09-24T18:54:53Z,paymentservice,0.0,155,0.8,0.0,0
2026-09-24T18:54:53Z,recommendationservice,791.0,1150,0.8,0.6878260869565217,0
2026-09-24T18:54:53Z,shippingservice,51.0,770,0.8,0.06623376623376623,0
2026-09-24T18:54:53Z,currencyservice,231.0,770,0.8,0.3,0
2026-09-24T18:54:53Z,emailservice,0.0,155,0.8,0.0,0
2026-09-24T18:54:53Z,adservice,106.0,1150,0.8,0.09217391304347826,0
2026-09-24T18:54:53Z,redis-cart,12.0,540,0.8,0.022222222222222223,0
2026-09-24T18:54:54Z,frontend,323.75,1150,0.8,0.28152173913043477,0
2026-09-24T18:54:54Z,cartservice,152.0,1920,0.95,0.07916666666666666,0
2026-09-24T18:54:54Z,checkoutservice,0.0,615,0.8,0.0,0
2026-09-24T18:54:54Z,productcatalogservice,550.0,1535,0.95,0.3583061889250814,0
2026-09-24T18:54:54Z,paymentservice,0.0,155,0.8,0.0,0
2026-09-24T18:54:54Z,recommendationservice,796.0,1150,0.8,0.6921739130434783,0
2026-09-24T18:54:54Z,shippingservice,51.0,770,0.8,0.06623376623376623,0
2026-09-24T18:54:54Z,currencyservice,135.0,770,0.8,0.17532467532467533,0
2026-09-24T18:54:54Z,emailservice,0.0,155,0.8,0.0,0
2026-09-24T18:54:54Z,adservice,76.0,1150,0.8,0.06608695652173913,0
2026-09-24T18:54:54Z,redis-cart,13.0,540,0.8,0.024074074074074074,0
2026-09-24T18:54:55Z,frontend,305.75,1150,0.8,0.2658695652173913,0
2026-09-24T18:54:55Z,cartservice,152.0,1920,0.95,0.07916666666666666,0
2026-09-24T18:54:55Z,checkoutservice,0.0,615,0.8,0.0,0
2026-09-24T18:54:55Z,productcatalogservice,513.0,1535,0.95,0.33420195439739414,0
2026-09-24T18:54:55Z,paymentservice,0.0,155,0.8,0.0,0
2026-09-24T18:54:55Z,recommendationservice,796.0,1150,0.8,0.6921739130434783,0
2026-09-24T18:54:55Z,shippingservice,53.0,770,0.8,0.06883116883116883,0
2026-09-24T18:54:55Z,currencyservice,135.0,770,0.8,0.17532467532467533,0
2026-09-24T18:54:55Z,emailservice,30.0,155,0.8,0.1935483870967742,0
2026-09-24T18:54:55Z,adservice,76.0,1150,0.8,0.06608695652173913,0
2026-09-24T18:54:55Z,redis-cart,18.0,540,0.8,0.03333333333333333,0
2026-09-24T18:54:56Z,frontend,305.5,1150,0.8,0.26565217391304347,0
2026-09-24T18:54:56Z,cartservice,137.0,1920,0.95,0.07135416666666666,0
2026-09-24T18:54:56Z,checkoutservice,0.0,615,0.8,0.0,0
2026-09-24T18:54:56Z,productcatalogservice,513.0,1535,0.95,0.33420195439739414,0
2026-09-24T18:54:56Z,paymentservice,0.0,155,0.8,0.0,0
2026-09-24T18:54:56Z,recommendationservice,691.0,1150,0.8,0.6008695652173913,0
2026-09-24T18:54:56Z,shippingservice,58.0,770,0.8,0.07532467532467532,0
2026-09-24T18:54:56Z,currencyservice,168.0,770,0.8,0.21818181818181817,0
2026-09-24T18:54:56Z,emailservice,0.0,155,0.8,0.0,0
2026-09-24T18:54:56Z,adservice,92.0,1150,0.8,0.08,0
2026-09-24T18:54:56Z,redis-cart,18.0,540,0.8,0.03333333333333333,0
2026-09-24T18:54:57Z,frontend,316.5,1150,0.8,0.2752173913043478,0
2026-09-24T18:54:57Z,cartservice,151.0,1920,0.95,0.07864583333333333,0
2026-09-24T18:54:57Z,checkoutservice,0.0,615,0.8,0.0,0
2026-09-24T18:54:57Z,productcatalogservice,556.0,1535,0.95,0.36221498371335503,0
2026-09-24T18:54:57Z,paymentservice,0.0,155,0.8,0.0,0
2026-09-24T18:54:57Z,recommendationservice,691.0,1150,0.8,0.6008695652173913,0
2026-09-24T18:54:57Z,shippingservice,58.0,770,0.8,0.07532467532467532,0
2026-09-24T18:54:57Z,currencyservice,191.0,770,0.8,0.24805194805194805,0
2026-09-24T18:54:57Z,emailservice,0.0,155,0.8,0.0,0
2026-09-24T18:54:57Z,adservice,78.0,1150,0.8,0.06782608695652174,0
2026-09-24T18:54:57Z,redis-cart,14.0,540,0.8,0.025925925925925925,0
2026-09-24T18:54:58Z,frontend,306.0,1150,0.8,0.26608695652173914,0
2026-09-24T18:54:58Z,cartservice,151.0,1920,0.95,0.07864583333333333,0
2026-09-24T18:54:58Z,checkoutservice,0.0,615,0.8,0.0,0
2026-09-24T18:54:58Z,productcatalogservice,556.0,1535,0.95,0.36221498371335503,0
2026-09-24T18:54:58Z,paymentservice,17.0,155,0.8,0.10967741935483871,0
2026-09-24T18:54:58Z,recommendationservice,751.0,1150,0.8,0.6530434782608696,0
2026-09-24T18:54:58Z,shippingservice,52.0,770,0.8,0.06753246753246753,0
2026-09-24T18:54:58Z,currencyservice,160.0,770,0.8,0.2077922077922078,0
2026-09-24T18:54:58Z,emailservice,0.0,155,0.8,0.0,0
2026-09-24T18:54:58Z,adservice,96.0,1150,0.8,0.08347826086956522,0
2026-09-24T18:54:58Z,redis-cart,14.0,540,0.8,0.025925925925925925,0
2026-09-24T18:54:59Z,frontend,321.75,1150,0.8,0.2797826086956522,0
2026-09-24T18:54:59Z,cartservice,69.0,1920,0.95,0.0359375,0
2026-09-24T18:54:59Z,checkoutservice,0.0,615,0.8,0.0,0
2026-09-24T18:54:59Z,productcatalogservice,556.0,1535,0.95,0.36221498371335503,0
2026-09-24T18:54:59Z,paymentservice,17.0,155,0.8,0.10967741935483871,0
2026-09-24T18:54:59Z,recommendationservice,748.0,1150,0.8,0.6504347826086957,0
2026-09-24T18:54:59Z,shippingservice,52.0,770,0.8,0.06753246753246753,0
2026-09-24T18:54:59Z,currencyservice,154.0,770,0.8,0.2,0
2026-09-24T18:54:59Z,emailservice,0.0,155,0.8,0.0,0
2026-09-24T18:54:59Z,adservice,96.0,1150,0.8,0.08347826086956522,0
2026-09-24T18:54:59Z,redis-cart,10.0,540,0.8,0.018518518518518517,0
2026-09-24T18:55:00Z,frontend,331.75,1150,0.8,0.28847826086956524,0
2026-09-24T18:55:00Z,cartservice,69.0,1920,0.95,0.0359375,0
2026-09-24T18:55:00Z,checkoutservice,0.0,615,0.8,0.0,0
2026-09-24T18:55:00Z,productcatalogservice,580.0,1535,0.95,0.3778501628664495,0
2026-09-24T18:55:00Z,paymentservice,0.0,155,0.8,0.0,0
2026-09-24T18:55:00Z,recommendationservice,748.0,1150,0.8,0.6504347826086957,0
2026-09-24T18:55:00Z,shippingservice,26.0,770,0.8,0.033766233766233764,0
2026-09-24T18:55:00Z,currencyservice,154.0,770,0.8,0.2,0
2026-09-24T18:55:00Z,emailservice,9.0,155,0.8,0.05806451612903226,0
2026-09-24T18:55:00Z,adservice,80.0,1150,0.8,0.06956521739130435,0
2026-09-24T18:55:00Z,redis-cart,17.0,540,0.8,0.03148148148148148,0
2026-09-24T18:55:01Z,frontend,329.0,1150,0.8,0.28608695652173916,0
2026-09-24T18:55:01Z,cartservice,140.0,1920,0.95,0.07291666666666667,0
2026-09-24T18:55:01Z,checkoutservice,0.0,615,0.8,0.0,0
2026-09-24T18:55:01Z,productcatalogservice,580.0,1535,0.95,0.3778501628664495,0
2026-09-24T18:55:01Z,paymentservice,0.0,155,0.8,0.0,0
2026-09-24T18:55:01Z,recommendationservice,856.0,1150,0.8,0.7443478260869565,0
2026-09-24T18:55:01Z,shippingservice,89.0,770,0.8,0.11558441558441558,0
2026-09-24T18:55:01Z,currencyservice,215.0,770,0.8,0.2792207792207792,0
2026-09-24T18:55:01Z,emailservice,17.0,155,0.8,0.10967741935483871,0
2026-09-24T18:55:01Z,adservice,112.0,1150,0.8,0.09739130434782609,0
2026-09-24T18:55:01Z,redis-cart,17.0,540,0.8,0.03148148148148148,0
2026-09-24T18:55:02Z,frontend,359.75,1150,0.8,0.31282608695652175,0
2026-09-24T18:55:02Z,cartservice,149.0,1920,0.95,0.07760416666666667,0
2026-09-24T18:55:02Z,checkoutservice,0.0,615,0.8,0.0,0
2026-09-24T18:55:02Z,productcatalogservice,584.0,1535,0.95,0.38045602605863194,0
2026-09-24T18:55:02Z,paymentservice,0.0,155,0.8,0.0,0
2026-09-24T18:55:02Z,recommendationservice,834.0,1150,0.8,0.7252173913043478,0
2026-09-24T18:55:02Z,shippingservice,75.0,770,0.8,0.09740259740259741,0
2026-09-24T18:55:02Z,currencyservice,215.0,770,0.8,0.2792207792207792,0
2026-09-24T18:55:02Z,emailservice,17.0,155,0.8,0.10967741935483871,0
2026-09-24T18:55:02Z,adservice,112.0,1150,0.8,0.09739130434782609,0
2026-09-24T18:55:02Z,redis-cart,15.0,540,0.8,0.027777777777777776,0
2026-09-24T18:55:03Z,frontend,359.75,1150,0.8,0.31282608695652175,0
2026-09-24T18:55:03Z,cartservice,149.0,1920,0.95,0.07760416666666667,0
2026-09-24T18:55:03Z,checkoutservice,0.0,615,0.8,0.0,0
2026-09-24T18:55:03Z,productcatalogservice,584.0,1535,0.95,0.38045602605863194,0
2026-09-24T18:55:03Z,paymentservice,0.0,155,0.8,0.0,0
2026-09-24T18:55:03Z,recommendationservice,842.0,1150,0.8,0.7321739130434782,0
2026-09-24T18:55:03Z,shippingservice,75.0,770,0.8,0.09740259740259741,0
2026-09-24T18:55:03Z,currencyservice,154.0,770,0.8,0.2,0
2026-09-24T18:55:03Z,emailservice,0.0,155,0.8,0.0,0
2026-09-24T18:55:03Z,adservice,84.0,1150,0.8,0.07304347826086957,0
2026-09-24T18:55:03Z,redis-cart,13.0,540,0.8,0.024074074074074074,0
2026-09-24T18:55:04Z,frontend,342.5,1150,0.8,0.29782608695652174,0
2026-09-24T18:55:04Z,cartservice,105.0,1920,0.95,0.0546875,0
2026-09-24T18:55:04Z,checkoutservice,0.0,615,0.8,0.0,0
2026-09-24T18:55:04Z,productcatalogservice,570.0,1535,0.95,0.3713355048859935,0
2026-09-24T18:55:04Z,paymentservice,0.0,155,0.8,0.0,0
2026-09-24T18:55:04Z,recommendationservice,842.0,1150,0.8,0.7321739130434782,0
2026-09-24T18:55:04Z,shippingservice,50.0,770,0.8,0.06493506493506493,0
2026-09-24T18:55:04Z,currencyservice,248.0,770,0.8,0.3220779220779221,0
2026-09-24T18:55:04Z,emailservice,0.0,155,0.8,0.0,0
2026-09-24T18:55:04Z,adservice,84.0,1150,0.8,0.07304347826086957,0
2026-09-24T18:55:04Z,redis-cart,20.0,540,0.8,0.037037037037037035,0
2026-09-24T18:55:05Z,frontend,359.75,1150,0.8,0.31282608695652175,0
2026-09-24T18:55:05Z,cartservice,159.0,1920,0.95,0.0828125,0
2026-09-24T18:55:05Z,checkoutservice,0.0,615,0.8,0.0,0
2026-09-24T18:55:05Z,productcatalogservice,538.0,1535,0.95,0.3504885993485342,0
2026-09-24T18:55:05Z,paymentservice,0.0,155,0.8,0.0,0
2026-09-24T18:55:05Z,recommendationservice,766.0,1150,0.8,0.6660869565217391,0
2026-09-24T18:55:05Z,shippingservice,50.0,770,0.8,0.06493506493506493,0
2026-09-24T18:55:05Z,currencyservice,248.0,770,0.8,0.3220779220779221,0
2026-09-24T18:55:05Z,emailservice,0.0,155,0.8,0.0,0
2026-09-24T18:55:05Z,adservice,85.0,1150,0.8,0.07391304347826087,0
2026-09-24T18:55:05Z,redis-cart,20.0,540,0.8,0.037037037037037035,0
2026-09-24T18:55:06Z,frontend,335.75,1150,0.8,0.29195652173913045,0
2026-09-24T18:55:06Z,cartservice,167.0,1920,0.95,0.08697916666666666,0
2026-09-24T18:55:06Z,checkoutservice,0.0,615,0.8,0.0,0
2026-09-24T18:55:06Z,productcatalogservice,538.0,1535,0.95,0.3504885993485342,0
2026-09-24T18:55:06Z,paymentservice,0.0,155,0.8,0.0,0
2026-09-24T18:55:06Z,recommendationservice,766.0,1150,0.8,0.6660869565217391,0
2026-09-24T18:55:06Z,shippingservice,46.0,770,0.8,0.05974025974025974,0
2026-09-24T18:55:06Z,currencyservice,152.0,770,0.8,0.1974025974025974,0
2026-09-24T18:55:06Z,emailservice,27.0,155,0.8,0.17419354838709677,0
2026-09-24T18:55:06Z,adservice,136.0,1150,0.8,0.11826086956521739,0
2026-09-24T18:55:06Z,redis-cart,14.0,540,0.8,0.025925925925925925,0
2026-09-24T18:55:07Z,frontend,306.0,1150,0.8,0.26608695652173914,0
2026-09-24T18:55:07Z,cartservice,167.0,1920,0.95,0.08697916666666666,0
2026-09-24T18:55:07Z,checkoutservice,0.0,615,0.8,0.0,0
2026-09-24T18:55:07Z,productcatalogservice,577.0,1535,0.95,0.3758957654723127,0
2026-09-24T18:55:07Z,paymentservice,0.0,155,0.8,0.0,0
2026-09-24T18:55:07Z,recommendationservice,774.0,1150,0.8,0.6730434782608695,0
2026-09-24T18:55:07Z,shippingservice,46.0,770,0.8,0.05974025974025974,0
2026-09-24T18:55:07Z,currencyservice,152.0,770,0.8,0.1974025974025974,0
2026-09-24T18:55:07Z,emailservice,0.0,155,0.8,0.0,0
2026-09-24T18:55:07Z,adservice,136.0,1150,0.8,0.11826086956521739,0
2026-09-24T18:55:07Z,redis-cart,14.0,540,0.8,0.025925925925925925,0
2026-09-24T18:55:08Z,frontend,325.5,1150,0.8,0.28304347826086956,0
2026-09-24T18:55:08Z,cartservice,81.0,1920,0.95,0.0421875,0
2026-09-24T18:55:08Z,checkoutservice,0.0,615,0.8,0.0,0
2026-09-24T18:55:08Z,productcatalogservice,533.0,1535,0.95,0.3472312703583062,0
2026-09-24T18:55:08Z,paymentservice,0.0,155,0.8,0.0,0
2026-09-24T18:55:08Z,recommendationservice,792.0,1150,0.8,0.688695652173913,0
2026-09-24T18:55:08Z,shippingservice,46.0,770,0.8,0.05974025974025974,0
2026-09-24T18:55:08Z,currencyservice,159.0,770,0.8,0.2064935064935065,0
2026-09-24T18:55:08Z,emailservice,0.0,155,0.8,0.0,0
2026-09-24T18:55:08Z,adservice,73.0,1150,0.8,0.06347826086956522,0
2026-09-24T18:55:08Z,redis-cart,10.0,540,0.8,0.018518518518518517,0
2026-09-24T18:55:09Z,frontend,310.25,1150,0.8,0.2697826086956522,0
2026-09-24T18:55:09Z,cartservice,175.0,1920,0.95,0.09114583333333333,0
2026-09-24T18:55:09Z,checkoutservice,0.0,615,0.8,0.0,0
2026-09-24T18:55:09Z,productcatalogservice,610.0,1535,0.95,0.3973941368078176,0
2026-09-24T18:55:09Z,paymentservice,20.0,155,0.8,0.12903225806451613,0
2026-09-24T18:55:09Z,recommendationservice,792.0,1150,0.8,0.688695652173913,0
2026-09-24T18:55:09Z,shippingservice,63.0,770,0.8,0.08181818181818182,0
2026-09-24T18:55:09Z,currencyservice,159.0,770,0.8,0.2064935064935065,0
2026-09-24T18:55:09Z,emailservice,0.0,155,0.8,0.0,0
2026-09-24T18:55:09Z,adservice,108.0,1150,0.8,0.09391304347826086,0
2026-09-24T18:55:09Z,redis-cart,17.0,540,0.8,0.03148148148148148,0
2026-09-24T18:55:10Z,frontend,355.75,1150,0.8,0.30934782608695655,0
2026-09-24T18:55:10Z,cartservice,175.0,1920,0.95,0.09114583333333333,0
2026-09-24T18:55:10Z,checkoutservice,0.0,615,0.8,0.0,0
2026-09-24T18:55:10Z,productcatalogservice,610.0,1535,0.95,0.3973941368078176,0
2026-09-24T18:55:10Z,paymentservice,0.0,155,0.8,0.0,0
2026-09-24T18:55:10Z,recommendationservice,875.0,1150,0.8,0.7608695652173914,0
2026-09-24T18:55:10Z,shippingservice,63.0,770,0.8,0.08181818181818182,0
2026-09-24T18:55:10Z,currencyservice,183.0,770,0.8,0.23766233766233766,0
2026-09-24T18:55:10Z,emailservice,29.0,155,0.8,0.1870967741935484,0
2026-09-24T18:55:10Z,adservice,108.0,1150,0.8,0.09391304347826086,0
2026-09-24T18:55:10Z,redis-cart,15.0,540,0.8,0.027777777777777776,0
2026-09-24T18:55:11Z,frontend,358.75,1150,0.8,0.3119565217391304,0
2026-09-24T18:55:11Z,cartservice,165.0,1920,0.95,0.0859375,0
2026-09-24T18:55:11Z,checkoutservice,0.0,615,0.8,0.0,0
2026-09-24T18:55:11Z,productcatalogservice,554.0,1535,0.95,0.36091205211726385,0
2026-09-24T18:55:11Z,paymentservice,0.0,155,0.8,0.0,0
2026-09-24T18:55:11Z,recommendationservice,802.0,1150,0.8,0.697391304347826,0
2026-09-24T18:55:11Z,shippingservice,62.0,770,0.8,0.08051948051948052,0
2026-09-24T18:55:11Z,currencyservice,237.0,770,0.8,0.3077922077922078,0
2026-09-24T18:55:11Z,emailservice,0.0,155,0.8,0.0,0
2026-09-24T18:55:11Z,adservice,72.0,1150,0.8,0.06260869565217392,0
2026-09-24T18:55:11Z,redis-cart,15.0,540,0.8,0.027777777777777776,0
2026-09-24T18:55:12Z,frontend,309.75,1150,0.8,0.2693478260869565,0
2026-09-24T18:55:12Z,cartservice,143.0,1920,0.95,0.07447916666666667,0
2026-09-24T18:55:12Z,checkoutservice,0.0,615,0.8,0.0,0
2026-09-24T18:55:12Z,productcatalogservice,554.0,1535,0.95,0.36091205211726385,0
2026-09-24T18:55:12Z,paymentservice,0.0,155,0.8,0.0,0
2026-09-24T18:55:12Z,recommendationservice,802.0,1150,0.8,0.697391304347826,0
2026-09-24T18:55:12Z,shippingservice,42.0,770,0.8,0.05454545454545454,0
2026-09-24T18:55:12Z,currencyservice,237.0,770,0.8,0.3077922077922078,0
2026-09-24T18:55:12Z,emailservice,0.0,155,0.8,0.0,0
2026-09-24T18:55:12Z,adservice,72.0,1150,0.8,0.06260869565217392,0
2026-09-24T18:55:12Z,redis-cart,15.0,540,0.8,0.027777777777777776,0
2026-09-24T18:55:13Z,frontend,328.0,1150,0.8,0.2852173913043478,0
2026-09-24T18:55:13Z,cartservice,143.0,1920,0.95,0.07447916666666667,0
2026-09-24T18:55:13Z,checkoutservice,0.0,615,0.8,0.0,0
2026-09-24T18:55:13Z,productcatalogservice,564.0,1535,0.95,0.3674267100977199,0
2026-09-24T18:55:13Z,paymentservice,0.0,155,0.8,0.0,0
2026-09-24T18:55:13Z,recommendationservice,819.0,1150,0.8,0.7121739130434782,0
2026-09-24T18:55:13Z,shippingservice,70.0,770,0.8,0.09090909090909091,0
2026-09-24T18:55:13Z,currencyservice,147.0,770,0.8,0.19090909090909092,0
2026-09-24T18:55:13Z,emailservice,0.0,155,0.8,0.0,0
2026-09-24T18:55:13Z,adservice,103.0,1150,0.8,0.08956521739130435,0
2026-09-24T18:55:13Z,redis-cart,13.0,540,0.8,0.024074074074074074,0
2026-09-24T18:55:14Z,frontend,341.25,1150,0.8,0.2967391304347826,0
2026-09-24T18:55:14Z,cartservice,95.0,1920,0.95,0.049479166666666664,0
2026-09-24T18:55:14Z,checkoutservice,0.0,615,0.8,0.0,0
2026-09-24T18:55:14Z,productcatalogservice,558.0,1535,0.95,0.36351791530944627,0
2026-09-24T18:55:14Z,paymentservice,0.0,155,0.8,0.0,0
2026-09-24T18:55:14Z,recommendationservice,819.0,1150,0.8,0.7121739130434782,0
2026-09-24T18:55:14Z,shippingservice,70.0,770,0.8,0.09090909090909091,0
2026-09-24T18:55:14Z,currencyservice,237.0,770,0.8,0.3077922077922078,0
2026-09-24T18:55:14Z,emailservice,0.0,155,0.8,0.0,0
2026-09-24T18:55:14Z,adservice,98.0,1150,0.8,0.08521739130434783,0
2026-09-24T18:55:14Z,redis-cart,13.0,540,0.8,0.024074074074074074,0
2026-09-24T18:55:15Z,frontend,340.75,1150,0.8,0.29630434782608694,0
2026-09-24T18:55:15Z,cartservice,157.0,1920,0.95,0.08177083333333333,0
2026-09-24T18:55:15Z,checkoutservice,0.0,615,0.8,0.0,0
2026-09-24T18:55:15Z,productcatalogservice,558.0,1535,0.95,0.36351791530944627,0
2026-09-24T18:55:15Z,paymentservice,0.0,155,0.8,0.0,0
2026-09-24T18:55:15Z,recommendationservice,733.0,1150,0.8,0.6373913043478261,0
2026-09-24T18:55:15Z,shippingservice,35.0,770,0.8,0.045454545454545456,0
2026-09-24T18:55:15Z,currencyservice,237.0,770,0.8,0.3077922077922078,0
2026-09-24T18:55:15Z,emailservice,0.0,155,0.8,0.0,0
2026-09-24T18:55:15Z,adservice,98.0,1150,0.8,0.08521739130434783,0
2026-09-24T18:55:15Z,redis-cart,11.0,540,0.8,0.020370370370370372,0
2026-09-24T18:55:16Z,frontend,315.5,1150,0.8,0.2743478260869565,0
2026-09-24T18:55:16Z,cartservice,157.0,1920,0.95,0.08177083333333333,0
2026-09-24T18:55:16Z,checkoutservice,0.0,615,0.8,0.0,0
2026-09-24T18:55:16Z,productcatalogservice,538.0,1535,0.95,0.3504885993485342,0
2026-09-24T18:55:16Z,paymentservice,0.0,155,0.8,0.0,0
2026-09-24T18:55:16Z,recommendationservice,858.0,1150,0.8,0.7460869565217392,0
2026-09-24T18:55:16Z,shippingservice,50.0,770,0.8,0.06493506493506493,0
2026-09-24T18:55:16Z,currencyservice,157.0,770,0.8,0.2038961038961039,0
2026-09-24T18:55:16Z,emailservice,25.0,155,0.8,0.16129032258064516,0
2026-09-24T18:55:16Z,adservice,89.0,1150,0.8,0.07739130434782608,0
2026-09-24T18:55:16Z,redis-cart,17.0,540,0.8,0.03148148148148148,0
2026-09-24T18:55:17Z,frontend,321.0,1150,0.8,0.2791304347826087,0
2026-09-24T18:55:17Z,cartservice,103.0,1920,0.95,0.05364583333333333,0
2026-09-24T18:55:17Z,checkoutservice,0.0,615,0.8,0.0,0
2026-09-24T18:55:17Z,productcatalogservice,538.0,1535,0.95,0.3504885993485342,0
2026-09-24T18:55:17Z,paymentservice,0.0,155,0.8,0.0,0
2026-09-24T18:55:17Z,recommendationservice,858.0,1150,0.8,0.7460869565217392,0
2026-09-24T18:55:17Z,shippingservice,70.0,770,0.8,0.09090909090909091,0
2026-09-24T18:55:17Z,currencyservice,157.0,770,0.8,0.2038961038961039,0
2026-09-24T18:55:17Z,emailservice,0.0,155,0.8,0.0,0
2026-09-24T18:55:17Z,adservice,89.0,1150,0.8,0.07739130434782608,0
2026-09-24T18:55:17Z,redis-cart,17.0,540,0.8,0.03148148148148148,0
2026-09-24T18:55:18Z,frontend,321.5,1150,0.8,0.27956521739130435,0
2026-09-24T18:55:18Z,cartservice,215.0,1920,0.95,0.11197916666666667,0
2026-09-24T18:55:18Z,checkoutservice,0.0,615,0.8,0.0,0
2026-09-24T18:55:18Z,productcatalogservice,552.0,1535,0.95,0.35960912052117266,0
2026-09-24T18:55:18Z,paymentservice,30.0,155,0.8,0.1935483870967742,0
2026-09-24T18:55:18Z,recommendationservice,686.0,1150,0.8,0.5965217391304348,0
2026-09-24T18:55:18Z,shippingservice,70.0,770,0.8,0.09090909090909091,0
2026-09-24T18:55:18Z,currencyservice,160.0,770,0.8,0.2077922077922078,0
2026-09-24T18:55:18Z,emailservice,0.0,155,0.8,0.0,0
2026-09-24T18:55:18Z,adservice,71.0,1150,0.8,0.06173913043478261,0
2026-09-24T18:55:18Z,redis-cart,12.0,540,0.8,0.022222222222222223,0
2026-09-24T18:55:19Z,frontend,326.0,1150,0.8,0.28347826086956524,0
2026-09-24T18:55:19Z,cartservice,215.0,1920,0.95,0.11197916666666667,0
2026-09-24T18:55:19Z,checkoutservice,0.0,615,0.8,0.0,0
2026-09-24T18:55:19Z,productcatalogservice,614.0,1535,0.95,0.4,0
2026-09-24T18:55:19Z,paymentservice,30.0,155,0.8,0.1935483870967742,0
2026-09-24T18:55:19Z,recommendationservice,686.0,1150,0.8,0.5965217391304348,0
2026-09-24T18:55:19Z,shippingservice,30.0,770,0.8,0.03896103896103896,0
2026-09-24T18:55:19Z,currencyservice,160.0,770,0.8,0.2077922077922078,0
2026-09-24T18:55:19Z,emailservice,0.0,155,0.8,0.0,0
2026-09-24T18:55:19Z,adservice,71.0,1150,0.8,0.06173913043478261,0
2026-09-24T18:55:19Z,redis-cart,12.0,540,0.8,0.022222222222222223,0
2026-09-24T18:55:20Z,frontend,336.5,1150,0.8,0.2926086956521739,0
2026-09-24T18:55:20Z,cartservice,108.0,1920,0.95,0.05625,0
2026-09-24T18:55:20Z,checkoutservice,0.0,615,0.8,0.0,0
2026-09-24T18:55:20Z,productcatalogservice,614.0,1535,0.95,0.4,0
2026-09-24T18:55:20Z,paymentservice,0.0,155,0.8,0.0,0
2026-09-24T18:55:20Z,recommendationservice,846.0,1150,0.8,0.7356521739130435,0
2026-09-24T18:55:20Z,shippingservice,58.0,770,0.8,0.07532467532467532,0
2026-09-24T18:55:20Z,currencyservice,181.0,770,0.8,0.23506493506493506,0
2026-09-24T18:55:20Z,emailservice,37.0,155,0.8,0.23870967741935484,0
2026-09-24T18:55:20Z,adservice,97.0,1150,0.8,0.08434782608695653,0
2026-09-24T18:55:20Z,redis-cart,14.0,540,0.8,0.025925925925925925,0
2026-09-24T18:55:21Z,frontend,318.0,1150,0.8,0.27652173913043476,0
2026-09-24T18:55:21Z,cartservice,233.0,1920,0.95,0.12135416666666667,0
2026-09-24T18:55:21Z,checkoutservice,0.0,615,0.8,0.0,0
2026-09-24T18:55:21Z,productcatalogservice,542.0,1535,0.95,0.35309446254071664,0
2026-09-24T18:55:21Z,paymentservice,0.0,155,0.8,0.0,0
2026-09-24T18:55:21Z,recommendationservice,770.0,1150,0.8,0.6695652173913044,0
2026-09-24T18:55:21Z,shippingservice,98.0,770,0.8,0.12727272727272726,0
2026-09-24T18:55:21Z,currencyservice,171.0,770,0.8,0.22207792207792207,0
2026-09-24T18:55:21Z,emailservice,37.0,155,0.8,0.23870967741935484,0
2026-09-24T18:55:21Z,adservice,97.0,1150,0.8,0.08434782608695653,0
2026-09-24T18:55:21Z,redis-cart,14.0,540,0.8,0.025925925925925925,0
2026-09-24T18:55:22Z,frontend,338.5,1150,0.8,0.29434782608695653,0
2026-09-24T18:55:22Z,cartservice,233.0,1920,0.95,0.12135416666666667,0
2026-09-24T18:55:22Z,checkoutservice,0.0,615,0.8,0.0,0
2026-09-24T18:55:22Z,productcatalogservice,609.0,1535,0.95,0.396742671009772,0
2026-09-24T18:55:22Z,paymentservice,0.0,155,0.8,0.0,0
2026-09-24T18:55:22Z,recommendationservice,757.0,1150,0.8,0.6582608695652173,0
2026-09-24T18:55:22Z,shippingservice,98.0,770,0.8,0.12727272727272726,0
2026-09-24T18:55:22Z,currencyservice,271.0,770,0.8,0.35194805194805195,0
2026-09-24T18:55:22Z,emailservice,0.0,155,0.8,0.0,0
2026-09-24T18:55:22Z,adservice,104.0,1150,0.8,0.09043478260869565,0
2026-09-24T18:55:22Z,redis-cart,12.0,540,0.8,0.022222222222222223,0
2026-09-24T18:55:23Z,frontend,343.0,1150,0.8,0.2982608695652174,0
2026-09-24T18:55:23Z,cartservice,86.0,1920,0.95,0.04479166666666667,0
2026-09-24T18:55:23Z,checkoutservice,0.0,615,0.8,0.0,0
2026-09-24T18:55:23Z,productcatalogservice,609.0,1535,0.95,0.396742671009772,0
2026-09-24T18:55:23Z,paymentservice,0.0,155,0.8,0.0,0
2026-09-24T18:55:23Z,recommendationservice,757.0,1150,0.8,0.6582608695652173,0
2026-09-24T18:55:23Z,shippingservice,35.0,770,0.8,0.045454545454545456,0
2026-09-24T18:55:23Z,currencyservice,149.0,770,0.8,0.19350649350649352,0
2026-09-24T18:55:23Z,emailservice,0.0,155,0.8,0.0,0
2026-09-24T18:55:23Z,adservice,110.0,1150,0.8,0.09565217391304348,0
2026-09-24T18:55:23Z,redis-cart,16.0,540,0.8,0.02962962962962963,0
2026-09-24T18:55:24Z,frontend,341.75,1150,0.8,0.2971739130434783,0
2026-09-24T18:55:24Z,cartservice,201.0,1920,0.95,0.1046875,0
2026-09-24T18:55:24Z,checkoutservice,0.0,615,0.8,0.0,0
2026-09-24T18:55:24Z,productcatalogservice,554.0,1535,0.95,0.36091205211726385,0
2026-09-24T18:55:24Z,paymentservice,0.0,155,0.8,0.0,0
2026-09-24T18:55:24Z,recommendationservice,901.0,1150,0.8,0.7834782608695652,0
2026-09-24T18:55:24Z,shippingservice,54.0,770,0.8,0.07012987012987013,0
2026-09-24T18:55:24Z,currencyservice,149.0,770,0.8,0.19350649350649352,0
2026-09-24T18:55:24Z,emailservice,0.0,155,0.8,0.0,0
2026-09-24T18:55:24Z,adservice,110.0,1150,0.8,0.09565217391304348,0
2026-09-24T18:55:24Z,redis-cart,14.0,540,0.8,0.025925925925925925,0
2026-09-24T18:55:25Z,frontend,345.5,1150,0.8,0.30043478260869566,0
2026-09-24T18:55:25Z,cartservice,201.0,1920,0.95,0.1046875,0
2026-09-24T18:55:25Z,checkoutservice,0.0,615,0.8,0.0,0
2026-09-24T18:55:25Z,productcatalogservice,554.0,1535,0.95,0.36091205211726385,0
2026-09-24T18:55:25Z,paymentservice,0.0,155,0.8,0.0,0
2026-09-24T18:55:25Z,recommendationservice,901.0,1150,0.8,0.7834782608695652,0
2026-09-24T18:55:25Z,shippingservice,54.0,770,0.8,0.07012987012987013,0
2026-09-24T18:55:25Z,currencyservice,132.0,770,0.8,0.17142857142857143,0
2026-09-24T18:55:25Z,emailservice,0.0,155,0.8,0.0,0
2026-09-24T18:55:25Z,adservice,95.0,1150,0.8,0.08260869565217391,0
2026-09-24T18:55:25Z,redis-cart,14.0,540,0.8,0.025925925925925925,0
2026-09-24T18:55:26Z,frontend,332.5,1150,0.8,0.2891304347826087,0
2026-09-24T18:55:26Z,cartservice,83.0,1920,0.95,0.043229166666666666,0
2026-09-24T18:55:26Z,checkoutservice,0.0,615,0.8,0.0,0
2026-09-24T18:55:26Z,productcatalogservice,566.0,1535,0.95,0.36872964169381106,0
2026-09-24T18:55:26Z,paymentservice,0.0,155,0.8,0.0,0
2026-09-24T18:55:26Z,recommendationservice,810.0,1150,0.8,0.7043478260869566,0
2026-09-24T18:55:26Z,shippingservice,59.0,770,0.8,0.07662337662337662,0
2026-09-24T18:55:26Z,currencyservice,221.0,770,0.8,0.287012987012987,0
2026-09-24T18:55:26Z,emailservice,20.0,155,0.8,0.12903225806451613,0
2026-09-24T18:55:26Z,adservice,95.0,1150,0.8,0.08260869565217391,0
2026-09-24T18:55:26Z,redis-cart,14.0,540,0.8,0.025925925925925925,0
2026-09-24T18:55:27Z,frontend,352.5,1150,0.8,0.3065217391304348,0
2026-09-24T18:55:27Z,cartservice,83.0,1920,0.95,0.043229166666666666,0
2026-09-24T18:55:27Z,checkoutservice,0.0,615,0.8,0.0,0
2026-09-24T18:55:27Z,productcatalogservice,566.0,1535,0.95,0.36872964169381106,0
2026-09-24T18:55:27Z,paymentservice,0.0,155,0.8,0.0,0
2026-09-24T18:55:27Z,recommendationservice,809.0,1150,0.8,0.7034782608695652,0
2026-09-24T18:55:27Z,shippingservice,62.0,770,0.8,0.08051948051948052,0
2026-09-24T18:55:27Z,currencyservice,221.0,770,0.8,0.287012987012987,0
2026-09-24T18:55:27Z,emailservice,0.0,155,0.8,0.0,0
2026-09-24T18:55:27Z,adservice,80.0,1150,0.8,0.06956521739130435,0
2026-09-24T18:55:27Z,redis-cart,14.0,540,0.8,0.025925925925925925,0
2026-09-24T18:55:28Z,frontend,345.75,1150,0.8,0.3006521739130435,0
2026-09-24T18:55:28Z,cartservice,135.0,1920,0.95,0.0703125,0
2026-09-24T18:55:28Z,checkoutservice,0.0,615,0.8,0.0,0
2026-09-24T18:55:28Z,productcatalogservice,605.0,1535,0.95,0.3941368078175896,0
2026-09-24T18:55:28Z,paymentservice,0.0,155,0.8,0.0,0
2026-09-24T18:55:28Z,recommendationservice,817.0,1150,0.8,0.7104347826086956,0
2026-09-24T18:55:28Z,shippingservice,62.0,770,0.8,0.08051948051948052,0
2026-09-24T18:55:28Z,currencyservice,140.0,770,0.8,0.18181818181818182,0
2026-09-24T18:55:28Z,emailservice,0.0,155,0.8,0.0,0
2026-09-24T18:55:28Z,adservice,111.0,1150,0.8,0.09652173913043478,0
2026-09-24T18:55:28Z,redis-cart,14.0,540,0.8,0.025925925925925925,0
2026-09-24T18:55:29Z,frontend,347.25,1150,0.8,0.30195652173913046,0
2026-09-24T18:55:29Z,cartservice,102.0,1920,0.95,0.053125,0
2026-09-24T18:55:29Z,checkoutservice,0.0,615,0.8,0.0,0
2026-09-24T18:55:29Z,productcatalogservice,578.0,1535,0.95,0.37654723127035833,0
2026-09-24T18:55:29Z,paymentservice,25.0,155,0.8,0.16129032258064516,0
2026-09-24T18:55:29Z,recommendationservice,817.0,1150,0.8,0.7104347826086956,0
2026-09-24T18:55:29Z,shippingservice,42.0,770,0.8,0.05454545454545454,0
2026-09-24T18:55:29Z,currencyservice,185.0,770,0.8,0.24025974025974026,0
2026-09-24T18:55:29Z,emailservice,0.0,155,0.8,0.0,0
2026-09-24T18:55:29Z,adservice,111.0,1150,0.8,0.09652173913043478,0
2026-09-24T18:55:29Z,redis-cart,14.0,540,0.8,0.025925925925925925,0
2026-09-24T18:55:30Z,frontend,335.5,1150,0.8,0.2917391304347826,0
2026-09-24T18:55:30Z,cartservice,197.0,1920,0.95,0.10260416666666666,0
2026-09-24T18:55:30Z,checkoutservice,0.0,615,0.8,0.0,0
2026-09-24T18:55:30Z,productcatalogservice,578.0,1535,0.95,0.37654723127035833,0
2026-09-24T18:55:30Z,paymentservice,0.0,155,0.8,0.0,0
2026-09-24T18:55:30Z,recommendationservice,890.0,1150,0.8,0.7739130434782608,0
2026-09-24T18:55:30Z,shippingservice,42.0,770,0.8,0.05454545454545454,0
2026-09-24T18:55:30Z,currencyservice,185.0,770,0.8,0.24025974025974026,0
2026-09-24T18:55:30Z,emailservice,0.0,155,0.8,0.0,0
2026-09-24T18:55:30Z,adservice,89.0,1150,0.8,0.07739130434782608,0
2026-09-24T18:55:30Z,redis-cart,14.0,540,0.8,0.025925925925925925,0
2026-09-24T18:55:31Z,frontend,351.5,1150,0.8,0.3056521739130435,0
2026-09-24T18:55:31Z,cartservice,197.0,1920,0.95,0.10260416666666666,0
2026-09-24T18:55:31Z,checkoutservice,0.0,615,0.8,0.0,0
2026-09-24T18:55:31Z,productcatalogservice,546.0,1535,0.95,0.355700325732899,0
2026-09-24T18:55:31Z,paymentservice,0.0,155,0.8,0.0,0
2026-09-24T18:55:31Z,recommendationservice,784.0,1150,0.8,0.6817391304347826,0
2026-09-24T18:55:31Z,shippingservice,60.0,770,0.8,0.07792207792207792,0
2026-09-24T18:55:31Z,currencyservice,184.0,770,0.8,0.23896103896103896,0
2026-09-24T18:55:31Z,emailservice,20.0,155,0.8,0.12903225806451613,0
2026-09-24T18:55:31Z,adservice,82.0,1150,0.8,0.07130434782608695,0
2026-09-24T18:55:31Z,redis-cart,17.0,540,0.8,0.03148148148148148,0
2026-09-24T18:55:32Z,frontend,359.75,1150,0.8,0.31282608695652175,0
2026-09-24T18:55:32Z,cartservice,122.0,1920,0.95,0.06354166666666666,0
2026-09-24T18:55:32Z,checkoutservice,0.0,615,0.8,0.0,0
2026-09-24T18:55:32Z,productcatalogservice,592.0,1535,0.95,0.3856677524429967,0
2026-09-24T18:55:32Z,paymentservice,0.0,155,0.8,0.0,0
2026-09-24T18:55:32Z,recommendationservice,784.0,1150,0.8,0.6817391304347826,0
2026-09-24T18:55:32Z,shippingservice,54.0,770,0.8,0.07012987012987013,0
2026-09-24T18:55:32Z,currencyservice,198.0,770,0.8,0.2571428571428571,0
2026-09-24T18:55:32Z,emailservice,20.0,155,0.8,0.12903225806451613,0
2026-09-24T18:55:32Z,adservice,112.0,1150,0.8,0.09739130434782609,0
2026-09-24T18:55:32Z,redis-cart,14.0,540,0.8,0.025925925925925925,0
2026-09-24T18:55:33Z,frontend,322.75,1150,0.8,0.2806521739130435,0
2026-09-24T18:55:33Z,cartservice,188.0,1920,0.95,0.09791666666666667,0
2026-09-24T18:55:33Z,checkoutservice,0.0,615,0.8,0.0,0
2026-09-24T18:55:33Z,productcatalogservice,592.0,1535,0.95,0.3856677524429967,0
2026-09-24T18:55:33Z,paymentservice,0.0,155,0.8,0.0,0
2026-09-24T18:55:33Z,recommendationservice,747.0,1150,0.8,0.6495652173913044,0
2026-09-24T18:55:33Z,shippingservice,45.0,770,0.8,0.05844155844155844,0
2026-09-24T18:55:33Z,currencyservice,198.0,770,0.8,0.2571428571428571,0
2026-09-24T18:55:33Z,emailservice,0.0,155,0.8,0.0,0
2026-09-24T18:55:33Z,adservice,112.0,1150,0.8,0.09739130434782609,0
2026-09-24T18:55:33Z,redis-cart,14.0,540,0.8,0.025925925925925925,0
2026-09-24T18:55:34Z,frontend,322.75,1150,0.8,0.2806521739130435,0
2026-09-24T18:55:34Z,cartservice,114.0,1920,0.95,0.059375,0
2026-09-24T18:55:34Z,checkoutservice,0.0,615,0.8,0.0,0
2026-09-24T18:55:34Z,productcatalogservice,550.0,1535,0.95,0.3583061889250814,0
2026-09-24T18:55:34Z,paymentservice,0.0,155,0.8,0.0,0
2026-09-24T18:55:34Z,recommendationservice,874.0,1150,0.8,0.76,0
2026-09-24T18:55:34Z,shippingservice,45.0,770,0.8,0.05844155844155844,0
2026-09-24T18:55:34Z,currencyservice,198.0,770,0.8,0.2571428571428571,0
2026-09-24T18:55:34Z,emailservice,0.0,155,0.8,0.0,0
2026-09-24T18:55:34Z,adservice,79.0,1150,0.8,0.06869565217391305,0
2026-09-24T18:55:34Z,redis-cart,14.0,540,0.8,0.025925925925925925,0
2026-09-24T18:55:35Z,frontend,337.75,1150,0.8,0.293695652173913,0
2026-09-24T18:55:35Z,cartservice,114.0,1920,0.95,0.059375,0
2026-09-24T18:55:35Z,checkoutservice,0.0,615,0.8,0.0,0
2026-09-24T18:55:35Z,productcatalogservice,550.0,1535,0.95,0.3583061889250814,0
2026-09-24T18:55:35Z,paymentservice,0.0,155,0.8,0.0,0
2026-09-24T18:55:35Z,recommendationservice,874.0,1150,0.8,0.76,0
2026-09-24T18:55:35Z,shippingservice,46.0,770,0.8,0.05974025974025974,0
2026-09-24T18:55:35Z,currencyservice,198.0,770,0.8,0.2571428571428571,0
2026-09-24T18:55:35Z,emailservice,0.0,155,0.8,0.0,0
2026-09-24T18:55:35Z,adservice,79.0,1150,0.8,0.06869565217391305,0
2026-09-24T18:55:35Z,redis-cart,16.0,540,0.8,0.02962962962962963,0
2026-09-24T18:55:36Z,frontend,363.25,1150,0.8,0.3158695652173913,0
2026-09-24T18:55:36Z,cartservice,103.0,1920,0.95,0.05364583333333333,0
2026-09-24T18:55:36Z,checkoutservice,0.0,615,0.8,0.0,0
2026-09-24T18:55:36Z,productcatalogservice,547.0,1535,0.95,0.35635179153094465,0
2026-09-24T18:55:36Z,paymentservice,0.0,155,0.8,0.0,0
2026-09-24T18:55:36Z,recommendationservice,808.0,1150,0.8,0.7026086956521739,0
2026-09-24T18:55:36Z,shippingservice,46.0,770,0.8,0.05974025974025974,0
2026-09-24T18:55:36Z,currencyservice,151.0,770,0.8,0.1961038961038961,0
2026-09-24T18:55:36Z,emailservice,35.0,155,0.8,0.22580645161290322,0
2026-09-24T18:55:36Z,adservice,97.0,1150,0.8,0.08434782608695653,0
2026-09-24T18:55:36Z,redis-cart,13.0,540,0.8,0.024074074074074074,0
2026-09-24T18:55:37Z,frontend,363.0,1150,0.8,0.31565217391304345,0
2026-09-24T18:55:37Z,cartservice,182.0,1920,0.95,0.09479166666666666,0
2026-09-24T18:55:37Z,checkoutservice,0.0,615,0.8,0.0,0
2026-09-24T18:55:37Z,productcatalogservice,578.0,1535,0.95,0.37654723127035833,0
2026-09-24T18:55:37Z,paymentservice,0.0,155,0.8,0.0,0
2026-09-24T18:55:37Z,recommendationservice,808.0,1150,0.8,0.7026086956521739,0
2026-09-24T18:55:37Z,shippingservice,62.0,770,0.8,0.08051948051948052,0
2026-09-24T18:55:37Z,currencyservice,191.0,770,0.8,0.24805194805194805,0
2026-09-24T18:55:37Z,emailservice,0.0,155,0.8,0.0,0
2026-09-24T18:55:37Z,adservice,123.0,1150,0.8,0.10695652173913044,0
2026-09-24T18:55:37Z,redis-cart,12.0,540,0.8,0.022222222222222223,0
2026-09-24T18:55:38Z,frontend,320.25,1150,0.8,0.27847826086956523,0
2026-09-24T18:55:38Z,cartservice,182.0,1920,0.95,0.09479166666666666,0
2026-09-24T18:55:38Z,checkoutservice,0.0,615,0.8,0.0,0
2026-09-24T18:55:38Z,productcatalogservice,578.0,1535,0.95,0.37654723127035833,0
2026-09-24T18:55:38Z,paymentservice,20.0,155,0.8,0.12903225806451613,0
2026-09-24T18:55:38Z,recommendationservice,731.0,1150,0.8,0.6356521739130435,0
2026-09-24T18:55:38Z,shippingservice,49.0,770,0.8,0.06363636363636363,0
2026-09-24T18:55:38Z,currencyservice,191.0,770,0.8,0.24805194805194805,0
2026-09-24T18:55:38Z,emailservice,0.0,155,0.8,0.0,0
2026-09-24T18:55:38Z,adservice,123.0,1150,0.8,0.10695652173913044,0
2026-09-24T18:55:38Z,redis-cart,12.0,540,0.8,0.022222222222222223,0
2026-09-24T18:55:39Z,frontend,352.0,1150,0.8,0.3060869565217391,0
2026-09-24T18:55:39Z,cartservice,152.0,1920,0.95,0.07916666666666666,0
2026-09-24T18:55:39Z,checkoutservice,0.0,615,0.8,0.0,0
2026-09-24T18:55:39Z,productcatalogservice,596.0,1535,0.95,0.38827361563517915,0
2026-09-24T18:55:39Z,paymentservice,0.0,155,0.8,0.0,0
2026-09-24T18:55:39Z,recommendationservice,835.0,1150,0.8,0.7260869565217392,0
2026-09-24T18:55:39Z,shippingservice,58.0,770,0.8,0.07532467532467532,0
2026-09-24T18:55:39Z,currencyservice,187.0,770,0.8,0.24285714285714285,0
2026-09-24T18:55:39Z,emailservice,0.0,155,0.8,0.0,0
2026-09-24T18:55:39Z,adservice,86.0,1150,0.8,0.07478260869565218,0
2026-09-24T18:55:39Z,redis-cart,18.0,540,0.8,0.03333333333333333,0
2026-09-24T18:55:40Z,frontend,337.5,1150,0.8,0.29347826086956524,0
2026-09-24T18:55:40Z,cartservice,133.0,1920,0.95,0.06927083333333334,0
2026-09-24T18:55:40Z,checkoutservice,0.0,615,0.8,0.0,0
2026-09-24T18:55:40Z,productcatalogservice,596.0,1535,0.95,0.38827361563517915,0
2026-09-24T18:55:40Z,paymentservice,0.0,155,0.8,0.0,0
2026-09-24T18:55:40Z,recommendationservice,835.0,1150,0.8,0.7260869565217392,0
2026-09-24T18:55:40Z,shippingservice,58.0,770,0.8,0.07532467532467532,0
2026-09-24T18:55:40Z,currencyservice,187.0,770,0.8,0.24285714285714285,0
2026-09-24T18:55:40Z,emailservice,0.0,155,0.8,0.0,0
2026-09-24T18:55:40Z,adservice,86.0,1150,0.8,0.07478260869565218,0
2026-09-24T18:55:40Z,redis-cart,12.0,540,0.8,0.022222222222222223,0
2026-09-24T18:55:41Z,frontend,337.75,1150,0.8,0.293695652173913,0
2026-09-24T18:55:41Z,cartservice,133.0,1920,0.95,0.06927083333333334,0
2026-09-24T18:55:41Z,checkoutservice,0.0,615,0.8,0.0,0
2026-09-24T18:55:41Z,productcatalogservice,547.0,1535,0.95,0.35635179153094465,0
2026-09-24T18:55:41Z,paymentservice,0.0,155,0.8,0.0,0
2026-09-24T18:55:41Z,recommendationservice,838.0,1150,0.8,0.7286956521739131,0
2026-09-24T18:55:41Z,shippingservice,56.0,770,0.8,0.07272727272727272,0
2026-09-24T18:55:41Z,currencyservice,146.0,770,0.8,0.18961038961038962,0
2026-09-24T18:55:41Z,emailservice,19.0,155,0.8,0.12258064516129032,0
2026-09-24T18:55:41Z,adservice,93.0,1150,0.8,0.0808695652173913,0
2026-09-24T18:55:41Z,redis-cart,12.0,540,0.8,0.022222222222222223,0
2026-09-24T18:55:42Z,frontend,350.75,1150,0.8,0.305,0
2026-09-24T18:55:42Z,cartservice,152.0,1920,0.95,0.07916666666666666,0
2026-09-24T18:55:42Z,checkoutservice,0.0,615,0.8,0.0,0
2026-09-24T18:55:42Z,productcatalogservice,547.0,1535,0.95,0.35635179153094465,0
2026-09-24T18:55:42Z,paymentservice,0.0,155,0.8,0.0,0
2026-09-24T18:55:42Z,recommendationservice,822.0,1150,0.8,0.7147826086956521,0
2026-09-24T18:55:42Z,shippingservice,70.0,770,0.8,0.09090909090909091,0
2026-09-24T18:55:42Z,currencyservice,249.0,770,0.8,0.3233766233766234,0
2026-09-24T18:55:42Z,emailservice,0.0,155,0.8,0.0,0
2026-09-24T18:55:42Z,adservice,108.0,1150,0.8,0.09391304347826086,0
2026-09-24T18:55:42Z,redis-cart,16.0,540,0.8,0.02962962962962963,0
2026-09-24T18:55:43Z,frontend,322.0,1150,0.8,0.28,0
2026-09-24T18:55:43Z,cartservice,147.0,1920,0.95,0.0765625,0
2026-09-24T18:55:43Z,checkoutservice,0.0,615,0.8,0.0,0
2026-09-24T18:55:43Z,productcatalogservice,610.0,1535,0.95,0.3973941368078176,0
2026-09-24T18:55:43Z,paymentservice,0.0,155,0.8,0.0,0
2026-09-24T18:55:43Z,recommendationservice,909.0,1150,0.8,0.7904347826086957,0
2026-09-24T18:55:43Z,shippingservice,70.0,770,0.8,0.09090909090909091,0
2026-09-24T18:55:43Z,currencyservice,249.0,770,0.8,0.3233766233766234,0
2026-09-24T18:55:43Z,emailservice,0.0,155,0.8,0.0,0
2026-09-24T18:55:43Z,adservice,94.0,1150,0.8,0.0817391304347826,0
2026-09-24T18:55:43Z,redis-cart,16.0,540,0.8,0.02962962962962963,0
2026-09-24T18:55:44Z,frontend,311.5,1150,0.8,0.2708695652173913,0
2026-09-24T18:55:44Z,cartservice,147.0,1920,0.95,0.0765625,0
2026-09-24T18:55:44Z,checkoutservice,0.0,615,0.8,0.0,0
2026-09-24T18:55:44Z,productcatalogservice,559.0,1535,0.95,0.36416938110749186,0
2026-09-24T18:55:44Z,paymentservice,0.0,155,0.8,0.0,0
2026-09-24T18:55:44Z,recommendationservice,807.0,1150,0.8,0.7017391304347826,0
2026-09-24T18:55:44Z,shippingservice,34.0,770,0.8,0.04415584415584416,0
2026-09-24T18:55:44Z,currencyservice,121.0,770,0.8,0.15714285714285714,0
2026-09-24T18:55:44Z,emailservice,0.0,155,0.8,0.0,0
2026-09-24T18:55:44Z,adservice,94.0,1150,0.8,0.0817391304347826,0
2026-09-24T18:55:44Z,redis-cart,11.0,540,0.8,0.020370370370370372,0
2026-09-24T18:55:45Z,frontend,331.5,1150,0.8,0.2882608695652174,0
2026-09-24T18:55:45Z,cartservice,106.0,1920,0.95,0.05520833333333333,0
2026-09-24T18:55:45Z,checkoutservice,0.0,615,0.8,0.0,0
2026-09-24T18:55:45Z,productcatalogservice,559.0,1535,0.95,0.36416938110749186,0
2026-09-24T18:55:45Z,paymentservice,0.0,155,0.8,0.0,0
2026-09-24T18:55:45Z,recommendationservice,807.0,1150,0.8,0.7017391304347826,0
2026-09-24T18:55:45Z,shippingservice,64.0,770,0.8,0.08311688311688312,0
2026-09-24T18:55:45Z,currencyservice,206.0,770,0.8,0.2675324675324675,0
2026-09-24T18:55:45Z,emailservice,18.0,155,0.8,0.11612903225806452,0
2026-09-24T18:55:45Z,adservice,70.0,1150,0.8,0.06086956521739131,0
2026-09-24T18:55:45Z,redis-cart,18.0,540,0.8,0.03333333333333333,0
2026-09-24T18:55:46Z,frontend,338.75,1150,0.8,0.29456521739130437,0
2026-09-24T18:55:46Z,cartservice,215.0,1920,0.95,0.11197916666666667,0
2026-09-24T18:55:46Z,checkoutservice,0.0,615,0.8,0.0,0
2026-09-24T18:55:46Z,productcatalogservice,532.0,1535,0.95,0.3465798045602606,0
2026-09-24T18:55:46Z,paymentservice,0.0,155,0.8,0.0,0
2026-09-24T18:55:46Z,recommendationservice,690.0,1150,0.8,0.6,0
2026-09-24T18:55:46Z,shippingservice,64.0,770,0.8,0.08311688311688312,0
2026-09-24T18:55:46Z,currencyservice,206.0,770,0.8,0.2675324675324675,0
2026-09-24T18:55:46Z,emailservice,18.0,155,0.8,0.11612903225806452,0
2026-09-24T18:55:46Z,adservice,70.0,1150,0.8,0.06086956521739131,0
2026-09-24T18:55:46Z,redis-cart,18.0,540,0.8,0.03333333333333333,0
2026-09-24T18:55:47Z,frontend,332.0,1150,0.8,0.288695652173913,0
2026-09-24T18:55:47Z,cartservice,215.0,1920,0.95,0.11197916666666667,0
2026-09-24T18:55:47Z,checkoutservice,0.0,615,0.8,0.0,0
2026-09-24T18:55:47Z,productcatalogservice,532.0,1535,0.95,0.3465798045602606,0
2026-09-24T18:55:47Z,paymentservice,0.0,155,0.8,0.0,0
2026-09-24T18:55:47Z,recommendationservice,865.0,1150,0.8,0.7521739130434782,0
2026-09-24T18:55:47Z,shippingservice,41.0,770,0.8,0.053246753246753244,0
2026-09-24T18:55:47Z,currencyservice,164.0,770,0.8,0.21298701298701297,0
2026-09-24T18:55:47Z,emailservice,0.0,155,0.8,0.0,0
2026-09-24T18:55:47Z,adservice,107.0,1150,0.8,0.09304347826086956,0
2026-09-24T18:55:47Z,redis-cart,9.0,540,0.8,0.016666666666666666,0
2026-09-24T18:55:48Z,frontend,320.0,1150,0.8,0.2782608695652174,0
2026-09-24T18:55:48Z,cartservice,145.0,1920,0.95,0.07552083333333333,0
2026-09-24T18:55:48Z,checkoutservice,0.0,615,0.8,0.0,0
2026-09-24T18:55:48Z,productcatalogservice,567.0,1535,0.95,0.36938110749185665,0
2026-09-24T18:55:48Z,paymentservice,16.0,155,0.8,0.1032258064516129,0
2026-09-24T18:55:48Z,recommendationservice,865.0,1150,0.8,0.7521739130434782,0
2026-09-24T18:55:48Z,shippingservice,75.0,770,0.8,0.09740259740259741,0
2026-09-24T18:55:48Z,currencyservice,229.0,770,0.8,0.2974025974025974,0
2026-09-24T18:55:48Z,emailservice,0.0,155,0.8,0.0,0
2026-09-24T18:55:48Z,adservice,107.0,1150,0.8,0.09304347826086956,0
2026-09-24T18:55:48Z,redis-cart,9.0,540,0.8,0.016666666666666666,0
2026-09-24T18:55:49Z,frontend,344.25,1150,0.8,0.29934782608695654,0
2026-09-24T18:55:49Z,cartservice,119.0,1920,0.95,0.06197916666666667,0
2026-09-24T18:55:49Z,checkoutservice,0.0,615,0.8,0.0,0
2026-09-24T18:55:49Z,productcatalogservice,555.0,1535,0.95,0.36156351791530944,0
2026-09-24T18:55:49Z,paymentservice,16.0,155,0.8,0.1032258064516129,0
2026-09-24T18:55:49Z,recommendationservice,838.0,1150,0.8,0.7286956521739131,0
2026-09-24T18:55:49Z,shippingservice,75.0,770,0.8,0.09740259740259741,0
2026-09-24T18:55:49Z,currencyservice,202.0,770,0.8,0.2623376623376623,0
2026-09-24T18:55:49Z,emailservice,0.0,155,0.8,0.0,0
2026-09-24T18:55:49Z,adservice,97.0,1150,0.8,0.08434782608695653,0
2026-09-24T18:55:49Z,redis-cart,14.0,540,0.8,0.025925925925925925,0
2026-09-24T18:55:50Z,frontend,333.25,1150,0.8,0.2897826086956522,0
2026-09-24T18:55:50Z,cartservice,119.0,1920,0.95,0.06197916666666667,0
2026-09-24T18:55:50Z,checkoutservice,0.0,615,0.8,0.0,0
2026-09-24T18:55:50Z,productcatalogservice,555.0,1535,0.95,0.36156351791530944,0
2026-09-24T18:55:50Z,paymentservice,0.0,155,0.8,0.0,0
2026-09-24T18:55:50Z,recommendationservice,838.0,1150,0.8,0.7286956521739131,0
2026-09-24T18:55:50Z,shippingservice,35.0,770,0.8,0.045454545454545456,0
2026-09-24T18:55:50Z,currencyservice,202.0,770,0.8,0.2623376623376623,0
2026-09-24T18:55:50Z,emailservice,0.0,155,0.8,0.0,0
2026-09-24T18:55:50Z,adservice,86.0,1150,0.8,0.07478260869565218,0
2026-09-24T18:55:50Z,redis-cart,17.0,540,0.8,0.03148148148148148,0
2026-09-24T18:55:51Z,frontend,314.75,1150,0.8,0.27369565217391306,0
2026-09-24T18:55:51Z,cartservice,184.0,1920,0.95,0.09583333333333334,0
2026-09-24T18:55:51Z,checkoutservice,0.0,615,0.8,0.0,0
2026-09-24T18:55:51Z,productcatalogservice,605.0,1535,0.95,0.3941368078175896,0
2026-09-24T18:55:51Z,paymentservice,0.0,155,0.8,0.0,0
2026-09-24T18:55:51Z,recommendationservice,799.0,1150,0.8,0.6947826086956522,0
2026-09-24T18:55:51Z,shippingservice,86.0,770,0.8,0.11168831168831168,0
2026-09-24T18:55:51Z,currencyservice,131.0,770,0.8,0.17012987012987013,0
2026-09-24T18:55:51Z,emailservice,23.0,155,0.8,0.14838709677419354,0
2026-09-24T18:55:51Z,adservice,86.0,1150,0.8,0.07478260869565218,0
2026-09-24T18:55:51Z,redis-cart,17.0,540,0.8,0.03148148148148148,0
2026-09-24T18:55:52Z,frontend,372.25,1150,0.8,0.32369565217391305,0
2026-09-24T18:55:52Z,cartservice,129.0,1920,0.95,0.0671875,0
2026-09-24T18:55:52Z,checkoutservice,0.0,615,0.8,0.0,0
2026-09-24T18:55:52Z,productcatalogservice,592.0,1535,0.95,0.3856677524429967,0
2026-09-24T18:55:52Z,paymentservice,0.0,155,0.8,0.0,0
2026-09-24T18:55:52Z,recommendationservice,807.0,1150,0.8,0.7017391304347826,0
2026-09-24T18:55:52Z,shippingservice,43.0,770,0.8,0.05584415584415584,0
2026-09-24T18:55:52Z,currencyservice,131.0,770,0.8,0.17012987012987013,0
2026-09-24T18:55:52Z,emailservice,0.0,155,0.8,0.0,0
2026-09-24T18:55:52Z,adservice,136.0,1150,0.8,0.11826086956521739,0
2026-09-24T18:55:52Z,redis-cart,10.0,540,0.8,0.018518518518518517,0
2026-09-24T18:55:53Z,frontend,317.5,1150,0.8,0.27608695652173915,0
2026-09-24T18:55:53Z,cartservice,129.0,1920,0.95,0.0671875,0
2026-09-24T18:55:53Z,checkoutservice,0.0,615,0.8,0.0,0
2026-09-24T18:55:53Z,productcatalogservice,583.0,1535,0.95,0.37980456026058634,0
2026-09-24T18:55:53Z,paymentservice,0.0,155,0.8,0.0,0
2026-09-24T18:55:53Z,recommendationservice,866.0,1150,0.8,0.7530434782608696,0
2026-09-24T18:55:53Z,shippingservice,43.0,770,0.8,0.05584415584415584,0
2026-09-24T18:55:53Z,currencyservice,187.0,770,0.8,0.24285714285714285,0
2026-09-24T18:55:53Z,emailservice,0.0,155,0.8,0.0,0
2026-09-24T18:55:53Z,adservice,93.0,1150,0.8,0.0808695652173913,0
2026-09-24T18:55:53Z,redis-cart,15.0,540,0.8,0.027777777777777776,0
2026-09-24T18:55:54Z,frontend,327.0,1150,0.8,0.2843478260869565,0
2026-09-24T18:55:54Z,cartservice,164.0,1920,0.95,0.08541666666666667,0
2026-09-24T18:55:54Z,checkoutservice,0.0,615,0.8,0.0,0
2026-09-24T18:55:54Z,productcatalogservice,583.0,1535,0.95,0.37980456026058634,0
2026-09-24T18:55:54Z,paymentservice,0.0,155,0.8,0.0,0
2026-09-24T18:55:54Z,recommendationservice,866.0,1150,0.8,0.7530434782608696,0
2026-09-24T18:55:54Z,shippingservice,42.0,770,0.8,0.05454545454545454,0
2026-09-24T18:55:54Z,currencyservice,187.0,770,0.8,0.24285714285714285,0
2026-09-24T18:55:54Z,emailservice,0.0,155,0.8,0.0,0
2026-09-24T18:55:54Z,adservice,93.0,1150,0.8,0.0808695652173913,0
2026-09-24T18:55:54Z,redis-cart,19.0,540,0.8,0.03518518518518519,0
2026-09-24T18:55:55Z,frontend,356.75,1150,0.8,0.31021739130434783,0
2026-09-24T18:55:55Z,cartservice,164.0,1920,0.95,0.08541666666666667,0
2026-09-24T18:55:55Z,checkoutservice,0.0,615,0.8,0.0,0
2026-09-24T18:55:55Z,productcatalogservice,548.0,1535,0.95,0.35700325732899024,0
2026-09-24T18:55:55Z,paymentservice,0.0,155,0.8,0.0,0
2026-09-24T18:55:55Z,recommendationservice,752.0,1150,0.8,0.6539130434782608,0
2026-09-24T18:55:55Z,shippingservice,64.0,770,0.8,0.08311688311688312,0
2026-09-24T18:55:55Z,currencyservice,201.0,770,0.8,0.261038961038961,0
2026-09-24T18:55:55Z,emailservice,34.0,155,0.8,0.21935483870967742,0
2026-09-24T18:55:55Z,adservice,92.0,1150,0.8,0.08,0
2026-09-24T18:55:55Z,redis-cart,14.0,540,0.8,0.025925925925925925,0
2026-09-24T18:55:56Z,frontend,313.0,1150,0.8,0.27217391304347827,0
2026-09-24T18:55:56Z,cartservice,126.0,1920,0.95,0.065625,0
2026-09-24T18:55:56Z,checkoutservice,0.0,615,0.8,0.0,0
2026-09-24T18:55:56Z,productcatalogservice,548.0,1535,0.95,0.35700325732899024,0
2026-09-24T18:55:56Z,paymentservice,0.0,155,0.8,0.0,0
2026-09-24T18:55:56Z,recommendationservice,822.0,1150,0.8,0.7147826086956521,0
2026-09-24T18:55:56Z,shippingservice,56.0,770,0.8,0.07272727272727272,0
2026-09-24T18:55:56Z,currencyservice,216.0,770,0.8,0.2805194805194805,0
2026-09-24T18:55:56Z,emailservice,34.0,155,0.8,0.21935483870967742,0
2026-09-24T18:55:56Z,adservice,96.0,1150,0.8,0.08347826086956522,0
2026-09-24T18:55:56Z,redis-cart,11.0,540,0.8,0.020370370370370372,0
2026-09-24T18:55:57Z,frontend,323.5,1150,0.8,0.28130434782608693,0
2026-09-24T18:55:57Z,cartservice,158.0,1920,0.95,0.08229166666666667,0
2026-09-24T18:55:57Z,checkoutservice,0.0,615,0.8,0.0,0
2026-09-24T18:55:57Z,productcatalogservice,571.0,1535,0.95,0.3719869706840391,0
2026-09-24T18:55:57Z,paymentservice,0.0,155,0.8,0.0,0
2026-09-24T18:55:57Z,recommendationservice,805.0,1150,0.8,0.7,0
2026-09-24T18:55:57Z,shippingservice,56.0,770,0.8,0.07272727272727272,0
2026-09-24T18:55:57Z,currencyservice,193.0,770,0.8,0.2506493506493506,0
2026-09-24T18:55:57Z,emailservice,0.0,155,0.8,0.0,0
2026-09-24T18:55:57Z,adservice,96.0,1150,0.8,0.08347826086956522,0
2026-09-24T18:55:57Z,redis-cart,11.0,540,0.8,0.020370370370370372,0
2026-09-24T18:55:58Z,frontend,346.75,1150,0.8,0.3015217391304348,0
2026-09-24T18:55:58Z,cartservice,132.0,1920,0.95,0.06875,0
2026-09-24T18:55:58Z,checkoutservice,0.0,615,0.8,0.0,0
2026-09-24T18:55:58Z,productcatalogservice,571.0,1535,0.95,0.3719869706840391,0
2026-09-24T18:55:58Z,paymentservice,0.0,155,0.8,0.0,0
2026-09-24T18:55:58Z,recommendationservice,805.0,1150,0.8,0.7,0
2026-09-24T18:55:58Z,shippingservice,40.0,770,0.8,0.05194805194805195,0
2026-09-24T18:55:58Z,currencyservice,193.0,770,0.8,0.2506493506493506,0
2026-09-24T18:55:58Z,emailservice,0.0,155,0.8,0.0,0
2026-09-24T18:55:58Z,adservice,81.0,1150,0.8,0.07043478260869565,0
2026-09-24T18:55:58Z,redis-cart,17.0,540,0.8,0.03148148148148148,0
2026-09-24T18:55:59Z,frontend,360.25,1150,0.8,0.31326086956521737,0
2026-09-24T18:55:59Z,cartservice,132.0,1920,0.95,0.06875,0
2026-09-24T18:55:59Z,checkoutservice,0.0,615,0.8,0.0,0
2026-09-24T18:55:59Z,productcatalogservice,576.0,1535,0.95,0.3752442996742671,0
2026-09-24T18:55:59Z,paymentservice,21.0,155,0.8,0.13548387096774195,0
2026-09-24T18:55:59Z,recommendationservice,852.0,1150,0.8,0.7408695652173913,0
2026-09-24T18:55:59Z,shippingservice,72.0,770,0.8,0.09350649350649351,0
2026-09-24T18:55:59Z,currencyservice,166.0,770,0.8,0.21558441558441557,0
2026-09-24T18:55:59Z,emailservice,0.0,155,0.8,0.0,0
2026-09-24T18:55:59Z,adservice,81.0,1150,0.8,0.07043478260869565,0
2026-09-24T18:55:59Z,redis-cart,12.0,540,0.8,0.022222222222222223,0
2026-09-24T18:56:00Z,frontend,346.25,1150,0.8,0.3010869565217391,0
2026-09-24T18:56:00Z,cartservice,94.0,1920,0.95,0.04895833333333333,0
2026-09-24T18:56:00Z,checkoutservice,0.0,615,0.8,0.0,0
2026-09-24T18:56:00Z,productcatalogservice,576.0,1535,0.95,0.3752442996742671,0
2026-09-24T18:56:00Z,paymentservice,0.0,155,0.8,0.0,0
2026-09-24T18:56:00Z,recommendationservice,852.0,1150,0.8,0.7408695652173913,0
2026-09-24T18:56:00Z,shippingservice,72.0,770,0.8,0.09350649350649351,0
2026-09-24T18:56:00Z,currencyservice,208.0,770,0.8,0.2701298701298701,0
2026-09-24T18:56:00Z,emailservice,0.0,155,0.8,0.0,0
2026-09-24T18:56:00Z,adservice,99.0,1150,0.8,0.08608695652173913,0
2026-09-24T18:56:00Z,redis-cart,12.0,540,0.8,0.022222222222222223,0
2026-09-24T18:56:01Z,frontend,280.75,1150,0.8,0.2441304347826087,0
2026-09-24T18:56:01Z,cartservice,94.0,1920,0.95,0.04895833333333333,0
2026-09-24T18:56:01Z,checkoutservice,0.0,615,0.8,0.0,0
2026-09-24T18:56:01Z,productcatalogservice,558.0,1535,0.95,0.36351791530944627,0
2026-09-24T18:56:01Z,paymentservice,0.0,155,0.8,0.0,0
2026-09-24T18:56:01Z,recommendationservice,549.0,1150,0.8,0.47739130434782606,0
2026-09-24T18:56:01Z,shippingservice,58.0,770,0.8,0.07532467532467532,0
2026-09-24T18:56:01Z,currencyservice,91.0,770,0.8,0.11818181818181818,0
2026-09-24T18:56:01Z,emailservice,17.0,155,0.8,0.10967741935483871,0
2026-09-24T18:56:01Z,adservice,84.0,1150,0.8,0.07304347826086957,0
2026-09-24T18:56:01Z,redis-cart,14.0,540,0.8,0.025925925925925925,0
2026-09-24T18:56:02Z,frontend,94.0,1150,0.8,0.0817391304347826,0
2026-09-24T18:56:02Z,cartservice,100.0,1920,0.95,0.052083333333333336,0
2026-09-24T18:56:02Z,checkoutservice,0.0,615,0.8,0.0,0
2026-09-24T18:56:02Z,productcatalogservice,0.0,1535,0.95,0.0,0
2026-09-24T18:56:02Z,paymentservice,0.0,155,0.8,0.0,0
2026-09-24T18:56:02Z,recommendationservice,549.0,1150,0.8,0.47739130434782606,0
2026-09-24T18:56:02Z,shippingservice,0.0,770,0.8,0.0,0
2026-09-24T18:56:02Z,currencyservice,91.0,770,0.8,0.11818181818181818,0
2026-09-24T18:56:02Z,emailservice,17.0,155,0.8,0.10967741935483871,0
2026-09-24T18:56:02Z,adservice,84.0,1150,0.8,0.07304347826086957,0
2026-09-24T18:56:02Z,redis-cart,8.0,540,0.8,0.014814814814814815,0
